{"data": [{"location": {"country_code": "us"}, "game_id": "273486", "values": [{"date": "2023-12-25-03-00-00", "latency": "3"}, {"date": "2023-12-26-01-00-00", "latency": "77"}, {"date": "2023-12-26-01-00-00", "latency": "77"}, {"date": "2023-12-26-01-00-00", "latency": "77"}, {"date": "2023-12-26-01-00-00", "latency": "77"}, {"date": "2023-12-26-01-00-00", "latency": "77"}, {"date": "2023-12-26-01-00-00", "latency": "77"}, {"date": "2023-12-26-01-00-00", "latency": "77"}, {"date": "2023-12-26-01-00-00", "latency": "77"}, {"date": "2023-12-26-01-00-00", "latency": "77"}, {"date": "2023-12-26-01-00-00", "latency": "77"}, {"date": "2023-12-26-01-00-00", "latency": "77"}, {"date": "2023-12-26-01-00-00", "latency": "77"}]}, {"location": {"country_code": "ph"}, "game_id": "273486", "values": [{"date": "2023-12-25-07-00-00", "latency": "74"}, {"date": "2023-12-25-07-00-00", "latency": "74"}, {"date": "2023-12-25-07-00-00", "latency": "74"}, {"date": "2023-12-25-07-00-00", "latency": "74"}, {"date": "2023-12-25-07-00-00", "latency": "74"}, {"date": "2023-12-25-07-00-00", "latency": "74"}, {"date": "2023-12-25-07-00-00", "latency": "74"}, {"date": "2023-12-25-07-00-00", "latency": "74"}, {"date": "2023-12-25-07-00-00", "latency": "74"}]}, {"location": {"country_code": "ca", "region": "Ontario", "city": "London"}, "game_id": "273486", "values": [{"date": "2023-12-25-09-00-00", "latency": "8"}, {"date": "2023-12-25-09-00-00", "latency": "8"}, {"date": "2023-12-25-09-00-00", "latency": "8"}, {"date": "2023-12-25-09-00-00", "latency": "8"}, {"date": "2023-12-25-09-00-00", "latency": "8"}, {"date": "2023-12-25-09-00-00", "latency": "8"}, {"date": "2023-12-25-09-00-00", "latency": "8"}, {"date": "2023-12-25-09-00-00", "latency": "8"}, {"date": "2023-12-25-09-00-00", "latency": "8"}, {"date": "2023-12-25-09-00-00", "latency": "8"}, {"date": "2023-12-25-09-00-00", "latency": "8"}, {"date": "2023-12-25-09-00-00", "latency": "8"}, {"date": "2023-12-25-09-00-00", "latency": "8"}, {"date": "2023-12-25-09-00-00", "latency": "8"}, {"date": "2023-12-25-09-00-00", "latency": "8"}, {"date": "2023-12-25-09-00-00", "latency": "8"}, {"date": "2023-12-25-09-00-00", "latency": "8"}, {"date": "2023-12-25-09-00-00", "latency": "8"}, {"date": "2023-12-25-09-00-00", "latency": "8"}, {"date": "2023-12-25-09-00-00", "latency": "8"}, {"date": "2023-12-25-09-00-00", "latency": "8"}, {"date": "2023-12-25-09-00-00", "latency": "8"}, {"date": "2023-12-25-09-00-00", "latency": "8"}, {"date": "2023-12-25-09-00-00", "latency": "8"}, {"date": "2023-12-25-09-00-00", "latency": "8"}, {"date": "2023-12-25-09-00-00", "latency": "8"}, {"date": "2023-12-25-09-00-00", "latency": "8"}, {"date": "2023-12-25-09-00-00", "latency": "8"}, {"date": "2023-12-25-09-00-00", "latency": "8"}, {"date": "2023-12-25-09-00-00", "latency": "8"}, {"date": "2023-12-25-09-00-00", "latency": "8"}, {"date": "2023-12-25-09-00-00", "latency": "8"}, {"date": "2023-12-25-09-00-00", "latency": "8"}]}], "last_updated": 1719915094.682632}