{"data": [{"location": {"country_code": "us"}, "game_id": "461764", "values": [{"date": "2023-12-22-00-00-00", "latency": 60}, {"date": "2023-12-22-00-00-00", "latency": 60}]}, {"location": {"country_code": "jp"}, "game_id": "461764", "values": [{"date": "2023-12-21-17-00-00", "latency": 80}, {"date": "2023-12-21-17-00-00", "latency": 80}, {"date": "2023-12-21-17-00-00", "latency": 80}, {"date": "2023-12-21-17-00-00", "latency": 80}, {"date": "2023-12-21-17-00-00", "latency": 80}]}, {"location": {"country_code": "ca"}, "game_id": "461764", "values": [{"date": "2023-12-21-10-00-00", "latency": 85}]}, {"location": {"country_code": "de"}, "game_id": "461764", "values": [{"date": "2023-12-21-22-00-00", "latency": 944}]}, {"location": {"country_code": "gb", "region": "England"}, "game_id": "461764", "values": [{"date": "2023-12-22-00-00-00", "latency": 80}, {"date": "2023-12-22-00-00-00", "latency": 80}]}, {"location": {"country_code": "pl"}, "game_id": "461764", "values": [{"date": "2023-12-21-21-00-00", "latency": 81}]}, {"location": {"country_code": "bg"}, "game_id": "461764", "values": [{"date": "2023-12-21-23-00-00", "latency": 84}]}, {"location": {"country_code": "be", "region": "Antwerp Province", "city": "Mechelen"}, "game_id": "461764", "values": [{"date": "2023-12-22-01-00-00", "latency": 107}, {"date": "2023-12-22-01-00-00", "latency": 107}, {"date": "2023-12-22-01-00-00", "latency": 107}, {"date": "2023-12-22-01-00-00", "latency": 107}]}], "last_updated": 1719927615.365326}