{"data": [{"location": {"country_code": "us"}, "game_id": "116088", "values": [{"date": "2024-03-13-04-00-00", "latency": 10}, {"date": "2024-03-13-04-00-00", "latency": 10}, {"date": "2024-03-13-04-00-00", "latency": 10}, {"date": "2024-03-13-04-00-00", "latency": 10}, {"date": "2024-03-13-04-00-00", "latency": 10}]}, {"location": {"country_code": "us", "region": "New York", "city": "Jamestown"}, "game_id": "116088", "values": [{"date": "2024-03-13-20-00-00", "latency": 62}, {"date": "2024-03-13-20-00-00", "latency": 62}, {"date": "2024-03-13-20-00-00", "latency": 62}, {"date": "2024-03-13-20-00-00", "latency": 62}, {"date": "2024-03-13-20-00-00", "latency": 62}]}, {"location": {"country_code": "be"}, "game_id": "116088", "values": [{"date": "2024-03-13-14-00-00", "latency": 77}, {"date": "2024-03-13-14-00-00", "latency": 77}, {"date": "2024-03-13-14-00-00", "latency": 77}, {"date": "2024-03-13-14-00-00", "latency": 77}, {"date": "2024-03-13-14-00-00", "latency": 77}, {"date": "2024-03-13-14-00-00", "latency": 77}, {"date": "2024-03-13-14-00-00", "latency": 77}, {"date": "2024-03-13-14-00-00", "latency": 77}, {"date": "2024-03-13-14-00-00", "latency": 77}, {"date": "2024-03-13-14-00-00", "latency": 77}, {"date": "2024-03-13-14-00-00", "latency": 77}, {"date": "2024-03-13-14-00-00", "latency": 77}, {"date": "2024-03-13-14-00-00", "latency": 77}, {"date": "2024-03-13-14-00-00", "latency": 77}, {"date": "2024-03-13-14-00-00", "latency": 77}, {"date": "2024-03-13-14-00-00", "latency": 77}, {"date": "2024-03-13-14-00-00", "latency": 77}, {"date": "2024-03-13-14-00-00", "latency": 77}, {"date": "2024-03-13-14-00-00", "latency": 77}, {"date": "2024-03-13-14-00-00", "latency": 77}, {"date": "2024-03-13-14-00-00", "latency": 77}, {"date": "2024-03-13-14-00-00", "latency": 77}, {"date": "2024-03-13-14-00-00", "latency": 77}, {"date": "2024-03-13-14-00-00", "latency": 77}, {"date": "2024-03-13-14-00-00", "latency": 77}, {"date": "2024-03-13-14-00-00", "latency": 77}, {"date": "2024-03-13-14-00-00", "latency": 77}, {"date": "2024-03-13-14-00-00", "latency": 77}, {"date": "2024-03-13-14-00-00", "latency": 77}, {"date": "2024-03-13-14-00-00", "latency": 77}, {"date": "2024-03-13-14-00-00", "latency": 77}, {"date": "2024-03-13-14-00-00", "latency": 77}, {"date": "2024-03-13-14-00-00", "latency": 77}, {"date": "2024-03-13-14-00-00", "latency": 77}, {"date": "2024-03-13-14-00-00", "latency": 77}, {"date": "2024-03-13-14-00-00", "latency": 77}, {"date": "2024-03-13-14-00-00", "latency": 77}, {"date": "2024-03-13-14-00-00", "latency": 77}, {"date": "2024-03-13-14-00-00", "latency": 77}, {"date": "2024-03-13-14-00-00", "latency": 77}, {"date": "2024-03-13-18-00-00", "latency": 56}, {"date": "2024-03-13-18-00-00", "latency": 56}, {"date": "2024-03-13-18-00-00", "latency": 56}, {"date": "2024-03-13-18-00-00", "latency": 56}, {"date": "2024-03-13-18-00-00", "latency": 56}, {"date": "2024-03-13-18-00-00", "latency": 56}, {"date": "2024-03-13-18-00-00", "latency": 56}]}, {"location": {"country_code": "th"}, "game_id": "116088", "values": [{"date": "2024-03-13-20-00-00", "latency": 38}, {"date": "2024-03-13-20-00-00", "latency": 38}, {"date": "2024-03-13-20-00-00", "latency": 38}, {"date": "2024-03-13-20-00-00", "latency": 38}, {"date": "2024-03-13-20-00-00", "latency": 38}, {"date": "2024-03-13-20-00-00", "latency": 38}, {"date": "2024-03-13-20-00-00", "latency": 38}, {"date": "2024-03-13-20-00-00", "latency": 38}, {"date": "2024-03-13-20-00-00", "latency": 38}, {"date": "2024-03-13-20-00-00", "latency": 38}, {"date": "2024-03-13-20-00-00", "latency": 38}, {"date": "2024-03-13-20-00-00", "latency": 38}, {"date": "2024-03-13-20-00-00", "latency": 38}, {"date": "2024-03-13-20-00-00", "latency": 38}, {"date": "2024-03-13-20-00-00", "latency": 38}, {"date": "2024-03-13-14-00-00", "latency": 30}, {"date": "2024-03-13-14-00-00", "latency": 30}, {"date": "2024-03-13-14-00-00", "latency": 30}, {"date": "2024-03-13-14-00-00", "latency": 30}, {"date": "2024-03-13-14-00-00", "latency": 30}, {"date": "2024-03-13-14-00-00", "latency": 30}, {"date": "2024-03-13-14-00-00", "latency": 30}, {"date": "2024-03-13-14-00-00", "latency": 30}, {"date": "2024-03-13-14-00-00", "latency": 30}, {"date": "2024-03-13-14-00-00", "latency": 30}, {"date": "2024-03-13-14-00-00", "latency": 30}, {"date": "2024-03-13-14-00-00", "latency": 30}, {"date": "2024-03-13-14-00-00", "latency": 30}, {"date": "2024-03-13-14-00-00", "latency": 30}, {"date": "2024-03-13-14-00-00", "latency": 30}, {"date": "2024-03-13-14-00-00", "latency": 30}, {"date": "2024-03-13-14-00-00", "latency": 30}, {"date": "2024-03-13-14-00-00", "latency": 30}, {"date": "2024-03-13-14-00-00", "latency": 30}, {"date": "2024-03-13-14-00-00", "latency": 30}, {"date": "2024-03-13-14-00-00", "latency": 30}, {"date": "2024-03-13-14-00-00", "latency": 30}, {"date": "2024-03-13-14-00-00", "latency": 30}, {"date": "2024-03-13-14-00-00", "latency": 30}, {"date": "2024-03-13-14-00-00", "latency": 30}, {"date": "2024-03-13-14-00-00", "latency": 30}, {"date": "2024-03-13-14-00-00", "latency": 30}, {"date": "2024-03-13-14-00-00", "latency": 30}, {"date": "2024-03-13-14-00-00", "latency": 30}, {"date": "2024-03-13-14-00-00", "latency": 30}, {"date": "2024-03-13-14-00-00", "latency": 30}, {"date": "2024-03-13-14-00-00", "latency": 30}, {"date": "2024-03-13-14-00-00", "latency": 30}, {"date": "2024-03-13-14-00-00", "latency": 30}, {"date": "2024-03-13-14-00-00", "latency": 30}, {"date": "2024-03-13-14-00-00", "latency": 30}, {"date": "2024-03-13-14-00-00", "latency": 30}, {"date": "2024-03-13-03-00-00", "latency": 42}, {"date": "2024-03-13-03-00-00", "latency": 42}, {"date": "2024-03-13-03-00-00", "latency": 42}, {"date": "2024-03-13-03-00-00", "latency": 42}, {"date": "2024-03-13-03-00-00", "latency": 42}, {"date": "2024-03-13-03-00-00", "latency": 42}, {"date": "2024-03-13-18-00-00", "latency": 28}, {"date": "2024-03-13-18-00-00", "latency": 28}]}, {"location": {"country_code": "it"}, "game_id": "116088", "values": [{"date": "2024-03-13-03-00-00", "latency": 24}, {"date": "2024-03-13-03-00-00", "latency": 24}, {"date": "2024-03-13-03-00-00", "latency": 24}, {"date": "2024-03-13-03-00-00", "latency": 24}, {"date": "2024-03-13-03-00-00", "latency": 24}, {"date": "2024-03-13-03-00-00", "latency": 24}, {"date": "2024-03-13-03-00-00", "latency": 24}, {"date": "2024-03-13-03-00-00", "latency": 24}, {"date": "2024-03-13-03-00-00", "latency": 24}]}, {"location": {"country_code": "ca"}, "game_id": "116088", "values": [{"date": "2024-03-13-22-00-00", "latency": 56}, {"date": "2024-03-13-22-00-00", "latency": 56}, {"date": "2024-03-13-10-00-00", "latency": 112}, {"date": "2024-03-13-10-00-00", "latency": 112}, {"date": "2024-03-13-10-00-00", "latency": 112}, {"date": "2024-03-13-10-00-00", "latency": 112}, {"date": "2024-03-13-10-00-00", "latency": 112}, {"date": "2024-03-13-10-00-00", "latency": 112}, {"date": "2024-03-13-10-00-00", "latency": 112}, {"date": "2024-03-13-10-00-00", "latency": 112}, {"date": "2024-03-13-10-00-00", "latency": 112}, {"date": "2024-03-13-10-00-00", "latency": 112}, {"date": "2024-03-13-10-00-00", "latency": 112}, {"date": "2024-03-13-10-00-00", "latency": 112}, {"date": "2024-03-13-10-00-00", "latency": 112}, {"date": "2024-03-13-10-00-00", "latency": 112}, {"date": "2024-03-13-10-00-00", "latency": 112}, {"date": "2024-03-13-10-00-00", "latency": 112}, {"date": "2024-03-13-10-00-00", "latency": 112}, {"date": "2024-03-13-10-00-00", "latency": 112}, {"date": "2024-03-13-10-00-00", "latency": 112}, {"date": "2024-03-13-10-00-00", "latency": 112}, {"date": "2024-03-13-10-00-00", "latency": 112}, {"date": "2024-03-13-10-00-00", "latency": 112}, {"date": "2024-03-13-10-00-00", "latency": 112}, {"date": "2024-03-13-10-00-00", "latency": 112}, {"date": "2024-03-13-10-00-00", "latency": 112}, {"date": "2024-03-13-10-00-00", "latency": 112}, {"date": "2024-03-13-10-00-00", "latency": 112}, {"date": "2024-03-13-10-00-00", "latency": 112}, {"date": "2024-03-13-10-00-00", "latency": 112}, {"date": "2024-03-13-10-00-00", "latency": 112}, {"date": "2024-03-13-10-00-00", "latency": 112}, {"date": "2024-03-13-10-00-00", "latency": 112}, {"date": "2024-03-13-10-00-00", "latency": 112}, {"date": "2024-03-13-10-00-00", "latency": 112}, {"date": "2024-03-13-10-00-00", "latency": 112}]}, {"location": {"country_code": "de"}, "game_id": "116088", "values": [{"date": "2024-03-13-12-00-00", "latency": 95}, {"date": "2024-03-13-12-00-00", "latency": 95}, {"date": "2024-03-13-12-00-00", "latency": 95}, {"date": "2024-03-13-12-00-00", "latency": 95}, {"date": "2024-03-13-12-00-00", "latency": 95}, {"date": "2024-03-13-12-00-00", "latency": 95}, {"date": "2024-03-13-12-00-00", "latency": 95}, {"date": "2024-03-13-12-00-00", "latency": 95}, {"date": "2024-03-13-12-00-00", "latency": 95}, {"date": "2024-03-13-12-00-00", "latency": 95}]}, {"location": {"country_code": "ph"}, "game_id": "116088", "values": [{"date": "2024-03-14-01-00-00", "latency": 30}, {"date": "2024-03-14-01-00-00", "latency": 30}, {"date": "2024-03-14-01-00-00", "latency": 30}, {"date": "2024-03-14-01-00-00", "latency": 30}, {"date": "2024-03-13-08-00-00", "latency": 29}, {"date": "2024-03-13-08-00-00", "latency": 29}, {"date": "2024-03-13-14-00-00", "latency": 59}, {"date": "2024-03-13-14-00-00", "latency": 59}, {"date": "2024-03-13-14-00-00", "latency": 59}, {"date": "2024-03-13-14-00-00", "latency": 59}, {"date": "2024-03-13-14-00-00", "latency": 59}, {"date": "2024-03-13-14-00-00", "latency": 59}, {"date": "2024-03-13-14-00-00", "latency": 59}, {"date": "2024-03-13-14-00-00", "latency": 59}, {"date": "2024-03-13-14-00-00", "latency": 59}, {"date": "2024-03-13-14-00-00", "latency": 59}, {"date": "2024-03-13-14-00-00", "latency": 59}, {"date": "2024-03-13-14-00-00", "latency": 59}, {"date": "2024-03-13-14-00-00", "latency": 59}, {"date": "2024-03-13-14-00-00", "latency": 59}, {"date": "2024-03-13-14-00-00", "latency": 59}, {"date": "2024-03-13-14-00-00", "latency": 59}, {"date": "2024-03-13-14-00-00", "latency": 59}, {"date": "2024-03-13-14-00-00", "latency": 59}, {"date": "2024-03-13-14-00-00", "latency": 59}, {"date": "2024-03-13-14-00-00", "latency": 59}, {"date": "2024-03-13-14-00-00", "latency": 59}, {"date": "2024-03-13-14-00-00", "latency": 59}, {"date": "2024-03-13-14-00-00", "latency": 59}, {"date": "2024-03-13-19-00-00", "latency": 51}, {"date": "2024-03-13-19-00-00", "latency": 51}, {"date": "2024-03-13-19-00-00", "latency": 51}, {"date": "2024-03-13-19-00-00", "latency": 51}, {"date": "2024-03-13-19-00-00", "latency": 51}, {"date": "2024-03-13-19-00-00", "latency": 51}, {"date": "2024-03-13-19-00-00", "latency": 51}, {"date": "2024-03-13-19-00-00", "latency": 51}, {"date": "2024-03-13-19-00-00", "latency": 51}]}, {"location": {"country_code": "mx"}, "game_id": "116088", "values": [{"date": "2024-03-13-05-00-00", "latency": 78}, {"date": "2024-03-13-05-00-00", "latency": 78}, {"date": "2024-03-13-05-00-00", "latency": 78}, {"date": "2024-03-13-05-00-00", "latency": 78}, {"date": "2024-03-13-05-00-00", "latency": 78}, {"date": "2024-03-13-05-00-00", "latency": 78}, {"date": "2024-03-13-05-00-00", "latency": 78}, {"date": "2024-03-13-05-00-00", "latency": 78}, {"date": "2024-03-13-05-00-00", "latency": 78}, {"date": "2024-03-13-05-00-00", "latency": 78}]}, {"location": {"country_code": "in"}, "game_id": "116088", "values": [{"date": "2024-03-14-01-00-00", "latency": 102}, {"date": "2024-03-14-01-00-00", "latency": 102}, {"date": "2024-03-14-01-00-00", "latency": 102}, {"date": "2024-03-14-01-00-00", "latency": 102}, {"date": "2024-03-14-01-00-00", "latency": 102}, {"date": "2024-03-14-01-00-00", "latency": 102}, {"date": "2024-03-14-01-00-00", "latency": 102}, {"date": "2024-03-14-01-00-00", "latency": 102}, {"date": "2024-03-14-01-00-00", "latency": 102}, {"date": "2024-03-14-01-00-00", "latency": 102}, {"date": "2024-03-14-01-00-00", "latency": 102}, {"date": "2024-03-14-01-00-00", "latency": 102}, {"date": "2024-03-13-20-00-00", "latency": 41}, {"date": "2024-03-13-20-00-00", "latency": 41}, {"date": "2024-03-13-20-00-00", "latency": 41}, {"date": "2024-03-13-20-00-00", "latency": 41}, {"date": "2024-03-13-20-00-00", "latency": 41}, {"date": "2024-03-13-20-00-00", "latency": 41}, {"date": "2024-03-13-20-00-00", "latency": 41}, {"date": "2024-03-13-20-00-00", "latency": 41}, {"date": "2024-03-13-20-00-00", "latency": 41}, {"date": "2024-03-13-20-00-00", "latency": 41}, {"date": "2024-03-13-20-00-00", "latency": 41}, {"date": "2024-03-13-20-00-00", "latency": 41}, {"date": "2024-03-13-20-00-00", "latency": 41}, {"date": "2024-03-13-20-00-00", "latency": 41}, {"date": "2024-03-13-20-00-00", "latency": 41}, {"date": "2024-03-13-20-00-00", "latency": 41}, {"date": "2024-03-13-20-00-00", "latency": 41}, {"date": "2024-03-13-20-00-00", "latency": 41}, {"date": "2024-03-13-20-00-00", "latency": 41}, {"date": "2024-03-13-20-00-00", "latency": 41}, {"date": "2024-03-13-20-00-00", "latency": 41}, {"date": "2024-03-13-20-00-00", "latency": 41}, {"date": "2024-03-13-20-00-00", "latency": 41}, {"date": "2024-03-13-20-00-00", "latency": 41}]}, {"location": {"country_code": "br"}, "game_id": "116088", "values": [{"date": "2024-03-13-08-00-00", "latency": 42}, {"date": "2024-03-13-08-00-00", "latency": 42}, {"date": "2024-03-13-08-00-00", "latency": 42}, {"date": "2024-03-13-08-00-00", "latency": 42}, {"date": "2024-03-13-08-00-00", "latency": 42}, {"date": "2024-03-13-08-00-00", "latency": 42}, {"date": "2024-03-13-08-00-00", "latency": 42}, {"date": "2024-03-13-08-00-00", "latency": 42}, {"date": "2024-03-13-08-00-00", "latency": 42}, {"date": "2024-03-13-08-00-00", "latency": 42}, {"date": "2024-03-13-08-00-00", "latency": 42}, {"date": "2024-03-13-08-00-00", "latency": 42}, {"date": "2024-03-13-08-00-00", "latency": 42}, {"date": "2024-03-13-08-00-00", "latency": 42}, {"date": "2024-03-13-08-00-00", "latency": 42}, {"date": "2024-03-13-08-00-00", "latency": 42}, {"date": "2024-03-13-08-00-00", "latency": 42}, {"date": "2024-03-13-08-00-00", "latency": 42}, {"date": "2024-03-13-08-00-00", "latency": 42}, {"date": "2024-03-13-04-00-00", "latency": 14}, {"date": "2024-03-13-04-00-00", "latency": 14}, {"date": "2024-03-13-04-00-00", "latency": 14}, {"date": "2024-03-13-04-00-00", "latency": 14}, {"date": "2024-03-13-04-00-00", "latency": 14}, {"date": "2024-03-13-04-00-00", "latency": 14}, {"date": "2024-03-13-04-00-00", "latency": 14}, {"date": "2024-03-13-04-00-00", "latency": 14}, {"date": "2024-03-13-04-00-00", "latency": 14}, {"date": "2024-03-13-04-00-00", "latency": 14}, {"date": "2024-03-13-04-00-00", "latency": 14}, {"date": "2024-03-13-04-00-00", "latency": 14}]}, {"location": {"country_code": "ar"}, "game_id": "116088", "values": [{"date": "2024-03-13-01-00-00", "latency": 14}, {"date": "2024-03-13-17-00-00", "latency": 57}, {"date": "2024-03-13-17-00-00", "latency": 57}, {"date": "2024-03-13-17-00-00", "latency": 57}, {"date": "2024-03-13-17-00-00", "latency": 57}, {"date": "2024-03-13-17-00-00", "latency": 57}, {"date": "2024-03-13-17-00-00", "latency": 57}, {"date": "2024-03-13-17-00-00", "latency": 57}, {"date": "2024-03-13-17-00-00", "latency": 57}, {"date": "2024-03-13-17-00-00", "latency": 57}, {"date": "2024-03-13-17-00-00", "latency": 57}, {"date": "2024-03-14-01-00-00", "latency": 37}, {"date": "2024-03-14-01-00-00", "latency": 37}, {"date": "2024-03-14-01-00-00", "latency": 37}, {"date": "2024-03-14-01-00-00", "latency": 37}, {"date": "2024-03-14-01-00-00", "latency": 37}, {"date": "2024-03-14-01-00-00", "latency": 37}, {"date": "2024-03-14-01-00-00", "latency": 37}, {"date": "2024-03-14-01-00-00", "latency": 37}, {"date": "2024-03-14-01-00-00", "latency": 37}, {"date": "2024-03-14-01-00-00", "latency": 37}]}, {"location": {"country_code": "tr"}, "game_id": "116088", "values": [{"date": "2024-03-13-23-00-00", "latency": 47}, {"date": "2024-03-13-23-00-00", "latency": 47}, {"date": "2024-03-13-23-00-00", "latency": 47}, {"date": "2024-03-13-23-00-00", "latency": 47}, {"date": "2024-03-13-23-00-00", "latency": 47}, {"date": "2024-03-13-23-00-00", "latency": 47}, {"date": "2024-03-13-23-00-00", "latency": 47}, {"date": "2024-03-13-23-00-00", "latency": 47}, {"date": "2024-03-13-23-00-00", "latency": 47}, {"date": "2024-03-13-23-00-00", "latency": 47}, {"date": "2024-03-13-23-00-00", "latency": 47}, {"date": "2024-03-13-23-00-00", "latency": 47}, {"date": "2024-03-13-15-00-00", "latency": 46}, {"date": "2024-03-13-15-00-00", "latency": 46}, {"date": "2024-03-13-15-00-00", "latency": 46}, {"date": "2024-03-13-15-00-00", "latency": 46}, {"date": "2024-03-13-15-00-00", "latency": 46}, {"date": "2024-03-13-15-00-00", "latency": 46}, {"date": "2024-03-13-15-00-00", "latency": 46}, {"date": "2024-03-13-15-00-00", "latency": 46}, {"date": "2024-03-13-21-00-00", "latency": 54}, {"date": "2024-03-13-21-00-00", "latency": 54}, {"date": "2024-03-13-21-00-00", "latency": 54}, {"date": "2024-03-13-21-00-00", "latency": 54}, {"date": "2024-03-13-21-00-00", "latency": 54}]}, {"location": {"country_code": "id"}, "game_id": "116088", "values": [{"date": "2024-03-13-19-00-00", "latency": 75}, {"date": "2024-03-13-19-00-00", "latency": 75}, {"date": "2024-03-13-19-00-00", "latency": 75}, {"date": "2024-03-13-19-00-00", "latency": 75}, {"date": "2024-03-13-19-00-00", "latency": 75}, {"date": "2024-03-13-19-00-00", "latency": 75}, {"date": "2024-03-13-19-00-00", "latency": 75}, {"date": "2024-03-13-19-00-00", "latency": 75}, {"date": "2024-03-13-19-00-00", "latency": 75}, {"date": "2024-03-13-19-00-00", "latency": 75}, {"date": "2024-03-13-19-00-00", "latency": 75}, {"date": "2024-03-13-19-00-00", "latency": 75}, {"date": "2024-03-13-19-00-00", "latency": 75}, {"date": "2024-03-13-19-00-00", "latency": 75}, {"date": "2024-03-13-19-00-00", "latency": 75}, {"date": "2024-03-13-19-00-00", "latency": 75}, {"date": "2024-03-13-19-00-00", "latency": 75}, {"date": "2024-03-13-19-00-00", "latency": 75}, {"date": "2024-03-13-19-00-00", "latency": 75}, {"date": "2024-03-13-19-00-00", "latency": 75}, {"date": "2024-03-13-19-00-00", "latency": 75}, {"date": "2024-03-13-19-00-00", "latency": 75}, {"date": "2024-03-13-19-00-00", "latency": 75}, {"date": "2024-03-13-19-00-00", "latency": 75}, {"date": "2024-03-13-19-00-00", "latency": 75}, {"date": "2024-03-13-19-00-00", "latency": 75}, {"date": "2024-03-13-19-00-00", "latency": 75}, {"date": "2024-03-13-19-00-00", "latency": 75}, {"date": "2024-03-13-19-00-00", "latency": 75}, {"date": "2024-03-13-19-00-00", "latency": 75}, {"date": "2024-03-13-19-00-00", "latency": 75}, {"date": "2024-03-13-19-00-00", "latency": 75}, {"date": "2024-03-13-19-00-00", "latency": 75}, {"date": "2024-03-13-19-00-00", "latency": 75}, {"date": "2024-03-13-19-00-00", "latency": 75}, {"date": "2024-03-13-19-00-00", "latency": 75}, {"date": "2024-03-13-19-00-00", "latency": 75}, {"date": "2024-03-13-19-00-00", "latency": 75}, {"date": "2024-03-13-19-00-00", "latency": 75}, {"date": "2024-03-13-19-00-00", "latency": 75}, {"date": "2024-03-13-19-00-00", "latency": 75}, {"date": "2024-03-13-19-00-00", "latency": 75}, {"date": "2024-03-13-19-00-00", "latency": 75}, {"date": "2024-03-13-19-00-00", "latency": 75}, {"date": "2024-03-13-19-00-00", "latency": 75}, {"date": "2024-03-13-19-00-00", "latency": 75}, {"date": "2024-03-13-19-00-00", "latency": 75}, {"date": "2024-03-13-19-00-00", "latency": 75}, {"date": "2024-03-13-19-00-00", "latency": 75}, {"date": "2024-03-13-19-00-00", "latency": 75}, {"date": "2024-03-13-19-00-00", "latency": 75}, {"date": "2024-03-13-19-00-00", "latency": 75}, {"date": "2024-03-13-19-00-00", "latency": 75}, {"date": "2024-03-13-19-00-00", "latency": 75}, {"date": "2024-03-13-19-00-00", "latency": 75}, {"date": "2024-03-13-19-00-00", "latency": 75}, {"date": "2024-03-13-19-00-00", "latency": 75}, {"date": "2024-03-13-19-00-00", "latency": 75}, {"date": "2024-03-13-19-00-00", "latency": 75}, {"date": "2024-03-13-19-00-00", "latency": 75}]}, {"location": {"country_code": "ar", "region": "Buenos Aires F.D.", "city": "Bahia Blanca"}, "game_id": "116088", "values": [{"date": "2024-03-13-08-00-00", "latency": 54}, {"date": "2024-03-13-08-00-00", "latency": 54}, {"date": "2024-03-13-08-00-00", "latency": 54}, {"date": "2024-03-13-08-00-00", "latency": 54}, {"date": "2024-03-13-08-00-00", "latency": 54}, {"date": "2024-03-13-08-00-00", "latency": 54}, {"date": "2024-03-13-08-00-00", "latency": 54}, {"date": "2024-03-13-08-00-00", "latency": 54}, {"date": "2024-03-13-08-00-00", "latency": 54}, {"date": "2024-03-13-08-00-00", "latency": 54}, {"date": "2024-03-13-08-00-00", "latency": 54}, {"date": "2024-03-13-08-00-00", "latency": 54}, {"date": "2024-03-13-08-00-00", "latency": 54}, {"date": "2024-03-13-08-00-00", "latency": 54}, {"date": "2024-03-13-08-00-00", "latency": 54}, {"date": "2024-03-13-08-00-00", "latency": 54}, {"date": "2024-03-13-08-00-00", "latency": 54}, {"date": "2024-03-14-00-00-00", "latency": 30}, {"date": "2024-03-14-00-00-00", "latency": 30}]}, {"location": {"country_code": "bg", "region": "Plovdiv", "city": "Plovdiv"}, "game_id": "116088", "values": [{"date": "2024-03-13-22-00-00", "latency": 45}, {"date": "2024-03-13-22-00-00", "latency": 45}, {"date": "2024-03-13-22-00-00", "latency": 45}, {"date": "2024-03-13-22-00-00", "latency": 45}, {"date": "2024-03-13-22-00-00", "latency": 45}, {"date": "2024-03-13-22-00-00", "latency": 45}, {"date": "2024-03-13-22-00-00", "latency": 45}, {"date": "2024-03-13-22-00-00", "latency": 45}]}, {"location": {"country_code": "in", "region": "Maharashtra", "city": "Navi Mumbai"}, "game_id": "116088", "values": [{"date": "2024-03-13-12-00-00", "latency": 140}, {"date": "2024-03-13-12-00-00", "latency": 140}, {"date": "2024-03-13-12-00-00", "latency": 140}, {"date": "2024-03-13-12-00-00", "latency": 140}]}, {"location": {"country_code": "cn"}, "game_id": "116088", "values": [{"date": "2024-03-13-07-00-00", "latency": 1}, {"date": "2024-03-13-07-00-00", "latency": 1}, {"date": "2024-03-13-07-00-00", "latency": 1}, {"date": "2024-03-13-07-00-00", "latency": 1}, {"date": "2024-03-13-07-00-00", "latency": 1}, {"date": "2024-03-13-07-00-00", "latency": 1}, {"date": "2024-03-13-07-00-00", "latency": 1}, {"date": "2024-03-13-07-00-00", "latency": 1}, {"date": "2024-03-13-07-00-00", "latency": 1}, {"date": "2024-03-13-07-00-00", "latency": 1}]}, {"location": {"country_code": "pl"}, "game_id": "116088", "values": [{"date": "2024-03-13-21-00-00", "latency": 27}, {"date": "2024-03-13-21-00-00", "latency": 27}, {"date": "2024-03-13-21-00-00", "latency": 27}, {"date": "2024-03-13-21-00-00", "latency": 27}, {"date": "2024-03-13-21-00-00", "latency": 27}, {"date": "2024-03-13-21-00-00", "latency": 27}, {"date": "2024-03-13-21-00-00", "latency": 27}, {"date": "2024-03-13-21-00-00", "latency": 27}, {"date": "2024-03-13-21-00-00", "latency": 27}, {"date": "2024-03-13-21-00-00", "latency": 27}, {"date": "2024-03-13-21-00-00", "latency": 27}, {"date": "2024-03-13-21-00-00", "latency": 27}]}, {"location": {"country_code": "pe"}, "game_id": "116088", "values": [{"date": "2024-03-13-05-00-00", "latency": 98}, {"date": "2024-03-13-05-00-00", "latency": 98}, {"date": "2024-03-13-05-00-00", "latency": 98}, {"date": "2024-03-13-05-00-00", "latency": 98}, {"date": "2024-03-13-05-00-00", "latency": 98}, {"date": "2024-03-13-05-00-00", "latency": 98}, {"date": "2024-03-13-05-00-00", "latency": 98}, {"date": "2024-03-13-05-00-00", "latency": 98}, {"date": "2024-03-13-06-00-00", "latency": 23}, {"date": "2024-03-13-06-00-00", "latency": 23}, {"date": "2024-03-13-06-00-00", "latency": 23}, {"date": "2024-03-13-06-00-00", "latency": 23}, {"date": "2024-03-13-06-00-00", "latency": 23}, {"date": "2024-03-13-06-00-00", "latency": 23}, {"date": "2024-03-13-06-00-00", "latency": 23}, {"date": "2024-03-13-06-00-00", "latency": 23}, {"date": "2024-03-13-06-00-00", "latency": 23}, {"date": "2024-03-14-01-00-00", "latency": 2}, {"date": "2024-03-14-01-00-00", "latency": 2}, {"date": "2024-03-14-01-00-00", "latency": 2}, {"date": "2024-03-14-01-00-00", "latency": 2}, {"date": "2024-03-14-00-00-00", "latency": 17}, {"date": "2024-03-14-00-00-00", "latency": 17}, {"date": "2024-03-14-00-00-00", "latency": 17}, {"date": "2024-03-14-00-00-00", "latency": 17}, {"date": "2024-03-13-07-00-00", "latency": 91}, {"date": "2024-03-13-07-00-00", "latency": 91}, {"date": "2024-03-13-07-00-00", "latency": 91}, {"date": "2024-03-13-07-00-00", "latency": 91}, {"date": "2024-03-13-07-00-00", "latency": 91}]}, {"location": {"country_code": "ua"}, "game_id": "116088", "values": [{"date": "2024-03-14-01-00-00", "latency": 30}, {"date": "2024-03-14-01-00-00", "latency": 30}, {"date": "2024-03-14-01-00-00", "latency": 30}, {"date": "2024-03-14-01-00-00", "latency": 30}, {"date": "2024-03-14-01-00-00", "latency": 30}, {"date": "2024-03-14-01-00-00", "latency": 30}, {"date": "2024-03-14-01-00-00", "latency": 30}, {"date": "2024-03-14-01-00-00", "latency": 30}, {"date": "2024-03-14-01-00-00", "latency": 30}, {"date": "2024-03-14-01-00-00", "latency": 30}, {"date": "2024-03-14-01-00-00", "latency": 30}, {"date": "2024-03-14-01-00-00", "latency": 30}, {"date": "2024-03-14-01-00-00", "latency": 30}, {"date": "2024-03-14-01-00-00", "latency": 30}, {"date": "2024-03-14-01-00-00", "latency": 30}, {"date": "2024-03-14-01-00-00", "latency": 30}, {"date": "2024-03-14-01-00-00", "latency": 30}, {"date": "2024-03-14-01-00-00", "latency": 30}, {"date": "2024-03-14-01-00-00", "latency": 30}, {"date": "2024-03-14-01-00-00", "latency": 30}, {"date": "2024-03-14-01-00-00", "latency": 30}, {"date": "2024-03-14-01-00-00", "latency": 30}, {"date": "2024-03-14-01-00-00", "latency": 30}, {"date": "2024-03-14-01-00-00", "latency": 30}, {"date": "2024-03-14-01-00-00", "latency": 30}, {"date": "2024-03-14-01-00-00", "latency": 30}, {"date": "2024-03-14-01-00-00", "latency": 30}, {"date": "2024-03-14-01-00-00", "latency": 30}, {"date": "2024-03-14-01-00-00", "latency": 30}, {"date": "2024-03-14-01-00-00", "latency": 30}, {"date": "2024-03-14-01-00-00", "latency": 30}, {"date": "2024-03-14-01-00-00", "latency": 30}, {"date": "2024-03-14-01-00-00", "latency": 30}, {"date": "2024-03-14-01-00-00", "latency": 30}, {"date": "2024-03-14-01-00-00", "latency": 30}, {"date": "2024-03-14-01-00-00", "latency": 30}, {"date": "2024-03-14-01-00-00", "latency": 30}, {"date": "2024-03-14-01-00-00", "latency": 30}, {"date": "2024-03-14-01-00-00", "latency": 30}, {"date": "2024-03-13-19-00-00", "latency": 26}, {"date": "2024-03-13-19-00-00", "latency": 26}, {"date": "2024-03-13-19-00-00", "latency": 26}, {"date": "2024-03-13-19-00-00", "latency": 26}, {"date": "2024-03-13-19-00-00", "latency": 26}, {"date": "2024-03-13-19-00-00", "latency": 26}, {"date": "2024-03-13-19-00-00", "latency": 26}, {"date": "2024-03-14-00-00-00", "latency": 34}, {"date": "2024-03-14-00-00-00", "latency": 34}, {"date": "2024-03-14-00-00-00", "latency": 34}, {"date": "2024-03-14-00-00-00", "latency": 34}, {"date": "2024-03-14-00-00-00", "latency": 34}, {"date": "2024-03-14-00-00-00", "latency": 34}, {"date": "2024-03-13-19-00-00", "latency": 35}, {"date": "2024-03-13-19-00-00", "latency": 35}, {"date": "2024-03-13-16-00-00", "latency": 31}, {"date": "2024-03-13-16-00-00", "latency": 31}, {"date": "2024-03-13-16-00-00", "latency": 31}, {"date": "2024-03-13-16-00-00", "latency": 31}, {"date": "2024-03-13-16-00-00", "latency": 31}, {"date": "2024-03-14-01-00-00", "latency": 39}, {"date": "2024-03-14-01-00-00", "latency": 39}, {"date": "2024-03-14-01-00-00", "latency": 39}, {"date": "2024-03-14-01-00-00", "latency": 39}, {"date": "2024-03-14-01-00-00", "latency": 39}, {"date": "2024-03-14-01-00-00", "latency": 39}, {"date": "2024-03-13-07-00-00", "latency": 40}, {"date": "2024-03-13-07-00-00", "latency": 40}, {"date": "2024-03-13-07-00-00", "latency": 40}, {"date": "2024-03-13-07-00-00", "latency": 40}, {"date": "2024-03-13-07-00-00", "latency": 40}, {"date": "2024-03-13-07-00-00", "latency": 40}, {"date": "2024-03-13-07-00-00", "latency": 40}, {"date": "2024-03-13-07-00-00", "latency": 40}, {"date": "2024-03-13-07-00-00", "latency": 40}, {"date": "2024-03-13-14-00-00", "latency": 35}, {"date": "2024-03-13-14-00-00", "latency": 35}, {"date": "2024-03-13-14-00-00", "latency": 35}, {"date": "2024-03-13-14-00-00", "latency": 35}, {"date": "2024-03-13-20-00-00", "latency": 50}, {"date": "2024-03-13-20-00-00", "latency": 50}, {"date": "2024-03-13-20-00-00", "latency": 50}, {"date": "2024-03-13-20-00-00", "latency": 50}, {"date": "2024-03-13-20-00-00", "latency": 50}, {"date": "2024-03-13-20-00-00", "latency": 50}, {"date": "2024-03-13-20-00-00", "latency": 50}, {"date": "2024-03-13-20-00-00", "latency": 50}, {"date": "2024-03-13-20-00-00", "latency": 50}, {"date": "2024-03-13-20-00-00", "latency": 50}, {"date": "2024-03-13-20-00-00", "latency": 50}, {"date": "2024-03-13-20-00-00", "latency": 50}, {"date": "2024-03-13-20-00-00", "latency": 50}, {"date": "2024-03-13-20-00-00", "latency": 50}, {"date": "2024-03-13-20-00-00", "latency": 50}, {"date": "2024-03-13-20-00-00", "latency": 50}, {"date": "2024-03-13-20-00-00", "latency": 50}, {"date": "2024-03-13-20-00-00", "latency": 50}, {"date": "2024-03-13-20-00-00", "latency": 50}, {"date": "2024-03-13-20-00-00", "latency": 50}, {"date": "2024-03-13-20-00-00", "latency": 50}, {"date": "2024-03-13-20-00-00", "latency": 50}, {"date": "2024-03-13-20-00-00", "latency": 50}, {"date": "2024-03-13-20-00-00", "latency": 50}, {"date": "2024-03-13-20-00-00", "latency": 50}, {"date": "2024-03-13-20-00-00", "latency": 50}, {"date": "2024-03-14-00-00-00", "latency": 22}, {"date": "2024-03-14-00-00-00", "latency": 22}, {"date": "2024-03-14-00-00-00", "latency": 22}, {"date": "2024-03-14-00-00-00", "latency": 22}, {"date": "2024-03-14-00-00-00", "latency": 22}, {"date": "2024-03-14-00-00-00", "latency": 22}, {"date": "2024-03-14-00-00-00", "latency": 22}, {"date": "2024-03-14-00-00-00", "latency": 22}, {"date": "2024-03-14-00-00-00", "latency": 22}, {"date": "2024-03-14-00-00-00", "latency": 22}, {"date": "2024-03-14-00-00-00", "latency": 22}, {"date": "2024-03-14-00-00-00", "latency": 22}, {"date": "2024-03-14-00-00-00", "latency": 22}]}, {"location": {"country_code": "kz", "region": "Astana", "city": "Astana"}, "game_id": "116088", "values": [{"date": "2024-03-13-21-00-00", "latency": 66}, {"date": "2024-03-13-21-00-00", "latency": 66}]}, {"location": {"country_code": "tr", "region": "Marmara Bolgesi"}, "game_id": "116088", "values": [{"date": "2024-03-13-10-00-00", "latency": 33}, {"date": "2024-03-13-10-00-00", "latency": 33}, {"date": "2024-03-13-10-00-00", "latency": 33}, {"date": "2024-03-13-10-00-00", "latency": 33}, {"date": "2024-03-13-10-00-00", "latency": 33}, {"date": "2024-03-13-10-00-00", "latency": 33}]}, {"location": {"country_code": "ru"}, "game_id": "116088", "values": [{"date": "2024-03-13-07-00-00", "latency": 131}, {"date": "2024-03-13-07-00-00", "latency": 131}, {"date": "2024-03-13-07-00-00", "latency": 131}, {"date": "2024-03-13-07-00-00", "latency": 131}, {"date": "2024-03-13-07-00-00", "latency": 131}, {"date": "2024-03-13-07-00-00", "latency": 131}, {"date": "2024-03-13-07-00-00", "latency": 131}, {"date": "2024-03-13-07-00-00", "latency": 131}, {"date": "2024-03-13-18-00-00", "latency": 22}, {"date": "2024-03-13-18-00-00", "latency": 22}, {"date": "2024-03-13-18-00-00", "latency": 22}, {"date": "2024-03-13-18-00-00", "latency": 22}, {"date": "2024-03-13-20-00-00", "latency": 68}, {"date": "2024-03-13-20-00-00", "latency": 68}, {"date": "2024-03-13-20-00-00", "latency": 68}, {"date": "2024-03-13-20-00-00", "latency": 68}, {"date": "2024-03-13-20-00-00", "latency": 68}, {"date": "2024-03-14-01-00-00", "latency": 25}, {"date": "2024-03-14-01-00-00", "latency": 25}, {"date": "2024-03-14-01-00-00", "latency": 25}, {"date": "2024-03-14-01-00-00", "latency": 25}, {"date": "2024-03-14-01-00-00", "latency": 25}, {"date": "2024-03-14-01-00-00", "latency": 25}, {"date": "2024-03-14-01-00-00", "latency": 25}, {"date": "2024-03-14-01-00-00", "latency": 25}, {"date": "2024-03-14-01-00-00", "latency": 25}, {"date": "2024-03-14-01-00-00", "latency": 25}, {"date": "2024-03-14-01-00-00", "latency": 25}, {"date": "2024-03-14-01-00-00", "latency": 25}, {"date": "2024-03-14-01-00-00", "latency": 25}, {"date": "2024-03-14-01-00-00", "latency": 25}, {"date": "2024-03-14-01-00-00", "latency": 25}, {"date": "2024-03-14-01-00-00", "latency": 25}, {"date": "2024-03-14-01-00-00", "latency": 25}, {"date": "2024-03-14-01-00-00", "latency": 25}, {"date": "2024-03-14-01-00-00", "latency": 25}, {"date": "2024-03-14-01-00-00", "latency": 25}, {"date": "2024-03-14-01-00-00", "latency": 25}, {"date": "2024-03-14-01-00-00", "latency": 25}, {"date": "2024-03-14-01-00-00", "latency": 25}, {"date": "2024-03-14-01-00-00", "latency": 25}, {"date": "2024-03-14-01-00-00", "latency": 25}, {"date": "2024-03-14-01-00-00", "latency": 25}, {"date": "2024-03-14-01-00-00", "latency": 25}, {"date": "2024-03-14-01-00-00", "latency": 25}, {"date": "2024-03-14-01-00-00", "latency": 25}, {"date": "2024-03-14-01-00-00", "latency": 25}, {"date": "2024-03-14-01-00-00", "latency": 25}]}, {"location": {"country_code": "my"}, "game_id": "116088", "values": [{"date": "2024-03-13-18-00-00", "latency": 15}, {"date": "2024-03-13-18-00-00", "latency": 15}, {"date": "2024-03-13-18-00-00", "latency": 15}, {"date": "2024-03-13-18-00-00", "latency": 15}, {"date": "2024-03-13-18-00-00", "latency": 15}, {"date": "2024-03-13-18-00-00", "latency": 15}, {"date": "2024-03-13-18-00-00", "latency": 15}, {"date": "2024-03-13-18-00-00", "latency": 15}, {"date": "2024-03-13-18-00-00", "latency": 15}, {"date": "2024-03-13-18-00-00", "latency": 15}, {"date": "2024-03-13-18-00-00", "latency": 15}, {"date": "2024-03-13-18-00-00", "latency": 15}, {"date": "2024-03-13-18-00-00", "latency": 15}, {"date": "2024-03-13-18-00-00", "latency": 15}, {"date": "2024-03-13-18-00-00", "latency": 15}, {"date": "2024-03-13-18-00-00", "latency": 15}, {"date": "2024-03-13-18-00-00", "latency": 15}, {"date": "2024-03-13-18-00-00", "latency": 15}, {"date": "2024-03-13-18-00-00", "latency": 15}, {"date": "2024-03-13-18-00-00", "latency": 15}, {"date": "2024-03-13-18-00-00", "latency": 15}, {"date": "2024-03-13-18-00-00", "latency": 15}, {"date": "2024-03-13-18-00-00", "latency": 15}, {"date": "2024-03-13-18-00-00", "latency": 15}, {"date": "2024-03-13-18-00-00", "latency": 15}, {"date": "2024-03-13-18-00-00", "latency": 15}, {"date": "2024-03-13-18-00-00", "latency": 15}, {"date": "2024-03-13-18-00-00", "latency": 15}, {"date": "2024-03-13-18-00-00", "latency": 15}]}, {"location": {"country_code": "py"}, "game_id": "116088", "values": [{"date": "2024-03-13-07-00-00", "latency": 23}, {"date": "2024-03-13-07-00-00", "latency": 23}, {"date": "2024-03-13-07-00-00", "latency": 23}, {"date": "2024-03-13-07-00-00", "latency": 23}]}, {"location": {"country_code": "br", "region": "Parana"}, "game_id": "116088", "values": [{"date": "2024-03-13-05-00-00", "latency": 19}, {"date": "2024-03-13-05-00-00", "latency": 19}, {"date": "2024-03-13-05-00-00", "latency": 19}, {"date": "2024-03-13-05-00-00", "latency": 19}, {"date": "2024-03-13-05-00-00", "latency": 19}, {"date": "2024-03-13-05-00-00", "latency": 19}, {"date": "2024-03-13-05-00-00", "latency": 19}, {"date": "2024-03-13-05-00-00", "latency": 19}, {"date": "2024-03-13-05-00-00", "latency": 19}, {"date": "2024-03-13-05-00-00", "latency": 19}, {"date": "2024-03-13-05-00-00", "latency": 19}, {"date": "2024-03-13-05-00-00", "latency": 19}, {"date": "2024-03-13-05-00-00", "latency": 19}]}, {"location": {"country_code": "by"}, "game_id": "116088", "values": [{"date": "2024-03-13-21-00-00", "latency": 36}, {"date": "2024-03-13-21-00-00", "latency": 36}, {"date": "2024-03-13-21-00-00", "latency": 36}, {"date": "2024-03-13-21-00-00", "latency": 36}, {"date": "2024-03-13-21-00-00", "latency": 36}, {"date": "2024-03-13-21-00-00", "latency": 36}, {"date": "2024-03-13-21-00-00", "latency": 36}, {"date": "2024-03-13-21-00-00", "latency": 36}, {"date": "2024-03-13-21-00-00", "latency": 36}, {"date": "2024-03-13-21-00-00", "latency": 36}, {"date": "2024-03-13-21-00-00", "latency": 36}, {"date": "2024-03-13-21-00-00", "latency": 36}, {"date": "2024-03-13-17-00-00", "latency": 39}, {"date": "2024-03-13-17-00-00", "latency": 39}, {"date": "2024-03-13-17-00-00", "latency": 39}, {"date": "2024-03-13-17-00-00", "latency": 39}, {"date": "2024-03-13-17-00-00", "latency": 39}, {"date": "2024-03-13-17-00-00", "latency": 39}, {"date": "2024-03-13-17-00-00", "latency": 39}, {"date": "2024-03-13-17-00-00", "latency": 39}, {"date": "2024-03-13-17-00-00", "latency": 39}, {"date": "2024-03-13-17-00-00", "latency": 39}, {"date": "2024-03-13-17-00-00", "latency": 39}, {"date": "2024-03-13-17-00-00", "latency": 39}, {"date": "2024-03-13-17-00-00", "latency": 39}, {"date": "2024-03-13-17-00-00", "latency": 39}, {"date": "2024-03-13-17-00-00", "latency": 39}]}, {"location": {"country_code": "ca", "region": "British Columbia", "city": "Richmond"}, "game_id": "116088", "values": [{"date": "2024-03-13-04-00-00", "latency": 15}, {"date": "2024-03-13-04-00-00", "latency": 15}, {"date": "2024-03-13-04-00-00", "latency": 15}, {"date": "2024-03-13-04-00-00", "latency": 15}, {"date": "2024-03-13-04-00-00", "latency": 15}, {"date": "2024-03-13-04-00-00", "latency": 15}, {"date": "2024-03-13-04-00-00", "latency": 15}, {"date": "2024-03-13-04-00-00", "latency": 15}, {"date": "2024-03-13-04-00-00", "latency": 15}]}, {"location": {"country_code": "br", "region": "Ceara", "city": "Itapipoca"}, "game_id": "116088", "values": [{"date": "2024-03-13-02-00-00", "latency": 54}]}, {"location": {"country_code": "au", "region": "Queensland", "city": "Brisbane"}, "game_id": "116088", "values": [{"date": "2024-03-13-14-00-00", "latency": 23}, {"date": "2024-03-13-14-00-00", "latency": 23}, {"date": "2024-03-13-14-00-00", "latency": 23}, {"date": "2024-03-13-14-00-00", "latency": 23}, {"date": "2024-03-13-14-00-00", "latency": 23}, {"date": "2024-03-13-14-00-00", "latency": 23}, {"date": "2024-03-13-14-00-00", "latency": 23}, {"date": "2024-03-13-14-00-00", "latency": 23}, {"date": "2024-03-13-14-00-00", "latency": 23}, {"date": "2024-03-13-14-00-00", "latency": 23}, {"date": "2024-03-13-14-00-00", "latency": 23}, {"date": "2024-03-13-14-00-00", "latency": 23}, {"date": "2024-03-13-14-00-00", "latency": 23}, {"date": "2024-03-13-14-00-00", "latency": 23}, {"date": "2024-03-13-14-00-00", "latency": 23}, {"date": "2024-03-13-14-00-00", "latency": 23}, {"date": "2024-03-13-14-00-00", "latency": 23}, {"date": "2024-03-13-14-00-00", "latency": 23}, {"date": "2024-03-13-14-00-00", "latency": 23}, {"date": "2024-03-13-14-00-00", "latency": 23}, {"date": "2024-03-13-14-00-00", "latency": 23}, {"date": "2024-03-13-14-00-00", "latency": 23}, {"date": "2024-03-13-14-00-00", "latency": 23}, {"date": "2024-03-13-14-00-00", "latency": 23}, {"date": "2024-03-13-14-00-00", "latency": 23}, {"date": "2024-03-13-14-00-00", "latency": 23}, {"date": "2024-03-13-14-00-00", "latency": 23}, {"date": "2024-03-13-14-00-00", "latency": 23}, {"date": "2024-03-13-14-00-00", "latency": 23}, {"date": "2024-03-13-14-00-00", "latency": 23}, {"date": "2024-03-13-14-00-00", "latency": 23}, {"date": "2024-03-13-14-00-00", "latency": 23}, {"date": "2024-03-13-14-00-00", "latency": 23}, {"date": "2024-03-13-14-00-00", "latency": 23}, {"date": "2024-03-13-14-00-00", "latency": 23}, {"date": "2024-03-13-14-00-00", "latency": 23}, {"date": "2024-03-13-14-00-00", "latency": 23}, {"date": "2024-03-13-14-00-00", "latency": 23}, {"date": "2024-03-13-14-00-00", "latency": 23}, {"date": "2024-03-13-14-00-00", "latency": 23}, {"date": "2024-03-13-14-00-00", "latency": 23}, {"date": "2024-03-13-14-00-00", "latency": 23}, {"date": "2024-03-13-14-00-00", "latency": 23}, {"date": "2024-03-13-14-00-00", "latency": 23}, {"date": "2024-03-13-14-00-00", "latency": 23}, {"date": "2024-03-13-14-00-00", "latency": 23}, {"date": "2024-03-13-14-00-00", "latency": 23}, {"date": "2024-03-13-14-00-00", "latency": 23}, {"date": "2024-03-13-14-00-00", "latency": 23}, {"date": "2024-03-13-14-00-00", "latency": 23}, {"date": "2024-03-13-14-00-00", "latency": 23}, {"date": "2024-03-13-14-00-00", "latency": 23}, {"date": "2024-03-13-14-00-00", "latency": 23}, {"date": "2024-03-13-14-00-00", "latency": 23}, {"date": "2024-03-13-14-00-00", "latency": 23}]}, {"location": {"country_code": "lv"}, "game_id": "116088", "values": [{"date": "2024-03-13-23-00-00", "latency": 36}, {"date": "2024-03-13-23-00-00", "latency": 36}, {"date": "2024-03-13-23-00-00", "latency": 36}, {"date": "2024-03-13-23-00-00", "latency": 36}, {"date": "2024-03-13-23-00-00", "latency": 36}, {"date": "2024-03-13-23-00-00", "latency": 36}, {"date": "2024-03-13-23-00-00", "latency": 36}, {"date": "2024-03-13-23-00-00", "latency": 36}, {"date": "2024-03-13-23-00-00", "latency": 36}, {"date": "2024-03-13-23-00-00", "latency": 36}, {"date": "2024-03-13-23-00-00", "latency": 36}, {"date": "2024-03-13-23-00-00", "latency": 36}, {"date": "2024-03-13-23-00-00", "latency": 36}, {"date": "2024-03-13-23-00-00", "latency": 36}, {"date": "2024-03-13-23-00-00", "latency": 36}, {"date": "2024-03-13-23-00-00", "latency": 36}, {"date": "2024-03-13-23-00-00", "latency": 36}, {"date": "2024-03-13-23-00-00", "latency": 36}, {"date": "2024-03-13-23-00-00", "latency": 36}, {"date": "2024-03-13-23-00-00", "latency": 36}, {"date": "2024-03-13-23-00-00", "latency": 36}, {"date": "2024-03-13-23-00-00", "latency": 36}, {"date": "2024-03-13-23-00-00", "latency": 36}, {"date": "2024-03-13-23-00-00", "latency": 36}, {"date": "2024-03-13-23-00-00", "latency": 36}, {"date": "2024-03-13-23-00-00", "latency": 36}, {"date": "2024-03-13-23-00-00", "latency": 36}, {"date": "2024-03-13-23-00-00", "latency": 36}, {"date": "2024-03-13-23-00-00", "latency": 36}, {"date": "2024-03-13-23-00-00", "latency": 36}, {"date": "2024-03-13-23-00-00", "latency": 36}, {"date": "2024-03-13-23-00-00", "latency": 36}, {"date": "2024-03-13-23-00-00", "latency": 36}]}, {"location": {"country_code": "us", "region": "Maryland", "city": "Silver Spring"}, "game_id": "116088", "values": [{"date": "2024-03-13-14-00-00", "latency": 39}, {"date": "2024-03-13-14-00-00", "latency": 39}, {"date": "2024-03-13-14-00-00", "latency": 39}, {"date": "2024-03-13-14-00-00", "latency": 39}, {"date": "2024-03-13-14-00-00", "latency": 39}]}, {"location": {"country_code": "dj"}, "game_id": "116088", "values": [{"date": "2024-03-13-23-00-00", "latency": 105}, {"date": "2024-03-13-23-00-00", "latency": 105}, {"date": "2024-03-13-23-00-00", "latency": 105}, {"date": "2024-03-13-23-00-00", "latency": 105}, {"date": "2024-03-13-23-00-00", "latency": 105}, {"date": "2024-03-13-23-00-00", "latency": 105}, {"date": "2024-03-13-23-00-00", "latency": 105}, {"date": "2024-03-13-23-00-00", "latency": 105}, {"date": "2024-03-13-23-00-00", "latency": 105}, {"date": "2024-03-13-23-00-00", "latency": 105}, {"date": "2024-03-13-23-00-00", "latency": 105}, {"date": "2024-03-13-23-00-00", "latency": 105}, {"date": "2024-03-13-23-00-00", "latency": 105}, {"date": "2024-03-13-23-00-00", "latency": 105}, {"date": "2024-03-13-23-00-00", "latency": 105}, {"date": "2024-03-13-23-00-00", "latency": 105}, {"date": "2024-03-13-23-00-00", "latency": 105}, {"date": "2024-03-13-23-00-00", "latency": 105}, {"date": "2024-03-13-23-00-00", "latency": 105}, {"date": "2024-03-13-23-00-00", "latency": 105}, {"date": "2024-03-13-23-00-00", "latency": 105}, {"date": "2024-03-13-23-00-00", "latency": 105}, {"date": "2024-03-13-23-00-00", "latency": 105}, {"date": "2024-03-13-23-00-00", "latency": 105}, {"date": "2024-03-13-23-00-00", "latency": 105}, {"date": "2024-03-13-23-00-00", "latency": 105}, {"date": "2024-03-13-23-00-00", "latency": 105}, {"date": "2024-03-13-23-00-00", "latency": 105}, {"date": "2024-03-13-23-00-00", "latency": 105}, {"date": "2024-03-13-23-00-00", "latency": 105}, {"date": "2024-03-13-23-00-00", "latency": 105}, {"date": "2024-03-13-23-00-00", "latency": 105}, {"date": "2024-03-13-23-00-00", "latency": 105}, {"date": "2024-03-13-23-00-00", "latency": 105}, {"date": "2024-03-13-23-00-00", "latency": 105}, {"date": "2024-03-13-23-00-00", "latency": 105}, {"date": "2024-03-13-23-00-00", "latency": 105}, {"date": "2024-03-13-23-00-00", "latency": 105}, {"date": "2024-03-13-23-00-00", "latency": 105}, {"date": "2024-03-13-23-00-00", "latency": 105}, {"date": "2024-03-13-23-00-00", "latency": 105}, {"date": "2024-03-13-23-00-00", "latency": 105}, {"date": "2024-03-13-23-00-00", "latency": 105}, {"date": "2024-03-13-23-00-00", "latency": 105}, {"date": "2024-03-13-23-00-00", "latency": 105}, {"date": "2024-03-13-23-00-00", "latency": 105}, {"date": "2024-03-13-23-00-00", "latency": 105}, {"date": "2024-03-13-23-00-00", "latency": 105}, {"date": "2024-03-13-23-00-00", "latency": 105}, {"date": "2024-03-13-23-00-00", "latency": 105}, {"date": "2024-03-13-23-00-00", "latency": 105}, {"date": "2024-03-13-23-00-00", "latency": 105}, {"date": "2024-03-13-23-00-00", "latency": 105}, {"date": "2024-03-13-23-00-00", "latency": 105}, {"date": "2024-03-13-23-00-00", "latency": 105}, {"date": "2024-03-13-23-00-00", "latency": 105}, {"date": "2024-03-13-23-00-00", "latency": 105}, {"date": "2024-03-13-23-00-00", "latency": 105}]}, {"location": {"country_code": "ne"}, "game_id": "116088", "values": [{"date": "2024-03-13-22-00-00", "latency": 58}, {"date": "2024-03-13-22-00-00", "latency": 58}, {"date": "2024-03-13-22-00-00", "latency": 58}, {"date": "2024-03-13-22-00-00", "latency": 58}, {"date": "2024-03-13-22-00-00", "latency": 58}, {"date": "2024-03-13-22-00-00", "latency": 58}, {"date": "2024-03-13-22-00-00", "latency": 58}, {"date": "2024-03-13-22-00-00", "latency": 58}, {"date": "2024-03-13-22-00-00", "latency": 58}, {"date": "2024-03-13-22-00-00", "latency": 58}, {"date": "2024-03-13-22-00-00", "latency": 58}, {"date": "2024-03-13-22-00-00", "latency": 58}, {"date": "2024-03-13-22-00-00", "latency": 58}]}, {"location": {"country_code": "at", "region": "Salzburg", "city": "Salzburg"}, "game_id": "116088", "values": [{"date": "2024-03-13-17-00-00", "latency": 27}, {"date": "2024-03-13-17-00-00", "latency": 27}, {"date": "2024-03-13-17-00-00", "latency": 27}, {"date": "2024-03-13-17-00-00", "latency": 27}, {"date": "2024-03-13-17-00-00", "latency": 27}, {"date": "2024-03-13-17-00-00", "latency": 27}, {"date": "2024-03-13-17-00-00", "latency": 27}, {"date": "2024-03-13-17-00-00", "latency": 27}, {"date": "2024-03-13-17-00-00", "latency": 27}, {"date": "2024-03-13-17-00-00", "latency": 27}, {"date": "2024-03-13-17-00-00", "latency": 27}, {"date": "2024-03-13-17-00-00", "latency": 27}, {"date": "2024-03-13-17-00-00", "latency": 27}, {"date": "2024-03-13-17-00-00", "latency": 27}, {"date": "2024-03-13-17-00-00", "latency": 27}, {"date": "2024-03-13-17-00-00", "latency": 27}, {"date": "2024-03-13-17-00-00", "latency": 27}, {"date": "2024-03-13-17-00-00", "latency": 27}, {"date": "2024-03-13-17-00-00", "latency": 27}, {"date": "2024-03-13-17-00-00", "latency": 27}, {"date": "2024-03-13-17-00-00", "latency": 27}, {"date": "2024-03-13-17-00-00", "latency": 27}, {"date": "2024-03-13-17-00-00", "latency": 27}, {"date": "2024-03-13-17-00-00", "latency": 27}, {"date": "2024-03-13-17-00-00", "latency": 27}, {"date": "2024-03-13-17-00-00", "latency": 27}, {"date": "2024-03-13-17-00-00", "latency": 27}, {"date": "2024-03-13-17-00-00", "latency": 27}, {"date": "2024-03-13-17-00-00", "latency": 27}, {"date": "2024-03-13-17-00-00", "latency": 27}]}, {"location": {"country_code": "ru", "region": "Novosibirsk Oblast", "city": "Novosibirsk"}, "game_id": "116088", "values": [{"date": "2024-03-13-17-00-00", "latency": 63}, {"date": "2024-03-13-17-00-00", "latency": 63}, {"date": "2024-03-13-17-00-00", "latency": 63}, {"date": "2024-03-13-17-00-00", "latency": 63}]}, {"location": {"country_code": "lu"}, "game_id": "116088", "values": [{"date": "2024-03-13-19-00-00", "latency": 34}, {"date": "2024-03-13-19-00-00", "latency": 34}, {"date": "2024-03-13-19-00-00", "latency": 34}, {"date": "2024-03-13-03-00-00", "latency": 32}, {"date": "2024-03-13-03-00-00", "latency": 32}, {"date": "2024-03-13-03-00-00", "latency": 32}]}, {"location": {"country_code": "jp", "region": "Chofu"}, "game_id": "116088", "values": [{"date": "2024-03-13-14-00-00", "latency": 25}, {"date": "2024-03-13-14-00-00", "latency": 25}, {"date": "2024-03-13-14-00-00", "latency": 25}, {"date": "2024-03-13-14-00-00", "latency": 25}, {"date": "2024-03-13-14-00-00", "latency": 25}, {"date": "2024-03-13-14-00-00", "latency": 25}]}, {"location": {"country_code": "uz"}, "game_id": "116088", "values": [{"date": "2024-03-13-17-00-00", "latency": 73}, {"date": "2024-03-13-17-00-00", "latency": 73}, {"date": "2024-03-13-17-00-00", "latency": 73}, {"date": "2024-03-13-17-00-00", "latency": 73}, {"date": "2024-03-13-17-00-00", "latency": 73}, {"date": "2024-03-13-17-00-00", "latency": 73}, {"date": "2024-03-13-17-00-00", "latency": 73}, {"date": "2024-03-13-17-00-00", "latency": 73}, {"date": "2024-03-13-17-00-00", "latency": 73}, {"date": "2024-03-13-17-00-00", "latency": 73}, {"date": "2024-03-13-17-00-00", "latency": 73}, {"date": "2024-03-13-17-00-00", "latency": 73}, {"date": "2024-03-13-17-00-00", "latency": 73}, {"date": "2024-03-13-17-00-00", "latency": 73}, {"date": "2024-03-13-17-00-00", "latency": 73}, {"date": "2024-03-13-17-00-00", "latency": 73}, {"date": "2024-03-13-17-00-00", "latency": 73}, {"date": "2024-03-13-17-00-00", "latency": 73}, {"date": "2024-03-13-17-00-00", "latency": 73}, {"date": "2024-03-13-17-00-00", "latency": 73}, {"date": "2024-03-13-17-00-00", "latency": 73}, {"date": "2024-03-13-17-00-00", "latency": 73}, {"date": "2024-03-13-17-00-00", "latency": 73}, {"date": "2024-03-13-17-00-00", "latency": 73}, {"date": "2024-03-13-17-00-00", "latency": 73}, {"date": "2024-03-13-17-00-00", "latency": 73}, {"date": "2024-03-13-17-00-00", "latency": 73}]}, {"location": {"country_code": "ru", "region": "Primorskiy (Maritime) Kray", "city": "Vladivostok"}, "game_id": "116088", "values": [{"date": "2024-03-14-01-00-00", "latency": 35}, {"date": "2024-03-13-20-00-00", "latency": 21}, {"date": "2024-03-13-20-00-00", "latency": 21}, {"date": "2024-03-13-20-00-00", "latency": 21}, {"date": "2024-03-13-20-00-00", "latency": 21}, {"date": "2024-03-13-20-00-00", "latency": 21}, {"date": "2024-03-13-20-00-00", "latency": 21}, {"date": "2024-03-13-20-00-00", "latency": 21}]}, {"location": {"country_code": "us", "region": "Ohio", "city": "Fairborn"}, "game_id": "116088", "values": [{"date": "2024-03-13-04-00-00", "latency": 26}, {"date": "2024-03-13-04-00-00", "latency": 26}, {"date": "2024-03-13-04-00-00", "latency": 26}, {"date": "2024-03-13-04-00-00", "latency": 26}, {"date": "2024-03-13-04-00-00", "latency": 26}, {"date": "2024-03-13-04-00-00", "latency": 26}, {"date": "2024-03-13-04-00-00", "latency": 26}]}, {"location": {"country_code": "ua", "region": "Kherson Oblast"}, "game_id": "116088", "values": [{"date": "2024-03-13-19-00-00", "latency": 41}, {"date": "2024-03-13-19-00-00", "latency": 41}, {"date": "2024-03-13-19-00-00", "latency": 41}, {"date": "2024-03-13-19-00-00", "latency": 41}, {"date": "2024-03-13-19-00-00", "latency": 41}, {"date": "2024-03-13-19-00-00", "latency": 41}, {"date": "2024-03-13-19-00-00", "latency": 41}, {"date": "2024-03-13-19-00-00", "latency": 41}]}, {"location": {"country_code": "ru", "region": "Kursk Oblast"}, "game_id": "116088", "values": [{"date": "2024-03-14-01-00-00", "latency": 65}]}, {"location": {"country_code": "ua", "region": "Lviv Oblast"}, "game_id": "116088", "values": [{"date": "2024-03-14-00-00-00", "latency": 20}, {"date": "2024-03-14-00-00-00", "latency": 20}, {"date": "2024-03-14-00-00-00", "latency": 20}, {"date": "2024-03-14-00-00-00", "latency": 20}, {"date": "2024-03-14-00-00-00", "latency": 20}, {"date": "2024-03-14-00-00-00", "latency": 20}, {"date": "2024-03-14-00-00-00", "latency": 20}, {"date": "2024-03-14-00-00-00", "latency": 20}, {"date": "2024-03-14-00-00-00", "latency": 20}, {"date": "2024-03-14-00-00-00", "latency": 20}, {"date": "2024-03-14-00-00-00", "latency": 20}, {"date": "2024-03-14-00-00-00", "latency": 20}, {"date": "2024-03-14-00-00-00", "latency": 20}, {"date": "2024-03-14-00-00-00", "latency": 20}, {"date": "2024-03-14-00-00-00", "latency": 20}, {"date": "2024-03-14-00-00-00", "latency": 20}, {"date": "2024-03-14-00-00-00", "latency": 20}, {"date": "2024-03-14-00-00-00", "latency": 20}, {"date": "2024-03-14-00-00-00", "latency": 20}, {"date": "2024-03-14-00-00-00", "latency": 20}, {"date": "2024-03-14-00-00-00", "latency": 20}, {"date": "2024-03-14-00-00-00", "latency": 20}, {"date": "2024-03-14-00-00-00", "latency": 20}, {"date": "2024-03-14-00-00-00", "latency": 20}, {"date": "2024-03-14-00-00-00", "latency": 20}, {"date": "2024-03-14-00-00-00", "latency": 20}, {"date": "2024-03-14-00-00-00", "latency": 20}, {"date": "2024-03-14-00-00-00", "latency": 20}, {"date": "2024-03-14-00-00-00", "latency": 20}, {"date": "2024-03-14-00-00-00", "latency": 20}, {"date": "2024-03-14-00-00-00", "latency": 20}, {"date": "2024-03-14-00-00-00", "latency": 20}, {"date": "2024-03-14-00-00-00", "latency": 20}, {"date": "2024-03-14-00-00-00", "latency": 20}, {"date": "2024-03-14-00-00-00", "latency": 20}, {"date": "2024-03-14-00-00-00", "latency": 20}, {"date": "2024-03-14-00-00-00", "latency": 20}, {"date": "2024-03-14-00-00-00", "latency": 20}]}, {"location": {"country_code": "jo", "region": "Liwa Qasabat Amman", "city": "Amman"}, "game_id": "116088", "values": [{"date": "2024-03-13-16-00-00", "latency": 64}, {"date": "2024-03-13-16-00-00", "latency": 64}, {"date": "2024-03-13-16-00-00", "latency": 64}, {"date": "2024-03-13-16-00-00", "latency": 64}, {"date": "2024-03-13-16-00-00", "latency": 64}, {"date": "2024-03-13-16-00-00", "latency": 64}, {"date": "2024-03-13-16-00-00", "latency": 64}, {"date": "2024-03-13-16-00-00", "latency": 64}, {"date": "2024-03-13-16-00-00", "latency": 64}, {"date": "2024-03-13-16-00-00", "latency": 64}, {"date": "2024-03-13-16-00-00", "latency": 64}, {"date": "2024-03-13-16-00-00", "latency": 64}, {"date": "2024-03-13-16-00-00", "latency": 64}, {"date": "2024-03-13-16-00-00", "latency": 64}, {"date": "2024-03-13-16-00-00", "latency": 64}, {"date": "2024-03-13-16-00-00", "latency": 64}, {"date": "2024-03-13-16-00-00", "latency": 64}, {"date": "2024-03-13-16-00-00", "latency": 64}, {"date": "2024-03-13-16-00-00", "latency": 64}, {"date": "2024-03-13-16-00-00", "latency": 64}, {"date": "2024-03-13-16-00-00", "latency": 64}, {"date": "2024-03-13-16-00-00", "latency": 64}, {"date": "2024-03-13-16-00-00", "latency": 64}, {"date": "2024-03-13-16-00-00", "latency": 64}, {"date": "2024-03-13-16-00-00", "latency": 64}, {"date": "2024-03-13-16-00-00", "latency": 64}, {"date": "2024-03-13-16-00-00", "latency": 64}, {"date": "2024-03-13-16-00-00", "latency": 64}, {"date": "2024-03-13-16-00-00", "latency": 64}, {"date": "2024-03-13-16-00-00", "latency": 64}, {"date": "2024-03-13-16-00-00", "latency": 64}, {"date": "2024-03-13-16-00-00", "latency": 64}, {"date": "2024-03-13-16-00-00", "latency": 64}, {"date": "2024-03-13-16-00-00", "latency": 64}, {"date": "2024-03-13-16-00-00", "latency": 64}, {"date": "2024-03-13-16-00-00", "latency": 64}]}, {"location": {"country_code": "pe", "region": "Tacna", "city": "Tacna"}, "game_id": "116088", "values": [{"date": "2024-03-13-03-00-00", "latency": 19}, {"date": "2024-03-13-03-00-00", "latency": 19}, {"date": "2024-03-13-03-00-00", "latency": 19}]}, {"location": {"country_code": "se", "region": "Varmland County", "city": "Charlottenberg"}, "game_id": "116088", "values": [{"date": "2024-03-13-19-00-00", "latency": 26}]}, {"location": {"country_code": "bo", "region": "Tarija Department", "city": "Bermejo"}, "game_id": "116088", "values": [{"date": "2024-03-13-04-00-00", "latency": 38}, {"date": "2024-03-13-04-00-00", "latency": 38}]}, {"location": {"country_code": "xk"}, "game_id": "116088", "values": [{"date": "2024-03-13-17-00-00", "latency": 50}, {"date": "2024-03-13-17-00-00", "latency": 50}, {"date": "2024-03-13-17-00-00", "latency": 50}, {"date": "2024-03-13-17-00-00", "latency": 50}, {"date": "2024-03-13-17-00-00", "latency": 50}, {"date": "2024-03-13-17-00-00", "latency": 50}, {"date": "2024-03-13-17-00-00", "latency": 50}, {"date": "2024-03-13-17-00-00", "latency": 50}, {"date": "2024-03-13-17-00-00", "latency": 50}, {"date": "2024-03-13-17-00-00", "latency": 50}, {"date": "2024-03-13-17-00-00", "latency": 50}, {"date": "2024-03-13-17-00-00", "latency": 50}, {"date": "2024-03-13-17-00-00", "latency": 50}, {"date": "2024-03-13-17-00-00", "latency": 50}, {"date": "2024-03-13-17-00-00", "latency": 50}, {"date": "2024-03-13-17-00-00", "latency": 50}, {"date": "2024-03-13-17-00-00", "latency": 50}, {"date": "2024-03-13-17-00-00", "latency": 50}, {"date": "2024-03-13-17-00-00", "latency": 50}, {"date": "2024-03-13-17-00-00", "latency": 50}, {"date": "2024-03-13-17-00-00", "latency": 50}, {"date": "2024-03-13-17-00-00", "latency": 50}, {"date": "2024-03-13-17-00-00", "latency": 50}, {"date": "2024-03-13-17-00-00", "latency": 50}, {"date": "2024-03-13-17-00-00", "latency": 50}, {"date": "2024-03-13-17-00-00", "latency": 50}, {"date": "2024-03-13-17-00-00", "latency": 50}, {"date": "2024-03-13-17-00-00", "latency": 50}, {"date": "2024-03-13-17-00-00", "latency": 50}, {"date": "2024-03-13-17-00-00", "latency": 50}, {"date": "2024-03-13-17-00-00", "latency": 50}, {"date": "2024-03-13-17-00-00", "latency": 50}, {"date": "2024-03-13-17-00-00", "latency": 50}, {"date": "2024-03-13-17-00-00", "latency": 50}, {"date": "2024-03-13-17-00-00", "latency": 50}, {"date": "2024-03-13-17-00-00", "latency": 50}, {"date": "2024-03-13-17-00-00", "latency": 50}, {"date": "2024-03-13-17-00-00", "latency": 50}, {"date": "2024-03-13-17-00-00", "latency": 50}, {"date": "2024-03-13-17-00-00", "latency": 50}, {"date": "2024-03-13-17-00-00", "latency": 50}, {"date": "2024-03-13-17-00-00", "latency": 50}, {"date": "2024-03-13-17-00-00", "latency": 50}, {"date": "2024-03-13-17-00-00", "latency": 50}, {"date": "2024-03-13-17-00-00", "latency": 50}, {"date": "2024-03-13-17-00-00", "latency": 50}, {"date": "2024-03-13-17-00-00", "latency": 50}]}, {"location": {"country_code": "ua", "region": "Poltava Oblast", "city": "Poltava"}, "game_id": "116088", "values": [{"date": "2024-03-13-04-00-00", "latency": 34}, {"date": "2024-03-13-04-00-00", "latency": 34}, {"date": "2024-03-13-04-00-00", "latency": 34}]}, {"location": {"country_code": "fr", "region": "Nord-Passo di Calais-Piccardia", "city": "Albert"}, "game_id": "116088", "values": [{"date": "2024-03-14-01-00-00", "latency": 40}, {"date": "2024-03-14-01-00-00", "latency": 40}, {"date": "2024-03-14-01-00-00", "latency": 40}, {"date": "2024-03-14-01-00-00", "latency": 40}, {"date": "2024-03-14-01-00-00", "latency": 40}, {"date": "2024-03-14-01-00-00", "latency": 40}, {"date": "2024-03-14-01-00-00", "latency": 40}, {"date": "2024-03-14-01-00-00", "latency": 40}]}, {"location": {"country_code": "br", "region": "Sao Paulo", "city": "Vargem Grande do Sul"}, "game_id": "116088", "values": [{"date": "2024-03-14-00-00-00", "latency": 61}, {"date": "2024-03-14-00-00-00", "latency": 61}, {"date": "2024-03-14-00-00-00", "latency": 61}, {"date": "2024-03-14-00-00-00", "latency": 61}]}, {"location": {"country_code": "us", "region": "Indiana", "city": "New Albany"}, "game_id": "116088", "values": [{"date": "2024-03-13-06-00-00", "latency": 27}, {"date": "2024-03-13-06-00-00", "latency": 27}, {"date": "2024-03-13-06-00-00", "latency": 27}, {"date": "2024-03-13-06-00-00", "latency": 27}, {"date": "2024-03-13-06-00-00", "latency": 27}, {"date": "2024-03-13-06-00-00", "latency": 27}, {"date": "2024-03-13-06-00-00", "latency": 27}, {"date": "2024-03-13-06-00-00", "latency": 27}, {"date": "2024-03-13-06-00-00", "latency": 27}]}, {"location": {"country_code": "my", "region": "Terengganu"}, "game_id": "116088", "values": [{"date": "2024-03-13-08-00-00", "latency": 49}]}], "last_updated": 1719926736.700708}