{"data": [{"location": {"country_code": "nz"}, "game_id": "118849", "values": [{"date": "2022-05-23-11-00-00", "latency": 42}, {"date": "2022-05-23-11-00-00", "latency": 42}, {"date": "2022-05-23-11-00-00", "latency": 42}, {"date": "2022-05-23-11-00-00", "latency": 42}, {"date": "2022-05-23-11-00-00", "latency": 42}, {"date": "2022-05-23-11-00-00", "latency": 42}, {"date": "2022-05-23-11-00-00", "latency": 42}, {"date": "2022-05-23-11-00-00", "latency": 42}, {"date": "2022-05-23-11-00-00", "latency": 42}, {"date": "2022-05-23-11-00-00", "latency": 42}, {"date": "2022-05-23-11-00-00", "latency": 42}, {"date": "2022-05-23-11-00-00", "latency": 42}, {"date": "2022-05-23-11-00-00", "latency": 42}, {"date": "2022-05-23-11-00-00", "latency": 42}, {"date": "2022-05-23-11-00-00", "latency": 42}]}, {"location": {"country_code": "us"}, "game_id": "118849", "values": [{"date": "2022-05-24-01-00-00", "latency": 61}, {"date": "2022-05-24-01-00-00", "latency": 61}, {"date": "2022-05-24-01-00-00", "latency": 61}, {"date": "2022-05-24-01-00-00", "latency": 61}, {"date": "2022-05-24-01-00-00", "latency": 61}, {"date": "2022-05-24-01-00-00", "latency": 61}, {"date": "2022-05-24-01-00-00", "latency": 61}, {"date": "2022-05-24-01-00-00", "latency": 61}, {"date": "2022-05-24-01-00-00", "latency": 61}, {"date": "2022-05-23-23-00-00", "latency": 44}, {"date": "2022-05-23-23-00-00", "latency": 44}, {"date": "2022-05-23-23-00-00", "latency": 44}, {"date": "2022-05-23-23-00-00", "latency": 44}, {"date": "2022-05-23-23-00-00", "latency": 44}, {"date": "2022-05-23-08-00-00", "latency": 34}, {"date": "2022-05-23-08-00-00", "latency": 34}, {"date": "2022-05-23-08-00-00", "latency": 34}, {"date": "2022-05-23-08-00-00", "latency": 34}, {"date": "2022-05-23-08-00-00", "latency": 34}, {"date": "2022-05-23-08-00-00", "latency": 34}, {"date": "2022-05-23-08-00-00", "latency": 34}, {"date": "2022-05-23-08-00-00", "latency": 34}, {"date": "2022-05-23-08-00-00", "latency": 34}, {"date": "2022-05-23-08-00-00", "latency": 34}, {"date": "2022-05-23-08-00-00", "latency": 34}, {"date": "2022-05-23-08-00-00", "latency": 34}, {"date": "2022-05-23-08-00-00", "latency": 34}, {"date": "2022-05-23-08-00-00", "latency": 34}, {"date": "2022-05-23-08-00-00", "latency": 34}, {"date": "2022-05-23-08-00-00", "latency": 34}, {"date": "2022-05-23-08-00-00", "latency": 34}, {"date": "2022-05-23-08-00-00", "latency": 34}, {"date": "2022-05-23-08-00-00", "latency": 34}, {"date": "2022-05-23-08-00-00", "latency": 34}, {"date": "2022-05-23-08-00-00", "latency": 34}, {"date": "2022-05-23-08-00-00", "latency": 34}, {"date": "2022-05-23-08-00-00", "latency": 34}, {"date": "2022-05-23-08-00-00", "latency": 34}, {"date": "2022-05-23-05-00-00", "latency": 67}, {"date": "2022-05-23-05-00-00", "latency": 67}]}, {"location": {"country_code": "de", "region": "Berlin", "city": "Berlin"}, "game_id": "118849", "values": [{"date": "2022-05-23-14-00-00", "latency": 17}, {"date": "2022-05-23-14-00-00", "latency": 17}, {"date": "2022-05-23-14-00-00", "latency": 17}, {"date": "2022-05-23-14-00-00", "latency": 17}, {"date": "2022-05-23-14-00-00", "latency": 17}, {"date": "2022-05-23-14-00-00", "latency": 17}, {"date": "2022-05-23-14-00-00", "latency": 17}, {"date": "2022-05-23-14-00-00", "latency": 17}, {"date": "2022-05-23-14-00-00", "latency": 17}, {"date": "2022-05-23-14-00-00", "latency": 17}, {"date": "2022-05-23-16-00-00", "latency": 110}, {"date": "2022-05-23-16-00-00", "latency": 110}, {"date": "2022-05-23-23-00-00", "latency": 22}, {"date": "2022-05-23-23-00-00", "latency": 22}, {"date": "2022-05-23-23-00-00", "latency": 22}, {"date": "2022-05-23-23-00-00", "latency": 22}, {"date": "2022-05-23-23-00-00", "latency": 22}, {"date": "2022-05-23-23-00-00", "latency": 22}, {"date": "2022-05-23-23-00-00", "latency": 22}, {"date": "2022-05-23-23-00-00", "latency": 22}, {"date": "2022-05-23-23-00-00", "latency": 22}, {"date": "2022-05-23-23-00-00", "latency": 22}, {"date": "2022-05-23-23-00-00", "latency": 22}, {"date": "2022-05-23-23-00-00", "latency": 22}, {"date": "2022-05-23-23-00-00", "latency": 22}, {"date": "2022-05-23-23-00-00", "latency": 22}, {"date": "2022-05-23-23-00-00", "latency": 22}, {"date": "2022-05-23-23-00-00", "latency": 22}, {"date": "2022-05-23-23-00-00", "latency": 22}, {"date": "2022-05-23-23-00-00", "latency": 22}, {"date": "2022-05-23-23-00-00", "latency": 22}, {"date": "2022-05-23-23-00-00", "latency": 22}, {"date": "2022-05-23-23-00-00", "latency": 22}, {"date": "2022-05-23-23-00-00", "latency": 22}, {"date": "2022-05-23-23-00-00", "latency": 22}, {"date": "2022-05-23-23-00-00", "latency": 22}, {"date": "2022-05-23-23-00-00", "latency": 22}, {"date": "2022-05-23-23-00-00", "latency": 22}, {"date": "2022-05-23-23-00-00", "latency": 22}, {"date": "2022-05-23-23-00-00", "latency": 22}, {"date": "2022-05-23-23-00-00", "latency": 22}, {"date": "2022-05-23-23-00-00", "latency": 22}, {"date": "2022-05-23-23-00-00", "latency": 22}, {"date": "2022-05-23-23-00-00", "latency": 22}, {"date": "2022-05-23-23-00-00", "latency": 22}, {"date": "2022-05-23-23-00-00", "latency": 22}, {"date": "2022-05-23-23-00-00", "latency": 22}, {"date": "2022-05-23-23-00-00", "latency": 22}, {"date": "2022-05-23-23-00-00", "latency": 22}, {"date": "2022-05-23-23-00-00", "latency": 22}, {"date": "2022-05-23-23-00-00", "latency": 22}, {"date": "2022-05-23-23-00-00", "latency": 22}, {"date": "2022-05-23-23-00-00", "latency": 22}, {"date": "2022-05-23-23-00-00", "latency": 22}, {"date": "2022-05-23-23-00-00", "latency": 22}, {"date": "2022-05-23-23-00-00", "latency": 22}, {"date": "2022-05-23-23-00-00", "latency": 22}, {"date": "2022-05-23-23-00-00", "latency": 22}, {"date": "2022-05-23-23-00-00", "latency": 22}, {"date": "2022-05-23-23-00-00", "latency": 22}, {"date": "2022-05-23-23-00-00", "latency": 22}]}, {"location": {"country_code": "us", "region": "New York", "city": "Jamestown"}, "game_id": "118849", "values": [{"date": "2022-05-24-00-00-00", "latency": 69}, {"date": "2022-05-24-00-00-00", "latency": 69}, {"date": "2022-05-24-00-00-00", "latency": 69}, {"date": "2022-05-24-00-00-00", "latency": 69}, {"date": "2022-05-24-00-00-00", "latency": 69}, {"date": "2022-05-24-00-00-00", "latency": 69}, {"date": "2022-05-24-00-00-00", "latency": 69}, {"date": "2022-05-24-00-00-00", "latency": 69}, {"date": "2022-05-24-00-00-00", "latency": 69}, {"date": "2022-05-24-00-00-00", "latency": 69}, {"date": "2022-05-24-00-00-00", "latency": 69}, {"date": "2022-05-24-00-00-00", "latency": 69}, {"date": "2022-05-24-00-00-00", "latency": 69}, {"date": "2022-05-24-00-00-00", "latency": 69}, {"date": "2022-05-24-00-00-00", "latency": 69}, {"date": "2022-05-24-00-00-00", "latency": 69}, {"date": "2022-05-24-00-00-00", "latency": 69}, {"date": "2022-05-24-00-00-00", "latency": 38}, {"date": "2022-05-24-00-00-00", "latency": 38}, {"date": "2022-05-24-00-00-00", "latency": 38}, {"date": "2022-05-24-00-00-00", "latency": 38}, {"date": "2022-05-24-00-00-00", "latency": 38}, {"date": "2022-05-24-00-00-00", "latency": 38}, {"date": "2022-05-24-00-00-00", "latency": 38}, {"date": "2022-05-24-00-00-00", "latency": 38}, {"date": "2022-05-24-00-00-00", "latency": 38}, {"date": "2022-05-24-00-00-00", "latency": 38}, {"date": "2022-05-24-00-00-00", "latency": 38}, {"date": "2022-05-24-00-00-00", "latency": 38}]}, {"location": {"country_code": "gb"}, "game_id": "118849", "values": [{"date": "2022-05-23-08-00-00", "latency": 104}, {"date": "2022-05-23-08-00-00", "latency": 104}, {"date": "2022-05-23-08-00-00", "latency": 104}, {"date": "2022-05-23-08-00-00", "latency": 104}, {"date": "2022-05-23-08-00-00", "latency": 104}, {"date": "2022-05-23-08-00-00", "latency": 104}, {"date": "2022-05-23-08-00-00", "latency": 104}, {"date": "2022-05-23-08-00-00", "latency": 104}, {"date": "2022-05-23-08-00-00", "latency": 104}, {"date": "2022-05-23-08-00-00", "latency": 104}, {"date": "2022-05-23-08-00-00", "latency": 104}, {"date": "2022-05-23-08-00-00", "latency": 104}, {"date": "2022-05-23-08-00-00", "latency": 104}, {"date": "2022-05-23-08-00-00", "latency": 104}, {"date": "2022-05-23-08-00-00", "latency": 104}, {"date": "2022-05-23-08-00-00", "latency": 104}, {"date": "2022-05-23-08-00-00", "latency": 104}, {"date": "2022-05-23-08-00-00", "latency": 104}, {"date": "2022-05-23-21-00-00", "latency": 17}, {"date": "2022-05-23-21-00-00", "latency": 17}, {"date": "2022-05-23-21-00-00", "latency": 17}, {"date": "2022-05-23-21-00-00", "latency": 17}, {"date": "2022-05-23-21-00-00", "latency": 17}, {"date": "2022-05-23-21-00-00", "latency": 17}, {"date": "2022-05-23-21-00-00", "latency": 17}, {"date": "2022-05-23-21-00-00", "latency": 17}, {"date": "2022-05-23-21-00-00", "latency": 17}, {"date": "2022-05-23-21-00-00", "latency": 17}, {"date": "2022-05-23-21-00-00", "latency": 17}, {"date": "2022-05-23-21-00-00", "latency": 17}, {"date": "2022-05-23-21-00-00", "latency": 17}, {"date": "2022-05-23-21-00-00", "latency": 17}]}, {"location": {"country_code": "th"}, "game_id": "118849", "values": [{"date": "2022-05-23-17-00-00", "latency": 206}, {"date": "2022-05-23-17-00-00", "latency": 206}, {"date": "2022-05-23-17-00-00", "latency": 206}, {"date": "2022-05-23-17-00-00", "latency": 206}, {"date": "2022-05-23-17-00-00", "latency": 206}, {"date": "2022-05-23-17-00-00", "latency": 206}, {"date": "2022-05-23-17-00-00", "latency": 206}, {"date": "2022-05-23-17-00-00", "latency": 206}, {"date": "2022-05-23-17-00-00", "latency": 206}, {"date": "2022-05-23-17-00-00", "latency": 206}]}, {"location": {"country_code": "gr"}, "game_id": "118849", "values": [{"date": "2022-05-24-02-00-00", "latency": 71}, {"date": "2022-05-24-02-00-00", "latency": 71}, {"date": "2022-05-24-02-00-00", "latency": 71}, {"date": "2022-05-24-02-00-00", "latency": 71}, {"date": "2022-05-24-02-00-00", "latency": 71}, {"date": "2022-05-24-02-00-00", "latency": 71}, {"date": "2022-05-24-02-00-00", "latency": 71}, {"date": "2022-05-24-02-00-00", "latency": 71}, {"date": "2022-05-24-02-00-00", "latency": 71}, {"date": "2022-05-24-02-00-00", "latency": 71}, {"date": "2022-05-24-02-00-00", "latency": 71}]}, {"location": {"country_code": "pa"}, "game_id": "118849", "values": [{"date": "2022-05-23-19-00-00", "latency": 56}, {"date": "2022-05-23-19-00-00", "latency": 56}, {"date": "2022-05-23-19-00-00", "latency": 56}, {"date": "2022-05-23-19-00-00", "latency": 56}, {"date": "2022-05-23-19-00-00", "latency": 56}, {"date": "2022-05-23-19-00-00", "latency": 56}, {"date": "2022-05-23-19-00-00", "latency": 56}, {"date": "2022-05-23-19-00-00", "latency": 56}, {"date": "2022-05-23-19-00-00", "latency": 56}, {"date": "2022-05-23-19-00-00", "latency": 56}, {"date": "2022-05-23-19-00-00", "latency": 56}, {"date": "2022-05-23-19-00-00", "latency": 56}, {"date": "2022-05-23-19-00-00", "latency": 56}]}, {"location": {"country_code": "nl"}, "game_id": "118849", "values": [{"date": "2022-05-23-22-00-00", "latency": 11}]}, {"location": {"country_code": "cz"}, "game_id": "118849", "values": [{"date": "2022-05-23-15-00-00", "latency": 33}, {"date": "2022-05-23-15-00-00", "latency": 33}, {"date": "2022-05-23-15-00-00", "latency": 33}, {"date": "2022-05-23-15-00-00", "latency": 33}]}, {"location": {"country_code": "za"}, "game_id": "118849", "values": [{"date": "2022-05-23-22-00-00", "latency": 166}, {"date": "2022-05-23-22-00-00", "latency": 166}, {"date": "2022-05-23-22-00-00", "latency": 166}, {"date": "2022-05-23-22-00-00", "latency": 166}, {"date": "2022-05-23-22-00-00", "latency": 166}, {"date": "2022-05-23-22-00-00", "latency": 166}, {"date": "2022-05-23-22-00-00", "latency": 166}, {"date": "2022-05-23-22-00-00", "latency": 166}, {"date": "2022-05-23-22-00-00", "latency": 166}, {"date": "2022-05-23-22-00-00", "latency": 166}, {"date": "2022-05-23-22-00-00", "latency": 166}, {"date": "2022-05-23-22-00-00", "latency": 166}, {"date": "2022-05-23-22-00-00", "latency": 166}, {"date": "2022-05-23-22-00-00", "latency": 166}, {"date": "2022-05-23-22-00-00", "latency": 166}, {"date": "2022-05-23-22-00-00", "latency": 166}, {"date": "2022-05-23-22-00-00", "latency": 166}, {"date": "2022-05-23-22-00-00", "latency": 166}, {"date": "2022-05-23-22-00-00", "latency": 166}, {"date": "2022-05-23-22-00-00", "latency": 166}, {"date": "2022-05-23-22-00-00", "latency": 166}, {"date": "2022-05-23-22-00-00", "latency": 166}]}, {"location": {"country_code": "jp"}, "game_id": "118849", "values": [{"date": "2022-05-23-18-00-00", "latency": 158}, {"date": "2022-05-23-18-00-00", "latency": 158}, {"date": "2022-05-23-18-00-00", "latency": 158}, {"date": "2022-05-23-12-00-00", "latency": 8}, {"date": "2022-05-23-12-00-00", "latency": 8}, {"date": "2022-05-23-12-00-00", "latency": 8}, {"date": "2022-05-23-12-00-00", "latency": 8}]}, {"location": {"country_code": "ca"}, "game_id": "118849", "values": [{"date": "2022-05-24-01-00-00", "latency": 35}, {"date": "2022-05-24-01-00-00", "latency": 35}, {"date": "2022-05-24-01-00-00", "latency": 35}]}, {"location": {"country_code": "ch"}, "game_id": "118849", "values": [{"date": "2022-05-23-17-00-00", "latency": 14}, {"date": "2022-05-23-17-00-00", "latency": 14}, {"date": "2022-05-23-17-00-00", "latency": 14}, {"date": "2022-05-23-17-00-00", "latency": 14}, {"date": "2022-05-23-17-00-00", "latency": 14}, {"date": "2022-05-23-17-00-00", "latency": 14}, {"date": "2022-05-23-17-00-00", "latency": 14}, {"date": "2022-05-23-17-00-00", "latency": 14}, {"date": "2022-05-23-17-00-00", "latency": 14}, {"date": "2022-05-23-17-00-00", "latency": 14}, {"date": "2022-05-23-17-00-00", "latency": 14}, {"date": "2022-05-23-17-00-00", "latency": 14}, {"date": "2022-05-23-17-00-00", "latency": 14}, {"date": "2022-05-23-17-00-00", "latency": 14}, {"date": "2022-05-23-17-00-00", "latency": 14}, {"date": "2022-05-23-17-00-00", "latency": 14}]}, {"location": {"country_code": "de"}, "game_id": "118849", "values": [{"date": "2022-05-23-14-00-00", "latency": 14}, {"date": "2022-05-23-20-00-00", "latency": 19}, {"date": "2022-05-23-20-00-00", "latency": 19}, {"date": "2022-05-23-20-00-00", "latency": 19}, {"date": "2022-05-23-20-00-00", "latency": 19}, {"date": "2022-05-23-20-00-00", "latency": 19}, {"date": "2022-05-23-20-00-00", "latency": 19}, {"date": "2022-05-23-20-00-00", "latency": 19}, {"date": "2022-05-23-20-00-00", "latency": 19}, {"date": "2022-05-23-20-00-00", "latency": 19}, {"date": "2022-05-23-20-00-00", "latency": 19}, {"date": "2022-05-23-20-00-00", "latency": 19}, {"date": "2022-05-23-20-00-00", "latency": 19}, {"date": "2022-05-23-20-00-00", "latency": 19}, {"date": "2022-05-23-20-00-00", "latency": 19}, {"date": "2022-05-23-20-00-00", "latency": 19}, {"date": "2022-05-23-20-00-00", "latency": 19}, {"date": "2022-05-23-20-00-00", "latency": 19}, {"date": "2022-05-23-20-00-00", "latency": 19}, {"date": "2022-05-23-20-00-00", "latency": 19}, {"date": "2022-05-23-20-00-00", "latency": 19}, {"date": "2022-05-23-20-00-00", "latency": 19}, {"date": "2022-05-23-20-00-00", "latency": 19}, {"date": "2022-05-23-23-00-00", "latency": 21}, {"date": "2022-05-23-23-00-00", "latency": 21}, {"date": "2022-05-23-23-00-00", "latency": 21}, {"date": "2022-05-23-23-00-00", "latency": 21}, {"date": "2022-05-23-23-00-00", "latency": 21}, {"date": "2022-05-23-23-00-00", "latency": 21}, {"date": "2022-05-23-23-00-00", "latency": 21}, {"date": "2022-05-23-23-00-00", "latency": 21}, {"date": "2022-05-23-23-00-00", "latency": 21}, {"date": "2022-05-23-23-00-00", "latency": 21}, {"date": "2022-05-23-23-00-00", "latency": 21}, {"date": "2022-05-23-23-00-00", "latency": 21}, {"date": "2022-05-23-23-00-00", "latency": 21}, {"date": "2022-05-23-23-00-00", "latency": 21}, {"date": "2022-05-23-23-00-00", "latency": 21}, {"date": "2022-05-23-23-00-00", "latency": 21}, {"date": "2022-05-23-23-00-00", "latency": 21}, {"date": "2022-05-23-23-00-00", "latency": 21}, {"date": "2022-05-23-23-00-00", "latency": 21}, {"date": "2022-05-23-23-00-00", "latency": 21}, {"date": "2022-05-23-23-00-00", "latency": 21}, {"date": "2022-05-23-23-00-00", "latency": 21}, {"date": "2022-05-23-23-00-00", "latency": 21}, {"date": "2022-05-23-22-00-00", "latency": 18}, {"date": "2022-05-23-22-00-00", "latency": 12}, {"date": "2022-05-23-22-00-00", "latency": 12}, {"date": "2022-05-23-22-00-00", "latency": 12}, {"date": "2022-05-23-22-00-00", "latency": 12}, {"date": "2022-05-23-22-00-00", "latency": 12}, {"date": "2022-05-23-22-00-00", "latency": 12}, {"date": "2022-05-23-22-00-00", "latency": 12}, {"date": "2022-05-23-22-00-00", "latency": 12}, {"date": "2022-05-23-22-00-00", "latency": 12}, {"date": "2022-05-23-22-00-00", "latency": 12}, {"date": "2022-05-23-22-00-00", "latency": 12}, {"date": "2022-05-23-15-00-00", "latency": 31}, {"date": "2022-05-23-15-00-00", "latency": 31}, {"date": "2022-05-23-15-00-00", "latency": 31}, {"date": "2022-05-23-15-00-00", "latency": 31}, {"date": "2022-05-23-15-00-00", "latency": 31}, {"date": "2022-05-23-15-00-00", "latency": 31}]}, {"location": {"country_code": "tw"}, "game_id": "118849", "values": [{"date": "2022-05-23-18-00-00", "latency": 7}, {"date": "2022-05-23-18-00-00", "latency": 7}, {"date": "2022-05-23-18-00-00", "latency": 7}, {"date": "2022-05-23-18-00-00", "latency": 7}, {"date": "2022-05-23-18-00-00", "latency": 7}, {"date": "2022-05-23-18-00-00", "latency": 7}]}, {"location": {"country_code": "br", "region": "Parana", "city": "Araucaria"}, "game_id": "118849", "values": [{"date": "2022-05-23-23-00-00", "latency": 12}, {"date": "2022-05-23-23-00-00", "latency": 12}, {"date": "2022-05-23-23-00-00", "latency": 12}]}, {"location": {"country_code": "gb", "region": "England"}, "game_id": "118849", "values": [{"date": "2022-05-23-17-00-00", "latency": 25}, {"date": "2022-05-23-17-00-00", "latency": 25}, {"date": "2022-05-23-17-00-00", "latency": 25}, {"date": "2022-05-23-17-00-00", "latency": 25}, {"date": "2022-05-23-17-00-00", "latency": 25}, {"date": "2022-05-23-17-00-00", "latency": 25}, {"date": "2022-05-23-17-00-00", "latency": 25}]}, {"location": {"country_code": "cl"}, "game_id": "118849", "values": [{"date": "2022-05-24-02-00-00", "latency": 4}, {"date": "2022-05-23-03-00-00", "latency": 32}, {"date": "2022-05-23-03-00-00", "latency": 32}, {"date": "2022-05-23-03-00-00", "latency": 32}, {"date": "2022-05-23-03-00-00", "latency": 32}, {"date": "2022-05-23-03-00-00", "latency": 32}, {"date": "2022-05-23-03-00-00", "latency": 32}, {"date": "2022-05-23-03-00-00", "latency": 32}, {"date": "2022-05-23-03-00-00", "latency": 32}, {"date": "2022-05-23-03-00-00", "latency": 32}]}, {"location": {"country_code": "us", "region": "Florida"}, "game_id": "118849", "values": [{"date": "2022-05-23-11-00-00", "latency": 44}, {"date": "2022-05-23-11-00-00", "latency": 44}, {"date": "2022-05-23-11-00-00", "latency": 44}, {"date": "2022-05-23-11-00-00", "latency": 44}, {"date": "2022-05-23-11-00-00", "latency": 44}, {"date": "2022-05-23-11-00-00", "latency": 44}, {"date": "2022-05-23-11-00-00", "latency": 44}, {"date": "2022-05-23-11-00-00", "latency": 44}, {"date": "2022-05-23-11-00-00", "latency": 44}, {"date": "2022-05-23-11-00-00", "latency": 44}, {"date": "2022-05-23-11-00-00", "latency": 44}, {"date": "2022-05-23-11-00-00", "latency": 44}]}, {"location": {"country_code": "fr"}, "game_id": "118849", "values": [{"date": "2022-05-24-01-00-00", "latency": 3}, {"date": "2022-05-24-01-00-00", "latency": 3}, {"date": "2022-05-24-01-00-00", "latency": 3}, {"date": "2022-05-24-01-00-00", "latency": 3}, {"date": "2022-05-24-01-00-00", "latency": 3}, {"date": "2022-05-23-23-00-00", "latency": 23}, {"date": "2022-05-23-23-00-00", "latency": 23}, {"date": "2022-05-23-23-00-00", "latency": 23}, {"date": "2022-05-23-23-00-00", "latency": 23}, {"date": "2022-05-23-23-00-00", "latency": 23}, {"date": "2022-05-23-23-00-00", "latency": 23}, {"date": "2022-05-23-20-00-00", "latency": 25}, {"date": "2022-05-23-20-00-00", "latency": 25}, {"date": "2022-05-23-20-00-00", "latency": 25}, {"date": "2022-05-23-20-00-00", "latency": 25}, {"date": "2022-05-23-21-00-00", "latency": 22}, {"date": "2022-05-23-15-00-00", "latency": 8}, {"date": "2022-05-23-15-00-00", "latency": 8}, {"date": "2022-05-23-15-00-00", "latency": 8}, {"date": "2022-05-23-15-00-00", "latency": 8}, {"date": "2022-05-23-15-00-00", "latency": 8}, {"date": "2022-05-23-15-00-00", "latency": 8}, {"date": "2022-05-23-15-00-00", "latency": 8}, {"date": "2022-05-23-15-00-00", "latency": 8}, {"date": "2022-05-23-15-00-00", "latency": 8}, {"date": "2022-05-23-15-00-00", "latency": 8}, {"date": "2022-05-23-15-00-00", "latency": 8}, {"date": "2022-05-23-15-00-00", "latency": 8}, {"date": "2022-05-23-15-00-00", "latency": 8}, {"date": "2022-05-23-15-00-00", "latency": 8}, {"date": "2022-05-24-02-00-00", "latency": 90}, {"date": "2022-05-24-02-00-00", "latency": 90}, {"date": "2022-05-24-02-00-00", "latency": 90}, {"date": "2022-05-24-02-00-00", "latency": 90}, {"date": "2022-05-24-02-00-00", "latency": 90}, {"date": "2022-05-24-02-00-00", "latency": 90}, {"date": "2022-05-24-02-00-00", "latency": 90}, {"date": "2022-05-24-02-00-00", "latency": 90}, {"date": "2022-05-24-02-00-00", "latency": 90}, {"date": "2022-05-24-02-00-00", "latency": 90}, {"date": "2022-05-24-02-00-00", "latency": 90}, {"date": "2022-05-24-02-00-00", "latency": 90}, {"date": "2022-05-24-02-00-00", "latency": 90}, {"date": "2022-05-24-02-00-00", "latency": 90}, {"date": "2022-05-24-02-00-00", "latency": 90}, {"date": "2022-05-24-02-00-00", "latency": 90}, {"date": "2022-05-24-02-00-00", "latency": 90}, {"date": "2022-05-24-02-00-00", "latency": 90}, {"date": "2022-05-24-02-00-00", "latency": 90}, {"date": "2022-05-24-02-00-00", "latency": 90}, {"date": "2022-05-24-02-00-00", "latency": 90}, {"date": "2022-05-24-02-00-00", "latency": 90}, {"date": "2022-05-24-02-00-00", "latency": 90}, {"date": "2022-05-24-02-00-00", "latency": 90}, {"date": "2022-05-24-02-00-00", "latency": 90}, {"date": "2022-05-24-02-00-00", "latency": 90}, {"date": "2022-05-24-02-00-00", "latency": 90}, {"date": "2022-05-24-02-00-00", "latency": 90}, {"date": "2022-05-24-02-00-00", "latency": 90}, {"date": "2022-05-24-02-00-00", "latency": 90}, {"date": "2022-05-24-02-00-00", "latency": 90}, {"date": "2022-05-24-02-00-00", "latency": 90}, {"date": "2022-05-24-02-00-00", "latency": 90}, {"date": "2022-05-24-02-00-00", "latency": 90}, {"date": "2022-05-24-02-00-00", "latency": 90}, {"date": "2022-05-24-02-00-00", "latency": 90}, {"date": "2022-05-24-02-00-00", "latency": 90}, {"date": "2022-05-24-02-00-00", "latency": 90}, {"date": "2022-05-24-02-00-00", "latency": 90}, {"date": "2022-05-24-02-00-00", "latency": 90}, {"date": "2022-05-24-02-00-00", "latency": 90}, {"date": "2022-05-24-02-00-00", "latency": 90}, {"date": "2022-05-24-02-00-00", "latency": 90}, {"date": "2022-05-24-02-00-00", "latency": 90}, {"date": "2022-05-24-02-00-00", "latency": 90}, {"date": "2022-05-24-02-00-00", "latency": 90}, {"date": "2022-05-24-02-00-00", "latency": 90}, {"date": "2022-05-24-02-00-00", "latency": 90}, {"date": "2022-05-24-02-00-00", "latency": 90}, {"date": "2022-05-24-02-00-00", "latency": 90}, {"date": "2022-05-24-02-00-00", "latency": 90}, {"date": "2022-05-24-02-00-00", "latency": 90}, {"date": "2022-05-24-02-00-00", "latency": 90}, {"date": "2022-05-24-02-00-00", "latency": 90}, {"date": "2022-05-24-02-00-00", "latency": 90}, {"date": "2022-05-24-02-00-00", "latency": 90}, {"date": "2022-05-24-02-00-00", "latency": 90}, {"date": "2022-05-24-02-00-00", "latency": 90}, {"date": "2022-05-24-02-00-00", "latency": 90}, {"date": "2022-05-24-02-00-00", "latency": 90}, {"date": "2022-05-24-02-00-00", "latency": 90}, {"date": "2022-05-24-02-00-00", "latency": 90}, {"date": "2022-05-24-02-00-00", "latency": 90}, {"date": "2022-05-24-02-00-00", "latency": 90}, {"date": "2022-05-24-02-00-00", "latency": 90}, {"date": "2022-05-24-02-00-00", "latency": 90}, {"date": "2022-05-24-02-00-00", "latency": 90}, {"date": "2022-05-24-02-00-00", "latency": 90}, {"date": "2022-05-24-02-00-00", "latency": 90}, {"date": "2022-05-24-02-00-00", "latency": 90}, {"date": "2022-05-24-02-00-00", "latency": 90}, {"date": "2022-05-24-02-00-00", "latency": 90}, {"date": "2022-05-24-02-00-00", "latency": 90}, {"date": "2022-05-24-02-00-00", "latency": 90}, {"date": "2022-05-24-02-00-00", "latency": 90}, {"date": "2022-05-24-02-00-00", "latency": 90}, {"date": "2022-05-23-19-00-00", "latency": 52}, {"date": "2022-05-23-19-00-00", "latency": 52}, {"date": "2022-05-23-19-00-00", "latency": 52}, {"date": "2022-05-23-19-00-00", "latency": 52}, {"date": "2022-05-23-19-00-00", "latency": 52}, {"date": "2022-05-23-19-00-00", "latency": 52}, {"date": "2022-05-23-19-00-00", "latency": 52}, {"date": "2022-05-23-19-00-00", "latency": 52}, {"date": "2022-05-23-12-00-00", "latency": 19}]}, {"location": {"country_code": "fr", "region": "Occitanie"}, "game_id": "118849", "values": [{"date": "2022-05-23-08-00-00", "latency": 14}, {"date": "2022-05-23-08-00-00", "latency": 14}, {"date": "2022-05-23-08-00-00", "latency": 14}, {"date": "2022-05-23-08-00-00", "latency": 14}]}, {"location": {"country_code": "br", "region": "Sao Paulo", "city": "Varzea Paulista"}, "game_id": "118849", "values": [{"date": "2022-05-23-04-00-00", "latency": 15}, {"date": "2022-05-23-22-00-00", "latency": 8}, {"date": "2022-05-23-22-00-00", "latency": 8}, {"date": "2022-05-23-22-00-00", "latency": 8}, {"date": "2022-05-23-22-00-00", "latency": 8}, {"date": "2022-05-23-22-00-00", "latency": 8}, {"date": "2022-05-23-22-00-00", "latency": 8}, {"date": "2022-05-23-22-00-00", "latency": 8}, {"date": "2022-05-23-22-00-00", "latency": 8}, {"date": "2022-05-23-22-00-00", "latency": 8}, {"date": "2022-05-23-22-00-00", "latency": 8}, {"date": "2022-05-23-21-00-00", "latency": 17}, {"date": "2022-05-23-21-00-00", "latency": 17}, {"date": "2022-05-23-21-00-00", "latency": 17}, {"date": "2022-05-23-21-00-00", "latency": 17}, {"date": "2022-05-23-21-00-00", "latency": 17}, {"date": "2022-05-23-21-00-00", "latency": 17}, {"date": "2022-05-23-21-00-00", "latency": 17}, {"date": "2022-05-23-21-00-00", "latency": 17}, {"date": "2022-05-23-21-00-00", "latency": 17}, {"date": "2022-05-23-21-00-00", "latency": 17}, {"date": "2022-05-23-21-00-00", "latency": 17}, {"date": "2022-05-23-21-00-00", "latency": 17}, {"date": "2022-05-23-21-00-00", "latency": 17}, {"date": "2022-05-23-21-00-00", "latency": 17}, {"date": "2022-05-23-21-00-00", "latency": 17}]}, {"location": {"country_code": "us", "region": "New Jersey"}, "game_id": "118849", "values": [{"date": "2022-05-23-05-00-00", "latency": 23}, {"date": "2022-05-23-05-00-00", "latency": 23}, {"date": "2022-05-23-05-00-00", "latency": 23}, {"date": "2022-05-23-05-00-00", "latency": 23}, {"date": "2022-05-23-05-00-00", "latency": 23}, {"date": "2022-05-23-05-00-00", "latency": 23}, {"date": "2022-05-23-05-00-00", "latency": 23}, {"date": "2022-05-23-05-00-00", "latency": 23}]}, {"location": {"country_code": "mx"}, "game_id": "118849", "values": [{"date": "2022-05-23-22-00-00", "latency": 63}, {"date": "2022-05-23-22-00-00", "latency": 63}, {"date": "2022-05-23-22-00-00", "latency": 63}, {"date": "2022-05-23-22-00-00", "latency": 63}, {"date": "2022-05-23-22-00-00", "latency": 63}, {"date": "2022-05-23-22-00-00", "latency": 63}, {"date": "2022-05-23-22-00-00", "latency": 63}, {"date": "2022-05-24-02-00-00", "latency": 92}, {"date": "2022-05-24-02-00-00", "latency": 92}, {"date": "2022-05-24-02-00-00", "latency": 92}, {"date": "2022-05-24-02-00-00", "latency": 92}, {"date": "2022-05-24-02-00-00", "latency": 92}, {"date": "2022-05-24-02-00-00", "latency": 92}, {"date": "2022-05-24-02-00-00", "latency": 92}, {"date": "2022-05-24-02-00-00", "latency": 92}, {"date": "2022-05-24-02-00-00", "latency": 92}, {"date": "2022-05-24-02-00-00", "latency": 92}, {"date": "2022-05-24-02-00-00", "latency": 92}, {"date": "2022-05-24-02-00-00", "latency": 92}, {"date": "2022-05-24-02-00-00", "latency": 92}, {"date": "2022-05-24-02-00-00", "latency": 92}, {"date": "2022-05-24-02-00-00", "latency": 92}, {"date": "2022-05-24-02-00-00", "latency": 92}, {"date": "2022-05-24-02-00-00", "latency": 92}, {"date": "2022-05-24-02-00-00", "latency": 92}, {"date": "2022-05-24-02-00-00", "latency": 92}, {"date": "2022-05-24-02-00-00", "latency": 92}, {"date": "2022-05-24-02-00-00", "latency": 92}, {"date": "2022-05-24-02-00-00", "latency": 92}, {"date": "2022-05-24-02-00-00", "latency": 92}, {"date": "2022-05-24-02-00-00", "latency": 92}, {"date": "2022-05-24-02-00-00", "latency": 92}, {"date": "2022-05-24-02-00-00", "latency": 92}, {"date": "2022-05-24-02-00-00", "latency": 92}, {"date": "2022-05-24-02-00-00", "latency": 92}, {"date": "2022-05-24-02-00-00", "latency": 92}, {"date": "2022-05-24-02-00-00", "latency": 92}, {"date": "2022-05-24-02-00-00", "latency": 92}, {"date": "2022-05-24-02-00-00", "latency": 92}, {"date": "2022-05-24-02-00-00", "latency": 92}, {"date": "2022-05-24-02-00-00", "latency": 92}, {"date": "2022-05-24-02-00-00", "latency": 92}, {"date": "2022-05-24-02-00-00", "latency": 92}, {"date": "2022-05-24-02-00-00", "latency": 92}, {"date": "2022-05-24-02-00-00", "latency": 92}, {"date": "2022-05-24-02-00-00", "latency": 92}, {"date": "2022-05-24-02-00-00", "latency": 92}, {"date": "2022-05-24-02-00-00", "latency": 92}, {"date": "2022-05-24-02-00-00", "latency": 92}, {"date": "2022-05-24-02-00-00", "latency": 92}, {"date": "2022-05-24-02-00-00", "latency": 92}, {"date": "2022-05-24-02-00-00", "latency": 92}, {"date": "2022-05-24-02-00-00", "latency": 92}, {"date": "2022-05-24-02-00-00", "latency": 92}, {"date": "2022-05-23-18-00-00", "latency": 92}]}, {"location": {"country_code": "mx", "region": "Mexico City"}, "game_id": "118849", "values": [{"date": "2022-05-24-00-00-00", "latency": 52}, {"date": "2022-05-24-00-00-00", "latency": 52}, {"date": "2022-05-24-00-00-00", "latency": 52}, {"date": "2022-05-24-00-00-00", "latency": 52}, {"date": "2022-05-24-00-00-00", "latency": 52}, {"date": "2022-05-24-00-00-00", "latency": 52}]}, {"location": {"country_code": "us", "region": "California"}, "game_id": "118849", "values": [{"date": "2022-05-24-02-00-00", "latency": 58}, {"date": "2022-05-24-02-00-00", "latency": 58}, {"date": "2022-05-24-02-00-00", "latency": 58}, {"date": "2022-05-24-02-00-00", "latency": 58}, {"date": "2022-05-24-02-00-00", "latency": 58}, {"date": "2022-05-24-02-00-00", "latency": 58}, {"date": "2022-05-23-20-00-00", "latency": 44}, {"date": "2022-05-23-20-00-00", "latency": 44}, {"date": "2022-05-23-20-00-00", "latency": 44}, {"date": "2022-05-23-20-00-00", "latency": 44}, {"date": "2022-05-23-20-00-00", "latency": 44}, {"date": "2022-05-23-20-00-00", "latency": 44}, {"date": "2022-05-23-20-00-00", "latency": 44}, {"date": "2022-05-23-20-00-00", "latency": 44}, {"date": "2022-05-23-20-00-00", "latency": 44}]}, {"location": {"country_code": "br"}, "game_id": "118849", "values": [{"date": "2022-05-23-18-00-00", "latency": 6}, {"date": "2022-05-23-18-00-00", "latency": 6}, {"date": "2022-05-23-18-00-00", "latency": 6}, {"date": "2022-05-23-18-00-00", "latency": 6}, {"date": "2022-05-23-18-00-00", "latency": 6}, {"date": "2022-05-23-18-00-00", "latency": 6}, {"date": "2022-05-23-18-00-00", "latency": 6}, {"date": "2022-05-23-18-00-00", "latency": 6}, {"date": "2022-05-23-18-00-00", "latency": 6}, {"date": "2022-05-23-18-00-00", "latency": 6}, {"date": "2022-05-23-18-00-00", "latency": 6}, {"date": "2022-05-23-18-00-00", "latency": 6}, {"date": "2022-05-23-18-00-00", "latency": 6}, {"date": "2022-05-23-18-00-00", "latency": 6}, {"date": "2022-05-23-18-00-00", "latency": 6}, {"date": "2022-05-23-18-00-00", "latency": 6}, {"date": "2022-05-23-07-00-00", "latency": 26}, {"date": "2022-05-23-07-00-00", "latency": 26}, {"date": "2022-05-23-07-00-00", "latency": 26}, {"date": "2022-05-23-07-00-00", "latency": 26}, {"date": "2022-05-23-07-00-00", "latency": 26}]}, {"location": {"country_code": "br", "region": "Sao Paulo", "city": "Guarulhos"}, "game_id": "118849", "values": [{"date": "2022-05-23-23-00-00", "latency": 5}, {"date": "2022-05-23-23-00-00", "latency": 5}, {"date": "2022-05-23-23-00-00", "latency": 5}]}, {"location": {"country_code": "br", "region": "State of Rio de Janeiro", "city": "Angra dos Reis"}, "game_id": "118849", "values": [{"date": "2022-05-24-01-00-00", "latency": 11}, {"date": "2022-05-24-01-00-00", "latency": 11}, {"date": "2022-05-24-01-00-00", "latency": 11}, {"date": "2022-05-24-01-00-00", "latency": 11}, {"date": "2022-05-24-01-00-00", "latency": 11}, {"date": "2022-05-24-01-00-00", "latency": 11}, {"date": "2022-05-24-01-00-00", "latency": 11}, {"date": "2022-05-24-01-00-00", "latency": 11}, {"date": "2022-05-24-01-00-00", "latency": 11}, {"date": "2022-05-24-01-00-00", "latency": 11}, {"date": "2022-05-24-01-00-00", "latency": 11}, {"date": "2022-05-24-01-00-00", "latency": 11}, {"date": "2022-05-24-01-00-00", "latency": 11}, {"date": "2022-05-24-01-00-00", "latency": 11}, {"date": "2022-05-24-01-00-00", "latency": 11}, {"date": "2022-05-24-01-00-00", "latency": 11}, {"date": "2022-05-24-01-00-00", "latency": 11}, {"date": "2022-05-23-21-00-00", "latency": 10}, {"date": "2022-05-23-21-00-00", "latency": 10}, {"date": "2022-05-23-21-00-00", "latency": 10}, {"date": "2022-05-23-21-00-00", "latency": 10}]}, {"location": {"country_code": "br", "region": "Sao Paulo", "city": "Apiai"}, "game_id": "118849", "values": [{"date": "2022-05-23-23-00-00", "latency": 4}, {"date": "2022-05-23-23-00-00", "latency": 4}, {"date": "2022-05-23-23-00-00", "latency": 4}, {"date": "2022-05-23-23-00-00", "latency": 4}, {"date": "2022-05-23-23-00-00", "latency": 4}, {"date": "2022-05-23-23-00-00", "latency": 4}, {"date": "2022-05-23-23-00-00", "latency": 4}, {"date": "2022-05-23-23-00-00", "latency": 4}, {"date": "2022-05-23-23-00-00", "latency": 4}, {"date": "2022-05-23-23-00-00", "latency": 4}, {"date": "2022-05-23-23-00-00", "latency": 4}, {"date": "2022-05-23-23-00-00", "latency": 4}, {"date": "2022-05-23-23-00-00", "latency": 4}, {"date": "2022-05-23-23-00-00", "latency": 4}, {"date": "2022-05-23-23-00-00", "latency": 4}, {"date": "2022-05-24-02-00-00", "latency": 4}, {"date": "2022-05-24-02-00-00", "latency": 4}, {"date": "2022-05-24-02-00-00", "latency": 4}, {"date": "2022-05-24-02-00-00", "latency": 4}, {"date": "2022-05-24-02-00-00", "latency": 4}, {"date": "2022-05-24-02-00-00", "latency": 4}, {"date": "2022-05-24-02-00-00", "latency": 4}, {"date": "2022-05-24-02-00-00", "latency": 4}, {"date": "2022-05-24-02-00-00", "latency": 4}, {"date": "2022-05-24-02-00-00", "latency": 4}, {"date": "2022-05-24-02-00-00", "latency": 4}, {"date": "2022-05-24-02-00-00", "latency": 4}, {"date": "2022-05-24-02-00-00", "latency": 4}, {"date": "2022-05-24-02-00-00", "latency": 4}, {"date": "2022-05-24-02-00-00", "latency": 4}, {"date": "2022-05-24-02-00-00", "latency": 4}, {"date": "2022-05-24-02-00-00", "latency": 4}, {"date": "2022-05-24-02-00-00", "latency": 4}, {"date": "2022-05-24-02-00-00", "latency": 4}, {"date": "2022-05-24-02-00-00", "latency": 4}, {"date": "2022-05-24-02-00-00", "latency": 4}, {"date": "2022-05-24-02-00-00", "latency": 4}]}, {"location": {"country_code": "se"}, "game_id": "118849", "values": [{"date": "2022-05-23-18-00-00", "latency": 27}, {"date": "2022-05-23-23-00-00", "latency": 36}, {"date": "2022-05-23-23-00-00", "latency": 36}, {"date": "2022-05-23-23-00-00", "latency": 36}, {"date": "2022-05-23-23-00-00", "latency": 36}, {"date": "2022-05-23-23-00-00", "latency": 36}, {"date": "2022-05-23-23-00-00", "latency": 36}, {"date": "2022-05-23-23-00-00", "latency": 36}, {"date": "2022-05-23-23-00-00", "latency": 36}, {"date": "2022-05-23-23-00-00", "latency": 36}, {"date": "2022-05-23-23-00-00", "latency": 36}, {"date": "2022-05-23-23-00-00", "latency": 36}, {"date": "2022-05-23-23-00-00", "latency": 36}, {"date": "2022-05-24-00-00-00", "latency": 126}, {"date": "2022-05-24-00-00-00", "latency": 126}, {"date": "2022-05-24-00-00-00", "latency": 126}, {"date": "2022-05-24-00-00-00", "latency": 126}, {"date": "2022-05-24-00-00-00", "latency": 126}, {"date": "2022-05-24-00-00-00", "latency": 126}, {"date": "2022-05-24-00-00-00", "latency": 126}, {"date": "2022-05-24-00-00-00", "latency": 126}, {"date": "2022-05-24-00-00-00", "latency": 126}, {"date": "2022-05-24-00-00-00", "latency": 126}, {"date": "2022-05-24-00-00-00", "latency": 126}, {"date": "2022-05-24-00-00-00", "latency": 126}, {"date": "2022-05-24-02-00-00", "latency": 25}]}, {"location": {"country_code": "us", "region": "California", "city": "East Los Angeles"}, "game_id": "118849", "values": [{"date": "2022-05-23-20-00-00", "latency": 52}, {"date": "2022-05-23-20-00-00", "latency": 52}, {"date": "2022-05-23-20-00-00", "latency": 52}, {"date": "2022-05-23-20-00-00", "latency": 52}, {"date": "2022-05-23-20-00-00", "latency": 52}, {"date": "2022-05-23-20-00-00", "latency": 52}, {"date": "2022-05-23-20-00-00", "latency": 52}, {"date": "2022-05-23-20-00-00", "latency": 52}, {"date": "2022-05-23-20-00-00", "latency": 52}, {"date": "2022-05-23-20-00-00", "latency": 52}, {"date": "2022-05-23-20-00-00", "latency": 52}, {"date": "2022-05-23-20-00-00", "latency": 52}, {"date": "2022-05-23-20-00-00", "latency": 52}, {"date": "2022-05-23-20-00-00", "latency": 52}, {"date": "2022-05-23-20-00-00", "latency": 52}, {"date": "2022-05-23-20-00-00", "latency": 52}, {"date": "2022-05-23-20-00-00", "latency": 52}, {"date": "2022-05-23-20-00-00", "latency": 52}, {"date": "2022-05-23-20-00-00", "latency": 52}, {"date": "2022-05-23-20-00-00", "latency": 52}, {"date": "2022-05-23-20-00-00", "latency": 52}, {"date": "2022-05-23-20-00-00", "latency": 52}, {"date": "2022-05-23-20-00-00", "latency": 52}, {"date": "2022-05-23-20-00-00", "latency": 52}, {"date": "2022-05-23-20-00-00", "latency": 52}, {"date": "2022-05-23-20-00-00", "latency": 52}, {"date": "2022-05-23-20-00-00", "latency": 52}, {"date": "2022-05-23-20-00-00", "latency": 52}, {"date": "2022-05-23-10-00-00", "latency": 54}, {"date": "2022-05-23-10-00-00", "latency": 54}, {"date": "2022-05-23-10-00-00", "latency": 54}, {"date": "2022-05-23-10-00-00", "latency": 54}, {"date": "2022-05-23-10-00-00", "latency": 54}, {"date": "2022-05-23-10-00-00", "latency": 54}, {"date": "2022-05-23-10-00-00", "latency": 54}, {"date": "2022-05-23-10-00-00", "latency": 54}, {"date": "2022-05-23-10-00-00", "latency": 54}, {"date": "2022-05-23-10-00-00", "latency": 54}, {"date": "2022-05-23-10-00-00", "latency": 54}, {"date": "2022-05-23-10-00-00", "latency": 54}, {"date": "2022-05-23-10-00-00", "latency": 54}, {"date": "2022-05-23-10-00-00", "latency": 54}, {"date": "2022-05-23-10-00-00", "latency": 54}, {"date": "2022-05-23-10-00-00", "latency": 54}, {"date": "2022-05-23-10-00-00", "latency": 54}, {"date": "2022-05-23-10-00-00", "latency": 54}, {"date": "2022-05-23-10-00-00", "latency": 54}, {"date": "2022-05-23-10-00-00", "latency": 54}, {"date": "2022-05-23-10-00-00", "latency": 54}, {"date": "2022-05-23-10-00-00", "latency": 54}, {"date": "2022-05-23-10-00-00", "latency": 54}, {"date": "2022-05-23-10-00-00", "latency": 54}, {"date": "2022-05-23-10-00-00", "latency": 54}, {"date": "2022-05-23-10-00-00", "latency": 54}]}, {"location": {"country_code": "au"}, "game_id": "118849", "values": [{"date": "2022-05-23-19-00-00", "latency": 11}, {"date": "2022-05-23-19-00-00", "latency": 11}, {"date": "2022-05-23-19-00-00", "latency": 11}, {"date": "2022-05-23-19-00-00", "latency": 11}, {"date": "2022-05-23-19-00-00", "latency": 11}, {"date": "2022-05-23-19-00-00", "latency": 11}, {"date": "2022-05-23-19-00-00", "latency": 11}, {"date": "2022-05-23-19-00-00", "latency": 11}, {"date": "2022-05-23-19-00-00", "latency": 11}, {"date": "2022-05-23-19-00-00", "latency": 11}, {"date": "2022-05-23-19-00-00", "latency": 11}, {"date": "2022-05-23-19-00-00", "latency": 11}, {"date": "2022-05-23-19-00-00", "latency": 11}, {"date": "2022-05-23-19-00-00", "latency": 11}, {"date": "2022-05-23-19-00-00", "latency": 11}, {"date": "2022-05-23-19-00-00", "latency": 11}, {"date": "2022-05-23-19-00-00", "latency": 11}, {"date": "2022-05-23-19-00-00", "latency": 11}, {"date": "2022-05-23-19-00-00", "latency": 11}, {"date": "2022-05-23-19-00-00", "latency": 11}, {"date": "2022-05-23-19-00-00", "latency": 11}, {"date": "2022-05-23-19-00-00", "latency": 11}, {"date": "2022-05-23-19-00-00", "latency": 11}, {"date": "2022-05-23-19-00-00", "latency": 11}, {"date": "2022-05-23-19-00-00", "latency": 11}, {"date": "2022-05-23-19-00-00", "latency": 11}, {"date": "2022-05-23-19-00-00", "latency": 11}, {"date": "2022-05-23-19-00-00", "latency": 11}, {"date": "2022-05-23-19-00-00", "latency": 11}, {"date": "2022-05-23-19-00-00", "latency": 11}, {"date": "2022-05-23-19-00-00", "latency": 11}, {"date": "2022-05-23-19-00-00", "latency": 11}, {"date": "2022-05-23-19-00-00", "latency": 11}, {"date": "2022-05-23-19-00-00", "latency": 11}, {"date": "2022-05-23-19-00-00", "latency": 11}, {"date": "2022-05-23-19-00-00", "latency": 11}, {"date": "2022-05-23-19-00-00", "latency": 11}, {"date": "2022-05-23-19-00-00", "latency": 11}, {"date": "2022-05-23-19-00-00", "latency": 11}]}, {"location": {"country_code": "au", "region": "Victoria", "city": "Melbourne"}, "game_id": "118849", "values": [{"date": "2022-05-23-16-00-00", "latency": 14}, {"date": "2022-05-23-16-00-00", "latency": 14}, {"date": "2022-05-23-16-00-00", "latency": 14}, {"date": "2022-05-23-16-00-00", "latency": 14}, {"date": "2022-05-23-16-00-00", "latency": 14}]}, {"location": {"country_code": "tr"}, "game_id": "118849", "values": [{"date": "2022-05-23-19-00-00", "latency": 74}, {"date": "2022-05-23-19-00-00", "latency": 74}, {"date": "2022-05-23-19-00-00", "latency": 74}, {"date": "2022-05-23-19-00-00", "latency": 74}, {"date": "2022-05-23-19-00-00", "latency": 74}, {"date": "2022-05-23-19-00-00", "latency": 74}, {"date": "2022-05-24-02-00-00", "latency": 27}, {"date": "2022-05-24-02-00-00", "latency": 27}, {"date": "2022-05-24-02-00-00", "latency": 27}, {"date": "2022-05-24-02-00-00", "latency": 27}, {"date": "2022-05-24-02-00-00", "latency": 27}, {"date": "2022-05-24-02-00-00", "latency": 27}, {"date": "2022-05-24-02-00-00", "latency": 27}, {"date": "2022-05-24-02-00-00", "latency": 27}, {"date": "2022-05-24-02-00-00", "latency": 27}, {"date": "2022-05-24-02-00-00", "latency": 27}, {"date": "2022-05-24-02-00-00", "latency": 27}, {"date": "2022-05-24-02-00-00", "latency": 27}, {"date": "2022-05-24-02-00-00", "latency": 27}, {"date": "2022-05-24-02-00-00", "latency": 27}, {"date": "2022-05-24-02-00-00", "latency": 27}, {"date": "2022-05-24-02-00-00", "latency": 27}]}, {"location": {"country_code": "pl", "region": "Greater Poland Voivodeship"}, "game_id": "118849", "values": [{"date": "2022-05-23-18-00-00", "latency": 32}, {"date": "2022-05-23-18-00-00", "latency": 32}, {"date": "2022-05-23-18-00-00", "latency": 32}, {"date": "2022-05-23-18-00-00", "latency": 32}, {"date": "2022-05-23-18-00-00", "latency": 32}]}, {"location": {"country_code": "ca", "region": "Ontario"}, "game_id": "118849", "values": [{"date": "2022-05-23-08-00-00", "latency": 47}]}, {"location": {"country_code": "kr"}, "game_id": "118849", "values": [{"date": "2022-05-23-13-00-00", "latency": 6}, {"date": "2022-05-23-13-00-00", "latency": 6}, {"date": "2022-05-23-13-00-00", "latency": 6}, {"date": "2022-05-23-13-00-00", "latency": 6}, {"date": "2022-05-23-13-00-00", "latency": 6}, {"date": "2022-05-23-13-00-00", "latency": 6}, {"date": "2022-05-23-13-00-00", "latency": 6}, {"date": "2022-05-23-13-00-00", "latency": 6}, {"date": "2022-05-23-13-00-00", "latency": 6}, {"date": "2022-05-23-13-00-00", "latency": 6}, {"date": "2022-05-23-13-00-00", "latency": 6}, {"date": "2022-05-23-13-00-00", "latency": 6}, {"date": "2022-05-23-13-00-00", "latency": 6}, {"date": "2022-05-23-13-00-00", "latency": 6}, {"date": "2022-05-23-13-00-00", "latency": 6}, {"date": "2022-05-23-13-00-00", "latency": 6}, {"date": "2022-05-23-13-00-00", "latency": 6}, {"date": "2022-05-23-13-00-00", "latency": 6}, {"date": "2022-05-23-13-00-00", "latency": 6}, {"date": "2022-05-23-13-00-00", "latency": 6}, {"date": "2022-05-23-13-00-00", "latency": 6}, {"date": "2022-05-23-13-00-00", "latency": 6}, {"date": "2022-05-23-13-00-00", "latency": 6}, {"date": "2022-05-23-13-00-00", "latency": 6}, {"date": "2022-05-23-13-00-00", "latency": 6}, {"date": "2022-05-23-13-00-00", "latency": 6}, {"date": "2022-05-23-13-00-00", "latency": 6}, {"date": "2022-05-23-13-00-00", "latency": 6}, {"date": "2022-05-23-13-00-00", "latency": 6}, {"date": "2022-05-23-13-00-00", "latency": 6}, {"date": "2022-05-23-13-00-00", "latency": 6}, {"date": "2022-05-23-13-00-00", "latency": 6}, {"date": "2022-05-23-13-00-00", "latency": 6}, {"date": "2022-05-23-16-00-00", "latency": 6}, {"date": "2022-05-23-16-00-00", "latency": 6}, {"date": "2022-05-23-16-00-00", "latency": 6}, {"date": "2022-05-23-16-00-00", "latency": 6}, {"date": "2022-05-23-16-00-00", "latency": 6}, {"date": "2022-05-23-16-00-00", "latency": 6}]}, {"location": {"country_code": "es"}, "game_id": "118849", "values": [{"date": "2022-05-23-21-00-00", "latency": 34}, {"date": "2022-05-23-21-00-00", "latency": 34}, {"date": "2022-05-23-21-00-00", "latency": 34}, {"date": "2022-05-23-21-00-00", "latency": 34}, {"date": "2022-05-23-21-00-00", "latency": 34}, {"date": "2022-05-23-21-00-00", "latency": 34}, {"date": "2022-05-23-21-00-00", "latency": 34}, {"date": "2022-05-23-21-00-00", "latency": 34}, {"date": "2022-05-23-21-00-00", "latency": 34}, {"date": "2022-05-23-21-00-00", "latency": 34}, {"date": "2022-05-23-21-00-00", "latency": 34}, {"date": "2022-05-23-21-00-00", "latency": 34}, {"date": "2022-05-23-21-00-00", "latency": 34}, {"date": "2022-05-23-21-00-00", "latency": 34}, {"date": "2022-05-23-21-00-00", "latency": 34}, {"date": "2022-05-23-21-00-00", "latency": 34}, {"date": "2022-05-23-21-00-00", "latency": 34}, {"date": "2022-05-23-21-00-00", "latency": 34}, {"date": "2022-05-23-21-00-00", "latency": 34}]}, {"location": {"country_code": "es", "region": "Andalusia", "city": "Granada"}, "game_id": "118849", "values": [{"date": "2022-05-23-17-00-00", "latency": 150}, {"date": "2022-05-23-17-00-00", "latency": 150}, {"date": "2022-05-23-17-00-00", "latency": 150}, {"date": "2022-05-23-17-00-00", "latency": 150}, {"date": "2022-05-23-17-00-00", "latency": 150}, {"date": "2022-05-23-17-00-00", "latency": 150}, {"date": "2022-05-23-17-00-00", "latency": 150}, {"date": "2022-05-23-17-00-00", "latency": 150}, {"date": "2022-05-23-17-00-00", "latency": 150}, {"date": "2022-05-23-17-00-00", "latency": 150}, {"date": "2022-05-23-17-00-00", "latency": 150}]}, {"location": {"country_code": "sa"}, "game_id": "118849", "values": [{"date": "2022-05-23-17-00-00", "latency": 87}, {"date": "2022-05-23-17-00-00", "latency": 87}, {"date": "2022-05-23-17-00-00", "latency": 87}, {"date": "2022-05-23-17-00-00", "latency": 87}, {"date": "2022-05-23-17-00-00", "latency": 87}, {"date": "2022-05-23-17-00-00", "latency": 87}, {"date": "2022-05-23-17-00-00", "latency": 87}, {"date": "2022-05-23-17-00-00", "latency": 87}, {"date": "2022-05-23-17-00-00", "latency": 87}, {"date": "2022-05-23-17-00-00", "latency": 87}]}, {"location": {"country_code": "ar"}, "game_id": "118849", "values": [{"date": "2022-05-23-07-00-00", "latency": 58}, {"date": "2022-05-23-07-00-00", "latency": 58}]}, {"location": {"country_code": "vn"}, "game_id": "118849", "values": [{"date": "2022-05-23-19-00-00", "latency": 28}, {"date": "2022-05-23-19-00-00", "latency": 28}, {"date": "2022-05-23-19-00-00", "latency": 28}]}, {"location": {"country_code": "ar", "region": "Buenos Aires F.D.", "city": "Bahia Blanca"}, "game_id": "118849", "values": [{"date": "2022-05-23-07-00-00", "latency": 94}, {"date": "2022-05-24-01-00-00", "latency": 45}, {"date": "2022-05-24-01-00-00", "latency": 45}, {"date": "2022-05-23-09-00-00", "latency": 29}, {"date": "2022-05-23-09-00-00", "latency": 29}, {"date": "2022-05-23-09-00-00", "latency": 29}, {"date": "2022-05-23-09-00-00", "latency": 29}, {"date": "2022-05-23-09-00-00", "latency": 29}, {"date": "2022-05-23-09-00-00", "latency": 29}, {"date": "2022-05-23-09-00-00", "latency": 29}, {"date": "2022-05-23-09-00-00", "latency": 29}, {"date": "2022-05-23-09-00-00", "latency": 29}, {"date": "2022-05-23-09-00-00", "latency": 29}, {"date": "2022-05-23-09-00-00", "latency": 29}, {"date": "2022-05-23-09-00-00", "latency": 29}, {"date": "2022-05-23-09-00-00", "latency": 29}, {"date": "2022-05-23-09-00-00", "latency": 29}]}, {"location": {"country_code": "br", "region": "Pernambuco"}, "game_id": "118849", "values": [{"date": "2022-05-23-22-00-00", "latency": 37}]}, {"location": {"country_code": "us", "region": "Texas", "city": "Houston"}, "game_id": "118849", "values": [{"date": "2022-05-23-15-00-00", "latency": 38}, {"date": "2022-05-23-15-00-00", "latency": 38}, {"date": "2022-05-23-15-00-00", "latency": 38}, {"date": "2022-05-23-15-00-00", "latency": 38}, {"date": "2022-05-23-15-00-00", "latency": 38}, {"date": "2022-05-23-15-00-00", "latency": 38}, {"date": "2022-05-23-15-00-00", "latency": 38}, {"date": "2022-05-23-15-00-00", "latency": 38}, {"date": "2022-05-23-15-00-00", "latency": 38}, {"date": "2022-05-23-15-00-00", "latency": 38}, {"date": "2022-05-23-15-00-00", "latency": 38}, {"date": "2022-05-23-15-00-00", "latency": 38}, {"date": "2022-05-24-02-00-00", "latency": 35}]}, {"location": {"country_code": "br", "region": "Santa Catarina", "city": "Jaragua do Sul"}, "game_id": "118849", "values": [{"date": "2022-05-24-01-00-00", "latency": 22}, {"date": "2022-05-24-01-00-00", "latency": 22}, {"date": "2022-05-24-01-00-00", "latency": 22}, {"date": "2022-05-24-01-00-00", "latency": 22}, {"date": "2022-05-24-01-00-00", "latency": 22}]}, {"location": {"country_code": "us", "region": "Michigan"}, "game_id": "118849", "values": [{"date": "2022-05-24-00-00-00", "latency": 18}, {"date": "2022-05-24-00-00-00", "latency": 18}, {"date": "2022-05-24-00-00-00", "latency": 18}, {"date": "2022-05-24-00-00-00", "latency": 18}, {"date": "2022-05-24-00-00-00", "latency": 18}, {"date": "2022-05-24-00-00-00", "latency": 18}, {"date": "2022-05-24-00-00-00", "latency": 18}, {"date": "2022-05-24-00-00-00", "latency": 18}, {"date": "2022-05-24-00-00-00", "latency": 18}, {"date": "2022-05-24-00-00-00", "latency": 18}, {"date": "2022-05-24-00-00-00", "latency": 18}, {"date": "2022-05-24-00-00-00", "latency": 18}, {"date": "2022-05-24-00-00-00", "latency": 18}, {"date": "2022-05-24-00-00-00", "latency": 18}, {"date": "2022-05-24-00-00-00", "latency": 18}, {"date": "2022-05-24-00-00-00", "latency": 18}, {"date": "2022-05-24-00-00-00", "latency": 18}, {"date": "2022-05-24-00-00-00", "latency": 18}, {"date": "2022-05-24-00-00-00", "latency": 18}, {"date": "2022-05-24-00-00-00", "latency": 18}, {"date": "2022-05-24-00-00-00", "latency": 18}, {"date": "2022-05-24-00-00-00", "latency": 18}, {"date": "2022-05-24-00-00-00", "latency": 18}, {"date": "2022-05-24-00-00-00", "latency": 18}, {"date": "2022-05-24-00-00-00", "latency": 18}, {"date": "2022-05-24-00-00-00", "latency": 18}, {"date": "2022-05-24-00-00-00", "latency": 18}, {"date": "2022-05-24-00-00-00", "latency": 18}, {"date": "2022-05-24-00-00-00", "latency": 18}, {"date": "2022-05-24-00-00-00", "latency": 18}, {"date": "2022-05-24-00-00-00", "latency": 18}, {"date": "2022-05-24-00-00-00", "latency": 18}, {"date": "2022-05-24-00-00-00", "latency": 18}, {"date": "2022-05-24-00-00-00", "latency": 18}, {"date": "2022-05-24-00-00-00", "latency": 18}, {"date": "2022-05-24-00-00-00", "latency": 18}, {"date": "2022-05-24-00-00-00", "latency": 18}, {"date": "2022-05-24-00-00-00", "latency": 18}, {"date": "2022-05-24-00-00-00", "latency": 18}, {"date": "2022-05-24-00-00-00", "latency": 18}, {"date": "2022-05-24-00-00-00", "latency": 18}, {"date": "2022-05-24-00-00-00", "latency": 18}, {"date": "2022-05-24-00-00-00", "latency": 18}, {"date": "2022-05-24-00-00-00", "latency": 18}, {"date": "2022-05-24-00-00-00", "latency": 18}, {"date": "2022-05-24-00-00-00", "latency": 18}, {"date": "2022-05-24-00-00-00", "latency": 18}, {"date": "2022-05-24-00-00-00", "latency": 18}, {"date": "2022-05-24-00-00-00", "latency": 18}, {"date": "2022-05-24-00-00-00", "latency": 18}, {"date": "2022-05-24-00-00-00", "latency": 18}, {"date": "2022-05-24-00-00-00", "latency": 18}, {"date": "2022-05-24-00-00-00", "latency": 18}, {"date": "2022-05-24-00-00-00", "latency": 18}, {"date": "2022-05-24-00-00-00", "latency": 18}, {"date": "2022-05-24-00-00-00", "latency": 18}, {"date": "2022-05-24-00-00-00", "latency": 18}, {"date": "2022-05-24-00-00-00", "latency": 18}, {"date": "2022-05-24-00-00-00", "latency": 18}, {"date": "2022-05-24-00-00-00", "latency": 18}, {"date": "2022-05-24-00-00-00", "latency": 18}, {"date": "2022-05-24-00-00-00", "latency": 18}, {"date": "2022-05-24-00-00-00", "latency": 18}, {"date": "2022-05-24-00-00-00", "latency": 18}, {"date": "2022-05-24-00-00-00", "latency": 18}]}, {"location": {"country_code": "de", "region": "Bavaria"}, "game_id": "118849", "values": [{"date": "2022-05-23-05-00-00", "latency": 25}, {"date": "2022-05-23-05-00-00", "latency": 25}, {"date": "2022-05-23-05-00-00", "latency": 25}]}, {"location": {"country_code": "at"}, "game_id": "118849", "values": [{"date": "2022-05-23-18-00-00", "latency": 27}]}, {"location": {"country_code": "us", "region": "Arizona"}, "game_id": "118849", "values": [{"date": "2022-05-23-17-00-00", "latency": 46}, {"date": "2022-05-23-17-00-00", "latency": 46}, {"date": "2022-05-23-17-00-00", "latency": 46}, {"date": "2022-05-23-17-00-00", "latency": 46}, {"date": "2022-05-23-17-00-00", "latency": 46}, {"date": "2022-05-23-17-00-00", "latency": 46}, {"date": "2022-05-23-17-00-00", "latency": 46}, {"date": "2022-05-23-17-00-00", "latency": 46}, {"date": "2022-05-23-17-00-00", "latency": 46}, {"date": "2022-05-23-17-00-00", "latency": 46}, {"date": "2022-05-23-17-00-00", "latency": 46}, {"date": "2022-05-23-17-00-00", "latency": 46}, {"date": "2022-05-23-17-00-00", "latency": 46}]}, {"location": {"country_code": "us", "region": "California", "city": "Chula Vista"}, "game_id": "118849", "values": [{"date": "2022-05-23-23-00-00", "latency": 50}, {"date": "2022-05-23-23-00-00", "latency": 50}, {"date": "2022-05-23-23-00-00", "latency": 50}, {"date": "2022-05-23-23-00-00", "latency": 50}, {"date": "2022-05-23-23-00-00", "latency": 50}, {"date": "2022-05-23-23-00-00", "latency": 50}, {"date": "2022-05-23-23-00-00", "latency": 50}, {"date": "2022-05-23-23-00-00", "latency": 50}, {"date": "2022-05-23-23-00-00", "latency": 50}]}, {"location": {"country_code": "es", "region": "Catalonia", "city": "l'Hospitalet de Llobregat"}, "game_id": "118849", "values": [{"date": "2022-05-23-20-00-00", "latency": 45}, {"date": "2022-05-23-20-00-00", "latency": 45}, {"date": "2022-05-23-20-00-00", "latency": 45}, {"date": "2022-05-23-20-00-00", "latency": 45}, {"date": "2022-05-23-20-00-00", "latency": 45}, {"date": "2022-05-23-20-00-00", "latency": 45}, {"date": "2022-05-23-20-00-00", "latency": 45}, {"date": "2022-05-23-20-00-00", "latency": 45}, {"date": "2022-05-23-20-00-00", "latency": 45}, {"date": "2022-05-23-20-00-00", "latency": 45}, {"date": "2022-05-23-20-00-00", "latency": 45}, {"date": "2022-05-23-20-00-00", "latency": 45}, {"date": "2022-05-23-20-00-00", "latency": 45}, {"date": "2022-05-23-20-00-00", "latency": 45}, {"date": "2022-05-23-20-00-00", "latency": 45}, {"date": "2022-05-23-20-00-00", "latency": 45}, {"date": "2022-05-23-20-00-00", "latency": 45}, {"date": "2022-05-23-20-00-00", "latency": 45}, {"date": "2022-05-23-20-00-00", "latency": 45}, {"date": "2022-05-23-20-00-00", "latency": 45}, {"date": "2022-05-23-20-00-00", "latency": 45}, {"date": "2022-05-23-20-00-00", "latency": 45}, {"date": "2022-05-23-20-00-00", "latency": 45}, {"date": "2022-05-23-20-00-00", "latency": 45}, {"date": "2022-05-23-20-00-00", "latency": 45}, {"date": "2022-05-23-20-00-00", "latency": 45}, {"date": "2022-05-23-20-00-00", "latency": 45}, {"date": "2022-05-23-20-00-00", "latency": 45}, {"date": "2022-05-23-20-00-00", "latency": 45}, {"date": "2022-05-23-20-00-00", "latency": 45}, {"date": "2022-05-23-20-00-00", "latency": 45}, {"date": "2022-05-23-20-00-00", "latency": 45}, {"date": "2022-05-23-20-00-00", "latency": 45}, {"date": "2022-05-23-20-00-00", "latency": 45}, {"date": "2022-05-23-15-00-00", "latency": 39}, {"date": "2022-05-23-15-00-00", "latency": 39}, {"date": "2022-05-23-15-00-00", "latency": 39}, {"date": "2022-05-23-15-00-00", "latency": 39}, {"date": "2022-05-23-15-00-00", "latency": 39}, {"date": "2022-05-23-15-00-00", "latency": 39}, {"date": "2022-05-23-15-00-00", "latency": 39}, {"date": "2022-05-23-15-00-00", "latency": 39}, {"date": "2022-05-23-15-00-00", "latency": 39}, {"date": "2022-05-23-15-00-00", "latency": 39}, {"date": "2022-05-23-15-00-00", "latency": 39}, {"date": "2022-05-23-15-00-00", "latency": 39}, {"date": "2022-05-23-15-00-00", "latency": 39}, {"date": "2022-05-23-15-00-00", "latency": 39}, {"date": "2022-05-23-15-00-00", "latency": 39}, {"date": "2022-05-23-15-00-00", "latency": 39}, {"date": "2022-05-23-15-00-00", "latency": 39}, {"date": "2022-05-23-15-00-00", "latency": 39}, {"date": "2022-05-23-15-00-00", "latency": 39}, {"date": "2022-05-23-15-00-00", "latency": 39}, {"date": "2022-05-23-15-00-00", "latency": 39}, {"date": "2022-05-23-15-00-00", "latency": 39}, {"date": "2022-05-23-15-00-00", "latency": 39}, {"date": "2022-05-23-15-00-00", "latency": 39}, {"date": "2022-05-23-15-00-00", "latency": 39}, {"date": "2022-05-23-15-00-00", "latency": 39}, {"date": "2022-05-23-15-00-00", "latency": 39}, {"date": "2022-05-23-15-00-00", "latency": 39}, {"date": "2022-05-23-15-00-00", "latency": 39}, {"date": "2022-05-23-15-00-00", "latency": 39}, {"date": "2022-05-23-15-00-00", "latency": 39}, {"date": "2022-05-23-15-00-00", "latency": 39}, {"date": "2022-05-23-15-00-00", "latency": 39}, {"date": "2022-05-23-15-00-00", "latency": 39}, {"date": "2022-05-23-15-00-00", "latency": 39}, {"date": "2022-05-23-15-00-00", "latency": 39}, {"date": "2022-05-23-15-00-00", "latency": 39}, {"date": "2022-05-23-15-00-00", "latency": 39}, {"date": "2022-05-23-15-00-00", "latency": 39}, {"date": "2022-05-23-15-00-00", "latency": 39}, {"date": "2022-05-23-15-00-00", "latency": 39}, {"date": "2022-05-23-15-00-00", "latency": 39}]}, {"location": {"country_code": "be"}, "game_id": "118849", "values": [{"date": "2022-05-23-21-00-00", "latency": 22}]}, {"location": {"country_code": "no", "region": "Oslo Fylke", "city": "Oslo"}, "game_id": "118849", "values": [{"date": "2022-05-23-19-00-00", "latency": 14}, {"date": "2022-05-23-19-00-00", "latency": 14}, {"date": "2022-05-23-19-00-00", "latency": 14}, {"date": "2022-05-23-19-00-00", "latency": 14}, {"date": "2022-05-23-19-00-00", "latency": 14}, {"date": "2022-05-23-19-00-00", "latency": 14}, {"date": "2022-05-23-19-00-00", "latency": 14}, {"date": "2022-05-23-19-00-00", "latency": 14}, {"date": "2022-05-23-19-00-00", "latency": 14}, {"date": "2022-05-23-19-00-00", "latency": 14}, {"date": "2022-05-23-19-00-00", "latency": 14}, {"date": "2022-05-23-19-00-00", "latency": 14}, {"date": "2022-05-23-19-00-00", "latency": 14}, {"date": "2022-05-23-19-00-00", "latency": 14}, {"date": "2022-05-23-19-00-00", "latency": 14}, {"date": "2022-05-23-19-00-00", "latency": 14}, {"date": "2022-05-23-19-00-00", "latency": 14}, {"date": "2022-05-23-19-00-00", "latency": 14}, {"date": "2022-05-23-19-00-00", "latency": 14}, {"date": "2022-05-23-19-00-00", "latency": 14}, {"date": "2022-05-23-19-00-00", "latency": 14}, {"date": "2022-05-23-19-00-00", "latency": 14}, {"date": "2022-05-23-19-00-00", "latency": 14}, {"date": "2022-05-23-19-00-00", "latency": 14}, {"date": "2022-05-23-19-00-00", "latency": 14}, {"date": "2022-05-23-19-00-00", "latency": 14}, {"date": "2022-05-23-19-00-00", "latency": 14}, {"date": "2022-05-23-19-00-00", "latency": 14}, {"date": "2022-05-23-19-00-00", "latency": 14}, {"date": "2022-05-23-19-00-00", "latency": 14}, {"date": "2022-05-23-19-00-00", "latency": 14}, {"date": "2022-05-23-19-00-00", "latency": 14}, {"date": "2022-05-23-19-00-00", "latency": 14}, {"date": "2022-05-23-19-00-00", "latency": 14}, {"date": "2022-05-23-19-00-00", "latency": 14}, {"date": "2022-05-23-19-00-00", "latency": 14}, {"date": "2022-05-23-19-00-00", "latency": 14}, {"date": "2022-05-23-19-00-00", "latency": 14}, {"date": "2022-05-23-19-00-00", "latency": 14}, {"date": "2022-05-23-19-00-00", "latency": 14}, {"date": "2022-05-23-19-00-00", "latency": 14}]}, {"location": {"country_code": "gb", "region": "England", "city": "London"}, "game_id": "118849", "values": [{"date": "2022-05-23-18-00-00", "latency": 23}, {"date": "2022-05-23-18-00-00", "latency": 23}, {"date": "2022-05-23-18-00-00", "latency": 23}, {"date": "2022-05-23-18-00-00", "latency": 23}, {"date": "2022-05-23-18-00-00", "latency": 23}, {"date": "2022-05-23-18-00-00", "latency": 23}, {"date": "2022-05-23-18-00-00", "latency": 23}, {"date": "2022-05-23-18-00-00", "latency": 23}, {"date": "2022-05-23-18-00-00", "latency": 23}, {"date": "2022-05-23-18-00-00", "latency": 23}, {"date": "2022-05-23-18-00-00", "latency": 23}, {"date": "2022-05-23-18-00-00", "latency": 23}, {"date": "2022-05-23-18-00-00", "latency": 23}, {"date": "2022-05-23-18-00-00", "latency": 23}, {"date": "2022-05-23-18-00-00", "latency": 23}, {"date": "2022-05-23-18-00-00", "latency": 23}, {"date": "2022-05-23-18-00-00", "latency": 23}, {"date": "2022-05-23-18-00-00", "latency": 23}, {"date": "2022-05-23-18-00-00", "latency": 23}, {"date": "2022-05-23-18-00-00", "latency": 23}, {"date": "2022-05-23-18-00-00", "latency": 23}, {"date": "2022-05-23-18-00-00", "latency": 23}, {"date": "2022-05-23-18-00-00", "latency": 23}, {"date": "2022-05-23-18-00-00", "latency": 23}, {"date": "2022-05-23-18-00-00", "latency": 23}, {"date": "2022-05-23-18-00-00", "latency": 23}]}, {"location": {"country_code": "pe"}, "game_id": "118849", "values": [{"date": "2022-05-24-01-00-00", "latency": 88}]}, {"location": {"country_code": "sg"}, "game_id": "118849", "values": [{"date": "2022-05-23-21-00-00", "latency": 15}, {"date": "2022-05-23-21-00-00", "latency": 15}, {"date": "2022-05-23-21-00-00", "latency": 15}, {"date": "2022-05-23-21-00-00", "latency": 15}, {"date": "2022-05-23-21-00-00", "latency": 15}, {"date": "2022-05-23-21-00-00", "latency": 97}, {"date": "2022-05-23-21-00-00", "latency": 97}, {"date": "2022-05-23-21-00-00", "latency": 97}, {"date": "2022-05-23-21-00-00", "latency": 97}, {"date": "2022-05-23-21-00-00", "latency": 97}, {"date": "2022-05-23-21-00-00", "latency": 97}, {"date": "2022-05-23-21-00-00", "latency": 97}, {"date": "2022-05-23-21-00-00", "latency": 97}, {"date": "2022-05-23-21-00-00", "latency": 97}, {"date": "2022-05-23-21-00-00", "latency": 97}, {"date": "2022-05-23-21-00-00", "latency": 97}, {"date": "2022-05-23-21-00-00", "latency": 97}, {"date": "2022-05-23-21-00-00", "latency": 97}, {"date": "2022-05-23-21-00-00", "latency": 97}, {"date": "2022-05-23-21-00-00", "latency": 97}, {"date": "2022-05-23-21-00-00", "latency": 97}, {"date": "2022-05-23-21-00-00", "latency": 97}, {"date": "2022-05-23-21-00-00", "latency": 97}, {"date": "2022-05-23-21-00-00", "latency": 97}]}, {"location": {"country_code": "tr", "region": "Marmara Bolgesi", "city": "Istanbul"}, "game_id": "118849", "values": [{"date": "2022-05-23-11-00-00", "latency": 16}, {"date": "2022-05-23-11-00-00", "latency": 16}, {"date": "2022-05-23-11-00-00", "latency": 16}, {"date": "2022-05-23-11-00-00", "latency": 16}, {"date": "2022-05-23-11-00-00", "latency": 16}, {"date": "2022-05-23-11-00-00", "latency": 16}, {"date": "2022-05-23-11-00-00", "latency": 16}, {"date": "2022-05-23-11-00-00", "latency": 16}, {"date": "2022-05-23-11-00-00", "latency": 16}, {"date": "2022-05-23-11-00-00", "latency": 16}, {"date": "2022-05-23-11-00-00", "latency": 16}, {"date": "2022-05-23-11-00-00", "latency": 16}, {"date": "2022-05-23-11-00-00", "latency": 16}, {"date": "2022-05-23-11-00-00", "latency": 16}, {"date": "2022-05-23-11-00-00", "latency": 16}, {"date": "2022-05-23-11-00-00", "latency": 16}, {"date": "2022-05-23-11-00-00", "latency": 16}, {"date": "2022-05-23-11-00-00", "latency": 16}, {"date": "2022-05-23-11-00-00", "latency": 16}, {"date": "2022-05-23-11-00-00", "latency": 16}, {"date": "2022-05-23-11-00-00", "latency": 16}, {"date": "2022-05-23-11-00-00", "latency": 16}, {"date": "2022-05-23-11-00-00", "latency": 16}, {"date": "2022-05-23-11-00-00", "latency": 16}, {"date": "2022-05-23-18-00-00", "latency": 4}, {"date": "2022-05-23-18-00-00", "latency": 4}]}, {"location": {"country_code": "us", "region": "District of Columbia", "city": "Washington"}, "game_id": "118849", "values": [{"date": "2022-05-23-23-00-00", "latency": 64}, {"date": "2022-05-23-23-00-00", "latency": 64}, {"date": "2022-05-23-23-00-00", "latency": 64}, {"date": "2022-05-23-23-00-00", "latency": 64}, {"date": "2022-05-23-23-00-00", "latency": 64}, {"date": "2022-05-23-23-00-00", "latency": 64}, {"date": "2022-05-23-23-00-00", "latency": 64}, {"date": "2022-05-23-23-00-00", "latency": 64}, {"date": "2022-05-23-23-00-00", "latency": 64}, {"date": "2022-05-23-23-00-00", "latency": 64}, {"date": "2022-05-23-23-00-00", "latency": 64}, {"date": "2022-05-23-23-00-00", "latency": 64}, {"date": "2022-05-23-23-00-00", "latency": 64}, {"date": "2022-05-23-23-00-00", "latency": 64}, {"date": "2022-05-23-23-00-00", "latency": 64}, {"date": "2022-05-23-23-00-00", "latency": 64}, {"date": "2022-05-23-23-00-00", "latency": 64}, {"date": "2022-05-23-23-00-00", "latency": 64}, {"date": "2022-05-23-23-00-00", "latency": 64}, {"date": "2022-05-23-23-00-00", "latency": 64}, {"date": "2022-05-23-23-00-00", "latency": 64}, {"date": "2022-05-23-23-00-00", "latency": 64}, {"date": "2022-05-23-23-00-00", "latency": 64}, {"date": "2022-05-23-23-00-00", "latency": 64}, {"date": "2022-05-23-23-00-00", "latency": 64}, {"date": "2022-05-23-23-00-00", "latency": 64}, {"date": "2022-05-23-23-00-00", "latency": 64}, {"date": "2022-05-23-23-00-00", "latency": 64}, {"date": "2022-05-23-23-00-00", "latency": 64}, {"date": "2022-05-23-23-00-00", "latency": 64}, {"date": "2022-05-23-23-00-00", "latency": 64}, {"date": "2022-05-23-23-00-00", "latency": 64}, {"date": "2022-05-23-09-00-00", "latency": 58}, {"date": "2022-05-23-09-00-00", "latency": 58}, {"date": "2022-05-23-09-00-00", "latency": 58}, {"date": "2022-05-23-09-00-00", "latency": 58}, {"date": "2022-05-23-09-00-00", "latency": 58}, {"date": "2022-05-23-09-00-00", "latency": 58}, {"date": "2022-05-23-09-00-00", "latency": 58}, {"date": "2022-05-23-09-00-00", "latency": 58}, {"date": "2022-05-23-09-00-00", "latency": 58}, {"date": "2022-05-23-09-00-00", "latency": 58}, {"date": "2022-05-23-09-00-00", "latency": 58}, {"date": "2022-05-23-09-00-00", "latency": 58}, {"date": "2022-05-23-09-00-00", "latency": 58}, {"date": "2022-05-23-09-00-00", "latency": 58}]}, {"location": {"country_code": "ca", "region": "Ontario", "city": "Toronto"}, "game_id": "118849", "values": [{"date": "2022-05-24-00-00-00", "latency": 15}, {"date": "2022-05-24-00-00-00", "latency": 15}, {"date": "2022-05-24-00-00-00", "latency": 15}, {"date": "2022-05-24-00-00-00", "latency": 15}, {"date": "2022-05-24-00-00-00", "latency": 15}, {"date": "2022-05-24-00-00-00", "latency": 15}, {"date": "2022-05-24-00-00-00", "latency": 15}, {"date": "2022-05-24-00-00-00", "latency": 15}, {"date": "2022-05-24-00-00-00", "latency": 15}, {"date": "2022-05-24-00-00-00", "latency": 15}, {"date": "2022-05-24-00-00-00", "latency": 15}, {"date": "2022-05-24-00-00-00", "latency": 15}, {"date": "2022-05-24-00-00-00", "latency": 15}, {"date": "2022-05-24-00-00-00", "latency": 15}, {"date": "2022-05-24-00-00-00", "latency": 15}, {"date": "2022-05-24-00-00-00", "latency": 15}, {"date": "2022-05-24-00-00-00", "latency": 15}, {"date": "2022-05-24-00-00-00", "latency": 15}, {"date": "2022-05-24-00-00-00", "latency": 15}, {"date": "2022-05-24-00-00-00", "latency": 15}, {"date": "2022-05-24-00-00-00", "latency": 15}, {"date": "2022-05-24-00-00-00", "latency": 15}, {"date": "2022-05-24-00-00-00", "latency": 15}, {"date": "2022-05-24-00-00-00", "latency": 15}, {"date": "2022-05-24-00-00-00", "latency": 15}, {"date": "2022-05-24-00-00-00", "latency": 15}, {"date": "2022-05-24-00-00-00", "latency": 15}, {"date": "2022-05-24-00-00-00", "latency": 15}, {"date": "2022-05-24-00-00-00", "latency": 15}, {"date": "2022-05-24-00-00-00", "latency": 15}, {"date": "2022-05-24-00-00-00", "latency": 15}, {"date": "2022-05-24-00-00-00", "latency": 15}, {"date": "2022-05-23-17-00-00", "latency": 22}]}, {"location": {"country_code": "us", "region": "Wisconsin"}, "game_id": "118849", "values": [{"date": "2022-05-23-07-00-00", "latency": 88}]}, {"location": {"country_code": "ar", "region": "Buenos Aires", "city": "Lujan"}, "game_id": "118849", "values": [{"date": "2022-05-24-00-00-00", "latency": 37}, {"date": "2022-05-24-00-00-00", "latency": 37}, {"date": "2022-05-24-00-00-00", "latency": 37}, {"date": "2022-05-24-00-00-00", "latency": 37}, {"date": "2022-05-24-00-00-00", "latency": 37}, {"date": "2022-05-24-00-00-00", "latency": 37}, {"date": "2022-05-24-00-00-00", "latency": 37}]}, {"location": {"country_code": "us", "region": "Colorado", "city": "Colorado Springs"}, "game_id": "118849", "values": [{"date": "2022-05-24-00-00-00", "latency": 32}, {"date": "2022-05-24-00-00-00", "latency": 32}, {"date": "2022-05-24-00-00-00", "latency": 32}, {"date": "2022-05-24-00-00-00", "latency": 32}, {"date": "2022-05-24-00-00-00", "latency": 32}, {"date": "2022-05-24-00-00-00", "latency": 32}, {"date": "2022-05-24-00-00-00", "latency": 32}, {"date": "2022-05-24-00-00-00", "latency": 32}, {"date": "2022-05-24-00-00-00", "latency": 32}, {"date": "2022-05-24-00-00-00", "latency": 32}, {"date": "2022-05-24-00-00-00", "latency": 32}, {"date": "2022-05-24-00-00-00", "latency": 32}, {"date": "2022-05-24-00-00-00", "latency": 32}, {"date": "2022-05-24-00-00-00", "latency": 32}, {"date": "2022-05-24-00-00-00", "latency": 32}, {"date": "2022-05-24-00-00-00", "latency": 32}, {"date": "2022-05-24-00-00-00", "latency": 32}, {"date": "2022-05-24-00-00-00", "latency": 32}, {"date": "2022-05-24-00-00-00", "latency": 32}, {"date": "2022-05-24-00-00-00", "latency": 32}, {"date": "2022-05-24-00-00-00", "latency": 32}]}, {"location": {"country_code": "es", "region": "Andalusia", "city": "Seville"}, "game_id": "118849", "values": [{"date": "2022-05-23-23-00-00", "latency": 38}, {"date": "2022-05-23-23-00-00", "latency": 38}, {"date": "2022-05-23-23-00-00", "latency": 38}, {"date": "2022-05-23-23-00-00", "latency": 38}, {"date": "2022-05-23-23-00-00", "latency": 38}, {"date": "2022-05-23-23-00-00", "latency": 38}, {"date": "2022-05-23-23-00-00", "latency": 38}, {"date": "2022-05-23-23-00-00", "latency": 38}, {"date": "2022-05-23-23-00-00", "latency": 38}, {"date": "2022-05-23-23-00-00", "latency": 38}, {"date": "2022-05-23-23-00-00", "latency": 38}]}, {"location": {"country_code": "uy", "region": "Montevideo Department", "city": "Montevideo"}, "game_id": "118849", "values": [{"date": "2022-05-23-06-00-00", "latency": 45}, {"date": "2022-05-23-06-00-00", "latency": 45}, {"date": "2022-05-23-06-00-00", "latency": 45}, {"date": "2022-05-23-06-00-00", "latency": 45}, {"date": "2022-05-23-06-00-00", "latency": 45}, {"date": "2022-05-23-06-00-00", "latency": 45}, {"date": "2022-05-23-06-00-00", "latency": 45}, {"date": "2022-05-23-06-00-00", "latency": 45}, {"date": "2022-05-23-06-00-00", "latency": 45}]}, {"location": {"country_code": "uy"}, "game_id": "118849", "values": [{"date": "2022-05-24-01-00-00", "latency": 42}, {"date": "2022-05-24-01-00-00", "latency": 42}]}, {"location": {"country_code": "us", "region": "Florida", "city": "Miami"}, "game_id": "118849", "values": [{"date": "2022-05-24-02-00-00", "latency": 56}, {"date": "2022-05-24-02-00-00", "latency": 56}, {"date": "2022-05-24-02-00-00", "latency": 56}, {"date": "2022-05-24-02-00-00", "latency": 56}, {"date": "2022-05-24-02-00-00", "latency": 56}, {"date": "2022-05-24-02-00-00", "latency": 56}, {"date": "2022-05-24-02-00-00", "latency": 56}, {"date": "2022-05-24-02-00-00", "latency": 56}, {"date": "2022-05-24-02-00-00", "latency": 56}, {"date": "2022-05-24-02-00-00", "latency": 56}, {"date": "2022-05-24-02-00-00", "latency": 56}, {"date": "2022-05-24-02-00-00", "latency": 56}, {"date": "2022-05-24-02-00-00", "latency": 56}, {"date": "2022-05-24-02-00-00", "latency": 56}, {"date": "2022-05-24-02-00-00", "latency": 56}]}, {"location": {"country_code": "fr", "region": "Ile-de-France Region", "city": "Paris"}, "game_id": "118849", "values": [{"date": "2022-05-23-13-00-00", "latency": 1}, {"date": "2022-05-23-13-00-00", "latency": 1}, {"date": "2022-05-23-13-00-00", "latency": 1}, {"date": "2022-05-23-13-00-00", "latency": 1}, {"date": "2022-05-23-13-00-00", "latency": 1}, {"date": "2022-05-23-13-00-00", "latency": 1}, {"date": "2022-05-23-13-00-00", "latency": 1}, {"date": "2022-05-24-01-00-00", "latency": 8}, {"date": "2022-05-24-01-00-00", "latency": 8}, {"date": "2022-05-24-01-00-00", "latency": 8}, {"date": "2022-05-24-01-00-00", "latency": 8}, {"date": "2022-05-24-01-00-00", "latency": 8}, {"date": "2022-05-23-23-00-00", "latency": 18}, {"date": "2022-05-23-23-00-00", "latency": 18}, {"date": "2022-05-23-23-00-00", "latency": 18}, {"date": "2022-05-23-23-00-00", "latency": 18}, {"date": "2022-05-23-23-00-00", "latency": 18}, {"date": "2022-05-23-23-00-00", "latency": 18}]}, {"location": {"country_code": "br", "region": "Rio Grande do Sul"}, "game_id": "118849", "values": [{"date": "2022-05-23-19-00-00", "latency": 19}, {"date": "2022-05-23-19-00-00", "latency": 19}, {"date": "2022-05-23-19-00-00", "latency": 19}, {"date": "2022-05-23-19-00-00", "latency": 19}, {"date": "2022-05-23-19-00-00", "latency": 19}, {"date": "2022-05-23-19-00-00", "latency": 19}, {"date": "2022-05-23-19-00-00", "latency": 19}, {"date": "2022-05-23-19-00-00", "latency": 19}, {"date": "2022-05-23-19-00-00", "latency": 19}, {"date": "2022-05-23-19-00-00", "latency": 19}, {"date": "2022-05-23-19-00-00", "latency": 19}, {"date": "2022-05-23-19-00-00", "latency": 19}, {"date": "2022-05-23-19-00-00", "latency": 19}, {"date": "2022-05-23-19-00-00", "latency": 19}, {"date": "2022-05-23-19-00-00", "latency": 19}, {"date": "2022-05-23-19-00-00", "latency": 19}, {"date": "2022-05-23-19-00-00", "latency": 19}, {"date": "2022-05-23-19-00-00", "latency": 19}, {"date": "2022-05-23-19-00-00", "latency": 19}, {"date": "2022-05-23-19-00-00", "latency": 19}]}, {"location": {"country_code": "us", "region": "Maryland"}, "game_id": "118849", "values": [{"date": "2022-05-23-15-00-00", "latency": 82}, {"date": "2022-05-23-15-00-00", "latency": 82}, {"date": "2022-05-23-15-00-00", "latency": 82}, {"date": "2022-05-23-15-00-00", "latency": 82}, {"date": "2022-05-23-15-00-00", "latency": 82}, {"date": "2022-05-23-15-00-00", "latency": 82}, {"date": "2022-05-23-15-00-00", "latency": 82}, {"date": "2022-05-23-15-00-00", "latency": 82}, {"date": "2022-05-23-15-00-00", "latency": 82}, {"date": "2022-05-23-15-00-00", "latency": 82}, {"date": "2022-05-23-15-00-00", "latency": 82}, {"date": "2022-05-23-15-00-00", "latency": 82}, {"date": "2022-05-23-15-00-00", "latency": 82}, {"date": "2022-05-23-15-00-00", "latency": 82}, {"date": "2022-05-23-15-00-00", "latency": 82}, {"date": "2022-05-23-15-00-00", "latency": 82}]}, {"location": {"country_code": "us", "region": "Florida", "city": "Orlando"}, "game_id": "118849", "values": [{"date": "2022-05-23-10-00-00", "latency": 51}, {"date": "2022-05-23-10-00-00", "latency": 51}, {"date": "2022-05-23-10-00-00", "latency": 51}, {"date": "2022-05-23-10-00-00", "latency": 51}, {"date": "2022-05-23-10-00-00", "latency": 51}, {"date": "2022-05-23-10-00-00", "latency": 51}, {"date": "2022-05-23-10-00-00", "latency": 51}, {"date": "2022-05-23-10-00-00", "latency": 51}]}, {"location": {"country_code": "pe", "region": "Lima region", "city": "Lima"}, "game_id": "118849", "values": [{"date": "2022-05-24-01-00-00", "latency": 32}, {"date": "2022-05-24-01-00-00", "latency": 32}, {"date": "2022-05-24-01-00-00", "latency": 32}, {"date": "2022-05-24-01-00-00", "latency": 32}, {"date": "2022-05-24-01-00-00", "latency": 32}]}, {"location": {"country_code": "mx", "region": "Jalisco", "city": "Guadalajara"}, "game_id": "118849", "values": [{"date": "2022-05-24-01-00-00", "latency": 15}, {"date": "2022-05-24-01-00-00", "latency": 15}, {"date": "2022-05-24-01-00-00", "latency": 15}, {"date": "2022-05-24-01-00-00", "latency": 15}, {"date": "2022-05-24-01-00-00", "latency": 15}, {"date": "2022-05-24-01-00-00", "latency": 15}]}, {"location": {"country_code": "fr", "region": "Alvernia-Rodano-Alpi", "city": "Lyon"}, "game_id": "118849", "values": [{"date": "2022-05-24-02-00-00", "latency": 23}, {"date": "2022-05-24-02-00-00", "latency": 23}, {"date": "2022-05-24-02-00-00", "latency": 23}, {"date": "2022-05-24-02-00-00", "latency": 23}, {"date": "2022-05-24-02-00-00", "latency": 23}, {"date": "2022-05-24-02-00-00", "latency": 23}, {"date": "2022-05-24-02-00-00", "latency": 23}, {"date": "2022-05-24-02-00-00", "latency": 23}, {"date": "2022-05-24-02-00-00", "latency": 23}, {"date": "2022-05-24-02-00-00", "latency": 23}, {"date": "2022-05-24-02-00-00", "latency": 23}, {"date": "2022-05-24-02-00-00", "latency": 23}, {"date": "2022-05-23-21-00-00", "latency": 18}, {"date": "2022-05-23-21-00-00", "latency": 18}]}, {"location": {"country_code": "ca", "region": "Quebec"}, "game_id": "118849", "values": [{"date": "2022-05-23-22-00-00", "latency": 94}, {"date": "2022-05-23-22-00-00", "latency": 94}, {"date": "2022-05-23-22-00-00", "latency": 94}, {"date": "2022-05-23-22-00-00", "latency": 94}, {"date": "2022-05-23-22-00-00", "latency": 94}, {"date": "2022-05-23-22-00-00", "latency": 94}, {"date": "2022-05-23-22-00-00", "latency": 94}, {"date": "2022-05-23-22-00-00", "latency": 94}, {"date": "2022-05-23-04-00-00", "latency": 26}, {"date": "2022-05-23-04-00-00", "latency": 26}, {"date": "2022-05-23-04-00-00", "latency": 26}, {"date": "2022-05-23-04-00-00", "latency": 26}, {"date": "2022-05-23-04-00-00", "latency": 26}, {"date": "2022-05-23-04-00-00", "latency": 26}, {"date": "2022-05-23-04-00-00", "latency": 26}, {"date": "2022-05-23-04-00-00", "latency": 26}, {"date": "2022-05-23-04-00-00", "latency": 26}]}, {"location": {"country_code": "br", "region": "Federal District"}, "game_id": "118849", "values": [{"date": "2022-05-24-02-00-00", "latency": 33}, {"date": "2022-05-24-02-00-00", "latency": 33}, {"date": "2022-05-24-02-00-00", "latency": 33}, {"date": "2022-05-24-02-00-00", "latency": 33}, {"date": "2022-05-24-02-00-00", "latency": 33}, {"date": "2022-05-24-02-00-00", "latency": 33}, {"date": "2022-05-24-02-00-00", "latency": 33}, {"date": "2022-05-24-02-00-00", "latency": 33}, {"date": "2022-05-24-02-00-00", "latency": 33}, {"date": "2022-05-24-02-00-00", "latency": 33}, {"date": "2022-05-24-02-00-00", "latency": 33}, {"date": "2022-05-24-02-00-00", "latency": 33}, {"date": "2022-05-24-02-00-00", "latency": 33}, {"date": "2022-05-24-02-00-00", "latency": 33}, {"date": "2022-05-24-02-00-00", "latency": 33}, {"date": "2022-05-24-02-00-00", "latency": 33}, {"date": "2022-05-24-02-00-00", "latency": 33}, {"date": "2022-05-24-02-00-00", "latency": 33}, {"date": "2022-05-24-02-00-00", "latency": 33}, {"date": "2022-05-24-02-00-00", "latency": 33}, {"date": "2022-05-24-02-00-00", "latency": 33}, {"date": "2022-05-24-02-00-00", "latency": 33}, {"date": "2022-05-24-02-00-00", "latency": 33}, {"date": "2022-05-24-02-00-00", "latency": 33}, {"date": "2022-05-24-02-00-00", "latency": 33}, {"date": "2022-05-24-02-00-00", "latency": 33}, {"date": "2022-05-24-02-00-00", "latency": 33}, {"date": "2022-05-24-02-00-00", "latency": 33}, {"date": "2022-05-24-02-00-00", "latency": 33}, {"date": "2022-05-24-02-00-00", "latency": 33}, {"date": "2022-05-24-02-00-00", "latency": 33}, {"date": "2022-05-24-02-00-00", "latency": 33}, {"date": "2022-05-24-02-00-00", "latency": 33}, {"date": "2022-05-24-02-00-00", "latency": 33}, {"date": "2022-05-24-02-00-00", "latency": 33}, {"date": "2022-05-24-02-00-00", "latency": 33}, {"date": "2022-05-24-02-00-00", "latency": 33}, {"date": "2022-05-24-02-00-00", "latency": 33}, {"date": "2022-05-24-02-00-00", "latency": 33}, {"date": "2022-05-24-02-00-00", "latency": 33}, {"date": "2022-05-24-02-00-00", "latency": 33}, {"date": "2022-05-24-02-00-00", "latency": 33}, {"date": "2022-05-24-02-00-00", "latency": 33}, {"date": "2022-05-24-02-00-00", "latency": 33}, {"date": "2022-05-24-02-00-00", "latency": 33}, {"date": "2022-05-24-02-00-00", "latency": 33}, {"date": "2022-05-24-02-00-00", "latency": 33}]}, {"location": {"country_code": "es", "region": "Madrid"}, "game_id": "118849", "values": [{"date": "2022-05-23-19-00-00", "latency": 112}]}, {"location": {"country_code": "bg"}, "game_id": "118849", "values": [{"date": "2022-05-23-23-00-00", "latency": 38}, {"date": "2022-05-23-23-00-00", "latency": 38}, {"date": "2022-05-23-23-00-00", "latency": 38}, {"date": "2022-05-23-23-00-00", "latency": 38}, {"date": "2022-05-23-23-00-00", "latency": 38}]}, {"location": {"country_code": "es", "region": "Balearic Islands", "city": "Palma"}, "game_id": "118849", "values": [{"date": "2022-05-23-14-00-00", "latency": 41}, {"date": "2022-05-23-14-00-00", "latency": 41}, {"date": "2022-05-23-14-00-00", "latency": 41}, {"date": "2022-05-23-14-00-00", "latency": 41}, {"date": "2022-05-23-14-00-00", "latency": 41}]}, {"location": {"country_code": "es", "region": "Valencia", "city": "Orihuela"}, "game_id": "118849", "values": [{"date": "2022-05-23-20-00-00", "latency": 38}, {"date": "2022-05-23-20-00-00", "latency": 38}, {"date": "2022-05-23-20-00-00", "latency": 38}, {"date": "2022-05-23-20-00-00", "latency": 38}, {"date": "2022-05-23-20-00-00", "latency": 38}, {"date": "2022-05-23-20-00-00", "latency": 38}, {"date": "2022-05-23-20-00-00", "latency": 38}, {"date": "2022-05-23-20-00-00", "latency": 38}, {"date": "2022-05-23-20-00-00", "latency": 38}, {"date": "2022-05-23-20-00-00", "latency": 38}, {"date": "2022-05-23-20-00-00", "latency": 38}, {"date": "2022-05-23-20-00-00", "latency": 38}, {"date": "2022-05-23-20-00-00", "latency": 38}]}, {"location": {"country_code": "de", "region": "Saxony", "city": "Dresden"}, "game_id": "118849", "values": [{"date": "2022-05-23-20-00-00", "latency": 18}, {"date": "2022-05-23-20-00-00", "latency": 18}, {"date": "2022-05-23-20-00-00", "latency": 18}]}, {"location": {"country_code": "pt", "region": "Northern Mariana Islands", "city": "Porto"}, "game_id": "118849", "values": [{"date": "2022-05-24-02-00-00", "latency": 234}, {"date": "2022-05-24-02-00-00", "latency": 234}, {"date": "2022-05-24-02-00-00", "latency": 234}, {"date": "2022-05-24-02-00-00", "latency": 234}, {"date": "2022-05-24-02-00-00", "latency": 234}, {"date": "2022-05-24-02-00-00", "latency": 234}, {"date": "2022-05-24-02-00-00", "latency": 234}, {"date": "2022-05-24-02-00-00", "latency": 234}, {"date": "2022-05-24-02-00-00", "latency": 234}, {"date": "2022-05-24-02-00-00", "latency": 234}, {"date": "2022-05-24-02-00-00", "latency": 234}, {"date": "2022-05-24-02-00-00", "latency": 234}]}, {"location": {"country_code": "us", "region": "Oklahoma", "city": "Sand Springs"}, "game_id": "118849", "values": [{"date": "2022-05-23-03-00-00", "latency": 45}, {"date": "2022-05-23-03-00-00", "latency": 45}]}, {"location": {"country_code": "tr", "region": "Marmara Bolgesi"}, "game_id": "118849", "values": [{"date": "2022-05-23-23-00-00", "latency": 19}, {"date": "2022-05-23-23-00-00", "latency": 19}, {"date": "2022-05-23-23-00-00", "latency": 19}, {"date": "2022-05-23-23-00-00", "latency": 19}, {"date": "2022-05-23-23-00-00", "latency": 19}, {"date": "2022-05-23-23-00-00", "latency": 19}, {"date": "2022-05-23-23-00-00", "latency": 19}, {"date": "2022-05-23-23-00-00", "latency": 19}]}, {"location": {"country_code": "br", "region": "Amazonas", "city": "Manaus"}, "game_id": "118849", "values": [{"date": "2022-05-23-05-00-00", "latency": 57}, {"date": "2022-05-23-05-00-00", "latency": 57}, {"date": "2022-05-23-05-00-00", "latency": 57}, {"date": "2022-05-23-05-00-00", "latency": 57}, {"date": "2022-05-23-05-00-00", "latency": 57}, {"date": "2022-05-23-05-00-00", "latency": 57}]}, {"location": {"country_code": "es", "region": "Valencia", "city": "Elx / Elche"}, "game_id": "118849", "values": [{"date": "2022-05-23-21-00-00", "latency": 52}, {"date": "2022-05-23-21-00-00", "latency": 52}]}, {"location": {"country_code": "br", "region": "Sao Paulo", "city": "Sertaozinho"}, "game_id": "118849", "values": [{"date": "2022-05-23-02-00-00", "latency": 14}]}, {"location": {"country_code": "pl", "region": "Masovian Voivodeship", "city": "Warsaw"}, "game_id": "118849", "values": [{"date": "2022-05-24-01-00-00", "latency": 28}, {"date": "2022-05-24-01-00-00", "latency": 28}, {"date": "2022-05-24-01-00-00", "latency": 28}, {"date": "2022-05-24-01-00-00", "latency": 28}, {"date": "2022-05-24-01-00-00", "latency": 28}, {"date": "2022-05-24-01-00-00", "latency": 28}, {"date": "2022-05-24-01-00-00", "latency": 28}, {"date": "2022-05-24-01-00-00", "latency": 28}, {"date": "2022-05-24-01-00-00", "latency": 28}, {"date": "2022-05-24-01-00-00", "latency": 28}, {"date": "2022-05-24-01-00-00", "latency": 28}, {"date": "2022-05-24-01-00-00", "latency": 28}, {"date": "2022-05-24-01-00-00", "latency": 28}, {"date": "2022-05-24-01-00-00", "latency": 28}, {"date": "2022-05-24-01-00-00", "latency": 28}, {"date": "2022-05-24-01-00-00", "latency": 28}]}, {"location": {"country_code": "pl", "region": "Masovian Voivodeship", "city": "Siedlce"}, "game_id": "118849", "values": [{"date": "2022-05-23-19-00-00", "latency": 440}, {"date": "2022-05-23-19-00-00", "latency": 440}, {"date": "2022-05-23-19-00-00", "latency": 440}, {"date": "2022-05-23-19-00-00", "latency": 440}, {"date": "2022-05-23-19-00-00", "latency": 440}, {"date": "2022-05-23-19-00-00", "latency": 440}, {"date": "2022-05-23-19-00-00", "latency": 440}, {"date": "2022-05-23-19-00-00", "latency": 440}, {"date": "2022-05-23-19-00-00", "latency": 440}, {"date": "2022-05-23-19-00-00", "latency": 440}, {"date": "2022-05-23-19-00-00", "latency": 440}, {"date": "2022-05-23-19-00-00", "latency": 440}, {"date": "2022-05-23-19-00-00", "latency": 440}, {"date": "2022-05-23-19-00-00", "latency": 440}]}, {"location": {"country_code": "es", "region": "Principality of Asturias"}, "game_id": "118849", "values": [{"date": "2022-05-24-00-00-00", "latency": 59}, {"date": "2022-05-24-00-00-00", "latency": 59}, {"date": "2022-05-24-00-00-00", "latency": 59}, {"date": "2022-05-24-00-00-00", "latency": 59}, {"date": "2022-05-24-00-00-00", "latency": 59}, {"date": "2022-05-24-00-00-00", "latency": 59}, {"date": "2022-05-24-00-00-00", "latency": 59}, {"date": "2022-05-24-00-00-00", "latency": 59}, {"date": "2022-05-24-00-00-00", "latency": 59}, {"date": "2022-05-24-00-00-00", "latency": 59}, {"date": "2022-05-24-00-00-00", "latency": 59}]}, {"location": {"country_code": "ch", "region": "Canton of Geneva", "city": "Geneva"}, "game_id": "118849", "values": [{"date": "2022-05-23-15-00-00", "latency": 18}, {"date": "2022-05-23-15-00-00", "latency": 18}, {"date": "2022-05-23-15-00-00", "latency": 18}, {"date": "2022-05-23-15-00-00", "latency": 18}, {"date": "2022-05-23-15-00-00", "latency": 18}, {"date": "2022-05-23-15-00-00", "latency": 18}, {"date": "2022-05-23-15-00-00", "latency": 18}, {"date": "2022-05-23-15-00-00", "latency": 18}, {"date": "2022-05-23-15-00-00", "latency": 18}, {"date": "2022-05-23-15-00-00", "latency": 18}, {"date": "2022-05-23-15-00-00", "latency": 18}, {"date": "2022-05-23-15-00-00", "latency": 18}, {"date": "2022-05-23-15-00-00", "latency": 18}, {"date": "2022-05-23-15-00-00", "latency": 18}, {"date": "2022-05-23-15-00-00", "latency": 18}, {"date": "2022-05-23-15-00-00", "latency": 18}, {"date": "2022-05-23-15-00-00", "latency": 18}, {"date": "2022-05-23-15-00-00", "latency": 18}, {"date": "2022-05-23-15-00-00", "latency": 18}, {"date": "2022-05-23-15-00-00", "latency": 18}, {"date": "2022-05-23-15-00-00", "latency": 18}, {"date": "2022-05-23-15-00-00", "latency": 18}, {"date": "2022-05-23-15-00-00", "latency": 18}]}, {"location": {"country_code": "es", "region": "Andalusia", "city": "Jerez"}, "game_id": "118849", "values": [{"date": "2022-05-23-17-00-00", "latency": 47}, {"date": "2022-05-23-17-00-00", "latency": 47}, {"date": "2022-05-23-17-00-00", "latency": 47}, {"date": "2022-05-23-17-00-00", "latency": 47}, {"date": "2022-05-23-17-00-00", "latency": 47}, {"date": "2022-05-23-17-00-00", "latency": 47}, {"date": "2022-05-23-17-00-00", "latency": 47}, {"date": "2022-05-23-17-00-00", "latency": 47}, {"date": "2022-05-23-17-00-00", "latency": 47}, {"date": "2022-05-23-17-00-00", "latency": 47}, {"date": "2022-05-23-17-00-00", "latency": 47}, {"date": "2022-05-23-17-00-00", "latency": 47}]}, {"location": {"country_code": "fr", "region": "Brittany Region", "city": "Guisseny"}, "game_id": "118849", "values": [{"date": "2022-05-23-16-00-00", "latency": 5}, {"date": "2022-05-23-16-00-00", "latency": 5}, {"date": "2022-05-23-16-00-00", "latency": 5}]}, {"location": {"country_code": "us", "region": "Kansas", "city": "Wichita"}, "game_id": "118849", "values": [{"date": "2022-05-23-07-00-00", "latency": 26}]}, {"location": {"country_code": "br", "region": "State of Rio de Janeiro", "city": "Araruama"}, "game_id": "118849", "values": [{"date": "2022-05-23-15-00-00", "latency": 146}, {"date": "2022-05-24-02-00-00", "latency": 12}, {"date": "2022-05-24-02-00-00", "latency": 12}, {"date": "2022-05-24-02-00-00", "latency": 12}, {"date": "2022-05-24-02-00-00", "latency": 12}, {"date": "2022-05-24-02-00-00", "latency": 12}, {"date": "2022-05-24-02-00-00", "latency": 12}, {"date": "2022-05-24-02-00-00", "latency": 12}, {"date": "2022-05-24-02-00-00", "latency": 12}]}, {"location": {"country_code": "es", "region": "Andalusia", "city": "El Ejido"}, "game_id": "118849", "values": [{"date": "2022-05-23-18-00-00", "latency": 38}, {"date": "2022-05-23-18-00-00", "latency": 38}, {"date": "2022-05-23-18-00-00", "latency": 38}, {"date": "2022-05-23-18-00-00", "latency": 38}, {"date": "2022-05-23-18-00-00", "latency": 38}, {"date": "2022-05-23-18-00-00", "latency": 38}, {"date": "2022-05-23-18-00-00", "latency": 38}, {"date": "2022-05-23-18-00-00", "latency": 38}, {"date": "2022-05-23-18-00-00", "latency": 38}]}, {"location": {"country_code": "us", "region": "Tennessee", "city": "Chattanooga"}, "game_id": "118849", "values": [{"date": "2022-05-24-00-00-00", "latency": 33}, {"date": "2022-05-24-00-00-00", "latency": 33}, {"date": "2022-05-24-00-00-00", "latency": 33}, {"date": "2022-05-24-00-00-00", "latency": 33}, {"date": "2022-05-24-00-00-00", "latency": 33}, {"date": "2022-05-24-00-00-00", "latency": 33}, {"date": "2022-05-24-00-00-00", "latency": 33}, {"date": "2022-05-24-00-00-00", "latency": 33}, {"date": "2022-05-24-00-00-00", "latency": 33}, {"date": "2022-05-24-00-00-00", "latency": 33}]}, {"location": {"country_code": "br", "region": "Ceara", "city": "Crato"}, "game_id": "118849", "values": [{"date": "2022-05-23-17-00-00", "latency": 54}, {"date": "2022-05-23-17-00-00", "latency": 54}, {"date": "2022-05-23-17-00-00", "latency": 54}, {"date": "2022-05-23-17-00-00", "latency": 54}, {"date": "2022-05-23-17-00-00", "latency": 54}, {"date": "2022-05-23-17-00-00", "latency": 54}, {"date": "2022-05-23-17-00-00", "latency": 54}, {"date": "2022-05-23-17-00-00", "latency": 54}, {"date": "2022-05-23-17-00-00", "latency": 54}, {"date": "2022-05-23-17-00-00", "latency": 54}, {"date": "2022-05-23-17-00-00", "latency": 54}, {"date": "2022-05-23-17-00-00", "latency": 54}, {"date": "2022-05-23-17-00-00", "latency": 54}, {"date": "2022-05-23-17-00-00", "latency": 54}, {"date": "2022-05-23-17-00-00", "latency": 54}, {"date": "2022-05-23-17-00-00", "latency": 54}, {"date": "2022-05-23-17-00-00", "latency": 54}, {"date": "2022-05-23-17-00-00", "latency": 54}, {"date": "2022-05-23-17-00-00", "latency": 54}]}, {"location": {"country_code": "au", "region": "Western Australia"}, "game_id": "118849", "values": [{"date": "2022-05-23-19-00-00", "latency": 58}, {"date": "2022-05-23-19-00-00", "latency": 58}, {"date": "2022-05-23-19-00-00", "latency": 58}, {"date": "2022-05-23-19-00-00", "latency": 58}, {"date": "2022-05-23-19-00-00", "latency": 58}]}, {"location": {"country_code": "us", "region": "Georgia", "city": "Columbus"}, "game_id": "118849", "values": [{"date": "2022-05-23-10-00-00", "latency": 37}, {"date": "2022-05-23-10-00-00", "latency": 37}]}, {"location": {"country_code": "us", "region": "Arkansas", "city": "Fayetteville"}, "game_id": "118849", "values": [{"date": "2022-05-23-08-00-00", "latency": 77}, {"date": "2022-05-23-08-00-00", "latency": 77}, {"date": "2022-05-23-08-00-00", "latency": 77}, {"date": "2022-05-23-08-00-00", "latency": 77}, {"date": "2022-05-23-08-00-00", "latency": 77}]}, {"location": {"country_code": "us", "region": "Connecticut", "city": "Wallingford"}, "game_id": "118849", "values": [{"date": "2022-05-23-21-00-00", "latency": 103}, {"date": "2022-05-23-21-00-00", "latency": 103}, {"date": "2022-05-23-21-00-00", "latency": 103}]}, {"location": {"country_code": "br", "region": "Santa Catarina", "city": "Balneario Gaivota"}, "game_id": "118849", "values": [{"date": "2022-05-23-11-00-00", "latency": 195}, {"date": "2022-05-23-11-00-00", "latency": 195}]}, {"location": {"country_code": "tr", "region": "Marmara Bolgesi", "city": "Yalova"}, "game_id": "118849", "values": [{"date": "2022-05-23-16-00-00", "latency": 27}, {"date": "2022-05-23-16-00-00", "latency": 27}, {"date": "2022-05-23-16-00-00", "latency": 27}, {"date": "2022-05-23-16-00-00", "latency": 27}, {"date": "2022-05-23-16-00-00", "latency": 27}, {"date": "2022-05-23-16-00-00", "latency": 27}, {"date": "2022-05-23-16-00-00", "latency": 27}, {"date": "2022-05-23-16-00-00", "latency": 27}, {"date": "2022-05-23-16-00-00", "latency": 27}, {"date": "2022-05-23-16-00-00", "latency": 27}, {"date": "2022-05-23-16-00-00", "latency": 27}, {"date": "2022-05-23-16-00-00", "latency": 27}, {"date": "2022-05-23-16-00-00", "latency": 27}, {"date": "2022-05-23-16-00-00", "latency": 27}, {"date": "2022-05-23-16-00-00", "latency": 27}, {"date": "2022-05-23-16-00-00", "latency": 27}, {"date": "2022-05-23-16-00-00", "latency": 27}, {"date": "2022-05-23-16-00-00", "latency": 27}]}, {"location": {"country_code": "es", "region": "Galicia", "city": "Vilagarcia de Arousa"}, "game_id": "118849", "values": [{"date": "2022-05-24-01-00-00", "latency": 46}, {"date": "2022-05-24-01-00-00", "latency": 46}, {"date": "2022-05-24-01-00-00", "latency": 46}, {"date": "2022-05-24-01-00-00", "latency": 46}]}, {"location": {"country_code": "ru", "region": "Altai Krai", "city": "Barnaul"}, "game_id": "118849", "values": [{"date": "2022-05-23-12-00-00", "latency": 76}, {"date": "2022-05-23-12-00-00", "latency": 76}, {"date": "2022-05-23-12-00-00", "latency": 76}, {"date": "2022-05-23-12-00-00", "latency": 76}, {"date": "2022-05-23-12-00-00", "latency": 76}, {"date": "2022-05-23-12-00-00", "latency": 76}]}, {"location": {"country_code": "sk", "region": "Nitra Region", "city": "Nitra"}, "game_id": "118849", "values": [{"date": "2022-05-23-21-00-00", "latency": 54}, {"date": "2022-05-23-21-00-00", "latency": 54}, {"date": "2022-05-23-21-00-00", "latency": 54}, {"date": "2022-05-23-21-00-00", "latency": 54}, {"date": "2022-05-23-21-00-00", "latency": 54}, {"date": "2022-05-23-21-00-00", "latency": 54}, {"date": "2022-05-23-21-00-00", "latency": 54}, {"date": "2022-05-23-21-00-00", "latency": 54}, {"date": "2022-05-23-21-00-00", "latency": 54}, {"date": "2022-05-23-21-00-00", "latency": 54}, {"date": "2022-05-23-21-00-00", "latency": 54}, {"date": "2022-05-23-21-00-00", "latency": 54}, {"date": "2022-05-23-21-00-00", "latency": 54}, {"date": "2022-05-23-21-00-00", "latency": 54}, {"date": "2022-05-23-21-00-00", "latency": 54}]}, {"location": {"country_code": "nl", "region": "Zeeland"}, "game_id": "118849", "values": [{"date": "2022-05-23-20-00-00", "latency": 12}, {"date": "2022-05-23-20-00-00", "latency": 12}, {"date": "2022-05-23-20-00-00", "latency": 12}, {"date": "2022-05-23-20-00-00", "latency": 12}, {"date": "2022-05-23-20-00-00", "latency": 12}, {"date": "2022-05-23-20-00-00", "latency": 12}, {"date": "2022-05-23-20-00-00", "latency": 12}, {"date": "2022-05-23-20-00-00", "latency": 12}, {"date": "2022-05-23-20-00-00", "latency": 12}, {"date": "2022-05-23-20-00-00", "latency": 12}, {"date": "2022-05-23-20-00-00", "latency": 12}]}, {"location": {"country_code": "es", "region": "Galicia", "city": "Boiro"}, "game_id": "118849", "values": [{"date": "2022-05-24-00-00-00", "latency": 119}]}, {"location": {"country_code": "fr", "region": "Alvernia-Rodano-Alpi", "city": "Cournon-d'Auvergne"}, "game_id": "118849", "values": [{"date": "2022-05-23-22-00-00", "latency": 21}, {"date": "2022-05-23-22-00-00", "latency": 21}, {"date": "2022-05-23-22-00-00", "latency": 21}]}, {"location": {"country_code": "ua", "region": "Kyiv Oblast", "city": "Pripyat"}, "game_id": "118849", "values": [{"date": "2022-05-23-23-00-00", "latency": 37}, {"date": "2022-05-23-23-00-00", "latency": 37}]}, {"location": {"country_code": "pl", "region": "Pomeranian Voivodeship", "city": "Gdynia"}, "game_id": "118849", "values": [{"date": "2022-05-23-16-00-00", "latency": 130}, {"date": "2022-05-23-16-00-00", "latency": 130}, {"date": "2022-05-23-16-00-00", "latency": 130}, {"date": "2022-05-23-16-00-00", "latency": 130}, {"date": "2022-05-23-16-00-00", "latency": 130}, {"date": "2022-05-23-16-00-00", "latency": 130}, {"date": "2022-05-23-16-00-00", "latency": 130}, {"date": "2022-05-23-16-00-00", "latency": 130}, {"date": "2022-05-23-16-00-00", "latency": 130}, {"date": "2022-05-23-16-00-00", "latency": 130}, {"date": "2022-05-23-16-00-00", "latency": 130}]}], "last_updated": 1719926485.591922}