{"data": [{"location": {"country_code": "nz", "region": "Auckland", "city": "Auckland"}, "game_id": "464426", "values": [{"date": "2022-06-17-02-00-00", "latency": 137}, {"date": "2022-06-17-02-00-00", "latency": 137}, {"date": "2022-06-17-02-00-00", "latency": 137}]}, {"location": {"country_code": "au"}, "game_id": "464426", "values": [{"date": "2022-06-16-15-00-00", "latency": 0}, {"date": "2022-06-16-12-00-00", "latency": 7}, {"date": "2022-06-16-12-00-00", "latency": 7}, {"date": "2022-06-16-12-00-00", "latency": 7}, {"date": "2022-06-16-15-00-00", "latency": 0}, {"date": "2022-06-16-15-00-00", "latency": 2}, {"date": "2022-06-16-11-00-00", "latency": 0}, {"date": "2022-06-16-15-00-00", "latency": 0}, {"date": "2022-06-16-10-00-00", "latency": 0}, {"date": "2022-06-16-11-00-00", "latency": 0}, {"date": "2022-06-16-13-00-00", "latency": 19}, {"date": "2022-06-16-15-00-00", "latency": 121}, {"date": "2022-06-16-15-00-00", "latency": 121}, {"date": "2022-06-16-15-00-00", "latency": 121}, {"date": "2022-06-16-15-00-00", "latency": 121}, {"date": "2022-06-16-15-00-00", "latency": 121}, {"date": "2022-06-16-16-00-00", "latency": 4}, {"date": "2022-06-16-14-00-00", "latency": 15}, {"date": "2022-06-16-18-00-00", "latency": 15}, {"date": "2022-06-16-15-00-00", "latency": 5}, {"date": "2022-06-16-11-00-00", "latency": 3}, {"date": "2022-06-16-11-00-00", "latency": 3}, {"date": "2022-06-16-17-00-00", "latency": 2}, {"date": "2022-06-16-15-00-00", "latency": 0}, {"date": "2022-06-16-15-00-00", "latency": 0}, {"date": "2022-06-16-15-00-00", "latency": 0}, {"date": "2022-06-16-14-00-00", "latency": 6}, {"date": "2022-06-16-15-00-00", "latency": 31}, {"date": "2022-06-16-15-00-00", "latency": 31}, {"date": "2022-06-16-15-00-00", "latency": 31}, {"date": "2022-06-16-15-00-00", "latency": 31}, {"date": "2022-06-17-00-00-00", "latency": 168}, {"date": "2022-06-17-00-00-00", "latency": 168}, {"date": "2022-06-17-00-00-00", "latency": 168}, {"date": "2022-06-17-00-00-00", "latency": 168}, {"date": "2022-06-17-00-00-00", "latency": 168}, {"date": "2022-06-17-00-00-00", "latency": 168}, {"date": "2022-06-17-00-00-00", "latency": 168}, {"date": "2022-06-17-00-00-00", "latency": 168}, {"date": "2022-06-17-00-00-00", "latency": 168}, {"date": "2022-06-17-00-00-00", "latency": 168}]}, {"location": {"country_code": "us"}, "game_id": "464426", "values": [{"date": "2022-06-16-13-00-00", "latency": 35}, {"date": "2022-06-16-13-00-00", "latency": 35}, {"date": "2022-06-16-13-00-00", "latency": 35}, {"date": "2022-06-16-13-00-00", "latency": 35}, {"date": "2022-06-16-13-00-00", "latency": 35}, {"date": "2022-06-16-09-00-00", "latency": 0}, {"date": "2022-06-16-15-00-00", "latency": 31}, {"date": "2022-06-16-15-00-00", "latency": 31}, {"date": "2022-06-17-01-00-00", "latency": 2}, {"date": "2022-06-16-16-00-00", "latency": 0}, {"date": "2022-06-16-16-00-00", "latency": 0}, {"date": "2022-06-16-14-00-00", "latency": 15}, {"date": "2022-06-17-00-00-00", "latency": 19}, {"date": "2022-06-16-22-00-00", "latency": 7}, {"date": "2022-06-17-02-00-00", "latency": 7}, {"date": "2022-06-16-23-00-00", "latency": 7}, {"date": "2022-06-16-23-00-00", "latency": 7}, {"date": "2022-06-16-19-00-00", "latency": 6}, {"date": "2022-06-16-19-00-00", "latency": 6}, {"date": "2022-06-16-15-00-00", "latency": 0}, {"date": "2022-06-16-15-00-00", "latency": 0}, {"date": "2022-06-16-23-00-00", "latency": 0}, {"date": "2022-06-16-12-00-00", "latency": 54}, {"date": "2022-06-16-12-00-00", "latency": 54}, {"date": "2022-06-16-12-00-00", "latency": 54}, {"date": "2022-06-16-12-00-00", "latency": 54}, {"date": "2022-06-17-01-00-00", "latency": 0}, {"date": "2022-06-16-19-00-00", "latency": 35}, {"date": "2022-06-16-22-00-00", "latency": 15}, {"date": "2022-06-16-22-00-00", "latency": 15}, {"date": "2022-06-16-20-00-00", "latency": 23}, {"date": "2022-06-16-18-00-00", "latency": 50}, {"date": "2022-06-16-18-00-00", "latency": 50}, {"date": "2022-06-16-18-00-00", "latency": 50}, {"date": "2022-06-16-23-00-00", "latency": 0}, {"date": "2022-06-16-23-00-00", "latency": 0}, {"date": "2022-06-16-23-00-00", "latency": 0}, {"date": "2022-06-16-11-00-00", "latency": 0}, {"date": "2022-06-16-23-00-00", "latency": 0}, {"date": "2022-06-16-23-00-00", "latency": 0}, {"date": "2022-06-16-23-00-00", "latency": 0}, {"date": "2022-06-16-15-00-00", "latency": 3}, {"date": "2022-06-16-15-00-00", "latency": 3}, {"date": "2022-06-17-02-00-00", "latency": 35}, {"date": "2022-06-17-02-00-00", "latency": 35}, {"date": "2022-06-17-02-00-00", "latency": 35}, {"date": "2022-06-17-02-00-00", "latency": 35}, {"date": "2022-06-16-23-00-00", "latency": 15}, {"date": "2022-06-17-02-00-00", "latency": 7}, {"date": "2022-06-17-01-00-00", "latency": 1}, {"date": "2022-06-17-01-00-00", "latency": 1}, {"date": "2022-06-17-01-00-00", "latency": 1}, {"date": "2022-06-16-17-00-00", "latency": 56}, {"date": "2022-06-16-17-00-00", "latency": 56}, {"date": "2022-06-16-17-00-00", "latency": 56}, {"date": "2022-06-16-17-00-00", "latency": 56}, {"date": "2022-06-16-17-00-00", "latency": 56}, {"date": "2022-06-16-17-00-00", "latency": 56}, {"date": "2022-06-16-17-00-00", "latency": 56}, {"date": "2022-06-16-17-00-00", "latency": 56}, {"date": "2022-06-16-17-00-00", "latency": 56}, {"date": "2022-06-16-17-00-00", "latency": 56}, {"date": "2022-06-16-17-00-00", "latency": 56}, {"date": "2022-06-16-17-00-00", "latency": 56}, {"date": "2022-06-17-01-00-00", "latency": 0}, {"date": "2022-06-16-11-00-00", "latency": 6}, {"date": "2022-06-16-18-00-00", "latency": 19}, {"date": "2022-06-17-02-00-00", "latency": 0}, {"date": "2022-06-16-17-00-00", "latency": 11}, {"date": "2022-06-16-17-00-00", "latency": 11}, {"date": "2022-06-16-17-00-00", "latency": 11}, {"date": "2022-06-16-19-00-00", "latency": 0}, {"date": "2022-06-16-19-00-00", "latency": 0}, {"date": "2022-06-16-19-00-00", "latency": 0}, {"date": "2022-06-16-11-00-00", "latency": 3}, {"date": "2022-06-16-11-00-00", "latency": 3}, {"date": "2022-06-16-20-00-00", "latency": 0}, {"date": "2022-06-16-14-00-00", "latency": 172}, {"date": "2022-06-16-14-00-00", "latency": 172}, {"date": "2022-06-16-14-00-00", "latency": 172}, {"date": "2022-06-16-14-00-00", "latency": 172}]}, {"location": {"country_code": "us", "region": "Florida"}, "game_id": "464426", "values": [{"date": "2022-06-16-19-00-00", "latency": 0}, {"date": "2022-06-16-23-00-00", "latency": 0}, {"date": "2022-06-16-23-00-00", "latency": 0}, {"date": "2022-06-17-00-00-00", "latency": 3}, {"date": "2022-06-16-12-00-00", "latency": 4}, {"date": "2022-06-16-16-00-00", "latency": 3}, {"date": "2022-06-16-16-00-00", "latency": 3}, {"date": "2022-06-16-22-00-00", "latency": 7}, {"date": "2022-06-16-22-00-00", "latency": 7}, {"date": "2022-06-17-01-00-00", "latency": 0}, {"date": "2022-06-16-23-00-00", "latency": 19}, {"date": "2022-06-16-23-00-00", "latency": 19}]}, {"location": {"country_code": "us", "region": "Massachusetts"}, "game_id": "464426", "values": [{"date": "2022-06-16-21-00-00", "latency": 27}, {"date": "2022-06-16-19-00-00", "latency": 0}, {"date": "2022-06-16-23-00-00", "latency": 1}, {"date": "2022-06-16-23-00-00", "latency": 1}, {"date": "2022-06-16-16-00-00", "latency": 7}, {"date": "2022-06-16-16-00-00", "latency": 7}, {"date": "2022-06-16-16-00-00", "latency": 7}]}, {"location": {"country_code": "us", "region": "Ohio", "city": "Cleveland"}, "game_id": "464426", "values": [{"date": "2022-06-16-16-00-00", "latency": 27}, {"date": "2022-06-16-16-00-00", "latency": 27}, {"date": "2022-06-16-16-00-00", "latency": 27}, {"date": "2022-06-16-16-00-00", "latency": 27}, {"date": "2022-06-16-16-00-00", "latency": 27}]}, {"location": {"country_code": "us", "region": "Nebraska"}, "game_id": "464426", "values": [{"date": "2022-06-16-19-00-00", "latency": 31}]}, {"location": {"country_code": "de", "region": "Berlin", "city": "Berlin"}, "game_id": "464426", "values": [{"date": "2022-06-16-22-00-00", "latency": 3}, {"date": "2022-06-16-20-00-00", "latency": 0}, {"date": "2022-06-16-20-00-00", "latency": 0}]}, {"location": {"country_code": "us", "region": "New York", "city": "Jamestown"}, "game_id": "464426", "values": [{"date": "2022-06-16-16-00-00", "latency": 0}, {"date": "2022-06-16-12-00-00", "latency": 23}, {"date": "2022-06-16-12-00-00", "latency": 23}, {"date": "2022-06-16-12-00-00", "latency": 23}, {"date": "2022-06-16-12-00-00", "latency": 23}, {"date": "2022-06-16-12-00-00", "latency": 23}, {"date": "2022-06-16-17-00-00", "latency": 31}, {"date": "2022-06-16-17-00-00", "latency": 31}, {"date": "2022-06-16-17-00-00", "latency": 31}, {"date": "2022-06-16-17-00-00", "latency": 31}, {"date": "2022-06-16-19-00-00", "latency": 5}, {"date": "2022-06-16-23-00-00", "latency": 0}, {"date": "2022-06-16-22-00-00", "latency": 39}, {"date": "2022-06-16-21-00-00", "latency": 0}, {"date": "2022-06-16-18-00-00", "latency": 19}, {"date": "2022-06-16-18-00-00", "latency": 19}, {"date": "2022-06-16-23-00-00", "latency": 7}, {"date": "2022-06-17-01-00-00", "latency": 5}, {"date": "2022-06-16-19-00-00", "latency": 23}, {"date": "2022-06-16-19-00-00", "latency": 23}, {"date": "2022-06-16-19-00-00", "latency": 23}, {"date": "2022-06-16-19-00-00", "latency": 23}, {"date": "2022-06-16-19-00-00", "latency": 23}]}, {"location": {"country_code": "us", "region": "New York"}, "game_id": "464426", "values": [{"date": "2022-06-16-10-00-00", "latency": 15}, {"date": "2022-06-16-10-00-00", "latency": 15}, {"date": "2022-06-17-01-00-00", "latency": 0}]}, {"location": {"country_code": "gb"}, "game_id": "464426", "values": [{"date": "2022-06-17-00-00-00", "latency": 5}, {"date": "2022-06-17-02-00-00", "latency": 9}, {"date": "2022-06-16-20-00-00", "latency": 0}, {"date": "2022-06-16-20-00-00", "latency": 0}, {"date": "2022-06-16-18-00-00", "latency": 94}, {"date": "2022-06-16-18-00-00", "latency": 94}, {"date": "2022-06-16-22-00-00", "latency": 0}, {"date": "2022-06-16-22-00-00", "latency": 0}, {"date": "2022-06-16-17-00-00", "latency": 0}, {"date": "2022-06-16-20-00-00", "latency": 0}, {"date": "2022-06-17-01-00-00", "latency": 27}, {"date": "2022-06-16-18-00-00", "latency": 15}, {"date": "2022-06-16-18-00-00", "latency": 15}, {"date": "2022-06-16-19-00-00", "latency": 0}, {"date": "2022-06-16-22-00-00", "latency": 0}, {"date": "2022-06-16-15-00-00", "latency": 0}, {"date": "2022-06-16-15-00-00", "latency": 0}, {"date": "2022-06-16-17-00-00", "latency": 0}, {"date": "2022-06-16-14-00-00", "latency": 15}, {"date": "2022-06-16-14-00-00", "latency": 15}, {"date": "2022-06-16-14-00-00", "latency": 15}, {"date": "2022-06-16-23-00-00", "latency": 38}, {"date": "2022-06-16-23-00-00", "latency": 38}, {"date": "2022-06-16-23-00-00", "latency": 38}, {"date": "2022-06-16-23-00-00", "latency": 38}, {"date": "2022-06-16-23-00-00", "latency": 0}, {"date": "2022-06-16-21-00-00", "latency": 0}, {"date": "2022-06-16-14-00-00", "latency": 3}, {"date": "2022-06-17-01-00-00", "latency": 0}, {"date": "2022-06-16-23-00-00", "latency": 0}]}, {"location": {"country_code": "ie"}, "game_id": "464426", "values": [{"date": "2022-06-16-20-00-00", "latency": 0}, {"date": "2022-06-16-23-00-00", "latency": 0}, {"date": "2022-06-16-12-00-00", "latency": 0}, {"date": "2022-06-16-17-00-00", "latency": 0}, {"date": "2022-06-16-17-00-00", "latency": 0}, {"date": "2022-06-16-17-00-00", "latency": 0}, {"date": "2022-06-17-00-00-00", "latency": 39}]}, {"location": {"country_code": "gb", "region": "England"}, "game_id": "464426", "values": [{"date": "2022-06-16-22-00-00", "latency": 9}, {"date": "2022-06-17-00-00-00", "latency": 0}, {"date": "2022-06-17-00-00-00", "latency": 0}, {"date": "2022-06-17-00-00-00", "latency": 0}, {"date": "2022-06-16-21-00-00", "latency": 0}, {"date": "2022-06-16-21-00-00", "latency": 0}, {"date": "2022-06-16-21-00-00", "latency": 0}, {"date": "2022-06-17-00-00-00", "latency": 0}, {"date": "2022-06-16-14-00-00", "latency": 0}, {"date": "2022-06-16-22-00-00", "latency": 19}, {"date": "2022-06-16-20-00-00", "latency": 11}, {"date": "2022-06-16-20-00-00", "latency": 11}, {"date": "2022-06-16-18-00-00", "latency": 62}, {"date": "2022-06-16-18-00-00", "latency": 62}, {"date": "2022-06-17-00-00-00", "latency": 27}, {"date": "2022-06-17-00-00-00", "latency": 27}, {"date": "2022-06-17-00-00-00", "latency": 27}, {"date": "2022-06-17-00-00-00", "latency": 27}, {"date": "2022-06-16-20-00-00", "latency": 0}, {"date": "2022-06-16-19-00-00", "latency": 23}, {"date": "2022-06-16-19-00-00", "latency": 23}, {"date": "2022-06-16-21-00-00", "latency": 0}]}, {"location": {"country_code": "be"}, "game_id": "464426", "values": [{"date": "2022-06-16-22-00-00", "latency": 10}, {"date": "2022-06-16-13-00-00", "latency": 0}, {"date": "2022-06-16-13-00-00", "latency": 0}, {"date": "2022-06-16-13-00-00", "latency": 0}, {"date": "2022-06-16-20-00-00", "latency": 8}, {"date": "2022-06-16-20-00-00", "latency": 8}, {"date": "2022-06-16-20-00-00", "latency": 0}, {"date": "2022-06-16-20-00-00", "latency": 0}, {"date": "2022-06-16-20-00-00", "latency": 0}]}, {"location": {"country_code": "gr"}, "game_id": "464426", "values": [{"date": "2022-06-17-00-00-00", "latency": 27}, {"date": "2022-06-17-00-00-00", "latency": 27}, {"date": "2022-06-17-00-00-00", "latency": 27}, {"date": "2022-06-17-00-00-00", "latency": 27}, {"date": "2022-06-17-00-00-00", "latency": 27}, {"date": "2022-06-17-00-00-00", "latency": 27}, {"date": "2022-06-17-00-00-00", "latency": 27}, {"date": "2022-06-17-00-00-00", "latency": 27}, {"date": "2022-06-17-01-00-00", "latency": 0}, {"date": "2022-06-16-20-00-00", "latency": 23}]}, {"location": {"country_code": "nl"}, "game_id": "464426", "values": [{"date": "2022-06-16-21-00-00", "latency": 23}, {"date": "2022-06-16-21-00-00", "latency": 23}, {"date": "2022-06-16-21-00-00", "latency": 23}, {"date": "2022-06-17-00-00-00", "latency": 0}, {"date": "2022-06-17-00-00-00", "latency": 0}, {"date": "2022-06-17-00-00-00", "latency": 0}, {"date": "2022-06-17-00-00-00", "latency": 0}, {"date": "2022-06-16-14-00-00", "latency": 0}, {"date": "2022-06-16-14-00-00", "latency": 0}, {"date": "2022-06-16-19-00-00", "latency": 1}, {"date": "2022-06-16-19-00-00", "latency": 1}, {"date": "2022-06-16-19-00-00", "latency": 1}, {"date": "2022-06-16-19-00-00", "latency": 1}, {"date": "2022-06-16-19-00-00", "latency": 1}, {"date": "2022-06-16-19-00-00", "latency": 1}, {"date": "2022-06-16-19-00-00", "latency": 1}, {"date": "2022-06-16-19-00-00", "latency": 1}, {"date": "2022-06-16-19-00-00", "latency": 1}, {"date": "2022-06-16-19-00-00", "latency": 1}, {"date": "2022-06-16-13-00-00", "latency": 7}, {"date": "2022-06-16-13-00-00", "latency": 7}]}, {"location": {"country_code": "cz"}, "game_id": "464426", "values": [{"date": "2022-06-16-19-00-00", "latency": 6}, {"date": "2022-06-16-19-00-00", "latency": 6}, {"date": "2022-06-16-19-00-00", "latency": 6}, {"date": "2022-06-16-19-00-00", "latency": 6}, {"date": "2022-06-16-22-00-00", "latency": 35}]}, {"location": {"country_code": "it"}, "game_id": "464426", "values": [{"date": "2022-06-16-14-00-00", "latency": 0}, {"date": "2022-06-17-00-00-00", "latency": 27}, {"date": "2022-06-17-00-00-00", "latency": 27}, {"date": "2022-06-16-17-00-00", "latency": 0}, {"date": "2022-06-16-19-00-00", "latency": 3}, {"date": "2022-06-16-22-00-00", "latency": 37}, {"date": "2022-06-16-22-00-00", "latency": 37}, {"date": "2022-06-16-23-00-00", "latency": 0}, {"date": "2022-06-17-00-00-00", "latency": 0}, {"date": "2022-06-16-16-00-00", "latency": 7}, {"date": "2022-06-16-23-00-00", "latency": 7}, {"date": "2022-06-17-00-00-00", "latency": 0}, {"date": "2022-06-17-01-00-00", "latency": 0}, {"date": "2022-06-16-18-00-00", "latency": 0}, {"date": "2022-06-16-18-00-00", "latency": 0}, {"date": "2022-06-16-18-00-00", "latency": 0}, {"date": "2022-06-16-18-00-00", "latency": 0}, {"date": "2022-06-17-00-00-00", "latency": 5}, {"date": "2022-06-17-01-00-00", "latency": 0}, {"date": "2022-06-17-01-00-00", "latency": 0}, {"date": "2022-06-17-01-00-00", "latency": 0}, {"date": "2022-06-16-15-00-00", "latency": 0}, {"date": "2022-06-16-15-00-00", "latency": 0}, {"date": "2022-06-16-20-00-00", "latency": 0}, {"date": "2022-06-16-20-00-00", "latency": 0}, {"date": "2022-06-16-20-00-00", "latency": 0}, {"date": "2022-06-16-20-00-00", "latency": 0}, {"date": "2022-06-16-20-00-00", "latency": 0}, {"date": "2022-06-16-20-00-00", "latency": 0}, {"date": "2022-06-16-20-00-00", "latency": 0}, {"date": "2022-06-16-20-00-00", "latency": 0}, {"date": "2022-06-16-21-00-00", "latency": 7}, {"date": "2022-06-16-18-00-00", "latency": 19}, {"date": "2022-06-16-18-00-00", "latency": 19}, {"date": "2022-06-16-18-00-00", "latency": 19}, {"date": "2022-06-16-22-00-00", "latency": 0}, {"date": "2022-06-16-23-00-00", "latency": 3}, {"date": "2022-06-16-23-00-00", "latency": 3}, {"date": "2022-06-16-16-00-00", "latency": 27}, {"date": "2022-06-16-16-00-00", "latency": 27}, {"date": "2022-06-16-17-00-00", "latency": 3}, {"date": "2022-06-16-16-00-00", "latency": 23}, {"date": "2022-06-17-02-00-00", "latency": 19}, {"date": "2022-06-17-02-00-00", "latency": 19}, {"date": "2022-06-17-02-00-00", "latency": 19}, {"date": "2022-06-17-02-00-00", "latency": 19}, {"date": "2022-06-17-01-00-00", "latency": 35}, {"date": "2022-06-17-01-00-00", "latency": 35}, {"date": "2022-06-17-01-00-00", "latency": 35}, {"date": "2022-06-17-01-00-00", "latency": 35}, {"date": "2022-06-17-01-00-00", "latency": 35}, {"date": "2022-06-17-01-00-00", "latency": 35}, {"date": "2022-06-17-01-00-00", "latency": 35}, {"date": "2022-06-17-01-00-00", "latency": 35}, {"date": "2022-06-16-19-00-00", "latency": 31}, {"date": "2022-06-16-19-00-00", "latency": 31}, {"date": "2022-06-16-19-00-00", "latency": 31}, {"date": "2022-06-16-19-00-00", "latency": 31}, {"date": "2022-06-16-23-00-00", "latency": 15}, {"date": "2022-06-16-23-00-00", "latency": 15}, {"date": "2022-06-17-00-00-00", "latency": 27}, {"date": "2022-06-17-00-00-00", "latency": 27}]}, {"location": {"country_code": "pt", "region": "Northern Mariana Islands", "city": "Porto"}, "game_id": "464426", "values": [{"date": "2022-06-16-16-00-00", "latency": 3}]}, {"location": {"country_code": "ro"}, "game_id": "464426", "values": [{"date": "2022-06-16-18-00-00", "latency": 43}, {"date": "2022-06-16-18-00-00", "latency": 43}, {"date": "2022-06-16-18-00-00", "latency": 43}, {"date": "2022-06-16-18-00-00", "latency": 43}, {"date": "2022-06-16-18-00-00", "latency": 43}, {"date": "2022-06-16-10-00-00", "latency": 1}, {"date": "2022-06-16-10-00-00", "latency": 1}, {"date": "2022-06-16-10-00-00", "latency": 1}, {"date": "2022-06-16-10-00-00", "latency": 1}, {"date": "2022-06-16-10-00-00", "latency": 1}, {"date": "2022-06-16-17-00-00", "latency": 31}]}, {"location": {"country_code": "za"}, "game_id": "464426", "values": [{"date": "2022-06-16-21-00-00", "latency": 15}, {"date": "2022-06-16-21-00-00", "latency": 15}, {"date": "2022-06-16-21-00-00", "latency": 15}, {"date": "2022-06-16-21-00-00", "latency": 11}, {"date": "2022-06-16-21-00-00", "latency": 11}, {"date": "2022-06-16-20-00-00", "latency": 0}, {"date": "2022-06-16-17-00-00", "latency": 0}]}, {"location": {"country_code": "jp"}, "game_id": "464426", "values": [{"date": "2022-06-16-21-00-00", "latency": 23}, {"date": "2022-06-16-17-00-00", "latency": 4}, {"date": "2022-06-16-17-00-00", "latency": 4}, {"date": "2022-06-16-17-00-00", "latency": 4}]}, {"location": {"country_code": "ca"}, "game_id": "464426", "values": [{"date": "2022-06-16-11-00-00", "latency": 19}, {"date": "2022-06-16-11-00-00", "latency": 19}, {"date": "2022-06-16-23-00-00", "latency": 70}, {"date": "2022-06-16-23-00-00", "latency": 70}, {"date": "2022-06-16-23-00-00", "latency": 70}, {"date": "2022-06-16-23-00-00", "latency": 70}, {"date": "2022-06-17-01-00-00", "latency": 47}, {"date": "2022-06-17-01-00-00", "latency": 47}, {"date": "2022-06-17-01-00-00", "latency": 47}, {"date": "2022-06-16-18-00-00", "latency": 7}, {"date": "2022-06-16-19-00-00", "latency": 39}, {"date": "2022-06-16-19-00-00", "latency": 39}, {"date": "2022-06-16-19-00-00", "latency": 39}, {"date": "2022-06-16-10-00-00", "latency": 27}, {"date": "2022-06-16-10-00-00", "latency": 27}, {"date": "2022-06-16-10-00-00", "latency": 27}, {"date": "2022-06-16-20-00-00", "latency": 0}, {"date": "2022-06-16-15-00-00", "latency": 0}, {"date": "2022-06-16-21-00-00", "latency": 7}, {"date": "2022-06-16-21-00-00", "latency": 7}, {"date": "2022-06-16-21-00-00", "latency": 7}, {"date": "2022-06-16-21-00-00", "latency": 7}, {"date": "2022-06-16-21-00-00", "latency": 7}, {"date": "2022-06-16-19-00-00", "latency": 35}, {"date": "2022-06-16-19-00-00", "latency": 35}, {"date": "2022-06-16-19-00-00", "latency": 35}, {"date": "2022-06-16-19-00-00", "latency": 35}, {"date": "2022-06-16-19-00-00", "latency": 35}, {"date": "2022-06-17-01-00-00", "latency": 25}, {"date": "2022-06-17-01-00-00", "latency": 25}, {"date": "2022-06-17-01-00-00", "latency": 25}, {"date": "2022-06-17-01-00-00", "latency": 25}, {"date": "2022-06-16-20-00-00", "latency": 0}, {"date": "2022-06-16-09-00-00", "latency": 0}, {"date": "2022-06-17-00-00-00", "latency": 5}, {"date": "2022-06-16-11-00-00", "latency": 6}, {"date": "2022-06-16-18-00-00", "latency": 5}, {"date": "2022-06-17-02-00-00", "latency": 0}, {"date": "2022-06-17-02-00-00", "latency": 0}, {"date": "2022-06-17-02-00-00", "latency": 0}]}, {"location": {"country_code": "ca", "region": "British Columbia", "city": "Richmond"}, "game_id": "464426", "values": [{"date": "2022-06-16-21-00-00", "latency": 27}, {"date": "2022-06-16-21-00-00", "latency": 27}, {"date": "2022-06-16-21-00-00", "latency": 27}, {"date": "2022-06-16-21-00-00", "latency": 27}, {"date": "2022-06-16-21-00-00", "latency": 27}, {"date": "2022-06-16-21-00-00", "latency": 27}, {"date": "2022-06-16-14-00-00", "latency": 50}, {"date": "2022-06-16-14-00-00", "latency": 50}, {"date": "2022-06-16-14-00-00", "latency": 50}, {"date": "2022-06-16-14-00-00", "latency": 50}, {"date": "2022-06-16-14-00-00", "latency": 50}, {"date": "2022-06-16-14-00-00", "latency": 50}]}, {"location": {"country_code": "ca", "region": "Ontario"}, "game_id": "464426", "values": [{"date": "2022-06-17-01-00-00", "latency": 0}, {"date": "2022-06-17-01-00-00", "latency": 0}, {"date": "2022-06-16-18-00-00", "latency": 5}, {"date": "2022-06-16-18-00-00", "latency": 5}, {"date": "2022-06-16-12-00-00", "latency": 0}, {"date": "2022-06-16-23-00-00", "latency": 0}, {"date": "2022-06-16-13-00-00", "latency": 15}, {"date": "2022-06-16-13-00-00", "latency": 15}, {"date": "2022-06-16-13-00-00", "latency": 15}, {"date": "2022-06-16-22-00-00", "latency": 50}, {"date": "2022-06-16-22-00-00", "latency": 50}, {"date": "2022-06-16-22-00-00", "latency": 50}]}, {"location": {"country_code": "ch"}, "game_id": "464426", "values": [{"date": "2022-06-16-21-00-00", "latency": 27}, {"date": "2022-06-16-20-00-00", "latency": 0}, {"date": "2022-06-16-15-00-00", "latency": 23}, {"date": "2022-06-16-15-00-00", "latency": 23}, {"date": "2022-06-16-15-00-00", "latency": 23}, {"date": "2022-06-16-15-00-00", "latency": 23}, {"date": "2022-06-16-22-00-00", "latency": 7}]}, {"location": {"country_code": "de"}, "game_id": "464426", "values": [{"date": "2022-06-17-00-00-00", "latency": 2}, {"date": "2022-06-17-00-00-00", "latency": 1}, {"date": "2022-06-16-21-00-00", "latency": 3}, {"date": "2022-06-16-12-00-00", "latency": 0}, {"date": "2022-06-16-20-00-00", "latency": 18}, {"date": "2022-06-17-02-00-00", "latency": 0}, {"date": "2022-06-17-02-00-00", "latency": 0}, {"date": "2022-06-17-02-00-00", "latency": 0}, {"date": "2022-06-16-15-00-00", "latency": 1}, {"date": "2022-06-16-19-00-00", "latency": 0}, {"date": "2022-06-17-00-00-00", "latency": 19}, {"date": "2022-06-17-00-00-00", "latency": 19}, {"date": "2022-06-17-00-00-00", "latency": 19}, {"date": "2022-06-17-00-00-00", "latency": 19}, {"date": "2022-06-17-00-00-00", "latency": 19}, {"date": "2022-06-16-12-00-00", "latency": 0}, {"date": "2022-06-16-23-00-00", "latency": 0}, {"date": "2022-06-16-23-00-00", "latency": 0}, {"date": "2022-06-16-11-00-00", "latency": 1}, {"date": "2022-06-16-14-00-00", "latency": 23}, {"date": "2022-06-16-14-00-00", "latency": 23}, {"date": "2022-06-16-14-00-00", "latency": 23}, {"date": "2022-06-16-21-00-00", "latency": 0}, {"date": "2022-06-16-21-00-00", "latency": 0}, {"date": "2022-06-16-23-00-00", "latency": 0}, {"date": "2022-06-17-01-00-00", "latency": 3}, {"date": "2022-06-16-20-00-00", "latency": 0}, {"date": "2022-06-16-20-00-00", "latency": 0}, {"date": "2022-06-16-15-00-00", "latency": 113}, {"date": "2022-06-16-15-00-00", "latency": 113}, {"date": "2022-06-16-15-00-00", "latency": 113}, {"date": "2022-06-16-20-00-00", "latency": 0}, {"date": "2022-06-16-11-00-00", "latency": 0}, {"date": "2022-06-16-11-00-00", "latency": 0}, {"date": "2022-06-16-20-00-00", "latency": 0}, {"date": "2022-06-16-22-00-00", "latency": 23}, {"date": "2022-06-16-22-00-00", "latency": 23}]}, {"location": {"country_code": "de", "region": "Baden-Wurttemberg", "city": "Reutlingen"}, "game_id": "464426", "values": [{"date": "2022-06-17-00-00-00", "latency": 0}, {"date": "2022-06-17-00-00-00", "latency": 0}]}, {"location": {"country_code": "us", "region": "Indiana"}, "game_id": "464426", "values": [{"date": "2022-06-17-01-00-00", "latency": 29}, {"date": "2022-06-17-01-00-00", "latency": 29}, {"date": "2022-06-16-16-00-00", "latency": 4}, {"date": "2022-06-16-16-00-00", "latency": 4}, {"date": "2022-06-16-16-00-00", "latency": 4}, {"date": "2022-06-16-16-00-00", "latency": 4}, {"date": "2022-06-16-16-00-00", "latency": 4}, {"date": "2022-06-16-16-00-00", "latency": 4}, {"date": "2022-06-16-16-00-00", "latency": 4}, {"date": "2022-06-16-16-00-00", "latency": 4}]}, {"location": {"country_code": "gb", "region": "Scotland"}, "game_id": "464426", "values": [{"date": "2022-06-16-22-00-00", "latency": 7}, {"date": "2022-06-16-22-00-00", "latency": 7}, {"date": "2022-06-16-17-00-00", "latency": 0}, {"date": "2022-06-16-16-00-00", "latency": 0}, {"date": "2022-06-17-00-00-00", "latency": 0}, {"date": "2022-06-17-00-00-00", "latency": 0}]}, {"location": {"country_code": "cl"}, "game_id": "464426", "values": [{"date": "2022-06-16-17-00-00", "latency": 1}, {"date": "2022-06-16-23-00-00", "latency": 11}, {"date": "2022-06-16-23-00-00", "latency": 11}, {"date": "2022-06-16-23-00-00", "latency": 11}, {"date": "2022-06-16-23-00-00", "latency": 11}, {"date": "2022-06-16-23-00-00", "latency": 11}, {"date": "2022-06-16-23-00-00", "latency": 11}]}, {"location": {"country_code": "us", "region": "Texas"}, "game_id": "464426", "values": [{"date": "2022-06-16-23-00-00", "latency": 0}, {"date": "2022-06-17-02-00-00", "latency": 19}, {"date": "2022-06-17-02-00-00", "latency": 19}, {"date": "2022-06-17-02-00-00", "latency": 19}, {"date": "2022-06-17-02-00-00", "latency": 19}, {"date": "2022-06-17-02-00-00", "latency": 0}, {"date": "2022-06-17-02-00-00", "latency": 0}, {"date": "2022-06-16-16-00-00", "latency": 3}, {"date": "2022-06-16-20-00-00", "latency": 2}, {"date": "2022-06-16-20-00-00", "latency": 0}, {"date": "2022-06-16-21-00-00", "latency": 0}]}, {"location": {"country_code": "au", "region": "New South Wales", "city": "Sydney"}, "game_id": "464426", "values": [{"date": "2022-06-16-16-00-00", "latency": 27}, {"date": "2022-06-16-16-00-00", "latency": 27}]}, {"location": {"country_code": "us", "region": "Florida", "city": "Miami"}, "game_id": "464426", "values": [{"date": "2022-06-17-02-00-00", "latency": 7}, {"date": "2022-06-16-21-00-00", "latency": 23}, {"date": "2022-06-16-21-00-00", "latency": 23}, {"date": "2022-06-16-21-00-00", "latency": 23}, {"date": "2022-06-16-21-00-00", "latency": 23}, {"date": "2022-06-16-21-00-00", "latency": 23}, {"date": "2022-06-16-21-00-00", "latency": 23}, {"date": "2022-06-16-21-00-00", "latency": 23}, {"date": "2022-06-16-21-00-00", "latency": 23}, {"date": "2022-06-16-21-00-00", "latency": 23}, {"date": "2022-06-17-01-00-00", "latency": 0}, {"date": "2022-06-17-00-00-00", "latency": 15}, {"date": "2022-06-16-18-00-00", "latency": 11}, {"date": "2022-06-16-18-00-00", "latency": 11}, {"date": "2022-06-16-16-00-00", "latency": 5}, {"date": "2022-06-16-21-00-00", "latency": 7}, {"date": "2022-06-16-21-00-00", "latency": 7}]}, {"location": {"country_code": "us", "region": "Kansas"}, "game_id": "464426", "values": [{"date": "2022-06-16-20-00-00", "latency": 19}, {"date": "2022-06-16-20-00-00", "latency": 19}, {"date": "2022-06-16-20-00-00", "latency": 19}, {"date": "2022-06-16-20-00-00", "latency": 19}]}, {"location": {"country_code": "fr"}, "game_id": "464426", "values": [{"date": "2022-06-16-18-00-00", "latency": 0}, {"date": "2022-06-16-18-00-00", "latency": 0}, {"date": "2022-06-17-02-00-00", "latency": 3}, {"date": "2022-06-17-02-00-00", "latency": 11}, {"date": "2022-06-16-13-00-00", "latency": 1}, {"date": "2022-06-16-12-00-00", "latency": 31}, {"date": "2022-06-16-12-00-00", "latency": 31}, {"date": "2022-06-16-12-00-00", "latency": 31}, {"date": "2022-06-16-12-00-00", "latency": 31}, {"date": "2022-06-16-12-00-00", "latency": 31}, {"date": "2022-06-16-12-00-00", "latency": 31}, {"date": "2022-06-16-10-00-00", "latency": 6}, {"date": "2022-06-16-10-00-00", "latency": 6}, {"date": "2022-06-16-10-00-00", "latency": 6}, {"date": "2022-06-16-15-00-00", "latency": 7}, {"date": "2022-06-16-15-00-00", "latency": 7}, {"date": "2022-06-16-15-00-00", "latency": 7}, {"date": "2022-06-16-15-00-00", "latency": 7}, {"date": "2022-06-16-23-00-00", "latency": 43}, {"date": "2022-06-16-23-00-00", "latency": 43}, {"date": "2022-06-16-23-00-00", "latency": 43}, {"date": "2022-06-16-23-00-00", "latency": 43}, {"date": "2022-06-16-13-00-00", "latency": 6}, {"date": "2022-06-16-13-00-00", "latency": 6}, {"date": "2022-06-16-13-00-00", "latency": 6}, {"date": "2022-06-16-13-00-00", "latency": 6}, {"date": "2022-06-17-01-00-00", "latency": 0}, {"date": "2022-06-16-22-00-00", "latency": 11}, {"date": "2022-06-16-22-00-00", "latency": 11}, {"date": "2022-06-16-22-00-00", "latency": 11}, {"date": "2022-06-16-22-00-00", "latency": 11}, {"date": "2022-06-16-22-00-00", "latency": 11}, {"date": "2022-06-16-22-00-00", "latency": 11}, {"date": "2022-06-16-22-00-00", "latency": 11}, {"date": "2022-06-16-22-00-00", "latency": 11}, {"date": "2022-06-16-22-00-00", "latency": 11}, {"date": "2022-06-16-22-00-00", "latency": 11}, {"date": "2022-06-16-22-00-00", "latency": 11}, {"date": "2022-06-16-22-00-00", "latency": 11}, {"date": "2022-06-16-22-00-00", "latency": 11}, {"date": "2022-06-16-16-00-00", "latency": 0}, {"date": "2022-06-16-19-00-00", "latency": 3}, {"date": "2022-06-16-19-00-00", "latency": 3}, {"date": "2022-06-17-02-00-00", "latency": 19}, {"date": "2022-06-17-02-00-00", "latency": 19}, {"date": "2022-06-17-02-00-00", "latency": 19}, {"date": "2022-06-16-22-00-00", "latency": 3}, {"date": "2022-06-16-13-00-00", "latency": 3}, {"date": "2022-06-16-13-00-00", "latency": 3}, {"date": "2022-06-16-16-00-00", "latency": 0}, {"date": "2022-06-16-18-00-00", "latency": 0}, {"date": "2022-06-16-22-00-00", "latency": 23}, {"date": "2022-06-16-20-00-00", "latency": 0}, {"date": "2022-06-16-10-00-00", "latency": 7}, {"date": "2022-06-16-23-00-00", "latency": 27}, {"date": "2022-06-16-23-00-00", "latency": 27}, {"date": "2022-06-16-20-00-00", "latency": 31}, {"date": "2022-06-16-20-00-00", "latency": 31}, {"date": "2022-06-16-20-00-00", "latency": 31}, {"date": "2022-06-16-12-00-00", "latency": 3}, {"date": "2022-06-16-12-00-00", "latency": 3}, {"date": "2022-06-17-00-00-00", "latency": 15}, {"date": "2022-06-16-17-00-00", "latency": 7}, {"date": "2022-06-16-15-00-00", "latency": 0}, {"date": "2022-06-17-02-00-00", "latency": 31}, {"date": "2022-06-16-21-00-00", "latency": 8}, {"date": "2022-06-16-21-00-00", "latency": 8}, {"date": "2022-06-16-21-00-00", "latency": 8}, {"date": "2022-06-16-19-00-00", "latency": 7}, {"date": "2022-06-16-12-00-00", "latency": 8}, {"date": "2022-06-17-01-00-00", "latency": 19}, {"date": "2022-06-16-16-00-00", "latency": 0}]}, {"location": {"country_code": "fr", "region": "Normandy", "city": "Le Havre"}, "game_id": "464426", "values": [{"date": "2022-06-16-17-00-00", "latency": 7}, {"date": "2022-06-16-17-00-00", "latency": 7}]}, {"location": {"country_code": "fr", "region": "Ile-de-France Region"}, "game_id": "464426", "values": [{"date": "2022-06-16-16-00-00", "latency": 1}]}, {"location": {"country_code": "us", "region": "New Jersey"}, "game_id": "464426", "values": [{"date": "2022-06-16-13-00-00", "latency": 7}, {"date": "2022-06-16-13-00-00", "latency": 7}, {"date": "2022-06-16-13-00-00", "latency": 7}, {"date": "2022-06-16-22-00-00", "latency": 19}, {"date": "2022-06-17-01-00-00", "latency": 0}]}, {"location": {"country_code": "mx"}, "game_id": "464426", "values": [{"date": "2022-06-16-19-00-00", "latency": 15}, {"date": "2022-06-16-10-00-00", "latency": 0}, {"date": "2022-06-17-02-00-00", "latency": 23}, {"date": "2022-06-16-11-00-00", "latency": 58}]}, {"location": {"country_code": "mx", "region": "Nuevo Leon", "city": "Monterrey"}, "game_id": "464426", "values": [{"date": "2022-06-16-18-00-00", "latency": 20}]}, {"location": {"country_code": "us", "region": "Ohio"}, "game_id": "464426", "values": [{"date": "2022-06-17-01-00-00", "latency": 9}, {"date": "2022-06-17-01-00-00", "latency": 9}, {"date": "2022-06-16-15-00-00", "latency": 31}, {"date": "2022-06-16-15-00-00", "latency": 31}, {"date": "2022-06-17-02-00-00", "latency": 0}, {"date": "2022-06-17-01-00-00", "latency": 0}, {"date": "2022-06-16-23-00-00", "latency": 11}, {"date": "2022-06-16-23-00-00", "latency": 11}]}, {"location": {"country_code": "mx", "region": "Mexico City"}, "game_id": "464426", "values": [{"date": "2022-06-17-01-00-00", "latency": 0}]}, {"location": {"country_code": "us", "region": "California"}, "game_id": "464426", "values": [{"date": "2022-06-16-13-00-00", "latency": 94}, {"date": "2022-06-16-13-00-00", "latency": 94}, {"date": "2022-06-16-13-00-00", "latency": 94}, {"date": "2022-06-16-13-00-00", "latency": 94}, {"date": "2022-06-16-11-00-00", "latency": 0}, {"date": "2022-06-16-15-00-00", "latency": 9}, {"date": "2022-06-17-00-00-00", "latency": 47}, {"date": "2022-06-17-00-00-00", "latency": 47}, {"date": "2022-06-16-20-00-00", "latency": 23}, {"date": "2022-06-16-20-00-00", "latency": 23}, {"date": "2022-06-16-21-00-00", "latency": 0}, {"date": "2022-06-17-02-00-00", "latency": 31}, {"date": "2022-06-17-02-00-00", "latency": 31}, {"date": "2022-06-16-12-00-00", "latency": 23}, {"date": "2022-06-16-12-00-00", "latency": 23}, {"date": "2022-06-16-12-00-00", "latency": 23}, {"date": "2022-06-16-11-00-00", "latency": 0}, {"date": "2022-06-17-02-00-00", "latency": 0}, {"date": "2022-06-17-02-00-00", "latency": 0}, {"date": "2022-06-17-02-00-00", "latency": 0}, {"date": "2022-06-17-02-00-00", "latency": 0}, {"date": "2022-06-17-02-00-00", "latency": 0}, {"date": "2022-06-17-02-00-00", "latency": 7}]}, {"location": {"country_code": "us", "region": "Rhode Island", "city": "Providence"}, "game_id": "464426", "values": [{"date": "2022-06-16-20-00-00", "latency": 19}, {"date": "2022-06-16-20-00-00", "latency": 19}]}, {"location": {"country_code": "rs"}, "game_id": "464426", "values": [{"date": "2022-06-17-01-00-00", "latency": 39}]}, {"location": {"country_code": "br"}, "game_id": "464426", "values": [{"date": "2022-06-16-18-00-00", "latency": 2}, {"date": "2022-06-16-19-00-00", "latency": 35}, {"date": "2022-06-16-19-00-00", "latency": 35}, {"date": "2022-06-16-19-00-00", "latency": 35}, {"date": "2022-06-17-01-00-00", "latency": 5}, {"date": "2022-06-17-01-00-00", "latency": 5}, {"date": "2022-06-16-23-00-00", "latency": 0}, {"date": "2022-06-16-23-00-00", "latency": 0}, {"date": "2022-06-16-22-00-00", "latency": 0}, {"date": "2022-06-17-02-00-00", "latency": 0}, {"date": "2022-06-17-01-00-00", "latency": 3}, {"date": "2022-06-17-01-00-00", "latency": 3}, {"date": "2022-06-17-01-00-00", "latency": 0}, {"date": "2022-06-17-01-00-00", "latency": 0}, {"date": "2022-06-17-01-00-00", "latency": 0}, {"date": "2022-06-17-01-00-00", "latency": 0}, {"date": "2022-06-17-02-00-00", "latency": 5}, {"date": "2022-06-17-02-00-00", "latency": 5}, {"date": "2022-06-16-21-00-00", "latency": 0}, {"date": "2022-06-16-21-00-00", "latency": 0}]}, {"location": {"country_code": "br", "region": "Sao Paulo", "city": "Apiai"}, "game_id": "464426", "values": [{"date": "2022-06-16-10-00-00", "latency": 0}, {"date": "2022-06-16-23-00-00", "latency": 0}, {"date": "2022-06-16-22-00-00", "latency": 7}, {"date": "2022-06-16-22-00-00", "latency": 7}]}, {"location": {"country_code": "se"}, "game_id": "464426", "values": [{"date": "2022-06-16-17-00-00", "latency": 31}, {"date": "2022-06-17-00-00-00", "latency": 0}, {"date": "2022-06-17-00-00-00", "latency": 0}, {"date": "2022-06-16-19-00-00", "latency": 0}, {"date": "2022-06-17-01-00-00", "latency": 0}, {"date": "2022-06-16-22-00-00", "latency": 19}, {"date": "2022-06-16-22-00-00", "latency": 19}, {"date": "2022-06-16-22-00-00", "latency": 19}, {"date": "2022-06-16-22-00-00", "latency": 19}, {"date": "2022-06-16-22-00-00", "latency": 19}]}, {"location": {"country_code": "no"}, "game_id": "464426", "values": [{"date": "2022-06-16-19-00-00", "latency": 0}, {"date": "2022-06-16-21-00-00", "latency": 27}, {"date": "2022-06-16-21-00-00", "latency": 27}, {"date": "2022-06-16-23-00-00", "latency": 0}, {"date": "2022-06-16-17-00-00", "latency": 31}, {"date": "2022-06-17-00-00-00", "latency": 31}, {"date": "2022-06-17-00-00-00", "latency": 31}, {"date": "2022-06-16-18-00-00", "latency": 8}, {"date": "2022-06-16-18-00-00", "latency": 8}, {"date": "2022-06-16-14-00-00", "latency": 13}, {"date": "2022-06-16-14-00-00", "latency": 13}, {"date": "2022-06-16-14-00-00", "latency": 13}, {"date": "2022-06-16-14-00-00", "latency": 13}, {"date": "2022-06-16-14-00-00", "latency": 13}, {"date": "2022-06-16-14-00-00", "latency": 13}, {"date": "2022-06-16-22-00-00", "latency": 19}, {"date": "2022-06-16-22-00-00", "latency": 19}, {"date": "2022-06-16-22-00-00", "latency": 19}, {"date": "2022-06-16-19-00-00", "latency": 123}, {"date": "2022-06-16-19-00-00", "latency": 123}, {"date": "2022-06-16-19-00-00", "latency": 123}, {"date": "2022-06-16-19-00-00", "latency": 123}, {"date": "2022-06-16-19-00-00", "latency": 123}]}, {"location": {"country_code": "us", "region": "California", "city": "East Los Angeles"}, "game_id": "464426", "values": [{"date": "2022-06-16-12-00-00", "latency": 19}, {"date": "2022-06-16-12-00-00", "latency": 19}, {"date": "2022-06-16-12-00-00", "latency": 19}, {"date": "2022-06-16-10-00-00", "latency": 4}, {"date": "2022-06-16-10-00-00", "latency": 4}, {"date": "2022-06-16-11-00-00", "latency": 19}, {"date": "2022-06-16-11-00-00", "latency": 19}, {"date": "2022-06-16-11-00-00", "latency": 19}, {"date": "2022-06-16-23-00-00", "latency": 0}, {"date": "2022-06-16-11-00-00", "latency": 0}, {"date": "2022-06-16-11-00-00", "latency": 0}, {"date": "2022-06-16-11-00-00", "latency": 0}, {"date": "2022-06-16-17-00-00", "latency": 7}, {"date": "2022-06-16-17-00-00", "latency": 7}, {"date": "2022-06-16-17-00-00", "latency": 7}, {"date": "2022-06-17-02-00-00", "latency": 0}]}, {"location": {"country_code": "ec"}, "game_id": "464426", "values": [{"date": "2022-06-17-01-00-00", "latency": 74}, {"date": "2022-06-17-01-00-00", "latency": 74}, {"date": "2022-06-17-01-00-00", "latency": 74}, {"date": "2022-06-17-01-00-00", "latency": 74}, {"date": "2022-06-17-01-00-00", "latency": 74}]}, {"location": {"country_code": "au", "region": "Victoria", "city": "Melbourne"}, "game_id": "464426", "values": [{"date": "2022-06-16-17-00-00", "latency": 125}, {"date": "2022-06-16-17-00-00", "latency": 125}, {"date": "2022-06-16-17-00-00", "latency": 125}]}, {"location": {"country_code": "us", "region": "Texas", "city": "Austin"}, "game_id": "464426", "values": [{"date": "2022-06-17-00-00-00", "latency": 27}, {"date": "2022-06-17-00-00-00", "latency": 27}]}, {"location": {"country_code": "us", "region": "Nevada", "city": "Las Vegas"}, "game_id": "464426", "values": [{"date": "2022-06-16-22-00-00", "latency": 58}, {"date": "2022-06-16-22-00-00", "latency": 58}, {"date": "2022-06-16-22-00-00", "latency": 58}, {"date": "2022-06-16-22-00-00", "latency": 58}, {"date": "2022-06-17-01-00-00", "latency": 2}, {"date": "2022-06-16-18-00-00", "latency": 0}, {"date": "2022-06-16-18-00-00", "latency": 0}, {"date": "2022-06-17-01-00-00", "latency": 0}]}, {"location": {"country_code": "es", "region": "Madrid", "city": "Parla"}, "game_id": "464426", "values": [{"date": "2022-06-16-21-00-00", "latency": 4}, {"date": "2022-06-16-21-00-00", "latency": 4}, {"date": "2022-06-16-21-00-00", "latency": 4}, {"date": "2022-06-16-21-00-00", "latency": 4}, {"date": "2022-06-16-21-00-00", "latency": 4}, {"date": "2022-06-16-21-00-00", "latency": 4}, {"date": "2022-06-16-17-00-00", "latency": 23}, {"date": "2022-06-16-17-00-00", "latency": 23}, {"date": "2022-06-16-17-00-00", "latency": 23}, {"date": "2022-06-16-17-00-00", "latency": 23}, {"date": "2022-06-17-00-00-00", "latency": 0}, {"date": "2022-06-16-19-00-00", "latency": 0}]}, {"location": {"country_code": "es"}, "game_id": "464426", "values": [{"date": "2022-06-16-19-00-00", "latency": 15}, {"date": "2022-06-16-23-00-00", "latency": 7}, {"date": "2022-06-17-00-00-00", "latency": 0}, {"date": "2022-06-16-17-00-00", "latency": 1}, {"date": "2022-06-17-00-00-00", "latency": 8}, {"date": "2022-06-17-00-00-00", "latency": 8}, {"date": "2022-06-17-01-00-00", "latency": 23}, {"date": "2022-06-17-01-00-00", "latency": 23}, {"date": "2022-06-17-01-00-00", "latency": 23}, {"date": "2022-06-17-01-00-00", "latency": 23}, {"date": "2022-06-16-19-00-00", "latency": 39}, {"date": "2022-06-16-19-00-00", "latency": 39}, {"date": "2022-06-16-19-00-00", "latency": 39}, {"date": "2022-06-17-00-00-00", "latency": 6}, {"date": "2022-06-17-00-00-00", "latency": 6}, {"date": "2022-06-17-00-00-00", "latency": 6}, {"date": "2022-06-17-01-00-00", "latency": 31}, {"date": "2022-06-17-01-00-00", "latency": 31}, {"date": "2022-06-17-01-00-00", "latency": 31}, {"date": "2022-06-17-01-00-00", "latency": 6}, {"date": "2022-06-17-01-00-00", "latency": 6}, {"date": "2022-06-17-01-00-00", "latency": 6}, {"date": "2022-06-17-01-00-00", "latency": 6}, {"date": "2022-06-17-01-00-00", "latency": 6}, {"date": "2022-06-17-01-00-00", "latency": 6}, {"date": "2022-06-17-01-00-00", "latency": 6}, {"date": "2022-06-17-01-00-00", "latency": 6}, {"date": "2022-06-17-00-00-00", "latency": 27}, {"date": "2022-06-17-00-00-00", "latency": 27}, {"date": "2022-06-16-20-00-00", "latency": 5}, {"date": "2022-06-16-20-00-00", "latency": 5}, {"date": "2022-06-16-20-00-00", "latency": 5}, {"date": "2022-06-16-19-00-00", "latency": 101}, {"date": "2022-06-16-19-00-00", "latency": 101}, {"date": "2022-06-16-11-00-00", "latency": 7}, {"date": "2022-06-16-11-00-00", "latency": 7}, {"date": "2022-06-16-11-00-00", "latency": 7}, {"date": "2022-06-16-18-00-00", "latency": 13}, {"date": "2022-06-16-18-00-00", "latency": 13}, {"date": "2022-06-16-18-00-00", "latency": 13}, {"date": "2022-06-16-18-00-00", "latency": 13}, {"date": "2022-06-16-21-00-00", "latency": 0}, {"date": "2022-06-17-01-00-00", "latency": 0}, {"date": "2022-06-16-10-00-00", "latency": 0}]}, {"location": {"country_code": "dk"}, "game_id": "464426", "values": [{"date": "2022-06-17-00-00-00", "latency": 1}, {"date": "2022-06-17-00-00-00", "latency": 1}, {"date": "2022-06-17-00-00-00", "latency": 1}, {"date": "2022-06-17-00-00-00", "latency": 1}, {"date": "2022-06-16-19-00-00", "latency": 35}, {"date": "2022-06-16-19-00-00", "latency": 35}]}, {"location": {"country_code": "us", "region": "Iowa"}, "game_id": "464426", "values": [{"date": "2022-06-16-20-00-00", "latency": 23}]}, {"location": {"country_code": "tr"}, "game_id": "464426", "values": [{"date": "2022-06-17-00-00-00", "latency": 7}, {"date": "2022-06-17-00-00-00", "latency": 7}]}, {"location": {"country_code": "us", "region": "Ohio", "city": "Columbus"}, "game_id": "464426", "values": [{"date": "2022-06-16-22-00-00", "latency": 19}, {"date": "2022-06-16-22-00-00", "latency": 19}, {"date": "2022-06-16-22-00-00", "latency": 19}, {"date": "2022-06-16-22-00-00", "latency": 19}, {"date": "2022-06-16-18-00-00", "latency": 13}, {"date": "2022-06-16-18-00-00", "latency": 13}]}, {"location": {"country_code": "us", "region": "Pennsylvania", "city": "Philadelphia"}, "game_id": "464426", "values": [{"date": "2022-06-17-02-00-00", "latency": 0}]}, {"location": {"country_code": "es", "region": "Madrid"}, "game_id": "464426", "values": [{"date": "2022-06-16-19-00-00", "latency": 39}, {"date": "2022-06-16-19-00-00", "latency": 39}]}, {"location": {"country_code": "es", "region": "La Rioja", "city": "Logrono"}, "game_id": "464426", "values": [{"date": "2022-06-16-20-00-00", "latency": 19}, {"date": "2022-06-16-20-00-00", "latency": 19}]}, {"location": {"country_code": "es", "region": "Valencia", "city": "Gandia"}, "game_id": "464426", "values": [{"date": "2022-06-16-22-00-00", "latency": 7}, {"date": "2022-06-16-18-00-00", "latency": 0}]}, {"location": {"country_code": "es", "region": "Andalusia", "city": "Marbella"}, "game_id": "464426", "values": [{"date": "2022-06-16-22-00-00", "latency": 15}, {"date": "2022-06-16-22-00-00", "latency": 15}]}, {"location": {"country_code": "es", "region": "Madrid", "city": "Mostoles"}, "game_id": "464426", "values": [{"date": "2022-06-16-19-00-00", "latency": 23}, {"date": "2022-06-16-19-00-00", "latency": 23}, {"date": "2022-06-16-19-00-00", "latency": 23}, {"date": "2022-06-16-19-00-00", "latency": 23}, {"date": "2022-06-16-19-00-00", "latency": 23}, {"date": "2022-06-16-19-00-00", "latency": 23}, {"date": "2022-06-16-19-00-00", "latency": 23}]}, {"location": {"country_code": "es", "region": "Balearic Islands", "city": "Porreres"}, "game_id": "464426", "values": [{"date": "2022-06-16-12-00-00", "latency": 35}, {"date": "2022-06-16-12-00-00", "latency": 35}, {"date": "2022-06-16-12-00-00", "latency": 35}, {"date": "2022-06-16-12-00-00", "latency": 35}]}, {"location": {"country_code": "sa"}, "game_id": "464426", "values": [{"date": "2022-06-17-00-00-00", "latency": 90}, {"date": "2022-06-17-00-00-00", "latency": 90}, {"date": "2022-06-16-19-00-00", "latency": 0}, {"date": "2022-06-17-02-00-00", "latency": 101}, {"date": "2022-06-17-02-00-00", "latency": 101}, {"date": "2022-06-16-20-00-00", "latency": 0}, {"date": "2022-06-16-13-00-00", "latency": 0}, {"date": "2022-06-16-13-00-00", "latency": 0}, {"date": "2022-06-16-13-00-00", "latency": 0}]}, {"location": {"country_code": "ar"}, "game_id": "464426", "values": [{"date": "2022-06-17-01-00-00", "latency": 4}]}, {"location": {"country_code": "us", "region": "Michigan"}, "game_id": "464426", "values": [{"date": "2022-06-17-01-00-00", "latency": 27}, {"date": "2022-06-17-00-00-00", "latency": 5}, {"date": "2022-06-17-00-00-00", "latency": 5}, {"date": "2022-06-17-00-00-00", "latency": 5}, {"date": "2022-06-17-00-00-00", "latency": 5}, {"date": "2022-06-16-17-00-00", "latency": 15}]}, {"location": {"country_code": "by", "region": "Minsk"}, "game_id": "464426", "values": [{"date": "2022-06-17-01-00-00", "latency": 35}]}, {"location": {"country_code": "jm"}, "game_id": "464426", "values": [{"date": "2022-06-17-02-00-00", "latency": 19}, {"date": "2022-06-16-21-00-00", "latency": 54}, {"date": "2022-06-16-21-00-00", "latency": 54}, {"date": "2022-06-16-21-00-00", "latency": 54}]}, {"location": {"country_code": "fi"}, "game_id": "464426", "values": [{"date": "2022-06-16-16-00-00", "latency": 54}, {"date": "2022-06-16-16-00-00", "latency": 54}, {"date": "2022-06-16-18-00-00", "latency": 54}, {"date": "2022-06-16-18-00-00", "latency": 54}, {"date": "2022-06-16-13-00-00", "latency": 31}, {"date": "2022-06-16-13-00-00", "latency": 31}, {"date": "2022-06-16-13-00-00", "latency": 31}, {"date": "2022-06-16-19-00-00", "latency": 3}, {"date": "2022-06-16-21-00-00", "latency": 27}, {"date": "2022-06-16-22-00-00", "latency": 39}, {"date": "2022-06-16-22-00-00", "latency": 39}]}, {"location": {"country_code": "us", "region": "Hawaii"}, "game_id": "464426", "values": [{"date": "2022-06-16-14-00-00", "latency": 0}, {"date": "2022-06-16-22-00-00", "latency": 0}, {"date": "2022-06-16-22-00-00", "latency": 0}, {"date": "2022-06-16-11-00-00", "latency": 43}, {"date": "2022-06-16-13-00-00", "latency": 0}, {"date": "2022-06-16-12-00-00", "latency": 35}, {"date": "2022-06-16-23-00-00", "latency": 105}, {"date": "2022-06-16-23-00-00", "latency": 105}, {"date": "2022-06-16-23-00-00", "latency": 105}, {"date": "2022-06-16-13-00-00", "latency": 0}, {"date": "2022-06-16-12-00-00", "latency": 66}, {"date": "2022-06-16-13-00-00", "latency": 58}, {"date": "2022-06-16-13-00-00", "latency": 58}]}, {"location": {"country_code": "us", "region": "Hawaii", "city": "Kapolei"}, "game_id": "464426", "values": [{"date": "2022-06-16-11-00-00", "latency": 109}, {"date": "2022-06-16-11-00-00", "latency": 109}, {"date": "2022-06-16-11-00-00", "latency": 109}]}, {"location": {"country_code": "de", "region": "Free and Hanseatic City of Hamburg", "city": "Hamburg"}, "game_id": "464426", "values": [{"date": "2022-06-16-11-00-00", "latency": 2}, {"date": "2022-06-16-20-00-00", "latency": 0}, {"date": "2022-06-16-17-00-00", "latency": 5}]}, {"location": {"country_code": "iq"}, "game_id": "464426", "values": [{"date": "2022-06-16-18-00-00", "latency": 0}, {"date": "2022-06-16-18-00-00", "latency": 0}, {"date": "2022-06-16-18-00-00", "latency": 0}]}, {"location": {"country_code": "ar", "region": "Buenos Aires F.D.", "city": "Bahia Blanca"}, "game_id": "464426", "values": [{"date": "2022-06-17-01-00-00", "latency": 0}, {"date": "2022-06-16-23-00-00", "latency": 50}]}, {"location": {"country_code": "us", "region": "Virginia"}, "game_id": "464426", "values": [{"date": "2022-06-16-14-00-00", "latency": 0}]}, {"location": {"country_code": "us", "region": "Missouri", "city": "Downtown Kansas City"}, "game_id": "464426", "values": [{"date": "2022-06-16-21-00-00", "latency": 9}, {"date": "2022-06-16-21-00-00", "latency": 9}, {"date": "2022-06-16-21-00-00", "latency": 9}, {"date": "2022-06-16-21-00-00", "latency": 9}, {"date": "2022-06-16-21-00-00", "latency": 9}, {"date": "2022-06-16-09-00-00", "latency": 0}]}, {"location": {"country_code": "us", "region": "New Jersey", "city": "Wildwood"}, "game_id": "464426", "values": [{"date": "2022-06-17-02-00-00", "latency": 0}]}, {"location": {"country_code": "us", "region": "Texas", "city": "Houston"}, "game_id": "464426", "values": [{"date": "2022-06-16-23-00-00", "latency": 4}, {"date": "2022-06-16-23-00-00", "latency": 15}, {"date": "2022-06-16-23-00-00", "latency": 15}, {"date": "2022-06-17-01-00-00", "latency": 19}, {"date": "2022-06-17-01-00-00", "latency": 19}, {"date": "2022-06-17-01-00-00", "latency": 19}, {"date": "2022-06-16-23-00-00", "latency": 0}]}, {"location": {"country_code": "us", "region": "South Carolina"}, "game_id": "464426", "values": [{"date": "2022-06-16-17-00-00", "latency": 27}, {"date": "2022-06-16-17-00-00", "latency": 27}, {"date": "2022-06-16-17-00-00", "latency": 27}, {"date": "2022-06-17-00-00-00", "latency": 19}, {"date": "2022-06-17-00-00-00", "latency": 19}, {"date": "2022-06-17-00-00-00", "latency": 19}]}, {"location": {"country_code": "us", "region": "Texas", "city": "Irving"}, "game_id": "464426", "values": [{"date": "2022-06-17-00-00-00", "latency": 7}, {"date": "2022-06-16-20-00-00", "latency": 31}, {"date": "2022-06-16-20-00-00", "latency": 31}, {"date": "2022-06-16-20-00-00", "latency": 31}, {"date": "2022-06-16-19-00-00", "latency": 19}, {"date": "2022-06-16-19-00-00", "latency": 19}, {"date": "2022-06-16-19-00-00", "latency": 19}, {"date": "2022-06-16-19-00-00", "latency": 19}, {"date": "2022-06-16-19-00-00", "latency": 19}, {"date": "2022-06-16-19-00-00", "latency": 19}, {"date": "2022-06-16-19-00-00", "latency": 19}, {"date": "2022-06-16-19-00-00", "latency": 19}, {"date": "2022-06-16-11-00-00", "latency": 0}]}, {"location": {"country_code": "us", "region": "Michigan", "city": "Saginaw"}, "game_id": "464426", "values": [{"date": "2022-06-16-19-00-00", "latency": 0}, {"date": "2022-06-16-19-00-00", "latency": 0}]}, {"location": {"country_code": "at", "region": "Vienna"}, "game_id": "464426", "values": [{"date": "2022-06-16-17-00-00", "latency": 8}, {"date": "2022-06-16-16-00-00", "latency": 13}, {"date": "2022-06-16-16-00-00", "latency": 13}, {"date": "2022-06-16-16-00-00", "latency": 13}, {"date": "2022-06-16-16-00-00", "latency": 0}, {"date": "2022-06-16-16-00-00", "latency": 0}]}, {"location": {"country_code": "us", "region": "Illinois", "city": "Chicago"}, "game_id": "464426", "values": [{"date": "2022-06-16-20-00-00", "latency": 0}]}, {"location": {"country_code": "us", "region": "Nevada", "city": "Paradise"}, "game_id": "464426", "values": [{"date": "2022-06-17-00-00-00", "latency": 15}]}, {"location": {"country_code": "hu"}, "game_id": "464426", "values": [{"date": "2022-06-16-20-00-00", "latency": 25}]}, {"location": {"country_code": "co"}, "game_id": "464426", "values": [{"date": "2022-06-17-01-00-00", "latency": 0}, {"date": "2022-06-17-01-00-00", "latency": 0}, {"date": "2022-06-17-01-00-00", "latency": 0}, {"date": "2022-06-17-01-00-00", "latency": 70}, {"date": "2022-06-17-01-00-00", "latency": 70}]}, {"location": {"country_code": "at"}, "game_id": "464426", "values": [{"date": "2022-06-17-02-00-00", "latency": 27}, {"date": "2022-06-16-22-00-00", "latency": 32}, {"date": "2022-06-16-22-00-00", "latency": 32}, {"date": "2022-06-17-00-00-00", "latency": 19}]}, {"location": {"country_code": "br", "region": "Estado de Bahia", "city": "Salvador"}, "game_id": "464426", "values": [{"date": "2022-06-16-18-00-00", "latency": 62}, {"date": "2022-06-16-18-00-00", "latency": 62}, {"date": "2022-06-16-18-00-00", "latency": 62}]}, {"location": {"country_code": "fr", "region": "Aquitania-Limosino-Poitou-Charentes", "city": "Saint-Agnant"}, "game_id": "464426", "values": [{"date": "2022-06-16-21-00-00", "latency": 7}, {"date": "2022-06-16-21-00-00", "latency": 7}, {"date": "2022-06-16-21-00-00", "latency": 7}, {"date": "2022-06-16-21-00-00", "latency": 7}]}, {"location": {"country_code": "us", "region": "Arizona"}, "game_id": "464426", "values": [{"date": "2022-06-16-10-00-00", "latency": 28}, {"date": "2022-06-16-10-00-00", "latency": 28}, {"date": "2022-06-16-10-00-00", "latency": 28}, {"date": "2022-06-16-10-00-00", "latency": 28}, {"date": "2022-06-16-10-00-00", "latency": 28}, {"date": "2022-06-16-10-00-00", "latency": 28}, {"date": "2022-06-16-10-00-00", "latency": 28}, {"date": "2022-06-16-10-00-00", "latency": 28}, {"date": "2022-06-17-00-00-00", "latency": 11}]}, {"location": {"country_code": "us", "region": "Arizona", "city": "Mesa"}, "game_id": "464426", "values": [{"date": "2022-06-16-12-00-00", "latency": 0}, {"date": "2022-06-16-11-00-00", "latency": 0}]}, {"location": {"country_code": "ve"}, "game_id": "464426", "values": [{"date": "2022-06-17-01-00-00", "latency": 2}, {"date": "2022-06-17-01-00-00", "latency": 37}, {"date": "2022-06-17-01-00-00", "latency": 37}]}, {"location": {"country_code": "es", "region": "Aragon", "city": "Zaragoza"}, "game_id": "464426", "values": [{"date": "2022-06-16-12-00-00", "latency": 0}]}, {"location": {"country_code": "us", "region": "California", "city": "Chula Vista"}, "game_id": "464426", "values": [{"date": "2022-06-16-11-00-00", "latency": 0}]}, {"location": {"country_code": "es", "region": "Catalonia", "city": "l'Hospitalet de Llobregat"}, "game_id": "464426", "values": [{"date": "2022-06-16-18-00-00", "latency": 0}, {"date": "2022-06-16-18-00-00", "latency": 0}]}, {"location": {"country_code": "pl"}, "game_id": "464426", "values": [{"date": "2022-06-16-22-00-00", "latency": 0}, {"date": "2022-06-16-22-00-00", "latency": 0}, {"date": "2022-06-16-22-00-00", "latency": 0}, {"date": "2022-06-16-17-00-00", "latency": 0}, {"date": "2022-06-16-15-00-00", "latency": 3}, {"date": "2022-06-16-15-00-00", "latency": 3}, {"date": "2022-06-16-15-00-00", "latency": 3}]}, {"location": {"country_code": "pl", "region": "Pomeranian Voivodeship", "city": "Gdynia"}, "game_id": "464426", "values": [{"date": "2022-06-16-17-00-00", "latency": 7}]}, {"location": {"country_code": "tr", "region": "Karadeniz Bolgesi"}, "game_id": "464426", "values": [{"date": "2022-06-16-12-00-00", "latency": 0}]}, {"location": {"country_code": "us", "region": "Puerto Rico"}, "game_id": "464426", "values": [{"date": "2022-06-16-20-00-00", "latency": 0}, {"date": "2022-06-16-20-00-00", "latency": 0}]}, {"location": {"country_code": "cr"}, "game_id": "464426", "values": [{"date": "2022-06-17-02-00-00", "latency": 47}]}, {"location": {"country_code": "gb", "region": "England", "city": "London"}, "game_id": "464426", "values": [{"date": "2022-06-17-01-00-00", "latency": 19}, {"date": "2022-06-17-01-00-00", "latency": 19}, {"date": "2022-06-17-01-00-00", "latency": 19}, {"date": "2022-06-16-18-00-00", "latency": 78}, {"date": "2022-06-16-18-00-00", "latency": 78}, {"date": "2022-06-16-18-00-00", "latency": 78}, {"date": "2022-06-16-18-00-00", "latency": 78}, {"date": "2022-06-16-15-00-00", "latency": 0}, {"date": "2022-06-16-21-00-00", "latency": 17}, {"date": "2022-06-16-21-00-00", "latency": 8}, {"date": "2022-06-16-21-00-00", "latency": 8}]}, {"location": {"country_code": "us", "region": "Georgia"}, "game_id": "464426", "values": [{"date": "2022-06-16-14-00-00", "latency": 23}, {"date": "2022-06-16-14-00-00", "latency": 23}, {"date": "2022-06-16-14-00-00", "latency": 23}, {"date": "2022-06-17-00-00-00", "latency": 0}, {"date": "2022-06-17-00-00-00", "latency": 0}, {"date": "2022-06-17-00-00-00", "latency": 0}]}, {"location": {"country_code": "ie", "region": "", "city": "Cork"}, "game_id": "464426", "values": [{"date": "2022-06-17-00-00-00", "latency": 23}, {"date": "2022-06-17-00-00-00", "latency": 23}]}, {"location": {"country_code": "pe"}, "game_id": "464426", "values": [{"date": "2022-06-16-19-00-00", "latency": 13}, {"date": "2022-06-16-19-00-00", "latency": 13}, {"date": "2022-06-16-19-00-00", "latency": 13}]}, {"location": {"country_code": "sg"}, "game_id": "464426", "values": [{"date": "2022-06-16-18-00-00", "latency": 0}, {"date": "2022-06-16-18-00-00", "latency": 0}, {"date": "2022-06-16-19-00-00", "latency": 0}, {"date": "2022-06-16-11-00-00", "latency": 7}, {"date": "2022-06-16-11-00-00", "latency": 7}, {"date": "2022-06-16-11-00-00", "latency": 7}, {"date": "2022-06-16-11-00-00", "latency": 7}, {"date": "2022-06-16-17-00-00", "latency": 1}]}, {"location": {"country_code": "tr", "region": "Marmara Bolgesi", "city": "Istanbul"}, "game_id": "464426", "values": [{"date": "2022-06-16-19-00-00", "latency": 4}]}, {"location": {"country_code": "us", "region": "District of Columbia", "city": "Washington"}, "game_id": "464426", "values": [{"date": "2022-06-16-11-00-00", "latency": 70}]}, {"location": {"country_code": "ca", "region": "Ontario", "city": "Toronto"}, "game_id": "464426", "values": [{"date": "2022-06-17-02-00-00", "latency": 31}, {"date": "2022-06-17-02-00-00", "latency": 31}, {"date": "2022-06-17-02-00-00", "latency": 31}, {"date": "2022-06-17-02-00-00", "latency": 31}, {"date": "2022-06-16-18-00-00", "latency": 31}, {"date": "2022-06-16-20-00-00", "latency": 23}, {"date": "2022-06-16-20-00-00", "latency": 23}, {"date": "2022-06-16-18-00-00", "latency": 27}]}, {"location": {"country_code": "ca", "region": "Ontario", "city": "Ajax"}, "game_id": "464426", "values": [{"date": "2022-06-17-01-00-00", "latency": 0}]}, {"location": {"country_code": "do"}, "game_id": "464426", "values": [{"date": "2022-06-16-23-00-00", "latency": 0}, {"date": "2022-06-16-22-00-00", "latency": 1}, {"date": "2022-06-16-22-00-00", "latency": 1}, {"date": "2022-06-16-22-00-00", "latency": 1}, {"date": "2022-06-16-22-00-00", "latency": 1}, {"date": "2022-06-16-22-00-00", "latency": 1}, {"date": "2022-06-16-22-00-00", "latency": 1}, {"date": "2022-06-16-22-00-00", "latency": 1}, {"date": "2022-06-16-22-00-00", "latency": 1}, {"date": "2022-06-16-22-00-00", "latency": 1}, {"date": "2022-06-16-22-00-00", "latency": 1}]}, {"location": {"country_code": "ru"}, "game_id": "464426", "values": [{"date": "2022-06-16-22-00-00", "latency": 0}, {"date": "2022-06-16-16-00-00", "latency": 31}, {"date": "2022-06-16-23-00-00", "latency": 62}, {"date": "2022-06-16-23-00-00", "latency": 62}]}, {"location": {"country_code": "us", "region": "Illinois"}, "game_id": "464426", "values": [{"date": "2022-06-17-01-00-00", "latency": 31}, {"date": "2022-06-17-01-00-00", "latency": 31}, {"date": "2022-06-17-01-00-00", "latency": 31}, {"date": "2022-06-17-01-00-00", "latency": 31}, {"date": "2022-06-17-01-00-00", "latency": 31}, {"date": "2022-06-17-01-00-00", "latency": 31}, {"date": "2022-06-17-01-00-00", "latency": 31}, {"date": "2022-06-16-17-00-00", "latency": 31}, {"date": "2022-06-16-17-00-00", "latency": 31}, {"date": "2022-06-16-17-00-00", "latency": 31}]}, {"location": {"country_code": "us", "region": "Oklahoma"}, "game_id": "464426", "values": [{"date": "2022-06-17-01-00-00", "latency": 0}]}, {"location": {"country_code": "us", "region": "Wisconsin"}, "game_id": "464426", "values": [{"date": "2022-06-17-02-00-00", "latency": 0}]}, {"location": {"country_code": "us", "region": "Pennsylvania"}, "game_id": "464426", "values": [{"date": "2022-06-16-19-00-00", "latency": 31}, {"date": "2022-06-16-19-00-00", "latency": 31}, {"date": "2022-06-16-19-00-00", "latency": 31}, {"date": "2022-06-17-01-00-00", "latency": 1}, {"date": "2022-06-17-01-00-00", "latency": 1}, {"date": "2022-06-17-01-00-00", "latency": 1}, {"date": "2022-06-17-01-00-00", "latency": 1}, {"date": "2022-06-17-01-00-00", "latency": 1}]}, {"location": {"country_code": "us", "region": "Maryland"}, "game_id": "464426", "values": [{"date": "2022-06-16-19-00-00", "latency": 0}, {"date": "2022-06-16-16-00-00", "latency": 0}]}, {"location": {"country_code": "sk"}, "game_id": "464426", "values": [{"date": "2022-06-16-23-00-00", "latency": 3}, {"date": "2022-06-16-12-00-00", "latency": 7}, {"date": "2022-06-16-12-00-00", "latency": 7}]}, {"location": {"country_code": "au", "region": "Western Australia", "city": "Perth"}, "game_id": "464426", "values": [{"date": "2022-06-16-16-00-00", "latency": 23}, {"date": "2022-06-16-16-00-00", "latency": 23}]}, {"location": {"country_code": "br", "region": "Rio Grande do Sul", "city": "Porto Alegre"}, "game_id": "464426", "values": [{"date": "2022-06-16-17-00-00", "latency": 1}, {"date": "2022-06-16-17-00-00", "latency": 1}, {"date": "2022-06-16-17-00-00", "latency": 1}, {"date": "2022-06-16-17-00-00", "latency": 1}, {"date": "2022-06-16-17-00-00", "latency": 1}, {"date": "2022-06-16-17-00-00", "latency": 1}]}, {"location": {"country_code": "pt"}, "game_id": "464426", "values": [{"date": "2022-06-17-01-00-00", "latency": 31}, {"date": "2022-06-17-01-00-00", "latency": 31}, {"date": "2022-06-17-00-00-00", "latency": 0}, {"date": "2022-06-16-13-00-00", "latency": 31}, {"date": "2022-06-16-20-00-00", "latency": 0}, {"date": "2022-06-16-20-00-00", "latency": 0}, {"date": "2022-06-16-14-00-00", "latency": 35}, {"date": "2022-06-16-14-00-00", "latency": 35}, {"date": "2022-06-16-14-00-00", "latency": 35}, {"date": "2022-06-16-14-00-00", "latency": 35}, {"date": "2022-06-16-14-00-00", "latency": 35}, {"date": "2022-06-16-14-00-00", "latency": 35}]}, {"location": {"country_code": "us", "region": "Colorado"}, "game_id": "464426", "values": [{"date": "2022-06-17-01-00-00", "latency": 31}, {"date": "2022-06-16-10-00-00", "latency": 0}]}, {"location": {"country_code": "es", "region": "Galicia"}, "game_id": "464426", "values": [{"date": "2022-06-16-23-00-00", "latency": 0}, {"date": "2022-06-16-11-00-00", "latency": 0}, {"date": "2022-06-16-11-00-00", "latency": 0}, {"date": "2022-06-16-11-00-00", "latency": 0}, {"date": "2022-06-16-11-00-00", "latency": 0}]}, {"location": {"country_code": "cy"}, "game_id": "464426", "values": [{"date": "2022-06-16-12-00-00", "latency": 3}, {"date": "2022-06-16-12-00-00", "latency": 3}, {"date": "2022-06-16-12-00-00", "latency": 3}, {"date": "2022-06-16-20-00-00", "latency": 2}, {"date": "2022-06-16-16-00-00", "latency": 39}, {"date": "2022-06-16-16-00-00", "latency": 39}, {"date": "2022-06-16-16-00-00", "latency": 39}]}, {"location": {"country_code": "es", "region": "Andalusia", "city": "Seville"}, "game_id": "464426", "values": [{"date": "2022-06-16-16-00-00", "latency": 47}, {"date": "2022-06-16-16-00-00", "latency": 47}, {"date": "2022-06-16-16-00-00", "latency": 47}, {"date": "2022-06-16-19-00-00", "latency": 13}, {"date": "2022-06-16-19-00-00", "latency": 13}, {"date": "2022-06-16-20-00-00", "latency": 50}]}, {"location": {"country_code": "us", "region": "Minnesota"}, "game_id": "464426", "values": [{"date": "2022-06-16-17-00-00", "latency": 7}, {"date": "2022-06-16-17-00-00", "latency": 7}, {"date": "2022-06-16-20-00-00", "latency": 35}, {"date": "2022-06-16-20-00-00", "latency": 35}, {"date": "2022-06-16-20-00-00", "latency": 35}, {"date": "2022-06-16-20-00-00", "latency": 35}, {"date": "2022-06-17-01-00-00", "latency": 0}, {"date": "2022-06-16-23-00-00", "latency": 27}]}, {"location": {"country_code": "us", "region": "Tennessee"}, "game_id": "464426", "values": [{"date": "2022-06-16-23-00-00", "latency": 0}]}, {"location": {"country_code": "us", "region": "Georgia", "city": "Savannah"}, "game_id": "464426", "values": [{"date": "2022-06-16-20-00-00", "latency": 0}]}, {"location": {"country_code": "us", "region": "Louisiana", "city": "New Orleans"}, "game_id": "464426", "values": [{"date": "2022-06-17-00-00-00", "latency": 7}]}, {"location": {"country_code": "fr", "region": "Alvernia-Rodano-Alpi", "city": "Mars"}, "game_id": "464426", "values": [{"date": "2022-06-17-01-00-00", "latency": 0}]}, {"location": {"country_code": "fr", "region": "Ile-de-France Region", "city": "Paris"}, "game_id": "464426", "values": [{"date": "2022-06-16-22-00-00", "latency": 0}, {"date": "2022-06-16-22-00-00", "latency": 0}, {"date": "2022-06-16-22-00-00", "latency": 0}, {"date": "2022-06-16-22-00-00", "latency": 0}, {"date": "2022-06-17-02-00-00", "latency": 0}, {"date": "2022-06-17-02-00-00", "latency": 0}, {"date": "2022-06-17-02-00-00", "latency": 0}, {"date": "2022-06-17-02-00-00", "latency": 0}, {"date": "2022-06-16-17-00-00", "latency": 7}, {"date": "2022-06-16-15-00-00", "latency": 8}, {"date": "2022-06-16-15-00-00", "latency": 8}, {"date": "2022-06-16-15-00-00", "latency": 8}, {"date": "2022-06-16-15-00-00", "latency": 8}, {"date": "2022-06-17-02-00-00", "latency": 0}]}, {"location": {"country_code": "de", "region": "Bavaria", "city": "Nuremberg"}, "game_id": "464426", "values": [{"date": "2022-06-16-20-00-00", "latency": 5}, {"date": "2022-06-16-18-00-00", "latency": 31}, {"date": "2022-06-16-18-00-00", "latency": 31}, {"date": "2022-06-16-18-00-00", "latency": 31}, {"date": "2022-06-16-18-00-00", "latency": 31}]}, {"location": {"country_code": "ca", "region": "Alberta", "city": "Edmonton"}, "game_id": "464426", "values": [{"date": "2022-06-16-11-00-00", "latency": 0}]}, {"location": {"country_code": "us", "region": "Massachusetts", "city": "Boston"}, "game_id": "464426", "values": [{"date": "2022-06-16-22-00-00", "latency": 19}, {"date": "2022-06-16-22-00-00", "latency": 19}, {"date": "2022-06-16-22-00-00", "latency": 19}, {"date": "2022-06-16-22-00-00", "latency": 19}, {"date": "2022-06-16-22-00-00", "latency": 19}]}, {"location": {"country_code": "us", "region": "Arizona", "city": "Phoenix"}, "game_id": "464426", "values": [{"date": "2022-06-16-13-00-00", "latency": 0}, {"date": "2022-06-16-13-00-00", "latency": 0}, {"date": "2022-06-16-09-00-00", "latency": 39}, {"date": "2022-06-17-02-00-00", "latency": 0}]}, {"location": {"country_code": "us", "region": "California", "city": "San Jose"}, "game_id": "464426", "values": [{"date": "2022-06-16-10-00-00", "latency": 15}, {"date": "2022-06-16-10-00-00", "latency": 15}]}, {"location": {"country_code": "us", "region": "Florida", "city": "Orlando"}, "game_id": "464426", "values": [{"date": "2022-06-17-02-00-00", "latency": 0}]}, {"location": {"country_code": "hr"}, "game_id": "464426", "values": [{"date": "2022-06-17-01-00-00", "latency": 43}, {"date": "2022-06-17-01-00-00", "latency": 43}, {"date": "2022-06-17-01-00-00", "latency": 43}, {"date": "2022-06-17-01-00-00", "latency": 43}, {"date": "2022-06-17-01-00-00", "latency": 43}, {"date": "2022-06-17-01-00-00", "latency": 43}, {"date": "2022-06-17-01-00-00", "latency": 43}]}, {"location": {"country_code": "gb", "region": "England", "city": "Liverpool"}, "game_id": "464426", "values": [{"date": "2022-06-16-21-00-00", "latency": 7}, {"date": "2022-06-17-01-00-00", "latency": 0}, {"date": "2022-06-17-01-00-00", "latency": 0}]}, {"location": {"country_code": "pe", "region": "Lima region", "city": "Lima"}, "game_id": "464426", "values": [{"date": "2022-06-17-00-00-00", "latency": 50}, {"date": "2022-06-17-00-00-00", "latency": 50}, {"date": "2022-06-17-00-00-00", "latency": 50}]}, {"location": {"country_code": "us", "region": "North Carolina", "city": "Fayetteville"}, "game_id": "464426", "values": [{"date": "2022-06-16-19-00-00", "latency": 2}]}, {"location": {"country_code": "ca", "region": "Ontario", "city": "Ottawa"}, "game_id": "464426", "values": [{"date": "2022-06-16-10-00-00", "latency": 8}]}, {"location": {"country_code": "ca", "region": "Quebec"}, "game_id": "464426", "values": [{"date": "2022-06-17-02-00-00", "latency": 27}, {"date": "2022-06-17-02-00-00", "latency": 27}]}, {"location": {"country_code": "ca", "region": "British Columbia"}, "game_id": "464426", "values": [{"date": "2022-06-16-19-00-00", "latency": 6}]}, {"location": {"country_code": "us", "region": "South Dakota"}, "game_id": "464426", "values": [{"date": "2022-06-17-02-00-00", "latency": 27}]}, {"location": {"country_code": "gb", "region": "England", "city": "Salford"}, "game_id": "464426", "values": [{"date": "2022-06-16-15-00-00", "latency": 31}]}, {"location": {"country_code": "us", "region": "New York", "city": "Long Island"}, "game_id": "464426", "values": [{"date": "2022-06-16-21-00-00", "latency": 0}]}, {"location": {"country_code": "fr", "region": "Provence-Alpes-Cote d'Azur Region", "city": "Marseille"}, "game_id": "464426", "values": [{"date": "2022-06-16-23-00-00", "latency": 19}, {"date": "2022-06-16-23-00-00", "latency": 19}]}, {"location": {"country_code": "fr", "region": "Nord-Passo di Calais-Piccardia", "city": "Lille"}, "game_id": "464426", "values": [{"date": "2022-06-16-21-00-00", "latency": 0}, {"date": "2022-06-16-21-00-00", "latency": 0}]}, {"location": {"country_code": "us", "region": "Florida", "city": "Tampa"}, "game_id": "464426", "values": [{"date": "2022-06-17-01-00-00", "latency": 35}, {"date": "2022-06-17-01-00-00", "latency": 35}, {"date": "2022-06-17-01-00-00", "latency": 35}]}, {"location": {"country_code": "gb", "region": "England", "city": "Plymouth"}, "game_id": "464426", "values": [{"date": "2022-06-17-02-00-00", "latency": 25}, {"date": "2022-06-17-02-00-00", "latency": 25}, {"date": "2022-06-17-02-00-00", "latency": 25}, {"date": "2022-06-17-02-00-00", "latency": 25}]}, {"location": {"country_code": "es", "region": "Valencia", "city": "Elx / Elche"}, "game_id": "464426", "values": [{"date": "2022-06-16-23-00-00", "latency": 5}, {"date": "2022-06-16-23-00-00", "latency": 5}, {"date": "2022-06-16-23-00-00", "latency": 5}, {"date": "2022-06-16-23-00-00", "latency": 5}, {"date": "2022-06-16-23-00-00", "latency": 5}, {"date": "2022-06-16-23-00-00", "latency": 5}, {"date": "2022-06-16-23-00-00", "latency": 5}, {"date": "2022-06-16-23-00-00", "latency": 5}, {"date": "2022-06-16-23-00-00", "latency": 5}, {"date": "2022-06-16-23-00-00", "latency": 5}, {"date": "2022-06-16-23-00-00", "latency": 5}]}, {"location": {"country_code": "it", "region": "Lazio", "city": "Rome"}, "game_id": "464426", "values": [{"date": "2022-06-16-16-00-00", "latency": 19}]}, {"location": {"country_code": "us", "region": "Oregon"}, "game_id": "464426", "values": [{"date": "2022-06-16-10-00-00", "latency": 0}]}, {"location": {"country_code": "es", "region": "Murcia", "city": "Lorca"}, "game_id": "464426", "values": [{"date": "2022-06-16-19-00-00", "latency": 0}]}, {"location": {"country_code": "dj"}, "game_id": "464426", "values": [{"date": "2022-06-17-01-00-00", "latency": 3}, {"date": "2022-06-17-01-00-00", "latency": 3}, {"date": "2022-06-17-01-00-00", "latency": 0}, {"date": "2022-06-16-12-00-00", "latency": 0}]}, {"location": {"country_code": "br", "region": "Sao Paulo", "city": "Santo Andre"}, "game_id": "464426", "values": [{"date": "2022-06-17-02-00-00", "latency": 0}]}, {"location": {"country_code": "us", "region": "Utah", "city": "Salt Lake City"}, "game_id": "464426", "values": [{"date": "2022-06-16-12-00-00", "latency": 10}, {"date": "2022-06-16-12-00-00", "latency": 10}]}, {"location": {"country_code": "br", "region": "Santa Catarina"}, "game_id": "464426", "values": [{"date": "2022-06-16-11-00-00", "latency": 11}, {"date": "2022-06-17-01-00-00", "latency": 0}]}, {"location": {"country_code": "us", "region": "California", "city": "Oakland"}, "game_id": "464426", "values": [{"date": "2022-06-16-22-00-00", "latency": 19}, {"date": "2022-06-16-22-00-00", "latency": 19}, {"date": "2022-06-16-22-00-00", "latency": 19}, {"date": "2022-06-16-22-00-00", "latency": 19}]}, {"location": {"country_code": "us", "region": "Louisiana"}, "game_id": "464426", "values": [{"date": "2022-06-17-02-00-00", "latency": 0}, {"date": "2022-06-16-10-00-00", "latency": 0}, {"date": "2022-06-17-00-00-00", "latency": 31}]}, {"location": {"country_code": "br", "region": "Estado de Bahia"}, "game_id": "464426", "values": [{"date": "2022-06-17-00-00-00", "latency": 43}, {"date": "2022-06-17-00-00-00", "latency": 43}]}, {"location": {"country_code": "fr", "region": "Centre-Val de Loire"}, "game_id": "464426", "values": [{"date": "2022-06-16-15-00-00", "latency": 3}, {"date": "2022-06-16-15-00-00", "latency": 3}, {"date": "2022-06-16-15-00-00", "latency": 3}, {"date": "2022-06-16-15-00-00", "latency": 3}]}, {"location": {"country_code": "us", "region": "Texas", "city": "San Antonio"}, "game_id": "464426", "values": [{"date": "2022-06-17-00-00-00", "latency": 39}]}, {"location": {"country_code": "gb", "region": "Wales"}, "game_id": "464426", "values": [{"date": "2022-06-16-11-00-00", "latency": 19}, {"date": "2022-06-16-11-00-00", "latency": 19}, {"date": "2022-06-16-11-00-00", "latency": 19}, {"date": "2022-06-16-11-00-00", "latency": 19}, {"date": "2022-06-16-11-00-00", "latency": 19}, {"date": "2022-06-16-11-00-00", "latency": 19}]}, {"location": {"country_code": "sa", "region": "Riyadh Region", "city": "Wadi Ad Dawasir"}, "game_id": "464426", "values": [{"date": "2022-06-16-16-00-00", "latency": 0}]}, {"location": {"country_code": "us", "region": "Texas", "city": "Fort Worth"}, "game_id": "464426", "values": [{"date": "2022-06-16-23-00-00", "latency": 0}, {"date": "2022-06-16-23-00-00", "latency": 0}]}, {"location": {"country_code": "de", "region": "Baden-Wurttemberg", "city": "Stuttgart"}, "game_id": "464426", "values": [{"date": "2022-06-16-20-00-00", "latency": 9}]}, {"location": {"country_code": "fr", "region": "Normandy", "city": "Rouen"}, "game_id": "464426", "values": [{"date": "2022-06-16-17-00-00", "latency": 0}]}, {"location": {"country_code": "it", "region": "Veneto"}, "game_id": "464426", "values": [{"date": "2022-06-16-11-00-00", "latency": 19}, {"date": "2022-06-16-11-00-00", "latency": 19}, {"date": "2022-06-16-11-00-00", "latency": 19}, {"date": "2022-06-16-11-00-00", "latency": 19}, {"date": "2022-06-16-11-00-00", "latency": 19}, {"date": "2022-06-16-11-00-00", "latency": 19}]}, {"location": {"country_code": "mt"}, "game_id": "464426", "values": [{"date": "2022-06-16-21-00-00", "latency": 31}]}, {"location": {"country_code": "fr", "region": "Alsazia-Champagne-Ardenne-Lorena", "city": "Strasbourg"}, "game_id": "464426", "values": [{"date": "2022-06-16-11-00-00", "latency": 23}, {"date": "2022-06-16-11-00-00", "latency": 23}, {"date": "2022-06-16-11-00-00", "latency": 23}]}, {"location": {"country_code": "us", "region": "North Dakota"}, "game_id": "464426", "values": [{"date": "2022-06-16-13-00-00", "latency": 0}]}, {"location": {"country_code": "gb", "region": "Scotland", "city": "Aberdeen"}, "game_id": "464426", "values": [{"date": "2022-06-16-21-00-00", "latency": 0}]}, {"location": {"country_code": "fr", "region": "Aquitania-Limosino-Poitou-Charentes", "city": "Bordeaux"}, "game_id": "464426", "values": [{"date": "2022-06-17-01-00-00", "latency": 19}, {"date": "2022-06-16-13-00-00", "latency": 6}, {"date": "2022-06-16-13-00-00", "latency": 6}]}, {"location": {"country_code": "us", "region": "Virginia", "city": "Virginia Beach"}, "game_id": "464426", "values": [{"date": "2022-06-16-22-00-00", "latency": 0}, {"date": "2022-06-16-22-00-00", "latency": 0}]}, {"location": {"country_code": "za", "region": "Gauteng", "city": "Roodepoort"}, "game_id": "464426", "values": [{"date": "2022-06-16-11-00-00", "latency": 0}]}, {"location": {"country_code": "es", "region": "Aragon"}, "game_id": "464426", "values": [{"date": "2022-06-17-00-00-00", "latency": 19}, {"date": "2022-06-17-00-00-00", "latency": 19}, {"date": "2022-06-17-00-00-00", "latency": 19}]}, {"location": {"country_code": "lu"}, "game_id": "464426", "values": [{"date": "2022-06-16-20-00-00", "latency": 0}, {"date": "2022-06-16-20-00-00", "latency": 0}, {"date": "2022-06-16-20-00-00", "latency": 0}]}, {"location": {"country_code": "sa", "region": "Mecca Region", "city": "Jeddah"}, "game_id": "464426", "values": [{"date": "2022-06-16-13-00-00", "latency": 35}, {"date": "2022-06-16-13-00-00", "latency": 35}, {"date": "2022-06-16-13-00-00", "latency": 35}]}, {"location": {"country_code": "us", "region": "Colorado", "city": "Colorado Springs"}, "game_id": "464426", "values": [{"date": "2022-06-17-01-00-00", "latency": 35}, {"date": "2022-06-17-01-00-00", "latency": 35}, {"date": "2022-06-17-01-00-00", "latency": 35}]}, {"location": {"country_code": "it", "region": "Lombardy", "city": "Milan"}, "game_id": "464426", "values": [{"date": "2022-06-16-21-00-00", "latency": 0}]}, {"location": {"country_code": "gm", "region": "Western"}, "game_id": "464426", "values": [{"date": "2022-06-16-11-00-00", "latency": 27}]}, {"location": {"country_code": "fr", "region": "Pays de la Loire Region"}, "game_id": "464426", "values": [{"date": "2022-06-16-23-00-00", "latency": 0}]}, {"location": {"country_code": "ca", "region": "Manitoba"}, "game_id": "464426", "values": [{"date": "2022-06-16-21-00-00", "latency": 54}, {"date": "2022-06-16-21-00-00", "latency": 54}, {"date": "2022-06-16-21-00-00", "latency": 54}]}, {"location": {"country_code": "tt"}, "game_id": "464426", "values": [{"date": "2022-06-16-15-00-00", "latency": 58}, {"date": "2022-06-16-15-00-00", "latency": 58}, {"date": "2022-06-16-15-00-00", "latency": 58}, {"date": "2022-06-16-15-00-00", "latency": 58}, {"date": "2022-06-16-15-00-00", "latency": 58}, {"date": "2022-06-16-18-00-00", "latency": 31}, {"date": "2022-06-16-18-00-00", "latency": 31}, {"date": "2022-06-16-18-00-00", "latency": 31}, {"date": "2022-06-16-18-00-00", "latency": 31}, {"date": "2022-06-16-18-00-00", "latency": 31}, {"date": "2022-06-16-18-00-00", "latency": 31}]}, {"location": {"country_code": "us", "region": "Kentucky", "city": "Louisville"}, "game_id": "464426", "values": [{"date": "2022-06-17-02-00-00", "latency": 31}, {"date": "2022-06-17-02-00-00", "latency": 31}, {"date": "2022-06-16-16-00-00", "latency": 31}, {"date": "2022-06-16-16-00-00", "latency": 31}]}, {"location": {"country_code": "br", "region": "Sao Paulo", "city": "Peruibe"}, "game_id": "464426", "values": [{"date": "2022-06-17-01-00-00", "latency": 0}]}, {"location": {"country_code": "fr", "region": "Occitanie", "city": "Perpignan"}, "game_id": "464426", "values": [{"date": "2022-06-16-22-00-00", "latency": 0}]}, {"location": {"country_code": "es", "region": "Catalonia", "city": "Tarragona"}, "game_id": "464426", "values": [{"date": "2022-06-17-01-00-00", "latency": 31}]}, {"location": {"country_code": "ng", "region": "Borno", "city": "Marte"}, "game_id": "464426", "values": [{"date": "2022-06-17-00-00-00", "latency": 31}, {"date": "2022-06-17-00-00-00", "latency": 31}, {"date": "2022-06-17-00-00-00", "latency": 31}, {"date": "2022-06-17-00-00-00", "latency": 31}]}, {"location": {"country_code": "es", "region": "Basque Country", "city": "Bilbao"}, "game_id": "464426", "values": [{"date": "2022-06-17-02-00-00", "latency": 15}, {"date": "2022-06-17-02-00-00", "latency": 15}, {"date": "2022-06-17-02-00-00", "latency": 15}, {"date": "2022-06-17-02-00-00", "latency": 15}]}, {"location": {"country_code": "mx", "region": "Quintana Roo"}, "game_id": "464426", "values": [{"date": "2022-06-17-01-00-00", "latency": 33}, {"date": "2022-06-17-01-00-00", "latency": 33}, {"date": "2022-06-17-01-00-00", "latency": 33}]}, {"location": {"country_code": "es", "region": "Castille and Leon"}, "game_id": "464426", "values": [{"date": "2022-06-16-19-00-00", "latency": 8}, {"date": "2022-06-16-19-00-00", "latency": 8}, {"date": "2022-06-16-19-00-00", "latency": 8}, {"date": "2022-06-16-19-00-00", "latency": 8}]}, {"location": {"country_code": "es", "region": "Cantabria", "city": "Santander"}, "game_id": "464426", "values": [{"date": "2022-06-16-15-00-00", "latency": 0}]}, {"location": {"country_code": "br", "region": "Sao Paulo", "city": "Franca"}, "game_id": "464426", "values": [{"date": "2022-06-17-02-00-00", "latency": 1}]}, {"location": {"country_code": "us", "region": "Arizona", "city": "Tucson"}, "game_id": "464426", "values": [{"date": "2022-06-16-11-00-00", "latency": 0}]}, {"location": {"country_code": "ca", "region": "British Columbia", "city": "West Kelowna"}, "game_id": "464426", "values": [{"date": "2022-06-16-20-00-00", "latency": 66}, {"date": "2022-06-16-20-00-00", "latency": 66}]}, {"location": {"country_code": "de", "region": "North Rhine-Westphalia", "city": "Monchengladbach"}, "game_id": "464426", "values": [{"date": "2022-06-17-00-00-00", "latency": 0}]}, {"location": {"country_code": "us", "region": "New York", "city": "Roslyn Heights"}, "game_id": "464426", "values": [{"date": "2022-06-16-14-00-00", "latency": 3}, {"date": "2022-06-16-14-00-00", "latency": 3}, {"date": "2022-06-16-14-00-00", "latency": 3}]}, {"location": {"country_code": "us", "region": "Oklahoma", "city": "Oklahoma City"}, "game_id": "464426", "values": [{"date": "2022-06-17-01-00-00", "latency": 0}]}, {"location": {"country_code": "ca", "region": "Ontario", "city": "Peterborough"}, "game_id": "464426", "values": [{"date": "2022-06-16-23-00-00", "latency": 0}]}, {"location": {"country_code": "pt", "region": "Azores"}, "game_id": "464426", "values": [{"date": "2022-06-16-18-00-00", "latency": 35}, {"date": "2022-06-16-18-00-00", "latency": 35}]}, {"location": {"country_code": "de", "region": "North Rhine-Westphalia", "city": "Preuisch Oldendorf"}, "game_id": "464426", "values": [{"date": "2022-06-16-12-00-00", "latency": 0}]}, {"location": {"country_code": "gb", "region": "Wales", "city": "Cardiff"}, "game_id": "464426", "values": [{"date": "2022-06-16-16-00-00", "latency": 3}, {"date": "2022-06-16-16-00-00", "latency": 3}]}, {"location": {"country_code": "us", "region": "South Carolina", "city": "Mauldin"}, "game_id": "464426", "values": [{"date": "2022-06-17-02-00-00", "latency": 7}]}, {"location": {"country_code": "be", "region": "Hainaut Province", "city": "Frameries"}, "game_id": "464426", "values": [{"date": "2022-06-16-20-00-00", "latency": 8}]}, {"location": {"country_code": "us", "region": "Delaware", "city": "Wilmington"}, "game_id": "464426", "values": [{"date": "2022-06-16-12-00-00", "latency": 0}]}, {"location": {"country_code": "it", "region": "Piedmont"}, "game_id": "464426", "values": [{"date": "2022-06-16-23-00-00", "latency": 0}]}, {"location": {"country_code": "us", "region": "California", "city": "Anaheim"}, "game_id": "464426", "values": [{"date": "2022-06-16-22-00-00", "latency": 19}]}, {"location": {"country_code": "es", "region": "Canary Islands", "city": "Valleseco"}, "game_id": "464426", "values": [{"date": "2022-06-16-21-00-00", "latency": 0}]}, {"location": {"country_code": "gb", "region": "England", "city": "Norwich"}, "game_id": "464426", "values": [{"date": "2022-06-16-23-00-00", "latency": 0}]}, {"location": {"country_code": "de", "region": "North Rhine-Westphalia", "city": "Oberhausen"}, "game_id": "464426", "values": [{"date": "2022-06-16-13-00-00", "latency": 19}]}, {"location": {"country_code": "de", "region": "Hesse", "city": "Biebertal"}, "game_id": "464426", "values": [{"date": "2022-06-16-16-00-00", "latency": 1}]}, {"location": {"country_code": "es", "region": "Castille-La Mancha", "city": "Albacete"}, "game_id": "464426", "values": [{"date": "2022-06-17-02-00-00", "latency": 7}]}, {"location": {"country_code": "us", "region": "Louisiana", "city": "Slidell"}, "game_id": "464426", "values": [{"date": "2022-06-16-13-00-00", "latency": 47}, {"date": "2022-06-16-13-00-00", "latency": 47}]}, {"location": {"country_code": "us", "region": "California", "city": "Lancaster"}, "game_id": "464426", "values": [{"date": "2022-06-16-22-00-00", "latency": 2}, {"date": "2022-06-16-22-00-00", "latency": 2}, {"date": "2022-06-16-22-00-00", "latency": 2}]}, {"location": {"country_code": "us", "region": "California", "city": "Hayward"}, "game_id": "464426", "values": [{"date": "2022-06-17-00-00-00", "latency": 54}, {"date": "2022-06-17-00-00-00", "latency": 54}, {"date": "2022-06-17-00-00-00", "latency": 54}]}, {"location": {"country_code": "pl", "region": "Lesser Poland Voivodeship", "city": "Krakow"}, "game_id": "464426", "values": [{"date": "2022-06-16-20-00-00", "latency": 4}, {"date": "2022-06-16-20-00-00", "latency": 4}]}, {"location": {"country_code": "es", "region": "Andalusia", "city": "Bollullos de la Mitacion"}, "game_id": "464426", "values": [{"date": "2022-06-16-23-00-00", "latency": 27}, {"date": "2022-06-16-23-00-00", "latency": 27}]}, {"location": {"country_code": "se", "region": "Skane County", "city": "Helsingborg"}, "game_id": "464426", "values": [{"date": "2022-06-16-21-00-00", "latency": 2}]}, {"location": {"country_code": "nl", "region": "North Holland"}, "game_id": "464426", "values": [{"date": "2022-06-16-19-00-00", "latency": 7}, {"date": "2022-06-16-19-00-00", "latency": 7}]}, {"location": {"country_code": "br", "region": "Sao Paulo", "city": "Itu"}, "game_id": "464426", "values": [{"date": "2022-06-17-01-00-00", "latency": 15}, {"date": "2022-06-17-01-00-00", "latency": 15}, {"date": "2022-06-17-01-00-00", "latency": 15}]}, {"location": {"country_code": "us", "region": "Kentucky", "city": "Bowling Green"}, "game_id": "464426", "values": [{"date": "2022-06-17-02-00-00", "latency": 0}]}, {"location": {"country_code": "gb", "region": "England", "city": "Wolverhampton"}, "game_id": "464426", "values": [{"date": "2022-06-17-00-00-00", "latency": 0}]}, {"location": {"country_code": "gb", "region": "England", "city": "Blackburn"}, "game_id": "464426", "values": [{"date": "2022-06-16-15-00-00", "latency": 0}]}, {"location": {"country_code": "us", "region": "Washington", "city": "Auburn"}, "game_id": "464426", "values": [{"date": "2022-06-17-00-00-00", "latency": 113}, {"date": "2022-06-17-00-00-00", "latency": 113}]}, {"location": {"country_code": "us", "region": "Arizona", "city": "Bullhead City"}, "game_id": "464426", "values": [{"date": "2022-06-17-02-00-00", "latency": 0}]}, {"location": {"country_code": "us", "region": "Oregon", "city": "Beaverton"}, "game_id": "464426", "values": [{"date": "2022-06-17-00-00-00", "latency": 54}, {"date": "2022-06-17-00-00-00", "latency": 54}, {"date": "2022-06-17-00-00-00", "latency": 54}, {"date": "2022-06-17-00-00-00", "latency": 54}]}, {"location": {"country_code": "us", "region": "California", "city": "Penngrove"}, "game_id": "464426", "values": [{"date": "2022-06-16-17-00-00", "latency": 35}, {"date": "2022-06-16-17-00-00", "latency": 35}]}, {"location": {"country_code": "gb", "region": "England", "city": "Widnes"}, "game_id": "464426", "values": [{"date": "2022-06-16-22-00-00", "latency": 0}, {"date": "2022-06-16-22-00-00", "latency": 0}]}, {"location": {"country_code": "pt", "region": "Aveiro District", "city": "Anadia"}, "game_id": "464426", "values": [{"date": "2022-06-16-23-00-00", "latency": 54}]}, {"location": {"country_code": "gb", "region": "England", "city": "Weston-super-Mare"}, "game_id": "464426", "values": [{"date": "2022-06-17-00-00-00", "latency": 0}, {"date": "2022-06-17-00-00-00", "latency": 0}]}, {"location": {"country_code": "ch", "region": "Canton of Vaud", "city": "Vevey"}, "game_id": "464426", "values": [{"date": "2022-06-17-01-00-00", "latency": 0}, {"date": "2022-06-17-01-00-00", "latency": 0}]}, {"location": {"country_code": "us", "region": "North Carolina", "city": "Concord"}, "game_id": "464426", "values": [{"date": "2022-06-17-02-00-00", "latency": 0}]}, {"location": {"country_code": "fr", "region": "Pays de la Loire Region", "city": "Cholet"}, "game_id": "464426", "values": [{"date": "2022-06-16-17-00-00", "latency": 54}, {"date": "2022-06-16-17-00-00", "latency": 54}, {"date": "2022-06-16-17-00-00", "latency": 54}, {"date": "2022-06-16-17-00-00", "latency": 54}, {"date": "2022-06-16-17-00-00", "latency": 54}]}, {"location": {"country_code": "au", "region": "Victoria", "city": "Bacchus Marsh"}, "game_id": "464426", "values": [{"date": "2022-06-16-20-00-00", "latency": 3}]}, {"location": {"country_code": "us", "region": "Illinois", "city": "Aurora"}, "game_id": "464426", "values": [{"date": "2022-06-16-22-00-00", "latency": 0}]}, {"location": {"country_code": "nl", "region": "Friesland", "city": "Oosterwolde"}, "game_id": "464426", "values": [{"date": "2022-06-16-20-00-00", "latency": 0}, {"date": "2022-06-16-20-00-00", "latency": 0}, {"date": "2022-06-16-20-00-00", "latency": 0}]}, {"location": {"country_code": "zm"}, "game_id": "464426", "values": [{"date": "2022-06-16-10-00-00", "latency": 62}]}, {"location": {"country_code": "us", "region": "New Jersey", "city": "Point Pleasant"}, "game_id": "464426", "values": [{"date": "2022-06-17-00-00-00", "latency": 22}]}, {"location": {"country_code": "br", "region": "Estado de Bahia", "city": "Serrinha"}, "game_id": "464426", "values": [{"date": "2022-06-17-00-00-00", "latency": 23}, {"date": "2022-06-17-00-00-00", "latency": 23}, {"date": "2022-06-17-00-00-00", "latency": 23}]}, {"location": {"country_code": "co", "region": "Sucre"}, "game_id": "464426", "values": [{"date": "2022-06-17-02-00-00", "latency": 0}]}], "last_updated": 1719919329.217183}