{"data": [{"location": {"country_code": "nz"}, "game_id": "128974", "values": [{"date": "2024-05-19-05-00-00", "alternatives": ["55", "55", "556"]}]}, {"location": {"country_code": "jp"}, "game_id": "128974", "values": [{"date": "2024-05-19-15-00-00", "alternatives": ["170", "17", "170"]}, {"date": "2024-05-19-15-00-00", "alternatives": ["170", "17", "170"]}, {"date": "2024-05-19-15-00-00", "alternatives": ["170", "17", "170"]}, {"date": "2024-05-19-15-00-00", "alternatives": ["170", "17", "170"]}, {"date": "2024-05-19-15-00-00", "alternatives": ["170", "17", "170"]}, {"date": "2024-05-19-15-00-00", "alternatives": ["170", "17", "170"]}, {"date": "2024-05-19-11-00-00", "alternatives": ["39", "139", "39"]}, {"date": "2024-05-19-11-00-00", "alternatives": ["39", "139", "39"]}, {"date": "2024-05-19-11-00-00", "alternatives": ["39", "139", "39"]}, {"date": "2024-05-19-11-00-00", "alternatives": ["39", "139", "39"]}, {"date": "2024-05-19-11-00-00", "alternatives": ["39", "139", "39"]}, {"date": "2024-05-19-11-00-00", "alternatives": ["39", "139", "39"]}, {"date": "2024-05-19-11-00-00", "alternatives": ["39", "139", "39"]}, {"date": "2024-05-19-06-00-00", "alternatives": ["46", "22", "46"]}, {"date": "2024-05-19-06-00-00", "alternatives": ["46", "22", "46"]}, {"date": "2024-05-19-06-00-00", "alternatives": ["46", "22", "46"]}, {"date": "2024-05-19-06-00-00", "alternatives": ["46", "22", "46"]}, {"date": "2024-05-19-06-00-00", "alternatives": ["46", "22", "46"]}, {"date": "2024-05-19-06-00-00", "alternatives": ["46", "22", "46"]}, {"date": "2024-05-19-06-00-00", "alternatives": ["46", "22", "46"]}, {"date": "2024-05-19-06-00-00", "alternatives": ["46", "22", "46"]}, {"date": "2024-05-19-06-00-00", "alternatives": ["46", "22", "46"]}, {"date": "2024-05-19-06-00-00", "alternatives": ["46", "22", "46"]}, {"date": "2024-05-19-06-00-00", "alternatives": ["46", "22", "46"]}, {"date": "2024-05-19-06-00-00", "alternatives": ["46", "22", "46"]}, {"date": "2024-05-19-06-00-00", "alternatives": ["46", "22", "46"]}]}, {"location": {"country_code": "us"}, "game_id": "128974", "values": [{"date": "2024-05-19-12-00-00", "alternatives": ["59", "33", "33"]}, {"date": "2024-05-19-12-00-00", "alternatives": ["59", "33", "33"]}, {"date": "2024-05-20-00-00-00", "alternatives": ["32", "39", "39"]}, {"date": "2024-05-20-00-00-00", "alternatives": ["32", "39", "39"]}, {"date": "2024-05-20-00-00-00", "alternatives": ["32", "39", "39"]}, {"date": "2024-05-20-00-00-00", "alternatives": ["32", "39", "39"]}, {"date": "2024-05-19-20-00-00", "alternatives": ["61", "61", "1"]}, {"date": "2024-05-19-20-00-00", "alternatives": ["61", "61", "1"]}, {"date": "2024-05-19-20-00-00", "alternatives": ["61", "61", "1"]}, {"date": "2024-05-20-00-00-00", "alternatives": ["6", "26", "26"]}, {"date": "2024-05-19-21-00-00", "alternatives": ["36", "35", "36"]}, {"date": "2024-05-19-21-00-00", "alternatives": ["36", "35", "36"]}, {"date": "2024-05-19-21-00-00", "alternatives": ["36", "35", "36"]}, {"date": "2024-05-19-06-00-00", "alternatives": [0, 4, 47, 47, 47]}, {"date": "2024-05-19-06-00-00", "alternatives": [0, 4, 47, 47, 47]}, {"date": "2024-05-20-00-00-00", "alternatives": ["3", "33", "33"]}, {"date": "2024-05-19-02-00-00", "alternatives": ["336", "89", "89"]}, {"date": "2024-05-19-03-00-00", "alternatives": ["32", "39", "39"]}, {"date": "2024-05-19-03-00-00", "alternatives": ["32", "39", "39"]}, {"date": "2024-05-19-03-00-00", "alternatives": ["47", "47", "22"]}, {"date": "2024-05-19-03-00-00", "alternatives": ["47", "47", "22"]}, {"date": "2024-05-19-03-00-00", "alternatives": ["47", "47", "22"]}, {"date": "2024-05-19-03-00-00", "alternatives": ["47", "47", "22"]}, {"date": "2024-05-19-08-00-00", "alternatives": ["9", "9", "20"]}, {"date": "2024-05-20-01-00-00", "alternatives": ["33", "33", "38"]}, {"date": "2024-05-19-07-00-00", "alternatives": ["137", "137", "127"]}, {"date": "2024-05-19-07-00-00", "alternatives": ["137", "137", "127"]}, {"date": "2024-05-19-07-00-00", "alternatives": ["137", "137", "127"]}, {"date": "2024-05-19-07-00-00", "alternatives": ["137", "137", "127"]}, {"date": "2024-05-19-07-00-00", "alternatives": ["137", "137", "127"]}, {"date": "2024-05-19-07-00-00", "alternatives": ["137", "137", "127"]}, {"date": "2024-05-19-07-00-00", "alternatives": ["137", "137", "127"]}, {"date": "2024-05-19-07-00-00", "alternatives": ["137", "137", "127"]}, {"date": "2024-05-19-09-00-00", "alternatives": ["52", "2", "52"]}, {"date": "2024-05-19-09-00-00", "alternatives": ["52", "2", "52"]}, {"date": "2024-05-19-09-00-00", "alternatives": ["52", "2", "52"]}, {"date": "2024-05-20-01-00-00", "alternatives": ["1313", "34", "34"]}, {"date": "2024-05-20-01-00-00", "alternatives": ["1313", "34", "34"]}, {"date": "2024-05-20-01-00-00", "alternatives": ["1313", "34", "34"]}, {"date": "2024-05-20-01-00-00", "alternatives": ["1313", "34", "34"]}, {"date": "2024-05-19-20-00-00", "alternatives": ["8", "8", "86"]}, {"date": "2024-05-19-20-00-00", "alternatives": ["8", "8", "86"]}, {"date": "2024-05-19-20-00-00", "alternatives": ["8", "8", "86"]}, {"date": "2024-05-19-20-00-00", "alternatives": ["8", "8", "86"]}, {"date": "2024-05-19-02-00-00", "alternatives": ["38", "38", "35"]}, {"date": "2024-05-19-05-00-00", "alternatives": ["67", "47", "47"]}, {"date": "2024-05-19-05-00-00", "alternatives": ["67", "47", "47"]}, {"date": "2024-05-19-08-00-00", "alternatives": ["236", "74", "74"]}, {"date": "2024-05-19-08-00-00", "alternatives": ["236", "74", "74"]}, {"date": "2024-05-19-09-00-00", "alternatives": ["46", "45", "45"]}, {"date": "2024-05-19-09-00-00", "alternatives": ["46", "45", "45"]}, {"date": "2024-05-19-09-00-00", "alternatives": ["46", "45", "45"]}, {"date": "2024-05-19-05-00-00", "alternatives": ["62", "63", "63"]}, {"date": "2024-05-19-05-00-00", "alternatives": ["62", "63", "63"]}]}, {"location": {"country_code": "us", "region": "Texas"}, "game_id": "128974", "values": [{"date": "2024-05-19-04-00-00", "alternatives": ["27", "77", "27"]}, {"date": "2024-05-19-04-00-00", "alternatives": ["27", "77", "27"]}, {"date": "2024-05-19-07-00-00", "alternatives": ["63", "3", "3"]}, {"date": "2024-05-19-07-00-00", "alternatives": ["63", "3", "3"]}, {"date": "2024-05-19-02-00-00", "alternatives": ["54", "5", "5"]}, {"date": "2024-05-19-07-00-00", "alternatives": [1, 49, 49, 49]}, {"date": "2024-05-19-03-00-00", "alternatives": ["63", "63", "43"]}, {"date": "2024-05-19-03-00-00", "alternatives": ["63", "63", "43"]}, {"date": "2024-05-19-17-00-00", "alternatives": ["4", "49", "49"]}, {"date": "2024-05-19-17-00-00", "alternatives": ["4", "49", "49"]}, {"date": "2024-05-19-11-00-00", "alternatives": ["77", "1", "77"]}, {"date": "2024-05-19-11-00-00", "alternatives": ["77", "1", "77"]}, {"date": "2024-05-19-11-00-00", "alternatives": ["77", "1", "77"]}, {"date": "2024-05-19-03-00-00", "alternatives": ["31", "67", "67"]}]}, {"location": {"country_code": "us", "region": "Illinois"}, "game_id": "128974", "values": [{"date": "2024-05-19-22-00-00", "alternatives": ["26", "36", "36"]}, {"date": "2024-05-19-22-00-00", "alternatives": ["26", "36", "36"]}, {"date": "2024-05-19-22-00-00", "alternatives": ["26", "36", "36"]}, {"date": "2024-05-19-22-00-00", "alternatives": ["26", "36", "36"]}, {"date": "2024-05-19-22-00-00", "alternatives": ["26", "36", "36"]}, {"date": "2024-05-19-22-00-00", "alternatives": ["26", "36", "36"]}, {"date": "2024-05-19-22-00-00", "alternatives": ["26", "36", "36"]}, {"date": "2024-05-19-22-00-00", "alternatives": ["26", "36", "36"]}, {"date": "2024-05-19-22-00-00", "alternatives": ["26", "36", "36"]}]}, {"location": {"country_code": "us", "region": "New York", "city": "Jamestown"}, "game_id": "128974", "values": [{"date": "2024-05-19-10-00-00", "alternatives": ["47", "7", "47"]}, {"date": "2024-05-19-10-00-00", "alternatives": ["47", "7", "47"]}, {"date": "2024-05-19-10-00-00", "alternatives": ["47", "7", "47"]}, {"date": "2024-05-19-10-00-00", "alternatives": ["47", "7", "47"]}, {"date": "2024-05-19-10-00-00", "alternatives": ["47", "7", "47"]}, {"date": "2024-05-19-10-00-00", "alternatives": ["47", "7", "47"]}, {"date": "2024-05-19-10-00-00", "alternatives": ["47", "7", "47"]}, {"date": "2024-05-19-23-00-00", "alternatives": ["4", "40", "40"]}, {"date": "2024-05-19-23-00-00", "alternatives": ["4", "40", "40"]}, {"date": "2024-05-19-23-00-00", "alternatives": ["4", "40", "40"]}, {"date": "2024-05-20-01-00-00", "alternatives": ["23", "42", "42"]}, {"date": "2024-05-20-01-00-00", "alternatives": ["23", "42", "42"]}, {"date": "2024-05-20-01-00-00", "alternatives": ["23", "42", "42"]}, {"date": "2024-05-20-01-00-00", "alternatives": ["23", "42", "42"]}]}, {"location": {"country_code": "us", "region": "Florida", "city": "Orlando"}, "game_id": "128974", "values": [{"date": "2024-05-19-10-00-00", "alternatives": ["4", "8", "8"]}, {"date": "2024-05-19-10-00-00", "alternatives": ["4", "8", "8"]}, {"date": "2024-05-19-10-00-00", "alternatives": ["4", "8", "8"]}, {"date": "2024-05-19-10-00-00", "alternatives": ["4", "8", "8"]}, {"date": "2024-05-19-10-00-00", "alternatives": ["4", "8", "8"]}, {"date": "2024-05-19-10-00-00", "alternatives": ["4", "8", "8"]}, {"date": "2024-05-19-10-00-00", "alternatives": ["4", "8", "8"]}, {"date": "2024-05-19-10-00-00", "alternatives": ["4", "8", "8"]}, {"date": "2024-05-19-10-00-00", "alternatives": ["4", "8", "8"]}, {"date": "2024-05-20-01-00-00", "alternatives": ["8", "8", "78"]}, {"date": "2024-05-20-01-00-00", "alternatives": ["8", "8", "78"]}, {"date": "2024-05-20-01-00-00", "alternatives": ["8", "8", "78"]}]}, {"location": {"country_code": "gb"}, "game_id": "128974", "values": [{"date": "2024-05-19-16-00-00", "alternatives": ["30", "30", "230"]}, {"date": "2024-05-19-23-00-00", "alternatives": ["4", "46", "46"]}, {"date": "2024-05-19-23-00-00", "alternatives": ["4", "46", "46"]}, {"date": "2024-05-19-23-00-00", "alternatives": ["4", "46", "46"]}, {"date": "2024-05-19-23-00-00", "alternatives": ["4", "46", "46"]}, {"date": "2024-05-19-23-00-00", "alternatives": ["4", "46", "46"]}, {"date": "2024-05-19-23-00-00", "alternatives": ["4", "46", "46"]}, {"date": "2024-05-19-23-00-00", "alternatives": ["4", "46", "46"]}, {"date": "2024-05-19-23-00-00", "alternatives": ["4", "46", "46"]}, {"date": "2024-05-19-23-00-00", "alternatives": ["4", "46", "46"]}, {"date": "2024-05-20-01-00-00", "alternatives": ["25", "25", "26"]}, {"date": "2024-05-20-01-00-00", "alternatives": ["25", "25", "26"]}, {"date": "2024-05-20-01-00-00", "alternatives": ["25", "25", "26"]}, {"date": "2024-05-20-01-00-00", "alternatives": ["25", "25", "26"]}, {"date": "2024-05-19-21-00-00", "alternatives": ["3", "29", "29"]}, {"date": "2024-05-19-21-00-00", "alternatives": ["3", "29", "29"]}, {"date": "2024-05-19-21-00-00", "alternatives": ["3", "29", "29"]}, {"date": "2024-05-20-02-00-00", "alternatives": [32, 32, 32]}, {"date": "2024-05-20-02-00-00", "alternatives": [32, 32, 32]}, {"date": "2024-05-20-02-00-00", "alternatives": [32, 32, 32]}, {"date": "2024-05-20-02-00-00", "alternatives": ["59", "69", "69"]}, {"date": "2024-05-20-02-00-00", "alternatives": ["59", "69", "69"]}, {"date": "2024-05-19-21-00-00", "alternatives": ["4", "40", "40"]}, {"date": "2024-05-19-21-00-00", "alternatives": ["4", "40", "40"]}, {"date": "2024-05-19-21-00-00", "alternatives": ["4", "40", "40"]}, {"date": "2024-05-19-21-00-00", "alternatives": ["4", "40", "40"]}, {"date": "2024-05-19-03-00-00", "alternatives": ["30", "30", "20"]}, {"date": "2024-05-19-03-00-00", "alternatives": ["30", "30", "20"]}, {"date": "2024-05-19-23-00-00", "alternatives": ["65", "65", "5"]}, {"date": "2024-05-19-23-00-00", "alternatives": ["65", "65", "5"]}, {"date": "2024-05-19-23-00-00", "alternatives": ["65", "65", "5"]}, {"date": "2024-05-19-23-00-00", "alternatives": ["65", "65", "5"]}, {"date": "2024-05-19-23-00-00", "alternatives": ["33", "33", "23"]}, {"date": "2024-05-19-23-00-00", "alternatives": ["33", "33", "23"]}, {"date": "2024-05-19-23-00-00", "alternatives": ["33", "33", "23"]}, {"date": "2024-05-19-23-00-00", "alternatives": ["33", "33", "23"]}, {"date": "2024-05-19-23-00-00", "alternatives": ["33", "33", "23"]}, {"date": "2024-05-19-23-00-00", "alternatives": ["33", "33", "23"]}, {"date": "2024-05-19-03-00-00", "alternatives": ["36", "36", "326"]}, {"date": "2024-05-19-03-00-00", "alternatives": ["36", "36", "326"]}, {"date": "2024-05-19-21-00-00", "alternatives": ["117", "117", "17"]}, {"date": "2024-05-19-21-00-00", "alternatives": ["117", "117", "17"]}, {"date": "2024-05-19-21-00-00", "alternatives": ["117", "117", "17"]}, {"date": "2024-05-19-21-00-00", "alternatives": ["117", "117", "17"]}, {"date": "2024-05-20-01-00-00", "alternatives": ["29", "29", "20"]}, {"date": "2024-05-20-01-00-00", "alternatives": ["29", "29", "20"]}, {"date": "2024-05-20-01-00-00", "alternatives": ["29", "29", "20"]}, {"date": "2024-05-20-01-00-00", "alternatives": ["29", "29", "20"]}, {"date": "2024-05-20-01-00-00", "alternatives": ["3", "23", "23"]}, {"date": "2024-05-19-03-00-00", "alternatives": ["34", "34", "24"]}, {"date": "2024-05-19-19-00-00", "alternatives": [31, 31, 31]}, {"date": "2024-05-19-19-00-00", "alternatives": [31, 31, 31]}, {"date": "2024-05-19-19-00-00", "alternatives": [31, 31, 31]}, {"date": "2024-05-19-19-00-00", "alternatives": [31, 31, 31]}, {"date": "2024-05-20-00-00-00", "alternatives": [29, 9, 29, 29]}, {"date": "2024-05-19-22-00-00", "alternatives": ["29", "28", "28"]}, {"date": "2024-05-19-22-00-00", "alternatives": ["29", "28", "28"]}, {"date": "2024-05-19-22-00-00", "alternatives": ["29", "28", "28"]}, {"date": "2024-05-19-21-00-00", "alternatives": ["3", "380", "380"]}]}, {"location": {"country_code": "gb", "region": "England", "city": "London"}, "game_id": "128974", "values": [{"date": "2024-05-19-14-00-00", "alternatives": ["25", "2", "25"]}, {"date": "2024-05-19-20-00-00", "alternatives": ["23", "23", "20"]}, {"date": "2024-05-19-20-00-00", "alternatives": ["23", "23", "20"]}, {"date": "2024-05-19-20-00-00", "alternatives": ["23", "23", "20"]}, {"date": "2024-05-19-20-00-00", "alternatives": ["23", "23", "20"]}, {"date": "2024-05-19-21-00-00", "alternatives": ["2", "2", "20"]}, {"date": "2024-05-19-21-00-00", "alternatives": ["2", "2", "20"]}]}, {"location": {"country_code": "th"}, "game_id": "128974", "values": [{"date": "2024-05-19-09-00-00", "alternatives": ["6", "125", "125"]}, {"date": "2024-05-20-00-00-00", "alternatives": ["47", "47", "7"]}, {"date": "2024-05-19-18-00-00", "alternatives": ["67", "0", "67"]}, {"date": "2024-05-19-14-00-00", "alternatives": ["46", "6", "46"]}, {"date": "2024-05-19-14-00-00", "alternatives": ["46", "6", "46"]}, {"date": "2024-05-19-14-00-00", "alternatives": ["46", "6", "46"]}, {"date": "2024-05-19-14-00-00", "alternatives": ["46", "6", "46"]}, {"date": "2024-05-19-14-00-00", "alternatives": ["46", "6", "46"]}, {"date": "2024-05-19-14-00-00", "alternatives": ["46", "6", "46"]}, {"date": "2024-05-19-14-00-00", "alternatives": ["46", "6", "46"]}, {"date": "2024-05-19-14-00-00", "alternatives": ["46", "6", "46"]}, {"date": "2024-05-19-14-00-00", "alternatives": ["46", "6", "46"]}, {"date": "2024-05-19-14-00-00", "alternatives": ["46", "6", "46"]}, {"date": "2024-05-19-14-00-00", "alternatives": ["46", "6", "46"]}]}, {"location": {"country_code": "gr"}, "game_id": "128974", "values": [{"date": "2024-05-19-21-00-00", "alternatives": ["6", "65", "65"]}, {"date": "2024-05-19-15-00-00", "alternatives": ["83", "3", "3"]}, {"date": "2024-05-19-15-00-00", "alternatives": ["7", "77", "77"]}]}, {"location": {"country_code": "nl"}, "game_id": "128974", "values": [{"date": "2024-05-19-06-00-00", "alternatives": [13, 3, 13, 13]}, {"date": "2024-05-19-06-00-00", "alternatives": [13, 3, 13, 13]}, {"date": "2024-05-19-06-00-00", "alternatives": [13, 3, 13, 13]}, {"date": "2024-05-19-06-00-00", "alternatives": [13, 3, 13, 13]}, {"date": "2024-05-19-06-00-00", "alternatives": [13, 3, 13, 13]}, {"date": "2024-05-19-06-00-00", "alternatives": [13, 3, 13, 13]}, {"date": "2024-05-19-06-00-00", "alternatives": [13, 3, 13, 13]}]}, {"location": {"country_code": "cz"}, "game_id": "128974", "values": [{"date": "2024-05-19-20-00-00", "alternatives": ["79", "9", "79"]}, {"date": "2024-05-19-20-00-00", "alternatives": ["79", "9", "79"]}]}, {"location": {"country_code": "it"}, "game_id": "128974", "values": [{"date": "2024-05-19-04-00-00", "alternatives": ["62", "52", "52"]}, {"date": "2024-05-19-04-00-00", "alternatives": ["62", "52", "52"]}, {"date": "2024-05-19-04-00-00", "alternatives": ["62", "52", "52"]}, {"date": "2024-05-19-04-00-00", "alternatives": ["62", "52", "52"]}, {"date": "2024-05-19-12-00-00", "alternatives": ["33", "53", "53"]}, {"date": "2024-05-19-12-00-00", "alternatives": ["33", "53", "53"]}, {"date": "2024-05-19-12-00-00", "alternatives": ["33", "53", "53"]}, {"date": "2024-05-19-20-00-00", "alternatives": ["74", "7", "74"]}, {"date": "2024-05-19-20-00-00", "alternatives": ["74", "7", "74"]}, {"date": "2024-05-19-20-00-00", "alternatives": ["74", "7", "74"]}]}, {"location": {"country_code": "ca"}, "game_id": "128974", "values": [{"date": "2024-05-19-03-00-00", "alternatives": ["787", "82", "82"]}, {"date": "2024-05-19-12-00-00", "alternatives": ["187", "45", "45"]}, {"date": "2024-05-19-12-00-00", "alternatives": ["187", "45", "45"]}, {"date": "2024-05-19-12-00-00", "alternatives": ["187", "45", "45"]}, {"date": "2024-05-19-12-00-00", "alternatives": ["187", "45", "45"]}, {"date": "2024-05-19-23-00-00", "alternatives": ["46", "199", "46"]}, {"date": "2024-05-19-15-00-00", "alternatives": ["73", "73", "72"]}, {"date": "2024-05-19-06-00-00", "alternatives": ["65", "65", "3"]}, {"date": "2024-05-19-06-00-00", "alternatives": ["65", "65", "3"]}, {"date": "2024-05-19-19-00-00", "alternatives": ["33", "133", "133"]}, {"date": "2024-05-19-19-00-00", "alternatives": ["33", "133", "133"]}, {"date": "2024-05-19-05-00-00", "alternatives": ["0", "0", "6"]}]}, {"location": {"country_code": "ca", "region": "Ontario", "city": "Toronto"}, "game_id": "128974", "values": [{"date": "2024-05-19-12-00-00", "alternatives": ["4", "4", "45"]}, {"date": "2024-05-19-12-00-00", "alternatives": ["4", "4", "45"]}, {"date": "2024-05-19-02-00-00", "alternatives": ["3", "3", "43"]}, {"date": "2024-05-19-02-00-00", "alternatives": ["3", "3", "43"]}, {"date": "2024-05-19-02-00-00", "alternatives": ["3", "3", "43"]}, {"date": "2024-05-19-20-00-00", "alternatives": ["66", "68", "68"]}, {"date": "2024-05-19-20-00-00", "alternatives": ["66", "68", "68"]}, {"date": "2024-05-19-20-00-00", "alternatives": ["66", "68", "68"]}, {"date": "2024-05-19-20-00-00", "alternatives": ["66", "68", "68"]}, {"date": "2024-05-19-20-00-00", "alternatives": ["66", "68", "68"]}, {"date": "2024-05-19-20-00-00", "alternatives": ["66", "68", "68"]}, {"date": "2024-05-19-20-00-00", "alternatives": ["66", "68", "68"]}, {"date": "2024-05-19-20-00-00", "alternatives": ["66", "68", "68"]}, {"date": "2024-05-19-20-00-00", "alternatives": ["66", "68", "68"]}, {"date": "2024-05-19-20-00-00", "alternatives": ["66", "68", "68"]}, {"date": "2024-05-19-20-00-00", "alternatives": ["66", "68", "68"]}]}, {"location": {"country_code": "ch"}, "game_id": "128974", "values": [{"date": "2024-05-19-14-00-00", "alternatives": ["203", "209", "209"]}]}, {"location": {"country_code": "de"}, "game_id": "128974", "values": [{"date": "2024-05-19-22-00-00", "alternatives": ["2", "27", "27"]}, {"date": "2024-05-19-22-00-00", "alternatives": ["2", "27", "27"]}, {"date": "2024-05-19-22-00-00", "alternatives": ["2", "27", "27"]}, {"date": "2024-05-19-22-00-00", "alternatives": ["2", "27", "27"]}, {"date": "2024-05-19-22-00-00", "alternatives": ["2", "27", "27"]}, {"date": "2024-05-19-22-00-00", "alternatives": ["2", "27", "27"]}, {"date": "2024-05-19-22-00-00", "alternatives": ["2", "27", "27"]}, {"date": "2024-05-19-19-00-00", "alternatives": ["35", "35", "36"]}, {"date": "2024-05-19-23-00-00", "alternatives": ["35", "35", "36"]}, {"date": "2024-05-19-23-00-00", "alternatives": ["35", "35", "36"]}, {"date": "2024-05-19-23-00-00", "alternatives": ["35", "35", "36"]}, {"date": "2024-05-19-19-00-00", "alternatives": ["737", "34", "34"]}, {"date": "2024-05-19-19-00-00", "alternatives": ["737", "34", "34"]}, {"date": "2024-05-19-19-00-00", "alternatives": ["737", "34", "34"]}, {"date": "2024-05-19-19-00-00", "alternatives": ["737", "34", "34"]}, {"date": "2024-05-19-19-00-00", "alternatives": ["737", "34", "34"]}, {"date": "2024-05-19-19-00-00", "alternatives": ["737", "34", "34"]}, {"date": "2024-05-19-19-00-00", "alternatives": ["737", "34", "34"]}, {"date": "2024-05-19-19-00-00", "alternatives": ["737", "34", "34"]}, {"date": "2024-05-19-19-00-00", "alternatives": ["737", "34", "34"]}, {"date": "2024-05-19-19-00-00", "alternatives": ["737", "34", "34"]}, {"date": "2024-05-19-19-00-00", "alternatives": ["737", "34", "34"]}, {"date": "2024-05-19-19-00-00", "alternatives": ["737", "34", "34"]}, {"date": "2024-05-19-19-00-00", "alternatives": ["737", "34", "34"]}, {"date": "2024-05-19-19-00-00", "alternatives": ["737", "34", "34"]}, {"date": "2024-05-19-19-00-00", "alternatives": ["737", "34", "34"]}, {"date": "2024-05-20-02-00-00", "alternatives": ["31", "74", "31"]}, {"date": "2024-05-20-02-00-00", "alternatives": ["31", "74", "31"]}, {"date": "2024-05-20-02-00-00", "alternatives": ["31", "74", "31"]}, {"date": "2024-05-20-02-00-00", "alternatives": ["31", "74", "31"]}, {"date": "2024-05-20-02-00-00", "alternatives": ["31", "74", "31"]}, {"date": "2024-05-20-02-00-00", "alternatives": ["31", "74", "31"]}, {"date": "2024-05-20-02-00-00", "alternatives": ["31", "74", "31"]}, {"date": "2024-05-20-02-00-00", "alternatives": ["31", "74", "31"]}, {"date": "2024-05-20-02-00-00", "alternatives": ["31", "74", "31"]}, {"date": "2024-05-20-02-00-00", "alternatives": ["31", "74", "31"]}, {"date": "2024-05-20-02-00-00", "alternatives": ["31", "74", "31"]}, {"date": "2024-05-20-02-00-00", "alternatives": ["31", "74", "31"]}, {"date": "2024-05-19-23-00-00", "alternatives": ["61", "34", "34"]}, {"date": "2024-05-19-23-00-00", "alternatives": ["61", "34", "34"]}, {"date": "2024-05-19-23-00-00", "alternatives": ["61", "34", "34"]}, {"date": "2024-05-19-23-00-00", "alternatives": ["61", "34", "34"]}, {"date": "2024-05-19-15-00-00", "alternatives": ["1", "33", "33"]}, {"date": "2024-05-19-15-00-00", "alternatives": ["1", "33", "33"]}, {"date": "2024-05-19-12-00-00", "alternatives": ["125912069", "125912069", "125012060"]}, {"date": "2024-05-19-17-00-00", "alternatives": ["4", "47", "47"]}, {"date": "2024-05-20-00-00-00", "alternatives": ["3377", "34", "34"]}, {"date": "2024-05-20-01-00-00", "alternatives": ["31", "5", "31"]}, {"date": "2024-05-20-01-00-00", "alternatives": ["31", "5", "31"]}, {"date": "2024-05-20-01-00-00", "alternatives": ["31", "5", "31"]}, {"date": "2024-05-19-21-00-00", "alternatives": ["37", "32", "32"]}, {"date": "2024-05-19-21-00-00", "alternatives": ["37", "32", "32"]}, {"date": "2024-05-20-01-00-00", "alternatives": ["140", "140", "340"]}, {"date": "2024-05-19-15-00-00", "alternatives": ["249", "29", "29"]}, {"date": "2024-05-19-15-00-00", "alternatives": ["249", "29", "29"]}, {"date": "2024-05-19-15-00-00", "alternatives": ["249", "29", "29"]}, {"date": "2024-05-19-15-00-00", "alternatives": ["249", "29", "29"]}, {"date": "2024-05-19-15-00-00", "alternatives": ["249", "29", "29"]}, {"date": "2024-05-19-15-00-00", "alternatives": ["249", "29", "29"]}, {"date": "2024-05-19-15-00-00", "alternatives": ["249", "29", "29"]}, {"date": "2024-05-19-15-00-00", "alternatives": ["249", "29", "29"]}, {"date": "2024-05-19-15-00-00", "alternatives": ["249", "29", "29"]}, {"date": "2024-05-19-15-00-00", "alternatives": ["249", "29", "29"]}, {"date": "2024-05-19-15-00-00", "alternatives": ["249", "29", "29"]}, {"date": "2024-05-19-15-00-00", "alternatives": ["249", "29", "29"]}, {"date": "2024-05-19-15-00-00", "alternatives": ["249", "29", "29"]}, {"date": "2024-05-19-19-00-00", "alternatives": ["24", "24", "2"]}, {"date": "2024-05-19-12-00-00", "alternatives": ["6", "46", "46"]}, {"date": "2024-05-19-12-00-00", "alternatives": ["6", "46", "46"]}, {"date": "2024-05-19-22-00-00", "alternatives": ["68", "68", "3"]}, {"date": "2024-05-19-22-00-00", "alternatives": ["68", "68", "3"]}]}, {"location": {"country_code": "gb", "region": "England"}, "game_id": "128974", "values": [{"date": "2024-05-19-22-00-00", "alternatives": ["28", "28", "20"]}, {"date": "2024-05-19-22-00-00", "alternatives": ["28", "28", "20"]}, {"date": "2024-05-19-22-00-00", "alternatives": ["28", "28", "20"]}, {"date": "2024-05-19-22-00-00", "alternatives": ["28", "28", "20"]}, {"date": "2024-05-19-23-00-00", "alternatives": ["430", "32", "32"]}, {"date": "2024-05-19-23-00-00", "alternatives": ["430", "32", "32"]}, {"date": "2024-05-19-23-00-00", "alternatives": ["430", "32", "32"]}, {"date": "2024-05-19-23-00-00", "alternatives": ["430", "32", "32"]}]}, {"location": {"country_code": "gb", "region": "Scotland"}, "game_id": "128974", "values": [{"date": "2024-05-19-20-00-00", "alternatives": [32, 39, 33, 39, 39]}, {"date": "2024-05-19-20-00-00", "alternatives": [32, 39, 33, 39, 39]}, {"date": "2024-05-19-20-00-00", "alternatives": [32, 39, 33, 39, 39]}, {"date": "2024-05-19-20-00-00", "alternatives": [32, 39, 33, 39, 39]}, {"date": "2024-05-19-20-00-00", "alternatives": [32, 39, 33, 39, 39]}, {"date": "2024-05-19-20-00-00", "alternatives": [32, 39, 33, 39, 39]}, {"date": "2024-05-19-20-00-00", "alternatives": [32, 39, 33, 39, 39]}, {"date": "2024-05-19-20-00-00", "alternatives": [32, 39, 33, 39, 39]}, {"date": "2024-05-20-00-00-00", "alternatives": ["65", "66", "66"]}, {"date": "2024-05-20-00-00-00", "alternatives": ["65", "66", "66"]}, {"date": "2024-05-20-00-00-00", "alternatives": ["65", "66", "66"]}, {"date": "2024-05-19-03-00-00", "alternatives": ["52", "52", "23"]}, {"date": "2024-05-19-03-00-00", "alternatives": ["52", "52", "23"]}]}, {"location": {"country_code": "cl"}, "game_id": "128974", "values": [{"date": "2024-05-19-09-00-00", "alternatives": ["67", "7", "67"]}, {"date": "2024-05-19-04-00-00", "alternatives": ["69", "8", "69"]}]}, {"location": {"country_code": "us", "region": "Florida"}, "game_id": "128974", "values": [{"date": "2024-05-20-00-00-00", "alternatives": ["6", "69", "6"]}, {"date": "2024-05-20-00-00-00", "alternatives": ["6", "69", "6"]}, {"date": "2024-05-19-20-00-00", "alternatives": ["60", "104", "104"]}, {"date": "2024-05-19-20-00-00", "alternatives": ["60", "104", "104"]}, {"date": "2024-05-19-05-00-00", "alternatives": ["65", "65", "66"]}, {"date": "2024-05-19-05-00-00", "alternatives": ["65", "65", "66"]}]}, {"location": {"country_code": "mx", "region": "Mexico City"}, "game_id": "128974", "values": [{"date": "2024-05-19-08-00-00", "alternatives": ["63", "3", "63"]}, {"date": "2024-05-19-08-00-00", "alternatives": ["63", "3", "63"]}, {"date": "2024-05-19-08-00-00", "alternatives": ["63", "3", "63"]}, {"date": "2024-05-19-08-00-00", "alternatives": ["63", "3", "63"]}, {"date": "2024-05-19-08-00-00", "alternatives": ["63", "3", "63"]}, {"date": "2024-05-19-22-00-00", "alternatives": ["67", "7", "67"]}, {"date": "2024-05-19-09-00-00", "alternatives": ["2", "72", "72"]}, {"date": "2024-05-19-09-00-00", "alternatives": ["2", "72", "72"]}, {"date": "2024-05-19-09-00-00", "alternatives": ["2", "72", "72"]}, {"date": "2024-05-19-08-00-00", "alternatives": ["65", "20", "65"]}, {"date": "2024-05-19-08-00-00", "alternatives": ["65", "20", "65"]}, {"date": "2024-05-19-10-00-00", "alternatives": ["65", "65", "6"]}]}, {"location": {"country_code": "us", "region": "Florida", "city": "Miami"}, "game_id": "128974", "values": [{"date": "2024-05-19-18-00-00", "alternatives": ["34", "34", "3"]}, {"date": "2024-05-19-18-00-00", "alternatives": ["34", "34", "3"]}, {"date": "2024-05-19-18-00-00", "alternatives": ["34", "34", "3"]}, {"date": "2024-05-19-18-00-00", "alternatives": ["34", "34", "3"]}, {"date": "2024-05-19-18-00-00", "alternatives": ["34", "34", "3"]}, {"date": "2024-05-19-18-00-00", "alternatives": ["34", "34", "3"]}, {"date": "2024-05-19-06-00-00", "alternatives": ["4", "34", "34"]}, {"date": "2024-05-19-06-00-00", "alternatives": ["4", "34", "34"]}, {"date": "2024-05-19-06-00-00", "alternatives": ["4", "34", "34"]}, {"date": "2024-05-19-06-00-00", "alternatives": ["4", "34", "34"]}, {"date": "2024-05-19-06-00-00", "alternatives": ["4", "34", "34"]}, {"date": "2024-05-19-06-00-00", "alternatives": ["4", "34", "34"]}]}, {"location": {"country_code": "us", "region": "Florida", "city": "Fort Lauderdale"}, "game_id": "128974", "values": [{"date": "2024-05-19-09-00-00", "alternatives": ["1", "63", "63"]}]}, {"location": {"country_code": "ph"}, "game_id": "128974", "values": [{"date": "2024-05-19-23-00-00", "alternatives": ["73", "73", "723"]}, {"date": "2024-05-19-23-00-00", "alternatives": ["73", "73", "723"]}, {"date": "2024-05-19-23-00-00", "alternatives": ["73", "73", "723"]}, {"date": "2024-05-19-23-00-00", "alternatives": ["73", "73", "723"]}, {"date": "2024-05-19-08-00-00", "alternatives": ["46", "45", "45"]}, {"date": "2024-05-19-08-00-00", "alternatives": ["46", "45", "45"]}, {"date": "2024-05-19-08-00-00", "alternatives": ["46", "45", "45"]}, {"date": "2024-05-19-08-00-00", "alternatives": ["46", "45", "45"]}, {"date": "2024-05-19-08-00-00", "alternatives": ["46", "45", "45"]}, {"date": "2024-05-19-08-00-00", "alternatives": ["46", "45", "45"]}, {"date": "2024-05-19-08-00-00", "alternatives": ["46", "45", "45"]}, {"date": "2024-05-19-08-00-00", "alternatives": ["46", "45", "45"]}, {"date": "2024-05-19-08-00-00", "alternatives": ["46", "45", "45"]}, {"date": "2024-05-19-08-00-00", "alternatives": ["46", "45", "45"]}, {"date": "2024-05-19-08-00-00", "alternatives": ["46", "45", "45"]}, {"date": "2024-05-19-08-00-00", "alternatives": ["46", "45", "45"]}, {"date": "2024-05-19-08-00-00", "alternatives": ["46", "45", "45"]}, {"date": "2024-05-20-02-00-00", "alternatives": ["3", "310", "310"]}, {"date": "2024-05-20-02-00-00", "alternatives": ["3", "310", "310"]}, {"date": "2024-05-20-02-00-00", "alternatives": ["3", "310", "310"]}, {"date": "2024-05-20-02-00-00", "alternatives": ["3", "310", "310"]}, {"date": "2024-05-20-02-00-00", "alternatives": ["3", "310", "310"]}, {"date": "2024-05-19-15-00-00", "alternatives": ["28", "43", "43"]}, {"date": "2024-05-19-09-00-00", "alternatives": ["0", "70", "70"]}]}, {"location": {"country_code": "fr"}, "game_id": "128974", "values": [{"date": "2024-05-19-17-00-00", "alternatives": ["799", "44", "44"]}, {"date": "2024-05-19-17-00-00", "alternatives": ["799", "44", "44"]}, {"date": "2024-05-19-18-00-00", "alternatives": ["24", "2", "24"]}, {"date": "2024-05-19-23-00-00", "alternatives": ["9", "112", "112"]}, {"date": "2024-05-19-23-00-00", "alternatives": ["9", "112", "112"]}, {"date": "2024-05-20-02-00-00", "alternatives": ["44", "44", "20"]}, {"date": "2024-05-20-02-00-00", "alternatives": ["44", "44", "20"]}, {"date": "2024-05-20-02-00-00", "alternatives": ["44", "44", "20"]}, {"date": "2024-05-20-02-00-00", "alternatives": ["44", "44", "20"]}, {"date": "2024-05-20-02-00-00", "alternatives": ["44", "44", "20"]}, {"date": "2024-05-20-02-00-00", "alternatives": ["44", "44", "20"]}, {"date": "2024-05-19-22-00-00", "alternatives": ["3", "20", "20"]}, {"date": "2024-05-19-22-00-00", "alternatives": ["3", "20", "20"]}, {"date": "2024-05-19-22-00-00", "alternatives": ["3", "20", "20"]}, {"date": "2024-05-19-09-00-00", "alternatives": ["8", "40", "40"]}, {"date": "2024-05-19-09-00-00", "alternatives": ["8", "40", "40"]}, {"date": "2024-05-20-00-00-00", "alternatives": ["36", "38", "38"]}, {"date": "2024-05-20-00-00-00", "alternatives": ["36", "38", "38"]}, {"date": "2024-05-19-17-00-00", "alternatives": ["4", "4", "40"]}, {"date": "2024-05-19-17-00-00", "alternatives": ["4", "4", "40"]}, {"date": "2024-05-19-17-00-00", "alternatives": ["4", "4", "40"]}, {"date": "2024-05-19-17-00-00", "alternatives": ["4", "4", "40"]}, {"date": "2024-05-19-17-00-00", "alternatives": ["4", "4", "40"]}]}, {"location": {"country_code": "us", "region": "New Jersey"}, "game_id": "128974", "values": [{"date": "2024-05-19-23-00-00", "alternatives": ["67", "79", "79"]}, {"date": "2024-05-19-23-00-00", "alternatives": ["67", "79", "79"]}, {"date": "2024-05-19-23-00-00", "alternatives": ["67", "79", "79"]}, {"date": "2024-05-19-23-00-00", "alternatives": ["67", "79", "79"]}, {"date": "2024-05-19-23-00-00", "alternatives": ["67", "79", "79"]}, {"date": "2024-05-19-23-00-00", "alternatives": ["67", "79", "79"]}]}, {"location": {"country_code": "mx"}, "game_id": "128974", "values": [{"date": "2024-05-19-11-00-00", "alternatives": ["1456", "74", "74"]}, {"date": "2024-05-19-11-00-00", "alternatives": ["1456", "74", "74"]}, {"date": "2024-05-19-02-00-00", "alternatives": ["86", "86", "85"]}, {"date": "2024-05-19-02-00-00", "alternatives": ["86", "86", "85"]}, {"date": "2024-05-19-02-00-00", "alternatives": ["86", "86", "85"]}]}, {"location": {"country_code": "us", "region": "Ohio"}, "game_id": "128974", "values": [{"date": "2024-05-19-16-00-00", "alternatives": ["40", "4", "40"]}, {"date": "2024-05-19-04-00-00", "alternatives": ["4", "34", "34"]}, {"date": "2024-05-19-04-00-00", "alternatives": ["4", "34", "34"]}, {"date": "2024-05-19-08-00-00", "alternatives": ["45", "45", "48"]}, {"date": "2024-05-19-08-00-00", "alternatives": ["45", "45", "48"]}, {"date": "2024-05-19-08-00-00", "alternatives": ["45", "45", "48"]}, {"date": "2024-05-19-06-00-00", "alternatives": ["7", "57", "7"]}]}, {"location": {"country_code": "br", "region": "Federal District"}, "game_id": "128974", "values": [{"date": "2024-05-19-10-00-00", "alternatives": ["9", "79", "9"]}]}, {"location": {"country_code": "in"}, "game_id": "128974", "values": [{"date": "2024-05-19-06-00-00", "alternatives": ["78", "98", "98"]}, {"date": "2024-05-19-06-00-00", "alternatives": ["78", "98", "98"]}, {"date": "2024-05-19-06-00-00", "alternatives": ["78", "98", "98"]}, {"date": "2024-05-19-15-00-00", "alternatives": ["9", "79", "79"]}, {"date": "2024-05-19-15-00-00", "alternatives": ["9", "79", "79"]}, {"date": "2024-05-19-15-00-00", "alternatives": ["9", "79", "79"]}, {"date": "2024-05-19-15-00-00", "alternatives": ["9", "79", "79"]}, {"date": "2024-05-19-15-00-00", "alternatives": ["9", "79", "79"]}, {"date": "2024-05-19-15-00-00", "alternatives": ["9", "79", "79"]}, {"date": "2024-05-19-15-00-00", "alternatives": ["9", "79", "79"]}, {"date": "2024-05-19-15-00-00", "alternatives": ["9", "79", "79"]}, {"date": "2024-05-19-15-00-00", "alternatives": ["9", "79", "79"]}, {"date": "2024-05-19-15-00-00", "alternatives": ["9", "79", "79"]}, {"date": "2024-05-19-15-00-00", "alternatives": ["9", "79", "79"]}, {"date": "2024-05-19-15-00-00", "alternatives": ["9", "79", "79"]}, {"date": "2024-05-19-15-00-00", "alternatives": ["9", "79", "79"]}]}, {"location": {"country_code": "us", "region": "California"}, "game_id": "128974", "values": [{"date": "2024-05-19-10-00-00", "alternatives": [27, 0, 27, 27]}, {"date": "2024-05-19-10-00-00", "alternatives": [27, 0, 27, 27]}, {"date": "2024-05-19-10-00-00", "alternatives": [27, 0, 27, 27]}, {"date": "2024-05-19-10-00-00", "alternatives": [27, 0, 27, 27]}, {"date": "2024-05-19-10-00-00", "alternatives": [27, 0, 27, 27]}, {"date": "2024-05-19-10-00-00", "alternatives": [27, 0, 27, 27]}, {"date": "2024-05-19-07-00-00", "alternatives": ["34", "3", "34"]}, {"date": "2024-05-19-07-00-00", "alternatives": ["34", "3", "34"]}, {"date": "2024-05-19-07-00-00", "alternatives": ["34", "3", "34"]}, {"date": "2024-05-19-07-00-00", "alternatives": ["34", "3", "34"]}, {"date": "2024-05-19-09-00-00", "alternatives": ["1", "41", "41"]}, {"date": "2024-05-19-09-00-00", "alternatives": ["1", "41", "41"]}, {"date": "2024-05-19-09-00-00", "alternatives": ["1", "41", "41"]}, {"date": "2024-05-19-12-00-00", "alternatives": ["30", "0", "30"]}, {"date": "2024-05-19-12-00-00", "alternatives": ["30", "0", "30"]}, {"date": "2024-05-19-12-00-00", "alternatives": ["30", "0", "30"]}, {"date": "2024-05-19-12-00-00", "alternatives": ["30", "0", "30"]}, {"date": "2024-05-19-12-00-00", "alternatives": ["30", "0", "30"]}, {"date": "2024-05-19-07-00-00", "alternatives": ["2", "27", "27"]}, {"date": "2024-05-19-07-00-00", "alternatives": ["2", "27", "27"]}, {"date": "2024-05-19-07-00-00", "alternatives": ["2", "27", "27"]}, {"date": "2024-05-19-23-00-00", "alternatives": ["34", "34", "3"]}, {"date": "2024-05-19-23-00-00", "alternatives": ["34", "34", "3"]}, {"date": "2024-05-19-23-00-00", "alternatives": ["34", "34", "3"]}, {"date": "2024-05-19-23-00-00", "alternatives": ["34", "34", "3"]}, {"date": "2024-05-19-23-00-00", "alternatives": ["34", "34", "3"]}, {"date": "2024-05-19-11-00-00", "alternatives": [3, 33, 33, 33]}, {"date": "2024-05-19-11-00-00", "alternatives": [3, 33, 33, 33]}, {"date": "2024-05-19-11-00-00", "alternatives": [3, 33, 33, 33]}, {"date": "2024-05-19-11-00-00", "alternatives": [3, 33, 33, 33]}, {"date": "2024-05-19-05-00-00", "alternatives": ["62", "1", "62"]}]}, {"location": {"country_code": "us", "region": "California", "city": "East Los Angeles"}, "game_id": "128974", "values": [{"date": "2024-05-19-09-00-00", "alternatives": ["2", "23", "23"]}, {"date": "2024-05-19-09-00-00", "alternatives": ["2", "23", "23"]}, {"date": "2024-05-19-09-00-00", "alternatives": ["2", "23", "23"]}, {"date": "2024-05-19-09-00-00", "alternatives": ["2", "23", "23"]}, {"date": "2024-05-19-09-00-00", "alternatives": ["2", "23", "23"]}, {"date": "2024-05-19-08-00-00", "alternatives": ["34", "34", "24"]}, {"date": "2024-05-19-20-00-00", "alternatives": [174, 79, 79, 79]}, {"date": "2024-05-19-20-00-00", "alternatives": [174, 79, 79, 79]}, {"date": "2024-05-19-20-00-00", "alternatives": [174, 79, 79, 79]}, {"date": "2024-05-19-20-00-00", "alternatives": [174, 79, 79, 79]}, {"date": "2024-05-19-20-00-00", "alternatives": [174, 79, 79, 79]}, {"date": "2024-05-19-20-00-00", "alternatives": [174, 79, 79, 79]}, {"date": "2024-05-19-20-00-00", "alternatives": [174, 79, 79, 79]}, {"date": "2024-05-19-20-00-00", "alternatives": [174, 79, 79, 79]}, {"date": "2024-05-19-20-00-00", "alternatives": [174, 79, 79, 79]}, {"date": "2024-05-19-20-00-00", "alternatives": [174, 79, 79, 79]}, {"date": "2024-05-19-05-00-00", "alternatives": ["7", "77", "77"]}, {"date": "2024-05-19-05-00-00", "alternatives": ["7", "77", "77"]}, {"date": "2024-05-19-05-00-00", "alternatives": ["7", "77", "77"]}, {"date": "2024-05-19-05-00-00", "alternatives": ["23", "4", "4"]}, {"date": "2024-05-19-05-00-00", "alternatives": ["23", "4", "4"]}]}, {"location": {"country_code": "rs"}, "game_id": "128974", "values": [{"date": "2024-05-19-14-00-00", "alternatives": ["67", "57", "67"]}, {"date": "2024-05-19-14-00-00", "alternatives": ["67", "57", "67"]}]}, {"location": {"country_code": "br"}, "game_id": "128974", "values": [{"date": "2024-05-20-00-00-00", "alternatives": ["8", "22", "22"]}, {"date": "2024-05-20-01-00-00", "alternatives": ["243", "152", "152"]}, {"date": "2024-05-19-22-00-00", "alternatives": ["2", "22", "22"]}, {"date": "2024-05-19-22-00-00", "alternatives": ["2", "22", "22"]}]}, {"location": {"country_code": "br", "region": "Sao Paulo", "city": "Apiai"}, "game_id": "128974", "values": [{"date": "2024-05-19-19-00-00", "alternatives": ["53", "21", "21"]}, {"date": "2024-05-20-01-00-00", "alternatives": ["22", "2", "2"]}, {"date": "2024-05-20-01-00-00", "alternatives": ["22", "2", "2"]}, {"date": "2024-05-20-01-00-00", "alternatives": ["22", "2", "2"]}]}, {"location": {"country_code": "se", "region": "Stockholm County", "city": "Sollentuna"}, "game_id": "128974", "values": [{"date": "2024-05-19-19-00-00", "alternatives": ["23", "1", "23"]}, {"date": "2024-05-19-19-00-00", "alternatives": ["23", "1", "23"]}, {"date": "2024-05-19-19-00-00", "alternatives": ["23", "1", "23"]}, {"date": "2024-05-19-19-00-00", "alternatives": ["23", "1", "23"]}, {"date": "2024-05-19-19-00-00", "alternatives": ["23", "1", "23"]}]}, {"location": {"country_code": "us", "region": "Maryland", "city": "Dundalk"}, "game_id": "128974", "values": [{"date": "2024-05-19-05-00-00", "alternatives": ["69", "59", "59"]}, {"date": "2024-05-19-05-00-00", "alternatives": ["69", "59", "59"]}]}, {"location": {"country_code": "ec"}, "game_id": "128974", "values": [{"date": "2024-05-19-11-00-00", "alternatives": ["10", "106", "106"]}]}, {"location": {"country_code": "au"}, "game_id": "128974", "values": [{"date": "2024-05-19-15-00-00", "alternatives": ["60", "39", "39"]}, {"date": "2024-05-19-18-00-00", "alternatives": ["70", "7", "70"]}, {"date": "2024-05-19-18-00-00", "alternatives": ["70", "7", "70"]}, {"date": "2024-05-19-18-00-00", "alternatives": ["70", "7", "70"]}, {"date": "2024-05-19-13-00-00", "alternatives": ["69", "0", "69"]}, {"date": "2024-05-19-13-00-00", "alternatives": ["69", "0", "69"]}, {"date": "2024-05-19-13-00-00", "alternatives": ["69", "0", "69"]}, {"date": "2024-05-19-13-00-00", "alternatives": ["69", "0", "69"]}, {"date": "2024-05-19-13-00-00", "alternatives": ["69", "0", "69"]}, {"date": "2024-05-19-21-00-00", "alternatives": ["23", "23", "79"]}, {"date": "2024-05-19-21-00-00", "alternatives": ["23", "23", "79"]}, {"date": "2024-05-19-21-00-00", "alternatives": ["23", "23", "79"]}, {"date": "2024-05-19-21-00-00", "alternatives": ["23", "23", "79"]}, {"date": "2024-05-19-21-00-00", "alternatives": ["23", "23", "79"]}, {"date": "2024-05-19-21-00-00", "alternatives": ["23", "23", "79"]}, {"date": "2024-05-19-21-00-00", "alternatives": ["23", "23", "79"]}, {"date": "2024-05-19-15-00-00", "alternatives": ["8", "53", "53"]}, {"date": "2024-05-19-15-00-00", "alternatives": ["8", "53", "53"]}, {"date": "2024-05-19-13-00-00", "alternatives": ["36", "35", "35"]}, {"date": "2024-05-19-07-00-00", "alternatives": ["2", "2", "21"]}, {"date": "2024-05-19-07-00-00", "alternatives": ["2", "2", "21"]}, {"date": "2024-05-19-07-00-00", "alternatives": ["2", "2", "21"]}, {"date": "2024-05-19-07-00-00", "alternatives": ["2", "2", "21"]}, {"date": "2024-05-19-07-00-00", "alternatives": ["2", "2", "21"]}, {"date": "2024-05-19-07-00-00", "alternatives": ["2", "2", "21"]}, {"date": "2024-05-19-07-00-00", "alternatives": ["2", "2", "21"]}, {"date": "2024-05-19-07-00-00", "alternatives": ["2", "2", "21"]}, {"date": "2024-05-19-07-00-00", "alternatives": ["2", "2", "21"]}, {"date": "2024-05-19-07-00-00", "alternatives": ["2", "2", "21"]}, {"date": "2024-05-19-07-00-00", "alternatives": ["2", "2", "21"]}, {"date": "2024-05-19-07-00-00", "alternatives": ["2", "2", "21"]}, {"date": "2024-05-19-13-00-00", "alternatives": ["3", "3", "36"]}, {"date": "2024-05-19-13-00-00", "alternatives": ["3", "3", "36"]}, {"date": "2024-05-19-13-00-00", "alternatives": ["3", "3", "36"]}, {"date": "2024-05-19-13-00-00", "alternatives": ["3", "3", "36"]}, {"date": "2024-05-19-13-00-00", "alternatives": ["3", "3", "36"]}, {"date": "2024-05-19-13-00-00", "alternatives": ["3", "3", "36"]}, {"date": "2024-05-19-13-00-00", "alternatives": ["3", "3", "36"]}, {"date": "2024-05-19-13-00-00", "alternatives": ["3", "3", "36"]}, {"date": "2024-05-19-09-00-00", "alternatives": ["121", "1", "121"]}, {"date": "2024-05-19-08-00-00", "alternatives": ["2", "42", "42"]}]}, {"location": {"country_code": "td"}, "game_id": "128974", "values": [{"date": "2024-05-19-11-00-00", "alternatives": ["42", "2", "42"]}, {"date": "2024-05-19-18-00-00", "alternatives": ["57", "57", "7"]}, {"date": "2024-05-19-18-00-00", "alternatives": ["57", "57", "7"]}, {"date": "2024-05-19-18-00-00", "alternatives": ["57", "57", "7"]}, {"date": "2024-05-19-18-00-00", "alternatives": ["57", "57", "7"]}, {"date": "2024-05-19-18-00-00", "alternatives": ["57", "57", "7"]}, {"date": "2024-05-19-18-00-00", "alternatives": ["57", "57", "7"]}, {"date": "2024-05-19-18-00-00", "alternatives": ["57", "57", "7"]}, {"date": "2024-05-19-18-00-00", "alternatives": ["57", "57", "7"]}, {"date": "2024-05-19-18-00-00", "alternatives": ["57", "57", "7"]}, {"date": "2024-05-19-18-00-00", "alternatives": ["57", "57", "7"]}, {"date": "2024-05-19-18-00-00", "alternatives": ["57", "57", "7"]}, {"date": "2024-05-19-18-00-00", "alternatives": ["57", "57", "7"]}, {"date": "2024-05-19-18-00-00", "alternatives": ["57", "57", "7"]}, {"date": "2024-05-19-18-00-00", "alternatives": ["57", "57", "7"]}, {"date": "2024-05-19-18-00-00", "alternatives": ["57", "57", "7"]}, {"date": "2024-05-19-18-00-00", "alternatives": ["57", "57", "7"]}, {"date": "2024-05-19-18-00-00", "alternatives": ["57", "57", "7"]}, {"date": "2024-05-19-18-00-00", "alternatives": ["57", "57", "7"]}, {"date": "2024-05-19-18-00-00", "alternatives": ["57", "57", "7"]}, {"date": "2024-05-19-18-00-00", "alternatives": ["57", "57", "7"]}, {"date": "2024-05-19-18-00-00", "alternatives": ["57", "57", "7"]}, {"date": "2024-05-19-18-00-00", "alternatives": ["57", "57", "7"]}, {"date": "2024-05-19-18-00-00", "alternatives": ["57", "57", "7"]}, {"date": "2024-05-19-18-00-00", "alternatives": ["57", "57", "7"]}, {"date": "2024-05-19-02-00-00", "alternatives": ["5", "59", "5"]}]}, {"location": {"country_code": "us", "region": "Texas", "city": "Austin"}, "game_id": "128974", "values": [{"date": "2024-05-19-08-00-00", "alternatives": ["60", "64", "64"]}, {"date": "2024-05-19-08-00-00", "alternatives": ["60", "64", "64"]}, {"date": "2024-05-19-08-00-00", "alternatives": ["60", "64", "64"]}, {"date": "2024-05-19-08-00-00", "alternatives": ["60", "64", "64"]}, {"date": "2024-05-19-08-00-00", "alternatives": ["60", "64", "64"]}, {"date": "2024-05-19-08-00-00", "alternatives": ["60", "64", "64"]}]}, {"location": {"country_code": "ca", "region": "Ontario", "city": "Ottawa"}, "game_id": "128974", "values": [{"date": "2024-05-19-03-00-00", "alternatives": ["60", "68", "68"]}]}, {"location": {"country_code": "us", "region": "Pennsylvania", "city": "Philadelphia"}, "game_id": "128974", "values": [{"date": "2024-05-19-06-00-00", "alternatives": ["1", "1", "61"]}, {"date": "2024-05-19-06-00-00", "alternatives": ["1", "1", "61"]}]}, {"location": {"country_code": "es"}, "game_id": "128974", "values": [{"date": "2024-05-19-19-00-00", "alternatives": ["62", "62", "2"]}, {"date": "2024-05-19-16-00-00", "alternatives": ["68", "68", "8"]}, {"date": "2024-05-19-16-00-00", "alternatives": ["68", "68", "8"]}, {"date": "2024-05-19-16-00-00", "alternatives": ["68", "68", "8"]}]}, {"location": {"country_code": "sa"}, "game_id": "128974", "values": [{"date": "2024-05-19-23-00-00", "alternatives": ["142", "142", "121"]}, {"date": "2024-05-19-23-00-00", "alternatives": ["142", "142", "121"]}, {"date": "2024-05-19-04-00-00", "alternatives": ["89", "144", "89"]}, {"date": "2024-05-19-17-00-00", "alternatives": ["2", "109", "109"]}, {"date": "2024-05-19-17-00-00", "alternatives": ["2", "109", "109"]}, {"date": "2024-05-19-17-00-00", "alternatives": ["2", "109", "109"]}, {"date": "2024-05-20-00-00-00", "alternatives": ["2", "22", "22"]}, {"date": "2024-05-19-13-00-00", "alternatives": ["55", "55", "85"]}, {"date": "2024-05-20-01-00-00", "alternatives": ["3610", "173", "173"]}, {"date": "2024-05-20-01-00-00", "alternatives": ["3610", "173", "173"]}, {"date": "2024-05-19-21-00-00", "alternatives": ["92", "93", "92"]}, {"date": "2024-05-19-21-00-00", "alternatives": ["92", "93", "92"]}, {"date": "2024-05-19-21-00-00", "alternatives": ["92", "93", "92"]}, {"date": "2024-05-19-07-00-00", "alternatives": ["35", "36", "35"]}, {"date": "2024-05-19-07-00-00", "alternatives": ["35", "36", "35"]}, {"date": "2024-05-19-07-00-00", "alternatives": ["35", "36", "35"]}, {"date": "2024-05-19-07-00-00", "alternatives": ["35", "36", "35"]}, {"date": "2024-05-19-07-00-00", "alternatives": ["35", "36", "35"]}, {"date": "2024-05-19-07-00-00", "alternatives": ["35", "36", "35"]}, {"date": "2024-05-19-07-00-00", "alternatives": ["35", "36", "35"]}, {"date": "2024-05-19-07-00-00", "alternatives": ["35", "36", "35"]}, {"date": "2024-05-19-03-00-00", "alternatives": ["20", "214", "214"]}, {"date": "2024-05-19-03-00-00", "alternatives": ["20", "214", "214"]}]}, {"location": {"country_code": "ar"}, "game_id": "128974", "values": [{"date": "2024-05-19-22-00-00", "alternatives": ["80", "8", "80"]}, {"date": "2024-05-20-01-00-00", "alternatives": ["67", "67", "47"]}]}, {"location": {"country_code": "fi"}, "game_id": "128974", "values": [{"date": "2024-05-19-20-00-00", "alternatives": ["4", "8", "4"]}, {"date": "2024-05-19-20-00-00", "alternatives": ["4", "8", "4"]}, {"date": "2024-05-19-20-00-00", "alternatives": ["4", "8", "4"]}, {"date": "2024-05-19-20-00-00", "alternatives": ["4", "8", "4"]}, {"date": "2024-05-19-20-00-00", "alternatives": ["4", "8", "4"]}, {"date": "2024-05-19-20-00-00", "alternatives": ["4", "8", "4"]}, {"date": "2024-05-19-20-00-00", "alternatives": ["4", "8", "4"]}, {"date": "2024-05-19-17-00-00", "alternatives": ["36", "36", "35"]}, {"date": "2024-05-19-17-00-00", "alternatives": ["36", "36", "35"]}, {"date": "2024-05-19-17-00-00", "alternatives": ["36", "36", "35"]}, {"date": "2024-05-19-17-00-00", "alternatives": ["36", "36", "35"]}, {"date": "2024-05-19-17-00-00", "alternatives": ["36", "36", "35"]}, {"date": "2024-05-19-17-00-00", "alternatives": ["36", "36", "35"]}, {"date": "2024-05-19-17-00-00", "alternatives": ["36", "36", "35"]}, {"date": "2024-05-19-17-00-00", "alternatives": ["36", "36", "35"]}, {"date": "2024-05-19-17-00-00", "alternatives": ["36", "36", "35"]}, {"date": "2024-05-19-16-00-00", "alternatives": ["29", "29", "20"]}, {"date": "2024-05-20-00-00-00", "alternatives": ["24", "132", "24"]}, {"date": "2024-05-20-00-00-00", "alternatives": ["24", "132", "24"]}, {"date": "2024-05-20-00-00-00", "alternatives": ["24", "132", "24"]}, {"date": "2024-05-20-00-00-00", "alternatives": ["24", "132", "24"]}, {"date": "2024-05-20-00-00-00", "alternatives": ["24", "132", "24"]}]}, {"location": {"country_code": "us", "region": "Hawaii"}, "game_id": "128974", "values": [{"date": "2024-05-19-05-00-00", "alternatives": ["77", "97", "77"]}, {"date": "2024-05-19-05-00-00", "alternatives": ["77", "97", "77"]}, {"date": "2024-05-19-05-00-00", "alternatives": ["77", "97", "77"]}, {"date": "2024-05-19-05-00-00", "alternatives": ["77", "97", "77"]}, {"date": "2024-05-20-01-00-00", "alternatives": ["86", "85", "86"]}, {"date": "2024-05-19-10-00-00", "alternatives": ["79", "79", "20"]}]}, {"location": {"country_code": "ar", "region": "Buenos Aires F.D.", "city": "Bahia Blanca"}, "game_id": "128974", "values": [{"date": "2024-05-19-07-00-00", "alternatives": ["86", "74", "74"]}, {"date": "2024-05-19-07-00-00", "alternatives": ["86", "74", "74"]}, {"date": "2024-05-19-07-00-00", "alternatives": ["86", "74", "74"]}, {"date": "2024-05-19-07-00-00", "alternatives": ["86", "74", "74"]}]}, {"location": {"country_code": "ar", "region": "Buenos Aires"}, "game_id": "128974", "values": [{"date": "2024-05-19-13-00-00", "alternatives": ["63", "53", "63"]}]}, {"location": {"country_code": "us", "region": "Virginia"}, "game_id": "128974", "values": [{"date": "2024-05-19-22-00-00", "alternatives": ["63", "53", "53"]}, {"date": "2024-05-19-22-00-00", "alternatives": ["63", "53", "53"]}, {"date": "2024-05-19-22-00-00", "alternatives": ["63", "53", "53"]}, {"date": "2024-05-19-22-00-00", "alternatives": ["63", "53", "53"]}, {"date": "2024-05-19-22-00-00", "alternatives": ["63", "53", "53"]}]}, {"location": {"country_code": "jp", "region": "Tokyo"}, "game_id": "128974", "values": [{"date": "2024-05-19-10-00-00", "alternatives": ["205", "205", "206"]}, {"date": "2024-05-19-10-00-00", "alternatives": ["205", "205", "206"]}]}, {"location": {"country_code": "us", "region": "Texas", "city": "Houston"}, "game_id": "128974", "values": [{"date": "2024-05-20-00-00-00", "alternatives": ["58", "58", "53"]}, {"date": "2024-05-20-00-00-00", "alternatives": ["58", "58", "53"]}, {"date": "2024-05-20-00-00-00", "alternatives": ["58", "58", "53"]}, {"date": "2024-05-20-02-00-00", "alternatives": ["62", "62", "42"]}, {"date": "2024-05-20-02-00-00", "alternatives": ["62", "62", "42"]}, {"date": "2024-05-20-02-00-00", "alternatives": ["62", "62", "42"]}]}, {"location": {"country_code": "us", "region": "Michigan"}, "game_id": "128974", "values": [{"date": "2024-05-19-03-00-00", "alternatives": ["41", "4", "41"]}, {"date": "2024-05-19-03-00-00", "alternatives": ["41", "4", "41"]}, {"date": "2024-05-20-01-00-00", "alternatives": ["33", "38", "38"]}, {"date": "2024-05-20-01-00-00", "alternatives": ["33", "38", "38"]}]}, {"location": {"country_code": "us", "region": "Illinois", "city": "Chicago"}, "game_id": "128974", "values": [{"date": "2024-05-20-01-00-00", "alternatives": ["30", "6", "30"]}, {"date": "2024-05-20-01-00-00", "alternatives": ["30", "6", "30"]}, {"date": "2024-05-20-01-00-00", "alternatives": ["30", "6", "30"]}, {"date": "2024-05-20-01-00-00", "alternatives": ["30", "6", "30"]}, {"date": "2024-05-20-01-00-00", "alternatives": ["30", "6", "30"]}, {"date": "2024-05-20-01-00-00", "alternatives": ["30", "6", "30"]}, {"date": "2024-05-19-04-00-00", "alternatives": ["29", "29", "20"]}, {"date": "2024-05-19-04-00-00", "alternatives": ["29", "29", "20"]}, {"date": "2024-05-19-17-00-00", "alternatives": ["24", "24", "28"]}, {"date": "2024-05-19-07-00-00", "alternatives": ["1", "1", "16"]}]}, {"location": {"country_code": "hu"}, "game_id": "128974", "values": [{"date": "2024-05-19-03-00-00", "alternatives": ["52", "52", "62"]}, {"date": "2024-05-19-03-00-00", "alternatives": ["52", "52", "62"]}, {"date": "2024-05-19-03-00-00", "alternatives": ["52", "52", "62"]}, {"date": "2024-05-19-03-00-00", "alternatives": ["52", "52", "62"]}, {"date": "2024-05-19-03-00-00", "alternatives": ["52", "52", "62"]}]}, {"location": {"country_code": "us", "region": "Pennsylvania", "city": "Pittsburgh"}, "game_id": "128974", "values": [{"date": "2024-05-19-17-00-00", "alternatives": ["24", "24", "60"]}, {"date": "2024-05-19-17-00-00", "alternatives": ["24", "24", "60"]}, {"date": "2024-05-19-17-00-00", "alternatives": ["24", "24", "60"]}]}, {"location": {"country_code": "de", "region": "Bavaria"}, "game_id": "128974", "values": [{"date": "2024-05-19-21-00-00", "alternatives": ["2", "29", "29"]}, {"date": "2024-05-19-21-00-00", "alternatives": ["2", "29", "29"]}, {"date": "2024-05-19-21-00-00", "alternatives": ["2", "29", "29"]}, {"date": "2024-05-19-21-00-00", "alternatives": ["2", "29", "29"]}, {"date": "2024-05-19-21-00-00", "alternatives": ["2", "29", "29"]}, {"date": "2024-05-19-17-00-00", "alternatives": ["40", "4", "40"]}, {"date": "2024-05-19-17-00-00", "alternatives": ["40", "4", "40"]}, {"date": "2024-05-19-17-00-00", "alternatives": ["40", "4", "40"]}, {"date": "2024-05-19-17-00-00", "alternatives": ["40", "4", "40"]}, {"date": "2024-05-19-17-00-00", "alternatives": ["40", "4", "40"]}]}, {"location": {"country_code": "at"}, "game_id": "128974", "values": [{"date": "2024-05-19-16-00-00", "alternatives": ["7", "78", "78"]}]}, {"location": {"country_code": "us", "region": "Arizona"}, "game_id": "128974", "values": [{"date": "2024-05-20-00-00-00", "alternatives": ["78", "73", "78"]}, {"date": "2024-05-19-10-00-00", "alternatives": ["4", "40", "40"]}, {"date": "2024-05-19-10-00-00", "alternatives": ["4", "40", "40"]}]}, {"location": {"country_code": "us", "region": "Utah"}, "game_id": "128974", "values": [{"date": "2024-05-19-19-00-00", "alternatives": ["26", "86", "86"]}, {"date": "2024-05-19-19-00-00", "alternatives": ["26", "86", "86"]}]}, {"location": {"country_code": "us", "region": "California", "city": "Chula Vista"}, "game_id": "128974", "values": [{"date": "2024-05-19-07-00-00", "alternatives": ["31", "31", "3"]}, {"date": "2024-05-19-07-00-00", "alternatives": ["31", "31", "3"]}]}, {"location": {"country_code": "us", "region": "Puerto Rico"}, "game_id": "128974", "values": [{"date": "2024-05-19-04-00-00", "alternatives": ["1", "87", "87"]}, {"date": "2024-05-19-04-00-00", "alternatives": ["1", "87", "87"]}, {"date": "2024-05-20-02-00-00", "alternatives": ["144", "90", "90"]}, {"date": "2024-05-20-02-00-00", "alternatives": ["144", "90", "90"]}, {"date": "2024-05-20-01-00-00", "alternatives": ["1", "95", "95"]}, {"date": "2024-05-20-01-00-00", "alternatives": ["1", "95", "95"]}]}, {"location": {"country_code": "us", "region": "Puerto Rico", "city": "San Juan"}, "game_id": "128974", "values": [{"date": "2024-05-19-03-00-00", "alternatives": ["90", "90", "20"]}]}, {"location": {"country_code": "be"}, "game_id": "128974", "values": [{"date": "2024-05-19-11-00-00", "alternatives": ["2", "24", "24"]}, {"date": "2024-05-19-11-00-00", "alternatives": ["2", "24", "24"]}]}, {"location": {"country_code": "us", "region": "Nevada", "city": "Las Vegas"}, "game_id": "128974", "values": [{"date": "2024-05-20-00-00-00", "alternatives": ["406", "30", "30"]}, {"date": "2024-05-20-00-00-00", "alternatives": ["406", "30", "30"]}]}, {"location": {"country_code": "us", "region": "Georgia"}, "game_id": "128974", "values": [{"date": "2024-05-19-09-00-00", "alternatives": ["69", "61", "61"]}, {"date": "2024-05-19-09-00-00", "alternatives": ["69", "61", "61"]}, {"date": "2024-05-19-09-00-00", "alternatives": ["69", "61", "61"]}, {"date": "2024-05-19-09-00-00", "alternatives": ["69", "61", "61"]}]}, {"location": {"country_code": "ie"}, "game_id": "128974", "values": [{"date": "2024-05-19-21-00-00", "alternatives": ["38", "3", "38"]}, {"date": "2024-05-19-21-00-00", "alternatives": ["38", "3", "38"]}, {"date": "2024-05-19-21-00-00", "alternatives": ["38", "3", "38"]}, {"date": "2024-05-19-21-00-00", "alternatives": ["38", "3", "38"]}, {"date": "2024-05-19-21-00-00", "alternatives": ["38", "3", "38"]}, {"date": "2024-05-19-21-00-00", "alternatives": ["38", "3", "38"]}, {"date": "2024-05-19-21-00-00", "alternatives": ["38", "3", "38"]}]}, {"location": {"country_code": "pe"}, "game_id": "128974", "values": [{"date": "2024-05-20-01-00-00", "alternatives": ["0", "120", "120"]}, {"date": "2024-05-20-02-00-00", "alternatives": ["680", "122", "122"]}]}, {"location": {"country_code": "ua"}, "game_id": "128974", "values": [{"date": "2024-05-19-11-00-00", "alternatives": ["63", "63", "53"]}]}, {"location": {"country_code": "es", "region": "Canary Islands", "city": "Santa Cruz de la Palma"}, "game_id": "128974", "values": [{"date": "2024-05-19-18-00-00", "alternatives": ["6", "66", "66"]}, {"date": "2024-05-19-18-00-00", "alternatives": ["6", "66", "66"]}, {"date": "2024-05-19-18-00-00", "alternatives": ["6", "66", "66"]}, {"date": "2024-05-19-18-00-00", "alternatives": ["6", "66", "66"]}, {"date": "2024-05-19-18-00-00", "alternatives": ["6", "66", "66"]}]}, {"location": {"country_code": "sg"}, "game_id": "128974", "values": [{"date": "2024-05-19-17-00-00", "alternatives": ["2", "22", "22"]}, {"date": "2024-05-19-17-00-00", "alternatives": ["2", "22", "22"]}, {"date": "2024-05-19-15-00-00", "alternatives": ["19", "9", "19"]}, {"date": "2024-05-19-17-00-00", "alternatives": ["1", "1", "16"]}, {"date": "2024-05-19-17-00-00", "alternatives": ["1", "1", "16"]}, {"date": "2024-05-19-17-00-00", "alternatives": ["1", "1", "16"]}, {"date": "2024-05-19-17-00-00", "alternatives": ["1", "1", "16"]}]}, {"location": {"country_code": "us", "region": "District of Columbia", "city": "Washington"}, "game_id": "128974", "values": [{"date": "2024-05-19-19-00-00", "alternatives": ["38", "38", "36"]}, {"date": "2024-05-19-08-00-00", "alternatives": ["5", "65", "65"]}, {"date": "2024-05-19-08-00-00", "alternatives": ["5", "65", "65"]}, {"date": "2024-05-19-03-00-00", "alternatives": ["3", "63", "63"]}, {"date": "2024-05-19-03-00-00", "alternatives": ["3", "63", "63"]}, {"date": "2024-05-20-02-00-00", "alternatives": ["640", "49", "49"]}, {"date": "2024-05-19-10-00-00", "alternatives": ["57", "57", "7"]}, {"date": "2024-05-19-10-00-00", "alternatives": ["57", "57", "7"]}]}, {"location": {"country_code": "do"}, "game_id": "128974", "values": [{"date": "2024-05-19-07-00-00", "alternatives": ["237", "99", "99"]}, {"date": "2024-05-19-07-00-00", "alternatives": ["237", "99", "99"]}, {"date": "2024-05-19-07-00-00", "alternatives": ["237", "99", "99"]}, {"date": "2024-05-19-07-00-00", "alternatives": ["237", "99", "99"]}, {"date": "2024-05-19-05-00-00", "alternatives": ["22", "72", "72"]}, {"date": "2024-05-19-07-00-00", "alternatives": ["41", "41", "24"]}, {"date": "2024-05-19-07-00-00", "alternatives": ["41", "41", "24"]}, {"date": "2024-05-19-07-00-00", "alternatives": ["41", "41", "24"]}, {"date": "2024-05-19-07-00-00", "alternatives": ["41", "41", "24"]}, {"date": "2024-05-19-07-00-00", "alternatives": ["41", "41", "24"]}, {"date": "2024-05-19-07-00-00", "alternatives": ["41", "41", "24"]}, {"date": "2024-05-19-07-00-00", "alternatives": ["41", "41", "24"]}, {"date": "2024-05-19-07-00-00", "alternatives": ["41", "41", "24"]}, {"date": "2024-05-19-07-00-00", "alternatives": ["41", "41", "24"]}, {"date": "2024-05-19-07-00-00", "alternatives": ["41", "41", "24"]}]}, {"location": {"country_code": "ru"}, "game_id": "128974", "values": [{"date": "2024-05-19-15-00-00", "alternatives": ["3", "3", "20"]}]}, {"location": {"country_code": "my"}, "game_id": "128974", "values": [{"date": "2024-05-19-18-00-00", "alternatives": ["3", "31", "31"]}, {"date": "2024-05-19-18-00-00", "alternatives": ["3", "31", "31"]}, {"date": "2024-05-19-18-00-00", "alternatives": ["3", "31", "31"]}, {"date": "2024-05-19-18-00-00", "alternatives": ["3", "31", "31"]}, {"date": "2024-05-19-18-00-00", "alternatives": ["3", "31", "31"]}, {"date": "2024-05-19-18-00-00", "alternatives": ["3", "31", "31"]}, {"date": "2024-05-19-10-00-00", "alternatives": [35, 38, 35, 35]}, {"date": "2024-05-19-13-00-00", "alternatives": ["2", "27", "27"]}, {"date": "2024-05-20-00-00-00", "alternatives": ["8", "83", "83"]}]}, {"location": {"country_code": "us", "region": "Minnesota", "city": "Minneapolis"}, "game_id": "128974", "values": [{"date": "2024-05-19-03-00-00", "alternatives": ["47", "147", "47"]}, {"date": "2024-05-19-03-00-00", "alternatives": ["47", "147", "47"]}, {"date": "2024-05-19-03-00-00", "alternatives": ["47", "147", "47"]}, {"date": "2024-05-19-03-00-00", "alternatives": ["47", "147", "47"]}]}, {"location": {"country_code": "us", "region": "Hawaii", "city": "Kapolei"}, "game_id": "128974", "values": [{"date": "2024-05-19-05-00-00", "alternatives": ["1023", "87", "87"]}]}, {"location": {"country_code": "id"}, "game_id": "128974", "values": [{"date": "2024-05-19-18-00-00", "alternatives": ["64", "64", "8"]}, {"date": "2024-05-19-18-00-00", "alternatives": ["64", "64", "8"]}, {"date": "2024-05-19-18-00-00", "alternatives": ["64", "64", "8"]}, {"date": "2024-05-19-09-00-00", "alternatives": ["34", "34", "24"]}]}, {"location": {"country_code": "us", "region": "Wisconsin"}, "game_id": "128974", "values": [{"date": "2024-05-20-01-00-00", "alternatives": ["4", "49", "49"]}, {"date": "2024-05-20-01-00-00", "alternatives": ["4", "49", "49"]}, {"date": "2024-05-20-01-00-00", "alternatives": ["4", "49", "49"]}, {"date": "2024-05-20-01-00-00", "alternatives": ["4", "49", "49"]}, {"date": "2024-05-20-01-00-00", "alternatives": ["4", "49", "49"]}, {"date": "2024-05-20-01-00-00", "alternatives": ["4", "49", "49"]}, {"date": "2024-05-20-01-00-00", "alternatives": ["33", "38", "38"]}]}, {"location": {"country_code": "us", "region": "Pennsylvania"}, "game_id": "128974", "values": [{"date": "2024-05-19-08-00-00", "alternatives": ["55", "0", "55"]}, {"date": "2024-05-19-08-00-00", "alternatives": ["55", "0", "55"]}, {"date": "2024-05-19-08-00-00", "alternatives": ["55", "0", "55"]}, {"date": "2024-05-19-08-00-00", "alternatives": ["55", "0", "55"]}]}, {"location": {"country_code": "sk"}, "game_id": "128974", "values": [{"date": "2024-05-19-19-00-00", "alternatives": ["1", "41", "41"]}]}, {"location": {"country_code": "pt"}, "game_id": "128974", "values": [{"date": "2024-05-19-13-00-00", "alternatives": ["55", "55", "5"]}, {"date": "2024-05-19-13-00-00", "alternatives": ["55", "55", "5"]}, {"date": "2024-05-19-13-00-00", "alternatives": ["55", "55", "5"]}, {"date": "2024-05-19-13-00-00", "alternatives": ["55", "55", "5"]}, {"date": "2024-05-19-13-00-00", "alternatives": ["55", "55", "5"]}, {"date": "2024-05-19-13-00-00", "alternatives": ["55", "55", "5"]}, {"date": "2024-05-19-13-00-00", "alternatives": ["55", "55", "5"]}, {"date": "2024-05-19-13-00-00", "alternatives": ["55", "55", "5"]}, {"date": "2024-05-19-13-00-00", "alternatives": ["55", "55", "5"]}, {"date": "2024-05-19-13-00-00", "alternatives": ["55", "55", "5"]}]}, {"location": {"country_code": "br", "region": "State of Rio de Janeiro", "city": "Angra dos Reis"}, "game_id": "128974", "values": [{"date": "2024-05-19-18-00-00", "alternatives": ["23", "123", "123"]}, {"date": "2024-05-19-18-00-00", "alternatives": ["23", "123", "123"]}, {"date": "2024-05-19-18-00-00", "alternatives": ["23", "123", "123"]}, {"date": "2024-05-19-18-00-00", "alternatives": ["23", "123", "123"]}]}, {"location": {"country_code": "fr", "region": "Aquitania-Limosino-Poitou-Charentes"}, "game_id": "128974", "values": [{"date": "2024-05-19-10-00-00", "alternatives": ["36", "36", "23"]}, {"date": "2024-05-19-10-00-00", "alternatives": ["36", "36", "23"]}, {"date": "2024-05-19-10-00-00", "alternatives": ["36", "36", "23"]}, {"date": "2024-05-20-01-00-00", "alternatives": ["86", "85", "85"]}, {"date": "2024-05-20-01-00-00", "alternatives": ["86", "85", "85"]}, {"date": "2024-05-20-01-00-00", "alternatives": ["86", "85", "85"]}, {"date": "2024-05-20-01-00-00", "alternatives": ["86", "85", "85"]}, {"date": "2024-05-20-01-00-00", "alternatives": ["86", "85", "85"]}, {"date": "2024-05-20-01-00-00", "alternatives": ["86", "85", "85"]}]}, {"location": {"country_code": "es", "region": "Andalusia", "city": "Seville"}, "game_id": "128974", "values": [{"date": "2024-05-20-01-00-00", "alternatives": ["57", "87", "87"]}, {"date": "2024-05-20-01-00-00", "alternatives": ["57", "87", "87"]}, {"date": "2024-05-20-01-00-00", "alternatives": ["57", "87", "87"]}]}, {"location": {"country_code": "us", "region": "Kentucky"}, "game_id": "128974", "values": [{"date": "2024-05-20-01-00-00", "alternatives": ["51", "51", "1"]}, {"date": "2024-05-19-06-00-00", "alternatives": ["60", "60", "40"]}, {"date": "2024-05-20-02-00-00", "alternatives": ["3", "32", "32"]}]}, {"location": {"country_code": "us", "region": "Minnesota"}, "game_id": "128974", "values": [{"date": "2024-05-20-00-00-00", "alternatives": ["4", "43", "43"]}, {"date": "2024-05-20-00-00-00", "alternatives": ["4", "43", "43"]}, {"date": "2024-05-20-00-00-00", "alternatives": ["4", "43", "43"]}, {"date": "2024-05-20-00-00-00", "alternatives": ["4", "43", "43"]}]}, {"location": {"country_code": "us", "region": "Tennessee"}, "game_id": "128974", "values": [{"date": "2024-05-20-01-00-00", "alternatives": ["78", "79", "78"]}, {"date": "2024-05-19-09-00-00", "alternatives": ["0", "0", "50"]}, {"date": "2024-05-19-09-00-00", "alternatives": ["0", "0", "50"]}]}, {"location": {"country_code": "fr", "region": "Ile-de-France Region"}, "game_id": "128974", "values": [{"date": "2024-05-20-01-00-00", "alternatives": ["3", "3", "34"]}, {"date": "2024-05-20-01-00-00", "alternatives": ["3", "3", "34"]}, {"date": "2024-05-20-01-00-00", "alternatives": ["3", "3", "34"]}, {"date": "2024-05-20-01-00-00", "alternatives": ["3", "3", "34"]}, {"date": "2024-05-20-01-00-00", "alternatives": ["3", "3", "34"]}, {"date": "2024-05-20-01-00-00", "alternatives": ["3", "3", "34"]}]}, {"location": {"country_code": "us", "region": "Oklahoma", "city": "Tulsa"}, "game_id": "128974", "values": [{"date": "2024-05-19-04-00-00", "alternatives": ["49", "0", "49"]}]}, {"location": {"country_code": "us", "region": "Louisiana", "city": "New Orleans"}, "game_id": "128974", "values": [{"date": "2024-05-19-22-00-00", "alternatives": ["59", "69", "59"]}, {"date": "2024-05-19-22-00-00", "alternatives": ["59", "69", "59"]}, {"date": "2024-05-19-22-00-00", "alternatives": ["59", "69", "59"]}]}, {"location": {"country_code": "cn", "region": "Hong Kong"}, "game_id": "128974", "values": [{"date": "2024-05-19-15-00-00", "alternatives": ["31", "31", "1"]}, {"date": "2024-05-19-15-00-00", "alternatives": ["31", "31", "1"]}, {"date": "2024-05-19-12-00-00", "alternatives": ["35", "3", "35"]}, {"date": "2024-05-19-12-00-00", "alternatives": ["35", "3", "35"]}, {"date": "2024-05-19-12-00-00", "alternatives": ["35", "3", "35"]}, {"date": "2024-05-19-12-00-00", "alternatives": ["35", "3", "35"]}]}, {"location": {"country_code": "mx", "region": "Aguascalientes"}, "game_id": "128974", "values": [{"date": "2024-05-19-21-00-00", "alternatives": ["835", "835", "82"]}, {"date": "2024-05-19-21-00-00", "alternatives": ["835", "835", "82"]}]}, {"location": {"country_code": "sv"}, "game_id": "128974", "values": [{"date": "2024-05-19-05-00-00", "alternatives": ["87", "37", "87"]}, {"date": "2024-05-19-05-00-00", "alternatives": ["87", "37", "87"]}]}, {"location": {"country_code": "fr", "region": "Alvernia-Rodano-Alpi", "city": "Mars"}, "game_id": "128974", "values": [{"date": "2024-05-20-01-00-00", "alternatives": ["4", "44", "44"]}, {"date": "2024-05-20-01-00-00", "alternatives": ["4", "44", "44"]}, {"date": "2024-05-20-01-00-00", "alternatives": ["4", "44", "44"]}, {"date": "2024-05-20-01-00-00", "alternatives": ["4", "44", "44"]}]}, {"location": {"country_code": "ca", "region": "Quebec", "city": "Montreal"}, "game_id": "128974", "values": [{"date": "2024-05-19-09-00-00", "alternatives": ["47", "47", "4"]}, {"date": "2024-05-19-09-00-00", "alternatives": ["47", "47", "4"]}]}, {"location": {"country_code": "us", "region": "Massachusetts", "city": "Boston"}, "game_id": "128974", "values": [{"date": "2024-05-19-10-00-00", "alternatives": ["8", "78", "78"]}, {"date": "2024-05-19-10-00-00", "alternatives": ["8", "78", "78"]}, {"date": "2024-05-19-10-00-00", "alternatives": ["8", "78", "78"]}]}, {"location": {"country_code": "us", "region": "Arizona", "city": "Phoenix"}, "game_id": "128974", "values": [{"date": "2024-05-19-05-00-00", "alternatives": ["79", "2", "79"]}, {"date": "2024-05-19-10-00-00", "alternatives": ["83", "33", "33"]}, {"date": "2024-05-19-10-00-00", "alternatives": ["83", "33", "33"]}, {"date": "2024-05-19-10-00-00", "alternatives": ["83", "33", "33"]}, {"date": "2024-05-19-10-00-00", "alternatives": ["83", "33", "33"]}, {"date": "2024-05-19-10-00-00", "alternatives": ["83", "33", "33"]}]}, {"location": {"country_code": "kw"}, "game_id": "128974", "values": [{"date": "2024-05-19-19-00-00", "alternatives": ["57", "75", "75"]}, {"date": "2024-05-19-19-00-00", "alternatives": ["57", "75", "75"]}, {"date": "2024-05-19-19-00-00", "alternatives": ["57", "75", "75"]}, {"date": "2024-05-19-19-00-00", "alternatives": ["57", "75", "75"]}, {"date": "2024-05-19-19-00-00", "alternatives": ["57", "75", "75"]}, {"date": "2024-05-19-19-00-00", "alternatives": ["57", "75", "75"]}, {"date": "2024-05-19-22-00-00", "alternatives": ["22", "107", "22"]}, {"date": "2024-05-19-22-00-00", "alternatives": ["22", "107", "22"]}, {"date": "2024-05-19-22-00-00", "alternatives": ["22", "107", "22"]}]}, {"location": {"country_code": "us", "region": "State of Maine"}, "game_id": "128974", "values": [{"date": "2024-05-19-21-00-00", "alternatives": ["9", "59", "9"]}, {"date": "2024-05-19-21-00-00", "alternatives": ["9", "59", "9"]}]}, {"location": {"country_code": "pk"}, "game_id": "128974", "values": [{"date": "2024-05-19-18-00-00", "alternatives": ["32", "39", "39"]}, {"date": "2024-05-19-18-00-00", "alternatives": ["32", "39", "39"]}, {"date": "2024-05-19-18-00-00", "alternatives": ["32", "39", "39"]}, {"date": "2024-05-19-18-00-00", "alternatives": ["32", "39", "39"]}]}, {"location": {"country_code": "ca", "region": "British Columbia", "city": "Richmond"}, "game_id": "128974", "values": [{"date": "2024-05-20-00-00-00", "alternatives": ["86", "36", "86"]}, {"date": "2024-05-20-00-00-00", "alternatives": ["86", "36", "86"]}, {"date": "2024-05-20-00-00-00", "alternatives": ["86", "36", "86"]}]}, {"location": {"country_code": "us", "region": "Texas", "city": "Irving"}, "game_id": "128974", "values": [{"date": "2024-05-19-07-00-00", "alternatives": ["70", "52", "52"]}, {"date": "2024-05-19-07-00-00", "alternatives": ["70", "52", "52"]}]}, {"location": {"country_code": "us", "region": "Georgia", "city": "Atlanta"}, "game_id": "128974", "values": [{"date": "2024-05-19-10-00-00", "alternatives": ["9", "59", "9"]}, {"date": "2024-05-19-09-00-00", "alternatives": ["59", "59", "69"]}, {"date": "2024-05-19-09-00-00", "alternatives": ["59", "59", "69"]}, {"date": "2024-05-19-09-00-00", "alternatives": ["59", "59", "69"]}, {"date": "2024-05-19-09-00-00", "alternatives": ["59", "59", "69"]}, {"date": "2024-05-19-09-00-00", "alternatives": ["59", "59", "69"]}, {"date": "2024-05-19-09-00-00", "alternatives": ["59", "59", "69"]}, {"date": "2024-05-19-09-00-00", "alternatives": ["59", "59", "69"]}]}, {"location": {"country_code": "au", "region": "Victoria"}, "game_id": "128974", "values": [{"date": "2024-05-19-14-00-00", "alternatives": ["2", "30", "30"]}]}, {"location": {"country_code": "us", "region": "State of Wyoming"}, "game_id": "128974", "values": [{"date": "2024-05-19-04-00-00", "alternatives": ["95", "95", "25"]}, {"date": "2024-05-19-04-00-00", "alternatives": ["95", "95", "25"]}, {"date": "2024-05-19-04-00-00", "alternatives": ["95", "95", "25"]}]}, {"location": {"country_code": "ca", "region": "British Columbia"}, "game_id": "128974", "values": [{"date": "2024-05-19-23-00-00", "alternatives": ["6", "8", "8"]}, {"date": "2024-05-19-23-00-00", "alternatives": ["6", "8", "8"]}]}, {"location": {"country_code": "us", "region": "Rhode Island"}, "game_id": "128974", "values": [{"date": "2024-05-19-16-00-00", "alternatives": ["46", "45", "46"]}]}, {"location": {"country_code": "es", "region": "Madrid"}, "game_id": "128974", "values": [{"date": "2024-05-19-22-00-00", "alternatives": ["7", "42", "42"]}, {"date": "2024-05-19-22-00-00", "alternatives": ["7", "42", "42"]}, {"date": "2024-05-19-22-00-00", "alternatives": ["7", "42", "42"]}, {"date": "2024-05-19-22-00-00", "alternatives": ["7", "42", "42"]}, {"date": "2024-05-19-22-00-00", "alternatives": ["7", "42", "42"]}, {"date": "2024-05-19-22-00-00", "alternatives": ["7", "42", "42"]}, {"date": "2024-05-19-22-00-00", "alternatives": ["7", "42", "42"]}, {"date": "2024-05-19-22-00-00", "alternatives": ["7", "42", "42"]}, {"date": "2024-05-19-22-00-00", "alternatives": ["7", "42", "42"]}, {"date": "2024-05-19-22-00-00", "alternatives": ["7", "42", "42"]}, {"date": "2024-05-19-22-00-00", "alternatives": ["7", "42", "42"]}, {"date": "2024-05-19-22-00-00", "alternatives": ["7", "42", "42"]}, {"date": "2024-05-19-22-00-00", "alternatives": ["7", "42", "42"]}]}, {"location": {"country_code": "us", "region": "Florida", "city": "Tampa"}, "game_id": "128974", "values": [{"date": "2024-05-19-06-00-00", "alternatives": ["85", "8", "85"]}]}, {"location": {"country_code": "ca", "region": "Alberta", "city": "Calgary"}, "game_id": "128974", "values": [{"date": "2024-05-20-00-00-00", "alternatives": ["3", "53", "53"]}, {"date": "2024-05-20-00-00-00", "alternatives": ["3", "53", "53"]}, {"date": "2024-05-20-00-00-00", "alternatives": ["3", "53", "53"]}, {"date": "2024-05-20-00-00-00", "alternatives": ["3", "53", "53"]}, {"date": "2024-05-20-00-00-00", "alternatives": ["3", "53", "53"]}]}, {"location": {"country_code": "rs", "region": "Central Serbia", "city": "Belgrade"}, "game_id": "128974", "values": [{"date": "2024-05-19-20-00-00", "alternatives": ["69", "69", "89"]}, {"date": "2024-05-19-20-00-00", "alternatives": ["69", "69", "89"]}, {"date": "2024-05-19-20-00-00", "alternatives": ["69", "69", "89"]}, {"date": "2024-05-19-20-00-00", "alternatives": ["69", "69", "89"]}, {"date": "2024-05-19-20-00-00", "alternatives": ["69", "69", "89"]}, {"date": "2024-05-19-20-00-00", "alternatives": ["69", "69", "89"]}]}, {"location": {"country_code": "bg"}, "game_id": "128974", "values": [{"date": "2024-05-19-17-00-00", "alternatives": ["48", "48", "483"]}, {"date": "2024-05-19-17-00-00", "alternatives": ["48", "48", "483"]}, {"date": "2024-05-19-17-00-00", "alternatives": ["48", "48", "483"]}, {"date": "2024-05-19-17-00-00", "alternatives": ["48", "48", "483"]}, {"date": "2024-05-19-17-00-00", "alternatives": ["48", "48", "483"]}, {"date": "2024-05-19-17-00-00", "alternatives": ["48", "48", "483"]}, {"date": "2024-05-19-18-00-00", "alternatives": ["55", "56", "55"]}, {"date": "2024-05-19-18-00-00", "alternatives": ["55", "56", "55"]}, {"date": "2024-05-19-18-00-00", "alternatives": ["55", "56", "55"]}, {"date": "2024-05-19-18-00-00", "alternatives": ["55", "56", "55"]}, {"date": "2024-05-19-18-00-00", "alternatives": ["55", "56", "55"]}, {"date": "2024-05-19-18-00-00", "alternatives": ["55", "56", "55"]}, {"date": "2024-05-19-18-00-00", "alternatives": ["55", "56", "55"]}, {"date": "2024-05-19-18-00-00", "alternatives": ["55", "56", "55"]}, {"date": "2024-05-19-18-00-00", "alternatives": ["55", "56", "55"]}, {"date": "2024-05-19-18-00-00", "alternatives": ["55", "56", "55"]}, {"date": "2024-05-19-18-00-00", "alternatives": ["55", "56", "55"]}, {"date": "2024-05-19-18-00-00", "alternatives": ["55", "56", "55"]}, {"date": "2024-05-19-18-00-00", "alternatives": ["55", "56", "55"]}, {"date": "2024-05-19-18-00-00", "alternatives": ["55", "56", "55"]}, {"date": "2024-05-19-18-00-00", "alternatives": ["55", "56", "55"]}, {"date": "2024-05-19-18-00-00", "alternatives": ["55", "56", "55"]}, {"date": "2024-05-19-18-00-00", "alternatives": ["55", "56", "55"]}, {"date": "2024-05-19-18-00-00", "alternatives": ["55", "56", "55"]}, {"date": "2024-05-19-18-00-00", "alternatives": ["55", "56", "55"]}]}, {"location": {"country_code": "us", "region": "California", "city": "Ojai"}, "game_id": "128974", "values": [{"date": "2024-05-20-00-00-00", "alternatives": ["29", "0", "29"]}]}, {"location": {"country_code": "th", "region": "Bangkok", "city": "Bangkok"}, "game_id": "128974", "values": [{"date": "2024-05-19-15-00-00", "alternatives": ["31", "31", "1"]}, {"date": "2024-05-19-15-00-00", "alternatives": ["31", "31", "1"]}, {"date": "2024-05-19-15-00-00", "alternatives": ["31", "31", "1"]}]}, {"location": {"country_code": "us", "region": "Oregon"}, "game_id": "128974", "values": [{"date": "2024-05-19-03-00-00", "alternatives": ["42", "62", "62"]}]}, {"location": {"country_code": "jp", "region": "Okinawa"}, "game_id": "128974", "values": [{"date": "2024-05-19-15-00-00", "alternatives": ["55", "55", "25"]}, {"date": "2024-05-19-15-00-00", "alternatives": ["55", "55", "25"]}]}, {"location": {"country_code": "dj"}, "game_id": "128974", "values": [{"date": "2024-05-20-00-00-00", "alternatives": ["76", "7", "76"]}, {"date": "2024-05-20-00-00-00", "alternatives": ["76", "7", "76"]}, {"date": "2024-05-20-00-00-00", "alternatives": ["76", "7", "76"]}, {"date": "2024-05-20-00-00-00", "alternatives": ["76", "7", "76"]}, {"date": "2024-05-20-00-00-00", "alternatives": ["76", "7", "76"]}, {"date": "2024-05-20-00-00-00", "alternatives": ["76", "7", "76"]}]}, {"location": {"country_code": "ru", "region": "Krasnoyarsk Krai", "city": "Norilsk"}, "game_id": "128974", "values": [{"date": "2024-05-19-21-00-00", "alternatives": ["30", "80", "30"]}, {"date": "2024-05-19-21-00-00", "alternatives": ["30", "80", "30"]}, {"date": "2024-05-19-21-00-00", "alternatives": ["30", "80", "30"]}, {"date": "2024-05-19-21-00-00", "alternatives": ["30", "80", "30"]}, {"date": "2024-05-19-21-00-00", "alternatives": ["30", "80", "30"]}]}, {"location": {"country_code": "us", "region": "Ohio", "city": "Columbus"}, "game_id": "128974", "values": [{"date": "2024-05-19-04-00-00", "alternatives": ["3", "53", "3"]}, {"date": "2024-05-19-04-00-00", "alternatives": ["3", "53", "3"]}]}, {"location": {"country_code": "us", "region": "Ohio", "city": "Dayton"}, "game_id": "128974", "values": [{"date": "2024-05-19-13-00-00", "alternatives": ["40", "40", "48"]}, {"date": "2024-05-19-13-00-00", "alternatives": ["40", "40", "48"]}, {"date": "2024-05-19-13-00-00", "alternatives": ["40", "40", "48"]}, {"date": "2024-05-19-13-00-00", "alternatives": ["40", "40", "48"]}, {"date": "2024-05-19-13-00-00", "alternatives": ["40", "40", "48"]}]}, {"location": {"country_code": "es", "region": "Andalusia"}, "game_id": "128974", "values": [{"date": "2024-05-19-22-00-00", "alternatives": ["22", "49", "49"]}, {"date": "2024-05-19-22-00-00", "alternatives": ["22", "49", "49"]}]}, {"location": {"country_code": "no", "region": "Oslo Fylke", "city": "Oslo"}, "game_id": "128974", "values": [{"date": "2024-05-20-01-00-00", "alternatives": ["43", "3", "43"]}, {"date": "2024-05-20-01-00-00", "alternatives": ["43", "3", "43"]}, {"date": "2024-05-20-01-00-00", "alternatives": ["43", "3", "43"]}, {"date": "2024-05-20-01-00-00", "alternatives": ["43", "3", "43"]}]}, {"location": {"country_code": "ro", "region": "Bucharest"}, "game_id": "128974", "values": [{"date": "2024-05-19-20-00-00", "alternatives": ["72", "75", "72"]}, {"date": "2024-05-19-20-00-00", "alternatives": ["72", "75", "72"]}, {"date": "2024-05-19-20-00-00", "alternatives": ["72", "75", "72"]}, {"date": "2024-05-19-20-00-00", "alternatives": ["72", "75", "72"]}, {"date": "2024-05-19-20-00-00", "alternatives": ["72", "75", "72"]}]}, {"location": {"country_code": "fr", "region": "Centre-Val de Loire"}, "game_id": "128974", "values": [{"date": "2024-05-19-06-00-00", "alternatives": ["4", "4", "44"]}, {"date": "2024-05-19-06-00-00", "alternatives": ["4", "4", "44"]}, {"date": "2024-05-19-06-00-00", "alternatives": ["4", "4", "44"]}, {"date": "2024-05-19-06-00-00", "alternatives": ["4", "4", "44"]}, {"date": "2024-05-19-06-00-00", "alternatives": ["4", "4", "44"]}]}, {"location": {"country_code": "pt", "region": "Northern Mariana Islands", "city": "Porto"}, "game_id": "128974", "values": [{"date": "2024-05-20-01-00-00", "alternatives": ["56", "56", "6"]}, {"date": "2024-05-20-01-00-00", "alternatives": ["56", "56", "6"]}, {"date": "2024-05-20-01-00-00", "alternatives": ["56", "56", "6"]}]}, {"location": {"country_code": "us", "region": "Texas", "city": "San Antonio"}, "game_id": "128974", "values": [{"date": "2024-05-19-07-00-00", "alternatives": ["4", "46", "46"]}, {"date": "2024-05-19-07-00-00", "alternatives": ["4", "46", "46"]}]}, {"location": {"country_code": "gb", "region": "Scotland", "city": "Glasgow"}, "game_id": "128974", "values": [{"date": "2024-05-19-18-00-00", "alternatives": ["23", "54", "54"]}]}, {"location": {"country_code": "us", "region": "New York", "city": "Buffalo"}, "game_id": "128974", "values": [{"date": "2024-05-19-07-00-00", "alternatives": ["4", "43", "43"]}, {"date": "2024-05-19-07-00-00", "alternatives": ["4", "43", "43"]}]}, {"location": {"country_code": "fr", "region": "Alsazia-Champagne-Ardenne-Lorena", "city": "Metz"}, "game_id": "128974", "values": [{"date": "2024-05-19-20-00-00", "alternatives": ["8", "25", "25"]}]}, {"location": {"country_code": "es", "region": "Valencia", "city": "Gandia"}, "game_id": "128974", "values": [{"date": "2024-05-20-01-00-00", "alternatives": ["62", "01", "62"]}, {"date": "2024-05-20-01-00-00", "alternatives": ["62", "01", "62"]}]}, {"location": {"country_code": "gb", "region": "Wales"}, "game_id": "128974", "values": [{"date": "2024-05-20-00-00-00", "alternatives": ["36", "26", "26"]}, {"date": "2024-05-20-00-00-00", "alternatives": ["36", "26", "26"]}]}, {"location": {"country_code": "mx", "region": "Tlaxcala"}, "game_id": "128974", "values": [{"date": "2024-05-19-20-00-00", "alternatives": ["54", "4", "54"]}]}, {"location": {"country_code": "ae"}, "game_id": "128974", "values": [{"date": "2024-05-19-15-00-00", "alternatives": ["28", "0", "28"]}, {"date": "2024-05-19-15-00-00", "alternatives": ["28", "0", "28"]}, {"date": "2024-05-19-15-00-00", "alternatives": ["0", "30", "30"]}, {"date": "2024-05-19-15-00-00", "alternatives": ["0", "30", "30"]}, {"date": "2024-05-19-15-00-00", "alternatives": ["0", "30", "30"]}]}, {"location": {"country_code": "us", "region": "Ohio", "city": "Akron"}, "game_id": "128974", "values": [{"date": "2024-05-19-19-00-00", "alternatives": ["51", "51", "1"]}]}, {"location": {"country_code": "fr", "region": "Brittany Region"}, "game_id": "128974", "values": [{"date": "2024-05-20-01-00-00", "alternatives": ["40", "43", "43"]}, {"date": "2024-05-20-01-00-00", "alternatives": ["40", "43", "43"]}, {"date": "2024-05-20-01-00-00", "alternatives": ["40", "43", "43"]}, {"date": "2024-05-20-01-00-00", "alternatives": ["40", "43", "43"]}]}, {"location": {"country_code": "sa", "region": "Mecca Region", "city": "Jeddah"}, "game_id": "128974", "values": [{"date": "2024-05-19-22-00-00", "alternatives": ["121", "845", "121"]}]}, {"location": {"country_code": "jo"}, "game_id": "128974", "values": [{"date": "2024-05-19-18-00-00", "alternatives": ["92", "92", "22"]}, {"date": "2024-05-19-18-00-00", "alternatives": ["92", "92", "22"]}]}, {"location": {"country_code": "be", "region": "Flemish Brabant Province", "city": "Leuven"}, "game_id": "128974", "values": [{"date": "2024-05-20-01-00-00", "alternatives": ["25", "25", "26"]}, {"date": "2024-05-20-01-00-00", "alternatives": ["25", "25", "26"]}, {"date": "2024-05-20-01-00-00", "alternatives": ["25", "25", "26"]}]}, {"location": {"country_code": "gm", "region": "Western"}, "game_id": "128974", "values": [{"date": "2024-05-19-06-00-00", "alternatives": ["66", "6", "66"]}, {"date": "2024-05-19-06-00-00", "alternatives": ["66", "6", "66"]}, {"date": "2024-05-19-06-00-00", "alternatives": ["66", "6", "66"]}, {"date": "2024-05-19-06-00-00", "alternatives": ["66", "6", "66"]}, {"date": "2024-05-19-06-00-00", "alternatives": ["66", "6", "66"]}, {"date": "2024-05-19-06-00-00", "alternatives": ["66", "6", "66"]}, {"date": "2024-05-19-06-00-00", "alternatives": ["66", "6", "66"]}, {"date": "2024-05-19-06-00-00", "alternatives": ["66", "6", "66"]}, {"date": "2024-05-19-06-00-00", "alternatives": ["66", "6", "66"]}, {"date": "2024-05-19-06-00-00", "alternatives": ["66", "6", "66"]}, {"date": "2024-05-19-06-00-00", "alternatives": ["66", "6", "66"]}, {"date": "2024-05-19-06-00-00", "alternatives": ["66", "6", "66"]}, {"date": "2024-05-19-06-00-00", "alternatives": ["66", "6", "66"]}, {"date": "2024-05-19-06-00-00", "alternatives": ["66", "6", "66"]}, {"date": "2024-05-19-06-00-00", "alternatives": ["66", "6", "66"]}, {"date": "2024-05-19-06-00-00", "alternatives": ["66", "6", "66"]}]}, {"location": {"country_code": "ma"}, "game_id": "128974", "values": [{"date": "2024-05-19-22-00-00", "alternatives": ["36", "36", "346"]}, {"date": "2024-05-19-22-00-00", "alternatives": ["36", "36", "346"]}, {"date": "2024-05-19-22-00-00", "alternatives": ["36", "36", "346"]}, {"date": "2024-05-19-22-00-00", "alternatives": ["36", "36", "346"]}, {"date": "2024-05-19-22-00-00", "alternatives": ["36", "36", "346"]}, {"date": "2024-05-19-22-00-00", "alternatives": ["36", "36", "346"]}, {"date": "2024-05-19-22-00-00", "alternatives": ["36", "36", "346"]}, {"date": "2024-05-19-22-00-00", "alternatives": ["36", "36", "346"]}, {"date": "2024-05-19-22-00-00", "alternatives": ["36", "36", "346"]}, {"date": "2024-05-19-22-00-00", "alternatives": ["36", "36", "346"]}, {"date": "2024-05-19-22-00-00", "alternatives": ["36", "36", "346"]}, {"date": "2024-05-19-22-00-00", "alternatives": ["36", "36", "346"]}, {"date": "2024-05-19-22-00-00", "alternatives": ["36", "36", "346"]}, {"date": "2024-05-19-22-00-00", "alternatives": ["36", "36", "346"]}, {"date": "2024-05-19-22-00-00", "alternatives": ["36", "36", "346"]}, {"date": "2024-05-19-22-00-00", "alternatives": ["36", "36", "346"]}]}, {"location": {"country_code": "bh"}, "game_id": "128974", "values": [{"date": "2024-05-19-23-00-00", "alternatives": ["46", "45", "46"]}, {"date": "2024-05-19-23-00-00", "alternatives": ["46", "45", "46"]}, {"date": "2024-05-19-23-00-00", "alternatives": ["46", "45", "46"]}]}, {"location": {"country_code": "br", "region": "Paraiba", "city": "Santa Rita"}, "game_id": "128974", "values": [{"date": "2024-05-19-05-00-00", "alternatives": ["92", "97", "97"]}]}, {"location": {"country_code": "br", "region": "Minas Gerais", "city": "Barbacena"}, "game_id": "128974", "values": [{"date": "2024-05-19-05-00-00", "alternatives": ["5", "40", "40"]}]}, {"location": {"country_code": "us", "region": "Kentucky", "city": "Louisville"}, "game_id": "128974", "values": [{"date": "2024-05-19-05-00-00", "alternatives": ["19786", "6", "6"]}, {"date": "2024-05-19-05-00-00", "alternatives": ["19786", "6", "6"]}, {"date": "2024-05-19-05-00-00", "alternatives": ["19786", "6", "6"]}, {"date": "2024-05-19-05-00-00", "alternatives": ["19786", "6", "6"]}, {"date": "2024-05-19-05-00-00", "alternatives": ["19786", "6", "6"]}, {"date": "2024-05-19-05-00-00", "alternatives": ["19786", "6", "6"]}, {"date": "2024-05-19-05-00-00", "alternatives": ["19786", "6", "6"]}]}, {"location": {"country_code": "br", "region": "Sao Paulo", "city": "Peruibe"}, "game_id": "128974", "values": [{"date": "2024-05-20-00-00-00", "alternatives": ["146", "46", "146"]}]}, {"location": {"country_code": "us", "region": "Alaska", "city": "Anchorage"}, "game_id": "128974", "values": [{"date": "2024-05-19-09-00-00", "alternatives": ["104", "1", "104"]}, {"date": "2024-05-19-09-00-00", "alternatives": ["104", "1", "104"]}, {"date": "2024-05-19-09-00-00", "alternatives": ["104", "1", "104"]}, {"date": "2024-05-19-09-00-00", "alternatives": ["104", "1", "104"]}, {"date": "2024-05-19-09-00-00", "alternatives": ["104", "1", "104"]}]}, {"location": {"country_code": "il"}, "game_id": "128974", "values": [{"date": "2024-05-20-01-00-00", "alternatives": ["22", "72", "72"]}, {"date": "2024-05-20-01-00-00", "alternatives": ["22", "72", "72"]}, {"date": "2024-05-20-01-00-00", "alternatives": ["22", "72", "72"]}, {"date": "2024-05-20-01-00-00", "alternatives": ["22", "72", "72"]}, {"date": "2024-05-20-01-00-00", "alternatives": ["22", "72", "72"]}, {"date": "2024-05-20-01-00-00", "alternatives": ["22", "72", "72"]}, {"date": "2024-05-20-01-00-00", "alternatives": ["22", "72", "72"]}, {"date": "2024-05-20-01-00-00", "alternatives": ["22", "72", "72"]}, {"date": "2024-05-19-19-00-00", "alternatives": ["76", "76", "78"]}, {"date": "2024-05-19-22-00-00", "alternatives": ["76", "7", "7"]}, {"date": "2024-05-19-22-00-00", "alternatives": ["76", "7", "7"]}, {"date": "2024-05-19-22-00-00", "alternatives": ["76", "7", "7"]}]}, {"location": {"country_code": "kz", "region": "Astana", "city": "Astana"}, "game_id": "128974", "values": [{"date": "2024-05-20-01-00-00", "alternatives": ["700", "0", "0"]}]}, {"location": {"country_code": "us", "region": "Delaware", "city": "Wilmington"}, "game_id": "128974", "values": [{"date": "2024-05-19-07-00-00", "alternatives": ["51", "51", "61"]}, {"date": "2024-05-19-07-00-00", "alternatives": ["51", "51", "61"]}]}, {"location": {"country_code": "sa", "region": "Mecca Region", "city": "Mecca"}, "game_id": "128974", "values": [{"date": "2024-05-19-19-00-00", "alternatives": ["85", "8", "8"]}, {"date": "2024-05-19-19-00-00", "alternatives": ["85", "8", "8"]}, {"date": "2024-05-19-19-00-00", "alternatives": ["85", "8", "8"]}, {"date": "2024-05-19-19-00-00", "alternatives": ["85", "8", "8"]}, {"date": "2024-05-19-19-00-00", "alternatives": ["85", "8", "8"]}, {"date": "2024-05-19-19-00-00", "alternatives": ["85", "8", "8"]}, {"date": "2024-05-19-19-00-00", "alternatives": ["85", "8", "8"]}, {"date": "2024-05-19-19-00-00", "alternatives": ["85", "8", "8"]}, {"date": "2024-05-19-19-00-00", "alternatives": ["85", "8", "8"]}, {"date": "2024-05-19-19-00-00", "alternatives": ["85", "8", "8"]}, {"date": "2024-05-19-19-00-00", "alternatives": ["85", "8", "8"]}]}, {"location": {"country_code": "sa", "region": "'Asir Region", "city": "Abha"}, "game_id": "128974", "values": [{"date": "2024-05-19-23-00-00", "alternatives": ["43", "4", "4"]}]}, {"location": {"country_code": "sa", "region": "Medina Region", "city": "Yanbu`"}, "game_id": "128974", "values": [{"date": "2024-05-19-14-00-00", "alternatives": ["62", "2", "62"]}, {"date": "2024-05-19-14-00-00", "alternatives": ["62", "2", "62"]}, {"date": "2024-05-19-14-00-00", "alternatives": ["62", "2", "62"]}]}, {"location": {"country_code": "us", "region": "Texas", "city": "Odessa"}, "game_id": "128974", "values": [{"date": "2024-05-19-10-00-00", "alternatives": ["4", "4", "5"]}, {"date": "2024-05-19-10-00-00", "alternatives": ["4", "4", "5"]}, {"date": "2024-05-19-10-00-00", "alternatives": ["4", "4", "5"]}, {"date": "2024-05-19-10-00-00", "alternatives": ["4", "4", "5"]}]}, {"location": {"country_code": "us", "region": "Nebraska", "city": "North Platte"}, "game_id": "128974", "values": [{"date": "2024-05-20-00-00-00", "alternatives": ["954", "37", "37"]}]}, {"location": {"country_code": "us", "region": "Florida", "city": "Hollywood"}, "game_id": "128974", "values": [{"date": "2024-05-19-23-00-00", "alternatives": ["04", "84", "84"]}]}, {"location": {"country_code": "us", "region": "South Carolina", "city": "West Columbia"}, "game_id": "128974", "values": [{"date": "2024-05-19-06-00-00", "alternatives": ["64", "6", "64"]}]}, {"location": {"country_code": "us", "region": "New York", "city": "New Rochelle"}, "game_id": "128974", "values": [{"date": "2024-05-19-10-00-00", "alternatives": ["68", "58", "68"]}, {"date": "2024-05-19-10-00-00", "alternatives": ["68", "58", "68"]}]}, {"location": {"country_code": "ca", "region": "Ontario", "city": "Sault Ste. Marie"}, "game_id": "128974", "values": [{"date": "2024-05-19-06-00-00", "alternatives": ["64", "64", "4"]}, {"date": "2024-05-19-06-00-00", "alternatives": ["64", "64", "4"]}]}, {"location": {"country_code": "us", "region": "California", "city": "Tehachapi"}, "game_id": "128974", "values": [{"date": "2024-05-19-09-00-00", "alternatives": ["32", "2", "2"]}]}, {"location": {"country_code": "be", "region": "East Flanders Province"}, "game_id": "128974", "values": [{"date": "2024-05-19-21-00-00", "alternatives": ["3", "33", "33"]}, {"date": "2024-05-19-21-00-00", "alternatives": ["3", "33", "33"]}, {"date": "2024-05-19-21-00-00", "alternatives": ["3", "33", "33"]}, {"date": "2024-05-19-21-00-00", "alternatives": ["3", "33", "33"]}, {"date": "2024-05-19-21-00-00", "alternatives": ["3", "33", "33"]}, {"date": "2024-05-19-21-00-00", "alternatives": ["3", "33", "33"]}, {"date": "2024-05-19-21-00-00", "alternatives": ["3", "33", "33"]}, {"date": "2024-05-19-21-00-00", "alternatives": ["3", "33", "33"]}, {"date": "2024-05-19-21-00-00", "alternatives": ["3", "33", "33"]}]}, {"location": {"country_code": "us", "region": "Florida", "city": "DeLand"}, "game_id": "128974", "values": [{"date": "2024-05-19-04-00-00", "alternatives": ["72", "72", "2"]}]}, {"location": {"country_code": "in", "region": "Kerala", "city": "Kollam"}, "game_id": "128974", "values": [{"date": "2024-05-19-13-00-00", "alternatives": ["57", "57", "7"]}, {"date": "2024-05-19-13-00-00", "alternatives": ["57", "57", "7"]}]}, {"location": {"country_code": "hu", "region": "Hajdu-Bihar", "city": "Puspokladany"}, "game_id": "128974", "values": [{"date": "2024-05-19-23-00-00", "alternatives": ["48", "4", "48"]}, {"date": "2024-05-19-23-00-00", "alternatives": ["48", "4", "48"]}]}, {"location": {"country_code": "us", "region": "Oregon", "city": "Tigard"}, "game_id": "128974", "values": [{"date": "2024-05-19-11-00-00", "alternatives": ["6", "32", "32"]}, {"date": "2024-05-19-11-00-00", "alternatives": ["6", "32", "32"]}]}, {"location": {"country_code": "fr", "region": "Ile-de-France Region", "city": "Champigny-sur-Marne"}, "game_id": "128974", "values": [{"date": "2024-05-19-15-00-00", "alternatives": ["31", "31", "3"]}, {"date": "2024-05-19-15-00-00", "alternatives": ["31", "31", "3"]}]}, {"location": {"country_code": "us", "region": "Pennsylvania", "city": "Lederach"}, "game_id": "128974", "values": [{"date": "2024-05-19-06-00-00", "alternatives": ["48", "8", "48"]}]}, {"location": {"country_code": "at", "region": "Tyrol", "city": "Pfaffenhofen"}, "game_id": "128974", "values": [{"date": "2024-05-19-22-00-00", "alternatives": ["35", "35", "30"]}, {"date": "2024-05-19-22-00-00", "alternatives": ["35", "35", "30"]}]}, {"location": {"country_code": "cl", "region": "Arica y Parinacota"}, "game_id": "128974", "values": [{"date": "2024-05-20-02-00-00", "alternatives": ["143", "91", "91"]}]}], "last_updated": 1719917740.071516}