{"data": [{"location": {"country_code": "us"}, "game_id": "747108", "values": [{"date": "2023-11-01-21-00-00", "latency": 16}, {"date": "2023-11-01-21-00-00", "latency": 16}, {"date": "2023-11-01-21-00-00", "latency": 16}, {"date": "2023-11-01-21-00-00", "latency": 16}, {"date": "2023-11-01-21-00-00", "latency": 16}]}, {"location": {"country_code": "pa"}, "game_id": "747108", "values": [{"date": "2023-11-01-20-00-00", "latency": 171}, {"date": "2023-11-01-20-00-00", "latency": 171}, {"date": "2023-11-02-00-00-00", "latency": 62}, {"date": "2023-11-02-00-00-00", "latency": 62}, {"date": "2023-11-02-00-00-00", "latency": 62}, {"date": "2023-11-02-00-00-00", "latency": 62}, {"date": "2023-11-02-00-00-00", "latency": 62}]}, {"location": {"country_code": "ro"}, "game_id": "747108", "values": [{"date": "2023-11-01-18-00-00", "latency": 7}, {"date": "2023-11-01-18-00-00", "latency": 7}]}, {"location": {"country_code": "ca"}, "game_id": "747108", "values": [{"date": "2023-11-01-14-00-00", "latency": 4}, {"date": "2023-11-01-14-00-00", "latency": 4}, {"date": "2023-11-01-14-00-00", "latency": 4}]}, {"location": {"country_code": "gb", "region": "England"}, "game_id": "747108", "values": [{"date": "2023-11-01-20-00-00", "latency": 31}, {"date": "2023-11-01-20-00-00", "latency": 31}, {"date": "2023-11-01-20-00-00", "latency": 31}, {"date": "2023-11-01-20-00-00", "latency": 31}]}, {"location": {"country_code": "us", "region": "Texas"}, "game_id": "747108", "values": [{"date": "2023-11-01-18-00-00", "latency": 31}]}, {"location": {"country_code": "us", "region": "Florida"}, "game_id": "747108", "values": [{"date": "2023-11-01-19-00-00", "latency": 14}, {"date": "2023-11-01-19-00-00", "latency": 14}, {"date": "2023-11-01-19-00-00", "latency": 14}, {"date": "2023-11-01-19-00-00", "latency": 14}]}, {"location": {"country_code": "ph"}, "game_id": "747108", "values": [{"date": "2023-11-01-21-00-00", "latency": 1}, {"date": "2023-11-01-21-00-00", "latency": 1}, {"date": "2023-11-01-21-00-00", "latency": 1}]}, {"location": {"country_code": "mx"}, "game_id": "747108", "values": [{"date": "2023-11-02-00-00-00", "latency": 9}]}, {"location": {"country_code": "br"}, "game_id": "747108", "values": [{"date": "2023-11-01-22-00-00", "latency": 3}, {"date": "2023-11-01-22-00-00", "latency": 3}, {"date": "2023-11-01-22-00-00", "latency": 3}, {"date": "2023-11-01-22-00-00", "latency": 3}, {"date": "2023-11-01-22-00-00", "latency": 3}, {"date": "2023-11-01-20-00-00", "latency": 7}, {"date": "2023-11-01-20-00-00", "latency": 7}]}, {"location": {"country_code": "se"}, "game_id": "747108", "values": [{"date": "2023-11-01-16-00-00", "latency": 16}, {"date": "2023-11-01-16-00-00", "latency": 16}, {"date": "2023-11-01-16-00-00", "latency": 16}]}, {"location": {"country_code": "tr"}, "game_id": "747108", "values": [{"date": "2023-11-01-16-00-00", "latency": 31}]}, {"location": {"country_code": "kr"}, "game_id": "747108", "values": [{"date": "2023-11-01-20-00-00", "latency": 78}, {"date": "2023-11-01-20-00-00", "latency": 78}, {"date": "2023-11-01-20-00-00", "latency": 78}, {"date": "2023-11-01-20-00-00", "latency": 78}, {"date": "2023-11-01-20-00-00", "latency": 78}, {"date": "2023-11-01-20-00-00", "latency": 78}, {"date": "2023-11-01-20-00-00", "latency": 78}, {"date": "2023-11-01-20-00-00", "latency": 78}, {"date": "2023-11-01-20-00-00", "latency": 78}, {"date": "2023-11-01-20-00-00", "latency": 78}, {"date": "2023-11-01-20-00-00", "latency": 78}, {"date": "2023-11-01-20-00-00", "latency": 78}]}, {"location": {"country_code": "ar"}, "game_id": "747108", "values": [{"date": "2023-11-01-20-00-00", "latency": 7}, {"date": "2023-11-01-20-00-00", "latency": 7}, {"date": "2023-11-01-20-00-00", "latency": 7}, {"date": "2023-11-01-20-00-00", "latency": 7}, {"date": "2023-11-01-20-00-00", "latency": 7}, {"date": "2023-11-01-20-00-00", "latency": 7}, {"date": "2023-11-01-20-00-00", "latency": 7}, {"date": "2023-11-01-20-00-00", "latency": 7}, {"date": "2023-11-01-20-00-00", "latency": 7}, {"date": "2023-11-01-20-00-00", "latency": 7}, {"date": "2023-11-01-20-00-00", "latency": 7}, {"date": "2023-11-01-20-00-00", "latency": 7}]}, {"location": {"country_code": "mx", "region": "Puebla"}, "game_id": "747108", "values": [{"date": "2023-11-01-04-00-00", "latency": 62}]}, {"location": {"country_code": "at"}, "game_id": "747108", "values": [{"date": "2023-11-02-00-00-00", "latency": 31}, {"date": "2023-11-02-00-00-00", "latency": 31}, {"date": "2023-11-02-00-00-00", "latency": 31}, {"date": "2023-11-02-00-00-00", "latency": 31}, {"date": "2023-11-02-00-00-00", "latency": 31}, {"date": "2023-11-02-00-00-00", "latency": 31}, {"date": "2023-11-02-00-00-00", "latency": 31}, {"date": "2023-11-02-00-00-00", "latency": 31}, {"date": "2023-11-02-00-00-00", "latency": 31}, {"date": "2023-11-02-00-00-00", "latency": 31}]}, {"location": {"country_code": "br", "region": "Estado de Bahia", "city": "Salvador"}, "game_id": "747108", "values": [{"date": "2023-11-01-19-00-00", "latency": 3}, {"date": "2023-11-01-19-00-00", "latency": 3}, {"date": "2023-11-01-19-00-00", "latency": 3}, {"date": "2023-11-01-19-00-00", "latency": 3}, {"date": "2023-11-01-19-00-00", "latency": 3}, {"date": "2023-11-01-19-00-00", "latency": 3}, {"date": "2023-11-01-19-00-00", "latency": 3}, {"date": "2023-11-01-19-00-00", "latency": 3}, {"date": "2023-11-01-19-00-00", "latency": 3}, {"date": "2023-11-01-19-00-00", "latency": 3}, {"date": "2023-11-01-19-00-00", "latency": 3}]}, {"location": {"country_code": "ve"}, "game_id": "747108", "values": [{"date": "2023-11-01-22-00-00", "latency": 62}]}, {"location": {"country_code": "pl"}, "game_id": "747108", "values": [{"date": "2023-11-01-23-00-00", "latency": 31}]}, {"location": {"country_code": "bg"}, "game_id": "747108", "values": [{"date": "2023-11-02-00-00-00", "latency": 31}, {"date": "2023-11-02-00-00-00", "latency": 31}, {"date": "2023-11-02-00-00-00", "latency": 31}, {"date": "2023-11-02-00-00-00", "latency": 31}, {"date": "2023-11-02-00-00-00", "latency": 31}, {"date": "2023-11-02-00-00-00", "latency": 31}, {"date": "2023-11-02-00-00-00", "latency": 31}]}, {"location": {"country_code": "fr", "region": "Nord-Passo di Calais-Piccardia"}, "game_id": "747108", "values": [{"date": "2023-11-01-01-00-00", "latency": 5}, {"date": "2023-11-01-01-00-00", "latency": 5}, {"date": "2023-11-01-01-00-00", "latency": 5}, {"date": "2023-11-01-01-00-00", "latency": 5}, {"date": "2023-11-01-01-00-00", "latency": 5}]}, {"location": {"country_code": "es", "region": "Andalusia", "city": "Cordoba"}, "game_id": "747108", "values": [{"date": "2023-11-01-21-00-00", "latency": 31}, {"date": "2023-11-01-21-00-00", "latency": 31}, {"date": "2023-11-01-21-00-00", "latency": 31}, {"date": "2023-11-01-21-00-00", "latency": 31}, {"date": "2023-11-01-21-00-00", "latency": 31}, {"date": "2023-11-01-21-00-00", "latency": 31}]}, {"location": {"country_code": "br", "region": "Sao Paulo", "city": "Franca"}, "game_id": "747108", "values": [{"date": "2023-11-01-16-00-00", "latency": 15}, {"date": "2023-11-01-16-00-00", "latency": 15}, {"date": "2023-11-01-16-00-00", "latency": 15}, {"date": "2023-11-01-16-00-00", "latency": 15}]}, {"location": {"country_code": "us", "region": "Arkansas", "city": "Newport"}, "game_id": "747108", "values": [{"date": "2023-11-01-19-00-00", "latency": 15}, {"date": "2023-11-01-19-00-00", "latency": 15}, {"date": "2023-11-01-19-00-00", "latency": 15}, {"date": "2023-11-01-19-00-00", "latency": 15}, {"date": "2023-11-01-19-00-00", "latency": 15}, {"date": "2023-11-01-19-00-00", "latency": 15}, {"date": "2023-11-01-19-00-00", "latency": 15}, {"date": "2023-11-01-19-00-00", "latency": 15}]}], "last_updated": 1719919362.654473}