{"data": [{"location": {"country_code": "nz"}, "game_id": "135305", "values": [{"date": "2024-02-29-05-00-00", "latency": 221}, {"date": "2024-02-29-05-00-00", "latency": 221}]}, {"location": {"country_code": "us"}, "game_id": "135305", "values": [{"date": "2024-02-29-07-00-00", "latency": 19}, {"date": "2024-02-29-07-00-00", "latency": 19}, {"date": "2024-02-29-07-00-00", "latency": 19}, {"date": "2024-02-29-07-00-00", "latency": 19}, {"date": "2024-02-29-07-00-00", "latency": 19}, {"date": "2024-02-29-07-00-00", "latency": 19}, {"date": "2024-02-29-07-00-00", "latency": 19}, {"date": "2024-02-29-07-00-00", "latency": 19}, {"date": "2024-02-29-07-00-00", "latency": 19}, {"date": "2024-02-29-07-00-00", "latency": 19}, {"date": "2024-02-29-19-00-00", "latency": 12}, {"date": "2024-02-29-19-00-00", "latency": 12}, {"date": "2024-02-29-19-00-00", "latency": 12}, {"date": "2024-03-01-01-00-00", "latency": 84}]}, {"location": {"country_code": "us", "region": "Texas"}, "game_id": "135305", "values": [{"date": "2024-02-29-05-00-00", "latency": 57}, {"date": "2024-02-29-05-00-00", "latency": 57}]}, {"location": {"country_code": "us", "region": "New York", "city": "Jamestown"}, "game_id": "135305", "values": [{"date": "2024-02-29-02-00-00", "latency": 31}, {"date": "2024-02-29-02-00-00", "latency": 31}]}, {"location": {"country_code": "pa"}, "game_id": "135305", "values": [{"date": "2024-02-29-03-00-00", "latency": 87}]}, {"location": {"country_code": "jp"}, "game_id": "135305", "values": [{"date": "2024-02-29-13-00-00", "latency": 19}, {"date": "2024-02-29-13-00-00", "latency": 19}, {"date": "2024-02-29-16-00-00", "latency": 11}, {"date": "2024-02-29-16-00-00", "latency": 11}, {"date": "2024-02-29-16-00-00", "latency": 11}, {"date": "2024-02-29-16-00-00", "latency": 11}, {"date": "2024-02-29-10-00-00", "latency": 17}, {"date": "2024-02-29-10-00-00", "latency": 17}, {"date": "2024-02-29-10-00-00", "latency": 17}, {"date": "2024-02-29-10-00-00", "latency": 17}, {"date": "2024-02-29-10-00-00", "latency": 17}, {"date": "2024-02-29-10-00-00", "latency": 17}, {"date": "2024-02-29-10-00-00", "latency": 17}, {"date": "2024-02-29-10-00-00", "latency": 17}, {"date": "2024-02-29-10-00-00", "latency": 17}, {"date": "2024-02-29-10-00-00", "latency": 17}, {"date": "2024-02-29-10-00-00", "latency": 17}, {"date": "2024-02-29-10-00-00", "latency": 17}, {"date": "2024-02-29-10-00-00", "latency": 17}, {"date": "2024-02-29-10-00-00", "latency": 17}, {"date": "2024-02-29-10-00-00", "latency": 17}, {"date": "2024-02-29-10-00-00", "latency": 17}, {"date": "2024-02-29-10-00-00", "latency": 17}, {"date": "2024-02-29-10-00-00", "latency": 17}, {"date": "2024-02-29-10-00-00", "latency": 17}, {"date": "2024-02-29-11-00-00", "latency": 13}, {"date": "2024-02-29-11-00-00", "latency": 13}, {"date": "2024-02-29-17-00-00", "latency": 5}, {"date": "2024-02-29-06-00-00", "latency": 15}, {"date": "2024-02-29-06-00-00", "latency": 15}, {"date": "2024-02-29-06-00-00", "latency": 15}, {"date": "2024-02-29-06-00-00", "latency": 15}, {"date": "2024-02-29-14-00-00", "latency": 17}, {"date": "2024-02-29-14-00-00", "latency": 17}, {"date": "2024-02-29-14-00-00", "latency": 17}, {"date": "2024-02-29-14-00-00", "latency": 17}, {"date": "2024-02-29-14-00-00", "latency": 17}, {"date": "2024-02-29-14-00-00", "latency": 17}, {"date": "2024-02-29-16-00-00", "latency": 10}, {"date": "2024-02-29-16-00-00", "latency": 10}, {"date": "2024-02-29-16-00-00", "latency": 10}, {"date": "2024-02-29-16-00-00", "latency": 10}, {"date": "2024-02-29-17-00-00", "latency": 16}]}, {"location": {"country_code": "ca"}, "game_id": "135305", "values": [{"date": "2024-02-29-03-00-00", "latency": 61}, {"date": "2024-02-29-03-00-00", "latency": 61}, {"date": "2024-02-29-03-00-00", "latency": 61}, {"date": "2024-02-29-03-00-00", "latency": 61}, {"date": "2024-02-29-03-00-00", "latency": 61}, {"date": "2024-02-29-05-00-00", "latency": 33}, {"date": "2024-02-29-05-00-00", "latency": 33}, {"date": "2024-02-29-05-00-00", "latency": 33}, {"date": "2024-02-29-05-00-00", "latency": 33}, {"date": "2024-02-29-05-00-00", "latency": 33}, {"date": "2024-02-29-05-00-00", "latency": 33}, {"date": "2024-02-29-05-00-00", "latency": 33}, {"date": "2024-02-29-05-00-00", "latency": 33}, {"date": "2024-02-29-05-00-00", "latency": 33}, {"date": "2024-03-01-01-00-00", "latency": 28}, {"date": "2024-03-01-01-00-00", "latency": 28}, {"date": "2024-03-01-01-00-00", "latency": 28}, {"date": "2024-03-01-01-00-00", "latency": 28}, {"date": "2024-03-01-01-00-00", "latency": 28}, {"date": "2024-03-01-01-00-00", "latency": 28}]}, {"location": {"country_code": "de", "region": "Bavaria", "city": "Memmingen"}, "game_id": "135305", "values": [{"date": "2024-02-29-14-00-00", "latency": 29}, {"date": "2024-02-29-14-00-00", "latency": 29}]}, {"location": {"country_code": "tw"}, "game_id": "135305", "values": [{"date": "2024-02-29-09-00-00", "latency": 42}, {"date": "2024-02-29-09-00-00", "latency": 42}, {"date": "2024-02-29-09-00-00", "latency": 42}, {"date": "2024-02-29-09-00-00", "latency": 42}, {"date": "2024-02-29-09-00-00", "latency": 42}, {"date": "2024-02-29-09-00-00", "latency": 42}, {"date": "2024-02-29-09-00-00", "latency": 42}]}, {"location": {"country_code": "cl"}, "game_id": "135305", "values": [{"date": "2024-02-29-02-00-00", "latency": 139}, {"date": "2024-02-29-02-00-00", "latency": 139}, {"date": "2024-03-01-00-00-00", "latency": 121}, {"date": "2024-02-29-23-00-00", "latency": 137}, {"date": "2024-02-29-23-00-00", "latency": 137}]}, {"location": {"country_code": "ph"}, "game_id": "135305", "values": [{"date": "2024-02-29-09-00-00", "latency": 78}, {"date": "2024-02-29-09-00-00", "latency": 78}, {"date": "2024-02-29-09-00-00", "latency": 78}, {"date": "2024-02-29-09-00-00", "latency": 78}, {"date": "2024-02-29-21-00-00", "latency": 75}, {"date": "2024-02-29-21-00-00", "latency": 75}, {"date": "2024-02-29-21-00-00", "latency": 75}, {"date": "2024-02-29-21-00-00", "latency": 75}, {"date": "2024-02-29-21-00-00", "latency": 75}, {"date": "2024-02-29-21-00-00", "latency": 75}, {"date": "2024-02-29-23-00-00", "latency": 117}, {"date": "2024-02-29-23-00-00", "latency": 117}, {"date": "2024-02-29-23-00-00", "latency": 117}, {"date": "2024-02-29-13-00-00", "latency": 107}, {"date": "2024-02-29-13-00-00", "latency": 107}, {"date": "2024-02-29-13-00-00", "latency": 107}, {"date": "2024-02-29-13-00-00", "latency": 107}, {"date": "2024-02-29-13-00-00", "latency": 107}, {"date": "2024-02-29-02-00-00", "latency": 55}, {"date": "2024-02-29-06-00-00", "latency": 124}]}, {"location": {"country_code": "us", "region": "Kansas"}, "game_id": "135305", "values": [{"date": "2024-02-29-03-00-00", "latency": 48}, {"date": "2024-02-29-03-00-00", "latency": 48}, {"date": "2024-02-29-03-00-00", "latency": 48}]}, {"location": {"country_code": "fr"}, "game_id": "135305", "values": [{"date": "2024-02-29-01-00-00", "latency": 27}, {"date": "2024-02-29-16-00-00", "latency": 16}, {"date": "2024-02-29-16-00-00", "latency": 16}]}, {"location": {"country_code": "us", "region": "New Jersey"}, "game_id": "135305", "values": [{"date": "2024-02-29-02-00-00", "latency": 60}, {"date": "2024-02-29-02-00-00", "latency": 60}, {"date": "2024-02-29-05-00-00", "latency": 26}, {"date": "2024-02-29-05-00-00", "latency": 26}]}, {"location": {"country_code": "mx"}, "game_id": "135305", "values": [{"date": "2024-02-29-07-00-00", "latency": 91}, {"date": "2024-02-29-07-00-00", "latency": 91}, {"date": "2024-02-29-06-00-00", "latency": 77}, {"date": "2024-02-29-06-00-00", "latency": 77}]}, {"location": {"country_code": "mx", "region": "Mexico City"}, "game_id": "135305", "values": [{"date": "2024-02-29-01-00-00", "latency": 62}, {"date": "2024-02-29-01-00-00", "latency": 62}]}, {"location": {"country_code": "in"}, "game_id": "135305", "values": [{"date": "2024-02-29-12-00-00", "latency": 168}, {"date": "2024-02-29-12-00-00", "latency": 168}, {"date": "2024-02-29-12-00-00", "latency": 168}, {"date": "2024-02-29-12-00-00", "latency": 168}, {"date": "2024-02-29-12-00-00", "latency": 168}, {"date": "2024-02-29-12-00-00", "latency": 168}]}, {"location": {"country_code": "us", "region": "California"}, "game_id": "135305", "values": [{"date": "2024-02-29-05-00-00", "latency": 82}]}, {"location": {"country_code": "br"}, "game_id": "135305", "values": [{"date": "2024-02-29-02-00-00", "latency": 154}, {"date": "2024-02-29-02-00-00", "latency": 154}]}, {"location": {"country_code": "br", "region": "Sao Paulo", "city": "Apiai"}, "game_id": "135305", "values": [{"date": "2024-03-01-01-00-00", "latency": 162}, {"date": "2024-03-01-01-00-00", "latency": 162}, {"date": "2024-03-01-01-00-00", "latency": 162}, {"date": "2024-03-01-01-00-00", "latency": 162}, {"date": "2024-03-01-00-00-00", "latency": 124}]}, {"location": {"country_code": "tr"}, "game_id": "135305", "values": [{"date": "2024-02-29-23-00-00", "latency": 48}, {"date": "2024-02-29-23-00-00", "latency": 48}]}, {"location": {"country_code": "es"}, "game_id": "135305", "values": [{"date": "2024-03-01-01-00-00", "latency": 44}, {"date": "2024-03-01-01-00-00", "latency": 44}, {"date": "2024-03-01-01-00-00", "latency": 44}, {"date": "2024-03-01-01-00-00", "latency": 44}, {"date": "2024-03-01-01-00-00", "latency": 44}, {"date": "2024-03-01-01-00-00", "latency": 44}, {"date": "2024-03-01-01-00-00", "latency": 44}]}, {"location": {"country_code": "sa"}, "game_id": "135305", "values": [{"date": "2024-02-29-18-00-00", "latency": 93}, {"date": "2024-02-29-18-00-00", "latency": 93}, {"date": "2024-02-29-18-00-00", "latency": 93}, {"date": "2024-02-29-18-00-00", "latency": 93}]}, {"location": {"country_code": "ar"}, "game_id": "135305", "values": [{"date": "2024-02-29-22-00-00", "latency": 143}, {"date": "2024-02-29-04-00-00", "latency": 2}, {"date": "2024-02-29-05-00-00", "latency": 196}, {"date": "2024-02-29-05-00-00", "latency": 196}, {"date": "2024-02-29-05-00-00", "latency": 196}]}, {"location": {"country_code": "bo"}, "game_id": "135305", "values": [{"date": "2024-02-29-06-00-00", "latency": 126}, {"date": "2024-02-29-06-00-00", "latency": 126}, {"date": "2024-02-29-06-00-00", "latency": 126}, {"date": "2024-02-29-06-00-00", "latency": 126}, {"date": "2024-02-29-06-00-00", "latency": 126}, {"date": "2024-02-29-06-00-00", "latency": 126}]}, {"location": {"country_code": "co"}, "game_id": "135305", "values": [{"date": "2024-02-29-03-00-00", "latency": 69}, {"date": "2024-03-01-00-00-00", "latency": 95}, {"date": "2024-03-01-00-00-00", "latency": 95}, {"date": "2024-03-01-00-00-00", "latency": 95}, {"date": "2024-02-29-04-00-00", "latency": 87}, {"date": "2024-02-29-04-00-00", "latency": 87}, {"date": "2024-02-29-04-00-00", "latency": 87}, {"date": "2024-02-29-04-00-00", "latency": 87}, {"date": "2024-02-29-04-00-00", "latency": 87}]}, {"location": {"country_code": "at"}, "game_id": "135305", "values": [{"date": "2024-02-29-22-00-00", "latency": 36}]}, {"location": {"country_code": "pl"}, "game_id": "135305", "values": [{"date": "2024-02-29-22-00-00", "latency": 32}, {"date": "2024-02-29-22-00-00", "latency": 32}, {"date": "2024-03-01-01-00-00", "latency": 25}, {"date": "2024-03-01-01-00-00", "latency": 25}, {"date": "2024-03-01-01-00-00", "latency": 25}, {"date": "2024-03-01-01-00-00", "latency": 25}, {"date": "2024-03-01-01-00-00", "latency": 25}, {"date": "2024-03-01-01-00-00", "latency": 25}, {"date": "2024-03-01-01-00-00", "latency": 25}, {"date": "2024-03-01-01-00-00", "latency": 25}, {"date": "2024-02-29-01-00-00", "latency": 20}]}, {"location": {"country_code": "pe"}, "game_id": "135305", "values": [{"date": "2024-03-01-01-00-00", "latency": 114}, {"date": "2024-02-29-05-00-00", "latency": 244}, {"date": "2024-02-29-05-00-00", "latency": 244}, {"date": "2024-02-29-05-00-00", "latency": 244}, {"date": "2024-02-29-06-00-00", "latency": 106}, {"date": "2024-02-29-06-00-00", "latency": 106}, {"date": "2024-02-29-06-00-00", "latency": 106}]}, {"location": {"country_code": "ru"}, "game_id": "135305", "values": [{"date": "2024-02-29-17-00-00", "latency": 64}, {"date": "2024-02-29-17-00-00", "latency": 64}, {"date": "2024-02-29-17-00-00", "latency": 64}, {"date": "2024-02-29-17-00-00", "latency": 64}, {"date": "2024-02-29-17-00-00", "latency": 64}, {"date": "2024-02-29-17-00-00", "latency": 64}, {"date": "2024-02-29-20-00-00", "latency": 42}, {"date": "2024-02-29-20-00-00", "latency": 42}, {"date": "2024-02-29-20-00-00", "latency": 42}, {"date": "2024-02-29-20-00-00", "latency": 42}, {"date": "2024-02-29-20-00-00", "latency": 42}, {"date": "2024-02-29-20-00-00", "latency": 42}, {"date": "2024-02-29-20-00-00", "latency": 42}, {"date": "2024-02-29-20-00-00", "latency": 42}, {"date": "2024-02-29-20-00-00", "latency": 42}, {"date": "2024-02-29-20-00-00", "latency": 42}, {"date": "2024-02-29-20-00-00", "latency": 42}, {"date": "2024-02-29-20-00-00", "latency": 42}, {"date": "2024-02-29-20-00-00", "latency": 42}, {"date": "2024-02-29-20-00-00", "latency": 42}, {"date": "2024-02-29-20-00-00", "latency": 42}, {"date": "2024-02-29-20-00-00", "latency": 42}]}, {"location": {"country_code": "my"}, "game_id": "135305", "values": [{"date": "2024-02-29-06-00-00", "latency": 121}, {"date": "2024-02-29-06-00-00", "latency": 121}, {"date": "2024-03-01-00-00-00", "latency": 83}, {"date": "2024-03-01-00-00-00", "latency": 83}, {"date": "2024-03-01-00-00-00", "latency": 83}, {"date": "2024-03-01-00-00-00", "latency": 83}, {"date": "2024-03-01-00-00-00", "latency": 83}, {"date": "2024-03-01-00-00-00", "latency": 83}, {"date": "2024-03-01-00-00-00", "latency": 83}, {"date": "2024-03-01-00-00-00", "latency": 83}, {"date": "2024-03-01-00-00-00", "latency": 83}, {"date": "2024-03-01-00-00-00", "latency": 83}, {"date": "2024-03-01-00-00-00", "latency": 83}, {"date": "2024-03-01-00-00-00", "latency": 83}, {"date": "2024-03-01-00-00-00", "latency": 83}, {"date": "2024-03-01-00-00-00", "latency": 83}, {"date": "2024-03-01-00-00-00", "latency": 83}, {"date": "2024-03-01-00-00-00", "latency": 83}, {"date": "2024-03-01-00-00-00", "latency": 83}, {"date": "2024-03-01-00-00-00", "latency": 83}, {"date": "2024-03-01-00-00-00", "latency": 83}, {"date": "2024-03-01-00-00-00", "latency": 83}, {"date": "2024-03-01-00-00-00", "latency": 83}, {"date": "2024-02-29-16-00-00", "latency": 110}, {"date": "2024-02-29-16-00-00", "latency": 110}]}, {"location": {"country_code": "id"}, "game_id": "135305", "values": [{"date": "2024-02-29-21-00-00", "latency": 115}]}, {"location": {"country_code": "us", "region": "Wisconsin"}, "game_id": "135305", "values": [{"date": "2024-02-29-04-00-00", "latency": 36}]}, {"location": {"country_code": "cl", "region": "Santiago Metropolitan", "city": "Santiago"}, "game_id": "135305", "values": [{"date": "2024-02-29-21-00-00", "latency": 123}, {"date": "2024-02-29-21-00-00", "latency": 123}]}, {"location": {"country_code": "cn", "region": "Hong Kong"}, "game_id": "135305", "values": [{"date": "2024-02-29-13-00-00", "latency": 58}, {"date": "2024-02-29-13-00-00", "latency": 58}, {"date": "2024-02-29-13-00-00", "latency": 58}, {"date": "2024-02-29-13-00-00", "latency": 58}, {"date": "2024-02-29-13-00-00", "latency": 58}, {"date": "2024-02-29-13-00-00", "latency": 58}, {"date": "2024-02-29-13-00-00", "latency": 58}, {"date": "2024-02-29-13-00-00", "latency": 58}, {"date": "2024-02-29-13-00-00", "latency": 58}, {"date": "2024-02-29-13-00-00", "latency": 58}, {"date": "2024-02-29-13-00-00", "latency": 58}, {"date": "2024-02-29-13-00-00", "latency": 58}, {"date": "2024-02-29-13-00-00", "latency": 58}, {"date": "2024-02-29-13-00-00", "latency": 58}, {"date": "2024-02-29-13-00-00", "latency": 58}, {"date": "2024-02-29-13-00-00", "latency": 58}, {"date": "2024-02-29-13-00-00", "latency": 58}, {"date": "2024-02-29-13-00-00", "latency": 58}, {"date": "2024-02-29-13-00-00", "latency": 58}, {"date": "2024-02-29-13-00-00", "latency": 58}, {"date": "2024-02-29-13-00-00", "latency": 58}, {"date": "2024-02-29-13-00-00", "latency": 58}, {"date": "2024-02-29-13-00-00", "latency": 58}, {"date": "2024-02-29-13-00-00", "latency": 58}, {"date": "2024-02-29-13-00-00", "latency": 58}, {"date": "2024-02-29-13-00-00", "latency": 58}, {"date": "2024-02-29-13-00-00", "latency": 58}, {"date": "2024-02-29-13-00-00", "latency": 58}, {"date": "2024-02-29-13-00-00", "latency": 58}, {"date": "2024-02-29-13-00-00", "latency": 58}]}, {"location": {"country_code": "fr", "region": "Ile-de-France Region", "city": "Paris"}, "game_id": "135305", "values": [{"date": "2024-02-29-22-00-00", "latency": 10}, {"date": "2024-02-29-22-00-00", "latency": 10}, {"date": "2024-02-29-22-00-00", "latency": 10}, {"date": "2024-02-29-22-00-00", "latency": 10}, {"date": "2024-02-29-22-00-00", "latency": 10}]}, {"location": {"country_code": "pe", "region": "Lima region", "city": "Lima"}, "game_id": "135305", "values": [{"date": "2024-02-29-04-00-00", "latency": 97}, {"date": "2024-02-29-04-00-00", "latency": 97}, {"date": "2024-02-29-04-00-00", "latency": 97}, {"date": "2024-02-29-04-00-00", "latency": 97}]}, {"location": {"country_code": "mx", "region": "Jalisco", "city": "Guadalajara"}, "game_id": "135305", "values": [{"date": "2024-02-29-16-00-00", "latency": 65}]}, {"location": {"country_code": "pt", "region": "Lisbon District", "city": "Amadora"}, "game_id": "135305", "values": [{"date": "2024-02-29-16-00-00", "latency": 90}, {"date": "2024-02-29-16-00-00", "latency": 90}]}, {"location": {"country_code": "by"}, "game_id": "135305", "values": [{"date": "2024-02-29-18-00-00", "latency": 32}, {"date": "2024-02-29-18-00-00", "latency": 32}, {"date": "2024-02-29-18-00-00", "latency": 32}, {"date": "2024-02-29-18-00-00", "latency": 32}, {"date": "2024-02-29-18-00-00", "latency": 32}]}, {"location": {"country_code": "ca", "region": "British Columbia", "city": "Richmond"}, "game_id": "135305", "values": [{"date": "2024-02-29-03-00-00", "latency": 72}, {"date": "2024-02-29-03-00-00", "latency": 72}, {"date": "2024-02-29-03-00-00", "latency": 72}, {"date": "2024-02-29-03-00-00", "latency": 72}]}, {"location": {"country_code": "hn"}, "game_id": "135305", "values": [{"date": "2024-03-01-00-00-00", "latency": 85}, {"date": "2024-03-01-00-00-00", "latency": 85}, {"date": "2024-03-01-00-00-00", "latency": 85}, {"date": "2024-03-01-00-00-00", "latency": 85}]}, {"location": {"country_code": "my", "region": "Sabah"}, "game_id": "135305", "values": [{"date": "2024-02-29-15-00-00", "latency": 4}]}, {"location": {"country_code": "de", "region": "North Rhine-Westphalia"}, "game_id": "135305", "values": [{"date": "2024-02-29-18-00-00", "latency": 32}, {"date": "2024-02-29-18-00-00", "latency": 32}, {"date": "2024-02-29-18-00-00", "latency": 32}, {"date": "2024-02-29-18-00-00", "latency": 32}, {"date": "2024-02-29-21-00-00", "latency": 13}, {"date": "2024-02-29-21-00-00", "latency": 13}, {"date": "2024-02-29-21-00-00", "latency": 13}, {"date": "2024-02-29-21-00-00", "latency": 13}, {"date": "2024-02-29-21-00-00", "latency": 13}, {"date": "2024-02-29-21-00-00", "latency": 13}, {"date": "2024-02-29-21-00-00", "latency": 13}, {"date": "2024-02-29-21-00-00", "latency": 13}, {"date": "2024-02-29-21-00-00", "latency": 13}, {"date": "2024-02-29-21-00-00", "latency": 13}]}, {"location": {"country_code": "de", "region": "Brandenburg"}, "game_id": "135305", "values": [{"date": "2024-02-29-14-00-00", "latency": 28}, {"date": "2024-02-29-14-00-00", "latency": 28}, {"date": "2024-02-29-14-00-00", "latency": 28}]}, {"location": {"country_code": "ar", "region": "Neuquen Province"}, "game_id": "135305", "values": [{"date": "2024-03-01-01-00-00", "latency": 163}]}, {"location": {"country_code": "br", "region": "Parana", "city": "Umuarama"}, "game_id": "135305", "values": [{"date": "2024-03-01-00-00-00", "latency": 136}, {"date": "2024-03-01-00-00-00", "latency": 136}, {"date": "2024-03-01-00-00-00", "latency": 136}, {"date": "2024-03-01-00-00-00", "latency": 136}]}, {"location": {"country_code": "us", "region": "New York"}, "game_id": "135305", "values": [{"date": "2024-02-29-05-00-00", "latency": 23}, {"date": "2024-02-29-05-00-00", "latency": 23}, {"date": "2024-02-29-05-00-00", "latency": 23}, {"date": "2024-02-29-05-00-00", "latency": 23}]}, {"location": {"country_code": "fr", "region": "Aquitania-Limosino-Poitou-Charentes", "city": "Bordeaux"}, "game_id": "135305", "values": [{"date": "2024-02-29-23-00-00", "latency": 29}, {"date": "2024-02-29-23-00-00", "latency": 29}, {"date": "2024-02-29-23-00-00", "latency": 29}, {"date": "2024-02-29-23-00-00", "latency": 29}, {"date": "2024-02-29-23-00-00", "latency": 29}, {"date": "2024-02-29-23-00-00", "latency": 29}, {"date": "2024-02-29-23-00-00", "latency": 29}, {"date": "2024-02-29-23-00-00", "latency": 29}, {"date": "2024-02-29-23-00-00", "latency": 29}, {"date": "2024-02-29-23-00-00", "latency": 29}, {"date": "2024-02-29-23-00-00", "latency": 29}, {"date": "2024-02-29-23-00-00", "latency": 29}, {"date": "2024-02-29-23-00-00", "latency": 29}, {"date": "2024-02-29-23-00-00", "latency": 29}, {"date": "2024-02-29-23-00-00", "latency": 29}, {"date": "2024-02-29-23-00-00", "latency": 29}, {"date": "2024-02-29-23-00-00", "latency": 29}]}, {"location": {"country_code": "it", "region": "Campania"}, "game_id": "135305", "values": [{"date": "2024-02-29-19-00-00", "latency": 40}, {"date": "2024-02-29-19-00-00", "latency": 40}, {"date": "2024-02-29-19-00-00", "latency": 40}, {"date": "2024-02-29-19-00-00", "latency": 40}]}, {"location": {"country_code": "ca", "region": "Nunavut"}, "game_id": "135305", "values": [{"date": "2024-02-29-07-00-00", "latency": 48}, {"date": "2024-02-29-07-00-00", "latency": 48}]}, {"location": {"country_code": "br", "region": "Paraiba", "city": "Santa Rita"}, "game_id": "135305", "values": [{"date": "2024-02-29-17-00-00", "latency": 88}, {"date": "2024-02-29-17-00-00", "latency": 88}, {"date": "2024-02-29-17-00-00", "latency": 88}, {"date": "2024-02-29-17-00-00", "latency": 88}, {"date": "2024-02-29-17-00-00", "latency": 88}, {"date": "2024-02-29-17-00-00", "latency": 88}, {"date": "2024-02-29-17-00-00", "latency": 88}, {"date": "2024-02-29-17-00-00", "latency": 88}, {"date": "2024-02-29-17-00-00", "latency": 88}, {"date": "2024-02-29-17-00-00", "latency": 88}, {"date": "2024-02-29-17-00-00", "latency": 88}, {"date": "2024-02-29-17-00-00", "latency": 88}, {"date": "2024-02-29-17-00-00", "latency": 88}, {"date": "2024-02-29-17-00-00", "latency": 88}, {"date": "2024-02-29-17-00-00", "latency": 88}, {"date": "2024-02-29-17-00-00", "latency": 88}, {"date": "2024-02-29-17-00-00", "latency": 88}, {"date": "2024-02-29-17-00-00", "latency": 88}, {"date": "2024-02-29-17-00-00", "latency": 88}, {"date": "2024-02-29-17-00-00", "latency": 88}, {"date": "2024-02-29-17-00-00", "latency": 88}]}, {"location": {"country_code": "us", "region": "Puerto Rico", "city": "Mayaguez"}, "game_id": "135305", "values": [{"date": "2024-02-29-22-00-00", "latency": 76}]}, {"location": {"country_code": "ve", "region": "Miranda"}, "game_id": "135305", "values": [{"date": "2024-03-01-00-00-00", "latency": 78}, {"date": "2024-02-29-17-00-00", "latency": 88}, {"date": "2024-02-29-17-00-00", "latency": 88}, {"date": "2024-02-29-17-00-00", "latency": 88}, {"date": "2024-02-29-17-00-00", "latency": 88}, {"date": "2024-02-29-17-00-00", "latency": 88}]}, {"location": {"country_code": "ru", "region": "Krasnodar Krai", "city": "Novorossiysk"}, "game_id": "135305", "values": [{"date": "2024-02-29-16-00-00", "latency": 70}, {"date": "2024-02-29-16-00-00", "latency": 70}, {"date": "2024-02-29-16-00-00", "latency": 70}, {"date": "2024-02-29-16-00-00", "latency": 70}, {"date": "2024-02-29-16-00-00", "latency": 70}, {"date": "2024-02-29-16-00-00", "latency": 70}, {"date": "2024-02-29-16-00-00", "latency": 70}]}, {"location": {"country_code": "cr", "region": "San Jose", "city": "San Jose"}, "game_id": "135305", "values": [{"date": "2024-02-29-09-00-00", "latency": 75}, {"date": "2024-02-29-09-00-00", "latency": 75}, {"date": "2024-02-29-09-00-00", "latency": 75}]}, {"location": {"country_code": "it", "region": "Lazio", "city": "Velletri"}, "game_id": "135305", "values": [{"date": "2024-02-29-15-00-00", "latency": 21}, {"date": "2024-02-29-15-00-00", "latency": 21}]}, {"location": {"country_code": "br", "region": "Santa Catarina", "city": "Urussanga"}, "game_id": "135305", "values": [{"date": "2024-02-29-18-00-00", "latency": 144}, {"date": "2024-02-29-18-00-00", "latency": 144}]}, {"location": {"country_code": "br", "region": "Minas Gerais", "city": "Braunas"}, "game_id": "135305", "values": [{"date": "2024-02-29-23-00-00", "latency": 136}, {"date": "2024-02-29-23-00-00", "latency": 136}]}], "last_updated": 1719924471.691996}