{"data": [{"location": {"country_code": "us"}, "game_id": "452439", "values": [{"date": "2024-01-22-02-00-00", "latency": 92}, {"date": "2024-01-22-02-00-00", "latency": 92}, {"date": "2024-01-22-02-00-00", "latency": 92}, {"date": "2024-01-22-02-00-00", "latency": 92}, {"date": "2024-01-22-02-00-00", "latency": 86}]}, {"location": {"country_code": "nl"}, "game_id": "452439", "values": [{"date": "2024-01-22-23-00-00", "latency": 79}, {"date": "2024-01-22-23-00-00", "latency": 79}, {"date": "2024-01-22-23-00-00", "latency": 79}, {"date": "2024-01-22-23-00-00", "latency": 79}, {"date": "2024-01-22-23-00-00", "latency": 79}, {"date": "2024-01-22-23-00-00", "latency": 79}, {"date": "2024-01-22-23-00-00", "latency": 79}, {"date": "2024-01-22-23-00-00", "latency": 79}, {"date": "2024-01-22-23-00-00", "latency": 79}, {"date": "2024-01-22-23-00-00", "latency": 79}, {"date": "2024-01-22-23-00-00", "latency": 79}, {"date": "2024-01-22-23-00-00", "latency": 79}, {"date": "2024-01-22-23-00-00", "latency": 79}, {"date": "2024-01-22-23-00-00", "latency": 79}, {"date": "2024-01-22-23-00-00", "latency": 79}, {"date": "2024-01-22-23-00-00", "latency": 79}, {"date": "2024-01-22-23-00-00", "latency": 79}, {"date": "2024-01-22-23-00-00", "latency": 79}, {"date": "2024-01-22-23-00-00", "latency": 79}, {"date": "2024-01-22-23-00-00", "latency": 79}, {"date": "2024-01-22-23-00-00", "latency": 79}, {"date": "2024-01-22-23-00-00", "latency": 79}, {"date": "2024-01-22-23-00-00", "latency": 79}, {"date": "2024-01-22-23-00-00", "latency": 79}, {"date": "2024-01-22-23-00-00", "latency": 79}, {"date": "2024-01-22-23-00-00", "latency": 79}, {"date": "2024-01-22-23-00-00", "latency": 79}, {"date": "2024-01-22-23-00-00", "latency": 79}, {"date": "2024-01-22-23-00-00", "latency": 79}, {"date": "2024-01-22-23-00-00", "latency": 79}, {"date": "2024-01-22-23-00-00", "latency": 79}, {"date": "2024-01-22-23-00-00", "latency": 79}, {"date": "2024-01-22-23-00-00", "latency": 79}]}, {"location": {"country_code": "ca"}, "game_id": "452439", "values": [{"date": "2024-01-22-20-00-00", "latency": 115}, {"date": "2024-01-22-20-00-00", "latency": 115}, {"date": "2024-01-22-20-00-00", "latency": 115}, {"date": "2024-01-22-20-00-00", "latency": 115}, {"date": "2024-01-22-20-00-00", "latency": 115}, {"date": "2024-01-22-20-00-00", "latency": 115}, {"date": "2024-01-22-20-00-00", "latency": 115}, {"date": "2024-01-22-20-00-00", "latency": 115}, {"date": "2024-01-22-20-00-00", "latency": 115}, {"date": "2024-01-22-20-00-00", "latency": 115}, {"date": "2024-01-22-02-00-00", "latency": 52}]}, {"location": {"country_code": "de"}, "game_id": "452439", "values": [{"date": "2024-01-22-22-00-00", "latency": 84}]}, {"location": {"country_code": "us", "region": "Texas"}, "game_id": "452439", "values": [{"date": "2024-01-22-07-00-00", "latency": 146}]}, {"location": {"country_code": "br", "region": "Sao Paulo", "city": "Apiai"}, "game_id": "452439", "values": [{"date": "2024-01-22-02-00-00", "latency": 62}]}, {"location": {"country_code": "se"}, "game_id": "452439", "values": [{"date": "2024-01-22-20-00-00", "latency": 75}]}, {"location": {"country_code": "au"}, "game_id": "452439", "values": [{"date": "2024-01-22-07-00-00", "latency": 67}]}, {"location": {"country_code": "dk"}, "game_id": "452439", "values": [{"date": "2024-01-22-23-00-00", "latency": 78}]}, {"location": {"country_code": "ar"}, "game_id": "452439", "values": [{"date": "2024-01-22-07-00-00", "latency": 189}, {"date": "2024-01-22-02-00-00", "latency": 70}, {"date": "2024-01-22-04-00-00", "latency": 106}]}, {"location": {"country_code": "ar", "region": "Buenos Aires F.D.", "city": "Bahia Blanca"}, "game_id": "452439", "values": [{"date": "2024-01-22-20-00-00", "latency": 63}]}, {"location": {"country_code": "us", "region": "Alaska"}, "game_id": "452439", "values": [{"date": "2024-01-22-22-00-00", "latency": 134}, {"date": "2024-01-22-22-00-00", "latency": 134}, {"date": "2024-01-22-22-00-00", "latency": 134}, {"date": "2024-01-22-22-00-00", "latency": 134}]}, {"location": {"country_code": "at", "region": "Styria", "city": "Angenofen"}, "game_id": "452439", "values": [{"date": "2024-01-22-23-00-00", "latency": 68}]}, {"location": {"country_code": "us", "region": "Arizona"}, "game_id": "452439", "values": [{"date": "2024-01-22-02-00-00", "latency": 68}, {"date": "2024-01-22-02-00-00", "latency": 68}]}, {"location": {"country_code": "es", "region": "Catalonia", "city": "l'Hospitalet de Llobregat"}, "game_id": "452439", "values": [{"date": "2024-01-23-00-00-00", "latency": 130}]}, {"location": {"country_code": "us", "region": "Illinois"}, "game_id": "452439", "values": [{"date": "2024-01-22-23-00-00", "latency": 56}, {"date": "2024-01-22-23-00-00", "latency": 56}, {"date": "2024-01-22-23-00-00", "latency": 56}, {"date": "2024-01-22-23-00-00", "latency": 56}, {"date": "2024-01-22-23-00-00", "latency": 56}]}, {"location": {"country_code": "us", "region": "Arizona", "city": "Phoenix"}, "game_id": "452439", "values": [{"date": "2024-01-22-07-00-00", "latency": 82}]}, {"location": {"country_code": "ca", "region": "Nova Scotia", "city": "Bedford"}, "game_id": "452439", "values": [{"date": "2024-01-22-04-00-00", "latency": 53}]}, {"location": {"country_code": "us", "region": "Georgia", "city": "Kings Bay Base"}, "game_id": "452439", "values": [{"date": "2024-01-22-02-00-00", "latency": 88}, {"date": "2024-01-22-02-00-00", "latency": 88}]}, {"location": {"country_code": "us", "region": "Washington", "city": "Seattle"}, "game_id": "452439", "values": [{"date": "2024-01-22-21-00-00", "latency": 92}, {"date": "2024-01-22-21-00-00", "latency": 92}, {"date": "2024-01-22-21-00-00", "latency": 92}]}, {"location": {"country_code": "de", "region": "North Rhine-Westphalia"}, "game_id": "452439", "values": [{"date": "2024-01-23-00-00-00", "latency": 88}, {"date": "2024-01-23-00-00-00", "latency": 88}]}, {"location": {"country_code": "us", "region": "North Carolina", "city": "Greensboro"}, "game_id": "452439", "values": [{"date": "2024-01-22-02-00-00", "latency": 67}, {"date": "2024-01-22-02-00-00", "latency": 67}]}, {"location": {"country_code": "de", "region": "Bavaria", "city": "Wurzburg"}, "game_id": "452439", "values": [{"date": "2024-01-22-21-00-00", "latency": 50}]}, {"location": {"country_code": "nl", "region": "South Holland", "city": "Rotterdam"}, "game_id": "452439", "values": [{"date": "2024-01-22-19-00-00", "latency": 35}, {"date": "2024-01-22-19-00-00", "latency": 35}]}, {"location": {"country_code": "ua", "region": "Mykolaiv Oblast"}, "game_id": "452439", "values": [{"date": "2024-01-22-22-00-00", "latency": 53}]}], "last_updated": 1719927577.17838}