{"data": [{"location": {"country_code": "us"}, "game_id": "295590", "values": [{"date": "2023-11-06-17-00-00", "latency": 4}, {"date": "2023-11-06-17-00-00", "latency": 4}, {"date": "2023-11-06-17-00-00", "latency": 4}, {"date": "2023-11-06-17-00-00", "latency": 4}, {"date": "2023-11-06-09-00-00", "latency": 6}, {"date": "2023-11-06-05-00-00", "latency": 4}, {"date": "2023-11-06-05-00-00", "latency": 4}, {"date": "2023-11-06-05-00-00", "latency": 8}, {"date": "2023-11-06-05-00-00", "latency": 8}, {"date": "2023-11-06-05-00-00", "latency": 8}, {"date": "2023-11-06-16-00-00", "latency": 13}, {"date": "2023-11-06-22-00-00", "latency": 0}, {"date": "2023-11-06-03-00-00", "latency": 3}, {"date": "2023-11-06-03-00-00", "latency": 3}, {"date": "2023-11-06-02-00-00", "latency": 3}, {"date": "2023-11-06-02-00-00", "latency": 3}, {"date": "2023-11-06-02-00-00", "latency": 3}, {"date": "2023-11-06-02-00-00", "latency": 3}, {"date": "2023-11-06-02-00-00", "latency": 3}, {"date": "2023-11-06-08-00-00", "latency": 2}, {"date": "2023-11-06-08-00-00", "latency": 2}, {"date": "2023-11-06-08-00-00", "latency": 2}, {"date": "2023-11-06-08-00-00", "latency": 2}, {"date": "2023-11-06-08-00-00", "latency": 2}, {"date": "2023-11-06-08-00-00", "latency": 2}, {"date": "2023-11-07-00-00-00", "latency": 7}, {"date": "2023-11-07-00-00-00", "latency": 7}, {"date": "2023-11-07-00-00-00", "latency": 7}, {"date": "2023-11-07-00-00-00", "latency": 7}, {"date": "2023-11-07-00-00-00", "latency": 7}, {"date": "2023-11-07-00-00-00", "latency": 7}, {"date": "2023-11-06-11-00-00", "latency": 16}, {"date": "2023-11-06-11-00-00", "latency": 16}, {"date": "2023-11-06-11-00-00", "latency": 1}, {"date": "2023-11-06-11-00-00", "latency": 1}, {"date": "2023-11-06-11-00-00", "latency": 1}, {"date": "2023-11-06-06-00-00", "latency": 3}, {"date": "2023-11-07-00-00-00", "latency": 1637}, {"date": "2023-11-07-00-00-00", "latency": 1637}, {"date": "2023-11-06-18-00-00", "latency": 0}, {"date": "2023-11-06-06-00-00", "latency": 5}]}, {"location": {"country_code": "de", "region": "Berlin", "city": "Berlin"}, "game_id": "295590", "values": [{"date": "2023-11-06-16-00-00", "latency": 13}]}, {"location": {"country_code": "eg"}, "game_id": "295590", "values": [{"date": "2023-11-06-09-00-00", "latency": 32}, {"date": "2023-11-06-09-00-00", "latency": 32}, {"date": "2023-11-06-10-00-00", "latency": 5}, {"date": "2023-11-06-10-00-00", "latency": 5}]}, {"location": {"country_code": "us", "region": "New York", "city": "Jamestown"}, "game_id": "295590", "values": [{"date": "2023-11-06-05-00-00", "latency": 2}, {"date": "2023-11-06-05-00-00", "latency": 2}, {"date": "2023-11-06-05-00-00", "latency": 2}, {"date": "2023-11-06-05-00-00", "latency": 2}, {"date": "2023-11-06-23-00-00", "latency": 5}, {"date": "2023-11-06-23-00-00", "latency": 5}, {"date": "2023-11-07-01-00-00", "latency": 3}]}, {"location": {"country_code": "gb"}, "game_id": "295590", "values": [{"date": "2023-11-06-21-00-00", "latency": 55}, {"date": "2023-11-06-08-00-00", "latency": 0}, {"date": "2023-11-06-18-00-00", "latency": 6}, {"date": "2023-11-06-18-00-00", "latency": 6}, {"date": "2023-11-06-18-00-00", "latency": 6}, {"date": "2023-11-06-18-00-00", "latency": 6}, {"date": "2023-11-06-18-00-00", "latency": 6}, {"date": "2023-11-06-18-00-00", "latency": 6}, {"date": "2023-11-06-18-00-00", "latency": 6}, {"date": "2023-11-06-18-00-00", "latency": 6}, {"date": "2023-11-06-18-00-00", "latency": 6}, {"date": "2023-11-06-18-00-00", "latency": 6}, {"date": "2023-11-06-22-00-00", "latency": 1}]}, {"location": {"country_code": "th"}, "game_id": "295590", "values": [{"date": "2023-11-06-21-00-00", "latency": 1}, {"date": "2023-11-06-21-00-00", "latency": 1}]}, {"location": {"country_code": "gr"}, "game_id": "295590", "values": [{"date": "2023-11-06-14-00-00", "latency": 34}, {"date": "2023-11-06-14-00-00", "latency": 34}, {"date": "2023-11-06-14-00-00", "latency": 34}, {"date": "2023-11-06-14-00-00", "latency": 34}, {"date": "2023-11-06-14-00-00", "latency": 34}, {"date": "2023-11-06-14-00-00", "latency": 34}, {"date": "2023-11-06-14-00-00", "latency": 34}, {"date": "2023-11-06-14-00-00", "latency": 34}, {"date": "2023-11-06-14-00-00", "latency": 34}, {"date": "2023-11-06-14-00-00", "latency": 34}]}, {"location": {"country_code": "pa"}, "game_id": "295590", "values": [{"date": "2023-11-06-02-00-00", "latency": 5}]}, {"location": {"country_code": "cz"}, "game_id": "295590", "values": [{"date": "2023-11-06-18-00-00", "latency": 2}]}, {"location": {"country_code": "it"}, "game_id": "295590", "values": [{"date": "2023-11-06-23-00-00", "latency": 235}, {"date": "2023-11-06-21-00-00", "latency": 1}]}, {"location": {"country_code": "it", "region": "Lombardy"}, "game_id": "295590", "values": [{"date": "2023-11-06-23-00-00", "latency": 3}]}, {"location": {"country_code": "ro"}, "game_id": "295590", "values": [{"date": "2023-11-06-23-00-00", "latency": 3}]}, {"location": {"country_code": "za"}, "game_id": "295590", "values": [{"date": "2023-11-06-22-00-00", "latency": 4}]}, {"location": {"country_code": "jp"}, "game_id": "295590", "values": [{"date": "2023-11-06-23-00-00", "latency": 7}, {"date": "2023-11-07-00-00-00", "latency": 5}, {"date": "2023-11-06-14-00-00", "latency": 1}, {"date": "2023-11-06-14-00-00", "latency": 1}, {"date": "2023-11-06-14-00-00", "latency": 1}, {"date": "2023-11-06-20-00-00", "latency": 2}]}, {"location": {"country_code": "ca"}, "game_id": "295590", "values": [{"date": "2023-11-06-09-00-00", "latency": 4}, {"date": "2023-11-06-09-00-00", "latency": 4}, {"date": "2023-11-06-09-00-00", "latency": 4}, {"date": "2023-11-06-09-00-00", "latency": 4}, {"date": "2023-11-06-09-00-00", "latency": 4}, {"date": "2023-11-06-09-00-00", "latency": 4}, {"date": "2023-11-06-09-00-00", "latency": 4}, {"date": "2023-11-06-03-00-00", "latency": 4}, {"date": "2023-11-06-07-00-00", "latency": 1}, {"date": "2023-11-06-07-00-00", "latency": 1}, {"date": "2023-11-06-07-00-00", "latency": 1}, {"date": "2023-11-06-21-00-00", "latency": 4}, {"date": "2023-11-06-21-00-00", "latency": 4}, {"date": "2023-11-06-02-00-00", "latency": 25}, {"date": "2023-11-06-08-00-00", "latency": 4}, {"date": "2023-11-06-08-00-00", "latency": 4}, {"date": "2023-11-07-01-00-00", "latency": 2}, {"date": "2023-11-07-01-00-00", "latency": 2}, {"date": "2023-11-07-01-00-00", "latency": 2}, {"date": "2023-11-07-01-00-00", "latency": 2}, {"date": "2023-11-06-20-00-00", "latency": 7}, {"date": "2023-11-06-18-00-00", "latency": 4}, {"date": "2023-11-06-04-00-00", "latency": 1}, {"date": "2023-11-06-20-00-00", "latency": 7}, {"date": "2023-11-06-20-00-00", "latency": 7}]}, {"location": {"country_code": "ch"}, "game_id": "295590", "values": [{"date": "2023-11-06-23-00-00", "latency": 23}, {"date": "2023-11-06-23-00-00", "latency": 23}]}, {"location": {"country_code": "de"}, "game_id": "295590", "values": [{"date": "2023-11-06-20-00-00", "latency": 1}, {"date": "2023-11-06-20-00-00", "latency": 1}, {"date": "2023-11-06-20-00-00", "latency": 2}, {"date": "2023-11-06-23-00-00", "latency": 2}]}, {"location": {"country_code": "tw"}, "game_id": "295590", "values": [{"date": "2023-11-06-16-00-00", "latency": 0}]}, {"location": {"country_code": "br", "region": "Parana", "city": "Araucaria"}, "game_id": "295590", "values": [{"date": "2023-11-07-00-00-00", "latency": 8}]}, {"location": {"country_code": "br"}, "game_id": "295590", "values": [{"date": "2023-11-06-22-00-00", "latency": 0}, {"date": "2023-11-07-01-00-00", "latency": 0}, {"date": "2023-11-07-01-00-00", "latency": 0}, {"date": "2023-11-07-01-00-00", "latency": 0}, {"date": "2023-11-07-01-00-00", "latency": 0}, {"date": "2023-11-07-01-00-00", "latency": 0}, {"date": "2023-11-07-01-00-00", "latency": 0}, {"date": "2023-11-07-01-00-00", "latency": 0}, {"date": "2023-11-07-01-00-00", "latency": 0}, {"date": "2023-11-07-01-00-00", "latency": 0}, {"date": "2023-11-07-01-00-00", "latency": 0}, {"date": "2023-11-06-05-00-00", "latency": 2}, {"date": "2023-11-06-02-00-00", "latency": 3}, {"date": "2023-11-06-09-00-00", "latency": 0}, {"date": "2023-11-06-09-00-00", "latency": 0}, {"date": "2023-11-06-09-00-00", "latency": 0}, {"date": "2023-11-06-04-00-00", "latency": 9}, {"date": "2023-11-06-04-00-00", "latency": 9}, {"date": "2023-11-06-04-00-00", "latency": 9}, {"date": "2023-11-06-04-00-00", "latency": 9}, {"date": "2023-11-06-04-00-00", "latency": 9}, {"date": "2023-11-06-18-00-00", "latency": 5}, {"date": "2023-11-06-05-00-00", "latency": 3}, {"date": "2023-11-06-05-00-00", "latency": 3}, {"date": "2023-11-06-04-00-00", "latency": 13}, {"date": "2023-11-06-04-00-00", "latency": 13}, {"date": "2023-11-06-04-00-00", "latency": 13}, {"date": "2023-11-07-01-00-00", "latency": 2}, {"date": "2023-11-06-01-00-00", "latency": 87}, {"date": "2023-11-06-01-00-00", "latency": 87}, {"date": "2023-11-06-20-00-00", "latency": 84}, {"date": "2023-11-06-20-00-00", "latency": 84}, {"date": "2023-11-06-20-00-00", "latency": 84}, {"date": "2023-11-06-20-00-00", "latency": 84}, {"date": "2023-11-06-20-00-00", "latency": 84}, {"date": "2023-11-06-20-00-00", "latency": 84}, {"date": "2023-11-06-11-00-00", "latency": 0}]}, {"location": {"country_code": "es", "region": "Madrid"}, "game_id": "295590", "values": [{"date": "2023-11-06-11-00-00", "latency": 3}, {"date": "2023-11-06-17-00-00", "latency": 7}]}, {"location": {"country_code": "cl"}, "game_id": "295590", "values": [{"date": "2023-11-06-01-00-00", "latency": 4}, {"date": "2023-11-06-07-00-00", "latency": 1}, {"date": "2023-11-06-03-00-00", "latency": 35}, {"date": "2023-11-06-02-00-00", "latency": 8}, {"date": "2023-11-07-00-00-00", "latency": 2}, {"date": "2023-11-06-05-00-00", "latency": 4}]}, {"location": {"country_code": "us", "region": "Texas"}, "game_id": "295590", "values": [{"date": "2023-11-07-01-00-00", "latency": 34}, {"date": "2023-11-07-01-00-00", "latency": 34}, {"date": "2023-11-07-01-00-00", "latency": 34}, {"date": "2023-11-06-04-00-00", "latency": 0}, {"date": "2023-11-06-19-00-00", "latency": 3}, {"date": "2023-11-06-19-00-00", "latency": 3}, {"date": "2023-11-06-19-00-00", "latency": 3}, {"date": "2023-11-06-19-00-00", "latency": 3}, {"date": "2023-11-06-19-00-00", "latency": 3}, {"date": "2023-11-06-19-00-00", "latency": 3}, {"date": "2023-11-06-19-00-00", "latency": 3}, {"date": "2023-11-06-19-00-00", "latency": 3}, {"date": "2023-11-06-19-00-00", "latency": 3}, {"date": "2023-11-06-09-00-00", "latency": 1}, {"date": "2023-11-06-02-00-00", "latency": 2}, {"date": "2023-11-06-02-00-00", "latency": 2}, {"date": "2023-11-06-05-00-00", "latency": 11}, {"date": "2023-11-06-05-00-00", "latency": 11}, {"date": "2023-11-06-02-00-00", "latency": 8}]}, {"location": {"country_code": "us", "region": "Florida"}, "game_id": "295590", "values": [{"date": "2023-11-06-04-00-00", "latency": 3}, {"date": "2023-11-06-12-00-00", "latency": 2}, {"date": "2023-11-06-23-00-00", "latency": 3}, {"date": "2023-11-06-23-00-00", "latency": 3}, {"date": "2023-11-06-23-00-00", "latency": 3}, {"date": "2023-11-06-23-00-00", "latency": 3}]}, {"location": {"country_code": "au", "region": "New South Wales", "city": "Sydney"}, "game_id": "295590", "values": [{"date": "2023-11-06-04-00-00", "latency": 1}, {"date": "2023-11-06-04-00-00", "latency": 1}]}, {"location": {"country_code": "us", "region": "Florida", "city": "West Palm Beach"}, "game_id": "295590", "values": [{"date": "2023-11-06-21-00-00", "latency": 2}]}, {"location": {"country_code": "ph"}, "game_id": "295590", "values": [{"date": "2023-11-06-17-00-00", "latency": 6}]}, {"location": {"country_code": "fr"}, "game_id": "295590", "values": [{"date": "2023-11-06-12-00-00", "latency": 14}, {"date": "2023-11-06-12-00-00", "latency": 14}, {"date": "2023-11-07-01-00-00", "latency": 1}, {"date": "2023-11-06-15-00-00", "latency": 2}, {"date": "2023-11-06-15-00-00", "latency": 2}, {"date": "2023-11-06-15-00-00", "latency": 2}, {"date": "2023-11-06-15-00-00", "latency": 2}, {"date": "2023-11-06-15-00-00", "latency": 2}, {"date": "2023-11-06-23-00-00", "latency": 1}, {"date": "2023-11-06-23-00-00", "latency": 1}, {"date": "2023-11-06-23-00-00", "latency": 1}, {"date": "2023-11-06-13-00-00", "latency": 2}]}, {"location": {"country_code": "fr", "region": "Alsazia-Champagne-Ardenne-Lorena", "city": "Mulhouse"}, "game_id": "295590", "values": [{"date": "2023-11-06-22-00-00", "latency": 2}, {"date": "2023-11-06-22-00-00", "latency": 2}]}, {"location": {"country_code": "us", "region": "New Jersey"}, "game_id": "295590", "values": [{"date": "2023-11-06-06-00-00", "latency": 0}]}, {"location": {"country_code": "mx"}, "game_id": "295590", "values": [{"date": "2023-11-06-04-00-00", "latency": 8}, {"date": "2023-11-06-05-00-00", "latency": 6}, {"date": "2023-11-06-21-00-00", "latency": 16}, {"date": "2023-11-06-21-00-00", "latency": 16}, {"date": "2023-11-06-04-00-00", "latency": 7}, {"date": "2023-11-06-04-00-00", "latency": 7}, {"date": "2023-11-06-04-00-00", "latency": 7}, {"date": "2023-11-06-04-00-00", "latency": 7}, {"date": "2023-11-06-04-00-00", "latency": 7}, {"date": "2023-11-06-04-00-00", "latency": 7}, {"date": "2023-11-06-04-00-00", "latency": 7}, {"date": "2023-11-06-04-00-00", "latency": 5}, {"date": "2023-11-06-04-00-00", "latency": 5}, {"date": "2023-11-06-03-00-00", "latency": 1}, {"date": "2023-11-06-03-00-00", "latency": 1}, {"date": "2023-11-06-03-00-00", "latency": 1}, {"date": "2023-11-06-08-00-00", "latency": 2}, {"date": "2023-11-06-08-00-00", "latency": 5}, {"date": "2023-11-06-08-00-00", "latency": 5}, {"date": "2023-11-06-08-00-00", "latency": 5}, {"date": "2023-11-06-08-00-00", "latency": 5}, {"date": "2023-11-06-08-00-00", "latency": 5}, {"date": "2023-11-06-08-00-00", "latency": 5}, {"date": "2023-11-06-08-00-00", "latency": 5}, {"date": "2023-11-06-08-00-00", "latency": 5}, {"date": "2023-11-06-08-00-00", "latency": 5}, {"date": "2023-11-06-08-00-00", "latency": 5}, {"date": "2023-11-06-04-00-00", "latency": 15}, {"date": "2023-11-06-04-00-00", "latency": 15}, {"date": "2023-11-06-04-00-00", "latency": 15}, {"date": "2023-11-06-09-00-00", "latency": 19}, {"date": "2023-11-06-02-00-00", "latency": 5}, {"date": "2023-11-06-10-00-00", "latency": 7}, {"date": "2023-11-06-10-00-00", "latency": 7}, {"date": "2023-11-06-08-00-00", "latency": 5}, {"date": "2023-11-06-08-00-00", "latency": 5}, {"date": "2023-11-06-08-00-00", "latency": 5}, {"date": "2023-11-06-08-00-00", "latency": 5}, {"date": "2023-11-06-08-00-00", "latency": 5}, {"date": "2023-11-06-08-00-00", "latency": 5}, {"date": "2023-11-06-08-00-00", "latency": 5}, {"date": "2023-11-06-10-00-00", "latency": 0}, {"date": "2023-11-06-03-00-00", "latency": 0}, {"date": "2023-11-06-03-00-00", "latency": 0}, {"date": "2023-11-06-23-00-00", "latency": 5}, {"date": "2023-11-06-02-00-00", "latency": 3}, {"date": "2023-11-06-03-00-00", "latency": 0}, {"date": "2023-11-06-03-00-00", "latency": 0}, {"date": "2023-11-06-03-00-00", "latency": 0}, {"date": "2023-11-06-03-00-00", "latency": 0}, {"date": "2023-11-06-02-00-00", "latency": 9}, {"date": "2023-11-06-05-00-00", "latency": 5}, {"date": "2023-11-06-05-00-00", "latency": 5}, {"date": "2023-11-06-05-00-00", "latency": 5}, {"date": "2023-11-06-05-00-00", "latency": 2}, {"date": "2023-11-06-05-00-00", "latency": 2}, {"date": "2023-11-06-05-00-00", "latency": 2}, {"date": "2023-11-06-05-00-00", "latency": 2}, {"date": "2023-11-06-01-00-00", "latency": 7}, {"date": "2023-11-06-05-00-00", "latency": 42}, {"date": "2023-11-06-05-00-00", "latency": 42}, {"date": "2023-11-06-05-00-00", "latency": 42}, {"date": "2023-11-06-05-00-00", "latency": 42}, {"date": "2023-11-06-07-00-00", "latency": 0}, {"date": "2023-11-06-07-00-00", "latency": 0}, {"date": "2023-11-06-03-00-00", "latency": 7}, {"date": "2023-11-06-03-00-00", "latency": 7}, {"date": "2023-11-06-07-00-00", "latency": 7}, {"date": "2023-11-06-05-00-00", "latency": 6}, {"date": "2023-11-06-05-00-00", "latency": 6}, {"date": "2023-11-06-06-00-00", "latency": 7}, {"date": "2023-11-06-01-00-00", "latency": 4}, {"date": "2023-11-06-05-00-00", "latency": 6}, {"date": "2023-11-06-07-00-00", "latency": 5}, {"date": "2023-11-06-04-00-00", "latency": 2}, {"date": "2023-11-06-04-00-00", "latency": 2}, {"date": "2023-11-06-04-00-00", "latency": 2}, {"date": "2023-11-06-04-00-00", "latency": 2}, {"date": "2023-11-06-04-00-00", "latency": 2}, {"date": "2023-11-06-04-00-00", "latency": 2}, {"date": "2023-11-06-04-00-00", "latency": 2}, {"date": "2023-11-06-08-00-00", "latency": 6}, {"date": "2023-11-06-08-00-00", "latency": 6}, {"date": "2023-11-06-08-00-00", "latency": 6}, {"date": "2023-11-06-08-00-00", "latency": 6}, {"date": "2023-11-06-08-00-00", "latency": 6}, {"date": "2023-11-06-04-00-00", "latency": 5}, {"date": "2023-11-06-06-00-00", "latency": 2}, {"date": "2023-11-06-06-00-00", "latency": 2}, {"date": "2023-11-06-06-00-00", "latency": 8}, {"date": "2023-11-06-03-00-00", "latency": 1}, {"date": "2023-11-06-03-00-00", "latency": 1}, {"date": "2023-11-06-03-00-00", "latency": 1}, {"date": "2023-11-06-03-00-00", "latency": 1}, {"date": "2023-11-06-03-00-00", "latency": 1}, {"date": "2023-11-06-02-00-00", "latency": 7}, {"date": "2023-11-06-02-00-00", "latency": 7}, {"date": "2023-11-06-03-00-00", "latency": 2}, {"date": "2023-11-06-03-00-00", "latency": 2}]}, {"location": {"country_code": "mx", "region": "Mexico City"}, "game_id": "295590", "values": [{"date": "2023-11-06-08-00-00", "latency": 1}, {"date": "2023-11-07-01-00-00", "latency": 4}, {"date": "2023-11-07-01-00-00", "latency": 4}, {"date": "2023-11-07-01-00-00", "latency": 4}, {"date": "2023-11-07-01-00-00", "latency": 4}, {"date": "2023-11-07-01-00-00", "latency": 4}, {"date": "2023-11-07-01-00-00", "latency": 4}, {"date": "2023-11-06-05-00-00", "latency": 0}, {"date": "2023-11-06-05-00-00", "latency": 0}, {"date": "2023-11-06-04-00-00", "latency": 0}, {"date": "2023-11-06-04-00-00", "latency": 0}, {"date": "2023-11-06-06-00-00", "latency": 2}, {"date": "2023-11-06-05-00-00", "latency": 97}]}, {"location": {"country_code": "us", "region": "California"}, "game_id": "295590", "values": [{"date": "2023-11-07-00-00-00", "latency": 5}, {"date": "2023-11-07-00-00-00", "latency": 5}, {"date": "2023-11-06-05-00-00", "latency": 18}, {"date": "2023-11-06-08-00-00", "latency": 9}, {"date": "2023-11-06-08-00-00", "latency": 9}, {"date": "2023-11-06-02-00-00", "latency": 6}, {"date": "2023-11-06-02-00-00", "latency": 6}]}, {"location": {"country_code": "us", "region": "California", "city": "East Los Angeles"}, "game_id": "295590", "values": [{"date": "2023-11-06-03-00-00", "latency": 8}, {"date": "2023-11-06-03-00-00", "latency": 0}, {"date": "2023-11-06-03-00-00", "latency": 0}, {"date": "2023-11-06-22-00-00", "latency": 3}, {"date": "2023-11-06-16-00-00", "latency": 3}, {"date": "2023-11-06-16-00-00", "latency": 3}, {"date": "2023-11-06-08-00-00", "latency": 6}, {"date": "2023-11-06-08-00-00", "latency": 6}, {"date": "2023-11-06-06-00-00", "latency": 7}, {"date": "2023-11-06-02-00-00", "latency": 7}, {"date": "2023-11-06-02-00-00", "latency": 7}]}, {"location": {"country_code": "co", "region": "El Valle", "city": "Cali"}, "game_id": "295590", "values": [{"date": "2023-11-06-07-00-00", "latency": 7}, {"date": "2023-11-06-07-00-00", "latency": 7}, {"date": "2023-11-07-00-00-00", "latency": 6}]}, {"location": {"country_code": "us", "region": "Colorado"}, "game_id": "295590", "values": [{"date": "2023-11-06-06-00-00", "latency": 3}]}, {"location": {"country_code": "rs"}, "game_id": "295590", "values": [{"date": "2023-11-06-12-00-00", "latency": 4}, {"date": "2023-11-06-12-00-00", "latency": 4}]}, {"location": {"country_code": "br", "region": "Sao Paulo", "city": "Piracicaba"}, "game_id": "295590", "values": [{"date": "2023-11-06-18-00-00", "latency": 0}]}, {"location": {"country_code": "br", "region": "Santa Catarina"}, "game_id": "295590", "values": [{"date": "2023-11-06-03-00-00", "latency": 3}]}, {"location": {"country_code": "se"}, "game_id": "295590", "values": [{"date": "2023-11-07-01-00-00", "latency": 2}, {"date": "2023-11-06-21-00-00", "latency": 32}]}, {"location": {"country_code": "se", "region": "Stockholm County", "city": "Stockholm"}, "game_id": "295590", "values": [{"date": "2023-11-06-18-00-00", "latency": 2}, {"date": "2023-11-06-18-00-00", "latency": 2}, {"date": "2023-11-06-06-00-00", "latency": 1}]}, {"location": {"country_code": "no"}, "game_id": "295590", "values": [{"date": "2023-11-06-16-00-00", "latency": 3}, {"date": "2023-11-06-20-00-00", "latency": 4}]}, {"location": {"country_code": "ca", "region": "British Columbia", "city": "Richmond"}, "game_id": "295590", "values": [{"date": "2023-11-06-08-00-00", "latency": 4}, {"date": "2023-11-06-05-00-00", "latency": 6}]}, {"location": {"country_code": "us", "region": "Ohio", "city": "Cincinnati"}, "game_id": "295590", "values": [{"date": "2023-11-06-17-00-00", "latency": 2}, {"date": "2023-11-06-17-00-00", "latency": 2}]}, {"location": {"country_code": "ec"}, "game_id": "295590", "values": [{"date": "2023-11-07-01-00-00", "latency": 1}, {"date": "2023-11-06-02-00-00", "latency": 9}, {"date": "2023-11-06-01-00-00", "latency": 7}]}, {"location": {"country_code": "au"}, "game_id": "295590", "values": [{"date": "2023-11-06-18-00-00", "latency": 0}, {"date": "2023-11-07-00-00-00", "latency": 8}]}, {"location": {"country_code": "au", "region": "Victoria", "city": "Melbourne"}, "game_id": "295590", "values": [{"date": "2023-11-06-10-00-00", "latency": 2}, {"date": "2023-11-06-10-00-00", "latency": 2}, {"date": "2023-11-06-13-00-00", "latency": 0}]}, {"location": {"country_code": "td"}, "game_id": "295590", "values": [{"date": "2023-11-06-23-00-00", "latency": 1}, {"date": "2023-11-06-23-00-00", "latency": 1}]}, {"location": {"country_code": "br", "region": "Goias", "city": "Catalao"}, "game_id": "295590", "values": [{"date": "2023-11-06-19-00-00", "latency": 2}]}, {"location": {"country_code": "us", "region": "Texas", "city": "Austin"}, "game_id": "295590", "values": [{"date": "2023-11-06-10-00-00", "latency": 5}, {"date": "2023-11-06-22-00-00", "latency": 0}, {"date": "2023-11-06-22-00-00", "latency": 0}, {"date": "2023-11-06-22-00-00", "latency": 0}, {"date": "2023-11-06-22-00-00", "latency": 0}, {"date": "2023-11-06-05-00-00", "latency": 7}]}, {"location": {"country_code": "es", "region": "Madrid", "city": "Parla"}, "game_id": "295590", "values": [{"date": "2023-11-06-23-00-00", "latency": 0}]}, {"location": {"country_code": "tr"}, "game_id": "295590", "values": [{"date": "2023-11-06-23-00-00", "latency": 2}, {"date": "2023-11-06-23-00-00", "latency": 2}, {"date": "2023-11-06-22-00-00", "latency": 37}, {"date": "2023-11-06-04-00-00", "latency": 3}, {"date": "2023-11-06-04-00-00", "latency": 3}, {"date": "2023-11-06-04-00-00", "latency": 3}, {"date": "2023-11-06-04-00-00", "latency": 3}, {"date": "2023-11-06-04-00-00", "latency": 3}, {"date": "2023-11-06-21-00-00", "latency": 1}, {"date": "2023-11-06-12-00-00", "latency": 0}]}, {"location": {"country_code": "pl", "region": "Greater Poland Voivodeship"}, "game_id": "295590", "values": [{"date": "2023-11-06-21-00-00", "latency": 5}]}, {"location": {"country_code": "kr", "region": "Seoul"}, "game_id": "295590", "values": [{"date": "2023-11-06-17-00-00", "latency": 9}]}, {"location": {"country_code": "us", "region": "Pennsylvania", "city": "Philadelphia"}, "game_id": "295590", "values": [{"date": "2023-11-06-06-00-00", "latency": 6}, {"date": "2023-11-06-06-00-00", "latency": 6}, {"date": "2023-11-06-06-00-00", "latency": 6}, {"date": "2023-11-06-06-00-00", "latency": 6}, {"date": "2023-11-06-06-00-00", "latency": 6}, {"date": "2023-11-06-06-00-00", "latency": 6}, {"date": "2023-11-06-06-00-00", "latency": 6}]}, {"location": {"country_code": "es"}, "game_id": "295590", "values": [{"date": "2023-11-07-01-00-00", "latency": 4}, {"date": "2023-11-07-01-00-00", "latency": 4}, {"date": "2023-11-06-15-00-00", "latency": 1}, {"date": "2023-11-06-02-00-00", "latency": 4}, {"date": "2023-11-06-14-00-00", "latency": 2}, {"date": "2023-11-06-22-00-00", "latency": 3}]}, {"location": {"country_code": "ar"}, "game_id": "295590", "values": [{"date": "2023-11-06-07-00-00", "latency": 4}, {"date": "2023-11-06-02-00-00", "latency": 3}, {"date": "2023-11-06-04-00-00", "latency": 0}, {"date": "2023-11-06-02-00-00", "latency": 3}, {"date": "2023-11-06-05-00-00", "latency": 3}, {"date": "2023-11-06-22-00-00", "latency": 4}, {"date": "2023-11-07-00-00-00", "latency": 0}, {"date": "2023-11-06-19-00-00", "latency": 2}, {"date": "2023-11-06-19-00-00", "latency": 2}, {"date": "2023-11-06-19-00-00", "latency": 2}, {"date": "2023-11-06-19-00-00", "latency": 2}, {"date": "2023-11-06-19-00-00", "latency": 2}, {"date": "2023-11-06-02-00-00", "latency": 49}, {"date": "2023-11-06-04-00-00", "latency": 3}, {"date": "2023-11-06-04-00-00", "latency": 3}, {"date": "2023-11-07-01-00-00", "latency": 3}, {"date": "2023-11-07-01-00-00", "latency": 3}, {"date": "2023-11-06-03-00-00", "latency": 3}, {"date": "2023-11-06-03-00-00", "latency": 3}, {"date": "2023-11-06-19-00-00", "latency": 4}, {"date": "2023-11-06-20-00-00", "latency": 2}, {"date": "2023-11-06-18-00-00", "latency": 4}, {"date": "2023-11-06-20-00-00", "latency": 6}, {"date": "2023-11-06-20-00-00", "latency": 6}, {"date": "2023-11-06-03-00-00", "latency": 7}, {"date": "2023-11-06-03-00-00", "latency": 7}, {"date": "2023-11-06-03-00-00", "latency": 7}, {"date": "2023-11-06-04-00-00", "latency": 4}, {"date": "2023-11-06-09-00-00", "latency": 2}, {"date": "2023-11-06-09-00-00", "latency": 2}, {"date": "2023-11-07-01-00-00", "latency": 0}, {"date": "2023-11-06-13-00-00", "latency": 2}, {"date": "2023-11-06-13-00-00", "latency": 2}, {"date": "2023-11-06-03-00-00", "latency": 5}, {"date": "2023-11-06-03-00-00", "latency": 5}, {"date": "2023-11-06-03-00-00", "latency": 4}, {"date": "2023-11-06-03-00-00", "latency": 4}, {"date": "2023-11-06-21-00-00", "latency": 33}]}, {"location": {"country_code": "ar", "region": "Neuquen Province"}, "game_id": "295590", "values": [{"date": "2023-11-06-04-00-00", "latency": 36}]}, {"location": {"country_code": "ar", "region": "Buenos Aires F.D.", "city": "Bahia Blanca"}, "game_id": "295590", "values": [{"date": "2023-11-06-08-00-00", "latency": 8}, {"date": "2023-11-06-08-00-00", "latency": 8}, {"date": "2023-11-06-23-00-00", "latency": 5}, {"date": "2023-11-06-04-00-00", "latency": 3}, {"date": "2023-11-06-04-00-00", "latency": 3}, {"date": "2023-11-06-04-00-00", "latency": 3}, {"date": "2023-11-06-14-00-00", "latency": 9}, {"date": "2023-11-06-14-00-00", "latency": 9}, {"date": "2023-11-06-03-00-00", "latency": 3}, {"date": "2023-11-06-03-00-00", "latency": 3}, {"date": "2023-11-06-05-00-00", "latency": 2}, {"date": "2023-11-06-20-00-00", "latency": 2}, {"date": "2023-11-06-06-00-00", "latency": 1}, {"date": "2023-11-06-19-00-00", "latency": 3}, {"date": "2023-11-06-19-00-00", "latency": 3}, {"date": "2023-11-06-19-00-00", "latency": 3}, {"date": "2023-11-06-18-00-00", "latency": 3}, {"date": "2023-11-06-18-00-00", "latency": 3}, {"date": "2023-11-06-18-00-00", "latency": 3}, {"date": "2023-11-06-18-00-00", "latency": 3}, {"date": "2023-11-06-18-00-00", "latency": 3}, {"date": "2023-11-06-18-00-00", "latency": 3}, {"date": "2023-11-06-18-00-00", "latency": 3}, {"date": "2023-11-06-18-00-00", "latency": 3}, {"date": "2023-11-06-18-00-00", "latency": 3}, {"date": "2023-11-06-18-00-00", "latency": 3}, {"date": "2023-11-06-04-00-00", "latency": 12}, {"date": "2023-11-07-00-00-00", "latency": 4}, {"date": "2023-11-06-02-00-00", "latency": 3}, {"date": "2023-11-06-01-00-00", "latency": 2}, {"date": "2023-11-06-04-00-00", "latency": 3}]}, {"location": {"country_code": "ar", "region": "Buenos Aires"}, "game_id": "295590", "values": [{"date": "2023-11-06-02-00-00", "latency": 4}]}, {"location": {"country_code": "bo"}, "game_id": "295590", "values": [{"date": "2023-11-06-08-00-00", "latency": 7}, {"date": "2023-11-06-08-00-00", "latency": 7}, {"date": "2023-11-06-08-00-00", "latency": 7}, {"date": "2023-11-06-07-00-00", "latency": 6}]}, {"location": {"country_code": "vn"}, "game_id": "295590", "values": [{"date": "2023-11-06-12-00-00", "latency": 0}]}, {"location": {"country_code": "us", "region": "Michigan", "city": "Detroit"}, "game_id": "295590", "values": [{"date": "2023-11-06-03-00-00", "latency": 4}]}, {"location": {"country_code": "jm"}, "game_id": "295590", "values": [{"date": "2023-11-06-17-00-00", "latency": 4}]}, {"location": {"country_code": "gb", "region": "Northern Ireland", "city": "Belfast"}, "game_id": "295590", "values": [{"date": "2023-11-06-18-00-00", "latency": 2}, {"date": "2023-11-06-18-00-00", "latency": 2}]}, {"location": {"country_code": "fi"}, "game_id": "295590", "values": [{"date": "2023-11-06-21-00-00", "latency": 4}, {"date": "2023-11-06-21-00-00", "latency": 4}, {"date": "2023-11-06-21-00-00", "latency": 4}, {"date": "2023-11-06-21-00-00", "latency": 4}, {"date": "2023-11-06-21-00-00", "latency": 4}, {"date": "2023-11-06-21-00-00", "latency": 4}, {"date": "2023-11-06-15-00-00", "latency": 2}, {"date": "2023-11-06-17-00-00", "latency": 2}]}, {"location": {"country_code": "de", "region": "Free and Hanseatic City of Hamburg", "city": "Hamburg"}, "game_id": "295590", "values": [{"date": "2023-11-06-23-00-00", "latency": 6}]}, {"location": {"country_code": "ru", "region": "Moscow", "city": "Zelenograd"}, "game_id": "295590", "values": [{"date": "2023-11-06-20-00-00", "latency": 4}, {"date": "2023-11-06-20-00-00", "latency": 4}, {"date": "2023-11-06-20-00-00", "latency": 4}, {"date": "2023-11-06-20-00-00", "latency": 4}, {"date": "2023-11-06-20-00-00", "latency": 4}, {"date": "2023-11-06-20-00-00", "latency": 4}, {"date": "2023-11-06-20-00-00", "latency": 4}, {"date": "2023-11-06-05-00-00", "latency": 4}]}, {"location": {"country_code": "us", "region": "Michigan"}, "game_id": "295590", "values": [{"date": "2023-11-06-02-00-00", "latency": 4}]}, {"location": {"country_code": "mx", "region": "Puebla"}, "game_id": "295590", "values": [{"date": "2023-11-06-07-00-00", "latency": 3}, {"date": "2023-11-06-07-00-00", "latency": 3}, {"date": "2023-11-06-15-00-00", "latency": 2}, {"date": "2023-11-06-15-00-00", "latency": 2}, {"date": "2023-11-06-15-00-00", "latency": 2}, {"date": "2023-11-06-15-00-00", "latency": 2}, {"date": "2023-11-06-15-00-00", "latency": 2}]}, {"location": {"country_code": "de", "region": "Bavaria"}, "game_id": "295590", "values": [{"date": "2023-11-06-23-00-00", "latency": 6}, {"date": "2023-11-06-23-00-00", "latency": 6}]}, {"location": {"country_code": "co"}, "game_id": "295590", "values": [{"date": "2023-11-06-03-00-00", "latency": 4}, {"date": "2023-11-06-03-00-00", "latency": 4}, {"date": "2023-11-06-05-00-00", "latency": 8}, {"date": "2023-11-06-09-00-00", "latency": 2}, {"date": "2023-11-06-09-00-00", "latency": 2}, {"date": "2023-11-06-09-00-00", "latency": 2}, {"date": "2023-11-06-09-00-00", "latency": 2}, {"date": "2023-11-06-09-00-00", "latency": 2}, {"date": "2023-11-06-09-00-00", "latency": 2}, {"date": "2023-11-06-02-00-00", "latency": 6}, {"date": "2023-11-06-02-00-00", "latency": 6}, {"date": "2023-11-06-04-00-00", "latency": 1}, {"date": "2023-11-06-07-00-00", "latency": 5}, {"date": "2023-11-06-23-00-00", "latency": 6}, {"date": "2023-11-06-23-00-00", "latency": 6}, {"date": "2023-11-06-23-00-00", "latency": 6}, {"date": "2023-11-06-06-00-00", "latency": 1}, {"date": "2023-11-06-05-00-00", "latency": 14}, {"date": "2023-11-06-21-00-00", "latency": 6}, {"date": "2023-11-06-21-00-00", "latency": 6}, {"date": "2023-11-06-21-00-00", "latency": 6}, {"date": "2023-11-06-21-00-00", "latency": 6}, {"date": "2023-11-06-21-00-00", "latency": 6}, {"date": "2023-11-06-21-00-00", "latency": 6}, {"date": "2023-11-06-21-00-00", "latency": 6}, {"date": "2023-11-06-02-00-00", "latency": 7}, {"date": "2023-11-06-02-00-00", "latency": 7}, {"date": "2023-11-06-02-00-00", "latency": 7}, {"date": "2023-11-06-17-00-00", "latency": 6}, {"date": "2023-11-06-17-00-00", "latency": 6}, {"date": "2023-11-06-17-00-00", "latency": 6}, {"date": "2023-11-06-07-00-00", "latency": 9}, {"date": "2023-11-06-03-00-00", "latency": 205}, {"date": "2023-11-06-03-00-00", "latency": 205}, {"date": "2023-11-06-03-00-00", "latency": 205}, {"date": "2023-11-06-03-00-00", "latency": 205}]}, {"location": {"country_code": "us", "region": "Arizona"}, "game_id": "295590", "values": [{"date": "2023-11-06-02-00-00", "latency": 1}, {"date": "2023-11-06-08-00-00", "latency": 6}]}, {"location": {"country_code": "mx", "region": "Veracruz"}, "game_id": "295590", "values": [{"date": "2023-11-06-05-00-00", "latency": 0}, {"date": "2023-11-06-03-00-00", "latency": 6}, {"date": "2023-11-06-03-00-00", "latency": 6}, {"date": "2023-11-06-05-00-00", "latency": 8}, {"date": "2023-11-06-06-00-00", "latency": 7}]}, {"location": {"country_code": "cn"}, "game_id": "295590", "values": [{"date": "2023-11-06-23-00-00", "latency": 45}, {"date": "2023-11-06-23-00-00", "latency": 45}, {"date": "2023-11-06-23-00-00", "latency": 45}, {"date": "2023-11-06-23-00-00", "latency": 45}, {"date": "2023-11-06-23-00-00", "latency": 45}, {"date": "2023-11-06-23-00-00", "latency": 45}, {"date": "2023-11-06-23-00-00", "latency": 45}, {"date": "2023-11-06-23-00-00", "latency": 45}, {"date": "2023-11-06-23-00-00", "latency": 45}, {"date": "2023-11-06-23-00-00", "latency": 45}, {"date": "2023-11-06-23-00-00", "latency": 45}, {"date": "2023-11-06-23-00-00", "latency": 45}, {"date": "2023-11-06-23-00-00", "latency": 45}, {"date": "2023-11-06-23-00-00", "latency": 45}, {"date": "2023-11-06-23-00-00", "latency": 45}, {"date": "2023-11-06-23-00-00", "latency": 45}, {"date": "2023-11-06-23-00-00", "latency": 45}, {"date": "2023-11-06-14-00-00", "latency": 47}, {"date": "2023-11-06-14-00-00", "latency": 3}, {"date": "2023-11-06-18-00-00", "latency": 7}, {"date": "2023-11-06-18-00-00", "latency": 7}]}, {"location": {"country_code": "es", "region": "Catalonia", "city": "l'Hospitalet de Llobregat"}, "game_id": "295590", "values": [{"date": "2023-11-06-22-00-00", "latency": 9}, {"date": "2023-11-06-22-00-00", "latency": 9}, {"date": "2023-11-06-22-00-00", "latency": 9}, {"date": "2023-11-06-22-00-00", "latency": 9}, {"date": "2023-11-06-22-00-00", "latency": 9}, {"date": "2023-11-06-22-00-00", "latency": 9}, {"date": "2023-11-06-22-00-00", "latency": 9}, {"date": "2023-11-06-20-00-00", "latency": 6}, {"date": "2023-11-06-20-00-00", "latency": 6}, {"date": "2023-11-06-20-00-00", "latency": 6}, {"date": "2023-11-06-20-00-00", "latency": 6}, {"date": "2023-11-06-20-00-00", "latency": 6}, {"date": "2023-11-06-20-00-00", "latency": 6}, {"date": "2023-11-06-20-00-00", "latency": 6}, {"date": "2023-11-06-20-00-00", "latency": 6}, {"date": "2023-11-06-20-00-00", "latency": 6}, {"date": "2023-11-06-20-00-00", "latency": 6}, {"date": "2023-11-06-20-00-00", "latency": 6}, {"date": "2023-11-06-20-00-00", "latency": 6}, {"date": "2023-11-06-20-00-00", "latency": 6}, {"date": "2023-11-06-20-00-00", "latency": 6}, {"date": "2023-11-06-20-00-00", "latency": 6}, {"date": "2023-11-06-20-00-00", "latency": 6}, {"date": "2023-11-06-20-00-00", "latency": 6}, {"date": "2023-11-06-20-00-00", "latency": 6}, {"date": "2023-11-06-20-00-00", "latency": 6}, {"date": "2023-11-06-20-00-00", "latency": 6}, {"date": "2023-11-06-20-00-00", "latency": 6}, {"date": "2023-11-06-20-00-00", "latency": 6}, {"date": "2023-11-06-20-00-00", "latency": 6}, {"date": "2023-11-06-20-00-00", "latency": 6}, {"date": "2023-11-06-20-00-00", "latency": 6}, {"date": "2023-11-06-20-00-00", "latency": 6}, {"date": "2023-11-06-20-00-00", "latency": 6}, {"date": "2023-11-06-20-00-00", "latency": 6}, {"date": "2023-11-06-20-00-00", "latency": 6}, {"date": "2023-11-06-20-00-00", "latency": 6}, {"date": "2023-11-06-20-00-00", "latency": 6}, {"date": "2023-11-06-20-00-00", "latency": 6}, {"date": "2023-11-06-20-00-00", "latency": 6}, {"date": "2023-11-06-20-00-00", "latency": 6}, {"date": "2023-11-06-20-00-00", "latency": 6}, {"date": "2023-11-06-20-00-00", "latency": 6}, {"date": "2023-11-06-20-00-00", "latency": 6}, {"date": "2023-11-06-20-00-00", "latency": 6}, {"date": "2023-11-06-20-00-00", "latency": 6}, {"date": "2023-11-06-20-00-00", "latency": 6}, {"date": "2023-11-06-20-00-00", "latency": 6}, {"date": "2023-11-06-20-00-00", "latency": 6}, {"date": "2023-11-06-20-00-00", "latency": 6}, {"date": "2023-11-06-20-00-00", "latency": 6}, {"date": "2023-11-06-20-00-00", "latency": 6}, {"date": "2023-11-06-20-00-00", "latency": 6}, {"date": "2023-11-06-20-00-00", "latency": 6}, {"date": "2023-11-06-20-00-00", "latency": 6}, {"date": "2023-11-06-20-00-00", "latency": 6}, {"date": "2023-11-06-20-00-00", "latency": 6}, {"date": "2023-11-06-20-00-00", "latency": 6}, {"date": "2023-11-06-20-00-00", "latency": 6}, {"date": "2023-11-06-20-00-00", "latency": 6}, {"date": "2023-11-06-20-00-00", "latency": 6}, {"date": "2023-11-06-20-00-00", "latency": 6}, {"date": "2023-11-06-20-00-00", "latency": 6}, {"date": "2023-11-06-20-00-00", "latency": 6}, {"date": "2023-11-06-20-00-00", "latency": 6}, {"date": "2023-11-06-20-00-00", "latency": 6}, {"date": "2023-11-06-20-00-00", "latency": 6}, {"date": "2023-11-06-20-00-00", "latency": 6}, {"date": "2023-11-06-20-00-00", "latency": 6}]}, {"location": {"country_code": "pl"}, "game_id": "295590", "values": [{"date": "2023-11-06-19-00-00", "latency": 3}, {"date": "2023-11-06-10-00-00", "latency": 58}, {"date": "2023-11-06-10-00-00", "latency": 58}, {"date": "2023-11-06-06-00-00", "latency": 7}, {"date": "2023-11-06-06-00-00", "latency": 7}, {"date": "2023-11-06-06-00-00", "latency": 7}, {"date": "2023-11-06-06-00-00", "latency": 7}, {"date": "2023-11-06-20-00-00", "latency": 4}, {"date": "2023-11-06-20-00-00", "latency": 4}, {"date": "2023-11-06-17-00-00", "latency": 3}, {"date": "2023-11-06-19-00-00", "latency": 1}, {"date": "2023-11-06-19-00-00", "latency": 1}, {"date": "2023-11-06-16-00-00", "latency": 3}, {"date": "2023-11-06-22-00-00", "latency": 4}]}, {"location": {"country_code": "pl", "region": "Masovian Voivodeship", "city": "Warsaw"}, "game_id": "295590", "values": [{"date": "2023-11-07-00-00-00", "latency": 3}, {"date": "2023-11-07-00-00-00", "latency": 3}, {"date": "2023-11-07-00-00-00", "latency": 3}, {"date": "2023-11-06-03-00-00", "latency": 3}, {"date": "2023-11-06-03-00-00", "latency": 3}, {"date": "2023-11-06-03-00-00", "latency": 3}, {"date": "2023-11-06-03-00-00", "latency": 3}, {"date": "2023-11-06-21-00-00", "latency": 0}, {"date": "2023-11-06-21-00-00", "latency": 0}]}, {"location": {"country_code": "us", "region": "Puerto Rico"}, "game_id": "295590", "values": [{"date": "2023-11-06-04-00-00", "latency": 0}]}, {"location": {"country_code": "be"}, "game_id": "295590", "values": [{"date": "2023-11-07-00-00-00", "latency": 9}, {"date": "2023-11-06-18-00-00", "latency": 0}, {"date": "2023-11-06-21-00-00", "latency": 2}]}, {"location": {"country_code": "us", "region": "Nevada", "city": "Las Vegas"}, "game_id": "295590", "values": [{"date": "2023-11-06-06-00-00", "latency": 7}, {"date": "2023-11-06-04-00-00", "latency": 8}, {"date": "2023-11-06-04-00-00", "latency": 8}]}, {"location": {"country_code": "cr"}, "game_id": "295590", "values": [{"date": "2023-11-06-06-00-00", "latency": 5}, {"date": "2023-11-06-06-00-00", "latency": 5}, {"date": "2023-11-06-06-00-00", "latency": 5}, {"date": "2023-11-06-06-00-00", "latency": 5}, {"date": "2023-11-06-06-00-00", "latency": 5}, {"date": "2023-11-06-06-00-00", "latency": 5}, {"date": "2023-11-06-06-00-00", "latency": 5}, {"date": "2023-11-06-06-00-00", "latency": 5}, {"date": "2023-11-06-06-00-00", "latency": 5}, {"date": "2023-11-06-06-00-00", "latency": 5}, {"date": "2023-11-06-06-00-00", "latency": 5}, {"date": "2023-11-06-06-00-00", "latency": 5}, {"date": "2023-11-06-06-00-00", "latency": 5}, {"date": "2023-11-06-06-00-00", "latency": 5}, {"date": "2023-11-06-06-00-00", "latency": 5}, {"date": "2023-11-06-06-00-00", "latency": 5}, {"date": "2023-11-06-06-00-00", "latency": 5}, {"date": "2023-11-06-06-00-00", "latency": 5}, {"date": "2023-11-07-00-00-00", "latency": 4}, {"date": "2023-11-07-00-00-00", "latency": 4}]}, {"location": {"country_code": "gb", "region": "England", "city": "London"}, "game_id": "295590", "values": [{"date": "2023-11-06-04-00-00", "latency": 1645}]}, {"location": {"country_code": "us", "region": "Georgia"}, "game_id": "295590", "values": [{"date": "2023-11-06-02-00-00", "latency": 2}]}, {"location": {"country_code": "ie"}, "game_id": "295590", "values": [{"date": "2023-11-06-04-00-00", "latency": 35}]}, {"location": {"country_code": "pe"}, "game_id": "295590", "values": [{"date": "2023-11-06-06-00-00", "latency": 3}, {"date": "2023-11-06-06-00-00", "latency": 3}, {"date": "2023-11-06-18-00-00", "latency": 1}, {"date": "2023-11-06-04-00-00", "latency": 17}, {"date": "2023-11-06-04-00-00", "latency": 17}, {"date": "2023-11-06-04-00-00", "latency": 17}, {"date": "2023-11-06-07-00-00", "latency": 5}, {"date": "2023-11-06-07-00-00", "latency": 5}, {"date": "2023-11-06-23-00-00", "latency": 4}, {"date": "2023-11-06-23-00-00", "latency": 4}, {"date": "2023-11-06-01-00-00", "latency": 3}, {"date": "2023-11-06-11-00-00", "latency": 3}, {"date": "2023-11-06-11-00-00", "latency": 3}]}, {"location": {"country_code": "ua"}, "game_id": "295590", "values": [{"date": "2023-11-06-21-00-00", "latency": 5}]}, {"location": {"country_code": "sg"}, "game_id": "295590", "values": [{"date": "2023-11-06-11-00-00", "latency": 4}]}, {"location": {"country_code": "fr", "region": "Occitanie", "city": "Toulouse"}, "game_id": "295590", "values": [{"date": "2023-11-06-01-00-00", "latency": 2}]}, {"location": {"country_code": "tr", "region": "Marmara Bolgesi", "city": "Istanbul"}, "game_id": "295590", "values": [{"date": "2023-11-06-10-00-00", "latency": 6}, {"date": "2023-11-06-10-00-00", "latency": 6}, {"date": "2023-11-06-10-00-00", "latency": 6}, {"date": "2023-11-06-10-00-00", "latency": 6}, {"date": "2023-11-06-10-00-00", "latency": 6}, {"date": "2023-11-06-10-00-00", "latency": 6}, {"date": "2023-11-06-10-00-00", "latency": 6}, {"date": "2023-11-06-10-00-00", "latency": 6}, {"date": "2023-11-06-10-00-00", "latency": 6}, {"date": "2023-11-06-10-00-00", "latency": 6}, {"date": "2023-11-06-10-00-00", "latency": 6}, {"date": "2023-11-06-10-00-00", "latency": 6}, {"date": "2023-11-06-10-00-00", "latency": 6}, {"date": "2023-11-06-14-00-00", "latency": 0}]}, {"location": {"country_code": "us", "region": "District of Columbia", "city": "Washington"}, "game_id": "295590", "values": [{"date": "2023-11-06-02-00-00", "latency": 9}, {"date": "2023-11-06-11-00-00", "latency": 8}, {"date": "2023-11-06-07-00-00", "latency": 9}, {"date": "2023-11-06-07-00-00", "latency": 9}, {"date": "2023-11-06-09-00-00", "latency": 8}]}, {"location": {"country_code": "ca", "region": "Ontario", "city": "Toronto"}, "game_id": "295590", "values": [{"date": "2023-11-06-22-00-00", "latency": 1}, {"date": "2023-11-06-21-00-00", "latency": 3}, {"date": "2023-11-06-20-00-00", "latency": 22}, {"date": "2023-11-06-20-00-00", "latency": 22}, {"date": "2023-11-06-20-00-00", "latency": 22}, {"date": "2023-11-06-20-00-00", "latency": 22}, {"date": "2023-11-06-20-00-00", "latency": 22}]}, {"location": {"country_code": "do"}, "game_id": "295590", "values": [{"date": "2023-11-07-00-00-00", "latency": 8}]}, {"location": {"country_code": "ru"}, "game_id": "295590", "values": [{"date": "2023-11-06-21-00-00", "latency": 2}, {"date": "2023-11-06-21-00-00", "latency": 2}, {"date": "2023-11-06-21-00-00", "latency": 2}, {"date": "2023-11-06-21-00-00", "latency": 2}]}, {"location": {"country_code": "py"}, "game_id": "295590", "values": [{"date": "2023-11-06-20-00-00", "latency": 0}, {"date": "2023-11-06-02-00-00", "latency": 4}]}, {"location": {"country_code": "br", "region": "Santa Catarina", "city": "Palhoca"}, "game_id": "295590", "values": [{"date": "2023-11-06-19-00-00", "latency": 0}, {"date": "2023-11-06-19-00-00", "latency": 2}]}, {"location": {"country_code": "au", "region": "Queensland", "city": "Brisbane"}, "game_id": "295590", "values": [{"date": "2023-11-06-03-00-00", "latency": 22}, {"date": "2023-11-06-03-00-00", "latency": 22}]}, {"location": {"country_code": "us", "region": "Illinois"}, "game_id": "295590", "values": [{"date": "2023-11-06-04-00-00", "latency": 70}, {"date": "2023-11-06-04-00-00", "latency": 70}, {"date": "2023-11-06-04-00-00", "latency": 70}, {"date": "2023-11-06-04-00-00", "latency": 70}, {"date": "2023-11-06-04-00-00", "latency": 70}, {"date": "2023-11-06-04-00-00", "latency": 70}, {"date": "2023-11-06-04-00-00", "latency": 70}, {"date": "2023-11-06-04-00-00", "latency": 70}, {"date": "2023-11-06-04-00-00", "latency": 70}]}, {"location": {"country_code": "us", "region": "Wisconsin"}, "game_id": "295590", "values": [{"date": "2023-11-06-23-00-00", "latency": 15}, {"date": "2023-11-06-23-00-00", "latency": 15}, {"date": "2023-11-06-11-00-00", "latency": 3}]}, {"location": {"country_code": "ar", "region": "Buenos Aires", "city": "Lujan"}, "game_id": "295590", "values": [{"date": "2023-11-07-00-00-00", "latency": 7}]}, {"location": {"country_code": "us", "region": "Pennsylvania"}, "game_id": "295590", "values": [{"date": "2023-11-06-04-00-00", "latency": 3}, {"date": "2023-11-06-23-00-00", "latency": 6}]}, {"location": {"country_code": "mx", "region": "Nuevo Leon", "city": "Monterrey"}, "game_id": "295590", "values": [{"date": "2023-11-06-06-00-00", "latency": 3}, {"date": "2023-11-06-06-00-00", "latency": 3}]}, {"location": {"country_code": "au", "region": "Western Australia", "city": "Perth"}, "game_id": "295590", "values": [{"date": "2023-11-06-15-00-00", "latency": 22}, {"date": "2023-11-06-15-00-00", "latency": 22}, {"date": "2023-11-06-15-00-00", "latency": 22}, {"date": "2023-11-06-15-00-00", "latency": 22}]}, {"location": {"country_code": "br", "region": "Rio Grande do Sul", "city": "Porto Alegre"}, "game_id": "295590", "values": [{"date": "2023-11-06-23-00-00", "latency": 9}, {"date": "2023-11-06-14-00-00", "latency": 2}, {"date": "2023-11-06-18-00-00", "latency": 2}, {"date": "2023-11-06-18-00-00", "latency": 2}, {"date": "2023-11-06-18-00-00", "latency": 2}, {"date": "2023-11-06-18-00-00", "latency": 2}, {"date": "2023-11-06-18-00-00", "latency": 2}, {"date": "2023-11-06-23-00-00", "latency": 3}]}, {"location": {"country_code": "br", "region": "Rio Grande do Sul", "city": "Gravatai"}, "game_id": "295590", "values": [{"date": "2023-11-06-13-00-00", "latency": 2}]}, {"location": {"country_code": "pt"}, "game_id": "295590", "values": [{"date": "2023-11-06-23-00-00", "latency": 5}, {"date": "2023-11-06-23-00-00", "latency": 5}, {"date": "2023-11-06-23-00-00", "latency": 25}, {"date": "2023-11-06-02-00-00", "latency": 8}, {"date": "2023-11-06-16-00-00", "latency": 0}, {"date": "2023-11-06-16-00-00", "latency": 0}, {"date": "2023-11-06-15-00-00", "latency": 12}, {"date": "2023-11-06-15-00-00", "latency": 12}, {"date": "2023-11-06-15-00-00", "latency": 12}]}, {"location": {"country_code": "tr", "region": "Marmara Bolgesi", "city": "Bursa"}, "game_id": "295590", "values": [{"date": "2023-11-06-21-00-00", "latency": 3}, {"date": "2023-11-06-21-00-00", "latency": 3}]}, {"location": {"country_code": "br", "region": "State of Rio de Janeiro", "city": "Angra dos Reis"}, "game_id": "295590", "values": [{"date": "2023-11-06-06-00-00", "latency": 3}, {"date": "2023-11-06-22-00-00", "latency": 0}, {"date": "2023-11-06-01-00-00", "latency": 4}, {"date": "2023-11-06-02-00-00", "latency": 3}, {"date": "2023-11-06-02-00-00", "latency": 3}]}, {"location": {"country_code": "us", "region": "Kentucky"}, "game_id": "295590", "values": [{"date": "2023-11-06-23-00-00", "latency": 4}]}, {"location": {"country_code": "uy", "region": "Montevideo Department", "city": "Montevideo"}, "game_id": "295590", "values": [{"date": "2023-11-07-00-00-00", "latency": 3}]}, {"location": {"country_code": "uy"}, "game_id": "295590", "values": [{"date": "2023-11-06-22-00-00", "latency": 1}, {"date": "2023-11-06-04-00-00", "latency": 0}, {"date": "2023-11-06-20-00-00", "latency": 3}, {"date": "2023-11-06-20-00-00", "latency": 3}, {"date": "2023-11-06-20-00-00", "latency": 3}, {"date": "2023-11-06-20-00-00", "latency": 3}, {"date": "2023-11-06-19-00-00", "latency": 9}]}, {"location": {"country_code": "uy", "region": "Treinta y Tres Department"}, "game_id": "295590", "values": [{"date": "2023-11-06-02-00-00", "latency": 4}]}, {"location": {"country_code": "sv"}, "game_id": "295590", "values": [{"date": "2023-11-06-14-00-00", "latency": 2}, {"date": "2023-11-06-14-00-00", "latency": 2}, {"date": "2023-11-06-14-00-00", "latency": 2}, {"date": "2023-11-06-14-00-00", "latency": 2}, {"date": "2023-11-06-14-00-00", "latency": 2}, {"date": "2023-11-06-14-00-00", "latency": 2}, {"date": "2023-11-06-14-00-00", "latency": 2}]}, {"location": {"country_code": "ca", "region": "Quebec", "city": "Montreal"}, "game_id": "295590", "values": [{"date": "2023-11-06-01-00-00", "latency": 3}, {"date": "2023-11-06-20-00-00", "latency": 3}]}, {"location": {"country_code": "ca", "region": "Alberta", "city": "Edmonton"}, "game_id": "295590", "values": [{"date": "2023-11-06-01-00-00", "latency": 7}, {"date": "2023-11-06-01-00-00", "latency": 7}]}, {"location": {"country_code": "us", "region": "Massachusetts", "city": "Boston"}, "game_id": "295590", "values": [{"date": "2023-11-07-00-00-00", "latency": 3}, {"date": "2023-11-07-00-00-00", "latency": 3}, {"date": "2023-11-07-00-00-00", "latency": 3}]}, {"location": {"country_code": "ca", "region": "Nova Scotia", "city": "Bedford"}, "game_id": "295590", "values": [{"date": "2023-11-06-11-00-00", "latency": 3}]}, {"location": {"country_code": "ar", "region": "Buenos Aires", "city": "Mar del Plata"}, "game_id": "295590", "values": [{"date": "2023-11-06-23-00-00", "latency": 4}]}, {"location": {"country_code": "us", "region": "State of Maine"}, "game_id": "295590", "values": [{"date": "2023-11-06-16-00-00", "latency": 1}, {"date": "2023-11-06-16-00-00", "latency": 1}, {"date": "2023-11-06-16-00-00", "latency": 1}]}, {"location": {"country_code": "us", "region": "Florida", "city": "Orlando"}, "game_id": "295590", "values": [{"date": "2023-11-06-04-00-00", "latency": 3}]}, {"location": {"country_code": "hr"}, "game_id": "295590", "values": [{"date": "2023-11-06-23-00-00", "latency": 5}, {"date": "2023-11-06-23-00-00", "latency": 5}]}, {"location": {"country_code": "pe", "region": "Lima region", "city": "Lima"}, "game_id": "295590", "values": [{"date": "2023-11-06-23-00-00", "latency": 4}, {"date": "2023-11-06-01-00-00", "latency": 1}]}, {"location": {"country_code": "mx", "region": "Jalisco", "city": "Guadalajara"}, "game_id": "295590", "values": [{"date": "2023-11-07-00-00-00", "latency": 7}]}, {"location": {"country_code": "us", "region": "Alabama"}, "game_id": "295590", "values": [{"date": "2023-11-06-05-00-00", "latency": 0}]}, {"location": {"country_code": "md"}, "game_id": "295590", "values": [{"date": "2023-11-06-07-00-00", "latency": 1}]}, {"location": {"country_code": "ec", "region": "Guayas", "city": "Guayaquil"}, "game_id": "295590", "values": [{"date": "2023-11-06-04-00-00", "latency": 5}]}, {"location": {"country_code": "br", "region": "Estado de Bahia", "city": "Camacari"}, "game_id": "295590", "values": [{"date": "2023-11-07-01-00-00", "latency": 4}]}, {"location": {"country_code": "us", "region": "Texas", "city": "Irving"}, "game_id": "295590", "values": [{"date": "2023-11-06-09-00-00", "latency": 4}, {"date": "2023-11-07-00-00-00", "latency": 2}, {"date": "2023-11-07-00-00-00", "latency": 2}]}, {"location": {"country_code": "ca", "region": "Quebec"}, "game_id": "295590", "values": [{"date": "2023-11-07-00-00-00", "latency": 3}, {"date": "2023-11-06-03-00-00", "latency": 0}]}, {"location": {"country_code": "de", "region": "Baden-Wurttemberg"}, "game_id": "295590", "values": [{"date": "2023-11-06-11-00-00", "latency": 2}, {"date": "2023-11-06-11-00-00", "latency": 2}, {"date": "2023-11-06-11-00-00", "latency": 2}, {"date": "2023-11-06-11-00-00", "latency": 2}, {"date": "2023-11-06-11-00-00", "latency": 2}]}, {"location": {"country_code": "de", "region": "North Rhine-Westphalia", "city": "Cologne"}, "game_id": "295590", "values": [{"date": "2023-11-06-01-00-00", "latency": 3}]}, {"location": {"country_code": "us", "region": "Washington", "city": "Seattle"}, "game_id": "295590", "values": [{"date": "2023-11-06-09-00-00", "latency": 8}, {"date": "2023-11-06-09-00-00", "latency": 8}, {"date": "2023-11-06-08-00-00", "latency": 5}]}, {"location": {"country_code": "bg"}, "game_id": "295590", "values": [{"date": "2023-11-06-22-00-00", "latency": 3}]}, {"location": {"country_code": "ly"}, "game_id": "295590", "values": [{"date": "2023-11-06-20-00-00", "latency": 1}]}, {"location": {"country_code": "it", "region": "Lazio", "city": "Rome"}, "game_id": "295590", "values": [{"date": "2023-11-07-00-00-00", "latency": 2}, {"date": "2023-11-07-00-00-00", "latency": 2}, {"date": "2023-11-07-00-00-00", "latency": 2}, {"date": "2023-11-07-00-00-00", "latency": 2}, {"date": "2023-11-07-00-00-00", "latency": 2}]}, {"location": {"country_code": "es", "region": "Balearic Islands", "city": "Palma"}, "game_id": "295590", "values": [{"date": "2023-11-07-00-00-00", "latency": 142}, {"date": "2023-11-07-00-00-00", "latency": 142}, {"date": "2023-11-07-00-00-00", "latency": 142}, {"date": "2023-11-07-00-00-00", "latency": 142}, {"date": "2023-11-07-00-00-00", "latency": 142}, {"date": "2023-11-07-00-00-00", "latency": 142}, {"date": "2023-11-07-00-00-00", "latency": 142}, {"date": "2023-11-07-00-00-00", "latency": 142}, {"date": "2023-11-07-00-00-00", "latency": 142}, {"date": "2023-11-07-00-00-00", "latency": 142}, {"date": "2023-11-07-00-00-00", "latency": 142}, {"date": "2023-11-07-00-00-00", "latency": 142}, {"date": "2023-11-07-00-00-00", "latency": 142}, {"date": "2023-11-07-00-00-00", "latency": 142}, {"date": "2023-11-07-00-00-00", "latency": 142}]}, {"location": {"country_code": "us", "region": "Washington"}, "game_id": "295590", "values": [{"date": "2023-11-06-17-00-00", "latency": 5}, {"date": "2023-11-06-17-00-00", "latency": 5}, {"date": "2023-11-06-17-00-00", "latency": 5}]}, {"location": {"country_code": "br", "region": "Espirito Santo", "city": "Guarapari"}, "game_id": "295590", "values": [{"date": "2023-11-07-00-00-00", "latency": 2}]}, {"location": {"country_code": "es", "region": "Murcia", "city": "Lorca"}, "game_id": "295590", "values": [{"date": "2023-11-06-20-00-00", "latency": 3}, {"date": "2023-11-06-20-00-00", "latency": 3}, {"date": "2023-11-06-20-00-00", "latency": 3}, {"date": "2023-11-06-20-00-00", "latency": 3}]}, {"location": {"country_code": "ar", "region": "Cordoba Province", "city": "Rio Cuarto"}, "game_id": "295590", "values": [{"date": "2023-11-06-19-00-00", "latency": 3}, {"date": "2023-11-06-23-00-00", "latency": 3}, {"date": "2023-11-06-06-00-00", "latency": 3}, {"date": "2023-11-06-06-00-00", "latency": 3}]}, {"location": {"country_code": "gb", "region": "England", "city": "Birmingham"}, "game_id": "295590", "values": [{"date": "2023-11-06-14-00-00", "latency": 9}]}, {"location": {"country_code": "dj"}, "game_id": "295590", "values": [{"date": "2023-11-06-06-00-00", "latency": 0}]}, {"location": {"country_code": "us", "region": "Montana"}, "game_id": "295590", "values": [{"date": "2023-11-06-02-00-00", "latency": 18}, {"date": "2023-11-06-02-00-00", "latency": 18}, {"date": "2023-11-06-02-00-00", "latency": 18}, {"date": "2023-11-06-02-00-00", "latency": 18}]}, {"location": {"country_code": "ro", "region": "Bucharest"}, "game_id": "295590", "values": [{"date": "2023-11-06-14-00-00", "latency": 4}]}, {"location": {"country_code": "us", "region": "Arkansas"}, "game_id": "295590", "values": [{"date": "2023-11-06-04-00-00", "latency": 1}]}, {"location": {"country_code": "tr", "region": "Marmara Bolgesi"}, "game_id": "295590", "values": [{"date": "2023-11-06-22-00-00", "latency": 3}]}, {"location": {"country_code": "ar", "region": "Buenos Aires", "city": "La Plata"}, "game_id": "295590", "values": [{"date": "2023-11-06-18-00-00", "latency": 3}]}, {"location": {"country_code": "br", "region": "Parana", "city": "Apucarana"}, "game_id": "295590", "values": [{"date": "2023-11-06-03-00-00", "latency": 4}]}, {"location": {"country_code": "mt"}, "game_id": "295590", "values": [{"date": "2023-11-07-01-00-00", "latency": 4}]}, {"location": {"country_code": "es", "region": "Valencia", "city": "Elx / Elche"}, "game_id": "295590", "values": [{"date": "2023-11-06-17-00-00", "latency": 4}, {"date": "2023-11-06-17-00-00", "latency": 4}, {"date": "2023-11-06-17-00-00", "latency": 4}, {"date": "2023-11-06-17-00-00", "latency": 4}]}, {"location": {"country_code": "ar", "region": "Mendoza Province", "city": "Mendoza"}, "game_id": "295590", "values": [{"date": "2023-11-06-03-00-00", "latency": 4}, {"date": "2023-11-06-14-00-00", "latency": 1}]}, {"location": {"country_code": "ar", "region": "Mendoza Province"}, "game_id": "295590", "values": [{"date": "2023-11-06-02-00-00", "latency": 4}, {"date": "2023-11-06-02-00-00", "latency": 4}]}, {"location": {"country_code": "mu"}, "game_id": "295590", "values": [{"date": "2023-11-06-16-00-00", "latency": 203}, {"date": "2023-11-06-16-00-00", "latency": 203}, {"date": "2023-11-06-16-00-00", "latency": 203}, {"date": "2023-11-06-16-00-00", "latency": 203}]}, {"location": {"country_code": "pl", "region": "Greater Poland Voivodeship", "city": "Nedzerzew"}, "game_id": "295590", "values": [{"date": "2023-11-06-22-00-00", "latency": 4}, {"date": "2023-11-06-22-00-00", "latency": 4}]}, {"location": {"country_code": "fr", "region": "Aquitania-Limosino-Poitou-Charentes", "city": "Bordeaux"}, "game_id": "295590", "values": [{"date": "2023-11-07-00-00-00", "latency": 3}]}, {"location": {"country_code": "mx", "region": "Jalisco", "city": "Zapopan"}, "game_id": "295590", "values": [{"date": "2023-11-06-03-00-00", "latency": 0}]}, {"location": {"country_code": "mx", "region": "Queretaro", "city": "Queretaro"}, "game_id": "295590", "values": [{"date": "2023-11-06-06-00-00", "latency": 6}]}, {"location": {"country_code": "mx", "region": "Baja California", "city": "Mexicali"}, "game_id": "295590", "values": [{"date": "2023-11-06-03-00-00", "latency": 16}]}, {"location": {"country_code": "us", "region": "California", "city": "Torrance"}, "game_id": "295590", "values": [{"date": "2023-11-06-04-00-00", "latency": 9}, {"date": "2023-11-06-04-00-00", "latency": 9}, {"date": "2023-11-06-04-00-00", "latency": 9}, {"date": "2023-11-06-04-00-00", "latency": 9}, {"date": "2023-11-06-04-00-00", "latency": 9}, {"date": "2023-11-06-04-00-00", "latency": 9}, {"date": "2023-11-06-04-00-00", "latency": 9}]}, {"location": {"country_code": "us", "region": "Colorado", "city": "Colorado Springs"}, "game_id": "295590", "values": [{"date": "2023-11-06-19-00-00", "latency": 4}]}, {"location": {"country_code": "it", "region": "Lombardy", "city": "Milan"}, "game_id": "295590", "values": [{"date": "2023-11-06-17-00-00", "latency": 9}, {"date": "2023-11-06-17-00-00", "latency": 9}, {"date": "2023-11-06-17-00-00", "latency": 9}, {"date": "2023-11-06-17-00-00", "latency": 9}, {"date": "2023-11-06-17-00-00", "latency": 9}]}, {"location": {"country_code": "es", "region": "Andalusia", "city": "Jerez"}, "game_id": "295590", "values": [{"date": "2023-11-06-23-00-00", "latency": 4}, {"date": "2023-11-06-23-00-00", "latency": 4}, {"date": "2023-11-06-23-00-00", "latency": 4}, {"date": "2023-11-06-23-00-00", "latency": 4}]}, {"location": {"country_code": "ar", "region": "Jujuy Province"}, "game_id": "295590", "values": [{"date": "2023-11-07-00-00-00", "latency": 2}, {"date": "2023-11-07-00-00-00", "latency": 2}, {"date": "2023-11-07-00-00-00", "latency": 2}]}, {"location": {"country_code": "es", "region": "Andalusia", "city": "La Linea de la Concepcion"}, "game_id": "295590", "values": [{"date": "2023-11-06-23-00-00", "latency": 4}]}, {"location": {"country_code": "bh"}, "game_id": "295590", "values": [{"date": "2023-11-07-01-00-00", "latency": 10}]}, {"location": {"country_code": "us", "region": "Delaware"}, "game_id": "295590", "values": [{"date": "2023-11-06-03-00-00", "latency": 3}, {"date": "2023-11-06-03-00-00", "latency": 3}]}, {"location": {"country_code": "br", "region": "Sao Paulo", "city": "Sao Carlos"}, "game_id": "295590", "values": [{"date": "2023-11-06-01-00-00", "latency": 8}, {"date": "2023-11-06-01-00-00", "latency": 8}]}, {"location": {"country_code": "br", "region": "Sao Paulo", "city": "Presidente Prudente"}, "game_id": "295590", "values": [{"date": "2023-11-06-07-00-00", "latency": 2}]}, {"location": {"country_code": "us", "region": "Nevada", "city": "Reno"}, "game_id": "295590", "values": [{"date": "2023-11-06-03-00-00", "latency": 4}, {"date": "2023-11-06-03-00-00", "latency": 4}, {"date": "2023-11-06-03-00-00", "latency": 4}]}, {"location": {"country_code": "br", "region": "Ceara"}, "game_id": "295590", "values": [{"date": "2023-11-06-14-00-00", "latency": 0}]}, {"location": {"country_code": "cl", "region": "Antofagasta", "city": "Calama"}, "game_id": "295590", "values": [{"date": "2023-11-06-03-00-00", "latency": 2}]}, {"location": {"country_code": "pt", "region": "Northern Mariana Islands", "city": "Povoa de Varzim"}, "game_id": "295590", "values": [{"date": "2023-11-07-00-00-00", "latency": 3}]}, {"location": {"country_code": "mx", "region": "Sinaloa", "city": "Mazatlan"}, "game_id": "295590", "values": [{"date": "2023-11-06-07-00-00", "latency": 4}, {"date": "2023-11-06-07-00-00", "latency": 4}]}, {"location": {"country_code": "it", "region": "Campania", "city": "Giugliano in Campania"}, "game_id": "295590", "values": [{"date": "2023-11-06-22-00-00", "latency": 0}, {"date": "2023-11-06-22-00-00", "latency": 0}, {"date": "2023-11-06-22-00-00", "latency": 0}]}, {"location": {"country_code": "ar", "region": "Salta Province"}, "game_id": "295590", "values": [{"date": "2023-11-07-00-00-00", "latency": 7}, {"date": "2023-11-07-00-00-00", "latency": 7}, {"date": "2023-11-07-00-00-00", "latency": 7}, {"date": "2023-11-07-00-00-00", "latency": 7}, {"date": "2023-11-07-00-00-00", "latency": 7}, {"date": "2023-11-07-00-00-00", "latency": 7}, {"date": "2023-11-07-00-00-00", "latency": 7}]}, {"location": {"country_code": "es", "region": "Cantabria", "city": "Santander"}, "game_id": "295590", "values": [{"date": "2023-11-06-02-00-00", "latency": 4}, {"date": "2023-11-06-02-00-00", "latency": 4}, {"date": "2023-11-06-02-00-00", "latency": 4}, {"date": "2023-11-06-02-00-00", "latency": 4}]}, {"location": {"country_code": "tn"}, "game_id": "295590", "values": [{"date": "2023-11-06-01-00-00", "latency": 0}, {"date": "2023-11-07-01-00-00", "latency": 7}]}, {"location": {"country_code": "es", "region": "Catalonia", "city": "Lleida"}, "game_id": "295590", "values": [{"date": "2023-11-06-04-00-00", "latency": 6}]}, {"location": {"country_code": "fr", "region": "Provence-Alpes-Cote d'Azur Region", "city": "Toulon"}, "game_id": "295590", "values": [{"date": "2023-11-06-17-00-00", "latency": 2}, {"date": "2023-11-06-04-00-00", "latency": 2}]}, {"location": {"country_code": "br", "region": "Paraiba"}, "game_id": "295590", "values": [{"date": "2023-11-06-02-00-00", "latency": 9}]}, {"location": {"country_code": "tr", "region": "Yalova Province"}, "game_id": "295590", "values": [{"date": "2023-11-06-19-00-00", "latency": 1}]}, {"location": {"country_code": "es", "region": "Balearic Islands", "city": "Inca"}, "game_id": "295590", "values": [{"date": "2023-11-06-15-00-00", "latency": 7}, {"date": "2023-11-06-15-00-00", "latency": 7}]}, {"location": {"country_code": "ru", "region": "Moscow", "city": "Moskovskiy"}, "game_id": "295590", "values": [{"date": "2023-11-06-17-00-00", "latency": 5}, {"date": "2023-11-06-17-00-00", "latency": 5}, {"date": "2023-11-06-17-00-00", "latency": 5}, {"date": "2023-11-06-17-00-00", "latency": 5}]}, {"location": {"country_code": "es", "region": "Canary Islands", "city": "Valleseco"}, "game_id": "295590", "values": [{"date": "2023-11-06-02-00-00", "latency": 8}]}, {"location": {"country_code": "ca", "region": "Ontario", "city": "St. Catharines"}, "game_id": "295590", "values": [{"date": "2023-11-06-22-00-00", "latency": 0}]}, {"location": {"country_code": "br", "region": "Mato Grosso do Sul", "city": "Tres Lagoas"}, "game_id": "295590", "values": [{"date": "2023-11-06-17-00-00", "latency": 2}]}, {"location": {"country_code": "bo", "region": "La Paz Department", "city": "Patacamaya"}, "game_id": "295590", "values": [{"date": "2023-11-06-07-00-00", "latency": 2}]}, {"location": {"country_code": "es", "region": "Castille and Leon", "city": "Salamanca"}, "game_id": "295590", "values": [{"date": "2023-11-06-23-00-00", "latency": 8}, {"date": "2023-11-06-23-00-00", "latency": 8}]}, {"location": {"country_code": "it", "region": "Abruzzo"}, "game_id": "295590", "values": [{"date": "2023-11-06-23-00-00", "latency": 3}]}, {"location": {"country_code": "ar", "region": "Tierra del Fuego Province"}, "game_id": "295590", "values": [{"date": "2023-11-06-01-00-00", "latency": 4}]}, {"location": {"country_code": "us", "region": "California", "city": "Berkeley"}, "game_id": "295590", "values": [{"date": "2023-11-07-00-00-00", "latency": 9}]}, {"location": {"country_code": "br", "region": "Estado de Bahia", "city": "Juazeiro"}, "game_id": "295590", "values": [{"date": "2023-11-06-09-00-00", "latency": 6}, {"date": "2023-11-06-09-00-00", "latency": 6}]}, {"location": {"country_code": "ph", "region": "National Capital Region"}, "game_id": "295590", "values": [{"date": "2023-11-06-14-00-00", "latency": 61}, {"date": "2023-11-06-14-00-00", "latency": 61}, {"date": "2023-11-06-14-00-00", "latency": 61}, {"date": "2023-11-06-14-00-00", "latency": 61}]}, {"location": {"country_code": "ru", "region": "Lipetsk Oblast", "city": "Yelets"}, "game_id": "295590", "values": [{"date": "2023-11-06-20-00-00", "latency": 4}]}, {"location": {"country_code": "ar", "region": "La Rioja Province"}, "game_id": "295590", "values": [{"date": "2023-11-06-22-00-00", "latency": 4}]}, {"location": {"country_code": "jp", "region": "Kagoshima", "city": "Uken"}, "game_id": "295590", "values": [{"date": "2023-11-06-20-00-00", "latency": 4}, {"date": "2023-11-06-20-00-00", "latency": 4}, {"date": "2023-11-06-20-00-00", "latency": 4}]}, {"location": {"country_code": "es", "region": "Basque Country", "city": "Donostia / San Sebastian"}, "game_id": "295590", "values": [{"date": "2023-11-06-23-00-00", "latency": 27}, {"date": "2023-11-06-23-00-00", "latency": 27}, {"date": "2023-11-06-23-00-00", "latency": 27}, {"date": "2023-11-06-23-00-00", "latency": 27}, {"date": "2023-11-06-23-00-00", "latency": 27}]}, {"location": {"country_code": "ao"}, "game_id": "295590", "values": [{"date": "2023-11-06-01-00-00", "latency": 12}, {"date": "2023-11-06-01-00-00", "latency": 12}, {"date": "2023-11-06-02-00-00", "latency": 0}]}, {"location": {"country_code": "us", "region": "Minnesota", "city": "Mankato"}, "game_id": "295590", "values": [{"date": "2023-11-06-03-00-00", "latency": 4}]}, {"location": {"country_code": "uy", "region": "Canelones Department", "city": "Las Toscas"}, "game_id": "295590", "values": [{"date": "2023-11-06-02-00-00", "latency": 4}]}, {"location": {"country_code": "cr", "region": "Canton Desamparados"}, "game_id": "295590", "values": [{"date": "2023-11-06-05-00-00", "latency": 4}]}, {"location": {"country_code": "ru", "region": "Rostov Oblast", "city": "Taganrog"}, "game_id": "295590", "values": [{"date": "2023-11-06-19-00-00", "latency": 8}, {"date": "2023-11-06-19-00-00", "latency": 8}, {"date": "2023-11-06-19-00-00", "latency": 8}]}, {"location": {"country_code": "ru", "region": "Leningradskaya Oblast'", "city": "Ivangorod"}, "game_id": "295590", "values": [{"date": "2023-11-06-09-00-00", "latency": 1}]}, {"location": {"country_code": "br", "region": "Rio Grande do Norte", "city": "Apodi"}, "game_id": "295590", "values": [{"date": "2023-11-06-23-00-00", "latency": 5}]}, {"location": {"country_code": "us", "region": "Texas", "city": "South Padre Island"}, "game_id": "295590", "values": [{"date": "2023-11-06-23-00-00", "latency": 4}]}, {"location": {"country_code": "de", "region": "Bavaria", "city": "Erding"}, "game_id": "295590", "values": [{"date": "2023-11-06-15-00-00", "latency": 27}]}, {"location": {"country_code": "br", "region": "Sao Paulo", "city": "Igarapava"}, "game_id": "295590", "values": [{"date": "2023-11-06-16-00-00", "latency": 2}]}], "last_updated": 1719919199.95001}