{"data": [{"location": {"country_code": "br"}, "game_id": "970338", "values": [{"date": "2023-09-06-06-00-00", "latency": 1}, {"date": "2023-09-06-06-00-00", "latency": 1}, {"date": "2023-09-06-06-00-00", "latency": 1}]}, {"location": {"country_code": "se"}, "game_id": "970338", "values": [{"date": "2023-09-07-02-00-00", "latency": 5}]}, {"location": {"country_code": "ar", "region": "Buenos Aires F.D.", "city": "Bahia Blanca"}, "game_id": "970338", "values": [{"date": "2023-09-07-00-00-00", "latency": 264}]}, {"location": {"country_code": "us", "region": "Nevada", "city": "Las Vegas"}, "game_id": "970338", "values": [{"date": "2023-09-06-19-00-00", "latency": 8}]}, {"location": {"country_code": "ie"}, "game_id": "970338", "values": [{"date": "2023-09-07-00-00-00", "latency": 10}]}, {"location": {"country_code": "us", "region": "Colorado"}, "game_id": "970338", "values": [{"date": "2023-09-06-08-00-00", "latency": 6}]}, {"location": {"country_code": "ee"}, "game_id": "970338", "values": [{"date": "2023-09-06-17-00-00", "latency": 8}]}, {"location": {"country_code": "pl", "region": "Masovian Voivodeship", "city": "Warsaw"}, "game_id": "970338", "values": [{"date": "2023-09-06-11-00-00", "latency": 3}, {"date": "2023-09-06-11-00-00", "latency": 3}]}], "last_updated": 1719919345.49959}