{"data": [{"location": {"country_code": "us"}, "game_id": "461764", "values": [{"date": "2023-10-07-03-00-00", "alternatives": [30, 36, 38, 36, 36]}, {"date": "2023-10-07-03-00-00", "alternatives": [30, 36, 38, 36, 36]}, {"date": "2023-10-07-03-00-00", "alternatives": [30, 36, 38, 36, 36]}, {"date": "2023-10-07-03-00-00", "alternatives": [30, 36, 38, 36, 36]}, {"date": "2023-10-07-03-00-00", "alternatives": [30, 36, 38, 36, 36]}, {"date": "2023-10-07-03-00-00", "alternatives": [30, 36, 38, 36, 36]}, {"date": "2023-10-07-03-00-00", "alternatives": [30, 36, 38, 36, 36]}, {"date": "2023-10-07-23-00-00", "alternatives": [35, 3, 36, 35, 35]}, {"date": "2023-10-07-23-00-00", "alternatives": [35, 3, 36, 35, 35]}, {"date": "2023-10-07-23-00-00", "alternatives": [35, 3, 36, 35, 35]}, {"date": "2023-10-07-23-00-00", "alternatives": [35, 3, 36, 35, 35]}, {"date": "2023-10-07-23-00-00", "alternatives": [35, 3, 36, 35, 35]}, {"date": "2023-10-07-23-00-00", "alternatives": [35, 3, 36, 35, 35]}, {"date": "2023-10-07-23-00-00", "alternatives": [35, 3, 36, 35, 35]}, {"date": "2023-10-07-23-00-00", "alternatives": [35, 3, 36, 35, 35]}, {"date": "2023-10-07-04-00-00", "alternatives": [38, 6, 38, 38]}, {"date": "2023-10-07-04-00-00", "alternatives": [38, 6, 38, 38]}]}, {"location": {"country_code": "us", "region": "Texas", "city": "San Antonio"}, "game_id": "461764", "values": [{"date": "2023-10-07-19-00-00", "alternatives": [29, 32, 32, 32]}, {"date": "2023-10-07-19-00-00", "alternatives": [29, 32, 32, 32]}, {"date": "2023-10-07-19-00-00", "alternatives": [29, 32, 32, 32]}, {"date": "2023-10-07-19-00-00", "alternatives": [29, 32, 32, 32]}, {"date": "2023-10-07-19-00-00", "alternatives": [29, 32, 32, 32]}, {"date": "2023-10-07-19-00-00", "alternatives": [29, 32, 32, 32]}, {"date": "2023-10-07-19-00-00", "alternatives": [29, 32, 32, 32]}, {"date": "2023-10-07-19-00-00", "alternatives": [29, 32, 32, 32]}]}, {"location": {"country_code": "gb"}, "game_id": "461764", "values": [{"date": "2023-10-07-22-00-00", "alternatives": [52336, 6, 36, 36, 36]}, {"date": "2023-10-07-22-00-00", "alternatives": [52336, 6, 36, 36, 36]}, {"date": "2023-10-07-22-00-00", "alternatives": [52336, 6, 36, 36, 36]}, {"date": "2023-10-07-22-00-00", "alternatives": [52336, 6, 36, 36, 36]}]}, {"location": {"country_code": "jp"}, "game_id": "461764", "values": [{"date": "2023-10-07-08-00-00", "alternatives": [50, 0, 30, 50, 50]}, {"date": "2023-10-07-08-00-00", "alternatives": [50, 0, 30, 50, 50]}, {"date": "2023-10-07-08-00-00", "alternatives": [50, 0, 30, 50, 50]}, {"date": "2023-10-07-08-00-00", "alternatives": [50, 0, 30, 50, 50]}, {"date": "2023-10-07-16-00-00", "alternatives": ["56", "56", "6"]}, {"date": "2023-10-07-16-00-00", "alternatives": ["56", "56", "6"]}, {"date": "2023-10-07-16-00-00", "alternatives": ["56", "56", "6"]}]}, {"location": {"country_code": "ca"}, "game_id": "461764", "values": [{"date": "2023-10-07-06-00-00", "alternatives": [31, 34, 34, 34]}, {"date": "2023-10-07-06-00-00", "alternatives": [31, 34, 34, 34]}, {"date": "2023-10-07-06-00-00", "alternatives": [31, 34, 34, 34]}, {"date": "2023-10-07-06-00-00", "alternatives": [31, 34, 34, 34]}]}, {"location": {"country_code": "ch"}, "game_id": "461764", "values": [{"date": "2023-10-07-11-00-00", "alternatives": ["72", "24", "24"]}, {"date": "2023-10-07-11-00-00", "alternatives": ["72", "24", "24"]}, {"date": "2023-10-07-11-00-00", "alternatives": ["72", "24", "24"]}, {"date": "2023-10-07-11-00-00", "alternatives": ["72", "24", "24"]}]}, {"location": {"country_code": "de"}, "game_id": "461764", "values": [{"date": "2023-10-07-16-00-00", "alternatives": [534, 834, 34, 34, 34]}, {"date": "2023-10-07-16-00-00", "alternatives": [534, 834, 34, 34, 34]}, {"date": "2023-10-07-16-00-00", "alternatives": [534, 834, 34, 34, 34]}, {"date": "2023-10-07-16-00-00", "alternatives": [534, 834, 34, 34, 34]}, {"date": "2023-10-07-16-00-00", "alternatives": [534, 834, 34, 34, 34]}, {"date": "2023-10-07-16-00-00", "alternatives": [534, 834, 34, 34, 34]}, {"date": "2023-10-07-19-00-00", "alternatives": ["3", "11", "3"]}, {"date": "2023-10-07-18-00-00", "alternatives": [34, 33, 34, 34, 34]}, {"date": "2023-10-07-18-00-00", "alternatives": [34, 33, 34, 34, 34]}, {"date": "2023-10-07-18-00-00", "alternatives": [34, 33, 34, 34, 34]}, {"date": "2023-10-07-18-00-00", "alternatives": [34, 33, 34, 34, 34]}, {"date": "2023-10-07-18-00-00", "alternatives": [34, 33, 34, 34, 34]}, {"date": "2023-10-07-18-00-00", "alternatives": [34, 33, 34, 34, 34]}, {"date": "2023-10-07-18-00-00", "alternatives": [34, 33, 34, 34, 34]}, {"date": "2023-10-07-18-00-00", "alternatives": [34, 33, 34, 34, 34]}, {"date": "2023-10-07-18-00-00", "alternatives": [34, 33, 34, 34, 34]}, {"date": "2023-10-07-18-00-00", "alternatives": [34, 33, 34, 34, 34]}, {"date": "2023-10-07-18-00-00", "alternatives": [34, 33, 34, 34, 34]}, {"date": "2023-10-07-18-00-00", "alternatives": [34, 33, 34, 34, 34]}, {"date": "2023-10-07-18-00-00", "alternatives": [34, 33, 34, 34, 34]}]}, {"location": {"country_code": "tw"}, "game_id": "461764", "values": [{"date": "2023-10-07-19-00-00", "alternatives": [15, 17, 35, 35, 35, 35]}, {"date": "2023-10-07-19-00-00", "alternatives": [15, 17, 35, 35, 35, 35]}, {"date": "2023-10-07-19-00-00", "alternatives": [15, 17, 35, 35, 35, 35]}]}, {"location": {"country_code": "gb", "region": "England"}, "game_id": "461764", "values": [{"date": "2023-10-08-01-00-00", "alternatives": [46, 46, 46, 4]}, {"date": "2023-10-08-01-00-00", "alternatives": [46, 46, 46, 4]}, {"date": "2023-10-08-01-00-00", "alternatives": [46, 46, 46, 4]}, {"date": "2023-10-08-01-00-00", "alternatives": [46, 46, 46, 4]}]}, {"location": {"country_code": "ph"}, "game_id": "461764", "values": [{"date": "2023-10-07-23-00-00", "alternatives": [1, 3, 33, 33, 33]}, {"date": "2023-10-07-23-00-00", "alternatives": [1, 3, 33, 33, 33]}, {"date": "2023-10-07-23-00-00", "alternatives": [1, 3, 33, 33, 33]}, {"date": "2023-10-07-23-00-00", "alternatives": [1, 3, 33, 33, 33]}, {"date": "2023-10-07-23-00-00", "alternatives": [1, 3, 33, 33, 33]}, {"date": "2023-10-07-23-00-00", "alternatives": [1, 3, 33, 33, 33]}, {"date": "2023-10-07-23-00-00", "alternatives": [1, 3, 33, 33, 33]}, {"date": "2023-10-07-23-00-00", "alternatives": [1, 3, 33, 33, 33]}, {"date": "2023-10-07-23-00-00", "alternatives": [1, 3, 33, 33, 33]}, {"date": "2023-10-07-23-00-00", "alternatives": [1, 3, 33, 33, 33]}, {"date": "2023-10-07-23-00-00", "alternatives": [1, 3, 33, 33, 33]}]}, {"location": {"country_code": "in"}, "game_id": "461764", "values": [{"date": "2023-10-07-07-00-00", "alternatives": [12, 32, 32, 32]}, {"date": "2023-10-07-07-00-00", "alternatives": [12, 32, 32, 32]}, {"date": "2023-10-07-07-00-00", "alternatives": [12, 32, 32, 32]}]}, {"location": {"country_code": "br"}, "game_id": "461764", "values": [{"date": "2023-10-07-05-00-00", "alternatives": ["103", "103", "3"]}, {"date": "2023-10-07-05-00-00", "alternatives": ["103", "103", "3"]}]}, {"location": {"country_code": "au"}, "game_id": "461764", "values": [{"date": "2023-10-07-15-00-00", "alternatives": [59, 8, 58, 59, 59, 58]}, {"date": "2023-10-07-15-00-00", "alternatives": [59, 8, 58, 59, 59, 58]}, {"date": "2023-10-07-15-00-00", "alternatives": [59, 8, 58, 59, 59, 58]}]}, {"location": {"country_code": "tr"}, "game_id": "461764", "values": [{"date": "2023-10-08-00-00-00", "alternatives": [8, 33, 33, 33]}, {"date": "2023-10-08-00-00-00", "alternatives": [8, 33, 33, 33]}, {"date": "2023-10-08-00-00-00", "alternatives": [8, 33, 33, 33]}]}, {"location": {"country_code": "hu"}, "game_id": "461764", "values": [{"date": "2023-10-07-02-00-00", "alternatives": [3, 1, 107, 107, 107]}]}, {"location": {"country_code": "pl"}, "game_id": "461764", "values": [{"date": "2023-10-07-03-00-00", "alternatives": [0, 36, 36, 36, 36]}, {"date": "2023-10-07-03-00-00", "alternatives": [0, 36, 36, 36, 36]}, {"date": "2023-10-07-03-00-00", "alternatives": [0, 36, 36, 36, 36]}, {"date": "2023-10-07-03-00-00", "alternatives": [0, 36, 36, 36, 36]}, {"date": "2023-10-07-03-00-00", "alternatives": [0, 36, 36, 36, 36]}, {"date": "2023-10-07-03-00-00", "alternatives": [0, 36, 36, 36, 36]}, {"date": "2023-10-07-03-00-00", "alternatives": [0, 36, 36, 36, 36]}, {"date": "2023-10-07-03-00-00", "alternatives": [0, 36, 36, 36, 36]}, {"date": "2023-10-07-03-00-00", "alternatives": [0, 36, 36, 36, 36]}, {"date": "2023-10-07-03-00-00", "alternatives": [0, 36, 36, 36, 36]}, {"date": "2023-10-07-03-00-00", "alternatives": [0, 36, 36, 36, 36]}]}, {"location": {"country_code": "ie"}, "game_id": "461764", "values": [{"date": "2023-10-07-22-00-00", "alternatives": ["0", "36", "36"]}, {"date": "2023-10-07-22-00-00", "alternatives": ["0", "36", "36"]}, {"date": "2023-10-07-22-00-00", "alternatives": ["0", "36", "36"]}]}, {"location": {"country_code": "my"}, "game_id": "461764", "values": [{"date": "2023-10-07-17-00-00", "alternatives": ["35", "35", "3"]}, {"date": "2023-10-07-17-00-00", "alternatives": ["35", "35", "3"]}, {"date": "2023-10-07-17-00-00", "alternatives": ["35", "35", "3"]}, {"date": "2023-10-07-17-00-00", "alternatives": ["35", "35", "3"]}, {"date": "2023-10-07-17-00-00", "alternatives": ["35", "35", "3"]}, {"date": "2023-10-07-17-00-00", "alternatives": ["35", "35", "3"]}]}, {"location": {"country_code": "us", "region": "Vermont"}, "game_id": "461764", "values": [{"date": "2023-10-07-17-00-00", "alternatives": [35, 3, 35, 35]}, {"date": "2023-10-07-17-00-00", "alternatives": [35, 3, 35, 35]}, {"date": "2023-10-07-17-00-00", "alternatives": [35, 3, 35, 35]}, {"date": "2023-10-07-17-00-00", "alternatives": [35, 3, 35, 35]}, {"date": "2023-10-07-17-00-00", "alternatives": [35, 3, 35, 35]}, {"date": "2023-10-07-17-00-00", "alternatives": [35, 3, 35, 35]}, {"date": "2023-10-07-17-00-00", "alternatives": [35, 3, 35, 35]}, {"date": "2023-10-07-17-00-00", "alternatives": [35, 3, 35, 35]}, {"date": "2023-10-07-17-00-00", "alternatives": [35, 3, 35, 35]}, {"date": "2023-10-07-17-00-00", "alternatives": [35, 3, 35, 35]}, {"date": "2023-10-07-17-00-00", "alternatives": [35, 3, 35, 35]}]}, {"location": {"country_code": "hr"}, "game_id": "461764", "values": [{"date": "2023-10-07-16-00-00", "alternatives": ["35", "35", "5"]}]}, {"location": {"country_code": "de", "region": "North Rhine-Westphalia"}, "game_id": "461764", "values": [{"date": "2023-10-07-21-00-00", "alternatives": ["35", "33", "35"]}]}, {"location": {"country_code": "mt"}, "game_id": "461764", "values": [{"date": "2023-10-07-16-00-00", "alternatives": [37, 3, 0, 37, 37]}, {"date": "2023-10-07-16-00-00", "alternatives": [37, 3, 0, 37, 37]}, {"date": "2023-10-07-16-00-00", "alternatives": [37, 3, 0, 37, 37]}]}, {"location": {"country_code": "jp", "region": "Hiroshima"}, "game_id": "461764", "values": [{"date": "2023-10-07-09-00-00", "alternatives": [31, 30, 34, 34, 34, 4]}, {"date": "2023-10-07-09-00-00", "alternatives": [31, 30, 34, 34, 34, 4]}, {"date": "2023-10-07-09-00-00", "alternatives": [31, 30, 34, 34, 34, 4]}, {"date": "2023-10-07-09-00-00", "alternatives": [31, 30, 34, 34, 34, 4]}, {"date": "2023-10-07-09-00-00", "alternatives": [31, 30, 34, 34, 34, 4]}, {"date": "2023-10-07-09-00-00", "alternatives": [31, 30, 34, 34, 34, 4]}, {"date": "2023-10-07-09-00-00", "alternatives": [31, 30, 34, 34, 34, 4]}]}, {"location": {"country_code": "cz", "region": "Kralovehradecky kraj"}, "game_id": "461764", "values": [{"date": "2023-10-07-21-00-00", "alternatives": [5, 61, 61, 61]}, {"date": "2023-10-07-21-00-00", "alternatives": [5, 61, 61, 61]}, {"date": "2023-10-07-21-00-00", "alternatives": [5, 61, 61, 61]}]}], "last_updated": 1719918538.612932}