{"data": [{"location": {"country_code": "us"}, "game_id": "118849", "values": [{"date": "2022-07-24-06-00-00", "latency": 79}, {"date": "2022-07-24-06-00-00", "latency": 79}, {"date": "2022-07-24-06-00-00", "latency": 79}, {"date": "2022-07-24-06-00-00", "latency": 79}, {"date": "2022-07-24-06-00-00", "latency": 79}]}, {"location": {"country_code": "th"}, "game_id": "118849", "values": [{"date": "2022-07-24-16-00-00", "latency": 83}, {"date": "2022-07-24-16-00-00", "latency": 83}, {"date": "2022-07-24-16-00-00", "latency": 83}, {"date": "2022-07-24-16-00-00", "latency": 83}, {"date": "2022-07-24-16-00-00", "latency": 83}, {"date": "2022-07-24-16-00-00", "latency": 83}, {"date": "2022-07-24-16-00-00", "latency": 83}, {"date": "2022-07-24-16-00-00", "latency": 83}, {"date": "2022-07-24-16-00-00", "latency": 83}, {"date": "2022-07-24-16-00-00", "latency": 83}, {"date": "2022-07-24-16-00-00", "latency": 83}, {"date": "2022-07-24-16-00-00", "latency": 83}, {"date": "2022-07-24-16-00-00", "latency": 83}, {"date": "2022-07-24-16-00-00", "latency": 83}, {"date": "2022-07-24-16-00-00", "latency": 83}, {"date": "2022-07-24-16-00-00", "latency": 83}]}, {"location": {"country_code": "gr"}, "game_id": "118849", "values": [{"date": "2022-07-24-16-00-00", "latency": 62}, {"date": "2022-07-24-16-00-00", "latency": 62}, {"date": "2022-07-24-16-00-00", "latency": 62}]}, {"location": {"country_code": "jp"}, "game_id": "118849", "values": [{"date": "2022-07-24-19-00-00", "latency": 100}, {"date": "2022-07-24-14-00-00", "latency": 51}, {"date": "2022-07-24-14-00-00", "latency": 51}]}, {"location": {"country_code": "us", "region": "Indiana"}, "game_id": "118849", "values": [{"date": "2022-07-25-01-00-00", "latency": 170}]}, {"location": {"country_code": "cl"}, "game_id": "118849", "values": [{"date": "2022-07-24-07-00-00", "latency": 924}, {"date": "2022-07-24-07-00-00", "latency": 924}, {"date": "2022-07-24-07-00-00", "latency": 924}, {"date": "2022-07-24-07-00-00", "latency": 924}, {"date": "2022-07-24-07-00-00", "latency": 924}]}, {"location": {"country_code": "us", "region": "Texas"}, "game_id": "118849", "values": [{"date": "2022-07-24-20-00-00", "latency": 57}, {"date": "2022-07-24-20-00-00", "latency": 57}, {"date": "2022-07-24-20-00-00", "latency": 57}]}, {"location": {"country_code": "us", "region": "Wisconsin"}, "game_id": "118849", "values": [{"date": "2022-07-24-10-00-00", "latency": 195}, {"date": "2022-07-24-10-00-00", "latency": 195}]}, {"location": {"country_code": "mx"}, "game_id": "118849", "values": [{"date": "2022-07-25-02-00-00", "latency": 143}, {"date": "2022-07-24-23-00-00", "latency": 68}, {"date": "2022-07-24-23-00-00", "latency": 68}, {"date": "2022-07-24-23-00-00", "latency": 68}, {"date": "2022-07-24-23-00-00", "latency": 68}, {"date": "2022-07-24-23-00-00", "latency": 68}, {"date": "2022-07-24-23-00-00", "latency": 68}, {"date": "2022-07-24-23-00-00", "latency": 68}, {"date": "2022-07-24-23-00-00", "latency": 68}]}, {"location": {"country_code": "se"}, "game_id": "118849", "values": [{"date": "2022-07-24-14-00-00", "latency": 54}]}, {"location": {"country_code": "au"}, "game_id": "118849", "values": [{"date": "2022-07-24-21-00-00", "latency": 195}]}, {"location": {"country_code": "tr"}, "game_id": "118849", "values": [{"date": "2022-07-24-15-00-00", "latency": 35}, {"date": "2022-07-24-15-00-00", "latency": 35}, {"date": "2022-07-24-16-00-00", "latency": 105}, {"date": "2022-07-24-16-00-00", "latency": 105}, {"date": "2022-07-24-16-00-00", "latency": 105}, {"date": "2022-07-24-16-00-00", "latency": 105}, {"date": "2022-07-24-16-00-00", "latency": 105}, {"date": "2022-07-24-16-00-00", "latency": 105}]}, {"location": {"country_code": "us", "region": "Pennsylvania", "city": "Philadelphia"}, "game_id": "118849", "values": [{"date": "2022-07-24-02-00-00", "latency": 69}, {"date": "2022-07-24-02-00-00", "latency": 69}, {"date": "2022-07-24-02-00-00", "latency": 69}, {"date": "2022-07-24-02-00-00", "latency": 69}]}, {"location": {"country_code": "es", "region": "Galicia", "city": "A Guarda"}, "game_id": "118849", "values": [{"date": "2022-07-24-22-00-00", "latency": 60}, {"date": "2022-07-24-22-00-00", "latency": 60}, {"date": "2022-07-24-22-00-00", "latency": 60}, {"date": "2022-07-24-22-00-00", "latency": 60}, {"date": "2022-07-24-22-00-00", "latency": 60}]}, {"location": {"country_code": "gt", "region": "Guatemala Department", "city": "Guatemala City"}, "game_id": "118849", "values": [{"date": "2022-07-24-08-00-00", "latency": 79}, {"date": "2022-07-24-08-00-00", "latency": 79}, {"date": "2022-07-24-08-00-00", "latency": 79}, {"date": "2022-07-24-08-00-00", "latency": 79}]}, {"location": {"country_code": "us", "region": "Virginia"}, "game_id": "118849", "values": [{"date": "2022-07-24-07-00-00", "latency": 100}, {"date": "2022-07-24-07-00-00", "latency": 100}, {"date": "2022-07-24-07-00-00", "latency": 100}]}, {"location": {"country_code": "hu"}, "game_id": "118849", "values": [{"date": "2022-07-24-17-00-00", "latency": 111}]}, {"location": {"country_code": "br", "region": "Estado de Bahia", "city": "Salvador"}, "game_id": "118849", "values": [{"date": "2022-07-24-03-00-00", "latency": 66}, {"date": "2022-07-24-03-00-00", "latency": 66}]}, {"location": {"country_code": "mx", "region": "Nuevo Leon"}, "game_id": "118849", "values": [{"date": "2022-07-24-02-00-00", "latency": 113}, {"date": "2022-07-24-02-00-00", "latency": 113}, {"date": "2022-07-24-02-00-00", "latency": 113}, {"date": "2022-07-24-02-00-00", "latency": 113}]}, {"location": {"country_code": "us", "region": "Oklahoma"}, "game_id": "118849", "values": [{"date": "2022-07-24-06-00-00", "latency": 74}, {"date": "2022-07-24-06-00-00", "latency": 74}, {"date": "2022-07-24-06-00-00", "latency": 74}, {"date": "2022-07-24-06-00-00", "latency": 74}]}, {"location": {"country_code": "us", "region": "Pennsylvania"}, "game_id": "118849", "values": [{"date": "2022-07-24-09-00-00", "latency": 85}, {"date": "2022-07-24-09-00-00", "latency": 85}, {"date": "2022-07-24-09-00-00", "latency": 85}, {"date": "2022-07-24-09-00-00", "latency": 85}, {"date": "2022-07-24-09-00-00", "latency": 85}, {"date": "2022-07-24-09-00-00", "latency": 85}, {"date": "2022-07-24-09-00-00", "latency": 85}, {"date": "2022-07-24-09-00-00", "latency": 85}]}, {"location": {"country_code": "us", "region": "Colorado", "city": "Colorado Springs"}, "game_id": "118849", "values": [{"date": "2022-07-24-14-00-00", "latency": 91}]}, {"location": {"country_code": "us", "region": "Kentucky"}, "game_id": "118849", "values": [{"date": "2022-07-24-05-00-00", "latency": 111}, {"date": "2022-07-24-05-00-00", "latency": 111}, {"date": "2022-07-24-05-00-00", "latency": 111}, {"date": "2022-07-24-05-00-00", "latency": 111}, {"date": "2022-07-24-05-00-00", "latency": 111}, {"date": "2022-07-24-05-00-00", "latency": 111}, {"date": "2022-07-24-05-00-00", "latency": 111}, {"date": "2022-07-24-05-00-00", "latency": 111}]}, {"location": {"country_code": "us", "region": "Florida", "city": "Miami"}, "game_id": "118849", "values": [{"date": "2022-07-25-02-00-00", "latency": 65}, {"date": "2022-07-25-02-00-00", "latency": 65}, {"date": "2022-07-25-02-00-00", "latency": 65}, {"date": "2022-07-25-02-00-00", "latency": 65}, {"date": "2022-07-25-02-00-00", "latency": 65}]}, {"location": {"country_code": "kw"}, "game_id": "118849", "values": [{"date": "2022-07-24-06-00-00", "latency": 101}]}, {"location": {"country_code": "us", "region": "Texas", "city": "Irving"}, "game_id": "118849", "values": [{"date": "2022-07-24-05-00-00", "latency": 78}, {"date": "2022-07-24-05-00-00", "latency": 78}, {"date": "2022-07-24-05-00-00", "latency": 78}, {"date": "2022-07-24-05-00-00", "latency": 78}, {"date": "2022-07-24-05-00-00", "latency": 78}, {"date": "2022-07-24-05-00-00", "latency": 78}, {"date": "2022-07-24-05-00-00", "latency": 78}, {"date": "2022-07-24-05-00-00", "latency": 78}, {"date": "2022-07-24-05-00-00", "latency": 78}, {"date": "2022-07-24-05-00-00", "latency": 78}, {"date": "2022-07-24-05-00-00", "latency": 78}, {"date": "2022-07-24-05-00-00", "latency": 78}]}, {"location": {"country_code": "gt"}, "game_id": "118849", "values": [{"date": "2022-07-25-02-00-00", "latency": 77}, {"date": "2022-07-25-02-00-00", "latency": 77}, {"date": "2022-07-25-02-00-00", "latency": 77}, {"date": "2022-07-25-02-00-00", "latency": 77}, {"date": "2022-07-25-02-00-00", "latency": 77}, {"date": "2022-07-25-02-00-00", "latency": 77}, {"date": "2022-07-25-02-00-00", "latency": 77}]}, {"location": {"country_code": "us", "region": "Washington", "city": "Seattle"}, "game_id": "118849", "values": [{"date": "2022-07-24-20-00-00", "latency": 144}]}, {"location": {"country_code": "us", "region": "Texas", "city": "San Antonio"}, "game_id": "118849", "values": [{"date": "2022-07-24-07-00-00", "latency": 84}, {"date": "2022-07-24-07-00-00", "latency": 84}, {"date": "2022-07-24-07-00-00", "latency": 84}, {"date": "2022-07-24-07-00-00", "latency": 84}]}, {"location": {"country_code": "gr", "region": "Samothrace", "city": "Thessaloniki"}, "game_id": "118849", "values": [{"date": "2022-07-24-19-00-00", "latency": 93}]}, {"location": {"country_code": "mx", "region": "Sinaloa"}, "game_id": "118849", "values": [{"date": "2022-07-24-08-00-00", "latency": 97}, {"date": "2022-07-24-08-00-00", "latency": 97}, {"date": "2022-07-24-08-00-00", "latency": 97}]}, {"location": {"country_code": "ar", "region": "Buenos Aires", "city": "Tortuguitas"}, "game_id": "118849", "values": [{"date": "2022-07-24-19-00-00", "latency": 140}]}], "last_updated": 1719927580.712977}