{"data": [{"location": {"country_code": "nz", "region": "Auckland", "city": "Auckland"}, "game_id": "295590", "values": [{"date": "2022-06-22-08-00-00", "latency": 64}]}, {"location": {"country_code": "us"}, "game_id": "295590", "values": [{"date": "2022-06-22-10-00-00", "latency": 69}, {"date": "2022-06-23-02-00-00", "latency": 65}, {"date": "2022-06-22-18-00-00", "latency": 84}, {"date": "2022-06-22-18-00-00", "latency": 84}, {"date": "2022-06-22-06-00-00", "latency": 99}, {"date": "2022-06-22-06-00-00", "latency": 99}, {"date": "2022-06-22-07-00-00", "latency": 130}, {"date": "2022-06-22-16-00-00", "latency": 78}, {"date": "2022-06-22-04-00-00", "latency": 113}, {"date": "2022-06-22-04-00-00", "latency": 113}, {"date": "2022-06-22-04-00-00", "latency": 113}, {"date": "2022-06-22-04-00-00", "latency": 113}, {"date": "2022-06-22-04-00-00", "latency": 113}, {"date": "2022-06-22-04-00-00", "latency": 113}, {"date": "2022-06-22-04-00-00", "latency": 113}, {"date": "2022-06-22-04-00-00", "latency": 113}, {"date": "2022-06-22-04-00-00", "latency": 113}, {"date": "2022-06-22-18-00-00", "latency": 694}, {"date": "2022-06-22-18-00-00", "latency": 55}, {"date": "2022-06-22-03-00-00", "latency": 67}, {"date": "2022-06-22-19-00-00", "latency": 273}, {"date": "2022-06-22-05-00-00", "latency": 84}, {"date": "2022-06-22-05-00-00", "latency": 84}, {"date": "2022-06-22-05-00-00", "latency": 73}, {"date": "2022-06-22-05-00-00", "latency": 73}, {"date": "2022-06-23-00-00-00", "latency": 30}, {"date": "2022-06-23-00-00-00", "latency": 30}, {"date": "2022-06-23-00-00-00", "latency": 30}, {"date": "2022-06-22-03-00-00", "latency": 95}, {"date": "2022-06-22-03-00-00", "latency": 95}]}, {"location": {"country_code": "de", "region": "Berlin", "city": "Berlin"}, "game_id": "295590", "values": [{"date": "2022-06-22-18-00-00", "latency": 51}]}, {"location": {"country_code": "eg"}, "game_id": "295590", "values": [{"date": "2022-06-22-12-00-00", "latency": 141}]}, {"location": {"country_code": "us", "region": "New York", "city": "Jamestown"}, "game_id": "295590", "values": [{"date": "2022-06-22-06-00-00", "latency": 66}, {"date": "2022-06-22-06-00-00", "latency": 66}, {"date": "2022-06-22-02-00-00", "latency": 59}, {"date": "2022-06-22-02-00-00", "latency": 59}, {"date": "2022-06-22-02-00-00", "latency": 59}, {"date": "2022-06-22-02-00-00", "latency": 59}, {"date": "2022-06-22-02-00-00", "latency": 59}, {"date": "2022-06-22-02-00-00", "latency": 59}, {"date": "2022-06-22-22-00-00", "latency": 144}, {"date": "2022-06-22-22-00-00", "latency": 144}, {"date": "2022-06-23-02-00-00", "latency": 71}]}, {"location": {"country_code": "gb"}, "game_id": "295590", "values": [{"date": "2022-06-22-23-00-00", "latency": 55}, {"date": "2022-06-22-23-00-00", "latency": 55}, {"date": "2022-06-22-23-00-00", "latency": 55}, {"date": "2022-06-22-23-00-00", "latency": 55}, {"date": "2022-06-22-20-00-00", "latency": 43}, {"date": "2022-06-22-17-00-00", "latency": 91}]}, {"location": {"country_code": "gb", "region": "England"}, "game_id": "295590", "values": [{"date": "2022-06-22-21-00-00", "latency": 55}, {"date": "2022-06-22-21-00-00", "latency": 55}, {"date": "2022-06-22-21-00-00", "latency": 55}, {"date": "2022-06-22-20-00-00", "latency": 46}, {"date": "2022-06-22-20-00-00", "latency": 46}, {"date": "2022-06-23-02-00-00", "latency": 74}, {"date": "2022-06-23-02-00-00", "latency": 74}, {"date": "2022-06-23-02-00-00", "latency": 74}, {"date": "2022-06-23-02-00-00", "latency": 74}, {"date": "2022-06-22-18-00-00", "latency": 54}]}, {"location": {"country_code": "gr"}, "game_id": "295590", "values": [{"date": "2022-06-23-01-00-00", "latency": 156}, {"date": "2022-06-23-01-00-00", "latency": 156}, {"date": "2022-06-23-01-00-00", "latency": 156}, {"date": "2022-06-23-01-00-00", "latency": 156}]}, {"location": {"country_code": "it"}, "game_id": "295590", "values": [{"date": "2022-06-22-19-00-00", "latency": 128}, {"date": "2022-06-23-02-00-00", "latency": 74}, {"date": "2022-06-22-16-00-00", "latency": 51}]}, {"location": {"country_code": "za"}, "game_id": "295590", "values": [{"date": "2022-06-22-17-00-00", "latency": 197}, {"date": "2022-06-22-17-00-00", "latency": 197}, {"date": "2022-06-22-17-00-00", "latency": 197}, {"date": "2022-06-22-17-00-00", "latency": 197}, {"date": "2022-06-22-17-00-00", "latency": 197}]}, {"location": {"country_code": "jp"}, "game_id": "295590", "values": [{"date": "2022-06-22-19-00-00", "latency": 227}, {"date": "2022-06-22-14-00-00", "latency": 47}, {"date": "2022-06-22-14-00-00", "latency": 47}, {"date": "2022-06-22-14-00-00", "latency": 47}, {"date": "2022-06-22-14-00-00", "latency": 47}, {"date": "2022-06-22-14-00-00", "latency": 47}, {"date": "2022-06-22-14-00-00", "latency": 47}, {"date": "2022-06-22-14-00-00", "latency": 47}, {"date": "2022-06-22-16-00-00", "latency": 290}, {"date": "2022-06-22-16-00-00", "latency": 290}, {"date": "2022-06-22-16-00-00", "latency": 290}, {"date": "2022-06-22-03-00-00", "latency": 34}, {"date": "2022-06-22-03-00-00", "latency": 34}, {"date": "2022-06-22-12-00-00", "latency": 352}, {"date": "2022-06-22-12-00-00", "latency": 352}, {"date": "2022-06-22-12-00-00", "latency": 40}, {"date": "2022-06-22-13-00-00", "latency": 30}, {"date": "2022-06-22-13-00-00", "latency": 30}, {"date": "2022-06-22-13-00-00", "latency": 30}]}, {"location": {"country_code": "ca"}, "game_id": "295590", "values": [{"date": "2022-06-23-00-00-00", "latency": 96}, {"date": "2022-06-23-01-00-00", "latency": 47}, {"date": "2022-06-22-13-00-00", "latency": 107}, {"date": "2022-06-22-09-00-00", "latency": 61}, {"date": "2022-06-22-09-00-00", "latency": 61}]}, {"location": {"country_code": "de"}, "game_id": "295590", "values": [{"date": "2022-06-22-19-00-00", "latency": 45}, {"date": "2022-06-22-19-00-00", "latency": 29}, {"date": "2022-06-22-19-00-00", "latency": 139}, {"date": "2022-06-22-19-00-00", "latency": 139}, {"date": "2022-06-22-19-00-00", "latency": 139}, {"date": "2022-06-22-12-00-00", "latency": 243}, {"date": "2022-06-22-20-00-00", "latency": 108}, {"date": "2022-06-22-20-00-00", "latency": 108}, {"date": "2022-06-22-20-00-00", "latency": 108}, {"date": "2022-06-22-20-00-00", "latency": 108}, {"date": "2022-06-22-20-00-00", "latency": 108}, {"date": "2022-06-22-16-00-00", "latency": 130}, {"date": "2022-06-22-16-00-00", "latency": 130}]}, {"location": {"country_code": "tw"}, "game_id": "295590", "values": [{"date": "2022-06-22-21-00-00", "latency": 145}, {"date": "2022-06-22-21-00-00", "latency": 145}, {"date": "2022-06-22-21-00-00", "latency": 145}, {"date": "2022-06-22-21-00-00", "latency": 145}, {"date": "2022-06-22-21-00-00", "latency": 145}, {"date": "2022-06-22-21-00-00", "latency": 145}, {"date": "2022-06-22-21-00-00", "latency": 145}, {"date": "2022-06-22-21-00-00", "latency": 145}, {"date": "2022-06-22-21-00-00", "latency": 145}, {"date": "2022-06-22-21-00-00", "latency": 145}, {"date": "2022-06-22-21-00-00", "latency": 145}, {"date": "2022-06-22-21-00-00", "latency": 145}, {"date": "2022-06-22-21-00-00", "latency": 145}, {"date": "2022-06-22-21-00-00", "latency": 145}, {"date": "2022-06-22-21-00-00", "latency": 145}, {"date": "2022-06-22-21-00-00", "latency": 145}, {"date": "2022-06-22-21-00-00", "latency": 145}, {"date": "2022-06-22-21-00-00", "latency": 145}, {"date": "2022-06-22-21-00-00", "latency": 145}, {"date": "2022-06-22-21-00-00", "latency": 145}, {"date": "2022-06-22-21-00-00", "latency": 145}, {"date": "2022-06-22-21-00-00", "latency": 145}, {"date": "2022-06-22-21-00-00", "latency": 145}, {"date": "2022-06-22-21-00-00", "latency": 145}, {"date": "2022-06-22-16-00-00", "latency": 136}, {"date": "2022-06-22-16-00-00", "latency": 136}, {"date": "2022-06-22-16-00-00", "latency": 136}, {"date": "2022-06-22-16-00-00", "latency": 136}, {"date": "2022-06-22-16-00-00", "latency": 136}, {"date": "2022-06-22-16-00-00", "latency": 136}, {"date": "2022-06-22-16-00-00", "latency": 136}, {"date": "2022-06-22-16-00-00", "latency": 136}, {"date": "2022-06-22-16-00-00", "latency": 136}, {"date": "2022-06-22-16-00-00", "latency": 136}, {"date": "2022-06-22-16-00-00", "latency": 136}, {"date": "2022-06-22-16-00-00", "latency": 136}, {"date": "2022-06-22-16-00-00", "latency": 136}, {"date": "2022-06-22-16-00-00", "latency": 136}, {"date": "2022-06-22-16-00-00", "latency": 136}, {"date": "2022-06-22-16-00-00", "latency": 136}, {"date": "2022-06-22-16-00-00", "latency": 136}, {"date": "2022-06-22-16-00-00", "latency": 136}, {"date": "2022-06-22-16-00-00", "latency": 136}]}, {"location": {"country_code": "cl"}, "game_id": "295590", "values": [{"date": "2022-06-22-04-00-00", "latency": 20}, {"date": "2022-06-22-04-00-00", "latency": 20}, {"date": "2022-06-22-05-00-00", "latency": 128}, {"date": "2022-06-22-21-00-00", "latency": 72}, {"date": "2022-06-22-21-00-00", "latency": 72}, {"date": "2022-06-22-07-00-00", "latency": 28}, {"date": "2022-06-22-07-00-00", "latency": 28}, {"date": "2022-06-22-07-00-00", "latency": 28}, {"date": "2022-06-22-05-00-00", "latency": 21}]}, {"location": {"country_code": "us", "region": "Texas"}, "game_id": "295590", "values": [{"date": "2022-06-23-02-00-00", "latency": 93}, {"date": "2022-06-22-03-00-00", "latency": 71}]}, {"location": {"country_code": "au", "region": "New South Wales", "city": "Sydney"}, "game_id": "295590", "values": [{"date": "2022-06-22-12-00-00", "latency": 30}]}, {"location": {"country_code": "au"}, "game_id": "295590", "values": [{"date": "2022-06-22-06-00-00", "latency": 229}, {"date": "2022-06-22-13-00-00", "latency": 30}, {"date": "2022-06-22-12-00-00", "latency": 78}, {"date": "2022-06-22-12-00-00", "latency": 78}, {"date": "2022-06-22-12-00-00", "latency": 147}, {"date": "2022-06-22-12-00-00", "latency": 45}, {"date": "2022-06-22-12-00-00", "latency": 45}, {"date": "2022-06-22-12-00-00", "latency": 45}, {"date": "2022-06-22-04-00-00", "latency": 67}, {"date": "2022-06-22-04-00-00", "latency": 67}, {"date": "2022-06-22-04-00-00", "latency": 67}, {"date": "2022-06-22-14-00-00", "latency": 56}, {"date": "2022-06-22-14-00-00", "latency": 56}, {"date": "2022-06-22-14-00-00", "latency": 56}, {"date": "2022-06-22-14-00-00", "latency": 56}, {"date": "2022-06-22-14-00-00", "latency": 56}, {"date": "2022-06-22-14-00-00", "latency": 56}]}, {"location": {"country_code": "ph"}, "game_id": "295590", "values": [{"date": "2022-06-22-16-00-00", "latency": 34}, {"date": "2022-06-22-16-00-00", "latency": 34}, {"date": "2022-06-22-16-00-00", "latency": 34}, {"date": "2022-06-22-16-00-00", "latency": 34}, {"date": "2022-06-22-16-00-00", "latency": 34}, {"date": "2022-06-22-16-00-00", "latency": 34}, {"date": "2022-06-22-16-00-00", "latency": 34}, {"date": "2022-06-22-09-00-00", "latency": 51}, {"date": "2022-06-22-12-00-00", "latency": 837}, {"date": "2022-06-22-18-00-00", "latency": 42}, {"date": "2022-06-22-18-00-00", "latency": 42}, {"date": "2022-06-22-18-00-00", "latency": 42}, {"date": "2022-06-22-18-00-00", "latency": 42}, {"date": "2022-06-22-18-00-00", "latency": 42}, {"date": "2022-06-22-18-00-00", "latency": 42}, {"date": "2022-06-22-18-00-00", "latency": 42}, {"date": "2022-06-22-18-00-00", "latency": 42}, {"date": "2022-06-22-18-00-00", "latency": 42}, {"date": "2022-06-22-18-00-00", "latency": 42}, {"date": "2022-06-22-18-00-00", "latency": 42}, {"date": "2022-06-22-18-00-00", "latency": 42}, {"date": "2022-06-22-18-00-00", "latency": 42}]}, {"location": {"country_code": "fr"}, "game_id": "295590", "values": [{"date": "2022-06-22-16-00-00", "latency": 31}, {"date": "2022-06-22-20-00-00", "latency": 70}, {"date": "2022-06-22-20-00-00", "latency": 70}, {"date": "2022-06-22-10-00-00", "latency": 93}, {"date": "2022-06-23-02-00-00", "latency": 157}, {"date": "2022-06-22-15-00-00", "latency": 213}, {"date": "2022-06-23-00-00-00", "latency": 40}, {"date": "2022-06-22-23-00-00", "latency": 102}, {"date": "2022-06-22-17-00-00", "latency": 56}, {"date": "2022-06-22-17-00-00", "latency": 56}]}, {"location": {"country_code": "us", "region": "New Jersey"}, "game_id": "295590", "values": [{"date": "2022-06-22-02-00-00", "latency": 46}, {"date": "2022-06-22-09-00-00", "latency": 116}]}, {"location": {"country_code": "mx"}, "game_id": "295590", "values": [{"date": "2022-06-22-04-00-00", "latency": 95}, {"date": "2022-06-22-04-00-00", "latency": 380}, {"date": "2022-06-22-17-00-00", "latency": 335}]}, {"location": {"country_code": "ar"}, "game_id": "295590", "values": [{"date": "2022-06-22-21-00-00", "latency": 427}, {"date": "2022-06-22-19-00-00", "latency": 59}, {"date": "2022-06-22-06-00-00", "latency": 50}, {"date": "2022-06-22-06-00-00", "latency": 40}, {"date": "2022-06-22-06-00-00", "latency": 40}, {"date": "2022-06-22-06-00-00", "latency": 40}, {"date": "2022-06-22-21-00-00", "latency": 47}, {"date": "2022-06-22-08-00-00", "latency": 72}, {"date": "2022-06-22-07-00-00", "latency": 72}]}, {"location": {"country_code": "mx", "region": "Chiapas"}, "game_id": "295590", "values": [{"date": "2022-06-22-05-00-00", "latency": 107}, {"date": "2022-06-22-05-00-00", "latency": 107}]}, {"location": {"country_code": "us", "region": "Ohio"}, "game_id": "295590", "values": [{"date": "2022-06-22-06-00-00", "latency": 54}]}, {"location": {"country_code": "mx", "region": "Mexico City"}, "game_id": "295590", "values": [{"date": "2022-06-22-05-00-00", "latency": 205}]}, {"location": {"country_code": "us", "region": "California"}, "game_id": "295590", "values": [{"date": "2022-06-22-20-00-00", "latency": 125}, {"date": "2022-06-22-05-00-00", "latency": 117}, {"date": "2022-06-22-11-00-00", "latency": 63}, {"date": "2022-06-22-07-00-00", "latency": 197}, {"date": "2022-06-22-07-00-00", "latency": 197}, {"date": "2022-06-22-07-00-00", "latency": 197}]}, {"location": {"country_code": "rs"}, "game_id": "295590", "values": [{"date": "2022-06-23-01-00-00", "latency": 89}, {"date": "2022-06-23-01-00-00", "latency": 89}, {"date": "2022-06-23-01-00-00", "latency": 89}, {"date": "2022-06-23-01-00-00", "latency": 89}, {"date": "2022-06-23-01-00-00", "latency": 89}, {"date": "2022-06-23-01-00-00", "latency": 89}]}, {"location": {"country_code": "br"}, "game_id": "295590", "values": [{"date": "2022-06-22-08-00-00", "latency": 157}, {"date": "2022-06-22-19-00-00", "latency": 190}, {"date": "2022-06-22-19-00-00", "latency": 190}, {"date": "2022-06-22-19-00-00", "latency": 190}, {"date": "2022-06-22-19-00-00", "latency": 190}, {"date": "2022-06-22-19-00-00", "latency": 190}, {"date": "2022-06-22-19-00-00", "latency": 190}, {"date": "2022-06-22-04-00-00", "latency": 73}, {"date": "2022-06-22-22-00-00", "latency": 140}, {"date": "2022-06-22-06-00-00", "latency": 45}, {"date": "2022-06-23-00-00-00", "latency": 323}, {"date": "2022-06-23-00-00-00", "latency": 323}, {"date": "2022-06-23-00-00-00", "latency": 323}, {"date": "2022-06-23-00-00-00", "latency": 323}, {"date": "2022-06-23-00-00-00", "latency": 323}, {"date": "2022-06-22-05-00-00", "latency": 64}, {"date": "2022-06-22-05-00-00", "latency": 108}, {"date": "2022-06-23-02-00-00", "latency": 23}, {"date": "2022-06-23-02-00-00", "latency": 65}, {"date": "2022-06-23-02-00-00", "latency": 65}, {"date": "2022-06-23-02-00-00", "latency": 65}, {"date": "2022-06-23-02-00-00", "latency": 65}, {"date": "2022-06-23-02-00-00", "latency": 65}, {"date": "2022-06-23-02-00-00", "latency": 65}, {"date": "2022-06-23-01-00-00", "latency": 29}, {"date": "2022-06-23-01-00-00", "latency": 29}, {"date": "2022-06-23-00-00-00", "latency": 46}, {"date": "2022-06-22-21-00-00", "latency": 42}, {"date": "2022-06-22-21-00-00", "latency": 42}, {"date": "2022-06-22-21-00-00", "latency": 42}, {"date": "2022-06-22-21-00-00", "latency": 42}, {"date": "2022-06-22-21-00-00", "latency": 42}, {"date": "2022-06-22-21-00-00", "latency": 42}, {"date": "2022-06-22-21-00-00", "latency": 42}, {"date": "2022-06-22-21-00-00", "latency": 42}, {"date": "2022-06-22-21-00-00", "latency": 42}, {"date": "2022-06-22-21-00-00", "latency": 42}, {"date": "2022-06-22-21-00-00", "latency": 42}, {"date": "2022-06-22-21-00-00", "latency": 42}, {"date": "2022-06-22-21-00-00", "latency": 42}, {"date": "2022-06-22-21-00-00", "latency": 42}, {"date": "2022-06-22-21-00-00", "latency": 42}, {"date": "2022-06-22-21-00-00", "latency": 42}, {"date": "2022-06-22-21-00-00", "latency": 42}, {"date": "2022-06-22-21-00-00", "latency": 42}, {"date": "2022-06-22-21-00-00", "latency": 42}, {"date": "2022-06-22-21-00-00", "latency": 42}, {"date": "2022-06-22-21-00-00", "latency": 42}, {"date": "2022-06-22-21-00-00", "latency": 42}, {"date": "2022-06-22-21-00-00", "latency": 42}, {"date": "2022-06-22-21-00-00", "latency": 42}, {"date": "2022-06-22-21-00-00", "latency": 42}, {"date": "2022-06-22-21-00-00", "latency": 42}, {"date": "2022-06-22-21-00-00", "latency": 42}]}, {"location": {"country_code": "br", "region": "Sao Paulo", "city": "Apiai"}, "game_id": "295590", "values": [{"date": "2022-06-22-23-00-00", "latency": 183}, {"date": "2022-06-22-23-00-00", "latency": 183}, {"date": "2022-06-22-23-00-00", "latency": 183}, {"date": "2022-06-22-23-00-00", "latency": 183}, {"date": "2022-06-22-23-00-00", "latency": 183}, {"date": "2022-06-22-23-00-00", "latency": 183}, {"date": "2022-06-22-20-00-00", "latency": 115}, {"date": "2022-06-22-20-00-00", "latency": 115}, {"date": "2022-06-22-20-00-00", "latency": 115}, {"date": "2022-06-22-20-00-00", "latency": 115}, {"date": "2022-06-22-20-00-00", "latency": 115}, {"date": "2022-06-22-20-00-00", "latency": 115}, {"date": "2022-06-23-00-00-00", "latency": 35}, {"date": "2022-06-22-05-00-00", "latency": 711}, {"date": "2022-06-22-12-00-00", "latency": 174}]}, {"location": {"country_code": "se"}, "game_id": "295590", "values": [{"date": "2022-06-22-15-00-00", "latency": 294}, {"date": "2022-06-23-00-00-00", "latency": 50}, {"date": "2022-06-23-00-00-00", "latency": 50}, {"date": "2022-06-23-00-00-00", "latency": 50}, {"date": "2022-06-23-00-00-00", "latency": 50}, {"date": "2022-06-23-00-00-00", "latency": 50}, {"date": "2022-06-23-00-00-00", "latency": 50}, {"date": "2022-06-22-17-00-00", "latency": 55}]}, {"location": {"country_code": "us", "region": "California", "city": "East Los Angeles"}, "game_id": "295590", "values": [{"date": "2022-06-22-12-00-00", "latency": 43}, {"date": "2022-06-22-12-00-00", "latency": 43}]}, {"location": {"country_code": "ec"}, "game_id": "295590", "values": [{"date": "2022-06-22-06-00-00", "latency": 100}, {"date": "2022-06-22-06-00-00", "latency": 100}, {"date": "2022-06-22-06-00-00", "latency": 100}, {"date": "2022-06-22-06-00-00", "latency": 100}, {"date": "2022-06-22-06-00-00", "latency": 100}, {"date": "2022-06-22-06-00-00", "latency": 100}, {"date": "2022-06-22-06-00-00", "latency": 100}, {"date": "2022-06-22-06-00-00", "latency": 100}, {"date": "2022-06-22-06-00-00", "latency": 100}, {"date": "2022-06-22-06-00-00", "latency": 100}, {"date": "2022-06-22-06-00-00", "latency": 100}, {"date": "2022-06-22-06-00-00", "latency": 100}, {"date": "2022-06-22-06-00-00", "latency": 100}, {"date": "2022-06-22-06-00-00", "latency": 100}, {"date": "2022-06-22-06-00-00", "latency": 100}, {"date": "2022-06-22-06-00-00", "latency": 100}, {"date": "2022-06-22-06-00-00", "latency": 100}, {"date": "2022-06-22-06-00-00", "latency": 100}, {"date": "2022-06-22-06-00-00", "latency": 100}, {"date": "2022-06-22-06-00-00", "latency": 100}, {"date": "2022-06-22-06-00-00", "latency": 100}, {"date": "2022-06-22-06-00-00", "latency": 100}, {"date": "2022-06-22-06-00-00", "latency": 100}, {"date": "2022-06-22-06-00-00", "latency": 100}, {"date": "2022-06-22-06-00-00", "latency": 100}]}, {"location": {"country_code": "td"}, "game_id": "295590", "values": [{"date": "2022-06-22-10-00-00", "latency": 48}]}, {"location": {"country_code": "us", "region": "Texas", "city": "Austin"}, "game_id": "295590", "values": [{"date": "2022-06-22-09-00-00", "latency": 448}]}, {"location": {"country_code": "es", "region": "Madrid", "city": "Parla"}, "game_id": "295590", "values": [{"date": "2022-06-22-22-00-00", "latency": 110}, {"date": "2022-06-22-22-00-00", "latency": 110}, {"date": "2022-06-22-22-00-00", "latency": 110}, {"date": "2022-06-22-22-00-00", "latency": 110}, {"date": "2022-06-22-22-00-00", "latency": 110}, {"date": "2022-06-22-22-00-00", "latency": 110}, {"date": "2022-06-22-22-00-00", "latency": 110}]}, {"location": {"country_code": "dk"}, "game_id": "295590", "values": [{"date": "2022-06-22-14-00-00", "latency": 47}, {"date": "2022-06-22-14-00-00", "latency": 47}, {"date": "2022-06-22-14-00-00", "latency": 47}]}, {"location": {"country_code": "dk", "region": "Capital Region", "city": "Hillerd"}, "game_id": "295590", "values": [{"date": "2022-06-22-14-00-00", "latency": 47}]}, {"location": {"country_code": "us", "region": "Iowa"}, "game_id": "295590", "values": [{"date": "2022-06-23-01-00-00", "latency": 43}]}, {"location": {"country_code": "tr"}, "game_id": "295590", "values": [{"date": "2022-06-23-01-00-00", "latency": 44}, {"date": "2022-06-23-01-00-00", "latency": 44}, {"date": "2022-06-23-01-00-00", "latency": 44}, {"date": "2022-06-23-01-00-00", "latency": 48}, {"date": "2022-06-22-20-00-00", "latency": 55}, {"date": "2022-06-22-20-00-00", "latency": 55}, {"date": "2022-06-22-20-00-00", "latency": 55}, {"date": "2022-06-22-19-00-00", "latency": 84}, {"date": "2022-06-22-02-00-00", "latency": 35}, {"date": "2022-06-22-15-00-00", "latency": 52}]}, {"location": {"country_code": "tr", "region": "Marmara Bolgesi", "city": "Istanbul"}, "game_id": "295590", "values": [{"date": "2022-06-22-14-00-00", "latency": 53}, {"date": "2022-06-22-14-00-00", "latency": 53}, {"date": "2022-06-22-14-00-00", "latency": 53}, {"date": "2022-06-23-01-00-00", "latency": 146}, {"date": "2022-06-23-01-00-00", "latency": 146}, {"date": "2022-06-22-15-00-00", "latency": 33}]}, {"location": {"country_code": "ca", "region": "Ontario"}, "game_id": "295590", "values": [{"date": "2022-06-22-04-00-00", "latency": 51}, {"date": "2022-06-22-04-00-00", "latency": 51}]}, {"location": {"country_code": "kr"}, "game_id": "295590", "values": [{"date": "2022-06-22-09-00-00", "latency": 26}, {"date": "2022-06-22-09-00-00", "latency": 26}, {"date": "2022-06-22-09-00-00", "latency": 26}, {"date": "2022-06-22-09-00-00", "latency": 26}, {"date": "2022-06-22-09-00-00", "latency": 26}, {"date": "2022-06-22-09-00-00", "latency": 26}, {"date": "2022-06-22-09-00-00", "latency": 26}, {"date": "2022-06-22-09-00-00", "latency": 26}, {"date": "2022-06-22-09-00-00", "latency": 26}]}, {"location": {"country_code": "es"}, "game_id": "295590", "values": [{"date": "2022-06-22-17-00-00", "latency": 53}, {"date": "2022-06-23-02-00-00", "latency": 121}, {"date": "2022-06-23-02-00-00", "latency": 121}, {"date": "2022-06-23-02-00-00", "latency": 121}, {"date": "2022-06-23-02-00-00", "latency": 121}, {"date": "2022-06-23-02-00-00", "latency": 121}, {"date": "2022-06-23-02-00-00", "latency": 121}]}, {"location": {"country_code": "mn"}, "game_id": "295590", "values": [{"date": "2022-06-22-16-00-00", "latency": 59}, {"date": "2022-06-22-16-00-00", "latency": 59}, {"date": "2022-06-22-16-00-00", "latency": 59}, {"date": "2022-06-22-16-00-00", "latency": 59}]}, {"location": {"country_code": "sa"}, "game_id": "295590", "values": [{"date": "2022-06-22-10-00-00", "latency": 397}, {"date": "2022-06-22-06-00-00", "latency": 127}]}, {"location": {"country_code": "ar", "region": "Chubut Province"}, "game_id": "295590", "values": [{"date": "2022-06-22-07-00-00", "latency": 76}]}, {"location": {"country_code": "us", "region": "Michigan", "city": "Detroit"}, "game_id": "295590", "values": [{"date": "2022-06-23-00-00-00", "latency": 283}]}, {"location": {"country_code": "fi"}, "game_id": "295590", "values": [{"date": "2022-06-22-03-00-00", "latency": 75}, {"date": "2022-06-22-03-00-00", "latency": 75}, {"date": "2022-06-22-03-00-00", "latency": 75}, {"date": "2022-06-22-18-00-00", "latency": 86}, {"date": "2022-06-22-18-00-00", "latency": 86}, {"date": "2022-06-22-14-00-00", "latency": 90}, {"date": "2022-06-22-14-00-00", "latency": 90}, {"date": "2022-06-22-14-00-00", "latency": 90}]}, {"location": {"country_code": "us", "region": "Massachusetts"}, "game_id": "295590", "values": [{"date": "2022-06-22-23-00-00", "latency": 54}]}, {"location": {"country_code": "ar", "region": "Buenos Aires F.D.", "city": "Bahia Blanca"}, "game_id": "295590", "values": [{"date": "2022-06-23-02-00-00", "latency": 85}, {"date": "2022-06-23-02-00-00", "latency": 85}]}, {"location": {"country_code": "us", "region": "Missouri"}, "game_id": "295590", "values": [{"date": "2022-06-22-04-00-00", "latency": 29}]}, {"location": {"country_code": "br", "region": "Pernambuco"}, "game_id": "295590", "values": [{"date": "2022-06-22-02-00-00", "latency": 68}]}, {"location": {"country_code": "us", "region": "Texas", "city": "Houston"}, "game_id": "295590", "values": [{"date": "2022-06-22-04-00-00", "latency": 99}, {"date": "2022-06-22-04-00-00", "latency": 99}, {"date": "2022-06-22-04-00-00", "latency": 99}, {"date": "2022-06-22-04-00-00", "latency": 99}, {"date": "2022-06-22-04-00-00", "latency": 99}, {"date": "2022-06-22-04-00-00", "latency": 99}]}, {"location": {"country_code": "us", "region": "Alaska"}, "game_id": "295590", "values": [{"date": "2022-06-22-09-00-00", "latency": 125}, {"date": "2022-06-22-09-00-00", "latency": 125}, {"date": "2022-06-22-09-00-00", "latency": 125}, {"date": "2022-06-22-09-00-00", "latency": 125}]}, {"location": {"country_code": "hu"}, "game_id": "295590", "values": [{"date": "2022-06-23-02-00-00", "latency": 86}]}, {"location": {"country_code": "co"}, "game_id": "295590", "values": [{"date": "2022-06-22-09-00-00", "latency": 584}, {"date": "2022-06-22-07-00-00", "latency": 85}, {"date": "2022-06-22-07-00-00", "latency": 85}, {"date": "2022-06-22-07-00-00", "latency": 85}, {"date": "2022-06-22-07-00-00", "latency": 85}, {"date": "2022-06-22-07-00-00", "latency": 85}, {"date": "2022-06-22-06-00-00", "latency": 106}, {"date": "2022-06-22-06-00-00", "latency": 94}, {"date": "2022-06-22-06-00-00", "latency": 94}]}, {"location": {"country_code": "ve"}, "game_id": "295590", "values": [{"date": "2022-06-22-03-00-00", "latency": 94}, {"date": "2022-06-22-03-00-00", "latency": 94}, {"date": "2022-06-22-03-00-00", "latency": 94}]}, {"location": {"country_code": "us", "region": "California", "city": "Chula Vista"}, "game_id": "295590", "values": [{"date": "2022-06-22-21-00-00", "latency": 212}, {"date": "2022-06-22-21-00-00", "latency": 212}]}, {"location": {"country_code": "es", "region": "Catalonia", "city": "l'Hospitalet de Llobregat"}, "game_id": "295590", "values": [{"date": "2022-06-22-04-00-00", "latency": 55}]}, {"location": {"country_code": "pl"}, "game_id": "295590", "values": [{"date": "2022-06-22-17-00-00", "latency": 51}, {"date": "2022-06-22-17-00-00", "latency": 51}, {"date": "2022-06-22-17-00-00", "latency": 51}, {"date": "2022-06-22-22-00-00", "latency": 222}, {"date": "2022-06-22-22-00-00", "latency": 222}, {"date": "2022-06-22-17-00-00", "latency": 103}, {"date": "2022-06-22-22-00-00", "latency": 60}]}, {"location": {"country_code": "cr"}, "game_id": "295590", "values": [{"date": "2022-06-22-08-00-00", "latency": 137}, {"date": "2022-06-22-06-00-00", "latency": 79}, {"date": "2022-06-22-06-00-00", "latency": 79}]}, {"location": {"country_code": "gb", "region": "England", "city": "London"}, "game_id": "295590", "values": [{"date": "2022-06-22-18-00-00", "latency": 44}, {"date": "2022-06-22-23-00-00", "latency": 62}]}, {"location": {"country_code": "pe"}, "game_id": "295590", "values": [{"date": "2022-06-22-05-00-00", "latency": 103}, {"date": "2022-06-22-05-00-00", "latency": 103}, {"date": "2022-06-22-05-00-00", "latency": 103}, {"date": "2022-06-22-05-00-00", "latency": 103}, {"date": "2022-06-22-05-00-00", "latency": 103}, {"date": "2022-06-22-21-00-00", "latency": 171}, {"date": "2022-06-22-21-00-00", "latency": 171}, {"date": "2022-06-22-21-00-00", "latency": 171}, {"date": "2022-06-22-21-00-00", "latency": 171}, {"date": "2022-06-22-21-00-00", "latency": 171}, {"date": "2022-06-22-21-00-00", "latency": 171}, {"date": "2022-06-22-21-00-00", "latency": 171}, {"date": "2022-06-22-21-00-00", "latency": 171}, {"date": "2022-06-22-21-00-00", "latency": 171}, {"date": "2022-06-22-21-00-00", "latency": 171}, {"date": "2022-06-22-03-00-00", "latency": 88}, {"date": "2022-06-22-02-00-00", "latency": 63}, {"date": "2022-06-22-02-00-00", "latency": 63}, {"date": "2022-06-22-05-00-00", "latency": 156}, {"date": "2022-06-22-05-00-00", "latency": 156}]}, {"location": {"country_code": "br", "region": "Minas Gerais"}, "game_id": "295590", "values": [{"date": "2022-06-22-05-00-00", "latency": 191}, {"date": "2022-06-22-05-00-00", "latency": 191}, {"date": "2022-06-22-05-00-00", "latency": 191}, {"date": "2022-06-22-05-00-00", "latency": 191}]}, {"location": {"country_code": "ca", "region": "Ontario", "city": "Toronto"}, "game_id": "295590", "values": [{"date": "2022-06-22-10-00-00", "latency": 51}, {"date": "2022-06-23-00-00-00", "latency": 86}, {"date": "2022-06-22-06-00-00", "latency": 54}, {"date": "2022-06-22-06-00-00", "latency": 54}, {"date": "2022-06-22-06-00-00", "latency": 54}, {"date": "2022-06-22-06-00-00", "latency": 54}, {"date": "2022-06-22-06-00-00", "latency": 54}]}, {"location": {"country_code": "do"}, "game_id": "295590", "values": [{"date": "2022-06-22-03-00-00", "latency": 249}, {"date": "2022-06-22-05-00-00", "latency": 43}, {"date": "2022-06-22-05-00-00", "latency": 43}, {"date": "2022-06-22-05-00-00", "latency": 43}]}, {"location": {"country_code": "br", "region": "Sergipe", "city": "Aracaju"}, "game_id": "295590", "values": [{"date": "2022-06-22-23-00-00", "latency": 169}, {"date": "2022-06-22-23-00-00", "latency": 169}, {"date": "2022-06-22-23-00-00", "latency": 169}, {"date": "2022-06-22-23-00-00", "latency": 169}]}, {"location": {"country_code": "br", "region": "Santa Catarina", "city": "Palhoca"}, "game_id": "295590", "values": [{"date": "2022-06-22-02-00-00", "latency": 37}]}, {"location": {"country_code": "ba", "region": "Federation of Bosnia and Herzegovina", "city": "Mostar"}, "game_id": "295590", "values": [{"date": "2022-06-22-21-00-00", "latency": 145}, {"date": "2022-06-22-21-00-00", "latency": 145}]}, {"location": {"country_code": "us", "region": "Illinois"}, "game_id": "295590", "values": [{"date": "2022-06-22-15-00-00", "latency": 76}]}, {"location": {"country_code": "us", "region": "Pennsylvania"}, "game_id": "295590", "values": [{"date": "2022-06-22-06-00-00", "latency": 64}]}, {"location": {"country_code": "mx", "region": "Nuevo Leon", "city": "Monterrey"}, "game_id": "295590", "values": [{"date": "2022-06-22-09-00-00", "latency": 94}, {"date": "2022-06-22-09-00-00", "latency": 94}]}, {"location": {"country_code": "cl", "region": "Santiago Metropolitan", "city": "Santiago"}, "game_id": "295590", "values": [{"date": "2022-06-22-04-00-00", "latency": 21}, {"date": "2022-06-22-04-00-00", "latency": 21}, {"date": "2022-06-22-04-00-00", "latency": 21}, {"date": "2022-06-22-04-00-00", "latency": 21}, {"date": "2022-06-22-04-00-00", "latency": 21}]}, {"location": {"country_code": "au", "region": "South Australia"}, "game_id": "295590", "values": [{"date": "2022-06-22-19-00-00", "latency": 51}]}, {"location": {"country_code": "sk"}, "game_id": "295590", "values": [{"date": "2022-06-22-17-00-00", "latency": 81}, {"date": "2022-06-22-17-00-00", "latency": 81}, {"date": "2022-06-22-17-00-00", "latency": 81}, {"date": "2022-06-22-17-00-00", "latency": 81}]}, {"location": {"country_code": "br", "region": "Rio Grande do Sul", "city": "Porto Alegre"}, "game_id": "295590", "values": [{"date": "2022-06-22-03-00-00", "latency": 31}]}, {"location": {"country_code": "pt"}, "game_id": "295590", "values": [{"date": "2022-06-22-04-00-00", "latency": 116}, {"date": "2022-06-23-00-00-00", "latency": 123}, {"date": "2022-06-23-00-00-00", "latency": 123}, {"date": "2022-06-23-00-00-00", "latency": 123}, {"date": "2022-06-23-00-00-00", "latency": 123}, {"date": "2022-06-23-00-00-00", "latency": 123}, {"date": "2022-06-23-00-00-00", "latency": 123}, {"date": "2022-06-23-00-00-00", "latency": 123}, {"date": "2022-06-23-00-00-00", "latency": 123}, {"date": "2022-06-23-00-00-00", "latency": 123}, {"date": "2022-06-23-00-00-00", "latency": 123}, {"date": "2022-06-23-00-00-00", "latency": 123}, {"date": "2022-06-23-00-00-00", "latency": 123}, {"date": "2022-06-23-00-00-00", "latency": 123}, {"date": "2022-06-23-00-00-00", "latency": 123}, {"date": "2022-06-23-00-00-00", "latency": 123}, {"date": "2022-06-23-00-00-00", "latency": 123}, {"date": "2022-06-23-00-00-00", "latency": 123}]}, {"location": {"country_code": "tr", "region": "Marmara Bolgesi", "city": "Bursa"}, "game_id": "295590", "values": [{"date": "2022-06-22-20-00-00", "latency": 54}, {"date": "2022-06-22-20-00-00", "latency": 54}, {"date": "2022-06-22-20-00-00", "latency": 54}, {"date": "2022-06-22-20-00-00", "latency": 54}]}, {"location": {"country_code": "br", "region": "State of Rio de Janeiro", "city": "Angra dos Reis"}, "game_id": "295590", "values": [{"date": "2022-06-22-07-00-00", "latency": 37}, {"date": "2022-06-22-07-00-00", "latency": 37}, {"date": "2022-06-22-07-00-00", "latency": 37}, {"date": "2022-06-22-07-00-00", "latency": 37}, {"date": "2022-06-22-07-00-00", "latency": 37}, {"date": "2022-06-22-07-00-00", "latency": 37}, {"date": "2022-06-23-01-00-00", "latency": 182}, {"date": "2022-06-23-01-00-00", "latency": 182}]}, {"location": {"country_code": "fr", "region": "Aquitania-Limosino-Poitou-Charentes"}, "game_id": "295590", "values": [{"date": "2022-06-23-01-00-00", "latency": 63}]}, {"location": {"country_code": "us", "region": "New Hampshire"}, "game_id": "295590", "values": [{"date": "2022-06-23-01-00-00", "latency": 46}, {"date": "2022-06-23-01-00-00", "latency": 46}]}, {"location": {"country_code": "us", "region": "Minnesota"}, "game_id": "295590", "values": [{"date": "2022-06-22-08-00-00", "latency": 44}, {"date": "2022-06-22-08-00-00", "latency": 44}, {"date": "2022-06-22-08-00-00", "latency": 44}, {"date": "2022-06-22-08-00-00", "latency": 44}]}, {"location": {"country_code": "fr", "region": "Ile-de-France Region"}, "game_id": "295590", "values": [{"date": "2022-06-22-18-00-00", "latency": 40}, {"date": "2022-06-22-18-00-00", "latency": 40}]}, {"location": {"country_code": "uy"}, "game_id": "295590", "values": [{"date": "2022-06-22-21-00-00", "latency": 483}]}, {"location": {"country_code": "ca", "region": "Quebec", "city": "Montreal"}, "game_id": "295590", "values": [{"date": "2022-06-22-07-00-00", "latency": 216}]}, {"location": {"country_code": "us", "region": "Florida", "city": "Orlando"}, "game_id": "295590", "values": [{"date": "2022-06-22-22-00-00", "latency": 135}, {"date": "2022-06-22-22-00-00", "latency": 135}, {"date": "2022-06-22-22-00-00", "latency": 135}, {"date": "2022-06-22-22-00-00", "latency": 135}, {"date": "2022-06-22-22-00-00", "latency": 135}, {"date": "2022-06-22-22-00-00", "latency": 135}]}, {"location": {"country_code": "mx", "region": "Tamaulipas"}, "game_id": "295590", "values": [{"date": "2022-06-22-07-00-00", "latency": 88}, {"date": "2022-06-22-07-00-00", "latency": 88}, {"date": "2022-06-22-07-00-00", "latency": 88}, {"date": "2022-06-22-07-00-00", "latency": 88}, {"date": "2022-06-22-07-00-00", "latency": 88}]}, {"location": {"country_code": "au", "region": "Queensland", "city": "Brisbane"}, "game_id": "295590", "values": [{"date": "2022-06-22-14-00-00", "latency": 46}]}, {"location": {"country_code": "hn"}, "game_id": "295590", "values": [{"date": "2022-06-22-03-00-00", "latency": 62}, {"date": "2022-06-22-03-00-00", "latency": 62}, {"date": "2022-06-22-03-00-00", "latency": 62}, {"date": "2022-06-22-03-00-00", "latency": 62}, {"date": "2022-06-22-03-00-00", "latency": 62}, {"date": "2022-06-22-03-00-00", "latency": 62}, {"date": "2022-06-22-03-00-00", "latency": 62}, {"date": "2022-06-22-03-00-00", "latency": 62}]}, {"location": {"country_code": "lv"}, "game_id": "295590", "values": [{"date": "2022-06-23-01-00-00", "latency": 125}, {"date": "2022-06-23-01-00-00", "latency": 125}, {"date": "2022-06-23-01-00-00", "latency": 125}, {"date": "2022-06-23-01-00-00", "latency": 125}, {"date": "2022-06-23-01-00-00", "latency": 125}, {"date": "2022-06-23-01-00-00", "latency": 125}, {"date": "2022-06-23-01-00-00", "latency": 125}, {"date": "2022-06-23-01-00-00", "latency": 125}, {"date": "2022-06-23-01-00-00", "latency": 125}, {"date": "2022-06-23-01-00-00", "latency": 125}, {"date": "2022-06-23-01-00-00", "latency": 125}, {"date": "2022-06-23-01-00-00", "latency": 125}]}, {"location": {"country_code": "ca", "region": "Quebec"}, "game_id": "295590", "values": [{"date": "2022-06-22-16-00-00", "latency": 130}, {"date": "2022-06-22-16-00-00", "latency": 130}, {"date": "2022-06-22-16-00-00", "latency": 130}, {"date": "2022-06-22-16-00-00", "latency": 130}]}, {"location": {"country_code": "ni", "region": "Madriz Department"}, "game_id": "295590", "values": [{"date": "2022-06-22-22-00-00", "latency": 254}, {"date": "2022-06-22-22-00-00", "latency": 254}, {"date": "2022-06-22-22-00-00", "latency": 254}, {"date": "2022-06-22-22-00-00", "latency": 254}, {"date": "2022-06-22-22-00-00", "latency": 254}, {"date": "2022-06-22-22-00-00", "latency": 254}]}, {"location": {"country_code": "dj"}, "game_id": "295590", "values": [{"date": "2022-06-22-12-00-00", "latency": 111}, {"date": "2022-06-22-12-00-00", "latency": 111}, {"date": "2022-06-22-12-00-00", "latency": 111}, {"date": "2022-06-22-12-00-00", "latency": 111}]}, {"location": {"country_code": "br", "region": "Minas Gerais", "city": "Ituiutaba"}, "game_id": "295590", "values": [{"date": "2022-06-23-01-00-00", "latency": 128}]}, {"location": {"country_code": "br", "region": "Para"}, "game_id": "295590", "values": [{"date": "2022-06-22-04-00-00", "latency": 86}]}, {"location": {"country_code": "us", "region": "Ohio", "city": "Columbus"}, "game_id": "295590", "values": [{"date": "2022-06-22-05-00-00", "latency": 61}]}, {"location": {"country_code": "es", "region": "Castille-La Mancha", "city": "Toledo"}, "game_id": "295590", "values": [{"date": "2022-06-22-20-00-00", "latency": 90}]}, {"location": {"country_code": "br", "region": "Para", "city": "Tailandia"}, "game_id": "295590", "values": [{"date": "2022-06-22-08-00-00", "latency": 90}]}, {"location": {"country_code": "pl", "region": "Masovian Voivodeship", "city": "Warsaw"}, "game_id": "295590", "values": [{"date": "2022-06-22-21-00-00", "latency": 78}, {"date": "2022-06-22-21-00-00", "latency": 78}, {"date": "2022-06-22-21-00-00", "latency": 78}]}, {"location": {"country_code": "pl", "region": "Greater Poland Voivodeship", "city": "Nedzerzew"}, "game_id": "295590", "values": [{"date": "2022-06-22-13-00-00", "latency": 387}]}, {"location": {"country_code": "us", "region": "Virginia", "city": "Virginia Beach"}, "game_id": "295590", "values": [{"date": "2022-06-22-08-00-00", "latency": 83}, {"date": "2022-06-22-08-00-00", "latency": 83}, {"date": "2022-06-22-08-00-00", "latency": 83}]}, {"location": {"country_code": "ru", "region": "Leningrad", "city": "Saint Petersburg"}, "game_id": "295590", "values": [{"date": "2022-06-22-12-00-00", "latency": 52}]}, {"location": {"country_code": "ad", "region": "Andorra la Vella", "city": "Andorra la Vella"}, "game_id": "295590", "values": [{"date": "2022-06-22-05-00-00", "latency": 47}]}, {"location": {"country_code": "cl", "region": "Biobio", "city": "Coronel"}, "game_id": "295590", "values": [{"date": "2022-06-22-04-00-00", "latency": 97}, {"date": "2022-06-22-04-00-00", "latency": 97}]}, {"location": {"country_code": "ar", "region": "Misiones Province", "city": "Posadas"}, "game_id": "295590", "values": [{"date": "2022-06-22-07-00-00", "latency": 81}]}, {"location": {"country_code": "pe", "region": "Arequipa", "city": "Arequipa"}, "game_id": "295590", "values": [{"date": "2022-06-23-01-00-00", "latency": 132}]}, {"location": {"country_code": "mx", "region": "Oaxaca"}, "game_id": "295590", "values": [{"date": "2022-06-22-07-00-00", "latency": 146}]}, {"location": {"country_code": "br", "region": "State of Rio de Janeiro", "city": "Niteroi"}, "game_id": "295590", "values": [{"date": "2022-06-22-02-00-00", "latency": 415}]}, {"location": {"country_code": "at", "region": "Carinthia", "city": "Pubersdorf"}, "game_id": "295590", "values": [{"date": "2022-06-23-02-00-00", "latency": 80}, {"date": "2022-06-23-02-00-00", "latency": 80}]}, {"location": {"country_code": "sa", "region": "Eastern Province", "city": "Al Khubar"}, "game_id": "295590", "values": [{"date": "2022-06-22-19-00-00", "latency": 106}, {"date": "2022-06-22-19-00-00", "latency": 106}, {"date": "2022-06-22-19-00-00", "latency": 106}, {"date": "2022-06-22-19-00-00", "latency": 106}]}, {"location": {"country_code": "br", "region": "Sao Paulo", "city": "Carapicuiba"}, "game_id": "295590", "values": [{"date": "2022-06-22-09-00-00", "latency": 158}, {"date": "2022-06-22-09-00-00", "latency": 158}, {"date": "2022-06-22-09-00-00", "latency": 158}]}, {"location": {"country_code": "cg"}, "game_id": "295590", "values": [{"date": "2022-06-22-20-00-00", "latency": 42}]}, {"location": {"country_code": "es", "region": "Basque Country", "city": "Errenteria"}, "game_id": "295590", "values": [{"date": "2022-06-22-02-00-00", "latency": 99}]}, {"location": {"country_code": "fr", "region": "Ile-de-France Region", "city": "Argenteuil"}, "game_id": "295590", "values": [{"date": "2022-06-22-17-00-00", "latency": 334}]}, {"location": {"country_code": "us", "region": "Florida", "city": "Ocala"}, "game_id": "295590", "values": [{"date": "2022-06-23-00-00-00", "latency": 69}, {"date": "2022-06-22-19-00-00", "latency": 634}]}, {"location": {"country_code": "us", "region": "Missouri", "city": "Chesterfield"}, "game_id": "295590", "values": [{"date": "2022-06-22-03-00-00", "latency": 38}, {"date": "2022-06-22-03-00-00", "latency": 38}, {"date": "2022-06-22-03-00-00", "latency": 38}, {"date": "2022-06-22-03-00-00", "latency": 38}]}, {"location": {"country_code": "pt", "region": "Lisbon District", "city": "Oeiras"}, "game_id": "295590", "values": [{"date": "2022-06-22-20-00-00", "latency": 135}, {"date": "2022-06-22-20-00-00", "latency": 135}, {"date": "2022-06-22-20-00-00", "latency": 135}, {"date": "2022-06-22-20-00-00", "latency": 135}]}, {"location": {"country_code": "it", "region": "Campania", "city": "Somma Vesuviana"}, "game_id": "295590", "values": [{"date": "2022-06-22-23-00-00", "latency": 60}, {"date": "2022-06-22-23-00-00", "latency": 60}]}, {"location": {"country_code": "nz", "region": "Bay of Plenty Region"}, "game_id": "295590", "values": [{"date": "2022-06-22-08-00-00", "latency": 80}]}], "last_updated": 1719927559.584272}