{"data": [{"location": {"country_code": "us"}, "game_id": "273486", "values": [{"date": "2022-01-30-05-00-00", "alternatives": [1, 37, 31, 31, 31]}, {"date": "2022-01-30-05-00-00", "alternatives": [1, 37, 31, 31, 31]}, {"date": "2022-01-30-05-00-00", "alternatives": [1, 37, 31, 31, 31]}, {"date": "2022-01-30-05-00-00", "alternatives": [1, 37, 31, 31, 31]}, {"date": "2022-01-30-05-00-00", "alternatives": [1, 37, 31, 31, 31]}, {"date": "2022-01-30-05-00-00", "alternatives": [1, 37, 31, 31, 31]}, {"date": "2022-01-30-05-00-00", "alternatives": [1, 37, 31, 31, 31]}, {"date": "2022-01-30-02-00-00", "alternatives": [27, 5047, 2, 2, 2]}, {"date": "2022-01-30-02-00-00", "alternatives": [27, 5047, 2, 2, 2]}, {"date": "2022-01-30-02-00-00", "alternatives": [27, 5047, 2, 2, 2]}]}, {"location": {"country_code": "nz", "region": "Auckland", "city": "Auckland"}, "game_id": "273486", "values": [{"date": "2022-01-30-05-00-00", "alternatives": ["54", "54", "24"]}]}, {"location": {"country_code": "us", "region": "New York", "city": "Jamestown"}, "game_id": "273486", "values": [{"date": "2022-01-30-07-00-00", "alternatives": ["23", "23", "22"]}, {"date": "2022-01-30-07-00-00", "alternatives": ["23", "23", "22"]}, {"date": "2022-01-30-07-00-00", "alternatives": ["23", "23", "22"]}, {"date": "2022-01-30-07-00-00", "alternatives": ["23", "23", "22"]}, {"date": "2022-01-30-07-00-00", "alternatives": ["23", "23", "22"]}]}, {"location": {"country_code": "gb"}, "game_id": "273486", "values": [{"date": "2022-01-30-19-00-00", "alternatives": [31, 37, 21, 31, 31]}, {"date": "2022-01-30-19-00-00", "alternatives": [31, 37, 21, 31, 31]}, {"date": "2022-01-30-19-00-00", "alternatives": [31, 37, 21, 31, 31]}, {"date": "2022-01-30-19-00-00", "alternatives": [31, 37, 21, 31, 31]}, {"date": "2022-01-30-19-00-00", "alternatives": [31, 37, 21, 31, 31]}, {"date": "2022-01-30-19-00-00", "alternatives": [31, 37, 21, 31, 31]}, {"date": "2022-01-30-19-00-00", "alternatives": [31, 37, 21, 31, 31]}, {"date": "2022-01-30-19-00-00", "alternatives": [31, 37, 21, 31, 31]}]}, {"location": {"country_code": "gb", "region": "England"}, "game_id": "273486", "values": [{"date": "2022-01-31-01-00-00", "alternatives": ["39", "39", "389"]}, {"date": "2022-01-31-01-00-00", "alternatives": ["39", "39", "389"]}, {"date": "2022-01-30-23-00-00", "alternatives": ["15", "15", "216"]}]}, {"location": {"country_code": "gb", "region": "England", "city": "London"}, "game_id": "273486", "values": [{"date": "2022-01-31-00-00-00", "alternatives": ["39", "39", "19"]}, {"date": "2022-01-31-01-00-00", "alternatives": ["6", "17", "17"]}, {"date": "2022-01-31-01-00-00", "alternatives": ["6", "17", "17"]}, {"date": "2022-01-31-01-00-00", "alternatives": ["6", "17", "17"]}]}, {"location": {"country_code": "ca"}, "game_id": "273486", "values": [{"date": "2022-01-30-04-00-00", "alternatives": ["0", "6", "0"]}, {"date": "2022-01-31-01-00-00", "alternatives": ["50", "50", "20"]}, {"date": "2022-01-30-18-00-00", "alternatives": [31, 1, 21, 31, 31]}]}, {"location": {"country_code": "ca", "region": "Manitoba", "city": "Winnipeg"}, "game_id": "273486", "values": [{"date": "2022-01-30-09-00-00", "alternatives": ["39", "39", "35"]}, {"date": "2022-01-30-09-00-00", "alternatives": ["39", "39", "35"]}, {"date": "2022-01-30-09-00-00", "alternatives": ["39", "39", "35"]}, {"date": "2022-01-30-09-00-00", "alternatives": ["39", "39", "35"]}, {"date": "2022-01-30-09-00-00", "alternatives": ["39", "39", "35"]}]}, {"location": {"country_code": "de"}, "game_id": "273486", "values": [{"date": "2022-01-31-00-00-00", "alternatives": [35, 39, 25, 35, 35]}, {"date": "2022-01-31-00-00-00", "alternatives": [35, 39, 25, 35, 35]}, {"date": "2022-01-31-00-00-00", "alternatives": [35, 39, 25, 35, 35]}, {"date": "2022-01-31-00-00-00", "alternatives": [35, 39, 25, 35, 35]}, {"date": "2022-01-31-00-00-00", "alternatives": [35, 39, 25, 35, 35]}, {"date": "2022-01-30-02-00-00", "alternatives": ["54", "54", "53"]}, {"date": "2022-01-30-02-00-00", "alternatives": ["54", "54", "53"]}]}, {"location": {"country_code": "us", "region": "South Carolina", "city": "Sumter"}, "game_id": "273486", "values": [{"date": "2022-01-30-23-00-00", "alternatives": ["4", "5", "4"]}, {"date": "2022-01-30-23-00-00", "alternatives": ["4", "5", "4"]}, {"date": "2022-01-30-23-00-00", "alternatives": ["4", "5", "4"]}, {"date": "2022-01-30-23-00-00", "alternatives": ["4", "5", "4"]}, {"date": "2022-01-30-23-00-00", "alternatives": ["4", "5", "4"]}, {"date": "2022-01-30-23-00-00", "alternatives": ["4", "5", "4"]}, {"date": "2022-01-30-23-00-00", "alternatives": ["4", "5", "4"]}]}, {"location": {"country_code": "us", "region": "Florida"}, "game_id": "273486", "values": [{"date": "2022-01-30-23-00-00", "alternatives": [42, 43, 2, 43, 43]}, {"date": "2022-01-30-23-00-00", "alternatives": [42, 43, 2, 43, 43]}, {"date": "2022-01-30-23-00-00", "alternatives": [42, 43, 2, 43, 43]}, {"date": "2022-01-31-00-00-00", "alternatives": ["43", "48", "43"]}, {"date": "2022-01-31-00-00-00", "alternatives": ["43", "48", "43"]}, {"date": "2022-01-31-00-00-00", "alternatives": ["43", "48", "43"]}]}, {"location": {"country_code": "us", "region": "California", "city": "East Los Angeles"}, "game_id": "273486", "values": [{"date": "2022-01-30-07-00-00", "alternatives": ["31", "31", "33"]}, {"date": "2022-01-30-04-00-00", "alternatives": ["86", "80", "86"]}, {"date": "2022-01-30-04-00-00", "alternatives": ["86", "80", "86"]}, {"date": "2022-01-30-04-00-00", "alternatives": ["86", "80", "86"]}, {"date": "2022-01-30-04-00-00", "alternatives": ["86", "80", "86"]}, {"date": "2022-01-30-04-00-00", "alternatives": ["86", "80", "86"]}, {"date": "2022-01-30-04-00-00", "alternatives": ["86", "80", "86"]}]}, {"location": {"country_code": "au"}, "game_id": "273486", "values": [{"date": "2022-01-30-10-00-00", "alternatives": [39, 389, 39, 39]}, {"date": "2022-01-30-15-00-00", "alternatives": ["136", "136", "138"]}, {"date": "2022-01-30-15-00-00", "alternatives": ["136", "136", "138"]}, {"date": "2022-01-30-08-00-00", "alternatives": ["29", "19", "19"]}, {"date": "2022-01-30-08-00-00", "alternatives": ["29", "19", "19"]}, {"date": "2022-01-30-08-00-00", "alternatives": ["29", "19", "19"]}, {"date": "2022-01-30-11-00-00", "alternatives": [9, 19, 19, 19]}, {"date": "2022-01-30-11-00-00", "alternatives": [9, 19, 19, 19]}, {"date": "2022-01-30-11-00-00", "alternatives": [9, 19, 19, 19]}, {"date": "2022-01-30-11-00-00", "alternatives": [9, 19, 19, 19]}, {"date": "2022-01-30-11-00-00", "alternatives": [9, 19, 19, 19]}]}, {"location": {"country_code": "us", "region": "Texas", "city": "Austin"}, "game_id": "273486", "values": [{"date": "2022-01-30-10-00-00", "alternatives": ["98", "86", "98"]}, {"date": "2022-01-30-10-00-00", "alternatives": ["98", "86", "98"]}]}, {"location": {"country_code": "us", "region": "Pennsylvania", "city": "Philadelphia"}, "game_id": "273486", "values": [{"date": "2022-01-30-05-00-00", "alternatives": ["6", "23", "23"]}, {"date": "2022-01-30-05-00-00", "alternatives": ["6", "23", "23"]}]}, {"location": {"country_code": "sa"}, "game_id": "273486", "values": [{"date": "2022-01-31-00-00-00", "alternatives": ["39", "60", "39"]}, {"date": "2022-01-31-00-00-00", "alternatives": ["39", "60", "39"]}, {"date": "2022-01-30-17-00-00", "alternatives": ["82", "82", "32"]}, {"date": "2022-01-30-17-00-00", "alternatives": ["82", "82", "32"]}, {"date": "2022-01-30-17-00-00", "alternatives": ["82", "82", "32"]}, {"date": "2022-01-30-09-00-00", "alternatives": ["54", "4", "4"]}, {"date": "2022-01-30-09-00-00", "alternatives": ["54", "4", "4"]}, {"date": "2022-01-30-09-00-00", "alternatives": ["54", "4", "4"]}, {"date": "2022-01-30-09-00-00", "alternatives": ["54", "4", "4"]}, {"date": "2022-01-30-08-00-00", "alternatives": [58, 8, 58, 58]}, {"date": "2022-01-30-08-00-00", "alternatives": [58, 8, 58, 58]}, {"date": "2022-01-30-08-00-00", "alternatives": [58, 8, 58, 58]}, {"date": "2022-01-30-08-00-00", "alternatives": [58, 8, 58, 58]}]}, {"location": {"country_code": "us", "region": "Texas", "city": "Houston"}, "game_id": "273486", "values": [{"date": "2022-01-30-07-00-00", "alternatives": ["62", "2", "2"]}, {"date": "2022-01-30-07-00-00", "alternatives": ["62", "2", "2"]}]}, {"location": {"country_code": "ca", "region": "Ontario", "city": "Toronto"}, "game_id": "273486", "values": [{"date": "2022-01-30-19-00-00", "alternatives": ["31", "37", "31"]}, {"date": "2022-01-30-19-00-00", "alternatives": ["31", "37", "31"]}]}, {"location": {"country_code": "us", "region": "Wisconsin"}, "game_id": "273486", "values": [{"date": "2022-01-30-07-00-00", "alternatives": [1, 5, 0, 0, 0]}, {"date": "2022-01-30-07-00-00", "alternatives": [1, 5, 0, 0, 0]}, {"date": "2022-01-30-07-00-00", "alternatives": [1, 5, 0, 0, 0]}, {"date": "2022-01-30-07-00-00", "alternatives": [1, 5, 0, 0, 0]}, {"date": "2022-01-30-07-00-00", "alternatives": [1, 5, 0, 0, 0]}]}, {"location": {"country_code": "us", "region": "Pennsylvania"}, "game_id": "273486", "values": [{"date": "2022-01-30-02-00-00", "alternatives": ["109", "109", "108"]}, {"date": "2022-01-30-02-00-00", "alternatives": ["109", "109", "108"]}, {"date": "2022-01-30-02-00-00", "alternatives": ["109", "109", "108"]}]}, {"location": {"country_code": "fr", "region": "Ile-de-France Region"}, "game_id": "273486", "values": [{"date": "2022-01-30-23-00-00", "alternatives": ["19", "19", "189"]}, {"date": "2022-01-30-23-00-00", "alternatives": ["19", "19", "189"]}, {"date": "2022-01-30-23-00-00", "alternatives": ["19", "19", "189"]}, {"date": "2022-01-30-23-00-00", "alternatives": ["19", "19", "189"]}, {"date": "2022-01-30-23-00-00", "alternatives": ["19", "19", "189"]}, {"date": "2022-01-30-23-00-00", "alternatives": ["19", "19", "189"]}]}, {"location": {"country_code": "uy"}, "game_id": "273486", "values": [{"date": "2022-01-30-03-00-00", "alternatives": ["27", "1", "27"]}, {"date": "2022-01-30-03-00-00", "alternatives": ["27", "1", "27"]}, {"date": "2022-01-30-03-00-00", "alternatives": ["27", "1", "27"]}]}, {"location": {"country_code": "us", "region": "Texas", "city": "El Paso"}, "game_id": "273486", "values": [{"date": "2022-01-30-06-00-00", "alternatives": ["39", "60", "39"]}, {"date": "2022-01-30-06-00-00", "alternatives": ["39", "60", "39"]}, {"date": "2022-01-30-06-00-00", "alternatives": ["39", "60", "39"]}]}, {"location": {"country_code": "us", "region": "Massachusetts", "city": "Boston"}, "game_id": "273486", "values": [{"date": "2022-01-31-01-00-00", "alternatives": ["31", "81", "31"]}, {"date": "2022-01-31-01-00-00", "alternatives": ["31", "81", "31"]}]}, {"location": {"country_code": "kw"}, "game_id": "273486", "values": [{"date": "2022-01-30-17-00-00", "alternatives": [31, 6, 32, 31, 31]}, {"date": "2022-01-30-17-00-00", "alternatives": [31, 6, 32, 31, 31]}, {"date": "2022-01-30-17-00-00", "alternatives": [31, 6, 32, 31, 31]}, {"date": "2022-01-30-17-00-00", "alternatives": [31, 6, 32, 31, 31]}, {"date": "2022-01-31-01-00-00", "alternatives": ["95", "43", "43"]}, {"date": "2022-01-31-01-00-00", "alternatives": ["95", "43", "43"]}]}, {"location": {"country_code": "us", "region": "Texas", "city": "Irving"}, "game_id": "273486", "values": [{"date": "2022-01-30-05-00-00", "alternatives": ["31", "31", "21"]}, {"date": "2022-01-30-05-00-00", "alternatives": ["31", "31", "21"]}, {"date": "2022-01-30-05-00-00", "alternatives": ["31", "31", "21"]}, {"date": "2022-01-30-05-00-00", "alternatives": ["31", "31", "21"]}, {"date": "2022-01-30-05-00-00", "alternatives": ["31", "31", "21"]}, {"date": "2022-01-30-05-00-00", "alternatives": ["31", "31", "21"]}, {"date": "2022-01-30-05-00-00", "alternatives": ["31", "31", "21"]}, {"date": "2022-01-30-05-00-00", "alternatives": ["31", "31", "21"]}, {"date": "2022-01-30-05-00-00", "alternatives": ["31", "31", "21"]}, {"date": "2022-01-30-05-00-00", "alternatives": ["31", "31", "21"]}]}, {"location": {"country_code": "gb", "region": "England", "city": "Salford"}, "game_id": "273486", "values": [{"date": "2022-01-31-01-00-00", "alternatives": [35, 25, 20, 35, 35]}, {"date": "2022-01-31-01-00-00", "alternatives": [35, 25, 20, 35, 35]}]}, {"location": {"country_code": "ca", "region": "Alberta", "city": "Calgary"}, "game_id": "273486", "values": [{"date": "2022-01-30-05-00-00", "alternatives": ["3", "4", "4"]}]}, {"location": {"country_code": "us", "region": "Louisiana"}, "game_id": "273486", "values": [{"date": "2022-01-30-04-00-00", "alternatives": ["58", "58", "88"]}, {"date": "2022-01-30-04-00-00", "alternatives": ["58", "58", "88"]}, {"date": "2022-01-30-04-00-00", "alternatives": ["36", "35", "35"]}, {"date": "2022-01-30-04-00-00", "alternatives": ["36", "35", "35"]}, {"date": "2022-01-30-04-00-00", "alternatives": ["36", "35", "35"]}, {"date": "2022-01-30-04-00-00", "alternatives": ["36", "35", "35"]}, {"date": "2022-01-30-03-00-00", "alternatives": ["7", "27", "7"]}]}, {"location": {"country_code": "gb", "region": "Wales"}, "game_id": "273486", "values": [{"date": "2022-01-30-10-00-00", "alternatives": ["54", "58", "54"]}, {"date": "2022-01-30-10-00-00", "alternatives": ["54", "58", "54"]}]}, {"location": {"country_code": "sa", "region": "Riyadh Region", "city": "Wadi Ad Dawasir"}, "game_id": "273486", "values": [{"date": "2022-01-31-00-00-00", "alternatives": ["35", "35", "25"]}, {"date": "2022-01-31-00-00-00", "alternatives": ["35", "35", "25"]}]}, {"location": {"country_code": "sa", "region": "Mecca Region", "city": "Jeddah"}, "game_id": "273486", "values": [{"date": "2022-01-31-00-00-00", "alternatives": ["23", "23", "22"]}, {"date": "2022-01-30-17-00-00", "alternatives": ["82", "62", "82"]}, {"date": "2022-01-30-17-00-00", "alternatives": ["82", "62", "82"]}]}, {"location": {"country_code": "us", "region": "Delaware"}, "game_id": "273486", "values": [{"date": "2022-01-30-08-00-00", "alternatives": ["23", "83", "23"]}, {"date": "2022-01-30-08-00-00", "alternatives": ["23", "83", "23"]}]}, {"location": {"country_code": "qa"}, "game_id": "273486", "values": [{"date": "2022-01-30-22-00-00", "alternatives": ["19", "19", "12"]}]}, {"location": {"country_code": "us", "region": "North Carolina", "city": "Greensboro"}, "game_id": "273486", "values": [{"date": "2022-01-30-21-00-00", "alternatives": ["2", "42", "2"]}, {"date": "2022-01-30-21-00-00", "alternatives": ["2", "42", "2"]}, {"date": "2022-01-30-21-00-00", "alternatives": ["2", "42", "2"]}]}, {"location": {"country_code": "us", "region": "Oklahoma", "city": "Enid"}, "game_id": "273486", "values": [{"date": "2022-01-30-07-00-00", "alternatives": ["66", "66", "60"]}, {"date": "2022-01-30-07-00-00", "alternatives": ["66", "66", "60"]}]}, {"location": {"country_code": "us", "region": "Kentucky", "city": "Bowling Green"}, "game_id": "273486", "values": [{"date": "2022-01-31-01-00-00", "alternatives": [8, 78, 76, 78, 78]}]}, {"location": {"country_code": "us", "region": "Louisiana", "city": "Lake Charles"}, "game_id": "273486", "values": [{"date": "2022-01-30-04-00-00", "alternatives": ["35", "35", "395"]}]}, {"location": {"country_code": "us", "region": "Texas", "city": "Atascocita"}, "game_id": "273486", "values": [{"date": "2022-01-30-05-00-00", "alternatives": ["35", "35", "30"]}, {"date": "2022-01-30-05-00-00", "alternatives": ["35", "35", "30"]}]}, {"location": {"country_code": "us", "region": "Ohio", "city": "Westerville"}, "game_id": "273486", "values": [{"date": "2022-01-30-07-00-00", "alternatives": ["35", "35", "135"]}, {"date": "2022-01-30-07-00-00", "alternatives": ["35", "35", "135"]}, {"date": "2022-01-30-07-00-00", "alternatives": ["35", "35", "135"]}, {"date": "2022-01-30-07-00-00", "alternatives": ["35", "35", "135"]}]}, {"location": {"country_code": "us", "region": "Ohio", "city": "Pataskala"}, "game_id": "273486", "values": [{"date": "2022-01-30-06-00-00", "alternatives": ["86", "86", "30"]}]}, {"location": {"country_code": "us", "region": "Texas", "city": "Leander"}, "game_id": "273486", "values": [{"date": "2022-01-30-23-00-00", "alternatives": ["62", "62", "52"]}]}, {"location": {"country_code": "us", "region": "California", "city": "Hawaiian Gardens"}, "game_id": "273486", "values": [{"date": "2022-01-30-01-00-00", "alternatives": ["15", "13", "15"]}]}], "last_updated": 1719918487.927829}