{"data": [{"location": {"country_code": "us", "region": "New York", "city": "Jamestown"}, "game_id": "273486", "values": [{"date": "2022-01-02-01-00-00", "alternatives": ["31", "31", "37"]}, {"date": "2022-01-02-01-00-00", "alternatives": ["31", "31", "37"]}, {"date": "2022-01-02-01-00-00", "alternatives": ["31", "31", "37"]}, {"date": "2022-01-02-01-00-00", "alternatives": ["31", "31", "37"]}]}, {"location": {"country_code": "gb", "region": "England"}, "game_id": "273486", "values": [{"date": "2022-01-02-00-00-00", "alternatives": ["86", "86", "30"]}, {"date": "2022-01-02-00-00-00", "alternatives": ["86", "86", "30"]}, {"date": "2022-01-02-00-00-00", "alternatives": ["86", "86", "30"]}, {"date": "2022-01-02-00-00-00", "alternatives": ["86", "86", "30"]}, {"date": "2022-01-02-00-00-00", "alternatives": ["86", "86", "30"]}, {"date": "2022-01-02-00-00-00", "alternatives": ["86", "86", "30"]}, {"date": "2022-01-02-00-00-00", "alternatives": ["86", "86", "30"]}, {"date": "2022-01-02-00-00-00", "alternatives": ["86", "86", "30"]}, {"date": "2022-01-02-00-00-00", "alternatives": ["86", "86", "30"]}]}, {"location": {"country_code": "ca"}, "game_id": "273486", "values": [{"date": "2022-01-01-21-00-00", "alternatives": ["43", "43", "48"]}]}, {"location": {"country_code": "us", "region": "Florida"}, "game_id": "273486", "values": [{"date": "2022-01-01-06-00-00", "alternatives": ["39", "62", "39"]}, {"date": "2022-01-01-06-00-00", "alternatives": ["39", "62", "39"]}]}, {"location": {"country_code": "us", "region": "California", "city": "East Los Angeles"}, "game_id": "273486", "values": [{"date": "2022-01-01-01-00-00", "alternatives": ["2", "31", "31"]}]}, {"location": {"country_code": "sa"}, "game_id": "273486", "values": [{"date": "2022-01-01-20-00-00", "alternatives": ["31", "37", "31"]}, {"date": "2022-01-01-20-00-00", "alternatives": ["19", "6", "19"]}]}, {"location": {"country_code": "us", "region": "Georgia"}, "game_id": "273486", "values": [{"date": "2022-01-01-05-00-00", "alternatives": ["7", "119", "119"]}]}, {"location": {"country_code": "fr", "region": "Ile-de-France Region", "city": "Colombes"}, "game_id": "273486", "values": [{"date": "2022-01-01-16-00-00", "alternatives": ["0", "6", "0"]}]}, {"location": {"country_code": "us", "region": "Maryland"}, "game_id": "273486", "values": [{"date": "2022-01-01-18-00-00", "alternatives": ["1", "35", "35"]}]}, {"location": {"country_code": "ca", "region": "Quebec"}, "game_id": "273486", "values": [{"date": "2022-01-01-10-00-00", "alternatives": ["43", "43", "843"]}]}, {"location": {"country_code": "us", "region": "Alabama", "city": "Birmingham"}, "game_id": "273486", "values": [{"date": "2022-01-01-08-00-00", "alternatives": ["33", "59", "33"]}]}, {"location": {"country_code": "us", "region": "Oklahoma", "city": "Enid"}, "game_id": "273486", "values": [{"date": "2022-01-01-07-00-00", "alternatives": ["11", "17", "11"]}]}], "last_updated": 1719918488.901974}