{"data": [{"location": {"country_code": "us"}, "game_id": "128974", "values": [{"date": "2024-07-01-23-00-00", "latency": 210}, {"date": "2024-07-01-23-00-00", "latency": 96}, {"date": "2024-07-01-09-00-00", "latency": 138}, {"date": "2024-07-01-09-00-00", "latency": 138}, {"date": "2024-07-01-09-00-00", "latency": 138}, {"date": "2024-07-01-09-00-00", "latency": 138}, {"date": "2024-07-01-09-00-00", "latency": 138}, {"date": "2024-07-01-23-00-00", "latency": 135}, {"date": "2024-07-01-23-00-00", "latency": 135}, {"date": "2024-07-01-06-00-00", "latency": 193}, {"date": "2024-07-01-23-00-00", "latency": 243}, {"date": "2024-07-01-04-00-00", "latency": 224}, {"date": "2024-07-01-05-00-00", "latency": 178}, {"date": "2024-07-01-09-00-00", "latency": 74}, {"date": "2024-07-01-09-00-00", "latency": 74}, {"date": "2024-07-01-09-00-00", "latency": 74}, {"date": "2024-07-01-09-00-00", "latency": 74}, {"date": "2024-07-01-09-00-00", "latency": 74}, {"date": "2024-07-01-09-00-00", "latency": 74}, {"date": "2024-07-01-08-00-00", "latency": 192}, {"date": "2024-07-01-02-00-00", "latency": 125}, {"date": "2024-07-01-23-00-00", "latency": 82}, {"date": "2024-07-01-23-00-00", "latency": 82}, {"date": "2024-07-01-23-00-00", "latency": 82}, {"date": "2024-07-01-23-00-00", "latency": 82}, {"date": "2024-07-01-23-00-00", "latency": 82}]}, {"location": {"country_code": "de", "region": "Berlin", "city": "Berlin"}, "game_id": "128974", "values": [{"date": "2024-07-01-21-00-00", "latency": 47}]}, {"location": {"country_code": "eg"}, "game_id": "128974", "values": [{"date": "2024-07-01-05-00-00", "latency": 125}]}, {"location": {"country_code": "us", "region": "New York", "city": "Jamestown"}, "game_id": "128974", "values": [{"date": "2024-07-01-07-00-00", "latency": 140}, {"date": "2024-07-02-00-00-00", "latency": 77}]}, {"location": {"country_code": "gb"}, "game_id": "128974", "values": [{"date": "2024-07-01-14-00-00", "latency": 56}, {"date": "2024-07-02-02-00-00", "latency": 183}, {"date": "2024-07-01-21-00-00", "latency": 136}]}, {"location": {"country_code": "th"}, "game_id": "128974", "values": [{"date": "2024-07-01-18-00-00", "latency": 81}, {"date": "2024-07-01-18-00-00", "latency": 81}]}, {"location": {"country_code": "ca"}, "game_id": "128974", "values": [{"date": "2024-07-02-00-00-00", "latency": 68}, {"date": "2024-07-01-05-00-00", "latency": 78}, {"date": "2024-07-02-02-00-00", "latency": 72}, {"date": "2024-07-02-02-00-00", "latency": 72}, {"date": "2024-07-01-19-00-00", "latency": 149}, {"date": "2024-07-01-19-00-00", "latency": 149}, {"date": "2024-07-01-19-00-00", "latency": 149}]}, {"location": {"country_code": "ch"}, "game_id": "128974", "values": [{"date": "2024-07-01-13-00-00", "latency": 47}]}, {"location": {"country_code": "de"}, "game_id": "128974", "values": [{"date": "2024-07-02-02-00-00", "latency": 123}, {"date": "2024-07-01-19-00-00", "latency": 69}]}, {"location": {"country_code": "gb", "region": "England"}, "game_id": "128974", "values": [{"date": "2024-07-01-05-00-00", "latency": 134}, {"date": "2024-07-01-05-00-00", "latency": 134}, {"date": "2024-07-01-22-00-00", "latency": 64}, {"date": "2024-07-01-03-00-00", "latency": 119}, {"date": "2024-07-01-03-00-00", "latency": 119}, {"date": "2024-07-01-03-00-00", "latency": 119}, {"date": "2024-07-01-03-00-00", "latency": 119}, {"date": "2024-07-01-03-00-00", "latency": 119}]}, {"location": {"country_code": "us", "region": "Texas"}, "game_id": "128974", "values": [{"date": "2024-07-01-15-00-00", "latency": 86}, {"date": "2024-07-01-15-00-00", "latency": 86}, {"date": "2024-07-01-15-00-00", "latency": 86}, {"date": "2024-07-01-15-00-00", "latency": 86}, {"date": "2024-07-01-04-00-00", "latency": 76}]}, {"location": {"country_code": "fr", "region": "Aquitania-Limosino-Poitou-Charentes"}, "game_id": "128974", "values": [{"date": "2024-07-01-07-00-00", "latency": 83}, {"date": "2024-07-01-07-00-00", "latency": 83}]}, {"location": {"country_code": "au", "region": "New South Wales", "city": "Sydney"}, "game_id": "128974", "values": [{"date": "2024-07-01-08-00-00", "latency": 186}, {"date": "2024-07-01-08-00-00", "latency": 186}, {"date": "2024-07-01-08-00-00", "latency": 186}, {"date": "2024-07-01-08-00-00", "latency": 186}, {"date": "2024-07-01-08-00-00", "latency": 186}, {"date": "2024-07-01-08-00-00", "latency": 186}, {"date": "2024-07-01-08-00-00", "latency": 186}]}, {"location": {"country_code": "us", "region": "Florida", "city": "Miami"}, "game_id": "128974", "values": [{"date": "2024-07-02-00-00-00", "latency": 131}, {"date": "2024-07-02-00-00-00", "latency": 131}, {"date": "2024-07-02-00-00-00", "latency": 131}, {"date": "2024-07-02-00-00-00", "latency": 131}, {"date": "2024-07-02-01-00-00", "latency": 77}]}, {"location": {"country_code": "ph"}, "game_id": "128974", "values": [{"date": "2024-07-01-22-00-00", "latency": 66}]}, {"location": {"country_code": "us", "region": "Kansas"}, "game_id": "128974", "values": [{"date": "2024-07-02-00-00-00", "latency": 63}]}, {"location": {"country_code": "fr"}, "game_id": "128974", "values": [{"date": "2024-07-01-22-00-00", "latency": 61}, {"date": "2024-07-01-18-00-00", "latency": 78}, {"date": "2024-07-01-18-00-00", "latency": 64}]}, {"location": {"country_code": "us", "region": "New Jersey"}, "game_id": "128974", "values": [{"date": "2024-07-01-10-00-00", "latency": 95}, {"date": "2024-07-01-10-00-00", "latency": 95}]}, {"location": {"country_code": "mx"}, "game_id": "128974", "values": [{"date": "2024-07-01-07-00-00", "latency": 93}, {"date": "2024-07-01-07-00-00", "latency": 93}, {"date": "2024-07-01-07-00-00", "latency": 93}, {"date": "2024-07-01-07-00-00", "latency": 93}, {"date": "2024-07-01-07-00-00", "latency": 93}, {"date": "2024-07-01-07-00-00", "latency": 93}, {"date": "2024-07-01-07-00-00", "latency": 93}, {"date": "2024-07-01-06-00-00", "latency": 94}, {"date": "2024-07-01-07-00-00", "latency": 145}, {"date": "2024-07-01-08-00-00", "latency": 81}]}, {"location": {"country_code": "us", "region": "Ohio"}, "game_id": "128974", "values": [{"date": "2024-07-02-01-00-00", "latency": 88}, {"date": "2024-07-02-01-00-00", "latency": 88}, {"date": "2024-07-02-01-00-00", "latency": 88}, {"date": "2024-07-01-04-00-00", "latency": 192}, {"date": "2024-07-01-04-00-00", "latency": 192}]}, {"location": {"country_code": "mx", "region": "Mexico City"}, "game_id": "128974", "values": [{"date": "2024-07-02-01-00-00", "latency": 230}, {"date": "2024-07-02-01-00-00", "latency": 230}]}, {"location": {"country_code": "in"}, "game_id": "128974", "values": [{"date": "2024-07-01-18-00-00", "latency": 98}]}, {"location": {"country_code": "us", "region": "California"}, "game_id": "128974", "values": [{"date": "2024-07-02-02-00-00", "latency": 107}, {"date": "2024-07-01-09-00-00", "latency": 255}, {"date": "2024-07-01-09-00-00", "latency": 95}, {"date": "2024-07-01-23-00-00", "latency": 76}, {"date": "2024-07-01-23-00-00", "latency": 76}, {"date": "2024-07-01-14-00-00", "latency": 88}, {"date": "2024-07-01-14-00-00", "latency": 88}, {"date": "2024-07-01-14-00-00", "latency": 88}, {"date": "2024-07-01-14-00-00", "latency": 88}, {"date": "2024-07-01-14-00-00", "latency": 88}, {"date": "2024-07-01-04-00-00", "latency": 70}, {"date": "2024-07-01-05-00-00", "latency": 85}, {"date": "2024-07-01-05-00-00", "latency": 85}]}, {"location": {"country_code": "us", "region": "California", "city": "East Los Angeles"}, "game_id": "128974", "values": [{"date": "2024-07-01-06-00-00", "latency": 38}, {"date": "2024-07-01-04-00-00", "latency": 77}]}, {"location": {"country_code": "se"}, "game_id": "128974", "values": [{"date": "2024-07-01-13-00-00", "latency": 117}, {"date": "2024-07-01-13-00-00", "latency": 117}]}, {"location": {"country_code": "au"}, "game_id": "128974", "values": [{"date": "2024-07-01-13-00-00", "latency": 65}, {"date": "2024-07-01-10-00-00", "latency": 95}, {"date": "2024-07-01-05-00-00", "latency": 59}, {"date": "2024-07-01-05-00-00", "latency": 59}, {"date": "2024-07-01-09-00-00", "latency": 151}, {"date": "2024-07-01-08-00-00", "latency": 176}, {"date": "2024-07-01-15-00-00", "latency": 72}, {"date": "2024-07-01-15-00-00", "latency": 72}, {"date": "2024-07-01-15-00-00", "latency": 72}, {"date": "2024-07-01-15-00-00", "latency": 72}, {"date": "2024-07-01-15-00-00", "latency": 72}]}, {"location": {"country_code": "td"}, "game_id": "128974", "values": [{"date": "2024-07-01-08-00-00", "latency": 84}, {"date": "2024-07-01-08-00-00", "latency": 84}, {"date": "2024-07-01-08-00-00", "latency": 84}, {"date": "2024-07-01-08-00-00", "latency": 84}, {"date": "2024-07-01-08-00-00", "latency": 84}, {"date": "2024-07-01-08-00-00", "latency": 84}, {"date": "2024-07-01-08-00-00", "latency": 84}, {"date": "2024-07-01-08-00-00", "latency": 84}, {"date": "2024-07-01-08-00-00", "latency": 84}, {"date": "2024-07-01-19-00-00", "latency": 168}]}, {"location": {"country_code": "us", "region": "Texas", "city": "Austin"}, "game_id": "128974", "values": [{"date": "2024-07-01-23-00-00", "latency": 218}]}, {"location": {"country_code": "us", "region": "Pennsylvania", "city": "Philadelphia"}, "game_id": "128974", "values": [{"date": "2024-07-01-05-00-00", "latency": 122}, {"date": "2024-07-01-05-00-00", "latency": 122}, {"date": "2024-07-01-05-00-00", "latency": 122}]}, {"location": {"country_code": "es"}, "game_id": "128974", "values": [{"date": "2024-07-01-18-00-00", "latency": 82}, {"date": "2024-07-01-18-00-00", "latency": 82}, {"date": "2024-07-01-18-00-00", "latency": 82}]}, {"location": {"country_code": "sa"}, "game_id": "128974", "values": [{"date": "2024-07-01-21-00-00", "latency": 147}, {"date": "2024-07-01-21-00-00", "latency": 147}, {"date": "2024-07-01-09-00-00", "latency": 143}, {"date": "2024-07-01-19-00-00", "latency": 86}, {"date": "2024-07-01-07-00-00", "latency": 103}]}, {"location": {"country_code": "ar"}, "game_id": "128974", "values": [{"date": "2024-07-01-22-00-00", "latency": 92}, {"date": "2024-07-01-22-00-00", "latency": 92}, {"date": "2024-07-01-03-00-00", "latency": 78}]}, {"location": {"country_code": "fi"}, "game_id": "128974", "values": [{"date": "2024-07-01-19-00-00", "latency": 102}]}, {"location": {"country_code": "ca", "region": "Alberta"}, "game_id": "128974", "values": [{"date": "2024-07-01-19-00-00", "latency": 171}]}, {"location": {"country_code": "jp", "region": "Kawasaki"}, "game_id": "128974", "values": [{"date": "2024-07-02-00-00-00", "latency": 132}, {"date": "2024-07-02-00-00-00", "latency": 132}]}, {"location": {"country_code": "us", "region": "Texas", "city": "Houston"}, "game_id": "128974", "values": [{"date": "2024-07-01-06-00-00", "latency": 82}, {"date": "2024-07-01-06-00-00", "latency": 82}]}, {"location": {"country_code": "au", "region": "South Australia", "city": "Adelaide"}, "game_id": "128974", "values": [{"date": "2024-07-01-23-00-00", "latency": 64}, {"date": "2024-07-01-23-00-00", "latency": 64}, {"date": "2024-07-01-11-00-00", "latency": 103}, {"date": "2024-07-01-11-00-00", "latency": 103}, {"date": "2024-07-01-11-00-00", "latency": 103}, {"date": "2024-07-01-11-00-00", "latency": 103}]}, {"location": {"country_code": "us", "region": "Alaska"}, "game_id": "128974", "values": [{"date": "2024-07-01-07-00-00", "latency": 78}, {"date": "2024-07-01-07-00-00", "latency": 78}]}, {"location": {"country_code": "us", "region": "Illinois", "city": "Chicago"}, "game_id": "128974", "values": [{"date": "2024-07-01-03-00-00", "latency": 77}, {"date": "2024-07-01-03-00-00", "latency": 77}, {"date": "2024-07-01-03-00-00", "latency": 77}, {"date": "2024-07-01-03-00-00", "latency": 77}, {"date": "2024-07-01-03-00-00", "latency": 77}, {"date": "2024-07-01-16-00-00", "latency": 130}, {"date": "2024-07-01-16-00-00", "latency": 130}, {"date": "2024-07-01-16-00-00", "latency": 130}]}, {"location": {"country_code": "us", "region": "Utah"}, "game_id": "128974", "values": [{"date": "2024-07-01-23-00-00", "latency": 119}]}, {"location": {"country_code": "pl"}, "game_id": "128974", "values": [{"date": "2024-07-01-19-00-00", "latency": 64}]}, {"location": {"country_code": "us", "region": "Nevada", "city": "Las Vegas"}, "game_id": "128974", "values": [{"date": "2024-07-01-09-00-00", "latency": 82}, {"date": "2024-07-01-09-00-00", "latency": 82}]}, {"location": {"country_code": "cr"}, "game_id": "128974", "values": [{"date": "2024-07-01-08-00-00", "latency": 190}]}, {"location": {"country_code": "gb", "region": "England", "city": "London"}, "game_id": "128974", "values": [{"date": "2024-07-02-01-00-00", "latency": 40}, {"date": "2024-07-01-19-00-00", "latency": 60}, {"date": "2024-07-01-19-00-00", "latency": 60}, {"date": "2024-07-01-19-00-00", "latency": 60}, {"date": "2024-07-01-19-00-00", "latency": 60}, {"date": "2024-07-01-19-00-00", "latency": 60}, {"date": "2024-07-01-19-00-00", "latency": 60}]}, {"location": {"country_code": "us", "region": "Georgia"}, "game_id": "128974", "values": [{"date": "2024-07-01-13-00-00", "latency": 101}, {"date": "2024-07-01-13-00-00", "latency": 101}, {"date": "2024-07-01-13-00-00", "latency": 101}, {"date": "2024-07-01-13-00-00", "latency": 101}, {"date": "2024-07-01-13-00-00", "latency": 101}, {"date": "2024-07-01-13-00-00", "latency": 101}, {"date": "2024-07-01-13-00-00", "latency": 101}]}, {"location": {"country_code": "br", "region": "Minas Gerais", "city": "Cristais"}, "game_id": "128974", "values": [{"date": "2024-07-02-01-00-00", "latency": 40}]}, {"location": {"country_code": "sg"}, "game_id": "128974", "values": [{"date": "2024-07-01-13-00-00", "latency": 123}, {"date": "2024-07-01-13-00-00", "latency": 123}]}, {"location": {"country_code": "tr", "region": "Marmara Bolgesi", "city": "Istanbul"}, "game_id": "128974", "values": [{"date": "2024-07-01-18-00-00", "latency": 120}, {"date": "2024-07-01-18-00-00", "latency": 120}]}, {"location": {"country_code": "us", "region": "District of Columbia", "city": "Washington"}, "game_id": "128974", "values": [{"date": "2024-07-01-04-00-00", "latency": 113}, {"date": "2024-07-01-04-00-00", "latency": 113}]}, {"location": {"country_code": "us", "region": "Washington", "city": "Pullman"}, "game_id": "128974", "values": [{"date": "2024-07-01-16-00-00", "latency": 127}, {"date": "2024-07-01-16-00-00", "latency": 127}, {"date": "2024-07-01-16-00-00", "latency": 127}, {"date": "2024-07-01-16-00-00", "latency": 127}]}, {"location": {"country_code": "ca", "region": "Ontario", "city": "Toronto"}, "game_id": "128974", "values": [{"date": "2024-07-01-17-00-00", "latency": 83}]}, {"location": {"country_code": "us", "region": "Hawaii", "city": "Kapolei"}, "game_id": "128974", "values": [{"date": "2024-07-01-08-00-00", "latency": 152}, {"date": "2024-07-01-08-00-00", "latency": 152}, {"date": "2024-07-01-08-00-00", "latency": 152}, {"date": "2024-07-01-08-00-00", "latency": 152}, {"date": "2024-07-01-08-00-00", "latency": 152}]}, {"location": {"country_code": "id"}, "game_id": "128974", "values": [{"date": "2024-07-01-15-00-00", "latency": 142}]}, {"location": {"country_code": "us", "region": "Wisconsin"}, "game_id": "128974", "values": [{"date": "2024-07-01-17-00-00", "latency": 87}, {"date": "2024-07-01-17-00-00", "latency": 87}]}, {"location": {"country_code": "us", "region": "Pennsylvania"}, "game_id": "128974", "values": [{"date": "2024-07-01-22-00-00", "latency": 102}]}, {"location": {"country_code": "pt"}, "game_id": "128974", "values": [{"date": "2024-07-01-17-00-00", "latency": 135}, {"date": "2024-07-01-17-00-00", "latency": 135}, {"date": "2024-07-01-17-00-00", "latency": 135}, {"date": "2024-07-01-17-00-00", "latency": 135}]}, {"location": {"country_code": "us", "region": "Kentucky"}, "game_id": "128974", "values": [{"date": "2024-07-01-21-00-00", "latency": 58}]}, {"location": {"country_code": "us", "region": "Tennessee"}, "game_id": "128974", "values": [{"date": "2024-07-01-23-00-00", "latency": 106}]}, {"location": {"country_code": "cn", "region": "Hong Kong"}, "game_id": "128974", "values": [{"date": "2024-07-01-23-00-00", "latency": 66}, {"date": "2024-07-01-23-00-00", "latency": 66}, {"date": "2024-07-01-23-00-00", "latency": 66}, {"date": "2024-07-01-23-00-00", "latency": 66}, {"date": "2024-07-01-23-00-00", "latency": 66}, {"date": "2024-07-01-23-00-00", "latency": 66}]}, {"location": {"country_code": "mx", "region": "Aguascalientes"}, "game_id": "128974", "values": [{"date": "2024-07-01-16-00-00", "latency": 105}, {"date": "2024-07-01-16-00-00", "latency": 105}]}, {"location": {"country_code": "us", "region": "Massachusetts", "city": "Boston"}, "game_id": "128974", "values": [{"date": "2024-07-01-21-00-00", "latency": 74}, {"date": "2024-07-01-21-00-00", "latency": 74}, {"date": "2024-07-01-21-00-00", "latency": 74}]}, {"location": {"country_code": "us", "region": "Maryland"}, "game_id": "128974", "values": [{"date": "2024-07-01-19-00-00", "latency": 88}, {"date": "2024-07-01-19-00-00", "latency": 88}, {"date": "2024-07-01-19-00-00", "latency": 88}, {"date": "2024-07-01-19-00-00", "latency": 88}]}, {"location": {"country_code": "us", "region": "State of Maine"}, "game_id": "128974", "values": [{"date": "2024-07-01-03-00-00", "latency": 71}]}, {"location": {"country_code": "ca", "region": "British Columbia", "city": "Richmond"}, "game_id": "128974", "values": [{"date": "2024-07-02-00-00-00", "latency": 87}, {"date": "2024-07-02-00-00-00", "latency": 87}, {"date": "2024-07-01-07-00-00", "latency": 70}, {"date": "2024-07-01-07-00-00", "latency": 70}, {"date": "2024-07-01-07-00-00", "latency": 70}]}, {"location": {"country_code": "us", "region": "California", "city": "Malibu"}, "game_id": "128974", "values": [{"date": "2024-07-02-00-00-00", "latency": 123}]}, {"location": {"country_code": "ca", "region": "British Columbia"}, "game_id": "128974", "values": [{"date": "2024-07-01-17-00-00", "latency": 93}, {"date": "2024-07-01-17-00-00", "latency": 93}, {"date": "2024-07-01-17-00-00", "latency": 93}]}, {"location": {"country_code": "br", "region": "Sao Paulo", "city": "Jacarei"}, "game_id": "128974", "values": [{"date": "2024-07-01-05-00-00", "latency": 88}]}, {"location": {"country_code": "de", "region": "North Rhine-Westphalia"}, "game_id": "128974", "values": [{"date": "2024-07-01-18-00-00", "latency": 130}]}, {"location": {"country_code": "dj"}, "game_id": "128974", "values": [{"date": "2024-07-02-01-00-00", "latency": 168}]}, {"location": {"country_code": "us", "region": "New York", "city": "Buffalo"}, "game_id": "128974", "values": [{"date": "2024-07-01-06-00-00", "latency": 75}]}, {"location": {"country_code": "fj"}, "game_id": "128974", "values": [{"date": "2024-07-01-06-00-00", "latency": 113}]}, {"location": {"country_code": "es", "region": "Valencia", "city": "Gandia"}, "game_id": "128974", "values": [{"date": "2024-07-01-23-00-00", "latency": 80}, {"date": "2024-07-01-23-00-00", "latency": 80}, {"date": "2024-07-01-23-00-00", "latency": 80}]}, {"location": {"country_code": "gb", "region": "Wales"}, "game_id": "128974", "values": [{"date": "2024-07-01-18-00-00", "latency": 72}]}, {"location": {"country_code": "us", "region": "Texas", "city": "Fort Worth"}, "game_id": "128974", "values": [{"date": "2024-07-01-04-00-00", "latency": 60}]}, {"location": {"country_code": "us", "region": "California", "city": "Fresno"}, "game_id": "128974", "values": [{"date": "2024-07-01-09-00-00", "latency": 162}]}, {"location": {"country_code": "es", "region": "Balearic Islands", "city": "Sant Antoni de Portmany"}, "game_id": "128974", "values": [{"date": "2024-07-01-18-00-00", "latency": 76}, {"date": "2024-07-01-18-00-00", "latency": 76}]}, {"location": {"country_code": "fr", "region": "Centre-Val de Loire", "city": "Orleans"}, "game_id": "128974", "values": [{"date": "2024-07-01-23-00-00", "latency": 127}, {"date": "2024-07-01-23-00-00", "latency": 127}]}, {"location": {"country_code": "us", "region": "Kentucky", "city": "Louisville"}, "game_id": "128974", "values": [{"date": "2024-07-01-05-00-00", "latency": 83}]}, {"location": {"country_code": "il"}, "game_id": "128974", "values": [{"date": "2024-07-01-23-00-00", "latency": 165}]}, {"location": {"country_code": "es", "region": "Andalusia", "city": "Cordoba"}, "game_id": "128974", "values": [{"date": "2024-07-01-21-00-00", "latency": 77}]}, {"location": {"country_code": "es", "region": "Catalonia", "city": "Mataro"}, "game_id": "128974", "values": [{"date": "2024-07-01-16-00-00", "latency": 80}, {"date": "2024-07-01-16-00-00", "latency": 80}]}, {"location": {"country_code": "us", "region": "Idaho", "city": "Boise"}, "game_id": "128974", "values": [{"date": "2024-07-01-10-00-00", "latency": 111}, {"date": "2024-07-01-10-00-00", "latency": 111}]}, {"location": {"country_code": "us", "region": "Puerto Rico", "city": "Aguas Buenas"}, "game_id": "128974", "values": [{"date": "2024-07-01-09-00-00", "latency": 76}, {"date": "2024-07-01-09-00-00", "latency": 76}]}, {"location": {"country_code": "us", "region": "Texas", "city": "Odessa"}, "game_id": "128974", "values": [{"date": "2024-07-01-11-00-00", "latency": 84}]}, {"location": {"country_code": "mz", "region": "Zambezia"}, "game_id": "128974", "values": [{"date": "2024-07-01-03-00-00", "latency": 93}]}, {"location": {"country_code": "gb", "region": "England", "city": "Basildon"}, "game_id": "128974", "values": [{"date": "2024-07-01-12-00-00", "latency": 44}]}], "last_updated": 1719927450.111661}