{"data": [{"location": {"country_code": "us"}, "game_id": "128974", "values": [{"date": "2024-06-11-02-00-00", "latency": 206}, {"date": "2024-06-10-04-00-00", "latency": 60}, {"date": "2024-06-11-00-00-00", "latency": 137}, {"date": "2024-06-10-09-00-00", "latency": 66}, {"date": "2024-06-11-00-00-00", "latency": 88}, {"date": "2024-06-10-10-00-00", "latency": 94}, {"date": "2024-06-10-10-00-00", "latency": 94}, {"date": "2024-06-10-10-00-00", "latency": 94}, {"date": "2024-06-10-10-00-00", "latency": 94}, {"date": "2024-06-10-10-00-00", "latency": 94}, {"date": "2024-06-10-10-00-00", "latency": 94}, {"date": "2024-06-10-10-00-00", "latency": 94}, {"date": "2024-06-10-10-00-00", "latency": 94}, {"date": "2024-06-10-10-00-00", "latency": 94}, {"date": "2024-06-10-10-00-00", "latency": 94}, {"date": "2024-06-10-10-00-00", "latency": 142}]}, {"location": {"country_code": "ru"}, "game_id": "128974", "values": [{"date": "2024-06-10-10-00-00", "latency": 95}]}, {"location": {"country_code": "us", "region": "New Mexico"}, "game_id": "128974", "values": [{"date": "2024-06-11-01-00-00", "latency": 124}, {"date": "2024-06-11-01-00-00", "latency": 124}]}, {"location": {"country_code": "gb"}, "game_id": "128974", "values": [{"date": "2024-06-10-22-00-00", "latency": 66}, {"date": "2024-06-11-01-00-00", "latency": 61}, {"date": "2024-06-10-07-00-00", "latency": 65}, {"date": "2024-06-10-07-00-00", "latency": 65}, {"date": "2024-06-10-07-00-00", "latency": 65}, {"date": "2024-06-10-07-00-00", "latency": 65}, {"date": "2024-06-10-07-00-00", "latency": 65}]}, {"location": {"country_code": "th"}, "game_id": "128974", "values": [{"date": "2024-06-10-14-00-00", "latency": 55}]}, {"location": {"country_code": "pa"}, "game_id": "128974", "values": [{"date": "2024-06-10-08-00-00", "latency": 221}]}, {"location": {"country_code": "cz"}, "game_id": "128974", "values": [{"date": "2024-06-10-19-00-00", "latency": 54}, {"date": "2024-06-10-19-00-00", "latency": 54}]}, {"location": {"country_code": "za"}, "game_id": "128974", "values": [{"date": "2024-06-11-00-00-00", "latency": 276}]}, {"location": {"country_code": "jp"}, "game_id": "128974", "values": [{"date": "2024-06-10-07-00-00", "latency": 87}]}, {"location": {"country_code": "ca"}, "game_id": "128974", "values": [{"date": "2024-06-10-03-00-00", "latency": 82}, {"date": "2024-06-10-07-00-00", "latency": 89}, {"date": "2024-06-10-06-00-00", "latency": 200}]}, {"location": {"country_code": "us", "region": "New Jersey"}, "game_id": "128974", "values": [{"date": "2024-06-10-06-00-00", "latency": 95}]}, {"location": {"country_code": "de"}, "game_id": "128974", "values": [{"date": "2024-06-10-20-00-00", "latency": 64}, {"date": "2024-06-10-19-00-00", "latency": 47}]}, {"location": {"country_code": "tw"}, "game_id": "128974", "values": [{"date": "2024-06-10-04-00-00", "latency": 217}, {"date": "2024-06-10-04-00-00", "latency": 217}, {"date": "2024-06-10-04-00-00", "latency": 217}, {"date": "2024-06-10-04-00-00", "latency": 217}, {"date": "2024-06-10-04-00-00", "latency": 217}, {"date": "2024-06-10-04-00-00", "latency": 217}]}, {"location": {"country_code": "gb", "region": "England"}, "game_id": "128974", "values": [{"date": "2024-06-10-23-00-00", "latency": 136}, {"date": "2024-06-10-23-00-00", "latency": 136}]}, {"location": {"country_code": "us", "region": "Texas"}, "game_id": "128974", "values": [{"date": "2024-06-10-07-00-00", "latency": 64}, {"date": "2024-06-10-07-00-00", "latency": 64}, {"date": "2024-06-10-05-00-00", "latency": 253}, {"date": "2024-06-10-05-00-00", "latency": 253}, {"date": "2024-06-10-05-00-00", "latency": 253}, {"date": "2024-06-10-05-00-00", "latency": 253}]}, {"location": {"country_code": "us", "region": "Florida"}, "game_id": "128974", "values": [{"date": "2024-06-10-23-00-00", "latency": 124}, {"date": "2024-06-10-23-00-00", "latency": 124}, {"date": "2024-06-10-23-00-00", "latency": 124}, {"date": "2024-06-10-23-00-00", "latency": 124}, {"date": "2024-06-10-06-00-00", "latency": 198}, {"date": "2024-06-10-06-00-00", "latency": 198}, {"date": "2024-06-10-06-00-00", "latency": 198}, {"date": "2024-06-10-06-00-00", "latency": 198}, {"date": "2024-06-10-06-00-00", "latency": 198}, {"date": "2024-06-10-06-00-00", "latency": 198}, {"date": "2024-06-10-20-00-00", "latency": 88}, {"date": "2024-06-10-04-00-00", "latency": 87}]}, {"location": {"country_code": "ph"}, "game_id": "128974", "values": [{"date": "2024-06-10-14-00-00", "latency": 83}, {"date": "2024-06-10-14-00-00", "latency": 83}]}, {"location": {"country_code": "fr"}, "game_id": "128974", "values": [{"date": "2024-06-10-21-00-00", "latency": 74}, {"date": "2024-06-10-16-00-00", "latency": 58}, {"date": "2024-06-10-16-00-00", "latency": 58}]}, {"location": {"country_code": "mx"}, "game_id": "128974", "values": [{"date": "2024-06-10-06-00-00", "latency": 246}, {"date": "2024-06-10-07-00-00", "latency": 87}, {"date": "2024-06-10-05-00-00", "latency": 97}, {"date": "2024-06-10-11-00-00", "latency": 92}]}, {"location": {"country_code": "us", "region": "Ohio"}, "game_id": "128974", "values": [{"date": "2024-06-10-05-00-00", "latency": 70}, {"date": "2024-06-10-05-00-00", "latency": 70}, {"date": "2024-06-10-05-00-00", "latency": 70}]}, {"location": {"country_code": "mx", "region": "Mexico City"}, "game_id": "128974", "values": [{"date": "2024-06-10-04-00-00", "latency": 173}]}, {"location": {"country_code": "in"}, "game_id": "128974", "values": [{"date": "2024-06-10-02-00-00", "latency": 114}, {"date": "2024-06-10-02-00-00", "latency": 114}, {"date": "2024-06-10-16-00-00", "latency": 176}]}, {"location": {"country_code": "us", "region": "California"}, "game_id": "128974", "values": [{"date": "2024-06-10-10-00-00", "latency": 87}, {"date": "2024-06-10-10-00-00", "latency": 87}, {"date": "2024-06-10-08-00-00", "latency": 83}, {"date": "2024-06-10-09-00-00", "latency": 73}]}, {"location": {"country_code": "us", "region": "California", "city": "East Los Angeles"}, "game_id": "128974", "values": [{"date": "2024-06-10-06-00-00", "latency": 76}]}, {"location": {"country_code": "au"}, "game_id": "128974", "values": [{"date": "2024-06-10-14-00-00", "latency": 195}, {"date": "2024-06-10-07-00-00", "latency": 67}, {"date": "2024-06-10-07-00-00", "latency": 67}, {"date": "2024-06-10-07-00-00", "latency": 67}, {"date": "2024-06-10-09-00-00", "latency": 297}, {"date": "2024-06-10-09-00-00", "latency": 297}, {"date": "2024-06-10-09-00-00", "latency": 297}, {"date": "2024-06-10-09-00-00", "latency": 297}, {"date": "2024-06-10-09-00-00", "latency": 297}, {"date": "2024-06-10-08-00-00", "latency": 50}, {"date": "2024-06-10-08-00-00", "latency": 50}, {"date": "2024-06-10-08-00-00", "latency": 50}, {"date": "2024-06-10-11-00-00", "latency": 236}, {"date": "2024-06-10-11-00-00", "latency": 236}, {"date": "2024-06-10-11-00-00", "latency": 236}]}, {"location": {"country_code": "td"}, "game_id": "128974", "values": [{"date": "2024-06-10-07-00-00", "latency": 79}, {"date": "2024-06-10-07-00-00", "latency": 79}, {"date": "2024-06-10-07-00-00", "latency": 79}, {"date": "2024-06-10-07-00-00", "latency": 79}, {"date": "2024-06-10-12-00-00", "latency": 87}, {"date": "2024-06-10-12-00-00", "latency": 87}]}, {"location": {"country_code": "ca", "region": "Ontario"}, "game_id": "128974", "values": [{"date": "2024-06-10-07-00-00", "latency": 71}, {"date": "2024-06-10-07-00-00", "latency": 71}]}, {"location": {"country_code": "kr"}, "game_id": "128974", "values": [{"date": "2024-06-10-11-00-00", "latency": 85}]}, {"location": {"country_code": "sa"}, "game_id": "128974", "values": [{"date": "2024-06-10-21-00-00", "latency": 125}, {"date": "2024-06-10-21-00-00", "latency": 125}, {"date": "2024-06-10-16-00-00", "latency": 257}, {"date": "2024-06-10-23-00-00", "latency": 237}, {"date": "2024-06-10-12-00-00", "latency": 171}, {"date": "2024-06-10-12-00-00", "latency": 171}, {"date": "2024-06-10-12-00-00", "latency": 171}]}, {"location": {"country_code": "ar"}, "game_id": "128974", "values": [{"date": "2024-06-11-01-00-00", "latency": 66}, {"date": "2024-06-11-01-00-00", "latency": 66}]}, {"location": {"country_code": "fi"}, "game_id": "128974", "values": [{"date": "2024-06-10-18-00-00", "latency": 66}, {"date": "2024-06-10-18-00-00", "latency": 66}, {"date": "2024-06-10-10-00-00", "latency": 72}, {"date": "2024-06-10-10-00-00", "latency": 72}, {"date": "2024-06-10-10-00-00", "latency": 72}, {"date": "2024-06-10-10-00-00", "latency": 72}, {"date": "2024-06-10-10-00-00", "latency": 72}, {"date": "2024-06-10-10-00-00", "latency": 72}, {"date": "2024-06-10-10-00-00", "latency": 72}, {"date": "2024-06-10-10-00-00", "latency": 72}, {"date": "2024-06-10-10-00-00", "latency": 72}, {"date": "2024-06-10-10-00-00", "latency": 72}]}, {"location": {"country_code": "us", "region": "Hawaii"}, "game_id": "128974", "values": [{"date": "2024-06-10-09-00-00", "latency": 133}, {"date": "2024-06-10-09-00-00", "latency": 133}, {"date": "2024-06-10-09-00-00", "latency": 133}, {"date": "2024-06-10-09-00-00", "latency": 133}, {"date": "2024-06-10-09-00-00", "latency": 133}]}, {"location": {"country_code": "ru", "region": "Moscow", "city": "Zelenograd"}, "game_id": "128974", "values": [{"date": "2024-06-11-00-00-00", "latency": 79}]}, {"location": {"country_code": "us", "region": "Texas", "city": "Houston"}, "game_id": "128974", "values": [{"date": "2024-06-11-01-00-00", "latency": 64}, {"date": "2024-06-11-01-00-00", "latency": 64}, {"date": "2024-06-11-01-00-00", "latency": 64}]}, {"location": {"country_code": "au", "region": "South Australia", "city": "Adelaide"}, "game_id": "128974", "values": [{"date": "2024-06-11-02-00-00", "latency": 66}, {"date": "2024-06-11-02-00-00", "latency": 66}, {"date": "2024-06-11-02-00-00", "latency": 66}, {"date": "2024-06-11-02-00-00", "latency": 66}, {"date": "2024-06-11-02-00-00", "latency": 66}, {"date": "2024-06-11-02-00-00", "latency": 66}, {"date": "2024-06-11-02-00-00", "latency": 66}]}, {"location": {"country_code": "us", "region": "Michigan"}, "game_id": "128974", "values": [{"date": "2024-06-11-00-00-00", "latency": 156}, {"date": "2024-06-10-03-00-00", "latency": 53}, {"date": "2024-06-10-03-00-00", "latency": 53}, {"date": "2024-06-10-06-00-00", "latency": 141}, {"date": "2024-06-10-06-00-00", "latency": 141}, {"date": "2024-06-10-06-00-00", "latency": 141}, {"date": "2024-06-10-06-00-00", "latency": 141}, {"date": "2024-06-10-06-00-00", "latency": 141}]}, {"location": {"country_code": "us", "region": "Illinois", "city": "Chicago"}, "game_id": "128974", "values": [{"date": "2024-06-10-05-00-00", "latency": 88}]}, {"location": {"country_code": "hu"}, "game_id": "128974", "values": [{"date": "2024-06-10-19-00-00", "latency": 74}]}, {"location": {"country_code": "us", "region": "California", "city": "Chula Vista"}, "game_id": "128974", "values": [{"date": "2024-06-10-04-00-00", "latency": 80}, {"date": "2024-06-10-04-00-00", "latency": 80}, {"date": "2024-06-10-04-00-00", "latency": 80}, {"date": "2024-06-10-17-00-00", "latency": 73}, {"date": "2024-06-10-17-00-00", "latency": 73}, {"date": "2024-06-10-17-00-00", "latency": 73}]}, {"location": {"country_code": "cn"}, "game_id": "128974", "values": [{"date": "2024-06-10-15-00-00", "latency": 134}]}, {"location": {"country_code": "us", "region": "North Carolina"}, "game_id": "128974", "values": [{"date": "2024-06-10-17-00-00", "latency": 85}]}, {"location": {"country_code": "us", "region": "Nevada", "city": "Las Vegas"}, "game_id": "128974", "values": [{"date": "2024-06-10-03-00-00", "latency": 193}, {"date": "2024-06-10-03-00-00", "latency": 193}]}, {"location": {"country_code": "kz"}, "game_id": "128974", "values": [{"date": "2024-06-10-20-00-00", "latency": 147}]}, {"location": {"country_code": "sg"}, "game_id": "128974", "values": [{"date": "2024-06-10-15-00-00", "latency": 88}]}, {"location": {"country_code": "us", "region": "District of Columbia", "city": "Washington"}, "game_id": "128974", "values": [{"date": "2024-06-11-00-00-00", "latency": 178}, {"date": "2024-06-11-00-00-00", "latency": 178}, {"date": "2024-06-10-04-00-00", "latency": 96}]}, {"location": {"country_code": "ca", "region": "Ontario", "city": "Toronto"}, "game_id": "128974", "values": [{"date": "2024-06-10-05-00-00", "latency": 65}]}, {"location": {"country_code": "us", "region": "Hawaii", "city": "Kapolei"}, "game_id": "128974", "values": [{"date": "2024-06-10-07-00-00", "latency": 136}]}, {"location": {"country_code": "pt"}, "game_id": "128974", "values": [{"date": "2024-06-10-04-00-00", "latency": 221}, {"date": "2024-06-10-04-00-00", "latency": 221}, {"date": "2024-06-10-04-00-00", "latency": 221}, {"date": "2024-06-10-04-00-00", "latency": 221}, {"date": "2024-06-10-04-00-00", "latency": 221}, {"date": "2024-06-10-04-00-00", "latency": 221}, {"date": "2024-06-10-04-00-00", "latency": 221}, {"date": "2024-06-10-04-00-00", "latency": 221}, {"date": "2024-06-10-11-00-00", "latency": 83}, {"date": "2024-06-10-11-00-00", "latency": 83}, {"date": "2024-06-10-16-00-00", "latency": 181}]}, {"location": {"country_code": "us", "region": "Nebraska"}, "game_id": "128974", "values": [{"date": "2024-06-10-05-00-00", "latency": 83}]}, {"location": {"country_code": "cn", "region": "Hong Kong"}, "game_id": "128974", "values": [{"date": "2024-06-10-19-00-00", "latency": 65}]}, {"location": {"country_code": "ca", "region": "Quebec", "city": "Montreal"}, "game_id": "128974", "values": [{"date": "2024-06-11-01-00-00", "latency": 85}]}, {"location": {"country_code": "us", "region": "Massachusetts", "city": "Boston"}, "game_id": "128974", "values": [{"date": "2024-06-10-04-00-00", "latency": 83}, {"date": "2024-06-10-04-00-00", "latency": 83}]}, {"location": {"country_code": "cl", "region": "Valparaiso", "city": "San Antonio"}, "game_id": "128974", "values": [{"date": "2024-06-10-07-00-00", "latency": 783}]}, {"location": {"country_code": "us", "region": "West Virginia"}, "game_id": "128974", "values": [{"date": "2024-06-10-06-00-00", "latency": 75}]}, {"location": {"country_code": "us", "region": "Maryland"}, "game_id": "128974", "values": [{"date": "2024-06-10-19-00-00", "latency": 86}]}, {"location": {"country_code": "us", "region": "Colorado", "city": "Denver"}, "game_id": "128974", "values": [{"date": "2024-06-10-08-00-00", "latency": 90}]}, {"location": {"country_code": "ca", "region": "British Columbia", "city": "Richmond"}, "game_id": "128974", "values": [{"date": "2024-06-10-22-00-00", "latency": 93}]}, {"location": {"country_code": "us", "region": "Georgia", "city": "Atlanta"}, "game_id": "128974", "values": [{"date": "2024-06-10-05-00-00", "latency": 198}, {"date": "2024-06-10-08-00-00", "latency": 67}, {"date": "2024-06-10-08-00-00", "latency": 67}, {"date": "2024-06-10-08-00-00", "latency": 67}, {"date": "2024-06-10-08-00-00", "latency": 67}, {"date": "2024-06-10-08-00-00", "latency": 67}]}, {"location": {"country_code": "ca", "region": "Ontario", "city": "Ottawa"}, "game_id": "128974", "values": [{"date": "2024-06-10-19-00-00", "latency": 45}, {"date": "2024-06-10-19-00-00", "latency": 45}, {"date": "2024-06-10-19-00-00", "latency": 45}]}, {"location": {"country_code": "ca", "region": "Quebec"}, "game_id": "128974", "values": [{"date": "2024-06-11-01-00-00", "latency": 60}]}, {"location": {"country_code": "us", "region": "Florida", "city": "Tampa"}, "game_id": "128974", "values": [{"date": "2024-06-10-06-00-00", "latency": 92}]}, {"location": {"country_code": "fr", "region": "Centre-Val de Loire"}, "game_id": "128974", "values": [{"date": "2024-06-10-08-00-00", "latency": 281}]}, {"location": {"country_code": "fj"}, "game_id": "128974", "values": [{"date": "2024-06-10-06-00-00", "latency": 115}, {"date": "2024-06-10-06-00-00", "latency": 115}, {"date": "2024-06-10-06-00-00", "latency": 115}]}, {"location": {"country_code": "gb", "region": "Wales"}, "game_id": "128974", "values": [{"date": "2024-06-10-23-00-00", "latency": 58}]}, {"location": {"country_code": "tr", "region": "Ic Anadolu Bolgesi"}, "game_id": "128974", "values": [{"date": "2024-06-10-22-00-00", "latency": 103}]}, {"location": {"country_code": "us", "region": "California", "city": "West Covina"}, "game_id": "128974", "values": [{"date": "2024-06-10-08-00-00", "latency": 73}]}, {"location": {"country_code": "cn", "region": "Macao"}, "game_id": "128974", "values": [{"date": "2024-06-10-22-00-00", "latency": 58}, {"date": "2024-06-10-22-00-00", "latency": 58}]}, {"location": {"country_code": "il"}, "game_id": "128974", "values": [{"date": "2024-06-11-01-00-00", "latency": 438}]}, {"location": {"country_code": "us", "region": "Idaho", "city": "Boise"}, "game_id": "128974", "values": [{"date": "2024-06-10-10-00-00", "latency": 121}]}, {"location": {"country_code": "us", "region": "Ohio", "city": "South Euclid"}, "game_id": "128974", "values": [{"date": "2024-06-10-08-00-00", "latency": 345}, {"date": "2024-06-10-08-00-00", "latency": 345}]}, {"location": {"country_code": "sa", "region": "'Asir Region", "city": "Abha"}, "game_id": "128974", "values": [{"date": "2024-06-10-22-00-00", "latency": 60}, {"date": "2024-06-10-22-00-00", "latency": 60}, {"date": "2024-06-10-22-00-00", "latency": 60}]}, {"location": {"country_code": "es", "region": "Andalusia", "city": "Ubeda"}, "game_id": "128974", "values": [{"date": "2024-06-10-06-00-00", "latency": 81}]}, {"location": {"country_code": "mz", "region": "Zambezia"}, "game_id": "128974", "values": [{"date": "2024-06-11-02-00-00", "latency": 88}]}, {"location": {"country_code": "us", "region": "Minnesota", "city": "Sartell"}, "game_id": "128974", "values": [{"date": "2024-06-10-06-00-00", "latency": 196}]}, {"location": {"country_code": "us", "region": "California", "city": "Tehachapi"}, "game_id": "128974", "values": [{"date": "2024-06-10-06-00-00", "latency": 77}, {"date": "2024-06-10-06-00-00", "latency": 77}, {"date": "2024-06-10-06-00-00", "latency": 77}]}, {"location": {"country_code": "us", "region": "Georgia", "city": "Grovetown"}, "game_id": "128974", "values": [{"date": "2024-06-10-03-00-00", "latency": 79}]}, {"location": {"country_code": "in", "region": "Kerala", "city": "Kollam"}, "game_id": "128974", "values": [{"date": "2024-06-10-23-00-00", "latency": 147}]}, {"location": {"country_code": "us", "region": "Oregon", "city": "Tigard"}, "game_id": "128974", "values": [{"date": "2024-06-10-12-00-00", "latency": 71}, {"date": "2024-06-10-12-00-00", "latency": 71}, {"date": "2024-06-10-12-00-00", "latency": 71}, {"date": "2024-06-10-12-00-00", "latency": 71}]}, {"location": {"country_code": "us", "region": "Wisconsin", "city": "Franklin"}, "game_id": "128974", "values": [{"date": "2024-06-10-06-00-00", "latency": 173}]}], "last_updated": 1719927449.187454}