{"data": [{"location": {"country_code": "us"}, "game_id": "970338", "values": [{"date": "2023-07-13-02-00-00", "latency": 24}, {"date": "2023-07-13-02-00-00", "latency": 24}, {"date": "2023-07-13-02-00-00", "latency": 24}, {"date": "2023-07-13-02-00-00", "latency": 24}, {"date": "2023-07-13-02-00-00", "latency": 24}, {"date": "2023-07-13-02-00-00", "latency": 24}, {"date": "2023-07-13-02-00-00", "latency": 24}]}, {"location": {"country_code": "us", "region": "Virginia"}, "game_id": "970338", "values": [{"date": "2023-07-12-02-00-00", "latency": 26}]}, {"location": {"country_code": "gr"}, "game_id": "970338", "values": [{"date": "2023-07-12-21-00-00", "latency": 62}, {"date": "2023-07-12-21-00-00", "latency": 62}, {"date": "2023-07-12-21-00-00", "latency": 62}, {"date": "2023-07-12-21-00-00", "latency": 62}]}, {"location": {"country_code": "pa"}, "game_id": "970338", "values": [{"date": "2023-07-13-00-00-00", "latency": 96}, {"date": "2023-07-13-00-00-00", "latency": 96}]}, {"location": {"country_code": "it"}, "game_id": "970338", "values": [{"date": "2023-07-12-21-00-00", "latency": 51}, {"date": "2023-07-12-23-00-00", "latency": 70}, {"date": "2023-07-12-23-00-00", "latency": 70}]}, {"location": {"country_code": "de"}, "game_id": "970338", "values": [{"date": "2023-07-13-02-00-00", "latency": 123}, {"date": "2023-07-13-02-00-00", "latency": 123}, {"date": "2023-07-13-02-00-00", "latency": 123}, {"date": "2023-07-13-02-00-00", "latency": 123}, {"date": "2023-07-13-02-00-00", "latency": 123}, {"date": "2023-07-12-20-00-00", "latency": 83}, {"date": "2023-07-12-20-00-00", "latency": 83}, {"date": "2023-07-12-20-00-00", "latency": 83}, {"date": "2023-07-12-20-00-00", "latency": 83}, {"date": "2023-07-12-20-00-00", "latency": 83}, {"date": "2023-07-12-20-00-00", "latency": 83}, {"date": "2023-07-12-20-00-00", "latency": 83}, {"date": "2023-07-12-20-00-00", "latency": 83}, {"date": "2023-07-12-20-00-00", "latency": 83}, {"date": "2023-07-12-20-00-00", "latency": 83}, {"date": "2023-07-12-20-00-00", "latency": 83}, {"date": "2023-07-12-16-00-00", "latency": 34}, {"date": "2023-07-12-16-00-00", "latency": 34}, {"date": "2023-07-12-16-00-00", "latency": 34}, {"date": "2023-07-12-16-00-00", "latency": 34}, {"date": "2023-07-12-16-00-00", "latency": 34}]}, {"location": {"country_code": "us", "region": "Florida"}, "game_id": "970338", "values": [{"date": "2023-07-12-07-00-00", "latency": 49}, {"date": "2023-07-12-07-00-00", "latency": 49}, {"date": "2023-07-12-07-00-00", "latency": 49}, {"date": "2023-07-12-07-00-00", "latency": 49}, {"date": "2023-07-12-07-00-00", "latency": 49}, {"date": "2023-07-12-07-00-00", "latency": 49}, {"date": "2023-07-12-07-00-00", "latency": 49}, {"date": "2023-07-12-07-00-00", "latency": 49}, {"date": "2023-07-12-07-00-00", "latency": 49}, {"date": "2023-07-12-07-00-00", "latency": 49}, {"date": "2023-07-12-07-00-00", "latency": 49}, {"date": "2023-07-12-07-00-00", "latency": 49}]}, {"location": {"country_code": "fr"}, "game_id": "970338", "values": [{"date": "2023-07-12-10-00-00", "latency": 20}, {"date": "2023-07-12-10-00-00", "latency": 20}, {"date": "2023-07-12-10-00-00", "latency": 20}, {"date": "2023-07-12-10-00-00", "latency": 20}, {"date": "2023-07-12-10-00-00", "latency": 20}, {"date": "2023-07-12-10-00-00", "latency": 20}, {"date": "2023-07-12-10-00-00", "latency": 20}, {"date": "2023-07-12-10-00-00", "latency": 20}, {"date": "2023-07-13-02-00-00", "latency": 29}, {"date": "2023-07-13-02-00-00", "latency": 29}, {"date": "2023-07-13-02-00-00", "latency": 29}, {"date": "2023-07-13-02-00-00", "latency": 29}, {"date": "2023-07-13-02-00-00", "latency": 29}, {"date": "2023-07-13-02-00-00", "latency": 29}, {"date": "2023-07-13-02-00-00", "latency": 29}, {"date": "2023-07-13-02-00-00", "latency": 29}, {"date": "2023-07-13-02-00-00", "latency": 29}, {"date": "2023-07-12-17-00-00", "latency": 100}, {"date": "2023-07-12-17-00-00", "latency": 100}, {"date": "2023-07-12-17-00-00", "latency": 100}, {"date": "2023-07-12-17-00-00", "latency": 100}, {"date": "2023-07-12-17-00-00", "latency": 100}, {"date": "2023-07-12-17-00-00", "latency": 100}, {"date": "2023-07-12-17-00-00", "latency": 100}, {"date": "2023-07-12-17-00-00", "latency": 100}, {"date": "2023-07-12-17-00-00", "latency": 100}, {"date": "2023-07-12-17-00-00", "latency": 100}, {"date": "2023-07-12-17-00-00", "latency": 100}, {"date": "2023-07-12-17-00-00", "latency": 100}, {"date": "2023-07-12-17-00-00", "latency": 100}, {"date": "2023-07-12-17-00-00", "latency": 100}, {"date": "2023-07-12-17-00-00", "latency": 100}, {"date": "2023-07-12-17-00-00", "latency": 100}, {"date": "2023-07-12-17-00-00", "latency": 100}, {"date": "2023-07-12-22-00-00", "latency": 92}, {"date": "2023-07-12-22-00-00", "latency": 92}, {"date": "2023-07-12-22-00-00", "latency": 92}, {"date": "2023-07-12-22-00-00", "latency": 92}, {"date": "2023-07-12-23-00-00", "latency": 32}, {"date": "2023-07-12-23-00-00", "latency": 32}, {"date": "2023-07-12-23-00-00", "latency": 32}, {"date": "2023-07-12-23-00-00", "latency": 32}, {"date": "2023-07-12-23-00-00", "latency": 32}, {"date": "2023-07-12-23-00-00", "latency": 32}, {"date": "2023-07-12-23-00-00", "latency": 32}, {"date": "2023-07-12-23-00-00", "latency": 32}, {"date": "2023-07-12-23-00-00", "latency": 32}, {"date": "2023-07-12-23-00-00", "latency": 32}, {"date": "2023-07-12-23-00-00", "latency": 32}, {"date": "2023-07-12-23-00-00", "latency": 32}, {"date": "2023-07-12-23-00-00", "latency": 32}, {"date": "2023-07-12-23-00-00", "latency": 32}, {"date": "2023-07-12-23-00-00", "latency": 32}, {"date": "2023-07-13-01-00-00", "latency": 33}, {"date": "2023-07-13-01-00-00", "latency": 33}, {"date": "2023-07-13-01-00-00", "latency": 33}, {"date": "2023-07-13-01-00-00", "latency": 33}, {"date": "2023-07-13-01-00-00", "latency": 33}, {"date": "2023-07-13-01-00-00", "latency": 33}, {"date": "2023-07-13-01-00-00", "latency": 33}, {"date": "2023-07-13-01-00-00", "latency": 33}, {"date": "2023-07-13-01-00-00", "latency": 33}, {"date": "2023-07-13-01-00-00", "latency": 33}, {"date": "2023-07-13-01-00-00", "latency": 33}, {"date": "2023-07-13-01-00-00", "latency": 33}]}, {"location": {"country_code": "fr", "region": "Occitanie", "city": "Montpellier"}, "game_id": "970338", "values": [{"date": "2023-07-12-18-00-00", "latency": 33}, {"date": "2023-07-12-18-00-00", "latency": 33}, {"date": "2023-07-12-18-00-00", "latency": 33}, {"date": "2023-07-12-18-00-00", "latency": 33}, {"date": "2023-07-12-18-00-00", "latency": 33}, {"date": "2023-07-12-18-00-00", "latency": 33}, {"date": "2023-07-12-18-00-00", "latency": 33}, {"date": "2023-07-12-18-00-00", "latency": 33}, {"date": "2023-07-12-18-00-00", "latency": 33}, {"date": "2023-07-12-18-00-00", "latency": 33}, {"date": "2023-07-12-18-00-00", "latency": 33}, {"date": "2023-07-12-18-00-00", "latency": 33}, {"date": "2023-07-12-18-00-00", "latency": 33}, {"date": "2023-07-12-18-00-00", "latency": 33}, {"date": "2023-07-12-18-00-00", "latency": 33}, {"date": "2023-07-12-18-00-00", "latency": 33}]}, {"location": {"country_code": "mx"}, "game_id": "970338", "values": [{"date": "2023-07-12-06-00-00", "latency": 86}, {"date": "2023-07-12-06-00-00", "latency": 86}, {"date": "2023-07-12-06-00-00", "latency": 86}, {"date": "2023-07-12-06-00-00", "latency": 86}, {"date": "2023-07-12-06-00-00", "latency": 86}, {"date": "2023-07-12-06-00-00", "latency": 86}, {"date": "2023-07-12-06-00-00", "latency": 86}]}, {"location": {"country_code": "se"}, "game_id": "970338", "values": [{"date": "2023-07-13-01-00-00", "latency": 48}]}, {"location": {"country_code": "td"}, "game_id": "970338", "values": [{"date": "2023-07-12-16-00-00", "latency": 76}, {"date": "2023-07-12-16-00-00", "latency": 76}, {"date": "2023-07-12-16-00-00", "latency": 76}, {"date": "2023-07-12-16-00-00", "latency": 76}, {"date": "2023-07-12-16-00-00", "latency": 76}, {"date": "2023-07-12-16-00-00", "latency": 76}, {"date": "2023-07-12-16-00-00", "latency": 76}]}, {"location": {"country_code": "es"}, "game_id": "970338", "values": [{"date": "2023-07-12-18-00-00", "latency": 45}, {"date": "2023-07-12-18-00-00", "latency": 45}, {"date": "2023-07-12-18-00-00", "latency": 45}, {"date": "2023-07-12-18-00-00", "latency": 45}, {"date": "2023-07-12-18-00-00", "latency": 45}, {"date": "2023-07-12-18-00-00", "latency": 45}]}, {"location": {"country_code": "at"}, "game_id": "970338", "values": [{"date": "2023-07-13-00-00-00", "latency": 57}, {"date": "2023-07-13-00-00-00", "latency": 57}, {"date": "2023-07-13-00-00-00", "latency": 57}, {"date": "2023-07-13-00-00-00", "latency": 57}]}, {"location": {"country_code": "us", "region": "Arizona"}, "game_id": "970338", "values": [{"date": "2023-07-12-08-00-00", "latency": 102}, {"date": "2023-07-12-08-00-00", "latency": 102}, {"date": "2023-07-12-08-00-00", "latency": 102}, {"date": "2023-07-12-08-00-00", "latency": 102}, {"date": "2023-07-12-08-00-00", "latency": 102}, {"date": "2023-07-12-08-00-00", "latency": 102}, {"date": "2023-07-12-08-00-00", "latency": 102}, {"date": "2023-07-12-08-00-00", "latency": 102}, {"date": "2023-07-12-08-00-00", "latency": 102}, {"date": "2023-07-12-08-00-00", "latency": 102}, {"date": "2023-07-12-08-00-00", "latency": 102}, {"date": "2023-07-12-08-00-00", "latency": 102}, {"date": "2023-07-12-08-00-00", "latency": 102}, {"date": "2023-07-12-08-00-00", "latency": 102}, {"date": "2023-07-12-08-00-00", "latency": 102}, {"date": "2023-07-12-08-00-00", "latency": 102}, {"date": "2023-07-12-08-00-00", "latency": 102}, {"date": "2023-07-12-08-00-00", "latency": 102}]}, {"location": {"country_code": "es", "region": "Catalonia", "city": "l'Hospitalet de Llobregat"}, "game_id": "970338", "values": [{"date": "2023-07-12-17-00-00", "latency": 60}]}, {"location": {"country_code": "ru"}, "game_id": "970338", "values": [{"date": "2023-07-12-23-00-00", "latency": 24}, {"date": "2023-07-12-23-00-00", "latency": 24}, {"date": "2023-07-12-23-00-00", "latency": 24}, {"date": "2023-07-12-23-00-00", "latency": 24}, {"date": "2023-07-12-23-00-00", "latency": 24}, {"date": "2023-07-12-23-00-00", "latency": 24}, {"date": "2023-07-12-23-00-00", "latency": 24}, {"date": "2023-07-12-20-00-00", "latency": 164}, {"date": "2023-07-12-20-00-00", "latency": 164}, {"date": "2023-07-12-20-00-00", "latency": 164}, {"date": "2023-07-12-20-00-00", "latency": 164}, {"date": "2023-07-12-20-00-00", "latency": 164}, {"date": "2023-07-12-20-00-00", "latency": 164}]}, {"location": {"country_code": "id"}, "game_id": "970338", "values": [{"date": "2023-07-13-02-00-00", "latency": 66}, {"date": "2023-07-13-02-00-00", "latency": 66}, {"date": "2023-07-13-02-00-00", "latency": 66}, {"date": "2023-07-13-02-00-00", "latency": 66}]}, {"location": {"country_code": "us", "region": "Wisconsin"}, "game_id": "970338", "values": [{"date": "2023-07-12-23-00-00", "latency": 42}, {"date": "2023-07-12-03-00-00", "latency": 60}, {"date": "2023-07-12-03-00-00", "latency": 60}, {"date": "2023-07-12-03-00-00", "latency": 60}, {"date": "2023-07-12-03-00-00", "latency": 60}, {"date": "2023-07-12-03-00-00", "latency": 60}]}, {"location": {"country_code": "by"}, "game_id": "970338", "values": [{"date": "2023-07-12-23-00-00", "latency": 39}, {"date": "2023-07-12-23-00-00", "latency": 39}, {"date": "2023-07-12-23-00-00", "latency": 39}, {"date": "2023-07-12-23-00-00", "latency": 39}, {"date": "2023-07-12-23-00-00", "latency": 39}, {"date": "2023-07-12-23-00-00", "latency": 39}, {"date": "2023-07-12-23-00-00", "latency": 39}, {"date": "2023-07-12-23-00-00", "latency": 39}, {"date": "2023-07-12-23-00-00", "latency": 39}, {"date": "2023-07-12-23-00-00", "latency": 39}, {"date": "2023-07-12-23-00-00", "latency": 39}, {"date": "2023-07-12-23-00-00", "latency": 39}, {"date": "2023-07-12-23-00-00", "latency": 39}, {"date": "2023-07-12-23-00-00", "latency": 39}, {"date": "2023-07-12-23-00-00", "latency": 39}, {"date": "2023-07-12-23-00-00", "latency": 39}, {"date": "2023-07-12-23-00-00", "latency": 39}, {"date": "2023-07-12-23-00-00", "latency": 39}, {"date": "2023-07-12-23-00-00", "latency": 39}, {"date": "2023-07-12-23-00-00", "latency": 39}, {"date": "2023-07-12-23-00-00", "latency": 39}, {"date": "2023-07-12-23-00-00", "latency": 39}, {"date": "2023-07-12-23-00-00", "latency": 39}, {"date": "2023-07-12-23-00-00", "latency": 39}, {"date": "2023-07-12-23-00-00", "latency": 39}, {"date": "2023-07-12-23-00-00", "latency": 39}, {"date": "2023-07-12-23-00-00", "latency": 39}, {"date": "2023-07-12-23-00-00", "latency": 39}, {"date": "2023-07-12-23-00-00", "latency": 39}, {"date": "2023-07-12-23-00-00", "latency": 39}, {"date": "2023-07-12-23-00-00", "latency": 39}, {"date": "2023-07-12-23-00-00", "latency": 39}, {"date": "2023-07-12-23-00-00", "latency": 39}, {"date": "2023-07-12-23-00-00", "latency": 39}, {"date": "2023-07-12-23-00-00", "latency": 39}, {"date": "2023-07-12-23-00-00", "latency": 39}, {"date": "2023-07-12-23-00-00", "latency": 39}, {"date": "2023-07-12-23-00-00", "latency": 39}, {"date": "2023-07-12-23-00-00", "latency": 39}, {"date": "2023-07-12-23-00-00", "latency": 39}, {"date": "2023-07-12-23-00-00", "latency": 39}, {"date": "2023-07-12-23-00-00", "latency": 39}, {"date": "2023-07-12-23-00-00", "latency": 39}, {"date": "2023-07-12-23-00-00", "latency": 39}, {"date": "2023-07-12-23-00-00", "latency": 39}, {"date": "2023-07-12-23-00-00", "latency": 39}, {"date": "2023-07-12-13-00-00", "latency": 39}, {"date": "2023-07-12-13-00-00", "latency": 39}, {"date": "2023-07-12-13-00-00", "latency": 39}]}, {"location": {"country_code": "de", "region": "Lower Saxony"}, "game_id": "970338", "values": [{"date": "2023-07-12-17-00-00", "latency": 24}, {"date": "2023-07-12-17-00-00", "latency": 24}, {"date": "2023-07-12-17-00-00", "latency": 24}, {"date": "2023-07-12-17-00-00", "latency": 24}, {"date": "2023-07-12-17-00-00", "latency": 24}, {"date": "2023-07-12-17-00-00", "latency": 24}, {"date": "2023-07-12-17-00-00", "latency": 24}, {"date": "2023-07-12-17-00-00", "latency": 24}, {"date": "2023-07-12-17-00-00", "latency": 24}, {"date": "2023-07-12-17-00-00", "latency": 24}, {"date": "2023-07-12-17-00-00", "latency": 24}, {"date": "2023-07-12-17-00-00", "latency": 24}, {"date": "2023-07-12-17-00-00", "latency": 24}, {"date": "2023-07-12-17-00-00", "latency": 24}, {"date": "2023-07-12-17-00-00", "latency": 24}, {"date": "2023-07-12-17-00-00", "latency": 24}, {"date": "2023-07-12-17-00-00", "latency": 24}, {"date": "2023-07-12-17-00-00", "latency": 24}, {"date": "2023-07-12-17-00-00", "latency": 24}, {"date": "2023-07-12-17-00-00", "latency": 24}, {"date": "2023-07-12-17-00-00", "latency": 24}, {"date": "2023-07-12-17-00-00", "latency": 24}]}, {"location": {"country_code": "us", "region": "Connecticut"}, "game_id": "970338", "values": [{"date": "2023-07-13-02-00-00", "latency": 54}, {"date": "2023-07-13-02-00-00", "latency": 54}, {"date": "2023-07-13-02-00-00", "latency": 54}, {"date": "2023-07-13-02-00-00", "latency": 54}, {"date": "2023-07-13-02-00-00", "latency": 54}, {"date": "2023-07-13-02-00-00", "latency": 54}, {"date": "2023-07-13-02-00-00", "latency": 54}, {"date": "2023-07-13-02-00-00", "latency": 54}]}, {"location": {"country_code": "de", "region": "Saxony-Anhalt"}, "game_id": "970338", "values": [{"date": "2023-07-12-16-00-00", "latency": 39}]}, {"location": {"country_code": "jm", "region": "Kingston", "city": "Kingston"}, "game_id": "970338", "values": [{"date": "2023-07-12-16-00-00", "latency": 45}, {"date": "2023-07-12-16-00-00", "latency": 45}, {"date": "2023-07-12-16-00-00", "latency": 45}, {"date": "2023-07-12-16-00-00", "latency": 45}, {"date": "2023-07-12-16-00-00", "latency": 45}, {"date": "2023-07-12-16-00-00", "latency": 45}, {"date": "2023-07-12-16-00-00", "latency": 45}, {"date": "2023-07-12-16-00-00", "latency": 45}, {"date": "2023-07-12-16-00-00", "latency": 45}, {"date": "2023-07-12-16-00-00", "latency": 45}]}, {"location": {"country_code": "ee"}, "game_id": "970338", "values": [{"date": "2023-07-12-19-00-00", "latency": 58}, {"date": "2023-07-12-19-00-00", "latency": 58}, {"date": "2023-07-12-19-00-00", "latency": 58}, {"date": "2023-07-12-19-00-00", "latency": 58}, {"date": "2023-07-12-19-00-00", "latency": 58}, {"date": "2023-07-12-19-00-00", "latency": 58}, {"date": "2023-07-12-19-00-00", "latency": 58}, {"date": "2023-07-12-19-00-00", "latency": 58}, {"date": "2023-07-12-19-00-00", "latency": 58}, {"date": "2023-07-12-19-00-00", "latency": 58}, {"date": "2023-07-12-19-00-00", "latency": 58}, {"date": "2023-07-12-19-00-00", "latency": 58}, {"date": "2023-07-12-19-00-00", "latency": 58}, {"date": "2023-07-12-19-00-00", "latency": 58}, {"date": "2023-07-12-19-00-00", "latency": 58}, {"date": "2023-07-12-19-00-00", "latency": 58}, {"date": "2023-07-12-19-00-00", "latency": 58}, {"date": "2023-07-12-19-00-00", "latency": 58}, {"date": "2023-07-12-19-00-00", "latency": 58}, {"date": "2023-07-12-19-00-00", "latency": 58}, {"date": "2023-07-12-19-00-00", "latency": 58}, {"date": "2023-07-12-19-00-00", "latency": 58}, {"date": "2023-07-12-19-00-00", "latency": 58}]}, {"location": {"country_code": "pl", "region": "Masovian Voivodeship", "city": "Warsaw"}, "game_id": "970338", "values": [{"date": "2023-07-12-20-00-00", "latency": 41}, {"date": "2023-07-12-20-00-00", "latency": 41}, {"date": "2023-07-12-20-00-00", "latency": 41}, {"date": "2023-07-12-20-00-00", "latency": 41}]}, {"location": {"country_code": "br", "region": "Paraiba", "city": "Santa Rita"}, "game_id": "970338", "values": [{"date": "2023-07-13-02-00-00", "latency": 107}, {"date": "2023-07-13-02-00-00", "latency": 107}, {"date": "2023-07-13-02-00-00", "latency": 107}, {"date": "2023-07-13-02-00-00", "latency": 107}, {"date": "2023-07-13-02-00-00", "latency": 107}, {"date": "2023-07-13-02-00-00", "latency": 107}]}, {"location": {"country_code": "de", "region": "Baden-Wurttemberg", "city": "Tettnang"}, "game_id": "970338", "values": [{"date": "2023-07-12-23-00-00", "latency": 77}, {"date": "2023-07-12-23-00-00", "latency": 77}, {"date": "2023-07-12-23-00-00", "latency": 77}, {"date": "2023-07-12-23-00-00", "latency": 77}, {"date": "2023-07-12-23-00-00", "latency": 77}, {"date": "2023-07-12-23-00-00", "latency": 77}, {"date": "2023-07-12-23-00-00", "latency": 77}, {"date": "2023-07-12-23-00-00", "latency": 77}, {"date": "2023-07-12-23-00-00", "latency": 77}, {"date": "2023-07-12-23-00-00", "latency": 77}, {"date": "2023-07-12-23-00-00", "latency": 77}, {"date": "2023-07-12-23-00-00", "latency": 77}, {"date": "2023-07-12-23-00-00", "latency": 77}, {"date": "2023-07-12-23-00-00", "latency": 77}, {"date": "2023-07-12-23-00-00", "latency": 77}, {"date": "2023-07-12-23-00-00", "latency": 77}, {"date": "2023-07-12-23-00-00", "latency": 77}]}], "last_updated": 1719926524.272735}