{"data": [{"location": {"country_code": "us"}, "game_id": "273486", "values": [{"date": "2023-07-03-07-00-00", "latency": "54"}, {"date": "2023-07-03-07-00-00", "latency": "54"}, {"date": "2023-07-03-07-00-00", "latency": "54"}, {"date": "2023-07-03-07-00-00", "latency": "54"}, {"date": "2023-07-03-07-00-00", "latency": "54"}, {"date": "2023-07-03-07-00-00", "latency": "54"}, {"date": "2023-07-03-07-00-00", "latency": "54"}, {"date": "2023-07-03-07-00-00", "latency": "54"}, {"date": "2023-07-03-07-00-00", "latency": "54"}, {"date": "2023-07-03-07-00-00", "latency": "54"}, {"date": "2023-07-03-07-00-00", "latency": "54"}, {"date": "2023-07-03-07-00-00", "latency": "54"}, {"date": "2023-07-03-09-00-00", "latency": "44"}, {"date": "2023-07-03-09-00-00", "latency": "44"}, {"date": "2023-07-03-09-00-00", "latency": "44"}, {"date": "2023-07-03-09-00-00", "latency": "44"}, {"date": "2023-07-03-09-00-00", "latency": "44"}, {"date": "2023-07-03-09-00-00", "latency": "44"}, {"date": "2023-07-03-09-00-00", "latency": "44"}, {"date": "2023-07-03-09-00-00", "latency": "44"}, {"date": "2023-07-03-09-00-00", "latency": "44"}, {"date": "2023-07-03-09-00-00", "latency": "44"}]}, {"location": {"country_code": "ca"}, "game_id": "273486", "values": [{"date": "2023-07-04-02-00-00", "latency": "98"}, {"date": "2023-07-04-02-00-00", "latency": "98"}, {"date": "2023-07-04-02-00-00", "latency": "98"}, {"date": "2023-07-04-02-00-00", "latency": "98"}]}, {"location": {"country_code": "de"}, "game_id": "273486", "values": [{"date": "2023-07-04-02-00-00", "latency": "74"}, {"date": "2023-07-04-02-00-00", "latency": "74"}, {"date": "2023-07-04-02-00-00", "latency": "74"}, {"date": "2023-07-04-02-00-00", "latency": "74"}, {"date": "2023-07-04-02-00-00", "latency": "74"}, {"date": "2023-07-04-02-00-00", "latency": "74"}, {"date": "2023-07-04-02-00-00", "latency": "74"}]}, {"location": {"country_code": "gb", "region": "England"}, "game_id": "273486", "values": [{"date": "2023-07-03-20-00-00", "latency": "32"}]}, {"location": {"country_code": "us", "region": "Texas"}, "game_id": "273486", "values": [{"date": "2023-07-03-22-00-00", "latency": "15"}, {"date": "2023-07-03-22-00-00", "latency": "15"}, {"date": "2023-07-03-22-00-00", "latency": "15"}, {"date": "2023-07-03-22-00-00", "latency": "15"}, {"date": "2023-07-03-22-00-00", "latency": "15"}, {"date": "2023-07-03-22-00-00", "latency": "15"}, {"date": "2023-07-03-22-00-00", "latency": "15"}, {"date": "2023-07-03-22-00-00", "latency": "15"}, {"date": "2023-07-03-22-00-00", "latency": "15"}, {"date": "2023-07-03-22-00-00", "latency": "15"}, {"date": "2023-07-03-22-00-00", "latency": "15"}, {"date": "2023-07-03-22-00-00", "latency": "15"}, {"date": "2023-07-03-22-00-00", "latency": "15"}, {"date": "2023-07-03-22-00-00", "latency": "15"}, {"date": "2023-07-03-22-00-00", "latency": "15"}, {"date": "2023-07-03-22-00-00", "latency": "15"}, {"date": "2023-07-03-22-00-00", "latency": "15"}, {"date": "2023-07-03-22-00-00", "latency": "15"}, {"date": "2023-07-03-22-00-00", "latency": "15"}, {"date": "2023-07-03-22-00-00", "latency": "15"}]}, {"location": {"country_code": "us", "region": "Florida"}, "game_id": "273486", "values": [{"date": "2023-07-04-01-00-00", "latency": "54"}, {"date": "2023-07-04-01-00-00", "latency": "54"}, {"date": "2023-07-04-01-00-00", "latency": "54"}]}, {"location": {"country_code": "se"}, "game_id": "273486", "values": [{"date": "2023-07-03-20-00-00", "latency": "31"}, {"date": "2023-07-03-20-00-00", "latency": "31"}, {"date": "2023-07-03-20-00-00", "latency": "31"}, {"date": "2023-07-03-20-00-00", "latency": "31"}, {"date": "2023-07-03-20-00-00", "latency": "31"}, {"date": "2023-07-03-20-00-00", "latency": "31"}, {"date": "2023-07-03-20-00-00", "latency": "31"}]}, {"location": {"country_code": "us", "region": "Hawaii"}, "game_id": "273486", "values": [{"date": "2023-07-03-10-00-00", "latency": "0"}, {"date": "2023-07-03-10-00-00", "latency": "0"}, {"date": "2023-07-03-10-00-00", "latency": "0"}, {"date": "2023-07-03-10-00-00", "latency": "0"}, {"date": "2023-07-03-10-00-00", "latency": "0"}, {"date": "2023-07-03-10-00-00", "latency": "0"}, {"date": "2023-07-03-10-00-00", "latency": "0"}, {"date": "2023-07-03-10-00-00", "latency": "0"}, {"date": "2023-07-03-10-00-00", "latency": "0"}, {"date": "2023-07-03-10-00-00", "latency": "0"}, {"date": "2023-07-03-10-00-00", "latency": "0"}, {"date": "2023-07-03-10-00-00", "latency": "0"}, {"date": "2023-07-03-10-00-00", "latency": "0"}, {"date": "2023-07-03-10-00-00", "latency": "0"}, {"date": "2023-07-03-10-00-00", "latency": "0"}, {"date": "2023-07-03-10-00-00", "latency": "0"}, {"date": "2023-07-03-10-00-00", "latency": "0"}]}, {"location": {"country_code": "at"}, "game_id": "273486", "values": [{"date": "2023-07-04-02-00-00", "latency": "32"}, {"date": "2023-07-04-02-00-00", "latency": "32"}, {"date": "2023-07-04-02-00-00", "latency": "32"}, {"date": "2023-07-04-02-00-00", "latency": "32"}, {"date": "2023-07-04-02-00-00", "latency": "32"}, {"date": "2023-07-04-02-00-00", "latency": "32"}, {"date": "2023-07-04-02-00-00", "latency": "32"}, {"date": "2023-07-04-02-00-00", "latency": "32"}, {"date": "2023-07-04-02-00-00", "latency": "32"}, {"date": "2023-07-04-02-00-00", "latency": "32"}, {"date": "2023-07-04-02-00-00", "latency": "32"}, {"date": "2023-07-04-02-00-00", "latency": "32"}]}, {"location": {"country_code": "us", "region": "Massachusetts", "city": "Boston"}, "game_id": "273486", "values": [{"date": "2023-07-03-10-00-00", "latency": "31"}, {"date": "2023-07-03-10-00-00", "latency": "31"}, {"date": "2023-07-03-10-00-00", "latency": "31"}, {"date": "2023-07-03-10-00-00", "latency": "31"}, {"date": "2023-07-03-10-00-00", "latency": "31"}, {"date": "2023-07-03-10-00-00", "latency": "31"}, {"date": "2023-07-03-10-00-00", "latency": "31"}, {"date": "2023-07-03-10-00-00", "latency": "31"}, {"date": "2023-07-03-10-00-00", "latency": "31"}]}, {"location": {"country_code": "ca", "region": "Alberta", "city": "Calgary"}, "game_id": "273486", "values": [{"date": "2023-07-03-03-00-00", "latency": "58"}, {"date": "2023-07-03-03-00-00", "latency": "58"}, {"date": "2023-07-03-03-00-00", "latency": "58"}, {"date": "2023-07-03-03-00-00", "latency": "58"}]}, {"location": {"country_code": "us", "region": "Oregon"}, "game_id": "273486", "values": [{"date": "2023-07-03-09-00-00", "latency": "82"}, {"date": "2023-07-03-09-00-00", "latency": "82"}, {"date": "2023-07-03-09-00-00", "latency": "82"}, {"date": "2023-07-03-09-00-00", "latency": "82"}]}, {"location": {"country_code": "ar", "region": "Buenos Aires", "city": "Temperley"}, "game_id": "273486", "values": [{"date": "2023-07-03-06-00-00", "latency": "3"}]}, {"location": {"country_code": "fr", "region": "Normandy", "city": "Dieppe"}, "game_id": "273486", "values": [{"date": "2023-07-03-03-00-00", "latency": "50"}, {"date": "2023-07-03-03-00-00", "latency": "50"}, {"date": "2023-07-03-03-00-00", "latency": "50"}, {"date": "2023-07-03-03-00-00", "latency": "50"}, {"date": "2023-07-03-03-00-00", "latency": "50"}]}], "last_updated": 1719915094.823851}