{"data": [{"location": {"country_code": "us"}, "game_id": "747108", "values": [{"date": "2023-05-14-16-00-00", "latency": "16"}, {"date": "2023-05-14-12-00-00", "latency": "16"}, {"date": "2023-05-14-12-00-00", "latency": "16"}, {"date": "2023-05-14-12-00-00", "latency": "16"}, {"date": "2023-05-14-12-00-00", "latency": "16"}, {"date": "2023-05-14-12-00-00", "latency": "16"}, {"date": "2023-05-14-12-00-00", "latency": "16"}, {"date": "2023-05-14-12-00-00", "latency": "16"}, {"date": "2023-05-14-12-00-00", "latency": "16"}, {"date": "2023-05-14-12-00-00", "latency": "16"}, {"date": "2023-05-14-08-00-00", "latency": "3"}, {"date": "2023-05-14-06-00-00", "latency": "31"}, {"date": "2023-05-14-06-00-00", "latency": "46"}, {"date": "2023-05-14-06-00-00", "latency": "46"}, {"date": "2023-05-14-06-00-00", "latency": "46"}, {"date": "2023-05-14-06-00-00", "latency": "46"}, {"date": "2023-05-14-06-00-00", "latency": "46"}]}, {"location": {"country_code": "pa"}, "game_id": "747108", "values": [{"date": "2023-05-14-18-00-00", "latency": "94"}, {"date": "2023-05-14-18-00-00", "latency": "94"}, {"date": "2023-05-14-18-00-00", "latency": "94"}, {"date": "2023-05-14-18-00-00", "latency": "94"}, {"date": "2023-05-14-18-00-00", "latency": "94"}, {"date": "2023-05-14-18-00-00", "latency": "94"}, {"date": "2023-05-14-18-00-00", "latency": "94"}, {"date": "2023-05-14-18-00-00", "latency": "94"}, {"date": "2023-05-14-18-00-00", "latency": "94"}, {"date": "2023-05-14-18-00-00", "latency": "94"}, {"date": "2023-05-14-18-00-00", "latency": "94"}, {"date": "2023-05-14-18-00-00", "latency": "94"}, {"date": "2023-05-14-18-00-00", "latency": "94"}, {"date": "2023-05-14-18-00-00", "latency": "94"}, {"date": "2023-05-14-18-00-00", "latency": "94"}, {"date": "2023-05-14-18-00-00", "latency": "94"}, {"date": "2023-05-14-18-00-00", "latency": "94"}, {"date": "2023-05-14-18-00-00", "latency": "94"}, {"date": "2023-05-14-18-00-00", "latency": "94"}, {"date": "2023-05-14-18-00-00", "latency": "94"}, {"date": "2023-05-14-18-00-00", "latency": "94"}, {"date": "2023-05-14-18-00-00", "latency": "94"}, {"date": "2023-05-14-18-00-00", "latency": "94"}, {"date": "2023-05-14-18-00-00", "latency": "94"}, {"date": "2023-05-14-18-00-00", "latency": "94"}, {"date": "2023-05-14-18-00-00", "latency": "94"}, {"date": "2023-05-14-18-00-00", "latency": "94"}, {"date": "2023-05-14-18-00-00", "latency": "94"}, {"date": "2023-05-14-18-00-00", "latency": "94"}, {"date": "2023-05-14-18-00-00", "latency": "94"}, {"date": "2023-05-14-18-00-00", "latency": "94"}, {"date": "2023-05-14-18-00-00", "latency": "94"}, {"date": "2023-05-14-18-00-00", "latency": "94"}, {"date": "2023-05-14-18-00-00", "latency": "94"}, {"date": "2023-05-14-18-00-00", "latency": "94"}, {"date": "2023-05-14-18-00-00", "latency": "94"}, {"date": "2023-05-14-18-00-00", "latency": "94"}, {"date": "2023-05-14-18-00-00", "latency": "94"}, {"date": "2023-05-14-18-00-00", "latency": "94"}, {"date": "2023-05-14-18-00-00", "latency": "94"}, {"date": "2023-05-14-18-00-00", "latency": "94"}, {"date": "2023-05-14-18-00-00", "latency": "94"}, {"date": "2023-05-14-18-00-00", "latency": "94"}]}, {"location": {"country_code": "cz"}, "game_id": "747108", "values": [{"date": "2023-05-14-21-00-00", "latency": "32"}, {"date": "2023-05-14-21-00-00", "latency": "32"}, {"date": "2023-05-14-21-00-00", "latency": "32"}, {"date": "2023-05-14-21-00-00", "latency": "32"}, {"date": "2023-05-14-21-00-00", "latency": "32"}, {"date": "2023-05-14-21-00-00", "latency": "32"}, {"date": "2023-05-14-21-00-00", "latency": "32"}, {"date": "2023-05-14-21-00-00", "latency": "32"}, {"date": "2023-05-14-21-00-00", "latency": "32"}, {"date": "2023-05-14-21-00-00", "latency": "32"}, {"date": "2023-05-14-21-00-00", "latency": "32"}, {"date": "2023-05-14-21-00-00", "latency": "32"}, {"date": "2023-05-14-21-00-00", "latency": "32"}, {"date": "2023-05-14-21-00-00", "latency": "32"}, {"date": "2023-05-14-21-00-00", "latency": "32"}, {"date": "2023-05-14-21-00-00", "latency": "32"}, {"date": "2023-05-14-21-00-00", "latency": "32"}, {"date": "2023-05-14-21-00-00", "latency": "32"}, {"date": "2023-05-14-21-00-00", "latency": "32"}, {"date": "2023-05-14-21-00-00", "latency": "32"}, {"date": "2023-05-14-21-00-00", "latency": "32"}, {"date": "2023-05-14-21-00-00", "latency": "32"}, {"date": "2023-05-14-21-00-00", "latency": "32"}, {"date": "2023-05-14-21-00-00", "latency": "32"}, {"date": "2023-05-14-21-00-00", "latency": "32"}, {"date": "2023-05-14-21-00-00", "latency": "32"}, {"date": "2023-05-14-21-00-00", "latency": "32"}, {"date": "2023-05-14-21-00-00", "latency": "32"}, {"date": "2023-05-14-21-00-00", "latency": "32"}, {"date": "2023-05-14-21-00-00", "latency": "32"}, {"date": "2023-05-14-21-00-00", "latency": "32"}, {"date": "2023-05-14-21-00-00", "latency": "32"}, {"date": "2023-05-14-21-00-00", "latency": "32"}, {"date": "2023-05-14-21-00-00", "latency": "32"}, {"date": "2023-05-14-21-00-00", "latency": "32"}, {"date": "2023-05-14-21-00-00", "latency": "32"}, {"date": "2023-05-14-21-00-00", "latency": "32"}, {"date": "2023-05-14-21-00-00", "latency": "32"}, {"date": "2023-05-14-21-00-00", "latency": "32"}, {"date": "2023-05-14-21-00-00", "latency": "32"}, {"date": "2023-05-14-21-00-00", "latency": "32"}, {"date": "2023-05-14-21-00-00", "latency": "32"}, {"date": "2023-05-14-21-00-00", "latency": "32"}, {"date": "2023-05-14-21-00-00", "latency": "32"}, {"date": "2023-05-14-21-00-00", "latency": "32"}, {"date": "2023-05-14-21-00-00", "latency": "32"}, {"date": "2023-05-14-21-00-00", "latency": "32"}, {"date": "2023-05-14-21-00-00", "latency": "32"}, {"date": "2023-05-14-21-00-00", "latency": "32"}, {"date": "2023-05-14-21-00-00", "latency": "32"}, {"date": "2023-05-14-21-00-00", "latency": "32"}, {"date": "2023-05-14-21-00-00", "latency": "32"}, {"date": "2023-05-14-21-00-00", "latency": "32"}, {"date": "2023-05-14-21-00-00", "latency": "32"}, {"date": "2023-05-14-21-00-00", "latency": "32"}, {"date": "2023-05-14-21-00-00", "latency": "32"}, {"date": "2023-05-14-21-00-00", "latency": "32"}, {"date": "2023-05-14-21-00-00", "latency": "32"}, {"date": "2023-05-14-21-00-00", "latency": "32"}, {"date": "2023-05-14-21-00-00", "latency": "32"}, {"date": "2023-05-14-21-00-00", "latency": "32"}, {"date": "2023-05-14-21-00-00", "latency": "32"}, {"date": "2023-05-14-21-00-00", "latency": "32"}, {"date": "2023-05-14-21-00-00", "latency": "32"}, {"date": "2023-05-14-21-00-00", "latency": "32"}, {"date": "2023-05-14-21-00-00", "latency": "32"}, {"date": "2023-05-14-21-00-00", "latency": "32"}, {"date": "2023-05-14-21-00-00", "latency": "32"}, {"date": "2023-05-14-21-00-00", "latency": "32"}, {"date": "2023-05-14-21-00-00", "latency": "32"}, {"date": "2023-05-14-21-00-00", "latency": "32"}, {"date": "2023-05-14-21-00-00", "latency": "32"}, {"date": "2023-05-14-21-00-00", "latency": "32"}, {"date": "2023-05-14-21-00-00", "latency": "32"}, {"date": "2023-05-14-21-00-00", "latency": "32"}, {"date": "2023-05-14-21-00-00", "latency": "32"}, {"date": "2023-05-14-21-00-00", "latency": "32"}, {"date": "2023-05-14-21-00-00", "latency": "32"}, {"date": "2023-05-14-21-00-00", "latency": "32"}, {"date": "2023-05-14-21-00-00", "latency": "32"}, {"date": "2023-05-14-21-00-00", "latency": "32"}, {"date": "2023-05-14-21-00-00", "latency": "32"}, {"date": "2023-05-14-21-00-00", "latency": "32"}, {"date": "2023-05-14-21-00-00", "latency": "32"}, {"date": "2023-05-14-21-00-00", "latency": "32"}, {"date": "2023-05-14-21-00-00", "latency": "32"}, {"date": "2023-05-14-21-00-00", "latency": "32"}, {"date": "2023-05-14-21-00-00", "latency": "32"}, {"date": "2023-05-14-21-00-00", "latency": "32"}, {"date": "2023-05-14-21-00-00", "latency": "32"}, {"date": "2023-05-14-21-00-00", "latency": "32"}, {"date": "2023-05-14-21-00-00", "latency": "32"}, {"date": "2023-05-14-21-00-00", "latency": "32"}, {"date": "2023-05-14-21-00-00", "latency": "32"}, {"date": "2023-05-14-21-00-00", "latency": "32"}, {"date": "2023-05-14-21-00-00", "latency": "32"}, {"date": "2023-05-14-21-00-00", "latency": "32"}, {"date": "2023-05-14-21-00-00", "latency": "32"}, {"date": "2023-05-14-21-00-00", "latency": "32"}, {"date": "2023-05-14-21-00-00", "latency": "32"}, {"date": "2023-05-14-21-00-00", "latency": "32"}, {"date": "2023-05-14-21-00-00", "latency": "32"}, {"date": "2023-05-14-21-00-00", "latency": "32"}, {"date": "2023-05-14-21-00-00", "latency": "32"}, {"date": "2023-05-14-21-00-00", "latency": "32"}, {"date": "2023-05-14-21-00-00", "latency": "32"}, {"date": "2023-05-14-21-00-00", "latency": "32"}, {"date": "2023-05-14-21-00-00", "latency": "32"}, {"date": "2023-05-14-21-00-00", "latency": "32"}, {"date": "2023-05-14-21-00-00", "latency": "32"}, {"date": "2023-05-14-21-00-00", "latency": "32"}, {"date": "2023-05-14-21-00-00", "latency": "32"}, {"date": "2023-05-14-21-00-00", "latency": "32"}, {"date": "2023-05-14-21-00-00", "latency": "32"}, {"date": "2023-05-14-21-00-00", "latency": "32"}, {"date": "2023-05-14-21-00-00", "latency": "32"}, {"date": "2023-05-14-21-00-00", "latency": "32"}, {"date": "2023-05-14-21-00-00", "latency": "32"}, {"date": "2023-05-14-21-00-00", "latency": "32"}, {"date": "2023-05-14-21-00-00", "latency": "32"}]}, {"location": {"country_code": "ro"}, "game_id": "747108", "values": [{"date": "2023-05-14-18-00-00", "latency": "94"}, {"date": "2023-05-14-23-00-00", "latency": "47"}, {"date": "2023-05-14-23-00-00", "latency": "47"}, {"date": "2023-05-14-23-00-00", "latency": "47"}, {"date": "2023-05-14-23-00-00", "latency": "47"}, {"date": "2023-05-14-23-00-00", "latency": "47"}, {"date": "2023-05-14-23-00-00", "latency": "47"}, {"date": "2023-05-14-23-00-00", "latency": "47"}, {"date": "2023-05-14-23-00-00", "latency": "47"}, {"date": "2023-05-14-23-00-00", "latency": "47"}, {"date": "2023-05-14-23-00-00", "latency": "47"}, {"date": "2023-05-14-23-00-00", "latency": "47"}, {"date": "2023-05-14-23-00-00", "latency": "47"}, {"date": "2023-05-14-23-00-00", "latency": "47"}, {"date": "2023-05-14-23-00-00", "latency": "47"}, {"date": "2023-05-14-23-00-00", "latency": "47"}, {"date": "2023-05-14-23-00-00", "latency": "47"}, {"date": "2023-05-14-23-00-00", "latency": "47"}, {"date": "2023-05-14-23-00-00", "latency": "47"}, {"date": "2023-05-14-23-00-00", "latency": "47"}, {"date": "2023-05-14-23-00-00", "latency": "47"}, {"date": "2023-05-14-23-00-00", "latency": "47"}, {"date": "2023-05-14-23-00-00", "latency": "47"}, {"date": "2023-05-14-23-00-00", "latency": "47"}, {"date": "2023-05-14-23-00-00", "latency": "47"}, {"date": "2023-05-14-23-00-00", "latency": "47"}, {"date": "2023-05-14-23-00-00", "latency": "47"}, {"date": "2023-05-14-23-00-00", "latency": "47"}, {"date": "2023-05-14-23-00-00", "latency": "47"}, {"date": "2023-05-14-23-00-00", "latency": "47"}, {"date": "2023-05-14-23-00-00", "latency": "47"}, {"date": "2023-05-14-23-00-00", "latency": "47"}, {"date": "2023-05-14-23-00-00", "latency": "47"}, {"date": "2023-05-14-23-00-00", "latency": "47"}, {"date": "2023-05-14-23-00-00", "latency": "47"}, {"date": "2023-05-14-23-00-00", "latency": "47"}, {"date": "2023-05-14-23-00-00", "latency": "47"}, {"date": "2023-05-14-23-00-00", "latency": "47"}, {"date": "2023-05-14-23-00-00", "latency": "47"}, {"date": "2023-05-14-23-00-00", "latency": "47"}, {"date": "2023-05-14-23-00-00", "latency": "47"}, {"date": "2023-05-14-23-00-00", "latency": "47"}, {"date": "2023-05-14-23-00-00", "latency": "47"}, {"date": "2023-05-14-23-00-00", "latency": "47"}, {"date": "2023-05-14-23-00-00", "latency": "47"}, {"date": "2023-05-14-23-00-00", "latency": "47"}, {"date": "2023-05-14-23-00-00", "latency": "47"}, {"date": "2023-05-14-23-00-00", "latency": "47"}, {"date": "2023-05-14-23-00-00", "latency": "47"}, {"date": "2023-05-14-23-00-00", "latency": "47"}, {"date": "2023-05-14-23-00-00", "latency": "47"}, {"date": "2023-05-14-23-00-00", "latency": "47"}, {"date": "2023-05-14-23-00-00", "latency": "47"}, {"date": "2023-05-14-23-00-00", "latency": "47"}, {"date": "2023-05-14-23-00-00", "latency": "47"}, {"date": "2023-05-14-23-00-00", "latency": "47"}, {"date": "2023-05-14-23-00-00", "latency": "47"}, {"date": "2023-05-14-23-00-00", "latency": "47"}, {"date": "2023-05-14-23-00-00", "latency": "47"}, {"date": "2023-05-14-23-00-00", "latency": "47"}, {"date": "2023-05-14-23-00-00", "latency": "47"}, {"date": "2023-05-14-23-00-00", "latency": "47"}, {"date": "2023-05-14-23-00-00", "latency": "47"}, {"date": "2023-05-14-23-00-00", "latency": "47"}, {"date": "2023-05-14-23-00-00", "latency": "47"}, {"date": "2023-05-14-23-00-00", "latency": "47"}, {"date": "2023-05-14-23-00-00", "latency": "47"}, {"date": "2023-05-14-23-00-00", "latency": "47"}, {"date": "2023-05-14-23-00-00", "latency": "47"}]}, {"location": {"country_code": "ca"}, "game_id": "747108", "values": [{"date": "2023-05-14-10-00-00", "latency": "47"}, {"date": "2023-05-14-10-00-00", "latency": "47"}, {"date": "2023-05-14-10-00-00", "latency": "47"}, {"date": "2023-05-14-10-00-00", "latency": "47"}, {"date": "2023-05-14-10-00-00", "latency": "47"}, {"date": "2023-05-14-10-00-00", "latency": "47"}, {"date": "2023-05-14-10-00-00", "latency": "47"}, {"date": "2023-05-14-10-00-00", "latency": "47"}, {"date": "2023-05-14-10-00-00", "latency": "47"}, {"date": "2023-05-14-10-00-00", "latency": "47"}, {"date": "2023-05-14-10-00-00", "latency": "47"}, {"date": "2023-05-14-10-00-00", "latency": "47"}, {"date": "2023-05-14-10-00-00", "latency": "47"}, {"date": "2023-05-14-10-00-00", "latency": "47"}, {"date": "2023-05-14-10-00-00", "latency": "47"}, {"date": "2023-05-14-10-00-00", "latency": "47"}, {"date": "2023-05-14-10-00-00", "latency": "47"}, {"date": "2023-05-14-10-00-00", "latency": "47"}, {"date": "2023-05-14-10-00-00", "latency": "47"}, {"date": "2023-05-14-10-00-00", "latency": "47"}, {"date": "2023-05-14-10-00-00", "latency": "47"}, {"date": "2023-05-14-10-00-00", "latency": "47"}, {"date": "2023-05-14-10-00-00", "latency": "47"}, {"date": "2023-05-14-10-00-00", "latency": "47"}, {"date": "2023-05-14-10-00-00", "latency": "47"}, {"date": "2023-05-14-10-00-00", "latency": "47"}, {"date": "2023-05-14-10-00-00", "latency": "47"}, {"date": "2023-05-14-10-00-00", "latency": "47"}, {"date": "2023-05-14-10-00-00", "latency": "47"}, {"date": "2023-05-14-10-00-00", "latency": "47"}, {"date": "2023-05-14-10-00-00", "latency": "47"}, {"date": "2023-05-14-10-00-00", "latency": "47"}, {"date": "2023-05-14-10-00-00", "latency": "47"}, {"date": "2023-05-14-10-00-00", "latency": "47"}, {"date": "2023-05-14-10-00-00", "latency": "47"}, {"date": "2023-05-14-10-00-00", "latency": "47"}, {"date": "2023-05-14-10-00-00", "latency": "47"}, {"date": "2023-05-14-10-00-00", "latency": "47"}, {"date": "2023-05-14-10-00-00", "latency": "47"}, {"date": "2023-05-14-10-00-00", "latency": "47"}, {"date": "2023-05-14-10-00-00", "latency": "47"}, {"date": "2023-05-14-10-00-00", "latency": "47"}, {"date": "2023-05-14-10-00-00", "latency": "47"}, {"date": "2023-05-14-10-00-00", "latency": "47"}, {"date": "2023-05-14-10-00-00", "latency": "47"}, {"date": "2023-05-14-10-00-00", "latency": "47"}, {"date": "2023-05-14-10-00-00", "latency": "47"}, {"date": "2023-05-14-10-00-00", "latency": "47"}, {"date": "2023-05-14-10-00-00", "latency": "47"}, {"date": "2023-05-14-10-00-00", "latency": "47"}, {"date": "2023-05-14-10-00-00", "latency": "47"}, {"date": "2023-05-14-10-00-00", "latency": "47"}, {"date": "2023-05-14-10-00-00", "latency": "47"}, {"date": "2023-05-14-10-00-00", "latency": "47"}, {"date": "2023-05-14-10-00-00", "latency": "47"}, {"date": "2023-05-14-10-00-00", "latency": "47"}, {"date": "2023-05-14-10-00-00", "latency": "47"}, {"date": "2023-05-14-10-00-00", "latency": "47"}, {"date": "2023-05-14-10-00-00", "latency": "47"}, {"date": "2023-05-14-10-00-00", "latency": "47"}, {"date": "2023-05-14-10-00-00", "latency": "47"}, {"date": "2023-05-14-10-00-00", "latency": "47"}, {"date": "2023-05-14-10-00-00", "latency": "47"}, {"date": "2023-05-14-10-00-00", "latency": "47"}, {"date": "2023-05-14-10-00-00", "latency": "47"}, {"date": "2023-05-14-10-00-00", "latency": "47"}, {"date": "2023-05-14-10-00-00", "latency": "47"}, {"date": "2023-05-14-10-00-00", "latency": "47"}, {"date": "2023-05-14-10-00-00", "latency": "47"}, {"date": "2023-05-14-10-00-00", "latency": "47"}, {"date": "2023-05-14-10-00-00", "latency": "47"}, {"date": "2023-05-14-10-00-00", "latency": "47"}, {"date": "2023-05-14-10-00-00", "latency": "47"}]}, {"location": {"country_code": "ca", "region": "Ontario"}, "game_id": "747108", "values": [{"date": "2023-05-15-02-00-00", "latency": "31"}, {"date": "2023-05-15-02-00-00", "latency": "31"}, {"date": "2023-05-15-02-00-00", "latency": "31"}, {"date": "2023-05-15-02-00-00", "latency": "31"}, {"date": "2023-05-15-02-00-00", "latency": "31"}, {"date": "2023-05-15-02-00-00", "latency": "31"}, {"date": "2023-05-15-02-00-00", "latency": "31"}, {"date": "2023-05-15-02-00-00", "latency": "31"}, {"date": "2023-05-15-02-00-00", "latency": "31"}, {"date": "2023-05-15-02-00-00", "latency": "31"}, {"date": "2023-05-15-02-00-00", "latency": "31"}, {"date": "2023-05-15-02-00-00", "latency": "31"}, {"date": "2023-05-15-02-00-00", "latency": "31"}, {"date": "2023-05-15-02-00-00", "latency": "31"}]}, {"location": {"country_code": "de"}, "game_id": "747108", "values": [{"date": "2023-05-14-02-00-00", "latency": "15"}, {"date": "2023-05-14-02-00-00", "latency": "15"}, {"date": "2023-05-14-02-00-00", "latency": "15"}, {"date": "2023-05-14-02-00-00", "latency": "15"}, {"date": "2023-05-14-02-00-00", "latency": "15"}, {"date": "2023-05-14-02-00-00", "latency": "15"}, {"date": "2023-05-14-02-00-00", "latency": "15"}, {"date": "2023-05-14-02-00-00", "latency": "15"}, {"date": "2023-05-14-02-00-00", "latency": "15"}, {"date": "2023-05-14-02-00-00", "latency": "15"}, {"date": "2023-05-14-02-00-00", "latency": "15"}, {"date": "2023-05-14-02-00-00", "latency": "15"}, {"date": "2023-05-14-02-00-00", "latency": "15"}, {"date": "2023-05-14-02-00-00", "latency": "15"}, {"date": "2023-05-14-02-00-00", "latency": "15"}, {"date": "2023-05-14-02-00-00", "latency": "15"}, {"date": "2023-05-14-02-00-00", "latency": "15"}, {"date": "2023-05-14-02-00-00", "latency": "15"}, {"date": "2023-05-14-02-00-00", "latency": "15"}, {"date": "2023-05-14-02-00-00", "latency": "15"}, {"date": "2023-05-14-02-00-00", "latency": "15"}, {"date": "2023-05-14-02-00-00", "latency": "15"}, {"date": "2023-05-14-02-00-00", "latency": "15"}, {"date": "2023-05-14-02-00-00", "latency": "15"}, {"date": "2023-05-14-02-00-00", "latency": "15"}, {"date": "2023-05-14-15-00-00", "latency": "94"}]}, {"location": {"country_code": "ph"}, "game_id": "747108", "values": [{"date": "2023-05-14-03-00-00", "latency": "2"}, {"date": "2023-05-14-03-00-00", "latency": "2"}, {"date": "2023-05-14-03-00-00", "latency": "2"}, {"date": "2023-05-14-03-00-00", "latency": "2"}, {"date": "2023-05-14-03-00-00", "latency": "2"}, {"date": "2023-05-14-03-00-00", "latency": "2"}, {"date": "2023-05-14-08-00-00", "latency": "14"}, {"date": "2023-05-14-08-00-00", "latency": "14"}, {"date": "2023-05-14-08-00-00", "latency": "14"}, {"date": "2023-05-14-08-00-00", "latency": "14"}, {"date": "2023-05-14-08-00-00", "latency": "14"}, {"date": "2023-05-14-08-00-00", "latency": "14"}, {"date": "2023-05-14-08-00-00", "latency": "14"}, {"date": "2023-05-14-08-00-00", "latency": "14"}, {"date": "2023-05-14-08-00-00", "latency": "14"}, {"date": "2023-05-14-08-00-00", "latency": "14"}, {"date": "2023-05-14-08-00-00", "latency": "14"}, {"date": "2023-05-14-08-00-00", "latency": "14"}, {"date": "2023-05-14-08-00-00", "latency": "14"}, {"date": "2023-05-14-08-00-00", "latency": "14"}, {"date": "2023-05-14-08-00-00", "latency": "14"}, {"date": "2023-05-14-08-00-00", "latency": "14"}, {"date": "2023-05-14-08-00-00", "latency": "14"}, {"date": "2023-05-14-08-00-00", "latency": "14"}, {"date": "2023-05-14-08-00-00", "latency": "14"}, {"date": "2023-05-14-08-00-00", "latency": "14"}, {"date": "2023-05-14-08-00-00", "latency": "14"}, {"date": "2023-05-14-08-00-00", "latency": "14"}, {"date": "2023-05-14-08-00-00", "latency": "14"}, {"date": "2023-05-14-08-00-00", "latency": "14"}, {"date": "2023-05-14-08-00-00", "latency": "14"}, {"date": "2023-05-14-08-00-00", "latency": "14"}, {"date": "2023-05-14-08-00-00", "latency": "14"}, {"date": "2023-05-14-08-00-00", "latency": "14"}, {"date": "2023-05-14-08-00-00", "latency": "14"}, {"date": "2023-05-14-08-00-00", "latency": "14"}, {"date": "2023-05-14-08-00-00", "latency": "14"}, {"date": "2023-05-14-08-00-00", "latency": "14"}, {"date": "2023-05-14-08-00-00", "latency": "14"}, {"date": "2023-05-14-08-00-00", "latency": "14"}, {"date": "2023-05-14-08-00-00", "latency": "14"}]}, {"location": {"country_code": "mx"}, "game_id": "747108", "values": [{"date": "2023-05-14-08-00-00", "latency": "78"}, {"date": "2023-05-14-08-00-00", "latency": "78"}, {"date": "2023-05-14-08-00-00", "latency": "78"}, {"date": "2023-05-14-08-00-00", "latency": "78"}, {"date": "2023-05-14-08-00-00", "latency": "78"}, {"date": "2023-05-14-08-00-00", "latency": "78"}, {"date": "2023-05-14-08-00-00", "latency": "78"}, {"date": "2023-05-14-08-00-00", "latency": "78"}, {"date": "2023-05-14-08-00-00", "latency": "78"}, {"date": "2023-05-14-08-00-00", "latency": "78"}, {"date": "2023-05-14-08-00-00", "latency": "78"}, {"date": "2023-05-14-08-00-00", "latency": "78"}, {"date": "2023-05-14-08-00-00", "latency": "78"}, {"date": "2023-05-14-08-00-00", "latency": "78"}, {"date": "2023-05-14-08-00-00", "latency": "78"}, {"date": "2023-05-14-08-00-00", "latency": "78"}, {"date": "2023-05-14-08-00-00", "latency": "78"}, {"date": "2023-05-14-08-00-00", "latency": "78"}, {"date": "2023-05-14-08-00-00", "latency": "78"}, {"date": "2023-05-14-08-00-00", "latency": "78"}, {"date": "2023-05-14-08-00-00", "latency": "78"}, {"date": "2023-05-14-08-00-00", "latency": "78"}, {"date": "2023-05-14-08-00-00", "latency": "78"}, {"date": "2023-05-14-08-00-00", "latency": "78"}, {"date": "2023-05-14-08-00-00", "latency": "78"}, {"date": "2023-05-14-08-00-00", "latency": "78"}, {"date": "2023-05-14-08-00-00", "latency": "78"}, {"date": "2023-05-14-08-00-00", "latency": "78"}, {"date": "2023-05-14-08-00-00", "latency": "78"}, {"date": "2023-05-14-08-00-00", "latency": "78"}, {"date": "2023-05-14-08-00-00", "latency": "78"}, {"date": "2023-05-14-08-00-00", "latency": "78"}, {"date": "2023-05-14-08-00-00", "latency": "78"}, {"date": "2023-05-14-08-00-00", "latency": "78"}, {"date": "2023-05-14-08-00-00", "latency": "78"}, {"date": "2023-05-14-08-00-00", "latency": "78"}, {"date": "2023-05-14-08-00-00", "latency": "78"}, {"date": "2023-05-14-08-00-00", "latency": "78"}, {"date": "2023-05-14-08-00-00", "latency": "78"}, {"date": "2023-05-14-08-00-00", "latency": "78"}, {"date": "2023-05-14-02-00-00", "latency": "63"}, {"date": "2023-05-14-02-00-00", "latency": "63"}, {"date": "2023-05-14-02-00-00", "latency": "63"}, {"date": "2023-05-14-07-00-00", "latency": "4"}, {"date": "2023-05-14-07-00-00", "latency": "4"}, {"date": "2023-05-14-07-00-00", "latency": "4"}, {"date": "2023-05-14-07-00-00", "latency": "4"}, {"date": "2023-05-14-07-00-00", "latency": "4"}, {"date": "2023-05-14-07-00-00", "latency": "4"}, {"date": "2023-05-14-07-00-00", "latency": "4"}, {"date": "2023-05-14-07-00-00", "latency": "4"}, {"date": "2023-05-14-07-00-00", "latency": "4"}, {"date": "2023-05-14-07-00-00", "latency": "4"}, {"date": "2023-05-14-07-00-00", "latency": "4"}, {"date": "2023-05-14-07-00-00", "latency": "4"}, {"date": "2023-05-14-07-00-00", "latency": "4"}, {"date": "2023-05-14-07-00-00", "latency": "4"}, {"date": "2023-05-14-07-00-00", "latency": "4"}, {"date": "2023-05-14-07-00-00", "latency": "4"}, {"date": "2023-05-14-07-00-00", "latency": "4"}, {"date": "2023-05-14-07-00-00", "latency": "4"}, {"date": "2023-05-14-07-00-00", "latency": "4"}, {"date": "2023-05-14-07-00-00", "latency": "4"}, {"date": "2023-05-14-07-00-00", "latency": "4"}, {"date": "2023-05-14-07-00-00", "latency": "4"}, {"date": "2023-05-14-07-00-00", "latency": "4"}, {"date": "2023-05-14-07-00-00", "latency": "4"}, {"date": "2023-05-14-07-00-00", "latency": "4"}, {"date": "2023-05-14-07-00-00", "latency": "4"}, {"date": "2023-05-14-07-00-00", "latency": "4"}, {"date": "2023-05-14-07-00-00", "latency": "4"}, {"date": "2023-05-14-07-00-00", "latency": "4"}, {"date": "2023-05-14-07-00-00", "latency": "4"}, {"date": "2023-05-14-07-00-00", "latency": "4"}, {"date": "2023-05-14-07-00-00", "latency": "4"}, {"date": "2023-05-14-07-00-00", "latency": "4"}, {"date": "2023-05-14-07-00-00", "latency": "4"}, {"date": "2023-05-14-07-00-00", "latency": "4"}, {"date": "2023-05-14-07-00-00", "latency": "4"}, {"date": "2023-05-14-07-00-00", "latency": "4"}, {"date": "2023-05-14-07-00-00", "latency": "4"}, {"date": "2023-05-14-07-00-00", "latency": "4"}]}, {"location": {"country_code": "in"}, "game_id": "747108", "values": [{"date": "2023-05-14-17-00-00", "latency": "156"}, {"date": "2023-05-14-17-00-00", "latency": "156"}, {"date": "2023-05-14-17-00-00", "latency": "156"}, {"date": "2023-05-14-17-00-00", "latency": "156"}, {"date": "2023-05-14-17-00-00", "latency": "156"}, {"date": "2023-05-14-17-00-00", "latency": "156"}, {"date": "2023-05-14-17-00-00", "latency": "156"}, {"date": "2023-05-14-17-00-00", "latency": "156"}, {"date": "2023-05-14-17-00-00", "latency": "156"}, {"date": "2023-05-14-17-00-00", "latency": "156"}, {"date": "2023-05-14-17-00-00", "latency": "156"}, {"date": "2023-05-14-17-00-00", "latency": "156"}, {"date": "2023-05-14-17-00-00", "latency": "156"}, {"date": "2023-05-14-17-00-00", "latency": "156"}, {"date": "2023-05-14-17-00-00", "latency": "156"}, {"date": "2023-05-14-17-00-00", "latency": "156"}, {"date": "2023-05-14-17-00-00", "latency": "156"}, {"date": "2023-05-14-17-00-00", "latency": "156"}, {"date": "2023-05-14-17-00-00", "latency": "156"}, {"date": "2023-05-14-17-00-00", "latency": "156"}, {"date": "2023-05-14-17-00-00", "latency": "156"}, {"date": "2023-05-14-17-00-00", "latency": "156"}, {"date": "2023-05-14-17-00-00", "latency": "156"}, {"date": "2023-05-14-17-00-00", "latency": "156"}, {"date": "2023-05-14-17-00-00", "latency": "156"}, {"date": "2023-05-14-17-00-00", "latency": "156"}, {"date": "2023-05-14-17-00-00", "latency": "156"}, {"date": "2023-05-14-17-00-00", "latency": "156"}, {"date": "2023-05-14-17-00-00", "latency": "156"}, {"date": "2023-05-14-17-00-00", "latency": "156"}, {"date": "2023-05-14-17-00-00", "latency": "156"}, {"date": "2023-05-14-17-00-00", "latency": "156"}, {"date": "2023-05-14-17-00-00", "latency": "156"}, {"date": "2023-05-14-17-00-00", "latency": "156"}]}, {"location": {"country_code": "br"}, "game_id": "747108", "values": [{"date": "2023-05-14-14-00-00", "latency": "1"}, {"date": "2023-05-14-14-00-00", "latency": "1"}, {"date": "2023-05-14-14-00-00", "latency": "1"}, {"date": "2023-05-14-14-00-00", "latency": "1"}, {"date": "2023-05-14-14-00-00", "latency": "1"}, {"date": "2023-05-14-14-00-00", "latency": "1"}, {"date": "2023-05-14-14-00-00", "latency": "1"}, {"date": "2023-05-14-14-00-00", "latency": "1"}, {"date": "2023-05-14-14-00-00", "latency": "1"}, {"date": "2023-05-14-14-00-00", "latency": "1"}, {"date": "2023-05-14-14-00-00", "latency": "1"}, {"date": "2023-05-14-14-00-00", "latency": "1"}, {"date": "2023-05-14-14-00-00", "latency": "1"}, {"date": "2023-05-14-14-00-00", "latency": "1"}, {"date": "2023-05-14-14-00-00", "latency": "1"}, {"date": "2023-05-14-14-00-00", "latency": "1"}, {"date": "2023-05-14-14-00-00", "latency": "1"}, {"date": "2023-05-14-14-00-00", "latency": "1"}, {"date": "2023-05-14-14-00-00", "latency": "1"}, {"date": "2023-05-14-22-00-00", "latency": "32"}, {"date": "2023-05-14-22-00-00", "latency": "32"}, {"date": "2023-05-14-22-00-00", "latency": "32"}, {"date": "2023-05-14-22-00-00", "latency": "32"}, {"date": "2023-05-14-22-00-00", "latency": "32"}, {"date": "2023-05-14-22-00-00", "latency": "32"}, {"date": "2023-05-14-22-00-00", "latency": "32"}, {"date": "2023-05-14-22-00-00", "latency": "32"}, {"date": "2023-05-14-22-00-00", "latency": "32"}, {"date": "2023-05-14-22-00-00", "latency": "32"}, {"date": "2023-05-14-22-00-00", "latency": "32"}, {"date": "2023-05-14-22-00-00", "latency": "32"}, {"date": "2023-05-14-22-00-00", "latency": "32"}, {"date": "2023-05-14-22-00-00", "latency": "32"}, {"date": "2023-05-14-22-00-00", "latency": "32"}, {"date": "2023-05-14-22-00-00", "latency": "32"}, {"date": "2023-05-14-22-00-00", "latency": "32"}, {"date": "2023-05-14-22-00-00", "latency": "32"}, {"date": "2023-05-14-22-00-00", "latency": "32"}, {"date": "2023-05-14-22-00-00", "latency": "32"}, {"date": "2023-05-14-22-00-00", "latency": "32"}, {"date": "2023-05-14-22-00-00", "latency": "32"}, {"date": "2023-05-14-22-00-00", "latency": "32"}, {"date": "2023-05-14-22-00-00", "latency": "32"}, {"date": "2023-05-14-22-00-00", "latency": "32"}, {"date": "2023-05-14-22-00-00", "latency": "32"}, {"date": "2023-05-14-22-00-00", "latency": "32"}, {"date": "2023-05-14-22-00-00", "latency": "32"}, {"date": "2023-05-14-22-00-00", "latency": "32"}, {"date": "2023-05-14-22-00-00", "latency": "32"}, {"date": "2023-05-14-22-00-00", "latency": "32"}, {"date": "2023-05-14-22-00-00", "latency": "32"}, {"date": "2023-05-14-22-00-00", "latency": "32"}, {"date": "2023-05-14-22-00-00", "latency": "32"}, {"date": "2023-05-14-22-00-00", "latency": "32"}, {"date": "2023-05-14-22-00-00", "latency": "32"}, {"date": "2023-05-14-22-00-00", "latency": "32"}, {"date": "2023-05-14-22-00-00", "latency": "32"}, {"date": "2023-05-14-21-00-00", "latency": "47"}, {"date": "2023-05-14-21-00-00", "latency": "47"}, {"date": "2023-05-14-21-00-00", "latency": "47"}, {"date": "2023-05-14-21-00-00", "latency": "47"}, {"date": "2023-05-14-21-00-00", "latency": "47"}, {"date": "2023-05-14-21-00-00", "latency": "47"}, {"date": "2023-05-14-21-00-00", "latency": "47"}, {"date": "2023-05-14-21-00-00", "latency": "47"}, {"date": "2023-05-14-21-00-00", "latency": "47"}, {"date": "2023-05-14-21-00-00", "latency": "47"}, {"date": "2023-05-14-21-00-00", "latency": "47"}, {"date": "2023-05-14-21-00-00", "latency": "47"}, {"date": "2023-05-14-21-00-00", "latency": "47"}, {"date": "2023-05-14-21-00-00", "latency": "47"}, {"date": "2023-05-14-21-00-00", "latency": "47"}, {"date": "2023-05-14-21-00-00", "latency": "47"}, {"date": "2023-05-14-21-00-00", "latency": "47"}, {"date": "2023-05-14-21-00-00", "latency": "47"}, {"date": "2023-05-14-21-00-00", "latency": "47"}, {"date": "2023-05-14-21-00-00", "latency": "47"}, {"date": "2023-05-14-21-00-00", "latency": "47"}, {"date": "2023-05-14-21-00-00", "latency": "47"}, {"date": "2023-05-14-21-00-00", "latency": "47"}, {"date": "2023-05-14-21-00-00", "latency": "47"}, {"date": "2023-05-14-21-00-00", "latency": "47"}, {"date": "2023-05-14-21-00-00", "latency": "47"}, {"date": "2023-05-14-21-00-00", "latency": "47"}, {"date": "2023-05-14-21-00-00", "latency": "47"}, {"date": "2023-05-14-21-00-00", "latency": "47"}, {"date": "2023-05-14-21-00-00", "latency": "47"}, {"date": "2023-05-14-21-00-00", "latency": "47"}, {"date": "2023-05-14-21-00-00", "latency": "47"}, {"date": "2023-05-14-21-00-00", "latency": "47"}, {"date": "2023-05-14-21-00-00", "latency": "47"}, {"date": "2023-05-14-21-00-00", "latency": "47"}, {"date": "2023-05-14-21-00-00", "latency": "47"}, {"date": "2023-05-14-21-00-00", "latency": "47"}, {"date": "2023-05-14-21-00-00", "latency": "47"}, {"date": "2023-05-14-21-00-00", "latency": "47"}, {"date": "2023-05-14-21-00-00", "latency": "47"}, {"date": "2023-05-14-21-00-00", "latency": "47"}, {"date": "2023-05-14-21-00-00", "latency": "47"}, {"date": "2023-05-14-21-00-00", "latency": "47"}, {"date": "2023-05-14-21-00-00", "latency": "47"}, {"date": "2023-05-14-21-00-00", "latency": "47"}, {"date": "2023-05-14-21-00-00", "latency": "47"}, {"date": "2023-05-14-21-00-00", "latency": "47"}, {"date": "2023-05-14-21-00-00", "latency": "47"}, {"date": "2023-05-14-21-00-00", "latency": "47"}, {"date": "2023-05-14-21-00-00", "latency": "47"}, {"date": "2023-05-14-21-00-00", "latency": "47"}, {"date": "2023-05-14-21-00-00", "latency": "47"}, {"date": "2023-05-14-21-00-00", "latency": "47"}, {"date": "2023-05-14-21-00-00", "latency": "47"}, {"date": "2023-05-14-21-00-00", "latency": "47"}, {"date": "2023-05-14-21-00-00", "latency": "47"}, {"date": "2023-05-14-21-00-00", "latency": "47"}, {"date": "2023-05-14-21-00-00", "latency": "47"}, {"date": "2023-05-14-21-00-00", "latency": "47"}, {"date": "2023-05-14-21-00-00", "latency": "47"}, {"date": "2023-05-14-21-00-00", "latency": "47"}, {"date": "2023-05-14-21-00-00", "latency": "47"}, {"date": "2023-05-14-21-00-00", "latency": "47"}, {"date": "2023-05-14-21-00-00", "latency": "47"}, {"date": "2023-05-14-02-00-00", "latency": "16"}, {"date": "2023-05-14-05-00-00", "latency": "3"}]}, {"location": {"country_code": "br", "region": "Sao Paulo", "city": "Apiai"}, "game_id": "747108", "values": [{"date": "2023-05-14-03-00-00", "latency": "16"}, {"date": "2023-05-14-03-00-00", "latency": "16"}, {"date": "2023-05-14-03-00-00", "latency": "16"}, {"date": "2023-05-14-03-00-00", "latency": "16"}, {"date": "2023-05-14-03-00-00", "latency": "16"}, {"date": "2023-05-14-03-00-00", "latency": "16"}, {"date": "2023-05-14-03-00-00", "latency": "16"}, {"date": "2023-05-14-03-00-00", "latency": "16"}, {"date": "2023-05-14-03-00-00", "latency": "16"}, {"date": "2023-05-14-03-00-00", "latency": "16"}, {"date": "2023-05-14-03-00-00", "latency": "16"}, {"date": "2023-05-14-03-00-00", "latency": "16"}, {"date": "2023-05-14-03-00-00", "latency": "16"}, {"date": "2023-05-14-03-00-00", "latency": "16"}, {"date": "2023-05-14-03-00-00", "latency": "16"}, {"date": "2023-05-14-03-00-00", "latency": "16"}, {"date": "2023-05-14-03-00-00", "latency": "16"}, {"date": "2023-05-14-03-00-00", "latency": "16"}, {"date": "2023-05-15-01-00-00", "latency": "1"}, {"date": "2023-05-15-01-00-00", "latency": "1"}, {"date": "2023-05-15-01-00-00", "latency": "1"}, {"date": "2023-05-15-01-00-00", "latency": "1"}, {"date": "2023-05-15-01-00-00", "latency": "1"}, {"date": "2023-05-15-01-00-00", "latency": "1"}, {"date": "2023-05-15-01-00-00", "latency": "1"}, {"date": "2023-05-15-01-00-00", "latency": "1"}, {"date": "2023-05-15-01-00-00", "latency": "1"}, {"date": "2023-05-15-01-00-00", "latency": "1"}, {"date": "2023-05-15-01-00-00", "latency": "1"}, {"date": "2023-05-15-01-00-00", "latency": "1"}, {"date": "2023-05-15-01-00-00", "latency": "1"}, {"date": "2023-05-15-01-00-00", "latency": "1"}, {"date": "2023-05-15-01-00-00", "latency": "1"}, {"date": "2023-05-15-01-00-00", "latency": "1"}, {"date": "2023-05-15-01-00-00", "latency": "1"}, {"date": "2023-05-15-01-00-00", "latency": "1"}, {"date": "2023-05-15-01-00-00", "latency": "1"}, {"date": "2023-05-15-01-00-00", "latency": "1"}, {"date": "2023-05-15-01-00-00", "latency": "1"}, {"date": "2023-05-15-01-00-00", "latency": "1"}, {"date": "2023-05-15-01-00-00", "latency": "1"}, {"date": "2023-05-15-01-00-00", "latency": "1"}, {"date": "2023-05-15-01-00-00", "latency": "1"}, {"date": "2023-05-15-01-00-00", "latency": "1"}, {"date": "2023-05-15-01-00-00", "latency": "1"}, {"date": "2023-05-15-01-00-00", "latency": "1"}, {"date": "2023-05-15-01-00-00", "latency": "1"}, {"date": "2023-05-15-01-00-00", "latency": "1"}, {"date": "2023-05-15-01-00-00", "latency": "1"}, {"date": "2023-05-15-01-00-00", "latency": "1"}, {"date": "2023-05-15-01-00-00", "latency": "1"}, {"date": "2023-05-15-01-00-00", "latency": "1"}, {"date": "2023-05-15-01-00-00", "latency": "1"}, {"date": "2023-05-15-01-00-00", "latency": "1"}, {"date": "2023-05-15-01-00-00", "latency": "1"}, {"date": "2023-05-15-01-00-00", "latency": "1"}, {"date": "2023-05-15-01-00-00", "latency": "1"}, {"date": "2023-05-15-01-00-00", "latency": "1"}, {"date": "2023-05-15-01-00-00", "latency": "1"}, {"date": "2023-05-15-01-00-00", "latency": "1"}, {"date": "2023-05-15-01-00-00", "latency": "1"}, {"date": "2023-05-15-01-00-00", "latency": "1"}, {"date": "2023-05-15-01-00-00", "latency": "1"}, {"date": "2023-05-15-01-00-00", "latency": "1"}, {"date": "2023-05-15-01-00-00", "latency": "1"}, {"date": "2023-05-15-01-00-00", "latency": "1"}, {"date": "2023-05-15-01-00-00", "latency": "1"}, {"date": "2023-05-15-01-00-00", "latency": "1"}, {"date": "2023-05-15-01-00-00", "latency": "1"}, {"date": "2023-05-15-01-00-00", "latency": "1"}, {"date": "2023-05-15-01-00-00", "latency": "1"}, {"date": "2023-05-15-01-00-00", "latency": "1"}, {"date": "2023-05-15-01-00-00", "latency": "1"}, {"date": "2023-05-15-01-00-00", "latency": "1"}, {"date": "2023-05-15-01-00-00", "latency": "1"}, {"date": "2023-05-15-01-00-00", "latency": "1"}, {"date": "2023-05-15-01-00-00", "latency": "1"}, {"date": "2023-05-15-01-00-00", "latency": "1"}, {"date": "2023-05-15-01-00-00", "latency": "1"}, {"date": "2023-05-15-01-00-00", "latency": "1"}, {"date": "2023-05-15-01-00-00", "latency": "1"}, {"date": "2023-05-15-01-00-00", "latency": "1"}, {"date": "2023-05-15-01-00-00", "latency": "1"}, {"date": "2023-05-15-01-00-00", "latency": "1"}, {"date": "2023-05-15-01-00-00", "latency": "1"}, {"date": "2023-05-15-01-00-00", "latency": "1"}, {"date": "2023-05-15-01-00-00", "latency": "1"}]}, {"location": {"country_code": "se"}, "game_id": "747108", "values": [{"date": "2023-05-14-15-00-00", "latency": "16"}, {"date": "2023-05-14-15-00-00", "latency": "16"}, {"date": "2023-05-14-15-00-00", "latency": "16"}, {"date": "2023-05-14-15-00-00", "latency": "16"}, {"date": "2023-05-14-15-00-00", "latency": "16"}, {"date": "2023-05-14-15-00-00", "latency": "16"}, {"date": "2023-05-14-15-00-00", "latency": "16"}, {"date": "2023-05-14-15-00-00", "latency": "16"}, {"date": "2023-05-14-15-00-00", "latency": "16"}, {"date": "2023-05-14-15-00-00", "latency": "16"}, {"date": "2023-05-14-15-00-00", "latency": "16"}, {"date": "2023-05-14-15-00-00", "latency": "16"}, {"date": "2023-05-14-15-00-00", "latency": "16"}, {"date": "2023-05-14-15-00-00", "latency": "16"}, {"date": "2023-05-14-15-00-00", "latency": "16"}, {"date": "2023-05-14-15-00-00", "latency": "16"}, {"date": "2023-05-14-15-00-00", "latency": "16"}, {"date": "2023-05-14-15-00-00", "latency": "16"}, {"date": "2023-05-14-15-00-00", "latency": "16"}, {"date": "2023-05-14-15-00-00", "latency": "16"}, {"date": "2023-05-14-15-00-00", "latency": "16"}, {"date": "2023-05-14-15-00-00", "latency": "16"}, {"date": "2023-05-14-15-00-00", "latency": "16"}, {"date": "2023-05-14-15-00-00", "latency": "16"}, {"date": "2023-05-14-15-00-00", "latency": "16"}, {"date": "2023-05-14-15-00-00", "latency": "16"}, {"date": "2023-05-14-15-00-00", "latency": "16"}, {"date": "2023-05-14-15-00-00", "latency": "16"}, {"date": "2023-05-14-15-00-00", "latency": "16"}, {"date": "2023-05-14-15-00-00", "latency": "16"}, {"date": "2023-05-14-15-00-00", "latency": "16"}]}, {"location": {"country_code": "us", "region": "Maryland", "city": "Dundalk"}, "game_id": "747108", "values": [{"date": "2023-05-14-22-00-00", "latency": "31"}, {"date": "2023-05-14-22-00-00", "latency": "31"}, {"date": "2023-05-14-22-00-00", "latency": "31"}, {"date": "2023-05-14-22-00-00", "latency": "31"}, {"date": "2023-05-14-22-00-00", "latency": "31"}, {"date": "2023-05-14-22-00-00", "latency": "31"}, {"date": "2023-05-14-22-00-00", "latency": "31"}, {"date": "2023-05-14-22-00-00", "latency": "31"}, {"date": "2023-05-14-22-00-00", "latency": "31"}, {"date": "2023-05-14-22-00-00", "latency": "31"}, {"date": "2023-05-14-22-00-00", "latency": "31"}, {"date": "2023-05-14-22-00-00", "latency": "31"}, {"date": "2023-05-14-22-00-00", "latency": "31"}, {"date": "2023-05-14-22-00-00", "latency": "31"}, {"date": "2023-05-14-22-00-00", "latency": "31"}, {"date": "2023-05-14-22-00-00", "latency": "31"}, {"date": "2023-05-14-22-00-00", "latency": "31"}, {"date": "2023-05-14-22-00-00", "latency": "31"}, {"date": "2023-05-14-22-00-00", "latency": "31"}, {"date": "2023-05-14-22-00-00", "latency": "31"}, {"date": "2023-05-14-22-00-00", "latency": "31"}, {"date": "2023-05-14-22-00-00", "latency": "31"}, {"date": "2023-05-14-22-00-00", "latency": "31"}, {"date": "2023-05-14-22-00-00", "latency": "31"}, {"date": "2023-05-14-22-00-00", "latency": "31"}, {"date": "2023-05-14-22-00-00", "latency": "31"}, {"date": "2023-05-14-22-00-00", "latency": "31"}, {"date": "2023-05-14-22-00-00", "latency": "31"}, {"date": "2023-05-14-22-00-00", "latency": "31"}, {"date": "2023-05-14-22-00-00", "latency": "31"}, {"date": "2023-05-14-22-00-00", "latency": "31"}, {"date": "2023-05-14-22-00-00", "latency": "31"}, {"date": "2023-05-14-22-00-00", "latency": "31"}, {"date": "2023-05-14-22-00-00", "latency": "31"}]}, {"location": {"country_code": "au"}, "game_id": "747108", "values": [{"date": "2023-05-14-15-00-00", "latency": "2"}, {"date": "2023-05-14-15-00-00", "latency": "2"}, {"date": "2023-05-14-15-00-00", "latency": "2"}, {"date": "2023-05-14-15-00-00", "latency": "2"}, {"date": "2023-05-14-15-00-00", "latency": "2"}, {"date": "2023-05-14-15-00-00", "latency": "2"}, {"date": "2023-05-14-15-00-00", "latency": "2"}, {"date": "2023-05-14-15-00-00", "latency": "2"}]}, {"location": {"country_code": "se", "region": "Gavleborg County", "city": "Gavle"}, "game_id": "747108", "values": [{"date": "2023-05-14-18-00-00", "latency": "31"}, {"date": "2023-05-14-18-00-00", "latency": "31"}, {"date": "2023-05-14-18-00-00", "latency": "31"}, {"date": "2023-05-14-18-00-00", "latency": "31"}, {"date": "2023-05-14-18-00-00", "latency": "31"}, {"date": "2023-05-14-18-00-00", "latency": "31"}, {"date": "2023-05-14-18-00-00", "latency": "31"}, {"date": "2023-05-14-18-00-00", "latency": "31"}, {"date": "2023-05-14-18-00-00", "latency": "31"}, {"date": "2023-05-14-18-00-00", "latency": "31"}, {"date": "2023-05-14-18-00-00", "latency": "31"}, {"date": "2023-05-14-18-00-00", "latency": "31"}, {"date": "2023-05-14-18-00-00", "latency": "31"}, {"date": "2023-05-14-18-00-00", "latency": "31"}, {"date": "2023-05-14-18-00-00", "latency": "31"}, {"date": "2023-05-14-18-00-00", "latency": "31"}, {"date": "2023-05-14-18-00-00", "latency": "31"}, {"date": "2023-05-14-18-00-00", "latency": "31"}, {"date": "2023-05-14-18-00-00", "latency": "31"}, {"date": "2023-05-14-18-00-00", "latency": "31"}, {"date": "2023-05-14-18-00-00", "latency": "31"}, {"date": "2023-05-14-18-00-00", "latency": "31"}, {"date": "2023-05-14-18-00-00", "latency": "31"}, {"date": "2023-05-14-18-00-00", "latency": "31"}, {"date": "2023-05-14-18-00-00", "latency": "31"}, {"date": "2023-05-14-18-00-00", "latency": "31"}, {"date": "2023-05-14-18-00-00", "latency": "31"}, {"date": "2023-05-14-18-00-00", "latency": "31"}]}, {"location": {"country_code": "es"}, "game_id": "747108", "values": [{"date": "2023-05-14-16-00-00", "latency": "0"}, {"date": "2023-05-14-16-00-00", "latency": "0"}, {"date": "2023-05-14-16-00-00", "latency": "0"}, {"date": "2023-05-14-16-00-00", "latency": "0"}, {"date": "2023-05-14-16-00-00", "latency": "0"}, {"date": "2023-05-14-16-00-00", "latency": "0"}, {"date": "2023-05-14-16-00-00", "latency": "0"}, {"date": "2023-05-14-16-00-00", "latency": "0"}, {"date": "2023-05-14-16-00-00", "latency": "0"}, {"date": "2023-05-14-16-00-00", "latency": "0"}]}, {"location": {"country_code": "ar"}, "game_id": "747108", "values": [{"date": "2023-05-15-02-00-00", "latency": "31"}, {"date": "2023-05-15-02-00-00", "latency": "31"}, {"date": "2023-05-15-02-00-00", "latency": "31"}, {"date": "2023-05-15-02-00-00", "latency": "31"}, {"date": "2023-05-15-02-00-00", "latency": "31"}]}, {"location": {"country_code": "ar", "region": "Buenos Aires F.D.", "city": "Bahia Blanca"}, "game_id": "747108", "values": [{"date": "2023-05-14-03-00-00", "latency": "305"}]}, {"location": {"country_code": "mx", "region": "Puebla"}, "game_id": "747108", "values": [{"date": "2023-05-14-02-00-00", "latency": "78"}, {"date": "2023-05-14-02-00-00", "latency": "78"}, {"date": "2023-05-14-02-00-00", "latency": "78"}, {"date": "2023-05-14-02-00-00", "latency": "78"}, {"date": "2023-05-14-02-00-00", "latency": "78"}, {"date": "2023-05-14-02-00-00", "latency": "78"}, {"date": "2023-05-14-02-00-00", "latency": "78"}, {"date": "2023-05-14-02-00-00", "latency": "78"}, {"date": "2023-05-14-02-00-00", "latency": "78"}, {"date": "2023-05-14-02-00-00", "latency": "78"}, {"date": "2023-05-14-02-00-00", "latency": "78"}, {"date": "2023-05-14-02-00-00", "latency": "78"}, {"date": "2023-05-14-02-00-00", "latency": "78"}, {"date": "2023-05-14-02-00-00", "latency": "78"}, {"date": "2023-05-14-02-00-00", "latency": "78"}, {"date": "2023-05-14-02-00-00", "latency": "78"}, {"date": "2023-05-14-02-00-00", "latency": "78"}, {"date": "2023-05-14-02-00-00", "latency": "78"}, {"date": "2023-05-14-02-00-00", "latency": "78"}, {"date": "2023-05-14-02-00-00", "latency": "78"}, {"date": "2023-05-14-02-00-00", "latency": "78"}]}, {"location": {"country_code": "es", "region": "Catalonia", "city": "l'Hospitalet de Llobregat"}, "game_id": "747108", "values": [{"date": "2023-05-14-23-00-00", "latency": "31"}, {"date": "2023-05-14-23-00-00", "latency": "31"}, {"date": "2023-05-14-23-00-00", "latency": "31"}, {"date": "2023-05-14-23-00-00", "latency": "31"}, {"date": "2023-05-14-23-00-00", "latency": "31"}, {"date": "2023-05-14-23-00-00", "latency": "31"}, {"date": "2023-05-14-23-00-00", "latency": "31"}, {"date": "2023-05-14-23-00-00", "latency": "31"}, {"date": "2023-05-14-23-00-00", "latency": "31"}, {"date": "2023-05-14-23-00-00", "latency": "31"}, {"date": "2023-05-14-23-00-00", "latency": "31"}, {"date": "2023-05-14-23-00-00", "latency": "31"}]}, {"location": {"country_code": "pl"}, "game_id": "747108", "values": [{"date": "2023-05-14-14-00-00", "latency": "32"}, {"date": "2023-05-14-14-00-00", "latency": "32"}, {"date": "2023-05-14-14-00-00", "latency": "32"}, {"date": "2023-05-14-14-00-00", "latency": "32"}, {"date": "2023-05-14-14-00-00", "latency": "32"}, {"date": "2023-05-14-14-00-00", "latency": "32"}, {"date": "2023-05-14-14-00-00", "latency": "32"}, {"date": "2023-05-14-14-00-00", "latency": "32"}, {"date": "2023-05-14-02-00-00", "latency": "15"}, {"date": "2023-05-14-02-00-00", "latency": "15"}, {"date": "2023-05-14-02-00-00", "latency": "15"}, {"date": "2023-05-14-02-00-00", "latency": "15"}, {"date": "2023-05-14-02-00-00", "latency": "15"}, {"date": "2023-05-14-02-00-00", "latency": "15"}, {"date": "2023-05-14-02-00-00", "latency": "15"}, {"date": "2023-05-14-02-00-00", "latency": "15"}, {"date": "2023-05-14-02-00-00", "latency": "15"}, {"date": "2023-05-14-02-00-00", "latency": "15"}, {"date": "2023-05-14-02-00-00", "latency": "15"}, {"date": "2023-05-14-02-00-00", "latency": "15"}, {"date": "2023-05-14-02-00-00", "latency": "15"}, {"date": "2023-05-14-02-00-00", "latency": "15"}, {"date": "2023-05-14-02-00-00", "latency": "15"}, {"date": "2023-05-14-02-00-00", "latency": "15"}, {"date": "2023-05-14-02-00-00", "latency": "15"}, {"date": "2023-05-14-02-00-00", "latency": "15"}, {"date": "2023-05-14-02-00-00", "latency": "15"}, {"date": "2023-05-14-02-00-00", "latency": "15"}, {"date": "2023-05-14-02-00-00", "latency": "15"}, {"date": "2023-05-14-02-00-00", "latency": "15"}, {"date": "2023-05-14-02-00-00", "latency": "15"}, {"date": "2023-05-14-20-00-00", "latency": "63"}, {"date": "2023-05-14-20-00-00", "latency": "63"}, {"date": "2023-05-14-20-00-00", "latency": "63"}, {"date": "2023-05-14-20-00-00", "latency": "63"}, {"date": "2023-05-14-20-00-00", "latency": "63"}, {"date": "2023-05-14-20-00-00", "latency": "63"}, {"date": "2023-05-14-20-00-00", "latency": "63"}, {"date": "2023-05-14-20-00-00", "latency": "63"}, {"date": "2023-05-14-20-00-00", "latency": "63"}, {"date": "2023-05-14-20-00-00", "latency": "63"}, {"date": "2023-05-14-20-00-00", "latency": "63"}, {"date": "2023-05-14-20-00-00", "latency": "63"}, {"date": "2023-05-14-20-00-00", "latency": "63"}, {"date": "2023-05-14-20-00-00", "latency": "63"}, {"date": "2023-05-14-20-00-00", "latency": "63"}, {"date": "2023-05-14-20-00-00", "latency": "63"}, {"date": "2023-05-14-20-00-00", "latency": "63"}, {"date": "2023-05-14-20-00-00", "latency": "63"}, {"date": "2023-05-14-20-00-00", "latency": "63"}, {"date": "2023-05-14-20-00-00", "latency": "63"}, {"date": "2023-05-14-20-00-00", "latency": "63"}, {"date": "2023-05-14-20-00-00", "latency": "63"}, {"date": "2023-05-14-20-00-00", "latency": "63"}, {"date": "2023-05-14-20-00-00", "latency": "63"}, {"date": "2023-05-14-20-00-00", "latency": "63"}, {"date": "2023-05-14-20-00-00", "latency": "63"}, {"date": "2023-05-14-20-00-00", "latency": "63"}, {"date": "2023-05-14-20-00-00", "latency": "63"}, {"date": "2023-05-14-20-00-00", "latency": "63"}, {"date": "2023-05-14-20-00-00", "latency": "63"}, {"date": "2023-05-14-20-00-00", "latency": "63"}, {"date": "2023-05-14-20-00-00", "latency": "63"}]}, {"location": {"country_code": "ua"}, "game_id": "747108", "values": [{"date": "2023-05-15-01-00-00", "latency": "3"}, {"date": "2023-05-15-01-00-00", "latency": "3"}, {"date": "2023-05-15-01-00-00", "latency": "3"}, {"date": "2023-05-15-01-00-00", "latency": "3"}, {"date": "2023-05-15-01-00-00", "latency": "3"}, {"date": "2023-05-15-01-00-00", "latency": "3"}, {"date": "2023-05-15-01-00-00", "latency": "3"}]}, {"location": {"country_code": "sg"}, "game_id": "747108", "values": [{"date": "2023-05-14-17-00-00", "latency": "172"}, {"date": "2023-05-14-17-00-00", "latency": "172"}, {"date": "2023-05-14-17-00-00", "latency": "172"}, {"date": "2023-05-14-17-00-00", "latency": "172"}, {"date": "2023-05-14-17-00-00", "latency": "172"}, {"date": "2023-05-14-17-00-00", "latency": "172"}, {"date": "2023-05-14-17-00-00", "latency": "172"}, {"date": "2023-05-14-17-00-00", "latency": "172"}, {"date": "2023-05-14-17-00-00", "latency": "172"}, {"date": "2023-05-14-17-00-00", "latency": "172"}, {"date": "2023-05-14-17-00-00", "latency": "172"}, {"date": "2023-05-14-17-00-00", "latency": "172"}, {"date": "2023-05-14-17-00-00", "latency": "172"}, {"date": "2023-05-14-17-00-00", "latency": "172"}, {"date": "2023-05-14-17-00-00", "latency": "172"}, {"date": "2023-05-14-17-00-00", "latency": "172"}, {"date": "2023-05-14-17-00-00", "latency": "172"}, {"date": "2023-05-14-17-00-00", "latency": "172"}, {"date": "2023-05-14-17-00-00", "latency": "172"}, {"date": "2023-05-14-17-00-00", "latency": "172"}, {"date": "2023-05-14-17-00-00", "latency": "172"}, {"date": "2023-05-14-17-00-00", "latency": "172"}, {"date": "2023-05-14-17-00-00", "latency": "172"}, {"date": "2023-05-14-17-00-00", "latency": "172"}, {"date": "2023-05-14-17-00-00", "latency": "172"}, {"date": "2023-05-14-17-00-00", "latency": "172"}, {"date": "2023-05-14-17-00-00", "latency": "172"}, {"date": "2023-05-14-17-00-00", "latency": "172"}, {"date": "2023-05-14-17-00-00", "latency": "172"}, {"date": "2023-05-14-17-00-00", "latency": "172"}, {"date": "2023-05-14-17-00-00", "latency": "172"}]}, {"location": {"country_code": "do"}, "game_id": "747108", "values": [{"date": "2023-05-14-04-00-00", "latency": "3"}, {"date": "2023-05-14-04-00-00", "latency": "3"}, {"date": "2023-05-14-04-00-00", "latency": "3"}, {"date": "2023-05-14-04-00-00", "latency": "3"}, {"date": "2023-05-14-04-00-00", "latency": "3"}, {"date": "2023-05-14-04-00-00", "latency": "3"}, {"date": "2023-05-14-04-00-00", "latency": "3"}, {"date": "2023-05-14-04-00-00", "latency": "3"}, {"date": "2023-05-14-04-00-00", "latency": "3"}, {"date": "2023-05-14-04-00-00", "latency": "3"}, {"date": "2023-05-14-04-00-00", "latency": "3"}, {"date": "2023-05-14-04-00-00", "latency": "3"}, {"date": "2023-05-14-04-00-00", "latency": "3"}, {"date": "2023-05-14-04-00-00", "latency": "3"}]}, {"location": {"country_code": "my"}, "game_id": "747108", "values": [{"date": "2023-05-14-09-00-00", "latency": "172"}, {"date": "2023-05-14-09-00-00", "latency": "172"}, {"date": "2023-05-14-09-00-00", "latency": "172"}, {"date": "2023-05-14-09-00-00", "latency": "172"}, {"date": "2023-05-14-09-00-00", "latency": "172"}, {"date": "2023-05-14-09-00-00", "latency": "172"}, {"date": "2023-05-14-09-00-00", "latency": "172"}, {"date": "2023-05-14-09-00-00", "latency": "172"}, {"date": "2023-05-14-09-00-00", "latency": "172"}, {"date": "2023-05-14-09-00-00", "latency": "172"}, {"date": "2023-05-14-09-00-00", "latency": "172"}, {"date": "2023-05-14-09-00-00", "latency": "172"}, {"date": "2023-05-14-09-00-00", "latency": "172"}, {"date": "2023-05-14-09-00-00", "latency": "172"}, {"date": "2023-05-14-09-00-00", "latency": "172"}, {"date": "2023-05-14-09-00-00", "latency": "172"}, {"date": "2023-05-14-09-00-00", "latency": "172"}, {"date": "2023-05-14-09-00-00", "latency": "172"}, {"date": "2023-05-14-09-00-00", "latency": "172"}, {"date": "2023-05-14-09-00-00", "latency": "172"}, {"date": "2023-05-14-09-00-00", "latency": "172"}, {"date": "2023-05-14-09-00-00", "latency": "172"}, {"date": "2023-05-14-09-00-00", "latency": "172"}, {"date": "2023-05-14-09-00-00", "latency": "172"}, {"date": "2023-05-14-09-00-00", "latency": "172"}, {"date": "2023-05-14-09-00-00", "latency": "172"}, {"date": "2023-05-14-09-00-00", "latency": "172"}, {"date": "2023-05-14-09-00-00", "latency": "172"}, {"date": "2023-05-14-09-00-00", "latency": "172"}, {"date": "2023-05-14-09-00-00", "latency": "172"}, {"date": "2023-05-14-09-00-00", "latency": "172"}]}, {"location": {"country_code": "co", "region": "El Valle", "city": "Cali"}, "game_id": "747108", "values": [{"date": "2023-05-14-04-00-00", "latency": "47"}, {"date": "2023-05-14-04-00-00", "latency": "47"}, {"date": "2023-05-14-04-00-00", "latency": "47"}, {"date": "2023-05-14-04-00-00", "latency": "47"}, {"date": "2023-05-14-04-00-00", "latency": "47"}, {"date": "2023-05-14-04-00-00", "latency": "47"}, {"date": "2023-05-14-04-00-00", "latency": "47"}, {"date": "2023-05-14-04-00-00", "latency": "47"}, {"date": "2023-05-14-04-00-00", "latency": "47"}, {"date": "2023-05-14-04-00-00", "latency": "47"}, {"date": "2023-05-14-04-00-00", "latency": "47"}, {"date": "2023-05-14-04-00-00", "latency": "47"}, {"date": "2023-05-14-04-00-00", "latency": "47"}]}, {"location": {"country_code": "us", "region": "Colorado"}, "game_id": "747108", "values": [{"date": "2023-05-14-21-00-00", "latency": "7"}]}, {"location": {"country_code": "es", "region": "Galicia"}, "game_id": "747108", "values": [{"date": "2023-05-14-03-00-00", "latency": "47"}, {"date": "2023-05-14-03-00-00", "latency": "47"}, {"date": "2023-05-14-03-00-00", "latency": "47"}, {"date": "2023-05-14-03-00-00", "latency": "47"}, {"date": "2023-05-14-03-00-00", "latency": "47"}]}, {"location": {"country_code": "kw"}, "game_id": "747108", "values": [{"date": "2023-05-14-18-00-00", "latency": "125"}, {"date": "2023-05-14-18-00-00", "latency": "125"}, {"date": "2023-05-14-18-00-00", "latency": "125"}, {"date": "2023-05-14-18-00-00", "latency": "125"}, {"date": "2023-05-14-18-00-00", "latency": "125"}, {"date": "2023-05-14-18-00-00", "latency": "125"}, {"date": "2023-05-14-18-00-00", "latency": "125"}, {"date": "2023-05-14-18-00-00", "latency": "125"}, {"date": "2023-05-14-18-00-00", "latency": "125"}, {"date": "2023-05-14-18-00-00", "latency": "125"}, {"date": "2023-05-14-18-00-00", "latency": "125"}, {"date": "2023-05-14-18-00-00", "latency": "125"}, {"date": "2023-05-14-18-00-00", "latency": "125"}, {"date": "2023-05-14-18-00-00", "latency": "125"}, {"date": "2023-05-14-18-00-00", "latency": "125"}, {"date": "2023-05-14-18-00-00", "latency": "125"}]}, {"location": {"country_code": "mx", "region": "Sonora"}, "game_id": "747108", "values": [{"date": "2023-05-14-19-00-00", "latency": "62"}, {"date": "2023-05-14-19-00-00", "latency": "62"}, {"date": "2023-05-14-19-00-00", "latency": "62"}, {"date": "2023-05-14-19-00-00", "latency": "62"}, {"date": "2023-05-14-19-00-00", "latency": "62"}, {"date": "2023-05-14-19-00-00", "latency": "62"}, {"date": "2023-05-14-19-00-00", "latency": "62"}, {"date": "2023-05-14-19-00-00", "latency": "62"}, {"date": "2023-05-14-19-00-00", "latency": "62"}, {"date": "2023-05-14-19-00-00", "latency": "62"}, {"date": "2023-05-14-19-00-00", "latency": "62"}, {"date": "2023-05-14-19-00-00", "latency": "62"}, {"date": "2023-05-14-19-00-00", "latency": "62"}, {"date": "2023-05-14-19-00-00", "latency": "62"}, {"date": "2023-05-14-19-00-00", "latency": "62"}, {"date": "2023-05-14-19-00-00", "latency": "62"}, {"date": "2023-05-14-19-00-00", "latency": "62"}, {"date": "2023-05-14-19-00-00", "latency": "62"}, {"date": "2023-05-14-19-00-00", "latency": "62"}, {"date": "2023-05-14-19-00-00", "latency": "62"}, {"date": "2023-05-14-19-00-00", "latency": "62"}, {"date": "2023-05-14-19-00-00", "latency": "62"}, {"date": "2023-05-14-19-00-00", "latency": "62"}, {"date": "2023-05-14-19-00-00", "latency": "62"}, {"date": "2023-05-14-19-00-00", "latency": "62"}, {"date": "2023-05-14-19-00-00", "latency": "62"}, {"date": "2023-05-14-19-00-00", "latency": "62"}, {"date": "2023-05-14-19-00-00", "latency": "62"}, {"date": "2023-05-14-19-00-00", "latency": "62"}, {"date": "2023-05-14-19-00-00", "latency": "62"}, {"date": "2023-05-14-19-00-00", "latency": "62"}, {"date": "2023-05-14-19-00-00", "latency": "62"}, {"date": "2023-05-14-19-00-00", "latency": "62"}, {"date": "2023-05-14-19-00-00", "latency": "62"}, {"date": "2023-05-14-19-00-00", "latency": "62"}, {"date": "2023-05-14-19-00-00", "latency": "62"}, {"date": "2023-05-14-19-00-00", "latency": "62"}, {"date": "2023-05-14-19-00-00", "latency": "62"}, {"date": "2023-05-14-19-00-00", "latency": "62"}, {"date": "2023-05-14-19-00-00", "latency": "62"}, {"date": "2023-05-14-19-00-00", "latency": "62"}, {"date": "2023-05-14-19-00-00", "latency": "62"}, {"date": "2023-05-14-19-00-00", "latency": "62"}, {"date": "2023-05-14-19-00-00", "latency": "62"}, {"date": "2023-05-14-19-00-00", "latency": "62"}, {"date": "2023-05-14-19-00-00", "latency": "62"}, {"date": "2023-05-14-19-00-00", "latency": "62"}, {"date": "2023-05-14-19-00-00", "latency": "62"}, {"date": "2023-05-14-19-00-00", "latency": "62"}, {"date": "2023-05-14-19-00-00", "latency": "62"}, {"date": "2023-05-14-19-00-00", "latency": "62"}, {"date": "2023-05-14-19-00-00", "latency": "62"}, {"date": "2023-05-14-19-00-00", "latency": "62"}, {"date": "2023-05-14-19-00-00", "latency": "62"}, {"date": "2023-05-14-19-00-00", "latency": "62"}, {"date": "2023-05-14-19-00-00", "latency": "62"}, {"date": "2023-05-14-19-00-00", "latency": "62"}, {"date": "2023-05-14-19-00-00", "latency": "62"}, {"date": "2023-05-14-19-00-00", "latency": "62"}, {"date": "2023-05-14-19-00-00", "latency": "62"}, {"date": "2023-05-14-19-00-00", "latency": "62"}, {"date": "2023-05-14-19-00-00", "latency": "62"}, {"date": "2023-05-14-19-00-00", "latency": "62"}, {"date": "2023-05-14-19-00-00", "latency": "62"}, {"date": "2023-05-14-19-00-00", "latency": "62"}, {"date": "2023-05-14-19-00-00", "latency": "62"}, {"date": "2023-05-14-19-00-00", "latency": "62"}, {"date": "2023-05-14-19-00-00", "latency": "62"}, {"date": "2023-05-14-19-00-00", "latency": "62"}, {"date": "2023-05-14-19-00-00", "latency": "62"}, {"date": "2023-05-14-19-00-00", "latency": "62"}, {"date": "2023-05-14-19-00-00", "latency": "62"}, {"date": "2023-05-14-19-00-00", "latency": "62"}, {"date": "2023-05-14-19-00-00", "latency": "62"}, {"date": "2023-05-14-19-00-00", "latency": "62"}, {"date": "2023-05-14-19-00-00", "latency": "62"}, {"date": "2023-05-14-19-00-00", "latency": "62"}, {"date": "2023-05-14-19-00-00", "latency": "62"}, {"date": "2023-05-14-19-00-00", "latency": "62"}, {"date": "2023-05-14-19-00-00", "latency": "62"}, {"date": "2023-05-14-19-00-00", "latency": "62"}, {"date": "2023-05-14-19-00-00", "latency": "62"}, {"date": "2023-05-14-19-00-00", "latency": "62"}, {"date": "2023-05-14-19-00-00", "latency": "62"}, {"date": "2023-05-14-19-00-00", "latency": "62"}, {"date": "2023-05-14-19-00-00", "latency": "62"}, {"date": "2023-05-14-19-00-00", "latency": "62"}, {"date": "2023-05-14-19-00-00", "latency": "62"}, {"date": "2023-05-14-19-00-00", "latency": "62"}, {"date": "2023-05-14-19-00-00", "latency": "62"}, {"date": "2023-05-14-19-00-00", "latency": "62"}, {"date": "2023-05-14-19-00-00", "latency": "62"}, {"date": "2023-05-14-19-00-00", "latency": "62"}, {"date": "2023-05-14-19-00-00", "latency": "62"}, {"date": "2023-05-14-19-00-00", "latency": "62"}, {"date": "2023-05-14-19-00-00", "latency": "62"}, {"date": "2023-05-14-19-00-00", "latency": "62"}, {"date": "2023-05-14-19-00-00", "latency": "62"}, {"date": "2023-05-14-19-00-00", "latency": "62"}, {"date": "2023-05-14-19-00-00", "latency": "62"}, {"date": "2023-05-14-19-00-00", "latency": "62"}]}, {"location": {"country_code": "bg"}, "game_id": "747108", "values": [{"date": "2023-05-14-23-00-00", "latency": "31"}, {"date": "2023-05-14-23-00-00", "latency": "31"}, {"date": "2023-05-14-23-00-00", "latency": "31"}, {"date": "2023-05-14-23-00-00", "latency": "31"}, {"date": "2023-05-14-23-00-00", "latency": "31"}, {"date": "2023-05-14-23-00-00", "latency": "31"}, {"date": "2023-05-14-23-00-00", "latency": "31"}, {"date": "2023-05-14-23-00-00", "latency": "31"}, {"date": "2023-05-14-23-00-00", "latency": "31"}, {"date": "2023-05-14-23-00-00", "latency": "31"}, {"date": "2023-05-14-23-00-00", "latency": "31"}, {"date": "2023-05-14-23-00-00", "latency": "31"}, {"date": "2023-05-14-23-00-00", "latency": "31"}, {"date": "2023-05-14-23-00-00", "latency": "31"}, {"date": "2023-05-14-23-00-00", "latency": "31"}, {"date": "2023-05-14-23-00-00", "latency": "31"}, {"date": "2023-05-14-23-00-00", "latency": "31"}, {"date": "2023-05-14-23-00-00", "latency": "31"}, {"date": "2023-05-14-23-00-00", "latency": "31"}, {"date": "2023-05-14-23-00-00", "latency": "31"}, {"date": "2023-05-14-23-00-00", "latency": "31"}, {"date": "2023-05-14-23-00-00", "latency": "31"}, {"date": "2023-05-14-23-00-00", "latency": "31"}, {"date": "2023-05-14-23-00-00", "latency": "31"}, {"date": "2023-05-14-23-00-00", "latency": "31"}, {"date": "2023-05-14-23-00-00", "latency": "31"}, {"date": "2023-05-14-23-00-00", "latency": "31"}, {"date": "2023-05-14-23-00-00", "latency": "31"}, {"date": "2023-05-14-23-00-00", "latency": "31"}, {"date": "2023-05-14-23-00-00", "latency": "31"}, {"date": "2023-05-14-23-00-00", "latency": "31"}, {"date": "2023-05-14-23-00-00", "latency": "31"}, {"date": "2023-05-14-23-00-00", "latency": "31"}, {"date": "2023-05-14-23-00-00", "latency": "31"}, {"date": "2023-05-14-23-00-00", "latency": "31"}, {"date": "2023-05-14-23-00-00", "latency": "31"}, {"date": "2023-05-14-23-00-00", "latency": "31"}, {"date": "2023-05-14-23-00-00", "latency": "31"}, {"date": "2023-05-14-23-00-00", "latency": "31"}, {"date": "2023-05-14-23-00-00", "latency": "31"}, {"date": "2023-05-14-23-00-00", "latency": "31"}, {"date": "2023-05-14-23-00-00", "latency": "31"}, {"date": "2023-05-14-23-00-00", "latency": "31"}, {"date": "2023-05-14-23-00-00", "latency": "31"}, {"date": "2023-05-14-23-00-00", "latency": "31"}, {"date": "2023-05-14-23-00-00", "latency": "31"}, {"date": "2023-05-14-23-00-00", "latency": "31"}, {"date": "2023-05-14-23-00-00", "latency": "31"}, {"date": "2023-05-14-23-00-00", "latency": "31"}, {"date": "2023-05-14-23-00-00", "latency": "31"}, {"date": "2023-05-14-23-00-00", "latency": "31"}, {"date": "2023-05-14-23-00-00", "latency": "31"}, {"date": "2023-05-14-23-00-00", "latency": "31"}, {"date": "2023-05-14-23-00-00", "latency": "31"}, {"date": "2023-05-14-23-00-00", "latency": "31"}, {"date": "2023-05-14-23-00-00", "latency": "31"}, {"date": "2023-05-14-23-00-00", "latency": "31"}, {"date": "2023-05-14-23-00-00", "latency": "31"}, {"date": "2023-05-14-23-00-00", "latency": "31"}, {"date": "2023-05-14-23-00-00", "latency": "31"}, {"date": "2023-05-14-23-00-00", "latency": "31"}, {"date": "2023-05-14-23-00-00", "latency": "31"}, {"date": "2023-05-14-23-00-00", "latency": "31"}, {"date": "2023-05-14-23-00-00", "latency": "31"}, {"date": "2023-05-14-23-00-00", "latency": "31"}, {"date": "2023-05-14-23-00-00", "latency": "31"}, {"date": "2023-05-14-23-00-00", "latency": "31"}, {"date": "2023-05-14-23-00-00", "latency": "31"}, {"date": "2023-05-14-23-00-00", "latency": "31"}, {"date": "2023-05-14-23-00-00", "latency": "31"}, {"date": "2023-05-14-23-00-00", "latency": "31"}, {"date": "2023-05-14-23-00-00", "latency": "31"}, {"date": "2023-05-14-23-00-00", "latency": "31"}, {"date": "2023-05-14-23-00-00", "latency": "31"}, {"date": "2023-05-14-23-00-00", "latency": "31"}, {"date": "2023-05-14-23-00-00", "latency": "31"}, {"date": "2023-05-14-23-00-00", "latency": "31"}, {"date": "2023-05-14-23-00-00", "latency": "31"}, {"date": "2023-05-14-23-00-00", "latency": "31"}, {"date": "2023-05-14-23-00-00", "latency": "31"}, {"date": "2023-05-14-23-00-00", "latency": "31"}, {"date": "2023-05-14-23-00-00", "latency": "31"}, {"date": "2023-05-14-23-00-00", "latency": "31"}, {"date": "2023-05-14-23-00-00", "latency": "31"}, {"date": "2023-05-14-23-00-00", "latency": "31"}, {"date": "2023-05-14-23-00-00", "latency": "31"}, {"date": "2023-05-14-23-00-00", "latency": "31"}, {"date": "2023-05-14-23-00-00", "latency": "31"}, {"date": "2023-05-14-23-00-00", "latency": "31"}, {"date": "2023-05-14-23-00-00", "latency": "31"}, {"date": "2023-05-14-23-00-00", "latency": "31"}, {"date": "2023-05-14-23-00-00", "latency": "31"}, {"date": "2023-05-14-23-00-00", "latency": "31"}, {"date": "2023-05-14-23-00-00", "latency": "31"}, {"date": "2023-05-14-23-00-00", "latency": "31"}, {"date": "2023-05-14-23-00-00", "latency": "31"}]}, {"location": {"country_code": "de", "region": "North Rhine-Westphalia"}, "game_id": "747108", "values": [{"date": "2023-05-14-14-00-00", "latency": "15"}, {"date": "2023-05-14-14-00-00", "latency": "15"}, {"date": "2023-05-14-14-00-00", "latency": "15"}, {"date": "2023-05-14-14-00-00", "latency": "15"}, {"date": "2023-05-14-14-00-00", "latency": "15"}, {"date": "2023-05-14-14-00-00", "latency": "15"}, {"date": "2023-05-14-14-00-00", "latency": "15"}, {"date": "2023-05-14-14-00-00", "latency": "15"}, {"date": "2023-05-14-14-00-00", "latency": "15"}, {"date": "2023-05-14-14-00-00", "latency": "15"}, {"date": "2023-05-14-14-00-00", "latency": "15"}, {"date": "2023-05-14-14-00-00", "latency": "15"}, {"date": "2023-05-14-14-00-00", "latency": "15"}, {"date": "2023-05-14-14-00-00", "latency": "15"}, {"date": "2023-05-14-14-00-00", "latency": "15"}, {"date": "2023-05-14-14-00-00", "latency": "15"}, {"date": "2023-05-14-14-00-00", "latency": "15"}, {"date": "2023-05-14-14-00-00", "latency": "15"}, {"date": "2023-05-14-14-00-00", "latency": "15"}, {"date": "2023-05-14-14-00-00", "latency": "15"}, {"date": "2023-05-14-14-00-00", "latency": "15"}, {"date": "2023-05-14-14-00-00", "latency": "15"}, {"date": "2023-05-14-14-00-00", "latency": "15"}, {"date": "2023-05-14-14-00-00", "latency": "15"}, {"date": "2023-05-14-14-00-00", "latency": "15"}, {"date": "2023-05-14-14-00-00", "latency": "15"}, {"date": "2023-05-14-14-00-00", "latency": "15"}, {"date": "2023-05-14-14-00-00", "latency": "15"}, {"date": "2023-05-14-14-00-00", "latency": "15"}, {"date": "2023-05-14-14-00-00", "latency": "15"}, {"date": "2023-05-14-14-00-00", "latency": "15"}, {"date": "2023-05-14-14-00-00", "latency": "15"}, {"date": "2023-05-14-14-00-00", "latency": "15"}, {"date": "2023-05-14-14-00-00", "latency": "15"}, {"date": "2023-05-14-14-00-00", "latency": "15"}, {"date": "2023-05-14-14-00-00", "latency": "15"}, {"date": "2023-05-14-14-00-00", "latency": "15"}, {"date": "2023-05-14-14-00-00", "latency": "15"}, {"date": "2023-05-14-14-00-00", "latency": "15"}, {"date": "2023-05-14-14-00-00", "latency": "15"}, {"date": "2023-05-14-14-00-00", "latency": "15"}, {"date": "2023-05-14-14-00-00", "latency": "15"}, {"date": "2023-05-14-14-00-00", "latency": "15"}, {"date": "2023-05-14-14-00-00", "latency": "15"}, {"date": "2023-05-14-14-00-00", "latency": "15"}, {"date": "2023-05-14-14-00-00", "latency": "15"}, {"date": "2023-05-14-14-00-00", "latency": "15"}, {"date": "2023-05-14-14-00-00", "latency": "15"}, {"date": "2023-05-14-14-00-00", "latency": "15"}, {"date": "2023-05-14-14-00-00", "latency": "15"}, {"date": "2023-05-14-14-00-00", "latency": "15"}, {"date": "2023-05-14-14-00-00", "latency": "15"}, {"date": "2023-05-14-14-00-00", "latency": "15"}, {"date": "2023-05-14-14-00-00", "latency": "15"}, {"date": "2023-05-14-14-00-00", "latency": "15"}, {"date": "2023-05-14-14-00-00", "latency": "15"}, {"date": "2023-05-14-14-00-00", "latency": "15"}, {"date": "2023-05-14-14-00-00", "latency": "15"}, {"date": "2023-05-14-14-00-00", "latency": "15"}, {"date": "2023-05-14-14-00-00", "latency": "15"}, {"date": "2023-05-14-14-00-00", "latency": "15"}, {"date": "2023-05-14-14-00-00", "latency": "15"}, {"date": "2023-05-14-14-00-00", "latency": "15"}]}, {"location": {"country_code": "fr", "region": "Nord-Passo di Calais-Piccardia"}, "game_id": "747108", "values": [{"date": "2023-05-14-23-00-00", "latency": "31"}, {"date": "2023-05-14-23-00-00", "latency": "31"}, {"date": "2023-05-14-23-00-00", "latency": "31"}, {"date": "2023-05-14-23-00-00", "latency": "31"}, {"date": "2023-05-14-23-00-00", "latency": "31"}, {"date": "2023-05-14-23-00-00", "latency": "31"}, {"date": "2023-05-14-23-00-00", "latency": "31"}, {"date": "2023-05-14-23-00-00", "latency": "31"}, {"date": "2023-05-14-23-00-00", "latency": "31"}, {"date": "2023-05-14-23-00-00", "latency": "31"}, {"date": "2023-05-14-23-00-00", "latency": "31"}, {"date": "2023-05-14-23-00-00", "latency": "31"}, {"date": "2023-05-14-23-00-00", "latency": "31"}, {"date": "2023-05-14-23-00-00", "latency": "31"}, {"date": "2023-05-14-23-00-00", "latency": "31"}, {"date": "2023-05-14-23-00-00", "latency": "31"}, {"date": "2023-05-14-23-00-00", "latency": "31"}, {"date": "2023-05-14-23-00-00", "latency": "31"}, {"date": "2023-05-14-23-00-00", "latency": "31"}, {"date": "2023-05-14-23-00-00", "latency": "31"}, {"date": "2023-05-14-23-00-00", "latency": "31"}, {"date": "2023-05-14-23-00-00", "latency": "31"}, {"date": "2023-05-14-23-00-00", "latency": "31"}, {"date": "2023-05-14-23-00-00", "latency": "31"}, {"date": "2023-05-14-23-00-00", "latency": "31"}, {"date": "2023-05-14-23-00-00", "latency": "31"}, {"date": "2023-05-14-23-00-00", "latency": "31"}, {"date": "2023-05-14-23-00-00", "latency": "31"}, {"date": "2023-05-14-23-00-00", "latency": "31"}, {"date": "2023-05-14-23-00-00", "latency": "31"}, {"date": "2023-05-14-23-00-00", "latency": "31"}, {"date": "2023-05-14-23-00-00", "latency": "31"}, {"date": "2023-05-14-23-00-00", "latency": "31"}, {"date": "2023-05-14-23-00-00", "latency": "31"}, {"date": "2023-05-14-23-00-00", "latency": "31"}, {"date": "2023-05-14-23-00-00", "latency": "31"}, {"date": "2023-05-14-23-00-00", "latency": "31"}, {"date": "2023-05-14-23-00-00", "latency": "31"}, {"date": "2023-05-14-23-00-00", "latency": "31"}, {"date": "2023-05-14-23-00-00", "latency": "31"}, {"date": "2023-05-14-23-00-00", "latency": "31"}, {"date": "2023-05-14-23-00-00", "latency": "31"}, {"date": "2023-05-14-23-00-00", "latency": "31"}, {"date": "2023-05-14-23-00-00", "latency": "31"}, {"date": "2023-05-14-23-00-00", "latency": "31"}, {"date": "2023-05-14-23-00-00", "latency": "31"}, {"date": "2023-05-14-23-00-00", "latency": "31"}, {"date": "2023-05-14-23-00-00", "latency": "31"}, {"date": "2023-05-14-23-00-00", "latency": "31"}, {"date": "2023-05-14-23-00-00", "latency": "31"}, {"date": "2023-05-14-23-00-00", "latency": "31"}, {"date": "2023-05-14-23-00-00", "latency": "31"}, {"date": "2023-05-14-23-00-00", "latency": "31"}, {"date": "2023-05-14-23-00-00", "latency": "31"}, {"date": "2023-05-14-23-00-00", "latency": "31"}, {"date": "2023-05-14-23-00-00", "latency": "31"}, {"date": "2023-05-14-23-00-00", "latency": "31"}, {"date": "2023-05-14-23-00-00", "latency": "31"}, {"date": "2023-05-14-23-00-00", "latency": "31"}, {"date": "2023-05-14-23-00-00", "latency": "31"}, {"date": "2023-05-14-23-00-00", "latency": "31"}, {"date": "2023-05-14-23-00-00", "latency": "31"}, {"date": "2023-05-14-23-00-00", "latency": "31"}, {"date": "2023-05-14-23-00-00", "latency": "31"}, {"date": "2023-05-14-23-00-00", "latency": "31"}, {"date": "2023-05-14-23-00-00", "latency": "31"}, {"date": "2023-05-14-23-00-00", "latency": "31"}, {"date": "2023-05-14-23-00-00", "latency": "31"}, {"date": "2023-05-14-23-00-00", "latency": "31"}, {"date": "2023-05-14-23-00-00", "latency": "31"}, {"date": "2023-05-14-23-00-00", "latency": "31"}, {"date": "2023-05-14-23-00-00", "latency": "31"}, {"date": "2023-05-14-23-00-00", "latency": "31"}, {"date": "2023-05-14-23-00-00", "latency": "31"}, {"date": "2023-05-14-23-00-00", "latency": "31"}, {"date": "2023-05-14-23-00-00", "latency": "31"}, {"date": "2023-05-14-23-00-00", "latency": "31"}, {"date": "2023-05-14-23-00-00", "latency": "31"}, {"date": "2023-05-14-23-00-00", "latency": "31"}, {"date": "2023-05-14-23-00-00", "latency": "31"}, {"date": "2023-05-14-23-00-00", "latency": "31"}, {"date": "2023-05-14-23-00-00", "latency": "31"}, {"date": "2023-05-14-23-00-00", "latency": "31"}, {"date": "2023-05-14-23-00-00", "latency": "31"}, {"date": "2023-05-14-23-00-00", "latency": "31"}, {"date": "2023-05-14-23-00-00", "latency": "31"}]}, {"location": {"country_code": "es", "region": "Valencia", "city": "Gandia"}, "game_id": "747108", "values": [{"date": "2023-05-14-22-00-00", "latency": "31"}, {"date": "2023-05-14-22-00-00", "latency": "31"}, {"date": "2023-05-14-22-00-00", "latency": "31"}, {"date": "2023-05-14-22-00-00", "latency": "31"}, {"date": "2023-05-14-22-00-00", "latency": "31"}, {"date": "2023-05-14-22-00-00", "latency": "31"}, {"date": "2023-05-14-22-00-00", "latency": "31"}, {"date": "2023-05-14-22-00-00", "latency": "31"}, {"date": "2023-05-14-22-00-00", "latency": "31"}, {"date": "2023-05-14-22-00-00", "latency": "31"}, {"date": "2023-05-14-22-00-00", "latency": "31"}, {"date": "2023-05-14-22-00-00", "latency": "31"}, {"date": "2023-05-14-22-00-00", "latency": "31"}, {"date": "2023-05-14-22-00-00", "latency": "31"}, {"date": "2023-05-14-22-00-00", "latency": "31"}, {"date": "2023-05-14-22-00-00", "latency": "31"}, {"date": "2023-05-14-22-00-00", "latency": "31"}]}, {"location": {"country_code": "bs"}, "game_id": "747108", "values": [{"date": "2023-05-14-11-00-00", "latency": "15"}, {"date": "2023-05-14-11-00-00", "latency": "15"}, {"date": "2023-05-14-11-00-00", "latency": "15"}, {"date": "2023-05-14-11-00-00", "latency": "15"}, {"date": "2023-05-14-11-00-00", "latency": "15"}, {"date": "2023-05-14-11-00-00", "latency": "15"}, {"date": "2023-05-14-11-00-00", "latency": "15"}, {"date": "2023-05-14-11-00-00", "latency": "15"}, {"date": "2023-05-14-11-00-00", "latency": "15"}, {"date": "2023-05-14-11-00-00", "latency": "15"}, {"date": "2023-05-14-11-00-00", "latency": "15"}, {"date": "2023-05-14-11-00-00", "latency": "15"}, {"date": "2023-05-14-11-00-00", "latency": "15"}, {"date": "2023-05-14-11-00-00", "latency": "15"}, {"date": "2023-05-14-11-00-00", "latency": "15"}, {"date": "2023-05-14-11-00-00", "latency": "15"}, {"date": "2023-05-14-11-00-00", "latency": "15"}, {"date": "2023-05-14-11-00-00", "latency": "15"}, {"date": "2023-05-14-11-00-00", "latency": "15"}, {"date": "2023-05-14-11-00-00", "latency": "15"}, {"date": "2023-05-14-11-00-00", "latency": "15"}, {"date": "2023-05-14-11-00-00", "latency": "15"}, {"date": "2023-05-14-11-00-00", "latency": "15"}, {"date": "2023-05-14-11-00-00", "latency": "15"}, {"date": "2023-05-14-11-00-00", "latency": "15"}, {"date": "2023-05-14-11-00-00", "latency": "15"}, {"date": "2023-05-14-11-00-00", "latency": "15"}, {"date": "2023-05-14-11-00-00", "latency": "15"}, {"date": "2023-05-14-11-00-00", "latency": "15"}, {"date": "2023-05-14-11-00-00", "latency": "15"}, {"date": "2023-05-14-11-00-00", "latency": "15"}, {"date": "2023-05-14-11-00-00", "latency": "15"}, {"date": "2023-05-14-11-00-00", "latency": "15"}, {"date": "2023-05-14-11-00-00", "latency": "15"}, {"date": "2023-05-14-11-00-00", "latency": "15"}]}, {"location": {"country_code": "mx", "region": "Jalisco"}, "game_id": "747108", "values": [{"date": "2023-05-14-02-00-00", "latency": "2"}]}, {"location": {"country_code": "de", "region": "North Rhine-Westphalia", "city": "Gelsenkirchen"}, "game_id": "747108", "values": [{"date": "2023-05-15-00-00-00", "latency": "16"}, {"date": "2023-05-15-00-00-00", "latency": "16"}, {"date": "2023-05-15-00-00-00", "latency": "16"}, {"date": "2023-05-15-00-00-00", "latency": "16"}, {"date": "2023-05-15-00-00-00", "latency": "16"}, {"date": "2023-05-15-00-00-00", "latency": "16"}, {"date": "2023-05-15-00-00-00", "latency": "16"}, {"date": "2023-05-15-00-00-00", "latency": "16"}, {"date": "2023-05-15-00-00-00", "latency": "16"}, {"date": "2023-05-15-00-00-00", "latency": "16"}, {"date": "2023-05-15-00-00-00", "latency": "16"}, {"date": "2023-05-15-00-00-00", "latency": "16"}, {"date": "2023-05-15-00-00-00", "latency": "16"}, {"date": "2023-05-15-00-00-00", "latency": "16"}]}, {"location": {"country_code": "es", "region": "Andalusia", "city": "Cordoba"}, "game_id": "747108", "values": [{"date": "2023-05-14-23-00-00", "latency": "47"}, {"date": "2023-05-14-23-00-00", "latency": "47"}, {"date": "2023-05-14-23-00-00", "latency": "47"}, {"date": "2023-05-14-23-00-00", "latency": "47"}, {"date": "2023-05-14-23-00-00", "latency": "47"}, {"date": "2023-05-14-23-00-00", "latency": "47"}, {"date": "2023-05-14-23-00-00", "latency": "47"}, {"date": "2023-05-14-23-00-00", "latency": "47"}, {"date": "2023-05-14-23-00-00", "latency": "47"}, {"date": "2023-05-14-23-00-00", "latency": "47"}, {"date": "2023-05-14-23-00-00", "latency": "47"}, {"date": "2023-05-14-23-00-00", "latency": "47"}, {"date": "2023-05-14-23-00-00", "latency": "47"}, {"date": "2023-05-14-23-00-00", "latency": "47"}, {"date": "2023-05-14-23-00-00", "latency": "47"}, {"date": "2023-05-14-23-00-00", "latency": "47"}, {"date": "2023-05-14-23-00-00", "latency": "47"}, {"date": "2023-05-14-23-00-00", "latency": "47"}, {"date": "2023-05-14-23-00-00", "latency": "47"}, {"date": "2023-05-14-23-00-00", "latency": "47"}, {"date": "2023-05-14-23-00-00", "latency": "47"}, {"date": "2023-05-14-23-00-00", "latency": "47"}, {"date": "2023-05-14-23-00-00", "latency": "47"}, {"date": "2023-05-14-23-00-00", "latency": "47"}, {"date": "2023-05-14-23-00-00", "latency": "47"}, {"date": "2023-05-14-23-00-00", "latency": "47"}, {"date": "2023-05-14-23-00-00", "latency": "47"}, {"date": "2023-05-14-23-00-00", "latency": "47"}, {"date": "2023-05-14-23-00-00", "latency": "47"}, {"date": "2023-05-14-23-00-00", "latency": "47"}, {"date": "2023-05-14-23-00-00", "latency": "47"}, {"date": "2023-05-14-23-00-00", "latency": "47"}, {"date": "2023-05-14-23-00-00", "latency": "47"}, {"date": "2023-05-14-23-00-00", "latency": "47"}, {"date": "2023-05-14-23-00-00", "latency": "47"}, {"date": "2023-05-14-23-00-00", "latency": "47"}, {"date": "2023-05-14-23-00-00", "latency": "47"}, {"date": "2023-05-14-23-00-00", "latency": "47"}, {"date": "2023-05-14-23-00-00", "latency": "47"}, {"date": "2023-05-14-23-00-00", "latency": "47"}, {"date": "2023-05-14-23-00-00", "latency": "47"}, {"date": "2023-05-14-23-00-00", "latency": "47"}, {"date": "2023-05-14-23-00-00", "latency": "47"}, {"date": "2023-05-14-23-00-00", "latency": "47"}]}, {"location": {"country_code": "co", "region": "Bogota"}, "game_id": "747108", "values": [{"date": "2023-05-14-02-00-00", "latency": "78"}, {"date": "2023-05-14-02-00-00", "latency": "78"}, {"date": "2023-05-14-02-00-00", "latency": "78"}, {"date": "2023-05-14-02-00-00", "latency": "78"}, {"date": "2023-05-14-02-00-00", "latency": "78"}, {"date": "2023-05-14-02-00-00", "latency": "78"}, {"date": "2023-05-14-02-00-00", "latency": "78"}, {"date": "2023-05-14-02-00-00", "latency": "78"}, {"date": "2023-05-14-02-00-00", "latency": "78"}, {"date": "2023-05-14-02-00-00", "latency": "78"}, {"date": "2023-05-14-02-00-00", "latency": "78"}, {"date": "2023-05-14-02-00-00", "latency": "78"}, {"date": "2023-05-14-02-00-00", "latency": "78"}, {"date": "2023-05-14-02-00-00", "latency": "78"}, {"date": "2023-05-14-02-00-00", "latency": "78"}, {"date": "2023-05-14-02-00-00", "latency": "78"}, {"date": "2023-05-14-02-00-00", "latency": "78"}, {"date": "2023-05-14-02-00-00", "latency": "78"}, {"date": "2023-05-14-02-00-00", "latency": "78"}, {"date": "2023-05-14-02-00-00", "latency": "78"}, {"date": "2023-05-14-02-00-00", "latency": "78"}, {"date": "2023-05-14-02-00-00", "latency": "78"}, {"date": "2023-05-14-02-00-00", "latency": "78"}, {"date": "2023-05-14-02-00-00", "latency": "78"}, {"date": "2023-05-14-02-00-00", "latency": "78"}, {"date": "2023-05-14-02-00-00", "latency": "78"}, {"date": "2023-05-14-02-00-00", "latency": "78"}, {"date": "2023-05-14-02-00-00", "latency": "78"}, {"date": "2023-05-14-02-00-00", "latency": "78"}, {"date": "2023-05-14-02-00-00", "latency": "78"}, {"date": "2023-05-14-02-00-00", "latency": "78"}, {"date": "2023-05-14-02-00-00", "latency": "78"}, {"date": "2023-05-14-02-00-00", "latency": "78"}, {"date": "2023-05-14-02-00-00", "latency": "78"}, {"date": "2023-05-14-02-00-00", "latency": "78"}, {"date": "2023-05-14-02-00-00", "latency": "78"}, {"date": "2023-05-14-02-00-00", "latency": "78"}, {"date": "2023-05-14-02-00-00", "latency": "78"}, {"date": "2023-05-14-02-00-00", "latency": "78"}, {"date": "2023-05-14-02-00-00", "latency": "78"}, {"date": "2023-05-14-02-00-00", "latency": "78"}]}, {"location": {"country_code": "fr", "region": "Nord-Passo di Calais-Piccardia", "city": "Albert"}, "game_id": "747108", "values": [{"date": "2023-05-15-01-00-00", "latency": "62"}, {"date": "2023-05-15-01-00-00", "latency": "62"}, {"date": "2023-05-15-01-00-00", "latency": "62"}, {"date": "2023-05-15-01-00-00", "latency": "62"}, {"date": "2023-05-15-01-00-00", "latency": "62"}, {"date": "2023-05-15-01-00-00", "latency": "62"}, {"date": "2023-05-15-01-00-00", "latency": "62"}, {"date": "2023-05-15-01-00-00", "latency": "62"}, {"date": "2023-05-15-01-00-00", "latency": "62"}, {"date": "2023-05-15-01-00-00", "latency": "62"}, {"date": "2023-05-15-01-00-00", "latency": "62"}, {"date": "2023-05-15-01-00-00", "latency": "62"}, {"date": "2023-05-15-01-00-00", "latency": "62"}, {"date": "2023-05-15-01-00-00", "latency": "62"}, {"date": "2023-05-15-01-00-00", "latency": "62"}, {"date": "2023-05-15-01-00-00", "latency": "62"}, {"date": "2023-05-15-01-00-00", "latency": "62"}, {"date": "2023-05-15-01-00-00", "latency": "62"}, {"date": "2023-05-15-01-00-00", "latency": "62"}, {"date": "2023-05-15-01-00-00", "latency": "62"}, {"date": "2023-05-15-01-00-00", "latency": "62"}, {"date": "2023-05-15-01-00-00", "latency": "62"}, {"date": "2023-05-15-01-00-00", "latency": "62"}, {"date": "2023-05-15-01-00-00", "latency": "62"}, {"date": "2023-05-15-01-00-00", "latency": "62"}, {"date": "2023-05-15-01-00-00", "latency": "62"}, {"date": "2023-05-15-01-00-00", "latency": "62"}, {"date": "2023-05-15-01-00-00", "latency": "62"}, {"date": "2023-05-15-01-00-00", "latency": "62"}, {"date": "2023-05-15-01-00-00", "latency": "62"}, {"date": "2023-05-15-01-00-00", "latency": "62"}, {"date": "2023-05-15-01-00-00", "latency": "62"}, {"date": "2023-05-15-01-00-00", "latency": "62"}, {"date": "2023-05-15-01-00-00", "latency": "62"}, {"date": "2023-05-15-01-00-00", "latency": "62"}, {"date": "2023-05-15-01-00-00", "latency": "62"}, {"date": "2023-05-15-01-00-00", "latency": "62"}, {"date": "2023-05-15-01-00-00", "latency": "62"}, {"date": "2023-05-15-01-00-00", "latency": "62"}]}, {"location": {"country_code": "es", "region": "Cantabria", "city": "Torres"}, "game_id": "747108", "values": [{"date": "2023-05-14-18-00-00", "latency": "47"}, {"date": "2023-05-14-18-00-00", "latency": "47"}, {"date": "2023-05-14-18-00-00", "latency": "47"}, {"date": "2023-05-14-18-00-00", "latency": "47"}, {"date": "2023-05-14-18-00-00", "latency": "47"}, {"date": "2023-05-14-18-00-00", "latency": "47"}, {"date": "2023-05-14-18-00-00", "latency": "47"}, {"date": "2023-05-14-18-00-00", "latency": "47"}, {"date": "2023-05-14-18-00-00", "latency": "47"}, {"date": "2023-05-14-18-00-00", "latency": "47"}, {"date": "2023-05-14-18-00-00", "latency": "47"}, {"date": "2023-05-14-18-00-00", "latency": "47"}, {"date": "2023-05-14-18-00-00", "latency": "47"}, {"date": "2023-05-14-18-00-00", "latency": "47"}, {"date": "2023-05-14-18-00-00", "latency": "47"}, {"date": "2023-05-14-18-00-00", "latency": "47"}, {"date": "2023-05-14-18-00-00", "latency": "47"}, {"date": "2023-05-14-18-00-00", "latency": "47"}, {"date": "2023-05-14-18-00-00", "latency": "47"}, {"date": "2023-05-14-18-00-00", "latency": "47"}, {"date": "2023-05-14-18-00-00", "latency": "47"}, {"date": "2023-05-14-18-00-00", "latency": "47"}, {"date": "2023-05-14-18-00-00", "latency": "47"}, {"date": "2023-05-14-18-00-00", "latency": "47"}, {"date": "2023-05-14-18-00-00", "latency": "47"}, {"date": "2023-05-14-18-00-00", "latency": "47"}, {"date": "2023-05-14-18-00-00", "latency": "47"}, {"date": "2023-05-14-18-00-00", "latency": "47"}, {"date": "2023-05-14-18-00-00", "latency": "47"}]}, {"location": {"country_code": "us", "region": "Arkansas", "city": "Newport"}, "game_id": "747108", "values": [{"date": "2023-05-14-23-00-00", "latency": "16"}, {"date": "2023-05-14-23-00-00", "latency": "16"}, {"date": "2023-05-14-23-00-00", "latency": "16"}, {"date": "2023-05-14-23-00-00", "latency": "16"}, {"date": "2023-05-14-23-00-00", "latency": "16"}, {"date": "2023-05-14-23-00-00", "latency": "16"}, {"date": "2023-05-14-23-00-00", "latency": "16"}, {"date": "2023-05-14-23-00-00", "latency": "16"}, {"date": "2023-05-14-23-00-00", "latency": "16"}, {"date": "2023-05-14-23-00-00", "latency": "16"}, {"date": "2023-05-14-23-00-00", "latency": "16"}, {"date": "2023-05-14-23-00-00", "latency": "16"}, {"date": "2023-05-14-23-00-00", "latency": "16"}, {"date": "2023-05-14-23-00-00", "latency": "16"}, {"date": "2023-05-14-23-00-00", "latency": "16"}, {"date": "2023-05-14-23-00-00", "latency": "16"}, {"date": "2023-05-14-23-00-00", "latency": "16"}, {"date": "2023-05-14-23-00-00", "latency": "16"}, {"date": "2023-05-14-23-00-00", "latency": "16"}, {"date": "2023-05-14-23-00-00", "latency": "16"}, {"date": "2023-05-14-23-00-00", "latency": "16"}, {"date": "2023-05-14-23-00-00", "latency": "16"}, {"date": "2023-05-14-23-00-00", "latency": "16"}, {"date": "2023-05-14-23-00-00", "latency": "16"}, {"date": "2023-05-14-23-00-00", "latency": "16"}, {"date": "2023-05-14-23-00-00", "latency": "16"}, {"date": "2023-05-14-23-00-00", "latency": "16"}, {"date": "2023-05-14-23-00-00", "latency": "16"}, {"date": "2023-05-14-23-00-00", "latency": "16"}, {"date": "2023-05-14-23-00-00", "latency": "16"}, {"date": "2023-05-14-23-00-00", "latency": "16"}, {"date": "2023-05-14-23-00-00", "latency": "16"}, {"date": "2023-05-14-23-00-00", "latency": "16"}, {"date": "2023-05-14-23-00-00", "latency": "16"}, {"date": "2023-05-14-23-00-00", "latency": "16"}, {"date": "2023-05-14-23-00-00", "latency": "16"}, {"date": "2023-05-14-23-00-00", "latency": "16"}, {"date": "2023-05-14-23-00-00", "latency": "16"}, {"date": "2023-05-14-23-00-00", "latency": "16"}, {"date": "2023-05-14-23-00-00", "latency": "16"}, {"date": "2023-05-14-23-00-00", "latency": "16"}, {"date": "2023-05-14-23-00-00", "latency": "16"}, {"date": "2023-05-14-23-00-00", "latency": "16"}, {"date": "2023-05-14-23-00-00", "latency": "16"}, {"date": "2023-05-14-23-00-00", "latency": "16"}, {"date": "2023-05-14-23-00-00", "latency": "16"}, {"date": "2023-05-14-23-00-00", "latency": "16"}, {"date": "2023-05-14-23-00-00", "latency": "16"}, {"date": "2023-05-14-23-00-00", "latency": "16"}, {"date": "2023-05-14-23-00-00", "latency": "16"}, {"date": "2023-05-14-23-00-00", "latency": "16"}, {"date": "2023-05-14-23-00-00", "latency": "16"}]}], "last_updated": 1719915331.099142}