{"data": [{"location": {"country_code": "us"}, "game_id": "116088", "values": [{"date": "2023-10-01-10-00-00", "latency": 35}]}, {"location": {"country_code": "us", "region": "New York", "city": "Jamestown"}, "game_id": "116088", "values": [{"date": "2023-10-01-18-00-00", "latency": 10}]}, {"location": {"country_code": "gr"}, "game_id": "116088", "values": [{"date": "2023-10-01-10-00-00", "latency": 9}, {"date": "2023-10-01-10-00-00", "latency": 9}]}, {"location": {"country_code": "jp"}, "game_id": "116088", "values": [{"date": "2023-10-01-13-00-00", "latency": 25}, {"date": "2023-10-01-13-00-00", "latency": 25}, {"date": "2023-10-01-13-00-00", "latency": 25}, {"date": "2023-10-01-13-00-00", "latency": 25}, {"date": "2023-10-01-13-00-00", "latency": 25}, {"date": "2023-10-01-13-00-00", "latency": 25}, {"date": "2023-10-01-13-00-00", "latency": 25}, {"date": "2023-10-01-13-00-00", "latency": 25}, {"date": "2023-10-01-13-00-00", "latency": 25}, {"date": "2023-10-01-13-00-00", "latency": 25}]}, {"location": {"country_code": "ca"}, "game_id": "116088", "values": [{"date": "2023-10-01-05-00-00", "latency": 33}, {"date": "2023-10-01-05-00-00", "latency": 33}, {"date": "2023-10-01-05-00-00", "latency": 33}, {"date": "2023-10-01-05-00-00", "latency": 33}, {"date": "2023-10-01-05-00-00", "latency": 33}]}, {"location": {"country_code": "br", "region": "Parana", "city": "Araucaria"}, "game_id": "116088", "values": [{"date": "2023-10-01-14-00-00", "latency": 34}, {"date": "2023-10-01-14-00-00", "latency": 34}, {"date": "2023-10-01-14-00-00", "latency": 34}, {"date": "2023-10-01-14-00-00", "latency": 34}, {"date": "2023-10-01-14-00-00", "latency": 34}]}, {"location": {"country_code": "ph"}, "game_id": "116088", "values": [{"date": "2023-10-01-18-00-00", "latency": 0}]}, {"location": {"country_code": "in"}, "game_id": "116088", "values": [{"date": "2023-10-01-17-00-00", "latency": 2}, {"date": "2023-10-01-17-00-00", "latency": 2}, {"date": "2023-10-01-17-00-00", "latency": 2}, {"date": "2023-10-01-17-00-00", "latency": 4}]}, {"location": {"country_code": "br"}, "game_id": "116088", "values": [{"date": "2023-10-01-06-00-00", "latency": 3}, {"date": "2023-10-01-02-00-00", "latency": 86}, {"date": "2023-10-01-02-00-00", "latency": 86}, {"date": "2023-10-01-02-00-00", "latency": 86}, {"date": "2023-10-01-02-00-00", "latency": 86}, {"date": "2023-10-01-03-00-00", "latency": 28}, {"date": "2023-10-01-03-00-00", "latency": 28}, {"date": "2023-10-01-03-00-00", "latency": 28}, {"date": "2023-10-01-03-00-00", "latency": 28}, {"date": "2023-10-01-03-00-00", "latency": 28}]}, {"location": {"country_code": "us", "region": "California", "city": "East Los Angeles"}, "game_id": "116088", "values": [{"date": "2023-10-01-06-00-00", "latency": 3}, {"date": "2023-10-01-06-00-00", "latency": 3}]}, {"location": {"country_code": "au"}, "game_id": "116088", "values": [{"date": "2023-10-01-13-00-00", "latency": 0}]}, {"location": {"country_code": "ar"}, "game_id": "116088", "values": [{"date": "2023-10-01-05-00-00", "latency": 6}, {"date": "2023-10-01-16-00-00", "latency": 3}]}, {"location": {"country_code": "ar", "region": "Buenos Aires F.D.", "city": "Bahia Blanca"}, "game_id": "116088", "values": [{"date": "2023-10-01-05-00-00", "latency": 2}]}, {"location": {"country_code": "ve"}, "game_id": "116088", "values": [{"date": "2023-10-02-01-00-00", "latency": 1}]}, {"location": {"country_code": "in", "region": "Maharashtra", "city": "Navi Mumbai"}, "game_id": "116088", "values": [{"date": "2023-10-01-15-00-00", "latency": 130}, {"date": "2023-10-01-15-00-00", "latency": 130}, {"date": "2023-10-01-15-00-00", "latency": 130}, {"date": "2023-10-01-15-00-00", "latency": 130}, {"date": "2023-10-01-15-00-00", "latency": 130}]}, {"location": {"country_code": "ua"}, "game_id": "116088", "values": [{"date": "2023-10-01-18-00-00", "latency": 25}, {"date": "2023-10-01-18-00-00", "latency": 25}, {"date": "2023-10-01-18-00-00", "latency": 25}, {"date": "2023-10-01-18-00-00", "latency": 25}, {"date": "2023-10-01-18-00-00", "latency": 25}, {"date": "2023-10-01-18-00-00", "latency": 25}, {"date": "2023-10-02-00-00-00", "latency": 7}]}, {"location": {"country_code": "kz"}, "game_id": "116088", "values": [{"date": "2023-10-01-22-00-00", "latency": 8}, {"date": "2023-10-01-22-00-00", "latency": 8}]}, {"location": {"country_code": "sg"}, "game_id": "116088", "values": [{"date": "2023-10-01-12-00-00", "latency": 0}, {"date": "2023-10-01-12-00-00", "latency": 0}, {"date": "2023-10-01-12-00-00", "latency": 0}, {"date": "2023-10-01-12-00-00", "latency": 0}, {"date": "2023-10-01-12-00-00", "latency": 0}, {"date": "2023-10-01-12-00-00", "latency": 0}, {"date": "2023-10-01-12-00-00", "latency": 0}, {"date": "2023-10-01-12-00-00", "latency": 0}, {"date": "2023-10-01-12-00-00", "latency": 0}, {"date": "2023-10-01-12-00-00", "latency": 0}, {"date": "2023-10-01-12-00-00", "latency": 0}]}, {"location": {"country_code": "my"}, "game_id": "116088", "values": [{"date": "2023-10-01-14-00-00", "latency": 22}, {"date": "2023-10-01-14-00-00", "latency": 22}, {"date": "2023-10-01-14-00-00", "latency": 22}, {"date": "2023-10-01-14-00-00", "latency": 22}]}, {"location": {"country_code": "sv"}, "game_id": "116088", "values": [{"date": "2023-10-01-15-00-00", "latency": 42}, {"date": "2023-10-01-15-00-00", "latency": 42}, {"date": "2023-10-01-15-00-00", "latency": 42}, {"date": "2023-10-01-15-00-00", "latency": 42}]}, {"location": {"country_code": "pe", "region": "Lima region", "city": "Lima"}, "game_id": "116088", "values": [{"date": "2023-10-01-08-00-00", "latency": 0}]}, {"location": {"country_code": "pk"}, "game_id": "116088", "values": [{"date": "2023-10-01-21-00-00", "latency": 75}, {"date": "2023-10-01-21-00-00", "latency": 75}, {"date": "2023-10-01-21-00-00", "latency": 75}, {"date": "2023-10-01-21-00-00", "latency": 75}]}, {"location": {"country_code": "dj"}, "game_id": "116088", "values": [{"date": "2023-10-01-10-00-00", "latency": 1}, {"date": "2023-10-01-10-00-00", "latency": 1}, {"date": "2023-10-01-10-00-00", "latency": 1}, {"date": "2023-10-01-10-00-00", "latency": 1}, {"date": "2023-10-01-10-00-00", "latency": 1}]}, {"location": {"country_code": "ne"}, "game_id": "116088", "values": [{"date": "2023-10-01-20-00-00", "latency": 7}, {"date": "2023-10-01-20-00-00", "latency": 7}, {"date": "2023-10-01-20-00-00", "latency": 7}]}, {"location": {"country_code": "in", "region": "National Capital Territory of Delhi", "city": "New Delhi"}, "game_id": "116088", "values": [{"date": "2023-10-01-18-00-00", "latency": 7}, {"date": "2023-10-01-18-00-00", "latency": 7}]}, {"location": {"country_code": "br", "region": "Sao Paulo", "city": "Presidente Prudente"}, "game_id": "116088", "values": [{"date": "2023-10-01-17-00-00", "latency": 0}]}, {"location": {"country_code": "lk"}, "game_id": "116088", "values": [{"date": "2023-10-01-13-00-00", "latency": 23}, {"date": "2023-10-01-13-00-00", "latency": 23}, {"date": "2023-10-01-13-00-00", "latency": 23}, {"date": "2023-10-01-13-00-00", "latency": 23}, {"date": "2023-10-01-13-00-00", "latency": 23}, {"date": "2023-10-01-13-00-00", "latency": 23}]}, {"location": {"country_code": "ru", "region": "Krasnodar Krai", "city": "Novorossiysk"}, "game_id": "116088", "values": [{"date": "2023-10-01-03-00-00", "latency": 43}, {"date": "2023-10-01-03-00-00", "latency": 43}, {"date": "2023-10-01-03-00-00", "latency": 43}]}, {"location": {"country_code": "ru", "region": "Krasnoyarsk Krai"}, "game_id": "116088", "values": [{"date": "2023-10-01-07-00-00", "latency": 1}]}, {"location": {"country_code": "us", "region": "Ohio", "city": "Fairborn"}, "game_id": "116088", "values": [{"date": "2023-10-01-02-00-00", "latency": 31}]}, {"location": {"country_code": "pe", "region": "Junin Region", "city": "Huancayo"}, "game_id": "116088", "values": [{"date": "2023-10-01-02-00-00", "latency": 89}]}, {"location": {"country_code": "dz", "region": "Oran Province"}, "game_id": "116088", "values": [{"date": "2023-10-01-15-00-00", "latency": 4}]}], "last_updated": 1719919367.154173}