{"data": [{"location": {"country_code": "us", "region": "Nevada", "city": "Las Vegas"}, "game_id": "319965", "values": [{"date": "2021-12-19-20-00-00", "latency": 103}]}, {"location": {"country_code": "gb"}, "game_id": "319965", "values": [{"date": "2021-12-19-19-00-00", "latency": 150}]}, {"location": {"country_code": "gb", "region": "England"}, "game_id": "319965", "values": [{"date": "2021-12-19-21-00-00", "latency": 127}]}, {"location": {"country_code": "mx", "region": "Mexico City"}, "game_id": "319965", "values": [{"date": "2021-12-20-00-00-00", "latency": 72}, {"date": "2021-12-20-00-00-00", "latency": 72}]}, {"location": {"country_code": "es"}, "game_id": "319965", "values": [{"date": "2021-12-20-01-00-00", "latency": 143}, {"date": "2021-12-20-01-00-00", "latency": 143}, {"date": "2021-12-20-01-00-00", "latency": 143}]}, {"location": {"country_code": "us", "region": "District of Columbia", "city": "Washington"}, "game_id": "319965", "values": [{"date": "2021-12-19-23-00-00", "latency": 71}, {"date": "2021-12-19-23-00-00", "latency": 71}, {"date": "2021-12-19-23-00-00", "latency": 71}, {"date": "2021-12-19-23-00-00", "latency": 71}]}], "last_updated": 1719927614.725951}