{"data": [{"location": {"country_code": "iq"}, "game_id": "742409", "values": [{"date": "2024-05-01-20-00-00", "latency": 84}]}, {"location": {"country_code": "gb"}, "game_id": "742409", "values": [{"date": "2024-05-01-11-00-00", "latency": 43}]}, {"location": {"country_code": "rs"}, "game_id": "742409", "values": [{"date": "2024-05-01-23-00-00", "latency": 71}]}, {"location": {"country_code": "es"}, "game_id": "742409", "values": [{"date": "2024-05-01-17-00-00", "latency": 65}]}, {"location": {"country_code": "ua"}, "game_id": "742409", "values": [{"date": "2024-05-01-17-00-00", "latency": 44}]}, {"location": {"country_code": "ua", "region": "Vinnytsia Oblast"}, "game_id": "742409", "values": [{"date": "2024-05-01-14-00-00", "latency": 72}]}, {"location": {"country_code": "de", "region": "Saxony-Anhalt"}, "game_id": "742409", "values": [{"date": "2024-05-01-20-00-00", "latency": 32}]}, {"location": {"country_code": "es", "region": "Valencia", "city": "Gandia"}, "game_id": "742409", "values": [{"date": "2024-05-01-19-00-00", "latency": 87}]}], "last_updated": 1719927583.372774}