{"data": [{"location": {"country_code": "us"}, "game_id": "742409", "values": [{"date": "2024-05-02-03-00-00", "latency": 90}]}, {"location": {"country_code": "gb"}, "game_id": "742409", "values": [{"date": "2024-05-02-15-00-00", "latency": 28}, {"date": "2024-05-02-11-00-00", "latency": 53}, {"date": "2024-05-02-11-00-00", "latency": 53}, {"date": "2024-05-02-18-00-00", "latency": 40}]}, {"location": {"country_code": "es", "region": "Madrid", "city": "Parla"}, "game_id": "742409", "values": [{"date": "2024-05-02-22-00-00", "latency": 45}, {"date": "2024-05-02-22-00-00", "latency": 45}, {"date": "2024-05-02-22-00-00", "latency": 45}]}, {"location": {"country_code": "ua"}, "game_id": "742409", "values": [{"date": "2024-05-02-17-00-00", "latency": 43}, {"date": "2024-05-02-17-00-00", "latency": 43}, {"date": "2024-05-02-17-00-00", "latency": 43}, {"date": "2024-05-02-17-00-00", "latency": 43}, {"date": "2024-05-02-20-00-00", "latency": 61}, {"date": "2024-05-02-20-00-00", "latency": 49}, {"date": "2024-05-02-23-00-00", "latency": 64}, {"date": "2024-05-02-23-00-00", "latency": 64}, {"date": "2024-05-02-23-00-00", "latency": 64}, {"date": "2024-05-02-23-00-00", "latency": 64}]}, {"location": {"country_code": "se", "region": "Stockholm County", "city": "Stockholm"}, "game_id": "742409", "values": [{"date": "2024-05-02-16-00-00", "latency": 62}, {"date": "2024-05-02-16-00-00", "latency": 62}]}, {"location": {"country_code": "hr"}, "game_id": "742409", "values": [{"date": "2024-05-02-11-00-00", "latency": 77}]}, {"location": {"country_code": "rs", "region": "Vojvodina", "city": "Novi Sad"}, "game_id": "742409", "values": [{"date": "2024-05-03-02-00-00", "latency": 59}, {"date": "2024-05-03-02-00-00", "latency": 59}]}, {"location": {"country_code": "sk", "region": "Bratislava Region", "city": "Bratislava"}, "game_id": "742409", "values": [{"date": "2024-05-02-22-00-00", "latency": 44}]}, {"location": {"country_code": "es", "region": "Basque Country", "city": "Onati"}, "game_id": "742409", "values": [{"date": "2024-05-02-14-00-00", "latency": 63}]}], "last_updated": 1719927583.174742}