{"data": [{"location": {"country_code": "us"}, "game_id": "614266", "values": [{"date": "2024-04-22-02-00-00", "latency": "9"}]}, {"location": {"country_code": "us", "region": "Idaho"}, "game_id": "614266", "values": [{"date": "2024-04-22-05-00-00", "latency": "158"}, {"date": "2024-04-22-05-00-00", "latency": "158"}, {"date": "2024-04-22-05-00-00", "latency": "158"}, {"date": "2024-04-22-05-00-00", "latency": "158"}]}, {"location": {"country_code": "us", "region": "Michigan", "city": "Kentwood"}, "game_id": "614266", "values": [{"date": "2024-04-22-05-00-00", "latency": "31"}, {"date": "2024-04-22-05-00-00", "latency": "31"}, {"date": "2024-04-22-05-00-00", "latency": "31"}, {"date": "2024-04-22-05-00-00", "latency": "31"}, {"date": "2024-04-22-05-00-00", "latency": "31"}, {"date": "2024-04-22-05-00-00", "latency": "31"}, {"date": "2024-04-22-05-00-00", "latency": "31"}, {"date": "2024-04-22-05-00-00", "latency": "31"}]}, {"location": {"country_code": "ca"}, "game_id": "614266", "values": [{"date": "2024-04-22-06-00-00", "latency": "85"}]}, {"location": {"country_code": "de"}, "game_id": "614266", "values": [{"date": "2024-04-22-19-00-00", "latency": "13"}, {"date": "2024-04-22-19-00-00", "latency": "13"}]}, {"location": {"country_code": "kr"}, "game_id": "614266", "values": [{"date": "2024-04-22-08-00-00", "latency": "28"}, {"date": "2024-04-22-08-00-00", "latency": "28"}, {"date": "2024-04-22-08-00-00", "latency": "28"}, {"date": "2024-04-22-08-00-00", "latency": "28"}, {"date": "2024-04-22-08-00-00", "latency": "28"}, {"date": "2024-04-22-08-00-00", "latency": "28"}, {"date": "2024-04-22-08-00-00", "latency": "28"}, {"date": "2024-04-22-08-00-00", "latency": "28"}, {"date": "2024-04-22-08-00-00", "latency": "28"}, {"date": "2024-04-22-08-00-00", "latency": "28"}, {"date": "2024-04-22-08-00-00", "latency": "28"}, {"date": "2024-04-22-08-00-00", "latency": "28"}, {"date": "2024-04-22-08-00-00", "latency": "28"}, {"date": "2024-04-22-08-00-00", "latency": "28"}, {"date": "2024-04-22-08-00-00", "latency": "28"}, {"date": "2024-04-22-08-00-00", "latency": "28"}, {"date": "2024-04-22-08-00-00", "latency": "28"}, {"date": "2024-04-22-08-00-00", "latency": "28"}, {"date": "2024-04-22-08-00-00", "latency": "28"}]}, {"location": {"country_code": "gb", "region": "England"}, "game_id": "614266", "values": [{"date": "2024-04-22-16-00-00", "latency": "21"}, {"date": "2024-04-22-16-00-00", "latency": "21"}]}, {"location": {"country_code": "mx"}, "game_id": "614266", "values": [{"date": "2024-04-22-12-00-00", "latency": "46"}, {"date": "2024-04-22-12-00-00", "latency": "46"}, {"date": "2024-04-22-12-00-00", "latency": "46"}, {"date": "2024-04-22-12-00-00", "latency": "46"}, {"date": "2024-04-22-12-00-00", "latency": "46"}, {"date": "2024-04-22-12-00-00", "latency": "46"}, {"date": "2024-04-22-12-00-00", "latency": "46"}, {"date": "2024-04-22-12-00-00", "latency": "46"}, {"date": "2024-04-22-12-00-00", "latency": "46"}, {"date": "2024-04-22-12-00-00", "latency": "46"}, {"date": "2024-04-22-12-00-00", "latency": "46"}, {"date": "2024-04-22-12-00-00", "latency": "46"}, {"date": "2024-04-22-12-00-00", "latency": "46"}, {"date": "2024-04-22-12-00-00", "latency": "46"}, {"date": "2024-04-22-12-00-00", "latency": "46"}, {"date": "2024-04-22-12-00-00", "latency": "46"}, {"date": "2024-04-22-12-00-00", "latency": "46"}, {"date": "2024-04-22-12-00-00", "latency": "46"}, {"date": "2024-04-22-12-00-00", "latency": "46"}, {"date": "2024-04-22-12-00-00", "latency": "46"}, {"date": "2024-04-22-12-00-00", "latency": "46"}]}, {"location": {"country_code": "au"}, "game_id": "614266", "values": [{"date": "2024-04-22-14-00-00", "latency": "18"}, {"date": "2024-04-22-14-00-00", "latency": "18"}, {"date": "2024-04-22-14-00-00", "latency": "18"}, {"date": "2024-04-22-14-00-00", "latency": "18"}, {"date": "2024-04-22-14-00-00", "latency": "18"}]}, {"location": {"country_code": "us", "region": "California", "city": "Chula Vista"}, "game_id": "614266", "values": [{"date": "2024-04-22-02-00-00", "latency": "24"}, {"date": "2024-04-22-02-00-00", "latency": "24"}, {"date": "2024-04-22-02-00-00", "latency": "24"}, {"date": "2024-04-22-02-00-00", "latency": "24"}, {"date": "2024-04-22-02-00-00", "latency": "24"}]}, {"location": {"country_code": "us", "region": "Tennessee", "city": "Nashville"}, "game_id": "614266", "values": [{"date": "2024-04-23-02-00-00", "latency": "1"}]}, {"location": {"country_code": "co", "region": "Bogota"}, "game_id": "614266", "values": [{"date": "2024-04-22-08-00-00", "latency": "7"}, {"date": "2024-04-22-08-00-00", "latency": "7"}, {"date": "2024-04-22-08-00-00", "latency": "7"}, {"date": "2024-04-22-08-00-00", "latency": "7"}, {"date": "2024-04-22-08-00-00", "latency": "7"}, {"date": "2024-04-22-08-00-00", "latency": "7"}, {"date": "2024-04-22-08-00-00", "latency": "7"}, {"date": "2024-04-22-08-00-00", "latency": "7"}, {"date": "2024-04-22-08-00-00", "latency": "7"}, {"date": "2024-04-22-08-00-00", "latency": "7"}, {"date": "2024-04-22-08-00-00", "latency": "7"}, {"date": "2024-04-22-08-00-00", "latency": "7"}, {"date": "2024-04-22-08-00-00", "latency": "7"}, {"date": "2024-04-22-08-00-00", "latency": "7"}, {"date": "2024-04-22-08-00-00", "latency": "7"}, {"date": "2024-04-22-08-00-00", "latency": "7"}, {"date": "2024-04-22-08-00-00", "latency": "7"}]}], "last_updated": 1719915341.28917}