{"data": [{"location": {"country_code": "nz"}, "game_id": "135305", "values": [{"date": "2022-01-13-12-00-00", "latency": 73}]}, {"location": {"country_code": "de", "region": "Berlin", "city": "Berlin"}, "game_id": "135305", "values": [{"date": "2022-01-13-08-00-00", "latency": 1}, {"date": "2022-01-13-08-00-00", "latency": 1}, {"date": "2022-01-13-15-00-00", "latency": 18}]}, {"location": {"country_code": "gb"}, "game_id": "135305", "values": [{"date": "2022-01-13-18-00-00", "latency": 302}, {"date": "2022-01-13-18-00-00", "latency": 302}]}, {"location": {"country_code": "jp"}, "game_id": "135305", "values": [{"date": "2022-01-13-14-00-00", "latency": 24}, {"date": "2022-01-13-14-00-00", "latency": 24}, {"date": "2022-01-13-14-00-00", "latency": 24}, {"date": "2022-01-13-14-00-00", "latency": 24}, {"date": "2022-01-13-14-00-00", "latency": 24}]}, {"location": {"country_code": "de", "region": "Free and Hanseatic City of Hamburg", "city": "Hamburg"}, "game_id": "135305", "values": [{"date": "2022-01-13-16-00-00", "latency": 7}]}, {"location": {"country_code": "gb", "region": "England"}, "game_id": "135305", "values": [{"date": "2022-01-13-19-00-00", "latency": 29}, {"date": "2022-01-13-19-00-00", "latency": 29}, {"date": "2022-01-13-19-00-00", "latency": 29}]}, {"location": {"country_code": "ph"}, "game_id": "135305", "values": [{"date": "2022-01-13-15-00-00", "latency": 90}, {"date": "2022-01-13-12-00-00", "latency": 7}, {"date": "2022-01-13-16-00-00", "latency": 9}, {"date": "2022-01-13-16-00-00", "latency": 9}]}, {"location": {"country_code": "br", "region": "Minas Gerais", "city": "Betim"}, "game_id": "135305", "values": [{"date": "2022-01-13-23-00-00", "latency": 15}]}, {"location": {"country_code": "mx"}, "game_id": "135305", "values": [{"date": "2022-01-13-01-00-00", "latency": 21}]}, {"location": {"country_code": "br"}, "game_id": "135305", "values": [{"date": "2022-01-13-02-00-00", "latency": 4}, {"date": "2022-01-13-02-00-00", "latency": 4}, {"date": "2022-01-13-02-00-00", "latency": 15}]}, {"location": {"country_code": "br", "region": "Federal District"}, "game_id": "135305", "values": [{"date": "2022-01-13-20-00-00", "latency": 15}]}, {"location": {"country_code": "br", "region": "Sao Paulo", "city": "Apiai"}, "game_id": "135305", "values": [{"date": "2022-01-13-19-00-00", "latency": 59}, {"date": "2022-01-14-01-00-00", "latency": 14}]}, {"location": {"country_code": "se"}, "game_id": "135305", "values": [{"date": "2022-01-13-05-00-00", "latency": 8}]}, {"location": {"country_code": "au"}, "game_id": "135305", "values": [{"date": "2022-01-13-15-00-00", "latency": 50}, {"date": "2022-01-13-12-00-00", "latency": 78}]}, {"location": {"country_code": "ar"}, "game_id": "135305", "values": [{"date": "2022-01-13-19-00-00", "latency": 70}]}, {"location": {"country_code": "us", "region": "Michigan"}, "game_id": "135305", "values": [{"date": "2022-01-13-03-00-00", "latency": 3}]}, {"location": {"country_code": "pe", "region": "Lima region", "city": "Nuevo Lince"}, "game_id": "135305", "values": [{"date": "2022-01-13-10-00-00", "latency": 8}]}, {"location": {"country_code": "br", "region": "Estado de Bahia", "city": "Salvador"}, "game_id": "135305", "values": [{"date": "2022-01-13-22-00-00", "latency": 7}, {"date": "2022-01-13-22-00-00", "latency": 7}, {"date": "2022-01-13-22-00-00", "latency": 7}]}, {"location": {"country_code": "be"}, "game_id": "135305", "values": [{"date": "2022-01-13-15-00-00", "latency": 10}, {"date": "2022-01-13-15-00-00", "latency": 10}]}, {"location": {"country_code": "us", "region": "Nevada", "city": "Las Vegas"}, "game_id": "135305", "values": [{"date": "2022-01-13-14-00-00", "latency": 8}]}, {"location": {"country_code": "gb", "region": "England", "city": "London"}, "game_id": "135305", "values": [{"date": "2022-01-13-02-00-00", "latency": 1}]}, {"location": {"country_code": "ca", "region": "Ontario", "city": "Toronto"}, "game_id": "135305", "values": [{"date": "2022-01-13-22-00-00", "latency": 1419}]}, {"location": {"country_code": "my"}, "game_id": "135305", "values": [{"date": "2022-01-13-14-00-00", "latency": 85}]}, {"location": {"country_code": "id"}, "game_id": "135305", "values": [{"date": "2022-01-13-19-00-00", "latency": 1}, {"date": "2022-01-13-19-00-00", "latency": 1}]}, {"location": {"country_code": "us", "region": "Illinois"}, "game_id": "135305", "values": [{"date": "2022-01-13-09-00-00", "latency": 2}]}, {"location": {"country_code": "mx", "region": "Nuevo Leon", "city": "Monterrey"}, "game_id": "135305", "values": [{"date": "2022-01-13-19-00-00", "latency": 8}]}, {"location": {"country_code": "br", "region": "State of Rio de Janeiro", "city": "Angra dos Reis"}, "game_id": "135305", "values": [{"date": "2022-01-13-03-00-00", "latency": 2}, {"date": "2022-01-13-03-00-00", "latency": 2}, {"date": "2022-01-13-03-00-00", "latency": 2}, {"date": "2022-01-13-17-00-00", "latency": 33}]}, {"location": {"country_code": "es", "region": "Galicia"}, "game_id": "135305", "values": [{"date": "2022-01-13-21-00-00", "latency": 6}]}, {"location": {"country_code": "br", "region": "Rio Grande do Sul"}, "game_id": "135305", "values": [{"date": "2022-01-13-06-00-00", "latency": 15}, {"date": "2022-01-13-06-00-00", "latency": 15}, {"date": "2022-01-13-06-00-00", "latency": 15}, {"date": "2022-01-13-06-00-00", "latency": 15}, {"date": "2022-01-13-06-00-00", "latency": 15}, {"date": "2022-01-13-06-00-00", "latency": 15}]}, {"location": {"country_code": "au", "region": "Queensland", "city": "Gold Coast"}, "game_id": "135305", "values": [{"date": "2022-01-13-07-00-00", "latency": 2217}]}, {"location": {"country_code": "mx", "region": "Jalisco", "city": "Guadalajara"}, "game_id": "135305", "values": [{"date": "2022-01-13-07-00-00", "latency": 56}]}, {"location": {"country_code": "ca", "region": "British Columbia", "city": "Richmond"}, "game_id": "135305", "values": [{"date": "2022-01-13-07-00-00", "latency": 7}, {"date": "2022-01-13-07-00-00", "latency": 7}, {"date": "2022-01-13-07-00-00", "latency": 7}, {"date": "2022-01-13-07-00-00", "latency": 7}, {"date": "2022-01-13-07-00-00", "latency": 7}, {"date": "2022-01-13-12-00-00", "latency": 73}, {"date": "2022-01-13-12-00-00", "latency": 73}]}, {"location": {"country_code": "us", "region": "Mississippi"}, "game_id": "135305", "values": [{"date": "2022-01-13-20-00-00", "latency": 67}]}, {"location": {"country_code": "br", "region": "Parana", "city": "Umuarama"}, "game_id": "135305", "values": [{"date": "2022-01-13-18-00-00", "latency": 15}]}, {"location": {"country_code": "ru", "region": "Vladimir Oblast", "city": "Vladimir"}, "game_id": "135305", "values": [{"date": "2022-01-13-18-00-00", "latency": 73}, {"date": "2022-01-13-18-00-00", "latency": 73}, {"date": "2022-01-13-18-00-00", "latency": 73}, {"date": "2022-01-13-18-00-00", "latency": 73}]}, {"location": {"country_code": "br", "region": "Espirito Santo", "city": "Vila Velha"}, "game_id": "135305", "values": [{"date": "2022-01-13-16-00-00", "latency": 14}, {"date": "2022-01-13-16-00-00", "latency": 14}, {"date": "2022-01-13-16-00-00", "latency": 14}, {"date": "2022-01-13-16-00-00", "latency": 14}, {"date": "2022-01-13-16-00-00", "latency": 14}, {"date": "2022-01-13-16-00-00", "latency": 14}]}, {"location": {"country_code": "my", "region": "Kuala Lumpur"}, "game_id": "135305", "values": [{"date": "2022-01-13-19-00-00", "latency": 8}]}, {"location": {"country_code": "br", "region": "Sao Paulo", "city": "Franca"}, "game_id": "135305", "values": [{"date": "2022-01-14-00-00-00", "latency": 16}]}, {"location": {"country_code": "br", "region": "Sao Paulo", "city": "Mogi das Cruzes"}, "game_id": "135305", "values": [{"date": "2022-01-13-14-00-00", "latency": 55}]}, {"location": {"country_code": "th", "region": "Chiang Mai", "city": "Chiang Mai"}, "game_id": "135305", "values": [{"date": "2022-01-13-17-00-00", "latency": 15}]}, {"location": {"country_code": "de", "region": "North Rhine-Westphalia", "city": "Wuppertal"}, "game_id": "135305", "values": [{"date": "2022-01-13-17-00-00", "latency": 5}]}, {"location": {"country_code": "ru", "region": "Moscow", "city": "Moskovskiy"}, "game_id": "135305", "values": [{"date": "2022-01-13-17-00-00", "latency": 3}]}, {"location": {"country_code": "dz", "region": "Algiers Province"}, "game_id": "135305", "values": [{"date": "2022-01-13-16-00-00", "latency": 8}]}, {"location": {"country_code": "es", "region": "Galicia", "city": "Vilagarcia de Arousa"}, "game_id": "135305", "values": [{"date": "2022-01-13-22-00-00", "latency": 4}]}, {"location": {"country_code": "kw", "region": "Mubarak al Kabir"}, "game_id": "135305", "values": [{"date": "2022-01-13-09-00-00", "latency": 4}]}, {"location": {"country_code": "gb", "region": "England", "city": "Tiverton"}, "game_id": "135305", "values": [{"date": "2022-01-13-23-00-00", "latency": 4}]}], "last_updated": 1719919346.773874}