{"data": [{"location": {"country_code": "us"}, "game_id": "118849", "values": [{"date": "2024-06-25-23-00-00", "latency": 96}]}, {"location": {"country_code": "th"}, "game_id": "118849", "values": [{"date": "2024-06-25-15-00-00", "latency": 705}, {"date": "2024-06-25-15-00-00", "latency": 705}]}, {"location": {"country_code": "ro"}, "game_id": "118849", "values": [{"date": "2024-06-25-17-00-00", "latency": 51}, {"date": "2024-06-25-17-00-00", "latency": 51}, {"date": "2024-06-25-17-00-00", "latency": 51}]}, {"location": {"country_code": "tw"}, "game_id": "118849", "values": [{"date": "2024-06-25-08-00-00", "latency": 54}, {"date": "2024-06-25-08-00-00", "latency": 54}, {"date": "2024-06-25-08-00-00", "latency": 54}]}, {"location": {"country_code": "us", "region": "Florida", "city": "Tampa"}, "game_id": "118849", "values": [{"date": "2024-06-25-06-00-00", "latency": 71}, {"date": "2024-06-25-06-00-00", "latency": 71}]}, {"location": {"country_code": "fr"}, "game_id": "118849", "values": [{"date": "2024-06-25-19-00-00", "latency": 43}]}, {"location": {"country_code": "se"}, "game_id": "118849", "values": [{"date": "2024-06-25-22-00-00", "latency": 230}, {"date": "2024-06-25-22-00-00", "latency": 230}, {"date": "2024-06-25-22-00-00", "latency": 230}, {"date": "2024-06-25-22-00-00", "latency": 230}]}, {"location": {"country_code": "pl"}, "game_id": "118849", "values": [{"date": "2024-06-25-16-00-00", "latency": 52}]}, {"location": {"country_code": "sv"}, "game_id": "118849", "values": [{"date": "2024-06-25-21-00-00", "latency": 53}, {"date": "2024-06-25-21-00-00", "latency": 53}]}, {"location": {"country_code": "br", "region": "Rondonia", "city": "Porto Velho"}, "game_id": "118849", "values": [{"date": "2024-06-25-04-00-00", "latency": 52}, {"date": "2024-06-25-04-00-00", "latency": 52}]}, {"location": {"country_code": "uz", "region": "Tashkent"}, "game_id": "118849", "values": [{"date": "2024-06-25-20-00-00", "latency": 121}, {"date": "2024-06-25-20-00-00", "latency": 121}]}, {"location": {"country_code": "pl", "region": "Greater Poland Voivodeship", "city": "Dopiewo"}, "game_id": "118849", "values": [{"date": "2024-06-25-13-00-00", "latency": 55}]}], "last_updated": 1719927579.422793}