{"data": [{"location": {"country_code": "nz"}, "game_id": "273486", "values": [{"date": "2022-06-29-11-00-00", "latency": 0}, {"date": "2022-06-29-11-00-00", "latency": 0}]}, {"location": {"country_code": "us"}, "game_id": "273486", "values": [{"date": "2022-06-29-12-00-00", "latency": 50}, {"date": "2022-06-29-12-00-00", "latency": 50}, {"date": "2022-06-30-01-00-00", "latency": 0}, {"date": "2022-06-29-05-00-00", "latency": 0}, {"date": "2022-06-29-06-00-00", "latency": 58}, {"date": "2022-06-29-06-00-00", "latency": 58}, {"date": "2022-06-29-06-00-00", "latency": 58}, {"date": "2022-06-29-06-00-00", "latency": 58}, {"date": "2022-06-29-06-00-00", "latency": 58}, {"date": "2022-06-29-06-00-00", "latency": 58}, {"date": "2022-06-29-06-00-00", "latency": 58}, {"date": "2022-06-29-06-00-00", "latency": 58}, {"date": "2022-06-29-06-00-00", "latency": 58}, {"date": "2022-06-29-06-00-00", "latency": 58}, {"date": "2022-06-29-21-00-00", "latency": 1}, {"date": "2022-06-29-21-00-00", "latency": 1}, {"date": "2022-06-29-21-00-00", "latency": 1}, {"date": "2022-06-29-11-00-00", "latency": 0}, {"date": "2022-06-29-04-00-00", "latency": 35}, {"date": "2022-06-29-04-00-00", "latency": 35}, {"date": "2022-06-29-10-00-00", "latency": 54}, {"date": "2022-06-29-10-00-00", "latency": 54}, {"date": "2022-06-29-10-00-00", "latency": 54}, {"date": "2022-06-29-10-00-00", "latency": 54}, {"date": "2022-06-29-10-00-00", "latency": 54}, {"date": "2022-06-29-10-00-00", "latency": 54}, {"date": "2022-06-29-10-00-00", "latency": 54}, {"date": "2022-06-29-10-00-00", "latency": 54}, {"date": "2022-06-29-10-00-00", "latency": 54}, {"date": "2022-06-29-10-00-00", "latency": 54}]}, {"location": {"country_code": "us", "region": "New York", "city": "Jamestown"}, "game_id": "273486", "values": [{"date": "2022-06-29-12-00-00", "latency": 31}, {"date": "2022-06-29-12-00-00", "latency": 31}]}, {"location": {"country_code": "gb", "region": "England"}, "game_id": "273486", "values": [{"date": "2022-06-29-22-00-00", "latency": 19}, {"date": "2022-06-29-22-00-00", "latency": 19}, {"date": "2022-06-29-22-00-00", "latency": 19}, {"date": "2022-06-29-22-00-00", "latency": 19}]}, {"location": {"country_code": "sa", "region": "Eastern Province", "city": "Dhahran Compound"}, "game_id": "273486", "values": [{"date": "2022-06-30-01-00-00", "latency": 82}]}, {"location": {"country_code": "nl"}, "game_id": "273486", "values": [{"date": "2022-06-29-19-00-00", "latency": 3}]}, {"location": {"country_code": "ca"}, "game_id": "273486", "values": [{"date": "2022-06-29-08-00-00", "latency": 39}, {"date": "2022-06-29-08-00-00", "latency": 39}, {"date": "2022-06-29-08-00-00", "latency": 39}, {"date": "2022-06-29-08-00-00", "latency": 39}, {"date": "2022-06-29-08-00-00", "latency": 39}, {"date": "2022-06-29-08-00-00", "latency": 39}, {"date": "2022-06-29-08-00-00", "latency": 39}, {"date": "2022-06-29-10-00-00", "latency": 7}, {"date": "2022-06-29-10-00-00", "latency": 7}, {"date": "2022-06-29-10-00-00", "latency": 7}]}, {"location": {"country_code": "ca", "region": "British Columbia"}, "game_id": "273486", "values": [{"date": "2022-06-29-09-00-00", "latency": 62}, {"date": "2022-06-29-09-00-00", "latency": 62}]}, {"location": {"country_code": "us", "region": "Texas"}, "game_id": "273486", "values": [{"date": "2022-06-29-02-00-00", "latency": 15}, {"date": "2022-06-29-02-00-00", "latency": 15}]}, {"location": {"country_code": "us", "region": "Florida"}, "game_id": "273486", "values": [{"date": "2022-06-30-02-00-00", "latency": 0}, {"date": "2022-06-29-05-00-00", "latency": 39}, {"date": "2022-06-29-05-00-00", "latency": 39}, {"date": "2022-06-29-05-00-00", "latency": 39}]}, {"location": {"country_code": "fr"}, "game_id": "273486", "values": [{"date": "2022-06-29-03-00-00", "latency": 0}, {"date": "2022-06-30-01-00-00", "latency": 5}]}, {"location": {"country_code": "us", "region": "New Jersey"}, "game_id": "273486", "values": [{"date": "2022-06-29-06-00-00", "latency": 27}, {"date": "2022-06-29-06-00-00", "latency": 27}, {"date": "2022-06-29-06-00-00", "latency": 27}]}, {"location": {"country_code": "us", "region": "California"}, "game_id": "273486", "values": [{"date": "2022-06-29-05-00-00", "latency": 0}]}, {"location": {"country_code": "no"}, "game_id": "273486", "values": [{"date": "2022-06-29-21-00-00", "latency": 0}]}, {"location": {"country_code": "us", "region": "California", "city": "East Los Angeles"}, "game_id": "273486", "values": [{"date": "2022-06-29-23-00-00", "latency": 3}, {"date": "2022-06-29-23-00-00", "latency": 3}, {"date": "2022-06-29-23-00-00", "latency": 3}, {"date": "2022-06-29-23-00-00", "latency": 3}, {"date": "2022-06-29-23-00-00", "latency": 3}, {"date": "2022-06-29-23-00-00", "latency": 3}, {"date": "2022-06-29-23-00-00", "latency": 3}, {"date": "2022-06-29-23-00-00", "latency": 3}, {"date": "2022-06-29-23-00-00", "latency": 3}, {"date": "2022-06-29-23-00-00", "latency": 3}, {"date": "2022-06-29-23-00-00", "latency": 3}, {"date": "2022-06-29-23-00-00", "latency": 3}, {"date": "2022-06-29-23-00-00", "latency": 3}, {"date": "2022-06-29-23-00-00", "latency": 3}, {"date": "2022-06-29-23-00-00", "latency": 3}, {"date": "2022-06-29-23-00-00", "latency": 3}, {"date": "2022-06-29-23-00-00", "latency": 3}, {"date": "2022-06-29-23-00-00", "latency": 3}, {"date": "2022-06-29-23-00-00", "latency": 3}, {"date": "2022-06-29-23-00-00", "latency": 3}, {"date": "2022-06-29-23-00-00", "latency": 3}, {"date": "2022-06-29-23-00-00", "latency": 3}, {"date": "2022-06-29-23-00-00", "latency": 3}, {"date": "2022-06-29-23-00-00", "latency": 3}, {"date": "2022-06-29-23-00-00", "latency": 3}, {"date": "2022-06-29-23-00-00", "latency": 3}, {"date": "2022-06-29-23-00-00", "latency": 3}, {"date": "2022-06-29-23-00-00", "latency": 3}]}, {"location": {"country_code": "au"}, "game_id": "273486", "values": [{"date": "2022-06-29-13-00-00", "latency": 0}, {"date": "2022-06-29-13-00-00", "latency": 0}, {"date": "2022-06-29-13-00-00", "latency": 0}, {"date": "2022-06-29-15-00-00", "latency": 0}]}, {"location": {"country_code": "us", "region": "Pennsylvania", "city": "Philadelphia"}, "game_id": "273486", "values": [{"date": "2022-06-29-09-00-00", "latency": 23}]}, {"location": {"country_code": "sa"}, "game_id": "273486", "values": [{"date": "2022-06-29-10-00-00", "latency": 82}, {"date": "2022-06-29-10-00-00", "latency": 82}, {"date": "2022-06-29-10-00-00", "latency": 82}, {"date": "2022-06-29-10-00-00", "latency": 82}, {"date": "2022-06-29-10-00-00", "latency": 82}, {"date": "2022-06-29-10-00-00", "latency": 82}, {"date": "2022-06-29-10-00-00", "latency": 82}, {"date": "2022-06-29-10-00-00", "latency": 82}, {"date": "2022-06-29-10-00-00", "latency": 82}, {"date": "2022-06-30-00-00-00", "latency": 60}, {"date": "2022-06-30-00-00-00", "latency": 60}, {"date": "2022-06-30-00-00-00", "latency": 60}, {"date": "2022-06-29-14-00-00", "latency": 90}, {"date": "2022-06-29-14-00-00", "latency": 90}, {"date": "2022-06-29-14-00-00", "latency": 90}, {"date": "2022-06-29-14-00-00", "latency": 90}, {"date": "2022-06-29-14-00-00", "latency": 90}, {"date": "2022-06-29-14-00-00", "latency": 90}, {"date": "2022-06-29-14-00-00", "latency": 90}, {"date": "2022-06-29-14-00-00", "latency": 90}, {"date": "2022-06-29-14-00-00", "latency": 90}, {"date": "2022-06-29-14-00-00", "latency": 90}, {"date": "2022-06-29-14-00-00", "latency": 90}, {"date": "2022-06-29-14-00-00", "latency": 90}, {"date": "2022-06-30-01-00-00", "latency": 66}, {"date": "2022-06-30-01-00-00", "latency": 82}, {"date": "2022-06-30-01-00-00", "latency": 82}, {"date": "2022-06-30-01-00-00", "latency": 82}, {"date": "2022-06-29-15-00-00", "latency": 0}, {"date": "2022-06-30-01-00-00", "latency": 86}, {"date": "2022-06-30-01-00-00", "latency": 86}, {"date": "2022-06-30-01-00-00", "latency": 86}, {"date": "2022-06-30-01-00-00", "latency": 86}, {"date": "2022-06-30-01-00-00", "latency": 66}, {"date": "2022-06-30-01-00-00", "latency": 66}, {"date": "2022-06-29-02-00-00", "latency": 0}, {"date": "2022-06-29-16-00-00", "latency": 101}, {"date": "2022-06-29-16-00-00", "latency": 101}, {"date": "2022-06-29-16-00-00", "latency": 101}, {"date": "2022-06-29-16-00-00", "latency": 101}, {"date": "2022-06-29-16-00-00", "latency": 101}, {"date": "2022-06-29-16-00-00", "latency": 101}, {"date": "2022-06-29-16-00-00", "latency": 101}, {"date": "2022-06-29-16-00-00", "latency": 101}, {"date": "2022-06-29-16-00-00", "latency": 101}, {"date": "2022-06-29-16-00-00", "latency": 101}, {"date": "2022-06-29-16-00-00", "latency": 101}, {"date": "2022-06-29-14-00-00", "latency": 0}, {"date": "2022-06-29-05-00-00", "latency": 109}, {"date": "2022-06-29-05-00-00", "latency": 109}, {"date": "2022-06-29-05-00-00", "latency": 109}, {"date": "2022-06-29-05-00-00", "latency": 109}, {"date": "2022-06-29-05-00-00", "latency": 109}, {"date": "2022-06-29-05-00-00", "latency": 109}, {"date": "2022-06-29-05-00-00", "latency": 109}, {"date": "2022-06-30-00-00-00", "latency": 0}]}, {"location": {"country_code": "gb", "region": "Northern Ireland"}, "game_id": "273486", "values": [{"date": "2022-06-29-14-00-00", "latency": 0}]}, {"location": {"country_code": "us", "region": "Massachusetts"}, "game_id": "273486", "values": [{"date": "2022-06-30-01-00-00", "latency": 19}, {"date": "2022-06-30-01-00-00", "latency": 19}]}, {"location": {"country_code": "ca", "region": "Alberta"}, "game_id": "273486", "values": [{"date": "2022-06-29-07-00-00", "latency": 0}]}, {"location": {"country_code": "us", "region": "Texas", "city": "Houston"}, "game_id": "273486", "values": [{"date": "2022-06-30-02-00-00", "latency": 7}, {"date": "2022-06-30-02-00-00", "latency": 7}, {"date": "2022-06-30-02-00-00", "latency": 7}, {"date": "2022-06-30-02-00-00", "latency": 7}, {"date": "2022-06-30-02-00-00", "latency": 7}, {"date": "2022-06-30-02-00-00", "latency": 7}, {"date": "2022-06-30-02-00-00", "latency": 7}, {"date": "2022-06-30-02-00-00", "latency": 7}, {"date": "2022-06-30-02-00-00", "latency": 7}, {"date": "2022-06-30-02-00-00", "latency": 7}, {"date": "2022-06-30-02-00-00", "latency": 7}]}, {"location": {"country_code": "us", "region": "Alaska"}, "game_id": "273486", "values": [{"date": "2022-06-29-06-00-00", "latency": 66}, {"date": "2022-06-29-06-00-00", "latency": 66}, {"date": "2022-06-29-06-00-00", "latency": 66}, {"date": "2022-06-29-06-00-00", "latency": 66}, {"date": "2022-06-29-06-00-00", "latency": 66}]}, {"location": {"country_code": "us", "region": "Illinois", "city": "Chicago"}, "game_id": "273486", "values": [{"date": "2022-06-30-02-00-00", "latency": 35}, {"date": "2022-06-30-02-00-00", "latency": 35}, {"date": "2022-06-30-02-00-00", "latency": 35}]}, {"location": {"country_code": "us", "region": "Pennsylvania", "city": "Pittsburgh"}, "game_id": "273486", "values": [{"date": "2022-06-29-03-00-00", "latency": 0}]}, {"location": {"country_code": "ve"}, "game_id": "273486", "values": [{"date": "2022-06-29-21-00-00", "latency": 78}, {"date": "2022-06-29-21-00-00", "latency": 78}, {"date": "2022-06-29-21-00-00", "latency": 78}]}, {"location": {"country_code": "be"}, "game_id": "273486", "values": [{"date": "2022-06-29-14-00-00", "latency": 0}, {"date": "2022-06-29-14-00-00", "latency": 0}, {"date": "2022-06-29-14-00-00", "latency": 0}, {"date": "2022-06-29-14-00-00", "latency": 0}, {"date": "2022-06-29-14-00-00", "latency": 0}, {"date": "2022-06-29-14-00-00", "latency": 0}, {"date": "2022-06-29-14-00-00", "latency": 0}]}, {"location": {"country_code": "us", "region": "District of Columbia", "city": "Washington"}, "game_id": "273486", "values": [{"date": "2022-06-29-05-00-00", "latency": 19}]}, {"location": {"country_code": "us", "region": "Pennsylvania"}, "game_id": "273486", "values": [{"date": "2022-06-29-15-00-00", "latency": 0}]}, {"location": {"country_code": "pt"}, "game_id": "273486", "values": [{"date": "2022-06-29-21-00-00", "latency": 19}, {"date": "2022-06-29-21-00-00", "latency": 19}]}, {"location": {"country_code": "br", "region": "Mato Grosso", "city": "Tangara da Serra"}, "game_id": "273486", "values": [{"date": "2022-06-29-07-00-00", "latency": 4}]}, {"location": {"country_code": "kw"}, "game_id": "273486", "values": [{"date": "2022-06-29-14-00-00", "latency": 78}, {"date": "2022-06-29-14-00-00", "latency": 78}, {"date": "2022-06-29-14-00-00", "latency": 78}, {"date": "2022-06-29-14-00-00", "latency": 78}]}, {"location": {"country_code": "us", "region": "Tennessee", "city": "Nashville"}, "game_id": "273486", "values": [{"date": "2022-06-30-02-00-00", "latency": 11}, {"date": "2022-06-30-02-00-00", "latency": 11}, {"date": "2022-06-30-02-00-00", "latency": 11}]}, {"location": {"country_code": "us", "region": "South Dakota"}, "game_id": "273486", "values": [{"date": "2022-06-29-04-00-00", "latency": 9}]}, {"location": {"country_code": "us", "region": "Washington", "city": "Seattle"}, "game_id": "273486", "values": [{"date": "2022-06-30-02-00-00", "latency": 23}, {"date": "2022-06-30-02-00-00", "latency": 23}, {"date": "2022-06-30-02-00-00", "latency": 23}]}, {"location": {"country_code": "us", "region": "California", "city": "Oakland"}, "game_id": "273486", "values": [{"date": "2022-06-29-07-00-00", "latency": 2}]}, {"location": {"country_code": "us", "region": "Louisiana"}, "game_id": "273486", "values": [{"date": "2022-06-29-04-00-00", "latency": 54}, {"date": "2022-06-29-04-00-00", "latency": 54}]}, {"location": {"country_code": "us", "region": "California", "city": "Moorpark"}, "game_id": "273486", "values": [{"date": "2022-06-29-08-00-00", "latency": 31}, {"date": "2022-06-29-08-00-00", "latency": 31}]}, {"location": {"country_code": "sa", "region": "Riyadh Region", "city": "Wadi Ad Dawasir"}, "game_id": "273486", "values": [{"date": "2022-06-29-16-00-00", "latency": 82}, {"date": "2022-06-29-16-00-00", "latency": 82}, {"date": "2022-06-29-16-00-00", "latency": 82}]}, {"location": {"country_code": "us", "region": "Texas", "city": "Fort Worth"}, "game_id": "273486", "values": [{"date": "2022-06-29-05-00-00", "latency": 0}]}, {"location": {"country_code": "ae"}, "game_id": "273486", "values": [{"date": "2022-06-29-19-00-00", "latency": 82}, {"date": "2022-06-29-17-00-00", "latency": 62}]}, {"location": {"country_code": "us", "region": "Nebraska", "city": "Omaha"}, "game_id": "273486", "values": [{"date": "2022-06-29-21-00-00", "latency": 0}]}, {"location": {"country_code": "us", "region": "State of Wyoming", "city": "Cheyenne"}, "game_id": "273486", "values": [{"date": "2022-06-29-09-00-00", "latency": 31}, {"date": "2022-06-29-09-00-00", "latency": 31}, {"date": "2022-06-29-09-00-00", "latency": 31}]}, {"location": {"country_code": "de", "region": "Lower Saxony", "city": "Osnabruck"}, "game_id": "273486", "values": [{"date": "2022-06-29-14-00-00", "latency": 0}, {"date": "2022-06-29-14-00-00", "latency": 0}, {"date": "2022-06-29-14-00-00", "latency": 0}, {"date": "2022-06-29-14-00-00", "latency": 0}]}, {"location": {"country_code": "us", "region": "California", "city": "Bakersfield"}, "game_id": "273486", "values": [{"date": "2022-06-29-10-00-00", "latency": 0}]}, {"location": {"country_code": "qa"}, "game_id": "273486", "values": [{"date": "2022-06-30-00-00-00", "latency": 0}]}, {"location": {"country_code": "us", "region": "South Carolina", "city": "Florence"}, "game_id": "273486", "values": [{"date": "2022-06-30-02-00-00", "latency": 35}, {"date": "2022-06-30-02-00-00", "latency": 35}, {"date": "2022-06-30-02-00-00", "latency": 35}, {"date": "2022-06-30-02-00-00", "latency": 35}]}, {"location": {"country_code": "us", "region": "Tennessee", "city": "Spring Hill"}, "game_id": "273486", "values": [{"date": "2022-06-29-17-00-00", "latency": 27}, {"date": "2022-06-29-17-00-00", "latency": 27}, {"date": "2022-06-29-17-00-00", "latency": 27}]}, {"location": {"country_code": "za", "region": "Gauteng", "city": "Boksburg"}, "game_id": "273486", "values": [{"date": "2022-06-29-14-00-00", "latency": 1}]}, {"location": {"country_code": "us", "region": "Wisconsin", "city": "Stevens Point"}, "game_id": "273486", "values": [{"date": "2022-06-29-03-00-00", "latency": 27}, {"date": "2022-06-29-03-00-00", "latency": 27}, {"date": "2022-06-29-03-00-00", "latency": 27}]}], "last_updated": 1719919353.337653}