{"data": [{"location": {"country_code": "us"}, "game_id": "461764", "values": [{"date": "2023-12-15-02-00-00", "alternatives": [6, 41, 41, 41]}, {"date": "2023-12-15-02-00-00", "alternatives": [6, 41, 41, 41]}, {"date": "2023-12-16-00-00-00", "alternatives": ["0", "10", "10"]}, {"date": "2023-12-16-00-00-00", "alternatives": ["0", "10", "10"]}, {"date": "2023-12-16-00-00-00", "alternatives": ["0", "10", "10"]}, {"date": "2023-12-15-05-00-00", "alternatives": [5, 3, 34, 500, 34, 34]}, {"date": "2023-12-15-05-00-00", "alternatives": [5, 3, 34, 500, 34, 34]}, {"date": "2023-12-15-05-00-00", "alternatives": [5, 3, 34, 500, 34, 34]}, {"date": "2023-12-15-05-00-00", "alternatives": [5, 3, 34, 500, 34, 34]}, {"date": "2023-12-15-05-00-00", "alternatives": [5, 3, 34, 500, 34, 34]}, {"date": "2023-12-15-05-00-00", "alternatives": [5, 3, 34, 500, 34, 34]}, {"date": "2023-12-15-05-00-00", "alternatives": [5, 3, 34, 500, 34, 34]}]}, {"location": {"country_code": "gb"}, "game_id": "461764", "values": [{"date": "2023-12-15-21-00-00", "alternatives": [34, 3, 38, 34, 34]}, {"date": "2023-12-15-21-00-00", "alternatives": [34, 3, 38, 34, 34]}, {"date": "2023-12-15-21-00-00", "alternatives": [34, 3, 38, 34, 34]}, {"date": "2023-12-15-21-00-00", "alternatives": [34, 3, 38, 34, 34]}, {"date": "2023-12-15-21-00-00", "alternatives": [34, 3, 38, 34, 34]}, {"date": "2023-12-15-21-00-00", "alternatives": [34, 3, 38, 34, 34]}, {"date": "2023-12-15-21-00-00", "alternatives": [34, 3, 38, 34, 34]}, {"date": "2023-12-15-21-00-00", "alternatives": [34, 3, 38, 34, 34]}, {"date": "2023-12-15-21-00-00", "alternatives": [34, 3, 38, 34, 34]}, {"date": "2023-12-15-21-00-00", "alternatives": [34, 3, 38, 34, 34]}, {"date": "2023-12-15-21-00-00", "alternatives": [34, 3, 38, 34, 34]}, {"date": "2023-12-15-21-00-00", "alternatives": [34, 3, 38, 34, 34]}, {"date": "2023-12-15-21-00-00", "alternatives": [34, 3, 38, 34, 34]}, {"date": "2023-12-15-21-00-00", "alternatives": [34, 3, 38, 34, 34]}, {"date": "2023-12-15-03-00-00", "alternatives": [8, 38, 88, 88, 88]}, {"date": "2023-12-15-03-00-00", "alternatives": [8, 38, 88, 88, 88]}, {"date": "2023-12-15-03-00-00", "alternatives": [8, 38, 88, 88, 88]}, {"date": "2023-12-15-03-00-00", "alternatives": [8, 38, 88, 88, 88]}, {"date": "2023-12-15-03-00-00", "alternatives": [8, 38, 88, 88, 88]}, {"date": "2023-12-15-03-00-00", "alternatives": [8, 38, 88, 88, 88]}, {"date": "2023-12-15-03-00-00", "alternatives": [8, 38, 88, 88, 88]}, {"date": "2023-12-15-03-00-00", "alternatives": [8, 38, 88, 88, 88]}]}, {"location": {"country_code": "cz"}, "game_id": "461764", "values": [{"date": "2023-12-15-11-00-00", "alternatives": [34, 3, 34, 34]}, {"date": "2023-12-15-11-00-00", "alternatives": [34, 3, 34, 34]}, {"date": "2023-12-15-11-00-00", "alternatives": [34, 3, 34, 34]}, {"date": "2023-12-15-11-00-00", "alternatives": [34, 3, 34, 34]}, {"date": "2023-12-15-11-00-00", "alternatives": [34, 3, 34, 34]}, {"date": "2023-12-15-11-00-00", "alternatives": [34, 3, 34, 34]}, {"date": "2023-12-15-11-00-00", "alternatives": [34, 3, 34, 34]}, {"date": "2023-12-15-11-00-00", "alternatives": [34, 3, 34, 34]}, {"date": "2023-12-15-11-00-00", "alternatives": [34, 3, 34, 34]}, {"date": "2023-12-15-11-00-00", "alternatives": [34, 3, 34, 34]}, {"date": "2023-12-15-11-00-00", "alternatives": [34, 3, 34, 34]}, {"date": "2023-12-15-11-00-00", "alternatives": [34, 3, 34, 34]}]}, {"location": {"country_code": "it"}, "game_id": "461764", "values": [{"date": "2023-12-15-20-00-00", "alternatives": ["35", "35", "38"]}, {"date": "2023-12-15-23-00-00", "alternatives": ["35", "35", "8"]}, {"date": "2023-12-15-23-00-00", "alternatives": ["35", "35", "8"]}, {"date": "2023-12-15-23-00-00", "alternatives": ["35", "35", "8"]}, {"date": "2023-12-15-23-00-00", "alternatives": ["35", "35", "8"]}, {"date": "2023-12-15-23-00-00", "alternatives": ["35", "35", "8"]}, {"date": "2023-12-15-15-00-00", "alternatives": [38015, 35, 35, 35, 75]}, {"date": "2023-12-15-15-00-00", "alternatives": [38015, 35, 35, 35, 75]}, {"date": "2023-12-15-15-00-00", "alternatives": [38015, 35, 35, 35, 75]}, {"date": "2023-12-15-15-00-00", "alternatives": [38015, 35, 35, 35, 75]}, {"date": "2023-12-15-15-00-00", "alternatives": [38015, 35, 35, 35, 75]}, {"date": "2023-12-15-15-00-00", "alternatives": [38015, 35, 35, 35, 75]}, {"date": "2023-12-15-15-00-00", "alternatives": [38015, 35, 35, 35, 75]}, {"date": "2023-12-15-15-00-00", "alternatives": [38015, 35, 35, 35, 75]}, {"date": "2023-12-15-15-00-00", "alternatives": [38015, 35, 35, 35, 75]}, {"date": "2023-12-15-15-00-00", "alternatives": [38015, 35, 35, 35, 75]}]}, {"location": {"country_code": "jp"}, "game_id": "461764", "values": [{"date": "2023-12-15-09-00-00", "alternatives": [7, 47, 47, 47]}, {"date": "2023-12-15-09-00-00", "alternatives": [7, 47, 47, 47]}, {"date": "2023-12-15-09-00-00", "alternatives": [7, 47, 47, 47]}, {"date": "2023-12-15-09-00-00", "alternatives": [7, 47, 47, 47]}, {"date": "2023-12-15-09-00-00", "alternatives": [7, 47, 47, 47]}, {"date": "2023-12-15-09-00-00", "alternatives": [7, 47, 47, 47]}, {"date": "2023-12-15-09-00-00", "alternatives": ["47", "6", "47"]}]}, {"location": {"country_code": "ca"}, "game_id": "461764", "values": [{"date": "2023-12-15-20-00-00", "alternatives": ["116", "16112", "16112"]}, {"date": "2023-12-15-20-00-00", "alternatives": ["116", "16112", "16112"]}, {"date": "2023-12-15-20-00-00", "alternatives": ["116", "16112", "16112"]}, {"date": "2023-12-15-11-00-00", "alternatives": ["87", "87", "8"]}, {"date": "2023-12-15-11-00-00", "alternatives": ["87", "87", "8"]}, {"date": "2023-12-15-11-00-00", "alternatives": ["87", "87", "8"]}, {"date": "2023-12-15-11-00-00", "alternatives": ["87", "87", "8"]}, {"date": "2023-12-15-11-00-00", "alternatives": ["87", "87", "8"]}]}, {"location": {"country_code": "de"}, "game_id": "461764", "values": [{"date": "2023-12-15-13-00-00", "alternatives": ["4", "3", "3"]}, {"date": "2023-12-15-13-00-00", "alternatives": ["4", "3", "3"]}, {"date": "2023-12-16-00-00-00", "alternatives": [38, 50, 38, 38]}, {"date": "2023-12-16-00-00-00", "alternatives": [38, 50, 38, 38]}, {"date": "2023-12-16-00-00-00", "alternatives": [38, 50, 38, 38]}, {"date": "2023-12-16-00-00-00", "alternatives": [38, 50, 38, 38]}, {"date": "2023-12-16-00-00-00", "alternatives": [38, 50, 38, 38]}, {"date": "2023-12-16-00-00-00", "alternatives": [38, 50, 38, 38]}, {"date": "2023-12-15-14-00-00", "alternatives": [35, 3, 35, 35, 5]}, {"date": "2023-12-15-14-00-00", "alternatives": [35, 3, 35, 35, 5]}, {"date": "2023-12-15-14-00-00", "alternatives": [35, 3, 35, 35, 5]}, {"date": "2023-12-15-14-00-00", "alternatives": [35, 3, 35, 35, 5]}, {"date": "2023-12-15-14-00-00", "alternatives": [35, 3, 35, 35, 5]}, {"date": "2023-12-16-00-00-00", "alternatives": ["5", "36", "36"]}, {"date": "2023-12-16-00-00-00", "alternatives": ["5", "36", "36"]}, {"date": "2023-12-16-00-00-00", "alternatives": ["5", "36", "36"]}]}, {"location": {"country_code": "fr"}, "game_id": "461764", "values": [{"date": "2023-12-15-19-00-00", "alternatives": [35, 38, 35, 35]}, {"date": "2023-12-15-19-00-00", "alternatives": [35, 38, 35, 35]}, {"date": "2023-12-15-10-00-00", "alternatives": ["36", "36", "3"]}, {"date": "2023-12-15-10-00-00", "alternatives": ["36", "36", "3"]}, {"date": "2023-12-15-10-00-00", "alternatives": ["36", "36", "3"]}, {"date": "2023-12-15-10-00-00", "alternatives": ["36", "36", "3"]}]}, {"location": {"country_code": "gb", "region": "England"}, "game_id": "461764", "values": [{"date": "2023-12-15-02-00-00", "alternatives": [20, 1800, 1800, 1800, 1800]}, {"date": "2023-12-15-02-00-00", "alternatives": [20, 1800, 1800, 1800, 1800]}, {"date": "2023-12-15-02-00-00", "alternatives": [20, 1800, 1800, 1800, 1800]}, {"date": "2023-12-15-02-00-00", "alternatives": [20, 1800, 1800, 1800, 1800]}, {"date": "2023-12-15-02-00-00", "alternatives": [20, 1800, 1800, 1800, 1800]}, {"date": "2023-12-15-02-00-00", "alternatives": [20, 1800, 1800, 1800, 1800]}, {"date": "2023-12-15-02-00-00", "alternatives": [20, 1800, 1800, 1800, 1800]}, {"date": "2023-12-15-02-00-00", "alternatives": [20, 1800, 1800, 1800, 1800]}, {"date": "2023-12-15-02-00-00", "alternatives": [20, 1800, 1800, 1800, 1800]}, {"date": "2023-12-15-02-00-00", "alternatives": [20, 1800, 1800, 1800, 1800]}, {"date": "2023-12-15-02-00-00", "alternatives": [20, 1800, 1800, 1800, 1800]}, {"date": "2023-12-15-02-00-00", "alternatives": [20, 1800, 1800, 1800, 1800]}, {"date": "2023-12-15-02-00-00", "alternatives": [20, 1800, 1800, 1800, 1800]}, {"date": "2023-12-15-02-00-00", "alternatives": [20, 1800, 1800, 1800, 1800]}, {"date": "2023-12-15-02-00-00", "alternatives": [20, 1800, 1800, 1800, 1800]}, {"date": "2023-12-15-02-00-00", "alternatives": [20, 1800, 1800, 1800, 1800]}, {"date": "2023-12-15-02-00-00", "alternatives": [20, 1800, 1800, 1800, 1800]}, {"date": "2023-12-15-02-00-00", "alternatives": [20, 1800, 1800, 1800, 1800]}, {"date": "2023-12-15-02-00-00", "alternatives": [20, 1800, 1800, 1800, 1800]}, {"date": "2023-12-15-02-00-00", "alternatives": [20, 1800, 1800, 1800, 1800]}, {"date": "2023-12-15-02-00-00", "alternatives": [20, 1800, 1800, 1800, 1800]}, {"date": "2023-12-15-02-00-00", "alternatives": [20, 1800, 1800, 1800, 1800]}, {"date": "2023-12-15-02-00-00", "alternatives": [20, 1800, 1800, 1800, 1800]}, {"date": "2023-12-15-02-00-00", "alternatives": [20, 1800, 1800, 1800, 1800]}, {"date": "2023-12-15-02-00-00", "alternatives": [20, 1800, 1800, 1800, 1800]}]}, {"location": {"country_code": "gb", "region": "Scotland"}, "game_id": "461764", "values": [{"date": "2023-12-15-23-00-00", "alternatives": [3, 34, 3, 34, 34]}, {"date": "2023-12-15-23-00-00", "alternatives": [3, 34, 3, 34, 34]}, {"date": "2023-12-15-23-00-00", "alternatives": [3, 34, 3, 34, 34]}]}, {"location": {"country_code": "ph"}, "game_id": "461764", "values": [{"date": "2023-12-15-03-00-00", "alternatives": [11, 3, 35, 35, 35, 35]}, {"date": "2023-12-15-03-00-00", "alternatives": [11, 3, 35, 35, 35, 35]}, {"date": "2023-12-15-03-00-00", "alternatives": [11, 3, 35, 35, 35, 35]}]}, {"location": {"country_code": "br"}, "game_id": "461764", "values": [{"date": "2023-12-15-02-00-00", "alternatives": [106, 108, 106, 106, 108]}, {"date": "2023-12-15-02-00-00", "alternatives": [106, 108, 106, 106, 108]}, {"date": "2023-12-15-02-00-00", "alternatives": [106, 108, 106, 106, 108]}, {"date": "2023-12-15-02-00-00", "alternatives": [106, 108, 106, 106, 108]}, {"date": "2023-12-15-02-00-00", "alternatives": [106, 108, 106, 106, 108]}, {"date": "2023-12-15-02-00-00", "alternatives": [106, 108, 106, 106, 108]}]}, {"location": {"country_code": "no"}, "game_id": "461764", "values": [{"date": "2023-12-15-11-00-00", "alternatives": [37, 3, 37, 37]}, {"date": "2023-12-15-11-00-00", "alternatives": [37, 3, 37, 37]}, {"date": "2023-12-15-11-00-00", "alternatives": [37, 3, 37, 37]}, {"date": "2023-12-15-11-00-00", "alternatives": [37, 3, 37, 37]}, {"date": "2023-12-15-11-00-00", "alternatives": [37, 3, 37, 37]}, {"date": "2023-12-15-11-00-00", "alternatives": [37, 3, 37, 37]}, {"date": "2023-12-15-11-00-00", "alternatives": [37, 3, 37, 37]}, {"date": "2023-12-15-11-00-00", "alternatives": [37, 3, 37, 37]}, {"date": "2023-12-16-00-00-00", "alternatives": ["47", "47", "1"]}]}, {"location": {"country_code": "au"}, "game_id": "461764", "values": [{"date": "2023-12-15-14-00-00", "alternatives": [4, 54, 64, 2, 64, 64]}, {"date": "2023-12-15-14-00-00", "alternatives": [4, 54, 64, 2, 64, 64]}, {"date": "2023-12-15-14-00-00", "alternatives": [4, 54, 64, 2, 64, 64]}, {"date": "2023-12-15-14-00-00", "alternatives": [4, 54, 64, 2, 64, 64]}, {"date": "2023-12-15-14-00-00", "alternatives": [4, 54, 64, 2, 64, 64]}, {"date": "2023-12-15-14-00-00", "alternatives": [4, 54, 64, 2, 64, 64]}, {"date": "2023-12-15-14-00-00", "alternatives": [4, 54, 64, 2, 64, 64]}, {"date": "2023-12-15-14-00-00", "alternatives": [4, 54, 64, 2, 64, 64]}, {"date": "2023-12-15-14-00-00", "alternatives": [4, 54, 64, 2, 64, 64]}, {"date": "2023-12-15-14-00-00", "alternatives": [4, 54, 64, 2, 64, 64]}]}, {"location": {"country_code": "au", "region": "Victoria", "city": "Melbourne"}, "game_id": "461764", "values": [{"date": "2023-12-15-13-00-00", "alternatives": ["1", "31", "1"]}, {"date": "2023-12-15-13-00-00", "alternatives": ["1", "31", "1"]}, {"date": "2023-12-15-13-00-00", "alternatives": ["1", "31", "1"]}, {"date": "2023-12-15-13-00-00", "alternatives": ["1", "31", "1"]}, {"date": "2023-12-15-13-00-00", "alternatives": ["1", "31", "1"]}]}, {"location": {"country_code": "dk"}, "game_id": "461764", "values": [{"date": "2023-12-16-00-00-00", "alternatives": ["46", "86", "46"]}, {"date": "2023-12-16-00-00-00", "alternatives": ["46", "86", "46"]}, {"date": "2023-12-16-00-00-00", "alternatives": ["46", "86", "46"]}]}, {"location": {"country_code": "de", "region": "Hesse"}, "game_id": "461764", "values": [{"date": "2023-12-15-10-00-00", "alternatives": ["35", "35", "39"]}]}, {"location": {"country_code": "es"}, "game_id": "461764", "values": [{"date": "2023-12-16-00-00-00", "alternatives": [87, 82, 82, 82]}]}, {"location": {"country_code": "us", "region": "Hawaii"}, "game_id": "461764", "values": [{"date": "2023-12-15-23-00-00", "alternatives": [6, 2, 36, 36, 36]}, {"date": "2023-12-15-23-00-00", "alternatives": [6, 2, 36, 36, 36]}, {"date": "2023-12-15-23-00-00", "alternatives": [6, 2, 36, 36, 36]}]}, {"location": {"country_code": "de", "region": "Bavaria"}, "game_id": "461764", "values": [{"date": "2023-12-15-17-00-00", "alternatives": ["7", "3", "3"]}]}, {"location": {"country_code": "pl"}, "game_id": "461764", "values": [{"date": "2023-12-16-00-00-00", "alternatives": [5, 36, 35, 35, 35, 38]}, {"date": "2023-12-16-00-00-00", "alternatives": [5, 36, 35, 35, 35, 38]}, {"date": "2023-12-16-00-00-00", "alternatives": [5, 36, 35, 35, 35, 38]}, {"date": "2023-12-16-00-00-00", "alternatives": [5, 36, 35, 35, 35, 38]}, {"date": "2023-12-16-00-00-00", "alternatives": [5, 36, 35, 35, 35, 38]}, {"date": "2023-12-16-00-00-00", "alternatives": [5, 36, 35, 35, 35, 38]}, {"date": "2023-12-15-21-00-00", "alternatives": [36, 36, 5, 36]}, {"date": "2023-12-15-21-00-00", "alternatives": [36, 36, 5, 36]}, {"date": "2023-12-15-21-00-00", "alternatives": [36, 36, 5, 36]}, {"date": "2023-12-15-21-00-00", "alternatives": [36, 36, 5, 36]}, {"date": "2023-12-15-21-00-00", "alternatives": [36, 36, 5, 36]}]}, {"location": {"country_code": "ie"}, "game_id": "461764", "values": [{"date": "2023-12-15-22-00-00", "alternatives": ["35", "35", "9"]}, {"date": "2023-12-15-22-00-00", "alternatives": ["35", "35", "9"]}, {"date": "2023-12-15-22-00-00", "alternatives": ["35", "35", "9"]}, {"date": "2023-12-15-22-00-00", "alternatives": ["35", "35", "9"]}]}, {"location": {"country_code": "us", "region": "Nebraska", "city": "Omaha"}, "game_id": "461764", "values": [{"date": "2023-12-15-08-00-00", "alternatives": ["47", "7", "47"]}]}, {"location": {"country_code": "de", "region": "Bremen", "city": "Bremen"}, "game_id": "461764", "values": [{"date": "2023-12-15-10-00-00", "alternatives": ["6", "6", "16"]}, {"date": "2023-12-15-10-00-00", "alternatives": ["6", "6", "16"]}, {"date": "2023-12-15-10-00-00", "alternatives": ["6", "6", "16"]}, {"date": "2023-12-15-10-00-00", "alternatives": ["6", "6", "16"]}]}, {"location": {"country_code": "hr"}, "game_id": "461764", "values": [{"date": "2023-12-15-18-00-00", "alternatives": [0, 0, 0]}, {"date": "2023-12-15-18-00-00", "alternatives": [0, 0, 0]}, {"date": "2023-12-15-18-00-00", "alternatives": [0, 0, 0]}, {"date": "2023-12-15-18-00-00", "alternatives": [0, 0, 0]}, {"date": "2023-12-15-18-00-00", "alternatives": [0, 0, 0]}, {"date": "2023-12-15-18-00-00", "alternatives": [0, 0, 0]}, {"date": "2023-12-15-18-00-00", "alternatives": [0, 0, 0]}, {"date": "2023-12-15-18-00-00", "alternatives": [0, 0, 0]}, {"date": "2023-12-15-18-00-00", "alternatives": [0, 0, 0]}, {"date": "2023-12-15-18-00-00", "alternatives": [0, 0, 0]}, {"date": "2023-12-15-18-00-00", "alternatives": [0, 0, 0]}, {"date": "2023-12-15-18-00-00", "alternatives": [0, 0, 0]}, {"date": "2023-12-15-18-00-00", "alternatives": [0, 0, 0]}]}, {"location": {"country_code": "de", "region": "Lower Saxony"}, "game_id": "461764", "values": [{"date": "2023-12-15-15-00-00", "alternatives": [1, 35, 38, 35, 35]}, {"date": "2023-12-15-15-00-00", "alternatives": [1, 35, 38, 35, 35]}, {"date": "2023-12-15-15-00-00", "alternatives": [1, 35, 38, 35, 35]}, {"date": "2023-12-15-15-00-00", "alternatives": [1, 35, 38, 35, 35]}, {"date": "2023-12-15-15-00-00", "alternatives": [1, 35, 38, 35, 35]}, {"date": "2023-12-15-15-00-00", "alternatives": [1, 35, 38, 35, 35]}, {"date": "2023-12-15-15-00-00", "alternatives": [1, 35, 38, 35, 35]}, {"date": "2023-12-15-15-00-00", "alternatives": [1, 35, 38, 35, 35]}, {"date": "2023-12-15-15-00-00", "alternatives": [1, 35, 38, 35, 35]}, {"date": "2023-12-15-15-00-00", "alternatives": [1, 35, 38, 35, 35]}, {"date": "2023-12-15-15-00-00", "alternatives": [1, 35, 38, 35, 35]}, {"date": "2023-12-15-15-00-00", "alternatives": [1, 35, 38, 35, 35]}, {"date": "2023-12-15-15-00-00", "alternatives": [1, 35, 38, 35, 35]}, {"date": "2023-12-15-15-00-00", "alternatives": [1, 35, 38, 35, 35]}, {"date": "2023-12-15-15-00-00", "alternatives": [1, 35, 38, 35, 35]}, {"date": "2023-12-15-15-00-00", "alternatives": [1, 35, 38, 35, 35]}, {"date": "2023-12-15-15-00-00", "alternatives": [1, 35, 38, 35, 35]}, {"date": "2023-12-15-15-00-00", "alternatives": [1, 35, 38, 35, 35]}, {"date": "2023-12-15-15-00-00", "alternatives": [1, 35, 38, 35, 35]}, {"date": "2023-12-15-15-00-00", "alternatives": [1, 35, 38, 35, 35]}, {"date": "2023-12-15-15-00-00", "alternatives": [1, 35, 38, 35, 35]}, {"date": "2023-12-15-15-00-00", "alternatives": [1, 35, 38, 35, 35]}]}, {"location": {"country_code": "pl", "region": "Silesian Voivodeship"}, "game_id": "461764", "values": [{"date": "2023-12-15-13-00-00", "alternatives": ["35", "35", "39"]}, {"date": "2023-12-15-13-00-00", "alternatives": ["35", "35", "39"]}, {"date": "2023-12-15-13-00-00", "alternatives": ["35", "35", "39"]}, {"date": "2023-12-15-13-00-00", "alternatives": ["35", "35", "39"]}]}, {"location": {"country_code": "bg"}, "game_id": "461764", "values": [{"date": "2023-12-15-16-00-00", "alternatives": [32, 3203, 2, 32, 32]}, {"date": "2023-12-15-16-00-00", "alternatives": [32, 3203, 2, 32, 32]}, {"date": "2023-12-15-16-00-00", "alternatives": [32, 3203, 2, 32, 32]}, {"date": "2023-12-15-16-00-00", "alternatives": [32, 3203, 2, 32, 32]}, {"date": "2023-12-15-16-00-00", "alternatives": [32, 3203, 2, 32, 32]}, {"date": "2023-12-15-16-00-00", "alternatives": [32, 3203, 2, 32, 32]}, {"date": "2023-12-15-16-00-00", "alternatives": [32, 3203, 2, 32, 32]}, {"date": "2023-12-15-16-00-00", "alternatives": [32, 3203, 2, 32, 32]}, {"date": "2023-12-15-16-00-00", "alternatives": [32, 3203, 2, 32, 32]}, {"date": "2023-12-15-16-00-00", "alternatives": [32, 3203, 2, 32, 32]}, {"date": "2023-12-15-16-00-00", "alternatives": [32, 3203, 2, 32, 32]}, {"date": "2023-12-15-16-00-00", "alternatives": [32, 3203, 2, 32, 32]}, {"date": "2023-12-15-16-00-00", "alternatives": [32, 3203, 2, 32, 32]}, {"date": "2023-12-15-16-00-00", "alternatives": [32, 3203, 2, 32, 32]}, {"date": "2023-12-15-16-00-00", "alternatives": [32, 3203, 2, 32, 32]}, {"date": "2023-12-15-16-00-00", "alternatives": [32, 3203, 2, 32, 32]}, {"date": "2023-12-15-16-00-00", "alternatives": [32, 3203, 2, 32, 32]}, {"date": "2023-12-15-16-00-00", "alternatives": [32, 3203, 2, 32, 32]}]}, {"location": {"country_code": "jp", "region": "Hiroshima"}, "game_id": "461764", "values": [{"date": "2023-12-15-08-00-00", "alternatives": [46, 45, 46, 46, 46]}, {"date": "2023-12-15-08-00-00", "alternatives": [46, 45, 46, 46, 46]}, {"date": "2023-12-15-08-00-00", "alternatives": [46, 45, 46, 46, 46]}, {"date": "2023-12-15-08-00-00", "alternatives": [46, 45, 46, 46, 46]}, {"date": "2023-12-15-08-00-00", "alternatives": [46, 45, 46, 46, 46]}, {"date": "2023-12-15-08-00-00", "alternatives": [46, 45, 46, 46, 46]}, {"date": "2023-12-15-08-00-00", "alternatives": [46, 45, 46, 46, 46]}, {"date": "2023-12-15-08-00-00", "alternatives": [46, 45, 46, 46, 46]}, {"date": "2023-12-15-08-00-00", "alternatives": [46, 45, 46, 46, 46]}, {"date": "2023-12-15-08-00-00", "alternatives": [46, 45, 46, 46, 46]}, {"date": "2023-12-15-08-00-00", "alternatives": [46, 45, 46, 46, 46]}, {"date": "2023-12-15-08-00-00", "alternatives": [46, 45, 46, 46, 46]}, {"date": "2023-12-15-08-00-00", "alternatives": [46, 45, 46, 46, 46]}, {"date": "2023-12-15-08-00-00", "alternatives": [46, 45, 46, 46, 46]}, {"date": "2023-12-15-08-00-00", "alternatives": [46, 45, 46, 46, 46]}, {"date": "2023-12-15-08-00-00", "alternatives": [46, 45, 46, 46, 46]}, {"date": "2023-12-15-08-00-00", "alternatives": [46, 45, 46, 46, 46]}, {"date": "2023-12-15-08-00-00", "alternatives": [46, 45, 46, 46, 46]}]}, {"location": {"country_code": "gb", "region": "England", "city": "Newcastle upon Tyne"}, "game_id": "461764", "values": [{"date": "2023-12-15-01-00-00", "alternatives": ["5", "33", "33"]}]}, {"location": {"country_code": "be", "region": "Antwerp Province", "city": "Mechelen"}, "game_id": "461764", "values": [{"date": "2023-12-15-01-00-00", "alternatives": [54, 54, 55, 54]}]}, {"location": {"country_code": "ch", "region": "Canton of Bern", "city": "Bern"}, "game_id": "461764", "values": [{"date": "2023-12-15-23-00-00", "alternatives": ["47", "47", "0"]}, {"date": "2023-12-15-23-00-00", "alternatives": ["47", "47", "0"]}]}, {"location": {"country_code": "cz", "region": "Kralovehradecky kraj"}, "game_id": "461764", "values": [{"date": "2023-12-15-11-00-00", "alternatives": [35, 3, 35, 35]}, {"date": "2023-12-15-11-00-00", "alternatives": [35, 3, 35, 35]}, {"date": "2023-12-15-11-00-00", "alternatives": [35, 3, 35, 35]}, {"date": "2023-12-15-11-00-00", "alternatives": [35, 3, 35, 35]}, {"date": "2023-12-15-11-00-00", "alternatives": [35, 3, 35, 35]}, {"date": "2023-12-15-11-00-00", "alternatives": [35, 3, 35, 35]}, {"date": "2023-12-15-11-00-00", "alternatives": [35, 3, 35, 35]}, {"date": "2023-12-15-11-00-00", "alternatives": [35, 3, 35, 35]}, {"date": "2023-12-15-11-00-00", "alternatives": [35, 3, 35, 35]}, {"date": "2023-12-15-11-00-00", "alternatives": [35, 3, 35, 35]}, {"date": "2023-12-15-11-00-00", "alternatives": [35, 3, 35, 35]}, {"date": "2023-12-15-11-00-00", "alternatives": [35, 3, 35, 35]}, {"date": "2023-12-15-11-00-00", "alternatives": [35, 3, 35, 35]}]}, {"location": {"country_code": "bg", "region": "Ivailo"}, "game_id": "461764", "values": [{"date": "2023-12-15-11-00-00", "alternatives": [35, 30, 35, 35, 7]}, {"date": "2023-12-15-11-00-00", "alternatives": [35, 30, 35, 35, 7]}, {"date": "2023-12-15-11-00-00", "alternatives": [35, 30, 35, 35, 7]}, {"date": "2023-12-15-11-00-00", "alternatives": [35, 30, 35, 35, 7]}]}], "last_updated": 1719918536.960597}