{"data": [{"location": {"country_code": "us"}, "game_id": "461764", "values": [{"date": "2023-12-19-00-00-00", "alternatives": [51, 51, 51, 1]}, {"date": "2023-12-19-00-00-00", "alternatives": [51, 51, 51, 1]}, {"date": "2023-12-19-00-00-00", "alternatives": [51, 51, 51, 1]}, {"date": "2023-12-19-00-00-00", "alternatives": [51, 51, 51, 1]}, {"date": "2023-12-18-03-00-00", "alternatives": [4, 34, 34, 34]}, {"date": "2023-12-18-03-00-00", "alternatives": [4, 34, 34, 34]}, {"date": "2023-12-18-03-00-00", "alternatives": [4, 34, 34, 34]}, {"date": "2023-12-18-03-00-00", "alternatives": [4, 34, 34, 34]}, {"date": "2023-12-18-03-00-00", "alternatives": [38, 8, 38, 38]}, {"date": "2023-12-18-03-00-00", "alternatives": [38, 8, 38, 38]}, {"date": "2023-12-18-03-00-00", "alternatives": [38, 8, 38, 38]}, {"date": "2023-12-18-03-00-00", "alternatives": [38, 8, 38, 38]}, {"date": "2023-12-18-03-00-00", "alternatives": [38, 8, 38, 38]}]}, {"location": {"country_code": "gb"}, "game_id": "461764", "values": [{"date": "2023-12-18-14-00-00", "alternatives": [0, 33, 1, 33, 33]}, {"date": "2023-12-18-03-00-00", "alternatives": [31, 33, 33, 33]}, {"date": "2023-12-18-03-00-00", "alternatives": [31, 33, 33, 33]}, {"date": "2023-12-18-03-00-00", "alternatives": [31, 33, 33, 33]}, {"date": "2023-12-18-03-00-00", "alternatives": [31, 33, 33, 33]}, {"date": "2023-12-18-03-00-00", "alternatives": [31, 33, 33, 33]}, {"date": "2023-12-18-03-00-00", "alternatives": [31, 33, 33, 33]}, {"date": "2023-12-18-03-00-00", "alternatives": [31, 33, 33, 33]}, {"date": "2023-12-18-03-00-00", "alternatives": [31, 33, 33, 33]}, {"date": "2023-12-18-01-00-00", "alternatives": ["56", "56", "96"]}, {"date": "2023-12-18-01-00-00", "alternatives": ["56", "56", "96"]}]}, {"location": {"country_code": "cz"}, "game_id": "461764", "values": [{"date": "2023-12-18-09-00-00", "alternatives": [12, 16, 35, 35, 35, 35]}]}, {"location": {"country_code": "it"}, "game_id": "461764", "values": [{"date": "2023-12-18-20-00-00", "alternatives": [3, 30, 34, 34, 34]}, {"date": "2023-12-18-20-00-00", "alternatives": [3, 30, 34, 34, 34]}]}, {"location": {"country_code": "jp"}, "game_id": "461764", "values": [{"date": "2023-12-18-08-00-00", "alternatives": [29, 59, 53, 5, 53, 53]}, {"date": "2023-12-18-08-00-00", "alternatives": [29, 59, 53, 5, 53, 53]}, {"date": "2023-12-18-08-00-00", "alternatives": [29, 59, 53, 5, 53, 53]}, {"date": "2023-12-18-08-00-00", "alternatives": [29, 59, 53, 5, 53, 53]}, {"date": "2023-12-18-08-00-00", "alternatives": [29, 59, 53, 5, 53, 53]}, {"date": "2023-12-18-08-00-00", "alternatives": [29, 59, 53, 5, 53, 53]}, {"date": "2023-12-18-08-00-00", "alternatives": [29, 59, 53, 5, 53, 53]}, {"date": "2023-12-18-08-00-00", "alternatives": [29, 59, 53, 5, 53, 53]}, {"date": "2023-12-18-08-00-00", "alternatives": [29, 59, 53, 5, 53, 53]}, {"date": "2023-12-18-08-00-00", "alternatives": [29, 59, 53, 5, 53, 53]}]}, {"location": {"country_code": "ca"}, "game_id": "461764", "values": [{"date": "2023-12-18-09-00-00", "alternatives": ["109", "109", "5"]}, {"date": "2023-12-18-09-00-00", "alternatives": ["109", "109", "5"]}, {"date": "2023-12-18-09-00-00", "alternatives": ["109", "109", "5"]}, {"date": "2023-12-18-09-00-00", "alternatives": ["109", "109", "5"]}, {"date": "2023-12-18-09-00-00", "alternatives": ["109", "109", "5"]}]}, {"location": {"country_code": "de"}, "game_id": "461764", "values": [{"date": "2023-12-19-00-00-00", "alternatives": ["3", "33", "3"]}, {"date": "2023-12-19-00-00-00", "alternatives": ["3", "33", "3"]}, {"date": "2023-12-19-00-00-00", "alternatives": ["3", "33", "3"]}, {"date": "2023-12-18-15-00-00", "alternatives": [35, 3, 25, 35, 35]}, {"date": "2023-12-18-15-00-00", "alternatives": [35, 3, 25, 35, 35]}, {"date": "2023-12-18-15-00-00", "alternatives": [35, 3, 25, 35, 35]}, {"date": "2023-12-18-15-00-00", "alternatives": [35, 3, 25, 35, 35]}, {"date": "2023-12-18-20-00-00", "alternatives": ["6", "35", "35"]}, {"date": "2023-12-18-19-00-00", "alternatives": ["1", "1", "8"]}, {"date": "2023-12-18-19-00-00", "alternatives": ["1", "1", "8"]}]}, {"location": {"country_code": "gb", "region": "England"}, "game_id": "461764", "values": [{"date": "2023-12-19-01-00-00", "alternatives": [180, 1800, 1800, 1800]}, {"date": "2023-12-19-01-00-00", "alternatives": [180, 1800, 1800, 1800]}, {"date": "2023-12-19-01-00-00", "alternatives": [180, 1800, 1800, 1800]}, {"date": "2023-12-19-01-00-00", "alternatives": [180, 1800, 1800, 1800]}, {"date": "2023-12-19-01-00-00", "alternatives": [180, 1800, 1800, 1800]}, {"date": "2023-12-19-01-00-00", "alternatives": [180, 1800, 1800, 1800]}]}, {"location": {"country_code": "gb", "region": "Scotland"}, "game_id": "461764", "values": [{"date": "2023-12-19-00-00-00", "alternatives": ["45", "45", "8"]}, {"date": "2023-12-19-00-00-00", "alternatives": ["45", "45", "8"]}, {"date": "2023-12-19-00-00-00", "alternatives": ["45", "45", "8"]}, {"date": "2023-12-19-00-00-00", "alternatives": ["45", "45", "8"]}]}, {"location": {"country_code": "fr"}, "game_id": "461764", "values": [{"date": "2023-12-18-23-00-00", "alternatives": ["32", "2", "32"]}, {"date": "2023-12-18-23-00-00", "alternatives": ["32", "2", "32"]}, {"date": "2023-12-18-12-00-00", "alternatives": ["3", "3", "38"]}, {"date": "2023-12-18-12-00-00", "alternatives": ["3", "3", "38"]}, {"date": "2023-12-18-12-00-00", "alternatives": ["3", "3", "38"]}]}, {"location": {"country_code": "fr", "region": "Pays de la Loire Region"}, "game_id": "461764", "values": [{"date": "2023-12-18-22-00-00", "alternatives": [36, 35, 3, 35, 35, 35]}, {"date": "2023-12-18-22-00-00", "alternatives": [36, 35, 3, 35, 35, 35]}, {"date": "2023-12-18-22-00-00", "alternatives": [36, 35, 3, 35, 35, 35]}, {"date": "2023-12-18-22-00-00", "alternatives": [36, 35, 3, 35, 35, 35]}, {"date": "2023-12-18-22-00-00", "alternatives": [36, 35, 3, 35, 35, 35]}]}, {"location": {"country_code": "in"}, "game_id": "461764", "values": [{"date": "2023-12-18-14-00-00", "alternatives": ["4826", "18", "18"]}, {"date": "2023-12-18-14-00-00", "alternatives": ["4826", "18", "18"]}]}, {"location": {"country_code": "br"}, "game_id": "461764", "values": [{"date": "2023-12-18-03-00-00", "alternatives": ["107", "197", "107"]}]}, {"location": {"country_code": "dk"}, "game_id": "461764", "values": [{"date": "2023-12-18-21-00-00", "alternatives": ["49", "49", "43"]}, {"date": "2023-12-18-21-00-00", "alternatives": ["49", "49", "43"]}, {"date": "2023-12-18-21-00-00", "alternatives": ["49", "49", "43"]}]}, {"location": {"country_code": "de", "region": "Hesse"}, "game_id": "461764", "values": [{"date": "2023-12-18-08-00-00", "alternatives": [9, 34, 34, 34]}, {"date": "2023-12-18-08-00-00", "alternatives": [9, 34, 34, 34]}]}, {"location": {"country_code": "es"}, "game_id": "461764", "values": [{"date": "2023-12-18-20-00-00", "alternatives": ["71", "73", "73"]}, {"date": "2023-12-18-20-00-00", "alternatives": ["71", "73", "73"]}, {"date": "2023-12-18-20-00-00", "alternatives": ["71", "73", "73"]}]}, {"location": {"country_code": "us", "region": "Illinois", "city": "Chicago"}, "game_id": "461764", "values": [{"date": "2023-12-18-04-00-00", "alternatives": ["38", "33", "33"]}]}, {"location": {"country_code": "hu"}, "game_id": "461764", "values": [{"date": "2023-12-19-00-00-00", "alternatives": ["5", "5", "3"]}, {"date": "2023-12-19-00-00-00", "alternatives": ["5", "5", "3"]}, {"date": "2023-12-19-00-00-00", "alternatives": ["5", "5", "3"]}]}, {"location": {"country_code": "de", "region": "Bavaria"}, "game_id": "461764", "values": [{"date": "2023-12-18-17-00-00", "alternatives": [35, 1, 3, 35, 35, 38]}, {"date": "2023-12-18-17-00-00", "alternatives": [35, 1, 3, 35, 35, 38]}, {"date": "2023-12-18-17-00-00", "alternatives": [35, 1, 3, 35, 35, 38]}, {"date": "2023-12-18-17-00-00", "alternatives": [35, 1, 3, 35, 35, 38]}, {"date": "2023-12-18-17-00-00", "alternatives": [35, 1, 3, 35, 35, 38]}, {"date": "2023-12-18-17-00-00", "alternatives": [35, 1, 3, 35, 35, 38]}, {"date": "2023-12-18-17-00-00", "alternatives": [35, 1, 3, 35, 35, 38]}, {"date": "2023-12-18-17-00-00", "alternatives": [35, 1, 3, 35, 35, 38]}, {"date": "2023-12-18-17-00-00", "alternatives": [35, 1, 3, 35, 35, 38]}, {"date": "2023-12-18-17-00-00", "alternatives": [35, 1, 3, 35, 35, 38]}]}, {"location": {"country_code": "pl"}, "game_id": "461764", "values": [{"date": "2023-12-18-02-00-00", "alternatives": [31, 34, 34, 34]}, {"date": "2023-12-18-02-00-00", "alternatives": [31, 34, 34, 34]}, {"date": "2023-12-18-02-00-00", "alternatives": [31, 34, 34, 34]}, {"date": "2023-12-18-02-00-00", "alternatives": [31, 34, 34, 34]}, {"date": "2023-12-18-02-00-00", "alternatives": [31, 34, 34, 34]}, {"date": "2023-12-18-02-00-00", "alternatives": [31, 34, 34, 34]}, {"date": "2023-12-18-22-00-00", "alternatives": [5, 36, 36, 36]}, {"date": "2023-12-18-22-00-00", "alternatives": [5, 36, 36, 36]}, {"date": "2023-12-18-22-00-00", "alternatives": [5, 36, 36, 36]}]}, {"location": {"country_code": "ie"}, "game_id": "461764", "values": [{"date": "2023-12-18-20-00-00", "alternatives": [65, 58, 59, 59, 59]}, {"date": "2023-12-18-20-00-00", "alternatives": [65, 58, 59, 59, 59]}, {"date": "2023-12-18-20-00-00", "alternatives": [65, 58, 59, 59, 59]}, {"date": "2023-12-18-20-00-00", "alternatives": [65, 58, 59, 59, 59]}, {"date": "2023-12-18-20-00-00", "alternatives": [65, 58, 59, 59, 59]}, {"date": "2023-12-18-20-00-00", "alternatives": [65, 58, 59, 59, 59]}, {"date": "2023-12-18-20-00-00", "alternatives": [65, 58, 59, 59, 59]}, {"date": "2023-12-18-20-00-00", "alternatives": [65, 58, 59, 59, 59]}]}, {"location": {"country_code": "ua"}, "game_id": "461764", "values": [{"date": "2023-12-18-11-00-00", "alternatives": [36, 3, 36, 36]}]}, {"location": {"country_code": "uy"}, "game_id": "461764", "values": [{"date": "2023-12-18-07-00-00", "alternatives": [107, 1, 107, 107]}, {"date": "2023-12-18-07-00-00", "alternatives": [107, 1, 107, 107]}, {"date": "2023-12-18-07-00-00", "alternatives": [107, 1, 107, 107]}]}, {"location": {"country_code": "us", "region": "State of Maine"}, "game_id": "461764", "values": [{"date": "2023-12-18-21-00-00", "alternatives": ["35", "35", "30"]}]}, {"location": {"country_code": "de", "region": "Lower Saxony"}, "game_id": "461764", "values": [{"date": "2023-12-18-17-00-00", "alternatives": [33, 38, 33, 33]}, {"date": "2023-12-18-17-00-00", "alternatives": [33, 38, 33, 33]}, {"date": "2023-12-18-17-00-00", "alternatives": [33, 38, 33, 33]}, {"date": "2023-12-18-17-00-00", "alternatives": [33, 38, 33, 33]}, {"date": "2023-12-18-17-00-00", "alternatives": [33, 38, 33, 33]}, {"date": "2023-12-18-17-00-00", "alternatives": [33, 38, 33, 33]}, {"date": "2023-12-18-17-00-00", "alternatives": [33, 38, 33, 33]}, {"date": "2023-12-18-17-00-00", "alternatives": [33, 38, 33, 33]}, {"date": "2023-12-18-17-00-00", "alternatives": [33, 38, 33, 33]}, {"date": "2023-12-18-17-00-00", "alternatives": [33, 38, 33, 33]}, {"date": "2023-12-18-17-00-00", "alternatives": [33, 38, 33, 33]}]}, {"location": {"country_code": "bg"}, "game_id": "461764", "values": [{"date": "2023-12-18-06-00-00", "alternatives": [90, 6, 80, 90, 90, 90]}, {"date": "2023-12-18-06-00-00", "alternatives": [90, 6, 80, 90, 90, 90]}, {"date": "2023-12-18-06-00-00", "alternatives": [90, 6, 80, 90, 90, 90]}, {"date": "2023-12-18-06-00-00", "alternatives": [90, 6, 80, 90, 90, 90]}, {"date": "2023-12-18-06-00-00", "alternatives": [90, 6, 80, 90, 90, 90]}, {"date": "2023-12-18-06-00-00", "alternatives": [90, 6, 80, 90, 90, 90]}, {"date": "2023-12-18-06-00-00", "alternatives": [90, 6, 80, 90, 90, 90]}, {"date": "2023-12-18-06-00-00", "alternatives": [90, 6, 80, 90, 90, 90]}, {"date": "2023-12-18-06-00-00", "alternatives": [90, 6, 80, 90, 90, 90]}, {"date": "2023-12-18-06-00-00", "alternatives": [90, 6, 80, 90, 90, 90]}, {"date": "2023-12-18-06-00-00", "alternatives": [90, 6, 80, 90, 90, 90]}, {"date": "2023-12-18-06-00-00", "alternatives": [90, 6, 80, 90, 90, 90]}, {"date": "2023-12-18-06-00-00", "alternatives": [90, 6, 80, 90, 90, 90]}, {"date": "2023-12-18-06-00-00", "alternatives": [90, 6, 80, 90, 90, 90]}, {"date": "2023-12-18-06-00-00", "alternatives": [90, 6, 80, 90, 90, 90]}]}, {"location": {"country_code": "gd"}, "game_id": "461764", "values": [{"date": "2023-12-18-01-00-00", "alternatives": ["78", "78", "18"]}]}, {"location": {"country_code": "be", "region": "Antwerp Province", "city": "Mechelen"}, "game_id": "461764", "values": [{"date": "2023-12-18-22-00-00", "alternatives": [58, 56, 56, 56]}, {"date": "2023-12-18-22-00-00", "alternatives": [58, 56, 56, 56]}, {"date": "2023-12-18-22-00-00", "alternatives": [58, 56, 56, 56]}, {"date": "2023-12-18-22-00-00", "alternatives": [58, 56, 56, 56]}, {"date": "2023-12-18-22-00-00", "alternatives": [58, 56, 56, 56]}, {"date": "2023-12-18-22-00-00", "alternatives": [58, 56, 56, 56]}, {"date": "2023-12-18-22-00-00", "alternatives": [58, 56, 56, 56]}]}, {"location": {"country_code": "cz", "region": "Kralovehradecky kraj"}, "game_id": "461764", "values": [{"date": "2023-12-18-12-00-00", "alternatives": [34, 8, 3, 34, 34]}, {"date": "2023-12-18-12-00-00", "alternatives": [34, 8, 3, 34, 34]}, {"date": "2023-12-18-12-00-00", "alternatives": [34, 8, 3, 34, 34]}, {"date": "2023-12-18-12-00-00", "alternatives": [34, 8, 3, 34, 34]}, {"date": "2023-12-18-12-00-00", "alternatives": [34, 8, 3, 34, 34]}, {"date": "2023-12-18-12-00-00", "alternatives": [34, 8, 3, 34, 34]}, {"date": "2023-12-18-12-00-00", "alternatives": [34, 8, 3, 34, 34]}, {"date": "2023-12-18-12-00-00", "alternatives": [34, 8, 3, 34, 34]}, {"date": "2023-12-18-12-00-00", "alternatives": [34, 8, 3, 34, 34]}, {"date": "2023-12-18-12-00-00", "alternatives": [34, 8, 3, 34, 34]}, {"date": "2023-12-18-12-00-00", "alternatives": [34, 8, 3, 34, 34]}, {"date": "2023-12-18-12-00-00", "alternatives": [34, 8, 3, 34, 34]}, {"date": "2023-12-18-12-00-00", "alternatives": [34, 8, 3, 34, 34]}, {"date": "2023-12-18-12-00-00", "alternatives": [34, 8, 3, 34, 34]}, {"date": "2023-12-18-12-00-00", "alternatives": [34, 8, 3, 34, 34]}, {"date": "2023-12-18-12-00-00", "alternatives": [34, 8, 3, 34, 34]}, {"date": "2023-12-18-12-00-00", "alternatives": [34, 8, 3, 34, 34]}, {"date": "2023-12-18-12-00-00", "alternatives": [34, 8, 3, 34, 34]}, {"date": "2023-12-18-12-00-00", "alternatives": [34, 8, 3, 34, 34]}, {"date": "2023-12-18-12-00-00", "alternatives": [34, 8, 3, 34, 34]}, {"date": "2023-12-18-12-00-00", "alternatives": [34, 8, 3, 34, 34]}, {"date": "2023-12-18-12-00-00", "alternatives": [34, 8, 3, 34, 34]}, {"date": "2023-12-18-12-00-00", "alternatives": [34, 8, 3, 34, 34]}, {"date": "2023-12-18-12-00-00", "alternatives": [34, 8, 3, 34, 34]}, {"date": "2023-12-18-12-00-00", "alternatives": [34, 8, 3, 34, 34]}, {"date": "2023-12-18-12-00-00", "alternatives": [34, 8, 3, 34, 34]}]}, {"location": {"country_code": "de", "region": "Baden-Wurttemberg", "city": "Crailsheim"}, "game_id": "461764", "values": [{"date": "2023-12-18-19-00-00", "alternatives": [35, 35, 35, 38]}, {"date": "2023-12-18-19-00-00", "alternatives": [35, 35, 35, 38]}, {"date": "2023-12-18-19-00-00", "alternatives": [35, 35, 35, 38]}, {"date": "2023-12-18-19-00-00", "alternatives": [35, 35, 35, 38]}, {"date": "2023-12-18-19-00-00", "alternatives": [35, 35, 35, 38]}, {"date": "2023-12-18-19-00-00", "alternatives": [35, 35, 35, 38]}, {"date": "2023-12-18-19-00-00", "alternatives": [35, 35, 35, 38]}, {"date": "2023-12-18-19-00-00", "alternatives": [35, 35, 35, 38]}, {"date": "2023-12-18-19-00-00", "alternatives": [35, 35, 35, 38]}, {"date": "2023-12-18-19-00-00", "alternatives": [35, 35, 35, 38]}]}, {"location": {"country_code": "bg", "region": "Ivailo"}, "game_id": "461764", "values": [{"date": "2023-12-18-11-00-00", "alternatives": [36, 35, 36, 36, 36]}, {"date": "2023-12-18-11-00-00", "alternatives": [36, 35, 36, 36, 36]}, {"date": "2023-12-18-11-00-00", "alternatives": [36, 35, 36, 36, 36]}, {"date": "2023-12-18-11-00-00", "alternatives": [36, 35, 36, 36, 36]}, {"date": "2023-12-18-11-00-00", "alternatives": [36, 35, 36, 36, 36]}]}], "last_updated": 1719918536.899065}