{"data": [{"location": {"country_code": "us"}, "game_id": "762836", "values": [{"date": "2023-10-03-21-00-00", "latency": 1}, {"date": "2023-10-03-22-00-00", "latency": 2}, {"date": "2023-10-03-05-00-00", "latency": 58}, {"date": "2023-10-03-08-00-00", "latency": 4}, {"date": "2023-10-03-06-00-00", "latency": 149}, {"date": "2023-10-03-06-00-00", "latency": 149}, {"date": "2023-10-03-06-00-00", "latency": 149}]}, {"location": {"country_code": "de", "region": "Berlin", "city": "Berlin"}, "game_id": "762836", "values": [{"date": "2023-10-03-16-00-00", "latency": 1}, {"date": "2023-10-03-05-00-00", "latency": 3}, {"date": "2023-10-03-05-00-00", "latency": 3}, {"date": "2023-10-03-11-00-00", "latency": 1}, {"date": "2023-10-03-11-00-00", "latency": 1}, {"date": "2023-10-03-11-00-00", "latency": 1}, {"date": "2023-10-03-11-00-00", "latency": 1}, {"date": "2023-10-03-11-00-00", "latency": 1}]}, {"location": {"country_code": "us", "region": "New York", "city": "Jamestown"}, "game_id": "762836", "values": [{"date": "2023-10-03-02-00-00", "latency": 35}, {"date": "2023-10-03-09-00-00", "latency": 9}]}, {"location": {"country_code": "hr", "region": "Zadar County", "city": "Zadar"}, "game_id": "762836", "values": [{"date": "2023-10-04-01-00-00", "latency": 1}]}, {"location": {"country_code": "gb"}, "game_id": "762836", "values": [{"date": "2023-10-03-21-00-00", "latency": 7}]}, {"location": {"country_code": "nl"}, "game_id": "762836", "values": [{"date": "2023-10-03-17-00-00", "latency": 1}]}, {"location": {"country_code": "it"}, "game_id": "762836", "values": [{"date": "2023-10-04-02-00-00", "latency": 4}, {"date": "2023-10-04-00-00-00", "latency": 25}, {"date": "2023-10-04-00-00-00", "latency": 25}, {"date": "2023-10-04-00-00-00", "latency": 25}, {"date": "2023-10-04-00-00-00", "latency": 25}, {"date": "2023-10-04-00-00-00", "latency": 25}, {"date": "2023-10-04-00-00-00", "latency": 25}]}, {"location": {"country_code": "ro"}, "game_id": "762836", "values": [{"date": "2023-10-03-21-00-00", "latency": 26}, {"date": "2023-10-03-21-00-00", "latency": 26}, {"date": "2023-10-03-21-00-00", "latency": 26}, {"date": "2023-10-03-21-00-00", "latency": 26}, {"date": "2023-10-03-21-00-00", "latency": 26}, {"date": "2023-10-03-21-00-00", "latency": 26}, {"date": "2023-10-03-21-00-00", "latency": 26}, {"date": "2023-10-03-21-00-00", "latency": 26}, {"date": "2023-10-03-21-00-00", "latency": 26}, {"date": "2023-10-03-21-00-00", "latency": 26}, {"date": "2023-10-03-21-00-00", "latency": 26}, {"date": "2023-10-03-21-00-00", "latency": 26}, {"date": "2023-10-03-21-00-00", "latency": 26}, {"date": "2023-10-03-21-00-00", "latency": 26}, {"date": "2023-10-03-21-00-00", "latency": 26}]}, {"location": {"country_code": "ca"}, "game_id": "762836", "values": [{"date": "2023-10-03-04-00-00", "latency": 10}, {"date": "2023-10-03-16-00-00", "latency": 48}, {"date": "2023-10-03-07-00-00", "latency": 41}]}, {"location": {"country_code": "de"}, "game_id": "762836", "values": [{"date": "2023-10-03-17-00-00", "latency": 9}, {"date": "2023-10-03-17-00-00", "latency": 9}, {"date": "2023-10-03-20-00-00", "latency": 1}, {"date": "2023-10-03-20-00-00", "latency": 1}, {"date": "2023-10-03-20-00-00", "latency": 1}, {"date": "2023-10-03-20-00-00", "latency": 1}, {"date": "2023-10-03-20-00-00", "latency": 1}]}, {"location": {"country_code": "us", "region": "Texas"}, "game_id": "762836", "values": [{"date": "2023-10-03-04-00-00", "latency": 57}, {"date": "2023-10-03-04-00-00", "latency": 57}, {"date": "2023-10-03-04-00-00", "latency": 57}, {"date": "2023-10-03-04-00-00", "latency": 57}, {"date": "2023-10-03-04-00-00", "latency": 57}, {"date": "2023-10-03-22-00-00", "latency": 3}]}, {"location": {"country_code": "mx"}, "game_id": "762836", "values": [{"date": "2023-10-03-04-00-00", "latency": 0}, {"date": "2023-10-03-06-00-00", "latency": 66}, {"date": "2023-10-03-06-00-00", "latency": 66}, {"date": "2023-10-03-06-00-00", "latency": 66}, {"date": "2023-10-03-06-00-00", "latency": 66}, {"date": "2023-10-03-06-00-00", "latency": 66}]}, {"location": {"country_code": "us", "region": "Ohio"}, "game_id": "762836", "values": [{"date": "2023-10-03-04-00-00", "latency": 38}]}, {"location": {"country_code": "br"}, "game_id": "762836", "values": [{"date": "2023-10-03-03-00-00", "latency": 0}]}, {"location": {"country_code": "ar"}, "game_id": "762836", "values": [{"date": "2023-10-03-02-00-00", "latency": 10}]}, {"location": {"country_code": "us", "region": "Michigan", "city": "Detroit"}, "game_id": "762836", "values": [{"date": "2023-10-03-07-00-00", "latency": 3}]}, {"location": {"country_code": "us", "region": "Illinois", "city": "Chicago"}, "game_id": "762836", "values": [{"date": "2023-10-03-04-00-00", "latency": 12}, {"date": "2023-10-03-02-00-00", "latency": 8}]}, {"location": {"country_code": "hu"}, "game_id": "762836", "values": [{"date": "2023-10-03-19-00-00", "latency": 1}, {"date": "2023-10-03-19-00-00", "latency": 1}, {"date": "2023-10-03-19-00-00", "latency": 1}, {"date": "2023-10-03-19-00-00", "latency": 1}, {"date": "2023-10-03-19-00-00", "latency": 1}, {"date": "2023-10-03-19-00-00", "latency": 1}]}, {"location": {"country_code": "gb", "region": "England", "city": "London"}, "game_id": "762836", "values": [{"date": "2023-10-03-17-00-00", "latency": 38}, {"date": "2023-10-03-17-00-00", "latency": 38}, {"date": "2023-10-03-17-00-00", "latency": 38}]}, {"location": {"country_code": "id"}, "game_id": "762836", "values": [{"date": "2023-10-03-16-00-00", "latency": 1}, {"date": "2023-10-03-16-00-00", "latency": 1}]}, {"location": {"country_code": "ir"}, "game_id": "762836", "values": [{"date": "2023-10-03-22-00-00", "latency": 34}]}, {"location": {"country_code": "us", "region": "Illinois"}, "game_id": "762836", "values": [{"date": "2023-10-04-00-00-00", "latency": 30}, {"date": "2023-10-04-00-00-00", "latency": 30}]}, {"location": {"country_code": "us", "region": "Washington", "city": "Seattle"}, "game_id": "762836", "values": [{"date": "2023-10-03-13-00-00", "latency": 26}, {"date": "2023-10-03-13-00-00", "latency": 26}, {"date": "2023-10-03-13-00-00", "latency": 26}, {"date": "2023-10-03-13-00-00", "latency": 26}]}, {"location": {"country_code": "fr", "region": "Ile-de-France Region", "city": "Paris"}, "game_id": "762836", "values": [{"date": "2023-10-03-18-00-00", "latency": 10}]}, {"location": {"country_code": "it", "region": "Lazio", "city": "Rome"}, "game_id": "762836", "values": [{"date": "2023-10-03-07-00-00", "latency": 9}]}, {"location": {"country_code": "br", "region": "Sao Paulo", "city": "Varzea Paulista"}, "game_id": "762836", "values": [{"date": "2023-10-03-23-00-00", "latency": 36}, {"date": "2023-10-03-23-00-00", "latency": 36}, {"date": "2023-10-03-23-00-00", "latency": 36}]}, {"location": {"country_code": "us", "region": "New York", "city": "Buffalo"}, "game_id": "762836", "values": [{"date": "2023-10-03-06-00-00", "latency": 1}]}, {"location": {"country_code": "it", "region": "Veneto"}, "game_id": "762836", "values": [{"date": "2023-10-03-17-00-00", "latency": 1}]}, {"location": {"country_code": "ch", "region": "Canton of Geneva", "city": "Geneva"}, "game_id": "762836", "values": [{"date": "2023-10-03-13-00-00", "latency": 16}, {"date": "2023-10-03-13-00-00", "latency": 16}, {"date": "2023-10-03-13-00-00", "latency": 16}, {"date": "2023-10-03-13-00-00", "latency": 16}, {"date": "2023-10-03-13-00-00", "latency": 16}]}, {"location": {"country_code": "es", "region": "Andalusia", "city": "La Linea de la Concepcion"}, "game_id": "762836", "values": [{"date": "2023-10-03-19-00-00", "latency": 40}]}, {"location": {"country_code": "it", "region": "Apulia"}, "game_id": "762836", "values": [{"date": "2023-10-03-03-00-00", "latency": 0}]}, {"location": {"country_code": "ie", "region": "County Wicklow", "city": "Wicklow"}, "game_id": "762836", "values": [{"date": "2023-10-04-00-00-00", "latency": 9}, {"date": "2023-10-04-00-00-00", "latency": 9}, {"date": "2023-10-04-00-00-00", "latency": 9}, {"date": "2023-10-04-00-00-00", "latency": 9}, {"date": "2023-10-04-00-00-00", "latency": 9}, {"date": "2023-10-04-00-00-00", "latency": 9}, {"date": "2023-10-04-00-00-00", "latency": 9}, {"date": "2023-10-04-00-00-00", "latency": 9}, {"date": "2023-10-04-00-00-00", "latency": 9}]}, {"location": {"country_code": "cl", "region": "Santiago Metropolitan", "city": "Macul"}, "game_id": "762836", "values": [{"date": "2023-10-03-04-00-00", "latency": 2}]}], "last_updated": 1719919365.351452}