{"data": [{"location": {"country_code": "ca"}, "game_id": "614266", "values": [{"date": "2023-08-25-23-00-00", "latency": 54}, {"date": "2023-08-25-23-00-00", "latency": 54}, {"date": "2023-08-25-23-00-00", "latency": 54}, {"date": "2023-08-25-23-00-00", "latency": 54}, {"date": "2023-08-25-23-00-00", "latency": 54}]}, {"location": {"country_code": "mx", "region": "Mexico City"}, "game_id": "614266", "values": [{"date": "2023-08-25-07-00-00", "latency": 54}]}, {"location": {"country_code": "co", "region": "El Valle", "city": "Cali"}, "game_id": "614266", "values": [{"date": "2023-08-25-04-00-00", "latency": 20}, {"date": "2023-08-25-04-00-00", "latency": 20}, {"date": "2023-08-25-04-00-00", "latency": 20}, {"date": "2023-08-25-04-00-00", "latency": 20}, {"date": "2023-08-25-04-00-00", "latency": 20}, {"date": "2023-08-25-04-00-00", "latency": 20}, {"date": "2023-08-25-04-00-00", "latency": 20}, {"date": "2023-08-25-04-00-00", "latency": 20}, {"date": "2023-08-25-04-00-00", "latency": 20}, {"date": "2023-08-25-04-00-00", "latency": 20}]}, {"location": {"country_code": "fr", "region": "Pays de la Loire Region", "city": "Angers"}, "game_id": "614266", "values": [{"date": "2023-08-25-22-00-00", "latency": 99}, {"date": "2023-08-25-22-00-00", "latency": 99}]}], "last_updated": 1719919365.899238}