{"data": [{"location": {"country_code": "us"}, "game_id": "319965", "values": [{"date": "2023-04-22-10-00-00", "latency": 26}]}, {"location": {"country_code": "jp"}, "game_id": "319965", "values": [{"date": "2023-04-22-17-00-00", "latency": 87}, {"date": "2023-04-22-17-00-00", "latency": 87}, {"date": "2023-04-22-17-00-00", "latency": 87}, {"date": "2023-04-22-17-00-00", "latency": 87}, {"date": "2023-04-22-17-00-00", "latency": 87}]}, {"location": {"country_code": "tw"}, "game_id": "319965", "values": [{"date": "2023-04-22-18-00-00", "latency": 66}, {"date": "2023-04-22-18-00-00", "latency": 66}, {"date": "2023-04-22-18-00-00", "latency": 66}, {"date": "2023-04-22-18-00-00", "latency": 66}, {"date": "2023-04-22-18-00-00", "latency": 66}, {"date": "2023-04-22-18-00-00", "latency": 66}, {"date": "2023-04-22-18-00-00", "latency": 66}, {"date": "2023-04-22-18-00-00", "latency": 66}, {"date": "2023-04-22-18-00-00", "latency": 66}, {"date": "2023-04-22-18-00-00", "latency": 66}, {"date": "2023-04-22-18-00-00", "latency": 66}, {"date": "2023-04-22-18-00-00", "latency": 66}, {"date": "2023-04-22-18-00-00", "latency": 66}, {"date": "2023-04-22-18-00-00", "latency": 66}]}, {"location": {"country_code": "fr"}, "game_id": "319965", "values": [{"date": "2023-04-22-19-00-00", "latency": 129}, {"date": "2023-04-22-19-00-00", "latency": 129}, {"date": "2023-04-22-19-00-00", "latency": 129}, {"date": "2023-04-22-19-00-00", "latency": 129}, {"date": "2023-04-22-19-00-00", "latency": 129}, {"date": "2023-04-22-19-00-00", "latency": 129}, {"date": "2023-04-22-19-00-00", "latency": 129}, {"date": "2023-04-23-00-00-00", "latency": 247}, {"date": "2023-04-23-00-00-00", "latency": 247}, {"date": "2023-04-23-00-00-00", "latency": 247}, {"date": "2023-04-23-00-00-00", "latency": 247}, {"date": "2023-04-23-00-00-00", "latency": 247}, {"date": "2023-04-23-00-00-00", "latency": 247}, {"date": "2023-04-23-00-00-00", "latency": 247}, {"date": "2023-04-23-00-00-00", "latency": 247}, {"date": "2023-04-23-00-00-00", "latency": 247}, {"date": "2023-04-23-00-00-00", "latency": 247}, {"date": "2023-04-23-00-00-00", "latency": 247}, {"date": "2023-04-23-00-00-00", "latency": 247}, {"date": "2023-04-23-00-00-00", "latency": 247}, {"date": "2023-04-23-00-00-00", "latency": 247}, {"date": "2023-04-23-00-00-00", "latency": 247}, {"date": "2023-04-23-00-00-00", "latency": 247}, {"date": "2023-04-23-00-00-00", "latency": 247}, {"date": "2023-04-23-00-00-00", "latency": 247}, {"date": "2023-04-23-00-00-00", "latency": 247}, {"date": "2023-04-23-00-00-00", "latency": 247}, {"date": "2023-04-23-00-00-00", "latency": 247}, {"date": "2023-04-23-00-00-00", "latency": 247}, {"date": "2023-04-23-00-00-00", "latency": 247}, {"date": "2023-04-23-00-00-00", "latency": 247}, {"date": "2023-04-23-00-00-00", "latency": 247}, {"date": "2023-04-23-00-00-00", "latency": 247}, {"date": "2023-04-23-00-00-00", "latency": 247}, {"date": "2023-04-23-00-00-00", "latency": 247}, {"date": "2023-04-23-00-00-00", "latency": 247}, {"date": "2023-04-23-00-00-00", "latency": 247}]}, {"location": {"country_code": "mx"}, "game_id": "319965", "values": [{"date": "2023-04-22-08-00-00", "latency": 59}, {"date": "2023-04-22-08-00-00", "latency": 59}, {"date": "2023-04-22-08-00-00", "latency": 59}, {"date": "2023-04-22-08-00-00", "latency": 59}, {"date": "2023-04-22-08-00-00", "latency": 59}, {"date": "2023-04-22-08-00-00", "latency": 59}, {"date": "2023-04-22-08-00-00", "latency": 59}, {"date": "2023-04-22-08-00-00", "latency": 59}, {"date": "2023-04-22-08-00-00", "latency": 59}, {"date": "2023-04-22-08-00-00", "latency": 59}, {"date": "2023-04-22-08-00-00", "latency": 59}, {"date": "2023-04-22-08-00-00", "latency": 59}, {"date": "2023-04-22-08-00-00", "latency": 59}, {"date": "2023-04-22-08-00-00", "latency": 59}, {"date": "2023-04-22-08-00-00", "latency": 59}, {"date": "2023-04-22-08-00-00", "latency": 59}, {"date": "2023-04-22-08-00-00", "latency": 59}, {"date": "2023-04-22-08-00-00", "latency": 59}, {"date": "2023-04-22-08-00-00", "latency": 59}, {"date": "2023-04-22-08-00-00", "latency": 59}, {"date": "2023-04-22-08-00-00", "latency": 59}, {"date": "2023-04-22-08-00-00", "latency": 59}, {"date": "2023-04-22-08-00-00", "latency": 59}, {"date": "2023-04-22-08-00-00", "latency": 59}, {"date": "2023-04-22-08-00-00", "latency": 59}, {"date": "2023-04-22-08-00-00", "latency": 59}]}, {"location": {"country_code": "au"}, "game_id": "319965", "values": [{"date": "2023-04-22-16-00-00", "latency": 99}, {"date": "2023-04-22-16-00-00", "latency": 99}, {"date": "2023-04-22-16-00-00", "latency": 99}, {"date": "2023-04-22-16-00-00", "latency": 99}, {"date": "2023-04-22-16-00-00", "latency": 99}, {"date": "2023-04-22-16-00-00", "latency": 99}, {"date": "2023-04-22-16-00-00", "latency": 99}, {"date": "2023-04-22-16-00-00", "latency": 99}, {"date": "2023-04-22-16-00-00", "latency": 99}, {"date": "2023-04-22-16-00-00", "latency": 99}, {"date": "2023-04-22-16-00-00", "latency": 99}, {"date": "2023-04-22-16-00-00", "latency": 99}, {"date": "2023-04-22-16-00-00", "latency": 99}, {"date": "2023-04-22-16-00-00", "latency": 99}, {"date": "2023-04-22-16-00-00", "latency": 99}, {"date": "2023-04-22-16-00-00", "latency": 99}, {"date": "2023-04-22-16-00-00", "latency": 99}, {"date": "2023-04-22-16-00-00", "latency": 99}, {"date": "2023-04-22-16-00-00", "latency": 99}, {"date": "2023-04-22-16-00-00", "latency": 99}, {"date": "2023-04-22-16-00-00", "latency": 99}]}], "last_updated": 1719926526.864139}