{"data": [{"location": {"country_code": "us"}, "game_id": "461764", "values": [{"date": "2023-11-25-22-00-00", "latency": 108}, {"date": "2023-11-25-22-00-00", "latency": 108}, {"date": "2023-11-25-22-00-00", "latency": 108}, {"date": "2023-11-25-22-00-00", "latency": 108}, {"date": "2023-11-25-22-00-00", "latency": 108}, {"date": "2023-11-25-22-00-00", "latency": 108}, {"date": "2023-11-25-22-00-00", "latency": 108}, {"date": "2023-11-25-22-00-00", "latency": 108}, {"date": "2023-11-25-22-00-00", "latency": 108}, {"date": "2023-11-25-22-00-00", "latency": 108}, {"date": "2023-11-25-22-00-00", "latency": 108}, {"date": "2023-11-25-22-00-00", "latency": 108}, {"date": "2023-11-25-22-00-00", "latency": 108}, {"date": "2023-11-25-22-00-00", "latency": 108}, {"date": "2023-11-25-02-00-00", "latency": 39}, {"date": "2023-11-25-02-00-00", "latency": 39}, {"date": "2023-11-25-02-00-00", "latency": 39}, {"date": "2023-11-25-02-00-00", "latency": 39}, {"date": "2023-11-25-02-00-00", "latency": 39}, {"date": "2023-11-25-02-00-00", "latency": 39}, {"date": "2023-11-25-02-00-00", "latency": 39}, {"date": "2023-11-25-02-00-00", "latency": 39}, {"date": "2023-11-25-02-00-00", "latency": 39}, {"date": "2023-11-25-02-00-00", "latency": 39}, {"date": "2023-11-25-02-00-00", "latency": 39}, {"date": "2023-11-25-02-00-00", "latency": 39}, {"date": "2023-11-25-02-00-00", "latency": 39}, {"date": "2023-11-25-02-00-00", "latency": 39}, {"date": "2023-11-25-02-00-00", "latency": 39}, {"date": "2023-11-25-02-00-00", "latency": 39}, {"date": "2023-11-25-02-00-00", "latency": 39}, {"date": "2023-11-25-02-00-00", "latency": 39}, {"date": "2023-11-25-02-00-00", "latency": 39}, {"date": "2023-11-25-02-00-00", "latency": 39}, {"date": "2023-11-25-05-00-00", "latency": 88}, {"date": "2023-11-25-05-00-00", "latency": 88}, {"date": "2023-11-25-05-00-00", "latency": 88}, {"date": "2023-11-25-05-00-00", "latency": 88}, {"date": "2023-11-25-05-00-00", "latency": 88}, {"date": "2023-11-25-05-00-00", "latency": 88}, {"date": "2023-11-25-05-00-00", "latency": 88}, {"date": "2023-11-25-05-00-00", "latency": 88}, {"date": "2023-11-25-05-00-00", "latency": 88}, {"date": "2023-11-25-05-00-00", "latency": 88}, {"date": "2023-11-25-05-00-00", "latency": 88}, {"date": "2023-11-25-05-00-00", "latency": 88}, {"date": "2023-11-25-05-00-00", "latency": 88}, {"date": "2023-11-25-05-00-00", "latency": 88}, {"date": "2023-11-25-05-00-00", "latency": 88}, {"date": "2023-11-25-05-00-00", "latency": 88}, {"date": "2023-11-25-05-00-00", "latency": 88}, {"date": "2023-11-25-05-00-00", "latency": 88}, {"date": "2023-11-25-05-00-00", "latency": 88}, {"date": "2023-11-25-05-00-00", "latency": 88}, {"date": "2023-11-25-05-00-00", "latency": 88}, {"date": "2023-11-25-05-00-00", "latency": 88}, {"date": "2023-11-25-05-00-00", "latency": 88}, {"date": "2023-11-25-05-00-00", "latency": 88}, {"date": "2023-11-25-05-00-00", "latency": 88}, {"date": "2023-11-25-05-00-00", "latency": 88}, {"date": "2023-11-25-05-00-00", "latency": 88}, {"date": "2023-11-25-05-00-00", "latency": 88}, {"date": "2023-11-25-05-00-00", "latency": 88}, {"date": "2023-11-25-05-00-00", "latency": 88}, {"date": "2023-11-25-05-00-00", "latency": 88}, {"date": "2023-11-25-05-00-00", "latency": 88}, {"date": "2023-11-25-04-00-00", "latency": 35}, {"date": "2023-11-25-04-00-00", "latency": 35}, {"date": "2023-11-25-04-00-00", "latency": 35}, {"date": "2023-11-25-04-00-00", "latency": 35}, {"date": "2023-11-25-04-00-00", "latency": 35}, {"date": "2023-11-25-04-00-00", "latency": 35}]}, {"location": {"country_code": "gb"}, "game_id": "461764", "values": [{"date": "2023-11-26-01-00-00", "latency": 36}, {"date": "2023-11-26-01-00-00", "latency": 36}, {"date": "2023-11-26-01-00-00", "latency": 36}, {"date": "2023-11-26-01-00-00", "latency": 36}, {"date": "2023-11-26-01-00-00", "latency": 36}, {"date": "2023-11-26-01-00-00", "latency": 36}, {"date": "2023-11-26-01-00-00", "latency": 36}, {"date": "2023-11-26-01-00-00", "latency": 36}, {"date": "2023-11-26-01-00-00", "latency": 36}, {"date": "2023-11-26-01-00-00", "latency": 36}, {"date": "2023-11-26-01-00-00", "latency": 36}, {"date": "2023-11-26-01-00-00", "latency": 36}, {"date": "2023-11-26-01-00-00", "latency": 36}, {"date": "2023-11-26-01-00-00", "latency": 36}, {"date": "2023-11-26-01-00-00", "latency": 36}, {"date": "2023-11-26-01-00-00", "latency": 36}, {"date": "2023-11-26-01-00-00", "latency": 36}, {"date": "2023-11-26-01-00-00", "latency": 36}, {"date": "2023-11-26-01-00-00", "latency": 36}, {"date": "2023-11-26-01-00-00", "latency": 36}]}, {"location": {"country_code": "gr"}, "game_id": "461764", "values": [{"date": "2023-11-25-01-00-00", "latency": 49}, {"date": "2023-11-25-01-00-00", "latency": 49}, {"date": "2023-11-25-01-00-00", "latency": 49}, {"date": "2023-11-25-01-00-00", "latency": 49}, {"date": "2023-11-25-01-00-00", "latency": 49}, {"date": "2023-11-25-01-00-00", "latency": 49}, {"date": "2023-11-25-01-00-00", "latency": 49}, {"date": "2023-11-25-01-00-00", "latency": 49}, {"date": "2023-11-25-01-00-00", "latency": 49}, {"date": "2023-11-25-01-00-00", "latency": 49}, {"date": "2023-11-25-01-00-00", "latency": 49}, {"date": "2023-11-25-01-00-00", "latency": 49}, {"date": "2023-11-25-01-00-00", "latency": 49}, {"date": "2023-11-25-01-00-00", "latency": 49}, {"date": "2023-11-25-01-00-00", "latency": 49}, {"date": "2023-11-25-01-00-00", "latency": 49}, {"date": "2023-11-25-01-00-00", "latency": 49}, {"date": "2023-11-25-01-00-00", "latency": 49}, {"date": "2023-11-25-01-00-00", "latency": 49}, {"date": "2023-11-25-01-00-00", "latency": 49}, {"date": "2023-11-25-01-00-00", "latency": 49}, {"date": "2023-11-25-01-00-00", "latency": 49}, {"date": "2023-11-25-01-00-00", "latency": 49}, {"date": "2023-11-25-01-00-00", "latency": 49}, {"date": "2023-11-25-01-00-00", "latency": 49}, {"date": "2023-11-25-01-00-00", "latency": 49}, {"date": "2023-11-25-01-00-00", "latency": 49}, {"date": "2023-11-25-01-00-00", "latency": 49}, {"date": "2023-11-25-01-00-00", "latency": 49}]}, {"location": {"country_code": "jp"}, "game_id": "461764", "values": [{"date": "2023-11-25-08-00-00", "latency": 52}, {"date": "2023-11-25-08-00-00", "latency": 52}, {"date": "2023-11-25-08-00-00", "latency": 52}, {"date": "2023-11-25-08-00-00", "latency": 52}, {"date": "2023-11-25-08-00-00", "latency": 52}, {"date": "2023-11-25-08-00-00", "latency": 52}, {"date": "2023-11-25-08-00-00", "latency": 52}]}, {"location": {"country_code": "ca"}, "game_id": "461764", "values": [{"date": "2023-11-25-06-00-00", "latency": 35}, {"date": "2023-11-25-06-00-00", "latency": 35}, {"date": "2023-11-25-06-00-00", "latency": 35}, {"date": "2023-11-25-06-00-00", "latency": 35}, {"date": "2023-11-25-06-00-00", "latency": 35}, {"date": "2023-11-25-06-00-00", "latency": 35}, {"date": "2023-11-25-06-00-00", "latency": 35}, {"date": "2023-11-25-06-00-00", "latency": 35}, {"date": "2023-11-25-06-00-00", "latency": 35}, {"date": "2023-11-25-06-00-00", "latency": 35}, {"date": "2023-11-25-06-00-00", "latency": 35}, {"date": "2023-11-25-06-00-00", "latency": 35}, {"date": "2023-11-25-06-00-00", "latency": 35}, {"date": "2023-11-25-06-00-00", "latency": 35}, {"date": "2023-11-25-06-00-00", "latency": 35}, {"date": "2023-11-25-06-00-00", "latency": 35}, {"date": "2023-11-25-06-00-00", "latency": 35}, {"date": "2023-11-25-06-00-00", "latency": 35}, {"date": "2023-11-25-06-00-00", "latency": 35}, {"date": "2023-11-25-06-00-00", "latency": 35}, {"date": "2023-11-25-06-00-00", "latency": 35}, {"date": "2023-11-25-06-00-00", "latency": 35}]}, {"location": {"country_code": "de"}, "game_id": "461764", "values": [{"date": "2023-11-25-02-00-00", "latency": 33}, {"date": "2023-11-25-02-00-00", "latency": 33}, {"date": "2023-11-25-02-00-00", "latency": 33}, {"date": "2023-11-25-02-00-00", "latency": 33}, {"date": "2023-11-25-02-00-00", "latency": 33}, {"date": "2023-11-25-02-00-00", "latency": 33}, {"date": "2023-11-25-02-00-00", "latency": 33}, {"date": "2023-11-25-02-00-00", "latency": 33}, {"date": "2023-11-25-02-00-00", "latency": 33}, {"date": "2023-11-25-02-00-00", "latency": 33}, {"date": "2023-11-25-02-00-00", "latency": 33}, {"date": "2023-11-25-02-00-00", "latency": 33}, {"date": "2023-11-25-02-00-00", "latency": 33}, {"date": "2023-11-25-02-00-00", "latency": 33}, {"date": "2023-11-25-02-00-00", "latency": 33}, {"date": "2023-11-25-02-00-00", "latency": 33}, {"date": "2023-11-25-02-00-00", "latency": 33}, {"date": "2023-11-25-02-00-00", "latency": 33}, {"date": "2023-11-25-02-00-00", "latency": 33}, {"date": "2023-11-25-02-00-00", "latency": 33}, {"date": "2023-11-25-02-00-00", "latency": 33}, {"date": "2023-11-25-23-00-00", "latency": 32}, {"date": "2023-11-25-23-00-00", "latency": 32}, {"date": "2023-11-25-23-00-00", "latency": 32}, {"date": "2023-11-25-23-00-00", "latency": 32}, {"date": "2023-11-25-23-00-00", "latency": 32}, {"date": "2023-11-25-23-00-00", "latency": 32}, {"date": "2023-11-25-23-00-00", "latency": 32}, {"date": "2023-11-25-23-00-00", "latency": 32}, {"date": "2023-11-25-23-00-00", "latency": 32}, {"date": "2023-11-25-23-00-00", "latency": 32}, {"date": "2023-11-25-23-00-00", "latency": 32}, {"date": "2023-11-25-23-00-00", "latency": 32}, {"date": "2023-11-25-23-00-00", "latency": 32}, {"date": "2023-11-25-23-00-00", "latency": 32}, {"date": "2023-11-25-23-00-00", "latency": 32}, {"date": "2023-11-25-23-00-00", "latency": 32}, {"date": "2023-11-25-23-00-00", "latency": 32}, {"date": "2023-11-26-01-00-00", "latency": 37}, {"date": "2023-11-26-01-00-00", "latency": 37}, {"date": "2023-11-26-01-00-00", "latency": 37}, {"date": "2023-11-26-01-00-00", "latency": 37}, {"date": "2023-11-26-01-00-00", "latency": 37}, {"date": "2023-11-26-01-00-00", "latency": 37}, {"date": "2023-11-26-01-00-00", "latency": 37}, {"date": "2023-11-26-01-00-00", "latency": 37}, {"date": "2023-11-26-01-00-00", "latency": 37}, {"date": "2023-11-25-10-00-00", "latency": 35}, {"date": "2023-11-25-10-00-00", "latency": 35}, {"date": "2023-11-25-10-00-00", "latency": 35}, {"date": "2023-11-25-10-00-00", "latency": 35}, {"date": "2023-11-25-10-00-00", "latency": 35}, {"date": "2023-11-25-10-00-00", "latency": 35}, {"date": "2023-11-25-10-00-00", "latency": 35}, {"date": "2023-11-25-10-00-00", "latency": 35}, {"date": "2023-11-25-10-00-00", "latency": 35}, {"date": "2023-11-25-10-00-00", "latency": 35}, {"date": "2023-11-25-10-00-00", "latency": 35}, {"date": "2023-11-25-10-00-00", "latency": 35}, {"date": "2023-11-25-10-00-00", "latency": 35}, {"date": "2023-11-25-10-00-00", "latency": 35}, {"date": "2023-11-25-10-00-00", "latency": 35}, {"date": "2023-11-25-10-00-00", "latency": 35}, {"date": "2023-11-25-10-00-00", "latency": 35}, {"date": "2023-11-25-10-00-00", "latency": 35}, {"date": "2023-11-25-10-00-00", "latency": 35}, {"date": "2023-11-25-10-00-00", "latency": 35}, {"date": "2023-11-25-10-00-00", "latency": 35}, {"date": "2023-11-25-10-00-00", "latency": 35}, {"date": "2023-11-25-10-00-00", "latency": 35}, {"date": "2023-11-25-10-00-00", "latency": 35}, {"date": "2023-11-25-10-00-00", "latency": 35}, {"date": "2023-11-25-10-00-00", "latency": 35}, {"date": "2023-11-25-10-00-00", "latency": 35}, {"date": "2023-11-25-10-00-00", "latency": 35}, {"date": "2023-11-25-10-00-00", "latency": 35}, {"date": "2023-11-25-10-00-00", "latency": 35}, {"date": "2023-11-25-10-00-00", "latency": 35}, {"date": "2023-11-25-10-00-00", "latency": 35}, {"date": "2023-11-25-10-00-00", "latency": 35}, {"date": "2023-11-25-10-00-00", "latency": 35}, {"date": "2023-11-25-10-00-00", "latency": 35}, {"date": "2023-11-25-10-00-00", "latency": 35}, {"date": "2023-11-25-10-00-00", "latency": 35}, {"date": "2023-11-25-10-00-00", "latency": 35}, {"date": "2023-11-25-10-00-00", "latency": 35}, {"date": "2023-11-25-10-00-00", "latency": 35}, {"date": "2023-11-25-10-00-00", "latency": 35}, {"date": "2023-11-25-10-00-00", "latency": 35}, {"date": "2023-11-25-10-00-00", "latency": 35}, {"date": "2023-11-25-10-00-00", "latency": 35}, {"date": "2023-11-25-10-00-00", "latency": 35}, {"date": "2023-11-25-10-00-00", "latency": 35}, {"date": "2023-11-25-10-00-00", "latency": 35}, {"date": "2023-11-25-10-00-00", "latency": 35}, {"date": "2023-11-25-10-00-00", "latency": 35}, {"date": "2023-11-25-10-00-00", "latency": 35}, {"date": "2023-11-25-10-00-00", "latency": 35}, {"date": "2023-11-25-10-00-00", "latency": 35}, {"date": "2023-11-25-10-00-00", "latency": 35}, {"date": "2023-11-25-10-00-00", "latency": 35}, {"date": "2023-11-25-10-00-00", "latency": 35}, {"date": "2023-11-25-10-00-00", "latency": 35}, {"date": "2023-11-25-10-00-00", "latency": 35}, {"date": "2023-11-25-10-00-00", "latency": 35}, {"date": "2023-11-25-10-00-00", "latency": 35}, {"date": "2023-11-25-10-00-00", "latency": 35}, {"date": "2023-11-25-10-00-00", "latency": 35}, {"date": "2023-11-25-10-00-00", "latency": 35}, {"date": "2023-11-25-10-00-00", "latency": 35}, {"date": "2023-11-25-10-00-00", "latency": 35}, {"date": "2023-11-25-10-00-00", "latency": 35}, {"date": "2023-11-25-10-00-00", "latency": 35}, {"date": "2023-11-25-10-00-00", "latency": 35}, {"date": "2023-11-25-10-00-00", "latency": 35}, {"date": "2023-11-25-10-00-00", "latency": 35}, {"date": "2023-11-25-10-00-00", "latency": 35}, {"date": "2023-11-25-10-00-00", "latency": 35}, {"date": "2023-11-25-10-00-00", "latency": 35}]}, {"location": {"country_code": "cl"}, "game_id": "461764", "values": [{"date": "2023-11-25-06-00-00", "latency": 119}, {"date": "2023-11-25-06-00-00", "latency": 119}, {"date": "2023-11-25-06-00-00", "latency": 119}, {"date": "2023-11-25-06-00-00", "latency": 119}, {"date": "2023-11-25-06-00-00", "latency": 119}, {"date": "2023-11-25-06-00-00", "latency": 119}, {"date": "2023-11-25-06-00-00", "latency": 119}, {"date": "2023-11-25-06-00-00", "latency": 119}, {"date": "2023-11-25-06-00-00", "latency": 119}, {"date": "2023-11-25-06-00-00", "latency": 119}, {"date": "2023-11-25-06-00-00", "latency": 119}, {"date": "2023-11-25-06-00-00", "latency": 119}, {"date": "2023-11-25-06-00-00", "latency": 119}, {"date": "2023-11-25-06-00-00", "latency": 119}, {"date": "2023-11-25-06-00-00", "latency": 119}, {"date": "2023-11-25-06-00-00", "latency": 119}, {"date": "2023-11-25-06-00-00", "latency": 119}, {"date": "2023-11-25-06-00-00", "latency": 119}]}, {"location": {"country_code": "ph"}, "game_id": "461764", "values": [{"date": "2023-11-25-18-00-00", "latency": 35}, {"date": "2023-11-25-18-00-00", "latency": 35}, {"date": "2023-11-25-18-00-00", "latency": 35}, {"date": "2023-11-25-18-00-00", "latency": 35}, {"date": "2023-11-25-18-00-00", "latency": 35}, {"date": "2023-11-25-18-00-00", "latency": 35}, {"date": "2023-11-25-18-00-00", "latency": 35}, {"date": "2023-11-25-18-00-00", "latency": 35}, {"date": "2023-11-25-18-00-00", "latency": 35}, {"date": "2023-11-25-18-00-00", "latency": 35}, {"date": "2023-11-25-18-00-00", "latency": 35}, {"date": "2023-11-25-18-00-00", "latency": 35}, {"date": "2023-11-25-18-00-00", "latency": 35}, {"date": "2023-11-25-18-00-00", "latency": 35}, {"date": "2023-11-25-18-00-00", "latency": 35}, {"date": "2023-11-25-18-00-00", "latency": 35}, {"date": "2023-11-25-18-00-00", "latency": 35}, {"date": "2023-11-25-18-00-00", "latency": 35}, {"date": "2023-11-25-18-00-00", "latency": 35}, {"date": "2023-11-25-18-00-00", "latency": 35}, {"date": "2023-11-25-18-00-00", "latency": 35}]}, {"location": {"country_code": "br"}, "game_id": "461764", "values": [{"date": "2023-11-25-18-00-00", "latency": 106}, {"date": "2023-11-25-18-00-00", "latency": 106}, {"date": "2023-11-25-18-00-00", "latency": 106}, {"date": "2023-11-25-18-00-00", "latency": 106}, {"date": "2023-11-25-18-00-00", "latency": 106}, {"date": "2023-11-25-18-00-00", "latency": 106}, {"date": "2023-11-25-18-00-00", "latency": 106}, {"date": "2023-11-25-18-00-00", "latency": 106}, {"date": "2023-11-25-18-00-00", "latency": 106}, {"date": "2023-11-25-18-00-00", "latency": 106}, {"date": "2023-11-25-18-00-00", "latency": 106}, {"date": "2023-11-25-18-00-00", "latency": 106}, {"date": "2023-11-25-18-00-00", "latency": 106}, {"date": "2023-11-25-18-00-00", "latency": 106}, {"date": "2023-11-25-18-00-00", "latency": 106}, {"date": "2023-11-25-18-00-00", "latency": 106}, {"date": "2023-11-25-18-00-00", "latency": 106}, {"date": "2023-11-25-18-00-00", "latency": 106}, {"date": "2023-11-25-18-00-00", "latency": 106}, {"date": "2023-11-25-18-00-00", "latency": 106}, {"date": "2023-11-25-18-00-00", "latency": 106}, {"date": "2023-11-25-18-00-00", "latency": 106}, {"date": "2023-11-25-18-00-00", "latency": 106}, {"date": "2023-11-25-18-00-00", "latency": 106}, {"date": "2023-11-25-18-00-00", "latency": 106}, {"date": "2023-11-25-18-00-00", "latency": 106}, {"date": "2023-11-25-18-00-00", "latency": 106}, {"date": "2023-11-25-18-00-00", "latency": 106}, {"date": "2023-11-25-18-00-00", "latency": 106}, {"date": "2023-11-25-18-00-00", "latency": 106}, {"date": "2023-11-25-18-00-00", "latency": 106}, {"date": "2023-11-25-18-00-00", "latency": 106}, {"date": "2023-11-25-18-00-00", "latency": 106}, {"date": "2023-11-25-18-00-00", "latency": 106}, {"date": "2023-11-25-18-00-00", "latency": 106}, {"date": "2023-11-25-18-00-00", "latency": 106}, {"date": "2023-11-25-18-00-00", "latency": 106}]}, {"location": {"country_code": "no"}, "game_id": "461764", "values": [{"date": "2023-11-25-02-00-00", "latency": 34}, {"date": "2023-11-25-02-00-00", "latency": 34}, {"date": "2023-11-25-02-00-00", "latency": 34}]}, {"location": {"country_code": "de", "region": "Hesse"}, "game_id": "461764", "values": [{"date": "2023-11-25-12-00-00", "latency": 35}, {"date": "2023-11-25-12-00-00", "latency": 35}, {"date": "2023-11-25-12-00-00", "latency": 35}, {"date": "2023-11-25-12-00-00", "latency": 35}, {"date": "2023-11-25-12-00-00", "latency": 35}, {"date": "2023-11-25-12-00-00", "latency": 35}, {"date": "2023-11-25-12-00-00", "latency": 35}, {"date": "2023-11-25-12-00-00", "latency": 35}, {"date": "2023-11-25-12-00-00", "latency": 35}, {"date": "2023-11-25-12-00-00", "latency": 35}, {"date": "2023-11-25-12-00-00", "latency": 35}, {"date": "2023-11-25-12-00-00", "latency": 35}, {"date": "2023-11-25-12-00-00", "latency": 35}, {"date": "2023-11-25-12-00-00", "latency": 35}]}, {"location": {"country_code": "es"}, "game_id": "461764", "values": [{"date": "2023-11-25-14-00-00", "latency": 49}, {"date": "2023-11-25-14-00-00", "latency": 49}, {"date": "2023-11-25-14-00-00", "latency": 49}, {"date": "2023-11-25-14-00-00", "latency": 49}, {"date": "2023-11-25-14-00-00", "latency": 49}, {"date": "2023-11-25-14-00-00", "latency": 49}]}, {"location": {"country_code": "us", "region": "Hawaii"}, "game_id": "461764", "values": [{"date": "2023-11-25-23-00-00", "latency": 35}, {"date": "2023-11-25-23-00-00", "latency": 35}, {"date": "2023-11-25-23-00-00", "latency": 35}, {"date": "2023-11-25-23-00-00", "latency": 35}, {"date": "2023-11-25-23-00-00", "latency": 35}, {"date": "2023-11-25-23-00-00", "latency": 35}, {"date": "2023-11-25-23-00-00", "latency": 35}, {"date": "2023-11-25-23-00-00", "latency": 35}, {"date": "2023-11-25-23-00-00", "latency": 35}, {"date": "2023-11-25-23-00-00", "latency": 35}, {"date": "2023-11-25-23-00-00", "latency": 35}, {"date": "2023-11-25-23-00-00", "latency": 35}, {"date": "2023-11-25-23-00-00", "latency": 35}, {"date": "2023-11-25-23-00-00", "latency": 35}, {"date": "2023-11-25-23-00-00", "latency": 35}, {"date": "2023-11-25-23-00-00", "latency": 35}, {"date": "2023-11-25-23-00-00", "latency": 35}]}, {"location": {"country_code": "hu"}, "game_id": "461764", "values": [{"date": "2023-11-25-03-00-00", "latency": 120}, {"date": "2023-11-25-03-00-00", "latency": 120}, {"date": "2023-11-25-03-00-00", "latency": 120}, {"date": "2023-11-25-03-00-00", "latency": 120}, {"date": "2023-11-25-03-00-00", "latency": 120}, {"date": "2023-11-25-03-00-00", "latency": 120}, {"date": "2023-11-25-03-00-00", "latency": 120}, {"date": "2023-11-25-03-00-00", "latency": 120}]}, {"location": {"country_code": "pl"}, "game_id": "461764", "values": [{"date": "2023-11-25-22-00-00", "latency": 34}, {"date": "2023-11-25-22-00-00", "latency": 34}, {"date": "2023-11-25-22-00-00", "latency": 34}, {"date": "2023-11-25-22-00-00", "latency": 34}, {"date": "2023-11-25-22-00-00", "latency": 34}, {"date": "2023-11-25-22-00-00", "latency": 34}, {"date": "2023-11-25-22-00-00", "latency": 34}, {"date": "2023-11-25-22-00-00", "latency": 34}, {"date": "2023-11-25-22-00-00", "latency": 34}, {"date": "2023-11-25-22-00-00", "latency": 34}, {"date": "2023-11-25-22-00-00", "latency": 34}, {"date": "2023-11-25-22-00-00", "latency": 34}, {"date": "2023-11-25-22-00-00", "latency": 34}, {"date": "2023-11-25-22-00-00", "latency": 34}, {"date": "2023-11-25-22-00-00", "latency": 34}, {"date": "2023-11-25-22-00-00", "latency": 34}, {"date": "2023-11-25-22-00-00", "latency": 34}, {"date": "2023-11-25-22-00-00", "latency": 34}, {"date": "2023-11-25-22-00-00", "latency": 34}, {"date": "2023-11-25-22-00-00", "latency": 34}, {"date": "2023-11-25-22-00-00", "latency": 34}, {"date": "2023-11-25-22-00-00", "latency": 34}, {"date": "2023-11-25-22-00-00", "latency": 34}, {"date": "2023-11-25-22-00-00", "latency": 34}, {"date": "2023-11-25-22-00-00", "latency": 34}, {"date": "2023-11-25-22-00-00", "latency": 34}, {"date": "2023-11-25-22-00-00", "latency": 34}, {"date": "2023-11-25-20-00-00", "latency": 35}, {"date": "2023-11-25-20-00-00", "latency": 35}, {"date": "2023-11-25-20-00-00", "latency": 35}, {"date": "2023-11-25-20-00-00", "latency": 35}, {"date": "2023-11-25-20-00-00", "latency": 35}, {"date": "2023-11-25-20-00-00", "latency": 35}, {"date": "2023-11-25-20-00-00", "latency": 35}, {"date": "2023-11-25-20-00-00", "latency": 35}, {"date": "2023-11-25-20-00-00", "latency": 35}, {"date": "2023-11-25-20-00-00", "latency": 35}, {"date": "2023-11-25-20-00-00", "latency": 35}, {"date": "2023-11-25-20-00-00", "latency": 35}, {"date": "2023-11-25-20-00-00", "latency": 35}, {"date": "2023-11-25-20-00-00", "latency": 35}, {"date": "2023-11-25-20-00-00", "latency": 35}, {"date": "2023-11-25-20-00-00", "latency": 35}, {"date": "2023-11-25-20-00-00", "latency": 35}, {"date": "2023-11-25-20-00-00", "latency": 35}, {"date": "2023-11-25-20-00-00", "latency": 35}]}, {"location": {"country_code": "ie"}, "game_id": "461764", "values": [{"date": "2023-11-25-20-00-00", "latency": 35}, {"date": "2023-11-25-20-00-00", "latency": 35}, {"date": "2023-11-25-20-00-00", "latency": 35}, {"date": "2023-11-25-20-00-00", "latency": 35}, {"date": "2023-11-25-20-00-00", "latency": 35}, {"date": "2023-11-25-20-00-00", "latency": 35}, {"date": "2023-11-25-20-00-00", "latency": 35}, {"date": "2023-11-25-20-00-00", "latency": 35}, {"date": "2023-11-25-20-00-00", "latency": 35}, {"date": "2023-11-25-20-00-00", "latency": 35}, {"date": "2023-11-25-20-00-00", "latency": 35}, {"date": "2023-11-25-20-00-00", "latency": 35}, {"date": "2023-11-25-20-00-00", "latency": 35}, {"date": "2023-11-25-20-00-00", "latency": 35}, {"date": "2023-11-25-20-00-00", "latency": 35}, {"date": "2023-11-25-20-00-00", "latency": 35}, {"date": "2023-11-25-20-00-00", "latency": 35}, {"date": "2023-11-25-20-00-00", "latency": 35}, {"date": "2023-11-25-20-00-00", "latency": 35}, {"date": "2023-11-25-20-00-00", "latency": 35}, {"date": "2023-11-25-20-00-00", "latency": 35}, {"date": "2023-11-25-20-00-00", "latency": 35}]}, {"location": {"country_code": "ua"}, "game_id": "461764", "values": [{"date": "2023-11-25-13-00-00", "latency": 36}, {"date": "2023-11-25-13-00-00", "latency": 36}, {"date": "2023-11-25-13-00-00", "latency": 36}, {"date": "2023-11-25-13-00-00", "latency": 36}, {"date": "2023-11-25-13-00-00", "latency": 36}]}, {"location": {"country_code": "id"}, "game_id": "461764", "values": [{"date": "2023-11-25-14-00-00", "latency": 37}, {"date": "2023-11-25-14-00-00", "latency": 37}, {"date": "2023-11-25-14-00-00", "latency": 37}, {"date": "2023-11-25-14-00-00", "latency": 37}, {"date": "2023-11-25-14-00-00", "latency": 37}, {"date": "2023-11-25-14-00-00", "latency": 37}, {"date": "2023-11-25-14-00-00", "latency": 37}, {"date": "2023-11-25-14-00-00", "latency": 37}, {"date": "2023-11-25-14-00-00", "latency": 37}, {"date": "2023-11-25-14-00-00", "latency": 37}, {"date": "2023-11-25-14-00-00", "latency": 37}, {"date": "2023-11-25-14-00-00", "latency": 37}, {"date": "2023-11-25-14-00-00", "latency": 37}, {"date": "2023-11-25-14-00-00", "latency": 37}, {"date": "2023-11-25-14-00-00", "latency": 37}, {"date": "2023-11-25-14-00-00", "latency": 37}, {"date": "2023-11-25-14-00-00", "latency": 37}, {"date": "2023-11-25-14-00-00", "latency": 37}, {"date": "2023-11-25-14-00-00", "latency": 37}, {"date": "2023-11-25-14-00-00", "latency": 37}, {"date": "2023-11-25-14-00-00", "latency": 37}, {"date": "2023-11-25-14-00-00", "latency": 37}, {"date": "2023-11-25-14-00-00", "latency": 37}, {"date": "2023-11-25-14-00-00", "latency": 37}, {"date": "2023-11-25-14-00-00", "latency": 37}, {"date": "2023-11-25-14-00-00", "latency": 37}, {"date": "2023-11-25-14-00-00", "latency": 37}]}, {"location": {"country_code": "us", "region": "Vermont"}, "game_id": "461764", "values": [{"date": "2023-11-25-18-00-00", "latency": 34}, {"date": "2023-11-25-18-00-00", "latency": 34}, {"date": "2023-11-25-18-00-00", "latency": 34}, {"date": "2023-11-25-18-00-00", "latency": 34}, {"date": "2023-11-25-18-00-00", "latency": 34}, {"date": "2023-11-25-18-00-00", "latency": 34}, {"date": "2023-11-25-18-00-00", "latency": 34}, {"date": "2023-11-25-18-00-00", "latency": 34}, {"date": "2023-11-25-18-00-00", "latency": 34}, {"date": "2023-11-25-18-00-00", "latency": 34}, {"date": "2023-11-25-18-00-00", "latency": 34}, {"date": "2023-11-25-18-00-00", "latency": 34}, {"date": "2023-11-25-18-00-00", "latency": 34}, {"date": "2023-11-25-18-00-00", "latency": 34}, {"date": "2023-11-25-18-00-00", "latency": 34}, {"date": "2023-11-25-18-00-00", "latency": 34}, {"date": "2023-11-25-18-00-00", "latency": 34}, {"date": "2023-11-25-18-00-00", "latency": 34}, {"date": "2023-11-25-18-00-00", "latency": 34}]}, {"location": {"country_code": "hr"}, "game_id": "461764", "values": [{"date": "2023-11-25-18-00-00", "latency": 62}, {"date": "2023-11-25-18-00-00", "latency": 62}, {"date": "2023-11-25-18-00-00", "latency": 62}, {"date": "2023-11-25-18-00-00", "latency": 62}, {"date": "2023-11-25-18-00-00", "latency": 62}, {"date": "2023-11-25-18-00-00", "latency": 62}, {"date": "2023-11-25-18-00-00", "latency": 62}, {"date": "2023-11-25-18-00-00", "latency": 62}, {"date": "2023-11-25-18-00-00", "latency": 62}, {"date": "2023-11-25-18-00-00", "latency": 62}, {"date": "2023-11-25-18-00-00", "latency": 62}, {"date": "2023-11-25-18-00-00", "latency": 62}, {"date": "2023-11-25-18-00-00", "latency": 62}, {"date": "2023-11-25-18-00-00", "latency": 62}, {"date": "2023-11-25-18-00-00", "latency": 62}, {"date": "2023-11-25-18-00-00", "latency": 62}, {"date": "2023-11-25-18-00-00", "latency": 62}, {"date": "2023-11-25-18-00-00", "latency": 62}, {"date": "2023-11-25-18-00-00", "latency": 62}, {"date": "2023-11-25-18-00-00", "latency": 62}, {"date": "2023-11-25-18-00-00", "latency": 62}, {"date": "2023-11-25-18-00-00", "latency": 62}, {"date": "2023-11-25-18-00-00", "latency": 62}, {"date": "2023-11-25-18-00-00", "latency": 62}, {"date": "2023-11-25-18-00-00", "latency": 62}, {"date": "2023-11-25-18-00-00", "latency": 62}, {"date": "2023-11-25-18-00-00", "latency": 62}, {"date": "2023-11-25-18-00-00", "latency": 62}, {"date": "2023-11-25-18-00-00", "latency": 62}, {"date": "2023-11-25-18-00-00", "latency": 62}, {"date": "2023-11-25-18-00-00", "latency": 62}, {"date": "2023-11-25-18-00-00", "latency": 62}, {"date": "2023-11-25-18-00-00", "latency": 62}, {"date": "2023-11-25-18-00-00", "latency": 62}, {"date": "2023-11-25-18-00-00", "latency": 62}, {"date": "2023-11-25-18-00-00", "latency": 62}, {"date": "2023-11-25-18-00-00", "latency": 62}, {"date": "2023-11-25-18-00-00", "latency": 62}, {"date": "2023-11-25-18-00-00", "latency": 62}, {"date": "2023-11-25-18-00-00", "latency": 62}, {"date": "2023-11-25-18-00-00", "latency": 62}, {"date": "2023-11-25-18-00-00", "latency": 62}, {"date": "2023-11-25-18-00-00", "latency": 62}, {"date": "2023-11-25-18-00-00", "latency": 62}, {"date": "2023-11-25-18-00-00", "latency": 62}, {"date": "2023-11-25-18-00-00", "latency": 62}, {"date": "2023-11-25-18-00-00", "latency": 62}, {"date": "2023-11-25-18-00-00", "latency": 62}, {"date": "2023-11-25-18-00-00", "latency": 62}, {"date": "2023-11-25-18-00-00", "latency": 62}, {"date": "2023-11-25-18-00-00", "latency": 62}]}, {"location": {"country_code": "de", "region": "Lower Saxony"}, "game_id": "461764", "values": [{"date": "2023-11-25-18-00-00", "latency": 35}, {"date": "2023-11-25-18-00-00", "latency": 35}, {"date": "2023-11-25-18-00-00", "latency": 35}, {"date": "2023-11-25-18-00-00", "latency": 35}, {"date": "2023-11-25-18-00-00", "latency": 35}, {"date": "2023-11-25-18-00-00", "latency": 35}, {"date": "2023-11-25-18-00-00", "latency": 35}, {"date": "2023-11-25-18-00-00", "latency": 35}, {"date": "2023-11-25-18-00-00", "latency": 35}, {"date": "2023-11-25-18-00-00", "latency": 35}, {"date": "2023-11-25-18-00-00", "latency": 35}, {"date": "2023-11-25-18-00-00", "latency": 35}, {"date": "2023-11-25-18-00-00", "latency": 35}, {"date": "2023-11-25-18-00-00", "latency": 35}, {"date": "2023-11-25-18-00-00", "latency": 35}, {"date": "2023-11-25-18-00-00", "latency": 35}, {"date": "2023-11-25-18-00-00", "latency": 35}, {"date": "2023-11-25-18-00-00", "latency": 35}, {"date": "2023-11-25-18-00-00", "latency": 35}, {"date": "2023-11-25-18-00-00", "latency": 35}, {"date": "2023-11-25-18-00-00", "latency": 35}, {"date": "2023-11-25-18-00-00", "latency": 35}, {"date": "2023-11-25-18-00-00", "latency": 35}, {"date": "2023-11-25-18-00-00", "latency": 35}, {"date": "2023-11-25-18-00-00", "latency": 35}, {"date": "2023-11-25-18-00-00", "latency": 35}, {"date": "2023-11-25-18-00-00", "latency": 35}, {"date": "2023-11-25-18-00-00", "latency": 35}, {"date": "2023-11-25-18-00-00", "latency": 35}]}, {"location": {"country_code": "us", "region": "Oregon", "city": "Portland"}, "game_id": "461764", "values": [{"date": "2023-11-25-04-00-00", "latency": 34}, {"date": "2023-11-25-04-00-00", "latency": 34}, {"date": "2023-11-25-04-00-00", "latency": 34}, {"date": "2023-11-25-04-00-00", "latency": 34}, {"date": "2023-11-25-04-00-00", "latency": 34}, {"date": "2023-11-25-04-00-00", "latency": 34}, {"date": "2023-11-25-04-00-00", "latency": 34}, {"date": "2023-11-25-04-00-00", "latency": 34}, {"date": "2023-11-25-04-00-00", "latency": 34}, {"date": "2023-11-25-04-00-00", "latency": 34}, {"date": "2023-11-25-04-00-00", "latency": 34}, {"date": "2023-11-25-04-00-00", "latency": 34}, {"date": "2023-11-25-04-00-00", "latency": 34}, {"date": "2023-11-25-04-00-00", "latency": 34}, {"date": "2023-11-25-04-00-00", "latency": 34}, {"date": "2023-11-25-04-00-00", "latency": 34}]}, {"location": {"country_code": "mt"}, "game_id": "461764", "values": [{"date": "2023-11-25-14-00-00", "latency": 37}, {"date": "2023-11-25-14-00-00", "latency": 37}, {"date": "2023-11-25-14-00-00", "latency": 37}, {"date": "2023-11-25-14-00-00", "latency": 37}, {"date": "2023-11-25-14-00-00", "latency": 37}, {"date": "2023-11-25-14-00-00", "latency": 37}, {"date": "2023-11-25-14-00-00", "latency": 37}, {"date": "2023-11-25-14-00-00", "latency": 37}, {"date": "2023-11-25-14-00-00", "latency": 37}, {"date": "2023-11-25-14-00-00", "latency": 37}, {"date": "2023-11-25-14-00-00", "latency": 37}, {"date": "2023-11-25-14-00-00", "latency": 37}, {"date": "2023-11-25-14-00-00", "latency": 37}, {"date": "2023-11-25-14-00-00", "latency": 37}, {"date": "2023-11-25-14-00-00", "latency": 37}, {"date": "2023-11-25-14-00-00", "latency": 37}, {"date": "2023-11-25-14-00-00", "latency": 37}, {"date": "2023-11-25-14-00-00", "latency": 37}, {"date": "2023-11-25-14-00-00", "latency": 37}, {"date": "2023-11-25-14-00-00", "latency": 37}, {"date": "2023-11-25-14-00-00", "latency": 37}, {"date": "2023-11-25-14-00-00", "latency": 37}, {"date": "2023-11-25-14-00-00", "latency": 37}, {"date": "2023-11-25-14-00-00", "latency": 37}, {"date": "2023-11-25-14-00-00", "latency": 37}, {"date": "2023-11-25-14-00-00", "latency": 37}, {"date": "2023-11-25-14-00-00", "latency": 37}, {"date": "2023-11-25-14-00-00", "latency": 37}, {"date": "2023-11-25-14-00-00", "latency": 37}, {"date": "2023-11-25-14-00-00", "latency": 37}]}, {"location": {"country_code": "jp", "region": "Hiroshima"}, "game_id": "461764", "values": [{"date": "2023-11-25-08-00-00", "latency": 40}, {"date": "2023-11-25-08-00-00", "latency": 40}, {"date": "2023-11-25-08-00-00", "latency": 40}]}, {"location": {"country_code": "be", "region": "Antwerp Province", "city": "Mechelen"}, "game_id": "461764", "values": [{"date": "2023-11-26-01-00-00", "latency": 89}, {"date": "2023-11-26-01-00-00", "latency": 89}, {"date": "2023-11-26-01-00-00", "latency": 89}, {"date": "2023-11-26-01-00-00", "latency": 89}, {"date": "2023-11-26-01-00-00", "latency": 89}, {"date": "2023-11-26-01-00-00", "latency": 89}, {"date": "2023-11-26-01-00-00", "latency": 89}, {"date": "2023-11-26-01-00-00", "latency": 89}, {"date": "2023-11-26-01-00-00", "latency": 89}, {"date": "2023-11-26-01-00-00", "latency": 89}, {"date": "2023-11-26-01-00-00", "latency": 89}, {"date": "2023-11-26-01-00-00", "latency": 89}, {"date": "2023-11-26-01-00-00", "latency": 89}, {"date": "2023-11-26-01-00-00", "latency": 89}, {"date": "2023-11-26-01-00-00", "latency": 89}, {"date": "2023-11-26-01-00-00", "latency": 89}, {"date": "2023-11-26-01-00-00", "latency": 89}, {"date": "2023-11-26-01-00-00", "latency": 89}, {"date": "2023-11-26-01-00-00", "latency": 89}, {"date": "2023-11-26-01-00-00", "latency": 89}, {"date": "2023-11-26-01-00-00", "latency": 89}, {"date": "2023-11-26-01-00-00", "latency": 89}, {"date": "2023-11-26-01-00-00", "latency": 89}, {"date": "2023-11-26-01-00-00", "latency": 89}]}, {"location": {"country_code": "us", "region": "Illinois", "city": "Cary"}, "game_id": "461764", "values": [{"date": "2023-11-25-07-00-00", "latency": 38}, {"date": "2023-11-25-07-00-00", "latency": 38}, {"date": "2023-11-25-07-00-00", "latency": 38}, {"date": "2023-11-25-07-00-00", "latency": 38}, {"date": "2023-11-25-07-00-00", "latency": 38}, {"date": "2023-11-25-07-00-00", "latency": 38}, {"date": "2023-11-25-07-00-00", "latency": 38}, {"date": "2023-11-25-07-00-00", "latency": 38}, {"date": "2023-11-25-07-00-00", "latency": 38}]}, {"location": {"country_code": "bg", "region": "Ivailo"}, "game_id": "461764", "values": [{"date": "2023-11-25-17-00-00", "latency": 33}, {"date": "2023-11-25-17-00-00", "latency": 33}]}], "last_updated": 1719926790.550325}