{"data": [{"location": {"country_code": "us"}, "game_id": "461764", "values": [{"date": "2023-11-28-01-00-00", "latency": 3}, {"date": "2023-11-28-01-00-00", "latency": 3}, {"date": "2023-11-28-01-00-00", "latency": 3}, {"date": "2023-11-28-01-00-00", "latency": 3}, {"date": "2023-11-28-01-00-00", "latency": 3}, {"date": "2023-11-27-05-00-00", "latency": 37}, {"date": "2023-11-27-05-00-00", "latency": 37}, {"date": "2023-11-27-05-00-00", "latency": 37}, {"date": "2023-11-27-05-00-00", "latency": 37}, {"date": "2023-11-27-05-00-00", "latency": 37}, {"date": "2023-11-27-05-00-00", "latency": 37}, {"date": "2023-11-27-05-00-00", "latency": 37}, {"date": "2023-11-27-05-00-00", "latency": 37}, {"date": "2023-11-27-05-00-00", "latency": 37}, {"date": "2023-11-27-05-00-00", "latency": 37}, {"date": "2023-11-27-05-00-00", "latency": 37}, {"date": "2023-11-27-05-00-00", "latency": 37}, {"date": "2023-11-27-05-00-00", "latency": 37}, {"date": "2023-11-27-05-00-00", "latency": 37}, {"date": "2023-11-27-05-00-00", "latency": 37}, {"date": "2023-11-27-05-00-00", "latency": 37}, {"date": "2023-11-27-05-00-00", "latency": 37}, {"date": "2023-11-27-05-00-00", "latency": 37}, {"date": "2023-11-27-05-00-00", "latency": 37}, {"date": "2023-11-27-05-00-00", "latency": 37}, {"date": "2023-11-27-05-00-00", "latency": 37}, {"date": "2023-11-27-05-00-00", "latency": 37}, {"date": "2023-11-27-05-00-00", "latency": 37}, {"date": "2023-11-27-05-00-00", "latency": 37}, {"date": "2023-11-27-05-00-00", "latency": 37}, {"date": "2023-11-27-05-00-00", "latency": 37}, {"date": "2023-11-27-05-00-00", "latency": 37}, {"date": "2023-11-27-05-00-00", "latency": 37}, {"date": "2023-11-27-05-00-00", "latency": 37}, {"date": "2023-11-27-05-00-00", "latency": 37}, {"date": "2023-11-27-05-00-00", "latency": 37}, {"date": "2023-11-27-05-00-00", "latency": 37}, {"date": "2023-11-27-05-00-00", "latency": 37}, {"date": "2023-11-27-05-00-00", "latency": 37}, {"date": "2023-11-27-05-00-00", "latency": 37}, {"date": "2023-11-27-03-00-00", "latency": 35}, {"date": "2023-11-27-03-00-00", "latency": 35}, {"date": "2023-11-27-03-00-00", "latency": 35}, {"date": "2023-11-27-03-00-00", "latency": 35}, {"date": "2023-11-27-03-00-00", "latency": 35}, {"date": "2023-11-27-03-00-00", "latency": 35}, {"date": "2023-11-27-03-00-00", "latency": 35}, {"date": "2023-11-27-03-00-00", "latency": 35}, {"date": "2023-11-27-03-00-00", "latency": 35}, {"date": "2023-11-27-03-00-00", "latency": 35}, {"date": "2023-11-27-03-00-00", "latency": 35}]}, {"location": {"country_code": "gb"}, "game_id": "461764", "values": [{"date": "2023-11-27-03-00-00", "latency": 36}, {"date": "2023-11-27-03-00-00", "latency": 36}, {"date": "2023-11-27-03-00-00", "latency": 36}, {"date": "2023-11-27-03-00-00", "latency": 36}, {"date": "2023-11-27-03-00-00", "latency": 36}, {"date": "2023-11-27-03-00-00", "latency": 36}, {"date": "2023-11-27-03-00-00", "latency": 36}, {"date": "2023-11-27-03-00-00", "latency": 36}, {"date": "2023-11-27-03-00-00", "latency": 36}, {"date": "2023-11-27-03-00-00", "latency": 36}]}, {"location": {"country_code": "jp"}, "game_id": "461764", "values": [{"date": "2023-11-27-10-00-00", "latency": 178}, {"date": "2023-11-27-10-00-00", "latency": 178}, {"date": "2023-11-27-10-00-00", "latency": 178}, {"date": "2023-11-27-10-00-00", "latency": 178}, {"date": "2023-11-27-10-00-00", "latency": 178}, {"date": "2023-11-27-10-00-00", "latency": 178}, {"date": "2023-11-27-10-00-00", "latency": 178}]}, {"location": {"country_code": "ca"}, "game_id": "461764", "values": [{"date": "2023-11-27-07-00-00", "latency": 34}, {"date": "2023-11-27-07-00-00", "latency": 34}, {"date": "2023-11-27-07-00-00", "latency": 34}, {"date": "2023-11-27-07-00-00", "latency": 34}, {"date": "2023-11-27-07-00-00", "latency": 34}, {"date": "2023-11-27-07-00-00", "latency": 34}, {"date": "2023-11-27-07-00-00", "latency": 34}, {"date": "2023-11-27-07-00-00", "latency": 34}, {"date": "2023-11-27-07-00-00", "latency": 34}, {"date": "2023-11-27-07-00-00", "latency": 34}, {"date": "2023-11-27-07-00-00", "latency": 34}, {"date": "2023-11-27-07-00-00", "latency": 34}]}, {"location": {"country_code": "de"}, "game_id": "461764", "values": [{"date": "2023-11-27-23-00-00", "latency": 3}, {"date": "2023-11-27-23-00-00", "latency": 3}, {"date": "2023-11-27-23-00-00", "latency": 3}, {"date": "2023-11-27-23-00-00", "latency": 3}, {"date": "2023-11-27-23-00-00", "latency": 3}, {"date": "2023-11-27-23-00-00", "latency": 3}, {"date": "2023-11-27-23-00-00", "latency": 3}, {"date": "2023-11-27-23-00-00", "latency": 3}, {"date": "2023-11-27-23-00-00", "latency": 3}, {"date": "2023-11-27-23-00-00", "latency": 3}, {"date": "2023-11-27-23-00-00", "latency": 3}, {"date": "2023-11-27-23-00-00", "latency": 3}, {"date": "2023-11-27-23-00-00", "latency": 3}, {"date": "2023-11-27-23-00-00", "latency": 34}, {"date": "2023-11-27-23-00-00", "latency": 34}, {"date": "2023-11-27-23-00-00", "latency": 34}, {"date": "2023-11-27-23-00-00", "latency": 34}, {"date": "2023-11-27-23-00-00", "latency": 34}, {"date": "2023-11-27-23-00-00", "latency": 34}, {"date": "2023-11-27-23-00-00", "latency": 34}, {"date": "2023-11-27-23-00-00", "latency": 34}, {"date": "2023-11-27-23-00-00", "latency": 34}, {"date": "2023-11-27-23-00-00", "latency": 34}, {"date": "2023-11-27-23-00-00", "latency": 34}, {"date": "2023-11-27-23-00-00", "latency": 34}, {"date": "2023-11-27-23-00-00", "latency": 34}, {"date": "2023-11-27-23-00-00", "latency": 34}, {"date": "2023-11-27-23-00-00", "latency": 34}, {"date": "2023-11-27-23-00-00", "latency": 34}, {"date": "2023-11-27-23-00-00", "latency": 34}, {"date": "2023-11-27-23-00-00", "latency": 34}, {"date": "2023-11-27-23-00-00", "latency": 34}, {"date": "2023-11-27-23-00-00", "latency": 34}, {"date": "2023-11-27-23-00-00", "latency": 34}, {"date": "2023-11-27-23-00-00", "latency": 34}, {"date": "2023-11-27-23-00-00", "latency": 34}, {"date": "2023-11-27-23-00-00", "latency": 34}, {"date": "2023-11-27-23-00-00", "latency": 34}, {"date": "2023-11-27-23-00-00", "latency": 34}, {"date": "2023-11-27-23-00-00", "latency": 34}, {"date": "2023-11-27-23-00-00", "latency": 34}, {"date": "2023-11-27-23-00-00", "latency": 34}, {"date": "2023-11-27-23-00-00", "latency": 34}, {"date": "2023-11-27-23-00-00", "latency": 34}, {"date": "2023-11-27-23-00-00", "latency": 34}, {"date": "2023-11-27-23-00-00", "latency": 34}, {"date": "2023-11-27-23-00-00", "latency": 34}]}, {"location": {"country_code": "gb", "region": "England"}, "game_id": "461764", "values": [{"date": "2023-11-27-21-00-00", "latency": 32}]}, {"location": {"country_code": "cl"}, "game_id": "461764", "values": [{"date": "2023-11-27-05-00-00", "latency": 100}, {"date": "2023-11-27-05-00-00", "latency": 100}, {"date": "2023-11-27-05-00-00", "latency": 100}, {"date": "2023-11-27-05-00-00", "latency": 100}, {"date": "2023-11-27-05-00-00", "latency": 100}, {"date": "2023-11-27-05-00-00", "latency": 100}, {"date": "2023-11-27-05-00-00", "latency": 100}, {"date": "2023-11-27-05-00-00", "latency": 100}, {"date": "2023-11-27-05-00-00", "latency": 100}, {"date": "2023-11-27-05-00-00", "latency": 100}, {"date": "2023-11-27-05-00-00", "latency": 100}, {"date": "2023-11-27-05-00-00", "latency": 100}, {"date": "2023-11-27-05-00-00", "latency": 100}, {"date": "2023-11-27-05-00-00", "latency": 100}, {"date": "2023-11-27-05-00-00", "latency": 100}]}, {"location": {"country_code": "us", "region": "Florida"}, "game_id": "461764", "values": [{"date": "2023-11-27-17-00-00", "latency": 35}, {"date": "2023-11-27-17-00-00", "latency": 35}, {"date": "2023-11-27-17-00-00", "latency": 35}, {"date": "2023-11-27-17-00-00", "latency": 35}, {"date": "2023-11-27-17-00-00", "latency": 35}]}, {"location": {"country_code": "ph"}, "game_id": "461764", "values": [{"date": "2023-11-27-23-00-00", "latency": 36}, {"date": "2023-11-27-23-00-00", "latency": 36}, {"date": "2023-11-27-23-00-00", "latency": 36}, {"date": "2023-11-27-23-00-00", "latency": 36}, {"date": "2023-11-27-23-00-00", "latency": 36}, {"date": "2023-11-27-23-00-00", "latency": 36}, {"date": "2023-11-27-23-00-00", "latency": 36}, {"date": "2023-11-27-23-00-00", "latency": 36}, {"date": "2023-11-27-23-00-00", "latency": 36}, {"date": "2023-11-27-23-00-00", "latency": 36}, {"date": "2023-11-27-23-00-00", "latency": 36}, {"date": "2023-11-27-23-00-00", "latency": 36}, {"date": "2023-11-27-23-00-00", "latency": 36}, {"date": "2023-11-27-23-00-00", "latency": 36}, {"date": "2023-11-27-23-00-00", "latency": 36}, {"date": "2023-11-27-23-00-00", "latency": 36}, {"date": "2023-11-27-23-00-00", "latency": 36}, {"date": "2023-11-27-23-00-00", "latency": 36}, {"date": "2023-11-27-23-00-00", "latency": 36}, {"date": "2023-11-27-23-00-00", "latency": 36}, {"date": "2023-11-27-23-00-00", "latency": 36}, {"date": "2023-11-27-23-00-00", "latency": 36}, {"date": "2023-11-27-23-00-00", "latency": 36}, {"date": "2023-11-27-23-00-00", "latency": 36}, {"date": "2023-11-27-23-00-00", "latency": 36}, {"date": "2023-11-27-23-00-00", "latency": 36}, {"date": "2023-11-27-23-00-00", "latency": 36}, {"date": "2023-11-27-23-00-00", "latency": 36}, {"date": "2023-11-27-23-00-00", "latency": 36}, {"date": "2023-11-27-23-00-00", "latency": 36}, {"date": "2023-11-27-23-00-00", "latency": 36}, {"date": "2023-11-27-23-00-00", "latency": 36}, {"date": "2023-11-27-23-00-00", "latency": 36}, {"date": "2023-11-27-23-00-00", "latency": 36}, {"date": "2023-11-27-23-00-00", "latency": 36}]}, {"location": {"country_code": "fr"}, "game_id": "461764", "values": [{"date": "2023-11-27-15-00-00", "latency": 32}, {"date": "2023-11-27-15-00-00", "latency": 32}, {"date": "2023-11-27-15-00-00", "latency": 32}, {"date": "2023-11-27-15-00-00", "latency": 32}, {"date": "2023-11-27-15-00-00", "latency": 32}, {"date": "2023-11-27-15-00-00", "latency": 32}, {"date": "2023-11-27-15-00-00", "latency": 32}, {"date": "2023-11-27-15-00-00", "latency": 32}, {"date": "2023-11-27-15-00-00", "latency": 32}, {"date": "2023-11-27-15-00-00", "latency": 32}, {"date": "2023-11-27-15-00-00", "latency": 32}, {"date": "2023-11-27-15-00-00", "latency": 32}, {"date": "2023-11-27-15-00-00", "latency": 32}, {"date": "2023-11-27-15-00-00", "latency": 32}, {"date": "2023-11-27-15-00-00", "latency": 32}, {"date": "2023-11-27-15-00-00", "latency": 32}, {"date": "2023-11-27-15-00-00", "latency": 32}, {"date": "2023-11-27-15-00-00", "latency": 32}, {"date": "2023-11-27-15-00-00", "latency": 32}, {"date": "2023-11-27-15-00-00", "latency": 32}, {"date": "2023-11-27-15-00-00", "latency": 32}, {"date": "2023-11-27-15-00-00", "latency": 32}, {"date": "2023-11-27-15-00-00", "latency": 32}, {"date": "2023-11-27-15-00-00", "latency": 32}, {"date": "2023-11-27-15-00-00", "latency": 32}, {"date": "2023-11-27-15-00-00", "latency": 32}, {"date": "2023-11-27-15-00-00", "latency": 32}, {"date": "2023-11-27-15-00-00", "latency": 32}, {"date": "2023-11-27-15-00-00", "latency": 32}, {"date": "2023-11-27-15-00-00", "latency": 32}, {"date": "2023-11-27-15-00-00", "latency": 32}, {"date": "2023-11-27-15-00-00", "latency": 32}, {"date": "2023-11-27-15-00-00", "latency": 32}, {"date": "2023-11-27-15-00-00", "latency": 32}, {"date": "2023-11-27-15-00-00", "latency": 32}, {"date": "2023-11-27-15-00-00", "latency": 32}, {"date": "2023-11-27-15-00-00", "latency": 32}, {"date": "2023-11-27-15-00-00", "latency": 32}, {"date": "2023-11-27-15-00-00", "latency": 32}, {"date": "2023-11-27-15-00-00", "latency": 32}, {"date": "2023-11-27-15-00-00", "latency": 32}, {"date": "2023-11-27-15-00-00", "latency": 32}, {"date": "2023-11-27-15-00-00", "latency": 32}, {"date": "2023-11-27-15-00-00", "latency": 32}, {"date": "2023-11-27-15-00-00", "latency": 32}, {"date": "2023-11-27-15-00-00", "latency": 32}, {"date": "2023-11-27-15-00-00", "latency": 32}, {"date": "2023-11-27-15-00-00", "latency": 32}, {"date": "2023-11-27-15-00-00", "latency": 32}, {"date": "2023-11-27-15-00-00", "latency": 32}, {"date": "2023-11-27-15-00-00", "latency": 32}, {"date": "2023-11-27-15-00-00", "latency": 32}, {"date": "2023-11-27-15-00-00", "latency": 32}, {"date": "2023-11-27-15-00-00", "latency": 32}, {"date": "2023-11-27-15-00-00", "latency": 32}, {"date": "2023-11-27-15-00-00", "latency": 32}, {"date": "2023-11-27-15-00-00", "latency": 32}, {"date": "2023-11-27-15-00-00", "latency": 32}, {"date": "2023-11-27-15-00-00", "latency": 32}, {"date": "2023-11-27-15-00-00", "latency": 32}, {"date": "2023-11-27-15-00-00", "latency": 32}, {"date": "2023-11-27-15-00-00", "latency": 32}, {"date": "2023-11-27-15-00-00", "latency": 32}]}, {"location": {"country_code": "fr", "region": "Pays de la Loire Region"}, "game_id": "461764", "values": [{"date": "2023-11-28-00-00-00", "latency": 35}, {"date": "2023-11-28-00-00-00", "latency": 35}, {"date": "2023-11-28-00-00-00", "latency": 35}, {"date": "2023-11-28-00-00-00", "latency": 35}, {"date": "2023-11-28-00-00-00", "latency": 35}, {"date": "2023-11-28-00-00-00", "latency": 35}, {"date": "2023-11-28-00-00-00", "latency": 35}, {"date": "2023-11-28-00-00-00", "latency": 35}, {"date": "2023-11-28-00-00-00", "latency": 35}, {"date": "2023-11-28-00-00-00", "latency": 35}, {"date": "2023-11-28-00-00-00", "latency": 35}, {"date": "2023-11-28-00-00-00", "latency": 35}, {"date": "2023-11-28-00-00-00", "latency": 35}, {"date": "2023-11-28-00-00-00", "latency": 35}, {"date": "2023-11-28-00-00-00", "latency": 35}, {"date": "2023-11-28-00-00-00", "latency": 35}, {"date": "2023-11-28-00-00-00", "latency": 35}, {"date": "2023-11-28-00-00-00", "latency": 35}, {"date": "2023-11-28-00-00-00", "latency": 35}, {"date": "2023-11-28-00-00-00", "latency": 35}, {"date": "2023-11-28-00-00-00", "latency": 35}, {"date": "2023-11-28-00-00-00", "latency": 35}, {"date": "2023-11-28-00-00-00", "latency": 35}, {"date": "2023-11-28-00-00-00", "latency": 35}, {"date": "2023-11-28-00-00-00", "latency": 35}, {"date": "2023-11-28-00-00-00", "latency": 35}]}, {"location": {"country_code": "br"}, "game_id": "461764", "values": [{"date": "2023-11-28-01-00-00", "latency": 104}, {"date": "2023-11-28-01-00-00", "latency": 104}, {"date": "2023-11-28-01-00-00", "latency": 104}, {"date": "2023-11-28-01-00-00", "latency": 104}, {"date": "2023-11-28-01-00-00", "latency": 104}, {"date": "2023-11-28-01-00-00", "latency": 104}, {"date": "2023-11-28-01-00-00", "latency": 104}, {"date": "2023-11-28-01-00-00", "latency": 104}, {"date": "2023-11-28-01-00-00", "latency": 104}, {"date": "2023-11-28-01-00-00", "latency": 104}, {"date": "2023-11-28-01-00-00", "latency": 104}, {"date": "2023-11-28-01-00-00", "latency": 104}, {"date": "2023-11-28-01-00-00", "latency": 104}, {"date": "2023-11-28-01-00-00", "latency": 104}, {"date": "2023-11-28-01-00-00", "latency": 104}, {"date": "2023-11-28-01-00-00", "latency": 104}, {"date": "2023-11-28-01-00-00", "latency": 104}, {"date": "2023-11-28-01-00-00", "latency": 104}, {"date": "2023-11-28-01-00-00", "latency": 104}]}, {"location": {"country_code": "us", "region": "Hawaii"}, "game_id": "461764", "values": [{"date": "2023-11-28-00-00-00", "latency": 36}, {"date": "2023-11-28-00-00-00", "latency": 36}, {"date": "2023-11-28-00-00-00", "latency": 36}, {"date": "2023-11-28-00-00-00", "latency": 36}, {"date": "2023-11-28-00-00-00", "latency": 36}, {"date": "2023-11-28-00-00-00", "latency": 36}, {"date": "2023-11-28-00-00-00", "latency": 36}, {"date": "2023-11-28-00-00-00", "latency": 36}, {"date": "2023-11-28-00-00-00", "latency": 36}, {"date": "2023-11-28-00-00-00", "latency": 36}, {"date": "2023-11-28-00-00-00", "latency": 36}, {"date": "2023-11-28-00-00-00", "latency": 36}, {"date": "2023-11-28-00-00-00", "latency": 36}, {"date": "2023-11-28-00-00-00", "latency": 36}, {"date": "2023-11-28-00-00-00", "latency": 36}, {"date": "2023-11-28-00-00-00", "latency": 36}, {"date": "2023-11-28-00-00-00", "latency": 36}, {"date": "2023-11-28-00-00-00", "latency": 36}, {"date": "2023-11-28-00-00-00", "latency": 36}, {"date": "2023-11-28-00-00-00", "latency": 36}, {"date": "2023-11-28-00-00-00", "latency": 36}, {"date": "2023-11-28-00-00-00", "latency": 36}, {"date": "2023-11-28-00-00-00", "latency": 36}, {"date": "2023-11-28-00-00-00", "latency": 36}, {"date": "2023-11-28-00-00-00", "latency": 36}, {"date": "2023-11-28-00-00-00", "latency": 36}]}, {"location": {"country_code": "pl"}, "game_id": "461764", "values": [{"date": "2023-11-28-00-00-00", "latency": 33}, {"date": "2023-11-28-00-00-00", "latency": 33}, {"date": "2023-11-28-00-00-00", "latency": 33}, {"date": "2023-11-28-00-00-00", "latency": 33}, {"date": "2023-11-28-00-00-00", "latency": 33}, {"date": "2023-11-28-00-00-00", "latency": 33}, {"date": "2023-11-28-00-00-00", "latency": 33}, {"date": "2023-11-28-00-00-00", "latency": 33}, {"date": "2023-11-28-00-00-00", "latency": 33}, {"date": "2023-11-28-00-00-00", "latency": 33}, {"date": "2023-11-28-00-00-00", "latency": 33}, {"date": "2023-11-28-00-00-00", "latency": 33}, {"date": "2023-11-28-00-00-00", "latency": 33}, {"date": "2023-11-28-00-00-00", "latency": 33}, {"date": "2023-11-28-00-00-00", "latency": 33}, {"date": "2023-11-28-00-00-00", "latency": 33}, {"date": "2023-11-28-00-00-00", "latency": 33}, {"date": "2023-11-28-00-00-00", "latency": 33}, {"date": "2023-11-27-20-00-00", "latency": 34}, {"date": "2023-11-27-20-00-00", "latency": 34}, {"date": "2023-11-27-20-00-00", "latency": 34}, {"date": "2023-11-27-20-00-00", "latency": 34}, {"date": "2023-11-27-20-00-00", "latency": 34}, {"date": "2023-11-27-20-00-00", "latency": 34}, {"date": "2023-11-27-20-00-00", "latency": 34}, {"date": "2023-11-27-20-00-00", "latency": 34}, {"date": "2023-11-27-20-00-00", "latency": 34}, {"date": "2023-11-27-20-00-00", "latency": 34}, {"date": "2023-11-27-20-00-00", "latency": 34}, {"date": "2023-11-27-20-00-00", "latency": 34}, {"date": "2023-11-27-20-00-00", "latency": 34}, {"date": "2023-11-27-20-00-00", "latency": 34}, {"date": "2023-11-27-20-00-00", "latency": 34}, {"date": "2023-11-27-20-00-00", "latency": 34}, {"date": "2023-11-27-20-00-00", "latency": 34}, {"date": "2023-11-27-20-00-00", "latency": 34}, {"date": "2023-11-27-20-00-00", "latency": 34}, {"date": "2023-11-27-20-00-00", "latency": 34}, {"date": "2023-11-27-20-00-00", "latency": 34}]}, {"location": {"country_code": "us", "region": "Nevada", "city": "Las Vegas"}, "game_id": "461764", "values": [{"date": "2023-11-27-02-00-00", "latency": 34}, {"date": "2023-11-27-02-00-00", "latency": 34}, {"date": "2023-11-27-02-00-00", "latency": 34}, {"date": "2023-11-27-02-00-00", "latency": 34}, {"date": "2023-11-27-02-00-00", "latency": 34}, {"date": "2023-11-27-02-00-00", "latency": 34}]}, {"location": {"country_code": "ie"}, "game_id": "461764", "values": [{"date": "2023-11-27-18-00-00", "latency": 34}, {"date": "2023-11-27-18-00-00", "latency": 34}, {"date": "2023-11-27-18-00-00", "latency": 34}, {"date": "2023-11-27-18-00-00", "latency": 34}, {"date": "2023-11-27-18-00-00", "latency": 34}, {"date": "2023-11-27-18-00-00", "latency": 34}, {"date": "2023-11-27-18-00-00", "latency": 34}, {"date": "2023-11-27-18-00-00", "latency": 34}, {"date": "2023-11-27-18-00-00", "latency": 34}, {"date": "2023-11-27-18-00-00", "latency": 34}, {"date": "2023-11-27-18-00-00", "latency": 34}, {"date": "2023-11-27-18-00-00", "latency": 34}]}, {"location": {"country_code": "ua"}, "game_id": "461764", "values": [{"date": "2023-11-27-11-00-00", "latency": 34}, {"date": "2023-11-27-11-00-00", "latency": 34}, {"date": "2023-11-27-11-00-00", "latency": 34}, {"date": "2023-11-27-11-00-00", "latency": 34}, {"date": "2023-11-27-11-00-00", "latency": 34}, {"date": "2023-11-27-11-00-00", "latency": 34}, {"date": "2023-11-27-11-00-00", "latency": 34}, {"date": "2023-11-27-11-00-00", "latency": 34}, {"date": "2023-11-27-11-00-00", "latency": 34}, {"date": "2023-11-27-11-00-00", "latency": 34}]}, {"location": {"country_code": "es", "region": "Galicia"}, "game_id": "461764", "values": [{"date": "2023-11-27-21-00-00", "latency": 35}, {"date": "2023-11-27-21-00-00", "latency": 35}, {"date": "2023-11-27-21-00-00", "latency": 35}, {"date": "2023-11-27-21-00-00", "latency": 35}, {"date": "2023-11-27-21-00-00", "latency": 35}, {"date": "2023-11-27-21-00-00", "latency": 35}, {"date": "2023-11-27-21-00-00", "latency": 35}]}, {"location": {"country_code": "hr"}, "game_id": "461764", "values": [{"date": "2023-11-27-16-00-00", "latency": 36}, {"date": "2023-11-27-16-00-00", "latency": 36}, {"date": "2023-11-27-16-00-00", "latency": 36}, {"date": "2023-11-27-16-00-00", "latency": 36}, {"date": "2023-11-27-16-00-00", "latency": 36}, {"date": "2023-11-27-16-00-00", "latency": 36}, {"date": "2023-11-27-16-00-00", "latency": 36}, {"date": "2023-11-27-16-00-00", "latency": 36}, {"date": "2023-11-27-16-00-00", "latency": 36}, {"date": "2023-11-27-16-00-00", "latency": 36}, {"date": "2023-11-27-16-00-00", "latency": 36}, {"date": "2023-11-27-16-00-00", "latency": 36}, {"date": "2023-11-27-16-00-00", "latency": 36}, {"date": "2023-11-27-16-00-00", "latency": 36}, {"date": "2023-11-27-16-00-00", "latency": 36}, {"date": "2023-11-27-16-00-00", "latency": 36}, {"date": "2023-11-27-16-00-00", "latency": 36}, {"date": "2023-11-27-16-00-00", "latency": 36}, {"date": "2023-11-27-16-00-00", "latency": 36}, {"date": "2023-11-27-16-00-00", "latency": 36}, {"date": "2023-11-27-16-00-00", "latency": 36}, {"date": "2023-11-27-16-00-00", "latency": 36}, {"date": "2023-11-27-16-00-00", "latency": 36}, {"date": "2023-11-27-16-00-00", "latency": 36}, {"date": "2023-11-27-16-00-00", "latency": 36}, {"date": "2023-11-27-16-00-00", "latency": 36}, {"date": "2023-11-27-16-00-00", "latency": 36}, {"date": "2023-11-27-16-00-00", "latency": 36}, {"date": "2023-11-27-16-00-00", "latency": 36}, {"date": "2023-11-27-16-00-00", "latency": 36}, {"date": "2023-11-27-16-00-00", "latency": 36}, {"date": "2023-11-27-16-00-00", "latency": 36}, {"date": "2023-11-27-16-00-00", "latency": 36}, {"date": "2023-11-27-16-00-00", "latency": 36}, {"date": "2023-11-27-16-00-00", "latency": 36}, {"date": "2023-11-27-16-00-00", "latency": 36}, {"date": "2023-11-27-16-00-00", "latency": 36}, {"date": "2023-11-27-16-00-00", "latency": 36}, {"date": "2023-11-27-16-00-00", "latency": 36}, {"date": "2023-11-27-16-00-00", "latency": 36}, {"date": "2023-11-27-16-00-00", "latency": 36}, {"date": "2023-11-27-16-00-00", "latency": 36}, {"date": "2023-11-27-16-00-00", "latency": 36}]}, {"location": {"country_code": "de", "region": "Lower Saxony"}, "game_id": "461764", "values": [{"date": "2023-11-27-19-00-00", "latency": 35}, {"date": "2023-11-27-19-00-00", "latency": 35}, {"date": "2023-11-27-19-00-00", "latency": 35}, {"date": "2023-11-27-19-00-00", "latency": 35}, {"date": "2023-11-27-19-00-00", "latency": 35}, {"date": "2023-11-27-19-00-00", "latency": 35}, {"date": "2023-11-27-19-00-00", "latency": 35}, {"date": "2023-11-27-19-00-00", "latency": 35}, {"date": "2023-11-27-19-00-00", "latency": 35}, {"date": "2023-11-27-19-00-00", "latency": 35}, {"date": "2023-11-27-19-00-00", "latency": 35}, {"date": "2023-11-27-19-00-00", "latency": 35}, {"date": "2023-11-27-19-00-00", "latency": 35}, {"date": "2023-11-27-19-00-00", "latency": 35}, {"date": "2023-11-27-19-00-00", "latency": 35}, {"date": "2023-11-27-19-00-00", "latency": 35}, {"date": "2023-11-27-19-00-00", "latency": 35}, {"date": "2023-11-27-19-00-00", "latency": 35}, {"date": "2023-11-27-19-00-00", "latency": 35}, {"date": "2023-11-27-19-00-00", "latency": 35}, {"date": "2023-11-27-19-00-00", "latency": 35}]}, {"location": {"country_code": "bg"}, "game_id": "461764", "values": [{"date": "2023-11-28-01-00-00", "latency": 35}, {"date": "2023-11-28-01-00-00", "latency": 35}, {"date": "2023-11-28-01-00-00", "latency": 35}, {"date": "2023-11-28-01-00-00", "latency": 35}, {"date": "2023-11-28-01-00-00", "latency": 35}, {"date": "2023-11-28-01-00-00", "latency": 35}, {"date": "2023-11-28-01-00-00", "latency": 35}, {"date": "2023-11-28-01-00-00", "latency": 35}, {"date": "2023-11-28-01-00-00", "latency": 35}, {"date": "2023-11-28-01-00-00", "latency": 35}, {"date": "2023-11-28-01-00-00", "latency": 35}, {"date": "2023-11-28-01-00-00", "latency": 35}, {"date": "2023-11-28-01-00-00", "latency": 35}]}, {"location": {"country_code": "us", "region": "Oregon", "city": "Portland"}, "game_id": "461764", "values": [{"date": "2023-11-27-03-00-00", "latency": 33}, {"date": "2023-11-27-03-00-00", "latency": 33}, {"date": "2023-11-27-03-00-00", "latency": 33}, {"date": "2023-11-27-03-00-00", "latency": 33}, {"date": "2023-11-27-03-00-00", "latency": 33}, {"date": "2023-11-27-03-00-00", "latency": 33}, {"date": "2023-11-27-03-00-00", "latency": 33}, {"date": "2023-11-27-03-00-00", "latency": 33}, {"date": "2023-11-27-03-00-00", "latency": 33}, {"date": "2023-11-27-03-00-00", "latency": 33}, {"date": "2023-11-27-03-00-00", "latency": 33}, {"date": "2023-11-27-03-00-00", "latency": 33}, {"date": "2023-11-27-03-00-00", "latency": 33}, {"date": "2023-11-27-03-00-00", "latency": 33}, {"date": "2023-11-27-03-00-00", "latency": 33}, {"date": "2023-11-27-03-00-00", "latency": 33}, {"date": "2023-11-27-03-00-00", "latency": 33}, {"date": "2023-11-27-03-00-00", "latency": 33}, {"date": "2023-11-27-03-00-00", "latency": 33}, {"date": "2023-11-27-03-00-00", "latency": 33}, {"date": "2023-11-27-03-00-00", "latency": 33}, {"date": "2023-11-27-03-00-00", "latency": 33}, {"date": "2023-11-27-03-00-00", "latency": 33}, {"date": "2023-11-27-03-00-00", "latency": 33}, {"date": "2023-11-27-03-00-00", "latency": 33}, {"date": "2023-11-27-03-00-00", "latency": 33}, {"date": "2023-11-27-03-00-00", "latency": 33}, {"date": "2023-11-27-03-00-00", "latency": 33}, {"date": "2023-11-27-03-00-00", "latency": 33}, {"date": "2023-11-27-03-00-00", "latency": 33}, {"date": "2023-11-27-03-00-00", "latency": 33}, {"date": "2023-11-27-03-00-00", "latency": 33}, {"date": "2023-11-27-03-00-00", "latency": 33}, {"date": "2023-11-27-03-00-00", "latency": 33}, {"date": "2023-11-27-03-00-00", "latency": 33}, {"date": "2023-11-27-03-00-00", "latency": 33}]}, {"location": {"country_code": "be", "region": "Antwerp Province", "city": "Mechelen"}, "game_id": "461764", "values": [{"date": "2023-11-28-00-00-00", "latency": 86}, {"date": "2023-11-28-00-00-00", "latency": 86}, {"date": "2023-11-28-00-00-00", "latency": 86}, {"date": "2023-11-28-00-00-00", "latency": 86}, {"date": "2023-11-28-00-00-00", "latency": 86}, {"date": "2023-11-28-00-00-00", "latency": 86}, {"date": "2023-11-28-00-00-00", "latency": 86}, {"date": "2023-11-28-00-00-00", "latency": 86}, {"date": "2023-11-28-00-00-00", "latency": 86}, {"date": "2023-11-28-00-00-00", "latency": 86}, {"date": "2023-11-28-00-00-00", "latency": 86}, {"date": "2023-11-28-00-00-00", "latency": 86}, {"date": "2023-11-28-00-00-00", "latency": 86}]}], "last_updated": 1719926790.573346}