{"data": [{"location": {"country_code": "gb"}, "game_id": "742409", "values": [{"date": "2024-02-11-19-00-00", "latency": 16}, {"date": "2024-02-11-19-00-00", "latency": 16}]}, {"location": {"country_code": "ro"}, "game_id": "742409", "values": [{"date": "2024-02-11-23-00-00", "latency": 2}, {"date": "2024-02-11-12-00-00", "latency": 43}, {"date": "2024-02-11-12-00-00", "latency": 43}]}, {"location": {"country_code": "jp"}, "game_id": "742409", "values": [{"date": "2024-02-11-20-00-00", "latency": 8}]}, {"location": {"country_code": "jp", "region": "Tokyo"}, "game_id": "742409", "values": [{"date": "2024-02-11-18-00-00", "latency": 2}, {"date": "2024-02-11-18-00-00", "latency": 2}]}, {"location": {"country_code": "bg", "region": "Sofia-Capital", "city": "Sofia"}, "game_id": "742409", "values": [{"date": "2024-02-11-14-00-00", "latency": 8}]}, {"location": {"country_code": "es", "region": "Madrid", "city": "Parla"}, "game_id": "742409", "values": [{"date": "2024-02-11-22-00-00", "latency": 11}]}, {"location": {"country_code": "de", "region": "Hesse"}, "game_id": "742409", "values": [{"date": "2024-02-11-02-00-00", "latency": 14}, {"date": "2024-02-11-02-00-00", "latency": 14}]}, {"location": {"country_code": "ca", "region": "Ontario"}, "game_id": "742409", "values": [{"date": "2024-02-11-20-00-00", "latency": 4}]}, {"location": {"country_code": "ua"}, "game_id": "742409", "values": [{"date": "2024-02-11-16-00-00", "latency": 29}, {"date": "2024-02-11-16-00-00", "latency": 29}, {"date": "2024-02-11-16-00-00", "latency": 29}]}, {"location": {"country_code": "se", "region": "Stockholm County", "city": "Stockholm"}, "game_id": "742409", "values": [{"date": "2024-02-11-18-00-00", "latency": 55}, {"date": "2024-02-11-18-00-00", "latency": 55}]}, {"location": {"country_code": "us", "region": "Colorado"}, "game_id": "742409", "values": [{"date": "2024-02-12-00-00-00", "latency": 4}, {"date": "2024-02-12-00-00-00", "latency": 4}]}, {"location": {"country_code": "ua", "region": "Kharkiv Oblast", "city": "Kharkiv"}, "game_id": "742409", "values": [{"date": "2024-02-11-09-00-00", "latency": 45}]}, {"location": {"country_code": "lt"}, "game_id": "742409", "values": [{"date": "2024-02-11-14-00-00", "latency": 38}]}, {"location": {"country_code": "de", "region": "Hesse", "city": "Frankfurt"}, "game_id": "742409", "values": [{"date": "2024-02-12-00-00-00", "latency": 9}, {"date": "2024-02-12-00-00-00", "latency": 9}]}], "last_updated": 1719919352.209825}