{"data": [{"location": {"country_code": "cu"}, "game_id": "273486", "values": [{"date": "2023-03-17-05-00-00", "latency": 35}, {"date": "2023-03-17-05-00-00", "latency": 35}, {"date": "2023-03-17-05-00-00", "latency": 35}, {"date": "2023-03-17-05-00-00", "latency": 35}]}, {"location": {"country_code": "us"}, "game_id": "273486", "values": [{"date": "2023-03-17-04-00-00", "latency": 38}, {"date": "2023-03-17-04-00-00", "latency": 38}, {"date": "2023-03-17-04-00-00", "latency": 38}, {"date": "2023-03-17-04-00-00", "latency": 38}, {"date": "2023-03-17-04-00-00", "latency": 38}, {"date": "2023-03-17-04-00-00", "latency": 38}, {"date": "2023-03-17-04-00-00", "latency": 38}, {"date": "2023-03-17-04-00-00", "latency": 38}, {"date": "2023-03-17-04-00-00", "latency": 38}, {"date": "2023-03-17-04-00-00", "latency": 38}, {"date": "2023-03-17-04-00-00", "latency": 38}, {"date": "2023-03-17-23-00-00", "latency": 43}, {"date": "2023-03-17-23-00-00", "latency": 43}, {"date": "2023-03-17-23-00-00", "latency": 43}, {"date": "2023-03-17-23-00-00", "latency": 43}, {"date": "2023-03-17-23-00-00", "latency": 43}, {"date": "2023-03-17-23-00-00", "latency": 43}, {"date": "2023-03-17-23-00-00", "latency": 43}, {"date": "2023-03-17-23-00-00", "latency": 43}, {"date": "2023-03-17-23-00-00", "latency": 43}, {"date": "2023-03-17-23-00-00", "latency": 43}, {"date": "2023-03-17-23-00-00", "latency": 43}, {"date": "2023-03-17-23-00-00", "latency": 43}, {"date": "2023-03-17-04-00-00", "latency": 24}, {"date": "2023-03-17-04-00-00", "latency": 24}, {"date": "2023-03-17-04-00-00", "latency": 24}, {"date": "2023-03-17-04-00-00", "latency": 24}, {"date": "2023-03-17-04-00-00", "latency": 24}, {"date": "2023-03-17-04-00-00", "latency": 24}, {"date": "2023-03-17-04-00-00", "latency": 24}, {"date": "2023-03-17-04-00-00", "latency": 24}, {"date": "2023-03-17-04-00-00", "latency": 24}, {"date": "2023-03-17-04-00-00", "latency": 24}, {"date": "2023-03-17-04-00-00", "latency": 24}, {"date": "2023-03-17-04-00-00", "latency": 24}, {"date": "2023-03-17-04-00-00", "latency": 24}, {"date": "2023-03-17-04-00-00", "latency": 24}, {"date": "2023-03-17-04-00-00", "latency": 24}, {"date": "2023-03-17-04-00-00", "latency": 24}, {"date": "2023-03-17-04-00-00", "latency": 24}, {"date": "2023-03-17-04-00-00", "latency": 24}, {"date": "2023-03-17-04-00-00", "latency": 24}, {"date": "2023-03-17-04-00-00", "latency": 24}, {"date": "2023-03-17-04-00-00", "latency": 24}, {"date": "2023-03-17-04-00-00", "latency": 24}, {"date": "2023-03-17-04-00-00", "latency": 24}, {"date": "2023-03-17-04-00-00", "latency": 24}, {"date": "2023-03-17-04-00-00", "latency": 24}, {"date": "2023-03-17-04-00-00", "latency": 24}, {"date": "2023-03-17-04-00-00", "latency": 24}, {"date": "2023-03-17-04-00-00", "latency": 24}, {"date": "2023-03-17-04-00-00", "latency": 24}, {"date": "2023-03-17-04-00-00", "latency": 24}, {"date": "2023-03-17-04-00-00", "latency": 24}, {"date": "2023-03-17-04-00-00", "latency": 24}, {"date": "2023-03-17-04-00-00", "latency": 24}, {"date": "2023-03-17-04-00-00", "latency": 24}, {"date": "2023-03-17-04-00-00", "latency": 24}, {"date": "2023-03-17-05-00-00", "latency": 28}, {"date": "2023-03-17-05-00-00", "latency": 28}, {"date": "2023-03-17-05-00-00", "latency": 28}, {"date": "2023-03-17-05-00-00", "latency": 28}, {"date": "2023-03-17-05-00-00", "latency": 28}, {"date": "2023-03-17-05-00-00", "latency": 28}, {"date": "2023-03-17-05-00-00", "latency": 28}, {"date": "2023-03-17-05-00-00", "latency": 28}, {"date": "2023-03-17-05-00-00", "latency": 28}, {"date": "2023-03-17-05-00-00", "latency": 28}, {"date": "2023-03-17-05-00-00", "latency": 28}, {"date": "2023-03-17-05-00-00", "latency": 28}, {"date": "2023-03-17-05-00-00", "latency": 28}, {"date": "2023-03-17-05-00-00", "latency": 28}, {"date": "2023-03-17-05-00-00", "latency": 28}, {"date": "2023-03-17-05-00-00", "latency": 28}, {"date": "2023-03-17-23-00-00", "latency": 52}, {"date": "2023-03-17-23-00-00", "latency": 52}, {"date": "2023-03-17-23-00-00", "latency": 52}, {"date": "2023-03-17-23-00-00", "latency": 52}, {"date": "2023-03-17-23-00-00", "latency": 52}, {"date": "2023-03-17-23-00-00", "latency": 52}, {"date": "2023-03-17-23-00-00", "latency": 52}, {"date": "2023-03-17-23-00-00", "latency": 52}, {"date": "2023-03-17-23-00-00", "latency": 52}, {"date": "2023-03-17-23-00-00", "latency": 52}, {"date": "2023-03-17-23-00-00", "latency": 52}, {"date": "2023-03-17-23-00-00", "latency": 52}, {"date": "2023-03-18-00-00-00", "latency": 55}, {"date": "2023-03-18-00-00-00", "latency": 55}, {"date": "2023-03-18-00-00-00", "latency": 55}, {"date": "2023-03-18-00-00-00", "latency": 55}, {"date": "2023-03-18-00-00-00", "latency": 55}, {"date": "2023-03-18-00-00-00", "latency": 55}, {"date": "2023-03-18-00-00-00", "latency": 55}, {"date": "2023-03-18-00-00-00", "latency": 55}, {"date": "2023-03-18-00-00-00", "latency": 55}, {"date": "2023-03-18-00-00-00", "latency": 55}, {"date": "2023-03-18-00-00-00", "latency": 55}, {"date": "2023-03-18-00-00-00", "latency": 55}, {"date": "2023-03-18-00-00-00", "latency": 55}, {"date": "2023-03-18-00-00-00", "latency": 55}, {"date": "2023-03-18-00-00-00", "latency": 55}, {"date": "2023-03-18-00-00-00", "latency": 55}, {"date": "2023-03-18-00-00-00", "latency": 55}, {"date": "2023-03-18-00-00-00", "latency": 55}, {"date": "2023-03-18-00-00-00", "latency": 55}, {"date": "2023-03-18-00-00-00", "latency": 55}, {"date": "2023-03-18-00-00-00", "latency": 55}, {"date": "2023-03-18-00-00-00", "latency": 55}, {"date": "2023-03-18-00-00-00", "latency": 55}, {"date": "2023-03-18-00-00-00", "latency": 55}, {"date": "2023-03-18-00-00-00", "latency": 55}, {"date": "2023-03-18-00-00-00", "latency": 55}, {"date": "2023-03-18-00-00-00", "latency": 55}, {"date": "2023-03-18-00-00-00", "latency": 55}, {"date": "2023-03-18-00-00-00", "latency": 55}, {"date": "2023-03-18-00-00-00", "latency": 55}, {"date": "2023-03-18-00-00-00", "latency": 55}, {"date": "2023-03-18-00-00-00", "latency": 55}, {"date": "2023-03-18-00-00-00", "latency": 55}, {"date": "2023-03-18-00-00-00", "latency": 55}, {"date": "2023-03-18-00-00-00", "latency": 55}, {"date": "2023-03-18-00-00-00", "latency": 55}, {"date": "2023-03-17-19-00-00", "latency": 52}, {"date": "2023-03-17-19-00-00", "latency": 52}, {"date": "2023-03-17-19-00-00", "latency": 52}, {"date": "2023-03-17-19-00-00", "latency": 52}, {"date": "2023-03-17-19-00-00", "latency": 52}, {"date": "2023-03-17-19-00-00", "latency": 52}, {"date": "2023-03-17-19-00-00", "latency": 52}, {"date": "2023-03-17-19-00-00", "latency": 52}, {"date": "2023-03-17-19-00-00", "latency": 52}, {"date": "2023-03-17-19-00-00", "latency": 52}, {"date": "2023-03-17-19-00-00", "latency": 52}, {"date": "2023-03-17-19-00-00", "latency": 52}, {"date": "2023-03-17-19-00-00", "latency": 52}, {"date": "2023-03-17-19-00-00", "latency": 52}, {"date": "2023-03-17-19-00-00", "latency": 52}, {"date": "2023-03-17-19-00-00", "latency": 52}, {"date": "2023-03-17-19-00-00", "latency": 52}, {"date": "2023-03-17-19-00-00", "latency": 52}, {"date": "2023-03-17-10-00-00", "latency": 46}, {"date": "2023-03-17-10-00-00", "latency": 46}, {"date": "2023-03-17-10-00-00", "latency": 46}, {"date": "2023-03-17-10-00-00", "latency": 46}, {"date": "2023-03-17-10-00-00", "latency": 46}, {"date": "2023-03-17-10-00-00", "latency": 46}, {"date": "2023-03-17-10-00-00", "latency": 46}, {"date": "2023-03-17-10-00-00", "latency": 46}, {"date": "2023-03-17-10-00-00", "latency": 46}, {"date": "2023-03-17-10-00-00", "latency": 46}, {"date": "2023-03-17-10-00-00", "latency": 46}, {"date": "2023-03-17-10-00-00", "latency": 46}, {"date": "2023-03-17-10-00-00", "latency": 46}, {"date": "2023-03-17-10-00-00", "latency": 46}, {"date": "2023-03-17-10-00-00", "latency": 46}, {"date": "2023-03-17-10-00-00", "latency": 46}, {"date": "2023-03-17-10-00-00", "latency": 46}, {"date": "2023-03-17-10-00-00", "latency": 46}, {"date": "2023-03-17-10-00-00", "latency": 46}, {"date": "2023-03-17-10-00-00", "latency": 46}, {"date": "2023-03-17-10-00-00", "latency": 46}, {"date": "2023-03-17-10-00-00", "latency": 46}, {"date": "2023-03-17-10-00-00", "latency": 46}, {"date": "2023-03-17-10-00-00", "latency": 46}, {"date": "2023-03-17-10-00-00", "latency": 46}, {"date": "2023-03-17-10-00-00", "latency": 46}, {"date": "2023-03-17-10-00-00", "latency": 46}, {"date": "2023-03-17-10-00-00", "latency": 46}, {"date": "2023-03-17-10-00-00", "latency": 46}, {"date": "2023-03-17-10-00-00", "latency": 46}, {"date": "2023-03-17-10-00-00", "latency": 46}, {"date": "2023-03-17-10-00-00", "latency": 46}, {"date": "2023-03-17-10-00-00", "latency": 46}, {"date": "2023-03-17-10-00-00", "latency": 46}, {"date": "2023-03-17-10-00-00", "latency": 46}, {"date": "2023-03-17-10-00-00", "latency": 46}, {"date": "2023-03-17-10-00-00", "latency": 46}, {"date": "2023-03-17-10-00-00", "latency": 46}, {"date": "2023-03-17-10-00-00", "latency": 46}, {"date": "2023-03-17-10-00-00", "latency": 46}, {"date": "2023-03-17-10-00-00", "latency": 46}, {"date": "2023-03-17-10-00-00", "latency": 46}, {"date": "2023-03-17-10-00-00", "latency": 46}, {"date": "2023-03-17-10-00-00", "latency": 46}, {"date": "2023-03-17-10-00-00", "latency": 46}, {"date": "2023-03-17-10-00-00", "latency": 46}, {"date": "2023-03-17-10-00-00", "latency": 46}]}, {"location": {"country_code": "us", "region": "New York", "city": "Jamestown"}, "game_id": "273486", "values": [{"date": "2023-03-17-17-00-00", "latency": 54}, {"date": "2023-03-17-17-00-00", "latency": 54}, {"date": "2023-03-17-17-00-00", "latency": 54}, {"date": "2023-03-17-17-00-00", "latency": 54}, {"date": "2023-03-17-17-00-00", "latency": 54}, {"date": "2023-03-17-17-00-00", "latency": 54}, {"date": "2023-03-17-17-00-00", "latency": 54}, {"date": "2023-03-17-17-00-00", "latency": 54}, {"date": "2023-03-17-17-00-00", "latency": 54}, {"date": "2023-03-17-17-00-00", "latency": 54}, {"date": "2023-03-17-17-00-00", "latency": 54}, {"date": "2023-03-17-17-00-00", "latency": 54}]}, {"location": {"country_code": "gr"}, "game_id": "273486", "values": [{"date": "2023-03-18-00-00-00", "latency": 72}, {"date": "2023-03-18-00-00-00", "latency": 72}, {"date": "2023-03-18-00-00-00", "latency": 72}, {"date": "2023-03-18-00-00-00", "latency": 72}, {"date": "2023-03-18-00-00-00", "latency": 72}, {"date": "2023-03-18-00-00-00", "latency": 72}, {"date": "2023-03-18-00-00-00", "latency": 72}, {"date": "2023-03-18-00-00-00", "latency": 72}, {"date": "2023-03-18-00-00-00", "latency": 72}, {"date": "2023-03-18-00-00-00", "latency": 72}, {"date": "2023-03-18-00-00-00", "latency": 72}, {"date": "2023-03-18-00-00-00", "latency": 72}, {"date": "2023-03-18-00-00-00", "latency": 72}, {"date": "2023-03-18-00-00-00", "latency": 72}, {"date": "2023-03-18-00-00-00", "latency": 72}, {"date": "2023-03-18-00-00-00", "latency": 72}, {"date": "2023-03-18-00-00-00", "latency": 72}, {"date": "2023-03-18-00-00-00", "latency": 72}, {"date": "2023-03-18-00-00-00", "latency": 72}, {"date": "2023-03-18-00-00-00", "latency": 72}, {"date": "2023-03-18-00-00-00", "latency": 72}, {"date": "2023-03-18-00-00-00", "latency": 72}, {"date": "2023-03-18-00-00-00", "latency": 72}, {"date": "2023-03-18-00-00-00", "latency": 72}, {"date": "2023-03-18-00-00-00", "latency": 72}, {"date": "2023-03-18-00-00-00", "latency": 72}, {"date": "2023-03-18-00-00-00", "latency": 72}, {"date": "2023-03-18-00-00-00", "latency": 72}, {"date": "2023-03-18-00-00-00", "latency": 72}, {"date": "2023-03-18-00-00-00", "latency": 72}, {"date": "2023-03-18-00-00-00", "latency": 72}, {"date": "2023-03-18-00-00-00", "latency": 72}, {"date": "2023-03-18-00-00-00", "latency": 72}, {"date": "2023-03-18-00-00-00", "latency": 72}, {"date": "2023-03-18-00-00-00", "latency": 72}, {"date": "2023-03-18-00-00-00", "latency": 72}, {"date": "2023-03-18-00-00-00", "latency": 72}, {"date": "2023-03-18-00-00-00", "latency": 72}, {"date": "2023-03-18-00-00-00", "latency": 72}, {"date": "2023-03-18-00-00-00", "latency": 72}, {"date": "2023-03-18-00-00-00", "latency": 72}, {"date": "2023-03-18-00-00-00", "latency": 72}, {"date": "2023-03-18-00-00-00", "latency": 72}, {"date": "2023-03-18-00-00-00", "latency": 72}]}, {"location": {"country_code": "ro"}, "game_id": "273486", "values": [{"date": "2023-03-17-23-00-00", "latency": 61}, {"date": "2023-03-17-23-00-00", "latency": 61}, {"date": "2023-03-17-23-00-00", "latency": 61}, {"date": "2023-03-17-23-00-00", "latency": 61}, {"date": "2023-03-17-23-00-00", "latency": 61}, {"date": "2023-03-17-23-00-00", "latency": 61}, {"date": "2023-03-17-23-00-00", "latency": 61}, {"date": "2023-03-17-23-00-00", "latency": 61}, {"date": "2023-03-17-23-00-00", "latency": 61}, {"date": "2023-03-17-23-00-00", "latency": 61}, {"date": "2023-03-17-23-00-00", "latency": 61}, {"date": "2023-03-17-23-00-00", "latency": 61}, {"date": "2023-03-17-23-00-00", "latency": 61}, {"date": "2023-03-17-23-00-00", "latency": 61}, {"date": "2023-03-17-23-00-00", "latency": 61}, {"date": "2023-03-17-23-00-00", "latency": 61}, {"date": "2023-03-17-23-00-00", "latency": 61}, {"date": "2023-03-17-23-00-00", "latency": 61}, {"date": "2023-03-17-23-00-00", "latency": 61}, {"date": "2023-03-17-23-00-00", "latency": 61}, {"date": "2023-03-17-23-00-00", "latency": 61}, {"date": "2023-03-17-23-00-00", "latency": 61}, {"date": "2023-03-17-23-00-00", "latency": 61}]}, {"location": {"country_code": "ca"}, "game_id": "273486", "values": [{"date": "2023-03-18-01-00-00", "latency": 120}, {"date": "2023-03-18-01-00-00", "latency": 120}, {"date": "2023-03-18-01-00-00", "latency": 120}, {"date": "2023-03-18-01-00-00", "latency": 120}, {"date": "2023-03-18-01-00-00", "latency": 120}, {"date": "2023-03-18-01-00-00", "latency": 120}]}, {"location": {"country_code": "de"}, "game_id": "273486", "values": [{"date": "2023-03-17-20-00-00", "latency": 42}, {"date": "2023-03-17-20-00-00", "latency": 42}, {"date": "2023-03-17-20-00-00", "latency": 42}, {"date": "2023-03-17-20-00-00", "latency": 42}, {"date": "2023-03-17-20-00-00", "latency": 42}, {"date": "2023-03-17-20-00-00", "latency": 42}, {"date": "2023-03-17-20-00-00", "latency": 42}, {"date": "2023-03-17-20-00-00", "latency": 42}, {"date": "2023-03-17-20-00-00", "latency": 42}, {"date": "2023-03-17-20-00-00", "latency": 42}, {"date": "2023-03-17-20-00-00", "latency": 42}, {"date": "2023-03-17-20-00-00", "latency": 42}, {"date": "2023-03-17-20-00-00", "latency": 42}, {"date": "2023-03-17-20-00-00", "latency": 42}, {"date": "2023-03-17-20-00-00", "latency": 42}, {"date": "2023-03-17-20-00-00", "latency": 42}, {"date": "2023-03-17-20-00-00", "latency": 42}, {"date": "2023-03-17-20-00-00", "latency": 42}]}, {"location": {"country_code": "us", "region": "South Carolina", "city": "Sumter"}, "game_id": "273486", "values": [{"date": "2023-03-17-02-00-00", "latency": 54}]}, {"location": {"country_code": "gb", "region": "England"}, "game_id": "273486", "values": [{"date": "2023-03-18-00-00-00", "latency": 129}, {"date": "2023-03-18-00-00-00", "latency": 129}, {"date": "2023-03-18-00-00-00", "latency": 129}, {"date": "2023-03-18-00-00-00", "latency": 129}, {"date": "2023-03-18-00-00-00", "latency": 129}, {"date": "2023-03-18-00-00-00", "latency": 129}, {"date": "2023-03-18-00-00-00", "latency": 129}, {"date": "2023-03-18-00-00-00", "latency": 129}, {"date": "2023-03-18-00-00-00", "latency": 129}, {"date": "2023-03-18-00-00-00", "latency": 129}, {"date": "2023-03-18-00-00-00", "latency": 129}, {"date": "2023-03-18-00-00-00", "latency": 129}]}, {"location": {"country_code": "fr"}, "game_id": "273486", "values": [{"date": "2023-03-17-19-00-00", "latency": 15}, {"date": "2023-03-17-19-00-00", "latency": 15}, {"date": "2023-03-17-19-00-00", "latency": 15}, {"date": "2023-03-17-22-00-00", "latency": 37}, {"date": "2023-03-17-22-00-00", "latency": 37}, {"date": "2023-03-17-22-00-00", "latency": 37}]}, {"location": {"country_code": "us", "region": "Ohio"}, "game_id": "273486", "values": [{"date": "2023-03-17-23-00-00", "latency": 67}, {"date": "2023-03-17-23-00-00", "latency": 67}]}, {"location": {"country_code": "us", "region": "California"}, "game_id": "273486", "values": [{"date": "2023-03-17-02-00-00", "latency": 62}]}, {"location": {"country_code": "br"}, "game_id": "273486", "values": [{"date": "2023-03-18-01-00-00", "latency": 35}, {"date": "2023-03-18-01-00-00", "latency": 35}, {"date": "2023-03-18-01-00-00", "latency": 35}, {"date": "2023-03-18-01-00-00", "latency": 35}, {"date": "2023-03-18-01-00-00", "latency": 35}, {"date": "2023-03-18-01-00-00", "latency": 35}, {"date": "2023-03-18-01-00-00", "latency": 35}, {"date": "2023-03-18-01-00-00", "latency": 35}, {"date": "2023-03-18-01-00-00", "latency": 35}, {"date": "2023-03-18-01-00-00", "latency": 35}, {"date": "2023-03-18-01-00-00", "latency": 35}, {"date": "2023-03-18-01-00-00", "latency": 35}, {"date": "2023-03-18-01-00-00", "latency": 35}, {"date": "2023-03-18-01-00-00", "latency": 35}, {"date": "2023-03-18-01-00-00", "latency": 35}, {"date": "2023-03-18-01-00-00", "latency": 35}, {"date": "2023-03-18-01-00-00", "latency": 35}, {"date": "2023-03-18-01-00-00", "latency": 35}, {"date": "2023-03-18-01-00-00", "latency": 35}, {"date": "2023-03-18-01-00-00", "latency": 35}, {"date": "2023-03-18-01-00-00", "latency": 35}, {"date": "2023-03-18-01-00-00", "latency": 35}, {"date": "2023-03-18-01-00-00", "latency": 35}, {"date": "2023-03-18-01-00-00", "latency": 35}, {"date": "2023-03-18-01-00-00", "latency": 35}, {"date": "2023-03-18-01-00-00", "latency": 35}, {"date": "2023-03-18-01-00-00", "latency": 35}, {"date": "2023-03-18-01-00-00", "latency": 35}, {"date": "2023-03-18-01-00-00", "latency": 35}, {"date": "2023-03-18-01-00-00", "latency": 35}, {"date": "2023-03-18-01-00-00", "latency": 35}, {"date": "2023-03-18-01-00-00", "latency": 35}, {"date": "2023-03-18-01-00-00", "latency": 35}, {"date": "2023-03-18-01-00-00", "latency": 35}, {"date": "2023-03-18-01-00-00", "latency": 35}, {"date": "2023-03-18-01-00-00", "latency": 35}, {"date": "2023-03-18-01-00-00", "latency": 35}, {"date": "2023-03-18-01-00-00", "latency": 35}, {"date": "2023-03-18-01-00-00", "latency": 35}, {"date": "2023-03-18-01-00-00", "latency": 35}, {"date": "2023-03-18-01-00-00", "latency": 35}, {"date": "2023-03-18-01-00-00", "latency": 35}, {"date": "2023-03-18-01-00-00", "latency": 35}, {"date": "2023-03-18-01-00-00", "latency": 35}, {"date": "2023-03-18-01-00-00", "latency": 35}, {"date": "2023-03-18-01-00-00", "latency": 35}, {"date": "2023-03-18-01-00-00", "latency": 35}, {"date": "2023-03-18-01-00-00", "latency": 35}, {"date": "2023-03-18-01-00-00", "latency": 35}, {"date": "2023-03-18-01-00-00", "latency": 35}, {"date": "2023-03-18-01-00-00", "latency": 35}, {"date": "2023-03-18-01-00-00", "latency": 35}]}, {"location": {"country_code": "no"}, "game_id": "273486", "values": [{"date": "2023-03-17-11-00-00", "latency": 50}, {"date": "2023-03-17-11-00-00", "latency": 50}, {"date": "2023-03-17-11-00-00", "latency": 50}, {"date": "2023-03-17-11-00-00", "latency": 50}]}, {"location": {"country_code": "tr"}, "game_id": "273486", "values": [{"date": "2023-03-17-05-00-00", "latency": 35}, {"date": "2023-03-17-05-00-00", "latency": 35}, {"date": "2023-03-17-05-00-00", "latency": 35}, {"date": "2023-03-17-05-00-00", "latency": 35}, {"date": "2023-03-17-05-00-00", "latency": 35}, {"date": "2023-03-17-05-00-00", "latency": 35}, {"date": "2023-03-17-05-00-00", "latency": 35}, {"date": "2023-03-17-05-00-00", "latency": 35}, {"date": "2023-03-17-05-00-00", "latency": 35}, {"date": "2023-03-17-05-00-00", "latency": 35}, {"date": "2023-03-17-05-00-00", "latency": 35}, {"date": "2023-03-17-05-00-00", "latency": 35}, {"date": "2023-03-17-05-00-00", "latency": 35}, {"date": "2023-03-17-05-00-00", "latency": 35}, {"date": "2023-03-17-05-00-00", "latency": 35}, {"date": "2023-03-17-05-00-00", "latency": 35}, {"date": "2023-03-17-05-00-00", "latency": 35}]}, {"location": {"country_code": "sa"}, "game_id": "273486", "values": [{"date": "2023-03-17-20-00-00", "latency": 66}, {"date": "2023-03-17-20-00-00", "latency": 66}, {"date": "2023-03-17-20-00-00", "latency": 66}, {"date": "2023-03-17-20-00-00", "latency": 66}, {"date": "2023-03-17-20-00-00", "latency": 66}, {"date": "2023-03-17-20-00-00", "latency": 66}, {"date": "2023-03-17-20-00-00", "latency": 66}, {"date": "2023-03-17-16-00-00", "latency": 109}]}, {"location": {"country_code": "us", "region": "North Carolina", "city": "Charlotte"}, "game_id": "273486", "values": [{"date": "2023-03-17-23-00-00", "latency": 40}, {"date": "2023-03-17-23-00-00", "latency": 40}, {"date": "2023-03-17-23-00-00", "latency": 40}, {"date": "2023-03-17-23-00-00", "latency": 40}, {"date": "2023-03-17-23-00-00", "latency": 40}, {"date": "2023-03-17-23-00-00", "latency": 40}, {"date": "2023-03-17-23-00-00", "latency": 40}, {"date": "2023-03-17-23-00-00", "latency": 40}]}, {"location": {"country_code": "us", "region": "Michigan"}, "game_id": "273486", "values": [{"date": "2023-03-18-00-00-00", "latency": 75}, {"date": "2023-03-18-00-00-00", "latency": 75}, {"date": "2023-03-18-00-00-00", "latency": 75}, {"date": "2023-03-18-00-00-00", "latency": 75}, {"date": "2023-03-18-00-00-00", "latency": 75}, {"date": "2023-03-18-00-00-00", "latency": 75}, {"date": "2023-03-18-00-00-00", "latency": 75}, {"date": "2023-03-18-00-00-00", "latency": 75}, {"date": "2023-03-18-00-00-00", "latency": 75}, {"date": "2023-03-18-00-00-00", "latency": 75}, {"date": "2023-03-18-00-00-00", "latency": 75}, {"date": "2023-03-18-00-00-00", "latency": 75}, {"date": "2023-03-18-00-00-00", "latency": 75}, {"date": "2023-03-18-00-00-00", "latency": 75}, {"date": "2023-03-18-00-00-00", "latency": 75}, {"date": "2023-03-18-00-00-00", "latency": 75}]}, {"location": {"country_code": "at"}, "game_id": "273486", "values": [{"date": "2023-03-17-02-00-00", "latency": 71}, {"date": "2023-03-17-02-00-00", "latency": 71}, {"date": "2023-03-17-02-00-00", "latency": 71}, {"date": "2023-03-17-02-00-00", "latency": 71}, {"date": "2023-03-17-02-00-00", "latency": 71}, {"date": "2023-03-17-02-00-00", "latency": 71}, {"date": "2023-03-17-02-00-00", "latency": 71}, {"date": "2023-03-17-02-00-00", "latency": 71}, {"date": "2023-03-17-02-00-00", "latency": 71}, {"date": "2023-03-17-02-00-00", "latency": 71}, {"date": "2023-03-17-02-00-00", "latency": 71}, {"date": "2023-03-17-02-00-00", "latency": 71}]}, {"location": {"country_code": "us", "region": "District of Columbia", "city": "Washington"}, "game_id": "273486", "values": [{"date": "2023-03-17-21-00-00", "latency": 53}, {"date": "2023-03-17-21-00-00", "latency": 53}, {"date": "2023-03-17-21-00-00", "latency": 53}, {"date": "2023-03-17-21-00-00", "latency": 53}, {"date": "2023-03-17-21-00-00", "latency": 53}, {"date": "2023-03-17-21-00-00", "latency": 53}, {"date": "2023-03-17-21-00-00", "latency": 53}, {"date": "2023-03-17-21-00-00", "latency": 53}, {"date": "2023-03-17-21-00-00", "latency": 53}, {"date": "2023-03-17-21-00-00", "latency": 53}, {"date": "2023-03-17-21-00-00", "latency": 53}, {"date": "2023-03-17-21-00-00", "latency": 53}, {"date": "2023-03-17-21-00-00", "latency": 53}, {"date": "2023-03-17-21-00-00", "latency": 53}]}, {"location": {"country_code": "us", "region": "Oklahoma"}, "game_id": "273486", "values": [{"date": "2023-03-17-06-00-00", "latency": 54}, {"date": "2023-03-17-06-00-00", "latency": 54}, {"date": "2023-03-17-06-00-00", "latency": 54}, {"date": "2023-03-17-06-00-00", "latency": 54}, {"date": "2023-03-17-06-00-00", "latency": 54}, {"date": "2023-03-17-06-00-00", "latency": 54}, {"date": "2023-03-17-06-00-00", "latency": 54}, {"date": "2023-03-17-06-00-00", "latency": 54}, {"date": "2023-03-17-06-00-00", "latency": 54}, {"date": "2023-03-17-06-00-00", "latency": 54}, {"date": "2023-03-17-06-00-00", "latency": 54}, {"date": "2023-03-17-06-00-00", "latency": 54}]}, {"location": {"country_code": "us", "region": "Pennsylvania"}, "game_id": "273486", "values": [{"date": "2023-03-17-04-00-00", "latency": 58}, {"date": "2023-03-17-04-00-00", "latency": 58}, {"date": "2023-03-17-04-00-00", "latency": 58}, {"date": "2023-03-17-04-00-00", "latency": 58}, {"date": "2023-03-17-04-00-00", "latency": 58}, {"date": "2023-03-17-04-00-00", "latency": 58}, {"date": "2023-03-17-04-00-00", "latency": 58}, {"date": "2023-03-17-04-00-00", "latency": 58}, {"date": "2023-03-17-04-00-00", "latency": 58}, {"date": "2023-03-17-04-00-00", "latency": 58}, {"date": "2023-03-17-04-00-00", "latency": 58}, {"date": "2023-03-17-04-00-00", "latency": 58}]}, {"location": {"country_code": "us", "region": "Massachusetts", "city": "Boston"}, "game_id": "273486", "values": [{"date": "2023-03-17-01-00-00", "latency": 44}, {"date": "2023-03-17-01-00-00", "latency": 44}, {"date": "2023-03-17-01-00-00", "latency": 44}, {"date": "2023-03-17-01-00-00", "latency": 44}]}, {"location": {"country_code": "ca", "region": "Alberta", "city": "Calgary"}, "game_id": "273486", "values": [{"date": "2023-03-17-02-00-00", "latency": 78}, {"date": "2023-03-17-02-00-00", "latency": 78}, {"date": "2023-03-17-02-00-00", "latency": 78}, {"date": "2023-03-17-02-00-00", "latency": 78}, {"date": "2023-03-17-02-00-00", "latency": 78}, {"date": "2023-03-17-02-00-00", "latency": 78}]}, {"location": {"country_code": "us", "region": "Louisiana"}, "game_id": "273486", "values": [{"date": "2023-03-17-18-00-00", "latency": 43}, {"date": "2023-03-17-18-00-00", "latency": 43}, {"date": "2023-03-17-18-00-00", "latency": 43}, {"date": "2023-03-17-18-00-00", "latency": 43}, {"date": "2023-03-17-18-00-00", "latency": 43}, {"date": "2023-03-17-18-00-00", "latency": 43}, {"date": "2023-03-17-18-00-00", "latency": 43}, {"date": "2023-03-17-18-00-00", "latency": 43}, {"date": "2023-03-17-18-00-00", "latency": 43}, {"date": "2023-03-17-18-00-00", "latency": 43}, {"date": "2023-03-17-18-00-00", "latency": 43}, {"date": "2023-03-17-18-00-00", "latency": 43}, {"date": "2023-03-17-18-00-00", "latency": 43}, {"date": "2023-03-17-18-00-00", "latency": 43}, {"date": "2023-03-17-18-00-00", "latency": 43}, {"date": "2023-03-17-18-00-00", "latency": 43}, {"date": "2023-03-17-18-00-00", "latency": 43}, {"date": "2023-03-17-18-00-00", "latency": 43}, {"date": "2023-03-17-18-00-00", "latency": 43}, {"date": "2023-03-17-18-00-00", "latency": 43}, {"date": "2023-03-17-18-00-00", "latency": 43}, {"date": "2023-03-17-18-00-00", "latency": 43}, {"date": "2023-03-17-18-00-00", "latency": 43}, {"date": "2023-03-17-18-00-00", "latency": 43}, {"date": "2023-03-17-18-00-00", "latency": 43}, {"date": "2023-03-17-18-00-00", "latency": 43}, {"date": "2023-03-17-18-00-00", "latency": 43}, {"date": "2023-03-17-18-00-00", "latency": 43}, {"date": "2023-03-17-18-00-00", "latency": 43}, {"date": "2023-03-17-18-00-00", "latency": 43}, {"date": "2023-03-17-18-00-00", "latency": 43}, {"date": "2023-03-17-18-00-00", "latency": 43}, {"date": "2023-03-17-18-00-00", "latency": 43}, {"date": "2023-03-17-18-00-00", "latency": 43}, {"date": "2023-03-17-18-00-00", "latency": 43}, {"date": "2023-03-17-18-00-00", "latency": 43}, {"date": "2023-03-17-18-00-00", "latency": 43}, {"date": "2023-03-17-18-00-00", "latency": 43}, {"date": "2023-03-17-18-00-00", "latency": 43}, {"date": "2023-03-17-18-00-00", "latency": 43}, {"date": "2023-03-17-18-00-00", "latency": 43}, {"date": "2023-03-17-18-00-00", "latency": 43}, {"date": "2023-03-17-18-00-00", "latency": 43}, {"date": "2023-03-17-18-00-00", "latency": 43}, {"date": "2023-03-17-18-00-00", "latency": 43}, {"date": "2023-03-17-18-00-00", "latency": 43}, {"date": "2023-03-17-18-00-00", "latency": 43}]}, {"location": {"country_code": "us", "region": "State of Wyoming", "city": "Cheyenne"}, "game_id": "273486", "values": [{"date": "2023-03-18-01-00-00", "latency": 98}, {"date": "2023-03-18-01-00-00", "latency": 98}, {"date": "2023-03-18-01-00-00", "latency": 98}, {"date": "2023-03-18-01-00-00", "latency": 98}, {"date": "2023-03-18-01-00-00", "latency": 98}, {"date": "2023-03-18-01-00-00", "latency": 98}, {"date": "2023-03-18-01-00-00", "latency": 98}, {"date": "2023-03-18-01-00-00", "latency": 98}, {"date": "2023-03-18-01-00-00", "latency": 98}, {"date": "2023-03-18-01-00-00", "latency": 98}]}, {"location": {"country_code": "us", "region": "Alabama", "city": "Dothan"}, "game_id": "273486", "values": [{"date": "2023-03-17-04-00-00", "latency": 32}, {"date": "2023-03-17-04-00-00", "latency": 32}, {"date": "2023-03-17-04-00-00", "latency": 32}, {"date": "2023-03-17-04-00-00", "latency": 32}, {"date": "2023-03-17-04-00-00", "latency": 32}, {"date": "2023-03-17-04-00-00", "latency": 32}, {"date": "2023-03-17-04-00-00", "latency": 32}, {"date": "2023-03-17-04-00-00", "latency": 32}, {"date": "2023-03-17-04-00-00", "latency": 32}, {"date": "2023-03-17-04-00-00", "latency": 32}, {"date": "2023-03-17-04-00-00", "latency": 32}, {"date": "2023-03-17-04-00-00", "latency": 32}, {"date": "2023-03-17-04-00-00", "latency": 32}, {"date": "2023-03-17-04-00-00", "latency": 32}, {"date": "2023-03-17-04-00-00", "latency": 32}, {"date": "2023-03-17-04-00-00", "latency": 32}, {"date": "2023-03-17-04-00-00", "latency": 32}, {"date": "2023-03-17-04-00-00", "latency": 32}]}, {"location": {"country_code": "fr", "region": "Normandy", "city": "Dieppe"}, "game_id": "273486", "values": [{"date": "2023-03-17-03-00-00", "latency": 39}, {"date": "2023-03-17-03-00-00", "latency": 39}, {"date": "2023-03-17-03-00-00", "latency": 39}, {"date": "2023-03-17-03-00-00", "latency": 39}, {"date": "2023-03-17-03-00-00", "latency": 39}]}, {"location": {"country_code": "us", "region": "Texas", "city": "Atascocita"}, "game_id": "273486", "values": [{"date": "2023-03-17-07-00-00", "latency": 41}, {"date": "2023-03-17-07-00-00", "latency": 41}, {"date": "2023-03-17-07-00-00", "latency": 41}, {"date": "2023-03-17-07-00-00", "latency": 41}, {"date": "2023-03-17-07-00-00", "latency": 41}, {"date": "2023-03-17-07-00-00", "latency": 41}, {"date": "2023-03-17-07-00-00", "latency": 41}, {"date": "2023-03-17-07-00-00", "latency": 41}, {"date": "2023-03-17-07-00-00", "latency": 41}, {"date": "2023-03-17-07-00-00", "latency": 41}, {"date": "2023-03-17-07-00-00", "latency": 41}, {"date": "2023-03-17-07-00-00", "latency": 41}, {"date": "2023-03-17-07-00-00", "latency": 41}, {"date": "2023-03-17-07-00-00", "latency": 41}, {"date": "2023-03-17-07-00-00", "latency": 41}, {"date": "2023-03-17-07-00-00", "latency": 41}, {"date": "2023-03-17-07-00-00", "latency": 41}, {"date": "2023-03-17-07-00-00", "latency": 41}, {"date": "2023-03-17-07-00-00", "latency": 41}]}], "last_updated": 1719926576.834865}