{"data": [{"location": {"country_code": "us"}, "game_id": "116088", "values": [{"date": "2023-01-13-22-00-00", "latency": 73}, {"date": "2023-01-13-22-00-00", "latency": 73}, {"date": "2023-01-13-22-00-00", "latency": 73}, {"date": "2023-01-13-22-00-00", "latency": 73}]}, {"location": {"country_code": "us", "region": "Wisconsin", "city": "Madison"}, "game_id": "116088", "values": [{"date": "2023-01-13-10-00-00", "latency": 53}, {"date": "2023-01-13-10-00-00", "latency": 53}, {"date": "2023-01-13-10-00-00", "latency": 53}, {"date": "2023-01-13-10-00-00", "latency": 53}, {"date": "2023-01-13-10-00-00", "latency": 53}, {"date": "2023-01-13-10-00-00", "latency": 53}, {"date": "2023-01-13-10-00-00", "latency": 53}, {"date": "2023-01-13-10-00-00", "latency": 53}, {"date": "2023-01-13-10-00-00", "latency": 53}, {"date": "2023-01-13-10-00-00", "latency": 53}, {"date": "2023-01-13-10-00-00", "latency": 53}]}, {"location": {"country_code": "us", "region": "New York", "city": "Jamestown"}, "game_id": "116088", "values": [{"date": "2023-01-14-00-00-00", "latency": 98}]}, {"location": {"country_code": "th"}, "game_id": "116088", "values": [{"date": "2023-01-13-11-00-00", "latency": 117}, {"date": "2023-01-13-11-00-00", "latency": 117}, {"date": "2023-01-13-11-00-00", "latency": 117}, {"date": "2023-01-13-11-00-00", "latency": 117}, {"date": "2023-01-13-11-00-00", "latency": 117}, {"date": "2023-01-13-11-00-00", "latency": 117}, {"date": "2023-01-13-11-00-00", "latency": 117}]}, {"location": {"country_code": "ro"}, "game_id": "116088", "values": [{"date": "2023-01-13-10-00-00", "latency": 63}, {"date": "2023-01-13-10-00-00", "latency": 63}, {"date": "2023-01-13-10-00-00", "latency": 63}, {"date": "2023-01-13-10-00-00", "latency": 63}]}, {"location": {"country_code": "za"}, "game_id": "116088", "values": [{"date": "2023-01-14-01-00-00", "latency": 185}, {"date": "2023-01-14-01-00-00", "latency": 185}]}, {"location": {"country_code": "de"}, "game_id": "116088", "values": [{"date": "2023-01-13-16-00-00", "latency": 21}, {"date": "2023-01-13-16-00-00", "latency": 21}, {"date": "2023-01-13-16-00-00", "latency": 21}, {"date": "2023-01-13-16-00-00", "latency": 21}]}, {"location": {"country_code": "cl"}, "game_id": "116088", "values": [{"date": "2023-01-13-21-00-00", "latency": 73}, {"date": "2023-01-13-21-00-00", "latency": 73}, {"date": "2023-01-13-04-00-00", "latency": 75}]}, {"location": {"country_code": "au", "region": "New South Wales", "city": "Sydney"}, "game_id": "116088", "values": [{"date": "2023-01-13-22-00-00", "latency": 625}]}, {"location": {"country_code": "ph"}, "game_id": "116088", "values": [{"date": "2023-01-13-15-00-00", "latency": 69}, {"date": "2023-01-13-15-00-00", "latency": 69}]}, {"location": {"country_code": "br"}, "game_id": "116088", "values": [{"date": "2023-01-13-10-00-00", "latency": 120}, {"date": "2023-01-13-10-00-00", "latency": 120}, {"date": "2023-01-13-10-00-00", "latency": 120}]}, {"location": {"country_code": "se"}, "game_id": "116088", "values": [{"date": "2023-01-13-14-00-00", "latency": 88}]}, {"location": {"country_code": "au"}, "game_id": "116088", "values": [{"date": "2023-01-13-10-00-00", "latency": 51}, {"date": "2023-01-13-10-00-00", "latency": 51}, {"date": "2023-01-14-00-00-00", "latency": 67}, {"date": "2023-01-14-00-00-00", "latency": 67}, {"date": "2023-01-14-00-00-00", "latency": 67}, {"date": "2023-01-14-00-00-00", "latency": 67}, {"date": "2023-01-14-00-00-00", "latency": 67}, {"date": "2023-01-14-00-00-00", "latency": 67}, {"date": "2023-01-14-00-00-00", "latency": 67}, {"date": "2023-01-14-00-00-00", "latency": 67}, {"date": "2023-01-14-00-00-00", "latency": 67}, {"date": "2023-01-13-22-00-00", "latency": 58}, {"date": "2023-01-13-22-00-00", "latency": 58}, {"date": "2023-01-13-22-00-00", "latency": 58}, {"date": "2023-01-13-22-00-00", "latency": 58}]}, {"location": {"country_code": "td"}, "game_id": "116088", "values": [{"date": "2023-01-13-11-00-00", "latency": 22}, {"date": "2023-01-13-20-00-00", "latency": 139}, {"date": "2023-01-13-20-00-00", "latency": 139}, {"date": "2023-01-13-20-00-00", "latency": 139}, {"date": "2023-01-13-20-00-00", "latency": 139}, {"date": "2023-01-13-20-00-00", "latency": 139}]}, {"location": {"country_code": "tr"}, "game_id": "116088", "values": [{"date": "2023-01-13-18-00-00", "latency": 65}, {"date": "2023-01-14-00-00-00", "latency": 105}, {"date": "2023-01-14-00-00-00", "latency": 105}]}, {"location": {"country_code": "fi"}, "game_id": "116088", "values": [{"date": "2023-01-13-11-00-00", "latency": 104}]}, {"location": {"country_code": "us", "region": "Massachusetts"}, "game_id": "116088", "values": [{"date": "2023-01-13-22-00-00", "latency": 33}, {"date": "2023-01-13-22-00-00", "latency": 33}, {"date": "2023-01-13-22-00-00", "latency": 33}, {"date": "2023-01-13-22-00-00", "latency": 33}, {"date": "2023-01-13-22-00-00", "latency": 33}, {"date": "2023-01-13-22-00-00", "latency": 33}, {"date": "2023-01-13-22-00-00", "latency": 33}, {"date": "2023-01-13-22-00-00", "latency": 33}, {"date": "2023-01-13-22-00-00", "latency": 33}, {"date": "2023-01-13-22-00-00", "latency": 33}]}, {"location": {"country_code": "ru", "region": "Moscow", "city": "Zelenograd"}, "game_id": "116088", "values": [{"date": "2023-01-13-21-00-00", "latency": 36}, {"date": "2023-01-13-21-00-00", "latency": 36}, {"date": "2023-01-13-21-00-00", "latency": 36}]}, {"location": {"country_code": "us", "region": "Texas", "city": "Houston"}, "game_id": "116088", "values": [{"date": "2023-01-14-00-00-00", "latency": 54}]}, {"location": {"country_code": "in", "region": "Maharashtra", "city": "Navi Mumbai"}, "game_id": "116088", "values": [{"date": "2023-01-13-18-00-00", "latency": 82}]}, {"location": {"country_code": "pe"}, "game_id": "116088", "values": [{"date": "2023-01-13-07-00-00", "latency": 49}, {"date": "2023-01-13-07-00-00", "latency": 49}, {"date": "2023-01-13-07-00-00", "latency": 49}, {"date": "2023-01-13-07-00-00", "latency": 49}, {"date": "2023-01-13-07-00-00", "latency": 49}, {"date": "2023-01-13-07-00-00", "latency": 49}, {"date": "2023-01-13-07-00-00", "latency": 49}, {"date": "2023-01-13-07-00-00", "latency": 49}, {"date": "2023-01-13-07-00-00", "latency": 49}, {"date": "2023-01-13-07-00-00", "latency": 49}, {"date": "2023-01-13-22-00-00", "latency": 32}, {"date": "2023-01-13-22-00-00", "latency": 32}, {"date": "2023-01-13-22-00-00", "latency": 32}, {"date": "2023-01-13-22-00-00", "latency": 32}, {"date": "2023-01-13-22-00-00", "latency": 32}, {"date": "2023-01-13-02-00-00", "latency": 39}, {"date": "2023-01-13-02-00-00", "latency": 39}, {"date": "2023-01-13-02-00-00", "latency": 39}, {"date": "2023-01-13-02-00-00", "latency": 39}, {"date": "2023-01-13-02-00-00", "latency": 39}]}, {"location": {"country_code": "ua"}, "game_id": "116088", "values": [{"date": "2023-01-14-00-00-00", "latency": 54}, {"date": "2023-01-14-00-00-00", "latency": 54}, {"date": "2023-01-13-02-00-00", "latency": 54}, {"date": "2023-01-13-02-00-00", "latency": 54}, {"date": "2023-01-13-02-00-00", "latency": 54}, {"date": "2023-01-13-11-00-00", "latency": 59}, {"date": "2023-01-13-21-00-00", "latency": 70}, {"date": "2023-01-13-21-00-00", "latency": 70}, {"date": "2023-01-13-21-00-00", "latency": 70}]}, {"location": {"country_code": "kz"}, "game_id": "116088", "values": [{"date": "2023-01-14-00-00-00", "latency": 85}, {"date": "2023-01-14-00-00-00", "latency": 85}, {"date": "2023-01-14-00-00-00", "latency": 85}, {"date": "2023-01-14-00-00-00", "latency": 85}]}, {"location": {"country_code": "ru"}, "game_id": "116088", "values": [{"date": "2023-01-13-21-00-00", "latency": 87}, {"date": "2023-01-13-21-00-00", "latency": 87}, {"date": "2023-01-13-21-00-00", "latency": 87}, {"date": "2023-01-14-00-00-00", "latency": 58}, {"date": "2023-01-14-00-00-00", "latency": 58}]}, {"location": {"country_code": "pt"}, "game_id": "116088", "values": [{"date": "2023-01-13-21-00-00", "latency": 463}]}, {"location": {"country_code": "us", "region": "Arizona", "city": "Phoenix"}, "game_id": "116088", "values": [{"date": "2023-01-13-07-00-00", "latency": 130}, {"date": "2023-01-13-07-00-00", "latency": 130}, {"date": "2023-01-13-07-00-00", "latency": 130}]}, {"location": {"country_code": "by"}, "game_id": "116088", "values": [{"date": "2023-01-14-00-00-00", "latency": 42}, {"date": "2023-01-14-00-00-00", "latency": 42}, {"date": "2023-01-14-00-00-00", "latency": 42}]}, {"location": {"country_code": "ca", "region": "British Columbia", "city": "Richmond"}, "game_id": "116088", "values": [{"date": "2023-01-13-22-00-00", "latency": 62}, {"date": "2023-01-13-22-00-00", "latency": 62}]}, {"location": {"country_code": "ne"}, "game_id": "116088", "values": [{"date": "2023-01-13-21-00-00", "latency": 63}, {"date": "2023-01-13-21-00-00", "latency": 75}, {"date": "2023-01-13-21-00-00", "latency": 75}, {"date": "2023-01-13-21-00-00", "latency": 75}, {"date": "2023-01-13-21-00-00", "latency": 75}, {"date": "2023-01-13-21-00-00", "latency": 75}, {"date": "2023-01-13-21-00-00", "latency": 75}, {"date": "2023-01-13-21-00-00", "latency": 75}, {"date": "2023-01-13-21-00-00", "latency": 75}]}, {"location": {"country_code": "ua", "region": "Kyiv Oblast", "city": "Kriukivshchyna"}, "game_id": "116088", "values": [{"date": "2023-01-13-14-00-00", "latency": 49}, {"date": "2023-01-13-14-00-00", "latency": 49}, {"date": "2023-01-13-14-00-00", "latency": 49}, {"date": "2023-01-13-14-00-00", "latency": 49}, {"date": "2023-01-13-14-00-00", "latency": 49}]}, {"location": {"country_code": "ru", "region": "Novosibirsk Oblast", "city": "Novosibirsk"}, "game_id": "116088", "values": [{"date": "2023-01-13-16-00-00", "latency": 90}, {"date": "2023-01-13-16-00-00", "latency": 90}, {"date": "2023-01-13-16-00-00", "latency": 90}]}, {"location": {"country_code": "bb"}, "game_id": "116088", "values": [{"date": "2023-01-14-01-00-00", "latency": 52}, {"date": "2023-01-14-01-00-00", "latency": 52}, {"date": "2023-01-14-01-00-00", "latency": 52}, {"date": "2023-01-14-01-00-00", "latency": 52}, {"date": "2023-01-14-01-00-00", "latency": 52}, {"date": "2023-01-14-01-00-00", "latency": 52}]}, {"location": {"country_code": "ru", "region": "Chelyabinsk Oblast", "city": "Magnitogorsk"}, "game_id": "116088", "values": [{"date": "2023-01-13-10-00-00", "latency": 74}, {"date": "2023-01-13-10-00-00", "latency": 74}, {"date": "2023-01-13-10-00-00", "latency": 74}, {"date": "2023-01-13-10-00-00", "latency": 74}, {"date": "2023-01-13-10-00-00", "latency": 74}, {"date": "2023-01-13-10-00-00", "latency": 74}, {"date": "2023-01-13-10-00-00", "latency": 74}, {"date": "2023-01-13-10-00-00", "latency": 74}]}, {"location": {"country_code": "sn"}, "game_id": "116088", "values": [{"date": "2023-01-13-19-00-00", "latency": 81}, {"date": "2023-01-13-19-00-00", "latency": 81}, {"date": "2023-01-13-19-00-00", "latency": 81}, {"date": "2023-01-13-19-00-00", "latency": 81}, {"date": "2023-01-13-19-00-00", "latency": 81}]}, {"location": {"country_code": "in", "region": "Maharashtra", "city": "Pune"}, "game_id": "116088", "values": [{"date": "2023-01-14-00-00-00", "latency": 89}]}, {"location": {"country_code": "ir", "region": "Fars", "city": "Shiraz"}, "game_id": "116088", "values": [{"date": "2023-01-13-13-00-00", "latency": 128}]}, {"location": {"country_code": "ru", "region": "Bryansk Oblast", "city": "Bryansk"}, "game_id": "116088", "values": [{"date": "2023-01-13-12-00-00", "latency": 60}, {"date": "2023-01-13-12-00-00", "latency": 60}, {"date": "2023-01-13-12-00-00", "latency": 60}]}, {"location": {"country_code": "ir", "region": "Kerman"}, "game_id": "116088", "values": [{"date": "2023-01-13-16-00-00", "latency": 140}, {"date": "2023-01-13-16-00-00", "latency": 140}, {"date": "2023-01-13-16-00-00", "latency": 140}, {"date": "2023-01-13-16-00-00", "latency": 140}, {"date": "2023-01-13-16-00-00", "latency": 140}, {"date": "2023-01-13-16-00-00", "latency": 140}, {"date": "2023-01-13-16-00-00", "latency": 140}, {"date": "2023-01-13-16-00-00", "latency": 140}]}, {"location": {"country_code": "ru", "region": "Moscow Oblast", "city": "Domodedovo"}, "game_id": "116088", "values": [{"date": "2023-01-13-21-00-00", "latency": 41}, {"date": "2023-01-13-21-00-00", "latency": 41}, {"date": "2023-01-13-21-00-00", "latency": 41}, {"date": "2023-01-13-21-00-00", "latency": 41}]}], "last_updated": 1719927612.586009}