{"data": [{"location": {"country_code": "us", "region": "California"}, "game_id": "273486", "values": [{"date": "2023-10-24-23-00-00", "latency": 0}, {"date": "2023-10-24-23-00-00", "latency": 0}]}, {"location": {"country_code": "at"}, "game_id": "273486", "values": [{"date": "2023-10-24-22-00-00", "latency": 3}, {"date": "2023-10-24-22-00-00", "latency": 3}, {"date": "2023-10-24-22-00-00", "latency": 3}, {"date": "2023-10-24-22-00-00", "latency": 3}, {"date": "2023-10-24-22-00-00", "latency": 3}, {"date": "2023-10-24-22-00-00", "latency": 3}, {"date": "2023-10-24-22-00-00", "latency": 3}, {"date": "2023-10-24-22-00-00", "latency": 3}, {"date": "2023-10-24-22-00-00", "latency": 3}]}, {"location": {"country_code": "ie"}, "game_id": "273486", "values": [{"date": "2023-10-24-05-00-00", "latency": 25}, {"date": "2023-10-24-05-00-00", "latency": 25}, {"date": "2023-10-24-05-00-00", "latency": 25}, {"date": "2023-10-24-05-00-00", "latency": 25}, {"date": "2023-10-24-05-00-00", "latency": 25}, {"date": "2023-10-24-05-00-00", "latency": 25}, {"date": "2023-10-24-05-00-00", "latency": 25}]}, {"location": {"country_code": "ca", "region": "Ontario", "city": "Toronto"}, "game_id": "273486", "values": [{"date": "2023-10-24-05-00-00", "latency": 15}, {"date": "2023-10-24-05-00-00", "latency": 15}, {"date": "2023-10-24-05-00-00", "latency": 15}, {"date": "2023-10-24-05-00-00", "latency": 15}, {"date": "2023-10-24-05-00-00", "latency": 15}, {"date": "2023-10-24-05-00-00", "latency": 15}, {"date": "2023-10-24-05-00-00", "latency": 15}, {"date": "2023-10-24-05-00-00", "latency": 15}, {"date": "2023-10-24-05-00-00", "latency": 15}, {"date": "2023-10-24-05-00-00", "latency": 15}, {"date": "2023-10-24-05-00-00", "latency": 15}, {"date": "2023-10-24-05-00-00", "latency": 15}, {"date": "2023-10-24-05-00-00", "latency": 15}]}, {"location": {"country_code": "gb", "region": "Wales"}, "game_id": "273486", "values": [{"date": "2023-10-25-01-00-00", "latency": 0}, {"date": "2023-10-25-01-00-00", "latency": 0}, {"date": "2023-10-25-01-00-00", "latency": 0}, {"date": "2023-10-25-01-00-00", "latency": 0}, {"date": "2023-10-25-01-00-00", "latency": 0}, {"date": "2023-10-25-01-00-00", "latency": 0}, {"date": "2023-10-25-01-00-00", "latency": 0}, {"date": "2023-10-25-01-00-00", "latency": 0}, {"date": "2023-10-25-01-00-00", "latency": 0}, {"date": "2023-10-25-01-00-00", "latency": 0}]}, {"location": {"country_code": "sa", "region": "Riyadh Region", "city": "Wadi Ad Dawasir"}, "game_id": "273486", "values": [{"date": "2023-10-24-18-00-00", "latency": 0}, {"date": "2023-10-24-18-00-00", "latency": 0}, {"date": "2023-10-24-18-00-00", "latency": 0}, {"date": "2023-10-24-18-00-00", "latency": 0}, {"date": "2023-10-24-18-00-00", "latency": 0}, {"date": "2023-10-24-18-00-00", "latency": 0}, {"date": "2023-10-24-18-00-00", "latency": 0}, {"date": "2023-10-24-18-00-00", "latency": 0}]}], "last_updated": 1719919356.997784}