{"data": [{"location": {"country_code": "us", "region": "California", "city": "East Los Angeles"}, "game_id": "319965", "values": [{"date": "2022-09-25-12-00-00", "latency": 1700}, {"date": "2022-09-25-12-00-00", "latency": 1700}, {"date": "2022-09-25-12-00-00", "latency": 1700}, {"date": "2022-09-25-12-00-00", "latency": 1700}, {"date": "2022-09-25-12-00-00", "latency": 1700}]}, {"location": {"country_code": "es", "region": "Andalusia"}, "game_id": "319965", "values": [{"date": "2022-09-25-03-00-00", "latency": 105}, {"date": "2022-09-25-03-00-00", "latency": 105}, {"date": "2022-09-25-03-00-00", "latency": 105}]}, {"location": {"country_code": "ca", "region": "Saskatchewan", "city": "Moose Jaw"}, "game_id": "319965", "values": [{"date": "2022-09-26-01-00-00", "latency": 72}, {"date": "2022-09-26-01-00-00", "latency": 72}]}], "last_updated": 1719919352.922132}