{"data": [{"location": {"country_code": "us"}, "game_id": "762836", "values": [{"date": "2024-05-10-02-00-00", "alternatives": ["58", "58", "38"]}, {"date": "2024-05-09-23-00-00", "alternatives": ["46", "46", "456"]}, {"date": "2024-05-09-05-00-00", "alternatives": [28, 28, 28]}, {"date": "2024-05-09-05-00-00", "alternatives": [28, 28, 28]}, {"date": "2024-05-09-05-00-00", "alternatives": [28, 28, 28]}, {"date": "2024-05-09-05-00-00", "alternatives": [28, 28, 28]}, {"date": "2024-05-09-03-00-00", "alternatives": [41, 41, 41]}, {"date": "2024-05-09-03-00-00", "alternatives": [41, 41, 41]}, {"date": "2024-05-09-04-00-00", "alternatives": [2, 25, 25, 25]}, {"date": "2024-05-09-04-00-00", "alternatives": [2, 25, 25, 25]}, {"date": "2024-05-09-04-00-00", "alternatives": [2, 25, 25, 25]}, {"date": "2024-05-09-04-00-00", "alternatives": [2, 25, 25, 25]}, {"date": "2024-05-09-04-00-00", "alternatives": [2, 25, 25, 25]}, {"date": "2024-05-09-04-00-00", "alternatives": [2, 25, 25, 25]}, {"date": "2024-05-09-04-00-00", "alternatives": [2, 25, 25, 25]}, {"date": "2024-05-09-04-00-00", "alternatives": [2, 25, 25, 25]}, {"date": "2024-05-09-04-00-00", "alternatives": [2, 25, 25, 25]}, {"date": "2024-05-09-05-00-00", "alternatives": [14, 14, 14]}, {"date": "2024-05-09-04-00-00", "alternatives": [20, 28, 28, 28]}]}, {"location": {"country_code": "de", "region": "Berlin", "city": "Berlin"}, "game_id": "762836", "values": [{"date": "2024-05-09-17-00-00", "alternatives": [19, 10, 19, 19]}, {"date": "2024-05-09-14-00-00", "alternatives": [27, 27, 27]}, {"date": "2024-05-09-14-00-00", "alternatives": [27, 27, 27]}, {"date": "2024-05-09-14-00-00", "alternatives": [27, 27, 27]}, {"date": "2024-05-09-14-00-00", "alternatives": [27, 27, 27]}]}, {"location": {"country_code": "eg"}, "game_id": "762836", "values": [{"date": "2024-05-10-01-00-00", "alternatives": [102, 2, 102, 102]}]}, {"location": {"country_code": "us", "region": "New York", "city": "Jamestown"}, "game_id": "762836", "values": [{"date": "2024-05-09-02-00-00", "alternatives": [38, 38, 38]}, {"date": "2024-05-09-02-00-00", "alternatives": [38, 38, 38]}]}, {"location": {"country_code": "gb"}, "game_id": "762836", "values": [{"date": "2024-05-09-14-00-00", "alternatives": [34, 34, 34]}, {"date": "2024-05-09-14-00-00", "alternatives": [34, 34, 34]}, {"date": "2024-05-09-14-00-00", "alternatives": [34, 34, 34]}, {"date": "2024-05-09-22-00-00", "alternatives": [14, 14, 14]}, {"date": "2024-05-09-02-00-00", "alternatives": ["41", "41", "47"]}, {"date": "2024-05-09-17-00-00", "alternatives": [49, 9, 48, 49, 49]}, {"date": "2024-05-09-17-00-00", "alternatives": [49, 9, 48, 49, 49]}, {"date": "2024-05-10-00-00-00", "alternatives": ["25", "25", "235"]}, {"date": "2024-05-10-00-00-00", "alternatives": ["25", "25", "235"]}, {"date": "2024-05-10-00-00-00", "alternatives": ["25", "25", "235"]}, {"date": "2024-05-10-00-00-00", "alternatives": ["25", "25", "235"]}, {"date": "2024-05-10-00-00-00", "alternatives": ["25", "25", "235"]}, {"date": "2024-05-10-00-00-00", "alternatives": ["25", "25", "235"]}, {"date": "2024-05-10-00-00-00", "alternatives": ["25", "25", "235"]}, {"date": "2024-05-09-16-00-00", "alternatives": [30, 3, 30, 30]}]}, {"location": {"country_code": "gb", "region": "England"}, "game_id": "762836", "values": [{"date": "2024-05-09-16-00-00", "alternatives": ["77", "17", "17"]}, {"date": "2024-05-09-16-00-00", "alternatives": ["77", "17", "17"]}, {"date": "2024-05-09-21-00-00", "alternatives": [27, 21, 21, 21]}, {"date": "2024-05-09-21-00-00", "alternatives": [27, 21, 21, 21]}, {"date": "2024-05-09-21-00-00", "alternatives": [27, 21, 21, 21]}]}, {"location": {"country_code": "gb", "region": "England", "city": "Sheffield"}, "game_id": "762836", "values": [{"date": "2024-05-10-01-00-00", "alternatives": ["36", "30", "36"]}]}, {"location": {"country_code": "th"}, "game_id": "762836", "values": [{"date": "2024-05-09-18-00-00", "alternatives": ["27", "27", "7"]}, {"date": "2024-05-09-18-00-00", "alternatives": ["27", "27", "7"]}]}, {"location": {"country_code": "it"}, "game_id": "762836", "values": [{"date": "2024-05-09-03-00-00", "alternatives": ["49", "49", "40"]}]}, {"location": {"country_code": "es"}, "game_id": "762836", "values": [{"date": "2024-05-09-02-00-00", "alternatives": [6, 6, 6]}, {"date": "2024-05-09-02-00-00", "alternatives": [6, 6, 6]}, {"date": "2024-05-09-02-00-00", "alternatives": [6, 6, 6]}, {"date": "2024-05-09-12-00-00", "alternatives": [34, 34, 34]}, {"date": "2024-05-09-12-00-00", "alternatives": [34, 34, 34]}, {"date": "2024-05-09-12-00-00", "alternatives": [34, 34, 34]}, {"date": "2024-05-09-12-00-00", "alternatives": [34, 34, 34]}]}, {"location": {"country_code": "us", "region": "Alaska"}, "game_id": "762836", "values": [{"date": "2024-05-10-01-00-00", "alternatives": ["59", "59", "29"]}, {"date": "2024-05-10-01-00-00", "alternatives": ["59", "59", "29"]}, {"date": "2024-05-10-01-00-00", "alternatives": ["59", "59", "29"]}]}, {"location": {"country_code": "jp"}, "game_id": "762836", "values": [{"date": "2024-05-09-15-00-00", "alternatives": ["38", "36", "36"]}, {"date": "2024-05-09-02-00-00", "alternatives": [81, 8, 81, 81]}, {"date": "2024-05-09-02-00-00", "alternatives": [81, 8, 81, 81]}]}, {"location": {"country_code": "ca"}, "game_id": "762836", "values": [{"date": "2024-05-09-04-00-00", "alternatives": ["20", "29", "20"]}, {"date": "2024-05-09-05-00-00", "alternatives": [30, 3, 30, 30]}, {"date": "2024-05-10-01-00-00", "alternatives": ["43", "4", "43"]}, {"date": "2024-05-10-01-00-00", "alternatives": ["43", "4", "43"]}, {"date": "2024-05-09-05-00-00", "alternatives": ["45", "4", "45"]}, {"date": "2024-05-09-05-00-00", "alternatives": ["45", "4", "45"]}, {"date": "2024-05-09-04-00-00", "alternatives": [38, 3, 38, 38]}]}, {"location": {"country_code": "ca", "region": "Alberta"}, "game_id": "762836", "values": [{"date": "2024-05-09-06-00-00", "alternatives": ["55", "55", "595"]}, {"date": "2024-05-09-06-00-00", "alternatives": ["55", "55", "595"]}]}, {"location": {"country_code": "ch"}, "game_id": "762836", "values": [{"date": "2024-05-09-17-00-00", "alternatives": ["4", "44", "4"]}, {"date": "2024-05-09-20-00-00", "alternatives": ["9", "9", "8"]}, {"date": "2024-05-09-20-00-00", "alternatives": ["9", "9", "8"]}]}, {"location": {"country_code": "de"}, "game_id": "762836", "values": [{"date": "2024-05-09-03-00-00", "alternatives": [7057, 37, 37, 37]}, {"date": "2024-05-09-03-00-00", "alternatives": [7057, 37, 37, 37]}, {"date": "2024-05-09-03-00-00", "alternatives": [7057, 37, 37, 37]}, {"date": "2024-05-09-03-00-00", "alternatives": [7057, 37, 37, 37]}, {"date": "2024-05-09-03-00-00", "alternatives": [0, 0, 0]}, {"date": "2024-05-09-03-00-00", "alternatives": [0, 0, 0]}, {"date": "2024-05-09-03-00-00", "alternatives": [0, 0, 0]}, {"date": "2024-05-09-23-00-00", "alternatives": [34, 34, 34]}, {"date": "2024-05-09-16-00-00", "alternatives": ["32", "3", "32"]}, {"date": "2024-05-09-16-00-00", "alternatives": ["32", "3", "32"]}, {"date": "2024-05-09-16-00-00", "alternatives": ["32", "3", "32"]}, {"date": "2024-05-09-16-00-00", "alternatives": ["32", "3", "32"]}]}, {"location": {"country_code": "us", "region": "Indiana"}, "game_id": "762836", "values": [{"date": "2024-05-10-02-00-00", "alternatives": ["31", "31", "37"]}]}, {"location": {"country_code": "gb", "region": "Scotland"}, "game_id": "762836", "values": [{"date": "2024-05-09-20-00-00", "alternatives": [2, 2, 2]}, {"date": "2024-05-09-20-00-00", "alternatives": [2, 2, 2]}, {"date": "2024-05-09-20-00-00", "alternatives": [2, 2, 2]}, {"date": "2024-05-09-20-00-00", "alternatives": [2, 2, 2]}]}, {"location": {"country_code": "us", "region": "Texas"}, "game_id": "762836", "values": [{"date": "2024-05-09-08-00-00", "alternatives": [16, 18, 16, 16]}, {"date": "2024-05-09-08-00-00", "alternatives": [16, 18, 16, 16]}, {"date": "2024-05-09-03-00-00", "alternatives": [9, 9, 9]}, {"date": "2024-05-09-03-00-00", "alternatives": [9, 9, 9]}, {"date": "2024-05-09-22-00-00", "alternatives": [9, 9, 9]}, {"date": "2024-05-09-22-00-00", "alternatives": [9, 9, 9]}, {"date": "2024-05-09-22-00-00", "alternatives": [9, 9, 9]}]}, {"location": {"country_code": "au", "region": "New South Wales", "city": "Sydney"}, "game_id": "762836", "values": [{"date": "2024-05-09-15-00-00", "alternatives": ["15", "1", "15"]}, {"date": "2024-05-09-15-00-00", "alternatives": ["15", "1", "15"]}, {"date": "2024-05-09-13-00-00", "alternatives": ["7", "1", "1"]}, {"date": "2024-05-09-13-00-00", "alternatives": ["7", "1", "1"]}]}, {"location": {"country_code": "us", "region": "Florida"}, "game_id": "762836", "values": [{"date": "2024-05-09-05-00-00", "alternatives": ["4", "49", "49"]}, {"date": "2024-05-10-01-00-00", "alternatives": [3, 3, 3]}, {"date": "2024-05-10-01-00-00", "alternatives": [3, 3, 3]}, {"date": "2024-05-10-01-00-00", "alternatives": [3, 3, 3]}]}, {"location": {"country_code": "fr"}, "game_id": "762836", "values": [{"date": "2024-05-09-03-00-00", "alternatives": [46, 40, 48, 46, 46]}, {"date": "2024-05-09-03-00-00", "alternatives": [46, 40, 48, 46, 46]}, {"date": "2024-05-09-03-00-00", "alternatives": [22, 22, 22]}, {"date": "2024-05-09-03-00-00", "alternatives": [22, 22, 22]}, {"date": "2024-05-09-03-00-00", "alternatives": [22, 22, 22]}, {"date": "2024-05-09-03-00-00", "alternatives": ["46", "44", "44"]}, {"date": "2024-05-09-16-00-00", "alternatives": [41, 41, 41]}, {"date": "2024-05-09-16-00-00", "alternatives": [41, 41, 41]}, {"date": "2024-05-09-16-00-00", "alternatives": [41, 41, 41]}, {"date": "2024-05-09-16-00-00", "alternatives": [41, 41, 41]}, {"date": "2024-05-09-16-00-00", "alternatives": [41, 41, 41]}, {"date": "2024-05-09-16-00-00", "alternatives": [41, 41, 41]}, {"date": "2024-05-09-11-00-00", "alternatives": [10, 16, 16, 16]}]}, {"location": {"country_code": "us", "region": "California"}, "game_id": "762836", "values": [{"date": "2024-05-09-08-00-00", "alternatives": [20, 20, 20, 20]}, {"date": "2024-05-09-08-00-00", "alternatives": [20, 20, 20, 20]}, {"date": "2024-05-09-05-00-00", "alternatives": [56, 36, 56, 56]}, {"date": "2024-05-09-05-00-00", "alternatives": [56, 36, 56, 56]}, {"date": "2024-05-09-05-00-00", "alternatives": [56, 36, 56, 56]}, {"date": "2024-05-09-05-00-00", "alternatives": [56, 36, 56, 56]}, {"date": "2024-05-09-05-00-00", "alternatives": [56, 36, 56, 56]}, {"date": "2024-05-09-05-00-00", "alternatives": [56, 36, 56, 56]}, {"date": "2024-05-09-05-00-00", "alternatives": [56, 36, 56, 56]}, {"date": "2024-05-09-05-00-00", "alternatives": [56, 36, 56, 56]}, {"date": "2024-05-09-05-00-00", "alternatives": [56, 36, 56, 56]}, {"date": "2024-05-09-21-00-00", "alternatives": ["25", "23", "23"]}, {"date": "2024-05-09-21-00-00", "alternatives": ["25", "23", "23"]}, {"date": "2024-05-09-21-00-00", "alternatives": ["25", "23", "23"]}]}, {"location": {"country_code": "br"}, "game_id": "762836", "values": [{"date": "2024-05-09-18-00-00", "alternatives": [49, 48, 48, 48, 49]}, {"date": "2024-05-09-18-00-00", "alternatives": [49, 48, 48, 48, 49]}, {"date": "2024-05-09-05-00-00", "alternatives": [16, 18, 168, 18, 18, 18]}, {"date": "2024-05-09-05-00-00", "alternatives": [16, 18, 168, 18, 18, 18]}, {"date": "2024-05-09-05-00-00", "alternatives": [16, 18, 168, 18, 18, 18]}, {"date": "2024-05-09-05-00-00", "alternatives": [16, 18, 168, 18, 18, 18]}, {"date": "2024-05-09-05-00-00", "alternatives": [16, 18, 168, 18, 18, 18]}, {"date": "2024-05-09-05-00-00", "alternatives": [16, 18, 168, 18, 18, 18]}]}, {"location": {"country_code": "br", "region": "Minas Gerais"}, "game_id": "762836", "values": [{"date": "2024-05-09-20-00-00", "alternatives": ["9", "8", "8"]}]}, {"location": {"country_code": "br", "region": "Sao Paulo", "city": "Apiai"}, "game_id": "762836", "values": [{"date": "2024-05-09-03-00-00", "alternatives": ["16", "16", "18"]}]}, {"location": {"country_code": "us", "region": "Maryland", "city": "Dundalk"}, "game_id": "762836", "values": [{"date": "2024-05-09-08-00-00", "alternatives": ["79", "79", "7"]}, {"date": "2024-05-09-08-00-00", "alternatives": ["79", "79", "7"]}]}, {"location": {"country_code": "au"}, "game_id": "762836", "values": [{"date": "2024-05-09-16-00-00", "alternatives": ["12", "19", "19"]}, {"date": "2024-05-09-16-00-00", "alternatives": ["12", "19", "19"]}, {"date": "2024-05-09-16-00-00", "alternatives": ["12", "19", "19"]}, {"date": "2024-05-09-16-00-00", "alternatives": ["12", "19", "19"]}, {"date": "2024-05-09-16-00-00", "alternatives": ["12", "19", "19"]}, {"date": "2024-05-09-16-00-00", "alternatives": ["12", "19", "19"]}]}, {"location": {"country_code": "es", "region": "Madrid", "city": "Parla"}, "game_id": "762836", "values": [{"date": "2024-05-09-18-00-00", "alternatives": ["36", "38", "36"]}]}, {"location": {"country_code": "us", "region": "Florida", "city": "Jacksonville"}, "game_id": "762836", "values": [{"date": "2024-05-10-00-00-00", "alternatives": [5, 55, 35, 55, 55]}, {"date": "2024-05-10-00-00-00", "alternatives": [5, 55, 35, 55, 55]}, {"date": "2024-05-10-00-00-00", "alternatives": [5, 55, 35, 55, 55]}, {"date": "2024-05-10-00-00-00", "alternatives": [5, 55, 35, 55, 55]}]}, {"location": {"country_code": "tr"}, "game_id": "762836", "values": [{"date": "2024-05-09-19-00-00", "alternatives": [1, 153, 153, 153]}]}, {"location": {"country_code": "sa"}, "game_id": "762836", "values": [{"date": "2024-05-09-15-00-00", "alternatives": [5, 15, 15, 15]}]}, {"location": {"country_code": "ar"}, "game_id": "762836", "values": [{"date": "2024-05-09-05-00-00", "alternatives": [3, 3, 3]}, {"date": "2024-05-09-05-00-00", "alternatives": [3, 3, 3]}, {"date": "2024-05-09-05-00-00", "alternatives": [3, 3, 3]}, {"date": "2024-05-09-05-00-00", "alternatives": [3, 3, 3]}, {"date": "2024-05-09-05-00-00", "alternatives": [3, 3, 3]}, {"date": "2024-05-09-05-00-00", "alternatives": [3, 3, 3]}]}, {"location": {"country_code": "fi"}, "game_id": "762836", "values": [{"date": "2024-05-09-15-00-00", "alternatives": [37, 37, 37]}, {"date": "2024-05-09-15-00-00", "alternatives": [37, 37, 37]}, {"date": "2024-05-09-15-00-00", "alternatives": [37, 37, 37]}]}, {"location": {"country_code": "fi", "region": "Satakunta Region", "city": "Pori"}, "game_id": "762836", "values": [{"date": "2024-05-09-21-00-00", "alternatives": ["46", "4", "46"]}]}, {"location": {"country_code": "au", "region": "South Australia"}, "game_id": "762836", "values": [{"date": "2024-05-09-10-00-00", "alternatives": ["30", "0", "30"]}, {"date": "2024-05-09-10-00-00", "alternatives": ["30", "0", "30"]}, {"date": "2024-05-09-10-00-00", "alternatives": ["30", "0", "30"]}]}, {"location": {"country_code": "us", "region": "Illinois", "city": "Chicago"}, "game_id": "762836", "values": [{"date": "2024-05-09-06-00-00", "alternatives": [30, 30, 30]}, {"date": "2024-05-09-05-00-00", "alternatives": [22, 22, 22]}, {"date": "2024-05-09-05-00-00", "alternatives": [22, 22, 22]}]}, {"location": {"country_code": "hu"}, "game_id": "762836", "values": [{"date": "2024-05-09-18-00-00", "alternatives": ["31", "31", "3"]}, {"date": "2024-05-09-18-00-00", "alternatives": ["31", "31", "3"]}]}, {"location": {"country_code": "de", "region": "Bavaria"}, "game_id": "762836", "values": [{"date": "2024-05-10-00-00-00", "alternatives": ["55", "55", "535"]}]}, {"location": {"country_code": "at"}, "game_id": "762836", "values": [{"date": "2024-05-09-03-00-00", "alternatives": [27, 21, 21, 21]}, {"date": "2024-05-09-03-00-00", "alternatives": [27, 21, 21, 21]}]}, {"location": {"country_code": "us", "region": "Arizona"}, "game_id": "762836", "values": [{"date": "2024-05-09-20-00-00", "alternatives": [155, 155, 155]}, {"date": "2024-05-09-20-00-00", "alternatives": [155, 155, 155]}, {"date": "2024-05-09-20-00-00", "alternatives": [155, 155, 155]}, {"date": "2024-05-09-20-00-00", "alternatives": [155, 155, 155]}]}, {"location": {"country_code": "ve"}, "game_id": "762836", "values": [{"date": "2024-05-09-05-00-00", "alternatives": ["1", "121", "121"]}, {"date": "2024-05-09-05-00-00", "alternatives": ["1", "121", "121"]}, {"date": "2024-05-09-05-00-00", "alternatives": ["1", "121", "121"]}]}, {"location": {"country_code": "be"}, "game_id": "762836", "values": [{"date": "2024-05-09-18-00-00", "alternatives": ["32", "32", "3"]}]}, {"location": {"country_code": "gb", "region": "England", "city": "London"}, "game_id": "762836", "values": [{"date": "2024-05-09-19-00-00", "alternatives": ["17", "7", "17"]}]}, {"location": {"country_code": "us", "region": "Georgia"}, "game_id": "762836", "values": [{"date": "2024-05-09-05-00-00", "alternatives": ["34", "54", "54"]}]}, {"location": {"country_code": "ie"}, "game_id": "762836", "values": [{"date": "2024-05-10-01-00-00", "alternatives": [2, 29, 29, 29]}]}, {"location": {"country_code": "sg"}, "game_id": "762836", "values": [{"date": "2024-05-09-19-00-00", "alternatives": ["9", "9", "2"]}]}, {"location": {"country_code": "us", "region": "District of Columbia", "city": "Washington"}, "game_id": "762836", "values": [{"date": "2024-05-10-02-00-00", "alternatives": [35, 35, 35]}]}, {"location": {"country_code": "id"}, "game_id": "762836", "values": [{"date": "2024-05-09-05-00-00", "alternatives": ["23", "33", "33"]}]}, {"location": {"country_code": "au", "region": "Queensland"}, "game_id": "762836", "values": [{"date": "2024-05-09-21-00-00", "alternatives": ["25", "25", "23"]}]}, {"location": {"country_code": "us", "region": "Pennsylvania"}, "game_id": "762836", "values": [{"date": "2024-05-10-02-00-00", "alternatives": ["27", "27", "7"]}, {"date": "2024-05-10-02-00-00", "alternatives": ["27", "27", "7"]}, {"date": "2024-05-10-02-00-00", "alternatives": ["27", "27", "7"]}]}, {"location": {"country_code": "us", "region": "Idaho", "city": "Idaho Falls"}, "game_id": "762836", "values": [{"date": "2024-05-10-00-00-00", "alternatives": [51, 1, 51, 51]}]}, {"location": {"country_code": "fr", "region": "Ile-de-France Region", "city": "Paris"}, "game_id": "762836", "values": [{"date": "2024-05-09-14-00-00", "alternatives": [28, 28, 28]}, {"date": "2024-05-09-14-00-00", "alternatives": [28, 28, 28]}, {"date": "2024-05-09-14-00-00", "alternatives": [28, 28, 28]}, {"date": "2024-05-09-14-00-00", "alternatives": [28, 28, 28]}, {"date": "2024-05-09-14-00-00", "alternatives": [28, 28, 28]}, {"date": "2024-05-09-14-00-00", "alternatives": [28, 28, 28]}, {"date": "2024-05-09-14-00-00", "alternatives": [28, 28, 28]}, {"date": "2024-05-09-14-00-00", "alternatives": [28, 28, 28]}]}, {"location": {"country_code": "us", "region": "West Virginia"}, "game_id": "762836", "values": [{"date": "2024-05-09-05-00-00", "alternatives": ["42", "4", "42"]}, {"date": "2024-05-09-05-00-00", "alternatives": ["42", "4", "42"]}, {"date": "2024-05-09-05-00-00", "alternatives": ["42", "4", "42"]}]}, {"location": {"country_code": "us", "region": "Maryland"}, "game_id": "762836", "values": [{"date": "2024-05-09-08-00-00", "alternatives": ["70577982", "57", "57"]}]}, {"location": {"country_code": "us", "region": "California", "city": "San Jose"}, "game_id": "762836", "values": [{"date": "2024-05-09-07-00-00", "alternatives": ["83", "83", "3"]}, {"date": "2024-05-09-07-00-00", "alternatives": ["83", "83", "3"]}, {"date": "2024-05-09-07-00-00", "alternatives": ["83", "83", "3"]}]}, {"location": {"country_code": "hr"}, "game_id": "762836", "values": [{"date": "2024-05-10-00-00-00", "alternatives": ["17", "11", "11"]}]}, {"location": {"country_code": "pe", "region": "Lima region", "city": "Lima"}, "game_id": "762836", "values": [{"date": "2024-05-09-06-00-00", "alternatives": ["71", "71", "11"]}, {"date": "2024-05-09-06-00-00", "alternatives": ["71", "71", "11"]}]}, {"location": {"country_code": "pt", "region": "Lisbon District", "city": "Amadora"}, "game_id": "762836", "values": [{"date": "2024-05-09-02-00-00", "alternatives": [65, 6, 6, 6]}]}, {"location": {"country_code": "fr", "region": "Borgogna-Franca Contea", "city": "Belfort"}, "game_id": "762836", "values": [{"date": "2024-05-09-11-00-00", "alternatives": ["45", "4", "4"]}, {"date": "2024-05-09-11-00-00", "alternatives": ["45", "4", "4"]}, {"date": "2024-05-09-11-00-00", "alternatives": ["45", "4", "4"]}, {"date": "2024-05-09-11-00-00", "alternatives": ["45", "4", "4"]}, {"date": "2024-05-09-11-00-00", "alternatives": ["45", "4", "4"]}, {"date": "2024-05-09-11-00-00", "alternatives": ["45", "4", "4"]}, {"date": "2024-05-09-11-00-00", "alternatives": ["45", "4", "4"]}, {"date": "2024-05-09-11-00-00", "alternatives": ["45", "4", "4"]}, {"date": "2024-05-09-11-00-00", "alternatives": ["45", "4", "4"]}]}, {"location": {"country_code": "us", "region": "Connecticut"}, "game_id": "762836", "values": [{"date": "2024-05-09-06-00-00", "alternatives": [2, 2, 2]}]}, {"location": {"country_code": "us", "region": "Washington", "city": "Seattle"}, "game_id": "762836", "values": [{"date": "2024-05-09-05-00-00", "alternatives": [39, 38, 39, 39]}, {"date": "2024-05-09-05-00-00", "alternatives": [39, 38, 39, 39]}, {"date": "2024-05-09-05-00-00", "alternatives": [39, 38, 39, 39]}, {"date": "2024-05-09-05-00-00", "alternatives": [39, 38, 39, 39]}]}, {"location": {"country_code": "es", "region": "Andalusia"}, "game_id": "762836", "values": [{"date": "2024-05-09-22-00-00", "alternatives": [46, 486, 46, 46]}, {"date": "2024-05-09-22-00-00", "alternatives": [46, 486, 46, 46]}]}, {"location": {"country_code": "it", "region": "Piedmont", "city": "Turin"}, "game_id": "762836", "values": [{"date": "2024-05-09-13-00-00", "alternatives": ["21", "2", "2"]}, {"date": "2024-05-09-13-00-00", "alternatives": ["21", "2", "2"]}]}, {"location": {"country_code": "us", "region": "Louisiana"}, "game_id": "762836", "values": [{"date": "2024-05-09-06-00-00", "alternatives": [56, 58, 56, 56]}]}, {"location": {"country_code": "ca", "region": "Ontario", "city": "Belleville"}, "game_id": "762836", "values": [{"date": "2024-05-09-08-00-00", "alternatives": [40, 40, 40]}]}, {"location": {"country_code": "us", "region": "California", "city": "Chico"}, "game_id": "762836", "values": [{"date": "2024-05-09-05-00-00", "alternatives": [2, 2, 2]}, {"date": "2024-05-09-05-00-00", "alternatives": [2, 2, 2]}, {"date": "2024-05-09-05-00-00", "alternatives": [2, 2, 2]}, {"date": "2024-05-09-05-00-00", "alternatives": [2, 2, 2]}]}, {"location": {"country_code": "mg"}, "game_id": "762836", "values": [{"date": "2024-05-09-07-00-00", "alternatives": [21, 21, 21]}]}, {"location": {"country_code": "us", "region": "California", "city": "Anaheim"}, "game_id": "762836", "values": [{"date": "2024-05-09-10-00-00", "alternatives": [13, 13, 13]}, {"date": "2024-05-09-10-00-00", "alternatives": [13, 13, 13]}, {"date": "2024-05-09-10-00-00", "alternatives": [13, 13, 13]}, {"date": "2024-05-09-10-00-00", "alternatives": [13, 13, 13]}, {"date": "2024-05-09-10-00-00", "alternatives": [13, 13, 13]}]}, {"location": {"country_code": "gy"}, "game_id": "762836", "values": [{"date": "2024-05-09-04-00-00", "alternatives": [104, 104, 104]}, {"date": "2024-05-09-04-00-00", "alternatives": [104, 104, 104]}]}, {"location": {"country_code": "de", "region": "North Rhine-Westphalia", "city": "Hagen"}, "game_id": "762836", "values": [{"date": "2024-05-09-16-00-00", "alternatives": [13, 13, 13]}]}, {"location": {"country_code": "br", "region": "Sao Paulo", "city": "Hortolandia"}, "game_id": "762836", "values": [{"date": "2024-05-10-01-00-00", "alternatives": [16, 186, 16, 16]}, {"date": "2024-05-10-01-00-00", "alternatives": [16, 186, 16, 16]}, {"date": "2024-05-10-01-00-00", "alternatives": [16, 186, 16, 16]}]}, {"location": {"country_code": "gb", "region": "England", "city": "Westhoughton"}, "game_id": "762836", "values": [{"date": "2024-05-09-22-00-00", "alternatives": ["63", "83", "63"]}]}, {"location": {"country_code": "ph", "region": "National Capital Region", "city": "Makati"}, "game_id": "762836", "values": [{"date": "2024-05-09-10-00-00", "alternatives": [18, 18, 18]}, {"date": "2024-05-09-10-00-00", "alternatives": [18, 18, 18]}, {"date": "2024-05-09-10-00-00", "alternatives": [18, 18, 18]}]}, {"location": {"country_code": "br", "region": "Sao Paulo", "city": "Matao"}, "game_id": "762836", "values": [{"date": "2024-05-09-22-00-00", "alternatives": [10, 19, 19, 19]}, {"date": "2024-05-09-22-00-00", "alternatives": [10, 19, 19, 19]}]}, {"location": {"country_code": "us", "region": "Oregon", "city": "Tigard"}, "game_id": "762836", "values": [{"date": "2024-05-09-14-00-00", "alternatives": [28, 28, 28]}]}, {"location": {"country_code": "br", "region": "Santa Catarina", "city": "Laguna"}, "game_id": "762836", "values": [{"date": "2024-05-09-20-00-00", "alternatives": ["9", "9", "8"]}]}], "last_updated": 1719918536.414255}