{"data": [{"location": {"country_code": "nz"}, "game_id": "273486", "values": [{"date": "2022-12-28-11-00-00", "latency": 56}, {"date": "2022-12-28-11-00-00", "latency": 56}, {"date": "2022-12-28-11-00-00", "latency": 56}]}, {"location": {"country_code": "us"}, "game_id": "273486", "values": [{"date": "2022-12-28-03-00-00", "latency": 58}, {"date": "2022-12-28-03-00-00", "latency": 58}, {"date": "2022-12-28-03-00-00", "latency": 58}, {"date": "2022-12-28-03-00-00", "latency": 58}, {"date": "2022-12-28-03-00-00", "latency": 58}, {"date": "2022-12-28-03-00-00", "latency": 59}, {"date": "2022-12-28-21-00-00", "latency": 98}, {"date": "2022-12-28-21-00-00", "latency": 98}, {"date": "2022-12-28-21-00-00", "latency": 98}, {"date": "2022-12-28-20-00-00", "latency": 66}, {"date": "2022-12-28-20-00-00", "latency": 66}, {"date": "2022-12-28-06-00-00", "latency": 160}]}, {"location": {"country_code": "gb", "region": "Wales", "city": "Swansea"}, "game_id": "273486", "values": [{"date": "2022-12-29-00-00-00", "latency": 73}, {"date": "2022-12-29-00-00-00", "latency": 73}, {"date": "2022-12-29-00-00-00", "latency": 73}, {"date": "2022-12-29-00-00-00", "latency": 73}, {"date": "2022-12-29-00-00-00", "latency": 73}, {"date": "2022-12-29-00-00-00", "latency": 73}, {"date": "2022-12-29-00-00-00", "latency": 73}, {"date": "2022-12-29-00-00-00", "latency": 73}, {"date": "2022-12-29-00-00-00", "latency": 73}]}, {"location": {"country_code": "ca"}, "game_id": "273486", "values": [{"date": "2022-12-28-05-00-00", "latency": 74}, {"date": "2022-12-28-05-00-00", "latency": 74}, {"date": "2022-12-28-05-00-00", "latency": 74}]}, {"location": {"country_code": "us", "region": "South Carolina", "city": "Sumter"}, "game_id": "273486", "values": [{"date": "2022-12-28-22-00-00", "latency": 82}]}, {"location": {"country_code": "br", "region": "Parana", "city": "Araucaria"}, "game_id": "273486", "values": [{"date": "2022-12-28-02-00-00", "latency": 46}, {"date": "2022-12-28-02-00-00", "latency": 46}]}, {"location": {"country_code": "gb", "region": "England"}, "game_id": "273486", "values": [{"date": "2022-12-28-20-00-00", "latency": 54}, {"date": "2022-12-28-20-00-00", "latency": 54}]}, {"location": {"country_code": "us", "region": "Ohio"}, "game_id": "273486", "values": [{"date": "2022-12-28-08-00-00", "latency": 101}, {"date": "2022-12-28-08-00-00", "latency": 101}, {"date": "2022-12-28-08-00-00", "latency": 101}, {"date": "2022-12-28-08-00-00", "latency": 101}, {"date": "2022-12-28-08-00-00", "latency": 101}]}, {"location": {"country_code": "us", "region": "New Mexico", "city": "Albuquerque"}, "game_id": "273486", "values": [{"date": "2022-12-28-10-00-00", "latency": 66}]}, {"location": {"country_code": "au"}, "game_id": "273486", "values": [{"date": "2022-12-28-13-00-00", "latency": 35}, {"date": "2022-12-28-13-00-00", "latency": 35}]}, {"location": {"country_code": "sa"}, "game_id": "273486", "values": [{"date": "2022-12-28-20-00-00", "latency": 102}, {"date": "2022-12-28-20-00-00", "latency": 102}]}, {"location": {"country_code": "us", "region": "Texas", "city": "Houston"}, "game_id": "273486", "values": [{"date": "2022-12-28-05-00-00", "latency": 79}, {"date": "2022-12-28-05-00-00", "latency": 79}]}, {"location": {"country_code": "us", "region": "Illinois", "city": "Chicago"}, "game_id": "273486", "values": [{"date": "2022-12-28-10-00-00", "latency": 125}, {"date": "2022-12-28-10-00-00", "latency": 125}, {"date": "2022-12-28-10-00-00", "latency": 125}, {"date": "2022-12-28-10-00-00", "latency": 125}, {"date": "2022-12-28-10-00-00", "latency": 125}, {"date": "2022-12-28-10-00-00", "latency": 125}, {"date": "2022-12-28-10-00-00", "latency": 125}, {"date": "2022-12-28-10-00-00", "latency": 125}, {"date": "2022-12-28-10-00-00", "latency": 125}, {"date": "2022-12-28-10-00-00", "latency": 125}, {"date": "2022-12-28-10-00-00", "latency": 125}, {"date": "2022-12-28-10-00-00", "latency": 125}, {"date": "2022-12-28-10-00-00", "latency": 125}, {"date": "2022-12-28-10-00-00", "latency": 125}, {"date": "2022-12-28-10-00-00", "latency": 125}, {"date": "2022-12-28-10-00-00", "latency": 125}, {"date": "2022-12-28-10-00-00", "latency": 125}, {"date": "2022-12-28-10-00-00", "latency": 125}, {"date": "2022-12-28-10-00-00", "latency": 125}]}, {"location": {"country_code": "at"}, "game_id": "273486", "values": [{"date": "2022-12-29-00-00-00", "latency": 93}, {"date": "2022-12-29-00-00-00", "latency": 93}]}, {"location": {"country_code": "ua"}, "game_id": "273486", "values": [{"date": "2022-12-28-15-00-00", "latency": 66}, {"date": "2022-12-28-15-00-00", "latency": 66}, {"date": "2022-12-28-15-00-00", "latency": 66}, {"date": "2022-12-28-15-00-00", "latency": 66}, {"date": "2022-12-28-15-00-00", "latency": 66}, {"date": "2022-12-28-15-00-00", "latency": 66}, {"date": "2022-12-28-15-00-00", "latency": 66}, {"date": "2022-12-28-15-00-00", "latency": 66}]}, {"location": {"country_code": "gb", "region": "England", "city": "Brighton"}, "game_id": "273486", "values": [{"date": "2022-12-28-22-00-00", "latency": 156}]}, {"location": {"country_code": "us", "region": "New York", "city": "Auburn"}, "game_id": "273486", "values": [{"date": "2022-12-28-05-00-00", "latency": 50}, {"date": "2022-12-28-05-00-00", "latency": 50}, {"date": "2022-12-28-05-00-00", "latency": 50}, {"date": "2022-12-28-05-00-00", "latency": 50}]}, {"location": {"country_code": "us", "region": "Texas", "city": "Atascocita"}, "game_id": "273486", "values": [{"date": "2022-12-28-08-00-00", "latency": 49}, {"date": "2022-12-28-08-00-00", "latency": 49}, {"date": "2022-12-28-08-00-00", "latency": 49}, {"date": "2022-12-28-08-00-00", "latency": 49}, {"date": "2022-12-28-08-00-00", "latency": 49}, {"date": "2022-12-28-08-00-00", "latency": 49}, {"date": "2022-12-28-08-00-00", "latency": 49}, {"date": "2022-12-28-08-00-00", "latency": 49}]}], "last_updated": 1719927585.685155}