{"data": [{"location": {"country_code": "au"}, "game_id": "614266", "values": [{"date": "2024-06-06-09-00-00", "latency": 2}, {"date": "2024-06-06-09-00-00", "latency": 2}, {"date": "2024-06-06-09-00-00", "latency": 2}, {"date": "2024-06-06-09-00-00", "latency": 2}, {"date": "2024-06-06-09-00-00", "latency": 2}, {"date": "2024-06-06-09-00-00", "latency": 2}, {"date": "2024-06-06-09-00-00", "latency": 2}, {"date": "2024-06-06-09-00-00", "latency": 2}, {"date": "2024-06-06-09-00-00", "latency": 2}, {"date": "2024-06-06-09-00-00", "latency": 2}, {"date": "2024-06-06-09-00-00", "latency": 2}, {"date": "2024-06-06-09-00-00", "latency": 2}, {"date": "2024-06-06-09-00-00", "latency": 2}, {"date": "2024-06-06-09-00-00", "latency": 2}]}], "last_updated": 1719919365.996384}