{"data": [{"location": {"country_code": "cu"}, "game_id": "273486", "values": [{"date": "2022-10-28-09-00-00", "alternatives": ["30", "301", "30"]}]}, {"location": {"country_code": "us"}, "game_id": "273486", "values": [{"date": "2022-10-28-03-00-00", "alternatives": ["54", "53", "54"]}, {"date": "2022-10-28-03-00-00", "alternatives": ["54", "53", "54"]}, {"date": "2022-10-28-03-00-00", "alternatives": ["54", "53", "54"]}, {"date": "2022-10-28-03-00-00", "alternatives": ["54", "53", "54"]}, {"date": "2022-10-28-03-00-00", "alternatives": ["39", "39", "38"]}, {"date": "2022-10-28-03-00-00", "alternatives": ["39", "39", "38"]}, {"date": "2022-10-28-03-00-00", "alternatives": ["39", "39", "38"]}, {"date": "2022-10-28-22-00-00", "alternatives": ["32", "321", "32"]}, {"date": "2022-10-28-22-00-00", "alternatives": ["32", "321", "32"]}, {"date": "2022-10-28-22-00-00", "alternatives": ["32", "321", "32"]}, {"date": "2022-10-28-07-00-00", "alternatives": ["35", "35", "36"]}, {"date": "2022-10-28-07-00-00", "alternatives": ["35", "35", "36"]}, {"date": "2022-10-28-07-00-00", "alternatives": ["35", "35", "36"]}, {"date": "2022-10-28-07-00-00", "alternatives": ["35", "35", "36"]}, {"date": "2022-10-28-07-00-00", "alternatives": ["35", "35", "36"]}, {"date": "2022-10-28-07-00-00", "alternatives": ["35", "35", "36"]}, {"date": "2022-10-28-07-00-00", "alternatives": ["35", "35", "36"]}, {"date": "2022-10-28-07-00-00", "alternatives": ["35", "35", "36"]}, {"date": "2022-10-28-07-00-00", "alternatives": ["35", "35", "36"]}, {"date": "2022-10-28-07-00-00", "alternatives": ["35", "35", "36"]}, {"date": "2022-10-28-05-00-00", "alternatives": ["41", "6", "41"]}, {"date": "2022-10-28-05-00-00", "alternatives": ["41", "6", "41"]}, {"date": "2022-10-28-04-00-00", "alternatives": ["58", "58", "18"]}, {"date": "2022-10-28-04-00-00", "alternatives": [0, 50, 20, 50, 50]}, {"date": "2022-10-28-14-00-00", "alternatives": ["31", "3", "3"]}, {"date": "2022-10-28-14-00-00", "alternatives": ["31", "3", "3"]}, {"date": "2022-10-28-14-00-00", "alternatives": ["31", "3", "3"]}, {"date": "2022-10-28-14-00-00", "alternatives": ["31", "3", "3"]}, {"date": "2022-10-28-14-00-00", "alternatives": ["31", "3", "3"]}, {"date": "2022-10-28-14-00-00", "alternatives": ["31", "3", "3"]}, {"date": "2022-10-28-14-00-00", "alternatives": ["31", "3", "3"]}, {"date": "2022-10-28-14-00-00", "alternatives": ["31", "3", "3"]}, {"date": "2022-10-28-14-00-00", "alternatives": ["31", "3", "3"]}, {"date": "2022-10-28-14-00-00", "alternatives": ["31", "3", "3"]}, {"date": "2022-10-28-14-00-00", "alternatives": ["31", "3", "3"]}, {"date": "2022-10-28-10-00-00", "alternatives": ["38", "98", "38"]}, {"date": "2022-10-28-10-00-00", "alternatives": ["38", "98", "38"]}, {"date": "2022-10-28-10-00-00", "alternatives": ["38", "98", "38"]}, {"date": "2022-10-28-10-00-00", "alternatives": ["38", "98", "38"]}, {"date": "2022-10-28-03-00-00", "alternatives": [35, 95, 3, 35, 35]}, {"date": "2022-10-28-03-00-00", "alternatives": [35, 95, 3, 35, 35]}, {"date": "2022-10-28-03-00-00", "alternatives": [35, 95, 3, 35, 35]}, {"date": "2022-10-28-05-00-00", "alternatives": [8, 7, 78, 78, 78]}, {"date": "2022-10-28-05-00-00", "alternatives": [8, 7, 78, 78, 78]}]}, {"location": {"country_code": "sv"}, "game_id": "273486", "values": [{"date": "2022-10-29-01-00-00", "alternatives": ["39", "30", "30"]}]}, {"location": {"country_code": "us", "region": "Texas", "city": "Austin"}, "game_id": "273486", "values": [{"date": "2022-10-28-10-00-00", "alternatives": ["21", "215", "21"]}, {"date": "2022-10-28-10-00-00", "alternatives": ["21", "215", "21"]}, {"date": "2022-10-28-10-00-00", "alternatives": ["21", "215", "21"]}, {"date": "2022-10-28-10-00-00", "alternatives": ["21", "215", "21"]}, {"date": "2022-10-28-10-00-00", "alternatives": ["21", "215", "21"]}]}, {"location": {"country_code": "gb", "region": "Wales", "city": "Swansea"}, "game_id": "273486", "values": [{"date": "2022-10-28-23-00-00", "alternatives": ["29", "62", "29"]}, {"date": "2022-10-28-23-00-00", "alternatives": ["29", "62", "29"]}, {"date": "2022-10-28-23-00-00", "alternatives": ["29", "62", "29"]}, {"date": "2022-10-28-23-00-00", "alternatives": ["29", "62", "29"]}, {"date": "2022-10-28-23-00-00", "alternatives": ["29", "62", "29"]}, {"date": "2022-10-28-23-00-00", "alternatives": ["29", "62", "29"]}]}, {"location": {"country_code": "it"}, "game_id": "273486", "values": [{"date": "2022-10-28-17-00-00", "alternatives": [40, 486, 40, 40]}, {"date": "2022-10-28-17-00-00", "alternatives": [40, 486, 40, 40]}, {"date": "2022-10-28-17-00-00", "alternatives": [40, 486, 40, 40]}, {"date": "2022-10-28-17-00-00", "alternatives": [40, 486, 40, 40]}, {"date": "2022-10-29-00-00-00", "alternatives": ["31", "87", "31"]}, {"date": "2022-10-29-00-00-00", "alternatives": ["31", "87", "31"]}, {"date": "2022-10-29-00-00-00", "alternatives": ["31", "87", "31"]}, {"date": "2022-10-29-00-00-00", "alternatives": ["31", "87", "31"]}, {"date": "2022-10-29-00-00-00", "alternatives": ["31", "87", "31"]}]}, {"location": {"country_code": "ca"}, "game_id": "273486", "values": [{"date": "2022-10-28-08-00-00", "alternatives": ["82", "82", "32"]}, {"date": "2022-10-28-04-00-00", "alternatives": ["92", "92", "182"]}]}, {"location": {"country_code": "ca", "region": "Manitoba", "city": "Winnipeg"}, "game_id": "273486", "values": [{"date": "2022-10-28-05-00-00", "alternatives": ["39", "39", "33"]}]}, {"location": {"country_code": "de"}, "game_id": "273486", "values": [{"date": "2022-10-29-00-00-00", "alternatives": ["31", "311", "31"]}, {"date": "2022-10-29-00-00-00", "alternatives": ["31", "311", "31"]}]}, {"location": {"country_code": "us", "region": "Indiana"}, "game_id": "273486", "values": [{"date": "2022-10-28-14-00-00", "alternatives": ["10", "18", "18"]}, {"date": "2022-10-28-14-00-00", "alternatives": ["10", "18", "18"]}, {"date": "2022-10-28-14-00-00", "alternatives": ["10", "18", "18"]}, {"date": "2022-10-28-14-00-00", "alternatives": ["10", "18", "18"]}, {"date": "2022-10-28-14-00-00", "alternatives": ["10", "18", "18"]}, {"date": "2022-10-28-14-00-00", "alternatives": ["10", "18", "18"]}, {"date": "2022-10-28-14-00-00", "alternatives": ["10", "18", "18"]}, {"date": "2022-10-28-14-00-00", "alternatives": ["10", "18", "18"]}, {"date": "2022-10-28-14-00-00", "alternatives": ["10", "18", "18"]}, {"date": "2022-10-28-14-00-00", "alternatives": ["10", "18", "18"]}, {"date": "2022-10-28-14-00-00", "alternatives": ["10", "18", "18"]}, {"date": "2022-10-28-14-00-00", "alternatives": ["10", "18", "18"]}, {"date": "2022-10-28-14-00-00", "alternatives": ["10", "18", "18"]}, {"date": "2022-10-28-14-00-00", "alternatives": ["10", "18", "18"]}, {"date": "2022-10-28-14-00-00", "alternatives": ["10", "18", "18"]}]}, {"location": {"country_code": "gb", "region": "England"}, "game_id": "273486", "values": [{"date": "2022-10-29-00-00-00", "alternatives": ["7", "31", "31"]}, {"date": "2022-10-29-00-00-00", "alternatives": ["7", "31", "31"]}, {"date": "2022-10-29-00-00-00", "alternatives": ["7", "31", "31"]}, {"date": "2022-10-28-10-00-00", "alternatives": ["6", "23", "23"]}, {"date": "2022-10-28-10-00-00", "alternatives": ["6", "23", "23"]}]}, {"location": {"country_code": "us", "region": "Texas"}, "game_id": "273486", "values": [{"date": "2022-10-28-05-00-00", "alternatives": ["1", "35", "35"]}]}, {"location": {"country_code": "us", "region": "Florida"}, "game_id": "273486", "values": [{"date": "2022-10-28-08-00-00", "alternatives": ["32", "321", "32"]}]}, {"location": {"country_code": "us", "region": "New Jersey"}, "game_id": "273486", "values": [{"date": "2022-10-28-05-00-00", "alternatives": ["7", "47", "7"]}, {"date": "2022-10-28-05-00-00", "alternatives": ["7", "47", "7"]}, {"date": "2022-10-28-05-00-00", "alternatives": ["7", "47", "7"]}, {"date": "2022-10-28-05-00-00", "alternatives": ["7", "47", "7"]}, {"date": "2022-10-28-05-00-00", "alternatives": ["7", "47", "7"]}]}, {"location": {"country_code": "mx"}, "game_id": "273486", "values": [{"date": "2022-10-29-00-00-00", "alternatives": [70, 7, 7, 7]}, {"date": "2022-10-29-00-00-00", "alternatives": [70, 7, 7, 7]}, {"date": "2022-10-29-00-00-00", "alternatives": [70, 7, 7, 7]}, {"date": "2022-10-29-00-00-00", "alternatives": [70, 7, 7, 7]}, {"date": "2022-10-29-00-00-00", "alternatives": [70, 7, 7, 7]}, {"date": "2022-10-29-00-00-00", "alternatives": [70, 7, 7, 7]}]}, {"location": {"country_code": "us", "region": "Ohio"}, "game_id": "273486", "values": [{"date": "2022-10-28-02-00-00", "alternatives": ["39", "39", "139"]}, {"date": "2022-10-28-02-00-00", "alternatives": ["39", "39", "139"]}, {"date": "2022-10-28-05-00-00", "alternatives": ["76", "58", "58"]}, {"date": "2022-10-28-05-00-00", "alternatives": ["76", "58", "58"]}, {"date": "2022-10-28-05-00-00", "alternatives": ["76", "58", "58"]}]}, {"location": {"country_code": "us", "region": "California"}, "game_id": "273486", "values": [{"date": "2022-10-28-04-00-00", "alternatives": ["106", "106", "1056"]}, {"date": "2022-10-28-06-00-00", "alternatives": ["39", "89", "39"]}, {"date": "2022-10-28-06-00-00", "alternatives": ["39", "89", "39"]}]}, {"location": {"country_code": "au"}, "game_id": "273486", "values": [{"date": "2022-10-28-12-00-00", "alternatives": [11, 117, 117, 117]}, {"date": "2022-10-28-12-00-00", "alternatives": [11, 117, 117, 117]}, {"date": "2022-10-28-12-00-00", "alternatives": [11, 117, 117, 117]}, {"date": "2022-10-28-12-00-00", "alternatives": [11, 117, 117, 117]}]}, {"location": {"country_code": "us", "region": "Iowa"}, "game_id": "273486", "values": [{"date": "2022-10-28-11-00-00", "alternatives": ["67", "7", "7"]}, {"date": "2022-10-28-11-00-00", "alternatives": ["67", "7", "7"]}, {"date": "2022-10-28-11-00-00", "alternatives": ["67", "7", "7"]}, {"date": "2022-10-28-11-00-00", "alternatives": ["67", "7", "7"]}, {"date": "2022-10-28-11-00-00", "alternatives": ["67", "7", "7"]}, {"date": "2022-10-28-11-00-00", "alternatives": ["67", "7", "7"]}, {"date": "2022-10-28-11-00-00", "alternatives": ["67", "7", "7"]}, {"date": "2022-10-28-11-00-00", "alternatives": ["67", "7", "7"]}, {"date": "2022-10-28-11-00-00", "alternatives": ["67", "7", "7"]}, {"date": "2022-10-28-11-00-00", "alternatives": ["67", "7", "7"]}, {"date": "2022-10-28-11-00-00", "alternatives": ["67", "7", "7"]}, {"date": "2022-10-28-11-00-00", "alternatives": ["67", "7", "7"]}, {"date": "2022-10-28-11-00-00", "alternatives": ["67", "7", "7"]}, {"date": "2022-10-28-11-00-00", "alternatives": ["67", "7", "7"]}, {"date": "2022-10-28-11-00-00", "alternatives": ["67", "7", "7"]}, {"date": "2022-10-28-11-00-00", "alternatives": ["67", "7", "7"]}, {"date": "2022-10-28-11-00-00", "alternatives": ["67", "7", "7"]}]}, {"location": {"country_code": "us", "region": "Pennsylvania", "city": "Philadelphia"}, "game_id": "273486", "values": [{"date": "2022-10-28-07-00-00", "alternatives": [109, 60, 108, 109, 109]}, {"date": "2022-10-28-07-00-00", "alternatives": [109, 60, 108, 109, 109]}, {"date": "2022-10-28-07-00-00", "alternatives": [109, 60, 108, 109, 109]}, {"date": "2022-10-28-07-00-00", "alternatives": [109, 60, 108, 109, 109]}, {"date": "2022-10-28-07-00-00", "alternatives": [109, 60, 108, 109, 109]}, {"date": "2022-10-28-07-00-00", "alternatives": [109, 60, 108, 109, 109]}, {"date": "2022-10-28-07-00-00", "alternatives": [109, 60, 108, 109, 109]}]}, {"location": {"country_code": "es"}, "game_id": "273486", "values": [{"date": "2022-10-28-21-00-00", "alternatives": ["59", "65", "59"]}]}, {"location": {"country_code": "sa"}, "game_id": "273486", "values": [{"date": "2022-10-29-01-00-00", "alternatives": ["10", "105", "10"]}, {"date": "2022-10-29-01-00-00", "alternatives": ["10", "105", "10"]}, {"date": "2022-10-28-08-00-00", "alternatives": ["22", "21", "22"]}, {"date": "2022-10-28-20-00-00", "alternatives": ["109", "60", "109"]}, {"date": "2022-10-28-02-00-00", "alternatives": ["90", "06", "90"]}, {"date": "2022-10-28-02-00-00", "alternatives": ["90", "06", "90"]}, {"date": "2022-10-28-04-00-00", "alternatives": ["86", "86", "56"]}, {"date": "2022-10-28-04-00-00", "alternatives": ["86", "86", "56"]}, {"date": "2022-10-28-04-00-00", "alternatives": ["86", "86", "56"]}, {"date": "2022-10-28-04-00-00", "alternatives": ["86", "86", "56"]}, {"date": "2022-10-28-04-00-00", "alternatives": [86, 6, 8, 86, 86]}, {"date": "2022-10-28-04-00-00", "alternatives": [86, 6, 8, 86, 86]}, {"date": "2022-10-29-01-00-00", "alternatives": ["105", "105", "1050"]}, {"date": "2022-10-28-03-00-00", "alternatives": ["19", "6", "19"]}]}, {"location": {"country_code": "fi"}, "game_id": "273486", "values": [{"date": "2022-10-28-22-00-00", "alternatives": ["52", "50", "50"]}]}, {"location": {"country_code": "co"}, "game_id": "273486", "values": [{"date": "2022-10-28-02-00-00", "alternatives": ["0", "5", "0"]}]}, {"location": {"country_code": "gb", "region": "England", "city": "London"}, "game_id": "273486", "values": [{"date": "2022-10-28-22-00-00", "alternatives": [15, 35, 25, 15, 15]}]}, {"location": {"country_code": "us", "region": "Wisconsin"}, "game_id": "273486", "values": [{"date": "2022-10-28-02-00-00", "alternatives": ["54", "9", "54"]}, {"date": "2022-10-28-05-00-00", "alternatives": ["39", "29", "29"]}, {"date": "2022-10-28-05-00-00", "alternatives": ["39", "29", "29"]}, {"date": "2022-10-28-05-00-00", "alternatives": ["39", "29", "29"]}]}, {"location": {"country_code": "br", "region": "State of Rio de Janeiro", "city": "Angra dos Reis"}, "game_id": "273486", "values": [{"date": "2022-10-28-07-00-00", "alternatives": ["161", "1", "1"]}, {"date": "2022-10-28-07-00-00", "alternatives": ["161", "1", "1"]}, {"date": "2022-10-28-07-00-00", "alternatives": ["161", "1", "1"]}, {"date": "2022-10-28-07-00-00", "alternatives": ["161", "1", "1"]}, {"date": "2022-10-28-07-00-00", "alternatives": ["161", "1", "1"]}, {"date": "2022-10-28-07-00-00", "alternatives": ["161", "1", "1"]}, {"date": "2022-10-28-07-00-00", "alternatives": ["161", "1", "1"]}, {"date": "2022-10-28-07-00-00", "alternatives": ["161", "1", "1"]}, {"date": "2022-10-28-07-00-00", "alternatives": ["161", "1", "1"]}, {"date": "2022-10-28-07-00-00", "alternatives": ["161", "1", "1"]}, {"date": "2022-10-28-07-00-00", "alternatives": ["161", "1", "1"]}, {"date": "2022-10-28-07-00-00", "alternatives": ["161", "1", "1"]}, {"date": "2022-10-28-07-00-00", "alternatives": ["161", "1", "1"]}, {"date": "2022-10-28-07-00-00", "alternatives": ["161", "1", "1"]}, {"date": "2022-10-28-07-00-00", "alternatives": ["161", "1", "1"]}, {"date": "2022-10-28-07-00-00", "alternatives": ["161", "1", "1"]}, {"date": "2022-10-28-07-00-00", "alternatives": ["161", "1", "1"]}, {"date": "2022-10-28-07-00-00", "alternatives": ["161", "1", "1"]}, {"date": "2022-10-28-07-00-00", "alternatives": ["161", "1", "1"]}, {"date": "2022-10-28-07-00-00", "alternatives": ["161", "1", "1"]}, {"date": "2022-10-28-07-00-00", "alternatives": ["161", "1", "1"]}]}, {"location": {"country_code": "us", "region": "Minnesota"}, "game_id": "273486", "values": [{"date": "2022-10-28-22-00-00", "alternatives": ["62", "2", "2"]}, {"date": "2022-10-28-22-00-00", "alternatives": ["62", "2", "2"]}]}, {"location": {"country_code": "us", "region": "South Dakota"}, "game_id": "273486", "values": [{"date": "2022-10-29-02-00-00", "alternatives": ["46", "46", "465"]}, {"date": "2022-10-29-02-00-00", "alternatives": ["46", "46", "465"]}]}, {"location": {"country_code": "us", "region": "New York", "city": "Long Island"}, "game_id": "273486", "values": [{"date": "2022-10-28-14-00-00", "alternatives": ["38", "38", "39"]}, {"date": "2022-10-28-14-00-00", "alternatives": ["38", "38", "39"]}, {"date": "2022-10-28-14-00-00", "alternatives": ["38", "38", "39"]}, {"date": "2022-10-28-14-00-00", "alternatives": ["38", "38", "39"]}, {"date": "2022-10-28-14-00-00", "alternatives": ["38", "38", "39"]}, {"date": "2022-10-28-14-00-00", "alternatives": ["38", "38", "39"]}, {"date": "2022-10-28-14-00-00", "alternatives": ["38", "38", "39"]}, {"date": "2022-10-28-14-00-00", "alternatives": ["38", "38", "39"]}, {"date": "2022-10-28-14-00-00", "alternatives": ["38", "38", "39"]}, {"date": "2022-10-28-14-00-00", "alternatives": ["38", "38", "39"]}]}, {"location": {"country_code": "gb", "region": "Wales"}, "game_id": "273486", "values": [{"date": "2022-10-28-02-00-00", "alternatives": ["0", "50", "0"]}, {"date": "2022-10-28-02-00-00", "alternatives": ["0", "50", "0"]}]}, {"location": {"country_code": "sa", "region": "Riyadh Region", "city": "Wadi Ad Dawasir"}, "game_id": "273486", "values": [{"date": "2022-10-28-02-00-00", "alternatives": ["90", "06", "90"]}]}, {"location": {"country_code": "us", "region": "North Dakota"}, "game_id": "273486", "values": [{"date": "2022-10-28-08-00-00", "alternatives": ["66", "6", "6"]}, {"date": "2022-10-28-08-00-00", "alternatives": ["66", "6", "6"]}, {"date": "2022-10-28-08-00-00", "alternatives": ["66", "6", "6"]}, {"date": "2022-10-28-08-00-00", "alternatives": ["66", "6", "6"]}]}, {"location": {"country_code": "us", "region": "Nevada"}, "game_id": "273486", "values": [{"date": "2022-10-28-12-00-00", "alternatives": [65, 59, 65, 65]}, {"date": "2022-10-28-12-00-00", "alternatives": [65, 59, 65, 65]}, {"date": "2022-10-28-12-00-00", "alternatives": [65, 59, 65, 65]}, {"date": "2022-10-28-12-00-00", "alternatives": [65, 59, 65, 65]}, {"date": "2022-10-28-12-00-00", "alternatives": [65, 59, 65, 65]}, {"date": "2022-10-28-12-00-00", "alternatives": [65, 59, 65, 65]}]}, {"location": {"country_code": "sa", "region": "Mecca Region", "city": "Jeddah"}, "game_id": "273486", "values": [{"date": "2022-10-28-06-00-00", "alternatives": [56, 66, 0, 66, 66]}]}, {"location": {"country_code": "us", "region": "Delaware"}, "game_id": "273486", "values": [{"date": "2022-10-28-03-00-00", "alternatives": [25, 35, 2, 35, 35]}]}, {"location": {"country_code": "ar", "region": "Buenos Aires", "city": "Temperley"}, "game_id": "273486", "values": [{"date": "2022-10-29-01-00-00", "alternatives": ["187", "4187", "187"]}, {"date": "2022-10-29-01-00-00", "alternatives": ["187", "4187", "187"]}]}, {"location": {"country_code": "se", "region": "Vastra Gotaland County"}, "game_id": "273486", "values": [{"date": "2022-10-28-20-00-00", "alternatives": ["62", "52", "52"]}, {"date": "2022-10-28-20-00-00", "alternatives": ["62", "52", "52"]}, {"date": "2022-10-28-20-00-00", "alternatives": ["62", "52", "52"]}]}, {"location": {"country_code": "us", "region": "Washington", "city": "Long Beach"}, "game_id": "273486", "values": [{"date": "2022-10-28-05-00-00", "alternatives": [43, 42, 43, 43]}, {"date": "2022-10-28-05-00-00", "alternatives": [43, 42, 43, 43]}, {"date": "2022-10-28-05-00-00", "alternatives": [43, 42, 43, 43]}]}, {"location": {"country_code": "us", "region": "New York", "city": "Auburn"}, "game_id": "273486", "values": [{"date": "2022-10-28-05-00-00", "alternatives": ["39", "39", "33"]}, {"date": "2022-10-28-05-00-00", "alternatives": ["39", "39", "33"]}, {"date": "2022-10-28-05-00-00", "alternatives": ["39", "39", "33"]}]}, {"location": {"country_code": "us", "region": "Georgia", "city": "Marietta"}, "game_id": "273486", "values": [{"date": "2022-10-28-03-00-00", "alternatives": [66, 86, 6, 86, 86]}, {"date": "2022-10-28-03-00-00", "alternatives": [66, 86, 6, 86, 86]}, {"date": "2022-10-28-03-00-00", "alternatives": [66, 86, 6, 86, 86]}]}], "last_updated": 1719918481.822499}