{"data": [{"location": {"country_code": "us"}, "game_id": "135305", "values": [{"date": "2022-12-10-06-00-00", "alternatives": ["38", "38", "389"]}, {"date": "2022-12-10-06-00-00", "alternatives": ["38", "38", "389"]}, {"date": "2022-12-10-06-00-00", "alternatives": ["38", "38", "389"]}, {"date": "2022-12-10-06-00-00", "alternatives": ["38", "38", "389"]}, {"date": "2022-12-10-06-00-00", "alternatives": ["38", "38", "389"]}, {"date": "2022-12-10-06-00-00", "alternatives": ["38", "38", "389"]}, {"date": "2022-12-10-16-00-00", "alternatives": ["12", "12", "127"]}, {"date": "2022-12-10-06-00-00", "alternatives": ["6", "15", "15"]}, {"date": "2022-12-10-06-00-00", "alternatives": ["6", "15", "15"]}, {"date": "2022-12-10-06-00-00", "alternatives": ["6", "15", "15"]}, {"date": "2022-12-10-06-00-00", "alternatives": ["6", "15", "15"]}, {"date": "2022-12-10-18-00-00", "alternatives": ["9", "6", "9"]}, {"date": "2022-12-10-09-00-00", "alternatives": ["55", "55", "535"]}, {"date": "2022-12-10-09-00-00", "alternatives": ["55", "55", "535"]}, {"date": "2022-12-10-04-00-00", "alternatives": ["06", "06", "66"]}]}, {"location": {"country_code": "us", "region": "District of Columbia", "city": "Washington"}, "game_id": "135305", "values": [{"date": "2022-12-10-23-00-00", "alternatives": ["7", "7", "47"]}]}, {"location": {"country_code": "gb"}, "game_id": "135305", "values": [{"date": "2022-12-10-02-00-00", "alternatives": ["35", "85", "85"]}]}, {"location": {"country_code": "th"}, "game_id": "135305", "values": [{"date": "2022-12-10-10-00-00", "alternatives": ["709", "109", "109"]}, {"date": "2022-12-10-05-00-00", "alternatives": ["101", "11", "101"]}, {"date": "2022-12-10-13-00-00", "alternatives": ["23", "123", "23"]}, {"date": "2022-12-10-10-00-00", "alternatives": ["16", "16", "116"]}, {"date": "2022-12-10-16-00-00", "alternatives": ["100", "100", "1000"]}, {"date": "2022-12-10-16-00-00", "alternatives": ["100", "100", "1000"]}, {"date": "2022-12-10-22-00-00", "alternatives": [108, 108, 10, 10, 108]}]}, {"location": {"country_code": "pa"}, "game_id": "135305", "values": [{"date": "2022-12-11-00-00-00", "alternatives": ["90", "06", "90"]}]}, {"location": {"country_code": "cz"}, "game_id": "135305", "values": [{"date": "2022-12-10-14-00-00", "alternatives": ["4", "9", "9"]}]}, {"location": {"country_code": "it"}, "game_id": "135305", "values": [{"date": "2022-12-10-19-00-00", "alternatives": ["489", "48", "48"]}, {"date": "2022-12-10-19-00-00", "alternatives": ["489", "48", "48"]}, {"date": "2022-12-10-19-00-00", "alternatives": ["489", "48", "48"]}, {"date": "2022-12-10-20-00-00", "alternatives": ["13", "43", "43"]}, {"date": "2022-12-10-20-00-00", "alternatives": ["13", "43", "43"]}, {"date": "2022-12-10-20-00-00", "alternatives": ["13", "43", "43"]}, {"date": "2022-12-10-20-00-00", "alternatives": ["13", "43", "43"]}, {"date": "2022-12-10-20-00-00", "alternatives": ["13", "43", "43"]}, {"date": "2022-12-10-23-00-00", "alternatives": ["35", "85", "35"]}]}, {"location": {"country_code": "za"}, "game_id": "135305", "values": [{"date": "2022-12-10-17-00-00", "alternatives": ["18", "181", "18"]}, {"date": "2022-12-10-11-00-00", "alternatives": ["196", "96", "96"]}, {"date": "2022-12-10-11-00-00", "alternatives": ["196", "96", "96"]}, {"date": "2022-12-10-11-00-00", "alternatives": ["196", "96", "96"]}]}, {"location": {"country_code": "jp"}, "game_id": "135305", "values": [{"date": "2022-12-10-03-00-00", "alternatives": ["43", "48", "43"]}, {"date": "2022-12-10-15-00-00", "alternatives": ["6", "0", "6"]}, {"date": "2022-12-10-08-00-00", "alternatives": ["1", "28", "28"]}, {"date": "2022-12-10-08-00-00", "alternatives": ["1", "28", "28"]}, {"date": "2022-12-10-08-00-00", "alternatives": ["1", "28", "28"]}, {"date": "2022-12-10-08-00-00", "alternatives": ["1", "28", "28"]}, {"date": "2022-12-10-22-00-00", "alternatives": ["1", "1", "10"]}, {"date": "2022-12-10-13-00-00", "alternatives": ["4", "19", "19"]}, {"date": "2022-12-10-05-00-00", "alternatives": ["45", "4", "4"]}, {"date": "2022-12-10-18-00-00", "alternatives": ["5", "5", "3"]}, {"date": "2022-12-10-11-00-00", "alternatives": ["36", "30", "36"]}, {"date": "2022-12-10-13-00-00", "alternatives": ["4", "19", "19"]}, {"date": "2022-12-10-17-00-00", "alternatives": ["6", "6", "16"]}, {"date": "2022-12-10-17-00-00", "alternatives": ["6", "6", "16"]}, {"date": "2022-12-10-17-00-00", "alternatives": ["6", "6", "16"]}, {"date": "2022-12-10-11-00-00", "alternatives": ["165", "155", "165"]}, {"date": "2022-12-10-17-00-00", "alternatives": ["71", "73", "71"]}]}, {"location": {"country_code": "jp", "region": "Tokyo"}, "game_id": "135305", "values": [{"date": "2022-12-10-12-00-00", "alternatives": ["11", "17", "11"]}]}, {"location": {"country_code": "br"}, "game_id": "135305", "values": [{"date": "2022-12-10-09-00-00", "alternatives": ["15", "1", "1"]}, {"date": "2022-12-11-01-00-00", "alternatives": ["1285", "128", "128"]}, {"date": "2022-12-11-01-00-00", "alternatives": ["1285", "128", "128"]}, {"date": "2022-12-11-01-00-00", "alternatives": ["1285", "128", "128"]}, {"date": "2022-12-10-02-00-00", "alternatives": ["125", "123", "125"]}, {"date": "2022-12-11-01-00-00", "alternatives": ["4", "4", "114"]}, {"date": "2022-12-11-01-00-00", "alternatives": ["4", "4", "114"]}, {"date": "2022-12-10-17-00-00", "alternatives": ["13", "131", "13"]}, {"date": "2022-12-10-17-00-00", "alternatives": ["13", "131", "13"]}, {"date": "2022-12-10-17-00-00", "alternatives": ["13", "131", "13"]}, {"date": "2022-12-10-01-00-00", "alternatives": ["7", "7", "17"]}, {"date": "2022-12-10-11-00-00", "alternatives": ["0", "37", "37"]}, {"date": "2022-12-10-09-00-00", "alternatives": ["61", "6", "6"]}]}, {"location": {"country_code": "ca"}, "game_id": "135305", "values": [{"date": "2022-12-10-22-00-00", "alternatives": ["21", "2", "2"]}, {"date": "2022-12-10-22-00-00", "alternatives": ["21", "2", "2"]}, {"date": "2022-12-10-17-00-00", "alternatives": ["83", "88", "83"]}, {"date": "2022-12-11-01-00-00", "alternatives": ["32", "37", "32"]}, {"date": "2022-12-10-02-00-00", "alternatives": [35, 5, 35, 75, 35]}, {"date": "2022-12-10-02-00-00", "alternatives": [35, 5, 35, 75, 35]}]}, {"location": {"country_code": "ca", "region": "Ontario"}, "game_id": "135305", "values": [{"date": "2022-12-10-01-00-00", "alternatives": ["35", "99", "35"]}]}, {"location": {"country_code": "ch"}, "game_id": "135305", "values": [{"date": "2022-12-10-09-00-00", "alternatives": ["14", "10", "14"]}, {"date": "2022-12-10-09-00-00", "alternatives": ["14", "10", "14"]}, {"date": "2022-12-10-20-00-00", "alternatives": ["3", "3", "73"]}, {"date": "2022-12-10-20-00-00", "alternatives": ["3", "3", "73"]}]}, {"location": {"country_code": "de"}, "game_id": "135305", "values": [{"date": "2022-12-10-20-00-00", "alternatives": ["23", "33", "33"]}, {"date": "2022-12-10-20-00-00", "alternatives": ["23", "33", "33"]}, {"date": "2022-12-10-20-00-00", "alternatives": ["53", "63", "53"]}, {"date": "2022-12-10-23-00-00", "alternatives": ["19", "61", "19"]}, {"date": "2022-12-10-19-00-00", "alternatives": ["8", "8", "18"]}, {"date": "2022-12-10-14-00-00", "alternatives": ["21", "210", "21"]}, {"date": "2022-12-10-21-00-00", "alternatives": ["5", "5", "15"]}, {"date": "2022-12-10-14-00-00", "alternatives": ["80", "30", "30"]}, {"date": "2022-12-10-19-00-00", "alternatives": ["45", "45", "35"]}, {"date": "2022-12-10-22-00-00", "alternatives": ["39", "68", "39"]}, {"date": "2022-12-10-17-00-00", "alternatives": ["1", "18", "1"]}, {"date": "2022-12-10-20-00-00", "alternatives": ["12", "2", "2"]}]}, {"location": {"country_code": "tw"}, "game_id": "135305", "values": [{"date": "2022-12-10-09-00-00", "alternatives": ["61", "19", "61"]}, {"date": "2022-12-10-23-00-00", "alternatives": ["0", "142", "142"]}, {"date": "2022-12-10-23-00-00", "alternatives": ["0", "142", "142"]}, {"date": "2022-12-10-23-00-00", "alternatives": ["0", "142", "142"]}, {"date": "2022-12-10-14-00-00", "alternatives": ["69", "59", "69"]}, {"date": "2022-12-10-14-00-00", "alternatives": ["69", "59", "69"]}, {"date": "2022-12-10-17-00-00", "alternatives": ["52", "52", "532"]}, {"date": "2022-12-10-17-00-00", "alternatives": ["52", "52", "532"]}, {"date": "2022-12-10-14-00-00", "alternatives": ["56", "50", "56"]}, {"date": "2022-12-10-14-00-00", "alternatives": ["56", "50", "56"]}, {"date": "2022-12-10-14-00-00", "alternatives": ["54", "64", "54"]}, {"date": "2022-12-10-14-00-00", "alternatives": ["54", "64", "54"]}, {"date": "2022-12-10-14-00-00", "alternatives": ["54", "64", "54"]}, {"date": "2022-12-10-10-00-00", "alternatives": ["60", "68", "68"]}, {"date": "2022-12-10-10-00-00", "alternatives": ["60", "68", "68"]}, {"date": "2022-12-10-10-00-00", "alternatives": ["60", "68", "68"]}, {"date": "2022-12-10-15-00-00", "alternatives": ["56", "56", "66"]}, {"date": "2022-12-10-15-00-00", "alternatives": ["56", "56", "66"]}, {"date": "2022-12-10-05-00-00", "alternatives": ["46", "4", "4"]}, {"date": "2022-12-10-05-00-00", "alternatives": ["46", "4", "4"]}, {"date": "2022-12-10-05-00-00", "alternatives": ["46", "4", "4"]}]}, {"location": {"country_code": "gb", "region": "England"}, "game_id": "135305", "values": [{"date": "2022-12-10-07-00-00", "alternatives": ["57", "67", "67"]}, {"date": "2022-12-10-19-00-00", "alternatives": ["34", "34", "340"]}, {"date": "2022-12-10-22-00-00", "alternatives": ["28", "28", "928"]}]}, {"location": {"country_code": "cl"}, "game_id": "135305", "values": [{"date": "2022-12-10-19-00-00", "alternatives": ["298", "298", "2908"]}, {"date": "2022-12-10-19-00-00", "alternatives": ["298", "298", "2908"]}, {"date": "2022-12-10-20-00-00", "alternatives": ["999", "666", "999"]}]}, {"location": {"country_code": "es"}, "game_id": "135305", "values": [{"date": "2022-12-10-21-00-00", "alternatives": ["67", "6", "6"]}, {"date": "2022-12-10-23-00-00", "alternatives": ["18", "18", "48"]}, {"date": "2022-12-10-23-00-00", "alternatives": ["18", "18", "48"]}, {"date": "2022-12-10-23-00-00", "alternatives": ["18", "18", "48"]}, {"date": "2022-12-10-11-00-00", "alternatives": ["15", "45", "45"]}, {"date": "2022-12-11-00-00-00", "alternatives": ["99", "19", "19"]}, {"date": "2022-12-11-00-00-00", "alternatives": ["58", "58", "88"]}, {"date": "2022-12-10-12-00-00", "alternatives": ["49", "6", "49"]}, {"date": "2022-12-10-12-00-00", "alternatives": ["49", "6", "49"]}]}, {"location": {"country_code": "us", "region": "Texas"}, "game_id": "135305", "values": [{"date": "2022-12-10-15-00-00", "alternatives": ["8", "8", "48"]}, {"date": "2022-12-10-04-00-00", "alternatives": ["5", "57", "5"]}, {"date": "2022-12-10-04-00-00", "alternatives": ["5", "57", "5"]}, {"date": "2022-12-10-04-00-00", "alternatives": ["5", "57", "5"]}]}, {"location": {"country_code": "au", "region": "New South Wales", "city": "Sydney"}, "game_id": "135305", "values": [{"date": "2022-12-10-04-00-00", "alternatives": ["90", "6", "90"]}, {"date": "2022-12-10-04-00-00", "alternatives": ["90", "6", "90"]}, {"date": "2022-12-10-04-00-00", "alternatives": ["90", "6", "90"]}, {"date": "2022-12-10-04-00-00", "alternatives": ["90", "6", "90"]}]}, {"location": {"country_code": "us", "region": "Florida"}, "game_id": "135305", "values": [{"date": "2022-12-10-04-00-00", "alternatives": ["49", "48", "48"]}, {"date": "2022-12-10-15-00-00", "alternatives": ["96", "36", "36"]}]}, {"location": {"country_code": "ph"}, "game_id": "135305", "values": [{"date": "2022-12-10-13-00-00", "alternatives": ["26", "26", "20"]}, {"date": "2022-12-10-10-00-00", "alternatives": ["57", "67", "67"]}, {"date": "2022-12-10-10-00-00", "alternatives": ["60", "69", "69"]}, {"date": "2022-12-10-15-00-00", "alternatives": ["66", "66", "166"]}, {"date": "2022-12-10-15-00-00", "alternatives": ["66", "66", "166"]}, {"date": "2022-12-10-15-00-00", "alternatives": ["66", "66", "166"]}, {"date": "2022-12-10-15-00-00", "alternatives": ["66", "66", "166"]}, {"date": "2022-12-10-15-00-00", "alternatives": ["66", "66", "166"]}, {"date": "2022-12-10-15-00-00", "alternatives": ["66", "66", "166"]}, {"date": "2022-12-10-15-00-00", "alternatives": ["66", "66", "166"]}, {"date": "2022-12-10-15-00-00", "alternatives": ["66", "66", "166"]}, {"date": "2022-12-10-15-00-00", "alternatives": ["66", "66", "166"]}, {"date": "2022-12-10-15-00-00", "alternatives": ["66", "66", "166"]}, {"date": "2022-12-10-15-00-00", "alternatives": ["06", "06", "66"]}, {"date": "2022-12-10-19-00-00", "alternatives": ["55", "65", "65"]}, {"date": "2022-12-10-15-00-00", "alternatives": ["72", "12", "72"]}, {"date": "2022-12-10-15-00-00", "alternatives": ["90", "06", "90"]}, {"date": "2022-12-10-18-00-00", "alternatives": ["65", "65", "55"]}]}, {"location": {"country_code": "ph", "region": "Balangas", "city": "Taal"}, "game_id": "135305", "values": [{"date": "2022-12-10-17-00-00", "alternatives": ["169", "159", "159"]}, {"date": "2022-12-10-17-00-00", "alternatives": ["169", "159", "159"]}]}, {"location": {"country_code": "ph", "region": "Cordillera Administrative Region", "city": "Baguio"}, "game_id": "135305", "values": [{"date": "2022-12-10-11-00-00", "alternatives": ["109", "601", "109"]}]}, {"location": {"country_code": "fr"}, "game_id": "135305", "values": [{"date": "2022-12-10-15-00-00", "alternatives": ["16", "5", "5"]}, {"date": "2022-12-10-19-00-00", "alternatives": ["39", "68", "39"]}, {"date": "2022-12-10-12-00-00", "alternatives": ["30", "301", "30"]}, {"date": "2022-12-10-12-00-00", "alternatives": ["23", "201", "23"]}]}, {"location": {"country_code": "mx"}, "game_id": "135305", "values": [{"date": "2022-12-10-08-00-00", "alternatives": ["89", "89", "19"]}, {"date": "2022-12-10-08-00-00", "alternatives": ["89", "89", "19"]}, {"date": "2022-12-10-08-00-00", "alternatives": ["89", "89", "19"]}, {"date": "2022-12-10-08-00-00", "alternatives": ["14", "14", "74"]}, {"date": "2022-12-10-08-00-00", "alternatives": ["14", "14", "74"]}, {"date": "2022-12-10-07-00-00", "alternatives": ["99", "60", "99"]}, {"date": "2022-12-10-08-00-00", "alternatives": ["1", "67", "67"]}, {"date": "2022-12-10-08-00-00", "alternatives": ["1", "67", "67"]}, {"date": "2022-12-10-02-00-00", "alternatives": ["49", "6", "49"]}, {"date": "2022-12-10-01-00-00", "alternatives": ["12", "72", "72"]}]}, {"location": {"country_code": "mx", "region": "Mexico City"}, "game_id": "135305", "values": [{"date": "2022-12-10-05-00-00", "alternatives": ["4", "65", "65"]}]}, {"location": {"country_code": "in"}, "game_id": "135305", "values": [{"date": "2022-12-10-07-00-00", "alternatives": ["266", "266", "260"]}, {"date": "2022-12-10-07-00-00", "alternatives": ["266", "266", "260"]}, {"date": "2022-12-10-13-00-00", "alternatives": ["4", "100", "100"]}, {"date": "2022-12-10-13-00-00", "alternatives": ["4", "100", "100"]}, {"date": "2022-12-10-13-00-00", "alternatives": ["4", "100", "100"]}, {"date": "2022-12-10-07-00-00", "alternatives": ["8", "8", "148"]}, {"date": "2022-12-10-07-00-00", "alternatives": ["8", "8", "148"]}]}, {"location": {"country_code": "us", "region": "California"}, "game_id": "135305", "values": [{"date": "2022-12-10-08-00-00", "alternatives": ["7", "81", "81"]}, {"date": "2022-12-10-22-00-00", "alternatives": ["83", "3", "3"]}]}, {"location": {"country_code": "us", "region": "California", "city": "Cerritos"}, "game_id": "135305", "values": [{"date": "2022-12-10-02-00-00", "alternatives": ["90", "06", "90"]}]}, {"location": {"country_code": "br", "region": "Estado de Bahia", "city": "Malhada"}, "game_id": "135305", "values": [{"date": "2022-12-10-21-00-00", "alternatives": ["158", "158", "1598"]}, {"date": "2022-12-10-21-00-00", "alternatives": ["158", "158", "1598"]}, {"date": "2022-12-10-21-00-00", "alternatives": ["158", "158", "1598"]}]}, {"location": {"country_code": "br", "region": "Sao Paulo", "city": "Apiai"}, "game_id": "135305", "values": [{"date": "2022-12-10-22-00-00", "alternatives": ["475", "147", "147"]}, {"date": "2022-12-10-03-00-00", "alternatives": ["13", "43", "43"]}]}, {"location": {"country_code": "se"}, "game_id": "135305", "values": [{"date": "2022-12-10-02-00-00", "alternatives": ["9", "24", "24"]}, {"date": "2022-12-10-02-00-00", "alternatives": ["9", "24", "24"]}]}, {"location": {"country_code": "no"}, "game_id": "135305", "values": [{"date": "2022-12-10-21-00-00", "alternatives": ["25", "251", "25"]}]}, {"location": {"country_code": "us", "region": "California", "city": "East Los Angeles"}, "game_id": "135305", "values": [{"date": "2022-12-10-09-00-00", "alternatives": ["81", "8", "8"]}]}, {"location": {"country_code": "ec"}, "game_id": "135305", "values": [{"date": "2022-12-10-06-00-00", "alternatives": ["87", "7", "7"]}, {"date": "2022-12-10-09-00-00", "alternatives": ["0", "94", "94"]}, {"date": "2022-12-10-09-00-00", "alternatives": ["0", "94", "94"]}]}, {"location": {"country_code": "au"}, "game_id": "135305", "values": [{"date": "2022-12-10-14-00-00", "alternatives": ["244", "22", "244"]}, {"date": "2022-12-10-09-00-00", "alternatives": ["109", "60", "109"]}, {"date": "2022-12-10-09-00-00", "alternatives": ["109", "60", "109"]}, {"date": "2022-12-10-03-00-00", "alternatives": ["196", "961", "196"]}, {"date": "2022-12-10-08-00-00", "alternatives": ["182", "182", "12"]}, {"date": "2022-12-10-12-00-00", "alternatives": ["27", "207", "27"]}, {"date": "2022-12-10-12-00-00", "alternatives": ["27", "207", "27"]}]}, {"location": {"country_code": "au", "region": "Victoria", "city": "Melbourne"}, "game_id": "135305", "values": [{"date": "2022-12-10-07-00-00", "alternatives": ["251", "251", "291"]}]}, {"location": {"country_code": "td"}, "game_id": "135305", "values": [{"date": "2022-12-10-18-00-00", "alternatives": ["10", "60", "60"]}]}, {"location": {"country_code": "br", "region": "Goias", "city": "Catalao"}, "game_id": "135305", "values": [{"date": "2022-12-11-01-00-00", "alternatives": ["136", "130", "136"]}]}, {"location": {"country_code": "tr"}, "game_id": "135305", "values": [{"date": "2022-12-11-00-00-00", "alternatives": ["60", "09", "60"]}, {"date": "2022-12-10-22-00-00", "alternatives": ["62", "62", "52"]}, {"date": "2022-12-10-22-00-00", "alternatives": ["62", "62", "52"]}, {"date": "2022-12-10-02-00-00", "alternatives": ["15", "45", "45"]}, {"date": "2022-12-10-02-00-00", "alternatives": ["15", "45", "45"]}, {"date": "2022-12-10-14-00-00", "alternatives": ["13", "43", "43"]}, {"date": "2022-12-10-23-00-00", "alternatives": ["45", "45", "35"]}, {"date": "2022-12-11-00-00-00", "alternatives": ["4", "4", "14"]}, {"date": "2022-12-11-00-00-00", "alternatives": ["4", "4", "14"]}, {"date": "2022-12-11-00-00-00", "alternatives": ["4", "4", "14"]}, {"date": "2022-12-11-00-00-00", "alternatives": ["4", "4", "14"]}, {"date": "2022-12-11-00-00-00", "alternatives": ["4", "4", "14"]}]}, {"location": {"country_code": "kr"}, "game_id": "135305", "values": [{"date": "2022-12-10-09-00-00", "alternatives": ["15", "45", "45"]}, {"date": "2022-12-10-09-00-00", "alternatives": ["15", "45", "45"]}, {"date": "2022-12-10-09-00-00", "alternatives": ["15", "45", "45"]}]}, {"location": {"country_code": "sa"}, "game_id": "135305", "values": [{"date": "2022-12-10-15-00-00", "alternatives": ["90", "06", "90"]}, {"date": "2022-12-11-00-00-00", "alternatives": ["80", "28", "80"]}, {"date": "2022-12-10-11-00-00", "alternatives": ["93", "80", "93"]}]}, {"location": {"country_code": "ar"}, "game_id": "135305", "values": [{"date": "2022-12-10-03-00-00", "alternatives": ["17", "17", "174"]}, {"date": "2022-12-10-22-00-00", "alternatives": ["47", "47", "147"]}, {"date": "2022-12-10-22-00-00", "alternatives": ["47", "47", "147"]}, {"date": "2022-12-10-22-00-00", "alternatives": ["47", "47", "147"]}, {"date": "2022-12-10-22-00-00", "alternatives": ["47", "47", "147"]}, {"date": "2022-12-10-22-00-00", "alternatives": ["47", "47", "147"]}, {"date": "2022-12-10-22-00-00", "alternatives": ["47", "47", "147"]}]}, {"location": {"country_code": "bo"}, "game_id": "135305", "values": [{"date": "2022-12-10-04-00-00", "alternatives": ["98", "98", "198"]}]}, {"location": {"country_code": "vn"}, "game_id": "135305", "values": [{"date": "2022-12-10-07-00-00", "alternatives": ["93", "6", "93"]}, {"date": "2022-12-10-16-00-00", "alternatives": ["99", "66", "99"]}, {"date": "2022-12-10-16-00-00", "alternatives": ["99", "66", "99"]}, {"date": "2022-12-10-16-00-00", "alternatives": ["99", "66", "99"]}, {"date": "2022-12-10-15-00-00", "alternatives": ["74", "1", "74"]}]}, {"location": {"country_code": "bn"}, "game_id": "135305", "values": [{"date": "2022-12-10-19-00-00", "alternatives": ["93", "20", "93"]}, {"date": "2022-12-10-19-00-00", "alternatives": ["93", "20", "93"]}, {"date": "2022-12-10-19-00-00", "alternatives": ["93", "20", "93"]}, {"date": "2022-12-10-19-00-00", "alternatives": ["93", "20", "93"]}]}, {"location": {"country_code": "fi"}, "game_id": "135305", "values": [{"date": "2022-12-10-20-00-00", "alternatives": ["61", "6", "6"]}, {"date": "2022-12-10-20-00-00", "alternatives": ["61", "6", "6"]}, {"date": "2022-12-10-20-00-00", "alternatives": ["61", "6", "6"]}, {"date": "2022-12-10-20-00-00", "alternatives": ["61", "6", "6"]}]}, {"location": {"country_code": "de", "region": "Free and Hanseatic City of Hamburg", "city": "Hamburg"}, "game_id": "135305", "values": [{"date": "2022-12-10-15-00-00", "alternatives": ["9", "19", "9"]}]}, {"location": {"country_code": "ru", "region": "Moscow", "city": "Zelenograd"}, "game_id": "135305", "values": [{"date": "2022-12-10-21-00-00", "alternatives": ["18", "48", "48"]}]}, {"location": {"country_code": "us", "region": "Michigan"}, "game_id": "135305", "values": [{"date": "2022-12-10-06-00-00", "alternatives": ["39", "30", "39"]}]}, {"location": {"country_code": "it", "region": "Emilia-Romagna"}, "game_id": "135305", "values": [{"date": "2022-12-10-14-00-00", "alternatives": ["20", "20", "205"]}]}, {"location": {"country_code": "hu"}, "game_id": "135305", "values": [{"date": "2022-12-10-22-00-00", "alternatives": ["22", "22", "122"]}]}, {"location": {"country_code": "co"}, "game_id": "135305", "values": [{"date": "2022-12-10-05-00-00", "alternatives": ["13", "3", "3"]}, {"date": "2022-12-10-05-00-00", "alternatives": ["13", "3", "3"]}, {"date": "2022-12-10-07-00-00", "alternatives": [92, 92, 2, 92, 92]}, {"date": "2022-12-10-08-00-00", "alternatives": ["83", "3", "3"]}, {"date": "2022-12-10-08-00-00", "alternatives": ["83", "3", "3"]}]}, {"location": {"country_code": "co", "region": "Narino"}, "game_id": "135305", "values": [{"date": "2022-12-11-01-00-00", "alternatives": ["99", "66", "99"]}, {"date": "2022-12-11-01-00-00", "alternatives": ["99", "66", "99"]}, {"date": "2022-12-11-01-00-00", "alternatives": ["99", "66", "99"]}]}, {"location": {"country_code": "cn"}, "game_id": "135305", "values": [{"date": "2022-12-10-11-00-00", "alternatives": ["9", "9", "49"]}]}, {"location": {"country_code": "be"}, "game_id": "135305", "values": [{"date": "2022-12-10-22-00-00", "alternatives": ["99", "66", "99"]}, {"date": "2022-12-10-22-00-00", "alternatives": ["99", "66", "99"]}, {"date": "2022-12-10-22-00-00", "alternatives": ["99", "66", "99"]}, {"date": "2022-12-10-22-00-00", "alternatives": ["99", "66", "99"]}, {"date": "2022-12-10-22-00-00", "alternatives": ["99", "66", "99"]}]}, {"location": {"country_code": "br", "region": "Minas Gerais", "city": "Passos"}, "game_id": "135305", "values": [{"date": "2022-12-10-19-00-00", "alternatives": ["46", "46", "146"]}, {"date": "2022-12-10-19-00-00", "alternatives": ["46", "46", "146"]}, {"date": "2022-12-10-19-00-00", "alternatives": ["46", "46", "146"]}, {"date": "2022-12-10-19-00-00", "alternatives": ["46", "46", "146"]}, {"date": "2022-12-10-19-00-00", "alternatives": ["46", "46", "146"]}, {"date": "2022-12-10-19-00-00", "alternatives": ["46", "46", "146"]}, {"date": "2022-12-10-19-00-00", "alternatives": ["46", "46", "146"]}, {"date": "2022-12-10-19-00-00", "alternatives": ["46", "46", "146"]}, {"date": "2022-12-10-19-00-00", "alternatives": ["46", "46", "146"]}, {"date": "2022-12-10-19-00-00", "alternatives": ["46", "46", "146"]}, {"date": "2022-12-10-19-00-00", "alternatives": ["46", "46", "146"]}]}, {"location": {"country_code": "sg"}, "game_id": "135305", "values": [{"date": "2022-12-10-17-00-00", "alternatives": ["8", "88", "8"]}, {"date": "2022-12-10-23-00-00", "alternatives": ["165", "165", "155"]}, {"date": "2022-12-10-23-00-00", "alternatives": ["165", "165", "155"]}, {"date": "2022-12-10-23-00-00", "alternatives": ["165", "165", "155"]}, {"date": "2022-12-10-23-00-00", "alternatives": ["165", "165", "155"]}, {"date": "2022-12-10-23-00-00", "alternatives": ["165", "165", "155"]}, {"date": "2022-12-10-23-00-00", "alternatives": ["165", "165", "155"]}, {"date": "2022-12-10-23-00-00", "alternatives": ["165", "165", "155"]}, {"date": "2022-12-10-23-00-00", "alternatives": ["165", "165", "155"]}, {"date": "2022-12-10-23-00-00", "alternatives": ["165", "165", "155"]}, {"date": "2022-12-10-17-00-00", "alternatives": ["89", "68", "89"]}, {"date": "2022-12-10-17-00-00", "alternatives": ["89", "68", "89"]}, {"date": "2022-12-10-15-00-00", "alternatives": ["434", "43", "43"]}, {"date": "2022-12-10-10-00-00", "alternatives": ["83", "83", "33"]}]}, {"location": {"country_code": "tr", "region": "Marmara Bolgesi", "city": "Istanbul"}, "game_id": "135305", "values": [{"date": "2022-12-10-15-00-00", "alternatives": ["54", "64", "54"]}]}, {"location": {"country_code": "ca", "region": "Ontario", "city": "Toronto"}, "game_id": "135305", "values": [{"date": "2022-12-10-19-00-00", "alternatives": ["182", "132", "132"]}, {"date": "2022-12-10-19-00-00", "alternatives": ["182", "132", "132"]}, {"date": "2022-12-10-19-00-00", "alternatives": ["182", "132", "132"]}]}, {"location": {"country_code": "ru"}, "game_id": "135305", "values": [{"date": "2022-12-10-09-00-00", "alternatives": ["59", "69", "59"]}]}, {"location": {"country_code": "my"}, "game_id": "135305", "values": [{"date": "2022-12-10-16-00-00", "alternatives": ["815", "8", "8"]}, {"date": "2022-12-10-16-00-00", "alternatives": ["815", "8", "8"]}, {"date": "2022-12-10-16-00-00", "alternatives": ["815", "8", "8"]}, {"date": "2022-12-10-08-00-00", "alternatives": ["84", "34", "34"]}, {"date": "2022-12-10-10-00-00", "alternatives": ["85", "4", "85"]}, {"date": "2022-12-10-17-00-00", "alternatives": ["93", "80", "93"]}, {"date": "2022-12-10-10-00-00", "alternatives": ["90", "06", "90"]}, {"date": "2022-12-10-18-00-00", "alternatives": ["89", "68", "89"]}, {"date": "2022-12-10-18-00-00", "alternatives": ["89", "68", "89"]}, {"date": "2022-12-10-14-00-00", "alternatives": ["90", "06", "90"]}, {"date": "2022-12-10-14-00-00", "alternatives": ["90", "06", "90"]}, {"date": "2022-12-10-06-00-00", "alternatives": ["89", "68", "89"]}, {"date": "2022-12-10-05-00-00", "alternatives": ["8", "8", "4"]}, {"date": "2022-12-10-05-00-00", "alternatives": ["8", "8", "4"]}, {"date": "2022-12-10-05-00-00", "alternatives": ["8", "8", "4"]}, {"date": "2022-12-10-15-00-00", "alternatives": ["90", "06", "90"]}, {"date": "2022-12-10-15-00-00", "alternatives": ["90", "06", "90"]}, {"date": "2022-12-10-15-00-00", "alternatives": ["90", "06", "90"]}, {"date": "2022-12-10-21-00-00", "alternatives": ["85", "35", "85"]}, {"date": "2022-12-10-21-00-00", "alternatives": ["85", "35", "85"]}]}, {"location": {"country_code": "id"}, "game_id": "135305", "values": [{"date": "2022-12-10-16-00-00", "alternatives": ["99", "66", "99"]}, {"date": "2022-12-10-16-00-00", "alternatives": ["99", "66", "99"]}, {"date": "2022-12-10-16-00-00", "alternatives": ["99", "66", "99"]}, {"date": "2022-12-10-17-00-00", "alternatives": ["112", "102", "112"]}, {"date": "2022-12-10-17-00-00", "alternatives": ["61", "61", "161"]}, {"date": "2022-12-10-17-00-00", "alternatives": ["61", "61", "161"]}, {"date": "2022-12-10-16-00-00", "alternatives": ["234", "231", "234"]}, {"date": "2022-12-10-16-00-00", "alternatives": ["234", "231", "234"]}, {"date": "2022-12-10-16-00-00", "alternatives": ["234", "231", "234"]}, {"date": "2022-12-10-13-00-00", "alternatives": ["99", "66", "99"]}, {"date": "2022-12-10-13-00-00", "alternatives": ["99", "66", "99"]}, {"date": "2022-12-10-10-00-00", "alternatives": ["229", "229", "2290"]}, {"date": "2022-12-10-16-00-00", "alternatives": ["99", "66", "99"]}, {"date": "2022-12-10-09-00-00", "alternatives": ["209", "209", "200"]}]}, {"location": {"country_code": "au", "region": "Western Australia", "city": "Perth"}, "game_id": "135305", "values": [{"date": "2022-12-10-15-00-00", "alternatives": ["156", "156", "16"]}]}, {"location": {"country_code": "br", "region": "Rio Grande do Sul", "city": "Porto Alegre"}, "game_id": "135305", "values": [{"date": "2022-12-10-21-00-00", "alternatives": ["13", "13", "133"]}, {"date": "2022-12-10-21-00-00", "alternatives": ["13", "13", "133"]}, {"date": "2022-12-10-21-00-00", "alternatives": ["13", "13", "133"]}]}, {"location": {"country_code": "pt"}, "game_id": "135305", "values": [{"date": "2022-12-10-03-00-00", "alternatives": ["31", "3", "3"]}, {"date": "2022-12-10-01-00-00", "alternatives": ["66", "6", "6"]}]}, {"location": {"country_code": "br", "region": "State of Rio de Janeiro", "city": "Angra dos Reis"}, "game_id": "135305", "values": [{"date": "2022-12-11-00-00-00", "alternatives": ["11", "15", "15"]}]}, {"location": {"country_code": "cn", "region": "Hong Kong"}, "game_id": "135305", "values": [{"date": "2022-12-10-18-00-00", "alternatives": ["59", "69", "59"]}, {"date": "2022-12-10-18-00-00", "alternatives": ["59", "69", "59"]}, {"date": "2022-12-10-18-00-00", "alternatives": ["59", "69", "59"]}, {"date": "2022-12-10-18-00-00", "alternatives": ["59", "69", "59"]}]}, {"location": {"country_code": "fr", "region": "Ile-de-France Region", "city": "Paris"}, "game_id": "135305", "values": [{"date": "2022-12-10-15-00-00", "alternatives": ["2", "12", "2"]}, {"date": "2022-12-10-15-00-00", "alternatives": ["2", "12", "2"]}]}, {"location": {"country_code": "pk"}, "game_id": "135305", "values": [{"date": "2022-12-10-11-00-00", "alternatives": ["215", "216", "216"]}]}, {"location": {"country_code": "mx", "region": "Jalisco", "city": "Guadalajara"}, "game_id": "135305", "values": [{"date": "2022-12-10-07-00-00", "alternatives": ["59", "69", "69"]}]}, {"location": {"country_code": "at", "region": "Upper Austria"}, "game_id": "135305", "values": [{"date": "2022-12-10-23-00-00", "alternatives": ["14", "29", "29"]}, {"date": "2022-12-10-23-00-00", "alternatives": ["14", "29", "29"]}, {"date": "2022-12-10-23-00-00", "alternatives": ["14", "29", "29"]}, {"date": "2022-12-10-23-00-00", "alternatives": ["14", "29", "29"]}]}, {"location": {"country_code": "ca", "region": "Manitoba", "city": "Winnipeg"}, "game_id": "135305", "values": [{"date": "2022-12-10-10-00-00", "alternatives": ["77", "17", "77"]}, {"date": "2022-12-11-00-00-00", "alternatives": ["465", "46", "46"]}]}, {"location": {"country_code": "ca", "region": "British Columbia", "city": "Richmond"}, "game_id": "135305", "values": [{"date": "2022-12-10-12-00-00", "alternatives": ["94", "6", "94"]}, {"date": "2022-12-10-12-00-00", "alternatives": ["94", "6", "94"]}, {"date": "2022-12-10-06-00-00", "alternatives": ["77", "17", "77"]}]}, {"location": {"country_code": "br", "region": "Ceara", "city": "Itapipoca"}, "game_id": "135305", "values": [{"date": "2022-12-10-08-00-00", "alternatives": ["9", "9", "98"]}, {"date": "2022-12-10-08-00-00", "alternatives": ["9", "9", "98"]}]}, {"location": {"country_code": "fr", "region": "Alvernia-Rodano-Alpi", "city": "Lyon"}, "game_id": "135305", "values": [{"date": "2022-12-10-21-00-00", "alternatives": ["281", "28", "28"]}]}, {"location": {"country_code": "hn"}, "game_id": "135305", "values": [{"date": "2022-12-10-06-00-00", "alternatives": ["6", "70", "70"]}]}, {"location": {"country_code": "de", "region": "Baden-Wurttemberg"}, "game_id": "135305", "values": [{"date": "2022-12-10-21-00-00", "alternatives": ["9", "6", "9"]}]}, {"location": {"country_code": "th", "region": "Bangkok", "city": "Bangkok"}, "game_id": "135305", "values": [{"date": "2022-12-10-09-00-00", "alternatives": ["0", "109", "0"]}]}, {"location": {"country_code": "us", "region": "Oregon"}, "game_id": "135305", "values": [{"date": "2022-12-10-03-00-00", "alternatives": ["90", "06", "90"]}]}, {"location": {"country_code": "de", "region": "Bavaria", "city": "Munich"}, "game_id": "135305", "values": [{"date": "2022-12-10-14-00-00", "alternatives": ["19", "9", "9"]}]}, {"location": {"country_code": "bd"}, "game_id": "135305", "values": [{"date": "2022-12-10-10-00-00", "alternatives": ["16", "136", "136"]}]}, {"location": {"country_code": "de", "region": "Baden-Wurttemberg", "city": "Stuttgart"}, "game_id": "135305", "values": [{"date": "2022-12-11-00-00-00", "alternatives": ["18", "8", "8"]}, {"date": "2022-12-11-00-00-00", "alternatives": ["18", "8", "8"]}]}, {"location": {"country_code": "mx", "region": "Baja California"}, "game_id": "135305", "values": [{"date": "2022-12-10-02-00-00", "alternatives": ["0", "67", "67"]}]}, {"location": {"country_code": "fr", "region": "Aquitania-Limosino-Poitou-Charentes", "city": "Bordeaux"}, "game_id": "135305", "values": [{"date": "2022-12-10-20-00-00", "alternatives": ["29", "22", "22"]}]}, {"location": {"country_code": "lu"}, "game_id": "135305", "values": [{"date": "2022-12-11-00-00-00", "alternatives": ["5", "5", "54"]}]}, {"location": {"country_code": "za", "region": "Gauteng"}, "game_id": "135305", "values": [{"date": "2022-12-10-06-00-00", "alternatives": ["75", "75", "752"]}]}, {"location": {"country_code": "ma"}, "game_id": "135305", "values": [{"date": "2022-12-10-16-00-00", "alternatives": ["48", "9", "9"]}]}, {"location": {"country_code": "br", "region": "Ceara"}, "game_id": "135305", "values": [{"date": "2022-12-10-19-00-00", "alternatives": ["122", "122", "2210"]}, {"date": "2022-12-10-19-00-00", "alternatives": ["122", "122", "2210"]}]}, {"location": {"country_code": "br", "region": "Sao Paulo", "city": "Franca"}, "game_id": "135305", "values": [{"date": "2022-12-10-20-00-00", "alternatives": ["1701", "137", "137"]}]}, {"location": {"country_code": "id", "region": "North Sumatra", "city": "Medan"}, "game_id": "135305", "values": [{"date": "2022-12-10-17-00-00", "alternatives": ["124", "128", "128"]}, {"date": "2022-12-10-17-00-00", "alternatives": ["124", "128", "128"]}, {"date": "2022-12-10-17-00-00", "alternatives": ["124", "128", "128"]}]}, {"location": {"country_code": "es", "region": "Canary Islands", "city": "Telde"}, "game_id": "135305", "values": [{"date": "2022-12-10-18-00-00", "alternatives": ["59", "59", "50"]}]}, {"location": {"country_code": "us", "region": "Colorado", "city": "Thornton"}, "game_id": "135305", "values": [{"date": "2022-12-10-07-00-00", "alternatives": ["59", "5905", "59"]}]}], "last_updated": 1719918155.074705}