{"data": [{"location": {"country_code": "si"}, "game_id": "295590", "values": [{"date": "2022-10-05-18-00-00", "latency": 2}]}, {"location": {"country_code": "nz"}, "game_id": "295590", "values": [{"date": "2022-10-05-16-00-00", "latency": 26}, {"date": "2022-10-05-16-00-00", "latency": 26}, {"date": "2022-10-05-16-00-00", "latency": 26}, {"date": "2022-10-05-08-00-00", "latency": 4}]}, {"location": {"country_code": "us"}, "game_id": "295590", "values": [{"date": "2022-10-06-02-00-00", "latency": 0}, {"date": "2022-10-06-02-00-00", "latency": 0}, {"date": "2022-10-06-02-00-00", "latency": 0}, {"date": "2022-10-06-02-00-00", "latency": 0}, {"date": "2022-10-05-23-00-00", "latency": 6}, {"date": "2022-10-05-23-00-00", "latency": 6}, {"date": "2022-10-05-23-00-00", "latency": 6}, {"date": "2022-10-05-23-00-00", "latency": 6}, {"date": "2022-10-05-23-00-00", "latency": 6}, {"date": "2022-10-05-05-00-00", "latency": 6}, {"date": "2022-10-05-07-00-00", "latency": 2}, {"date": "2022-10-05-09-00-00", "latency": 0}, {"date": "2022-10-05-07-00-00", "latency": 4}, {"date": "2022-10-05-09-00-00", "latency": 5}, {"date": "2022-10-05-09-00-00", "latency": 5}, {"date": "2022-10-05-02-00-00", "latency": 1}]}, {"location": {"country_code": "us", "region": "New York", "city": "Jamestown"}, "game_id": "295590", "values": [{"date": "2022-10-05-21-00-00", "latency": 2}]}, {"location": {"country_code": "gb"}, "game_id": "295590", "values": [{"date": "2022-10-05-22-00-00", "latency": 3}, {"date": "2022-10-05-22-00-00", "latency": 3}, {"date": "2022-10-05-22-00-00", "latency": 3}, {"date": "2022-10-05-22-00-00", "latency": 3}, {"date": "2022-10-05-22-00-00", "latency": 3}, {"date": "2022-10-05-22-00-00", "latency": 3}, {"date": "2022-10-05-22-00-00", "latency": 3}, {"date": "2022-10-05-22-00-00", "latency": 3}, {"date": "2022-10-05-22-00-00", "latency": 3}, {"date": "2022-10-05-22-00-00", "latency": 3}, {"date": "2022-10-05-22-00-00", "latency": 3}]}, {"location": {"country_code": "gr"}, "game_id": "295590", "values": [{"date": "2022-10-06-00-00-00", "latency": 0}, {"date": "2022-10-06-00-00-00", "latency": 1}, {"date": "2022-10-06-00-00-00", "latency": 1}, {"date": "2022-10-06-00-00-00", "latency": 1}, {"date": "2022-10-05-23-00-00", "latency": 3}, {"date": "2022-10-05-23-00-00", "latency": 3}, {"date": "2022-10-05-23-00-00", "latency": 3}, {"date": "2022-10-05-23-00-00", "latency": 3}, {"date": "2022-10-05-23-00-00", "latency": 3}, {"date": "2022-10-05-23-00-00", "latency": 3}, {"date": "2022-10-05-23-00-00", "latency": 3}, {"date": "2022-10-05-23-00-00", "latency": 3}, {"date": "2022-10-05-23-00-00", "latency": 3}, {"date": "2022-10-05-23-00-00", "latency": 3}, {"date": "2022-10-05-05-00-00", "latency": 29}]}, {"location": {"country_code": "pa"}, "game_id": "295590", "values": [{"date": "2022-10-05-08-00-00", "latency": 1}, {"date": "2022-10-05-08-00-00", "latency": 1}, {"date": "2022-10-05-08-00-00", "latency": 1}]}, {"location": {"country_code": "it"}, "game_id": "295590", "values": [{"date": "2022-10-05-15-00-00", "latency": 7}]}, {"location": {"country_code": "ro"}, "game_id": "295590", "values": [{"date": "2022-10-05-22-00-00", "latency": 1}]}, {"location": {"country_code": "za"}, "game_id": "295590", "values": [{"date": "2022-10-06-01-00-00", "latency": 91}, {"date": "2022-10-06-01-00-00", "latency": 91}]}, {"location": {"country_code": "jp"}, "game_id": "295590", "values": [{"date": "2022-10-05-10-00-00", "latency": 18}, {"date": "2022-10-05-10-00-00", "latency": 18}, {"date": "2022-10-05-10-00-00", "latency": 18}, {"date": "2022-10-05-21-00-00", "latency": 4}, {"date": "2022-10-05-21-00-00", "latency": 4}, {"date": "2022-10-05-21-00-00", "latency": 4}, {"date": "2022-10-05-21-00-00", "latency": 4}, {"date": "2022-10-05-21-00-00", "latency": 4}, {"date": "2022-10-05-21-00-00", "latency": 4}, {"date": "2022-10-05-21-00-00", "latency": 4}, {"date": "2022-10-05-16-00-00", "latency": 30}, {"date": "2022-10-05-16-00-00", "latency": 30}, {"date": "2022-10-05-16-00-00", "latency": 30}, {"date": "2022-10-05-16-00-00", "latency": 30}, {"date": "2022-10-05-15-00-00", "latency": 0}, {"date": "2022-10-05-15-00-00", "latency": 0}, {"date": "2022-10-05-15-00-00", "latency": 0}, {"date": "2022-10-05-15-00-00", "latency": 0}, {"date": "2022-10-05-07-00-00", "latency": 0}]}, {"location": {"country_code": "ca"}, "game_id": "295590", "values": [{"date": "2022-10-05-09-00-00", "latency": 8}]}, {"location": {"country_code": "ca", "region": "British Columbia", "city": "Richmond"}, "game_id": "295590", "values": [{"date": "2022-10-05-07-00-00", "latency": 15}, {"date": "2022-10-05-07-00-00", "latency": 15}, {"date": "2022-10-05-07-00-00", "latency": 15}, {"date": "2022-10-05-07-00-00", "latency": 15}, {"date": "2022-10-05-07-00-00", "latency": 15}, {"date": "2022-10-06-01-00-00", "latency": 20}, {"date": "2022-10-06-01-00-00", "latency": 20}, {"date": "2022-10-06-01-00-00", "latency": 20}, {"date": "2022-10-06-01-00-00", "latency": 20}, {"date": "2022-10-06-01-00-00", "latency": 20}, {"date": "2022-10-06-01-00-00", "latency": 20}, {"date": "2022-10-06-01-00-00", "latency": 20}, {"date": "2022-10-06-01-00-00", "latency": 20}, {"date": "2022-10-06-01-00-00", "latency": 20}, {"date": "2022-10-06-01-00-00", "latency": 20}, {"date": "2022-10-06-01-00-00", "latency": 20}, {"date": "2022-10-06-01-00-00", "latency": 20}, {"date": "2022-10-06-01-00-00", "latency": 20}]}, {"location": {"country_code": "ch"}, "game_id": "295590", "values": [{"date": "2022-10-05-21-00-00", "latency": 17}, {"date": "2022-10-05-21-00-00", "latency": 17}, {"date": "2022-10-05-21-00-00", "latency": 17}, {"date": "2022-10-05-21-00-00", "latency": 17}, {"date": "2022-10-05-21-00-00", "latency": 17}, {"date": "2022-10-05-21-00-00", "latency": 17}]}, {"location": {"country_code": "de"}, "game_id": "295590", "values": [{"date": "2022-10-05-19-00-00", "latency": 7}, {"date": "2022-10-05-20-00-00", "latency": 0}, {"date": "2022-10-05-04-00-00", "latency": 1}, {"date": "2022-10-05-20-00-00", "latency": 17}, {"date": "2022-10-05-20-00-00", "latency": 17}, {"date": "2022-10-05-23-00-00", "latency": 16}, {"date": "2022-10-05-23-00-00", "latency": 16}, {"date": "2022-10-05-23-00-00", "latency": 16}, {"date": "2022-10-05-23-00-00", "latency": 16}]}, {"location": {"country_code": "tw"}, "game_id": "295590", "values": [{"date": "2022-10-05-18-00-00", "latency": 146}]}, {"location": {"country_code": "us", "region": "Indiana"}, "game_id": "295590", "values": [{"date": "2022-10-06-02-00-00", "latency": 29}]}, {"location": {"country_code": "gb", "region": "Scotland"}, "game_id": "295590", "values": [{"date": "2022-10-05-13-00-00", "latency": 3}]}, {"location": {"country_code": "us", "region": "Texas"}, "game_id": "295590", "values": [{"date": "2022-10-05-10-00-00", "latency": 15}, {"date": "2022-10-06-02-00-00", "latency": 6}, {"date": "2022-10-06-02-00-00", "latency": 6}]}, {"location": {"country_code": "au"}, "game_id": "295590", "values": [{"date": "2022-10-05-09-00-00", "latency": 2}, {"date": "2022-10-05-08-00-00", "latency": 5}, {"date": "2022-10-05-13-00-00", "latency": 0}, {"date": "2022-10-05-13-00-00", "latency": 0}, {"date": "2022-10-05-13-00-00", "latency": 0}, {"date": "2022-10-05-13-00-00", "latency": 0}, {"date": "2022-10-05-13-00-00", "latency": 0}, {"date": "2022-10-05-13-00-00", "latency": 0}]}, {"location": {"country_code": "us", "region": "Florida"}, "game_id": "295590", "values": [{"date": "2022-10-06-02-00-00", "latency": 7}, {"date": "2022-10-05-07-00-00", "latency": 0}]}, {"location": {"country_code": "ph"}, "game_id": "295590", "values": [{"date": "2022-10-05-18-00-00", "latency": 0}]}, {"location": {"country_code": "fr"}, "game_id": "295590", "values": [{"date": "2022-10-05-22-00-00", "latency": 33}, {"date": "2022-10-05-22-00-00", "latency": 33}, {"date": "2022-10-05-22-00-00", "latency": 33}, {"date": "2022-10-05-22-00-00", "latency": 33}, {"date": "2022-10-05-16-00-00", "latency": 45}, {"date": "2022-10-05-16-00-00", "latency": 45}, {"date": "2022-10-05-17-00-00", "latency": 5}, {"date": "2022-10-05-17-00-00", "latency": 5}, {"date": "2022-10-05-17-00-00", "latency": 5}, {"date": "2022-10-05-17-00-00", "latency": 5}, {"date": "2022-10-05-13-00-00", "latency": 2}, {"date": "2022-10-06-01-00-00", "latency": 1}, {"date": "2022-10-05-19-00-00", "latency": 8}, {"date": "2022-10-05-21-00-00", "latency": 6}, {"date": "2022-10-05-05-00-00", "latency": 1}, {"date": "2022-10-05-05-00-00", "latency": 1}]}, {"location": {"country_code": "br", "region": "Minas Gerais", "city": "Betim"}, "game_id": "295590", "values": [{"date": "2022-10-05-22-00-00", "latency": 3}]}, {"location": {"country_code": "mx"}, "game_id": "295590", "values": [{"date": "2022-10-05-04-00-00", "latency": 104}, {"date": "2022-10-05-04-00-00", "latency": 104}, {"date": "2022-10-05-07-00-00", "latency": 9}, {"date": "2022-10-05-07-00-00", "latency": 9}, {"date": "2022-10-05-07-00-00", "latency": 9}, {"date": "2022-10-06-02-00-00", "latency": 2}, {"date": "2022-10-06-02-00-00", "latency": 5}, {"date": "2022-10-05-09-00-00", "latency": 21}, {"date": "2022-10-05-09-00-00", "latency": 21}, {"date": "2022-10-05-09-00-00", "latency": 21}, {"date": "2022-10-05-09-00-00", "latency": 21}, {"date": "2022-10-05-08-00-00", "latency": 55}, {"date": "2022-10-05-05-00-00", "latency": 5}, {"date": "2022-10-05-08-00-00", "latency": 1}, {"date": "2022-10-05-08-00-00", "latency": 0}, {"date": "2022-10-05-07-00-00", "latency": 5}, {"date": "2022-10-05-07-00-00", "latency": 5}, {"date": "2022-10-05-07-00-00", "latency": 5}, {"date": "2022-10-05-04-00-00", "latency": 5}, {"date": "2022-10-05-03-00-00", "latency": 13}, {"date": "2022-10-05-06-00-00", "latency": 6}, {"date": "2022-10-05-09-00-00", "latency": 7}, {"date": "2022-10-05-07-00-00", "latency": 15}]}, {"location": {"country_code": "us", "region": "District of Columbia", "city": "Washington"}, "game_id": "295590", "values": [{"date": "2022-10-05-05-00-00", "latency": 2}]}, {"location": {"country_code": "mx", "region": "Mexico City"}, "game_id": "295590", "values": [{"date": "2022-10-06-02-00-00", "latency": 59}, {"date": "2022-10-05-05-00-00", "latency": 2}, {"date": "2022-10-05-05-00-00", "latency": 8}]}, {"location": {"country_code": "br"}, "game_id": "295590", "values": [{"date": "2022-10-05-17-00-00", "latency": 13}, {"date": "2022-10-05-22-00-00", "latency": 0}, {"date": "2022-10-06-02-00-00", "latency": 10}, {"date": "2022-10-05-08-00-00", "latency": 0}, {"date": "2022-10-05-08-00-00", "latency": 12}, {"date": "2022-10-05-04-00-00", "latency": 1}, {"date": "2022-10-05-04-00-00", "latency": 1}, {"date": "2022-10-05-06-00-00", "latency": 0}, {"date": "2022-10-05-23-00-00", "latency": 2}, {"date": "2022-10-06-00-00-00", "latency": 2}, {"date": "2022-10-05-05-00-00", "latency": 7}, {"date": "2022-10-06-01-00-00", "latency": 33}, {"date": "2022-10-05-06-00-00", "latency": 0}]}, {"location": {"country_code": "br", "region": "Sao Paulo", "city": "Apiai"}, "game_id": "295590", "values": [{"date": "2022-10-05-22-00-00", "latency": 0}, {"date": "2022-10-05-16-00-00", "latency": 0}]}, {"location": {"country_code": "se"}, "game_id": "295590", "values": [{"date": "2022-10-05-17-00-00", "latency": 2}]}, {"location": {"country_code": "us", "region": "California", "city": "East Los Angeles"}, "game_id": "295590", "values": [{"date": "2022-10-05-07-00-00", "latency": 6}, {"date": "2022-10-05-07-00-00", "latency": 6}, {"date": "2022-10-05-07-00-00", "latency": 6}, {"date": "2022-10-05-07-00-00", "latency": 38}, {"date": "2022-10-05-07-00-00", "latency": 38}, {"date": "2022-10-05-07-00-00", "latency": 38}]}, {"location": {"country_code": "us", "region": "North Carolina", "city": "Charlotte"}, "game_id": "295590", "values": [{"date": "2022-10-05-23-00-00", "latency": 160}, {"date": "2022-10-05-23-00-00", "latency": 160}, {"date": "2022-10-05-23-00-00", "latency": 160}]}, {"location": {"country_code": "ec"}, "game_id": "295590", "values": [{"date": "2022-10-05-18-00-00", "latency": 67}, {"date": "2022-10-05-06-00-00", "latency": 8}, {"date": "2022-10-05-06-00-00", "latency": 8}]}, {"location": {"country_code": "es", "region": "Catalonia", "city": "l'Hospitalet de Llobregat"}, "game_id": "295590", "values": [{"date": "2022-10-05-19-00-00", "latency": 22}]}, {"location": {"country_code": "tr"}, "game_id": "295590", "values": [{"date": "2022-10-05-23-00-00", "latency": 2}, {"date": "2022-10-05-23-00-00", "latency": 2}, {"date": "2022-10-05-15-00-00", "latency": 7}, {"date": "2022-10-05-15-00-00", "latency": 7}, {"date": "2022-10-05-16-00-00", "latency": 2}]}, {"location": {"country_code": "tr", "region": "Ege Bolgesi", "city": "Izmir"}, "game_id": "295590", "values": [{"date": "2022-10-06-00-00-00", "latency": 3}, {"date": "2022-10-06-00-00-00", "latency": 3}]}, {"location": {"country_code": "pl", "region": "Greater Poland Voivodeship"}, "game_id": "295590", "values": [{"date": "2022-10-05-23-00-00", "latency": 36}, {"date": "2022-10-05-23-00-00", "latency": 36}, {"date": "2022-10-05-23-00-00", "latency": 36}, {"date": "2022-10-05-12-00-00", "latency": 21}]}, {"location": {"country_code": "kr"}, "game_id": "295590", "values": [{"date": "2022-10-05-16-00-00", "latency": 14}, {"date": "2022-10-05-16-00-00", "latency": 14}]}, {"location": {"country_code": "es"}, "game_id": "295590", "values": [{"date": "2022-10-06-00-00-00", "latency": 0}, {"date": "2022-10-06-00-00-00", "latency": 0}, {"date": "2022-10-05-02-00-00", "latency": 0}, {"date": "2022-10-05-14-00-00", "latency": 3}, {"date": "2022-10-05-14-00-00", "latency": 3}, {"date": "2022-10-05-20-00-00", "latency": 12}]}, {"location": {"country_code": "ar"}, "game_id": "295590", "values": [{"date": "2022-10-06-01-00-00", "latency": 8}, {"date": "2022-10-05-08-00-00", "latency": 3}, {"date": "2022-10-05-17-00-00", "latency": 3}, {"date": "2022-10-05-17-00-00", "latency": 3}, {"date": "2022-10-05-21-00-00", "latency": 3}, {"date": "2022-10-05-21-00-00", "latency": 13}, {"date": "2022-10-05-03-00-00", "latency": 8}, {"date": "2022-10-06-00-00-00", "latency": 2}, {"date": "2022-10-06-00-00-00", "latency": 2}, {"date": "2022-10-05-05-00-00", "latency": 4}, {"date": "2022-10-06-01-00-00", "latency": 3}, {"date": "2022-10-05-22-00-00", "latency": 3}, {"date": "2022-10-05-05-00-00", "latency": 0}, {"date": "2022-10-06-01-00-00", "latency": 4}]}, {"location": {"country_code": "ug"}, "game_id": "295590", "values": [{"date": "2022-10-05-08-00-00", "latency": 2}, {"date": "2022-10-05-08-00-00", "latency": 2}]}, {"location": {"country_code": "vn"}, "game_id": "295590", "values": [{"date": "2022-10-05-10-00-00", "latency": 8}]}, {"location": {"country_code": "ca", "region": "Alberta"}, "game_id": "295590", "values": [{"date": "2022-10-05-04-00-00", "latency": 34}]}, {"location": {"country_code": "ar", "region": "Buenos Aires F.D.", "city": "Bahia Blanca"}, "game_id": "295590", "values": [{"date": "2022-10-05-09-00-00", "latency": 9}]}, {"location": {"country_code": "gt", "region": "Guatemala Department", "city": "Guatemala City"}, "game_id": "295590", "values": [{"date": "2022-10-05-06-00-00", "latency": 70}]}, {"location": {"country_code": "gt"}, "game_id": "295590", "values": [{"date": "2022-10-05-04-00-00", "latency": 4}]}, {"location": {"country_code": "ar", "region": "Buenos Aires"}, "game_id": "295590", "values": [{"date": "2022-10-05-22-00-00", "latency": 2}, {"date": "2022-10-05-22-00-00", "latency": 2}, {"date": "2022-10-05-22-00-00", "latency": 2}]}, {"location": {"country_code": "us", "region": "Missouri"}, "game_id": "295590", "values": [{"date": "2022-10-05-05-00-00", "latency": 23}, {"date": "2022-10-05-05-00-00", "latency": 23}]}, {"location": {"country_code": "us", "region": "Illinois", "city": "Chicago"}, "game_id": "295590", "values": [{"date": "2022-10-05-07-00-00", "latency": 1}]}, {"location": {"country_code": "co"}, "game_id": "295590", "values": [{"date": "2022-10-05-03-00-00", "latency": 2}, {"date": "2022-10-05-07-00-00", "latency": 7}, {"date": "2022-10-05-07-00-00", "latency": 6}, {"date": "2022-10-05-06-00-00", "latency": 4}, {"date": "2022-10-05-09-00-00", "latency": 65}, {"date": "2022-10-05-09-00-00", "latency": 65}, {"date": "2022-10-05-09-00-00", "latency": 65}, {"date": "2022-10-05-09-00-00", "latency": 65}, {"date": "2022-10-05-09-00-00", "latency": 65}, {"date": "2022-10-05-09-00-00", "latency": 65}, {"date": "2022-10-05-09-00-00", "latency": 65}, {"date": "2022-10-05-09-00-00", "latency": 65}, {"date": "2022-10-05-09-00-00", "latency": 65}, {"date": "2022-10-05-05-00-00", "latency": 91}, {"date": "2022-10-05-03-00-00", "latency": 4}, {"date": "2022-10-05-07-00-00", "latency": 4}]}, {"location": {"country_code": "br", "region": "Estado de Bahia", "city": "Salvador"}, "game_id": "295590", "values": [{"date": "2022-10-05-18-00-00", "latency": 4}, {"date": "2022-10-05-18-00-00", "latency": 4}, {"date": "2022-10-05-18-00-00", "latency": 4}, {"date": "2022-10-05-18-00-00", "latency": 4}, {"date": "2022-10-05-18-00-00", "latency": 4}, {"date": "2022-10-05-18-00-00", "latency": 4}, {"date": "2022-10-05-03-00-00", "latency": 7}]}, {"location": {"country_code": "pl"}, "game_id": "295590", "values": [{"date": "2022-10-05-09-00-00", "latency": 16}, {"date": "2022-10-05-23-00-00", "latency": 3}, {"date": "2022-10-05-17-00-00", "latency": 8}]}, {"location": {"country_code": "us", "region": "Nevada", "city": "Las Vegas"}, "game_id": "295590", "values": [{"date": "2022-10-05-23-00-00", "latency": 20}]}, {"location": {"country_code": "cr"}, "game_id": "295590", "values": [{"date": "2022-10-05-04-00-00", "latency": 4}]}, {"location": {"country_code": "pe"}, "game_id": "295590", "values": [{"date": "2022-10-06-00-00-00", "latency": 26}, {"date": "2022-10-05-02-00-00", "latency": 32}, {"date": "2022-10-05-02-00-00", "latency": 32}, {"date": "2022-10-05-02-00-00", "latency": 32}, {"date": "2022-10-05-02-00-00", "latency": 32}, {"date": "2022-10-05-07-00-00", "latency": 3}, {"date": "2022-10-05-07-00-00", "latency": 3}, {"date": "2022-10-05-05-00-00", "latency": 53}, {"date": "2022-10-05-08-00-00", "latency": 31}, {"date": "2022-10-05-09-00-00", "latency": 7}, {"date": "2022-10-06-02-00-00", "latency": 47}, {"date": "2022-10-06-02-00-00", "latency": 47}]}, {"location": {"country_code": "ua"}, "game_id": "295590", "values": [{"date": "2022-10-05-05-00-00", "latency": 14}, {"date": "2022-10-05-17-00-00", "latency": 33}, {"date": "2022-10-05-17-00-00", "latency": 33}, {"date": "2022-10-05-11-00-00", "latency": 2}]}, {"location": {"country_code": "kr", "region": "Seoul"}, "game_id": "295590", "values": [{"date": "2022-10-05-03-00-00", "latency": 1}, {"date": "2022-10-05-03-00-00", "latency": 1}, {"date": "2022-10-05-03-00-00", "latency": 1}, {"date": "2022-10-05-03-00-00", "latency": 1}]}, {"location": {"country_code": "ca", "region": "Ontario", "city": "Toronto"}, "game_id": "295590", "values": [{"date": "2022-10-05-04-00-00", "latency": 4}, {"date": "2022-10-05-04-00-00", "latency": 4}, {"date": "2022-10-05-04-00-00", "latency": 4}, {"date": "2022-10-05-04-00-00", "latency": 4}, {"date": "2022-10-05-04-00-00", "latency": 4}, {"date": "2022-10-05-04-00-00", "latency": 4}]}, {"location": {"country_code": "do"}, "game_id": "295590", "values": [{"date": "2022-10-05-18-00-00", "latency": 2200}]}, {"location": {"country_code": "my"}, "game_id": "295590", "values": [{"date": "2022-10-05-22-00-00", "latency": 2}]}, {"location": {"country_code": "br", "region": "Sergipe", "city": "Aracaju"}, "game_id": "295590", "values": [{"date": "2022-10-05-04-00-00", "latency": 38}, {"date": "2022-10-05-04-00-00", "latency": 38}, {"date": "2022-10-05-04-00-00", "latency": 38}, {"date": "2022-10-05-04-00-00", "latency": 38}, {"date": "2022-10-05-04-00-00", "latency": 38}]}, {"location": {"country_code": "ba", "region": "Federation of Bosnia and Herzegovina", "city": "Mostar"}, "game_id": "295590", "values": [{"date": "2022-10-05-19-00-00", "latency": 37}]}, {"location": {"country_code": "us", "region": "Pennsylvania"}, "game_id": "295590", "values": [{"date": "2022-10-05-21-00-00", "latency": 3}]}, {"location": {"country_code": "mx", "region": "Nuevo Leon", "city": "Monterrey"}, "game_id": "295590", "values": [{"date": "2022-10-05-08-00-00", "latency": 2201}]}, {"location": {"country_code": "cl", "region": "Santiago Metropolitan", "city": "Santiago"}, "game_id": "295590", "values": [{"date": "2022-10-06-01-00-00", "latency": 30}]}, {"location": {"country_code": "au", "region": "Western Australia", "city": "Perth"}, "game_id": "295590", "values": [{"date": "2022-10-05-17-00-00", "latency": 25}, {"date": "2022-10-05-17-00-00", "latency": 25}, {"date": "2022-10-05-17-00-00", "latency": 25}]}, {"location": {"country_code": "pt"}, "game_id": "295590", "values": [{"date": "2022-10-05-04-00-00", "latency": 7}, {"date": "2022-10-05-05-00-00", "latency": 3}]}, {"location": {"country_code": "br", "region": "State of Rio de Janeiro", "city": "Angra dos Reis"}, "game_id": "295590", "values": [{"date": "2022-10-06-00-00-00", "latency": 1}, {"date": "2022-10-06-01-00-00", "latency": 1}, {"date": "2022-10-05-20-00-00", "latency": 2}, {"date": "2022-10-05-20-00-00", "latency": 2}, {"date": "2022-10-05-18-00-00", "latency": 4}, {"date": "2022-10-05-18-00-00", "latency": 4}, {"date": "2022-10-05-18-00-00", "latency": 4}, {"date": "2022-10-05-18-00-00", "latency": 4}]}, {"location": {"country_code": "es", "region": "Andalusia", "city": "Seville"}, "game_id": "295590", "values": [{"date": "2022-10-05-20-00-00", "latency": 5}]}, {"location": {"country_code": "fr", "region": "Ile-de-France Region"}, "game_id": "295590", "values": [{"date": "2022-10-05-10-00-00", "latency": 2}, {"date": "2022-10-05-10-00-00", "latency": 2}]}, {"location": {"country_code": "uy"}, "game_id": "295590", "values": [{"date": "2022-10-05-17-00-00", "latency": 4}]}, {"location": {"country_code": "mx", "region": "Baja California", "city": "Tijuana"}, "game_id": "295590", "values": [{"date": "2022-10-05-11-00-00", "latency": 66}]}, {"location": {"country_code": "sv"}, "game_id": "295590", "values": [{"date": "2022-10-05-09-00-00", "latency": 1}]}, {"location": {"country_code": "fr", "region": "Ile-de-France Region", "city": "Paris"}, "game_id": "295590", "values": [{"date": "2022-10-05-13-00-00", "latency": 137}, {"date": "2022-10-05-13-00-00", "latency": 137}, {"date": "2022-10-05-13-00-00", "latency": 137}, {"date": "2022-10-05-13-00-00", "latency": 137}, {"date": "2022-10-05-13-00-00", "latency": 137}, {"date": "2022-10-05-05-00-00", "latency": 3254}]}, {"location": {"country_code": "ca", "region": "Quebec", "city": "Montreal"}, "game_id": "295590", "values": [{"date": "2022-10-05-02-00-00", "latency": 30}, {"date": "2022-10-05-02-00-00", "latency": 30}, {"date": "2022-10-05-02-00-00", "latency": 30}, {"date": "2022-10-05-02-00-00", "latency": 30}, {"date": "2022-10-05-02-00-00", "latency": 30}]}, {"location": {"country_code": "br", "region": "Rio Grande do Sul"}, "game_id": "295590", "values": [{"date": "2022-10-05-09-00-00", "latency": 2}, {"date": "2022-10-05-09-00-00", "latency": 2}]}, {"location": {"country_code": "es", "region": "Andalusia", "city": "Granada"}, "game_id": "295590", "values": [{"date": "2022-10-05-16-00-00", "latency": 13}, {"date": "2022-10-05-16-00-00", "latency": 13}, {"date": "2022-10-05-16-00-00", "latency": 13}]}, {"location": {"country_code": "br", "region": "Pernambuco", "city": "Olinda"}, "game_id": "295590", "values": [{"date": "2022-10-06-01-00-00", "latency": 0}]}, {"location": {"country_code": "br", "region": "Mato Grosso", "city": "Tangara da Serra"}, "game_id": "295590", "values": [{"date": "2022-10-05-05-00-00", "latency": 6}]}, {"location": {"country_code": "br", "region": "Parana"}, "game_id": "295590", "values": [{"date": "2022-10-05-07-00-00", "latency": 9}]}, {"location": {"country_code": "us", "region": "Arizona", "city": "Phoenix"}, "game_id": "295590", "values": [{"date": "2022-10-05-07-00-00", "latency": 10}]}, {"location": {"country_code": "kw"}, "game_id": "295590", "values": [{"date": "2022-10-05-22-00-00", "latency": 13}]}, {"location": {"country_code": "hr"}, "game_id": "295590", "values": [{"date": "2022-10-05-17-00-00", "latency": 20}, {"date": "2022-10-05-17-00-00", "latency": 20}, {"date": "2022-10-05-17-00-00", "latency": 20}]}, {"location": {"country_code": "pe", "region": "Lima region", "city": "Lima"}, "game_id": "295590", "values": [{"date": "2022-10-05-14-00-00", "latency": 10}, {"date": "2022-10-05-14-00-00", "latency": 10}, {"date": "2022-10-05-14-00-00", "latency": 10}, {"date": "2022-10-05-14-00-00", "latency": 10}, {"date": "2022-10-05-07-00-00", "latency": 4}, {"date": "2022-10-05-07-00-00", "latency": 4}]}, {"location": {"country_code": "ar", "region": "Santa Fe Province", "city": "Rosario"}, "game_id": "295590", "values": [{"date": "2022-10-05-21-00-00", "latency": 9}]}, {"location": {"country_code": "ca", "region": "Quebec"}, "game_id": "295590", "values": [{"date": "2022-10-06-00-00-00", "latency": 2}]}, {"location": {"country_code": "fr", "region": "Provence-Alpes-Cote d'Azur Region", "city": "Marseille"}, "game_id": "295590", "values": [{"date": "2022-10-05-21-00-00", "latency": 7}, {"date": "2022-10-05-21-00-00", "latency": 7}]}, {"location": {"country_code": "ar", "region": "Pampas"}, "game_id": "295590", "values": [{"date": "2022-10-05-18-00-00", "latency": 4}]}, {"location": {"country_code": "ar", "region": "Tucuman Province", "city": "San Miguel de Tucuman"}, "game_id": "295590", "values": [{"date": "2022-10-05-04-00-00", "latency": 8}, {"date": "2022-10-05-04-00-00", "latency": 8}, {"date": "2022-10-06-02-00-00", "latency": 5}, {"date": "2022-10-06-02-00-00", "latency": 5}]}, {"location": {"country_code": "us", "region": "Washington", "city": "Seattle"}, "game_id": "295590", "values": [{"date": "2022-10-05-09-00-00", "latency": 14}, {"date": "2022-10-05-09-00-00", "latency": 14}, {"date": "2022-10-05-09-00-00", "latency": 14}]}, {"location": {"country_code": "bg"}, "game_id": "295590", "values": [{"date": "2022-10-05-19-00-00", "latency": 8}]}, {"location": {"country_code": "ar", "region": "Cordoba Province", "city": "Rio Cuarto"}, "game_id": "295590", "values": [{"date": "2022-10-05-04-00-00", "latency": 8}]}, {"location": {"country_code": "br", "region": "Minas Gerais", "city": "Ituiutaba"}, "game_id": "295590", "values": [{"date": "2022-10-05-12-00-00", "latency": 7}, {"date": "2022-10-05-12-00-00", "latency": 7}, {"date": "2022-10-05-12-00-00", "latency": 7}, {"date": "2022-10-05-12-00-00", "latency": 7}]}, {"location": {"country_code": "us", "region": "Arkansas"}, "game_id": "295590", "values": [{"date": "2022-10-05-22-00-00", "latency": 35}, {"date": "2022-10-05-22-00-00", "latency": 35}]}, {"location": {"country_code": "us", "region": "New York", "city": "Buffalo"}, "game_id": "295590", "values": [{"date": "2022-10-06-01-00-00", "latency": 44}, {"date": "2022-10-06-01-00-00", "latency": 44}, {"date": "2022-10-06-01-00-00", "latency": 44}, {"date": "2022-10-06-01-00-00", "latency": 44}, {"date": "2022-10-06-01-00-00", "latency": 44}, {"date": "2022-10-06-01-00-00", "latency": 44}, {"date": "2022-10-06-01-00-00", "latency": 44}, {"date": "2022-10-06-01-00-00", "latency": 44}, {"date": "2022-10-06-01-00-00", "latency": 44}]}, {"location": {"country_code": "ee"}, "game_id": "295590", "values": [{"date": "2022-10-05-13-00-00", "latency": 9}]}, {"location": {"country_code": "fr", "region": "Normandy", "city": "Rouen"}, "game_id": "295590", "values": [{"date": "2022-10-05-16-00-00", "latency": 1}]}, {"location": {"country_code": "mu"}, "game_id": "295590", "values": [{"date": "2022-10-05-14-00-00", "latency": 17}]}, {"location": {"country_code": "pl", "region": "Masovian Voivodeship", "city": "Warsaw"}, "game_id": "295590", "values": [{"date": "2022-10-06-01-00-00", "latency": 10}, {"date": "2022-10-06-01-00-00", "latency": 10}, {"date": "2022-10-06-01-00-00", "latency": 10}, {"date": "2022-10-06-01-00-00", "latency": 10}, {"date": "2022-10-06-01-00-00", "latency": 10}]}, {"location": {"country_code": "se", "region": "Uppsala County", "city": "Uppsala"}, "game_id": "295590", "values": [{"date": "2022-10-05-16-00-00", "latency": 2}, {"date": "2022-10-05-16-00-00", "latency": 2}, {"date": "2022-10-05-16-00-00", "latency": 2}]}, {"location": {"country_code": "us", "region": "Nevada"}, "game_id": "295590", "values": [{"date": "2022-10-05-19-00-00", "latency": 71}, {"date": "2022-10-05-19-00-00", "latency": 71}]}, {"location": {"country_code": "es", "region": "Principality of Asturias"}, "game_id": "295590", "values": [{"date": "2022-10-06-00-00-00", "latency": 9}]}, {"location": {"country_code": "de", "region": "Saxony-Anhalt", "city": "Magdeburg"}, "game_id": "295590", "values": [{"date": "2022-10-05-19-00-00", "latency": 49}]}, {"location": {"country_code": "br", "region": "Rio Grande do Sul", "city": "Pelotas"}, "game_id": "295590", "values": [{"date": "2022-10-05-10-00-00", "latency": 2}, {"date": "2022-10-05-10-00-00", "latency": 2}, {"date": "2022-10-05-10-00-00", "latency": 2}, {"date": "2022-10-05-10-00-00", "latency": 2}, {"date": "2022-10-05-10-00-00", "latency": 2}, {"date": "2022-10-05-10-00-00", "latency": 2}]}, {"location": {"country_code": "gm", "region": "Western"}, "game_id": "295590", "values": [{"date": "2022-10-05-06-00-00", "latency": 7}]}, {"location": {"country_code": "co", "region": "Antioquia", "city": "Medellin"}, "game_id": "295590", "values": [{"date": "2022-10-05-22-00-00", "latency": 6}]}, {"location": {"country_code": "br", "region": "State of Rio de Janeiro", "city": "Araruama"}, "game_id": "295590", "values": [{"date": "2022-10-05-04-00-00", "latency": 2}]}, {"location": {"country_code": "ar", "region": "Salta Province"}, "game_id": "295590", "values": [{"date": "2022-10-05-08-00-00", "latency": 7}, {"date": "2022-10-05-08-00-00", "latency": 7}]}, {"location": {"country_code": "pl", "region": "West Pomeranian Voivodeship", "city": "Szczecin"}, "game_id": "295590", "values": [{"date": "2022-10-05-11-00-00", "latency": 6}]}, {"location": {"country_code": "at", "region": "Lower Austria"}, "game_id": "295590", "values": [{"date": "2022-10-05-11-00-00", "latency": 9}]}, {"location": {"country_code": "es", "region": "Catalonia", "city": "Lleida"}, "game_id": "295590", "values": [{"date": "2022-10-05-06-00-00", "latency": 4}, {"date": "2022-10-05-06-00-00", "latency": 4}, {"date": "2022-10-05-06-00-00", "latency": 4}, {"date": "2022-10-05-06-00-00", "latency": 4}]}, {"location": {"country_code": "us", "region": "Georgia", "city": "Columbus"}, "game_id": "295590", "values": [{"date": "2022-10-05-09-00-00", "latency": 5}]}, {"location": {"country_code": "de", "region": "North Rhine-Westphalia", "city": "Bochum"}, "game_id": "295590", "values": [{"date": "2022-10-05-22-00-00", "latency": 1}]}, {"location": {"country_code": "jp", "region": "Miyazaki"}, "game_id": "295590", "values": [{"date": "2022-10-05-07-00-00", "latency": 7}]}, {"location": {"country_code": "ar", "region": "Buenos Aires", "city": "Castelar"}, "game_id": "295590", "values": [{"date": "2022-10-05-14-00-00", "latency": 14}, {"date": "2022-10-05-14-00-00", "latency": 14}]}, {"location": {"country_code": "it", "region": "The Marches"}, "game_id": "295590", "values": [{"date": "2022-10-05-12-00-00", "latency": 7}]}, {"location": {"country_code": "us", "region": "Oregon", "city": "Grants Pass"}, "game_id": "295590", "values": [{"date": "2022-10-05-04-00-00", "latency": 4}]}, {"location": {"country_code": "ar", "region": "Buenos Aires", "city": "Merlo"}, "game_id": "295590", "values": [{"date": "2022-10-05-18-00-00", "latency": 3}]}, {"location": {"country_code": "us", "region": "Arkansas", "city": "Rogers"}, "game_id": "295590", "values": [{"date": "2022-10-05-02-00-00", "latency": 3}]}, {"location": {"country_code": "es", "region": "Castille-La Mancha", "city": "Talavera de la Reina"}, "game_id": "295590", "values": [{"date": "2022-10-05-22-00-00", "latency": 13}]}, {"location": {"country_code": "ca", "region": "Quebec", "city": "Trois-Rivieres"}, "game_id": "295590", "values": [{"date": "2022-10-05-10-00-00", "latency": 1}, {"date": "2022-10-05-10-00-00", "latency": 1}]}, {"location": {"country_code": "us", "region": "Florida", "city": "Pinellas Park"}, "game_id": "295590", "values": [{"date": "2022-10-05-03-00-00", "latency": 8}]}, {"location": {"country_code": "ar", "region": "Buenos Aires", "city": "Florencio Varela"}, "game_id": "295590", "values": [{"date": "2022-10-05-05-00-00", "latency": 4}]}, {"location": {"country_code": "br", "region": "Rio Grande do Sul", "city": "Torres"}, "game_id": "295590", "values": [{"date": "2022-10-05-02-00-00", "latency": 2}]}, {"location": {"country_code": "es", "region": "Andalusia", "city": "Almunecar"}, "game_id": "295590", "values": [{"date": "2022-10-06-02-00-00", "latency": 0}]}, {"location": {"country_code": "ec", "region": "El Oro", "city": "Machala"}, "game_id": "295590", "values": [{"date": "2022-10-05-05-00-00", "latency": 15}]}, {"location": {"country_code": "ar", "region": "Buenos Aires", "city": "Villa Luzuriaga"}, "game_id": "295590", "values": [{"date": "2022-10-05-18-00-00", "latency": 3}]}, {"location": {"country_code": "tr", "region": "Ege Bolgesi", "city": "Seferihisar"}, "game_id": "295590", "values": [{"date": "2022-10-05-20-00-00", "latency": 21}, {"date": "2022-10-05-20-00-00", "latency": 21}]}, {"location": {"country_code": "gb", "region": "England", "city": "Petersfield"}, "game_id": "295590", "values": [{"date": "2022-10-05-22-00-00", "latency": 23}, {"date": "2022-10-05-22-00-00", "latency": 23}]}, {"location": {"country_code": "us", "region": "Tennessee", "city": "Hampton"}, "game_id": "295590", "values": [{"date": "2022-10-05-04-00-00", "latency": 9}, {"date": "2022-10-05-04-00-00", "latency": 9}, {"date": "2022-10-05-04-00-00", "latency": 9}, {"date": "2022-10-05-04-00-00", "latency": 9}]}], "last_updated": 1719919177.76571}