{"data": [{"location": {"country_code": "us"}, "game_id": "273486", "values": [{"date": "2023-06-19-20-00-00", "latency": 55}, {"date": "2023-06-19-20-00-00", "latency": 55}, {"date": "2023-06-19-08-00-00", "latency": 70}, {"date": "2023-06-19-08-00-00", "latency": 70}, {"date": "2023-06-19-08-00-00", "latency": 70}, {"date": "2023-06-19-08-00-00", "latency": 70}]}, {"location": {"country_code": "fr"}, "game_id": "273486", "values": [{"date": "2023-06-20-00-00-00", "latency": 35}, {"date": "2023-06-20-00-00-00", "latency": 35}, {"date": "2023-06-20-00-00-00", "latency": 35}]}, {"location": {"country_code": "us", "region": "Texas", "city": "Houston"}, "game_id": "273486", "values": [{"date": "2023-06-19-03-00-00", "latency": 70}, {"date": "2023-06-19-03-00-00", "latency": 70}]}, {"location": {"country_code": "us", "region": "Alaska"}, "game_id": "273486", "values": [{"date": "2023-06-19-12-00-00", "latency": 82}, {"date": "2023-06-19-12-00-00", "latency": 82}, {"date": "2023-06-19-12-00-00", "latency": 82}, {"date": "2023-06-19-12-00-00", "latency": 82}, {"date": "2023-06-19-12-00-00", "latency": 82}, {"date": "2023-06-19-12-00-00", "latency": 82}, {"date": "2023-06-19-12-00-00", "latency": 82}, {"date": "2023-06-19-12-00-00", "latency": 82}, {"date": "2023-06-19-12-00-00", "latency": 82}]}, {"location": {"country_code": "us", "region": "California", "city": "Long Beach"}, "game_id": "273486", "values": [{"date": "2023-06-20-01-00-00", "latency": 81}, {"date": "2023-06-20-01-00-00", "latency": 81}, {"date": "2023-06-20-01-00-00", "latency": 81}]}, {"location": {"country_code": "gb", "region": "Wales"}, "game_id": "273486", "values": [{"date": "2023-06-19-22-00-00", "latency": 84}, {"date": "2023-06-19-22-00-00", "latency": 84}, {"date": "2023-06-19-22-00-00", "latency": 84}, {"date": "2023-06-19-22-00-00", "latency": 84}, {"date": "2023-06-19-22-00-00", "latency": 84}, {"date": "2023-06-19-22-00-00", "latency": 84}, {"date": "2023-06-19-22-00-00", "latency": 84}, {"date": "2023-06-19-22-00-00", "latency": 84}, {"date": "2023-06-19-22-00-00", "latency": 84}]}, {"location": {"country_code": "us", "region": "Tennessee", "city": "McKenzie"}, "game_id": "273486", "values": [{"date": "2023-06-20-02-00-00", "latency": 27}, {"date": "2023-06-20-02-00-00", "latency": 27}, {"date": "2023-06-20-02-00-00", "latency": 27}, {"date": "2023-06-20-02-00-00", "latency": 27}]}], "last_updated": 1719927586.764943}