{"data": [{"location": {"country_code": "us"}, "game_id": "273486", "values": [{"date": "2023-06-30-23-00-00", "latency": 70}, {"date": "2023-06-30-23-00-00", "latency": 70}, {"date": "2023-06-30-23-00-00", "latency": 70}, {"date": "2023-06-30-08-00-00", "latency": 90}, {"date": "2023-06-30-08-00-00", "latency": 90}, {"date": "2023-06-30-08-00-00", "latency": 90}, {"date": "2023-06-30-08-00-00", "latency": 90}, {"date": "2023-06-30-08-00-00", "latency": 90}, {"date": "2023-06-30-08-00-00", "latency": 90}]}, {"location": {"country_code": "sa"}, "game_id": "273486", "values": [{"date": "2023-06-30-20-00-00", "latency": 352}]}, {"location": {"country_code": "us", "region": "Alaska"}, "game_id": "273486", "values": [{"date": "2023-06-30-12-00-00", "latency": 70}]}, {"location": {"country_code": "us", "region": "Illinois", "city": "Chicago"}, "game_id": "273486", "values": [{"date": "2023-06-30-23-00-00", "latency": 59}, {"date": "2023-06-30-23-00-00", "latency": 59}, {"date": "2023-06-30-23-00-00", "latency": 59}, {"date": "2023-06-30-23-00-00", "latency": 59}, {"date": "2023-06-30-23-00-00", "latency": 59}, {"date": "2023-06-30-23-00-00", "latency": 59}]}, {"location": {"country_code": "ca", "region": "Alberta", "city": "Calgary"}, "game_id": "273486", "values": [{"date": "2023-07-01-01-00-00", "latency": 82}, {"date": "2023-07-01-01-00-00", "latency": 82}]}], "last_updated": 1719927587.53176}