{"data": [{"location": {"country_code": "us"}, "game_id": "273486", "values": [{"date": "2023-06-17-06-00-00", "latency": 50}, {"date": "2023-06-17-11-00-00", "latency": 66}, {"date": "2023-06-17-11-00-00", "latency": 66}]}, {"location": {"country_code": "ca"}, "game_id": "273486", "values": [{"date": "2023-06-17-18-00-00", "latency": 78}, {"date": "2023-06-17-18-00-00", "latency": 78}]}, {"location": {"country_code": "fr"}, "game_id": "273486", "values": [{"date": "2023-06-17-22-00-00", "latency": 66}]}, {"location": {"country_code": "se"}, "game_id": "273486", "values": [{"date": "2023-06-17-13-00-00", "latency": 90}]}, {"location": {"country_code": "us", "region": "Hawaii"}, "game_id": "273486", "values": [{"date": "2023-06-17-07-00-00", "latency": 116}, {"date": "2023-06-17-07-00-00", "latency": 116}, {"date": "2023-06-17-07-00-00", "latency": 116}, {"date": "2023-06-17-07-00-00", "latency": 116}]}, {"location": {"country_code": "us", "region": "Texas", "city": "Houston"}, "game_id": "273486", "values": [{"date": "2023-06-17-08-00-00", "latency": 82}]}, {"location": {"country_code": "at"}, "game_id": "273486", "values": [{"date": "2023-06-18-02-00-00", "latency": 54}, {"date": "2023-06-18-02-00-00", "latency": 54}]}, {"location": {"country_code": "ie"}, "game_id": "273486", "values": [{"date": "2023-06-17-20-00-00", "latency": 35}, {"date": "2023-06-17-20-00-00", "latency": 35}, {"date": "2023-06-17-20-00-00", "latency": 35}]}, {"location": {"country_code": "sa", "region": "Riyadh Region", "city": "Wadi Ad Dawasir"}, "game_id": "273486", "values": [{"date": "2023-06-17-04-00-00", "latency": 125}, {"date": "2023-06-17-04-00-00", "latency": 125}, {"date": "2023-06-17-04-00-00", "latency": 125}, {"date": "2023-06-17-04-00-00", "latency": 125}, {"date": "2023-06-17-04-00-00", "latency": 125}]}, {"location": {"country_code": "fr", "region": "Normandy", "city": "Dieppe"}, "game_id": "273486", "values": [{"date": "2023-06-17-03-00-00", "latency": 121}, {"date": "2023-06-17-03-00-00", "latency": 121}, {"date": "2023-06-17-03-00-00", "latency": 121}, {"date": "2023-06-17-03-00-00", "latency": 121}, {"date": "2023-06-17-03-00-00", "latency": 121}, {"date": "2023-06-17-03-00-00", "latency": 121}, {"date": "2023-06-17-03-00-00", "latency": 121}, {"date": "2023-06-17-03-00-00", "latency": 121}, {"date": "2023-06-17-03-00-00", "latency": 121}, {"date": "2023-06-17-03-00-00", "latency": 121}, {"date": "2023-06-17-03-00-00", "latency": 121}, {"date": "2023-06-17-03-00-00", "latency": 121}]}], "last_updated": 1719927586.763372}