{"data": [{"location": {"country_code": "us"}, "game_id": "118849", "values": [{"date": "2023-02-14-22-00-00", "latency": 340}, {"date": "2023-02-14-22-00-00", "latency": 340}, {"date": "2023-02-14-22-00-00", "latency": 340}, {"date": "2023-02-14-22-00-00", "latency": 340}, {"date": "2023-02-14-22-00-00", "latency": 340}, {"date": "2023-02-14-22-00-00", "latency": 340}, {"date": "2023-02-14-22-00-00", "latency": 340}]}, {"location": {"country_code": "th"}, "game_id": "118849", "values": [{"date": "2023-02-14-16-00-00", "latency": 27}, {"date": "2023-02-14-16-00-00", "latency": 27}, {"date": "2023-02-14-16-00-00", "latency": 27}, {"date": "2023-02-14-16-00-00", "latency": 27}, {"date": "2023-02-14-16-00-00", "latency": 27}, {"date": "2023-02-14-16-00-00", "latency": 27}]}, {"location": {"country_code": "gr"}, "game_id": "118849", "values": [{"date": "2023-02-14-15-00-00", "latency": 71}, {"date": "2023-02-14-15-00-00", "latency": 71}, {"date": "2023-02-14-15-00-00", "latency": 71}, {"date": "2023-02-14-15-00-00", "latency": 71}]}, {"location": {"country_code": "it"}, "game_id": "118849", "values": [{"date": "2023-02-15-01-00-00", "latency": 71}, {"date": "2023-02-15-01-00-00", "latency": 71}, {"date": "2023-02-15-01-00-00", "latency": 71}]}, {"location": {"country_code": "jp"}, "game_id": "118849", "values": [{"date": "2023-02-14-14-00-00", "latency": 32}, {"date": "2023-02-14-14-00-00", "latency": 32}, {"date": "2023-02-14-14-00-00", "latency": 32}, {"date": "2023-02-14-14-00-00", "latency": 32}, {"date": "2023-02-14-14-00-00", "latency": 32}, {"date": "2023-02-14-14-00-00", "latency": 32}, {"date": "2023-02-14-14-00-00", "latency": 32}]}, {"location": {"country_code": "de"}, "game_id": "118849", "values": [{"date": "2023-02-14-02-00-00", "latency": 188}, {"date": "2023-02-14-02-00-00", "latency": 188}]}, {"location": {"country_code": "ph"}, "game_id": "118849", "values": [{"date": "2023-02-14-19-00-00", "latency": 279}, {"date": "2023-02-14-19-00-00", "latency": 279}]}, {"location": {"country_code": "mx"}, "game_id": "118849", "values": [{"date": "2023-02-14-05-00-00", "latency": 184}, {"date": "2023-02-14-05-00-00", "latency": 184}, {"date": "2023-02-14-05-00-00", "latency": 184}, {"date": "2023-02-14-05-00-00", "latency": 184}, {"date": "2023-02-14-05-00-00", "latency": 184}, {"date": "2023-02-14-05-00-00", "latency": 184}, {"date": "2023-02-14-05-00-00", "latency": 184}]}, {"location": {"country_code": "ca", "region": "Ontario"}, "game_id": "118849", "values": [{"date": "2023-02-14-05-00-00", "latency": 84}]}, {"location": {"country_code": "us", "region": "Puerto Rico"}, "game_id": "118849", "values": [{"date": "2023-02-14-07-00-00", "latency": 106}]}, {"location": {"country_code": "us", "region": "Nevada", "city": "Las Vegas"}, "game_id": "118849", "values": [{"date": "2023-02-14-08-00-00", "latency": 64}, {"date": "2023-02-14-08-00-00", "latency": 64}]}, {"location": {"country_code": "my"}, "game_id": "118849", "values": [{"date": "2023-02-14-20-00-00", "latency": 103}]}, {"location": {"country_code": "br", "region": "State of Rio de Janeiro"}, "game_id": "118849", "values": [{"date": "2023-02-14-20-00-00", "latency": 141}, {"date": "2023-02-14-20-00-00", "latency": 141}, {"date": "2023-02-14-20-00-00", "latency": 141}, {"date": "2023-02-14-20-00-00", "latency": 141}, {"date": "2023-02-14-20-00-00", "latency": 141}, {"date": "2023-02-14-20-00-00", "latency": 141}, {"date": "2023-02-14-20-00-00", "latency": 141}, {"date": "2023-02-14-20-00-00", "latency": 141}, {"date": "2023-02-14-20-00-00", "latency": 141}]}, {"location": {"country_code": "pe", "region": "Lima region", "city": "Lima"}, "game_id": "118849", "values": [{"date": "2023-02-15-00-00-00", "latency": 63}]}, {"location": {"country_code": "fr", "region": "Alvernia-Rodano-Alpi", "city": "Lyon"}, "game_id": "118849", "values": [{"date": "2023-02-14-17-00-00", "latency": 80}]}, {"location": {"country_code": "ht"}, "game_id": "118849", "values": [{"date": "2023-02-14-22-00-00", "latency": 148}, {"date": "2023-02-14-22-00-00", "latency": 148}, {"date": "2023-02-14-22-00-00", "latency": 148}, {"date": "2023-02-14-22-00-00", "latency": 148}]}, {"location": {"country_code": "co", "region": "Antioquia", "city": "Medellin"}, "game_id": "118849", "values": [{"date": "2023-02-14-11-00-00", "latency": 85}]}, {"location": {"country_code": "th", "region": "Nonthaburi", "city": "Pak Kret"}, "game_id": "118849", "values": [{"date": "2023-02-14-11-00-00", "latency": 28}, {"date": "2023-02-14-11-00-00", "latency": 28}, {"date": "2023-02-14-11-00-00", "latency": 28}, {"date": "2023-02-14-11-00-00", "latency": 28}, {"date": "2023-02-14-11-00-00", "latency": 28}, {"date": "2023-02-14-11-00-00", "latency": 28}]}], "last_updated": 1719927579.801856}