{"data": [{"location": {"country_code": "cz"}, "game_id": "116088", "values": [{"date": "2022-08-19-00-00-00", "latency": 0}, {"date": "2022-08-19-00-00-00", "latency": 0}, {"date": "2022-08-19-00-00-00", "latency": 0}, {"date": "2022-08-19-00-00-00", "latency": 0}, {"date": "2022-08-19-00-00-00", "latency": 0}, {"date": "2022-08-19-00-00-00", "latency": 0}, {"date": "2022-08-19-00-00-00", "latency": 0}, {"date": "2022-08-19-00-00-00", "latency": 0}, {"date": "2022-08-19-00-00-00", "latency": 0}]}, {"location": {"country_code": "ro"}, "game_id": "116088", "values": [{"date": "2022-08-18-10-00-00", "latency": 2}]}, {"location": {"country_code": "za"}, "game_id": "116088", "values": [{"date": "2022-08-18-23-00-00", "latency": 33}, {"date": "2022-08-18-23-00-00", "latency": 33}, {"date": "2022-08-18-23-00-00", "latency": 33}, {"date": "2022-08-18-23-00-00", "latency": 33}, {"date": "2022-08-18-23-00-00", "latency": 33}]}, {"location": {"country_code": "jp"}, "game_id": "116088", "values": [{"date": "2022-08-18-03-00-00", "latency": 77}, {"date": "2022-08-18-10-00-00", "latency": 27}, {"date": "2022-08-18-10-00-00", "latency": 27}, {"date": "2022-08-18-10-00-00", "latency": 27}, {"date": "2022-08-18-10-00-00", "latency": 27}, {"date": "2022-08-18-10-00-00", "latency": 27}, {"date": "2022-08-18-05-00-00", "latency": 37}, {"date": "2022-08-18-05-00-00", "latency": 37}, {"date": "2022-08-18-05-00-00", "latency": 37}, {"date": "2022-08-18-05-00-00", "latency": 37}, {"date": "2022-08-18-05-00-00", "latency": 37}, {"date": "2022-08-18-05-00-00", "latency": 37}, {"date": "2022-08-18-22-00-00", "latency": 6}, {"date": "2022-08-18-04-00-00", "latency": 8}]}, {"location": {"country_code": "ca"}, "game_id": "116088", "values": [{"date": "2022-08-18-04-00-00", "latency": 148}, {"date": "2022-08-18-04-00-00", "latency": 148}, {"date": "2022-08-18-04-00-00", "latency": 148}, {"date": "2022-08-18-19-00-00", "latency": 0}]}, {"location": {"country_code": "cl"}, "game_id": "116088", "values": [{"date": "2022-08-19-00-00-00", "latency": 33}, {"date": "2022-08-19-00-00-00", "latency": 33}, {"date": "2022-08-19-00-00-00", "latency": 33}]}, {"location": {"country_code": "ph"}, "game_id": "116088", "values": [{"date": "2022-08-18-13-00-00", "latency": 12}, {"date": "2022-08-18-13-00-00", "latency": 12}, {"date": "2022-08-18-13-00-00", "latency": 12}, {"date": "2022-08-18-13-00-00", "latency": 12}, {"date": "2022-08-18-13-00-00", "latency": 12}, {"date": "2022-08-18-09-00-00", "latency": 32}, {"date": "2022-08-18-09-00-00", "latency": 32}, {"date": "2022-08-18-09-00-00", "latency": 32}]}, {"location": {"country_code": "br", "region": "Minas Gerais", "city": "Betim"}, "game_id": "116088", "values": [{"date": "2022-08-18-15-00-00", "latency": 40}]}, {"location": {"country_code": "in"}, "game_id": "116088", "values": [{"date": "2022-08-18-07-00-00", "latency": 7}, {"date": "2022-08-18-18-00-00", "latency": 35}, {"date": "2022-08-18-18-00-00", "latency": 35}, {"date": "2022-08-18-18-00-00", "latency": 35}]}, {"location": {"country_code": "au"}, "game_id": "116088", "values": [{"date": "2022-08-18-13-00-00", "latency": 8}, {"date": "2022-08-18-13-00-00", "latency": 8}, {"date": "2022-08-18-13-00-00", "latency": 8}, {"date": "2022-08-18-13-00-00", "latency": 8}, {"date": "2022-08-18-13-00-00", "latency": 8}]}, {"location": {"country_code": "td"}, "game_id": "116088", "values": [{"date": "2022-08-18-12-00-00", "latency": 5}, {"date": "2022-08-18-12-00-00", "latency": 5}]}, {"location": {"country_code": "dk"}, "game_id": "116088", "values": [{"date": "2022-08-18-12-00-00", "latency": 3}]}, {"location": {"country_code": "tr"}, "game_id": "116088", "values": [{"date": "2022-08-18-22-00-00", "latency": 2}, {"date": "2022-08-18-22-00-00", "latency": 2}, {"date": "2022-08-19-00-00-00", "latency": 62}, {"date": "2022-08-19-00-00-00", "latency": 62}, {"date": "2022-08-19-00-00-00", "latency": 62}, {"date": "2022-08-18-22-00-00", "latency": 20}]}, {"location": {"country_code": "ar"}, "game_id": "116088", "values": [{"date": "2022-08-18-03-00-00", "latency": 40}, {"date": "2022-08-18-03-00-00", "latency": 40}, {"date": "2022-08-18-03-00-00", "latency": 40}, {"date": "2022-08-18-03-00-00", "latency": 40}, {"date": "2022-08-18-03-00-00", "latency": 40}, {"date": "2022-08-18-03-00-00", "latency": 40}, {"date": "2022-08-18-03-00-00", "latency": 40}, {"date": "2022-08-18-03-00-00", "latency": 40}, {"date": "2022-08-18-03-00-00", "latency": 40}, {"date": "2022-08-18-03-00-00", "latency": 40}, {"date": "2022-08-18-03-00-00", "latency": 40}]}, {"location": {"country_code": "by", "region": "Minsk"}, "game_id": "116088", "values": [{"date": "2022-08-18-19-00-00", "latency": 6}]}, {"location": {"country_code": "fi"}, "game_id": "116088", "values": [{"date": "2022-08-18-20-00-00", "latency": 56}, {"date": "2022-08-18-20-00-00", "latency": 56}, {"date": "2022-08-18-20-00-00", "latency": 56}, {"date": "2022-08-18-20-00-00", "latency": 56}, {"date": "2022-08-18-20-00-00", "latency": 56}, {"date": "2022-08-18-20-00-00", "latency": 56}, {"date": "2022-08-18-20-00-00", "latency": 56}]}, {"location": {"country_code": "de", "region": "Free and Hanseatic City of Hamburg", "city": "Hamburg"}, "game_id": "116088", "values": [{"date": "2022-08-18-11-00-00", "latency": 122}, {"date": "2022-08-18-11-00-00", "latency": 122}, {"date": "2022-08-18-11-00-00", "latency": 122}, {"date": "2022-08-18-11-00-00", "latency": 122}, {"date": "2022-08-18-11-00-00", "latency": 122}, {"date": "2022-08-18-11-00-00", "latency": 122}, {"date": "2022-08-18-11-00-00", "latency": 122}, {"date": "2022-08-18-11-00-00", "latency": 122}, {"date": "2022-08-18-11-00-00", "latency": 122}]}, {"location": {"country_code": "ru", "region": "Moscow", "city": "Zelenograd"}, "game_id": "116088", "values": [{"date": "2022-08-18-19-00-00", "latency": 2}]}, {"location": {"country_code": "cn"}, "game_id": "116088", "values": [{"date": "2022-08-18-10-00-00", "latency": 0}, {"date": "2022-08-18-10-00-00", "latency": 0}]}, {"location": {"country_code": "ua"}, "game_id": "116088", "values": [{"date": "2022-08-18-20-00-00", "latency": 1}, {"date": "2022-08-18-16-00-00", "latency": 40}, {"date": "2022-08-18-16-00-00", "latency": 40}, {"date": "2022-08-18-16-00-00", "latency": 40}, {"date": "2022-08-18-16-00-00", "latency": 40}, {"date": "2022-08-18-16-00-00", "latency": 40}, {"date": "2022-08-18-16-00-00", "latency": 40}, {"date": "2022-08-18-16-00-00", "latency": 40}, {"date": "2022-08-18-16-00-00", "latency": 40}, {"date": "2022-08-18-16-00-00", "latency": 40}, {"date": "2022-08-18-16-00-00", "latency": 40}, {"date": "2022-08-18-16-00-00", "latency": 40}, {"date": "2022-08-18-16-00-00", "latency": 40}, {"date": "2022-08-18-16-00-00", "latency": 40}, {"date": "2022-08-18-16-00-00", "latency": 40}, {"date": "2022-08-18-16-00-00", "latency": 40}, {"date": "2022-08-18-16-00-00", "latency": 40}, {"date": "2022-08-18-16-00-00", "latency": 40}, {"date": "2022-08-18-16-00-00", "latency": 40}, {"date": "2022-08-18-16-00-00", "latency": 40}]}, {"location": {"country_code": "kz"}, "game_id": "116088", "values": [{"date": "2022-08-18-19-00-00", "latency": 8}, {"date": "2022-08-18-04-00-00", "latency": 59}, {"date": "2022-08-18-04-00-00", "latency": 59}, {"date": "2022-08-18-04-00-00", "latency": 59}, {"date": "2022-08-18-04-00-00", "latency": 59}, {"date": "2022-08-18-10-00-00", "latency": 53}, {"date": "2022-08-18-10-00-00", "latency": 53}, {"date": "2022-08-18-10-00-00", "latency": 53}, {"date": "2022-08-18-10-00-00", "latency": 53}, {"date": "2022-08-18-10-00-00", "latency": 53}, {"date": "2022-08-18-10-00-00", "latency": 53}]}, {"location": {"country_code": "ru"}, "game_id": "116088", "values": [{"date": "2022-08-19-02-00-00", "latency": 0}, {"date": "2022-08-19-02-00-00", "latency": 0}, {"date": "2022-08-18-11-00-00", "latency": 4}]}, {"location": {"country_code": "my"}, "game_id": "116088", "values": [{"date": "2022-08-18-21-00-00", "latency": 0}, {"date": "2022-08-18-21-00-00", "latency": 0}, {"date": "2022-08-18-21-00-00", "latency": 0}, {"date": "2022-08-18-21-00-00", "latency": 0}]}, {"location": {"country_code": "id"}, "game_id": "116088", "values": [{"date": "2022-08-18-16-00-00", "latency": 1}]}, {"location": {"country_code": "ir"}, "game_id": "116088", "values": [{"date": "2022-08-18-14-00-00", "latency": 11}]}, {"location": {"country_code": "by"}, "game_id": "116088", "values": [{"date": "2022-08-18-18-00-00", "latency": 3}]}, {"location": {"country_code": "dj"}, "game_id": "116088", "values": [{"date": "2022-08-18-07-00-00", "latency": 9}]}, {"location": {"country_code": "az"}, "game_id": "116088", "values": [{"date": "2022-08-18-08-00-00", "latency": 69}]}, {"location": {"country_code": "ne"}, "game_id": "116088", "values": [{"date": "2022-08-19-01-00-00", "latency": 2}, {"date": "2022-08-19-01-00-00", "latency": 2}, {"date": "2022-08-19-01-00-00", "latency": 2}, {"date": "2022-08-19-01-00-00", "latency": 2}]}, {"location": {"country_code": "in", "region": "National Capital Territory of Delhi", "city": "New Delhi"}, "game_id": "116088", "values": [{"date": "2022-08-18-20-00-00", "latency": 7}]}, {"location": {"country_code": "cn", "region": "Beijing Municipality", "city": "Daxing"}, "game_id": "116088", "values": [{"date": "2022-08-18-11-00-00", "latency": 7}, {"date": "2022-08-18-11-00-00", "latency": 7}]}, {"location": {"country_code": "br", "region": "Goias"}, "game_id": "116088", "values": [{"date": "2022-08-18-23-00-00", "latency": 13}, {"date": "2022-08-18-23-00-00", "latency": 13}, {"date": "2022-08-18-23-00-00", "latency": 13}, {"date": "2022-08-18-23-00-00", "latency": 13}, {"date": "2022-08-18-23-00-00", "latency": 13}, {"date": "2022-08-18-23-00-00", "latency": 13}, {"date": "2022-08-18-23-00-00", "latency": 13}, {"date": "2022-08-18-23-00-00", "latency": 13}, {"date": "2022-08-18-23-00-00", "latency": 13}]}, {"location": {"country_code": "am"}, "game_id": "116088", "values": [{"date": "2022-08-18-10-00-00", "latency": 52}, {"date": "2022-08-18-10-00-00", "latency": 52}, {"date": "2022-08-18-10-00-00", "latency": 52}]}, {"location": {"country_code": "pe", "region": "La Libertad", "city": "Trujillo"}, "game_id": "116088", "values": [{"date": "2022-08-18-07-00-00", "latency": 2}]}, {"location": {"country_code": "ru", "region": "Bashkortostan Republic", "city": "Ufa"}, "game_id": "116088", "values": [{"date": "2022-08-18-22-00-00", "latency": 0}]}, {"location": {"country_code": "ph", "region": "Cavite", "city": "Noveleta"}, "game_id": "116088", "values": [{"date": "2022-08-18-20-00-00", "latency": 3}]}], "last_updated": 1719919371.053249}