{"data": [{"location": {"country_code": "us"}, "game_id": "273486", "values": [{"date": "2023-08-23-05-00-00", "latency": 50}]}, {"location": {"country_code": "ca"}, "game_id": "273486", "values": [{"date": "2023-08-23-23-00-00", "latency": 54}, {"date": "2023-08-23-23-00-00", "latency": 54}]}, {"location": {"country_code": "us", "region": "Texas"}, "game_id": "273486", "values": [{"date": "2023-08-23-15-00-00", "latency": 120}, {"date": "2023-08-23-15-00-00", "latency": 120}, {"date": "2023-08-23-15-00-00", "latency": 120}, {"date": "2023-08-23-15-00-00", "latency": 120}]}, {"location": {"country_code": "us", "region": "California", "city": "San Francisco"}, "game_id": "273486", "values": [{"date": "2023-08-23-08-00-00", "latency": 51}, {"date": "2023-08-23-08-00-00", "latency": 51}]}, {"location": {"country_code": "us", "region": "Arizona"}, "game_id": "273486", "values": [{"date": "2023-08-23-04-00-00", "latency": 105}]}, {"location": {"country_code": "us", "region": "West Virginia"}, "game_id": "273486", "values": [{"date": "2023-08-23-09-00-00", "latency": 90}, {"date": "2023-08-23-09-00-00", "latency": 90}, {"date": "2023-08-23-09-00-00", "latency": 90}, {"date": "2023-08-23-09-00-00", "latency": 90}, {"date": "2023-08-23-09-00-00", "latency": 90}]}, {"location": {"country_code": "ar", "region": "Tucuman Province", "city": "San Miguel de Tucuman"}, "game_id": "273486", "values": [{"date": "2023-08-23-06-00-00", "latency": 120}, {"date": "2023-08-23-06-00-00", "latency": 120}, {"date": "2023-08-23-06-00-00", "latency": 120}, {"date": "2023-08-23-06-00-00", "latency": 120}, {"date": "2023-08-23-06-00-00", "latency": 120}, {"date": "2023-08-23-06-00-00", "latency": 120}, {"date": "2023-08-23-06-00-00", "latency": 120}, {"date": "2023-08-23-06-00-00", "latency": 120}, {"date": "2023-08-23-06-00-00", "latency": 120}, {"date": "2023-08-23-06-00-00", "latency": 120}, {"date": "2023-08-23-06-00-00", "latency": 120}]}, {"location": {"country_code": "us", "region": "California", "city": "Oceanside"}, "game_id": "273486", "values": [{"date": "2023-08-23-20-00-00", "latency": 177}]}, {"location": {"country_code": "us", "region": "Alabama", "city": "Troy"}, "game_id": "273486", "values": [{"date": "2023-08-23-09-00-00", "latency": 37}, {"date": "2023-08-23-09-00-00", "latency": 37}, {"date": "2023-08-23-09-00-00", "latency": 37}, {"date": "2023-08-23-09-00-00", "latency": 37}, {"date": "2023-08-23-09-00-00", "latency": 37}, {"date": "2023-08-23-09-00-00", "latency": 37}, {"date": "2023-08-23-09-00-00", "latency": 37}, {"date": "2023-08-23-09-00-00", "latency": 37}]}, {"location": {"country_code": "fr", "region": "Normandy", "city": "Dieppe"}, "game_id": "273486", "values": [{"date": "2023-08-23-16-00-00", "latency": 58}, {"date": "2023-08-23-16-00-00", "latency": 58}, {"date": "2023-08-23-16-00-00", "latency": 58}, {"date": "2023-08-23-16-00-00", "latency": 58}, {"date": "2023-08-23-16-00-00", "latency": 58}]}], "last_updated": 1719927586.806571}