{"data": [{"location": {"country_code": "us"}, "game_id": "273486", "values": [{"date": "2023-08-27-05-00-00", "latency": 105}, {"date": "2023-08-27-05-00-00", "latency": 105}, {"date": "2023-08-27-05-00-00", "latency": 105}, {"date": "2023-08-27-05-00-00", "latency": 105}]}, {"location": {"country_code": "it"}, "game_id": "273486", "values": [{"date": "2023-08-27-21-00-00", "latency": 98}]}, {"location": {"country_code": "ca"}, "game_id": "273486", "values": [{"date": "2023-08-27-03-00-00", "latency": 78}]}, {"location": {"country_code": "gb", "region": "England"}, "game_id": "273486", "values": [{"date": "2023-08-27-11-00-00", "latency": 93}, {"date": "2023-08-27-11-00-00", "latency": 93}, {"date": "2023-08-27-11-00-00", "latency": 93}, {"date": "2023-08-27-11-00-00", "latency": 93}, {"date": "2023-08-27-11-00-00", "latency": 93}]}, {"location": {"country_code": "us", "region": "Florida"}, "game_id": "273486", "values": [{"date": "2023-08-27-04-00-00", "latency": 78}, {"date": "2023-08-27-04-00-00", "latency": 78}, {"date": "2023-08-27-04-00-00", "latency": 78}, {"date": "2023-08-27-04-00-00", "latency": 78}, {"date": "2023-08-27-04-00-00", "latency": 78}, {"date": "2023-08-27-04-00-00", "latency": 78}]}, {"location": {"country_code": "us", "region": "Hawaii"}, "game_id": "273486", "values": [{"date": "2023-08-27-03-00-00", "latency": 111}]}, {"location": {"country_code": "at"}, "game_id": "273486", "values": [{"date": "2023-08-27-18-00-00", "latency": 54}, {"date": "2023-08-27-18-00-00", "latency": 54}, {"date": "2023-08-27-18-00-00", "latency": 54}]}, {"location": {"country_code": "pt"}, "game_id": "273486", "values": [{"date": "2023-08-27-21-00-00", "latency": 88}]}, {"location": {"country_code": "us", "region": "Texas", "city": "Irving"}, "game_id": "273486", "values": [{"date": "2023-08-27-05-00-00", "latency": 21}, {"date": "2023-08-27-05-00-00", "latency": 21}, {"date": "2023-08-27-05-00-00", "latency": 21}, {"date": "2023-08-27-05-00-00", "latency": 21}]}, {"location": {"country_code": "us", "region": "State of Wyoming", "city": "Cheyenne"}, "game_id": "273486", "values": [{"date": "2023-08-27-14-00-00", "latency": 94}, {"date": "2023-08-27-14-00-00", "latency": 94}, {"date": "2023-08-27-14-00-00", "latency": 94}]}, {"location": {"country_code": "ni"}, "game_id": "273486", "values": [{"date": "2023-08-27-05-00-00", "latency": 77}, {"date": "2023-08-27-05-00-00", "latency": 77}]}, {"location": {"country_code": "us", "region": "Alabama", "city": "Troy"}, "game_id": "273486", "values": [{"date": "2023-08-27-07-00-00", "latency": 74}, {"date": "2023-08-27-07-00-00", "latency": 74}]}, {"location": {"country_code": "fr", "region": "Normandy", "city": "Dieppe"}, "game_id": "273486", "values": [{"date": "2023-08-27-03-00-00", "latency": 51}, {"date": "2023-08-27-03-00-00", "latency": 51}, {"date": "2023-08-27-03-00-00", "latency": 51}, {"date": "2023-08-27-03-00-00", "latency": 51}, {"date": "2023-08-27-03-00-00", "latency": 51}, {"date": "2023-08-27-03-00-00", "latency": 51}, {"date": "2023-08-27-03-00-00", "latency": 51}, {"date": "2023-08-27-03-00-00", "latency": 51}, {"date": "2023-08-27-03-00-00", "latency": 51}, {"date": "2023-08-27-03-00-00", "latency": 51}, {"date": "2023-08-27-03-00-00", "latency": 51}, {"date": "2023-08-27-03-00-00", "latency": 51}, {"date": "2023-08-27-03-00-00", "latency": 51}]}], "last_updated": 1719927587.853754}