{"data": [{"location": {"country_code": "nz"}, "game_id": "295590", "values": [{"date": "2021-07-10-00-00-00", "alternatives": ["227", "227", "2270"]}, {"date": "2021-07-10-00-00-00", "alternatives": ["227", "227", "2270"]}]}, {"location": {"country_code": "us"}, "game_id": "295590", "values": [{"date": "2021-07-09-04-00-00", "alternatives": ["60", "09", "60"]}, {"date": "2021-07-10-00-00-00", "alternatives": ["33", "33", "53"]}, {"date": "2021-07-10-00-00-00", "alternatives": ["33", "33", "53"]}, {"date": "2021-07-10-01-00-00", "alternatives": ["63", "63", "631"]}, {"date": "2021-07-10-01-00-00", "alternatives": ["63", "63", "631"]}, {"date": "2021-07-09-20-00-00", "alternatives": ["31", "31", "311"]}, {"date": "2021-07-09-20-00-00", "alternatives": ["31", "31", "311"]}, {"date": "2021-07-09-20-00-00", "alternatives": ["31", "31", "311"]}, {"date": "2021-07-09-20-00-00", "alternatives": ["31", "31", "311"]}, {"date": "2021-07-09-20-00-00", "alternatives": ["31", "31", "311"]}, {"date": "2021-07-09-20-00-00", "alternatives": ["31", "31", "311"]}, {"date": "2021-07-09-20-00-00", "alternatives": ["31", "31", "311"]}, {"date": "2021-07-10-02-00-00", "alternatives": ["29", "29", "291"]}, {"date": "2021-07-10-02-00-00", "alternatives": ["29", "29", "291"]}, {"date": "2021-07-10-02-00-00", "alternatives": ["29", "29", "291"]}, {"date": "2021-07-10-02-00-00", "alternatives": ["29", "29", "291"]}, {"date": "2021-07-10-02-00-00", "alternatives": ["29", "29", "291"]}, {"date": "2021-07-10-02-00-00", "alternatives": ["29", "29", "291"]}, {"date": "2021-07-10-02-00-00", "alternatives": ["29", "29", "291"]}, {"date": "2021-07-10-02-00-00", "alternatives": ["29", "29", "291"]}, {"date": "2021-07-10-02-00-00", "alternatives": ["29", "29", "291"]}, {"date": "2021-07-10-02-00-00", "alternatives": ["29", "29", "291"]}, {"date": "2021-07-10-02-00-00", "alternatives": ["29", "29", "291"]}, {"date": "2021-07-10-02-00-00", "alternatives": ["29", "29", "291"]}, {"date": "2021-07-10-02-00-00", "alternatives": ["29", "29", "291"]}, {"date": "2021-07-10-02-00-00", "alternatives": ["29", "29", "291"]}, {"date": "2021-07-10-02-00-00", "alternatives": ["29", "29", "291"]}, {"date": "2021-07-10-02-00-00", "alternatives": ["29", "29", "291"]}, {"date": "2021-07-09-05-00-00", "alternatives": ["28", "28", "23"]}, {"date": "2021-07-09-19-00-00", "alternatives": ["46", "461", "46"]}]}, {"location": {"country_code": "de", "region": "Berlin", "city": "Berlin"}, "game_id": "295590", "values": [{"date": "2021-07-09-17-00-00", "alternatives": ["31", "311", "31"]}, {"date": "2021-07-09-13-00-00", "alternatives": ["31", "31", "51"]}, {"date": "2021-07-09-22-00-00", "alternatives": ["34", "34", "38"]}]}, {"location": {"country_code": "de"}, "game_id": "295590", "values": [{"date": "2021-07-09-18-00-00", "alternatives": ["31", "318", "31"]}, {"date": "2021-07-09-18-00-00", "alternatives": ["31", "318", "31"]}, {"date": "2021-07-09-18-00-00", "alternatives": ["31", "318", "31"]}, {"date": "2021-07-09-18-00-00", "alternatives": ["31", "318", "31"]}, {"date": "2021-07-09-18-00-00", "alternatives": ["31", "318", "31"]}, {"date": "2021-07-09-18-00-00", "alternatives": ["31", "318", "31"]}, {"date": "2021-07-09-18-00-00", "alternatives": ["31", "318", "31"]}, {"date": "2021-07-09-18-00-00", "alternatives": ["31", "318", "31"]}, {"date": "2021-07-09-19-00-00", "alternatives": ["25", "25", "251"]}, {"date": "2021-07-09-19-00-00", "alternatives": ["25", "25", "251"]}, {"date": "2021-07-09-19-00-00", "alternatives": ["25", "25", "251"]}, {"date": "2021-07-09-19-00-00", "alternatives": ["25", "25", "251"]}, {"date": "2021-07-09-19-00-00", "alternatives": ["25", "25", "251"]}, {"date": "2021-07-09-19-00-00", "alternatives": ["25", "25", "251"]}, {"date": "2021-07-09-18-00-00", "alternatives": ["255", "25", "25"]}, {"date": "2021-07-09-18-00-00", "alternatives": ["255", "25", "25"]}, {"date": "2021-07-09-17-00-00", "alternatives": ["2", "2", "24"]}, {"date": "2021-07-09-17-00-00", "alternatives": ["2", "2", "24"]}, {"date": "2021-07-09-17-00-00", "alternatives": ["2", "2", "24"]}, {"date": "2021-07-09-02-00-00", "alternatives": ["26", "26", "20"]}, {"date": "2021-07-09-22-00-00", "alternatives": ["21", "21", "217"]}, {"date": "2021-07-09-20-00-00", "alternatives": ["28", "28", "25"]}, {"date": "2021-07-09-20-00-00", "alternatives": ["28", "28", "25"]}, {"date": "2021-07-09-20-00-00", "alternatives": ["28", "28", "25"]}, {"date": "2021-07-09-20-00-00", "alternatives": ["28", "28", "25"]}, {"date": "2021-07-09-20-00-00", "alternatives": ["28", "28", "25"]}, {"date": "2021-07-09-20-00-00", "alternatives": ["28", "28", "25"]}, {"date": "2021-07-09-20-00-00", "alternatives": ["28", "28", "25"]}, {"date": "2021-07-09-20-00-00", "alternatives": ["28", "28", "25"]}, {"date": "2021-07-09-20-00-00", "alternatives": ["28", "28", "25"]}, {"date": "2021-07-09-20-00-00", "alternatives": ["28", "28", "25"]}, {"date": "2021-07-09-20-00-00", "alternatives": ["28", "28", "25"]}, {"date": "2021-07-09-20-00-00", "alternatives": ["28", "28", "25"]}, {"date": "2021-07-09-20-00-00", "alternatives": ["28", "28", "25"]}, {"date": "2021-07-09-12-00-00", "alternatives": ["26", "26", "20"]}, {"date": "2021-07-09-18-00-00", "alternatives": ["432", "32", "32"]}, {"date": "2021-07-10-00-00-00", "alternatives": ["25", "25", "235"]}, {"date": "2021-07-10-00-00-00", "alternatives": ["25", "25", "235"]}, {"date": "2021-07-10-00-00-00", "alternatives": ["25", "25", "235"]}, {"date": "2021-07-10-00-00-00", "alternatives": ["25", "25", "235"]}, {"date": "2021-07-10-00-00-00", "alternatives": ["25", "25", "235"]}, {"date": "2021-07-09-14-00-00", "alternatives": ["36", "36", "30"]}, {"date": "2021-07-09-14-00-00", "alternatives": ["36", "36", "30"]}, {"date": "2021-07-09-14-00-00", "alternatives": ["36", "36", "30"]}, {"date": "2021-07-09-14-00-00", "alternatives": ["36", "36", "30"]}, {"date": "2021-07-09-14-00-00", "alternatives": ["36", "36", "30"]}, {"date": "2021-07-09-14-00-00", "alternatives": ["36", "36", "30"]}, {"date": "2021-07-09-14-00-00", "alternatives": ["36", "36", "30"]}, {"date": "2021-07-09-14-00-00", "alternatives": ["36", "36", "30"]}, {"date": "2021-07-09-14-00-00", "alternatives": ["36", "36", "30"]}]}, {"location": {"country_code": "de", "region": "Brandenburg"}, "game_id": "295590", "values": [{"date": "2021-07-09-14-00-00", "alternatives": ["37", "37", "57"]}]}, {"location": {"country_code": "eg"}, "game_id": "295590", "values": [{"date": "2021-07-09-15-00-00", "alternatives": ["77", "77", "17"]}, {"date": "2021-07-09-15-00-00", "alternatives": ["77", "77", "17"]}]}, {"location": {"country_code": "us", "region": "New York", "city": "Jamestown"}, "game_id": "295590", "values": [{"date": "2021-07-10-00-00-00", "alternatives": ["30", "30", "300"]}, {"date": "2021-07-10-00-00-00", "alternatives": ["30", "30", "300"]}, {"date": "2021-07-10-00-00-00", "alternatives": ["30", "30", "300"]}, {"date": "2021-07-10-00-00-00", "alternatives": ["30", "30", "300"]}, {"date": "2021-07-10-00-00-00", "alternatives": ["30", "30", "300"]}, {"date": "2021-07-10-00-00-00", "alternatives": ["30", "30", "300"]}, {"date": "2021-07-10-00-00-00", "alternatives": ["30", "30", "300"]}, {"date": "2021-07-10-00-00-00", "alternatives": ["30", "30", "300"]}, {"date": "2021-07-10-00-00-00", "alternatives": ["30", "30", "300"]}, {"date": "2021-07-10-00-00-00", "alternatives": ["30", "30", "300"]}, {"date": "2021-07-10-00-00-00", "alternatives": ["30", "30", "300"]}, {"date": "2021-07-10-00-00-00", "alternatives": ["30", "30", "300"]}, {"date": "2021-07-10-00-00-00", "alternatives": ["30", "30", "300"]}, {"date": "2021-07-10-00-00-00", "alternatives": ["30", "30", "300"]}, {"date": "2021-07-10-00-00-00", "alternatives": ["30", "30", "300"]}, {"date": "2021-07-10-00-00-00", "alternatives": ["30", "30", "300"]}, {"date": "2021-07-10-00-00-00", "alternatives": ["30", "30", "300"]}, {"date": "2021-07-10-00-00-00", "alternatives": ["30", "30", "300"]}, {"date": "2021-07-09-05-00-00", "alternatives": ["38", "38", "28"]}, {"date": "2021-07-09-07-00-00", "alternatives": ["39", "39", "391"]}, {"date": "2021-07-09-07-00-00", "alternatives": ["39", "39", "391"]}, {"date": "2021-07-09-07-00-00", "alternatives": ["39", "39", "391"]}, {"date": "2021-07-09-07-00-00", "alternatives": ["39", "39", "391"]}, {"date": "2021-07-09-07-00-00", "alternatives": ["39", "39", "391"]}, {"date": "2021-07-09-07-00-00", "alternatives": ["39", "39", "391"]}, {"date": "2021-07-09-22-00-00", "alternatives": ["1", "1", "3"]}, {"date": "2021-07-09-22-00-00", "alternatives": ["1", "1", "3"]}, {"date": "2021-07-09-22-00-00", "alternatives": ["1", "1", "3"]}, {"date": "2021-07-09-22-00-00", "alternatives": ["1", "1", "3"]}, {"date": "2021-07-09-22-00-00", "alternatives": ["1", "1", "3"]}, {"date": "2021-07-09-22-00-00", "alternatives": ["1", "1", "3"]}, {"date": "2021-07-09-18-00-00", "alternatives": ["26", "26", "2071"]}, {"date": "2021-07-09-18-00-00", "alternatives": ["26", "26", "2071"]}, {"date": "2021-07-09-05-00-00", "alternatives": ["37", "370", "37"]}, {"date": "2021-07-09-05-00-00", "alternatives": ["37", "370", "37"]}, {"date": "2021-07-09-05-00-00", "alternatives": ["27", "27", "21"]}, {"date": "2021-07-09-05-00-00", "alternatives": ["27", "27", "21"]}, {"date": "2021-07-10-02-00-00", "alternatives": ["26", "26", "20"]}, {"date": "2021-07-10-02-00-00", "alternatives": ["26", "26", "20"]}]}, {"location": {"country_code": "gb"}, "game_id": "295590", "values": [{"date": "2021-07-10-02-00-00", "alternatives": ["48", "48", "43"]}]}, {"location": {"country_code": "gb", "region": "England", "city": "Eastleigh"}, "game_id": "295590", "values": [{"date": "2021-07-10-00-00-00", "alternatives": ["29", "29", "291"]}, {"date": "2021-07-10-00-00-00", "alternatives": ["29", "29", "291"]}, {"date": "2021-07-10-00-00-00", "alternatives": ["29", "29", "291"]}]}, {"location": {"country_code": "gr"}, "game_id": "295590", "values": [{"date": "2021-07-09-23-00-00", "alternatives": ["72", "72", "12"]}, {"date": "2021-07-09-23-00-00", "alternatives": ["72", "72", "12"]}, {"date": "2021-07-09-23-00-00", "alternatives": ["72", "72", "12"]}, {"date": "2021-07-09-23-00-00", "alternatives": ["72", "72", "12"]}]}, {"location": {"country_code": "nl"}, "game_id": "295590", "values": [{"date": "2021-07-09-23-00-00", "alternatives": ["0", "20", "0"]}, {"date": "2021-07-09-21-00-00", "alternatives": ["130", "13", "13"]}, {"date": "2021-07-09-21-00-00", "alternatives": ["130", "13", "13"]}, {"date": "2021-07-09-21-00-00", "alternatives": ["130", "13", "13"]}, {"date": "2021-07-09-14-00-00", "alternatives": ["130", "13", "13"]}, {"date": "2021-07-09-14-00-00", "alternatives": ["130", "13", "13"]}, {"date": "2021-07-09-14-00-00", "alternatives": ["130", "13", "13"]}, {"date": "2021-07-09-14-00-00", "alternatives": ["130", "13", "13"]}, {"date": "2021-07-09-14-00-00", "alternatives": ["130", "13", "13"]}]}, {"location": {"country_code": "cz"}, "game_id": "295590", "values": [{"date": "2021-07-09-17-00-00", "alternatives": ["37", "37", "57"]}, {"date": "2021-07-09-17-00-00", "alternatives": ["37", "37", "57"]}]}, {"location": {"country_code": "it"}, "game_id": "295590", "values": [{"date": "2021-07-09-13-00-00", "alternatives": ["39", "39", "30"]}, {"date": "2021-07-09-13-00-00", "alternatives": ["39", "39", "30"]}, {"date": "2021-07-09-14-00-00", "alternatives": ["26", "26", "20"]}, {"date": "2021-07-09-14-00-00", "alternatives": ["26", "26", "20"]}, {"date": "2021-07-09-14-00-00", "alternatives": ["26", "26", "20"]}, {"date": "2021-07-09-14-00-00", "alternatives": ["26", "26", "20"]}]}, {"location": {"country_code": "ro"}, "game_id": "295590", "values": [{"date": "2021-07-09-15-00-00", "alternatives": ["50", "50", "290"]}, {"date": "2021-07-09-23-00-00", "alternatives": ["54", "54", "34"]}]}, {"location": {"country_code": "jp"}, "game_id": "295590", "values": [{"date": "2021-07-09-02-00-00", "alternatives": ["44", "0", "44"]}]}, {"location": {"country_code": "ca"}, "game_id": "295590", "values": [{"date": "2021-07-09-02-00-00", "alternatives": ["43", "443", "43"]}]}, {"location": {"country_code": "ch"}, "game_id": "295590", "values": [{"date": "2021-07-09-19-00-00", "alternatives": ["36", "36", "50"]}, {"date": "2021-07-09-19-00-00", "alternatives": ["36", "36", "50"]}, {"date": "2021-07-09-16-00-00", "alternatives": ["22", "22", "221"]}, {"date": "2021-07-09-16-00-00", "alternatives": ["22", "22", "221"]}, {"date": "2021-07-09-16-00-00", "alternatives": ["22", "22", "221"]}, {"date": "2021-07-09-16-00-00", "alternatives": ["22", "22", "221"]}, {"date": "2021-07-09-16-00-00", "alternatives": ["22", "22", "221"]}, {"date": "2021-07-09-16-00-00", "alternatives": ["22", "22", "221"]}, {"date": "2021-07-09-16-00-00", "alternatives": ["22", "22", "292"]}]}, {"location": {"country_code": "tw"}, "game_id": "295590", "values": [{"date": "2021-07-09-07-00-00", "alternatives": ["112", "11", "11"]}, {"date": "2021-07-09-07-00-00", "alternatives": ["112", "11", "11"]}, {"date": "2021-07-09-07-00-00", "alternatives": ["112", "11", "11"]}, {"date": "2021-07-09-07-00-00", "alternatives": ["112", "11", "11"]}]}, {"location": {"country_code": "br", "region": "Parana", "city": "Araucaria"}, "game_id": "295590", "values": [{"date": "2021-07-09-05-00-00", "alternatives": ["20", "20", "207"]}, {"date": "2021-07-09-05-00-00", "alternatives": ["20", "20", "207"]}]}, {"location": {"country_code": "gb", "region": "England"}, "game_id": "295590", "values": [{"date": "2021-07-09-15-00-00", "alternatives": ["29", "29", "291"]}, {"date": "2021-07-10-00-00-00", "alternatives": ["410", "41", "41"]}, {"date": "2021-07-10-00-00-00", "alternatives": ["410", "41", "41"]}, {"date": "2021-07-10-00-00-00", "alternatives": ["410", "41", "41"]}]}, {"location": {"country_code": "gb", "region": "Scotland"}, "game_id": "295590", "values": [{"date": "2021-07-09-23-00-00", "alternatives": ["38", "38", "33"]}]}, {"location": {"country_code": "cl"}, "game_id": "295590", "values": [{"date": "2021-07-09-06-00-00", "alternatives": ["10", "10", "101"]}, {"date": "2021-07-09-06-00-00", "alternatives": ["10", "10", "101"]}, {"date": "2021-07-09-06-00-00", "alternatives": ["10", "10", "101"]}, {"date": "2021-07-09-05-00-00", "alternatives": ["37", "376", "37"]}, {"date": "2021-07-09-05-00-00", "alternatives": ["37", "376", "37"]}, {"date": "2021-07-09-07-00-00", "alternatives": ["13", "13", "5"]}, {"date": "2021-07-09-07-00-00", "alternatives": ["13", "13", "5"]}, {"date": "2021-07-09-07-00-00", "alternatives": ["13", "13", "5"]}, {"date": "2021-07-09-07-00-00", "alternatives": ["13", "13", "5"]}, {"date": "2021-07-09-07-00-00", "alternatives": ["13", "13", "5"]}, {"date": "2021-07-09-07-00-00", "alternatives": ["13", "13", "5"]}, {"date": "2021-07-09-02-00-00", "alternatives": ["143", "1430", "143"]}, {"date": "2021-07-09-07-00-00", "alternatives": ["11", "117", "11"]}, {"date": "2021-07-09-07-00-00", "alternatives": ["11", "117", "11"]}, {"date": "2021-07-09-07-00-00", "alternatives": ["11", "117", "11"]}, {"date": "2021-07-09-02-00-00", "alternatives": ["9", "00", "9"]}, {"date": "2021-07-09-11-00-00", "alternatives": ["57", "7", "7"]}, {"date": "2021-07-09-11-00-00", "alternatives": ["57", "7", "7"]}, {"date": "2021-07-09-05-00-00", "alternatives": ["33", "33", "2"]}, {"date": "2021-07-09-06-00-00", "alternatives": ["54", "54", "24"]}, {"date": "2021-07-09-06-00-00", "alternatives": ["54", "54", "24"]}, {"date": "2021-07-09-06-00-00", "alternatives": ["54", "54", "24"]}, {"date": "2021-07-09-06-00-00", "alternatives": ["54", "54", "24"]}]}, {"location": {"country_code": "us", "region": "Texas"}, "game_id": "295590", "values": [{"date": "2021-07-09-21-00-00", "alternatives": ["31", "311", "31"]}, {"date": "2021-07-09-21-00-00", "alternatives": ["31", "311", "31"]}, {"date": "2021-07-09-07-00-00", "alternatives": ["33", "33", "331"]}, {"date": "2021-07-09-07-00-00", "alternatives": ["33", "33", "331"]}, {"date": "2021-07-09-07-00-00", "alternatives": ["33", "33", "331"]}, {"date": "2021-07-09-07-00-00", "alternatives": ["33", "33", "331"]}, {"date": "2021-07-09-07-00-00", "alternatives": ["33", "33", "331"]}, {"date": "2021-07-09-07-00-00", "alternatives": ["33", "33", "331"]}, {"date": "2021-07-09-07-00-00", "alternatives": ["33", "33", "331"]}, {"date": "2021-07-09-07-00-00", "alternatives": ["33", "33", "331"]}, {"date": "2021-07-09-07-00-00", "alternatives": ["33", "33", "331"]}, {"date": "2021-07-09-07-00-00", "alternatives": ["33", "33", "331"]}, {"date": "2021-07-09-07-00-00", "alternatives": ["33", "33", "331"]}, {"date": "2021-07-09-07-00-00", "alternatives": ["33", "33", "331"]}, {"date": "2021-07-09-07-00-00", "alternatives": ["33", "33", "331"]}, {"date": "2021-07-09-05-00-00", "alternatives": ["58", "58", "38"]}, {"date": "2021-07-09-06-00-00", "alternatives": ["49", "6", "49"]}, {"date": "2021-07-09-06-00-00", "alternatives": ["49", "6", "49"]}]}, {"location": {"country_code": "us", "region": "Florida"}, "game_id": "295590", "values": [{"date": "2021-07-09-05-00-00", "alternatives": ["51", "1", "1"]}, {"date": "2021-07-09-05-00-00", "alternatives": ["51", "1", "1"]}, {"date": "2021-07-09-05-00-00", "alternatives": ["51", "1", "1"]}, {"date": "2021-07-10-01-00-00", "alternatives": ["68", "68", "63"]}, {"date": "2021-07-10-01-00-00", "alternatives": ["68", "68", "63"]}, {"date": "2021-07-10-01-00-00", "alternatives": ["68", "68", "63"]}, {"date": "2021-07-10-01-00-00", "alternatives": ["68", "68", "63"]}, {"date": "2021-07-10-01-00-00", "alternatives": ["68", "68", "63"]}, {"date": "2021-07-10-01-00-00", "alternatives": ["68", "68", "63"]}, {"date": "2021-07-10-01-00-00", "alternatives": ["68", "68", "63"]}, {"date": "2021-07-10-01-00-00", "alternatives": ["68", "68", "63"]}, {"date": "2021-07-10-01-00-00", "alternatives": ["68", "68", "63"]}, {"date": "2021-07-10-01-00-00", "alternatives": ["68", "68", "63"]}, {"date": "2021-07-10-01-00-00", "alternatives": ["68", "68", "63"]}, {"date": "2021-07-10-01-00-00", "alternatives": ["68", "68", "63"]}, {"date": "2021-07-10-01-00-00", "alternatives": ["68", "68", "63"]}, {"date": "2021-07-10-01-00-00", "alternatives": ["68", "68", "63"]}]}, {"location": {"country_code": "us", "region": "Iowa"}, "game_id": "295590", "values": [{"date": "2021-07-09-06-00-00", "alternatives": ["1", "37", "37"]}, {"date": "2021-07-09-06-00-00", "alternatives": ["1", "37", "37"]}, {"date": "2021-07-09-21-00-00", "alternatives": ["38", "8", "8"]}, {"date": "2021-07-09-21-00-00", "alternatives": ["38", "8", "8"]}, {"date": "2021-07-09-21-00-00", "alternatives": ["38", "8", "8"]}, {"date": "2021-07-09-21-00-00", "alternatives": ["38", "8", "8"]}, {"date": "2021-07-09-21-00-00", "alternatives": ["38", "8", "8"]}, {"date": "2021-07-09-21-00-00", "alternatives": ["38", "8", "8"]}, {"date": "2021-07-09-21-00-00", "alternatives": ["38", "8", "8"]}, {"date": "2021-07-09-21-00-00", "alternatives": ["38", "8", "8"]}, {"date": "2021-07-09-21-00-00", "alternatives": ["38", "8", "8"]}, {"date": "2021-07-09-21-00-00", "alternatives": ["38", "8", "8"]}, {"date": "2021-07-09-21-00-00", "alternatives": ["38", "8", "8"]}, {"date": "2021-07-09-21-00-00", "alternatives": ["38", "8", "8"]}, {"date": "2021-07-09-21-00-00", "alternatives": ["38", "8", "8"]}, {"date": "2021-07-09-21-00-00", "alternatives": ["38", "8", "8"]}, {"date": "2021-07-09-21-00-00", "alternatives": ["38", "8", "8"]}, {"date": "2021-07-09-21-00-00", "alternatives": ["38", "8", "8"]}, {"date": "2021-07-09-21-00-00", "alternatives": ["38", "8", "8"]}, {"date": "2021-07-09-21-00-00", "alternatives": ["38", "8", "8"]}]}, {"location": {"country_code": "ph"}, "game_id": "295590", "values": [{"date": "2021-07-09-15-00-00", "alternatives": ["12", "127", "12"]}]}, {"location": {"country_code": "fr"}, "game_id": "295590", "values": [{"date": "2021-07-09-13-00-00", "alternatives": ["24", "24", "94"]}, {"date": "2021-07-09-16-00-00", "alternatives": ["26", "26", "20"]}, {"date": "2021-07-10-01-00-00", "alternatives": ["19", "19", "191"]}, {"date": "2021-07-09-23-00-00", "alternatives": ["24", "24", "23"]}]}, {"location": {"country_code": "br", "region": "Minas Gerais", "city": "Betim"}, "game_id": "295590", "values": [{"date": "2021-07-10-02-00-00", "alternatives": ["23", "23", "231"]}, {"date": "2021-07-10-02-00-00", "alternatives": ["23", "23", "231"]}, {"date": "2021-07-09-02-00-00", "alternatives": ["3", "55", "3"]}]}, {"location": {"country_code": "mx"}, "game_id": "295590", "values": [{"date": "2021-07-09-07-00-00", "alternatives": ["95", "95", "951"]}, {"date": "2021-07-09-07-00-00", "alternatives": ["95", "95", "951"]}, {"date": "2021-07-09-07-00-00", "alternatives": ["95", "95", "951"]}, {"date": "2021-07-09-07-00-00", "alternatives": ["95", "95", "951"]}, {"date": "2021-07-09-07-00-00", "alternatives": ["95", "95", "951"]}, {"date": "2021-07-09-07-00-00", "alternatives": ["95", "95", "951"]}, {"date": "2021-07-09-07-00-00", "alternatives": ["95", "95", "951"]}, {"date": "2021-07-09-07-00-00", "alternatives": ["95", "95", "951"]}, {"date": "2021-07-09-07-00-00", "alternatives": ["95", "95", "951"]}, {"date": "2021-07-09-07-00-00", "alternatives": ["95", "95", "951"]}, {"date": "2021-07-09-07-00-00", "alternatives": ["95", "95", "951"]}, {"date": "2021-07-09-02-00-00", "alternatives": ["88", "89", "88"]}, {"date": "2021-07-09-07-00-00", "alternatives": ["96", "961", "96"]}, {"date": "2021-07-09-07-00-00", "alternatives": ["96", "961", "96"]}, {"date": "2021-07-09-07-00-00", "alternatives": ["96", "961", "96"]}, {"date": "2021-07-09-07-00-00", "alternatives": ["96", "961", "96"]}, {"date": "2021-07-09-07-00-00", "alternatives": ["96", "961", "96"]}, {"date": "2021-07-09-06-00-00", "alternatives": ["55", "5", "5"]}, {"date": "2021-07-09-06-00-00", "alternatives": ["55", "5", "5"]}, {"date": "2021-07-09-06-00-00", "alternatives": ["55", "5", "5"]}, {"date": "2021-07-10-02-00-00", "alternatives": ["59", "59", "29"]}, {"date": "2021-07-10-02-00-00", "alternatives": ["59", "59", "29"]}, {"date": "2021-07-10-02-00-00", "alternatives": ["59", "59", "29"]}, {"date": "2021-07-10-02-00-00", "alternatives": ["59", "59", "29"]}, {"date": "2021-07-10-02-00-00", "alternatives": ["59", "59", "29"]}, {"date": "2021-07-09-05-00-00", "alternatives": ["8", "8", "80"]}, {"date": "2021-07-09-05-00-00", "alternatives": ["8", "8", "80"]}, {"date": "2021-07-09-07-00-00", "alternatives": ["66", "66", "60"]}, {"date": "2021-07-09-07-00-00", "alternatives": ["66", "66", "60"]}, {"date": "2021-07-09-07-00-00", "alternatives": ["66", "66", "60"]}, {"date": "2021-07-09-07-00-00", "alternatives": ["66", "66", "60"]}, {"date": "2021-07-09-07-00-00", "alternatives": ["66", "66", "60"]}, {"date": "2021-07-09-07-00-00", "alternatives": ["66", "66", "60"]}, {"date": "2021-07-09-07-00-00", "alternatives": ["66", "66", "60"]}, {"date": "2021-07-09-07-00-00", "alternatives": ["66", "66", "60"]}, {"date": "2021-07-09-07-00-00", "alternatives": ["66", "66", "60"]}, {"date": "2021-07-09-07-00-00", "alternatives": ["66", "66", "60"]}, {"date": "2021-07-09-07-00-00", "alternatives": ["68", "63", "68"]}, {"date": "2021-07-10-02-00-00", "alternatives": ["53", "3", "3"]}]}, {"location": {"country_code": "us", "region": "Ohio"}, "game_id": "295590", "values": [{"date": "2021-07-09-17-00-00", "alternatives": ["48", "48", "18"]}, {"date": "2021-07-09-17-00-00", "alternatives": ["48", "48", "18"]}, {"date": "2021-07-09-06-00-00", "alternatives": ["58", "58", "38"]}, {"date": "2021-07-09-06-00-00", "alternatives": ["58", "58", "38"]}, {"date": "2021-07-09-06-00-00", "alternatives": ["58", "58", "38"]}, {"date": "2021-07-09-06-00-00", "alternatives": ["58", "58", "38"]}]}, {"location": {"country_code": "mx", "region": "Mexico City"}, "game_id": "295590", "values": [{"date": "2021-07-09-07-00-00", "alternatives": ["57", "57", "37"]}, {"date": "2021-07-09-07-00-00", "alternatives": ["57", "57", "37"]}, {"date": "2021-07-09-02-00-00", "alternatives": ["55", "55", "357"]}]}, {"location": {"country_code": "us", "region": "California"}, "game_id": "295590", "values": [{"date": "2021-07-09-07-00-00", "alternatives": ["74", "74", "14"]}, {"date": "2021-07-09-07-00-00", "alternatives": ["74", "74", "14"]}, {"date": "2021-07-09-05-00-00", "alternatives": ["64", "64", "61"]}, {"date": "2021-07-09-20-00-00", "alternatives": ["7", "7", "57"]}, {"date": "2021-07-09-06-00-00", "alternatives": ["54", "54", "94"]}, {"date": "2021-07-09-23-00-00", "alternatives": ["74", "74", "73"]}, {"date": "2021-07-09-23-00-00", "alternatives": ["74", "74", "73"]}, {"date": "2021-07-09-23-00-00", "alternatives": ["74", "74", "73"]}, {"date": "2021-07-09-06-00-00", "alternatives": ["72", "72", "12"]}, {"date": "2021-07-09-06-00-00", "alternatives": ["72", "72", "12"]}]}, {"location": {"country_code": "rs"}, "game_id": "295590", "values": [{"date": "2021-07-09-15-00-00", "alternatives": ["48", "480", "48"]}]}, {"location": {"country_code": "br"}, "game_id": "295590", "values": [{"date": "2021-07-09-02-00-00", "alternatives": ["29", "6", "29"]}, {"date": "2021-07-09-07-00-00", "alternatives": ["140", "14", "14"]}, {"date": "2021-07-10-01-00-00", "alternatives": ["29", "0", "29"]}, {"date": "2021-07-09-21-00-00", "alternatives": ["23", "23", "230"]}, {"date": "2021-07-09-17-00-00", "alternatives": ["27", "271", "27"]}, {"date": "2021-07-09-17-00-00", "alternatives": ["27", "271", "27"]}, {"date": "2021-07-09-21-00-00", "alternatives": ["12", "121", "12"]}, {"date": "2021-07-09-21-00-00", "alternatives": ["12", "121", "12"]}, {"date": "2021-07-09-21-00-00", "alternatives": ["12", "121", "12"]}, {"date": "2021-07-09-21-00-00", "alternatives": ["12", "121", "12"]}, {"date": "2021-07-09-21-00-00", "alternatives": ["12", "121", "12"]}, {"date": "2021-07-09-21-00-00", "alternatives": ["12", "121", "12"]}, {"date": "2021-07-09-21-00-00", "alternatives": ["12", "121", "12"]}, {"date": "2021-07-09-02-00-00", "alternatives": ["35", "35", "30"]}, {"date": "2021-07-09-02-00-00", "alternatives": ["35", "35", "30"]}, {"date": "2021-07-10-02-00-00", "alternatives": ["11", "111", "11"]}, {"date": "2021-07-10-02-00-00", "alternatives": ["11", "111", "11"]}, {"date": "2021-07-09-19-00-00", "alternatives": ["29", "29", "291"]}, {"date": "2021-07-10-01-00-00", "alternatives": ["16", "6", "6"]}, {"date": "2021-07-10-01-00-00", "alternatives": ["16", "6", "6"]}, {"date": "2021-07-09-16-00-00", "alternatives": ["11", "111", "11"]}, {"date": "2021-07-09-16-00-00", "alternatives": ["11", "111", "11"]}]}, {"location": {"country_code": "br", "region": "Sao Paulo", "city": "Apiai"}, "game_id": "295590", "values": [{"date": "2021-07-09-05-00-00", "alternatives": ["26", "26", "20"]}, {"date": "2021-07-10-01-00-00", "alternatives": ["14", "9", "14"]}, {"date": "2021-07-10-01-00-00", "alternatives": ["14", "9", "14"]}, {"date": "2021-07-10-01-00-00", "alternatives": ["14", "9", "14"]}, {"date": "2021-07-09-22-00-00", "alternatives": ["130", "13", "13"]}, {"date": "2021-07-09-22-00-00", "alternatives": ["130", "13", "13"]}, {"date": "2021-07-10-02-00-00", "alternatives": ["14", "14", "12"]}, {"date": "2021-07-10-02-00-00", "alternatives": ["14", "14", "12"]}, {"date": "2021-07-10-02-00-00", "alternatives": ["14", "14", "12"]}, {"date": "2021-07-09-14-00-00", "alternatives": ["24", "241", "24"]}, {"date": "2021-07-10-01-00-00", "alternatives": ["151", "151", "191"]}, {"date": "2021-07-10-01-00-00", "alternatives": ["151", "151", "191"]}, {"date": "2021-07-10-01-00-00", "alternatives": ["151", "151", "191"]}, {"date": "2021-07-10-00-00-00", "alternatives": ["16", "16", "167"]}, {"date": "2021-07-10-00-00-00", "alternatives": ["16", "16", "167"]}, {"date": "2021-07-10-00-00-00", "alternatives": ["16", "16", "167"]}, {"date": "2021-07-10-00-00-00", "alternatives": ["16", "16", "167"]}, {"date": "2021-07-10-00-00-00", "alternatives": ["16", "16", "167"]}, {"date": "2021-07-10-00-00-00", "alternatives": ["16", "16", "167"]}, {"date": "2021-07-10-00-00-00", "alternatives": ["16", "16", "167"]}, {"date": "2021-07-10-00-00-00", "alternatives": ["16", "16", "167"]}, {"date": "2021-07-10-00-00-00", "alternatives": ["16", "16", "167"]}, {"date": "2021-07-10-00-00-00", "alternatives": ["16", "16", "167"]}, {"date": "2021-07-10-00-00-00", "alternatives": ["16", "16", "167"]}, {"date": "2021-07-10-00-00-00", "alternatives": ["16", "16", "167"]}, {"date": "2021-07-10-00-00-00", "alternatives": ["16", "16", "167"]}, {"date": "2021-07-09-05-00-00", "alternatives": ["11", "111", "11"]}, {"date": "2021-07-09-02-00-00", "alternatives": ["26", "26", "20"]}, {"date": "2021-07-09-06-00-00", "alternatives": ["17", "177", "17"]}, {"date": "2021-07-09-06-00-00", "alternatives": ["17", "177", "17"]}, {"date": "2021-07-09-05-00-00", "alternatives": ["22", "22", "2217"]}, {"date": "2021-07-09-07-00-00", "alternatives": ["18", "180", "18"]}, {"date": "2021-07-09-07-00-00", "alternatives": ["18", "180", "18"]}, {"date": "2021-07-09-07-00-00", "alternatives": ["18", "180", "18"]}]}, {"location": {"country_code": "br", "region": "Federal District", "city": "Brasilia"}, "game_id": "295590", "values": [{"date": "2021-07-09-07-00-00", "alternatives": ["41", "41", "11"]}, {"date": "2021-07-09-07-00-00", "alternatives": ["41", "41", "11"]}, {"date": "2021-07-09-07-00-00", "alternatives": ["41", "41", "11"]}, {"date": "2021-07-09-07-00-00", "alternatives": ["41", "41", "11"]}]}, {"location": {"country_code": "br", "region": "Sao Paulo", "city": "Barueri"}, "game_id": "295590", "values": [{"date": "2021-07-09-07-00-00", "alternatives": ["15", "15", "151"]}]}, {"location": {"country_code": "se"}, "game_id": "295590", "values": [{"date": "2021-07-09-17-00-00", "alternatives": ["28", "28", "23"]}, {"date": "2021-07-09-17-00-00", "alternatives": ["28", "28", "23"]}, {"date": "2021-07-09-17-00-00", "alternatives": ["28", "28", "23"]}, {"date": "2021-07-09-17-00-00", "alternatives": ["40", "40", "10"]}, {"date": "2021-07-09-17-00-00", "alternatives": ["40", "40", "10"]}, {"date": "2021-07-09-17-00-00", "alternatives": ["40", "40", "10"]}, {"date": "2021-07-09-17-00-00", "alternatives": ["40", "40", "10"]}, {"date": "2021-07-09-17-00-00", "alternatives": ["40", "40", "10"]}, {"date": "2021-07-09-17-00-00", "alternatives": ["40", "40", "10"]}]}, {"location": {"country_code": "no"}, "game_id": "295590", "values": [{"date": "2021-07-09-19-00-00", "alternatives": ["38", "38", "387"]}, {"date": "2021-07-09-19-00-00", "alternatives": ["38", "38", "387"]}, {"date": "2021-07-09-18-00-00", "alternatives": ["36", "36", "30"]}, {"date": "2021-07-09-18-00-00", "alternatives": ["36", "36", "30"]}, {"date": "2021-07-09-18-00-00", "alternatives": ["36", "36", "30"]}, {"date": "2021-07-09-18-00-00", "alternatives": ["36", "36", "30"]}, {"date": "2021-07-09-18-00-00", "alternatives": ["36", "36", "30"]}]}, {"location": {"country_code": "us", "region": "Ohio", "city": "Cincinnati"}, "game_id": "295590", "values": [{"date": "2021-07-09-07-00-00", "alternatives": ["29", "29", "291"]}, {"date": "2021-07-09-07-00-00", "alternatives": ["29", "29", "291"]}, {"date": "2021-07-09-07-00-00", "alternatives": ["29", "29", "291"]}, {"date": "2021-07-09-07-00-00", "alternatives": ["29", "29", "291"]}]}, {"location": {"country_code": "ec"}, "game_id": "295590", "values": [{"date": "2021-07-09-12-00-00", "alternatives": ["10", "10", "110"]}, {"date": "2021-07-09-12-00-00", "alternatives": ["10", "10", "110"]}]}, {"location": {"country_code": "au"}, "game_id": "295590", "values": [{"date": "2021-07-09-14-00-00", "alternatives": ["26", "26", "20"]}, {"date": "2021-07-09-07-00-00", "alternatives": ["23", "23", "2371"]}, {"date": "2021-07-09-07-00-00", "alternatives": ["23", "23", "2371"]}, {"date": "2021-07-09-07-00-00", "alternatives": ["36", "361", "36"]}, {"date": "2021-07-09-08-00-00", "alternatives": ["26", "26", "20"]}, {"date": "2021-07-09-08-00-00", "alternatives": ["26", "26", "20"]}, {"date": "2021-07-09-08-00-00", "alternatives": ["26", "26", "20"]}, {"date": "2021-07-09-08-00-00", "alternatives": ["26", "26", "20"]}, {"date": "2021-07-09-08-00-00", "alternatives": ["26", "26", "20"]}, {"date": "2021-07-09-08-00-00", "alternatives": ["26", "26", "20"]}, {"date": "2021-07-09-08-00-00", "alternatives": ["26", "26", "20"]}, {"date": "2021-07-09-08-00-00", "alternatives": ["26", "26", "20"]}, {"date": "2021-07-09-08-00-00", "alternatives": ["26", "26", "20"]}]}, {"location": {"country_code": "au", "region": "Victoria", "city": "Melbourne"}, "game_id": "295590", "values": [{"date": "2021-07-09-14-00-00", "alternatives": ["36", "36", "30"]}]}, {"location": {"country_code": "br", "region": "Goias", "city": "Catalao"}, "game_id": "295590", "values": [{"date": "2021-07-10-01-00-00", "alternatives": ["23", "23", "25"]}, {"date": "2021-07-09-18-00-00", "alternatives": ["51", "1", "1"]}, {"date": "2021-07-09-18-00-00", "alternatives": ["51", "1", "1"]}, {"date": "2021-07-09-18-00-00", "alternatives": ["51", "1", "1"]}]}, {"location": {"country_code": "fr", "region": "Alvernia-Rodano-Alpi"}, "game_id": "295590", "values": [{"date": "2021-07-09-16-00-00", "alternatives": ["30", "50", "30"]}]}, {"location": {"country_code": "es"}, "game_id": "295590", "values": [{"date": "2021-07-09-22-00-00", "alternatives": ["38", "88", "38"]}, {"date": "2021-07-09-22-00-00", "alternatives": ["38", "88", "38"]}, {"date": "2021-07-09-22-00-00", "alternatives": ["38", "88", "38"]}, {"date": "2021-07-09-22-00-00", "alternatives": ["38", "88", "38"]}, {"date": "2021-07-09-22-00-00", "alternatives": ["38", "88", "38"]}, {"date": "2021-07-10-01-00-00", "alternatives": ["46", "46", "406"]}, {"date": "2021-07-09-12-00-00", "alternatives": ["33", "33", "331"]}, {"date": "2021-07-09-12-00-00", "alternatives": ["33", "33", "331"]}]}, {"location": {"country_code": "dk"}, "game_id": "295590", "values": [{"date": "2021-07-09-18-00-00", "alternatives": ["36", "36", "30"]}, {"date": "2021-07-09-18-00-00", "alternatives": ["36", "36", "30"]}]}, {"location": {"country_code": "tr"}, "game_id": "295590", "values": [{"date": "2021-07-09-15-00-00", "alternatives": ["55", "55", "20"]}, {"date": "2021-07-10-02-00-00", "alternatives": ["31", "31", "51"]}, {"date": "2021-07-10-02-00-00", "alternatives": ["31", "31", "51"]}]}, {"location": {"country_code": "pl", "region": "Greater Poland Voivodeship"}, "game_id": "295590", "values": [{"date": "2021-07-09-21-00-00", "alternatives": ["49", "6", "49"]}, {"date": "2021-07-09-21-00-00", "alternatives": ["49", "6", "49"]}, {"date": "2021-07-09-21-00-00", "alternatives": ["49", "6", "49"]}, {"date": "2021-07-09-18-00-00", "alternatives": ["39", "39", "30"]}]}, {"location": {"country_code": "de", "region": "Saxony"}, "game_id": "295590", "values": [{"date": "2021-07-09-12-00-00", "alternatives": ["33", "0", "33"]}]}, {"location": {"country_code": "kr"}, "game_id": "295590", "values": [{"date": "2021-07-09-18-00-00", "alternatives": ["11", "11", "117"]}]}, {"location": {"country_code": "us", "region": "Pennsylvania", "city": "Philadelphia"}, "game_id": "295590", "values": [{"date": "2021-07-09-23-00-00", "alternatives": ["42", "42", "49"]}]}, {"location": {"country_code": "ar"}, "game_id": "295590", "values": [{"date": "2021-07-09-07-00-00", "alternatives": ["38", "81", "38"]}, {"date": "2021-07-10-02-00-00", "alternatives": ["68", "68", "638"]}, {"date": "2021-07-10-02-00-00", "alternatives": ["68", "68", "638"]}, {"date": "2021-07-09-13-00-00", "alternatives": ["37", "371", "37"]}, {"date": "2021-07-09-13-00-00", "alternatives": ["37", "371", "37"]}, {"date": "2021-07-09-13-00-00", "alternatives": ["37", "371", "37"]}, {"date": "2021-07-09-13-00-00", "alternatives": ["37", "371", "37"]}, {"date": "2021-07-10-00-00-00", "alternatives": ["45", "4", "4"]}, {"date": "2021-07-10-00-00-00", "alternatives": ["45", "4", "4"]}, {"date": "2021-07-10-00-00-00", "alternatives": ["45", "4", "4"]}, {"date": "2021-07-09-06-00-00", "alternatives": ["47", "47", "37"]}, {"date": "2021-07-09-06-00-00", "alternatives": ["47", "47", "37"]}, {"date": "2021-07-09-06-00-00", "alternatives": ["47", "47", "37"]}, {"date": "2021-07-09-06-00-00", "alternatives": ["47", "47", "37"]}, {"date": "2021-07-09-06-00-00", "alternatives": ["47", "47", "37"]}, {"date": "2021-07-09-22-00-00", "alternatives": ["38", "38", "28"]}, {"date": "2021-07-09-22-00-00", "alternatives": ["38", "38", "28"]}, {"date": "2021-07-09-22-00-00", "alternatives": ["38", "38", "28"]}, {"date": "2021-07-09-02-00-00", "alternatives": ["46", "460", "46"]}, {"date": "2021-07-09-02-00-00", "alternatives": ["46", "460", "46"]}, {"date": "2021-07-09-02-00-00", "alternatives": ["46", "460", "46"]}, {"date": "2021-07-09-12-00-00", "alternatives": ["33", "33", "330"]}, {"date": "2021-07-09-20-00-00", "alternatives": ["10", "0", "0"]}, {"date": "2021-07-09-21-00-00", "alternatives": ["39", "38", "38"]}, {"date": "2021-07-09-21-00-00", "alternatives": ["39", "38", "38"]}, {"date": "2021-07-09-21-00-00", "alternatives": ["39", "38", "38"]}, {"date": "2021-07-09-21-00-00", "alternatives": ["39", "38", "38"]}, {"date": "2021-07-09-21-00-00", "alternatives": ["39", "38", "38"]}, {"date": "2021-07-10-02-00-00", "alternatives": ["390", "39", "39"]}, {"date": "2021-07-09-06-00-00", "alternatives": ["39", "89", "39"]}, {"date": "2021-07-09-06-00-00", "alternatives": ["39", "89", "39"]}, {"date": "2021-07-09-02-00-00", "alternatives": ["1", "44", "44"]}, {"date": "2021-07-09-02-00-00", "alternatives": ["1", "44", "44"]}, {"date": "2021-07-09-05-00-00", "alternatives": ["38", "38", "280"]}, {"date": "2021-07-09-17-00-00", "alternatives": ["38", "381", "38"]}, {"date": "2021-07-09-23-00-00", "alternatives": ["43", "45", "43"]}, {"date": "2021-07-09-23-00-00", "alternatives": ["43", "45", "43"]}, {"date": "2021-07-09-23-00-00", "alternatives": ["43", "45", "43"]}]}, {"location": {"country_code": "ar", "region": "Buenos Aires", "city": "Presidente Derqui"}, "game_id": "295590", "values": [{"date": "2021-07-09-20-00-00", "alternatives": ["380", "38", "38"]}]}, {"location": {"country_code": "fi"}, "game_id": "295590", "values": [{"date": "2021-07-09-14-00-00", "alternatives": ["36", "36", "30"]}, {"date": "2021-07-09-14-00-00", "alternatives": ["36", "36", "30"]}, {"date": "2021-07-09-14-00-00", "alternatives": ["36", "36", "30"]}, {"date": "2021-07-09-14-00-00", "alternatives": ["36", "36", "30"]}, {"date": "2021-07-09-13-00-00", "alternatives": ["32", "32", "22"]}, {"date": "2021-07-09-15-00-00", "alternatives": ["46", "46", "40"]}]}, {"location": {"country_code": "de", "region": "Free and Hanseatic City of Hamburg", "city": "Hamburg"}, "game_id": "295590", "values": [{"date": "2021-07-09-21-00-00", "alternatives": ["26", "26", "206"]}, {"date": "2021-07-09-21-00-00", "alternatives": ["26", "26", "206"]}, {"date": "2021-07-09-13-00-00", "alternatives": ["246", "24", "24"]}, {"date": "2021-07-09-13-00-00", "alternatives": ["246", "24", "24"]}, {"date": "2021-07-09-19-00-00", "alternatives": ["42", "42", "12"]}, {"date": "2021-07-09-17-00-00", "alternatives": ["33", "0", "33"]}, {"date": "2021-07-09-17-00-00", "alternatives": ["33", "0", "33"]}, {"date": "2021-07-09-23-00-00", "alternatives": ["25", "25", "251"]}, {"date": "2021-07-09-23-00-00", "alternatives": ["25", "25", "251"]}, {"date": "2021-07-09-23-00-00", "alternatives": ["25", "25", "251"]}, {"date": "2021-07-09-23-00-00", "alternatives": ["25", "25", "251"]}, {"date": "2021-07-09-23-00-00", "alternatives": ["25", "25", "251"]}, {"date": "2021-07-09-23-00-00", "alternatives": ["25", "25", "251"]}, {"date": "2021-07-09-23-00-00", "alternatives": ["25", "25", "251"]}, {"date": "2021-07-09-23-00-00", "alternatives": ["25", "25", "251"]}, {"date": "2021-07-09-23-00-00", "alternatives": ["25", "25", "251"]}, {"date": "2021-07-09-23-00-00", "alternatives": ["25", "25", "251"]}, {"date": "2021-07-09-23-00-00", "alternatives": ["25", "25", "251"]}, {"date": "2021-07-09-23-00-00", "alternatives": ["25", "25", "251"]}, {"date": "2021-07-09-23-00-00", "alternatives": ["25", "25", "251"]}, {"date": "2021-07-09-23-00-00", "alternatives": ["25", "25", "251"]}]}, {"location": {"country_code": "ar", "region": "Buenos Aires F.D.", "city": "Bahia Blanca"}, "game_id": "295590", "values": [{"date": "2021-07-09-18-00-00", "alternatives": ["38", "38", "381"]}, {"date": "2021-07-09-18-00-00", "alternatives": ["38", "38", "381"]}, {"date": "2021-07-09-18-00-00", "alternatives": ["38", "38", "381"]}, {"date": "2021-07-09-05-00-00", "alternatives": ["39", "39", "29"]}, {"date": "2021-07-09-23-00-00", "alternatives": ["3", "3", "301"]}]}, {"location": {"country_code": "us", "region": "Illinois", "city": "Chicago"}, "game_id": "295590", "values": [{"date": "2021-07-09-05-00-00", "alternatives": ["190", "19", "19"]}, {"date": "2021-07-09-06-00-00", "alternatives": ["72", "72", "12"]}, {"date": "2021-07-09-07-00-00", "alternatives": ["27", "1", "27"]}, {"date": "2021-07-09-07-00-00", "alternatives": ["27", "1", "27"]}, {"date": "2021-07-09-07-00-00", "alternatives": ["27", "1", "27"]}]}, {"location": {"country_code": "co"}, "game_id": "295590", "values": [{"date": "2021-07-09-07-00-00", "alternatives": ["91", "16", "91"]}, {"date": "2021-07-10-01-00-00", "alternatives": ["57", "67", "67"]}, {"date": "2021-07-10-01-00-00", "alternatives": ["57", "67", "67"]}, {"date": "2021-07-09-05-00-00", "alternatives": ["72", "72", "12"]}, {"date": "2021-07-09-05-00-00", "alternatives": ["72", "72", "12"]}, {"date": "2021-07-09-05-00-00", "alternatives": ["72", "72", "12"]}, {"date": "2021-07-09-05-00-00", "alternatives": ["72", "72", "12"]}, {"date": "2021-07-09-05-00-00", "alternatives": ["72", "72", "12"]}, {"date": "2021-07-09-05-00-00", "alternatives": ["94", "6", "94"]}, {"date": "2021-07-09-05-00-00", "alternatives": ["94", "6", "94"]}]}, {"location": {"country_code": "at"}, "game_id": "295590", "values": [{"date": "2021-07-09-13-00-00", "alternatives": ["33", "33", "9"]}, {"date": "2021-07-09-13-00-00", "alternatives": ["33", "33", "9"]}]}, {"location": {"country_code": "br", "region": "Estado de Bahia", "city": "Salvador"}, "game_id": "295590", "values": [{"date": "2021-07-09-06-00-00", "alternatives": ["36", "36", "0"]}, {"date": "2021-07-09-06-00-00", "alternatives": ["36", "36", "0"]}, {"date": "2021-07-09-06-00-00", "alternatives": ["36", "36", "0"]}, {"date": "2021-07-09-02-00-00", "alternatives": ["48", "49", "48"]}]}, {"location": {"country_code": "us", "region": "Arizona"}, "game_id": "295590", "values": [{"date": "2021-07-09-22-00-00", "alternatives": ["26", "26", "206"]}, {"date": "2021-07-09-22-00-00", "alternatives": ["26", "26", "206"]}, {"date": "2021-07-09-22-00-00", "alternatives": ["26", "26", "206"]}, {"date": "2021-07-09-22-00-00", "alternatives": ["26", "26", "206"]}]}, {"location": {"country_code": "mx", "region": "Veracruz", "city": "Orizaba"}, "game_id": "295590", "values": [{"date": "2021-07-09-05-00-00", "alternatives": ["641", "64", "64"]}]}, {"location": {"country_code": "es", "region": "Catalonia", "city": "l'Hospitalet de Llobregat"}, "game_id": "295590", "values": [{"date": "2021-07-09-22-00-00", "alternatives": ["45", "45", "33"]}, {"date": "2021-07-09-22-00-00", "alternatives": ["45", "45", "33"]}, {"date": "2021-07-09-22-00-00", "alternatives": ["45", "45", "33"]}, {"date": "2021-07-09-19-00-00", "alternatives": ["55", "55", "29"]}, {"date": "2021-07-09-18-00-00", "alternatives": ["45", "45", "3"]}, {"date": "2021-07-09-18-00-00", "alternatives": ["45", "45", "3"]}]}, {"location": {"country_code": "pl"}, "game_id": "295590", "values": [{"date": "2021-07-09-23-00-00", "alternatives": ["41", "411", "41"]}, {"date": "2021-07-09-23-00-00", "alternatives": ["41", "411", "41"]}, {"date": "2021-07-09-23-00-00", "alternatives": ["41", "411", "41"]}, {"date": "2021-07-09-23-00-00", "alternatives": ["43", "43", "45"]}, {"date": "2021-07-09-23-00-00", "alternatives": ["43", "43", "45"]}, {"date": "2021-07-09-17-00-00", "alternatives": ["56", "56", "26"]}]}, {"location": {"country_code": "us", "region": "Puerto Rico", "city": "Gurabo"}, "game_id": "295590", "values": [{"date": "2021-07-09-07-00-00", "alternatives": ["56", "56", "561"]}, {"date": "2021-07-09-07-00-00", "alternatives": ["56", "56", "561"]}, {"date": "2021-07-09-07-00-00", "alternatives": ["56", "56", "561"]}, {"date": "2021-07-09-07-00-00", "alternatives": ["56", "56", "561"]}, {"date": "2021-07-09-07-00-00", "alternatives": ["56", "56", "561"]}, {"date": "2021-07-09-07-00-00", "alternatives": ["56", "56", "561"]}, {"date": "2021-07-09-07-00-00", "alternatives": ["56", "56", "561"]}, {"date": "2021-07-09-07-00-00", "alternatives": ["56", "56", "561"]}, {"date": "2021-07-09-07-00-00", "alternatives": ["56", "56", "561"]}, {"date": "2021-07-09-07-00-00", "alternatives": ["56", "56", "561"]}, {"date": "2021-07-09-07-00-00", "alternatives": ["56", "56", "561"]}, {"date": "2021-07-09-07-00-00", "alternatives": ["56", "56", "561"]}, {"date": "2021-07-09-07-00-00", "alternatives": ["56", "56", "561"]}, {"date": "2021-07-09-07-00-00", "alternatives": ["56", "56", "561"]}]}, {"location": {"country_code": "us", "region": "North Carolina"}, "game_id": "295590", "values": [{"date": "2021-07-10-00-00-00", "alternatives": ["50", "50", "20"]}, {"date": "2021-07-10-01-00-00", "alternatives": ["49", "49", "19"]}, {"date": "2021-07-10-01-00-00", "alternatives": ["49", "49", "19"]}, {"date": "2021-07-10-01-00-00", "alternatives": ["49", "49", "19"]}, {"date": "2021-07-10-01-00-00", "alternatives": ["49", "49", "19"]}, {"date": "2021-07-10-01-00-00", "alternatives": ["49", "49", "19"]}, {"date": "2021-07-10-01-00-00", "alternatives": ["49", "49", "19"]}]}, {"location": {"country_code": "us", "region": "Nevada", "city": "Las Vegas"}, "game_id": "295590", "values": [{"date": "2021-07-09-02-00-00", "alternatives": ["53", "53", "33"]}]}, {"location": {"country_code": "us", "region": "Washington", "city": "Seattle"}, "game_id": "295590", "values": [{"date": "2021-07-09-22-00-00", "alternatives": ["53", "53", "530"]}, {"date": "2021-07-09-22-00-00", "alternatives": ["53", "53", "530"]}]}, {"location": {"country_code": "us", "region": "Georgia"}, "game_id": "295590", "values": [{"date": "2021-07-09-23-00-00", "alternatives": ["34", "3", "3"]}, {"date": "2021-07-09-23-00-00", "alternatives": ["34", "3", "3"]}, {"date": "2021-07-09-23-00-00", "alternatives": ["34", "3", "3"]}, {"date": "2021-07-09-23-00-00", "alternatives": ["34", "3", "3"]}, {"date": "2021-07-09-23-00-00", "alternatives": ["34", "3", "3"]}, {"date": "2021-07-09-23-00-00", "alternatives": ["34", "3", "3"]}]}, {"location": {"country_code": "us", "region": "New Jersey", "city": "Sussex"}, "game_id": "295590", "values": [{"date": "2021-07-09-06-00-00", "alternatives": ["37", "37", "311"]}]}, {"location": {"country_code": "fr", "region": "Occitanie", "city": "Toulouse"}, "game_id": "295590", "values": [{"date": "2021-07-10-01-00-00", "alternatives": ["26", "26", "20"]}]}, {"location": {"country_code": "tr", "region": "Marmara Bolgesi", "city": "Istanbul"}, "game_id": "295590", "values": [{"date": "2021-07-09-16-00-00", "alternatives": ["11", "111", "11"]}, {"date": "2021-07-09-16-00-00", "alternatives": ["11", "111", "11"]}, {"date": "2021-07-09-16-00-00", "alternatives": ["11", "111", "11"]}, {"date": "2021-07-09-16-00-00", "alternatives": ["11", "111", "11"]}, {"date": "2021-07-09-16-00-00", "alternatives": ["11", "111", "11"]}, {"date": "2021-07-09-16-00-00", "alternatives": ["11", "111", "11"]}, {"date": "2021-07-09-16-00-00", "alternatives": ["11", "111", "11"]}, {"date": "2021-07-09-16-00-00", "alternatives": ["11", "111", "11"]}]}, {"location": {"country_code": "ca", "region": "Ontario", "city": "Toronto"}, "game_id": "295590", "values": [{"date": "2021-07-09-06-00-00", "alternatives": ["420", "42", "42"]}]}, {"location": {"country_code": "my"}, "game_id": "295590", "values": [{"date": "2021-07-09-17-00-00", "alternatives": ["18", "18", "180"]}, {"date": "2021-07-09-17-00-00", "alternatives": ["18", "18", "180"]}]}, {"location": {"country_code": "br", "region": "Sergipe", "city": "Aracaju"}, "game_id": "295590", "values": [{"date": "2021-07-09-13-00-00", "alternatives": ["54", "4", "4"]}]}, {"location": {"country_code": "br", "region": "Santa Catarina", "city": "Palhoca"}, "game_id": "295590", "values": [{"date": "2021-07-09-16-00-00", "alternatives": ["22", "22", "29"]}, {"date": "2021-07-10-01-00-00", "alternatives": ["39", "62", "39"]}, {"date": "2021-07-10-01-00-00", "alternatives": ["39", "62", "39"]}]}, {"location": {"country_code": "se", "region": "Stockholm County", "city": "Stockholm"}, "game_id": "295590", "values": [{"date": "2021-07-09-17-00-00", "alternatives": ["26", "26", "20"]}, {"date": "2021-07-09-17-00-00", "alternatives": ["26", "26", "20"]}]}, {"location": {"country_code": "br", "region": "Pernambuco", "city": "Pombos"}, "game_id": "295590", "values": [{"date": "2021-07-09-02-00-00", "alternatives": ["49", "6", "49"]}]}, {"location": {"country_code": "us", "region": "Wisconsin"}, "game_id": "295590", "values": [{"date": "2021-07-09-06-00-00", "alternatives": ["27", "271", "27"]}]}, {"location": {"country_code": "ar", "region": "Buenos Aires", "city": "Lujan"}, "game_id": "295590", "values": [{"date": "2021-07-09-22-00-00", "alternatives": ["30", "30", "301"]}]}, {"location": {"country_code": "mx", "region": "Nuevo Leon", "city": "Monterrey"}, "game_id": "295590", "values": [{"date": "2021-07-09-05-00-00", "alternatives": ["72", "72", "12"]}]}, {"location": {"country_code": "cl", "region": "Santiago Metropolitan", "city": "Santiago"}, "game_id": "295590", "values": [{"date": "2021-07-09-06-00-00", "alternatives": ["16", "161", "16"]}]}, {"location": {"country_code": "br", "region": "Rio Grande do Sul", "city": "Porto Alegre"}, "game_id": "295590", "values": [{"date": "2021-07-09-23-00-00", "alternatives": ["38", "38", "381"]}, {"date": "2021-07-09-23-00-00", "alternatives": ["38", "38", "381"]}, {"date": "2021-07-09-23-00-00", "alternatives": ["38", "38", "381"]}, {"date": "2021-07-09-23-00-00", "alternatives": ["38", "38", "381"]}, {"date": "2021-07-09-23-00-00", "alternatives": ["38", "38", "381"]}, {"date": "2021-07-09-05-00-00", "alternatives": ["38", "381", "38"]}, {"date": "2021-07-09-16-00-00", "alternatives": ["30", "30", "50"]}]}, {"location": {"country_code": "pt"}, "game_id": "295590", "values": [{"date": "2021-07-09-18-00-00", "alternatives": ["56", "56", "26"]}, {"date": "2021-07-09-02-00-00", "alternatives": ["46", "46", "316"]}]}, {"location": {"country_code": "us", "region": "Colorado"}, "game_id": "295590", "values": [{"date": "2021-07-09-20-00-00", "alternatives": ["39", "9", "9"]}, {"date": "2021-07-09-20-00-00", "alternatives": ["39", "9", "9"]}]}, {"location": {"country_code": "br", "region": "State of Rio de Janeiro", "city": "Angra dos Reis"}, "game_id": "295590", "values": [{"date": "2021-07-09-05-00-00", "alternatives": ["94", "24", "24"]}, {"date": "2021-07-09-07-00-00", "alternatives": ["19", "19", "91"]}, {"date": "2021-07-09-07-00-00", "alternatives": ["19", "19", "91"]}, {"date": "2021-07-09-07-00-00", "alternatives": ["19", "19", "91"]}, {"date": "2021-07-09-07-00-00", "alternatives": ["19", "19", "91"]}, {"date": "2021-07-09-20-00-00", "alternatives": ["16", "161", "16"]}, {"date": "2021-07-09-20-00-00", "alternatives": ["16", "161", "16"]}, {"date": "2021-07-09-07-00-00", "alternatives": ["23", "23", "25"]}, {"date": "2021-07-09-07-00-00", "alternatives": ["23", "23", "25"]}, {"date": "2021-07-09-23-00-00", "alternatives": ["21", "211", "21"]}, {"date": "2021-07-09-23-00-00", "alternatives": ["21", "211", "21"]}, {"date": "2021-07-09-05-00-00", "alternatives": ["31", "311", "31"]}, {"date": "2021-07-09-22-00-00", "alternatives": ["741", "21", "21"]}, {"date": "2021-07-09-06-00-00", "alternatives": ["246", "24", "24"]}, {"date": "2021-07-09-05-00-00", "alternatives": ["26", "26", "20"]}, {"date": "2021-07-09-05-00-00", "alternatives": ["190", "19", "19"]}]}, {"location": {"country_code": "fr", "region": "Aquitania-Limosino-Poitou-Charentes"}, "game_id": "295590", "values": [{"date": "2021-07-09-07-00-00", "alternatives": ["44", "440", "44"]}]}, {"location": {"country_code": "uy", "region": "Montevideo Department", "city": "Montevideo"}, "game_id": "295590", "values": [{"date": "2021-07-09-14-00-00", "alternatives": ["40", "40", "410"]}]}, {"location": {"country_code": "us", "region": "Florida", "city": "Miami"}, "game_id": "295590", "values": [{"date": "2021-07-09-23-00-00", "alternatives": ["42", "420", "42"]}, {"date": "2021-07-09-23-00-00", "alternatives": ["42", "420", "42"]}, {"date": "2021-07-09-23-00-00", "alternatives": ["42", "420", "42"]}, {"date": "2021-07-09-23-00-00", "alternatives": ["42", "420", "42"]}]}, {"location": {"country_code": "de", "region": "Rhineland-Palatinate", "city": "Koblenz"}, "game_id": "295590", "values": [{"date": "2021-07-09-17-00-00", "alternatives": ["87", "27", "27"]}, {"date": "2021-07-09-17-00-00", "alternatives": ["87", "27", "27"]}, {"date": "2021-07-09-17-00-00", "alternatives": ["87", "27", "27"]}, {"date": "2021-07-09-17-00-00", "alternatives": ["87", "27", "27"]}]}, {"location": {"country_code": "gr", "region": "Apokentromeni Dioikisi Attikis", "city": "Athens"}, "game_id": "295590", "values": [{"date": "2021-07-09-07-00-00", "alternatives": ["54", "64", "64"]}, {"date": "2021-07-09-07-00-00", "alternatives": ["54", "64", "64"]}, {"date": "2021-07-09-23-00-00", "alternatives": ["65", "65", "651"]}, {"date": "2021-07-09-23-00-00", "alternatives": ["65", "65", "651"]}, {"date": "2021-07-09-17-00-00", "alternatives": ["39", "39", "309"]}, {"date": "2021-07-09-17-00-00", "alternatives": ["39", "39", "309"]}]}, {"location": {"country_code": "fr", "region": "Ile-de-France Region", "city": "Paris"}, "game_id": "295590", "values": [{"date": "2021-07-09-17-00-00", "alternatives": ["29", "29", "291"]}]}, {"location": {"country_code": "kw"}, "game_id": "295590", "values": [{"date": "2021-07-09-16-00-00", "alternatives": ["121", "121", "1217"]}, {"date": "2021-07-09-16-00-00", "alternatives": ["121", "121", "1217"]}, {"date": "2021-07-09-16-00-00", "alternatives": ["121", "121", "1217"]}, {"date": "2021-07-09-16-00-00", "alternatives": ["121", "121", "1217"]}, {"date": "2021-07-09-16-00-00", "alternatives": ["121", "121", "1217"]}, {"date": "2021-07-09-16-00-00", "alternatives": ["121", "121", "1217"]}, {"date": "2021-07-09-16-00-00", "alternatives": ["121", "121", "1217"]}]}, {"location": {"country_code": "us", "region": "Florida", "city": "Orlando"}, "game_id": "295590", "values": [{"date": "2021-07-09-06-00-00", "alternatives": ["52", "52", "21"]}, {"date": "2021-07-09-06-00-00", "alternatives": ["52", "52", "21"]}, {"date": "2021-07-09-06-00-00", "alternatives": ["52", "52", "21"]}]}, {"location": {"country_code": "hr"}, "game_id": "295590", "values": [{"date": "2021-07-09-12-00-00", "alternatives": ["53", "53", "33"]}]}, {"location": {"country_code": "ar", "region": "Santa Fe Province", "city": "Rosario"}, "game_id": "295590", "values": [{"date": "2021-07-09-07-00-00", "alternatives": ["44", "44", "13"]}, {"date": "2021-07-09-07-00-00", "alternatives": ["44", "44", "13"]}, {"date": "2021-07-09-07-00-00", "alternatives": ["44", "44", "13"]}, {"date": "2021-07-09-07-00-00", "alternatives": ["44", "44", "13"]}, {"date": "2021-07-09-07-00-00", "alternatives": ["44", "44", "13"]}]}, {"location": {"country_code": "ca", "region": "British Columbia", "city": "Richmond"}, "game_id": "295590", "values": [{"date": "2021-07-09-07-00-00", "alternatives": ["50", "60", "50"]}, {"date": "2021-07-09-07-00-00", "alternatives": ["50", "60", "50"]}]}, {"location": {"country_code": "br", "region": "Ceara", "city": "Itapipoca"}, "game_id": "295590", "values": [{"date": "2021-07-10-01-00-00", "alternatives": ["2", "52", "2"]}, {"date": "2021-07-10-01-00-00", "alternatives": ["2", "52", "2"]}, {"date": "2021-07-10-01-00-00", "alternatives": ["2", "52", "2"]}, {"date": "2021-07-10-01-00-00", "alternatives": ["2", "52", "2"]}, {"date": "2021-07-10-01-00-00", "alternatives": ["2", "52", "2"]}]}, {"location": {"country_code": "fr", "region": "Alvernia-Rodano-Alpi", "city": "Lyon"}, "game_id": "295590", "values": [{"date": "2021-07-09-12-00-00", "alternatives": ["23", "93", "23"]}, {"date": "2021-07-09-12-00-00", "alternatives": ["23", "93", "23"]}]}, {"location": {"country_code": "au", "region": "Queensland", "city": "Brisbane"}, "game_id": "295590", "values": [{"date": "2021-07-09-12-00-00", "alternatives": ["32", "32", "321"]}]}, {"location": {"country_code": "ad"}, "game_id": "295590", "values": [{"date": "2021-07-10-01-00-00", "alternatives": ["42", "42", "12"]}, {"date": "2021-07-10-01-00-00", "alternatives": ["42", "42", "12"]}, {"date": "2021-07-10-01-00-00", "alternatives": ["42", "42", "12"]}, {"date": "2021-07-10-01-00-00", "alternatives": ["42", "42", "12"]}, {"date": "2021-07-10-01-00-00", "alternatives": ["42", "42", "12"]}]}, {"location": {"country_code": "ca", "region": "Quebec"}, "game_id": "295590", "values": [{"date": "2021-07-09-06-00-00", "alternatives": ["30", "02", "30"]}, {"date": "2021-07-09-06-00-00", "alternatives": ["30", "02", "30"]}]}, {"location": {"country_code": "de", "region": "Baden-Wurttemberg"}, "game_id": "295590", "values": [{"date": "2021-07-09-22-00-00", "alternatives": ["24", "24", "924"]}]}, {"location": {"country_code": "us", "region": "Connecticut"}, "game_id": "295590", "values": [{"date": "2021-07-09-18-00-00", "alternatives": ["40", "40", "10"]}, {"date": "2021-07-09-18-00-00", "alternatives": ["40", "40", "10"]}, {"date": "2021-07-09-18-00-00", "alternatives": ["40", "40", "10"]}, {"date": "2021-07-09-18-00-00", "alternatives": ["40", "40", "10"]}]}, {"location": {"country_code": "fr", "region": "Nord-Passo di Calais-Piccardia", "city": "Lille"}, "game_id": "295590", "values": [{"date": "2021-07-09-21-00-00", "alternatives": ["25", "25", "2571"]}, {"date": "2021-07-09-21-00-00", "alternatives": ["25", "25", "2571"]}, {"date": "2021-07-09-21-00-00", "alternatives": ["25", "25", "2571"]}, {"date": "2021-07-09-21-00-00", "alternatives": ["25", "25", "2571"]}, {"date": "2021-07-09-16-00-00", "alternatives": ["25", "25", "28"]}]}, {"location": {"country_code": "ar", "region": "Pampas"}, "game_id": "295590", "values": [{"date": "2021-07-09-14-00-00", "alternatives": ["57", "7", "7"]}, {"date": "2021-07-09-14-00-00", "alternatives": ["57", "7", "7"]}, {"date": "2021-07-09-14-00-00", "alternatives": ["57", "7", "7"]}, {"date": "2021-07-09-14-00-00", "alternatives": ["57", "7", "7"]}, {"date": "2021-07-09-14-00-00", "alternatives": ["57", "7", "7"]}, {"date": "2021-07-09-14-00-00", "alternatives": ["57", "7", "7"]}, {"date": "2021-07-09-14-00-00", "alternatives": ["57", "7", "7"]}, {"date": "2021-07-09-14-00-00", "alternatives": ["57", "7", "7"]}]}, {"location": {"country_code": "de", "region": "Rhineland-Palatinate", "city": "Trier"}, "game_id": "295590", "values": [{"date": "2021-07-09-16-00-00", "alternatives": ["22", "22", "2271"]}, {"date": "2021-07-09-16-00-00", "alternatives": ["22", "22", "2271"]}]}, {"location": {"country_code": "ie", "region": "", "city": "Dublin"}, "game_id": "295590", "values": [{"date": "2021-07-09-19-00-00", "alternatives": ["38", "38", "387"]}, {"date": "2021-07-09-19-00-00", "alternatives": ["38", "38", "387"]}]}, {"location": {"country_code": "ca", "region": "Alberta", "city": "Calgary"}, "game_id": "295590", "values": [{"date": "2021-07-09-06-00-00", "alternatives": ["54", "4", "4"]}, {"date": "2021-07-09-06-00-00", "alternatives": ["54", "4", "4"]}, {"date": "2021-07-09-06-00-00", "alternatives": ["54", "4", "4"]}, {"date": "2021-07-09-06-00-00", "alternatives": ["54", "4", "4"]}, {"date": "2021-07-09-06-00-00", "alternatives": ["54", "4", "4"]}, {"date": "2021-07-09-06-00-00", "alternatives": ["54", "4", "4"]}, {"date": "2021-07-09-06-00-00", "alternatives": ["54", "4", "4"]}, {"date": "2021-07-09-06-00-00", "alternatives": ["54", "4", "4"]}]}, {"location": {"country_code": "it", "region": "Lazio", "city": "Rome"}, "game_id": "295590", "values": [{"date": "2021-07-09-20-00-00", "alternatives": ["46", "461", "46"]}, {"date": "2021-07-09-20-00-00", "alternatives": ["46", "461", "46"]}, {"date": "2021-07-09-23-00-00", "alternatives": ["38", "38", "338"]}, {"date": "2021-07-09-23-00-00", "alternatives": ["38", "38", "338"]}, {"date": "2021-07-09-23-00-00", "alternatives": ["38", "38", "338"]}]}, {"location": {"country_code": "gb", "region": "England", "city": "Bristol"}, "game_id": "295590", "values": [{"date": "2021-07-09-13-00-00", "alternatives": ["42", "42", "492"]}, {"date": "2021-07-09-15-00-00", "alternatives": ["22", "220", "22"]}, {"date": "2021-07-09-15-00-00", "alternatives": ["22", "220", "22"]}, {"date": "2021-07-09-15-00-00", "alternatives": ["22", "220", "22"]}]}, {"location": {"country_code": "ar", "region": "Cordoba Province", "city": "Rio Cuarto"}, "game_id": "295590", "values": [{"date": "2021-07-09-20-00-00", "alternatives": ["491", "49", "49"]}, {"date": "2021-07-09-05-00-00", "alternatives": ["46", "46", "40"]}, {"date": "2021-07-09-05-00-00", "alternatives": ["46", "46", "40"]}, {"date": "2021-07-09-05-00-00", "alternatives": ["46", "46", "40"]}]}, {"location": {"country_code": "br", "region": "Minas Gerais", "city": "Ituiutaba"}, "game_id": "295590", "values": [{"date": "2021-07-09-06-00-00", "alternatives": ["26", "26", "20"]}]}, {"location": {"country_code": "fr", "region": "Nord-Passo di Calais-Piccardia"}, "game_id": "295590", "values": [{"date": "2021-07-09-16-00-00", "alternatives": ["28", "287", "28"]}]}, {"location": {"country_code": "es", "region": "Galicia", "city": "Vigo"}, "game_id": "295590", "values": [{"date": "2021-07-09-16-00-00", "alternatives": ["42", "42", "49"]}, {"date": "2021-07-09-16-00-00", "alternatives": ["42", "42", "49"]}]}, {"location": {"country_code": "it", "region": "Piedmont", "city": "Turin"}, "game_id": "295590", "values": [{"date": "2021-07-09-12-00-00", "alternatives": ["31", "311", "31"]}]}, {"location": {"country_code": "us", "region": "Louisiana"}, "game_id": "295590", "values": [{"date": "2021-07-10-02-00-00", "alternatives": ["40", "40", "340"]}, {"date": "2021-07-10-02-00-00", "alternatives": ["40", "40", "340"]}, {"date": "2021-07-10-02-00-00", "alternatives": ["40", "40", "340"]}, {"date": "2021-07-10-02-00-00", "alternatives": ["40", "40", "340"]}]}, {"location": {"country_code": "us", "region": "Arkansas"}, "game_id": "295590", "values": [{"date": "2021-07-09-05-00-00", "alternatives": ["410", "41", "41"]}, {"date": "2021-07-09-05-00-00", "alternatives": ["410", "41", "41"]}, {"date": "2021-07-09-05-00-00", "alternatives": ["410", "41", "41"]}, {"date": "2021-07-09-05-00-00", "alternatives": ["410", "41", "41"]}, {"date": "2021-07-09-05-00-00", "alternatives": ["410", "41", "41"]}, {"date": "2021-07-09-05-00-00", "alternatives": ["410", "41", "41"]}]}, {"location": {"country_code": "de", "region": "North Rhine-Westphalia", "city": "Solingen"}, "game_id": "295590", "values": [{"date": "2021-07-09-13-00-00", "alternatives": ["18", "18", "181"]}]}, {"location": {"country_code": "br", "region": "Estado de Bahia"}, "game_id": "295590", "values": [{"date": "2021-07-09-05-00-00", "alternatives": ["39", "39", "59"]}]}, {"location": {"country_code": "es", "region": "Valencia", "city": "Gandia"}, "game_id": "295590", "values": [{"date": "2021-07-09-14-00-00", "alternatives": ["16", "46", "46"]}, {"date": "2021-07-09-14-00-00", "alternatives": ["16", "46", "46"]}, {"date": "2021-07-09-14-00-00", "alternatives": ["16", "46", "46"]}, {"date": "2021-07-09-14-00-00", "alternatives": ["43", "43", "430"]}, {"date": "2021-07-09-14-00-00", "alternatives": ["43", "43", "430"]}, {"date": "2021-07-09-14-00-00", "alternatives": ["43", "43", "430"]}]}, {"location": {"country_code": "gb", "region": "Wales"}, "game_id": "295590", "values": [{"date": "2021-07-09-20-00-00", "alternatives": ["3", "0", "0"]}, {"date": "2021-07-09-16-00-00", "alternatives": ["56", "56", "20"]}, {"date": "2021-07-09-16-00-00", "alternatives": ["56", "56", "20"]}]}, {"location": {"country_code": "sa", "region": "Riyadh Region", "city": "Wadi Ad Dawasir"}, "game_id": "295590", "values": [{"date": "2021-07-09-18-00-00", "alternatives": ["95", "95", "35"]}, {"date": "2021-07-09-18-00-00", "alternatives": ["95", "95", "35"]}, {"date": "2021-07-09-18-00-00", "alternatives": ["95", "95", "35"]}]}, {"location": {"country_code": "ar", "region": "Buenos Aires", "city": "La Plata"}, "game_id": "295590", "values": [{"date": "2021-07-09-14-00-00", "alternatives": ["30", "30", "20"]}, {"date": "2021-07-09-14-00-00", "alternatives": ["30", "30", "20"]}, {"date": "2021-07-09-14-00-00", "alternatives": ["30", "30", "20"]}, {"date": "2021-07-09-14-00-00", "alternatives": ["30", "30", "20"]}]}, {"location": {"country_code": "br", "region": "Parana", "city": "Apucarana"}, "game_id": "295590", "values": [{"date": "2021-07-09-18-00-00", "alternatives": ["33", "33", "331"]}, {"date": "2021-07-09-18-00-00", "alternatives": ["33", "33", "331"]}]}, {"location": {"country_code": "de", "region": "Baden-Wurttemberg", "city": "Stuttgart"}, "game_id": "295590", "values": [{"date": "2021-07-09-22-00-00", "alternatives": ["57", "67", "67"]}]}, {"location": {"country_code": "es", "region": "Andalusia", "city": "Marbella"}, "game_id": "295590", "values": [{"date": "2021-07-09-17-00-00", "alternatives": ["48", "48", "38"]}, {"date": "2021-07-09-17-00-00", "alternatives": ["48", "48", "38"]}, {"date": "2021-07-09-17-00-00", "alternatives": ["48", "48", "38"]}, {"date": "2021-07-09-17-00-00", "alternatives": ["48", "48", "38"]}]}, {"location": {"country_code": "tr", "region": "Akdeniz Bolgesi", "city": "Antalya"}, "game_id": "295590", "values": [{"date": "2021-07-09-17-00-00", "alternatives": ["53", "53", "33"]}, {"date": "2021-07-09-17-00-00", "alternatives": ["53", "53", "33"]}, {"date": "2021-07-09-17-00-00", "alternatives": ["53", "53", "33"]}, {"date": "2021-07-09-17-00-00", "alternatives": ["53", "53", "33"]}, {"date": "2021-07-09-17-00-00", "alternatives": ["53", "53", "33"]}, {"date": "2021-07-09-17-00-00", "alternatives": ["53", "53", "33"]}, {"date": "2021-07-09-17-00-00", "alternatives": ["53", "53", "33"]}]}, {"location": {"country_code": "ch", "region": "Canton of Geneva", "city": "Geneva"}, "game_id": "295590", "values": [{"date": "2021-07-09-18-00-00", "alternatives": ["28", "187", "28"]}]}, {"location": {"country_code": "be", "region": "Brussels Capital", "city": "Brussels"}, "game_id": "295590", "values": [{"date": "2021-07-09-16-00-00", "alternatives": ["36", "90", "36"]}, {"date": "2021-07-09-16-00-00", "alternatives": ["36", "90", "36"]}]}, {"location": {"country_code": "it", "region": "Lombardy", "city": "Milan"}, "game_id": "295590", "values": [{"date": "2021-07-09-13-00-00", "alternatives": ["21", "21", "211"]}, {"date": "2021-07-09-13-00-00", "alternatives": ["21", "21", "211"]}, {"date": "2021-07-09-13-00-00", "alternatives": ["21", "21", "211"]}]}, {"location": {"country_code": "gb", "region": "Scotland", "city": "Edinburgh"}, "game_id": "295590", "values": [{"date": "2021-07-09-07-00-00", "alternatives": ["42", "42", "421"]}, {"date": "2021-07-09-07-00-00", "alternatives": ["42", "42", "421"]}, {"date": "2021-07-09-07-00-00", "alternatives": ["42", "42", "421"]}]}, {"location": {"country_code": "fr", "region": "Centre-Val de Loire", "city": "Tours"}, "game_id": "295590", "values": [{"date": "2021-07-09-14-00-00", "alternatives": ["22", "220", "22"]}]}, {"location": {"country_code": "br", "region": "Santa Catarina", "city": "Balneario Camboriu"}, "game_id": "295590", "values": [{"date": "2021-07-09-12-00-00", "alternatives": ["50", "300", "300"]}]}, {"location": {"country_code": "br", "region": "Paraiba", "city": "Santa Rita"}, "game_id": "295590", "values": [{"date": "2021-07-10-00-00-00", "alternatives": ["140", "14", "14"]}, {"date": "2021-07-10-00-00-00", "alternatives": ["140", "14", "14"]}, {"date": "2021-07-10-00-00-00", "alternatives": ["140", "14", "14"]}]}, {"location": {"country_code": "br", "region": "Sao Paulo", "city": "Peruibe"}, "game_id": "295590", "values": [{"date": "2021-07-09-23-00-00", "alternatives": ["17", "17", "47"]}]}, {"location": {"country_code": "es", "region": "Castille and Leon", "city": "Valladolid"}, "game_id": "295590", "values": [{"date": "2021-07-09-17-00-00", "alternatives": ["45", "45", "35"]}, {"date": "2021-07-09-17-00-00", "alternatives": ["45", "45", "35"]}, {"date": "2021-07-09-17-00-00", "alternatives": ["45", "45", "35"]}, {"date": "2021-07-09-17-00-00", "alternatives": ["45", "45", "35"]}, {"date": "2021-07-09-17-00-00", "alternatives": ["45", "45", "35"]}]}, {"location": {"country_code": "es", "region": "Cantabria"}, "game_id": "295590", "values": [{"date": "2021-07-09-18-00-00", "alternatives": ["46", "46", "40"]}]}, {"location": {"country_code": "de", "region": "Saxony", "city": "Waldenburg"}, "game_id": "295590", "values": [{"date": "2021-07-09-12-00-00", "alternatives": ["25", "25", "235"]}]}, {"location": {"country_code": "br", "region": "Goias"}, "game_id": "295590", "values": [{"date": "2021-07-09-05-00-00", "alternatives": ["230", "23", "23"]}, {"date": "2021-07-09-05-00-00", "alternatives": ["230", "23", "23"]}, {"date": "2021-07-09-05-00-00", "alternatives": ["230", "23", "23"]}, {"date": "2021-07-09-15-00-00", "alternatives": ["25", "25", "251"]}]}, {"location": {"country_code": "pa", "region": "Panama Oeste Province", "city": "La Chorrera"}, "game_id": "295590", "values": [{"date": "2021-07-09-06-00-00", "alternatives": ["56", "56", "60"]}, {"date": "2021-07-09-06-00-00", "alternatives": ["56", "56", "60"]}, {"date": "2021-07-09-06-00-00", "alternatives": ["56", "56", "60"]}]}, {"location": {"country_code": "es", "region": "Andalusia", "city": "Ayamonte"}, "game_id": "295590", "values": [{"date": "2021-07-09-17-00-00", "alternatives": ["43", "43", "430"]}, {"date": "2021-07-09-17-00-00", "alternatives": ["43", "43", "430"]}, {"date": "2021-07-09-17-00-00", "alternatives": ["43", "43", "430"]}, {"date": "2021-07-09-17-00-00", "alternatives": ["43", "43", "430"]}, {"date": "2021-07-09-17-00-00", "alternatives": ["43", "43", "430"]}, {"date": "2021-07-09-17-00-00", "alternatives": ["43", "43", "430"]}]}, {"location": {"country_code": "cl", "region": "Coquimbo Region", "city": "Illapel"}, "game_id": "295590", "values": [{"date": "2021-07-10-01-00-00", "alternatives": ["370", "37", "37"]}, {"date": "2021-07-10-01-00-00", "alternatives": ["370", "37", "37"]}, {"date": "2021-07-10-01-00-00", "alternatives": ["370", "37", "37"]}, {"date": "2021-07-10-01-00-00", "alternatives": ["370", "37", "37"]}, {"date": "2021-07-10-01-00-00", "alternatives": ["370", "37", "37"]}]}, {"location": {"country_code": "br", "region": "State of Rio de Janeiro", "city": "Nova Iguacu"}, "game_id": "295590", "values": [{"date": "2021-07-09-16-00-00", "alternatives": ["48", "48", "38"]}, {"date": "2021-07-09-16-00-00", "alternatives": ["48", "48", "38"]}]}, {"location": {"country_code": "fr", "region": "Provence-Alpes-Cote d'Azur Region", "city": "Toulon"}, "game_id": "295590", "values": [{"date": "2021-07-09-14-00-00", "alternatives": ["26", "26", "20"]}, {"date": "2021-07-09-14-00-00", "alternatives": ["26", "26", "20"]}, {"date": "2021-07-09-14-00-00", "alternatives": ["26", "26", "20"]}, {"date": "2021-07-09-14-00-00", "alternatives": ["26", "26", "20"]}, {"date": "2021-07-09-14-00-00", "alternatives": ["26", "26", "20"]}, {"date": "2021-07-09-14-00-00", "alternatives": ["26", "26", "20"]}, {"date": "2021-07-09-14-00-00", "alternatives": ["26", "26", "20"]}, {"date": "2021-07-09-14-00-00", "alternatives": ["26", "26", "20"]}]}, {"location": {"country_code": "br", "region": "Sao Paulo", "city": "Sao Caetano do Sul"}, "game_id": "295590", "values": [{"date": "2021-07-10-01-00-00", "alternatives": ["22", "220", "22"]}]}, {"location": {"country_code": "pt", "region": "Castelo Branco District"}, "game_id": "295590", "values": [{"date": "2021-07-09-20-00-00", "alternatives": ["8", "8", "3"]}, {"date": "2021-07-09-20-00-00", "alternatives": ["8", "8", "3"]}]}, {"location": {"country_code": "pl", "region": "Lower Silesian Voivodeship", "city": "Oawa"}, "game_id": "295590", "values": [{"date": "2021-07-09-20-00-00", "alternatives": ["49", "6", "49"]}, {"date": "2021-07-09-20-00-00", "alternatives": ["49", "6", "49"]}, {"date": "2021-07-09-20-00-00", "alternatives": ["49", "6", "49"]}]}, {"location": {"country_code": "de", "region": "Hesse", "city": "Wiesbaden"}, "game_id": "295590", "values": [{"date": "2021-07-10-00-00-00", "alternatives": ["70", "20", "20"]}]}, {"location": {"country_code": "br", "region": "Sao Paulo", "city": "Caieiras"}, "game_id": "295590", "values": [{"date": "2021-07-09-19-00-00", "alternatives": ["11", "111", "11"]}]}, {"location": {"country_code": "us", "region": "Ohio", "city": "Shelby"}, "game_id": "295590", "values": [{"date": "2021-07-10-00-00-00", "alternatives": ["36", "36", "306"]}]}, {"location": {"country_code": "fr", "region": "Provence-Alpes-Cote d'Azur Region", "city": "Avignon"}, "game_id": "295590", "values": [{"date": "2021-07-09-17-00-00", "alternatives": ["38", "38", "338"]}]}, {"location": {"country_code": "it", "region": "Trentino-Alto Adige", "city": "Trento"}, "game_id": "295590", "values": [{"date": "2021-07-09-17-00-00", "alternatives": ["30", "30", "50"]}]}, {"location": {"country_code": "us", "region": "U.S. Virgin Islands"}, "game_id": "295590", "values": [{"date": "2021-07-09-06-00-00", "alternatives": ["356", "35", "35"]}, {"date": "2021-07-09-06-00-00", "alternatives": ["356", "35", "35"]}, {"date": "2021-07-09-06-00-00", "alternatives": ["356", "35", "35"]}]}, {"location": {"country_code": "us", "region": "Massachusetts", "city": "Taunton"}, "game_id": "295590", "values": [{"date": "2021-07-09-20-00-00", "alternatives": ["36", "36", "56"]}]}, {"location": {"country_code": "us", "region": "New York", "city": "East Syracuse"}, "game_id": "295590", "values": [{"date": "2021-07-09-05-00-00", "alternatives": ["33", "33", "330"]}]}, {"location": {"country_code": "us", "region": "New Jersey", "city": "Old Bridge Township"}, "game_id": "295590", "values": [{"date": "2021-07-09-06-00-00", "alternatives": ["36", "30", "36"]}, {"date": "2021-07-09-06-00-00", "alternatives": ["36", "30", "36"]}, {"date": "2021-07-09-06-00-00", "alternatives": ["36", "30", "36"]}, {"date": "2021-07-09-06-00-00", "alternatives": ["36", "30", "36"]}, {"date": "2021-07-09-06-00-00", "alternatives": ["36", "30", "36"]}, {"date": "2021-07-09-06-00-00", "alternatives": ["36", "30", "36"]}, {"date": "2021-07-09-06-00-00", "alternatives": ["36", "30", "36"]}]}, {"location": {"country_code": "cz", "region": "Liberecky kraj", "city": "Ceska Lipa"}, "game_id": "295590", "values": [{"date": "2021-07-09-12-00-00", "alternatives": ["26", "26", "20"]}]}, {"location": {"country_code": "us", "region": "New York", "city": "East Patchogue"}, "game_id": "295590", "values": [{"date": "2021-07-09-06-00-00", "alternatives": ["36", "36", "0"]}, {"date": "2021-07-09-06-00-00", "alternatives": ["36", "36", "0"]}, {"date": "2021-07-09-06-00-00", "alternatives": ["36", "36", "0"]}]}, {"location": {"country_code": "de", "region": "Brandenburg", "city": "Neuruppin"}, "game_id": "295590", "values": [{"date": "2021-07-10-00-00-00", "alternatives": ["36", "36", "0"]}, {"date": "2021-07-10-00-00-00", "alternatives": ["36", "36", "0"]}, {"date": "2021-07-10-00-00-00", "alternatives": ["36", "36", "0"]}, {"date": "2021-07-10-00-00-00", "alternatives": ["36", "36", "0"]}, {"date": "2021-07-10-00-00-00", "alternatives": ["36", "36", "0"]}]}, {"location": {"country_code": "gb", "region": "England", "city": "Petersfield"}, "game_id": "295590", "values": [{"date": "2021-07-09-18-00-00", "alternatives": ["32", "32", "39"]}]}, {"location": {"country_code": "ro", "region": "Olt County", "city": "Caracal"}, "game_id": "295590", "values": [{"date": "2021-07-09-20-00-00", "alternatives": ["54", "54", "94"]}, {"date": "2021-07-09-20-00-00", "alternatives": ["54", "54", "94"]}, {"date": "2021-07-09-20-00-00", "alternatives": ["54", "54", "94"]}]}, {"location": {"country_code": "de", "region": "Lower Saxony", "city": "Schoningen"}, "game_id": "295590", "values": [{"date": "2021-07-09-19-00-00", "alternatives": ["26", "26", "240"]}, {"date": "2021-07-09-19-00-00", "alternatives": ["26", "26", "240"]}]}, {"location": {"country_code": "us", "region": "Pennsylvania", "city": "Grand View Heights"}, "game_id": "295590", "values": [{"date": "2021-07-09-06-00-00", "alternatives": ["39", "39", "391"]}, {"date": "2021-07-09-06-00-00", "alternatives": ["39", "39", "391"]}]}, {"location": {"country_code": "br", "region": "Sao Paulo", "city": "Igarapava"}, "game_id": "295590", "values": [{"date": "2021-07-09-16-00-00", "alternatives": ["21", "21", "7"]}]}], "last_updated": 1719918104.888567}