{"data": [{"location": {"country_code": "us"}, "game_id": "614266", "values": [{"date": "2023-11-04-03-00-00", "latency": "13"}, {"date": "2023-11-04-03-00-00", "latency": "13"}, {"date": "2023-11-04-03-00-00", "latency": "13"}, {"date": "2023-11-04-03-00-00", "latency": "13"}, {"date": "2023-11-04-03-00-00", "latency": "13"}, {"date": "2023-11-04-03-00-00", "latency": "13"}, {"date": "2023-11-04-03-00-00", "latency": "13"}]}, {"location": {"country_code": "us", "region": "New York", "city": "Jamestown"}, "game_id": "614266", "values": [{"date": "2023-11-04-05-00-00", "latency": "8"}, {"date": "2023-11-04-05-00-00", "latency": "8"}, {"date": "2023-11-04-05-00-00", "latency": "8"}, {"date": "2023-11-04-05-00-00", "latency": "8"}, {"date": "2023-11-04-05-00-00", "latency": "8"}, {"date": "2023-11-04-05-00-00", "latency": "8"}, {"date": "2023-11-04-05-00-00", "latency": "8"}, {"date": "2023-11-04-05-00-00", "latency": "8"}, {"date": "2023-11-04-05-00-00", "latency": "8"}]}, {"location": {"country_code": "gb"}, "game_id": "614266", "values": [{"date": "2023-11-04-04-00-00", "latency": "95"}, {"date": "2023-11-04-04-00-00", "latency": "95"}, {"date": "2023-11-04-04-00-00", "latency": "95"}, {"date": "2023-11-04-04-00-00", "latency": "95"}, {"date": "2023-11-04-04-00-00", "latency": "95"}, {"date": "2023-11-04-04-00-00", "latency": "95"}, {"date": "2023-11-04-04-00-00", "latency": "95"}, {"date": "2023-11-04-04-00-00", "latency": "95"}, {"date": "2023-11-04-04-00-00", "latency": "95"}, {"date": "2023-11-04-04-00-00", "latency": "95"}, {"date": "2023-11-04-04-00-00", "latency": "95"}, {"date": "2023-11-04-04-00-00", "latency": "95"}, {"date": "2023-11-04-04-00-00", "latency": "95"}, {"date": "2023-11-04-04-00-00", "latency": "95"}, {"date": "2023-11-04-04-00-00", "latency": "95"}, {"date": "2023-11-04-04-00-00", "latency": "95"}, {"date": "2023-11-04-04-00-00", "latency": "95"}, {"date": "2023-11-04-04-00-00", "latency": "95"}, {"date": "2023-11-04-04-00-00", "latency": "95"}, {"date": "2023-11-04-04-00-00", "latency": "95"}, {"date": "2023-11-04-04-00-00", "latency": "95"}, {"date": "2023-11-04-04-00-00", "latency": "95"}, {"date": "2023-11-04-04-00-00", "latency": "95"}, {"date": "2023-11-04-04-00-00", "latency": "95"}]}, {"location": {"country_code": "it"}, "game_id": "614266", "values": [{"date": "2023-11-04-01-00-00", "latency": "40"}, {"date": "2023-11-04-01-00-00", "latency": "40"}]}, {"location": {"country_code": "de"}, "game_id": "614266", "values": [{"date": "2023-11-04-23-00-00", "latency": "14"}, {"date": "2023-11-04-23-00-00", "latency": "14"}, {"date": "2023-11-04-23-00-00", "latency": "14"}, {"date": "2023-11-04-23-00-00", "latency": "14"}, {"date": "2023-11-04-23-00-00", "latency": "14"}, {"date": "2023-11-04-23-00-00", "latency": "14"}, {"date": "2023-11-04-23-00-00", "latency": "14"}, {"date": "2023-11-04-23-00-00", "latency": "14"}, {"date": "2023-11-04-23-00-00", "latency": "14"}, {"date": "2023-11-04-23-00-00", "latency": "14"}, {"date": "2023-11-04-23-00-00", "latency": "14"}, {"date": "2023-11-04-23-00-00", "latency": "14"}, {"date": "2023-11-04-23-00-00", "latency": "14"}, {"date": "2023-11-04-23-00-00", "latency": "14"}, {"date": "2023-11-04-23-00-00", "latency": "14"}, {"date": "2023-11-04-23-00-00", "latency": "14"}, {"date": "2023-11-04-23-00-00", "latency": "14"}, {"date": "2023-11-04-23-00-00", "latency": "14"}, {"date": "2023-11-04-23-00-00", "latency": "14"}, {"date": "2023-11-04-23-00-00", "latency": "14"}, {"date": "2023-11-04-23-00-00", "latency": "14"}, {"date": "2023-11-04-23-00-00", "latency": "14"}, {"date": "2023-11-04-23-00-00", "latency": "14"}, {"date": "2023-11-04-23-00-00", "latency": "14"}]}, {"location": {"country_code": "us", "region": "Florida"}, "game_id": "614266", "values": [{"date": "2023-11-04-03-00-00", "latency": "59"}, {"date": "2023-11-04-03-00-00", "latency": "59"}, {"date": "2023-11-04-03-00-00", "latency": "59"}, {"date": "2023-11-04-03-00-00", "latency": "59"}, {"date": "2023-11-04-03-00-00", "latency": "59"}, {"date": "2023-11-04-03-00-00", "latency": "59"}, {"date": "2023-11-04-03-00-00", "latency": "59"}]}, {"location": {"country_code": "us", "region": "New Jersey"}, "game_id": "614266", "values": [{"date": "2023-11-04-23-00-00", "latency": "53"}, {"date": "2023-11-04-23-00-00", "latency": "53"}, {"date": "2023-11-04-23-00-00", "latency": "53"}]}, {"location": {"country_code": "us", "region": "Ohio"}, "game_id": "614266", "values": [{"date": "2023-11-04-05-00-00", "latency": "24"}, {"date": "2023-11-04-05-00-00", "latency": "24"}, {"date": "2023-11-04-05-00-00", "latency": "24"}, {"date": "2023-11-04-05-00-00", "latency": "24"}, {"date": "2023-11-04-05-00-00", "latency": "24"}, {"date": "2023-11-04-05-00-00", "latency": "24"}, {"date": "2023-11-04-05-00-00", "latency": "24"}, {"date": "2023-11-04-05-00-00", "latency": "24"}, {"date": "2023-11-04-05-00-00", "latency": "24"}, {"date": "2023-11-04-05-00-00", "latency": "24"}, {"date": "2023-11-04-05-00-00", "latency": "24"}, {"date": "2023-11-04-05-00-00", "latency": "24"}, {"date": "2023-11-04-05-00-00", "latency": "24"}, {"date": "2023-11-04-05-00-00", "latency": "24"}]}, {"location": {"country_code": "no"}, "game_id": "614266", "values": [{"date": "2023-11-04-02-00-00", "latency": "23"}, {"date": "2023-11-04-02-00-00", "latency": "23"}, {"date": "2023-11-04-02-00-00", "latency": "23"}, {"date": "2023-11-04-02-00-00", "latency": "23"}, {"date": "2023-11-04-02-00-00", "latency": "23"}, {"date": "2023-11-04-02-00-00", "latency": "23"}, {"date": "2023-11-04-02-00-00", "latency": "23"}, {"date": "2023-11-04-02-00-00", "latency": "23"}, {"date": "2023-11-04-02-00-00", "latency": "23"}, {"date": "2023-11-04-02-00-00", "latency": "23"}, {"date": "2023-11-04-02-00-00", "latency": "23"}, {"date": "2023-11-04-02-00-00", "latency": "23"}, {"date": "2023-11-04-02-00-00", "latency": "23"}, {"date": "2023-11-04-02-00-00", "latency": "23"}, {"date": "2023-11-04-02-00-00", "latency": "23"}]}, {"location": {"country_code": "us", "region": "Massachusetts"}, "game_id": "614266", "values": [{"date": "2023-11-04-06-00-00", "latency": "10"}, {"date": "2023-11-04-06-00-00", "latency": "10"}, {"date": "2023-11-04-06-00-00", "latency": "10"}, {"date": "2023-11-04-06-00-00", "latency": "10"}, {"date": "2023-11-04-06-00-00", "latency": "10"}]}, {"location": {"country_code": "us", "region": "Illinois", "city": "Chicago"}, "game_id": "614266", "values": [{"date": "2023-11-04-04-00-00", "latency": "1"}, {"date": "2023-11-04-23-00-00", "latency": "17"}]}, {"location": {"country_code": "us", "region": "Minnesota"}, "game_id": "614266", "values": [{"date": "2023-11-04-04-00-00", "latency": "9"}]}, {"location": {"country_code": "us", "region": "Texas", "city": "Irving"}, "game_id": "614266", "values": [{"date": "2023-11-04-11-00-00", "latency": "28"}, {"date": "2023-11-04-11-00-00", "latency": "28"}, {"date": "2023-11-04-11-00-00", "latency": "28"}, {"date": "2023-11-04-11-00-00", "latency": "28"}, {"date": "2023-11-04-11-00-00", "latency": "28"}, {"date": "2023-11-04-11-00-00", "latency": "28"}, {"date": "2023-11-04-11-00-00", "latency": "28"}, {"date": "2023-11-04-11-00-00", "latency": "28"}, {"date": "2023-11-04-11-00-00", "latency": "28"}, {"date": "2023-11-04-11-00-00", "latency": "28"}, {"date": "2023-11-04-11-00-00", "latency": "28"}, {"date": "2023-11-04-11-00-00", "latency": "28"}, {"date": "2023-11-04-11-00-00", "latency": "28"}, {"date": "2023-11-04-11-00-00", "latency": "28"}]}, {"location": {"country_code": "us", "region": "Mississippi"}, "game_id": "614266", "values": [{"date": "2023-11-04-21-00-00", "latency": "34"}]}, {"location": {"country_code": "bs"}, "game_id": "614266", "values": [{"date": "2023-11-04-18-00-00", "latency": "17"}]}, {"location": {"country_code": "bz"}, "game_id": "614266", "values": [{"date": "2023-11-04-06-00-00", "latency": "142"}]}, {"location": {"country_code": "mx", "region": "Tabasco"}, "game_id": "614266", "values": [{"date": "2023-11-04-02-00-00", "latency": "49"}, {"date": "2023-11-04-02-00-00", "latency": "49"}, {"date": "2023-11-04-02-00-00", "latency": "49"}, {"date": "2023-11-04-02-00-00", "latency": "49"}, {"date": "2023-11-04-02-00-00", "latency": "49"}, {"date": "2023-11-04-02-00-00", "latency": "49"}, {"date": "2023-11-04-02-00-00", "latency": "49"}, {"date": "2023-11-04-02-00-00", "latency": "49"}, {"date": "2023-11-04-02-00-00", "latency": "49"}, {"date": "2023-11-04-02-00-00", "latency": "49"}, {"date": "2023-11-04-02-00-00", "latency": "49"}, {"date": "2023-11-04-02-00-00", "latency": "49"}, {"date": "2023-11-04-02-00-00", "latency": "49"}, {"date": "2023-11-04-02-00-00", "latency": "49"}, {"date": "2023-11-04-02-00-00", "latency": "49"}]}], "last_updated": 1719915341.552608}