{"data": [{"location": {"country_code": "us"}, "game_id": "747108", "values": [{"date": "2022-08-16-22-00-00", "latency": 16}, {"date": "2022-08-16-22-00-00", "latency": 16}, {"date": "2022-08-16-22-00-00", "latency": 16}, {"date": "2022-08-16-22-00-00", "latency": 16}, {"date": "2022-08-16-22-00-00", "latency": 16}, {"date": "2022-08-16-22-00-00", "latency": 16}, {"date": "2022-08-16-22-00-00", "latency": 16}, {"date": "2022-08-16-21-00-00", "latency": 15}, {"date": "2022-08-16-21-00-00", "latency": 15}, {"date": "2022-08-16-21-00-00", "latency": 15}, {"date": "2022-08-16-21-00-00", "latency": 15}, {"date": "2022-08-16-21-00-00", "latency": 15}, {"date": "2022-08-16-21-00-00", "latency": 15}, {"date": "2022-08-16-21-00-00", "latency": 15}, {"date": "2022-08-16-21-00-00", "latency": 15}, {"date": "2022-08-16-21-00-00", "latency": 15}, {"date": "2022-08-16-21-00-00", "latency": 15}, {"date": "2022-08-16-21-00-00", "latency": 15}, {"date": "2022-08-16-21-00-00", "latency": 15}, {"date": "2022-08-16-21-00-00", "latency": 15}, {"date": "2022-08-16-21-00-00", "latency": 15}, {"date": "2022-08-16-21-00-00", "latency": 15}, {"date": "2022-08-16-21-00-00", "latency": 15}, {"date": "2022-08-16-21-00-00", "latency": 15}, {"date": "2022-08-16-21-00-00", "latency": 15}, {"date": "2022-08-16-21-00-00", "latency": 15}, {"date": "2022-08-16-21-00-00", "latency": 15}, {"date": "2022-08-16-21-00-00", "latency": 15}, {"date": "2022-08-16-21-00-00", "latency": 15}, {"date": "2022-08-16-21-00-00", "latency": 15}, {"date": "2022-08-16-21-00-00", "latency": 15}, {"date": "2022-08-16-21-00-00", "latency": 15}, {"date": "2022-08-16-21-00-00", "latency": 15}, {"date": "2022-08-16-21-00-00", "latency": 15}, {"date": "2022-08-16-21-00-00", "latency": 15}, {"date": "2022-08-16-21-00-00", "latency": 15}, {"date": "2022-08-16-21-00-00", "latency": 15}, {"date": "2022-08-16-21-00-00", "latency": 15}, {"date": "2022-08-16-21-00-00", "latency": 15}, {"date": "2022-08-16-21-00-00", "latency": 15}, {"date": "2022-08-16-21-00-00", "latency": 15}, {"date": "2022-08-16-21-00-00", "latency": 15}, {"date": "2022-08-16-21-00-00", "latency": 15}, {"date": "2022-08-16-21-00-00", "latency": 15}, {"date": "2022-08-16-21-00-00", "latency": 15}, {"date": "2022-08-16-21-00-00", "latency": 15}, {"date": "2022-08-16-21-00-00", "latency": 15}, {"date": "2022-08-16-21-00-00", "latency": 15}, {"date": "2022-08-16-21-00-00", "latency": 15}, {"date": "2022-08-16-21-00-00", "latency": 15}, {"date": "2022-08-16-21-00-00", "latency": 15}, {"date": "2022-08-16-21-00-00", "latency": 15}, {"date": "2022-08-16-21-00-00", "latency": 15}, {"date": "2022-08-16-21-00-00", "latency": 15}, {"date": "2022-08-16-21-00-00", "latency": 15}, {"date": "2022-08-16-21-00-00", "latency": 15}, {"date": "2022-08-16-21-00-00", "latency": 15}, {"date": "2022-08-16-21-00-00", "latency": 15}, {"date": "2022-08-16-21-00-00", "latency": 15}, {"date": "2022-08-16-21-00-00", "latency": 15}, {"date": "2022-08-16-21-00-00", "latency": 15}, {"date": "2022-08-16-21-00-00", "latency": 15}, {"date": "2022-08-16-21-00-00", "latency": 15}, {"date": "2022-08-16-21-00-00", "latency": 15}, {"date": "2022-08-16-21-00-00", "latency": 15}, {"date": "2022-08-16-12-00-00", "latency": 15}, {"date": "2022-08-16-12-00-00", "latency": 15}, {"date": "2022-08-16-12-00-00", "latency": 15}, {"date": "2022-08-16-12-00-00", "latency": 15}, {"date": "2022-08-16-12-00-00", "latency": 15}, {"date": "2022-08-16-12-00-00", "latency": 15}, {"date": "2022-08-16-12-00-00", "latency": 15}, {"date": "2022-08-16-12-00-00", "latency": 15}, {"date": "2022-08-16-12-00-00", "latency": 15}, {"date": "2022-08-16-12-00-00", "latency": 15}, {"date": "2022-08-16-12-00-00", "latency": 15}, {"date": "2022-08-16-12-00-00", "latency": 15}, {"date": "2022-08-16-12-00-00", "latency": 15}, {"date": "2022-08-16-12-00-00", "latency": 15}, {"date": "2022-08-16-12-00-00", "latency": 15}, {"date": "2022-08-16-12-00-00", "latency": 15}, {"date": "2022-08-16-12-00-00", "latency": 15}, {"date": "2022-08-16-12-00-00", "latency": 15}, {"date": "2022-08-16-12-00-00", "latency": 15}, {"date": "2022-08-16-12-00-00", "latency": 15}, {"date": "2022-08-16-12-00-00", "latency": 15}, {"date": "2022-08-16-12-00-00", "latency": 15}, {"date": "2022-08-16-12-00-00", "latency": 15}, {"date": "2022-08-16-12-00-00", "latency": 15}, {"date": "2022-08-16-12-00-00", "latency": 15}, {"date": "2022-08-16-12-00-00", "latency": 15}, {"date": "2022-08-16-12-00-00", "latency": 15}, {"date": "2022-08-16-12-00-00", "latency": 15}, {"date": "2022-08-16-12-00-00", "latency": 15}, {"date": "2022-08-16-12-00-00", "latency": 15}, {"date": "2022-08-16-12-00-00", "latency": 15}, {"date": "2022-08-16-12-00-00", "latency": 15}, {"date": "2022-08-16-12-00-00", "latency": 15}, {"date": "2022-08-16-12-00-00", "latency": 15}, {"date": "2022-08-16-12-00-00", "latency": 15}, {"date": "2022-08-16-12-00-00", "latency": 15}, {"date": "2022-08-16-12-00-00", "latency": 15}, {"date": "2022-08-16-12-00-00", "latency": 15}, {"date": "2022-08-16-21-00-00", "latency": 47}, {"date": "2022-08-16-21-00-00", "latency": 47}, {"date": "2022-08-16-21-00-00", "latency": 47}, {"date": "2022-08-16-21-00-00", "latency": 47}, {"date": "2022-08-16-21-00-00", "latency": 47}, {"date": "2022-08-16-21-00-00", "latency": 47}, {"date": "2022-08-16-21-00-00", "latency": 47}, {"date": "2022-08-16-21-00-00", "latency": 47}, {"date": "2022-08-16-21-00-00", "latency": 47}, {"date": "2022-08-16-21-00-00", "latency": 47}, {"date": "2022-08-16-21-00-00", "latency": 47}, {"date": "2022-08-16-21-00-00", "latency": 47}, {"date": "2022-08-16-21-00-00", "latency": 47}, {"date": "2022-08-16-21-00-00", "latency": 47}, {"date": "2022-08-16-21-00-00", "latency": 47}, {"date": "2022-08-16-21-00-00", "latency": 47}, {"date": "2022-08-16-21-00-00", "latency": 47}, {"date": "2022-08-16-21-00-00", "latency": 47}, {"date": "2022-08-16-21-00-00", "latency": 47}, {"date": "2022-08-16-21-00-00", "latency": 47}, {"date": "2022-08-16-21-00-00", "latency": 47}, {"date": "2022-08-16-21-00-00", "latency": 47}, {"date": "2022-08-16-21-00-00", "latency": 47}, {"date": "2022-08-16-21-00-00", "latency": 47}, {"date": "2022-08-16-21-00-00", "latency": 47}, {"date": "2022-08-16-21-00-00", "latency": 47}, {"date": "2022-08-16-21-00-00", "latency": 47}, {"date": "2022-08-16-21-00-00", "latency": 47}, {"date": "2022-08-16-21-00-00", "latency": 47}, {"date": "2022-08-16-21-00-00", "latency": 47}, {"date": "2022-08-16-21-00-00", "latency": 47}, {"date": "2022-08-16-21-00-00", "latency": 47}, {"date": "2022-08-16-21-00-00", "latency": 47}, {"date": "2022-08-16-21-00-00", "latency": 47}, {"date": "2022-08-16-21-00-00", "latency": 47}, {"date": "2022-08-16-21-00-00", "latency": 47}, {"date": "2022-08-16-21-00-00", "latency": 47}, {"date": "2022-08-16-21-00-00", "latency": 47}, {"date": "2022-08-16-21-00-00", "latency": 47}, {"date": "2022-08-16-21-00-00", "latency": 47}, {"date": "2022-08-16-21-00-00", "latency": 47}, {"date": "2022-08-16-21-00-00", "latency": 47}, {"date": "2022-08-16-21-00-00", "latency": 47}, {"date": "2022-08-16-21-00-00", "latency": 47}, {"date": "2022-08-16-21-00-00", "latency": 47}, {"date": "2022-08-16-21-00-00", "latency": 47}, {"date": "2022-08-16-19-00-00", "latency": 16}, {"date": "2022-08-16-19-00-00", "latency": 16}, {"date": "2022-08-16-19-00-00", "latency": 16}, {"date": "2022-08-16-19-00-00", "latency": 16}, {"date": "2022-08-16-19-00-00", "latency": 16}, {"date": "2022-08-16-19-00-00", "latency": 16}, {"date": "2022-08-16-19-00-00", "latency": 16}, {"date": "2022-08-16-19-00-00", "latency": 16}, {"date": "2022-08-16-19-00-00", "latency": 16}, {"date": "2022-08-16-19-00-00", "latency": 16}, {"date": "2022-08-16-19-00-00", "latency": 16}, {"date": "2022-08-16-19-00-00", "latency": 16}, {"date": "2022-08-16-19-00-00", "latency": 16}, {"date": "2022-08-16-19-00-00", "latency": 16}, {"date": "2022-08-16-19-00-00", "latency": 16}, {"date": "2022-08-16-19-00-00", "latency": 1}, {"date": "2022-08-16-19-00-00", "latency": 1}, {"date": "2022-08-16-19-00-00", "latency": 1}, {"date": "2022-08-17-02-00-00", "latency": 31}, {"date": "2022-08-17-02-00-00", "latency": 31}, {"date": "2022-08-17-02-00-00", "latency": 31}, {"date": "2022-08-17-02-00-00", "latency": 31}, {"date": "2022-08-17-02-00-00", "latency": 31}, {"date": "2022-08-17-02-00-00", "latency": 31}, {"date": "2022-08-17-02-00-00", "latency": 31}, {"date": "2022-08-17-02-00-00", "latency": 31}, {"date": "2022-08-17-02-00-00", "latency": 31}, {"date": "2022-08-17-02-00-00", "latency": 31}, {"date": "2022-08-17-02-00-00", "latency": 31}, {"date": "2022-08-17-02-00-00", "latency": 31}, {"date": "2022-08-17-02-00-00", "latency": 31}, {"date": "2022-08-17-02-00-00", "latency": 31}, {"date": "2022-08-17-02-00-00", "latency": 31}, {"date": "2022-08-17-02-00-00", "latency": 31}]}, {"location": {"country_code": "us", "region": "New York", "city": "Jamestown"}, "game_id": "747108", "values": [{"date": "2022-08-16-06-00-00", "latency": 31}, {"date": "2022-08-16-06-00-00", "latency": 31}]}, {"location": {"country_code": "gb"}, "game_id": "747108", "values": [{"date": "2022-08-16-15-00-00", "latency": 31}, {"date": "2022-08-16-15-00-00", "latency": 31}]}, {"location": {"country_code": "th"}, "game_id": "747108", "values": [{"date": "2022-08-16-23-00-00", "latency": 187}, {"date": "2022-08-16-23-00-00", "latency": 187}, {"date": "2022-08-16-23-00-00", "latency": 187}, {"date": "2022-08-16-23-00-00", "latency": 187}, {"date": "2022-08-16-23-00-00", "latency": 187}, {"date": "2022-08-16-23-00-00", "latency": 187}, {"date": "2022-08-16-23-00-00", "latency": 187}, {"date": "2022-08-16-23-00-00", "latency": 187}, {"date": "2022-08-16-23-00-00", "latency": 187}, {"date": "2022-08-16-23-00-00", "latency": 187}, {"date": "2022-08-16-23-00-00", "latency": 187}, {"date": "2022-08-16-23-00-00", "latency": 187}, {"date": "2022-08-16-23-00-00", "latency": 187}, {"date": "2022-08-16-23-00-00", "latency": 187}, {"date": "2022-08-16-23-00-00", "latency": 187}, {"date": "2022-08-16-23-00-00", "latency": 187}, {"date": "2022-08-16-23-00-00", "latency": 187}, {"date": "2022-08-16-23-00-00", "latency": 187}, {"date": "2022-08-16-23-00-00", "latency": 187}, {"date": "2022-08-16-23-00-00", "latency": 187}, {"date": "2022-08-16-23-00-00", "latency": 187}, {"date": "2022-08-16-23-00-00", "latency": 187}, {"date": "2022-08-16-23-00-00", "latency": 187}, {"date": "2022-08-16-23-00-00", "latency": 187}, {"date": "2022-08-16-23-00-00", "latency": 187}, {"date": "2022-08-16-23-00-00", "latency": 187}, {"date": "2022-08-16-23-00-00", "latency": 187}, {"date": "2022-08-16-23-00-00", "latency": 187}, {"date": "2022-08-16-23-00-00", "latency": 187}, {"date": "2022-08-16-23-00-00", "latency": 187}, {"date": "2022-08-16-23-00-00", "latency": 187}, {"date": "2022-08-16-23-00-00", "latency": 187}, {"date": "2022-08-16-23-00-00", "latency": 187}, {"date": "2022-08-16-23-00-00", "latency": 187}, {"date": "2022-08-16-23-00-00", "latency": 187}, {"date": "2022-08-16-23-00-00", "latency": 187}, {"date": "2022-08-16-23-00-00", "latency": 187}, {"date": "2022-08-16-23-00-00", "latency": 187}, {"date": "2022-08-16-23-00-00", "latency": 187}, {"date": "2022-08-16-23-00-00", "latency": 187}, {"date": "2022-08-16-23-00-00", "latency": 187}, {"date": "2022-08-16-23-00-00", "latency": 187}, {"date": "2022-08-16-23-00-00", "latency": 187}, {"date": "2022-08-16-23-00-00", "latency": 187}, {"date": "2022-08-16-23-00-00", "latency": 187}, {"date": "2022-08-16-23-00-00", "latency": 187}, {"date": "2022-08-16-23-00-00", "latency": 187}, {"date": "2022-08-16-23-00-00", "latency": 187}, {"date": "2022-08-16-23-00-00", "latency": 187}, {"date": "2022-08-16-23-00-00", "latency": 187}, {"date": "2022-08-16-23-00-00", "latency": 187}, {"date": "2022-08-16-23-00-00", "latency": 187}, {"date": "2022-08-16-23-00-00", "latency": 187}, {"date": "2022-08-16-23-00-00", "latency": 187}, {"date": "2022-08-16-23-00-00", "latency": 187}, {"date": "2022-08-16-23-00-00", "latency": 187}, {"date": "2022-08-16-23-00-00", "latency": 187}, {"date": "2022-08-16-23-00-00", "latency": 187}, {"date": "2022-08-16-23-00-00", "latency": 187}, {"date": "2022-08-16-23-00-00", "latency": 187}, {"date": "2022-08-16-23-00-00", "latency": 187}, {"date": "2022-08-16-23-00-00", "latency": 187}, {"date": "2022-08-16-23-00-00", "latency": 187}, {"date": "2022-08-16-23-00-00", "latency": 187}, {"date": "2022-08-16-23-00-00", "latency": 187}, {"date": "2022-08-16-23-00-00", "latency": 187}, {"date": "2022-08-16-23-00-00", "latency": 187}, {"date": "2022-08-16-23-00-00", "latency": 187}]}, {"location": {"country_code": "nl"}, "game_id": "747108", "values": [{"date": "2022-08-16-04-00-00", "latency": 156}, {"date": "2022-08-16-04-00-00", "latency": 156}, {"date": "2022-08-16-04-00-00", "latency": 156}, {"date": "2022-08-16-04-00-00", "latency": 156}, {"date": "2022-08-16-04-00-00", "latency": 156}, {"date": "2022-08-16-04-00-00", "latency": 156}, {"date": "2022-08-16-04-00-00", "latency": 156}, {"date": "2022-08-16-04-00-00", "latency": 156}, {"date": "2022-08-16-04-00-00", "latency": 156}, {"date": "2022-08-16-04-00-00", "latency": 156}, {"date": "2022-08-16-04-00-00", "latency": 156}, {"date": "2022-08-16-04-00-00", "latency": 156}, {"date": "2022-08-16-04-00-00", "latency": 156}, {"date": "2022-08-16-04-00-00", "latency": 156}, {"date": "2022-08-16-04-00-00", "latency": 156}, {"date": "2022-08-16-04-00-00", "latency": 156}, {"date": "2022-08-16-04-00-00", "latency": 156}, {"date": "2022-08-17-02-00-00", "latency": 15}, {"date": "2022-08-17-02-00-00", "latency": 15}, {"date": "2022-08-17-02-00-00", "latency": 15}, {"date": "2022-08-17-02-00-00", "latency": 15}, {"date": "2022-08-17-02-00-00", "latency": 15}, {"date": "2022-08-17-02-00-00", "latency": 15}, {"date": "2022-08-17-02-00-00", "latency": 15}, {"date": "2022-08-17-02-00-00", "latency": 15}, {"date": "2022-08-17-02-00-00", "latency": 15}, {"date": "2022-08-17-02-00-00", "latency": 15}, {"date": "2022-08-17-02-00-00", "latency": 15}, {"date": "2022-08-17-02-00-00", "latency": 15}, {"date": "2022-08-17-02-00-00", "latency": 15}, {"date": "2022-08-17-02-00-00", "latency": 15}, {"date": "2022-08-17-02-00-00", "latency": 15}, {"date": "2022-08-17-02-00-00", "latency": 15}, {"date": "2022-08-17-02-00-00", "latency": 15}, {"date": "2022-08-17-02-00-00", "latency": 15}, {"date": "2022-08-17-02-00-00", "latency": 15}, {"date": "2022-08-17-02-00-00", "latency": 15}, {"date": "2022-08-17-02-00-00", "latency": 15}, {"date": "2022-08-17-02-00-00", "latency": 15}, {"date": "2022-08-17-02-00-00", "latency": 15}, {"date": "2022-08-17-02-00-00", "latency": 15}, {"date": "2022-08-17-02-00-00", "latency": 15}, {"date": "2022-08-17-02-00-00", "latency": 15}, {"date": "2022-08-17-02-00-00", "latency": 15}, {"date": "2022-08-17-02-00-00", "latency": 15}, {"date": "2022-08-17-02-00-00", "latency": 15}, {"date": "2022-08-17-02-00-00", "latency": 15}, {"date": "2022-08-17-02-00-00", "latency": 15}, {"date": "2022-08-17-02-00-00", "latency": 15}, {"date": "2022-08-17-02-00-00", "latency": 15}, {"date": "2022-08-17-02-00-00", "latency": 15}, {"date": "2022-08-17-02-00-00", "latency": 15}, {"date": "2022-08-17-00-00-00", "latency": 16}, {"date": "2022-08-17-00-00-00", "latency": 16}, {"date": "2022-08-17-00-00-00", "latency": 16}, {"date": "2022-08-17-00-00-00", "latency": 16}, {"date": "2022-08-17-00-00-00", "latency": 16}, {"date": "2022-08-17-00-00-00", "latency": 16}, {"date": "2022-08-17-00-00-00", "latency": 16}, {"date": "2022-08-17-00-00-00", "latency": 16}, {"date": "2022-08-17-00-00-00", "latency": 16}, {"date": "2022-08-17-00-00-00", "latency": 16}, {"date": "2022-08-17-00-00-00", "latency": 16}, {"date": "2022-08-17-00-00-00", "latency": 16}, {"date": "2022-08-17-00-00-00", "latency": 16}, {"date": "2022-08-17-00-00-00", "latency": 16}, {"date": "2022-08-17-00-00-00", "latency": 16}, {"date": "2022-08-17-00-00-00", "latency": 16}, {"date": "2022-08-17-00-00-00", "latency": 16}, {"date": "2022-08-17-00-00-00", "latency": 16}, {"date": "2022-08-17-00-00-00", "latency": 16}, {"date": "2022-08-17-00-00-00", "latency": 16}, {"date": "2022-08-17-00-00-00", "latency": 16}, {"date": "2022-08-17-00-00-00", "latency": 16}, {"date": "2022-08-17-00-00-00", "latency": 16}, {"date": "2022-08-17-00-00-00", "latency": 16}, {"date": "2022-08-17-00-00-00", "latency": 16}, {"date": "2022-08-17-00-00-00", "latency": 16}, {"date": "2022-08-17-00-00-00", "latency": 16}, {"date": "2022-08-17-00-00-00", "latency": 16}, {"date": "2022-08-17-00-00-00", "latency": 16}, {"date": "2022-08-17-00-00-00", "latency": 16}]}, {"location": {"country_code": "it"}, "game_id": "747108", "values": [{"date": "2022-08-16-22-00-00", "latency": 46}, {"date": "2022-08-16-22-00-00", "latency": 46}, {"date": "2022-08-16-22-00-00", "latency": 46}, {"date": "2022-08-16-22-00-00", "latency": 46}, {"date": "2022-08-16-16-00-00", "latency": 15}, {"date": "2022-08-16-16-00-00", "latency": 15}, {"date": "2022-08-16-16-00-00", "latency": 15}, {"date": "2022-08-16-16-00-00", "latency": 15}, {"date": "2022-08-16-16-00-00", "latency": 15}, {"date": "2022-08-16-16-00-00", "latency": 15}, {"date": "2022-08-16-16-00-00", "latency": 15}, {"date": "2022-08-16-16-00-00", "latency": 15}, {"date": "2022-08-16-16-00-00", "latency": 15}, {"date": "2022-08-16-16-00-00", "latency": 15}, {"date": "2022-08-16-16-00-00", "latency": 15}, {"date": "2022-08-16-16-00-00", "latency": 15}, {"date": "2022-08-16-16-00-00", "latency": 15}, {"date": "2022-08-16-16-00-00", "latency": 15}]}, {"location": {"country_code": "jp"}, "game_id": "747108", "values": [{"date": "2022-08-17-00-00-00", "latency": 16}, {"date": "2022-08-17-00-00-00", "latency": 16}, {"date": "2022-08-17-00-00-00", "latency": 16}, {"date": "2022-08-17-00-00-00", "latency": 16}, {"date": "2022-08-17-00-00-00", "latency": 16}, {"date": "2022-08-17-00-00-00", "latency": 16}, {"date": "2022-08-17-00-00-00", "latency": 16}, {"date": "2022-08-17-00-00-00", "latency": 16}, {"date": "2022-08-17-00-00-00", "latency": 16}, {"date": "2022-08-17-00-00-00", "latency": 16}, {"date": "2022-08-17-00-00-00", "latency": 16}, {"date": "2022-08-17-00-00-00", "latency": 16}, {"date": "2022-08-17-00-00-00", "latency": 16}, {"date": "2022-08-17-00-00-00", "latency": 16}, {"date": "2022-08-17-00-00-00", "latency": 16}, {"date": "2022-08-17-00-00-00", "latency": 16}]}, {"location": {"country_code": "ca"}, "game_id": "747108", "values": [{"date": "2022-08-16-05-00-00", "latency": 187}, {"date": "2022-08-16-05-00-00", "latency": 187}, {"date": "2022-08-16-05-00-00", "latency": 187}, {"date": "2022-08-16-05-00-00", "latency": 187}, {"date": "2022-08-16-05-00-00", "latency": 187}, {"date": "2022-08-16-05-00-00", "latency": 187}, {"date": "2022-08-16-05-00-00", "latency": 187}, {"date": "2022-08-16-05-00-00", "latency": 187}, {"date": "2022-08-16-05-00-00", "latency": 187}, {"date": "2022-08-16-05-00-00", "latency": 187}, {"date": "2022-08-16-16-00-00", "latency": 62}, {"date": "2022-08-16-16-00-00", "latency": 62}, {"date": "2022-08-16-16-00-00", "latency": 62}, {"date": "2022-08-16-16-00-00", "latency": 62}, {"date": "2022-08-16-16-00-00", "latency": 62}, {"date": "2022-08-16-16-00-00", "latency": 62}]}, {"location": {"country_code": "ca", "region": "Ontario"}, "game_id": "747108", "values": [{"date": "2022-08-17-02-00-00", "latency": 31}, {"date": "2022-08-17-02-00-00", "latency": 31}, {"date": "2022-08-17-02-00-00", "latency": 31}, {"date": "2022-08-17-02-00-00", "latency": 31}, {"date": "2022-08-17-02-00-00", "latency": 31}, {"date": "2022-08-17-02-00-00", "latency": 31}, {"date": "2022-08-17-02-00-00", "latency": 31}, {"date": "2022-08-17-02-00-00", "latency": 31}, {"date": "2022-08-17-02-00-00", "latency": 31}, {"date": "2022-08-17-02-00-00", "latency": 31}, {"date": "2022-08-17-02-00-00", "latency": 31}, {"date": "2022-08-17-02-00-00", "latency": 31}, {"date": "2022-08-17-02-00-00", "latency": 31}, {"date": "2022-08-17-02-00-00", "latency": 31}, {"date": "2022-08-17-02-00-00", "latency": 31}, {"date": "2022-08-17-02-00-00", "latency": 31}, {"date": "2022-08-17-02-00-00", "latency": 31}, {"date": "2022-08-17-02-00-00", "latency": 31}, {"date": "2022-08-17-02-00-00", "latency": 31}, {"date": "2022-08-17-02-00-00", "latency": 31}]}, {"location": {"country_code": "de"}, "game_id": "747108", "values": [{"date": "2022-08-16-18-00-00", "latency": 16}, {"date": "2022-08-16-18-00-00", "latency": 16}, {"date": "2022-08-16-18-00-00", "latency": 16}, {"date": "2022-08-16-18-00-00", "latency": 16}, {"date": "2022-08-16-18-00-00", "latency": 16}, {"date": "2022-08-16-18-00-00", "latency": 16}, {"date": "2022-08-16-18-00-00", "latency": 16}, {"date": "2022-08-16-18-00-00", "latency": 16}, {"date": "2022-08-16-18-00-00", "latency": 16}, {"date": "2022-08-16-18-00-00", "latency": 16}, {"date": "2022-08-16-18-00-00", "latency": 16}, {"date": "2022-08-16-18-00-00", "latency": 16}, {"date": "2022-08-16-18-00-00", "latency": 16}, {"date": "2022-08-17-01-00-00", "latency": 32}, {"date": "2022-08-17-01-00-00", "latency": 32}, {"date": "2022-08-17-01-00-00", "latency": 32}, {"date": "2022-08-17-01-00-00", "latency": 32}, {"date": "2022-08-17-01-00-00", "latency": 32}, {"date": "2022-08-17-01-00-00", "latency": 32}, {"date": "2022-08-17-01-00-00", "latency": 32}, {"date": "2022-08-17-01-00-00", "latency": 32}, {"date": "2022-08-17-01-00-00", "latency": 32}, {"date": "2022-08-17-01-00-00", "latency": 32}, {"date": "2022-08-17-01-00-00", "latency": 32}, {"date": "2022-08-17-01-00-00", "latency": 32}, {"date": "2022-08-17-01-00-00", "latency": 32}, {"date": "2022-08-17-01-00-00", "latency": 32}, {"date": "2022-08-17-01-00-00", "latency": 32}, {"date": "2022-08-17-01-00-00", "latency": 32}, {"date": "2022-08-17-01-00-00", "latency": 32}, {"date": "2022-08-17-01-00-00", "latency": 32}, {"date": "2022-08-17-01-00-00", "latency": 32}, {"date": "2022-08-17-01-00-00", "latency": 32}, {"date": "2022-08-17-01-00-00", "latency": 32}, {"date": "2022-08-17-01-00-00", "latency": 32}, {"date": "2022-08-17-01-00-00", "latency": 32}, {"date": "2022-08-16-19-00-00", "latency": 15}, {"date": "2022-08-16-19-00-00", "latency": 15}, {"date": "2022-08-16-19-00-00", "latency": 15}, {"date": "2022-08-16-19-00-00", "latency": 15}, {"date": "2022-08-16-19-00-00", "latency": 15}, {"date": "2022-08-16-19-00-00", "latency": 15}, {"date": "2022-08-16-19-00-00", "latency": 15}, {"date": "2022-08-16-19-00-00", "latency": 15}, {"date": "2022-08-16-19-00-00", "latency": 15}, {"date": "2022-08-16-19-00-00", "latency": 15}, {"date": "2022-08-16-19-00-00", "latency": 15}, {"date": "2022-08-16-19-00-00", "latency": 15}, {"date": "2022-08-16-19-00-00", "latency": 15}, {"date": "2022-08-16-19-00-00", "latency": 15}, {"date": "2022-08-16-19-00-00", "latency": 15}, {"date": "2022-08-16-19-00-00", "latency": 15}, {"date": "2022-08-16-19-00-00", "latency": 15}, {"date": "2022-08-16-19-00-00", "latency": 15}, {"date": "2022-08-16-14-00-00", "latency": 16}, {"date": "2022-08-16-14-00-00", "latency": 16}, {"date": "2022-08-16-14-00-00", "latency": 16}, {"date": "2022-08-16-14-00-00", "latency": 16}, {"date": "2022-08-16-14-00-00", "latency": 16}, {"date": "2022-08-16-14-00-00", "latency": 16}, {"date": "2022-08-16-14-00-00", "latency": 16}, {"date": "2022-08-16-14-00-00", "latency": 16}, {"date": "2022-08-16-13-00-00", "latency": 3}]}, {"location": {"country_code": "gb", "region": "England"}, "game_id": "747108", "values": [{"date": "2022-08-16-02-00-00", "latency": 31}, {"date": "2022-08-16-02-00-00", "latency": 31}]}, {"location": {"country_code": "cl"}, "game_id": "747108", "values": [{"date": "2022-08-16-09-00-00", "latency": 78}, {"date": "2022-08-16-09-00-00", "latency": 78}, {"date": "2022-08-16-09-00-00", "latency": 78}, {"date": "2022-08-16-09-00-00", "latency": 78}, {"date": "2022-08-16-09-00-00", "latency": 78}, {"date": "2022-08-16-09-00-00", "latency": 78}, {"date": "2022-08-16-09-00-00", "latency": 78}, {"date": "2022-08-16-09-00-00", "latency": 78}, {"date": "2022-08-16-09-00-00", "latency": 78}, {"date": "2022-08-16-09-00-00", "latency": 78}, {"date": "2022-08-16-09-00-00", "latency": 78}, {"date": "2022-08-16-09-00-00", "latency": 78}, {"date": "2022-08-16-09-00-00", "latency": 78}, {"date": "2022-08-16-09-00-00", "latency": 78}, {"date": "2022-08-16-09-00-00", "latency": 78}, {"date": "2022-08-16-09-00-00", "latency": 78}, {"date": "2022-08-16-09-00-00", "latency": 78}, {"date": "2022-08-16-09-00-00", "latency": 78}, {"date": "2022-08-17-01-00-00", "latency": 62}, {"date": "2022-08-17-01-00-00", "latency": 62}, {"date": "2022-08-17-01-00-00", "latency": 62}, {"date": "2022-08-17-01-00-00", "latency": 62}, {"date": "2022-08-17-01-00-00", "latency": 62}]}, {"location": {"country_code": "au", "region": "New South Wales", "city": "Sydney"}, "game_id": "747108", "values": [{"date": "2022-08-17-02-00-00", "latency": 219}, {"date": "2022-08-17-02-00-00", "latency": 219}, {"date": "2022-08-17-02-00-00", "latency": 219}, {"date": "2022-08-17-02-00-00", "latency": 219}]}, {"location": {"country_code": "us", "region": "Florida"}, "game_id": "747108", "values": [{"date": "2022-08-16-09-00-00", "latency": 94}, {"date": "2022-08-16-09-00-00", "latency": 94}, {"date": "2022-08-16-09-00-00", "latency": 94}, {"date": "2022-08-16-09-00-00", "latency": 94}, {"date": "2022-08-16-09-00-00", "latency": 94}, {"date": "2022-08-16-09-00-00", "latency": 94}, {"date": "2022-08-16-09-00-00", "latency": 94}, {"date": "2022-08-16-09-00-00", "latency": 94}, {"date": "2022-08-17-02-00-00", "latency": 31}, {"date": "2022-08-17-02-00-00", "latency": 31}, {"date": "2022-08-17-02-00-00", "latency": 31}, {"date": "2022-08-17-02-00-00", "latency": 31}, {"date": "2022-08-17-02-00-00", "latency": 31}, {"date": "2022-08-17-02-00-00", "latency": 31}, {"date": "2022-08-17-02-00-00", "latency": 31}, {"date": "2022-08-17-02-00-00", "latency": 31}, {"date": "2022-08-17-02-00-00", "latency": 31}, {"date": "2022-08-17-02-00-00", "latency": 31}, {"date": "2022-08-17-02-00-00", "latency": 31}, {"date": "2022-08-17-02-00-00", "latency": 31}, {"date": "2022-08-17-02-00-00", "latency": 31}, {"date": "2022-08-17-02-00-00", "latency": 31}, {"date": "2022-08-17-02-00-00", "latency": 31}, {"date": "2022-08-17-02-00-00", "latency": 31}, {"date": "2022-08-17-02-00-00", "latency": 31}, {"date": "2022-08-17-02-00-00", "latency": 31}, {"date": "2022-08-17-02-00-00", "latency": 31}, {"date": "2022-08-17-02-00-00", "latency": 31}, {"date": "2022-08-17-02-00-00", "latency": 31}, {"date": "2022-08-17-02-00-00", "latency": 31}, {"date": "2022-08-17-02-00-00", "latency": 31}, {"date": "2022-08-17-02-00-00", "latency": 31}, {"date": "2022-08-17-02-00-00", "latency": 31}, {"date": "2022-08-17-02-00-00", "latency": 31}, {"date": "2022-08-17-02-00-00", "latency": 31}, {"date": "2022-08-17-02-00-00", "latency": 31}, {"date": "2022-08-17-02-00-00", "latency": 31}, {"date": "2022-08-17-02-00-00", "latency": 31}, {"date": "2022-08-17-02-00-00", "latency": 31}, {"date": "2022-08-17-02-00-00", "latency": 31}, {"date": "2022-08-17-02-00-00", "latency": 31}, {"date": "2022-08-17-02-00-00", "latency": 31}, {"date": "2022-08-17-02-00-00", "latency": 31}, {"date": "2022-08-17-02-00-00", "latency": 31}, {"date": "2022-08-17-02-00-00", "latency": 31}, {"date": "2022-08-17-02-00-00", "latency": 31}, {"date": "2022-08-17-02-00-00", "latency": 31}, {"date": "2022-08-17-02-00-00", "latency": 31}, {"date": "2022-08-17-02-00-00", "latency": 31}, {"date": "2022-08-17-02-00-00", "latency": 31}, {"date": "2022-08-17-02-00-00", "latency": 31}, {"date": "2022-08-17-02-00-00", "latency": 31}, {"date": "2022-08-17-02-00-00", "latency": 31}, {"date": "2022-08-17-02-00-00", "latency": 31}, {"date": "2022-08-17-02-00-00", "latency": 31}, {"date": "2022-08-17-02-00-00", "latency": 31}, {"date": "2022-08-17-02-00-00", "latency": 31}]}, {"location": {"country_code": "ph"}, "game_id": "747108", "values": [{"date": "2022-08-16-18-00-00", "latency": 187}, {"date": "2022-08-16-18-00-00", "latency": 187}, {"date": "2022-08-16-19-00-00", "latency": 156}, {"date": "2022-08-16-19-00-00", "latency": 156}, {"date": "2022-08-16-19-00-00", "latency": 156}, {"date": "2022-08-16-19-00-00", "latency": 156}, {"date": "2022-08-16-19-00-00", "latency": 156}, {"date": "2022-08-16-19-00-00", "latency": 156}, {"date": "2022-08-16-19-00-00", "latency": 156}, {"date": "2022-08-16-19-00-00", "latency": 156}, {"date": "2022-08-16-19-00-00", "latency": 156}, {"date": "2022-08-16-19-00-00", "latency": 156}, {"date": "2022-08-16-19-00-00", "latency": 156}, {"date": "2022-08-16-19-00-00", "latency": 156}, {"date": "2022-08-16-19-00-00", "latency": 156}, {"date": "2022-08-16-19-00-00", "latency": 156}, {"date": "2022-08-16-19-00-00", "latency": 156}, {"date": "2022-08-16-19-00-00", "latency": 156}, {"date": "2022-08-16-19-00-00", "latency": 156}, {"date": "2022-08-16-19-00-00", "latency": 156}, {"date": "2022-08-16-19-00-00", "latency": 156}, {"date": "2022-08-16-19-00-00", "latency": 156}, {"date": "2022-08-16-19-00-00", "latency": 156}, {"date": "2022-08-16-19-00-00", "latency": 156}, {"date": "2022-08-16-19-00-00", "latency": 156}, {"date": "2022-08-16-19-00-00", "latency": 156}, {"date": "2022-08-16-19-00-00", "latency": 156}, {"date": "2022-08-16-19-00-00", "latency": 156}, {"date": "2022-08-16-19-00-00", "latency": 156}, {"date": "2022-08-16-19-00-00", "latency": 156}, {"date": "2022-08-16-19-00-00", "latency": 156}, {"date": "2022-08-16-19-00-00", "latency": 156}, {"date": "2022-08-16-19-00-00", "latency": 156}, {"date": "2022-08-16-19-00-00", "latency": 156}]}, {"location": {"country_code": "fr"}, "game_id": "747108", "values": [{"date": "2022-08-17-00-00-00", "latency": 31}, {"date": "2022-08-17-00-00-00", "latency": 31}, {"date": "2022-08-17-00-00-00", "latency": 31}, {"date": "2022-08-17-00-00-00", "latency": 31}, {"date": "2022-08-17-00-00-00", "latency": 31}, {"date": "2022-08-17-00-00-00", "latency": 31}, {"date": "2022-08-17-00-00-00", "latency": 31}, {"date": "2022-08-17-00-00-00", "latency": 31}, {"date": "2022-08-17-00-00-00", "latency": 31}, {"date": "2022-08-17-00-00-00", "latency": 31}, {"date": "2022-08-17-00-00-00", "latency": 31}, {"date": "2022-08-17-00-00-00", "latency": 31}, {"date": "2022-08-17-00-00-00", "latency": 31}, {"date": "2022-08-17-00-00-00", "latency": 31}, {"date": "2022-08-17-00-00-00", "latency": 31}, {"date": "2022-08-17-00-00-00", "latency": 31}, {"date": "2022-08-17-00-00-00", "latency": 31}, {"date": "2022-08-17-00-00-00", "latency": 31}, {"date": "2022-08-17-00-00-00", "latency": 31}, {"date": "2022-08-16-22-00-00", "latency": 16}, {"date": "2022-08-16-16-00-00", "latency": 31}, {"date": "2022-08-16-16-00-00", "latency": 31}, {"date": "2022-08-16-16-00-00", "latency": 31}, {"date": "2022-08-16-16-00-00", "latency": 31}, {"date": "2022-08-16-16-00-00", "latency": 31}, {"date": "2022-08-16-16-00-00", "latency": 31}, {"date": "2022-08-16-16-00-00", "latency": 31}, {"date": "2022-08-16-16-00-00", "latency": 31}, {"date": "2022-08-16-16-00-00", "latency": 31}, {"date": "2022-08-16-16-00-00", "latency": 31}, {"date": "2022-08-16-16-00-00", "latency": 31}, {"date": "2022-08-16-16-00-00", "latency": 31}, {"date": "2022-08-16-16-00-00", "latency": 31}, {"date": "2022-08-16-16-00-00", "latency": 31}, {"date": "2022-08-16-16-00-00", "latency": 31}, {"date": "2022-08-16-16-00-00", "latency": 31}, {"date": "2022-08-16-16-00-00", "latency": 31}, {"date": "2022-08-16-16-00-00", "latency": 31}, {"date": "2022-08-16-16-00-00", "latency": 31}, {"date": "2022-08-16-16-00-00", "latency": 31}, {"date": "2022-08-16-16-00-00", "latency": 31}, {"date": "2022-08-16-16-00-00", "latency": 31}, {"date": "2022-08-16-16-00-00", "latency": 31}, {"date": "2022-08-16-20-00-00", "latency": 31}, {"date": "2022-08-16-20-00-00", "latency": 31}, {"date": "2022-08-16-20-00-00", "latency": 31}, {"date": "2022-08-16-20-00-00", "latency": 31}, {"date": "2022-08-16-20-00-00", "latency": 31}, {"date": "2022-08-16-20-00-00", "latency": 31}, {"date": "2022-08-16-20-00-00", "latency": 31}, {"date": "2022-08-16-20-00-00", "latency": 31}, {"date": "2022-08-16-20-00-00", "latency": 31}, {"date": "2022-08-16-20-00-00", "latency": 31}, {"date": "2022-08-16-20-00-00", "latency": 31}, {"date": "2022-08-16-20-00-00", "latency": 31}, {"date": "2022-08-16-20-00-00", "latency": 31}, {"date": "2022-08-16-20-00-00", "latency": 31}]}, {"location": {"country_code": "us", "region": "New Jersey"}, "game_id": "747108", "values": [{"date": "2022-08-17-00-00-00", "latency": 5}, {"date": "2022-08-17-00-00-00", "latency": 5}]}, {"location": {"country_code": "mx"}, "game_id": "747108", "values": [{"date": "2022-08-16-08-00-00", "latency": 62}, {"date": "2022-08-16-08-00-00", "latency": 62}, {"date": "2022-08-16-08-00-00", "latency": 62}, {"date": "2022-08-16-08-00-00", "latency": 62}, {"date": "2022-08-16-08-00-00", "latency": 62}, {"date": "2022-08-16-08-00-00", "latency": 62}, {"date": "2022-08-16-08-00-00", "latency": 62}, {"date": "2022-08-16-08-00-00", "latency": 62}, {"date": "2022-08-16-08-00-00", "latency": 62}, {"date": "2022-08-16-08-00-00", "latency": 62}, {"date": "2022-08-16-08-00-00", "latency": 62}, {"date": "2022-08-16-08-00-00", "latency": 62}, {"date": "2022-08-16-08-00-00", "latency": 62}, {"date": "2022-08-16-08-00-00", "latency": 62}, {"date": "2022-08-16-08-00-00", "latency": 62}, {"date": "2022-08-16-08-00-00", "latency": 62}, {"date": "2022-08-16-08-00-00", "latency": 62}, {"date": "2022-08-16-08-00-00", "latency": 62}, {"date": "2022-08-16-08-00-00", "latency": 62}, {"date": "2022-08-16-08-00-00", "latency": 62}, {"date": "2022-08-16-08-00-00", "latency": 62}, {"date": "2022-08-16-08-00-00", "latency": 62}, {"date": "2022-08-16-08-00-00", "latency": 62}, {"date": "2022-08-16-08-00-00", "latency": 62}, {"date": "2022-08-16-08-00-00", "latency": 62}, {"date": "2022-08-16-08-00-00", "latency": 62}, {"date": "2022-08-16-08-00-00", "latency": 62}, {"date": "2022-08-16-08-00-00", "latency": 62}, {"date": "2022-08-16-02-00-00", "latency": 109}, {"date": "2022-08-16-22-00-00", "latency": 31}]}, {"location": {"country_code": "br"}, "game_id": "747108", "values": [{"date": "2022-08-16-19-00-00", "latency": 15}, {"date": "2022-08-16-19-00-00", "latency": 15}, {"date": "2022-08-16-19-00-00", "latency": 15}, {"date": "2022-08-16-19-00-00", "latency": 15}, {"date": "2022-08-16-19-00-00", "latency": 15}, {"date": "2022-08-16-19-00-00", "latency": 15}, {"date": "2022-08-16-19-00-00", "latency": 15}, {"date": "2022-08-16-19-00-00", "latency": 15}, {"date": "2022-08-16-19-00-00", "latency": 15}, {"date": "2022-08-16-19-00-00", "latency": 15}, {"date": "2022-08-16-19-00-00", "latency": 15}, {"date": "2022-08-16-19-00-00", "latency": 15}, {"date": "2022-08-16-19-00-00", "latency": 15}, {"date": "2022-08-16-19-00-00", "latency": 15}, {"date": "2022-08-16-19-00-00", "latency": 15}, {"date": "2022-08-16-19-00-00", "latency": 15}, {"date": "2022-08-16-19-00-00", "latency": 15}, {"date": "2022-08-16-22-00-00", "latency": 31}, {"date": "2022-08-16-22-00-00", "latency": 31}, {"date": "2022-08-16-22-00-00", "latency": 31}, {"date": "2022-08-16-22-00-00", "latency": 31}, {"date": "2022-08-16-22-00-00", "latency": 31}, {"date": "2022-08-16-22-00-00", "latency": 31}, {"date": "2022-08-16-22-00-00", "latency": 31}, {"date": "2022-08-16-22-00-00", "latency": 31}, {"date": "2022-08-16-22-00-00", "latency": 31}, {"date": "2022-08-16-22-00-00", "latency": 31}, {"date": "2022-08-16-22-00-00", "latency": 31}, {"date": "2022-08-16-22-00-00", "latency": 31}, {"date": "2022-08-16-22-00-00", "latency": 31}, {"date": "2022-08-16-22-00-00", "latency": 31}, {"date": "2022-08-16-22-00-00", "latency": 31}, {"date": "2022-08-16-22-00-00", "latency": 31}, {"date": "2022-08-16-22-00-00", "latency": 31}, {"date": "2022-08-17-02-00-00", "latency": 47}, {"date": "2022-08-17-02-00-00", "latency": 47}, {"date": "2022-08-17-02-00-00", "latency": 47}, {"date": "2022-08-17-02-00-00", "latency": 47}, {"date": "2022-08-17-02-00-00", "latency": 47}, {"date": "2022-08-17-02-00-00", "latency": 47}, {"date": "2022-08-17-02-00-00", "latency": 47}, {"date": "2022-08-17-02-00-00", "latency": 47}, {"date": "2022-08-17-02-00-00", "latency": 47}, {"date": "2022-08-17-02-00-00", "latency": 47}, {"date": "2022-08-17-02-00-00", "latency": 47}, {"date": "2022-08-17-02-00-00", "latency": 47}, {"date": "2022-08-17-02-00-00", "latency": 47}, {"date": "2022-08-17-02-00-00", "latency": 47}, {"date": "2022-08-17-02-00-00", "latency": 47}, {"date": "2022-08-17-02-00-00", "latency": 47}, {"date": "2022-08-17-02-00-00", "latency": 47}, {"date": "2022-08-17-02-00-00", "latency": 47}, {"date": "2022-08-17-02-00-00", "latency": 47}, {"date": "2022-08-17-02-00-00", "latency": 47}, {"date": "2022-08-17-02-00-00", "latency": 47}, {"date": "2022-08-17-02-00-00", "latency": 47}, {"date": "2022-08-17-02-00-00", "latency": 47}, {"date": "2022-08-17-02-00-00", "latency": 47}, {"date": "2022-08-17-02-00-00", "latency": 47}, {"date": "2022-08-17-02-00-00", "latency": 47}, {"date": "2022-08-17-02-00-00", "latency": 47}, {"date": "2022-08-17-02-00-00", "latency": 47}, {"date": "2022-08-17-02-00-00", "latency": 47}, {"date": "2022-08-17-02-00-00", "latency": 47}, {"date": "2022-08-17-02-00-00", "latency": 47}, {"date": "2022-08-17-02-00-00", "latency": 47}, {"date": "2022-08-17-02-00-00", "latency": 47}, {"date": "2022-08-17-02-00-00", "latency": 47}, {"date": "2022-08-17-02-00-00", "latency": 47}, {"date": "2022-08-17-02-00-00", "latency": 47}, {"date": "2022-08-17-02-00-00", "latency": 47}, {"date": "2022-08-16-03-00-00", "latency": 31}, {"date": "2022-08-16-03-00-00", "latency": 31}, {"date": "2022-08-17-02-00-00", "latency": 32}, {"date": "2022-08-17-02-00-00", "latency": 32}, {"date": "2022-08-17-02-00-00", "latency": 32}, {"date": "2022-08-17-02-00-00", "latency": 32}, {"date": "2022-08-17-02-00-00", "latency": 32}, {"date": "2022-08-17-02-00-00", "latency": 32}, {"date": "2022-08-17-02-00-00", "latency": 32}, {"date": "2022-08-17-02-00-00", "latency": 32}, {"date": "2022-08-17-02-00-00", "latency": 32}, {"date": "2022-08-17-02-00-00", "latency": 32}, {"date": "2022-08-17-02-00-00", "latency": 32}, {"date": "2022-08-17-02-00-00", "latency": 32}, {"date": "2022-08-17-02-00-00", "latency": 32}, {"date": "2022-08-17-02-00-00", "latency": 32}, {"date": "2022-08-17-02-00-00", "latency": 32}, {"date": "2022-08-17-02-00-00", "latency": 32}, {"date": "2022-08-17-02-00-00", "latency": 32}, {"date": "2022-08-17-02-00-00", "latency": 32}, {"date": "2022-08-17-02-00-00", "latency": 32}, {"date": "2022-08-17-02-00-00", "latency": 32}, {"date": "2022-08-17-02-00-00", "latency": 32}, {"date": "2022-08-17-02-00-00", "latency": 32}, {"date": "2022-08-17-02-00-00", "latency": 32}, {"date": "2022-08-17-02-00-00", "latency": 32}, {"date": "2022-08-17-02-00-00", "latency": 32}, {"date": "2022-08-17-02-00-00", "latency": 32}, {"date": "2022-08-17-02-00-00", "latency": 32}, {"date": "2022-08-17-02-00-00", "latency": 32}, {"date": "2022-08-17-02-00-00", "latency": 32}, {"date": "2022-08-17-02-00-00", "latency": 32}, {"date": "2022-08-16-02-00-00", "latency": 31}, {"date": "2022-08-17-01-00-00", "latency": 31}, {"date": "2022-08-17-01-00-00", "latency": 31}]}, {"location": {"country_code": "br", "region": "Sao Paulo", "city": "Apiai"}, "game_id": "747108", "values": [{"date": "2022-08-16-06-00-00", "latency": 15}, {"date": "2022-08-16-06-00-00", "latency": 15}, {"date": "2022-08-16-06-00-00", "latency": 15}, {"date": "2022-08-16-06-00-00", "latency": 15}, {"date": "2022-08-16-06-00-00", "latency": 15}, {"date": "2022-08-16-06-00-00", "latency": 15}, {"date": "2022-08-16-06-00-00", "latency": 15}, {"date": "2022-08-16-06-00-00", "latency": 15}, {"date": "2022-08-16-06-00-00", "latency": 15}, {"date": "2022-08-16-06-00-00", "latency": 15}, {"date": "2022-08-16-06-00-00", "latency": 15}, {"date": "2022-08-16-06-00-00", "latency": 15}, {"date": "2022-08-16-06-00-00", "latency": 15}, {"date": "2022-08-16-06-00-00", "latency": 15}, {"date": "2022-08-16-06-00-00", "latency": 15}, {"date": "2022-08-16-06-00-00", "latency": 15}, {"date": "2022-08-16-06-00-00", "latency": 15}, {"date": "2022-08-16-06-00-00", "latency": 15}, {"date": "2022-08-16-06-00-00", "latency": 15}, {"date": "2022-08-16-06-00-00", "latency": 15}, {"date": "2022-08-16-06-00-00", "latency": 15}, {"date": "2022-08-16-06-00-00", "latency": 15}, {"date": "2022-08-16-06-00-00", "latency": 15}, {"date": "2022-08-16-06-00-00", "latency": 15}, {"date": "2022-08-16-06-00-00", "latency": 15}, {"date": "2022-08-16-06-00-00", "latency": 15}, {"date": "2022-08-16-06-00-00", "latency": 15}]}, {"location": {"country_code": "br", "region": "Sao Paulo", "city": "Guarulhos"}, "game_id": "747108", "values": [{"date": "2022-08-17-02-00-00", "latency": 16}, {"date": "2022-08-17-02-00-00", "latency": 16}, {"date": "2022-08-17-02-00-00", "latency": 16}, {"date": "2022-08-17-02-00-00", "latency": 16}, {"date": "2022-08-17-02-00-00", "latency": 16}, {"date": "2022-08-17-02-00-00", "latency": 16}, {"date": "2022-08-17-02-00-00", "latency": 16}, {"date": "2022-08-17-02-00-00", "latency": 16}, {"date": "2022-08-17-02-00-00", "latency": 16}, {"date": "2022-08-17-02-00-00", "latency": 16}, {"date": "2022-08-17-02-00-00", "latency": 16}, {"date": "2022-08-17-02-00-00", "latency": 16}, {"date": "2022-08-17-02-00-00", "latency": 16}, {"date": "2022-08-17-02-00-00", "latency": 16}, {"date": "2022-08-17-02-00-00", "latency": 16}, {"date": "2022-08-17-02-00-00", "latency": 16}, {"date": "2022-08-17-02-00-00", "latency": 16}, {"date": "2022-08-17-02-00-00", "latency": 16}]}, {"location": {"country_code": "au"}, "game_id": "747108", "values": [{"date": "2022-08-16-14-00-00", "latency": 218}, {"date": "2022-08-16-14-00-00", "latency": 218}, {"date": "2022-08-16-14-00-00", "latency": 218}, {"date": "2022-08-16-14-00-00", "latency": 218}, {"date": "2022-08-16-14-00-00", "latency": 218}, {"date": "2022-08-16-14-00-00", "latency": 218}, {"date": "2022-08-16-14-00-00", "latency": 218}, {"date": "2022-08-16-05-00-00", "latency": 219}, {"date": "2022-08-16-05-00-00", "latency": 219}, {"date": "2022-08-16-05-00-00", "latency": 219}, {"date": "2022-08-16-05-00-00", "latency": 219}, {"date": "2022-08-16-05-00-00", "latency": 219}, {"date": "2022-08-16-11-00-00", "latency": 219}, {"date": "2022-08-16-11-00-00", "latency": 219}, {"date": "2022-08-16-11-00-00", "latency": 219}, {"date": "2022-08-16-11-00-00", "latency": 219}, {"date": "2022-08-16-11-00-00", "latency": 219}, {"date": "2022-08-16-11-00-00", "latency": 219}]}, {"location": {"country_code": "tr"}, "game_id": "747108", "values": [{"date": "2022-08-16-18-00-00", "latency": 62}, {"date": "2022-08-16-18-00-00", "latency": 62}, {"date": "2022-08-16-18-00-00", "latency": 62}, {"date": "2022-08-16-18-00-00", "latency": 62}, {"date": "2022-08-16-18-00-00", "latency": 62}, {"date": "2022-08-16-18-00-00", "latency": 62}, {"date": "2022-08-16-18-00-00", "latency": 62}, {"date": "2022-08-16-18-00-00", "latency": 62}, {"date": "2022-08-16-18-00-00", "latency": 62}, {"date": "2022-08-16-18-00-00", "latency": 62}, {"date": "2022-08-16-18-00-00", "latency": 62}, {"date": "2022-08-16-18-00-00", "latency": 62}, {"date": "2022-08-16-18-00-00", "latency": 62}, {"date": "2022-08-16-18-00-00", "latency": 62}, {"date": "2022-08-16-18-00-00", "latency": 62}, {"date": "2022-08-16-18-00-00", "latency": 62}, {"date": "2022-08-16-18-00-00", "latency": 62}, {"date": "2022-08-16-18-00-00", "latency": 62}, {"date": "2022-08-16-18-00-00", "latency": 62}, {"date": "2022-08-16-18-00-00", "latency": 62}, {"date": "2022-08-16-18-00-00", "latency": 62}, {"date": "2022-08-16-18-00-00", "latency": 62}, {"date": "2022-08-16-18-00-00", "latency": 62}, {"date": "2022-08-16-18-00-00", "latency": 62}, {"date": "2022-08-16-18-00-00", "latency": 62}, {"date": "2022-08-16-18-00-00", "latency": 62}, {"date": "2022-08-16-18-00-00", "latency": 62}, {"date": "2022-08-16-18-00-00", "latency": 62}, {"date": "2022-08-16-18-00-00", "latency": 62}, {"date": "2022-08-16-18-00-00", "latency": 62}, {"date": "2022-08-16-18-00-00", "latency": 62}, {"date": "2022-08-16-18-00-00", "latency": 62}, {"date": "2022-08-16-18-00-00", "latency": 62}, {"date": "2022-08-16-18-00-00", "latency": 62}, {"date": "2022-08-16-18-00-00", "latency": 62}, {"date": "2022-08-16-18-00-00", "latency": 62}, {"date": "2022-08-16-18-00-00", "latency": 62}, {"date": "2022-08-16-18-00-00", "latency": 62}, {"date": "2022-08-16-18-00-00", "latency": 62}, {"date": "2022-08-16-18-00-00", "latency": 62}, {"date": "2022-08-16-18-00-00", "latency": 62}, {"date": "2022-08-16-18-00-00", "latency": 62}, {"date": "2022-08-16-18-00-00", "latency": 62}, {"date": "2022-08-16-18-00-00", "latency": 62}, {"date": "2022-08-16-18-00-00", "latency": 62}, {"date": "2022-08-16-18-00-00", "latency": 62}, {"date": "2022-08-16-18-00-00", "latency": 62}, {"date": "2022-08-16-18-00-00", "latency": 62}, {"date": "2022-08-16-18-00-00", "latency": 62}, {"date": "2022-08-16-18-00-00", "latency": 62}, {"date": "2022-08-16-18-00-00", "latency": 62}]}, {"location": {"country_code": "de", "region": "Baden-Wurttemberg", "city": "Karlsruhe"}, "game_id": "747108", "values": [{"date": "2022-08-16-20-00-00", "latency": 16}, {"date": "2022-08-16-20-00-00", "latency": 16}, {"date": "2022-08-16-20-00-00", "latency": 16}, {"date": "2022-08-16-20-00-00", "latency": 16}, {"date": "2022-08-16-20-00-00", "latency": 16}, {"date": "2022-08-16-20-00-00", "latency": 16}, {"date": "2022-08-16-20-00-00", "latency": 16}, {"date": "2022-08-16-20-00-00", "latency": 16}, {"date": "2022-08-16-20-00-00", "latency": 16}, {"date": "2022-08-16-20-00-00", "latency": 16}, {"date": "2022-08-16-20-00-00", "latency": 16}, {"date": "2022-08-16-20-00-00", "latency": 16}, {"date": "2022-08-16-20-00-00", "latency": 16}, {"date": "2022-08-16-20-00-00", "latency": 16}, {"date": "2022-08-16-20-00-00", "latency": 16}, {"date": "2022-08-16-20-00-00", "latency": 16}, {"date": "2022-08-16-20-00-00", "latency": 16}, {"date": "2022-08-16-20-00-00", "latency": 16}, {"date": "2022-08-16-20-00-00", "latency": 16}, {"date": "2022-08-16-20-00-00", "latency": 16}]}, {"location": {"country_code": "kr"}, "game_id": "747108", "values": [{"date": "2022-08-16-11-00-00", "latency": 1}, {"date": "2022-08-16-11-00-00", "latency": 1}, {"date": "2022-08-16-11-00-00", "latency": 1}, {"date": "2022-08-16-11-00-00", "latency": 1}, {"date": "2022-08-16-11-00-00", "latency": 1}, {"date": "2022-08-16-11-00-00", "latency": 1}, {"date": "2022-08-16-11-00-00", "latency": 1}, {"date": "2022-08-16-11-00-00", "latency": 1}, {"date": "2022-08-16-11-00-00", "latency": 1}, {"date": "2022-08-16-11-00-00", "latency": 1}, {"date": "2022-08-16-11-00-00", "latency": 1}]}, {"location": {"country_code": "es"}, "game_id": "747108", "values": [{"date": "2022-08-16-16-00-00", "latency": 63}, {"date": "2022-08-16-16-00-00", "latency": 63}, {"date": "2022-08-16-16-00-00", "latency": 63}, {"date": "2022-08-16-16-00-00", "latency": 63}, {"date": "2022-08-16-16-00-00", "latency": 63}, {"date": "2022-08-16-16-00-00", "latency": 63}, {"date": "2022-08-16-16-00-00", "latency": 63}, {"date": "2022-08-16-20-00-00", "latency": 31}]}, {"location": {"country_code": "ar"}, "game_id": "747108", "values": [{"date": "2022-08-17-00-00-00", "latency": 31}, {"date": "2022-08-17-00-00-00", "latency": 31}, {"date": "2022-08-17-00-00-00", "latency": 31}, {"date": "2022-08-17-00-00-00", "latency": 31}, {"date": "2022-08-17-00-00-00", "latency": 31}, {"date": "2022-08-17-00-00-00", "latency": 31}, {"date": "2022-08-17-00-00-00", "latency": 31}, {"date": "2022-08-17-00-00-00", "latency": 31}, {"date": "2022-08-17-00-00-00", "latency": 31}, {"date": "2022-08-17-00-00-00", "latency": 31}, {"date": "2022-08-17-00-00-00", "latency": 31}, {"date": "2022-08-17-00-00-00", "latency": 31}, {"date": "2022-08-17-00-00-00", "latency": 31}, {"date": "2022-08-17-00-00-00", "latency": 31}, {"date": "2022-08-16-04-00-00", "latency": 63}]}, {"location": {"country_code": "ar", "region": "Buenos Aires F.D.", "city": "Bahia Blanca"}, "game_id": "747108", "values": [{"date": "2022-08-16-13-00-00", "latency": 16}, {"date": "2022-08-16-13-00-00", "latency": 16}]}, {"location": {"country_code": "bn"}, "game_id": "747108", "values": [{"date": "2022-08-16-17-00-00", "latency": 250}, {"date": "2022-08-16-17-00-00", "latency": 250}, {"date": "2022-08-16-17-00-00", "latency": 250}, {"date": "2022-08-16-17-00-00", "latency": 250}, {"date": "2022-08-16-17-00-00", "latency": 250}, {"date": "2022-08-16-17-00-00", "latency": 250}, {"date": "2022-08-16-17-00-00", "latency": 250}]}, {"location": {"country_code": "fi"}, "game_id": "747108", "values": [{"date": "2022-08-17-02-00-00", "latency": 47}, {"date": "2022-08-17-02-00-00", "latency": 47}, {"date": "2022-08-17-02-00-00", "latency": 47}, {"date": "2022-08-17-02-00-00", "latency": 47}, {"date": "2022-08-17-02-00-00", "latency": 47}, {"date": "2022-08-17-02-00-00", "latency": 47}, {"date": "2022-08-17-02-00-00", "latency": 47}, {"date": "2022-08-17-02-00-00", "latency": 47}, {"date": "2022-08-17-02-00-00", "latency": 47}, {"date": "2022-08-17-02-00-00", "latency": 47}, {"date": "2022-08-17-02-00-00", "latency": 47}, {"date": "2022-08-17-02-00-00", "latency": 47}, {"date": "2022-08-17-02-00-00", "latency": 47}, {"date": "2022-08-17-02-00-00", "latency": 47}, {"date": "2022-08-17-02-00-00", "latency": 47}, {"date": "2022-08-17-02-00-00", "latency": 47}, {"date": "2022-08-17-02-00-00", "latency": 47}, {"date": "2022-08-17-02-00-00", "latency": 47}, {"date": "2022-08-17-02-00-00", "latency": 47}, {"date": "2022-08-17-02-00-00", "latency": 47}, {"date": "2022-08-17-02-00-00", "latency": 47}, {"date": "2022-08-17-02-00-00", "latency": 47}, {"date": "2022-08-17-02-00-00", "latency": 47}, {"date": "2022-08-17-02-00-00", "latency": 47}, {"date": "2022-08-17-02-00-00", "latency": 47}, {"date": "2022-08-17-02-00-00", "latency": 47}, {"date": "2022-08-17-02-00-00", "latency": 47}, {"date": "2022-08-17-02-00-00", "latency": 47}, {"date": "2022-08-17-02-00-00", "latency": 47}, {"date": "2022-08-17-02-00-00", "latency": 47}, {"date": "2022-08-17-02-00-00", "latency": 47}, {"date": "2022-08-17-02-00-00", "latency": 47}, {"date": "2022-08-17-02-00-00", "latency": 47}, {"date": "2022-08-17-02-00-00", "latency": 47}, {"date": "2022-08-17-02-00-00", "latency": 47}, {"date": "2022-08-17-02-00-00", "latency": 47}, {"date": "2022-08-17-02-00-00", "latency": 47}, {"date": "2022-08-17-02-00-00", "latency": 47}, {"date": "2022-08-17-02-00-00", "latency": 47}, {"date": "2022-08-17-02-00-00", "latency": 47}, {"date": "2022-08-17-02-00-00", "latency": 47}, {"date": "2022-08-17-02-00-00", "latency": 47}, {"date": "2022-08-17-02-00-00", "latency": 47}, {"date": "2022-08-17-02-00-00", "latency": 47}, {"date": "2022-08-17-02-00-00", "latency": 47}, {"date": "2022-08-17-02-00-00", "latency": 47}, {"date": "2022-08-17-02-00-00", "latency": 47}, {"date": "2022-08-17-02-00-00", "latency": 47}, {"date": "2022-08-17-02-00-00", "latency": 47}, {"date": "2022-08-17-02-00-00", "latency": 47}, {"date": "2022-08-17-02-00-00", "latency": 47}]}, {"location": {"country_code": "de", "region": "Free and Hanseatic City of Hamburg", "city": "Hamburg"}, "game_id": "747108", "values": [{"date": "2022-08-17-02-00-00", "latency": 96}, {"date": "2022-08-17-02-00-00", "latency": 96}, {"date": "2022-08-17-02-00-00", "latency": 96}, {"date": "2022-08-17-02-00-00", "latency": 96}, {"date": "2022-08-17-02-00-00", "latency": 96}, {"date": "2022-08-17-02-00-00", "latency": 96}, {"date": "2022-08-17-02-00-00", "latency": 96}, {"date": "2022-08-17-02-00-00", "latency": 96}, {"date": "2022-08-17-02-00-00", "latency": 96}, {"date": "2022-08-17-02-00-00", "latency": 96}, {"date": "2022-08-17-02-00-00", "latency": 96}, {"date": "2022-08-17-02-00-00", "latency": 96}, {"date": "2022-08-17-02-00-00", "latency": 96}, {"date": "2022-08-17-02-00-00", "latency": 96}, {"date": "2022-08-17-02-00-00", "latency": 96}, {"date": "2022-08-17-02-00-00", "latency": 96}]}, {"location": {"country_code": "mx", "region": "Puebla"}, "game_id": "747108", "values": [{"date": "2022-08-16-12-00-00", "latency": 63}, {"date": "2022-08-16-12-00-00", "latency": 63}, {"date": "2022-08-16-12-00-00", "latency": 63}, {"date": "2022-08-16-12-00-00", "latency": 63}, {"date": "2022-08-16-12-00-00", "latency": 63}, {"date": "2022-08-16-12-00-00", "latency": 63}, {"date": "2022-08-16-12-00-00", "latency": 63}, {"date": "2022-08-16-12-00-00", "latency": 63}, {"date": "2022-08-16-12-00-00", "latency": 63}]}, {"location": {"country_code": "br", "region": "Estado de Bahia", "city": "Salvador"}, "game_id": "747108", "values": [{"date": "2022-08-16-23-00-00", "latency": 46}, {"date": "2022-08-16-23-00-00", "latency": 46}, {"date": "2022-08-16-23-00-00", "latency": 46}, {"date": "2022-08-16-23-00-00", "latency": 46}, {"date": "2022-08-16-23-00-00", "latency": 46}, {"date": "2022-08-16-23-00-00", "latency": 46}, {"date": "2022-08-16-23-00-00", "latency": 46}, {"date": "2022-08-16-23-00-00", "latency": 46}, {"date": "2022-08-16-23-00-00", "latency": 46}, {"date": "2022-08-16-23-00-00", "latency": 46}, {"date": "2022-08-16-23-00-00", "latency": 46}, {"date": "2022-08-16-23-00-00", "latency": 46}]}, {"location": {"country_code": "cn"}, "game_id": "747108", "values": [{"date": "2022-08-16-19-00-00", "latency": 31}, {"date": "2022-08-16-19-00-00", "latency": 31}, {"date": "2022-08-16-19-00-00", "latency": 31}, {"date": "2022-08-16-19-00-00", "latency": 31}, {"date": "2022-08-16-19-00-00", "latency": 31}, {"date": "2022-08-16-19-00-00", "latency": 31}, {"date": "2022-08-16-21-00-00", "latency": 31}, {"date": "2022-08-16-21-00-00", "latency": 31}, {"date": "2022-08-16-21-00-00", "latency": 31}, {"date": "2022-08-16-21-00-00", "latency": 31}, {"date": "2022-08-16-21-00-00", "latency": 31}, {"date": "2022-08-16-21-00-00", "latency": 31}, {"date": "2022-08-16-21-00-00", "latency": 31}, {"date": "2022-08-16-21-00-00", "latency": 31}, {"date": "2022-08-16-21-00-00", "latency": 31}, {"date": "2022-08-16-21-00-00", "latency": 31}, {"date": "2022-08-16-21-00-00", "latency": 31}, {"date": "2022-08-16-21-00-00", "latency": 31}, {"date": "2022-08-16-21-00-00", "latency": 31}, {"date": "2022-08-16-21-00-00", "latency": 31}, {"date": "2022-08-16-21-00-00", "latency": 31}, {"date": "2022-08-16-21-00-00", "latency": 31}, {"date": "2022-08-16-21-00-00", "latency": 31}, {"date": "2022-08-16-21-00-00", "latency": 31}]}, {"location": {"country_code": "pl"}, "game_id": "747108", "values": [{"date": "2022-08-16-21-00-00", "latency": 63}, {"date": "2022-08-16-21-00-00", "latency": 63}, {"date": "2022-08-16-21-00-00", "latency": 63}, {"date": "2022-08-16-21-00-00", "latency": 63}]}, {"location": {"country_code": "us", "region": "Puerto Rico"}, "game_id": "747108", "values": [{"date": "2022-08-16-13-00-00", "latency": 78}, {"date": "2022-08-16-13-00-00", "latency": 78}, {"date": "2022-08-16-13-00-00", "latency": 78}, {"date": "2022-08-16-13-00-00", "latency": 78}, {"date": "2022-08-16-13-00-00", "latency": 78}]}, {"location": {"country_code": "ua"}, "game_id": "747108", "values": [{"date": "2022-08-16-16-00-00", "latency": 47}, {"date": "2022-08-16-16-00-00", "latency": 47}, {"date": "2022-08-16-16-00-00", "latency": 47}, {"date": "2022-08-16-16-00-00", "latency": 47}, {"date": "2022-08-16-16-00-00", "latency": 47}, {"date": "2022-08-16-16-00-00", "latency": 47}, {"date": "2022-08-16-16-00-00", "latency": 47}, {"date": "2022-08-16-16-00-00", "latency": 47}, {"date": "2022-08-16-16-00-00", "latency": 47}]}, {"location": {"country_code": "kr", "region": "Seoul"}, "game_id": "747108", "values": [{"date": "2022-08-17-01-00-00", "latency": 188}, {"date": "2022-08-17-01-00-00", "latency": 188}, {"date": "2022-08-17-01-00-00", "latency": 188}, {"date": "2022-08-17-01-00-00", "latency": 188}, {"date": "2022-08-17-01-00-00", "latency": 188}, {"date": "2022-08-17-01-00-00", "latency": 188}, {"date": "2022-08-17-01-00-00", "latency": 188}, {"date": "2022-08-17-01-00-00", "latency": 188}, {"date": "2022-08-17-01-00-00", "latency": 188}, {"date": "2022-08-17-01-00-00", "latency": 188}, {"date": "2022-08-17-01-00-00", "latency": 188}, {"date": "2022-08-17-01-00-00", "latency": 188}, {"date": "2022-08-17-01-00-00", "latency": 188}, {"date": "2022-08-17-01-00-00", "latency": 188}, {"date": "2022-08-17-01-00-00", "latency": 188}, {"date": "2022-08-17-01-00-00", "latency": 188}, {"date": "2022-08-17-01-00-00", "latency": 188}, {"date": "2022-08-17-01-00-00", "latency": 188}, {"date": "2022-08-17-01-00-00", "latency": 188}, {"date": "2022-08-17-01-00-00", "latency": 188}, {"date": "2022-08-17-01-00-00", "latency": 188}, {"date": "2022-08-17-01-00-00", "latency": 188}, {"date": "2022-08-17-01-00-00", "latency": 188}, {"date": "2022-08-17-01-00-00", "latency": 188}, {"date": "2022-08-17-01-00-00", "latency": 188}, {"date": "2022-08-17-01-00-00", "latency": 188}, {"date": "2022-08-17-01-00-00", "latency": 188}, {"date": "2022-08-17-01-00-00", "latency": 188}, {"date": "2022-08-17-01-00-00", "latency": 188}, {"date": "2022-08-17-01-00-00", "latency": 188}, {"date": "2022-08-17-01-00-00", "latency": 188}, {"date": "2022-08-17-01-00-00", "latency": 188}, {"date": "2022-08-17-01-00-00", "latency": 188}, {"date": "2022-08-17-01-00-00", "latency": 188}, {"date": "2022-08-17-01-00-00", "latency": 188}]}, {"location": {"country_code": "sg"}, "game_id": "747108", "values": [{"date": "2022-08-16-15-00-00", "latency": 172}, {"date": "2022-08-16-15-00-00", "latency": 172}, {"date": "2022-08-16-15-00-00", "latency": 172}, {"date": "2022-08-16-15-00-00", "latency": 172}, {"date": "2022-08-16-15-00-00", "latency": 172}, {"date": "2022-08-16-15-00-00", "latency": 172}, {"date": "2022-08-16-15-00-00", "latency": 172}, {"date": "2022-08-16-15-00-00", "latency": 172}, {"date": "2022-08-16-15-00-00", "latency": 172}, {"date": "2022-08-16-15-00-00", "latency": 172}, {"date": "2022-08-16-15-00-00", "latency": 172}, {"date": "2022-08-16-15-00-00", "latency": 172}, {"date": "2022-08-16-15-00-00", "latency": 172}, {"date": "2022-08-16-15-00-00", "latency": 172}, {"date": "2022-08-16-15-00-00", "latency": 172}, {"date": "2022-08-16-15-00-00", "latency": 172}, {"date": "2022-08-16-15-00-00", "latency": 172}, {"date": "2022-08-16-15-00-00", "latency": 172}, {"date": "2022-08-16-15-00-00", "latency": 172}, {"date": "2022-08-16-15-00-00", "latency": 172}, {"date": "2022-08-16-15-00-00", "latency": 172}, {"date": "2022-08-16-15-00-00", "latency": 172}, {"date": "2022-08-16-15-00-00", "latency": 172}, {"date": "2022-08-16-15-00-00", "latency": 172}, {"date": "2022-08-16-15-00-00", "latency": 172}, {"date": "2022-08-16-15-00-00", "latency": 172}, {"date": "2022-08-16-15-00-00", "latency": 172}, {"date": "2022-08-16-15-00-00", "latency": 172}, {"date": "2022-08-16-15-00-00", "latency": 172}, {"date": "2022-08-16-15-00-00", "latency": 172}, {"date": "2022-08-16-15-00-00", "latency": 172}, {"date": "2022-08-16-15-00-00", "latency": 172}, {"date": "2022-08-16-15-00-00", "latency": 172}, {"date": "2022-08-16-15-00-00", "latency": 172}, {"date": "2022-08-16-15-00-00", "latency": 172}, {"date": "2022-08-16-15-00-00", "latency": 172}, {"date": "2022-08-16-15-00-00", "latency": 172}, {"date": "2022-08-16-15-00-00", "latency": 172}, {"date": "2022-08-16-15-00-00", "latency": 172}, {"date": "2022-08-16-15-00-00", "latency": 172}, {"date": "2022-08-16-15-00-00", "latency": 172}]}, {"location": {"country_code": "tr", "region": "Marmara Bolgesi", "city": "Istanbul"}, "game_id": "747108", "values": [{"date": "2022-08-16-23-00-00", "latency": 47}, {"date": "2022-08-16-23-00-00", "latency": 47}, {"date": "2022-08-16-23-00-00", "latency": 47}, {"date": "2022-08-16-23-00-00", "latency": 47}, {"date": "2022-08-16-23-00-00", "latency": 47}, {"date": "2022-08-16-23-00-00", "latency": 47}, {"date": "2022-08-16-23-00-00", "latency": 47}, {"date": "2022-08-16-23-00-00", "latency": 47}, {"date": "2022-08-16-23-00-00", "latency": 47}, {"date": "2022-08-16-23-00-00", "latency": 47}, {"date": "2022-08-16-23-00-00", "latency": 47}, {"date": "2022-08-16-23-00-00", "latency": 47}, {"date": "2022-08-16-23-00-00", "latency": 47}, {"date": "2022-08-16-23-00-00", "latency": 47}, {"date": "2022-08-16-23-00-00", "latency": 47}, {"date": "2022-08-16-23-00-00", "latency": 47}, {"date": "2022-08-16-23-00-00", "latency": 47}, {"date": "2022-08-16-23-00-00", "latency": 47}, {"date": "2022-08-16-23-00-00", "latency": 47}, {"date": "2022-08-16-23-00-00", "latency": 47}, {"date": "2022-08-16-23-00-00", "latency": 47}, {"date": "2022-08-16-23-00-00", "latency": 47}, {"date": "2022-08-16-23-00-00", "latency": 47}, {"date": "2022-08-16-23-00-00", "latency": 47}, {"date": "2022-08-16-23-00-00", "latency": 47}, {"date": "2022-08-16-23-00-00", "latency": 47}, {"date": "2022-08-16-23-00-00", "latency": 47}, {"date": "2022-08-16-23-00-00", "latency": 47}, {"date": "2022-08-16-23-00-00", "latency": 47}, {"date": "2022-08-16-23-00-00", "latency": 47}, {"date": "2022-08-16-23-00-00", "latency": 47}, {"date": "2022-08-16-23-00-00", "latency": 47}, {"date": "2022-08-16-23-00-00", "latency": 47}, {"date": "2022-08-16-23-00-00", "latency": 47}, {"date": "2022-08-16-23-00-00", "latency": 47}, {"date": "2022-08-16-23-00-00", "latency": 47}, {"date": "2022-08-16-23-00-00", "latency": 47}, {"date": "2022-08-16-23-00-00", "latency": 47}, {"date": "2022-08-16-23-00-00", "latency": 47}, {"date": "2022-08-16-23-00-00", "latency": 47}, {"date": "2022-08-16-23-00-00", "latency": 47}, {"date": "2022-08-16-23-00-00", "latency": 47}, {"date": "2022-08-16-23-00-00", "latency": 47}, {"date": "2022-08-16-23-00-00", "latency": 47}, {"date": "2022-08-16-23-00-00", "latency": 47}, {"date": "2022-08-16-23-00-00", "latency": 47}, {"date": "2022-08-16-23-00-00", "latency": 47}, {"date": "2022-08-16-23-00-00", "latency": 47}, {"date": "2022-08-16-23-00-00", "latency": 47}, {"date": "2022-08-16-23-00-00", "latency": 47}, {"date": "2022-08-16-23-00-00", "latency": 47}, {"date": "2022-08-16-23-00-00", "latency": 47}, {"date": "2022-08-16-23-00-00", "latency": 47}]}, {"location": {"country_code": "do"}, "game_id": "747108", "values": [{"date": "2022-08-17-02-00-00", "latency": 47}, {"date": "2022-08-17-02-00-00", "latency": 47}, {"date": "2022-08-17-02-00-00", "latency": 47}, {"date": "2022-08-17-02-00-00", "latency": 47}, {"date": "2022-08-17-02-00-00", "latency": 47}, {"date": "2022-08-17-02-00-00", "latency": 47}, {"date": "2022-08-17-02-00-00", "latency": 47}, {"date": "2022-08-17-02-00-00", "latency": 47}, {"date": "2022-08-17-02-00-00", "latency": 47}, {"date": "2022-08-17-02-00-00", "latency": 47}, {"date": "2022-08-17-02-00-00", "latency": 47}, {"date": "2022-08-16-19-00-00", "latency": 62}]}, {"location": {"country_code": "id"}, "game_id": "747108", "values": [{"date": "2022-08-17-02-00-00", "latency": 313}]}, {"location": {"country_code": "co", "region": "El Valle", "city": "Cali"}, "game_id": "747108", "values": [{"date": "2022-08-17-02-00-00", "latency": 47}, {"date": "2022-08-17-02-00-00", "latency": 47}, {"date": "2022-08-17-02-00-00", "latency": 47}, {"date": "2022-08-17-02-00-00", "latency": 47}, {"date": "2022-08-17-02-00-00", "latency": 47}]}, {"location": {"country_code": "pt"}, "game_id": "747108", "values": [{"date": "2022-08-17-02-00-00", "latency": 94}, {"date": "2022-08-17-02-00-00", "latency": 94}, {"date": "2022-08-17-02-00-00", "latency": 94}, {"date": "2022-08-17-02-00-00", "latency": 94}, {"date": "2022-08-17-02-00-00", "latency": 94}, {"date": "2022-08-17-02-00-00", "latency": 94}, {"date": "2022-08-17-02-00-00", "latency": 94}, {"date": "2022-08-17-02-00-00", "latency": 94}, {"date": "2022-08-17-02-00-00", "latency": 94}, {"date": "2022-08-17-02-00-00", "latency": 94}, {"date": "2022-08-17-02-00-00", "latency": 94}, {"date": "2022-08-17-02-00-00", "latency": 94}, {"date": "2022-08-17-02-00-00", "latency": 94}, {"date": "2022-08-17-02-00-00", "latency": 94}, {"date": "2022-08-17-02-00-00", "latency": 94}, {"date": "2022-08-17-02-00-00", "latency": 94}]}, {"location": {"country_code": "fr", "region": "Aquitania-Limosino-Poitou-Charentes"}, "game_id": "747108", "values": [{"date": "2022-08-16-17-00-00", "latency": 31}, {"date": "2022-08-16-17-00-00", "latency": 31}, {"date": "2022-08-16-17-00-00", "latency": 31}, {"date": "2022-08-16-17-00-00", "latency": 31}, {"date": "2022-08-16-17-00-00", "latency": 31}, {"date": "2022-08-16-17-00-00", "latency": 31}]}, {"location": {"country_code": "fr", "region": "Alvernia-Rodano-Alpi", "city": "Mars"}, "game_id": "747108", "values": [{"date": "2022-08-16-02-00-00", "latency": 47}]}, {"location": {"country_code": "us", "region": "Massachusetts", "city": "Boston"}, "game_id": "747108", "values": [{"date": "2022-08-16-06-00-00", "latency": 20}]}, {"location": {"country_code": "us", "region": "Maryland"}, "game_id": "747108", "values": [{"date": "2022-08-16-07-00-00", "latency": 31}, {"date": "2022-08-16-07-00-00", "latency": 31}, {"date": "2022-08-16-07-00-00", "latency": 31}, {"date": "2022-08-16-07-00-00", "latency": 31}, {"date": "2022-08-16-07-00-00", "latency": 31}, {"date": "2022-08-16-07-00-00", "latency": 31}, {"date": "2022-08-16-07-00-00", "latency": 31}]}, {"location": {"country_code": "hr"}, "game_id": "747108", "values": [{"date": "2022-08-16-22-00-00", "latency": 47}, {"date": "2022-08-16-22-00-00", "latency": 47}, {"date": "2022-08-16-22-00-00", "latency": 47}, {"date": "2022-08-16-22-00-00", "latency": 47}, {"date": "2022-08-16-22-00-00", "latency": 47}, {"date": "2022-08-16-22-00-00", "latency": 47}, {"date": "2022-08-16-22-00-00", "latency": 47}, {"date": "2022-08-16-22-00-00", "latency": 47}, {"date": "2022-08-16-22-00-00", "latency": 47}, {"date": "2022-08-16-22-00-00", "latency": 47}, {"date": "2022-08-16-22-00-00", "latency": 47}, {"date": "2022-08-16-22-00-00", "latency": 47}, {"date": "2022-08-16-22-00-00", "latency": 47}, {"date": "2022-08-16-22-00-00", "latency": 47}, {"date": "2022-08-16-22-00-00", "latency": 47}, {"date": "2022-08-16-22-00-00", "latency": 47}]}, {"location": {"country_code": "ca", "region": "Quebec"}, "game_id": "747108", "values": [{"date": "2022-08-17-00-00-00", "latency": 47}, {"date": "2022-08-17-00-00-00", "latency": 47}, {"date": "2022-08-17-00-00-00", "latency": 47}, {"date": "2022-08-17-00-00-00", "latency": 47}, {"date": "2022-08-17-00-00-00", "latency": 47}, {"date": "2022-08-17-00-00-00", "latency": 47}, {"date": "2022-08-17-00-00-00", "latency": 47}, {"date": "2022-08-17-00-00-00", "latency": 47}, {"date": "2022-08-17-00-00-00", "latency": 47}, {"date": "2022-08-17-00-00-00", "latency": 47}, {"date": "2022-08-17-00-00-00", "latency": 47}, {"date": "2022-08-17-00-00-00", "latency": 47}, {"date": "2022-08-17-00-00-00", "latency": 47}, {"date": "2022-08-17-00-00-00", "latency": 47}, {"date": "2022-08-17-00-00-00", "latency": 47}, {"date": "2022-08-17-00-00-00", "latency": 47}, {"date": "2022-08-17-00-00-00", "latency": 47}, {"date": "2022-08-17-00-00-00", "latency": 47}, {"date": "2022-08-17-00-00-00", "latency": 47}, {"date": "2022-08-17-00-00-00", "latency": 47}, {"date": "2022-08-17-00-00-00", "latency": 47}, {"date": "2022-08-17-00-00-00", "latency": 47}, {"date": "2022-08-17-00-00-00", "latency": 47}, {"date": "2022-08-17-00-00-00", "latency": 47}, {"date": "2022-08-17-00-00-00", "latency": 47}, {"date": "2022-08-17-00-00-00", "latency": 47}, {"date": "2022-08-17-00-00-00", "latency": 47}, {"date": "2022-08-17-00-00-00", "latency": 47}, {"date": "2022-08-17-00-00-00", "latency": 47}, {"date": "2022-08-17-00-00-00", "latency": 47}, {"date": "2022-08-17-00-00-00", "latency": 47}, {"date": "2022-08-17-00-00-00", "latency": 47}, {"date": "2022-08-17-00-00-00", "latency": 47}, {"date": "2022-08-17-00-00-00", "latency": 47}, {"date": "2022-08-17-00-00-00", "latency": 47}, {"date": "2022-08-17-00-00-00", "latency": 47}, {"date": "2022-08-17-00-00-00", "latency": 47}, {"date": "2022-08-17-00-00-00", "latency": 47}, {"date": "2022-08-17-00-00-00", "latency": 47}, {"date": "2022-08-16-03-00-00", "latency": 16}, {"date": "2022-08-16-03-00-00", "latency": 16}, {"date": "2022-08-16-03-00-00", "latency": 16}]}, {"location": {"country_code": "mx", "region": "Sonora"}, "game_id": "747108", "values": [{"date": "2022-08-16-11-00-00", "latency": 78}, {"date": "2022-08-16-11-00-00", "latency": 78}, {"date": "2022-08-16-11-00-00", "latency": 78}, {"date": "2022-08-16-11-00-00", "latency": 78}, {"date": "2022-08-16-11-00-00", "latency": 78}, {"date": "2022-08-16-11-00-00", "latency": 78}, {"date": "2022-08-16-11-00-00", "latency": 78}, {"date": "2022-08-16-11-00-00", "latency": 78}, {"date": "2022-08-16-11-00-00", "latency": 78}, {"date": "2022-08-16-11-00-00", "latency": 78}, {"date": "2022-08-16-11-00-00", "latency": 78}, {"date": "2022-08-16-11-00-00", "latency": 78}, {"date": "2022-08-16-11-00-00", "latency": 78}, {"date": "2022-08-16-11-00-00", "latency": 78}, {"date": "2022-08-16-11-00-00", "latency": 78}, {"date": "2022-08-16-11-00-00", "latency": 78}, {"date": "2022-08-16-11-00-00", "latency": 78}, {"date": "2022-08-16-11-00-00", "latency": 78}, {"date": "2022-08-16-11-00-00", "latency": 78}, {"date": "2022-08-16-11-00-00", "latency": 78}, {"date": "2022-08-16-11-00-00", "latency": 78}, {"date": "2022-08-16-11-00-00", "latency": 78}, {"date": "2022-08-16-11-00-00", "latency": 78}, {"date": "2022-08-16-11-00-00", "latency": 78}, {"date": "2022-08-16-11-00-00", "latency": 78}, {"date": "2022-08-16-11-00-00", "latency": 78}, {"date": "2022-08-16-11-00-00", "latency": 78}, {"date": "2022-08-16-11-00-00", "latency": 78}, {"date": "2022-08-16-11-00-00", "latency": 78}, {"date": "2022-08-16-11-00-00", "latency": 78}, {"date": "2022-08-16-11-00-00", "latency": 78}, {"date": "2022-08-16-11-00-00", "latency": 78}, {"date": "2022-08-16-11-00-00", "latency": 78}, {"date": "2022-08-16-11-00-00", "latency": 78}, {"date": "2022-08-16-11-00-00", "latency": 78}, {"date": "2022-08-16-11-00-00", "latency": 78}, {"date": "2022-08-16-11-00-00", "latency": 78}, {"date": "2022-08-16-11-00-00", "latency": 78}, {"date": "2022-08-16-11-00-00", "latency": 78}, {"date": "2022-08-16-11-00-00", "latency": 78}, {"date": "2022-08-16-11-00-00", "latency": 78}, {"date": "2022-08-16-11-00-00", "latency": 78}, {"date": "2022-08-16-11-00-00", "latency": 78}, {"date": "2022-08-16-11-00-00", "latency": 78}, {"date": "2022-08-16-11-00-00", "latency": 78}, {"date": "2022-08-16-11-00-00", "latency": 78}]}, {"location": {"country_code": "es", "region": "Madrid"}, "game_id": "747108", "values": [{"date": "2022-08-16-22-00-00", "latency": 31}, {"date": "2022-08-16-22-00-00", "latency": 31}, {"date": "2022-08-16-22-00-00", "latency": 31}]}, {"location": {"country_code": "es", "region": "Valencia"}, "game_id": "747108", "values": [{"date": "2022-08-16-22-00-00", "latency": 31}, {"date": "2022-08-16-22-00-00", "latency": 31}, {"date": "2022-08-16-22-00-00", "latency": 31}, {"date": "2022-08-16-22-00-00", "latency": 31}, {"date": "2022-08-16-22-00-00", "latency": 31}, {"date": "2022-08-16-22-00-00", "latency": 31}, {"date": "2022-08-16-22-00-00", "latency": 31}, {"date": "2022-08-16-22-00-00", "latency": 31}, {"date": "2022-08-16-22-00-00", "latency": 31}, {"date": "2022-08-16-22-00-00", "latency": 31}, {"date": "2022-08-16-22-00-00", "latency": 31}, {"date": "2022-08-16-22-00-00", "latency": 31}, {"date": "2022-08-16-22-00-00", "latency": 31}, {"date": "2022-08-16-22-00-00", "latency": 31}, {"date": "2022-08-16-22-00-00", "latency": 31}, {"date": "2022-08-16-22-00-00", "latency": 31}, {"date": "2022-08-16-22-00-00", "latency": 31}, {"date": "2022-08-16-22-00-00", "latency": 31}, {"date": "2022-08-16-22-00-00", "latency": 31}, {"date": "2022-08-16-22-00-00", "latency": 31}, {"date": "2022-08-16-22-00-00", "latency": 31}, {"date": "2022-08-16-22-00-00", "latency": 31}, {"date": "2022-08-16-22-00-00", "latency": 31}, {"date": "2022-08-16-22-00-00", "latency": 31}, {"date": "2022-08-16-22-00-00", "latency": 31}, {"date": "2022-08-16-22-00-00", "latency": 31}, {"date": "2022-08-16-22-00-00", "latency": 31}, {"date": "2022-08-16-22-00-00", "latency": 31}, {"date": "2022-08-16-22-00-00", "latency": 31}, {"date": "2022-08-16-22-00-00", "latency": 31}, {"date": "2022-08-16-22-00-00", "latency": 31}, {"date": "2022-08-16-22-00-00", "latency": 31}, {"date": "2022-08-16-22-00-00", "latency": 31}, {"date": "2022-08-16-22-00-00", "latency": 31}, {"date": "2022-08-16-22-00-00", "latency": 31}, {"date": "2022-08-16-22-00-00", "latency": 31}, {"date": "2022-08-16-22-00-00", "latency": 31}, {"date": "2022-08-16-22-00-00", "latency": 31}]}, {"location": {"country_code": "bg"}, "game_id": "747108", "values": [{"date": "2022-08-17-02-00-00", "latency": 31}, {"date": "2022-08-17-02-00-00", "latency": 31}, {"date": "2022-08-17-02-00-00", "latency": 31}, {"date": "2022-08-17-02-00-00", "latency": 31}, {"date": "2022-08-17-02-00-00", "latency": 31}, {"date": "2022-08-17-02-00-00", "latency": 31}, {"date": "2022-08-17-02-00-00", "latency": 31}, {"date": "2022-08-17-02-00-00", "latency": 31}, {"date": "2022-08-17-02-00-00", "latency": 31}, {"date": "2022-08-17-02-00-00", "latency": 31}, {"date": "2022-08-17-02-00-00", "latency": 31}, {"date": "2022-08-17-02-00-00", "latency": 31}, {"date": "2022-08-17-02-00-00", "latency": 31}, {"date": "2022-08-17-02-00-00", "latency": 31}, {"date": "2022-08-17-02-00-00", "latency": 31}, {"date": "2022-08-17-02-00-00", "latency": 31}, {"date": "2022-08-17-02-00-00", "latency": 31}, {"date": "2022-08-17-02-00-00", "latency": 31}, {"date": "2022-08-17-02-00-00", "latency": 31}, {"date": "2022-08-17-02-00-00", "latency": 31}, {"date": "2022-08-17-02-00-00", "latency": 31}, {"date": "2022-08-17-02-00-00", "latency": 31}, {"date": "2022-08-17-02-00-00", "latency": 31}, {"date": "2022-08-17-02-00-00", "latency": 31}]}, {"location": {"country_code": "de", "region": "North Rhine-Westphalia"}, "game_id": "747108", "values": [{"date": "2022-08-16-20-00-00", "latency": 16}, {"date": "2022-08-16-20-00-00", "latency": 16}, {"date": "2022-08-16-20-00-00", "latency": 16}, {"date": "2022-08-16-20-00-00", "latency": 16}, {"date": "2022-08-16-20-00-00", "latency": 16}, {"date": "2022-08-16-20-00-00", "latency": 16}, {"date": "2022-08-16-20-00-00", "latency": 16}, {"date": "2022-08-16-20-00-00", "latency": 16}, {"date": "2022-08-16-20-00-00", "latency": 16}, {"date": "2022-08-16-20-00-00", "latency": 16}, {"date": "2022-08-16-20-00-00", "latency": 16}, {"date": "2022-08-16-20-00-00", "latency": 16}, {"date": "2022-08-16-20-00-00", "latency": 16}, {"date": "2022-08-16-20-00-00", "latency": 16}, {"date": "2022-08-16-20-00-00", "latency": 16}, {"date": "2022-08-16-20-00-00", "latency": 16}, {"date": "2022-08-16-20-00-00", "latency": 16}, {"date": "2022-08-16-20-00-00", "latency": 16}, {"date": "2022-08-16-20-00-00", "latency": 16}, {"date": "2022-08-16-20-00-00", "latency": 16}, {"date": "2022-08-16-20-00-00", "latency": 16}, {"date": "2022-08-16-20-00-00", "latency": 16}, {"date": "2022-08-16-20-00-00", "latency": 16}, {"date": "2022-08-16-20-00-00", "latency": 16}, {"date": "2022-08-16-20-00-00", "latency": 16}, {"date": "2022-08-16-20-00-00", "latency": 16}, {"date": "2022-08-16-20-00-00", "latency": 16}, {"date": "2022-08-16-20-00-00", "latency": 16}, {"date": "2022-08-16-20-00-00", "latency": 16}, {"date": "2022-08-16-20-00-00", "latency": 16}, {"date": "2022-08-16-20-00-00", "latency": 16}, {"date": "2022-08-16-20-00-00", "latency": 16}, {"date": "2022-08-16-20-00-00", "latency": 16}, {"date": "2022-08-16-20-00-00", "latency": 16}, {"date": "2022-08-16-20-00-00", "latency": 16}, {"date": "2022-08-16-20-00-00", "latency": 16}, {"date": "2022-08-16-20-00-00", "latency": 16}, {"date": "2022-08-16-14-00-00", "latency": 15}, {"date": "2022-08-16-14-00-00", "latency": 15}, {"date": "2022-08-16-14-00-00", "latency": 15}, {"date": "2022-08-16-14-00-00", "latency": 15}, {"date": "2022-08-16-14-00-00", "latency": 15}, {"date": "2022-08-16-14-00-00", "latency": 15}, {"date": "2022-08-16-14-00-00", "latency": 15}, {"date": "2022-08-16-14-00-00", "latency": 15}, {"date": "2022-08-16-14-00-00", "latency": 15}, {"date": "2022-08-16-14-00-00", "latency": 15}, {"date": "2022-08-16-14-00-00", "latency": 15}, {"date": "2022-08-16-14-00-00", "latency": 15}, {"date": "2022-08-16-14-00-00", "latency": 15}, {"date": "2022-08-16-14-00-00", "latency": 15}, {"date": "2022-08-16-14-00-00", "latency": 15}, {"date": "2022-08-16-14-00-00", "latency": 15}, {"date": "2022-08-16-14-00-00", "latency": 15}, {"date": "2022-08-16-14-00-00", "latency": 15}, {"date": "2022-08-16-14-00-00", "latency": 15}, {"date": "2022-08-16-14-00-00", "latency": 15}, {"date": "2022-08-16-14-00-00", "latency": 15}, {"date": "2022-08-16-14-00-00", "latency": 15}]}, {"location": {"country_code": "es", "region": "Valencia", "city": "Orihuela"}, "game_id": "747108", "values": [{"date": "2022-08-17-00-00-00", "latency": 47}, {"date": "2022-08-17-00-00-00", "latency": 47}, {"date": "2022-08-17-00-00-00", "latency": 47}, {"date": "2022-08-17-00-00-00", "latency": 47}, {"date": "2022-08-17-00-00-00", "latency": 47}, {"date": "2022-08-17-00-00-00", "latency": 47}, {"date": "2022-08-17-00-00-00", "latency": 47}, {"date": "2022-08-17-00-00-00", "latency": 47}, {"date": "2022-08-17-00-00-00", "latency": 47}, {"date": "2022-08-17-00-00-00", "latency": 47}, {"date": "2022-08-17-00-00-00", "latency": 47}, {"date": "2022-08-17-00-00-00", "latency": 47}, {"date": "2022-08-17-00-00-00", "latency": 47}, {"date": "2022-08-17-00-00-00", "latency": 47}, {"date": "2022-08-17-00-00-00", "latency": 47}, {"date": "2022-08-17-00-00-00", "latency": 47}, {"date": "2022-08-17-00-00-00", "latency": 47}, {"date": "2022-08-17-00-00-00", "latency": 47}, {"date": "2022-08-17-00-00-00", "latency": 47}, {"date": "2022-08-17-00-00-00", "latency": 47}, {"date": "2022-08-17-00-00-00", "latency": 47}, {"date": "2022-08-17-00-00-00", "latency": 47}, {"date": "2022-08-17-00-00-00", "latency": 47}, {"date": "2022-08-17-00-00-00", "latency": 47}, {"date": "2022-08-17-00-00-00", "latency": 47}, {"date": "2022-08-17-00-00-00", "latency": 47}, {"date": "2022-08-17-00-00-00", "latency": 47}, {"date": "2022-08-17-00-00-00", "latency": 47}, {"date": "2022-08-17-00-00-00", "latency": 47}, {"date": "2022-08-17-00-00-00", "latency": 47}, {"date": "2022-08-17-00-00-00", "latency": 47}, {"date": "2022-08-17-00-00-00", "latency": 47}, {"date": "2022-08-17-00-00-00", "latency": 47}, {"date": "2022-08-17-00-00-00", "latency": 47}, {"date": "2022-08-17-00-00-00", "latency": 47}, {"date": "2022-08-17-00-00-00", "latency": 47}, {"date": "2022-08-17-00-00-00", "latency": 47}]}, {"location": {"country_code": "ar", "region": "Cordoba Province", "city": "Rio Cuarto"}, "game_id": "747108", "values": [{"date": "2022-08-16-05-00-00", "latency": 140}, {"date": "2022-08-16-05-00-00", "latency": 140}, {"date": "2022-08-16-05-00-00", "latency": 140}, {"date": "2022-08-16-05-00-00", "latency": 140}, {"date": "2022-08-16-05-00-00", "latency": 140}, {"date": "2022-08-16-05-00-00", "latency": 140}, {"date": "2022-08-16-05-00-00", "latency": 140}, {"date": "2022-08-16-05-00-00", "latency": 140}, {"date": "2022-08-16-05-00-00", "latency": 140}, {"date": "2022-08-16-05-00-00", "latency": 140}, {"date": "2022-08-16-05-00-00", "latency": 140}]}, {"location": {"country_code": "de", "region": "Bavaria", "city": "Munich"}, "game_id": "747108", "values": [{"date": "2022-08-17-00-00-00", "latency": 15}, {"date": "2022-08-17-00-00-00", "latency": 15}, {"date": "2022-08-17-00-00-00", "latency": 15}, {"date": "2022-08-17-00-00-00", "latency": 15}, {"date": "2022-08-17-00-00-00", "latency": 15}, {"date": "2022-08-17-00-00-00", "latency": 15}, {"date": "2022-08-17-00-00-00", "latency": 15}, {"date": "2022-08-17-00-00-00", "latency": 15}, {"date": "2022-08-17-00-00-00", "latency": 15}, {"date": "2022-08-17-00-00-00", "latency": 15}, {"date": "2022-08-17-00-00-00", "latency": 15}, {"date": "2022-08-17-00-00-00", "latency": 15}, {"date": "2022-08-17-00-00-00", "latency": 15}, {"date": "2022-08-17-00-00-00", "latency": 15}, {"date": "2022-08-17-00-00-00", "latency": 15}, {"date": "2022-08-17-00-00-00", "latency": 15}, {"date": "2022-08-17-00-00-00", "latency": 15}, {"date": "2022-08-17-00-00-00", "latency": 15}, {"date": "2022-08-17-00-00-00", "latency": 15}, {"date": "2022-08-17-00-00-00", "latency": 15}, {"date": "2022-08-17-00-00-00", "latency": 15}, {"date": "2022-08-17-00-00-00", "latency": 15}, {"date": "2022-08-17-00-00-00", "latency": 15}, {"date": "2022-08-17-00-00-00", "latency": 15}, {"date": "2022-08-17-00-00-00", "latency": 15}, {"date": "2022-08-17-00-00-00", "latency": 15}, {"date": "2022-08-17-00-00-00", "latency": 15}, {"date": "2022-08-17-00-00-00", "latency": 15}, {"date": "2022-08-17-00-00-00", "latency": 15}, {"date": "2022-08-17-00-00-00", "latency": 15}, {"date": "2022-08-17-00-00-00", "latency": 15}, {"date": "2022-08-17-00-00-00", "latency": 15}, {"date": "2022-08-17-00-00-00", "latency": 15}, {"date": "2022-08-17-00-00-00", "latency": 15}, {"date": "2022-08-17-00-00-00", "latency": 15}, {"date": "2022-08-17-00-00-00", "latency": 15}, {"date": "2022-08-17-00-00-00", "latency": 15}, {"date": "2022-08-17-00-00-00", "latency": 15}, {"date": "2022-08-17-00-00-00", "latency": 15}, {"date": "2022-08-17-00-00-00", "latency": 15}, {"date": "2022-08-17-00-00-00", "latency": 15}, {"date": "2022-08-17-00-00-00", "latency": 15}, {"date": "2022-08-17-00-00-00", "latency": 15}, {"date": "2022-08-17-00-00-00", "latency": 15}, {"date": "2022-08-17-00-00-00", "latency": 15}, {"date": "2022-08-17-00-00-00", "latency": 15}]}, {"location": {"country_code": "fr", "region": "Pays de la Loire Region", "city": "Nantes"}, "game_id": "747108", "values": [{"date": "2022-08-17-01-00-00", "latency": 94}, {"date": "2022-08-17-01-00-00", "latency": 94}, {"date": "2022-08-17-01-00-00", "latency": 94}, {"date": "2022-08-17-01-00-00", "latency": 94}, {"date": "2022-08-17-01-00-00", "latency": 94}, {"date": "2022-08-17-01-00-00", "latency": 94}, {"date": "2022-08-17-01-00-00", "latency": 94}, {"date": "2022-08-17-01-00-00", "latency": 94}, {"date": "2022-08-17-01-00-00", "latency": 94}, {"date": "2022-08-17-01-00-00", "latency": 94}, {"date": "2022-08-17-01-00-00", "latency": 94}, {"date": "2022-08-17-01-00-00", "latency": 94}]}, {"location": {"country_code": "br", "region": "Parana", "city": "Apucarana"}, "game_id": "747108", "values": [{"date": "2022-08-17-02-00-00", "latency": 31}, {"date": "2022-08-17-02-00-00", "latency": 31}, {"date": "2022-08-17-02-00-00", "latency": 31}]}, {"location": {"country_code": "br", "region": "Sao Paulo", "city": "Sertaozinho"}, "game_id": "747108", "values": [{"date": "2022-08-17-01-00-00", "latency": 31}]}, {"location": {"country_code": "za", "region": "Gauteng", "city": "Roodepoort"}, "game_id": "747108", "values": [{"date": "2022-08-16-18-00-00", "latency": 187}, {"date": "2022-08-16-18-00-00", "latency": 187}, {"date": "2022-08-16-18-00-00", "latency": 187}, {"date": "2022-08-16-18-00-00", "latency": 187}, {"date": "2022-08-16-18-00-00", "latency": 187}, {"date": "2022-08-16-18-00-00", "latency": 187}, {"date": "2022-08-16-18-00-00", "latency": 187}, {"date": "2022-08-16-18-00-00", "latency": 187}, {"date": "2022-08-16-18-00-00", "latency": 187}, {"date": "2022-08-16-18-00-00", "latency": 187}, {"date": "2022-08-16-18-00-00", "latency": 187}, {"date": "2022-08-16-18-00-00", "latency": 187}, {"date": "2022-08-16-18-00-00", "latency": 187}, {"date": "2022-08-16-18-00-00", "latency": 187}, {"date": "2022-08-16-18-00-00", "latency": 187}, {"date": "2022-08-16-18-00-00", "latency": 187}, {"date": "2022-08-16-18-00-00", "latency": 187}, {"date": "2022-08-16-18-00-00", "latency": 187}, {"date": "2022-08-16-18-00-00", "latency": 187}, {"date": "2022-08-16-18-00-00", "latency": 187}, {"date": "2022-08-16-18-00-00", "latency": 187}]}, {"location": {"country_code": "am"}, "game_id": "747108", "values": [{"date": "2022-08-16-18-00-00", "latency": 47}, {"date": "2022-08-16-18-00-00", "latency": 47}, {"date": "2022-08-16-18-00-00", "latency": 47}, {"date": "2022-08-16-18-00-00", "latency": 47}, {"date": "2022-08-16-18-00-00", "latency": 47}, {"date": "2022-08-16-18-00-00", "latency": 47}, {"date": "2022-08-16-18-00-00", "latency": 47}, {"date": "2022-08-16-18-00-00", "latency": 47}, {"date": "2022-08-16-18-00-00", "latency": 47}, {"date": "2022-08-16-18-00-00", "latency": 47}, {"date": "2022-08-16-18-00-00", "latency": 47}, {"date": "2022-08-16-18-00-00", "latency": 47}, {"date": "2022-08-16-18-00-00", "latency": 47}, {"date": "2022-08-16-18-00-00", "latency": 47}, {"date": "2022-08-16-18-00-00", "latency": 47}, {"date": "2022-08-16-18-00-00", "latency": 47}, {"date": "2022-08-16-18-00-00", "latency": 47}, {"date": "2022-08-16-18-00-00", "latency": 47}, {"date": "2022-08-16-18-00-00", "latency": 47}, {"date": "2022-08-16-18-00-00", "latency": 47}]}, {"location": {"country_code": "co", "region": "Bogota"}, "game_id": "747108", "values": [{"date": "2022-08-16-08-00-00", "latency": 63}, {"date": "2022-08-16-08-00-00", "latency": 63}, {"date": "2022-08-16-08-00-00", "latency": 63}, {"date": "2022-08-16-08-00-00", "latency": 63}, {"date": "2022-08-16-08-00-00", "latency": 63}, {"date": "2022-08-16-08-00-00", "latency": 63}, {"date": "2022-08-16-08-00-00", "latency": 63}, {"date": "2022-08-16-08-00-00", "latency": 63}, {"date": "2022-08-16-08-00-00", "latency": 63}, {"date": "2022-08-16-08-00-00", "latency": 63}, {"date": "2022-08-16-08-00-00", "latency": 63}, {"date": "2022-08-16-08-00-00", "latency": 63}, {"date": "2022-08-16-08-00-00", "latency": 63}, {"date": "2022-08-16-08-00-00", "latency": 63}, {"date": "2022-08-16-08-00-00", "latency": 63}, {"date": "2022-08-16-08-00-00", "latency": 63}, {"date": "2022-08-16-08-00-00", "latency": 63}, {"date": "2022-08-16-08-00-00", "latency": 63}, {"date": "2022-08-16-08-00-00", "latency": 63}, {"date": "2022-08-16-08-00-00", "latency": 63}, {"date": "2022-08-16-08-00-00", "latency": 63}, {"date": "2022-08-16-08-00-00", "latency": 63}, {"date": "2022-08-16-08-00-00", "latency": 63}, {"date": "2022-08-16-08-00-00", "latency": 63}, {"date": "2022-08-16-08-00-00", "latency": 63}, {"date": "2022-08-16-08-00-00", "latency": 63}, {"date": "2022-08-16-08-00-00", "latency": 63}, {"date": "2022-08-16-08-00-00", "latency": 63}, {"date": "2022-08-16-08-00-00", "latency": 63}]}, {"location": {"country_code": "br", "region": "Paraiba"}, "game_id": "747108", "values": [{"date": "2022-08-16-23-00-00", "latency": 62}, {"date": "2022-08-16-23-00-00", "latency": 62}, {"date": "2022-08-16-23-00-00", "latency": 62}, {"date": "2022-08-16-23-00-00", "latency": 62}, {"date": "2022-08-16-23-00-00", "latency": 62}, {"date": "2022-08-16-23-00-00", "latency": 62}, {"date": "2022-08-16-23-00-00", "latency": 62}, {"date": "2022-08-16-23-00-00", "latency": 62}, {"date": "2022-08-16-23-00-00", "latency": 62}, {"date": "2022-08-16-23-00-00", "latency": 62}, {"date": "2022-08-16-23-00-00", "latency": 62}, {"date": "2022-08-16-23-00-00", "latency": 62}, {"date": "2022-08-16-23-00-00", "latency": 62}, {"date": "2022-08-16-23-00-00", "latency": 62}, {"date": "2022-08-16-23-00-00", "latency": 62}, {"date": "2022-08-16-23-00-00", "latency": 62}, {"date": "2022-08-16-23-00-00", "latency": 62}, {"date": "2022-08-16-23-00-00", "latency": 62}, {"date": "2022-08-16-23-00-00", "latency": 62}, {"date": "2022-08-16-23-00-00", "latency": 62}, {"date": "2022-08-16-23-00-00", "latency": 62}, {"date": "2022-08-16-23-00-00", "latency": 62}, {"date": "2022-08-16-23-00-00", "latency": 62}, {"date": "2022-08-16-23-00-00", "latency": 62}, {"date": "2022-08-16-23-00-00", "latency": 62}, {"date": "2022-08-16-23-00-00", "latency": 62}, {"date": "2022-08-16-23-00-00", "latency": 62}, {"date": "2022-08-16-23-00-00", "latency": 62}, {"date": "2022-08-16-23-00-00", "latency": 62}, {"date": "2022-08-16-23-00-00", "latency": 62}, {"date": "2022-08-16-23-00-00", "latency": 62}, {"date": "2022-08-16-23-00-00", "latency": 62}]}, {"location": {"country_code": "br", "region": "Parana", "city": "Barracao"}, "game_id": "747108", "values": [{"date": "2022-08-17-02-00-00", "latency": 15}, {"date": "2022-08-17-02-00-00", "latency": 15}, {"date": "2022-08-17-02-00-00", "latency": 15}, {"date": "2022-08-17-02-00-00", "latency": 15}, {"date": "2022-08-17-02-00-00", "latency": 15}, {"date": "2022-08-17-02-00-00", "latency": 15}, {"date": "2022-08-17-02-00-00", "latency": 15}, {"date": "2022-08-17-02-00-00", "latency": 15}, {"date": "2022-08-17-02-00-00", "latency": 15}, {"date": "2022-08-17-02-00-00", "latency": 15}, {"date": "2022-08-17-02-00-00", "latency": 15}, {"date": "2022-08-17-02-00-00", "latency": 15}, {"date": "2022-08-17-02-00-00", "latency": 15}, {"date": "2022-08-17-02-00-00", "latency": 15}, {"date": "2022-08-17-02-00-00", "latency": 15}, {"date": "2022-08-17-02-00-00", "latency": 15}, {"date": "2022-08-17-02-00-00", "latency": 15}, {"date": "2022-08-17-02-00-00", "latency": 15}, {"date": "2022-08-17-02-00-00", "latency": 15}, {"date": "2022-08-17-02-00-00", "latency": 15}, {"date": "2022-08-17-02-00-00", "latency": 15}]}, {"location": {"country_code": "my", "region": "Penang"}, "game_id": "747108", "values": [{"date": "2022-08-16-21-00-00", "latency": 31}, {"date": "2022-08-16-21-00-00", "latency": 31}, {"date": "2022-08-16-21-00-00", "latency": 31}, {"date": "2022-08-16-21-00-00", "latency": 31}, {"date": "2022-08-16-21-00-00", "latency": 31}, {"date": "2022-08-16-21-00-00", "latency": 31}, {"date": "2022-08-16-21-00-00", "latency": 31}, {"date": "2022-08-16-21-00-00", "latency": 31}, {"date": "2022-08-16-21-00-00", "latency": 31}, {"date": "2022-08-16-21-00-00", "latency": 31}, {"date": "2022-08-16-21-00-00", "latency": 31}, {"date": "2022-08-16-21-00-00", "latency": 31}, {"date": "2022-08-16-21-00-00", "latency": 31}]}, {"location": {"country_code": "ca", "region": "Ontario", "city": "Sault Ste. Marie"}, "game_id": "747108", "values": [{"date": "2022-08-16-23-00-00", "latency": 100}, {"date": "2022-08-16-23-00-00", "latency": 100}, {"date": "2022-08-16-23-00-00", "latency": 100}, {"date": "2022-08-16-23-00-00", "latency": 100}, {"date": "2022-08-16-23-00-00", "latency": 100}, {"date": "2022-08-16-23-00-00", "latency": 100}, {"date": "2022-08-16-23-00-00", "latency": 100}, {"date": "2022-08-16-23-00-00", "latency": 100}, {"date": "2022-08-16-23-00-00", "latency": 100}, {"date": "2022-08-16-23-00-00", "latency": 100}, {"date": "2022-08-16-23-00-00", "latency": 100}, {"date": "2022-08-16-23-00-00", "latency": 100}, {"date": "2022-08-16-23-00-00", "latency": 100}, {"date": "2022-08-16-23-00-00", "latency": 100}, {"date": "2022-08-16-23-00-00", "latency": 100}, {"date": "2022-08-16-23-00-00", "latency": 100}]}, {"location": {"country_code": "es", "region": "Cantabria", "city": "Torres"}, "game_id": "747108", "values": [{"date": "2022-08-16-22-00-00", "latency": 47}, {"date": "2022-08-16-22-00-00", "latency": 47}, {"date": "2022-08-16-22-00-00", "latency": 47}, {"date": "2022-08-16-22-00-00", "latency": 47}, {"date": "2022-08-16-22-00-00", "latency": 47}, {"date": "2022-08-16-22-00-00", "latency": 47}, {"date": "2022-08-16-22-00-00", "latency": 47}, {"date": "2022-08-16-22-00-00", "latency": 47}, {"date": "2022-08-16-22-00-00", "latency": 47}, {"date": "2022-08-16-22-00-00", "latency": 47}, {"date": "2022-08-16-22-00-00", "latency": 47}, {"date": "2022-08-16-22-00-00", "latency": 47}, {"date": "2022-08-16-22-00-00", "latency": 47}, {"date": "2022-08-16-22-00-00", "latency": 47}, {"date": "2022-08-16-22-00-00", "latency": 47}, {"date": "2022-08-16-22-00-00", "latency": 47}, {"date": "2022-08-16-22-00-00", "latency": 47}, {"date": "2022-08-16-22-00-00", "latency": 47}, {"date": "2022-08-16-22-00-00", "latency": 47}, {"date": "2022-08-16-22-00-00", "latency": 47}, {"date": "2022-08-16-22-00-00", "latency": 47}, {"date": "2022-08-16-22-00-00", "latency": 47}, {"date": "2022-08-16-22-00-00", "latency": 47}, {"date": "2022-08-16-22-00-00", "latency": 47}, {"date": "2022-08-16-22-00-00", "latency": 47}, {"date": "2022-08-16-22-00-00", "latency": 47}, {"date": "2022-08-16-22-00-00", "latency": 47}, {"date": "2022-08-16-22-00-00", "latency": 47}, {"date": "2022-08-16-22-00-00", "latency": 47}, {"date": "2022-08-16-22-00-00", "latency": 47}, {"date": "2022-08-16-22-00-00", "latency": 47}, {"date": "2022-08-16-22-00-00", "latency": 47}, {"date": "2022-08-16-22-00-00", "latency": 47}, {"date": "2022-08-16-22-00-00", "latency": 47}, {"date": "2022-08-16-22-00-00", "latency": 47}, {"date": "2022-08-16-22-00-00", "latency": 47}, {"date": "2022-08-16-22-00-00", "latency": 47}, {"date": "2022-08-16-22-00-00", "latency": 47}, {"date": "2022-08-16-22-00-00", "latency": 47}, {"date": "2022-08-16-22-00-00", "latency": 47}]}, {"location": {"country_code": "us", "region": "Arkansas", "city": "Newport"}, "game_id": "747108", "values": [{"date": "2022-08-16-05-00-00", "latency": 16}, {"date": "2022-08-16-05-00-00", "latency": 16}, {"date": "2022-08-16-05-00-00", "latency": 16}, {"date": "2022-08-16-05-00-00", "latency": 16}, {"date": "2022-08-16-05-00-00", "latency": 16}, {"date": "2022-08-16-05-00-00", "latency": 16}, {"date": "2022-08-16-05-00-00", "latency": 16}, {"date": "2022-08-16-05-00-00", "latency": 16}, {"date": "2022-08-16-05-00-00", "latency": 16}, {"date": "2022-08-16-05-00-00", "latency": 16}, {"date": "2022-08-16-05-00-00", "latency": 16}, {"date": "2022-08-16-05-00-00", "latency": 16}, {"date": "2022-08-16-05-00-00", "latency": 16}, {"date": "2022-08-16-05-00-00", "latency": 16}, {"date": "2022-08-16-05-00-00", "latency": 16}, {"date": "2022-08-16-05-00-00", "latency": 16}, {"date": "2022-08-16-05-00-00", "latency": 16}, {"date": "2022-08-16-05-00-00", "latency": 16}, {"date": "2022-08-16-05-00-00", "latency": 16}, {"date": "2022-08-16-05-00-00", "latency": 16}, {"date": "2022-08-16-05-00-00", "latency": 16}, {"date": "2022-08-16-05-00-00", "latency": 16}, {"date": "2022-08-16-05-00-00", "latency": 16}, {"date": "2022-08-16-05-00-00", "latency": 16}, {"date": "2022-08-16-05-00-00", "latency": 16}, {"date": "2022-08-16-05-00-00", "latency": 16}, {"date": "2022-08-16-05-00-00", "latency": 16}, {"date": "2022-08-16-05-00-00", "latency": 16}]}], "last_updated": 1719926760.299816}