{"data": [{"location": {"country_code": "ca"}, "game_id": "118849", "values": [{"date": "2023-05-16-19-00-00", "latency": 40}, {"date": "2023-05-16-19-00-00", "latency": 40}]}, {"location": {"country_code": "tw"}, "game_id": "118849", "values": [{"date": "2023-05-16-08-00-00", "latency": 810}, {"date": "2023-05-16-09-00-00", "latency": 87}]}, {"location": {"country_code": "cl"}, "game_id": "118849", "values": [{"date": "2023-05-16-18-00-00", "latency": 162}, {"date": "2023-05-16-18-00-00", "latency": 162}]}, {"location": {"country_code": "ph"}, "game_id": "118849", "values": [{"date": "2023-05-16-03-00-00", "latency": 68}, {"date": "2023-05-16-03-00-00", "latency": 68}, {"date": "2023-05-16-03-00-00", "latency": 68}, {"date": "2023-05-16-03-00-00", "latency": 68}]}, {"location": {"country_code": "fr", "region": "Ile-de-France Region", "city": "Paris"}, "game_id": "118849", "values": [{"date": "2023-05-16-12-00-00", "latency": 85}, {"date": "2023-05-16-12-00-00", "latency": 85}]}, {"location": {"country_code": "us", "region": "New Jersey"}, "game_id": "118849", "values": [{"date": "2023-05-16-03-00-00", "latency": 141}]}, {"location": {"country_code": "br"}, "game_id": "118849", "values": [{"date": "2023-05-16-05-00-00", "latency": 47}, {"date": "2023-05-16-05-00-00", "latency": 47}]}, {"location": {"country_code": "us", "region": "California", "city": "East Los Angeles"}, "game_id": "118849", "values": [{"date": "2023-05-16-23-00-00", "latency": 113}]}, {"location": {"country_code": "us", "region": "New York", "city": "New York"}, "game_id": "118849", "values": [{"date": "2023-05-17-00-00-00", "latency": 74}, {"date": "2023-05-17-00-00-00", "latency": 74}, {"date": "2023-05-17-00-00-00", "latency": 74}, {"date": "2023-05-17-00-00-00", "latency": 74}, {"date": "2023-05-17-00-00-00", "latency": 74}]}, {"location": {"country_code": "es", "region": "Madrid", "city": "Parla"}, "game_id": "118849", "values": [{"date": "2023-05-17-02-00-00", "latency": 152}]}, {"location": {"country_code": "tr"}, "game_id": "118849", "values": [{"date": "2023-05-16-17-00-00", "latency": 24}]}, {"location": {"country_code": "es"}, "game_id": "118849", "values": [{"date": "2023-05-16-15-00-00", "latency": 71}, {"date": "2023-05-16-15-00-00", "latency": 71}]}, {"location": {"country_code": "fi", "region": "Uusimaa", "city": "Helsinki"}, "game_id": "118849", "values": [{"date": "2023-05-16-16-00-00", "latency": 26}, {"date": "2023-05-16-16-00-00", "latency": 26}]}, {"location": {"country_code": "ar", "region": "Buenos Aires F.D.", "city": "Bahia Blanca"}, "game_id": "118849", "values": [{"date": "2023-05-16-21-00-00", "latency": 224}, {"date": "2023-05-16-21-00-00", "latency": 224}, {"date": "2023-05-16-21-00-00", "latency": 224}]}, {"location": {"country_code": "ve"}, "game_id": "118849", "values": [{"date": "2023-05-17-00-00-00", "latency": 163}]}, {"location": {"country_code": "sg"}, "game_id": "118849", "values": [{"date": "2023-05-16-15-00-00", "latency": 235}, {"date": "2023-05-16-15-00-00", "latency": 235}, {"date": "2023-05-16-15-00-00", "latency": 235}, {"date": "2023-05-16-15-00-00", "latency": 235}]}, {"location": {"country_code": "gb", "region": "Wales"}, "game_id": "118849", "values": [{"date": "2023-05-16-12-00-00", "latency": 45}]}, {"location": {"country_code": "vn", "region": "Ho Chi Minh City"}, "game_id": "118849", "values": [{"date": "2023-05-16-17-00-00", "latency": 33}, {"date": "2023-05-16-17-00-00", "latency": 33}, {"date": "2023-05-16-17-00-00", "latency": 33}, {"date": "2023-05-16-17-00-00", "latency": 33}, {"date": "2023-05-16-17-00-00", "latency": 33}, {"date": "2023-05-16-17-00-00", "latency": 33}, {"date": "2023-05-16-17-00-00", "latency": 33}, {"date": "2023-05-16-17-00-00", "latency": 33}, {"date": "2023-05-16-17-00-00", "latency": 33}]}, {"location": {"country_code": "ch", "region": "Canton of Neuchatel", "city": "Le Locle"}, "game_id": "118849", "values": [{"date": "2023-05-16-22-00-00", "latency": 88}, {"date": "2023-05-16-22-00-00", "latency": 88}, {"date": "2023-05-16-22-00-00", "latency": 88}, {"date": "2023-05-16-22-00-00", "latency": 88}]}, {"location": {"country_code": "br", "region": "Santa Catarina", "city": "Balneario Gaivota"}, "game_id": "118849", "values": [{"date": "2023-05-17-01-00-00", "latency": 169}]}, {"location": {"country_code": "ph", "region": "CALABARZON"}, "game_id": "118849", "values": [{"date": "2023-05-16-15-00-00", "latency": 75}, {"date": "2023-05-16-15-00-00", "latency": 75}]}], "last_updated": 1719927582.465812}