{"data": [{"location": {"country_code": "us"}, "game_id": "742409", "values": [{"date": "2024-04-16-19-00-00", "latency": 4}]}, {"location": {"country_code": "gb"}, "game_id": "742409", "values": [{"date": "2024-04-16-21-00-00", "latency": 7}, {"date": "2024-04-16-21-00-00", "latency": 7}, {"date": "2024-04-16-21-00-00", "latency": 7}]}, {"location": {"country_code": "cz"}, "game_id": "742409", "values": [{"date": "2024-04-16-19-00-00", "latency": 23}, {"date": "2024-04-16-19-00-00", "latency": 23}]}, {"location": {"country_code": "ro"}, "game_id": "742409", "values": [{"date": "2024-04-16-11-00-00", "latency": 16}]}, {"location": {"country_code": "de"}, "game_id": "742409", "values": [{"date": "2024-04-16-08-00-00", "latency": 25}]}, {"location": {"country_code": "tw"}, "game_id": "742409", "values": [{"date": "2024-04-16-17-00-00", "latency": 56}, {"date": "2024-04-16-17-00-00", "latency": 56}, {"date": "2024-04-16-17-00-00", "latency": 56}, {"date": "2024-04-16-17-00-00", "latency": 56}, {"date": "2024-04-16-17-00-00", "latency": 56}, {"date": "2024-04-16-17-00-00", "latency": 56}, {"date": "2024-04-16-17-00-00", "latency": 56}, {"date": "2024-04-16-17-00-00", "latency": 56}, {"date": "2024-04-16-17-00-00", "latency": 56}, {"date": "2024-04-16-17-00-00", "latency": 56}, {"date": "2024-04-16-17-00-00", "latency": 56}, {"date": "2024-04-16-17-00-00", "latency": 56}]}, {"location": {"country_code": "rs"}, "game_id": "742409", "values": [{"date": "2024-04-16-13-00-00", "latency": 15}, {"date": "2024-04-16-13-00-00", "latency": 15}]}, {"location": {"country_code": "es", "region": "Madrid", "city": "Parla"}, "game_id": "742409", "values": [{"date": "2024-04-16-19-00-00", "latency": 3}]}, {"location": {"country_code": "us", "region": "Michigan"}, "game_id": "742409", "values": [{"date": "2024-04-16-04-00-00", "latency": 3}]}, {"location": {"country_code": "pl"}, "game_id": "742409", "values": [{"date": "2024-04-16-23-00-00", "latency": 35}, {"date": "2024-04-16-23-00-00", "latency": 35}, {"date": "2024-04-16-23-00-00", "latency": 35}]}, {"location": {"country_code": "ua"}, "game_id": "742409", "values": [{"date": "2024-04-16-18-00-00", "latency": 22}, {"date": "2024-04-16-15-00-00", "latency": 45}, {"date": "2024-04-16-15-00-00", "latency": 45}, {"date": "2024-04-16-15-00-00", "latency": 45}, {"date": "2024-04-16-17-00-00", "latency": 14}, {"date": "2024-04-16-17-00-00", "latency": 14}]}, {"location": {"country_code": "es", "region": "Andalusia", "city": "Seville"}, "game_id": "742409", "values": [{"date": "2024-04-16-22-00-00", "latency": 40}]}, {"location": {"country_code": "tr", "region": "Marmara Bolgesi", "city": "Tuzla"}, "game_id": "742409", "values": [{"date": "2024-04-16-19-00-00", "latency": 45}]}], "last_updated": 1719919351.834541}