{"data": [{"location": {"country_code": "us"}, "game_id": "135305", "values": [{"date": "2024-03-01-06-00-00", "latency": 15}, {"date": "2024-03-01-06-00-00", "latency": 15}, {"date": "2024-03-01-08-00-00", "latency": 18}, {"date": "2024-03-01-08-00-00", "latency": 18}, {"date": "2024-03-01-08-00-00", "latency": 18}, {"date": "2024-03-01-08-00-00", "latency": 18}, {"date": "2024-03-01-08-00-00", "latency": 18}, {"date": "2024-03-01-08-00-00", "latency": 18}, {"date": "2024-03-01-08-00-00", "latency": 18}, {"date": "2024-03-01-08-00-00", "latency": 18}, {"date": "2024-03-01-08-00-00", "latency": 18}, {"date": "2024-03-01-08-00-00", "latency": 18}, {"date": "2024-03-01-08-00-00", "latency": 18}, {"date": "2024-03-01-08-00-00", "latency": 18}, {"date": "2024-03-01-08-00-00", "latency": 18}, {"date": "2024-03-01-08-00-00", "latency": 18}, {"date": "2024-03-01-08-00-00", "latency": 18}, {"date": "2024-03-01-08-00-00", "latency": 18}, {"date": "2024-03-01-22-00-00", "latency": 43}, {"date": "2024-03-01-22-00-00", "latency": 43}, {"date": "2024-03-01-04-00-00", "latency": 2}, {"date": "2024-03-01-04-00-00", "latency": 2}, {"date": "2024-03-01-04-00-00", "latency": 2}, {"date": "2024-03-01-04-00-00", "latency": 2}]}, {"location": {"country_code": "th"}, "game_id": "135305", "values": [{"date": "2024-03-01-14-00-00", "latency": 102}, {"date": "2024-03-01-14-00-00", "latency": 99}, {"date": "2024-03-01-14-00-00", "latency": 99}]}, {"location": {"country_code": "nl"}, "game_id": "135305", "values": [{"date": "2024-03-01-17-00-00", "latency": 20}]}, {"location": {"country_code": "it"}, "game_id": "135305", "values": [{"date": "2024-03-01-20-00-00", "latency": 36}, {"date": "2024-03-01-20-00-00", "latency": 36}, {"date": "2024-03-01-20-00-00", "latency": 36}, {"date": "2024-03-01-20-00-00", "latency": 36}, {"date": "2024-03-01-20-00-00", "latency": 36}, {"date": "2024-03-01-20-00-00", "latency": 36}, {"date": "2024-03-01-20-00-00", "latency": 36}, {"date": "2024-03-01-20-00-00", "latency": 36}, {"date": "2024-03-01-20-00-00", "latency": 36}, {"date": "2024-03-01-20-00-00", "latency": 36}, {"date": "2024-03-01-16-00-00", "latency": 53}, {"date": "2024-03-01-16-00-00", "latency": 53}, {"date": "2024-03-01-16-00-00", "latency": 53}, {"date": "2024-03-01-16-00-00", "latency": 53}, {"date": "2024-03-01-16-00-00", "latency": 53}, {"date": "2024-03-01-16-00-00", "latency": 53}]}, {"location": {"country_code": "za"}, "game_id": "135305", "values": [{"date": "2024-03-01-19-00-00", "latency": 195}, {"date": "2024-03-01-19-00-00", "latency": 195}, {"date": "2024-03-01-13-00-00", "latency": 174}, {"date": "2024-03-01-09-00-00", "latency": 187}]}, {"location": {"country_code": "jp"}, "game_id": "135305", "values": [{"date": "2024-03-01-14-00-00", "latency": 28}, {"date": "2024-03-01-14-00-00", "latency": 28}, {"date": "2024-03-01-14-00-00", "latency": 28}, {"date": "2024-03-01-14-00-00", "latency": 28}, {"date": "2024-03-01-14-00-00", "latency": 28}, {"date": "2024-03-01-14-00-00", "latency": 28}, {"date": "2024-03-01-14-00-00", "latency": 28}, {"date": "2024-03-01-14-00-00", "latency": 28}, {"date": "2024-03-01-13-00-00", "latency": 6}, {"date": "2024-03-01-13-00-00", "latency": 6}, {"date": "2024-03-01-13-00-00", "latency": 6}, {"date": "2024-03-01-13-00-00", "latency": 6}, {"date": "2024-03-01-13-00-00", "latency": 6}, {"date": "2024-03-01-17-00-00", "latency": 10}, {"date": "2024-03-01-21-00-00", "latency": 4}, {"date": "2024-03-01-21-00-00", "latency": 4}, {"date": "2024-03-01-21-00-00", "latency": 4}, {"date": "2024-03-01-21-00-00", "latency": 4}, {"date": "2024-03-01-21-00-00", "latency": 4}, {"date": "2024-03-01-21-00-00", "latency": 4}, {"date": "2024-03-01-21-00-00", "latency": 4}, {"date": "2024-03-01-21-00-00", "latency": 4}, {"date": "2024-03-01-21-00-00", "latency": 4}, {"date": "2024-03-01-21-00-00", "latency": 4}, {"date": "2024-03-01-21-00-00", "latency": 4}, {"date": "2024-03-01-21-00-00", "latency": 4}, {"date": "2024-03-01-21-00-00", "latency": 4}, {"date": "2024-03-01-21-00-00", "latency": 4}, {"date": "2024-03-01-21-00-00", "latency": 4}, {"date": "2024-03-01-21-00-00", "latency": 4}, {"date": "2024-03-01-21-00-00", "latency": 4}, {"date": "2024-03-01-21-00-00", "latency": 4}, {"date": "2024-03-01-21-00-00", "latency": 4}, {"date": "2024-03-02-01-00-00", "latency": 15}, {"date": "2024-03-02-01-00-00", "latency": 15}, {"date": "2024-03-01-15-00-00", "latency": 22}, {"date": "2024-03-01-15-00-00", "latency": 22}, {"date": "2024-03-01-15-00-00", "latency": 22}, {"date": "2024-03-01-15-00-00", "latency": 22}, {"date": "2024-03-01-08-00-00", "latency": 18}, {"date": "2024-03-01-14-00-00", "latency": 43}, {"date": "2024-03-01-18-00-00", "latency": 38}, {"date": "2024-03-01-18-00-00", "latency": 38}, {"date": "2024-03-01-18-00-00", "latency": 38}, {"date": "2024-03-01-18-00-00", "latency": 38}, {"date": "2024-03-01-18-00-00", "latency": 38}, {"date": "2024-03-01-18-00-00", "latency": 38}, {"date": "2024-03-01-19-00-00", "latency": 11}, {"date": "2024-03-01-19-00-00", "latency": 11}, {"date": "2024-03-01-19-00-00", "latency": 11}, {"date": "2024-03-01-19-00-00", "latency": 11}, {"date": "2024-03-01-19-00-00", "latency": 11}, {"date": "2024-03-01-19-00-00", "latency": 11}, {"date": "2024-03-01-19-00-00", "latency": 11}, {"date": "2024-03-01-21-00-00", "latency": 66}, {"date": "2024-03-01-21-00-00", "latency": 66}, {"date": "2024-03-01-21-00-00", "latency": 66}, {"date": "2024-03-01-21-00-00", "latency": 66}, {"date": "2024-03-01-21-00-00", "latency": 66}, {"date": "2024-03-01-21-00-00", "latency": 66}, {"date": "2024-03-01-21-00-00", "latency": 66}, {"date": "2024-03-01-20-00-00", "latency": 32}]}, {"location": {"country_code": "ca"}, "game_id": "135305", "values": [{"date": "2024-03-01-10-00-00", "latency": 54}, {"date": "2024-03-01-10-00-00", "latency": 54}, {"date": "2024-03-01-10-00-00", "latency": 54}, {"date": "2024-03-01-10-00-00", "latency": 54}, {"date": "2024-03-01-10-00-00", "latency": 54}, {"date": "2024-03-01-10-00-00", "latency": 54}, {"date": "2024-03-01-10-00-00", "latency": 54}, {"date": "2024-03-01-10-00-00", "latency": 54}, {"date": "2024-03-01-10-00-00", "latency": 54}, {"date": "2024-03-01-10-00-00", "latency": 54}, {"date": "2024-03-01-10-00-00", "latency": 54}, {"date": "2024-03-01-10-00-00", "latency": 54}, {"date": "2024-03-01-10-00-00", "latency": 54}, {"date": "2024-03-01-10-00-00", "latency": 54}, {"date": "2024-03-01-10-00-00", "latency": 54}, {"date": "2024-03-01-10-00-00", "latency": 54}, {"date": "2024-03-01-10-00-00", "latency": 54}, {"date": "2024-03-01-10-00-00", "latency": 54}, {"date": "2024-03-01-10-00-00", "latency": 54}, {"date": "2024-03-01-10-00-00", "latency": 54}, {"date": "2024-03-01-10-00-00", "latency": 54}, {"date": "2024-03-01-10-00-00", "latency": 54}, {"date": "2024-03-01-19-00-00", "latency": 21}, {"date": "2024-03-01-19-00-00", "latency": 21}, {"date": "2024-03-01-19-00-00", "latency": 21}, {"date": "2024-03-01-23-00-00", "latency": 171}, {"date": "2024-03-01-23-00-00", "latency": 171}, {"date": "2024-03-01-23-00-00", "latency": 171}, {"date": "2024-03-01-23-00-00", "latency": 171}]}, {"location": {"country_code": "ch"}, "game_id": "135305", "values": [{"date": "2024-03-01-21-00-00", "latency": 26}, {"date": "2024-03-01-21-00-00", "latency": 26}, {"date": "2024-03-01-21-00-00", "latency": 26}, {"date": "2024-03-01-21-00-00", "latency": 26}, {"date": "2024-03-01-21-00-00", "latency": 26}, {"date": "2024-03-02-01-00-00", "latency": 19}, {"date": "2024-03-02-01-00-00", "latency": 19}, {"date": "2024-03-02-01-00-00", "latency": 19}, {"date": "2024-03-02-01-00-00", "latency": 19}, {"date": "2024-03-02-01-00-00", "latency": 19}, {"date": "2024-03-02-01-00-00", "latency": 19}, {"date": "2024-03-02-01-00-00", "latency": 19}, {"date": "2024-03-02-01-00-00", "latency": 19}, {"date": "2024-03-02-01-00-00", "latency": 19}, {"date": "2024-03-02-01-00-00", "latency": 19}, {"date": "2024-03-02-01-00-00", "latency": 19}, {"date": "2024-03-02-01-00-00", "latency": 19}]}, {"location": {"country_code": "de"}, "game_id": "135305", "values": [{"date": "2024-03-01-13-00-00", "latency": 25}, {"date": "2024-03-01-13-00-00", "latency": 25}]}, {"location": {"country_code": "ng", "region": "Kano"}, "game_id": "135305", "values": [{"date": "2024-03-01-13-00-00", "latency": 36}, {"date": "2024-03-01-13-00-00", "latency": 36}, {"date": "2024-03-01-13-00-00", "latency": 36}, {"date": "2024-03-01-13-00-00", "latency": 36}, {"date": "2024-03-01-13-00-00", "latency": 36}, {"date": "2024-03-01-13-00-00", "latency": 36}, {"date": "2024-03-01-13-00-00", "latency": 36}, {"date": "2024-03-01-13-00-00", "latency": 36}, {"date": "2024-03-01-13-00-00", "latency": 36}, {"date": "2024-03-01-13-00-00", "latency": 36}]}, {"location": {"country_code": "tw"}, "game_id": "135305", "values": [{"date": "2024-03-01-14-00-00", "latency": 196}, {"date": "2024-03-01-14-00-00", "latency": 196}, {"date": "2024-03-01-14-00-00", "latency": 196}, {"date": "2024-03-01-14-00-00", "latency": 196}, {"date": "2024-03-01-14-00-00", "latency": 196}]}, {"location": {"country_code": "cl"}, "game_id": "135305", "values": [{"date": "2024-03-02-01-00-00", "latency": 144}, {"date": "2024-03-02-00-00-00", "latency": 142}, {"date": "2024-03-02-00-00-00", "latency": 142}, {"date": "2024-03-02-00-00-00", "latency": 142}, {"date": "2024-03-02-00-00-00", "latency": 142}, {"date": "2024-03-02-00-00-00", "latency": 142}, {"date": "2024-03-01-19-00-00", "latency": 136}, {"date": "2024-03-01-19-00-00", "latency": 136}]}, {"location": {"country_code": "us", "region": "Texas"}, "game_id": "135305", "values": [{"date": "2024-03-01-03-00-00", "latency": 49}]}, {"location": {"country_code": "ph"}, "game_id": "135305", "values": [{"date": "2024-03-01-15-00-00", "latency": 57}, {"date": "2024-03-01-15-00-00", "latency": 57}, {"date": "2024-03-01-15-00-00", "latency": 57}, {"date": "2024-03-01-14-00-00", "latency": 122}, {"date": "2024-03-01-21-00-00", "latency": 79}, {"date": "2024-03-01-17-00-00", "latency": 56}, {"date": "2024-03-01-17-00-00", "latency": 56}, {"date": "2024-03-01-12-00-00", "latency": 108}, {"date": "2024-03-01-12-00-00", "latency": 108}, {"date": "2024-03-01-12-00-00", "latency": 108}, {"date": "2024-03-01-12-00-00", "latency": 108}, {"date": "2024-03-01-12-00-00", "latency": 108}, {"date": "2024-03-01-12-00-00", "latency": 108}, {"date": "2024-03-01-20-00-00", "latency": 80}, {"date": "2024-03-01-20-00-00", "latency": 80}, {"date": "2024-03-01-20-00-00", "latency": 80}, {"date": "2024-03-01-20-00-00", "latency": 80}, {"date": "2024-03-01-14-00-00", "latency": 56}, {"date": "2024-03-01-14-00-00", "latency": 56}, {"date": "2024-03-01-14-00-00", "latency": 56}, {"date": "2024-03-01-14-00-00", "latency": 56}, {"date": "2024-03-01-14-00-00", "latency": 56}]}, {"location": {"country_code": "fr"}, "game_id": "135305", "values": [{"date": "2024-03-01-14-00-00", "latency": 20}, {"date": "2024-03-01-14-00-00", "latency": 20}, {"date": "2024-03-01-14-00-00", "latency": 20}, {"date": "2024-03-01-13-00-00", "latency": 28}, {"date": "2024-03-01-13-00-00", "latency": 28}, {"date": "2024-03-01-13-00-00", "latency": 28}, {"date": "2024-03-01-13-00-00", "latency": 28}, {"date": "2024-03-01-13-00-00", "latency": 28}, {"date": "2024-03-01-13-00-00", "latency": 28}, {"date": "2024-03-01-13-00-00", "latency": 28}, {"date": "2024-03-01-13-00-00", "latency": 28}, {"date": "2024-03-01-13-00-00", "latency": 28}, {"date": "2024-03-01-13-00-00", "latency": 28}, {"date": "2024-03-01-13-00-00", "latency": 28}, {"date": "2024-03-01-13-00-00", "latency": 28}, {"date": "2024-03-01-13-00-00", "latency": 28}, {"date": "2024-03-01-13-00-00", "latency": 28}, {"date": "2024-03-01-13-00-00", "latency": 28}, {"date": "2024-03-01-13-00-00", "latency": 28}, {"date": "2024-03-01-13-00-00", "latency": 28}, {"date": "2024-03-01-13-00-00", "latency": 28}, {"date": "2024-03-01-13-00-00", "latency": 28}, {"date": "2024-03-01-13-00-00", "latency": 28}]}, {"location": {"country_code": "mx"}, "game_id": "135305", "values": [{"date": "2024-03-02-00-00-00", "latency": 61}, {"date": "2024-03-02-00-00-00", "latency": 61}, {"date": "2024-03-02-00-00-00", "latency": 61}, {"date": "2024-03-02-00-00-00", "latency": 61}, {"date": "2024-03-01-15-00-00", "latency": 74}, {"date": "2024-03-01-15-00-00", "latency": 74}, {"date": "2024-03-01-15-00-00", "latency": 74}, {"date": "2024-03-01-14-00-00", "latency": 71}, {"date": "2024-03-01-14-00-00", "latency": 71}, {"date": "2024-03-01-14-00-00", "latency": 71}, {"date": "2024-03-01-14-00-00", "latency": 71}, {"date": "2024-03-01-14-00-00", "latency": 71}, {"date": "2024-03-01-14-00-00", "latency": 71}, {"date": "2024-03-01-14-00-00", "latency": 71}, {"date": "2024-03-01-14-00-00", "latency": 71}, {"date": "2024-03-01-14-00-00", "latency": 71}, {"date": "2024-03-01-14-00-00", "latency": 71}, {"date": "2024-03-01-14-00-00", "latency": 71}, {"date": "2024-03-01-14-00-00", "latency": 71}, {"date": "2024-03-01-14-00-00", "latency": 71}, {"date": "2024-03-01-14-00-00", "latency": 71}, {"date": "2024-03-01-14-00-00", "latency": 71}, {"date": "2024-03-01-14-00-00", "latency": 71}, {"date": "2024-03-01-14-00-00", "latency": 71}, {"date": "2024-03-01-14-00-00", "latency": 71}, {"date": "2024-03-01-14-00-00", "latency": 71}, {"date": "2024-03-01-14-00-00", "latency": 77}, {"date": "2024-03-01-14-00-00", "latency": 77}, {"date": "2024-03-01-14-00-00", "latency": 77}, {"date": "2024-03-01-14-00-00", "latency": 77}, {"date": "2024-03-01-14-00-00", "latency": 77}, {"date": "2024-03-01-14-00-00", "latency": 77}, {"date": "2024-03-01-14-00-00", "latency": 77}, {"date": "2024-03-01-14-00-00", "latency": 77}, {"date": "2024-03-01-14-00-00", "latency": 77}, {"date": "2024-03-01-14-00-00", "latency": 77}, {"date": "2024-03-01-14-00-00", "latency": 77}, {"date": "2024-03-01-14-00-00", "latency": 77}, {"date": "2024-03-01-14-00-00", "latency": 77}, {"date": "2024-03-01-14-00-00", "latency": 77}, {"date": "2024-03-01-14-00-00", "latency": 77}, {"date": "2024-03-01-14-00-00", "latency": 77}, {"date": "2024-03-01-14-00-00", "latency": 77}, {"date": "2024-03-01-14-00-00", "latency": 77}, {"date": "2024-03-01-14-00-00", "latency": 77}, {"date": "2024-03-01-14-00-00", "latency": 77}, {"date": "2024-03-01-14-00-00", "latency": 77}, {"date": "2024-03-01-14-00-00", "latency": 77}, {"date": "2024-03-01-14-00-00", "latency": 77}, {"date": "2024-03-01-14-00-00", "latency": 77}, {"date": "2024-03-01-14-00-00", "latency": 77}, {"date": "2024-03-01-14-00-00", "latency": 77}, {"date": "2024-03-01-14-00-00", "latency": 77}, {"date": "2024-03-01-14-00-00", "latency": 77}, {"date": "2024-03-01-14-00-00", "latency": 77}, {"date": "2024-03-01-14-00-00", "latency": 77}, {"date": "2024-03-01-14-00-00", "latency": 77}, {"date": "2024-03-01-14-00-00", "latency": 77}, {"date": "2024-03-01-07-00-00", "latency": 89}, {"date": "2024-03-01-07-00-00", "latency": 89}, {"date": "2024-03-01-07-00-00", "latency": 89}, {"date": "2024-03-01-07-00-00", "latency": 89}, {"date": "2024-03-01-07-00-00", "latency": 89}, {"date": "2024-03-01-07-00-00", "latency": 89}, {"date": "2024-03-01-07-00-00", "latency": 89}, {"date": "2024-03-01-07-00-00", "latency": 89}, {"date": "2024-03-01-07-00-00", "latency": 89}, {"date": "2024-03-01-07-00-00", "latency": 89}, {"date": "2024-03-01-07-00-00", "latency": 89}, {"date": "2024-03-01-07-00-00", "latency": 89}, {"date": "2024-03-01-07-00-00", "latency": 89}, {"date": "2024-03-01-07-00-00", "latency": 89}, {"date": "2024-03-01-03-00-00", "latency": 85}, {"date": "2024-03-01-03-00-00", "latency": 85}, {"date": "2024-03-01-09-00-00", "latency": 65}, {"date": "2024-03-01-09-00-00", "latency": 65}, {"date": "2024-03-01-09-00-00", "latency": 65}, {"date": "2024-03-01-09-00-00", "latency": 65}, {"date": "2024-03-01-09-00-00", "latency": 65}, {"date": "2024-03-01-06-00-00", "latency": 110}, {"date": "2024-03-01-06-00-00", "latency": 110}, {"date": "2024-03-01-06-00-00", "latency": 110}, {"date": "2024-03-01-06-00-00", "latency": 110}]}, {"location": {"country_code": "mx", "region": "Mexico City"}, "game_id": "135305", "values": [{"date": "2024-03-01-05-00-00", "latency": 82}, {"date": "2024-03-01-05-00-00", "latency": 82}, {"date": "2024-03-01-05-00-00", "latency": 82}]}, {"location": {"country_code": "in"}, "game_id": "135305", "values": [{"date": "2024-03-01-16-00-00", "latency": 151}, {"date": "2024-03-01-16-00-00", "latency": 151}, {"date": "2024-03-01-16-00-00", "latency": 151}, {"date": "2024-03-01-16-00-00", "latency": 151}]}, {"location": {"country_code": "us", "region": "California"}, "game_id": "135305", "values": [{"date": "2024-03-01-08-00-00", "latency": 126}, {"date": "2024-03-01-08-00-00", "latency": 126}, {"date": "2024-03-01-08-00-00", "latency": 126}, {"date": "2024-03-01-08-00-00", "latency": 126}, {"date": "2024-03-01-08-00-00", "latency": 126}, {"date": "2024-03-01-08-00-00", "latency": 126}, {"date": "2024-03-01-08-00-00", "latency": 126}, {"date": "2024-03-01-08-00-00", "latency": 126}, {"date": "2024-03-01-08-00-00", "latency": 126}]}, {"location": {"country_code": "br"}, "game_id": "135305", "values": [{"date": "2024-03-02-00-00-00", "latency": 132}, {"date": "2024-03-01-04-00-00", "latency": 129}]}, {"location": {"country_code": "br", "region": "Sao Paulo", "city": "Palmital"}, "game_id": "135305", "values": [{"date": "2024-03-02-01-00-00", "latency": 133}]}, {"location": {"country_code": "br", "region": "Sao Paulo", "city": "Apiai"}, "game_id": "135305", "values": [{"date": "2024-03-01-14-00-00", "latency": 120}, {"date": "2024-03-01-03-00-00", "latency": 124}, {"date": "2024-03-01-03-00-00", "latency": 124}, {"date": "2024-03-01-03-00-00", "latency": 124}]}, {"location": {"country_code": "ec"}, "game_id": "135305", "values": [{"date": "2024-03-01-07-00-00", "latency": 86}, {"date": "2024-03-01-07-00-00", "latency": 86}, {"date": "2024-03-01-07-00-00", "latency": 86}, {"date": "2024-03-01-07-00-00", "latency": 86}]}, {"location": {"country_code": "au"}, "game_id": "135305", "values": [{"date": "2024-03-02-01-00-00", "latency": 190}, {"date": "2024-03-02-01-00-00", "latency": 190}, {"date": "2024-03-02-01-00-00", "latency": 190}, {"date": "2024-03-01-12-00-00", "latency": 261}, {"date": "2024-03-01-12-00-00", "latency": 261}, {"date": "2024-03-01-12-00-00", "latency": 261}, {"date": "2024-03-01-12-00-00", "latency": 261}, {"date": "2024-03-01-12-00-00", "latency": 261}, {"date": "2024-03-01-12-00-00", "latency": 261}, {"date": "2024-03-01-12-00-00", "latency": 261}, {"date": "2024-03-01-15-00-00", "latency": 182}, {"date": "2024-03-01-15-00-00", "latency": 182}, {"date": "2024-03-01-13-00-00", "latency": 213}]}, {"location": {"country_code": "es"}, "game_id": "135305", "values": [{"date": "2024-03-01-20-00-00", "latency": 31}, {"date": "2024-03-01-20-00-00", "latency": 31}, {"date": "2024-03-01-20-00-00", "latency": 31}, {"date": "2024-03-01-20-00-00", "latency": 31}, {"date": "2024-03-01-20-00-00", "latency": 31}, {"date": "2024-03-01-20-00-00", "latency": 31}, {"date": "2024-03-01-20-00-00", "latency": 31}, {"date": "2024-03-01-19-00-00", "latency": 42}, {"date": "2024-03-01-19-00-00", "latency": 42}, {"date": "2024-03-01-19-00-00", "latency": 42}, {"date": "2024-03-01-19-00-00", "latency": 42}, {"date": "2024-03-01-19-00-00", "latency": 42}, {"date": "2024-03-01-19-00-00", "latency": 42}, {"date": "2024-03-01-19-00-00", "latency": 42}, {"date": "2024-03-01-19-00-00", "latency": 42}, {"date": "2024-03-01-01-00-00", "latency": 43}]}, {"location": {"country_code": "tr"}, "game_id": "135305", "values": [{"date": "2024-03-01-17-00-00", "latency": 39}, {"date": "2024-03-01-17-00-00", "latency": 39}, {"date": "2024-03-01-17-00-00", "latency": 39}, {"date": "2024-03-01-17-00-00", "latency": 39}, {"date": "2024-03-01-17-00-00", "latency": 39}, {"date": "2024-03-01-17-00-00", "latency": 39}, {"date": "2024-03-01-17-00-00", "latency": 39}, {"date": "2024-03-01-17-00-00", "latency": 39}, {"date": "2024-03-01-17-00-00", "latency": 39}, {"date": "2024-03-01-17-00-00", "latency": 39}, {"date": "2024-03-01-17-00-00", "latency": 39}, {"date": "2024-03-01-17-00-00", "latency": 39}, {"date": "2024-03-01-17-00-00", "latency": 39}, {"date": "2024-03-01-16-00-00", "latency": 66}, {"date": "2024-03-01-16-00-00", "latency": 66}, {"date": "2024-03-01-16-00-00", "latency": 66}, {"date": "2024-03-01-16-00-00", "latency": 66}, {"date": "2024-03-01-16-00-00", "latency": 66}, {"date": "2024-03-01-16-00-00", "latency": 66}, {"date": "2024-03-01-16-00-00", "latency": 66}, {"date": "2024-03-01-16-00-00", "latency": 66}, {"date": "2024-03-01-16-00-00", "latency": 66}, {"date": "2024-03-01-16-00-00", "latency": 66}, {"date": "2024-03-01-16-00-00", "latency": 66}]}, {"location": {"country_code": "de", "region": "Hesse"}, "game_id": "135305", "values": [{"date": "2024-03-01-20-00-00", "latency": 13}, {"date": "2024-03-01-20-00-00", "latency": 13}, {"date": "2024-03-01-20-00-00", "latency": 13}]}, {"location": {"country_code": "sa"}, "game_id": "135305", "values": [{"date": "2024-03-01-21-00-00", "latency": 152}]}, {"location": {"country_code": "ar"}, "game_id": "135305", "values": [{"date": "2024-03-01-15-00-00", "latency": 164}, {"date": "2024-03-01-15-00-00", "latency": 164}, {"date": "2024-03-01-15-00-00", "latency": 164}, {"date": "2024-03-01-15-00-00", "latency": 164}, {"date": "2024-03-01-15-00-00", "latency": 164}, {"date": "2024-03-01-08-00-00", "latency": 133}]}, {"location": {"country_code": "us", "region": "Texas", "city": "Houston"}, "game_id": "135305", "values": [{"date": "2024-03-01-10-00-00", "latency": 33}, {"date": "2024-03-01-10-00-00", "latency": 33}]}, {"location": {"country_code": "at", "region": "Vienna"}, "game_id": "135305", "values": [{"date": "2024-03-01-17-00-00", "latency": 27}, {"date": "2024-03-01-17-00-00", "latency": 27}]}, {"location": {"country_code": "us", "region": "Illinois", "city": "Chicago"}, "game_id": "135305", "values": [{"date": "2024-03-02-01-00-00", "latency": 113}, {"date": "2024-03-02-01-00-00", "latency": 113}, {"date": "2024-03-02-01-00-00", "latency": 113}]}, {"location": {"country_code": "hu"}, "game_id": "135305", "values": [{"date": "2024-03-01-22-00-00", "latency": 35}, {"date": "2024-03-01-22-00-00", "latency": 35}, {"date": "2024-03-01-22-00-00", "latency": 35}, {"date": "2024-03-01-22-00-00", "latency": 35}, {"date": "2024-03-01-22-00-00", "latency": 35}]}, {"location": {"country_code": "co"}, "game_id": "135305", "values": [{"date": "2024-03-02-01-00-00", "latency": 64}, {"date": "2024-03-02-01-00-00", "latency": 64}, {"date": "2024-03-02-01-00-00", "latency": 64}, {"date": "2024-03-02-01-00-00", "latency": 64}, {"date": "2024-03-02-01-00-00", "latency": 64}, {"date": "2024-03-02-01-00-00", "latency": 64}, {"date": "2024-03-02-01-00-00", "latency": 64}, {"date": "2024-03-02-01-00-00", "latency": 64}, {"date": "2024-03-02-01-00-00", "latency": 64}, {"date": "2024-03-02-01-00-00", "latency": 64}]}, {"location": {"country_code": "at"}, "game_id": "135305", "values": [{"date": "2024-03-01-16-00-00", "latency": 38}, {"date": "2024-03-01-16-00-00", "latency": 38}]}, {"location": {"country_code": "mx", "region": "Veracruz"}, "game_id": "135305", "values": [{"date": "2024-03-01-09-00-00", "latency": 85}, {"date": "2024-03-01-09-00-00", "latency": 85}, {"date": "2024-03-01-09-00-00", "latency": 85}, {"date": "2024-03-01-09-00-00", "latency": 85}, {"date": "2024-03-01-09-00-00", "latency": 85}, {"date": "2024-03-01-09-00-00", "latency": 85}]}, {"location": {"country_code": "cn"}, "game_id": "135305", "values": [{"date": "2024-03-01-06-00-00", "latency": 89}]}, {"location": {"country_code": "es", "region": "Catalonia", "city": "l'Hospitalet de Llobregat"}, "game_id": "135305", "values": [{"date": "2024-03-01-20-00-00", "latency": 110}, {"date": "2024-03-01-20-00-00", "latency": 110}, {"date": "2024-03-01-20-00-00", "latency": 110}, {"date": "2024-03-01-20-00-00", "latency": 110}, {"date": "2024-03-01-20-00-00", "latency": 110}, {"date": "2024-03-01-20-00-00", "latency": 110}, {"date": "2024-03-01-20-00-00", "latency": 110}, {"date": "2024-03-01-20-00-00", "latency": 110}, {"date": "2024-03-01-20-00-00", "latency": 110}, {"date": "2024-03-01-20-00-00", "latency": 110}]}, {"location": {"country_code": "pl"}, "game_id": "135305", "values": [{"date": "2024-03-01-21-00-00", "latency": 29}, {"date": "2024-03-01-21-00-00", "latency": 29}, {"date": "2024-03-01-21-00-00", "latency": 29}, {"date": "2024-03-01-21-00-00", "latency": 29}, {"date": "2024-03-01-21-00-00", "latency": 29}, {"date": "2024-03-01-22-00-00", "latency": 26}, {"date": "2024-03-01-22-00-00", "latency": 26}, {"date": "2024-03-01-22-00-00", "latency": 26}, {"date": "2024-03-01-22-00-00", "latency": 26}]}, {"location": {"country_code": "be"}, "game_id": "135305", "values": [{"date": "2024-03-02-00-00-00", "latency": 58}, {"date": "2024-03-02-00-00-00", "latency": 58}, {"date": "2024-03-02-00-00-00", "latency": 58}, {"date": "2024-03-02-00-00-00", "latency": 58}, {"date": "2024-03-02-00-00-00", "latency": 58}, {"date": "2024-03-02-00-00-00", "latency": 58}, {"date": "2024-03-02-00-00-00", "latency": 58}, {"date": "2024-03-02-00-00-00", "latency": 58}, {"date": "2024-03-02-00-00-00", "latency": 58}, {"date": "2024-03-02-00-00-00", "latency": 58}, {"date": "2024-03-02-00-00-00", "latency": 58}]}, {"location": {"country_code": "us", "region": "North Carolina"}, "game_id": "135305", "values": [{"date": "2024-03-01-19-00-00", "latency": 32}, {"date": "2024-03-01-19-00-00", "latency": 32}, {"date": "2024-03-01-19-00-00", "latency": 32}, {"date": "2024-03-01-19-00-00", "latency": 32}, {"date": "2024-03-01-19-00-00", "latency": 32}, {"date": "2024-03-01-19-00-00", "latency": 32}]}, {"location": {"country_code": "cr"}, "game_id": "135305", "values": [{"date": "2024-03-01-19-00-00", "latency": 76}, {"date": "2024-03-01-19-00-00", "latency": 76}, {"date": "2024-03-01-19-00-00", "latency": 76}, {"date": "2024-03-01-19-00-00", "latency": 76}]}, {"location": {"country_code": "pe"}, "game_id": "135305", "values": [{"date": "2024-03-01-03-00-00", "latency": 105}, {"date": "2024-03-01-03-00-00", "latency": 105}, {"date": "2024-03-01-03-00-00", "latency": 105}, {"date": "2024-03-02-01-00-00", "latency": 96}, {"date": "2024-03-02-01-00-00", "latency": 96}, {"date": "2024-03-02-01-00-00", "latency": 96}, {"date": "2024-03-02-01-00-00", "latency": 96}, {"date": "2024-03-02-01-00-00", "latency": 96}, {"date": "2024-03-01-05-00-00", "latency": 94}, {"date": "2024-03-01-21-00-00", "latency": 93}, {"date": "2024-03-01-21-00-00", "latency": 93}, {"date": "2024-03-01-21-00-00", "latency": 93}, {"date": "2024-03-01-21-00-00", "latency": 93}, {"date": "2024-03-01-21-00-00", "latency": 93}, {"date": "2024-03-01-21-00-00", "latency": 93}, {"date": "2024-03-01-21-00-00", "latency": 93}, {"date": "2024-03-01-21-00-00", "latency": 93}, {"date": "2024-03-01-21-00-00", "latency": 93}]}, {"location": {"country_code": "kr", "region": "Seoul"}, "game_id": "135305", "values": [{"date": "2024-03-01-06-00-00", "latency": 39}, {"date": "2024-03-01-06-00-00", "latency": 39}, {"date": "2024-03-01-06-00-00", "latency": 39}, {"date": "2024-03-01-06-00-00", "latency": 39}]}, {"location": {"country_code": "sg"}, "game_id": "135305", "values": [{"date": "2024-03-01-09-00-00", "latency": 92}, {"date": "2024-03-01-09-00-00", "latency": 92}, {"date": "2024-03-01-09-00-00", "latency": 92}, {"date": "2024-03-01-09-00-00", "latency": 92}]}, {"location": {"country_code": "my"}, "game_id": "135305", "values": [{"date": "2024-03-01-08-00-00", "latency": 100}, {"date": "2024-03-01-08-00-00", "latency": 100}, {"date": "2024-03-01-08-00-00", "latency": 100}, {"date": "2024-03-01-08-00-00", "latency": 100}, {"date": "2024-03-01-08-00-00", "latency": 100}, {"date": "2024-03-02-00-00-00", "latency": 95}, {"date": "2024-03-02-00-00-00", "latency": 95}, {"date": "2024-03-02-00-00-00", "latency": 95}, {"date": "2024-03-01-20-00-00", "latency": 122}]}, {"location": {"country_code": "us", "region": "Hawaii", "city": "Kapolei"}, "game_id": "135305", "values": [{"date": "2024-03-01-11-00-00", "latency": 129}, {"date": "2024-03-01-11-00-00", "latency": 129}]}, {"location": {"country_code": "id"}, "game_id": "135305", "values": [{"date": "2024-03-01-10-00-00", "latency": 100}, {"date": "2024-03-01-10-00-00", "latency": 100}, {"date": "2024-03-01-15-00-00", "latency": 112}, {"date": "2024-03-01-17-00-00", "latency": 98}, {"date": "2024-03-01-17-00-00", "latency": 98}, {"date": "2024-03-01-17-00-00", "latency": 98}, {"date": "2024-03-01-17-00-00", "latency": 98}, {"date": "2024-03-01-17-00-00", "latency": 98}, {"date": "2024-03-01-17-00-00", "latency": 98}, {"date": "2024-03-01-17-00-00", "latency": 98}, {"date": "2024-03-01-17-00-00", "latency": 98}, {"date": "2024-03-01-17-00-00", "latency": 98}, {"date": "2024-03-01-17-00-00", "latency": 98}, {"date": "2024-03-01-17-00-00", "latency": 98}, {"date": "2024-03-01-17-00-00", "latency": 98}, {"date": "2024-03-01-17-00-00", "latency": 98}, {"date": "2024-03-01-17-00-00", "latency": 98}, {"date": "2024-03-01-08-00-00", "latency": 96}, {"date": "2024-03-01-08-00-00", "latency": 96}]}, {"location": {"country_code": "us", "region": "Illinois"}, "game_id": "135305", "values": [{"date": "2024-03-02-01-00-00", "latency": 23}, {"date": "2024-03-01-02-00-00", "latency": 39}]}, {"location": {"country_code": "us", "region": "Pennsylvania"}, "game_id": "135305", "values": [{"date": "2024-03-02-01-00-00", "latency": 32}]}, {"location": {"country_code": "jp", "region": "Kyoto", "city": "Kyoto"}, "game_id": "135305", "values": [{"date": "2024-03-01-18-00-00", "latency": 21}, {"date": "2024-03-01-18-00-00", "latency": 21}, {"date": "2024-03-01-18-00-00", "latency": 21}, {"date": "2024-03-01-18-00-00", "latency": 21}, {"date": "2024-03-01-18-00-00", "latency": 21}]}, {"location": {"country_code": "au", "region": "Queensland", "city": "Brisbane"}, "game_id": "135305", "values": [{"date": "2024-03-01-14-00-00", "latency": 118}, {"date": "2024-03-01-14-00-00", "latency": 118}, {"date": "2024-03-01-14-00-00", "latency": 118}, {"date": "2024-03-01-14-00-00", "latency": 118}, {"date": "2024-03-01-14-00-00", "latency": 118}, {"date": "2024-03-01-14-00-00", "latency": 118}, {"date": "2024-03-01-14-00-00", "latency": 118}, {"date": "2024-03-01-14-00-00", "latency": 118}, {"date": "2024-03-01-14-00-00", "latency": 118}, {"date": "2024-03-01-14-00-00", "latency": 118}, {"date": "2024-03-01-14-00-00", "latency": 118}, {"date": "2024-03-01-14-00-00", "latency": 118}, {"date": "2024-03-01-14-00-00", "latency": 118}, {"date": "2024-03-01-14-00-00", "latency": 118}]}, {"location": {"country_code": "th", "region": "Bangkok", "city": "Bangkok"}, "game_id": "135305", "values": [{"date": "2024-03-01-14-00-00", "latency": 121}, {"date": "2024-03-01-14-00-00", "latency": 121}, {"date": "2024-03-01-14-00-00", "latency": 121}, {"date": "2024-03-01-14-00-00", "latency": 121}, {"date": "2024-03-01-14-00-00", "latency": 121}, {"date": "2024-03-01-14-00-00", "latency": 121}, {"date": "2024-03-01-14-00-00", "latency": 121}, {"date": "2024-03-01-14-00-00", "latency": 121}]}, {"location": {"country_code": "bd"}, "game_id": "135305", "values": [{"date": "2024-03-01-17-00-00", "latency": 159}]}, {"location": {"country_code": "us", "region": "New York", "city": "Buffalo"}, "game_id": "135305", "values": [{"date": "2024-03-01-21-00-00", "latency": 38}, {"date": "2024-03-01-21-00-00", "latency": 38}, {"date": "2024-03-01-21-00-00", "latency": 38}, {"date": "2024-03-01-21-00-00", "latency": 38}, {"date": "2024-03-01-21-00-00", "latency": 38}, {"date": "2024-03-01-21-00-00", "latency": 38}]}, {"location": {"country_code": "ar", "region": "Neuquen Province"}, "game_id": "135305", "values": [{"date": "2024-03-01-01-00-00", "latency": 163}, {"date": "2024-03-01-01-00-00", "latency": 163}]}, {"location": {"country_code": "br", "region": "Parana", "city": "Umuarama"}, "game_id": "135305", "values": [{"date": "2024-03-01-20-00-00", "latency": 142}, {"date": "2024-03-01-20-00-00", "latency": 142}, {"date": "2024-03-01-20-00-00", "latency": 142}, {"date": "2024-03-01-20-00-00", "latency": 142}, {"date": "2024-03-01-20-00-00", "latency": 142}, {"date": "2024-03-01-20-00-00", "latency": 142}, {"date": "2024-03-01-20-00-00", "latency": 142}, {"date": "2024-03-01-20-00-00", "latency": 142}, {"date": "2024-03-01-20-00-00", "latency": 142}]}, {"location": {"country_code": "us", "region": "New York"}, "game_id": "135305", "values": [{"date": "2024-03-01-05-00-00", "latency": 23}, {"date": "2024-03-01-05-00-00", "latency": 23}, {"date": "2024-03-01-05-00-00", "latency": 23}, {"date": "2024-03-01-05-00-00", "latency": 23}, {"date": "2024-03-01-05-00-00", "latency": 23}, {"date": "2024-03-01-05-00-00", "latency": 23}, {"date": "2024-03-01-05-00-00", "latency": 23}, {"date": "2024-03-01-05-00-00", "latency": 23}, {"date": "2024-03-01-05-00-00", "latency": 23}]}, {"location": {"country_code": "ve", "region": "Miranda"}, "game_id": "135305", "values": [{"date": "2024-03-02-01-00-00", "latency": 60}, {"date": "2024-03-02-01-00-00", "latency": 60}, {"date": "2024-03-02-01-00-00", "latency": 60}, {"date": "2024-03-02-01-00-00", "latency": 60}]}, {"location": {"country_code": "ni"}, "game_id": "135305", "values": [{"date": "2024-03-01-18-00-00", "latency": 95}, {"date": "2024-03-01-18-00-00", "latency": 95}]}, {"location": {"country_code": "mx", "region": "Morelos", "city": "Cuernavaca"}, "game_id": "135305", "values": [{"date": "2024-03-02-01-00-00", "latency": 60}, {"date": "2024-03-02-01-00-00", "latency": 60}, {"date": "2024-03-02-01-00-00", "latency": 60}]}, {"location": {"country_code": "us", "region": "Texas", "city": "Waxahachie"}, "game_id": "135305", "values": [{"date": "2024-03-01-19-00-00", "latency": 58}, {"date": "2024-03-01-19-00-00", "latency": 58}, {"date": "2024-03-01-19-00-00", "latency": 58}, {"date": "2024-03-01-19-00-00", "latency": 58}]}], "last_updated": 1719924482.545064}