{"data": [{"location": {"country_code": "us"}, "game_id": "118849", "values": [{"date": "2022-09-25-11-00-00", "latency": 190}, {"date": "2022-09-25-17-00-00", "latency": 105}, {"date": "2022-09-25-17-00-00", "latency": 105}]}, {"location": {"country_code": "us", "region": "New York", "city": "Jamestown"}, "game_id": "118849", "values": [{"date": "2022-09-25-23-00-00", "latency": 59}]}, {"location": {"country_code": "gr"}, "game_id": "118849", "values": [{"date": "2022-09-25-02-00-00", "latency": 134}, {"date": "2022-09-25-02-00-00", "latency": 134}]}, {"location": {"country_code": "ca"}, "game_id": "118849", "values": [{"date": "2022-09-25-09-00-00", "latency": 52}]}, {"location": {"country_code": "de"}, "game_id": "118849", "values": [{"date": "2022-09-25-20-00-00", "latency": 184}, {"date": "2022-09-25-20-00-00", "latency": 184}, {"date": "2022-09-25-20-00-00", "latency": 184}, {"date": "2022-09-25-20-00-00", "latency": 184}, {"date": "2022-09-25-20-00-00", "latency": 184}]}, {"location": {"country_code": "tw"}, "game_id": "118849", "values": [{"date": "2022-09-25-10-00-00", "latency": 490}]}, {"location": {"country_code": "cl"}, "game_id": "118849", "values": [{"date": "2022-09-25-04-00-00", "latency": 31}, {"date": "2022-09-25-04-00-00", "latency": 31}]}, {"location": {"country_code": "us", "region": "Florida"}, "game_id": "118849", "values": [{"date": "2022-09-25-23-00-00", "latency": 88}, {"date": "2022-09-25-05-00-00", "latency": 109}, {"date": "2022-09-25-05-00-00", "latency": 109}, {"date": "2022-09-25-05-00-00", "latency": 109}]}, {"location": {"country_code": "br"}, "game_id": "118849", "values": [{"date": "2022-09-26-02-00-00", "latency": 132}]}, {"location": {"country_code": "au"}, "game_id": "118849", "values": [{"date": "2022-09-25-08-00-00", "latency": 108}, {"date": "2022-09-25-15-00-00", "latency": 49}, {"date": "2022-09-25-15-00-00", "latency": 49}, {"date": "2022-09-25-15-00-00", "latency": 49}, {"date": "2022-09-25-15-00-00", "latency": 49}, {"date": "2022-09-25-15-00-00", "latency": 49}, {"date": "2022-09-25-15-00-00", "latency": 49}, {"date": "2022-09-25-15-00-00", "latency": 49}, {"date": "2022-09-25-15-00-00", "latency": 49}]}, {"location": {"country_code": "kr"}, "game_id": "118849", "values": [{"date": "2022-09-25-13-00-00", "latency": 131}]}, {"location": {"country_code": "ar"}, "game_id": "118849", "values": [{"date": "2022-09-25-20-00-00", "latency": 108}]}, {"location": {"country_code": "us", "region": "Texas", "city": "Houston"}, "game_id": "118849", "values": [{"date": "2022-09-25-12-00-00", "latency": 252}, {"date": "2022-09-25-12-00-00", "latency": 252}, {"date": "2022-09-25-12-00-00", "latency": 252}, {"date": "2022-09-25-12-00-00", "latency": 252}, {"date": "2022-09-25-12-00-00", "latency": 252}, {"date": "2022-09-25-12-00-00", "latency": 252}, {"date": "2022-09-25-12-00-00", "latency": 252}]}, {"location": {"country_code": "pl"}, "game_id": "118849", "values": [{"date": "2022-09-25-18-00-00", "latency": 113}, {"date": "2022-09-25-18-00-00", "latency": 113}, {"date": "2022-09-25-18-00-00", "latency": 113}, {"date": "2022-09-25-18-00-00", "latency": 113}, {"date": "2022-09-25-22-00-00", "latency": 79}]}, {"location": {"country_code": "be"}, "game_id": "118849", "values": [{"date": "2022-09-25-23-00-00", "latency": 142}, {"date": "2022-09-25-23-00-00", "latency": 142}]}, {"location": {"country_code": "pe"}, "game_id": "118849", "values": [{"date": "2022-09-25-11-00-00", "latency": 124}, {"date": "2022-09-25-11-00-00", "latency": 124}, {"date": "2022-09-25-11-00-00", "latency": 124}, {"date": "2022-09-25-11-00-00", "latency": 124}, {"date": "2022-09-25-11-00-00", "latency": 124}, {"date": "2022-09-25-11-00-00", "latency": 124}, {"date": "2022-09-25-11-00-00", "latency": 124}, {"date": "2022-09-25-11-00-00", "latency": 124}]}, {"location": {"country_code": "sg"}, "game_id": "118849", "values": [{"date": "2022-09-26-02-00-00", "latency": 330}, {"date": "2022-09-26-02-00-00", "latency": 330}, {"date": "2022-09-26-02-00-00", "latency": 330}, {"date": "2022-09-26-02-00-00", "latency": 330}, {"date": "2022-09-26-02-00-00", "latency": 330}, {"date": "2022-09-26-02-00-00", "latency": 330}, {"date": "2022-09-26-02-00-00", "latency": 330}, {"date": "2022-09-26-02-00-00", "latency": 330}, {"date": "2022-09-26-02-00-00", "latency": 330}, {"date": "2022-09-26-02-00-00", "latency": 330}, {"date": "2022-09-26-02-00-00", "latency": 330}, {"date": "2022-09-26-02-00-00", "latency": 330}, {"date": "2022-09-26-02-00-00", "latency": 330}, {"date": "2022-09-26-02-00-00", "latency": 330}, {"date": "2022-09-26-02-00-00", "latency": 330}, {"date": "2022-09-26-02-00-00", "latency": 330}, {"date": "2022-09-26-02-00-00", "latency": 330}, {"date": "2022-09-26-02-00-00", "latency": 330}, {"date": "2022-09-26-02-00-00", "latency": 330}, {"date": "2022-09-26-02-00-00", "latency": 330}, {"date": "2022-09-26-02-00-00", "latency": 330}, {"date": "2022-09-26-02-00-00", "latency": 330}, {"date": "2022-09-26-02-00-00", "latency": 330}, {"date": "2022-09-26-02-00-00", "latency": 330}, {"date": "2022-09-26-02-00-00", "latency": 330}, {"date": "2022-09-26-02-00-00", "latency": 330}, {"date": "2022-09-26-02-00-00", "latency": 330}, {"date": "2022-09-26-02-00-00", "latency": 330}, {"date": "2022-09-26-02-00-00", "latency": 330}, {"date": "2022-09-26-02-00-00", "latency": 330}, {"date": "2022-09-26-02-00-00", "latency": 330}, {"date": "2022-09-26-02-00-00", "latency": 330}, {"date": "2022-09-26-02-00-00", "latency": 330}, {"date": "2022-09-26-02-00-00", "latency": 330}, {"date": "2022-09-26-02-00-00", "latency": 330}, {"date": "2022-09-26-02-00-00", "latency": 330}, {"date": "2022-09-26-02-00-00", "latency": 330}, {"date": "2022-09-26-02-00-00", "latency": 330}, {"date": "2022-09-26-02-00-00", "latency": 330}, {"date": "2022-09-26-02-00-00", "latency": 330}, {"date": "2022-09-26-02-00-00", "latency": 330}, {"date": "2022-09-26-02-00-00", "latency": 330}, {"date": "2022-09-26-02-00-00", "latency": 330}, {"date": "2022-09-26-02-00-00", "latency": 330}, {"date": "2022-09-26-02-00-00", "latency": 330}, {"date": "2022-09-26-02-00-00", "latency": 330}, {"date": "2022-09-26-02-00-00", "latency": 330}, {"date": "2022-09-26-02-00-00", "latency": 330}, {"date": "2022-09-26-02-00-00", "latency": 330}, {"date": "2022-09-26-02-00-00", "latency": 330}, {"date": "2022-09-26-02-00-00", "latency": 330}, {"date": "2022-09-26-02-00-00", "latency": 330}, {"date": "2022-09-26-02-00-00", "latency": 330}, {"date": "2022-09-26-02-00-00", "latency": 330}, {"date": "2022-09-26-02-00-00", "latency": 330}, {"date": "2022-09-26-02-00-00", "latency": 330}]}, {"location": {"country_code": "au", "region": "Queensland"}, "game_id": "118849", "values": [{"date": "2022-09-25-13-00-00", "latency": 58}, {"date": "2022-09-25-13-00-00", "latency": 58}, {"date": "2022-09-25-13-00-00", "latency": 58}, {"date": "2022-09-25-13-00-00", "latency": 58}, {"date": "2022-09-25-13-00-00", "latency": 58}]}, {"location": {"country_code": "pt"}, "game_id": "118849", "values": [{"date": "2022-09-26-00-00-00", "latency": 103}]}, {"location": {"country_code": "gt"}, "game_id": "118849", "values": [{"date": "2022-09-26-02-00-00", "latency": 71}]}, {"location": {"country_code": "au", "region": "Victoria"}, "game_id": "118849", "values": [{"date": "2022-09-25-05-00-00", "latency": 218}, {"date": "2022-09-25-05-00-00", "latency": 218}, {"date": "2022-09-25-05-00-00", "latency": 218}, {"date": "2022-09-25-05-00-00", "latency": 218}]}, {"location": {"country_code": "br", "region": "Sao Paulo", "city": "Guaruja"}, "game_id": "118849", "values": [{"date": "2022-09-25-05-00-00", "latency": 20}]}], "last_updated": 1719927579.87004}