{"data": [{"location": {"country_code": "us"}, "game_id": "614266", "values": [{"date": "2023-10-28-02-00-00", "latency": 111}, {"date": "2023-10-28-02-00-00", "latency": 111}, {"date": "2023-10-28-02-00-00", "latency": 111}, {"date": "2023-10-28-02-00-00", "latency": 111}, {"date": "2023-10-28-02-00-00", "latency": 111}, {"date": "2023-10-28-02-00-00", "latency": 111}, {"date": "2023-10-28-02-00-00", "latency": 111}, {"date": "2023-10-28-02-00-00", "latency": 111}, {"date": "2023-10-28-02-00-00", "latency": 111}, {"date": "2023-10-28-02-00-00", "latency": 111}, {"date": "2023-10-28-02-00-00", "latency": 111}, {"date": "2023-10-28-02-00-00", "latency": 111}, {"date": "2023-10-28-02-00-00", "latency": 111}, {"date": "2023-10-28-02-00-00", "latency": 111}, {"date": "2023-10-28-02-00-00", "latency": 111}, {"date": "2023-10-28-02-00-00", "latency": 111}, {"date": "2023-10-28-02-00-00", "latency": 111}, {"date": "2023-10-28-02-00-00", "latency": 111}, {"date": "2023-10-28-02-00-00", "latency": 111}, {"date": "2023-10-28-02-00-00", "latency": 111}, {"date": "2023-10-28-02-00-00", "latency": 111}, {"date": "2023-10-28-02-00-00", "latency": 111}, {"date": "2023-10-28-02-00-00", "latency": 111}, {"date": "2023-10-28-02-00-00", "latency": 111}, {"date": "2023-10-27-05-00-00", "latency": 35}, {"date": "2023-10-27-05-00-00", "latency": 35}, {"date": "2023-10-27-05-00-00", "latency": 35}, {"date": "2023-10-27-05-00-00", "latency": 35}, {"date": "2023-10-27-05-00-00", "latency": 35}, {"date": "2023-10-27-05-00-00", "latency": 35}, {"date": "2023-10-27-05-00-00", "latency": 35}, {"date": "2023-10-27-05-00-00", "latency": 35}, {"date": "2023-10-27-05-00-00", "latency": 35}, {"date": "2023-10-27-05-00-00", "latency": 35}, {"date": "2023-10-27-05-00-00", "latency": 35}, {"date": "2023-10-27-05-00-00", "latency": 35}, {"date": "2023-10-27-05-00-00", "latency": 35}, {"date": "2023-10-27-05-00-00", "latency": 35}, {"date": "2023-10-27-05-00-00", "latency": 35}]}, {"location": {"country_code": "us", "region": "New York", "city": "Jamestown"}, "game_id": "614266", "values": [{"date": "2023-10-27-03-00-00", "latency": 34}, {"date": "2023-10-27-03-00-00", "latency": 34}, {"date": "2023-10-27-03-00-00", "latency": 34}, {"date": "2023-10-27-03-00-00", "latency": 34}, {"date": "2023-10-27-03-00-00", "latency": 34}, {"date": "2023-10-27-03-00-00", "latency": 34}, {"date": "2023-10-27-03-00-00", "latency": 34}]}, {"location": {"country_code": "cz"}, "game_id": "614266", "values": [{"date": "2023-10-27-23-00-00", "latency": 99}, {"date": "2023-10-27-23-00-00", "latency": 99}, {"date": "2023-10-27-23-00-00", "latency": 99}, {"date": "2023-10-27-23-00-00", "latency": 99}, {"date": "2023-10-27-23-00-00", "latency": 99}, {"date": "2023-10-27-23-00-00", "latency": 99}, {"date": "2023-10-27-23-00-00", "latency": 99}, {"date": "2023-10-27-23-00-00", "latency": 99}, {"date": "2023-10-27-23-00-00", "latency": 99}, {"date": "2023-10-27-23-00-00", "latency": 99}, {"date": "2023-10-27-23-00-00", "latency": 99}, {"date": "2023-10-27-23-00-00", "latency": 99}, {"date": "2023-10-27-23-00-00", "latency": 99}, {"date": "2023-10-27-23-00-00", "latency": 99}, {"date": "2023-10-27-23-00-00", "latency": 99}, {"date": "2023-10-27-23-00-00", "latency": 99}]}, {"location": {"country_code": "it"}, "game_id": "614266", "values": [{"date": "2023-10-28-00-00-00", "latency": 47}, {"date": "2023-10-28-00-00-00", "latency": 47}, {"date": "2023-10-28-00-00-00", "latency": 47}, {"date": "2023-10-28-00-00-00", "latency": 47}, {"date": "2023-10-28-00-00-00", "latency": 47}, {"date": "2023-10-28-00-00-00", "latency": 47}, {"date": "2023-10-28-00-00-00", "latency": 47}, {"date": "2023-10-28-00-00-00", "latency": 47}]}, {"location": {"country_code": "ca"}, "game_id": "614266", "values": [{"date": "2023-10-27-03-00-00", "latency": 27}, {"date": "2023-10-27-03-00-00", "latency": 27}, {"date": "2023-10-27-03-00-00", "latency": 27}, {"date": "2023-10-27-03-00-00", "latency": 27}, {"date": "2023-10-27-03-00-00", "latency": 27}, {"date": "2023-10-27-03-00-00", "latency": 27}, {"date": "2023-10-27-03-00-00", "latency": 27}, {"date": "2023-10-27-03-00-00", "latency": 27}, {"date": "2023-10-27-03-00-00", "latency": 27}, {"date": "2023-10-27-03-00-00", "latency": 27}, {"date": "2023-10-27-03-00-00", "latency": 27}, {"date": "2023-10-27-03-00-00", "latency": 27}, {"date": "2023-10-27-03-00-00", "latency": 27}, {"date": "2023-10-27-03-00-00", "latency": 27}, {"date": "2023-10-27-03-00-00", "latency": 27}, {"date": "2023-10-27-03-00-00", "latency": 27}, {"date": "2023-10-27-03-00-00", "latency": 27}, {"date": "2023-10-27-03-00-00", "latency": 27}, {"date": "2023-10-27-03-00-00", "latency": 27}, {"date": "2023-10-27-03-00-00", "latency": 27}, {"date": "2023-10-27-03-00-00", "latency": 27}, {"date": "2023-10-27-03-00-00", "latency": 27}, {"date": "2023-10-27-03-00-00", "latency": 27}]}, {"location": {"country_code": "gb", "region": "England"}, "game_id": "614266", "values": [{"date": "2023-10-28-02-00-00", "latency": 88}, {"date": "2023-10-28-02-00-00", "latency": 88}, {"date": "2023-10-28-02-00-00", "latency": 88}, {"date": "2023-10-28-02-00-00", "latency": 88}, {"date": "2023-10-28-02-00-00", "latency": 88}, {"date": "2023-10-28-02-00-00", "latency": 88}, {"date": "2023-10-28-02-00-00", "latency": 88}, {"date": "2023-10-28-02-00-00", "latency": 88}]}, {"location": {"country_code": "mx"}, "game_id": "614266", "values": [{"date": "2023-10-27-12-00-00", "latency": 39}, {"date": "2023-10-27-12-00-00", "latency": 39}, {"date": "2023-10-27-12-00-00", "latency": 39}, {"date": "2023-10-27-12-00-00", "latency": 39}, {"date": "2023-10-27-12-00-00", "latency": 39}, {"date": "2023-10-27-12-00-00", "latency": 39}, {"date": "2023-10-27-12-00-00", "latency": 39}, {"date": "2023-10-27-12-00-00", "latency": 39}, {"date": "2023-10-27-12-00-00", "latency": 39}, {"date": "2023-10-27-12-00-00", "latency": 39}, {"date": "2023-10-27-12-00-00", "latency": 39}, {"date": "2023-10-27-12-00-00", "latency": 39}, {"date": "2023-10-27-12-00-00", "latency": 39}, {"date": "2023-10-27-12-00-00", "latency": 39}, {"date": "2023-10-27-12-00-00", "latency": 39}, {"date": "2023-10-27-12-00-00", "latency": 39}, {"date": "2023-10-27-12-00-00", "latency": 39}, {"date": "2023-10-27-12-00-00", "latency": 39}, {"date": "2023-10-27-12-00-00", "latency": 39}, {"date": "2023-10-27-12-00-00", "latency": 39}, {"date": "2023-10-27-12-00-00", "latency": 39}, {"date": "2023-10-27-12-00-00", "latency": 39}, {"date": "2023-10-27-12-00-00", "latency": 39}, {"date": "2023-10-27-12-00-00", "latency": 39}, {"date": "2023-10-27-12-00-00", "latency": 39}, {"date": "2023-10-27-12-00-00", "latency": 39}, {"date": "2023-10-27-12-00-00", "latency": 39}, {"date": "2023-10-27-08-00-00", "latency": 60}, {"date": "2023-10-27-08-00-00", "latency": 60}, {"date": "2023-10-27-08-00-00", "latency": 60}, {"date": "2023-10-27-08-00-00", "latency": 60}, {"date": "2023-10-27-08-00-00", "latency": 60}, {"date": "2023-10-27-08-00-00", "latency": 60}, {"date": "2023-10-27-08-00-00", "latency": 60}, {"date": "2023-10-27-08-00-00", "latency": 60}, {"date": "2023-10-27-08-00-00", "latency": 60}, {"date": "2023-10-27-08-00-00", "latency": 60}, {"date": "2023-10-27-08-00-00", "latency": 60}, {"date": "2023-10-27-08-00-00", "latency": 60}, {"date": "2023-10-27-08-00-00", "latency": 60}, {"date": "2023-10-27-08-00-00", "latency": 60}, {"date": "2023-10-27-13-00-00", "latency": 42}, {"date": "2023-10-27-13-00-00", "latency": 42}, {"date": "2023-10-27-13-00-00", "latency": 42}, {"date": "2023-10-27-13-00-00", "latency": 42}, {"date": "2023-10-27-13-00-00", "latency": 42}, {"date": "2023-10-27-13-00-00", "latency": 42}, {"date": "2023-10-27-13-00-00", "latency": 42}, {"date": "2023-10-27-13-00-00", "latency": 42}]}, {"location": {"country_code": "us", "region": "California", "city": "East Los Angeles"}, "game_id": "614266", "values": [{"date": "2023-10-27-11-00-00", "latency": 40}, {"date": "2023-10-27-11-00-00", "latency": 40}, {"date": "2023-10-27-11-00-00", "latency": 40}, {"date": "2023-10-27-11-00-00", "latency": 40}]}, {"location": {"country_code": "au"}, "game_id": "614266", "values": [{"date": "2023-10-27-17-00-00", "latency": 29}, {"date": "2023-10-27-17-00-00", "latency": 29}, {"date": "2023-10-27-17-00-00", "latency": 29}, {"date": "2023-10-27-17-00-00", "latency": 29}, {"date": "2023-10-27-17-00-00", "latency": 29}]}, {"location": {"country_code": "us", "region": "Missouri"}, "game_id": "614266", "values": [{"date": "2023-10-27-03-00-00", "latency": 22}, {"date": "2023-10-27-03-00-00", "latency": 22}, {"date": "2023-10-27-03-00-00", "latency": 22}, {"date": "2023-10-27-03-00-00", "latency": 22}, {"date": "2023-10-27-03-00-00", "latency": 22}, {"date": "2023-10-27-03-00-00", "latency": 22}, {"date": "2023-10-27-03-00-00", "latency": 22}]}, {"location": {"country_code": "us", "region": "Alaska"}, "game_id": "614266", "values": [{"date": "2023-10-28-02-00-00", "latency": 100}]}, {"location": {"country_code": "us", "region": "Wisconsin"}, "game_id": "614266", "values": [{"date": "2023-10-27-04-00-00", "latency": 35}, {"date": "2023-10-27-04-00-00", "latency": 35}, {"date": "2023-10-27-04-00-00", "latency": 35}, {"date": "2023-10-27-04-00-00", "latency": 35}, {"date": "2023-10-27-04-00-00", "latency": 35}, {"date": "2023-10-27-04-00-00", "latency": 35}, {"date": "2023-10-27-04-00-00", "latency": 35}, {"date": "2023-10-27-04-00-00", "latency": 35}, {"date": "2023-10-27-04-00-00", "latency": 35}, {"date": "2023-10-27-04-00-00", "latency": 35}, {"date": "2023-10-27-04-00-00", "latency": 35}, {"date": "2023-10-27-04-00-00", "latency": 35}, {"date": "2023-10-27-04-00-00", "latency": 35}, {"date": "2023-10-27-04-00-00", "latency": 35}, {"date": "2023-10-27-04-00-00", "latency": 35}, {"date": "2023-10-27-04-00-00", "latency": 35}, {"date": "2023-10-27-04-00-00", "latency": 35}, {"date": "2023-10-27-04-00-00", "latency": 35}, {"date": "2023-10-27-04-00-00", "latency": 35}, {"date": "2023-10-27-04-00-00", "latency": 35}, {"date": "2023-10-27-04-00-00", "latency": 35}, {"date": "2023-10-27-04-00-00", "latency": 35}, {"date": "2023-10-27-04-00-00", "latency": 35}, {"date": "2023-10-27-04-00-00", "latency": 35}, {"date": "2023-10-27-04-00-00", "latency": 35}, {"date": "2023-10-27-04-00-00", "latency": 35}, {"date": "2023-10-27-04-00-00", "latency": 35}, {"date": "2023-10-27-04-00-00", "latency": 35}, {"date": "2023-10-27-04-00-00", "latency": 35}, {"date": "2023-10-27-04-00-00", "latency": 35}, {"date": "2023-10-27-04-00-00", "latency": 35}]}, {"location": {"country_code": "us", "region": "Kentucky"}, "game_id": "614266", "values": [{"date": "2023-10-27-03-00-00", "latency": 24}, {"date": "2023-10-27-03-00-00", "latency": 24}, {"date": "2023-10-27-03-00-00", "latency": 24}, {"date": "2023-10-27-03-00-00", "latency": 24}, {"date": "2023-10-27-03-00-00", "latency": 24}, {"date": "2023-10-27-03-00-00", "latency": 24}, {"date": "2023-10-27-03-00-00", "latency": 24}, {"date": "2023-10-27-03-00-00", "latency": 24}, {"date": "2023-10-27-03-00-00", "latency": 24}, {"date": "2023-10-27-03-00-00", "latency": 24}, {"date": "2023-10-27-03-00-00", "latency": 24}, {"date": "2023-10-27-03-00-00", "latency": 24}, {"date": "2023-10-27-03-00-00", "latency": 24}, {"date": "2023-10-27-03-00-00", "latency": 24}, {"date": "2023-10-27-03-00-00", "latency": 24}, {"date": "2023-10-27-03-00-00", "latency": 24}, {"date": "2023-10-27-03-00-00", "latency": 24}, {"date": "2023-10-27-03-00-00", "latency": 24}, {"date": "2023-10-27-03-00-00", "latency": 24}, {"date": "2023-10-27-03-00-00", "latency": 24}, {"date": "2023-10-27-03-00-00", "latency": 24}, {"date": "2023-10-27-03-00-00", "latency": 24}, {"date": "2023-10-27-03-00-00", "latency": 24}, {"date": "2023-10-27-03-00-00", "latency": 24}, {"date": "2023-10-27-03-00-00", "latency": 24}, {"date": "2023-10-27-03-00-00", "latency": 24}]}, {"location": {"country_code": "us", "region": "West Virginia"}, "game_id": "614266", "values": [{"date": "2023-10-27-05-00-00", "latency": 35}, {"date": "2023-10-27-05-00-00", "latency": 35}, {"date": "2023-10-27-05-00-00", "latency": 35}, {"date": "2023-10-27-05-00-00", "latency": 35}, {"date": "2023-10-27-05-00-00", "latency": 35}, {"date": "2023-10-27-05-00-00", "latency": 35}, {"date": "2023-10-27-05-00-00", "latency": 35}, {"date": "2023-10-27-05-00-00", "latency": 35}, {"date": "2023-10-27-05-00-00", "latency": 35}, {"date": "2023-10-27-05-00-00", "latency": 35}, {"date": "2023-10-27-05-00-00", "latency": 35}, {"date": "2023-10-27-05-00-00", "latency": 35}, {"date": "2023-10-27-05-00-00", "latency": 35}, {"date": "2023-10-27-05-00-00", "latency": 35}, {"date": "2023-10-27-05-00-00", "latency": 35}, {"date": "2023-10-27-05-00-00", "latency": 35}, {"date": "2023-10-27-05-00-00", "latency": 35}, {"date": "2023-10-27-05-00-00", "latency": 35}, {"date": "2023-10-27-05-00-00", "latency": 35}]}, {"location": {"country_code": "us", "region": "Tennessee", "city": "Nashville"}, "game_id": "614266", "values": [{"date": "2023-10-27-02-00-00", "latency": 20}]}, {"location": {"country_code": "bs"}, "game_id": "614266", "values": [{"date": "2023-10-27-18-00-00", "latency": 15}]}, {"location": {"country_code": "mx", "region": "Tabasco"}, "game_id": "614266", "values": [{"date": "2023-10-27-05-00-00", "latency": 53}, {"date": "2023-10-27-05-00-00", "latency": 53}, {"date": "2023-10-27-05-00-00", "latency": 53}, {"date": "2023-10-27-05-00-00", "latency": 53}, {"date": "2023-10-27-05-00-00", "latency": 53}, {"date": "2023-10-27-05-00-00", "latency": 53}]}, {"location": {"country_code": "fr", "region": "Aquitania-Limosino-Poitou-Charentes", "city": "La Rochelle"}, "game_id": "614266", "values": [{"date": "2023-10-27-06-00-00", "latency": 181}, {"date": "2023-10-27-06-00-00", "latency": 181}, {"date": "2023-10-27-06-00-00", "latency": 181}, {"date": "2023-10-27-06-00-00", "latency": 181}]}, {"location": {"country_code": "us", "region": "Alabama", "city": "Tuscaloosa"}, "game_id": "614266", "values": [{"date": "2023-10-27-08-00-00", "latency": 51}, {"date": "2023-10-27-08-00-00", "latency": 51}, {"date": "2023-10-27-08-00-00", "latency": 51}, {"date": "2023-10-27-08-00-00", "latency": 51}, {"date": "2023-10-27-08-00-00", "latency": 51}, {"date": "2023-10-27-08-00-00", "latency": 51}, {"date": "2023-10-27-08-00-00", "latency": 51}, {"date": "2023-10-27-08-00-00", "latency": 51}]}, {"location": {"country_code": "us", "region": "Tennessee", "city": "Chattanooga"}, "game_id": "614266", "values": [{"date": "2023-10-28-02-00-00", "latency": 23}, {"date": "2023-10-28-02-00-00", "latency": 23}, {"date": "2023-10-28-02-00-00", "latency": 23}, {"date": "2023-10-28-02-00-00", "latency": 23}, {"date": "2023-10-28-02-00-00", "latency": 23}, {"date": "2023-10-28-02-00-00", "latency": 23}, {"date": "2023-10-28-02-00-00", "latency": 23}, {"date": "2023-10-28-02-00-00", "latency": 23}, {"date": "2023-10-28-02-00-00", "latency": 23}, {"date": "2023-10-28-02-00-00", "latency": 23}, {"date": "2023-10-28-02-00-00", "latency": 23}, {"date": "2023-10-28-02-00-00", "latency": 23}, {"date": "2023-10-28-02-00-00", "latency": 23}, {"date": "2023-10-28-02-00-00", "latency": 23}]}], "last_updated": 1719926786.736997}