{"data": [{"location": {"country_code": "us"}, "game_id": "614266", "values": [{"date": "2023-10-10-08-00-00", "latency": 70}, {"date": "2023-10-10-08-00-00", "latency": 70}, {"date": "2023-10-10-08-00-00", "latency": 70}]}, {"location": {"country_code": "gb", "region": "England"}, "game_id": "614266", "values": [{"date": "2023-10-10-23-00-00", "latency": 22}, {"date": "2023-10-10-23-00-00", "latency": 22}]}, {"location": {"country_code": "ca"}, "game_id": "614266", "values": [{"date": "2023-10-10-20-00-00", "latency": 66}, {"date": "2023-10-10-20-00-00", "latency": 66}, {"date": "2023-10-10-20-00-00", "latency": 66}, {"date": "2023-10-10-20-00-00", "latency": 66}, {"date": "2023-10-10-20-00-00", "latency": 66}, {"date": "2023-10-10-20-00-00", "latency": 66}, {"date": "2023-10-10-20-00-00", "latency": 66}, {"date": "2023-10-10-20-00-00", "latency": 66}]}, {"location": {"country_code": "fr"}, "game_id": "614266", "values": [{"date": "2023-10-11-00-00-00", "latency": 100}]}, {"location": {"country_code": "us", "region": "New Jersey"}, "game_id": "614266", "values": [{"date": "2023-10-10-02-00-00", "latency": 17}, {"date": "2023-10-10-02-00-00", "latency": 17}]}, {"location": {"country_code": "au"}, "game_id": "614266", "values": [{"date": "2023-10-10-05-00-00", "latency": 234}, {"date": "2023-10-10-05-00-00", "latency": 234}, {"date": "2023-10-10-05-00-00", "latency": 234}, {"date": "2023-10-10-05-00-00", "latency": 234}, {"date": "2023-10-10-05-00-00", "latency": 234}, {"date": "2023-10-10-05-00-00", "latency": 234}, {"date": "2023-10-10-05-00-00", "latency": 234}, {"date": "2023-10-10-05-00-00", "latency": 234}, {"date": "2023-10-10-05-00-00", "latency": 234}, {"date": "2023-10-10-05-00-00", "latency": 234}, {"date": "2023-10-10-05-00-00", "latency": 234}, {"date": "2023-10-10-05-00-00", "latency": 234}, {"date": "2023-10-10-05-00-00", "latency": 234}, {"date": "2023-10-10-05-00-00", "latency": 234}, {"date": "2023-10-10-05-00-00", "latency": 234}, {"date": "2023-10-10-05-00-00", "latency": 234}, {"date": "2023-10-10-05-00-00", "latency": 234}, {"date": "2023-10-10-05-00-00", "latency": 234}, {"date": "2023-10-10-05-00-00", "latency": 234}, {"date": "2023-10-10-05-00-00", "latency": 234}]}, {"location": {"country_code": "us", "region": "Pennsylvania", "city": "Pittsburgh"}, "game_id": "614266", "values": [{"date": "2023-10-10-20-00-00", "latency": 41}, {"date": "2023-10-10-20-00-00", "latency": 41}, {"date": "2023-10-10-20-00-00", "latency": 41}, {"date": "2023-10-10-20-00-00", "latency": 41}]}, {"location": {"country_code": "us", "region": "Colorado"}, "game_id": "614266", "values": [{"date": "2023-10-10-23-00-00", "latency": 128}, {"date": "2023-10-10-23-00-00", "latency": 128}]}, {"location": {"country_code": "us", "region": "North Carolina"}, "game_id": "614266", "values": [{"date": "2023-10-10-03-00-00", "latency": 46}, {"date": "2023-10-10-03-00-00", "latency": 46}, {"date": "2023-10-10-03-00-00", "latency": 46}, {"date": "2023-10-10-03-00-00", "latency": 46}, {"date": "2023-10-10-03-00-00", "latency": 46}, {"date": "2023-10-10-03-00-00", "latency": 46}, {"date": "2023-10-10-03-00-00", "latency": 46}, {"date": "2023-10-10-03-00-00", "latency": 46}, {"date": "2023-10-10-03-00-00", "latency": 46}, {"date": "2023-10-10-03-00-00", "latency": 46}, {"date": "2023-10-10-03-00-00", "latency": 46}, {"date": "2023-10-10-03-00-00", "latency": 46}, {"date": "2023-10-10-03-00-00", "latency": 46}, {"date": "2023-10-10-03-00-00", "latency": 46}, {"date": "2023-10-10-03-00-00", "latency": 46}, {"date": "2023-10-10-03-00-00", "latency": 46}, {"date": "2023-10-10-03-00-00", "latency": 46}, {"date": "2023-10-10-03-00-00", "latency": 46}, {"date": "2023-10-10-03-00-00", "latency": 46}, {"date": "2023-10-10-03-00-00", "latency": 46}, {"date": "2023-10-10-03-00-00", "latency": 46}, {"date": "2023-10-10-03-00-00", "latency": 46}, {"date": "2023-10-10-03-00-00", "latency": 46}, {"date": "2023-10-10-03-00-00", "latency": 46}, {"date": "2023-10-10-03-00-00", "latency": 46}, {"date": "2023-10-10-03-00-00", "latency": 46}, {"date": "2023-10-10-03-00-00", "latency": 46}]}, {"location": {"country_code": "us", "region": "Nebraska"}, "game_id": "614266", "values": [{"date": "2023-10-10-14-00-00", "latency": 115}, {"date": "2023-10-10-14-00-00", "latency": 115}, {"date": "2023-10-10-14-00-00", "latency": 115}, {"date": "2023-10-10-14-00-00", "latency": 115}, {"date": "2023-10-10-14-00-00", "latency": 115}, {"date": "2023-10-10-14-00-00", "latency": 115}]}, {"location": {"country_code": "ca", "region": "Manitoba", "city": "Winnipeg"}, "game_id": "614266", "values": [{"date": "2023-10-10-08-00-00", "latency": 75}, {"date": "2023-10-10-08-00-00", "latency": 75}, {"date": "2023-10-10-08-00-00", "latency": 75}, {"date": "2023-10-10-08-00-00", "latency": 75}, {"date": "2023-10-10-08-00-00", "latency": 75}, {"date": "2023-10-10-08-00-00", "latency": 75}, {"date": "2023-10-10-08-00-00", "latency": 75}]}, {"location": {"country_code": "es", "region": "Catalonia", "city": "Terrassa"}, "game_id": "614266", "values": [{"date": "2023-10-10-20-00-00", "latency": 37}, {"date": "2023-10-10-20-00-00", "latency": 37}, {"date": "2023-10-10-20-00-00", "latency": 37}, {"date": "2023-10-10-20-00-00", "latency": 37}]}], "last_updated": 1719926786.548125}