{"data": [{"location": {"country_code": "us", "region": "Michigan", "city": "Kentwood"}, "game_id": "614266", "values": [{"date": "2023-10-02-05-00-00", "latency": 28}, {"date": "2023-10-02-05-00-00", "latency": 28}, {"date": "2023-10-02-05-00-00", "latency": 28}, {"date": "2023-10-02-05-00-00", "latency": 28}, {"date": "2023-10-02-05-00-00", "latency": 28}, {"date": "2023-10-02-05-00-00", "latency": 28}, {"date": "2023-10-02-05-00-00", "latency": 28}, {"date": "2023-10-02-05-00-00", "latency": 28}, {"date": "2023-10-02-05-00-00", "latency": 28}, {"date": "2023-10-02-05-00-00", "latency": 28}, {"date": "2023-10-02-05-00-00", "latency": 28}, {"date": "2023-10-02-05-00-00", "latency": 28}, {"date": "2023-10-02-05-00-00", "latency": 28}, {"date": "2023-10-02-05-00-00", "latency": 28}, {"date": "2023-10-02-05-00-00", "latency": 28}]}, {"location": {"country_code": "ca"}, "game_id": "614266", "values": [{"date": "2023-10-03-00-00-00", "latency": 80}, {"date": "2023-10-03-00-00-00", "latency": 80}, {"date": "2023-10-03-00-00-00", "latency": 80}, {"date": "2023-10-03-00-00-00", "latency": 80}, {"date": "2023-10-03-00-00-00", "latency": 80}, {"date": "2023-10-03-00-00-00", "latency": 80}, {"date": "2023-10-03-00-00-00", "latency": 80}, {"date": "2023-10-03-00-00-00", "latency": 80}, {"date": "2023-10-02-06-00-00", "latency": 74}, {"date": "2023-10-02-06-00-00", "latency": 74}, {"date": "2023-10-02-06-00-00", "latency": 74}, {"date": "2023-10-02-06-00-00", "latency": 74}, {"date": "2023-10-02-06-00-00", "latency": 74}, {"date": "2023-10-02-06-00-00", "latency": 74}, {"date": "2023-10-02-06-00-00", "latency": 74}, {"date": "2023-10-02-06-00-00", "latency": 74}, {"date": "2023-10-02-06-00-00", "latency": 74}, {"date": "2023-10-02-06-00-00", "latency": 74}, {"date": "2023-10-02-06-00-00", "latency": 74}, {"date": "2023-10-02-06-00-00", "latency": 74}, {"date": "2023-10-02-06-00-00", "latency": 74}, {"date": "2023-10-02-06-00-00", "latency": 74}, {"date": "2023-10-02-06-00-00", "latency": 74}, {"date": "2023-10-02-06-00-00", "latency": 74}, {"date": "2023-10-02-06-00-00", "latency": 74}, {"date": "2023-10-02-06-00-00", "latency": 74}, {"date": "2023-10-02-06-00-00", "latency": 74}, {"date": "2023-10-02-06-00-00", "latency": 74}, {"date": "2023-10-02-06-00-00", "latency": 74}]}, {"location": {"country_code": "us", "region": "Texas"}, "game_id": "614266", "values": [{"date": "2023-10-02-08-00-00", "latency": 15}, {"date": "2023-10-02-08-00-00", "latency": 15}, {"date": "2023-10-02-08-00-00", "latency": 15}, {"date": "2023-10-02-08-00-00", "latency": 15}, {"date": "2023-10-02-08-00-00", "latency": 15}, {"date": "2023-10-02-08-00-00", "latency": 15}]}, {"location": {"country_code": "mx"}, "game_id": "614266", "values": [{"date": "2023-10-02-10-00-00", "latency": 37}, {"date": "2023-10-02-10-00-00", "latency": 37}, {"date": "2023-10-02-10-00-00", "latency": 37}, {"date": "2023-10-02-06-00-00", "latency": 60}, {"date": "2023-10-02-06-00-00", "latency": 60}, {"date": "2023-10-02-06-00-00", "latency": 60}, {"date": "2023-10-02-06-00-00", "latency": 60}, {"date": "2023-10-02-06-00-00", "latency": 60}]}, {"location": {"country_code": "au"}, "game_id": "614266", "values": [{"date": "2023-10-02-10-00-00", "latency": 205}, {"date": "2023-10-02-10-00-00", "latency": 205}, {"date": "2023-10-02-10-00-00", "latency": 205}, {"date": "2023-10-02-10-00-00", "latency": 205}, {"date": "2023-10-02-10-00-00", "latency": 205}, {"date": "2023-10-02-10-00-00", "latency": 205}, {"date": "2023-10-02-10-00-00", "latency": 205}, {"date": "2023-10-02-10-00-00", "latency": 205}, {"date": "2023-10-02-10-00-00", "latency": 205}, {"date": "2023-10-02-10-00-00", "latency": 205}, {"date": "2023-10-02-10-00-00", "latency": 205}, {"date": "2023-10-02-10-00-00", "latency": 205}, {"date": "2023-10-02-10-00-00", "latency": 205}, {"date": "2023-10-02-10-00-00", "latency": 205}, {"date": "2023-10-02-10-00-00", "latency": 205}, {"date": "2023-10-02-10-00-00", "latency": 205}, {"date": "2023-10-02-10-00-00", "latency": 205}, {"date": "2023-10-02-10-00-00", "latency": 205}, {"date": "2023-10-02-10-00-00", "latency": 205}, {"date": "2023-10-02-10-00-00", "latency": 205}]}, {"location": {"country_code": "de", "region": "Free and Hanseatic City of Hamburg", "city": "Hamburg"}, "game_id": "614266", "values": [{"date": "2023-10-02-22-00-00", "latency": 32}, {"date": "2023-10-02-22-00-00", "latency": 32}, {"date": "2023-10-02-22-00-00", "latency": 32}, {"date": "2023-10-02-22-00-00", "latency": 32}, {"date": "2023-10-02-22-00-00", "latency": 32}, {"date": "2023-10-02-22-00-00", "latency": 32}, {"date": "2023-10-02-22-00-00", "latency": 32}, {"date": "2023-10-02-22-00-00", "latency": 32}, {"date": "2023-10-02-22-00-00", "latency": 32}, {"date": "2023-10-02-22-00-00", "latency": 32}, {"date": "2023-10-02-22-00-00", "latency": 32}, {"date": "2023-10-02-22-00-00", "latency": 32}, {"date": "2023-10-02-22-00-00", "latency": 32}, {"date": "2023-10-02-22-00-00", "latency": 32}]}, {"location": {"country_code": "us", "region": "Illinois", "city": "Chicago"}, "game_id": "614266", "values": [{"date": "2023-10-02-06-00-00", "latency": 46}, {"date": "2023-10-02-06-00-00", "latency": 46}, {"date": "2023-10-02-06-00-00", "latency": 46}, {"date": "2023-10-02-06-00-00", "latency": 46}, {"date": "2023-10-02-06-00-00", "latency": 46}, {"date": "2023-10-02-06-00-00", "latency": 46}]}, {"location": {"country_code": "us", "region": "Pennsylvania", "city": "Pittsburgh"}, "game_id": "614266", "values": [{"date": "2023-10-02-05-00-00", "latency": 24}, {"date": "2023-10-02-05-00-00", "latency": 24}, {"date": "2023-10-02-05-00-00", "latency": 24}, {"date": "2023-10-02-05-00-00", "latency": 24}, {"date": "2023-10-02-05-00-00", "latency": 24}, {"date": "2023-10-02-05-00-00", "latency": 24}, {"date": "2023-10-02-05-00-00", "latency": 24}, {"date": "2023-10-02-05-00-00", "latency": 24}, {"date": "2023-10-02-05-00-00", "latency": 24}, {"date": "2023-10-02-05-00-00", "latency": 24}, {"date": "2023-10-02-05-00-00", "latency": 24}, {"date": "2023-10-02-05-00-00", "latency": 24}, {"date": "2023-10-02-05-00-00", "latency": 24}, {"date": "2023-10-02-05-00-00", "latency": 24}, {"date": "2023-10-02-05-00-00", "latency": 24}, {"date": "2023-10-02-05-00-00", "latency": 24}, {"date": "2023-10-02-05-00-00", "latency": 24}, {"date": "2023-10-02-05-00-00", "latency": 24}, {"date": "2023-10-02-05-00-00", "latency": 24}, {"date": "2023-10-02-05-00-00", "latency": 24}, {"date": "2023-10-02-05-00-00", "latency": 24}, {"date": "2023-10-02-05-00-00", "latency": 24}, {"date": "2023-10-02-05-00-00", "latency": 24}, {"date": "2023-10-02-05-00-00", "latency": 24}, {"date": "2023-10-02-05-00-00", "latency": 24}, {"date": "2023-10-02-05-00-00", "latency": 24}, {"date": "2023-10-02-05-00-00", "latency": 24}, {"date": "2023-10-02-05-00-00", "latency": 24}, {"date": "2023-10-02-05-00-00", "latency": 24}, {"date": "2023-10-02-05-00-00", "latency": 24}, {"date": "2023-10-02-05-00-00", "latency": 24}, {"date": "2023-10-02-05-00-00", "latency": 24}, {"date": "2023-10-02-05-00-00", "latency": 24}, {"date": "2023-10-02-05-00-00", "latency": 24}, {"date": "2023-10-02-05-00-00", "latency": 24}, {"date": "2023-10-02-05-00-00", "latency": 24}, {"date": "2023-10-02-05-00-00", "latency": 24}, {"date": "2023-10-02-05-00-00", "latency": 24}, {"date": "2023-10-02-05-00-00", "latency": 24}, {"date": "2023-10-02-05-00-00", "latency": 24}, {"date": "2023-10-02-05-00-00", "latency": 24}, {"date": "2023-10-02-05-00-00", "latency": 24}, {"date": "2023-10-02-05-00-00", "latency": 24}, {"date": "2023-10-02-05-00-00", "latency": 24}, {"date": "2023-10-02-05-00-00", "latency": 24}, {"date": "2023-10-02-05-00-00", "latency": 24}, {"date": "2023-10-02-05-00-00", "latency": 24}, {"date": "2023-10-02-05-00-00", "latency": 24}, {"date": "2023-10-02-05-00-00", "latency": 24}, {"date": "2023-10-02-05-00-00", "latency": 24}, {"date": "2023-10-02-05-00-00", "latency": 24}, {"date": "2023-10-02-05-00-00", "latency": 24}, {"date": "2023-10-02-05-00-00", "latency": 24}]}, {"location": {"country_code": "us", "region": "Colorado"}, "game_id": "614266", "values": [{"date": "2023-10-02-04-00-00", "latency": 118}]}, {"location": {"country_code": "us", "region": "North Carolina"}, "game_id": "614266", "values": [{"date": "2023-10-02-10-00-00", "latency": 46}, {"date": "2023-10-02-10-00-00", "latency": 46}, {"date": "2023-10-02-10-00-00", "latency": 46}]}, {"location": {"country_code": "us", "region": "Texas", "city": "Irving"}, "game_id": "614266", "values": [{"date": "2023-10-02-17-00-00", "latency": 11}]}, {"location": {"country_code": "us", "region": "Tennessee", "city": "Nashville"}, "game_id": "614266", "values": [{"date": "2023-10-02-03-00-00", "latency": 57}]}, {"location": {"country_code": "mx", "region": "Hidalgo", "city": "Pachuca"}, "game_id": "614266", "values": [{"date": "2023-10-02-07-00-00", "latency": 48}, {"date": "2023-10-02-07-00-00", "latency": 48}, {"date": "2023-10-02-07-00-00", "latency": 48}, {"date": "2023-10-02-07-00-00", "latency": 48}, {"date": "2023-10-02-07-00-00", "latency": 48}, {"date": "2023-10-02-07-00-00", "latency": 48}, {"date": "2023-10-02-07-00-00", "latency": 48}]}], "last_updated": 1719926787.19556}