{"data": [{"location": {"country_code": "us"}, "game_id": "319965", "values": [{"date": "2022-04-08-18-00-00", "latency": "134"}, {"date": "2022-04-08-18-00-00", "latency": "134"}, {"date": "2022-04-08-18-00-00", "latency": "134"}, {"date": "2022-04-08-18-00-00", "latency": "134"}, {"date": "2022-04-08-18-00-00", "latency": "134"}]}, {"location": {"country_code": "gb"}, "game_id": "319965", "values": [{"date": "2022-04-09-00-00-00", "latency": "265"}, {"date": "2022-04-09-00-00-00", "latency": "265"}, {"date": "2022-04-09-00-00-00", "latency": "265"}, {"date": "2022-04-09-00-00-00", "latency": "265"}, {"date": "2022-04-09-00-00-00", "latency": "265"}, {"date": "2022-04-09-00-00-00", "latency": "265"}, {"date": "2022-04-09-00-00-00", "latency": "265"}, {"date": "2022-04-09-00-00-00", "latency": "265"}, {"date": "2022-04-09-00-00-00", "latency": "265"}, {"date": "2022-04-09-00-00-00", "latency": "265"}, {"date": "2022-04-09-00-00-00", "latency": "265"}, {"date": "2022-04-09-00-00-00", "latency": "265"}, {"date": "2022-04-09-00-00-00", "latency": "265"}, {"date": "2022-04-09-00-00-00", "latency": "265"}, {"date": "2022-04-09-00-00-00", "latency": "265"}, {"date": "2022-04-09-00-00-00", "latency": "265"}, {"date": "2022-04-09-00-00-00", "latency": "265"}, {"date": "2022-04-09-00-00-00", "latency": "265"}, {"date": "2022-04-09-00-00-00", "latency": "265"}, {"date": "2022-04-09-00-00-00", "latency": "265"}, {"date": "2022-04-09-00-00-00", "latency": "265"}, {"date": "2022-04-09-00-00-00", "latency": "265"}, {"date": "2022-04-09-00-00-00", "latency": "265"}]}, {"location": {"country_code": "de"}, "game_id": "319965", "values": [{"date": "2022-04-08-23-00-00", "latency": "50"}, {"date": "2022-04-08-23-00-00", "latency": "50"}]}, {"location": {"country_code": "de", "region": "Bremen", "city": "Bremen"}, "game_id": "319965", "values": [{"date": "2022-04-08-22-00-00", "latency": "50"}, {"date": "2022-04-08-22-00-00", "latency": "50"}, {"date": "2022-04-08-22-00-00", "latency": "50"}]}, {"location": {"country_code": "fr", "region": "Occitanie", "city": "Montpellier"}, "game_id": "319965", "values": [{"date": "2022-04-08-23-00-00", "latency": "50"}, {"date": "2022-04-08-23-00-00", "latency": "50"}, {"date": "2022-04-08-23-00-00", "latency": "50"}, {"date": "2022-04-08-23-00-00", "latency": "50"}, {"date": "2022-04-08-23-00-00", "latency": "50"}]}, {"location": {"country_code": "fr", "region": "Ile-de-France Region", "city": "Saint-Ouen-sur-Seine"}, "game_id": "319965", "values": [{"date": "2022-04-08-22-00-00", "latency": "50"}, {"date": "2022-04-08-22-00-00", "latency": "50"}]}, {"location": {"country_code": "au"}, "game_id": "319965", "values": [{"date": "2022-04-08-12-00-00", "latency": "30"}, {"date": "2022-04-08-12-00-00", "latency": "30"}]}, {"location": {"country_code": "au", "region": "Victoria", "city": "Melbourne"}, "game_id": "319965", "values": [{"date": "2022-04-08-14-00-00", "latency": "7"}, {"date": "2022-04-08-14-00-00", "latency": "7"}, {"date": "2022-04-08-14-00-00", "latency": "7"}]}, {"location": {"country_code": "us", "region": "Virginia"}, "game_id": "319965", "values": [{"date": "2022-04-09-02-00-00", "latency": "5"}, {"date": "2022-04-09-02-00-00", "latency": "5"}]}, {"location": {"country_code": "us", "region": "Alaska"}, "game_id": "319965", "values": [{"date": "2022-04-09-00-00-00", "latency": "90"}, {"date": "2022-04-09-00-00-00", "latency": "90"}, {"date": "2022-04-09-00-00-00", "latency": "90"}, {"date": "2022-04-09-00-00-00", "latency": "90"}, {"date": "2022-04-09-00-00-00", "latency": "90"}, {"date": "2022-04-09-00-00-00", "latency": "90"}, {"date": "2022-04-09-00-00-00", "latency": "90"}, {"date": "2022-04-09-00-00-00", "latency": "90"}, {"date": "2022-04-09-00-00-00", "latency": "90"}, {"date": "2022-04-09-00-00-00", "latency": "90"}]}, {"location": {"country_code": "gb", "region": "England", "city": "London"}, "game_id": "319965", "values": [{"date": "2022-04-08-20-00-00", "latency": "265"}]}, {"location": {"country_code": "kz"}, "game_id": "319965", "values": [{"date": "2022-04-08-19-00-00", "latency": "265"}, {"date": "2022-04-08-19-00-00", "latency": "265"}]}, {"location": {"country_code": "us", "region": "Illinois"}, "game_id": "319965", "values": [{"date": "2022-04-09-02-00-00", "latency": "121"}, {"date": "2022-04-09-02-00-00", "latency": "121"}]}, {"location": {"country_code": "us", "region": "Wisconsin"}, "game_id": "319965", "values": [{"date": "2022-04-08-05-00-00", "latency": "50"}, {"date": "2022-04-08-05-00-00", "latency": "50"}, {"date": "2022-04-08-05-00-00", "latency": "50"}, {"date": "2022-04-08-05-00-00", "latency": "50"}, {"date": "2022-04-08-05-00-00", "latency": "50"}]}, {"location": {"country_code": "gb", "region": "England", "city": "Liverpool"}, "game_id": "319965", "values": [{"date": "2022-04-08-21-00-00", "latency": "265"}, {"date": "2022-04-08-21-00-00", "latency": "265"}, {"date": "2022-04-08-21-00-00", "latency": "265"}, {"date": "2022-04-08-21-00-00", "latency": "265"}, {"date": "2022-04-08-21-00-00", "latency": "265"}, {"date": "2022-04-08-21-00-00", "latency": "265"}]}, {"location": {"country_code": "us", "region": "Idaho"}, "game_id": "319965", "values": [{"date": "2022-04-08-05-00-00", "latency": "184"}]}], "last_updated": 1719915102.009122}