{"data": [{"location": {"country_code": "us"}, "game_id": "747108", "values": [{"date": "2024-02-09-01-00-00", "latency": 6}, {"date": "2024-02-09-01-00-00", "latency": 6}, {"date": "2024-02-09-01-00-00", "latency": 6}, {"date": "2024-02-09-01-00-00", "latency": 6}, {"date": "2024-02-09-01-00-00", "latency": 6}, {"date": "2024-02-09-01-00-00", "latency": 6}, {"date": "2024-02-09-01-00-00", "latency": 6}, {"date": "2024-02-09-01-00-00", "latency": 6}, {"date": "2024-02-09-01-00-00", "latency": 6}, {"date": "2024-02-09-01-00-00", "latency": 6}, {"date": "2024-02-09-01-00-00", "latency": 6}, {"date": "2024-02-09-01-00-00", "latency": 6}, {"date": "2024-02-09-01-00-00", "latency": 6}, {"date": "2024-02-09-01-00-00", "latency": 6}, {"date": "2024-02-09-01-00-00", "latency": 6}, {"date": "2024-02-09-01-00-00", "latency": 6}, {"date": "2024-02-09-01-00-00", "latency": 6}, {"date": "2024-02-09-01-00-00", "latency": 6}, {"date": "2024-02-09-01-00-00", "latency": 6}, {"date": "2024-02-09-01-00-00", "latency": 6}, {"date": "2024-02-09-01-00-00", "latency": 6}, {"date": "2024-02-09-01-00-00", "latency": 6}, {"date": "2024-02-09-01-00-00", "latency": 6}, {"date": "2024-02-09-01-00-00", "latency": 6}, {"date": "2024-02-09-01-00-00", "latency": 6}, {"date": "2024-02-09-01-00-00", "latency": 6}, {"date": "2024-02-09-01-00-00", "latency": 6}, {"date": "2024-02-09-01-00-00", "latency": 6}, {"date": "2024-02-09-01-00-00", "latency": 6}, {"date": "2024-02-09-01-00-00", "latency": 6}, {"date": "2024-02-09-01-00-00", "latency": 6}, {"date": "2024-02-09-01-00-00", "latency": 6}, {"date": "2024-02-09-01-00-00", "latency": 6}, {"date": "2024-02-09-01-00-00", "latency": 6}, {"date": "2024-02-09-01-00-00", "latency": 6}, {"date": "2024-02-09-01-00-00", "latency": 6}, {"date": "2024-02-09-01-00-00", "latency": 6}, {"date": "2024-02-09-01-00-00", "latency": 6}, {"date": "2024-02-09-01-00-00", "latency": 6}, {"date": "2024-02-09-01-00-00", "latency": 6}, {"date": "2024-02-09-01-00-00", "latency": 6}, {"date": "2024-02-09-01-00-00", "latency": 78}, {"date": "2024-02-09-01-00-00", "latency": 78}, {"date": "2024-02-09-01-00-00", "latency": 78}, {"date": "2024-02-09-01-00-00", "latency": 78}, {"date": "2024-02-09-01-00-00", "latency": 78}, {"date": "2024-02-09-01-00-00", "latency": 78}, {"date": "2024-02-09-01-00-00", "latency": 78}, {"date": "2024-02-09-01-00-00", "latency": 78}, {"date": "2024-02-09-01-00-00", "latency": 78}, {"date": "2024-02-09-01-00-00", "latency": 78}, {"date": "2024-02-09-01-00-00", "latency": 78}, {"date": "2024-02-09-01-00-00", "latency": 78}, {"date": "2024-02-09-01-00-00", "latency": 78}, {"date": "2024-02-09-01-00-00", "latency": 78}, {"date": "2024-02-09-01-00-00", "latency": 78}, {"date": "2024-02-09-01-00-00", "latency": 78}, {"date": "2024-02-09-01-00-00", "latency": 78}, {"date": "2024-02-09-01-00-00", "latency": 78}, {"date": "2024-02-09-01-00-00", "latency": 78}, {"date": "2024-02-09-01-00-00", "latency": 78}, {"date": "2024-02-09-01-00-00", "latency": 78}, {"date": "2024-02-09-01-00-00", "latency": 78}, {"date": "2024-02-09-01-00-00", "latency": 78}, {"date": "2024-02-09-01-00-00", "latency": 78}, {"date": "2024-02-09-01-00-00", "latency": 78}, {"date": "2024-02-09-01-00-00", "latency": 78}, {"date": "2024-02-09-01-00-00", "latency": 78}, {"date": "2024-02-09-01-00-00", "latency": 78}, {"date": "2024-02-09-01-00-00", "latency": 78}, {"date": "2024-02-09-01-00-00", "latency": 78}, {"date": "2024-02-09-01-00-00", "latency": 78}, {"date": "2024-02-09-01-00-00", "latency": 78}, {"date": "2024-02-09-01-00-00", "latency": 78}, {"date": "2024-02-09-01-00-00", "latency": 78}, {"date": "2024-02-09-01-00-00", "latency": 78}, {"date": "2024-02-09-01-00-00", "latency": 78}, {"date": "2024-02-09-01-00-00", "latency": 78}, {"date": "2024-02-09-01-00-00", "latency": 78}, {"date": "2024-02-09-01-00-00", "latency": 78}, {"date": "2024-02-09-01-00-00", "latency": 78}, {"date": "2024-02-09-01-00-00", "latency": 78}, {"date": "2024-02-09-01-00-00", "latency": 78}, {"date": "2024-02-09-01-00-00", "latency": 78}, {"date": "2024-02-09-01-00-00", "latency": 78}, {"date": "2024-02-09-01-00-00", "latency": 78}, {"date": "2024-02-09-01-00-00", "latency": 78}, {"date": "2024-02-09-01-00-00", "latency": 78}, {"date": "2024-02-08-01-00-00", "latency": 32}, {"date": "2024-02-08-01-00-00", "latency": 32}, {"date": "2024-02-08-01-00-00", "latency": 32}, {"date": "2024-02-08-01-00-00", "latency": 32}, {"date": "2024-02-08-21-00-00", "latency": 47}, {"date": "2024-02-08-21-00-00", "latency": 47}, {"date": "2024-02-08-21-00-00", "latency": 47}, {"date": "2024-02-08-21-00-00", "latency": 47}, {"date": "2024-02-08-21-00-00", "latency": 47}, {"date": "2024-02-08-21-00-00", "latency": 47}, {"date": "2024-02-08-21-00-00", "latency": 47}, {"date": "2024-02-08-21-00-00", "latency": 47}, {"date": "2024-02-08-21-00-00", "latency": 47}, {"date": "2024-02-08-21-00-00", "latency": 47}, {"date": "2024-02-08-21-00-00", "latency": 47}, {"date": "2024-02-08-21-00-00", "latency": 47}, {"date": "2024-02-08-21-00-00", "latency": 47}, {"date": "2024-02-08-21-00-00", "latency": 47}, {"date": "2024-02-08-21-00-00", "latency": 47}, {"date": "2024-02-08-21-00-00", "latency": 47}, {"date": "2024-02-08-21-00-00", "latency": 47}, {"date": "2024-02-08-21-00-00", "latency": 47}, {"date": "2024-02-08-21-00-00", "latency": 47}, {"date": "2024-02-08-21-00-00", "latency": 47}, {"date": "2024-02-08-21-00-00", "latency": 47}, {"date": "2024-02-08-21-00-00", "latency": 47}, {"date": "2024-02-08-21-00-00", "latency": 47}, {"date": "2024-02-08-21-00-00", "latency": 47}, {"date": "2024-02-08-21-00-00", "latency": 47}, {"date": "2024-02-08-21-00-00", "latency": 47}, {"date": "2024-02-08-21-00-00", "latency": 47}, {"date": "2024-02-08-21-00-00", "latency": 47}, {"date": "2024-02-08-21-00-00", "latency": 47}, {"date": "2024-02-08-21-00-00", "latency": 47}, {"date": "2024-02-08-21-00-00", "latency": 47}, {"date": "2024-02-08-21-00-00", "latency": 47}]}, {"location": {"country_code": "us", "region": "New York", "city": "Jamestown"}, "game_id": "747108", "values": [{"date": "2024-02-08-04-00-00", "latency": 16}, {"date": "2024-02-08-04-00-00", "latency": 16}, {"date": "2024-02-08-04-00-00", "latency": 16}, {"date": "2024-02-08-04-00-00", "latency": 16}, {"date": "2024-02-08-04-00-00", "latency": 16}, {"date": "2024-02-08-04-00-00", "latency": 16}, {"date": "2024-02-08-04-00-00", "latency": 16}, {"date": "2024-02-08-04-00-00", "latency": 16}, {"date": "2024-02-08-04-00-00", "latency": 16}, {"date": "2024-02-08-04-00-00", "latency": 16}, {"date": "2024-02-08-04-00-00", "latency": 16}, {"date": "2024-02-08-04-00-00", "latency": 16}, {"date": "2024-02-08-04-00-00", "latency": 16}, {"date": "2024-02-08-04-00-00", "latency": 16}, {"date": "2024-02-08-04-00-00", "latency": 16}, {"date": "2024-02-08-04-00-00", "latency": 16}, {"date": "2024-02-08-04-00-00", "latency": 16}, {"date": "2024-02-08-04-00-00", "latency": 16}, {"date": "2024-02-08-04-00-00", "latency": 16}, {"date": "2024-02-08-04-00-00", "latency": 16}, {"date": "2024-02-08-04-00-00", "latency": 16}]}, {"location": {"country_code": "th"}, "game_id": "747108", "values": [{"date": "2024-02-08-14-00-00", "latency": 203}]}, {"location": {"country_code": "pa"}, "game_id": "747108", "values": [{"date": "2024-02-08-10-00-00", "latency": 79}, {"date": "2024-02-08-10-00-00", "latency": 79}, {"date": "2024-02-08-10-00-00", "latency": 79}, {"date": "2024-02-08-10-00-00", "latency": 79}, {"date": "2024-02-08-10-00-00", "latency": 79}, {"date": "2024-02-08-10-00-00", "latency": 79}, {"date": "2024-02-08-10-00-00", "latency": 79}, {"date": "2024-02-08-10-00-00", "latency": 79}, {"date": "2024-02-08-10-00-00", "latency": 79}, {"date": "2024-02-08-10-00-00", "latency": 79}, {"date": "2024-02-08-10-00-00", "latency": 79}, {"date": "2024-02-08-10-00-00", "latency": 79}, {"date": "2024-02-08-10-00-00", "latency": 79}, {"date": "2024-02-08-10-00-00", "latency": 79}, {"date": "2024-02-08-10-00-00", "latency": 79}, {"date": "2024-02-08-10-00-00", "latency": 79}, {"date": "2024-02-08-10-00-00", "latency": 79}, {"date": "2024-02-08-10-00-00", "latency": 79}, {"date": "2024-02-08-10-00-00", "latency": 79}, {"date": "2024-02-08-10-00-00", "latency": 79}, {"date": "2024-02-08-10-00-00", "latency": 79}, {"date": "2024-02-08-10-00-00", "latency": 79}, {"date": "2024-02-08-10-00-00", "latency": 79}, {"date": "2024-02-08-10-00-00", "latency": 79}, {"date": "2024-02-08-10-00-00", "latency": 79}, {"date": "2024-02-08-10-00-00", "latency": 79}, {"date": "2024-02-08-10-00-00", "latency": 79}, {"date": "2024-02-08-10-00-00", "latency": 79}, {"date": "2024-02-08-10-00-00", "latency": 79}, {"date": "2024-02-08-10-00-00", "latency": 79}, {"date": "2024-02-08-10-00-00", "latency": 79}, {"date": "2024-02-08-10-00-00", "latency": 79}, {"date": "2024-02-08-10-00-00", "latency": 79}, {"date": "2024-02-08-10-00-00", "latency": 79}, {"date": "2024-02-08-10-00-00", "latency": 79}, {"date": "2024-02-08-10-00-00", "latency": 79}, {"date": "2024-02-08-10-00-00", "latency": 79}, {"date": "2024-02-08-10-00-00", "latency": 79}, {"date": "2024-02-08-10-00-00", "latency": 79}, {"date": "2024-02-08-10-00-00", "latency": 79}, {"date": "2024-02-08-10-00-00", "latency": 79}, {"date": "2024-02-08-10-00-00", "latency": 79}, {"date": "2024-02-08-10-00-00", "latency": 79}, {"date": "2024-02-08-10-00-00", "latency": 79}, {"date": "2024-02-08-10-00-00", "latency": 79}, {"date": "2024-02-08-10-00-00", "latency": 79}, {"date": "2024-02-08-10-00-00", "latency": 79}, {"date": "2024-02-08-10-00-00", "latency": 79}, {"date": "2024-02-08-10-00-00", "latency": 79}, {"date": "2024-02-08-10-00-00", "latency": 79}, {"date": "2024-02-08-10-00-00", "latency": 79}, {"date": "2024-02-08-10-00-00", "latency": 79}, {"date": "2024-02-08-10-00-00", "latency": 79}, {"date": "2024-02-08-10-00-00", "latency": 79}]}, {"location": {"country_code": "nl"}, "game_id": "747108", "values": [{"date": "2024-02-09-01-00-00", "latency": 16}, {"date": "2024-02-09-01-00-00", "latency": 16}, {"date": "2024-02-09-01-00-00", "latency": 16}, {"date": "2024-02-09-01-00-00", "latency": 16}, {"date": "2024-02-09-01-00-00", "latency": 16}, {"date": "2024-02-09-01-00-00", "latency": 16}, {"date": "2024-02-09-01-00-00", "latency": 16}, {"date": "2024-02-09-01-00-00", "latency": 16}, {"date": "2024-02-09-01-00-00", "latency": 16}, {"date": "2024-02-09-01-00-00", "latency": 16}, {"date": "2024-02-09-01-00-00", "latency": 16}, {"date": "2024-02-09-01-00-00", "latency": 16}, {"date": "2024-02-09-01-00-00", "latency": 16}, {"date": "2024-02-09-01-00-00", "latency": 16}, {"date": "2024-02-09-01-00-00", "latency": 16}, {"date": "2024-02-09-01-00-00", "latency": 16}, {"date": "2024-02-09-01-00-00", "latency": 16}, {"date": "2024-02-09-01-00-00", "latency": 16}, {"date": "2024-02-09-01-00-00", "latency": 16}, {"date": "2024-02-09-01-00-00", "latency": 16}, {"date": "2024-02-09-01-00-00", "latency": 16}, {"date": "2024-02-09-01-00-00", "latency": 16}, {"date": "2024-02-09-01-00-00", "latency": 16}]}, {"location": {"country_code": "ro"}, "game_id": "747108", "values": [{"date": "2024-02-08-20-00-00", "latency": 31}, {"date": "2024-02-08-20-00-00", "latency": 31}]}, {"location": {"country_code": "ca"}, "game_id": "747108", "values": [{"date": "2024-02-08-02-00-00", "latency": 70}, {"date": "2024-02-08-02-00-00", "latency": 70}, {"date": "2024-02-08-02-00-00", "latency": 70}, {"date": "2024-02-08-02-00-00", "latency": 70}, {"date": "2024-02-08-02-00-00", "latency": 70}, {"date": "2024-02-08-02-00-00", "latency": 70}, {"date": "2024-02-08-02-00-00", "latency": 70}, {"date": "2024-02-08-02-00-00", "latency": 70}, {"date": "2024-02-08-02-00-00", "latency": 70}, {"date": "2024-02-08-02-00-00", "latency": 70}, {"date": "2024-02-08-02-00-00", "latency": 70}, {"date": "2024-02-08-02-00-00", "latency": 70}, {"date": "2024-02-08-02-00-00", "latency": 70}, {"date": "2024-02-08-02-00-00", "latency": 70}, {"date": "2024-02-08-02-00-00", "latency": 70}, {"date": "2024-02-08-02-00-00", "latency": 70}, {"date": "2024-02-08-02-00-00", "latency": 70}, {"date": "2024-02-08-02-00-00", "latency": 70}, {"date": "2024-02-08-02-00-00", "latency": 70}, {"date": "2024-02-08-02-00-00", "latency": 70}, {"date": "2024-02-08-02-00-00", "latency": 70}, {"date": "2024-02-08-02-00-00", "latency": 70}, {"date": "2024-02-08-14-00-00", "latency": 16}, {"date": "2024-02-08-14-00-00", "latency": 16}, {"date": "2024-02-08-14-00-00", "latency": 16}, {"date": "2024-02-08-14-00-00", "latency": 16}, {"date": "2024-02-08-14-00-00", "latency": 16}, {"date": "2024-02-08-14-00-00", "latency": 16}, {"date": "2024-02-08-14-00-00", "latency": 16}, {"date": "2024-02-08-14-00-00", "latency": 16}, {"date": "2024-02-08-14-00-00", "latency": 16}, {"date": "2024-02-08-14-00-00", "latency": 16}, {"date": "2024-02-08-14-00-00", "latency": 16}, {"date": "2024-02-08-14-00-00", "latency": 16}, {"date": "2024-02-08-14-00-00", "latency": 16}, {"date": "2024-02-08-14-00-00", "latency": 16}, {"date": "2024-02-08-14-00-00", "latency": 16}, {"date": "2024-02-08-14-00-00", "latency": 16}, {"date": "2024-02-08-14-00-00", "latency": 16}, {"date": "2024-02-08-14-00-00", "latency": 16}, {"date": "2024-02-08-14-00-00", "latency": 16}, {"date": "2024-02-08-14-00-00", "latency": 16}, {"date": "2024-02-08-14-00-00", "latency": 16}, {"date": "2024-02-08-14-00-00", "latency": 16}, {"date": "2024-02-08-14-00-00", "latency": 16}, {"date": "2024-02-08-14-00-00", "latency": 16}]}, {"location": {"country_code": "ca", "region": "Ontario"}, "game_id": "747108", "values": [{"date": "2024-02-08-01-00-00", "latency": 3}, {"date": "2024-02-08-01-00-00", "latency": 3}, {"date": "2024-02-08-01-00-00", "latency": 3}, {"date": "2024-02-08-01-00-00", "latency": 3}, {"date": "2024-02-08-01-00-00", "latency": 3}, {"date": "2024-02-08-01-00-00", "latency": 3}, {"date": "2024-02-08-01-00-00", "latency": 3}, {"date": "2024-02-08-01-00-00", "latency": 3}, {"date": "2024-02-08-01-00-00", "latency": 3}, {"date": "2024-02-08-01-00-00", "latency": 3}, {"date": "2024-02-08-01-00-00", "latency": 3}, {"date": "2024-02-08-01-00-00", "latency": 3}, {"date": "2024-02-08-01-00-00", "latency": 3}, {"date": "2024-02-08-01-00-00", "latency": 3}, {"date": "2024-02-08-01-00-00", "latency": 3}, {"date": "2024-02-08-01-00-00", "latency": 3}, {"date": "2024-02-08-01-00-00", "latency": 3}, {"date": "2024-02-08-01-00-00", "latency": 3}, {"date": "2024-02-08-01-00-00", "latency": 3}, {"date": "2024-02-08-01-00-00", "latency": 3}, {"date": "2024-02-08-01-00-00", "latency": 3}, {"date": "2024-02-08-01-00-00", "latency": 3}, {"date": "2024-02-08-01-00-00", "latency": 3}, {"date": "2024-02-08-01-00-00", "latency": 3}, {"date": "2024-02-08-01-00-00", "latency": 3}, {"date": "2024-02-08-01-00-00", "latency": 3}, {"date": "2024-02-08-01-00-00", "latency": 3}, {"date": "2024-02-08-01-00-00", "latency": 3}, {"date": "2024-02-08-01-00-00", "latency": 3}, {"date": "2024-02-08-01-00-00", "latency": 3}, {"date": "2024-02-08-01-00-00", "latency": 3}, {"date": "2024-02-08-01-00-00", "latency": 3}, {"date": "2024-02-08-01-00-00", "latency": 3}, {"date": "2024-02-08-01-00-00", "latency": 3}, {"date": "2024-02-08-01-00-00", "latency": 3}, {"date": "2024-02-08-01-00-00", "latency": 3}, {"date": "2024-02-08-01-00-00", "latency": 3}, {"date": "2024-02-08-01-00-00", "latency": 3}, {"date": "2024-02-08-01-00-00", "latency": 3}]}, {"location": {"country_code": "de"}, "game_id": "747108", "values": [{"date": "2024-02-09-01-00-00", "latency": 15}, {"date": "2024-02-09-01-00-00", "latency": 15}, {"date": "2024-02-09-01-00-00", "latency": 15}, {"date": "2024-02-09-01-00-00", "latency": 15}, {"date": "2024-02-09-01-00-00", "latency": 15}, {"date": "2024-02-09-01-00-00", "latency": 15}, {"date": "2024-02-09-01-00-00", "latency": 15}, {"date": "2024-02-09-01-00-00", "latency": 15}, {"date": "2024-02-09-01-00-00", "latency": 15}, {"date": "2024-02-09-01-00-00", "latency": 15}, {"date": "2024-02-09-01-00-00", "latency": 15}, {"date": "2024-02-09-01-00-00", "latency": 15}, {"date": "2024-02-09-01-00-00", "latency": 15}, {"date": "2024-02-09-01-00-00", "latency": 15}, {"date": "2024-02-09-01-00-00", "latency": 15}, {"date": "2024-02-09-01-00-00", "latency": 15}, {"date": "2024-02-09-01-00-00", "latency": 15}, {"date": "2024-02-09-01-00-00", "latency": 15}, {"date": "2024-02-09-01-00-00", "latency": 15}, {"date": "2024-02-09-01-00-00", "latency": 15}, {"date": "2024-02-09-01-00-00", "latency": 15}, {"date": "2024-02-09-01-00-00", "latency": 15}, {"date": "2024-02-09-01-00-00", "latency": 15}, {"date": "2024-02-09-01-00-00", "latency": 15}, {"date": "2024-02-09-01-00-00", "latency": 15}]}, {"location": {"country_code": "cl"}, "game_id": "747108", "values": [{"date": "2024-02-08-06-00-00", "latency": 62}, {"date": "2024-02-08-06-00-00", "latency": 62}, {"date": "2024-02-08-06-00-00", "latency": 62}, {"date": "2024-02-08-06-00-00", "latency": 62}, {"date": "2024-02-08-06-00-00", "latency": 62}, {"date": "2024-02-08-06-00-00", "latency": 62}, {"date": "2024-02-08-06-00-00", "latency": 62}, {"date": "2024-02-08-06-00-00", "latency": 62}]}, {"location": {"country_code": "us", "region": "Florida"}, "game_id": "747108", "values": [{"date": "2024-02-08-10-00-00", "latency": 32}, {"date": "2024-02-08-10-00-00", "latency": 32}, {"date": "2024-02-08-10-00-00", "latency": 32}, {"date": "2024-02-08-10-00-00", "latency": 32}, {"date": "2024-02-08-10-00-00", "latency": 32}, {"date": "2024-02-08-10-00-00", "latency": 32}, {"date": "2024-02-08-10-00-00", "latency": 32}, {"date": "2024-02-08-10-00-00", "latency": 32}, {"date": "2024-02-08-10-00-00", "latency": 32}, {"date": "2024-02-08-10-00-00", "latency": 32}, {"date": "2024-02-08-10-00-00", "latency": 32}, {"date": "2024-02-08-10-00-00", "latency": 32}, {"date": "2024-02-08-10-00-00", "latency": 32}, {"date": "2024-02-08-10-00-00", "latency": 32}, {"date": "2024-02-08-10-00-00", "latency": 32}, {"date": "2024-02-08-10-00-00", "latency": 32}, {"date": "2024-02-08-10-00-00", "latency": 32}, {"date": "2024-02-08-10-00-00", "latency": 32}, {"date": "2024-02-08-10-00-00", "latency": 32}, {"date": "2024-02-08-10-00-00", "latency": 32}, {"date": "2024-02-08-10-00-00", "latency": 32}, {"date": "2024-02-08-10-00-00", "latency": 32}, {"date": "2024-02-08-10-00-00", "latency": 32}, {"date": "2024-02-08-10-00-00", "latency": 32}, {"date": "2024-02-08-10-00-00", "latency": 32}, {"date": "2024-02-08-10-00-00", "latency": 32}, {"date": "2024-02-08-10-00-00", "latency": 32}, {"date": "2024-02-08-10-00-00", "latency": 32}, {"date": "2024-02-08-10-00-00", "latency": 32}, {"date": "2024-02-08-10-00-00", "latency": 32}, {"date": "2024-02-08-10-00-00", "latency": 32}, {"date": "2024-02-08-10-00-00", "latency": 32}, {"date": "2024-02-08-10-00-00", "latency": 32}, {"date": "2024-02-08-10-00-00", "latency": 32}, {"date": "2024-02-08-10-00-00", "latency": 32}, {"date": "2024-02-08-10-00-00", "latency": 32}, {"date": "2024-02-08-10-00-00", "latency": 32}, {"date": "2024-02-08-10-00-00", "latency": 32}, {"date": "2024-02-08-10-00-00", "latency": 32}, {"date": "2024-02-08-10-00-00", "latency": 32}, {"date": "2024-02-08-10-00-00", "latency": 32}, {"date": "2024-02-08-10-00-00", "latency": 32}, {"date": "2024-02-08-10-00-00", "latency": 32}, {"date": "2024-02-08-10-00-00", "latency": 32}, {"date": "2024-02-08-10-00-00", "latency": 32}, {"date": "2024-02-08-10-00-00", "latency": 32}, {"date": "2024-02-08-10-00-00", "latency": 32}, {"date": "2024-02-08-10-00-00", "latency": 32}, {"date": "2024-02-08-10-00-00", "latency": 32}, {"date": "2024-02-08-10-00-00", "latency": 32}, {"date": "2024-02-08-10-00-00", "latency": 32}, {"date": "2024-02-08-10-00-00", "latency": 32}, {"date": "2024-02-08-10-00-00", "latency": 32}]}, {"location": {"country_code": "ph"}, "game_id": "747108", "values": [{"date": "2024-02-08-06-00-00", "latency": 187}, {"date": "2024-02-08-06-00-00", "latency": 187}, {"date": "2024-02-08-07-00-00", "latency": 172}, {"date": "2024-02-08-07-00-00", "latency": 172}, {"date": "2024-02-08-07-00-00", "latency": 172}, {"date": "2024-02-08-07-00-00", "latency": 172}, {"date": "2024-02-08-07-00-00", "latency": 172}, {"date": "2024-02-08-07-00-00", "latency": 172}]}, {"location": {"country_code": "mx"}, "game_id": "747108", "values": [{"date": "2024-02-08-07-00-00", "latency": 62}, {"date": "2024-02-08-07-00-00", "latency": 62}, {"date": "2024-02-08-07-00-00", "latency": 62}, {"date": "2024-02-08-07-00-00", "latency": 62}, {"date": "2024-02-08-07-00-00", "latency": 62}, {"date": "2024-02-08-07-00-00", "latency": 62}, {"date": "2024-02-08-07-00-00", "latency": 62}, {"date": "2024-02-08-07-00-00", "latency": 62}, {"date": "2024-02-08-07-00-00", "latency": 62}, {"date": "2024-02-08-07-00-00", "latency": 62}, {"date": "2024-02-08-07-00-00", "latency": 62}, {"date": "2024-02-08-07-00-00", "latency": 62}, {"date": "2024-02-08-07-00-00", "latency": 62}, {"date": "2024-02-08-07-00-00", "latency": 62}, {"date": "2024-02-08-07-00-00", "latency": 62}, {"date": "2024-02-08-07-00-00", "latency": 62}, {"date": "2024-02-08-07-00-00", "latency": 62}, {"date": "2024-02-08-07-00-00", "latency": 62}, {"date": "2024-02-08-07-00-00", "latency": 62}, {"date": "2024-02-08-07-00-00", "latency": 62}, {"date": "2024-02-08-07-00-00", "latency": 62}, {"date": "2024-02-08-07-00-00", "latency": 62}, {"date": "2024-02-08-07-00-00", "latency": 62}, {"date": "2024-02-08-07-00-00", "latency": 62}, {"date": "2024-02-08-07-00-00", "latency": 62}, {"date": "2024-02-08-07-00-00", "latency": 62}, {"date": "2024-02-08-07-00-00", "latency": 62}, {"date": "2024-02-08-07-00-00", "latency": 62}, {"date": "2024-02-08-07-00-00", "latency": 62}, {"date": "2024-02-08-07-00-00", "latency": 62}, {"date": "2024-02-08-07-00-00", "latency": 62}, {"date": "2024-02-08-07-00-00", "latency": 62}, {"date": "2024-02-08-07-00-00", "latency": 62}, {"date": "2024-02-09-01-00-00", "latency": 93}, {"date": "2024-02-09-01-00-00", "latency": 93}, {"date": "2024-02-09-01-00-00", "latency": 93}, {"date": "2024-02-09-01-00-00", "latency": 93}, {"date": "2024-02-09-01-00-00", "latency": 93}, {"date": "2024-02-09-01-00-00", "latency": 93}, {"date": "2024-02-09-01-00-00", "latency": 93}, {"date": "2024-02-09-01-00-00", "latency": 93}, {"date": "2024-02-09-01-00-00", "latency": 93}]}, {"location": {"country_code": "mx", "region": "Mexico City"}, "game_id": "747108", "values": [{"date": "2024-02-08-21-00-00", "latency": 47}, {"date": "2024-02-08-21-00-00", "latency": 47}, {"date": "2024-02-08-21-00-00", "latency": 47}, {"date": "2024-02-08-21-00-00", "latency": 47}, {"date": "2024-02-08-21-00-00", "latency": 47}, {"date": "2024-02-08-21-00-00", "latency": 47}, {"date": "2024-02-08-21-00-00", "latency": 47}, {"date": "2024-02-08-21-00-00", "latency": 47}, {"date": "2024-02-08-21-00-00", "latency": 47}, {"date": "2024-02-08-21-00-00", "latency": 47}, {"date": "2024-02-08-21-00-00", "latency": 47}]}, {"location": {"country_code": "br"}, "game_id": "747108", "values": [{"date": "2024-02-09-00-00-00", "latency": 16}, {"date": "2024-02-09-00-00-00", "latency": 16}, {"date": "2024-02-09-00-00-00", "latency": 16}, {"date": "2024-02-09-00-00-00", "latency": 16}, {"date": "2024-02-09-00-00-00", "latency": 16}, {"date": "2024-02-09-00-00-00", "latency": 16}, {"date": "2024-02-09-00-00-00", "latency": 16}, {"date": "2024-02-09-00-00-00", "latency": 16}, {"date": "2024-02-09-00-00-00", "latency": 16}, {"date": "2024-02-09-00-00-00", "latency": 16}, {"date": "2024-02-09-00-00-00", "latency": 16}, {"date": "2024-02-09-00-00-00", "latency": 16}, {"date": "2024-02-09-00-00-00", "latency": 16}, {"date": "2024-02-09-01-00-00", "latency": 31}, {"date": "2024-02-09-01-00-00", "latency": 31}, {"date": "2024-02-09-01-00-00", "latency": 31}, {"date": "2024-02-09-01-00-00", "latency": 31}, {"date": "2024-02-09-01-00-00", "latency": 31}, {"date": "2024-02-09-01-00-00", "latency": 31}, {"date": "2024-02-09-01-00-00", "latency": 31}, {"date": "2024-02-09-01-00-00", "latency": 31}, {"date": "2024-02-09-01-00-00", "latency": 31}, {"date": "2024-02-09-01-00-00", "latency": 31}]}, {"location": {"country_code": "se"}, "game_id": "747108", "values": [{"date": "2024-02-08-22-00-00", "latency": 32}, {"date": "2024-02-08-22-00-00", "latency": 32}, {"date": "2024-02-08-22-00-00", "latency": 32}, {"date": "2024-02-08-22-00-00", "latency": 32}, {"date": "2024-02-08-22-00-00", "latency": 32}, {"date": "2024-02-08-22-00-00", "latency": 32}, {"date": "2024-02-08-22-00-00", "latency": 32}, {"date": "2024-02-08-22-00-00", "latency": 32}, {"date": "2024-02-08-22-00-00", "latency": 32}, {"date": "2024-02-08-22-00-00", "latency": 32}, {"date": "2024-02-08-22-00-00", "latency": 32}, {"date": "2024-02-08-22-00-00", "latency": 32}, {"date": "2024-02-08-22-00-00", "latency": 32}, {"date": "2024-02-08-22-00-00", "latency": 32}, {"date": "2024-02-08-22-00-00", "latency": 32}, {"date": "2024-02-08-22-00-00", "latency": 32}, {"date": "2024-02-08-22-00-00", "latency": 32}, {"date": "2024-02-08-22-00-00", "latency": 32}, {"date": "2024-02-08-22-00-00", "latency": 32}, {"date": "2024-02-08-22-00-00", "latency": 32}, {"date": "2024-02-08-22-00-00", "latency": 32}, {"date": "2024-02-08-22-00-00", "latency": 32}, {"date": "2024-02-08-22-00-00", "latency": 32}, {"date": "2024-02-08-22-00-00", "latency": 32}, {"date": "2024-02-08-22-00-00", "latency": 32}, {"date": "2024-02-08-22-00-00", "latency": 32}, {"date": "2024-02-08-22-00-00", "latency": 32}, {"date": "2024-02-08-22-00-00", "latency": 32}, {"date": "2024-02-08-22-00-00", "latency": 32}, {"date": "2024-02-08-22-00-00", "latency": 32}, {"date": "2024-02-08-22-00-00", "latency": 32}, {"date": "2024-02-08-22-00-00", "latency": 32}, {"date": "2024-02-08-22-00-00", "latency": 32}, {"date": "2024-02-08-22-00-00", "latency": 32}, {"date": "2024-02-08-22-00-00", "latency": 32}, {"date": "2024-02-08-22-00-00", "latency": 32}, {"date": "2024-02-08-22-00-00", "latency": 32}, {"date": "2024-02-08-22-00-00", "latency": 32}, {"date": "2024-02-08-22-00-00", "latency": 32}, {"date": "2024-02-08-22-00-00", "latency": 32}, {"date": "2024-02-08-22-00-00", "latency": 32}, {"date": "2024-02-08-22-00-00", "latency": 32}, {"date": "2024-02-08-22-00-00", "latency": 32}, {"date": "2024-02-08-22-00-00", "latency": 32}, {"date": "2024-02-08-22-00-00", "latency": 32}, {"date": "2024-02-08-22-00-00", "latency": 32}, {"date": "2024-02-08-22-00-00", "latency": 32}, {"date": "2024-02-08-22-00-00", "latency": 32}, {"date": "2024-02-08-22-00-00", "latency": 32}, {"date": "2024-02-08-22-00-00", "latency": 32}, {"date": "2024-02-08-22-00-00", "latency": 32}, {"date": "2024-02-08-22-00-00", "latency": 32}]}, {"location": {"country_code": "us", "region": "Maryland", "city": "Dundalk"}, "game_id": "747108", "values": [{"date": "2024-02-08-09-00-00", "latency": 16}, {"date": "2024-02-08-09-00-00", "latency": 16}, {"date": "2024-02-08-09-00-00", "latency": 16}, {"date": "2024-02-08-09-00-00", "latency": 16}, {"date": "2024-02-08-09-00-00", "latency": 16}, {"date": "2024-02-08-09-00-00", "latency": 16}, {"date": "2024-02-08-09-00-00", "latency": 16}, {"date": "2024-02-08-09-00-00", "latency": 16}, {"date": "2024-02-08-09-00-00", "latency": 16}, {"date": "2024-02-08-09-00-00", "latency": 16}, {"date": "2024-02-08-09-00-00", "latency": 16}, {"date": "2024-02-08-09-00-00", "latency": 16}, {"date": "2024-02-08-09-00-00", "latency": 16}, {"date": "2024-02-08-09-00-00", "latency": 16}, {"date": "2024-02-08-09-00-00", "latency": 16}, {"date": "2024-02-08-09-00-00", "latency": 16}, {"date": "2024-02-08-09-00-00", "latency": 16}, {"date": "2024-02-08-09-00-00", "latency": 16}, {"date": "2024-02-08-09-00-00", "latency": 16}, {"date": "2024-02-08-09-00-00", "latency": 16}, {"date": "2024-02-08-09-00-00", "latency": 16}, {"date": "2024-02-08-09-00-00", "latency": 16}, {"date": "2024-02-08-09-00-00", "latency": 16}, {"date": "2024-02-08-09-00-00", "latency": 16}, {"date": "2024-02-08-09-00-00", "latency": 16}, {"date": "2024-02-08-09-00-00", "latency": 16}, {"date": "2024-02-08-09-00-00", "latency": 16}, {"date": "2024-02-08-09-00-00", "latency": 16}, {"date": "2024-02-08-09-00-00", "latency": 16}, {"date": "2024-02-08-09-00-00", "latency": 16}]}, {"location": {"country_code": "us", "region": "Texas", "city": "Austin"}, "game_id": "747108", "values": [{"date": "2024-02-08-07-00-00", "latency": 2}, {"date": "2024-02-08-07-00-00", "latency": 2}, {"date": "2024-02-08-07-00-00", "latency": 2}]}, {"location": {"country_code": "tr"}, "game_id": "747108", "values": [{"date": "2024-02-08-14-00-00", "latency": 62}, {"date": "2024-02-08-14-00-00", "latency": 62}, {"date": "2024-02-08-14-00-00", "latency": 62}, {"date": "2024-02-08-14-00-00", "latency": 62}]}, {"location": {"country_code": "kr"}, "game_id": "747108", "values": [{"date": "2024-02-08-15-00-00", "latency": 16}, {"date": "2024-02-08-15-00-00", "latency": 16}, {"date": "2024-02-08-15-00-00", "latency": 16}, {"date": "2024-02-08-15-00-00", "latency": 16}, {"date": "2024-02-08-15-00-00", "latency": 16}, {"date": "2024-02-08-15-00-00", "latency": 16}, {"date": "2024-02-08-15-00-00", "latency": 16}, {"date": "2024-02-08-15-00-00", "latency": 16}, {"date": "2024-02-08-15-00-00", "latency": 16}, {"date": "2024-02-08-15-00-00", "latency": 16}, {"date": "2024-02-08-15-00-00", "latency": 16}, {"date": "2024-02-08-15-00-00", "latency": 16}, {"date": "2024-02-08-15-00-00", "latency": 16}, {"date": "2024-02-08-15-00-00", "latency": 16}, {"date": "2024-02-08-15-00-00", "latency": 16}, {"date": "2024-02-08-15-00-00", "latency": 16}, {"date": "2024-02-08-15-00-00", "latency": 16}, {"date": "2024-02-08-15-00-00", "latency": 16}, {"date": "2024-02-08-15-00-00", "latency": 16}, {"date": "2024-02-08-15-00-00", "latency": 16}, {"date": "2024-02-08-15-00-00", "latency": 16}, {"date": "2024-02-08-15-00-00", "latency": 16}, {"date": "2024-02-08-15-00-00", "latency": 16}, {"date": "2024-02-08-15-00-00", "latency": 16}, {"date": "2024-02-08-15-00-00", "latency": 16}, {"date": "2024-02-08-14-00-00", "latency": 16}, {"date": "2024-02-08-14-00-00", "latency": 16}, {"date": "2024-02-08-14-00-00", "latency": 16}, {"date": "2024-02-08-14-00-00", "latency": 16}, {"date": "2024-02-08-14-00-00", "latency": 16}, {"date": "2024-02-08-14-00-00", "latency": 16}, {"date": "2024-02-08-14-00-00", "latency": 16}, {"date": "2024-02-08-14-00-00", "latency": 16}, {"date": "2024-02-08-14-00-00", "latency": 16}, {"date": "2024-02-08-14-00-00", "latency": 16}]}, {"location": {"country_code": "ar"}, "game_id": "747108", "values": [{"date": "2024-02-09-01-00-00", "latency": 37}, {"date": "2024-02-09-01-00-00", "latency": 37}, {"date": "2024-02-09-01-00-00", "latency": 37}, {"date": "2024-02-09-01-00-00", "latency": 37}, {"date": "2024-02-09-01-00-00", "latency": 37}, {"date": "2024-02-09-01-00-00", "latency": 37}, {"date": "2024-02-09-01-00-00", "latency": 37}, {"date": "2024-02-09-01-00-00", "latency": 37}, {"date": "2024-02-09-01-00-00", "latency": 37}, {"date": "2024-02-09-01-00-00", "latency": 37}, {"date": "2024-02-09-01-00-00", "latency": 37}, {"date": "2024-02-09-01-00-00", "latency": 37}, {"date": "2024-02-09-01-00-00", "latency": 37}, {"date": "2024-02-09-01-00-00", "latency": 37}, {"date": "2024-02-09-01-00-00", "latency": 37}, {"date": "2024-02-09-01-00-00", "latency": 37}, {"date": "2024-02-09-01-00-00", "latency": 37}, {"date": "2024-02-09-01-00-00", "latency": 37}, {"date": "2024-02-09-01-00-00", "latency": 37}, {"date": "2024-02-09-01-00-00", "latency": 37}, {"date": "2024-02-09-01-00-00", "latency": 37}, {"date": "2024-02-09-01-00-00", "latency": 37}, {"date": "2024-02-09-01-00-00", "latency": 37}, {"date": "2024-02-09-01-00-00", "latency": 37}, {"date": "2024-02-09-01-00-00", "latency": 37}, {"date": "2024-02-09-01-00-00", "latency": 37}, {"date": "2024-02-09-01-00-00", "latency": 37}, {"date": "2024-02-09-01-00-00", "latency": 37}, {"date": "2024-02-09-01-00-00", "latency": 37}, {"date": "2024-02-09-01-00-00", "latency": 37}, {"date": "2024-02-09-01-00-00", "latency": 37}, {"date": "2024-02-09-01-00-00", "latency": 37}, {"date": "2024-02-09-01-00-00", "latency": 37}, {"date": "2024-02-09-01-00-00", "latency": 37}, {"date": "2024-02-09-01-00-00", "latency": 37}, {"date": "2024-02-09-01-00-00", "latency": 37}, {"date": "2024-02-09-01-00-00", "latency": 37}, {"date": "2024-02-09-01-00-00", "latency": 37}, {"date": "2024-02-09-01-00-00", "latency": 37}, {"date": "2024-02-09-01-00-00", "latency": 37}, {"date": "2024-02-09-01-00-00", "latency": 37}, {"date": "2024-02-09-01-00-00", "latency": 37}, {"date": "2024-02-09-01-00-00", "latency": 31}, {"date": "2024-02-09-01-00-00", "latency": 31}, {"date": "2024-02-09-01-00-00", "latency": 31}, {"date": "2024-02-09-01-00-00", "latency": 31}, {"date": "2024-02-09-01-00-00", "latency": 63}, {"date": "2024-02-09-01-00-00", "latency": 63}, {"date": "2024-02-09-01-00-00", "latency": 63}, {"date": "2024-02-09-01-00-00", "latency": 63}, {"date": "2024-02-09-01-00-00", "latency": 63}, {"date": "2024-02-09-01-00-00", "latency": 63}, {"date": "2024-02-09-01-00-00", "latency": 63}, {"date": "2024-02-09-01-00-00", "latency": 63}, {"date": "2024-02-09-01-00-00", "latency": 63}, {"date": "2024-02-09-01-00-00", "latency": 63}, {"date": "2024-02-09-01-00-00", "latency": 63}, {"date": "2024-02-09-01-00-00", "latency": 63}]}, {"location": {"country_code": "fi"}, "game_id": "747108", "values": [{"date": "2024-02-09-00-00-00", "latency": 32}, {"date": "2024-02-09-00-00-00", "latency": 32}, {"date": "2024-02-09-00-00-00", "latency": 32}, {"date": "2024-02-09-00-00-00", "latency": 32}, {"date": "2024-02-09-00-00-00", "latency": 32}, {"date": "2024-02-09-00-00-00", "latency": 32}, {"date": "2024-02-09-00-00-00", "latency": 32}, {"date": "2024-02-09-00-00-00", "latency": 32}, {"date": "2024-02-09-00-00-00", "latency": 32}, {"date": "2024-02-09-00-00-00", "latency": 32}, {"date": "2024-02-09-00-00-00", "latency": 32}, {"date": "2024-02-09-00-00-00", "latency": 32}, {"date": "2024-02-09-00-00-00", "latency": 32}, {"date": "2024-02-09-00-00-00", "latency": 32}, {"date": "2024-02-09-00-00-00", "latency": 32}, {"date": "2024-02-09-00-00-00", "latency": 32}, {"date": "2024-02-09-00-00-00", "latency": 32}, {"date": "2024-02-09-00-00-00", "latency": 32}, {"date": "2024-02-09-00-00-00", "latency": 32}, {"date": "2024-02-09-00-00-00", "latency": 32}, {"date": "2024-02-09-00-00-00", "latency": 32}, {"date": "2024-02-09-00-00-00", "latency": 32}, {"date": "2024-02-09-00-00-00", "latency": 32}, {"date": "2024-02-09-00-00-00", "latency": 32}, {"date": "2024-02-09-00-00-00", "latency": 32}, {"date": "2024-02-09-00-00-00", "latency": 32}, {"date": "2024-02-09-00-00-00", "latency": 32}, {"date": "2024-02-09-00-00-00", "latency": 32}, {"date": "2024-02-09-00-00-00", "latency": 32}]}, {"location": {"country_code": "us", "region": "Texas", "city": "Houston"}, "game_id": "747108", "values": [{"date": "2024-02-09-00-00-00", "latency": 32}, {"date": "2024-02-09-00-00-00", "latency": 32}, {"date": "2024-02-09-00-00-00", "latency": 32}, {"date": "2024-02-09-00-00-00", "latency": 32}, {"date": "2024-02-09-00-00-00", "latency": 32}, {"date": "2024-02-09-00-00-00", "latency": 32}, {"date": "2024-02-09-00-00-00", "latency": 32}, {"date": "2024-02-09-00-00-00", "latency": 32}, {"date": "2024-02-09-00-00-00", "latency": 32}, {"date": "2024-02-09-00-00-00", "latency": 32}, {"date": "2024-02-09-00-00-00", "latency": 32}, {"date": "2024-02-09-00-00-00", "latency": 32}, {"date": "2024-02-09-00-00-00", "latency": 32}, {"date": "2024-02-09-00-00-00", "latency": 32}, {"date": "2024-02-09-00-00-00", "latency": 32}, {"date": "2024-02-09-00-00-00", "latency": 32}, {"date": "2024-02-09-00-00-00", "latency": 32}, {"date": "2024-02-09-00-00-00", "latency": 32}, {"date": "2024-02-09-00-00-00", "latency": 32}, {"date": "2024-02-09-00-00-00", "latency": 32}, {"date": "2024-02-09-00-00-00", "latency": 32}, {"date": "2024-02-09-00-00-00", "latency": 32}, {"date": "2024-02-09-00-00-00", "latency": 32}, {"date": "2024-02-09-00-00-00", "latency": 32}, {"date": "2024-02-09-00-00-00", "latency": 32}]}, {"location": {"country_code": "mx", "region": "Puebla"}, "game_id": "747108", "values": [{"date": "2024-02-08-03-00-00", "latency": 63}, {"date": "2024-02-08-03-00-00", "latency": 63}, {"date": "2024-02-08-03-00-00", "latency": 63}, {"date": "2024-02-08-03-00-00", "latency": 63}, {"date": "2024-02-08-03-00-00", "latency": 63}, {"date": "2024-02-08-03-00-00", "latency": 63}, {"date": "2024-02-08-03-00-00", "latency": 63}, {"date": "2024-02-08-03-00-00", "latency": 63}, {"date": "2024-02-08-03-00-00", "latency": 63}, {"date": "2024-02-08-03-00-00", "latency": 63}]}, {"location": {"country_code": "at"}, "game_id": "747108", "values": [{"date": "2024-02-09-00-00-00", "latency": 47}, {"date": "2024-02-09-00-00-00", "latency": 47}, {"date": "2024-02-09-00-00-00", "latency": 47}, {"date": "2024-02-09-00-00-00", "latency": 47}, {"date": "2024-02-09-00-00-00", "latency": 47}, {"date": "2024-02-09-00-00-00", "latency": 47}, {"date": "2024-02-09-00-00-00", "latency": 47}, {"date": "2024-02-09-00-00-00", "latency": 47}, {"date": "2024-02-09-00-00-00", "latency": 47}, {"date": "2024-02-09-00-00-00", "latency": 47}, {"date": "2024-02-09-00-00-00", "latency": 47}, {"date": "2024-02-09-00-00-00", "latency": 47}, {"date": "2024-02-09-00-00-00", "latency": 47}, {"date": "2024-02-09-00-00-00", "latency": 47}, {"date": "2024-02-09-00-00-00", "latency": 47}, {"date": "2024-02-09-00-00-00", "latency": 47}, {"date": "2024-02-09-00-00-00", "latency": 47}, {"date": "2024-02-09-00-00-00", "latency": 47}, {"date": "2024-02-09-00-00-00", "latency": 47}, {"date": "2024-02-09-00-00-00", "latency": 47}, {"date": "2024-02-09-00-00-00", "latency": 47}, {"date": "2024-02-09-00-00-00", "latency": 47}, {"date": "2024-02-09-00-00-00", "latency": 47}, {"date": "2024-02-09-00-00-00", "latency": 47}, {"date": "2024-02-09-00-00-00", "latency": 47}]}, {"location": {"country_code": "br", "region": "Estado de Bahia", "city": "Salvador"}, "game_id": "747108", "values": [{"date": "2024-02-09-00-00-00", "latency": 31}, {"date": "2024-02-09-00-00-00", "latency": 31}, {"date": "2024-02-09-00-00-00", "latency": 31}, {"date": "2024-02-09-00-00-00", "latency": 31}, {"date": "2024-02-09-00-00-00", "latency": 31}, {"date": "2024-02-09-00-00-00", "latency": 31}, {"date": "2024-02-09-00-00-00", "latency": 31}, {"date": "2024-02-09-00-00-00", "latency": 31}, {"date": "2024-02-09-00-00-00", "latency": 31}, {"date": "2024-02-09-00-00-00", "latency": 31}, {"date": "2024-02-09-00-00-00", "latency": 31}, {"date": "2024-02-09-00-00-00", "latency": 31}, {"date": "2024-02-09-00-00-00", "latency": 31}, {"date": "2024-02-09-00-00-00", "latency": 31}, {"date": "2024-02-09-00-00-00", "latency": 31}, {"date": "2024-02-09-00-00-00", "latency": 31}, {"date": "2024-02-09-00-00-00", "latency": 31}, {"date": "2024-02-09-00-00-00", "latency": 31}, {"date": "2024-02-09-00-00-00", "latency": 31}, {"date": "2024-02-09-00-00-00", "latency": 31}, {"date": "2024-02-09-00-00-00", "latency": 31}, {"date": "2024-02-09-00-00-00", "latency": 31}, {"date": "2024-02-09-00-00-00", "latency": 31}]}, {"location": {"country_code": "us", "region": "California", "city": "Chula Vista"}, "game_id": "747108", "values": [{"date": "2024-02-08-08-00-00", "latency": 47}, {"date": "2024-02-08-08-00-00", "latency": 47}, {"date": "2024-02-08-08-00-00", "latency": 47}, {"date": "2024-02-08-08-00-00", "latency": 47}, {"date": "2024-02-08-08-00-00", "latency": 47}, {"date": "2024-02-08-08-00-00", "latency": 47}, {"date": "2024-02-08-08-00-00", "latency": 47}, {"date": "2024-02-08-08-00-00", "latency": 47}, {"date": "2024-02-08-08-00-00", "latency": 47}, {"date": "2024-02-08-08-00-00", "latency": 47}, {"date": "2024-02-08-08-00-00", "latency": 47}, {"date": "2024-02-08-08-00-00", "latency": 47}, {"date": "2024-02-08-08-00-00", "latency": 47}, {"date": "2024-02-08-08-00-00", "latency": 47}, {"date": "2024-02-08-08-00-00", "latency": 47}, {"date": "2024-02-08-08-00-00", "latency": 47}, {"date": "2024-02-08-08-00-00", "latency": 47}, {"date": "2024-02-08-08-00-00", "latency": 47}, {"date": "2024-02-08-08-00-00", "latency": 47}, {"date": "2024-02-08-08-00-00", "latency": 47}, {"date": "2024-02-08-08-00-00", "latency": 47}, {"date": "2024-02-08-08-00-00", "latency": 47}, {"date": "2024-02-08-08-00-00", "latency": 47}, {"date": "2024-02-08-08-00-00", "latency": 47}, {"date": "2024-02-08-08-00-00", "latency": 47}, {"date": "2024-02-08-08-00-00", "latency": 47}, {"date": "2024-02-08-08-00-00", "latency": 47}, {"date": "2024-02-08-08-00-00", "latency": 47}, {"date": "2024-02-08-08-00-00", "latency": 47}, {"date": "2024-02-08-08-00-00", "latency": 47}, {"date": "2024-02-08-08-00-00", "latency": 47}, {"date": "2024-02-08-08-00-00", "latency": 47}, {"date": "2024-02-08-08-00-00", "latency": 47}, {"date": "2024-02-08-08-00-00", "latency": 47}, {"date": "2024-02-08-08-00-00", "latency": 47}, {"date": "2024-02-08-08-00-00", "latency": 47}, {"date": "2024-02-08-08-00-00", "latency": 47}, {"date": "2024-02-08-08-00-00", "latency": 47}, {"date": "2024-02-08-08-00-00", "latency": 47}, {"date": "2024-02-08-08-00-00", "latency": 47}, {"date": "2024-02-08-08-00-00", "latency": 47}]}, {"location": {"country_code": "es", "region": "Catalonia", "city": "l'Hospitalet de Llobregat"}, "game_id": "747108", "values": [{"date": "2024-02-08-21-00-00", "latency": 31}, {"date": "2024-02-08-21-00-00", "latency": 31}, {"date": "2024-02-08-21-00-00", "latency": 31}, {"date": "2024-02-08-21-00-00", "latency": 31}, {"date": "2024-02-08-21-00-00", "latency": 31}, {"date": "2024-02-08-21-00-00", "latency": 31}, {"date": "2024-02-08-21-00-00", "latency": 31}, {"date": "2024-02-08-21-00-00", "latency": 31}, {"date": "2024-02-08-21-00-00", "latency": 31}, {"date": "2024-02-08-21-00-00", "latency": 31}, {"date": "2024-02-08-21-00-00", "latency": 31}, {"date": "2024-02-08-21-00-00", "latency": 31}, {"date": "2024-02-08-18-00-00", "latency": 31}, {"date": "2024-02-08-18-00-00", "latency": 31}, {"date": "2024-02-08-18-00-00", "latency": 31}, {"date": "2024-02-08-18-00-00", "latency": 31}, {"date": "2024-02-08-18-00-00", "latency": 31}, {"date": "2024-02-08-18-00-00", "latency": 31}, {"date": "2024-02-08-18-00-00", "latency": 31}, {"date": "2024-02-08-18-00-00", "latency": 31}, {"date": "2024-02-08-18-00-00", "latency": 31}, {"date": "2024-02-08-18-00-00", "latency": 31}, {"date": "2024-02-08-18-00-00", "latency": 31}, {"date": "2024-02-08-18-00-00", "latency": 31}, {"date": "2024-02-08-18-00-00", "latency": 31}, {"date": "2024-02-08-18-00-00", "latency": 31}, {"date": "2024-02-08-18-00-00", "latency": 31}, {"date": "2024-02-08-18-00-00", "latency": 31}, {"date": "2024-02-08-18-00-00", "latency": 31}, {"date": "2024-02-08-18-00-00", "latency": 31}, {"date": "2024-02-08-18-00-00", "latency": 31}, {"date": "2024-02-08-18-00-00", "latency": 31}, {"date": "2024-02-08-18-00-00", "latency": 31}, {"date": "2024-02-08-18-00-00", "latency": 31}, {"date": "2024-02-08-18-00-00", "latency": 31}, {"date": "2024-02-08-18-00-00", "latency": 31}, {"date": "2024-02-08-18-00-00", "latency": 31}, {"date": "2024-02-08-18-00-00", "latency": 31}, {"date": "2024-02-08-18-00-00", "latency": 31}, {"date": "2024-02-08-18-00-00", "latency": 31}, {"date": "2024-02-08-18-00-00", "latency": 31}, {"date": "2024-02-08-18-00-00", "latency": 31}, {"date": "2024-02-08-18-00-00", "latency": 31}, {"date": "2024-02-08-18-00-00", "latency": 31}, {"date": "2024-02-08-18-00-00", "latency": 31}, {"date": "2024-02-08-18-00-00", "latency": 31}, {"date": "2024-02-08-18-00-00", "latency": 31}, {"date": "2024-02-08-18-00-00", "latency": 31}, {"date": "2024-02-08-18-00-00", "latency": 31}, {"date": "2024-02-08-18-00-00", "latency": 31}, {"date": "2024-02-08-18-00-00", "latency": 31}, {"date": "2024-02-08-18-00-00", "latency": 31}, {"date": "2024-02-08-18-00-00", "latency": 31}, {"date": "2024-02-08-18-00-00", "latency": 31}, {"date": "2024-02-08-18-00-00", "latency": 31}, {"date": "2024-02-08-18-00-00", "latency": 31}, {"date": "2024-02-08-18-00-00", "latency": 31}, {"date": "2024-02-08-18-00-00", "latency": 31}, {"date": "2024-02-08-18-00-00", "latency": 31}, {"date": "2024-02-08-18-00-00", "latency": 31}, {"date": "2024-02-08-18-00-00", "latency": 31}, {"date": "2024-02-08-18-00-00", "latency": 31}, {"date": "2024-02-08-18-00-00", "latency": 31}, {"date": "2024-02-08-18-00-00", "latency": 31}, {"date": "2024-02-08-18-00-00", "latency": 31}]}, {"location": {"country_code": "pl"}, "game_id": "747108", "values": [{"date": "2024-02-08-22-00-00", "latency": 47}, {"date": "2024-02-08-22-00-00", "latency": 47}, {"date": "2024-02-08-22-00-00", "latency": 47}, {"date": "2024-02-08-22-00-00", "latency": 47}, {"date": "2024-02-08-22-00-00", "latency": 47}, {"date": "2024-02-08-22-00-00", "latency": 47}, {"date": "2024-02-08-22-00-00", "latency": 47}, {"date": "2024-02-08-22-00-00", "latency": 47}, {"date": "2024-02-08-22-00-00", "latency": 47}, {"date": "2024-02-08-22-00-00", "latency": 47}, {"date": "2024-02-08-22-00-00", "latency": 47}, {"date": "2024-02-08-22-00-00", "latency": 47}, {"date": "2024-02-08-22-00-00", "latency": 47}, {"date": "2024-02-08-22-00-00", "latency": 47}, {"date": "2024-02-08-22-00-00", "latency": 47}, {"date": "2024-02-08-22-00-00", "latency": 47}, {"date": "2024-02-08-23-00-00", "latency": 172}, {"date": "2024-02-08-23-00-00", "latency": 172}, {"date": "2024-02-08-23-00-00", "latency": 172}, {"date": "2024-02-08-23-00-00", "latency": 172}, {"date": "2024-02-08-23-00-00", "latency": 172}, {"date": "2024-02-09-00-00-00", "latency": 62}, {"date": "2024-02-09-00-00-00", "latency": 62}, {"date": "2024-02-09-00-00-00", "latency": 62}, {"date": "2024-02-09-00-00-00", "latency": 62}, {"date": "2024-02-09-00-00-00", "latency": 62}, {"date": "2024-02-09-00-00-00", "latency": 62}, {"date": "2024-02-09-00-00-00", "latency": 62}, {"date": "2024-02-09-00-00-00", "latency": 62}, {"date": "2024-02-09-00-00-00", "latency": 62}, {"date": "2024-02-09-00-00-00", "latency": 62}, {"date": "2024-02-09-00-00-00", "latency": 62}, {"date": "2024-02-09-00-00-00", "latency": 62}, {"date": "2024-02-09-00-00-00", "latency": 62}, {"date": "2024-02-09-00-00-00", "latency": 62}, {"date": "2024-02-09-00-00-00", "latency": 62}, {"date": "2024-02-09-00-00-00", "latency": 62}, {"date": "2024-02-09-00-00-00", "latency": 62}, {"date": "2024-02-09-00-00-00", "latency": 62}, {"date": "2024-02-09-00-00-00", "latency": 62}, {"date": "2024-02-09-00-00-00", "latency": 62}, {"date": "2024-02-09-00-00-00", "latency": 62}, {"date": "2024-02-09-00-00-00", "latency": 62}, {"date": "2024-02-09-00-00-00", "latency": 62}, {"date": "2024-02-09-00-00-00", "latency": 62}, {"date": "2024-02-09-00-00-00", "latency": 62}]}, {"location": {"country_code": "co", "region": "El Valle", "city": "Cali"}, "game_id": "747108", "values": [{"date": "2024-02-08-06-00-00", "latency": 47}, {"date": "2024-02-08-06-00-00", "latency": 47}, {"date": "2024-02-08-06-00-00", "latency": 47}, {"date": "2024-02-08-06-00-00", "latency": 47}, {"date": "2024-02-08-08-00-00", "latency": 32}, {"date": "2024-02-08-08-00-00", "latency": 32}, {"date": "2024-02-08-08-00-00", "latency": 32}, {"date": "2024-02-08-08-00-00", "latency": 32}, {"date": "2024-02-08-08-00-00", "latency": 32}, {"date": "2024-02-08-08-00-00", "latency": 32}, {"date": "2024-02-08-08-00-00", "latency": 32}]}, {"location": {"country_code": "kw"}, "game_id": "747108", "values": [{"date": "2024-02-08-17-00-00", "latency": 3}, {"date": "2024-02-08-17-00-00", "latency": 3}, {"date": "2024-02-08-17-00-00", "latency": 3}]}, {"location": {"country_code": "lv"}, "game_id": "747108", "values": [{"date": "2024-02-08-19-00-00", "latency": 62}, {"date": "2024-02-08-19-00-00", "latency": 62}, {"date": "2024-02-08-19-00-00", "latency": 62}, {"date": "2024-02-08-19-00-00", "latency": 62}, {"date": "2024-02-08-19-00-00", "latency": 62}, {"date": "2024-02-08-19-00-00", "latency": 62}, {"date": "2024-02-08-19-00-00", "latency": 62}, {"date": "2024-02-08-19-00-00", "latency": 62}]}, {"location": {"country_code": "mx", "region": "Sonora"}, "game_id": "747108", "values": [{"date": "2024-02-09-01-00-00", "latency": 79}, {"date": "2024-02-09-01-00-00", "latency": 79}, {"date": "2024-02-09-01-00-00", "latency": 79}, {"date": "2024-02-09-01-00-00", "latency": 79}, {"date": "2024-02-09-01-00-00", "latency": 79}, {"date": "2024-02-09-01-00-00", "latency": 79}, {"date": "2024-02-09-01-00-00", "latency": 79}, {"date": "2024-02-09-01-00-00", "latency": 79}, {"date": "2024-02-09-01-00-00", "latency": 79}, {"date": "2024-02-09-01-00-00", "latency": 79}, {"date": "2024-02-09-01-00-00", "latency": 79}, {"date": "2024-02-09-01-00-00", "latency": 79}, {"date": "2024-02-09-01-00-00", "latency": 79}, {"date": "2024-02-09-01-00-00", "latency": 79}, {"date": "2024-02-09-01-00-00", "latency": 79}, {"date": "2024-02-09-01-00-00", "latency": 79}, {"date": "2024-02-09-01-00-00", "latency": 79}, {"date": "2024-02-09-01-00-00", "latency": 79}, {"date": "2024-02-09-01-00-00", "latency": 79}, {"date": "2024-02-09-01-00-00", "latency": 79}, {"date": "2024-02-09-01-00-00", "latency": 79}, {"date": "2024-02-09-01-00-00", "latency": 79}, {"date": "2024-02-09-01-00-00", "latency": 79}, {"date": "2024-02-09-01-00-00", "latency": 79}, {"date": "2024-02-09-01-00-00", "latency": 79}, {"date": "2024-02-09-01-00-00", "latency": 79}, {"date": "2024-02-09-01-00-00", "latency": 79}, {"date": "2024-02-09-01-00-00", "latency": 79}, {"date": "2024-02-09-01-00-00", "latency": 79}, {"date": "2024-02-09-01-00-00", "latency": 79}, {"date": "2024-02-09-01-00-00", "latency": 79}, {"date": "2024-02-09-01-00-00", "latency": 79}, {"date": "2024-02-09-01-00-00", "latency": 79}, {"date": "2024-02-09-01-00-00", "latency": 79}, {"date": "2024-02-09-01-00-00", "latency": 79}, {"date": "2024-02-09-01-00-00", "latency": 79}, {"date": "2024-02-09-01-00-00", "latency": 79}, {"date": "2024-02-09-01-00-00", "latency": 79}, {"date": "2024-02-09-01-00-00", "latency": 79}, {"date": "2024-02-09-01-00-00", "latency": 79}, {"date": "2024-02-09-01-00-00", "latency": 79}, {"date": "2024-02-09-01-00-00", "latency": 79}, {"date": "2024-02-09-01-00-00", "latency": 79}, {"date": "2024-02-09-01-00-00", "latency": 79}, {"date": "2024-02-09-01-00-00", "latency": 79}, {"date": "2024-02-09-01-00-00", "latency": 79}, {"date": "2024-02-09-01-00-00", "latency": 79}, {"date": "2024-02-09-01-00-00", "latency": 79}, {"date": "2024-02-09-01-00-00", "latency": 79}, {"date": "2024-02-09-01-00-00", "latency": 79}, {"date": "2024-02-09-01-00-00", "latency": 79}, {"date": "2024-02-09-01-00-00", "latency": 79}, {"date": "2024-02-09-01-00-00", "latency": 79}, {"date": "2024-02-09-01-00-00", "latency": 79}, {"date": "2024-02-09-01-00-00", "latency": 79}, {"date": "2024-02-09-01-00-00", "latency": 79}]}, {"location": {"country_code": "de", "region": "North Rhine-Westphalia"}, "game_id": "747108", "values": [{"date": "2024-02-08-22-00-00", "latency": 16}, {"date": "2024-02-08-22-00-00", "latency": 16}, {"date": "2024-02-08-22-00-00", "latency": 16}, {"date": "2024-02-08-22-00-00", "latency": 16}, {"date": "2024-02-08-22-00-00", "latency": 16}, {"date": "2024-02-08-22-00-00", "latency": 16}, {"date": "2024-02-08-22-00-00", "latency": 16}, {"date": "2024-02-08-22-00-00", "latency": 16}, {"date": "2024-02-08-22-00-00", "latency": 16}, {"date": "2024-02-08-22-00-00", "latency": 16}, {"date": "2024-02-08-22-00-00", "latency": 16}, {"date": "2024-02-08-22-00-00", "latency": 16}, {"date": "2024-02-08-22-00-00", "latency": 16}, {"date": "2024-02-08-22-00-00", "latency": 16}, {"date": "2024-02-08-22-00-00", "latency": 16}, {"date": "2024-02-08-22-00-00", "latency": 16}, {"date": "2024-02-08-22-00-00", "latency": 16}, {"date": "2024-02-08-22-00-00", "latency": 16}, {"date": "2024-02-08-22-00-00", "latency": 16}, {"date": "2024-02-08-22-00-00", "latency": 16}, {"date": "2024-02-08-22-00-00", "latency": 16}, {"date": "2024-02-08-22-00-00", "latency": 16}, {"date": "2024-02-08-22-00-00", "latency": 16}, {"date": "2024-02-08-22-00-00", "latency": 16}, {"date": "2024-02-08-22-00-00", "latency": 16}]}, {"location": {"country_code": "ru", "region": "Krasnoyarsk Krai", "city": "Norilsk"}, "game_id": "747108", "values": [{"date": "2024-02-08-18-00-00", "latency": 19}, {"date": "2024-02-08-18-00-00", "latency": 19}]}, {"location": {"country_code": "fr", "region": "Nord-Passo di Calais-Piccardia"}, "game_id": "747108", "values": [{"date": "2024-02-09-01-00-00", "latency": 31}, {"date": "2024-02-09-01-00-00", "latency": 31}, {"date": "2024-02-09-01-00-00", "latency": 31}, {"date": "2024-02-09-01-00-00", "latency": 31}, {"date": "2024-02-09-01-00-00", "latency": 31}, {"date": "2024-02-09-01-00-00", "latency": 31}, {"date": "2024-02-09-01-00-00", "latency": 31}, {"date": "2024-02-09-01-00-00", "latency": 31}, {"date": "2024-02-09-01-00-00", "latency": 31}, {"date": "2024-02-09-01-00-00", "latency": 31}, {"date": "2024-02-09-01-00-00", "latency": 31}, {"date": "2024-02-09-01-00-00", "latency": 31}, {"date": "2024-02-09-01-00-00", "latency": 31}, {"date": "2024-02-09-01-00-00", "latency": 31}, {"date": "2024-02-09-01-00-00", "latency": 31}, {"date": "2024-02-09-01-00-00", "latency": 31}, {"date": "2024-02-09-01-00-00", "latency": 31}, {"date": "2024-02-09-01-00-00", "latency": 31}, {"date": "2024-02-09-01-00-00", "latency": 31}, {"date": "2024-02-09-01-00-00", "latency": 31}, {"date": "2024-02-09-01-00-00", "latency": 31}, {"date": "2024-02-09-01-00-00", "latency": 31}, {"date": "2024-02-09-01-00-00", "latency": 31}, {"date": "2024-02-09-01-00-00", "latency": 31}, {"date": "2024-02-09-01-00-00", "latency": 31}, {"date": "2024-02-09-01-00-00", "latency": 31}, {"date": "2024-02-09-01-00-00", "latency": 31}, {"date": "2024-02-09-01-00-00", "latency": 31}, {"date": "2024-02-09-01-00-00", "latency": 31}, {"date": "2024-02-09-01-00-00", "latency": 31}, {"date": "2024-02-09-01-00-00", "latency": 31}, {"date": "2024-02-09-01-00-00", "latency": 31}, {"date": "2024-02-09-01-00-00", "latency": 31}]}, {"location": {"country_code": "ae", "region": "Dubai", "city": "Dubai"}, "game_id": "747108", "values": [{"date": "2024-02-08-21-00-00", "latency": 1}, {"date": "2024-02-08-21-00-00", "latency": 1}, {"date": "2024-02-08-21-00-00", "latency": 1}, {"date": "2024-02-08-21-00-00", "latency": 1}, {"date": "2024-02-08-21-00-00", "latency": 1}, {"date": "2024-02-08-21-00-00", "latency": 1}, {"date": "2024-02-08-21-00-00", "latency": 1}, {"date": "2024-02-08-21-00-00", "latency": 1}]}, {"location": {"country_code": "br", "region": "Santa Catarina", "city": "Balneario Camboriu"}, "game_id": "747108", "values": [{"date": "2024-02-08-03-00-00", "latency": 16}, {"date": "2024-02-08-03-00-00", "latency": 16}, {"date": "2024-02-08-03-00-00", "latency": 16}, {"date": "2024-02-08-03-00-00", "latency": 16}, {"date": "2024-02-08-03-00-00", "latency": 16}, {"date": "2024-02-08-03-00-00", "latency": 16}, {"date": "2024-02-08-03-00-00", "latency": 16}, {"date": "2024-02-08-03-00-00", "latency": 16}, {"date": "2024-02-08-03-00-00", "latency": 16}, {"date": "2024-02-08-03-00-00", "latency": 16}, {"date": "2024-02-08-03-00-00", "latency": 16}, {"date": "2024-02-08-03-00-00", "latency": 16}]}, {"location": {"country_code": "es", "region": "Andalusia", "city": "Cordoba"}, "game_id": "747108", "values": [{"date": "2024-02-09-01-00-00", "latency": 47}, {"date": "2024-02-09-01-00-00", "latency": 47}, {"date": "2024-02-09-01-00-00", "latency": 47}, {"date": "2024-02-09-01-00-00", "latency": 47}, {"date": "2024-02-09-01-00-00", "latency": 47}, {"date": "2024-02-09-01-00-00", "latency": 47}, {"date": "2024-02-09-01-00-00", "latency": 47}, {"date": "2024-02-09-01-00-00", "latency": 47}, {"date": "2024-02-09-01-00-00", "latency": 47}, {"date": "2024-02-09-01-00-00", "latency": 47}, {"date": "2024-02-09-01-00-00", "latency": 47}, {"date": "2024-02-09-01-00-00", "latency": 47}, {"date": "2024-02-09-01-00-00", "latency": 47}, {"date": "2024-02-09-01-00-00", "latency": 47}, {"date": "2024-02-09-01-00-00", "latency": 47}, {"date": "2024-02-09-01-00-00", "latency": 47}, {"date": "2024-02-09-01-00-00", "latency": 47}, {"date": "2024-02-09-01-00-00", "latency": 47}, {"date": "2024-02-09-01-00-00", "latency": 47}, {"date": "2024-02-09-01-00-00", "latency": 47}, {"date": "2024-02-09-01-00-00", "latency": 47}, {"date": "2024-02-09-01-00-00", "latency": 47}, {"date": "2024-02-09-01-00-00", "latency": 47}, {"date": "2024-02-09-01-00-00", "latency": 47}, {"date": "2024-02-09-01-00-00", "latency": 47}]}, {"location": {"country_code": "us", "region": "Guam", "city": "Dededo"}, "game_id": "747108", "values": [{"date": "2024-02-08-21-00-00", "latency": 141}, {"date": "2024-02-08-21-00-00", "latency": 141}, {"date": "2024-02-08-21-00-00", "latency": 141}, {"date": "2024-02-08-21-00-00", "latency": 141}, {"date": "2024-02-08-21-00-00", "latency": 141}, {"date": "2024-02-08-21-00-00", "latency": 141}, {"date": "2024-02-08-21-00-00", "latency": 141}, {"date": "2024-02-08-21-00-00", "latency": 141}, {"date": "2024-02-08-21-00-00", "latency": 141}, {"date": "2024-02-08-21-00-00", "latency": 141}, {"date": "2024-02-08-21-00-00", "latency": 141}, {"date": "2024-02-08-21-00-00", "latency": 141}, {"date": "2024-02-08-21-00-00", "latency": 141}, {"date": "2024-02-08-21-00-00", "latency": 141}, {"date": "2024-02-08-21-00-00", "latency": 141}, {"date": "2024-02-08-21-00-00", "latency": 141}, {"date": "2024-02-08-21-00-00", "latency": 141}, {"date": "2024-02-08-21-00-00", "latency": 141}, {"date": "2024-02-08-21-00-00", "latency": 141}, {"date": "2024-02-08-21-00-00", "latency": 141}, {"date": "2024-02-08-21-00-00", "latency": 141}, {"date": "2024-02-08-21-00-00", "latency": 141}, {"date": "2024-02-08-21-00-00", "latency": 141}, {"date": "2024-02-08-21-00-00", "latency": 141}, {"date": "2024-02-08-21-00-00", "latency": 141}, {"date": "2024-02-08-21-00-00", "latency": 141}, {"date": "2024-02-08-21-00-00", "latency": 141}, {"date": "2024-02-08-21-00-00", "latency": 141}, {"date": "2024-02-08-21-00-00", "latency": 141}, {"date": "2024-02-08-21-00-00", "latency": 141}, {"date": "2024-02-08-21-00-00", "latency": 141}, {"date": "2024-02-08-21-00-00", "latency": 141}, {"date": "2024-02-08-21-00-00", "latency": 141}, {"date": "2024-02-08-09-00-00", "latency": 47}, {"date": "2024-02-08-09-00-00", "latency": 47}, {"date": "2024-02-08-09-00-00", "latency": 47}, {"date": "2024-02-08-09-00-00", "latency": 47}, {"date": "2024-02-08-09-00-00", "latency": 47}, {"date": "2024-02-08-09-00-00", "latency": 47}, {"date": "2024-02-08-09-00-00", "latency": 47}, {"date": "2024-02-08-09-00-00", "latency": 47}, {"date": "2024-02-08-09-00-00", "latency": 47}, {"date": "2024-02-08-09-00-00", "latency": 47}, {"date": "2024-02-08-09-00-00", "latency": 47}, {"date": "2024-02-08-09-00-00", "latency": 47}, {"date": "2024-02-08-09-00-00", "latency": 47}, {"date": "2024-02-08-09-00-00", "latency": 47}, {"date": "2024-02-08-09-00-00", "latency": 47}, {"date": "2024-02-08-09-00-00", "latency": 47}, {"date": "2024-02-08-09-00-00", "latency": 47}, {"date": "2024-02-08-09-00-00", "latency": 47}, {"date": "2024-02-08-09-00-00", "latency": 47}, {"date": "2024-02-08-09-00-00", "latency": 47}, {"date": "2024-02-08-09-00-00", "latency": 47}, {"date": "2024-02-08-09-00-00", "latency": 47}]}, {"location": {"country_code": "br", "region": "Sao Paulo", "city": "Franca"}, "game_id": "747108", "values": [{"date": "2024-02-08-20-00-00", "latency": 31}, {"date": "2024-02-08-20-00-00", "latency": 31}, {"date": "2024-02-08-20-00-00", "latency": 31}, {"date": "2024-02-08-20-00-00", "latency": 31}, {"date": "2024-02-08-20-00-00", "latency": 31}, {"date": "2024-02-08-20-00-00", "latency": 31}, {"date": "2024-02-08-20-00-00", "latency": 31}, {"date": "2024-02-08-20-00-00", "latency": 31}, {"date": "2024-02-08-20-00-00", "latency": 31}, {"date": "2024-02-08-20-00-00", "latency": 31}, {"date": "2024-02-08-20-00-00", "latency": 31}, {"date": "2024-02-08-20-00-00", "latency": 31}, {"date": "2024-02-08-20-00-00", "latency": 31}, {"date": "2024-02-08-20-00-00", "latency": 31}, {"date": "2024-02-08-20-00-00", "latency": 31}, {"date": "2024-02-08-20-00-00", "latency": 31}, {"date": "2024-02-08-20-00-00", "latency": 31}, {"date": "2024-02-08-20-00-00", "latency": 31}, {"date": "2024-02-08-20-00-00", "latency": 31}, {"date": "2024-02-08-20-00-00", "latency": 31}, {"date": "2024-02-08-20-00-00", "latency": 31}, {"date": "2024-02-08-20-00-00", "latency": 31}, {"date": "2024-02-08-20-00-00", "latency": 31}, {"date": "2024-02-08-20-00-00", "latency": 31}, {"date": "2024-02-08-20-00-00", "latency": 31}, {"date": "2024-02-08-20-00-00", "latency": 31}, {"date": "2024-02-08-20-00-00", "latency": 31}, {"date": "2024-02-08-20-00-00", "latency": 31}, {"date": "2024-02-08-20-00-00", "latency": 31}, {"date": "2024-02-08-20-00-00", "latency": 31}, {"date": "2024-02-08-20-00-00", "latency": 31}, {"date": "2024-02-08-20-00-00", "latency": 31}, {"date": "2024-02-08-20-00-00", "latency": 31}, {"date": "2024-02-08-20-00-00", "latency": 31}, {"date": "2024-02-08-20-00-00", "latency": 31}, {"date": "2024-02-08-20-00-00", "latency": 31}, {"date": "2024-02-08-20-00-00", "latency": 31}, {"date": "2024-02-08-20-00-00", "latency": 31}, {"date": "2024-02-08-20-00-00", "latency": 31}, {"date": "2024-02-08-20-00-00", "latency": 31}, {"date": "2024-02-08-20-00-00", "latency": 31}, {"date": "2024-02-08-20-00-00", "latency": 31}, {"date": "2024-02-08-20-00-00", "latency": 31}, {"date": "2024-02-08-20-00-00", "latency": 31}, {"date": "2024-02-08-20-00-00", "latency": 31}, {"date": "2024-02-08-20-00-00", "latency": 31}, {"date": "2024-02-08-20-00-00", "latency": 31}, {"date": "2024-02-08-20-00-00", "latency": 31}, {"date": "2024-02-08-20-00-00", "latency": 31}, {"date": "2024-02-08-20-00-00", "latency": 31}, {"date": "2024-02-08-20-00-00", "latency": 31}, {"date": "2024-02-08-20-00-00", "latency": 31}, {"date": "2024-02-08-20-00-00", "latency": 31}]}, {"location": {"country_code": "co", "region": "Bogota"}, "game_id": "747108", "values": [{"date": "2024-02-08-09-00-00", "latency": 78}, {"date": "2024-02-08-09-00-00", "latency": 78}, {"date": "2024-02-08-09-00-00", "latency": 78}, {"date": "2024-02-08-09-00-00", "latency": 78}, {"date": "2024-02-08-09-00-00", "latency": 78}, {"date": "2024-02-08-09-00-00", "latency": 78}, {"date": "2024-02-08-09-00-00", "latency": 78}, {"date": "2024-02-08-09-00-00", "latency": 78}, {"date": "2024-02-08-09-00-00", "latency": 78}, {"date": "2024-02-08-09-00-00", "latency": 78}, {"date": "2024-02-08-09-00-00", "latency": 78}, {"date": "2024-02-08-09-00-00", "latency": 78}, {"date": "2024-02-08-09-00-00", "latency": 78}, {"date": "2024-02-08-09-00-00", "latency": 78}, {"date": "2024-02-08-09-00-00", "latency": 78}, {"date": "2024-02-08-09-00-00", "latency": 78}, {"date": "2024-02-08-09-00-00", "latency": 78}, {"date": "2024-02-08-09-00-00", "latency": 78}, {"date": "2024-02-08-09-00-00", "latency": 78}, {"date": "2024-02-08-09-00-00", "latency": 78}, {"date": "2024-02-08-09-00-00", "latency": 78}, {"date": "2024-02-08-09-00-00", "latency": 78}, {"date": "2024-02-08-09-00-00", "latency": 78}, {"date": "2024-02-08-09-00-00", "latency": 78}, {"date": "2024-02-08-09-00-00", "latency": 78}, {"date": "2024-02-08-09-00-00", "latency": 78}, {"date": "2024-02-08-09-00-00", "latency": 78}, {"date": "2024-02-08-09-00-00", "latency": 78}, {"date": "2024-02-08-09-00-00", "latency": 78}, {"date": "2024-02-08-09-00-00", "latency": 78}, {"date": "2024-02-08-09-00-00", "latency": 78}, {"date": "2024-02-08-09-00-00", "latency": 78}, {"date": "2024-02-08-09-00-00", "latency": 78}, {"date": "2024-02-08-09-00-00", "latency": 78}, {"date": "2024-02-08-09-00-00", "latency": 78}, {"date": "2024-02-08-09-00-00", "latency": 78}, {"date": "2024-02-08-09-00-00", "latency": 78}, {"date": "2024-02-08-09-00-00", "latency": 78}, {"date": "2024-02-08-09-00-00", "latency": 78}, {"date": "2024-02-08-09-00-00", "latency": 78}, {"date": "2024-02-08-09-00-00", "latency": 78}, {"date": "2024-02-08-09-00-00", "latency": 78}, {"date": "2024-02-08-09-00-00", "latency": 78}, {"date": "2024-02-08-09-00-00", "latency": 78}, {"date": "2024-02-08-09-00-00", "latency": 78}, {"date": "2024-02-08-09-00-00", "latency": 78}]}, {"location": {"country_code": "fr", "region": "Nord-Passo di Calais-Piccardia", "city": "Albert"}, "game_id": "747108", "values": [{"date": "2024-02-08-15-00-00", "latency": 62}, {"date": "2024-02-08-15-00-00", "latency": 62}, {"date": "2024-02-08-15-00-00", "latency": 62}, {"date": "2024-02-08-15-00-00", "latency": 62}, {"date": "2024-02-08-15-00-00", "latency": 62}, {"date": "2024-02-08-15-00-00", "latency": 62}, {"date": "2024-02-08-15-00-00", "latency": 62}, {"date": "2024-02-08-15-00-00", "latency": 62}, {"date": "2024-02-08-15-00-00", "latency": 62}, {"date": "2024-02-08-15-00-00", "latency": 62}, {"date": "2024-02-08-15-00-00", "latency": 62}, {"date": "2024-02-08-15-00-00", "latency": 62}, {"date": "2024-02-08-15-00-00", "latency": 62}, {"date": "2024-02-08-15-00-00", "latency": 62}, {"date": "2024-02-08-15-00-00", "latency": 62}, {"date": "2024-02-08-15-00-00", "latency": 62}, {"date": "2024-02-08-15-00-00", "latency": 62}, {"date": "2024-02-08-15-00-00", "latency": 62}, {"date": "2024-02-08-15-00-00", "latency": 62}, {"date": "2024-02-08-15-00-00", "latency": 62}, {"date": "2024-02-08-15-00-00", "latency": 62}, {"date": "2024-02-08-15-00-00", "latency": 62}, {"date": "2024-02-08-15-00-00", "latency": 62}, {"date": "2024-02-08-15-00-00", "latency": 62}, {"date": "2024-02-08-15-00-00", "latency": 62}, {"date": "2024-02-08-15-00-00", "latency": 62}, {"date": "2024-02-08-15-00-00", "latency": 62}, {"date": "2024-02-08-15-00-00", "latency": 62}, {"date": "2024-02-08-15-00-00", "latency": 62}, {"date": "2024-02-08-15-00-00", "latency": 62}, {"date": "2024-02-08-15-00-00", "latency": 62}, {"date": "2024-02-08-15-00-00", "latency": 62}, {"date": "2024-02-08-15-00-00", "latency": 62}, {"date": "2024-02-08-15-00-00", "latency": 62}, {"date": "2024-02-08-15-00-00", "latency": 62}, {"date": "2024-02-08-15-00-00", "latency": 62}, {"date": "2024-02-08-15-00-00", "latency": 62}, {"date": "2024-02-08-15-00-00", "latency": 62}, {"date": "2024-02-08-15-00-00", "latency": 62}, {"date": "2024-02-08-15-00-00", "latency": 62}, {"date": "2024-02-08-15-00-00", "latency": 62}, {"date": "2024-02-08-15-00-00", "latency": 62}, {"date": "2024-02-08-15-00-00", "latency": 62}, {"date": "2024-02-08-15-00-00", "latency": 62}, {"date": "2024-02-08-15-00-00", "latency": 62}]}, {"location": {"country_code": "es", "region": "Cantabria", "city": "Torres"}, "game_id": "747108", "values": [{"date": "2024-02-08-20-00-00", "latency": 47}, {"date": "2024-02-08-20-00-00", "latency": 47}, {"date": "2024-02-08-20-00-00", "latency": 47}, {"date": "2024-02-08-20-00-00", "latency": 47}, {"date": "2024-02-08-20-00-00", "latency": 47}, {"date": "2024-02-08-20-00-00", "latency": 47}, {"date": "2024-02-08-20-00-00", "latency": 47}, {"date": "2024-02-08-20-00-00", "latency": 47}, {"date": "2024-02-08-20-00-00", "latency": 47}, {"date": "2024-02-08-20-00-00", "latency": 47}, {"date": "2024-02-08-20-00-00", "latency": 47}, {"date": "2024-02-08-20-00-00", "latency": 47}, {"date": "2024-02-08-20-00-00", "latency": 47}, {"date": "2024-02-08-20-00-00", "latency": 47}]}, {"location": {"country_code": "us", "region": "Arkansas", "city": "Newport"}, "game_id": "747108", "values": [{"date": "2024-02-08-16-00-00", "latency": 31}, {"date": "2024-02-08-16-00-00", "latency": 31}, {"date": "2024-02-08-16-00-00", "latency": 31}, {"date": "2024-02-08-16-00-00", "latency": 31}, {"date": "2024-02-08-16-00-00", "latency": 31}, {"date": "2024-02-08-16-00-00", "latency": 31}, {"date": "2024-02-08-16-00-00", "latency": 31}, {"date": "2024-02-08-16-00-00", "latency": 31}, {"date": "2024-02-08-16-00-00", "latency": 31}, {"date": "2024-02-08-16-00-00", "latency": 31}, {"date": "2024-02-08-16-00-00", "latency": 31}, {"date": "2024-02-08-16-00-00", "latency": 31}, {"date": "2024-02-08-16-00-00", "latency": 31}, {"date": "2024-02-08-16-00-00", "latency": 31}, {"date": "2024-02-08-16-00-00", "latency": 31}, {"date": "2024-02-08-16-00-00", "latency": 31}, {"date": "2024-02-08-16-00-00", "latency": 31}, {"date": "2024-02-08-16-00-00", "latency": 31}, {"date": "2024-02-08-16-00-00", "latency": 31}, {"date": "2024-02-08-16-00-00", "latency": 31}, {"date": "2024-02-08-16-00-00", "latency": 31}, {"date": "2024-02-08-16-00-00", "latency": 31}, {"date": "2024-02-08-16-00-00", "latency": 31}, {"date": "2024-02-08-16-00-00", "latency": 31}, {"date": "2024-02-08-16-00-00", "latency": 31}, {"date": "2024-02-08-16-00-00", "latency": 31}, {"date": "2024-02-08-16-00-00", "latency": 31}]}], "last_updated": 1719926772.547329}