{"data": [{"location": {"country_code": "ca"}, "game_id": "614266", "values": [{"date": "2023-08-09-22-00-00", "latency": 88}]}, {"location": {"country_code": "us", "region": "Florida"}, "game_id": "614266", "values": [{"date": "2023-08-09-02-00-00", "latency": 74}, {"date": "2023-08-09-02-00-00", "latency": 74}, {"date": "2023-08-09-02-00-00", "latency": 74}, {"date": "2023-08-09-02-00-00", "latency": 74}]}, {"location": {"country_code": "us", "region": "Kansas"}, "game_id": "614266", "values": [{"date": "2023-08-09-23-00-00", "latency": 57}, {"date": "2023-08-09-23-00-00", "latency": 57}, {"date": "2023-08-09-23-00-00", "latency": 57}, {"date": "2023-08-09-23-00-00", "latency": 57}, {"date": "2023-08-09-23-00-00", "latency": 57}, {"date": "2023-08-09-23-00-00", "latency": 57}]}, {"location": {"country_code": "us", "region": "Michigan", "city": "Kalamazoo"}, "game_id": "614266", "values": [{"date": "2023-08-09-23-00-00", "latency": 35}]}], "last_updated": 1719927597.036655}