{"data": [{"location": {"country_code": "us"}, "game_id": "319965", "values": [{"date": "2021-09-29-02-00-00", "alternatives": ["56", "56", "50"]}, {"date": "2021-09-29-02-00-00", "alternatives": ["56", "56", "50"]}, {"date": "2021-09-29-02-00-00", "alternatives": ["56", "56", "50"]}, {"date": "2021-09-28-05-00-00", "alternatives": ["59", "59", "105"]}]}, {"location": {"country_code": "us", "region": "Texas", "city": "Austin"}, "game_id": "319965", "values": [{"date": "2021-09-28-03-00-00", "alternatives": ["3", "0", "0"]}, {"date": "2021-09-28-07-00-00", "alternatives": ["50", "550", "50"]}]}, {"location": {"country_code": "de"}, "game_id": "319965", "values": [{"date": "2021-09-28-20-00-00", "alternatives": ["150", "50", "50"]}]}, {"location": {"country_code": "fr", "region": "Ile-de-France Region", "city": "Paris"}, "game_id": "319965", "values": [{"date": "2021-09-28-20-00-00", "alternatives": ["50", "50", "13"]}]}, {"location": {"country_code": "us", "region": "Ohio"}, "game_id": "319965", "values": [{"date": "2021-09-28-08-00-00", "alternatives": ["2", "65", "65"]}, {"date": "2021-09-28-08-00-00", "alternatives": ["2", "65", "65"]}, {"date": "2021-09-28-08-00-00", "alternatives": ["2", "65", "65"]}, {"date": "2021-09-28-08-00-00", "alternatives": ["2", "65", "65"]}]}, {"location": {"country_code": "us", "region": "California"}, "game_id": "319965", "values": [{"date": "2021-09-28-06-00-00", "alternatives": ["50", "550", "50"]}]}, {"location": {"country_code": "us", "region": "California", "city": "East Los Angeles"}, "game_id": "319965", "values": [{"date": "2021-09-28-07-00-00", "alternatives": ["66", "66", "1"]}, {"date": "2021-09-28-05-00-00", "alternatives": ["50", "50", "1"]}, {"date": "2021-09-28-05-00-00", "alternatives": ["50", "50", "1"]}]}, {"location": {"country_code": "au"}, "game_id": "319965", "values": [{"date": "2021-09-28-16-00-00", "alternatives": ["2", "108", "108"]}, {"date": "2021-09-28-11-00-00", "alternatives": ["96", "96", "0"]}, {"date": "2021-09-28-11-00-00", "alternatives": ["96", "96", "0"]}]}, {"location": {"country_code": "au", "region": "Queensland", "city": "Brisbane"}, "game_id": "319965", "values": [{"date": "2021-09-28-12-00-00", "alternatives": ["146", "146", "2"]}, {"date": "2021-09-28-12-00-00", "alternatives": ["146", "146", "2"]}]}, {"location": {"country_code": "ar"}, "game_id": "319965", "values": [{"date": "2021-09-28-21-00-00", "alternatives": ["166", "166", "5"]}, {"date": "2021-09-28-06-00-00", "alternatives": ["172", "172", "9172"]}]}, {"location": {"country_code": "us", "region": "Massachusetts"}, "game_id": "319965", "values": [{"date": "2021-09-28-06-00-00", "alternatives": ["58", "558", "58"]}, {"date": "2021-09-28-06-00-00", "alternatives": ["58", "558", "58"]}]}, {"location": {"country_code": "us", "region": "Alaska"}, "game_id": "319965", "values": [{"date": "2021-09-28-04-00-00", "alternatives": ["7", "0", "0"]}]}, {"location": {"country_code": "us", "region": "Michigan"}, "game_id": "319965", "values": [{"date": "2021-09-28-23-00-00", "alternatives": ["56", "56", "0"]}]}, {"location": {"country_code": "us", "region": "Arizona"}, "game_id": "319965", "values": [{"date": "2021-09-28-05-00-00", "alternatives": ["208", "50", "208"]}]}, {"location": {"country_code": "us", "region": "Wisconsin"}, "game_id": "319965", "values": [{"date": "2021-09-29-00-00-00", "alternatives": ["3", "66", "66"]}]}, {"location": {"country_code": "br", "region": "State of Rio de Janeiro", "city": "Angra dos Reis"}, "game_id": "319965", "values": [{"date": "2021-09-29-00-00-00", "alternatives": ["154", "154", "104"]}, {"date": "2021-09-29-00-00-00", "alternatives": ["154", "154", "104"]}, {"date": "2021-09-29-00-00-00", "alternatives": ["154", "154", "104"]}, {"date": "2021-09-29-00-00-00", "alternatives": ["154", "154", "104"]}, {"date": "2021-09-29-00-00-00", "alternatives": ["154", "154", "104"]}, {"date": "2021-09-29-00-00-00", "alternatives": ["154", "154", "104"]}, {"date": "2021-09-29-00-00-00", "alternatives": ["154", "154", "104"]}, {"date": "2021-09-29-00-00-00", "alternatives": ["154", "154", "104"]}, {"date": "2021-09-29-00-00-00", "alternatives": ["154", "154", "104"]}, {"date": "2021-09-29-00-00-00", "alternatives": ["154", "154", "104"]}]}, {"location": {"country_code": "us", "region": "New Hampshire"}, "game_id": "319965", "values": [{"date": "2021-09-28-07-00-00", "alternatives": ["79", "79", "8"]}]}, {"location": {"country_code": "es", "region": "Andalusia", "city": "Almeria"}, "game_id": "319965", "values": [{"date": "2021-09-29-01-00-00", "alternatives": ["7", "124", "124"]}]}, {"location": {"country_code": "sv"}, "game_id": "319965", "values": [{"date": "2021-09-28-08-00-00", "alternatives": ["99", "99", "2"]}]}, {"location": {"country_code": "ca", "region": "Nova Scotia", "city": "Bedford"}, "game_id": "319965", "values": [{"date": "2021-09-28-23-00-00", "alternatives": ["85", "85", "35"]}]}, {"location": {"country_code": "us", "region": "Alabama"}, "game_id": "319965", "values": [{"date": "2021-09-28-09-00-00", "alternatives": ["50", "550", "50"]}, {"date": "2021-09-28-09-00-00", "alternatives": ["50", "550", "50"]}]}, {"location": {"country_code": "ca", "region": "British Columbia", "city": "Richmond"}, "game_id": "319965", "values": [{"date": "2021-09-28-08-00-00", "alternatives": ["50", "50", "2"]}]}, {"location": {"country_code": "us", "region": "Connecticut"}, "game_id": "319965", "values": [{"date": "2021-09-28-08-00-00", "alternatives": ["87", "87", "837"]}, {"date": "2021-09-28-08-00-00", "alternatives": ["87", "87", "837"]}]}, {"location": {"country_code": "fr", "region": "Provence-Alpes-Cote d'Azur Region"}, "game_id": "319965", "values": [{"date": "2021-09-28-22-00-00", "alternatives": ["50", "50", "1"]}, {"date": "2021-09-28-22-00-00", "alternatives": ["50", "50", "1"]}, {"date": "2021-09-28-22-00-00", "alternatives": ["50", "50", "1"]}, {"date": "2021-09-28-22-00-00", "alternatives": ["50", "50", "1"]}, {"date": "2021-09-28-22-00-00", "alternatives": ["50", "50", "1"]}]}, {"location": {"country_code": "fr", "region": "Brittany Region"}, "game_id": "319965", "values": [{"date": "2021-09-28-22-00-00", "alternatives": ["50", "50", "70"]}]}, {"location": {"country_code": "de", "region": "Schleswig-Holstein", "city": "Kiel"}, "game_id": "319965", "values": [{"date": "2021-09-28-23-00-00", "alternatives": ["50", "50", "2"]}]}, {"location": {"country_code": "am"}, "game_id": "319965", "values": [{"date": "2021-09-28-06-00-00", "alternatives": ["2", "50", "50"]}]}, {"location": {"country_code": "us", "region": "Louisiana", "city": "Houma"}, "game_id": "319965", "values": [{"date": "2021-09-28-12-00-00", "alternatives": ["7", "81", "81"]}]}, {"location": {"country_code": "it", "region": "The Marches", "city": "Chiaravalle"}, "game_id": "319965", "values": [{"date": "2021-09-28-23-00-00", "alternatives": ["50", "50", "9350"]}, {"date": "2021-09-28-23-00-00", "alternatives": ["50", "50", "9350"]}]}], "last_updated": 1719918468.961125}