{"data": [{"location": {"country_code": "us"}, "game_id": "614266", "values": [{"date": "2023-08-20-08-00-00", "latency": 8}, {"date": "2023-08-20-08-00-00", "latency": 8}, {"date": "2023-08-20-08-00-00", "latency": 8}, {"date": "2023-08-20-08-00-00", "latency": 8}, {"date": "2023-08-20-08-00-00", "latency": 8}, {"date": "2023-08-20-08-00-00", "latency": 8}, {"date": "2023-08-20-08-00-00", "latency": 8}, {"date": "2023-08-20-08-00-00", "latency": 8}, {"date": "2023-08-20-08-00-00", "latency": 8}, {"date": "2023-08-20-08-00-00", "latency": 8}, {"date": "2023-08-20-08-00-00", "latency": 8}, {"date": "2023-08-20-08-00-00", "latency": 8}, {"date": "2023-08-20-08-00-00", "latency": 8}, {"date": "2023-08-20-08-00-00", "latency": 8}, {"date": "2023-08-20-08-00-00", "latency": 8}, {"date": "2023-08-20-08-00-00", "latency": 8}, {"date": "2023-08-20-08-00-00", "latency": 8}, {"date": "2023-08-20-08-00-00", "latency": 8}, {"date": "2023-08-20-08-00-00", "latency": 8}, {"date": "2023-08-20-08-00-00", "latency": 8}, {"date": "2023-08-20-08-00-00", "latency": 8}]}, {"location": {"country_code": "us", "region": "New York", "city": "Jamestown"}, "game_id": "614266", "values": [{"date": "2023-08-20-06-00-00", "latency": 12}, {"date": "2023-08-20-06-00-00", "latency": 12}, {"date": "2023-08-20-06-00-00", "latency": 12}, {"date": "2023-08-21-00-00-00", "latency": 23}, {"date": "2023-08-21-00-00-00", "latency": 23}, {"date": "2023-08-21-00-00-00", "latency": 23}]}, {"location": {"country_code": "mx"}, "game_id": "614266", "values": [{"date": "2023-08-20-02-00-00", "latency": 55}, {"date": "2023-08-20-02-00-00", "latency": 55}, {"date": "2023-08-20-02-00-00", "latency": 55}, {"date": "2023-08-20-02-00-00", "latency": 55}, {"date": "2023-08-20-02-00-00", "latency": 55}, {"date": "2023-08-20-02-00-00", "latency": 55}, {"date": "2023-08-20-02-00-00", "latency": 55}, {"date": "2023-08-20-02-00-00", "latency": 55}, {"date": "2023-08-20-02-00-00", "latency": 55}, {"date": "2023-08-20-02-00-00", "latency": 55}, {"date": "2023-08-20-02-00-00", "latency": 55}, {"date": "2023-08-20-02-00-00", "latency": 55}, {"date": "2023-08-20-02-00-00", "latency": 55}, {"date": "2023-08-20-02-00-00", "latency": 55}, {"date": "2023-08-20-02-00-00", "latency": 55}]}, {"location": {"country_code": "us", "region": "California"}, "game_id": "614266", "values": [{"date": "2023-08-20-09-00-00", "latency": 55}, {"date": "2023-08-20-09-00-00", "latency": 55}, {"date": "2023-08-20-09-00-00", "latency": 55}, {"date": "2023-08-20-09-00-00", "latency": 55}, {"date": "2023-08-20-09-00-00", "latency": 55}, {"date": "2023-08-20-09-00-00", "latency": 55}, {"date": "2023-08-20-09-00-00", "latency": 55}, {"date": "2023-08-20-09-00-00", "latency": 55}, {"date": "2023-08-20-09-00-00", "latency": 55}, {"date": "2023-08-20-09-00-00", "latency": 55}, {"date": "2023-08-20-09-00-00", "latency": 55}, {"date": "2023-08-20-09-00-00", "latency": 55}, {"date": "2023-08-20-09-00-00", "latency": 55}, {"date": "2023-08-20-09-00-00", "latency": 55}, {"date": "2023-08-20-09-00-00", "latency": 55}, {"date": "2023-08-20-09-00-00", "latency": 55}, {"date": "2023-08-20-09-00-00", "latency": 55}, {"date": "2023-08-20-09-00-00", "latency": 55}, {"date": "2023-08-20-09-00-00", "latency": 55}, {"date": "2023-08-20-09-00-00", "latency": 55}, {"date": "2023-08-20-09-00-00", "latency": 55}, {"date": "2023-08-20-09-00-00", "latency": 55}, {"date": "2023-08-20-09-00-00", "latency": 55}, {"date": "2023-08-20-09-00-00", "latency": 55}, {"date": "2023-08-20-09-00-00", "latency": 55}, {"date": "2023-08-20-09-00-00", "latency": 55}, {"date": "2023-08-20-09-00-00", "latency": 55}, {"date": "2023-08-20-09-00-00", "latency": 55}, {"date": "2023-08-20-09-00-00", "latency": 55}, {"date": "2023-08-20-09-00-00", "latency": 55}, {"date": "2023-08-20-09-00-00", "latency": 55}, {"date": "2023-08-20-09-00-00", "latency": 55}, {"date": "2023-08-20-09-00-00", "latency": 55}, {"date": "2023-08-20-09-00-00", "latency": 55}, {"date": "2023-08-20-09-00-00", "latency": 55}, {"date": "2023-08-20-09-00-00", "latency": 55}]}, {"location": {"country_code": "au"}, "game_id": "614266", "values": [{"date": "2023-08-20-10-00-00", "latency": 30}, {"date": "2023-08-20-10-00-00", "latency": 30}, {"date": "2023-08-20-10-00-00", "latency": 30}, {"date": "2023-08-20-10-00-00", "latency": 30}, {"date": "2023-08-20-10-00-00", "latency": 30}, {"date": "2023-08-20-10-00-00", "latency": 30}, {"date": "2023-08-20-10-00-00", "latency": 30}, {"date": "2023-08-20-10-00-00", "latency": 30}, {"date": "2023-08-20-10-00-00", "latency": 30}, {"date": "2023-08-20-10-00-00", "latency": 30}]}, {"location": {"country_code": "de", "region": "Free and Hanseatic City of Hamburg", "city": "Hamburg"}, "game_id": "614266", "values": [{"date": "2023-08-20-21-00-00", "latency": 31}, {"date": "2023-08-20-21-00-00", "latency": 31}, {"date": "2023-08-20-21-00-00", "latency": 31}, {"date": "2023-08-20-21-00-00", "latency": 31}, {"date": "2023-08-20-21-00-00", "latency": 31}, {"date": "2023-08-20-21-00-00", "latency": 31}, {"date": "2023-08-20-21-00-00", "latency": 31}, {"date": "2023-08-20-21-00-00", "latency": 31}, {"date": "2023-08-20-21-00-00", "latency": 31}, {"date": "2023-08-20-21-00-00", "latency": 31}, {"date": "2023-08-20-21-00-00", "latency": 31}]}, {"location": {"country_code": "us", "region": "Alaska"}, "game_id": "614266", "values": [{"date": "2023-08-21-02-00-00", "latency": 87}, {"date": "2023-08-21-02-00-00", "latency": 87}, {"date": "2023-08-21-02-00-00", "latency": 87}, {"date": "2023-08-21-02-00-00", "latency": 87}, {"date": "2023-08-21-02-00-00", "latency": 87}, {"date": "2023-08-21-02-00-00", "latency": 87}, {"date": "2023-08-21-02-00-00", "latency": 87}, {"date": "2023-08-21-02-00-00", "latency": 87}, {"date": "2023-08-21-02-00-00", "latency": 87}, {"date": "2023-08-21-02-00-00", "latency": 87}, {"date": "2023-08-21-02-00-00", "latency": 87}, {"date": "2023-08-21-02-00-00", "latency": 87}, {"date": "2023-08-21-02-00-00", "latency": 87}, {"date": "2023-08-21-02-00-00", "latency": 87}]}, {"location": {"country_code": "us", "region": "Illinois", "city": "Chicago"}, "game_id": "614266", "values": [{"date": "2023-08-21-02-00-00", "latency": 31}, {"date": "2023-08-21-02-00-00", "latency": 31}, {"date": "2023-08-21-02-00-00", "latency": 31}, {"date": "2023-08-21-02-00-00", "latency": 31}, {"date": "2023-08-21-02-00-00", "latency": 31}, {"date": "2023-08-21-02-00-00", "latency": 31}, {"date": "2023-08-21-02-00-00", "latency": 31}, {"date": "2023-08-21-02-00-00", "latency": 31}]}, {"location": {"country_code": "ca", "region": "Manitoba", "city": "Winnipeg"}, "game_id": "614266", "values": [{"date": "2023-08-20-04-00-00", "latency": 82}, {"date": "2023-08-20-04-00-00", "latency": 82}, {"date": "2023-08-20-04-00-00", "latency": 82}, {"date": "2023-08-20-04-00-00", "latency": 82}, {"date": "2023-08-20-04-00-00", "latency": 82}, {"date": "2023-08-20-04-00-00", "latency": 82}, {"date": "2023-08-20-04-00-00", "latency": 82}, {"date": "2023-08-20-04-00-00", "latency": 82}, {"date": "2023-08-20-04-00-00", "latency": 82}, {"date": "2023-08-20-04-00-00", "latency": 82}, {"date": "2023-08-20-04-00-00", "latency": 82}, {"date": "2023-08-20-04-00-00", "latency": 82}, {"date": "2023-08-20-04-00-00", "latency": 82}, {"date": "2023-08-20-04-00-00", "latency": 82}, {"date": "2023-08-20-04-00-00", "latency": 82}, {"date": "2023-08-20-04-00-00", "latency": 82}, {"date": "2023-08-20-04-00-00", "latency": 82}, {"date": "2023-08-20-04-00-00", "latency": 82}, {"date": "2023-08-20-04-00-00", "latency": 82}, {"date": "2023-08-20-04-00-00", "latency": 82}, {"date": "2023-08-20-04-00-00", "latency": 82}, {"date": "2023-08-20-04-00-00", "latency": 82}, {"date": "2023-08-20-04-00-00", "latency": 82}, {"date": "2023-08-20-04-00-00", "latency": 82}, {"date": "2023-08-20-04-00-00", "latency": 82}, {"date": "2023-08-20-04-00-00", "latency": 82}, {"date": "2023-08-20-04-00-00", "latency": 82}, {"date": "2023-08-20-04-00-00", "latency": 82}, {"date": "2023-08-20-04-00-00", "latency": 82}, {"date": "2023-08-20-04-00-00", "latency": 82}, {"date": "2023-08-20-04-00-00", "latency": 82}, {"date": "2023-08-20-04-00-00", "latency": 82}, {"date": "2023-08-20-04-00-00", "latency": 82}, {"date": "2023-08-20-04-00-00", "latency": 82}, {"date": "2023-08-20-04-00-00", "latency": 82}, {"date": "2023-08-20-04-00-00", "latency": 82}, {"date": "2023-08-20-04-00-00", "latency": 82}, {"date": "2023-08-20-04-00-00", "latency": 82}, {"date": "2023-08-20-04-00-00", "latency": 82}, {"date": "2023-08-20-04-00-00", "latency": 82}, {"date": "2023-08-20-04-00-00", "latency": 82}, {"date": "2023-08-20-04-00-00", "latency": 82}, {"date": "2023-08-20-04-00-00", "latency": 82}, {"date": "2023-08-20-04-00-00", "latency": 82}, {"date": "2023-08-20-04-00-00", "latency": 82}, {"date": "2023-08-20-04-00-00", "latency": 82}, {"date": "2023-08-20-04-00-00", "latency": 82}, {"date": "2023-08-20-04-00-00", "latency": 82}]}, {"location": {"country_code": "us", "region": "State of Wyoming"}, "game_id": "614266", "values": [{"date": "2023-08-20-14-00-00", "latency": 60}]}, {"location": {"country_code": "bs"}, "game_id": "614266", "values": [{"date": "2023-08-20-20-00-00", "latency": 77}]}, {"location": {"country_code": "us", "region": "Texas", "city": "Pasadena"}, "game_id": "614266", "values": [{"date": "2023-08-20-16-00-00", "latency": 64}, {"date": "2023-08-20-16-00-00", "latency": 64}, {"date": "2023-08-20-16-00-00", "latency": 64}, {"date": "2023-08-20-16-00-00", "latency": 64}, {"date": "2023-08-20-16-00-00", "latency": 64}]}, {"location": {"country_code": "us", "region": "Texas", "city": "Granbury"}, "game_id": "614266", "values": [{"date": "2023-08-20-20-00-00", "latency": 17}, {"date": "2023-08-20-20-00-00", "latency": 17}, {"date": "2023-08-20-20-00-00", "latency": 17}, {"date": "2023-08-20-20-00-00", "latency": 17}, {"date": "2023-08-20-20-00-00", "latency": 17}, {"date": "2023-08-20-20-00-00", "latency": 17}, {"date": "2023-08-20-20-00-00", "latency": 17}, {"date": "2023-08-20-20-00-00", "latency": 17}, {"date": "2023-08-20-20-00-00", "latency": 17}, {"date": "2023-08-20-20-00-00", "latency": 17}]}, {"location": {"country_code": "us", "region": "Ohio", "city": "Middletown"}, "game_id": "614266", "values": [{"date": "2023-08-20-09-00-00", "latency": 57}, {"date": "2023-08-20-09-00-00", "latency": 57}, {"date": "2023-08-20-09-00-00", "latency": 57}, {"date": "2023-08-20-09-00-00", "latency": 57}, {"date": "2023-08-20-09-00-00", "latency": 57}, {"date": "2023-08-20-09-00-00", "latency": 57}, {"date": "2023-08-20-09-00-00", "latency": 57}, {"date": "2023-08-20-09-00-00", "latency": 57}, {"date": "2023-08-20-09-00-00", "latency": 57}, {"date": "2023-08-20-09-00-00", "latency": 57}, {"date": "2023-08-20-09-00-00", "latency": 57}, {"date": "2023-08-20-09-00-00", "latency": 57}, {"date": "2023-08-20-09-00-00", "latency": 57}, {"date": "2023-08-20-09-00-00", "latency": 57}, {"date": "2023-08-20-09-00-00", "latency": 57}, {"date": "2023-08-20-09-00-00", "latency": 57}, {"date": "2023-08-20-09-00-00", "latency": 57}]}, {"location": {"country_code": "us", "region": "Illinois", "city": "Robinson"}, "game_id": "614266", "values": [{"date": "2023-08-20-03-00-00", "latency": 18}]}], "last_updated": 1719926786.793983}