{"data": [{"location": {"country_code": "br", "region": "State of Rio de Janeiro", "city": "Angra dos Reis"}, "game_id": "101342", "values": [{"date": "2024-03-25-00-00-00", "latency": 81}, {"date": "2024-03-25-00-00-00", "latency": 81}, {"date": "2024-03-25-00-00-00", "latency": 81}, {"date": "2024-03-25-00-00-00", "latency": 81}, {"date": "2024-03-25-00-00-00", "latency": 81}]}, {"location": {"country_code": "ca", "region": "British Columbia", "city": "Victoria"}, "game_id": "101342", "values": [{"date": "2024-03-24-02-00-00", "latency": 5}]}], "last_updated": 1719919372.794226}