{"data": [{"location": {"country_code": "us"}, "game_id": "319965", "values": [{"date": "2021-08-02-04-00-00", "alternatives": ["2", "1", "1"]}, {"date": "2021-08-02-04-00-00", "alternatives": ["2", "1", "1"]}, {"date": "2021-08-02-04-00-00", "alternatives": ["2", "1", "1"]}, {"date": "2021-08-02-04-00-00", "alternatives": ["2", "1", "1"]}, {"date": "2021-08-02-04-00-00", "alternatives": ["2", "1", "1"]}, {"date": "2021-08-02-04-00-00", "alternatives": ["2", "1", "1"]}, {"date": "2021-08-02-04-00-00", "alternatives": ["2", "1", "1"]}, {"date": "2021-08-02-04-00-00", "alternatives": ["2", "1", "1"]}, {"date": "2021-08-02-04-00-00", "alternatives": ["2", "1", "1"]}, {"date": "2021-08-02-05-00-00", "alternatives": [2, 50, 50, 50]}, {"date": "2021-08-02-05-00-00", "alternatives": [2, 50, 50, 50]}, {"date": "2021-08-02-05-00-00", "alternatives": [2, 50, 50, 50]}, {"date": "2021-08-02-05-00-00", "alternatives": [2, 50, 50, 50]}, {"date": "2021-08-02-05-00-00", "alternatives": [2, 50, 50, 50]}, {"date": "2021-08-02-07-00-00", "alternatives": [7, 60, 1, 60, 60]}, {"date": "2021-08-03-00-00-00", "alternatives": [7, 50, 50, 50]}, {"date": "2021-08-03-00-00-00", "alternatives": [7, 50, 50, 50]}]}, {"location": {"country_code": "us", "region": "Texas", "city": "Austin"}, "game_id": "319965", "values": [{"date": "2021-08-02-04-00-00", "alternatives": ["50", "50", "354"]}, {"date": "2021-08-02-04-00-00", "alternatives": ["50", "50", "354"]}]}, {"location": {"country_code": "us", "region": "New York", "city": "Jamestown"}, "game_id": "319965", "values": [{"date": "2021-08-02-21-00-00", "alternatives": [43, 50, 50, 50]}, {"date": "2021-08-02-21-00-00", "alternatives": [43, 50, 50, 50]}]}, {"location": {"country_code": "gb"}, "game_id": "319965", "values": [{"date": "2021-08-02-17-00-00", "alternatives": ["88", "88", "33"]}, {"date": "2021-08-02-17-00-00", "alternatives": ["88", "88", "33"]}, {"date": "2021-08-02-17-00-00", "alternatives": ["88", "88", "33"]}, {"date": "2021-08-02-17-00-00", "alternatives": ["88", "88", "33"]}, {"date": "2021-08-02-17-00-00", "alternatives": ["88", "88", "33"]}, {"date": "2021-08-02-17-00-00", "alternatives": ["88", "88", "33"]}, {"date": "2021-08-02-17-00-00", "alternatives": ["88", "88", "33"]}, {"date": "2021-08-03-01-00-00", "alternatives": ["53", "53", "0"]}, {"date": "2021-08-03-01-00-00", "alternatives": ["53", "53", "0"]}, {"date": "2021-08-03-01-00-00", "alternatives": ["53", "53", "0"]}, {"date": "2021-08-03-01-00-00", "alternatives": ["53", "53", "0"]}, {"date": "2021-08-03-01-00-00", "alternatives": ["53", "53", "0"]}]}, {"location": {"country_code": "gr"}, "game_id": "319965", "values": [{"date": "2021-08-02-21-00-00", "alternatives": [7, 117, 1, 117, 117]}, {"date": "2021-08-02-21-00-00", "alternatives": [7, 117, 1, 117, 117]}]}, {"location": {"country_code": "pa"}, "game_id": "319965", "values": [{"date": "2021-08-02-06-00-00", "alternatives": ["155", "155", "150"]}, {"date": "2021-08-02-06-00-00", "alternatives": ["155", "155", "150"]}, {"date": "2021-08-02-06-00-00", "alternatives": ["155", "155", "150"]}, {"date": "2021-08-02-06-00-00", "alternatives": ["155", "155", "150"]}, {"date": "2021-08-02-06-00-00", "alternatives": ["155", "155", "150"]}]}, {"location": {"country_code": "cz"}, "game_id": "319965", "values": [{"date": "2021-08-02-22-00-00", "alternatives": ["7", "50", "50"]}, {"date": "2021-08-02-22-00-00", "alternatives": ["7", "50", "50"]}, {"date": "2021-08-02-22-00-00", "alternatives": ["7", "50", "50"]}, {"date": "2021-08-02-22-00-00", "alternatives": ["7", "50", "50"]}]}, {"location": {"country_code": "de"}, "game_id": "319965", "values": [{"date": "2021-08-02-22-00-00", "alternatives": ["89", "89", "189"]}, {"date": "2021-08-02-22-00-00", "alternatives": ["89", "89", "189"]}, {"date": "2021-08-02-22-00-00", "alternatives": ["89", "89", "189"]}, {"date": "2021-08-02-22-00-00", "alternatives": ["89", "89", "189"]}, {"date": "2021-08-02-22-00-00", "alternatives": ["89", "89", "189"]}, {"date": "2021-08-02-22-00-00", "alternatives": ["89", "89", "189"]}, {"date": "2021-08-02-22-00-00", "alternatives": ["89", "89", "189"]}, {"date": "2021-08-02-22-00-00", "alternatives": ["89", "89", "189"]}, {"date": "2021-08-02-22-00-00", "alternatives": ["89", "89", "189"]}, {"date": "2021-08-02-22-00-00", "alternatives": ["89", "89", "189"]}, {"date": "2021-08-02-22-00-00", "alternatives": ["89", "89", "189"]}, {"date": "2021-08-02-22-00-00", "alternatives": ["89", "89", "189"]}, {"date": "2021-08-02-22-00-00", "alternatives": ["89", "89", "189"]}, {"date": "2021-08-02-22-00-00", "alternatives": ["89", "89", "189"]}, {"date": "2021-08-02-22-00-00", "alternatives": ["89", "89", "189"]}, {"date": "2021-08-02-22-00-00", "alternatives": ["89", "89", "189"]}, {"date": "2021-08-02-22-00-00", "alternatives": ["89", "89", "189"]}, {"date": "2021-08-02-22-00-00", "alternatives": ["89", "89", "189"]}, {"date": "2021-08-03-01-00-00", "alternatives": [6, 50, 50, 50]}, {"date": "2021-08-03-01-00-00", "alternatives": [6, 50, 50, 50]}, {"date": "2021-08-03-01-00-00", "alternatives": [6, 50, 50, 50]}, {"date": "2021-08-03-01-00-00", "alternatives": [6, 50, 50, 50]}, {"date": "2021-08-03-01-00-00", "alternatives": [6, 50, 50, 50]}]}, {"location": {"country_code": "tw"}, "game_id": "319965", "values": [{"date": "2021-08-02-20-00-00", "alternatives": [50, 13, 50, 50]}, {"date": "2021-08-02-18-00-00", "alternatives": [740, 74, 74, 74]}, {"date": "2021-08-02-18-00-00", "alternatives": [740, 74, 74, 74]}, {"date": "2021-08-02-18-00-00", "alternatives": [740, 74, 74, 74]}, {"date": "2021-08-02-18-00-00", "alternatives": [740, 74, 74, 74]}]}, {"location": {"country_code": "mx"}, "game_id": "319965", "values": [{"date": "2021-08-02-02-00-00", "alternatives": [6, 105, 105, 105]}, {"date": "2021-08-03-02-00-00", "alternatives": ["50", "550", "50"]}]}, {"location": {"country_code": "us", "region": "Ohio"}, "game_id": "319965", "values": [{"date": "2021-08-02-05-00-00", "alternatives": [4, 55, 55, 55]}, {"date": "2021-08-02-05-00-00", "alternatives": [4, 55, 55, 55]}, {"date": "2021-08-02-05-00-00", "alternatives": [4, 55, 55, 55]}, {"date": "2021-08-02-05-00-00", "alternatives": [4, 55, 55, 55]}, {"date": "2021-08-02-05-00-00", "alternatives": [4, 55, 55, 55]}, {"date": "2021-08-02-05-00-00", "alternatives": [4, 55, 55, 55]}]}, {"location": {"country_code": "br"}, "game_id": "319965", "values": [{"date": "2021-08-02-03-00-00", "alternatives": [7, 19, 19, 19]}, {"date": "2021-08-02-03-00-00", "alternatives": [7, 19, 19, 19]}, {"date": "2021-08-02-03-00-00", "alternatives": [7, 19, 19, 19]}, {"date": "2021-08-02-03-00-00", "alternatives": [7, 19, 19, 19]}, {"date": "2021-08-02-03-00-00", "alternatives": [7, 19, 19, 19]}, {"date": "2021-08-02-03-00-00", "alternatives": [7, 19, 19, 19]}, {"date": "2021-08-02-03-00-00", "alternatives": [7, 19, 19, 19]}, {"date": "2021-08-02-03-00-00", "alternatives": [7, 19, 19, 19]}, {"date": "2021-08-02-03-00-00", "alternatives": [7, 19, 19, 19]}, {"date": "2021-08-03-02-00-00", "alternatives": [4, 174, 174, 174]}, {"date": "2021-08-03-02-00-00", "alternatives": [4, 174, 174, 174]}, {"date": "2021-08-03-02-00-00", "alternatives": [4, 174, 174, 174]}]}, {"location": {"country_code": "br", "region": "Sao Paulo", "city": "Apiai"}, "game_id": "319965", "values": [{"date": "2021-08-02-04-00-00", "alternatives": ["175", "175", "15"]}, {"date": "2021-08-02-04-00-00", "alternatives": ["175", "175", "15"]}, {"date": "2021-08-02-04-00-00", "alternatives": ["175", "175", "15"]}, {"date": "2021-08-02-04-00-00", "alternatives": ["175", "175", "15"]}, {"date": "2021-08-02-04-00-00", "alternatives": ["175", "175", "15"]}, {"date": "2021-08-02-06-00-00", "alternatives": ["3", "142", "142"]}, {"date": "2021-08-02-03-00-00", "alternatives": [166, 10, 166, 166]}, {"date": "2021-08-02-03-00-00", "alternatives": [166, 10, 166, 166]}, {"date": "2021-08-02-03-00-00", "alternatives": [166, 10, 166, 166]}]}, {"location": {"country_code": "us", "region": "Ohio", "city": "Cincinnati"}, "game_id": "319965", "values": [{"date": "2021-08-03-01-00-00", "alternatives": ["73", "73", "773"]}, {"date": "2021-08-03-01-00-00", "alternatives": ["73", "73", "773"]}]}, {"location": {"country_code": "au"}, "game_id": "319965", "values": [{"date": "2021-08-02-15-00-00", "alternatives": [3, 230, 230, 230]}, {"date": "2021-08-02-15-00-00", "alternatives": [3, 230, 230, 230]}, {"date": "2021-08-02-15-00-00", "alternatives": [3, 230, 230, 230]}, {"date": "2021-08-02-15-00-00", "alternatives": [3, 230, 230, 230]}, {"date": "2021-08-02-15-00-00", "alternatives": ["202", "202", "0620281"]}, {"date": "2021-08-02-15-00-00", "alternatives": ["202", "202", "0620281"]}, {"date": "2021-08-02-15-00-00", "alternatives": ["202", "202", "0620281"]}, {"date": "2021-08-02-15-00-00", "alternatives": ["202", "202", "0620281"]}, {"date": "2021-08-02-15-00-00", "alternatives": ["202", "202", "0620281"]}]}, {"location": {"country_code": "us", "region": "Iowa"}, "game_id": "319965", "values": [{"date": "2021-08-02-06-00-00", "alternatives": [50, 103, 50, 50]}]}, {"location": {"country_code": "kr"}, "game_id": "319965", "values": [{"date": "2021-08-02-15-00-00", "alternatives": [7, 112, 112, 112]}, {"date": "2021-08-02-15-00-00", "alternatives": [7, 112, 112, 112]}, {"date": "2021-08-02-15-00-00", "alternatives": [7, 112, 112, 112]}, {"date": "2021-08-02-15-00-00", "alternatives": [7, 112, 112, 112]}, {"date": "2021-08-02-15-00-00", "alternatives": [7, 112, 112, 112]}, {"date": "2021-08-02-15-00-00", "alternatives": [7, 112, 112, 112]}, {"date": "2021-08-02-15-00-00", "alternatives": [7, 112, 112, 112]}, {"date": "2021-08-02-15-00-00", "alternatives": [7, 112, 112, 112]}, {"date": "2021-08-02-15-00-00", "alternatives": [7, 112, 112, 112]}, {"date": "2021-08-02-15-00-00", "alternatives": [7, 112, 112, 112]}]}, {"location": {"country_code": "us", "region": "California", "city": "San Francisco"}, "game_id": "319965", "values": [{"date": "2021-08-02-07-00-00", "alternatives": ["129", "0", "129"]}]}, {"location": {"country_code": "us", "region": "Ohio", "city": "Cleveland"}, "game_id": "319965", "values": [{"date": "2021-08-02-04-00-00", "alternatives": [5, 50, 50, 50]}, {"date": "2021-08-02-04-00-00", "alternatives": [5, 50, 50, 50]}, {"date": "2021-08-02-04-00-00", "alternatives": [5, 50, 50, 50]}, {"date": "2021-08-02-04-00-00", "alternatives": [5, 50, 50, 50]}, {"date": "2021-08-02-04-00-00", "alternatives": [5, 50, 50, 50]}]}, {"location": {"country_code": "us", "region": "Indiana", "city": "Indianapolis"}, "game_id": "319965", "values": [{"date": "2021-08-02-15-00-00", "alternatives": [7, 76, 76, 76]}, {"date": "2021-08-02-15-00-00", "alternatives": [7, 76, 76, 76]}, {"date": "2021-08-02-15-00-00", "alternatives": [7, 76, 76, 76]}, {"date": "2021-08-02-15-00-00", "alternatives": [7, 76, 76, 76]}, {"date": "2021-08-02-15-00-00", "alternatives": [7, 76, 76, 76]}, {"date": "2021-08-02-15-00-00", "alternatives": [7, 76, 76, 76]}, {"date": "2021-08-02-15-00-00", "alternatives": [7, 76, 76, 76]}, {"date": "2021-08-02-15-00-00", "alternatives": [7, 76, 76, 76]}, {"date": "2021-08-02-15-00-00", "alternatives": [7, 76, 76, 76]}, {"date": "2021-08-02-15-00-00", "alternatives": [7, 76, 76, 76]}]}, {"location": {"country_code": "gb", "region": "England", "city": "London"}, "game_id": "319965", "values": [{"date": "2021-08-02-23-00-00", "alternatives": [5, 50, 50, 50]}, {"date": "2021-08-02-23-00-00", "alternatives": [5, 50, 50, 50]}, {"date": "2021-08-02-23-00-00", "alternatives": [5, 50, 50, 50]}, {"date": "2021-08-02-23-00-00", "alternatives": [5, 50, 50, 50]}, {"date": "2021-08-02-23-00-00", "alternatives": [5, 50, 50, 50]}, {"date": "2021-08-02-23-00-00", "alternatives": [5, 50, 50, 50]}, {"date": "2021-08-02-23-00-00", "alternatives": [5, 50, 50, 50]}, {"date": "2021-08-02-23-00-00", "alternatives": [5, 50, 50, 50]}, {"date": "2021-08-02-23-00-00", "alternatives": [5, 50, 50, 50]}, {"date": "2021-08-02-23-00-00", "alternatives": [5, 50, 50, 50]}, {"date": "2021-08-02-23-00-00", "alternatives": [5, 50, 50, 50]}, {"date": "2021-08-02-23-00-00", "alternatives": [5, 50, 50, 50]}, {"date": "2021-08-02-23-00-00", "alternatives": [5, 50, 50, 50]}, {"date": "2021-08-02-23-00-00", "alternatives": [5, 50, 50, 50]}, {"date": "2021-08-02-23-00-00", "alternatives": [5, 50, 50, 50]}]}, {"location": {"country_code": "pe"}, "game_id": "319965", "values": [{"date": "2021-08-02-10-00-00", "alternatives": [3, 130, 130, 130, 30]}, {"date": "2021-08-02-10-00-00", "alternatives": [3, 130, 130, 130, 30]}, {"date": "2021-08-02-10-00-00", "alternatives": [3, 130, 130, 130, 30]}, {"date": "2021-08-02-10-00-00", "alternatives": [3, 130, 130, 130, 30]}, {"date": "2021-08-02-10-00-00", "alternatives": [3, 130, 130, 130, 30]}, {"date": "2021-08-02-10-00-00", "alternatives": [3, 130, 130, 130, 30]}]}, {"location": {"country_code": "sg"}, "game_id": "319965", "values": [{"date": "2021-08-02-21-00-00", "alternatives": [3, 321, 321, 321]}]}, {"location": {"country_code": "tr", "region": "Marmara Bolgesi", "city": "Istanbul"}, "game_id": "319965", "values": [{"date": "2021-08-02-20-00-00", "alternatives": ["55", "55", "95"]}, {"date": "2021-08-02-20-00-00", "alternatives": ["55", "55", "95"]}, {"date": "2021-08-02-20-00-00", "alternatives": ["55", "55", "95"]}, {"date": "2021-08-02-20-00-00", "alternatives": ["55", "55", "95"]}]}, {"location": {"country_code": "us", "region": "District of Columbia", "city": "Washington"}, "game_id": "319965", "values": [{"date": "2021-08-02-05-00-00", "alternatives": ["50", "550", "50"]}]}, {"location": {"country_code": "ca", "region": "Ontario", "city": "Toronto"}, "game_id": "319965", "values": [{"date": "2021-08-02-04-00-00", "alternatives": ["50", "550", "50"]}, {"date": "2021-08-02-04-00-00", "alternatives": ["50", "550", "50"]}, {"date": "2021-08-02-04-00-00", "alternatives": ["50", "550", "50"]}, {"date": "2021-08-02-04-00-00", "alternatives": ["50", "550", "50"]}, {"date": "2021-08-02-05-00-00", "alternatives": ["9", "103", "103"]}, {"date": "2021-08-02-05-00-00", "alternatives": ["9", "103", "103"]}, {"date": "2021-08-02-05-00-00", "alternatives": ["9", "103", "103"]}, {"date": "2021-08-02-05-00-00", "alternatives": ["9", "103", "103"]}]}, {"location": {"country_code": "do"}, "game_id": "319965", "values": [{"date": "2021-08-02-05-00-00", "alternatives": [3, 143, 143, 143, 0]}, {"date": "2021-08-02-05-00-00", "alternatives": [3, 143, 143, 143, 0]}, {"date": "2021-08-02-05-00-00", "alternatives": [3, 143, 143, 143, 0]}, {"date": "2021-08-02-05-00-00", "alternatives": [3, 143, 143, 143, 0]}, {"date": "2021-08-02-05-00-00", "alternatives": [3, 143, 143, 143, 0]}, {"date": "2021-08-02-04-00-00", "alternatives": ["52", "52", "92"]}, {"date": "2021-08-02-04-00-00", "alternatives": ["52", "52", "92"]}, {"date": "2021-08-02-04-00-00", "alternatives": ["52", "52", "92"]}, {"date": "2021-08-02-04-00-00", "alternatives": ["52", "52", "92"]}, {"date": "2021-08-02-04-00-00", "alternatives": ["52", "52", "92"]}, {"date": "2021-08-02-04-00-00", "alternatives": ["52", "52", "92"]}, {"date": "2021-08-02-04-00-00", "alternatives": ["52", "52", "92"]}]}, {"location": {"country_code": "br", "region": "State of Rio de Janeiro", "city": "Angra dos Reis"}, "game_id": "319965", "values": [{"date": "2021-08-03-02-00-00", "alternatives": [0, 110, 110, 110]}, {"date": "2021-08-03-02-00-00", "alternatives": [0, 110, 110, 110]}, {"date": "2021-08-03-02-00-00", "alternatives": [0, 110, 110, 110]}, {"date": "2021-08-03-02-00-00", "alternatives": [0, 110, 110, 110]}, {"date": "2021-08-03-02-00-00", "alternatives": [0, 110, 110, 110]}, {"date": "2021-08-03-02-00-00", "alternatives": [0, 110, 110, 110]}]}, {"location": {"country_code": "us", "region": "New Hampshire"}, "game_id": "319965", "values": [{"date": "2021-08-02-11-00-00", "alternatives": ["50", "550", "50"]}, {"date": "2021-08-02-11-00-00", "alternatives": ["50", "550", "50"]}, {"date": "2021-08-02-11-00-00", "alternatives": ["50", "550", "50"]}, {"date": "2021-08-02-11-00-00", "alternatives": ["50", "550", "50"]}, {"date": "2021-08-02-11-00-00", "alternatives": ["50", "550", "50"]}, {"date": "2021-08-02-11-00-00", "alternatives": ["50", "550", "50"]}, {"date": "2021-08-02-11-00-00", "alternatives": ["50", "550", "50"]}]}, {"location": {"country_code": "us", "region": "Kentucky"}, "game_id": "319965", "values": [{"date": "2021-08-02-09-00-00", "alternatives": ["50", "550", "50"]}, {"date": "2021-08-02-09-00-00", "alternatives": ["50", "550", "50"]}]}, {"location": {"country_code": "br", "region": "Rio Grande do Sul"}, "game_id": "319965", "values": [{"date": "2021-08-03-01-00-00", "alternatives": [2, 136, 136, 136, 0]}]}, {"location": {"country_code": "us", "region": "Texas", "city": "Irving"}, "game_id": "319965", "values": [{"date": "2021-08-02-11-00-00", "alternatives": [3, 50, 50, 50]}, {"date": "2021-08-02-11-00-00", "alternatives": [3, 50, 50, 50]}, {"date": "2021-08-02-11-00-00", "alternatives": [3, 50, 50, 50]}, {"date": "2021-08-02-11-00-00", "alternatives": [3, 50, 50, 50]}, {"date": "2021-08-02-11-00-00", "alternatives": [3, 50, 50, 50]}, {"date": "2021-08-02-11-00-00", "alternatives": [3, 50, 50, 50]}, {"date": "2021-08-02-11-00-00", "alternatives": [3, 50, 50, 50]}, {"date": "2021-08-02-11-00-00", "alternatives": [3, 50, 50, 50]}, {"date": "2021-08-02-11-00-00", "alternatives": [3, 50, 50, 50]}]}, {"location": {"country_code": "au", "region": "Queensland", "city": "Brisbane"}, "game_id": "319965", "values": [{"date": "2021-08-02-18-00-00", "alternatives": [3, 105, 105, 105]}, {"date": "2021-08-02-18-00-00", "alternatives": [3, 105, 105, 105]}, {"date": "2021-08-02-18-00-00", "alternatives": [3, 105, 105, 105]}]}, {"location": {"country_code": "ca", "region": "Alberta", "city": "Calgary"}, "game_id": "319965", "values": [{"date": "2021-08-02-11-00-00", "alternatives": [2, 78, 78, 78]}, {"date": "2021-08-02-11-00-00", "alternatives": [2, 78, 78, 78]}, {"date": "2021-08-02-11-00-00", "alternatives": [2, 78, 78, 78]}]}, {"location": {"country_code": "gb", "region": "England", "city": "Sheffield"}, "game_id": "319965", "values": [{"date": "2021-08-02-22-00-00", "alternatives": [7, 82, 82, 82]}, {"date": "2021-08-02-22-00-00", "alternatives": [7, 82, 82, 82]}, {"date": "2021-08-02-22-00-00", "alternatives": [7, 82, 82, 82]}, {"date": "2021-08-02-22-00-00", "alternatives": [7, 82, 82, 82]}, {"date": "2021-08-02-22-00-00", "alternatives": [7, 82, 82, 82]}, {"date": "2021-08-02-22-00-00", "alternatives": [7, 82, 82, 82]}, {"date": "2021-08-02-22-00-00", "alternatives": [7, 82, 82, 82]}, {"date": "2021-08-02-22-00-00", "alternatives": [7, 82, 82, 82]}, {"date": "2021-08-02-22-00-00", "alternatives": [7, 82, 82, 82]}, {"date": "2021-08-02-22-00-00", "alternatives": [7, 82, 82, 82]}]}, {"location": {"country_code": "us", "region": "Pennsylvania", "city": "Allentown"}, "game_id": "319965", "values": [{"date": "2021-08-02-05-00-00", "alternatives": [1, 100, 100, 100]}]}, {"location": {"country_code": "cr", "region": "San Jose", "city": "San Jose"}, "game_id": "319965", "values": [{"date": "2021-08-02-11-00-00", "alternatives": [2, 104, 104, 104]}, {"date": "2021-08-02-11-00-00", "alternatives": [2, 104, 104, 104]}, {"date": "2021-08-02-11-00-00", "alternatives": [2, 104, 104, 104]}, {"date": "2021-08-02-11-00-00", "alternatives": [2, 104, 104, 104]}, {"date": "2021-08-02-11-00-00", "alternatives": [2, 104, 104, 104]}]}, {"location": {"country_code": "no", "region": "Trndelag", "city": "Trondheim"}, "game_id": "319965", "values": [{"date": "2021-08-02-20-00-00", "alternatives": [50, 550, 50, 50]}, {"date": "2021-08-02-20-00-00", "alternatives": [50, 550, 50, 50]}, {"date": "2021-08-02-20-00-00", "alternatives": [50, 550, 50, 50]}, {"date": "2021-08-02-20-00-00", "alternatives": [50, 550, 50, 50]}, {"date": "2021-08-02-20-00-00", "alternatives": [50, 550, 50, 50]}, {"date": "2021-08-02-20-00-00", "alternatives": [50, 550, 50, 50]}, {"date": "2021-08-02-20-00-00", "alternatives": [50, 550, 50, 50]}]}, {"location": {"country_code": "fr", "region": "Provence-Alpes-Cote d'Azur Region", "city": "Mandelieu-la-Napoule"}, "game_id": "319965", "values": [{"date": "2021-08-03-00-00-00", "alternatives": [50, 550, 50, 50]}, {"date": "2021-08-03-00-00-00", "alternatives": [50, 550, 50, 50]}, {"date": "2021-08-03-00-00-00", "alternatives": [50, 550, 50, 50]}, {"date": "2021-08-03-00-00-00", "alternatives": [50, 550, 50, 50]}, {"date": "2021-08-03-00-00-00", "alternatives": [50, 550, 50, 50]}, {"date": "2021-08-03-00-00-00", "alternatives": [50, 550, 50, 50]}]}, {"location": {"country_code": "gb", "region": "England", "city": "Andover"}, "game_id": "319965", "values": [{"date": "2021-08-02-17-00-00", "alternatives": [83, 38, 83, 83]}, {"date": "2021-08-02-17-00-00", "alternatives": [83, 38, 83, 83]}, {"date": "2021-08-02-17-00-00", "alternatives": [83, 38, 83, 83]}, {"date": "2021-08-02-17-00-00", "alternatives": [83, 38, 83, 83]}, {"date": "2021-08-02-17-00-00", "alternatives": [83, 38, 83, 83]}, {"date": "2021-08-02-17-00-00", "alternatives": [83, 38, 83, 83]}, {"date": "2021-08-02-17-00-00", "alternatives": [83, 38, 83, 83]}, {"date": "2021-08-02-17-00-00", "alternatives": [83, 38, 83, 83]}]}, {"location": {"country_code": "sk", "region": "Trnava Region", "city": "Samorin"}, "game_id": "319965", "values": [{"date": "2021-08-02-23-00-00", "alternatives": ["50", "50", "250"]}, {"date": "2021-08-02-23-00-00", "alternatives": ["50", "50", "250"]}, {"date": "2021-08-02-23-00-00", "alternatives": ["50", "50", "250"]}, {"date": "2021-08-02-23-00-00", "alternatives": ["50", "50", "250"]}, {"date": "2021-08-02-23-00-00", "alternatives": ["50", "50", "250"]}, {"date": "2021-08-02-23-00-00", "alternatives": ["50", "50", "250"]}, {"date": "2021-08-02-23-00-00", "alternatives": ["50", "50", "250"]}, {"date": "2021-08-02-23-00-00", "alternatives": ["50", "50", "250"]}]}, {"location": {"country_code": "us", "region": "New Jersey", "city": "Point Pleasant"}, "game_id": "319965", "values": [{"date": "2021-08-02-04-00-00", "alternatives": [3, 50, 50, 50]}, {"date": "2021-08-02-04-00-00", "alternatives": [3, 50, 50, 50]}, {"date": "2021-08-02-04-00-00", "alternatives": [3, 50, 50, 50]}, {"date": "2021-08-02-04-00-00", "alternatives": [3, 50, 50, 50]}, {"date": "2021-08-02-04-00-00", "alternatives": [3, 50, 50, 50]}]}], "last_updated": 1719918469.366802}