{"data": [{"location": {"country_code": "us"}, "game_id": "118849", "values": [{"date": "2023-02-16-08-00-00", "latency": 3}, {"date": "2023-02-16-08-00-00", "latency": 3}, {"date": "2023-02-16-22-00-00", "latency": 2}]}, {"location": {"country_code": "de", "region": "Berlin", "city": "Berlin"}, "game_id": "118849", "values": [{"date": "2023-02-16-14-00-00", "latency": 2}, {"date": "2023-02-16-14-00-00", "latency": 2}, {"date": "2023-02-16-14-00-00", "latency": 2}]}, {"location": {"country_code": "us", "region": "New York", "city": "Jamestown"}, "game_id": "118849", "values": [{"date": "2023-02-16-20-00-00", "latency": 1}]}, {"location": {"country_code": "za"}, "game_id": "118849", "values": [{"date": "2023-02-16-16-00-00", "latency": 1}]}, {"location": {"country_code": "jp"}, "game_id": "118849", "values": [{"date": "2023-02-16-15-00-00", "latency": 5}]}, {"location": {"country_code": "ca"}, "game_id": "118849", "values": [{"date": "2023-02-16-05-00-00", "latency": 5}, {"date": "2023-02-16-04-00-00", "latency": 4}]}, {"location": {"country_code": "de"}, "game_id": "118849", "values": [{"date": "2023-02-16-11-00-00", "latency": 2}]}, {"location": {"country_code": "mx"}, "game_id": "118849", "values": [{"date": "2023-02-16-04-00-00", "latency": 76}, {"date": "2023-02-16-04-00-00", "latency": 76}, {"date": "2023-02-16-04-00-00", "latency": 76}, {"date": "2023-02-16-04-00-00", "latency": 76}, {"date": "2023-02-16-04-00-00", "latency": 76}]}, {"location": {"country_code": "br"}, "game_id": "118849", "values": [{"date": "2023-02-17-00-00-00", "latency": 3}]}, {"location": {"country_code": "br", "region": "Minas Gerais", "city": "Lassance"}, "game_id": "118849", "values": [{"date": "2023-02-16-14-00-00", "latency": 2}]}, {"location": {"country_code": "us", "region": "California", "city": "East Los Angeles"}, "game_id": "118849", "values": [{"date": "2023-02-16-08-00-00", "latency": 1}]}, {"location": {"country_code": "au"}, "game_id": "118849", "values": [{"date": "2023-02-16-10-00-00", "latency": 203}, {"date": "2023-02-16-10-00-00", "latency": 203}]}, {"location": {"country_code": "dk"}, "game_id": "118849", "values": [{"date": "2023-02-16-13-00-00", "latency": 3}, {"date": "2023-02-16-13-00-00", "latency": 3}]}, {"location": {"country_code": "es", "region": "Andalusia", "city": "Granada"}, "game_id": "118849", "values": [{"date": "2023-02-16-15-00-00", "latency": 2}]}, {"location": {"country_code": "ar"}, "game_id": "118849", "values": [{"date": "2023-02-16-01-00-00", "latency": 3}]}, {"location": {"country_code": "vn"}, "game_id": "118849", "values": [{"date": "2023-02-16-11-00-00", "latency": 0}, {"date": "2023-02-16-11-00-00", "latency": 0}]}, {"location": {"country_code": "fi"}, "game_id": "118849", "values": [{"date": "2023-02-16-18-00-00", "latency": 4}]}, {"location": {"country_code": "us", "region": "Hawaii"}, "game_id": "118849", "values": [{"date": "2023-02-16-02-00-00", "latency": 1}]}, {"location": {"country_code": "us", "region": "Michigan"}, "game_id": "118849", "values": [{"date": "2023-02-16-01-00-00", "latency": 1}]}, {"location": {"country_code": "at"}, "game_id": "118849", "values": [{"date": "2023-02-16-21-00-00", "latency": 0}]}, {"location": {"country_code": "co", "region": "Antioquia", "city": "Medellin"}, "game_id": "118849", "values": [{"date": "2023-02-16-05-00-00", "latency": 2}, {"date": "2023-02-16-05-00-00", "latency": 2}, {"date": "2023-02-16-05-00-00", "latency": 2}]}, {"location": {"country_code": "us", "region": "North Carolina"}, "game_id": "118849", "values": [{"date": "2023-02-16-05-00-00", "latency": 4}]}, {"location": {"country_code": "ua"}, "game_id": "118849", "values": [{"date": "2023-02-16-16-00-00", "latency": 1}, {"date": "2023-02-16-16-00-00", "latency": 1}, {"date": "2023-02-16-16-00-00", "latency": 1}, {"date": "2023-02-16-16-00-00", "latency": 1}, {"date": "2023-02-16-16-00-00", "latency": 1}, {"date": "2023-02-16-16-00-00", "latency": 1}, {"date": "2023-02-16-16-00-00", "latency": 1}, {"date": "2023-02-16-16-00-00", "latency": 1}, {"date": "2023-02-16-16-00-00", "latency": 1}]}, {"location": {"country_code": "gr", "region": "Apokentromeni Dioikisi Attikis", "city": "Athens"}, "game_id": "118849", "values": [{"date": "2023-02-16-17-00-00", "latency": 30}]}, {"location": {"country_code": "pe", "region": "Lima region", "city": "Lima"}, "game_id": "118849", "values": [{"date": "2023-02-16-02-00-00", "latency": 1}, {"date": "2023-02-16-02-00-00", "latency": 1}]}, {"location": {"country_code": "us", "region": "Washington"}, "game_id": "118849", "values": [{"date": "2023-02-16-09-00-00", "latency": 3}, {"date": "2023-02-16-09-00-00", "latency": 3}, {"date": "2023-02-16-09-00-00", "latency": 3}]}, {"location": {"country_code": "us", "region": "Montana"}, "game_id": "118849", "values": [{"date": "2023-02-16-18-00-00", "latency": 3}]}, {"location": {"country_code": "us", "region": "New York"}, "game_id": "118849", "values": [{"date": "2023-02-16-23-00-00", "latency": 4}]}, {"location": {"country_code": "us", "region": "California", "city": "Oceanside"}, "game_id": "118849", "values": [{"date": "2023-02-16-03-00-00", "latency": 7}]}, {"location": {"country_code": "mx", "region": "Baja California", "city": "Mexicali"}, "game_id": "118849", "values": [{"date": "2023-02-16-06-00-00", "latency": 34}]}, {"location": {"country_code": "us", "region": "California", "city": "Stockton"}, "game_id": "118849", "values": [{"date": "2023-02-16-07-00-00", "latency": 5}, {"date": "2023-02-16-07-00-00", "latency": 5}]}, {"location": {"country_code": "pl", "region": "Lubusz Voivodship", "city": "Zielona Gora"}, "game_id": "118849", "values": [{"date": "2023-02-16-20-00-00", "latency": 5}]}, {"location": {"country_code": "pl", "region": "Silesian Voivodeship", "city": "Tarnowskie Gory"}, "game_id": "118849", "values": [{"date": "2023-02-16-18-00-00", "latency": 4}]}], "last_updated": 1719919340.471325}