{"data": [{"location": {"country_code": "us"}, "game_id": "747108", "values": [{"date": "2024-02-01-12-00-00", "latency": 32}, {"date": "2024-02-01-12-00-00", "latency": 32}]}, {"location": {"country_code": "us", "region": "New York", "city": "Jamestown"}, "game_id": "747108", "values": [{"date": "2024-02-01-04-00-00", "latency": 32}, {"date": "2024-02-01-04-00-00", "latency": 32}, {"date": "2024-02-01-04-00-00", "latency": 32}]}, {"location": {"country_code": "nl"}, "game_id": "747108", "values": [{"date": "2024-02-02-01-00-00", "latency": 32}, {"date": "2024-02-02-01-00-00", "latency": 32}]}, {"location": {"country_code": "ca"}, "game_id": "747108", "values": [{"date": "2024-02-01-04-00-00", "latency": 63}, {"date": "2024-02-01-04-00-00", "latency": 63}, {"date": "2024-02-01-04-00-00", "latency": 63}]}, {"location": {"country_code": "ca", "region": "Ontario"}, "game_id": "747108", "values": [{"date": "2024-02-02-00-00-00", "latency": 32}, {"date": "2024-02-02-00-00-00", "latency": 32}]}, {"location": {"country_code": "de"}, "game_id": "747108", "values": [{"date": "2024-02-01-20-00-00", "latency": 47}]}, {"location": {"country_code": "br"}, "game_id": "747108", "values": [{"date": "2024-02-02-01-00-00", "latency": 32}, {"date": "2024-02-02-01-00-00", "latency": 32}, {"date": "2024-02-02-01-00-00", "latency": 32}, {"date": "2024-02-02-01-00-00", "latency": 32}, {"date": "2024-02-02-01-00-00", "latency": 32}]}, {"location": {"country_code": "us", "region": "Maryland", "city": "Dundalk"}, "game_id": "747108", "values": [{"date": "2024-02-01-07-00-00", "latency": 31}, {"date": "2024-02-01-07-00-00", "latency": 31}, {"date": "2024-02-01-07-00-00", "latency": 31}, {"date": "2024-02-01-07-00-00", "latency": 31}, {"date": "2024-02-01-07-00-00", "latency": 31}, {"date": "2024-02-01-07-00-00", "latency": 31}, {"date": "2024-02-01-07-00-00", "latency": 31}, {"date": "2024-02-01-07-00-00", "latency": 31}]}, {"location": {"country_code": "tr"}, "game_id": "747108", "values": [{"date": "2024-02-01-15-00-00", "latency": 78}, {"date": "2024-02-01-15-00-00", "latency": 78}, {"date": "2024-02-01-15-00-00", "latency": 78}]}, {"location": {"country_code": "kr"}, "game_id": "747108", "values": [{"date": "2024-02-01-13-00-00", "latency": 24}, {"date": "2024-02-01-13-00-00", "latency": 24}]}, {"location": {"country_code": "ar"}, "game_id": "747108", "values": [{"date": "2024-02-02-01-00-00", "latency": 63}, {"date": "2024-02-02-01-00-00", "latency": 63}, {"date": "2024-02-02-01-00-00", "latency": 63}, {"date": "2024-02-02-01-00-00", "latency": 63}, {"date": "2024-02-02-01-00-00", "latency": 63}, {"date": "2024-02-01-03-00-00", "latency": 47}, {"date": "2024-02-01-03-00-00", "latency": 47}, {"date": "2024-02-01-03-00-00", "latency": 47}, {"date": "2024-02-01-03-00-00", "latency": 47}, {"date": "2024-02-01-05-00-00", "latency": 78}, {"date": "2024-02-01-05-00-00", "latency": 78}, {"date": "2024-02-01-05-00-00", "latency": 78}, {"date": "2024-02-01-05-00-00", "latency": 78}]}, {"location": {"country_code": "us", "region": "Texas", "city": "Houston"}, "game_id": "747108", "values": [{"date": "2024-02-02-01-00-00", "latency": 63}, {"date": "2024-02-02-01-00-00", "latency": 63}, {"date": "2024-02-02-01-00-00", "latency": 63}, {"date": "2024-02-02-01-00-00", "latency": 63}, {"date": "2024-02-02-01-00-00", "latency": 63}, {"date": "2024-02-02-01-00-00", "latency": 63}, {"date": "2024-02-02-01-00-00", "latency": 63}, {"date": "2024-02-02-01-00-00", "latency": 63}, {"date": "2024-02-02-01-00-00", "latency": 63}, {"date": "2024-02-02-01-00-00", "latency": 63}, {"date": "2024-02-02-01-00-00", "latency": 63}, {"date": "2024-02-02-01-00-00", "latency": 63}, {"date": "2024-02-02-01-00-00", "latency": 63}, {"date": "2024-02-02-01-00-00", "latency": 63}, {"date": "2024-02-02-01-00-00", "latency": 63}, {"date": "2024-02-02-01-00-00", "latency": 63}, {"date": "2024-02-02-01-00-00", "latency": 63}, {"date": "2024-02-02-01-00-00", "latency": 63}, {"date": "2024-02-02-01-00-00", "latency": 63}, {"date": "2024-02-02-01-00-00", "latency": 63}]}, {"location": {"country_code": "at"}, "game_id": "747108", "values": [{"date": "2024-02-02-00-00-00", "latency": 94}, {"date": "2024-02-02-00-00-00", "latency": 94}, {"date": "2024-02-02-00-00-00", "latency": 94}, {"date": "2024-02-02-00-00-00", "latency": 94}, {"date": "2024-02-02-00-00-00", "latency": 94}, {"date": "2024-02-02-00-00-00", "latency": 94}, {"date": "2024-02-02-00-00-00", "latency": 94}]}, {"location": {"country_code": "br", "region": "Estado de Bahia", "city": "Salvador"}, "game_id": "747108", "values": [{"date": "2024-02-01-23-00-00", "latency": 63}, {"date": "2024-02-01-23-00-00", "latency": 63}, {"date": "2024-02-01-23-00-00", "latency": 63}, {"date": "2024-02-01-23-00-00", "latency": 63}]}, {"location": {"country_code": "pl"}, "game_id": "747108", "values": [{"date": "2024-02-01-22-00-00", "latency": 31}, {"date": "2024-02-01-22-00-00", "latency": 31}, {"date": "2024-02-01-22-00-00", "latency": 31}, {"date": "2024-02-01-22-00-00", "latency": 31}, {"date": "2024-02-01-22-00-00", "latency": 31}, {"date": "2024-02-01-22-00-00", "latency": 31}, {"date": "2024-02-01-22-00-00", "latency": 31}, {"date": "2024-02-01-22-00-00", "latency": 31}, {"date": "2024-02-01-22-00-00", "latency": 31}, {"date": "2024-02-01-22-00-00", "latency": 31}, {"date": "2024-02-02-01-00-00", "latency": 32}, {"date": "2024-02-02-01-00-00", "latency": 32}, {"date": "2024-02-02-01-00-00", "latency": 32}, {"date": "2024-02-02-01-00-00", "latency": 32}]}, {"location": {"country_code": "co", "region": "El Valle", "city": "Cali"}, "game_id": "747108", "values": [{"date": "2024-02-01-07-00-00", "latency": 47}, {"date": "2024-02-01-07-00-00", "latency": 47}]}, {"location": {"country_code": "mx", "region": "Sonora"}, "game_id": "747108", "values": [{"date": "2024-02-01-23-00-00", "latency": 94}, {"date": "2024-02-01-23-00-00", "latency": 94}, {"date": "2024-02-01-23-00-00", "latency": 94}]}, {"location": {"country_code": "de", "region": "North Rhine-Westphalia"}, "game_id": "747108", "values": [{"date": "2024-02-01-21-00-00", "latency": 32}, {"date": "2024-02-01-21-00-00", "latency": 32}, {"date": "2024-02-01-21-00-00", "latency": 32}, {"date": "2024-02-01-21-00-00", "latency": 32}, {"date": "2024-02-01-21-00-00", "latency": 32}, {"date": "2024-02-01-21-00-00", "latency": 32}, {"date": "2024-02-01-21-00-00", "latency": 32}, {"date": "2024-02-01-21-00-00", "latency": 32}]}, {"location": {"country_code": "fr", "region": "Nord-Passo di Calais-Piccardia"}, "game_id": "747108", "values": [{"date": "2024-02-01-22-00-00", "latency": 32}, {"date": "2024-02-01-22-00-00", "latency": 32}]}, {"location": {"country_code": "us", "region": "Ohio", "city": "Dayton"}, "game_id": "747108", "values": [{"date": "2024-02-01-22-00-00", "latency": 63}]}, {"location": {"country_code": "es", "region": "Andalusia", "city": "Cordoba"}, "game_id": "747108", "values": [{"date": "2024-02-01-16-00-00", "latency": 63}, {"date": "2024-02-01-16-00-00", "latency": 63}, {"date": "2024-02-01-16-00-00", "latency": 63}, {"date": "2024-02-01-16-00-00", "latency": 63}, {"date": "2024-02-01-16-00-00", "latency": 63}]}, {"location": {"country_code": "us", "region": "Guam", "city": "Dededo"}, "game_id": "747108", "values": [{"date": "2024-02-01-03-00-00", "latency": 63}]}, {"location": {"country_code": "br", "region": "Sao Paulo", "city": "Franca"}, "game_id": "747108", "values": [{"date": "2024-02-01-22-00-00", "latency": 47}, {"date": "2024-02-01-22-00-00", "latency": 47}]}, {"location": {"country_code": "es", "region": "Cantabria", "city": "Torres"}, "game_id": "747108", "values": [{"date": "2024-02-01-19-00-00", "latency": 63}, {"date": "2024-02-01-19-00-00", "latency": 63}, {"date": "2024-02-01-19-00-00", "latency": 63}, {"date": "2024-02-01-19-00-00", "latency": 63}, {"date": "2024-02-01-19-00-00", "latency": 63}, {"date": "2024-02-01-19-00-00", "latency": 63}, {"date": "2024-02-01-19-00-00", "latency": 63}]}, {"location": {"country_code": "us", "region": "Arkansas", "city": "Newport"}, "game_id": "747108", "values": [{"date": "2024-02-01-16-00-00", "latency": 47}, {"date": "2024-02-01-16-00-00", "latency": 47}, {"date": "2024-02-01-16-00-00", "latency": 47}, {"date": "2024-02-01-16-00-00", "latency": 47}, {"date": "2024-02-01-16-00-00", "latency": 47}, {"date": "2024-02-01-16-00-00", "latency": 47}]}], "last_updated": 1719927593.393702}