{"data": [{"location": {"country_code": "nz"}, "game_id": "747108", "values": [{"date": "2022-09-25-06-00-00", "alternatives": ["88", "83", "83"]}]}, {"location": {"country_code": "us"}, "game_id": "747108", "values": [{"date": "2022-09-26-01-00-00", "alternatives": [16, 6, 16, 6, 6, 16]}, {"date": "2022-09-26-01-00-00", "alternatives": [16, 6, 16, 6, 6, 16]}, {"date": "2022-09-26-01-00-00", "alternatives": [16, 6, 16, 6, 6, 16]}, {"date": "2022-09-26-01-00-00", "alternatives": [16, 6, 16, 6, 6, 16]}, {"date": "2022-09-25-19-00-00", "alternatives": [16, 1, 1641, 16, 16]}, {"date": "2022-09-25-19-00-00", "alternatives": [16, 1, 1641, 16, 16]}, {"date": "2022-09-25-19-00-00", "alternatives": [16, 1, 1641, 16, 16]}, {"date": "2022-09-25-19-00-00", "alternatives": [16, 1, 1641, 16, 16]}, {"date": "2022-09-25-19-00-00", "alternatives": [16, 1, 1641, 16, 16]}, {"date": "2022-09-25-19-00-00", "alternatives": [16, 1, 1641, 16, 16]}, {"date": "2022-09-25-19-00-00", "alternatives": [16, 1, 1641, 16, 16]}, {"date": "2022-09-25-03-00-00", "alternatives": ["78", "78", "18"]}, {"date": "2022-09-25-07-00-00", "alternatives": [8, 78, 78, 78]}, {"date": "2022-09-25-07-00-00", "alternatives": [8, 78, 78, 78]}, {"date": "2022-09-25-07-00-00", "alternatives": [8, 78, 78, 78]}, {"date": "2022-09-25-07-00-00", "alternatives": [8, 78, 78, 78]}, {"date": "2022-09-25-07-00-00", "alternatives": [8, 78, 78, 78]}, {"date": "2022-09-25-07-00-00", "alternatives": [8, 78, 78, 78]}, {"date": "2022-09-26-00-00-00", "alternatives": ["16", "16", "15"]}, {"date": "2022-09-26-00-00-00", "alternatives": ["16", "16", "15"]}, {"date": "2022-09-26-00-00-00", "alternatives": ["16", "16", "15"]}, {"date": "2022-09-26-00-00-00", "alternatives": ["16", "16", "15"]}, {"date": "2022-09-26-00-00-00", "alternatives": ["16", "16", "15"]}, {"date": "2022-09-26-00-00-00", "alternatives": ["16", "16", "15"]}, {"date": "2022-09-26-00-00-00", "alternatives": ["16", "16", "15"]}, {"date": "2022-09-25-05-00-00", "alternatives": ["218", "13", "218"]}, {"date": "2022-09-25-05-00-00", "alternatives": ["218", "13", "218"]}]}, {"location": {"country_code": "us", "region": "New York", "city": "Jamestown"}, "game_id": "747108", "values": [{"date": "2022-09-25-10-00-00", "alternatives": [31, 311, 3, 31, 3, 31]}, {"date": "2022-09-25-10-00-00", "alternatives": [31, 311, 3, 31, 3, 31]}, {"date": "2022-09-25-10-00-00", "alternatives": [31, 311, 3, 31, 3, 31]}, {"date": "2022-09-25-10-00-00", "alternatives": [31, 311, 3, 31, 3, 31]}, {"date": "2022-09-25-10-00-00", "alternatives": [31, 311, 3, 31, 3, 31]}, {"date": "2022-09-25-10-00-00", "alternatives": [31, 311, 3, 31, 3, 31]}]}, {"location": {"country_code": "th"}, "game_id": "747108", "values": [{"date": "2022-09-25-17-00-00", "alternatives": ["2", "2", "219"]}, {"date": "2022-09-25-17-00-00", "alternatives": ["2", "2", "219"]}, {"date": "2022-09-25-17-00-00", "alternatives": ["2", "2", "219"]}, {"date": "2022-09-25-17-00-00", "alternatives": ["2", "2", "219"]}, {"date": "2022-09-25-17-00-00", "alternatives": ["2", "2", "219"]}, {"date": "2022-09-25-17-00-00", "alternatives": ["2", "2", "219"]}, {"date": "2022-09-25-17-00-00", "alternatives": ["2", "2", "219"]}, {"date": "2022-09-25-17-00-00", "alternatives": ["2", "2", "219"]}, {"date": "2022-09-25-17-00-00", "alternatives": ["2", "2", "219"]}, {"date": "2022-09-25-17-00-00", "alternatives": ["2", "2", "219"]}]}, {"location": {"country_code": "nl"}, "game_id": "747108", "values": [{"date": "2022-09-25-02-00-00", "alternatives": ["720", "172", "172"]}, {"date": "2022-09-25-02-00-00", "alternatives": ["720", "172", "172"]}, {"date": "2022-09-25-02-00-00", "alternatives": ["720", "172", "172"]}, {"date": "2022-09-26-02-00-00", "alternatives": ["16", "16", "106"]}, {"date": "2022-09-26-02-00-00", "alternatives": ["16", "16", "106"]}, {"date": "2022-09-26-02-00-00", "alternatives": ["16", "16", "106"]}]}, {"location": {"country_code": "it"}, "game_id": "747108", "values": [{"date": "2022-09-25-21-00-00", "alternatives": ["31", "31", "231"]}, {"date": "2022-09-25-21-00-00", "alternatives": ["31", "31", "231"]}]}, {"location": {"country_code": "ro"}, "game_id": "747108", "values": [{"date": "2022-09-25-14-00-00", "alternatives": ["3", "3", "34"]}, {"date": "2022-09-25-14-00-00", "alternatives": ["3", "3", "34"]}, {"date": "2022-09-25-14-00-00", "alternatives": ["3", "3", "34"]}, {"date": "2022-09-25-14-00-00", "alternatives": ["3", "3", "34"]}]}, {"location": {"country_code": "ca"}, "game_id": "747108", "values": [{"date": "2022-09-25-06-00-00", "alternatives": [63, 68, 63005, 63, 63]}, {"date": "2022-09-25-06-00-00", "alternatives": [63, 68, 63005, 63, 63]}, {"date": "2022-09-25-16-00-00", "alternatives": ["62", "629", "62"]}, {"date": "2022-09-25-04-00-00", "alternatives": [46, 40, 6, 46, 46]}]}, {"location": {"country_code": "de"}, "game_id": "747108", "values": [{"date": "2022-09-25-17-00-00", "alternatives": ["31", "317", "31"]}, {"date": "2022-09-25-17-00-00", "alternatives": ["31", "317", "31"]}, {"date": "2022-09-25-17-00-00", "alternatives": ["31", "317", "31"]}, {"date": "2022-09-25-17-00-00", "alternatives": ["31", "317", "31"]}, {"date": "2022-09-25-17-00-00", "alternatives": ["31", "317", "31"]}, {"date": "2022-09-25-17-00-00", "alternatives": ["31", "317", "31"]}, {"date": "2022-09-25-17-00-00", "alternatives": ["31", "317", "31"]}, {"date": "2022-09-25-17-00-00", "alternatives": ["31", "317", "31"]}, {"date": "2022-09-26-00-00-00", "alternatives": [31, 3, 3, 3, 3]}, {"date": "2022-09-26-00-00-00", "alternatives": [31, 3, 3, 3, 3]}, {"date": "2022-09-26-00-00-00", "alternatives": [31, 3, 3, 3, 3]}, {"date": "2022-09-26-00-00-00", "alternatives": [31, 3, 3, 3, 3]}, {"date": "2022-09-25-20-00-00", "alternatives": [18, 16, 10, 16, 16]}, {"date": "2022-09-25-20-00-00", "alternatives": [18, 16, 10, 16, 16]}, {"date": "2022-09-25-19-00-00", "alternatives": ["140", "1401", "140"]}, {"date": "2022-09-25-19-00-00", "alternatives": ["140", "1401", "140"]}, {"date": "2022-09-25-19-00-00", "alternatives": ["140", "1401", "140"]}, {"date": "2022-09-25-19-00-00", "alternatives": ["140", "1401", "140"]}, {"date": "2022-09-25-19-00-00", "alternatives": ["140", "1401", "140"]}, {"date": "2022-09-25-19-00-00", "alternatives": ["140", "1401", "140"]}, {"date": "2022-09-25-19-00-00", "alternatives": ["140", "1401", "140"]}, {"date": "2022-09-25-19-00-00", "alternatives": ["140", "1401", "140"]}, {"date": "2022-09-25-19-00-00", "alternatives": ["140", "1401", "140"]}, {"date": "2022-09-25-19-00-00", "alternatives": ["140", "1401", "140"]}, {"date": "2022-09-25-19-00-00", "alternatives": ["140", "1401", "140"]}, {"date": "2022-09-25-19-00-00", "alternatives": ["140", "1401", "140"]}]}, {"location": {"country_code": "cl"}, "game_id": "747108", "values": [{"date": "2022-09-25-07-00-00", "alternatives": ["2", "82", "2"]}, {"date": "2022-09-25-07-00-00", "alternatives": ["2", "82", "2"]}, {"date": "2022-09-25-07-00-00", "alternatives": ["2", "82", "2"]}, {"date": "2022-09-25-07-00-00", "alternatives": ["2", "82", "2"]}, {"date": "2022-09-25-07-00-00", "alternatives": ["2", "82", "2"]}, {"date": "2022-09-25-07-00-00", "alternatives": ["2", "82", "2"]}, {"date": "2022-09-26-02-00-00", "alternatives": ["2", "8", "2"]}, {"date": "2022-09-26-02-00-00", "alternatives": ["2", "8", "2"]}, {"date": "2022-09-26-02-00-00", "alternatives": ["2", "8", "2"]}, {"date": "2022-09-26-02-00-00", "alternatives": ["2", "8", "2"]}, {"date": "2022-09-26-02-00-00", "alternatives": ["2", "8", "2"]}, {"date": "2022-09-26-01-00-00", "alternatives": ["47", "7", "7"]}, {"date": "2022-09-26-01-00-00", "alternatives": ["47", "7", "7"]}, {"date": "2022-09-26-01-00-00", "alternatives": ["47", "7", "7"]}, {"date": "2022-09-26-01-00-00", "alternatives": ["47", "7", "7"]}]}, {"location": {"country_code": "us", "region": "Florida"}, "game_id": "747108", "values": [{"date": "2022-09-25-08-00-00", "alternatives": [94, 9, 4, 94, 94]}, {"date": "2022-09-25-08-00-00", "alternatives": [94, 9, 4, 94, 94]}, {"date": "2022-09-25-08-00-00", "alternatives": [94, 9, 4, 94, 94]}, {"date": "2022-09-25-04-00-00", "alternatives": ["3", "81", "3"]}, {"date": "2022-09-25-04-00-00", "alternatives": ["3", "81", "3"]}, {"date": "2022-09-25-04-00-00", "alternatives": ["3", "81", "3"]}, {"date": "2022-09-25-04-00-00", "alternatives": ["3", "81", "3"]}, {"date": "2022-09-25-04-00-00", "alternatives": ["3", "81", "3"]}, {"date": "2022-09-25-04-00-00", "alternatives": ["3", "81", "3"]}, {"date": "2022-09-25-04-00-00", "alternatives": ["3", "81", "3"]}, {"date": "2022-09-25-04-00-00", "alternatives": ["3", "81", "3"]}, {"date": "2022-09-25-04-00-00", "alternatives": ["3", "81", "3"]}, {"date": "2022-09-25-04-00-00", "alternatives": ["3", "81", "3"]}, {"date": "2022-09-25-04-00-00", "alternatives": ["3", "81", "3"]}, {"date": "2022-09-25-04-00-00", "alternatives": ["3", "81", "3"]}, {"date": "2022-09-25-04-00-00", "alternatives": ["3", "81", "3"]}, {"date": "2022-09-25-04-00-00", "alternatives": ["3", "81", "3"]}, {"date": "2022-09-25-04-00-00", "alternatives": ["3", "81", "3"]}]}, {"location": {"country_code": "ph"}, "game_id": "747108", "values": [{"date": "2022-09-25-14-00-00", "alternatives": ["7030", "203", "203"]}, {"date": "2022-09-25-18-00-00", "alternatives": ["156575", "186", "186"]}, {"date": "2022-09-25-18-00-00", "alternatives": ["156575", "186", "186"]}, {"date": "2022-09-25-18-00-00", "alternatives": ["156575", "186", "186"]}, {"date": "2022-09-25-18-00-00", "alternatives": ["156575", "186", "186"]}, {"date": "2022-09-25-14-00-00", "alternatives": ["8", "1", "1"]}, {"date": "2022-09-25-23-00-00", "alternatives": ["17", "17", "171"]}, {"date": "2022-09-25-23-00-00", "alternatives": ["17", "17", "171"]}, {"date": "2022-09-25-23-00-00", "alternatives": ["17", "17", "171"]}, {"date": "2022-09-25-23-00-00", "alternatives": ["17", "17", "171"]}, {"date": "2022-09-25-23-00-00", "alternatives": ["17", "17", "171"]}, {"date": "2022-09-25-23-00-00", "alternatives": ["17", "17", "171"]}, {"date": "2022-09-25-23-00-00", "alternatives": ["17", "17", "171"]}, {"date": "2022-09-25-23-00-00", "alternatives": ["17", "17", "171"]}, {"date": "2022-09-25-23-00-00", "alternatives": ["17", "17", "171"]}, {"date": "2022-09-25-23-00-00", "alternatives": ["17", "17", "171"]}, {"date": "2022-09-25-23-00-00", "alternatives": ["17", "17", "171"]}]}, {"location": {"country_code": "fr"}, "game_id": "747108", "values": [{"date": "2022-09-25-15-00-00", "alternatives": ["18878", "188", "188"]}, {"date": "2022-09-25-15-00-00", "alternatives": ["18878", "188", "188"]}, {"date": "2022-09-25-15-00-00", "alternatives": ["18878", "188", "188"]}, {"date": "2022-09-25-16-00-00", "alternatives": ["31", "318", "31"]}, {"date": "2022-09-25-16-00-00", "alternatives": ["31", "318", "31"]}, {"date": "2022-09-25-16-00-00", "alternatives": ["31", "318", "31"]}, {"date": "2022-09-25-16-00-00", "alternatives": ["31", "318", "31"]}, {"date": "2022-09-25-16-00-00", "alternatives": ["31", "318", "31"]}, {"date": "2022-09-25-16-00-00", "alternatives": ["31", "318", "31"]}, {"date": "2022-09-25-16-00-00", "alternatives": ["31", "318", "31"]}, {"date": "2022-09-25-16-00-00", "alternatives": ["31", "318", "31"]}, {"date": "2022-09-25-16-00-00", "alternatives": ["31", "318", "31"]}, {"date": "2022-09-25-16-00-00", "alternatives": ["31", "318", "31"]}, {"date": "2022-09-25-16-00-00", "alternatives": ["31", "318", "31"]}, {"date": "2022-09-25-16-00-00", "alternatives": ["31", "318", "31"]}, {"date": "2022-09-25-16-00-00", "alternatives": ["31", "318", "31"]}]}, {"location": {"country_code": "mx"}, "game_id": "747108", "values": [{"date": "2022-09-25-10-00-00", "alternatives": ["6365", "63", "63"]}, {"date": "2022-09-25-10-00-00", "alternatives": ["6365", "63", "63"]}, {"date": "2022-09-25-10-00-00", "alternatives": ["6365", "63", "63"]}, {"date": "2022-09-25-10-00-00", "alternatives": ["6365", "63", "63"]}, {"date": "2022-09-25-10-00-00", "alternatives": ["6365", "63", "63"]}, {"date": "2022-09-25-10-00-00", "alternatives": ["6365", "63", "63"]}, {"date": "2022-09-25-10-00-00", "alternatives": ["6365", "63", "63"]}, {"date": "2022-09-25-10-00-00", "alternatives": ["6365", "63", "63"]}, {"date": "2022-09-25-10-00-00", "alternatives": ["6365", "63", "63"]}]}, {"location": {"country_code": "us", "region": "California", "city": "San Francisco"}, "game_id": "747108", "values": [{"date": "2022-09-25-19-00-00", "alternatives": ["94", "4", "4"]}, {"date": "2022-09-25-19-00-00", "alternatives": ["94", "4", "4"]}, {"date": "2022-09-25-19-00-00", "alternatives": ["94", "4", "4"]}, {"date": "2022-09-25-19-00-00", "alternatives": ["94", "4", "4"]}, {"date": "2022-09-25-19-00-00", "alternatives": ["94", "4", "4"]}]}, {"location": {"country_code": "br"}, "game_id": "747108", "values": [{"date": "2022-09-25-04-00-00", "alternatives": ["16", "16", "18"]}, {"date": "2022-09-25-04-00-00", "alternatives": ["16", "16", "18"]}, {"date": "2022-09-25-06-00-00", "alternatives": ["63", "63", "53715"]}, {"date": "2022-09-25-06-00-00", "alternatives": ["63", "63", "53715"]}, {"date": "2022-09-25-06-00-00", "alternatives": ["63", "63", "53715"]}, {"date": "2022-09-25-06-00-00", "alternatives": ["63", "63", "53715"]}, {"date": "2022-09-25-06-00-00", "alternatives": ["63", "63", "53715"]}, {"date": "2022-09-25-06-00-00", "alternatives": ["63", "63", "53715"]}, {"date": "2022-09-25-07-00-00", "alternatives": ["63", "3", "3"]}, {"date": "2022-09-25-07-00-00", "alternatives": ["63", "3", "3"]}, {"date": "2022-09-25-23-00-00", "alternatives": ["32", "32", "52"]}, {"date": "2022-09-25-23-00-00", "alternatives": ["32", "32", "52"]}, {"date": "2022-09-25-23-00-00", "alternatives": ["32", "32", "52"]}, {"date": "2022-09-25-23-00-00", "alternatives": ["32", "32", "52"]}, {"date": "2022-09-25-23-00-00", "alternatives": ["32", "32", "52"]}]}, {"location": {"country_code": "se"}, "game_id": "747108", "values": [{"date": "2022-09-25-18-00-00", "alternatives": [3, 310, 37, 3, 3]}, {"date": "2022-09-25-18-00-00", "alternatives": [3, 310, 37, 3, 3]}, {"date": "2022-09-25-18-00-00", "alternatives": [3, 310, 37, 3, 3]}, {"date": "2022-09-25-18-00-00", "alternatives": [3, 310, 37, 3, 3]}, {"date": "2022-09-25-18-00-00", "alternatives": [3, 310, 37, 3, 3]}, {"date": "2022-09-25-18-00-00", "alternatives": [3, 310, 37, 3, 3]}]}, {"location": {"country_code": "us", "region": "California", "city": "East Los Angeles"}, "game_id": "747108", "values": [{"date": "2022-09-25-06-00-00", "alternatives": [3, 31, 31, 31]}, {"date": "2022-09-25-06-00-00", "alternatives": [3, 31, 31, 31]}, {"date": "2022-09-25-06-00-00", "alternatives": [3, 31, 31, 31]}]}, {"location": {"country_code": "us", "region": "Maryland", "city": "Dundalk"}, "game_id": "747108", "values": [{"date": "2022-09-26-02-00-00", "alternatives": ["1", "1", "15"]}, {"date": "2022-09-26-02-00-00", "alternatives": ["1", "1", "15"]}, {"date": "2022-09-26-02-00-00", "alternatives": ["1", "1", "15"]}]}, {"location": {"country_code": "us", "region": "Texas", "city": "Austin"}, "game_id": "747108", "values": [{"date": "2022-09-25-22-00-00", "alternatives": ["46", "46", "40"]}, {"date": "2022-09-25-22-00-00", "alternatives": ["46", "46", "40"]}]}, {"location": {"country_code": "dk"}, "game_id": "747108", "values": [{"date": "2022-09-25-15-00-00", "alternatives": ["31", "3", "3"]}, {"date": "2022-09-25-15-00-00", "alternatives": ["31", "3", "3"]}]}, {"location": {"country_code": "kr"}, "game_id": "747108", "values": [{"date": "2022-09-25-18-00-00", "alternatives": [1, 15, 1, 15, 15]}, {"date": "2022-09-25-18-00-00", "alternatives": [1, 15, 1, 15, 15]}, {"date": "2022-09-25-06-00-00", "alternatives": ["1", "1", "15"]}, {"date": "2022-09-25-06-00-00", "alternatives": ["1", "1", "15"]}, {"date": "2022-09-25-06-00-00", "alternatives": ["1", "1", "15"]}]}, {"location": {"country_code": "es"}, "game_id": "747108", "values": [{"date": "2022-09-25-19-00-00", "alternatives": [5, 47, 47, 47]}]}, {"location": {"country_code": "ar"}, "game_id": "747108", "values": [{"date": "2022-09-25-10-00-00", "alternatives": ["17", "47", "47"]}, {"date": "2022-09-25-10-00-00", "alternatives": ["17", "47", "47"]}, {"date": "2022-09-25-10-00-00", "alternatives": ["17", "47", "47"]}, {"date": "2022-09-25-10-00-00", "alternatives": ["17", "47", "47"]}, {"date": "2022-09-25-10-00-00", "alternatives": ["17", "47", "47"]}, {"date": "2022-09-25-10-00-00", "alternatives": ["17", "47", "47"]}, {"date": "2022-09-25-10-00-00", "alternatives": ["17", "47", "47"]}, {"date": "2022-09-25-10-00-00", "alternatives": ["17", "47", "47"]}, {"date": "2022-09-25-10-00-00", "alternatives": ["17", "47", "47"]}, {"date": "2022-09-25-10-00-00", "alternatives": ["17", "47", "47"]}, {"date": "2022-09-25-10-00-00", "alternatives": ["17", "47", "47"]}, {"date": "2022-09-25-10-00-00", "alternatives": ["17", "47", "47"]}, {"date": "2022-09-25-10-00-00", "alternatives": ["17", "47", "47"]}, {"date": "2022-09-25-10-00-00", "alternatives": ["17", "47", "47"]}, {"date": "2022-09-25-10-00-00", "alternatives": ["17", "47", "47"]}]}, {"location": {"country_code": "us", "region": "Massachusetts"}, "game_id": "747108", "values": [{"date": "2022-09-26-02-00-00", "alternatives": ["31", "318", "31"]}]}, {"location": {"country_code": "br", "region": "Estado de Bahia", "city": "Salvador"}, "game_id": "747108", "values": [{"date": "2022-09-25-23-00-00", "alternatives": ["7", "7", "87"]}, {"date": "2022-09-25-23-00-00", "alternatives": ["7", "7", "87"]}, {"date": "2022-09-25-23-00-00", "alternatives": ["7", "7", "87"]}, {"date": "2022-09-25-23-00-00", "alternatives": ["7", "7", "87"]}]}, {"location": {"country_code": "us", "region": "California", "city": "Chula Vista"}, "game_id": "747108", "values": [{"date": "2022-09-25-12-00-00", "alternatives": ["4", "47", "4"]}, {"date": "2022-09-25-12-00-00", "alternatives": ["4", "47", "4"]}, {"date": "2022-09-25-12-00-00", "alternatives": ["4", "47", "4"]}, {"date": "2022-09-25-12-00-00", "alternatives": ["4", "47", "4"]}, {"date": "2022-09-25-12-00-00", "alternatives": ["4", "47", "4"]}, {"date": "2022-09-25-12-00-00", "alternatives": ["4", "47", "4"]}, {"date": "2022-09-25-12-00-00", "alternatives": ["4", "47", "4"]}, {"date": "2022-09-25-12-00-00", "alternatives": ["4", "47", "4"]}, {"date": "2022-09-25-12-00-00", "alternatives": ["4", "47", "4"]}, {"date": "2022-09-25-12-00-00", "alternatives": ["4", "47", "4"]}, {"date": "2022-09-25-12-00-00", "alternatives": ["4", "47", "4"]}, {"date": "2022-09-25-12-00-00", "alternatives": ["4", "47", "4"]}, {"date": "2022-09-25-12-00-00", "alternatives": ["4", "47", "4"]}]}, {"location": {"country_code": "pl"}, "game_id": "747108", "values": [{"date": "2022-09-25-12-00-00", "alternatives": [3, 32, 2205, 32, 32]}, {"date": "2022-09-25-12-00-00", "alternatives": [3, 32, 2205, 32, 32]}]}, {"location": {"country_code": "ua"}, "game_id": "747108", "values": [{"date": "2022-09-25-22-00-00", "alternatives": ["47", "7", "7"]}, {"date": "2022-09-25-22-00-00", "alternatives": ["47", "7", "7"]}, {"date": "2022-09-25-22-00-00", "alternatives": ["47", "7", "7"]}, {"date": "2022-09-25-22-00-00", "alternatives": ["47", "7", "7"]}, {"date": "2022-09-25-22-00-00", "alternatives": ["47", "7", "7"]}, {"date": "2022-09-25-22-00-00", "alternatives": ["47", "7", "7"]}]}, {"location": {"country_code": "tr", "region": "Marmara Bolgesi", "city": "Istanbul"}, "game_id": "747108", "values": [{"date": "2022-09-26-00-00-00", "alternatives": ["47", "67", "47"]}, {"date": "2022-09-26-00-00-00", "alternatives": ["47", "67", "47"]}, {"date": "2022-09-26-00-00-00", "alternatives": ["47", "67", "47"]}, {"date": "2022-09-26-00-00-00", "alternatives": ["47", "67", "47"]}, {"date": "2022-09-26-00-00-00", "alternatives": ["47", "67", "47"]}, {"date": "2022-09-26-00-00-00", "alternatives": ["47", "67", "47"]}, {"date": "2022-09-26-00-00-00", "alternatives": ["47", "67", "47"]}, {"date": "2022-09-26-00-00-00", "alternatives": ["47", "67", "47"]}, {"date": "2022-09-26-00-00-00", "alternatives": ["47", "67", "47"]}]}, {"location": {"country_code": "us", "region": "District of Columbia", "city": "Washington"}, "game_id": "747108", "values": [{"date": "2022-09-25-19-00-00", "alternatives": ["31", "318", "31"]}]}, {"location": {"country_code": "br", "region": "State of Rio de Janeiro", "city": "Angra dos Reis"}, "game_id": "747108", "values": [{"date": "2022-09-25-21-00-00", "alternatives": ["32", "32", "37"]}, {"date": "2022-09-25-21-00-00", "alternatives": ["32", "32", "37"]}, {"date": "2022-09-25-21-00-00", "alternatives": ["32", "32", "37"]}]}, {"location": {"country_code": "fr", "region": "Ile-de-France Region", "city": "Paris"}, "game_id": "747108", "values": [{"date": "2022-09-26-02-00-00", "alternatives": [16, 1, 16, 16]}, {"date": "2022-09-26-02-00-00", "alternatives": [16, 1, 16, 16]}, {"date": "2022-09-26-02-00-00", "alternatives": [16, 1, 16, 16]}, {"date": "2022-09-26-02-00-00", "alternatives": [16, 1, 16, 16]}, {"date": "2022-09-26-02-00-00", "alternatives": [16, 1, 16, 16]}, {"date": "2022-09-26-02-00-00", "alternatives": [16, 1, 16, 16]}, {"date": "2022-09-26-02-00-00", "alternatives": [16, 1, 16, 16]}, {"date": "2022-09-26-02-00-00", "alternatives": [16, 1, 16, 16]}]}, {"location": {"country_code": "us", "region": "Florida", "city": "Orlando"}, "game_id": "747108", "values": [{"date": "2022-09-26-02-00-00", "alternatives": ["47", "470", "47"]}, {"date": "2022-09-26-02-00-00", "alternatives": ["47", "470", "47"]}, {"date": "2022-09-26-02-00-00", "alternatives": ["47", "470", "47"]}, {"date": "2022-09-26-02-00-00", "alternatives": ["47", "470", "47"]}, {"date": "2022-09-26-02-00-00", "alternatives": ["47", "470", "47"]}, {"date": "2022-09-26-02-00-00", "alternatives": ["47", "470", "47"]}, {"date": "2022-09-26-02-00-00", "alternatives": ["47", "470", "47"]}]}, {"location": {"country_code": "hr"}, "game_id": "747108", "values": [{"date": "2022-09-25-18-00-00", "alternatives": ["31", "81", "31"]}, {"date": "2022-09-25-18-00-00", "alternatives": ["31", "81", "31"]}, {"date": "2022-09-25-18-00-00", "alternatives": ["31", "81", "31"]}, {"date": "2022-09-25-18-00-00", "alternatives": ["31", "81", "31"]}]}, {"location": {"country_code": "ca", "region": "British Columbia", "city": "Richmond"}, "game_id": "747108", "values": [{"date": "2022-09-26-01-00-00", "alternatives": [3, 30, 31, 31, 31]}, {"date": "2022-09-26-01-00-00", "alternatives": [3, 30, 31, 31, 31]}]}, {"location": {"country_code": "ca", "region": "Quebec"}, "game_id": "747108", "values": [{"date": "2022-09-25-20-00-00", "alternatives": ["31", "31", "21"]}]}, {"location": {"country_code": "mx", "region": "Sonora"}, "game_id": "747108", "values": [{"date": "2022-09-25-06-00-00", "alternatives": ["63", "63", "33"]}]}, {"location": {"country_code": "de", "region": "North Rhine-Westphalia"}, "game_id": "747108", "values": [{"date": "2022-09-25-19-00-00", "alternatives": [16, 1, 16, 16]}, {"date": "2022-09-25-19-00-00", "alternatives": [16, 1, 16, 16]}, {"date": "2022-09-25-19-00-00", "alternatives": [16, 1, 16, 16]}, {"date": "2022-09-25-19-00-00", "alternatives": [16, 1, 16, 16]}, {"date": "2022-09-25-19-00-00", "alternatives": [16, 1, 16, 16]}, {"date": "2022-09-25-19-00-00", "alternatives": [16, 1, 16, 16]}, {"date": "2022-09-25-19-00-00", "alternatives": [16, 1, 16, 16]}, {"date": "2022-09-25-19-00-00", "alternatives": [16, 1, 16, 16]}, {"date": "2022-09-25-19-00-00", "alternatives": [16, 1, 16, 16]}, {"date": "2022-09-25-19-00-00", "alternatives": [16, 1, 16, 16]}, {"date": "2022-09-25-19-00-00", "alternatives": [16, 1, 16, 16]}]}, {"location": {"country_code": "de", "region": "Bavaria", "city": "Munich"}, "game_id": "747108", "values": [{"date": "2022-09-26-01-00-00", "alternatives": [5, 15, 15, 15]}, {"date": "2022-09-26-01-00-00", "alternatives": [5, 15, 15, 15]}, {"date": "2022-09-26-01-00-00", "alternatives": [5, 15, 15, 15]}, {"date": "2022-09-26-01-00-00", "alternatives": [5, 15, 15, 15]}, {"date": "2022-09-26-01-00-00", "alternatives": [5, 15, 15, 15]}, {"date": "2022-09-26-01-00-00", "alternatives": [5, 15, 15, 15]}, {"date": "2022-09-26-01-00-00", "alternatives": [5, 15, 15, 15]}, {"date": "2022-09-26-01-00-00", "alternatives": [5, 15, 15, 15]}]}, {"location": {"country_code": "ae", "region": "Dubai", "city": "Dubai"}, "game_id": "747108", "values": [{"date": "2022-09-25-22-00-00", "alternatives": ["123", "123", "20"]}, {"date": "2022-09-25-22-00-00", "alternatives": ["123", "123", "20"]}, {"date": "2022-09-25-22-00-00", "alternatives": ["123", "123", "20"]}]}, {"location": {"country_code": "br", "region": "Sao Paulo", "city": "Sertaozinho"}, "game_id": "747108", "values": [{"date": "2022-09-26-01-00-00", "alternatives": ["0", "2", "0"]}]}, {"location": {"country_code": "ar", "region": "Santa Fe Province"}, "game_id": "747108", "values": [{"date": "2022-09-25-08-00-00", "alternatives": [5, 47, 4, 47, 47]}, {"date": "2022-09-25-08-00-00", "alternatives": [5, 47, 4, 47, 47]}, {"date": "2022-09-25-08-00-00", "alternatives": [5, 47, 4, 47, 47]}, {"date": "2022-09-25-08-00-00", "alternatives": [5, 47, 4, 47, 47]}, {"date": "2022-09-25-08-00-00", "alternatives": [5, 47, 4, 47, 47]}, {"date": "2022-09-25-08-00-00", "alternatives": [5, 47, 4, 47, 47]}, {"date": "2022-09-25-08-00-00", "alternatives": [5, 47, 4, 47, 47]}, {"date": "2022-09-25-08-00-00", "alternatives": [5, 47, 4, 47, 47]}, {"date": "2022-09-25-08-00-00", "alternatives": [5, 47, 4, 47, 47]}, {"date": "2022-09-25-08-00-00", "alternatives": [5, 47, 4, 47, 47]}, {"date": "2022-09-25-08-00-00", "alternatives": [5, 47, 4, 47, 47]}, {"date": "2022-09-25-08-00-00", "alternatives": [5, 47, 4, 47, 47]}, {"date": "2022-09-25-08-00-00", "alternatives": [5, 47, 4, 47, 47]}]}, {"location": {"country_code": "fr", "region": "Occitanie", "city": "Nimes"}, "game_id": "747108", "values": [{"date": "2022-09-25-14-00-00", "alternatives": ["3", "31", "3"]}]}, {"location": {"country_code": "fr", "region": "Provence-Alpes-Cote d'Azur Region", "city": "Toulon"}, "game_id": "747108", "values": [{"date": "2022-09-26-00-00-00", "alternatives": [1, 16, 16, 16]}, {"date": "2022-09-26-00-00-00", "alternatives": [1, 16, 16, 16]}, {"date": "2022-09-26-00-00-00", "alternatives": [1, 16, 16, 16]}]}, {"location": {"country_code": "de", "region": "Hesse", "city": "Biebertal"}, "game_id": "747108", "values": [{"date": "2022-09-25-19-00-00", "alternatives": ["6", "15", "6"]}, {"date": "2022-09-25-19-00-00", "alternatives": ["6", "15", "6"]}, {"date": "2022-09-25-19-00-00", "alternatives": ["6", "15", "6"]}]}, {"location": {"country_code": "br", "region": "Parana", "city": "Barracao"}, "game_id": "747108", "values": [{"date": "2022-09-25-04-00-00", "alternatives": ["320", "32", "32"]}, {"date": "2022-09-25-04-00-00", "alternatives": ["320", "32", "32"]}, {"date": "2022-09-25-04-00-00", "alternatives": ["320", "32", "32"]}, {"date": "2022-09-25-04-00-00", "alternatives": ["320", "32", "32"]}]}, {"location": {"country_code": "fr", "region": "Nord-Passo di Calais-Piccardia", "city": "Albert"}, "game_id": "747108", "values": [{"date": "2022-09-25-19-00-00", "alternatives": ["32", "32", "321"]}, {"date": "2022-09-25-19-00-00", "alternatives": ["32", "32", "321"]}, {"date": "2022-09-25-19-00-00", "alternatives": ["32", "32", "321"]}, {"date": "2022-09-25-19-00-00", "alternatives": ["32", "32", "321"]}, {"date": "2022-09-25-19-00-00", "alternatives": ["32", "32", "321"]}, {"date": "2022-09-25-19-00-00", "alternatives": ["32", "32", "321"]}]}, {"location": {"country_code": "es", "region": "Cantabria", "city": "Torres"}, "game_id": "747108", "values": [{"date": "2022-09-25-20-00-00", "alternatives": [3, 31, 31, 31]}, {"date": "2022-09-25-20-00-00", "alternatives": [3, 31, 31, 31]}, {"date": "2022-09-25-20-00-00", "alternatives": [3, 31, 31, 31]}, {"date": "2022-09-25-20-00-00", "alternatives": [3, 31, 31, 31]}]}, {"location": {"country_code": "id", "region": "Lampung", "city": "Bandar Lampung"}, "game_id": "747108", "values": [{"date": "2022-09-25-18-00-00", "alternatives": ["266", "266", "260"]}]}, {"location": {"country_code": "us", "region": "Arkansas", "city": "Newport"}, "game_id": "747108", "values": [{"date": "2022-09-26-00-00-00", "alternatives": [31, 3, 31, 31]}, {"date": "2022-09-26-00-00-00", "alternatives": [31, 3, 31, 31]}, {"date": "2022-09-26-00-00-00", "alternatives": [31, 3, 31, 31]}, {"date": "2022-09-26-00-00-00", "alternatives": [31, 3, 31, 31]}, {"date": "2022-09-26-00-00-00", "alternatives": [31, 3, 31, 31]}, {"date": "2022-09-26-00-00-00", "alternatives": [31, 3, 31, 31]}, {"date": "2022-09-26-00-00-00", "alternatives": [31, 3, 31, 31]}, {"date": "2022-09-26-00-00-00", "alternatives": [31, 3, 31, 31]}, {"date": "2022-09-26-00-00-00", "alternatives": [31, 3, 31, 31]}, {"date": "2022-09-26-00-00-00", "alternatives": [31, 3, 31, 31]}]}], "last_updated": 1719918514.038799}