{"data": [{"location": {"country_code": "us"}, "game_id": "747108", "values": [{"date": "2022-09-06-02-00-00", "alternatives": [1, 5, 15, 15, 15]}, {"date": "2022-09-06-02-00-00", "alternatives": [1, 5, 15, 15, 15]}, {"date": "2022-09-06-02-00-00", "alternatives": [1, 5, 15, 15, 15]}, {"date": "2022-09-05-16-00-00", "alternatives": [15, 15, 1, 1, 15, 15]}, {"date": "2022-09-05-16-00-00", "alternatives": [15, 15, 1, 1, 15, 15]}, {"date": "2022-09-05-16-00-00", "alternatives": [15, 15, 1, 1, 15, 15]}, {"date": "2022-09-05-16-00-00", "alternatives": [15, 15, 1, 1, 15, 15]}, {"date": "2022-09-05-16-00-00", "alternatives": [15, 15, 1, 1, 15, 15]}, {"date": "2022-09-05-18-00-00", "alternatives": [16, 1, 16, 16, 16]}, {"date": "2022-09-05-18-00-00", "alternatives": [16, 1, 16, 16, 16]}, {"date": "2022-09-05-18-00-00", "alternatives": [16, 1, 16, 16, 16]}, {"date": "2022-09-05-18-00-00", "alternatives": [16, 1, 16, 16, 16]}, {"date": "2022-09-05-18-00-00", "alternatives": [16, 1, 16, 16, 16]}, {"date": "2022-09-05-18-00-00", "alternatives": [16, 1, 16, 16, 16]}, {"date": "2022-09-05-18-00-00", "alternatives": [16, 1, 16, 16, 16]}, {"date": "2022-09-06-02-00-00", "alternatives": ["31", "311", "31"]}, {"date": "2022-09-05-06-00-00", "alternatives": [0, 203, 203, 20, 203]}]}, {"location": {"country_code": "us", "region": "New York", "city": "Jamestown"}, "game_id": "747108", "values": [{"date": "2022-09-05-10-00-00", "alternatives": ["300", "300", "20"]}]}, {"location": {"country_code": "th"}, "game_id": "747108", "values": [{"date": "2022-09-05-14-00-00", "alternatives": [157, 15, 157, 157, 13, 157]}, {"date": "2022-09-05-14-00-00", "alternatives": [157, 15, 157, 157, 13, 157]}, {"date": "2022-09-05-14-00-00", "alternatives": [157, 15, 157, 157, 13, 157]}, {"date": "2022-09-05-14-00-00", "alternatives": [157, 15, 157, 157, 13, 157]}, {"date": "2022-09-05-14-00-00", "alternatives": [157, 15, 157, 157, 13, 157]}, {"date": "2022-09-05-14-00-00", "alternatives": [157, 15, 157, 157, 13, 157]}, {"date": "2022-09-05-14-00-00", "alternatives": [157, 15, 157, 157, 13, 157]}, {"date": "2022-09-05-14-00-00", "alternatives": [157, 15, 157, 157, 13, 157]}, {"date": "2022-09-05-14-00-00", "alternatives": [157, 15, 157, 157, 13, 157]}, {"date": "2022-09-05-14-00-00", "alternatives": [157, 15, 157, 157, 13, 157]}, {"date": "2022-09-05-14-00-00", "alternatives": [157, 15, 157, 157, 13, 157]}, {"date": "2022-09-05-14-00-00", "alternatives": [157, 15, 157, 157, 13, 157]}, {"date": "2022-09-05-14-00-00", "alternatives": [157, 15, 157, 157, 13, 157]}, {"date": "2022-09-05-14-00-00", "alternatives": [157, 15, 157, 157, 13, 157]}, {"date": "2022-09-05-14-00-00", "alternatives": [157, 15, 157, 157, 13, 157]}]}, {"location": {"country_code": "nl"}, "game_id": "747108", "values": [{"date": "2022-09-06-01-00-00", "alternatives": ["156", "156", "150"]}]}, {"location": {"country_code": "ro"}, "game_id": "747108", "values": [{"date": "2022-09-05-15-00-00", "alternatives": ["31", "311", "31"]}, {"date": "2022-09-05-15-00-00", "alternatives": ["31", "311", "31"]}, {"date": "2022-09-05-15-00-00", "alternatives": ["31", "311", "31"]}, {"date": "2022-09-05-15-00-00", "alternatives": ["31", "311", "31"]}, {"date": "2022-09-05-15-00-00", "alternatives": ["31", "311", "31"]}]}, {"location": {"country_code": "ca"}, "game_id": "747108", "values": [{"date": "2022-09-05-07-00-00", "alternatives": [780, 78, 8, 78, 78]}, {"date": "2022-09-05-07-00-00", "alternatives": [780, 78, 8, 78, 78]}, {"date": "2022-09-05-07-00-00", "alternatives": [780, 78, 8, 78, 78]}, {"date": "2022-09-05-07-00-00", "alternatives": [780, 78, 8, 78, 78]}, {"date": "2022-09-05-07-00-00", "alternatives": [780, 78, 8, 78, 78]}, {"date": "2022-09-05-14-00-00", "alternatives": ["7", "7", "4"]}, {"date": "2022-09-05-14-00-00", "alternatives": ["7", "7", "4"]}, {"date": "2022-09-05-14-00-00", "alternatives": ["7", "7", "4"]}, {"date": "2022-09-05-14-00-00", "alternatives": ["7", "7", "4"]}, {"date": "2022-09-05-03-00-00", "alternatives": ["31", "311", "31"]}]}, {"location": {"country_code": "de"}, "game_id": "747108", "values": [{"date": "2022-09-05-13-00-00", "alternatives": [16, 6, 16, 16]}, {"date": "2022-09-05-13-00-00", "alternatives": [16, 6, 16, 16]}, {"date": "2022-09-05-13-00-00", "alternatives": [16, 6, 16, 16]}, {"date": "2022-09-05-21-00-00", "alternatives": ["3", "31", "3"]}, {"date": "2022-09-05-21-00-00", "alternatives": ["3", "31", "3"]}, {"date": "2022-09-05-21-00-00", "alternatives": ["3", "31", "3"]}, {"date": "2022-09-05-19-00-00", "alternatives": ["1", "15", "1"]}, {"date": "2022-09-05-19-00-00", "alternatives": ["1", "15", "1"]}, {"date": "2022-09-05-16-00-00", "alternatives": [16, 6, 1, 16, 16, 16]}, {"date": "2022-09-05-16-00-00", "alternatives": [16, 6, 1, 16, 16, 16]}]}, {"location": {"country_code": "cl"}, "game_id": "747108", "values": [{"date": "2022-09-05-09-00-00", "alternatives": [6245, 3, 63, 63, 63]}, {"date": "2022-09-05-09-00-00", "alternatives": [6245, 3, 63, 63, 63]}, {"date": "2022-09-05-09-00-00", "alternatives": [6245, 3, 63, 63, 63]}, {"date": "2022-09-05-04-00-00", "alternatives": ["46", "46", "406"]}]}, {"location": {"country_code": "us", "region": "Florida"}, "game_id": "747108", "values": [{"date": "2022-09-05-22-00-00", "alternatives": ["46", "46", "40"]}, {"date": "2022-09-05-22-00-00", "alternatives": ["46", "46", "40"]}, {"date": "2022-09-05-09-00-00", "alternatives": ["31", "31", "3"]}, {"date": "2022-09-05-09-00-00", "alternatives": ["31", "31", "3"]}, {"date": "2022-09-05-09-00-00", "alternatives": ["31", "31", "3"]}, {"date": "2022-09-05-09-00-00", "alternatives": ["31", "31", "3"]}, {"date": "2022-09-05-09-00-00", "alternatives": ["31", "31", "3"]}, {"date": "2022-09-05-09-00-00", "alternatives": ["31", "31", "3"]}, {"date": "2022-09-05-09-00-00", "alternatives": ["31", "31", "3"]}, {"date": "2022-09-05-09-00-00", "alternatives": ["31", "31", "3"]}, {"date": "2022-09-05-09-00-00", "alternatives": ["31", "31", "3"]}]}, {"location": {"country_code": "ph"}, "game_id": "747108", "values": [{"date": "2022-09-05-14-00-00", "alternatives": [157, 15, 157, 1571, 157]}, {"date": "2022-09-05-14-00-00", "alternatives": [157, 15, 157, 1571, 157]}, {"date": "2022-09-05-14-00-00", "alternatives": [157, 15, 157, 1571, 157]}, {"date": "2022-09-05-14-00-00", "alternatives": [157, 15, 157, 1571, 157]}, {"date": "2022-09-05-04-00-00", "alternatives": ["47", "471", "47"]}, {"date": "2022-09-05-17-00-00", "alternatives": ["41", "41", "141"]}, {"date": "2022-09-05-17-00-00", "alternatives": ["41", "41", "141"]}, {"date": "2022-09-05-17-00-00", "alternatives": ["41", "41", "141"]}, {"date": "2022-09-05-17-00-00", "alternatives": ["41", "41", "141"]}, {"date": "2022-09-05-19-00-00", "alternatives": ["171", "1711", "171"]}, {"date": "2022-09-05-19-00-00", "alternatives": ["171", "1711", "171"]}, {"date": "2022-09-05-19-00-00", "alternatives": ["171", "1711", "171"]}, {"date": "2022-09-05-19-00-00", "alternatives": ["171", "1711", "171"]}, {"date": "2022-09-05-19-00-00", "alternatives": ["171", "1711", "171"]}, {"date": "2022-09-05-19-00-00", "alternatives": ["171", "1711", "171"]}, {"date": "2022-09-05-19-00-00", "alternatives": ["171", "1711", "171"]}]}, {"location": {"country_code": "fr"}, "game_id": "747108", "values": [{"date": "2022-09-05-21-00-00", "alternatives": ["32", "32", "372"]}, {"date": "2022-09-05-07-00-00", "alternatives": [2505, 250, 56, 250, 250]}, {"date": "2022-09-05-07-00-00", "alternatives": [2505, 250, 56, 250, 250]}, {"date": "2022-09-05-07-00-00", "alternatives": [2505, 250, 56, 250, 250]}, {"date": "2022-09-05-07-00-00", "alternatives": [2505, 250, 56, 250, 250]}, {"date": "2022-09-05-07-00-00", "alternatives": [2505, 250, 56, 250, 250]}, {"date": "2022-09-05-07-00-00", "alternatives": [2505, 250, 56, 250, 250]}, {"date": "2022-09-05-07-00-00", "alternatives": [2505, 250, 56, 250, 250]}, {"date": "2022-09-05-14-00-00", "alternatives": [16, 16, 6, 6, 16]}, {"date": "2022-09-05-14-00-00", "alternatives": [16, 16, 6, 6, 16]}, {"date": "2022-09-05-14-00-00", "alternatives": [16, 16, 6, 6, 16]}, {"date": "2022-09-05-14-00-00", "alternatives": [16, 16, 6, 6, 16]}, {"date": "2022-09-05-14-00-00", "alternatives": [16, 16, 6, 6, 16]}, {"date": "2022-09-05-14-00-00", "alternatives": [16, 16, 6, 6, 16]}, {"date": "2022-09-05-14-00-00", "alternatives": [16, 16, 6, 6, 16]}, {"date": "2022-09-05-19-00-00", "alternatives": ["31", "31", "37"]}, {"date": "2022-09-05-19-00-00", "alternatives": ["31", "31", "37"]}, {"date": "2022-09-05-19-00-00", "alternatives": ["31", "31", "37"]}, {"date": "2022-09-05-19-00-00", "alternatives": ["31", "31", "37"]}]}, {"location": {"country_code": "mx"}, "game_id": "747108", "values": [{"date": "2022-09-05-06-00-00", "alternatives": [62, 2, 62, 62, 62, 62]}, {"date": "2022-09-05-06-00-00", "alternatives": [62, 2, 62, 62, 62, 62]}, {"date": "2022-09-05-06-00-00", "alternatives": [62, 2, 62, 62, 62, 62]}, {"date": "2022-09-05-06-00-00", "alternatives": [62, 2, 62, 62, 62, 62]}, {"date": "2022-09-05-06-00-00", "alternatives": [62, 2, 62, 62, 62, 62]}, {"date": "2022-09-05-06-00-00", "alternatives": [62, 2, 62, 62, 62, 62]}, {"date": "2022-09-05-06-00-00", "alternatives": [62, 2, 62, 62, 62, 62]}, {"date": "2022-09-05-06-00-00", "alternatives": [62, 2, 62, 62, 62, 62]}]}, {"location": {"country_code": "us", "region": "California"}, "game_id": "747108", "values": [{"date": "2022-09-05-03-00-00", "alternatives": [78, 7, 8, 78, 78]}, {"date": "2022-09-05-03-00-00", "alternatives": [78, 7, 8, 78, 78]}]}, {"location": {"country_code": "br"}, "game_id": "747108", "values": [{"date": "2022-09-06-00-00-00", "alternatives": ["32", "32", "29"]}, {"date": "2022-09-06-00-00-00", "alternatives": ["32", "32", "29"]}, {"date": "2022-09-06-00-00-00", "alternatives": ["32", "32", "29"]}, {"date": "2022-09-05-22-00-00", "alternatives": ["0", "0", "3"]}, {"date": "2022-09-05-06-00-00", "alternatives": [62, 62, 2, 2, 62415, 62]}, {"date": "2022-09-05-06-00-00", "alternatives": [62, 62, 2, 2, 62415, 62]}, {"date": "2022-09-05-06-00-00", "alternatives": [62, 62, 2, 2, 62415, 62]}, {"date": "2022-09-05-06-00-00", "alternatives": [62, 62, 2, 2, 62415, 62]}, {"date": "2022-09-05-06-00-00", "alternatives": [62, 62, 2, 2, 62415, 62]}, {"date": "2022-09-05-06-00-00", "alternatives": [62, 62, 2, 2, 62415, 62]}, {"date": "2022-09-05-06-00-00", "alternatives": [62, 62, 2, 2, 62415, 62]}, {"date": "2022-09-05-05-00-00", "alternatives": [3, 16, 3, 3]}, {"date": "2022-09-05-05-00-00", "alternatives": [3, 16, 3, 3]}, {"date": "2022-09-05-05-00-00", "alternatives": [3, 16, 3, 3]}, {"date": "2022-09-06-00-00-00", "alternatives": ["31", "311", "31"]}]}, {"location": {"country_code": "br", "region": "Sao Paulo", "city": "Guarulhos"}, "game_id": "747108", "values": [{"date": "2022-09-05-03-00-00", "alternatives": [16, 6, 16, 16]}]}, {"location": {"country_code": "us", "region": "Texas", "city": "Irving"}, "game_id": "747108", "values": [{"date": "2022-09-05-06-00-00", "alternatives": [32, 32, 320, 32, 32]}, {"date": "2022-09-05-06-00-00", "alternatives": [32, 32, 320, 32, 32]}, {"date": "2022-09-05-06-00-00", "alternatives": [32, 32, 320, 32, 32]}, {"date": "2022-09-05-06-00-00", "alternatives": [32, 32, 320, 32, 32]}, {"date": "2022-09-05-06-00-00", "alternatives": [32, 32, 320, 32, 32]}, {"date": "2022-09-05-06-00-00", "alternatives": [32, 32, 320, 32, 32]}, {"date": "2022-09-05-06-00-00", "alternatives": [32, 32, 320, 32, 32]}]}, {"location": {"country_code": "us", "region": "Maryland", "city": "Dundalk"}, "game_id": "747108", "values": [{"date": "2022-09-05-06-00-00", "alternatives": ["31", "311", "31"]}, {"date": "2022-09-05-06-00-00", "alternatives": ["31", "311", "31"]}, {"date": "2022-09-05-06-00-00", "alternatives": ["31", "311", "31"]}, {"date": "2022-09-05-06-00-00", "alternatives": ["31", "311", "31"]}, {"date": "2022-09-05-06-00-00", "alternatives": ["31", "311", "31"]}]}, {"location": {"country_code": "au"}, "game_id": "747108", "values": [{"date": "2022-09-05-10-00-00", "alternatives": ["2340", "234", "234"]}, {"date": "2022-09-05-13-00-00", "alternatives": [0, 203, 203, 203]}]}, {"location": {"country_code": "us", "region": "Texas", "city": "Austin"}, "game_id": "747108", "values": [{"date": "2022-09-06-00-00-00", "alternatives": ["16", "1", "1"]}]}, {"location": {"country_code": "tr"}, "game_id": "747108", "values": [{"date": "2022-09-05-14-00-00", "alternatives": [63, 3, 63, 63, 3, 63]}, {"date": "2022-09-05-14-00-00", "alternatives": [63, 3, 63, 63, 3, 63]}, {"date": "2022-09-05-14-00-00", "alternatives": [63, 3, 63, 63, 3, 63]}, {"date": "2022-09-05-14-00-00", "alternatives": [63, 3, 63, 63, 3, 63]}]}, {"location": {"country_code": "kr"}, "game_id": "747108", "values": [{"date": "2022-09-05-09-00-00", "alternatives": [16, 16, 6, 16]}]}, {"location": {"country_code": "ar"}, "game_id": "747108", "values": [{"date": "2022-09-05-20-00-00", "alternatives": [47, 7, 47, 7, 47]}, {"date": "2022-09-05-20-00-00", "alternatives": [47, 7, 47, 7, 47]}, {"date": "2022-09-05-20-00-00", "alternatives": [47, 7, 47, 7, 47]}, {"date": "2022-09-05-20-00-00", "alternatives": [47, 7, 47, 7, 47]}, {"date": "2022-09-05-20-00-00", "alternatives": [47, 7, 47, 7, 47]}, {"date": "2022-09-05-20-00-00", "alternatives": [47, 7, 47, 7, 47]}, {"date": "2022-09-05-20-00-00", "alternatives": [47, 7, 47, 7, 47]}]}, {"location": {"country_code": "mx", "region": "Puebla"}, "game_id": "747108", "values": [{"date": "2022-09-06-01-00-00", "alternatives": ["623", "62", "62"]}, {"date": "2022-09-06-01-00-00", "alternatives": ["623", "62", "62"]}, {"date": "2022-09-06-01-00-00", "alternatives": ["623", "62", "62"]}, {"date": "2022-09-06-01-00-00", "alternatives": ["623", "62", "62"]}]}, {"location": {"country_code": "pl"}, "game_id": "747108", "values": [{"date": "2022-09-06-02-00-00", "alternatives": ["3", "8", "3"]}, {"date": "2022-09-06-02-00-00", "alternatives": ["3", "8", "3"]}, {"date": "2022-09-06-02-00-00", "alternatives": ["3", "8", "3"]}, {"date": "2022-09-06-02-00-00", "alternatives": ["3", "8", "3"]}]}, {"location": {"country_code": "us", "region": "Georgia"}, "game_id": "747108", "values": [{"date": "2022-09-05-08-00-00", "alternatives": ["31", "311", "31"]}, {"date": "2022-09-05-08-00-00", "alternatives": ["31", "311", "31"]}, {"date": "2022-09-05-08-00-00", "alternatives": ["31", "311", "31"]}, {"date": "2022-09-05-08-00-00", "alternatives": ["31", "311", "31"]}]}, {"location": {"country_code": "ua"}, "game_id": "747108", "values": [{"date": "2022-09-06-02-00-00", "alternatives": ["62", "7", "62"]}, {"date": "2022-09-06-02-00-00", "alternatives": ["62", "7", "62"]}, {"date": "2022-09-06-02-00-00", "alternatives": ["62", "7", "62"]}, {"date": "2022-09-06-02-00-00", "alternatives": ["62", "7", "62"]}, {"date": "2022-09-06-02-00-00", "alternatives": ["62", "7", "62"]}, {"date": "2022-09-06-02-00-00", "alternatives": ["62", "7", "62"]}, {"date": "2022-09-06-02-00-00", "alternatives": ["62", "7", "62"]}, {"date": "2022-09-06-02-00-00", "alternatives": ["62", "7", "62"]}, {"date": "2022-09-06-02-00-00", "alternatives": ["62", "7", "62"]}, {"date": "2022-09-06-02-00-00", "alternatives": ["62", "7", "62"]}]}, {"location": {"country_code": "kr", "region": "Seoul"}, "game_id": "747108", "values": [{"date": "2022-09-06-01-00-00", "alternatives": ["1", "1", "15"]}, {"date": "2022-09-06-01-00-00", "alternatives": ["1", "1", "15"]}, {"date": "2022-09-06-01-00-00", "alternatives": ["1", "1", "15"]}, {"date": "2022-09-06-01-00-00", "alternatives": ["1", "1", "15"]}]}, {"location": {"country_code": "tr", "region": "Marmara Bolgesi", "city": "Istanbul"}, "game_id": "747108", "values": [{"date": "2022-09-05-14-00-00", "alternatives": [471, 47, 7, 47, 47]}, {"date": "2022-09-05-14-00-00", "alternatives": [471, 47, 7, 47, 47]}, {"date": "2022-09-05-14-00-00", "alternatives": [471, 47, 7, 47, 47]}, {"date": "2022-09-05-14-00-00", "alternatives": [471, 47, 7, 47, 47]}, {"date": "2022-09-05-14-00-00", "alternatives": [471, 47, 7, 47, 47]}, {"date": "2022-09-05-14-00-00", "alternatives": [471, 47, 7, 47, 47]}, {"date": "2022-09-05-14-00-00", "alternatives": [471, 47, 7, 47, 47]}, {"date": "2022-09-05-14-00-00", "alternatives": [471, 47, 7, 47, 47]}, {"date": "2022-09-05-14-00-00", "alternatives": [471, 47, 7, 47, 47]}, {"date": "2022-09-05-14-00-00", "alternatives": [471, 47, 7, 47, 47]}]}, {"location": {"country_code": "do"}, "game_id": "747108", "values": [{"date": "2022-09-05-22-00-00", "alternatives": ["636", "63", "63"]}, {"date": "2022-09-05-22-00-00", "alternatives": ["636", "63", "63"]}, {"date": "2022-09-05-22-00-00", "alternatives": ["636", "63", "63"]}, {"date": "2022-09-05-22-00-00", "alternatives": ["636", "63", "63"]}]}, {"location": {"country_code": "id"}, "game_id": "747108", "values": [{"date": "2022-09-05-02-00-00", "alternatives": [218, 219, 21945, 219, 219]}]}, {"location": {"country_code": "co", "region": "El Valle", "city": "Cali"}, "game_id": "747108", "values": [{"date": "2022-09-05-04-00-00", "alternatives": [47, 4, 47, 47, 47, 47]}, {"date": "2022-09-05-04-00-00", "alternatives": [47, 4, 47, 47, 47, 47]}, {"date": "2022-09-05-04-00-00", "alternatives": [47, 4, 47, 47, 47, 47]}, {"date": "2022-09-05-04-00-00", "alternatives": [47, 4, 47, 47, 47, 47]}, {"date": "2022-09-05-04-00-00", "alternatives": [47, 4, 47, 47, 47, 47]}, {"date": "2022-09-05-04-00-00", "alternatives": [47, 4, 47, 47, 47, 47]}]}, {"location": {"country_code": "pt"}, "game_id": "747108", "values": [{"date": "2022-09-05-02-00-00", "alternatives": ["110", "1", "1"]}, {"date": "2022-09-05-02-00-00", "alternatives": ["110", "1", "1"]}, {"date": "2022-09-05-02-00-00", "alternatives": ["110", "1", "1"]}]}, {"location": {"country_code": "br", "region": "State of Rio de Janeiro", "city": "Angra dos Reis"}, "game_id": "747108", "values": [{"date": "2022-09-05-19-00-00", "alternatives": [1, 15, 154, 15, 15]}, {"date": "2022-09-05-19-00-00", "alternatives": [1, 15, 154, 15, 15]}, {"date": "2022-09-05-19-00-00", "alternatives": [1, 15, 154, 15, 15]}]}, {"location": {"country_code": "fr", "region": "Ile-de-France Region", "city": "Paris"}, "game_id": "747108", "values": [{"date": "2022-09-05-03-00-00", "alternatives": [6, 16, 16, 6, 16]}, {"date": "2022-09-05-03-00-00", "alternatives": [6, 16, 16, 6, 16]}, {"date": "2022-09-05-03-00-00", "alternatives": [6, 16, 16, 6, 16]}]}, {"location": {"country_code": "kw"}, "game_id": "747108", "values": [{"date": "2022-09-05-19-00-00", "alternatives": [9, 1, 109, 109, 109]}, {"date": "2022-09-05-19-00-00", "alternatives": [9, 1, 109, 109, 109]}]}, {"location": {"country_code": "ca", "region": "Quebec"}, "game_id": "747108", "values": [{"date": "2022-09-05-21-00-00", "alternatives": ["31", "311", "31"]}]}, {"location": {"country_code": "mx", "region": "Sonora"}, "game_id": "747108", "values": [{"date": "2022-09-05-10-00-00", "alternatives": [78, 7, 78, 78, 8, 78]}, {"date": "2022-09-05-10-00-00", "alternatives": [78, 7, 78, 78, 8, 78]}, {"date": "2022-09-05-10-00-00", "alternatives": [78, 7, 78, 78, 8, 78]}, {"date": "2022-09-05-10-00-00", "alternatives": [78, 7, 78, 78, 8, 78]}, {"date": "2022-09-05-10-00-00", "alternatives": [78, 7, 78, 78, 8, 78]}]}, {"location": {"country_code": "es", "region": "Madrid"}, "game_id": "747108", "values": [{"date": "2022-09-05-23-00-00", "alternatives": ["32", "82", "32"]}, {"date": "2022-09-05-23-00-00", "alternatives": ["32", "82", "32"]}]}, {"location": {"country_code": "de", "region": "North Rhine-Westphalia"}, "game_id": "747108", "values": [{"date": "2022-09-05-16-00-00", "alternatives": [16, 1, 16, 6, 5, 16]}, {"date": "2022-09-05-16-00-00", "alternatives": [16, 1, 16, 6, 5, 16]}, {"date": "2022-09-05-16-00-00", "alternatives": [16, 1, 16, 6, 5, 16]}, {"date": "2022-09-05-16-00-00", "alternatives": [16, 1, 16, 6, 5, 16]}, {"date": "2022-09-05-16-00-00", "alternatives": [16, 1, 16, 6, 5, 16]}, {"date": "2022-09-05-16-00-00", "alternatives": [16, 1, 16, 6, 5, 16]}]}, {"location": {"country_code": "es", "region": "Valencia", "city": "Orihuela"}, "game_id": "747108", "values": [{"date": "2022-09-06-01-00-00", "alternatives": ["46", "46", "40"]}, {"date": "2022-09-06-01-00-00", "alternatives": ["46", "46", "40"]}, {"date": "2022-09-06-01-00-00", "alternatives": ["46", "46", "40"]}, {"date": "2022-09-06-01-00-00", "alternatives": ["46", "46", "40"]}, {"date": "2022-09-06-01-00-00", "alternatives": ["46", "46", "40"]}, {"date": "2022-09-06-01-00-00", "alternatives": ["46", "46", "40"]}, {"date": "2022-09-06-01-00-00", "alternatives": ["46", "46", "40"]}, {"date": "2022-09-06-01-00-00", "alternatives": ["46", "46", "40"]}, {"date": "2022-09-06-01-00-00", "alternatives": ["46", "46", "40"]}, {"date": "2022-09-06-01-00-00", "alternatives": ["46", "46", "40"]}, {"date": "2022-09-06-01-00-00", "alternatives": ["46", "46", "40"]}, {"date": "2022-09-06-01-00-00", "alternatives": ["46", "46", "40"]}, {"date": "2022-09-06-01-00-00", "alternatives": ["46", "46", "40"]}, {"date": "2022-09-06-01-00-00", "alternatives": ["46", "46", "40"]}]}, {"location": {"country_code": "ar", "region": "Cordoba Province", "city": "Rio Cuarto"}, "game_id": "747108", "values": [{"date": "2022-09-05-05-00-00", "alternatives": ["47", "7", "7"]}, {"date": "2022-09-05-05-00-00", "alternatives": ["47", "7", "7"]}, {"date": "2022-09-05-05-00-00", "alternatives": ["47", "7", "7"]}, {"date": "2022-09-05-05-00-00", "alternatives": ["47", "7", "7"]}, {"date": "2022-09-05-05-00-00", "alternatives": ["47", "7", "7"]}, {"date": "2022-09-05-05-00-00", "alternatives": ["47", "7", "7"]}]}, {"location": {"country_code": "de", "region": "Bavaria", "city": "Munich"}, "game_id": "747108", "values": [{"date": "2022-09-05-03-00-00", "alternatives": ["6", "6", "16"]}]}, {"location": {"country_code": "ae", "region": "Dubai", "city": "Dubai"}, "game_id": "747108", "values": [{"date": "2022-09-05-21-00-00", "alternatives": ["23", "2", "2"]}, {"date": "2022-09-05-21-00-00", "alternatives": ["23", "2", "2"]}, {"date": "2022-09-05-21-00-00", "alternatives": ["23", "2", "2"]}]}, {"location": {"country_code": "br", "region": "Parana", "city": "Apucarana"}, "game_id": "747108", "values": [{"date": "2022-09-05-22-00-00", "alternatives": [16, 1, 16, 1605, 16, 16]}, {"date": "2022-09-05-22-00-00", "alternatives": [16, 1, 16, 1605, 16, 16]}, {"date": "2022-09-05-22-00-00", "alternatives": [16, 1, 16, 1605, 16, 16]}, {"date": "2022-09-05-22-00-00", "alternatives": [16, 1, 16, 1605, 16, 16]}, {"date": "2022-09-05-22-00-00", "alternatives": [16, 1, 16, 1605, 16, 16]}, {"date": "2022-09-05-22-00-00", "alternatives": [16, 1, 16, 1605, 16, 16]}, {"date": "2022-09-05-22-00-00", "alternatives": [16, 1, 16, 1605, 16, 16]}, {"date": "2022-09-05-22-00-00", "alternatives": [16, 1, 16, 1605, 16, 16]}, {"date": "2022-09-05-22-00-00", "alternatives": [16, 1, 16, 1605, 16, 16]}, {"date": "2022-09-05-22-00-00", "alternatives": [16, 1, 16, 1605, 16, 16]}, {"date": "2022-09-05-22-00-00", "alternatives": [16, 1, 16, 1605, 16, 16]}, {"date": "2022-09-05-22-00-00", "alternatives": [16, 1, 16, 1605, 16, 16]}, {"date": "2022-09-05-22-00-00", "alternatives": [16, 1, 16, 1605, 16, 16]}]}, {"location": {"country_code": "am"}, "game_id": "747108", "values": [{"date": "2022-09-05-04-00-00", "alternatives": [460, 460, 46, 460]}, {"date": "2022-09-05-04-00-00", "alternatives": [460, 460, 46, 460]}, {"date": "2022-09-05-04-00-00", "alternatives": [460, 460, 46, 460]}, {"date": "2022-09-05-04-00-00", "alternatives": [460, 460, 46, 460]}, {"date": "2022-09-05-04-00-00", "alternatives": [460, 460, 46, 460]}, {"date": "2022-09-05-04-00-00", "alternatives": [460, 460, 46, 460]}, {"date": "2022-09-05-04-00-00", "alternatives": [460, 460, 46, 460]}, {"date": "2022-09-05-04-00-00", "alternatives": [460, 460, 46, 460]}, {"date": "2022-09-05-04-00-00", "alternatives": [460, 460, 46, 460]}, {"date": "2022-09-05-04-00-00", "alternatives": [460, 460, 46, 460]}, {"date": "2022-09-05-04-00-00", "alternatives": [460, 460, 46, 460]}]}, {"location": {"country_code": "ca", "region": "British Columbia", "city": "West Kelowna"}, "game_id": "747108", "values": [{"date": "2022-09-05-04-00-00", "alternatives": ["3", "31", "3"]}, {"date": "2022-09-05-04-00-00", "alternatives": ["3", "31", "3"]}]}, {"location": {"country_code": "co", "region": "Bogota"}, "game_id": "747108", "values": [{"date": "2022-09-05-04-00-00", "alternatives": ["8", "8", "75"]}, {"date": "2022-09-05-04-00-00", "alternatives": ["8", "8", "75"]}]}, {"location": {"country_code": "my", "region": "Penang"}, "game_id": "747108", "values": [{"date": "2022-09-05-21-00-00", "alternatives": [47, 7, 47, 47, 47]}, {"date": "2022-09-05-21-00-00", "alternatives": [47, 7, 47, 47, 47]}, {"date": "2022-09-05-21-00-00", "alternatives": [47, 7, 47, 47, 47]}, {"date": "2022-09-05-21-00-00", "alternatives": [47, 7, 47, 47, 47]}, {"date": "2022-09-05-21-00-00", "alternatives": [47, 7, 47, 47, 47]}]}, {"location": {"country_code": "es", "region": "Canary Islands", "city": "San Cristobal de La Laguna"}, "game_id": "747108", "values": [{"date": "2022-09-06-00-00-00", "alternatives": ["4", "63", "63"]}, {"date": "2022-09-06-00-00-00", "alternatives": ["4", "63", "63"]}, {"date": "2022-09-06-00-00-00", "alternatives": ["4", "63", "63"]}]}, {"location": {"country_code": "es", "region": "Cantabria", "city": "Torres"}, "game_id": "747108", "values": [{"date": "2022-09-05-16-00-00", "alternatives": [47, 47, 47, 7]}, {"date": "2022-09-05-16-00-00", "alternatives": [47, 47, 47, 7]}, {"date": "2022-09-05-16-00-00", "alternatives": [47, 47, 47, 7]}, {"date": "2022-09-05-16-00-00", "alternatives": [47, 47, 47, 7]}, {"date": "2022-09-05-16-00-00", "alternatives": [47, 47, 47, 7]}, {"date": "2022-09-05-16-00-00", "alternatives": [47, 47, 47, 7]}, {"date": "2022-09-05-16-00-00", "alternatives": [47, 47, 47, 7]}, {"date": "2022-09-05-16-00-00", "alternatives": [47, 47, 47, 7]}, {"date": "2022-09-05-16-00-00", "alternatives": [47, 47, 47, 7]}, {"date": "2022-09-05-16-00-00", "alternatives": [47, 47, 47, 7]}, {"date": "2022-09-05-16-00-00", "alternatives": [47, 47, 47, 7]}, {"date": "2022-09-05-16-00-00", "alternatives": [47, 47, 47, 7]}, {"date": "2022-09-05-16-00-00", "alternatives": [47, 47, 47, 7]}, {"date": "2022-09-05-16-00-00", "alternatives": [47, 47, 47, 7]}]}], "last_updated": 1719918518.886376}