{"data": [{"location": {"country_code": "us"}, "game_id": "762836", "values": [{"date": "2023-09-19-00-00-00", "latency": 125}, {"date": "2023-09-18-05-00-00", "latency": 85}, {"date": "2023-09-18-03-00-00", "latency": 67}, {"date": "2023-09-18-03-00-00", "latency": 67}, {"date": "2023-09-18-03-00-00", "latency": 67}, {"date": "2023-09-19-01-00-00", "latency": 83}, {"date": "2023-09-19-01-00-00", "latency": 83}, {"date": "2023-09-19-02-00-00", "latency": 62}, {"date": "2023-09-19-02-00-00", "latency": 62}, {"date": "2023-09-19-02-00-00", "latency": 62}, {"date": "2023-09-19-02-00-00", "latency": 62}, {"date": "2023-09-19-02-00-00", "latency": 62}, {"date": "2023-09-19-02-00-00", "latency": 62}, {"date": "2023-09-19-02-00-00", "latency": 62}, {"date": "2023-09-19-02-00-00", "latency": 62}, {"date": "2023-09-19-02-00-00", "latency": 62}, {"date": "2023-09-19-02-00-00", "latency": 62}, {"date": "2023-09-19-02-00-00", "latency": 62}, {"date": "2023-09-18-09-00-00", "latency": 57}, {"date": "2023-09-18-09-00-00", "latency": 57}, {"date": "2023-09-18-09-00-00", "latency": 57}, {"date": "2023-09-18-09-00-00", "latency": 57}]}, {"location": {"country_code": "us", "region": "California"}, "game_id": "762836", "values": [{"date": "2023-09-18-05-00-00", "latency": 41}, {"date": "2023-09-18-05-00-00", "latency": 41}, {"date": "2023-09-18-05-00-00", "latency": 41}, {"date": "2023-09-18-05-00-00", "latency": 115}, {"date": "2023-09-18-05-00-00", "latency": 115}, {"date": "2023-09-18-05-00-00", "latency": 115}, {"date": "2023-09-18-05-00-00", "latency": 115}, {"date": "2023-09-19-01-00-00", "latency": 62}]}, {"location": {"country_code": "it"}, "game_id": "762836", "values": [{"date": "2023-09-18-20-00-00", "latency": 72}, {"date": "2023-09-18-02-00-00", "latency": 49}, {"date": "2023-09-18-02-00-00", "latency": 49}, {"date": "2023-09-18-17-00-00", "latency": 101}, {"date": "2023-09-18-17-00-00", "latency": 101}, {"date": "2023-09-18-17-00-00", "latency": 101}, {"date": "2023-09-18-17-00-00", "latency": 101}, {"date": "2023-09-18-20-00-00", "latency": 62}, {"date": "2023-09-18-18-00-00", "latency": 48}, {"date": "2023-09-18-18-00-00", "latency": 48}, {"date": "2023-09-18-18-00-00", "latency": 48}, {"date": "2023-09-18-18-00-00", "latency": 48}, {"date": "2023-09-18-18-00-00", "latency": 48}, {"date": "2023-09-18-18-00-00", "latency": 48}, {"date": "2023-09-19-00-00-00", "latency": 75}, {"date": "2023-09-19-00-00-00", "latency": 75}, {"date": "2023-09-19-00-00-00", "latency": 75}, {"date": "2023-09-19-00-00-00", "latency": 75}, {"date": "2023-09-19-00-00-00", "latency": 75}, {"date": "2023-09-19-00-00-00", "latency": 75}, {"date": "2023-09-19-00-00-00", "latency": 75}, {"date": "2023-09-19-00-00-00", "latency": 75}, {"date": "2023-09-19-00-00-00", "latency": 75}, {"date": "2023-09-19-00-00-00", "latency": 75}, {"date": "2023-09-19-00-00-00", "latency": 75}, {"date": "2023-09-19-00-00-00", "latency": 75}, {"date": "2023-09-18-15-00-00", "latency": 70}, {"date": "2023-09-18-12-00-00", "latency": 52}, {"date": "2023-09-18-12-00-00", "latency": 52}, {"date": "2023-09-18-12-00-00", "latency": 52}, {"date": "2023-09-18-12-00-00", "latency": 52}, {"date": "2023-09-18-12-00-00", "latency": 52}, {"date": "2023-09-18-12-00-00", "latency": 52}, {"date": "2023-09-18-12-00-00", "latency": 52}, {"date": "2023-09-18-12-00-00", "latency": 52}]}, {"location": {"country_code": "ca"}, "game_id": "762836", "values": [{"date": "2023-09-19-00-00-00", "latency": 92}, {"date": "2023-09-19-00-00-00", "latency": 92}, {"date": "2023-09-19-00-00-00", "latency": 92}, {"date": "2023-09-19-00-00-00", "latency": 92}]}, {"location": {"country_code": "ca", "region": "Quebec"}, "game_id": "762836", "values": [{"date": "2023-09-18-06-00-00", "latency": 73}]}, {"location": {"country_code": "ch"}, "game_id": "762836", "values": [{"date": "2023-09-18-17-00-00", "latency": 46}, {"date": "2023-09-18-17-00-00", "latency": 46}, {"date": "2023-09-18-17-00-00", "latency": 46}, {"date": "2023-09-18-17-00-00", "latency": 46}]}, {"location": {"country_code": "de"}, "game_id": "762836", "values": [{"date": "2023-09-18-06-00-00", "latency": 42}, {"date": "2023-09-18-06-00-00", "latency": 42}, {"date": "2023-09-18-06-00-00", "latency": 42}, {"date": "2023-09-18-06-00-00", "latency": 42}, {"date": "2023-09-18-15-00-00", "latency": 43}, {"date": "2023-09-18-15-00-00", "latency": 43}, {"date": "2023-09-18-15-00-00", "latency": 43}, {"date": "2023-09-18-15-00-00", "latency": 43}, {"date": "2023-09-18-15-00-00", "latency": 43}, {"date": "2023-09-18-15-00-00", "latency": 43}, {"date": "2023-09-18-15-00-00", "latency": 43}, {"date": "2023-09-18-15-00-00", "latency": 43}, {"date": "2023-09-18-15-00-00", "latency": 43}]}, {"location": {"country_code": "gb", "region": "England"}, "game_id": "762836", "values": [{"date": "2023-09-18-08-00-00", "latency": 42}, {"date": "2023-09-18-08-00-00", "latency": 42}]}, {"location": {"country_code": "us", "region": "Texas"}, "game_id": "762836", "values": [{"date": "2023-09-18-17-00-00", "latency": 50}]}, {"location": {"country_code": "fr"}, "game_id": "762836", "values": [{"date": "2023-09-18-19-00-00", "latency": 40}, {"date": "2023-09-18-19-00-00", "latency": 40}, {"date": "2023-09-18-19-00-00", "latency": 40}, {"date": "2023-09-18-19-00-00", "latency": 40}]}, {"location": {"country_code": "no"}, "game_id": "762836", "values": [{"date": "2023-09-18-22-00-00", "latency": 133}, {"date": "2023-09-18-20-00-00", "latency": 321}]}, {"location": {"country_code": "au", "region": "Victoria", "city": "Melbourne"}, "game_id": "762836", "values": [{"date": "2023-09-18-12-00-00", "latency": 66}, {"date": "2023-09-18-12-00-00", "latency": 66}, {"date": "2023-09-18-12-00-00", "latency": 66}, {"date": "2023-09-18-12-00-00", "latency": 66}]}, {"location": {"country_code": "es", "region": "Madrid", "city": "Parla"}, "game_id": "762836", "values": [{"date": "2023-09-18-17-00-00", "latency": 45}, {"date": "2023-09-18-17-00-00", "latency": 45}, {"date": "2023-09-18-17-00-00", "latency": 45}, {"date": "2023-09-18-17-00-00", "latency": 45}, {"date": "2023-09-18-17-00-00", "latency": 45}, {"date": "2023-09-18-17-00-00", "latency": 45}, {"date": "2023-09-18-17-00-00", "latency": 45}, {"date": "2023-09-18-17-00-00", "latency": 45}]}, {"location": {"country_code": "dk"}, "game_id": "762836", "values": [{"date": "2023-09-19-01-00-00", "latency": 224}, {"date": "2023-09-19-01-00-00", "latency": 224}, {"date": "2023-09-19-01-00-00", "latency": 224}, {"date": "2023-09-19-01-00-00", "latency": 224}, {"date": "2023-09-19-01-00-00", "latency": 224}, {"date": "2023-09-19-01-00-00", "latency": 224}, {"date": "2023-09-19-01-00-00", "latency": 224}, {"date": "2023-09-19-01-00-00", "latency": 224}, {"date": "2023-09-19-01-00-00", "latency": 224}, {"date": "2023-09-19-01-00-00", "latency": 224}, {"date": "2023-09-19-01-00-00", "latency": 224}]}, {"location": {"country_code": "tr"}, "game_id": "762836", "values": [{"date": "2023-09-19-01-00-00", "latency": 88}, {"date": "2023-09-19-01-00-00", "latency": 88}, {"date": "2023-09-19-01-00-00", "latency": 88}, {"date": "2023-09-18-23-00-00", "latency": 103}]}, {"location": {"country_code": "es"}, "game_id": "762836", "values": [{"date": "2023-09-18-12-00-00", "latency": 75}]}, {"location": {"country_code": "ar"}, "game_id": "762836", "values": [{"date": "2023-09-18-05-00-00", "latency": 77}, {"date": "2023-09-18-05-00-00", "latency": 77}, {"date": "2023-09-18-05-00-00", "latency": 77}, {"date": "2023-09-18-03-00-00", "latency": 53}]}, {"location": {"country_code": "us", "region": "Hawaii"}, "game_id": "762836", "values": [{"date": "2023-09-18-08-00-00", "latency": 99}]}, {"location": {"country_code": "de", "region": "Free and Hanseatic City of Hamburg", "city": "Hamburg"}, "game_id": "762836", "values": [{"date": "2023-09-18-15-00-00", "latency": 46}, {"date": "2023-09-18-15-00-00", "latency": 46}]}, {"location": {"country_code": "jp", "region": "Tokyo"}, "game_id": "762836", "values": [{"date": "2023-09-18-18-00-00", "latency": 47}]}, {"location": {"country_code": "us", "region": "South Carolina"}, "game_id": "762836", "values": [{"date": "2023-09-18-17-00-00", "latency": 92}]}, {"location": {"country_code": "us", "region": "Illinois", "city": "Chicago"}, "game_id": "762836", "values": [{"date": "2023-09-18-04-00-00", "latency": 32}, {"date": "2023-09-18-04-00-00", "latency": 32}, {"date": "2023-09-18-04-00-00", "latency": 32}]}, {"location": {"country_code": "de", "region": "Bavaria"}, "game_id": "762836", "values": [{"date": "2023-09-18-12-00-00", "latency": 45}]}, {"location": {"country_code": "us", "region": "Utah"}, "game_id": "762836", "values": [{"date": "2023-09-18-06-00-00", "latency": 55}, {"date": "2023-09-18-06-00-00", "latency": 55}, {"date": "2023-09-18-06-00-00", "latency": 55}, {"date": "2023-09-18-06-00-00", "latency": 55}]}, {"location": {"country_code": "ve"}, "game_id": "762836", "values": [{"date": "2023-09-18-04-00-00", "latency": 88}]}, {"location": {"country_code": "pl"}, "game_id": "762836", "values": [{"date": "2023-09-18-18-00-00", "latency": 55}]}, {"location": {"country_code": "be"}, "game_id": "762836", "values": [{"date": "2023-09-18-06-00-00", "latency": 142}, {"date": "2023-09-18-06-00-00", "latency": 142}, {"date": "2023-09-18-06-00-00", "latency": 142}, {"date": "2023-09-18-06-00-00", "latency": 142}, {"date": "2023-09-18-06-00-00", "latency": 142}, {"date": "2023-09-18-06-00-00", "latency": 142}, {"date": "2023-09-18-06-00-00", "latency": 142}, {"date": "2023-09-18-18-00-00", "latency": 41}, {"date": "2023-09-18-18-00-00", "latency": 41}, {"date": "2023-09-18-18-00-00", "latency": 41}]}, {"location": {"country_code": "us", "region": "Nevada", "city": "Las Vegas"}, "game_id": "762836", "values": [{"date": "2023-09-19-01-00-00", "latency": 87}]}, {"location": {"country_code": "ie"}, "game_id": "762836", "values": [{"date": "2023-09-18-13-00-00", "latency": 48}, {"date": "2023-09-18-13-00-00", "latency": 48}, {"date": "2023-09-18-13-00-00", "latency": 48}]}, {"location": {"country_code": "ca", "region": "Ontario", "city": "Toronto"}, "game_id": "762836", "values": [{"date": "2023-09-19-01-00-00", "latency": 53}]}, {"location": {"country_code": "my"}, "game_id": "762836", "values": [{"date": "2023-09-18-11-00-00", "latency": 154}, {"date": "2023-09-18-18-00-00", "latency": 42}, {"date": "2023-09-18-18-00-00", "latency": 42}]}, {"location": {"country_code": "us", "region": "Washington", "city": "Seattle"}, "game_id": "762836", "values": [{"date": "2023-09-18-07-00-00", "latency": 68}, {"date": "2023-09-18-07-00-00", "latency": 68}, {"date": "2023-09-18-07-00-00", "latency": 68}, {"date": "2023-09-18-07-00-00", "latency": 68}, {"date": "2023-09-18-07-00-00", "latency": 68}, {"date": "2023-09-18-07-00-00", "latency": 68}, {"date": "2023-09-18-07-00-00", "latency": 68}, {"date": "2023-09-18-07-00-00", "latency": 68}, {"date": "2023-09-18-07-00-00", "latency": 68}, {"date": "2023-09-18-07-00-00", "latency": 68}, {"date": "2023-09-18-07-00-00", "latency": 68}, {"date": "2023-09-18-07-00-00", "latency": 68}]}, {"location": {"country_code": "us", "region": "Colorado"}, "game_id": "762836", "values": [{"date": "2023-09-18-16-00-00", "latency": 148}]}, {"location": {"country_code": "us", "region": "Florida", "city": "Miami"}, "game_id": "762836", "values": [{"date": "2023-09-18-05-00-00", "latency": 134}, {"date": "2023-09-18-05-00-00", "latency": 134}]}, {"location": {"country_code": "fr", "region": "Ile-de-France Region", "city": "Paris"}, "game_id": "762836", "values": [{"date": "2023-09-18-12-00-00", "latency": 56}, {"date": "2023-09-18-12-00-00", "latency": 56}, {"date": "2023-09-18-12-00-00", "latency": 56}, {"date": "2023-09-18-12-00-00", "latency": 56}, {"date": "2023-09-18-12-00-00", "latency": 56}]}, {"location": {"country_code": "kw"}, "game_id": "762836", "values": [{"date": "2023-09-18-02-00-00", "latency": 130}]}, {"location": {"country_code": "us", "region": "State of Maine"}, "game_id": "762836", "values": [{"date": "2023-09-18-18-00-00", "latency": 66}, {"date": "2023-09-18-18-00-00", "latency": 66}, {"date": "2023-09-18-18-00-00", "latency": 66}, {"date": "2023-09-18-18-00-00", "latency": 66}, {"date": "2023-09-18-18-00-00", "latency": 66}, {"date": "2023-09-18-18-00-00", "latency": 66}]}, {"location": {"country_code": "fr", "region": "Borgogna-Franca Contea", "city": "Belfort"}, "game_id": "762836", "values": [{"date": "2023-09-18-11-00-00", "latency": 44}, {"date": "2023-09-18-11-00-00", "latency": 44}]}, {"location": {"country_code": "it", "region": "Lazio", "city": "Rome"}, "game_id": "762836", "values": [{"date": "2023-09-19-01-00-00", "latency": 49}, {"date": "2023-09-19-01-00-00", "latency": 49}, {"date": "2023-09-19-01-00-00", "latency": 49}, {"date": "2023-09-19-01-00-00", "latency": 49}, {"date": "2023-09-19-01-00-00", "latency": 49}, {"date": "2023-09-19-01-00-00", "latency": 49}, {"date": "2023-09-18-02-00-00", "latency": 72}]}, {"location": {"country_code": "br", "region": "Sao Paulo", "city": "Varzea Paulista"}, "game_id": "762836", "values": [{"date": "2023-09-19-01-00-00", "latency": 285}, {"date": "2023-09-19-01-00-00", "latency": 285}, {"date": "2023-09-19-01-00-00", "latency": 285}, {"date": "2023-09-19-01-00-00", "latency": 285}, {"date": "2023-09-19-01-00-00", "latency": 285}, {"date": "2023-09-19-01-00-00", "latency": 285}, {"date": "2023-09-19-01-00-00", "latency": 285}]}, {"location": {"country_code": "jm", "region": "Kingston", "city": "Kingston"}, "game_id": "762836", "values": [{"date": "2023-09-18-18-00-00", "latency": 223}, {"date": "2023-09-18-18-00-00", "latency": 223}, {"date": "2023-09-18-18-00-00", "latency": 223}, {"date": "2023-09-18-18-00-00", "latency": 223}]}, {"location": {"country_code": "es", "region": "Andalusia"}, "game_id": "762836", "values": [{"date": "2023-09-18-23-00-00", "latency": 59}, {"date": "2023-09-18-23-00-00", "latency": 59}, {"date": "2023-09-18-23-00-00", "latency": 59}, {"date": "2023-09-18-23-00-00", "latency": 59}, {"date": "2023-09-18-23-00-00", "latency": 59}, {"date": "2023-09-18-23-00-00", "latency": 59}, {"date": "2023-09-18-23-00-00", "latency": 59}]}, {"location": {"country_code": "it", "region": "Piedmont", "city": "Turin"}, "game_id": "762836", "values": [{"date": "2023-09-18-11-00-00", "latency": 48}, {"date": "2023-09-18-11-00-00", "latency": 48}, {"date": "2023-09-18-11-00-00", "latency": 48}, {"date": "2023-09-18-11-00-00", "latency": 48}, {"date": "2023-09-18-11-00-00", "latency": 48}, {"date": "2023-09-18-11-00-00", "latency": 48}]}, {"location": {"country_code": "us", "region": "Arkansas"}, "game_id": "762836", "values": [{"date": "2023-09-18-09-00-00", "latency": 173}]}, {"location": {"country_code": "fr", "region": "Centre-Val de Loire"}, "game_id": "762836", "values": [{"date": "2023-09-18-02-00-00", "latency": 70}]}, {"location": {"country_code": "pt", "region": "Northern Mariana Islands", "city": "Porto"}, "game_id": "762836", "values": [{"date": "2023-09-19-01-00-00", "latency": 33}, {"date": "2023-09-19-01-00-00", "latency": 33}, {"date": "2023-09-19-01-00-00", "latency": 33}, {"date": "2023-09-19-01-00-00", "latency": 33}, {"date": "2023-09-19-01-00-00", "latency": 33}, {"date": "2023-09-19-01-00-00", "latency": 33}, {"date": "2023-09-19-01-00-00", "latency": 33}, {"date": "2023-09-19-01-00-00", "latency": 33}, {"date": "2023-09-19-01-00-00", "latency": 33}, {"date": "2023-09-19-01-00-00", "latency": 33}, {"date": "2023-09-19-01-00-00", "latency": 33}, {"date": "2023-09-19-01-00-00", "latency": 33}, {"date": "2023-09-19-01-00-00", "latency": 33}, {"date": "2023-09-19-01-00-00", "latency": 33}, {"date": "2023-09-19-01-00-00", "latency": 33}, {"date": "2023-09-19-01-00-00", "latency": 33}, {"date": "2023-09-19-01-00-00", "latency": 33}]}, {"location": {"country_code": "it", "region": "Veneto"}, "game_id": "762836", "values": [{"date": "2023-09-18-17-00-00", "latency": 56}, {"date": "2023-09-18-17-00-00", "latency": 56}, {"date": "2023-09-18-17-00-00", "latency": 56}, {"date": "2023-09-18-17-00-00", "latency": 56}, {"date": "2023-09-18-17-00-00", "latency": 56}]}, {"location": {"country_code": "fr", "region": "Alsazia-Champagne-Ardenne-Lorena", "city": "Strasbourg"}, "game_id": "762836", "values": [{"date": "2023-09-18-19-00-00", "latency": 27}, {"date": "2023-09-18-19-00-00", "latency": 27}, {"date": "2023-09-18-19-00-00", "latency": 27}, {"date": "2023-09-18-19-00-00", "latency": 27}, {"date": "2023-09-18-19-00-00", "latency": 27}]}, {"location": {"country_code": "us", "region": "California", "city": "West Covina"}, "game_id": "762836", "values": [{"date": "2023-09-18-04-00-00", "latency": 51}, {"date": "2023-09-18-04-00-00", "latency": 51}, {"date": "2023-09-18-04-00-00", "latency": 51}]}, {"location": {"country_code": "us", "region": "Colorado", "city": "Colorado Springs"}, "game_id": "762836", "values": [{"date": "2023-09-18-06-00-00", "latency": 45}]}, {"location": {"country_code": "br", "region": "Sao Paulo", "city": "Tatui"}, "game_id": "762836", "values": [{"date": "2023-09-18-21-00-00", "latency": 36}]}, {"location": {"country_code": "gl"}, "game_id": "762836", "values": [{"date": "2023-09-18-03-00-00", "latency": 174}, {"date": "2023-09-18-03-00-00", "latency": 174}]}, {"location": {"country_code": "us", "region": "New Jersey", "city": "Woodbury"}, "game_id": "762836", "values": [{"date": "2023-09-18-04-00-00", "latency": 48}]}, {"location": {"country_code": "us", "region": "South Carolina", "city": "Simpsonville"}, "game_id": "762836", "values": [{"date": "2023-09-18-03-00-00", "latency": 71}, {"date": "2023-09-18-03-00-00", "latency": 71}, {"date": "2023-09-18-03-00-00", "latency": 71}]}, {"location": {"country_code": "gb", "region": "Northern Ireland", "city": "Larne"}, "game_id": "762836", "values": [{"date": "2023-09-19-01-00-00", "latency": 45}, {"date": "2023-09-19-01-00-00", "latency": 45}]}, {"location": {"country_code": "pt", "region": "Azores", "city": "Vila de Sao Sebastiao"}, "game_id": "762836", "values": [{"date": "2023-09-18-19-00-00", "latency": 83}]}, {"location": {"country_code": "us", "region": "New York", "city": "Holley"}, "game_id": "762836", "values": [{"date": "2023-09-18-06-00-00", "latency": 72}, {"date": "2023-09-18-06-00-00", "latency": 72}, {"date": "2023-09-18-06-00-00", "latency": 72}]}], "last_updated": 1719927600.246632}