{"data": [{"location": {"country_code": "us"}, "game_id": "116088", "values": [{"date": "2024-01-17-23-00-00", "latency": 64}, {"date": "2024-01-17-23-00-00", "latency": 64}, {"date": "2024-01-17-23-00-00", "latency": 64}, {"date": "2024-01-17-23-00-00", "latency": 64}, {"date": "2024-01-17-23-00-00", "latency": 64}, {"date": "2024-01-18-00-00-00", "latency": 77}]}, {"location": {"country_code": "th"}, "game_id": "116088", "values": [{"date": "2024-01-17-19-00-00", "latency": 115}, {"date": "2024-01-17-19-00-00", "latency": 115}]}, {"location": {"country_code": "jp"}, "game_id": "116088", "values": [{"date": "2024-01-17-14-00-00", "latency": 108}, {"date": "2024-01-17-14-00-00", "latency": 108}, {"date": "2024-01-17-14-00-00", "latency": 108}, {"date": "2024-01-17-14-00-00", "latency": 108}, {"date": "2024-01-17-14-00-00", "latency": 108}, {"date": "2024-01-17-14-00-00", "latency": 108}]}, {"location": {"country_code": "ch"}, "game_id": "116088", "values": [{"date": "2024-01-17-14-00-00", "latency": 28}]}, {"location": {"country_code": "br"}, "game_id": "116088", "values": [{"date": "2024-01-17-21-00-00", "latency": 202}, {"date": "2024-01-17-21-00-00", "latency": 202}, {"date": "2024-01-17-21-00-00", "latency": 202}, {"date": "2024-01-17-21-00-00", "latency": 202}, {"date": "2024-01-17-21-00-00", "latency": 202}, {"date": "2024-01-17-21-00-00", "latency": 202}, {"date": "2024-01-17-21-00-00", "latency": 202}, {"date": "2024-01-17-21-00-00", "latency": 202}, {"date": "2024-01-17-21-00-00", "latency": 202}, {"date": "2024-01-17-21-00-00", "latency": 202}, {"date": "2024-01-17-21-00-00", "latency": 202}, {"date": "2024-01-17-21-00-00", "latency": 202}, {"date": "2024-01-17-21-00-00", "latency": 202}, {"date": "2024-01-17-21-00-00", "latency": 202}, {"date": "2024-01-17-21-00-00", "latency": 202}, {"date": "2024-01-17-21-00-00", "latency": 202}, {"date": "2024-01-17-21-00-00", "latency": 202}, {"date": "2024-01-17-21-00-00", "latency": 202}, {"date": "2024-01-17-21-00-00", "latency": 202}, {"date": "2024-01-17-21-00-00", "latency": 202}, {"date": "2024-01-17-21-00-00", "latency": 202}, {"date": "2024-01-17-21-00-00", "latency": 202}, {"date": "2024-01-17-21-00-00", "latency": 202}, {"date": "2024-01-17-21-00-00", "latency": 202}, {"date": "2024-01-17-21-00-00", "latency": 202}, {"date": "2024-01-17-21-00-00", "latency": 202}, {"date": "2024-01-17-21-00-00", "latency": 202}, {"date": "2024-01-17-21-00-00", "latency": 202}, {"date": "2024-01-17-21-00-00", "latency": 202}, {"date": "2024-01-17-21-00-00", "latency": 202}, {"date": "2024-01-17-21-00-00", "latency": 202}, {"date": "2024-01-17-21-00-00", "latency": 202}, {"date": "2024-01-17-21-00-00", "latency": 202}, {"date": "2024-01-17-21-00-00", "latency": 202}, {"date": "2024-01-17-21-00-00", "latency": 202}, {"date": "2024-01-17-21-00-00", "latency": 202}, {"date": "2024-01-17-21-00-00", "latency": 202}, {"date": "2024-01-17-21-00-00", "latency": 202}, {"date": "2024-01-17-21-00-00", "latency": 202}, {"date": "2024-01-17-21-00-00", "latency": 202}, {"date": "2024-01-17-21-00-00", "latency": 202}, {"date": "2024-01-17-21-00-00", "latency": 202}, {"date": "2024-01-17-21-00-00", "latency": 202}, {"date": "2024-01-17-21-00-00", "latency": 202}, {"date": "2024-01-17-21-00-00", "latency": 202}, {"date": "2024-01-17-21-00-00", "latency": 202}, {"date": "2024-01-17-21-00-00", "latency": 202}, {"date": "2024-01-17-21-00-00", "latency": 202}, {"date": "2024-01-17-21-00-00", "latency": 202}, {"date": "2024-01-17-21-00-00", "latency": 202}, {"date": "2024-01-17-21-00-00", "latency": 202}, {"date": "2024-01-17-21-00-00", "latency": 202}, {"date": "2024-01-17-21-00-00", "latency": 202}]}, {"location": {"country_code": "ec"}, "game_id": "116088", "values": [{"date": "2024-01-17-06-00-00", "latency": 100}]}, {"location": {"country_code": "tr"}, "game_id": "116088", "values": [{"date": "2024-01-17-22-00-00", "latency": 122}, {"date": "2024-01-17-22-00-00", "latency": 122}, {"date": "2024-01-17-22-00-00", "latency": 122}, {"date": "2024-01-17-22-00-00", "latency": 122}]}, {"location": {"country_code": "by", "region": "Minsk"}, "game_id": "116088", "values": [{"date": "2024-01-17-03-00-00", "latency": 88}, {"date": "2024-01-17-03-00-00", "latency": 88}, {"date": "2024-01-17-03-00-00", "latency": 88}, {"date": "2024-01-17-03-00-00", "latency": 88}, {"date": "2024-01-17-03-00-00", "latency": 88}, {"date": "2024-01-17-03-00-00", "latency": 88}]}, {"location": {"country_code": "hu"}, "game_id": "116088", "values": [{"date": "2024-01-17-22-00-00", "latency": 49}]}, {"location": {"country_code": "pe"}, "game_id": "116088", "values": [{"date": "2024-01-17-11-00-00", "latency": 57}, {"date": "2024-01-17-11-00-00", "latency": 57}, {"date": "2024-01-17-02-00-00", "latency": 91}, {"date": "2024-01-17-02-00-00", "latency": 91}, {"date": "2024-01-17-02-00-00", "latency": 91}, {"date": "2024-01-17-02-00-00", "latency": 91}, {"date": "2024-01-17-02-00-00", "latency": 91}, {"date": "2024-01-17-02-00-00", "latency": 91}, {"date": "2024-01-17-02-00-00", "latency": 91}, {"date": "2024-01-17-02-00-00", "latency": 91}]}, {"location": {"country_code": "ua"}, "game_id": "116088", "values": [{"date": "2024-01-18-00-00-00", "latency": 481}, {"date": "2024-01-17-19-00-00", "latency": 85}, {"date": "2024-01-18-00-00-00", "latency": 125}, {"date": "2024-01-18-00-00-00", "latency": 125}, {"date": "2024-01-18-00-00-00", "latency": 125}, {"date": "2024-01-18-00-00-00", "latency": 125}, {"date": "2024-01-18-00-00-00", "latency": 125}, {"date": "2024-01-18-00-00-00", "latency": 125}, {"date": "2024-01-18-00-00-00", "latency": 125}, {"date": "2024-01-18-00-00-00", "latency": 125}, {"date": "2024-01-18-00-00-00", "latency": 125}, {"date": "2024-01-18-00-00-00", "latency": 125}, {"date": "2024-01-18-00-00-00", "latency": 125}, {"date": "2024-01-18-00-00-00", "latency": 125}, {"date": "2024-01-18-00-00-00", "latency": 125}, {"date": "2024-01-18-00-00-00", "latency": 125}, {"date": "2024-01-18-00-00-00", "latency": 125}, {"date": "2024-01-18-00-00-00", "latency": 125}]}, {"location": {"country_code": "kz"}, "game_id": "116088", "values": [{"date": "2024-01-17-15-00-00", "latency": 79}, {"date": "2024-01-17-18-00-00", "latency": 95}, {"date": "2024-01-17-18-00-00", "latency": 95}, {"date": "2024-01-17-18-00-00", "latency": 95}, {"date": "2024-01-17-18-00-00", "latency": 95}, {"date": "2024-01-17-18-00-00", "latency": 95}, {"date": "2024-01-17-18-00-00", "latency": 95}, {"date": "2024-01-17-18-00-00", "latency": 95}, {"date": "2024-01-17-18-00-00", "latency": 95}, {"date": "2024-01-17-18-00-00", "latency": 95}, {"date": "2024-01-18-01-00-00", "latency": 100}, {"date": "2024-01-18-01-00-00", "latency": 100}, {"date": "2024-01-18-01-00-00", "latency": 100}, {"date": "2024-01-18-01-00-00", "latency": 100}, {"date": "2024-01-18-01-00-00", "latency": 100}]}, {"location": {"country_code": "sg"}, "game_id": "116088", "values": [{"date": "2024-01-17-21-00-00", "latency": 82}, {"date": "2024-01-17-21-00-00", "latency": 82}, {"date": "2024-01-17-21-00-00", "latency": 82}, {"date": "2024-01-17-21-00-00", "latency": 82}, {"date": "2024-01-17-21-00-00", "latency": 82}]}, {"location": {"country_code": "tr", "region": "Marmara Bolgesi"}, "game_id": "116088", "values": [{"date": "2024-01-17-19-00-00", "latency": 93}]}, {"location": {"country_code": "ru"}, "game_id": "116088", "values": [{"date": "2024-01-17-19-00-00", "latency": 161}, {"date": "2024-01-17-19-00-00", "latency": 161}, {"date": "2024-01-17-19-00-00", "latency": 161}, {"date": "2024-01-17-19-00-00", "latency": 161}, {"date": "2024-01-17-02-00-00", "latency": 68}, {"date": "2024-01-17-15-00-00", "latency": 49}, {"date": "2024-01-17-15-00-00", "latency": 49}]}, {"location": {"country_code": "py"}, "game_id": "116088", "values": [{"date": "2024-01-17-06-00-00", "latency": 151}]}, {"location": {"country_code": "us", "region": "Colorado", "city": "Denver"}, "game_id": "116088", "values": [{"date": "2024-01-17-08-00-00", "latency": 108}, {"date": "2024-01-17-08-00-00", "latency": 108}, {"date": "2024-01-17-08-00-00", "latency": 108}, {"date": "2024-01-17-08-00-00", "latency": 108}, {"date": "2024-01-17-08-00-00", "latency": 108}, {"date": "2024-01-17-08-00-00", "latency": 108}, {"date": "2024-01-17-08-00-00", "latency": 108}, {"date": "2024-01-17-08-00-00", "latency": 108}]}, {"location": {"country_code": "lt", "region": "Vilnius County", "city": "Vilnius"}, "game_id": "116088", "values": [{"date": "2024-01-17-09-00-00", "latency": 38}, {"date": "2024-01-17-09-00-00", "latency": 38}, {"date": "2024-01-17-09-00-00", "latency": 38}, {"date": "2024-01-17-09-00-00", "latency": 38}]}, {"location": {"country_code": "th", "region": "Bangkok", "city": "Bangkok"}, "game_id": "116088", "values": [{"date": "2024-01-17-22-00-00", "latency": 94}, {"date": "2024-01-17-22-00-00", "latency": 94}, {"date": "2024-01-17-22-00-00", "latency": 94}, {"date": "2024-01-17-22-00-00", "latency": 94}, {"date": "2024-01-17-22-00-00", "latency": 94}, {"date": "2024-01-17-22-00-00", "latency": 94}]}, {"location": {"country_code": "ph", "region": "National Capital Region", "city": "Quezon City"}, "game_id": "116088", "values": [{"date": "2024-01-17-13-00-00", "latency": 527}]}, {"location": {"country_code": "ru", "region": "Krasnodar Krai", "city": "Novorossiysk"}, "game_id": "116088", "values": [{"date": "2024-01-17-17-00-00", "latency": 92}]}, {"location": {"country_code": "ru", "region": "Voronezh Oblast", "city": "Voronezh"}, "game_id": "116088", "values": [{"date": "2024-01-17-02-00-00", "latency": 59}, {"date": "2024-01-17-02-00-00", "latency": 59}, {"date": "2024-01-17-02-00-00", "latency": 59}, {"date": "2024-01-17-02-00-00", "latency": 59}]}, {"location": {"country_code": "uz"}, "game_id": "116088", "values": [{"date": "2024-01-17-18-00-00", "latency": 95}, {"date": "2024-01-17-18-00-00", "latency": 95}, {"date": "2024-01-17-18-00-00", "latency": 95}, {"date": "2024-01-17-18-00-00", "latency": 95}, {"date": "2024-01-17-18-00-00", "latency": 95}, {"date": "2024-01-17-18-00-00", "latency": 95}, {"date": "2024-01-17-18-00-00", "latency": 95}, {"date": "2024-01-17-18-00-00", "latency": 95}, {"date": "2024-01-17-18-00-00", "latency": 95}]}, {"location": {"country_code": "eg", "region": "Cairo Governorate", "city": "15 de Maio, , "}, "game_id": "116088", "values": [{"date": "2024-01-17-22-00-00", "latency": 80}]}, {"location": {"country_code": "ru", "region": "Primorskiy (Maritime) Kray", "city": "Vladivostok"}, "game_id": "116088", "values": [{"date": "2024-01-17-03-00-00", "latency": 96}, {"date": "2024-01-17-03-00-00", "latency": 96}, {"date": "2024-01-17-03-00-00", "latency": 96}, {"date": "2024-01-17-03-00-00", "latency": 96}, {"date": "2024-01-17-03-00-00", "latency": 96}]}, {"location": {"country_code": "uy", "region": "Canelones Department"}, "game_id": "116088", "values": [{"date": "2024-01-17-02-00-00", "latency": 72}]}, {"location": {"country_code": "us", "region": "Texas", "city": "Lufkin"}, "game_id": "116088", "values": [{"date": "2024-01-17-08-00-00", "latency": 154}, {"date": "2024-01-17-08-00-00", "latency": 154}, {"date": "2024-01-17-08-00-00", "latency": 154}, {"date": "2024-01-17-08-00-00", "latency": 154}, {"date": "2024-01-17-08-00-00", "latency": 154}]}], "last_updated": 1719927608.093934}