{"data": [{"location": {"country_code": "us"}, "game_id": "452439", "values": [{"date": "2023-08-30-01-00-00", "latency": "76"}, {"date": "2023-08-30-01-00-00", "latency": "76"}, {"date": "2023-08-29-08-00-00", "latency": "91"}, {"date": "2023-08-29-08-00-00", "latency": "91"}, {"date": "2023-08-29-08-00-00", "latency": "91"}, {"date": "2023-08-29-04-00-00", "latency": "28"}, {"date": "2023-08-29-04-00-00", "latency": "28"}, {"date": "2023-08-29-04-00-00", "latency": "28"}, {"date": "2023-08-29-04-00-00", "latency": "28"}, {"date": "2023-08-29-04-00-00", "latency": "28"}, {"date": "2023-08-29-04-00-00", "latency": "28"}, {"date": "2023-08-29-04-00-00", "latency": "28"}, {"date": "2023-08-29-04-00-00", "latency": "28"}, {"date": "2023-08-29-04-00-00", "latency": "28"}, {"date": "2023-08-29-23-00-00", "latency": "31"}, {"date": "2023-08-29-23-00-00", "latency": "31"}, {"date": "2023-08-29-23-00-00", "latency": "31"}, {"date": "2023-08-29-23-00-00", "latency": "31"}, {"date": "2023-08-29-23-00-00", "latency": "31"}, {"date": "2023-08-30-01-00-00", "latency": "27"}, {"date": "2023-08-30-01-00-00", "latency": "27"}, {"date": "2023-08-30-01-00-00", "latency": "27"}, {"date": "2023-08-30-01-00-00", "latency": "27"}, {"date": "2023-08-30-01-00-00", "latency": "27"}, {"date": "2023-08-30-01-00-00", "latency": "27"}, {"date": "2023-08-30-01-00-00", "latency": "27"}, {"date": "2023-08-30-01-00-00", "latency": "27"}, {"date": "2023-08-30-01-00-00", "latency": "27"}, {"date": "2023-08-30-01-00-00", "latency": "27"}, {"date": "2023-08-30-01-00-00", "latency": "27"}, {"date": "2023-08-30-01-00-00", "latency": "27"}, {"date": "2023-08-30-01-00-00", "latency": "27"}, {"date": "2023-08-30-01-00-00", "latency": "27"}, {"date": "2023-08-30-01-00-00", "latency": "27"}, {"date": "2023-08-30-01-00-00", "latency": "27"}, {"date": "2023-08-30-01-00-00", "latency": "27"}, {"date": "2023-08-30-01-00-00", "latency": "27"}, {"date": "2023-08-30-01-00-00", "latency": "27"}, {"date": "2023-08-30-01-00-00", "latency": "27"}, {"date": "2023-08-30-01-00-00", "latency": "60"}, {"date": "2023-08-30-01-00-00", "latency": "60"}, {"date": "2023-08-30-01-00-00", "latency": "60"}, {"date": "2023-08-30-01-00-00", "latency": "60"}, {"date": "2023-08-30-01-00-00", "latency": "60"}, {"date": "2023-08-30-01-00-00", "latency": "60"}, {"date": "2023-08-30-01-00-00", "latency": "60"}, {"date": "2023-08-30-01-00-00", "latency": "60"}, {"date": "2023-08-30-01-00-00", "latency": "60"}, {"date": "2023-08-30-01-00-00", "latency": "60"}, {"date": "2023-08-30-01-00-00", "latency": "60"}, {"date": "2023-08-30-01-00-00", "latency": "60"}, {"date": "2023-08-30-01-00-00", "latency": "60"}, {"date": "2023-08-30-01-00-00", "latency": "60"}, {"date": "2023-08-30-01-00-00", "latency": "60"}, {"date": "2023-08-30-01-00-00", "latency": "60"}, {"date": "2023-08-30-01-00-00", "latency": "60"}, {"date": "2023-08-30-01-00-00", "latency": "60"}, {"date": "2023-08-30-01-00-00", "latency": "60"}, {"date": "2023-08-30-01-00-00", "latency": "60"}, {"date": "2023-08-30-01-00-00", "latency": "60"}, {"date": "2023-08-30-01-00-00", "latency": "60"}, {"date": "2023-08-30-01-00-00", "latency": "60"}, {"date": "2023-08-30-01-00-00", "latency": "60"}, {"date": "2023-08-30-02-00-00", "latency": "60"}, {"date": "2023-08-30-02-00-00", "latency": "60"}, {"date": "2023-08-30-02-00-00", "latency": "60"}, {"date": "2023-08-30-02-00-00", "latency": "60"}, {"date": "2023-08-30-02-00-00", "latency": "19"}, {"date": "2023-08-30-02-00-00", "latency": "19"}, {"date": "2023-08-30-02-00-00", "latency": "19"}, {"date": "2023-08-30-02-00-00", "latency": "19"}, {"date": "2023-08-29-05-00-00", "latency": "39"}, {"date": "2023-08-29-05-00-00", "latency": "39"}, {"date": "2023-08-29-05-00-00", "latency": "39"}, {"date": "2023-08-29-05-00-00", "latency": "39"}, {"date": "2023-08-29-05-00-00", "latency": "39"}, {"date": "2023-08-29-05-00-00", "latency": "39"}, {"date": "2023-08-29-05-00-00", "latency": "39"}, {"date": "2023-08-29-05-00-00", "latency": "39"}, {"date": "2023-08-29-05-00-00", "latency": "39"}, {"date": "2023-08-29-05-00-00", "latency": "39"}, {"date": "2023-08-29-05-00-00", "latency": "39"}, {"date": "2023-08-29-05-00-00", "latency": "39"}, {"date": "2023-08-29-05-00-00", "latency": "39"}, {"date": "2023-08-29-05-00-00", "latency": "39"}, {"date": "2023-08-29-05-00-00", "latency": "39"}, {"date": "2023-08-29-05-00-00", "latency": "39"}, {"date": "2023-08-29-05-00-00", "latency": "39"}, {"date": "2023-08-29-05-00-00", "latency": "39"}, {"date": "2023-08-29-05-00-00", "latency": "39"}, {"date": "2023-08-29-05-00-00", "latency": "39"}, {"date": "2023-08-29-05-00-00", "latency": "39"}, {"date": "2023-08-29-05-00-00", "latency": "39"}, {"date": "2023-08-29-05-00-00", "latency": "39"}, {"date": "2023-08-29-05-00-00", "latency": "39"}, {"date": "2023-08-29-05-00-00", "latency": "39"}]}, {"location": {"country_code": "us", "region": "Indiana", "city": "Indianapolis"}, "game_id": "452439", "values": [{"date": "2023-08-30-02-00-00", "latency": "39"}, {"date": "2023-08-30-02-00-00", "latency": "39"}, {"date": "2023-08-30-02-00-00", "latency": "39"}, {"date": "2023-08-30-02-00-00", "latency": "39"}, {"date": "2023-08-30-02-00-00", "latency": "39"}]}, {"location": {"country_code": "gb"}, "game_id": "452439", "values": [{"date": "2023-08-30-00-00-00", "latency": "35"}, {"date": "2023-08-30-00-00-00", "latency": "35"}, {"date": "2023-08-30-00-00-00", "latency": "35"}, {"date": "2023-08-30-00-00-00", "latency": "35"}, {"date": "2023-08-30-00-00-00", "latency": "35"}, {"date": "2023-08-30-00-00-00", "latency": "35"}, {"date": "2023-08-30-00-00-00", "latency": "35"}, {"date": "2023-08-30-00-00-00", "latency": "35"}, {"date": "2023-08-30-00-00-00", "latency": "35"}, {"date": "2023-08-30-00-00-00", "latency": "35"}, {"date": "2023-08-30-00-00-00", "latency": "35"}, {"date": "2023-08-30-00-00-00", "latency": "35"}]}, {"location": {"country_code": "gb", "region": "England"}, "game_id": "452439", "values": [{"date": "2023-08-30-02-00-00", "latency": "93"}, {"date": "2023-08-30-02-00-00", "latency": "93"}, {"date": "2023-08-30-02-00-00", "latency": "93"}, {"date": "2023-08-30-02-00-00", "latency": "93"}, {"date": "2023-08-30-02-00-00", "latency": "93"}, {"date": "2023-08-30-02-00-00", "latency": "93"}, {"date": "2023-08-30-02-00-00", "latency": "93"}, {"date": "2023-08-30-02-00-00", "latency": "93"}, {"date": "2023-08-30-02-00-00", "latency": "93"}, {"date": "2023-08-30-02-00-00", "latency": "93"}, {"date": "2023-08-30-02-00-00", "latency": "93"}, {"date": "2023-08-30-02-00-00", "latency": "93"}, {"date": "2023-08-30-02-00-00", "latency": "93"}, {"date": "2023-08-29-22-00-00", "latency": "38"}, {"date": "2023-08-29-22-00-00", "latency": "38"}, {"date": "2023-08-29-22-00-00", "latency": "38"}, {"date": "2023-08-29-22-00-00", "latency": "38"}, {"date": "2023-08-29-22-00-00", "latency": "38"}]}, {"location": {"country_code": "nl"}, "game_id": "452439", "values": [{"date": "2023-08-30-00-00-00", "latency": "23"}, {"date": "2023-08-30-00-00-00", "latency": "23"}, {"date": "2023-08-30-00-00-00", "latency": "23"}, {"date": "2023-08-30-00-00-00", "latency": "23"}, {"date": "2023-08-30-00-00-00", "latency": "23"}, {"date": "2023-08-30-00-00-00", "latency": "23"}, {"date": "2023-08-30-00-00-00", "latency": "23"}, {"date": "2023-08-30-00-00-00", "latency": "23"}, {"date": "2023-08-30-00-00-00", "latency": "23"}, {"date": "2023-08-30-00-00-00", "latency": "23"}, {"date": "2023-08-29-08-00-00", "latency": "84"}, {"date": "2023-08-29-08-00-00", "latency": "84"}, {"date": "2023-08-29-08-00-00", "latency": "84"}, {"date": "2023-08-29-08-00-00", "latency": "84"}, {"date": "2023-08-29-08-00-00", "latency": "84"}, {"date": "2023-08-29-08-00-00", "latency": "84"}, {"date": "2023-08-29-08-00-00", "latency": "84"}]}, {"location": {"country_code": "it"}, "game_id": "452439", "values": [{"date": "2023-08-29-21-00-00", "latency": "44"}, {"date": "2023-08-29-21-00-00", "latency": "44"}, {"date": "2023-08-29-21-00-00", "latency": "44"}, {"date": "2023-08-30-01-00-00", "latency": "26"}, {"date": "2023-08-30-01-00-00", "latency": "26"}, {"date": "2023-08-30-01-00-00", "latency": "26"}, {"date": "2023-08-30-01-00-00", "latency": "26"}, {"date": "2023-08-30-01-00-00", "latency": "26"}, {"date": "2023-08-30-01-00-00", "latency": "26"}, {"date": "2023-08-30-01-00-00", "latency": "26"}, {"date": "2023-08-30-01-00-00", "latency": "26"}, {"date": "2023-08-30-01-00-00", "latency": "26"}, {"date": "2023-08-30-01-00-00", "latency": "26"}, {"date": "2023-08-30-01-00-00", "latency": "26"}, {"date": "2023-08-30-01-00-00", "latency": "26"}, {"date": "2023-08-30-01-00-00", "latency": "26"}, {"date": "2023-08-30-01-00-00", "latency": "26"}, {"date": "2023-08-30-01-00-00", "latency": "26"}, {"date": "2023-08-30-01-00-00", "latency": "26"}, {"date": "2023-08-30-01-00-00", "latency": "26"}, {"date": "2023-08-30-01-00-00", "latency": "26"}, {"date": "2023-08-30-01-00-00", "latency": "26"}, {"date": "2023-08-30-01-00-00", "latency": "26"}, {"date": "2023-08-30-01-00-00", "latency": "26"}, {"date": "2023-08-30-01-00-00", "latency": "26"}, {"date": "2023-08-30-01-00-00", "latency": "26"}, {"date": "2023-08-30-01-00-00", "latency": "26"}, {"date": "2023-08-30-01-00-00", "latency": "26"}, {"date": "2023-08-30-01-00-00", "latency": "26"}, {"date": "2023-08-30-01-00-00", "latency": "26"}, {"date": "2023-08-30-01-00-00", "latency": "26"}, {"date": "2023-08-29-21-00-00", "latency": "50"}]}, {"location": {"country_code": "za"}, "game_id": "452439", "values": [{"date": "2023-08-29-22-00-00", "latency": "181"}, {"date": "2023-08-29-22-00-00", "latency": "181"}, {"date": "2023-08-29-22-00-00", "latency": "181"}, {"date": "2023-08-29-22-00-00", "latency": "181"}, {"date": "2023-08-29-22-00-00", "latency": "181"}, {"date": "2023-08-29-22-00-00", "latency": "181"}, {"date": "2023-08-29-22-00-00", "latency": "181"}, {"date": "2023-08-29-22-00-00", "latency": "181"}, {"date": "2023-08-29-22-00-00", "latency": "181"}, {"date": "2023-08-29-22-00-00", "latency": "181"}, {"date": "2023-08-29-22-00-00", "latency": "181"}, {"date": "2023-08-29-22-00-00", "latency": "181"}, {"date": "2023-08-29-22-00-00", "latency": "181"}, {"date": "2023-08-29-22-00-00", "latency": "181"}, {"date": "2023-08-29-22-00-00", "latency": "181"}, {"date": "2023-08-29-22-00-00", "latency": "181"}, {"date": "2023-08-29-22-00-00", "latency": "181"}, {"date": "2023-08-29-22-00-00", "latency": "181"}, {"date": "2023-08-29-22-00-00", "latency": "181"}, {"date": "2023-08-29-22-00-00", "latency": "181"}, {"date": "2023-08-29-22-00-00", "latency": "181"}, {"date": "2023-08-29-22-00-00", "latency": "181"}, {"date": "2023-08-29-22-00-00", "latency": "181"}]}, {"location": {"country_code": "ca"}, "game_id": "452439", "values": [{"date": "2023-08-29-07-00-00", "latency": "101"}, {"date": "2023-08-29-07-00-00", "latency": "101"}, {"date": "2023-08-29-07-00-00", "latency": "101"}, {"date": "2023-08-29-07-00-00", "latency": "101"}, {"date": "2023-08-29-07-00-00", "latency": "101"}, {"date": "2023-08-29-07-00-00", "latency": "101"}, {"date": "2023-08-29-07-00-00", "latency": "101"}, {"date": "2023-08-29-07-00-00", "latency": "101"}, {"date": "2023-08-29-07-00-00", "latency": "101"}, {"date": "2023-08-29-09-00-00", "latency": "101"}, {"date": "2023-08-29-09-00-00", "latency": "101"}, {"date": "2023-08-29-09-00-00", "latency": "101"}, {"date": "2023-08-29-09-00-00", "latency": "101"}, {"date": "2023-08-29-09-00-00", "latency": "101"}, {"date": "2023-08-29-09-00-00", "latency": "101"}, {"date": "2023-08-29-09-00-00", "latency": "101"}, {"date": "2023-08-29-09-00-00", "latency": "101"}, {"date": "2023-08-29-09-00-00", "latency": "101"}, {"date": "2023-08-29-09-00-00", "latency": "101"}, {"date": "2023-08-29-09-00-00", "latency": "101"}, {"date": "2023-08-29-09-00-00", "latency": "101"}, {"date": "2023-08-29-09-00-00", "latency": "101"}, {"date": "2023-08-29-09-00-00", "latency": "101"}, {"date": "2023-08-29-09-00-00", "latency": "101"}, {"date": "2023-08-29-09-00-00", "latency": "101"}, {"date": "2023-08-29-09-00-00", "latency": "101"}, {"date": "2023-08-29-09-00-00", "latency": "101"}, {"date": "2023-08-29-22-00-00", "latency": "123"}, {"date": "2023-08-29-22-00-00", "latency": "123"}, {"date": "2023-08-29-22-00-00", "latency": "123"}, {"date": "2023-08-29-22-00-00", "latency": "123"}, {"date": "2023-08-29-22-00-00", "latency": "123"}, {"date": "2023-08-29-23-00-00", "latency": "65"}, {"date": "2023-08-29-23-00-00", "latency": "65"}, {"date": "2023-08-29-23-00-00", "latency": "65"}, {"date": "2023-08-29-23-00-00", "latency": "65"}, {"date": "2023-08-29-23-00-00", "latency": "65"}, {"date": "2023-08-29-23-00-00", "latency": "65"}, {"date": "2023-08-29-23-00-00", "latency": "65"}, {"date": "2023-08-29-23-00-00", "latency": "65"}, {"date": "2023-08-29-23-00-00", "latency": "65"}, {"date": "2023-08-29-23-00-00", "latency": "65"}, {"date": "2023-08-29-23-00-00", "latency": "65"}, {"date": "2023-08-29-23-00-00", "latency": "65"}, {"date": "2023-08-29-23-00-00", "latency": "65"}, {"date": "2023-08-29-23-00-00", "latency": "65"}, {"date": "2023-08-29-23-00-00", "latency": "65"}, {"date": "2023-08-29-23-00-00", "latency": "65"}, {"date": "2023-08-30-02-00-00", "latency": "89"}, {"date": "2023-08-30-02-00-00", "latency": "89"}, {"date": "2023-08-29-04-00-00", "latency": "90"}, {"date": "2023-08-29-04-00-00", "latency": "90"}, {"date": "2023-08-29-04-00-00", "latency": "90"}, {"date": "2023-08-29-04-00-00", "latency": "90"}, {"date": "2023-08-29-04-00-00", "latency": "90"}, {"date": "2023-08-29-04-00-00", "latency": "90"}, {"date": "2023-08-29-04-00-00", "latency": "90"}, {"date": "2023-08-29-04-00-00", "latency": "90"}, {"date": "2023-08-29-04-00-00", "latency": "90"}, {"date": "2023-08-29-22-00-00", "latency": "115"}, {"date": "2023-08-29-22-00-00", "latency": "115"}, {"date": "2023-08-29-22-00-00", "latency": "115"}, {"date": "2023-08-29-22-00-00", "latency": "115"}, {"date": "2023-08-29-22-00-00", "latency": "115"}, {"date": "2023-08-29-22-00-00", "latency": "115"}, {"date": "2023-08-29-22-00-00", "latency": "115"}, {"date": "2023-08-29-22-00-00", "latency": "115"}, {"date": "2023-08-29-22-00-00", "latency": "115"}]}, {"location": {"country_code": "us", "region": "Texas", "city": "Houston"}, "game_id": "452439", "values": [{"date": "2023-08-29-05-00-00", "latency": "46"}, {"date": "2023-08-29-05-00-00", "latency": "46"}, {"date": "2023-08-29-05-00-00", "latency": "46"}, {"date": "2023-08-29-05-00-00", "latency": "46"}, {"date": "2023-08-29-05-00-00", "latency": "46"}, {"date": "2023-08-29-05-00-00", "latency": "46"}, {"date": "2023-08-29-05-00-00", "latency": "46"}, {"date": "2023-08-29-05-00-00", "latency": "46"}, {"date": "2023-08-29-05-00-00", "latency": "46"}, {"date": "2023-08-29-05-00-00", "latency": "46"}, {"date": "2023-08-29-05-00-00", "latency": "46"}, {"date": "2023-08-29-05-00-00", "latency": "46"}, {"date": "2023-08-29-05-00-00", "latency": "46"}, {"date": "2023-08-29-05-00-00", "latency": "46"}, {"date": "2023-08-29-05-00-00", "latency": "46"}, {"date": "2023-08-29-05-00-00", "latency": "46"}, {"date": "2023-08-29-05-00-00", "latency": "46"}]}, {"location": {"country_code": "ch"}, "game_id": "452439", "values": [{"date": "2023-08-29-15-00-00", "latency": "46"}, {"date": "2023-08-29-15-00-00", "latency": "46"}, {"date": "2023-08-29-15-00-00", "latency": "46"}, {"date": "2023-08-29-15-00-00", "latency": "46"}, {"date": "2023-08-29-15-00-00", "latency": "46"}, {"date": "2023-08-29-15-00-00", "latency": "46"}, {"date": "2023-08-29-15-00-00", "latency": "46"}, {"date": "2023-08-29-15-00-00", "latency": "46"}, {"date": "2023-08-29-15-00-00", "latency": "46"}, {"date": "2023-08-29-15-00-00", "latency": "46"}, {"date": "2023-08-29-15-00-00", "latency": "46"}, {"date": "2023-08-29-15-00-00", "latency": "46"}, {"date": "2023-08-29-15-00-00", "latency": "46"}, {"date": "2023-08-29-15-00-00", "latency": "46"}, {"date": "2023-08-29-15-00-00", "latency": "46"}, {"date": "2023-08-29-15-00-00", "latency": "46"}, {"date": "2023-08-29-15-00-00", "latency": "46"}, {"date": "2023-08-29-15-00-00", "latency": "46"}, {"date": "2023-08-29-15-00-00", "latency": "46"}, {"date": "2023-08-29-15-00-00", "latency": "46"}, {"date": "2023-08-29-15-00-00", "latency": "46"}]}, {"location": {"country_code": "de"}, "game_id": "452439", "values": [{"date": "2023-08-29-18-00-00", "latency": "20"}, {"date": "2023-08-29-18-00-00", "latency": "20"}, {"date": "2023-08-29-18-00-00", "latency": "20"}, {"date": "2023-08-29-18-00-00", "latency": "20"}, {"date": "2023-08-29-18-00-00", "latency": "20"}, {"date": "2023-08-29-18-00-00", "latency": "20"}, {"date": "2023-08-29-18-00-00", "latency": "20"}, {"date": "2023-08-29-18-00-00", "latency": "20"}, {"date": "2023-08-29-18-00-00", "latency": "20"}, {"date": "2023-08-29-18-00-00", "latency": "20"}, {"date": "2023-08-29-18-00-00", "latency": "20"}, {"date": "2023-08-29-18-00-00", "latency": "20"}, {"date": "2023-08-29-18-00-00", "latency": "20"}, {"date": "2023-08-29-18-00-00", "latency": "20"}, {"date": "2023-08-29-18-00-00", "latency": "20"}, {"date": "2023-08-29-18-00-00", "latency": "20"}, {"date": "2023-08-29-18-00-00", "latency": "20"}, {"date": "2023-08-29-18-00-00", "latency": "20"}, {"date": "2023-08-29-18-00-00", "latency": "20"}, {"date": "2023-08-29-18-00-00", "latency": "20"}, {"date": "2023-08-29-18-00-00", "latency": "20"}, {"date": "2023-08-29-18-00-00", "latency": "20"}, {"date": "2023-08-29-18-00-00", "latency": "20"}, {"date": "2023-08-29-15-00-00", "latency": "21"}, {"date": "2023-08-29-15-00-00", "latency": "21"}, {"date": "2023-08-29-15-00-00", "latency": "21"}, {"date": "2023-08-29-15-00-00", "latency": "21"}, {"date": "2023-08-29-15-00-00", "latency": "21"}, {"date": "2023-08-29-15-00-00", "latency": "21"}, {"date": "2023-08-29-15-00-00", "latency": "21"}, {"date": "2023-08-29-15-00-00", "latency": "21"}, {"date": "2023-08-29-15-00-00", "latency": "21"}, {"date": "2023-08-29-15-00-00", "latency": "21"}, {"date": "2023-08-29-15-00-00", "latency": "21"}, {"date": "2023-08-29-15-00-00", "latency": "21"}, {"date": "2023-08-29-15-00-00", "latency": "21"}, {"date": "2023-08-29-15-00-00", "latency": "21"}, {"date": "2023-08-29-15-00-00", "latency": "21"}, {"date": "2023-08-29-15-00-00", "latency": "21"}, {"date": "2023-08-29-15-00-00", "latency": "21"}, {"date": "2023-08-29-15-00-00", "latency": "21"}, {"date": "2023-08-29-15-00-00", "latency": "21"}, {"date": "2023-08-29-15-00-00", "latency": "21"}, {"date": "2023-08-29-15-00-00", "latency": "21"}, {"date": "2023-08-29-15-00-00", "latency": "21"}, {"date": "2023-08-29-15-00-00", "latency": "21"}, {"date": "2023-08-29-15-00-00", "latency": "21"}, {"date": "2023-08-29-15-00-00", "latency": "21"}, {"date": "2023-08-29-15-00-00", "latency": "21"}, {"date": "2023-08-29-15-00-00", "latency": "21"}, {"date": "2023-08-29-20-00-00", "latency": "11"}, {"date": "2023-08-29-20-00-00", "latency": "11"}, {"date": "2023-08-29-20-00-00", "latency": "11"}, {"date": "2023-08-29-20-00-00", "latency": "11"}, {"date": "2023-08-29-20-00-00", "latency": "11"}, {"date": "2023-08-29-20-00-00", "latency": "11"}, {"date": "2023-08-29-20-00-00", "latency": "11"}, {"date": "2023-08-29-20-00-00", "latency": "11"}, {"date": "2023-08-29-20-00-00", "latency": "11"}, {"date": "2023-08-29-20-00-00", "latency": "11"}, {"date": "2023-08-29-20-00-00", "latency": "11"}, {"date": "2023-08-29-20-00-00", "latency": "11"}, {"date": "2023-08-29-20-00-00", "latency": "11"}, {"date": "2023-08-29-20-00-00", "latency": "11"}, {"date": "2023-08-29-20-00-00", "latency": "11"}, {"date": "2023-08-29-20-00-00", "latency": "11"}, {"date": "2023-08-29-20-00-00", "latency": "11"}, {"date": "2023-08-29-20-00-00", "latency": "11"}, {"date": "2023-08-29-20-00-00", "latency": "11"}, {"date": "2023-08-29-20-00-00", "latency": "11"}, {"date": "2023-08-29-20-00-00", "latency": "11"}, {"date": "2023-08-29-22-00-00", "latency": "18"}, {"date": "2023-08-29-22-00-00", "latency": "18"}, {"date": "2023-08-29-22-00-00", "latency": "18"}, {"date": "2023-08-29-22-00-00", "latency": "18"}, {"date": "2023-08-29-22-00-00", "latency": "18"}, {"date": "2023-08-29-22-00-00", "latency": "18"}, {"date": "2023-08-29-22-00-00", "latency": "18"}, {"date": "2023-08-29-22-00-00", "latency": "18"}, {"date": "2023-08-29-22-00-00", "latency": "18"}, {"date": "2023-08-29-22-00-00", "latency": "18"}, {"date": "2023-08-29-22-00-00", "latency": "18"}, {"date": "2023-08-29-22-00-00", "latency": "18"}, {"date": "2023-08-29-22-00-00", "latency": "18"}, {"date": "2023-08-29-22-00-00", "latency": "18"}, {"date": "2023-08-29-22-00-00", "latency": "18"}, {"date": "2023-08-29-22-00-00", "latency": "18"}, {"date": "2023-08-29-22-00-00", "latency": "18"}, {"date": "2023-08-29-22-00-00", "latency": "18"}, {"date": "2023-08-29-22-00-00", "latency": "18"}, {"date": "2023-08-29-22-00-00", "latency": "18"}, {"date": "2023-08-29-22-00-00", "latency": "18"}, {"date": "2023-08-29-18-00-00", "latency": "6"}, {"date": "2023-08-29-18-00-00", "latency": "6"}, {"date": "2023-08-29-18-00-00", "latency": "6"}, {"date": "2023-08-29-18-00-00", "latency": "6"}, {"date": "2023-08-29-18-00-00", "latency": "6"}, {"date": "2023-08-29-18-00-00", "latency": "6"}, {"date": "2023-08-29-18-00-00", "latency": "6"}, {"date": "2023-08-29-18-00-00", "latency": "6"}, {"date": "2023-08-29-18-00-00", "latency": "6"}, {"date": "2023-08-29-18-00-00", "latency": "6"}, {"date": "2023-08-29-18-00-00", "latency": "6"}, {"date": "2023-08-29-18-00-00", "latency": "6"}, {"date": "2023-08-29-18-00-00", "latency": "6"}, {"date": "2023-08-29-18-00-00", "latency": "6"}, {"date": "2023-08-29-18-00-00", "latency": "6"}, {"date": "2023-08-29-18-00-00", "latency": "6"}, {"date": "2023-08-29-18-00-00", "latency": "6"}, {"date": "2023-08-29-18-00-00", "latency": "6"}, {"date": "2023-08-29-18-00-00", "latency": "6"}, {"date": "2023-08-29-18-00-00", "latency": "6"}, {"date": "2023-08-29-18-00-00", "latency": "6"}, {"date": "2023-08-29-18-00-00", "latency": "6"}, {"date": "2023-08-29-18-00-00", "latency": "6"}, {"date": "2023-08-29-18-00-00", "latency": "20"}, {"date": "2023-08-29-18-00-00", "latency": "20"}, {"date": "2023-08-29-18-00-00", "latency": "20"}, {"date": "2023-08-29-18-00-00", "latency": "20"}, {"date": "2023-08-29-18-00-00", "latency": "20"}, {"date": "2023-08-29-18-00-00", "latency": "20"}, {"date": "2023-08-29-18-00-00", "latency": "20"}, {"date": "2023-08-29-18-00-00", "latency": "20"}, {"date": "2023-08-29-18-00-00", "latency": "20"}, {"date": "2023-08-29-18-00-00", "latency": "20"}, {"date": "2023-08-29-18-00-00", "latency": "20"}, {"date": "2023-08-29-18-00-00", "latency": "20"}, {"date": "2023-08-29-18-00-00", "latency": "20"}, {"date": "2023-08-29-18-00-00", "latency": "20"}, {"date": "2023-08-29-18-00-00", "latency": "20"}, {"date": "2023-08-29-18-00-00", "latency": "20"}, {"date": "2023-08-29-18-00-00", "latency": "20"}, {"date": "2023-08-29-18-00-00", "latency": "20"}, {"date": "2023-08-29-18-00-00", "latency": "20"}, {"date": "2023-08-29-18-00-00", "latency": "20"}, {"date": "2023-08-29-18-00-00", "latency": "20"}, {"date": "2023-08-29-18-00-00", "latency": "20"}, {"date": "2023-08-29-18-00-00", "latency": "20"}, {"date": "2023-08-29-18-00-00", "latency": "20"}, {"date": "2023-08-29-18-00-00", "latency": "20"}, {"date": "2023-08-29-18-00-00", "latency": "20"}, {"date": "2023-08-29-18-00-00", "latency": "20"}, {"date": "2023-08-29-18-00-00", "latency": "20"}, {"date": "2023-08-29-18-00-00", "latency": "20"}, {"date": "2023-08-29-18-00-00", "latency": "20"}, {"date": "2023-08-29-18-00-00", "latency": "20"}, {"date": "2023-08-29-18-00-00", "latency": "20"}, {"date": "2023-08-29-18-00-00", "latency": "20"}, {"date": "2023-08-29-18-00-00", "latency": "20"}, {"date": "2023-08-29-18-00-00", "latency": "20"}, {"date": "2023-08-29-18-00-00", "latency": "20"}, {"date": "2023-08-30-00-00-00", "latency": "13"}, {"date": "2023-08-30-00-00-00", "latency": "13"}, {"date": "2023-08-30-00-00-00", "latency": "13"}, {"date": "2023-08-30-00-00-00", "latency": "13"}, {"date": "2023-08-30-00-00-00", "latency": "13"}, {"date": "2023-08-30-00-00-00", "latency": "13"}, {"date": "2023-08-30-00-00-00", "latency": "13"}, {"date": "2023-08-30-00-00-00", "latency": "13"}, {"date": "2023-08-30-00-00-00", "latency": "13"}, {"date": "2023-08-30-00-00-00", "latency": "13"}, {"date": "2023-08-30-00-00-00", "latency": "13"}, {"date": "2023-08-30-00-00-00", "latency": "13"}, {"date": "2023-08-30-00-00-00", "latency": "13"}, {"date": "2023-08-30-00-00-00", "latency": "13"}, {"date": "2023-08-30-00-00-00", "latency": "13"}, {"date": "2023-08-30-00-00-00", "latency": "13"}, {"date": "2023-08-30-00-00-00", "latency": "13"}, {"date": "2023-08-29-15-00-00", "latency": "32"}, {"date": "2023-08-29-15-00-00", "latency": "32"}, {"date": "2023-08-29-15-00-00", "latency": "32"}, {"date": "2023-08-29-15-00-00", "latency": "32"}, {"date": "2023-08-29-15-00-00", "latency": "32"}, {"date": "2023-08-29-15-00-00", "latency": "32"}, {"date": "2023-08-29-15-00-00", "latency": "32"}, {"date": "2023-08-29-15-00-00", "latency": "32"}, {"date": "2023-08-29-15-00-00", "latency": "32"}, {"date": "2023-08-29-15-00-00", "latency": "32"}, {"date": "2023-08-29-15-00-00", "latency": "32"}, {"date": "2023-08-29-15-00-00", "latency": "32"}, {"date": "2023-08-29-15-00-00", "latency": "32"}, {"date": "2023-08-29-15-00-00", "latency": "32"}, {"date": "2023-08-29-15-00-00", "latency": "32"}, {"date": "2023-08-29-15-00-00", "latency": "32"}, {"date": "2023-08-29-15-00-00", "latency": "32"}, {"date": "2023-08-29-15-00-00", "latency": "32"}, {"date": "2023-08-29-15-00-00", "latency": "32"}, {"date": "2023-08-29-15-00-00", "latency": "32"}]}, {"location": {"country_code": "de", "region": "Bavaria"}, "game_id": "452439", "values": [{"date": "2023-08-29-20-00-00", "latency": "2"}]}, {"location": {"country_code": "br", "region": "Parana", "city": "Araucaria"}, "game_id": "452439", "values": [{"date": "2023-08-29-08-00-00", "latency": "19"}, {"date": "2023-08-29-08-00-00", "latency": "19"}, {"date": "2023-08-29-08-00-00", "latency": "19"}, {"date": "2023-08-29-08-00-00", "latency": "19"}, {"date": "2023-08-29-08-00-00", "latency": "19"}, {"date": "2023-08-29-08-00-00", "latency": "19"}, {"date": "2023-08-29-08-00-00", "latency": "19"}, {"date": "2023-08-29-08-00-00", "latency": "19"}, {"date": "2023-08-29-08-00-00", "latency": "19"}, {"date": "2023-08-29-08-00-00", "latency": "19"}, {"date": "2023-08-29-08-00-00", "latency": "19"}, {"date": "2023-08-29-08-00-00", "latency": "19"}, {"date": "2023-08-29-08-00-00", "latency": "19"}, {"date": "2023-08-29-08-00-00", "latency": "19"}, {"date": "2023-08-29-08-00-00", "latency": "19"}, {"date": "2023-08-29-08-00-00", "latency": "19"}]}, {"location": {"country_code": "gb", "region": "Scotland"}, "game_id": "452439", "values": [{"date": "2023-08-29-03-00-00", "latency": "98"}, {"date": "2023-08-29-03-00-00", "latency": "98"}, {"date": "2023-08-29-03-00-00", "latency": "98"}, {"date": "2023-08-29-03-00-00", "latency": "98"}, {"date": "2023-08-29-03-00-00", "latency": "98"}, {"date": "2023-08-29-03-00-00", "latency": "98"}, {"date": "2023-08-29-03-00-00", "latency": "98"}, {"date": "2023-08-29-03-00-00", "latency": "98"}]}, {"location": {"country_code": "us", "region": "Texas"}, "game_id": "452439", "values": [{"date": "2023-08-29-07-00-00", "latency": "40"}, {"date": "2023-08-29-07-00-00", "latency": "40"}, {"date": "2023-08-29-07-00-00", "latency": "40"}, {"date": "2023-08-29-07-00-00", "latency": "40"}, {"date": "2023-08-29-07-00-00", "latency": "40"}, {"date": "2023-08-29-07-00-00", "latency": "40"}, {"date": "2023-08-29-07-00-00", "latency": "40"}]}, {"location": {"country_code": "us", "region": "Texas", "city": "Austin"}, "game_id": "452439", "values": [{"date": "2023-08-30-01-00-00", "latency": "39"}, {"date": "2023-08-30-01-00-00", "latency": "39"}, {"date": "2023-08-30-01-00-00", "latency": "39"}, {"date": "2023-08-30-01-00-00", "latency": "39"}, {"date": "2023-08-30-01-00-00", "latency": "39"}, {"date": "2023-08-30-01-00-00", "latency": "39"}, {"date": "2023-08-30-01-00-00", "latency": "39"}, {"date": "2023-08-30-01-00-00", "latency": "39"}, {"date": "2023-08-30-01-00-00", "latency": "39"}, {"date": "2023-08-30-01-00-00", "latency": "39"}, {"date": "2023-08-30-01-00-00", "latency": "39"}, {"date": "2023-08-30-01-00-00", "latency": "39"}, {"date": "2023-08-30-01-00-00", "latency": "39"}, {"date": "2023-08-30-01-00-00", "latency": "39"}, {"date": "2023-08-30-01-00-00", "latency": "39"}, {"date": "2023-08-30-01-00-00", "latency": "39"}, {"date": "2023-08-30-01-00-00", "latency": "39"}, {"date": "2023-08-30-01-00-00", "latency": "39"}]}, {"location": {"country_code": "fr"}, "game_id": "452439", "values": [{"date": "2023-08-29-09-00-00", "latency": "13"}, {"date": "2023-08-29-09-00-00", "latency": "13"}, {"date": "2023-08-29-09-00-00", "latency": "13"}, {"date": "2023-08-29-09-00-00", "latency": "13"}, {"date": "2023-08-29-09-00-00", "latency": "13"}, {"date": "2023-08-29-09-00-00", "latency": "13"}, {"date": "2023-08-29-09-00-00", "latency": "13"}, {"date": "2023-08-29-09-00-00", "latency": "13"}, {"date": "2023-08-29-09-00-00", "latency": "13"}, {"date": "2023-08-29-09-00-00", "latency": "13"}, {"date": "2023-08-29-09-00-00", "latency": "13"}, {"date": "2023-08-29-09-00-00", "latency": "13"}, {"date": "2023-08-29-09-00-00", "latency": "13"}, {"date": "2023-08-29-09-00-00", "latency": "13"}, {"date": "2023-08-29-09-00-00", "latency": "13"}, {"date": "2023-08-29-09-00-00", "latency": "13"}, {"date": "2023-08-29-09-00-00", "latency": "13"}, {"date": "2023-08-29-09-00-00", "latency": "13"}, {"date": "2023-08-29-09-00-00", "latency": "13"}, {"date": "2023-08-29-09-00-00", "latency": "13"}, {"date": "2023-08-29-09-00-00", "latency": "13"}, {"date": "2023-08-29-09-00-00", "latency": "13"}, {"date": "2023-08-29-09-00-00", "latency": "13"}, {"date": "2023-08-29-09-00-00", "latency": "13"}, {"date": "2023-08-29-09-00-00", "latency": "13"}, {"date": "2023-08-29-09-00-00", "latency": "13"}, {"date": "2023-08-29-09-00-00", "latency": "13"}]}, {"location": {"country_code": "ca", "region": "Quebec", "city": "Rouyn-Noranda"}, "game_id": "452439", "values": [{"date": "2023-08-30-01-00-00", "latency": "27"}, {"date": "2023-08-30-01-00-00", "latency": "27"}, {"date": "2023-08-30-01-00-00", "latency": "27"}, {"date": "2023-08-30-01-00-00", "latency": "27"}, {"date": "2023-08-30-01-00-00", "latency": "27"}, {"date": "2023-08-30-01-00-00", "latency": "27"}, {"date": "2023-08-30-01-00-00", "latency": "27"}]}, {"location": {"country_code": "mx"}, "game_id": "452439", "values": [{"date": "2023-08-29-05-00-00", "latency": "65"}, {"date": "2023-08-29-05-00-00", "latency": "65"}, {"date": "2023-08-29-05-00-00", "latency": "65"}, {"date": "2023-08-29-05-00-00", "latency": "65"}, {"date": "2023-08-29-05-00-00", "latency": "65"}, {"date": "2023-08-29-05-00-00", "latency": "65"}, {"date": "2023-08-29-05-00-00", "latency": "65"}, {"date": "2023-08-29-05-00-00", "latency": "65"}, {"date": "2023-08-29-08-00-00", "latency": "76"}, {"date": "2023-08-29-08-00-00", "latency": "76"}, {"date": "2023-08-29-08-00-00", "latency": "76"}, {"date": "2023-08-29-08-00-00", "latency": "76"}, {"date": "2023-08-29-08-00-00", "latency": "76"}]}, {"location": {"country_code": "us", "region": "California"}, "game_id": "452439", "values": [{"date": "2023-08-29-08-00-00", "latency": "34"}, {"date": "2023-08-29-08-00-00", "latency": "34"}, {"date": "2023-08-29-08-00-00", "latency": "34"}, {"date": "2023-08-29-08-00-00", "latency": "34"}, {"date": "2023-08-29-08-00-00", "latency": "34"}, {"date": "2023-08-29-08-00-00", "latency": "34"}, {"date": "2023-08-29-08-00-00", "latency": "34"}, {"date": "2023-08-29-08-00-00", "latency": "34"}, {"date": "2023-08-29-08-00-00", "latency": "34"}, {"date": "2023-08-29-08-00-00", "latency": "34"}, {"date": "2023-08-29-08-00-00", "latency": "34"}]}, {"location": {"country_code": "br", "region": "State of Rio de Janeiro", "city": "Angra dos Reis"}, "game_id": "452439", "values": [{"date": "2023-08-30-02-00-00", "latency": "18"}, {"date": "2023-08-30-02-00-00", "latency": "18"}, {"date": "2023-08-30-02-00-00", "latency": "18"}, {"date": "2023-08-30-02-00-00", "latency": "18"}, {"date": "2023-08-30-02-00-00", "latency": "18"}, {"date": "2023-08-30-02-00-00", "latency": "18"}]}, {"location": {"country_code": "br", "region": "Sao Paulo", "city": "Apiai"}, "game_id": "452439", "values": [{"date": "2023-08-30-02-00-00", "latency": "2"}, {"date": "2023-08-30-02-00-00", "latency": "2"}, {"date": "2023-08-30-02-00-00", "latency": "2"}, {"date": "2023-08-30-02-00-00", "latency": "2"}, {"date": "2023-08-30-02-00-00", "latency": "2"}, {"date": "2023-08-30-02-00-00", "latency": "2"}, {"date": "2023-08-30-02-00-00", "latency": "2"}, {"date": "2023-08-30-02-00-00", "latency": "2"}, {"date": "2023-08-30-01-00-00", "latency": "5"}, {"date": "2023-08-30-01-00-00", "latency": "5"}, {"date": "2023-08-30-01-00-00", "latency": "5"}, {"date": "2023-08-30-01-00-00", "latency": "5"}, {"date": "2023-08-30-01-00-00", "latency": "5"}, {"date": "2023-08-30-01-00-00", "latency": "5"}, {"date": "2023-08-30-01-00-00", "latency": "5"}, {"date": "2023-08-29-20-00-00", "latency": "129"}, {"date": "2023-08-29-20-00-00", "latency": "129"}, {"date": "2023-08-29-20-00-00", "latency": "129"}, {"date": "2023-08-29-20-00-00", "latency": "129"}, {"date": "2023-08-29-20-00-00", "latency": "129"}, {"date": "2023-08-29-20-00-00", "latency": "129"}, {"date": "2023-08-29-20-00-00", "latency": "129"}, {"date": "2023-08-29-20-00-00", "latency": "129"}, {"date": "2023-08-29-20-00-00", "latency": "129"}, {"date": "2023-08-29-20-00-00", "latency": "129"}, {"date": "2023-08-29-20-00-00", "latency": "129"}, {"date": "2023-08-29-20-00-00", "latency": "129"}, {"date": "2023-08-30-02-00-00", "latency": "7"}, {"date": "2023-08-30-02-00-00", "latency": "7"}, {"date": "2023-08-30-02-00-00", "latency": "7"}, {"date": "2023-08-30-02-00-00", "latency": "7"}, {"date": "2023-08-30-02-00-00", "latency": "7"}, {"date": "2023-08-30-02-00-00", "latency": "7"}, {"date": "2023-08-30-02-00-00", "latency": "7"}, {"date": "2023-08-30-02-00-00", "latency": "7"}, {"date": "2023-08-30-02-00-00", "latency": "7"}]}, {"location": {"country_code": "se"}, "game_id": "452439", "values": [{"date": "2023-08-29-15-00-00", "latency": "25"}, {"date": "2023-08-29-22-00-00", "latency": "139"}, {"date": "2023-08-29-22-00-00", "latency": "139"}, {"date": "2023-08-29-22-00-00", "latency": "139"}, {"date": "2023-08-29-22-00-00", "latency": "139"}, {"date": "2023-08-29-22-00-00", "latency": "139"}, {"date": "2023-08-29-22-00-00", "latency": "139"}, {"date": "2023-08-29-22-00-00", "latency": "139"}, {"date": "2023-08-29-22-00-00", "latency": "139"}, {"date": "2023-08-29-22-00-00", "latency": "139"}, {"date": "2023-08-29-22-00-00", "latency": "139"}, {"date": "2023-08-29-22-00-00", "latency": "139"}, {"date": "2023-08-29-22-00-00", "latency": "139"}, {"date": "2023-08-29-22-00-00", "latency": "139"}, {"date": "2023-08-29-22-00-00", "latency": "139"}, {"date": "2023-08-29-22-00-00", "latency": "139"}, {"date": "2023-08-29-22-00-00", "latency": "139"}, {"date": "2023-08-29-22-00-00", "latency": "139"}, {"date": "2023-08-29-22-00-00", "latency": "139"}, {"date": "2023-08-29-22-00-00", "latency": "139"}, {"date": "2023-08-29-22-00-00", "latency": "139"}, {"date": "2023-08-29-15-00-00", "latency": "25"}, {"date": "2023-08-29-15-00-00", "latency": "25"}, {"date": "2023-08-29-15-00-00", "latency": "25"}, {"date": "2023-08-29-15-00-00", "latency": "25"}, {"date": "2023-08-29-15-00-00", "latency": "25"}, {"date": "2023-08-29-15-00-00", "latency": "25"}, {"date": "2023-08-29-15-00-00", "latency": "25"}, {"date": "2023-08-29-15-00-00", "latency": "25"}, {"date": "2023-08-29-15-00-00", "latency": "25"}, {"date": "2023-08-29-15-00-00", "latency": "25"}, {"date": "2023-08-29-15-00-00", "latency": "25"}, {"date": "2023-08-29-15-00-00", "latency": "25"}, {"date": "2023-08-29-15-00-00", "latency": "25"}, {"date": "2023-08-29-15-00-00", "latency": "25"}, {"date": "2023-08-29-15-00-00", "latency": "25"}, {"date": "2023-08-29-15-00-00", "latency": "25"}, {"date": "2023-08-29-15-00-00", "latency": "25"}, {"date": "2023-08-29-15-00-00", "latency": "25"}, {"date": "2023-08-29-15-00-00", "latency": "25"}, {"date": "2023-08-29-15-00-00", "latency": "25"}, {"date": "2023-08-29-15-00-00", "latency": "25"}, {"date": "2023-08-29-15-00-00", "latency": "25"}, {"date": "2023-08-29-15-00-00", "latency": "25"}, {"date": "2023-08-29-15-00-00", "latency": "25"}, {"date": "2023-08-29-15-00-00", "latency": "25"}, {"date": "2023-08-29-15-00-00", "latency": "25"}, {"date": "2023-08-29-15-00-00", "latency": "25"}]}, {"location": {"country_code": "au"}, "game_id": "452439", "values": [{"date": "2023-08-29-15-00-00", "latency": "16"}, {"date": "2023-08-29-15-00-00", "latency": "16"}, {"date": "2023-08-29-15-00-00", "latency": "16"}, {"date": "2023-08-29-15-00-00", "latency": "16"}, {"date": "2023-08-29-15-00-00", "latency": "16"}, {"date": "2023-08-29-15-00-00", "latency": "16"}, {"date": "2023-08-29-15-00-00", "latency": "16"}, {"date": "2023-08-29-15-00-00", "latency": "16"}, {"date": "2023-08-29-15-00-00", "latency": "16"}, {"date": "2023-08-29-15-00-00", "latency": "16"}, {"date": "2023-08-29-15-00-00", "latency": "16"}, {"date": "2023-08-29-15-00-00", "latency": "16"}, {"date": "2023-08-29-15-00-00", "latency": "16"}, {"date": "2023-08-29-15-00-00", "latency": "16"}, {"date": "2023-08-29-15-00-00", "latency": "16"}, {"date": "2023-08-29-15-00-00", "latency": "16"}, {"date": "2023-08-29-15-00-00", "latency": "16"}, {"date": "2023-08-29-15-00-00", "latency": "16"}, {"date": "2023-08-29-15-00-00", "latency": "16"}, {"date": "2023-08-29-15-00-00", "latency": "16"}, {"date": "2023-08-29-15-00-00", "latency": "16"}, {"date": "2023-08-29-15-00-00", "latency": "16"}, {"date": "2023-08-29-15-00-00", "latency": "16"}, {"date": "2023-08-29-15-00-00", "latency": "16"}, {"date": "2023-08-29-15-00-00", "latency": "16"}]}, {"location": {"country_code": "au", "region": "Western Australia", "city": "Perth"}, "game_id": "452439", "values": [{"date": "2023-08-29-18-00-00", "latency": "65"}, {"date": "2023-08-29-18-00-00", "latency": "65"}, {"date": "2023-08-29-18-00-00", "latency": "65"}, {"date": "2023-08-29-18-00-00", "latency": "65"}, {"date": "2023-08-29-18-00-00", "latency": "65"}, {"date": "2023-08-29-18-00-00", "latency": "65"}, {"date": "2023-08-29-18-00-00", "latency": "65"}, {"date": "2023-08-29-18-00-00", "latency": "65"}, {"date": "2023-08-29-18-00-00", "latency": "65"}]}, {"location": {"country_code": "us", "region": "Georgia", "city": "Savannah"}, "game_id": "452439", "values": [{"date": "2023-08-30-01-00-00", "latency": "25"}, {"date": "2023-08-30-01-00-00", "latency": "25"}]}, {"location": {"country_code": "de", "region": "Saxony"}, "game_id": "452439", "values": [{"date": "2023-08-29-19-00-00", "latency": "36"}, {"date": "2023-08-29-19-00-00", "latency": "36"}, {"date": "2023-08-29-19-00-00", "latency": "36"}, {"date": "2023-08-29-19-00-00", "latency": "36"}, {"date": "2023-08-29-19-00-00", "latency": "36"}, {"date": "2023-08-29-19-00-00", "latency": "36"}, {"date": "2023-08-29-19-00-00", "latency": "36"}, {"date": "2023-08-29-19-00-00", "latency": "36"}, {"date": "2023-08-29-19-00-00", "latency": "36"}, {"date": "2023-08-29-19-00-00", "latency": "36"}, {"date": "2023-08-29-19-00-00", "latency": "36"}, {"date": "2023-08-29-19-00-00", "latency": "36"}, {"date": "2023-08-29-19-00-00", "latency": "36"}]}, {"location": {"country_code": "ar"}, "game_id": "452439", "values": [{"date": "2023-08-29-04-00-00", "latency": "38"}, {"date": "2023-08-29-04-00-00", "latency": "38"}, {"date": "2023-08-29-04-00-00", "latency": "38"}, {"date": "2023-08-29-04-00-00", "latency": "38"}, {"date": "2023-08-29-04-00-00", "latency": "38"}, {"date": "2023-08-30-02-00-00", "latency": "48"}, {"date": "2023-08-30-02-00-00", "latency": "48"}, {"date": "2023-08-30-02-00-00", "latency": "48"}, {"date": "2023-08-30-02-00-00", "latency": "48"}, {"date": "2023-08-30-02-00-00", "latency": "48"}, {"date": "2023-08-30-02-00-00", "latency": "48"}, {"date": "2023-08-30-02-00-00", "latency": "48"}, {"date": "2023-08-30-02-00-00", "latency": "48"}, {"date": "2023-08-30-02-00-00", "latency": "48"}, {"date": "2023-08-30-02-00-00", "latency": "48"}, {"date": "2023-08-30-02-00-00", "latency": "48"}, {"date": "2023-08-30-02-00-00", "latency": "48"}, {"date": "2023-08-29-21-00-00", "latency": "49"}, {"date": "2023-08-29-21-00-00", "latency": "49"}, {"date": "2023-08-29-21-00-00", "latency": "49"}, {"date": "2023-08-29-21-00-00", "latency": "49"}, {"date": "2023-08-29-03-00-00", "latency": "73"}, {"date": "2023-08-29-03-00-00", "latency": "73"}, {"date": "2023-08-29-03-00-00", "latency": "73"}, {"date": "2023-08-29-03-00-00", "latency": "73"}, {"date": "2023-08-29-03-00-00", "latency": "73"}, {"date": "2023-08-29-03-00-00", "latency": "73"}, {"date": "2023-08-29-03-00-00", "latency": "73"}, {"date": "2023-08-29-03-00-00", "latency": "73"}, {"date": "2023-08-29-03-00-00", "latency": "73"}, {"date": "2023-08-29-03-00-00", "latency": "73"}, {"date": "2023-08-29-03-00-00", "latency": "73"}, {"date": "2023-08-29-03-00-00", "latency": "73"}, {"date": "2023-08-30-02-00-00", "latency": "32"}, {"date": "2023-08-30-02-00-00", "latency": "32"}, {"date": "2023-08-30-02-00-00", "latency": "32"}, {"date": "2023-08-30-02-00-00", "latency": "32"}, {"date": "2023-08-30-02-00-00", "latency": "32"}, {"date": "2023-08-30-02-00-00", "latency": "32"}, {"date": "2023-08-30-02-00-00", "latency": "32"}, {"date": "2023-08-30-02-00-00", "latency": "32"}, {"date": "2023-08-30-02-00-00", "latency": "32"}, {"date": "2023-08-30-02-00-00", "latency": "32"}, {"date": "2023-08-30-02-00-00", "latency": "32"}, {"date": "2023-08-30-02-00-00", "latency": "32"}, {"date": "2023-08-30-02-00-00", "latency": "32"}, {"date": "2023-08-30-02-00-00", "latency": "32"}, {"date": "2023-08-30-02-00-00", "latency": "32"}, {"date": "2023-08-30-02-00-00", "latency": "32"}, {"date": "2023-08-30-02-00-00", "latency": "32"}, {"date": "2023-08-30-02-00-00", "latency": "32"}, {"date": "2023-08-30-02-00-00", "latency": "32"}, {"date": "2023-08-30-02-00-00", "latency": "32"}, {"date": "2023-08-29-05-00-00", "latency": "37"}, {"date": "2023-08-29-05-00-00", "latency": "37"}, {"date": "2023-08-29-05-00-00", "latency": "37"}, {"date": "2023-08-29-05-00-00", "latency": "37"}, {"date": "2023-08-29-05-00-00", "latency": "37"}, {"date": "2023-08-29-05-00-00", "latency": "37"}, {"date": "2023-08-29-05-00-00", "latency": "37"}, {"date": "2023-08-29-05-00-00", "latency": "37"}, {"date": "2023-08-29-05-00-00", "latency": "37"}, {"date": "2023-08-29-05-00-00", "latency": "37"}, {"date": "2023-08-29-05-00-00", "latency": "37"}, {"date": "2023-08-29-05-00-00", "latency": "37"}, {"date": "2023-08-29-05-00-00", "latency": "37"}, {"date": "2023-08-29-05-00-00", "latency": "37"}]}, {"location": {"country_code": "ar", "region": "Buenos Aires F.D.", "city": "Bahia Blanca"}, "game_id": "452439", "values": [{"date": "2023-08-29-07-00-00", "latency": "35"}, {"date": "2023-08-29-07-00-00", "latency": "35"}, {"date": "2023-08-29-07-00-00", "latency": "35"}, {"date": "2023-08-29-07-00-00", "latency": "35"}, {"date": "2023-08-29-07-00-00", "latency": "35"}, {"date": "2023-08-29-07-00-00", "latency": "35"}, {"date": "2023-08-29-07-00-00", "latency": "35"}, {"date": "2023-08-29-07-00-00", "latency": "35"}, {"date": "2023-08-29-07-00-00", "latency": "35"}, {"date": "2023-08-29-07-00-00", "latency": "35"}, {"date": "2023-08-29-07-00-00", "latency": "35"}, {"date": "2023-08-29-07-00-00", "latency": "35"}, {"date": "2023-08-29-07-00-00", "latency": "35"}, {"date": "2023-08-30-02-00-00", "latency": "45"}, {"date": "2023-08-30-02-00-00", "latency": "45"}, {"date": "2023-08-30-02-00-00", "latency": "45"}, {"date": "2023-08-30-02-00-00", "latency": "45"}, {"date": "2023-08-30-02-00-00", "latency": "45"}, {"date": "2023-08-30-02-00-00", "latency": "45"}, {"date": "2023-08-30-02-00-00", "latency": "45"}, {"date": "2023-08-30-02-00-00", "latency": "45"}, {"date": "2023-08-30-02-00-00", "latency": "45"}, {"date": "2023-08-30-02-00-00", "latency": "45"}, {"date": "2023-08-30-02-00-00", "latency": "45"}, {"date": "2023-08-30-02-00-00", "latency": "45"}]}, {"location": {"country_code": "fi"}, "game_id": "452439", "values": [{"date": "2023-08-29-19-00-00", "latency": "59"}, {"date": "2023-08-29-19-00-00", "latency": "59"}, {"date": "2023-08-29-19-00-00", "latency": "59"}, {"date": "2023-08-29-19-00-00", "latency": "59"}, {"date": "2023-08-29-19-00-00", "latency": "59"}, {"date": "2023-08-29-19-00-00", "latency": "59"}, {"date": "2023-08-29-19-00-00", "latency": "59"}, {"date": "2023-08-29-19-00-00", "latency": "59"}, {"date": "2023-08-29-19-00-00", "latency": "59"}, {"date": "2023-08-29-19-00-00", "latency": "59"}]}, {"location": {"country_code": "ca", "region": "Alberta"}, "game_id": "452439", "values": [{"date": "2023-08-29-22-00-00", "latency": "28"}, {"date": "2023-08-29-22-00-00", "latency": "28"}, {"date": "2023-08-29-22-00-00", "latency": "28"}, {"date": "2023-08-29-22-00-00", "latency": "28"}, {"date": "2023-08-29-22-00-00", "latency": "28"}]}, {"location": {"country_code": "ru", "region": "Moscow", "city": "Zelenograd"}, "game_id": "452439", "values": [{"date": "2023-08-29-22-00-00", "latency": "53"}, {"date": "2023-08-29-22-00-00", "latency": "53"}, {"date": "2023-08-29-22-00-00", "latency": "53"}, {"date": "2023-08-29-22-00-00", "latency": "53"}, {"date": "2023-08-29-22-00-00", "latency": "53"}, {"date": "2023-08-29-22-00-00", "latency": "53"}, {"date": "2023-08-29-22-00-00", "latency": "53"}, {"date": "2023-08-29-22-00-00", "latency": "53"}, {"date": "2023-08-29-22-00-00", "latency": "53"}, {"date": "2023-08-29-22-00-00", "latency": "53"}, {"date": "2023-08-29-22-00-00", "latency": "53"}, {"date": "2023-08-29-22-00-00", "latency": "53"}, {"date": "2023-08-29-22-00-00", "latency": "53"}, {"date": "2023-08-29-22-00-00", "latency": "53"}, {"date": "2023-08-29-22-00-00", "latency": "53"}, {"date": "2023-08-29-22-00-00", "latency": "53"}, {"date": "2023-08-29-22-00-00", "latency": "53"}, {"date": "2023-08-29-22-00-00", "latency": "53"}, {"date": "2023-08-29-22-00-00", "latency": "53"}]}, {"location": {"country_code": "at", "region": "Vienna"}, "game_id": "452439", "values": [{"date": "2023-08-29-21-00-00", "latency": "33"}, {"date": "2023-08-29-21-00-00", "latency": "33"}, {"date": "2023-08-29-21-00-00", "latency": "33"}, {"date": "2023-08-29-21-00-00", "latency": "33"}, {"date": "2023-08-29-21-00-00", "latency": "33"}, {"date": "2023-08-29-21-00-00", "latency": "33"}, {"date": "2023-08-29-21-00-00", "latency": "33"}, {"date": "2023-08-29-21-00-00", "latency": "33"}, {"date": "2023-08-29-21-00-00", "latency": "33"}, {"date": "2023-08-29-21-00-00", "latency": "33"}, {"date": "2023-08-29-21-00-00", "latency": "33"}, {"date": "2023-08-29-21-00-00", "latency": "33"}, {"date": "2023-08-29-21-00-00", "latency": "33"}, {"date": "2023-08-29-21-00-00", "latency": "33"}, {"date": "2023-08-29-21-00-00", "latency": "33"}]}, {"location": {"country_code": "at"}, "game_id": "452439", "values": [{"date": "2023-08-30-02-00-00", "latency": "21"}, {"date": "2023-08-30-02-00-00", "latency": "21"}, {"date": "2023-08-30-02-00-00", "latency": "21"}, {"date": "2023-08-30-02-00-00", "latency": "21"}, {"date": "2023-08-30-02-00-00", "latency": "21"}, {"date": "2023-08-30-02-00-00", "latency": "21"}, {"date": "2023-08-30-02-00-00", "latency": "21"}, {"date": "2023-08-30-02-00-00", "latency": "21"}, {"date": "2023-08-30-02-00-00", "latency": "21"}, {"date": "2023-08-30-02-00-00", "latency": "21"}, {"date": "2023-08-30-02-00-00", "latency": "21"}, {"date": "2023-08-30-02-00-00", "latency": "21"}, {"date": "2023-08-30-02-00-00", "latency": "21"}, {"date": "2023-08-30-02-00-00", "latency": "21"}, {"date": "2023-08-30-02-00-00", "latency": "21"}, {"date": "2023-08-30-02-00-00", "latency": "21"}, {"date": "2023-08-30-02-00-00", "latency": "21"}, {"date": "2023-08-30-02-00-00", "latency": "21"}, {"date": "2023-08-30-02-00-00", "latency": "21"}, {"date": "2023-08-30-02-00-00", "latency": "21"}, {"date": "2023-08-30-02-00-00", "latency": "21"}, {"date": "2023-08-30-02-00-00", "latency": "21"}, {"date": "2023-08-30-02-00-00", "latency": "21"}, {"date": "2023-08-30-02-00-00", "latency": "21"}, {"date": "2023-08-30-02-00-00", "latency": "21"}, {"date": "2023-08-30-02-00-00", "latency": "21"}, {"date": "2023-08-30-02-00-00", "latency": "21"}, {"date": "2023-08-30-02-00-00", "latency": "21"}, {"date": "2023-08-30-02-00-00", "latency": "21"}, {"date": "2023-08-29-12-00-00", "latency": "36"}, {"date": "2023-08-29-12-00-00", "latency": "36"}, {"date": "2023-08-29-12-00-00", "latency": "36"}, {"date": "2023-08-29-12-00-00", "latency": "36"}, {"date": "2023-08-29-12-00-00", "latency": "36"}, {"date": "2023-08-29-12-00-00", "latency": "36"}, {"date": "2023-08-29-12-00-00", "latency": "36"}, {"date": "2023-08-29-12-00-00", "latency": "36"}, {"date": "2023-08-29-12-00-00", "latency": "36"}, {"date": "2023-08-29-12-00-00", "latency": "36"}, {"date": "2023-08-29-12-00-00", "latency": "36"}, {"date": "2023-08-29-12-00-00", "latency": "36"}, {"date": "2023-08-29-12-00-00", "latency": "36"}, {"date": "2023-08-29-12-00-00", "latency": "36"}, {"date": "2023-08-29-12-00-00", "latency": "36"}, {"date": "2023-08-29-12-00-00", "latency": "36"}, {"date": "2023-08-29-12-00-00", "latency": "36"}, {"date": "2023-08-30-00-00-00", "latency": "45"}, {"date": "2023-08-30-00-00-00", "latency": "45"}, {"date": "2023-08-30-00-00-00", "latency": "45"}, {"date": "2023-08-30-00-00-00", "latency": "45"}, {"date": "2023-08-30-00-00-00", "latency": "45"}, {"date": "2023-08-30-00-00-00", "latency": "45"}]}, {"location": {"country_code": "cn"}, "game_id": "452439", "values": [{"date": "2023-08-30-01-00-00", "latency": "51"}, {"date": "2023-08-30-01-00-00", "latency": "51"}, {"date": "2023-08-30-01-00-00", "latency": "51"}, {"date": "2023-08-30-01-00-00", "latency": "51"}, {"date": "2023-08-30-01-00-00", "latency": "51"}, {"date": "2023-08-30-01-00-00", "latency": "51"}, {"date": "2023-08-30-01-00-00", "latency": "51"}, {"date": "2023-08-30-01-00-00", "latency": "51"}, {"date": "2023-08-30-01-00-00", "latency": "51"}, {"date": "2023-08-30-01-00-00", "latency": "51"}, {"date": "2023-08-30-01-00-00", "latency": "51"}, {"date": "2023-08-30-01-00-00", "latency": "51"}, {"date": "2023-08-30-01-00-00", "latency": "51"}, {"date": "2023-08-30-01-00-00", "latency": "51"}, {"date": "2023-08-30-01-00-00", "latency": "51"}, {"date": "2023-08-30-01-00-00", "latency": "51"}, {"date": "2023-08-30-01-00-00", "latency": "51"}, {"date": "2023-08-30-01-00-00", "latency": "51"}, {"date": "2023-08-30-01-00-00", "latency": "51"}, {"date": "2023-08-30-01-00-00", "latency": "51"}, {"date": "2023-08-30-01-00-00", "latency": "51"}]}, {"location": {"country_code": "es", "region": "Catalonia", "city": "l'Hospitalet de Llobregat"}, "game_id": "452439", "values": [{"date": "2023-08-29-09-00-00", "latency": "31"}, {"date": "2023-08-29-09-00-00", "latency": "31"}, {"date": "2023-08-29-09-00-00", "latency": "31"}, {"date": "2023-08-29-09-00-00", "latency": "31"}, {"date": "2023-08-29-09-00-00", "latency": "31"}, {"date": "2023-08-29-09-00-00", "latency": "31"}, {"date": "2023-08-29-09-00-00", "latency": "31"}, {"date": "2023-08-29-09-00-00", "latency": "31"}, {"date": "2023-08-29-09-00-00", "latency": "31"}, {"date": "2023-08-29-09-00-00", "latency": "31"}, {"date": "2023-08-29-09-00-00", "latency": "31"}, {"date": "2023-08-29-09-00-00", "latency": "31"}, {"date": "2023-08-29-09-00-00", "latency": "31"}, {"date": "2023-08-29-09-00-00", "latency": "31"}, {"date": "2023-08-29-09-00-00", "latency": "31"}, {"date": "2023-08-29-09-00-00", "latency": "31"}, {"date": "2023-08-29-09-00-00", "latency": "31"}, {"date": "2023-08-29-09-00-00", "latency": "31"}, {"date": "2023-08-29-09-00-00", "latency": "31"}, {"date": "2023-08-29-09-00-00", "latency": "31"}, {"date": "2023-08-29-09-00-00", "latency": "31"}, {"date": "2023-08-29-09-00-00", "latency": "31"}, {"date": "2023-08-29-09-00-00", "latency": "31"}, {"date": "2023-08-29-09-00-00", "latency": "31"}, {"date": "2023-08-29-09-00-00", "latency": "31"}]}, {"location": {"country_code": "be", "region": "Brussels Capital", "city": "Brussels"}, "game_id": "452439", "values": [{"date": "2023-08-29-15-00-00", "latency": "16"}, {"date": "2023-08-29-15-00-00", "latency": "16"}, {"date": "2023-08-29-15-00-00", "latency": "16"}, {"date": "2023-08-29-15-00-00", "latency": "16"}, {"date": "2023-08-29-15-00-00", "latency": "16"}, {"date": "2023-08-29-15-00-00", "latency": "16"}, {"date": "2023-08-29-15-00-00", "latency": "16"}, {"date": "2023-08-29-15-00-00", "latency": "16"}, {"date": "2023-08-29-15-00-00", "latency": "16"}, {"date": "2023-08-29-15-00-00", "latency": "16"}, {"date": "2023-08-29-15-00-00", "latency": "16"}, {"date": "2023-08-29-15-00-00", "latency": "16"}, {"date": "2023-08-29-15-00-00", "latency": "16"}, {"date": "2023-08-29-15-00-00", "latency": "16"}, {"date": "2023-08-29-15-00-00", "latency": "16"}, {"date": "2023-08-29-15-00-00", "latency": "16"}, {"date": "2023-08-29-15-00-00", "latency": "16"}, {"date": "2023-08-29-15-00-00", "latency": "16"}, {"date": "2023-08-29-15-00-00", "latency": "16"}, {"date": "2023-08-29-15-00-00", "latency": "16"}]}, {"location": {"country_code": "gb", "region": "England", "city": "London"}, "game_id": "452439", "values": [{"date": "2023-08-29-15-00-00", "latency": "58"}, {"date": "2023-08-29-15-00-00", "latency": "58"}, {"date": "2023-08-29-15-00-00", "latency": "58"}, {"date": "2023-08-29-15-00-00", "latency": "58"}, {"date": "2023-08-29-15-00-00", "latency": "58"}, {"date": "2023-08-29-15-00-00", "latency": "58"}, {"date": "2023-08-29-15-00-00", "latency": "58"}, {"date": "2023-08-29-15-00-00", "latency": "58"}, {"date": "2023-08-29-15-00-00", "latency": "58"}, {"date": "2023-08-29-15-00-00", "latency": "58"}, {"date": "2023-08-30-00-00-00", "latency": "29"}, {"date": "2023-08-30-00-00-00", "latency": "29"}, {"date": "2023-08-30-00-00-00", "latency": "29"}, {"date": "2023-08-30-00-00-00", "latency": "29"}, {"date": "2023-08-30-00-00-00", "latency": "29"}, {"date": "2023-08-30-00-00-00", "latency": "29"}]}, {"location": {"country_code": "ua"}, "game_id": "452439", "values": [{"date": "2023-08-30-00-00-00", "latency": "34"}, {"date": "2023-08-30-00-00-00", "latency": "34"}, {"date": "2023-08-30-00-00-00", "latency": "34"}, {"date": "2023-08-30-00-00-00", "latency": "34"}, {"date": "2023-08-30-00-00-00", "latency": "34"}, {"date": "2023-08-30-00-00-00", "latency": "34"}, {"date": "2023-08-30-00-00-00", "latency": "34"}, {"date": "2023-08-30-00-00-00", "latency": "34"}, {"date": "2023-08-30-00-00-00", "latency": "34"}, {"date": "2023-08-30-00-00-00", "latency": "34"}, {"date": "2023-08-30-00-00-00", "latency": "34"}, {"date": "2023-08-30-00-00-00", "latency": "34"}, {"date": "2023-08-30-00-00-00", "latency": "34"}, {"date": "2023-08-29-11-00-00", "latency": "32"}, {"date": "2023-08-29-11-00-00", "latency": "32"}, {"date": "2023-08-29-11-00-00", "latency": "32"}, {"date": "2023-08-29-11-00-00", "latency": "32"}, {"date": "2023-08-29-11-00-00", "latency": "32"}, {"date": "2023-08-29-11-00-00", "latency": "32"}, {"date": "2023-08-29-11-00-00", "latency": "32"}, {"date": "2023-08-29-11-00-00", "latency": "32"}, {"date": "2023-08-29-11-00-00", "latency": "32"}, {"date": "2023-08-29-11-00-00", "latency": "32"}, {"date": "2023-08-29-11-00-00", "latency": "32"}, {"date": "2023-08-29-11-00-00", "latency": "32"}, {"date": "2023-08-29-11-00-00", "latency": "32"}, {"date": "2023-08-29-11-00-00", "latency": "32"}, {"date": "2023-08-29-11-00-00", "latency": "32"}, {"date": "2023-08-29-11-00-00", "latency": "32"}, {"date": "2023-08-29-11-00-00", "latency": "32"}, {"date": "2023-08-29-11-00-00", "latency": "32"}, {"date": "2023-08-29-11-00-00", "latency": "32"}, {"date": "2023-08-29-20-00-00", "latency": "36"}, {"date": "2023-08-29-20-00-00", "latency": "36"}, {"date": "2023-08-29-20-00-00", "latency": "36"}, {"date": "2023-08-29-20-00-00", "latency": "36"}, {"date": "2023-08-29-20-00-00", "latency": "36"}, {"date": "2023-08-29-20-00-00", "latency": "36"}, {"date": "2023-08-29-20-00-00", "latency": "36"}, {"date": "2023-08-29-20-00-00", "latency": "36"}, {"date": "2023-08-29-20-00-00", "latency": "36"}, {"date": "2023-08-29-20-00-00", "latency": "36"}, {"date": "2023-08-29-20-00-00", "latency": "36"}, {"date": "2023-08-29-20-00-00", "latency": "36"}, {"date": "2023-08-29-20-00-00", "latency": "36"}, {"date": "2023-08-29-20-00-00", "latency": "36"}, {"date": "2023-08-29-20-00-00", "latency": "36"}, {"date": "2023-08-29-20-00-00", "latency": "36"}, {"date": "2023-08-29-20-00-00", "latency": "36"}, {"date": "2023-08-29-11-00-00", "latency": "112"}, {"date": "2023-08-29-11-00-00", "latency": "112"}, {"date": "2023-08-29-11-00-00", "latency": "112"}, {"date": "2023-08-29-11-00-00", "latency": "112"}, {"date": "2023-08-29-11-00-00", "latency": "112"}, {"date": "2023-08-29-11-00-00", "latency": "112"}, {"date": "2023-08-29-11-00-00", "latency": "112"}, {"date": "2023-08-29-11-00-00", "latency": "112"}, {"date": "2023-08-29-11-00-00", "latency": "112"}, {"date": "2023-08-29-11-00-00", "latency": "112"}, {"date": "2023-08-29-11-00-00", "latency": "112"}, {"date": "2023-08-29-11-00-00", "latency": "112"}, {"date": "2023-08-29-11-00-00", "latency": "112"}, {"date": "2023-08-29-11-00-00", "latency": "112"}, {"date": "2023-08-29-11-00-00", "latency": "112"}, {"date": "2023-08-29-11-00-00", "latency": "112"}, {"date": "2023-08-29-11-00-00", "latency": "112"}, {"date": "2023-08-29-11-00-00", "latency": "112"}, {"date": "2023-08-29-11-00-00", "latency": "112"}, {"date": "2023-08-29-11-00-00", "latency": "112"}, {"date": "2023-08-29-11-00-00", "latency": "112"}, {"date": "2023-08-29-11-00-00", "latency": "112"}, {"date": "2023-08-29-11-00-00", "latency": "112"}, {"date": "2023-08-29-11-00-00", "latency": "112"}, {"date": "2023-08-29-11-00-00", "latency": "112"}, {"date": "2023-08-29-11-00-00", "latency": "112"}, {"date": "2023-08-29-11-00-00", "latency": "112"}, {"date": "2023-08-29-11-00-00", "latency": "112"}, {"date": "2023-08-29-11-00-00", "latency": "112"}, {"date": "2023-08-29-11-00-00", "latency": "112"}, {"date": "2023-08-29-11-00-00", "latency": "112"}, {"date": "2023-08-29-11-00-00", "latency": "112"}, {"date": "2023-08-29-11-00-00", "latency": "112"}, {"date": "2023-08-29-11-00-00", "latency": "112"}, {"date": "2023-08-29-11-00-00", "latency": "112"}, {"date": "2023-08-29-11-00-00", "latency": "112"}, {"date": "2023-08-29-11-00-00", "latency": "112"}, {"date": "2023-08-29-11-00-00", "latency": "112"}]}, {"location": {"country_code": "us", "region": "District of Columbia", "city": "Washington"}, "game_id": "452439", "values": [{"date": "2023-08-29-03-00-00", "latency": "56"}, {"date": "2023-08-29-03-00-00", "latency": "56"}, {"date": "2023-08-29-03-00-00", "latency": "56"}, {"date": "2023-08-29-03-00-00", "latency": "56"}]}, {"location": {"country_code": "mx", "region": "Baja California Sur", "city": "La Paz"}, "game_id": "452439", "values": [{"date": "2023-08-29-05-00-00", "latency": "34"}, {"date": "2023-08-29-05-00-00", "latency": "34"}, {"date": "2023-08-29-05-00-00", "latency": "34"}, {"date": "2023-08-29-05-00-00", "latency": "34"}, {"date": "2023-08-29-05-00-00", "latency": "34"}, {"date": "2023-08-29-05-00-00", "latency": "34"}, {"date": "2023-08-29-05-00-00", "latency": "34"}, {"date": "2023-08-29-05-00-00", "latency": "34"}, {"date": "2023-08-29-05-00-00", "latency": "34"}, {"date": "2023-08-29-05-00-00", "latency": "34"}, {"date": "2023-08-29-05-00-00", "latency": "34"}]}, {"location": {"country_code": "ru"}, "game_id": "452439", "values": [{"date": "2023-08-30-00-00-00", "latency": "68"}, {"date": "2023-08-30-00-00-00", "latency": "68"}, {"date": "2023-08-30-00-00-00", "latency": "68"}, {"date": "2023-08-30-00-00-00", "latency": "68"}, {"date": "2023-08-30-00-00-00", "latency": "68"}, {"date": "2023-08-30-00-00-00", "latency": "68"}, {"date": "2023-08-30-00-00-00", "latency": "68"}, {"date": "2023-08-30-00-00-00", "latency": "68"}, {"date": "2023-08-30-00-00-00", "latency": "68"}, {"date": "2023-08-30-00-00-00", "latency": "68"}, {"date": "2023-08-30-00-00-00", "latency": "68"}, {"date": "2023-08-30-00-00-00", "latency": "68"}, {"date": "2023-08-30-00-00-00", "latency": "68"}, {"date": "2023-08-30-00-00-00", "latency": "68"}, {"date": "2023-08-30-00-00-00", "latency": "68"}, {"date": "2023-08-30-00-00-00", "latency": "68"}, {"date": "2023-08-30-00-00-00", "latency": "68"}, {"date": "2023-08-29-05-00-00", "latency": "48"}, {"date": "2023-08-29-05-00-00", "latency": "48"}, {"date": "2023-08-29-05-00-00", "latency": "48"}, {"date": "2023-08-29-05-00-00", "latency": "48"}, {"date": "2023-08-29-05-00-00", "latency": "48"}, {"date": "2023-08-29-05-00-00", "latency": "48"}, {"date": "2023-08-29-05-00-00", "latency": "48"}, {"date": "2023-08-29-05-00-00", "latency": "48"}, {"date": "2023-08-29-05-00-00", "latency": "48"}, {"date": "2023-08-29-05-00-00", "latency": "48"}, {"date": "2023-08-29-05-00-00", "latency": "48"}, {"date": "2023-08-29-05-00-00", "latency": "48"}]}, {"location": {"country_code": "py"}, "game_id": "452439", "values": [{"date": "2023-08-29-22-00-00", "latency": "56"}, {"date": "2023-08-29-22-00-00", "latency": "56"}, {"date": "2023-08-29-22-00-00", "latency": "56"}, {"date": "2023-08-29-22-00-00", "latency": "56"}, {"date": "2023-08-29-22-00-00", "latency": "56"}, {"date": "2023-08-29-22-00-00", "latency": "56"}, {"date": "2023-08-29-22-00-00", "latency": "56"}, {"date": "2023-08-29-22-00-00", "latency": "56"}, {"date": "2023-08-29-22-00-00", "latency": "56"}, {"date": "2023-08-29-22-00-00", "latency": "56"}, {"date": "2023-08-29-22-00-00", "latency": "56"}]}, {"location": {"country_code": "id"}, "game_id": "452439", "values": [{"date": "2023-08-29-21-00-00", "latency": "52"}]}, {"location": {"country_code": "us", "region": "Wisconsin"}, "game_id": "452439", "values": [{"date": "2023-08-29-04-00-00", "latency": "62"}, {"date": "2023-08-29-04-00-00", "latency": "62"}, {"date": "2023-08-29-04-00-00", "latency": "62"}, {"date": "2023-08-29-04-00-00", "latency": "62"}]}, {"location": {"country_code": "us", "region": "Pennsylvania"}, "game_id": "452439", "values": [{"date": "2023-08-29-04-00-00", "latency": "82"}, {"date": "2023-08-29-04-00-00", "latency": "82"}, {"date": "2023-08-29-04-00-00", "latency": "82"}, {"date": "2023-08-29-04-00-00", "latency": "82"}, {"date": "2023-08-29-04-00-00", "latency": "82"}, {"date": "2023-08-29-04-00-00", "latency": "82"}, {"date": "2023-08-29-04-00-00", "latency": "82"}, {"date": "2023-08-29-04-00-00", "latency": "82"}, {"date": "2023-08-30-02-00-00", "latency": "36"}, {"date": "2023-08-30-02-00-00", "latency": "36"}, {"date": "2023-08-30-02-00-00", "latency": "36"}, {"date": "2023-08-30-02-00-00", "latency": "36"}, {"date": "2023-08-30-02-00-00", "latency": "36"}, {"date": "2023-08-30-02-00-00", "latency": "36"}, {"date": "2023-08-30-02-00-00", "latency": "36"}, {"date": "2023-08-30-02-00-00", "latency": "36"}]}, {"location": {"country_code": "sk"}, "game_id": "452439", "values": [{"date": "2023-08-29-20-00-00", "latency": "26"}, {"date": "2023-08-29-20-00-00", "latency": "26"}, {"date": "2023-08-29-20-00-00", "latency": "26"}, {"date": "2023-08-29-20-00-00", "latency": "26"}, {"date": "2023-08-29-20-00-00", "latency": "26"}, {"date": "2023-08-29-20-00-00", "latency": "26"}, {"date": "2023-08-29-20-00-00", "latency": "26"}, {"date": "2023-08-29-20-00-00", "latency": "26"}, {"date": "2023-08-29-20-00-00", "latency": "26"}]}, {"location": {"country_code": "us", "region": "New Hampshire"}, "game_id": "452439", "values": [{"date": "2023-08-30-00-00-00", "latency": "31"}]}, {"location": {"country_code": "us", "region": "Florida", "city": "Miami"}, "game_id": "452439", "values": [{"date": "2023-08-29-21-00-00", "latency": "35"}, {"date": "2023-08-29-21-00-00", "latency": "35"}, {"date": "2023-08-29-21-00-00", "latency": "35"}, {"date": "2023-08-29-21-00-00", "latency": "35"}, {"date": "2023-08-29-21-00-00", "latency": "35"}, {"date": "2023-08-29-21-00-00", "latency": "35"}, {"date": "2023-08-29-21-00-00", "latency": "35"}, {"date": "2023-08-29-21-00-00", "latency": "35"}, {"date": "2023-08-29-21-00-00", "latency": "35"}, {"date": "2023-08-29-21-00-00", "latency": "35"}, {"date": "2023-08-29-21-00-00", "latency": "35"}, {"date": "2023-08-29-21-00-00", "latency": "35"}]}, {"location": {"country_code": "ca", "region": "Quebec"}, "game_id": "452439", "values": [{"date": "2023-08-30-01-00-00", "latency": "34"}, {"date": "2023-08-30-01-00-00", "latency": "34"}, {"date": "2023-08-30-01-00-00", "latency": "34"}, {"date": "2023-08-30-01-00-00", "latency": "34"}, {"date": "2023-08-30-01-00-00", "latency": "34"}, {"date": "2023-08-30-01-00-00", "latency": "34"}, {"date": "2023-08-30-01-00-00", "latency": "34"}]}, {"location": {"country_code": "ca", "region": "British Columbia"}, "game_id": "452439", "values": [{"date": "2023-08-29-07-00-00", "latency": "71"}, {"date": "2023-08-29-07-00-00", "latency": "71"}, {"date": "2023-08-29-07-00-00", "latency": "71"}, {"date": "2023-08-29-07-00-00", "latency": "71"}, {"date": "2023-08-29-07-00-00", "latency": "71"}, {"date": "2023-08-29-07-00-00", "latency": "71"}, {"date": "2023-08-29-07-00-00", "latency": "71"}, {"date": "2023-08-29-07-00-00", "latency": "71"}, {"date": "2023-08-29-07-00-00", "latency": "71"}, {"date": "2023-08-29-07-00-00", "latency": "71"}, {"date": "2023-08-29-07-00-00", "latency": "71"}, {"date": "2023-08-29-07-00-00", "latency": "71"}, {"date": "2023-08-29-07-00-00", "latency": "71"}, {"date": "2023-08-29-07-00-00", "latency": "71"}, {"date": "2023-08-29-07-00-00", "latency": "71"}, {"date": "2023-08-29-07-00-00", "latency": "71"}, {"date": "2023-08-29-07-00-00", "latency": "71"}, {"date": "2023-08-29-07-00-00", "latency": "71"}, {"date": "2023-08-29-07-00-00", "latency": "71"}, {"date": "2023-08-29-07-00-00", "latency": "71"}, {"date": "2023-08-29-07-00-00", "latency": "71"}, {"date": "2023-08-29-07-00-00", "latency": "71"}, {"date": "2023-08-29-07-00-00", "latency": "71"}]}, {"location": {"country_code": "fr", "region": "Provence-Alpes-Cote d'Azur Region", "city": "Marseille"}, "game_id": "452439", "values": [{"date": "2023-08-29-03-00-00", "latency": "22"}, {"date": "2023-08-29-03-00-00", "latency": "22"}, {"date": "2023-08-29-03-00-00", "latency": "22"}, {"date": "2023-08-29-03-00-00", "latency": "22"}, {"date": "2023-08-29-03-00-00", "latency": "22"}, {"date": "2023-08-29-03-00-00", "latency": "22"}, {"date": "2023-08-29-03-00-00", "latency": "22"}]}, {"location": {"country_code": "ar", "region": "Tucuman Province", "city": "San Miguel de Tucuman"}, "game_id": "452439", "values": [{"date": "2023-08-29-13-00-00", "latency": "51"}, {"date": "2023-08-29-13-00-00", "latency": "51"}, {"date": "2023-08-29-13-00-00", "latency": "51"}, {"date": "2023-08-29-13-00-00", "latency": "51"}, {"date": "2023-08-29-13-00-00", "latency": "51"}, {"date": "2023-08-29-13-00-00", "latency": "51"}, {"date": "2023-08-29-13-00-00", "latency": "51"}, {"date": "2023-08-29-13-00-00", "latency": "51"}, {"date": "2023-08-29-13-00-00", "latency": "51"}, {"date": "2023-08-29-13-00-00", "latency": "51"}, {"date": "2023-08-29-13-00-00", "latency": "51"}, {"date": "2023-08-29-13-00-00", "latency": "51"}, {"date": "2023-08-29-13-00-00", "latency": "51"}, {"date": "2023-08-29-13-00-00", "latency": "51"}, {"date": "2023-08-29-13-00-00", "latency": "51"}, {"date": "2023-08-29-13-00-00", "latency": "51"}, {"date": "2023-08-29-13-00-00", "latency": "51"}, {"date": "2023-08-29-13-00-00", "latency": "51"}, {"date": "2023-08-29-13-00-00", "latency": "51"}, {"date": "2023-08-29-13-00-00", "latency": "51"}, {"date": "2023-08-29-13-00-00", "latency": "51"}, {"date": "2023-08-29-13-00-00", "latency": "51"}, {"date": "2023-08-29-13-00-00", "latency": "51"}, {"date": "2023-08-29-13-00-00", "latency": "51"}, {"date": "2023-08-29-13-00-00", "latency": "51"}, {"date": "2023-08-29-13-00-00", "latency": "51"}, {"date": "2023-08-29-13-00-00", "latency": "51"}, {"date": "2023-08-29-13-00-00", "latency": "51"}, {"date": "2023-08-29-13-00-00", "latency": "51"}, {"date": "2023-08-29-13-00-00", "latency": "51"}, {"date": "2023-08-29-13-00-00", "latency": "51"}, {"date": "2023-08-29-13-00-00", "latency": "51"}, {"date": "2023-08-29-13-00-00", "latency": "51"}, {"date": "2023-08-29-13-00-00", "latency": "51"}, {"date": "2023-08-29-13-00-00", "latency": "51"}, {"date": "2023-08-29-13-00-00", "latency": "51"}, {"date": "2023-08-29-13-00-00", "latency": "51"}]}, {"location": {"country_code": "bg"}, "game_id": "452439", "values": [{"date": "2023-08-29-03-00-00", "latency": "123"}, {"date": "2023-08-29-03-00-00", "latency": "123"}, {"date": "2023-08-29-03-00-00", "latency": "123"}, {"date": "2023-08-29-03-00-00", "latency": "123"}, {"date": "2023-08-29-03-00-00", "latency": "123"}, {"date": "2023-08-29-03-00-00", "latency": "123"}, {"date": "2023-08-29-03-00-00", "latency": "123"}]}, {"location": {"country_code": "br", "region": "Sao Paulo", "city": "Guarulhos"}, "game_id": "452439", "values": [{"date": "2023-08-29-04-00-00", "latency": "6"}]}, {"location": {"country_code": "us", "region": "Oregon", "city": "Portland"}, "game_id": "452439", "values": [{"date": "2023-08-29-05-00-00", "latency": "36"}, {"date": "2023-08-29-05-00-00", "latency": "36"}, {"date": "2023-08-29-05-00-00", "latency": "36"}, {"date": "2023-08-29-05-00-00", "latency": "36"}, {"date": "2023-08-29-05-00-00", "latency": "36"}, {"date": "2023-08-29-05-00-00", "latency": "36"}, {"date": "2023-08-29-05-00-00", "latency": "36"}, {"date": "2023-08-29-05-00-00", "latency": "36"}, {"date": "2023-08-29-05-00-00", "latency": "36"}, {"date": "2023-08-29-05-00-00", "latency": "36"}, {"date": "2023-08-29-05-00-00", "latency": "36"}, {"date": "2023-08-29-05-00-00", "latency": "36"}, {"date": "2023-08-29-05-00-00", "latency": "36"}, {"date": "2023-08-29-05-00-00", "latency": "36"}, {"date": "2023-08-29-05-00-00", "latency": "36"}]}, {"location": {"country_code": "br", "region": "Parana", "city": "Umuarama"}, "game_id": "452439", "values": [{"date": "2023-08-29-07-00-00", "latency": "24"}, {"date": "2023-08-29-07-00-00", "latency": "24"}, {"date": "2023-08-29-07-00-00", "latency": "24"}]}, {"location": {"country_code": "gb", "region": "England", "city": "Ely"}, "game_id": "452439", "values": [{"date": "2023-08-29-22-00-00", "latency": "33"}, {"date": "2023-08-29-22-00-00", "latency": "33"}, {"date": "2023-08-29-22-00-00", "latency": "33"}, {"date": "2023-08-29-22-00-00", "latency": "33"}, {"date": "2023-08-29-22-00-00", "latency": "33"}, {"date": "2023-08-29-22-00-00", "latency": "33"}, {"date": "2023-08-29-22-00-00", "latency": "33"}, {"date": "2023-08-29-22-00-00", "latency": "33"}, {"date": "2023-08-29-22-00-00", "latency": "33"}]}, {"location": {"country_code": "br", "region": "Amazonas", "city": "Manaus"}, "game_id": "452439", "values": [{"date": "2023-08-29-02-00-00", "latency": "60"}]}, {"location": {"country_code": "it", "region": "Lombardy", "city": "Milan"}, "game_id": "452439", "values": [{"date": "2023-08-29-19-00-00", "latency": "40"}, {"date": "2023-08-29-19-00-00", "latency": "40"}, {"date": "2023-08-29-19-00-00", "latency": "40"}, {"date": "2023-08-29-19-00-00", "latency": "40"}, {"date": "2023-08-29-19-00-00", "latency": "40"}, {"date": "2023-08-29-19-00-00", "latency": "40"}, {"date": "2023-08-29-19-00-00", "latency": "40"}, {"date": "2023-08-29-19-00-00", "latency": "40"}, {"date": "2023-08-29-19-00-00", "latency": "40"}, {"date": "2023-08-29-19-00-00", "latency": "40"}]}, {"location": {"country_code": "fr", "region": "Nord-Passo di Calais-Piccardia", "city": "Amiens"}, "game_id": "452439", "values": [{"date": "2023-08-29-22-00-00", "latency": "50"}, {"date": "2023-08-29-22-00-00", "latency": "50"}, {"date": "2023-08-29-22-00-00", "latency": "50"}, {"date": "2023-08-29-22-00-00", "latency": "50"}, {"date": "2023-08-29-22-00-00", "latency": "50"}]}, {"location": {"country_code": "tr", "region": "Trabzon Province", "city": "Trabzon"}, "game_id": "452439", "values": [{"date": "2023-08-29-20-00-00", "latency": "57"}, {"date": "2023-08-29-20-00-00", "latency": "57"}]}, {"location": {"country_code": "gr", "region": "Samothrace", "city": "Kavala"}, "game_id": "452439", "values": [{"date": "2023-08-29-19-00-00", "latency": "50"}, {"date": "2023-08-29-19-00-00", "latency": "50"}]}, {"location": {"country_code": "us", "region": "New Jersey", "city": "Vineland"}, "game_id": "452439", "values": [{"date": "2023-08-29-06-00-00", "latency": "69"}, {"date": "2023-08-29-06-00-00", "latency": "69"}, {"date": "2023-08-29-06-00-00", "latency": "69"}, {"date": "2023-08-29-06-00-00", "latency": "69"}, {"date": "2023-08-29-06-00-00", "latency": "69"}]}, {"location": {"country_code": "ru", "region": "Leningradskaya Oblast'", "city": "Kommunar"}, "game_id": "452439", "values": [{"date": "2023-08-29-09-00-00", "latency": "44"}, {"date": "2023-08-29-09-00-00", "latency": "44"}, {"date": "2023-08-29-09-00-00", "latency": "44"}, {"date": "2023-08-29-09-00-00", "latency": "44"}, {"date": "2023-08-29-09-00-00", "latency": "44"}, {"date": "2023-08-29-09-00-00", "latency": "44"}, {"date": "2023-08-29-09-00-00", "latency": "44"}, {"date": "2023-08-29-09-00-00", "latency": "44"}, {"date": "2023-08-29-09-00-00", "latency": "44"}, {"date": "2023-08-29-09-00-00", "latency": "44"}, {"date": "2023-08-29-09-00-00", "latency": "44"}, {"date": "2023-08-29-09-00-00", "latency": "44"}, {"date": "2023-08-29-09-00-00", "latency": "44"}, {"date": "2023-08-29-09-00-00", "latency": "44"}, {"date": "2023-08-29-09-00-00", "latency": "44"}, {"date": "2023-08-29-09-00-00", "latency": "44"}, {"date": "2023-08-29-09-00-00", "latency": "44"}, {"date": "2023-08-29-09-00-00", "latency": "44"}, {"date": "2023-08-29-09-00-00", "latency": "44"}]}, {"location": {"country_code": "tw", "region": "", "city": "Taipei"}, "game_id": "452439", "values": [{"date": "2023-08-29-03-00-00", "latency": "65"}, {"date": "2023-08-29-03-00-00", "latency": "65"}, {"date": "2023-08-29-03-00-00", "latency": "65"}]}], "last_updated": 1719915071.529242}