{"data": [{"location": {"country_code": "nz"}, "game_id": "273486", "values": [{"date": "2023-02-20-09-00-00", "latency": "50"}, {"date": "2023-02-20-09-00-00", "latency": "50"}, {"date": "2023-02-20-09-00-00", "latency": "50"}, {"date": "2023-02-20-09-00-00", "latency": "50"}, {"date": "2023-02-20-09-00-00", "latency": "50"}, {"date": "2023-02-20-09-00-00", "latency": "50"}, {"date": "2023-02-20-09-00-00", "latency": "50"}, {"date": "2023-02-20-09-00-00", "latency": "50"}, {"date": "2023-02-20-09-00-00", "latency": "50"}, {"date": "2023-02-20-09-00-00", "latency": "50"}, {"date": "2023-02-20-09-00-00", "latency": "50"}, {"date": "2023-02-20-09-00-00", "latency": "50"}, {"date": "2023-02-20-09-00-00", "latency": "50"}, {"date": "2023-02-20-09-00-00", "latency": "50"}, {"date": "2023-02-20-09-00-00", "latency": "50"}, {"date": "2023-02-20-09-00-00", "latency": "50"}, {"date": "2023-02-20-09-00-00", "latency": "50"}, {"date": "2023-02-20-09-00-00", "latency": "50"}, {"date": "2023-02-20-09-00-00", "latency": "50"}, {"date": "2023-02-20-09-00-00", "latency": "50"}, {"date": "2023-02-20-09-00-00", "latency": "50"}, {"date": "2023-02-20-09-00-00", "latency": "50"}, {"date": "2023-02-20-09-00-00", "latency": "50"}, {"date": "2023-02-20-09-00-00", "latency": "50"}, {"date": "2023-02-20-09-00-00", "latency": "50"}, {"date": "2023-02-20-09-00-00", "latency": "50"}, {"date": "2023-02-20-09-00-00", "latency": "50"}, {"date": "2023-02-20-09-00-00", "latency": "50"}, {"date": "2023-02-20-09-00-00", "latency": "50"}, {"date": "2023-02-20-09-00-00", "latency": "50"}, {"date": "2023-02-20-09-00-00", "latency": "50"}, {"date": "2023-02-20-09-00-00", "latency": "50"}, {"date": "2023-02-20-09-00-00", "latency": "50"}, {"date": "2023-02-20-09-00-00", "latency": "50"}, {"date": "2023-02-20-09-00-00", "latency": "50"}]}, {"location": {"country_code": "us"}, "game_id": "273486", "values": [{"date": "2023-02-21-01-00-00", "latency": "62"}, {"date": "2023-02-21-01-00-00", "latency": "62"}, {"date": "2023-02-21-01-00-00", "latency": "62"}, {"date": "2023-02-20-03-00-00", "latency": "0"}, {"date": "2023-02-20-03-00-00", "latency": "0"}, {"date": "2023-02-20-03-00-00", "latency": "0"}, {"date": "2023-02-20-03-00-00", "latency": "0"}, {"date": "2023-02-20-03-00-00", "latency": "0"}, {"date": "2023-02-20-03-00-00", "latency": "0"}, {"date": "2023-02-20-03-00-00", "latency": "0"}, {"date": "2023-02-20-03-00-00", "latency": "0"}, {"date": "2023-02-21-01-00-00", "latency": "58"}, {"date": "2023-02-21-01-00-00", "latency": "58"}, {"date": "2023-02-21-01-00-00", "latency": "58"}, {"date": "2023-02-21-01-00-00", "latency": "58"}, {"date": "2023-02-21-01-00-00", "latency": "58"}, {"date": "2023-02-21-01-00-00", "latency": "58"}, {"date": "2023-02-21-01-00-00", "latency": "58"}, {"date": "2023-02-21-01-00-00", "latency": "58"}, {"date": "2023-02-21-01-00-00", "latency": "58"}, {"date": "2023-02-21-01-00-00", "latency": "58"}, {"date": "2023-02-21-01-00-00", "latency": "58"}, {"date": "2023-02-21-01-00-00", "latency": "58"}, {"date": "2023-02-21-01-00-00", "latency": "58"}, {"date": "2023-02-20-19-00-00", "latency": "37"}, {"date": "2023-02-20-19-00-00", "latency": "37"}, {"date": "2023-02-20-19-00-00", "latency": "37"}, {"date": "2023-02-20-19-00-00", "latency": "37"}, {"date": "2023-02-20-19-00-00", "latency": "37"}, {"date": "2023-02-20-19-00-00", "latency": "37"}, {"date": "2023-02-20-19-00-00", "latency": "37"}, {"date": "2023-02-20-19-00-00", "latency": "37"}, {"date": "2023-02-20-19-00-00", "latency": "37"}, {"date": "2023-02-20-19-00-00", "latency": "37"}, {"date": "2023-02-20-19-00-00", "latency": "37"}, {"date": "2023-02-20-19-00-00", "latency": "37"}, {"date": "2023-02-20-19-00-00", "latency": "37"}, {"date": "2023-02-20-19-00-00", "latency": "37"}, {"date": "2023-02-20-19-00-00", "latency": "37"}, {"date": "2023-02-20-19-00-00", "latency": "37"}, {"date": "2023-02-20-19-00-00", "latency": "37"}, {"date": "2023-02-20-19-00-00", "latency": "37"}, {"date": "2023-02-20-19-00-00", "latency": "37"}, {"date": "2023-02-20-19-00-00", "latency": "37"}, {"date": "2023-02-20-19-00-00", "latency": "37"}, {"date": "2023-02-20-19-00-00", "latency": "37"}, {"date": "2023-02-20-19-00-00", "latency": "37"}, {"date": "2023-02-20-19-00-00", "latency": "37"}, {"date": "2023-02-20-19-00-00", "latency": "37"}, {"date": "2023-02-20-19-00-00", "latency": "37"}, {"date": "2023-02-20-05-00-00", "latency": "66"}, {"date": "2023-02-20-05-00-00", "latency": "66"}, {"date": "2023-02-20-05-00-00", "latency": "66"}, {"date": "2023-02-20-05-00-00", "latency": "66"}, {"date": "2023-02-20-05-00-00", "latency": "66"}, {"date": "2023-02-20-05-00-00", "latency": "66"}, {"date": "2023-02-20-05-00-00", "latency": "66"}, {"date": "2023-02-20-05-00-00", "latency": "66"}, {"date": "2023-02-20-05-00-00", "latency": "66"}, {"date": "2023-02-20-05-00-00", "latency": "66"}, {"date": "2023-02-20-05-00-00", "latency": "66"}, {"date": "2023-02-20-05-00-00", "latency": "66"}, {"date": "2023-02-20-05-00-00", "latency": "66"}, {"date": "2023-02-20-05-00-00", "latency": "66"}, {"date": "2023-02-20-05-00-00", "latency": "66"}, {"date": "2023-02-20-05-00-00", "latency": "66"}, {"date": "2023-02-20-05-00-00", "latency": "66"}, {"date": "2023-02-20-05-00-00", "latency": "66"}, {"date": "2023-02-20-05-00-00", "latency": "66"}, {"date": "2023-02-20-05-00-00", "latency": "66"}, {"date": "2023-02-20-05-00-00", "latency": "66"}, {"date": "2023-02-20-05-00-00", "latency": "66"}, {"date": "2023-02-20-05-00-00", "latency": "66"}, {"date": "2023-02-20-05-00-00", "latency": "66"}, {"date": "2023-02-20-05-00-00", "latency": "66"}, {"date": "2023-02-20-05-00-00", "latency": "66"}, {"date": "2023-02-20-05-00-00", "latency": "66"}, {"date": "2023-02-20-05-00-00", "latency": "66"}, {"date": "2023-02-20-05-00-00", "latency": "66"}, {"date": "2023-02-20-05-00-00", "latency": "66"}, {"date": "2023-02-20-05-00-00", "latency": "66"}, {"date": "2023-02-20-05-00-00", "latency": "66"}, {"date": "2023-02-20-05-00-00", "latency": "66"}, {"date": "2023-02-20-05-00-00", "latency": "66"}, {"date": "2023-02-20-07-00-00", "latency": "24"}, {"date": "2023-02-20-07-00-00", "latency": "24"}, {"date": "2023-02-20-07-00-00", "latency": "24"}, {"date": "2023-02-20-07-00-00", "latency": "24"}, {"date": "2023-02-20-07-00-00", "latency": "24"}, {"date": "2023-02-20-07-00-00", "latency": "24"}, {"date": "2023-02-20-07-00-00", "latency": "24"}, {"date": "2023-02-20-07-00-00", "latency": "24"}, {"date": "2023-02-20-07-00-00", "latency": "24"}, {"date": "2023-02-20-07-00-00", "latency": "24"}, {"date": "2023-02-20-07-00-00", "latency": "24"}, {"date": "2023-02-20-07-00-00", "latency": "24"}, {"date": "2023-02-20-07-00-00", "latency": "24"}, {"date": "2023-02-20-07-00-00", "latency": "24"}, {"date": "2023-02-20-07-00-00", "latency": "24"}, {"date": "2023-02-20-07-00-00", "latency": "24"}, {"date": "2023-02-20-07-00-00", "latency": "24"}, {"date": "2023-02-20-07-00-00", "latency": "24"}, {"date": "2023-02-20-07-00-00", "latency": "24"}, {"date": "2023-02-20-07-00-00", "latency": "24"}, {"date": "2023-02-20-07-00-00", "latency": "24"}, {"date": "2023-02-20-07-00-00", "latency": "24"}, {"date": "2023-02-20-07-00-00", "latency": "24"}, {"date": "2023-02-20-07-00-00", "latency": "24"}, {"date": "2023-02-20-07-00-00", "latency": "24"}, {"date": "2023-02-20-07-00-00", "latency": "24"}, {"date": "2023-02-20-07-00-00", "latency": "24"}, {"date": "2023-02-20-07-00-00", "latency": "24"}, {"date": "2023-02-20-07-00-00", "latency": "24"}, {"date": "2023-02-20-07-00-00", "latency": "24"}, {"date": "2023-02-20-07-00-00", "latency": "24"}, {"date": "2023-02-20-07-00-00", "latency": "24"}, {"date": "2023-02-20-07-00-00", "latency": "24"}, {"date": "2023-02-20-07-00-00", "latency": "24"}, {"date": "2023-02-20-07-00-00", "latency": "24"}, {"date": "2023-02-20-07-00-00", "latency": "24"}, {"date": "2023-02-20-07-00-00", "latency": "24"}, {"date": "2023-02-20-07-00-00", "latency": "24"}, {"date": "2023-02-20-07-00-00", "latency": "24"}, {"date": "2023-02-20-07-00-00", "latency": "24"}, {"date": "2023-02-20-07-00-00", "latency": "24"}, {"date": "2023-02-20-07-00-00", "latency": "24"}, {"date": "2023-02-20-07-00-00", "latency": "24"}, {"date": "2023-02-20-07-00-00", "latency": "24"}, {"date": "2023-02-20-07-00-00", "latency": "24"}, {"date": "2023-02-20-07-00-00", "latency": "24"}, {"date": "2023-02-20-07-00-00", "latency": "24"}, {"date": "2023-02-20-07-00-00", "latency": "24"}, {"date": "2023-02-20-07-00-00", "latency": "24"}, {"date": "2023-02-20-07-00-00", "latency": "24"}, {"date": "2023-02-20-07-00-00", "latency": "24"}, {"date": "2023-02-20-07-00-00", "latency": "24"}, {"date": "2023-02-20-07-00-00", "latency": "24"}, {"date": "2023-02-20-07-00-00", "latency": "24"}, {"date": "2023-02-20-07-00-00", "latency": "24"}, {"date": "2023-02-20-07-00-00", "latency": "24"}, {"date": "2023-02-20-07-00-00", "latency": "24"}, {"date": "2023-02-20-07-00-00", "latency": "24"}, {"date": "2023-02-20-07-00-00", "latency": "24"}, {"date": "2023-02-20-07-00-00", "latency": "24"}, {"date": "2023-02-20-07-00-00", "latency": "24"}, {"date": "2023-02-20-07-00-00", "latency": "24"}, {"date": "2023-02-20-07-00-00", "latency": "24"}, {"date": "2023-02-20-07-00-00", "latency": "24"}, {"date": "2023-02-20-07-00-00", "latency": "24"}]}, {"location": {"country_code": "us", "region": "Florida"}, "game_id": "273486", "values": [{"date": "2023-02-20-02-00-00", "latency": "43"}, {"date": "2023-02-20-02-00-00", "latency": "43"}]}, {"location": {"country_code": "gr"}, "game_id": "273486", "values": [{"date": "2023-02-20-11-00-00", "latency": "65"}, {"date": "2023-02-20-11-00-00", "latency": "65"}, {"date": "2023-02-20-11-00-00", "latency": "65"}, {"date": "2023-02-20-11-00-00", "latency": "65"}, {"date": "2023-02-20-11-00-00", "latency": "65"}, {"date": "2023-02-20-11-00-00", "latency": "65"}, {"date": "2023-02-20-11-00-00", "latency": "65"}, {"date": "2023-02-20-11-00-00", "latency": "65"}, {"date": "2023-02-20-11-00-00", "latency": "65"}, {"date": "2023-02-20-11-00-00", "latency": "65"}, {"date": "2023-02-20-11-00-00", "latency": "65"}, {"date": "2023-02-20-11-00-00", "latency": "65"}, {"date": "2023-02-20-11-00-00", "latency": "65"}, {"date": "2023-02-20-11-00-00", "latency": "65"}, {"date": "2023-02-20-11-00-00", "latency": "65"}, {"date": "2023-02-20-11-00-00", "latency": "65"}, {"date": "2023-02-20-11-00-00", "latency": "65"}, {"date": "2023-02-20-11-00-00", "latency": "65"}, {"date": "2023-02-20-11-00-00", "latency": "65"}, {"date": "2023-02-20-11-00-00", "latency": "65"}, {"date": "2023-02-20-11-00-00", "latency": "65"}, {"date": "2023-02-20-11-00-00", "latency": "65"}, {"date": "2023-02-20-11-00-00", "latency": "65"}, {"date": "2023-02-20-11-00-00", "latency": "65"}, {"date": "2023-02-20-11-00-00", "latency": "65"}, {"date": "2023-02-20-11-00-00", "latency": "65"}, {"date": "2023-02-20-11-00-00", "latency": "65"}, {"date": "2023-02-20-11-00-00", "latency": "65"}, {"date": "2023-02-20-11-00-00", "latency": "65"}, {"date": "2023-02-20-11-00-00", "latency": "65"}, {"date": "2023-02-20-11-00-00", "latency": "65"}, {"date": "2023-02-20-11-00-00", "latency": "65"}, {"date": "2023-02-20-11-00-00", "latency": "65"}, {"date": "2023-02-20-11-00-00", "latency": "65"}, {"date": "2023-02-20-11-00-00", "latency": "65"}, {"date": "2023-02-20-11-00-00", "latency": "65"}, {"date": "2023-02-20-11-00-00", "latency": "65"}, {"date": "2023-02-20-11-00-00", "latency": "65"}, {"date": "2023-02-20-11-00-00", "latency": "65"}, {"date": "2023-02-20-11-00-00", "latency": "65"}, {"date": "2023-02-20-11-00-00", "latency": "65"}, {"date": "2023-02-20-11-00-00", "latency": "65"}, {"date": "2023-02-20-11-00-00", "latency": "65"}, {"date": "2023-02-20-11-00-00", "latency": "65"}, {"date": "2023-02-20-11-00-00", "latency": "65"}, {"date": "2023-02-20-11-00-00", "latency": "65"}, {"date": "2023-02-20-11-00-00", "latency": "65"}, {"date": "2023-02-20-11-00-00", "latency": "65"}]}, {"location": {"country_code": "ro"}, "game_id": "273486", "values": [{"date": "2023-02-20-20-00-00", "latency": "0"}, {"date": "2023-02-20-20-00-00", "latency": "0"}, {"date": "2023-02-20-20-00-00", "latency": "0"}, {"date": "2023-02-20-20-00-00", "latency": "0"}, {"date": "2023-02-20-20-00-00", "latency": "0"}, {"date": "2023-02-20-20-00-00", "latency": "0"}, {"date": "2023-02-20-20-00-00", "latency": "0"}]}, {"location": {"country_code": "ca"}, "game_id": "273486", "values": [{"date": "2023-02-20-18-00-00", "latency": "90"}]}, {"location": {"country_code": "de"}, "game_id": "273486", "values": [{"date": "2023-02-20-15-00-00", "latency": "35"}, {"date": "2023-02-20-15-00-00", "latency": "35"}, {"date": "2023-02-20-15-00-00", "latency": "35"}, {"date": "2023-02-20-15-00-00", "latency": "35"}, {"date": "2023-02-20-15-00-00", "latency": "35"}, {"date": "2023-02-20-15-00-00", "latency": "35"}]}, {"location": {"country_code": "us", "region": "South Carolina", "city": "Sumter"}, "game_id": "273486", "values": [{"date": "2023-02-20-15-00-00", "latency": "486"}, {"date": "2023-02-20-15-00-00", "latency": "486"}, {"date": "2023-02-20-15-00-00", "latency": "486"}, {"date": "2023-02-20-15-00-00", "latency": "486"}, {"date": "2023-02-20-15-00-00", "latency": "486"}, {"date": "2023-02-20-15-00-00", "latency": "486"}, {"date": "2023-02-20-15-00-00", "latency": "486"}, {"date": "2023-02-20-15-00-00", "latency": "486"}, {"date": "2023-02-20-15-00-00", "latency": "486"}, {"date": "2023-02-20-15-00-00", "latency": "486"}, {"date": "2023-02-20-15-00-00", "latency": "486"}, {"date": "2023-02-20-15-00-00", "latency": "486"}, {"date": "2023-02-20-15-00-00", "latency": "486"}, {"date": "2023-02-20-15-00-00", "latency": "486"}, {"date": "2023-02-20-15-00-00", "latency": "486"}, {"date": "2023-02-20-15-00-00", "latency": "486"}, {"date": "2023-02-20-15-00-00", "latency": "486"}, {"date": "2023-02-20-15-00-00", "latency": "486"}, {"date": "2023-02-20-15-00-00", "latency": "486"}, {"date": "2023-02-20-15-00-00", "latency": "486"}, {"date": "2023-02-20-15-00-00", "latency": "486"}, {"date": "2023-02-20-15-00-00", "latency": "486"}, {"date": "2023-02-20-15-00-00", "latency": "486"}, {"date": "2023-02-20-15-00-00", "latency": "486"}, {"date": "2023-02-20-15-00-00", "latency": "486"}, {"date": "2023-02-20-15-00-00", "latency": "486"}, {"date": "2023-02-20-15-00-00", "latency": "486"}, {"date": "2023-02-20-15-00-00", "latency": "486"}, {"date": "2023-02-20-15-00-00", "latency": "486"}, {"date": "2023-02-20-15-00-00", "latency": "486"}, {"date": "2023-02-20-15-00-00", "latency": "486"}, {"date": "2023-02-20-15-00-00", "latency": "486"}, {"date": "2023-02-20-15-00-00", "latency": "486"}, {"date": "2023-02-20-15-00-00", "latency": "486"}, {"date": "2023-02-20-15-00-00", "latency": "486"}, {"date": "2023-02-20-15-00-00", "latency": "486"}, {"date": "2023-02-20-15-00-00", "latency": "486"}, {"date": "2023-02-20-15-00-00", "latency": "486"}, {"date": "2023-02-20-15-00-00", "latency": "486"}, {"date": "2023-02-20-15-00-00", "latency": "486"}, {"date": "2023-02-20-15-00-00", "latency": "486"}, {"date": "2023-02-20-15-00-00", "latency": "486"}, {"date": "2023-02-20-15-00-00", "latency": "486"}, {"date": "2023-02-20-15-00-00", "latency": "486"}, {"date": "2023-02-20-15-00-00", "latency": "486"}, {"date": "2023-02-20-15-00-00", "latency": "486"}, {"date": "2023-02-20-15-00-00", "latency": "486"}]}, {"location": {"country_code": "gb", "region": "England"}, "game_id": "273486", "values": [{"date": "2023-02-20-23-00-00", "latency": "33"}, {"date": "2023-02-20-23-00-00", "latency": "33"}, {"date": "2023-02-20-23-00-00", "latency": "33"}, {"date": "2023-02-20-23-00-00", "latency": "33"}, {"date": "2023-02-20-23-00-00", "latency": "33"}, {"date": "2023-02-20-23-00-00", "latency": "33"}, {"date": "2023-02-20-23-00-00", "latency": "33"}, {"date": "2023-02-20-23-00-00", "latency": "33"}, {"date": "2023-02-20-23-00-00", "latency": "33"}, {"date": "2023-02-20-23-00-00", "latency": "33"}, {"date": "2023-02-20-23-00-00", "latency": "33"}, {"date": "2023-02-20-23-00-00", "latency": "33"}, {"date": "2023-02-20-23-00-00", "latency": "33"}, {"date": "2023-02-20-23-00-00", "latency": "33"}, {"date": "2023-02-20-23-00-00", "latency": "33"}, {"date": "2023-02-20-23-00-00", "latency": "33"}, {"date": "2023-02-20-23-00-00", "latency": "33"}, {"date": "2023-02-20-23-00-00", "latency": "33"}, {"date": "2023-02-20-23-00-00", "latency": "33"}, {"date": "2023-02-20-23-00-00", "latency": "33"}, {"date": "2023-02-20-23-00-00", "latency": "33"}, {"date": "2023-02-20-22-00-00", "latency": "11"}, {"date": "2023-02-20-22-00-00", "latency": "11"}, {"date": "2023-02-20-22-00-00", "latency": "11"}, {"date": "2023-02-20-22-00-00", "latency": "11"}]}, {"location": {"country_code": "us", "region": "Ohio"}, "game_id": "273486", "values": [{"date": "2023-02-20-18-00-00", "latency": "47"}, {"date": "2023-02-20-18-00-00", "latency": "47"}, {"date": "2023-02-20-18-00-00", "latency": "47"}, {"date": "2023-02-20-18-00-00", "latency": "47"}]}, {"location": {"country_code": "se"}, "game_id": "273486", "values": [{"date": "2023-02-20-22-00-00", "latency": "31"}, {"date": "2023-02-20-22-00-00", "latency": "31"}, {"date": "2023-02-20-22-00-00", "latency": "31"}, {"date": "2023-02-20-22-00-00", "latency": "31"}, {"date": "2023-02-20-20-00-00", "latency": "70"}, {"date": "2023-02-20-20-00-00", "latency": "70"}, {"date": "2023-02-20-20-00-00", "latency": "70"}, {"date": "2023-02-20-20-00-00", "latency": "70"}, {"date": "2023-02-20-20-00-00", "latency": "70"}, {"date": "2023-02-20-20-00-00", "latency": "70"}, {"date": "2023-02-20-20-00-00", "latency": "70"}, {"date": "2023-02-20-20-00-00", "latency": "70"}, {"date": "2023-02-20-20-00-00", "latency": "70"}, {"date": "2023-02-20-20-00-00", "latency": "70"}, {"date": "2023-02-20-20-00-00", "latency": "70"}, {"date": "2023-02-20-20-00-00", "latency": "70"}, {"date": "2023-02-20-20-00-00", "latency": "70"}, {"date": "2023-02-20-20-00-00", "latency": "70"}, {"date": "2023-02-20-20-00-00", "latency": "70"}, {"date": "2023-02-20-20-00-00", "latency": "70"}, {"date": "2023-02-20-20-00-00", "latency": "70"}, {"date": "2023-02-20-20-00-00", "latency": "70"}, {"date": "2023-02-20-20-00-00", "latency": "70"}, {"date": "2023-02-20-20-00-00", "latency": "70"}, {"date": "2023-02-20-20-00-00", "latency": "70"}, {"date": "2023-02-20-20-00-00", "latency": "70"}, {"date": "2023-02-20-20-00-00", "latency": "70"}, {"date": "2023-02-20-20-00-00", "latency": "70"}, {"date": "2023-02-20-20-00-00", "latency": "70"}]}, {"location": {"country_code": "no"}, "game_id": "273486", "values": [{"date": "2023-02-20-12-00-00", "latency": "39"}, {"date": "2023-02-20-12-00-00", "latency": "39"}, {"date": "2023-02-20-12-00-00", "latency": "39"}, {"date": "2023-02-20-12-00-00", "latency": "39"}, {"date": "2023-02-20-12-00-00", "latency": "39"}, {"date": "2023-02-20-12-00-00", "latency": "39"}, {"date": "2023-02-20-12-00-00", "latency": "39"}, {"date": "2023-02-20-12-00-00", "latency": "39"}, {"date": "2023-02-20-12-00-00", "latency": "39"}, {"date": "2023-02-20-12-00-00", "latency": "39"}, {"date": "2023-02-20-12-00-00", "latency": "39"}, {"date": "2023-02-20-12-00-00", "latency": "39"}, {"date": "2023-02-20-12-00-00", "latency": "39"}, {"date": "2023-02-20-12-00-00", "latency": "39"}, {"date": "2023-02-20-12-00-00", "latency": "39"}, {"date": "2023-02-20-12-00-00", "latency": "39"}, {"date": "2023-02-20-12-00-00", "latency": "39"}, {"date": "2023-02-20-12-00-00", "latency": "39"}, {"date": "2023-02-20-12-00-00", "latency": "39"}, {"date": "2023-02-20-12-00-00", "latency": "39"}, {"date": "2023-02-20-12-00-00", "latency": "39"}, {"date": "2023-02-20-12-00-00", "latency": "39"}, {"date": "2023-02-20-12-00-00", "latency": "39"}, {"date": "2023-02-20-12-00-00", "latency": "39"}, {"date": "2023-02-20-12-00-00", "latency": "39"}]}, {"location": {"country_code": "us", "region": "Alaska", "city": "Anchorage"}, "game_id": "273486", "values": [{"date": "2023-02-20-12-00-00", "latency": "60"}, {"date": "2023-02-20-12-00-00", "latency": "60"}]}, {"location": {"country_code": "au"}, "game_id": "273486", "values": [{"date": "2023-02-20-13-00-00", "latency": "19"}, {"date": "2023-02-20-13-00-00", "latency": "19"}, {"date": "2023-02-20-13-00-00", "latency": "19"}, {"date": "2023-02-20-13-00-00", "latency": "19"}, {"date": "2023-02-20-13-00-00", "latency": "19"}, {"date": "2023-02-20-13-00-00", "latency": "19"}, {"date": "2023-02-20-13-00-00", "latency": "19"}, {"date": "2023-02-20-13-00-00", "latency": "19"}, {"date": "2023-02-20-13-00-00", "latency": "19"}, {"date": "2023-02-20-13-00-00", "latency": "19"}, {"date": "2023-02-20-13-00-00", "latency": "19"}, {"date": "2023-02-20-13-00-00", "latency": "19"}]}, {"location": {"country_code": "td"}, "game_id": "273486", "values": [{"date": "2023-02-20-23-00-00", "latency": "2"}, {"date": "2023-02-20-23-00-00", "latency": "2"}, {"date": "2023-02-20-23-00-00", "latency": "2"}, {"date": "2023-02-20-23-00-00", "latency": "2"}, {"date": "2023-02-20-23-00-00", "latency": "2"}, {"date": "2023-02-20-23-00-00", "latency": "2"}, {"date": "2023-02-20-23-00-00", "latency": "2"}, {"date": "2023-02-20-23-00-00", "latency": "2"}, {"date": "2023-02-20-23-00-00", "latency": "2"}, {"date": "2023-02-20-23-00-00", "latency": "2"}, {"date": "2023-02-20-23-00-00", "latency": "2"}, {"date": "2023-02-20-23-00-00", "latency": "2"}, {"date": "2023-02-20-23-00-00", "latency": "2"}]}, {"location": {"country_code": "ar"}, "game_id": "273486", "values": [{"date": "2023-02-20-04-00-00", "latency": "57"}, {"date": "2023-02-20-04-00-00", "latency": "57"}, {"date": "2023-02-20-04-00-00", "latency": "57"}, {"date": "2023-02-20-04-00-00", "latency": "57"}, {"date": "2023-02-20-04-00-00", "latency": "57"}, {"date": "2023-02-20-04-00-00", "latency": "57"}, {"date": "2023-02-20-04-00-00", "latency": "57"}, {"date": "2023-02-20-04-00-00", "latency": "57"}, {"date": "2023-02-20-04-00-00", "latency": "57"}, {"date": "2023-02-20-04-00-00", "latency": "57"}, {"date": "2023-02-20-04-00-00", "latency": "57"}, {"date": "2023-02-20-04-00-00", "latency": "57"}, {"date": "2023-02-20-04-00-00", "latency": "57"}, {"date": "2023-02-20-04-00-00", "latency": "57"}, {"date": "2023-02-20-04-00-00", "latency": "57"}, {"date": "2023-02-20-04-00-00", "latency": "57"}, {"date": "2023-02-20-04-00-00", "latency": "57"}, {"date": "2023-02-20-04-00-00", "latency": "57"}, {"date": "2023-02-20-04-00-00", "latency": "57"}]}, {"location": {"country_code": "us", "region": "Virginia", "city": "Chesapeake"}, "game_id": "273486", "values": [{"date": "2023-02-20-08-00-00", "latency": "0"}, {"date": "2023-02-20-08-00-00", "latency": "0"}, {"date": "2023-02-20-08-00-00", "latency": "0"}, {"date": "2023-02-20-08-00-00", "latency": "0"}, {"date": "2023-02-20-08-00-00", "latency": "0"}, {"date": "2023-02-20-08-00-00", "latency": "0"}, {"date": "2023-02-20-08-00-00", "latency": "0"}, {"date": "2023-02-20-08-00-00", "latency": "0"}, {"date": "2023-02-20-08-00-00", "latency": "0"}, {"date": "2023-02-20-08-00-00", "latency": "0"}, {"date": "2023-02-20-08-00-00", "latency": "0"}, {"date": "2023-02-20-08-00-00", "latency": "0"}, {"date": "2023-02-20-08-00-00", "latency": "0"}]}, {"location": {"country_code": "us", "region": "Texas", "city": "Houston"}, "game_id": "273486", "values": [{"date": "2023-02-20-20-00-00", "latency": "90"}, {"date": "2023-02-20-20-00-00", "latency": "90"}, {"date": "2023-02-20-20-00-00", "latency": "90"}, {"date": "2023-02-20-20-00-00", "latency": "90"}, {"date": "2023-02-20-20-00-00", "latency": "90"}, {"date": "2023-02-20-20-00-00", "latency": "90"}, {"date": "2023-02-20-20-00-00", "latency": "90"}, {"date": "2023-02-20-20-00-00", "latency": "90"}, {"date": "2023-02-20-20-00-00", "latency": "90"}, {"date": "2023-02-20-20-00-00", "latency": "90"}, {"date": "2023-02-20-20-00-00", "latency": "90"}, {"date": "2023-02-20-20-00-00", "latency": "90"}, {"date": "2023-02-20-20-00-00", "latency": "90"}, {"date": "2023-02-20-20-00-00", "latency": "90"}, {"date": "2023-02-20-20-00-00", "latency": "90"}, {"date": "2023-02-20-20-00-00", "latency": "90"}, {"date": "2023-02-20-20-00-00", "latency": "90"}, {"date": "2023-02-20-20-00-00", "latency": "90"}, {"date": "2023-02-20-20-00-00", "latency": "90"}, {"date": "2023-02-20-20-00-00", "latency": "90"}, {"date": "2023-02-20-20-00-00", "latency": "90"}, {"date": "2023-02-20-20-00-00", "latency": "90"}, {"date": "2023-02-20-20-00-00", "latency": "90"}, {"date": "2023-02-20-20-00-00", "latency": "90"}, {"date": "2023-02-20-20-00-00", "latency": "90"}, {"date": "2023-02-20-20-00-00", "latency": "90"}, {"date": "2023-02-20-20-00-00", "latency": "90"}, {"date": "2023-02-20-20-00-00", "latency": "90"}, {"date": "2023-02-20-20-00-00", "latency": "90"}, {"date": "2023-02-20-20-00-00", "latency": "90"}, {"date": "2023-02-20-20-00-00", "latency": "90"}, {"date": "2023-02-20-20-00-00", "latency": "90"}, {"date": "2023-02-20-20-00-00", "latency": "90"}, {"date": "2023-02-20-20-00-00", "latency": "90"}, {"date": "2023-02-20-20-00-00", "latency": "90"}, {"date": "2023-02-20-20-00-00", "latency": "90"}, {"date": "2023-02-20-20-00-00", "latency": "90"}, {"date": "2023-02-20-20-00-00", "latency": "90"}, {"date": "2023-02-20-20-00-00", "latency": "90"}, {"date": "2023-02-20-20-00-00", "latency": "90"}]}, {"location": {"country_code": "at"}, "game_id": "273486", "values": [{"date": "2023-02-20-02-00-00", "latency": "68"}, {"date": "2023-02-20-02-00-00", "latency": "68"}, {"date": "2023-02-20-02-00-00", "latency": "68"}, {"date": "2023-02-20-02-00-00", "latency": "68"}, {"date": "2023-02-20-02-00-00", "latency": "68"}, {"date": "2023-02-20-02-00-00", "latency": "68"}, {"date": "2023-02-20-02-00-00", "latency": "68"}, {"date": "2023-02-20-02-00-00", "latency": "68"}, {"date": "2023-02-20-02-00-00", "latency": "68"}, {"date": "2023-02-20-02-00-00", "latency": "68"}, {"date": "2023-02-20-02-00-00", "latency": "68"}, {"date": "2023-02-20-02-00-00", "latency": "68"}, {"date": "2023-02-20-02-00-00", "latency": "68"}, {"date": "2023-02-20-02-00-00", "latency": "68"}, {"date": "2023-02-20-02-00-00", "latency": "68"}, {"date": "2023-02-20-02-00-00", "latency": "68"}, {"date": "2023-02-20-02-00-00", "latency": "68"}, {"date": "2023-02-20-02-00-00", "latency": "68"}, {"date": "2023-02-20-02-00-00", "latency": "68"}, {"date": "2023-02-20-02-00-00", "latency": "68"}, {"date": "2023-02-20-02-00-00", "latency": "68"}, {"date": "2023-02-20-02-00-00", "latency": "68"}, {"date": "2023-02-20-02-00-00", "latency": "68"}, {"date": "2023-02-20-02-00-00", "latency": "68"}, {"date": "2023-02-20-02-00-00", "latency": "68"}, {"date": "2023-02-20-02-00-00", "latency": "68"}, {"date": "2023-02-20-02-00-00", "latency": "68"}, {"date": "2023-02-20-02-00-00", "latency": "68"}, {"date": "2023-02-20-02-00-00", "latency": "68"}, {"date": "2023-02-20-02-00-00", "latency": "68"}]}, {"location": {"country_code": "gb", "region": "England", "city": "London"}, "game_id": "273486", "values": [{"date": "2023-02-21-01-00-00", "latency": "137"}, {"date": "2023-02-21-01-00-00", "latency": "137"}, {"date": "2023-02-21-01-00-00", "latency": "137"}, {"date": "2023-02-21-01-00-00", "latency": "137"}, {"date": "2023-02-21-01-00-00", "latency": "137"}, {"date": "2023-02-21-01-00-00", "latency": "137"}, {"date": "2023-02-21-01-00-00", "latency": "137"}, {"date": "2023-02-21-01-00-00", "latency": "137"}, {"date": "2023-02-21-01-00-00", "latency": "137"}, {"date": "2023-02-21-01-00-00", "latency": "137"}, {"date": "2023-02-21-01-00-00", "latency": "137"}, {"date": "2023-02-21-01-00-00", "latency": "137"}, {"date": "2023-02-21-01-00-00", "latency": "137"}, {"date": "2023-02-21-01-00-00", "latency": "137"}, {"date": "2023-02-21-01-00-00", "latency": "137"}, {"date": "2023-02-21-01-00-00", "latency": "137"}, {"date": "2023-02-21-01-00-00", "latency": "137"}, {"date": "2023-02-21-01-00-00", "latency": "137"}, {"date": "2023-02-21-01-00-00", "latency": "137"}, {"date": "2023-02-21-01-00-00", "latency": "137"}, {"date": "2023-02-21-01-00-00", "latency": "137"}, {"date": "2023-02-21-01-00-00", "latency": "137"}, {"date": "2023-02-21-01-00-00", "latency": "137"}, {"date": "2023-02-21-01-00-00", "latency": "137"}, {"date": "2023-02-21-01-00-00", "latency": "137"}, {"date": "2023-02-21-01-00-00", "latency": "137"}, {"date": "2023-02-21-01-00-00", "latency": "137"}, {"date": "2023-02-21-01-00-00", "latency": "137"}, {"date": "2023-02-21-01-00-00", "latency": "137"}, {"date": "2023-02-21-01-00-00", "latency": "137"}, {"date": "2023-02-21-01-00-00", "latency": "137"}]}, {"location": {"country_code": "ie"}, "game_id": "273486", "values": [{"date": "2023-02-20-11-00-00", "latency": "35"}, {"date": "2023-02-20-11-00-00", "latency": "35"}, {"date": "2023-02-20-11-00-00", "latency": "35"}, {"date": "2023-02-20-11-00-00", "latency": "35"}]}, {"location": {"country_code": "ua"}, "game_id": "273486", "values": [{"date": "2023-02-20-06-00-00", "latency": "15"}, {"date": "2023-02-20-06-00-00", "latency": "15"}, {"date": "2023-02-20-06-00-00", "latency": "15"}, {"date": "2023-02-20-06-00-00", "latency": "15"}, {"date": "2023-02-20-06-00-00", "latency": "15"}, {"date": "2023-02-20-06-00-00", "latency": "15"}, {"date": "2023-02-20-06-00-00", "latency": "15"}, {"date": "2023-02-20-06-00-00", "latency": "15"}, {"date": "2023-02-20-06-00-00", "latency": "15"}, {"date": "2023-02-20-06-00-00", "latency": "15"}, {"date": "2023-02-20-06-00-00", "latency": "15"}, {"date": "2023-02-20-06-00-00", "latency": "15"}, {"date": "2023-02-20-06-00-00", "latency": "15"}, {"date": "2023-02-20-06-00-00", "latency": "15"}, {"date": "2023-02-20-06-00-00", "latency": "15"}, {"date": "2023-02-20-06-00-00", "latency": "15"}, {"date": "2023-02-20-06-00-00", "latency": "15"}, {"date": "2023-02-20-06-00-00", "latency": "15"}, {"date": "2023-02-20-06-00-00", "latency": "15"}, {"date": "2023-02-20-15-00-00", "latency": "50"}, {"date": "2023-02-20-15-00-00", "latency": "50"}, {"date": "2023-02-20-15-00-00", "latency": "50"}, {"date": "2023-02-20-15-00-00", "latency": "50"}, {"date": "2023-02-20-15-00-00", "latency": "50"}, {"date": "2023-02-20-15-00-00", "latency": "50"}, {"date": "2023-02-20-15-00-00", "latency": "50"}, {"date": "2023-02-20-15-00-00", "latency": "50"}, {"date": "2023-02-20-15-00-00", "latency": "50"}, {"date": "2023-02-20-15-00-00", "latency": "50"}, {"date": "2023-02-20-15-00-00", "latency": "50"}, {"date": "2023-02-20-15-00-00", "latency": "50"}, {"date": "2023-02-20-15-00-00", "latency": "50"}, {"date": "2023-02-20-15-00-00", "latency": "50"}, {"date": "2023-02-20-15-00-00", "latency": "50"}, {"date": "2023-02-20-15-00-00", "latency": "50"}, {"date": "2023-02-20-15-00-00", "latency": "50"}, {"date": "2023-02-20-15-00-00", "latency": "50"}, {"date": "2023-02-20-15-00-00", "latency": "50"}, {"date": "2023-02-20-15-00-00", "latency": "50"}, {"date": "2023-02-20-15-00-00", "latency": "50"}, {"date": "2023-02-20-15-00-00", "latency": "50"}, {"date": "2023-02-20-15-00-00", "latency": "50"}, {"date": "2023-02-20-15-00-00", "latency": "50"}, {"date": "2023-02-20-15-00-00", "latency": "50"}, {"date": "2023-02-20-15-00-00", "latency": "50"}, {"date": "2023-02-20-15-00-00", "latency": "50"}, {"date": "2023-02-20-15-00-00", "latency": "50"}, {"date": "2023-02-20-15-00-00", "latency": "50"}, {"date": "2023-02-20-15-00-00", "latency": "50"}]}, {"location": {"country_code": "us", "region": "Pennsylvania"}, "game_id": "273486", "values": [{"date": "2023-02-20-07-00-00", "latency": "74"}, {"date": "2023-02-20-07-00-00", "latency": "74"}, {"date": "2023-02-20-07-00-00", "latency": "74"}, {"date": "2023-02-20-07-00-00", "latency": "74"}, {"date": "2023-02-20-07-00-00", "latency": "74"}, {"date": "2023-02-20-07-00-00", "latency": "74"}, {"date": "2023-02-20-07-00-00", "latency": "74"}, {"date": "2023-02-20-07-00-00", "latency": "74"}, {"date": "2023-02-20-07-00-00", "latency": "74"}]}, {"location": {"country_code": "br", "region": "Rio Grande do Sul", "city": "Porto Alegre"}, "game_id": "273486", "values": [{"date": "2023-02-20-19-00-00", "latency": "0"}, {"date": "2023-02-20-19-00-00", "latency": "0"}, {"date": "2023-02-20-19-00-00", "latency": "0"}, {"date": "2023-02-20-19-00-00", "latency": "0"}, {"date": "2023-02-20-19-00-00", "latency": "0"}, {"date": "2023-02-20-19-00-00", "latency": "0"}, {"date": "2023-02-20-19-00-00", "latency": "0"}, {"date": "2023-02-20-19-00-00", "latency": "0"}, {"date": "2023-02-20-19-00-00", "latency": "0"}, {"date": "2023-02-20-19-00-00", "latency": "0"}, {"date": "2023-02-20-19-00-00", "latency": "0"}, {"date": "2023-02-20-19-00-00", "latency": "0"}, {"date": "2023-02-20-19-00-00", "latency": "0"}, {"date": "2023-02-20-19-00-00", "latency": "0"}, {"date": "2023-02-20-19-00-00", "latency": "0"}, {"date": "2023-02-20-19-00-00", "latency": "0"}, {"date": "2023-02-20-19-00-00", "latency": "0"}, {"date": "2023-02-20-19-00-00", "latency": "0"}, {"date": "2023-02-20-19-00-00", "latency": "0"}, {"date": "2023-02-20-19-00-00", "latency": "0"}, {"date": "2023-02-20-19-00-00", "latency": "0"}, {"date": "2023-02-20-19-00-00", "latency": "0"}, {"date": "2023-02-20-19-00-00", "latency": "0"}, {"date": "2023-02-20-19-00-00", "latency": "0"}, {"date": "2023-02-20-19-00-00", "latency": "0"}, {"date": "2023-02-20-19-00-00", "latency": "0"}, {"date": "2023-02-20-19-00-00", "latency": "0"}, {"date": "2023-02-20-19-00-00", "latency": "0"}, {"date": "2023-02-20-19-00-00", "latency": "0"}, {"date": "2023-02-20-19-00-00", "latency": "0"}, {"date": "2023-02-20-19-00-00", "latency": "0"}, {"date": "2023-02-20-19-00-00", "latency": "0"}, {"date": "2023-02-20-19-00-00", "latency": "0"}, {"date": "2023-02-20-19-00-00", "latency": "0"}, {"date": "2023-02-20-19-00-00", "latency": "0"}, {"date": "2023-02-20-19-00-00", "latency": "0"}, {"date": "2023-02-20-19-00-00", "latency": "0"}, {"date": "2023-02-20-19-00-00", "latency": "0"}, {"date": "2023-02-20-19-00-00", "latency": "0"}, {"date": "2023-02-20-19-00-00", "latency": "0"}, {"date": "2023-02-20-19-00-00", "latency": "0"}, {"date": "2023-02-20-19-00-00", "latency": "0"}, {"date": "2023-02-20-19-00-00", "latency": "0"}, {"date": "2023-02-20-19-00-00", "latency": "0"}, {"date": "2023-02-20-19-00-00", "latency": "0"}, {"date": "2023-02-20-19-00-00", "latency": "0"}, {"date": "2023-02-20-19-00-00", "latency": "0"}, {"date": "2023-02-20-19-00-00", "latency": "0"}, {"date": "2023-02-20-19-00-00", "latency": "0"}, {"date": "2023-02-20-19-00-00", "latency": "0"}, {"date": "2023-02-20-19-00-00", "latency": "0"}, {"date": "2023-02-20-19-00-00", "latency": "0"}, {"date": "2023-02-20-19-00-00", "latency": "0"}, {"date": "2023-02-20-19-00-00", "latency": "0"}, {"date": "2023-02-20-19-00-00", "latency": "0"}, {"date": "2023-02-20-19-00-00", "latency": "0"}, {"date": "2023-02-20-19-00-00", "latency": "0"}, {"date": "2023-02-20-19-00-00", "latency": "0"}, {"date": "2023-02-20-19-00-00", "latency": "0"}, {"date": "2023-02-20-19-00-00", "latency": "0"}, {"date": "2023-02-20-19-00-00", "latency": "0"}, {"date": "2023-02-20-19-00-00", "latency": "0"}, {"date": "2023-02-20-19-00-00", "latency": "0"}, {"date": "2023-02-20-19-00-00", "latency": "0"}, {"date": "2023-02-20-19-00-00", "latency": "0"}, {"date": "2023-02-20-19-00-00", "latency": "0"}, {"date": "2023-02-20-19-00-00", "latency": "0"}, {"date": "2023-02-20-19-00-00", "latency": "0"}, {"date": "2023-02-20-19-00-00", "latency": "0"}, {"date": "2023-02-20-19-00-00", "latency": "0"}, {"date": "2023-02-20-19-00-00", "latency": "0"}, {"date": "2023-02-20-19-00-00", "latency": "0"}, {"date": "2023-02-20-19-00-00", "latency": "0"}, {"date": "2023-02-20-19-00-00", "latency": "0"}, {"date": "2023-02-20-19-00-00", "latency": "0"}, {"date": "2023-02-20-19-00-00", "latency": "0"}, {"date": "2023-02-20-19-00-00", "latency": "0"}, {"date": "2023-02-20-19-00-00", "latency": "0"}, {"date": "2023-02-20-19-00-00", "latency": "0"}, {"date": "2023-02-20-19-00-00", "latency": "0"}, {"date": "2023-02-20-19-00-00", "latency": "0"}, {"date": "2023-02-20-19-00-00", "latency": "0"}, {"date": "2023-02-20-19-00-00", "latency": "0"}, {"date": "2023-02-20-19-00-00", "latency": "0"}, {"date": "2023-02-20-19-00-00", "latency": "0"}, {"date": "2023-02-20-19-00-00", "latency": "0"}, {"date": "2023-02-20-19-00-00", "latency": "0"}, {"date": "2023-02-20-19-00-00", "latency": "0"}, {"date": "2023-02-20-19-00-00", "latency": "0"}, {"date": "2023-02-20-19-00-00", "latency": "0"}, {"date": "2023-02-20-19-00-00", "latency": "0"}]}, {"location": {"country_code": "us", "region": "Massachusetts", "city": "Boston"}, "game_id": "273486", "values": [{"date": "2023-02-20-19-00-00", "latency": "47"}, {"date": "2023-02-20-19-00-00", "latency": "47"}, {"date": "2023-02-20-19-00-00", "latency": "47"}, {"date": "2023-02-20-19-00-00", "latency": "47"}, {"date": "2023-02-20-19-00-00", "latency": "47"}, {"date": "2023-02-20-19-00-00", "latency": "47"}, {"date": "2023-02-20-19-00-00", "latency": "47"}, {"date": "2023-02-20-19-00-00", "latency": "47"}, {"date": "2023-02-20-19-00-00", "latency": "47"}, {"date": "2023-02-20-19-00-00", "latency": "47"}, {"date": "2023-02-20-19-00-00", "latency": "47"}, {"date": "2023-02-20-19-00-00", "latency": "47"}]}, {"location": {"country_code": "kw"}, "game_id": "273486", "values": [{"date": "2023-02-20-15-00-00", "latency": "141"}, {"date": "2023-02-20-15-00-00", "latency": "141"}, {"date": "2023-02-20-15-00-00", "latency": "141"}, {"date": "2023-02-20-15-00-00", "latency": "141"}, {"date": "2023-02-20-15-00-00", "latency": "141"}, {"date": "2023-02-20-15-00-00", "latency": "141"}, {"date": "2023-02-20-15-00-00", "latency": "141"}, {"date": "2023-02-20-15-00-00", "latency": "141"}, {"date": "2023-02-20-15-00-00", "latency": "141"}, {"date": "2023-02-20-15-00-00", "latency": "141"}, {"date": "2023-02-20-15-00-00", "latency": "141"}, {"date": "2023-02-20-15-00-00", "latency": "141"}, {"date": "2023-02-20-15-00-00", "latency": "141"}, {"date": "2023-02-20-15-00-00", "latency": "141"}, {"date": "2023-02-20-15-00-00", "latency": "141"}, {"date": "2023-02-20-15-00-00", "latency": "141"}, {"date": "2023-02-20-15-00-00", "latency": "141"}, {"date": "2023-02-20-15-00-00", "latency": "141"}, {"date": "2023-02-20-15-00-00", "latency": "141"}, {"date": "2023-02-20-15-00-00", "latency": "141"}, {"date": "2023-02-20-15-00-00", "latency": "141"}, {"date": "2023-02-20-15-00-00", "latency": "141"}, {"date": "2023-02-20-15-00-00", "latency": "141"}, {"date": "2023-02-20-15-00-00", "latency": "141"}, {"date": "2023-02-20-15-00-00", "latency": "141"}, {"date": "2023-02-20-15-00-00", "latency": "141"}, {"date": "2023-02-20-15-00-00", "latency": "141"}, {"date": "2023-02-20-15-00-00", "latency": "141"}, {"date": "2023-02-20-15-00-00", "latency": "141"}, {"date": "2023-02-20-15-00-00", "latency": "141"}, {"date": "2023-02-20-15-00-00", "latency": "141"}, {"date": "2023-02-20-15-00-00", "latency": "141"}, {"date": "2023-02-20-15-00-00", "latency": "141"}, {"date": "2023-02-20-15-00-00", "latency": "141"}, {"date": "2023-02-20-15-00-00", "latency": "141"}, {"date": "2023-02-20-15-00-00", "latency": "141"}, {"date": "2023-02-20-15-00-00", "latency": "141"}, {"date": "2023-02-20-15-00-00", "latency": "141"}, {"date": "2023-02-20-15-00-00", "latency": "141"}]}, {"location": {"country_code": "us", "region": "Louisiana"}, "game_id": "273486", "values": [{"date": "2023-02-20-03-00-00", "latency": "48"}, {"date": "2023-02-20-03-00-00", "latency": "48"}, {"date": "2023-02-20-03-00-00", "latency": "48"}, {"date": "2023-02-20-03-00-00", "latency": "48"}, {"date": "2023-02-20-03-00-00", "latency": "48"}, {"date": "2023-02-20-03-00-00", "latency": "48"}, {"date": "2023-02-20-03-00-00", "latency": "48"}, {"date": "2023-02-20-03-00-00", "latency": "48"}, {"date": "2023-02-20-03-00-00", "latency": "48"}, {"date": "2023-02-20-03-00-00", "latency": "48"}, {"date": "2023-02-20-03-00-00", "latency": "48"}, {"date": "2023-02-20-03-00-00", "latency": "48"}, {"date": "2023-02-20-03-00-00", "latency": "48"}, {"date": "2023-02-20-03-00-00", "latency": "48"}, {"date": "2023-02-20-03-00-00", "latency": "48"}, {"date": "2023-02-20-03-00-00", "latency": "48"}, {"date": "2023-02-20-03-00-00", "latency": "48"}, {"date": "2023-02-20-03-00-00", "latency": "48"}, {"date": "2023-02-20-03-00-00", "latency": "48"}, {"date": "2023-02-20-03-00-00", "latency": "48"}, {"date": "2023-02-20-03-00-00", "latency": "48"}, {"date": "2023-02-20-03-00-00", "latency": "48"}, {"date": "2023-02-20-03-00-00", "latency": "48"}, {"date": "2023-02-20-03-00-00", "latency": "48"}, {"date": "2023-02-20-03-00-00", "latency": "48"}, {"date": "2023-02-20-03-00-00", "latency": "48"}, {"date": "2023-02-20-03-00-00", "latency": "48"}, {"date": "2023-02-20-03-00-00", "latency": "48"}, {"date": "2023-02-20-03-00-00", "latency": "48"}]}, {"location": {"country_code": "gb", "region": "Wales"}, "game_id": "273486", "values": [{"date": "2023-02-21-00-00-00", "latency": "60"}, {"date": "2023-02-21-00-00-00", "latency": "60"}, {"date": "2023-02-21-00-00-00", "latency": "60"}, {"date": "2023-02-21-00-00-00", "latency": "60"}, {"date": "2023-02-21-00-00-00", "latency": "60"}, {"date": "2023-02-21-00-00-00", "latency": "60"}, {"date": "2023-02-21-00-00-00", "latency": "60"}, {"date": "2023-02-21-00-00-00", "latency": "60"}, {"date": "2023-02-21-00-00-00", "latency": "60"}, {"date": "2023-02-21-00-00-00", "latency": "60"}, {"date": "2023-02-21-00-00-00", "latency": "60"}, {"date": "2023-02-21-00-00-00", "latency": "60"}, {"date": "2023-02-21-00-00-00", "latency": "60"}, {"date": "2023-02-21-00-00-00", "latency": "60"}, {"date": "2023-02-21-00-00-00", "latency": "60"}, {"date": "2023-02-21-00-00-00", "latency": "60"}, {"date": "2023-02-21-00-00-00", "latency": "60"}, {"date": "2023-02-21-00-00-00", "latency": "60"}, {"date": "2023-02-21-00-00-00", "latency": "60"}, {"date": "2023-02-21-00-00-00", "latency": "60"}, {"date": "2023-02-21-00-00-00", "latency": "60"}, {"date": "2023-02-21-00-00-00", "latency": "60"}, {"date": "2023-02-21-00-00-00", "latency": "60"}, {"date": "2023-02-21-00-00-00", "latency": "60"}, {"date": "2023-02-21-00-00-00", "latency": "60"}, {"date": "2023-02-21-00-00-00", "latency": "60"}, {"date": "2023-02-21-00-00-00", "latency": "60"}, {"date": "2023-02-21-00-00-00", "latency": "60"}, {"date": "2023-02-21-00-00-00", "latency": "60"}, {"date": "2023-02-21-00-00-00", "latency": "60"}, {"date": "2023-02-21-00-00-00", "latency": "60"}, {"date": "2023-02-21-00-00-00", "latency": "60"}]}, {"location": {"country_code": "ee"}, "game_id": "273486", "values": [{"date": "2023-02-20-15-00-00", "latency": "85"}, {"date": "2023-02-20-15-00-00", "latency": "85"}, {"date": "2023-02-20-15-00-00", "latency": "85"}, {"date": "2023-02-20-15-00-00", "latency": "85"}, {"date": "2023-02-20-15-00-00", "latency": "85"}, {"date": "2023-02-20-15-00-00", "latency": "85"}, {"date": "2023-02-20-15-00-00", "latency": "85"}, {"date": "2023-02-20-15-00-00", "latency": "85"}, {"date": "2023-02-20-15-00-00", "latency": "85"}, {"date": "2023-02-20-15-00-00", "latency": "85"}, {"date": "2023-02-20-15-00-00", "latency": "85"}, {"date": "2023-02-20-15-00-00", "latency": "85"}, {"date": "2023-02-20-15-00-00", "latency": "85"}, {"date": "2023-02-20-15-00-00", "latency": "85"}, {"date": "2023-02-20-15-00-00", "latency": "85"}, {"date": "2023-02-20-15-00-00", "latency": "85"}, {"date": "2023-02-20-15-00-00", "latency": "85"}, {"date": "2023-02-20-15-00-00", "latency": "85"}, {"date": "2023-02-20-15-00-00", "latency": "85"}, {"date": "2023-02-20-15-00-00", "latency": "85"}, {"date": "2023-02-20-15-00-00", "latency": "85"}, {"date": "2023-02-20-15-00-00", "latency": "85"}, {"date": "2023-02-20-15-00-00", "latency": "85"}, {"date": "2023-02-20-15-00-00", "latency": "85"}, {"date": "2023-02-20-15-00-00", "latency": "85"}, {"date": "2023-02-20-15-00-00", "latency": "85"}, {"date": "2023-02-20-15-00-00", "latency": "85"}, {"date": "2023-02-20-15-00-00", "latency": "85"}, {"date": "2023-02-20-15-00-00", "latency": "85"}, {"date": "2023-02-20-15-00-00", "latency": "85"}]}, {"location": {"country_code": "sa", "region": "Riyadh Region", "city": "Wadi Ad Dawasir"}, "game_id": "273486", "values": [{"date": "2023-02-20-20-00-00", "latency": "86"}, {"date": "2023-02-20-20-00-00", "latency": "86"}, {"date": "2023-02-20-20-00-00", "latency": "86"}, {"date": "2023-02-20-20-00-00", "latency": "86"}, {"date": "2023-02-20-20-00-00", "latency": "86"}, {"date": "2023-02-20-20-00-00", "latency": "86"}, {"date": "2023-02-20-20-00-00", "latency": "86"}, {"date": "2023-02-20-20-00-00", "latency": "86"}, {"date": "2023-02-20-20-00-00", "latency": "86"}, {"date": "2023-02-20-20-00-00", "latency": "86"}, {"date": "2023-02-20-20-00-00", "latency": "86"}, {"date": "2023-02-20-20-00-00", "latency": "86"}]}, {"location": {"country_code": "us", "region": "New York", "city": "Rochester"}, "game_id": "273486", "values": [{"date": "2023-02-20-06-00-00", "latency": "37"}, {"date": "2023-02-20-06-00-00", "latency": "37"}, {"date": "2023-02-20-06-00-00", "latency": "37"}, {"date": "2023-02-20-06-00-00", "latency": "37"}, {"date": "2023-02-20-06-00-00", "latency": "37"}, {"date": "2023-02-20-06-00-00", "latency": "37"}, {"date": "2023-02-20-06-00-00", "latency": "37"}, {"date": "2023-02-20-06-00-00", "latency": "37"}, {"date": "2023-02-20-06-00-00", "latency": "37"}, {"date": "2023-02-20-06-00-00", "latency": "37"}, {"date": "2023-02-20-06-00-00", "latency": "37"}, {"date": "2023-02-20-06-00-00", "latency": "37"}, {"date": "2023-02-20-06-00-00", "latency": "37"}, {"date": "2023-02-20-06-00-00", "latency": "37"}, {"date": "2023-02-20-06-00-00", "latency": "37"}, {"date": "2023-02-20-06-00-00", "latency": "37"}, {"date": "2023-02-20-06-00-00", "latency": "37"}, {"date": "2023-02-20-06-00-00", "latency": "37"}, {"date": "2023-02-20-06-00-00", "latency": "37"}, {"date": "2023-02-20-06-00-00", "latency": "37"}, {"date": "2023-02-20-06-00-00", "latency": "37"}, {"date": "2023-02-20-06-00-00", "latency": "37"}, {"date": "2023-02-20-06-00-00", "latency": "37"}, {"date": "2023-02-20-06-00-00", "latency": "37"}, {"date": "2023-02-20-06-00-00", "latency": "37"}, {"date": "2023-02-20-06-00-00", "latency": "37"}, {"date": "2023-02-20-06-00-00", "latency": "37"}, {"date": "2023-02-20-06-00-00", "latency": "37"}]}, {"location": {"country_code": "to"}, "game_id": "273486", "values": [{"date": "2023-02-20-03-00-00", "latency": "37"}, {"date": "2023-02-20-03-00-00", "latency": "37"}, {"date": "2023-02-20-03-00-00", "latency": "37"}, {"date": "2023-02-20-03-00-00", "latency": "37"}, {"date": "2023-02-20-03-00-00", "latency": "37"}, {"date": "2023-02-20-03-00-00", "latency": "37"}, {"date": "2023-02-20-03-00-00", "latency": "37"}, {"date": "2023-02-20-03-00-00", "latency": "37"}, {"date": "2023-02-20-03-00-00", "latency": "37"}, {"date": "2023-02-20-03-00-00", "latency": "37"}, {"date": "2023-02-20-03-00-00", "latency": "37"}, {"date": "2023-02-20-03-00-00", "latency": "37"}, {"date": "2023-02-20-03-00-00", "latency": "37"}, {"date": "2023-02-20-03-00-00", "latency": "37"}, {"date": "2023-02-20-03-00-00", "latency": "37"}, {"date": "2023-02-20-03-00-00", "latency": "37"}, {"date": "2023-02-20-03-00-00", "latency": "37"}, {"date": "2023-02-20-03-00-00", "latency": "37"}, {"date": "2023-02-20-03-00-00", "latency": "37"}, {"date": "2023-02-20-03-00-00", "latency": "37"}, {"date": "2023-02-20-03-00-00", "latency": "37"}, {"date": "2023-02-20-03-00-00", "latency": "37"}, {"date": "2023-02-20-03-00-00", "latency": "37"}, {"date": "2023-02-20-03-00-00", "latency": "37"}, {"date": "2023-02-20-03-00-00", "latency": "37"}, {"date": "2023-02-20-03-00-00", "latency": "37"}, {"date": "2023-02-20-03-00-00", "latency": "37"}, {"date": "2023-02-20-03-00-00", "latency": "37"}, {"date": "2023-02-20-03-00-00", "latency": "37"}, {"date": "2023-02-20-03-00-00", "latency": "37"}, {"date": "2023-02-20-03-00-00", "latency": "37"}, {"date": "2023-02-20-03-00-00", "latency": "37"}, {"date": "2023-02-20-03-00-00", "latency": "37"}, {"date": "2023-02-20-03-00-00", "latency": "37"}, {"date": "2023-02-20-03-00-00", "latency": "37"}, {"date": "2023-02-20-03-00-00", "latency": "37"}, {"date": "2023-02-20-03-00-00", "latency": "37"}, {"date": "2023-02-20-03-00-00", "latency": "37"}, {"date": "2023-02-20-03-00-00", "latency": "37"}, {"date": "2023-02-20-03-00-00", "latency": "37"}, {"date": "2023-02-20-03-00-00", "latency": "37"}, {"date": "2023-02-20-03-00-00", "latency": "37"}, {"date": "2023-02-20-03-00-00", "latency": "37"}, {"date": "2023-02-20-03-00-00", "latency": "37"}, {"date": "2023-02-20-03-00-00", "latency": "37"}, {"date": "2023-02-20-03-00-00", "latency": "37"}, {"date": "2023-02-20-03-00-00", "latency": "37"}, {"date": "2023-02-20-03-00-00", "latency": "37"}, {"date": "2023-02-20-03-00-00", "latency": "37"}, {"date": "2023-02-20-03-00-00", "latency": "37"}, {"date": "2023-02-20-03-00-00", "latency": "37"}, {"date": "2023-02-20-03-00-00", "latency": "37"}, {"date": "2023-02-20-03-00-00", "latency": "37"}, {"date": "2023-02-20-03-00-00", "latency": "37"}, {"date": "2023-02-20-03-00-00", "latency": "37"}, {"date": "2023-02-20-03-00-00", "latency": "37"}, {"date": "2023-02-20-03-00-00", "latency": "37"}, {"date": "2023-02-20-03-00-00", "latency": "37"}, {"date": "2023-02-20-03-00-00", "latency": "37"}]}, {"location": {"country_code": "us", "region": "Texas", "city": "Atascocita"}, "game_id": "273486", "values": [{"date": "2023-02-20-08-00-00", "latency": "39"}, {"date": "2023-02-20-08-00-00", "latency": "39"}, {"date": "2023-02-20-08-00-00", "latency": "39"}, {"date": "2023-02-20-08-00-00", "latency": "39"}, {"date": "2023-02-20-08-00-00", "latency": "39"}, {"date": "2023-02-20-08-00-00", "latency": "39"}, {"date": "2023-02-20-08-00-00", "latency": "39"}, {"date": "2023-02-20-08-00-00", "latency": "39"}, {"date": "2023-02-20-08-00-00", "latency": "39"}, {"date": "2023-02-20-08-00-00", "latency": "39"}, {"date": "2023-02-20-08-00-00", "latency": "39"}, {"date": "2023-02-20-08-00-00", "latency": "39"}, {"date": "2023-02-20-08-00-00", "latency": "39"}, {"date": "2023-02-20-08-00-00", "latency": "39"}]}], "last_updated": 1719915088.54086}