{"data": [{"location": {"country_code": "us"}, "game_id": "273486", "values": [{"date": "2023-02-24-01-00-00", "latency": "82"}, {"date": "2023-02-24-01-00-00", "latency": "82"}, {"date": "2023-02-24-01-00-00", "latency": "82"}, {"date": "2023-02-24-01-00-00", "latency": "82"}, {"date": "2023-02-24-01-00-00", "latency": "82"}, {"date": "2023-02-24-01-00-00", "latency": "82"}, {"date": "2023-02-24-01-00-00", "latency": "82"}, {"date": "2023-02-24-01-00-00", "latency": "82"}, {"date": "2023-02-24-01-00-00", "latency": "82"}, {"date": "2023-02-24-01-00-00", "latency": "82"}, {"date": "2023-02-24-01-00-00", "latency": "82"}, {"date": "2023-02-24-01-00-00", "latency": "82"}, {"date": "2023-02-24-01-00-00", "latency": "82"}, {"date": "2023-02-23-06-00-00", "latency": "396"}, {"date": "2023-02-23-06-00-00", "latency": "396"}, {"date": "2023-02-23-06-00-00", "latency": "396"}, {"date": "2023-02-23-06-00-00", "latency": "396"}, {"date": "2023-02-23-06-00-00", "latency": "396"}, {"date": "2023-02-23-06-00-00", "latency": "396"}, {"date": "2023-02-23-06-00-00", "latency": "396"}, {"date": "2023-02-23-06-00-00", "latency": "396"}, {"date": "2023-02-23-06-00-00", "latency": "396"}, {"date": "2023-02-23-06-00-00", "latency": "396"}, {"date": "2023-02-23-06-00-00", "latency": "396"}, {"date": "2023-02-23-06-00-00", "latency": "396"}, {"date": "2023-02-23-06-00-00", "latency": "396"}, {"date": "2023-02-23-06-00-00", "latency": "396"}, {"date": "2023-02-23-06-00-00", "latency": "396"}, {"date": "2023-02-23-06-00-00", "latency": "396"}, {"date": "2023-02-23-06-00-00", "latency": "396"}, {"date": "2023-02-23-06-00-00", "latency": "396"}, {"date": "2023-02-23-06-00-00", "latency": "396"}, {"date": "2023-02-23-06-00-00", "latency": "396"}, {"date": "2023-02-23-06-00-00", "latency": "396"}, {"date": "2023-02-23-06-00-00", "latency": "396"}, {"date": "2023-02-23-06-00-00", "latency": "396"}, {"date": "2023-02-23-06-00-00", "latency": "396"}, {"date": "2023-02-23-06-00-00", "latency": "396"}, {"date": "2023-02-23-06-00-00", "latency": "396"}, {"date": "2023-02-23-06-00-00", "latency": "396"}, {"date": "2023-02-23-06-00-00", "latency": "396"}, {"date": "2023-02-23-06-00-00", "latency": "396"}, {"date": "2023-02-23-06-00-00", "latency": "396"}, {"date": "2023-02-23-06-00-00", "latency": "396"}, {"date": "2023-02-23-06-00-00", "latency": "396"}, {"date": "2023-02-23-06-00-00", "latency": "396"}, {"date": "2023-02-23-06-00-00", "latency": "396"}, {"date": "2023-02-23-06-00-00", "latency": "396"}, {"date": "2023-02-23-06-00-00", "latency": "396"}, {"date": "2023-02-23-06-00-00", "latency": "396"}, {"date": "2023-02-23-06-00-00", "latency": "396"}, {"date": "2023-02-23-06-00-00", "latency": "396"}, {"date": "2023-02-23-06-00-00", "latency": "396"}, {"date": "2023-02-23-06-00-00", "latency": "396"}, {"date": "2023-02-23-06-00-00", "latency": "396"}, {"date": "2023-02-23-11-00-00", "latency": "23"}, {"date": "2023-02-23-11-00-00", "latency": "23"}, {"date": "2023-02-23-11-00-00", "latency": "23"}, {"date": "2023-02-23-11-00-00", "latency": "23"}, {"date": "2023-02-23-11-00-00", "latency": "23"}, {"date": "2023-02-23-11-00-00", "latency": "23"}, {"date": "2023-02-23-11-00-00", "latency": "23"}, {"date": "2023-02-23-11-00-00", "latency": "23"}, {"date": "2023-02-23-11-00-00", "latency": "23"}, {"date": "2023-02-23-11-00-00", "latency": "23"}, {"date": "2023-02-23-11-00-00", "latency": "23"}, {"date": "2023-02-23-11-00-00", "latency": "23"}, {"date": "2023-02-23-11-00-00", "latency": "23"}, {"date": "2023-02-23-11-00-00", "latency": "23"}, {"date": "2023-02-23-11-00-00", "latency": "23"}, {"date": "2023-02-23-11-00-00", "latency": "23"}, {"date": "2023-02-23-11-00-00", "latency": "23"}, {"date": "2023-02-23-11-00-00", "latency": "23"}, {"date": "2023-02-23-11-00-00", "latency": "23"}, {"date": "2023-02-23-09-00-00", "latency": "47"}, {"date": "2023-02-23-09-00-00", "latency": "47"}, {"date": "2023-02-23-09-00-00", "latency": "47"}, {"date": "2023-02-23-09-00-00", "latency": "47"}, {"date": "2023-02-23-09-00-00", "latency": "47"}, {"date": "2023-02-23-09-00-00", "latency": "47"}, {"date": "2023-02-23-09-00-00", "latency": "47"}, {"date": "2023-02-23-09-00-00", "latency": "47"}, {"date": "2023-02-23-09-00-00", "latency": "47"}, {"date": "2023-02-23-09-00-00", "latency": "47"}, {"date": "2023-02-23-09-00-00", "latency": "47"}, {"date": "2023-02-23-09-00-00", "latency": "47"}, {"date": "2023-02-23-09-00-00", "latency": "47"}, {"date": "2023-02-23-09-00-00", "latency": "47"}, {"date": "2023-02-23-09-00-00", "latency": "47"}, {"date": "2023-02-23-09-00-00", "latency": "47"}, {"date": "2023-02-23-09-00-00", "latency": "47"}, {"date": "2023-02-23-09-00-00", "latency": "47"}, {"date": "2023-02-23-09-00-00", "latency": "47"}, {"date": "2023-02-23-09-00-00", "latency": "47"}, {"date": "2023-02-23-09-00-00", "latency": "47"}, {"date": "2023-02-23-09-00-00", "latency": "47"}, {"date": "2023-02-23-09-00-00", "latency": "47"}, {"date": "2023-02-23-09-00-00", "latency": "47"}, {"date": "2023-02-23-09-00-00", "latency": "47"}, {"date": "2023-02-23-09-00-00", "latency": "47"}, {"date": "2023-02-23-09-00-00", "latency": "47"}, {"date": "2023-02-23-09-00-00", "latency": "47"}, {"date": "2023-02-23-09-00-00", "latency": "47"}, {"date": "2023-02-23-09-00-00", "latency": "47"}, {"date": "2023-02-23-09-00-00", "latency": "47"}, {"date": "2023-02-23-09-00-00", "latency": "47"}, {"date": "2023-02-23-09-00-00", "latency": "47"}, {"date": "2023-02-23-09-00-00", "latency": "47"}, {"date": "2023-02-23-09-00-00", "latency": "47"}, {"date": "2023-02-23-09-00-00", "latency": "47"}, {"date": "2023-02-23-09-00-00", "latency": "47"}, {"date": "2023-02-23-09-00-00", "latency": "47"}, {"date": "2023-02-23-09-00-00", "latency": "47"}, {"date": "2023-02-23-09-00-00", "latency": "47"}]}, {"location": {"country_code": "gr"}, "game_id": "273486", "values": [{"date": "2023-02-23-13-00-00", "latency": "82"}, {"date": "2023-02-23-13-00-00", "latency": "82"}, {"date": "2023-02-23-13-00-00", "latency": "82"}, {"date": "2023-02-23-13-00-00", "latency": "82"}, {"date": "2023-02-23-13-00-00", "latency": "82"}, {"date": "2023-02-23-13-00-00", "latency": "82"}, {"date": "2023-02-23-13-00-00", "latency": "82"}, {"date": "2023-02-23-13-00-00", "latency": "82"}, {"date": "2023-02-23-13-00-00", "latency": "82"}, {"date": "2023-02-23-13-00-00", "latency": "82"}, {"date": "2023-02-23-13-00-00", "latency": "82"}, {"date": "2023-02-23-13-00-00", "latency": "82"}, {"date": "2023-02-23-13-00-00", "latency": "82"}, {"date": "2023-02-23-13-00-00", "latency": "82"}, {"date": "2023-02-23-13-00-00", "latency": "82"}, {"date": "2023-02-23-13-00-00", "latency": "82"}, {"date": "2023-02-23-13-00-00", "latency": "82"}, {"date": "2023-02-23-13-00-00", "latency": "82"}, {"date": "2023-02-23-13-00-00", "latency": "82"}, {"date": "2023-02-23-13-00-00", "latency": "82"}, {"date": "2023-02-23-13-00-00", "latency": "82"}, {"date": "2023-02-23-13-00-00", "latency": "82"}, {"date": "2023-02-23-13-00-00", "latency": "82"}, {"date": "2023-02-23-13-00-00", "latency": "82"}, {"date": "2023-02-23-13-00-00", "latency": "82"}, {"date": "2023-02-23-13-00-00", "latency": "82"}, {"date": "2023-02-23-13-00-00", "latency": "82"}, {"date": "2023-02-23-13-00-00", "latency": "82"}, {"date": "2023-02-23-13-00-00", "latency": "82"}, {"date": "2023-02-23-13-00-00", "latency": "82"}, {"date": "2023-02-23-13-00-00", "latency": "82"}, {"date": "2023-02-23-13-00-00", "latency": "82"}, {"date": "2023-02-23-13-00-00", "latency": "82"}, {"date": "2023-02-23-13-00-00", "latency": "82"}, {"date": "2023-02-23-13-00-00", "latency": "82"}, {"date": "2023-02-23-13-00-00", "latency": "82"}, {"date": "2023-02-23-13-00-00", "latency": "82"}, {"date": "2023-02-23-13-00-00", "latency": "82"}, {"date": "2023-02-23-13-00-00", "latency": "82"}, {"date": "2023-02-23-13-00-00", "latency": "82"}, {"date": "2023-02-23-13-00-00", "latency": "82"}, {"date": "2023-02-23-13-00-00", "latency": "82"}, {"date": "2023-02-23-13-00-00", "latency": "82"}, {"date": "2023-02-23-13-00-00", "latency": "82"}, {"date": "2023-02-23-13-00-00", "latency": "82"}, {"date": "2023-02-23-13-00-00", "latency": "82"}, {"date": "2023-02-23-13-00-00", "latency": "82"}, {"date": "2023-02-23-13-00-00", "latency": "82"}, {"date": "2023-02-23-13-00-00", "latency": "82"}, {"date": "2023-02-23-13-00-00", "latency": "82"}, {"date": "2023-02-23-13-00-00", "latency": "82"}, {"date": "2023-02-23-13-00-00", "latency": "82"}, {"date": "2023-02-23-13-00-00", "latency": "82"}, {"date": "2023-02-23-13-00-00", "latency": "82"}, {"date": "2023-02-23-13-00-00", "latency": "82"}, {"date": "2023-02-23-13-00-00", "latency": "82"}, {"date": "2023-02-23-13-00-00", "latency": "82"}, {"date": "2023-02-23-13-00-00", "latency": "82"}, {"date": "2023-02-23-13-00-00", "latency": "82"}, {"date": "2023-02-23-13-00-00", "latency": "82"}, {"date": "2023-02-23-13-00-00", "latency": "82"}, {"date": "2023-02-23-13-00-00", "latency": "82"}, {"date": "2023-02-23-13-00-00", "latency": "82"}, {"date": "2023-02-23-13-00-00", "latency": "82"}, {"date": "2023-02-23-13-00-00", "latency": "82"}, {"date": "2023-02-23-13-00-00", "latency": "82"}, {"date": "2023-02-23-13-00-00", "latency": "82"}]}, {"location": {"country_code": "it"}, "game_id": "273486", "values": [{"date": "2023-02-23-16-00-00", "latency": "69"}, {"date": "2023-02-23-16-00-00", "latency": "69"}, {"date": "2023-02-23-16-00-00", "latency": "69"}, {"date": "2023-02-23-16-00-00", "latency": "69"}, {"date": "2023-02-23-16-00-00", "latency": "69"}, {"date": "2023-02-23-16-00-00", "latency": "69"}, {"date": "2023-02-23-16-00-00", "latency": "69"}, {"date": "2023-02-23-16-00-00", "latency": "69"}, {"date": "2023-02-23-16-00-00", "latency": "69"}, {"date": "2023-02-23-16-00-00", "latency": "69"}, {"date": "2023-02-23-16-00-00", "latency": "69"}, {"date": "2023-02-23-16-00-00", "latency": "69"}, {"date": "2023-02-23-16-00-00", "latency": "69"}, {"date": "2023-02-23-16-00-00", "latency": "69"}, {"date": "2023-02-23-16-00-00", "latency": "69"}]}, {"location": {"country_code": "ro"}, "game_id": "273486", "values": [{"date": "2023-02-23-18-00-00", "latency": "43"}, {"date": "2023-02-23-18-00-00", "latency": "43"}, {"date": "2023-02-23-18-00-00", "latency": "43"}]}, {"location": {"country_code": "ca"}, "game_id": "273486", "values": [{"date": "2023-02-23-08-00-00", "latency": "49"}, {"date": "2023-02-23-08-00-00", "latency": "49"}, {"date": "2023-02-23-08-00-00", "latency": "49"}, {"date": "2023-02-23-08-00-00", "latency": "49"}, {"date": "2023-02-23-08-00-00", "latency": "49"}, {"date": "2023-02-23-08-00-00", "latency": "49"}, {"date": "2023-02-23-08-00-00", "latency": "49"}, {"date": "2023-02-23-08-00-00", "latency": "49"}, {"date": "2023-02-23-08-00-00", "latency": "49"}, {"date": "2023-02-23-08-00-00", "latency": "49"}, {"date": "2023-02-23-08-00-00", "latency": "49"}, {"date": "2023-02-23-08-00-00", "latency": "49"}, {"date": "2023-02-23-08-00-00", "latency": "49"}, {"date": "2023-02-23-08-00-00", "latency": "49"}, {"date": "2023-02-23-08-00-00", "latency": "49"}, {"date": "2023-02-23-08-00-00", "latency": "49"}, {"date": "2023-02-23-08-00-00", "latency": "49"}, {"date": "2023-02-23-08-00-00", "latency": "49"}, {"date": "2023-02-23-08-00-00", "latency": "49"}, {"date": "2023-02-23-08-00-00", "latency": "49"}, {"date": "2023-02-23-08-00-00", "latency": "49"}, {"date": "2023-02-23-08-00-00", "latency": "49"}, {"date": "2023-02-23-08-00-00", "latency": "49"}, {"date": "2023-02-23-08-00-00", "latency": "49"}]}, {"location": {"country_code": "us", "region": "South Carolina", "city": "Sumter"}, "game_id": "273486", "values": [{"date": "2023-02-23-03-00-00", "latency": "101"}, {"date": "2023-02-23-03-00-00", "latency": "101"}, {"date": "2023-02-23-03-00-00", "latency": "101"}, {"date": "2023-02-23-03-00-00", "latency": "101"}, {"date": "2023-02-23-03-00-00", "latency": "101"}]}, {"location": {"country_code": "gb", "region": "England"}, "game_id": "273486", "values": [{"date": "2023-02-24-01-00-00", "latency": "134"}, {"date": "2023-02-24-01-00-00", "latency": "134"}, {"date": "2023-02-24-01-00-00", "latency": "134"}, {"date": "2023-02-24-01-00-00", "latency": "134"}, {"date": "2023-02-24-01-00-00", "latency": "134"}, {"date": "2023-02-24-01-00-00", "latency": "134"}, {"date": "2023-02-24-01-00-00", "latency": "134"}, {"date": "2023-02-24-01-00-00", "latency": "134"}, {"date": "2023-02-24-01-00-00", "latency": "134"}, {"date": "2023-02-24-01-00-00", "latency": "134"}]}, {"location": {"country_code": "gb", "region": "Scotland"}, "game_id": "273486", "values": [{"date": "2023-02-23-22-00-00", "latency": "58"}, {"date": "2023-02-23-22-00-00", "latency": "58"}, {"date": "2023-02-23-22-00-00", "latency": "58"}, {"date": "2023-02-23-22-00-00", "latency": "58"}, {"date": "2023-02-23-22-00-00", "latency": "58"}, {"date": "2023-02-23-22-00-00", "latency": "58"}, {"date": "2023-02-23-22-00-00", "latency": "58"}, {"date": "2023-02-23-22-00-00", "latency": "58"}, {"date": "2023-02-23-22-00-00", "latency": "58"}, {"date": "2023-02-23-22-00-00", "latency": "58"}, {"date": "2023-02-23-22-00-00", "latency": "58"}, {"date": "2023-02-23-22-00-00", "latency": "58"}, {"date": "2023-02-23-22-00-00", "latency": "58"}, {"date": "2023-02-23-22-00-00", "latency": "58"}, {"date": "2023-02-23-22-00-00", "latency": "58"}, {"date": "2023-02-23-22-00-00", "latency": "58"}]}, {"location": {"country_code": "us", "region": "Texas"}, "game_id": "273486", "values": [{"date": "2023-02-23-04-00-00", "latency": "0"}, {"date": "2023-02-23-04-00-00", "latency": "0"}, {"date": "2023-02-23-04-00-00", "latency": "0"}]}, {"location": {"country_code": "us", "region": "Florida"}, "game_id": "273486", "values": [{"date": "2023-02-24-01-00-00", "latency": "35"}, {"date": "2023-02-24-01-00-00", "latency": "35"}, {"date": "2023-02-24-01-00-00", "latency": "35"}, {"date": "2023-02-24-01-00-00", "latency": "35"}, {"date": "2023-02-24-01-00-00", "latency": "35"}]}, {"location": {"country_code": "fr"}, "game_id": "273486", "values": [{"date": "2023-02-23-22-00-00", "latency": "117"}]}, {"location": {"country_code": "us", "region": "New Jersey"}, "game_id": "273486", "values": [{"date": "2023-02-23-04-00-00", "latency": "3"}, {"date": "2023-02-23-04-00-00", "latency": "3"}, {"date": "2023-02-23-04-00-00", "latency": "3"}, {"date": "2023-02-23-04-00-00", "latency": "3"}, {"date": "2023-02-23-04-00-00", "latency": "3"}, {"date": "2023-02-23-04-00-00", "latency": "3"}, {"date": "2023-02-23-04-00-00", "latency": "3"}, {"date": "2023-02-23-04-00-00", "latency": "3"}, {"date": "2023-02-23-04-00-00", "latency": "3"}, {"date": "2023-02-23-04-00-00", "latency": "3"}, {"date": "2023-02-23-04-00-00", "latency": "3"}, {"date": "2023-02-23-04-00-00", "latency": "3"}, {"date": "2023-02-23-04-00-00", "latency": "3"}, {"date": "2023-02-23-04-00-00", "latency": "3"}]}, {"location": {"country_code": "us", "region": "Ohio"}, "game_id": "273486", "values": [{"date": "2023-02-23-17-00-00", "latency": "43"}, {"date": "2023-02-23-17-00-00", "latency": "43"}, {"date": "2023-02-23-17-00-00", "latency": "43"}, {"date": "2023-02-23-17-00-00", "latency": "43"}, {"date": "2023-02-23-17-00-00", "latency": "43"}, {"date": "2023-02-23-17-00-00", "latency": "43"}, {"date": "2023-02-23-17-00-00", "latency": "43"}, {"date": "2023-02-23-17-00-00", "latency": "43"}, {"date": "2023-02-23-17-00-00", "latency": "43"}, {"date": "2023-02-23-17-00-00", "latency": "43"}, {"date": "2023-02-23-17-00-00", "latency": "43"}, {"date": "2023-02-23-17-00-00", "latency": "43"}, {"date": "2023-02-23-17-00-00", "latency": "43"}, {"date": "2023-02-23-17-00-00", "latency": "43"}, {"date": "2023-02-23-17-00-00", "latency": "43"}, {"date": "2023-02-23-17-00-00", "latency": "43"}, {"date": "2023-02-23-17-00-00", "latency": "43"}, {"date": "2023-02-23-17-00-00", "latency": "43"}, {"date": "2023-02-23-17-00-00", "latency": "43"}, {"date": "2023-02-23-17-00-00", "latency": "43"}, {"date": "2023-02-23-17-00-00", "latency": "43"}, {"date": "2023-02-23-17-00-00", "latency": "43"}, {"date": "2023-02-23-17-00-00", "latency": "43"}, {"date": "2023-02-23-17-00-00", "latency": "43"}, {"date": "2023-02-23-17-00-00", "latency": "43"}, {"date": "2023-02-23-17-00-00", "latency": "43"}, {"date": "2023-02-23-17-00-00", "latency": "43"}, {"date": "2023-02-23-17-00-00", "latency": "43"}, {"date": "2023-02-23-17-00-00", "latency": "43"}, {"date": "2023-02-23-17-00-00", "latency": "43"}, {"date": "2023-02-23-17-00-00", "latency": "43"}, {"date": "2023-02-23-17-00-00", "latency": "43"}]}, {"location": {"country_code": "mx", "region": "Mexico City"}, "game_id": "273486", "values": [{"date": "2023-02-24-01-00-00", "latency": "50"}, {"date": "2023-02-24-01-00-00", "latency": "50"}, {"date": "2023-02-24-01-00-00", "latency": "50"}, {"date": "2023-02-24-01-00-00", "latency": "50"}, {"date": "2023-02-24-01-00-00", "latency": "50"}, {"date": "2023-02-24-01-00-00", "latency": "50"}, {"date": "2023-02-24-01-00-00", "latency": "50"}, {"date": "2023-02-24-01-00-00", "latency": "50"}, {"date": "2023-02-24-01-00-00", "latency": "50"}, {"date": "2023-02-24-01-00-00", "latency": "50"}, {"date": "2023-02-24-01-00-00", "latency": "50"}, {"date": "2023-02-24-01-00-00", "latency": "50"}, {"date": "2023-02-24-01-00-00", "latency": "50"}, {"date": "2023-02-24-01-00-00", "latency": "50"}, {"date": "2023-02-24-01-00-00", "latency": "50"}, {"date": "2023-02-24-01-00-00", "latency": "50"}, {"date": "2023-02-24-01-00-00", "latency": "50"}, {"date": "2023-02-24-01-00-00", "latency": "50"}]}, {"location": {"country_code": "us", "region": "California"}, "game_id": "273486", "values": [{"date": "2023-02-23-08-00-00", "latency": "19"}, {"date": "2023-02-23-08-00-00", "latency": "19"}, {"date": "2023-02-23-08-00-00", "latency": "19"}, {"date": "2023-02-23-08-00-00", "latency": "19"}]}, {"location": {"country_code": "br"}, "game_id": "273486", "values": [{"date": "2023-02-23-23-00-00", "latency": "31"}, {"date": "2023-02-23-23-00-00", "latency": "31"}, {"date": "2023-02-23-23-00-00", "latency": "31"}, {"date": "2023-02-23-23-00-00", "latency": "31"}, {"date": "2023-02-23-23-00-00", "latency": "31"}, {"date": "2023-02-23-23-00-00", "latency": "31"}, {"date": "2023-02-23-23-00-00", "latency": "31"}, {"date": "2023-02-23-23-00-00", "latency": "31"}, {"date": "2023-02-23-23-00-00", "latency": "31"}, {"date": "2023-02-23-23-00-00", "latency": "31"}, {"date": "2023-02-23-23-00-00", "latency": "31"}, {"date": "2023-02-23-23-00-00", "latency": "31"}, {"date": "2023-02-23-23-00-00", "latency": "31"}, {"date": "2023-02-23-23-00-00", "latency": "31"}, {"date": "2023-02-23-23-00-00", "latency": "31"}, {"date": "2023-02-23-23-00-00", "latency": "31"}]}, {"location": {"country_code": "se"}, "game_id": "273486", "values": [{"date": "2023-02-23-16-00-00", "latency": "47"}, {"date": "2023-02-23-16-00-00", "latency": "47"}, {"date": "2023-02-23-16-00-00", "latency": "47"}, {"date": "2023-02-23-16-00-00", "latency": "47"}, {"date": "2023-02-23-16-00-00", "latency": "47"}, {"date": "2023-02-23-16-00-00", "latency": "47"}, {"date": "2023-02-23-16-00-00", "latency": "47"}, {"date": "2023-02-23-16-00-00", "latency": "47"}, {"date": "2023-02-23-16-00-00", "latency": "47"}, {"date": "2023-02-23-16-00-00", "latency": "47"}, {"date": "2023-02-23-16-00-00", "latency": "47"}, {"date": "2023-02-23-16-00-00", "latency": "47"}]}, {"location": {"country_code": "no"}, "game_id": "273486", "values": [{"date": "2023-02-23-12-00-00", "latency": "58"}, {"date": "2023-02-23-12-00-00", "latency": "58"}, {"date": "2023-02-23-12-00-00", "latency": "58"}, {"date": "2023-02-23-12-00-00", "latency": "58"}, {"date": "2023-02-23-12-00-00", "latency": "58"}, {"date": "2023-02-23-12-00-00", "latency": "58"}, {"date": "2023-02-23-12-00-00", "latency": "58"}, {"date": "2023-02-23-12-00-00", "latency": "58"}, {"date": "2023-02-23-12-00-00", "latency": "58"}, {"date": "2023-02-23-12-00-00", "latency": "58"}, {"date": "2023-02-23-12-00-00", "latency": "58"}]}, {"location": {"country_code": "us", "region": "California", "city": "East Los Angeles"}, "game_id": "273486", "values": [{"date": "2023-02-24-01-00-00", "latency": "35"}, {"date": "2023-02-24-01-00-00", "latency": "35"}, {"date": "2023-02-24-01-00-00", "latency": "35"}, {"date": "2023-02-24-01-00-00", "latency": "35"}, {"date": "2023-02-24-01-00-00", "latency": "35"}, {"date": "2023-02-24-01-00-00", "latency": "35"}]}, {"location": {"country_code": "au"}, "game_id": "273486", "values": [{"date": "2023-02-23-14-00-00", "latency": "25"}, {"date": "2023-02-23-14-00-00", "latency": "25"}, {"date": "2023-02-23-14-00-00", "latency": "25"}, {"date": "2023-02-23-14-00-00", "latency": "25"}, {"date": "2023-02-23-14-00-00", "latency": "25"}, {"date": "2023-02-23-14-00-00", "latency": "25"}, {"date": "2023-02-23-14-00-00", "latency": "25"}, {"date": "2023-02-23-14-00-00", "latency": "25"}, {"date": "2023-02-23-14-00-00", "latency": "25"}, {"date": "2023-02-23-14-00-00", "latency": "25"}, {"date": "2023-02-23-14-00-00", "latency": "25"}, {"date": "2023-02-23-14-00-00", "latency": "25"}, {"date": "2023-02-23-14-00-00", "latency": "25"}, {"date": "2023-02-23-14-00-00", "latency": "25"}, {"date": "2023-02-23-14-00-00", "latency": "25"}, {"date": "2023-02-23-14-00-00", "latency": "25"}, {"date": "2023-02-23-14-00-00", "latency": "25"}]}, {"location": {"country_code": "us", "region": "Iowa"}, "game_id": "273486", "values": [{"date": "2023-02-23-04-00-00", "latency": "33"}, {"date": "2023-02-23-04-00-00", "latency": "33"}, {"date": "2023-02-23-04-00-00", "latency": "33"}, {"date": "2023-02-23-04-00-00", "latency": "33"}, {"date": "2023-02-23-04-00-00", "latency": "33"}, {"date": "2023-02-23-04-00-00", "latency": "33"}, {"date": "2023-02-23-04-00-00", "latency": "33"}, {"date": "2023-02-23-04-00-00", "latency": "33"}, {"date": "2023-02-23-04-00-00", "latency": "33"}, {"date": "2023-02-23-04-00-00", "latency": "33"}, {"date": "2023-02-23-04-00-00", "latency": "33"}, {"date": "2023-02-23-04-00-00", "latency": "33"}, {"date": "2023-02-23-04-00-00", "latency": "33"}, {"date": "2023-02-23-04-00-00", "latency": "33"}, {"date": "2023-02-23-04-00-00", "latency": "33"}, {"date": "2023-02-23-04-00-00", "latency": "33"}, {"date": "2023-02-23-04-00-00", "latency": "33"}]}, {"location": {"country_code": "sa"}, "game_id": "273486", "values": [{"date": "2023-02-23-22-00-00", "latency": "31"}, {"date": "2023-02-23-22-00-00", "latency": "31"}, {"date": "2023-02-23-22-00-00", "latency": "31"}, {"date": "2023-02-23-22-00-00", "latency": "31"}, {"date": "2023-02-23-22-00-00", "latency": "31"}, {"date": "2023-02-23-22-00-00", "latency": "31"}, {"date": "2023-02-23-22-00-00", "latency": "31"}, {"date": "2023-02-23-22-00-00", "latency": "31"}, {"date": "2023-02-23-22-00-00", "latency": "31"}, {"date": "2023-02-23-22-00-00", "latency": "31"}, {"date": "2023-02-23-22-00-00", "latency": "31"}, {"date": "2023-02-23-22-00-00", "latency": "31"}, {"date": "2023-02-23-22-00-00", "latency": "31"}, {"date": "2023-02-23-22-00-00", "latency": "31"}, {"date": "2023-02-23-22-00-00", "latency": "31"}, {"date": "2023-02-23-22-00-00", "latency": "31"}, {"date": "2023-02-23-22-00-00", "latency": "31"}, {"date": "2023-02-23-22-00-00", "latency": "31"}, {"date": "2023-02-23-22-00-00", "latency": "31"}]}, {"location": {"country_code": "us", "region": "Ohio", "city": "Cleveland"}, "game_id": "273486", "values": [{"date": "2023-02-23-03-00-00", "latency": "49"}, {"date": "2023-02-23-03-00-00", "latency": "49"}]}, {"location": {"country_code": "us", "region": "Texas", "city": "Houston"}, "game_id": "273486", "values": [{"date": "2023-02-24-01-00-00", "latency": "35"}, {"date": "2023-02-24-01-00-00", "latency": "35"}, {"date": "2023-02-24-01-00-00", "latency": "35"}, {"date": "2023-02-24-01-00-00", "latency": "35"}, {"date": "2023-02-24-01-00-00", "latency": "35"}, {"date": "2023-02-24-01-00-00", "latency": "35"}, {"date": "2023-02-24-01-00-00", "latency": "35"}, {"date": "2023-02-24-01-00-00", "latency": "35"}, {"date": "2023-02-24-01-00-00", "latency": "35"}, {"date": "2023-02-24-01-00-00", "latency": "35"}, {"date": "2023-02-24-01-00-00", "latency": "35"}, {"date": "2023-02-24-01-00-00", "latency": "35"}, {"date": "2023-02-24-01-00-00", "latency": "35"}, {"date": "2023-02-24-01-00-00", "latency": "35"}, {"date": "2023-02-24-01-00-00", "latency": "35"}, {"date": "2023-02-24-01-00-00", "latency": "35"}, {"date": "2023-02-24-01-00-00", "latency": "35"}, {"date": "2023-02-24-01-00-00", "latency": "35"}, {"date": "2023-02-24-01-00-00", "latency": "35"}]}, {"location": {"country_code": "us", "region": "Michigan"}, "game_id": "273486", "values": [{"date": "2023-02-23-22-00-00", "latency": "48"}, {"date": "2023-02-23-22-00-00", "latency": "48"}, {"date": "2023-02-23-22-00-00", "latency": "48"}, {"date": "2023-02-23-22-00-00", "latency": "48"}, {"date": "2023-02-23-22-00-00", "latency": "48"}, {"date": "2023-02-23-22-00-00", "latency": "48"}, {"date": "2023-02-23-22-00-00", "latency": "48"}, {"date": "2023-02-23-22-00-00", "latency": "48"}, {"date": "2023-02-23-22-00-00", "latency": "48"}, {"date": "2023-02-23-22-00-00", "latency": "48"}, {"date": "2023-02-23-22-00-00", "latency": "48"}, {"date": "2023-02-23-22-00-00", "latency": "48"}, {"date": "2023-02-23-22-00-00", "latency": "48"}, {"date": "2023-02-23-22-00-00", "latency": "48"}, {"date": "2023-02-23-22-00-00", "latency": "48"}, {"date": "2023-02-23-22-00-00", "latency": "48"}, {"date": "2023-02-23-22-00-00", "latency": "48"}, {"date": "2023-02-23-22-00-00", "latency": "48"}, {"date": "2023-02-23-22-00-00", "latency": "48"}, {"date": "2023-02-23-22-00-00", "latency": "48"}, {"date": "2023-02-23-22-00-00", "latency": "48"}, {"date": "2023-02-23-22-00-00", "latency": "48"}, {"date": "2023-02-23-22-00-00", "latency": "48"}]}, {"location": {"country_code": "ca", "region": "Ontario", "city": "Toronto"}, "game_id": "273486", "values": [{"date": "2023-02-24-01-00-00", "latency": "103"}, {"date": "2023-02-24-01-00-00", "latency": "103"}, {"date": "2023-02-24-01-00-00", "latency": "103"}, {"date": "2023-02-24-01-00-00", "latency": "103"}, {"date": "2023-02-24-01-00-00", "latency": "103"}, {"date": "2023-02-24-01-00-00", "latency": "103"}, {"date": "2023-02-24-01-00-00", "latency": "103"}, {"date": "2023-02-24-01-00-00", "latency": "103"}, {"date": "2023-02-24-01-00-00", "latency": "103"}, {"date": "2023-02-24-01-00-00", "latency": "103"}]}, {"location": {"country_code": "cy"}, "game_id": "273486", "values": [{"date": "2023-02-23-18-00-00", "latency": "62"}, {"date": "2023-02-23-18-00-00", "latency": "62"}, {"date": "2023-02-23-18-00-00", "latency": "62"}]}, {"location": {"country_code": "us", "region": "Massachusetts", "city": "Boston"}, "game_id": "273486", "values": [{"date": "2023-02-23-19-00-00", "latency": "43"}, {"date": "2023-02-23-19-00-00", "latency": "43"}, {"date": "2023-02-23-19-00-00", "latency": "43"}, {"date": "2023-02-23-19-00-00", "latency": "43"}, {"date": "2023-02-23-19-00-00", "latency": "43"}, {"date": "2023-02-23-19-00-00", "latency": "43"}, {"date": "2023-02-23-19-00-00", "latency": "43"}, {"date": "2023-02-23-19-00-00", "latency": "43"}, {"date": "2023-02-23-19-00-00", "latency": "43"}, {"date": "2023-02-23-19-00-00", "latency": "43"}, {"date": "2023-02-23-19-00-00", "latency": "43"}, {"date": "2023-02-23-19-00-00", "latency": "43"}, {"date": "2023-02-23-19-00-00", "latency": "43"}, {"date": "2023-02-23-19-00-00", "latency": "43"}, {"date": "2023-02-23-19-00-00", "latency": "43"}, {"date": "2023-02-23-19-00-00", "latency": "43"}, {"date": "2023-02-23-19-00-00", "latency": "43"}, {"date": "2023-02-23-19-00-00", "latency": "43"}, {"date": "2023-02-23-19-00-00", "latency": "43"}, {"date": "2023-02-23-19-00-00", "latency": "43"}, {"date": "2023-02-23-19-00-00", "latency": "43"}, {"date": "2023-02-23-19-00-00", "latency": "43"}, {"date": "2023-02-23-19-00-00", "latency": "43"}, {"date": "2023-02-23-19-00-00", "latency": "43"}, {"date": "2023-02-23-19-00-00", "latency": "43"}, {"date": "2023-02-23-19-00-00", "latency": "43"}, {"date": "2023-02-23-19-00-00", "latency": "43"}, {"date": "2023-02-23-19-00-00", "latency": "43"}, {"date": "2023-02-23-19-00-00", "latency": "43"}, {"date": "2023-02-23-19-00-00", "latency": "43"}, {"date": "2023-02-23-19-00-00", "latency": "43"}, {"date": "2023-02-23-19-00-00", "latency": "43"}, {"date": "2023-02-23-19-00-00", "latency": "43"}, {"date": "2023-02-23-19-00-00", "latency": "43"}, {"date": "2023-02-23-19-00-00", "latency": "43"}, {"date": "2023-02-23-19-00-00", "latency": "43"}, {"date": "2023-02-23-19-00-00", "latency": "43"}, {"date": "2023-02-23-19-00-00", "latency": "43"}, {"date": "2023-02-23-19-00-00", "latency": "43"}, {"date": "2023-02-23-19-00-00", "latency": "43"}, {"date": "2023-02-23-19-00-00", "latency": "43"}, {"date": "2023-02-23-19-00-00", "latency": "43"}, {"date": "2023-02-23-19-00-00", "latency": "43"}, {"date": "2023-02-23-19-00-00", "latency": "43"}, {"date": "2023-02-23-19-00-00", "latency": "43"}, {"date": "2023-02-23-19-00-00", "latency": "43"}, {"date": "2023-02-23-19-00-00", "latency": "43"}, {"date": "2023-02-23-19-00-00", "latency": "43"}, {"date": "2023-02-23-19-00-00", "latency": "43"}]}, {"location": {"country_code": "kw"}, "game_id": "273486", "values": [{"date": "2023-02-23-04-00-00", "latency": "137"}, {"date": "2023-02-23-04-00-00", "latency": "137"}, {"date": "2023-02-23-04-00-00", "latency": "137"}, {"date": "2023-02-23-04-00-00", "latency": "137"}, {"date": "2023-02-23-04-00-00", "latency": "137"}, {"date": "2023-02-23-04-00-00", "latency": "137"}, {"date": "2023-02-23-04-00-00", "latency": "137"}, {"date": "2023-02-23-04-00-00", "latency": "137"}, {"date": "2023-02-23-04-00-00", "latency": "137"}, {"date": "2023-02-23-04-00-00", "latency": "137"}, {"date": "2023-02-23-04-00-00", "latency": "137"}, {"date": "2023-02-23-04-00-00", "latency": "137"}, {"date": "2023-02-23-04-00-00", "latency": "137"}, {"date": "2023-02-23-04-00-00", "latency": "137"}, {"date": "2023-02-23-04-00-00", "latency": "137"}, {"date": "2023-02-23-04-00-00", "latency": "137"}, {"date": "2023-02-23-04-00-00", "latency": "137"}, {"date": "2023-02-23-04-00-00", "latency": "137"}, {"date": "2023-02-23-04-00-00", "latency": "137"}, {"date": "2023-02-23-04-00-00", "latency": "137"}, {"date": "2023-02-23-04-00-00", "latency": "137"}, {"date": "2023-02-23-04-00-00", "latency": "137"}, {"date": "2023-02-23-04-00-00", "latency": "137"}, {"date": "2023-02-23-04-00-00", "latency": "137"}, {"date": "2023-02-23-04-00-00", "latency": "137"}, {"date": "2023-02-23-04-00-00", "latency": "137"}, {"date": "2023-02-23-04-00-00", "latency": "137"}, {"date": "2023-02-23-04-00-00", "latency": "137"}, {"date": "2023-02-23-04-00-00", "latency": "137"}, {"date": "2023-02-23-04-00-00", "latency": "137"}, {"date": "2023-02-23-04-00-00", "latency": "137"}, {"date": "2023-02-23-04-00-00", "latency": "137"}, {"date": "2023-02-23-04-00-00", "latency": "137"}, {"date": "2023-02-23-04-00-00", "latency": "137"}, {"date": "2023-02-23-04-00-00", "latency": "137"}, {"date": "2023-02-23-04-00-00", "latency": "137"}, {"date": "2023-02-23-04-00-00", "latency": "137"}]}, {"location": {"country_code": "us", "region": "Louisiana"}, "game_id": "273486", "values": [{"date": "2023-02-23-03-00-00", "latency": "41"}, {"date": "2023-02-23-03-00-00", "latency": "41"}, {"date": "2023-02-23-03-00-00", "latency": "41"}, {"date": "2023-02-23-03-00-00", "latency": "41"}, {"date": "2023-02-23-03-00-00", "latency": "41"}, {"date": "2023-02-23-03-00-00", "latency": "41"}, {"date": "2023-02-23-03-00-00", "latency": "41"}, {"date": "2023-02-23-03-00-00", "latency": "41"}, {"date": "2023-02-23-03-00-00", "latency": "41"}, {"date": "2023-02-23-03-00-00", "latency": "41"}, {"date": "2023-02-23-03-00-00", "latency": "41"}, {"date": "2023-02-23-03-00-00", "latency": "41"}, {"date": "2023-02-23-03-00-00", "latency": "41"}, {"date": "2023-02-23-03-00-00", "latency": "41"}, {"date": "2023-02-23-03-00-00", "latency": "41"}, {"date": "2023-02-23-03-00-00", "latency": "41"}]}, {"location": {"country_code": "us", "region": "Arkansas"}, "game_id": "273486", "values": [{"date": "2023-02-23-07-00-00", "latency": "54"}, {"date": "2023-02-23-07-00-00", "latency": "54"}]}, {"location": {"country_code": "sa", "region": "Riyadh Region", "city": "Wadi Ad Dawasir"}, "game_id": "273486", "values": [{"date": "2023-02-23-03-00-00", "latency": "4"}, {"date": "2023-02-23-03-00-00", "latency": "4"}, {"date": "2023-02-23-03-00-00", "latency": "4"}, {"date": "2023-02-23-03-00-00", "latency": "4"}, {"date": "2023-02-23-03-00-00", "latency": "4"}, {"date": "2023-02-23-03-00-00", "latency": "4"}, {"date": "2023-02-23-03-00-00", "latency": "4"}, {"date": "2023-02-23-03-00-00", "latency": "4"}, {"date": "2023-02-23-03-00-00", "latency": "4"}, {"date": "2023-02-23-03-00-00", "latency": "4"}, {"date": "2023-02-23-03-00-00", "latency": "4"}, {"date": "2023-02-23-03-00-00", "latency": "4"}, {"date": "2023-02-23-03-00-00", "latency": "4"}, {"date": "2023-02-23-03-00-00", "latency": "4"}, {"date": "2023-02-23-03-00-00", "latency": "4"}, {"date": "2023-02-23-03-00-00", "latency": "4"}]}, {"location": {"country_code": "bb"}, "game_id": "273486", "values": [{"date": "2023-02-24-01-00-00", "latency": "4"}, {"date": "2023-02-24-01-00-00", "latency": "4"}]}, {"location": {"country_code": "se", "region": "Vastra Gotaland County"}, "game_id": "273486", "values": [{"date": "2023-02-23-21-00-00", "latency": "31"}, {"date": "2023-02-23-21-00-00", "latency": "31"}, {"date": "2023-02-23-21-00-00", "latency": "31"}, {"date": "2023-02-23-21-00-00", "latency": "31"}, {"date": "2023-02-23-21-00-00", "latency": "31"}]}, {"location": {"country_code": "to"}, "game_id": "273486", "values": [{"date": "2023-02-23-06-00-00", "latency": "35"}, {"date": "2023-02-23-06-00-00", "latency": "35"}, {"date": "2023-02-23-06-00-00", "latency": "35"}, {"date": "2023-02-23-06-00-00", "latency": "35"}, {"date": "2023-02-23-06-00-00", "latency": "35"}, {"date": "2023-02-23-06-00-00", "latency": "35"}, {"date": "2023-02-23-06-00-00", "latency": "35"}, {"date": "2023-02-23-06-00-00", "latency": "35"}, {"date": "2023-02-23-06-00-00", "latency": "35"}, {"date": "2023-02-23-06-00-00", "latency": "35"}, {"date": "2023-02-23-06-00-00", "latency": "35"}, {"date": "2023-02-23-06-00-00", "latency": "35"}]}, {"location": {"country_code": "us", "region": "Texas", "city": "Atascocita"}, "game_id": "273486", "values": [{"date": "2023-02-23-09-00-00", "latency": "54"}, {"date": "2023-02-23-09-00-00", "latency": "54"}, {"date": "2023-02-23-09-00-00", "latency": "54"}, {"date": "2023-02-23-09-00-00", "latency": "54"}, {"date": "2023-02-23-09-00-00", "latency": "54"}, {"date": "2023-02-23-09-00-00", "latency": "54"}, {"date": "2023-02-23-09-00-00", "latency": "54"}, {"date": "2023-02-23-09-00-00", "latency": "54"}, {"date": "2023-02-23-09-00-00", "latency": "54"}, {"date": "2023-02-23-09-00-00", "latency": "54"}, {"date": "2023-02-23-09-00-00", "latency": "54"}, {"date": "2023-02-23-09-00-00", "latency": "54"}, {"date": "2023-02-23-09-00-00", "latency": "54"}, {"date": "2023-02-23-09-00-00", "latency": "54"}, {"date": "2023-02-23-09-00-00", "latency": "54"}, {"date": "2023-02-23-09-00-00", "latency": "54"}, {"date": "2023-02-23-09-00-00", "latency": "54"}, {"date": "2023-02-23-09-00-00", "latency": "54"}, {"date": "2023-02-23-09-00-00", "latency": "54"}, {"date": "2023-02-23-09-00-00", "latency": "54"}, {"date": "2023-02-23-09-00-00", "latency": "54"}, {"date": "2023-02-23-09-00-00", "latency": "54"}, {"date": "2023-02-23-09-00-00", "latency": "54"}, {"date": "2023-02-23-09-00-00", "latency": "54"}]}], "last_updated": 1719915091.186722}