{"data": [{"location": {"country_code": "us"}, "game_id": "118849", "values": [{"date": "2021-07-31-00-00-00", "latency": 77}, {"date": "2021-07-31-00-00-00", "latency": 77}, {"date": "2021-07-31-00-00-00", "latency": 77}, {"date": "2021-07-31-00-00-00", "latency": 77}, {"date": "2021-07-31-00-00-00", "latency": 77}, {"date": "2021-07-31-00-00-00", "latency": 77}, {"date": "2021-07-31-00-00-00", "latency": 77}, {"date": "2021-07-31-00-00-00", "latency": 77}, {"date": "2021-07-31-00-00-00", "latency": 77}, {"date": "2021-07-31-00-00-00", "latency": 77}]}, {"location": {"country_code": "de", "region": "Berlin", "city": "Berlin"}, "game_id": "118849", "values": [{"date": "2021-07-30-20-00-00", "latency": 159}, {"date": "2021-07-30-20-00-00", "latency": 159}]}, {"location": {"country_code": "ph", "region": "CALABARZON", "city": "Cavite"}, "game_id": "118849", "values": [{"date": "2021-07-30-07-00-00", "latency": 229}, {"date": "2021-07-30-07-00-00", "latency": 229}]}, {"location": {"country_code": "us", "region": "Ohio"}, "game_id": "118849", "values": [{"date": "2021-07-30-09-00-00", "latency": 119}, {"date": "2021-07-30-09-00-00", "latency": 119}]}, {"location": {"country_code": "se"}, "game_id": "118849", "values": [{"date": "2021-07-30-19-00-00", "latency": 163}, {"date": "2021-07-30-19-00-00", "latency": 163}, {"date": "2021-07-30-19-00-00", "latency": 163}, {"date": "2021-07-30-19-00-00", "latency": 163}, {"date": "2021-07-30-19-00-00", "latency": 163}, {"date": "2021-07-30-19-00-00", "latency": 163}, {"date": "2021-07-30-19-00-00", "latency": 80}, {"date": "2021-07-30-19-00-00", "latency": 80}, {"date": "2021-07-30-19-00-00", "latency": 80}, {"date": "2021-07-30-19-00-00", "latency": 80}, {"date": "2021-07-30-19-00-00", "latency": 80}, {"date": "2021-07-30-19-00-00", "latency": 80}]}, {"location": {"country_code": "us", "region": "California", "city": "East Los Angeles"}, "game_id": "118849", "values": [{"date": "2021-07-30-21-00-00", "latency": 75}]}, {"location": {"country_code": "au", "region": "South Australia", "city": "Adelaide"}, "game_id": "118849", "values": [{"date": "2021-07-30-21-00-00", "latency": 93}]}, {"location": {"country_code": "sg"}, "game_id": "118849", "values": [{"date": "2021-07-30-21-00-00", "latency": 57}, {"date": "2021-07-30-21-00-00", "latency": 57}, {"date": "2021-07-30-21-00-00", "latency": 57}, {"date": "2021-07-30-21-00-00", "latency": 57}, {"date": "2021-07-30-21-00-00", "latency": 57}]}, {"location": {"country_code": "tr", "region": "Marmara Bolgesi", "city": "Istanbul"}, "game_id": "118849", "values": [{"date": "2021-07-30-18-00-00", "latency": 48}, {"date": "2021-07-30-18-00-00", "latency": 48}, {"date": "2021-07-30-18-00-00", "latency": 48}, {"date": "2021-07-30-18-00-00", "latency": 48}, {"date": "2021-07-30-18-00-00", "latency": 48}, {"date": "2021-07-30-18-00-00", "latency": 48}, {"date": "2021-07-30-18-00-00", "latency": 48}, {"date": "2021-07-30-18-00-00", "latency": 48}, {"date": "2021-07-30-18-00-00", "latency": 48}, {"date": "2021-07-30-18-00-00", "latency": 48}]}, {"location": {"country_code": "ca", "region": "Ontario", "city": "Toronto"}, "game_id": "118849", "values": [{"date": "2021-07-31-01-00-00", "latency": 79}, {"date": "2021-07-31-01-00-00", "latency": 79}]}, {"location": {"country_code": "hr"}, "game_id": "118849", "values": [{"date": "2021-07-30-22-00-00", "latency": 51}, {"date": "2021-07-30-22-00-00", "latency": 51}]}, {"location": {"country_code": "fr", "region": "Alvernia-Rodano-Alpi", "city": "Grenoble"}, "game_id": "118849", "values": [{"date": "2021-07-30-19-00-00", "latency": 981}, {"date": "2021-07-30-19-00-00", "latency": 981}]}, {"location": {"country_code": "ad"}, "game_id": "118849", "values": [{"date": "2021-07-30-10-00-00", "latency": 48}]}, {"location": {"country_code": "de", "region": "Free State of Thuringia"}, "game_id": "118849", "values": [{"date": "2021-07-31-01-00-00", "latency": 56}, {"date": "2021-07-31-01-00-00", "latency": 56}]}, {"location": {"country_code": "gr", "region": "Samothrace", "city": "Thessaloniki"}, "game_id": "118849", "values": [{"date": "2021-07-30-13-00-00", "latency": 85}]}, {"location": {"country_code": "us", "region": "Texas", "city": "Mabank"}, "game_id": "118849", "values": [{"date": "2021-07-31-00-00-00", "latency": 99}, {"date": "2021-07-31-00-00-00", "latency": 99}, {"date": "2021-07-31-00-00-00", "latency": 99}]}, {"location": {"country_code": "br", "region": "Sao Paulo", "city": "Taubate"}, "game_id": "118849", "values": [{"date": "2021-07-30-21-00-00", "latency": 87}]}, {"location": {"country_code": "ph", "region": "Cordillera"}, "game_id": "118849", "values": [{"date": "2021-07-30-18-00-00", "latency": 63}]}, {"location": {"country_code": "br", "region": "Paraiba", "city": "Catole do Rocha"}, "game_id": "118849", "values": [{"date": "2021-07-30-02-00-00", "latency": 98}, {"date": "2021-07-30-02-00-00", "latency": 98}]}, {"location": {"country_code": "cz", "region": "Pardubicky kraj", "city": "Svitavy"}, "game_id": "118849", "values": [{"date": "2021-07-31-01-00-00", "latency": 51}, {"date": "2021-07-31-01-00-00", "latency": 51}]}, {"location": {"country_code": "it", "region": "Veneto", "city": "Mogliano Veneto"}, "game_id": "118849", "values": [{"date": "2021-07-30-16-00-00", "latency": 47}, {"date": "2021-07-30-16-00-00", "latency": 47}, {"date": "2021-07-30-16-00-00", "latency": 47}, {"date": "2021-07-30-16-00-00", "latency": 47}, {"date": "2021-07-30-16-00-00", "latency": 47}, {"date": "2021-07-30-16-00-00", "latency": 47}, {"date": "2021-07-30-16-00-00", "latency": 47}, {"date": "2021-07-30-16-00-00", "latency": 47}, {"date": "2021-07-30-16-00-00", "latency": 47}, {"date": "2021-07-30-16-00-00", "latency": 47}, {"date": "2021-07-30-16-00-00", "latency": 47}, {"date": "2021-07-30-16-00-00", "latency": 47}, {"date": "2021-07-30-16-00-00", "latency": 47}, {"date": "2021-07-30-16-00-00", "latency": 47}, {"date": "2021-07-30-16-00-00", "latency": 47}]}], "last_updated": 1719927579.463107}