{"data": [{"location": {"country_code": "us"}, "game_id": "970338", "values": [{"date": "2023-08-10-01-00-00", "alternatives": ["80", "80", "130"]}, {"date": "2023-08-10-01-00-00", "alternatives": ["80", "80", "130"]}]}, {"location": {"country_code": "us", "region": "California"}, "game_id": "970338", "values": [{"date": "2023-08-09-09-00-00", "alternatives": [23, 2, 23, 23]}, {"date": "2023-08-09-22-00-00", "alternatives": ["95", "93", "93"]}]}, {"location": {"country_code": "gb"}, "game_id": "970338", "values": [{"date": "2023-08-09-12-00-00", "alternatives": ["20", "29", "29"]}, {"date": "2023-08-09-12-00-00", "alternatives": ["20", "29", "29"]}, {"date": "2023-08-09-12-00-00", "alternatives": ["20", "29", "29"]}, {"date": "2023-08-09-18-00-00", "alternatives": ["58", "38", "38"]}, {"date": "2023-08-09-18-00-00", "alternatives": ["58", "38", "38"]}, {"date": "2023-08-09-18-00-00", "alternatives": ["58", "38", "38"]}, {"date": "2023-08-09-18-00-00", "alternatives": ["58", "38", "38"]}, {"date": "2023-08-09-18-00-00", "alternatives": ["58", "38", "38"]}, {"date": "2023-08-09-18-00-00", "alternatives": ["58", "38", "38"]}, {"date": "2023-08-09-18-00-00", "alternatives": ["58", "38", "38"]}, {"date": "2023-08-09-18-00-00", "alternatives": ["58", "38", "38"]}]}, {"location": {"country_code": "jp"}, "game_id": "970338", "values": [{"date": "2023-08-09-18-00-00", "alternatives": ["296", "196", "196"]}]}, {"location": {"country_code": "ca"}, "game_id": "970338", "values": [{"date": "2023-08-09-08-00-00", "alternatives": [76, 7, 76, 76]}, {"date": "2023-08-09-08-00-00", "alternatives": [76, 7, 76, 76]}]}, {"location": {"country_code": "ca", "region": "Alberta"}, "game_id": "970338", "values": [{"date": "2023-08-09-03-00-00", "alternatives": ["34", "84", "84"]}]}, {"location": {"country_code": "de"}, "game_id": "970338", "values": [{"date": "2023-08-09-19-00-00", "alternatives": ["32", "32", "3"]}, {"date": "2023-08-09-18-00-00", "alternatives": ["43", "43", "45"]}]}, {"location": {"country_code": "fr"}, "game_id": "970338", "values": [{"date": "2023-08-10-02-00-00", "alternatives": ["82", "82", "87"]}, {"date": "2023-08-09-04-00-00", "alternatives": [106, 105, 106, 106]}, {"date": "2023-08-09-22-00-00", "alternatives": ["55", "33", "33"]}, {"date": "2023-08-09-02-00-00", "alternatives": ["105", "105", "108"]}, {"date": "2023-08-09-13-00-00", "alternatives": ["42", "42", "47"]}, {"date": "2023-08-09-13-00-00", "alternatives": ["42", "42", "47"]}, {"date": "2023-08-09-13-00-00", "alternatives": ["42", "42", "47"]}, {"date": "2023-08-09-18-00-00", "alternatives": ["25", "25", "2"]}, {"date": "2023-08-10-01-00-00", "alternatives": ["52", "32", "32"]}, {"date": "2023-08-10-01-00-00", "alternatives": ["52", "32", "32"]}, {"date": "2023-08-10-01-00-00", "alternatives": ["52", "32", "32"]}, {"date": "2023-08-10-01-00-00", "alternatives": ["52", "32", "32"]}, {"date": "2023-08-10-01-00-00", "alternatives": ["52", "32", "32"]}, {"date": "2023-08-10-01-00-00", "alternatives": ["52", "32", "32"]}, {"date": "2023-08-10-01-00-00", "alternatives": ["52", "32", "32"]}, {"date": "2023-08-10-01-00-00", "alternatives": ["52", "32", "32"]}, {"date": "2023-08-10-01-00-00", "alternatives": ["52", "32", "32"]}, {"date": "2023-08-10-01-00-00", "alternatives": ["52", "32", "32"]}, {"date": "2023-08-10-01-00-00", "alternatives": ["52", "32", "32"]}, {"date": "2023-08-10-01-00-00", "alternatives": ["52", "32", "32"]}]}, {"location": {"country_code": "br"}, "game_id": "970338", "values": [{"date": "2023-08-10-01-00-00", "alternatives": ["118", "112", "118"]}, {"date": "2023-08-10-01-00-00", "alternatives": ["118", "112", "118"]}, {"date": "2023-08-10-01-00-00", "alternatives": ["118", "112", "118"]}]}, {"location": {"country_code": "se"}, "game_id": "970338", "values": [{"date": "2023-08-09-09-00-00", "alternatives": ["23", "28", "28"]}, {"date": "2023-08-09-09-00-00", "alternatives": ["23", "28", "28"]}, {"date": "2023-08-09-09-00-00", "alternatives": ["23", "28", "28"]}]}, {"location": {"country_code": "au"}, "game_id": "970338", "values": [{"date": "2023-08-10-02-00-00", "alternatives": ["275", "275", "2"]}, {"date": "2023-08-10-02-00-00", "alternatives": ["275", "275", "2"]}]}, {"location": {"country_code": "td"}, "game_id": "970338", "values": [{"date": "2023-08-09-11-00-00", "alternatives": ["78", "78", "7"]}, {"date": "2023-08-09-11-00-00", "alternatives": ["78", "78", "7"]}]}, {"location": {"country_code": "ua"}, "game_id": "970338", "values": [{"date": "2023-08-09-13-00-00", "alternatives": ["46", "48", "46"]}, {"date": "2023-08-09-13-00-00", "alternatives": ["46", "48", "46"]}]}, {"location": {"country_code": "kz"}, "game_id": "970338", "values": [{"date": "2023-08-09-18-00-00", "alternatives": ["78", "78", "7"]}, {"date": "2023-08-09-18-00-00", "alternatives": ["78", "78", "7"]}, {"date": "2023-08-09-18-00-00", "alternatives": ["78", "78", "7"]}, {"date": "2023-08-09-18-00-00", "alternatives": ["78", "78", "7"]}, {"date": "2023-08-09-18-00-00", "alternatives": ["78", "78", "7"]}, {"date": "2023-08-09-18-00-00", "alternatives": ["78", "78", "7"]}, {"date": "2023-08-09-18-00-00", "alternatives": ["78", "78", "7"]}, {"date": "2023-08-09-18-00-00", "alternatives": ["78", "78", "7"]}, {"date": "2023-08-09-18-00-00", "alternatives": ["78", "78", "7"]}]}, {"location": {"country_code": "ru"}, "game_id": "970338", "values": [{"date": "2023-08-09-19-00-00", "alternatives": ["23", "23", "25"]}]}, {"location": {"country_code": "sk"}, "game_id": "970338", "values": [{"date": "2023-08-09-22-00-00", "alternatives": ["12", "61", "61"]}, {"date": "2023-08-09-22-00-00", "alternatives": ["12", "61", "61"]}, {"date": "2023-08-09-22-00-00", "alternatives": ["12", "61", "61"]}]}, {"location": {"country_code": "pt"}, "game_id": "970338", "values": [{"date": "2023-08-10-01-00-00", "alternatives": ["54", "54", "4"]}, {"date": "2023-08-10-01-00-00", "alternatives": ["54", "54", "4"]}]}, {"location": {"country_code": "us", "region": "Colorado"}, "game_id": "970338", "values": [{"date": "2023-08-09-07-00-00", "alternatives": ["65", "65", "6"]}, {"date": "2023-08-09-07-00-00", "alternatives": ["65", "65", "6"]}, {"date": "2023-08-09-08-00-00", "alternatives": ["65", "63", "63"]}]}, {"location": {"country_code": "br", "region": "State of Rio de Janeiro", "city": "Angra dos Reis"}, "game_id": "970338", "values": [{"date": "2023-08-09-16-00-00", "alternatives": ["156", "156", "1"]}, {"date": "2023-08-09-16-00-00", "alternatives": ["156", "156", "1"]}]}, {"location": {"country_code": "hr"}, "game_id": "970338", "values": [{"date": "2023-08-09-14-00-00", "alternatives": ["67", "67", "7"]}]}, {"location": {"country_code": "by"}, "game_id": "970338", "values": [{"date": "2023-08-09-09-00-00", "alternatives": ["59", "39", "39"]}, {"date": "2023-08-09-09-00-00", "alternatives": ["59", "39", "39"]}, {"date": "2023-08-09-09-00-00", "alternatives": ["59", "39", "39"]}, {"date": "2023-08-09-09-00-00", "alternatives": ["59", "39", "39"]}]}, {"location": {"country_code": "de", "region": "Lower Saxony"}, "game_id": "970338", "values": [{"date": "2023-08-09-15-00-00", "alternatives": [49, 49, 49]}, {"date": "2023-08-09-15-00-00", "alternatives": [49, 49, 49]}, {"date": "2023-08-09-15-00-00", "alternatives": [49, 49, 49]}, {"date": "2023-08-09-15-00-00", "alternatives": [49, 49, 49]}]}, {"location": {"country_code": "us", "region": "Connecticut"}, "game_id": "970338", "values": [{"date": "2023-08-10-02-00-00", "alternatives": ["51", "51", "1"]}]}, {"location": {"country_code": "us", "region": "Oregon"}, "game_id": "970338", "values": [{"date": "2023-08-09-05-00-00", "alternatives": ["96", "96", "86"]}]}, {"location": {"country_code": "dj"}, "game_id": "970338", "values": [{"date": "2023-08-09-21-00-00", "alternatives": ["53", "2", "2"]}]}, {"location": {"country_code": "ee"}, "game_id": "970338", "values": [{"date": "2023-08-09-18-00-00", "alternatives": ["41", "1", "41"]}]}, {"location": {"country_code": "fr", "region": "Normandy", "city": "Caen"}, "game_id": "970338", "values": [{"date": "2023-08-09-05-00-00", "alternatives": ["92", "92", "9"]}, {"date": "2023-08-09-05-00-00", "alternatives": ["92", "92", "9"]}, {"date": "2023-08-09-05-00-00", "alternatives": ["92", "92", "9"]}, {"date": "2023-08-09-05-00-00", "alternatives": ["92", "92", "9"]}, {"date": "2023-08-09-05-00-00", "alternatives": ["92", "92", "9"]}, {"date": "2023-08-09-05-00-00", "alternatives": ["92", "92", "9"]}, {"date": "2023-08-09-05-00-00", "alternatives": ["92", "92", "9"]}, {"date": "2023-08-09-05-00-00", "alternatives": ["92", "92", "9"]}]}, {"location": {"country_code": "il"}, "game_id": "970338", "values": [{"date": "2023-08-09-14-00-00", "alternatives": ["85", "8", "85"]}]}, {"location": {"country_code": "de", "region": "Baden-Wurttemberg", "city": "Tettnang"}, "game_id": "970338", "values": [{"date": "2023-08-09-23-00-00", "alternatives": [35, 33, 33, 33]}, {"date": "2023-08-09-23-00-00", "alternatives": [35, 33, 33, 33]}, {"date": "2023-08-09-23-00-00", "alternatives": [35, 33, 33, 33]}, {"date": "2023-08-09-23-00-00", "alternatives": [35, 33, 33, 33]}, {"date": "2023-08-09-23-00-00", "alternatives": [35, 33, 33, 33]}, {"date": "2023-08-09-23-00-00", "alternatives": [35, 33, 33, 33]}, {"date": "2023-08-09-23-00-00", "alternatives": [35, 33, 33, 33]}]}], "last_updated": 1719917564.173762}