{"data": [{"location": {"country_code": "us"}, "game_id": "116088", "values": [{"date": "2023-02-02-02-00-00", "latency": 126}, {"date": "2023-02-02-20-00-00", "latency": 69}, {"date": "2023-02-02-20-00-00", "latency": 69}, {"date": "2023-02-02-20-00-00", "latency": 69}, {"date": "2023-02-02-20-00-00", "latency": 69}, {"date": "2023-02-02-20-00-00", "latency": 46}, {"date": "2023-02-02-20-00-00", "latency": 46}, {"date": "2023-02-02-20-00-00", "latency": 46}, {"date": "2023-02-02-20-00-00", "latency": 46}, {"date": "2023-02-02-20-00-00", "latency": 46}, {"date": "2023-02-02-20-00-00", "latency": 46}, {"date": "2023-02-02-20-00-00", "latency": 46}, {"date": "2023-02-02-20-00-00", "latency": 46}]}, {"location": {"country_code": "gb"}, "game_id": "116088", "values": [{"date": "2023-02-02-15-00-00", "latency": 231}]}, {"location": {"country_code": "th"}, "game_id": "116088", "values": [{"date": "2023-02-02-18-00-00", "latency": 109}, {"date": "2023-02-02-18-00-00", "latency": 109}, {"date": "2023-02-02-18-00-00", "latency": 109}, {"date": "2023-02-02-18-00-00", "latency": 109}, {"date": "2023-02-02-18-00-00", "latency": 109}, {"date": "2023-02-02-18-00-00", "latency": 109}, {"date": "2023-02-02-18-00-00", "latency": 109}, {"date": "2023-02-02-18-00-00", "latency": 109}, {"date": "2023-02-02-18-00-00", "latency": 109}, {"date": "2023-02-02-18-00-00", "latency": 109}, {"date": "2023-02-02-18-00-00", "latency": 109}, {"date": "2023-02-02-18-00-00", "latency": 109}, {"date": "2023-02-02-18-00-00", "latency": 109}, {"date": "2023-02-02-18-00-00", "latency": 109}, {"date": "2023-02-02-18-00-00", "latency": 109}, {"date": "2023-02-02-18-00-00", "latency": 109}, {"date": "2023-02-02-18-00-00", "latency": 109}, {"date": "2023-02-02-10-00-00", "latency": 61}, {"date": "2023-02-02-10-00-00", "latency": 61}, {"date": "2023-02-02-10-00-00", "latency": 61}]}, {"location": {"country_code": "it"}, "game_id": "116088", "values": [{"date": "2023-02-02-23-00-00", "latency": 131}, {"date": "2023-02-02-23-00-00", "latency": 131}, {"date": "2023-02-02-23-00-00", "latency": 131}, {"date": "2023-02-02-23-00-00", "latency": 131}]}, {"location": {"country_code": "ro"}, "game_id": "116088", "values": [{"date": "2023-02-02-21-00-00", "latency": 82}]}, {"location": {"country_code": "za"}, "game_id": "116088", "values": [{"date": "2023-02-02-13-00-00", "latency": 28}, {"date": "2023-02-02-13-00-00", "latency": 28}]}, {"location": {"country_code": "jp"}, "game_id": "116088", "values": [{"date": "2023-02-02-22-00-00", "latency": 71}]}, {"location": {"country_code": "de"}, "game_id": "116088", "values": [{"date": "2023-02-02-22-00-00", "latency": 32}, {"date": "2023-02-02-22-00-00", "latency": 32}, {"date": "2023-02-02-22-00-00", "latency": 32}]}, {"location": {"country_code": "cl"}, "game_id": "116088", "values": [{"date": "2023-02-02-01-00-00", "latency": 42}, {"date": "2023-02-02-01-00-00", "latency": 42}, {"date": "2023-02-02-01-00-00", "latency": 42}]}, {"location": {"country_code": "ph"}, "game_id": "116088", "values": [{"date": "2023-02-02-04-00-00", "latency": 58}, {"date": "2023-02-02-04-00-00", "latency": 58}, {"date": "2023-02-02-04-00-00", "latency": 58}, {"date": "2023-02-02-14-00-00", "latency": 97}, {"date": "2023-02-02-14-00-00", "latency": 97}, {"date": "2023-02-02-14-00-00", "latency": 97}]}, {"location": {"country_code": "fr"}, "game_id": "116088", "values": [{"date": "2023-02-02-17-00-00", "latency": 141}]}, {"location": {"country_code": "mx"}, "game_id": "116088", "values": [{"date": "2023-02-02-22-00-00", "latency": 48}, {"date": "2023-02-02-22-00-00", "latency": 48}, {"date": "2023-02-02-22-00-00", "latency": 48}, {"date": "2023-02-02-22-00-00", "latency": 48}]}, {"location": {"country_code": "rs"}, "game_id": "116088", "values": [{"date": "2023-02-03-00-00-00", "latency": 60}, {"date": "2023-02-03-00-00-00", "latency": 60}, {"date": "2023-02-03-00-00-00", "latency": 60}, {"date": "2023-02-03-00-00-00", "latency": 60}, {"date": "2023-02-03-00-00-00", "latency": 60}, {"date": "2023-02-03-00-00-00", "latency": 60}, {"date": "2023-02-03-00-00-00", "latency": 60}]}, {"location": {"country_code": "br"}, "game_id": "116088", "values": [{"date": "2023-02-02-21-00-00", "latency": 31}, {"date": "2023-02-02-21-00-00", "latency": 31}, {"date": "2023-02-02-21-00-00", "latency": 31}, {"date": "2023-02-02-21-00-00", "latency": 31}, {"date": "2023-02-02-21-00-00", "latency": 31}, {"date": "2023-02-02-21-00-00", "latency": 31}, {"date": "2023-02-02-21-00-00", "latency": 31}, {"date": "2023-02-02-21-00-00", "latency": 31}, {"date": "2023-02-02-21-00-00", "latency": 31}, {"date": "2023-02-02-21-00-00", "latency": 31}, {"date": "2023-02-02-21-00-00", "latency": 31}, {"date": "2023-02-02-21-00-00", "latency": 31}, {"date": "2023-02-02-21-00-00", "latency": 31}, {"date": "2023-02-02-21-00-00", "latency": 31}, {"date": "2023-02-02-21-00-00", "latency": 31}, {"date": "2023-02-02-21-00-00", "latency": 31}]}, {"location": {"country_code": "us", "region": "California", "city": "East Los Angeles"}, "game_id": "116088", "values": [{"date": "2023-02-02-16-00-00", "latency": 33}]}, {"location": {"country_code": "au"}, "game_id": "116088", "values": [{"date": "2023-02-02-10-00-00", "latency": 29}]}, {"location": {"country_code": "td"}, "game_id": "116088", "values": [{"date": "2023-02-02-11-00-00", "latency": 146}, {"date": "2023-02-02-11-00-00", "latency": 146}, {"date": "2023-02-02-11-00-00", "latency": 146}, {"date": "2023-02-02-11-00-00", "latency": 146}]}, {"location": {"country_code": "br", "region": "Goias", "city": "Catalao"}, "game_id": "116088", "values": [{"date": "2023-02-02-16-00-00", "latency": 183}, {"date": "2023-02-02-16-00-00", "latency": 183}]}, {"location": {"country_code": "dk"}, "game_id": "116088", "values": [{"date": "2023-02-02-21-00-00", "latency": 37}, {"date": "2023-02-02-21-00-00", "latency": 37}, {"date": "2023-02-02-21-00-00", "latency": 37}]}, {"location": {"country_code": "tr"}, "game_id": "116088", "values": [{"date": "2023-02-02-21-00-00", "latency": 87}]}, {"location": {"country_code": "us", "region": "Hawaii"}, "game_id": "116088", "values": [{"date": "2023-02-02-22-00-00", "latency": 85}, {"date": "2023-02-02-22-00-00", "latency": 85}, {"date": "2023-02-02-22-00-00", "latency": 85}]}, {"location": {"country_code": "ru", "region": "Moscow", "city": "Zelenograd"}, "game_id": "116088", "values": [{"date": "2023-02-02-17-00-00", "latency": 44}, {"date": "2023-02-02-17-00-00", "latency": 44}]}, {"location": {"country_code": "in", "region": "Maharashtra", "city": "Navi Mumbai"}, "game_id": "116088", "values": [{"date": "2023-02-02-19-00-00", "latency": 156}]}, {"location": {"country_code": "pe"}, "game_id": "116088", "values": [{"date": "2023-02-03-00-00-00", "latency": 67}, {"date": "2023-02-03-00-00-00", "latency": 67}, {"date": "2023-02-03-00-00-00", "latency": 67}, {"date": "2023-02-03-00-00-00", "latency": 67}]}, {"location": {"country_code": "ua"}, "game_id": "116088", "values": [{"date": "2023-02-02-04-00-00", "latency": 55}, {"date": "2023-02-02-04-00-00", "latency": 55}, {"date": "2023-02-02-04-00-00", "latency": 55}, {"date": "2023-02-02-04-00-00", "latency": 55}, {"date": "2023-02-02-04-00-00", "latency": 55}, {"date": "2023-02-02-04-00-00", "latency": 55}, {"date": "2023-02-03-01-00-00", "latency": 47}, {"date": "2023-02-03-01-00-00", "latency": 47}, {"date": "2023-02-03-01-00-00", "latency": 47}, {"date": "2023-02-02-12-00-00", "latency": 141}, {"date": "2023-02-02-21-00-00", "latency": 55}, {"date": "2023-02-02-21-00-00", "latency": 55}, {"date": "2023-02-02-21-00-00", "latency": 55}, {"date": "2023-02-02-21-00-00", "latency": 55}, {"date": "2023-02-02-21-00-00", "latency": 55}, {"date": "2023-02-02-21-00-00", "latency": 55}, {"date": "2023-02-02-13-00-00", "latency": 82}, {"date": "2023-02-03-00-00-00", "latency": 90}, {"date": "2023-02-02-23-00-00", "latency": 67}]}, {"location": {"country_code": "tr", "region": "Marmara Bolgesi"}, "game_id": "116088", "values": [{"date": "2023-02-02-22-00-00", "latency": 88}, {"date": "2023-02-02-22-00-00", "latency": 88}, {"date": "2023-02-02-22-00-00", "latency": 88}, {"date": "2023-02-02-22-00-00", "latency": 88}, {"date": "2023-02-02-22-00-00", "latency": 88}, {"date": "2023-02-02-22-00-00", "latency": 88}]}, {"location": {"country_code": "ru"}, "game_id": "116088", "values": [{"date": "2023-02-02-07-00-00", "latency": 181}, {"date": "2023-02-02-07-00-00", "latency": 181}, {"date": "2023-02-02-07-00-00", "latency": 181}, {"date": "2023-02-02-07-00-00", "latency": 181}, {"date": "2023-02-02-07-00-00", "latency": 181}, {"date": "2023-02-02-07-00-00", "latency": 181}, {"date": "2023-02-02-07-00-00", "latency": 181}, {"date": "2023-02-02-07-00-00", "latency": 181}, {"date": "2023-02-02-07-00-00", "latency": 181}, {"date": "2023-02-02-07-00-00", "latency": 181}, {"date": "2023-02-02-07-00-00", "latency": 181}, {"date": "2023-02-02-07-00-00", "latency": 181}, {"date": "2023-02-02-07-00-00", "latency": 181}, {"date": "2023-02-02-07-00-00", "latency": 181}, {"date": "2023-02-02-07-00-00", "latency": 181}, {"date": "2023-02-02-07-00-00", "latency": 181}, {"date": "2023-02-02-07-00-00", "latency": 181}, {"date": "2023-02-02-07-00-00", "latency": 181}, {"date": "2023-02-02-07-00-00", "latency": 181}, {"date": "2023-02-02-07-00-00", "latency": 181}, {"date": "2023-02-02-07-00-00", "latency": 181}, {"date": "2023-02-02-07-00-00", "latency": 181}, {"date": "2023-02-02-07-00-00", "latency": 181}, {"date": "2023-02-02-07-00-00", "latency": 181}, {"date": "2023-02-02-07-00-00", "latency": 181}, {"date": "2023-02-02-07-00-00", "latency": 165}, {"date": "2023-02-02-20-00-00", "latency": 52}, {"date": "2023-02-02-20-00-00", "latency": 52}, {"date": "2023-02-02-20-00-00", "latency": 52}, {"date": "2023-02-02-20-00-00", "latency": 58}, {"date": "2023-02-02-20-00-00", "latency": 58}, {"date": "2023-02-02-20-00-00", "latency": 58}, {"date": "2023-02-02-12-00-00", "latency": 66}, {"date": "2023-02-02-12-00-00", "latency": 66}, {"date": "2023-02-02-12-00-00", "latency": 66}, {"date": "2023-02-02-12-00-00", "latency": 66}, {"date": "2023-02-02-12-00-00", "latency": 66}, {"date": "2023-02-02-20-00-00", "latency": 28}, {"date": "2023-02-02-20-00-00", "latency": 28}, {"date": "2023-02-02-20-00-00", "latency": 28}, {"date": "2023-02-02-20-00-00", "latency": 28}, {"date": "2023-02-02-04-00-00", "latency": 46}, {"date": "2023-02-02-04-00-00", "latency": 46}, {"date": "2023-02-02-04-00-00", "latency": 46}, {"date": "2023-02-02-04-00-00", "latency": 46}, {"date": "2023-02-02-04-00-00", "latency": 46}]}, {"location": {"country_code": "my"}, "game_id": "116088", "values": [{"date": "2023-02-02-16-00-00", "latency": 45}, {"date": "2023-02-02-16-00-00", "latency": 45}, {"date": "2023-02-02-16-00-00", "latency": 45}]}, {"location": {"country_code": "id"}, "game_id": "116088", "values": [{"date": "2023-02-02-15-00-00", "latency": 95}, {"date": "2023-02-02-15-00-00", "latency": 95}, {"date": "2023-02-02-15-00-00", "latency": 95}, {"date": "2023-02-02-15-00-00", "latency": 95}, {"date": "2023-02-02-16-00-00", "latency": 97}, {"date": "2023-02-02-16-00-00", "latency": 97}, {"date": "2023-02-02-16-00-00", "latency": 97}, {"date": "2023-02-02-16-00-00", "latency": 97}]}, {"location": {"country_code": "ir"}, "game_id": "116088", "values": [{"date": "2023-02-02-14-00-00", "latency": 108}, {"date": "2023-02-02-14-00-00", "latency": 108}]}, {"location": {"country_code": "au", "region": "Western Australia", "city": "Perth"}, "game_id": "116088", "values": [{"date": "2023-02-02-14-00-00", "latency": 79}, {"date": "2023-02-02-14-00-00", "latency": 79}, {"date": "2023-02-02-14-00-00", "latency": 79}]}, {"location": {"country_code": "pt"}, "game_id": "116088", "values": [{"date": "2023-02-02-02-00-00", "latency": 671}]}, {"location": {"country_code": "cy"}, "game_id": "116088", "values": [{"date": "2023-02-02-20-00-00", "latency": 59}, {"date": "2023-02-02-20-00-00", "latency": 59}]}, {"location": {"country_code": "us", "region": "Arizona", "city": "Phoenix"}, "game_id": "116088", "values": [{"date": "2023-02-02-09-00-00", "latency": 142}, {"date": "2023-02-02-09-00-00", "latency": 142}, {"date": "2023-02-02-09-00-00", "latency": 142}, {"date": "2023-02-02-09-00-00", "latency": 142}, {"date": "2023-02-02-09-00-00", "latency": 142}, {"date": "2023-02-02-09-00-00", "latency": 142}, {"date": "2023-02-02-09-00-00", "latency": 142}, {"date": "2023-02-02-09-00-00", "latency": 142}]}, {"location": {"country_code": "pe", "region": "Lima region", "city": "Lima"}, "game_id": "116088", "values": [{"date": "2023-02-02-23-00-00", "latency": 32}, {"date": "2023-02-02-23-00-00", "latency": 32}, {"date": "2023-02-02-23-00-00", "latency": 32}, {"date": "2023-02-02-23-00-00", "latency": 32}, {"date": "2023-02-02-23-00-00", "latency": 32}, {"date": "2023-02-02-23-00-00", "latency": 32}, {"date": "2023-02-02-23-00-00", "latency": 32}]}, {"location": {"country_code": "by"}, "game_id": "116088", "values": [{"date": "2023-02-02-21-00-00", "latency": 134}]}, {"location": {"country_code": "th", "region": "Bangkok", "city": "Bangkok"}, "game_id": "116088", "values": [{"date": "2023-02-02-17-00-00", "latency": 130}]}, {"location": {"country_code": "ne"}, "game_id": "116088", "values": [{"date": "2023-02-02-21-00-00", "latency": 62}, {"date": "2023-02-02-21-00-00", "latency": 62}, {"date": "2023-02-02-21-00-00", "latency": 62}, {"date": "2023-02-02-21-00-00", "latency": 62}, {"date": "2023-02-03-00-00-00", "latency": 71}, {"date": "2023-02-03-00-00-00", "latency": 71}, {"date": "2023-02-03-00-00-00", "latency": 71}, {"date": "2023-02-03-00-00-00", "latency": 71}, {"date": "2023-02-03-00-00-00", "latency": 71}, {"date": "2023-02-02-22-00-00", "latency": 33}, {"date": "2023-02-02-22-00-00", "latency": 33}]}, {"location": {"country_code": "ru", "region": "Novosibirsk Oblast", "city": "Novosibirsk"}, "game_id": "116088", "values": [{"date": "2023-02-02-11-00-00", "latency": 105}, {"date": "2023-02-02-11-00-00", "latency": 105}]}, {"location": {"country_code": "us", "region": "Ohio", "city": "Fairborn"}, "game_id": "116088", "values": [{"date": "2023-02-02-03-00-00", "latency": 100}, {"date": "2023-02-02-03-00-00", "latency": 100}, {"date": "2023-02-02-03-00-00", "latency": 100}, {"date": "2023-02-02-03-00-00", "latency": 100}]}, {"location": {"country_code": "br", "region": "Rio Grande do Sul", "city": "Canoas"}, "game_id": "116088", "values": [{"date": "2023-02-02-07-00-00", "latency": 79}, {"date": "2023-02-02-07-00-00", "latency": 79}]}, {"location": {"country_code": "mx", "region": "Baja California Sur", "city": "Cabo San Lucas"}, "game_id": "116088", "values": [{"date": "2023-02-02-11-00-00", "latency": 73}, {"date": "2023-02-02-11-00-00", "latency": 73}, {"date": "2023-02-02-11-00-00", "latency": 73}, {"date": "2023-02-02-11-00-00", "latency": 73}, {"date": "2023-02-02-11-00-00", "latency": 73}]}, {"location": {"country_code": "jp", "region": "Mitaka"}, "game_id": "116088", "values": [{"date": "2023-02-02-12-00-00", "latency": 156}]}, {"location": {"country_code": "ir", "region": "Khuzestan", "city": "Ahwaz"}, "game_id": "116088", "values": [{"date": "2023-02-02-20-00-00", "latency": 163}]}], "last_updated": 1719927608.253729}