{"data": [{"location": {"country_code": "it"}, "game_id": "135305", "values": [{"date": "2021-12-10-13-00-00", "latency": 150}, {"date": "2021-12-10-13-00-00", "latency": 150}]}, {"location": {"country_code": "gb", "region": "England"}, "game_id": "135305", "values": [{"date": "2021-12-10-20-00-00", "latency": 95}, {"date": "2021-12-10-20-00-00", "latency": 95}]}, {"location": {"country_code": "au", "region": "New South Wales", "city": "Sydney"}, "game_id": "135305", "values": [{"date": "2021-12-10-12-00-00", "latency": 215}]}, {"location": {"country_code": "ph"}, "game_id": "135305", "values": [{"date": "2021-12-10-06-00-00", "latency": 131}, {"date": "2021-12-10-06-00-00", "latency": 131}]}, {"location": {"country_code": "ph", "region": "National Capital Region", "city": "Quezon City"}, "game_id": "135305", "values": [{"date": "2021-12-10-13-00-00", "latency": 166}]}, {"location": {"country_code": "es", "region": "Madrid", "city": "Parla"}, "game_id": "135305", "values": [{"date": "2021-12-11-01-00-00", "latency": 146}, {"date": "2021-12-10-19-00-00", "latency": 54}]}, {"location": {"country_code": "us", "region": "Pennsylvania", "city": "Philadelphia"}, "game_id": "135305", "values": [{"date": "2021-12-10-08-00-00", "latency": 49}]}, {"location": {"country_code": "de", "region": "Free and Hanseatic City of Hamburg", "city": "Hamburg"}, "game_id": "135305", "values": [{"date": "2021-12-11-00-00-00", "latency": 256}, {"date": "2021-12-11-00-00-00", "latency": 256}, {"date": "2021-12-11-00-00-00", "latency": 256}]}, {"location": {"country_code": "my"}, "game_id": "135305", "values": [{"date": "2021-12-10-16-00-00", "latency": 121}]}, {"location": {"country_code": "pt"}, "game_id": "135305", "values": [{"date": "2021-12-10-02-00-00", "latency": 135}]}, {"location": {"country_code": "us", "region": "State of Maine"}, "game_id": "135305", "values": [{"date": "2021-12-10-18-00-00", "latency": 63}]}, {"location": {"country_code": "it", "region": "Tuscany", "city": "Florence"}, "game_id": "135305", "values": [{"date": "2021-12-10-18-00-00", "latency": 46}]}, {"location": {"country_code": "ru", "region": "Vladimir Oblast", "city": "Vladimir"}, "game_id": "135305", "values": [{"date": "2021-12-10-22-00-00", "latency": 215}, {"date": "2021-12-10-22-00-00", "latency": 215}]}, {"location": {"country_code": "es", "region": "Andalusia", "city": "Marbella"}, "game_id": "135305", "values": [{"date": "2021-12-10-15-00-00", "latency": 60}]}, {"location": {"country_code": "au", "region": "Western Australia"}, "game_id": "135305", "values": [{"date": "2021-12-10-17-00-00", "latency": 221}, {"date": "2021-12-10-17-00-00", "latency": 221}]}, {"location": {"country_code": "se", "region": "Uppsala County"}, "game_id": "135305", "values": [{"date": "2021-12-11-00-00-00", "latency": 999}, {"date": "2021-12-11-00-00-00", "latency": 999}, {"date": "2021-12-11-00-00-00", "latency": 999}, {"date": "2021-12-11-00-00-00", "latency": 999}, {"date": "2021-12-11-00-00-00", "latency": 999}, {"date": "2021-12-11-00-00-00", "latency": 999}, {"date": "2021-12-11-00-00-00", "latency": 999}, {"date": "2021-12-11-00-00-00", "latency": 999}]}, {"location": {"country_code": "es", "region": "Canary Islands", "city": "Telde"}, "game_id": "135305", "values": [{"date": "2021-12-10-17-00-00", "latency": 125}, {"date": "2021-12-10-17-00-00", "latency": 125}]}, {"location": {"country_code": "gb", "region": "England", "city": "Tiverton"}, "game_id": "135305", "values": [{"date": "2021-12-10-15-00-00", "latency": 96}, {"date": "2021-12-10-15-00-00", "latency": 96}, {"date": "2021-12-10-15-00-00", "latency": 96}, {"date": "2021-12-10-15-00-00", "latency": 96}, {"date": "2021-12-10-15-00-00", "latency": 96}]}], "last_updated": 1719927542.192909}