{"data": [{"location": {"country_code": "si"}, "game_id": "135305", "values": [{"date": "2022-07-26-17-00-00", "alternatives": ["7", "17", "7"]}]}, {"location": {"country_code": "nz"}, "game_id": "135305", "values": [{"date": "2022-07-26-10-00-00", "alternatives": ["244", "244", "234"]}, {"date": "2022-07-26-10-00-00", "alternatives": [248, 24, 238, 248, 248, 24]}, {"date": "2022-07-26-10-00-00", "alternatives": [248, 24, 238, 248, 248, 24]}, {"date": "2022-07-26-10-00-00", "alternatives": [248, 24, 238, 248, 248, 24]}, {"date": "2022-07-26-10-00-00", "alternatives": [248, 24, 238, 248, 248, 24]}, {"date": "2022-07-26-10-00-00", "alternatives": [248, 24, 238, 248, 248, 24]}]}, {"location": {"country_code": "us"}, "game_id": "135305", "values": [{"date": "2022-07-26-05-00-00", "alternatives": ["60", "69", "69"]}, {"date": "2022-07-26-03-00-00", "alternatives": ["33", "38", "33"]}, {"date": "2022-07-26-03-00-00", "alternatives": ["1", "11", "1"]}, {"date": "2022-07-27-01-00-00", "alternatives": ["6", "6", "65"]}, {"date": "2022-07-26-05-00-00", "alternatives": [38, 38, 31, 38, 38]}, {"date": "2022-07-26-09-00-00", "alternatives": ["78", "780", "78"]}, {"date": "2022-07-26-06-00-00", "alternatives": [3, 30, 30, 30]}, {"date": "2022-07-26-06-00-00", "alternatives": [3, 30, 30, 30]}, {"date": "2022-07-26-06-00-00", "alternatives": [3, 30, 30, 30]}, {"date": "2022-07-26-19-00-00", "alternatives": [56, 50, 56, 50, 56]}, {"date": "2022-07-26-19-00-00", "alternatives": [56, 50, 56, 50, 56]}, {"date": "2022-07-26-19-00-00", "alternatives": [56, 50, 56, 50, 56]}, {"date": "2022-07-26-19-00-00", "alternatives": [56, 50, 56, 50, 56]}, {"date": "2022-07-26-19-00-00", "alternatives": [56, 50, 56, 50, 56]}, {"date": "2022-07-26-19-00-00", "alternatives": ["1", "6", "6"]}, {"date": "2022-07-26-19-00-00", "alternatives": ["1", "6", "6"]}, {"date": "2022-07-27-00-00-00", "alternatives": ["89", "88", "88"]}, {"date": "2022-07-27-00-00-00", "alternatives": ["89", "88", "88"]}, {"date": "2022-07-26-20-00-00", "alternatives": ["30", "30", "307"]}, {"date": "2022-07-26-20-00-00", "alternatives": ["30", "30", "307"]}, {"date": "2022-07-26-06-00-00", "alternatives": [34, 54, 34, 34]}, {"date": "2022-07-26-06-00-00", "alternatives": [34, 54, 34, 34]}, {"date": "2022-07-26-04-00-00", "alternatives": ["35", "85", "35"]}, {"date": "2022-07-26-05-00-00", "alternatives": [53, 63, 3, 53, 3, 53]}, {"date": "2022-07-26-05-00-00", "alternatives": [53, 63, 3, 53, 3, 53]}]}, {"location": {"country_code": "nz", "region": "Auckland", "city": "Auckland"}, "game_id": "135305", "values": [{"date": "2022-07-26-11-00-00", "alternatives": [69, 69, 169, 69, 169]}]}, {"location": {"country_code": "us", "region": "New York", "city": "Jamestown"}, "game_id": "135305", "values": [{"date": "2022-07-26-22-00-00", "alternatives": ["4", "19", "19"]}]}, {"location": {"country_code": "gb"}, "game_id": "135305", "values": [{"date": "2022-07-26-21-00-00", "alternatives": ["36", "98", "36"]}, {"date": "2022-07-26-03-00-00", "alternatives": ["89", "68", "89"]}, {"date": "2022-07-26-03-00-00", "alternatives": ["89", "68", "89"]}, {"date": "2022-07-26-03-00-00", "alternatives": ["89", "68", "89"]}, {"date": "2022-07-26-21-00-00", "alternatives": [0, 40, 40, 40]}, {"date": "2022-07-26-21-00-00", "alternatives": [0, 40, 40, 40]}]}, {"location": {"country_code": "th"}, "game_id": "135305", "values": [{"date": "2022-07-26-11-00-00", "alternatives": ["10", "107", "10"]}, {"date": "2022-07-26-18-00-00", "alternatives": ["112", "12", "12"]}, {"date": "2022-07-26-18-00-00", "alternatives": ["112", "12", "12"]}, {"date": "2022-07-26-18-00-00", "alternatives": ["112", "12", "12"]}, {"date": "2022-07-26-14-00-00", "alternatives": ["99", "66", "99"]}, {"date": "2022-07-26-14-00-00", "alternatives": ["99", "66", "99"]}, {"date": "2022-07-26-14-00-00", "alternatives": ["99", "66", "99"]}, {"date": "2022-07-26-14-00-00", "alternatives": ["99", "66", "99"]}, {"date": "2022-07-26-14-00-00", "alternatives": ["99", "66", "99"]}, {"date": "2022-07-26-14-00-00", "alternatives": ["99", "66", "99"]}, {"date": "2022-07-26-14-00-00", "alternatives": ["99", "66", "99"]}, {"date": "2022-07-26-14-00-00", "alternatives": ["99", "66", "99"]}, {"date": "2022-07-26-11-00-00", "alternatives": ["116", "16", "16"]}, {"date": "2022-07-26-11-00-00", "alternatives": ["116", "16", "16"]}, {"date": "2022-07-27-01-00-00", "alternatives": [14, 114, 114, 114, 14]}, {"date": "2022-07-27-01-00-00", "alternatives": [14, 114, 114, 114, 14]}, {"date": "2022-07-27-01-00-00", "alternatives": [14, 114, 114, 114, 14]}, {"date": "2022-07-27-01-00-00", "alternatives": [14, 114, 114, 114, 14]}, {"date": "2022-07-27-01-00-00", "alternatives": [14, 114, 114, 114, 14]}, {"date": "2022-07-26-04-00-00", "alternatives": [97, 97, 97, 97]}, {"date": "2022-07-26-09-00-00", "alternatives": [3, 13, 103, 103, 103]}, {"date": "2022-07-26-09-00-00", "alternatives": [3, 13, 103, 103, 103]}]}, {"location": {"country_code": "pa"}, "game_id": "135305", "values": [{"date": "2022-07-26-09-00-00", "alternatives": ["68", "63", "63"]}, {"date": "2022-07-26-09-00-00", "alternatives": ["68", "63", "63"]}, {"date": "2022-07-26-09-00-00", "alternatives": ["68", "63", "63"]}]}, {"location": {"country_code": "nl"}, "game_id": "135305", "values": [{"date": "2022-07-26-23-00-00", "alternatives": ["26", "26", "260"]}]}, {"location": {"country_code": "it"}, "game_id": "135305", "values": [{"date": "2022-07-27-00-00-00", "alternatives": [161, 6, 161, 161]}]}, {"location": {"country_code": "za"}, "game_id": "135305", "values": [{"date": "2022-07-26-21-00-00", "alternatives": [20, 290, 290, 90, 20, 290]}, {"date": "2022-07-26-21-00-00", "alternatives": [20, 290, 290, 90, 20, 290]}, {"date": "2022-07-26-14-00-00", "alternatives": [201, 201, 201, 201, 201]}, {"date": "2022-07-26-14-00-00", "alternatives": [201, 201, 201, 201, 201]}, {"date": "2022-07-26-14-00-00", "alternatives": [201, 201, 201, 201, 201]}, {"date": "2022-07-26-19-00-00", "alternatives": [252, 252, 252, 252, 2528]}, {"date": "2022-07-26-19-00-00", "alternatives": [252, 252, 252, 252, 2528]}, {"date": "2022-07-26-19-00-00", "alternatives": [252, 252, 252, 252, 2528]}, {"date": "2022-07-26-19-00-00", "alternatives": [252, 252, 252, 252, 2528]}, {"date": "2022-07-26-19-00-00", "alternatives": [252, 252, 252, 252, 2528]}]}, {"location": {"country_code": "za", "region": "Gauteng", "city": "Roodepoort"}, "game_id": "135305", "values": [{"date": "2022-07-26-21-00-00", "alternatives": ["0", "177", "177"]}, {"date": "2022-07-26-21-00-00", "alternatives": ["0", "177", "177"]}, {"date": "2022-07-26-21-00-00", "alternatives": ["0", "177", "177"]}]}, {"location": {"country_code": "jp"}, "game_id": "135305", "values": [{"date": "2022-07-26-18-00-00", "alternatives": ["251", "251", "291"]}, {"date": "2022-07-26-18-00-00", "alternatives": ["251", "251", "291"]}, {"date": "2022-07-26-13-00-00", "alternatives": [47, 147, 47, 47]}, {"date": "2022-07-26-13-00-00", "alternatives": [47, 147, 47, 47]}, {"date": "2022-07-26-13-00-00", "alternatives": [47, 147, 47, 47]}, {"date": "2022-07-26-13-00-00", "alternatives": [47, 147, 47, 47]}, {"date": "2022-07-26-13-00-00", "alternatives": [47, 147, 47, 47]}, {"date": "2022-07-26-13-00-00", "alternatives": [47, 147, 47, 47]}, {"date": "2022-07-26-13-00-00", "alternatives": [47, 147, 47, 47]}, {"date": "2022-07-26-13-00-00", "alternatives": [47, 147, 47, 47]}, {"date": "2022-07-26-13-00-00", "alternatives": [47, 147, 47, 47]}, {"date": "2022-07-26-09-00-00", "alternatives": [6, 60, 60105, 60, 0, 60]}, {"date": "2022-07-27-01-00-00", "alternatives": ["64", "62", "64"]}, {"date": "2022-07-26-23-00-00", "alternatives": ["42", "423", "42"]}, {"date": "2022-07-26-23-00-00", "alternatives": ["42", "423", "42"]}, {"date": "2022-07-26-07-00-00", "alternatives": ["24", "29", "29"]}, {"date": "2022-07-26-10-00-00", "alternatives": ["56", "166", "166"]}, {"date": "2022-07-26-10-00-00", "alternatives": ["56", "166", "166"]}, {"date": "2022-07-26-18-00-00", "alternatives": [1, 57, 57, 57]}, {"date": "2022-07-26-21-00-00", "alternatives": [43, 473, 43, 13, 43]}, {"date": "2022-07-26-20-00-00", "alternatives": [7, 6, 6, 6, 6]}, {"date": "2022-07-26-20-00-00", "alternatives": [7, 6, 6, 6, 6]}, {"date": "2022-07-26-20-00-00", "alternatives": [7, 6, 6, 6, 6]}]}, {"location": {"country_code": "ca"}, "game_id": "135305", "values": [{"date": "2022-07-26-08-00-00", "alternatives": ["37", "87", "37"]}, {"date": "2022-07-26-08-00-00", "alternatives": ["37", "87", "37"]}, {"date": "2022-07-26-21-00-00", "alternatives": [622, 122, 22, 122, 122]}, {"date": "2022-07-26-08-00-00", "alternatives": [77, 677, 77, 77]}, {"date": "2022-07-26-05-00-00", "alternatives": ["3", "38", "3"]}, {"date": "2022-07-26-05-00-00", "alternatives": ["91", "6", "91"]}, {"date": "2022-07-26-05-00-00", "alternatives": ["91", "6", "91"]}, {"date": "2022-07-26-05-00-00", "alternatives": ["91", "6", "91"]}, {"date": "2022-07-26-05-00-00", "alternatives": ["91", "6", "91"]}, {"date": "2022-07-26-05-00-00", "alternatives": ["93", "83", "83"]}, {"date": "2022-07-26-18-00-00", "alternatives": ["2", "28", "2"]}]}, {"location": {"country_code": "ch"}, "game_id": "135305", "values": [{"date": "2022-07-27-01-00-00", "alternatives": ["15", "5", "5"]}, {"date": "2022-07-26-09-00-00", "alternatives": [0, 10, 10, 10, 10]}, {"date": "2022-07-26-09-00-00", "alternatives": [0, 10, 10, 10, 10]}, {"date": "2022-07-26-09-00-00", "alternatives": [0, 10, 10, 10, 10]}, {"date": "2022-07-26-09-00-00", "alternatives": [0, 10, 10, 10, 10]}, {"date": "2022-07-26-09-00-00", "alternatives": [0, 10, 10, 10, 10]}]}, {"location": {"country_code": "de"}, "game_id": "135305", "values": [{"date": "2022-07-26-17-00-00", "alternatives": ["25", "253", "25"]}, {"date": "2022-07-26-17-00-00", "alternatives": ["25", "253", "25"]}, {"date": "2022-07-26-17-00-00", "alternatives": ["25", "253", "25"]}, {"date": "2022-07-26-19-00-00", "alternatives": [8, 16, 16, 16, 16]}, {"date": "2022-07-26-22-00-00", "alternatives": ["227", "27", "27"]}, {"date": "2022-07-26-12-00-00", "alternatives": ["6", "6", "165"]}, {"date": "2022-07-26-21-00-00", "alternatives": [5, 5, 5, 5]}, {"date": "2022-07-26-16-00-00", "alternatives": [8, 18, 18, 18]}, {"date": "2022-07-26-22-00-00", "alternatives": ["99", "66", "99"]}, {"date": "2022-07-26-22-00-00", "alternatives": ["99", "66", "99"]}, {"date": "2022-07-26-22-00-00", "alternatives": ["99", "66", "99"]}, {"date": "2022-07-26-22-00-00", "alternatives": ["99", "66", "99"]}, {"date": "2022-07-26-22-00-00", "alternatives": ["99", "66", "99"]}, {"date": "2022-07-26-22-00-00", "alternatives": ["99", "66", "99"]}, {"date": "2022-07-26-22-00-00", "alternatives": ["99", "66", "99"]}, {"date": "2022-07-26-06-00-00", "alternatives": ["113", "13", "13"]}]}, {"location": {"country_code": "de", "region": "Lower Saxony", "city": "Hanover"}, "game_id": "135305", "values": [{"date": "2022-07-26-13-00-00", "alternatives": ["7", "17", "7"]}]}, {"location": {"country_code": "tw"}, "game_id": "135305", "values": [{"date": "2022-07-26-19-00-00", "alternatives": ["34", "341", "34"]}, {"date": "2022-07-26-19-00-00", "alternatives": ["34", "341", "34"]}, {"date": "2022-07-26-18-00-00", "alternatives": ["39", "28", "39"]}, {"date": "2022-07-26-10-00-00", "alternatives": ["15", "45", "45"]}, {"date": "2022-07-26-12-00-00", "alternatives": ["38", "88", "38"]}, {"date": "2022-07-26-18-00-00", "alternatives": ["39", "68", "39"]}, {"date": "2022-07-26-21-00-00", "alternatives": ["9", "48", "48"]}, {"date": "2022-07-26-05-00-00", "alternatives": ["16", "46", "46"]}, {"date": "2022-07-26-05-00-00", "alternatives": ["16", "46", "46"]}, {"date": "2022-07-26-05-00-00", "alternatives": ["16", "46", "46"]}, {"date": "2022-07-26-05-00-00", "alternatives": ["16", "46", "46"]}, {"date": "2022-07-26-05-00-00", "alternatives": ["16", "46", "46"]}, {"date": "2022-07-26-05-00-00", "alternatives": ["16", "46", "46"]}, {"date": "2022-07-26-05-00-00", "alternatives": ["16", "46", "46"]}, {"date": "2022-07-26-05-00-00", "alternatives": ["16", "46", "46"]}, {"date": "2022-07-26-05-00-00", "alternatives": ["16", "46", "46"]}, {"date": "2022-07-26-16-00-00", "alternatives": [7, 74, 74, 74]}]}, {"location": {"country_code": "gb", "region": "England"}, "game_id": "135305", "values": [{"date": "2022-07-26-19-00-00", "alternatives": [145, 44, 44, 44]}]}, {"location": {"country_code": "cl"}, "game_id": "135305", "values": [{"date": "2022-07-27-02-00-00", "alternatives": ["256", "250", "256"]}, {"date": "2022-07-26-20-00-00", "alternatives": [3, 123, 123, 123]}, {"date": "2022-07-26-20-00-00", "alternatives": [3, 123, 123, 123]}, {"date": "2022-07-26-02-00-00", "alternatives": [40, 146, 146, 146]}, {"date": "2022-07-26-04-00-00", "alternatives": ["13", "123", "123"]}]}, {"location": {"country_code": "us", "region": "Texas"}, "game_id": "135305", "values": [{"date": "2022-07-26-21-00-00", "alternatives": ["50", "09", "50"]}, {"date": "2022-07-26-21-00-00", "alternatives": ["50", "09", "50"]}, {"date": "2022-07-26-22-00-00", "alternatives": ["59", "59", "39"]}, {"date": "2022-07-26-22-00-00", "alternatives": ["59", "59", "39"]}, {"date": "2022-07-26-22-00-00", "alternatives": ["59", "59", "39"]}, {"date": "2022-07-26-22-00-00", "alternatives": ["59", "59", "39"]}, {"date": "2022-07-26-22-00-00", "alternatives": ["59", "59", "39"]}, {"date": "2022-07-27-01-00-00", "alternatives": [0, 40, 40, 41, 4, 40]}]}, {"location": {"country_code": "us", "region": "Florida"}, "game_id": "135305", "values": [{"date": "2022-07-27-00-00-00", "alternatives": ["39", "68", "39"]}, {"date": "2022-07-27-00-00-00", "alternatives": [12, 42, 32, 42, 42, 42]}, {"date": "2022-07-27-00-00-00", "alternatives": [12, 42, 32, 42, 42, 42]}, {"date": "2022-07-27-00-00-00", "alternatives": [12, 42, 32, 42, 42, 42]}, {"date": "2022-07-27-00-00-00", "alternatives": [12, 42, 32, 42, 42, 42]}, {"date": "2022-07-27-00-00-00", "alternatives": [12, 42, 32, 42, 42, 42]}, {"date": "2022-07-27-00-00-00", "alternatives": [12, 42, 32, 42, 42, 42]}, {"date": "2022-07-27-00-00-00", "alternatives": [12, 42, 32, 42, 42, 42]}, {"date": "2022-07-27-00-00-00", "alternatives": [12, 42, 32, 42, 42, 42]}, {"date": "2022-07-27-00-00-00", "alternatives": [12, 42, 32, 42, 42, 42]}, {"date": "2022-07-27-00-00-00", "alternatives": [12, 42, 32, 42, 42, 42]}, {"date": "2022-07-27-00-00-00", "alternatives": [12, 42, 32, 42, 42, 42]}, {"date": "2022-07-27-00-00-00", "alternatives": [12, 42, 32, 42, 42, 42]}, {"date": "2022-07-27-00-00-00", "alternatives": [12, 42, 32, 42, 42, 42]}, {"date": "2022-07-27-00-00-00", "alternatives": [12, 42, 32, 42, 42, 42]}, {"date": "2022-07-27-00-00-00", "alternatives": [12, 42, 32, 42, 42, 42]}, {"date": "2022-07-27-00-00-00", "alternatives": [12, 42, 32, 42, 42, 42]}, {"date": "2022-07-27-00-00-00", "alternatives": [12, 42, 32, 42, 42, 42]}, {"date": "2022-07-27-00-00-00", "alternatives": [12, 42, 32, 42, 42, 42]}, {"date": "2022-07-27-00-00-00", "alternatives": [12, 42, 32, 42, 42, 42]}]}, {"location": {"country_code": "ph"}, "game_id": "135305", "values": [{"date": "2022-07-26-20-00-00", "alternatives": [232, 232050, 232, 232]}, {"date": "2022-07-26-15-00-00", "alternatives": ["57", "67", "57"]}, {"date": "2022-07-26-15-00-00", "alternatives": ["57", "67", "57"]}, {"date": "2022-07-26-15-00-00", "alternatives": ["57", "67", "57"]}, {"date": "2022-07-26-15-00-00", "alternatives": ["57", "67", "57"]}, {"date": "2022-07-26-15-00-00", "alternatives": [68, 68, 6, 68, 6]}, {"date": "2022-07-26-15-00-00", "alternatives": [68, 68, 6, 68, 6]}, {"date": "2022-07-26-15-00-00", "alternatives": [68, 68, 6, 68, 6]}, {"date": "2022-07-26-15-00-00", "alternatives": [68, 68, 6, 68, 6]}, {"date": "2022-07-26-15-00-00", "alternatives": [68, 68, 6, 68, 6]}, {"date": "2022-07-26-15-00-00", "alternatives": [68, 68, 6, 68, 6]}, {"date": "2022-07-26-15-00-00", "alternatives": [68, 68, 6, 68, 6]}, {"date": "2022-07-26-19-00-00", "alternatives": ["1", "1", "71"]}, {"date": "2022-07-26-19-00-00", "alternatives": ["1", "1", "71"]}, {"date": "2022-07-26-19-00-00", "alternatives": ["1", "1", "71"]}, {"date": "2022-07-26-19-00-00", "alternatives": ["68", "89", "68"]}, {"date": "2022-07-26-14-00-00", "alternatives": [56, 56, 56, 60]}, {"date": "2022-07-26-11-00-00", "alternatives": ["90", "06", "90"]}, {"date": "2022-07-26-12-00-00", "alternatives": ["10", "105", "10"]}, {"date": "2022-07-26-12-00-00", "alternatives": ["10", "105", "10"]}, {"date": "2022-07-26-21-00-00", "alternatives": ["59", "69", "69"]}, {"date": "2022-07-26-18-00-00", "alternatives": ["1", "64", "64"]}, {"date": "2022-07-26-13-00-00", "alternatives": [94, 16, 94, 94]}, {"date": "2022-07-26-13-00-00", "alternatives": [94, 16, 94, 94]}, {"date": "2022-07-26-20-00-00", "alternatives": ["76", "76", "74"]}, {"date": "2022-07-26-11-00-00", "alternatives": ["59", "69", "59"]}, {"date": "2022-07-26-11-00-00", "alternatives": ["59", "69", "59"]}, {"date": "2022-07-26-06-00-00", "alternatives": [20, 207, 207, 17, 207, 207]}, {"date": "2022-07-26-17-00-00", "alternatives": ["56", "66", "66"]}]}, {"location": {"country_code": "fr"}, "game_id": "135305", "values": [{"date": "2022-07-26-19-00-00", "alternatives": ["56", "56", "26"]}, {"date": "2022-07-26-21-00-00", "alternatives": ["16", "16", "167"]}, {"date": "2022-07-26-21-00-00", "alternatives": ["16", "16", "167"]}, {"date": "2022-07-26-21-00-00", "alternatives": ["16", "16", "167"]}, {"date": "2022-07-26-23-00-00", "alternatives": ["1", "5", "5"]}, {"date": "2022-07-26-23-00-00", "alternatives": [24, 2, 24, 24, 24]}]}, {"location": {"country_code": "us", "region": "New Jersey"}, "game_id": "135305", "values": [{"date": "2022-07-26-06-00-00", "alternatives": ["4", "4", "14"]}, {"date": "2022-07-26-02-00-00", "alternatives": ["4", "4", "14"]}]}, {"location": {"country_code": "mx"}, "game_id": "135305", "values": [{"date": "2022-07-26-18-00-00", "alternatives": ["94", "16", "94"]}, {"date": "2022-07-26-09-00-00", "alternatives": ["99", "66", "99"]}, {"date": "2022-07-26-10-00-00", "alternatives": ["72", "12", "72"]}, {"date": "2022-07-26-21-00-00", "alternatives": ["3", "73", "3"]}, {"date": "2022-07-26-21-00-00", "alternatives": ["3", "73", "3"]}, {"date": "2022-07-26-21-00-00", "alternatives": ["3", "73", "3"]}, {"date": "2022-07-26-21-00-00", "alternatives": ["3", "73", "3"]}, {"date": "2022-07-26-21-00-00", "alternatives": ["3", "73", "3"]}, {"date": "2022-07-27-01-00-00", "alternatives": ["94", "93", "93"]}, {"date": "2022-07-26-06-00-00", "alternatives": [70, 0, 0, 0]}, {"date": "2022-07-26-06-00-00", "alternatives": ["05", "05", "65"]}, {"date": "2022-07-26-06-00-00", "alternatives": ["05", "05", "65"]}, {"date": "2022-07-26-06-00-00", "alternatives": ["89", "9", "9"]}, {"date": "2022-07-26-06-00-00", "alternatives": ["89", "9", "9"]}, {"date": "2022-07-26-07-00-00", "alternatives": ["56", "36", "56"]}, {"date": "2022-07-26-03-00-00", "alternatives": ["62", "62", "60"]}, {"date": "2022-07-26-21-00-00", "alternatives": [89, 68, 85, 89, 89]}, {"date": "2022-07-26-21-00-00", "alternatives": [89, 68, 85, 89, 89]}, {"date": "2022-07-26-21-00-00", "alternatives": [89, 68, 85, 89, 89]}, {"date": "2022-07-26-21-00-00", "alternatives": ["55", "55", "35"]}]}, {"location": {"country_code": "us", "region": "Ohio"}, "game_id": "135305", "values": [{"date": "2022-07-26-23-00-00", "alternatives": ["52", "52", "5320"]}, {"date": "2022-07-26-23-00-00", "alternatives": ["52", "52", "5320"]}]}, {"location": {"country_code": "mx", "region": "Mexico City"}, "game_id": "135305", "values": [{"date": "2022-07-26-10-00-00", "alternatives": [55, 55, 59, 55]}, {"date": "2022-07-26-10-00-00", "alternatives": [55, 55, 59, 55]}, {"date": "2022-07-26-10-00-00", "alternatives": [55, 55, 59, 55]}, {"date": "2022-07-26-10-00-00", "alternatives": [55, 55, 59, 55]}, {"date": "2022-07-26-23-00-00", "alternatives": [90, 0, 90, 90]}, {"date": "2022-07-26-23-00-00", "alternatives": [90, 0, 90, 90]}, {"date": "2022-07-26-23-00-00", "alternatives": [90, 0, 90, 90]}, {"date": "2022-07-26-05-00-00", "alternatives": [70, 7, 70, 70, 70]}]}, {"location": {"country_code": "us", "region": "Washington", "city": "Spokane"}, "game_id": "135305", "values": [{"date": "2022-07-26-09-00-00", "alternatives": ["89", "68", "89"]}]}, {"location": {"country_code": "us", "region": "California"}, "game_id": "135305", "values": [{"date": "2022-07-26-23-00-00", "alternatives": ["2", "32", "2"]}, {"date": "2022-07-26-07-00-00", "alternatives": [81, 81, 8, 81]}, {"date": "2022-07-26-07-00-00", "alternatives": [81, 81, 8, 81]}, {"date": "2022-07-26-07-00-00", "alternatives": [81, 81, 8, 81]}]}, {"location": {"country_code": "us", "region": "California", "city": "East Los Angeles"}, "game_id": "135305", "values": [{"date": "2022-07-26-10-00-00", "alternatives": ["83", "88", "83"]}, {"date": "2022-07-26-08-00-00", "alternatives": ["81", "8", "8"]}]}, {"location": {"country_code": "rs"}, "game_id": "135305", "values": [{"date": "2022-07-26-19-00-00", "alternatives": ["39", "60", "39"]}]}, {"location": {"country_code": "br"}, "game_id": "135305", "values": [{"date": "2022-07-26-21-00-00", "alternatives": ["153", "153", "1931"]}, {"date": "2022-07-27-02-00-00", "alternatives": ["138", "133", "133"]}, {"date": "2022-07-26-17-00-00", "alternatives": ["134", "13", "13"]}, {"date": "2022-07-26-17-00-00", "alternatives": ["134", "13", "13"]}, {"date": "2022-07-26-19-00-00", "alternatives": ["13", "8", "8"]}, {"date": "2022-07-26-05-00-00", "alternatives": [6, 6, 65, 6]}, {"date": "2022-07-26-05-00-00", "alternatives": [6, 6, 65, 6]}, {"date": "2022-07-26-05-00-00", "alternatives": [6, 6, 65, 6]}, {"date": "2022-07-26-05-00-00", "alternatives": [6, 6, 65, 6]}, {"date": "2022-07-26-03-00-00", "alternatives": ["14", "14", "141"]}, {"date": "2022-07-26-02-00-00", "alternatives": [156, 156, 15615, 156, 156]}, {"date": "2022-07-26-02-00-00", "alternatives": [156, 156, 15615, 156, 156]}, {"date": "2022-07-26-02-00-00", "alternatives": [156, 156, 15615, 156, 156]}, {"date": "2022-07-26-03-00-00", "alternatives": ["168", "168", "108"]}]}, {"location": {"country_code": "br", "region": "Sao Paulo", "city": "Palmital"}, "game_id": "135305", "values": [{"date": "2022-07-26-02-00-00", "alternatives": ["129", "129", "120"]}]}, {"location": {"country_code": "br", "region": "Pernambuco", "city": "Pombos"}, "game_id": "135305", "values": [{"date": "2022-07-26-23-00-00", "alternatives": ["150", "3150", "150"]}, {"date": "2022-07-26-23-00-00", "alternatives": ["150", "3150", "150"]}, {"date": "2022-07-26-04-00-00", "alternatives": [3, 103, 103, 1031, 103]}, {"date": "2022-07-26-04-00-00", "alternatives": [3, 103, 103, 1031, 103]}, {"date": "2022-07-26-04-00-00", "alternatives": [3, 103, 103, 1031, 103]}]}, {"location": {"country_code": "br", "region": "Sao Paulo", "city": "Apiai"}, "game_id": "135305", "values": [{"date": "2022-07-26-04-00-00", "alternatives": ["153", "153", "13"]}, {"date": "2022-07-26-04-00-00", "alternatives": ["153", "153", "13"]}, {"date": "2022-07-26-05-00-00", "alternatives": ["1201", "120", "120"]}, {"date": "2022-07-26-23-00-00", "alternatives": ["156", "156", "16"]}, {"date": "2022-07-26-23-00-00", "alternatives": ["156", "156", "16"]}, {"date": "2022-07-26-23-00-00", "alternatives": ["156", "156", "16"]}, {"date": "2022-07-26-23-00-00", "alternatives": ["156", "156", "16"]}, {"date": "2022-07-26-23-00-00", "alternatives": ["156", "156", "16"]}, {"date": "2022-07-26-05-00-00", "alternatives": [6, 4, 146, 146, 46, 146]}, {"date": "2022-07-26-05-00-00", "alternatives": [6, 4, 146, 146, 46, 146]}, {"date": "2022-07-26-05-00-00", "alternatives": [6, 4, 146, 146, 46, 146]}, {"date": "2022-07-26-05-00-00", "alternatives": [6, 4, 146, 146, 46, 146]}, {"date": "2022-07-26-05-00-00", "alternatives": [6, 4, 146, 146, 46, 146]}, {"date": "2022-07-27-02-00-00", "alternatives": ["14", "14", "144"]}, {"date": "2022-07-26-02-00-00", "alternatives": ["5", "5", "157"]}, {"date": "2022-07-26-04-00-00", "alternatives": [128, 128, 28, 1285, 128, 128]}, {"date": "2022-07-26-04-00-00", "alternatives": [128, 128, 28, 1285, 128, 128]}, {"date": "2022-07-26-05-00-00", "alternatives": ["10", "120", "120"]}, {"date": "2022-07-26-04-00-00", "alternatives": ["18", "118", "18"]}, {"date": "2022-07-26-10-00-00", "alternatives": ["181", "158", "158"]}, {"date": "2022-07-26-10-00-00", "alternatives": ["181", "158", "158"]}]}, {"location": {"country_code": "se"}, "game_id": "135305", "values": [{"date": "2022-07-26-06-00-00", "alternatives": [0, 40, 40, 40]}, {"date": "2022-07-27-01-00-00", "alternatives": ["39", "68", "39"]}, {"date": "2022-07-27-01-00-00", "alternatives": ["39", "68", "39"]}, {"date": "2022-07-27-01-00-00", "alternatives": ["39", "68", "39"]}, {"date": "2022-07-27-01-00-00", "alternatives": ["39", "68", "39"]}, {"date": "2022-07-26-19-00-00", "alternatives": ["266", "266", "206"]}, {"date": "2022-07-26-19-00-00", "alternatives": ["266", "266", "206"]}, {"date": "2022-07-26-19-00-00", "alternatives": ["266", "266", "206"]}, {"date": "2022-07-26-23-00-00", "alternatives": [9, 109, 109, 109, 109]}]}, {"location": {"country_code": "no"}, "game_id": "135305", "values": [{"date": "2022-07-27-00-00-00", "alternatives": ["12", "12", "52"]}]}, {"location": {"country_code": "ec"}, "game_id": "135305", "values": [{"date": "2022-07-26-03-00-00", "alternatives": ["91", "16", "91"]}, {"date": "2022-07-26-03-00-00", "alternatives": ["91", "16", "91"]}, {"date": "2022-07-26-07-00-00", "alternatives": ["92", "22", "92"]}, {"date": "2022-07-26-04-00-00", "alternatives": [8, 82, 82, 82, 2]}, {"date": "2022-07-26-04-00-00", "alternatives": [8, 82, 82, 82, 2]}, {"date": "2022-07-26-06-00-00", "alternatives": ["90", "06", "90"]}]}, {"location": {"country_code": "au"}, "game_id": "135305", "values": [{"date": "2022-07-26-14-00-00", "alternatives": [82, 182, 182, 182]}, {"date": "2022-07-26-14-00-00", "alternatives": [82, 182, 182, 182]}, {"date": "2022-07-26-05-00-00", "alternatives": ["206", "206", "2006"]}, {"date": "2022-07-26-05-00-00", "alternatives": ["206", "206", "2006"]}, {"date": "2022-07-27-00-00-00", "alternatives": ["290", "062", "290"]}, {"date": "2022-07-26-15-00-00", "alternatives": [22, 221, 2, 1, 221, 221]}, {"date": "2022-07-26-10-00-00", "alternatives": ["219", "219", "210"]}]}, {"location": {"country_code": "br", "region": "Goias", "city": "Catalao"}, "game_id": "135305", "values": [{"date": "2022-07-26-03-00-00", "alternatives": ["66", "166", "66"]}, {"date": "2022-07-26-03-00-00", "alternatives": ["66", "166", "66"]}, {"date": "2022-07-26-03-00-00", "alternatives": ["66", "166", "66"]}, {"date": "2022-07-26-03-00-00", "alternatives": ["66", "166", "66"]}]}, {"location": {"country_code": "es", "region": "Madrid", "city": "Parla"}, "game_id": "135305", "values": [{"date": "2022-07-26-23-00-00", "alternatives": ["53", "58", "53"]}, {"date": "2022-07-26-23-00-00", "alternatives": ["53", "58", "53"]}, {"date": "2022-07-26-23-00-00", "alternatives": ["53", "58", "53"]}]}, {"location": {"country_code": "tr"}, "game_id": "135305", "values": [{"date": "2022-07-26-17-00-00", "alternatives": ["58", "68", "58"]}, {"date": "2022-07-26-17-00-00", "alternatives": ["58", "68", "58"]}, {"date": "2022-07-26-18-00-00", "alternatives": ["54", "64", "54"]}, {"date": "2022-07-26-18-00-00", "alternatives": ["54", "64", "54"]}, {"date": "2022-07-26-18-00-00", "alternatives": ["54", "64", "54"]}]}, {"location": {"country_code": "ca", "region": "Ontario"}, "game_id": "135305", "values": [{"date": "2022-07-26-06-00-00", "alternatives": ["6", "46", "6"]}, {"date": "2022-07-26-06-00-00", "alternatives": ["6", "46", "6"]}, {"date": "2022-07-27-00-00-00", "alternatives": ["34", "84", "34"]}, {"date": "2022-07-27-00-00-00", "alternatives": ["34", "84", "34"]}, {"date": "2022-07-27-00-00-00", "alternatives": ["34", "84", "34"]}, {"date": "2022-07-27-00-00-00", "alternatives": ["34", "84", "34"]}]}, {"location": {"country_code": "kr"}, "game_id": "135305", "values": [{"date": "2022-07-26-21-00-00", "alternatives": ["15", "45", "45"]}, {"date": "2022-07-26-11-00-00", "alternatives": ["35", "85", "35"]}]}, {"location": {"country_code": "kr", "region": "Busan"}, "game_id": "135305", "values": [{"date": "2022-07-26-20-00-00", "alternatives": [92, 192, 902, 192, 192, 92, 192]}, {"date": "2022-07-26-20-00-00", "alternatives": [92, 192, 902, 192, 192, 92, 192]}, {"date": "2022-07-26-20-00-00", "alternatives": [92, 192, 902, 192, 192, 92, 192]}, {"date": "2022-07-26-20-00-00", "alternatives": [92, 192, 902, 192, 192, 92, 192]}, {"date": "2022-07-26-20-00-00", "alternatives": [92, 192, 902, 192, 192, 92, 192]}, {"date": "2022-07-26-20-00-00", "alternatives": [92, 192, 902, 192, 192, 92, 192]}, {"date": "2022-07-26-20-00-00", "alternatives": [92, 192, 902, 192, 192, 92, 192]}, {"date": "2022-07-26-20-00-00", "alternatives": [92, 192, 902, 192, 192, 92, 192]}]}, {"location": {"country_code": "us", "region": "California", "city": "San Francisco"}, "game_id": "135305", "values": [{"date": "2022-07-26-05-00-00", "alternatives": ["81", "8", "8"]}]}, {"location": {"country_code": "us", "region": "Pennsylvania", "city": "Philadelphia"}, "game_id": "135305", "values": [{"date": "2022-07-26-13-00-00", "alternatives": [18, 18, 1, 18, 1]}, {"date": "2022-07-26-13-00-00", "alternatives": [18, 18, 1, 18, 1]}, {"date": "2022-07-26-13-00-00", "alternatives": [18, 18, 1, 18, 1]}, {"date": "2022-07-26-13-00-00", "alternatives": [18, 18, 1, 18, 1]}, {"date": "2022-07-26-13-00-00", "alternatives": [18, 18, 1, 18, 1]}]}, {"location": {"country_code": "es"}, "game_id": "135305", "values": [{"date": "2022-07-26-03-00-00", "alternatives": ["39", "391", "39"]}, {"date": "2022-07-26-21-00-00", "alternatives": ["67", "57", "57"]}, {"date": "2022-07-26-07-00-00", "alternatives": ["90", "06", "90"]}, {"date": "2022-07-26-21-00-00", "alternatives": ["49", "6", "49"]}, {"date": "2022-07-26-21-00-00", "alternatives": ["49", "6", "49"]}, {"date": "2022-07-27-01-00-00", "alternatives": ["42", "12", "42"]}, {"date": "2022-07-27-01-00-00", "alternatives": ["42", "12", "42"]}, {"date": "2022-07-26-21-00-00", "alternatives": ["59", "58", "58"]}, {"date": "2022-07-26-21-00-00", "alternatives": ["59", "58", "58"]}, {"date": "2022-07-26-22-00-00", "alternatives": [50, 50, 50, 0]}, {"date": "2022-07-26-22-00-00", "alternatives": [50, 50, 50, 0]}, {"date": "2022-07-26-22-00-00", "alternatives": [50, 50, 50, 0]}, {"date": "2022-07-26-22-00-00", "alternatives": [50, 50, 50, 0]}, {"date": "2022-07-26-22-00-00", "alternatives": [50, 50, 50, 0]}, {"date": "2022-07-26-22-00-00", "alternatives": [50, 50, 50, 0]}, {"date": "2022-07-26-22-00-00", "alternatives": [50, 50, 50, 0]}, {"date": "2022-07-26-22-00-00", "alternatives": [50, 50, 50, 0]}, {"date": "2022-07-26-22-00-00", "alternatives": [50, 50, 50, 0]}, {"date": "2022-07-26-22-00-00", "alternatives": [50, 50, 50, 0]}, {"date": "2022-07-26-22-00-00", "alternatives": [50, 50, 50, 0]}, {"date": "2022-07-26-22-00-00", "alternatives": [50, 50, 50, 0]}, {"date": "2022-07-26-22-00-00", "alternatives": [50, 50, 50, 0]}, {"date": "2022-07-26-22-00-00", "alternatives": [50, 50, 50, 0]}, {"date": "2022-07-26-22-00-00", "alternatives": [50, 50, 50, 0]}]}, {"location": {"country_code": "es", "region": "Castille and Leon", "city": "Burgos"}, "game_id": "135305", "values": [{"date": "2022-07-26-18-00-00", "alternatives": [12, 44, 44, 44, 44, 44]}]}, {"location": {"country_code": "sa"}, "game_id": "135305", "values": [{"date": "2022-07-26-19-00-00", "alternatives": ["89", "68", "89"]}, {"date": "2022-07-26-19-00-00", "alternatives": ["89", "68", "89"]}, {"date": "2022-07-26-11-00-00", "alternatives": [89, 89, 19, 89, 9]}, {"date": "2022-07-26-11-00-00", "alternatives": [89, 89, 19, 89, 9]}, {"date": "2022-07-26-23-00-00", "alternatives": ["83", "88", "83"]}, {"date": "2022-07-27-00-00-00", "alternatives": ["90", "06", "90"]}]}, {"location": {"country_code": "ar"}, "game_id": "135305", "values": [{"date": "2022-07-26-16-00-00", "alternatives": [11, 151, 151, 51, 151]}, {"date": "2022-07-26-05-00-00", "alternatives": [20, 204, 204, 201, 204]}, {"date": "2022-07-26-05-00-00", "alternatives": [20, 204, 204, 201, 204]}]}, {"location": {"country_code": "ar", "region": "Buenos Aires F.D.", "city": "Bahia Blanca"}, "game_id": "135305", "values": [{"date": "2022-07-26-04-00-00", "alternatives": ["75", "175", "75"]}, {"date": "2022-07-26-04-00-00", "alternatives": ["75", "175", "75"]}, {"date": "2022-07-26-04-00-00", "alternatives": ["75", "175", "75"]}, {"date": "2022-07-26-04-00-00", "alternatives": ["75", "175", "75"]}, {"date": "2022-07-26-05-00-00", "alternatives": [44, 14, 144, 144, 144, 144]}, {"date": "2022-07-26-05-00-00", "alternatives": [44, 14, 144, 144, 144, 144]}, {"date": "2022-07-26-03-00-00", "alternatives": [89, 189, 189, 189]}]}, {"location": {"country_code": "bo"}, "game_id": "135305", "values": [{"date": "2022-07-26-05-00-00", "alternatives": [6, 126, 126, 126]}]}, {"location": {"country_code": "vn"}, "game_id": "135305", "values": [{"date": "2022-07-26-08-00-00", "alternatives": ["7", "17", "7"]}]}, {"location": {"country_code": "gb", "region": "Northern Ireland"}, "game_id": "135305", "values": [{"date": "2022-07-26-20-00-00", "alternatives": ["34", "34", "33"]}, {"date": "2022-07-26-20-00-00", "alternatives": ["34", "34", "33"]}]}, {"location": {"country_code": "fi"}, "game_id": "135305", "values": [{"date": "2022-07-26-16-00-00", "alternatives": [14, 44, 44, 44]}, {"date": "2022-07-26-16-00-00", "alternatives": [14, 44, 44, 44]}, {"date": "2022-07-26-16-00-00", "alternatives": [14, 44, 44, 44]}, {"date": "2022-07-26-16-00-00", "alternatives": [14, 44, 44, 44]}, {"date": "2022-07-26-16-00-00", "alternatives": [14, 44, 44, 44]}, {"date": "2022-07-26-16-00-00", "alternatives": [14, 44, 44, 44]}, {"date": "2022-07-26-16-00-00", "alternatives": [14, 44, 44, 44]}, {"date": "2022-07-26-20-00-00", "alternatives": [57, 7, 97, 57, 57]}, {"date": "2022-07-26-18-00-00", "alternatives": [1, 150, 150, 150]}, {"date": "2022-07-26-18-00-00", "alternatives": [1, 150, 150, 150]}, {"date": "2022-07-26-18-00-00", "alternatives": [1, 150, 150, 150]}, {"date": "2022-07-26-18-00-00", "alternatives": [1, 150, 150, 150]}, {"date": "2022-07-26-18-00-00", "alternatives": [1, 150, 150, 150]}, {"date": "2022-07-26-18-00-00", "alternatives": [1, 150, 150, 150]}, {"date": "2022-07-26-18-00-00", "alternatives": [1, 150, 150, 150]}, {"date": "2022-07-26-18-00-00", "alternatives": [1, 150, 150, 150]}, {"date": "2022-07-26-18-00-00", "alternatives": [1, 150, 150, 150]}, {"date": "2022-07-26-18-00-00", "alternatives": [1, 150, 150, 150]}, {"date": "2022-07-26-18-00-00", "alternatives": [1, 150, 150, 150]}, {"date": "2022-07-26-18-00-00", "alternatives": [1, 150, 150, 150]}, {"date": "2022-07-26-18-00-00", "alternatives": [1, 150, 150, 150]}, {"date": "2022-07-26-18-00-00", "alternatives": [1, 150, 150, 150]}, {"date": "2022-07-26-18-00-00", "alternatives": [1, 150, 150, 150]}, {"date": "2022-07-26-18-00-00", "alternatives": [1, 150, 150, 150]}, {"date": "2022-07-26-18-00-00", "alternatives": [1, 150, 150, 150]}, {"date": "2022-07-26-18-00-00", "alternatives": [1, 150, 150, 150]}, {"date": "2022-07-26-18-00-00", "alternatives": [1, 150, 150, 150]}, {"date": "2022-07-26-18-00-00", "alternatives": [1, 150, 150, 150]}, {"date": "2022-07-26-18-00-00", "alternatives": [1, 150, 150, 150]}, {"date": "2022-07-26-18-00-00", "alternatives": [1, 150, 150, 150]}, {"date": "2022-07-26-18-00-00", "alternatives": [1, 150, 150, 150]}, {"date": "2022-07-26-18-00-00", "alternatives": [1, 150, 150, 150]}, {"date": "2022-07-26-18-00-00", "alternatives": [1, 150, 150, 150]}, {"date": "2022-07-26-17-00-00", "alternatives": ["39", "39", "89"]}, {"date": "2022-07-26-17-00-00", "alternatives": ["39", "39", "89"]}]}, {"location": {"country_code": "br", "region": "Sao Paulo", "city": "Sao Vicente"}, "game_id": "135305", "values": [{"date": "2022-07-26-19-00-00", "alternatives": ["31", "3", "3"]}]}, {"location": {"country_code": "ru", "region": "Moscow", "city": "Zelenograd"}, "game_id": "135305", "values": [{"date": "2022-07-26-15-00-00", "alternatives": ["18", "49", "49"]}, {"date": "2022-07-26-15-00-00", "alternatives": ["18", "49", "49"]}, {"date": "2022-07-26-15-00-00", "alternatives": ["18", "49", "49"]}, {"date": "2022-07-26-15-00-00", "alternatives": ["18", "49", "49"]}]}, {"location": {"country_code": "ru"}, "game_id": "135305", "values": [{"date": "2022-07-26-15-00-00", "alternatives": [500, 1500, 1500, 1500, 1500]}, {"date": "2022-07-26-18-00-00", "alternatives": ["79", "62", "79"]}, {"date": "2022-07-26-18-00-00", "alternatives": ["49", "6", "49"]}, {"date": "2022-07-26-18-00-00", "alternatives": ["49", "6", "49"]}, {"date": "2022-07-26-18-00-00", "alternatives": ["49", "6", "49"]}]}, {"location": {"country_code": "us", "region": "Texas", "city": "Houston"}, "game_id": "135305", "values": [{"date": "2022-07-26-19-00-00", "alternatives": [14, 4, 44, 44, 44, 44]}, {"date": "2022-07-26-19-00-00", "alternatives": [14, 4, 44, 44, 44, 44]}, {"date": "2022-07-26-19-00-00", "alternatives": [14, 4, 44, 44, 44, 44]}, {"date": "2022-07-26-19-00-00", "alternatives": [14, 4, 44, 44, 44, 44]}, {"date": "2022-07-26-19-00-00", "alternatives": [14, 4, 44, 44, 44, 44]}, {"date": "2022-07-26-19-00-00", "alternatives": [14, 4, 44, 44, 44, 44]}, {"date": "2022-07-26-19-00-00", "alternatives": [14, 4, 44, 44, 44, 44]}, {"date": "2022-07-26-19-00-00", "alternatives": [14, 4, 44, 44, 44, 44]}, {"date": "2022-07-26-19-00-00", "alternatives": [14, 4, 44, 44, 44, 44]}, {"date": "2022-07-26-19-00-00", "alternatives": [14, 4, 44, 44, 44, 44]}, {"date": "2022-07-26-19-00-00", "alternatives": [14, 4, 44, 44, 44, 44]}, {"date": "2022-07-26-19-00-00", "alternatives": [14, 4, 44, 44, 44, 44]}, {"date": "2022-07-26-19-00-00", "alternatives": [14, 4, 44, 44, 44, 44]}, {"date": "2022-07-26-19-00-00", "alternatives": [14, 4, 44, 44, 44, 44]}, {"date": "2022-07-26-19-00-00", "alternatives": [14, 4, 44, 44, 44, 44]}, {"date": "2022-07-26-19-00-00", "alternatives": [14, 4, 44, 44, 44, 44]}]}, {"location": {"country_code": "hu"}, "game_id": "135305", "values": [{"date": "2022-07-26-15-00-00", "alternatives": ["45", "45", "15"]}, {"date": "2022-07-26-15-00-00", "alternatives": ["45", "45", "15"]}, {"date": "2022-07-26-15-00-00", "alternatives": ["45", "45", "15"]}]}, {"location": {"country_code": "co"}, "game_id": "135305", "values": [{"date": "2022-07-26-04-00-00", "alternatives": ["90", "06", "90"]}]}, {"location": {"country_code": "us", "region": "Indiana", "city": "Indianapolis"}, "game_id": "135305", "values": [{"date": "2022-07-26-04-00-00", "alternatives": ["38", "384", "38"]}, {"date": "2022-07-26-04-00-00", "alternatives": ["38", "384", "38"]}]}, {"location": {"country_code": "us", "region": "Utah"}, "game_id": "135305", "values": [{"date": "2022-07-26-07-00-00", "alternatives": ["55", "551", "55"]}, {"date": "2022-07-26-07-00-00", "alternatives": ["55", "551", "55"]}, {"date": "2022-07-26-07-00-00", "alternatives": ["55", "551", "55"]}, {"date": "2022-07-26-07-00-00", "alternatives": ["55", "551", "55"]}]}, {"location": {"country_code": "es", "region": "Catalonia", "city": "l'Hospitalet de Llobregat"}, "game_id": "135305", "values": [{"date": "2022-07-26-21-00-00", "alternatives": ["3", "3", "23"]}]}, {"location": {"country_code": "pl"}, "game_id": "135305", "values": [{"date": "2022-07-26-14-00-00", "alternatives": ["109", "149", "109"]}, {"date": "2022-07-26-14-00-00", "alternatives": ["109", "149", "109"]}, {"date": "2022-07-26-14-00-00", "alternatives": ["109", "149", "109"]}, {"date": "2022-07-26-23-00-00", "alternatives": ["34", "84", "34"]}, {"date": "2022-07-26-23-00-00", "alternatives": ["34", "84", "34"]}, {"date": "2022-07-26-15-00-00", "alternatives": ["29", "29", "290"]}]}, {"location": {"country_code": "ie"}, "game_id": "135305", "values": [{"date": "2022-07-26-17-00-00", "alternatives": [29, 2, 29, 29]}]}, {"location": {"country_code": "pe"}, "game_id": "135305", "values": [{"date": "2022-07-26-03-00-00", "alternatives": [2, 120, 120, 120, 20, 120]}, {"date": "2022-07-26-03-00-00", "alternatives": [2, 120, 120, 120, 20, 120]}, {"date": "2022-07-26-02-00-00", "alternatives": [10, 103, 103, 103]}, {"date": "2022-07-26-02-00-00", "alternatives": [10, 103, 103, 103]}, {"date": "2022-07-26-07-00-00", "alternatives": ["90", "06", "90"]}, {"date": "2022-07-26-07-00-00", "alternatives": ["90", "06", "90"]}]}, {"location": {"country_code": "ua"}, "game_id": "135305", "values": [{"date": "2022-07-26-16-00-00", "alternatives": [49, 49, 49, 49]}, {"date": "2022-07-26-16-00-00", "alternatives": [49, 49, 49, 49]}, {"date": "2022-07-26-16-00-00", "alternatives": [49, 49, 49, 49]}, {"date": "2022-07-27-00-00-00", "alternatives": ["39", "68", "39"]}, {"date": "2022-07-27-00-00-00", "alternatives": ["39", "68", "39"]}, {"date": "2022-07-27-00-00-00", "alternatives": ["39", "68", "39"]}, {"date": "2022-07-26-20-00-00", "alternatives": ["39", "68", "39"]}, {"date": "2022-07-26-20-00-00", "alternatives": ["39", "68", "39"]}, {"date": "2022-07-26-20-00-00", "alternatives": ["39", "68", "39"]}, {"date": "2022-07-26-20-00-00", "alternatives": ["39", "68", "39"]}, {"date": "2022-07-26-20-00-00", "alternatives": ["39", "68", "39"]}, {"date": "2022-07-26-17-00-00", "alternatives": ["39", "80", "39"]}, {"date": "2022-07-26-17-00-00", "alternatives": ["39", "80", "39"]}, {"date": "2022-07-26-17-00-00", "alternatives": ["39", "80", "39"]}, {"date": "2022-07-26-06-00-00", "alternatives": [14, 44, 44, 44]}, {"date": "2022-07-26-06-00-00", "alternatives": [14, 44, 44, 44]}]}, {"location": {"country_code": "br", "region": "Rondonia"}, "game_id": "135305", "values": [{"date": "2022-07-26-07-00-00", "alternatives": ["153", "153", "193"]}, {"date": "2022-07-26-07-00-00", "alternatives": ["153", "153", "193"]}, {"date": "2022-07-26-07-00-00", "alternatives": ["153", "153", "193"]}, {"date": "2022-07-26-07-00-00", "alternatives": ["153", "153", "193"]}, {"date": "2022-07-26-07-00-00", "alternatives": ["153", "153", "193"]}, {"date": "2022-07-26-07-00-00", "alternatives": ["153", "153", "193"]}]}, {"location": {"country_code": "sg"}, "game_id": "135305", "values": [{"date": "2022-07-26-13-00-00", "alternatives": ["72", "73", "72"]}, {"date": "2022-07-26-18-00-00", "alternatives": [73, 13, 3, 73, 73]}, {"date": "2022-07-26-18-00-00", "alternatives": [73, 13, 3, 73, 73]}, {"date": "2022-07-26-18-00-00", "alternatives": [73, 13, 3, 73, 73]}, {"date": "2022-07-26-16-00-00", "alternatives": ["3", "90", "90"]}, {"date": "2022-07-26-13-00-00", "alternatives": [8, 78, 78, 78, 73]}, {"date": "2022-07-26-13-00-00", "alternatives": [8, 78, 78, 78, 73]}, {"date": "2022-07-26-13-00-00", "alternatives": [8, 78, 78, 78, 73]}, {"date": "2022-07-26-13-00-00", "alternatives": [8, 78, 78, 78, 73]}, {"date": "2022-07-26-19-00-00", "alternatives": [4, 74, 74, 74, 74]}, {"date": "2022-07-26-16-00-00", "alternatives": ["72", "74", "74"]}, {"date": "2022-07-26-16-00-00", "alternatives": ["72", "74", "74"]}, {"date": "2022-07-26-16-00-00", "alternatives": ["72", "74", "74"]}]}, {"location": {"country_code": "it", "region": "Veneto"}, "game_id": "135305", "values": [{"date": "2022-07-26-15-00-00", "alternatives": ["81", "8", "8"]}, {"date": "2022-07-26-15-00-00", "alternatives": ["81", "8", "8"]}, {"date": "2022-07-26-15-00-00", "alternatives": ["81", "8", "8"]}]}, {"location": {"country_code": "fr", "region": "Occitanie", "city": "Toulouse"}, "game_id": "135305", "values": [{"date": "2022-07-26-23-00-00", "alternatives": ["26", "20", "26"]}]}, {"location": {"country_code": "ca", "region": "Ontario", "city": "Toronto"}, "game_id": "135305", "values": [{"date": "2022-07-26-03-00-00", "alternatives": [31, 1, 31, 31, 31]}]}, {"location": {"country_code": "my"}, "game_id": "135305", "values": [{"date": "2022-07-26-17-00-00", "alternatives": ["88", "8", "8"]}, {"date": "2022-07-26-11-00-00", "alternatives": ["89", "68", "89"]}, {"date": "2022-07-26-18-00-00", "alternatives": ["99", "66", "99"]}, {"date": "2022-07-26-18-00-00", "alternatives": ["247", "237", "247"]}, {"date": "2022-07-26-18-00-00", "alternatives": ["247", "237", "247"]}, {"date": "2022-07-26-16-00-00", "alternatives": ["2016", "206", "206"]}, {"date": "2022-07-26-18-00-00", "alternatives": ["89", "9", "9"]}, {"date": "2022-07-26-18-00-00", "alternatives": ["89", "9", "9"]}, {"date": "2022-07-26-14-00-00", "alternatives": ["99", "66", "99"]}, {"date": "2022-07-26-14-00-00", "alternatives": ["99", "66", "99"]}, {"date": "2022-07-26-14-00-00", "alternatives": ["99", "66", "99"]}, {"date": "2022-07-26-14-00-00", "alternatives": ["99", "66", "99"]}, {"date": "2022-07-26-16-00-00", "alternatives": ["185", "185", "855"]}, {"date": "2022-07-26-15-00-00", "alternatives": ["1", "111", "1"]}, {"date": "2022-07-26-15-00-00", "alternatives": ["1", "111", "1"]}, {"date": "2022-07-26-15-00-00", "alternatives": ["1", "111", "1"]}, {"date": "2022-07-26-17-00-00", "alternatives": [37, 137, 137, 137, 137]}, {"date": "2022-07-26-17-00-00", "alternatives": [37, 137, 137, 137, 137]}, {"date": "2022-07-26-13-00-00", "alternatives": ["88", "88", "880"]}, {"date": "2022-07-26-13-00-00", "alternatives": ["88", "88", "880"]}, {"date": "2022-07-26-13-00-00", "alternatives": ["88", "88", "880"]}]}, {"location": {"country_code": "py"}, "game_id": "135305", "values": [{"date": "2022-07-26-03-00-00", "alternatives": ["70", "170", "70"]}]}, {"location": {"country_code": "id"}, "game_id": "135305", "values": [{"date": "2022-07-26-19-00-00", "alternatives": ["0", "91", "91"]}, {"date": "2022-07-26-13-00-00", "alternatives": ["4", "4", "141"]}, {"date": "2022-07-26-13-00-00", "alternatives": ["4", "4", "141"]}, {"date": "2022-07-26-13-00-00", "alternatives": ["4", "4", "141"]}, {"date": "2022-07-26-13-00-00", "alternatives": ["4", "4", "141"]}, {"date": "2022-07-26-10-00-00", "alternatives": [94, 94, 9, 94]}, {"date": "2022-07-26-10-00-00", "alternatives": [94, 94, 9, 94]}, {"date": "2022-07-26-10-00-00", "alternatives": [94, 94, 9, 94]}, {"date": "2022-07-26-10-00-00", "alternatives": [94, 94, 9, 94]}, {"date": "2022-07-26-10-00-00", "alternatives": [94, 94, 9, 94]}, {"date": "2022-07-26-10-00-00", "alternatives": [94, 94, 9, 94]}, {"date": "2022-07-26-10-00-00", "alternatives": [94, 94, 9, 94]}, {"date": "2022-07-26-10-00-00", "alternatives": [94, 94, 9, 94]}, {"date": "2022-07-26-12-00-00", "alternatives": [6, 106010, 106, 106, 106]}, {"date": "2022-07-26-18-00-00", "alternatives": ["98", "99", "99"]}, {"date": "2022-07-26-18-00-00", "alternatives": ["98", "99", "99"]}, {"date": "2022-07-26-18-00-00", "alternatives": ["98", "99", "99"]}, {"date": "2022-07-26-18-00-00", "alternatives": ["98", "99", "99"]}, {"date": "2022-07-26-18-00-00", "alternatives": ["98", "99", "99"]}, {"date": "2022-07-26-18-00-00", "alternatives": ["98", "99", "99"]}]}, {"location": {"country_code": "se", "region": "Stockholm County", "city": "Stockholm"}, "game_id": "135305", "values": [{"date": "2022-07-27-02-00-00", "alternatives": ["27", "26", "27"]}]}, {"location": {"country_code": "pt"}, "game_id": "135305", "values": [{"date": "2022-07-26-19-00-00", "alternatives": ["51", "5", "5"]}]}, {"location": {"country_code": "pt", "region": "Lisbon District", "city": "Amadora"}, "game_id": "135305", "values": [{"date": "2022-07-26-03-00-00", "alternatives": ["49", "49", "49008"]}, {"date": "2022-07-26-12-00-00", "alternatives": ["200", "200", "2000"]}]}, {"location": {"country_code": "br", "region": "State of Rio de Janeiro", "city": "Angra dos Reis"}, "game_id": "135305", "values": [{"date": "2022-07-27-01-00-00", "alternatives": ["1225", "122", "122"]}, {"date": "2022-07-26-04-00-00", "alternatives": [131, 13, 131, 13, 131, 13]}, {"date": "2022-07-26-04-00-00", "alternatives": [131, 13, 131, 13, 131, 13]}, {"date": "2022-07-26-04-00-00", "alternatives": [131, 13, 131, 13, 131, 13]}]}, {"location": {"country_code": "cy"}, "game_id": "135305", "values": [{"date": "2022-07-26-16-00-00", "alternatives": ["6", "2", "6"]}]}, {"location": {"country_code": "es", "region": "Andalusia", "city": "Seville"}, "game_id": "135305", "values": [{"date": "2022-07-26-20-00-00", "alternatives": [14, 44, 44, 44]}]}, {"location": {"country_code": "sv"}, "game_id": "135305", "values": [{"date": "2022-07-26-03-00-00", "alternatives": ["55", "65", "55"]}]}, {"location": {"country_code": "fr", "region": "Ile-de-France Region", "city": "Paris"}, "game_id": "135305", "values": [{"date": "2022-07-26-12-00-00", "alternatives": [7, 17, 17, 17, 1]}]}, {"location": {"country_code": "br", "region": "Rio Grande do Sul"}, "game_id": "135305", "values": [{"date": "2022-07-26-05-00-00", "alternatives": [5, 15509, 155, 155, 155]}, {"date": "2022-07-26-05-00-00", "alternatives": [5, 15509, 155, 155, 155]}]}, {"location": {"country_code": "us", "region": "Massachusetts", "city": "Boston"}, "game_id": "135305", "values": [{"date": "2022-07-27-00-00-00", "alternatives": ["23", "2808", "23"]}]}, {"location": {"country_code": "us", "region": "State of Maine"}, "game_id": "135305", "values": [{"date": "2022-07-27-00-00-00", "alternatives": ["73", "73", "7370"]}]}, {"location": {"country_code": "us", "region": "Florida", "city": "Orlando"}, "game_id": "135305", "values": [{"date": "2022-07-26-03-00-00", "alternatives": ["5", "48", "48"]}]}, {"location": {"country_code": "pe", "region": "Lima region", "city": "Lima"}, "game_id": "135305", "values": [{"date": "2022-07-26-08-00-00", "alternatives": [16, 6, 16, 6, 16]}, {"date": "2022-07-26-08-00-00", "alternatives": [16, 6, 16, 6, 16]}]}, {"location": {"country_code": "mx", "region": "Jalisco", "city": "Guadalajara"}, "game_id": "135305", "values": [{"date": "2022-07-26-10-00-00", "alternatives": ["52", "62", "62"]}, {"date": "2022-07-26-10-00-00", "alternatives": ["52", "62", "62"]}]}, {"location": {"country_code": "by"}, "game_id": "135305", "values": [{"date": "2022-07-26-22-00-00", "alternatives": ["87", "37", "37"]}]}, {"location": {"country_code": "at", "region": "Upper Austria"}, "game_id": "135305", "values": [{"date": "2022-07-26-23-00-00", "alternatives": ["3", "3", "13"]}]}, {"location": {"country_code": "ca", "region": "Manitoba", "city": "Winnipeg"}, "game_id": "135305", "values": [{"date": "2022-07-26-10-00-00", "alternatives": ["77", "17", "77"]}]}, {"location": {"country_code": "ca", "region": "British Columbia", "city": "Richmond"}, "game_id": "135305", "values": [{"date": "2022-07-26-12-00-00", "alternatives": ["99", "66", "99"]}, {"date": "2022-07-26-12-00-00", "alternatives": ["99", "66", "99"]}, {"date": "2022-07-26-12-00-00", "alternatives": ["99", "66", "99"]}, {"date": "2022-07-27-02-00-00", "alternatives": ["90", "06", "90"]}]}, {"location": {"country_code": "br", "region": "Mato Grosso do Sul", "city": "Campo Grande"}, "game_id": "135305", "values": [{"date": "2022-07-27-02-00-00", "alternatives": [6901, 6, 169, 169, 169]}]}, {"location": {"country_code": "fr", "region": "Alvernia-Rodano-Alpi", "city": "Lyon"}, "game_id": "135305", "values": [{"date": "2022-07-27-00-00-00", "alternatives": [15, 5, 1, 15, 15, 15]}]}, {"location": {"country_code": "hn"}, "game_id": "135305", "values": [{"date": "2022-07-26-07-00-00", "alternatives": ["1", "111", "1"]}]}, {"location": {"country_code": "br", "region": "Federal District"}, "game_id": "135305", "values": [{"date": "2022-07-27-01-00-00", "alternatives": ["1353", "135", "135"]}]}, {"location": {"country_code": "pl", "region": "Lower Silesian Voivodeship"}, "game_id": "135305", "values": [{"date": "2022-07-26-19-00-00", "alternatives": ["39", "20", "39"]}]}, {"location": {"country_code": "us", "region": "Tennessee", "city": "Nashville"}, "game_id": "135305", "values": [{"date": "2022-07-26-18-00-00", "alternatives": [58, 8, 5, 58, 58, 58]}]}, {"location": {"country_code": "es", "region": "Madrid"}, "game_id": "135305", "values": [{"date": "2022-07-26-22-00-00", "alternatives": [14, 44, 44, 44, 44, 44]}, {"date": "2022-07-26-22-00-00", "alternatives": [14, 44, 44, 44, 44, 44]}, {"date": "2022-07-26-22-00-00", "alternatives": [14, 44, 44, 44, 44, 44]}]}, {"location": {"country_code": "br", "region": "Sao Paulo", "city": "Limeira"}, "game_id": "135305", "values": [{"date": "2022-07-26-05-00-00", "alternatives": [5, 15, 150, 5, 150, 150]}]}, {"location": {"country_code": "tw", "region": "New Taipei"}, "game_id": "135305", "values": [{"date": "2022-07-26-12-00-00", "alternatives": ["37", "36", "37"]}, {"date": "2022-07-26-12-00-00", "alternatives": ["37", "36", "37"]}]}, {"location": {"country_code": "br", "region": "Sao Paulo", "city": "Varzea Paulista"}, "game_id": "135305", "values": [{"date": "2022-07-26-06-00-00", "alternatives": ["8", "2", "8"]}, {"date": "2022-07-26-06-00-00", "alternatives": ["8", "2", "8"]}, {"date": "2022-07-26-06-00-00", "alternatives": ["8", "2", "8"]}]}, {"location": {"country_code": "us", "region": "Virginia", "city": "Richmond"}, "game_id": "135305", "values": [{"date": "2022-07-27-00-00-00", "alternatives": ["15", "45", "45"]}, {"date": "2022-07-27-00-00-00", "alternatives": ["15", "45", "45"]}, {"date": "2022-07-27-00-00-00", "alternatives": ["15", "45", "45"]}]}, {"location": {"country_code": "ru", "region": "Krasnoyarsk Krai", "city": "Norilsk"}, "game_id": "135305", "values": [{"date": "2022-07-26-08-00-00", "alternatives": [89, 9, 89, 19, 89, 89]}, {"date": "2022-07-26-08-00-00", "alternatives": [89, 9, 89, 19, 89, 89]}, {"date": "2022-07-26-08-00-00", "alternatives": [89, 9, 89, 19, 89, 89]}]}, {"location": {"country_code": "us", "region": "Ohio", "city": "Columbus"}, "game_id": "135305", "values": [{"date": "2022-07-26-09-00-00", "alternatives": ["27", "279", "27"]}]}, {"location": {"country_code": "br", "region": "Sao Paulo", "city": "Botucatu"}, "game_id": "135305", "values": [{"date": "2022-07-26-22-00-00", "alternatives": [491, 9, 149, 149, 149]}]}, {"location": {"country_code": "pt", "region": "Northern Mariana Islands", "city": "Porto"}, "game_id": "135305", "values": [{"date": "2022-07-26-15-00-00", "alternatives": [44, 44, 44, 44]}, {"date": "2022-07-26-15-00-00", "alternatives": [44, 44, 44, 44]}, {"date": "2022-07-26-15-00-00", "alternatives": [44, 44, 44, 44]}]}, {"location": {"country_code": "gb", "region": "England", "city": "Sheffield"}, "game_id": "135305", "values": [{"date": "2022-07-26-15-00-00", "alternatives": ["201", "201", "2071"]}, {"date": "2022-07-26-15-00-00", "alternatives": ["201", "201", "2071"]}]}, {"location": {"country_code": "gb", "region": "Wales"}, "game_id": "135305", "values": [{"date": "2022-07-26-20-00-00", "alternatives": [2, 29, 29, 29]}, {"date": "2022-07-26-20-00-00", "alternatives": [2, 29, 29, 29]}]}, {"location": {"country_code": "br", "region": "Parana", "city": "Umuarama"}, "game_id": "135305", "values": [{"date": "2022-07-26-23-00-00", "alternatives": [170, 70, 170, 7, 170]}]}, {"location": {"country_code": "ee"}, "game_id": "135305", "values": [{"date": "2022-07-26-19-00-00", "alternatives": [21, 21, 2, 21]}]}, {"location": {"country_code": "us", "region": "New York"}, "game_id": "135305", "values": [{"date": "2022-07-26-06-00-00", "alternatives": [13, 3, 13, 13, 13]}, {"date": "2022-07-26-06-00-00", "alternatives": [13, 3, 13, 13, 13]}, {"date": "2022-07-26-06-00-00", "alternatives": [13, 3, 13, 13, 13]}]}, {"location": {"country_code": "br", "region": "Para", "city": "Tailandia"}, "game_id": "135305", "values": [{"date": "2022-07-26-05-00-00", "alternatives": [2, 3, 132, 132, 1325, 132]}]}, {"location": {"country_code": "ru", "region": "Vladimir Oblast", "city": "Vladimir"}, "game_id": "135305", "values": [{"date": "2022-07-26-12-00-00", "alternatives": [0, 50, 50, 50]}, {"date": "2022-07-26-12-00-00", "alternatives": [0, 50, 50, 50]}, {"date": "2022-07-26-12-00-00", "alternatives": [0, 50, 50, 50]}, {"date": "2022-07-26-12-00-00", "alternatives": [0, 50, 50, 50]}]}, {"location": {"country_code": "br", "region": "Espirito Santo", "city": "Vila Velha"}, "game_id": "135305", "values": [{"date": "2022-07-26-16-00-00", "alternatives": [129, 29, 129, 1295, 2, 129]}]}, {"location": {"country_code": "fr", "region": "Aquitania-Limosino-Poitou-Charentes", "city": "Bordeaux"}, "game_id": "135305", "values": [{"date": "2022-07-26-22-00-00", "alternatives": [18, 81, 8, 18, 18]}, {"date": "2022-07-26-22-00-00", "alternatives": [18, 81, 8, 18, 18]}]}, {"location": {"country_code": "be", "region": "Brussels Capital", "city": "Brussels"}, "game_id": "135305", "values": [{"date": "2022-07-26-12-00-00", "alternatives": ["31", "30", "31"]}]}, {"location": {"country_code": "ar", "region": "Santa Fe Province"}, "game_id": "135305", "values": [{"date": "2022-07-26-21-00-00", "alternatives": ["156", "150", "156"]}]}, {"location": {"country_code": "br", "region": "Parana", "city": "Ponta Grossa"}, "game_id": "135305", "values": [{"date": "2022-07-26-07-00-00", "alternatives": ["154", "14", "154"]}, {"date": "2022-07-26-07-00-00", "alternatives": ["154", "14", "154"]}, {"date": "2022-07-26-07-00-00", "alternatives": ["154", "14", "154"]}, {"date": "2022-07-26-07-00-00", "alternatives": ["154", "14", "154"]}]}, {"location": {"country_code": "es", "region": "Balearic Islands", "city": "Porreres"}, "game_id": "135305", "values": [{"date": "2022-07-26-21-00-00", "alternatives": ["43", "48", "43"]}, {"date": "2022-07-26-21-00-00", "alternatives": ["43", "48", "43"]}, {"date": "2022-07-26-21-00-00", "alternatives": ["43", "48", "43"]}, {"date": "2022-07-26-21-00-00", "alternatives": ["43", "48", "43"]}]}, {"location": {"country_code": "ma"}, "game_id": "135305", "values": [{"date": "2022-07-26-17-00-00", "alternatives": ["52", "62", "62"]}, {"date": "2022-07-26-17-00-00", "alternatives": ["52", "62", "62"]}]}, {"location": {"country_code": "br", "region": "Sao Paulo", "city": "Peruibe"}, "game_id": "135305", "values": [{"date": "2022-07-26-02-00-00", "alternatives": ["1395", "139", "139"]}]}, {"location": {"country_code": "us", "region": "Alaska", "city": "Anchorage"}, "game_id": "135305", "values": [{"date": "2022-07-27-01-00-00", "alternatives": [21, 214, 214, 21, 214, 2]}, {"date": "2022-07-27-01-00-00", "alternatives": [21, 214, 214, 21, 214, 2]}]}, {"location": {"country_code": "es", "region": "Basque Country", "city": "Bilbao"}, "game_id": "135305", "values": [{"date": "2022-07-26-19-00-00", "alternatives": [6, 46, 46, 46, 46]}]}, {"location": {"country_code": "my", "region": "Kuala Lumpur"}, "game_id": "135305", "values": [{"date": "2022-07-26-06-00-00", "alternatives": [92, 92, 92, 92]}, {"date": "2022-07-26-06-00-00", "alternatives": [92, 92, 92, 92]}]}, {"location": {"country_code": "br", "region": "Sao Paulo", "city": "Mogi das Cruzes"}, "game_id": "135305", "values": [{"date": "2022-07-26-15-00-00", "alternatives": ["146", "140", "146"]}]}, {"location": {"country_code": "th", "region": "Chiang Mai", "city": "Chiang Mai"}, "game_id": "135305", "values": [{"date": "2022-07-26-20-00-00", "alternatives": ["11", "111", "11"]}, {"date": "2022-07-26-13-00-00", "alternatives": ["1", "111", "1"]}]}, {"location": {"country_code": "mx", "region": "Oaxaca"}, "game_id": "135305", "values": [{"date": "2022-07-26-05-00-00", "alternatives": ["93", "39", "93"]}]}, {"location": {"country_code": "th", "region": "Rayong", "city": "Map Ta Phut"}, "game_id": "135305", "values": [{"date": "2022-07-26-17-00-00", "alternatives": ["98", "86", "98"]}, {"date": "2022-07-26-17-00-00", "alternatives": ["98", "86", "98"]}, {"date": "2022-07-26-17-00-00", "alternatives": ["98", "86", "98"]}]}, {"location": {"country_code": "de", "region": "North Rhine-Westphalia", "city": "Wuppertal"}, "game_id": "135305", "values": [{"date": "2022-07-26-18-00-00", "alternatives": [19, 9, 19, 19, 19]}, {"date": "2022-07-26-18-00-00", "alternatives": [19, 9, 19, 19, 19]}]}, {"location": {"country_code": "br", "region": "Rio Grande do Sul", "city": "Gravatai"}, "game_id": "135305", "values": [{"date": "2022-07-26-03-00-00", "alternatives": [52, 152, 1592, 152, 152]}]}, {"location": {"country_code": "ph", "region": "National Capital Region"}, "game_id": "135305", "values": [{"date": "2022-07-26-11-00-00", "alternatives": [80, 80, 80, 80]}]}, {"location": {"country_code": "br", "region": "Piaui", "city": "Parnaiba"}, "game_id": "135305", "values": [{"date": "2022-07-26-21-00-00", "alternatives": [10, 10, 104, 104, 104]}, {"date": "2022-07-26-21-00-00", "alternatives": [10, 10, 104, 104, 104]}, {"date": "2022-07-26-21-00-00", "alternatives": [10, 10, 104, 104, 104]}, {"date": "2022-07-26-21-00-00", "alternatives": [10, 10, 104, 104, 104]}]}, {"location": {"country_code": "cl", "region": "Valparaiso", "city": "Vina del Mar"}, "game_id": "135305", "values": [{"date": "2022-07-26-05-00-00", "alternatives": ["154", "158", "154"]}]}, {"location": {"country_code": "us", "region": "Florida", "city": "Lakewood Park"}, "game_id": "135305", "values": [{"date": "2022-07-26-20-00-00", "alternatives": [47, 7, 47, 47, 47]}, {"date": "2022-07-26-20-00-00", "alternatives": [47, 7, 47, 47, 47]}, {"date": "2022-07-26-20-00-00", "alternatives": [47, 7, 47, 47, 47]}]}, {"location": {"country_code": "it", "region": "Veneto", "city": "Chioggia"}, "game_id": "135305", "values": [{"date": "2022-07-26-17-00-00", "alternatives": ["10", "40", "40"]}, {"date": "2022-07-26-17-00-00", "alternatives": ["10", "40", "40"]}]}, {"location": {"country_code": "gb", "region": "England", "city": "Tiverton"}, "game_id": "135305", "values": [{"date": "2022-07-26-23-00-00", "alternatives": ["43", "43", "33"]}, {"date": "2022-07-26-23-00-00", "alternatives": ["43", "43", "33"]}]}, {"location": {"country_code": "ru", "region": "Kemerovo Oblast"}, "game_id": "135305", "values": [{"date": "2022-07-26-21-00-00", "alternatives": ["91", "16", "91"]}, {"date": "2022-07-26-21-00-00", "alternatives": ["91", "16", "91"]}, {"date": "2022-07-26-21-00-00", "alternatives": ["91", "16", "91"]}, {"date": "2022-07-26-21-00-00", "alternatives": ["91", "16", "91"]}]}], "last_updated": 1719918127.676923}