{"data": [{"location": {"country_code": "us"}, "game_id": "747108", "values": [{"date": "2024-06-29-11-00-00", "alternatives": ["1", "15", "15"]}, {"date": "2024-06-29-11-00-00", "alternatives": ["1", "15", "15"]}, {"date": "2024-06-29-11-00-00", "alternatives": ["1", "15", "15"]}, {"date": "2024-06-29-11-00-00", "alternatives": ["1", "15", "15"]}, {"date": "2024-06-29-11-00-00", "alternatives": ["1", "15", "15"]}, {"date": "2024-06-29-11-00-00", "alternatives": ["1", "15", "15"]}, {"date": "2024-06-29-11-00-00", "alternatives": ["1", "15", "15"]}, {"date": "2024-06-29-11-00-00", "alternatives": ["1", "15", "15"]}, {"date": "2024-06-29-11-00-00", "alternatives": ["1", "15", "15"]}, {"date": "2024-06-29-11-00-00", "alternatives": ["1", "15", "15"]}, {"date": "2024-06-29-11-00-00", "alternatives": ["1", "15", "15"]}, {"date": "2024-06-29-11-00-00", "alternatives": ["1", "15", "15"]}, {"date": "2024-06-29-11-00-00", "alternatives": ["1", "15", "15"]}, {"date": "2024-06-29-11-00-00", "alternatives": ["1", "15", "15"]}, {"date": "2024-06-29-11-00-00", "alternatives": ["1", "15", "15"]}, {"date": "2024-06-29-11-00-00", "alternatives": ["1", "15", "15"]}, {"date": "2024-06-29-11-00-00", "alternatives": ["1", "15", "15"]}, {"date": "2024-06-29-11-00-00", "alternatives": ["1", "15", "15"]}, {"date": "2024-06-29-11-00-00", "alternatives": ["1", "15", "15"]}, {"date": "2024-06-29-11-00-00", "alternatives": ["1", "15", "15"]}, {"date": "2024-06-29-11-00-00", "alternatives": ["1", "15", "15"]}, {"date": "2024-06-29-11-00-00", "alternatives": ["1", "15", "15"]}, {"date": "2024-06-29-11-00-00", "alternatives": ["1", "15", "15"]}, {"date": "2024-06-29-11-00-00", "alternatives": ["1", "15", "15"]}, {"date": "2024-06-29-11-00-00", "alternatives": ["1", "15", "15"]}, {"date": "2024-06-29-11-00-00", "alternatives": ["1", "15", "15"]}, {"date": "2024-06-29-23-00-00", "alternatives": ["78", "78", "7"]}, {"date": "2024-06-29-23-00-00", "alternatives": ["78", "78", "7"]}, {"date": "2024-06-29-23-00-00", "alternatives": ["78", "78", "7"]}, {"date": "2024-06-29-23-00-00", "alternatives": ["78", "78", "7"]}, {"date": "2024-06-29-23-00-00", "alternatives": ["78", "78", "7"]}, {"date": "2024-06-29-23-00-00", "alternatives": ["78", "78", "7"]}, {"date": "2024-06-29-23-00-00", "alternatives": ["78", "78", "7"]}, {"date": "2024-06-29-23-00-00", "alternatives": ["78", "78", "7"]}, {"date": "2024-06-29-23-00-00", "alternatives": ["78", "78", "7"]}, {"date": "2024-06-29-23-00-00", "alternatives": ["78", "78", "7"]}, {"date": "2024-06-29-23-00-00", "alternatives": ["78", "78", "7"]}, {"date": "2024-06-29-23-00-00", "alternatives": ["78", "78", "7"]}, {"date": "2024-06-29-23-00-00", "alternatives": ["78", "78", "7"]}, {"date": "2024-06-29-23-00-00", "alternatives": ["78", "78", "7"]}, {"date": "2024-06-29-23-00-00", "alternatives": ["78", "78", "7"]}, {"date": "2024-06-29-23-00-00", "alternatives": ["78", "78", "7"]}, {"date": "2024-06-29-23-00-00", "alternatives": ["78", "78", "7"]}, {"date": "2024-06-29-23-00-00", "alternatives": ["78", "78", "7"]}, {"date": "2024-06-29-23-00-00", "alternatives": ["78", "78", "7"]}, {"date": "2024-06-29-23-00-00", "alternatives": ["78", "78", "7"]}, {"date": "2024-06-29-23-00-00", "alternatives": ["78", "78", "7"]}, {"date": "2024-06-29-23-00-00", "alternatives": ["78", "78", "7"]}, {"date": "2024-06-29-23-00-00", "alternatives": ["78", "78", "7"]}, {"date": "2024-06-29-23-00-00", "alternatives": ["78", "78", "7"]}, {"date": "2024-06-29-23-00-00", "alternatives": ["78", "78", "7"]}, {"date": "2024-06-29-23-00-00", "alternatives": ["78", "78", "7"]}, {"date": "2024-06-29-23-00-00", "alternatives": ["78", "78", "7"]}, {"date": "2024-06-29-23-00-00", "alternatives": ["78", "78", "7"]}, {"date": "2024-06-29-23-00-00", "alternatives": ["78", "78", "7"]}, {"date": "2024-06-29-23-00-00", "alternatives": ["78", "78", "7"]}]}, {"location": {"country_code": "jp"}, "game_id": "747108", "values": [{"date": "2024-06-30-02-00-00", "alternatives": ["82", "62", "62"]}, {"date": "2024-06-30-02-00-00", "alternatives": ["82", "62", "62"]}, {"date": "2024-06-30-02-00-00", "alternatives": ["82", "62", "62"]}, {"date": "2024-06-30-02-00-00", "alternatives": ["82", "62", "62"]}, {"date": "2024-06-30-02-00-00", "alternatives": ["82", "62", "62"]}, {"date": "2024-06-30-02-00-00", "alternatives": ["82", "62", "62"]}, {"date": "2024-06-30-02-00-00", "alternatives": ["82", "62", "62"]}, {"date": "2024-06-30-02-00-00", "alternatives": ["82", "62", "62"]}, {"date": "2024-06-30-02-00-00", "alternatives": ["82", "62", "62"]}, {"date": "2024-06-30-02-00-00", "alternatives": ["82", "62", "62"]}, {"date": "2024-06-30-02-00-00", "alternatives": ["82", "62", "62"]}, {"date": "2024-06-30-02-00-00", "alternatives": ["82", "62", "62"]}, {"date": "2024-06-30-02-00-00", "alternatives": ["82", "62", "62"]}, {"date": "2024-06-30-02-00-00", "alternatives": ["82", "62", "62"]}, {"date": "2024-06-30-02-00-00", "alternatives": ["82", "62", "62"]}, {"date": "2024-06-30-02-00-00", "alternatives": ["82", "62", "62"]}]}, {"location": {"country_code": "ca"}, "game_id": "747108", "values": [{"date": "2024-06-30-00-00-00", "alternatives": ["47", "7", "47"]}, {"date": "2024-06-30-00-00-00", "alternatives": ["47", "7", "47"]}, {"date": "2024-06-30-00-00-00", "alternatives": ["47", "7", "47"]}, {"date": "2024-06-30-00-00-00", "alternatives": ["47", "7", "47"]}, {"date": "2024-06-30-00-00-00", "alternatives": ["47", "7", "47"]}, {"date": "2024-06-30-00-00-00", "alternatives": ["47", "7", "47"]}, {"date": "2024-06-30-00-00-00", "alternatives": ["47", "7", "47"]}, {"date": "2024-06-30-00-00-00", "alternatives": ["47", "7", "47"]}, {"date": "2024-06-30-00-00-00", "alternatives": ["47", "7", "47"]}, {"date": "2024-06-30-00-00-00", "alternatives": ["47", "7", "47"]}, {"date": "2024-06-30-00-00-00", "alternatives": ["47", "7", "47"]}, {"date": "2024-06-30-00-00-00", "alternatives": ["47", "7", "47"]}, {"date": "2024-06-30-00-00-00", "alternatives": ["47", "7", "47"]}, {"date": "2024-06-30-00-00-00", "alternatives": ["47", "7", "47"]}, {"date": "2024-06-30-00-00-00", "alternatives": ["47", "7", "47"]}, {"date": "2024-06-30-00-00-00", "alternatives": ["47", "7", "47"]}, {"date": "2024-06-30-00-00-00", "alternatives": ["47", "7", "47"]}, {"date": "2024-06-30-00-00-00", "alternatives": ["47", "7", "47"]}, {"date": "2024-06-30-00-00-00", "alternatives": ["47", "7", "47"]}, {"date": "2024-06-30-00-00-00", "alternatives": ["47", "7", "47"]}, {"date": "2024-06-30-00-00-00", "alternatives": ["47", "7", "47"]}, {"date": "2024-06-30-00-00-00", "alternatives": ["47", "7", "47"]}, {"date": "2024-06-30-00-00-00", "alternatives": ["47", "7", "47"]}, {"date": "2024-06-30-00-00-00", "alternatives": ["47", "7", "47"]}, {"date": "2024-06-30-00-00-00", "alternatives": ["47", "7", "47"]}, {"date": "2024-06-30-00-00-00", "alternatives": ["47", "7", "47"]}, {"date": "2024-06-30-00-00-00", "alternatives": ["47", "7", "47"]}, {"date": "2024-06-30-00-00-00", "alternatives": ["47", "7", "47"]}, {"date": "2024-06-30-00-00-00", "alternatives": ["47", "7", "47"]}, {"date": "2024-06-30-00-00-00", "alternatives": ["47", "7", "47"]}, {"date": "2024-06-30-00-00-00", "alternatives": ["47", "7", "47"]}, {"date": "2024-06-30-00-00-00", "alternatives": ["47", "7", "47"]}, {"date": "2024-06-30-00-00-00", "alternatives": ["47", "7", "47"]}, {"date": "2024-06-30-00-00-00", "alternatives": ["47", "7", "47"]}, {"date": "2024-06-30-00-00-00", "alternatives": ["47", "7", "47"]}, {"date": "2024-06-30-00-00-00", "alternatives": ["47", "7", "47"]}, {"date": "2024-06-30-00-00-00", "alternatives": ["47", "7", "47"]}, {"date": "2024-06-30-00-00-00", "alternatives": ["47", "7", "47"]}, {"date": "2024-06-30-00-00-00", "alternatives": ["47", "7", "47"]}, {"date": "2024-06-30-00-00-00", "alternatives": ["47", "7", "47"]}, {"date": "2024-06-30-00-00-00", "alternatives": ["47", "7", "47"]}, {"date": "2024-06-30-00-00-00", "alternatives": ["47", "7", "47"]}, {"date": "2024-06-30-00-00-00", "alternatives": ["47", "7", "47"]}, {"date": "2024-06-30-00-00-00", "alternatives": ["47", "7", "47"]}, {"date": "2024-06-30-00-00-00", "alternatives": ["47", "7", "47"]}, {"date": "2024-06-30-00-00-00", "alternatives": ["47", "7", "47"]}, {"date": "2024-06-30-00-00-00", "alternatives": ["47", "7", "47"]}, {"date": "2024-06-30-00-00-00", "alternatives": ["47", "7", "47"]}, {"date": "2024-06-30-00-00-00", "alternatives": ["47", "7", "47"]}, {"date": "2024-06-30-00-00-00", "alternatives": ["47", "7", "47"]}, {"date": "2024-06-30-00-00-00", "alternatives": ["47", "7", "47"]}]}, {"location": {"country_code": "tw"}, "game_id": "747108", "values": [{"date": "2024-06-30-02-00-00", "alternatives": ["1", "15", "15"]}, {"date": "2024-06-30-02-00-00", "alternatives": ["1", "15", "15"]}, {"date": "2024-06-30-02-00-00", "alternatives": ["1", "15", "15"]}, {"date": "2024-06-30-02-00-00", "alternatives": ["1", "15", "15"]}, {"date": "2024-06-30-02-00-00", "alternatives": ["1", "15", "15"]}, {"date": "2024-06-30-02-00-00", "alternatives": ["1", "15", "15"]}, {"date": "2024-06-30-02-00-00", "alternatives": ["1", "15", "15"]}, {"date": "2024-06-30-02-00-00", "alternatives": ["1", "15", "15"]}, {"date": "2024-06-30-02-00-00", "alternatives": ["1", "15", "15"]}, {"date": "2024-06-30-02-00-00", "alternatives": ["1", "15", "15"]}, {"date": "2024-06-30-02-00-00", "alternatives": ["1", "15", "15"]}, {"date": "2024-06-30-02-00-00", "alternatives": ["1", "15", "15"]}, {"date": "2024-06-30-02-00-00", "alternatives": ["1", "15", "15"]}, {"date": "2024-06-30-02-00-00", "alternatives": ["1", "15", "15"]}, {"date": "2024-06-30-02-00-00", "alternatives": ["1", "15", "15"]}, {"date": "2024-06-30-02-00-00", "alternatives": ["1", "15", "15"]}, {"date": "2024-06-30-02-00-00", "alternatives": ["1", "15", "15"]}, {"date": "2024-06-30-02-00-00", "alternatives": ["1", "15", "15"]}, {"date": "2024-06-30-02-00-00", "alternatives": ["1", "15", "15"]}, {"date": "2024-06-30-02-00-00", "alternatives": ["1", "15", "15"]}, {"date": "2024-06-30-02-00-00", "alternatives": ["1", "15", "15"]}, {"date": "2024-06-30-02-00-00", "alternatives": ["1", "15", "15"]}, {"date": "2024-06-30-02-00-00", "alternatives": ["1", "15", "15"]}, {"date": "2024-06-30-02-00-00", "alternatives": ["1", "15", "15"]}, {"date": "2024-06-30-02-00-00", "alternatives": ["1", "15", "15"]}, {"date": "2024-06-30-02-00-00", "alternatives": ["1", "15", "15"]}, {"date": "2024-06-30-02-00-00", "alternatives": ["1", "15", "15"]}, {"date": "2024-06-30-02-00-00", "alternatives": ["1", "15", "15"]}, {"date": "2024-06-30-02-00-00", "alternatives": ["1", "15", "15"]}, {"date": "2024-06-30-02-00-00", "alternatives": ["1", "15", "15"]}, {"date": "2024-06-30-02-00-00", "alternatives": ["1", "15", "15"]}, {"date": "2024-06-30-02-00-00", "alternatives": ["1", "15", "15"]}, {"date": "2024-06-30-02-00-00", "alternatives": ["1", "15", "15"]}, {"date": "2024-06-30-02-00-00", "alternatives": ["1", "15", "15"]}, {"date": "2024-06-30-02-00-00", "alternatives": ["1", "15", "15"]}, {"date": "2024-06-30-02-00-00", "alternatives": ["1", "15", "15"]}, {"date": "2024-06-30-02-00-00", "alternatives": ["1", "15", "15"]}, {"date": "2024-06-30-02-00-00", "alternatives": ["1", "15", "15"]}, {"date": "2024-06-29-16-00-00", "alternatives": ["15", "15", "19"]}, {"date": "2024-06-29-16-00-00", "alternatives": ["157", "157", "15"]}, {"date": "2024-06-29-16-00-00", "alternatives": ["157", "157", "15"]}, {"date": "2024-06-29-16-00-00", "alternatives": ["157", "157", "15"]}, {"date": "2024-06-29-16-00-00", "alternatives": ["157", "157", "15"]}, {"date": "2024-06-29-16-00-00", "alternatives": ["157", "157", "15"]}, {"date": "2024-06-29-16-00-00", "alternatives": ["157", "157", "15"]}, {"date": "2024-06-29-16-00-00", "alternatives": ["157", "157", "15"]}, {"date": "2024-06-29-16-00-00", "alternatives": ["157", "157", "15"]}, {"date": "2024-06-29-16-00-00", "alternatives": ["157", "157", "15"]}, {"date": "2024-06-29-16-00-00", "alternatives": ["157", "157", "15"]}, {"date": "2024-06-29-16-00-00", "alternatives": ["157", "157", "15"]}, {"date": "2024-06-29-16-00-00", "alternatives": ["157", "157", "15"]}, {"date": "2024-06-29-16-00-00", "alternatives": ["157", "157", "15"]}, {"date": "2024-06-29-16-00-00", "alternatives": ["157", "157", "15"]}, {"date": "2024-06-29-16-00-00", "alternatives": ["157", "157", "15"]}, {"date": "2024-06-29-16-00-00", "alternatives": ["157", "157", "15"]}, {"date": "2024-06-29-16-00-00", "alternatives": ["157", "157", "15"]}, {"date": "2024-06-29-16-00-00", "alternatives": ["157", "157", "15"]}, {"date": "2024-06-29-16-00-00", "alternatives": ["157", "157", "15"]}, {"date": "2024-06-29-16-00-00", "alternatives": ["157", "157", "15"]}, {"date": "2024-06-29-16-00-00", "alternatives": ["157", "157", "15"]}, {"date": "2024-06-29-16-00-00", "alternatives": ["157", "157", "15"]}, {"date": "2024-06-29-16-00-00", "alternatives": ["157", "157", "15"]}, {"date": "2024-06-29-16-00-00", "alternatives": ["157", "157", "15"]}, {"date": "2024-06-29-16-00-00", "alternatives": ["157", "157", "15"]}, {"date": "2024-06-29-16-00-00", "alternatives": ["157", "157", "15"]}, {"date": "2024-06-29-16-00-00", "alternatives": ["157", "157", "15"]}, {"date": "2024-06-29-16-00-00", "alternatives": ["157", "157", "15"]}]}, {"location": {"country_code": "gb", "region": "England"}, "game_id": "747108", "values": [{"date": "2024-06-29-22-00-00", "alternatives": ["40", "4", "4"]}, {"date": "2024-06-29-22-00-00", "alternatives": ["40", "4", "4"]}, {"date": "2024-06-29-22-00-00", "alternatives": ["40", "4", "4"]}]}, {"location": {"country_code": "cl"}, "game_id": "747108", "values": [{"date": "2024-06-30-02-00-00", "alternatives": ["52", "52", "22"]}, {"date": "2024-06-30-02-00-00", "alternatives": ["52", "52", "22"]}, {"date": "2024-06-30-02-00-00", "alternatives": ["52", "52", "22"]}]}, {"location": {"country_code": "ph"}, "game_id": "747108", "values": [{"date": "2024-06-29-08-00-00", "alternatives": ["2196", "219", "219"]}, {"date": "2024-06-29-08-00-00", "alternatives": ["2196", "219", "219"]}, {"date": "2024-06-29-08-00-00", "alternatives": ["2196", "219", "219"]}, {"date": "2024-06-29-18-00-00", "alternatives": ["20375", "203", "203"]}, {"date": "2024-06-29-18-00-00", "alternatives": ["20375", "203", "203"]}, {"date": "2024-06-29-18-00-00", "alternatives": ["20375", "203", "203"]}, {"date": "2024-06-29-18-00-00", "alternatives": ["20375", "203", "203"]}, {"date": "2024-06-29-18-00-00", "alternatives": ["20375", "203", "203"]}, {"date": "2024-06-29-18-00-00", "alternatives": ["20375", "203", "203"]}]}, {"location": {"country_code": "mx"}, "game_id": "747108", "values": [{"date": "2024-06-29-10-00-00", "alternatives": ["63", "63", "3"]}, {"date": "2024-06-29-10-00-00", "alternatives": ["63", "63", "3"]}, {"date": "2024-06-29-10-00-00", "alternatives": ["63", "63", "3"]}, {"date": "2024-06-29-10-00-00", "alternatives": ["63", "63", "3"]}, {"date": "2024-06-29-10-00-00", "alternatives": ["63", "63", "3"]}, {"date": "2024-06-29-10-00-00", "alternatives": ["63", "63", "3"]}, {"date": "2024-06-29-10-00-00", "alternatives": ["63", "63", "3"]}, {"date": "2024-06-29-10-00-00", "alternatives": ["63", "63", "3"]}, {"date": "2024-06-29-10-00-00", "alternatives": ["63", "63", "3"]}, {"date": "2024-06-29-10-00-00", "alternatives": ["63", "63", "3"]}, {"date": "2024-06-29-10-00-00", "alternatives": ["63", "63", "3"]}, {"date": "2024-06-29-10-00-00", "alternatives": ["63", "63", "3"]}, {"date": "2024-06-29-10-00-00", "alternatives": ["63", "63", "3"]}, {"date": "2024-06-29-10-00-00", "alternatives": ["63", "63", "3"]}, {"date": "2024-06-29-10-00-00", "alternatives": ["63", "63", "3"]}, {"date": "2024-06-29-10-00-00", "alternatives": ["63", "63", "3"]}, {"date": "2024-06-29-10-00-00", "alternatives": ["63", "63", "3"]}, {"date": "2024-06-29-10-00-00", "alternatives": ["63", "63", "3"]}, {"date": "2024-06-29-10-00-00", "alternatives": ["63", "63", "3"]}, {"date": "2024-06-29-10-00-00", "alternatives": ["63", "63", "3"]}, {"date": "2024-06-29-10-00-00", "alternatives": ["63", "63", "3"]}, {"date": "2024-06-29-10-00-00", "alternatives": ["63", "63", "3"]}, {"date": "2024-06-29-10-00-00", "alternatives": ["63", "63", "3"]}, {"date": "2024-06-29-10-00-00", "alternatives": ["63", "63", "3"]}, {"date": "2024-06-29-10-00-00", "alternatives": ["63", "63", "3"]}, {"date": "2024-06-29-10-00-00", "alternatives": ["63", "63", "3"]}, {"date": "2024-06-29-10-00-00", "alternatives": ["63", "63", "3"]}, {"date": "2024-06-29-10-00-00", "alternatives": ["63", "63", "3"]}, {"date": "2024-06-29-10-00-00", "alternatives": ["63", "63", "3"]}, {"date": "2024-06-29-10-00-00", "alternatives": ["63", "63", "3"]}, {"date": "2024-06-29-10-00-00", "alternatives": ["63", "63", "3"]}, {"date": "2024-06-29-10-00-00", "alternatives": ["63", "63", "3"]}, {"date": "2024-06-29-10-00-00", "alternatives": ["63", "63", "3"]}, {"date": "2024-06-29-10-00-00", "alternatives": ["63", "63", "3"]}, {"date": "2024-06-29-10-00-00", "alternatives": ["63", "63", "3"]}, {"date": "2024-06-29-10-00-00", "alternatives": ["63", "63", "3"]}]}, {"location": {"country_code": "br"}, "game_id": "747108", "values": [{"date": "2024-06-30-02-00-00", "alternatives": ["14", "140", "140"]}, {"date": "2024-06-30-02-00-00", "alternatives": ["14", "140", "140"]}, {"date": "2024-06-30-02-00-00", "alternatives": ["14", "140", "140"]}, {"date": "2024-06-30-02-00-00", "alternatives": ["14", "140", "140"]}, {"date": "2024-06-30-02-00-00", "alternatives": ["14", "140", "140"]}, {"date": "2024-06-30-02-00-00", "alternatives": ["14", "140", "140"]}, {"date": "2024-06-30-02-00-00", "alternatives": ["14", "140", "140"]}, {"date": "2024-06-30-02-00-00", "alternatives": ["14", "140", "140"]}, {"date": "2024-06-30-02-00-00", "alternatives": ["14", "140", "140"]}, {"date": "2024-06-30-02-00-00", "alternatives": ["14", "140", "140"]}, {"date": "2024-06-30-02-00-00", "alternatives": ["14", "140", "140"]}, {"date": "2024-06-30-02-00-00", "alternatives": ["14", "140", "140"]}, {"date": "2024-06-30-02-00-00", "alternatives": ["14", "140", "140"]}, {"date": "2024-06-30-02-00-00", "alternatives": ["14", "140", "140"]}, {"date": "2024-06-30-02-00-00", "alternatives": ["14", "140", "140"]}, {"date": "2024-06-30-02-00-00", "alternatives": ["14", "140", "140"]}]}, {"location": {"country_code": "br", "region": "Sao Paulo", "city": "Apiai"}, "game_id": "747108", "values": [{"date": "2024-06-30-00-00-00", "alternatives": ["125", "125", "129"]}, {"date": "2024-06-30-00-00-00", "alternatives": ["125", "125", "129"]}, {"date": "2024-06-30-00-00-00", "alternatives": ["125", "125", "129"]}]}, {"location": {"country_code": "se"}, "game_id": "747108", "values": [{"date": "2024-06-29-17-00-00", "alternatives": ["31", "31", "3"]}, {"date": "2024-06-29-17-00-00", "alternatives": ["31", "31", "3"]}, {"date": "2024-06-29-17-00-00", "alternatives": ["31", "31", "3"]}, {"date": "2024-06-29-17-00-00", "alternatives": ["31", "31", "3"]}, {"date": "2024-06-29-17-00-00", "alternatives": ["31", "31", "3"]}, {"date": "2024-06-29-17-00-00", "alternatives": ["31", "31", "3"]}, {"date": "2024-06-29-17-00-00", "alternatives": ["31", "31", "3"]}, {"date": "2024-06-29-17-00-00", "alternatives": ["31", "31", "3"]}, {"date": "2024-06-29-17-00-00", "alternatives": ["31", "31", "3"]}, {"date": "2024-06-29-17-00-00", "alternatives": ["31", "31", "3"]}, {"date": "2024-06-29-17-00-00", "alternatives": ["31", "31", "3"]}, {"date": "2024-06-29-17-00-00", "alternatives": ["31", "31", "3"]}, {"date": "2024-06-29-17-00-00", "alternatives": ["31", "31", "3"]}, {"date": "2024-06-29-17-00-00", "alternatives": ["31", "31", "3"]}, {"date": "2024-06-29-17-00-00", "alternatives": ["31", "31", "3"]}, {"date": "2024-06-29-17-00-00", "alternatives": ["31", "31", "3"]}, {"date": "2024-06-29-17-00-00", "alternatives": ["31", "31", "3"]}, {"date": "2024-06-29-17-00-00", "alternatives": ["31", "31", "3"]}, {"date": "2024-06-29-17-00-00", "alternatives": ["31", "31", "3"]}, {"date": "2024-06-29-17-00-00", "alternatives": ["31", "31", "3"]}, {"date": "2024-06-29-17-00-00", "alternatives": ["31", "31", "3"]}]}, {"location": {"country_code": "ar"}, "game_id": "747108", "values": [{"date": "2024-06-30-02-00-00", "alternatives": ["157", "157", "1857"]}, {"date": "2024-06-30-02-00-00", "alternatives": ["157", "157", "1857"]}, {"date": "2024-06-30-02-00-00", "alternatives": ["157", "157", "1857"]}, {"date": "2024-06-30-02-00-00", "alternatives": ["157", "157", "1857"]}, {"date": "2024-06-30-02-00-00", "alternatives": ["157", "157", "1857"]}, {"date": "2024-06-30-02-00-00", "alternatives": ["157", "157", "1857"]}, {"date": "2024-06-30-02-00-00", "alternatives": ["157", "157", "1857"]}, {"date": "2024-06-30-02-00-00", "alternatives": ["157", "157", "1857"]}, {"date": "2024-06-30-02-00-00", "alternatives": ["157", "157", "1857"]}, {"date": "2024-06-30-02-00-00", "alternatives": ["157", "157", "1857"]}, {"date": "2024-06-30-02-00-00", "alternatives": ["157", "157", "1857"]}, {"date": "2024-06-30-02-00-00", "alternatives": ["157", "157", "1857"]}, {"date": "2024-06-30-02-00-00", "alternatives": ["157", "157", "1857"]}, {"date": "2024-06-30-02-00-00", "alternatives": ["157", "157", "1857"]}, {"date": "2024-06-30-02-00-00", "alternatives": ["157", "157", "1857"]}, {"date": "2024-06-30-02-00-00", "alternatives": ["157", "157", "1857"]}, {"date": "2024-06-30-02-00-00", "alternatives": ["157", "157", "1857"]}, {"date": "2024-06-30-02-00-00", "alternatives": ["157", "157", "1857"]}, {"date": "2024-06-30-02-00-00", "alternatives": ["157", "157", "1857"]}, {"date": "2024-06-30-02-00-00", "alternatives": ["157", "157", "1857"]}, {"date": "2024-06-30-02-00-00", "alternatives": ["157", "157", "1857"]}, {"date": "2024-06-29-08-00-00", "alternatives": ["141", "141", "1141"]}, {"date": "2024-06-29-08-00-00", "alternatives": ["141", "141", "1141"]}, {"date": "2024-06-29-08-00-00", "alternatives": ["141", "141", "1141"]}, {"date": "2024-06-29-08-00-00", "alternatives": ["141", "141", "1141"]}, {"date": "2024-06-29-08-00-00", "alternatives": ["141", "141", "1141"]}, {"date": "2024-06-29-08-00-00", "alternatives": ["141", "141", "1141"]}, {"date": "2024-06-29-08-00-00", "alternatives": ["141", "141", "1141"]}, {"date": "2024-06-29-08-00-00", "alternatives": ["141", "141", "1141"]}, {"date": "2024-06-29-08-00-00", "alternatives": ["141", "141", "1141"]}, {"date": "2024-06-29-07-00-00", "alternatives": ["7", "7", "1"]}]}, {"location": {"country_code": "fi"}, "game_id": "747108", "values": [{"date": "2024-06-29-23-00-00", "alternatives": ["47", "47", "4"]}, {"date": "2024-06-29-23-00-00", "alternatives": ["47", "47", "4"]}, {"date": "2024-06-29-23-00-00", "alternatives": ["47", "47", "4"]}, {"date": "2024-06-29-23-00-00", "alternatives": ["47", "47", "4"]}, {"date": "2024-06-29-23-00-00", "alternatives": ["47", "47", "4"]}, {"date": "2024-06-29-23-00-00", "alternatives": ["47", "47", "4"]}, {"date": "2024-06-29-23-00-00", "alternatives": ["47", "47", "4"]}, {"date": "2024-06-29-23-00-00", "alternatives": ["47", "47", "4"]}, {"date": "2024-06-29-23-00-00", "alternatives": ["47", "47", "4"]}, {"date": "2024-06-29-23-00-00", "alternatives": ["47", "47", "4"]}, {"date": "2024-06-29-23-00-00", "alternatives": ["47", "47", "4"]}, {"date": "2024-06-29-23-00-00", "alternatives": ["47", "47", "4"]}, {"date": "2024-06-29-23-00-00", "alternatives": ["47", "47", "4"]}]}, {"location": {"country_code": "ar", "region": "Buenos Aires F.D.", "city": "Bahia Blanca"}, "game_id": "747108", "values": [{"date": "2024-06-30-02-00-00", "alternatives": ["14", "140", "140"]}, {"date": "2024-06-30-02-00-00", "alternatives": ["14", "140", "140"]}, {"date": "2024-06-30-02-00-00", "alternatives": ["14", "140", "140"]}, {"date": "2024-06-30-02-00-00", "alternatives": ["14", "140", "140"]}, {"date": "2024-06-30-02-00-00", "alternatives": ["14", "140", "140"]}, {"date": "2024-06-30-02-00-00", "alternatives": ["14", "140", "140"]}, {"date": "2024-06-30-02-00-00", "alternatives": ["14", "140", "140"]}, {"date": "2024-06-30-02-00-00", "alternatives": ["14", "140", "140"]}, {"date": "2024-06-30-02-00-00", "alternatives": ["14", "140", "140"]}, {"date": "2024-06-30-02-00-00", "alternatives": ["14", "140", "140"]}, {"date": "2024-06-30-02-00-00", "alternatives": ["14", "140", "140"]}, {"date": "2024-06-30-02-00-00", "alternatives": ["14", "140", "140"]}, {"date": "2024-06-30-02-00-00", "alternatives": ["14", "140", "140"]}, {"date": "2024-06-30-02-00-00", "alternatives": ["14", "140", "140"]}, {"date": "2024-06-30-02-00-00", "alternatives": ["14", "140", "140"]}]}, {"location": {"country_code": "ar", "region": "Buenos Aires"}, "game_id": "747108", "values": [{"date": "2024-06-29-07-00-00", "alternatives": ["172", "172", "17"]}, {"date": "2024-06-29-07-00-00", "alternatives": ["172", "172", "17"]}, {"date": "2024-06-29-07-00-00", "alternatives": ["172", "172", "17"]}, {"date": "2024-06-29-07-00-00", "alternatives": ["172", "172", "17"]}, {"date": "2024-06-29-07-00-00", "alternatives": ["172", "172", "17"]}, {"date": "2024-06-29-07-00-00", "alternatives": ["172", "172", "17"]}, {"date": "2024-06-29-07-00-00", "alternatives": ["172", "172", "17"]}, {"date": "2024-06-29-07-00-00", "alternatives": ["172", "172", "17"]}, {"date": "2024-06-29-07-00-00", "alternatives": ["172", "172", "17"]}, {"date": "2024-06-29-07-00-00", "alternatives": ["172", "172", "17"]}]}, {"location": {"country_code": "es", "region": "Catalonia", "city": "l'Hospitalet de Llobregat"}, "game_id": "747108", "values": [{"date": "2024-06-29-18-00-00", "alternatives": ["32", "82", "32"]}]}, {"location": {"country_code": "ca", "region": "Ontario", "city": "Toronto"}, "game_id": "747108", "values": [{"date": "2024-06-29-10-00-00", "alternatives": ["62", "62", "2"]}, {"date": "2024-06-29-10-00-00", "alternatives": ["62", "62", "2"]}, {"date": "2024-06-29-10-00-00", "alternatives": ["62", "62", "2"]}]}, {"location": {"country_code": "do"}, "game_id": "747108", "values": [{"date": "2024-06-29-10-00-00", "alternatives": ["6", "16", "16"]}, {"date": "2024-06-29-10-00-00", "alternatives": ["6", "16", "16"]}]}, {"location": {"country_code": "fr", "region": "Alvernia-Rodano-Alpi", "city": "Lyon"}, "game_id": "747108", "values": [{"date": "2024-06-30-02-00-00", "alternatives": ["16", "16", "18"]}, {"date": "2024-06-30-02-00-00", "alternatives": ["16", "16", "18"]}, {"date": "2024-06-30-02-00-00", "alternatives": ["16", "16", "18"]}, {"date": "2024-06-30-02-00-00", "alternatives": ["16", "16", "18"]}, {"date": "2024-06-30-02-00-00", "alternatives": ["16", "16", "18"]}, {"date": "2024-06-30-02-00-00", "alternatives": ["16", "16", "18"]}, {"date": "2024-06-30-02-00-00", "alternatives": ["16", "16", "18"]}, {"date": "2024-06-30-02-00-00", "alternatives": ["16", "16", "18"]}, {"date": "2024-06-30-02-00-00", "alternatives": ["16", "16", "18"]}, {"date": "2024-06-30-02-00-00", "alternatives": ["16", "16", "18"]}, {"date": "2024-06-30-02-00-00", "alternatives": ["16", "16", "18"]}, {"date": "2024-06-30-02-00-00", "alternatives": ["16", "16", "18"]}, {"date": "2024-06-30-02-00-00", "alternatives": ["16", "16", "18"]}, {"date": "2024-06-30-02-00-00", "alternatives": ["16", "16", "18"]}, {"date": "2024-06-30-02-00-00", "alternatives": ["16", "16", "18"]}, {"date": "2024-06-30-02-00-00", "alternatives": ["16", "16", "18"]}, {"date": "2024-06-30-02-00-00", "alternatives": ["16", "16", "18"]}, {"date": "2024-06-30-02-00-00", "alternatives": ["16", "16", "18"]}, {"date": "2024-06-30-02-00-00", "alternatives": ["16", "16", "18"]}, {"date": "2024-06-30-02-00-00", "alternatives": ["16", "16", "18"]}, {"date": "2024-06-30-02-00-00", "alternatives": ["16", "16", "18"]}, {"date": "2024-06-30-02-00-00", "alternatives": ["16", "16", "18"]}]}, {"location": {"country_code": "de", "region": "North Rhine-Westphalia"}, "game_id": "747108", "values": [{"date": "2024-06-29-18-00-00", "alternatives": ["1", "15", "15"]}, {"date": "2024-06-29-18-00-00", "alternatives": ["1", "15", "15"]}, {"date": "2024-06-29-18-00-00", "alternatives": ["1", "15", "15"]}, {"date": "2024-06-29-18-00-00", "alternatives": ["1", "15", "15"]}, {"date": "2024-06-29-18-00-00", "alternatives": ["1", "15", "15"]}, {"date": "2024-06-29-18-00-00", "alternatives": ["1", "15", "15"]}, {"date": "2024-06-29-18-00-00", "alternatives": ["1", "15", "15"]}, {"date": "2024-06-29-18-00-00", "alternatives": ["1", "15", "15"]}, {"date": "2024-06-29-18-00-00", "alternatives": ["1", "15", "15"]}, {"date": "2024-06-29-18-00-00", "alternatives": ["1", "15", "15"]}, {"date": "2024-06-29-18-00-00", "alternatives": ["1", "15", "15"]}, {"date": "2024-06-29-18-00-00", "alternatives": ["1", "15", "15"]}, {"date": "2024-06-29-18-00-00", "alternatives": ["1", "15", "15"]}, {"date": "2024-06-29-18-00-00", "alternatives": ["1", "15", "15"]}, {"date": "2024-06-29-18-00-00", "alternatives": ["1", "15", "15"]}, {"date": "2024-06-29-18-00-00", "alternatives": ["1", "15", "15"]}]}, {"location": {"country_code": "fr", "region": "Nord-Passo di Calais-Piccardia"}, "game_id": "747108", "values": [{"date": "2024-06-30-02-00-00", "alternatives": ["31", "318", "31"]}, {"date": "2024-06-30-02-00-00", "alternatives": ["31", "318", "31"]}, {"date": "2024-06-30-02-00-00", "alternatives": ["31", "318", "31"]}, {"date": "2024-06-30-02-00-00", "alternatives": ["31", "318", "31"]}, {"date": "2024-06-30-02-00-00", "alternatives": ["31", "318", "31"]}, {"date": "2024-06-30-02-00-00", "alternatives": ["31", "318", "31"]}, {"date": "2024-06-30-02-00-00", "alternatives": ["31", "318", "31"]}, {"date": "2024-06-30-02-00-00", "alternatives": ["31", "318", "31"]}, {"date": "2024-06-30-02-00-00", "alternatives": ["31", "318", "31"]}, {"date": "2024-06-30-02-00-00", "alternatives": ["31", "318", "31"]}, {"date": "2024-06-30-02-00-00", "alternatives": ["31", "318", "31"]}, {"date": "2024-06-30-02-00-00", "alternatives": ["31", "318", "31"]}, {"date": "2024-06-30-02-00-00", "alternatives": ["31", "318", "31"]}, {"date": "2024-06-30-02-00-00", "alternatives": ["31", "318", "31"]}, {"date": "2024-06-30-02-00-00", "alternatives": ["31", "318", "31"]}, {"date": "2024-06-30-02-00-00", "alternatives": ["31", "318", "31"]}, {"date": "2024-06-30-02-00-00", "alternatives": ["31", "318", "31"]}, {"date": "2024-06-30-02-00-00", "alternatives": ["31", "318", "31"]}, {"date": "2024-06-30-02-00-00", "alternatives": ["31", "318", "31"]}]}, {"location": {"country_code": "ro", "region": "Bucharest"}, "game_id": "747108", "values": [{"date": "2024-06-29-15-00-00", "alternatives": ["1", "1112", "1"]}]}, {"location": {"country_code": "ae", "region": "Dubai", "city": "Dubai"}, "game_id": "747108", "values": [{"date": "2024-06-30-00-00-00", "alternatives": ["10", "109", "109"]}, {"date": "2024-06-30-00-00-00", "alternatives": ["10", "109", "109"]}, {"date": "2024-06-30-00-00-00", "alternatives": ["10", "109", "109"]}, {"date": "2024-06-30-00-00-00", "alternatives": ["10", "109", "109"]}, {"date": "2024-06-30-00-00-00", "alternatives": ["10", "109", "109"]}, {"date": "2024-06-30-00-00-00", "alternatives": ["10", "109", "109"]}, {"date": "2024-06-30-00-00-00", "alternatives": ["10", "109", "109"]}, {"date": "2024-06-30-00-00-00", "alternatives": ["10", "109", "109"]}, {"date": "2024-06-30-00-00-00", "alternatives": ["10", "109", "109"]}, {"date": "2024-06-30-00-00-00", "alternatives": ["10", "109", "109"]}, {"date": "2024-06-30-00-00-00", "alternatives": ["10", "109", "109"]}, {"date": "2024-06-30-00-00-00", "alternatives": ["10", "109", "109"]}, {"date": "2024-06-30-00-00-00", "alternatives": ["10", "109", "109"]}, {"date": "2024-06-30-00-00-00", "alternatives": ["10", "109", "109"]}]}, {"location": {"country_code": "es", "region": "Andalusia", "city": "Cordoba"}, "game_id": "747108", "values": [{"date": "2024-06-29-20-00-00", "alternatives": ["7", "97", "7"]}, {"date": "2024-06-29-20-00-00", "alternatives": ["7", "97", "7"]}, {"date": "2024-06-29-20-00-00", "alternatives": ["7", "97", "7"]}, {"date": "2024-06-29-20-00-00", "alternatives": ["7", "97", "7"]}, {"date": "2024-06-29-20-00-00", "alternatives": ["7", "97", "7"]}, {"date": "2024-06-29-20-00-00", "alternatives": ["7", "97", "7"]}, {"date": "2024-06-29-20-00-00", "alternatives": ["7", "97", "7"]}]}, {"location": {"country_code": "us", "region": "Guam", "city": "Dededo"}, "game_id": "747108", "values": [{"date": "2024-06-29-05-00-00", "alternatives": ["47", "7", "47"]}, {"date": "2024-06-29-05-00-00", "alternatives": ["47", "7", "47"]}, {"date": "2024-06-29-05-00-00", "alternatives": ["47", "7", "47"]}, {"date": "2024-06-29-05-00-00", "alternatives": ["47", "7", "47"]}, {"date": "2024-06-29-05-00-00", "alternatives": ["47", "7", "47"]}]}, {"location": {"country_code": "fr", "region": "Nord-Passo di Calais-Piccardia", "city": "Albert"}, "game_id": "747108", "values": [{"date": "2024-06-29-18-00-00", "alternatives": ["1", "0001", "1000"]}, {"date": "2024-06-29-18-00-00", "alternatives": ["1", "0001", "1000"]}, {"date": "2024-06-29-18-00-00", "alternatives": ["1", "0001", "1000"]}, {"date": "2024-06-29-18-00-00", "alternatives": ["1", "0001", "1000"]}, {"date": "2024-06-29-18-00-00", "alternatives": ["1", "0001", "1000"]}, {"date": "2024-06-29-18-00-00", "alternatives": ["1", "0001", "1000"]}, {"date": "2024-06-29-18-00-00", "alternatives": ["1", "0001", "1000"]}, {"date": "2024-06-29-18-00-00", "alternatives": ["1", "0001", "1000"]}, {"date": "2024-06-29-18-00-00", "alternatives": ["1", "0001", "1000"]}, {"date": "2024-06-29-18-00-00", "alternatives": ["1", "0001", "1000"]}, {"date": "2024-06-29-18-00-00", "alternatives": ["1", "0001", "1000"]}, {"date": "2024-06-29-18-00-00", "alternatives": ["1", "0001", "1000"]}, {"date": "2024-06-29-18-00-00", "alternatives": ["1", "0001", "1000"]}, {"date": "2024-06-29-18-00-00", "alternatives": ["1", "0001", "1000"]}, {"date": "2024-06-29-18-00-00", "alternatives": ["1", "0001", "1000"]}]}, {"location": {"country_code": "us", "region": "Arkansas", "city": "Newport"}, "game_id": "747108", "values": [{"date": "2024-06-29-23-00-00", "alternatives": ["1", "15", "15"]}, {"date": "2024-06-29-23-00-00", "alternatives": ["1", "15", "15"]}, {"date": "2024-06-29-23-00-00", "alternatives": ["1", "15", "15"]}, {"date": "2024-06-29-23-00-00", "alternatives": ["1", "15", "15"]}, {"date": "2024-06-29-23-00-00", "alternatives": ["1", "15", "15"]}, {"date": "2024-06-29-23-00-00", "alternatives": ["1", "15", "15"]}, {"date": "2024-06-29-23-00-00", "alternatives": ["1", "15", "15"]}, {"date": "2024-06-29-23-00-00", "alternatives": ["1", "15", "15"]}, {"date": "2024-06-29-23-00-00", "alternatives": ["1", "15", "15"]}, {"date": "2024-06-29-23-00-00", "alternatives": ["1", "15", "15"]}]}], "last_updated": 1719918525.683287}