{"data": [{"location": {"country_code": "us"}, "game_id": "118849", "values": [{"date": "2024-03-07-19-00-00", "latency": "63"}, {"date": "2024-03-07-19-00-00", "latency": "63"}, {"date": "2024-03-08-01-00-00", "latency": "69"}, {"date": "2024-03-08-01-00-00", "latency": "69"}, {"date": "2024-03-08-01-00-00", "latency": "69"}, {"date": "2024-03-08-01-00-00", "latency": "69"}]}, {"location": {"country_code": "us", "region": "New York", "city": "Jamestown"}, "game_id": "118849", "values": [{"date": "2024-03-07-05-00-00", "latency": "84"}, {"date": "2024-03-07-05-00-00", "latency": "84"}, {"date": "2024-03-07-05-00-00", "latency": "84"}, {"date": "2024-03-07-05-00-00", "latency": "84"}, {"date": "2024-03-07-05-00-00", "latency": "84"}, {"date": "2024-03-07-05-00-00", "latency": "84"}, {"date": "2024-03-07-05-00-00", "latency": "84"}, {"date": "2024-03-07-05-00-00", "latency": "84"}, {"date": "2024-03-07-05-00-00", "latency": "84"}, {"date": "2024-03-07-05-00-00", "latency": "84"}]}, {"location": {"country_code": "au"}, "game_id": "118849", "values": [{"date": "2024-03-07-09-00-00", "latency": "3"}, {"date": "2024-03-07-09-00-00", "latency": "3"}, {"date": "2024-03-07-09-00-00", "latency": "3"}, {"date": "2024-03-07-09-00-00", "latency": "3"}]}, {"location": {"country_code": "th"}, "game_id": "118849", "values": [{"date": "2024-03-07-18-00-00", "latency": "229"}, {"date": "2024-03-07-18-00-00", "latency": "229"}, {"date": "2024-03-07-18-00-00", "latency": "229"}, {"date": "2024-03-07-18-00-00", "latency": "229"}, {"date": "2024-03-07-18-00-00", "latency": "229"}, {"date": "2024-03-07-18-00-00", "latency": "229"}, {"date": "2024-03-07-18-00-00", "latency": "229"}, {"date": "2024-03-07-18-00-00", "latency": "229"}, {"date": "2024-03-07-18-00-00", "latency": "229"}, {"date": "2024-03-07-18-00-00", "latency": "229"}, {"date": "2024-03-07-18-00-00", "latency": "229"}, {"date": "2024-03-07-10-00-00", "latency": "0"}, {"date": "2024-03-07-10-00-00", "latency": "0"}, {"date": "2024-03-07-10-00-00", "latency": "0"}]}, {"location": {"country_code": "gr"}, "game_id": "118849", "values": [{"date": "2024-03-07-10-00-00", "latency": "58"}, {"date": "2024-03-07-10-00-00", "latency": "58"}, {"date": "2024-03-07-10-00-00", "latency": "58"}, {"date": "2024-03-07-10-00-00", "latency": "58"}, {"date": "2024-03-07-10-00-00", "latency": "58"}, {"date": "2024-03-07-10-00-00", "latency": "58"}, {"date": "2024-03-07-10-00-00", "latency": "58"}, {"date": "2024-03-07-10-00-00", "latency": "58"}, {"date": "2024-03-07-10-00-00", "latency": "58"}, {"date": "2024-03-07-10-00-00", "latency": "58"}, {"date": "2024-03-07-10-00-00", "latency": "58"}, {"date": "2024-03-07-10-00-00", "latency": "58"}, {"date": "2024-03-07-10-00-00", "latency": "58"}, {"date": "2024-03-07-10-00-00", "latency": "58"}, {"date": "2024-03-07-18-00-00", "latency": "0"}, {"date": "2024-03-07-18-00-00", "latency": "0"}]}, {"location": {"country_code": "jp"}, "game_id": "118849", "values": [{"date": "2024-03-07-12-00-00", "latency": "1"}, {"date": "2024-03-08-00-00-00", "latency": "14"}, {"date": "2024-03-08-00-00-00", "latency": "14"}, {"date": "2024-03-08-00-00-00", "latency": "14"}, {"date": "2024-03-08-00-00-00", "latency": "14"}, {"date": "2024-03-08-00-00-00", "latency": "14"}, {"date": "2024-03-08-00-00-00", "latency": "14"}, {"date": "2024-03-08-00-00-00", "latency": "14"}, {"date": "2024-03-08-00-00-00", "latency": "14"}, {"date": "2024-03-08-00-00-00", "latency": "14"}, {"date": "2024-03-08-00-00-00", "latency": "14"}, {"date": "2024-03-08-00-00-00", "latency": "14"}, {"date": "2024-03-08-00-00-00", "latency": "14"}, {"date": "2024-03-08-00-00-00", "latency": "14"}, {"date": "2024-03-08-00-00-00", "latency": "14"}, {"date": "2024-03-08-00-00-00", "latency": "14"}, {"date": "2024-03-08-00-00-00", "latency": "14"}, {"date": "2024-03-08-00-00-00", "latency": "14"}, {"date": "2024-03-08-00-00-00", "latency": "14"}, {"date": "2024-03-08-00-00-00", "latency": "14"}, {"date": "2024-03-08-00-00-00", "latency": "14"}, {"date": "2024-03-07-18-00-00", "latency": "26"}, {"date": "2024-03-07-18-00-00", "latency": "26"}, {"date": "2024-03-07-18-00-00", "latency": "26"}, {"date": "2024-03-07-18-00-00", "latency": "26"}, {"date": "2024-03-07-18-00-00", "latency": "26"}, {"date": "2024-03-07-18-00-00", "latency": "26"}, {"date": "2024-03-07-18-00-00", "latency": "26"}]}, {"location": {"country_code": "ca"}, "game_id": "118849", "values": [{"date": "2024-03-07-05-00-00", "latency": "10"}, {"date": "2024-03-07-05-00-00", "latency": "46"}, {"date": "2024-03-07-05-00-00", "latency": "46"}, {"date": "2024-03-07-05-00-00", "latency": "46"}]}, {"location": {"country_code": "de"}, "game_id": "118849", "values": [{"date": "2024-03-07-19-00-00", "latency": "155"}, {"date": "2024-03-07-19-00-00", "latency": "155"}, {"date": "2024-03-07-18-00-00", "latency": "172"}, {"date": "2024-03-07-18-00-00", "latency": "172"}, {"date": "2024-03-07-18-00-00", "latency": "172"}, {"date": "2024-03-07-18-00-00", "latency": "172"}, {"date": "2024-03-07-18-00-00", "latency": "172"}, {"date": "2024-03-07-18-00-00", "latency": "172"}, {"date": "2024-03-07-18-00-00", "latency": "172"}, {"date": "2024-03-07-18-00-00", "latency": "172"}, {"date": "2024-03-07-18-00-00", "latency": "172"}, {"date": "2024-03-07-18-00-00", "latency": "172"}, {"date": "2024-03-07-18-00-00", "latency": "172"}, {"date": "2024-03-07-18-00-00", "latency": "172"}, {"date": "2024-03-07-18-00-00", "latency": "172"}, {"date": "2024-03-07-18-00-00", "latency": "172"}]}, {"location": {"country_code": "tw"}, "game_id": "118849", "values": [{"date": "2024-03-07-07-00-00", "latency": "4"}]}, {"location": {"country_code": "cl"}, "game_id": "118849", "values": [{"date": "2024-03-07-07-00-00", "latency": "7"}]}, {"location": {"country_code": "ph"}, "game_id": "118849", "values": [{"date": "2024-03-07-20-00-00", "latency": "191"}]}, {"location": {"country_code": "fr"}, "game_id": "118849", "values": [{"date": "2024-03-07-06-00-00", "latency": "20"}, {"date": "2024-03-07-06-00-00", "latency": "20"}, {"date": "2024-03-07-06-00-00", "latency": "20"}, {"date": "2024-03-07-06-00-00", "latency": "20"}, {"date": "2024-03-07-18-00-00", "latency": "156"}, {"date": "2024-03-07-18-00-00", "latency": "156"}, {"date": "2024-03-07-18-00-00", "latency": "156"}, {"date": "2024-03-07-18-00-00", "latency": "156"}, {"date": "2024-03-07-18-00-00", "latency": "156"}, {"date": "2024-03-07-18-00-00", "latency": "156"}, {"date": "2024-03-07-18-00-00", "latency": "156"}, {"date": "2024-03-07-18-00-00", "latency": "156"}, {"date": "2024-03-07-18-00-00", "latency": "156"}, {"date": "2024-03-07-18-00-00", "latency": "156"}, {"date": "2024-03-07-18-00-00", "latency": "156"}]}, {"location": {"country_code": "mx"}, "game_id": "118849", "values": [{"date": "2024-03-08-00-00-00", "latency": "70"}, {"date": "2024-03-07-03-00-00", "latency": "59"}]}, {"location": {"country_code": "us", "region": "California"}, "game_id": "118849", "values": [{"date": "2024-03-07-05-00-00", "latency": "65"}, {"date": "2024-03-07-05-00-00", "latency": "65"}, {"date": "2024-03-07-05-00-00", "latency": "65"}, {"date": "2024-03-07-05-00-00", "latency": "65"}, {"date": "2024-03-07-05-00-00", "latency": "65"}, {"date": "2024-03-07-05-00-00", "latency": "65"}]}, {"location": {"country_code": "br"}, "game_id": "118849", "values": [{"date": "2024-03-07-22-00-00", "latency": "1"}]}, {"location": {"country_code": "us", "region": "California", "city": "East Los Angeles"}, "game_id": "118849", "values": [{"date": "2024-03-08-01-00-00", "latency": "27"}, {"date": "2024-03-08-01-00-00", "latency": "27"}, {"date": "2024-03-08-01-00-00", "latency": "27"}, {"date": "2024-03-08-01-00-00", "latency": "27"}, {"date": "2024-03-08-01-00-00", "latency": "27"}, {"date": "2024-03-08-01-00-00", "latency": "27"}, {"date": "2024-03-08-01-00-00", "latency": "27"}, {"date": "2024-03-08-01-00-00", "latency": "27"}, {"date": "2024-03-07-01-00-00", "latency": "33"}]}, {"location": {"country_code": "au", "region": "Victoria", "city": "Melbourne"}, "game_id": "118849", "values": [{"date": "2024-03-07-16-00-00", "latency": "185"}, {"date": "2024-03-07-16-00-00", "latency": "185"}, {"date": "2024-03-07-16-00-00", "latency": "185"}, {"date": "2024-03-07-16-00-00", "latency": "185"}, {"date": "2024-03-07-16-00-00", "latency": "185"}, {"date": "2024-03-07-16-00-00", "latency": "185"}, {"date": "2024-03-07-16-00-00", "latency": "185"}, {"date": "2024-03-07-16-00-00", "latency": "185"}, {"date": "2024-03-07-16-00-00", "latency": "185"}, {"date": "2024-03-07-16-00-00", "latency": "185"}]}, {"location": {"country_code": "dk"}, "game_id": "118849", "values": [{"date": "2024-03-08-00-00-00", "latency": "167"}, {"date": "2024-03-08-00-00-00", "latency": "167"}, {"date": "2024-03-08-00-00-00", "latency": "167"}, {"date": "2024-03-08-00-00-00", "latency": "167"}, {"date": "2024-03-08-00-00-00", "latency": "167"}, {"date": "2024-03-08-00-00-00", "latency": "167"}, {"date": "2024-03-08-00-00-00", "latency": "167"}, {"date": "2024-03-08-00-00-00", "latency": "167"}, {"date": "2024-03-08-00-00-00", "latency": "167"}, {"date": "2024-03-08-00-00-00", "latency": "167"}, {"date": "2024-03-08-00-00-00", "latency": "167"}, {"date": "2024-03-08-00-00-00", "latency": "167"}, {"date": "2024-03-08-00-00-00", "latency": "167"}, {"date": "2024-03-08-00-00-00", "latency": "167"}, {"date": "2024-03-08-00-00-00", "latency": "167"}, {"date": "2024-03-08-00-00-00", "latency": "167"}, {"date": "2024-03-08-00-00-00", "latency": "167"}]}, {"location": {"country_code": "tr"}, "game_id": "118849", "values": [{"date": "2024-03-07-23-00-00", "latency": "42"}, {"date": "2024-03-07-23-00-00", "latency": "42"}, {"date": "2024-03-07-23-00-00", "latency": "42"}, {"date": "2024-03-07-23-00-00", "latency": "42"}, {"date": "2024-03-07-23-00-00", "latency": "42"}, {"date": "2024-03-08-01-00-00", "latency": "215"}, {"date": "2024-03-08-01-00-00", "latency": "215"}, {"date": "2024-03-08-01-00-00", "latency": "215"}, {"date": "2024-03-08-01-00-00", "latency": "215"}, {"date": "2024-03-08-01-00-00", "latency": "215"}, {"date": "2024-03-08-01-00-00", "latency": "215"}, {"date": "2024-03-08-01-00-00", "latency": "215"}, {"date": "2024-03-08-01-00-00", "latency": "215"}, {"date": "2024-03-08-01-00-00", "latency": "215"}, {"date": "2024-03-08-01-00-00", "latency": "215"}, {"date": "2024-03-08-01-00-00", "latency": "215"}, {"date": "2024-03-08-01-00-00", "latency": "215"}]}, {"location": {"country_code": "us", "region": "California", "city": "San Francisco"}, "game_id": "118849", "values": [{"date": "2024-03-07-19-00-00", "latency": "221"}, {"date": "2024-03-07-19-00-00", "latency": "221"}, {"date": "2024-03-07-19-00-00", "latency": "221"}, {"date": "2024-03-07-19-00-00", "latency": "221"}, {"date": "2024-03-07-19-00-00", "latency": "221"}, {"date": "2024-03-07-19-00-00", "latency": "221"}, {"date": "2024-03-07-19-00-00", "latency": "221"}, {"date": "2024-03-07-19-00-00", "latency": "221"}, {"date": "2024-03-07-19-00-00", "latency": "221"}, {"date": "2024-03-07-19-00-00", "latency": "221"}, {"date": "2024-03-07-19-00-00", "latency": "221"}, {"date": "2024-03-07-19-00-00", "latency": "221"}, {"date": "2024-03-07-19-00-00", "latency": "221"}]}, {"location": {"country_code": "sa"}, "game_id": "118849", "values": [{"date": "2024-03-07-13-00-00", "latency": "94"}, {"date": "2024-03-07-13-00-00", "latency": "94"}, {"date": "2024-03-07-13-00-00", "latency": "94"}, {"date": "2024-03-07-13-00-00", "latency": "94"}, {"date": "2024-03-07-13-00-00", "latency": "94"}, {"date": "2024-03-07-13-00-00", "latency": "94"}, {"date": "2024-03-07-13-00-00", "latency": "94"}, {"date": "2024-03-07-13-00-00", "latency": "94"}]}, {"location": {"country_code": "ar"}, "game_id": "118849", "values": [{"date": "2024-03-08-00-00-00", "latency": "49"}]}, {"location": {"country_code": "ar", "region": "Buenos Aires", "city": "Tandil"}, "game_id": "118849", "values": [{"date": "2024-03-07-05-00-00", "latency": "224"}]}, {"location": {"country_code": "fi"}, "game_id": "118849", "values": [{"date": "2024-03-07-21-00-00", "latency": "36"}, {"date": "2024-03-07-21-00-00", "latency": "36"}, {"date": "2024-03-07-21-00-00", "latency": "36"}, {"date": "2024-03-07-21-00-00", "latency": "36"}, {"date": "2024-03-07-21-00-00", "latency": "36"}, {"date": "2024-03-07-21-00-00", "latency": "36"}]}, {"location": {"country_code": "us", "region": "Massachusetts", "city": "Fall River"}, "game_id": "118849", "values": [{"date": "2024-03-07-07-00-00", "latency": "86"}, {"date": "2024-03-07-07-00-00", "latency": "86"}, {"date": "2024-03-07-07-00-00", "latency": "86"}, {"date": "2024-03-07-07-00-00", "latency": "86"}, {"date": "2024-03-07-07-00-00", "latency": "86"}, {"date": "2024-03-07-07-00-00", "latency": "86"}, {"date": "2024-03-07-07-00-00", "latency": "86"}, {"date": "2024-03-07-07-00-00", "latency": "86"}, {"date": "2024-03-07-07-00-00", "latency": "86"}, {"date": "2024-03-07-07-00-00", "latency": "86"}, {"date": "2024-03-07-07-00-00", "latency": "86"}, {"date": "2024-03-07-07-00-00", "latency": "86"}]}, {"location": {"country_code": "us", "region": "Texas", "city": "Houston"}, "game_id": "118849", "values": [{"date": "2024-03-07-02-00-00", "latency": "43"}, {"date": "2024-03-07-02-00-00", "latency": "43"}, {"date": "2024-03-07-02-00-00", "latency": "43"}, {"date": "2024-03-07-02-00-00", "latency": "43"}, {"date": "2024-03-07-02-00-00", "latency": "43"}, {"date": "2024-03-07-02-00-00", "latency": "43"}, {"date": "2024-03-07-02-00-00", "latency": "43"}, {"date": "2024-03-07-02-00-00", "latency": "43"}]}, {"location": {"country_code": "de", "region": "Bavaria"}, "game_id": "118849", "values": [{"date": "2024-03-07-02-00-00", "latency": "16"}, {"date": "2024-03-07-02-00-00", "latency": "16"}, {"date": "2024-03-07-02-00-00", "latency": "16"}, {"date": "2024-03-07-02-00-00", "latency": "16"}]}, {"location": {"country_code": "es", "region": "Catalonia", "city": "l'Hospitalet de Llobregat"}, "game_id": "118849", "values": [{"date": "2024-03-07-20-00-00", "latency": "181"}, {"date": "2024-03-07-20-00-00", "latency": "181"}]}, {"location": {"country_code": "pl"}, "game_id": "118849", "values": [{"date": "2024-03-07-02-00-00", "latency": "38"}]}, {"location": {"country_code": "gb", "region": "England", "city": "London"}, "game_id": "118849", "values": [{"date": "2024-03-07-20-00-00", "latency": "24"}, {"date": "2024-03-07-20-00-00", "latency": "24"}, {"date": "2024-03-07-20-00-00", "latency": "24"}]}, {"location": {"country_code": "sg"}, "game_id": "118849", "values": [{"date": "2024-03-07-15-00-00", "latency": "3"}]}, {"location": {"country_code": "ca", "region": "Ontario", "city": "Toronto"}, "game_id": "118849", "values": [{"date": "2024-03-07-03-00-00", "latency": "24"}]}, {"location": {"country_code": "id"}, "game_id": "118849", "values": [{"date": "2024-03-07-18-00-00", "latency": "26"}, {"date": "2024-03-07-18-00-00", "latency": "26"}, {"date": "2024-03-07-18-00-00", "latency": "26"}, {"date": "2024-03-07-18-00-00", "latency": "26"}, {"date": "2024-03-07-18-00-00", "latency": "26"}, {"date": "2024-03-07-18-00-00", "latency": "26"}, {"date": "2024-03-07-18-00-00", "latency": "26"}, {"date": "2024-03-07-18-00-00", "latency": "26"}, {"date": "2024-03-07-18-00-00", "latency": "26"}, {"date": "2024-03-07-18-00-00", "latency": "26"}, {"date": "2024-03-07-18-00-00", "latency": "26"}]}, {"location": {"country_code": "au", "region": "Queensland"}, "game_id": "118849", "values": [{"date": "2024-03-07-15-00-00", "latency": "24"}, {"date": "2024-03-07-15-00-00", "latency": "24"}, {"date": "2024-03-07-15-00-00", "latency": "24"}, {"date": "2024-03-07-15-00-00", "latency": "24"}, {"date": "2024-03-07-15-00-00", "latency": "24"}]}, {"location": {"country_code": "au", "region": "South Australia"}, "game_id": "118849", "values": [{"date": "2024-03-07-15-00-00", "latency": "27"}]}, {"location": {"country_code": "pt"}, "game_id": "118849", "values": [{"date": "2024-03-07-01-00-00", "latency": "39"}]}, {"location": {"country_code": "fr", "region": "Ile-de-France Region"}, "game_id": "118849", "values": [{"date": "2024-03-07-22-00-00", "latency": "5"}, {"date": "2024-03-07-22-00-00", "latency": "5"}, {"date": "2024-03-07-22-00-00", "latency": "5"}, {"date": "2024-03-07-22-00-00", "latency": "5"}, {"date": "2024-03-07-22-00-00", "latency": "5"}]}, {"location": {"country_code": "kw"}, "game_id": "118849", "values": [{"date": "2024-03-07-21-00-00", "latency": "121"}, {"date": "2024-03-07-21-00-00", "latency": "121"}, {"date": "2024-03-07-21-00-00", "latency": "121"}, {"date": "2024-03-07-21-00-00", "latency": "121"}]}, {"location": {"country_code": "ar", "region": "Santa Fe Province", "city": "Rosario"}, "game_id": "118849", "values": [{"date": "2024-03-07-20-00-00", "latency": "21"}]}, {"location": {"country_code": "us", "region": "Alabama"}, "game_id": "118849", "values": [{"date": "2024-03-07-23-00-00", "latency": "106"}]}, {"location": {"country_code": "ca", "region": "British Columbia"}, "game_id": "118849", "values": [{"date": "2024-03-08-00-00-00", "latency": "28"}, {"date": "2024-03-08-00-00-00", "latency": "28"}, {"date": "2024-03-08-00-00-00", "latency": "28"}, {"date": "2024-03-08-00-00-00", "latency": "28"}, {"date": "2024-03-08-00-00-00", "latency": "28"}, {"date": "2024-03-08-00-00-00", "latency": "28"}, {"date": "2024-03-08-00-00-00", "latency": "28"}, {"date": "2024-03-08-00-00-00", "latency": "28"}, {"date": "2024-03-08-00-00-00", "latency": "28"}, {"date": "2024-03-08-00-00-00", "latency": "28"}, {"date": "2024-03-08-00-00-00", "latency": "28"}, {"date": "2024-03-08-00-00-00", "latency": "28"}, {"date": "2024-03-08-00-00-00", "latency": "28"}, {"date": "2024-03-08-00-00-00", "latency": "28"}]}, {"location": {"country_code": "us", "region": "Washington", "city": "Tacoma"}, "game_id": "118849", "values": [{"date": "2024-03-08-00-00-00", "latency": "49"}, {"date": "2024-03-08-00-00-00", "latency": "49"}, {"date": "2024-03-08-00-00-00", "latency": "49"}, {"date": "2024-03-08-00-00-00", "latency": "49"}, {"date": "2024-03-08-00-00-00", "latency": "49"}, {"date": "2024-03-08-00-00-00", "latency": "49"}, {"date": "2024-03-08-00-00-00", "latency": "49"}, {"date": "2024-03-08-00-00-00", "latency": "49"}, {"date": "2024-03-08-00-00-00", "latency": "49"}, {"date": "2024-03-08-00-00-00", "latency": "49"}, {"date": "2024-03-08-00-00-00", "latency": "49"}, {"date": "2024-03-08-00-00-00", "latency": "49"}]}, {"location": {"country_code": "bg"}, "game_id": "118849", "values": [{"date": "2024-03-07-19-00-00", "latency": "179"}, {"date": "2024-03-07-19-00-00", "latency": "179"}, {"date": "2024-03-07-19-00-00", "latency": "179"}, {"date": "2024-03-07-19-00-00", "latency": "179"}, {"date": "2024-03-07-19-00-00", "latency": "179"}, {"date": "2024-03-07-19-00-00", "latency": "179"}, {"date": "2024-03-07-19-00-00", "latency": "179"}, {"date": "2024-03-07-19-00-00", "latency": "179"}, {"date": "2024-03-07-19-00-00", "latency": "179"}, {"date": "2024-03-07-19-00-00", "latency": "179"}, {"date": "2024-03-07-19-00-00", "latency": "179"}, {"date": "2024-03-07-19-00-00", "latency": "179"}, {"date": "2024-03-07-19-00-00", "latency": "179"}, {"date": "2024-03-07-19-00-00", "latency": "179"}, {"date": "2024-03-07-19-00-00", "latency": "179"}, {"date": "2024-03-07-19-00-00", "latency": "179"}, {"date": "2024-03-07-19-00-00", "latency": "179"}]}, {"location": {"country_code": "us", "region": "Oregon"}, "game_id": "118849", "values": [{"date": "2024-03-07-10-00-00", "latency": "8"}]}, {"location": {"country_code": "de", "region": "Bavaria", "city": "Munich"}, "game_id": "118849", "values": [{"date": "2024-03-07-01-00-00", "latency": "3"}]}, {"location": {"country_code": "us", "region": "Mississippi"}, "game_id": "118849", "values": [{"date": "2024-03-07-21-00-00", "latency": "83"}, {"date": "2024-03-07-21-00-00", "latency": "83"}, {"date": "2024-03-07-21-00-00", "latency": "83"}, {"date": "2024-03-07-21-00-00", "latency": "83"}, {"date": "2024-03-07-21-00-00", "latency": "83"}, {"date": "2024-03-07-21-00-00", "latency": "83"}, {"date": "2024-03-07-21-00-00", "latency": "83"}, {"date": "2024-03-07-21-00-00", "latency": "83"}, {"date": "2024-03-07-21-00-00", "latency": "83"}, {"date": "2024-03-07-21-00-00", "latency": "83"}, {"date": "2024-03-07-21-00-00", "latency": "83"}, {"date": "2024-03-07-21-00-00", "latency": "83"}, {"date": "2024-03-07-21-00-00", "latency": "83"}, {"date": "2024-03-07-21-00-00", "latency": "83"}, {"date": "2024-03-07-21-00-00", "latency": "83"}, {"date": "2024-03-07-21-00-00", "latency": "83"}, {"date": "2024-03-07-21-00-00", "latency": "83"}, {"date": "2024-03-07-21-00-00", "latency": "83"}, {"date": "2024-03-07-21-00-00", "latency": "83"}, {"date": "2024-03-07-21-00-00", "latency": "83"}, {"date": "2024-03-07-21-00-00", "latency": "83"}, {"date": "2024-03-07-21-00-00", "latency": "83"}, {"date": "2024-03-07-21-00-00", "latency": "83"}, {"date": "2024-03-07-21-00-00", "latency": "83"}, {"date": "2024-03-07-21-00-00", "latency": "83"}, {"date": "2024-03-07-21-00-00", "latency": "83"}, {"date": "2024-03-07-21-00-00", "latency": "83"}, {"date": "2024-03-07-21-00-00", "latency": "83"}, {"date": "2024-03-07-21-00-00", "latency": "83"}, {"date": "2024-03-07-21-00-00", "latency": "83"}, {"date": "2024-03-07-21-00-00", "latency": "83"}, {"date": "2024-03-07-21-00-00", "latency": "83"}, {"date": "2024-03-07-21-00-00", "latency": "83"}]}, {"location": {"country_code": "tr", "region": "Ic Anadolu Bolgesi"}, "game_id": "118849", "values": [{"date": "2024-03-07-20-00-00", "latency": "202"}, {"date": "2024-03-07-20-00-00", "latency": "202"}, {"date": "2024-03-07-20-00-00", "latency": "202"}, {"date": "2024-03-07-20-00-00", "latency": "202"}, {"date": "2024-03-07-20-00-00", "latency": "202"}, {"date": "2024-03-07-20-00-00", "latency": "202"}, {"date": "2024-03-07-20-00-00", "latency": "202"}, {"date": "2024-03-07-20-00-00", "latency": "202"}, {"date": "2024-03-07-20-00-00", "latency": "202"}, {"date": "2024-03-07-20-00-00", "latency": "202"}, {"date": "2024-03-07-20-00-00", "latency": "202"}, {"date": "2024-03-07-20-00-00", "latency": "202"}, {"date": "2024-03-07-20-00-00", "latency": "202"}, {"date": "2024-03-07-20-00-00", "latency": "202"}, {"date": "2024-03-07-20-00-00", "latency": "202"}, {"date": "2024-03-07-20-00-00", "latency": "202"}, {"date": "2024-03-07-20-00-00", "latency": "202"}]}, {"location": {"country_code": "it", "region": "Lombardy", "city": "Milan"}, "game_id": "118849", "values": [{"date": "2024-03-07-17-00-00", "latency": "162"}, {"date": "2024-03-07-17-00-00", "latency": "162"}, {"date": "2024-03-07-17-00-00", "latency": "162"}, {"date": "2024-03-07-17-00-00", "latency": "162"}, {"date": "2024-03-07-17-00-00", "latency": "162"}, {"date": "2024-03-07-17-00-00", "latency": "162"}, {"date": "2024-03-07-17-00-00", "latency": "162"}, {"date": "2024-03-07-17-00-00", "latency": "162"}, {"date": "2024-03-07-17-00-00", "latency": "162"}, {"date": "2024-03-07-17-00-00", "latency": "162"}]}, {"location": {"country_code": "fr", "region": "Pays de la Loire Region"}, "game_id": "118849", "values": [{"date": "2024-03-07-02-00-00", "latency": "190"}, {"date": "2024-03-07-02-00-00", "latency": "190"}, {"date": "2024-03-07-02-00-00", "latency": "190"}]}, {"location": {"country_code": "ar", "region": "Mendoza Province"}, "game_id": "118849", "values": [{"date": "2024-03-08-00-00-00", "latency": "12"}, {"date": "2024-03-08-00-00-00", "latency": "12"}, {"date": "2024-03-08-00-00-00", "latency": "12"}]}, {"location": {"country_code": "mz"}, "game_id": "118849", "values": [{"date": "2024-03-07-10-00-00", "latency": "47"}, {"date": "2024-03-07-10-00-00", "latency": "47"}, {"date": "2024-03-07-10-00-00", "latency": "47"}, {"date": "2024-03-07-10-00-00", "latency": "47"}, {"date": "2024-03-07-10-00-00", "latency": "47"}, {"date": "2024-03-07-10-00-00", "latency": "47"}, {"date": "2024-03-07-10-00-00", "latency": "47"}, {"date": "2024-03-07-10-00-00", "latency": "47"}, {"date": "2024-03-07-10-00-00", "latency": "47"}, {"date": "2024-03-07-10-00-00", "latency": "47"}, {"date": "2024-03-07-10-00-00", "latency": "47"}, {"date": "2024-03-07-10-00-00", "latency": "47"}, {"date": "2024-03-07-10-00-00", "latency": "47"}, {"date": "2024-03-07-10-00-00", "latency": "47"}, {"date": "2024-03-07-10-00-00", "latency": "47"}, {"date": "2024-03-07-10-00-00", "latency": "47"}, {"date": "2024-03-07-10-00-00", "latency": "47"}, {"date": "2024-03-07-10-00-00", "latency": "47"}, {"date": "2024-03-07-10-00-00", "latency": "47"}, {"date": "2024-03-07-10-00-00", "latency": "47"}, {"date": "2024-03-07-10-00-00", "latency": "47"}, {"date": "2024-03-07-10-00-00", "latency": "47"}, {"date": "2024-03-07-10-00-00", "latency": "47"}, {"date": "2024-03-07-10-00-00", "latency": "47"}, {"date": "2024-03-07-10-00-00", "latency": "47"}, {"date": "2024-03-07-10-00-00", "latency": "47"}]}, {"location": {"country_code": "es", "region": "Madrid", "city": "Alcala de Henares"}, "game_id": "118849", "values": [{"date": "2024-03-07-23-00-00", "latency": "178"}, {"date": "2024-03-07-23-00-00", "latency": "178"}, {"date": "2024-03-07-23-00-00", "latency": "178"}, {"date": "2024-03-07-23-00-00", "latency": "178"}]}, {"location": {"country_code": "br", "region": "Santa Catarina", "city": "Guaruja do Sul"}, "game_id": "118849", "values": [{"date": "2024-03-08-01-00-00", "latency": "216"}, {"date": "2024-03-08-01-00-00", "latency": "216"}, {"date": "2024-03-08-01-00-00", "latency": "216"}, {"date": "2024-03-08-01-00-00", "latency": "216"}, {"date": "2024-03-08-01-00-00", "latency": "216"}, {"date": "2024-03-08-01-00-00", "latency": "216"}, {"date": "2024-03-08-01-00-00", "latency": "216"}, {"date": "2024-03-08-01-00-00", "latency": "216"}, {"date": "2024-03-08-01-00-00", "latency": "216"}, {"date": "2024-03-08-01-00-00", "latency": "216"}, {"date": "2024-03-08-01-00-00", "latency": "216"}, {"date": "2024-03-08-01-00-00", "latency": "216"}]}, {"location": {"country_code": "fr", "region": "Nord-Passo di Calais-Piccardia", "city": "Merlimont"}, "game_id": "118849", "values": [{"date": "2024-03-07-17-00-00", "latency": "16"}, {"date": "2024-03-07-17-00-00", "latency": "16"}, {"date": "2024-03-07-17-00-00", "latency": "16"}, {"date": "2024-03-07-17-00-00", "latency": "16"}, {"date": "2024-03-07-17-00-00", "latency": "16"}]}, {"location": {"country_code": "mx", "region": "Chihuahua", "city": "Nuevo Casas Grandes"}, "game_id": "118849", "values": [{"date": "2024-03-08-01-00-00", "latency": "98"}, {"date": "2024-03-08-01-00-00", "latency": "98"}, {"date": "2024-03-08-01-00-00", "latency": "98"}, {"date": "2024-03-08-01-00-00", "latency": "98"}, {"date": "2024-03-08-01-00-00", "latency": "98"}, {"date": "2024-03-08-01-00-00", "latency": "98"}, {"date": "2024-03-08-01-00-00", "latency": "98"}, {"date": "2024-03-08-01-00-00", "latency": "98"}, {"date": "2024-03-08-01-00-00", "latency": "98"}, {"date": "2024-03-08-01-00-00", "latency": "98"}, {"date": "2024-03-08-01-00-00", "latency": "98"}, {"date": "2024-03-08-01-00-00", "latency": "98"}, {"date": "2024-03-08-01-00-00", "latency": "98"}, {"date": "2024-03-08-01-00-00", "latency": "98"}, {"date": "2024-03-08-01-00-00", "latency": "98"}, {"date": "2024-03-08-01-00-00", "latency": "98"}, {"date": "2024-03-08-01-00-00", "latency": "98"}, {"date": "2024-03-08-01-00-00", "latency": "98"}, {"date": "2024-03-08-01-00-00", "latency": "98"}, {"date": "2024-03-08-01-00-00", "latency": "98"}, {"date": "2024-03-08-01-00-00", "latency": "98"}, {"date": "2024-03-08-01-00-00", "latency": "98"}, {"date": "2024-03-08-01-00-00", "latency": "98"}, {"date": "2024-03-08-01-00-00", "latency": "98"}, {"date": "2024-03-08-01-00-00", "latency": "98"}, {"date": "2024-03-08-01-00-00", "latency": "98"}, {"date": "2024-03-08-01-00-00", "latency": "98"}, {"date": "2024-03-08-01-00-00", "latency": "98"}]}], "last_updated": 1719915051.796158}