{"data": [{"location": {"country_code": "de"}, "game_id": "452439", "values": [{"date": "2024-03-13-20-00-00", "latency": 33}, {"date": "2024-03-13-20-00-00", "latency": 33}]}, {"location": {"country_code": "br"}, "game_id": "452439", "values": [{"date": "2024-03-13-03-00-00", "latency": 133}, {"date": "2024-03-13-03-00-00", "latency": 133}]}, {"location": {"country_code": "es"}, "game_id": "452439", "values": [{"date": "2024-03-13-23-00-00", "latency": 44}, {"date": "2024-03-13-23-00-00", "latency": 44}]}, {"location": {"country_code": "ar"}, "game_id": "452439", "values": [{"date": "2024-03-13-09-00-00", "latency": 45}, {"date": "2024-03-13-09-00-00", "latency": 45}, {"date": "2024-03-13-09-00-00", "latency": 45}]}, {"location": {"country_code": "us", "region": "Nebraska"}, "game_id": "452439", "values": [{"date": "2024-03-13-03-00-00", "latency": 0}]}], "last_updated": 1719919344.844133}