{"data": [{"location": {"country_code": "nz"}, "game_id": "319965", "values": [{"date": "2023-02-11-07-00-00", "latency": "147"}, {"date": "2023-02-11-07-00-00", "latency": "147"}, {"date": "2023-02-11-07-00-00", "latency": "147"}]}, {"location": {"country_code": "de"}, "game_id": "319965", "values": [{"date": "2023-02-11-05-00-00", "latency": "20000"}]}, {"location": {"country_code": "us", "region": "Florida"}, "game_id": "319965", "values": [{"date": "2023-02-12-00-00-00", "latency": "6"}, {"date": "2023-02-12-00-00-00", "latency": "6"}, {"date": "2023-02-12-00-00-00", "latency": "6"}, {"date": "2023-02-12-00-00-00", "latency": "6"}, {"date": "2023-02-12-00-00-00", "latency": "6"}, {"date": "2023-02-12-00-00-00", "latency": "6"}, {"date": "2023-02-12-00-00-00", "latency": "6"}, {"date": "2023-02-12-00-00-00", "latency": "6"}, {"date": "2023-02-12-00-00-00", "latency": "6"}, {"date": "2023-02-12-00-00-00", "latency": "6"}, {"date": "2023-02-12-00-00-00", "latency": "6"}, {"date": "2023-02-12-00-00-00", "latency": "6"}, {"date": "2023-02-12-00-00-00", "latency": "6"}, {"date": "2023-02-12-00-00-00", "latency": "6"}, {"date": "2023-02-12-00-00-00", "latency": "6"}, {"date": "2023-02-12-00-00-00", "latency": "6"}, {"date": "2023-02-12-00-00-00", "latency": "6"}, {"date": "2023-02-12-00-00-00", "latency": "6"}, {"date": "2023-02-12-00-00-00", "latency": "6"}, {"date": "2023-02-12-00-00-00", "latency": "6"}, {"date": "2023-02-12-00-00-00", "latency": "6"}]}, {"location": {"country_code": "es", "region": "Catalonia", "city": "l'Hospitalet de Llobregat"}, "game_id": "319965", "values": [{"date": "2023-02-11-20-00-00", "latency": "5971"}, {"date": "2023-02-11-20-00-00", "latency": "5971"}, {"date": "2023-02-11-20-00-00", "latency": "5971"}, {"date": "2023-02-11-20-00-00", "latency": "5971"}, {"date": "2023-02-11-20-00-00", "latency": "5971"}, {"date": "2023-02-11-20-00-00", "latency": "5971"}, {"date": "2023-02-11-20-00-00", "latency": "5971"}, {"date": "2023-02-11-20-00-00", "latency": "5971"}, {"date": "2023-02-11-20-00-00", "latency": "5971"}, {"date": "2023-02-11-20-00-00", "latency": "5971"}, {"date": "2023-02-11-20-00-00", "latency": "5971"}]}, {"location": {"country_code": "ca", "region": "Ontario", "city": "Toronto"}, "game_id": "319965", "values": [{"date": "2023-02-12-00-00-00", "latency": "27"}, {"date": "2023-02-12-00-00-00", "latency": "27"}, {"date": "2023-02-12-00-00-00", "latency": "27"}, {"date": "2023-02-12-00-00-00", "latency": "27"}, {"date": "2023-02-12-00-00-00", "latency": "27"}, {"date": "2023-02-12-00-00-00", "latency": "27"}, {"date": "2023-02-12-00-00-00", "latency": "27"}, {"date": "2023-02-12-00-00-00", "latency": "27"}, {"date": "2023-02-12-00-00-00", "latency": "27"}, {"date": "2023-02-12-00-00-00", "latency": "27"}, {"date": "2023-02-12-00-00-00", "latency": "27"}]}, {"location": {"country_code": "se", "region": "Stockholm County", "city": "Stockholm"}, "game_id": "319965", "values": [{"date": "2023-02-11-03-00-00", "latency": "161"}]}, {"location": {"country_code": "us", "region": "New York", "city": "Long Island"}, "game_id": "319965", "values": [{"date": "2023-02-11-07-00-00", "latency": "73"}, {"date": "2023-02-11-07-00-00", "latency": "73"}, {"date": "2023-02-11-07-00-00", "latency": "73"}, {"date": "2023-02-11-07-00-00", "latency": "73"}, {"date": "2023-02-11-07-00-00", "latency": "73"}, {"date": "2023-02-11-07-00-00", "latency": "73"}, {"date": "2023-02-11-07-00-00", "latency": "73"}, {"date": "2023-02-11-07-00-00", "latency": "73"}, {"date": "2023-02-11-07-00-00", "latency": "73"}, {"date": "2023-02-11-07-00-00", "latency": "73"}, {"date": "2023-02-11-07-00-00", "latency": "73"}, {"date": "2023-02-11-07-00-00", "latency": "73"}, {"date": "2023-02-11-07-00-00", "latency": "73"}, {"date": "2023-02-11-07-00-00", "latency": "73"}]}, {"location": {"country_code": "cl", "region": "Tarapaca", "city": "Iquique"}, "game_id": "319965", "values": [{"date": "2023-02-11-01-00-00", "latency": "52"}, {"date": "2023-02-11-01-00-00", "latency": "52"}]}], "last_updated": 1719915096.509026}