{"data": [{"location": {"country_code": "mx"}, "game_id": "319965", "values": [{"date": "2022-09-21-07-00-00", "alternatives": [5116, 116, 116, 116, 116]}, {"date": "2022-09-21-07-00-00", "alternatives": [5116, 116, 116, 116, 116]}]}, {"location": {"country_code": "au", "region": "Victoria", "city": "Melbourne"}, "game_id": "319965", "values": [{"date": "2022-09-21-15-00-00", "alternatives": [0, 104, 104, 104]}, {"date": "2022-09-21-15-00-00", "alternatives": [0, 104, 104, 104]}, {"date": "2022-09-21-15-00-00", "alternatives": [0, 104, 104, 104]}]}, {"location": {"country_code": "es"}, "game_id": "319965", "values": [{"date": "2022-09-21-03-00-00", "alternatives": ["50", "50", "28"]}]}, {"location": {"country_code": "gb", "region": "England", "city": "Nottingham"}, "game_id": "319965", "values": [{"date": "2022-09-21-20-00-00", "alternatives": ["9", "37", "37"]}, {"date": "2022-09-21-20-00-00", "alternatives": ["9", "37", "37"]}, {"date": "2022-09-21-20-00-00", "alternatives": ["9", "37", "37"]}, {"date": "2022-09-21-20-00-00", "alternatives": ["9", "37", "37"]}, {"date": "2022-09-21-20-00-00", "alternatives": ["9", "37", "37"]}, {"date": "2022-09-21-20-00-00", "alternatives": ["9", "37", "37"]}, {"date": "2022-09-21-20-00-00", "alternatives": ["9", "37", "37"]}]}], "last_updated": 1719918470.387456}