{"data": [{"location": {"country_code": "us"}, "game_id": "319965", "values": [{"date": "2022-09-03-08-00-00", "alternatives": [55, 55, 55, 55]}, {"date": "2022-09-03-08-00-00", "alternatives": [55, 55, 55, 55]}, {"date": "2022-09-03-08-00-00", "alternatives": [55, 55, 55, 55]}, {"date": "2022-09-03-08-00-00", "alternatives": [55, 55, 55, 55]}, {"date": "2022-09-03-08-00-00", "alternatives": [55, 55, 55, 55]}, {"date": "2022-09-03-08-00-00", "alternatives": [55, 55, 55, 55]}, {"date": "2022-09-03-08-00-00", "alternatives": [55, 55, 55, 55]}, {"date": "2022-09-03-08-00-00", "alternatives": [55, 55, 55, 55]}]}, {"location": {"country_code": "jp"}, "game_id": "319965", "values": [{"date": "2022-09-03-16-00-00", "alternatives": ["88", "88", "38"]}, {"date": "2022-09-03-16-00-00", "alternatives": ["88", "88", "38"]}, {"date": "2022-09-03-16-00-00", "alternatives": ["88", "88", "38"]}, {"date": "2022-09-03-16-00-00", "alternatives": ["88", "88", "38"]}, {"date": "2022-09-03-16-00-00", "alternatives": ["88", "88", "38"]}]}, {"location": {"country_code": "ar"}, "game_id": "319965", "values": [{"date": "2022-09-03-03-00-00", "alternatives": [4188, 188, 188, 188]}, {"date": "2022-09-03-03-00-00", "alternatives": [4188, 188, 188, 188]}]}, {"location": {"country_code": "gb", "region": "England", "city": "Nottingham"}, "game_id": "319965", "values": [{"date": "2022-09-03-23-00-00", "alternatives": ["21", "21", "22"]}]}], "last_updated": 1719918468.934397}