{"data": [{"location": {"country_code": "us"}, "game_id": "452439", "values": [{"date": "2024-03-28-00-00-00", "latency": 92}, {"date": "2024-03-27-01-00-00", "latency": 67}, {"date": "2024-03-28-01-00-00", "latency": 68}, {"date": "2024-03-28-01-00-00", "latency": 68}, {"date": "2024-03-28-01-00-00", "latency": 68}, {"date": "2024-03-28-01-00-00", "latency": 68}, {"date": "2024-03-28-01-00-00", "latency": 68}, {"date": "2024-03-28-01-00-00", "latency": 68}]}, {"location": {"country_code": "us", "region": "Indiana", "city": "Warsaw"}, "game_id": "452439", "values": [{"date": "2024-03-28-00-00-00", "latency": 69}, {"date": "2024-03-28-00-00-00", "latency": 69}]}, {"location": {"country_code": "gb"}, "game_id": "452439", "values": [{"date": "2024-03-27-20-00-00", "latency": 57}, {"date": "2024-03-27-20-00-00", "latency": 57}, {"date": "2024-03-27-22-00-00", "latency": 61}]}, {"location": {"country_code": "gb", "region": "England"}, "game_id": "452439", "values": [{"date": "2024-03-27-15-00-00", "latency": 52}]}, {"location": {"country_code": "gr"}, "game_id": "452439", "values": [{"date": "2024-03-27-20-00-00", "latency": 72}]}, {"location": {"country_code": "cz"}, "game_id": "452439", "values": [{"date": "2024-03-27-20-00-00", "latency": 57}]}, {"location": {"country_code": "jp"}, "game_id": "452439", "values": [{"date": "2024-03-27-15-00-00", "latency": 130}, {"date": "2024-03-27-15-00-00", "latency": 130}, {"date": "2024-03-27-15-00-00", "latency": 130}, {"date": "2024-03-27-15-00-00", "latency": 130}]}, {"location": {"country_code": "ca"}, "game_id": "452439", "values": [{"date": "2024-03-27-06-00-00", "latency": 85}, {"date": "2024-03-27-06-00-00", "latency": 85}, {"date": "2024-03-27-06-00-00", "latency": 85}, {"date": "2024-03-27-06-00-00", "latency": 85}, {"date": "2024-03-27-20-00-00", "latency": 76}, {"date": "2024-03-27-20-00-00", "latency": 76}, {"date": "2024-03-27-20-00-00", "latency": 76}, {"date": "2024-03-27-20-00-00", "latency": 76}]}, {"location": {"country_code": "de"}, "game_id": "452439", "values": [{"date": "2024-03-27-20-00-00", "latency": 69}, {"date": "2024-03-27-20-00-00", "latency": 69}, {"date": "2024-03-27-19-00-00", "latency": 83}, {"date": "2024-03-27-14-00-00", "latency": 68}, {"date": "2024-03-27-14-00-00", "latency": 68}, {"date": "2024-03-28-01-00-00", "latency": 36}, {"date": "2024-03-28-00-00-00", "latency": 40}]}, {"location": {"country_code": "us", "region": "Texas"}, "game_id": "452439", "values": [{"date": "2024-03-27-07-00-00", "latency": 71}, {"date": "2024-03-27-07-00-00", "latency": 71}, {"date": "2024-03-27-07-00-00", "latency": 71}]}, {"location": {"country_code": "us", "region": "Florida"}, "game_id": "452439", "values": [{"date": "2024-03-27-02-00-00", "latency": 58}, {"date": "2024-03-27-02-00-00", "latency": 58}]}, {"location": {"country_code": "fr"}, "game_id": "452439", "values": [{"date": "2024-03-27-23-00-00", "latency": 103}, {"date": "2024-03-27-23-00-00", "latency": 103}, {"date": "2024-03-27-23-00-00", "latency": 103}]}, {"location": {"country_code": "us", "region": "California"}, "game_id": "452439", "values": [{"date": "2024-03-27-08-00-00", "latency": 70}, {"date": "2024-03-27-08-00-00", "latency": 70}, {"date": "2024-03-27-08-00-00", "latency": 70}, {"date": "2024-03-27-15-00-00", "latency": 167}]}, {"location": {"country_code": "rs"}, "game_id": "452439", "values": [{"date": "2024-03-27-20-00-00", "latency": 78}, {"date": "2024-03-27-20-00-00", "latency": 78}, {"date": "2024-03-27-20-00-00", "latency": 78}, {"date": "2024-03-27-20-00-00", "latency": 78}, {"date": "2024-03-27-20-00-00", "latency": 78}, {"date": "2024-03-27-20-00-00", "latency": 78}]}, {"location": {"country_code": "br", "region": "Sao Paulo", "city": "Zona Leste (SBO)"}, "game_id": "452439", "values": [{"date": "2024-03-27-05-00-00", "latency": 32}, {"date": "2024-03-27-05-00-00", "latency": 32}]}, {"location": {"country_code": "br", "region": "Sao Paulo", "city": "Apiai"}, "game_id": "452439", "values": [{"date": "2024-03-27-04-00-00", "latency": 130}, {"date": "2024-03-27-04-00-00", "latency": 130}, {"date": "2024-03-27-04-00-00", "latency": 130}, {"date": "2024-03-27-04-00-00", "latency": 130}, {"date": "2024-03-27-04-00-00", "latency": 130}, {"date": "2024-03-27-04-00-00", "latency": 130}, {"date": "2024-03-28-00-00-00", "latency": 181}]}, {"location": {"country_code": "us", "region": "California", "city": "East Los Angeles"}, "game_id": "452439", "values": [{"date": "2024-03-27-12-00-00", "latency": 76}, {"date": "2024-03-27-12-00-00", "latency": 76}, {"date": "2024-03-27-12-00-00", "latency": 76}, {"date": "2024-03-27-12-00-00", "latency": 76}]}, {"location": {"country_code": "au"}, "game_id": "452439", "values": [{"date": "2024-03-27-02-00-00", "latency": 472}]}, {"location": {"country_code": "au", "region": "Victoria", "city": "Melbourne"}, "game_id": "452439", "values": [{"date": "2024-03-27-12-00-00", "latency": 196}, {"date": "2024-03-27-12-00-00", "latency": 196}]}, {"location": {"country_code": "kr"}, "game_id": "452439", "values": [{"date": "2024-03-27-20-00-00", "latency": 35}, {"date": "2024-03-27-01-00-00", "latency": 56}, {"date": "2024-03-27-01-00-00", "latency": 56}]}, {"location": {"country_code": "es", "region": "Madrid"}, "game_id": "452439", "values": [{"date": "2024-03-28-00-00-00", "latency": 50}, {"date": "2024-03-28-00-00-00", "latency": 50}]}, {"location": {"country_code": "de", "region": "Free and Hanseatic City of Hamburg", "city": "Hamburg"}, "game_id": "452439", "values": [{"date": "2024-03-28-01-00-00", "latency": 47}, {"date": "2024-03-28-01-00-00", "latency": 47}]}, {"location": {"country_code": "us", "region": "Virginia"}, "game_id": "452439", "values": [{"date": "2024-03-27-03-00-00", "latency": 119}]}, {"location": {"country_code": "jp", "region": "Tokyo"}, "game_id": "452439", "values": [{"date": "2024-03-27-08-00-00", "latency": 54}, {"date": "2024-03-27-08-00-00", "latency": 54}, {"date": "2024-03-27-08-00-00", "latency": 54}]}, {"location": {"country_code": "us", "region": "Wisconsin", "city": "Milwaukee"}, "game_id": "452439", "values": [{"date": "2024-03-27-05-00-00", "latency": 61}, {"date": "2024-03-27-05-00-00", "latency": 61}, {"date": "2024-03-27-05-00-00", "latency": 61}, {"date": "2024-03-27-05-00-00", "latency": 61}, {"date": "2024-03-27-05-00-00", "latency": 61}, {"date": "2024-03-27-05-00-00", "latency": 61}]}, {"location": {"country_code": "ru"}, "game_id": "452439", "values": [{"date": "2024-03-27-19-00-00", "latency": 93}, {"date": "2024-03-27-23-00-00", "latency": 89}, {"date": "2024-03-27-14-00-00", "latency": 138}]}, {"location": {"country_code": "de", "region": "Lower Saxony", "city": "Hanover"}, "game_id": "452439", "values": [{"date": "2024-03-27-17-00-00", "latency": 42}]}, {"location": {"country_code": "br", "region": "Sao Paulo", "city": "Santa Cruz das Palmeiras"}, "game_id": "452439", "values": [{"date": "2024-03-27-05-00-00", "latency": 84}]}, {"location": {"country_code": "gb", "region": "Wales"}, "game_id": "452439", "values": [{"date": "2024-03-27-18-00-00", "latency": 93}, {"date": "2024-03-27-18-00-00", "latency": 93}, {"date": "2024-03-27-18-00-00", "latency": 93}, {"date": "2024-03-27-18-00-00", "latency": 93}, {"date": "2024-03-27-18-00-00", "latency": 93}]}, {"location": {"country_code": "at", "region": "Tyrol"}, "game_id": "452439", "values": [{"date": "2024-03-27-22-00-00", "latency": 63}, {"date": "2024-03-27-22-00-00", "latency": 63}]}, {"location": {"country_code": "mx", "region": "Queretaro", "city": "Queretaro"}, "game_id": "452439", "values": [{"date": "2024-03-27-06-00-00", "latency": 78}, {"date": "2024-03-27-06-00-00", "latency": 78}]}, {"location": {"country_code": "de", "region": "North Rhine-Westphalia", "city": "Dortmund"}, "game_id": "452439", "values": [{"date": "2024-03-27-19-00-00", "latency": 39}]}, {"location": {"country_code": "ca", "region": "Ontario", "city": "Peterborough"}, "game_id": "452439", "values": [{"date": "2024-03-27-08-00-00", "latency": 78}, {"date": "2024-03-27-08-00-00", "latency": 78}, {"date": "2024-03-27-08-00-00", "latency": 78}, {"date": "2024-03-27-08-00-00", "latency": 78}]}, {"location": {"country_code": "us", "region": "U.S. Virgin Islands"}, "game_id": "452439", "values": [{"date": "2024-03-27-06-00-00", "latency": 68}, {"date": "2024-03-27-06-00-00", "latency": 68}, {"date": "2024-03-27-06-00-00", "latency": 68}, {"date": "2024-03-27-06-00-00", "latency": 68}, {"date": "2024-03-27-06-00-00", "latency": 68}, {"date": "2024-03-27-06-00-00", "latency": 68}, {"date": "2024-03-27-06-00-00", "latency": 68}, {"date": "2024-03-27-06-00-00", "latency": 68}, {"date": "2024-03-27-06-00-00", "latency": 68}]}], "last_updated": 1719927576.024098}