{"data": [{"location": {"country_code": "es", "region": "Canary Islands", "city": "Las Palmas de Gran Canaria"}, "game_id": "135305", "values": [{"date": "2021-12-24-20-00-00", "latency": "69"}, {"date": "2021-12-24-20-00-00", "latency": "69"}, {"date": "2021-12-24-20-00-00", "latency": "69"}, {"date": "2021-12-24-20-00-00", "latency": "69"}, {"date": "2021-12-24-20-00-00", "latency": "69"}, {"date": "2021-12-24-20-00-00", "latency": "69"}, {"date": "2021-12-24-20-00-00", "latency": "69"}, {"date": "2021-12-24-20-00-00", "latency": "69"}, {"date": "2021-12-24-20-00-00", "latency": "69"}, {"date": "2021-12-24-20-00-00", "latency": "69"}]}, {"location": {"country_code": "us"}, "game_id": "135305", "values": [{"date": "2021-12-25-01-00-00", "latency": "38"}, {"date": "2021-12-25-01-00-00", "latency": "38"}, {"date": "2021-12-25-01-00-00", "latency": "38"}, {"date": "2021-12-24-10-00-00", "latency": "137"}, {"date": "2021-12-24-10-00-00", "latency": "137"}, {"date": "2021-12-24-23-00-00", "latency": "32"}, {"date": "2021-12-24-23-00-00", "latency": "32"}, {"date": "2021-12-24-23-00-00", "latency": "32"}, {"date": "2021-12-24-23-00-00", "latency": "32"}, {"date": "2021-12-24-23-00-00", "latency": "32"}, {"date": "2021-12-24-23-00-00", "latency": "32"}, {"date": "2021-12-24-23-00-00", "latency": "32"}, {"date": "2021-12-24-23-00-00", "latency": "32"}, {"date": "2021-12-24-23-00-00", "latency": "32"}, {"date": "2021-12-24-23-00-00", "latency": "32"}, {"date": "2021-12-24-23-00-00", "latency": "32"}, {"date": "2021-12-25-00-00-00", "latency": "6"}, {"date": "2021-12-24-20-00-00", "latency": "27"}, {"date": "2021-12-24-20-00-00", "latency": "27"}, {"date": "2021-12-24-23-00-00", "latency": "67"}, {"date": "2021-12-24-23-00-00", "latency": "67"}, {"date": "2021-12-24-23-00-00", "latency": "67"}, {"date": "2021-12-24-23-00-00", "latency": "67"}, {"date": "2021-12-24-23-00-00", "latency": "67"}, {"date": "2021-12-24-23-00-00", "latency": "67"}, {"date": "2021-12-24-23-00-00", "latency": "67"}, {"date": "2021-12-24-23-00-00", "latency": "67"}, {"date": "2021-12-24-23-00-00", "latency": "67"}, {"date": "2021-12-24-23-00-00", "latency": "67"}, {"date": "2021-12-24-23-00-00", "latency": "67"}, {"date": "2021-12-24-23-00-00", "latency": "67"}, {"date": "2021-12-24-23-00-00", "latency": "67"}, {"date": "2021-12-25-01-00-00", "latency": "17"}, {"date": "2021-12-25-01-00-00", "latency": "17"}, {"date": "2021-12-25-01-00-00", "latency": "17"}, {"date": "2021-12-25-01-00-00", "latency": "17"}, {"date": "2021-12-25-01-00-00", "latency": "17"}, {"date": "2021-12-25-01-00-00", "latency": "17"}, {"date": "2021-12-25-01-00-00", "latency": "17"}, {"date": "2021-12-25-01-00-00", "latency": "17"}, {"date": "2021-12-24-21-00-00", "latency": "36"}, {"date": "2021-12-24-21-00-00", "latency": "36"}, {"date": "2021-12-24-21-00-00", "latency": "36"}, {"date": "2021-12-24-21-00-00", "latency": "36"}, {"date": "2021-12-24-21-00-00", "latency": "36"}, {"date": "2021-12-24-21-00-00", "latency": "36"}, {"date": "2021-12-24-21-00-00", "latency": "36"}, {"date": "2021-12-24-21-00-00", "latency": "36"}, {"date": "2021-12-24-21-00-00", "latency": "36"}, {"date": "2021-12-24-21-00-00", "latency": "36"}, {"date": "2021-12-24-21-00-00", "latency": "36"}, {"date": "2021-12-24-21-00-00", "latency": "36"}, {"date": "2021-12-24-21-00-00", "latency": "36"}, {"date": "2021-12-24-21-00-00", "latency": "36"}, {"date": "2021-12-24-21-00-00", "latency": "36"}, {"date": "2021-12-24-21-00-00", "latency": "36"}, {"date": "2021-12-24-18-00-00", "latency": "84"}, {"date": "2021-12-24-18-00-00", "latency": "84"}, {"date": "2021-12-24-18-00-00", "latency": "84"}, {"date": "2021-12-24-18-00-00", "latency": "84"}, {"date": "2021-12-24-18-00-00", "latency": "84"}, {"date": "2021-12-24-18-00-00", "latency": "84"}, {"date": "2021-12-24-18-00-00", "latency": "84"}, {"date": "2021-12-24-18-00-00", "latency": "84"}, {"date": "2021-12-24-18-00-00", "latency": "84"}, {"date": "2021-12-24-18-00-00", "latency": "84"}, {"date": "2021-12-24-18-00-00", "latency": "84"}, {"date": "2021-12-24-18-00-00", "latency": "84"}, {"date": "2021-12-24-18-00-00", "latency": "84"}, {"date": "2021-12-24-18-00-00", "latency": "84"}, {"date": "2021-12-24-18-00-00", "latency": "84"}, {"date": "2021-12-24-18-00-00", "latency": "84"}, {"date": "2021-12-24-18-00-00", "latency": "84"}, {"date": "2021-12-24-18-00-00", "latency": "84"}, {"date": "2021-12-24-18-00-00", "latency": "84"}, {"date": "2021-12-24-18-00-00", "latency": "84"}, {"date": "2021-12-24-18-00-00", "latency": "84"}, {"date": "2021-12-24-18-00-00", "latency": "84"}, {"date": "2021-12-24-18-00-00", "latency": "84"}, {"date": "2021-12-24-18-00-00", "latency": "84"}, {"date": "2021-12-24-18-00-00", "latency": "84"}, {"date": "2021-12-24-18-00-00", "latency": "84"}, {"date": "2021-12-24-18-00-00", "latency": "84"}, {"date": "2021-12-24-18-00-00", "latency": "84"}, {"date": "2021-12-24-18-00-00", "latency": "84"}, {"date": "2021-12-24-18-00-00", "latency": "84"}, {"date": "2021-12-24-18-00-00", "latency": "84"}, {"date": "2021-12-24-18-00-00", "latency": "84"}, {"date": "2021-12-24-18-00-00", "latency": "84"}, {"date": "2021-12-24-18-00-00", "latency": "84"}, {"date": "2021-12-24-18-00-00", "latency": "84"}, {"date": "2021-12-24-18-00-00", "latency": "84"}, {"date": "2021-12-24-18-00-00", "latency": "84"}, {"date": "2021-12-24-18-00-00", "latency": "84"}, {"date": "2021-12-24-18-00-00", "latency": "84"}, {"date": "2021-12-24-18-00-00", "latency": "84"}, {"date": "2021-12-24-18-00-00", "latency": "84"}, {"date": "2021-12-24-18-00-00", "latency": "84"}, {"date": "2021-12-24-18-00-00", "latency": "84"}]}, {"location": {"country_code": "de", "region": "Berlin", "city": "Berlin"}, "game_id": "135305", "values": [{"date": "2021-12-24-14-00-00", "latency": "24"}, {"date": "2021-12-24-14-00-00", "latency": "24"}, {"date": "2021-12-24-14-00-00", "latency": "24"}, {"date": "2021-12-24-14-00-00", "latency": "24"}, {"date": "2021-12-24-14-00-00", "latency": "24"}, {"date": "2021-12-24-14-00-00", "latency": "24"}, {"date": "2021-12-24-14-00-00", "latency": "24"}]}, {"location": {"country_code": "gb"}, "game_id": "135305", "values": [{"date": "2021-12-25-00-00-00", "latency": "100"}]}, {"location": {"country_code": "th"}, "game_id": "135305", "values": [{"date": "2021-12-24-18-00-00", "latency": "108"}, {"date": "2021-12-24-18-00-00", "latency": "108"}, {"date": "2021-12-24-18-00-00", "latency": "108"}, {"date": "2021-12-24-18-00-00", "latency": "108"}, {"date": "2021-12-24-18-00-00", "latency": "108"}, {"date": "2021-12-24-18-00-00", "latency": "108"}, {"date": "2021-12-24-18-00-00", "latency": "108"}]}, {"location": {"country_code": "pa"}, "game_id": "135305", "values": [{"date": "2021-12-24-08-00-00", "latency": "79"}]}, {"location": {"country_code": "nl"}, "game_id": "135305", "values": [{"date": "2021-12-24-17-00-00", "latency": "20"}, {"date": "2021-12-24-17-00-00", "latency": "20"}, {"date": "2021-12-24-17-00-00", "latency": "20"}, {"date": "2021-12-24-17-00-00", "latency": "20"}, {"date": "2021-12-24-17-00-00", "latency": "20"}, {"date": "2021-12-24-17-00-00", "latency": "20"}, {"date": "2021-12-24-17-00-00", "latency": "20"}, {"date": "2021-12-24-17-00-00", "latency": "20"}, {"date": "2021-12-24-17-00-00", "latency": "20"}, {"date": "2021-12-24-17-00-00", "latency": "20"}, {"date": "2021-12-24-17-00-00", "latency": "20"}, {"date": "2021-12-24-17-00-00", "latency": "20"}, {"date": "2021-12-24-17-00-00", "latency": "20"}, {"date": "2021-12-24-17-00-00", "latency": "20"}, {"date": "2021-12-24-15-00-00", "latency": "14"}, {"date": "2021-12-24-15-00-00", "latency": "14"}, {"date": "2021-12-24-15-00-00", "latency": "14"}, {"date": "2021-12-24-15-00-00", "latency": "14"}, {"date": "2021-12-24-15-00-00", "latency": "14"}, {"date": "2021-12-24-15-00-00", "latency": "14"}, {"date": "2021-12-25-00-00-00", "latency": "19"}, {"date": "2021-12-25-00-00-00", "latency": "19"}, {"date": "2021-12-25-00-00-00", "latency": "19"}, {"date": "2021-12-25-00-00-00", "latency": "19"}, {"date": "2021-12-25-00-00-00", "latency": "19"}, {"date": "2021-12-25-00-00-00", "latency": "19"}, {"date": "2021-12-25-00-00-00", "latency": "19"}, {"date": "2021-12-25-00-00-00", "latency": "19"}, {"date": "2021-12-25-00-00-00", "latency": "19"}, {"date": "2021-12-25-00-00-00", "latency": "19"}, {"date": "2021-12-25-00-00-00", "latency": "19"}, {"date": "2021-12-25-00-00-00", "latency": "19"}, {"date": "2021-12-25-00-00-00", "latency": "19"}, {"date": "2021-12-25-00-00-00", "latency": "19"}, {"date": "2021-12-25-00-00-00", "latency": "19"}, {"date": "2021-12-25-00-00-00", "latency": "19"}, {"date": "2021-12-25-00-00-00", "latency": "19"}, {"date": "2021-12-25-00-00-00", "latency": "19"}]}, {"location": {"country_code": "it"}, "game_id": "135305", "values": [{"date": "2021-12-24-18-00-00", "latency": "153"}, {"date": "2021-12-24-18-00-00", "latency": "153"}, {"date": "2021-12-24-18-00-00", "latency": "153"}, {"date": "2021-12-24-18-00-00", "latency": "153"}, {"date": "2021-12-24-18-00-00", "latency": "153"}, {"date": "2021-12-24-18-00-00", "latency": "153"}, {"date": "2021-12-24-18-00-00", "latency": "153"}, {"date": "2021-12-24-18-00-00", "latency": "153"}, {"date": "2021-12-24-18-00-00", "latency": "153"}, {"date": "2021-12-24-18-00-00", "latency": "153"}]}, {"location": {"country_code": "ro"}, "game_id": "135305", "values": [{"date": "2021-12-24-15-00-00", "latency": "127"}, {"date": "2021-12-24-15-00-00", "latency": "127"}, {"date": "2021-12-24-15-00-00", "latency": "127"}]}, {"location": {"country_code": "jp"}, "game_id": "135305", "values": [{"date": "2021-12-25-00-00-00", "latency": "10"}, {"date": "2021-12-25-00-00-00", "latency": "10"}, {"date": "2021-12-25-00-00-00", "latency": "10"}]}, {"location": {"country_code": "ca"}, "game_id": "135305", "values": [{"date": "2021-12-24-20-00-00", "latency": "58"}, {"date": "2021-12-24-20-00-00", "latency": "58"}, {"date": "2021-12-24-20-00-00", "latency": "58"}, {"date": "2021-12-24-20-00-00", "latency": "58"}, {"date": "2021-12-24-20-00-00", "latency": "58"}, {"date": "2021-12-24-20-00-00", "latency": "58"}, {"date": "2021-12-24-20-00-00", "latency": "58"}, {"date": "2021-12-24-20-00-00", "latency": "58"}, {"date": "2021-12-24-20-00-00", "latency": "58"}, {"date": "2021-12-24-20-00-00", "latency": "58"}, {"date": "2021-12-24-20-00-00", "latency": "58"}, {"date": "2021-12-24-20-00-00", "latency": "58"}, {"date": "2021-12-25-01-00-00", "latency": "47"}, {"date": "2021-12-25-00-00-00", "latency": "85"}, {"date": "2021-12-25-00-00-00", "latency": "85"}, {"date": "2021-12-25-00-00-00", "latency": "85"}, {"date": "2021-12-25-00-00-00", "latency": "85"}]}, {"location": {"country_code": "ca", "region": "Quebec", "city": "Rouyn-Noranda"}, "game_id": "135305", "values": [{"date": "2021-12-25-01-00-00", "latency": "39"}, {"date": "2021-12-25-01-00-00", "latency": "39"}, {"date": "2021-12-25-01-00-00", "latency": "39"}, {"date": "2021-12-25-01-00-00", "latency": "39"}, {"date": "2021-12-25-01-00-00", "latency": "39"}]}, {"location": {"country_code": "ca", "region": "Alberta", "city": "Edmonton"}, "game_id": "135305", "values": [{"date": "2021-12-24-22-00-00", "latency": "83"}, {"date": "2021-12-24-22-00-00", "latency": "83"}, {"date": "2021-12-24-22-00-00", "latency": "83"}, {"date": "2021-12-24-22-00-00", "latency": "83"}, {"date": "2021-12-24-22-00-00", "latency": "83"}, {"date": "2021-12-24-22-00-00", "latency": "83"}, {"date": "2021-12-24-22-00-00", "latency": "83"}, {"date": "2021-12-24-22-00-00", "latency": "83"}, {"date": "2021-12-24-22-00-00", "latency": "83"}, {"date": "2021-12-24-22-00-00", "latency": "83"}, {"date": "2021-12-24-22-00-00", "latency": "83"}, {"date": "2021-12-24-22-00-00", "latency": "83"}, {"date": "2021-12-24-22-00-00", "latency": "83"}, {"date": "2021-12-24-22-00-00", "latency": "83"}, {"date": "2021-12-24-22-00-00", "latency": "83"}]}, {"location": {"country_code": "ch", "region": "Canton of Bern", "city": "Bern"}, "game_id": "135305", "values": [{"date": "2021-12-24-21-00-00", "latency": "24"}]}, {"location": {"country_code": "de"}, "game_id": "135305", "values": [{"date": "2021-12-24-15-00-00", "latency": "19"}, {"date": "2021-12-24-23-00-00", "latency": "17"}, {"date": "2021-12-24-23-00-00", "latency": "17"}, {"date": "2021-12-24-23-00-00", "latency": "17"}, {"date": "2021-12-25-01-00-00", "latency": "18"}, {"date": "2021-12-25-01-00-00", "latency": "18"}, {"date": "2021-12-25-01-00-00", "latency": "18"}, {"date": "2021-12-25-01-00-00", "latency": "18"}, {"date": "2021-12-25-01-00-00", "latency": "18"}, {"date": "2021-12-25-01-00-00", "latency": "18"}, {"date": "2021-12-25-01-00-00", "latency": "18"}, {"date": "2021-12-25-01-00-00", "latency": "18"}, {"date": "2021-12-25-01-00-00", "latency": "18"}, {"date": "2021-12-25-01-00-00", "latency": "18"}, {"date": "2021-12-25-01-00-00", "latency": "18"}, {"date": "2021-12-25-01-00-00", "latency": "18"}, {"date": "2021-12-25-01-00-00", "latency": "18"}, {"date": "2021-12-25-01-00-00", "latency": "18"}, {"date": "2021-12-25-01-00-00", "latency": "18"}, {"date": "2021-12-25-01-00-00", "latency": "18"}, {"date": "2021-12-25-01-00-00", "latency": "18"}, {"date": "2021-12-25-01-00-00", "latency": "18"}, {"date": "2021-12-25-01-00-00", "latency": "18"}, {"date": "2021-12-25-01-00-00", "latency": "18"}, {"date": "2021-12-25-01-00-00", "latency": "18"}, {"date": "2021-12-25-01-00-00", "latency": "18"}, {"date": "2021-12-25-01-00-00", "latency": "18"}, {"date": "2021-12-25-01-00-00", "latency": "18"}, {"date": "2021-12-25-01-00-00", "latency": "18"}, {"date": "2021-12-25-01-00-00", "latency": "18"}, {"date": "2021-12-25-01-00-00", "latency": "18"}, {"date": "2021-12-25-01-00-00", "latency": "18"}, {"date": "2021-12-25-01-00-00", "latency": "18"}, {"date": "2021-12-25-01-00-00", "latency": "18"}, {"date": "2021-12-25-01-00-00", "latency": "18"}, {"date": "2021-12-25-01-00-00", "latency": "18"}, {"date": "2021-12-25-01-00-00", "latency": "18"}, {"date": "2021-12-25-01-00-00", "latency": "18"}, {"date": "2021-12-25-01-00-00", "latency": "18"}, {"date": "2021-12-25-01-00-00", "latency": "18"}, {"date": "2021-12-25-01-00-00", "latency": "18"}, {"date": "2021-12-25-01-00-00", "latency": "18"}, {"date": "2021-12-25-01-00-00", "latency": "18"}, {"date": "2021-12-25-01-00-00", "latency": "18"}, {"date": "2021-12-25-01-00-00", "latency": "18"}, {"date": "2021-12-25-01-00-00", "latency": "18"}, {"date": "2021-12-25-01-00-00", "latency": "18"}, {"date": "2021-12-25-01-00-00", "latency": "18"}, {"date": "2021-12-25-01-00-00", "latency": "18"}, {"date": "2021-12-25-01-00-00", "latency": "18"}, {"date": "2021-12-25-01-00-00", "latency": "18"}, {"date": "2021-12-25-01-00-00", "latency": "18"}, {"date": "2021-12-25-01-00-00", "latency": "18"}, {"date": "2021-12-25-01-00-00", "latency": "18"}, {"date": "2021-12-25-01-00-00", "latency": "18"}, {"date": "2021-12-25-01-00-00", "latency": "18"}, {"date": "2021-12-25-01-00-00", "latency": "18"}, {"date": "2021-12-25-01-00-00", "latency": "18"}, {"date": "2021-12-25-01-00-00", "latency": "18"}, {"date": "2021-12-25-01-00-00", "latency": "18"}, {"date": "2021-12-25-01-00-00", "latency": "18"}, {"date": "2021-12-25-01-00-00", "latency": "18"}, {"date": "2021-12-24-13-00-00", "latency": "16"}, {"date": "2021-12-24-13-00-00", "latency": "16"}, {"date": "2021-12-24-13-00-00", "latency": "16"}, {"date": "2021-12-24-13-00-00", "latency": "16"}, {"date": "2021-12-24-13-00-00", "latency": "16"}, {"date": "2021-12-24-13-00-00", "latency": "16"}, {"date": "2021-12-24-13-00-00", "latency": "16"}, {"date": "2021-12-24-13-00-00", "latency": "16"}, {"date": "2021-12-24-13-00-00", "latency": "16"}, {"date": "2021-12-24-13-00-00", "latency": "16"}, {"date": "2021-12-24-13-00-00", "latency": "16"}, {"date": "2021-12-24-13-00-00", "latency": "16"}, {"date": "2021-12-24-12-00-00", "latency": "13"}, {"date": "2021-12-24-12-00-00", "latency": "13"}, {"date": "2021-12-24-12-00-00", "latency": "13"}, {"date": "2021-12-24-12-00-00", "latency": "13"}, {"date": "2021-12-24-21-00-00", "latency": "18"}, {"date": "2021-12-24-21-00-00", "latency": "18"}, {"date": "2021-12-24-19-00-00", "latency": "25"}, {"date": "2021-12-24-19-00-00", "latency": "25"}, {"date": "2021-12-24-19-00-00", "latency": "25"}, {"date": "2021-12-24-19-00-00", "latency": "25"}, {"date": "2021-12-24-19-00-00", "latency": "25"}, {"date": "2021-12-24-19-00-00", "latency": "25"}]}, {"location": {"country_code": "de", "region": "Hesse"}, "game_id": "135305", "values": [{"date": "2021-12-24-18-00-00", "latency": "4"}, {"date": "2021-12-24-18-00-00", "latency": "4"}, {"date": "2021-12-24-18-00-00", "latency": "4"}, {"date": "2021-12-24-18-00-00", "latency": "4"}, {"date": "2021-12-24-18-00-00", "latency": "4"}, {"date": "2021-12-24-18-00-00", "latency": "4"}, {"date": "2021-12-24-18-00-00", "latency": "4"}, {"date": "2021-12-24-18-00-00", "latency": "4"}]}, {"location": {"country_code": "tw"}, "game_id": "135305", "values": [{"date": "2021-12-24-18-00-00", "latency": "37"}, {"date": "2021-12-24-18-00-00", "latency": "37"}, {"date": "2021-12-24-18-00-00", "latency": "37"}, {"date": "2021-12-24-18-00-00", "latency": "37"}, {"date": "2021-12-24-18-00-00", "latency": "37"}, {"date": "2021-12-24-18-00-00", "latency": "37"}, {"date": "2021-12-24-18-00-00", "latency": "37"}, {"date": "2021-12-24-18-00-00", "latency": "37"}, {"date": "2021-12-24-18-00-00", "latency": "37"}, {"date": "2021-12-24-18-00-00", "latency": "37"}, {"date": "2021-12-24-18-00-00", "latency": "37"}]}, {"location": {"country_code": "br", "region": "Parana", "city": "Araucaria"}, "game_id": "135305", "values": [{"date": "2021-12-24-20-00-00", "latency": "156"}, {"date": "2021-12-24-20-00-00", "latency": "156"}, {"date": "2021-12-24-20-00-00", "latency": "156"}, {"date": "2021-12-24-20-00-00", "latency": "156"}, {"date": "2021-12-24-20-00-00", "latency": "156"}, {"date": "2021-12-24-20-00-00", "latency": "156"}, {"date": "2021-12-24-20-00-00", "latency": "156"}, {"date": "2021-12-24-20-00-00", "latency": "156"}]}, {"location": {"country_code": "us", "region": "Indiana"}, "game_id": "135305", "values": [{"date": "2021-12-24-22-00-00", "latency": "45"}, {"date": "2021-12-24-22-00-00", "latency": "45"}, {"date": "2021-12-24-22-00-00", "latency": "45"}, {"date": "2021-12-24-22-00-00", "latency": "45"}]}, {"location": {"country_code": "gb", "region": "England"}, "game_id": "135305", "values": [{"date": "2021-12-24-21-00-00", "latency": "46"}, {"date": "2021-12-24-21-00-00", "latency": "46"}, {"date": "2021-12-24-21-00-00", "latency": "46"}, {"date": "2021-12-24-21-00-00", "latency": "46"}, {"date": "2021-12-24-21-00-00", "latency": "46"}, {"date": "2021-12-24-21-00-00", "latency": "46"}, {"date": "2021-12-24-21-00-00", "latency": "46"}, {"date": "2021-12-24-21-00-00", "latency": "46"}, {"date": "2021-12-24-21-00-00", "latency": "46"}, {"date": "2021-12-24-21-00-00", "latency": "46"}, {"date": "2021-12-24-21-00-00", "latency": "46"}, {"date": "2021-12-24-21-00-00", "latency": "46"}, {"date": "2021-12-24-20-00-00", "latency": "23"}, {"date": "2021-12-24-20-00-00", "latency": "23"}, {"date": "2021-12-24-20-00-00", "latency": "23"}, {"date": "2021-12-24-20-00-00", "latency": "23"}, {"date": "2021-12-24-20-00-00", "latency": "23"}, {"date": "2021-12-24-20-00-00", "latency": "23"}, {"date": "2021-12-24-20-00-00", "latency": "23"}, {"date": "2021-12-24-20-00-00", "latency": "23"}, {"date": "2021-12-24-20-00-00", "latency": "23"}, {"date": "2021-12-24-20-00-00", "latency": "23"}, {"date": "2021-12-24-20-00-00", "latency": "23"}, {"date": "2021-12-24-20-00-00", "latency": "23"}, {"date": "2021-12-24-20-00-00", "latency": "23"}, {"date": "2021-12-24-20-00-00", "latency": "23"}, {"date": "2021-12-24-20-00-00", "latency": "23"}, {"date": "2021-12-24-20-00-00", "latency": "23"}, {"date": "2021-12-24-20-00-00", "latency": "23"}, {"date": "2021-12-24-20-00-00", "latency": "23"}, {"date": "2021-12-24-20-00-00", "latency": "23"}]}, {"location": {"country_code": "cl"}, "game_id": "135305", "values": [{"date": "2021-12-25-00-00-00", "latency": "281"}, {"date": "2021-12-25-00-00-00", "latency": "281"}, {"date": "2021-12-25-00-00-00", "latency": "281"}, {"date": "2021-12-25-01-00-00", "latency": "157"}, {"date": "2021-12-25-01-00-00", "latency": "157"}, {"date": "2021-12-24-23-00-00", "latency": "6"}, {"date": "2021-12-24-23-00-00", "latency": "6"}]}, {"location": {"country_code": "ph"}, "game_id": "135305", "values": [{"date": "2021-12-24-20-00-00", "latency": "67"}]}, {"location": {"country_code": "fr"}, "game_id": "135305", "values": [{"date": "2021-12-24-18-00-00", "latency": "15"}, {"date": "2021-12-24-18-00-00", "latency": "15"}, {"date": "2021-12-24-18-00-00", "latency": "15"}, {"date": "2021-12-24-18-00-00", "latency": "15"}, {"date": "2021-12-24-18-00-00", "latency": "15"}, {"date": "2021-12-24-18-00-00", "latency": "15"}, {"date": "2021-12-24-18-00-00", "latency": "15"}, {"date": "2021-12-24-18-00-00", "latency": "15"}, {"date": "2021-12-24-18-00-00", "latency": "15"}, {"date": "2021-12-24-18-00-00", "latency": "15"}, {"date": "2021-12-24-18-00-00", "latency": "15"}, {"date": "2021-12-24-18-00-00", "latency": "15"}, {"date": "2021-12-24-18-00-00", "latency": "15"}, {"date": "2021-12-24-18-00-00", "latency": "15"}, {"date": "2021-12-24-18-00-00", "latency": "15"}, {"date": "2021-12-24-18-00-00", "latency": "15"}, {"date": "2021-12-24-18-00-00", "latency": "15"}, {"date": "2021-12-24-18-00-00", "latency": "15"}, {"date": "2021-12-24-18-00-00", "latency": "15"}, {"date": "2021-12-24-18-00-00", "latency": "15"}, {"date": "2021-12-24-18-00-00", "latency": "15"}, {"date": "2021-12-24-18-00-00", "latency": "15"}, {"date": "2021-12-24-18-00-00", "latency": "15"}, {"date": "2021-12-24-18-00-00", "latency": "15"}, {"date": "2021-12-24-18-00-00", "latency": "15"}, {"date": "2021-12-24-18-00-00", "latency": "15"}, {"date": "2021-12-24-18-00-00", "latency": "15"}, {"date": "2021-12-24-16-00-00", "latency": "28"}, {"date": "2021-12-24-16-00-00", "latency": "28"}, {"date": "2021-12-24-16-00-00", "latency": "28"}, {"date": "2021-12-24-16-00-00", "latency": "28"}, {"date": "2021-12-24-16-00-00", "latency": "28"}, {"date": "2021-12-24-16-00-00", "latency": "28"}, {"date": "2021-12-24-15-00-00", "latency": "64"}, {"date": "2021-12-24-15-00-00", "latency": "64"}, {"date": "2021-12-24-15-00-00", "latency": "64"}, {"date": "2021-12-24-15-00-00", "latency": "64"}, {"date": "2021-12-24-15-00-00", "latency": "64"}, {"date": "2021-12-24-15-00-00", "latency": "64"}, {"date": "2021-12-24-15-00-00", "latency": "64"}, {"date": "2021-12-24-15-00-00", "latency": "64"}, {"date": "2021-12-24-15-00-00", "latency": "64"}, {"date": "2021-12-24-15-00-00", "latency": "64"}, {"date": "2021-12-24-15-00-00", "latency": "64"}, {"date": "2021-12-24-15-00-00", "latency": "64"}, {"date": "2021-12-24-15-00-00", "latency": "64"}, {"date": "2021-12-24-15-00-00", "latency": "64"}, {"date": "2021-12-24-15-00-00", "latency": "64"}, {"date": "2021-12-24-15-00-00", "latency": "64"}, {"date": "2021-12-24-15-00-00", "latency": "64"}]}, {"location": {"country_code": "us", "region": "New Jersey"}, "game_id": "135305", "values": [{"date": "2021-12-24-11-00-00", "latency": "21"}, {"date": "2021-12-24-11-00-00", "latency": "21"}, {"date": "2021-12-24-11-00-00", "latency": "21"}, {"date": "2021-12-24-11-00-00", "latency": "21"}]}, {"location": {"country_code": "mx"}, "game_id": "135305", "values": [{"date": "2021-12-24-14-00-00", "latency": "112"}, {"date": "2021-12-24-14-00-00", "latency": "112"}, {"date": "2021-12-24-14-00-00", "latency": "112"}, {"date": "2021-12-24-14-00-00", "latency": "112"}, {"date": "2021-12-24-14-00-00", "latency": "112"}, {"date": "2021-12-24-14-00-00", "latency": "112"}, {"date": "2021-12-24-14-00-00", "latency": "112"}, {"date": "2021-12-24-14-00-00", "latency": "112"}, {"date": "2021-12-24-14-00-00", "latency": "112"}, {"date": "2021-12-24-14-00-00", "latency": "112"}, {"date": "2021-12-24-14-00-00", "latency": "112"}, {"date": "2021-12-24-14-00-00", "latency": "112"}, {"date": "2021-12-24-14-00-00", "latency": "112"}, {"date": "2021-12-24-14-00-00", "latency": "112"}, {"date": "2021-12-24-14-00-00", "latency": "112"}, {"date": "2021-12-25-01-00-00", "latency": "96"}, {"date": "2021-12-25-01-00-00", "latency": "96"}, {"date": "2021-12-25-01-00-00", "latency": "96"}, {"date": "2021-12-25-01-00-00", "latency": "96"}, {"date": "2021-12-25-01-00-00", "latency": "96"}, {"date": "2021-12-25-01-00-00", "latency": "96"}, {"date": "2021-12-25-01-00-00", "latency": "96"}, {"date": "2021-12-25-01-00-00", "latency": "96"}, {"date": "2021-12-25-01-00-00", "latency": "96"}, {"date": "2021-12-25-01-00-00", "latency": "89"}, {"date": "2021-12-25-01-00-00", "latency": "89"}, {"date": "2021-12-24-13-00-00", "latency": "50"}, {"date": "2021-12-24-13-00-00", "latency": "50"}, {"date": "2021-12-24-13-00-00", "latency": "50"}, {"date": "2021-12-24-13-00-00", "latency": "50"}, {"date": "2021-12-24-13-00-00", "latency": "50"}, {"date": "2021-12-24-13-00-00", "latency": "50"}, {"date": "2021-12-24-13-00-00", "latency": "50"}, {"date": "2021-12-24-13-00-00", "latency": "50"}, {"date": "2021-12-24-13-00-00", "latency": "50"}, {"date": "2021-12-24-13-00-00", "latency": "50"}, {"date": "2021-12-24-13-00-00", "latency": "50"}, {"date": "2021-12-24-13-00-00", "latency": "50"}, {"date": "2021-12-24-13-00-00", "latency": "50"}, {"date": "2021-12-24-13-00-00", "latency": "50"}, {"date": "2021-12-24-13-00-00", "latency": "50"}, {"date": "2021-12-24-13-00-00", "latency": "50"}, {"date": "2021-12-24-13-00-00", "latency": "50"}, {"date": "2021-12-24-13-00-00", "latency": "50"}]}, {"location": {"country_code": "mx", "region": "Mexico City"}, "game_id": "135305", "values": [{"date": "2021-12-25-00-00-00", "latency": "113"}, {"date": "2021-12-25-00-00-00", "latency": "113"}, {"date": "2021-12-25-00-00-00", "latency": "113"}, {"date": "2021-12-25-00-00-00", "latency": "113"}, {"date": "2021-12-25-00-00-00", "latency": "113"}, {"date": "2021-12-25-00-00-00", "latency": "113"}, {"date": "2021-12-25-00-00-00", "latency": "113"}, {"date": "2021-12-25-00-00-00", "latency": "113"}, {"date": "2021-12-25-00-00-00", "latency": "113"}, {"date": "2021-12-25-00-00-00", "latency": "113"}, {"date": "2021-12-25-00-00-00", "latency": "113"}, {"date": "2021-12-25-00-00-00", "latency": "113"}, {"date": "2021-12-25-00-00-00", "latency": "113"}]}, {"location": {"country_code": "us", "region": "California"}, "game_id": "135305", "values": [{"date": "2021-12-24-11-00-00", "latency": "85"}, {"date": "2021-12-24-11-00-00", "latency": "85"}, {"date": "2021-12-24-11-00-00", "latency": "85"}, {"date": "2021-12-24-11-00-00", "latency": "85"}, {"date": "2021-12-24-11-00-00", "latency": "85"}, {"date": "2021-12-24-11-00-00", "latency": "85"}, {"date": "2021-12-24-11-00-00", "latency": "85"}, {"date": "2021-12-24-11-00-00", "latency": "85"}, {"date": "2021-12-24-11-00-00", "latency": "85"}, {"date": "2021-12-24-11-00-00", "latency": "85"}, {"date": "2021-12-24-11-00-00", "latency": "85"}, {"date": "2021-12-24-11-00-00", "latency": "85"}, {"date": "2021-12-24-11-00-00", "latency": "85"}, {"date": "2021-12-24-11-00-00", "latency": "85"}, {"date": "2021-12-24-11-00-00", "latency": "85"}, {"date": "2021-12-24-11-00-00", "latency": "85"}, {"date": "2021-12-24-09-00-00", "latency": "83"}, {"date": "2021-12-24-09-00-00", "latency": "83"}, {"date": "2021-12-24-09-00-00", "latency": "83"}, {"date": "2021-12-24-09-00-00", "latency": "83"}, {"date": "2021-12-24-09-00-00", "latency": "83"}, {"date": "2021-12-24-09-00-00", "latency": "68"}, {"date": "2021-12-24-09-00-00", "latency": "68"}, {"date": "2021-12-24-11-00-00", "latency": "9055"}, {"date": "2021-12-24-11-00-00", "latency": "9055"}, {"date": "2021-12-24-11-00-00", "latency": "9055"}, {"date": "2021-12-24-11-00-00", "latency": "9055"}, {"date": "2021-12-24-11-00-00", "latency": "9055"}, {"date": "2021-12-24-11-00-00", "latency": "9055"}, {"date": "2021-12-24-11-00-00", "latency": "9055"}, {"date": "2021-12-24-11-00-00", "latency": "9055"}, {"date": "2021-12-24-23-00-00", "latency": "83"}, {"date": "2021-12-24-23-00-00", "latency": "83"}, {"date": "2021-12-24-23-00-00", "latency": "83"}, {"date": "2021-12-24-23-00-00", "latency": "83"}, {"date": "2021-12-24-23-00-00", "latency": "83"}, {"date": "2021-12-24-23-00-00", "latency": "83"}, {"date": "2021-12-24-23-00-00", "latency": "83"}, {"date": "2021-12-24-23-00-00", "latency": "83"}, {"date": "2021-12-24-08-00-00", "latency": "93"}, {"date": "2021-12-24-08-00-00", "latency": "93"}, {"date": "2021-12-24-23-00-00", "latency": "87"}, {"date": "2021-12-24-23-00-00", "latency": "87"}, {"date": "2021-12-24-23-00-00", "latency": "87"}, {"date": "2021-12-24-23-00-00", "latency": "87"}, {"date": "2021-12-24-23-00-00", "latency": "87"}, {"date": "2021-12-24-23-00-00", "latency": "87"}]}, {"location": {"country_code": "br"}, "game_id": "135305", "values": [{"date": "2021-12-24-21-00-00", "latency": "98"}, {"date": "2021-12-24-21-00-00", "latency": "98"}, {"date": "2021-12-24-21-00-00", "latency": "98"}, {"date": "2021-12-24-21-00-00", "latency": "98"}, {"date": "2021-12-25-01-00-00", "latency": "135"}, {"date": "2021-12-25-01-00-00", "latency": "135"}, {"date": "2021-12-25-01-00-00", "latency": "135"}, {"date": "2021-12-25-01-00-00", "latency": "135"}, {"date": "2021-12-25-01-00-00", "latency": "135"}, {"date": "2021-12-25-01-00-00", "latency": "135"}, {"date": "2021-12-25-01-00-00", "latency": "135"}, {"date": "2021-12-25-01-00-00", "latency": "135"}, {"date": "2021-12-25-01-00-00", "latency": "135"}, {"date": "2021-12-25-01-00-00", "latency": "135"}, {"date": "2021-12-25-01-00-00", "latency": "135"}, {"date": "2021-12-25-01-00-00", "latency": "135"}, {"date": "2021-12-25-01-00-00", "latency": "135"}, {"date": "2021-12-25-01-00-00", "latency": "135"}, {"date": "2021-12-25-01-00-00", "latency": "135"}, {"date": "2021-12-25-01-00-00", "latency": "135"}, {"date": "2021-12-25-01-00-00", "latency": "135"}, {"date": "2021-12-25-01-00-00", "latency": "135"}, {"date": "2021-12-25-01-00-00", "latency": "135"}, {"date": "2021-12-25-01-00-00", "latency": "135"}, {"date": "2021-12-25-01-00-00", "latency": "135"}, {"date": "2021-12-25-01-00-00", "latency": "135"}, {"date": "2021-12-25-01-00-00", "latency": "135"}, {"date": "2021-12-25-01-00-00", "latency": "135"}, {"date": "2021-12-25-01-00-00", "latency": "135"}, {"date": "2021-12-25-01-00-00", "latency": "135"}, {"date": "2021-12-25-01-00-00", "latency": "135"}, {"date": "2021-12-25-01-00-00", "latency": "135"}, {"date": "2021-12-25-01-00-00", "latency": "135"}, {"date": "2021-12-25-01-00-00", "latency": "135"}, {"date": "2021-12-25-01-00-00", "latency": "135"}, {"date": "2021-12-25-01-00-00", "latency": "135"}, {"date": "2021-12-25-01-00-00", "latency": "135"}, {"date": "2021-12-25-01-00-00", "latency": "135"}, {"date": "2021-12-25-01-00-00", "latency": "135"}, {"date": "2021-12-25-01-00-00", "latency": "135"}, {"date": "2021-12-25-01-00-00", "latency": "135"}, {"date": "2021-12-25-01-00-00", "latency": "135"}, {"date": "2021-12-25-01-00-00", "latency": "135"}, {"date": "2021-12-25-01-00-00", "latency": "135"}, {"date": "2021-12-25-01-00-00", "latency": "135"}, {"date": "2021-12-25-01-00-00", "latency": "135"}, {"date": "2021-12-25-01-00-00", "latency": "135"}, {"date": "2021-12-25-01-00-00", "latency": "135"}, {"date": "2021-12-25-01-00-00", "latency": "135"}, {"date": "2021-12-25-01-00-00", "latency": "135"}, {"date": "2021-12-25-01-00-00", "latency": "135"}, {"date": "2021-12-25-01-00-00", "latency": "135"}, {"date": "2021-12-25-01-00-00", "latency": "135"}, {"date": "2021-12-25-01-00-00", "latency": "135"}, {"date": "2021-12-25-01-00-00", "latency": "135"}, {"date": "2021-12-25-01-00-00", "latency": "135"}, {"date": "2021-12-25-01-00-00", "latency": "135"}, {"date": "2021-12-25-01-00-00", "latency": "135"}, {"date": "2021-12-25-01-00-00", "latency": "135"}, {"date": "2021-12-25-01-00-00", "latency": "135"}, {"date": "2021-12-25-01-00-00", "latency": "135"}, {"date": "2021-12-25-01-00-00", "latency": "135"}, {"date": "2021-12-25-01-00-00", "latency": "135"}, {"date": "2021-12-25-00-00-00", "latency": "155"}, {"date": "2021-12-25-00-00-00", "latency": "155"}, {"date": "2021-12-24-21-00-00", "latency": "165"}, {"date": "2021-12-24-21-00-00", "latency": "165"}, {"date": "2021-12-24-21-00-00", "latency": "165"}, {"date": "2021-12-24-21-00-00", "latency": "165"}, {"date": "2021-12-25-01-00-00", "latency": "162"}, {"date": "2021-12-25-01-00-00", "latency": "162"}]}, {"location": {"country_code": "br", "region": "Sao Paulo", "city": "Apiai"}, "game_id": "135305", "values": [{"date": "2021-12-24-14-00-00", "latency": "154"}, {"date": "2021-12-24-14-00-00", "latency": "154"}, {"date": "2021-12-24-14-00-00", "latency": "154"}, {"date": "2021-12-24-14-00-00", "latency": "154"}, {"date": "2021-12-24-14-00-00", "latency": "154"}, {"date": "2021-12-24-14-00-00", "latency": "154"}, {"date": "2021-12-24-14-00-00", "latency": "154"}, {"date": "2021-12-24-14-00-00", "latency": "154"}, {"date": "2021-12-24-14-00-00", "latency": "154"}, {"date": "2021-12-24-14-00-00", "latency": "154"}, {"date": "2021-12-24-14-00-00", "latency": "154"}, {"date": "2021-12-24-14-00-00", "latency": "154"}, {"date": "2021-12-24-14-00-00", "latency": "154"}, {"date": "2021-12-24-14-00-00", "latency": "154"}, {"date": "2021-12-24-14-00-00", "latency": "154"}, {"date": "2021-12-24-14-00-00", "latency": "154"}, {"date": "2021-12-24-14-00-00", "latency": "154"}, {"date": "2021-12-24-14-00-00", "latency": "154"}, {"date": "2021-12-24-14-00-00", "latency": "154"}, {"date": "2021-12-24-14-00-00", "latency": "154"}, {"date": "2021-12-24-14-00-00", "latency": "154"}, {"date": "2021-12-24-14-00-00", "latency": "154"}, {"date": "2021-12-24-14-00-00", "latency": "154"}, {"date": "2021-12-24-14-00-00", "latency": "154"}, {"date": "2021-12-24-14-00-00", "latency": "154"}, {"date": "2021-12-24-14-00-00", "latency": "154"}, {"date": "2021-12-24-14-00-00", "latency": "154"}, {"date": "2021-12-24-14-00-00", "latency": "154"}, {"date": "2021-12-24-14-00-00", "latency": "154"}, {"date": "2021-12-24-14-00-00", "latency": "154"}, {"date": "2021-12-24-14-00-00", "latency": "154"}, {"date": "2021-12-24-14-00-00", "latency": "154"}, {"date": "2021-12-24-14-00-00", "latency": "154"}, {"date": "2021-12-24-14-00-00", "latency": "154"}, {"date": "2021-12-25-01-00-00", "latency": "137"}, {"date": "2021-12-25-01-00-00", "latency": "137"}, {"date": "2021-12-25-01-00-00", "latency": "137"}, {"date": "2021-12-25-01-00-00", "latency": "137"}, {"date": "2021-12-25-01-00-00", "latency": "137"}, {"date": "2021-12-25-01-00-00", "latency": "137"}]}, {"location": {"country_code": "se"}, "game_id": "135305", "values": [{"date": "2021-12-24-21-00-00", "latency": "40"}, {"date": "2021-12-24-21-00-00", "latency": "40"}, {"date": "2021-12-24-21-00-00", "latency": "40"}, {"date": "2021-12-24-21-00-00", "latency": "40"}, {"date": "2021-12-24-21-00-00", "latency": "40"}, {"date": "2021-12-24-21-00-00", "latency": "40"}, {"date": "2021-12-24-21-00-00", "latency": "40"}, {"date": "2021-12-24-21-00-00", "latency": "40"}, {"date": "2021-12-24-21-00-00", "latency": "40"}, {"date": "2021-12-24-21-00-00", "latency": "40"}, {"date": "2021-12-24-21-00-00", "latency": "40"}, {"date": "2021-12-24-21-00-00", "latency": "40"}, {"date": "2021-12-24-21-00-00", "latency": "40"}, {"date": "2021-12-24-21-00-00", "latency": "40"}, {"date": "2021-12-24-10-00-00", "latency": "22"}, {"date": "2021-12-24-10-00-00", "latency": "22"}, {"date": "2021-12-24-10-00-00", "latency": "22"}, {"date": "2021-12-24-10-00-00", "latency": "22"}, {"date": "2021-12-24-10-00-00", "latency": "22"}]}, {"location": {"country_code": "ec"}, "game_id": "135305", "values": [{"date": "2021-12-24-17-00-00", "latency": "92"}, {"date": "2021-12-24-17-00-00", "latency": "92"}]}, {"location": {"country_code": "au"}, "game_id": "135305", "values": [{"date": "2021-12-24-09-00-00", "latency": "166"}, {"date": "2021-12-24-09-00-00", "latency": "166"}, {"date": "2021-12-24-09-00-00", "latency": "166"}, {"date": "2021-12-24-09-00-00", "latency": "166"}, {"date": "2021-12-24-09-00-00", "latency": "166"}, {"date": "2021-12-24-23-00-00", "latency": "110"}, {"date": "2021-12-24-23-00-00", "latency": "110"}, {"date": "2021-12-24-23-00-00", "latency": "110"}, {"date": "2021-12-24-23-00-00", "latency": "110"}, {"date": "2021-12-24-23-00-00", "latency": "110"}]}, {"location": {"country_code": "au", "region": "Victoria", "city": "Melbourne"}, "game_id": "135305", "values": [{"date": "2021-12-24-17-00-00", "latency": "124"}, {"date": "2021-12-24-17-00-00", "latency": "124"}, {"date": "2021-12-24-17-00-00", "latency": "124"}, {"date": "2021-12-24-17-00-00", "latency": "124"}, {"date": "2021-12-24-17-00-00", "latency": "124"}, {"date": "2021-12-24-17-00-00", "latency": "124"}, {"date": "2021-12-24-17-00-00", "latency": "124"}, {"date": "2021-12-24-17-00-00", "latency": "124"}, {"date": "2021-12-24-17-00-00", "latency": "124"}, {"date": "2021-12-24-17-00-00", "latency": "124"}, {"date": "2021-12-24-17-00-00", "latency": "124"}, {"date": "2021-12-24-17-00-00", "latency": "124"}, {"date": "2021-12-24-17-00-00", "latency": "124"}, {"date": "2021-12-24-17-00-00", "latency": "124"}, {"date": "2021-12-24-17-00-00", "latency": "124"}, {"date": "2021-12-24-17-00-00", "latency": "124"}, {"date": "2021-12-24-17-00-00", "latency": "124"}, {"date": "2021-12-24-17-00-00", "latency": "124"}, {"date": "2021-12-24-17-00-00", "latency": "124"}, {"date": "2021-12-24-10-00-00", "latency": "247"}, {"date": "2021-12-24-10-00-00", "latency": "247"}, {"date": "2021-12-24-10-00-00", "latency": "247"}, {"date": "2021-12-24-10-00-00", "latency": "247"}, {"date": "2021-12-24-10-00-00", "latency": "247"}]}, {"location": {"country_code": "br", "region": "Goias", "city": "Catalao"}, "game_id": "135305", "values": [{"date": "2021-12-24-23-00-00", "latency": "154"}, {"date": "2021-12-24-23-00-00", "latency": "154"}, {"date": "2021-12-24-23-00-00", "latency": "154"}, {"date": "2021-12-24-23-00-00", "latency": "154"}]}, {"location": {"country_code": "es", "region": "Madrid", "city": "Parla"}, "game_id": "135305", "values": [{"date": "2021-12-25-01-00-00", "latency": "40"}, {"date": "2021-12-25-01-00-00", "latency": "40"}]}, {"location": {"country_code": "es"}, "game_id": "135305", "values": [{"date": "2021-12-24-20-00-00", "latency": "38"}, {"date": "2021-12-24-20-00-00", "latency": "38"}, {"date": "2021-12-24-20-00-00", "latency": "38"}, {"date": "2021-12-24-20-00-00", "latency": "38"}, {"date": "2021-12-24-20-00-00", "latency": "38"}, {"date": "2021-12-24-20-00-00", "latency": "38"}, {"date": "2021-12-24-20-00-00", "latency": "38"}, {"date": "2021-12-24-20-00-00", "latency": "38"}, {"date": "2021-12-24-20-00-00", "latency": "38"}, {"date": "2021-12-24-20-00-00", "latency": "38"}, {"date": "2021-12-24-20-00-00", "latency": "38"}, {"date": "2021-12-24-20-00-00", "latency": "38"}, {"date": "2021-12-24-20-00-00", "latency": "38"}, {"date": "2021-12-24-20-00-00", "latency": "38"}, {"date": "2021-12-24-20-00-00", "latency": "38"}, {"date": "2021-12-24-20-00-00", "latency": "38"}, {"date": "2021-12-24-20-00-00", "latency": "38"}, {"date": "2021-12-24-20-00-00", "latency": "38"}, {"date": "2021-12-24-12-00-00", "latency": "41"}, {"date": "2021-12-24-12-00-00", "latency": "41"}, {"date": "2021-12-24-12-00-00", "latency": "41"}, {"date": "2021-12-24-12-00-00", "latency": "41"}, {"date": "2021-12-24-12-00-00", "latency": "41"}, {"date": "2021-12-24-12-00-00", "latency": "41"}, {"date": "2021-12-24-12-00-00", "latency": "41"}]}, {"location": {"country_code": "ca", "region": "Ontario"}, "game_id": "135305", "values": [{"date": "2021-12-24-20-00-00", "latency": "39"}, {"date": "2021-12-24-20-00-00", "latency": "39"}, {"date": "2021-12-24-20-00-00", "latency": "39"}, {"date": "2021-12-24-20-00-00", "latency": "39"}, {"date": "2021-12-24-20-00-00", "latency": "39"}, {"date": "2021-12-25-01-00-00", "latency": "165"}, {"date": "2021-12-25-01-00-00", "latency": "165"}, {"date": "2021-12-25-01-00-00", "latency": "165"}, {"date": "2021-12-25-01-00-00", "latency": "165"}, {"date": "2021-12-25-01-00-00", "latency": "165"}, {"date": "2021-12-25-01-00-00", "latency": "165"}, {"date": "2021-12-25-01-00-00", "latency": "165"}, {"date": "2021-12-25-01-00-00", "latency": "165"}, {"date": "2021-12-25-01-00-00", "latency": "165"}, {"date": "2021-12-25-01-00-00", "latency": "165"}, {"date": "2021-12-25-01-00-00", "latency": "165"}, {"date": "2021-12-25-01-00-00", "latency": "165"}, {"date": "2021-12-25-01-00-00", "latency": "165"}, {"date": "2021-12-25-01-00-00", "latency": "165"}, {"date": "2021-12-25-01-00-00", "latency": "165"}, {"date": "2021-12-25-01-00-00", "latency": "165"}, {"date": "2021-12-25-01-00-00", "latency": "165"}, {"date": "2021-12-25-01-00-00", "latency": "165"}, {"date": "2021-12-25-01-00-00", "latency": "165"}, {"date": "2021-12-25-01-00-00", "latency": "165"}, {"date": "2021-12-25-01-00-00", "latency": "165"}, {"date": "2021-12-25-01-00-00", "latency": "165"}, {"date": "2021-12-25-01-00-00", "latency": "165"}, {"date": "2021-12-25-01-00-00", "latency": "165"}, {"date": "2021-12-25-01-00-00", "latency": "165"}, {"date": "2021-12-25-01-00-00", "latency": "165"}]}, {"location": {"country_code": "es", "region": "Madrid"}, "game_id": "135305", "values": [{"date": "2021-12-25-00-00-00", "latency": "40"}, {"date": "2021-12-25-00-00-00", "latency": "40"}, {"date": "2021-12-25-00-00-00", "latency": "40"}, {"date": "2021-12-25-00-00-00", "latency": "40"}, {"date": "2021-12-25-00-00-00", "latency": "40"}, {"date": "2021-12-25-00-00-00", "latency": "40"}, {"date": "2021-12-25-00-00-00", "latency": "40"}, {"date": "2021-12-25-00-00-00", "latency": "40"}, {"date": "2021-12-25-00-00-00", "latency": "40"}, {"date": "2021-12-25-00-00-00", "latency": "40"}, {"date": "2021-12-25-00-00-00", "latency": "40"}, {"date": "2021-12-25-00-00-00", "latency": "40"}, {"date": "2021-12-25-00-00-00", "latency": "40"}, {"date": "2021-12-25-00-00-00", "latency": "40"}, {"date": "2021-12-25-00-00-00", "latency": "40"}, {"date": "2021-12-25-00-00-00", "latency": "40"}, {"date": "2021-12-25-00-00-00", "latency": "40"}, {"date": "2021-12-25-00-00-00", "latency": "40"}, {"date": "2021-12-25-00-00-00", "latency": "40"}, {"date": "2021-12-25-00-00-00", "latency": "40"}, {"date": "2021-12-25-00-00-00", "latency": "40"}, {"date": "2021-12-25-00-00-00", "latency": "40"}, {"date": "2021-12-25-00-00-00", "latency": "40"}, {"date": "2021-12-25-00-00-00", "latency": "40"}, {"date": "2021-12-25-00-00-00", "latency": "40"}, {"date": "2021-12-25-00-00-00", "latency": "40"}, {"date": "2021-12-25-00-00-00", "latency": "40"}, {"date": "2021-12-25-00-00-00", "latency": "40"}, {"date": "2021-12-25-00-00-00", "latency": "40"}, {"date": "2021-12-25-00-00-00", "latency": "40"}, {"date": "2021-12-25-00-00-00", "latency": "40"}]}, {"location": {"country_code": "sa"}, "game_id": "135305", "values": [{"date": "2021-12-24-22-00-00", "latency": "80"}, {"date": "2021-12-24-22-00-00", "latency": "80"}, {"date": "2021-12-24-22-00-00", "latency": "80"}, {"date": "2021-12-24-22-00-00", "latency": "80"}, {"date": "2021-12-24-22-00-00", "latency": "80"}, {"date": "2021-12-24-22-00-00", "latency": "80"}, {"date": "2021-12-24-22-00-00", "latency": "80"}, {"date": "2021-12-24-22-00-00", "latency": "80"}, {"date": "2021-12-24-22-00-00", "latency": "80"}, {"date": "2021-12-24-22-00-00", "latency": "80"}]}, {"location": {"country_code": "ar"}, "game_id": "135305", "values": [{"date": "2021-12-24-20-00-00", "latency": "169"}]}, {"location": {"country_code": "gb", "region": "Northern Ireland"}, "game_id": "135305", "values": [{"date": "2021-12-24-15-00-00", "latency": "234"}, {"date": "2021-12-24-15-00-00", "latency": "234"}, {"date": "2021-12-24-15-00-00", "latency": "234"}, {"date": "2021-12-24-15-00-00", "latency": "234"}, {"date": "2021-12-24-15-00-00", "latency": "234"}, {"date": "2021-12-24-15-00-00", "latency": "234"}]}, {"location": {"country_code": "ru", "region": "Moscow", "city": "Zelenograd"}, "game_id": "135305", "values": [{"date": "2021-12-25-00-00-00", "latency": "58"}, {"date": "2021-12-25-00-00-00", "latency": "58"}, {"date": "2021-12-25-00-00-00", "latency": "58"}, {"date": "2021-12-25-00-00-00", "latency": "58"}, {"date": "2021-12-25-00-00-00", "latency": "58"}, {"date": "2021-12-25-00-00-00", "latency": "58"}, {"date": "2021-12-25-00-00-00", "latency": "58"}, {"date": "2021-12-25-00-00-00", "latency": "58"}, {"date": "2021-12-25-00-00-00", "latency": "58"}, {"date": "2021-12-25-00-00-00", "latency": "58"}, {"date": "2021-12-25-00-00-00", "latency": "58"}, {"date": "2021-12-24-21-00-00", "latency": "49"}, {"date": "2021-12-24-21-00-00", "latency": "49"}, {"date": "2021-12-24-21-00-00", "latency": "49"}, {"date": "2021-12-24-21-00-00", "latency": "49"}, {"date": "2021-12-24-21-00-00", "latency": "49"}, {"date": "2021-12-24-21-00-00", "latency": "49"}, {"date": "2021-12-24-21-00-00", "latency": "49"}, {"date": "2021-12-24-21-00-00", "latency": "49"}, {"date": "2021-12-24-21-00-00", "latency": "49"}, {"date": "2021-12-24-21-00-00", "latency": "49"}, {"date": "2021-12-24-21-00-00", "latency": "49"}, {"date": "2021-12-24-21-00-00", "latency": "49"}, {"date": "2021-12-24-21-00-00", "latency": "49"}, {"date": "2021-12-24-21-00-00", "latency": "49"}, {"date": "2021-12-24-21-00-00", "latency": "49"}, {"date": "2021-12-24-21-00-00", "latency": "49"}, {"date": "2021-12-24-21-00-00", "latency": "49"}, {"date": "2021-12-24-21-00-00", "latency": "49"}, {"date": "2021-12-24-21-00-00", "latency": "49"}, {"date": "2021-12-24-21-00-00", "latency": "49"}, {"date": "2021-12-24-21-00-00", "latency": "49"}, {"date": "2021-12-24-21-00-00", "latency": "49"}, {"date": "2021-12-24-21-00-00", "latency": "49"}, {"date": "2021-12-24-21-00-00", "latency": "49"}, {"date": "2021-12-24-21-00-00", "latency": "49"}, {"date": "2021-12-24-21-00-00", "latency": "49"}, {"date": "2021-12-24-21-00-00", "latency": "49"}, {"date": "2021-12-24-21-00-00", "latency": "49"}, {"date": "2021-12-24-21-00-00", "latency": "49"}, {"date": "2021-12-24-21-00-00", "latency": "49"}, {"date": "2021-12-24-21-00-00", "latency": "49"}, {"date": "2021-12-25-01-00-00", "latency": "42"}, {"date": "2021-12-25-01-00-00", "latency": "42"}, {"date": "2021-12-25-01-00-00", "latency": "42"}, {"date": "2021-12-25-01-00-00", "latency": "42"}, {"date": "2021-12-25-01-00-00", "latency": "42"}, {"date": "2021-12-25-01-00-00", "latency": "42"}, {"date": "2021-12-25-01-00-00", "latency": "42"}, {"date": "2021-12-25-01-00-00", "latency": "42"}, {"date": "2021-12-25-01-00-00", "latency": "42"}, {"date": "2021-12-25-01-00-00", "latency": "42"}, {"date": "2021-12-25-01-00-00", "latency": "42"}, {"date": "2021-12-25-01-00-00", "latency": "42"}, {"date": "2021-12-25-01-00-00", "latency": "42"}, {"date": "2021-12-25-01-00-00", "latency": "42"}, {"date": "2021-12-25-01-00-00", "latency": "42"}, {"date": "2021-12-25-01-00-00", "latency": "42"}, {"date": "2021-12-25-01-00-00", "latency": "42"}, {"date": "2021-12-25-01-00-00", "latency": "42"}]}, {"location": {"country_code": "ru"}, "game_id": "135305", "values": [{"date": "2021-12-25-00-00-00", "latency": "93"}, {"date": "2021-12-25-00-00-00", "latency": "93"}, {"date": "2021-12-25-00-00-00", "latency": "93"}, {"date": "2021-12-25-00-00-00", "latency": "93"}, {"date": "2021-12-25-00-00-00", "latency": "93"}, {"date": "2021-12-25-00-00-00", "latency": "93"}, {"date": "2021-12-25-00-00-00", "latency": "93"}, {"date": "2021-12-25-00-00-00", "latency": "93"}, {"date": "2021-12-25-00-00-00", "latency": "93"}, {"date": "2021-12-25-00-00-00", "latency": "93"}, {"date": "2021-12-25-00-00-00", "latency": "93"}, {"date": "2021-12-25-00-00-00", "latency": "93"}, {"date": "2021-12-25-00-00-00", "latency": "93"}, {"date": "2021-12-25-00-00-00", "latency": "93"}, {"date": "2021-12-24-16-00-00", "latency": "78"}, {"date": "2021-12-24-16-00-00", "latency": "78"}, {"date": "2021-12-24-16-00-00", "latency": "78"}, {"date": "2021-12-24-22-00-00", "latency": "61"}, {"date": "2021-12-24-22-00-00", "latency": "61"}, {"date": "2021-12-24-22-00-00", "latency": "61"}, {"date": "2021-12-24-22-00-00", "latency": "61"}, {"date": "2021-12-24-22-00-00", "latency": "61"}, {"date": "2021-12-24-22-00-00", "latency": "61"}, {"date": "2021-12-24-22-00-00", "latency": "61"}, {"date": "2021-12-24-22-00-00", "latency": "61"}, {"date": "2021-12-24-22-00-00", "latency": "61"}, {"date": "2021-12-24-22-00-00", "latency": "61"}, {"date": "2021-12-24-22-00-00", "latency": "61"}, {"date": "2021-12-24-22-00-00", "latency": "61"}, {"date": "2021-12-24-22-00-00", "latency": "61"}, {"date": "2021-12-24-22-00-00", "latency": "61"}, {"date": "2021-12-24-22-00-00", "latency": "43"}, {"date": "2021-12-24-22-00-00", "latency": "43"}, {"date": "2021-12-24-22-00-00", "latency": "43"}, {"date": "2021-12-24-22-00-00", "latency": "43"}, {"date": "2021-12-24-22-00-00", "latency": "43"}, {"date": "2021-12-24-22-00-00", "latency": "43"}, {"date": "2021-12-24-22-00-00", "latency": "43"}, {"date": "2021-12-24-22-00-00", "latency": "43"}, {"date": "2021-12-24-22-00-00", "latency": "43"}, {"date": "2021-12-24-22-00-00", "latency": "43"}, {"date": "2021-12-24-22-00-00", "latency": "43"}, {"date": "2021-12-24-22-00-00", "latency": "43"}, {"date": "2021-12-24-22-00-00", "latency": "43"}, {"date": "2021-12-24-20-00-00", "latency": "39"}, {"date": "2021-12-24-20-00-00", "latency": "39"}, {"date": "2021-12-24-20-00-00", "latency": "39"}, {"date": "2021-12-24-20-00-00", "latency": "39"}, {"date": "2021-12-24-20-00-00", "latency": "39"}, {"date": "2021-12-24-20-00-00", "latency": "39"}]}, {"location": {"country_code": "us", "region": "Missouri"}, "game_id": "135305", "values": [{"date": "2021-12-24-22-00-00", "latency": "25"}, {"date": "2021-12-24-22-00-00", "latency": "25"}, {"date": "2021-12-24-22-00-00", "latency": "25"}, {"date": "2021-12-24-22-00-00", "latency": "25"}, {"date": "2021-12-24-22-00-00", "latency": "25"}, {"date": "2021-12-24-22-00-00", "latency": "25"}, {"date": "2021-12-24-22-00-00", "latency": "25"}, {"date": "2021-12-24-22-00-00", "latency": "25"}, {"date": "2021-12-24-22-00-00", "latency": "25"}, {"date": "2021-12-24-22-00-00", "latency": "25"}, {"date": "2021-12-24-22-00-00", "latency": "25"}]}, {"location": {"country_code": "jp", "region": "Tokyo"}, "game_id": "135305", "values": [{"date": "2021-12-24-16-00-00", "latency": "7"}, {"date": "2021-12-24-16-00-00", "latency": "7"}, {"date": "2021-12-24-16-00-00", "latency": "7"}, {"date": "2021-12-24-16-00-00", "latency": "7"}, {"date": "2021-12-24-16-00-00", "latency": "7"}]}, {"location": {"country_code": "br", "region": "Santa Catarina", "city": "Jaragua do Sul"}, "game_id": "135305", "values": [{"date": "2021-12-24-22-00-00", "latency": "158"}, {"date": "2021-12-24-22-00-00", "latency": "158"}, {"date": "2021-12-24-22-00-00", "latency": "158"}, {"date": "2021-12-24-22-00-00", "latency": "158"}, {"date": "2021-12-24-22-00-00", "latency": "158"}, {"date": "2021-12-24-22-00-00", "latency": "158"}, {"date": "2021-12-24-22-00-00", "latency": "158"}, {"date": "2021-12-24-22-00-00", "latency": "158"}, {"date": "2021-12-24-22-00-00", "latency": "158"}, {"date": "2021-12-24-22-00-00", "latency": "158"}, {"date": "2021-12-24-22-00-00", "latency": "158"}, {"date": "2021-12-24-22-00-00", "latency": "158"}, {"date": "2021-12-24-22-00-00", "latency": "158"}, {"date": "2021-12-24-22-00-00", "latency": "158"}, {"date": "2021-12-24-22-00-00", "latency": "158"}, {"date": "2021-12-24-22-00-00", "latency": "158"}]}, {"location": {"country_code": "us", "region": "Michigan"}, "game_id": "135305", "values": [{"date": "2021-12-24-12-00-00", "latency": "36"}, {"date": "2021-12-24-12-00-00", "latency": "36"}, {"date": "2021-12-24-12-00-00", "latency": "36"}, {"date": "2021-12-24-12-00-00", "latency": "36"}, {"date": "2021-12-24-12-00-00", "latency": "36"}, {"date": "2021-12-24-12-00-00", "latency": "36"}, {"date": "2021-12-24-12-00-00", "latency": "36"}, {"date": "2021-12-24-12-00-00", "latency": "36"}, {"date": "2021-12-24-12-00-00", "latency": "36"}, {"date": "2021-12-24-12-00-00", "latency": "36"}, {"date": "2021-12-24-12-00-00", "latency": "36"}, {"date": "2021-12-24-12-00-00", "latency": "36"}, {"date": "2021-12-24-12-00-00", "latency": "36"}]}, {"location": {"country_code": "mx", "region": "Puebla"}, "game_id": "135305", "values": [{"date": "2021-12-24-09-00-00", "latency": "90"}, {"date": "2021-12-24-09-00-00", "latency": "90"}, {"date": "2021-12-24-09-00-00", "latency": "90"}, {"date": "2021-12-24-09-00-00", "latency": "90"}, {"date": "2021-12-24-09-00-00", "latency": "90"}, {"date": "2021-12-24-09-00-00", "latency": "90"}, {"date": "2021-12-24-09-00-00", "latency": "90"}]}, {"location": {"country_code": "pe", "region": "Lima region", "city": "Nuevo Lince"}, "game_id": "135305", "values": [{"date": "2021-12-24-11-00-00", "latency": "98"}, {"date": "2021-12-24-11-00-00", "latency": "98"}, {"date": "2021-12-24-11-00-00", "latency": "98"}, {"date": "2021-12-24-11-00-00", "latency": "98"}, {"date": "2021-12-24-11-00-00", "latency": "98"}, {"date": "2021-12-24-11-00-00", "latency": "98"}, {"date": "2021-12-24-11-00-00", "latency": "98"}, {"date": "2021-12-24-11-00-00", "latency": "98"}, {"date": "2021-12-24-11-00-00", "latency": "98"}]}, {"location": {"country_code": "co"}, "game_id": "135305", "values": [{"date": "2021-12-25-01-00-00", "latency": "91"}, {"date": "2021-12-25-01-00-00", "latency": "91"}]}, {"location": {"country_code": "co", "region": "Narino"}, "game_id": "135305", "values": [{"date": "2021-12-25-01-00-00", "latency": "94"}]}, {"location": {"country_code": "at"}, "game_id": "135305", "values": [{"date": "2021-12-25-01-00-00", "latency": "56"}, {"date": "2021-12-25-01-00-00", "latency": "56"}]}, {"location": {"country_code": "us", "region": "Arizona"}, "game_id": "135305", "values": [{"date": "2021-12-24-08-00-00", "latency": "130"}, {"date": "2021-12-24-08-00-00", "latency": "130"}, {"date": "2021-12-24-08-00-00", "latency": "130"}, {"date": "2021-12-24-09-00-00", "latency": "68"}, {"date": "2021-12-24-09-00-00", "latency": "68"}, {"date": "2021-12-24-09-00-00", "latency": "68"}, {"date": "2021-12-24-23-00-00", "latency": "70"}, {"date": "2021-12-24-23-00-00", "latency": "70"}, {"date": "2021-12-24-23-00-00", "latency": "70"}, {"date": "2021-12-24-23-00-00", "latency": "70"}, {"date": "2021-12-25-01-00-00", "latency": "161"}, {"date": "2021-12-25-01-00-00", "latency": "161"}, {"date": "2021-12-25-01-00-00", "latency": "161"}, {"date": "2021-12-25-01-00-00", "latency": "161"}, {"date": "2021-12-25-01-00-00", "latency": "161"}, {"date": "2021-12-25-01-00-00", "latency": "161"}, {"date": "2021-12-25-01-00-00", "latency": "161"}, {"date": "2021-12-25-01-00-00", "latency": "161"}]}, {"location": {"country_code": "es", "region": "Catalonia", "city": "l'Hospitalet de Llobregat"}, "game_id": "135305", "values": [{"date": "2021-12-24-17-00-00", "latency": "37"}, {"date": "2021-12-24-17-00-00", "latency": "37"}, {"date": "2021-12-24-17-00-00", "latency": "37"}, {"date": "2021-12-24-17-00-00", "latency": "37"}, {"date": "2021-12-24-17-00-00", "latency": "37"}, {"date": "2021-12-24-22-00-00", "latency": "40"}, {"date": "2021-12-24-22-00-00", "latency": "40"}]}, {"location": {"country_code": "pl"}, "game_id": "135305", "values": [{"date": "2021-12-24-22-00-00", "latency": "61"}, {"date": "2021-12-24-22-00-00", "latency": "61"}, {"date": "2021-12-24-22-00-00", "latency": "61"}, {"date": "2021-12-24-22-00-00", "latency": "61"}, {"date": "2021-12-24-22-00-00", "latency": "61"}, {"date": "2021-12-24-22-00-00", "latency": "61"}, {"date": "2021-12-24-22-00-00", "latency": "61"}, {"date": "2021-12-24-22-00-00", "latency": "61"}, {"date": "2021-12-24-22-00-00", "latency": "61"}, {"date": "2021-12-24-22-00-00", "latency": "61"}, {"date": "2021-12-24-11-00-00", "latency": "34"}, {"date": "2021-12-24-11-00-00", "latency": "34"}, {"date": "2021-12-25-01-00-00", "latency": "33"}, {"date": "2021-12-25-01-00-00", "latency": "33"}, {"date": "2021-12-25-01-00-00", "latency": "33"}, {"date": "2021-12-25-01-00-00", "latency": "33"}, {"date": "2021-12-25-01-00-00", "latency": "33"}, {"date": "2021-12-25-01-00-00", "latency": "33"}, {"date": "2021-12-25-01-00-00", "latency": "33"}, {"date": "2021-12-25-01-00-00", "latency": "33"}, {"date": "2021-12-25-01-00-00", "latency": "33"}, {"date": "2021-12-25-01-00-00", "latency": "33"}, {"date": "2021-12-25-01-00-00", "latency": "33"}, {"date": "2021-12-25-01-00-00", "latency": "33"}]}, {"location": {"country_code": "be"}, "game_id": "135305", "values": [{"date": "2021-12-25-00-00-00", "latency": "109"}, {"date": "2021-12-25-00-00-00", "latency": "109"}, {"date": "2021-12-25-00-00-00", "latency": "109"}, {"date": "2021-12-25-00-00-00", "latency": "109"}, {"date": "2021-12-25-00-00-00", "latency": "109"}, {"date": "2021-12-25-00-00-00", "latency": "109"}, {"date": "2021-12-25-00-00-00", "latency": "109"}, {"date": "2021-12-25-00-00-00", "latency": "109"}, {"date": "2021-12-25-00-00-00", "latency": "109"}, {"date": "2021-12-25-00-00-00", "latency": "109"}, {"date": "2021-12-25-00-00-00", "latency": "109"}, {"date": "2021-12-25-00-00-00", "latency": "109"}, {"date": "2021-12-25-00-00-00", "latency": "109"}, {"date": "2021-12-25-00-00-00", "latency": "109"}, {"date": "2021-12-25-00-00-00", "latency": "109"}, {"date": "2021-12-25-00-00-00", "latency": "109"}, {"date": "2021-12-25-00-00-00", "latency": "109"}, {"date": "2021-12-25-00-00-00", "latency": "109"}, {"date": "2021-12-25-00-00-00", "latency": "109"}, {"date": "2021-12-25-00-00-00", "latency": "109"}]}, {"location": {"country_code": "us", "region": "North Carolina"}, "game_id": "135305", "values": [{"date": "2021-12-25-01-00-00", "latency": "10"}, {"date": "2021-12-25-01-00-00", "latency": "10"}, {"date": "2021-12-25-01-00-00", "latency": "10"}, {"date": "2021-12-25-01-00-00", "latency": "10"}, {"date": "2021-12-25-01-00-00", "latency": "10"}, {"date": "2021-12-25-01-00-00", "latency": "10"}, {"date": "2021-12-25-01-00-00", "latency": "10"}, {"date": "2021-12-25-01-00-00", "latency": "10"}, {"date": "2021-12-25-01-00-00", "latency": "10"}, {"date": "2021-12-25-01-00-00", "latency": "10"}, {"date": "2021-12-25-01-00-00", "latency": "10"}, {"date": "2021-12-25-01-00-00", "latency": "10"}, {"date": "2021-12-25-01-00-00", "latency": "10"}]}, {"location": {"country_code": "gb", "region": "England", "city": "London"}, "game_id": "135305", "values": [{"date": "2021-12-24-17-00-00", "latency": "25"}, {"date": "2021-12-24-17-00-00", "latency": "25"}, {"date": "2021-12-24-17-00-00", "latency": "25"}, {"date": "2021-12-25-01-00-00", "latency": "19"}, {"date": "2021-12-25-01-00-00", "latency": "19"}, {"date": "2021-12-25-01-00-00", "latency": "19"}, {"date": "2021-12-25-01-00-00", "latency": "19"}, {"date": "2021-12-25-01-00-00", "latency": "19"}]}, {"location": {"country_code": "us", "region": "Georgia"}, "game_id": "135305", "values": [{"date": "2021-12-24-13-00-00", "latency": "2"}, {"date": "2021-12-24-13-00-00", "latency": "2"}, {"date": "2021-12-24-13-00-00", "latency": "2"}, {"date": "2021-12-24-13-00-00", "latency": "2"}, {"date": "2021-12-24-13-00-00", "latency": "2"}, {"date": "2021-12-24-13-00-00", "latency": "2"}, {"date": "2021-12-24-13-00-00", "latency": "2"}, {"date": "2021-12-24-13-00-00", "latency": "2"}, {"date": "2021-12-24-13-00-00", "latency": "2"}, {"date": "2021-12-24-13-00-00", "latency": "2"}, {"date": "2021-12-24-13-00-00", "latency": "2"}, {"date": "2021-12-24-13-00-00", "latency": "2"}, {"date": "2021-12-24-13-00-00", "latency": "2"}, {"date": "2021-12-24-13-00-00", "latency": "2"}, {"date": "2021-12-24-13-00-00", "latency": "2"}, {"date": "2021-12-24-13-00-00", "latency": "2"}, {"date": "2021-12-24-13-00-00", "latency": "2"}, {"date": "2021-12-24-13-00-00", "latency": "2"}, {"date": "2021-12-24-13-00-00", "latency": "2"}, {"date": "2021-12-24-13-00-00", "latency": "2"}, {"date": "2021-12-24-13-00-00", "latency": "2"}, {"date": "2021-12-24-13-00-00", "latency": "2"}, {"date": "2021-12-24-13-00-00", "latency": "2"}, {"date": "2021-12-24-13-00-00", "latency": "2"}, {"date": "2021-12-24-13-00-00", "latency": "2"}, {"date": "2021-12-24-13-00-00", "latency": "2"}, {"date": "2021-12-24-13-00-00", "latency": "2"}, {"date": "2021-12-24-13-00-00", "latency": "2"}]}, {"location": {"country_code": "pe"}, "game_id": "135305", "values": [{"date": "2021-12-24-21-00-00", "latency": "380"}, {"date": "2021-12-24-21-00-00", "latency": "380"}, {"date": "2021-12-24-21-00-00", "latency": "380"}, {"date": "2021-12-24-21-00-00", "latency": "380"}, {"date": "2021-12-24-21-00-00", "latency": "380"}, {"date": "2021-12-24-21-00-00", "latency": "380"}, {"date": "2021-12-24-21-00-00", "latency": "380"}]}, {"location": {"country_code": "kr", "region": "Seoul"}, "game_id": "135305", "values": [{"date": "2021-12-24-21-00-00", "latency": "59"}, {"date": "2021-12-24-21-00-00", "latency": "59"}]}, {"location": {"country_code": "sg"}, "game_id": "135305", "values": [{"date": "2021-12-24-15-00-00", "latency": "123"}, {"date": "2021-12-24-15-00-00", "latency": "123"}, {"date": "2021-12-24-15-00-00", "latency": "123"}, {"date": "2021-12-24-15-00-00", "latency": "123"}, {"date": "2021-12-24-15-00-00", "latency": "123"}, {"date": "2021-12-24-15-00-00", "latency": "123"}, {"date": "2021-12-24-15-00-00", "latency": "123"}, {"date": "2021-12-24-15-00-00", "latency": "123"}, {"date": "2021-12-24-15-00-00", "latency": "123"}, {"date": "2021-12-24-15-00-00", "latency": "123"}, {"date": "2021-12-24-15-00-00", "latency": "123"}, {"date": "2021-12-24-15-00-00", "latency": "123"}, {"date": "2021-12-24-15-00-00", "latency": "123"}, {"date": "2021-12-24-15-00-00", "latency": "123"}]}, {"location": {"country_code": "it", "region": "Veneto"}, "game_id": "135305", "values": [{"date": "2021-12-24-12-00-00", "latency": "86"}, {"date": "2021-12-24-12-00-00", "latency": "86"}, {"date": "2021-12-24-12-00-00", "latency": "86"}, {"date": "2021-12-24-12-00-00", "latency": "86"}, {"date": "2021-12-24-12-00-00", "latency": "86"}, {"date": "2021-12-24-12-00-00", "latency": "86"}, {"date": "2021-12-24-12-00-00", "latency": "86"}, {"date": "2021-12-24-12-00-00", "latency": "86"}, {"date": "2021-12-24-12-00-00", "latency": "86"}, {"date": "2021-12-24-12-00-00", "latency": "86"}, {"date": "2021-12-24-12-00-00", "latency": "86"}, {"date": "2021-12-24-12-00-00", "latency": "86"}, {"date": "2021-12-24-12-00-00", "latency": "86"}]}, {"location": {"country_code": "us", "region": "District of Columbia", "city": "Washington"}, "game_id": "135305", "values": [{"date": "2021-12-24-12-00-00", "latency": "75"}, {"date": "2021-12-24-12-00-00", "latency": "75"}]}, {"location": {"country_code": "ca", "region": "Ontario", "city": "Toronto"}, "game_id": "135305", "values": [{"date": "2021-12-24-11-00-00", "latency": "42"}, {"date": "2021-12-24-11-00-00", "latency": "42"}, {"date": "2021-12-24-11-00-00", "latency": "42"}, {"date": "2021-12-24-11-00-00", "latency": "42"}, {"date": "2021-12-24-11-00-00", "latency": "42"}, {"date": "2021-12-24-11-00-00", "latency": "42"}, {"date": "2021-12-24-11-00-00", "latency": "42"}, {"date": "2021-12-24-11-00-00", "latency": "42"}, {"date": "2021-12-24-11-00-00", "latency": "42"}, {"date": "2021-12-24-11-00-00", "latency": "42"}, {"date": "2021-12-24-11-00-00", "latency": "42"}, {"date": "2021-12-24-11-00-00", "latency": "42"}, {"date": "2021-12-24-11-00-00", "latency": "42"}, {"date": "2021-12-24-11-00-00", "latency": "42"}, {"date": "2021-12-24-11-00-00", "latency": "42"}, {"date": "2021-12-24-11-00-00", "latency": "42"}, {"date": "2021-12-24-11-00-00", "latency": "42"}, {"date": "2021-12-24-11-00-00", "latency": "42"}]}, {"location": {"country_code": "do", "region": "Nacional"}, "game_id": "135305", "values": [{"date": "2021-12-25-01-00-00", "latency": "58"}, {"date": "2021-12-25-01-00-00", "latency": "58"}]}, {"location": {"country_code": "my"}, "game_id": "135305", "values": [{"date": "2021-12-24-22-00-00", "latency": "83"}, {"date": "2021-12-24-22-00-00", "latency": "83"}, {"date": "2021-12-24-22-00-00", "latency": "83"}, {"date": "2021-12-24-22-00-00", "latency": "83"}, {"date": "2021-12-24-22-00-00", "latency": "83"}, {"date": "2021-12-24-22-00-00", "latency": "83"}, {"date": "2021-12-24-22-00-00", "latency": "83"}, {"date": "2021-12-24-22-00-00", "latency": "83"}, {"date": "2021-12-24-22-00-00", "latency": "83"}, {"date": "2021-12-24-22-00-00", "latency": "83"}, {"date": "2021-12-24-22-00-00", "latency": "83"}]}, {"location": {"country_code": "id"}, "game_id": "135305", "values": [{"date": "2021-12-24-09-00-00", "latency": "107"}, {"date": "2021-12-24-09-00-00", "latency": "107"}, {"date": "2021-12-24-09-00-00", "latency": "107"}, {"date": "2021-12-24-14-00-00", "latency": "119"}, {"date": "2021-12-24-14-00-00", "latency": "119"}, {"date": "2021-12-24-14-00-00", "latency": "119"}, {"date": "2021-12-24-14-00-00", "latency": "119"}, {"date": "2021-12-24-14-00-00", "latency": "119"}, {"date": "2021-12-24-14-00-00", "latency": "119"}, {"date": "2021-12-24-14-00-00", "latency": "119"}, {"date": "2021-12-24-14-00-00", "latency": "119"}, {"date": "2021-12-24-14-00-00", "latency": "119"}, {"date": "2021-12-24-14-00-00", "latency": "119"}, {"date": "2021-12-24-14-00-00", "latency": "119"}, {"date": "2021-12-24-14-00-00", "latency": "119"}, {"date": "2021-12-24-14-00-00", "latency": "119"}, {"date": "2021-12-24-14-00-00", "latency": "119"}, {"date": "2021-12-24-11-00-00", "latency": "94"}, {"date": "2021-12-24-11-00-00", "latency": "94"}, {"date": "2021-12-24-11-00-00", "latency": "94"}, {"date": "2021-12-24-11-00-00", "latency": "94"}]}, {"location": {"country_code": "mx", "region": "Nuevo Leon", "city": "Monterrey"}, "game_id": "135305", "values": [{"date": "2021-12-25-01-00-00", "latency": "63"}, {"date": "2021-12-25-01-00-00", "latency": "63"}, {"date": "2021-12-25-01-00-00", "latency": "63"}, {"date": "2021-12-25-01-00-00", "latency": "63"}, {"date": "2021-12-25-01-00-00", "latency": "63"}, {"date": "2021-12-25-01-00-00", "latency": "63"}, {"date": "2021-12-25-01-00-00", "latency": "63"}, {"date": "2021-12-25-01-00-00", "latency": "63"}, {"date": "2021-12-25-01-00-00", "latency": "63"}, {"date": "2021-12-25-01-00-00", "latency": "63"}, {"date": "2021-12-25-01-00-00", "latency": "63"}, {"date": "2021-12-25-01-00-00", "latency": "63"}]}, {"location": {"country_code": "pt", "region": "Azores", "city": "Ponta Delgada"}, "game_id": "135305", "values": [{"date": "2021-12-25-00-00-00", "latency": "59"}, {"date": "2021-12-25-00-00-00", "latency": "59"}, {"date": "2021-12-25-00-00-00", "latency": "59"}, {"date": "2021-12-25-00-00-00", "latency": "59"}, {"date": "2021-12-25-00-00-00", "latency": "59"}, {"date": "2021-12-25-00-00-00", "latency": "59"}, {"date": "2021-12-25-00-00-00", "latency": "59"}]}, {"location": {"country_code": "br", "region": "State of Rio de Janeiro", "city": "Angra dos Reis"}, "game_id": "135305", "values": [{"date": "2021-12-24-20-00-00", "latency": "3"}, {"date": "2021-12-24-20-00-00", "latency": "3"}, {"date": "2021-12-24-20-00-00", "latency": "3"}, {"date": "2021-12-24-20-00-00", "latency": "3"}, {"date": "2021-12-24-20-00-00", "latency": "3"}, {"date": "2021-12-24-20-00-00", "latency": "3"}, {"date": "2021-12-24-20-00-00", "latency": "3"}, {"date": "2021-12-24-20-00-00", "latency": "3"}, {"date": "2021-12-24-20-00-00", "latency": "3"}]}, {"location": {"country_code": "es", "region": "Andalusia", "city": "Seville"}, "game_id": "135305", "values": [{"date": "2021-12-24-16-00-00", "latency": "36"}, {"date": "2021-12-24-16-00-00", "latency": "36"}, {"date": "2021-12-24-16-00-00", "latency": "36"}, {"date": "2021-12-24-16-00-00", "latency": "36"}, {"date": "2021-12-24-16-00-00", "latency": "36"}, {"date": "2021-12-24-16-00-00", "latency": "36"}, {"date": "2021-12-24-16-00-00", "latency": "36"}, {"date": "2021-12-24-16-00-00", "latency": "36"}, {"date": "2021-12-24-16-00-00", "latency": "36"}, {"date": "2021-12-24-16-00-00", "latency": "36"}, {"date": "2021-12-24-16-00-00", "latency": "36"}, {"date": "2021-12-24-16-00-00", "latency": "36"}, {"date": "2021-12-24-16-00-00", "latency": "36"}, {"date": "2021-12-24-16-00-00", "latency": "36"}, {"date": "2021-12-24-16-00-00", "latency": "36"}, {"date": "2021-12-24-16-00-00", "latency": "36"}, {"date": "2021-12-24-16-00-00", "latency": "36"}, {"date": "2021-12-24-16-00-00", "latency": "36"}, {"date": "2021-12-24-16-00-00", "latency": "36"}, {"date": "2021-12-24-16-00-00", "latency": "36"}, {"date": "2021-12-24-16-00-00", "latency": "36"}, {"date": "2021-12-24-16-00-00", "latency": "36"}]}, {"location": {"country_code": "uy"}, "game_id": "135305", "values": [{"date": "2021-12-25-00-00-00", "latency": "149"}, {"date": "2021-12-25-00-00-00", "latency": "149"}, {"date": "2021-12-25-00-00-00", "latency": "149"}, {"date": "2021-12-25-00-00-00", "latency": "149"}, {"date": "2021-12-25-00-00-00", "latency": "149"}, {"date": "2021-12-25-00-00-00", "latency": "149"}, {"date": "2021-12-25-00-00-00", "latency": "149"}, {"date": "2021-12-25-00-00-00", "latency": "149"}, {"date": "2021-12-25-00-00-00", "latency": "149"}, {"date": "2021-12-25-00-00-00", "latency": "149"}, {"date": "2021-12-25-00-00-00", "latency": "149"}, {"date": "2021-12-25-00-00-00", "latency": "149"}, {"date": "2021-12-25-00-00-00", "latency": "149"}, {"date": "2021-12-25-00-00-00", "latency": "149"}, {"date": "2021-12-25-00-00-00", "latency": "149"}, {"date": "2021-12-25-00-00-00", "latency": "149"}, {"date": "2021-12-25-00-00-00", "latency": "149"}, {"date": "2021-12-25-00-00-00", "latency": "149"}, {"date": "2021-12-25-00-00-00", "latency": "149"}, {"date": "2021-12-25-00-00-00", "latency": "149"}, {"date": "2021-12-25-00-00-00", "latency": "149"}]}, {"location": {"country_code": "ca", "region": "Quebec", "city": "Montreal"}, "game_id": "135305", "values": [{"date": "2021-12-24-21-00-00", "latency": "16"}, {"date": "2021-12-24-21-00-00", "latency": "16"}, {"date": "2021-12-24-21-00-00", "latency": "16"}, {"date": "2021-12-24-21-00-00", "latency": "16"}, {"date": "2021-12-24-21-00-00", "latency": "16"}, {"date": "2021-12-24-21-00-00", "latency": "16"}, {"date": "2021-12-24-21-00-00", "latency": "16"}, {"date": "2021-12-24-21-00-00", "latency": "16"}]}, {"location": {"country_code": "br", "region": "Rio Grande do Sul"}, "game_id": "135305", "values": [{"date": "2021-12-25-00-00-00", "latency": "154"}, {"date": "2021-12-25-00-00-00", "latency": "154"}, {"date": "2021-12-25-00-00-00", "latency": "154"}]}, {"location": {"country_code": "pe", "region": "Lima region", "city": "Lima"}, "game_id": "135305", "values": [{"date": "2021-12-24-09-00-00", "latency": "103"}, {"date": "2021-12-24-09-00-00", "latency": "103"}, {"date": "2021-12-24-09-00-00", "latency": "103"}, {"date": "2021-12-24-09-00-00", "latency": "103"}]}, {"location": {"country_code": "pk"}, "game_id": "135305", "values": [{"date": "2021-12-24-16-00-00", "latency": "230"}, {"date": "2021-12-24-16-00-00", "latency": "230"}, {"date": "2021-12-24-16-00-00", "latency": "230"}, {"date": "2021-12-24-16-00-00", "latency": "230"}, {"date": "2021-12-24-16-00-00", "latency": "230"}]}, {"location": {"country_code": "mx", "region": "Jalisco", "city": "Guadalajara"}, "game_id": "135305", "values": [{"date": "2021-12-24-16-00-00", "latency": "68"}, {"date": "2021-12-24-16-00-00", "latency": "68"}, {"date": "2021-12-24-16-00-00", "latency": "68"}, {"date": "2021-12-24-16-00-00", "latency": "68"}, {"date": "2021-12-24-16-00-00", "latency": "68"}, {"date": "2021-12-24-16-00-00", "latency": "68"}]}, {"location": {"country_code": "pt", "region": "Lisbon District", "city": "Amadora"}, "game_id": "135305", "values": [{"date": "2021-12-24-13-00-00", "latency": "4"}, {"date": "2021-12-24-13-00-00", "latency": "4"}, {"date": "2021-12-24-13-00-00", "latency": "4"}, {"date": "2021-12-24-13-00-00", "latency": "4"}, {"date": "2021-12-24-13-00-00", "latency": "4"}, {"date": "2021-12-24-13-00-00", "latency": "4"}, {"date": "2021-12-24-13-00-00", "latency": "4"}, {"date": "2021-12-24-13-00-00", "latency": "4"}, {"date": "2021-12-24-13-00-00", "latency": "4"}, {"date": "2021-12-24-13-00-00", "latency": "4"}, {"date": "2021-12-24-13-00-00", "latency": "4"}]}, {"location": {"country_code": "mx", "region": "Tamaulipas"}, "game_id": "135305", "values": [{"date": "2021-12-24-10-00-00", "latency": "58"}, {"date": "2021-12-24-10-00-00", "latency": "58"}, {"date": "2021-12-24-10-00-00", "latency": "58"}, {"date": "2021-12-24-10-00-00", "latency": "58"}, {"date": "2021-12-24-10-00-00", "latency": "58"}, {"date": "2021-12-24-10-00-00", "latency": "58"}, {"date": "2021-12-24-10-00-00", "latency": "58"}, {"date": "2021-12-24-10-00-00", "latency": "58"}, {"date": "2021-12-24-10-00-00", "latency": "58"}, {"date": "2021-12-24-10-00-00", "latency": "58"}, {"date": "2021-12-24-10-00-00", "latency": "58"}, {"date": "2021-12-24-10-00-00", "latency": "58"}, {"date": "2021-12-24-10-00-00", "latency": "58"}, {"date": "2021-12-24-10-00-00", "latency": "58"}, {"date": "2021-12-24-10-00-00", "latency": "58"}, {"date": "2021-12-24-10-00-00", "latency": "58"}, {"date": "2021-12-24-10-00-00", "latency": "58"}]}, {"location": {"country_code": "ca", "region": "British Columbia", "city": "Richmond"}, "game_id": "135305", "values": [{"date": "2021-12-24-12-00-00", "latency": "95"}, {"date": "2021-12-24-12-00-00", "latency": "95"}, {"date": "2021-12-24-12-00-00", "latency": "95"}, {"date": "2021-12-24-12-00-00", "latency": "95"}, {"date": "2021-12-24-12-00-00", "latency": "95"}, {"date": "2021-12-24-12-00-00", "latency": "95"}, {"date": "2021-12-24-08-00-00", "latency": "73"}]}, {"location": {"country_code": "br", "region": "Ceara", "city": "Itapipoca"}, "game_id": "135305", "values": [{"date": "2021-12-24-17-00-00", "latency": "90"}, {"date": "2021-12-24-17-00-00", "latency": "90"}, {"date": "2021-12-24-17-00-00", "latency": "90"}, {"date": "2021-12-24-17-00-00", "latency": "90"}, {"date": "2021-12-24-17-00-00", "latency": "90"}, {"date": "2021-12-24-17-00-00", "latency": "90"}, {"date": "2021-12-24-17-00-00", "latency": "90"}, {"date": "2021-12-24-17-00-00", "latency": "90"}, {"date": "2021-12-24-17-00-00", "latency": "90"}, {"date": "2021-12-24-17-00-00", "latency": "90"}, {"date": "2021-12-24-17-00-00", "latency": "90"}, {"date": "2021-12-24-17-00-00", "latency": "90"}, {"date": "2021-12-24-17-00-00", "latency": "90"}, {"date": "2021-12-24-17-00-00", "latency": "90"}, {"date": "2021-12-24-17-00-00", "latency": "90"}, {"date": "2021-12-24-17-00-00", "latency": "90"}, {"date": "2021-12-24-17-00-00", "latency": "90"}]}, {"location": {"country_code": "lv"}, "game_id": "135305", "values": [{"date": "2021-12-24-20-00-00", "latency": "139"}, {"date": "2021-12-24-20-00-00", "latency": "139"}, {"date": "2021-12-24-20-00-00", "latency": "139"}, {"date": "2021-12-24-20-00-00", "latency": "139"}, {"date": "2021-12-24-20-00-00", "latency": "139"}, {"date": "2021-12-24-20-00-00", "latency": "139"}, {"date": "2021-12-24-20-00-00", "latency": "139"}, {"date": "2021-12-24-20-00-00", "latency": "139"}, {"date": "2021-12-24-20-00-00", "latency": "139"}, {"date": "2021-12-24-20-00-00", "latency": "139"}, {"date": "2021-12-24-20-00-00", "latency": "139"}, {"date": "2021-12-24-20-00-00", "latency": "139"}, {"date": "2021-12-24-20-00-00", "latency": "139"}, {"date": "2021-12-24-20-00-00", "latency": "139"}, {"date": "2021-12-24-20-00-00", "latency": "139"}, {"date": "2021-12-24-20-00-00", "latency": "139"}, {"date": "2021-12-24-20-00-00", "latency": "139"}, {"date": "2021-12-24-20-00-00", "latency": "139"}, {"date": "2021-12-24-20-00-00", "latency": "139"}, {"date": "2021-12-24-20-00-00", "latency": "139"}, {"date": "2021-12-24-20-00-00", "latency": "139"}, {"date": "2021-12-24-20-00-00", "latency": "139"}, {"date": "2021-12-24-20-00-00", "latency": "139"}]}, {"location": {"country_code": "us", "region": "Washington", "city": "Seattle"}, "game_id": "135305", "values": [{"date": "2021-12-24-09-00-00", "latency": "88"}, {"date": "2021-12-24-09-00-00", "latency": "88"}, {"date": "2021-12-24-09-00-00", "latency": "88"}, {"date": "2021-12-24-09-00-00", "latency": "88"}, {"date": "2021-12-24-09-00-00", "latency": "88"}, {"date": "2021-12-24-09-00-00", "latency": "88"}, {"date": "2021-12-24-09-00-00", "latency": "88"}, {"date": "2021-12-24-09-00-00", "latency": "88"}, {"date": "2021-12-24-09-00-00", "latency": "88"}, {"date": "2021-12-24-09-00-00", "latency": "88"}, {"date": "2021-12-25-00-00-00", "latency": "83"}, {"date": "2021-12-25-00-00-00", "latency": "83"}, {"date": "2021-12-25-00-00-00", "latency": "83"}, {"date": "2021-12-25-00-00-00", "latency": "83"}]}, {"location": {"country_code": "it", "region": "Lazio", "city": "Rome"}, "game_id": "135305", "values": [{"date": "2021-12-24-23-00-00", "latency": "37"}]}, {"location": {"country_code": "es", "region": "Balearic Islands", "city": "Palma"}, "game_id": "135305", "values": [{"date": "2021-12-24-17-00-00", "latency": "53"}, {"date": "2021-12-24-17-00-00", "latency": "53"}, {"date": "2021-12-24-17-00-00", "latency": "53"}, {"date": "2021-12-24-17-00-00", "latency": "53"}, {"date": "2021-12-24-17-00-00", "latency": "53"}, {"date": "2021-12-24-17-00-00", "latency": "53"}, {"date": "2021-12-24-17-00-00", "latency": "53"}, {"date": "2021-12-24-17-00-00", "latency": "53"}, {"date": "2021-12-24-17-00-00", "latency": "53"}, {"date": "2021-12-24-17-00-00", "latency": "53"}]}, {"location": {"country_code": "us", "region": "Virginia", "city": "Richmond"}, "game_id": "135305", "values": [{"date": "2021-12-24-22-00-00", "latency": "22"}, {"date": "2021-12-24-22-00-00", "latency": "22"}, {"date": "2021-12-24-22-00-00", "latency": "22"}, {"date": "2021-12-24-22-00-00", "latency": "22"}, {"date": "2021-12-24-22-00-00", "latency": "22"}, {"date": "2021-12-24-22-00-00", "latency": "22"}]}, {"location": {"country_code": "us", "region": "Washington", "city": "Long Beach"}, "game_id": "135305", "values": [{"date": "2021-12-24-09-00-00", "latency": "79"}, {"date": "2021-12-24-09-00-00", "latency": "79"}]}, {"location": {"country_code": "fr", "region": "Pays de la Loire Region", "city": "Nantes"}, "game_id": "135305", "values": [{"date": "2021-12-24-12-00-00", "latency": "26"}, {"date": "2021-12-24-12-00-00", "latency": "26"}]}, {"location": {"country_code": "br", "region": "Minas Gerais", "city": "Itabirito"}, "game_id": "135305", "values": [{"date": "2021-12-24-20-00-00", "latency": "136"}, {"date": "2021-12-24-20-00-00", "latency": "136"}]}, {"location": {"country_code": "br", "region": "Parana", "city": "Umuarama"}, "game_id": "135305", "values": [{"date": "2021-12-24-22-00-00", "latency": "149"}, {"date": "2021-12-24-22-00-00", "latency": "149"}, {"date": "2021-12-24-22-00-00", "latency": "149"}, {"date": "2021-12-24-22-00-00", "latency": "149"}, {"date": "2021-12-24-22-00-00", "latency": "149"}, {"date": "2021-12-24-22-00-00", "latency": "149"}, {"date": "2021-12-24-22-00-00", "latency": "149"}, {"date": "2021-12-24-22-00-00", "latency": "149"}, {"date": "2021-12-24-22-00-00", "latency": "149"}, {"date": "2021-12-24-22-00-00", "latency": "149"}, {"date": "2021-12-24-22-00-00", "latency": "149"}, {"date": "2021-12-24-22-00-00", "latency": "149"}, {"date": "2021-12-24-22-00-00", "latency": "149"}, {"date": "2021-12-24-22-00-00", "latency": "149"}, {"date": "2021-12-24-22-00-00", "latency": "149"}, {"date": "2021-12-24-22-00-00", "latency": "149"}, {"date": "2021-12-24-22-00-00", "latency": "149"}, {"date": "2021-12-24-22-00-00", "latency": "149"}, {"date": "2021-12-24-22-00-00", "latency": "149"}, {"date": "2021-12-24-22-00-00", "latency": "149"}, {"date": "2021-12-24-22-00-00", "latency": "149"}, {"date": "2021-12-24-22-00-00", "latency": "149"}]}, {"location": {"country_code": "sa", "region": "Riyadh Region", "city": "Wadi Ad Dawasir"}, "game_id": "135305", "values": [{"date": "2021-12-24-10-00-00", "latency": "195"}, {"date": "2021-12-24-10-00-00", "latency": "195"}, {"date": "2021-12-24-10-00-00", "latency": "195"}, {"date": "2021-12-24-10-00-00", "latency": "195"}, {"date": "2021-12-24-10-00-00", "latency": "195"}, {"date": "2021-12-24-10-00-00", "latency": "195"}, {"date": "2021-12-24-10-00-00", "latency": "195"}, {"date": "2021-12-24-10-00-00", "latency": "195"}, {"date": "2021-12-24-10-00-00", "latency": "195"}, {"date": "2021-12-24-10-00-00", "latency": "195"}, {"date": "2021-12-24-10-00-00", "latency": "195"}]}, {"location": {"country_code": "in", "region": "National Capital Territory of Delhi", "city": "New Delhi"}, "game_id": "135305", "values": [{"date": "2021-12-24-19-00-00", "latency": "147"}, {"date": "2021-12-24-19-00-00", "latency": "147"}]}, {"location": {"country_code": "ru", "region": "Vladimir Oblast", "city": "Vladimir"}, "game_id": "135305", "values": [{"date": "2021-12-24-14-00-00", "latency": "65"}, {"date": "2021-12-24-14-00-00", "latency": "65"}, {"date": "2021-12-24-14-00-00", "latency": "65"}, {"date": "2021-12-24-14-00-00", "latency": "65"}]}, {"location": {"country_code": "br", "region": "Sao Paulo", "city": "Sertaozinho"}, "game_id": "135305", "values": [{"date": "2021-12-24-21-00-00", "latency": "138"}]}, {"location": {"country_code": "br", "region": "Espirito Santo", "city": "Vila Velha"}, "game_id": "135305", "values": [{"date": "2021-12-24-15-00-00", "latency": "4"}, {"date": "2021-12-24-15-00-00", "latency": "4"}, {"date": "2021-12-24-15-00-00", "latency": "4"}, {"date": "2021-12-24-15-00-00", "latency": "4"}, {"date": "2021-12-24-15-00-00", "latency": "4"}]}, {"location": {"country_code": "us", "region": "Nevada"}, "game_id": "135305", "values": [{"date": "2021-12-24-23-00-00", "latency": "100"}, {"date": "2021-12-24-23-00-00", "latency": "100"}, {"date": "2021-12-24-23-00-00", "latency": "100"}, {"date": "2021-12-25-00-00-00", "latency": "98"}]}, {"location": {"country_code": "es", "region": "Principality of Asturias"}, "game_id": "135305", "values": [{"date": "2021-12-24-19-00-00", "latency": "39"}, {"date": "2021-12-24-19-00-00", "latency": "39"}, {"date": "2021-12-24-19-00-00", "latency": "39"}, {"date": "2021-12-24-19-00-00", "latency": "39"}, {"date": "2021-12-24-19-00-00", "latency": "39"}, {"date": "2021-12-24-19-00-00", "latency": "39"}]}, {"location": {"country_code": "br", "region": "Parana", "city": "Ponta Grossa"}, "game_id": "135305", "values": [{"date": "2021-12-24-13-00-00", "latency": "158"}, {"date": "2021-12-24-13-00-00", "latency": "158"}, {"date": "2021-12-24-13-00-00", "latency": "158"}, {"date": "2021-12-24-13-00-00", "latency": "158"}, {"date": "2021-12-24-13-00-00", "latency": "158"}]}, {"location": {"country_code": "my", "region": "Selangor"}, "game_id": "135305", "values": [{"date": "2021-12-24-12-00-00", "latency": "98"}, {"date": "2021-12-24-12-00-00", "latency": "98"}, {"date": "2021-12-24-12-00-00", "latency": "98"}, {"date": "2021-12-24-12-00-00", "latency": "98"}, {"date": "2021-12-24-12-00-00", "latency": "98"}, {"date": "2021-12-24-12-00-00", "latency": "98"}, {"date": "2021-12-24-12-00-00", "latency": "98"}, {"date": "2021-12-24-12-00-00", "latency": "98"}, {"date": "2021-12-24-12-00-00", "latency": "98"}, {"date": "2021-12-24-12-00-00", "latency": "98"}, {"date": "2021-12-24-12-00-00", "latency": "98"}, {"date": "2021-12-24-12-00-00", "latency": "98"}, {"date": "2021-12-24-12-00-00", "latency": "98"}, {"date": "2021-12-24-12-00-00", "latency": "98"}, {"date": "2021-12-24-12-00-00", "latency": "98"}, {"date": "2021-12-24-12-00-00", "latency": "98"}, {"date": "2021-12-24-12-00-00", "latency": "98"}, {"date": "2021-12-24-12-00-00", "latency": "98"}]}, {"location": {"country_code": "br", "region": "Paraiba", "city": "Santa Rita"}, "game_id": "135305", "values": [{"date": "2021-12-24-20-00-00", "latency": "90"}, {"date": "2021-12-24-20-00-00", "latency": "90"}, {"date": "2021-12-24-20-00-00", "latency": "90"}, {"date": "2021-12-24-20-00-00", "latency": "90"}, {"date": "2021-12-24-20-00-00", "latency": "90"}, {"date": "2021-12-24-20-00-00", "latency": "90"}, {"date": "2021-12-24-20-00-00", "latency": "90"}, {"date": "2021-12-24-20-00-00", "latency": "90"}, {"date": "2021-12-24-20-00-00", "latency": "90"}, {"date": "2021-12-24-20-00-00", "latency": "90"}, {"date": "2021-12-24-20-00-00", "latency": "90"}, {"date": "2021-12-24-20-00-00", "latency": "90"}, {"date": "2021-12-24-20-00-00", "latency": "90"}, {"date": "2021-12-24-20-00-00", "latency": "90"}, {"date": "2021-12-24-20-00-00", "latency": "90"}, {"date": "2021-12-24-20-00-00", "latency": "90"}, {"date": "2021-12-24-20-00-00", "latency": "90"}, {"date": "2021-12-24-20-00-00", "latency": "90"}, {"date": "2021-12-24-20-00-00", "latency": "90"}, {"date": "2021-12-24-20-00-00", "latency": "90"}, {"date": "2021-12-24-20-00-00", "latency": "90"}, {"date": "2021-12-24-20-00-00", "latency": "90"}, {"date": "2021-12-24-20-00-00", "latency": "90"}, {"date": "2021-12-24-20-00-00", "latency": "90"}, {"date": "2021-12-24-20-00-00", "latency": "90"}, {"date": "2021-12-24-20-00-00", "latency": "90"}, {"date": "2021-12-24-20-00-00", "latency": "90"}, {"date": "2021-12-24-20-00-00", "latency": "90"}, {"date": "2021-12-24-20-00-00", "latency": "90"}]}, {"location": {"country_code": "gb", "region": "England", "city": "Nottingham"}, "game_id": "135305", "values": [{"date": "2021-12-24-20-00-00", "latency": "34"}, {"date": "2021-12-24-20-00-00", "latency": "34"}, {"date": "2021-12-24-20-00-00", "latency": "34"}, {"date": "2021-12-24-20-00-00", "latency": "34"}, {"date": "2021-12-24-20-00-00", "latency": "34"}, {"date": "2021-12-24-20-00-00", "latency": "34"}, {"date": "2021-12-24-20-00-00", "latency": "34"}, {"date": "2021-12-24-20-00-00", "latency": "34"}]}, {"location": {"country_code": "fr", "region": "Nord-Passo di Calais-Piccardia", "city": "Saint-Pol-sur-Ternoise"}, "game_id": "135305", "values": [{"date": "2021-12-24-12-00-00", "latency": "22"}, {"date": "2021-12-24-12-00-00", "latency": "22"}, {"date": "2021-12-24-12-00-00", "latency": "22"}, {"date": "2021-12-24-12-00-00", "latency": "22"}, {"date": "2021-12-24-12-00-00", "latency": "22"}, {"date": "2021-12-24-12-00-00", "latency": "22"}, {"date": "2021-12-24-12-00-00", "latency": "22"}, {"date": "2021-12-24-12-00-00", "latency": "22"}, {"date": "2021-12-24-12-00-00", "latency": "22"}, {"date": "2021-12-24-12-00-00", "latency": "22"}, {"date": "2021-12-24-12-00-00", "latency": "22"}, {"date": "2021-12-24-12-00-00", "latency": "22"}, {"date": "2021-12-24-12-00-00", "latency": "22"}, {"date": "2021-12-24-12-00-00", "latency": "22"}, {"date": "2021-12-24-12-00-00", "latency": "22"}, {"date": "2021-12-24-12-00-00", "latency": "22"}, {"date": "2021-12-24-12-00-00", "latency": "22"}]}, {"location": {"country_code": "br", "region": "Sao Paulo", "city": "Mogi das Cruzes"}, "game_id": "135305", "values": [{"date": "2021-12-24-15-00-00", "latency": "145"}, {"date": "2021-12-24-15-00-00", "latency": "145"}, {"date": "2021-12-24-15-00-00", "latency": "145"}, {"date": "2021-12-24-15-00-00", "latency": "145"}, {"date": "2021-12-24-15-00-00", "latency": "145"}, {"date": "2021-12-24-15-00-00", "latency": "145"}]}, {"location": {"country_code": "th", "region": "Chiang Mai", "city": "Chiang Mai"}, "game_id": "135305", "values": [{"date": "2021-12-24-09-00-00", "latency": "107"}, {"date": "2021-12-24-09-00-00", "latency": "107"}, {"date": "2021-12-24-09-00-00", "latency": "107"}, {"date": "2021-12-24-11-00-00", "latency": "114"}, {"date": "2021-12-24-11-00-00", "latency": "114"}, {"date": "2021-12-24-11-00-00", "latency": "114"}]}, {"location": {"country_code": "ch", "region": "Canton of Basel-City", "city": "Basel"}, "game_id": "135305", "values": [{"date": "2021-12-24-22-00-00", "latency": "26"}, {"date": "2021-12-24-22-00-00", "latency": "26"}, {"date": "2021-12-24-22-00-00", "latency": "26"}]}, {"location": {"country_code": "ca", "region": "Ontario", "city": "Oshawa"}, "game_id": "135305", "values": [{"date": "2021-12-25-00-00-00", "latency": "35"}, {"date": "2021-12-25-00-00-00", "latency": "35"}, {"date": "2021-12-25-00-00-00", "latency": "35"}, {"date": "2021-12-25-00-00-00", "latency": "35"}]}, {"location": {"country_code": "pl", "region": "Masovian Voivodeship"}, "game_id": "135305", "values": [{"date": "2021-12-24-11-00-00", "latency": "46"}, {"date": "2021-12-24-11-00-00", "latency": "46"}, {"date": "2021-12-24-11-00-00", "latency": "46"}, {"date": "2021-12-24-11-00-00", "latency": "46"}, {"date": "2021-12-24-11-00-00", "latency": "46"}, {"date": "2021-12-24-11-00-00", "latency": "46"}, {"date": "2021-12-24-11-00-00", "latency": "46"}, {"date": "2021-12-24-11-00-00", "latency": "46"}, {"date": "2021-12-24-11-00-00", "latency": "46"}, {"date": "2021-12-24-11-00-00", "latency": "46"}, {"date": "2021-12-24-11-00-00", "latency": "46"}, {"date": "2021-12-24-11-00-00", "latency": "46"}, {"date": "2021-12-24-11-00-00", "latency": "46"}, {"date": "2021-12-24-11-00-00", "latency": "46"}, {"date": "2021-12-24-11-00-00", "latency": "46"}, {"date": "2021-12-24-11-00-00", "latency": "46"}, {"date": "2021-12-24-11-00-00", "latency": "46"}, {"date": "2021-12-24-11-00-00", "latency": "46"}]}, {"location": {"country_code": "fr", "region": "Provence-Alpes-Cote d'Azur Region"}, "game_id": "135305", "values": [{"date": "2021-12-25-01-00-00", "latency": "23"}, {"date": "2021-12-25-01-00-00", "latency": "23"}, {"date": "2021-12-25-01-00-00", "latency": "23"}, {"date": "2021-12-25-01-00-00", "latency": "23"}, {"date": "2021-12-25-01-00-00", "latency": "23"}, {"date": "2021-12-25-01-00-00", "latency": "23"}, {"date": "2021-12-25-01-00-00", "latency": "23"}, {"date": "2021-12-25-01-00-00", "latency": "23"}, {"date": "2021-12-25-01-00-00", "latency": "23"}, {"date": "2021-12-25-01-00-00", "latency": "23"}, {"date": "2021-12-25-01-00-00", "latency": "23"}, {"date": "2021-12-25-01-00-00", "latency": "23"}, {"date": "2021-12-25-01-00-00", "latency": "23"}, {"date": "2021-12-25-01-00-00", "latency": "23"}]}, {"location": {"country_code": "br", "region": "Sao Paulo", "city": "Caraguatatuba"}, "game_id": "135305", "values": [{"date": "2021-12-24-10-00-00", "latency": "15"}, {"date": "2021-12-24-10-00-00", "latency": "15"}, {"date": "2021-12-24-10-00-00", "latency": "15"}, {"date": "2021-12-24-10-00-00", "latency": "15"}, {"date": "2021-12-24-10-00-00", "latency": "15"}, {"date": "2021-12-24-10-00-00", "latency": "15"}, {"date": "2021-12-24-10-00-00", "latency": "15"}]}, {"location": {"country_code": "us", "region": "California", "city": "Anaheim"}, "game_id": "135305", "values": [{"date": "2021-12-25-00-00-00", "latency": "82"}, {"date": "2021-12-25-00-00-00", "latency": "82"}, {"date": "2021-12-25-00-00-00", "latency": "82"}, {"date": "2021-12-25-00-00-00", "latency": "82"}, {"date": "2021-12-25-00-00-00", "latency": "82"}, {"date": "2021-12-25-00-00-00", "latency": "82"}, {"date": "2021-12-25-00-00-00", "latency": "82"}, {"date": "2021-12-25-00-00-00", "latency": "82"}, {"date": "2021-12-25-00-00-00", "latency": "82"}, {"date": "2021-12-25-00-00-00", "latency": "82"}, {"date": "2021-12-25-00-00-00", "latency": "82"}, {"date": "2021-12-25-00-00-00", "latency": "82"}, {"date": "2021-12-25-00-00-00", "latency": "82"}, {"date": "2021-12-25-00-00-00", "latency": "82"}, {"date": "2021-12-25-00-00-00", "latency": "82"}, {"date": "2021-12-25-00-00-00", "latency": "82"}]}, {"location": {"country_code": "de", "region": "Hesse", "city": "Wiesbaden"}, "game_id": "135305", "values": [{"date": "2021-12-24-19-00-00", "latency": "13"}, {"date": "2021-12-24-19-00-00", "latency": "13"}, {"date": "2021-12-24-19-00-00", "latency": "13"}, {"date": "2021-12-24-19-00-00", "latency": "13"}, {"date": "2021-12-24-19-00-00", "latency": "13"}, {"date": "2021-12-24-19-00-00", "latency": "13"}]}, {"location": {"country_code": "dz", "region": "Algiers Province"}, "game_id": "135305", "values": [{"date": "2021-12-24-14-00-00", "latency": "62"}, {"date": "2021-12-24-14-00-00", "latency": "62"}, {"date": "2021-12-24-14-00-00", "latency": "62"}, {"date": "2021-12-24-14-00-00", "latency": "62"}, {"date": "2021-12-24-14-00-00", "latency": "62"}, {"date": "2021-12-24-14-00-00", "latency": "62"}, {"date": "2021-12-24-14-00-00", "latency": "62"}, {"date": "2021-12-24-14-00-00", "latency": "62"}, {"date": "2021-12-24-14-00-00", "latency": "62"}, {"date": "2021-12-24-14-00-00", "latency": "62"}, {"date": "2021-12-24-14-00-00", "latency": "62"}, {"date": "2021-12-24-14-00-00", "latency": "62"}]}, {"location": {"country_code": "qa", "region": "Doha"}, "game_id": "135305", "values": [{"date": "2021-12-25-01-00-00", "latency": "96"}, {"date": "2021-12-25-01-00-00", "latency": "96"}, {"date": "2021-12-25-01-00-00", "latency": "96"}, {"date": "2021-12-25-01-00-00", "latency": "96"}, {"date": "2021-12-25-01-00-00", "latency": "96"}, {"date": "2021-12-25-01-00-00", "latency": "96"}, {"date": "2021-12-25-01-00-00", "latency": "96"}, {"date": "2021-12-25-01-00-00", "latency": "96"}]}, {"location": {"country_code": "mx", "region": "Tamaulipas", "city": "Matamoros"}, "game_id": "135305", "values": [{"date": "2021-12-24-08-00-00", "latency": "70"}, {"date": "2021-12-24-08-00-00", "latency": "70"}]}, {"location": {"country_code": "fr", "region": "Alvernia-Rodano-Alpi", "city": "Alex"}, "game_id": "135305", "values": [{"date": "2021-12-24-20-00-00", "latency": "79"}, {"date": "2021-12-24-20-00-00", "latency": "79"}, {"date": "2021-12-24-20-00-00", "latency": "79"}, {"date": "2021-12-24-20-00-00", "latency": "79"}, {"date": "2021-12-24-20-00-00", "latency": "79"}]}, {"location": {"country_code": "es", "region": "Canary Islands", "city": "Telde"}, "game_id": "135305", "values": [{"date": "2021-12-24-18-00-00", "latency": "60"}, {"date": "2021-12-24-18-00-00", "latency": "60"}, {"date": "2021-12-24-18-00-00", "latency": "60"}, {"date": "2021-12-24-18-00-00", "latency": "60"}, {"date": "2021-12-24-18-00-00", "latency": "60"}, {"date": "2021-12-24-18-00-00", "latency": "60"}, {"date": "2021-12-24-18-00-00", "latency": "60"}, {"date": "2021-12-24-18-00-00", "latency": "60"}, {"date": "2021-12-24-18-00-00", "latency": "60"}, {"date": "2021-12-24-18-00-00", "latency": "60"}, {"date": "2021-12-24-18-00-00", "latency": "60"}, {"date": "2021-12-24-18-00-00", "latency": "60"}, {"date": "2021-12-24-18-00-00", "latency": "60"}, {"date": "2021-12-24-18-00-00", "latency": "60"}, {"date": "2021-12-24-18-00-00", "latency": "60"}, {"date": "2021-12-24-18-00-00", "latency": "60"}, {"date": "2021-12-24-18-00-00", "latency": "60"}, {"date": "2021-12-24-18-00-00", "latency": "60"}]}, {"location": {"country_code": "ru", "region": "Bryansk Oblast", "city": "Bryansk"}, "game_id": "135305", "values": [{"date": "2021-12-24-22-00-00", "latency": "49"}, {"date": "2021-12-24-22-00-00", "latency": "49"}, {"date": "2021-12-24-22-00-00", "latency": "49"}, {"date": "2021-12-24-22-00-00", "latency": "49"}, {"date": "2021-12-24-22-00-00", "latency": "49"}, {"date": "2021-12-24-22-00-00", "latency": "49"}, {"date": "2021-12-24-22-00-00", "latency": "49"}, {"date": "2021-12-24-22-00-00", "latency": "49"}, {"date": "2021-12-24-22-00-00", "latency": "49"}, {"date": "2021-12-24-22-00-00", "latency": "49"}, {"date": "2021-12-24-22-00-00", "latency": "49"}, {"date": "2021-12-24-22-00-00", "latency": "49"}, {"date": "2021-12-24-22-00-00", "latency": "49"}, {"date": "2021-12-24-22-00-00", "latency": "49"}, {"date": "2021-12-24-22-00-00", "latency": "49"}, {"date": "2021-12-24-22-00-00", "latency": "49"}]}, {"location": {"country_code": "us", "region": "Maryland", "city": "Severna Park"}, "game_id": "135305", "values": [{"date": "2021-12-24-11-00-00", "latency": "23"}, {"date": "2021-12-24-11-00-00", "latency": "23"}, {"date": "2021-12-24-11-00-00", "latency": "23"}, {"date": "2021-12-24-11-00-00", "latency": "23"}, {"date": "2021-12-24-11-00-00", "latency": "23"}, {"date": "2021-12-24-11-00-00", "latency": "23"}, {"date": "2021-12-24-11-00-00", "latency": "23"}, {"date": "2021-12-24-11-00-00", "latency": "23"}, {"date": "2021-12-24-11-00-00", "latency": "23"}, {"date": "2021-12-24-11-00-00", "latency": "23"}, {"date": "2021-12-24-11-00-00", "latency": "23"}]}, {"location": {"country_code": "ru", "region": "Ulyanovsk Oblast", "city": "Ulyanovsk"}, "game_id": "135305", "values": [{"date": "2021-12-24-22-00-00", "latency": "66"}, {"date": "2021-12-24-22-00-00", "latency": "66"}, {"date": "2021-12-24-22-00-00", "latency": "66"}, {"date": "2021-12-24-22-00-00", "latency": "66"}, {"date": "2021-12-24-22-00-00", "latency": "66"}, {"date": "2021-12-24-22-00-00", "latency": "66"}, {"date": "2021-12-24-22-00-00", "latency": "66"}, {"date": "2021-12-24-22-00-00", "latency": "66"}, {"date": "2021-12-24-22-00-00", "latency": "66"}]}], "last_updated": 1719912865.21015}