{"data": [{"location": {"country_code": "us"}, "game_id": "118849", "values": [{"date": "2023-07-15-19-00-00", "latency": 5}, {"date": "2023-07-15-04-00-00", "latency": 7}, {"date": "2023-07-15-09-00-00", "latency": 5}, {"date": "2023-07-15-22-00-00", "latency": 1}, {"date": "2023-07-15-23-00-00", "latency": 9}, {"date": "2023-07-15-04-00-00", "latency": 1}]}, {"location": {"country_code": "br", "region": "Minas Gerais", "city": "Ituiutaba"}, "game_id": "118849", "values": [{"date": "2023-07-15-18-00-00", "latency": 0}]}, {"location": {"country_code": "us", "region": "Texas", "city": "Austin"}, "game_id": "118849", "values": [{"date": "2023-07-15-05-00-00", "latency": 5}]}, {"location": {"country_code": "us", "region": "New York", "city": "Jamestown"}, "game_id": "118849", "values": [{"date": "2023-07-16-01-00-00", "latency": 4}]}, {"location": {"country_code": "gb", "region": "England"}, "game_id": "118849", "values": [{"date": "2023-07-15-04-00-00", "latency": 10}, {"date": "2023-07-15-04-00-00", "latency": 10}]}, {"location": {"country_code": "th"}, "game_id": "118849", "values": [{"date": "2023-07-15-21-00-00", "latency": 4}]}, {"location": {"country_code": "pa"}, "game_id": "118849", "values": [{"date": "2023-07-15-12-00-00", "latency": 0}]}, {"location": {"country_code": "it"}, "game_id": "118849", "values": [{"date": "2023-07-15-23-00-00", "latency": 7}]}, {"location": {"country_code": "za"}, "game_id": "118849", "values": [{"date": "2023-07-15-22-00-00", "latency": 113}]}, {"location": {"country_code": "jp"}, "game_id": "118849", "values": [{"date": "2023-07-15-10-00-00", "latency": 1}]}, {"location": {"country_code": "ca"}, "game_id": "118849", "values": [{"date": "2023-07-15-23-00-00", "latency": 3}, {"date": "2023-07-15-23-00-00", "latency": 3}, {"date": "2023-07-15-19-00-00", "latency": 69}, {"date": "2023-07-15-09-00-00", "latency": 4}]}, {"location": {"country_code": "tw"}, "game_id": "118849", "values": [{"date": "2023-07-15-09-00-00", "latency": 128}, {"date": "2023-07-15-09-00-00", "latency": 128}]}, {"location": {"country_code": "cl"}, "game_id": "118849", "values": [{"date": "2023-07-15-17-00-00", "latency": 1}, {"date": "2023-07-15-03-00-00", "latency": 135}, {"date": "2023-07-15-22-00-00", "latency": 1}]}, {"location": {"country_code": "us", "region": "Texas"}, "game_id": "118849", "values": [{"date": "2023-07-15-08-00-00", "latency": 3}]}, {"location": {"country_code": "ph"}, "game_id": "118849", "values": [{"date": "2023-07-15-20-00-00", "latency": 5}, {"date": "2023-07-15-19-00-00", "latency": 90}]}, {"location": {"country_code": "kr", "region": "Seoul"}, "game_id": "118849", "values": [{"date": "2023-07-15-14-00-00", "latency": 2}, {"date": "2023-07-15-14-00-00", "latency": 2}, {"date": "2023-07-15-14-00-00", "latency": 2}, {"date": "2023-07-15-14-00-00", "latency": 2}, {"date": "2023-07-15-14-00-00", "latency": 2}]}, {"location": {"country_code": "fr"}, "game_id": "118849", "values": [{"date": "2023-07-15-13-00-00", "latency": 1}, {"date": "2023-07-15-13-00-00", "latency": 5}]}, {"location": {"country_code": "mx"}, "game_id": "118849", "values": [{"date": "2023-07-15-11-00-00", "latency": 6}]}, {"location": {"country_code": "mx", "region": "Mexico City"}, "game_id": "118849", "values": [{"date": "2023-07-15-08-00-00", "latency": 1}]}, {"location": {"country_code": "us", "region": "California"}, "game_id": "118849", "values": [{"date": "2023-07-15-04-00-00", "latency": 28}, {"date": "2023-07-15-04-00-00", "latency": 28}, {"date": "2023-07-15-04-00-00", "latency": 28}, {"date": "2023-07-15-04-00-00", "latency": 28}, {"date": "2023-07-15-19-00-00", "latency": 2}]}, {"location": {"country_code": "br"}, "game_id": "118849", "values": [{"date": "2023-07-15-05-00-00", "latency": 0}, {"date": "2023-07-15-03-00-00", "latency": 1112}]}, {"location": {"country_code": "se"}, "game_id": "118849", "values": [{"date": "2023-07-15-21-00-00", "latency": 1}, {"date": "2023-07-15-21-00-00", "latency": 1}, {"date": "2023-07-15-20-00-00", "latency": 2}]}, {"location": {"country_code": "us", "region": "California", "city": "East Los Angeles"}, "game_id": "118849", "values": [{"date": "2023-07-15-04-00-00", "latency": 17}, {"date": "2023-07-15-04-00-00", "latency": 17}, {"date": "2023-07-15-04-00-00", "latency": 17}, {"date": "2023-07-15-04-00-00", "latency": 17}, {"date": "2023-07-15-04-00-00", "latency": 17}, {"date": "2023-07-15-09-00-00", "latency": 5}, {"date": "2023-07-15-09-00-00", "latency": 5}]}, {"location": {"country_code": "au"}, "game_id": "118849", "values": [{"date": "2023-07-15-07-00-00", "latency": 1}]}, {"location": {"country_code": "us", "region": "Texas", "city": "Cedar Park"}, "game_id": "118849", "values": [{"date": "2023-07-15-05-00-00", "latency": 1}]}, {"location": {"country_code": "dk"}, "game_id": "118849", "values": [{"date": "2023-07-16-01-00-00", "latency": 1}]}, {"location": {"country_code": "tr"}, "game_id": "118849", "values": [{"date": "2023-07-16-00-00-00", "latency": 24}, {"date": "2023-07-16-00-00-00", "latency": 24}, {"date": "2023-07-16-00-00-00", "latency": 24}, {"date": "2023-07-16-00-00-00", "latency": 24}, {"date": "2023-07-16-00-00-00", "latency": 24}]}, {"location": {"country_code": "es"}, "game_id": "118849", "values": [{"date": "2023-07-15-13-00-00", "latency": 3}, {"date": "2023-07-15-13-00-00", "latency": 3}, {"date": "2023-07-15-13-00-00", "latency": 3}, {"date": "2023-07-15-20-00-00", "latency": 3}]}, {"location": {"country_code": "ar"}, "game_id": "118849", "values": [{"date": "2023-07-15-03-00-00", "latency": 12}, {"date": "2023-07-15-03-00-00", "latency": 12}]}, {"location": {"country_code": "vn"}, "game_id": "118849", "values": [{"date": "2023-07-15-17-00-00", "latency": 57}, {"date": "2023-07-15-17-00-00", "latency": 57}, {"date": "2023-07-15-17-00-00", "latency": 57}, {"date": "2023-07-15-17-00-00", "latency": 57}, {"date": "2023-07-15-17-00-00", "latency": 57}, {"date": "2023-07-15-17-00-00", "latency": 57}, {"date": "2023-07-15-17-00-00", "latency": 57}, {"date": "2023-07-15-17-00-00", "latency": 57}]}, {"location": {"country_code": "fi"}, "game_id": "118849", "values": [{"date": "2023-07-15-23-00-00", "latency": 4}]}, {"location": {"country_code": "us", "region": "Hawaii"}, "game_id": "118849", "values": [{"date": "2023-07-15-12-00-00", "latency": 11}, {"date": "2023-07-15-12-00-00", "latency": 11}, {"date": "2023-07-15-12-00-00", "latency": 11}, {"date": "2023-07-15-12-00-00", "latency": 11}, {"date": "2023-07-15-12-00-00", "latency": 11}, {"date": "2023-07-15-12-00-00", "latency": 11}, {"date": "2023-07-15-12-00-00", "latency": 11}, {"date": "2023-07-15-11-00-00", "latency": 13}, {"date": "2023-07-15-11-00-00", "latency": 13}]}, {"location": {"country_code": "de", "region": "Free and Hanseatic City of Hamburg", "city": "Hamburg"}, "game_id": "118849", "values": [{"date": "2023-07-15-18-00-00", "latency": 8}]}, {"location": {"country_code": "tr", "region": "Ege Bolgesi", "city": "Izmir"}, "game_id": "118849", "values": [{"date": "2023-07-15-03-00-00", "latency": 1}]}, {"location": {"country_code": "us", "region": "Illinois", "city": "Chicago"}, "game_id": "118849", "values": [{"date": "2023-07-15-07-00-00", "latency": 1}, {"date": "2023-07-15-07-00-00", "latency": 1}]}, {"location": {"country_code": "at"}, "game_id": "118849", "values": [{"date": "2023-07-15-10-00-00", "latency": 1}]}, {"location": {"country_code": "pl"}, "game_id": "118849", "values": [{"date": "2023-07-15-15-00-00", "latency": 3}, {"date": "2023-07-16-02-00-00", "latency": 15}, {"date": "2023-07-15-17-00-00", "latency": 5}]}, {"location": {"country_code": "us", "region": "North Carolina"}, "game_id": "118849", "values": [{"date": "2023-07-15-06-00-00", "latency": 4}]}, {"location": {"country_code": "us", "region": "Nevada", "city": "Las Vegas"}, "game_id": "118849", "values": [{"date": "2023-07-15-08-00-00", "latency": 1}, {"date": "2023-07-15-02-00-00", "latency": 5}]}, {"location": {"country_code": "cr"}, "game_id": "118849", "values": [{"date": "2023-07-15-08-00-00", "latency": 1}]}, {"location": {"country_code": "pe", "region": "Lima region", "city": "Lima"}, "game_id": "118849", "values": [{"date": "2023-07-15-22-00-00", "latency": 15}, {"date": "2023-07-15-06-00-00", "latency": 7}, {"date": "2023-07-15-06-00-00", "latency": 7}]}, {"location": {"country_code": "ua"}, "game_id": "118849", "values": [{"date": "2023-07-15-21-00-00", "latency": 9}, {"date": "2023-07-15-19-00-00", "latency": 7}]}, {"location": {"country_code": "tr", "region": "Marmara Bolgesi", "city": "Istanbul"}, "game_id": "118849", "values": [{"date": "2023-07-15-03-00-00", "latency": 3}, {"date": "2023-07-15-04-00-00", "latency": 0}]}, {"location": {"country_code": "ca", "region": "Ontario", "city": "Toronto"}, "game_id": "118849", "values": [{"date": "2023-07-15-23-00-00", "latency": 58}, {"date": "2023-07-15-23-00-00", "latency": 58}, {"date": "2023-07-15-23-00-00", "latency": 58}, {"date": "2023-07-15-23-00-00", "latency": 58}, {"date": "2023-07-15-23-00-00", "latency": 58}, {"date": "2023-07-15-23-00-00", "latency": 58}, {"date": "2023-07-15-23-00-00", "latency": 58}, {"date": "2023-07-15-23-00-00", "latency": 58}, {"date": "2023-07-15-23-00-00", "latency": 58}, {"date": "2023-07-15-23-00-00", "latency": 58}, {"date": "2023-07-15-23-00-00", "latency": 58}, {"date": "2023-07-15-23-00-00", "latency": 58}, {"date": "2023-07-15-23-00-00", "latency": 58}]}, {"location": {"country_code": "ba", "region": "Federation of Bosnia and Herzegovina", "city": "Mostar"}, "game_id": "118849", "values": [{"date": "2023-07-15-20-00-00", "latency": 15}]}, {"location": {"country_code": "au", "region": "Western Australia", "city": "Perth"}, "game_id": "118849", "values": [{"date": "2023-07-15-14-00-00", "latency": 9}, {"date": "2023-07-15-14-00-00", "latency": 9}]}, {"location": {"country_code": "br", "region": "Rio Grande do Sul", "city": "Porto Alegre"}, "game_id": "118849", "values": [{"date": "2023-07-15-09-00-00", "latency": 5}, {"date": "2023-07-15-22-00-00", "latency": 1}]}, {"location": {"country_code": "br", "region": "State of Rio de Janeiro", "city": "Angra dos Reis"}, "game_id": "118849", "values": [{"date": "2023-07-15-22-00-00", "latency": 0}]}, {"location": {"country_code": "us", "region": "Minnesota"}, "game_id": "118849", "values": [{"date": "2023-07-15-06-00-00", "latency": 3}, {"date": "2023-07-15-22-00-00", "latency": 1}]}, {"location": {"country_code": "br", "region": "Rio Grande do Sul"}, "game_id": "118849", "values": [{"date": "2023-07-15-02-00-00", "latency": 7}]}, {"location": {"country_code": "ca", "region": "Alberta", "city": "Edmonton"}, "game_id": "118849", "values": [{"date": "2023-07-16-01-00-00", "latency": 5}, {"date": "2023-07-16-01-00-00", "latency": 5}, {"date": "2023-07-16-01-00-00", "latency": 5}]}, {"location": {"country_code": "br", "region": "Mato Grosso", "city": "Tangara da Serra"}, "game_id": "118849", "values": [{"date": "2023-07-15-08-00-00", "latency": 3}]}, {"location": {"country_code": "ca", "region": "Manitoba", "city": "Winnipeg"}, "game_id": "118849", "values": [{"date": "2023-07-15-18-00-00", "latency": 1}]}, {"location": {"country_code": "ca", "region": "British Columbia", "city": "Richmond"}, "game_id": "118849", "values": [{"date": "2023-07-15-02-00-00", "latency": 0}]}, {"location": {"country_code": "lt"}, "game_id": "118849", "values": [{"date": "2023-07-15-12-00-00", "latency": 3}]}, {"location": {"country_code": "ca", "region": "British Columbia"}, "game_id": "118849", "values": [{"date": "2023-07-15-23-00-00", "latency": 5}]}, {"location": {"country_code": "ar", "region": "Tucuman Province", "city": "San Miguel de Tucuman"}, "game_id": "118849", "values": [{"date": "2023-07-16-01-00-00", "latency": 3}]}, {"location": {"country_code": "br", "region": "Rio Grande do Norte", "city": "Natal"}, "game_id": "118849", "values": [{"date": "2023-07-15-04-00-00", "latency": 5}]}, {"location": {"country_code": "dj"}, "game_id": "118849", "values": [{"date": "2023-07-15-16-00-00", "latency": 5}]}, {"location": {"country_code": "us", "region": "Montana"}, "game_id": "118849", "values": [{"date": "2023-07-15-16-00-00", "latency": 24}, {"date": "2023-07-15-16-00-00", "latency": 24}]}, {"location": {"country_code": "us", "region": "California", "city": "Oakland"}, "game_id": "118849", "values": [{"date": "2023-07-16-00-00-00", "latency": 8}]}, {"location": {"country_code": "ae", "region": "Dubai", "city": "Dubai"}, "game_id": "118849", "values": [{"date": "2023-07-15-13-00-00", "latency": 1}, {"date": "2023-07-15-13-00-00", "latency": 1}]}, {"location": {"country_code": "us", "region": "Mississippi"}, "game_id": "118849", "values": [{"date": "2023-07-15-23-00-00", "latency": 7}, {"date": "2023-07-15-23-00-00", "latency": 7}, {"date": "2023-07-15-23-00-00", "latency": 7}]}, {"location": {"country_code": "us", "region": "Texas", "city": "San Antonio"}, "game_id": "118849", "values": [{"date": "2023-07-16-00-00-00", "latency": 2}, {"date": "2023-07-16-00-00-00", "latency": 2}, {"date": "2023-07-16-00-00-00", "latency": 2}, {"date": "2023-07-16-00-00-00", "latency": 2}, {"date": "2023-07-16-00-00-00", "latency": 2}]}, {"location": {"country_code": "br", "region": "Parana", "city": "Umuarama"}, "game_id": "118849", "values": [{"date": "2023-07-15-16-00-00", "latency": 2}]}, {"location": {"country_code": "ph", "region": "National Capital Region", "city": "Quezon City"}, "game_id": "118849", "values": [{"date": "2023-07-15-21-00-00", "latency": 2}]}, {"location": {"country_code": "us", "region": "Georgia", "city": "Columbus"}, "game_id": "118849", "values": [{"date": "2023-07-15-21-00-00", "latency": 7}, {"date": "2023-07-15-21-00-00", "latency": 7}]}, {"location": {"country_code": "es", "region": "Catalonia", "city": "Manresa"}, "game_id": "118849", "values": [{"date": "2023-07-15-17-00-00", "latency": 1}]}, {"location": {"country_code": "mx", "region": "Sinaloa"}, "game_id": "118849", "values": [{"date": "2023-07-15-20-00-00", "latency": 7}, {"date": "2023-07-15-20-00-00", "latency": 7}]}, {"location": {"country_code": "ch", "region": "Canton of Lucerne", "city": "Horw"}, "game_id": "118849", "values": [{"date": "2023-07-15-22-00-00", "latency": 4}]}, {"location": {"country_code": "us", "region": "California", "city": "Stockton"}, "game_id": "118849", "values": [{"date": "2023-07-15-15-00-00", "latency": 26}]}, {"location": {"country_code": "br", "region": "Mato Grosso do Sul", "city": "Tres Lagoas"}, "game_id": "118849", "values": [{"date": "2023-07-16-01-00-00", "latency": 0}]}, {"location": {"country_code": "br", "region": "Acre", "city": "Rio Branco"}, "game_id": "118849", "values": [{"date": "2023-07-16-02-00-00", "latency": 0}]}, {"location": {"country_code": "se", "region": "Vastmanland County", "city": "Vasteras"}, "game_id": "118849", "values": [{"date": "2023-07-15-05-00-00", "latency": 2}, {"date": "2023-07-15-05-00-00", "latency": 2}, {"date": "2023-07-15-05-00-00", "latency": 2}]}], "last_updated": 1719919342.178343}