{"data": [{"location": {"country_code": "us"}, "game_id": "273486", "values": [{"date": "2023-04-17-22-00-00", "alternatives": [64, 54, 54, 54]}, {"date": "2023-04-17-22-00-00", "alternatives": [64, 54, 54, 54]}, {"date": "2023-04-17-22-00-00", "alternatives": [64, 54, 54, 54]}, {"date": "2023-04-17-22-00-00", "alternatives": [64, 54, 54, 54]}, {"date": "2023-04-17-22-00-00", "alternatives": [64, 54, 54, 54]}, {"date": "2023-04-17-02-00-00", "alternatives": ["62", "02", "2"]}, {"date": "2023-04-17-02-00-00", "alternatives": ["62", "02", "2"]}, {"date": "2023-04-17-02-00-00", "alternatives": ["62", "02", "2"]}, {"date": "2023-04-17-02-00-00", "alternatives": ["62", "02", "2"]}, {"date": "2023-04-17-02-00-00", "alternatives": ["62", "02", "2"]}, {"date": "2023-04-17-07-00-00", "alternatives": ["2", "2", "28"]}, {"date": "2023-04-17-07-00-00", "alternatives": ["2", "2", "28"]}, {"date": "2023-04-17-08-00-00", "alternatives": ["5", "5", "54"]}, {"date": "2023-04-17-08-00-00", "alternatives": ["5", "5", "54"]}, {"date": "2023-04-17-08-00-00", "alternatives": ["5", "5", "54"]}, {"date": "2023-04-17-08-00-00", "alternatives": ["5", "5", "54"]}, {"date": "2023-04-17-08-00-00", "alternatives": ["5", "5", "54"]}]}, {"location": {"country_code": "us", "region": "New York", "city": "Jamestown"}, "game_id": "273486", "values": [{"date": "2023-04-18-00-00-00", "alternatives": ["3", "6", "3"]}, {"date": "2023-04-18-00-00-00", "alternatives": ["3", "6", "3"]}]}, {"location": {"country_code": "ca"}, "game_id": "273486", "values": [{"date": "2023-04-17-03-00-00", "alternatives": ["54", "94", "54"]}, {"date": "2023-04-17-03-00-00", "alternatives": ["54", "94", "54"]}]}, {"location": {"country_code": "us", "region": "Indiana"}, "game_id": "273486", "values": [{"date": "2023-04-18-02-00-00", "alternatives": ["8", "8", "19"]}]}, {"location": {"country_code": "us", "region": "Texas"}, "game_id": "273486", "values": [{"date": "2023-04-17-03-00-00", "alternatives": ["2", "2", "28"]}, {"date": "2023-04-17-03-00-00", "alternatives": ["2", "2", "28"]}, {"date": "2023-04-17-03-00-00", "alternatives": ["2", "2", "28"]}]}, {"location": {"country_code": "fr"}, "game_id": "273486", "values": [{"date": "2023-04-17-19-00-00", "alternatives": ["39", "39", "395"]}]}, {"location": {"country_code": "us", "region": "California"}, "game_id": "273486", "values": [{"date": "2023-04-17-05-00-00", "alternatives": ["3", "3", "1"]}]}, {"location": {"country_code": "no"}, "game_id": "273486", "values": [{"date": "2023-04-17-23-00-00", "alternatives": ["35", "7", "35"]}]}, {"location": {"country_code": "es"}, "game_id": "273486", "values": [{"date": "2023-04-17-21-00-00", "alternatives": [7, 1, 1, 1]}, {"date": "2023-04-17-21-00-00", "alternatives": [7, 1, 1, 1]}]}, {"location": {"country_code": "us", "region": "Texas", "city": "Houston"}, "game_id": "273486", "values": [{"date": "2023-04-17-23-00-00", "alternatives": ["0", "50", "00"]}]}, {"location": {"country_code": "pe"}, "game_id": "273486", "values": [{"date": "2023-04-18-01-00-00", "alternatives": [29, 199, 129, 129, 129]}, {"date": "2023-04-18-01-00-00", "alternatives": [29, 199, 129, 129, 129]}]}, {"location": {"country_code": "ua"}, "game_id": "273486", "values": [{"date": "2023-04-17-02-00-00", "alternatives": ["90", "0", "90"]}]}, {"location": {"country_code": "ca", "region": "Ontario", "city": "Toronto"}, "game_id": "273486", "values": [{"date": "2023-04-18-00-00-00", "alternatives": ["3", "3", "0"]}, {"date": "2023-04-18-00-00-00", "alternatives": ["3", "3", "0"]}]}, {"location": {"country_code": "us", "region": "Oklahoma"}, "game_id": "273486", "values": [{"date": "2023-04-17-09-00-00", "alternatives": [70, 2, 70, 70]}, {"date": "2023-04-17-09-00-00", "alternatives": [70, 2, 70, 70]}, {"date": "2023-04-17-09-00-00", "alternatives": [70, 2, 70, 70]}, {"date": "2023-04-17-09-00-00", "alternatives": [70, 2, 70, 70]}, {"date": "2023-04-17-09-00-00", "alternatives": [70, 2, 70, 70]}, {"date": "2023-04-17-09-00-00", "alternatives": [70, 2, 70, 70]}, {"date": "2023-04-17-09-00-00", "alternatives": [70, 2, 70, 70]}]}, {"location": {"country_code": "us", "region": "Arizona", "city": "Tempe"}, "game_id": "273486", "values": [{"date": "2023-04-17-08-00-00", "alternatives": ["1", "8", "8"]}]}, {"location": {"country_code": "us", "region": "California", "city": "Delano"}, "game_id": "273486", "values": [{"date": "2023-04-17-09-00-00", "alternatives": ["31", "31", "3"]}, {"date": "2023-04-17-09-00-00", "alternatives": ["31", "31", "3"]}, {"date": "2023-04-17-09-00-00", "alternatives": ["31", "31", "3"]}]}], "last_updated": 1719918486.586801}