{"data": [{"location": {"country_code": "us"}, "game_id": "273486", "values": [{"date": "2023-04-10-23-00-00", "alternatives": ["62", "2", "2"]}, {"date": "2023-04-10-23-00-00", "alternatives": ["62", "2", "2"]}, {"date": "2023-04-10-23-00-00", "alternatives": ["62", "2", "2"]}, {"date": "2023-04-10-23-00-00", "alternatives": ["62", "2", "2"]}, {"date": "2023-04-10-23-00-00", "alternatives": ["62", "2", "2"]}, {"date": "2023-04-10-23-00-00", "alternatives": ["62", "2", "2"]}, {"date": "2023-04-10-23-00-00", "alternatives": ["62", "2", "2"]}, {"date": "2023-04-10-23-00-00", "alternatives": ["62", "2", "2"]}, {"date": "2023-04-10-23-00-00", "alternatives": ["62", "2", "2"]}, {"date": "2023-04-10-23-00-00", "alternatives": ["62", "2", "2"]}, {"date": "2023-04-10-23-00-00", "alternatives": ["62", "2", "2"]}, {"date": "2023-04-10-23-00-00", "alternatives": ["62", "2", "2"]}, {"date": "2023-04-10-23-00-00", "alternatives": ["62", "2", "2"]}, {"date": "2023-04-10-23-00-00", "alternatives": ["62", "2", "2"]}, {"date": "2023-04-10-23-00-00", "alternatives": ["62", "2", "2"]}, {"date": "2023-04-10-23-00-00", "alternatives": ["62", "2", "2"]}, {"date": "2023-04-10-23-00-00", "alternatives": ["62", "2", "2"]}, {"date": "2023-04-10-23-00-00", "alternatives": ["62", "2", "2"]}, {"date": "2023-04-10-23-00-00", "alternatives": ["62", "2", "2"]}, {"date": "2023-04-11-01-00-00", "alternatives": ["54", "54", "4"]}, {"date": "2023-04-10-03-00-00", "alternatives": ["94", "84", "84"]}, {"date": "2023-04-10-03-00-00", "alternatives": ["94", "84", "84"]}, {"date": "2023-04-10-03-00-00", "alternatives": ["94", "84", "84"]}, {"date": "2023-04-10-03-00-00", "alternatives": ["94", "84", "84"]}, {"date": "2023-04-10-03-00-00", "alternatives": ["94", "84", "84"]}, {"date": "2023-04-10-03-00-00", "alternatives": ["94", "84", "84"]}, {"date": "2023-04-10-03-00-00", "alternatives": ["94", "84", "84"]}, {"date": "2023-04-10-03-00-00", "alternatives": ["94", "84", "84"]}, {"date": "2023-04-10-03-00-00", "alternatives": ["94", "84", "84"]}, {"date": "2023-04-11-02-00-00", "alternatives": ["37", "371", "37"]}, {"date": "2023-04-11-02-00-00", "alternatives": ["37", "371", "37"]}, {"date": "2023-04-10-06-00-00", "alternatives": ["67", "7", "7"]}, {"date": "2023-04-10-06-00-00", "alternatives": ["67", "7", "7"]}, {"date": "2023-04-10-06-00-00", "alternatives": ["67", "7", "7"]}, {"date": "2023-04-10-06-00-00", "alternatives": ["67", "7", "7"]}, {"date": "2023-04-10-06-00-00", "alternatives": ["67", "7", "7"]}, {"date": "2023-04-10-06-00-00", "alternatives": ["67", "7", "7"]}, {"date": "2023-04-10-06-00-00", "alternatives": ["67", "7", "7"]}, {"date": "2023-04-10-06-00-00", "alternatives": ["67", "7", "7"]}, {"date": "2023-04-10-06-00-00", "alternatives": ["67", "7", "7"]}]}, {"location": {"country_code": "gb"}, "game_id": "273486", "values": [{"date": "2023-04-10-03-00-00", "alternatives": ["52", "622", "52"]}, {"date": "2023-04-10-03-00-00", "alternatives": ["52", "622", "52"]}, {"date": "2023-04-10-03-00-00", "alternatives": ["52", "622", "52"]}, {"date": "2023-04-10-03-00-00", "alternatives": ["52", "622", "52"]}, {"date": "2023-04-10-03-00-00", "alternatives": ["52", "622", "52"]}]}, {"location": {"country_code": "gr"}, "game_id": "273486", "values": [{"date": "2023-04-10-12-00-00", "alternatives": ["91", "81", "81"]}, {"date": "2023-04-10-12-00-00", "alternatives": ["91", "81", "81"]}, {"date": "2023-04-10-12-00-00", "alternatives": ["91", "81", "81"]}, {"date": "2023-04-10-12-00-00", "alternatives": ["91", "81", "81"]}, {"date": "2023-04-10-12-00-00", "alternatives": ["91", "81", "81"]}, {"date": "2023-04-10-12-00-00", "alternatives": ["91", "81", "81"]}, {"date": "2023-04-10-12-00-00", "alternatives": ["91", "81", "81"]}, {"date": "2023-04-10-12-00-00", "alternatives": ["91", "81", "81"]}, {"date": "2023-04-10-12-00-00", "alternatives": ["91", "81", "81"]}, {"date": "2023-04-10-12-00-00", "alternatives": ["91", "81", "81"]}, {"date": "2023-04-10-12-00-00", "alternatives": ["91", "81", "81"]}, {"date": "2023-04-10-12-00-00", "alternatives": ["91", "81", "81"]}, {"date": "2023-04-10-12-00-00", "alternatives": ["91", "81", "81"]}, {"date": "2023-04-10-12-00-00", "alternatives": ["91", "81", "81"]}, {"date": "2023-04-10-12-00-00", "alternatives": ["91", "81", "81"]}, {"date": "2023-04-10-12-00-00", "alternatives": ["91", "81", "81"]}, {"date": "2023-04-10-12-00-00", "alternatives": ["91", "81", "81"]}, {"date": "2023-04-10-12-00-00", "alternatives": ["91", "81", "81"]}, {"date": "2023-04-10-12-00-00", "alternatives": ["91", "81", "81"]}, {"date": "2023-04-10-12-00-00", "alternatives": ["91", "81", "81"]}, {"date": "2023-04-10-12-00-00", "alternatives": ["91", "81", "81"]}, {"date": "2023-04-10-12-00-00", "alternatives": ["91", "81", "81"]}, {"date": "2023-04-10-12-00-00", "alternatives": ["91", "81", "81"]}, {"date": "2023-04-10-12-00-00", "alternatives": ["91", "81", "81"]}, {"date": "2023-04-10-12-00-00", "alternatives": ["91", "81", "81"]}]}, {"location": {"country_code": "de"}, "game_id": "273486", "values": [{"date": "2023-04-10-23-00-00", "alternatives": ["27", "27", "7"]}, {"date": "2023-04-10-23-00-00", "alternatives": ["27", "27", "7"]}, {"date": "2023-04-10-23-00-00", "alternatives": ["27", "27", "7"]}, {"date": "2023-04-10-23-00-00", "alternatives": ["27", "27", "7"]}, {"date": "2023-04-10-23-00-00", "alternatives": ["27", "27", "7"]}, {"date": "2023-04-10-23-00-00", "alternatives": ["27", "27", "7"]}, {"date": "2023-04-10-23-00-00", "alternatives": ["27", "27", "7"]}, {"date": "2023-04-10-23-00-00", "alternatives": ["27", "27", "7"]}, {"date": "2023-04-10-23-00-00", "alternatives": ["27", "27", "7"]}, {"date": "2023-04-10-23-00-00", "alternatives": ["27", "27", "7"]}, {"date": "2023-04-11-02-00-00", "alternatives": ["25", "25", "26"]}, {"date": "2023-04-11-01-00-00", "alternatives": ["25", "25", "2"]}, {"date": "2023-04-11-01-00-00", "alternatives": ["25", "25", "2"]}, {"date": "2023-04-11-01-00-00", "alternatives": ["25", "25", "2"]}, {"date": "2023-04-11-01-00-00", "alternatives": ["25", "25", "2"]}, {"date": "2023-04-11-01-00-00", "alternatives": ["25", "25", "2"]}, {"date": "2023-04-11-01-00-00", "alternatives": ["25", "25", "2"]}]}, {"location": {"country_code": "us", "region": "South Carolina", "city": "Sumter"}, "game_id": "273486", "values": [{"date": "2023-04-10-09-00-00", "alternatives": [0, 0, 0]}, {"date": "2023-04-10-09-00-00", "alternatives": [0, 0, 0]}, {"date": "2023-04-10-09-00-00", "alternatives": [0, 0, 0]}, {"date": "2023-04-10-09-00-00", "alternatives": [0, 0, 0]}]}, {"location": {"country_code": "gb", "region": "England"}, "game_id": "273486", "values": [{"date": "2023-04-10-21-00-00", "alternatives": ["53", "531", "53"]}, {"date": "2023-04-10-21-00-00", "alternatives": ["53", "531", "53"]}, {"date": "2023-04-10-21-00-00", "alternatives": ["53", "531", "53"]}, {"date": "2023-04-10-21-00-00", "alternatives": ["53", "531", "53"]}, {"date": "2023-04-10-21-00-00", "alternatives": ["53", "531", "53"]}, {"date": "2023-04-10-21-00-00", "alternatives": ["53", "531", "53"]}, {"date": "2023-04-10-17-00-00", "alternatives": ["37", "37", "3"]}, {"date": "2023-04-10-17-00-00", "alternatives": ["37", "37", "3"]}, {"date": "2023-04-10-17-00-00", "alternatives": ["37", "37", "3"]}, {"date": "2023-04-10-17-00-00", "alternatives": ["37", "37", "3"]}, {"date": "2023-04-10-17-00-00", "alternatives": ["37", "37", "3"]}]}, {"location": {"country_code": "us", "region": "Texas"}, "game_id": "273486", "values": [{"date": "2023-04-10-20-00-00", "alternatives": ["135", "35", "35"]}, {"date": "2023-04-10-04-00-00", "alternatives": ["62", "62", "2"]}, {"date": "2023-04-10-04-00-00", "alternatives": ["62", "62", "2"]}, {"date": "2023-04-10-04-00-00", "alternatives": ["62", "62", "2"]}, {"date": "2023-04-10-04-00-00", "alternatives": ["62", "62", "2"]}, {"date": "2023-04-10-04-00-00", "alternatives": ["62", "62", "2"]}, {"date": "2023-04-10-04-00-00", "alternatives": ["62", "62", "2"]}, {"date": "2023-04-10-04-00-00", "alternatives": ["62", "62", "2"]}, {"date": "2023-04-10-04-00-00", "alternatives": ["62", "62", "2"]}, {"date": "2023-04-10-04-00-00", "alternatives": ["62", "62", "2"]}, {"date": "2023-04-10-04-00-00", "alternatives": ["62", "62", "2"]}, {"date": "2023-04-10-04-00-00", "alternatives": ["62", "62", "2"]}]}, {"location": {"country_code": "us", "region": "California"}, "game_id": "273486", "values": [{"date": "2023-04-10-06-00-00", "alternatives": ["64", "64", "4"]}, {"date": "2023-04-10-06-00-00", "alternatives": ["64", "64", "4"]}, {"date": "2023-04-10-06-00-00", "alternatives": ["64", "64", "4"]}, {"date": "2023-04-10-06-00-00", "alternatives": ["64", "64", "4"]}, {"date": "2023-04-10-06-00-00", "alternatives": ["64", "64", "4"]}, {"date": "2023-04-10-06-00-00", "alternatives": ["64", "64", "4"]}, {"date": "2023-04-10-06-00-00", "alternatives": ["64", "64", "4"]}, {"date": "2023-04-10-06-00-00", "alternatives": ["64", "64", "4"]}, {"date": "2023-04-10-06-00-00", "alternatives": ["64", "64", "4"]}]}, {"location": {"country_code": "br"}, "game_id": "273486", "values": [{"date": "2023-04-11-00-00-00", "alternatives": ["22", "32", "32"]}, {"date": "2023-04-11-00-00-00", "alternatives": ["22", "32", "32"]}, {"date": "2023-04-11-00-00-00", "alternatives": ["22", "32", "32"]}, {"date": "2023-04-11-00-00-00", "alternatives": ["22", "32", "32"]}, {"date": "2023-04-11-00-00-00", "alternatives": ["22", "32", "32"]}]}, {"location": {"country_code": "se"}, "game_id": "273486", "values": [{"date": "2023-04-10-22-00-00", "alternatives": ["30", "30", "3"]}, {"date": "2023-04-10-22-00-00", "alternatives": ["30", "30", "3"]}]}, {"location": {"country_code": "no"}, "game_id": "273486", "values": [{"date": "2023-04-10-15-00-00", "alternatives": ["35", "35", "3"]}, {"date": "2023-04-10-15-00-00", "alternatives": ["35", "35", "3"]}, {"date": "2023-04-10-15-00-00", "alternatives": ["35", "35", "3"]}, {"date": "2023-04-10-15-00-00", "alternatives": ["35", "35", "3"]}, {"date": "2023-04-10-15-00-00", "alternatives": ["35", "35", "3"]}]}, {"location": {"country_code": "us", "region": "Iowa"}, "game_id": "273486", "values": [{"date": "2023-04-10-04-00-00", "alternatives": ["39", "739", "39"]}, {"date": "2023-04-10-04-00-00", "alternatives": ["39", "739", "39"]}]}, {"location": {"country_code": "us", "region": "Pennsylvania", "city": "Philadelphia"}, "game_id": "273486", "values": [{"date": "2023-04-10-21-00-00", "alternatives": ["39", "3", "39"]}, {"date": "2023-04-10-21-00-00", "alternatives": ["39", "3", "39"]}]}, {"location": {"country_code": "sa"}, "game_id": "273486", "values": [{"date": "2023-04-11-02-00-00", "alternatives": ["113", "8", "113"]}]}, {"location": {"country_code": "us", "region": "Texas", "city": "Houston"}, "game_id": "273486", "values": [{"date": "2023-04-10-21-00-00", "alternatives": ["43", "43", "42"]}, {"date": "2023-04-10-21-00-00", "alternatives": ["43", "43", "42"]}, {"date": "2023-04-10-21-00-00", "alternatives": ["43", "43", "42"]}, {"date": "2023-04-10-21-00-00", "alternatives": ["43", "43", "42"]}, {"date": "2023-04-10-21-00-00", "alternatives": ["43", "43", "42"]}, {"date": "2023-04-10-21-00-00", "alternatives": ["43", "43", "42"]}]}, {"location": {"country_code": "pe"}, "game_id": "273486", "values": [{"date": "2023-04-10-02-00-00", "alternatives": ["6", "129", "129"]}]}, {"location": {"country_code": "ua"}, "game_id": "273486", "values": [{"date": "2023-04-11-02-00-00", "alternatives": ["19", "1", "19"]}, {"date": "2023-04-11-02-00-00", "alternatives": ["19", "1", "19"]}, {"date": "2023-04-11-02-00-00", "alternatives": ["19", "1", "19"]}, {"date": "2023-04-11-02-00-00", "alternatives": ["19", "1", "19"]}, {"date": "2023-04-11-02-00-00", "alternatives": ["19", "1", "19"]}]}, {"location": {"country_code": "ca", "region": "Ontario", "city": "Toronto"}, "game_id": "273486", "values": [{"date": "2023-04-11-00-00-00", "alternatives": ["114", "114", "4"]}, {"date": "2023-04-11-00-00-00", "alternatives": ["114", "114", "4"]}, {"date": "2023-04-11-00-00-00", "alternatives": ["114", "114", "4"]}, {"date": "2023-04-11-00-00-00", "alternatives": ["114", "114", "4"]}, {"date": "2023-04-11-00-00-00", "alternatives": ["114", "114", "4"]}, {"date": "2023-04-11-00-00-00", "alternatives": ["114", "114", "4"]}, {"date": "2023-04-11-00-00-00", "alternatives": ["114", "114", "4"]}, {"date": "2023-04-11-00-00-00", "alternatives": ["114", "114", "4"]}, {"date": "2023-04-11-00-00-00", "alternatives": ["114", "114", "4"]}]}, {"location": {"country_code": "us", "region": "Oklahoma"}, "game_id": "273486", "values": [{"date": "2023-04-10-08-00-00", "alternatives": [70, 0, 70, 70]}, {"date": "2023-04-10-08-00-00", "alternatives": [70, 0, 70, 70]}]}, {"location": {"country_code": "us", "region": "Kentucky"}, "game_id": "273486", "values": [{"date": "2023-04-11-01-00-00", "alternatives": ["12", "12", "128"]}, {"date": "2023-04-11-01-00-00", "alternatives": ["12", "12", "128"]}]}, {"location": {"country_code": "us", "region": "Nebraska"}, "game_id": "273486", "values": [{"date": "2023-04-10-13-00-00", "alternatives": ["7", "70", "70"]}]}, {"location": {"country_code": "de", "region": "Bremen", "city": "Bremen"}, "game_id": "273486", "values": [{"date": "2023-04-10-05-00-00", "alternatives": ["105", "105", "135"]}, {"date": "2023-04-10-05-00-00", "alternatives": ["105", "105", "135"]}, {"date": "2023-04-10-05-00-00", "alternatives": ["105", "105", "135"]}, {"date": "2023-04-10-05-00-00", "alternatives": ["105", "105", "135"]}, {"date": "2023-04-10-05-00-00", "alternatives": ["105", "105", "135"]}]}, {"location": {"country_code": "de", "region": "Hesse", "city": "Frankfurt"}, "game_id": "273486", "values": [{"date": "2023-04-10-04-00-00", "alternatives": [0, 66, 66, 66]}, {"date": "2023-04-10-04-00-00", "alternatives": [0, 66, 66, 66]}, {"date": "2023-04-10-04-00-00", "alternatives": [0, 66, 66, 66]}, {"date": "2023-04-10-04-00-00", "alternatives": [0, 66, 66, 66]}, {"date": "2023-04-10-04-00-00", "alternatives": [0, 66, 66, 66]}, {"date": "2023-04-10-04-00-00", "alternatives": [0, 66, 66, 66]}, {"date": "2023-04-10-04-00-00", "alternatives": [0, 66, 66, 66]}, {"date": "2023-04-10-04-00-00", "alternatives": [0, 66, 66, 66]}, {"date": "2023-04-10-04-00-00", "alternatives": [0, 66, 66, 66]}]}, {"location": {"country_code": "sy"}, "game_id": "273486", "values": [{"date": "2023-04-10-19-00-00", "alternatives": ["58", "38", "38"]}]}, {"location": {"country_code": "ca", "region": "Alberta", "city": "Calgary"}, "game_id": "273486", "values": [{"date": "2023-04-10-03-00-00", "alternatives": ["50", "50", "30"]}]}, {"location": {"country_code": "bb"}, "game_id": "273486", "values": [{"date": "2023-04-10-11-00-00", "alternatives": ["99", "66", "99"]}, {"date": "2023-04-10-11-00-00", "alternatives": ["99", "66", "99"]}, {"date": "2023-04-10-11-00-00", "alternatives": ["99", "66", "99"]}, {"date": "2023-04-10-11-00-00", "alternatives": ["99", "66", "99"]}]}, {"location": {"country_code": "ca", "region": "British Columbia", "city": "Victoria"}, "game_id": "273486", "values": [{"date": "2023-04-10-09-00-00", "alternatives": ["19", "19", "39"]}]}, {"location": {"country_code": "br", "region": "Sao Paulo", "city": "Peruibe"}, "game_id": "273486", "values": [{"date": "2023-04-10-03-00-00", "alternatives": ["35", "183", "35"]}, {"date": "2023-04-10-03-00-00", "alternatives": ["35", "183", "35"]}, {"date": "2023-04-10-03-00-00", "alternatives": ["35", "183", "35"]}]}, {"location": {"country_code": "fr", "region": "Centre-Val de Loire", "city": "Bourges"}, "game_id": "273486", "values": [{"date": "2023-04-10-21-00-00", "alternatives": ["36", "35", "36"]}, {"date": "2023-04-10-21-00-00", "alternatives": ["36", "35", "36"]}, {"date": "2023-04-10-21-00-00", "alternatives": ["36", "35", "36"]}, {"date": "2023-04-10-21-00-00", "alternatives": ["36", "35", "36"]}]}, {"location": {"country_code": "to"}, "game_id": "273486", "values": [{"date": "2023-04-10-10-00-00", "alternatives": ["41", "41", "471"]}, {"date": "2023-04-10-10-00-00", "alternatives": ["41", "41", "471"]}, {"date": "2023-04-10-10-00-00", "alternatives": ["41", "41", "471"]}, {"date": "2023-04-10-10-00-00", "alternatives": ["41", "41", "471"]}, {"date": "2023-04-10-10-00-00", "alternatives": ["41", "41", "471"]}, {"date": "2023-04-10-10-00-00", "alternatives": ["41", "41", "471"]}, {"date": "2023-04-10-10-00-00", "alternatives": ["41", "41", "471"]}, {"date": "2023-04-10-10-00-00", "alternatives": ["41", "41", "471"]}, {"date": "2023-04-10-10-00-00", "alternatives": ["41", "41", "471"]}, {"date": "2023-04-10-10-00-00", "alternatives": ["41", "41", "471"]}, {"date": "2023-04-10-10-00-00", "alternatives": ["41", "41", "471"]}, {"date": "2023-04-10-10-00-00", "alternatives": ["41", "41", "471"]}, {"date": "2023-04-10-10-00-00", "alternatives": ["41", "41", "471"]}, {"date": "2023-04-10-10-00-00", "alternatives": ["41", "41", "471"]}, {"date": "2023-04-10-10-00-00", "alternatives": ["41", "41", "471"]}, {"date": "2023-04-10-10-00-00", "alternatives": ["41", "41", "471"]}]}], "last_updated": 1719918486.744939}