{"data": [{"location": {"country_code": "tw"}, "game_id": "319965", "values": [{"date": "2022-10-25-18-00-00", "alternatives": [7, 72, 72, 72]}, {"date": "2022-10-25-18-00-00", "alternatives": [7, 72, 72, 72]}, {"date": "2022-10-25-18-00-00", "alternatives": [7, 72, 72, 72]}, {"date": "2022-10-25-18-00-00", "alternatives": [7, 72, 72, 72]}, {"date": "2022-10-25-18-00-00", "alternatives": [7, 72, 72, 72]}]}, {"location": {"country_code": "gb", "region": "England"}, "game_id": "319965", "values": [{"date": "2022-10-25-06-00-00", "alternatives": [1271, 127, 127, 127]}]}, {"location": {"country_code": "dk"}, "game_id": "319965", "values": [{"date": "2022-10-25-19-00-00", "alternatives": [2, 32, 302, 32, 32]}, {"date": "2022-10-25-19-00-00", "alternatives": [2, 32, 302, 32, 32]}]}, {"location": {"country_code": "jp", "region": "Tokyo"}, "game_id": "319965", "values": [{"date": "2022-10-25-15-00-00", "alternatives": [72, 2, 2, 2]}]}], "last_updated": 1719918470.276388}