{"data": [{"location": {"country_code": "us"}, "game_id": "762836", "values": [{"date": "2024-03-27-05-00-00", "latency": 10}, {"date": "2024-03-27-05-00-00", "latency": 2}, {"date": "2024-03-28-00-00-00", "latency": 1}, {"date": "2024-03-28-00-00-00", "latency": 1}, {"date": "2024-03-27-03-00-00", "latency": 4}, {"date": "2024-03-27-03-00-00", "latency": 9}, {"date": "2024-03-27-21-00-00", "latency": 11}, {"date": "2024-03-27-21-00-00", "latency": 11}, {"date": "2024-03-27-02-00-00", "latency": 0}]}, {"location": {"country_code": "de", "region": "Berlin", "city": "Berlin"}, "game_id": "762836", "values": [{"date": "2024-03-27-11-00-00", "latency": 1}, {"date": "2024-03-27-11-00-00", "latency": 1}, {"date": "2024-03-27-11-00-00", "latency": 1}, {"date": "2024-03-27-11-00-00", "latency": 1}, {"date": "2024-03-27-11-00-00", "latency": 1}]}, {"location": {"country_code": "gb"}, "game_id": "762836", "values": [{"date": "2024-03-27-21-00-00", "latency": 0}, {"date": "2024-03-28-00-00-00", "latency": 1}, {"date": "2024-03-27-14-00-00", "latency": 0}]}, {"location": {"country_code": "gb", "region": "England", "city": "Sheffield"}, "game_id": "762836", "values": [{"date": "2024-03-28-01-00-00", "latency": 1}]}, {"location": {"country_code": "it"}, "game_id": "762836", "values": [{"date": "2024-03-27-02-00-00", "latency": 0}]}, {"location": {"country_code": "ro"}, "game_id": "762836", "values": [{"date": "2024-03-27-21-00-00", "latency": 3}]}, {"location": {"country_code": "ca"}, "game_id": "762836", "values": [{"date": "2024-03-27-21-00-00", "latency": 42}, {"date": "2024-03-27-21-00-00", "latency": 42}, {"date": "2024-03-27-21-00-00", "latency": 42}, {"date": "2024-03-27-21-00-00", "latency": 42}, {"date": "2024-03-27-21-00-00", "latency": 42}, {"date": "2024-03-27-21-00-00", "latency": 42}]}, {"location": {"country_code": "ca", "region": "Alberta"}, "game_id": "762836", "values": [{"date": "2024-03-27-06-00-00", "latency": 25}]}, {"location": {"country_code": "de"}, "game_id": "762836", "values": [{"date": "2024-03-27-21-00-00", "latency": 9}, {"date": "2024-03-27-21-00-00", "latency": 9}, {"date": "2024-03-27-21-00-00", "latency": 9}, {"date": "2024-03-27-16-00-00", "latency": 14}, {"date": "2024-03-27-16-00-00", "latency": 14}, {"date": "2024-03-27-16-00-00", "latency": 14}]}, {"location": {"country_code": "tw"}, "game_id": "762836", "values": [{"date": "2024-03-27-15-00-00", "latency": 19}, {"date": "2024-03-27-15-00-00", "latency": 19}]}, {"location": {"country_code": "gb", "region": "England"}, "game_id": "762836", "values": [{"date": "2024-03-28-00-00-00", "latency": 47}, {"date": "2024-03-28-00-00-00", "latency": 47}, {"date": "2024-03-28-00-00-00", "latency": 47}, {"date": "2024-03-28-00-00-00", "latency": 47}, {"date": "2024-03-28-00-00-00", "latency": 47}, {"date": "2024-03-28-00-00-00", "latency": 47}, {"date": "2024-03-28-00-00-00", "latency": 47}, {"date": "2024-03-28-00-00-00", "latency": 47}, {"date": "2024-03-28-00-00-00", "latency": 47}, {"date": "2024-03-28-00-00-00", "latency": 47}, {"date": "2024-03-28-00-00-00", "latency": 47}, {"date": "2024-03-28-00-00-00", "latency": 47}]}, {"location": {"country_code": "us", "region": "Florida"}, "game_id": "762836", "values": [{"date": "2024-03-27-09-00-00", "latency": 40}, {"date": "2024-03-27-09-00-00", "latency": 40}, {"date": "2024-03-27-09-00-00", "latency": 40}, {"date": "2024-03-27-09-00-00", "latency": 40}]}, {"location": {"country_code": "br", "region": "Minas Gerais", "city": "Betim"}, "game_id": "762836", "values": [{"date": "2024-03-27-17-00-00", "latency": 1}]}, {"location": {"country_code": "mx"}, "game_id": "762836", "values": [{"date": "2024-03-27-03-00-00", "latency": 56}, {"date": "2024-03-27-03-00-00", "latency": 56}, {"date": "2024-03-27-03-00-00", "latency": 32}]}, {"location": {"country_code": "us", "region": "Ohio"}, "game_id": "762836", "values": [{"date": "2024-03-27-03-00-00", "latency": 6}, {"date": "2024-03-27-03-00-00", "latency": 6}, {"date": "2024-03-27-03-00-00", "latency": 6}, {"date": "2024-03-27-03-00-00", "latency": 6}, {"date": "2024-03-27-03-00-00", "latency": 6}]}, {"location": {"country_code": "br"}, "game_id": "762836", "values": [{"date": "2024-03-27-02-00-00", "latency": 18}, {"date": "2024-03-27-02-00-00", "latency": 18}, {"date": "2024-03-27-02-00-00", "latency": 18}, {"date": "2024-03-27-02-00-00", "latency": 18}, {"date": "2024-03-27-01-00-00", "latency": 0}]}, {"location": {"country_code": "no"}, "game_id": "762836", "values": [{"date": "2024-03-27-19-00-00", "latency": 0}]}, {"location": {"country_code": "au"}, "game_id": "762836", "values": [{"date": "2024-03-27-10-00-00", "latency": 1}, {"date": "2024-03-27-10-00-00", "latency": 2}, {"date": "2024-03-27-08-00-00", "latency": 61}]}, {"location": {"country_code": "es"}, "game_id": "762836", "values": [{"date": "2024-03-27-21-00-00", "latency": 58}]}, {"location": {"country_code": "sa"}, "game_id": "762836", "values": [{"date": "2024-03-27-23-00-00", "latency": 80}, {"date": "2024-03-27-23-00-00", "latency": 80}, {"date": "2024-03-27-23-00-00", "latency": 80}]}, {"location": {"country_code": "ar"}, "game_id": "762836", "values": [{"date": "2024-03-27-05-00-00", "latency": 20}, {"date": "2024-03-27-05-00-00", "latency": 20}, {"date": "2024-03-27-05-00-00", "latency": 20}]}, {"location": {"country_code": "us", "region": "Hawaii"}, "game_id": "762836", "values": [{"date": "2024-03-27-10-00-00", "latency": 50}]}, {"location": {"country_code": "us", "region": "Alaska"}, "game_id": "762836", "values": [{"date": "2024-03-27-07-00-00", "latency": 115}, {"date": "2024-03-27-07-00-00", "latency": 115}, {"date": "2024-03-27-07-00-00", "latency": 115}, {"date": "2024-03-27-07-00-00", "latency": 115}, {"date": "2024-03-27-05-00-00", "latency": 43}, {"date": "2024-03-27-05-00-00", "latency": 43}, {"date": "2024-03-27-05-00-00", "latency": 43}, {"date": "2024-03-27-05-00-00", "latency": 43}]}, {"location": {"country_code": "us", "region": "Utah", "city": "Murray"}, "game_id": "762836", "values": [{"date": "2024-03-28-00-00-00", "latency": 1}]}, {"location": {"country_code": "pl"}, "game_id": "762836", "values": [{"date": "2024-03-27-21-00-00", "latency": 3}]}, {"location": {"country_code": "be"}, "game_id": "762836", "values": [{"date": "2024-03-27-23-00-00", "latency": 9}]}, {"location": {"country_code": "gb", "region": "England", "city": "London"}, "game_id": "762836", "values": [{"date": "2024-03-27-06-00-00", "latency": 44}, {"date": "2024-03-27-06-00-00", "latency": 44}, {"date": "2024-03-27-06-00-00", "latency": 44}, {"date": "2024-03-27-06-00-00", "latency": 44}]}, {"location": {"country_code": "us", "region": "Wisconsin"}, "game_id": "762836", "values": [{"date": "2024-03-28-01-00-00", "latency": 12}]}, {"location": {"country_code": "us", "region": "Pennsylvania"}, "game_id": "762836", "values": [{"date": "2024-03-27-05-00-00", "latency": 17}]}, {"location": {"country_code": "pt"}, "game_id": "762836", "values": [{"date": "2024-03-27-17-00-00", "latency": 4}]}, {"location": {"country_code": "us", "region": "Nebraska"}, "game_id": "762836", "values": [{"date": "2024-03-27-03-00-00", "latency": 9}]}, {"location": {"country_code": "hr"}, "game_id": "762836", "values": [{"date": "2024-03-27-16-00-00", "latency": 7}]}, {"location": {"country_code": "us", "region": "Texas", "city": "Irving"}, "game_id": "762836", "values": [{"date": "2024-03-27-07-00-00", "latency": 20}, {"date": "2024-03-27-07-00-00", "latency": 20}, {"date": "2024-03-27-07-00-00", "latency": 20}]}, {"location": {"country_code": "br", "region": "Minas Gerais", "city": "Ituiutaba"}, "game_id": "762836", "values": [{"date": "2024-03-27-22-00-00", "latency": 9}, {"date": "2024-03-27-22-00-00", "latency": 9}, {"date": "2024-03-27-22-00-00", "latency": 9}, {"date": "2024-03-27-22-00-00", "latency": 9}, {"date": "2024-03-27-22-00-00", "latency": 9}, {"date": "2024-03-27-22-00-00", "latency": 9}, {"date": "2024-03-27-22-00-00", "latency": 9}, {"date": "2024-03-27-22-00-00", "latency": 9}, {"date": "2024-03-27-22-00-00", "latency": 9}, {"date": "2024-03-27-22-00-00", "latency": 9}]}, {"location": {"country_code": "br", "region": "Sao Paulo", "city": "Varzea Paulista"}, "game_id": "762836", "values": [{"date": "2024-03-27-22-00-00", "latency": 27}, {"date": "2024-03-27-22-00-00", "latency": 27}, {"date": "2024-03-27-22-00-00", "latency": 27}, {"date": "2024-03-27-22-00-00", "latency": 27}]}, {"location": {"country_code": "us", "region": "Ohio", "city": "Columbus"}, "game_id": "762836", "values": [{"date": "2024-03-28-01-00-00", "latency": 17}, {"date": "2024-03-28-01-00-00", "latency": 17}, {"date": "2024-03-28-01-00-00", "latency": 17}, {"date": "2024-03-28-01-00-00", "latency": 17}, {"date": "2024-03-28-01-00-00", "latency": 17}, {"date": "2024-03-28-01-00-00", "latency": 17}, {"date": "2024-03-28-01-00-00", "latency": 17}, {"date": "2024-03-28-01-00-00", "latency": 17}, {"date": "2024-03-28-01-00-00", "latency": 17}, {"date": "2024-03-28-01-00-00", "latency": 17}]}, {"location": {"country_code": "ar", "region": "Entre Rios Province"}, "game_id": "762836", "values": [{"date": "2024-03-27-05-00-00", "latency": 2}, {"date": "2024-03-27-05-00-00", "latency": 2}, {"date": "2024-03-27-05-00-00", "latency": 2}]}, {"location": {"country_code": "ca", "region": "Ontario", "city": "Hamilton"}, "game_id": "762836", "values": [{"date": "2024-03-27-07-00-00", "latency": 23}, {"date": "2024-03-27-07-00-00", "latency": 23}]}, {"location": {"country_code": "us", "region": "California", "city": "Chino Hills"}, "game_id": "762836", "values": [{"date": "2024-03-27-06-00-00", "latency": 50}, {"date": "2024-03-27-06-00-00", "latency": 50}]}, {"location": {"country_code": "es", "region": "Andalusia", "city": "Ayamonte"}, "game_id": "762836", "values": [{"date": "2024-03-28-00-00-00", "latency": 0}]}, {"location": {"country_code": "sa", "region": "Mecca Region", "city": "Mecca"}, "game_id": "762836", "values": [{"date": "2024-03-27-15-00-00", "latency": 3}]}, {"location": {"country_code": "cl", "region": "Santiago Metropolitan", "city": "Macul"}, "game_id": "762836", "values": [{"date": "2024-03-27-04-00-00", "latency": 38}, {"date": "2024-03-27-04-00-00", "latency": 38}, {"date": "2024-03-27-04-00-00", "latency": 38}, {"date": "2024-03-27-04-00-00", "latency": 38}]}], "last_updated": 1719919364.925425}