{"data": [{"location": {"country_code": "us", "region": "Washington", "city": "Gig Harbor"}, "game_id": "614266", "values": [{"date": "2024-05-14-21-00-00", "latency": 83}, {"date": "2024-05-14-21-00-00", "latency": 83}, {"date": "2024-05-14-21-00-00", "latency": 83}, {"date": "2024-05-14-21-00-00", "latency": 83}, {"date": "2024-05-14-21-00-00", "latency": 83}, {"date": "2024-05-14-21-00-00", "latency": 83}, {"date": "2024-05-14-21-00-00", "latency": 83}, {"date": "2024-05-14-21-00-00", "latency": 83}]}], "last_updated": 1719919366.046226}