{"data": [{"location": {"country_code": "us"}, "game_id": "319965", "values": [{"date": "2021-08-12-04-00-00", "latency": 161}, {"date": "2021-08-12-04-00-00", "latency": 161}, {"date": "2021-08-12-04-00-00", "latency": 161}, {"date": "2021-08-12-04-00-00", "latency": 161}, {"date": "2021-08-12-04-00-00", "latency": 106}, {"date": "2021-08-12-04-00-00", "latency": 106}, {"date": "2021-08-12-04-00-00", "latency": 106}, {"date": "2021-08-12-04-00-00", "latency": 106}, {"date": "2021-08-12-06-00-00", "latency": 115}, {"date": "2021-08-12-06-00-00", "latency": 115}]}, {"location": {"country_code": "gb"}, "game_id": "319965", "values": [{"date": "2021-08-12-22-00-00", "latency": 143}]}, {"location": {"country_code": "gr"}, "game_id": "319965", "values": [{"date": "2021-08-13-00-00-00", "latency": 107}, {"date": "2021-08-13-00-00-00", "latency": 107}]}, {"location": {"country_code": "ca"}, "game_id": "319965", "values": [{"date": "2021-08-12-05-00-00", "latency": 71}]}, {"location": {"country_code": "mx"}, "game_id": "319965", "values": [{"date": "2021-08-12-08-00-00", "latency": 158}, {"date": "2021-08-12-08-00-00", "latency": 158}]}, {"location": {"country_code": "us", "region": "Ohio"}, "game_id": "319965", "values": [{"date": "2021-08-12-05-00-00", "latency": 79}, {"date": "2021-08-12-05-00-00", "latency": 79}, {"date": "2021-08-12-05-00-00", "latency": 79}, {"date": "2021-08-12-05-00-00", "latency": 79}]}, {"location": {"country_code": "tr"}, "game_id": "319965", "values": [{"date": "2021-08-12-06-00-00", "latency": 132}]}, {"location": {"country_code": "es", "region": "Madrid", "city": "Fuenlabrada"}, "game_id": "319965", "values": [{"date": "2021-08-12-19-00-00", "latency": 136}]}, {"location": {"country_code": "us", "region": "Alaska"}, "game_id": "319965", "values": [{"date": "2021-08-12-23-00-00", "latency": 62}, {"date": "2021-08-12-23-00-00", "latency": 62}]}, {"location": {"country_code": "tr", "region": "Marmara Bolgesi", "city": "Istanbul"}, "game_id": "319965", "values": [{"date": "2021-08-12-17-00-00", "latency": 172}]}, {"location": {"country_code": "fr", "region": "Alvernia-Rodano-Alpi", "city": "Lyon"}, "game_id": "319965", "values": [{"date": "2021-08-12-23-00-00", "latency": 189}]}, {"location": {"country_code": "ca", "region": "Quebec"}, "game_id": "319965", "values": [{"date": "2021-08-12-04-00-00", "latency": 221}]}, {"location": {"country_code": "gb", "region": "Scotland", "city": "Glasgow"}, "game_id": "319965", "values": [{"date": "2021-08-12-22-00-00", "latency": 130}, {"date": "2021-08-12-22-00-00", "latency": 130}, {"date": "2021-08-12-22-00-00", "latency": 130}, {"date": "2021-08-12-22-00-00", "latency": 130}, {"date": "2021-08-12-22-00-00", "latency": 130}]}, {"location": {"country_code": "gb", "region": "England", "city": "Sheffield"}, "game_id": "319965", "values": [{"date": "2021-08-13-00-00-00", "latency": 145}]}, {"location": {"country_code": "ca", "region": "Ontario", "city": "Oshawa"}, "game_id": "319965", "values": [{"date": "2021-08-12-05-00-00", "latency": 254}, {"date": "2021-08-12-05-00-00", "latency": 254}, {"date": "2021-08-12-05-00-00", "latency": 254}, {"date": "2021-08-12-05-00-00", "latency": 254}, {"date": "2021-08-12-05-00-00", "latency": 254}, {"date": "2021-08-12-05-00-00", "latency": 254}]}], "last_updated": 1719927614.249472}