{"data": [{"location": {"country_code": "de"}, "game_id": "319965", "values": [{"date": "2021-08-02-23-00-00", "latency": 73}]}, {"location": {"country_code": "br"}, "game_id": "319965", "values": [{"date": "2021-08-03-02-00-00", "latency": 190}]}, {"location": {"country_code": "au"}, "game_id": "319965", "values": [{"date": "2021-08-02-14-00-00", "latency": 255}]}, {"location": {"country_code": "us", "region": "California", "city": "San Francisco"}, "game_id": "319965", "values": [{"date": "2021-08-02-07-00-00", "latency": 90}, {"date": "2021-08-02-07-00-00", "latency": 90}]}, {"location": {"country_code": "ca", "region": "Ontario", "city": "Toronto"}, "game_id": "319965", "values": [{"date": "2021-08-02-05-00-00", "latency": 102}, {"date": "2021-08-02-05-00-00", "latency": 102}, {"date": "2021-08-02-05-00-00", "latency": 102}, {"date": "2021-08-02-05-00-00", "latency": 102}, {"date": "2021-08-02-05-00-00", "latency": 102}, {"date": "2021-08-02-05-00-00", "latency": 102}, {"date": "2021-08-02-05-00-00", "latency": 102}, {"date": "2021-08-02-05-00-00", "latency": 102}, {"date": "2021-08-02-05-00-00", "latency": 102}, {"date": "2021-08-02-05-00-00", "latency": 102}, {"date": "2021-08-02-05-00-00", "latency": 102}, {"date": "2021-08-02-05-00-00", "latency": 102}, {"date": "2021-08-02-05-00-00", "latency": 102}, {"date": "2021-08-02-05-00-00", "latency": 102}, {"date": "2021-08-02-05-00-00", "latency": 102}, {"date": "2021-08-02-05-00-00", "latency": 102}, {"date": "2021-08-02-05-00-00", "latency": 102}, {"date": "2021-08-02-05-00-00", "latency": 102}]}, {"location": {"country_code": "gb", "region": "England", "city": "Sheffield"}, "game_id": "319965", "values": [{"date": "2021-08-02-21-00-00", "latency": 137}, {"date": "2021-08-02-21-00-00", "latency": 137}, {"date": "2021-08-02-21-00-00", "latency": 137}]}, {"location": {"country_code": "sk", "region": "Trnava Region", "city": "Samorin"}, "game_id": "319965", "values": [{"date": "2021-08-02-23-00-00", "latency": 69}, {"date": "2021-08-02-23-00-00", "latency": 69}]}], "last_updated": 1719927614.851762}