{"data": [{"location": {"country_code": "us"}, "game_id": "762836", "values": [{"date": "2023-10-04-04-00-00", "latency": 106}, {"date": "2023-10-04-13-00-00", "latency": 83}, {"date": "2023-10-04-13-00-00", "latency": 83}, {"date": "2023-10-05-01-00-00", "latency": 149}, {"date": "2023-10-05-01-00-00", "latency": 149}, {"date": "2023-10-05-01-00-00", "latency": 149}, {"date": "2023-10-05-01-00-00", "latency": 149}, {"date": "2023-10-05-01-00-00", "latency": 149}, {"date": "2023-10-05-01-00-00", "latency": 149}, {"date": "2023-10-05-01-00-00", "latency": 149}, {"date": "2023-10-05-01-00-00", "latency": 149}, {"date": "2023-10-04-03-00-00", "latency": 57}, {"date": "2023-10-04-03-00-00", "latency": 57}, {"date": "2023-10-04-03-00-00", "latency": 57}, {"date": "2023-10-04-03-00-00", "latency": 57}, {"date": "2023-10-04-03-00-00", "latency": 57}, {"date": "2023-10-04-03-00-00", "latency": 57}, {"date": "2023-10-04-08-00-00", "latency": 28}, {"date": "2023-10-04-08-00-00", "latency": 28}, {"date": "2023-10-04-08-00-00", "latency": 28}, {"date": "2023-10-04-08-00-00", "latency": 28}, {"date": "2023-10-04-08-00-00", "latency": 28}, {"date": "2023-10-04-08-00-00", "latency": 28}, {"date": "2023-10-04-08-00-00", "latency": 28}, {"date": "2023-10-04-23-00-00", "latency": 115}, {"date": "2023-10-04-23-00-00", "latency": 115}]}, {"location": {"country_code": "us", "region": "Arizona", "city": "Phoenix"}, "game_id": "762836", "values": [{"date": "2023-10-04-05-00-00", "latency": 58}]}, {"location": {"country_code": "de", "region": "Berlin", "city": "Berlin"}, "game_id": "762836", "values": [{"date": "2023-10-04-23-00-00", "latency": 42}, {"date": "2023-10-04-23-00-00", "latency": 42}, {"date": "2023-10-04-23-00-00", "latency": 42}, {"date": "2023-10-04-23-00-00", "latency": 42}, {"date": "2023-10-04-18-00-00", "latency": 52}, {"date": "2023-10-04-18-00-00", "latency": 52}, {"date": "2023-10-04-18-00-00", "latency": 52}, {"date": "2023-10-04-18-00-00", "latency": 52}, {"date": "2023-10-04-18-00-00", "latency": 52}, {"date": "2023-10-04-18-00-00", "latency": 52}, {"date": "2023-10-04-18-00-00", "latency": 52}]}, {"location": {"country_code": "us", "region": "New York", "city": "Jamestown"}, "game_id": "762836", "values": [{"date": "2023-10-04-23-00-00", "latency": 74}]}, {"location": {"country_code": "it"}, "game_id": "762836", "values": [{"date": "2023-10-05-02-00-00", "latency": 57}, {"date": "2023-10-05-02-00-00", "latency": 57}, {"date": "2023-10-05-02-00-00", "latency": 57}, {"date": "2023-10-05-02-00-00", "latency": 57}, {"date": "2023-10-05-02-00-00", "latency": 57}, {"date": "2023-10-05-02-00-00", "latency": 57}, {"date": "2023-10-04-18-00-00", "latency": 61}, {"date": "2023-10-04-18-00-00", "latency": 61}, {"date": "2023-10-04-22-00-00", "latency": 63}, {"date": "2023-10-04-22-00-00", "latency": 63}, {"date": "2023-10-05-02-00-00", "latency": 53}, {"date": "2023-10-05-02-00-00", "latency": 53}, {"date": "2023-10-05-02-00-00", "latency": 53}, {"date": "2023-10-05-02-00-00", "latency": 53}, {"date": "2023-10-05-02-00-00", "latency": 53}, {"date": "2023-10-05-02-00-00", "latency": 53}, {"date": "2023-10-05-02-00-00", "latency": 53}, {"date": "2023-10-05-02-00-00", "latency": 53}, {"date": "2023-10-05-02-00-00", "latency": 53}, {"date": "2023-10-05-02-00-00", "latency": 53}, {"date": "2023-10-05-02-00-00", "latency": 53}, {"date": "2023-10-05-02-00-00", "latency": 53}, {"date": "2023-10-05-02-00-00", "latency": 53}, {"date": "2023-10-04-17-00-00", "latency": 51}, {"date": "2023-10-04-17-00-00", "latency": 51}, {"date": "2023-10-04-17-00-00", "latency": 51}, {"date": "2023-10-04-17-00-00", "latency": 51}, {"date": "2023-10-04-17-00-00", "latency": 51}, {"date": "2023-10-04-17-00-00", "latency": 51}, {"date": "2023-10-04-17-00-00", "latency": 51}, {"date": "2023-10-04-13-00-00", "latency": 42}]}, {"location": {"country_code": "ro"}, "game_id": "762836", "values": [{"date": "2023-10-04-20-00-00", "latency": 55}, {"date": "2023-10-04-20-00-00", "latency": 55}, {"date": "2023-10-04-20-00-00", "latency": 55}, {"date": "2023-10-04-20-00-00", "latency": 55}, {"date": "2023-10-04-20-00-00", "latency": 55}, {"date": "2023-10-04-20-00-00", "latency": 55}, {"date": "2023-10-04-20-00-00", "latency": 55}]}, {"location": {"country_code": "ca"}, "game_id": "762836", "values": [{"date": "2023-10-04-06-00-00", "latency": 47}, {"date": "2023-10-04-06-00-00", "latency": 47}, {"date": "2023-10-04-06-00-00", "latency": 47}, {"date": "2023-10-05-02-00-00", "latency": 72}, {"date": "2023-10-05-02-00-00", "latency": 72}, {"date": "2023-10-05-02-00-00", "latency": 72}, {"date": "2023-10-04-04-00-00", "latency": 79}, {"date": "2023-10-04-04-00-00", "latency": 79}, {"date": "2023-10-04-04-00-00", "latency": 79}, {"date": "2023-10-04-04-00-00", "latency": 79}, {"date": "2023-10-04-04-00-00", "latency": 79}, {"date": "2023-10-04-08-00-00", "latency": 90}, {"date": "2023-10-04-08-00-00", "latency": 90}, {"date": "2023-10-04-04-00-00", "latency": 95}, {"date": "2023-10-04-04-00-00", "latency": 95}, {"date": "2023-10-04-21-00-00", "latency": 44}]}, {"location": {"country_code": "ch"}, "game_id": "762836", "values": [{"date": "2023-10-04-21-00-00", "latency": 56}]}, {"location": {"country_code": "de"}, "game_id": "762836", "values": [{"date": "2023-10-04-16-00-00", "latency": 44}, {"date": "2023-10-04-21-00-00", "latency": 45}, {"date": "2023-10-04-21-00-00", "latency": 45}, {"date": "2023-10-04-21-00-00", "latency": 45}, {"date": "2023-10-04-21-00-00", "latency": 45}, {"date": "2023-10-04-21-00-00", "latency": 45}, {"date": "2023-10-05-00-00-00", "latency": 37}, {"date": "2023-10-05-00-00-00", "latency": 37}]}, {"location": {"country_code": "us", "region": "Indiana"}, "game_id": "762836", "values": [{"date": "2023-10-04-04-00-00", "latency": 44}, {"date": "2023-10-04-04-00-00", "latency": 44}]}, {"location": {"country_code": "gb", "region": "England"}, "game_id": "762836", "values": [{"date": "2023-10-04-12-00-00", "latency": 58}, {"date": "2023-10-04-12-00-00", "latency": 58}, {"date": "2023-10-04-12-00-00", "latency": 58}, {"date": "2023-10-04-12-00-00", "latency": 58}, {"date": "2023-10-04-12-00-00", "latency": 58}, {"date": "2023-10-04-12-00-00", "latency": 58}]}, {"location": {"country_code": "us", "region": "Texas"}, "game_id": "762836", "values": [{"date": "2023-10-04-08-00-00", "latency": 89}, {"date": "2023-10-04-08-00-00", "latency": 89}, {"date": "2023-10-04-08-00-00", "latency": 89}, {"date": "2023-10-04-23-00-00", "latency": 61}]}, {"location": {"country_code": "fr"}, "game_id": "762836", "values": [{"date": "2023-10-05-00-00-00", "latency": 62}, {"date": "2023-10-05-00-00-00", "latency": 62}]}, {"location": {"country_code": "mx"}, "game_id": "762836", "values": [{"date": "2023-10-04-09-00-00", "latency": 66}, {"date": "2023-10-04-09-00-00", "latency": 66}, {"date": "2023-10-04-09-00-00", "latency": 66}, {"date": "2023-10-04-09-00-00", "latency": 66}, {"date": "2023-10-04-09-00-00", "latency": 66}, {"date": "2023-10-04-09-00-00", "latency": 66}, {"date": "2023-10-04-09-00-00", "latency": 66}, {"date": "2023-10-04-09-00-00", "latency": 66}, {"date": "2023-10-04-09-00-00", "latency": 66}, {"date": "2023-10-04-09-00-00", "latency": 66}, {"date": "2023-10-04-09-00-00", "latency": 66}]}, {"location": {"country_code": "us", "region": "California"}, "game_id": "762836", "values": [{"date": "2023-10-04-02-00-00", "latency": 68}, {"date": "2023-10-04-02-00-00", "latency": 68}, {"date": "2023-10-04-07-00-00", "latency": 67}]}, {"location": {"country_code": "no"}, "game_id": "762836", "values": [{"date": "2023-10-04-21-00-00", "latency": 47}, {"date": "2023-10-04-21-00-00", "latency": 47}, {"date": "2023-10-04-21-00-00", "latency": 47}]}, {"location": {"country_code": "au"}, "game_id": "762836", "values": [{"date": "2023-10-04-16-00-00", "latency": 52}]}, {"location": {"country_code": "au", "region": "Victoria", "city": "Melbourne"}, "game_id": "762836", "values": [{"date": "2023-10-04-13-00-00", "latency": 46}]}, {"location": {"country_code": "es", "region": "Madrid", "city": "Parla"}, "game_id": "762836", "values": [{"date": "2023-10-04-14-00-00", "latency": 59}, {"date": "2023-10-04-14-00-00", "latency": 59}, {"date": "2023-10-05-02-00-00", "latency": 48}, {"date": "2023-10-05-02-00-00", "latency": 48}]}, {"location": {"country_code": "tr"}, "game_id": "762836", "values": [{"date": "2023-10-04-20-00-00", "latency": 82}]}, {"location": {"country_code": "ca", "region": "Ontario"}, "game_id": "762836", "values": [{"date": "2023-10-05-00-00-00", "latency": 112}, {"date": "2023-10-05-00-00-00", "latency": 112}, {"date": "2023-10-05-00-00-00", "latency": 112}]}, {"location": {"country_code": "es"}, "game_id": "762836", "values": [{"date": "2023-10-04-18-00-00", "latency": 116}, {"date": "2023-10-04-18-00-00", "latency": 116}, {"date": "2023-10-04-18-00-00", "latency": 116}, {"date": "2023-10-04-18-00-00", "latency": 116}, {"date": "2023-10-04-18-00-00", "latency": 116}, {"date": "2023-10-04-18-00-00", "latency": 116}, {"date": "2023-10-04-18-00-00", "latency": 116}, {"date": "2023-10-04-18-00-00", "latency": 116}, {"date": "2023-10-04-18-00-00", "latency": 116}, {"date": "2023-10-04-18-00-00", "latency": 116}, {"date": "2023-10-04-18-00-00", "latency": 116}, {"date": "2023-10-04-18-00-00", "latency": 116}, {"date": "2023-10-04-18-00-00", "latency": 116}, {"date": "2023-10-04-18-00-00", "latency": 116}, {"date": "2023-10-04-18-00-00", "latency": 116}, {"date": "2023-10-04-18-00-00", "latency": 116}, {"date": "2023-10-04-17-00-00", "latency": 59}, {"date": "2023-10-04-17-00-00", "latency": 59}, {"date": "2023-10-04-17-00-00", "latency": 59}]}, {"location": {"country_code": "sa"}, "game_id": "762836", "values": [{"date": "2023-10-04-15-00-00", "latency": 106}, {"date": "2023-10-04-15-00-00", "latency": 106}, {"date": "2023-10-04-15-00-00", "latency": 106}, {"date": "2023-10-04-15-00-00", "latency": 106}, {"date": "2023-10-04-15-00-00", "latency": 106}, {"date": "2023-10-04-15-00-00", "latency": 106}, {"date": "2023-10-04-15-00-00", "latency": 106}, {"date": "2023-10-04-15-00-00", "latency": 106}, {"date": "2023-10-04-15-00-00", "latency": 106}, {"date": "2023-10-04-15-00-00", "latency": 106}, {"date": "2023-10-04-15-00-00", "latency": 106}, {"date": "2023-10-04-15-00-00", "latency": 106}, {"date": "2023-10-04-15-00-00", "latency": 106}]}, {"location": {"country_code": "ar"}, "game_id": "762836", "values": [{"date": "2023-10-05-00-00-00", "latency": 51}, {"date": "2023-10-05-00-00-00", "latency": 51}, {"date": "2023-10-05-00-00-00", "latency": 51}, {"date": "2023-10-05-00-00-00", "latency": 51}, {"date": "2023-10-05-00-00-00", "latency": 51}, {"date": "2023-10-05-00-00-00", "latency": 51}, {"date": "2023-10-05-00-00-00", "latency": 51}, {"date": "2023-10-05-00-00-00", "latency": 51}, {"date": "2023-10-05-00-00-00", "latency": 51}, {"date": "2023-10-04-03-00-00", "latency": 91}, {"date": "2023-10-04-03-00-00", "latency": 91}, {"date": "2023-10-04-06-00-00", "latency": 51}]}, {"location": {"country_code": "tr", "region": "Ege Bolgesi", "city": "Izmir"}, "game_id": "762836", "values": [{"date": "2023-10-04-21-00-00", "latency": 162}]}, {"location": {"country_code": "us", "region": "Missouri"}, "game_id": "762836", "values": [{"date": "2023-10-04-03-00-00", "latency": 41}, {"date": "2023-10-04-03-00-00", "latency": 41}, {"date": "2023-10-04-03-00-00", "latency": 41}, {"date": "2023-10-04-03-00-00", "latency": 41}, {"date": "2023-10-04-03-00-00", "latency": 41}, {"date": "2023-10-04-03-00-00", "latency": 41}]}, {"location": {"country_code": "us", "region": "Michigan"}, "game_id": "762836", "values": [{"date": "2023-10-04-02-00-00", "latency": 62}]}, {"location": {"country_code": "de", "region": "Bavaria"}, "game_id": "762836", "values": [{"date": "2023-10-04-20-00-00", "latency": 53}]}, {"location": {"country_code": "at"}, "game_id": "762836", "values": [{"date": "2023-10-04-19-00-00", "latency": 48}, {"date": "2023-10-04-19-00-00", "latency": 48}, {"date": "2023-10-04-19-00-00", "latency": 48}, {"date": "2023-10-04-19-00-00", "latency": 100}, {"date": "2023-10-04-19-00-00", "latency": 100}, {"date": "2023-10-04-18-00-00", "latency": 50}, {"date": "2023-10-04-18-00-00", "latency": 50}, {"date": "2023-10-04-18-00-00", "latency": 50}, {"date": "2023-10-04-18-00-00", "latency": 50}, {"date": "2023-10-04-18-00-00", "latency": 50}]}, {"location": {"country_code": "be"}, "game_id": "762836", "values": [{"date": "2023-10-05-00-00-00", "latency": 34}, {"date": "2023-10-04-17-00-00", "latency": 46}, {"date": "2023-10-04-17-00-00", "latency": 46}, {"date": "2023-10-04-20-00-00", "latency": 38}]}, {"location": {"country_code": "co", "region": "El Valle", "city": "Cali"}, "game_id": "762836", "values": [{"date": "2023-10-04-04-00-00", "latency": 108}]}, {"location": {"country_code": "us", "region": "Alabama"}, "game_id": "762836", "values": [{"date": "2023-10-04-05-00-00", "latency": 61}, {"date": "2023-10-04-05-00-00", "latency": 61}, {"date": "2023-10-04-05-00-00", "latency": 61}, {"date": "2023-10-04-05-00-00", "latency": 61}, {"date": "2023-10-04-05-00-00", "latency": 61}, {"date": "2023-10-04-05-00-00", "latency": 61}]}, {"location": {"country_code": "fr", "region": "Borgogna-Franca Contea", "city": "Belfort"}, "game_id": "762836", "values": [{"date": "2023-10-04-13-00-00", "latency": 67}, {"date": "2023-10-04-13-00-00", "latency": 67}, {"date": "2023-10-04-13-00-00", "latency": 67}, {"date": "2023-10-04-13-00-00", "latency": 67}, {"date": "2023-10-04-13-00-00", "latency": 67}, {"date": "2023-10-04-13-00-00", "latency": 67}, {"date": "2023-10-04-13-00-00", "latency": 67}, {"date": "2023-10-04-13-00-00", "latency": 67}]}, {"location": {"country_code": "us", "region": "Washington", "city": "Seattle"}, "game_id": "762836", "values": [{"date": "2023-10-04-21-00-00", "latency": 71}, {"date": "2023-10-04-21-00-00", "latency": 71}, {"date": "2023-10-04-21-00-00", "latency": 71}, {"date": "2023-10-04-21-00-00", "latency": 71}]}, {"location": {"country_code": "it", "region": "Lazio", "city": "Rome"}, "game_id": "762836", "values": [{"date": "2023-10-04-09-00-00", "latency": 108}]}, {"location": {"country_code": "de", "region": "North Rhine-Westphalia"}, "game_id": "762836", "values": [{"date": "2023-10-04-18-00-00", "latency": 37}]}, {"location": {"country_code": "br", "region": "Sao Paulo", "city": "Varzea Paulista"}, "game_id": "762836", "values": [{"date": "2023-10-05-01-00-00", "latency": 232}, {"date": "2023-10-05-01-00-00", "latency": 232}, {"date": "2023-10-05-01-00-00", "latency": 232}, {"date": "2023-10-05-01-00-00", "latency": 232}, {"date": "2023-10-05-01-00-00", "latency": 232}, {"date": "2023-10-05-01-00-00", "latency": 232}]}, {"location": {"country_code": "de", "region": "Bavaria", "city": "Munich"}, "game_id": "762836", "values": [{"date": "2023-10-04-23-00-00", "latency": 66}]}, {"location": {"country_code": "us", "region": "New York", "city": "Buffalo"}, "game_id": "762836", "values": [{"date": "2023-10-04-04-00-00", "latency": 67}]}, {"location": {"country_code": "it", "region": "Veneto"}, "game_id": "762836", "values": [{"date": "2023-10-04-18-00-00", "latency": 62}, {"date": "2023-10-04-18-00-00", "latency": 62}, {"date": "2023-10-04-18-00-00", "latency": 62}, {"date": "2023-10-04-18-00-00", "latency": 62}, {"date": "2023-10-04-18-00-00", "latency": 62}, {"date": "2023-10-04-18-00-00", "latency": 62}, {"date": "2023-10-04-18-00-00", "latency": 62}]}, {"location": {"country_code": "mx", "region": "Chiapas"}, "game_id": "762836", "values": [{"date": "2023-10-04-06-00-00", "latency": 138}, {"date": "2023-10-04-06-00-00", "latency": 138}, {"date": "2023-10-04-06-00-00", "latency": 138}]}, {"location": {"country_code": "ch", "region": "Canton of Geneva", "city": "Geneva"}, "game_id": "762836", "values": [{"date": "2023-10-04-12-00-00", "latency": 55}]}, {"location": {"country_code": "ma"}, "game_id": "762836", "values": [{"date": "2023-10-04-20-00-00", "latency": 62}, {"date": "2023-10-04-21-00-00", "latency": 158}, {"date": "2023-10-04-21-00-00", "latency": 158}, {"date": "2023-10-04-21-00-00", "latency": 158}, {"date": "2023-10-04-21-00-00", "latency": 158}, {"date": "2023-10-04-21-00-00", "latency": 158}, {"date": "2023-10-04-21-00-00", "latency": 158}, {"date": "2023-10-04-21-00-00", "latency": 158}]}, {"location": {"country_code": "it", "region": "Campania", "city": "Giugliano in Campania"}, "game_id": "762836", "values": [{"date": "2023-10-04-12-00-00", "latency": 52}, {"date": "2023-10-04-12-00-00", "latency": 52}, {"date": "2023-10-04-12-00-00", "latency": 52}, {"date": "2023-10-04-12-00-00", "latency": 52}, {"date": "2023-10-04-12-00-00", "latency": 52}, {"date": "2023-10-04-12-00-00", "latency": 52}]}, {"location": {"country_code": "es", "region": "Andalusia", "city": "Ayamonte"}, "game_id": "762836", "values": [{"date": "2023-10-05-01-00-00", "latency": 61}, {"date": "2023-10-05-01-00-00", "latency": 61}, {"date": "2023-10-05-01-00-00", "latency": 61}]}, {"location": {"country_code": "gr", "region": "Samothrace"}, "game_id": "762836", "values": [{"date": "2023-10-04-17-00-00", "latency": 126}]}, {"location": {"country_code": "us", "region": "Texas", "city": "Lubbock"}, "game_id": "762836", "values": [{"date": "2023-10-04-07-00-00", "latency": 39}]}, {"location": {"country_code": "fr", "region": "Provence-Alpes-Cote d'Azur Region", "city": "Nice"}, "game_id": "762836", "values": [{"date": "2023-10-04-23-00-00", "latency": 48}, {"date": "2023-10-04-23-00-00", "latency": 48}, {"date": "2023-10-04-23-00-00", "latency": 48}, {"date": "2023-10-04-23-00-00", "latency": 48}, {"date": "2023-10-04-23-00-00", "latency": 48}, {"date": "2023-10-04-23-00-00", "latency": 48}, {"date": "2023-10-04-23-00-00", "latency": 48}, {"date": "2023-10-04-23-00-00", "latency": 48}]}, {"location": {"country_code": "mx", "region": "Morelos", "city": "Cuernavaca"}, "game_id": "762836", "values": [{"date": "2023-10-04-03-00-00", "latency": 65}, {"date": "2023-10-04-03-00-00", "latency": 65}, {"date": "2023-10-04-03-00-00", "latency": 65}]}, {"location": {"country_code": "us", "region": "Alabama", "city": "Sylacauga"}, "game_id": "762836", "values": [{"date": "2023-10-04-20-00-00", "latency": 68}, {"date": "2023-10-04-20-00-00", "latency": 68}, {"date": "2023-10-04-20-00-00", "latency": 68}, {"date": "2023-10-04-20-00-00", "latency": 68}]}, {"location": {"country_code": "co", "region": "Atlantico"}, "game_id": "762836", "values": [{"date": "2023-10-04-23-00-00", "latency": 35}]}, {"location": {"country_code": "us", "region": "Texas", "city": "Prosper"}, "game_id": "762836", "values": [{"date": "2023-10-04-08-00-00", "latency": 34}]}, {"location": {"country_code": "ie", "region": "County Wicklow", "city": "Wicklow"}, "game_id": "762836", "values": [{"date": "2023-10-04-22-00-00", "latency": 52}]}, {"location": {"country_code": "sa", "region": "Mecca Region", "city": "At Ta'if"}, "game_id": "762836", "values": [{"date": "2023-10-04-23-00-00", "latency": 114}, {"date": "2023-10-04-23-00-00", "latency": 114}, {"date": "2023-10-04-23-00-00", "latency": 114}, {"date": "2023-10-04-23-00-00", "latency": 114}, {"date": "2023-10-04-23-00-00", "latency": 114}]}, {"location": {"country_code": "us", "region": "Texas", "city": "Webster"}, "game_id": "762836", "values": [{"date": "2023-10-04-07-00-00", "latency": 90}, {"date": "2023-10-04-07-00-00", "latency": 90}]}, {"location": {"country_code": "cl", "region": "Santiago Metropolitan", "city": "Macul"}, "game_id": "762836", "values": [{"date": "2023-10-05-02-00-00", "latency": 82}]}], "last_updated": 1719927600.910968}