{"data": [{"location": {"country_code": "nz"}, "game_id": "314852", "values": [{"date": "2024-02-21-11-00-00", "alternatives": ["2231", "223", "223"]}, {"date": "2024-02-21-11-00-00", "alternatives": ["2231", "223", "223"]}, {"date": "2024-02-21-22-00-00", "alternatives": ["1", "11211", "11211"]}, {"date": "2024-02-21-22-00-00", "alternatives": ["1", "11211", "11211"]}]}, {"location": {"country_code": "us"}, "game_id": "314852", "values": [{"date": "2024-02-21-03-00-00", "alternatives": ["1", "50", "50"]}, {"date": "2024-02-21-03-00-00", "alternatives": ["1", "50", "50"]}, {"date": "2024-02-21-03-00-00", "alternatives": ["1", "50", "50"]}, {"date": "2024-02-21-03-00-00", "alternatives": ["1", "50", "50"]}, {"date": "2024-02-21-03-00-00", "alternatives": ["1", "50", "50"]}, {"date": "2024-02-21-03-00-00", "alternatives": [2219, 219, 11219, 219, 219, 11219]}, {"date": "2024-02-21-03-00-00", "alternatives": [2219, 219, 11219, 219, 219, 11219]}, {"date": "2024-02-21-03-00-00", "alternatives": [2219, 219, 11219, 219, 219, 11219]}, {"date": "2024-02-21-03-00-00", "alternatives": [2219, 219, 11219, 219, 219, 11219]}, {"date": "2024-02-21-03-00-00", "alternatives": [2219, 219, 11219, 219, 219, 11219]}, {"date": "2024-02-21-03-00-00", "alternatives": [2219, 219, 11219, 219, 219, 11219]}, {"date": "2024-02-21-03-00-00", "alternatives": [2219, 219, 11219, 219, 219, 11219]}, {"date": "2024-02-21-03-00-00", "alternatives": [2219, 219, 11219, 219, 219, 11219]}, {"date": "2024-02-21-03-00-00", "alternatives": [2219, 219, 11219, 219, 219, 11219]}, {"date": "2024-02-21-03-00-00", "alternatives": [2219, 219, 11219, 219, 219, 11219]}, {"date": "2024-02-21-03-00-00", "alternatives": [1, 40, 4, 40, 40]}, {"date": "2024-02-21-03-00-00", "alternatives": [1, 40, 4, 40, 40]}, {"date": "2024-02-21-03-00-00", "alternatives": [1, 40, 4, 40, 40]}, {"date": "2024-02-21-03-00-00", "alternatives": [1, 40, 4, 40, 40]}, {"date": "2024-02-21-04-00-00", "alternatives": ["17", "17", "4"]}, {"date": "2024-02-21-04-00-00", "alternatives": ["17", "17", "4"]}, {"date": "2024-02-21-04-00-00", "alternatives": ["17", "17", "4"]}, {"date": "2024-02-21-08-00-00", "alternatives": ["65", "65", "5"]}, {"date": "2024-02-21-08-00-00", "alternatives": ["65", "65", "5"]}, {"date": "2024-02-21-02-00-00", "alternatives": ["37", "37", "4"]}, {"date": "2024-02-21-03-00-00", "alternatives": ["30", "30", "20"]}]}, {"location": {"country_code": "gb"}, "game_id": "314852", "values": [{"date": "2024-02-21-14-00-00", "alternatives": [76, 94, 94, 94]}, {"date": "2024-02-21-14-00-00", "alternatives": [76, 94, 94, 94]}, {"date": "2024-02-21-14-00-00", "alternatives": [76, 94, 94, 94]}, {"date": "2024-02-22-00-00-00", "alternatives": [36, 36, 1136, 36]}, {"date": "2024-02-22-00-00-00", "alternatives": [36, 36, 1136, 36]}, {"date": "2024-02-22-00-00-00", "alternatives": [36, 36, 1136, 36]}, {"date": "2024-02-21-20-00-00", "alternatives": ["10", "18", "10"]}, {"date": "2024-02-21-20-00-00", "alternatives": ["10", "18", "10"]}, {"date": "2024-02-21-09-00-00", "alternatives": [114, 14, 114, 114]}, {"date": "2024-02-21-09-00-00", "alternatives": [114, 14, 114, 114]}]}, {"location": {"country_code": "gb", "region": "England", "city": "Bear Cross"}, "game_id": "314852", "values": [{"date": "2024-02-21-07-00-00", "alternatives": [18, 108, 10813, 108, 108]}]}, {"location": {"country_code": "gb", "region": "England"}, "game_id": "314852", "values": [{"date": "2024-02-21-14-00-00", "alternatives": ["62", "42", "42"]}, {"date": "2024-02-21-14-00-00", "alternatives": ["62", "42", "42"]}, {"date": "2024-02-21-14-00-00", "alternatives": ["62", "42", "42"]}]}, {"location": {"country_code": "th"}, "game_id": "314852", "values": [{"date": "2024-02-21-19-00-00", "alternatives": [1, 13, 1, 1]}, {"date": "2024-02-21-19-00-00", "alternatives": [1, 13, 1, 1]}, {"date": "2024-02-21-12-00-00", "alternatives": ["1", "110", "110"]}, {"date": "2024-02-21-12-00-00", "alternatives": ["1", "110", "110"]}, {"date": "2024-02-21-12-00-00", "alternatives": ["1", "110", "110"]}]}, {"location": {"country_code": "nl"}, "game_id": "314852", "values": [{"date": "2024-02-21-19-00-00", "alternatives": ["1", "33", "33"]}, {"date": "2024-02-21-19-00-00", "alternatives": ["1", "33", "33"]}]}, {"location": {"country_code": "it"}, "game_id": "314852", "values": [{"date": "2024-02-21-22-00-00", "alternatives": [29, 28, 29, 29, 29]}, {"date": "2024-02-21-22-00-00", "alternatives": [29, 28, 29, 29, 29]}, {"date": "2024-02-21-22-00-00", "alternatives": [29, 28, 29, 29, 29]}, {"date": "2024-02-21-22-00-00", "alternatives": [29, 28, 29, 29, 29]}, {"date": "2024-02-21-22-00-00", "alternatives": [29, 28, 29, 29, 29]}, {"date": "2024-02-21-17-00-00", "alternatives": ["8", "48", "48"]}, {"date": "2024-02-21-17-00-00", "alternatives": ["8", "48", "48"]}, {"date": "2024-02-21-17-00-00", "alternatives": ["8", "48", "48"]}, {"date": "2024-02-21-23-00-00", "alternatives": ["11", "117", "117"]}, {"date": "2024-02-21-23-00-00", "alternatives": ["11", "117", "117"]}]}, {"location": {"country_code": "za"}, "game_id": "314852", "values": [{"date": "2024-02-21-14-00-00", "alternatives": ["171", "171", "1171"]}, {"date": "2024-02-21-13-00-00", "alternatives": ["9", "9", "198"]}]}, {"location": {"country_code": "jp"}, "game_id": "314852", "values": [{"date": "2024-02-21-23-00-00", "alternatives": [2, 21, 21, 21]}, {"date": "2024-02-21-23-00-00", "alternatives": [2, 21, 21, 21]}, {"date": "2024-02-21-23-00-00", "alternatives": [2, 21, 21, 21]}, {"date": "2024-02-21-23-00-00", "alternatives": [2, 21, 21, 21]}, {"date": "2024-02-21-23-00-00", "alternatives": [2, 21, 21, 21]}, {"date": "2024-02-21-23-00-00", "alternatives": [2, 21, 21, 21]}, {"date": "2024-02-21-23-00-00", "alternatives": [2, 21, 21, 21]}, {"date": "2024-02-21-23-00-00", "alternatives": [2, 21, 21, 21]}, {"date": "2024-02-21-14-00-00", "alternatives": ["3", "30", "30"]}, {"date": "2024-02-21-16-00-00", "alternatives": ["2", "24", "24"]}, {"date": "2024-02-21-14-00-00", "alternatives": [8, 58, 5815, 58, 58]}, {"date": "2024-02-21-14-00-00", "alternatives": [8, 58, 5815, 58, 58]}, {"date": "2024-02-21-14-00-00", "alternatives": [8, 58, 5815, 58, 58]}, {"date": "2024-02-21-14-00-00", "alternatives": [8, 58, 5815, 58, 58]}, {"date": "2024-02-21-14-00-00", "alternatives": [8, 58, 5815, 58, 58]}, {"date": "2024-02-21-09-00-00", "alternatives": ["1", "17", "17"]}, {"date": "2024-02-21-09-00-00", "alternatives": ["1", "17", "17"]}]}, {"location": {"country_code": "ca"}, "game_id": "314852", "values": [{"date": "2024-02-21-04-00-00", "alternatives": ["9", "49", "49"]}, {"date": "2024-02-21-04-00-00", "alternatives": ["9", "49", "49"]}, {"date": "2024-02-21-07-00-00", "alternatives": ["40", "40", "27"]}, {"date": "2024-02-21-07-00-00", "alternatives": ["40", "40", "27"]}, {"date": "2024-02-21-16-00-00", "alternatives": ["63", "3", "3"]}]}, {"location": {"country_code": "ca", "region": "Ontario", "city": "Windsor"}, "game_id": "314852", "values": [{"date": "2024-02-21-05-00-00", "alternatives": ["6", "47", "47"]}]}, {"location": {"country_code": "de"}, "game_id": "314852", "values": [{"date": "2024-02-21-15-00-00", "alternatives": ["2", "22", "22"]}, {"date": "2024-02-21-18-00-00", "alternatives": [1, 35, 35, 35, 35]}, {"date": "2024-02-21-03-00-00", "alternatives": ["35", "35", "2"]}]}, {"location": {"country_code": "tw"}, "game_id": "314852", "values": [{"date": "2024-02-21-14-00-00", "alternatives": ["1", "1", "51"]}, {"date": "2024-02-21-14-00-00", "alternatives": ["1", "1", "51"]}, {"date": "2024-02-21-16-00-00", "alternatives": [62, 52, 52, 52, 52]}, {"date": "2024-02-21-16-00-00", "alternatives": [62, 52, 52, 52, 52]}]}, {"location": {"country_code": "cl", "region": "Valparaiso", "city": "San Antonio"}, "game_id": "314852", "values": [{"date": "2024-02-21-04-00-00", "alternatives": ["198", "1198", "1198"]}, {"date": "2024-02-21-04-00-00", "alternatives": ["198", "1198", "1198"]}]}, {"location": {"country_code": "us", "region": "Texas"}, "game_id": "314852", "values": [{"date": "2024-02-21-04-00-00", "alternatives": [909, 606, 909, 909, 909]}, {"date": "2024-02-21-04-00-00", "alternatives": [909, 606, 909, 909, 909]}, {"date": "2024-02-21-04-00-00", "alternatives": [909, 606, 909, 909, 909]}, {"date": "2024-02-21-04-00-00", "alternatives": [909, 606, 909, 909, 909]}, {"date": "2024-02-21-04-00-00", "alternatives": [909, 606, 909, 909, 909]}, {"date": "2024-02-21-04-00-00", "alternatives": [909, 606, 909, 909, 909]}, {"date": "2024-02-21-13-00-00", "alternatives": [0, 4, 41, 41, 41]}, {"date": "2024-02-21-13-00-00", "alternatives": [0, 4, 41, 41, 41]}]}, {"location": {"country_code": "ph"}, "game_id": "314852", "values": [{"date": "2024-02-21-14-00-00", "alternatives": [3, 143, 143, 143]}, {"date": "2024-02-21-14-00-00", "alternatives": [3, 143, 143, 143]}, {"date": "2024-02-21-08-00-00", "alternatives": ["67", "67", "7"]}, {"date": "2024-02-21-17-00-00", "alternatives": [7, 73, 73, 739, 73]}, {"date": "2024-02-21-17-00-00", "alternatives": [7, 73, 73, 739, 73]}, {"date": "2024-02-21-17-00-00", "alternatives": [7, 73, 73, 739, 73]}, {"date": "2024-02-21-17-00-00", "alternatives": [7, 73, 73, 739, 73]}, {"date": "2024-02-21-17-00-00", "alternatives": [7, 73, 73, 739, 73]}, {"date": "2024-02-21-17-00-00", "alternatives": [7, 73, 73, 739, 73]}, {"date": "2024-02-21-17-00-00", "alternatives": [7, 73, 73, 739, 73]}, {"date": "2024-02-21-17-00-00", "alternatives": [7, 73, 73, 739, 73]}, {"date": "2024-02-21-17-00-00", "alternatives": [7, 73, 73, 739, 73]}, {"date": "2024-02-21-07-00-00", "alternatives": ["10", "120", "120"]}, {"date": "2024-02-21-07-00-00", "alternatives": ["10", "120", "120"]}, {"date": "2024-02-21-09-00-00", "alternatives": [4, 114, 4, 114, 114]}, {"date": "2024-02-21-09-00-00", "alternatives": [4, 114, 4, 114, 114]}, {"date": "2024-02-21-09-00-00", "alternatives": [4, 114, 4, 114, 114]}]}, {"location": {"country_code": "ph", "region": "Central Visayas", "city": "Cebu City"}, "game_id": "314852", "values": [{"date": "2024-02-21-18-00-00", "alternatives": [22, 28, 2, 28, 28]}, {"date": "2024-02-21-18-00-00", "alternatives": [22, 28, 2, 28, 28]}, {"date": "2024-02-21-18-00-00", "alternatives": [22, 28, 2, 28, 28]}, {"date": "2024-02-21-18-00-00", "alternatives": [22, 28, 2, 28, 28]}, {"date": "2024-02-21-18-00-00", "alternatives": [22, 28, 2, 28, 28]}, {"date": "2024-02-21-18-00-00", "alternatives": [22, 28, 2, 28, 28]}, {"date": "2024-02-21-18-00-00", "alternatives": [22, 28, 2, 28, 28]}, {"date": "2024-02-21-18-00-00", "alternatives": [22, 28, 2, 28, 28]}, {"date": "2024-02-21-18-00-00", "alternatives": [22, 28, 2, 28, 28]}, {"date": "2024-02-21-18-00-00", "alternatives": [22, 28, 2, 28, 28]}, {"date": "2024-02-21-18-00-00", "alternatives": [22, 28, 2, 28, 28]}, {"date": "2024-02-21-18-00-00", "alternatives": [22, 28, 2, 28, 28]}]}, {"location": {"country_code": "fr"}, "game_id": "314852", "values": [{"date": "2024-02-21-18-00-00", "alternatives": [1, 33, 33, 33, 133]}, {"date": "2024-02-21-18-00-00", "alternatives": [1, 33, 33, 33, 133]}, {"date": "2024-02-21-18-00-00", "alternatives": [1, 33, 33, 33, 133]}]}, {"location": {"country_code": "us", "region": "New Jersey"}, "game_id": "314852", "values": [{"date": "2024-02-21-05-00-00", "alternatives": [0, 2, 20, 0, 20, 20]}, {"date": "2024-02-21-05-00-00", "alternatives": [0, 2, 20, 0, 20, 20]}, {"date": "2024-02-21-05-00-00", "alternatives": [0, 2, 20, 0, 20, 20]}, {"date": "2024-02-21-05-00-00", "alternatives": [0, 2, 20, 0, 20, 20]}]}, {"location": {"country_code": "mx"}, "game_id": "314852", "values": [{"date": "2024-02-22-01-00-00", "alternatives": ["175", "1175", "175"]}, {"date": "2024-02-21-06-00-00", "alternatives": ["1328", "1328", "13287"]}, {"date": "2024-02-21-06-00-00", "alternatives": ["1328", "1328", "13287"]}, {"date": "2024-02-21-06-00-00", "alternatives": [1296773, 1, 1296773, 1296773]}, {"date": "2024-02-21-06-00-00", "alternatives": [1296773, 1, 1296773, 1296773]}]}, {"location": {"country_code": "mx", "region": "Mexico City"}, "game_id": "314852", "values": [{"date": "2024-02-21-03-00-00", "alternatives": [90, 6, 0, 90, 90]}, {"date": "2024-02-21-03-00-00", "alternatives": [90, 6, 0, 90, 90]}, {"date": "2024-02-21-03-00-00", "alternatives": [90, 6, 0, 90, 90]}, {"date": "2024-02-21-03-00-00", "alternatives": [90, 6, 0, 90, 90]}]}, {"location": {"country_code": "us", "region": "California"}, "game_id": "314852", "values": [{"date": "2024-02-21-22-00-00", "alternatives": [1, 59, 59, 159, 59]}, {"date": "2024-02-21-22-00-00", "alternatives": [1, 59, 59, 159, 59]}, {"date": "2024-02-21-22-00-00", "alternatives": [1, 59, 59, 159, 59]}, {"date": "2024-02-21-22-00-00", "alternatives": [1, 59, 59, 159, 59]}, {"date": "2024-02-21-07-00-00", "alternatives": ["94", "76", "94"]}, {"date": "2024-02-21-07-00-00", "alternatives": ["94", "76", "94"]}, {"date": "2024-02-21-07-00-00", "alternatives": ["94", "76", "94"]}, {"date": "2024-02-21-07-00-00", "alternatives": ["94", "76", "94"]}, {"date": "2024-02-21-07-00-00", "alternatives": ["94", "76", "94"]}, {"date": "2024-02-21-07-00-00", "alternatives": ["94", "76", "94"]}, {"date": "2024-02-21-07-00-00", "alternatives": ["94", "76", "94"]}, {"date": "2024-02-21-07-00-00", "alternatives": ["82", "82", "2"]}, {"date": "2024-02-21-07-00-00", "alternatives": ["82", "82", "2"]}, {"date": "2024-02-21-07-00-00", "alternatives": ["82", "82", "2"]}, {"date": "2024-02-21-07-00-00", "alternatives": ["82", "82", "2"]}]}, {"location": {"country_code": "br"}, "game_id": "314852", "values": [{"date": "2024-02-21-05-00-00", "alternatives": ["69", "69", "169"]}, {"date": "2024-02-21-05-00-00", "alternatives": ["69", "69", "169"]}, {"date": "2024-02-21-05-00-00", "alternatives": ["69", "69", "169"]}, {"date": "2024-02-21-05-00-00", "alternatives": ["69", "69", "169"]}, {"date": "2024-02-22-01-00-00", "alternatives": ["4", "145", "145"]}, {"date": "2024-02-22-01-00-00", "alternatives": ["4", "145", "145"]}, {"date": "2024-02-22-01-00-00", "alternatives": ["4", "145", "145"]}, {"date": "2024-02-21-22-00-00", "alternatives": [101, 0, 101, 101]}, {"date": "2024-02-21-22-00-00", "alternatives": [101, 0, 101, 101]}, {"date": "2024-02-21-01-00-00", "alternatives": [197, 97, 7, 97, 97]}, {"date": "2024-02-21-01-00-00", "alternatives": [197, 97, 7, 97, 97]}, {"date": "2024-02-21-01-00-00", "alternatives": [197, 97, 7, 97, 97]}, {"date": "2024-02-22-00-00-00", "alternatives": ["53", "153", "153"]}]}, {"location": {"country_code": "br", "region": "Sao Paulo", "city": "Apiai"}, "game_id": "314852", "values": [{"date": "2024-02-21-17-00-00", "alternatives": ["136", "1136", "136"]}, {"date": "2024-02-21-02-00-00", "alternatives": ["138", "1", "138"]}]}, {"location": {"country_code": "se"}, "game_id": "314852", "values": [{"date": "2024-02-21-02-00-00", "alternatives": ["46", "4", "46"]}, {"date": "2024-02-21-02-00-00", "alternatives": ["46", "4", "46"]}]}, {"location": {"country_code": "au"}, "game_id": "314852", "values": [{"date": "2024-02-21-13-00-00", "alternatives": [28, 287, 28, 287, 287]}, {"date": "2024-02-21-13-00-00", "alternatives": [28, 287, 28, 287, 287]}, {"date": "2024-02-21-13-00-00", "alternatives": [28, 287, 28, 287, 287]}, {"date": "2024-02-21-13-00-00", "alternatives": [28, 287, 28, 287, 287]}, {"date": "2024-02-21-13-00-00", "alternatives": [28, 287, 28, 287, 287]}, {"date": "2024-02-21-13-00-00", "alternatives": [28, 287, 28, 287, 287]}, {"date": "2024-02-21-13-00-00", "alternatives": [28, 287, 28, 287, 287]}, {"date": "2024-02-21-13-00-00", "alternatives": [28, 287, 28, 287, 287]}, {"date": "2024-02-21-13-00-00", "alternatives": [28, 287, 28, 287, 287]}, {"date": "2024-02-21-13-00-00", "alternatives": [28, 287, 28, 287, 287]}, {"date": "2024-02-21-15-00-00", "alternatives": ["1262", "1262", "11262"]}, {"date": "2024-02-21-15-00-00", "alternatives": ["1262", "1262", "11262"]}, {"date": "2024-02-21-23-00-00", "alternatives": ["241", "241", "1241"]}]}, {"location": {"country_code": "us", "region": "Texas", "city": "Austin"}, "game_id": "314852", "values": [{"date": "2024-02-21-09-00-00", "alternatives": ["8", "48", "48"]}, {"date": "2024-02-21-09-00-00", "alternatives": ["8", "48", "48"]}, {"date": "2024-02-21-09-00-00", "alternatives": ["8", "48", "48"]}, {"date": "2024-02-21-09-00-00", "alternatives": ["8", "48", "48"]}]}, {"location": {"country_code": "es"}, "game_id": "314852", "values": [{"date": "2024-02-21-19-00-00", "alternatives": [159, 59, 1, 59, 59, 1159]}, {"date": "2024-02-21-19-00-00", "alternatives": [159, 59, 1, 59, 59, 1159]}, {"date": "2024-02-21-19-00-00", "alternatives": [159, 59, 1, 59, 59, 1159]}, {"date": "2024-02-21-19-00-00", "alternatives": [159, 59, 1, 59, 59, 1159]}, {"date": "2024-02-22-01-00-00", "alternatives": ["169", "169", "69"]}, {"date": "2024-02-21-19-00-00", "alternatives": ["12", "123", "123"]}]}, {"location": {"country_code": "ar"}, "game_id": "314852", "values": [{"date": "2024-02-21-02-00-00", "alternatives": ["55", "5", "55"]}, {"date": "2024-02-21-04-00-00", "alternatives": [0, 8, 0, 0]}, {"date": "2024-02-21-04-00-00", "alternatives": [0, 8, 0, 0]}, {"date": "2024-02-21-18-00-00", "alternatives": ["6", "208", "208"]}, {"date": "2024-02-21-18-00-00", "alternatives": ["6", "208", "208"]}]}, {"location": {"country_code": "ar", "region": "Buenos Aires F.D.", "city": "Bahia Blanca"}, "game_id": "314852", "values": [{"date": "2024-02-21-09-00-00", "alternatives": ["157", "157", "1157"]}, {"date": "2024-02-21-09-00-00", "alternatives": ["157", "157", "1157"]}]}, {"location": {"country_code": "co"}, "game_id": "314852", "values": [{"date": "2024-02-21-05-00-00", "alternatives": ["86", "1186", "1186"]}, {"date": "2024-02-21-05-00-00", "alternatives": ["86", "1186", "1186"]}, {"date": "2024-02-21-05-00-00", "alternatives": ["86", "1186", "1186"]}, {"date": "2024-02-21-05-00-00", "alternatives": ["86", "1186", "1186"]}]}, {"location": {"country_code": "us", "region": "Arizona"}, "game_id": "314852", "values": [{"date": "2024-02-21-09-00-00", "alternatives": [1225, 225, 11225, 225, 225, 11225]}, {"date": "2024-02-21-07-00-00", "alternatives": [53, 53, 153, 53]}, {"date": "2024-02-21-07-00-00", "alternatives": [53, 53, 153, 53]}, {"date": "2024-02-21-07-00-00", "alternatives": [53, 53, 153, 53]}, {"date": "2024-02-21-07-00-00", "alternatives": [53, 53, 153, 53]}, {"date": "2024-02-21-07-00-00", "alternatives": [53, 53, 153, 53]}, {"date": "2024-02-21-07-00-00", "alternatives": [53, 53, 153, 53]}, {"date": "2024-02-21-07-00-00", "alternatives": [53, 53, 153, 53]}]}, {"location": {"country_code": "pl"}, "game_id": "314852", "values": [{"date": "2024-02-21-23-00-00", "alternatives": ["9", "39", "39"]}, {"date": "2024-02-21-13-00-00", "alternatives": ["30", "30", "20"]}, {"date": "2024-02-21-13-00-00", "alternatives": ["30", "30", "20"]}]}, {"location": {"country_code": "be"}, "game_id": "314852", "values": [{"date": "2024-02-21-17-00-00", "alternatives": [7, 7, 7]}]}, {"location": {"country_code": "cr"}, "game_id": "314852", "values": [{"date": "2024-02-21-03-00-00", "alternatives": ["95", "95", "4"]}]}, {"location": {"country_code": "gb", "region": "England", "city": "London"}, "game_id": "314852", "values": [{"date": "2024-02-21-18-00-00", "alternatives": [4, 4, 4, 2]}, {"date": "2024-02-21-22-00-00", "alternatives": [33, 133, 33, 33, 33]}, {"date": "2024-02-21-22-00-00", "alternatives": [33, 133, 33, 33, 33]}, {"date": "2024-02-21-22-00-00", "alternatives": [33, 133, 33, 33, 33]}]}, {"location": {"country_code": "pe"}, "game_id": "314852", "values": [{"date": "2024-02-21-06-00-00", "alternatives": [106, 1106, 106, 106, 1106]}]}, {"location": {"country_code": "kz"}, "game_id": "314852", "values": [{"date": "2024-02-21-03-00-00", "alternatives": ["2", "2", "4"]}]}, {"location": {"country_code": "sg"}, "game_id": "314852", "values": [{"date": "2024-02-21-16-00-00", "alternatives": ["105", "5", "105"]}, {"date": "2024-02-21-16-00-00", "alternatives": ["105", "5", "105"]}, {"date": "2024-02-21-16-00-00", "alternatives": ["105", "5", "105"]}, {"date": "2024-02-21-16-00-00", "alternatives": ["105", "5", "105"]}, {"date": "2024-02-21-16-00-00", "alternatives": ["105", "5", "105"]}, {"date": "2024-02-21-16-00-00", "alternatives": ["105", "5", "105"]}, {"date": "2024-02-21-16-00-00", "alternatives": ["105", "5", "105"]}, {"date": "2024-02-21-16-00-00", "alternatives": ["105", "5", "105"]}, {"date": "2024-02-21-16-00-00", "alternatives": ["105", "5", "105"]}, {"date": "2024-02-21-11-00-00", "alternatives": ["90", "06", "90"]}, {"date": "2024-02-21-11-00-00", "alternatives": ["90", "06", "90"]}, {"date": "2024-02-21-13-00-00", "alternatives": ["1", "6", "6"]}, {"date": "2024-02-21-13-00-00", "alternatives": ["1", "6", "6"]}, {"date": "2024-02-21-16-00-00", "alternatives": ["198", "98", "98"]}]}, {"location": {"country_code": "us", "region": "District of Columbia", "city": "Washington"}, "game_id": "314852", "values": [{"date": "2024-02-22-00-00-00", "alternatives": ["95", "95", "4"]}, {"date": "2024-02-22-00-00-00", "alternatives": ["95", "95", "4"]}]}, {"location": {"country_code": "id"}, "game_id": "314852", "values": [{"date": "2024-02-21-04-00-00", "alternatives": [16, 11, 116, 6, 116, 116]}, {"date": "2024-02-21-04-00-00", "alternatives": [16, 11, 116, 6, 116, 116]}, {"date": "2024-02-21-04-00-00", "alternatives": [16, 11, 116, 6, 116, 116]}, {"date": "2024-02-21-14-00-00", "alternatives": [9, 1193, 119, 9, 119, 119]}, {"date": "2024-02-21-14-00-00", "alternatives": [9, 1193, 119, 9, 119, 119]}, {"date": "2024-02-21-14-00-00", "alternatives": [9, 1193, 119, 9, 119, 119]}]}, {"location": {"country_code": "cl", "region": "Santiago Metropolitan", "city": "Santiago"}, "game_id": "314852", "values": [{"date": "2024-02-21-05-00-00", "alternatives": ["0", "0", "4"]}]}, {"location": {"country_code": "pt"}, "game_id": "314852", "values": [{"date": "2024-02-22-01-00-00", "alternatives": ["155", "55", "55"]}]}, {"location": {"country_code": "us", "region": "Colorado"}, "game_id": "314852", "values": [{"date": "2024-02-21-08-00-00", "alternatives": ["6", "6", "61"]}, {"date": "2024-02-21-08-00-00", "alternatives": ["6", "6", "61"]}, {"date": "2024-02-21-08-00-00", "alternatives": ["6", "6", "61"]}, {"date": "2024-02-21-08-00-00", "alternatives": ["6", "6", "61"]}]}, {"location": {"country_code": "es", "region": "Andalusia", "city": "Seville"}, "game_id": "314852", "values": [{"date": "2024-02-21-17-00-00", "alternatives": ["5", "50", "50"]}, {"date": "2024-02-21-17-00-00", "alternatives": ["5", "50", "50"]}, {"date": "2024-02-21-17-00-00", "alternatives": ["5", "50", "50"]}, {"date": "2024-02-21-17-00-00", "alternatives": ["5", "50", "50"]}]}, {"location": {"country_code": "ca", "region": "Quebec", "city": "Montreal"}, "game_id": "314852", "values": [{"date": "2024-02-22-01-00-00", "alternatives": ["31", "31", "3"]}]}, {"location": {"country_code": "us", "region": "Arizona", "city": "Phoenix"}, "game_id": "314852", "values": [{"date": "2024-02-21-21-00-00", "alternatives": ["8", "8", "2"]}, {"date": "2024-02-21-21-00-00", "alternatives": ["8", "8", "2"]}, {"date": "2024-02-21-21-00-00", "alternatives": ["8", "8", "2"]}]}, {"location": {"country_code": "pe", "region": "Lima region", "city": "Lima"}, "game_id": "314852", "values": [{"date": "2024-02-21-06-00-00", "alternatives": ["97", "97", "7"]}, {"date": "2024-02-21-06-00-00", "alternatives": ["97", "97", "7"]}]}, {"location": {"country_code": "by"}, "game_id": "314852", "values": [{"date": "2024-02-21-15-00-00", "alternatives": [148, 14, 148, 14, 148]}, {"date": "2024-02-21-15-00-00", "alternatives": [148, 14, 148, 14, 148]}, {"date": "2024-02-21-15-00-00", "alternatives": [148, 14, 148, 14, 148]}, {"date": "2024-02-21-09-00-00", "alternatives": [49, 67, 149, 49, 49, 149]}, {"date": "2024-02-21-09-00-00", "alternatives": [49, 67, 149, 49, 49, 149]}, {"date": "2024-02-21-09-00-00", "alternatives": [49, 67, 149, 49, 49, 149]}, {"date": "2024-02-21-09-00-00", "alternatives": [49, 67, 149, 49, 49, 149]}, {"date": "2024-02-21-09-00-00", "alternatives": [49, 67, 149, 49, 49, 149]}, {"date": "2024-02-21-09-00-00", "alternatives": [49, 67, 149, 49, 49, 149]}]}, {"location": {"country_code": "za", "region": "Western Cape", "city": "Cape Town"}, "game_id": "314852", "values": [{"date": "2024-02-21-22-00-00", "alternatives": ["170", "170", "2"]}]}, {"location": {"country_code": "es", "region": "Valencia"}, "game_id": "314852", "values": [{"date": "2024-02-21-19-00-00", "alternatives": [63, 8, 4, 63, 163, 63]}, {"date": "2024-02-21-19-00-00", "alternatives": [63, 8, 4, 63, 163, 63]}, {"date": "2024-02-21-19-00-00", "alternatives": [63, 8, 4, 63, 163, 63]}]}, {"location": {"country_code": "ca", "region": "Alberta", "city": "Calgary"}, "game_id": "314852", "values": [{"date": "2024-02-21-10-00-00", "alternatives": ["9", "9", "91"]}, {"date": "2024-02-21-10-00-00", "alternatives": ["9", "9", "91"]}, {"date": "2024-02-21-10-00-00", "alternatives": ["9", "9", "91"]}, {"date": "2024-02-21-10-00-00", "alternatives": ["9", "9", "91"]}, {"date": "2024-02-21-10-00-00", "alternatives": ["9", "9", "91"]}]}, {"location": {"country_code": "de", "region": "Bavaria", "city": "Munich"}, "game_id": "314852", "values": [{"date": "2024-02-21-22-00-00", "alternatives": ["122", "22", "22"]}]}, {"location": {"country_code": "br", "region": "Estado de Bahia"}, "game_id": "314852", "values": [{"date": "2024-02-21-19-00-00", "alternatives": [1, 8, 114, 114, 114]}, {"date": "2024-02-21-19-00-00", "alternatives": [1, 8, 114, 114, 114]}, {"date": "2024-02-21-19-00-00", "alternatives": [1, 8, 114, 114, 114]}]}, {"location": {"country_code": "ar", "region": "Neuquen Province"}, "game_id": "314852", "values": [{"date": "2024-02-21-04-00-00", "alternatives": ["1170", "1170", "170"]}]}, {"location": {"country_code": "gb", "region": "England", "city": "Ely"}, "game_id": "314852", "values": [{"date": "2024-02-21-22-00-00", "alternatives": ["329", "329", "190"]}]}, {"location": {"country_code": "es", "region": "Andalusia", "city": "Marbella"}, "game_id": "314852", "values": [{"date": "2024-02-21-21-00-00", "alternatives": ["169", "169", "69"]}]}, {"location": {"country_code": "in", "region": "West Bengal", "city": "Kolkata"}, "game_id": "314852", "values": [{"date": "2024-02-21-17-00-00", "alternatives": ["283", "11283", "11283"]}]}, {"location": {"country_code": "tw", "region": "Taipei"}, "game_id": "314852", "values": [{"date": "2024-02-21-05-00-00", "alternatives": [526, 522, 52, 526, 52, 52]}, {"date": "2024-02-21-05-00-00", "alternatives": [526, 522, 52, 526, 52, 52]}, {"date": "2024-02-21-05-00-00", "alternatives": [526, 522, 52, 526, 52, 52]}, {"date": "2024-02-21-05-00-00", "alternatives": [526, 522, 52, 526, 52, 52]}, {"date": "2024-02-21-05-00-00", "alternatives": [526, 522, 52, 526, 52, 52]}, {"date": "2024-02-21-05-00-00", "alternatives": [526, 522, 52, 526, 52, 52]}]}, {"location": {"country_code": "my", "region": "Kuala Lumpur"}, "game_id": "314852", "values": [{"date": "2024-02-21-02-00-00", "alternatives": ["1102", "102", "102"]}, {"date": "2024-02-21-02-00-00", "alternatives": ["1102", "102", "102"]}]}, {"location": {"country_code": "fr", "region": "Aquitania-Limosino-Poitou-Charentes", "city": "Poitiers"}, "game_id": "314852", "values": [{"date": "2024-02-21-23-00-00", "alternatives": [2, 25, 25, 25, 25]}, {"date": "2024-02-21-23-00-00", "alternatives": [2, 25, 25, 25, 25]}, {"date": "2024-02-21-23-00-00", "alternatives": [2, 25, 25, 25, 25]}]}, {"location": {"country_code": "us", "region": "New Jersey", "city": "West Orange"}, "game_id": "314852", "values": [{"date": "2024-02-21-03-00-00", "alternatives": ["32", "32", "3"]}]}, {"location": {"country_code": "br", "region": "Sao Paulo", "city": "Diadema"}, "game_id": "314852", "values": [{"date": "2024-02-21-23-00-00", "alternatives": ["28", "28", "5"]}, {"date": "2024-02-21-23-00-00", "alternatives": ["28", "28", "5"]}]}, {"location": {"country_code": "es", "region": "Canary Islands", "city": "Telde"}, "game_id": "314852", "values": [{"date": "2024-02-21-15-00-00", "alternatives": [1173, 173, 73, 173, 1173, 1173]}, {"date": "2024-02-21-15-00-00", "alternatives": [1173, 173, 73, 173, 1173, 1173]}, {"date": "2024-02-21-15-00-00", "alternatives": [1173, 173, 73, 173, 1173, 1173]}, {"date": "2024-02-21-15-00-00", "alternatives": [1173, 173, 73, 173, 1173, 1173]}, {"date": "2024-02-21-15-00-00", "alternatives": [1173, 173, 73, 173, 1173, 1173]}, {"date": "2024-02-21-15-00-00", "alternatives": [1173, 173, 73, 173, 1173, 1173]}]}, {"location": {"country_code": "us", "region": "California", "city": "Desert Hot Springs"}, "game_id": "314852", "values": [{"date": "2024-02-21-02-00-00", "alternatives": [92, 1192, 92, 192, 92]}]}], "last_updated": 1719918123.713621}