{"data": [{"location": {"country_code": "us"}, "game_id": "747108", "values": [{"date": "2023-09-14-02-00-00", "latency": 16}, {"date": "2023-09-14-02-00-00", "latency": 16}, {"date": "2023-09-14-02-00-00", "latency": 16}, {"date": "2023-09-14-02-00-00", "latency": 16}, {"date": "2023-09-14-02-00-00", "latency": 16}, {"date": "2023-09-14-02-00-00", "latency": 16}, {"date": "2023-09-14-02-00-00", "latency": 16}, {"date": "2023-09-14-02-00-00", "latency": 16}, {"date": "2023-09-14-02-00-00", "latency": 16}, {"date": "2023-09-14-02-00-00", "latency": 16}, {"date": "2023-09-14-02-00-00", "latency": 16}, {"date": "2023-09-14-02-00-00", "latency": 16}, {"date": "2023-09-14-02-00-00", "latency": 16}, {"date": "2023-09-14-02-00-00", "latency": 16}, {"date": "2023-09-14-02-00-00", "latency": 16}, {"date": "2023-09-14-02-00-00", "latency": 16}, {"date": "2023-09-14-02-00-00", "latency": 16}, {"date": "2023-09-14-02-00-00", "latency": 16}, {"date": "2023-09-14-02-00-00", "latency": 16}, {"date": "2023-09-14-02-00-00", "latency": 16}, {"date": "2023-09-14-02-00-00", "latency": 16}, {"date": "2023-09-14-02-00-00", "latency": 16}, {"date": "2023-09-14-02-00-00", "latency": 16}, {"date": "2023-09-14-02-00-00", "latency": 16}, {"date": "2023-09-14-02-00-00", "latency": 16}, {"date": "2023-09-14-02-00-00", "latency": 16}, {"date": "2023-09-14-02-00-00", "latency": 16}, {"date": "2023-09-14-02-00-00", "latency": 16}, {"date": "2023-09-14-02-00-00", "latency": 16}, {"date": "2023-09-14-02-00-00", "latency": 16}, {"date": "2023-09-13-16-00-00", "latency": 16}, {"date": "2023-09-13-16-00-00", "latency": 16}, {"date": "2023-09-14-01-00-00", "latency": 47}, {"date": "2023-09-14-01-00-00", "latency": 47}, {"date": "2023-09-14-01-00-00", "latency": 47}, {"date": "2023-09-14-01-00-00", "latency": 47}, {"date": "2023-09-14-01-00-00", "latency": 47}, {"date": "2023-09-14-01-00-00", "latency": 47}, {"date": "2023-09-14-01-00-00", "latency": 47}, {"date": "2023-09-14-01-00-00", "latency": 47}, {"date": "2023-09-14-01-00-00", "latency": 47}, {"date": "2023-09-14-01-00-00", "latency": 47}, {"date": "2023-09-14-01-00-00", "latency": 47}, {"date": "2023-09-14-01-00-00", "latency": 47}, {"date": "2023-09-14-01-00-00", "latency": 47}, {"date": "2023-09-14-01-00-00", "latency": 47}, {"date": "2023-09-14-02-00-00", "latency": 31}, {"date": "2023-09-14-02-00-00", "latency": 31}, {"date": "2023-09-14-02-00-00", "latency": 31}, {"date": "2023-09-14-02-00-00", "latency": 31}, {"date": "2023-09-14-02-00-00", "latency": 31}, {"date": "2023-09-14-02-00-00", "latency": 31}, {"date": "2023-09-14-02-00-00", "latency": 31}, {"date": "2023-09-14-02-00-00", "latency": 31}, {"date": "2023-09-14-02-00-00", "latency": 31}, {"date": "2023-09-14-02-00-00", "latency": 31}, {"date": "2023-09-14-02-00-00", "latency": 31}, {"date": "2023-09-14-02-00-00", "latency": 31}, {"date": "2023-09-14-02-00-00", "latency": 31}, {"date": "2023-09-14-02-00-00", "latency": 31}, {"date": "2023-09-14-02-00-00", "latency": 31}, {"date": "2023-09-14-02-00-00", "latency": 31}]}, {"location": {"country_code": "pa"}, "game_id": "747108", "values": [{"date": "2023-09-13-08-00-00", "latency": 172}, {"date": "2023-09-13-21-00-00", "latency": 93}, {"date": "2023-09-13-21-00-00", "latency": 93}, {"date": "2023-09-13-21-00-00", "latency": 93}, {"date": "2023-09-13-21-00-00", "latency": 93}, {"date": "2023-09-13-21-00-00", "latency": 93}, {"date": "2023-09-13-21-00-00", "latency": 93}, {"date": "2023-09-13-21-00-00", "latency": 93}, {"date": "2023-09-13-21-00-00", "latency": 93}, {"date": "2023-09-13-21-00-00", "latency": 93}, {"date": "2023-09-13-21-00-00", "latency": 93}, {"date": "2023-09-13-21-00-00", "latency": 93}, {"date": "2023-09-13-21-00-00", "latency": 93}, {"date": "2023-09-13-21-00-00", "latency": 93}, {"date": "2023-09-13-21-00-00", "latency": 93}, {"date": "2023-09-13-21-00-00", "latency": 93}, {"date": "2023-09-13-21-00-00", "latency": 93}, {"date": "2023-09-13-21-00-00", "latency": 93}, {"date": "2023-09-13-21-00-00", "latency": 93}, {"date": "2023-09-13-21-00-00", "latency": 93}, {"date": "2023-09-13-21-00-00", "latency": 93}, {"date": "2023-09-13-21-00-00", "latency": 93}]}, {"location": {"country_code": "nl"}, "game_id": "747108", "values": [{"date": "2023-09-14-00-00-00", "latency": 31}, {"date": "2023-09-14-00-00-00", "latency": 31}, {"date": "2023-09-14-00-00-00", "latency": 31}, {"date": "2023-09-14-00-00-00", "latency": 31}, {"date": "2023-09-14-00-00-00", "latency": 31}, {"date": "2023-09-14-00-00-00", "latency": 31}, {"date": "2023-09-14-00-00-00", "latency": 31}, {"date": "2023-09-14-00-00-00", "latency": 31}, {"date": "2023-09-14-00-00-00", "latency": 31}, {"date": "2023-09-14-00-00-00", "latency": 31}, {"date": "2023-09-14-00-00-00", "latency": 31}, {"date": "2023-09-14-00-00-00", "latency": 31}, {"date": "2023-09-14-00-00-00", "latency": 31}, {"date": "2023-09-14-00-00-00", "latency": 31}, {"date": "2023-09-14-00-00-00", "latency": 31}, {"date": "2023-09-14-00-00-00", "latency": 31}, {"date": "2023-09-14-00-00-00", "latency": 31}, {"date": "2023-09-14-00-00-00", "latency": 31}, {"date": "2023-09-14-00-00-00", "latency": 31}]}, {"location": {"country_code": "cz"}, "game_id": "747108", "values": [{"date": "2023-09-14-01-00-00", "latency": 31}, {"date": "2023-09-14-01-00-00", "latency": 31}, {"date": "2023-09-14-01-00-00", "latency": 31}, {"date": "2023-09-14-01-00-00", "latency": 31}, {"date": "2023-09-14-01-00-00", "latency": 31}, {"date": "2023-09-14-01-00-00", "latency": 31}, {"date": "2023-09-14-01-00-00", "latency": 31}, {"date": "2023-09-14-01-00-00", "latency": 31}, {"date": "2023-09-14-01-00-00", "latency": 31}, {"date": "2023-09-14-01-00-00", "latency": 31}, {"date": "2023-09-14-01-00-00", "latency": 31}, {"date": "2023-09-14-01-00-00", "latency": 31}, {"date": "2023-09-14-01-00-00", "latency": 31}, {"date": "2023-09-14-01-00-00", "latency": 31}, {"date": "2023-09-14-01-00-00", "latency": 31}, {"date": "2023-09-14-01-00-00", "latency": 31}, {"date": "2023-09-14-01-00-00", "latency": 31}, {"date": "2023-09-14-01-00-00", "latency": 31}, {"date": "2023-09-14-01-00-00", "latency": 31}, {"date": "2023-09-14-01-00-00", "latency": 31}, {"date": "2023-09-14-01-00-00", "latency": 31}, {"date": "2023-09-14-01-00-00", "latency": 31}]}, {"location": {"country_code": "ro"}, "game_id": "747108", "values": [{"date": "2023-09-13-19-00-00", "latency": 31}, {"date": "2023-09-13-19-00-00", "latency": 31}, {"date": "2023-09-13-19-00-00", "latency": 31}, {"date": "2023-09-13-19-00-00", "latency": 31}, {"date": "2023-09-13-19-00-00", "latency": 31}, {"date": "2023-09-13-19-00-00", "latency": 31}, {"date": "2023-09-13-19-00-00", "latency": 31}, {"date": "2023-09-13-19-00-00", "latency": 31}, {"date": "2023-09-13-19-00-00", "latency": 31}, {"date": "2023-09-13-19-00-00", "latency": 31}, {"date": "2023-09-13-19-00-00", "latency": 31}, {"date": "2023-09-13-19-00-00", "latency": 31}, {"date": "2023-09-13-19-00-00", "latency": 31}, {"date": "2023-09-13-19-00-00", "latency": 31}, {"date": "2023-09-13-21-00-00", "latency": 31}, {"date": "2023-09-13-21-00-00", "latency": 31}, {"date": "2023-09-13-21-00-00", "latency": 31}, {"date": "2023-09-13-21-00-00", "latency": 31}, {"date": "2023-09-13-21-00-00", "latency": 31}, {"date": "2023-09-13-21-00-00", "latency": 31}, {"date": "2023-09-13-21-00-00", "latency": 31}, {"date": "2023-09-13-21-00-00", "latency": 31}, {"date": "2023-09-13-21-00-00", "latency": 31}, {"date": "2023-09-13-21-00-00", "latency": 31}, {"date": "2023-09-13-21-00-00", "latency": 31}, {"date": "2023-09-13-21-00-00", "latency": 31}, {"date": "2023-09-13-21-00-00", "latency": 31}, {"date": "2023-09-13-21-00-00", "latency": 31}, {"date": "2023-09-13-21-00-00", "latency": 31}, {"date": "2023-09-13-21-00-00", "latency": 31}, {"date": "2023-09-13-21-00-00", "latency": 31}, {"date": "2023-09-13-21-00-00", "latency": 31}, {"date": "2023-09-13-21-00-00", "latency": 31}, {"date": "2023-09-13-21-00-00", "latency": 31}, {"date": "2023-09-13-21-00-00", "latency": 31}, {"date": "2023-09-13-21-00-00", "latency": 31}, {"date": "2023-09-13-21-00-00", "latency": 31}, {"date": "2023-09-13-21-00-00", "latency": 31}, {"date": "2023-09-13-21-00-00", "latency": 31}, {"date": "2023-09-13-21-00-00", "latency": 31}, {"date": "2023-09-13-21-00-00", "latency": 31}, {"date": "2023-09-13-21-00-00", "latency": 31}, {"date": "2023-09-13-21-00-00", "latency": 31}, {"date": "2023-09-13-21-00-00", "latency": 31}, {"date": "2023-09-13-21-00-00", "latency": 31}, {"date": "2023-09-13-21-00-00", "latency": 31}, {"date": "2023-09-13-21-00-00", "latency": 31}, {"date": "2023-09-13-21-00-00", "latency": 31}, {"date": "2023-09-13-21-00-00", "latency": 31}, {"date": "2023-09-13-21-00-00", "latency": 31}, {"date": "2023-09-13-21-00-00", "latency": 31}, {"date": "2023-09-13-21-00-00", "latency": 31}, {"date": "2023-09-13-21-00-00", "latency": 31}, {"date": "2023-09-13-21-00-00", "latency": 31}, {"date": "2023-09-13-21-00-00", "latency": 31}, {"date": "2023-09-13-21-00-00", "latency": 31}, {"date": "2023-09-13-21-00-00", "latency": 31}]}, {"location": {"country_code": "ca"}, "game_id": "747108", "values": [{"date": "2023-09-13-03-00-00", "latency": 47}, {"date": "2023-09-13-03-00-00", "latency": 47}, {"date": "2023-09-13-03-00-00", "latency": 47}, {"date": "2023-09-13-03-00-00", "latency": 47}, {"date": "2023-09-13-03-00-00", "latency": 47}, {"date": "2023-09-13-03-00-00", "latency": 47}, {"date": "2023-09-13-03-00-00", "latency": 47}, {"date": "2023-09-13-03-00-00", "latency": 47}, {"date": "2023-09-13-03-00-00", "latency": 47}, {"date": "2023-09-13-03-00-00", "latency": 47}, {"date": "2023-09-13-03-00-00", "latency": 47}, {"date": "2023-09-13-03-00-00", "latency": 47}, {"date": "2023-09-13-03-00-00", "latency": 47}, {"date": "2023-09-13-03-00-00", "latency": 47}, {"date": "2023-09-13-03-00-00", "latency": 47}, {"date": "2023-09-13-03-00-00", "latency": 47}, {"date": "2023-09-13-03-00-00", "latency": 47}, {"date": "2023-09-13-03-00-00", "latency": 47}, {"date": "2023-09-13-03-00-00", "latency": 47}, {"date": "2023-09-13-03-00-00", "latency": 47}, {"date": "2023-09-13-03-00-00", "latency": 47}, {"date": "2023-09-13-03-00-00", "latency": 47}, {"date": "2023-09-13-03-00-00", "latency": 47}, {"date": "2023-09-13-03-00-00", "latency": 47}, {"date": "2023-09-13-03-00-00", "latency": 47}, {"date": "2023-09-13-03-00-00", "latency": 47}, {"date": "2023-09-13-03-00-00", "latency": 47}, {"date": "2023-09-13-03-00-00", "latency": 47}, {"date": "2023-09-13-03-00-00", "latency": 47}, {"date": "2023-09-13-03-00-00", "latency": 47}, {"date": "2023-09-13-03-00-00", "latency": 47}, {"date": "2023-09-13-03-00-00", "latency": 47}, {"date": "2023-09-13-03-00-00", "latency": 47}, {"date": "2023-09-13-03-00-00", "latency": 47}, {"date": "2023-09-13-03-00-00", "latency": 47}, {"date": "2023-09-13-03-00-00", "latency": 47}, {"date": "2023-09-13-03-00-00", "latency": 47}, {"date": "2023-09-13-03-00-00", "latency": 47}, {"date": "2023-09-13-03-00-00", "latency": 47}, {"date": "2023-09-13-03-00-00", "latency": 47}, {"date": "2023-09-13-03-00-00", "latency": 47}, {"date": "2023-09-13-03-00-00", "latency": 47}, {"date": "2023-09-13-03-00-00", "latency": 47}, {"date": "2023-09-13-03-00-00", "latency": 47}, {"date": "2023-09-13-06-00-00", "latency": 47}, {"date": "2023-09-13-06-00-00", "latency": 47}, {"date": "2023-09-13-06-00-00", "latency": 47}, {"date": "2023-09-13-06-00-00", "latency": 47}, {"date": "2023-09-13-06-00-00", "latency": 47}, {"date": "2023-09-13-06-00-00", "latency": 47}, {"date": "2023-09-13-06-00-00", "latency": 47}, {"date": "2023-09-13-06-00-00", "latency": 47}, {"date": "2023-09-13-06-00-00", "latency": 47}, {"date": "2023-09-13-06-00-00", "latency": 47}, {"date": "2023-09-13-06-00-00", "latency": 47}, {"date": "2023-09-13-06-00-00", "latency": 47}, {"date": "2023-09-13-06-00-00", "latency": 47}, {"date": "2023-09-13-06-00-00", "latency": 47}]}, {"location": {"country_code": "ca", "region": "Ontario"}, "game_id": "747108", "values": [{"date": "2023-09-14-00-00-00", "latency": 31}, {"date": "2023-09-14-00-00-00", "latency": 31}, {"date": "2023-09-14-00-00-00", "latency": 31}, {"date": "2023-09-14-00-00-00", "latency": 31}, {"date": "2023-09-14-00-00-00", "latency": 31}, {"date": "2023-09-14-00-00-00", "latency": 31}, {"date": "2023-09-14-00-00-00", "latency": 31}, {"date": "2023-09-14-00-00-00", "latency": 31}, {"date": "2023-09-14-00-00-00", "latency": 31}, {"date": "2023-09-14-00-00-00", "latency": 31}, {"date": "2023-09-14-00-00-00", "latency": 31}, {"date": "2023-09-14-00-00-00", "latency": 31}, {"date": "2023-09-14-00-00-00", "latency": 31}, {"date": "2023-09-14-00-00-00", "latency": 31}, {"date": "2023-09-14-00-00-00", "latency": 31}, {"date": "2023-09-14-00-00-00", "latency": 31}, {"date": "2023-09-14-00-00-00", "latency": 31}, {"date": "2023-09-14-00-00-00", "latency": 31}, {"date": "2023-09-14-00-00-00", "latency": 31}, {"date": "2023-09-14-00-00-00", "latency": 31}, {"date": "2023-09-14-00-00-00", "latency": 31}, {"date": "2023-09-14-00-00-00", "latency": 31}, {"date": "2023-09-14-00-00-00", "latency": 31}, {"date": "2023-09-14-00-00-00", "latency": 31}, {"date": "2023-09-14-00-00-00", "latency": 31}, {"date": "2023-09-14-00-00-00", "latency": 31}, {"date": "2023-09-14-00-00-00", "latency": 31}, {"date": "2023-09-14-00-00-00", "latency": 31}, {"date": "2023-09-14-00-00-00", "latency": 31}, {"date": "2023-09-14-00-00-00", "latency": 31}, {"date": "2023-09-14-00-00-00", "latency": 31}, {"date": "2023-09-14-00-00-00", "latency": 31}]}, {"location": {"country_code": "de"}, "game_id": "747108", "values": [{"date": "2023-09-13-02-00-00", "latency": 1}, {"date": "2023-09-13-02-00-00", "latency": 1}, {"date": "2023-09-13-02-00-00", "latency": 1}, {"date": "2023-09-13-02-00-00", "latency": 1}, {"date": "2023-09-13-23-00-00", "latency": 6}, {"date": "2023-09-13-23-00-00", "latency": 6}, {"date": "2023-09-13-23-00-00", "latency": 6}, {"date": "2023-09-13-23-00-00", "latency": 6}, {"date": "2023-09-13-23-00-00", "latency": 6}, {"date": "2023-09-13-23-00-00", "latency": 6}, {"date": "2023-09-13-23-00-00", "latency": 6}, {"date": "2023-09-13-23-00-00", "latency": 6}, {"date": "2023-09-13-23-00-00", "latency": 6}, {"date": "2023-09-13-23-00-00", "latency": 6}, {"date": "2023-09-13-23-00-00", "latency": 6}, {"date": "2023-09-13-23-00-00", "latency": 6}, {"date": "2023-09-13-23-00-00", "latency": 6}, {"date": "2023-09-13-23-00-00", "latency": 6}, {"date": "2023-09-13-23-00-00", "latency": 6}, {"date": "2023-09-13-23-00-00", "latency": 6}, {"date": "2023-09-13-23-00-00", "latency": 6}, {"date": "2023-09-13-23-00-00", "latency": 6}, {"date": "2023-09-13-23-00-00", "latency": 6}, {"date": "2023-09-13-23-00-00", "latency": 6}, {"date": "2023-09-13-23-00-00", "latency": 6}, {"date": "2023-09-13-23-00-00", "latency": 6}, {"date": "2023-09-13-23-00-00", "latency": 6}, {"date": "2023-09-13-23-00-00", "latency": 6}, {"date": "2023-09-13-23-00-00", "latency": 6}, {"date": "2023-09-13-23-00-00", "latency": 6}, {"date": "2023-09-13-23-00-00", "latency": 6}, {"date": "2023-09-13-23-00-00", "latency": 6}, {"date": "2023-09-13-22-00-00", "latency": 6}]}, {"location": {"country_code": "br", "region": "Parana", "city": "Araucaria"}, "game_id": "747108", "values": [{"date": "2023-09-13-09-00-00", "latency": 16}, {"date": "2023-09-13-09-00-00", "latency": 16}, {"date": "2023-09-13-09-00-00", "latency": 16}, {"date": "2023-09-13-09-00-00", "latency": 16}, {"date": "2023-09-13-09-00-00", "latency": 16}, {"date": "2023-09-13-09-00-00", "latency": 16}, {"date": "2023-09-13-09-00-00", "latency": 16}, {"date": "2023-09-13-09-00-00", "latency": 16}, {"date": "2023-09-13-09-00-00", "latency": 16}, {"date": "2023-09-13-09-00-00", "latency": 16}, {"date": "2023-09-13-09-00-00", "latency": 16}, {"date": "2023-09-13-09-00-00", "latency": 16}, {"date": "2023-09-13-09-00-00", "latency": 16}, {"date": "2023-09-13-09-00-00", "latency": 16}, {"date": "2023-09-13-09-00-00", "latency": 16}, {"date": "2023-09-13-09-00-00", "latency": 16}, {"date": "2023-09-13-09-00-00", "latency": 16}, {"date": "2023-09-13-09-00-00", "latency": 16}, {"date": "2023-09-13-09-00-00", "latency": 16}, {"date": "2023-09-13-09-00-00", "latency": 16}, {"date": "2023-09-13-09-00-00", "latency": 16}, {"date": "2023-09-13-09-00-00", "latency": 16}, {"date": "2023-09-13-09-00-00", "latency": 16}, {"date": "2023-09-13-09-00-00", "latency": 16}, {"date": "2023-09-13-09-00-00", "latency": 16}, {"date": "2023-09-13-09-00-00", "latency": 16}, {"date": "2023-09-13-09-00-00", "latency": 16}, {"date": "2023-09-13-09-00-00", "latency": 16}, {"date": "2023-09-13-09-00-00", "latency": 16}, {"date": "2023-09-13-09-00-00", "latency": 16}, {"date": "2023-09-13-09-00-00", "latency": 16}, {"date": "2023-09-13-09-00-00", "latency": 16}, {"date": "2023-09-13-09-00-00", "latency": 16}, {"date": "2023-09-13-09-00-00", "latency": 16}, {"date": "2023-09-13-09-00-00", "latency": 16}, {"date": "2023-09-13-09-00-00", "latency": 16}]}, {"location": {"country_code": "us", "region": "Florida"}, "game_id": "747108", "values": [{"date": "2023-09-14-02-00-00", "latency": 156}, {"date": "2023-09-14-02-00-00", "latency": 156}, {"date": "2023-09-14-02-00-00", "latency": 156}, {"date": "2023-09-14-02-00-00", "latency": 156}, {"date": "2023-09-14-02-00-00", "latency": 156}, {"date": "2023-09-14-02-00-00", "latency": 156}, {"date": "2023-09-14-02-00-00", "latency": 156}, {"date": "2023-09-14-02-00-00", "latency": 156}, {"date": "2023-09-14-02-00-00", "latency": 156}, {"date": "2023-09-14-02-00-00", "latency": 156}, {"date": "2023-09-14-02-00-00", "latency": 156}, {"date": "2023-09-14-02-00-00", "latency": 156}, {"date": "2023-09-14-02-00-00", "latency": 156}, {"date": "2023-09-14-02-00-00", "latency": 156}, {"date": "2023-09-14-02-00-00", "latency": 156}, {"date": "2023-09-14-02-00-00", "latency": 156}, {"date": "2023-09-14-02-00-00", "latency": 156}, {"date": "2023-09-14-02-00-00", "latency": 156}, {"date": "2023-09-14-02-00-00", "latency": 156}, {"date": "2023-09-14-02-00-00", "latency": 156}, {"date": "2023-09-14-02-00-00", "latency": 156}, {"date": "2023-09-14-02-00-00", "latency": 156}, {"date": "2023-09-14-02-00-00", "latency": 156}, {"date": "2023-09-14-02-00-00", "latency": 156}, {"date": "2023-09-14-02-00-00", "latency": 156}, {"date": "2023-09-14-02-00-00", "latency": 156}, {"date": "2023-09-14-02-00-00", "latency": 156}, {"date": "2023-09-14-02-00-00", "latency": 156}, {"date": "2023-09-14-02-00-00", "latency": 156}, {"date": "2023-09-14-02-00-00", "latency": 156}, {"date": "2023-09-14-02-00-00", "latency": 156}, {"date": "2023-09-14-02-00-00", "latency": 156}, {"date": "2023-09-14-02-00-00", "latency": 156}, {"date": "2023-09-14-02-00-00", "latency": 156}, {"date": "2023-09-14-02-00-00", "latency": 156}, {"date": "2023-09-14-02-00-00", "latency": 156}, {"date": "2023-09-14-02-00-00", "latency": 156}, {"date": "2023-09-14-02-00-00", "latency": 156}, {"date": "2023-09-14-02-00-00", "latency": 156}, {"date": "2023-09-14-02-00-00", "latency": 156}, {"date": "2023-09-14-02-00-00", "latency": 156}, {"date": "2023-09-14-02-00-00", "latency": 156}, {"date": "2023-09-14-02-00-00", "latency": 156}, {"date": "2023-09-14-02-00-00", "latency": 156}, {"date": "2023-09-14-02-00-00", "latency": 156}, {"date": "2023-09-14-02-00-00", "latency": 156}, {"date": "2023-09-14-02-00-00", "latency": 156}, {"date": "2023-09-14-02-00-00", "latency": 156}, {"date": "2023-09-14-02-00-00", "latency": 156}, {"date": "2023-09-14-02-00-00", "latency": 156}, {"date": "2023-09-14-02-00-00", "latency": 156}, {"date": "2023-09-14-02-00-00", "latency": 156}, {"date": "2023-09-14-02-00-00", "latency": 156}, {"date": "2023-09-14-02-00-00", "latency": 156}, {"date": "2023-09-14-02-00-00", "latency": 156}, {"date": "2023-09-14-02-00-00", "latency": 156}, {"date": "2023-09-14-02-00-00", "latency": 156}, {"date": "2023-09-14-02-00-00", "latency": 156}, {"date": "2023-09-14-02-00-00", "latency": 156}, {"date": "2023-09-14-02-00-00", "latency": 156}, {"date": "2023-09-14-02-00-00", "latency": 156}, {"date": "2023-09-14-02-00-00", "latency": 156}, {"date": "2023-09-14-02-00-00", "latency": 156}, {"date": "2023-09-14-02-00-00", "latency": 156}, {"date": "2023-09-14-02-00-00", "latency": 156}, {"date": "2023-09-14-02-00-00", "latency": 156}, {"date": "2023-09-14-02-00-00", "latency": 156}, {"date": "2023-09-14-02-00-00", "latency": 156}, {"date": "2023-09-14-02-00-00", "latency": 156}, {"date": "2023-09-14-02-00-00", "latency": 156}, {"date": "2023-09-14-02-00-00", "latency": 156}, {"date": "2023-09-14-02-00-00", "latency": 156}, {"date": "2023-09-14-02-00-00", "latency": 156}, {"date": "2023-09-14-02-00-00", "latency": 156}, {"date": "2023-09-14-02-00-00", "latency": 156}, {"date": "2023-09-14-02-00-00", "latency": 156}, {"date": "2023-09-14-02-00-00", "latency": 156}, {"date": "2023-09-14-02-00-00", "latency": 156}, {"date": "2023-09-14-02-00-00", "latency": 156}, {"date": "2023-09-14-02-00-00", "latency": 156}, {"date": "2023-09-14-02-00-00", "latency": 156}, {"date": "2023-09-14-02-00-00", "latency": 156}, {"date": "2023-09-14-02-00-00", "latency": 156}, {"date": "2023-09-14-02-00-00", "latency": 156}, {"date": "2023-09-14-02-00-00", "latency": 156}, {"date": "2023-09-14-02-00-00", "latency": 156}, {"date": "2023-09-14-02-00-00", "latency": 156}, {"date": "2023-09-14-02-00-00", "latency": 156}, {"date": "2023-09-14-02-00-00", "latency": 156}, {"date": "2023-09-14-02-00-00", "latency": 156}, {"date": "2023-09-14-02-00-00", "latency": 156}, {"date": "2023-09-14-02-00-00", "latency": 156}, {"date": "2023-09-14-02-00-00", "latency": 156}, {"date": "2023-09-14-02-00-00", "latency": 156}, {"date": "2023-09-14-02-00-00", "latency": 156}, {"date": "2023-09-14-02-00-00", "latency": 32}, {"date": "2023-09-14-02-00-00", "latency": 32}, {"date": "2023-09-14-02-00-00", "latency": 32}, {"date": "2023-09-14-02-00-00", "latency": 32}, {"date": "2023-09-14-02-00-00", "latency": 32}, {"date": "2023-09-14-02-00-00", "latency": 32}, {"date": "2023-09-14-02-00-00", "latency": 32}, {"date": "2023-09-14-02-00-00", "latency": 32}, {"date": "2023-09-14-02-00-00", "latency": 32}, {"date": "2023-09-14-02-00-00", "latency": 32}, {"date": "2023-09-14-02-00-00", "latency": 32}, {"date": "2023-09-14-02-00-00", "latency": 32}, {"date": "2023-09-14-02-00-00", "latency": 32}, {"date": "2023-09-14-02-00-00", "latency": 32}, {"date": "2023-09-14-02-00-00", "latency": 32}, {"date": "2023-09-14-02-00-00", "latency": 32}, {"date": "2023-09-14-02-00-00", "latency": 32}, {"date": "2023-09-14-02-00-00", "latency": 32}, {"date": "2023-09-14-02-00-00", "latency": 32}, {"date": "2023-09-14-02-00-00", "latency": 32}, {"date": "2023-09-14-02-00-00", "latency": 32}, {"date": "2023-09-14-02-00-00", "latency": 32}, {"date": "2023-09-14-02-00-00", "latency": 32}, {"date": "2023-09-14-02-00-00", "latency": 32}, {"date": "2023-09-14-02-00-00", "latency": 32}, {"date": "2023-09-14-02-00-00", "latency": 32}, {"date": "2023-09-14-02-00-00", "latency": 32}, {"date": "2023-09-14-02-00-00", "latency": 32}, {"date": "2023-09-14-02-00-00", "latency": 32}, {"date": "2023-09-14-02-00-00", "latency": 32}, {"date": "2023-09-14-02-00-00", "latency": 32}, {"date": "2023-09-14-02-00-00", "latency": 32}, {"date": "2023-09-14-02-00-00", "latency": 32}, {"date": "2023-09-14-02-00-00", "latency": 32}, {"date": "2023-09-14-02-00-00", "latency": 32}, {"date": "2023-09-14-02-00-00", "latency": 32}, {"date": "2023-09-14-02-00-00", "latency": 32}, {"date": "2023-09-14-02-00-00", "latency": 32}]}, {"location": {"country_code": "ph"}, "game_id": "747108", "values": [{"date": "2023-09-13-20-00-00", "latency": 172}, {"date": "2023-09-13-20-00-00", "latency": 172}, {"date": "2023-09-13-20-00-00", "latency": 172}, {"date": "2023-09-13-20-00-00", "latency": 172}, {"date": "2023-09-13-20-00-00", "latency": 172}, {"date": "2023-09-13-20-00-00", "latency": 172}, {"date": "2023-09-13-20-00-00", "latency": 172}, {"date": "2023-09-13-20-00-00", "latency": 172}, {"date": "2023-09-13-20-00-00", "latency": 172}, {"date": "2023-09-13-20-00-00", "latency": 172}, {"date": "2023-09-13-20-00-00", "latency": 172}, {"date": "2023-09-13-20-00-00", "latency": 172}, {"date": "2023-09-13-20-00-00", "latency": 172}, {"date": "2023-09-13-20-00-00", "latency": 172}, {"date": "2023-09-13-20-00-00", "latency": 172}, {"date": "2023-09-13-20-00-00", "latency": 172}, {"date": "2023-09-13-23-00-00", "latency": 235}, {"date": "2023-09-13-23-00-00", "latency": 235}, {"date": "2023-09-13-23-00-00", "latency": 235}, {"date": "2023-09-13-23-00-00", "latency": 235}, {"date": "2023-09-13-23-00-00", "latency": 235}, {"date": "2023-09-13-23-00-00", "latency": 235}, {"date": "2023-09-13-20-00-00", "latency": 141}, {"date": "2023-09-13-20-00-00", "latency": 141}, {"date": "2023-09-13-20-00-00", "latency": 141}, {"date": "2023-09-13-20-00-00", "latency": 141}, {"date": "2023-09-13-20-00-00", "latency": 141}, {"date": "2023-09-13-20-00-00", "latency": 141}, {"date": "2023-09-13-20-00-00", "latency": 141}, {"date": "2023-09-13-20-00-00", "latency": 141}, {"date": "2023-09-13-20-00-00", "latency": 141}, {"date": "2023-09-13-20-00-00", "latency": 141}, {"date": "2023-09-13-20-00-00", "latency": 141}, {"date": "2023-09-13-20-00-00", "latency": 141}, {"date": "2023-09-13-20-00-00", "latency": 141}, {"date": "2023-09-13-20-00-00", "latency": 141}, {"date": "2023-09-13-20-00-00", "latency": 141}, {"date": "2023-09-13-20-00-00", "latency": 141}, {"date": "2023-09-13-20-00-00", "latency": 141}, {"date": "2023-09-13-20-00-00", "latency": 141}, {"date": "2023-09-13-20-00-00", "latency": 141}, {"date": "2023-09-13-20-00-00", "latency": 141}, {"date": "2023-09-13-20-00-00", "latency": 141}, {"date": "2023-09-13-20-00-00", "latency": 141}, {"date": "2023-09-13-20-00-00", "latency": 141}, {"date": "2023-09-13-20-00-00", "latency": 141}, {"date": "2023-09-13-20-00-00", "latency": 141}]}, {"location": {"country_code": "fr"}, "game_id": "747108", "values": [{"date": "2023-09-13-20-00-00", "latency": 1}, {"date": "2023-09-13-20-00-00", "latency": 1}]}, {"location": {"country_code": "mx"}, "game_id": "747108", "values": [{"date": "2023-09-13-03-00-00", "latency": 63}, {"date": "2023-09-13-03-00-00", "latency": 63}, {"date": "2023-09-14-02-00-00", "latency": 78}, {"date": "2023-09-14-02-00-00", "latency": 78}, {"date": "2023-09-14-02-00-00", "latency": 78}, {"date": "2023-09-14-02-00-00", "latency": 78}, {"date": "2023-09-14-02-00-00", "latency": 78}, {"date": "2023-09-14-02-00-00", "latency": 78}, {"date": "2023-09-14-02-00-00", "latency": 78}, {"date": "2023-09-14-02-00-00", "latency": 78}, {"date": "2023-09-14-02-00-00", "latency": 78}, {"date": "2023-09-14-02-00-00", "latency": 78}, {"date": "2023-09-14-02-00-00", "latency": 78}, {"date": "2023-09-14-02-00-00", "latency": 78}, {"date": "2023-09-14-02-00-00", "latency": 78}, {"date": "2023-09-14-02-00-00", "latency": 78}, {"date": "2023-09-14-02-00-00", "latency": 78}, {"date": "2023-09-14-02-00-00", "latency": 78}, {"date": "2023-09-14-02-00-00", "latency": 78}, {"date": "2023-09-14-02-00-00", "latency": 78}, {"date": "2023-09-14-02-00-00", "latency": 78}, {"date": "2023-09-14-02-00-00", "latency": 78}, {"date": "2023-09-14-02-00-00", "latency": 78}, {"date": "2023-09-14-02-00-00", "latency": 78}, {"date": "2023-09-14-02-00-00", "latency": 78}, {"date": "2023-09-14-02-00-00", "latency": 78}, {"date": "2023-09-14-02-00-00", "latency": 78}, {"date": "2023-09-14-02-00-00", "latency": 78}, {"date": "2023-09-14-02-00-00", "latency": 78}, {"date": "2023-09-14-02-00-00", "latency": 78}, {"date": "2023-09-14-02-00-00", "latency": 78}, {"date": "2023-09-14-02-00-00", "latency": 78}, {"date": "2023-09-14-02-00-00", "latency": 78}, {"date": "2023-09-14-02-00-00", "latency": 78}, {"date": "2023-09-14-02-00-00", "latency": 78}, {"date": "2023-09-14-02-00-00", "latency": 78}, {"date": "2023-09-14-02-00-00", "latency": 78}, {"date": "2023-09-14-02-00-00", "latency": 78}, {"date": "2023-09-14-02-00-00", "latency": 78}, {"date": "2023-09-14-02-00-00", "latency": 78}, {"date": "2023-09-14-02-00-00", "latency": 78}, {"date": "2023-09-14-02-00-00", "latency": 78}, {"date": "2023-09-14-02-00-00", "latency": 78}, {"date": "2023-09-14-02-00-00", "latency": 78}, {"date": "2023-09-14-02-00-00", "latency": 78}, {"date": "2023-09-14-02-00-00", "latency": 78}, {"date": "2023-09-14-02-00-00", "latency": 78}, {"date": "2023-09-14-02-00-00", "latency": 78}, {"date": "2023-09-14-02-00-00", "latency": 78}, {"date": "2023-09-14-02-00-00", "latency": 78}, {"date": "2023-09-14-02-00-00", "latency": 78}, {"date": "2023-09-14-02-00-00", "latency": 78}, {"date": "2023-09-14-02-00-00", "latency": 78}, {"date": "2023-09-14-02-00-00", "latency": 78}, {"date": "2023-09-14-02-00-00", "latency": 78}, {"date": "2023-09-14-02-00-00", "latency": 78}, {"date": "2023-09-14-02-00-00", "latency": 93}, {"date": "2023-09-14-02-00-00", "latency": 93}, {"date": "2023-09-14-02-00-00", "latency": 93}, {"date": "2023-09-14-02-00-00", "latency": 93}, {"date": "2023-09-14-02-00-00", "latency": 93}, {"date": "2023-09-14-02-00-00", "latency": 93}, {"date": "2023-09-14-02-00-00", "latency": 93}, {"date": "2023-09-14-02-00-00", "latency": 93}, {"date": "2023-09-14-02-00-00", "latency": 93}, {"date": "2023-09-14-02-00-00", "latency": 93}, {"date": "2023-09-14-02-00-00", "latency": 93}, {"date": "2023-09-14-02-00-00", "latency": 93}, {"date": "2023-09-14-02-00-00", "latency": 93}, {"date": "2023-09-14-02-00-00", "latency": 93}, {"date": "2023-09-14-02-00-00", "latency": 93}, {"date": "2023-09-14-02-00-00", "latency": 93}, {"date": "2023-09-14-02-00-00", "latency": 93}, {"date": "2023-09-14-02-00-00", "latency": 93}, {"date": "2023-09-14-02-00-00", "latency": 93}, {"date": "2023-09-14-02-00-00", "latency": 93}, {"date": "2023-09-14-02-00-00", "latency": 93}, {"date": "2023-09-14-02-00-00", "latency": 93}, {"date": "2023-09-14-02-00-00", "latency": 93}, {"date": "2023-09-14-02-00-00", "latency": 93}]}, {"location": {"country_code": "br"}, "game_id": "747108", "values": [{"date": "2023-09-13-16-00-00", "latency": 16}, {"date": "2023-09-13-16-00-00", "latency": 16}, {"date": "2023-09-13-16-00-00", "latency": 16}, {"date": "2023-09-13-16-00-00", "latency": 16}, {"date": "2023-09-13-16-00-00", "latency": 16}, {"date": "2023-09-13-16-00-00", "latency": 16}, {"date": "2023-09-13-16-00-00", "latency": 16}, {"date": "2023-09-13-16-00-00", "latency": 16}, {"date": "2023-09-13-16-00-00", "latency": 16}, {"date": "2023-09-13-16-00-00", "latency": 16}, {"date": "2023-09-13-16-00-00", "latency": 16}, {"date": "2023-09-13-16-00-00", "latency": 16}, {"date": "2023-09-13-16-00-00", "latency": 16}, {"date": "2023-09-13-16-00-00", "latency": 16}, {"date": "2023-09-13-16-00-00", "latency": 16}, {"date": "2023-09-13-16-00-00", "latency": 16}, {"date": "2023-09-13-16-00-00", "latency": 16}, {"date": "2023-09-13-16-00-00", "latency": 16}, {"date": "2023-09-13-16-00-00", "latency": 16}, {"date": "2023-09-13-16-00-00", "latency": 16}, {"date": "2023-09-13-16-00-00", "latency": 16}, {"date": "2023-09-13-16-00-00", "latency": 16}, {"date": "2023-09-13-16-00-00", "latency": 16}, {"date": "2023-09-13-16-00-00", "latency": 16}, {"date": "2023-09-13-16-00-00", "latency": 16}, {"date": "2023-09-13-16-00-00", "latency": 16}, {"date": "2023-09-13-16-00-00", "latency": 16}, {"date": "2023-09-13-16-00-00", "latency": 16}, {"date": "2023-09-13-16-00-00", "latency": 16}, {"date": "2023-09-13-16-00-00", "latency": 16}, {"date": "2023-09-13-16-00-00", "latency": 16}, {"date": "2023-09-13-16-00-00", "latency": 16}, {"date": "2023-09-13-16-00-00", "latency": 16}, {"date": "2023-09-13-16-00-00", "latency": 16}, {"date": "2023-09-13-16-00-00", "latency": 16}, {"date": "2023-09-13-16-00-00", "latency": 16}, {"date": "2023-09-14-02-00-00", "latency": 32}, {"date": "2023-09-14-02-00-00", "latency": 32}, {"date": "2023-09-14-02-00-00", "latency": 32}, {"date": "2023-09-14-02-00-00", "latency": 32}, {"date": "2023-09-14-02-00-00", "latency": 32}, {"date": "2023-09-14-02-00-00", "latency": 32}, {"date": "2023-09-14-02-00-00", "latency": 32}, {"date": "2023-09-14-02-00-00", "latency": 32}, {"date": "2023-09-14-02-00-00", "latency": 32}, {"date": "2023-09-14-02-00-00", "latency": 32}, {"date": "2023-09-14-02-00-00", "latency": 32}, {"date": "2023-09-14-02-00-00", "latency": 32}, {"date": "2023-09-14-02-00-00", "latency": 32}, {"date": "2023-09-14-02-00-00", "latency": 32}, {"date": "2023-09-14-02-00-00", "latency": 32}, {"date": "2023-09-14-02-00-00", "latency": 47}, {"date": "2023-09-14-02-00-00", "latency": 47}, {"date": "2023-09-14-02-00-00", "latency": 47}, {"date": "2023-09-14-02-00-00", "latency": 47}, {"date": "2023-09-14-02-00-00", "latency": 47}, {"date": "2023-09-14-02-00-00", "latency": 47}, {"date": "2023-09-14-02-00-00", "latency": 47}, {"date": "2023-09-14-02-00-00", "latency": 47}, {"date": "2023-09-14-02-00-00", "latency": 47}, {"date": "2023-09-14-02-00-00", "latency": 47}, {"date": "2023-09-14-02-00-00", "latency": 47}, {"date": "2023-09-14-02-00-00", "latency": 47}, {"date": "2023-09-14-02-00-00", "latency": 47}, {"date": "2023-09-14-02-00-00", "latency": 47}, {"date": "2023-09-14-02-00-00", "latency": 47}, {"date": "2023-09-14-02-00-00", "latency": 47}, {"date": "2023-09-14-02-00-00", "latency": 47}, {"date": "2023-09-14-02-00-00", "latency": 47}, {"date": "2023-09-14-02-00-00", "latency": 47}, {"date": "2023-09-14-02-00-00", "latency": 47}, {"date": "2023-09-14-02-00-00", "latency": 47}, {"date": "2023-09-14-02-00-00", "latency": 47}, {"date": "2023-09-14-02-00-00", "latency": 47}, {"date": "2023-09-14-02-00-00", "latency": 47}, {"date": "2023-09-14-02-00-00", "latency": 47}, {"date": "2023-09-14-02-00-00", "latency": 47}, {"date": "2023-09-14-02-00-00", "latency": 47}, {"date": "2023-09-14-02-00-00", "latency": 47}, {"date": "2023-09-14-02-00-00", "latency": 47}, {"date": "2023-09-14-02-00-00", "latency": 47}, {"date": "2023-09-14-02-00-00", "latency": 47}, {"date": "2023-09-14-02-00-00", "latency": 47}, {"date": "2023-09-14-02-00-00", "latency": 47}, {"date": "2023-09-14-02-00-00", "latency": 47}, {"date": "2023-09-14-02-00-00", "latency": 47}, {"date": "2023-09-14-02-00-00", "latency": 47}, {"date": "2023-09-14-02-00-00", "latency": 47}, {"date": "2023-09-14-02-00-00", "latency": 47}, {"date": "2023-09-14-02-00-00", "latency": 47}, {"date": "2023-09-14-02-00-00", "latency": 47}, {"date": "2023-09-14-02-00-00", "latency": 47}, {"date": "2023-09-13-06-00-00", "latency": 16}, {"date": "2023-09-13-06-00-00", "latency": 16}, {"date": "2023-09-13-06-00-00", "latency": 16}, {"date": "2023-09-13-06-00-00", "latency": 16}, {"date": "2023-09-13-06-00-00", "latency": 16}, {"date": "2023-09-13-06-00-00", "latency": 16}, {"date": "2023-09-13-06-00-00", "latency": 16}, {"date": "2023-09-13-06-00-00", "latency": 16}, {"date": "2023-09-13-06-00-00", "latency": 16}, {"date": "2023-09-13-06-00-00", "latency": 16}]}, {"location": {"country_code": "br", "region": "Sao Paulo", "city": "Apiai"}, "game_id": "747108", "values": [{"date": "2023-09-13-20-00-00", "latency": 15}, {"date": "2023-09-13-20-00-00", "latency": 15}, {"date": "2023-09-13-20-00-00", "latency": 15}, {"date": "2023-09-13-20-00-00", "latency": 15}, {"date": "2023-09-13-20-00-00", "latency": 15}, {"date": "2023-09-13-20-00-00", "latency": 15}, {"date": "2023-09-13-20-00-00", "latency": 15}, {"date": "2023-09-14-01-00-00", "latency": 1}]}, {"location": {"country_code": "us", "region": "Maryland", "city": "Dundalk"}, "game_id": "747108", "values": [{"date": "2023-09-14-02-00-00", "latency": 16}, {"date": "2023-09-14-02-00-00", "latency": 16}, {"date": "2023-09-14-02-00-00", "latency": 16}, {"date": "2023-09-14-02-00-00", "latency": 16}, {"date": "2023-09-14-02-00-00", "latency": 16}, {"date": "2023-09-14-02-00-00", "latency": 16}, {"date": "2023-09-14-02-00-00", "latency": 16}, {"date": "2023-09-14-02-00-00", "latency": 16}, {"date": "2023-09-14-02-00-00", "latency": 16}, {"date": "2023-09-14-02-00-00", "latency": 16}, {"date": "2023-09-14-02-00-00", "latency": 16}, {"date": "2023-09-14-02-00-00", "latency": 16}, {"date": "2023-09-14-02-00-00", "latency": 16}, {"date": "2023-09-14-02-00-00", "latency": 16}, {"date": "2023-09-14-02-00-00", "latency": 16}, {"date": "2023-09-14-02-00-00", "latency": 16}, {"date": "2023-09-14-02-00-00", "latency": 16}, {"date": "2023-09-14-02-00-00", "latency": 16}, {"date": "2023-09-14-02-00-00", "latency": 16}, {"date": "2023-09-14-02-00-00", "latency": 16}, {"date": "2023-09-14-02-00-00", "latency": 16}, {"date": "2023-09-14-02-00-00", "latency": 16}, {"date": "2023-09-14-02-00-00", "latency": 16}]}, {"location": {"country_code": "tr"}, "game_id": "747108", "values": [{"date": "2023-09-13-22-00-00", "latency": 47}, {"date": "2023-09-13-22-00-00", "latency": 47}, {"date": "2023-09-13-22-00-00", "latency": 47}, {"date": "2023-09-13-22-00-00", "latency": 47}, {"date": "2023-09-13-22-00-00", "latency": 47}, {"date": "2023-09-13-22-00-00", "latency": 47}, {"date": "2023-09-13-22-00-00", "latency": 47}, {"date": "2023-09-13-22-00-00", "latency": 47}, {"date": "2023-09-13-22-00-00", "latency": 47}, {"date": "2023-09-13-22-00-00", "latency": 47}, {"date": "2023-09-13-22-00-00", "latency": 47}, {"date": "2023-09-13-22-00-00", "latency": 47}, {"date": "2023-09-13-22-00-00", "latency": 47}, {"date": "2023-09-13-22-00-00", "latency": 47}, {"date": "2023-09-13-22-00-00", "latency": 47}, {"date": "2023-09-13-22-00-00", "latency": 47}, {"date": "2023-09-13-22-00-00", "latency": 47}, {"date": "2023-09-13-22-00-00", "latency": 47}, {"date": "2023-09-13-22-00-00", "latency": 47}, {"date": "2023-09-13-22-00-00", "latency": 47}, {"date": "2023-09-13-19-00-00", "latency": 47}, {"date": "2023-09-13-19-00-00", "latency": 47}, {"date": "2023-09-13-19-00-00", "latency": 47}, {"date": "2023-09-13-19-00-00", "latency": 47}, {"date": "2023-09-13-19-00-00", "latency": 47}, {"date": "2023-09-13-19-00-00", "latency": 47}, {"date": "2023-09-13-19-00-00", "latency": 47}, {"date": "2023-09-13-19-00-00", "latency": 47}, {"date": "2023-09-13-19-00-00", "latency": 47}, {"date": "2023-09-13-19-00-00", "latency": 47}, {"date": "2023-09-13-19-00-00", "latency": 47}, {"date": "2023-09-13-19-00-00", "latency": 47}, {"date": "2023-09-13-19-00-00", "latency": 47}, {"date": "2023-09-13-19-00-00", "latency": 47}, {"date": "2023-09-13-19-00-00", "latency": 47}, {"date": "2023-09-13-19-00-00", "latency": 47}, {"date": "2023-09-13-19-00-00", "latency": 47}, {"date": "2023-09-13-19-00-00", "latency": 47}, {"date": "2023-09-13-19-00-00", "latency": 47}, {"date": "2023-09-13-19-00-00", "latency": 47}, {"date": "2023-09-13-19-00-00", "latency": 47}, {"date": "2023-09-13-19-00-00", "latency": 47}, {"date": "2023-09-13-19-00-00", "latency": 47}, {"date": "2023-09-13-19-00-00", "latency": 47}, {"date": "2023-09-13-19-00-00", "latency": 47}, {"date": "2023-09-13-19-00-00", "latency": 47}, {"date": "2023-09-13-19-00-00", "latency": 47}, {"date": "2023-09-13-19-00-00", "latency": 47}, {"date": "2023-09-13-19-00-00", "latency": 47}]}, {"location": {"country_code": "kr"}, "game_id": "747108", "values": [{"date": "2023-09-13-12-00-00", "latency": 16}, {"date": "2023-09-13-12-00-00", "latency": 16}, {"date": "2023-09-13-12-00-00", "latency": 16}, {"date": "2023-09-13-12-00-00", "latency": 16}, {"date": "2023-09-13-12-00-00", "latency": 16}, {"date": "2023-09-13-12-00-00", "latency": 16}, {"date": "2023-09-13-12-00-00", "latency": 16}, {"date": "2023-09-13-12-00-00", "latency": 16}, {"date": "2023-09-13-12-00-00", "latency": 16}, {"date": "2023-09-13-12-00-00", "latency": 16}, {"date": "2023-09-13-12-00-00", "latency": 16}, {"date": "2023-09-13-12-00-00", "latency": 16}, {"date": "2023-09-13-12-00-00", "latency": 16}, {"date": "2023-09-13-12-00-00", "latency": 16}, {"date": "2023-09-13-12-00-00", "latency": 16}, {"date": "2023-09-13-12-00-00", "latency": 16}, {"date": "2023-09-13-12-00-00", "latency": 16}, {"date": "2023-09-13-12-00-00", "latency": 16}, {"date": "2023-09-13-12-00-00", "latency": 16}, {"date": "2023-09-13-12-00-00", "latency": 16}, {"date": "2023-09-13-12-00-00", "latency": 16}, {"date": "2023-09-13-12-00-00", "latency": 16}, {"date": "2023-09-13-12-00-00", "latency": 16}, {"date": "2023-09-13-12-00-00", "latency": 16}, {"date": "2023-09-13-12-00-00", "latency": 16}, {"date": "2023-09-13-12-00-00", "latency": 16}, {"date": "2023-09-13-12-00-00", "latency": 16}, {"date": "2023-09-13-12-00-00", "latency": 16}, {"date": "2023-09-13-12-00-00", "latency": 16}, {"date": "2023-09-13-12-00-00", "latency": 16}, {"date": "2023-09-13-12-00-00", "latency": 16}, {"date": "2023-09-13-12-00-00", "latency": 16}, {"date": "2023-09-13-12-00-00", "latency": 16}, {"date": "2023-09-13-12-00-00", "latency": 16}, {"date": "2023-09-13-12-00-00", "latency": 16}, {"date": "2023-09-13-12-00-00", "latency": 16}, {"date": "2023-09-13-12-00-00", "latency": 16}, {"date": "2023-09-13-12-00-00", "latency": 16}, {"date": "2023-09-13-12-00-00", "latency": 16}, {"date": "2023-09-13-12-00-00", "latency": 16}, {"date": "2023-09-13-12-00-00", "latency": 16}, {"date": "2023-09-13-12-00-00", "latency": 16}, {"date": "2023-09-13-12-00-00", "latency": 16}, {"date": "2023-09-13-12-00-00", "latency": 16}, {"date": "2023-09-13-12-00-00", "latency": 16}, {"date": "2023-09-13-12-00-00", "latency": 16}, {"date": "2023-09-13-12-00-00", "latency": 16}, {"date": "2023-09-13-12-00-00", "latency": 16}, {"date": "2023-09-13-12-00-00", "latency": 16}, {"date": "2023-09-13-12-00-00", "latency": 16}, {"date": "2023-09-13-12-00-00", "latency": 16}, {"date": "2023-09-13-12-00-00", "latency": 16}, {"date": "2023-09-13-12-00-00", "latency": 16}, {"date": "2023-09-13-12-00-00", "latency": 16}, {"date": "2023-09-13-12-00-00", "latency": 16}, {"date": "2023-09-13-12-00-00", "latency": 16}, {"date": "2023-09-13-12-00-00", "latency": 16}, {"date": "2023-09-13-12-00-00", "latency": 16}, {"date": "2023-09-13-12-00-00", "latency": 16}, {"date": "2023-09-13-12-00-00", "latency": 16}, {"date": "2023-09-13-12-00-00", "latency": 16}, {"date": "2023-09-13-12-00-00", "latency": 16}, {"date": "2023-09-13-12-00-00", "latency": 16}, {"date": "2023-09-13-12-00-00", "latency": 16}, {"date": "2023-09-13-12-00-00", "latency": 16}, {"date": "2023-09-13-12-00-00", "latency": 16}, {"date": "2023-09-13-12-00-00", "latency": 16}, {"date": "2023-09-13-12-00-00", "latency": 16}, {"date": "2023-09-13-12-00-00", "latency": 16}, {"date": "2023-09-13-12-00-00", "latency": 16}, {"date": "2023-09-13-12-00-00", "latency": 16}, {"date": "2023-09-13-12-00-00", "latency": 16}, {"date": "2023-09-13-12-00-00", "latency": 16}, {"date": "2023-09-13-12-00-00", "latency": 16}, {"date": "2023-09-13-12-00-00", "latency": 16}, {"date": "2023-09-13-12-00-00", "latency": 16}, {"date": "2023-09-13-12-00-00", "latency": 16}, {"date": "2023-09-13-12-00-00", "latency": 16}, {"date": "2023-09-13-12-00-00", "latency": 16}, {"date": "2023-09-13-12-00-00", "latency": 16}, {"date": "2023-09-13-12-00-00", "latency": 16}, {"date": "2023-09-13-12-00-00", "latency": 16}, {"date": "2023-09-13-12-00-00", "latency": 16}, {"date": "2023-09-13-12-00-00", "latency": 16}, {"date": "2023-09-13-12-00-00", "latency": 16}, {"date": "2023-09-13-12-00-00", "latency": 16}, {"date": "2023-09-13-12-00-00", "latency": 16}, {"date": "2023-09-13-12-00-00", "latency": 16}, {"date": "2023-09-13-12-00-00", "latency": 16}, {"date": "2023-09-13-12-00-00", "latency": 16}, {"date": "2023-09-13-12-00-00", "latency": 16}, {"date": "2023-09-13-19-00-00", "latency": 16}, {"date": "2023-09-13-19-00-00", "latency": 16}, {"date": "2023-09-13-19-00-00", "latency": 16}, {"date": "2023-09-13-19-00-00", "latency": 16}, {"date": "2023-09-13-19-00-00", "latency": 16}, {"date": "2023-09-13-19-00-00", "latency": 16}, {"date": "2023-09-13-19-00-00", "latency": 16}, {"date": "2023-09-13-19-00-00", "latency": 16}, {"date": "2023-09-13-19-00-00", "latency": 16}, {"date": "2023-09-13-19-00-00", "latency": 16}, {"date": "2023-09-13-19-00-00", "latency": 16}, {"date": "2023-09-13-19-00-00", "latency": 16}, {"date": "2023-09-13-19-00-00", "latency": 16}, {"date": "2023-09-13-19-00-00", "latency": 16}, {"date": "2023-09-13-19-00-00", "latency": 16}, {"date": "2023-09-13-19-00-00", "latency": 16}, {"date": "2023-09-13-19-00-00", "latency": 16}, {"date": "2023-09-13-19-00-00", "latency": 16}, {"date": "2023-09-13-19-00-00", "latency": 16}, {"date": "2023-09-13-19-00-00", "latency": 16}, {"date": "2023-09-13-19-00-00", "latency": 16}, {"date": "2023-09-13-19-00-00", "latency": 16}, {"date": "2023-09-13-19-00-00", "latency": 16}, {"date": "2023-09-13-19-00-00", "latency": 16}, {"date": "2023-09-13-19-00-00", "latency": 16}, {"date": "2023-09-13-19-00-00", "latency": 16}, {"date": "2023-09-13-19-00-00", "latency": 16}, {"date": "2023-09-13-19-00-00", "latency": 16}, {"date": "2023-09-13-19-00-00", "latency": 16}, {"date": "2023-09-13-19-00-00", "latency": 16}, {"date": "2023-09-13-19-00-00", "latency": 16}, {"date": "2023-09-13-19-00-00", "latency": 16}, {"date": "2023-09-13-19-00-00", "latency": 16}, {"date": "2023-09-13-19-00-00", "latency": 16}, {"date": "2023-09-13-19-00-00", "latency": 16}, {"date": "2023-09-13-19-00-00", "latency": 16}, {"date": "2023-09-13-19-00-00", "latency": 16}, {"date": "2023-09-13-19-00-00", "latency": 16}, {"date": "2023-09-13-19-00-00", "latency": 16}, {"date": "2023-09-13-19-00-00", "latency": 16}, {"date": "2023-09-13-19-00-00", "latency": 16}, {"date": "2023-09-13-19-00-00", "latency": 16}, {"date": "2023-09-13-22-00-00", "latency": 94}, {"date": "2023-09-13-22-00-00", "latency": 94}, {"date": "2023-09-13-22-00-00", "latency": 94}, {"date": "2023-09-13-22-00-00", "latency": 94}, {"date": "2023-09-13-22-00-00", "latency": 94}, {"date": "2023-09-13-22-00-00", "latency": 94}, {"date": "2023-09-13-22-00-00", "latency": 94}, {"date": "2023-09-13-22-00-00", "latency": 94}, {"date": "2023-09-13-22-00-00", "latency": 94}, {"date": "2023-09-13-22-00-00", "latency": 94}, {"date": "2023-09-13-22-00-00", "latency": 94}, {"date": "2023-09-13-22-00-00", "latency": 94}, {"date": "2023-09-13-22-00-00", "latency": 94}, {"date": "2023-09-13-22-00-00", "latency": 94}, {"date": "2023-09-13-22-00-00", "latency": 94}, {"date": "2023-09-13-22-00-00", "latency": 94}, {"date": "2023-09-13-16-00-00", "latency": 2}, {"date": "2023-09-13-16-00-00", "latency": 2}]}, {"location": {"country_code": "ar"}, "game_id": "747108", "values": [{"date": "2023-09-14-02-00-00", "latency": 47}, {"date": "2023-09-14-02-00-00", "latency": 47}, {"date": "2023-09-14-02-00-00", "latency": 47}, {"date": "2023-09-14-02-00-00", "latency": 47}, {"date": "2023-09-14-02-00-00", "latency": 47}, {"date": "2023-09-14-02-00-00", "latency": 47}, {"date": "2023-09-14-02-00-00", "latency": 47}, {"date": "2023-09-14-02-00-00", "latency": 47}, {"date": "2023-09-14-02-00-00", "latency": 47}, {"date": "2023-09-14-02-00-00", "latency": 47}, {"date": "2023-09-14-02-00-00", "latency": 47}, {"date": "2023-09-14-02-00-00", "latency": 47}, {"date": "2023-09-14-02-00-00", "latency": 47}, {"date": "2023-09-14-02-00-00", "latency": 47}, {"date": "2023-09-14-02-00-00", "latency": 47}, {"date": "2023-09-14-02-00-00", "latency": 47}, {"date": "2023-09-14-02-00-00", "latency": 47}, {"date": "2023-09-14-02-00-00", "latency": 47}, {"date": "2023-09-14-02-00-00", "latency": 47}, {"date": "2023-09-14-02-00-00", "latency": 47}, {"date": "2023-09-14-02-00-00", "latency": 47}, {"date": "2023-09-14-02-00-00", "latency": 47}, {"date": "2023-09-14-02-00-00", "latency": 47}, {"date": "2023-09-14-02-00-00", "latency": 47}, {"date": "2023-09-14-02-00-00", "latency": 47}, {"date": "2023-09-14-02-00-00", "latency": 47}, {"date": "2023-09-14-02-00-00", "latency": 47}, {"date": "2023-09-14-02-00-00", "latency": 47}, {"date": "2023-09-14-02-00-00", "latency": 47}, {"date": "2023-09-14-02-00-00", "latency": 47}, {"date": "2023-09-14-02-00-00", "latency": 47}, {"date": "2023-09-14-02-00-00", "latency": 47}, {"date": "2023-09-14-02-00-00", "latency": 47}, {"date": "2023-09-14-02-00-00", "latency": 47}, {"date": "2023-09-14-02-00-00", "latency": 47}, {"date": "2023-09-14-02-00-00", "latency": 47}, {"date": "2023-09-14-02-00-00", "latency": 47}, {"date": "2023-09-14-02-00-00", "latency": 47}, {"date": "2023-09-14-02-00-00", "latency": 47}, {"date": "2023-09-14-02-00-00", "latency": 47}, {"date": "2023-09-14-02-00-00", "latency": 47}, {"date": "2023-09-14-02-00-00", "latency": 47}, {"date": "2023-09-14-02-00-00", "latency": 47}, {"date": "2023-09-14-02-00-00", "latency": 47}, {"date": "2023-09-14-02-00-00", "latency": 47}, {"date": "2023-09-14-02-00-00", "latency": 47}, {"date": "2023-09-14-02-00-00", "latency": 47}, {"date": "2023-09-14-02-00-00", "latency": 47}, {"date": "2023-09-14-02-00-00", "latency": 47}, {"date": "2023-09-14-02-00-00", "latency": 47}, {"date": "2023-09-14-02-00-00", "latency": 47}, {"date": "2023-09-14-02-00-00", "latency": 47}, {"date": "2023-09-14-02-00-00", "latency": 47}, {"date": "2023-09-14-02-00-00", "latency": 47}, {"date": "2023-09-14-02-00-00", "latency": 47}, {"date": "2023-09-14-02-00-00", "latency": 47}, {"date": "2023-09-14-02-00-00", "latency": 47}, {"date": "2023-09-14-02-00-00", "latency": 47}, {"date": "2023-09-14-02-00-00", "latency": 47}, {"date": "2023-09-14-02-00-00", "latency": 47}, {"date": "2023-09-14-02-00-00", "latency": 32}, {"date": "2023-09-14-02-00-00", "latency": 32}, {"date": "2023-09-14-02-00-00", "latency": 32}, {"date": "2023-09-14-02-00-00", "latency": 32}, {"date": "2023-09-14-02-00-00", "latency": 32}, {"date": "2023-09-14-02-00-00", "latency": 32}, {"date": "2023-09-14-02-00-00", "latency": 32}, {"date": "2023-09-14-02-00-00", "latency": 32}, {"date": "2023-09-14-02-00-00", "latency": 32}, {"date": "2023-09-14-02-00-00", "latency": 32}, {"date": "2023-09-14-02-00-00", "latency": 32}, {"date": "2023-09-14-02-00-00", "latency": 32}, {"date": "2023-09-14-02-00-00", "latency": 32}, {"date": "2023-09-14-02-00-00", "latency": 32}, {"date": "2023-09-14-02-00-00", "latency": 32}, {"date": "2023-09-14-02-00-00", "latency": 32}, {"date": "2023-09-14-02-00-00", "latency": 32}, {"date": "2023-09-14-02-00-00", "latency": 32}, {"date": "2023-09-14-02-00-00", "latency": 32}, {"date": "2023-09-14-02-00-00", "latency": 32}, {"date": "2023-09-14-02-00-00", "latency": 32}, {"date": "2023-09-14-02-00-00", "latency": 32}, {"date": "2023-09-14-02-00-00", "latency": 32}, {"date": "2023-09-14-02-00-00", "latency": 32}, {"date": "2023-09-14-02-00-00", "latency": 32}, {"date": "2023-09-14-02-00-00", "latency": 32}, {"date": "2023-09-14-02-00-00", "latency": 32}, {"date": "2023-09-14-02-00-00", "latency": 32}, {"date": "2023-09-14-02-00-00", "latency": 32}, {"date": "2023-09-14-02-00-00", "latency": 32}, {"date": "2023-09-14-02-00-00", "latency": 32}, {"date": "2023-09-14-02-00-00", "latency": 32}, {"date": "2023-09-14-02-00-00", "latency": 32}, {"date": "2023-09-14-02-00-00", "latency": 32}, {"date": "2023-09-14-02-00-00", "latency": 32}, {"date": "2023-09-14-02-00-00", "latency": 32}, {"date": "2023-09-14-02-00-00", "latency": 32}, {"date": "2023-09-14-02-00-00", "latency": 32}, {"date": "2023-09-14-02-00-00", "latency": 32}, {"date": "2023-09-14-02-00-00", "latency": 32}]}, {"location": {"country_code": "fi"}, "game_id": "747108", "values": [{"date": "2023-09-13-22-00-00", "latency": 31}, {"date": "2023-09-13-22-00-00", "latency": 31}, {"date": "2023-09-13-22-00-00", "latency": 31}, {"date": "2023-09-13-22-00-00", "latency": 31}, {"date": "2023-09-13-22-00-00", "latency": 31}, {"date": "2023-09-13-22-00-00", "latency": 31}, {"date": "2023-09-13-22-00-00", "latency": 31}, {"date": "2023-09-13-22-00-00", "latency": 31}, {"date": "2023-09-13-22-00-00", "latency": 31}, {"date": "2023-09-13-22-00-00", "latency": 31}, {"date": "2023-09-13-22-00-00", "latency": 31}, {"date": "2023-09-13-22-00-00", "latency": 31}, {"date": "2023-09-13-22-00-00", "latency": 31}, {"date": "2023-09-13-22-00-00", "latency": 31}, {"date": "2023-09-13-22-00-00", "latency": 31}, {"date": "2023-09-13-22-00-00", "latency": 31}, {"date": "2023-09-13-22-00-00", "latency": 31}, {"date": "2023-09-13-22-00-00", "latency": 31}, {"date": "2023-09-13-22-00-00", "latency": 31}, {"date": "2023-09-13-22-00-00", "latency": 31}, {"date": "2023-09-13-22-00-00", "latency": 31}, {"date": "2023-09-13-22-00-00", "latency": 31}, {"date": "2023-09-13-22-00-00", "latency": 31}, {"date": "2023-09-13-22-00-00", "latency": 31}]}, {"location": {"country_code": "de", "region": "Free and Hanseatic City of Hamburg", "city": "Hamburg"}, "game_id": "747108", "values": [{"date": "2023-09-14-00-00-00", "latency": 31}, {"date": "2023-09-14-00-00-00", "latency": 31}, {"date": "2023-09-14-00-00-00", "latency": 31}, {"date": "2023-09-14-00-00-00", "latency": 31}, {"date": "2023-09-14-00-00-00", "latency": 31}, {"date": "2023-09-14-00-00-00", "latency": 31}, {"date": "2023-09-14-00-00-00", "latency": 31}, {"date": "2023-09-14-00-00-00", "latency": 31}, {"date": "2023-09-14-00-00-00", "latency": 31}, {"date": "2023-09-14-00-00-00", "latency": 31}, {"date": "2023-09-14-00-00-00", "latency": 31}, {"date": "2023-09-14-00-00-00", "latency": 31}, {"date": "2023-09-14-00-00-00", "latency": 31}, {"date": "2023-09-14-00-00-00", "latency": 31}, {"date": "2023-09-14-00-00-00", "latency": 31}, {"date": "2023-09-14-00-00-00", "latency": 31}, {"date": "2023-09-14-00-00-00", "latency": 31}, {"date": "2023-09-14-00-00-00", "latency": 31}, {"date": "2023-09-14-00-00-00", "latency": 31}, {"date": "2023-09-14-00-00-00", "latency": 31}, {"date": "2023-09-14-00-00-00", "latency": 31}, {"date": "2023-09-14-00-00-00", "latency": 31}, {"date": "2023-09-14-00-00-00", "latency": 31}, {"date": "2023-09-14-00-00-00", "latency": 31}]}, {"location": {"country_code": "ar", "region": "Buenos Aires F.D.", "city": "Bahia Blanca"}, "game_id": "747108", "values": [{"date": "2023-09-13-23-00-00", "latency": 78}, {"date": "2023-09-13-23-00-00", "latency": 78}, {"date": "2023-09-13-23-00-00", "latency": 78}, {"date": "2023-09-13-23-00-00", "latency": 78}, {"date": "2023-09-13-23-00-00", "latency": 78}, {"date": "2023-09-13-23-00-00", "latency": 78}, {"date": "2023-09-13-23-00-00", "latency": 78}, {"date": "2023-09-13-23-00-00", "latency": 78}, {"date": "2023-09-13-23-00-00", "latency": 78}, {"date": "2023-09-13-23-00-00", "latency": 78}, {"date": "2023-09-13-23-00-00", "latency": 78}, {"date": "2023-09-13-23-00-00", "latency": 78}, {"date": "2023-09-13-23-00-00", "latency": 78}, {"date": "2023-09-13-23-00-00", "latency": 78}, {"date": "2023-09-13-23-00-00", "latency": 78}, {"date": "2023-09-13-23-00-00", "latency": 78}, {"date": "2023-09-13-23-00-00", "latency": 78}, {"date": "2023-09-13-23-00-00", "latency": 78}, {"date": "2023-09-13-23-00-00", "latency": 78}, {"date": "2023-09-13-23-00-00", "latency": 78}, {"date": "2023-09-13-23-00-00", "latency": 78}, {"date": "2023-09-13-23-00-00", "latency": 78}, {"date": "2023-09-13-23-00-00", "latency": 78}, {"date": "2023-09-13-23-00-00", "latency": 78}, {"date": "2023-09-13-23-00-00", "latency": 78}, {"date": "2023-09-13-23-00-00", "latency": 78}, {"date": "2023-09-13-23-00-00", "latency": 78}, {"date": "2023-09-13-23-00-00", "latency": 78}, {"date": "2023-09-13-23-00-00", "latency": 78}, {"date": "2023-09-13-23-00-00", "latency": 78}, {"date": "2023-09-13-23-00-00", "latency": 78}, {"date": "2023-09-13-23-00-00", "latency": 78}, {"date": "2023-09-13-23-00-00", "latency": 78}, {"date": "2023-09-13-23-00-00", "latency": 78}, {"date": "2023-09-13-23-00-00", "latency": 78}, {"date": "2023-09-13-23-00-00", "latency": 78}, {"date": "2023-09-13-23-00-00", "latency": 78}]}, {"location": {"country_code": "ar", "region": "Buenos Aires"}, "game_id": "747108", "values": [{"date": "2023-09-14-02-00-00", "latency": 47}, {"date": "2023-09-14-02-00-00", "latency": 47}, {"date": "2023-09-14-02-00-00", "latency": 47}, {"date": "2023-09-14-02-00-00", "latency": 47}, {"date": "2023-09-14-02-00-00", "latency": 47}, {"date": "2023-09-14-02-00-00", "latency": 47}, {"date": "2023-09-14-02-00-00", "latency": 47}, {"date": "2023-09-14-02-00-00", "latency": 47}, {"date": "2023-09-14-02-00-00", "latency": 47}, {"date": "2023-09-14-02-00-00", "latency": 47}, {"date": "2023-09-14-02-00-00", "latency": 47}, {"date": "2023-09-14-02-00-00", "latency": 47}, {"date": "2023-09-14-02-00-00", "latency": 47}, {"date": "2023-09-14-02-00-00", "latency": 47}, {"date": "2023-09-14-02-00-00", "latency": 47}, {"date": "2023-09-14-02-00-00", "latency": 47}, {"date": "2023-09-14-02-00-00", "latency": 47}, {"date": "2023-09-14-02-00-00", "latency": 47}, {"date": "2023-09-14-02-00-00", "latency": 47}, {"date": "2023-09-14-02-00-00", "latency": 47}, {"date": "2023-09-14-02-00-00", "latency": 47}, {"date": "2023-09-14-02-00-00", "latency": 47}, {"date": "2023-09-14-02-00-00", "latency": 47}, {"date": "2023-09-14-02-00-00", "latency": 47}, {"date": "2023-09-14-02-00-00", "latency": 47}]}, {"location": {"country_code": "at"}, "game_id": "747108", "values": [{"date": "2023-09-14-01-00-00", "latency": 47}, {"date": "2023-09-14-01-00-00", "latency": 47}, {"date": "2023-09-14-01-00-00", "latency": 47}, {"date": "2023-09-14-01-00-00", "latency": 47}, {"date": "2023-09-14-01-00-00", "latency": 47}, {"date": "2023-09-14-01-00-00", "latency": 47}, {"date": "2023-09-14-01-00-00", "latency": 47}, {"date": "2023-09-14-01-00-00", "latency": 47}, {"date": "2023-09-14-01-00-00", "latency": 47}, {"date": "2023-09-14-01-00-00", "latency": 47}, {"date": "2023-09-14-01-00-00", "latency": 47}, {"date": "2023-09-14-01-00-00", "latency": 47}, {"date": "2023-09-14-01-00-00", "latency": 47}, {"date": "2023-09-14-01-00-00", "latency": 47}, {"date": "2023-09-14-01-00-00", "latency": 47}, {"date": "2023-09-14-01-00-00", "latency": 47}, {"date": "2023-09-14-01-00-00", "latency": 47}, {"date": "2023-09-14-01-00-00", "latency": 47}, {"date": "2023-09-14-01-00-00", "latency": 47}, {"date": "2023-09-14-01-00-00", "latency": 47}, {"date": "2023-09-14-01-00-00", "latency": 47}, {"date": "2023-09-14-01-00-00", "latency": 47}, {"date": "2023-09-14-01-00-00", "latency": 47}, {"date": "2023-09-14-01-00-00", "latency": 47}, {"date": "2023-09-14-01-00-00", "latency": 47}, {"date": "2023-09-14-01-00-00", "latency": 47}, {"date": "2023-09-14-01-00-00", "latency": 47}, {"date": "2023-09-14-01-00-00", "latency": 47}, {"date": "2023-09-14-01-00-00", "latency": 47}, {"date": "2023-09-14-01-00-00", "latency": 47}, {"date": "2023-09-14-01-00-00", "latency": 47}, {"date": "2023-09-14-01-00-00", "latency": 47}, {"date": "2023-09-14-01-00-00", "latency": 47}, {"date": "2023-09-14-01-00-00", "latency": 47}, {"date": "2023-09-14-01-00-00", "latency": 47}, {"date": "2023-09-14-01-00-00", "latency": 47}, {"date": "2023-09-14-01-00-00", "latency": 47}, {"date": "2023-09-14-01-00-00", "latency": 47}, {"date": "2023-09-14-01-00-00", "latency": 47}, {"date": "2023-09-14-01-00-00", "latency": 47}, {"date": "2023-09-14-01-00-00", "latency": 47}, {"date": "2023-09-14-01-00-00", "latency": 47}, {"date": "2023-09-14-01-00-00", "latency": 47}, {"date": "2023-09-14-01-00-00", "latency": 47}, {"date": "2023-09-14-01-00-00", "latency": 47}, {"date": "2023-09-14-01-00-00", "latency": 47}, {"date": "2023-09-14-01-00-00", "latency": 47}, {"date": "2023-09-14-01-00-00", "latency": 47}]}, {"location": {"country_code": "br", "region": "Estado de Bahia", "city": "Salvador"}, "game_id": "747108", "values": [{"date": "2023-09-14-02-00-00", "latency": 31}, {"date": "2023-09-14-02-00-00", "latency": 31}, {"date": "2023-09-14-02-00-00", "latency": 31}, {"date": "2023-09-14-02-00-00", "latency": 31}, {"date": "2023-09-14-02-00-00", "latency": 31}, {"date": "2023-09-14-02-00-00", "latency": 31}, {"date": "2023-09-14-02-00-00", "latency": 31}, {"date": "2023-09-14-02-00-00", "latency": 31}, {"date": "2023-09-14-02-00-00", "latency": 31}, {"date": "2023-09-14-02-00-00", "latency": 31}, {"date": "2023-09-14-02-00-00", "latency": 31}, {"date": "2023-09-14-02-00-00", "latency": 31}, {"date": "2023-09-14-02-00-00", "latency": 31}, {"date": "2023-09-14-02-00-00", "latency": 31}, {"date": "2023-09-14-02-00-00", "latency": 31}, {"date": "2023-09-14-02-00-00", "latency": 31}, {"date": "2023-09-14-02-00-00", "latency": 31}, {"date": "2023-09-14-02-00-00", "latency": 31}, {"date": "2023-09-14-02-00-00", "latency": 31}, {"date": "2023-09-14-02-00-00", "latency": 31}, {"date": "2023-09-14-02-00-00", "latency": 31}, {"date": "2023-09-14-02-00-00", "latency": 31}, {"date": "2023-09-14-02-00-00", "latency": 31}, {"date": "2023-09-14-02-00-00", "latency": 31}, {"date": "2023-09-14-02-00-00", "latency": 31}, {"date": "2023-09-14-02-00-00", "latency": 31}, {"date": "2023-09-14-02-00-00", "latency": 31}, {"date": "2023-09-14-02-00-00", "latency": 31}, {"date": "2023-09-14-02-00-00", "latency": 31}, {"date": "2023-09-14-02-00-00", "latency": 31}, {"date": "2023-09-14-02-00-00", "latency": 31}, {"date": "2023-09-14-02-00-00", "latency": 31}, {"date": "2023-09-14-02-00-00", "latency": 31}, {"date": "2023-09-14-02-00-00", "latency": 31}, {"date": "2023-09-14-02-00-00", "latency": 31}, {"date": "2023-09-14-02-00-00", "latency": 31}]}, {"location": {"country_code": "es", "region": "Catalonia", "city": "l'Hospitalet de Llobregat"}, "game_id": "747108", "values": [{"date": "2023-09-13-23-00-00", "latency": 16}, {"date": "2023-09-13-23-00-00", "latency": 16}, {"date": "2023-09-13-23-00-00", "latency": 16}, {"date": "2023-09-13-23-00-00", "latency": 16}, {"date": "2023-09-13-23-00-00", "latency": 16}, {"date": "2023-09-13-23-00-00", "latency": 16}, {"date": "2023-09-13-23-00-00", "latency": 16}, {"date": "2023-09-13-23-00-00", "latency": 16}, {"date": "2023-09-13-23-00-00", "latency": 16}, {"date": "2023-09-13-23-00-00", "latency": 16}, {"date": "2023-09-13-23-00-00", "latency": 16}, {"date": "2023-09-13-23-00-00", "latency": 16}, {"date": "2023-09-13-23-00-00", "latency": 16}, {"date": "2023-09-13-23-00-00", "latency": 16}, {"date": "2023-09-13-23-00-00", "latency": 16}, {"date": "2023-09-13-23-00-00", "latency": 16}, {"date": "2023-09-13-23-00-00", "latency": 16}, {"date": "2023-09-13-23-00-00", "latency": 16}, {"date": "2023-09-13-23-00-00", "latency": 16}, {"date": "2023-09-13-23-00-00", "latency": 16}, {"date": "2023-09-13-23-00-00", "latency": 16}, {"date": "2023-09-13-23-00-00", "latency": 16}, {"date": "2023-09-13-23-00-00", "latency": 16}]}, {"location": {"country_code": "pl"}, "game_id": "747108", "values": [{"date": "2023-09-13-21-00-00", "latency": 47}, {"date": "2023-09-13-21-00-00", "latency": 47}, {"date": "2023-09-13-21-00-00", "latency": 47}, {"date": "2023-09-13-21-00-00", "latency": 47}, {"date": "2023-09-13-21-00-00", "latency": 47}, {"date": "2023-09-13-21-00-00", "latency": 47}, {"date": "2023-09-13-21-00-00", "latency": 47}, {"date": "2023-09-13-21-00-00", "latency": 47}, {"date": "2023-09-13-21-00-00", "latency": 47}]}, {"location": {"country_code": "sg"}, "game_id": "747108", "values": [{"date": "2023-09-13-19-00-00", "latency": 203}]}, {"location": {"country_code": "do"}, "game_id": "747108", "values": [{"date": "2023-09-14-02-00-00", "latency": 16}, {"date": "2023-09-14-02-00-00", "latency": 16}, {"date": "2023-09-14-02-00-00", "latency": 16}, {"date": "2023-09-14-02-00-00", "latency": 16}, {"date": "2023-09-14-02-00-00", "latency": 16}, {"date": "2023-09-14-02-00-00", "latency": 16}, {"date": "2023-09-14-02-00-00", "latency": 16}]}, {"location": {"country_code": "id"}, "game_id": "747108", "values": [{"date": "2023-09-13-23-00-00", "latency": 203}, {"date": "2023-09-13-23-00-00", "latency": 203}]}, {"location": {"country_code": "cl", "region": "Santiago Metropolitan", "city": "Santiago"}, "game_id": "747108", "values": [{"date": "2023-09-14-02-00-00", "latency": 62}, {"date": "2023-09-14-02-00-00", "latency": 62}, {"date": "2023-09-14-02-00-00", "latency": 62}, {"date": "2023-09-14-02-00-00", "latency": 62}, {"date": "2023-09-14-02-00-00", "latency": 62}, {"date": "2023-09-14-02-00-00", "latency": 62}, {"date": "2023-09-14-02-00-00", "latency": 62}, {"date": "2023-09-14-02-00-00", "latency": 62}]}, {"location": {"country_code": "co", "region": "El Valle", "city": "Cali"}, "game_id": "747108", "values": [{"date": "2023-09-13-02-00-00", "latency": 47}]}, {"location": {"country_code": "us", "region": "Texas", "city": "Irving"}, "game_id": "747108", "values": [{"date": "2023-09-14-02-00-00", "latency": 63}, {"date": "2023-09-14-02-00-00", "latency": 63}, {"date": "2023-09-14-02-00-00", "latency": 63}, {"date": "2023-09-14-02-00-00", "latency": 63}, {"date": "2023-09-14-02-00-00", "latency": 63}, {"date": "2023-09-14-02-00-00", "latency": 63}, {"date": "2023-09-14-02-00-00", "latency": 63}, {"date": "2023-09-14-02-00-00", "latency": 63}, {"date": "2023-09-14-02-00-00", "latency": 63}, {"date": "2023-09-14-02-00-00", "latency": 63}, {"date": "2023-09-14-02-00-00", "latency": 63}, {"date": "2023-09-14-02-00-00", "latency": 63}, {"date": "2023-09-14-02-00-00", "latency": 63}]}, {"location": {"country_code": "lv"}, "game_id": "747108", "values": [{"date": "2023-09-13-19-00-00", "latency": 32}, {"date": "2023-09-13-19-00-00", "latency": 32}, {"date": "2023-09-13-19-00-00", "latency": 32}, {"date": "2023-09-13-19-00-00", "latency": 32}, {"date": "2023-09-13-19-00-00", "latency": 32}, {"date": "2023-09-13-19-00-00", "latency": 32}, {"date": "2023-09-13-19-00-00", "latency": 32}, {"date": "2023-09-13-19-00-00", "latency": 32}, {"date": "2023-09-13-19-00-00", "latency": 32}]}, {"location": {"country_code": "ca", "region": "British Columbia"}, "game_id": "747108", "values": [{"date": "2023-09-14-01-00-00", "latency": 47}, {"date": "2023-09-14-01-00-00", "latency": 47}, {"date": "2023-09-14-01-00-00", "latency": 47}, {"date": "2023-09-14-01-00-00", "latency": 47}]}, {"location": {"country_code": "mx", "region": "Sonora"}, "game_id": "747108", "values": [{"date": "2023-09-14-01-00-00", "latency": 78}, {"date": "2023-09-14-01-00-00", "latency": 78}, {"date": "2023-09-14-01-00-00", "latency": 78}, {"date": "2023-09-14-01-00-00", "latency": 78}, {"date": "2023-09-14-01-00-00", "latency": 78}, {"date": "2023-09-14-01-00-00", "latency": 78}, {"date": "2023-09-14-01-00-00", "latency": 78}, {"date": "2023-09-14-01-00-00", "latency": 78}, {"date": "2023-09-14-01-00-00", "latency": 78}, {"date": "2023-09-14-01-00-00", "latency": 78}, {"date": "2023-09-14-01-00-00", "latency": 78}, {"date": "2023-09-14-01-00-00", "latency": 78}, {"date": "2023-09-14-01-00-00", "latency": 78}, {"date": "2023-09-14-01-00-00", "latency": 78}, {"date": "2023-09-14-01-00-00", "latency": 78}, {"date": "2023-09-14-01-00-00", "latency": 78}, {"date": "2023-09-14-01-00-00", "latency": 78}, {"date": "2023-09-14-01-00-00", "latency": 78}, {"date": "2023-09-14-01-00-00", "latency": 78}, {"date": "2023-09-14-01-00-00", "latency": 78}, {"date": "2023-09-14-01-00-00", "latency": 78}, {"date": "2023-09-14-01-00-00", "latency": 78}, {"date": "2023-09-14-01-00-00", "latency": 78}, {"date": "2023-09-14-01-00-00", "latency": 78}, {"date": "2023-09-14-01-00-00", "latency": 78}, {"date": "2023-09-14-01-00-00", "latency": 78}, {"date": "2023-09-14-01-00-00", "latency": 78}, {"date": "2023-09-14-01-00-00", "latency": 78}, {"date": "2023-09-14-01-00-00", "latency": 78}, {"date": "2023-09-14-01-00-00", "latency": 78}, {"date": "2023-09-14-01-00-00", "latency": 78}, {"date": "2023-09-14-01-00-00", "latency": 78}, {"date": "2023-09-14-01-00-00", "latency": 78}, {"date": "2023-09-14-01-00-00", "latency": 78}, {"date": "2023-09-14-01-00-00", "latency": 78}, {"date": "2023-09-14-01-00-00", "latency": 78}, {"date": "2023-09-14-01-00-00", "latency": 78}, {"date": "2023-09-14-01-00-00", "latency": 78}, {"date": "2023-09-14-01-00-00", "latency": 78}, {"date": "2023-09-14-01-00-00", "latency": 78}, {"date": "2023-09-14-01-00-00", "latency": 78}, {"date": "2023-09-14-01-00-00", "latency": 78}, {"date": "2023-09-14-01-00-00", "latency": 78}, {"date": "2023-09-14-01-00-00", "latency": 78}, {"date": "2023-09-14-01-00-00", "latency": 78}]}, {"location": {"country_code": "bg"}, "game_id": "747108", "values": [{"date": "2023-09-14-01-00-00", "latency": 32}, {"date": "2023-09-14-01-00-00", "latency": 32}, {"date": "2023-09-14-01-00-00", "latency": 32}, {"date": "2023-09-14-01-00-00", "latency": 32}, {"date": "2023-09-14-01-00-00", "latency": 32}, {"date": "2023-09-14-01-00-00", "latency": 32}, {"date": "2023-09-14-01-00-00", "latency": 32}, {"date": "2023-09-14-01-00-00", "latency": 32}, {"date": "2023-09-14-01-00-00", "latency": 32}, {"date": "2023-09-14-01-00-00", "latency": 32}, {"date": "2023-09-14-01-00-00", "latency": 32}, {"date": "2023-09-14-01-00-00", "latency": 32}, {"date": "2023-09-14-01-00-00", "latency": 32}, {"date": "2023-09-14-01-00-00", "latency": 32}, {"date": "2023-09-14-01-00-00", "latency": 32}, {"date": "2023-09-14-01-00-00", "latency": 32}, {"date": "2023-09-14-01-00-00", "latency": 32}, {"date": "2023-09-14-01-00-00", "latency": 32}, {"date": "2023-09-14-01-00-00", "latency": 32}, {"date": "2023-09-14-01-00-00", "latency": 32}, {"date": "2023-09-14-01-00-00", "latency": 32}, {"date": "2023-09-14-01-00-00", "latency": 32}, {"date": "2023-09-14-01-00-00", "latency": 32}, {"date": "2023-09-14-01-00-00", "latency": 32}, {"date": "2023-09-14-01-00-00", "latency": 32}, {"date": "2023-09-14-01-00-00", "latency": 32}, {"date": "2023-09-14-01-00-00", "latency": 32}, {"date": "2023-09-14-01-00-00", "latency": 32}, {"date": "2023-09-14-01-00-00", "latency": 32}, {"date": "2023-09-14-01-00-00", "latency": 32}, {"date": "2023-09-14-01-00-00", "latency": 32}, {"date": "2023-09-14-01-00-00", "latency": 32}, {"date": "2023-09-14-01-00-00", "latency": 32}, {"date": "2023-09-14-01-00-00", "latency": 32}, {"date": "2023-09-14-01-00-00", "latency": 32}, {"date": "2023-09-14-01-00-00", "latency": 32}, {"date": "2023-09-14-01-00-00", "latency": 32}, {"date": "2023-09-14-01-00-00", "latency": 32}, {"date": "2023-09-14-01-00-00", "latency": 32}, {"date": "2023-09-14-01-00-00", "latency": 32}, {"date": "2023-09-14-01-00-00", "latency": 32}, {"date": "2023-09-14-01-00-00", "latency": 32}, {"date": "2023-09-14-01-00-00", "latency": 32}, {"date": "2023-09-14-01-00-00", "latency": 32}, {"date": "2023-09-14-01-00-00", "latency": 32}, {"date": "2023-09-14-01-00-00", "latency": 32}, {"date": "2023-09-14-01-00-00", "latency": 32}, {"date": "2023-09-14-01-00-00", "latency": 32}, {"date": "2023-09-14-01-00-00", "latency": 32}, {"date": "2023-09-14-01-00-00", "latency": 32}, {"date": "2023-09-14-01-00-00", "latency": 32}, {"date": "2023-09-14-01-00-00", "latency": 32}, {"date": "2023-09-14-01-00-00", "latency": 32}, {"date": "2023-09-14-01-00-00", "latency": 32}, {"date": "2023-09-14-01-00-00", "latency": 32}, {"date": "2023-09-14-01-00-00", "latency": 32}]}, {"location": {"country_code": "de", "region": "North Rhine-Westphalia"}, "game_id": "747108", "values": [{"date": "2023-09-14-01-00-00", "latency": 16}, {"date": "2023-09-14-01-00-00", "latency": 16}, {"date": "2023-09-14-01-00-00", "latency": 16}, {"date": "2023-09-14-01-00-00", "latency": 16}, {"date": "2023-09-14-01-00-00", "latency": 16}, {"date": "2023-09-14-01-00-00", "latency": 16}, {"date": "2023-09-14-01-00-00", "latency": 16}, {"date": "2023-09-14-01-00-00", "latency": 16}, {"date": "2023-09-14-01-00-00", "latency": 16}, {"date": "2023-09-14-01-00-00", "latency": 16}, {"date": "2023-09-14-01-00-00", "latency": 16}, {"date": "2023-09-14-01-00-00", "latency": 16}, {"date": "2023-09-14-01-00-00", "latency": 16}, {"date": "2023-09-14-01-00-00", "latency": 16}, {"date": "2023-09-14-01-00-00", "latency": 16}, {"date": "2023-09-14-01-00-00", "latency": 16}, {"date": "2023-09-14-01-00-00", "latency": 16}, {"date": "2023-09-14-01-00-00", "latency": 16}, {"date": "2023-09-14-01-00-00", "latency": 16}, {"date": "2023-09-14-01-00-00", "latency": 16}, {"date": "2023-09-14-01-00-00", "latency": 16}, {"date": "2023-09-14-01-00-00", "latency": 16}, {"date": "2023-09-14-01-00-00", "latency": 16}, {"date": "2023-09-14-01-00-00", "latency": 16}, {"date": "2023-09-14-01-00-00", "latency": 16}, {"date": "2023-09-14-01-00-00", "latency": 16}, {"date": "2023-09-14-01-00-00", "latency": 16}, {"date": "2023-09-14-01-00-00", "latency": 16}, {"date": "2023-09-14-01-00-00", "latency": 16}, {"date": "2023-09-14-01-00-00", "latency": 16}, {"date": "2023-09-14-01-00-00", "latency": 16}, {"date": "2023-09-14-01-00-00", "latency": 16}, {"date": "2023-09-14-01-00-00", "latency": 16}, {"date": "2023-09-14-01-00-00", "latency": 16}, {"date": "2023-09-14-01-00-00", "latency": 16}, {"date": "2023-09-14-01-00-00", "latency": 16}, {"date": "2023-09-14-01-00-00", "latency": 16}, {"date": "2023-09-14-01-00-00", "latency": 16}, {"date": "2023-09-14-01-00-00", "latency": 16}, {"date": "2023-09-14-01-00-00", "latency": 16}, {"date": "2023-09-14-01-00-00", "latency": 16}, {"date": "2023-09-14-01-00-00", "latency": 16}, {"date": "2023-09-14-01-00-00", "latency": 16}, {"date": "2023-09-14-01-00-00", "latency": 16}, {"date": "2023-09-14-01-00-00", "latency": 16}]}, {"location": {"country_code": "ru", "region": "Krasnoyarsk Krai", "city": "Norilsk"}, "game_id": "747108", "values": [{"date": "2023-09-13-23-00-00", "latency": 15}, {"date": "2023-09-13-23-00-00", "latency": 15}, {"date": "2023-09-13-23-00-00", "latency": 15}, {"date": "2023-09-13-23-00-00", "latency": 15}, {"date": "2023-09-13-23-00-00", "latency": 15}, {"date": "2023-09-13-23-00-00", "latency": 15}, {"date": "2023-09-13-23-00-00", "latency": 15}, {"date": "2023-09-13-23-00-00", "latency": 15}, {"date": "2023-09-13-23-00-00", "latency": 15}, {"date": "2023-09-13-23-00-00", "latency": 15}]}, {"location": {"country_code": "fr", "region": "Nord-Passo di Calais-Piccardia"}, "game_id": "747108", "values": [{"date": "2023-09-13-21-00-00", "latency": 31}, {"date": "2023-09-13-21-00-00", "latency": 31}, {"date": "2023-09-13-21-00-00", "latency": 31}, {"date": "2023-09-13-21-00-00", "latency": 31}, {"date": "2023-09-13-21-00-00", "latency": 31}, {"date": "2023-09-13-21-00-00", "latency": 31}, {"date": "2023-09-13-21-00-00", "latency": 31}, {"date": "2023-09-13-21-00-00", "latency": 31}, {"date": "2023-09-13-21-00-00", "latency": 31}, {"date": "2023-09-13-21-00-00", "latency": 31}, {"date": "2023-09-13-21-00-00", "latency": 31}, {"date": "2023-09-13-21-00-00", "latency": 31}, {"date": "2023-09-13-21-00-00", "latency": 31}, {"date": "2023-09-13-21-00-00", "latency": 31}, {"date": "2023-09-13-21-00-00", "latency": 31}, {"date": "2023-09-13-21-00-00", "latency": 31}, {"date": "2023-09-13-21-00-00", "latency": 31}, {"date": "2023-09-13-21-00-00", "latency": 31}, {"date": "2023-09-13-21-00-00", "latency": 31}, {"date": "2023-09-13-21-00-00", "latency": 31}, {"date": "2023-09-13-21-00-00", "latency": 31}, {"date": "2023-09-13-21-00-00", "latency": 31}, {"date": "2023-09-13-21-00-00", "latency": 31}, {"date": "2023-09-13-21-00-00", "latency": 31}, {"date": "2023-09-13-21-00-00", "latency": 31}, {"date": "2023-09-13-21-00-00", "latency": 31}, {"date": "2023-09-13-21-00-00", "latency": 31}, {"date": "2023-09-13-21-00-00", "latency": 31}, {"date": "2023-09-13-21-00-00", "latency": 31}, {"date": "2023-09-13-21-00-00", "latency": 31}, {"date": "2023-09-13-21-00-00", "latency": 31}, {"date": "2023-09-13-21-00-00", "latency": 31}, {"date": "2023-09-13-21-00-00", "latency": 31}, {"date": "2023-09-13-21-00-00", "latency": 31}, {"date": "2023-09-13-21-00-00", "latency": 31}, {"date": "2023-09-13-21-00-00", "latency": 31}, {"date": "2023-09-13-21-00-00", "latency": 31}, {"date": "2023-09-13-21-00-00", "latency": 31}, {"date": "2023-09-13-21-00-00", "latency": 31}, {"date": "2023-09-13-21-00-00", "latency": 31}, {"date": "2023-09-13-21-00-00", "latency": 31}, {"date": "2023-09-13-21-00-00", "latency": 31}, {"date": "2023-09-13-21-00-00", "latency": 31}, {"date": "2023-09-13-21-00-00", "latency": 31}, {"date": "2023-09-13-21-00-00", "latency": 31}, {"date": "2023-09-13-21-00-00", "latency": 31}, {"date": "2023-09-13-21-00-00", "latency": 31}, {"date": "2023-09-13-21-00-00", "latency": 31}, {"date": "2023-09-13-21-00-00", "latency": 31}, {"date": "2023-09-13-21-00-00", "latency": 31}, {"date": "2023-09-13-21-00-00", "latency": 31}, {"date": "2023-09-13-21-00-00", "latency": 31}]}, {"location": {"country_code": "ae", "region": "Dubai", "city": "Dubai"}, "game_id": "747108", "values": [{"date": "2023-09-14-00-00-00", "latency": 4}, {"date": "2023-09-14-00-00-00", "latency": 4}, {"date": "2023-09-14-00-00-00", "latency": 4}, {"date": "2023-09-14-00-00-00", "latency": 4}, {"date": "2023-09-14-00-00-00", "latency": 4}, {"date": "2023-09-14-00-00-00", "latency": 4}, {"date": "2023-09-14-00-00-00", "latency": 4}, {"date": "2023-09-14-00-00-00", "latency": 4}, {"date": "2023-09-14-00-00-00", "latency": 4}, {"date": "2023-09-14-00-00-00", "latency": 4}, {"date": "2023-09-14-00-00-00", "latency": 4}]}, {"location": {"country_code": "ar", "region": "Buenos Aires", "city": "La Plata"}, "game_id": "747108", "values": [{"date": "2023-09-14-02-00-00", "latency": 47}, {"date": "2023-09-14-02-00-00", "latency": 47}, {"date": "2023-09-14-02-00-00", "latency": 47}, {"date": "2023-09-14-02-00-00", "latency": 47}, {"date": "2023-09-14-02-00-00", "latency": 47}, {"date": "2023-09-14-02-00-00", "latency": 47}, {"date": "2023-09-14-02-00-00", "latency": 47}, {"date": "2023-09-14-02-00-00", "latency": 47}, {"date": "2023-09-14-02-00-00", "latency": 47}, {"date": "2023-09-14-02-00-00", "latency": 47}, {"date": "2023-09-14-02-00-00", "latency": 47}, {"date": "2023-09-14-02-00-00", "latency": 47}, {"date": "2023-09-14-02-00-00", "latency": 47}, {"date": "2023-09-14-02-00-00", "latency": 47}, {"date": "2023-09-14-02-00-00", "latency": 47}]}, {"location": {"country_code": "br", "region": "Sao Paulo", "city": "Sertaozinho"}, "game_id": "747108", "values": [{"date": "2023-09-13-21-00-00", "latency": 16}]}, {"location": {"country_code": "br", "region": "Santa Catarina", "city": "Balneario Camboriu"}, "game_id": "747108", "values": [{"date": "2023-09-14-01-00-00", "latency": 16}, {"date": "2023-09-14-01-00-00", "latency": 16}, {"date": "2023-09-14-01-00-00", "latency": 16}, {"date": "2023-09-14-01-00-00", "latency": 16}, {"date": "2023-09-14-01-00-00", "latency": 16}, {"date": "2023-09-14-01-00-00", "latency": 16}, {"date": "2023-09-14-01-00-00", "latency": 16}, {"date": "2023-09-14-01-00-00", "latency": 16}, {"date": "2023-09-14-01-00-00", "latency": 16}, {"date": "2023-09-14-01-00-00", "latency": 16}, {"date": "2023-09-14-01-00-00", "latency": 16}, {"date": "2023-09-14-01-00-00", "latency": 16}, {"date": "2023-09-14-01-00-00", "latency": 16}, {"date": "2023-09-14-01-00-00", "latency": 16}, {"date": "2023-09-14-01-00-00", "latency": 16}, {"date": "2023-09-14-01-00-00", "latency": 16}, {"date": "2023-09-14-01-00-00", "latency": 16}, {"date": "2023-09-14-01-00-00", "latency": 16}]}, {"location": {"country_code": "us", "region": "Guam", "city": "Dededo"}, "game_id": "747108", "values": [{"date": "2023-09-14-01-00-00", "latency": 156}, {"date": "2023-09-14-01-00-00", "latency": 156}, {"date": "2023-09-14-01-00-00", "latency": 156}, {"date": "2023-09-14-01-00-00", "latency": 156}, {"date": "2023-09-14-01-00-00", "latency": 156}, {"date": "2023-09-14-01-00-00", "latency": 156}, {"date": "2023-09-14-01-00-00", "latency": 156}, {"date": "2023-09-14-01-00-00", "latency": 156}, {"date": "2023-09-14-01-00-00", "latency": 156}, {"date": "2023-09-14-01-00-00", "latency": 156}, {"date": "2023-09-14-01-00-00", "latency": 156}, {"date": "2023-09-14-01-00-00", "latency": 156}, {"date": "2023-09-14-01-00-00", "latency": 156}, {"date": "2023-09-14-01-00-00", "latency": 156}, {"date": "2023-09-14-01-00-00", "latency": 156}, {"date": "2023-09-14-01-00-00", "latency": 156}, {"date": "2023-09-14-01-00-00", "latency": 156}, {"date": "2023-09-14-01-00-00", "latency": 156}, {"date": "2023-09-14-01-00-00", "latency": 156}, {"date": "2023-09-14-01-00-00", "latency": 156}, {"date": "2023-09-14-01-00-00", "latency": 156}, {"date": "2023-09-14-01-00-00", "latency": 156}, {"date": "2023-09-14-01-00-00", "latency": 156}, {"date": "2023-09-14-01-00-00", "latency": 156}, {"date": "2023-09-14-01-00-00", "latency": 156}, {"date": "2023-09-14-01-00-00", "latency": 156}]}, {"location": {"country_code": "br", "region": "Sao Paulo", "city": "Franca"}, "game_id": "747108", "values": [{"date": "2023-09-13-20-00-00", "latency": 47}, {"date": "2023-09-13-20-00-00", "latency": 47}, {"date": "2023-09-13-20-00-00", "latency": 47}, {"date": "2023-09-13-20-00-00", "latency": 47}, {"date": "2023-09-13-20-00-00", "latency": 47}, {"date": "2023-09-13-20-00-00", "latency": 47}, {"date": "2023-09-13-20-00-00", "latency": 47}, {"date": "2023-09-13-20-00-00", "latency": 47}, {"date": "2023-09-13-20-00-00", "latency": 47}, {"date": "2023-09-13-20-00-00", "latency": 47}, {"date": "2023-09-13-20-00-00", "latency": 47}, {"date": "2023-09-13-20-00-00", "latency": 47}, {"date": "2023-09-13-20-00-00", "latency": 47}, {"date": "2023-09-13-20-00-00", "latency": 47}, {"date": "2023-09-13-20-00-00", "latency": 47}, {"date": "2023-09-13-20-00-00", "latency": 47}, {"date": "2023-09-13-20-00-00", "latency": 47}, {"date": "2023-09-13-20-00-00", "latency": 47}, {"date": "2023-09-13-20-00-00", "latency": 47}, {"date": "2023-09-13-20-00-00", "latency": 47}, {"date": "2023-09-13-20-00-00", "latency": 47}, {"date": "2023-09-13-20-00-00", "latency": 47}, {"date": "2023-09-13-20-00-00", "latency": 47}, {"date": "2023-09-13-20-00-00", "latency": 47}, {"date": "2023-09-13-20-00-00", "latency": 47}, {"date": "2023-09-13-20-00-00", "latency": 47}, {"date": "2023-09-13-20-00-00", "latency": 47}, {"date": "2023-09-13-20-00-00", "latency": 47}, {"date": "2023-09-13-20-00-00", "latency": 47}, {"date": "2023-09-13-20-00-00", "latency": 47}, {"date": "2023-09-13-20-00-00", "latency": 47}, {"date": "2023-09-13-20-00-00", "latency": 47}, {"date": "2023-09-13-20-00-00", "latency": 47}, {"date": "2023-09-13-20-00-00", "latency": 47}, {"date": "2023-09-13-20-00-00", "latency": 47}, {"date": "2023-09-13-20-00-00", "latency": 47}, {"date": "2023-09-13-20-00-00", "latency": 47}, {"date": "2023-09-13-20-00-00", "latency": 47}, {"date": "2023-09-13-20-00-00", "latency": 47}, {"date": "2023-09-13-20-00-00", "latency": 47}, {"date": "2023-09-13-20-00-00", "latency": 47}, {"date": "2023-09-13-20-00-00", "latency": 47}, {"date": "2023-09-13-20-00-00", "latency": 47}, {"date": "2023-09-13-20-00-00", "latency": 47}, {"date": "2023-09-13-20-00-00", "latency": 47}, {"date": "2023-09-13-20-00-00", "latency": 47}, {"date": "2023-09-13-20-00-00", "latency": 47}, {"date": "2023-09-13-20-00-00", "latency": 47}, {"date": "2023-09-13-20-00-00", "latency": 47}, {"date": "2023-09-13-20-00-00", "latency": 47}, {"date": "2023-09-13-20-00-00", "latency": 47}, {"date": "2023-09-13-20-00-00", "latency": 47}, {"date": "2023-09-13-20-00-00", "latency": 47}, {"date": "2023-09-13-20-00-00", "latency": 47}, {"date": "2023-09-13-20-00-00", "latency": 47}, {"date": "2023-09-13-20-00-00", "latency": 47}, {"date": "2023-09-13-20-00-00", "latency": 47}, {"date": "2023-09-13-20-00-00", "latency": 47}, {"date": "2023-09-13-20-00-00", "latency": 47}, {"date": "2023-09-13-20-00-00", "latency": 47}, {"date": "2023-09-13-20-00-00", "latency": 47}, {"date": "2023-09-13-20-00-00", "latency": 47}, {"date": "2023-09-13-20-00-00", "latency": 47}, {"date": "2023-09-13-20-00-00", "latency": 47}, {"date": "2023-09-13-20-00-00", "latency": 47}, {"date": "2023-09-13-20-00-00", "latency": 47}, {"date": "2023-09-13-20-00-00", "latency": 47}, {"date": "2023-09-13-20-00-00", "latency": 47}, {"date": "2023-09-13-20-00-00", "latency": 47}, {"date": "2023-09-13-20-00-00", "latency": 47}, {"date": "2023-09-13-20-00-00", "latency": 47}, {"date": "2023-09-13-20-00-00", "latency": 47}, {"date": "2023-09-13-20-00-00", "latency": 47}, {"date": "2023-09-13-20-00-00", "latency": 47}, {"date": "2023-09-13-20-00-00", "latency": 47}, {"date": "2023-09-13-20-00-00", "latency": 47}]}, {"location": {"country_code": "co", "region": "Bogota"}, "game_id": "747108", "values": [{"date": "2023-09-14-02-00-00", "latency": 78}, {"date": "2023-09-14-02-00-00", "latency": 78}, {"date": "2023-09-14-02-00-00", "latency": 78}, {"date": "2023-09-14-02-00-00", "latency": 78}, {"date": "2023-09-14-02-00-00", "latency": 78}, {"date": "2023-09-14-02-00-00", "latency": 78}, {"date": "2023-09-14-02-00-00", "latency": 78}, {"date": "2023-09-14-02-00-00", "latency": 78}, {"date": "2023-09-14-02-00-00", "latency": 78}, {"date": "2023-09-14-02-00-00", "latency": 78}, {"date": "2023-09-14-02-00-00", "latency": 78}, {"date": "2023-09-14-02-00-00", "latency": 78}, {"date": "2023-09-14-02-00-00", "latency": 78}, {"date": "2023-09-14-02-00-00", "latency": 78}, {"date": "2023-09-14-02-00-00", "latency": 78}]}, {"location": {"country_code": "br", "region": "Parana", "city": "Barracao"}, "game_id": "747108", "values": [{"date": "2023-09-14-02-00-00", "latency": 31}, {"date": "2023-09-14-02-00-00", "latency": 31}, {"date": "2023-09-14-02-00-00", "latency": 31}, {"date": "2023-09-14-02-00-00", "latency": 31}, {"date": "2023-09-14-02-00-00", "latency": 31}, {"date": "2023-09-14-02-00-00", "latency": 31}, {"date": "2023-09-14-02-00-00", "latency": 31}, {"date": "2023-09-14-02-00-00", "latency": 31}]}, {"location": {"country_code": "es", "region": "Canary Islands", "city": "San Cristobal de La Laguna"}, "game_id": "747108", "values": [{"date": "2023-09-13-18-00-00", "latency": 47}, {"date": "2023-09-13-18-00-00", "latency": 47}, {"date": "2023-09-13-18-00-00", "latency": 47}, {"date": "2023-09-13-18-00-00", "latency": 47}, {"date": "2023-09-13-18-00-00", "latency": 47}, {"date": "2023-09-13-18-00-00", "latency": 47}, {"date": "2023-09-13-18-00-00", "latency": 47}, {"date": "2023-09-13-18-00-00", "latency": 47}, {"date": "2023-09-13-18-00-00", "latency": 47}, {"date": "2023-09-13-18-00-00", "latency": 47}, {"date": "2023-09-13-18-00-00", "latency": 47}, {"date": "2023-09-13-18-00-00", "latency": 47}, {"date": "2023-09-13-18-00-00", "latency": 47}, {"date": "2023-09-13-18-00-00", "latency": 47}, {"date": "2023-09-13-18-00-00", "latency": 47}, {"date": "2023-09-13-18-00-00", "latency": 47}, {"date": "2023-09-13-18-00-00", "latency": 47}, {"date": "2023-09-13-18-00-00", "latency": 47}, {"date": "2023-09-13-18-00-00", "latency": 47}, {"date": "2023-09-13-18-00-00", "latency": 47}, {"date": "2023-09-13-18-00-00", "latency": 47}, {"date": "2023-09-13-18-00-00", "latency": 47}, {"date": "2023-09-13-18-00-00", "latency": 47}, {"date": "2023-09-13-18-00-00", "latency": 47}, {"date": "2023-09-13-18-00-00", "latency": 47}, {"date": "2023-09-13-18-00-00", "latency": 47}, {"date": "2023-09-13-18-00-00", "latency": 47}, {"date": "2023-09-13-18-00-00", "latency": 47}, {"date": "2023-09-13-18-00-00", "latency": 47}, {"date": "2023-09-13-18-00-00", "latency": 47}, {"date": "2023-09-13-18-00-00", "latency": 47}, {"date": "2023-09-13-18-00-00", "latency": 47}, {"date": "2023-09-13-18-00-00", "latency": 47}, {"date": "2023-09-13-18-00-00", "latency": 47}, {"date": "2023-09-13-18-00-00", "latency": 47}, {"date": "2023-09-13-18-00-00", "latency": 47}, {"date": "2023-09-13-18-00-00", "latency": 47}, {"date": "2023-09-13-18-00-00", "latency": 47}, {"date": "2023-09-13-18-00-00", "latency": 47}, {"date": "2023-09-13-18-00-00", "latency": 47}, {"date": "2023-09-13-18-00-00", "latency": 47}, {"date": "2023-09-13-18-00-00", "latency": 47}, {"date": "2023-09-13-18-00-00", "latency": 47}, {"date": "2023-09-13-18-00-00", "latency": 47}, {"date": "2023-09-13-18-00-00", "latency": 47}, {"date": "2023-09-13-18-00-00", "latency": 47}, {"date": "2023-09-13-18-00-00", "latency": 47}]}, {"location": {"country_code": "fr", "region": "Nord-Passo di Calais-Piccardia", "city": "Albert"}, "game_id": "747108", "values": [{"date": "2023-09-13-20-00-00", "latency": 47}, {"date": "2023-09-13-20-00-00", "latency": 47}, {"date": "2023-09-13-20-00-00", "latency": 47}, {"date": "2023-09-13-20-00-00", "latency": 47}, {"date": "2023-09-13-20-00-00", "latency": 47}, {"date": "2023-09-13-20-00-00", "latency": 47}, {"date": "2023-09-13-20-00-00", "latency": 47}, {"date": "2023-09-13-20-00-00", "latency": 47}, {"date": "2023-09-13-20-00-00", "latency": 47}, {"date": "2023-09-13-20-00-00", "latency": 47}, {"date": "2023-09-13-20-00-00", "latency": 47}, {"date": "2023-09-13-20-00-00", "latency": 47}, {"date": "2023-09-13-20-00-00", "latency": 47}, {"date": "2023-09-13-20-00-00", "latency": 47}, {"date": "2023-09-13-20-00-00", "latency": 47}, {"date": "2023-09-13-20-00-00", "latency": 47}, {"date": "2023-09-13-20-00-00", "latency": 47}, {"date": "2023-09-13-20-00-00", "latency": 47}, {"date": "2023-09-13-20-00-00", "latency": 47}, {"date": "2023-09-13-20-00-00", "latency": 47}, {"date": "2023-09-13-20-00-00", "latency": 47}, {"date": "2023-09-13-20-00-00", "latency": 47}, {"date": "2023-09-13-20-00-00", "latency": 47}]}, {"location": {"country_code": "es", "region": "Cantabria", "city": "Torres"}, "game_id": "747108", "values": [{"date": "2023-09-13-20-00-00", "latency": 47}, {"date": "2023-09-13-20-00-00", "latency": 47}, {"date": "2023-09-13-20-00-00", "latency": 47}, {"date": "2023-09-13-20-00-00", "latency": 47}, {"date": "2023-09-13-20-00-00", "latency": 47}, {"date": "2023-09-13-20-00-00", "latency": 47}, {"date": "2023-09-13-20-00-00", "latency": 47}, {"date": "2023-09-13-20-00-00", "latency": 47}, {"date": "2023-09-13-20-00-00", "latency": 47}, {"date": "2023-09-13-20-00-00", "latency": 47}, {"date": "2023-09-13-20-00-00", "latency": 47}, {"date": "2023-09-13-20-00-00", "latency": 47}, {"date": "2023-09-13-20-00-00", "latency": 47}]}, {"location": {"country_code": "us", "region": "Arkansas", "city": "Newport"}, "game_id": "747108", "values": [{"date": "2023-09-13-20-00-00", "latency": 16}, {"date": "2023-09-13-20-00-00", "latency": 16}, {"date": "2023-09-13-20-00-00", "latency": 16}, {"date": "2023-09-13-20-00-00", "latency": 16}, {"date": "2023-09-13-20-00-00", "latency": 16}, {"date": "2023-09-13-20-00-00", "latency": 16}, {"date": "2023-09-13-20-00-00", "latency": 16}, {"date": "2023-09-13-20-00-00", "latency": 16}, {"date": "2023-09-13-20-00-00", "latency": 16}, {"date": "2023-09-13-20-00-00", "latency": 16}, {"date": "2023-09-13-20-00-00", "latency": 16}, {"date": "2023-09-13-20-00-00", "latency": 16}, {"date": "2023-09-13-20-00-00", "latency": 16}, {"date": "2023-09-13-20-00-00", "latency": 16}, {"date": "2023-09-13-20-00-00", "latency": 16}, {"date": "2023-09-13-20-00-00", "latency": 16}, {"date": "2023-09-13-20-00-00", "latency": 16}, {"date": "2023-09-13-20-00-00", "latency": 16}, {"date": "2023-09-13-20-00-00", "latency": 16}, {"date": "2023-09-13-20-00-00", "latency": 16}, {"date": "2023-09-13-20-00-00", "latency": 16}, {"date": "2023-09-13-20-00-00", "latency": 16}, {"date": "2023-09-13-20-00-00", "latency": 16}, {"date": "2023-09-13-20-00-00", "latency": 16}, {"date": "2023-09-13-20-00-00", "latency": 16}, {"date": "2023-09-13-20-00-00", "latency": 16}, {"date": "2023-09-13-20-00-00", "latency": 16}, {"date": "2023-09-13-20-00-00", "latency": 16}, {"date": "2023-09-13-20-00-00", "latency": 16}, {"date": "2023-09-13-20-00-00", "latency": 16}, {"date": "2023-09-13-20-00-00", "latency": 16}, {"date": "2023-09-13-20-00-00", "latency": 16}, {"date": "2023-09-13-20-00-00", "latency": 16}, {"date": "2023-09-13-20-00-00", "latency": 16}, {"date": "2023-09-13-20-00-00", "latency": 16}, {"date": "2023-09-13-20-00-00", "latency": 16}, {"date": "2023-09-13-20-00-00", "latency": 16}, {"date": "2023-09-13-20-00-00", "latency": 16}, {"date": "2023-09-13-20-00-00", "latency": 16}, {"date": "2023-09-13-20-00-00", "latency": 16}, {"date": "2023-09-13-20-00-00", "latency": 16}, {"date": "2023-09-13-20-00-00", "latency": 16}, {"date": "2023-09-13-20-00-00", "latency": 16}, {"date": "2023-09-13-20-00-00", "latency": 16}]}], "last_updated": 1719926770.116401}