{"data": [{"location": {"country_code": "ph"}, "game_id": "747108", "values": [{"date": "2024-03-19-05-00-00", "latency": "172"}, {"date": "2024-03-19-05-00-00", "latency": "172"}]}, {"location": {"country_code": "us", "region": "Texas", "city": "Austin"}, "game_id": "747108", "values": [{"date": "2024-03-19-03-00-00", "latency": "3"}]}, {"location": {"country_code": "ar"}, "game_id": "747108", "values": [{"date": "2024-03-19-05-00-00", "latency": "63"}, {"date": "2024-03-19-05-00-00", "latency": "63"}, {"date": "2024-03-19-05-00-00", "latency": "63"}, {"date": "2024-03-19-05-00-00", "latency": "63"}, {"date": "2024-03-19-05-00-00", "latency": "63"}, {"date": "2024-03-19-05-00-00", "latency": "63"}, {"date": "2024-03-19-05-00-00", "latency": "63"}]}, {"location": {"country_code": "de", "region": "North Rhine-Westphalia"}, "game_id": "747108", "values": [{"date": "2024-03-19-20-00-00", "latency": "31"}, {"date": "2024-03-19-20-00-00", "latency": "31"}, {"date": "2024-03-19-20-00-00", "latency": "31"}, {"date": "2024-03-19-20-00-00", "latency": "31"}, {"date": "2024-03-19-20-00-00", "latency": "31"}, {"date": "2024-03-19-20-00-00", "latency": "31"}, {"date": "2024-03-19-20-00-00", "latency": "31"}, {"date": "2024-03-19-20-00-00", "latency": "31"}, {"date": "2024-03-19-20-00-00", "latency": "31"}]}, {"location": {"country_code": "fr", "region": "Nord-Passo di Calais-Piccardia"}, "game_id": "747108", "values": [{"date": "2024-03-19-23-00-00", "latency": "3"}, {"date": "2024-03-19-23-00-00", "latency": "3"}, {"date": "2024-03-19-23-00-00", "latency": "3"}, {"date": "2024-03-19-23-00-00", "latency": "3"}, {"date": "2024-03-19-23-00-00", "latency": "3"}, {"date": "2024-03-19-23-00-00", "latency": "3"}, {"date": "2024-03-19-23-00-00", "latency": "3"}, {"date": "2024-03-19-23-00-00", "latency": "3"}, {"date": "2024-03-19-23-00-00", "latency": "3"}, {"date": "2024-03-19-23-00-00", "latency": "3"}, {"date": "2024-03-19-23-00-00", "latency": "3"}, {"date": "2024-03-19-23-00-00", "latency": "3"}]}, {"location": {"country_code": "fr", "region": "Nord-Passo di Calais-Piccardia", "city": "Albert"}, "game_id": "747108", "values": [{"date": "2024-03-19-20-00-00", "latency": "47"}, {"date": "2024-03-19-20-00-00", "latency": "47"}, {"date": "2024-03-19-20-00-00", "latency": "47"}, {"date": "2024-03-19-20-00-00", "latency": "47"}, {"date": "2024-03-19-20-00-00", "latency": "47"}, {"date": "2024-03-19-20-00-00", "latency": "47"}, {"date": "2024-03-19-20-00-00", "latency": "47"}, {"date": "2024-03-19-20-00-00", "latency": "47"}]}], "last_updated": 1719915340.442691}