{"data": [{"location": {"country_code": "us"}, "game_id": "314852", "values": [{"date": "2024-06-17-09-00-00", "latency": 1}]}, {"location": {"country_code": "us", "region": "Florida", "city": "Orlando"}, "game_id": "314852", "values": [{"date": "2024-06-17-09-00-00", "latency": 4}, {"date": "2024-06-17-09-00-00", "latency": 4}]}, {"location": {"country_code": "jp"}, "game_id": "314852", "values": [{"date": "2024-06-17-14-00-00", "latency": 7}]}, {"location": {"country_code": "ch"}, "game_id": "314852", "values": [{"date": "2024-06-17-04-00-00", "latency": 2}]}, {"location": {"country_code": "cl"}, "game_id": "314852", "values": [{"date": "2024-06-17-02-00-00", "latency": 7}, {"date": "2024-06-17-02-00-00", "latency": 7}]}, {"location": {"country_code": "ph"}, "game_id": "314852", "values": [{"date": "2024-06-17-08-00-00", "latency": 8}, {"date": "2024-06-17-07-00-00", "latency": 95}]}, {"location": {"country_code": "mx"}, "game_id": "314852", "values": [{"date": "2024-06-18-01-00-00", "latency": 0}]}, {"location": {"country_code": "us", "region": "California"}, "game_id": "314852", "values": [{"date": "2024-06-17-07-00-00", "latency": 4}]}, {"location": {"country_code": "at"}, "game_id": "314852", "values": [{"date": "2024-06-17-20-00-00", "latency": 64}, {"date": "2024-06-17-20-00-00", "latency": 64}, {"date": "2024-06-17-20-00-00", "latency": 64}]}, {"location": {"country_code": "gb", "region": "England", "city": "London"}, "game_id": "314852", "values": [{"date": "2024-06-18-00-00-00", "latency": 54}]}, {"location": {"country_code": "id"}, "game_id": "314852", "values": [{"date": "2024-06-17-16-00-00", "latency": 224}, {"date": "2024-06-17-16-00-00", "latency": 224}, {"date": "2024-06-17-16-00-00", "latency": 224}]}, {"location": {"country_code": "ru", "region": "Vladimir Oblast", "city": "Vladimir"}, "game_id": "314852", "values": [{"date": "2024-06-17-11-00-00", "latency": 52}, {"date": "2024-06-17-11-00-00", "latency": 52}, {"date": "2024-06-17-11-00-00", "latency": 52}, {"date": "2024-06-17-11-00-00", "latency": 52}]}, {"location": {"country_code": "br", "region": "Parana", "city": "Ponta Grossa"}, "game_id": "314852", "values": [{"date": "2024-06-17-20-00-00", "latency": 100}, {"date": "2024-06-17-20-00-00", "latency": 100}, {"date": "2024-06-17-20-00-00", "latency": 100}]}], "last_updated": 1719919206.178665}