{"data": [{"location": {"country_code": "si"}, "game_id": "314852", "values": [{"date": "2024-06-19-22-00-00", "latency": 3}, {"date": "2024-06-19-22-00-00", "latency": 3}]}, {"location": {"country_code": "us"}, "game_id": "314852", "values": [{"date": "2024-06-19-10-00-00", "latency": 1}, {"date": "2024-06-19-20-00-00", "latency": 3}, {"date": "2024-06-19-23-00-00", "latency": 8}]}, {"location": {"country_code": "us", "region": "Virginia", "city": "Fredericksburg"}, "game_id": "314852", "values": [{"date": "2024-06-19-19-00-00", "latency": 3}, {"date": "2024-06-19-19-00-00", "latency": 3}, {"date": "2024-06-19-19-00-00", "latency": 3}]}, {"location": {"country_code": "us", "region": "Massachusetts", "city": "Boston"}, "game_id": "314852", "values": [{"date": "2024-06-19-21-00-00", "latency": 3}]}, {"location": {"country_code": "de", "region": "Berlin", "city": "Berlin"}, "game_id": "314852", "values": [{"date": "2024-06-20-01-00-00", "latency": 2}, {"date": "2024-06-20-01-00-00", "latency": 2}]}, {"location": {"country_code": "au"}, "game_id": "314852", "values": [{"date": "2024-06-19-11-00-00", "latency": 0}, {"date": "2024-06-19-21-00-00", "latency": 94}, {"date": "2024-06-19-21-00-00", "latency": 94}, {"date": "2024-06-20-02-00-00", "latency": 2}, {"date": "2024-06-20-02-00-00", "latency": 2}, {"date": "2024-06-19-15-00-00", "latency": 2}]}, {"location": {"country_code": "gb"}, "game_id": "314852", "values": [{"date": "2024-06-20-01-00-00", "latency": 122}]}, {"location": {"country_code": "th"}, "game_id": "314852", "values": [{"date": "2024-06-19-09-00-00", "latency": 115}, {"date": "2024-06-19-09-00-00", "latency": 115}, {"date": "2024-06-19-14-00-00", "latency": 109}, {"date": "2024-06-19-14-00-00", "latency": 109}, {"date": "2024-06-19-15-00-00", "latency": 11}, {"date": "2024-06-20-00-00-00", "latency": 107}, {"date": "2024-06-19-16-00-00", "latency": 7}]}, {"location": {"country_code": "gr"}, "game_id": "314852", "values": [{"date": "2024-06-19-13-00-00", "latency": 3}]}, {"location": {"country_code": "it"}, "game_id": "314852", "values": [{"date": "2024-06-19-12-00-00", "latency": 3}, {"date": "2024-06-19-12-00-00", "latency": 3}, {"date": "2024-06-19-12-00-00", "latency": 3}]}, {"location": {"country_code": "jp"}, "game_id": "314852", "values": [{"date": "2024-06-19-16-00-00", "latency": 8}, {"date": "2024-06-19-09-00-00", "latency": 6}, {"date": "2024-06-19-16-00-00", "latency": 0}, {"date": "2024-06-19-22-00-00", "latency": 26}, {"date": "2024-06-19-15-00-00", "latency": 23}, {"date": "2024-06-19-15-00-00", "latency": 23}, {"date": "2024-06-19-15-00-00", "latency": 23}, {"date": "2024-06-19-13-00-00", "latency": 4}, {"date": "2024-06-19-16-00-00", "latency": 37}, {"date": "2024-06-19-21-00-00", "latency": 3}, {"date": "2024-06-19-13-00-00", "latency": 2}]}, {"location": {"country_code": "ca"}, "game_id": "314852", "values": [{"date": "2024-06-20-00-00-00", "latency": 2}, {"date": "2024-06-19-09-00-00", "latency": 5}, {"date": "2024-06-19-19-00-00", "latency": 4}, {"date": "2024-06-19-18-00-00", "latency": 45}]}, {"location": {"country_code": "de"}, "game_id": "314852", "values": [{"date": "2024-06-19-12-00-00", "latency": 4}, {"date": "2024-06-19-19-00-00", "latency": 4}, {"date": "2024-06-19-19-00-00", "latency": 4}]}, {"location": {"country_code": "tw"}, "game_id": "314852", "values": [{"date": "2024-06-19-15-00-00", "latency": 3}, {"date": "2024-06-19-15-00-00", "latency": 3}, {"date": "2024-06-19-20-00-00", "latency": 57}, {"date": "2024-06-19-19-00-00", "latency": 51}, {"date": "2024-06-19-13-00-00", "latency": 59}, {"date": "2024-06-19-19-00-00", "latency": 4}, {"date": "2024-06-19-19-00-00", "latency": 4}, {"date": "2024-06-19-19-00-00", "latency": 4}, {"date": "2024-06-19-19-00-00", "latency": 4}, {"date": "2024-06-19-19-00-00", "latency": 4}, {"date": "2024-06-19-14-00-00", "latency": 63}]}, {"location": {"country_code": "gb", "region": "England"}, "game_id": "314852", "values": [{"date": "2024-06-19-18-00-00", "latency": 135}, {"date": "2024-06-19-18-00-00", "latency": 135}, {"date": "2024-06-19-18-00-00", "latency": 135}]}, {"location": {"country_code": "au", "region": "New South Wales", "city": "Sydney"}, "game_id": "314852", "values": [{"date": "2024-06-19-09-00-00", "latency": 235}, {"date": "2024-06-19-16-00-00", "latency": 17}]}, {"location": {"country_code": "ph"}, "game_id": "314852", "values": [{"date": "2024-06-19-15-00-00", "latency": 18}, {"date": "2024-06-19-18-00-00", "latency": 82}, {"date": "2024-06-19-18-00-00", "latency": 82}, {"date": "2024-06-19-14-00-00", "latency": 327}, {"date": "2024-06-19-14-00-00", "latency": 327}]}, {"location": {"country_code": "fr"}, "game_id": "314852", "values": [{"date": "2024-06-19-17-00-00", "latency": 4}, {"date": "2024-06-19-19-00-00", "latency": 3}, {"date": "2024-06-19-19-00-00", "latency": 3}]}, {"location": {"country_code": "mx"}, "game_id": "314852", "values": [{"date": "2024-06-20-01-00-00", "latency": 7}, {"date": "2024-06-20-02-00-00", "latency": 75}, {"date": "2024-06-20-02-00-00", "latency": 75}, {"date": "2024-06-20-02-00-00", "latency": 75}, {"date": "2024-06-19-09-00-00", "latency": 7}, {"date": "2024-06-19-18-00-00", "latency": 47}]}, {"location": {"country_code": "br"}, "game_id": "314852", "values": [{"date": "2024-06-20-00-00-00", "latency": 2}]}, {"location": {"country_code": "se"}, "game_id": "314852", "values": [{"date": "2024-06-19-16-00-00", "latency": 37}]}, {"location": {"country_code": "no"}, "game_id": "314852", "values": [{"date": "2024-06-19-18-00-00", "latency": 6}]}, {"location": {"country_code": "ec"}, "game_id": "314852", "values": [{"date": "2024-06-19-09-00-00", "latency": 7}, {"date": "2024-06-19-09-00-00", "latency": 7}]}, {"location": {"country_code": "td"}, "game_id": "314852", "values": [{"date": "2024-06-20-01-00-00", "latency": 9}]}, {"location": {"country_code": "es", "region": "Madrid", "city": "Parla"}, "game_id": "314852", "values": [{"date": "2024-06-19-10-00-00", "latency": 56}, {"date": "2024-06-19-10-00-00", "latency": 56}]}, {"location": {"country_code": "ca", "region": "Ontario"}, "game_id": "314852", "values": [{"date": "2024-06-20-01-00-00", "latency": 7}]}, {"location": {"country_code": "es"}, "game_id": "314852", "values": [{"date": "2024-06-19-21-00-00", "latency": 7}]}, {"location": {"country_code": "vn"}, "game_id": "314852", "values": [{"date": "2024-06-19-18-00-00", "latency": 132}, {"date": "2024-06-19-18-00-00", "latency": 132}, {"date": "2024-06-19-18-00-00", "latency": 132}, {"date": "2024-06-19-18-00-00", "latency": 132}, {"date": "2024-06-19-18-00-00", "latency": 132}, {"date": "2024-06-19-18-00-00", "latency": 132}]}, {"location": {"country_code": "bn"}, "game_id": "314852", "values": [{"date": "2024-06-19-10-00-00", "latency": 98}, {"date": "2024-06-19-10-00-00", "latency": 98}]}, {"location": {"country_code": "fi"}, "game_id": "314852", "values": [{"date": "2024-06-19-22-00-00", "latency": 7}, {"date": "2024-06-19-12-00-00", "latency": 0}, {"date": "2024-06-19-16-00-00", "latency": 8}, {"date": "2024-06-19-16-00-00", "latency": 8}]}, {"location": {"country_code": "co"}, "game_id": "314852", "values": [{"date": "2024-06-20-01-00-00", "latency": 197}]}, {"location": {"country_code": "pl"}, "game_id": "314852", "values": [{"date": "2024-06-19-22-00-00", "latency": 7}]}, {"location": {"country_code": "be"}, "game_id": "314852", "values": [{"date": "2024-06-19-22-00-00", "latency": 4}]}, {"location": {"country_code": "gb", "region": "England", "city": "London"}, "game_id": "314852", "values": [{"date": "2024-06-19-14-00-00", "latency": 37}, {"date": "2024-06-19-14-00-00", "latency": 37}]}, {"location": {"country_code": "ua"}, "game_id": "314852", "values": [{"date": "2024-06-19-13-00-00", "latency": 3}]}, {"location": {"country_code": "sg"}, "game_id": "314852", "values": [{"date": "2024-06-19-18-00-00", "latency": 9}, {"date": "2024-06-19-18-00-00", "latency": 9}, {"date": "2024-06-19-16-00-00", "latency": 2}, {"date": "2024-06-19-16-00-00", "latency": 2}, {"date": "2024-06-19-10-00-00", "latency": 9}, {"date": "2024-06-19-16-00-00", "latency": 8}]}, {"location": {"country_code": "ru"}, "game_id": "314852", "values": [{"date": "2024-06-19-10-00-00", "latency": 327}]}, {"location": {"country_code": "my"}, "game_id": "314852", "values": [{"date": "2024-06-19-11-00-00", "latency": 150}, {"date": "2024-06-19-11-00-00", "latency": 150}, {"date": "2024-06-19-11-00-00", "latency": 150}, {"date": "2024-06-19-12-00-00", "latency": 8}, {"date": "2024-06-19-18-00-00", "latency": 1}, {"date": "2024-06-19-18-00-00", "latency": 1}]}, {"location": {"country_code": "id"}, "game_id": "314852", "values": [{"date": "2024-06-19-18-00-00", "latency": 97}, {"date": "2024-06-19-15-00-00", "latency": 19}, {"date": "2024-06-19-16-00-00", "latency": 1102}, {"date": "2024-06-19-19-00-00", "latency": 2195}, {"date": "2024-06-19-19-00-00", "latency": 2195}]}, {"location": {"country_code": "es", "region": "Galicia"}, "game_id": "314852", "values": [{"date": "2024-06-19-17-00-00", "latency": 10}, {"date": "2024-06-19-17-00-00", "latency": 10}, {"date": "2024-06-19-17-00-00", "latency": 10}, {"date": "2024-06-19-17-00-00", "latency": 10}, {"date": "2024-06-19-17-00-00", "latency": 10}, {"date": "2024-06-19-17-00-00", "latency": 10}]}, {"location": {"country_code": "es", "region": "Andalusia", "city": "Seville"}, "game_id": "314852", "values": [{"date": "2024-06-19-22-00-00", "latency": 2}]}, {"location": {"country_code": "cn", "region": "Hong Kong"}, "game_id": "314852", "values": [{"date": "2024-06-19-13-00-00", "latency": 2}, {"date": "2024-06-19-13-00-00", "latency": 2}, {"date": "2024-06-19-13-00-00", "latency": 2}, {"date": "2024-06-19-13-00-00", "latency": 2}]}, {"location": {"country_code": "us", "region": "State of Maine"}, "game_id": "314852", "values": [{"date": "2024-06-19-20-00-00", "latency": 1000}, {"date": "2024-06-19-20-00-00", "latency": 1000}, {"date": "2024-06-19-20-00-00", "latency": 1000}, {"date": "2024-06-19-20-00-00", "latency": 1000}, {"date": "2024-06-19-20-00-00", "latency": 1000}, {"date": "2024-06-19-20-00-00", "latency": 1000}, {"date": "2024-06-19-20-00-00", "latency": 1000}, {"date": "2024-06-19-20-00-00", "latency": 1000}, {"date": "2024-06-19-20-00-00", "latency": 1000}, {"date": "2024-06-19-20-00-00", "latency": 1000}, {"date": "2024-06-19-20-00-00", "latency": 1000}, {"date": "2024-06-19-20-00-00", "latency": 1000}, {"date": "2024-06-19-20-00-00", "latency": 1000}, {"date": "2024-06-19-20-00-00", "latency": 1000}, {"date": "2024-06-19-20-00-00", "latency": 1000}, {"date": "2024-06-19-20-00-00", "latency": 1000}, {"date": "2024-06-19-20-00-00", "latency": 1000}, {"date": "2024-06-19-20-00-00", "latency": 1000}, {"date": "2024-06-19-20-00-00", "latency": 1000}, {"date": "2024-06-19-20-00-00", "latency": 1000}, {"date": "2024-06-19-20-00-00", "latency": 1000}, {"date": "2024-06-19-20-00-00", "latency": 1000}, {"date": "2024-06-19-20-00-00", "latency": 1000}, {"date": "2024-06-19-20-00-00", "latency": 1000}, {"date": "2024-06-19-20-00-00", "latency": 1000}, {"date": "2024-06-19-20-00-00", "latency": 1000}, {"date": "2024-06-19-20-00-00", "latency": 1000}, {"date": "2024-06-19-20-00-00", "latency": 1000}, {"date": "2024-06-19-20-00-00", "latency": 1000}, {"date": "2024-06-19-20-00-00", "latency": 1000}, {"date": "2024-06-19-20-00-00", "latency": 1000}, {"date": "2024-06-19-20-00-00", "latency": 1000}, {"date": "2024-06-19-20-00-00", "latency": 1000}, {"date": "2024-06-19-20-00-00", "latency": 1000}, {"date": "2024-06-19-20-00-00", "latency": 1000}, {"date": "2024-06-19-20-00-00", "latency": 1000}, {"date": "2024-06-19-20-00-00", "latency": 1000}, {"date": "2024-06-19-20-00-00", "latency": 1000}, {"date": "2024-06-19-20-00-00", "latency": 1000}, {"date": "2024-06-19-20-00-00", "latency": 1000}, {"date": "2024-06-19-20-00-00", "latency": 1000}, {"date": "2024-06-19-20-00-00", "latency": 1000}]}, {"location": {"country_code": "by"}, "game_id": "314852", "values": [{"date": "2024-06-19-10-00-00", "latency": 48}, {"date": "2024-06-19-10-00-00", "latency": 48}, {"date": "2024-06-19-10-00-00", "latency": 48}]}, {"location": {"country_code": "mx", "region": "Tamaulipas"}, "game_id": "314852", "values": [{"date": "2024-06-19-20-00-00", "latency": 15}]}, {"location": {"country_code": "es", "region": "Valencia"}, "game_id": "314852", "values": [{"date": "2024-06-19-18-00-00", "latency": 9}]}, {"location": {"country_code": "th", "region": "Bangkok", "city": "Bangkok"}, "game_id": "314852", "values": [{"date": "2024-06-19-19-00-00", "latency": 50}]}, {"location": {"country_code": "br", "region": "Sao Paulo", "city": "Santa Cruz das Palmeiras"}, "game_id": "314852", "values": [{"date": "2024-06-19-19-00-00", "latency": 0}, {"date": "2024-06-19-19-00-00", "latency": 0}]}, {"location": {"country_code": "tw", "region": "Taipei"}, "game_id": "314852", "values": [{"date": "2024-06-19-16-00-00", "latency": 6}]}, {"location": {"country_code": "ru", "region": "Komi Republic"}, "game_id": "314852", "values": [{"date": "2024-06-19-22-00-00", "latency": 3}]}, {"location": {"country_code": "ru", "region": "Krasnodar Krai", "city": "Novorossiysk"}, "game_id": "314852", "values": [{"date": "2024-06-19-12-00-00", "latency": 20}]}, {"location": {"country_code": "ph", "region": "Northern Mindanao", "city": "Cagayan de Oro"}, "game_id": "314852", "values": [{"date": "2024-06-19-16-00-00", "latency": 8}]}, {"location": {"country_code": "ng", "region": "Kebbi", "city": "Tungan Sumaru"}, "game_id": "314852", "values": [{"date": "2024-06-19-23-00-00", "latency": 1500}, {"date": "2024-06-19-23-00-00", "latency": 1500}, {"date": "2024-06-19-23-00-00", "latency": 1500}, {"date": "2024-06-19-23-00-00", "latency": 1500}, {"date": "2024-06-19-23-00-00", "latency": 1500}, {"date": "2024-06-19-23-00-00", "latency": 1500}, {"date": "2024-06-19-23-00-00", "latency": 1500}, {"date": "2024-06-19-23-00-00", "latency": 1500}, {"date": "2024-06-19-23-00-00", "latency": 1500}, {"date": "2024-06-19-23-00-00", "latency": 1500}, {"date": "2024-06-19-23-00-00", "latency": 1500}, {"date": "2024-06-19-23-00-00", "latency": 1500}, {"date": "2024-06-19-23-00-00", "latency": 1500}, {"date": "2024-06-19-23-00-00", "latency": 1500}, {"date": "2024-06-19-23-00-00", "latency": 1500}, {"date": "2024-06-19-23-00-00", "latency": 1500}, {"date": "2024-06-19-23-00-00", "latency": 1500}, {"date": "2024-06-19-23-00-00", "latency": 1500}, {"date": "2024-06-19-23-00-00", "latency": 1500}, {"date": "2024-06-19-23-00-00", "latency": 1500}, {"date": "2024-06-19-23-00-00", "latency": 1500}, {"date": "2024-06-19-23-00-00", "latency": 1500}, {"date": "2024-06-19-23-00-00", "latency": 1500}, {"date": "2024-06-19-23-00-00", "latency": 1500}, {"date": "2024-06-19-23-00-00", "latency": 1500}, {"date": "2024-06-19-23-00-00", "latency": 1500}, {"date": "2024-06-19-23-00-00", "latency": 1500}, {"date": "2024-06-19-23-00-00", "latency": 1500}, {"date": "2024-06-19-23-00-00", "latency": 1500}, {"date": "2024-06-19-23-00-00", "latency": 1500}, {"date": "2024-06-19-23-00-00", "latency": 1500}, {"date": "2024-06-19-23-00-00", "latency": 1500}, {"date": "2024-06-19-23-00-00", "latency": 1500}, {"date": "2024-06-19-23-00-00", "latency": 1500}, {"date": "2024-06-19-23-00-00", "latency": 1500}, {"date": "2024-06-19-23-00-00", "latency": 1500}, {"date": "2024-06-19-23-00-00", "latency": 1500}]}], "last_updated": 1719919205.015575}