{"data": [{"location": {"country_code": "us"}, "game_id": "135305", "values": [{"date": "2024-05-29-21-00-00", "latency": "28"}, {"date": "2024-05-29-21-00-00", "latency": "28"}, {"date": "2024-05-29-21-00-00", "latency": "28"}, {"date": "2024-05-29-21-00-00", "latency": "28"}, {"date": "2024-05-29-21-00-00", "latency": "28"}, {"date": "2024-05-29-23-00-00", "latency": "153"}, {"date": "2024-05-29-23-00-00", "latency": "153"}, {"date": "2024-05-29-23-00-00", "latency": "153"}, {"date": "2024-05-29-23-00-00", "latency": "153"}, {"date": "2024-05-29-23-00-00", "latency": "153"}, {"date": "2024-05-29-23-00-00", "latency": "153"}, {"date": "2024-05-29-23-00-00", "latency": "153"}, {"date": "2024-05-29-23-00-00", "latency": "153"}, {"date": "2024-05-29-23-00-00", "latency": "153"}, {"date": "2024-05-29-23-00-00", "latency": "153"}, {"date": "2024-05-29-23-00-00", "latency": "153"}, {"date": "2024-05-29-05-00-00", "latency": "20"}, {"date": "2024-05-29-05-00-00", "latency": "20"}, {"date": "2024-05-29-05-00-00", "latency": "20"}, {"date": "2024-05-29-08-00-00", "latency": "79"}, {"date": "2024-05-29-08-00-00", "latency": "79"}, {"date": "2024-05-29-08-00-00", "latency": "79"}, {"date": "2024-05-29-08-00-00", "latency": "79"}, {"date": "2024-05-29-08-00-00", "latency": "79"}, {"date": "2024-05-29-08-00-00", "latency": "79"}, {"date": "2024-05-29-08-00-00", "latency": "79"}, {"date": "2024-05-29-08-00-00", "latency": "79"}, {"date": "2024-05-29-12-00-00", "latency": "28"}, {"date": "2024-05-29-12-00-00", "latency": "28"}, {"date": "2024-05-29-12-00-00", "latency": "28"}, {"date": "2024-05-29-12-00-00", "latency": "28"}, {"date": "2024-05-29-12-00-00", "latency": "28"}, {"date": "2024-05-29-12-00-00", "latency": "28"}, {"date": "2024-05-29-12-00-00", "latency": "28"}, {"date": "2024-05-29-12-00-00", "latency": "28"}, {"date": "2024-05-29-12-00-00", "latency": "28"}, {"date": "2024-05-29-12-00-00", "latency": "28"}, {"date": "2024-05-29-12-00-00", "latency": "28"}, {"date": "2024-05-29-12-00-00", "latency": "28"}, {"date": "2024-05-29-12-00-00", "latency": "28"}, {"date": "2024-05-29-12-00-00", "latency": "28"}, {"date": "2024-05-29-12-00-00", "latency": "28"}, {"date": "2024-05-29-12-00-00", "latency": "28"}, {"date": "2024-05-29-12-00-00", "latency": "28"}, {"date": "2024-05-29-12-00-00", "latency": "28"}, {"date": "2024-05-29-12-00-00", "latency": "28"}, {"date": "2024-05-29-12-00-00", "latency": "28"}, {"date": "2024-05-29-12-00-00", "latency": "28"}, {"date": "2024-05-29-12-00-00", "latency": "28"}, {"date": "2024-05-29-12-00-00", "latency": "28"}, {"date": "2024-05-29-12-00-00", "latency": "28"}, {"date": "2024-05-29-12-00-00", "latency": "28"}, {"date": "2024-05-29-12-00-00", "latency": "28"}, {"date": "2024-05-29-12-00-00", "latency": "28"}, {"date": "2024-05-29-12-00-00", "latency": "28"}, {"date": "2024-05-29-12-00-00", "latency": "28"}, {"date": "2024-05-29-12-00-00", "latency": "28"}, {"date": "2024-05-29-12-00-00", "latency": "28"}, {"date": "2024-05-29-12-00-00", "latency": "28"}, {"date": "2024-05-29-12-00-00", "latency": "28"}, {"date": "2024-05-29-12-00-00", "latency": "28"}, {"date": "2024-05-29-12-00-00", "latency": "28"}, {"date": "2024-05-29-12-00-00", "latency": "28"}, {"date": "2024-05-29-12-00-00", "latency": "28"}, {"date": "2024-05-29-04-00-00", "latency": "4"}, {"date": "2024-05-29-04-00-00", "latency": "4"}, {"date": "2024-05-29-04-00-00", "latency": "4"}, {"date": "2024-05-29-04-00-00", "latency": "4"}, {"date": "2024-05-29-04-00-00", "latency": "4"}, {"date": "2024-05-29-04-00-00", "latency": "4"}, {"date": "2024-05-29-04-00-00", "latency": "4"}, {"date": "2024-05-29-04-00-00", "latency": "4"}, {"date": "2024-05-29-04-00-00", "latency": "4"}, {"date": "2024-05-29-04-00-00", "latency": "4"}, {"date": "2024-05-29-04-00-00", "latency": "4"}, {"date": "2024-05-29-04-00-00", "latency": "4"}, {"date": "2024-05-29-04-00-00", "latency": "4"}, {"date": "2024-05-29-04-00-00", "latency": "4"}, {"date": "2024-05-29-04-00-00", "latency": "4"}, {"date": "2024-05-29-04-00-00", "latency": "4"}, {"date": "2024-05-29-04-00-00", "latency": "4"}, {"date": "2024-05-29-04-00-00", "latency": "4"}, {"date": "2024-05-29-04-00-00", "latency": "4"}, {"date": "2024-05-29-04-00-00", "latency": "4"}, {"date": "2024-05-29-04-00-00", "latency": "4"}, {"date": "2024-05-29-04-00-00", "latency": "4"}, {"date": "2024-05-29-02-00-00", "latency": "27"}, {"date": "2024-05-29-02-00-00", "latency": "27"}, {"date": "2024-05-29-02-00-00", "latency": "27"}, {"date": "2024-05-29-02-00-00", "latency": "27"}, {"date": "2024-05-29-02-00-00", "latency": "27"}, {"date": "2024-05-29-02-00-00", "latency": "27"}, {"date": "2024-05-29-02-00-00", "latency": "27"}, {"date": "2024-05-29-02-00-00", "latency": "27"}, {"date": "2024-05-29-02-00-00", "latency": "27"}, {"date": "2024-05-29-02-00-00", "latency": "27"}, {"date": "2024-05-29-19-00-00", "latency": "36"}, {"date": "2024-05-29-19-00-00", "latency": "36"}]}, {"location": {"country_code": "nz", "region": "Auckland", "city": "Auckland"}, "game_id": "135305", "values": [{"date": "2024-05-29-13-00-00", "latency": "131"}, {"date": "2024-05-29-13-00-00", "latency": "131"}]}, {"location": {"country_code": "pa"}, "game_id": "135305", "values": [{"date": "2024-05-29-04-00-00", "latency": "94"}]}, {"location": {"country_code": "it"}, "game_id": "135305", "values": [{"date": "2024-05-29-19-00-00", "latency": "337"}, {"date": "2024-05-29-19-00-00", "latency": "337"}, {"date": "2024-05-29-19-00-00", "latency": "337"}, {"date": "2024-05-29-19-00-00", "latency": "337"}, {"date": "2024-05-29-19-00-00", "latency": "337"}, {"date": "2024-05-29-19-00-00", "latency": "337"}, {"date": "2024-05-29-19-00-00", "latency": "337"}, {"date": "2024-05-29-19-00-00", "latency": "337"}, {"date": "2024-05-29-19-00-00", "latency": "337"}, {"date": "2024-05-29-15-00-00", "latency": "65"}, {"date": "2024-05-29-15-00-00", "latency": "65"}]}, {"location": {"country_code": "ro"}, "game_id": "135305", "values": [{"date": "2024-05-29-16-00-00", "latency": "30"}, {"date": "2024-05-29-16-00-00", "latency": "30"}, {"date": "2024-05-29-20-00-00", "latency": "35"}, {"date": "2024-05-29-20-00-00", "latency": "35"}, {"date": "2024-05-29-20-00-00", "latency": "35"}, {"date": "2024-05-29-20-00-00", "latency": "35"}, {"date": "2024-05-29-20-00-00", "latency": "35"}, {"date": "2024-05-29-20-00-00", "latency": "35"}, {"date": "2024-05-29-20-00-00", "latency": "35"}, {"date": "2024-05-29-20-00-00", "latency": "35"}, {"date": "2024-05-29-20-00-00", "latency": "35"}, {"date": "2024-05-29-20-00-00", "latency": "35"}, {"date": "2024-05-29-20-00-00", "latency": "35"}, {"date": "2024-05-29-20-00-00", "latency": "35"}]}, {"location": {"country_code": "za"}, "game_id": "135305", "values": [{"date": "2024-05-29-21-00-00", "latency": "174"}]}, {"location": {"country_code": "jp"}, "game_id": "135305", "values": [{"date": "2024-05-29-19-00-00", "latency": "15"}, {"date": "2024-05-29-19-00-00", "latency": "15"}, {"date": "2024-05-29-19-00-00", "latency": "15"}, {"date": "2024-05-29-19-00-00", "latency": "15"}, {"date": "2024-05-29-19-00-00", "latency": "15"}, {"date": "2024-05-29-19-00-00", "latency": "15"}, {"date": "2024-05-29-19-00-00", "latency": "15"}, {"date": "2024-05-29-19-00-00", "latency": "15"}, {"date": "2024-05-29-19-00-00", "latency": "15"}, {"date": "2024-05-29-19-00-00", "latency": "15"}, {"date": "2024-05-29-19-00-00", "latency": "15"}, {"date": "2024-05-29-19-00-00", "latency": "15"}, {"date": "2024-05-29-19-00-00", "latency": "15"}, {"date": "2024-05-29-19-00-00", "latency": "15"}, {"date": "2024-05-29-16-00-00", "latency": "13"}, {"date": "2024-05-30-02-00-00", "latency": "8"}, {"date": "2024-05-29-11-00-00", "latency": "23"}, {"date": "2024-05-29-11-00-00", "latency": "23"}, {"date": "2024-05-29-11-00-00", "latency": "23"}, {"date": "2024-05-29-11-00-00", "latency": "23"}, {"date": "2024-05-29-11-00-00", "latency": "23"}, {"date": "2024-05-29-11-00-00", "latency": "23"}, {"date": "2024-05-29-08-00-00", "latency": "20"}, {"date": "2024-05-29-08-00-00", "latency": "20"}, {"date": "2024-05-29-08-00-00", "latency": "20"}, {"date": "2024-05-29-15-00-00", "latency": "15"}, {"date": "2024-05-29-15-00-00", "latency": "15"}, {"date": "2024-05-29-19-00-00", "latency": "17"}, {"date": "2024-05-29-19-00-00", "latency": "17"}, {"date": "2024-05-29-19-00-00", "latency": "17"}, {"date": "2024-05-29-19-00-00", "latency": "17"}, {"date": "2024-05-29-19-00-00", "latency": "17"}, {"date": "2024-05-29-19-00-00", "latency": "17"}, {"date": "2024-05-29-19-00-00", "latency": "17"}, {"date": "2024-05-29-19-00-00", "latency": "17"}, {"date": "2024-05-29-06-00-00", "latency": "12"}, {"date": "2024-05-29-06-00-00", "latency": "12"}, {"date": "2024-05-29-06-00-00", "latency": "12"}, {"date": "2024-05-29-06-00-00", "latency": "12"}, {"date": "2024-05-29-06-00-00", "latency": "12"}, {"date": "2024-05-29-06-00-00", "latency": "12"}, {"date": "2024-05-29-21-00-00", "latency": "7"}, {"date": "2024-05-29-21-00-00", "latency": "7"}, {"date": "2024-05-29-21-00-00", "latency": "7"}, {"date": "2024-05-29-21-00-00", "latency": "7"}, {"date": "2024-05-29-21-00-00", "latency": "7"}, {"date": "2024-05-29-21-00-00", "latency": "7"}, {"date": "2024-05-29-15-00-00", "latency": "33"}, {"date": "2024-05-29-16-00-00", "latency": "10"}, {"date": "2024-05-29-16-00-00", "latency": "10"}, {"date": "2024-05-29-16-00-00", "latency": "10"}, {"date": "2024-05-29-16-00-00", "latency": "10"}, {"date": "2024-05-29-15-00-00", "latency": "165"}, {"date": "2024-05-29-15-00-00", "latency": "165"}, {"date": "2024-05-29-15-00-00", "latency": "165"}, {"date": "2024-05-29-15-00-00", "latency": "165"}, {"date": "2024-05-29-15-00-00", "latency": "165"}, {"date": "2024-05-29-15-00-00", "latency": "165"}, {"date": "2024-05-29-13-00-00", "latency": "14"}, {"date": "2024-05-29-16-00-00", "latency": "10"}, {"date": "2024-05-29-16-00-00", "latency": "10"}, {"date": "2024-05-29-16-00-00", "latency": "10"}, {"date": "2024-05-29-16-00-00", "latency": "10"}, {"date": "2024-05-29-21-00-00", "latency": "18"}, {"date": "2024-05-29-21-00-00", "latency": "18"}]}, {"location": {"country_code": "ca"}, "game_id": "135305", "values": [{"date": "2024-05-29-22-00-00", "latency": "97"}, {"date": "2024-05-29-22-00-00", "latency": "97"}, {"date": "2024-05-29-23-00-00", "latency": "33"}]}, {"location": {"country_code": "ch"}, "game_id": "135305", "values": [{"date": "2024-05-29-21-00-00", "latency": "22"}, {"date": "2024-05-29-21-00-00", "latency": "22"}, {"date": "2024-05-29-21-00-00", "latency": "22"}, {"date": "2024-05-29-21-00-00", "latency": "22"}, {"date": "2024-05-29-21-00-00", "latency": "22"}, {"date": "2024-05-29-21-00-00", "latency": "22"}, {"date": "2024-05-29-21-00-00", "latency": "22"}, {"date": "2024-05-29-21-00-00", "latency": "22"}, {"date": "2024-05-29-21-00-00", "latency": "22"}, {"date": "2024-05-29-20-00-00", "latency": "27"}, {"date": "2024-05-29-20-00-00", "latency": "27"}, {"date": "2024-05-29-20-00-00", "latency": "27"}, {"date": "2024-05-29-20-00-00", "latency": "27"}, {"date": "2024-05-29-20-00-00", "latency": "27"}, {"date": "2024-05-29-20-00-00", "latency": "27"}, {"date": "2024-05-29-20-00-00", "latency": "27"}]}, {"location": {"country_code": "de"}, "game_id": "135305", "values": [{"date": "2024-05-29-15-00-00", "latency": "21"}, {"date": "2024-05-29-15-00-00", "latency": "21"}, {"date": "2024-05-29-15-00-00", "latency": "21"}, {"date": "2024-05-29-15-00-00", "latency": "21"}, {"date": "2024-05-29-15-00-00", "latency": "21"}, {"date": "2024-05-29-15-00-00", "latency": "21"}, {"date": "2024-05-29-15-00-00", "latency": "21"}, {"date": "2024-05-29-15-00-00", "latency": "21"}, {"date": "2024-05-29-15-00-00", "latency": "21"}, {"date": "2024-05-29-15-00-00", "latency": "21"}, {"date": "2024-05-29-15-00-00", "latency": "21"}, {"date": "2024-05-29-15-00-00", "latency": "21"}, {"date": "2024-05-29-15-00-00", "latency": "21"}, {"date": "2024-05-29-20-00-00", "latency": "21"}, {"date": "2024-05-29-20-00-00", "latency": "21"}, {"date": "2024-05-29-20-00-00", "latency": "21"}, {"date": "2024-05-29-20-00-00", "latency": "21"}, {"date": "2024-05-29-20-00-00", "latency": "21"}, {"date": "2024-05-29-20-00-00", "latency": "21"}, {"date": "2024-05-29-20-00-00", "latency": "21"}, {"date": "2024-05-29-20-00-00", "latency": "21"}, {"date": "2024-05-29-20-00-00", "latency": "21"}, {"date": "2024-05-29-20-00-00", "latency": "21"}, {"date": "2024-05-29-20-00-00", "latency": "21"}, {"date": "2024-05-29-20-00-00", "latency": "21"}, {"date": "2024-05-29-20-00-00", "latency": "21"}, {"date": "2024-05-29-20-00-00", "latency": "21"}, {"date": "2024-05-29-20-00-00", "latency": "21"}, {"date": "2024-05-29-20-00-00", "latency": "21"}, {"date": "2024-05-29-20-00-00", "latency": "21"}, {"date": "2024-05-29-20-00-00", "latency": "21"}, {"date": "2024-05-29-20-00-00", "latency": "21"}, {"date": "2024-05-29-20-00-00", "latency": "21"}, {"date": "2024-05-29-20-00-00", "latency": "21"}, {"date": "2024-05-29-20-00-00", "latency": "21"}, {"date": "2024-05-29-08-00-00", "latency": "16"}, {"date": "2024-05-29-08-00-00", "latency": "16"}, {"date": "2024-05-29-08-00-00", "latency": "16"}, {"date": "2024-05-29-08-00-00", "latency": "16"}, {"date": "2024-05-29-08-00-00", "latency": "16"}, {"date": "2024-05-29-08-00-00", "latency": "16"}]}, {"location": {"country_code": "ng", "region": "Kano"}, "game_id": "135305", "values": [{"date": "2024-05-29-12-00-00", "latency": "36"}, {"date": "2024-05-29-12-00-00", "latency": "36"}, {"date": "2024-05-29-12-00-00", "latency": "36"}, {"date": "2024-05-29-12-00-00", "latency": "36"}, {"date": "2024-05-29-12-00-00", "latency": "36"}, {"date": "2024-05-29-12-00-00", "latency": "36"}, {"date": "2024-05-29-12-00-00", "latency": "36"}, {"date": "2024-05-29-12-00-00", "latency": "36"}, {"date": "2024-05-29-12-00-00", "latency": "36"}, {"date": "2024-05-29-12-00-00", "latency": "36"}, {"date": "2024-05-29-12-00-00", "latency": "36"}, {"date": "2024-05-29-12-00-00", "latency": "36"}, {"date": "2024-05-29-12-00-00", "latency": "36"}, {"date": "2024-05-29-12-00-00", "latency": "36"}, {"date": "2024-05-29-12-00-00", "latency": "36"}, {"date": "2024-05-29-12-00-00", "latency": "36"}, {"date": "2024-05-29-12-00-00", "latency": "36"}, {"date": "2024-05-29-12-00-00", "latency": "36"}, {"date": "2024-05-29-12-00-00", "latency": "36"}]}, {"location": {"country_code": "tw"}, "game_id": "135305", "values": [{"date": "2024-05-29-21-00-00", "latency": "52"}, {"date": "2024-05-29-21-00-00", "latency": "52"}, {"date": "2024-05-29-21-00-00", "latency": "52"}, {"date": "2024-05-29-21-00-00", "latency": "52"}, {"date": "2024-05-29-21-00-00", "latency": "52"}, {"date": "2024-05-29-21-00-00", "latency": "52"}, {"date": "2024-05-29-15-00-00", "latency": "62"}, {"date": "2024-05-29-15-00-00", "latency": "62"}, {"date": "2024-05-29-15-00-00", "latency": "62"}, {"date": "2024-05-29-15-00-00", "latency": "62"}, {"date": "2024-05-29-15-00-00", "latency": "62"}]}, {"location": {"country_code": "gb", "region": "Scotland"}, "game_id": "135305", "values": [{"date": "2024-05-29-20-00-00", "latency": "107"}, {"date": "2024-05-29-20-00-00", "latency": "107"}, {"date": "2024-05-29-20-00-00", "latency": "107"}]}, {"location": {"country_code": "cl"}, "game_id": "135305", "values": [{"date": "2024-05-30-00-00-00", "latency": "124"}, {"date": "2024-05-30-00-00-00", "latency": "124"}, {"date": "2024-05-30-00-00-00", "latency": "124"}, {"date": "2024-05-30-00-00-00", "latency": "124"}, {"date": "2024-05-30-00-00-00", "latency": "124"}, {"date": "2024-05-30-00-00-00", "latency": "124"}, {"date": "2024-05-30-00-00-00", "latency": "124"}, {"date": "2024-05-30-00-00-00", "latency": "124"}, {"date": "2024-05-30-00-00-00", "latency": "124"}, {"date": "2024-05-30-00-00-00", "latency": "124"}, {"date": "2024-05-30-00-00-00", "latency": "124"}, {"date": "2024-05-30-00-00-00", "latency": "124"}, {"date": "2024-05-30-00-00-00", "latency": "124"}, {"date": "2024-05-30-00-00-00", "latency": "124"}, {"date": "2024-05-29-03-00-00", "latency": "126"}, {"date": "2024-05-29-03-00-00", "latency": "126"}, {"date": "2024-05-29-03-00-00", "latency": "126"}, {"date": "2024-05-29-03-00-00", "latency": "126"}]}, {"location": {"country_code": "cl", "region": "Los Rios Region", "city": "Valdivia"}, "game_id": "135305", "values": [{"date": "2024-05-29-05-00-00", "latency": "37"}, {"date": "2024-05-29-05-00-00", "latency": "37"}, {"date": "2024-05-29-05-00-00", "latency": "37"}, {"date": "2024-05-29-05-00-00", "latency": "37"}, {"date": "2024-05-29-05-00-00", "latency": "37"}]}, {"location": {"country_code": "us", "region": "Florida"}, "game_id": "135305", "values": [{"date": "2024-05-29-19-00-00", "latency": "38"}]}, {"location": {"country_code": "ph"}, "game_id": "135305", "values": [{"date": "2024-05-29-13-00-00", "latency": "165"}, {"date": "2024-05-29-13-00-00", "latency": "165"}, {"date": "2024-05-29-13-00-00", "latency": "165"}, {"date": "2024-05-29-13-00-00", "latency": "165"}, {"date": "2024-05-29-13-00-00", "latency": "165"}, {"date": "2024-05-29-13-00-00", "latency": "165"}, {"date": "2024-05-29-13-00-00", "latency": "165"}, {"date": "2024-05-29-13-00-00", "latency": "165"}, {"date": "2024-05-29-04-00-00", "latency": "74"}, {"date": "2024-05-29-04-00-00", "latency": "74"}, {"date": "2024-05-29-17-00-00", "latency": "88"}, {"date": "2024-05-29-16-00-00", "latency": "154"}, {"date": "2024-05-29-16-00-00", "latency": "154"}, {"date": "2024-05-29-16-00-00", "latency": "154"}, {"date": "2024-05-29-16-00-00", "latency": "154"}, {"date": "2024-05-29-16-00-00", "latency": "154"}, {"date": "2024-05-29-16-00-00", "latency": "154"}]}, {"location": {"country_code": "fr"}, "game_id": "135305", "values": [{"date": "2024-05-29-11-00-00", "latency": "8"}, {"date": "2024-05-29-11-00-00", "latency": "8"}, {"date": "2024-05-29-11-00-00", "latency": "8"}, {"date": "2024-05-29-18-00-00", "latency": "30"}, {"date": "2024-05-29-18-00-00", "latency": "34"}, {"date": "2024-05-29-18-00-00", "latency": "34"}, {"date": "2024-05-29-18-00-00", "latency": "34"}, {"date": "2024-05-29-18-00-00", "latency": "34"}, {"date": "2024-05-29-18-00-00", "latency": "34"}, {"date": "2024-05-29-18-00-00", "latency": "34"}, {"date": "2024-05-29-18-00-00", "latency": "34"}, {"date": "2024-05-29-18-00-00", "latency": "34"}, {"date": "2024-05-29-18-00-00", "latency": "34"}, {"date": "2024-05-29-18-00-00", "latency": "34"}, {"date": "2024-05-29-18-00-00", "latency": "34"}, {"date": "2024-05-29-18-00-00", "latency": "34"}, {"date": "2024-05-29-18-00-00", "latency": "34"}, {"date": "2024-05-29-18-00-00", "latency": "34"}, {"date": "2024-05-29-18-00-00", "latency": "34"}, {"date": "2024-05-29-18-00-00", "latency": "34"}, {"date": "2024-05-29-18-00-00", "latency": "34"}, {"date": "2024-05-29-18-00-00", "latency": "34"}, {"date": "2024-05-29-18-00-00", "latency": "34"}, {"date": "2024-05-29-18-00-00", "latency": "34"}, {"date": "2024-05-29-18-00-00", "latency": "34"}, {"date": "2024-05-29-18-00-00", "latency": "34"}, {"date": "2024-05-29-18-00-00", "latency": "34"}, {"date": "2024-05-29-15-00-00", "latency": "33"}, {"date": "2024-05-29-05-00-00", "latency": "74"}, {"date": "2024-05-29-05-00-00", "latency": "74"}]}, {"location": {"country_code": "mx"}, "game_id": "135305", "values": [{"date": "2024-05-30-01-00-00", "latency": "86"}, {"date": "2024-05-30-01-00-00", "latency": "86"}, {"date": "2024-05-30-01-00-00", "latency": "86"}, {"date": "2024-05-29-06-00-00", "latency": "74"}, {"date": "2024-05-29-06-00-00", "latency": "74"}, {"date": "2024-05-29-06-00-00", "latency": "74"}, {"date": "2024-05-30-02-00-00", "latency": "0"}, {"date": "2024-05-29-06-00-00", "latency": "56"}, {"date": "2024-05-29-06-00-00", "latency": "56"}, {"date": "2024-05-29-06-00-00", "latency": "56"}, {"date": "2024-05-29-05-00-00", "latency": "67"}, {"date": "2024-05-29-05-00-00", "latency": "67"}, {"date": "2024-05-29-05-00-00", "latency": "67"}, {"date": "2024-05-29-05-00-00", "latency": "67"}, {"date": "2024-05-29-05-00-00", "latency": "67"}, {"date": "2024-05-29-08-00-00", "latency": "74"}, {"date": "2024-05-29-08-00-00", "latency": "74"}, {"date": "2024-05-30-01-00-00", "latency": "93"}, {"date": "2024-05-30-01-00-00", "latency": "93"}, {"date": "2024-05-30-01-00-00", "latency": "93"}, {"date": "2024-05-30-01-00-00", "latency": "93"}, {"date": "2024-05-30-01-00-00", "latency": "93"}, {"date": "2024-05-30-01-00-00", "latency": "93"}, {"date": "2024-05-29-11-00-00", "latency": "68"}, {"date": "2024-05-29-11-00-00", "latency": "68"}, {"date": "2024-05-29-11-00-00", "latency": "68"}, {"date": "2024-05-29-11-00-00", "latency": "68"}, {"date": "2024-05-29-11-00-00", "latency": "68"}, {"date": "2024-05-29-11-00-00", "latency": "68"}, {"date": "2024-05-29-11-00-00", "latency": "68"}, {"date": "2024-05-29-11-00-00", "latency": "68"}, {"date": "2024-05-29-11-00-00", "latency": "68"}]}, {"location": {"country_code": "mx", "region": "Mexico City"}, "game_id": "135305", "values": [{"date": "2024-05-29-07-00-00", "latency": "96"}, {"date": "2024-05-29-07-00-00", "latency": "96"}, {"date": "2024-05-29-07-00-00", "latency": "96"}, {"date": "2024-05-29-07-00-00", "latency": "96"}, {"date": "2024-05-29-07-00-00", "latency": "96"}, {"date": "2024-05-29-07-00-00", "latency": "96"}, {"date": "2024-05-29-07-00-00", "latency": "96"}, {"date": "2024-05-29-07-00-00", "latency": "96"}, {"date": "2024-05-29-07-00-00", "latency": "96"}, {"date": "2024-05-29-07-00-00", "latency": "96"}, {"date": "2024-05-29-07-00-00", "latency": "96"}]}, {"location": {"country_code": "in"}, "game_id": "135305", "values": [{"date": "2024-05-29-06-00-00", "latency": "177"}, {"date": "2024-05-29-06-00-00", "latency": "177"}, {"date": "2024-05-30-02-00-00", "latency": "159"}, {"date": "2024-05-30-02-00-00", "latency": "159"}, {"date": "2024-05-29-17-00-00", "latency": "185"}, {"date": "2024-05-29-17-00-00", "latency": "185"}]}, {"location": {"country_code": "us", "region": "California"}, "game_id": "135305", "values": [{"date": "2024-05-29-05-00-00", "latency": "150"}, {"date": "2024-05-29-05-00-00", "latency": "150"}, {"date": "2024-05-29-05-00-00", "latency": "62"}, {"date": "2024-05-29-05-00-00", "latency": "62"}, {"date": "2024-05-29-05-00-00", "latency": "62"}, {"date": "2024-05-29-05-00-00", "latency": "62"}, {"date": "2024-05-29-05-00-00", "latency": "62"}, {"date": "2024-05-30-01-00-00", "latency": "85"}, {"date": "2024-05-30-01-00-00", "latency": "85"}, {"date": "2024-05-30-01-00-00", "latency": "85"}, {"date": "2024-05-30-01-00-00", "latency": "85"}, {"date": "2024-05-30-01-00-00", "latency": "85"}, {"date": "2024-05-30-01-00-00", "latency": "85"}, {"date": "2024-05-30-01-00-00", "latency": "85"}, {"date": "2024-05-30-01-00-00", "latency": "85"}, {"date": "2024-05-30-01-00-00", "latency": "85"}, {"date": "2024-05-30-01-00-00", "latency": "85"}, {"date": "2024-05-30-01-00-00", "latency": "85"}, {"date": "2024-05-30-01-00-00", "latency": "85"}, {"date": "2024-05-29-08-00-00", "latency": "68"}, {"date": "2024-05-29-07-00-00", "latency": "99"}, {"date": "2024-05-29-07-00-00", "latency": "99"}, {"date": "2024-05-29-07-00-00", "latency": "99"}]}, {"location": {"country_code": "us", "region": "California", "city": "Cerritos"}, "game_id": "135305", "values": [{"date": "2024-05-30-00-00-00", "latency": "86"}, {"date": "2024-05-30-00-00-00", "latency": "86"}, {"date": "2024-05-30-00-00-00", "latency": "86"}, {"date": "2024-05-30-00-00-00", "latency": "86"}, {"date": "2024-05-30-00-00-00", "latency": "86"}, {"date": "2024-05-30-00-00-00", "latency": "86"}]}, {"location": {"country_code": "br"}, "game_id": "135305", "values": [{"date": "2024-05-29-03-00-00", "latency": "148"}, {"date": "2024-05-29-03-00-00", "latency": "148"}, {"date": "2024-05-29-03-00-00", "latency": "148"}, {"date": "2024-05-29-03-00-00", "latency": "148"}, {"date": "2024-05-29-03-00-00", "latency": "148"}, {"date": "2024-05-29-03-00-00", "latency": "148"}, {"date": "2024-05-29-03-00-00", "latency": "148"}, {"date": "2024-05-29-22-00-00", "latency": "156"}, {"date": "2024-05-29-22-00-00", "latency": "156"}, {"date": "2024-05-29-22-00-00", "latency": "156"}, {"date": "2024-05-29-22-00-00", "latency": "156"}, {"date": "2024-05-29-22-00-00", "latency": "156"}, {"date": "2024-05-29-22-00-00", "latency": "156"}, {"date": "2024-05-29-22-00-00", "latency": "156"}, {"date": "2024-05-29-22-00-00", "latency": "156"}, {"date": "2024-05-29-17-00-00", "latency": "12"}, {"date": "2024-05-29-17-00-00", "latency": "12"}, {"date": "2024-05-29-17-00-00", "latency": "12"}, {"date": "2024-05-29-17-00-00", "latency": "12"}, {"date": "2024-05-30-01-00-00", "latency": "158"}, {"date": "2024-05-30-01-00-00", "latency": "158"}, {"date": "2024-05-30-01-00-00", "latency": "158"}, {"date": "2024-05-30-01-00-00", "latency": "158"}, {"date": "2024-05-29-03-00-00", "latency": "103"}, {"date": "2024-05-29-03-00-00", "latency": "103"}, {"date": "2024-05-29-03-00-00", "latency": "103"}, {"date": "2024-05-29-03-00-00", "latency": "103"}, {"date": "2024-05-29-03-00-00", "latency": "103"}, {"date": "2024-05-29-03-00-00", "latency": "103"}, {"date": "2024-05-29-03-00-00", "latency": "103"}, {"date": "2024-05-29-03-00-00", "latency": "103"}, {"date": "2024-05-29-03-00-00", "latency": "103"}, {"date": "2024-05-29-03-00-00", "latency": "103"}, {"date": "2024-05-29-03-00-00", "latency": "103"}, {"date": "2024-05-29-03-00-00", "latency": "103"}, {"date": "2024-05-29-03-00-00", "latency": "103"}, {"date": "2024-05-29-03-00-00", "latency": "103"}, {"date": "2024-05-29-03-00-00", "latency": "103"}]}, {"location": {"country_code": "br", "region": "Sao Paulo", "city": "Apiai"}, "game_id": "135305", "values": [{"date": "2024-05-30-01-00-00", "latency": "126"}, {"date": "2024-05-30-01-00-00", "latency": "126"}, {"date": "2024-05-30-01-00-00", "latency": "126"}]}, {"location": {"country_code": "se"}, "game_id": "135305", "values": [{"date": "2024-05-29-18-00-00", "latency": "43"}, {"date": "2024-05-29-18-00-00", "latency": "43"}, {"date": "2024-05-29-18-00-00", "latency": "43"}, {"date": "2024-05-29-18-00-00", "latency": "43"}, {"date": "2024-05-29-18-00-00", "latency": "43"}, {"date": "2024-05-29-18-00-00", "latency": "43"}, {"date": "2024-05-29-18-00-00", "latency": "43"}]}, {"location": {"country_code": "ec"}, "game_id": "135305", "values": [{"date": "2024-05-29-05-00-00", "latency": "88"}, {"date": "2024-05-29-05-00-00", "latency": "88"}, {"date": "2024-05-29-05-00-00", "latency": "88"}, {"date": "2024-05-29-05-00-00", "latency": "88"}, {"date": "2024-05-29-05-00-00", "latency": "88"}, {"date": "2024-05-29-05-00-00", "latency": "88"}, {"date": "2024-05-29-21-00-00", "latency": "94"}, {"date": "2024-05-29-21-00-00", "latency": "94"}, {"date": "2024-05-29-21-00-00", "latency": "94"}, {"date": "2024-05-29-21-00-00", "latency": "94"}, {"date": "2024-05-29-21-00-00", "latency": "94"}, {"date": "2024-05-29-21-00-00", "latency": "94"}, {"date": "2024-05-29-21-00-00", "latency": "94"}, {"date": "2024-05-29-07-00-00", "latency": "3"}, {"date": "2024-05-29-07-00-00", "latency": "3"}, {"date": "2024-05-29-07-00-00", "latency": "3"}, {"date": "2024-05-29-07-00-00", "latency": "3"}, {"date": "2024-05-29-07-00-00", "latency": "3"}, {"date": "2024-05-29-07-00-00", "latency": "3"}]}, {"location": {"country_code": "au"}, "game_id": "135305", "values": [{"date": "2024-05-29-15-00-00", "latency": "144"}, {"date": "2024-05-29-15-00-00", "latency": "144"}, {"date": "2024-05-29-15-00-00", "latency": "144"}, {"date": "2024-05-29-15-00-00", "latency": "144"}, {"date": "2024-05-29-15-00-00", "latency": "144"}, {"date": "2024-05-29-15-00-00", "latency": "144"}, {"date": "2024-05-29-15-00-00", "latency": "144"}, {"date": "2024-05-29-15-00-00", "latency": "144"}, {"date": "2024-05-29-15-00-00", "latency": "144"}, {"date": "2024-05-29-15-00-00", "latency": "144"}, {"date": "2024-05-29-15-00-00", "latency": "144"}, {"date": "2024-05-29-15-00-00", "latency": "144"}, {"date": "2024-05-29-15-00-00", "latency": "144"}, {"date": "2024-05-29-15-00-00", "latency": "144"}, {"date": "2024-05-29-15-00-00", "latency": "144"}, {"date": "2024-05-29-15-00-00", "latency": "144"}, {"date": "2024-05-29-15-00-00", "latency": "144"}, {"date": "2024-05-29-15-00-00", "latency": "144"}, {"date": "2024-05-29-15-00-00", "latency": "144"}, {"date": "2024-05-29-15-00-00", "latency": "144"}]}, {"location": {"country_code": "au", "region": "Victoria", "city": "Melbourne"}, "game_id": "135305", "values": [{"date": "2024-05-29-13-00-00", "latency": "172"}, {"date": "2024-05-29-13-00-00", "latency": "172"}, {"date": "2024-05-29-13-00-00", "latency": "172"}, {"date": "2024-05-29-13-00-00", "latency": "172"}, {"date": "2024-05-29-13-00-00", "latency": "172"}, {"date": "2024-05-29-13-00-00", "latency": "172"}]}, {"location": {"country_code": "es", "region": "Madrid", "city": "Parla"}, "game_id": "135305", "values": [{"date": "2024-05-29-21-00-00", "latency": "44"}, {"date": "2024-05-29-21-00-00", "latency": "44"}, {"date": "2024-05-29-21-00-00", "latency": "44"}, {"date": "2024-05-29-21-00-00", "latency": "44"}, {"date": "2024-05-29-21-00-00", "latency": "44"}, {"date": "2024-05-29-21-00-00", "latency": "44"}, {"date": "2024-05-29-21-00-00", "latency": "44"}, {"date": "2024-05-29-21-00-00", "latency": "44"}, {"date": "2024-05-29-21-00-00", "latency": "44"}, {"date": "2024-05-29-21-00-00", "latency": "44"}, {"date": "2024-05-29-21-00-00", "latency": "44"}, {"date": "2024-05-29-21-00-00", "latency": "44"}, {"date": "2024-05-29-21-00-00", "latency": "44"}, {"date": "2024-05-29-21-00-00", "latency": "44"}, {"date": "2024-05-29-21-00-00", "latency": "44"}, {"date": "2024-05-29-21-00-00", "latency": "44"}, {"date": "2024-05-29-21-00-00", "latency": "44"}, {"date": "2024-05-29-21-00-00", "latency": "44"}, {"date": "2024-05-29-21-00-00", "latency": "44"}, {"date": "2024-05-29-21-00-00", "latency": "44"}, {"date": "2024-05-29-21-00-00", "latency": "44"}, {"date": "2024-05-29-21-00-00", "latency": "44"}, {"date": "2024-05-29-21-00-00", "latency": "44"}, {"date": "2024-05-29-21-00-00", "latency": "44"}, {"date": "2024-05-29-21-00-00", "latency": "44"}, {"date": "2024-05-29-21-00-00", "latency": "44"}, {"date": "2024-05-29-21-00-00", "latency": "44"}, {"date": "2024-05-29-21-00-00", "latency": "44"}, {"date": "2024-05-29-21-00-00", "latency": "44"}, {"date": "2024-05-29-21-00-00", "latency": "44"}, {"date": "2024-05-29-21-00-00", "latency": "44"}, {"date": "2024-05-29-21-00-00", "latency": "44"}, {"date": "2024-05-29-21-00-00", "latency": "44"}, {"date": "2024-05-29-21-00-00", "latency": "44"}, {"date": "2024-05-29-21-00-00", "latency": "44"}, {"date": "2024-05-29-21-00-00", "latency": "44"}, {"date": "2024-05-29-21-00-00", "latency": "44"}]}, {"location": {"country_code": "tr"}, "game_id": "135305", "values": [{"date": "2024-05-29-13-00-00", "latency": "43"}]}, {"location": {"country_code": "de", "region": "Hesse"}, "game_id": "135305", "values": [{"date": "2024-05-29-20-00-00", "latency": "14"}, {"date": "2024-05-29-20-00-00", "latency": "14"}, {"date": "2024-05-29-20-00-00", "latency": "14"}, {"date": "2024-05-29-20-00-00", "latency": "14"}, {"date": "2024-05-29-20-00-00", "latency": "14"}, {"date": "2024-05-29-20-00-00", "latency": "14"}, {"date": "2024-05-29-20-00-00", "latency": "14"}, {"date": "2024-05-29-20-00-00", "latency": "14"}, {"date": "2024-05-29-20-00-00", "latency": "14"}, {"date": "2024-05-29-20-00-00", "latency": "14"}, {"date": "2024-05-29-20-00-00", "latency": "14"}, {"date": "2024-05-29-20-00-00", "latency": "14"}, {"date": "2024-05-29-20-00-00", "latency": "14"}, {"date": "2024-05-29-20-00-00", "latency": "14"}, {"date": "2024-05-29-20-00-00", "latency": "14"}, {"date": "2024-05-29-20-00-00", "latency": "14"}]}, {"location": {"country_code": "es"}, "game_id": "135305", "values": [{"date": "2024-05-29-20-00-00", "latency": "42"}, {"date": "2024-05-29-20-00-00", "latency": "42"}, {"date": "2024-05-29-20-00-00", "latency": "42"}]}, {"location": {"country_code": "es", "region": "Ceuta", "city": "Ceuta"}, "game_id": "135305", "values": [{"date": "2024-05-29-12-00-00", "latency": "45"}]}, {"location": {"country_code": "sa"}, "game_id": "135305", "values": [{"date": "2024-05-29-15-00-00", "latency": "74"}, {"date": "2024-05-29-15-00-00", "latency": "74"}, {"date": "2024-05-29-15-00-00", "latency": "74"}, {"date": "2024-05-29-15-00-00", "latency": "74"}]}, {"location": {"country_code": "ar"}, "game_id": "135305", "values": [{"date": "2024-05-30-01-00-00", "latency": "179"}, {"date": "2024-05-29-04-00-00", "latency": "167"}, {"date": "2024-05-29-04-00-00", "latency": "167"}, {"date": "2024-05-29-04-00-00", "latency": "167"}, {"date": "2024-05-29-04-00-00", "latency": "167"}]}, {"location": {"country_code": "bo"}, "game_id": "135305", "values": [{"date": "2024-05-29-03-00-00", "latency": "10000"}, {"date": "2024-05-29-03-00-00", "latency": "10000"}, {"date": "2024-05-29-03-00-00", "latency": "10000"}, {"date": "2024-05-29-03-00-00", "latency": "10000"}, {"date": "2024-05-29-03-00-00", "latency": "10000"}, {"date": "2024-05-29-03-00-00", "latency": "10000"}, {"date": "2024-05-29-03-00-00", "latency": "10000"}, {"date": "2024-05-29-03-00-00", "latency": "10000"}, {"date": "2024-05-29-03-00-00", "latency": "10000"}, {"date": "2024-05-29-03-00-00", "latency": "10000"}, {"date": "2024-05-29-03-00-00", "latency": "10000"}, {"date": "2024-05-29-03-00-00", "latency": "10000"}, {"date": "2024-05-29-03-00-00", "latency": "10000"}, {"date": "2024-05-29-03-00-00", "latency": "10000"}, {"date": "2024-05-29-03-00-00", "latency": "10000"}, {"date": "2024-05-29-03-00-00", "latency": "10000"}, {"date": "2024-05-29-03-00-00", "latency": "10000"}, {"date": "2024-05-29-03-00-00", "latency": "10000"}, {"date": "2024-05-29-03-00-00", "latency": "10000"}, {"date": "2024-05-29-03-00-00", "latency": "10000"}, {"date": "2024-05-29-03-00-00", "latency": "10000"}, {"date": "2024-05-29-03-00-00", "latency": "10000"}, {"date": "2024-05-29-03-00-00", "latency": "10000"}, {"date": "2024-05-29-03-00-00", "latency": "10000"}, {"date": "2024-05-29-03-00-00", "latency": "10000"}, {"date": "2024-05-29-03-00-00", "latency": "10000"}, {"date": "2024-05-29-03-00-00", "latency": "10000"}, {"date": "2024-05-29-03-00-00", "latency": "10000"}, {"date": "2024-05-29-03-00-00", "latency": "10000"}, {"date": "2024-05-29-03-00-00", "latency": "10000"}, {"date": "2024-05-29-03-00-00", "latency": "10000"}, {"date": "2024-05-29-03-00-00", "latency": "10000"}, {"date": "2024-05-29-03-00-00", "latency": "10000"}, {"date": "2024-05-29-03-00-00", "latency": "10000"}, {"date": "2024-05-29-03-00-00", "latency": "10000"}, {"date": "2024-05-29-03-00-00", "latency": "10000"}, {"date": "2024-05-29-03-00-00", "latency": "10000"}, {"date": "2024-05-29-03-00-00", "latency": "10000"}, {"date": "2024-05-29-03-00-00", "latency": "10000"}, {"date": "2024-05-29-03-00-00", "latency": "10000"}]}, {"location": {"country_code": "vn"}, "game_id": "135305", "values": [{"date": "2024-05-29-05-00-00", "latency": "29"}, {"date": "2024-05-29-05-00-00", "latency": "29"}, {"date": "2024-05-29-05-00-00", "latency": "29"}, {"date": "2024-05-29-05-00-00", "latency": "29"}, {"date": "2024-05-29-05-00-00", "latency": "29"}, {"date": "2024-05-29-05-00-00", "latency": "29"}]}, {"location": {"country_code": "ru", "region": "Moscow", "city": "Zelenograd"}, "game_id": "135305", "values": [{"date": "2024-05-29-12-00-00", "latency": "109"}, {"date": "2024-05-29-12-00-00", "latency": "109"}, {"date": "2024-05-29-12-00-00", "latency": "109"}, {"date": "2024-05-29-12-00-00", "latency": "109"}, {"date": "2024-05-29-12-00-00", "latency": "109"}, {"date": "2024-05-29-12-00-00", "latency": "109"}, {"date": "2024-05-29-12-00-00", "latency": "109"}, {"date": "2024-05-29-12-00-00", "latency": "109"}, {"date": "2024-05-29-12-00-00", "latency": "109"}, {"date": "2024-05-29-12-00-00", "latency": "109"}, {"date": "2024-05-29-12-00-00", "latency": "109"}, {"date": "2024-05-29-12-00-00", "latency": "109"}, {"date": "2024-05-29-12-00-00", "latency": "109"}, {"date": "2024-05-29-12-00-00", "latency": "109"}, {"date": "2024-05-29-12-00-00", "latency": "109"}, {"date": "2024-05-29-12-00-00", "latency": "109"}, {"date": "2024-05-29-12-00-00", "latency": "109"}, {"date": "2024-05-29-12-00-00", "latency": "109"}, {"date": "2024-05-29-12-00-00", "latency": "109"}, {"date": "2024-05-29-12-00-00", "latency": "109"}, {"date": "2024-05-29-12-00-00", "latency": "109"}, {"date": "2024-05-29-12-00-00", "latency": "109"}, {"date": "2024-05-29-12-00-00", "latency": "109"}, {"date": "2024-05-29-12-00-00", "latency": "109"}, {"date": "2024-05-29-12-00-00", "latency": "109"}, {"date": "2024-05-29-12-00-00", "latency": "109"}, {"date": "2024-05-29-12-00-00", "latency": "109"}, {"date": "2024-05-29-12-00-00", "latency": "109"}, {"date": "2024-05-29-12-00-00", "latency": "109"}, {"date": "2024-05-29-12-00-00", "latency": "109"}, {"date": "2024-05-29-12-00-00", "latency": "109"}, {"date": "2024-05-29-12-00-00", "latency": "109"}, {"date": "2024-05-29-12-00-00", "latency": "109"}, {"date": "2024-05-29-12-00-00", "latency": "109"}, {"date": "2024-05-29-12-00-00", "latency": "109"}, {"date": "2024-05-29-12-00-00", "latency": "109"}]}, {"location": {"country_code": "ar", "region": "Buenos Aires"}, "game_id": "135305", "values": [{"date": "2024-05-29-18-00-00", "latency": "165"}, {"date": "2024-05-29-18-00-00", "latency": "165"}, {"date": "2024-05-29-18-00-00", "latency": "165"}, {"date": "2024-05-29-18-00-00", "latency": "165"}, {"date": "2024-05-29-18-00-00", "latency": "165"}, {"date": "2024-05-29-18-00-00", "latency": "165"}, {"date": "2024-05-29-18-00-00", "latency": "165"}, {"date": "2024-05-29-18-00-00", "latency": "165"}, {"date": "2024-05-29-18-00-00", "latency": "165"}, {"date": "2024-05-29-18-00-00", "latency": "165"}, {"date": "2024-05-29-18-00-00", "latency": "165"}, {"date": "2024-05-29-18-00-00", "latency": "165"}, {"date": "2024-05-29-18-00-00", "latency": "165"}, {"date": "2024-05-29-18-00-00", "latency": "165"}]}, {"location": {"country_code": "jp", "region": "Tokyo"}, "game_id": "135305", "values": [{"date": "2024-05-29-18-00-00", "latency": "88"}, {"date": "2024-05-29-14-00-00", "latency": "10"}, {"date": "2024-05-29-14-00-00", "latency": "10"}, {"date": "2024-05-29-14-00-00", "latency": "10"}, {"date": "2024-05-29-14-00-00", "latency": "10"}, {"date": "2024-05-29-14-00-00", "latency": "10"}, {"date": "2024-05-29-14-00-00", "latency": "10"}, {"date": "2024-05-29-14-00-00", "latency": "10"}, {"date": "2024-05-29-14-00-00", "latency": "10"}, {"date": "2024-05-29-14-00-00", "latency": "10"}, {"date": "2024-05-29-14-00-00", "latency": "10"}, {"date": "2024-05-29-14-00-00", "latency": "10"}, {"date": "2024-05-29-14-00-00", "latency": "10"}]}, {"location": {"country_code": "br", "region": "Federal District", "city": "Brasilia"}, "game_id": "135305", "values": [{"date": "2024-05-29-04-00-00", "latency": "153"}, {"date": "2024-05-29-04-00-00", "latency": "153"}, {"date": "2024-05-29-04-00-00", "latency": "153"}, {"date": "2024-05-29-04-00-00", "latency": "153"}, {"date": "2024-05-29-04-00-00", "latency": "153"}, {"date": "2024-05-29-04-00-00", "latency": "153"}, {"date": "2024-05-29-04-00-00", "latency": "153"}, {"date": "2024-05-29-04-00-00", "latency": "153"}]}, {"location": {"country_code": "at", "region": "Vienna"}, "game_id": "135305", "values": [{"date": "2024-05-29-23-00-00", "latency": "12"}, {"date": "2024-05-29-23-00-00", "latency": "12"}, {"date": "2024-05-29-23-00-00", "latency": "12"}, {"date": "2024-05-29-23-00-00", "latency": "12"}, {"date": "2024-05-29-23-00-00", "latency": "12"}, {"date": "2024-05-29-23-00-00", "latency": "12"}, {"date": "2024-05-29-23-00-00", "latency": "12"}, {"date": "2024-05-29-23-00-00", "latency": "12"}, {"date": "2024-05-29-23-00-00", "latency": "12"}, {"date": "2024-05-29-23-00-00", "latency": "12"}]}, {"location": {"country_code": "hu"}, "game_id": "135305", "values": [{"date": "2024-05-29-21-00-00", "latency": "41"}, {"date": "2024-05-29-21-00-00", "latency": "41"}, {"date": "2024-05-29-21-00-00", "latency": "41"}, {"date": "2024-05-29-21-00-00", "latency": "41"}, {"date": "2024-05-29-21-00-00", "latency": "41"}, {"date": "2024-05-29-21-00-00", "latency": "41"}, {"date": "2024-05-29-21-00-00", "latency": "41"}, {"date": "2024-05-29-21-00-00", "latency": "41"}, {"date": "2024-05-29-21-00-00", "latency": "41"}]}, {"location": {"country_code": "pe", "region": "Lima region", "city": "Nuevo Lince"}, "game_id": "135305", "values": [{"date": "2024-05-29-06-00-00", "latency": "95"}, {"date": "2024-05-29-06-00-00", "latency": "95"}, {"date": "2024-05-29-06-00-00", "latency": "95"}, {"date": "2024-05-29-06-00-00", "latency": "95"}]}, {"location": {"country_code": "co"}, "game_id": "135305", "values": [{"date": "2024-05-29-03-00-00", "latency": "8"}, {"date": "2024-05-29-03-00-00", "latency": "8"}, {"date": "2024-05-29-03-00-00", "latency": "8"}, {"date": "2024-05-29-03-00-00", "latency": "8"}, {"date": "2024-05-29-03-00-00", "latency": "8"}, {"date": "2024-05-29-03-00-00", "latency": "8"}, {"date": "2024-05-29-03-00-00", "latency": "8"}, {"date": "2024-05-29-03-00-00", "latency": "8"}, {"date": "2024-05-29-03-00-00", "latency": "8"}, {"date": "2024-05-29-03-00-00", "latency": "8"}, {"date": "2024-05-29-03-00-00", "latency": "8"}, {"date": "2024-05-29-21-00-00", "latency": "88"}, {"date": "2024-05-29-21-00-00", "latency": "88"}, {"date": "2024-05-29-21-00-00", "latency": "88"}, {"date": "2024-05-29-21-00-00", "latency": "88"}, {"date": "2024-05-30-00-00-00", "latency": "88"}, {"date": "2024-05-30-00-00-00", "latency": "88"}, {"date": "2024-05-30-00-00-00", "latency": "88"}, {"date": "2024-05-30-00-00-00", "latency": "88"}, {"date": "2024-05-30-00-00-00", "latency": "88"}, {"date": "2024-05-30-00-00-00", "latency": "88"}, {"date": "2024-05-30-00-00-00", "latency": "88"}, {"date": "2024-05-30-00-00-00", "latency": "88"}, {"date": "2024-05-30-00-00-00", "latency": "88"}, {"date": "2024-05-30-00-00-00", "latency": "88"}, {"date": "2024-05-29-02-00-00", "latency": "7"}, {"date": "2024-05-29-03-00-00", "latency": "93"}, {"date": "2024-05-29-03-00-00", "latency": "93"}, {"date": "2024-05-29-03-00-00", "latency": "93"}, {"date": "2024-05-29-03-00-00", "latency": "93"}, {"date": "2024-05-29-03-00-00", "latency": "93"}]}, {"location": {"country_code": "us", "region": "Arizona"}, "game_id": "135305", "values": [{"date": "2024-05-29-12-00-00", "latency": "63"}, {"date": "2024-05-29-12-00-00", "latency": "63"}, {"date": "2024-05-29-12-00-00", "latency": "63"}, {"date": "2024-05-29-12-00-00", "latency": "63"}, {"date": "2024-05-29-12-00-00", "latency": "63"}, {"date": "2024-05-29-12-00-00", "latency": "63"}, {"date": "2024-05-29-12-00-00", "latency": "63"}, {"date": "2024-05-29-12-00-00", "latency": "63"}, {"date": "2024-05-29-12-00-00", "latency": "63"}, {"date": "2024-05-29-12-00-00", "latency": "63"}, {"date": "2024-05-29-12-00-00", "latency": "63"}, {"date": "2024-05-29-12-00-00", "latency": "63"}, {"date": "2024-05-29-12-00-00", "latency": "63"}, {"date": "2024-05-29-12-00-00", "latency": "63"}, {"date": "2024-05-29-12-00-00", "latency": "63"}]}, {"location": {"country_code": "es", "region": "Catalonia", "city": "l'Hospitalet de Llobregat"}, "game_id": "135305", "values": [{"date": "2024-05-29-16-00-00", "latency": "1"}, {"date": "2024-05-29-20-00-00", "latency": "36"}, {"date": "2024-05-29-20-00-00", "latency": "36"}, {"date": "2024-05-29-20-00-00", "latency": "36"}, {"date": "2024-05-29-20-00-00", "latency": "36"}, {"date": "2024-05-29-20-00-00", "latency": "36"}, {"date": "2024-05-29-20-00-00", "latency": "36"}, {"date": "2024-05-29-20-00-00", "latency": "36"}, {"date": "2024-05-29-20-00-00", "latency": "36"}, {"date": "2024-05-29-20-00-00", "latency": "36"}, {"date": "2024-05-29-20-00-00", "latency": "36"}, {"date": "2024-05-29-20-00-00", "latency": "36"}]}, {"location": {"country_code": "pl"}, "game_id": "135305", "values": [{"date": "2024-05-29-21-00-00", "latency": "25"}]}, {"location": {"country_code": "be"}, "game_id": "135305", "values": [{"date": "2024-05-29-14-00-00", "latency": "104"}, {"date": "2024-05-29-14-00-00", "latency": "104"}, {"date": "2024-05-29-14-00-00", "latency": "104"}, {"date": "2024-05-29-14-00-00", "latency": "104"}, {"date": "2024-05-30-01-00-00", "latency": "217"}, {"date": "2024-05-30-01-00-00", "latency": "217"}, {"date": "2024-05-30-01-00-00", "latency": "217"}, {"date": "2024-05-30-01-00-00", "latency": "217"}, {"date": "2024-05-30-01-00-00", "latency": "217"}, {"date": "2024-05-30-01-00-00", "latency": "217"}, {"date": "2024-05-30-01-00-00", "latency": "217"}, {"date": "2024-05-30-01-00-00", "latency": "217"}]}, {"location": {"country_code": "us", "region": "Nevada", "city": "Las Vegas"}, "game_id": "135305", "values": [{"date": "2024-05-29-05-00-00", "latency": "42"}, {"date": "2024-05-29-05-00-00", "latency": "42"}, {"date": "2024-05-29-05-00-00", "latency": "42"}, {"date": "2024-05-29-05-00-00", "latency": "42"}]}, {"location": {"country_code": "pe"}, "game_id": "135305", "values": [{"date": "2024-05-29-03-00-00", "latency": "113"}, {"date": "2024-05-29-03-00-00", "latency": "113"}, {"date": "2024-05-29-03-00-00", "latency": "113"}, {"date": "2024-05-29-03-00-00", "latency": "113"}, {"date": "2024-05-29-03-00-00", "latency": "113"}, {"date": "2024-05-29-07-00-00", "latency": "112"}, {"date": "2024-05-29-07-00-00", "latency": "112"}, {"date": "2024-05-29-05-00-00", "latency": "114"}, {"date": "2024-05-29-05-00-00", "latency": "114"}, {"date": "2024-05-29-05-00-00", "latency": "114"}, {"date": "2024-05-29-05-00-00", "latency": "114"}, {"date": "2024-05-29-06-00-00", "latency": "88"}, {"date": "2024-05-29-06-00-00", "latency": "88"}, {"date": "2024-05-29-06-00-00", "latency": "88"}, {"date": "2024-05-29-06-00-00", "latency": "88"}, {"date": "2024-05-29-06-00-00", "latency": "88"}, {"date": "2024-05-29-06-00-00", "latency": "88"}, {"date": "2024-05-29-03-00-00", "latency": "87"}, {"date": "2024-05-29-03-00-00", "latency": "87"}, {"date": "2024-05-29-03-00-00", "latency": "87"}, {"date": "2024-05-29-03-00-00", "latency": "87"}, {"date": "2024-05-29-03-00-00", "latency": "87"}, {"date": "2024-05-29-03-00-00", "latency": "87"}, {"date": "2024-05-29-03-00-00", "latency": "87"}, {"date": "2024-05-29-03-00-00", "latency": "87"}, {"date": "2024-05-29-03-00-00", "latency": "87"}, {"date": "2024-05-29-03-00-00", "latency": "87"}, {"date": "2024-05-29-03-00-00", "latency": "87"}, {"date": "2024-05-29-03-00-00", "latency": "87"}, {"date": "2024-05-29-03-00-00", "latency": "87"}, {"date": "2024-05-29-03-00-00", "latency": "87"}, {"date": "2024-05-29-03-00-00", "latency": "87"}]}, {"location": {"country_code": "ua"}, "game_id": "135305", "values": [{"date": "2024-05-29-21-00-00", "latency": "42"}, {"date": "2024-05-29-21-00-00", "latency": "42"}, {"date": "2024-05-29-21-00-00", "latency": "42"}, {"date": "2024-05-29-21-00-00", "latency": "42"}, {"date": "2024-05-29-21-00-00", "latency": "42"}, {"date": "2024-05-29-21-00-00", "latency": "42"}, {"date": "2024-05-29-21-00-00", "latency": "42"}, {"date": "2024-05-29-21-00-00", "latency": "42"}]}, {"location": {"country_code": "sg"}, "game_id": "135305", "values": [{"date": "2024-05-29-07-00-00", "latency": "235"}, {"date": "2024-05-29-07-00-00", "latency": "235"}, {"date": "2024-05-29-07-00-00", "latency": "235"}, {"date": "2024-05-29-07-00-00", "latency": "235"}, {"date": "2024-05-29-07-00-00", "latency": "235"}, {"date": "2024-05-29-07-00-00", "latency": "235"}, {"date": "2024-05-29-07-00-00", "latency": "235"}, {"date": "2024-05-29-07-00-00", "latency": "235"}, {"date": "2024-05-29-07-00-00", "latency": "235"}, {"date": "2024-05-29-07-00-00", "latency": "235"}, {"date": "2024-05-29-07-00-00", "latency": "235"}, {"date": "2024-05-29-07-00-00", "latency": "235"}, {"date": "2024-05-29-07-00-00", "latency": "235"}, {"date": "2024-05-29-07-00-00", "latency": "235"}, {"date": "2024-05-29-13-00-00", "latency": "86"}, {"date": "2024-05-29-13-00-00", "latency": "86"}, {"date": "2024-05-29-13-00-00", "latency": "86"}, {"date": "2024-05-29-13-00-00", "latency": "86"}, {"date": "2024-05-29-13-00-00", "latency": "86"}]}, {"location": {"country_code": "ru"}, "game_id": "135305", "values": [{"date": "2024-05-29-18-00-00", "latency": "50"}, {"date": "2024-05-29-18-00-00", "latency": "50"}, {"date": "2024-05-29-18-00-00", "latency": "50"}, {"date": "2024-05-29-18-00-00", "latency": "50"}, {"date": "2024-05-29-18-00-00", "latency": "50"}, {"date": "2024-05-29-18-00-00", "latency": "50"}]}, {"location": {"country_code": "my"}, "game_id": "135305", "values": [{"date": "2024-05-29-18-00-00", "latency": "94"}, {"date": "2024-05-29-18-00-00", "latency": "94"}, {"date": "2024-05-29-18-00-00", "latency": "94"}, {"date": "2024-05-29-18-00-00", "latency": "94"}, {"date": "2024-05-29-10-00-00", "latency": "125"}, {"date": "2024-05-29-08-00-00", "latency": "83"}, {"date": "2024-05-29-08-00-00", "latency": "83"}, {"date": "2024-05-29-08-00-00", "latency": "83"}, {"date": "2024-05-29-08-00-00", "latency": "83"}, {"date": "2024-05-29-08-00-00", "latency": "83"}, {"date": "2024-05-29-08-00-00", "latency": "83"}, {"date": "2024-05-29-08-00-00", "latency": "83"}, {"date": "2024-05-29-08-00-00", "latency": "83"}, {"date": "2024-05-29-08-00-00", "latency": "83"}, {"date": "2024-05-29-08-00-00", "latency": "83"}, {"date": "2024-05-29-08-00-00", "latency": "83"}, {"date": "2024-05-29-08-00-00", "latency": "83"}, {"date": "2024-05-29-08-00-00", "latency": "83"}, {"date": "2024-05-29-08-00-00", "latency": "83"}, {"date": "2024-05-29-08-00-00", "latency": "83"}]}, {"location": {"country_code": "py"}, "game_id": "135305", "values": [{"date": "2024-05-29-22-00-00", "latency": "133"}, {"date": "2024-05-29-22-00-00", "latency": "133"}]}, {"location": {"country_code": "id"}, "game_id": "135305", "values": [{"date": "2024-05-30-01-00-00", "latency": "14"}, {"date": "2024-05-30-01-00-00", "latency": "14"}, {"date": "2024-05-30-01-00-00", "latency": "14"}, {"date": "2024-05-30-01-00-00", "latency": "14"}, {"date": "2024-05-30-01-00-00", "latency": "14"}, {"date": "2024-05-30-01-00-00", "latency": "14"}, {"date": "2024-05-30-01-00-00", "latency": "14"}, {"date": "2024-05-30-01-00-00", "latency": "14"}, {"date": "2024-05-30-01-00-00", "latency": "14"}, {"date": "2024-05-30-01-00-00", "latency": "14"}, {"date": "2024-05-30-01-00-00", "latency": "14"}, {"date": "2024-05-30-01-00-00", "latency": "14"}, {"date": "2024-05-29-08-00-00", "latency": "113"}, {"date": "2024-05-29-08-00-00", "latency": "113"}, {"date": "2024-05-29-08-00-00", "latency": "113"}, {"date": "2024-05-29-08-00-00", "latency": "113"}]}, {"location": {"country_code": "us", "region": "Wisconsin"}, "game_id": "135305", "values": [{"date": "2024-05-29-17-00-00", "latency": "40"}, {"date": "2024-05-29-17-00-00", "latency": "40"}, {"date": "2024-05-29-17-00-00", "latency": "40"}, {"date": "2024-05-29-17-00-00", "latency": "40"}, {"date": "2024-05-29-17-00-00", "latency": "40"}, {"date": "2024-05-29-17-00-00", "latency": "40"}, {"date": "2024-05-29-17-00-00", "latency": "40"}, {"date": "2024-05-29-17-00-00", "latency": "40"}, {"date": "2024-05-29-17-00-00", "latency": "40"}, {"date": "2024-05-29-17-00-00", "latency": "40"}, {"date": "2024-05-29-17-00-00", "latency": "40"}, {"date": "2024-05-29-17-00-00", "latency": "40"}, {"date": "2024-05-29-17-00-00", "latency": "40"}, {"date": "2024-05-29-17-00-00", "latency": "40"}]}, {"location": {"country_code": "mx", "region": "Nuevo Leon", "city": "Monterrey"}, "game_id": "135305", "values": [{"date": "2024-05-29-04-00-00", "latency": "47"}, {"date": "2024-05-29-04-00-00", "latency": "47"}, {"date": "2024-05-29-04-00-00", "latency": "47"}, {"date": "2024-05-29-04-00-00", "latency": "47"}, {"date": "2024-05-29-04-00-00", "latency": "47"}, {"date": "2024-05-29-04-00-00", "latency": "47"}, {"date": "2024-05-29-04-00-00", "latency": "47"}, {"date": "2024-05-29-04-00-00", "latency": "47"}, {"date": "2024-05-29-04-00-00", "latency": "47"}, {"date": "2024-05-29-04-00-00", "latency": "47"}, {"date": "2024-05-29-04-00-00", "latency": "47"}, {"date": "2024-05-29-04-00-00", "latency": "47"}, {"date": "2024-05-29-04-00-00", "latency": "47"}, {"date": "2024-05-29-04-00-00", "latency": "47"}, {"date": "2024-05-29-04-00-00", "latency": "47"}, {"date": "2024-05-29-04-00-00", "latency": "47"}, {"date": "2024-05-29-04-00-00", "latency": "47"}, {"date": "2024-05-29-04-00-00", "latency": "47"}, {"date": "2024-05-29-04-00-00", "latency": "47"}, {"date": "2024-05-29-04-00-00", "latency": "47"}, {"date": "2024-05-29-04-00-00", "latency": "47"}, {"date": "2024-05-29-04-00-00", "latency": "47"}, {"date": "2024-05-29-04-00-00", "latency": "47"}]}, {"location": {"country_code": "cl", "region": "Santiago Metropolitan", "city": "Santiago"}, "game_id": "135305", "values": [{"date": "2024-05-30-00-00-00", "latency": "124"}]}, {"location": {"country_code": "br", "region": "State of Rio de Janeiro"}, "game_id": "135305", "values": [{"date": "2024-05-30-01-00-00", "latency": "124"}, {"date": "2024-05-30-01-00-00", "latency": "124"}, {"date": "2024-05-30-01-00-00", "latency": "124"}, {"date": "2024-05-30-01-00-00", "latency": "124"}, {"date": "2024-05-30-01-00-00", "latency": "124"}, {"date": "2024-05-30-01-00-00", "latency": "124"}, {"date": "2024-05-30-01-00-00", "latency": "124"}, {"date": "2024-05-30-01-00-00", "latency": "124"}, {"date": "2024-05-30-01-00-00", "latency": "124"}, {"date": "2024-05-30-01-00-00", "latency": "124"}, {"date": "2024-05-30-01-00-00", "latency": "124"}]}, {"location": {"country_code": "cn", "region": "Hong Kong"}, "game_id": "135305", "values": [{"date": "2024-05-29-18-00-00", "latency": "55"}, {"date": "2024-05-29-18-00-00", "latency": "55"}, {"date": "2024-05-29-18-00-00", "latency": "55"}, {"date": "2024-05-29-18-00-00", "latency": "55"}, {"date": "2024-05-29-18-00-00", "latency": "55"}, {"date": "2024-05-29-18-00-00", "latency": "55"}, {"date": "2024-05-29-18-00-00", "latency": "55"}, {"date": "2024-05-29-18-00-00", "latency": "55"}, {"date": "2024-05-29-18-00-00", "latency": "55"}]}, {"location": {"country_code": "fr", "region": "Ile-de-France Region", "city": "Paris"}, "game_id": "135305", "values": [{"date": "2024-05-29-21-00-00", "latency": "13"}, {"date": "2024-05-29-21-00-00", "latency": "13"}, {"date": "2024-05-29-21-00-00", "latency": "13"}, {"date": "2024-05-29-21-00-00", "latency": "13"}, {"date": "2024-05-29-21-00-00", "latency": "13"}, {"date": "2024-05-29-21-00-00", "latency": "13"}, {"date": "2024-05-29-21-00-00", "latency": "13"}, {"date": "2024-05-29-21-00-00", "latency": "13"}, {"date": "2024-05-29-21-00-00", "latency": "13"}, {"date": "2024-05-29-21-00-00", "latency": "13"}, {"date": "2024-05-29-21-00-00", "latency": "13"}, {"date": "2024-05-29-21-00-00", "latency": "13"}, {"date": "2024-05-29-21-00-00", "latency": "13"}, {"date": "2024-05-29-21-00-00", "latency": "13"}, {"date": "2024-05-29-21-00-00", "latency": "13"}, {"date": "2024-05-29-21-00-00", "latency": "13"}, {"date": "2024-05-29-21-00-00", "latency": "13"}]}, {"location": {"country_code": "cl", "region": "Valparaiso", "city": "San Antonio"}, "game_id": "135305", "values": [{"date": "2024-05-30-01-00-00", "latency": "139"}]}, {"location": {"country_code": "pe", "region": "Lima region", "city": "Lima"}, "game_id": "135305", "values": [{"date": "2024-05-29-02-00-00", "latency": "99"}]}, {"location": {"country_code": "mx", "region": "Jalisco", "city": "Guadalajara"}, "game_id": "135305", "values": [{"date": "2024-05-29-10-00-00", "latency": "70"}, {"date": "2024-05-29-10-00-00", "latency": "70"}, {"date": "2024-05-29-10-00-00", "latency": "70"}, {"date": "2024-05-29-10-00-00", "latency": "70"}, {"date": "2024-05-29-10-00-00", "latency": "70"}, {"date": "2024-05-29-10-00-00", "latency": "70"}, {"date": "2024-05-29-10-00-00", "latency": "70"}, {"date": "2024-05-29-10-00-00", "latency": "70"}, {"date": "2024-05-29-10-00-00", "latency": "70"}, {"date": "2024-05-29-07-00-00", "latency": "74"}, {"date": "2024-05-29-07-00-00", "latency": "74"}, {"date": "2024-05-29-07-00-00", "latency": "74"}]}, {"location": {"country_code": "pt", "region": "Lisbon District", "city": "Amadora"}, "game_id": "135305", "values": [{"date": "2024-05-29-12-00-00", "latency": "93"}, {"date": "2024-05-29-12-00-00", "latency": "93"}, {"date": "2024-05-29-12-00-00", "latency": "93"}, {"date": "2024-05-29-12-00-00", "latency": "93"}, {"date": "2024-05-29-12-00-00", "latency": "93"}, {"date": "2024-05-29-12-00-00", "latency": "93"}]}, {"location": {"country_code": "by"}, "game_id": "135305", "values": [{"date": "2024-05-29-11-00-00", "latency": "50"}, {"date": "2024-05-29-11-00-00", "latency": "50"}, {"date": "2024-05-29-11-00-00", "latency": "50"}, {"date": "2024-05-29-11-00-00", "latency": "50"}, {"date": "2024-05-29-11-00-00", "latency": "50"}, {"date": "2024-05-29-11-00-00", "latency": "50"}, {"date": "2024-05-29-11-00-00", "latency": "50"}, {"date": "2024-05-29-11-00-00", "latency": "50"}]}, {"location": {"country_code": "md"}, "game_id": "135305", "values": [{"date": "2024-05-30-01-00-00", "latency": "40"}]}, {"location": {"country_code": "gt"}, "game_id": "135305", "values": [{"date": "2024-05-30-01-00-00", "latency": "66"}, {"date": "2024-05-30-01-00-00", "latency": "66"}, {"date": "2024-05-30-01-00-00", "latency": "66"}]}, {"location": {"country_code": "hn"}, "game_id": "135305", "values": [{"date": "2024-05-29-07-00-00", "latency": "72"}, {"date": "2024-05-29-07-00-00", "latency": "72"}, {"date": "2024-05-29-07-00-00", "latency": "72"}, {"date": "2024-05-29-07-00-00", "latency": "72"}, {"date": "2024-05-29-07-00-00", "latency": "72"}, {"date": "2024-05-29-07-00-00", "latency": "72"}, {"date": "2024-05-29-07-00-00", "latency": "72"}, {"date": "2024-05-29-07-00-00", "latency": "72"}, {"date": "2024-05-29-07-00-00", "latency": "72"}, {"date": "2024-05-29-07-00-00", "latency": "72"}, {"date": "2024-05-29-07-00-00", "latency": "72"}, {"date": "2024-05-29-07-00-00", "latency": "72"}, {"date": "2024-05-29-04-00-00", "latency": "75"}]}, {"location": {"country_code": "gb", "region": "England", "city": "Salford"}, "game_id": "135305", "values": [{"date": "2024-05-29-15-00-00", "latency": "35"}, {"date": "2024-05-29-15-00-00", "latency": "35"}, {"date": "2024-05-29-15-00-00", "latency": "35"}, {"date": "2024-05-29-15-00-00", "latency": "35"}, {"date": "2024-05-29-15-00-00", "latency": "35"}, {"date": "2024-05-29-15-00-00", "latency": "35"}, {"date": "2024-05-29-15-00-00", "latency": "35"}, {"date": "2024-05-29-15-00-00", "latency": "35"}, {"date": "2024-05-29-15-00-00", "latency": "35"}, {"date": "2024-05-29-15-00-00", "latency": "35"}, {"date": "2024-05-29-15-00-00", "latency": "35"}, {"date": "2024-05-29-15-00-00", "latency": "35"}, {"date": "2024-05-29-15-00-00", "latency": "35"}, {"date": "2024-05-29-15-00-00", "latency": "35"}, {"date": "2024-05-29-15-00-00", "latency": "35"}, {"date": "2024-05-29-15-00-00", "latency": "35"}, {"date": "2024-05-29-15-00-00", "latency": "35"}, {"date": "2024-05-29-15-00-00", "latency": "35"}, {"date": "2024-05-29-15-00-00", "latency": "35"}, {"date": "2024-05-29-15-00-00", "latency": "35"}, {"date": "2024-05-29-15-00-00", "latency": "35"}, {"date": "2024-05-29-15-00-00", "latency": "35"}, {"date": "2024-05-29-15-00-00", "latency": "35"}, {"date": "2024-05-29-15-00-00", "latency": "35"}, {"date": "2024-05-29-15-00-00", "latency": "35"}]}, {"location": {"country_code": "es", "region": "Madrid"}, "game_id": "135305", "values": [{"date": "2024-05-29-21-00-00", "latency": "30"}, {"date": "2024-05-29-21-00-00", "latency": "30"}, {"date": "2024-05-29-21-00-00", "latency": "30"}]}, {"location": {"country_code": "br", "region": "Rio Grande do Norte", "city": "Natal"}, "game_id": "135305", "values": [{"date": "2024-05-29-12-00-00", "latency": "88"}, {"date": "2024-05-29-12-00-00", "latency": "88"}, {"date": "2024-05-29-12-00-00", "latency": "88"}, {"date": "2024-05-29-12-00-00", "latency": "88"}, {"date": "2024-05-29-12-00-00", "latency": "88"}, {"date": "2024-05-29-12-00-00", "latency": "88"}, {"date": "2024-05-29-12-00-00", "latency": "88"}, {"date": "2024-05-29-12-00-00", "latency": "88"}, {"date": "2024-05-29-12-00-00", "latency": "88"}, {"date": "2024-05-29-12-00-00", "latency": "88"}, {"date": "2024-05-29-12-00-00", "latency": "88"}]}, {"location": {"country_code": "us", "region": "New York"}, "game_id": "135305", "values": [{"date": "2024-05-29-04-00-00", "latency": "13"}, {"date": "2024-05-29-04-00-00", "latency": "13"}, {"date": "2024-05-29-04-00-00", "latency": "13"}, {"date": "2024-05-29-04-00-00", "latency": "13"}, {"date": "2024-05-29-04-00-00", "latency": "13"}, {"date": "2024-05-29-04-00-00", "latency": "13"}, {"date": "2024-05-29-04-00-00", "latency": "13"}, {"date": "2024-05-29-04-00-00", "latency": "13"}, {"date": "2024-05-29-04-00-00", "latency": "13"}, {"date": "2024-05-29-04-00-00", "latency": "13"}, {"date": "2024-05-29-04-00-00", "latency": "13"}]}, {"location": {"country_code": "us", "region": "New York", "city": "Albany"}, "game_id": "135305", "values": [{"date": "2024-05-29-06-00-00", "latency": "38"}]}, {"location": {"country_code": "br", "region": "Espirito Santo", "city": "Vila Velha"}, "game_id": "135305", "values": [{"date": "2024-05-29-13-00-00", "latency": "124"}, {"date": "2024-05-29-13-00-00", "latency": "124"}, {"date": "2024-05-29-13-00-00", "latency": "124"}]}, {"location": {"country_code": "fr", "region": "Aquitania-Limosino-Poitou-Charentes", "city": "Bordeaux"}, "game_id": "135305", "values": [{"date": "2024-05-29-18-00-00", "latency": "33"}, {"date": "2024-05-29-18-00-00", "latency": "33"}, {"date": "2024-05-29-18-00-00", "latency": "33"}, {"date": "2024-05-29-18-00-00", "latency": "33"}, {"date": "2024-05-29-18-00-00", "latency": "33"}, {"date": "2024-05-29-18-00-00", "latency": "33"}, {"date": "2024-05-29-18-00-00", "latency": "33"}, {"date": "2024-05-29-18-00-00", "latency": "33"}, {"date": "2024-05-29-18-00-00", "latency": "33"}, {"date": "2024-05-29-18-00-00", "latency": "33"}, {"date": "2024-05-29-18-00-00", "latency": "33"}, {"date": "2024-05-29-18-00-00", "latency": "33"}, {"date": "2024-05-29-18-00-00", "latency": "33"}, {"date": "2024-05-29-18-00-00", "latency": "33"}, {"date": "2024-05-29-18-00-00", "latency": "33"}, {"date": "2024-05-29-18-00-00", "latency": "33"}, {"date": "2024-05-29-18-00-00", "latency": "33"}, {"date": "2024-05-29-18-00-00", "latency": "33"}, {"date": "2024-05-29-18-00-00", "latency": "33"}, {"date": "2024-05-29-18-00-00", "latency": "33"}, {"date": "2024-05-29-18-00-00", "latency": "33"}, {"date": "2024-05-29-18-00-00", "latency": "33"}, {"date": "2024-05-29-18-00-00", "latency": "33"}, {"date": "2024-05-29-18-00-00", "latency": "33"}, {"date": "2024-05-29-18-00-00", "latency": "33"}, {"date": "2024-05-29-18-00-00", "latency": "33"}, {"date": "2024-05-29-18-00-00", "latency": "33"}, {"date": "2024-05-29-18-00-00", "latency": "33"}, {"date": "2024-05-29-18-00-00", "latency": "33"}, {"date": "2024-05-29-18-00-00", "latency": "33"}, {"date": "2024-05-29-18-00-00", "latency": "33"}, {"date": "2024-05-29-18-00-00", "latency": "33"}, {"date": "2024-05-29-18-00-00", "latency": "33"}, {"date": "2024-05-29-18-00-00", "latency": "33"}, {"date": "2024-05-29-18-00-00", "latency": "33"}, {"date": "2024-05-29-18-00-00", "latency": "33"}, {"date": "2024-05-29-18-00-00", "latency": "33"}, {"date": "2024-05-29-18-00-00", "latency": "33"}, {"date": "2024-05-29-18-00-00", "latency": "33"}, {"date": "2024-05-29-18-00-00", "latency": "33"}, {"date": "2024-05-29-18-00-00", "latency": "33"}, {"date": "2024-05-29-18-00-00", "latency": "33"}, {"date": "2024-05-29-18-00-00", "latency": "33"}]}, {"location": {"country_code": "ch", "region": "Canton of Geneva", "city": "Geneva"}, "game_id": "135305", "values": [{"date": "2024-05-29-12-00-00", "latency": "33"}, {"date": "2024-05-29-12-00-00", "latency": "33"}, {"date": "2024-05-29-12-00-00", "latency": "33"}, {"date": "2024-05-29-12-00-00", "latency": "33"}, {"date": "2024-05-29-12-00-00", "latency": "33"}, {"date": "2024-05-29-12-00-00", "latency": "33"}]}, {"location": {"country_code": "br", "region": "Paraiba", "city": "Santa Rita"}, "game_id": "135305", "values": [{"date": "2024-05-29-14-00-00", "latency": "90"}, {"date": "2024-05-29-14-00-00", "latency": "90"}, {"date": "2024-05-29-14-00-00", "latency": "90"}, {"date": "2024-05-29-14-00-00", "latency": "90"}]}, {"location": {"country_code": "tt"}, "game_id": "135305", "values": [{"date": "2024-05-29-14-00-00", "latency": "66"}, {"date": "2024-05-29-14-00-00", "latency": "66"}, {"date": "2024-05-29-14-00-00", "latency": "66"}, {"date": "2024-05-29-14-00-00", "latency": "66"}, {"date": "2024-05-29-14-00-00", "latency": "66"}, {"date": "2024-05-29-14-00-00", "latency": "66"}, {"date": "2024-05-29-14-00-00", "latency": "66"}, {"date": "2024-05-29-14-00-00", "latency": "66"}, {"date": "2024-05-29-14-00-00", "latency": "66"}, {"date": "2024-05-29-14-00-00", "latency": "66"}, {"date": "2024-05-29-14-00-00", "latency": "66"}, {"date": "2024-05-29-14-00-00", "latency": "66"}, {"date": "2024-05-29-14-00-00", "latency": "66"}, {"date": "2024-05-29-14-00-00", "latency": "66"}, {"date": "2024-05-29-14-00-00", "latency": "66"}, {"date": "2024-05-29-14-00-00", "latency": "66"}, {"date": "2024-05-29-14-00-00", "latency": "66"}, {"date": "2024-05-29-14-00-00", "latency": "66"}, {"date": "2024-05-29-14-00-00", "latency": "66"}, {"date": "2024-05-29-14-00-00", "latency": "66"}, {"date": "2024-05-29-14-00-00", "latency": "66"}, {"date": "2024-05-29-14-00-00", "latency": "66"}]}, {"location": {"country_code": "tw", "region": "Taipei"}, "game_id": "135305", "values": [{"date": "2024-05-29-17-00-00", "latency": "59"}, {"date": "2024-05-29-17-00-00", "latency": "59"}, {"date": "2024-05-29-17-00-00", "latency": "59"}, {"date": "2024-05-29-17-00-00", "latency": "59"}, {"date": "2024-05-29-17-00-00", "latency": "59"}, {"date": "2024-05-29-17-00-00", "latency": "59"}]}, {"location": {"country_code": "jp", "region": "Kanagawa", "city": "Yokohama"}, "game_id": "135305", "values": [{"date": "2024-05-29-17-00-00", "latency": "281"}, {"date": "2024-05-29-17-00-00", "latency": "281"}]}, {"location": {"country_code": "my", "region": "Kuala Lumpur"}, "game_id": "135305", "values": [{"date": "2024-05-29-18-00-00", "latency": "95"}, {"date": "2024-05-29-18-00-00", "latency": "95"}, {"date": "2024-05-29-18-00-00", "latency": "95"}, {"date": "2024-05-29-18-00-00", "latency": "95"}, {"date": "2024-05-29-18-00-00", "latency": "95"}, {"date": "2024-05-29-18-00-00", "latency": "95"}, {"date": "2024-05-29-18-00-00", "latency": "95"}, {"date": "2024-05-29-18-00-00", "latency": "95"}, {"date": "2024-05-29-18-00-00", "latency": "95"}, {"date": "2024-05-29-18-00-00", "latency": "95"}, {"date": "2024-05-29-18-00-00", "latency": "95"}, {"date": "2024-05-29-18-00-00", "latency": "95"}, {"date": "2024-05-29-18-00-00", "latency": "95"}, {"date": "2024-05-29-18-00-00", "latency": "95"}, {"date": "2024-05-29-18-00-00", "latency": "95"}]}, {"location": {"country_code": "br", "region": "Sao Paulo", "city": "Mogi das Cruzes"}, "game_id": "135305", "values": [{"date": "2024-05-29-14-00-00", "latency": "154"}, {"date": "2024-05-29-14-00-00", "latency": "154"}, {"date": "2024-05-29-14-00-00", "latency": "154"}, {"date": "2024-05-29-14-00-00", "latency": "154"}, {"date": "2024-05-29-14-00-00", "latency": "154"}, {"date": "2024-05-29-14-00-00", "latency": "154"}, {"date": "2024-05-29-14-00-00", "latency": "154"}, {"date": "2024-05-29-14-00-00", "latency": "154"}, {"date": "2024-05-29-14-00-00", "latency": "154"}, {"date": "2024-05-29-14-00-00", "latency": "154"}, {"date": "2024-05-29-14-00-00", "latency": "154"}]}, {"location": {"country_code": "ru", "region": "Krasnodar Krai", "city": "Novorossiysk"}, "game_id": "135305", "values": [{"date": "2024-05-29-18-00-00", "latency": "79"}, {"date": "2024-05-29-18-00-00", "latency": "79"}, {"date": "2024-05-29-18-00-00", "latency": "79"}, {"date": "2024-05-29-18-00-00", "latency": "79"}, {"date": "2024-05-29-18-00-00", "latency": "79"}, {"date": "2024-05-29-18-00-00", "latency": "79"}, {"date": "2024-05-29-18-00-00", "latency": "79"}, {"date": "2024-05-29-18-00-00", "latency": "79"}, {"date": "2024-05-29-18-00-00", "latency": "79"}, {"date": "2024-05-29-18-00-00", "latency": "79"}]}, {"location": {"country_code": "th", "region": "Chiang Mai", "city": "Chiang Mai"}, "game_id": "135305", "values": [{"date": "2024-05-29-09-00-00", "latency": "2"}]}, {"location": {"country_code": "de", "region": "Saxony", "city": "Chemnitz"}, "game_id": "135305", "values": [{"date": "2024-05-29-19-00-00", "latency": "27"}, {"date": "2024-05-29-19-00-00", "latency": "27"}]}, {"location": {"country_code": "mx", "region": "Oaxaca"}, "game_id": "135305", "values": [{"date": "2024-05-29-23-00-00", "latency": "100"}, {"date": "2024-05-29-23-00-00", "latency": "100"}, {"date": "2024-05-29-23-00-00", "latency": "100"}, {"date": "2024-05-29-23-00-00", "latency": "100"}, {"date": "2024-05-29-23-00-00", "latency": "100"}, {"date": "2024-05-29-23-00-00", "latency": "100"}]}, {"location": {"country_code": "ar", "region": "Rio Negro Province", "city": "General Roca"}, "game_id": "135305", "values": [{"date": "2024-05-29-23-00-00", "latency": "188"}, {"date": "2024-05-29-23-00-00", "latency": "188"}]}, {"location": {"country_code": "gr", "region": "Apokentromeni Dioikisi Kritis"}, "game_id": "135305", "values": [{"date": "2024-05-29-18-00-00", "latency": "48"}, {"date": "2024-05-29-18-00-00", "latency": "48"}, {"date": "2024-05-29-18-00-00", "latency": "48"}, {"date": "2024-05-29-18-00-00", "latency": "48"}, {"date": "2024-05-29-18-00-00", "latency": "48"}, {"date": "2024-05-29-18-00-00", "latency": "48"}, {"date": "2024-05-29-18-00-00", "latency": "48"}, {"date": "2024-05-29-18-00-00", "latency": "48"}]}, {"location": {"country_code": "de", "region": "Free State of Thuringia", "city": "Jena"}, "game_id": "135305", "values": [{"date": "2024-05-29-21-00-00", "latency": "24"}, {"date": "2024-05-29-21-00-00", "latency": "24"}, {"date": "2024-05-29-21-00-00", "latency": "24"}, {"date": "2024-05-29-21-00-00", "latency": "24"}, {"date": "2024-05-29-21-00-00", "latency": "24"}, {"date": "2024-05-29-21-00-00", "latency": "24"}, {"date": "2024-05-29-21-00-00", "latency": "24"}]}], "last_updated": 1719912910.066381}