{"data": [{"location": {"country_code": "us"}, "game_id": "614266", "values": [{"date": "2023-10-27-02-00-00", "latency": 3}]}, {"location": {"country_code": "cz"}, "game_id": "614266", "values": [{"date": "2023-10-27-22-00-00", "latency": 0}]}, {"location": {"country_code": "it"}, "game_id": "614266", "values": [{"date": "2023-10-28-01-00-00", "latency": 7}, {"date": "2023-10-28-01-00-00", "latency": 7}]}, {"location": {"country_code": "mx"}, "game_id": "614266", "values": [{"date": "2023-10-27-08-00-00", "latency": 1}, {"date": "2023-10-27-15-00-00", "latency": 58}, {"date": "2023-10-27-15-00-00", "latency": 58}]}, {"location": {"country_code": "us", "region": "California", "city": "East Los Angeles"}, "game_id": "614266", "values": [{"date": "2023-10-27-10-00-00", "latency": 11}, {"date": "2023-10-27-10-00-00", "latency": 11}]}, {"location": {"country_code": "us", "region": "West Virginia"}, "game_id": "614266", "values": [{"date": "2023-10-27-03-00-00", "latency": 9}]}, {"location": {"country_code": "us", "region": "Tennessee", "city": "Nashville"}, "game_id": "614266", "values": [{"date": "2023-10-27-03-00-00", "latency": 1}]}, {"location": {"country_code": "fr", "region": "Aquitania-Limosino-Poitou-Charentes", "city": "La Rochelle"}, "game_id": "614266", "values": [{"date": "2023-10-27-05-00-00", "latency": 9}]}], "last_updated": 1719919365.814167}