{"data": [{"location": {"country_code": "us", "region": "State of Maine"}, "game_id": "747108", "values": [{"date": "2022-04-19-18-00-00", "latency": 31}, {"date": "2022-04-19-18-00-00", "latency": 31}, {"date": "2022-04-19-18-00-00", "latency": 31}, {"date": "2022-04-19-18-00-00", "latency": 31}, {"date": "2022-04-19-18-00-00", "latency": 31}, {"date": "2022-04-19-18-00-00", "latency": 31}]}, {"location": {"country_code": "de", "region": "Berlin", "city": "Berlin"}, "game_id": "747108", "values": [{"date": "2022-04-20-00-00-00", "latency": 15}, {"date": "2022-04-20-00-00-00", "latency": 15}, {"date": "2022-04-20-00-00-00", "latency": 15}, {"date": "2022-04-20-02-00-00", "latency": 15}]}, {"location": {"country_code": "cz"}, "game_id": "747108", "values": [{"date": "2022-04-19-13-00-00", "latency": 15}, {"date": "2022-04-19-13-00-00", "latency": 15}, {"date": "2022-04-19-13-00-00", "latency": 15}, {"date": "2022-04-19-13-00-00", "latency": 15}, {"date": "2022-04-19-13-00-00", "latency": 15}]}, {"location": {"country_code": "ca"}, "game_id": "747108", "values": [{"date": "2022-04-19-07-00-00", "latency": 31}, {"date": "2022-04-19-07-00-00", "latency": 31}, {"date": "2022-04-19-07-00-00", "latency": 31}, {"date": "2022-04-19-07-00-00", "latency": 31}, {"date": "2022-04-19-07-00-00", "latency": 31}, {"date": "2022-04-19-22-00-00", "latency": 109}, {"date": "2022-04-19-22-00-00", "latency": 109}, {"date": "2022-04-19-22-00-00", "latency": 109}]}, {"location": {"country_code": "de"}, "game_id": "747108", "values": [{"date": "2022-04-20-01-00-00", "latency": 0}]}, {"location": {"country_code": "us", "region": "Florida"}, "game_id": "747108", "values": [{"date": "2022-04-20-01-00-00", "latency": 31}, {"date": "2022-04-20-01-00-00", "latency": 31}, {"date": "2022-04-20-01-00-00", "latency": 31}, {"date": "2022-04-20-01-00-00", "latency": 31}, {"date": "2022-04-20-01-00-00", "latency": 31}, {"date": "2022-04-20-01-00-00", "latency": 31}]}, {"location": {"country_code": "ph"}, "game_id": "747108", "values": [{"date": "2022-04-19-18-00-00", "latency": 72}, {"date": "2022-04-19-18-00-00", "latency": 72}]}, {"location": {"country_code": "fr"}, "game_id": "747108", "values": [{"date": "2022-04-19-21-00-00", "latency": 0}, {"date": "2022-04-19-03-00-00", "latency": 66130}, {"date": "2022-04-19-03-00-00", "latency": 66130}]}, {"location": {"country_code": "br"}, "game_id": "747108", "values": [{"date": "2022-04-19-20-00-00", "latency": 7}, {"date": "2022-04-19-08-00-00", "latency": 15}, {"date": "2022-04-19-08-00-00", "latency": 15}, {"date": "2022-04-19-08-00-00", "latency": 15}]}, {"location": {"country_code": "us", "region": "California", "city": "East Los Angeles"}, "game_id": "747108", "values": [{"date": "2022-04-19-05-00-00", "latency": 2}]}, {"location": {"country_code": "au"}, "game_id": "747108", "values": [{"date": "2022-04-19-17-00-00", "latency": 3}, {"date": "2022-04-19-17-00-00", "latency": 3}, {"date": "2022-04-19-17-00-00", "latency": 3}, {"date": "2022-04-19-06-00-00", "latency": 10}, {"date": "2022-04-19-06-00-00", "latency": 10}]}, {"location": {"country_code": "au", "region": "South Australia"}, "game_id": "747108", "values": [{"date": "2022-04-19-08-00-00", "latency": 2}]}, {"location": {"country_code": "au", "region": "Queensland", "city": "Gold Coast"}, "game_id": "747108", "values": [{"date": "2022-04-19-09-00-00", "latency": 88}]}, {"location": {"country_code": "us", "region": "Texas", "city": "Austin"}, "game_id": "747108", "values": [{"date": "2022-04-19-18-00-00", "latency": 7}]}, {"location": {"country_code": "tr"}, "game_id": "747108", "values": [{"date": "2022-04-19-22-00-00", "latency": 7}, {"date": "2022-04-19-22-00-00", "latency": 7}]}, {"location": {"country_code": "ca", "region": "Ontario"}, "game_id": "747108", "values": [{"date": "2022-04-19-08-00-00", "latency": 1}]}, {"location": {"country_code": "us", "region": "Pennsylvania", "city": "Philadelphia"}, "game_id": "747108", "values": [{"date": "2022-04-19-11-00-00", "latency": 62}]}, {"location": {"country_code": "sa"}, "game_id": "747108", "values": [{"date": "2022-04-19-12-00-00", "latency": 94}, {"date": "2022-04-19-12-00-00", "latency": 94}]}, {"location": {"country_code": "fi", "region": "Satakunta Region", "city": "Pori"}, "game_id": "747108", "values": [{"date": "2022-04-19-15-00-00", "latency": 31}, {"date": "2022-04-19-15-00-00", "latency": 31}, {"date": "2022-04-19-15-00-00", "latency": 31}, {"date": "2022-04-19-15-00-00", "latency": 31}]}, {"location": {"country_code": "us", "region": "Arizona"}, "game_id": "747108", "values": [{"date": "2022-04-19-20-00-00", "latency": 94}, {"date": "2022-04-19-20-00-00", "latency": 94}, {"date": "2022-04-19-20-00-00", "latency": 94}, {"date": "2022-04-19-20-00-00", "latency": 94}]}, {"location": {"country_code": "cn"}, "game_id": "747108", "values": [{"date": "2022-04-19-20-00-00", "latency": 15}, {"date": "2022-04-19-20-00-00", "latency": 15}, {"date": "2022-04-19-20-00-00", "latency": 15}, {"date": "2022-04-19-20-00-00", "latency": 15}, {"date": "2022-04-19-20-00-00", "latency": 15}, {"date": "2022-04-19-20-00-00", "latency": 15}, {"date": "2022-04-19-20-00-00", "latency": 15}]}, {"location": {"country_code": "es", "region": "Catalonia", "city": "l'Hospitalet de Llobregat"}, "game_id": "747108", "values": [{"date": "2022-04-19-21-00-00", "latency": 31}, {"date": "2022-04-19-21-00-00", "latency": 31}, {"date": "2022-04-19-21-00-00", "latency": 31}, {"date": "2022-04-19-21-00-00", "latency": 31}, {"date": "2022-04-19-21-00-00", "latency": 31}, {"date": "2022-04-19-21-00-00", "latency": 31}, {"date": "2022-04-19-21-00-00", "latency": 31}, {"date": "2022-04-19-21-00-00", "latency": 31}]}, {"location": {"country_code": "es", "region": "Canary Islands", "city": "Santa Cruz de Tenerife"}, "game_id": "747108", "values": [{"date": "2022-04-19-21-00-00", "latency": 46}, {"date": "2022-04-19-21-00-00", "latency": 46}]}, {"location": {"country_code": "tr", "region": "Marmara Bolgesi", "city": "Istanbul"}, "game_id": "747108", "values": [{"date": "2022-04-19-02-00-00", "latency": 31}, {"date": "2022-04-19-02-00-00", "latency": 31}, {"date": "2022-04-19-02-00-00", "latency": 31}]}, {"location": {"country_code": "br", "region": "State of Rio de Janeiro", "city": "Angra dos Reis"}, "game_id": "747108", "values": [{"date": "2022-04-20-02-00-00", "latency": 3}, {"date": "2022-04-20-02-00-00", "latency": 3}, {"date": "2022-04-20-02-00-00", "latency": 3}]}, {"location": {"country_code": "hr"}, "game_id": "747108", "values": [{"date": "2022-04-19-20-00-00", "latency": 3}, {"date": "2022-04-19-20-00-00", "latency": 3}, {"date": "2022-04-19-20-00-00", "latency": 3}, {"date": "2022-04-19-20-00-00", "latency": 3}]}, {"location": {"country_code": "ca", "region": "British Columbia", "city": "Richmond"}, "game_id": "747108", "values": [{"date": "2022-04-19-03-00-00", "latency": 3}, {"date": "2022-04-19-03-00-00", "latency": 3}, {"date": "2022-04-19-03-00-00", "latency": 3}]}, {"location": {"country_code": "ca", "region": "Quebec"}, "game_id": "747108", "values": [{"date": "2022-04-19-22-00-00", "latency": 16}, {"date": "2022-04-19-22-00-00", "latency": 16}, {"date": "2022-04-19-22-00-00", "latency": 16}, {"date": "2022-04-19-22-00-00", "latency": 16}]}, {"location": {"country_code": "ca", "region": "Alberta", "city": "Calgary"}, "game_id": "747108", "values": [{"date": "2022-04-19-04-00-00", "latency": 31}]}, {"location": {"country_code": "es", "region": "Valencia", "city": "Orihuela"}, "game_id": "747108", "values": [{"date": "2022-04-20-00-00-00", "latency": 31}, {"date": "2022-04-20-00-00-00", "latency": 31}, {"date": "2022-04-20-00-00-00", "latency": 31}, {"date": "2022-04-20-00-00-00", "latency": 31}, {"date": "2022-04-20-00-00-00", "latency": 31}, {"date": "2022-04-20-00-00-00", "latency": 31}, {"date": "2022-04-20-00-00-00", "latency": 31}, {"date": "2022-04-20-00-00-00", "latency": 31}, {"date": "2022-04-20-00-00-00", "latency": 31}]}, {"location": {"country_code": "ae", "region": "Dubai", "city": "Dubai"}, "game_id": "747108", "values": [{"date": "2022-04-20-00-00-00", "latency": 11}]}, {"location": {"country_code": "it", "region": "Veneto"}, "game_id": "747108", "values": [{"date": "2022-04-19-17-00-00", "latency": 3}]}, {"location": {"country_code": "us", "region": "Delaware"}, "game_id": "747108", "values": [{"date": "2022-04-19-21-00-00", "latency": 6}]}, {"location": {"country_code": "br", "region": "Sao Paulo", "city": "Franca"}, "game_id": "747108", "values": [{"date": "2022-04-20-02-00-00", "latency": 15}, {"date": "2022-04-20-02-00-00", "latency": 15}]}, {"location": {"country_code": "us", "region": "Michigan", "city": "Burton"}, "game_id": "747108", "values": [{"date": "2022-04-19-16-00-00", "latency": 3}, {"date": "2022-04-19-16-00-00", "latency": 3}]}, {"location": {"country_code": "gb", "region": "England", "city": "Cirencester"}, "game_id": "747108", "values": [{"date": "2022-04-19-23-00-00", "latency": 93}, {"date": "2022-04-19-23-00-00", "latency": 93}, {"date": "2022-04-19-23-00-00", "latency": 93}, {"date": "2022-04-19-23-00-00", "latency": 93}]}, {"location": {"country_code": "br", "region": "Santa Catarina", "city": "Gaspar"}, "game_id": "747108", "values": [{"date": "2022-04-19-03-00-00", "latency": 3}]}, {"location": {"country_code": "es", "region": "Cantabria", "city": "Torres"}, "game_id": "747108", "values": [{"date": "2022-04-19-20-00-00", "latency": 31}, {"date": "2022-04-19-20-00-00", "latency": 31}, {"date": "2022-04-19-20-00-00", "latency": 31}, {"date": "2022-04-19-20-00-00", "latency": 31}, {"date": "2022-04-19-20-00-00", "latency": 31}, {"date": "2022-04-19-20-00-00", "latency": 31}, {"date": "2022-04-19-20-00-00", "latency": 31}, {"date": "2022-04-19-20-00-00", "latency": 31}]}, {"location": {"country_code": "us", "region": "Arkansas", "city": "Newport"}, "game_id": "747108", "values": [{"date": "2022-04-19-20-00-00", "latency": 15}, {"date": "2022-04-19-20-00-00", "latency": 15}, {"date": "2022-04-19-20-00-00", "latency": 15}, {"date": "2022-04-19-20-00-00", "latency": 15}, {"date": "2022-04-19-20-00-00", "latency": 15}, {"date": "2022-04-19-20-00-00", "latency": 15}, {"date": "2022-04-19-20-00-00", "latency": 15}, {"date": "2022-04-19-20-00-00", "latency": 15}, {"date": "2022-04-19-20-00-00", "latency": 15}, {"date": "2022-04-19-20-00-00", "latency": 15}]}], "last_updated": 1719919362.936488}