{"data": [{"location": {"country_code": "de", "region": "Berlin", "city": "Berlin"}, "game_id": "747108", "values": [{"date": "2022-04-20-23-00-00", "latency": 3}, {"date": "2022-04-20-23-00-00", "latency": 3}, {"date": "2022-04-20-19-00-00", "latency": 15}, {"date": "2022-04-20-19-00-00", "latency": 15}, {"date": "2022-04-20-19-00-00", "latency": 15}, {"date": "2022-04-20-19-00-00", "latency": 15}, {"date": "2022-04-20-19-00-00", "latency": 15}, {"date": "2022-04-20-19-00-00", "latency": 15}, {"date": "2022-04-20-19-00-00", "latency": 15}, {"date": "2022-04-20-19-00-00", "latency": 15}, {"date": "2022-04-20-19-00-00", "latency": 15}, {"date": "2022-04-20-19-00-00", "latency": 15}, {"date": "2022-04-20-19-00-00", "latency": 15}]}, {"location": {"country_code": "gb"}, "game_id": "747108", "values": [{"date": "2022-04-20-16-00-00", "latency": 16}, {"date": "2022-04-20-16-00-00", "latency": 16}, {"date": "2022-04-20-16-00-00", "latency": 16}, {"date": "2022-04-20-16-00-00", "latency": 16}]}, {"location": {"country_code": "nl"}, "game_id": "747108", "values": [{"date": "2022-04-21-02-00-00", "latency": 153}, {"date": "2022-04-21-02-00-00", "latency": 153}, {"date": "2022-04-21-02-00-00", "latency": 153}, {"date": "2022-04-21-02-00-00", "latency": 153}]}, {"location": {"country_code": "kr"}, "game_id": "747108", "values": [{"date": "2022-04-20-05-00-00", "latency": 34}]}, {"location": {"country_code": "ca"}, "game_id": "747108", "values": [{"date": "2022-04-20-03-00-00", "latency": 31}, {"date": "2022-04-20-03-00-00", "latency": 31}, {"date": "2022-04-20-23-00-00", "latency": 94}, {"date": "2022-04-20-23-00-00", "latency": 94}, {"date": "2022-04-20-23-00-00", "latency": 94}, {"date": "2022-04-20-23-00-00", "latency": 94}]}, {"location": {"country_code": "gb", "region": "England", "city": "Derby"}, "game_id": "747108", "values": [{"date": "2022-04-20-17-00-00", "latency": 1}, {"date": "2022-04-20-17-00-00", "latency": 1}]}, {"location": {"country_code": "au", "region": "New South Wales", "city": "Sydney"}, "game_id": "747108", "values": [{"date": "2022-04-20-17-00-00", "latency": 203}, {"date": "2022-04-20-17-00-00", "latency": 203}, {"date": "2022-04-20-17-00-00", "latency": 203}, {"date": "2022-04-20-17-00-00", "latency": 203}]}, {"location": {"country_code": "us", "region": "Florida"}, "game_id": "747108", "values": [{"date": "2022-04-21-00-00-00", "latency": 31}, {"date": "2022-04-21-00-00-00", "latency": 31}, {"date": "2022-04-21-00-00-00", "latency": 31}, {"date": "2022-04-21-00-00-00", "latency": 31}, {"date": "2022-04-21-00-00-00", "latency": 31}, {"date": "2022-04-21-00-00-00", "latency": 31}, {"date": "2022-04-21-00-00-00", "latency": 31}, {"date": "2022-04-21-00-00-00", "latency": 31}, {"date": "2022-04-21-00-00-00", "latency": 31}]}, {"location": {"country_code": "fr"}, "game_id": "747108", "values": [{"date": "2022-04-20-17-00-00", "latency": 16}, {"date": "2022-04-20-17-00-00", "latency": 16}, {"date": "2022-04-20-17-00-00", "latency": 16}, {"date": "2022-04-20-17-00-00", "latency": 16}, {"date": "2022-04-20-17-00-00", "latency": 16}, {"date": "2022-04-20-17-00-00", "latency": 16}, {"date": "2022-04-20-17-00-00", "latency": 16}, {"date": "2022-04-20-15-00-00", "latency": 16}, {"date": "2022-04-20-15-00-00", "latency": 16}, {"date": "2022-04-20-15-00-00", "latency": 16}, {"date": "2022-04-20-15-00-00", "latency": 16}, {"date": "2022-04-20-04-00-00", "latency": 1415}, {"date": "2022-04-20-22-00-00", "latency": 15}, {"date": "2022-04-20-22-00-00", "latency": 15}, {"date": "2022-04-20-22-00-00", "latency": 15}]}, {"location": {"country_code": "br", "region": "Minas Gerais", "city": "Betim"}, "game_id": "747108", "values": [{"date": "2022-04-20-20-00-00", "latency": 15}]}, {"location": {"country_code": "us", "region": "Washington", "city": "Spokane"}, "game_id": "747108", "values": [{"date": "2022-04-20-20-00-00", "latency": 9}]}, {"location": {"country_code": "us", "region": "California"}, "game_id": "747108", "values": [{"date": "2022-04-20-23-00-00", "latency": 9}]}, {"location": {"country_code": "br"}, "game_id": "747108", "values": [{"date": "2022-04-20-23-00-00", "latency": 31}, {"date": "2022-04-20-23-00-00", "latency": 31}, {"date": "2022-04-21-02-00-00", "latency": 16}, {"date": "2022-04-21-02-00-00", "latency": 16}, {"date": "2022-04-21-02-00-00", "latency": 16}]}, {"location": {"country_code": "au"}, "game_id": "747108", "values": [{"date": "2022-04-20-15-00-00", "latency": 218}, {"date": "2022-04-20-15-00-00", "latency": 218}, {"date": "2022-04-20-15-00-00", "latency": 218}, {"date": "2022-04-20-15-00-00", "latency": 218}, {"date": "2022-04-20-15-00-00", "latency": 218}]}, {"location": {"country_code": "au", "region": "Queensland", "city": "Gold Coast"}, "game_id": "747108", "values": [{"date": "2022-04-20-13-00-00", "latency": 2}]}, {"location": {"country_code": "au", "region": "Victoria", "city": "Melbourne"}, "game_id": "747108", "values": [{"date": "2022-04-20-13-00-00", "latency": 3}, {"date": "2022-04-20-13-00-00", "latency": 3}]}, {"location": {"country_code": "tr"}, "game_id": "747108", "values": [{"date": "2022-04-21-00-00-00", "latency": 7}]}, {"location": {"country_code": "se", "region": "Gavleborg County", "city": "Gavle"}, "game_id": "747108", "values": [{"date": "2022-04-20-15-00-00", "latency": 15}]}, {"location": {"country_code": "sa"}, "game_id": "747108", "values": [{"date": "2022-04-20-17-00-00", "latency": 93}, {"date": "2022-04-20-17-00-00", "latency": 93}, {"date": "2022-04-20-17-00-00", "latency": 93}, {"date": "2022-04-20-17-00-00", "latency": 93}]}, {"location": {"country_code": "fi"}, "game_id": "747108", "values": [{"date": "2022-04-20-19-00-00", "latency": 32}, {"date": "2022-04-21-02-00-00", "latency": 31}, {"date": "2022-04-21-02-00-00", "latency": 31}, {"date": "2022-04-21-02-00-00", "latency": 31}, {"date": "2022-04-21-02-00-00", "latency": 31}]}, {"location": {"country_code": "gt", "region": "Guatemala Department", "city": "Guatemala City"}, "game_id": "747108", "values": [{"date": "2022-04-20-04-00-00", "latency": 62}, {"date": "2022-04-20-04-00-00", "latency": 62}, {"date": "2022-04-20-04-00-00", "latency": 62}, {"date": "2022-04-20-04-00-00", "latency": 62}]}, {"location": {"country_code": "co"}, "game_id": "747108", "values": [{"date": "2022-04-20-06-00-00", "latency": 25}]}, {"location": {"country_code": "mx", "region": "Veracruz"}, "game_id": "747108", "values": [{"date": "2022-04-20-04-00-00", "latency": 93}, {"date": "2022-04-20-04-00-00", "latency": 93}, {"date": "2022-04-20-04-00-00", "latency": 93}, {"date": "2022-04-20-04-00-00", "latency": 93}, {"date": "2022-04-20-04-00-00", "latency": 93}, {"date": "2022-04-20-04-00-00", "latency": 93}, {"date": "2022-04-20-04-00-00", "latency": 93}, {"date": "2022-04-20-04-00-00", "latency": 93}]}, {"location": {"country_code": "us", "region": "California", "city": "Chula Vista"}, "game_id": "747108", "values": [{"date": "2022-04-21-00-00-00", "latency": 8}, {"date": "2022-04-21-00-00-00", "latency": 8}]}, {"location": {"country_code": "es", "region": "Catalonia", "city": "l'Hospitalet de Llobregat"}, "game_id": "747108", "values": [{"date": "2022-04-20-12-00-00", "latency": 31}, {"date": "2022-04-20-12-00-00", "latency": 31}, {"date": "2022-04-20-12-00-00", "latency": 31}]}, {"location": {"country_code": "tr", "region": "Marmara Bolgesi", "city": "Istanbul"}, "game_id": "747108", "values": [{"date": "2022-04-20-03-00-00", "latency": 3}, {"date": "2022-04-20-03-00-00", "latency": 3}, {"date": "2022-04-20-08-00-00", "latency": 31}, {"date": "2022-04-20-08-00-00", "latency": 31}, {"date": "2022-04-20-08-00-00", "latency": 31}, {"date": "2022-04-20-08-00-00", "latency": 31}, {"date": "2022-04-20-08-00-00", "latency": 31}, {"date": "2022-04-20-08-00-00", "latency": 31}, {"date": "2022-04-20-08-00-00", "latency": 31}, {"date": "2022-04-20-08-00-00", "latency": 31}, {"date": "2022-04-20-08-00-00", "latency": 31}, {"date": "2022-04-20-08-00-00", "latency": 31}]}, {"location": {"country_code": "ca", "region": "Ontario", "city": "Toronto"}, "game_id": "747108", "values": [{"date": "2022-04-21-01-00-00", "latency": 3}, {"date": "2022-04-21-01-00-00", "latency": 3}]}, {"location": {"country_code": "us", "region": "Illinois"}, "game_id": "747108", "values": [{"date": "2022-04-20-19-00-00", "latency": 31}]}, {"location": {"country_code": "co", "region": "El Valle", "city": "Cali"}, "game_id": "747108", "values": [{"date": "2022-04-20-09-00-00", "latency": 31}]}, {"location": {"country_code": "au", "region": "Western Australia", "city": "Perth"}, "game_id": "747108", "values": [{"date": "2022-04-20-19-00-00", "latency": 234}, {"date": "2022-04-20-19-00-00", "latency": 234}]}, {"location": {"country_code": "us", "region": "West Virginia"}, "game_id": "747108", "values": [{"date": "2022-04-21-00-00-00", "latency": 3}, {"date": "2022-04-21-00-00-00", "latency": 3}, {"date": "2022-04-21-00-00-00", "latency": 3}, {"date": "2022-04-21-00-00-00", "latency": 3}, {"date": "2022-04-21-00-00-00", "latency": 3}]}, {"location": {"country_code": "kw"}, "game_id": "747108", "values": [{"date": "2022-04-20-15-00-00", "latency": 93}, {"date": "2022-04-20-15-00-00", "latency": 93}, {"date": "2022-04-20-15-00-00", "latency": 93}]}, {"location": {"country_code": "ca", "region": "Quebec"}, "game_id": "747108", "values": [{"date": "2022-04-20-23-00-00", "latency": 16}, {"date": "2022-04-20-23-00-00", "latency": 16}, {"date": "2022-04-20-23-00-00", "latency": 16}, {"date": "2022-04-20-23-00-00", "latency": 16}, {"date": "2022-04-20-23-00-00", "latency": 16}, {"date": "2022-04-20-23-00-00", "latency": 16}, {"date": "2022-04-20-23-00-00", "latency": 16}, {"date": "2022-04-20-23-00-00", "latency": 16}, {"date": "2022-04-20-23-00-00", "latency": 16}, {"date": "2022-04-20-23-00-00", "latency": 16}, {"date": "2022-04-20-23-00-00", "latency": 16}, {"date": "2022-04-20-23-00-00", "latency": 16}, {"date": "2022-04-20-23-00-00", "latency": 16}]}, {"location": {"country_code": "ca", "region": "British Columbia"}, "game_id": "747108", "values": [{"date": "2022-04-21-00-00-00", "latency": 15}, {"date": "2022-04-20-08-00-00", "latency": 7}, {"date": "2022-04-20-08-00-00", "latency": 7}, {"date": "2022-04-20-08-00-00", "latency": 7}, {"date": "2022-04-20-08-00-00", "latency": 7}, {"date": "2022-04-20-08-00-00", "latency": 7}]}, {"location": {"country_code": "mx", "region": "Sonora"}, "game_id": "747108", "values": [{"date": "2022-04-20-19-00-00", "latency": 47}]}, {"location": {"country_code": "es", "region": "Valencia", "city": "Orihuela"}, "game_id": "747108", "values": [{"date": "2022-04-20-20-00-00", "latency": 31}, {"date": "2022-04-20-20-00-00", "latency": 31}]}, {"location": {"country_code": "de", "region": "Bavaria", "city": "Munich"}, "game_id": "747108", "values": [{"date": "2022-04-20-23-00-00", "latency": 0}]}, {"location": {"country_code": "fr", "region": "Pays de la Loire Region", "city": "Nantes"}, "game_id": "747108", "values": [{"date": "2022-04-21-00-00-00", "latency": 15}, {"date": "2022-04-21-00-00-00", "latency": 15}, {"date": "2022-04-21-00-00-00", "latency": 15}, {"date": "2022-04-21-00-00-00", "latency": 15}, {"date": "2022-04-21-00-00-00", "latency": 15}, {"date": "2022-04-21-00-00-00", "latency": 15}, {"date": "2022-04-21-00-00-00", "latency": 15}]}, {"location": {"country_code": "ae", "region": "Dubai", "city": "Dubai"}, "game_id": "747108", "values": [{"date": "2022-04-21-01-00-00", "latency": 125}, {"date": "2022-04-21-01-00-00", "latency": 125}, {"date": "2022-04-21-01-00-00", "latency": 125}, {"date": "2022-04-21-01-00-00", "latency": 125}]}, {"location": {"country_code": "br", "region": "Sao Paulo", "city": "Franca"}, "game_id": "747108", "values": [{"date": "2022-04-20-03-00-00", "latency": 15}]}, {"location": {"country_code": "fr", "region": "Aquitania-Limosino-Poitou-Charentes", "city": "Poitiers"}, "game_id": "747108", "values": [{"date": "2022-04-20-20-00-00", "latency": 5396}, {"date": "2022-04-20-20-00-00", "latency": 5396}, {"date": "2022-04-20-20-00-00", "latency": 5396}, {"date": "2022-04-20-20-00-00", "latency": 5396}, {"date": "2022-04-20-20-00-00", "latency": 5396}, {"date": "2022-04-20-20-00-00", "latency": 5396}, {"date": "2022-04-20-20-00-00", "latency": 5396}, {"date": "2022-04-20-20-00-00", "latency": 5396}, {"date": "2022-04-20-20-00-00", "latency": 5396}, {"date": "2022-04-20-20-00-00", "latency": 5396}]}, {"location": {"country_code": "us", "region": "Michigan", "city": "Burton"}, "game_id": "747108", "values": [{"date": "2022-04-20-11-00-00", "latency": 3}]}, {"location": {"country_code": "us", "region": "Washington", "city": "Long Beach"}, "game_id": "747108", "values": [{"date": "2022-04-20-06-00-00", "latency": 15}]}, {"location": {"country_code": "br", "region": "Santa Catarina", "city": "Gaspar"}, "game_id": "747108", "values": [{"date": "2022-04-20-04-00-00", "latency": 3}, {"date": "2022-04-20-04-00-00", "latency": 3}]}, {"location": {"country_code": "fr", "region": "Aquitania-Limosino-Poitou-Charentes", "city": "Riberac"}, "game_id": "747108", "values": [{"date": "2022-04-20-17-00-00", "latency": 578}]}], "last_updated": 1719919363.054335}