{"data": [{"location": {"country_code": "us"}, "game_id": "747108", "values": [{"date": "2022-04-25-20-00-00", "latency": 3}]}, {"location": {"country_code": "de", "region": "Berlin", "city": "Berlin"}, "game_id": "747108", "values": [{"date": "2022-04-26-00-00-00", "latency": 32}, {"date": "2022-04-26-00-00-00", "latency": 32}, {"date": "2022-04-26-00-00-00", "latency": 32}, {"date": "2022-04-26-00-00-00", "latency": 32}, {"date": "2022-04-26-00-00-00", "latency": 32}, {"date": "2022-04-26-00-00-00", "latency": 32}, {"date": "2022-04-26-00-00-00", "latency": 32}, {"date": "2022-04-25-19-00-00", "latency": 15}]}, {"location": {"country_code": "us", "region": "New York", "city": "Jamestown"}, "game_id": "747108", "values": [{"date": "2022-04-25-18-00-00", "latency": 234}, {"date": "2022-04-25-18-00-00", "latency": 234}, {"date": "2022-04-25-18-00-00", "latency": 234}, {"date": "2022-04-25-18-00-00", "latency": 234}, {"date": "2022-04-25-18-00-00", "latency": 234}, {"date": "2022-04-25-18-00-00", "latency": 234}]}, {"location": {"country_code": "gb"}, "game_id": "747108", "values": [{"date": "2022-04-25-19-00-00", "latency": 16}, {"date": "2022-04-25-19-00-00", "latency": 16}]}, {"location": {"country_code": "nl"}, "game_id": "747108", "values": [{"date": "2022-04-26-02-00-00", "latency": 156}, {"date": "2022-04-26-02-00-00", "latency": 156}, {"date": "2022-04-26-02-00-00", "latency": 156}, {"date": "2022-04-26-02-00-00", "latency": 156}, {"date": "2022-04-26-02-00-00", "latency": 156}, {"date": "2022-04-26-02-00-00", "latency": 156}, {"date": "2022-04-26-02-00-00", "latency": 156}, {"date": "2022-04-26-02-00-00", "latency": 156}, {"date": "2022-04-26-02-00-00", "latency": 156}, {"date": "2022-04-26-02-00-00", "latency": 156}, {"date": "2022-04-26-02-00-00", "latency": 156}, {"date": "2022-04-26-02-00-00", "latency": 156}, {"date": "2022-04-26-02-00-00", "latency": 156}]}, {"location": {"country_code": "br"}, "game_id": "747108", "values": [{"date": "2022-04-25-05-00-00", "latency": 28}, {"date": "2022-04-26-00-00-00", "latency": 3}]}, {"location": {"country_code": "kr"}, "game_id": "747108", "values": [{"date": "2022-04-25-06-00-00", "latency": 187}]}, {"location": {"country_code": "ca"}, "game_id": "747108", "values": [{"date": "2022-04-25-09-00-00", "latency": 4}, {"date": "2022-04-26-00-00-00", "latency": 109}, {"date": "2022-04-26-00-00-00", "latency": 109}, {"date": "2022-04-26-00-00-00", "latency": 109}, {"date": "2022-04-26-00-00-00", "latency": 109}, {"date": "2022-04-26-00-00-00", "latency": 109}, {"date": "2022-04-26-00-00-00", "latency": 109}, {"date": "2022-04-26-00-00-00", "latency": 109}, {"date": "2022-04-26-00-00-00", "latency": 109}, {"date": "2022-04-26-00-00-00", "latency": 109}, {"date": "2022-04-26-00-00-00", "latency": 109}, {"date": "2022-04-26-00-00-00", "latency": 109}, {"date": "2022-04-26-00-00-00", "latency": 109}, {"date": "2022-04-26-00-00-00", "latency": 109}, {"date": "2022-04-26-00-00-00", "latency": 109}, {"date": "2022-04-26-00-00-00", "latency": 109}, {"date": "2022-04-26-00-00-00", "latency": 109}, {"date": "2022-04-26-00-00-00", "latency": 109}, {"date": "2022-04-26-00-00-00", "latency": 109}, {"date": "2022-04-26-00-00-00", "latency": 109}, {"date": "2022-04-26-00-00-00", "latency": 109}, {"date": "2022-04-26-00-00-00", "latency": 109}, {"date": "2022-04-26-00-00-00", "latency": 109}, {"date": "2022-04-26-00-00-00", "latency": 109}, {"date": "2022-04-26-00-00-00", "latency": 94}, {"date": "2022-04-26-00-00-00", "latency": 94}, {"date": "2022-04-26-00-00-00", "latency": 94}, {"date": "2022-04-26-00-00-00", "latency": 94}, {"date": "2022-04-26-00-00-00", "latency": 94}, {"date": "2022-04-26-00-00-00", "latency": 94}]}, {"location": {"country_code": "de"}, "game_id": "747108", "values": [{"date": "2022-04-25-23-00-00", "latency": 0}, {"date": "2022-04-25-23-00-00", "latency": 0}, {"date": "2022-04-25-18-00-00", "latency": 1}, {"date": "2022-04-25-18-00-00", "latency": 1}]}, {"location": {"country_code": "gb", "region": "England", "city": "Derby"}, "game_id": "747108", "values": [{"date": "2022-04-25-21-00-00", "latency": 16}, {"date": "2022-04-25-21-00-00", "latency": 16}, {"date": "2022-04-25-21-00-00", "latency": 16}, {"date": "2022-04-25-21-00-00", "latency": 16}, {"date": "2022-04-25-21-00-00", "latency": 16}]}, {"location": {"country_code": "cl"}, "game_id": "747108", "values": [{"date": "2022-04-25-23-00-00", "latency": 62}]}, {"location": {"country_code": "au", "region": "New South Wales", "city": "Sydney"}, "game_id": "747108", "values": [{"date": "2022-04-25-15-00-00", "latency": 3}]}, {"location": {"country_code": "us", "region": "Florida"}, "game_id": "747108", "values": [{"date": "2022-04-25-22-00-00", "latency": 4}, {"date": "2022-04-25-23-00-00", "latency": 3}, {"date": "2022-04-25-23-00-00", "latency": 3}, {"date": "2022-04-25-23-00-00", "latency": 3}]}, {"location": {"country_code": "ph"}, "game_id": "747108", "values": [{"date": "2022-04-25-18-00-00", "latency": 187}, {"date": "2022-04-25-18-00-00", "latency": 187}, {"date": "2022-04-25-18-00-00", "latency": 187}]}, {"location": {"country_code": "fr"}, "game_id": "747108", "values": [{"date": "2022-04-25-08-00-00", "latency": 15}, {"date": "2022-04-25-08-00-00", "latency": 15}, {"date": "2022-04-25-08-00-00", "latency": 15}, {"date": "2022-04-25-08-00-00", "latency": 15}, {"date": "2022-04-25-08-00-00", "latency": 15}, {"date": "2022-04-25-14-00-00", "latency": 3}, {"date": "2022-04-25-18-00-00", "latency": 66130}, {"date": "2022-04-25-18-00-00", "latency": 66130}, {"date": "2022-04-25-06-00-00", "latency": 3}, {"date": "2022-04-25-06-00-00", "latency": 3}, {"date": "2022-04-25-06-00-00", "latency": 3}, {"date": "2022-04-25-06-00-00", "latency": 3}, {"date": "2022-04-25-06-00-00", "latency": 3}, {"date": "2022-04-25-06-00-00", "latency": 3}, {"date": "2022-04-25-06-00-00", "latency": 3}, {"date": "2022-04-25-06-00-00", "latency": 3}, {"date": "2022-04-25-06-00-00", "latency": 3}, {"date": "2022-04-25-06-00-00", "latency": 3}, {"date": "2022-04-26-01-00-00", "latency": 16}, {"date": "2022-04-26-01-00-00", "latency": 16}, {"date": "2022-04-26-01-00-00", "latency": 16}]}, {"location": {"country_code": "us", "region": "New Jersey"}, "game_id": "747108", "values": [{"date": "2022-04-25-05-00-00", "latency": 0}]}, {"location": {"country_code": "in"}, "game_id": "747108", "values": [{"date": "2022-04-26-01-00-00", "latency": 125}, {"date": "2022-04-26-01-00-00", "latency": 125}, {"date": "2022-04-25-21-00-00", "latency": 13}]}, {"location": {"country_code": "us", "region": "California"}, "game_id": "747108", "values": [{"date": "2022-04-25-21-00-00", "latency": 47}, {"date": "2022-04-25-21-00-00", "latency": 47}]}, {"location": {"country_code": "se"}, "game_id": "747108", "values": [{"date": "2022-04-25-14-00-00", "latency": 3}, {"date": "2022-04-26-00-00-00", "latency": 7}]}, {"location": {"country_code": "us", "region": "California", "city": "East Los Angeles"}, "game_id": "747108", "values": [{"date": "2022-04-25-03-00-00", "latency": 31}]}, {"location": {"country_code": "au"}, "game_id": "747108", "values": [{"date": "2022-04-25-16-00-00", "latency": 2}, {"date": "2022-04-25-16-00-00", "latency": 2}]}, {"location": {"country_code": "es", "region": "Madrid", "city": "Parla"}, "game_id": "747108", "values": [{"date": "2022-04-25-13-00-00", "latency": 15}]}, {"location": {"country_code": "tr"}, "game_id": "747108", "values": [{"date": "2022-04-25-22-00-00", "latency": 7}]}, {"location": {"country_code": "se", "region": "Gavleborg County", "city": "Gavle"}, "game_id": "747108", "values": [{"date": "2022-04-25-16-00-00", "latency": 3}, {"date": "2022-04-25-16-00-00", "latency": 3}]}, {"location": {"country_code": "es"}, "game_id": "747108", "values": [{"date": "2022-04-25-19-00-00", "latency": 3}]}, {"location": {"country_code": "sa"}, "game_id": "747108", "values": [{"date": "2022-04-25-19-00-00", "latency": 93}, {"date": "2022-04-25-19-00-00", "latency": 93}, {"date": "2022-04-25-19-00-00", "latency": 93}, {"date": "2022-04-25-19-00-00", "latency": 93}, {"date": "2022-04-25-19-00-00", "latency": 93}, {"date": "2022-04-25-19-00-00", "latency": 93}]}, {"location": {"country_code": "bn"}, "game_id": "747108", "values": [{"date": "2022-04-25-19-00-00", "latency": 25}, {"date": "2022-04-25-19-00-00", "latency": 25}]}, {"location": {"country_code": "fi"}, "game_id": "747108", "values": [{"date": "2022-04-26-01-00-00", "latency": 31}, {"date": "2022-04-26-01-00-00", "latency": 31}, {"date": "2022-04-26-01-00-00", "latency": 31}, {"date": "2022-04-26-01-00-00", "latency": 31}, {"date": "2022-04-26-01-00-00", "latency": 31}, {"date": "2022-04-26-01-00-00", "latency": 31}, {"date": "2022-04-26-01-00-00", "latency": 31}, {"date": "2022-04-26-01-00-00", "latency": 31}, {"date": "2022-04-26-01-00-00", "latency": 31}, {"date": "2022-04-26-01-00-00", "latency": 31}, {"date": "2022-04-26-01-00-00", "latency": 31}, {"date": "2022-04-26-01-00-00", "latency": 31}, {"date": "2022-04-26-01-00-00", "latency": 31}, {"date": "2022-04-26-01-00-00", "latency": 31}, {"date": "2022-04-26-01-00-00", "latency": 31}, {"date": "2022-04-26-01-00-00", "latency": 31}, {"date": "2022-04-26-01-00-00", "latency": 31}, {"date": "2022-04-26-01-00-00", "latency": 31}, {"date": "2022-04-26-01-00-00", "latency": 31}, {"date": "2022-04-26-01-00-00", "latency": 31}, {"date": "2022-04-26-01-00-00", "latency": 31}, {"date": "2022-04-26-01-00-00", "latency": 31}, {"date": "2022-04-26-01-00-00", "latency": 31}, {"date": "2022-04-26-01-00-00", "latency": 31}, {"date": "2022-04-26-01-00-00", "latency": 31}, {"date": "2022-04-26-01-00-00", "latency": 31}, {"date": "2022-04-26-01-00-00", "latency": 31}]}, {"location": {"country_code": "fi", "region": "Satakunta Region", "city": "Pori"}, "game_id": "747108", "values": [{"date": "2022-04-25-16-00-00", "latency": 31}, {"date": "2022-04-25-16-00-00", "latency": 31}, {"date": "2022-04-25-16-00-00", "latency": 31}]}, {"location": {"country_code": "ar", "region": "Buenos Aires F.D.", "city": "Bahia Blanca"}, "game_id": "747108", "values": [{"date": "2022-04-26-01-00-00", "latency": 5}]}, {"location": {"country_code": "gt", "region": "Guatemala Department", "city": "Guatemala City"}, "game_id": "747108", "values": [{"date": "2022-04-25-04-00-00", "latency": 62}]}, {"location": {"country_code": "us", "region": "Virginia"}, "game_id": "747108", "values": [{"date": "2022-04-25-22-00-00", "latency": 0}]}, {"location": {"country_code": "us", "region": "Arizona"}, "game_id": "747108", "values": [{"date": "2022-04-25-10-00-00", "latency": 62}, {"date": "2022-04-25-10-00-00", "latency": 62}]}, {"location": {"country_code": "us", "region": "California", "city": "Chula Vista"}, "game_id": "747108", "values": [{"date": "2022-04-25-06-00-00", "latency": 2}, {"date": "2022-04-25-06-00-00", "latency": 16}, {"date": "2022-04-25-06-00-00", "latency": 16}, {"date": "2022-04-25-05-00-00", "latency": 4}, {"date": "2022-04-25-05-00-00", "latency": 4}]}, {"location": {"country_code": "pl"}, "game_id": "747108", "values": [{"date": "2022-04-25-20-00-00", "latency": 5}, {"date": "2022-04-25-20-00-00", "latency": 5}, {"date": "2022-04-25-20-00-00", "latency": 5}]}, {"location": {"country_code": "es", "region": "Canary Islands", "city": "Santa Cruz de Tenerife"}, "game_id": "747108", "values": [{"date": "2022-04-25-23-00-00", "latency": 46}, {"date": "2022-04-25-23-00-00", "latency": 46}]}, {"location": {"country_code": "sg"}, "game_id": "747108", "values": [{"date": "2022-04-25-14-00-00", "latency": 172}, {"date": "2022-04-25-14-00-00", "latency": 172}, {"date": "2022-04-25-14-00-00", "latency": 172}, {"date": "2022-04-25-14-00-00", "latency": 172}, {"date": "2022-04-25-14-00-00", "latency": 172}, {"date": "2022-04-25-14-00-00", "latency": 172}, {"date": "2022-04-25-14-00-00", "latency": 172}, {"date": "2022-04-25-14-00-00", "latency": 172}, {"date": "2022-04-25-18-00-00", "latency": 23}, {"date": "2022-04-25-18-00-00", "latency": 23}]}, {"location": {"country_code": "tr", "region": "Marmara Bolgesi", "city": "Istanbul"}, "game_id": "747108", "values": [{"date": "2022-04-25-18-00-00", "latency": 31}, {"date": "2022-04-25-18-00-00", "latency": 31}, {"date": "2022-04-25-18-00-00", "latency": 31}, {"date": "2022-04-25-18-00-00", "latency": 31}, {"date": "2022-04-25-18-00-00", "latency": 31}, {"date": "2022-04-25-18-00-00", "latency": 31}, {"date": "2022-04-25-18-00-00", "latency": 31}]}, {"location": {"country_code": "my"}, "game_id": "747108", "values": [{"date": "2022-04-25-17-00-00", "latency": 1}, {"date": "2022-04-25-17-00-00", "latency": 1}]}, {"location": {"country_code": "us", "region": "Illinois"}, "game_id": "747108", "values": [{"date": "2022-04-25-23-00-00", "latency": 31}, {"date": "2022-04-25-23-00-00", "latency": 31}]}, {"location": {"country_code": "us", "region": "Wisconsin"}, "game_id": "747108", "values": [{"date": "2022-04-25-21-00-00", "latency": 46}]}, {"location": {"country_code": "co", "region": "El Valle", "city": "Cali"}, "game_id": "747108", "values": [{"date": "2022-04-25-06-00-00", "latency": 46}, {"date": "2022-04-25-06-00-00", "latency": 46}]}, {"location": {"country_code": "au", "region": "Western Australia", "city": "Perth"}, "game_id": "747108", "values": [{"date": "2022-04-25-14-00-00", "latency": 25}, {"date": "2022-04-25-14-00-00", "latency": 25}]}, {"location": {"country_code": "pt"}, "game_id": "747108", "values": [{"date": "2022-04-25-23-00-00", "latency": 31}]}, {"location": {"country_code": "br", "region": "State of Rio de Janeiro", "city": "Angra dos Reis"}, "game_id": "747108", "values": [{"date": "2022-04-26-01-00-00", "latency": 15}, {"date": "2022-04-26-01-00-00", "latency": 15}, {"date": "2022-04-26-01-00-00", "latency": 15}]}, {"location": {"country_code": "cn", "region": "Hong Kong"}, "game_id": "747108", "values": [{"date": "2022-04-25-06-00-00", "latency": 47}, {"date": "2022-04-25-06-00-00", "latency": 47}, {"date": "2022-04-25-06-00-00", "latency": 47}, {"date": "2022-04-25-06-00-00", "latency": 47}]}, {"location": {"country_code": "ca", "region": "Manitoba", "city": "Winnipeg"}, "game_id": "747108", "values": [{"date": "2022-04-25-17-00-00", "latency": 16}, {"date": "2022-04-25-17-00-00", "latency": 16}, {"date": "2022-04-25-17-00-00", "latency": 16}, {"date": "2022-04-25-17-00-00", "latency": 16}, {"date": "2022-04-25-17-00-00", "latency": 16}]}, {"location": {"country_code": "hr"}, "game_id": "747108", "values": [{"date": "2022-04-25-22-00-00", "latency": 3}, {"date": "2022-04-25-22-00-00", "latency": 3}, {"date": "2022-04-25-22-00-00", "latency": 3}, {"date": "2022-04-25-22-00-00", "latency": 3}, {"date": "2022-04-25-22-00-00", "latency": 3}, {"date": "2022-04-25-22-00-00", "latency": 3}]}, {"location": {"country_code": "ca", "region": "British Columbia", "city": "Richmond"}, "game_id": "747108", "values": [{"date": "2022-04-26-01-00-00", "latency": 31}, {"date": "2022-04-26-01-00-00", "latency": 31}, {"date": "2022-04-26-01-00-00", "latency": 31}, {"date": "2022-04-26-01-00-00", "latency": 31}, {"date": "2022-04-26-01-00-00", "latency": 31}, {"date": "2022-04-26-01-00-00", "latency": 31}, {"date": "2022-04-26-01-00-00", "latency": 31}, {"date": "2022-04-26-01-00-00", "latency": 31}, {"date": "2022-04-26-01-00-00", "latency": 31}, {"date": "2022-04-26-01-00-00", "latency": 31}]}, {"location": {"country_code": "us", "region": "Tennessee", "city": "Memphis"}, "game_id": "747108", "values": [{"date": "2022-04-25-06-00-00", "latency": 62}, {"date": "2022-04-25-06-00-00", "latency": 62}, {"date": "2022-04-25-06-00-00", "latency": 62}, {"date": "2022-04-25-06-00-00", "latency": 62}, {"date": "2022-04-25-06-00-00", "latency": 62}]}, {"location": {"country_code": "fr", "region": "Occitanie"}, "game_id": "747108", "values": [{"date": "2022-04-25-14-00-00", "latency": 3}, {"date": "2022-04-25-14-00-00", "latency": 3}, {"date": "2022-04-25-14-00-00", "latency": 3}, {"date": "2022-04-25-14-00-00", "latency": 3}]}, {"location": {"country_code": "de", "region": "Lower Saxony"}, "game_id": "747108", "values": [{"date": "2022-04-25-21-00-00", "latency": 3}, {"date": "2022-04-25-21-00-00", "latency": 3}, {"date": "2022-04-25-21-00-00", "latency": 3}, {"date": "2022-04-25-21-00-00", "latency": 3}, {"date": "2022-04-25-21-00-00", "latency": 3}]}, {"location": {"country_code": "ca", "region": "British Columbia"}, "game_id": "747108", "values": [{"date": "2022-04-25-05-00-00", "latency": 6}, {"date": "2022-04-25-05-00-00", "latency": 6}, {"date": "2022-04-25-05-00-00", "latency": 6}]}, {"location": {"country_code": "it", "region": "Lazio", "city": "Rome"}, "game_id": "747108", "values": [{"date": "2022-04-26-01-00-00", "latency": 15}, {"date": "2022-04-26-01-00-00", "latency": 15}, {"date": "2022-04-26-01-00-00", "latency": 15}]}, {"location": {"country_code": "de", "region": "North Rhine-Westphalia"}, "game_id": "747108", "values": [{"date": "2022-04-25-20-00-00", "latency": 15}, {"date": "2022-04-25-20-00-00", "latency": 15}, {"date": "2022-04-25-20-00-00", "latency": 15}, {"date": "2022-04-25-20-00-00", "latency": 15}, {"date": "2022-04-25-20-00-00", "latency": 15}, {"date": "2022-04-25-20-00-00", "latency": 15}]}, {"location": {"country_code": "fr", "region": "Pays de la Loire Region", "city": "Nantes"}, "game_id": "747108", "values": [{"date": "2022-04-25-19-00-00", "latency": 15}, {"date": "2022-04-25-19-00-00", "latency": 15}, {"date": "2022-04-25-19-00-00", "latency": 15}, {"date": "2022-04-25-19-00-00", "latency": 15}, {"date": "2022-04-25-19-00-00", "latency": 15}]}, {"location": {"country_code": "ae", "region": "Dubai", "city": "Dubai"}, "game_id": "747108", "values": [{"date": "2022-04-25-22-00-00", "latency": 93}, {"date": "2022-04-25-22-00-00", "latency": 93}]}, {"location": {"country_code": "ee"}, "game_id": "747108", "values": [{"date": "2022-04-25-22-00-00", "latency": 32}, {"date": "2022-04-25-22-00-00", "latency": 32}, {"date": "2022-04-25-22-00-00", "latency": 32}, {"date": "2022-04-25-22-00-00", "latency": 32}, {"date": "2022-04-25-22-00-00", "latency": 32}, {"date": "2022-04-25-22-00-00", "latency": 32}, {"date": "2022-04-25-22-00-00", "latency": 32}]}, {"location": {"country_code": "it", "region": "Veneto"}, "game_id": "747108", "values": [{"date": "2022-04-25-15-00-00", "latency": 16}, {"date": "2022-04-25-15-00-00", "latency": 16}, {"date": "2022-04-25-15-00-00", "latency": 16}, {"date": "2022-04-25-15-00-00", "latency": 16}]}, {"location": {"country_code": "br", "region": "Espirito Santo", "city": "Vila Velha"}, "game_id": "747108", "values": [{"date": "2022-04-26-01-00-00", "latency": 3}, {"date": "2022-04-26-01-00-00", "latency": 3}, {"date": "2022-04-26-01-00-00", "latency": 3}, {"date": "2022-04-26-01-00-00", "latency": 3}]}, {"location": {"country_code": "us", "region": "Nevada"}, "game_id": "747108", "values": [{"date": "2022-04-25-04-00-00", "latency": 47}, {"date": "2022-04-25-04-00-00", "latency": 47}, {"date": "2022-04-25-04-00-00", "latency": 47}, {"date": "2022-04-25-04-00-00", "latency": 47}]}, {"location": {"country_code": "br", "region": "Paraiba", "city": "Santa Rita"}, "game_id": "747108", "values": [{"date": "2022-04-25-04-00-00", "latency": 62}, {"date": "2022-04-25-04-00-00", "latency": 62}, {"date": "2022-04-25-04-00-00", "latency": 62}]}, {"location": {"country_code": "tt"}, "game_id": "747108", "values": [{"date": "2022-04-25-23-00-00", "latency": 78}, {"date": "2022-04-25-23-00-00", "latency": 78}, {"date": "2022-04-25-23-00-00", "latency": 78}, {"date": "2022-04-25-23-00-00", "latency": 78}, {"date": "2022-04-25-23-00-00", "latency": 78}, {"date": "2022-04-25-23-00-00", "latency": 78}]}, {"location": {"country_code": "at", "region": "Upper Austria", "city": "Linz"}, "game_id": "747108", "values": [{"date": "2022-04-25-20-00-00", "latency": 46}, {"date": "2022-04-25-20-00-00", "latency": 46}, {"date": "2022-04-25-20-00-00", "latency": 46}]}, {"location": {"country_code": "gb", "region": "England", "city": "Bradford"}, "game_id": "747108", "values": [{"date": "2022-04-25-20-00-00", "latency": 2}]}, {"location": {"country_code": "es", "region": "Canary Islands", "city": "San Cristobal de La Laguna"}, "game_id": "747108", "values": [{"date": "2022-04-25-13-00-00", "latency": 7}]}, {"location": {"country_code": "es", "region": "Andalusia", "city": "Estepona"}, "game_id": "747108", "values": [{"date": "2022-04-25-21-00-00", "latency": 31}]}, {"location": {"country_code": "es", "region": "Cantabria", "city": "Torres"}, "game_id": "747108", "values": [{"date": "2022-04-25-15-00-00", "latency": 31}, {"date": "2022-04-25-15-00-00", "latency": 31}, {"date": "2022-04-25-15-00-00", "latency": 31}, {"date": "2022-04-25-15-00-00", "latency": 31}]}], "last_updated": 1719919361.002108}