{"data": [{"location": {"country_code": "us"}, "game_id": "314852", "values": [{"date": "2024-06-18-05-00-00", "alternatives": ["4", "41", "41"]}, {"date": "2024-06-18-02-00-00", "alternatives": ["46", "4", "46"]}]}, {"location": {"country_code": "mx"}, "game_id": "314852", "values": [{"date": "2024-06-18-02-00-00", "alternatives": ["20", "20", "420"]}, {"date": "2024-06-18-02-00-00", "alternatives": ["20", "20", "420"]}]}, {"location": {"country_code": "us", "region": "California"}, "game_id": "314852", "values": [{"date": "2024-06-18-05-00-00", "alternatives": ["79", "79", "0"]}]}, {"location": {"country_code": "do"}, "game_id": "314852", "values": [{"date": "2024-06-18-02-00-00", "alternatives": ["41", "4", "41"]}]}], "last_updated": 1719918124.410745}