{"data": [{"location": {"country_code": "nz"}, "game_id": "273486", "values": [{"date": "2024-04-24-14-00-00", "alternatives": ["25", "25", "29"]}, {"date": "2024-04-24-14-00-00", "alternatives": ["25", "25", "29"]}, {"date": "2024-04-24-14-00-00", "alternatives": ["25", "25", "29"]}, {"date": "2024-04-24-14-00-00", "alternatives": ["25", "25", "29"]}, {"date": "2024-04-24-14-00-00", "alternatives": ["25", "25", "29"]}, {"date": "2024-04-24-14-00-00", "alternatives": ["25", "25", "29"]}, {"date": "2024-04-24-14-00-00", "alternatives": ["25", "25", "29"]}, {"date": "2024-04-24-14-00-00", "alternatives": ["25", "25", "29"]}]}, {"location": {"country_code": "gb"}, "game_id": "273486", "values": [{"date": "2024-04-25-01-00-00", "alternatives": ["25", "25", "29"]}, {"date": "2024-04-25-01-00-00", "alternatives": ["25", "25", "29"]}]}, {"location": {"country_code": "au", "region": "Victoria", "city": "Melbourne"}, "game_id": "273486", "values": [{"date": "2024-04-24-14-00-00", "alternatives": ["21", "2", "21"]}, {"date": "2024-04-24-14-00-00", "alternatives": ["21", "2", "21"]}, {"date": "2024-04-24-14-00-00", "alternatives": ["21", "2", "21"]}]}, {"location": {"country_code": "vn"}, "game_id": "273486", "values": [{"date": "2024-04-24-09-00-00", "alternatives": ["27", "27", "127"]}, {"date": "2024-04-24-09-00-00", "alternatives": ["27", "27", "127"]}, {"date": "2024-04-24-09-00-00", "alternatives": ["27", "27", "127"]}]}, {"location": {"country_code": "us", "region": "Hawaii"}, "game_id": "273486", "values": [{"date": "2024-04-24-03-00-00", "alternatives": ["52", "52", "2"]}, {"date": "2024-04-24-03-00-00", "alternatives": ["52", "52", "2"]}, {"date": "2024-04-24-03-00-00", "alternatives": ["52", "52", "2"]}, {"date": "2024-04-24-03-00-00", "alternatives": ["52", "52", "2"]}, {"date": "2024-04-24-03-00-00", "alternatives": ["52", "52", "2"]}, {"date": "2024-04-24-03-00-00", "alternatives": ["52", "52", "2"]}, {"date": "2024-04-24-03-00-00", "alternatives": ["52", "52", "2"]}, {"date": "2024-04-24-03-00-00", "alternatives": ["52", "52", "2"]}, {"date": "2024-04-24-03-00-00", "alternatives": ["52", "52", "2"]}]}, {"location": {"country_code": "us", "region": "Texas", "city": "Atascocita"}, "game_id": "273486", "values": [{"date": "2024-04-24-08-00-00", "alternatives": ["31", "31", "3"]}, {"date": "2024-04-24-08-00-00", "alternatives": ["31", "31", "3"]}, {"date": "2024-04-24-08-00-00", "alternatives": ["31", "31", "3"]}, {"date": "2024-04-24-08-00-00", "alternatives": ["31", "31", "3"]}, {"date": "2024-04-24-08-00-00", "alternatives": ["31", "31", "3"]}, {"date": "2024-04-24-08-00-00", "alternatives": ["31", "31", "3"]}, {"date": "2024-04-24-08-00-00", "alternatives": ["31", "31", "3"]}, {"date": "2024-04-24-08-00-00", "alternatives": ["31", "31", "3"]}, {"date": "2024-04-24-08-00-00", "alternatives": ["31", "31", "3"]}]}], "last_updated": 1719918484.740154}