{"data": [{"location": {"country_code": "us"}, "game_id": "762836", "values": [{"date": "2023-09-06-21-00-00", "latency": 6068}, {"date": "2023-09-06-04-00-00", "latency": 70}, {"date": "2023-09-06-04-00-00", "latency": 70}, {"date": "2023-09-06-03-00-00", "latency": 28}]}, {"location": {"country_code": "us", "region": "West Virginia"}, "game_id": "762836", "values": [{"date": "2023-09-06-23-00-00", "latency": 22}, {"date": "2023-09-06-23-00-00", "latency": 22}]}, {"location": {"country_code": "us", "region": "New York", "city": "Jamestown"}, "game_id": "762836", "values": [{"date": "2023-09-07-02-00-00", "latency": 10}, {"date": "2023-09-07-02-00-00", "latency": 10}]}, {"location": {"country_code": "gb", "region": "England"}, "game_id": "762836", "values": [{"date": "2023-09-06-22-00-00", "latency": 17}]}, {"location": {"country_code": "gr"}, "game_id": "762836", "values": [{"date": "2023-09-06-20-00-00", "latency": 37}, {"date": "2023-09-06-20-00-00", "latency": 37}, {"date": "2023-09-07-00-00-00", "latency": 53}, {"date": "2023-09-07-00-00-00", "latency": 53}]}, {"location": {"country_code": "it"}, "game_id": "762836", "values": [{"date": "2023-09-06-23-00-00", "latency": 14}, {"date": "2023-09-06-17-00-00", "latency": 31}, {"date": "2023-09-06-15-00-00", "latency": 43}, {"date": "2023-09-06-14-00-00", "latency": 1}, {"date": "2023-09-06-14-00-00", "latency": 1}, {"date": "2023-09-06-14-00-00", "latency": 1}, {"date": "2023-09-06-14-00-00", "latency": 1}, {"date": "2023-09-06-14-00-00", "latency": 1}]}, {"location": {"country_code": "ro"}, "game_id": "762836", "values": [{"date": "2023-09-06-19-00-00", "latency": 1}]}, {"location": {"country_code": "us", "region": "Colorado", "city": "Denver"}, "game_id": "762836", "values": [{"date": "2023-09-06-20-00-00", "latency": 1}, {"date": "2023-09-06-20-00-00", "latency": 1}, {"date": "2023-09-06-20-00-00", "latency": 1}]}, {"location": {"country_code": "ca"}, "game_id": "762836", "values": [{"date": "2023-09-06-09-00-00", "latency": 3}, {"date": "2023-09-06-09-00-00", "latency": 3}]}, {"location": {"country_code": "de"}, "game_id": "762836", "values": [{"date": "2023-09-06-22-00-00", "latency": 60683101}, {"date": "2023-09-06-21-00-00", "latency": 1}, {"date": "2023-09-06-23-00-00", "latency": 3}]}, {"location": {"country_code": "gb", "region": "Scotland"}, "game_id": "762836", "values": [{"date": "2023-09-07-02-00-00", "latency": 99}, {"date": "2023-09-07-02-00-00", "latency": 99}]}, {"location": {"country_code": "fr"}, "game_id": "762836", "values": [{"date": "2023-09-07-01-00-00", "latency": 20}]}, {"location": {"country_code": "fr", "region": "Ile-de-France Region", "city": "Paris"}, "game_id": "762836", "values": [{"date": "2023-09-07-00-00-00", "latency": 4}]}, {"location": {"country_code": "mx"}, "game_id": "762836", "values": [{"date": "2023-09-06-22-00-00", "latency": 13}, {"date": "2023-09-06-22-00-00", "latency": 13}, {"date": "2023-09-06-22-00-00", "latency": 13}, {"date": "2023-09-06-22-00-00", "latency": 13}, {"date": "2023-09-06-22-00-00", "latency": 13}]}, {"location": {"country_code": "br", "region": "Ceara", "city": "Itapipoca"}, "game_id": "762836", "values": [{"date": "2023-09-06-05-00-00", "latency": 54}, {"date": "2023-09-06-05-00-00", "latency": 54}, {"date": "2023-09-06-05-00-00", "latency": 54}, {"date": "2023-09-06-05-00-00", "latency": 54}, {"date": "2023-09-06-05-00-00", "latency": 54}, {"date": "2023-09-06-05-00-00", "latency": 54}, {"date": "2023-09-06-05-00-00", "latency": 54}, {"date": "2023-09-06-05-00-00", "latency": 54}, {"date": "2023-09-06-05-00-00", "latency": 54}, {"date": "2023-09-06-05-00-00", "latency": 54}]}, {"location": {"country_code": "no"}, "game_id": "762836", "values": [{"date": "2023-09-06-19-00-00", "latency": 30}]}, {"location": {"country_code": "es", "region": "Madrid", "city": "Parla"}, "game_id": "762836", "values": [{"date": "2023-09-06-15-00-00", "latency": 23}, {"date": "2023-09-06-15-00-00", "latency": 23}, {"date": "2023-09-06-15-00-00", "latency": 23}, {"date": "2023-09-06-15-00-00", "latency": 23}, {"date": "2023-09-06-15-00-00", "latency": 23}]}, {"location": {"country_code": "tr"}, "game_id": "762836", "values": [{"date": "2023-09-06-03-00-00", "latency": 0}]}, {"location": {"country_code": "ca", "region": "Ontario"}, "game_id": "762836", "values": [{"date": "2023-09-06-09-00-00", "latency": 65}, {"date": "2023-09-06-09-00-00", "latency": 65}, {"date": "2023-09-06-09-00-00", "latency": 65}]}, {"location": {"country_code": "es"}, "game_id": "762836", "values": [{"date": "2023-09-06-13-00-00", "latency": 1}, {"date": "2023-09-06-13-00-00", "latency": 1}, {"date": "2023-09-06-13-00-00", "latency": 1}, {"date": "2023-09-06-13-00-00", "latency": 1}, {"date": "2023-09-06-13-00-00", "latency": 1}]}, {"location": {"country_code": "jm"}, "game_id": "762836", "values": [{"date": "2023-09-06-06-00-00", "latency": 45}, {"date": "2023-09-06-06-00-00", "latency": 45}, {"date": "2023-09-06-06-00-00", "latency": 45}]}, {"location": {"country_code": "fi"}, "game_id": "762836", "values": [{"date": "2023-09-06-19-00-00", "latency": 1}]}, {"location": {"country_code": "us", "region": "Alaska"}, "game_id": "762836", "values": [{"date": "2023-09-06-04-00-00", "latency": 45}]}, {"location": {"country_code": "be"}, "game_id": "762836", "values": [{"date": "2023-09-06-14-00-00", "latency": 2}]}, {"location": {"country_code": "ie"}, "game_id": "762836", "values": [{"date": "2023-09-06-03-00-00", "latency": 7}, {"date": "2023-09-06-03-00-00", "latency": 7}, {"date": "2023-09-06-03-00-00", "latency": 7}, {"date": "2023-09-07-00-00-00", "latency": 1}]}, {"location": {"country_code": "br", "region": "State of Rio de Janeiro", "city": "Angra dos Reis"}, "game_id": "762836", "values": [{"date": "2023-09-07-02-00-00", "latency": 55}]}, {"location": {"country_code": "de", "region": "Baden-Wurttemberg"}, "game_id": "762836", "values": [{"date": "2023-09-07-01-00-00", "latency": 25}, {"date": "2023-09-07-01-00-00", "latency": 25}, {"date": "2023-09-07-01-00-00", "latency": 25}]}, {"location": {"country_code": "fr", "region": "Provence-Alpes-Cote d'Azur Region", "city": "Marseille"}, "game_id": "762836", "values": [{"date": "2023-09-06-23-00-00", "latency": 21}, {"date": "2023-09-06-23-00-00", "latency": 21}]}, {"location": {"country_code": "jm", "region": "Kingston", "city": "Kingston"}, "game_id": "762836", "values": [{"date": "2023-09-06-04-00-00", "latency": 64}]}, {"location": {"country_code": "es", "region": "Andalusia"}, "game_id": "762836", "values": [{"date": "2023-09-07-00-00-00", "latency": 51}]}, {"location": {"country_code": "gb", "region": "Scotland", "city": "Glasgow"}, "game_id": "762836", "values": [{"date": "2023-09-06-12-00-00", "latency": 3}]}, {"location": {"country_code": "dz"}, "game_id": "762836", "values": [{"date": "2023-09-06-23-00-00", "latency": 49}]}, {"location": {"country_code": "es", "region": "Andalusia", "city": "Marbella"}, "game_id": "762836", "values": [{"date": "2023-09-06-20-00-00", "latency": 5}]}, {"location": {"country_code": "us", "region": "California", "city": "West Covina"}, "game_id": "762836", "values": [{"date": "2023-09-06-09-00-00", "latency": 15}]}, {"location": {"country_code": "us", "region": "Nevada"}, "game_id": "762836", "values": [{"date": "2023-09-06-08-00-00", "latency": 2}]}, {"location": {"country_code": "es", "region": "Andalusia", "city": "La Linea de la Concepcion"}, "game_id": "762836", "values": [{"date": "2023-09-06-18-00-00", "latency": 44}]}, {"location": {"country_code": "de", "region": "North Rhine-Westphalia", "city": "Dusseldorf"}, "game_id": "762836", "values": [{"date": "2023-09-07-00-00-00", "latency": 6068}]}, {"location": {"country_code": "ve", "region": "Miranda"}, "game_id": "762836", "values": [{"date": "2023-09-06-23-00-00", "latency": 1}]}, {"location": {"country_code": "br", "region": "State of Rio de Janeiro", "city": "New Fribourg"}, "game_id": "762836", "values": [{"date": "2023-09-06-13-00-00", "latency": 1}, {"date": "2023-09-06-13-00-00", "latency": 1}]}, {"location": {"country_code": "it", "region": "Sicily", "city": "Catania"}, "game_id": "762836", "values": [{"date": "2023-09-06-18-00-00", "latency": 37}, {"date": "2023-09-06-18-00-00", "latency": 37}, {"date": "2023-09-06-18-00-00", "latency": 37}, {"date": "2023-09-06-18-00-00", "latency": 37}, {"date": "2023-09-06-18-00-00", "latency": 37}, {"date": "2023-09-06-18-00-00", "latency": 37}]}, {"location": {"country_code": "br", "region": "Sao Paulo", "city": "Tatui"}, "game_id": "762836", "values": [{"date": "2023-09-06-22-00-00", "latency": 36}, {"date": "2023-09-06-22-00-00", "latency": 36}, {"date": "2023-09-06-22-00-00", "latency": 36}, {"date": "2023-09-06-22-00-00", "latency": 36}, {"date": "2023-09-06-22-00-00", "latency": 36}, {"date": "2023-09-06-22-00-00", "latency": 36}]}, {"location": {"country_code": "br", "region": "Sao Paulo"}, "game_id": "762836", "values": [{"date": "2023-09-07-00-00-00", "latency": 14}, {"date": "2023-09-07-00-00-00", "latency": 14}]}, {"location": {"country_code": "br", "region": "State of Rio de Janeiro", "city": "Belford Roxo"}, "game_id": "762836", "values": [{"date": "2023-09-06-05-00-00", "latency": 1}, {"date": "2023-09-06-05-00-00", "latency": 1}, {"date": "2023-09-06-05-00-00", "latency": 1}, {"date": "2023-09-06-05-00-00", "latency": 1}, {"date": "2023-09-06-05-00-00", "latency": 1}]}, {"location": {"country_code": "ua", "region": "Mykolaiv Oblast"}, "game_id": "762836", "values": [{"date": "2023-09-06-21-00-00", "latency": 31}, {"date": "2023-09-06-21-00-00", "latency": 31}]}, {"location": {"country_code": "de", "region": "Saxony-Anhalt", "city": "Klosterrode"}, "game_id": "762836", "values": [{"date": "2023-09-06-15-00-00", "latency": 25}]}], "last_updated": 1719919365.622078}