{"data": [{"location": {"country_code": "us"}, "game_id": "101342", "values": [{"date": "2024-04-26-04-00-00", "alternatives": ["52", "52", "352"]}, {"date": "2024-04-26-04-00-00", "alternatives": ["52", "52", "352"]}, {"date": "2024-04-26-04-00-00", "alternatives": ["52", "52", "352"]}, {"date": "2024-04-26-04-00-00", "alternatives": ["52", "52", "352"]}, {"date": "2024-04-27-02-00-00", "alternatives": ["58", "58", "38"]}, {"date": "2024-04-26-17-00-00", "alternatives": ["50", "50", "56"]}, {"date": "2024-04-26-17-00-00", "alternatives": ["50", "50", "56"]}, {"date": "2024-04-26-17-00-00", "alternatives": ["50", "50", "56"]}, {"date": "2024-04-26-17-00-00", "alternatives": ["50", "50", "56"]}, {"date": "2024-04-26-17-00-00", "alternatives": ["50", "50", "56"]}, {"date": "2024-04-26-17-00-00", "alternatives": ["50", "50", "56"]}, {"date": "2024-04-26-17-00-00", "alternatives": ["50", "50", "56"]}, {"date": "2024-04-26-17-00-00", "alternatives": ["50", "50", "56"]}, {"date": "2024-04-26-17-00-00", "alternatives": ["50", "50", "56"]}, {"date": "2024-04-26-17-00-00", "alternatives": ["50", "50", "56"]}, {"date": "2024-04-26-17-00-00", "alternatives": ["50", "50", "56"]}, {"date": "2024-04-26-17-00-00", "alternatives": ["50", "50", "56"]}, {"date": "2024-04-26-04-00-00", "alternatives": ["163", "63", "63"]}, {"date": "2024-04-26-04-00-00", "alternatives": ["163", "63", "63"]}, {"date": "2024-04-26-04-00-00", "alternatives": ["163", "63", "63"]}, {"date": "2024-04-26-04-00-00", "alternatives": ["163", "63", "63"]}, {"date": "2024-04-27-01-00-00", "alternatives": [9, 97, 97, 97, 97]}, {"date": "2024-04-27-01-00-00", "alternatives": [9, 97, 97, 97, 97]}, {"date": "2024-04-27-01-00-00", "alternatives": [9, 97, 97, 97, 97]}, {"date": "2024-04-27-01-00-00", "alternatives": [9, 97, 97, 97, 97]}, {"date": "2024-04-27-01-00-00", "alternatives": [9, 97, 97, 97, 97]}, {"date": "2024-04-26-23-00-00", "alternatives": [61, 61, 61]}, {"date": "2024-04-26-23-00-00", "alternatives": [61, 61, 61]}, {"date": "2024-04-26-23-00-00", "alternatives": [61, 61, 61]}, {"date": "2024-04-26-23-00-00", "alternatives": [61, 61, 61]}, {"date": "2024-04-26-23-00-00", "alternatives": [61, 61, 61]}, {"date": "2024-04-26-23-00-00", "alternatives": [61, 61, 61]}, {"date": "2024-04-26-23-00-00", "alternatives": [61, 61, 61]}, {"date": "2024-04-26-23-00-00", "alternatives": [61, 61, 61]}, {"date": "2024-04-26-23-00-00", "alternatives": [61, 61, 61]}]}, {"location": {"country_code": "us", "region": "Iowa"}, "game_id": "101342", "values": [{"date": "2024-04-26-07-00-00", "alternatives": ["80", "80", "8"]}, {"date": "2024-04-26-07-00-00", "alternatives": ["80", "80", "8"]}, {"date": "2024-04-26-07-00-00", "alternatives": ["80", "80", "8"]}, {"date": "2024-04-26-07-00-00", "alternatives": ["80", "80", "8"]}, {"date": "2024-04-26-07-00-00", "alternatives": ["80", "80", "8"]}, {"date": "2024-04-26-07-00-00", "alternatives": ["80", "80", "8"]}, {"date": "2024-04-26-07-00-00", "alternatives": ["80", "80", "8"]}, {"date": "2024-04-26-07-00-00", "alternatives": ["80", "80", "8"]}, {"date": "2024-04-26-06-00-00", "alternatives": ["6", "66", "6"]}, {"date": "2024-04-26-06-00-00", "alternatives": ["6", "66", "6"]}, {"date": "2024-04-26-06-00-00", "alternatives": ["6", "66", "6"]}, {"date": "2024-04-26-06-00-00", "alternatives": ["6", "66", "6"]}, {"date": "2024-04-26-06-00-00", "alternatives": ["6", "66", "6"]}, {"date": "2024-04-26-06-00-00", "alternatives": ["6", "66", "6"]}]}, {"location": {"country_code": "us", "region": "New York", "city": "Jamestown"}, "game_id": "101342", "values": [{"date": "2024-04-26-07-00-00", "alternatives": ["49", "6", "49"]}, {"date": "2024-04-26-07-00-00", "alternatives": ["49", "6", "49"]}]}, {"location": {"country_code": "gb"}, "game_id": "101342", "values": [{"date": "2024-04-26-16-00-00", "alternatives": [4, 48, 48, 48]}, {"date": "2024-04-26-16-00-00", "alternatives": [4, 48, 48, 48]}, {"date": "2024-04-26-16-00-00", "alternatives": [4, 48, 48, 48]}, {"date": "2024-04-26-16-00-00", "alternatives": [4, 48, 48, 48]}, {"date": "2024-04-26-16-00-00", "alternatives": [4, 48, 48, 48]}, {"date": "2024-04-26-16-00-00", "alternatives": [4, 48, 48, 48]}, {"date": "2024-04-26-16-00-00", "alternatives": [4, 48, 48, 48]}, {"date": "2024-04-26-16-00-00", "alternatives": [4, 48, 48, 48]}]}, {"location": {"country_code": "gb", "region": "Scotland"}, "game_id": "101342", "values": [{"date": "2024-04-26-23-00-00", "alternatives": [90, 98, 90, 90]}, {"date": "2024-04-26-23-00-00", "alternatives": [90, 98, 90, 90]}, {"date": "2024-04-26-23-00-00", "alternatives": [90, 98, 90, 90]}, {"date": "2024-04-26-23-00-00", "alternatives": [90, 98, 90, 90]}, {"date": "2024-04-26-23-00-00", "alternatives": [90, 98, 90, 90]}, {"date": "2024-04-26-23-00-00", "alternatives": [90, 98, 90, 90]}, {"date": "2024-04-26-23-00-00", "alternatives": [90, 98, 90, 90]}, {"date": "2024-04-26-23-00-00", "alternatives": [90, 98, 90, 90]}, {"date": "2024-04-26-09-00-00", "alternatives": ["49", "61", "49"]}, {"date": "2024-04-26-09-00-00", "alternatives": ["49", "61", "49"]}, {"date": "2024-04-26-09-00-00", "alternatives": ["49", "61", "49"]}, {"date": "2024-04-26-09-00-00", "alternatives": ["49", "61", "49"]}, {"date": "2024-04-26-09-00-00", "alternatives": ["49", "61", "49"]}, {"date": "2024-04-26-09-00-00", "alternatives": ["49", "61", "49"]}, {"date": "2024-04-26-09-00-00", "alternatives": ["49", "61", "49"]}, {"date": "2024-04-26-23-00-00", "alternatives": ["80", "80", "86"]}, {"date": "2024-04-26-23-00-00", "alternatives": ["80", "80", "86"]}, {"date": "2024-04-26-23-00-00", "alternatives": ["80", "80", "86"]}, {"date": "2024-04-26-23-00-00", "alternatives": ["80", "80", "86"]}, {"date": "2024-04-26-23-00-00", "alternatives": ["80", "80", "86"]}, {"date": "2024-04-26-23-00-00", "alternatives": ["80", "80", "86"]}, {"date": "2024-04-26-23-00-00", "alternatives": ["80", "80", "86"]}, {"date": "2024-04-26-23-00-00", "alternatives": ["80", "80", "86"]}, {"date": "2024-04-26-23-00-00", "alternatives": ["80", "80", "86"]}, {"date": "2024-04-26-23-00-00", "alternatives": ["80", "80", "86"]}]}, {"location": {"country_code": "it"}, "game_id": "101342", "values": [{"date": "2024-04-26-12-00-00", "alternatives": [110, 110, 110]}, {"date": "2024-04-26-12-00-00", "alternatives": [110, 110, 110]}, {"date": "2024-04-26-12-00-00", "alternatives": [110, 110, 110]}, {"date": "2024-04-26-12-00-00", "alternatives": [110, 110, 110]}, {"date": "2024-04-26-12-00-00", "alternatives": [110, 110, 110]}, {"date": "2024-04-26-12-00-00", "alternatives": [110, 110, 110]}, {"date": "2024-04-26-12-00-00", "alternatives": [110, 110, 110]}, {"date": "2024-04-26-12-00-00", "alternatives": [110, 110, 110]}, {"date": "2024-04-26-12-00-00", "alternatives": [110, 110, 110]}, {"date": "2024-04-26-12-00-00", "alternatives": [110, 110, 110]}, {"date": "2024-04-26-12-00-00", "alternatives": [110, 110, 110]}, {"date": "2024-04-26-12-00-00", "alternatives": [110, 110, 110]}, {"date": "2024-04-26-19-00-00", "alternatives": [69, 0, 6, 6, 6]}, {"date": "2024-04-26-19-00-00", "alternatives": [69, 0, 6, 6, 6]}, {"date": "2024-04-26-19-00-00", "alternatives": [69, 0, 6, 6, 6]}, {"date": "2024-04-26-19-00-00", "alternatives": [83, 3, 83, 83, 83]}, {"date": "2024-04-26-19-00-00", "alternatives": [83, 3, 83, 83, 83]}, {"date": "2024-04-26-19-00-00", "alternatives": [83, 3, 83, 83, 83]}, {"date": "2024-04-26-19-00-00", "alternatives": [83, 3, 83, 83, 83]}, {"date": "2024-04-26-11-00-00", "alternatives": [116, 11, 116, 116, 119]}, {"date": "2024-04-26-11-00-00", "alternatives": [116, 11, 116, 116, 119]}, {"date": "2024-04-26-11-00-00", "alternatives": [116, 11, 116, 116, 119]}, {"date": "2024-04-26-11-00-00", "alternatives": [116, 11, 116, 116, 119]}, {"date": "2024-04-26-11-00-00", "alternatives": [116, 11, 116, 116, 119]}, {"date": "2024-04-26-11-00-00", "alternatives": [116, 11, 116, 116, 119]}, {"date": "2024-04-26-11-00-00", "alternatives": [116, 11, 116, 116, 119]}, {"date": "2024-04-26-11-00-00", "alternatives": [116, 11, 116, 116, 119]}, {"date": "2024-04-26-11-00-00", "alternatives": [116, 11, 116, 116, 119]}, {"date": "2024-04-26-11-00-00", "alternatives": [116, 11, 116, 116, 119]}, {"date": "2024-04-26-11-00-00", "alternatives": [116, 11, 116, 116, 119]}, {"date": "2024-04-26-11-00-00", "alternatives": [116, 11, 116, 116, 119]}, {"date": "2024-04-26-11-00-00", "alternatives": [116, 11, 116, 116, 119]}, {"date": "2024-04-26-11-00-00", "alternatives": [116, 11, 116, 116, 119]}, {"date": "2024-04-26-11-00-00", "alternatives": [116, 11, 116, 116, 119]}, {"date": "2024-04-26-11-00-00", "alternatives": [116, 11, 116, 116, 119]}, {"date": "2024-04-26-11-00-00", "alternatives": [116, 11, 116, 116, 119]}, {"date": "2024-04-26-11-00-00", "alternatives": [116, 11, 116, 116, 119]}, {"date": "2024-04-26-11-00-00", "alternatives": [116, 11, 116, 116, 119]}, {"date": "2024-04-26-11-00-00", "alternatives": [116, 11, 116, 116, 119]}, {"date": "2024-04-26-11-00-00", "alternatives": [116, 11, 116, 116, 119]}]}, {"location": {"country_code": "ca"}, "game_id": "101342", "values": [{"date": "2024-04-26-04-00-00", "alternatives": ["85", "58", "85"]}, {"date": "2024-04-26-04-00-00", "alternatives": ["85", "58", "85"]}, {"date": "2024-04-26-04-00-00", "alternatives": ["85", "58", "85"]}, {"date": "2024-04-26-04-00-00", "alternatives": ["85", "58", "85"]}, {"date": "2024-04-26-23-00-00", "alternatives": [50, 30, 50, 50, 58]}, {"date": "2024-04-26-23-00-00", "alternatives": [50, 30, 50, 50, 58]}, {"date": "2024-04-26-23-00-00", "alternatives": [50, 30, 50, 50, 58]}, {"date": "2024-04-26-23-00-00", "alternatives": [50, 30, 50, 50, 58]}, {"date": "2024-04-26-23-00-00", "alternatives": [50, 30, 50, 50, 58]}, {"date": "2024-04-26-23-00-00", "alternatives": [50, 30, 50, 50, 58]}, {"date": "2024-04-26-23-00-00", "alternatives": [50, 30, 50, 50, 58]}, {"date": "2024-04-26-07-00-00", "alternatives": ["101", "89", "89"]}, {"date": "2024-04-26-07-00-00", "alternatives": ["101", "89", "89"]}, {"date": "2024-04-26-07-00-00", "alternatives": ["101", "89", "89"]}, {"date": "2024-04-26-07-00-00", "alternatives": ["101", "89", "89"]}, {"date": "2024-04-26-07-00-00", "alternatives": ["101", "89", "89"]}]}, {"location": {"country_code": "us", "region": "Texas", "city": "Houston"}, "game_id": "101342", "values": [{"date": "2024-04-26-03-00-00", "alternatives": ["100", "100", "169"]}, {"date": "2024-04-26-03-00-00", "alternatives": ["100", "100", "169"]}, {"date": "2024-04-26-03-00-00", "alternatives": ["100", "100", "169"]}]}, {"location": {"country_code": "de"}, "game_id": "101342", "values": [{"date": "2024-04-26-16-00-00", "alternatives": [51, 951, 51, 51]}, {"date": "2024-04-26-16-00-00", "alternatives": [51, 951, 51, 51]}, {"date": "2024-04-26-16-00-00", "alternatives": [51, 951, 51, 51]}, {"date": "2024-04-26-16-00-00", "alternatives": [51, 951, 51, 51]}, {"date": "2024-04-26-16-00-00", "alternatives": [51, 951, 51, 51]}, {"date": "2024-04-26-16-00-00", "alternatives": [51, 951, 51, 51]}, {"date": "2024-04-26-16-00-00", "alternatives": [51, 951, 51, 51]}, {"date": "2024-04-26-16-00-00", "alternatives": [51, 951, 51, 51]}, {"date": "2024-04-26-16-00-00", "alternatives": [51, 951, 51, 51]}, {"date": "2024-04-26-16-00-00", "alternatives": [51, 951, 51, 51]}, {"date": "2024-04-26-16-00-00", "alternatives": [51, 951, 51, 51]}, {"date": "2024-04-26-16-00-00", "alternatives": [51, 951, 51, 51]}, {"date": "2024-04-26-16-00-00", "alternatives": [51, 951, 51, 51]}, {"date": "2024-04-26-16-00-00", "alternatives": [51, 951, 51, 51]}]}, {"location": {"country_code": "gb", "region": "England"}, "game_id": "101342", "values": [{"date": "2024-04-26-20-00-00", "alternatives": [1, 121, 121, 121, 121]}, {"date": "2024-04-26-20-00-00", "alternatives": [1, 121, 121, 121, 121]}, {"date": "2024-04-26-20-00-00", "alternatives": [1, 121, 121, 121, 121]}, {"date": "2024-04-26-20-00-00", "alternatives": [1, 121, 121, 121, 121]}, {"date": "2024-04-26-20-00-00", "alternatives": [1, 121, 121, 121, 121]}, {"date": "2024-04-26-20-00-00", "alternatives": [1, 121, 121, 121, 121]}, {"date": "2024-04-26-20-00-00", "alternatives": [1, 121, 121, 121, 121]}, {"date": "2024-04-26-20-00-00", "alternatives": [1, 121, 121, 121, 121]}, {"date": "2024-04-26-20-00-00", "alternatives": [1, 121, 121, 121, 121]}, {"date": "2024-04-26-20-00-00", "alternatives": [1, 121, 121, 121, 121]}, {"date": "2024-04-26-20-00-00", "alternatives": [1, 121, 121, 121, 121]}, {"date": "2024-04-26-20-00-00", "alternatives": [1, 121, 121, 121, 121]}, {"date": "2024-04-26-20-00-00", "alternatives": [1, 121, 121, 121, 121]}]}, {"location": {"country_code": "us", "region": "Texas"}, "game_id": "101342", "values": [{"date": "2024-04-27-02-00-00", "alternatives": [80, 8, 80, 80]}]}, {"location": {"country_code": "us", "region": "Florida"}, "game_id": "101342", "values": [{"date": "2024-04-26-05-00-00", "alternatives": ["63", "063", "03"]}, {"date": "2024-04-26-05-00-00", "alternatives": ["63", "063", "03"]}, {"date": "2024-04-26-05-00-00", "alternatives": ["63", "063", "03"]}]}, {"location": {"country_code": "fr"}, "game_id": "101342", "values": [{"date": "2024-04-26-17-00-00", "alternatives": ["84", "8", "84"]}, {"date": "2024-04-26-17-00-00", "alternatives": ["84", "8", "84"]}, {"date": "2024-04-26-17-00-00", "alternatives": ["84", "8", "84"]}, {"date": "2024-04-26-17-00-00", "alternatives": ["84", "8", "84"]}, {"date": "2024-04-26-17-00-00", "alternatives": ["84", "8", "84"]}, {"date": "2024-04-26-17-00-00", "alternatives": ["84", "8", "84"]}, {"date": "2024-04-26-03-00-00", "alternatives": ["87", "87", "7"]}, {"date": "2024-04-26-03-00-00", "alternatives": ["87", "87", "7"]}, {"date": "2024-04-26-03-00-00", "alternatives": ["87", "87", "7"]}, {"date": "2024-04-26-03-00-00", "alternatives": ["87", "87", "7"]}, {"date": "2024-04-26-03-00-00", "alternatives": ["87", "87", "7"]}]}, {"location": {"country_code": "in"}, "game_id": "101342", "values": [{"date": "2024-04-26-13-00-00", "alternatives": ["107", "107", "167"]}, {"date": "2024-04-26-13-00-00", "alternatives": ["107", "107", "167"]}]}, {"location": {"country_code": "br"}, "game_id": "101342", "values": [{"date": "2024-04-26-14-00-00", "alternatives": [7, 47, 41, 41, 41, 41]}, {"date": "2024-04-26-14-00-00", "alternatives": [7, 47, 41, 41, 41, 41]}, {"date": "2024-04-26-14-00-00", "alternatives": [7, 47, 41, 41, 41, 41]}, {"date": "2024-04-26-14-00-00", "alternatives": [7, 47, 41, 41, 41, 41]}, {"date": "2024-04-26-14-00-00", "alternatives": [7, 47, 41, 41, 41, 41]}]}, {"location": {"country_code": "se"}, "game_id": "101342", "values": [{"date": "2024-04-26-21-00-00", "alternatives": [75, 75, 75]}, {"date": "2024-04-26-21-00-00", "alternatives": [75, 75, 75]}]}, {"location": {"country_code": "no", "region": "Oslo"}, "game_id": "101342", "values": [{"date": "2024-04-27-00-00-00", "alternatives": ["70", "70", "76"]}, {"date": "2024-04-27-00-00-00", "alternatives": ["70", "70", "76"]}]}, {"location": {"country_code": "au", "region": "Victoria", "city": "Melbourne"}, "game_id": "101342", "values": [{"date": "2024-04-26-10-00-00", "alternatives": [59, 3, 59, 59]}, {"date": "2024-04-26-10-00-00", "alternatives": [59, 3, 59, 59]}, {"date": "2024-04-26-10-00-00", "alternatives": [59, 3, 59, 59]}, {"date": "2024-04-26-10-00-00", "alternatives": [59, 3, 59, 59]}, {"date": "2024-04-26-10-00-00", "alternatives": [59, 3, 59, 59]}, {"date": "2024-04-26-10-00-00", "alternatives": [59, 3, 59, 59]}, {"date": "2024-04-26-10-00-00", "alternatives": [59, 3, 59, 59]}, {"date": "2024-04-26-10-00-00", "alternatives": [59, 3, 59, 59]}, {"date": "2024-04-26-10-00-00", "alternatives": [59, 3, 59, 59]}, {"date": "2024-04-26-10-00-00", "alternatives": [59, 3, 59, 59]}, {"date": "2024-04-26-10-00-00", "alternatives": [59, 3, 59, 59]}, {"date": "2024-04-26-10-00-00", "alternatives": [59, 3, 59, 59]}, {"date": "2024-04-26-10-00-00", "alternatives": [59, 3, 59, 59]}, {"date": "2024-04-26-10-00-00", "alternatives": [59, 3, 59, 59]}, {"date": "2024-04-26-10-00-00", "alternatives": [59, 3, 59, 59]}]}, {"location": {"country_code": "dk"}, "game_id": "101342", "values": [{"date": "2024-04-27-00-00-00", "alternatives": [56, 236, 56, 56]}, {"date": "2024-04-27-00-00-00", "alternatives": [56, 236, 56, 56]}, {"date": "2024-04-27-00-00-00", "alternatives": [56, 236, 56, 56]}]}, {"location": {"country_code": "ar"}, "game_id": "101342", "values": [{"date": "2024-04-27-00-00-00", "alternatives": [83, 88, 83, 83]}, {"date": "2024-04-27-00-00-00", "alternatives": [83, 88, 83, 83]}, {"date": "2024-04-27-00-00-00", "alternatives": [83, 88, 83, 83]}, {"date": "2024-04-27-00-00-00", "alternatives": [83, 88, 83, 83]}]}, {"location": {"country_code": "jm"}, "game_id": "101342", "values": [{"date": "2024-04-26-03-00-00", "alternatives": ["60", "60", "66"]}, {"date": "2024-04-26-03-00-00", "alternatives": ["60", "60", "66"]}]}, {"location": {"country_code": "us", "region": "Michigan"}, "game_id": "101342", "values": [{"date": "2024-04-26-16-00-00", "alternatives": [302, 362, 302, 302, 362]}, {"date": "2024-04-26-16-00-00", "alternatives": [302, 362, 302, 302, 362]}, {"date": "2024-04-26-16-00-00", "alternatives": [302, 362, 302, 302, 362]}, {"date": "2024-04-26-16-00-00", "alternatives": [302, 362, 302, 302, 362]}]}, {"location": {"country_code": "hu"}, "game_id": "101342", "values": [{"date": "2024-04-27-01-00-00", "alternatives": ["139", "199", "139"]}]}, {"location": {"country_code": "mx", "region": "Veracruz"}, "game_id": "101342", "values": [{"date": "2024-04-26-08-00-00", "alternatives": ["70", "70", "9"]}, {"date": "2024-04-26-08-00-00", "alternatives": ["70", "70", "9"]}, {"date": "2024-04-26-08-00-00", "alternatives": ["70", "70", "9"]}, {"date": "2024-04-26-08-00-00", "alternatives": ["70", "70", "9"]}, {"date": "2024-04-26-08-00-00", "alternatives": ["70", "70", "9"]}, {"date": "2024-04-26-08-00-00", "alternatives": ["70", "70", "9"]}]}, {"location": {"country_code": "pl"}, "game_id": "101342", "values": [{"date": "2024-04-27-00-00-00", "alternatives": ["71", "71", "79"]}, {"date": "2024-04-26-23-00-00", "alternatives": ["70", "70", "9"]}, {"date": "2024-04-26-23-00-00", "alternatives": ["70", "70", "9"]}, {"date": "2024-04-26-23-00-00", "alternatives": ["70", "70", "9"]}, {"date": "2024-04-26-23-00-00", "alternatives": ["70", "70", "9"]}, {"date": "2024-04-26-23-00-00", "alternatives": ["70", "70", "9"]}, {"date": "2024-04-26-23-00-00", "alternatives": ["70", "70", "9"]}, {"date": "2024-04-26-22-00-00", "alternatives": ["60", "68", "60"]}]}, {"location": {"country_code": "us", "region": "North Carolina"}, "game_id": "101342", "values": [{"date": "2024-04-26-15-00-00", "alternatives": [70, 76, 70, 70]}, {"date": "2024-04-26-15-00-00", "alternatives": [70, 76, 70, 70]}, {"date": "2024-04-26-15-00-00", "alternatives": [70, 76, 70, 70]}, {"date": "2024-04-26-15-00-00", "alternatives": [70, 76, 70, 70]}, {"date": "2024-04-26-15-00-00", "alternatives": [70, 76, 70, 70]}, {"date": "2024-04-26-15-00-00", "alternatives": [70, 76, 70, 70]}, {"date": "2024-04-26-15-00-00", "alternatives": [70, 76, 70, 70]}, {"date": "2024-04-26-15-00-00", "alternatives": [70, 76, 70, 70]}, {"date": "2024-04-26-15-00-00", "alternatives": [70, 76, 70, 70]}, {"date": "2024-04-26-15-00-00", "alternatives": [70, 76, 70, 70]}, {"date": "2024-04-26-15-00-00", "alternatives": [70, 76, 70, 70]}, {"date": "2024-04-26-15-00-00", "alternatives": [70, 76, 70, 70]}, {"date": "2024-04-26-15-00-00", "alternatives": [70, 76, 70, 70]}, {"date": "2024-04-26-15-00-00", "alternatives": [70, 76, 70, 70]}]}, {"location": {"country_code": "ie"}, "game_id": "101342", "values": [{"date": "2024-04-27-00-00-00", "alternatives": [60, 660, 60, 60]}, {"date": "2024-04-27-00-00-00", "alternatives": [60, 660, 60, 60]}, {"date": "2024-04-27-00-00-00", "alternatives": [60, 660, 60, 60]}, {"date": "2024-04-27-00-00-00", "alternatives": [60, 660, 60, 60]}]}, {"location": {"country_code": "us", "region": "Pennsylvania"}, "game_id": "101342", "values": [{"date": "2024-04-26-06-00-00", "alternatives": ["65", "65", "6"]}, {"date": "2024-04-26-06-00-00", "alternatives": ["65", "65", "6"]}]}, {"location": {"country_code": "cl", "region": "Santiago Metropolitan", "city": "Santiago"}, "game_id": "101342", "values": [{"date": "2024-04-26-18-00-00", "alternatives": ["90", "36", "90"]}, {"date": "2024-04-26-18-00-00", "alternatives": ["90", "36", "90"]}, {"date": "2024-04-26-18-00-00", "alternatives": ["90", "36", "90"]}]}, {"location": {"country_code": "pt"}, "game_id": "101342", "values": [{"date": "2024-04-26-23-00-00", "alternatives": [93, 93, 93, 93]}, {"date": "2024-04-26-23-00-00", "alternatives": [93, 93, 93, 93]}, {"date": "2024-04-26-23-00-00", "alternatives": [93, 93, 93, 93]}, {"date": "2024-04-26-23-00-00", "alternatives": [93, 93, 93, 93]}, {"date": "2024-04-26-23-00-00", "alternatives": [93, 93, 93, 93]}, {"date": "2024-04-26-23-00-00", "alternatives": [93, 93, 93, 93]}]}, {"location": {"country_code": "pt", "region": "Aveiro District", "city": "Gafanha da Nazare"}, "game_id": "101342", "values": [{"date": "2024-04-26-16-00-00", "alternatives": ["0", "0", "4"]}, {"date": "2024-04-26-16-00-00", "alternatives": ["0", "0", "4"]}]}, {"location": {"country_code": "br", "region": "State of Rio de Janeiro", "city": "Angra dos Reis"}, "game_id": "101342", "values": [{"date": "2024-04-26-18-00-00", "alternatives": ["16", "116", "116"]}, {"date": "2024-04-26-18-00-00", "alternatives": ["16", "116", "116"]}, {"date": "2024-04-26-18-00-00", "alternatives": ["16", "116", "116"]}, {"date": "2024-04-26-18-00-00", "alternatives": ["16", "116", "116"]}, {"date": "2024-04-26-18-00-00", "alternatives": ["16", "116", "116"]}, {"date": "2024-04-26-18-00-00", "alternatives": ["16", "116", "116"]}]}, {"location": {"country_code": "us", "region": "Kentucky"}, "game_id": "101342", "values": [{"date": "2024-04-26-15-00-00", "alternatives": [76, 6, 76, 76, 76]}, {"date": "2024-04-26-15-00-00", "alternatives": [76, 6, 76, 76, 76]}, {"date": "2024-04-26-15-00-00", "alternatives": [76, 6, 76, 76, 76]}, {"date": "2024-04-26-15-00-00", "alternatives": [76, 6, 76, 76, 76]}, {"date": "2024-04-26-15-00-00", "alternatives": [76, 6, 76, 76, 76]}, {"date": "2024-04-26-15-00-00", "alternatives": [76, 6, 76, 76, 76]}, {"date": "2024-04-26-15-00-00", "alternatives": [76, 6, 76, 76, 76]}, {"date": "2024-04-26-15-00-00", "alternatives": [76, 6, 76, 76, 76]}, {"date": "2024-04-26-15-00-00", "alternatives": [76, 6, 76, 76, 76]}, {"date": "2024-04-26-15-00-00", "alternatives": [76, 6, 76, 76, 76]}, {"date": "2024-04-26-15-00-00", "alternatives": [76, 6, 76, 76, 76]}, {"date": "2024-04-26-15-00-00", "alternatives": [76, 6, 76, 76, 76]}, {"date": "2024-04-26-15-00-00", "alternatives": [76, 6, 76, 76, 76]}, {"date": "2024-04-26-15-00-00", "alternatives": [76, 6, 76, 76, 76]}, {"date": "2024-04-26-15-00-00", "alternatives": [76, 6, 76, 76, 76]}]}, {"location": {"country_code": "us", "region": "Minnesota"}, "game_id": "101342", "values": [{"date": "2024-04-27-00-00-00", "alternatives": [99, 6, 98, 90, 98, 98]}, {"date": "2024-04-27-00-00-00", "alternatives": [99, 6, 98, 90, 98, 98]}, {"date": "2024-04-27-00-00-00", "alternatives": [99, 6, 98, 90, 98, 98]}]}, {"location": {"country_code": "us", "region": "Massachusetts", "city": "Boston"}, "game_id": "101342", "values": [{"date": "2024-04-26-06-00-00", "alternatives": ["95", "95", "93"]}, {"date": "2024-04-26-06-00-00", "alternatives": ["95", "95", "93"]}, {"date": "2024-04-26-06-00-00", "alternatives": ["95", "95", "93"]}, {"date": "2024-04-26-06-00-00", "alternatives": ["95", "95", "93"]}, {"date": "2024-04-26-06-00-00", "alternatives": ["95", "95", "93"]}]}, {"location": {"country_code": "us", "region": "Maryland"}, "game_id": "101342", "values": [{"date": "2024-04-26-21-00-00", "alternatives": [7, 87, 87, 87]}, {"date": "2024-04-26-21-00-00", "alternatives": [7, 87, 87, 87]}, {"date": "2024-04-26-21-00-00", "alternatives": [7, 87, 87, 87]}, {"date": "2024-04-26-21-00-00", "alternatives": [7, 87, 87, 87]}, {"date": "2024-04-26-21-00-00", "alternatives": [7, 87, 87, 87]}, {"date": "2024-04-26-21-00-00", "alternatives": [7, 87, 87, 87]}, {"date": "2024-04-26-21-00-00", "alternatives": [7, 87, 87, 87]}, {"date": "2024-04-26-21-00-00", "alternatives": [7, 87, 87, 87]}, {"date": "2024-04-26-21-00-00", "alternatives": [7, 87, 87, 87]}]}, {"location": {"country_code": "us", "region": "Georgia", "city": "Atlanta"}, "game_id": "101342", "values": [{"date": "2024-04-26-23-00-00", "alternatives": [0, 4, 64, 64, 64]}, {"date": "2024-04-26-23-00-00", "alternatives": [0, 4, 64, 64, 64]}, {"date": "2024-04-26-23-00-00", "alternatives": [0, 4, 64, 64, 64]}, {"date": "2024-04-26-23-00-00", "alternatives": [0, 4, 64, 64, 64]}, {"date": "2024-04-26-23-00-00", "alternatives": [0, 4, 64, 64, 64]}, {"date": "2024-04-26-23-00-00", "alternatives": [0, 4, 64, 64, 64]}, {"date": "2024-04-26-23-00-00", "alternatives": [0, 4, 64, 64, 64]}, {"date": "2024-04-26-23-00-00", "alternatives": [0, 4, 64, 64, 64]}, {"date": "2024-04-26-23-00-00", "alternatives": [0, 4, 64, 64, 64]}, {"date": "2024-04-26-23-00-00", "alternatives": [0, 4, 64, 64, 64]}]}, {"location": {"country_code": "lt"}, "game_id": "101342", "values": [{"date": "2024-04-26-20-00-00", "alternatives": ["103", "103", "163"]}, {"date": "2024-04-26-20-00-00", "alternatives": ["103", "103", "163"]}]}, {"location": {"country_code": "us", "region": "Washington", "city": "Seattle"}, "game_id": "101342", "values": [{"date": "2024-04-27-01-00-00", "alternatives": ["51", "51", "91"]}, {"date": "2024-04-27-01-00-00", "alternatives": ["51", "51", "91"]}]}, {"location": {"country_code": "de", "region": "North Rhine-Westphalia"}, "game_id": "101342", "values": [{"date": "2024-04-26-10-00-00", "alternatives": [45, 49, 45, 45]}, {"date": "2024-04-26-10-00-00", "alternatives": [45, 49, 45, 45]}, {"date": "2024-04-26-10-00-00", "alternatives": [45, 49, 45, 45]}, {"date": "2024-04-26-10-00-00", "alternatives": [45, 49, 45, 45]}, {"date": "2024-04-26-10-00-00", "alternatives": [45, 49, 45, 45]}, {"date": "2024-04-26-10-00-00", "alternatives": [45, 49, 45, 45]}, {"date": "2024-04-26-10-00-00", "alternatives": [45, 49, 45, 45]}, {"date": "2024-04-26-10-00-00", "alternatives": [45, 49, 45, 45]}, {"date": "2024-04-26-10-00-00", "alternatives": [45, 49, 45, 45]}, {"date": "2024-04-26-10-00-00", "alternatives": [45, 49, 45, 45]}, {"date": "2024-04-26-10-00-00", "alternatives": [45, 49, 45, 45]}, {"date": "2024-04-26-10-00-00", "alternatives": [45, 49, 45, 45]}, {"date": "2024-04-26-10-00-00", "alternatives": [45, 49, 45, 45]}, {"date": "2024-04-26-10-00-00", "alternatives": [45, 49, 45, 45]}, {"date": "2024-04-26-10-00-00", "alternatives": [45, 49, 45, 45]}, {"date": "2024-04-26-10-00-00", "alternatives": [45, 49, 45, 45]}]}, {"location": {"country_code": "fr", "region": "Brittany Region", "city": "Rennes"}, "game_id": "101342", "values": [{"date": "2024-04-26-22-00-00", "alternatives": ["40", "40", "46"]}, {"date": "2024-04-26-22-00-00", "alternatives": ["40", "40", "46"]}, {"date": "2024-04-26-22-00-00", "alternatives": ["40", "40", "46"]}]}, {"location": {"country_code": "bs"}, "game_id": "101342", "values": [{"date": "2024-04-26-07-00-00", "alternatives": ["53", "53", "33"]}, {"date": "2024-04-26-07-00-00", "alternatives": ["53", "53", "33"]}, {"date": "2024-04-26-07-00-00", "alternatives": ["53", "53", "33"]}, {"date": "2024-04-26-07-00-00", "alternatives": ["53", "53", "33"]}, {"date": "2024-04-26-07-00-00", "alternatives": ["53", "53", "33"]}]}, {"location": {"country_code": "it", "region": "Lombardy", "city": "Milan"}, "game_id": "101342", "values": [{"date": "2024-04-26-23-00-00", "alternatives": [1, 74, 4, 74, 74]}, {"date": "2024-04-26-23-00-00", "alternatives": [1, 74, 4, 74, 74]}, {"date": "2024-04-26-23-00-00", "alternatives": [1, 74, 4, 74, 74]}, {"date": "2024-04-26-23-00-00", "alternatives": [1, 74, 4, 74, 74]}, {"date": "2024-04-26-23-00-00", "alternatives": [1, 74, 4, 74, 74]}, {"date": "2024-04-26-23-00-00", "alternatives": [1, 74, 4, 74, 74]}, {"date": "2024-04-26-23-00-00", "alternatives": [1, 74, 4, 74, 74]}, {"date": "2024-04-26-23-00-00", "alternatives": [1, 74, 4, 74, 74]}]}, {"location": {"country_code": "br", "region": "Santa Catarina", "city": "Imbituba"}, "game_id": "101342", "values": [{"date": "2024-04-27-00-00-00", "alternatives": [76, 70, 70, 70, 780]}, {"date": "2024-04-27-00-00-00", "alternatives": [76, 70, 70, 70, 780]}, {"date": "2024-04-27-00-00-00", "alternatives": [76, 70, 70, 70, 780]}, {"date": "2024-04-27-00-00-00", "alternatives": [76, 70, 70, 70, 780]}, {"date": "2024-04-27-00-00-00", "alternatives": [76, 70, 70, 70, 780]}, {"date": "2024-04-27-00-00-00", "alternatives": [76, 70, 70, 70, 780]}, {"date": "2024-04-27-00-00-00", "alternatives": [76, 70, 70, 70, 780]}, {"date": "2024-04-27-00-00-00", "alternatives": [76, 70, 70, 70, 780]}, {"date": "2024-04-27-00-00-00", "alternatives": [76, 70, 70, 70, 780]}, {"date": "2024-04-27-00-00-00", "alternatives": [76, 70, 70, 70, 780]}, {"date": "2024-04-27-00-00-00", "alternatives": [76, 70, 70, 70, 780]}, {"date": "2024-04-27-00-00-00", "alternatives": [76, 70, 70, 70, 780]}, {"date": "2024-04-27-00-00-00", "alternatives": [76, 70, 70, 70, 780]}, {"date": "2024-04-27-00-00-00", "alternatives": [76, 70, 70, 70, 780]}, {"date": "2024-04-27-00-00-00", "alternatives": [76, 70, 70, 70, 780]}]}], "last_updated": 1719918478.764349}