{"data": [{"location": {"country_code": "it"}, "game_id": "135305", "values": [{"date": "2021-12-28-14-00-00", "latency": 3}, {"date": "2021-12-28-14-00-00", "latency": 3}, {"date": "2021-12-28-14-00-00", "latency": 3}, {"date": "2021-12-28-14-00-00", "latency": 3}]}, {"location": {"country_code": "cl"}, "game_id": "135305", "values": [{"date": "2021-12-28-01-00-00", "latency": 199}, {"date": "2021-12-28-01-00-00", "latency": 199}, {"date": "2021-12-28-01-00-00", "latency": 199}]}, {"location": {"country_code": "mx"}, "game_id": "135305", "values": [{"date": "2021-12-28-04-00-00", "latency": 154}]}, {"location": {"country_code": "us", "region": "California"}, "game_id": "135305", "values": [{"date": "2021-12-28-10-00-00", "latency": 7}]}, {"location": {"country_code": "br"}, "game_id": "135305", "values": [{"date": "2021-12-28-19-00-00", "latency": 51}]}, {"location": {"country_code": "br", "region": "Sao Paulo", "city": "Apiai"}, "game_id": "135305", "values": [{"date": "2021-12-28-05-00-00", "latency": 73}]}, {"location": {"country_code": "au"}, "game_id": "135305", "values": [{"date": "2021-12-28-10-00-00", "latency": 9}]}, {"location": {"country_code": "au", "region": "Victoria", "city": "Melbourne"}, "game_id": "135305", "values": [{"date": "2021-12-28-14-00-00", "latency": 122}, {"date": "2021-12-28-14-00-00", "latency": 45}, {"date": "2021-12-28-14-00-00", "latency": 45}]}, {"location": {"country_code": "de", "region": "Free and Hanseatic City of Hamburg", "city": "Hamburg"}, "game_id": "135305", "values": [{"date": "2021-12-28-23-00-00", "latency": 14}, {"date": "2021-12-28-23-00-00", "latency": 14}, {"date": "2021-12-28-23-00-00", "latency": 14}]}, {"location": {"country_code": "br", "region": "Estado de Bahia", "city": "Salvador"}, "game_id": "135305", "values": [{"date": "2021-12-29-00-00-00", "latency": 12}, {"date": "2021-12-29-00-00-00", "latency": 12}]}, {"location": {"country_code": "br", "region": "Santa Catarina", "city": "Palhoca"}, "game_id": "135305", "values": [{"date": "2021-12-28-21-00-00", "latency": 2}]}, {"location": {"country_code": "br", "region": "State of Rio de Janeiro", "city": "Angra dos Reis"}, "game_id": "135305", "values": [{"date": "2021-12-28-21-00-00", "latency": 13}]}, {"location": {"country_code": "pt", "region": "Lisbon District", "city": "Amadora"}, "game_id": "135305", "values": [{"date": "2021-12-28-14-00-00", "latency": 9}]}, {"location": {"country_code": "ca", "region": "Manitoba", "city": "Winnipeg"}, "game_id": "135305", "values": [{"date": "2021-12-28-07-00-00", "latency": 6}]}, {"location": {"country_code": "br", "region": "Mato Grosso do Sul", "city": "Campo Grande"}, "game_id": "135305", "values": [{"date": "2021-12-28-07-00-00", "latency": 73}, {"date": "2021-12-28-07-00-00", "latency": 73}, {"date": "2021-12-28-07-00-00", "latency": 73}]}, {"location": {"country_code": "us", "region": "Washington", "city": "Tumwater"}, "game_id": "135305", "values": [{"date": "2021-12-28-20-00-00", "latency": 4}]}, {"location": {"country_code": "de", "region": "North Rhine-Westphalia"}, "game_id": "135305", "values": [{"date": "2021-12-28-11-00-00", "latency": 8}]}, {"location": {"country_code": "ru", "region": "Vladimir Oblast", "city": "Vladimir"}, "game_id": "135305", "values": [{"date": "2021-12-28-06-00-00", "latency": 50}]}, {"location": {"country_code": "my", "region": "Selangor"}, "game_id": "135305", "values": [{"date": "2021-12-28-11-00-00", "latency": 0}]}], "last_updated": 1719919351.326428}