{"data": [{"location": {"country_code": "us"}, "game_id": "319965", "values": [{"date": "2022-07-05-02-00-00", "latency": "218"}, {"date": "2022-07-05-02-00-00", "latency": "218"}, {"date": "2022-07-05-02-00-00", "latency": "218"}, {"date": "2022-07-05-02-00-00", "latency": "218"}, {"date": "2022-07-05-02-00-00", "latency": "218"}]}, {"location": {"country_code": "us", "region": "Wisconsin"}, "game_id": "319965", "values": [{"date": "2022-07-05-06-00-00", "latency": "50"}, {"date": "2022-07-05-06-00-00", "latency": "50"}, {"date": "2022-07-05-06-00-00", "latency": "50"}, {"date": "2022-07-05-06-00-00", "latency": "50"}, {"date": "2022-07-05-06-00-00", "latency": "50"}, {"date": "2022-07-05-06-00-00", "latency": "50"}, {"date": "2022-07-05-06-00-00", "latency": "50"}, {"date": "2022-07-05-06-00-00", "latency": "50"}, {"date": "2022-07-05-06-00-00", "latency": "50"}, {"date": "2022-07-05-06-00-00", "latency": "50"}, {"date": "2022-07-05-06-00-00", "latency": "50"}, {"date": "2022-07-05-06-00-00", "latency": "50"}, {"date": "2022-07-05-06-00-00", "latency": "50"}, {"date": "2022-07-05-06-00-00", "latency": "50"}, {"date": "2022-07-05-06-00-00", "latency": "50"}, {"date": "2022-07-05-06-00-00", "latency": "50"}, {"date": "2022-07-05-06-00-00", "latency": "50"}, {"date": "2022-07-05-06-00-00", "latency": "50"}, {"date": "2022-07-05-06-00-00", "latency": "50"}]}], "last_updated": 1719915101.901375}