{"data": [{"location": {"country_code": "mx", "region": "State of Mexico"}, "game_id": "118849", "values": [{"date": "2023-01-27-05-00-00", "latency": "63"}]}, {"location": {"country_code": "us"}, "game_id": "118849", "values": [{"date": "2023-01-27-23-00-00", "latency": "2"}, {"date": "2023-01-27-23-00-00", "latency": "2"}, {"date": "2023-01-27-07-00-00", "latency": "5"}, {"date": "2023-01-27-07-00-00", "latency": "5"}, {"date": "2023-01-27-07-00-00", "latency": "3"}, {"date": "2023-01-27-10-00-00", "latency": "0"}, {"date": "2023-01-27-10-00-00", "latency": "0"}, {"date": "2023-01-27-07-00-00", "latency": "62"}, {"date": "2023-01-27-03-00-00", "latency": "5"}]}, {"location": {"country_code": "gr"}, "game_id": "118849", "values": [{"date": "2023-01-27-21-00-00", "latency": "8"}, {"date": "2023-01-27-22-00-00", "latency": "56"}, {"date": "2023-01-27-22-00-00", "latency": "56"}]}, {"location": {"country_code": "cz"}, "game_id": "118849", "values": [{"date": "2023-01-27-19-00-00", "latency": "28"}, {"date": "2023-01-27-19-00-00", "latency": "28"}, {"date": "2023-01-27-19-00-00", "latency": "28"}, {"date": "2023-01-27-19-00-00", "latency": "28"}, {"date": "2023-01-27-19-00-00", "latency": "28"}, {"date": "2023-01-27-19-00-00", "latency": "28"}, {"date": "2023-01-27-19-00-00", "latency": "28"}, {"date": "2023-01-27-19-00-00", "latency": "28"}]}, {"location": {"country_code": "it"}, "game_id": "118849", "values": [{"date": "2023-01-27-19-00-00", "latency": "2618"}, {"date": "2023-01-27-19-00-00", "latency": "2618"}]}, {"location": {"country_code": "ro"}, "game_id": "118849", "values": [{"date": "2023-01-27-17-00-00", "latency": "23"}]}, {"location": {"country_code": "jp"}, "game_id": "118849", "values": [{"date": "2023-01-27-15-00-00", "latency": "0"}, {"date": "2023-01-27-15-00-00", "latency": "0"}, {"date": "2023-01-27-15-00-00", "latency": "0"}, {"date": "2023-01-27-15-00-00", "latency": "0"}, {"date": "2023-01-27-15-00-00", "latency": "0"}, {"date": "2023-01-27-07-00-00", "latency": "5"}]}, {"location": {"country_code": "de"}, "game_id": "118849", "values": [{"date": "2023-01-27-16-00-00", "latency": "2"}, {"date": "2023-01-27-19-00-00", "latency": "23"}, {"date": "2023-01-27-19-00-00", "latency": "23"}, {"date": "2023-01-27-19-00-00", "latency": "23"}, {"date": "2023-01-27-19-00-00", "latency": "23"}, {"date": "2023-01-27-19-00-00", "latency": "23"}, {"date": "2023-01-28-00-00-00", "latency": "0"}, {"date": "2023-01-28-00-00-00", "latency": "0"}]}, {"location": {"country_code": "cl"}, "game_id": "118849", "values": [{"date": "2023-01-28-01-00-00", "latency": "53"}, {"date": "2023-01-27-10-00-00", "latency": "37"}, {"date": "2023-01-27-10-00-00", "latency": "37"}, {"date": "2023-01-27-10-00-00", "latency": "37"}, {"date": "2023-01-27-10-00-00", "latency": "37"}, {"date": "2023-01-27-10-00-00", "latency": "37"}, {"date": "2023-01-27-10-00-00", "latency": "37"}, {"date": "2023-01-27-10-00-00", "latency": "37"}, {"date": "2023-01-27-10-00-00", "latency": "37"}, {"date": "2023-01-27-10-00-00", "latency": "37"}, {"date": "2023-01-27-10-00-00", "latency": "37"}, {"date": "2023-01-27-10-00-00", "latency": "37"}, {"date": "2023-01-27-10-00-00", "latency": "37"}, {"date": "2023-01-27-10-00-00", "latency": "37"}, {"date": "2023-01-27-06-00-00", "latency": "2"}, {"date": "2023-01-27-06-00-00", "latency": "2"}]}, {"location": {"country_code": "us", "region": "Florida"}, "game_id": "118849", "values": [{"date": "2023-01-27-01-00-00", "latency": "45"}, {"date": "2023-01-27-01-00-00", "latency": "45"}]}, {"location": {"country_code": "ph"}, "game_id": "118849", "values": [{"date": "2023-01-27-17-00-00", "latency": "25"}, {"date": "2023-01-27-17-00-00", "latency": "25"}, {"date": "2023-01-27-17-00-00", "latency": "25"}, {"date": "2023-01-27-17-00-00", "latency": "25"}, {"date": "2023-01-27-17-00-00", "latency": "25"}, {"date": "2023-01-27-17-00-00", "latency": "25"}, {"date": "2023-01-27-17-00-00", "latency": "25"}, {"date": "2023-01-27-17-00-00", "latency": "25"}, {"date": "2023-01-27-17-00-00", "latency": "25"}, {"date": "2023-01-27-17-00-00", "latency": "25"}, {"date": "2023-01-27-17-00-00", "latency": "25"}, {"date": "2023-01-27-17-00-00", "latency": "25"}]}, {"location": {"country_code": "ph", "region": "CALABARZON", "city": "Cavite"}, "game_id": "118849", "values": [{"date": "2023-01-27-14-00-00", "latency": "37"}, {"date": "2023-01-27-14-00-00", "latency": "37"}, {"date": "2023-01-27-14-00-00", "latency": "37"}, {"date": "2023-01-27-14-00-00", "latency": "37"}, {"date": "2023-01-27-14-00-00", "latency": "37"}]}, {"location": {"country_code": "fr"}, "game_id": "118849", "values": [{"date": "2023-01-27-15-00-00", "latency": "16"}, {"date": "2023-01-27-15-00-00", "latency": "16"}, {"date": "2023-01-27-15-00-00", "latency": "16"}, {"date": "2023-01-27-15-00-00", "latency": "16"}, {"date": "2023-01-27-02-00-00", "latency": "32"}, {"date": "2023-01-27-02-00-00", "latency": "32"}, {"date": "2023-01-27-02-00-00", "latency": "32"}, {"date": "2023-01-27-02-00-00", "latency": "32"}, {"date": "2023-01-27-02-00-00", "latency": "32"}, {"date": "2023-01-27-02-00-00", "latency": "32"}, {"date": "2023-01-27-02-00-00", "latency": "32"}, {"date": "2023-01-27-02-00-00", "latency": "32"}, {"date": "2023-01-27-02-00-00", "latency": "32"}, {"date": "2023-01-27-02-00-00", "latency": "32"}, {"date": "2023-01-27-21-00-00", "latency": "25"}, {"date": "2023-01-27-21-00-00", "latency": "25"}, {"date": "2023-01-27-21-00-00", "latency": "25"}]}, {"location": {"country_code": "mx"}, "game_id": "118849", "values": [{"date": "2023-01-27-05-00-00", "latency": "89"}, {"date": "2023-01-27-05-00-00", "latency": "89"}]}, {"location": {"country_code": "us", "region": "California"}, "game_id": "118849", "values": [{"date": "2023-01-27-07-00-00", "latency": "75"}, {"date": "2023-01-27-07-00-00", "latency": "75"}, {"date": "2023-01-27-07-00-00", "latency": "75"}, {"date": "2023-01-27-07-00-00", "latency": "75"}, {"date": "2023-01-27-07-00-00", "latency": "75"}, {"date": "2023-01-27-01-00-00", "latency": "71"}, {"date": "2023-01-27-01-00-00", "latency": "71"}]}, {"location": {"country_code": "br"}, "game_id": "118849", "values": [{"date": "2023-01-27-23-00-00", "latency": "6"}, {"date": "2023-01-27-23-00-00", "latency": "6"}, {"date": "2023-01-27-23-00-00", "latency": "6"}, {"date": "2023-01-27-04-00-00", "latency": "76"}, {"date": "2023-01-27-04-00-00", "latency": "76"}, {"date": "2023-01-27-04-00-00", "latency": "76"}, {"date": "2023-01-27-04-00-00", "latency": "19"}, {"date": "2023-01-27-04-00-00", "latency": "19"}, {"date": "2023-01-27-04-00-00", "latency": "19"}, {"date": "2023-01-27-04-00-00", "latency": "19"}, {"date": "2023-01-27-19-00-00", "latency": "55"}]}, {"location": {"country_code": "br", "region": "Sao Paulo", "city": "Apiai"}, "game_id": "118849", "values": [{"date": "2023-01-27-20-00-00", "latency": "6"}]}, {"location": {"country_code": "se"}, "game_id": "118849", "values": [{"date": "2023-01-27-17-00-00", "latency": "23"}, {"date": "2023-01-27-17-00-00", "latency": "23"}, {"date": "2023-01-27-17-00-00", "latency": "23"}, {"date": "2023-01-27-17-00-00", "latency": "23"}, {"date": "2023-01-27-17-00-00", "latency": "23"}, {"date": "2023-01-27-17-00-00", "latency": "23"}, {"date": "2023-01-27-17-00-00", "latency": "23"}, {"date": "2023-01-27-17-00-00", "latency": "23"}, {"date": "2023-01-27-17-00-00", "latency": "23"}]}, {"location": {"country_code": "us", "region": "California", "city": "East Los Angeles"}, "game_id": "118849", "values": [{"date": "2023-01-27-20-00-00", "latency": "4"}, {"date": "2023-01-27-05-00-00", "latency": "86"}, {"date": "2023-01-27-05-00-00", "latency": "86"}]}, {"location": {"country_code": "au"}, "game_id": "118849", "values": [{"date": "2023-01-27-11-00-00", "latency": "19"}, {"date": "2023-01-27-11-00-00", "latency": "19"}, {"date": "2023-01-27-11-00-00", "latency": "19"}, {"date": "2023-01-27-11-00-00", "latency": "19"}, {"date": "2023-01-27-11-00-00", "latency": "19"}, {"date": "2023-01-27-11-00-00", "latency": "19"}, {"date": "2023-01-27-11-00-00", "latency": "19"}]}, {"location": {"country_code": "td"}, "game_id": "118849", "values": [{"date": "2023-01-27-07-00-00", "latency": "48"}]}, {"location": {"country_code": "dk"}, "game_id": "118849", "values": [{"date": "2023-01-27-23-00-00", "latency": "20"}, {"date": "2023-01-27-23-00-00", "latency": "20"}]}, {"location": {"country_code": "tr"}, "game_id": "118849", "values": [{"date": "2023-01-27-17-00-00", "latency": "2005"}]}, {"location": {"country_code": "us", "region": "California", "city": "San Francisco"}, "game_id": "118849", "values": [{"date": "2023-01-27-23-00-00", "latency": "55"}, {"date": "2023-01-27-23-00-00", "latency": "55"}, {"date": "2023-01-27-23-00-00", "latency": "55"}, {"date": "2023-01-27-23-00-00", "latency": "55"}, {"date": "2023-01-27-23-00-00", "latency": "55"}, {"date": "2023-01-27-23-00-00", "latency": "55"}]}, {"location": {"country_code": "us", "region": "Pennsylvania", "city": "Philadelphia"}, "game_id": "118849", "values": [{"date": "2023-01-27-04-00-00", "latency": "600"}, {"date": "2023-01-27-04-00-00", "latency": "600"}, {"date": "2023-01-27-04-00-00", "latency": "600"}, {"date": "2023-01-27-04-00-00", "latency": "600"}]}, {"location": {"country_code": "es"}, "game_id": "118849", "values": [{"date": "2023-01-27-18-00-00", "latency": "39"}, {"date": "2023-01-27-18-00-00", "latency": "39"}, {"date": "2023-01-27-18-00-00", "latency": "39"}, {"date": "2023-01-27-19-00-00", "latency": "29"}, {"date": "2023-01-27-19-00-00", "latency": "29"}, {"date": "2023-01-27-19-00-00", "latency": "29"}, {"date": "2023-01-27-19-00-00", "latency": "29"}, {"date": "2023-01-27-19-00-00", "latency": "29"}]}, {"location": {"country_code": "sa"}, "game_id": "118849", "values": [{"date": "2023-01-27-17-00-00", "latency": "59"}, {"date": "2023-01-27-17-00-00", "latency": "59"}, {"date": "2023-01-27-17-00-00", "latency": "59"}, {"date": "2023-01-27-17-00-00", "latency": "59"}, {"date": "2023-01-27-17-00-00", "latency": "59"}, {"date": "2023-01-27-17-00-00", "latency": "59"}, {"date": "2023-01-27-17-00-00", "latency": "59"}, {"date": "2023-01-27-17-00-00", "latency": "59"}, {"date": "2023-01-27-17-00-00", "latency": "59"}]}, {"location": {"country_code": "ar"}, "game_id": "118849", "values": [{"date": "2023-01-27-03-00-00", "latency": "29"}, {"date": "2023-01-27-03-00-00", "latency": "29"}, {"date": "2023-01-27-01-00-00", "latency": "24"}, {"date": "2023-01-27-03-00-00", "latency": "42"}, {"date": "2023-01-27-03-00-00", "latency": "42"}, {"date": "2023-01-27-03-00-00", "latency": "42"}, {"date": "2023-01-27-03-00-00", "latency": "42"}, {"date": "2023-01-27-05-00-00", "latency": "33"}, {"date": "2023-01-27-05-00-00", "latency": "33"}, {"date": "2023-01-27-05-00-00", "latency": "33"}]}, {"location": {"country_code": "ar", "region": "Buenos Aires F.D.", "city": "Bahia Blanca"}, "game_id": "118849", "values": [{"date": "2023-01-27-09-00-00", "latency": "33"}, {"date": "2023-01-27-09-00-00", "latency": "33"}, {"date": "2023-01-27-09-00-00", "latency": "33"}, {"date": "2023-01-27-09-00-00", "latency": "33"}, {"date": "2023-01-27-09-00-00", "latency": "33"}, {"date": "2023-01-27-09-00-00", "latency": "33"}, {"date": "2023-01-27-09-00-00", "latency": "33"}]}, {"location": {"country_code": "fi"}, "game_id": "118849", "values": [{"date": "2023-01-28-00-00-00", "latency": "36"}, {"date": "2023-01-28-00-00-00", "latency": "36"}, {"date": "2023-01-28-00-00-00", "latency": "36"}]}, {"location": {"country_code": "us", "region": "Massachusetts", "city": "Fall River"}, "game_id": "118849", "values": [{"date": "2023-01-27-05-00-00", "latency": "68"}, {"date": "2023-01-27-05-00-00", "latency": "68"}, {"date": "2023-01-27-05-00-00", "latency": "68"}, {"date": "2023-01-27-05-00-00", "latency": "68"}, {"date": "2023-01-27-05-00-00", "latency": "68"}, {"date": "2023-01-27-05-00-00", "latency": "68"}, {"date": "2023-01-27-05-00-00", "latency": "68"}, {"date": "2023-01-27-05-00-00", "latency": "68"}, {"date": "2023-01-27-05-00-00", "latency": "68"}, {"date": "2023-01-27-05-00-00", "latency": "68"}, {"date": "2023-01-27-05-00-00", "latency": "68"}]}, {"location": {"country_code": "de", "region": "Free and Hanseatic City of Hamburg", "city": "Hamburg"}, "game_id": "118849", "values": [{"date": "2023-01-27-19-00-00", "latency": "19"}, {"date": "2023-01-27-19-00-00", "latency": "19"}, {"date": "2023-01-27-19-00-00", "latency": "19"}, {"date": "2023-01-27-19-00-00", "latency": "19"}, {"date": "2023-01-27-19-00-00", "latency": "19"}, {"date": "2023-01-27-19-00-00", "latency": "19"}, {"date": "2023-01-27-19-00-00", "latency": "19"}, {"date": "2023-01-27-19-00-00", "latency": "19"}]}, {"location": {"country_code": "us", "region": "California", "city": "Elk Grove"}, "game_id": "118849", "values": [{"date": "2023-01-27-20-00-00", "latency": "8"}, {"date": "2023-01-27-20-00-00", "latency": "8"}]}, {"location": {"country_code": "us", "region": "Michigan"}, "game_id": "118849", "values": [{"date": "2023-01-27-14-00-00", "latency": "6"}]}, {"location": {"country_code": "co"}, "game_id": "118849", "values": [{"date": "2023-01-27-08-00-00", "latency": "122"}, {"date": "2023-01-27-08-00-00", "latency": "122"}, {"date": "2023-01-27-08-00-00", "latency": "122"}, {"date": "2023-01-27-08-00-00", "latency": "122"}, {"date": "2023-01-27-02-00-00", "latency": "65"}, {"date": "2023-01-27-02-00-00", "latency": "65"}, {"date": "2023-01-27-02-00-00", "latency": "65"}, {"date": "2023-01-27-02-00-00", "latency": "65"}]}, {"location": {"country_code": "pl"}, "game_id": "118849", "values": [{"date": "2023-01-27-22-00-00", "latency": "35"}, {"date": "2023-01-27-22-00-00", "latency": "35"}, {"date": "2023-01-27-22-00-00", "latency": "35"}, {"date": "2023-01-27-22-00-00", "latency": "35"}, {"date": "2023-01-28-00-00-00", "latency": "3"}, {"date": "2023-01-28-00-00-00", "latency": "3"}]}, {"location": {"country_code": "us", "region": "District of Columbia", "city": "Washington"}, "game_id": "118849", "values": [{"date": "2023-01-27-07-00-00", "latency": "51"}, {"date": "2023-01-27-07-00-00", "latency": "51"}]}, {"location": {"country_code": "br", "region": "Santa Catarina", "city": "Palhoca"}, "game_id": "118849", "values": [{"date": "2023-01-27-20-00-00", "latency": "19"}, {"date": "2023-01-27-20-00-00", "latency": "19"}, {"date": "2023-01-27-20-00-00", "latency": "19"}, {"date": "2023-01-27-20-00-00", "latency": "19"}, {"date": "2023-01-27-20-00-00", "latency": "19"}, {"date": "2023-01-27-20-00-00", "latency": "19"}, {"date": "2023-01-27-20-00-00", "latency": "19"}, {"date": "2023-01-27-20-00-00", "latency": "19"}]}, {"location": {"country_code": "cl", "region": "Santiago Metropolitan", "city": "Santiago"}, "game_id": "118849", "values": [{"date": "2023-01-27-07-00-00", "latency": "0"}, {"date": "2023-01-27-07-00-00", "latency": "0"}, {"date": "2023-01-27-07-00-00", "latency": "0"}, {"date": "2023-01-27-07-00-00", "latency": "0"}, {"date": "2023-01-27-07-00-00", "latency": "0"}, {"date": "2023-01-27-07-00-00", "latency": "0"}, {"date": "2023-01-27-07-00-00", "latency": "0"}, {"date": "2023-01-27-07-00-00", "latency": "0"}, {"date": "2023-01-27-07-00-00", "latency": "0"}, {"date": "2023-01-27-07-00-00", "latency": "0"}, {"date": "2023-01-27-07-00-00", "latency": "0"}, {"date": "2023-01-27-07-00-00", "latency": "0"}, {"date": "2023-01-27-07-00-00", "latency": "0"}, {"date": "2023-01-27-07-00-00", "latency": "0"}, {"date": "2023-01-27-07-00-00", "latency": "0"}, {"date": "2023-01-27-07-00-00", "latency": "0"}, {"date": "2023-01-27-07-00-00", "latency": "0"}, {"date": "2023-01-27-07-00-00", "latency": "0"}, {"date": "2023-01-27-07-00-00", "latency": "0"}, {"date": "2023-01-27-07-00-00", "latency": "0"}, {"date": "2023-01-27-07-00-00", "latency": "0"}, {"date": "2023-01-27-07-00-00", "latency": "0"}, {"date": "2023-01-27-07-00-00", "latency": "0"}]}, {"location": {"country_code": "pt"}, "game_id": "118849", "values": [{"date": "2023-01-27-03-00-00", "latency": "40"}, {"date": "2023-01-27-03-00-00", "latency": "40"}, {"date": "2023-01-27-03-00-00", "latency": "40"}, {"date": "2023-01-27-03-00-00", "latency": "40"}]}, {"location": {"country_code": "fr", "region": "Alvernia-Rodano-Alpi", "city": "Mars"}, "game_id": "118849", "values": [{"date": "2023-01-27-22-00-00", "latency": "795"}, {"date": "2023-01-27-22-00-00", "latency": "795"}, {"date": "2023-01-27-22-00-00", "latency": "795"}]}, {"location": {"country_code": "fr", "region": "Ile-de-France Region", "city": "Paris"}, "game_id": "118849", "values": [{"date": "2023-01-27-05-00-00", "latency": "8"}, {"date": "2023-01-27-05-00-00", "latency": "8"}]}, {"location": {"country_code": "pe", "region": "Lima region", "city": "Lima"}, "game_id": "118849", "values": [{"date": "2023-01-27-05-00-00", "latency": "31"}, {"date": "2023-01-27-05-00-00", "latency": "31"}, {"date": "2023-01-27-05-00-00", "latency": "31"}, {"date": "2023-01-27-05-00-00", "latency": "31"}, {"date": "2023-01-27-05-00-00", "latency": "31"}]}, {"location": {"country_code": "sy"}, "game_id": "118849", "values": [{"date": "2023-01-27-19-00-00", "latency": "74"}, {"date": "2023-01-27-19-00-00", "latency": "74"}]}, {"location": {"country_code": "ar", "region": "Tucuman Province", "city": "San Miguel de Tucuman"}, "game_id": "118849", "values": [{"date": "2023-01-27-06-00-00", "latency": "51"}, {"date": "2023-01-27-06-00-00", "latency": "51"}]}, {"location": {"country_code": "de", "region": "North Rhine-Westphalia"}, "game_id": "118849", "values": [{"date": "2023-01-27-16-00-00", "latency": "16"}, {"date": "2023-01-27-16-00-00", "latency": "16"}, {"date": "2023-01-27-16-00-00", "latency": "16"}, {"date": "2023-01-27-16-00-00", "latency": "16"}]}, {"location": {"country_code": "us", "region": "Montana"}, "game_id": "118849", "values": [{"date": "2023-01-27-02-00-00", "latency": "0"}]}, {"location": {"country_code": "ar", "region": "Buenos Aires", "city": "La Plata"}, "game_id": "118849", "values": [{"date": "2023-01-27-04-00-00", "latency": "33"}, {"date": "2023-01-27-04-00-00", "latency": "33"}, {"date": "2023-01-27-04-00-00", "latency": "33"}, {"date": "2023-01-27-04-00-00", "latency": "33"}, {"date": "2023-01-27-04-00-00", "latency": "33"}, {"date": "2023-01-27-04-00-00", "latency": "33"}, {"date": "2023-01-27-04-00-00", "latency": "33"}, {"date": "2023-01-27-04-00-00", "latency": "33"}, {"date": "2023-01-27-04-00-00", "latency": "33"}, {"date": "2023-01-27-04-00-00", "latency": "33"}, {"date": "2023-01-27-04-00-00", "latency": "33"}, {"date": "2023-01-27-04-00-00", "latency": "33"}, {"date": "2023-01-27-04-00-00", "latency": "33"}, {"date": "2023-01-27-04-00-00", "latency": "33"}]}, {"location": {"country_code": "au", "region": "Canberra"}, "game_id": "118849", "values": [{"date": "2023-01-27-10-00-00", "latency": "4"}, {"date": "2023-01-27-10-00-00", "latency": "4"}, {"date": "2023-01-27-10-00-00", "latency": "4"}]}, {"location": {"country_code": "es", "region": "Andalusia", "city": "Marbella"}, "game_id": "118849", "values": [{"date": "2023-01-28-01-00-00", "latency": "36"}, {"date": "2023-01-28-01-00-00", "latency": "36"}, {"date": "2023-01-28-01-00-00", "latency": "36"}, {"date": "2023-01-28-01-00-00", "latency": "36"}]}, {"location": {"country_code": "pl", "region": "Masovian Voivodeship", "city": "Siedlce"}, "game_id": "118849", "values": [{"date": "2023-01-27-12-00-00", "latency": "474"}, {"date": "2023-01-27-12-00-00", "latency": "474"}, {"date": "2023-01-27-12-00-00", "latency": "474"}, {"date": "2023-01-27-12-00-00", "latency": "474"}, {"date": "2023-01-27-12-00-00", "latency": "474"}, {"date": "2023-01-27-12-00-00", "latency": "474"}, {"date": "2023-01-27-12-00-00", "latency": "474"}, {"date": "2023-01-27-12-00-00", "latency": "474"}, {"date": "2023-01-27-12-00-00", "latency": "474"}, {"date": "2023-01-27-12-00-00", "latency": "474"}, {"date": "2023-01-27-12-00-00", "latency": "474"}, {"date": "2023-01-27-12-00-00", "latency": "474"}, {"date": "2023-01-27-12-00-00", "latency": "474"}, {"date": "2023-01-27-12-00-00", "latency": "474"}]}, {"location": {"country_code": "es", "region": "Extremadura"}, "game_id": "118849", "values": [{"date": "2023-01-27-18-00-00", "latency": "3"}]}, {"location": {"country_code": "bg", "region": "Sofia-Capital", "city": "Sofia"}, "game_id": "118849", "values": [{"date": "2023-01-27-18-00-00", "latency": "40"}, {"date": "2023-01-27-18-00-00", "latency": "40"}]}, {"location": {"country_code": "se", "region": "Dalarna County", "city": "Borlange"}, "game_id": "118849", "values": [{"date": "2023-01-27-22-00-00", "latency": "79"}]}, {"location": {"country_code": "us", "region": "Maryland", "city": "Bethesda"}, "game_id": "118849", "values": [{"date": "2023-01-27-01-00-00", "latency": "3"}, {"date": "2023-01-27-01-00-00", "latency": "3"}, {"date": "2023-01-27-01-00-00", "latency": "3"}, {"date": "2023-01-27-01-00-00", "latency": "3"}, {"date": "2023-01-27-01-00-00", "latency": "3"}]}], "last_updated": 1719914983.143001}