{"data": [{"location": {"country_code": "pl"}, "game_id": "295590", "values": [{"date": "2023-08-17-11-00-00", "latency": 135}, {"date": "2023-08-17-11-00-00", "latency": 135}, {"date": "2023-08-17-11-00-00", "latency": 135}, {"date": "2023-08-17-11-00-00", "latency": 135}, {"date": "2023-08-17-11-00-00", "latency": 135}, {"date": "2023-08-17-11-00-00", "latency": 135}, {"date": "2023-08-18-00-00-00", "latency": 62}, {"date": "2023-08-17-16-00-00", "latency": 165}, {"date": "2023-08-17-16-00-00", "latency": 165}, {"date": "2023-08-17-16-00-00", "latency": 165}, {"date": "2023-08-17-16-00-00", "latency": 165}, {"date": "2023-08-17-16-00-00", "latency": 165}, {"date": "2023-08-17-16-00-00", "latency": 165}, {"date": "2023-08-17-16-00-00", "latency": 165}, {"date": "2023-08-17-16-00-00", "latency": 165}, {"date": "2023-08-17-19-00-00", "latency": 74}]}, {"location": {"country_code": "nz"}, "game_id": "295590", "values": [{"date": "2023-08-17-04-00-00", "latency": 70}, {"date": "2023-08-17-11-00-00", "latency": 63}, {"date": "2023-08-17-11-00-00", "latency": 63}, {"date": "2023-08-17-11-00-00", "latency": 63}, {"date": "2023-08-17-11-00-00", "latency": 63}, {"date": "2023-08-17-11-00-00", "latency": 63}, {"date": "2023-08-17-11-00-00", "latency": 63}]}, {"location": {"country_code": "us"}, "game_id": "295590", "values": [{"date": "2023-08-17-14-00-00", "latency": 151}, {"date": "2023-08-17-14-00-00", "latency": 151}, {"date": "2023-08-17-14-00-00", "latency": 151}, {"date": "2023-08-17-14-00-00", "latency": 151}, {"date": "2023-08-17-05-00-00", "latency": 121}, {"date": "2023-08-17-05-00-00", "latency": 320}, {"date": "2023-08-17-21-00-00", "latency": 76}, {"date": "2023-08-17-03-00-00", "latency": 59}, {"date": "2023-08-17-04-00-00", "latency": 121}]}, {"location": {"country_code": "us", "region": "Tennessee", "city": "Memphis"}, "game_id": "295590", "values": [{"date": "2023-08-17-18-00-00", "latency": 145}, {"date": "2023-08-17-18-00-00", "latency": 145}, {"date": "2023-08-17-18-00-00", "latency": 145}]}, {"location": {"country_code": "de", "region": "Berlin", "city": "Berlin"}, "game_id": "295590", "values": [{"date": "2023-08-17-13-00-00", "latency": 57}, {"date": "2023-08-18-00-00-00", "latency": 52}]}, {"location": {"country_code": "eg"}, "game_id": "295590", "values": [{"date": "2023-08-17-21-00-00", "latency": 126}, {"date": "2023-08-17-21-00-00", "latency": 126}]}, {"location": {"country_code": "gb"}, "game_id": "295590", "values": [{"date": "2023-08-17-22-00-00", "latency": 42}, {"date": "2023-08-17-18-00-00", "latency": 46}]}, {"location": {"country_code": "th"}, "game_id": "295590", "values": [{"date": "2023-08-17-20-00-00", "latency": 168}]}, {"location": {"country_code": "gr"}, "game_id": "295590", "values": [{"date": "2023-08-17-21-00-00", "latency": 85}, {"date": "2023-08-17-21-00-00", "latency": 114}, {"date": "2023-08-17-21-00-00", "latency": 114}, {"date": "2023-08-17-21-00-00", "latency": 114}, {"date": "2023-08-17-04-00-00", "latency": 64}, {"date": "2023-08-17-04-00-00", "latency": 64}, {"date": "2023-08-17-04-00-00", "latency": 64}]}, {"location": {"country_code": "nl"}, "game_id": "295590", "values": [{"date": "2023-08-17-22-00-00", "latency": 158}]}, {"location": {"country_code": "it"}, "game_id": "295590", "values": [{"date": "2023-08-18-02-00-00", "latency": 297}, {"date": "2023-08-18-01-00-00", "latency": 738}]}, {"location": {"country_code": "ro"}, "game_id": "295590", "values": [{"date": "2023-08-17-22-00-00", "latency": 50}]}, {"location": {"country_code": "za"}, "game_id": "295590", "values": [{"date": "2023-08-17-20-00-00", "latency": 257}, {"date": "2023-08-17-20-00-00", "latency": 257}, {"date": "2023-08-17-20-00-00", "latency": 257}, {"date": "2023-08-17-20-00-00", "latency": 257}, {"date": "2023-08-17-16-00-00", "latency": 201}]}, {"location": {"country_code": "jp"}, "game_id": "295590", "values": [{"date": "2023-08-18-02-00-00", "latency": 41}, {"date": "2023-08-18-02-00-00", "latency": 41}, {"date": "2023-08-17-10-00-00", "latency": 204}, {"date": "2023-08-17-10-00-00", "latency": 204}, {"date": "2023-08-17-10-00-00", "latency": 204}, {"date": "2023-08-17-18-00-00", "latency": 49}, {"date": "2023-08-17-18-00-00", "latency": 49}, {"date": "2023-08-17-18-00-00", "latency": 49}, {"date": "2023-08-17-18-00-00", "latency": 49}, {"date": "2023-08-17-18-00-00", "latency": 49}, {"date": "2023-08-17-18-00-00", "latency": 49}, {"date": "2023-08-17-18-00-00", "latency": 49}, {"date": "2023-08-17-18-00-00", "latency": 49}, {"date": "2023-08-17-18-00-00", "latency": 49}, {"date": "2023-08-17-18-00-00", "latency": 49}, {"date": "2023-08-17-18-00-00", "latency": 49}, {"date": "2023-08-17-18-00-00", "latency": 49}, {"date": "2023-08-17-18-00-00", "latency": 49}, {"date": "2023-08-17-18-00-00", "latency": 49}, {"date": "2023-08-17-14-00-00", "latency": 17}, {"date": "2023-08-17-14-00-00", "latency": 17}, {"date": "2023-08-17-14-00-00", "latency": 17}]}, {"location": {"country_code": "ca"}, "game_id": "295590", "values": [{"date": "2023-08-17-07-00-00", "latency": 54}, {"date": "2023-08-17-07-00-00", "latency": 54}, {"date": "2023-08-17-07-00-00", "latency": 79}, {"date": "2023-08-17-07-00-00", "latency": 79}, {"date": "2023-08-17-07-00-00", "latency": 79}, {"date": "2023-08-17-16-00-00", "latency": 63}, {"date": "2023-08-17-16-00-00", "latency": 63}, {"date": "2023-08-17-09-00-00", "latency": 118}, {"date": "2023-08-17-09-00-00", "latency": 118}, {"date": "2023-08-17-09-00-00", "latency": 118}, {"date": "2023-08-17-09-00-00", "latency": 118}, {"date": "2023-08-17-09-00-00", "latency": 118}, {"date": "2023-08-17-09-00-00", "latency": 118}, {"date": "2023-08-17-09-00-00", "latency": 118}, {"date": "2023-08-17-09-00-00", "latency": 118}]}, {"location": {"country_code": "ca", "region": "Alberta"}, "game_id": "295590", "values": [{"date": "2023-08-17-10-00-00", "latency": 94}]}, {"location": {"country_code": "ch"}, "game_id": "295590", "values": [{"date": "2023-08-17-23-00-00", "latency": 92}, {"date": "2023-08-17-23-00-00", "latency": 92}, {"date": "2023-08-17-23-00-00", "latency": 92}]}, {"location": {"country_code": "de"}, "game_id": "295590", "values": [{"date": "2023-08-17-21-00-00", "latency": 27}, {"date": "2023-08-17-16-00-00", "latency": 147}, {"date": "2023-08-17-06-00-00", "latency": 122}, {"date": "2023-08-17-06-00-00", "latency": 122}, {"date": "2023-08-17-06-00-00", "latency": 122}, {"date": "2023-08-17-20-00-00", "latency": 35}, {"date": "2023-08-17-13-00-00", "latency": 94}, {"date": "2023-08-17-13-00-00", "latency": 94}, {"date": "2023-08-17-13-00-00", "latency": 94}, {"date": "2023-08-17-22-00-00", "latency": 40}, {"date": "2023-08-17-18-00-00", "latency": 43}, {"date": "2023-08-18-00-00-00", "latency": 50}]}, {"location": {"country_code": "tw"}, "game_id": "295590", "values": [{"date": "2023-08-17-05-00-00", "latency": 53}]}, {"location": {"country_code": "tw", "region": "New Taipei"}, "game_id": "295590", "values": [{"date": "2023-08-17-11-00-00", "latency": 128}]}, {"location": {"country_code": "br", "region": "Parana", "city": "Araucaria"}, "game_id": "295590", "values": [{"date": "2023-08-18-02-00-00", "latency": 81}, {"date": "2023-08-17-22-00-00", "latency": 47}, {"date": "2023-08-17-13-00-00", "latency": 53}]}, {"location": {"country_code": "us", "region": "Indiana"}, "game_id": "295590", "values": [{"date": "2023-08-17-11-00-00", "latency": 145}, {"date": "2023-08-17-11-00-00", "latency": 145}, {"date": "2023-08-17-11-00-00", "latency": 145}, {"date": "2023-08-17-11-00-00", "latency": 145}, {"date": "2023-08-17-11-00-00", "latency": 145}, {"date": "2023-08-17-11-00-00", "latency": 145}, {"date": "2023-08-17-11-00-00", "latency": 145}]}, {"location": {"country_code": "cl"}, "game_id": "295590", "values": [{"date": "2023-08-17-04-00-00", "latency": 47}, {"date": "2023-08-17-17-00-00", "latency": 107}, {"date": "2023-08-17-17-00-00", "latency": 107}, {"date": "2023-08-17-17-00-00", "latency": 107}, {"date": "2023-08-17-17-00-00", "latency": 107}, {"date": "2023-08-17-17-00-00", "latency": 107}, {"date": "2023-08-17-17-00-00", "latency": 107}, {"date": "2023-08-17-17-00-00", "latency": 107}, {"date": "2023-08-17-17-00-00", "latency": 107}, {"date": "2023-08-17-17-00-00", "latency": 107}, {"date": "2023-08-17-17-00-00", "latency": 107}, {"date": "2023-08-17-17-00-00", "latency": 107}, {"date": "2023-08-17-17-00-00", "latency": 107}, {"date": "2023-08-17-17-00-00", "latency": 107}, {"date": "2023-08-17-17-00-00", "latency": 107}, {"date": "2023-08-18-00-00-00", "latency": 28}, {"date": "2023-08-17-08-00-00", "latency": 92}, {"date": "2023-08-17-08-00-00", "latency": 92}, {"date": "2023-08-17-08-00-00", "latency": 92}, {"date": "2023-08-17-05-00-00", "latency": 49}]}, {"location": {"country_code": "us", "region": "Texas"}, "game_id": "295590", "values": [{"date": "2023-08-17-22-00-00", "latency": 300}]}, {"location": {"country_code": "au", "region": "New South Wales", "city": "Sydney"}, "game_id": "295590", "values": [{"date": "2023-08-17-15-00-00", "latency": 68}, {"date": "2023-08-17-15-00-00", "latency": 68}, {"date": "2023-08-17-15-00-00", "latency": 68}]}, {"location": {"country_code": "us", "region": "Florida"}, "game_id": "295590", "values": [{"date": "2023-08-17-08-00-00", "latency": 94}]}, {"location": {"country_code": "ph"}, "game_id": "295590", "values": [{"date": "2023-08-17-15-00-00", "latency": 21}, {"date": "2023-08-17-15-00-00", "latency": 21}]}, {"location": {"country_code": "fr"}, "game_id": "295590", "values": [{"date": "2023-08-17-16-00-00", "latency": 42}, {"date": "2023-08-17-16-00-00", "latency": 42}, {"date": "2023-08-18-02-00-00", "latency": 67}, {"date": "2023-08-18-02-00-00", "latency": 67}, {"date": "2023-08-18-02-00-00", "latency": 67}, {"date": "2023-08-17-08-00-00", "latency": 35}, {"date": "2023-08-17-08-00-00", "latency": 35}, {"date": "2023-08-18-00-00-00", "latency": 89}]}, {"location": {"country_code": "mx"}, "game_id": "295590", "values": [{"date": "2023-08-17-07-00-00", "latency": 217}, {"date": "2023-08-17-07-00-00", "latency": 217}, {"date": "2023-08-17-07-00-00", "latency": 217}, {"date": "2023-08-17-07-00-00", "latency": 217}, {"date": "2023-08-17-07-00-00", "latency": 217}, {"date": "2023-08-17-07-00-00", "latency": 217}, {"date": "2023-08-17-07-00-00", "latency": 98}, {"date": "2023-08-18-01-00-00", "latency": 120}, {"date": "2023-08-18-01-00-00", "latency": 120}, {"date": "2023-08-18-01-00-00", "latency": 120}, {"date": "2023-08-17-08-00-00", "latency": 78}, {"date": "2023-08-17-08-00-00", "latency": 80}, {"date": "2023-08-17-07-00-00", "latency": 134}, {"date": "2023-08-17-10-00-00", "latency": 127}, {"date": "2023-08-17-10-00-00", "latency": 127}, {"date": "2023-08-17-10-00-00", "latency": 127}, {"date": "2023-08-17-10-00-00", "latency": 127}, {"date": "2023-08-17-10-00-00", "latency": 127}]}, {"location": {"country_code": "mx", "region": "Mexico City"}, "game_id": "295590", "values": [{"date": "2023-08-17-06-00-00", "latency": 97}, {"date": "2023-08-17-06-00-00", "latency": 97}, {"date": "2023-08-17-06-00-00", "latency": 97}, {"date": "2023-08-17-06-00-00", "latency": 97}, {"date": "2023-08-17-06-00-00", "latency": 97}, {"date": "2023-08-17-06-00-00", "latency": 97}]}, {"location": {"country_code": "us", "region": "California"}, "game_id": "295590", "values": [{"date": "2023-08-17-07-00-00", "latency": 134}]}, {"location": {"country_code": "br"}, "game_id": "295590", "values": [{"date": "2023-08-17-18-00-00", "latency": 43}, {"date": "2023-08-18-02-00-00", "latency": 243}, {"date": "2023-08-17-02-00-00", "latency": 104}, {"date": "2023-08-17-02-00-00", "latency": 104}, {"date": "2023-08-17-02-00-00", "latency": 104}, {"date": "2023-08-17-02-00-00", "latency": 104}, {"date": "2023-08-17-02-00-00", "latency": 104}, {"date": "2023-08-17-05-00-00", "latency": 60}, {"date": "2023-08-17-05-00-00", "latency": 60}, {"date": "2023-08-18-01-00-00", "latency": 79}, {"date": "2023-08-18-02-00-00", "latency": 52}, {"date": "2023-08-18-02-00-00", "latency": 52}, {"date": "2023-08-18-02-00-00", "latency": 52}, {"date": "2023-08-18-02-00-00", "latency": 52}, {"date": "2023-08-18-02-00-00", "latency": 52}, {"date": "2023-08-18-02-00-00", "latency": 52}, {"date": "2023-08-17-06-00-00", "latency": 115}, {"date": "2023-08-17-06-00-00", "latency": 115}, {"date": "2023-08-17-04-00-00", "latency": 64}, {"date": "2023-08-18-02-00-00", "latency": 238}, {"date": "2023-08-18-02-00-00", "latency": 73}, {"date": "2023-08-17-04-00-00", "latency": 63}, {"date": "2023-08-17-04-00-00", "latency": 63}, {"date": "2023-08-17-04-00-00", "latency": 63}, {"date": "2023-08-17-04-00-00", "latency": 63}, {"date": "2023-08-17-04-00-00", "latency": 63}]}, {"location": {"country_code": "pt"}, "game_id": "295590", "values": [{"date": "2023-08-18-01-00-00", "latency": 247}]}, {"location": {"country_code": "br", "region": "Sao Paulo", "city": "Apiai"}, "game_id": "295590", "values": [{"date": "2023-08-17-05-00-00", "latency": 234}, {"date": "2023-08-18-02-00-00", "latency": 230}, {"date": "2023-08-17-03-00-00", "latency": 39}, {"date": "2023-08-17-03-00-00", "latency": 39}, {"date": "2023-08-17-03-00-00", "latency": 39}]}, {"location": {"country_code": "se"}, "game_id": "295590", "values": [{"date": "2023-08-17-22-00-00", "latency": 85}, {"date": "2023-08-17-22-00-00", "latency": 85}, {"date": "2023-08-18-00-00-00", "latency": 230}, {"date": "2023-08-17-21-00-00", "latency": 46}]}, {"location": {"country_code": "no"}, "game_id": "295590", "values": [{"date": "2023-08-17-21-00-00", "latency": 83}, {"date": "2023-08-17-21-00-00", "latency": 83}, {"date": "2023-08-17-21-00-00", "latency": 83}, {"date": "2023-08-17-21-00-00", "latency": 83}, {"date": "2023-08-17-21-00-00", "latency": 83}, {"date": "2023-08-17-21-00-00", "latency": 83}, {"date": "2023-08-17-21-00-00", "latency": 83}, {"date": "2023-08-17-21-00-00", "latency": 83}, {"date": "2023-08-17-21-00-00", "latency": 83}]}, {"location": {"country_code": "au"}, "game_id": "295590", "values": [{"date": "2023-08-17-12-00-00", "latency": 63}, {"date": "2023-08-17-15-00-00", "latency": 333}, {"date": "2023-08-17-15-00-00", "latency": 333}, {"date": "2023-08-17-15-00-00", "latency": 333}, {"date": "2023-08-17-15-00-00", "latency": 333}, {"date": "2023-08-17-15-00-00", "latency": 333}, {"date": "2023-08-17-16-00-00", "latency": 40}, {"date": "2023-08-17-18-00-00", "latency": 81}, {"date": "2023-08-17-18-00-00", "latency": 81}, {"date": "2023-08-17-18-00-00", "latency": 81}, {"date": "2023-08-17-18-00-00", "latency": 81}, {"date": "2023-08-17-14-00-00", "latency": 131}, {"date": "2023-08-17-14-00-00", "latency": 131}, {"date": "2023-08-17-07-00-00", "latency": 46}]}, {"location": {"country_code": "td"}, "game_id": "295590", "values": [{"date": "2023-08-18-02-00-00", "latency": 70}, {"date": "2023-08-18-02-00-00", "latency": 70}]}, {"location": {"country_code": "us", "region": "Texas", "city": "Austin"}, "game_id": "295590", "values": [{"date": "2023-08-17-14-00-00", "latency": 71}]}, {"location": {"country_code": "es", "region": "Madrid", "city": "Alcala de Henares"}, "game_id": "295590", "values": [{"date": "2023-08-17-19-00-00", "latency": 69}]}, {"location": {"country_code": "tr"}, "game_id": "295590", "values": [{"date": "2023-08-17-18-00-00", "latency": 143}, {"date": "2023-08-17-06-00-00", "latency": 40}, {"date": "2023-08-17-19-00-00", "latency": 61}, {"date": "2023-08-17-20-00-00", "latency": 82}, {"date": "2023-08-17-21-00-00", "latency": 38}, {"date": "2023-08-18-00-00-00", "latency": 60}, {"date": "2023-08-18-00-00-00", "latency": 60}, {"date": "2023-08-18-00-00-00", "latency": 60}, {"date": "2023-08-18-00-00-00", "latency": 60}, {"date": "2023-08-17-19-00-00", "latency": 33}, {"date": "2023-08-17-19-00-00", "latency": 33}, {"date": "2023-08-17-19-00-00", "latency": 33}, {"date": "2023-08-17-19-00-00", "latency": 33}, {"date": "2023-08-17-19-00-00", "latency": 33}, {"date": "2023-08-17-21-00-00", "latency": 25}, {"date": "2023-08-17-21-00-00", "latency": 25}]}, {"location": {"country_code": "de", "region": "Hesse"}, "game_id": "295590", "values": [{"date": "2023-08-17-20-00-00", "latency": 43}, {"date": "2023-08-17-20-00-00", "latency": 43}]}, {"location": {"country_code": "pl", "region": "Greater Poland Voivodeship"}, "game_id": "295590", "values": [{"date": "2023-08-17-11-00-00", "latency": 132}, {"date": "2023-08-17-11-00-00", "latency": 132}, {"date": "2023-08-17-11-00-00", "latency": 132}, {"date": "2023-08-17-11-00-00", "latency": 132}, {"date": "2023-08-17-11-00-00", "latency": 132}, {"date": "2023-08-17-11-00-00", "latency": 132}, {"date": "2023-08-17-11-00-00", "latency": 132}, {"date": "2023-08-17-11-00-00", "latency": 132}, {"date": "2023-08-17-11-00-00", "latency": 132}, {"date": "2023-08-17-11-00-00", "latency": 132}, {"date": "2023-08-17-11-00-00", "latency": 132}]}, {"location": {"country_code": "ca", "region": "Ontario"}, "game_id": "295590", "values": [{"date": "2023-08-17-03-00-00", "latency": 63}, {"date": "2023-08-17-05-00-00", "latency": 85}, {"date": "2023-08-17-05-00-00", "latency": 85}, {"date": "2023-08-17-05-00-00", "latency": 85}, {"date": "2023-08-17-05-00-00", "latency": 85}, {"date": "2023-08-17-05-00-00", "latency": 85}, {"date": "2023-08-17-05-00-00", "latency": 85}, {"date": "2023-08-17-05-00-00", "latency": 85}]}, {"location": {"country_code": "kr"}, "game_id": "295590", "values": [{"date": "2023-08-17-09-00-00", "latency": 79}, {"date": "2023-08-18-02-00-00", "latency": 113}, {"date": "2023-08-18-02-00-00", "latency": 113}]}, {"location": {"country_code": "es"}, "game_id": "295590", "values": [{"date": "2023-08-17-22-00-00", "latency": 146}, {"date": "2023-08-17-05-00-00", "latency": 66}]}, {"location": {"country_code": "sa"}, "game_id": "295590", "values": [{"date": "2023-08-18-00-00-00", "latency": 169}, {"date": "2023-08-18-00-00-00", "latency": 169}]}, {"location": {"country_code": "ar"}, "game_id": "295590", "values": [{"date": "2023-08-18-01-00-00", "latency": 62}, {"date": "2023-08-18-01-00-00", "latency": 62}, {"date": "2023-08-18-01-00-00", "latency": 62}, {"date": "2023-08-17-08-00-00", "latency": 38}, {"date": "2023-08-18-00-00-00", "latency": 67}, {"date": "2023-08-18-02-00-00", "latency": 69}, {"date": "2023-08-18-02-00-00", "latency": 69}, {"date": "2023-08-18-02-00-00", "latency": 69}, {"date": "2023-08-17-02-00-00", "latency": 240}, {"date": "2023-08-17-12-00-00", "latency": 110}, {"date": "2023-08-17-12-00-00", "latency": 110}, {"date": "2023-08-18-02-00-00", "latency": 58}, {"date": "2023-08-18-02-00-00", "latency": 58}, {"date": "2023-08-17-17-00-00", "latency": 81}]}, {"location": {"country_code": "us", "region": "Michigan", "city": "Detroit"}, "game_id": "295590", "values": [{"date": "2023-08-17-21-00-00", "latency": 48}]}, {"location": {"country_code": "jm"}, "game_id": "295590", "values": [{"date": "2023-08-17-05-00-00", "latency": 76}]}, {"location": {"country_code": "fi"}, "game_id": "295590", "values": [{"date": "2023-08-17-03-00-00", "latency": 57}]}, {"location": {"country_code": "tr", "region": "Ege Bolgesi", "city": "Izmir"}, "game_id": "295590", "values": [{"date": "2023-08-17-03-00-00", "latency": 49}, {"date": "2023-08-17-03-00-00", "latency": 49}, {"date": "2023-08-17-03-00-00", "latency": 49}]}, {"location": {"country_code": "ar", "region": "Buenos Aires"}, "game_id": "295590", "values": [{"date": "2023-08-18-00-00-00", "latency": 64}, {"date": "2023-08-18-00-00-00", "latency": 64}, {"date": "2023-08-18-00-00-00", "latency": 64}, {"date": "2023-08-18-00-00-00", "latency": 64}, {"date": "2023-08-18-00-00-00", "latency": 64}, {"date": "2023-08-18-00-00-00", "latency": 64}]}, {"location": {"country_code": "br", "region": "Maranhao", "city": "Paco do Lumiar"}, "game_id": "295590", "values": [{"date": "2023-08-17-04-00-00", "latency": 102}, {"date": "2023-08-17-04-00-00", "latency": 102}, {"date": "2023-08-17-04-00-00", "latency": 102}, {"date": "2023-08-17-04-00-00", "latency": 102}, {"date": "2023-08-17-04-00-00", "latency": 102}, {"date": "2023-08-17-04-00-00", "latency": 102}, {"date": "2023-08-17-04-00-00", "latency": 102}, {"date": "2023-08-17-04-00-00", "latency": 102}]}, {"location": {"country_code": "hu"}, "game_id": "295590", "values": [{"date": "2023-08-17-20-00-00", "latency": 50}, {"date": "2023-08-17-20-00-00", "latency": 50}]}, {"location": {"country_code": "de", "region": "Bavaria"}, "game_id": "295590", "values": [{"date": "2023-08-17-02-00-00", "latency": 40}, {"date": "2023-08-17-02-00-00", "latency": 40}, {"date": "2023-08-17-02-00-00", "latency": 40}, {"date": "2023-08-17-02-00-00", "latency": 40}]}, {"location": {"country_code": "co"}, "game_id": "295590", "values": [{"date": "2023-08-17-03-00-00", "latency": 135}, {"date": "2023-08-17-03-00-00", "latency": 135}, {"date": "2023-08-17-03-00-00", "latency": 135}, {"date": "2023-08-17-03-00-00", "latency": 135}, {"date": "2023-08-17-05-00-00", "latency": 82}, {"date": "2023-08-17-11-00-00", "latency": 705}, {"date": "2023-08-17-11-00-00", "latency": 705}, {"date": "2023-08-17-05-00-00", "latency": 196}, {"date": "2023-08-17-05-00-00", "latency": 196}, {"date": "2023-08-17-05-00-00", "latency": 196}, {"date": "2023-08-17-05-00-00", "latency": 196}, {"date": "2023-08-17-05-00-00", "latency": 196}, {"date": "2023-08-17-22-00-00", "latency": 72}]}, {"location": {"country_code": "mx", "region": "Veracruz"}, "game_id": "295590", "values": [{"date": "2023-08-17-10-00-00", "latency": 93}, {"date": "2023-08-17-10-00-00", "latency": 93}, {"date": "2023-08-17-10-00-00", "latency": 93}, {"date": "2023-08-17-10-00-00", "latency": 93}]}, {"location": {"country_code": "us", "region": "Utah"}, "game_id": "295590", "values": [{"date": "2023-08-17-05-00-00", "latency": 125}]}, {"location": {"country_code": "cn"}, "game_id": "295590", "values": [{"date": "2023-08-17-16-00-00", "latency": 75}]}, {"location": {"country_code": "be"}, "game_id": "295590", "values": [{"date": "2023-08-17-23-00-00", "latency": 35}, {"date": "2023-08-17-23-00-00", "latency": 35}, {"date": "2023-08-17-23-00-00", "latency": 35}]}, {"location": {"country_code": "us", "region": "Nevada", "city": "Las Vegas"}, "game_id": "295590", "values": [{"date": "2023-08-17-05-00-00", "latency": 98}]}, {"location": {"country_code": "gb", "region": "England", "city": "London"}, "game_id": "295590", "values": [{"date": "2023-08-17-23-00-00", "latency": 111}, {"date": "2023-08-17-23-00-00", "latency": 111}, {"date": "2023-08-17-23-00-00", "latency": 111}, {"date": "2023-08-17-23-00-00", "latency": 111}]}, {"location": {"country_code": "pe"}, "game_id": "295590", "values": [{"date": "2023-08-17-06-00-00", "latency": 153}, {"date": "2023-08-17-04-00-00", "latency": 68}, {"date": "2023-08-17-05-00-00", "latency": 104}, {"date": "2023-08-17-05-00-00", "latency": 104}, {"date": "2023-08-17-05-00-00", "latency": 104}, {"date": "2023-08-17-05-00-00", "latency": 104}, {"date": "2023-08-17-05-00-00", "latency": 104}, {"date": "2023-08-17-05-00-00", "latency": 104}, {"date": "2023-08-17-07-00-00", "latency": 60}]}, {"location": {"country_code": "kr", "region": "Seoul"}, "game_id": "295590", "values": [{"date": "2023-08-17-06-00-00", "latency": 49}]}, {"location": {"country_code": "sg"}, "game_id": "295590", "values": [{"date": "2023-08-17-21-00-00", "latency": 255}, {"date": "2023-08-17-21-00-00", "latency": 255}, {"date": "2023-08-17-21-00-00", "latency": 255}, {"date": "2023-08-17-21-00-00", "latency": 255}, {"date": "2023-08-17-21-00-00", "latency": 255}]}, {"location": {"country_code": "tr", "region": "Marmara Bolgesi", "city": "Istanbul"}, "game_id": "295590", "values": [{"date": "2023-08-17-03-00-00", "latency": 31}, {"date": "2023-08-17-04-00-00", "latency": 98}, {"date": "2023-08-17-04-00-00", "latency": 98}, {"date": "2023-08-17-04-00-00", "latency": 98}]}, {"location": {"country_code": "us", "region": "District of Columbia", "city": "Washington"}, "game_id": "295590", "values": [{"date": "2023-08-18-01-00-00", "latency": 89}, {"date": "2023-08-18-01-00-00", "latency": 89}, {"date": "2023-08-18-01-00-00", "latency": 89}, {"date": "2023-08-18-01-00-00", "latency": 89}, {"date": "2023-08-18-01-00-00", "latency": 89}]}, {"location": {"country_code": "ca", "region": "Ontario", "city": "Toronto"}, "game_id": "295590", "values": [{"date": "2023-08-17-06-00-00", "latency": 54}]}, {"location": {"country_code": "do"}, "game_id": "295590", "values": [{"date": "2023-08-17-05-00-00", "latency": 71}, {"date": "2023-08-17-05-00-00", "latency": 71}, {"date": "2023-08-17-05-00-00", "latency": 71}, {"date": "2023-08-17-05-00-00", "latency": 71}]}, {"location": {"country_code": "ru"}, "game_id": "295590", "values": [{"date": "2023-08-17-19-00-00", "latency": 51}]}, {"location": {"country_code": "mx", "region": "Nuevo Leon", "city": "Monterrey"}, "game_id": "295590", "values": [{"date": "2023-08-17-08-00-00", "latency": 79}, {"date": "2023-08-17-08-00-00", "latency": 69}, {"date": "2023-08-17-08-00-00", "latency": 69}, {"date": "2023-08-17-07-00-00", "latency": 137}]}, {"location": {"country_code": "cl", "region": "Santiago Metropolitan", "city": "Santiago"}, "game_id": "295590", "values": [{"date": "2023-08-17-11-00-00", "latency": 285}, {"date": "2023-08-17-11-00-00", "latency": 285}]}, {"location": {"country_code": "sk"}, "game_id": "295590", "values": [{"date": "2023-08-17-04-00-00", "latency": 66}, {"date": "2023-08-17-04-00-00", "latency": 66}, {"date": "2023-08-17-04-00-00", "latency": 66}]}, {"location": {"country_code": "au", "region": "Western Australia", "city": "Perth"}, "game_id": "295590", "values": [{"date": "2023-08-17-15-00-00", "latency": 105}]}, {"location": {"country_code": "tr", "region": "Marmara Bolgesi", "city": "Bursa"}, "game_id": "295590", "values": [{"date": "2023-08-18-01-00-00", "latency": 38}, {"date": "2023-08-18-01-00-00", "latency": 38}]}, {"location": {"country_code": "br", "region": "State of Rio de Janeiro", "city": "Angra dos Reis"}, "game_id": "295590", "values": [{"date": "2023-08-18-02-00-00", "latency": 75}, {"date": "2023-08-17-08-00-00", "latency": 458}, {"date": "2023-08-18-02-00-00", "latency": 87}, {"date": "2023-08-18-02-00-00", "latency": 87}, {"date": "2023-08-18-02-00-00", "latency": 155}, {"date": "2023-08-18-01-00-00", "latency": 39}]}, {"location": {"country_code": "uy", "region": "Montevideo Department", "city": "Montevideo"}, "game_id": "295590", "values": [{"date": "2023-08-17-16-00-00", "latency": 127}, {"date": "2023-08-17-16-00-00", "latency": 127}, {"date": "2023-08-17-16-00-00", "latency": 127}, {"date": "2023-08-17-16-00-00", "latency": 127}, {"date": "2023-08-17-16-00-00", "latency": 127}, {"date": "2023-08-17-16-00-00", "latency": 127}, {"date": "2023-08-17-16-00-00", "latency": 127}, {"date": "2023-08-17-16-00-00", "latency": 127}, {"date": "2023-08-17-16-00-00", "latency": 127}, {"date": "2023-08-17-16-00-00", "latency": 127}, {"date": "2023-08-17-16-00-00", "latency": 127}, {"date": "2023-08-17-16-00-00", "latency": 127}, {"date": "2023-08-17-16-00-00", "latency": 127}, {"date": "2023-08-17-16-00-00", "latency": 127}, {"date": "2023-08-17-16-00-00", "latency": 127}]}, {"location": {"country_code": "uy"}, "game_id": "295590", "values": [{"date": "2023-08-17-14-00-00", "latency": 53}]}, {"location": {"country_code": "us", "region": "Florida", "city": "Miami"}, "game_id": "295590", "values": [{"date": "2023-08-17-04-00-00", "latency": 86}, {"date": "2023-08-17-04-00-00", "latency": 86}, {"date": "2023-08-17-21-00-00", "latency": 57}, {"date": "2023-08-17-21-00-00", "latency": 57}, {"date": "2023-08-17-21-00-00", "latency": 57}]}, {"location": {"country_code": "us", "region": "Vermont"}, "game_id": "295590", "values": [{"date": "2023-08-18-00-00-00", "latency": 71}]}, {"location": {"country_code": "ca", "region": "Quebec", "city": "Montreal"}, "game_id": "295590", "values": [{"date": "2023-08-17-04-00-00", "latency": 50}, {"date": "2023-08-17-21-00-00", "latency": 146}]}, {"location": {"country_code": "us", "region": "Massachusetts", "city": "Boston"}, "game_id": "295590", "values": [{"date": "2023-08-17-06-00-00", "latency": 48}]}, {"location": {"country_code": "ar", "region": "Buenos Aires", "city": "Mar del Plata"}, "game_id": "295590", "values": [{"date": "2023-08-17-16-00-00", "latency": 65}]}, {"location": {"country_code": "pe", "region": "Lima region", "city": "Lima"}, "game_id": "295590", "values": [{"date": "2023-08-17-05-00-00", "latency": 75}]}, {"location": {"country_code": "by"}, "game_id": "295590", "values": [{"date": "2023-08-17-11-00-00", "latency": 64}, {"date": "2023-08-17-11-00-00", "latency": 64}, {"date": "2023-08-17-11-00-00", "latency": 64}, {"date": "2023-08-17-11-00-00", "latency": 64}, {"date": "2023-08-17-11-00-00", "latency": 64}, {"date": "2023-08-17-11-00-00", "latency": 64}, {"date": "2023-08-17-11-00-00", "latency": 64}, {"date": "2023-08-17-11-00-00", "latency": 64}, {"date": "2023-08-17-11-00-00", "latency": 64}, {"date": "2023-08-17-11-00-00", "latency": 64}, {"date": "2023-08-17-11-00-00", "latency": 64}]}, {"location": {"country_code": "ca", "region": "Manitoba", "city": "Winnipeg"}, "game_id": "295590", "values": [{"date": "2023-08-17-20-00-00", "latency": 31}]}, {"location": {"country_code": "br", "region": "Mato Grosso do Sul", "city": "Campo Grande"}, "game_id": "295590", "values": [{"date": "2023-08-17-16-00-00", "latency": 500}, {"date": "2023-08-17-16-00-00", "latency": 500}]}, {"location": {"country_code": "au", "region": "Queensland", "city": "Brisbane"}, "game_id": "295590", "values": [{"date": "2023-08-17-11-00-00", "latency": 51}]}, {"location": {"country_code": "lv"}, "game_id": "295590", "values": [{"date": "2023-08-17-18-00-00", "latency": 66}, {"date": "2023-08-17-18-00-00", "latency": 66}, {"date": "2023-08-17-18-00-00", "latency": 66}, {"date": "2023-08-17-18-00-00", "latency": 66}, {"date": "2023-08-17-18-00-00", "latency": 66}]}, {"location": {"country_code": "sy"}, "game_id": "295590", "values": [{"date": "2023-08-17-16-00-00", "latency": 85}, {"date": "2023-08-17-16-00-00", "latency": 85}, {"date": "2023-08-17-22-00-00", "latency": 144}]}, {"location": {"country_code": "mx", "region": "Sonora"}, "game_id": "295590", "values": [{"date": "2023-08-17-12-00-00", "latency": 105}, {"date": "2023-08-17-12-00-00", "latency": 105}, {"date": "2023-08-17-12-00-00", "latency": 105}, {"date": "2023-08-17-12-00-00", "latency": 105}]}, {"location": {"country_code": "fr", "region": "Provence-Alpes-Cote d'Azur Region", "city": "Marseille"}, "game_id": "295590", "values": [{"date": "2023-08-17-10-00-00", "latency": 239}]}, {"location": {"country_code": "br", "region": "State of Rio de Janeiro"}, "game_id": "295590", "values": [{"date": "2023-08-17-11-00-00", "latency": 39}]}, {"location": {"country_code": "it", "region": "Lazio", "city": "Rome"}, "game_id": "295590", "values": [{"date": "2023-08-17-16-00-00", "latency": 49}]}, {"location": {"country_code": "de", "region": "Bavaria", "city": "Munich"}, "game_id": "295590", "values": [{"date": "2023-08-17-19-00-00", "latency": 57}, {"date": "2023-08-17-15-00-00", "latency": 47}, {"date": "2023-08-17-15-00-00", "latency": 47}, {"date": "2023-08-17-15-00-00", "latency": 47}]}, {"location": {"country_code": "jm", "region": "Kingston", "city": "Kingston"}, "game_id": "295590", "values": [{"date": "2023-08-17-23-00-00", "latency": 66}]}, {"location": {"country_code": "br", "region": "Sao Paulo", "city": "Santa Cruz das Palmeiras"}, "game_id": "295590", "values": [{"date": "2023-08-17-23-00-00", "latency": 140}, {"date": "2023-08-17-06-00-00", "latency": 28}, {"date": "2023-08-17-06-00-00", "latency": 28}, {"date": "2023-08-17-06-00-00", "latency": 28}, {"date": "2023-08-17-06-00-00", "latency": 28}, {"date": "2023-08-17-06-00-00", "latency": 28}, {"date": "2023-08-17-06-00-00", "latency": 28}, {"date": "2023-08-17-06-00-00", "latency": 28}]}, {"location": {"country_code": "us", "region": "Arkansas"}, "game_id": "295590", "values": [{"date": "2023-08-17-23-00-00", "latency": 77}]}, {"location": {"country_code": "fr", "region": "Centre-Val de Loire"}, "game_id": "295590", "values": [{"date": "2023-08-18-00-00-00", "latency": 57}]}, {"location": {"country_code": "tr", "region": "Marmara Bolgesi"}, "game_id": "295590", "values": [{"date": "2023-08-18-00-00-00", "latency": 53}, {"date": "2023-08-18-00-00-00", "latency": 53}, {"date": "2023-08-18-00-00-00", "latency": 53}, {"date": "2023-08-18-01-00-00", "latency": 137}, {"date": "2023-08-18-01-00-00", "latency": 137}]}, {"location": {"country_code": "ar", "region": "Buenos Aires", "city": "La Plata"}, "game_id": "295590", "values": [{"date": "2023-08-18-02-00-00", "latency": 235}, {"date": "2023-08-18-02-00-00", "latency": 235}, {"date": "2023-08-18-02-00-00", "latency": 235}, {"date": "2023-08-18-02-00-00", "latency": 235}, {"date": "2023-08-18-02-00-00", "latency": 235}, {"date": "2023-08-18-02-00-00", "latency": 235}, {"date": "2023-08-18-02-00-00", "latency": 235}, {"date": "2023-08-18-02-00-00", "latency": 235}, {"date": "2023-08-18-02-00-00", "latency": 235}, {"date": "2023-08-18-02-00-00", "latency": 235}, {"date": "2023-08-18-02-00-00", "latency": 235}, {"date": "2023-08-18-02-00-00", "latency": 235}, {"date": "2023-08-18-02-00-00", "latency": 235}, {"date": "2023-08-18-02-00-00", "latency": 235}, {"date": "2023-08-18-02-00-00", "latency": 235}, {"date": "2023-08-18-02-00-00", "latency": 235}, {"date": "2023-08-18-02-00-00", "latency": 235}, {"date": "2023-08-18-02-00-00", "latency": 235}, {"date": "2023-08-18-02-00-00", "latency": 235}, {"date": "2023-08-18-02-00-00", "latency": 235}, {"date": "2023-08-18-02-00-00", "latency": 235}, {"date": "2023-08-18-02-00-00", "latency": 235}, {"date": "2023-08-18-02-00-00", "latency": 235}, {"date": "2023-08-18-02-00-00", "latency": 235}, {"date": "2023-08-18-02-00-00", "latency": 235}, {"date": "2023-08-18-02-00-00", "latency": 235}, {"date": "2023-08-18-02-00-00", "latency": 235}, {"date": "2023-08-18-02-00-00", "latency": 235}, {"date": "2023-08-18-02-00-00", "latency": 235}, {"date": "2023-08-18-02-00-00", "latency": 235}, {"date": "2023-08-18-02-00-00", "latency": 235}, {"date": "2023-08-18-02-00-00", "latency": 235}, {"date": "2023-08-18-02-00-00", "latency": 235}, {"date": "2023-08-18-02-00-00", "latency": 235}, {"date": "2023-08-18-02-00-00", "latency": 235}, {"date": "2023-08-18-02-00-00", "latency": 235}, {"date": "2023-08-18-02-00-00", "latency": 235}, {"date": "2023-08-18-02-00-00", "latency": 235}, {"date": "2023-08-18-02-00-00", "latency": 235}]}, {"location": {"country_code": "pl", "region": "Masovian Voivodeship", "city": "Warsaw"}, "game_id": "295590", "values": [{"date": "2023-08-17-21-00-00", "latency": 103}]}, {"location": {"country_code": "tr", "region": "Ege Bolgesi", "city": "Aydin"}, "game_id": "295590", "values": [{"date": "2023-08-17-16-00-00", "latency": 83}]}, {"location": {"country_code": "tr", "region": "Akdeniz Bolgesi", "city": "Antalya"}, "game_id": "295590", "values": [{"date": "2023-08-17-11-00-00", "latency": 65}, {"date": "2023-08-17-11-00-00", "latency": 65}, {"date": "2023-08-17-11-00-00", "latency": 65}]}, {"location": {"country_code": "ma"}, "game_id": "295590", "values": [{"date": "2023-08-17-22-00-00", "latency": 73}]}, {"location": {"country_code": "fr", "region": "Alsazia-Champagne-Ardenne-Lorena", "city": "Nancy"}, "game_id": "295590", "values": [{"date": "2023-08-17-13-00-00", "latency": 73}]}, {"location": {"country_code": "cl", "region": "Santiago Metropolitan"}, "game_id": "295590", "values": [{"date": "2023-08-17-03-00-00", "latency": 221}]}, {"location": {"country_code": "ec", "region": "Pichincha"}, "game_id": "295590", "values": [{"date": "2023-08-17-03-00-00", "latency": 145}, {"date": "2023-08-17-03-00-00", "latency": 145}, {"date": "2023-08-17-03-00-00", "latency": 145}, {"date": "2023-08-17-03-00-00", "latency": 145}]}, {"location": {"country_code": "gb", "region": "England", "city": "Preston"}, "game_id": "295590", "values": [{"date": "2023-08-17-12-00-00", "latency": 70}]}, {"location": {"country_code": "kr", "region": "Incheon"}, "game_id": "295590", "values": [{"date": "2023-08-17-15-00-00", "latency": 118}, {"date": "2023-08-17-15-00-00", "latency": 118}, {"date": "2023-08-17-15-00-00", "latency": 118}]}, {"location": {"country_code": "at", "region": "Lower Austria", "city": "Stockerau"}, "game_id": "295590", "values": [{"date": "2023-08-17-21-00-00", "latency": 59}]}, {"location": {"country_code": "ar", "region": "Buenos Aires", "city": "Berazategui"}, "game_id": "295590", "values": [{"date": "2023-08-17-23-00-00", "latency": 59}]}, {"location": {"country_code": "br", "region": "Santa Catarina", "city": "Sao Jose"}, "game_id": "295590", "values": [{"date": "2023-08-18-01-00-00", "latency": 124}]}, {"location": {"country_code": "de", "region": "North Rhine-Westphalia", "city": "Wickede (Ruhr)"}, "game_id": "295590", "values": [{"date": "2023-08-17-13-00-00", "latency": 57}]}, {"location": {"country_code": "pt", "region": "Aveiro District", "city": "Mealhada"}, "game_id": "295590", "values": [{"date": "2023-08-18-01-00-00", "latency": 91}, {"date": "2023-08-18-01-00-00", "latency": 91}]}, {"location": {"country_code": "us", "region": "California", "city": "Carlsbad"}, "game_id": "295590", "values": [{"date": "2023-08-17-12-00-00", "latency": 128}, {"date": "2023-08-17-12-00-00", "latency": 128}, {"date": "2023-08-17-12-00-00", "latency": 128}, {"date": "2023-08-17-12-00-00", "latency": 128}, {"date": "2023-08-17-12-00-00", "latency": 128}, {"date": "2023-08-17-12-00-00", "latency": 128}, {"date": "2023-08-17-12-00-00", "latency": 128}, {"date": "2023-08-17-12-00-00", "latency": 128}]}, {"location": {"country_code": "br", "region": "Sao Paulo", "city": "Guara"}, "game_id": "295590", "values": [{"date": "2023-08-18-01-00-00", "latency": 33}, {"date": "2023-08-18-01-00-00", "latency": 33}]}, {"location": {"country_code": "br", "region": "Acre", "city": "Xapuri"}, "game_id": "295590", "values": [{"date": "2023-08-18-02-00-00", "latency": 178}, {"date": "2023-08-18-02-00-00", "latency": 178}]}, {"location": {"country_code": "bw", "region": "South-East District", "city": "Gaborone"}, "game_id": "295590", "values": [{"date": "2023-08-18-01-00-00", "latency": 355}, {"date": "2023-08-18-01-00-00", "latency": 355}, {"date": "2023-08-18-01-00-00", "latency": 355}, {"date": "2023-08-18-01-00-00", "latency": 355}, {"date": "2023-08-18-01-00-00", "latency": 355}]}], "last_updated": 1719927551.772642}