{"data": [{"location": {"country_code": "us", "region": "Georgia"}, "game_id": "970338", "values": [{"date": "2023-08-17-08-00-00", "latency": 58}]}, {"location": {"country_code": "jp"}, "game_id": "970338", "values": [{"date": "2023-08-18-00-00-00", "latency": 272}, {"date": "2023-08-18-00-00-00", "latency": 272}]}, {"location": {"country_code": "ca"}, "game_id": "970338", "values": [{"date": "2023-08-18-00-00-00", "latency": 74}]}, {"location": {"country_code": "de"}, "game_id": "970338", "values": [{"date": "2023-08-18-00-00-00", "latency": 119}, {"date": "2023-08-18-00-00-00", "latency": 119}, {"date": "2023-08-18-00-00-00", "latency": 129}, {"date": "2023-08-18-00-00-00", "latency": 129}, {"date": "2023-08-18-00-00-00", "latency": 129}, {"date": "2023-08-18-00-00-00", "latency": 129}, {"date": "2023-08-17-22-00-00", "latency": 109}, {"date": "2023-08-17-22-00-00", "latency": 109}]}, {"location": {"country_code": "fr"}, "game_id": "970338", "values": [{"date": "2023-08-17-04-00-00", "latency": 135}, {"date": "2023-08-17-04-00-00", "latency": 135}, {"date": "2023-08-17-04-00-00", "latency": 135}, {"date": "2023-08-17-04-00-00", "latency": 135}, {"date": "2023-08-18-00-00-00", "latency": 97}, {"date": "2023-08-18-00-00-00", "latency": 97}, {"date": "2023-08-18-00-00-00", "latency": 97}, {"date": "2023-08-18-01-00-00", "latency": 109}, {"date": "2023-08-18-01-00-00", "latency": 109}, {"date": "2023-08-18-01-00-00", "latency": 109}, {"date": "2023-08-18-01-00-00", "latency": 109}]}, {"location": {"country_code": "at"}, "game_id": "970338", "values": [{"date": "2023-08-17-21-00-00", "latency": 58}, {"date": "2023-08-17-21-00-00", "latency": 58}, {"date": "2023-08-17-21-00-00", "latency": 58}]}, {"location": {"country_code": "us", "region": "Arizona", "city": "Phoenix"}, "game_id": "970338", "values": [{"date": "2023-08-17-03-00-00", "latency": 106}]}, {"location": {"country_code": "ie"}, "game_id": "970338", "values": [{"date": "2023-08-17-21-00-00", "latency": 70}, {"date": "2023-08-17-21-00-00", "latency": 70}]}, {"location": {"country_code": "ru"}, "game_id": "970338", "values": [{"date": "2023-08-17-18-00-00", "latency": 127}]}, {"location": {"country_code": "us", "region": "Wisconsin"}, "game_id": "970338", "values": [{"date": "2023-08-17-08-00-00", "latency": 121}, {"date": "2023-08-17-08-00-00", "latency": 121}, {"date": "2023-08-17-08-00-00", "latency": 121}]}, {"location": {"country_code": "us", "region": "Kentucky"}, "game_id": "970338", "values": [{"date": "2023-08-17-23-00-00", "latency": 53}, {"date": "2023-08-17-23-00-00", "latency": 53}]}, {"location": {"country_code": "by"}, "game_id": "970338", "values": [{"date": "2023-08-18-00-00-00", "latency": 54}, {"date": "2023-08-18-00-00-00", "latency": 54}, {"date": "2023-08-18-00-00-00", "latency": 54}]}, {"location": {"country_code": "de", "region": "Free State of Thuringia"}, "game_id": "970338", "values": [{"date": "2023-08-17-03-00-00", "latency": 62}, {"date": "2023-08-17-03-00-00", "latency": 62}, {"date": "2023-08-17-03-00-00", "latency": 62}, {"date": "2023-08-17-03-00-00", "latency": 62}, {"date": "2023-08-17-03-00-00", "latency": 62}]}, {"location": {"country_code": "fr", "region": "Normandy", "city": "Caen"}, "game_id": "970338", "values": [{"date": "2023-08-17-04-00-00", "latency": 132}]}, {"location": {"country_code": "il"}, "game_id": "970338", "values": [{"date": "2023-08-17-12-00-00", "latency": 92}, {"date": "2023-08-17-12-00-00", "latency": 92}, {"date": "2023-08-17-12-00-00", "latency": 92}, {"date": "2023-08-17-12-00-00", "latency": 92}]}, {"location": {"country_code": "us", "region": "California", "city": "Lancaster"}, "game_id": "970338", "values": [{"date": "2023-08-17-06-00-00", "latency": 103}]}], "last_updated": 1719927575.127112}