{"data": [{"location": {"country_code": "us"}, "game_id": "742409", "values": [{"date": "2023-11-04-06-00-00", "latency": 27}, {"date": "2023-11-04-19-00-00", "latency": 81}, {"date": "2023-11-04-19-00-00", "latency": 81}, {"date": "2023-11-04-19-00-00", "latency": 81}]}, {"location": {"country_code": "eg"}, "game_id": "742409", "values": [{"date": "2023-11-04-11-00-00", "latency": 14}, {"date": "2023-11-04-11-00-00", "latency": 14}, {"date": "2023-11-04-11-00-00", "latency": 14}, {"date": "2023-11-04-11-00-00", "latency": 14}]}, {"location": {"country_code": "gb"}, "game_id": "742409", "values": [{"date": "2023-11-04-23-00-00", "latency": 37}, {"date": "2023-11-04-23-00-00", "latency": 37}, {"date": "2023-11-04-23-00-00", "latency": 37}, {"date": "2023-11-04-23-00-00", "latency": 37}, {"date": "2023-11-04-23-00-00", "latency": 37}, {"date": "2023-11-04-23-00-00", "latency": 37}, {"date": "2023-11-04-23-00-00", "latency": 37}, {"date": "2023-11-04-23-00-00", "latency": 37}, {"date": "2023-11-04-13-00-00", "latency": 16}, {"date": "2023-11-04-13-00-00", "latency": 16}, {"date": "2023-11-04-13-00-00", "latency": 16}, {"date": "2023-11-04-13-00-00", "latency": 16}, {"date": "2023-11-04-13-00-00", "latency": 16}, {"date": "2023-11-04-13-00-00", "latency": 16}, {"date": "2023-11-04-13-00-00", "latency": 16}, {"date": "2023-11-04-13-00-00", "latency": 16}, {"date": "2023-11-04-13-00-00", "latency": 16}, {"date": "2023-11-04-13-00-00", "latency": 16}, {"date": "2023-11-04-13-00-00", "latency": 16}, {"date": "2023-11-04-13-00-00", "latency": 16}, {"date": "2023-11-04-13-00-00", "latency": 16}, {"date": "2023-11-04-13-00-00", "latency": 16}, {"date": "2023-11-04-13-00-00", "latency": 16}, {"date": "2023-11-04-13-00-00", "latency": 16}, {"date": "2023-11-04-13-00-00", "latency": 16}, {"date": "2023-11-04-13-00-00", "latency": 16}, {"date": "2023-11-04-13-00-00", "latency": 16}, {"date": "2023-11-04-13-00-00", "latency": 16}, {"date": "2023-11-04-13-00-00", "latency": 16}, {"date": "2023-11-04-13-00-00", "latency": 16}, {"date": "2023-11-04-13-00-00", "latency": 16}, {"date": "2023-11-04-13-00-00", "latency": 16}, {"date": "2023-11-04-13-00-00", "latency": 16}, {"date": "2023-11-04-13-00-00", "latency": 16}, {"date": "2023-11-04-13-00-00", "latency": 16}, {"date": "2023-11-04-13-00-00", "latency": 16}, {"date": "2023-11-04-13-00-00", "latency": 16}, {"date": "2023-11-04-13-00-00", "latency": 16}, {"date": "2023-11-04-13-00-00", "latency": 16}, {"date": "2023-11-04-13-00-00", "latency": 16}, {"date": "2023-11-04-13-00-00", "latency": 16}, {"date": "2023-11-04-13-00-00", "latency": 16}, {"date": "2023-11-04-13-00-00", "latency": 16}, {"date": "2023-11-04-13-00-00", "latency": 16}, {"date": "2023-11-04-13-00-00", "latency": 16}, {"date": "2023-11-04-13-00-00", "latency": 16}, {"date": "2023-11-04-13-00-00", "latency": 16}, {"date": "2023-11-04-14-00-00", "latency": 28}, {"date": "2023-11-04-14-00-00", "latency": 28}, {"date": "2023-11-04-14-00-00", "latency": 28}, {"date": "2023-11-04-14-00-00", "latency": 28}, {"date": "2023-11-04-14-00-00", "latency": 28}, {"date": "2023-11-04-14-00-00", "latency": 28}, {"date": "2023-11-04-14-00-00", "latency": 28}, {"date": "2023-11-04-14-00-00", "latency": 28}, {"date": "2023-11-04-14-00-00", "latency": 28}, {"date": "2023-11-04-14-00-00", "latency": 28}, {"date": "2023-11-04-14-00-00", "latency": 28}, {"date": "2023-11-04-14-00-00", "latency": 28}, {"date": "2023-11-04-14-00-00", "latency": 28}, {"date": "2023-11-04-14-00-00", "latency": 28}, {"date": "2023-11-04-14-00-00", "latency": 28}, {"date": "2023-11-04-14-00-00", "latency": 28}, {"date": "2023-11-04-14-00-00", "latency": 28}, {"date": "2023-11-04-14-00-00", "latency": 28}, {"date": "2023-11-04-14-00-00", "latency": 28}, {"date": "2023-11-04-14-00-00", "latency": 28}, {"date": "2023-11-04-14-00-00", "latency": 28}, {"date": "2023-11-04-14-00-00", "latency": 28}, {"date": "2023-11-04-14-00-00", "latency": 28}, {"date": "2023-11-04-14-00-00", "latency": 28}, {"date": "2023-11-04-14-00-00", "latency": 28}, {"date": "2023-11-04-14-00-00", "latency": 28}, {"date": "2023-11-04-14-00-00", "latency": 28}, {"date": "2023-11-04-14-00-00", "latency": 28}, {"date": "2023-11-04-14-00-00", "latency": 28}]}, {"location": {"country_code": "gr"}, "game_id": "742409", "values": [{"date": "2023-11-04-06-00-00", "latency": 29}, {"date": "2023-11-04-06-00-00", "latency": 29}, {"date": "2023-11-04-06-00-00", "latency": 29}, {"date": "2023-11-04-06-00-00", "latency": 29}, {"date": "2023-11-04-06-00-00", "latency": 29}, {"date": "2023-11-04-06-00-00", "latency": 29}, {"date": "2023-11-04-10-00-00", "latency": 52}, {"date": "2023-11-04-10-00-00", "latency": 52}]}, {"location": {"country_code": "nl"}, "game_id": "742409", "values": [{"date": "2023-11-05-01-00-00", "latency": 26}, {"date": "2023-11-05-01-00-00", "latency": 26}]}, {"location": {"country_code": "cz"}, "game_id": "742409", "values": [{"date": "2023-11-04-22-00-00", "latency": 47}, {"date": "2023-11-04-22-00-00", "latency": 47}, {"date": "2023-11-04-22-00-00", "latency": 47}, {"date": "2023-11-04-22-00-00", "latency": 47}, {"date": "2023-11-04-22-00-00", "latency": 47}, {"date": "2023-11-04-22-00-00", "latency": 47}, {"date": "2023-11-04-22-00-00", "latency": 47}, {"date": "2023-11-04-22-00-00", "latency": 47}, {"date": "2023-11-04-22-00-00", "latency": 47}, {"date": "2023-11-04-22-00-00", "latency": 47}]}, {"location": {"country_code": "ro"}, "game_id": "742409", "values": [{"date": "2023-11-05-00-00-00", "latency": 41}, {"date": "2023-11-05-00-00-00", "latency": 41}, {"date": "2023-11-05-00-00-00", "latency": 41}, {"date": "2023-11-05-00-00-00", "latency": 41}, {"date": "2023-11-05-00-00-00", "latency": 41}, {"date": "2023-11-04-12-00-00", "latency": 46}, {"date": "2023-11-04-12-00-00", "latency": 46}, {"date": "2023-11-04-12-00-00", "latency": 46}, {"date": "2023-11-04-12-00-00", "latency": 46}, {"date": "2023-11-04-12-00-00", "latency": 46}, {"date": "2023-11-04-12-00-00", "latency": 46}, {"date": "2023-11-04-12-00-00", "latency": 46}, {"date": "2023-11-04-12-00-00", "latency": 46}, {"date": "2023-11-04-12-00-00", "latency": 46}, {"date": "2023-11-04-12-00-00", "latency": 46}, {"date": "2023-11-04-12-00-00", "latency": 46}, {"date": "2023-11-04-12-00-00", "latency": 46}, {"date": "2023-11-04-12-00-00", "latency": 46}, {"date": "2023-11-04-12-00-00", "latency": 46}, {"date": "2023-11-04-12-00-00", "latency": 46}, {"date": "2023-11-04-12-00-00", "latency": 46}, {"date": "2023-11-04-12-00-00", "latency": 46}, {"date": "2023-11-04-12-00-00", "latency": 46}, {"date": "2023-11-04-16-00-00", "latency": 55}, {"date": "2023-11-04-16-00-00", "latency": 55}, {"date": "2023-11-04-16-00-00", "latency": 55}, {"date": "2023-11-04-16-00-00", "latency": 55}, {"date": "2023-11-04-23-00-00", "latency": 63}, {"date": "2023-11-04-23-00-00", "latency": 63}, {"date": "2023-11-04-23-00-00", "latency": 63}]}, {"location": {"country_code": "za"}, "game_id": "742409", "values": [{"date": "2023-11-04-18-00-00", "latency": 212}]}, {"location": {"country_code": "jp"}, "game_id": "742409", "values": [{"date": "2023-11-04-22-00-00", "latency": 76}, {"date": "2023-11-04-22-00-00", "latency": 76}, {"date": "2023-11-04-22-00-00", "latency": 76}, {"date": "2023-11-04-22-00-00", "latency": 76}, {"date": "2023-11-04-22-00-00", "latency": 76}, {"date": "2023-11-04-04-00-00", "latency": 82}, {"date": "2023-11-04-04-00-00", "latency": 82}, {"date": "2023-11-04-04-00-00", "latency": 82}, {"date": "2023-11-04-04-00-00", "latency": 82}, {"date": "2023-11-04-08-00-00", "latency": 96}, {"date": "2023-11-04-08-00-00", "latency": 96}, {"date": "2023-11-04-08-00-00", "latency": 96}, {"date": "2023-11-04-08-00-00", "latency": 96}, {"date": "2023-11-04-08-00-00", "latency": 96}, {"date": "2023-11-04-08-00-00", "latency": 96}]}, {"location": {"country_code": "de"}, "game_id": "742409", "values": [{"date": "2023-11-04-17-00-00", "latency": 40}, {"date": "2023-11-04-17-00-00", "latency": 40}, {"date": "2023-11-04-17-00-00", "latency": 40}, {"date": "2023-11-04-17-00-00", "latency": 40}, {"date": "2023-11-04-17-00-00", "latency": 40}, {"date": "2023-11-04-17-00-00", "latency": 40}, {"date": "2023-11-04-17-00-00", "latency": 40}, {"date": "2023-11-04-17-00-00", "latency": 40}, {"date": "2023-11-04-23-00-00", "latency": 14}, {"date": "2023-11-04-23-00-00", "latency": 14}]}, {"location": {"country_code": "tw"}, "game_id": "742409", "values": [{"date": "2023-11-04-13-00-00", "latency": 70}, {"date": "2023-11-04-13-00-00", "latency": 70}, {"date": "2023-11-04-13-00-00", "latency": 70}, {"date": "2023-11-04-13-00-00", "latency": 70}, {"date": "2023-11-04-13-00-00", "latency": 70}, {"date": "2023-11-04-13-00-00", "latency": 70}, {"date": "2023-11-04-13-00-00", "latency": 70}, {"date": "2023-11-04-07-00-00", "latency": 75}, {"date": "2023-11-04-07-00-00", "latency": 75}]}, {"location": {"country_code": "fr"}, "game_id": "742409", "values": [{"date": "2023-11-05-01-00-00", "latency": 39}, {"date": "2023-11-05-01-00-00", "latency": 39}, {"date": "2023-11-05-01-00-00", "latency": 39}, {"date": "2023-11-05-01-00-00", "latency": 39}, {"date": "2023-11-05-01-00-00", "latency": 39}, {"date": "2023-11-05-01-00-00", "latency": 39}, {"date": "2023-11-05-01-00-00", "latency": 39}, {"date": "2023-11-05-01-00-00", "latency": 39}, {"date": "2023-11-05-01-00-00", "latency": 39}, {"date": "2023-11-05-01-00-00", "latency": 39}]}, {"location": {"country_code": "rs"}, "game_id": "742409", "values": [{"date": "2023-11-04-23-00-00", "latency": 143}, {"date": "2023-11-04-23-00-00", "latency": 143}, {"date": "2023-11-05-00-00-00", "latency": 27}, {"date": "2023-11-05-00-00-00", "latency": 27}, {"date": "2023-11-05-00-00-00", "latency": 27}, {"date": "2023-11-05-00-00-00", "latency": 27}, {"date": "2023-11-05-00-00-00", "latency": 27}]}, {"location": {"country_code": "br"}, "game_id": "742409", "values": [{"date": "2023-11-04-11-00-00", "latency": 53}, {"date": "2023-11-04-11-00-00", "latency": 53}, {"date": "2023-11-04-11-00-00", "latency": 53}]}, {"location": {"country_code": "se"}, "game_id": "742409", "values": [{"date": "2023-11-04-23-00-00", "latency": 32}, {"date": "2023-11-04-23-00-00", "latency": 32}, {"date": "2023-11-04-23-00-00", "latency": 32}, {"date": "2023-11-04-23-00-00", "latency": 32}, {"date": "2023-11-04-23-00-00", "latency": 32}, {"date": "2023-11-04-16-00-00", "latency": 34}, {"date": "2023-11-04-16-00-00", "latency": 34}, {"date": "2023-11-04-16-00-00", "latency": 34}, {"date": "2023-11-04-16-00-00", "latency": 34}, {"date": "2023-11-04-16-00-00", "latency": 34}, {"date": "2023-11-04-16-00-00", "latency": 34}, {"date": "2023-11-04-16-00-00", "latency": 34}, {"date": "2023-11-04-16-00-00", "latency": 34}, {"date": "2023-11-04-16-00-00", "latency": 34}, {"date": "2023-11-04-16-00-00", "latency": 34}, {"date": "2023-11-04-16-00-00", "latency": 34}, {"date": "2023-11-04-16-00-00", "latency": 34}, {"date": "2023-11-04-16-00-00", "latency": 34}, {"date": "2023-11-04-16-00-00", "latency": 34}, {"date": "2023-11-04-16-00-00", "latency": 34}]}, {"location": {"country_code": "jp", "region": "Fukuoka"}, "game_id": "742409", "values": [{"date": "2023-11-04-14-00-00", "latency": 95}, {"date": "2023-11-04-14-00-00", "latency": 95}, {"date": "2023-11-04-14-00-00", "latency": 95}, {"date": "2023-11-04-14-00-00", "latency": 95}, {"date": "2023-11-04-14-00-00", "latency": 95}, {"date": "2023-11-04-14-00-00", "latency": 95}, {"date": "2023-11-04-14-00-00", "latency": 95}, {"date": "2023-11-04-14-00-00", "latency": 95}]}, {"location": {"country_code": "es", "region": "Madrid", "city": "Parla"}, "game_id": "742409", "values": [{"date": "2023-11-04-18-00-00", "latency": 29}, {"date": "2023-11-04-18-00-00", "latency": 29}, {"date": "2023-11-04-18-00-00", "latency": 29}, {"date": "2023-11-04-18-00-00", "latency": 29}, {"date": "2023-11-04-18-00-00", "latency": 29}, {"date": "2023-11-04-18-00-00", "latency": 29}, {"date": "2023-11-04-18-00-00", "latency": 29}, {"date": "2023-11-04-18-00-00", "latency": 29}, {"date": "2023-11-04-18-00-00", "latency": 29}, {"date": "2023-11-04-18-00-00", "latency": 29}, {"date": "2023-11-04-18-00-00", "latency": 29}, {"date": "2023-11-04-18-00-00", "latency": 29}, {"date": "2023-11-04-18-00-00", "latency": 29}, {"date": "2023-11-04-18-00-00", "latency": 29}, {"date": "2023-11-04-18-00-00", "latency": 29}, {"date": "2023-11-04-18-00-00", "latency": 29}, {"date": "2023-11-04-18-00-00", "latency": 29}, {"date": "2023-11-04-18-00-00", "latency": 29}, {"date": "2023-11-04-18-00-00", "latency": 29}, {"date": "2023-11-04-18-00-00", "latency": 29}, {"date": "2023-11-04-18-00-00", "latency": 29}, {"date": "2023-11-04-18-00-00", "latency": 29}]}, {"location": {"country_code": "es"}, "game_id": "742409", "values": [{"date": "2023-11-04-23-00-00", "latency": 70}, {"date": "2023-11-04-23-00-00", "latency": 70}, {"date": "2023-11-04-23-00-00", "latency": 70}, {"date": "2023-11-04-23-00-00", "latency": 70}, {"date": "2023-11-04-23-00-00", "latency": 70}, {"date": "2023-11-04-23-00-00", "latency": 70}]}, {"location": {"country_code": "pl"}, "game_id": "742409", "values": [{"date": "2023-11-05-00-00-00", "latency": 37}, {"date": "2023-11-05-00-00-00", "latency": 37}, {"date": "2023-11-05-00-00-00", "latency": 37}, {"date": "2023-11-05-00-00-00", "latency": 37}, {"date": "2023-11-05-00-00-00", "latency": 37}, {"date": "2023-11-05-00-00-00", "latency": 37}, {"date": "2023-11-05-00-00-00", "latency": 37}]}, {"location": {"country_code": "ua"}, "game_id": "742409", "values": [{"date": "2023-11-04-22-00-00", "latency": 34}, {"date": "2023-11-04-22-00-00", "latency": 34}, {"date": "2023-11-04-22-00-00", "latency": 34}, {"date": "2023-11-04-22-00-00", "latency": 34}, {"date": "2023-11-04-22-00-00", "latency": 34}, {"date": "2023-11-04-22-00-00", "latency": 34}, {"date": "2023-11-04-22-00-00", "latency": 34}, {"date": "2023-11-04-22-00-00", "latency": 34}, {"date": "2023-11-04-22-00-00", "latency": 34}, {"date": "2023-11-04-22-00-00", "latency": 34}, {"date": "2023-11-04-22-00-00", "latency": 34}, {"date": "2023-11-04-22-00-00", "latency": 34}, {"date": "2023-11-04-22-00-00", "latency": 34}, {"date": "2023-11-04-14-00-00", "latency": 41}, {"date": "2023-11-04-14-00-00", "latency": 41}, {"date": "2023-11-04-14-00-00", "latency": 41}, {"date": "2023-11-04-14-00-00", "latency": 41}, {"date": "2023-11-04-14-00-00", "latency": 41}, {"date": "2023-11-04-14-00-00", "latency": 41}, {"date": "2023-11-04-14-00-00", "latency": 41}, {"date": "2023-11-04-14-00-00", "latency": 41}, {"date": "2023-11-04-10-00-00", "latency": 36}, {"date": "2023-11-04-10-00-00", "latency": 36}, {"date": "2023-11-04-10-00-00", "latency": 36}, {"date": "2023-11-04-10-00-00", "latency": 36}, {"date": "2023-11-04-10-00-00", "latency": 36}, {"date": "2023-11-04-10-00-00", "latency": 36}, {"date": "2023-11-04-10-00-00", "latency": 36}, {"date": "2023-11-04-10-00-00", "latency": 36}, {"date": "2023-11-04-10-00-00", "latency": 36}, {"date": "2023-11-04-10-00-00", "latency": 36}, {"date": "2023-11-04-10-00-00", "latency": 36}, {"date": "2023-11-04-10-00-00", "latency": 36}, {"date": "2023-11-04-10-00-00", "latency": 36}, {"date": "2023-11-04-10-00-00", "latency": 36}, {"date": "2023-11-04-10-00-00", "latency": 36}, {"date": "2023-11-04-19-00-00", "latency": 30}, {"date": "2023-11-04-19-00-00", "latency": 30}, {"date": "2023-11-04-19-00-00", "latency": 30}, {"date": "2023-11-04-19-00-00", "latency": 30}, {"date": "2023-11-04-19-00-00", "latency": 30}, {"date": "2023-11-04-19-00-00", "latency": 30}, {"date": "2023-11-04-19-00-00", "latency": 30}, {"date": "2023-11-04-19-00-00", "latency": 30}, {"date": "2023-11-04-19-00-00", "latency": 30}, {"date": "2023-11-04-19-00-00", "latency": 30}, {"date": "2023-11-04-19-00-00", "latency": 30}, {"date": "2023-11-04-19-00-00", "latency": 30}, {"date": "2023-11-04-19-00-00", "latency": 30}, {"date": "2023-11-04-19-00-00", "latency": 30}, {"date": "2023-11-04-21-00-00", "latency": 39}, {"date": "2023-11-04-21-00-00", "latency": 39}, {"date": "2023-11-04-21-00-00", "latency": 39}, {"date": "2023-11-04-21-00-00", "latency": 39}, {"date": "2023-11-04-21-00-00", "latency": 39}, {"date": "2023-11-04-21-00-00", "latency": 39}, {"date": "2023-11-04-21-00-00", "latency": 39}, {"date": "2023-11-04-21-00-00", "latency": 39}, {"date": "2023-11-04-21-00-00", "latency": 39}, {"date": "2023-11-04-21-00-00", "latency": 39}]}, {"location": {"country_code": "sk"}, "game_id": "742409", "values": [{"date": "2023-11-04-22-00-00", "latency": 43}]}, {"location": {"country_code": "fr", "region": "Ile-de-France Region"}, "game_id": "742409", "values": [{"date": "2023-11-05-01-00-00", "latency": 20}, {"date": "2023-11-05-01-00-00", "latency": 20}, {"date": "2023-11-05-01-00-00", "latency": 20}, {"date": "2023-11-05-01-00-00", "latency": 20}, {"date": "2023-11-05-01-00-00", "latency": 20}, {"date": "2023-11-05-01-00-00", "latency": 20}, {"date": "2023-11-05-01-00-00", "latency": 20}]}, {"location": {"country_code": "hr"}, "game_id": "742409", "values": [{"date": "2023-11-04-01-00-00", "latency": 40}, {"date": "2023-11-04-01-00-00", "latency": 40}, {"date": "2023-11-04-01-00-00", "latency": 40}, {"date": "2023-11-04-01-00-00", "latency": 40}]}, {"location": {"country_code": "ua", "region": "Kharkiv Oblast", "city": "Kharkiv"}, "game_id": "742409", "values": [{"date": "2023-11-04-11-00-00", "latency": 31}, {"date": "2023-11-04-11-00-00", "latency": 31}, {"date": "2023-11-04-11-00-00", "latency": 31}, {"date": "2023-11-04-11-00-00", "latency": 31}, {"date": "2023-11-04-11-00-00", "latency": 31}, {"date": "2023-11-04-11-00-00", "latency": 31}, {"date": "2023-11-04-11-00-00", "latency": 31}, {"date": "2023-11-04-11-00-00", "latency": 31}, {"date": "2023-11-04-11-00-00", "latency": 31}]}, {"location": {"country_code": "fr", "region": "Occitanie"}, "game_id": "742409", "values": [{"date": "2023-11-04-19-00-00", "latency": 43}, {"date": "2023-11-04-19-00-00", "latency": 43}, {"date": "2023-11-04-19-00-00", "latency": 43}, {"date": "2023-11-04-19-00-00", "latency": 43}, {"date": "2023-11-04-19-00-00", "latency": 43}, {"date": "2023-11-04-19-00-00", "latency": 43}, {"date": "2023-11-04-19-00-00", "latency": 43}, {"date": "2023-11-04-19-00-00", "latency": 43}, {"date": "2023-11-04-19-00-00", "latency": 43}, {"date": "2023-11-04-19-00-00", "latency": 43}, {"date": "2023-11-04-19-00-00", "latency": 43}, {"date": "2023-11-04-19-00-00", "latency": 43}]}, {"location": {"country_code": "de", "region": "Baden-Wurttemberg"}, "game_id": "742409", "values": [{"date": "2023-11-05-01-00-00", "latency": 26}, {"date": "2023-11-05-01-00-00", "latency": 26}, {"date": "2023-11-05-01-00-00", "latency": 26}, {"date": "2023-11-05-01-00-00", "latency": 26}, {"date": "2023-11-05-01-00-00", "latency": 26}]}, {"location": {"country_code": "jm", "region": "Kingston", "city": "Kingston"}, "game_id": "742409", "values": [{"date": "2023-11-04-15-00-00", "latency": 10}, {"date": "2023-11-04-15-00-00", "latency": 10}, {"date": "2023-11-04-15-00-00", "latency": 10}, {"date": "2023-11-04-15-00-00", "latency": 10}, {"date": "2023-11-04-15-00-00", "latency": 10}, {"date": "2023-11-04-15-00-00", "latency": 10}, {"date": "2023-11-04-15-00-00", "latency": 10}, {"date": "2023-11-04-15-00-00", "latency": 10}, {"date": "2023-11-04-15-00-00", "latency": 10}, {"date": "2023-11-04-15-00-00", "latency": 10}, {"date": "2023-11-04-15-00-00", "latency": 10}, {"date": "2023-11-04-15-00-00", "latency": 10}, {"date": "2023-11-04-15-00-00", "latency": 10}, {"date": "2023-11-04-15-00-00", "latency": 10}, {"date": "2023-11-04-15-00-00", "latency": 10}, {"date": "2023-11-04-15-00-00", "latency": 10}, {"date": "2023-11-04-15-00-00", "latency": 10}, {"date": "2023-11-04-15-00-00", "latency": 10}, {"date": "2023-11-04-15-00-00", "latency": 10}, {"date": "2023-11-04-15-00-00", "latency": 10}, {"date": "2023-11-04-15-00-00", "latency": 10}, {"date": "2023-11-04-15-00-00", "latency": 10}, {"date": "2023-11-04-15-00-00", "latency": 10}, {"date": "2023-11-04-15-00-00", "latency": 10}, {"date": "2023-11-04-15-00-00", "latency": 10}]}, {"location": {"country_code": "mt"}, "game_id": "742409", "values": [{"date": "2023-11-04-22-00-00", "latency": 35}, {"date": "2023-11-04-22-00-00", "latency": 35}, {"date": "2023-11-04-22-00-00", "latency": 35}, {"date": "2023-11-04-22-00-00", "latency": 35}, {"date": "2023-11-04-22-00-00", "latency": 35}, {"date": "2023-11-04-22-00-00", "latency": 35}]}, {"location": {"country_code": "at", "region": "Tyrol"}, "game_id": "742409", "values": [{"date": "2023-11-04-09-00-00", "latency": 55}, {"date": "2023-11-04-09-00-00", "latency": 55}, {"date": "2023-11-04-09-00-00", "latency": 55}, {"date": "2023-11-04-09-00-00", "latency": 55}]}, {"location": {"country_code": "jp", "region": "Hiroshima"}, "game_id": "742409", "values": [{"date": "2023-11-04-07-00-00", "latency": 93}]}, {"location": {"country_code": "rs", "region": "Vojvodina", "city": "Novi Sad"}, "game_id": "742409", "values": [{"date": "2023-11-04-01-00-00", "latency": 50}, {"date": "2023-11-04-01-00-00", "latency": 50}, {"date": "2023-11-04-01-00-00", "latency": 50}, {"date": "2023-11-04-01-00-00", "latency": 50}, {"date": "2023-11-04-01-00-00", "latency": 50}, {"date": "2023-11-04-01-00-00", "latency": 50}, {"date": "2023-11-04-01-00-00", "latency": 50}, {"date": "2023-11-04-01-00-00", "latency": 50}, {"date": "2023-11-04-01-00-00", "latency": 50}, {"date": "2023-11-04-01-00-00", "latency": 50}, {"date": "2023-11-04-01-00-00", "latency": 50}, {"date": "2023-11-04-01-00-00", "latency": 50}, {"date": "2023-11-04-01-00-00", "latency": 50}, {"date": "2023-11-04-01-00-00", "latency": 50}, {"date": "2023-11-04-01-00-00", "latency": 50}, {"date": "2023-11-04-01-00-00", "latency": 50}, {"date": "2023-11-04-01-00-00", "latency": 50}, {"date": "2023-11-04-01-00-00", "latency": 50}, {"date": "2023-11-04-01-00-00", "latency": 50}, {"date": "2023-11-04-01-00-00", "latency": 50}, {"date": "2023-11-04-01-00-00", "latency": 50}, {"date": "2023-11-04-01-00-00", "latency": 50}, {"date": "2023-11-04-01-00-00", "latency": 50}, {"date": "2023-11-04-01-00-00", "latency": 50}]}, {"location": {"country_code": "ar", "region": "Mendoza Province", "city": "San Rafael"}, "game_id": "742409", "values": [{"date": "2023-11-04-05-00-00", "latency": 65}]}, {"location": {"country_code": "tr", "region": "Marmara Bolgesi", "city": "Tuzla"}, "game_id": "742409", "values": [{"date": "2023-11-04-20-00-00", "latency": 75}, {"date": "2023-11-04-20-00-00", "latency": 75}, {"date": "2023-11-04-20-00-00", "latency": 75}, {"date": "2023-11-04-20-00-00", "latency": 75}]}], "last_updated": 1719926532.668111}