{"data": [{"location": {"country_code": "us"}, "game_id": "614266", "values": [{"date": "2023-06-26-05-00-00", "latency": 53}, {"date": "2023-06-26-05-00-00", "latency": 53}, {"date": "2023-06-26-05-00-00", "latency": 53}, {"date": "2023-06-26-05-00-00", "latency": 53}, {"date": "2023-06-26-05-00-00", "latency": 53}]}, {"location": {"country_code": "mx"}, "game_id": "614266", "values": [{"date": "2023-06-26-08-00-00", "latency": 63}, {"date": "2023-06-26-08-00-00", "latency": 63}, {"date": "2023-06-26-08-00-00", "latency": 63}]}, {"location": {"country_code": "gb", "region": "Northern Ireland"}, "game_id": "614266", "values": [{"date": "2023-06-26-23-00-00", "latency": 54}, {"date": "2023-06-26-23-00-00", "latency": 54}]}, {"location": {"country_code": "us", "region": "Alaska"}, "game_id": "614266", "values": [{"date": "2023-06-26-18-00-00", "latency": 111}, {"date": "2023-06-26-18-00-00", "latency": 111}, {"date": "2023-06-26-18-00-00", "latency": 111}, {"date": "2023-06-26-18-00-00", "latency": 111}, {"date": "2023-06-26-18-00-00", "latency": 111}, {"date": "2023-06-26-18-00-00", "latency": 111}, {"date": "2023-06-26-18-00-00", "latency": 111}, {"date": "2023-06-26-18-00-00", "latency": 111}, {"date": "2023-06-26-18-00-00", "latency": 111}, {"date": "2023-06-26-18-00-00", "latency": 111}, {"date": "2023-06-26-18-00-00", "latency": 111}, {"date": "2023-06-26-18-00-00", "latency": 111}, {"date": "2023-06-26-18-00-00", "latency": 111}, {"date": "2023-06-26-18-00-00", "latency": 111}, {"date": "2023-06-26-18-00-00", "latency": 111}, {"date": "2023-06-26-18-00-00", "latency": 111}, {"date": "2023-06-26-18-00-00", "latency": 111}, {"date": "2023-06-26-18-00-00", "latency": 111}, {"date": "2023-06-26-18-00-00", "latency": 111}]}, {"location": {"country_code": "us", "region": "Illinois"}, "game_id": "614266", "values": [{"date": "2023-06-26-03-00-00", "latency": 38}]}, {"location": {"country_code": "us", "region": "Alabama"}, "game_id": "614266", "values": [{"date": "2023-06-26-18-00-00", "latency": 56}, {"date": "2023-06-26-18-00-00", "latency": 56}, {"date": "2023-06-26-18-00-00", "latency": 56}, {"date": "2023-06-26-18-00-00", "latency": 56}, {"date": "2023-06-26-18-00-00", "latency": 56}, {"date": "2023-06-26-18-00-00", "latency": 56}, {"date": "2023-06-26-18-00-00", "latency": 56}, {"date": "2023-06-26-18-00-00", "latency": 56}, {"date": "2023-06-26-18-00-00", "latency": 56}]}], "last_updated": 1719927596.717103}