{"data": [{"location": {"country_code": "us"}, "game_id": "747108", "values": [{"date": "2023-12-24-15-00-00", "latency": 3}, {"date": "2023-12-24-02-00-00", "latency": 7}, {"date": "2023-12-24-02-00-00", "latency": 7}]}, {"location": {"country_code": "th"}, "game_id": "747108", "values": [{"date": "2023-12-24-15-00-00", "latency": 22}]}, {"location": {"country_code": "pa"}, "game_id": "747108", "values": [{"date": "2023-12-24-11-00-00", "latency": 4}, {"date": "2023-12-24-11-00-00", "latency": 4}, {"date": "2023-12-24-11-00-00", "latency": 4}, {"date": "2023-12-24-11-00-00", "latency": 4}, {"date": "2023-12-24-11-00-00", "latency": 4}, {"date": "2023-12-24-11-00-00", "latency": 4}, {"date": "2023-12-24-11-00-00", "latency": 4}, {"date": "2023-12-24-11-00-00", "latency": 4}, {"date": "2023-12-24-11-00-00", "latency": 4}, {"date": "2023-12-24-11-00-00", "latency": 4}]}, {"location": {"country_code": "nl"}, "game_id": "747108", "values": [{"date": "2023-12-24-04-00-00", "latency": 15}]}, {"location": {"country_code": "jp"}, "game_id": "747108", "values": [{"date": "2023-12-24-15-00-00", "latency": 6}]}, {"location": {"country_code": "ca"}, "game_id": "747108", "values": [{"date": "2023-12-24-08-00-00", "latency": 41}, {"date": "2023-12-24-08-00-00", "latency": 41}, {"date": "2023-12-24-08-00-00", "latency": 41}, {"date": "2023-12-24-08-00-00", "latency": 41}, {"date": "2023-12-24-08-00-00", "latency": 41}]}, {"location": {"country_code": "ca", "region": "Ontario"}, "game_id": "747108", "values": [{"date": "2023-12-25-01-00-00", "latency": 3}, {"date": "2023-12-25-01-00-00", "latency": 3}, {"date": "2023-12-25-01-00-00", "latency": 3}, {"date": "2023-12-25-01-00-00", "latency": 3}, {"date": "2023-12-25-01-00-00", "latency": 3}, {"date": "2023-12-25-01-00-00", "latency": 3}, {"date": "2023-12-25-01-00-00", "latency": 3}, {"date": "2023-12-25-01-00-00", "latency": 3}, {"date": "2023-12-25-01-00-00", "latency": 3}]}, {"location": {"country_code": "tw"}, "game_id": "747108", "values": [{"date": "2023-12-24-06-00-00", "latency": 0}]}, {"location": {"country_code": "cl"}, "game_id": "747108", "values": [{"date": "2023-12-24-06-00-00", "latency": 7}, {"date": "2023-12-24-06-00-00", "latency": 7}]}, {"location": {"country_code": "us", "region": "Florida"}, "game_id": "747108", "values": [{"date": "2023-12-25-00-00-00", "latency": 6}]}, {"location": {"country_code": "ph"}, "game_id": "747108", "values": [{"date": "2023-12-24-06-00-00", "latency": 133}, {"date": "2023-12-24-08-00-00", "latency": 156}, {"date": "2023-12-24-08-00-00", "latency": 156}, {"date": "2023-12-24-08-00-00", "latency": 156}, {"date": "2023-12-24-08-00-00", "latency": 156}]}, {"location": {"country_code": "mx"}, "game_id": "747108", "values": [{"date": "2023-12-24-07-00-00", "latency": 8}, {"date": "2023-12-24-07-00-00", "latency": 8}, {"date": "2023-12-24-07-00-00", "latency": 8}, {"date": "2023-12-24-03-00-00", "latency": 9}]}, {"location": {"country_code": "br"}, "game_id": "747108", "values": [{"date": "2023-12-24-01-00-00", "latency": 15}]}, {"location": {"country_code": "us", "region": "Maryland", "city": "Dundalk"}, "game_id": "747108", "values": [{"date": "2023-12-24-08-00-00", "latency": 15}, {"date": "2023-12-24-08-00-00", "latency": 15}, {"date": "2023-12-24-08-00-00", "latency": 15}]}, {"location": {"country_code": "au"}, "game_id": "747108", "values": [{"date": "2023-12-24-04-00-00", "latency": 1}, {"date": "2023-12-24-04-00-00", "latency": 1}, {"date": "2023-12-24-04-00-00", "latency": 1}]}, {"location": {"country_code": "ar"}, "game_id": "747108", "values": [{"date": "2023-12-24-04-00-00", "latency": 31}, {"date": "2023-12-24-04-00-00", "latency": 31}, {"date": "2023-12-24-04-00-00", "latency": 31}, {"date": "2023-12-24-04-00-00", "latency": 31}]}, {"location": {"country_code": "mx", "region": "Puebla"}, "game_id": "747108", "values": [{"date": "2023-12-24-11-00-00", "latency": 62}, {"date": "2023-12-24-11-00-00", "latency": 62}, {"date": "2023-12-24-11-00-00", "latency": 62}, {"date": "2023-12-24-11-00-00", "latency": 62}]}, {"location": {"country_code": "at"}, "game_id": "747108", "values": [{"date": "2023-12-24-22-00-00", "latency": 7}, {"date": "2023-12-24-22-00-00", "latency": 7}, {"date": "2023-12-24-22-00-00", "latency": 7}, {"date": "2023-12-24-22-00-00", "latency": 7}, {"date": "2023-12-24-22-00-00", "latency": 7}]}, {"location": {"country_code": "pl"}, "game_id": "747108", "values": [{"date": "2023-12-24-23-00-00", "latency": 31}, {"date": "2023-12-24-23-00-00", "latency": 31}, {"date": "2023-12-24-23-00-00", "latency": 31}]}, {"location": {"country_code": "bg"}, "game_id": "747108", "values": [{"date": "2023-12-24-18-00-00", "latency": 31}, {"date": "2023-12-24-18-00-00", "latency": 31}, {"date": "2023-12-24-18-00-00", "latency": 31}]}, {"location": {"country_code": "de", "region": "North Rhine-Westphalia"}, "game_id": "747108", "values": [{"date": "2023-12-24-14-00-00", "latency": 15}, {"date": "2023-12-24-14-00-00", "latency": 15}, {"date": "2023-12-24-14-00-00", "latency": 15}, {"date": "2023-12-24-14-00-00", "latency": 15}, {"date": "2023-12-24-14-00-00", "latency": 15}, {"date": "2023-12-24-14-00-00", "latency": 15}, {"date": "2023-12-24-14-00-00", "latency": 15}, {"date": "2023-12-24-14-00-00", "latency": 15}, {"date": "2023-12-24-14-00-00", "latency": 15}]}, {"location": {"country_code": "fr", "region": "Nord-Passo di Calais-Piccardia"}, "game_id": "747108", "values": [{"date": "2023-12-24-04-00-00", "latency": 5}, {"date": "2023-12-24-04-00-00", "latency": 5}, {"date": "2023-12-24-04-00-00", "latency": 5}]}, {"location": {"country_code": "es", "region": "Andalusia", "city": "Cordoba"}, "game_id": "747108", "values": [{"date": "2023-12-25-00-00-00", "latency": 31}, {"date": "2023-12-25-00-00-00", "latency": 31}, {"date": "2023-12-25-00-00-00", "latency": 31}, {"date": "2023-12-25-00-00-00", "latency": 31}, {"date": "2023-12-25-00-00-00", "latency": 31}, {"date": "2023-12-25-00-00-00", "latency": 31}, {"date": "2023-12-25-00-00-00", "latency": 31}]}, {"location": {"country_code": "br", "region": "Sao Paulo", "city": "Franca"}, "game_id": "747108", "values": [{"date": "2023-12-24-21-00-00", "latency": 15}, {"date": "2023-12-24-21-00-00", "latency": 15}, {"date": "2023-12-24-21-00-00", "latency": 15}, {"date": "2023-12-24-21-00-00", "latency": 15}, {"date": "2023-12-24-21-00-00", "latency": 15}, {"date": "2023-12-24-21-00-00", "latency": 15}, {"date": "2023-12-24-21-00-00", "latency": 15}, {"date": "2023-12-24-21-00-00", "latency": 15}, {"date": "2023-12-24-21-00-00", "latency": 15}, {"date": "2023-12-24-21-00-00", "latency": 15}, {"date": "2023-12-24-21-00-00", "latency": 15}, {"date": "2023-12-24-21-00-00", "latency": 15}, {"date": "2023-12-24-21-00-00", "latency": 15}]}, {"location": {"country_code": "us", "region": "Arkansas", "city": "Newport"}, "game_id": "747108", "values": [{"date": "2023-12-24-17-00-00", "latency": 6}]}], "last_updated": 1719919361.454377}