{"data": [{"location": {"country_code": "us"}, "game_id": "747108", "values": [{"date": "2023-12-04-00-00-00", "latency": 62}, {"date": "2023-12-03-22-00-00", "latency": 7}, {"date": "2023-12-03-22-00-00", "latency": 7}, {"date": "2023-12-03-22-00-00", "latency": 7}, {"date": "2023-12-03-22-00-00", "latency": 7}]}, {"location": {"country_code": "ro"}, "game_id": "747108", "values": [{"date": "2023-12-03-22-00-00", "latency": 31}, {"date": "2023-12-03-22-00-00", "latency": 31}, {"date": "2023-12-03-22-00-00", "latency": 31}, {"date": "2023-12-03-22-00-00", "latency": 31}, {"date": "2023-12-03-22-00-00", "latency": 31}, {"date": "2023-12-03-22-00-00", "latency": 31}, {"date": "2023-12-03-22-00-00", "latency": 31}, {"date": "2023-12-03-22-00-00", "latency": 31}, {"date": "2023-12-04-00-00-00", "latency": 7}, {"date": "2023-12-04-00-00-00", "latency": 7}]}, {"location": {"country_code": "jp"}, "game_id": "747108", "values": [{"date": "2023-12-03-20-00-00", "latency": 9}, {"date": "2023-12-03-20-00-00", "latency": 9}, {"date": "2023-12-03-20-00-00", "latency": 9}, {"date": "2023-12-03-20-00-00", "latency": 9}, {"date": "2023-12-03-20-00-00", "latency": 9}]}, {"location": {"country_code": "ca"}, "game_id": "747108", "values": [{"date": "2023-12-03-08-00-00", "latency": 1}, {"date": "2023-12-03-08-00-00", "latency": 1}, {"date": "2023-12-03-08-00-00", "latency": 1}, {"date": "2023-12-03-08-00-00", "latency": 1}, {"date": "2023-12-03-08-00-00", "latency": 1}, {"date": "2023-12-03-08-00-00", "latency": 1}, {"date": "2023-12-03-08-00-00", "latency": 1}, {"date": "2023-12-03-08-00-00", "latency": 1}, {"date": "2023-12-03-08-00-00", "latency": 1}, {"date": "2023-12-03-08-00-00", "latency": 1}, {"date": "2023-12-03-08-00-00", "latency": 1}, {"date": "2023-12-03-08-00-00", "latency": 1}, {"date": "2023-12-03-11-00-00", "latency": 17}, {"date": "2023-12-03-11-00-00", "latency": 17}, {"date": "2023-12-03-11-00-00", "latency": 17}, {"date": "2023-12-03-11-00-00", "latency": 17}, {"date": "2023-12-03-11-00-00", "latency": 17}, {"date": "2023-12-03-11-00-00", "latency": 17}, {"date": "2023-12-03-11-00-00", "latency": 17}, {"date": "2023-12-03-11-00-00", "latency": 17}, {"date": "2023-12-03-11-00-00", "latency": 17}, {"date": "2023-12-03-08-00-00", "latency": 0}, {"date": "2023-12-03-08-00-00", "latency": 0}]}, {"location": {"country_code": "us", "region": "Florida"}, "game_id": "747108", "values": [{"date": "2023-12-03-16-00-00", "latency": 14}, {"date": "2023-12-03-16-00-00", "latency": 14}, {"date": "2023-12-03-16-00-00", "latency": 14}]}, {"location": {"country_code": "ph"}, "game_id": "747108", "values": [{"date": "2023-12-03-07-00-00", "latency": 1}, {"date": "2023-12-03-12-00-00", "latency": 1}, {"date": "2023-12-03-12-00-00", "latency": 1}]}, {"location": {"country_code": "mx"}, "game_id": "747108", "values": [{"date": "2023-12-04-00-00-00", "latency": 63}, {"date": "2023-12-04-00-00-00", "latency": 63}, {"date": "2023-12-04-00-00-00", "latency": 63}, {"date": "2023-12-04-00-00-00", "latency": 63}]}, {"location": {"country_code": "br"}, "game_id": "747108", "values": [{"date": "2023-12-03-03-00-00", "latency": 36}]}, {"location": {"country_code": "se"}, "game_id": "747108", "values": [{"date": "2023-12-03-14-00-00", "latency": 3}, {"date": "2023-12-03-14-00-00", "latency": 3}, {"date": "2023-12-03-14-00-00", "latency": 3}]}, {"location": {"country_code": "us", "region": "Texas", "city": "Austin"}, "game_id": "747108", "values": [{"date": "2023-12-03-03-00-00", "latency": 1995}, {"date": "2023-12-03-03-00-00", "latency": 1995}]}, {"location": {"country_code": "ar"}, "game_id": "747108", "values": [{"date": "2023-12-03-22-00-00", "latency": 31}, {"date": "2023-12-03-22-00-00", "latency": 31}, {"date": "2023-12-03-22-00-00", "latency": 31}, {"date": "2023-12-03-22-00-00", "latency": 31}, {"date": "2023-12-03-22-00-00", "latency": 31}, {"date": "2023-12-03-22-00-00", "latency": 31}, {"date": "2023-12-03-22-00-00", "latency": 31}, {"date": "2023-12-03-22-00-00", "latency": 31}, {"date": "2023-12-03-22-00-00", "latency": 31}]}, {"location": {"country_code": "us", "region": "Massachusetts"}, "game_id": "747108", "values": [{"date": "2023-12-03-06-00-00", "latency": 62}, {"date": "2023-12-03-06-00-00", "latency": 62}, {"date": "2023-12-03-06-00-00", "latency": 62}, {"date": "2023-12-03-06-00-00", "latency": 62}]}, {"location": {"country_code": "mx", "region": "Puebla"}, "game_id": "747108", "values": [{"date": "2023-12-03-03-00-00", "latency": 3}, {"date": "2023-12-03-03-00-00", "latency": 3}, {"date": "2023-12-03-03-00-00", "latency": 3}, {"date": "2023-12-03-03-00-00", "latency": 3}, {"date": "2023-12-03-03-00-00", "latency": 3}, {"date": "2023-12-03-03-00-00", "latency": 3}, {"date": "2023-12-03-03-00-00", "latency": 3}, {"date": "2023-12-03-03-00-00", "latency": 3}, {"date": "2023-12-03-03-00-00", "latency": 3}]}, {"location": {"country_code": "at"}, "game_id": "747108", "values": [{"date": "2023-12-03-15-00-00", "latency": 7}, {"date": "2023-12-03-15-00-00", "latency": 7}, {"date": "2023-12-03-15-00-00", "latency": 7}, {"date": "2023-12-03-15-00-00", "latency": 7}, {"date": "2023-12-03-15-00-00", "latency": 7}, {"date": "2023-12-03-15-00-00", "latency": 7}, {"date": "2023-12-03-15-00-00", "latency": 7}]}, {"location": {"country_code": "do"}, "game_id": "747108", "values": [{"date": "2023-12-03-04-00-00", "latency": 15}, {"date": "2023-12-03-04-00-00", "latency": 15}, {"date": "2023-12-03-04-00-00", "latency": 15}, {"date": "2023-12-03-04-00-00", "latency": 15}, {"date": "2023-12-03-04-00-00", "latency": 15}, {"date": "2023-12-03-04-00-00", "latency": 15}, {"date": "2023-12-03-04-00-00", "latency": 15}, {"date": "2023-12-03-04-00-00", "latency": 15}, {"date": "2023-12-03-04-00-00", "latency": 15}]}, {"location": {"country_code": "co", "region": "El Valle", "city": "Cali"}, "game_id": "747108", "values": [{"date": "2023-12-03-07-00-00", "latency": 7}, {"date": "2023-12-03-07-00-00", "latency": 7}, {"date": "2023-12-03-07-00-00", "latency": 7}, {"date": "2023-12-03-07-00-00", "latency": 7}]}, {"location": {"country_code": "us", "region": "Florida", "city": "Orlando"}, "game_id": "747108", "values": [{"date": "2023-12-03-04-00-00", "latency": 7}, {"date": "2023-12-03-04-00-00", "latency": 7}, {"date": "2023-12-03-04-00-00", "latency": 7}]}, {"location": {"country_code": "de", "region": "North Rhine-Westphalia"}, "game_id": "747108", "values": [{"date": "2023-12-03-15-00-00", "latency": 5}, {"date": "2023-12-03-15-00-00", "latency": 5}]}, {"location": {"country_code": "ru", "region": "Krasnoyarsk Krai", "city": "Norilsk"}, "game_id": "747108", "values": [{"date": "2023-12-03-15-00-00", "latency": 0}]}, {"location": {"country_code": "fr", "region": "Nord-Passo di Calais-Piccardia"}, "game_id": "747108", "values": [{"date": "2023-12-03-23-00-00", "latency": 16}, {"date": "2023-12-03-23-00-00", "latency": 16}, {"date": "2023-12-03-23-00-00", "latency": 16}, {"date": "2023-12-03-23-00-00", "latency": 16}, {"date": "2023-12-03-23-00-00", "latency": 16}, {"date": "2023-12-03-23-00-00", "latency": 16}, {"date": "2023-12-03-23-00-00", "latency": 16}, {"date": "2023-12-03-23-00-00", "latency": 16}, {"date": "2023-12-03-23-00-00", "latency": 16}, {"date": "2023-12-03-23-00-00", "latency": 16}, {"date": "2023-12-03-23-00-00", "latency": 16}]}, {"location": {"country_code": "us", "region": "Guam", "city": "Dededo"}, "game_id": "747108", "values": [{"date": "2023-12-04-00-00-00", "latency": 31}, {"date": "2023-12-04-00-00-00", "latency": 31}, {"date": "2023-12-04-00-00-00", "latency": 31}, {"date": "2023-12-04-00-00-00", "latency": 31}, {"date": "2023-12-04-00-00-00", "latency": 31}, {"date": "2023-12-04-00-00-00", "latency": 31}, {"date": "2023-12-04-00-00-00", "latency": 31}, {"date": "2023-12-04-00-00-00", "latency": 31}, {"date": "2023-12-04-00-00-00", "latency": 31}]}, {"location": {"country_code": "br", "region": "Sao Paulo", "city": "Franca"}, "game_id": "747108", "values": [{"date": "2023-12-03-15-00-00", "latency": 1}, {"date": "2023-12-03-15-00-00", "latency": 1}, {"date": "2023-12-03-15-00-00", "latency": 1}]}], "last_updated": 1719919360.427579}