{"data": [{"location": {"country_code": "us"}, "game_id": "747108", "values": [{"date": "2024-05-01-20-00-00", "latency": 15}, {"date": "2024-05-01-20-00-00", "latency": 15}, {"date": "2024-05-01-20-00-00", "latency": 15}, {"date": "2024-05-01-20-00-00", "latency": 15}, {"date": "2024-05-01-20-00-00", "latency": 15}, {"date": "2024-05-01-20-00-00", "latency": 15}, {"date": "2024-05-01-20-00-00", "latency": 15}, {"date": "2024-05-01-20-00-00", "latency": 15}, {"date": "2024-05-01-20-00-00", "latency": 15}, {"date": "2024-05-01-20-00-00", "latency": 15}, {"date": "2024-05-01-20-00-00", "latency": 15}, {"date": "2024-05-01-20-00-00", "latency": 15}, {"date": "2024-05-01-20-00-00", "latency": 15}, {"date": "2024-05-01-20-00-00", "latency": 15}, {"date": "2024-05-01-20-00-00", "latency": 15}, {"date": "2024-05-01-20-00-00", "latency": 15}, {"date": "2024-05-01-20-00-00", "latency": 15}, {"date": "2024-05-01-20-00-00", "latency": 15}, {"date": "2024-05-01-20-00-00", "latency": 15}, {"date": "2024-05-01-20-00-00", "latency": 15}, {"date": "2024-05-01-20-00-00", "latency": 15}, {"date": "2024-05-01-20-00-00", "latency": 15}, {"date": "2024-05-02-01-00-00", "latency": 79}, {"date": "2024-05-02-01-00-00", "latency": 79}, {"date": "2024-05-02-01-00-00", "latency": 79}, {"date": "2024-05-02-01-00-00", "latency": 79}, {"date": "2024-05-02-01-00-00", "latency": 79}, {"date": "2024-05-02-01-00-00", "latency": 79}, {"date": "2024-05-02-01-00-00", "latency": 79}, {"date": "2024-05-02-01-00-00", "latency": 79}, {"date": "2024-05-02-01-00-00", "latency": 79}, {"date": "2024-05-02-01-00-00", "latency": 79}, {"date": "2024-05-02-01-00-00", "latency": 79}, {"date": "2024-05-02-01-00-00", "latency": 79}, {"date": "2024-05-02-01-00-00", "latency": 79}, {"date": "2024-05-02-01-00-00", "latency": 79}, {"date": "2024-05-02-01-00-00", "latency": 79}, {"date": "2024-05-02-01-00-00", "latency": 79}, {"date": "2024-05-02-01-00-00", "latency": 79}, {"date": "2024-05-02-01-00-00", "latency": 79}, {"date": "2024-05-02-01-00-00", "latency": 79}, {"date": "2024-05-02-01-00-00", "latency": 79}, {"date": "2024-05-02-01-00-00", "latency": 79}, {"date": "2024-05-02-01-00-00", "latency": 79}, {"date": "2024-05-02-01-00-00", "latency": 79}, {"date": "2024-05-02-01-00-00", "latency": 79}, {"date": "2024-05-02-01-00-00", "latency": 79}, {"date": "2024-05-02-01-00-00", "latency": 79}, {"date": "2024-05-02-01-00-00", "latency": 79}, {"date": "2024-05-02-01-00-00", "latency": 79}, {"date": "2024-05-02-01-00-00", "latency": 79}, {"date": "2024-05-02-01-00-00", "latency": 79}, {"date": "2024-05-02-01-00-00", "latency": 79}, {"date": "2024-05-02-01-00-00", "latency": 79}, {"date": "2024-05-02-01-00-00", "latency": 79}, {"date": "2024-05-02-01-00-00", "latency": 79}, {"date": "2024-05-02-01-00-00", "latency": 79}, {"date": "2024-05-02-01-00-00", "latency": 79}, {"date": "2024-05-02-01-00-00", "latency": 79}, {"date": "2024-05-02-01-00-00", "latency": 79}, {"date": "2024-05-02-01-00-00", "latency": 79}, {"date": "2024-05-02-01-00-00", "latency": 79}, {"date": "2024-05-02-01-00-00", "latency": 79}, {"date": "2024-05-02-01-00-00", "latency": 79}, {"date": "2024-05-02-01-00-00", "latency": 79}, {"date": "2024-05-02-01-00-00", "latency": 32}, {"date": "2024-05-02-01-00-00", "latency": 32}, {"date": "2024-05-02-01-00-00", "latency": 32}, {"date": "2024-05-02-01-00-00", "latency": 32}, {"date": "2024-05-02-01-00-00", "latency": 32}, {"date": "2024-05-02-01-00-00", "latency": 32}, {"date": "2024-05-02-01-00-00", "latency": 32}, {"date": "2024-05-02-01-00-00", "latency": 32}, {"date": "2024-05-02-01-00-00", "latency": 32}, {"date": "2024-05-02-01-00-00", "latency": 32}, {"date": "2024-05-02-01-00-00", "latency": 32}, {"date": "2024-05-02-01-00-00", "latency": 32}, {"date": "2024-05-02-01-00-00", "latency": 32}, {"date": "2024-05-02-01-00-00", "latency": 32}, {"date": "2024-05-02-01-00-00", "latency": 32}, {"date": "2024-05-02-01-00-00", "latency": 32}, {"date": "2024-05-02-01-00-00", "latency": 32}, {"date": "2024-05-02-01-00-00", "latency": 32}, {"date": "2024-05-02-01-00-00", "latency": 32}, {"date": "2024-05-02-01-00-00", "latency": 32}]}, {"location": {"country_code": "pa"}, "game_id": "747108", "values": [{"date": "2024-05-02-02-00-00", "latency": 78}, {"date": "2024-05-02-02-00-00", "latency": 78}, {"date": "2024-05-02-02-00-00", "latency": 78}, {"date": "2024-05-02-02-00-00", "latency": 78}, {"date": "2024-05-02-02-00-00", "latency": 78}, {"date": "2024-05-02-02-00-00", "latency": 78}, {"date": "2024-05-02-02-00-00", "latency": 78}, {"date": "2024-05-02-02-00-00", "latency": 78}, {"date": "2024-05-02-02-00-00", "latency": 78}, {"date": "2024-05-02-02-00-00", "latency": 78}, {"date": "2024-05-02-02-00-00", "latency": 78}, {"date": "2024-05-02-02-00-00", "latency": 78}, {"date": "2024-05-02-02-00-00", "latency": 78}, {"date": "2024-05-02-02-00-00", "latency": 78}]}, {"location": {"country_code": "ro"}, "game_id": "747108", "values": [{"date": "2024-05-01-22-00-00", "latency": 47}, {"date": "2024-05-01-22-00-00", "latency": 47}, {"date": "2024-05-01-22-00-00", "latency": 47}, {"date": "2024-05-01-22-00-00", "latency": 47}, {"date": "2024-05-01-22-00-00", "latency": 47}, {"date": "2024-05-01-22-00-00", "latency": 47}, {"date": "2024-05-01-22-00-00", "latency": 47}, {"date": "2024-05-01-22-00-00", "latency": 47}, {"date": "2024-05-01-22-00-00", "latency": 47}, {"date": "2024-05-01-22-00-00", "latency": 47}, {"date": "2024-05-01-22-00-00", "latency": 47}, {"date": "2024-05-01-22-00-00", "latency": 47}]}, {"location": {"country_code": "ca"}, "game_id": "747108", "values": [{"date": "2024-05-01-19-00-00", "latency": 78}, {"date": "2024-05-01-19-00-00", "latency": 78}, {"date": "2024-05-01-19-00-00", "latency": 78}, {"date": "2024-05-01-19-00-00", "latency": 78}, {"date": "2024-05-01-19-00-00", "latency": 78}, {"date": "2024-05-01-19-00-00", "latency": 78}, {"date": "2024-05-01-19-00-00", "latency": 78}, {"date": "2024-05-01-19-00-00", "latency": 78}, {"date": "2024-05-01-19-00-00", "latency": 78}, {"date": "2024-05-01-19-00-00", "latency": 78}, {"date": "2024-05-01-19-00-00", "latency": 78}, {"date": "2024-05-01-19-00-00", "latency": 78}, {"date": "2024-05-01-19-00-00", "latency": 78}, {"date": "2024-05-01-19-00-00", "latency": 78}, {"date": "2024-05-02-02-00-00", "latency": 47}, {"date": "2024-05-02-02-00-00", "latency": 47}, {"date": "2024-05-02-02-00-00", "latency": 47}, {"date": "2024-05-02-02-00-00", "latency": 47}, {"date": "2024-05-02-02-00-00", "latency": 47}, {"date": "2024-05-02-02-00-00", "latency": 47}, {"date": "2024-05-02-02-00-00", "latency": 47}, {"date": "2024-05-02-02-00-00", "latency": 47}]}, {"location": {"country_code": "de"}, "game_id": "747108", "values": [{"date": "2024-05-01-23-00-00", "latency": 16}, {"date": "2024-05-01-23-00-00", "latency": 16}, {"date": "2024-05-01-23-00-00", "latency": 16}, {"date": "2024-05-01-23-00-00", "latency": 16}, {"date": "2024-05-01-23-00-00", "latency": 16}, {"date": "2024-05-01-23-00-00", "latency": 16}, {"date": "2024-05-01-23-00-00", "latency": 16}, {"date": "2024-05-01-23-00-00", "latency": 16}, {"date": "2024-05-01-23-00-00", "latency": 16}, {"date": "2024-05-01-23-00-00", "latency": 16}, {"date": "2024-05-01-23-00-00", "latency": 16}, {"date": "2024-05-01-23-00-00", "latency": 16}, {"date": "2024-05-01-23-00-00", "latency": 16}, {"date": "2024-05-01-23-00-00", "latency": 16}, {"date": "2024-05-01-23-00-00", "latency": 16}]}, {"location": {"country_code": "tw"}, "game_id": "747108", "values": [{"date": "2024-05-01-18-00-00", "latency": 79}, {"date": "2024-05-01-18-00-00", "latency": 79}, {"date": "2024-05-01-18-00-00", "latency": 79}, {"date": "2024-05-01-18-00-00", "latency": 79}, {"date": "2024-05-01-18-00-00", "latency": 79}, {"date": "2024-05-01-18-00-00", "latency": 79}, {"date": "2024-05-01-18-00-00", "latency": 79}, {"date": "2024-05-01-18-00-00", "latency": 79}, {"date": "2024-05-01-18-00-00", "latency": 79}, {"date": "2024-05-01-18-00-00", "latency": 79}, {"date": "2024-05-01-18-00-00", "latency": 79}, {"date": "2024-05-01-18-00-00", "latency": 79}, {"date": "2024-05-01-18-00-00", "latency": 79}, {"date": "2024-05-01-18-00-00", "latency": 79}, {"date": "2024-05-01-18-00-00", "latency": 79}, {"date": "2024-05-01-18-00-00", "latency": 79}, {"date": "2024-05-01-18-00-00", "latency": 79}, {"date": "2024-05-01-18-00-00", "latency": 79}, {"date": "2024-05-01-18-00-00", "latency": 79}, {"date": "2024-05-01-18-00-00", "latency": 79}, {"date": "2024-05-01-18-00-00", "latency": 79}, {"date": "2024-05-01-18-00-00", "latency": 79}, {"date": "2024-05-01-18-00-00", "latency": 79}, {"date": "2024-05-01-18-00-00", "latency": 79}, {"date": "2024-05-01-18-00-00", "latency": 79}, {"date": "2024-05-01-18-00-00", "latency": 79}, {"date": "2024-05-01-18-00-00", "latency": 79}, {"date": "2024-05-01-18-00-00", "latency": 79}, {"date": "2024-05-01-18-00-00", "latency": 79}]}, {"location": {"country_code": "cl"}, "game_id": "747108", "values": [{"date": "2024-05-01-09-00-00", "latency": 62}, {"date": "2024-05-01-09-00-00", "latency": 62}, {"date": "2024-05-01-09-00-00", "latency": 62}]}, {"location": {"country_code": "ph"}, "game_id": "747108", "values": [{"date": "2024-05-01-17-00-00", "latency": 156}, {"date": "2024-05-01-17-00-00", "latency": 156}, {"date": "2024-05-01-17-00-00", "latency": 156}, {"date": "2024-05-01-17-00-00", "latency": 156}, {"date": "2024-05-01-17-00-00", "latency": 156}, {"date": "2024-05-01-17-00-00", "latency": 156}, {"date": "2024-05-01-17-00-00", "latency": 156}, {"date": "2024-05-01-17-00-00", "latency": 156}, {"date": "2024-05-01-17-00-00", "latency": 156}, {"date": "2024-05-01-17-00-00", "latency": 156}, {"date": "2024-05-01-17-00-00", "latency": 156}, {"date": "2024-05-01-17-00-00", "latency": 156}, {"date": "2024-05-01-17-00-00", "latency": 156}, {"date": "2024-05-01-17-00-00", "latency": 156}, {"date": "2024-05-01-17-00-00", "latency": 156}]}, {"location": {"country_code": "mx"}, "game_id": "747108", "values": [{"date": "2024-05-02-02-00-00", "latency": 109}, {"date": "2024-05-02-02-00-00", "latency": 109}, {"date": "2024-05-02-02-00-00", "latency": 109}, {"date": "2024-05-02-02-00-00", "latency": 109}]}, {"location": {"country_code": "br"}, "game_id": "747108", "values": [{"date": "2024-05-01-19-00-00", "latency": 47}, {"date": "2024-05-01-19-00-00", "latency": 47}, {"date": "2024-05-01-19-00-00", "latency": 47}, {"date": "2024-05-01-19-00-00", "latency": 47}, {"date": "2024-05-01-19-00-00", "latency": 47}, {"date": "2024-05-01-19-00-00", "latency": 47}, {"date": "2024-05-01-19-00-00", "latency": 47}, {"date": "2024-05-01-19-00-00", "latency": 47}, {"date": "2024-05-01-19-00-00", "latency": 47}, {"date": "2024-05-01-19-00-00", "latency": 47}, {"date": "2024-05-01-19-00-00", "latency": 47}, {"date": "2024-05-01-19-00-00", "latency": 47}, {"date": "2024-05-01-19-00-00", "latency": 47}, {"date": "2024-05-01-19-00-00", "latency": 47}, {"date": "2024-05-01-19-00-00", "latency": 47}, {"date": "2024-05-01-19-00-00", "latency": 47}, {"date": "2024-05-01-19-00-00", "latency": 47}, {"date": "2024-05-01-19-00-00", "latency": 47}, {"date": "2024-05-01-19-00-00", "latency": 47}, {"date": "2024-05-01-19-00-00", "latency": 47}, {"date": "2024-05-01-19-00-00", "latency": 47}, {"date": "2024-05-01-19-00-00", "latency": 47}, {"date": "2024-05-01-19-00-00", "latency": 47}, {"date": "2024-05-01-19-00-00", "latency": 47}, {"date": "2024-05-01-19-00-00", "latency": 47}, {"date": "2024-05-01-19-00-00", "latency": 47}, {"date": "2024-05-01-19-00-00", "latency": 47}, {"date": "2024-05-01-19-00-00", "latency": 47}, {"date": "2024-05-01-19-00-00", "latency": 47}, {"date": "2024-05-01-19-00-00", "latency": 47}, {"date": "2024-05-01-19-00-00", "latency": 47}, {"date": "2024-05-01-19-00-00", "latency": 47}, {"date": "2024-05-01-19-00-00", "latency": 47}, {"date": "2024-05-01-19-00-00", "latency": 47}, {"date": "2024-05-01-19-00-00", "latency": 47}, {"date": "2024-05-01-19-00-00", "latency": 47}, {"date": "2024-05-01-19-00-00", "latency": 47}, {"date": "2024-05-01-19-00-00", "latency": 47}, {"date": "2024-05-01-19-00-00", "latency": 47}, {"date": "2024-05-01-19-00-00", "latency": 47}, {"date": "2024-05-01-19-00-00", "latency": 47}, {"date": "2024-05-01-19-00-00", "latency": 47}, {"date": "2024-05-01-19-00-00", "latency": 47}, {"date": "2024-05-01-19-00-00", "latency": 47}, {"date": "2024-05-01-19-00-00", "latency": 47}, {"date": "2024-05-01-19-00-00", "latency": 47}, {"date": "2024-05-01-19-00-00", "latency": 47}, {"date": "2024-05-01-19-00-00", "latency": 47}, {"date": "2024-05-01-19-00-00", "latency": 47}, {"date": "2024-05-01-19-00-00", "latency": 47}, {"date": "2024-05-01-19-00-00", "latency": 47}, {"date": "2024-05-01-19-00-00", "latency": 47}, {"date": "2024-05-01-19-00-00", "latency": 47}, {"date": "2024-05-01-19-00-00", "latency": 47}, {"date": "2024-05-01-19-00-00", "latency": 47}, {"date": "2024-05-01-19-00-00", "latency": 47}, {"date": "2024-05-01-19-00-00", "latency": 47}, {"date": "2024-05-01-19-00-00", "latency": 47}, {"date": "2024-05-01-19-00-00", "latency": 47}, {"date": "2024-05-01-19-00-00", "latency": 47}, {"date": "2024-05-01-19-00-00", "latency": 47}, {"date": "2024-05-01-19-00-00", "latency": 47}, {"date": "2024-05-01-19-00-00", "latency": 47}, {"date": "2024-05-01-19-00-00", "latency": 47}, {"date": "2024-05-01-19-00-00", "latency": 47}, {"date": "2024-05-01-19-00-00", "latency": 47}, {"date": "2024-05-01-19-00-00", "latency": 47}, {"date": "2024-05-01-19-00-00", "latency": 47}, {"date": "2024-05-01-19-00-00", "latency": 47}, {"date": "2024-05-01-23-00-00", "latency": 32}, {"date": "2024-05-01-23-00-00", "latency": 32}, {"date": "2024-05-01-23-00-00", "latency": 32}, {"date": "2024-05-01-23-00-00", "latency": 32}, {"date": "2024-05-01-23-00-00", "latency": 32}, {"date": "2024-05-01-23-00-00", "latency": 32}, {"date": "2024-05-01-23-00-00", "latency": 32}, {"date": "2024-05-01-23-00-00", "latency": 32}, {"date": "2024-05-01-23-00-00", "latency": 32}, {"date": "2024-05-01-23-00-00", "latency": 32}, {"date": "2024-05-01-23-00-00", "latency": 32}, {"date": "2024-05-01-23-00-00", "latency": 32}, {"date": "2024-05-01-23-00-00", "latency": 32}, {"date": "2024-05-01-23-00-00", "latency": 32}, {"date": "2024-05-01-23-00-00", "latency": 32}, {"date": "2024-05-01-23-00-00", "latency": 32}, {"date": "2024-05-01-23-00-00", "latency": 32}, {"date": "2024-05-01-23-00-00", "latency": 32}, {"date": "2024-05-01-23-00-00", "latency": 32}, {"date": "2024-05-01-23-00-00", "latency": 32}, {"date": "2024-05-01-23-00-00", "latency": 32}, {"date": "2024-05-01-23-00-00", "latency": 32}, {"date": "2024-05-01-23-00-00", "latency": 32}, {"date": "2024-05-01-23-00-00", "latency": 32}, {"date": "2024-05-01-23-00-00", "latency": 32}, {"date": "2024-05-01-23-00-00", "latency": 32}, {"date": "2024-05-01-23-00-00", "latency": 32}, {"date": "2024-05-01-23-00-00", "latency": 32}, {"date": "2024-05-01-23-00-00", "latency": 32}, {"date": "2024-05-01-23-00-00", "latency": 32}, {"date": "2024-05-01-23-00-00", "latency": 32}, {"date": "2024-05-01-23-00-00", "latency": 32}, {"date": "2024-05-01-23-00-00", "latency": 32}, {"date": "2024-05-01-23-00-00", "latency": 32}, {"date": "2024-05-01-23-00-00", "latency": 32}, {"date": "2024-05-01-23-00-00", "latency": 32}, {"date": "2024-05-01-23-00-00", "latency": 32}, {"date": "2024-05-01-23-00-00", "latency": 32}, {"date": "2024-05-01-23-00-00", "latency": 32}]}, {"location": {"country_code": "se"}, "game_id": "747108", "values": [{"date": "2024-05-01-17-00-00", "latency": 47}, {"date": "2024-05-01-17-00-00", "latency": 47}, {"date": "2024-05-01-17-00-00", "latency": 47}, {"date": "2024-05-01-17-00-00", "latency": 47}, {"date": "2024-05-01-17-00-00", "latency": 47}, {"date": "2024-05-01-17-00-00", "latency": 47}, {"date": "2024-05-01-17-00-00", "latency": 47}, {"date": "2024-05-01-17-00-00", "latency": 47}, {"date": "2024-05-01-17-00-00", "latency": 47}, {"date": "2024-05-01-17-00-00", "latency": 47}, {"date": "2024-05-01-17-00-00", "latency": 47}, {"date": "2024-05-01-17-00-00", "latency": 47}, {"date": "2024-05-01-17-00-00", "latency": 47}, {"date": "2024-05-01-17-00-00", "latency": 47}, {"date": "2024-05-01-17-00-00", "latency": 47}, {"date": "2024-05-01-17-00-00", "latency": 47}, {"date": "2024-05-01-17-00-00", "latency": 47}, {"date": "2024-05-01-17-00-00", "latency": 47}, {"date": "2024-05-01-17-00-00", "latency": 47}, {"date": "2024-05-01-17-00-00", "latency": 47}, {"date": "2024-05-01-17-00-00", "latency": 47}, {"date": "2024-05-01-17-00-00", "latency": 47}, {"date": "2024-05-01-17-00-00", "latency": 47}, {"date": "2024-05-01-17-00-00", "latency": 47}, {"date": "2024-05-01-17-00-00", "latency": 47}, {"date": "2024-05-01-17-00-00", "latency": 47}, {"date": "2024-05-01-17-00-00", "latency": 47}, {"date": "2024-05-01-17-00-00", "latency": 47}]}, {"location": {"country_code": "us", "region": "California", "city": "East Los Angeles"}, "game_id": "747108", "values": [{"date": "2024-05-01-06-00-00", "latency": 31}, {"date": "2024-05-01-06-00-00", "latency": 31}, {"date": "2024-05-01-06-00-00", "latency": 31}, {"date": "2024-05-01-06-00-00", "latency": 31}, {"date": "2024-05-01-06-00-00", "latency": 31}, {"date": "2024-05-01-06-00-00", "latency": 31}, {"date": "2024-05-01-06-00-00", "latency": 31}, {"date": "2024-05-01-06-00-00", "latency": 31}, {"date": "2024-05-01-06-00-00", "latency": 31}, {"date": "2024-05-01-06-00-00", "latency": 31}, {"date": "2024-05-01-06-00-00", "latency": 31}, {"date": "2024-05-01-06-00-00", "latency": 31}, {"date": "2024-05-01-06-00-00", "latency": 31}, {"date": "2024-05-01-06-00-00", "latency": 31}, {"date": "2024-05-01-06-00-00", "latency": 31}, {"date": "2024-05-01-06-00-00", "latency": 31}]}, {"location": {"country_code": "us", "region": "Maryland", "city": "Dundalk"}, "game_id": "747108", "values": [{"date": "2024-05-01-08-00-00", "latency": 31}, {"date": "2024-05-01-08-00-00", "latency": 31}, {"date": "2024-05-01-08-00-00", "latency": 31}, {"date": "2024-05-01-08-00-00", "latency": 31}, {"date": "2024-05-01-08-00-00", "latency": 31}, {"date": "2024-05-01-08-00-00", "latency": 31}, {"date": "2024-05-01-08-00-00", "latency": 31}, {"date": "2024-05-01-08-00-00", "latency": 31}, {"date": "2024-05-01-08-00-00", "latency": 31}, {"date": "2024-05-01-08-00-00", "latency": 31}, {"date": "2024-05-01-08-00-00", "latency": 31}, {"date": "2024-05-01-08-00-00", "latency": 31}, {"date": "2024-05-01-08-00-00", "latency": 31}, {"date": "2024-05-01-08-00-00", "latency": 31}]}, {"location": {"country_code": "us", "region": "Texas", "city": "Austin"}, "game_id": "747108", "values": [{"date": "2024-05-02-02-00-00", "latency": 1}, {"date": "2024-05-02-02-00-00", "latency": 1}]}, {"location": {"country_code": "tr"}, "game_id": "747108", "values": [{"date": "2024-05-01-18-00-00", "latency": 78}, {"date": "2024-05-01-18-00-00", "latency": 78}, {"date": "2024-05-01-18-00-00", "latency": 78}, {"date": "2024-05-01-18-00-00", "latency": 78}, {"date": "2024-05-01-18-00-00", "latency": 78}, {"date": "2024-05-01-18-00-00", "latency": 78}, {"date": "2024-05-01-18-00-00", "latency": 78}, {"date": "2024-05-01-18-00-00", "latency": 78}, {"date": "2024-05-01-18-00-00", "latency": 78}, {"date": "2024-05-01-18-00-00", "latency": 78}, {"date": "2024-05-01-18-00-00", "latency": 78}, {"date": "2024-05-01-18-00-00", "latency": 78}, {"date": "2024-05-01-18-00-00", "latency": 78}, {"date": "2024-05-01-18-00-00", "latency": 78}, {"date": "2024-05-01-18-00-00", "latency": 78}, {"date": "2024-05-01-18-00-00", "latency": 78}, {"date": "2024-05-01-18-00-00", "latency": 78}, {"date": "2024-05-01-18-00-00", "latency": 78}, {"date": "2024-05-01-18-00-00", "latency": 78}, {"date": "2024-05-01-18-00-00", "latency": 78}, {"date": "2024-05-01-18-00-00", "latency": 78}, {"date": "2024-05-01-18-00-00", "latency": 78}, {"date": "2024-05-01-18-00-00", "latency": 78}, {"date": "2024-05-01-18-00-00", "latency": 78}, {"date": "2024-05-01-18-00-00", "latency": 78}, {"date": "2024-05-01-18-00-00", "latency": 78}]}, {"location": {"country_code": "ar"}, "game_id": "747108", "values": [{"date": "2024-05-02-00-00-00", "latency": 47}, {"date": "2024-05-02-00-00-00", "latency": 47}, {"date": "2024-05-02-00-00-00", "latency": 47}, {"date": "2024-05-02-00-00-00", "latency": 47}, {"date": "2024-05-02-00-00-00", "latency": 47}, {"date": "2024-05-02-00-00-00", "latency": 47}, {"date": "2024-05-02-00-00-00", "latency": 47}, {"date": "2024-05-02-00-00-00", "latency": 47}, {"date": "2024-05-02-00-00-00", "latency": 47}, {"date": "2024-05-02-00-00-00", "latency": 47}, {"date": "2024-05-02-00-00-00", "latency": 47}, {"date": "2024-05-02-00-00-00", "latency": 47}, {"date": "2024-05-02-00-00-00", "latency": 47}, {"date": "2024-05-02-00-00-00", "latency": 47}, {"date": "2024-05-02-00-00-00", "latency": 47}, {"date": "2024-05-02-00-00-00", "latency": 47}, {"date": "2024-05-02-00-00-00", "latency": 47}, {"date": "2024-05-02-00-00-00", "latency": 47}, {"date": "2024-05-02-00-00-00", "latency": 47}, {"date": "2024-05-02-00-00-00", "latency": 47}, {"date": "2024-05-02-00-00-00", "latency": 47}, {"date": "2024-05-02-00-00-00", "latency": 47}, {"date": "2024-05-02-00-00-00", "latency": 47}, {"date": "2024-05-02-00-00-00", "latency": 47}, {"date": "2024-05-02-00-00-00", "latency": 47}, {"date": "2024-05-02-00-00-00", "latency": 47}, {"date": "2024-05-02-00-00-00", "latency": 47}, {"date": "2024-05-02-00-00-00", "latency": 47}, {"date": "2024-05-02-00-00-00", "latency": 47}, {"date": "2024-05-02-00-00-00", "latency": 47}, {"date": "2024-05-02-00-00-00", "latency": 47}, {"date": "2024-05-02-00-00-00", "latency": 47}, {"date": "2024-05-02-00-00-00", "latency": 47}, {"date": "2024-05-02-00-00-00", "latency": 47}, {"date": "2024-05-02-00-00-00", "latency": 47}, {"date": "2024-05-02-00-00-00", "latency": 47}, {"date": "2024-05-02-00-00-00", "latency": 47}, {"date": "2024-05-02-00-00-00", "latency": 47}, {"date": "2024-05-02-00-00-00", "latency": 47}, {"date": "2024-05-02-00-00-00", "latency": 47}, {"date": "2024-05-02-00-00-00", "latency": 47}, {"date": "2024-05-02-00-00-00", "latency": 47}, {"date": "2024-05-02-00-00-00", "latency": 47}, {"date": "2024-05-02-00-00-00", "latency": 47}, {"date": "2024-05-02-00-00-00", "latency": 47}, {"date": "2024-05-02-00-00-00", "latency": 47}, {"date": "2024-05-02-00-00-00", "latency": 47}, {"date": "2024-05-02-00-00-00", "latency": 47}, {"date": "2024-05-02-00-00-00", "latency": 47}, {"date": "2024-05-01-05-00-00", "latency": 47}, {"date": "2024-05-01-05-00-00", "latency": 47}, {"date": "2024-05-01-05-00-00", "latency": 47}, {"date": "2024-05-01-05-00-00", "latency": 47}, {"date": "2024-05-01-05-00-00", "latency": 47}, {"date": "2024-05-01-05-00-00", "latency": 47}, {"date": "2024-05-01-05-00-00", "latency": 47}, {"date": "2024-05-01-05-00-00", "latency": 47}, {"date": "2024-05-01-05-00-00", "latency": 47}, {"date": "2024-05-01-05-00-00", "latency": 47}, {"date": "2024-05-01-05-00-00", "latency": 47}, {"date": "2024-05-01-05-00-00", "latency": 47}, {"date": "2024-05-01-05-00-00", "latency": 47}, {"date": "2024-05-01-05-00-00", "latency": 47}, {"date": "2024-05-01-05-00-00", "latency": 47}, {"date": "2024-05-01-05-00-00", "latency": 47}, {"date": "2024-05-01-05-00-00", "latency": 47}, {"date": "2024-05-01-05-00-00", "latency": 47}, {"date": "2024-05-01-05-00-00", "latency": 47}, {"date": "2024-05-01-05-00-00", "latency": 47}, {"date": "2024-05-01-05-00-00", "latency": 47}, {"date": "2024-05-01-05-00-00", "latency": 47}, {"date": "2024-05-01-05-00-00", "latency": 47}, {"date": "2024-05-01-05-00-00", "latency": 47}, {"date": "2024-05-01-05-00-00", "latency": 47}, {"date": "2024-05-01-05-00-00", "latency": 47}, {"date": "2024-05-01-05-00-00", "latency": 47}, {"date": "2024-05-01-05-00-00", "latency": 47}, {"date": "2024-05-01-05-00-00", "latency": 47}, {"date": "2024-05-01-05-00-00", "latency": 47}, {"date": "2024-05-01-05-00-00", "latency": 47}, {"date": "2024-05-01-05-00-00", "latency": 47}, {"date": "2024-05-01-05-00-00", "latency": 47}, {"date": "2024-05-01-05-00-00", "latency": 47}, {"date": "2024-05-01-05-00-00", "latency": 47}, {"date": "2024-05-01-05-00-00", "latency": 47}, {"date": "2024-05-01-05-00-00", "latency": 47}, {"date": "2024-05-01-05-00-00", "latency": 47}, {"date": "2024-05-01-05-00-00", "latency": 47}, {"date": "2024-05-01-05-00-00", "latency": 47}, {"date": "2024-05-01-05-00-00", "latency": 47}]}, {"location": {"country_code": "fi"}, "game_id": "747108", "values": [{"date": "2024-05-01-17-00-00", "latency": 31}, {"date": "2024-05-01-17-00-00", "latency": 31}, {"date": "2024-05-01-17-00-00", "latency": 31}, {"date": "2024-05-01-17-00-00", "latency": 31}, {"date": "2024-05-01-17-00-00", "latency": 31}, {"date": "2024-05-01-17-00-00", "latency": 31}, {"date": "2024-05-01-17-00-00", "latency": 31}, {"date": "2024-05-01-17-00-00", "latency": 31}, {"date": "2024-05-01-17-00-00", "latency": 31}, {"date": "2024-05-01-17-00-00", "latency": 31}, {"date": "2024-05-01-17-00-00", "latency": 31}, {"date": "2024-05-01-17-00-00", "latency": 31}, {"date": "2024-05-01-17-00-00", "latency": 31}, {"date": "2024-05-01-17-00-00", "latency": 31}, {"date": "2024-05-01-17-00-00", "latency": 31}, {"date": "2024-05-01-17-00-00", "latency": 31}, {"date": "2024-05-01-17-00-00", "latency": 31}, {"date": "2024-05-01-17-00-00", "latency": 31}, {"date": "2024-05-01-17-00-00", "latency": 31}, {"date": "2024-05-01-17-00-00", "latency": 31}, {"date": "2024-05-01-17-00-00", "latency": 31}, {"date": "2024-05-01-17-00-00", "latency": 31}, {"date": "2024-05-01-17-00-00", "latency": 31}, {"date": "2024-05-01-17-00-00", "latency": 31}, {"date": "2024-05-01-17-00-00", "latency": 31}, {"date": "2024-05-01-17-00-00", "latency": 31}, {"date": "2024-05-01-17-00-00", "latency": 31}, {"date": "2024-05-01-17-00-00", "latency": 31}, {"date": "2024-05-01-17-00-00", "latency": 31}, {"date": "2024-05-01-17-00-00", "latency": 31}, {"date": "2024-05-01-17-00-00", "latency": 31}, {"date": "2024-05-01-17-00-00", "latency": 31}, {"date": "2024-05-01-17-00-00", "latency": 31}, {"date": "2024-05-01-17-00-00", "latency": 31}, {"date": "2024-05-01-17-00-00", "latency": 31}, {"date": "2024-05-01-17-00-00", "latency": 31}, {"date": "2024-05-01-17-00-00", "latency": 31}, {"date": "2024-05-01-17-00-00", "latency": 31}, {"date": "2024-05-01-17-00-00", "latency": 31}, {"date": "2024-05-01-17-00-00", "latency": 31}, {"date": "2024-05-01-17-00-00", "latency": 31}, {"date": "2024-05-01-17-00-00", "latency": 31}, {"date": "2024-05-01-17-00-00", "latency": 31}, {"date": "2024-05-01-17-00-00", "latency": 31}, {"date": "2024-05-01-17-00-00", "latency": 31}, {"date": "2024-05-01-17-00-00", "latency": 31}, {"date": "2024-05-01-17-00-00", "latency": 31}, {"date": "2024-05-01-17-00-00", "latency": 31}, {"date": "2024-05-01-17-00-00", "latency": 31}, {"date": "2024-05-01-17-00-00", "latency": 31}, {"date": "2024-05-01-17-00-00", "latency": 31}, {"date": "2024-05-01-17-00-00", "latency": 31}, {"date": "2024-05-01-17-00-00", "latency": 31}, {"date": "2024-05-01-17-00-00", "latency": 31}, {"date": "2024-05-01-17-00-00", "latency": 31}, {"date": "2024-05-01-17-00-00", "latency": 31}, {"date": "2024-05-01-17-00-00", "latency": 31}, {"date": "2024-05-01-17-00-00", "latency": 31}, {"date": "2024-05-01-17-00-00", "latency": 31}, {"date": "2024-05-01-17-00-00", "latency": 31}, {"date": "2024-05-01-17-00-00", "latency": 31}, {"date": "2024-05-01-17-00-00", "latency": 31}, {"date": "2024-05-01-17-00-00", "latency": 31}, {"date": "2024-05-01-17-00-00", "latency": 31}, {"date": "2024-05-01-17-00-00", "latency": 31}, {"date": "2024-05-01-17-00-00", "latency": 31}, {"date": "2024-05-01-17-00-00", "latency": 31}, {"date": "2024-05-01-17-00-00", "latency": 31}, {"date": "2024-05-01-17-00-00", "latency": 31}, {"date": "2024-05-01-17-00-00", "latency": 31}, {"date": "2024-05-01-17-00-00", "latency": 31}, {"date": "2024-05-01-17-00-00", "latency": 31}]}, {"location": {"country_code": "mx", "region": "Puebla"}, "game_id": "747108", "values": [{"date": "2024-05-01-22-00-00", "latency": 109}, {"date": "2024-05-01-22-00-00", "latency": 109}, {"date": "2024-05-01-22-00-00", "latency": 109}, {"date": "2024-05-01-22-00-00", "latency": 109}, {"date": "2024-05-01-22-00-00", "latency": 109}, {"date": "2024-05-01-22-00-00", "latency": 109}, {"date": "2024-05-01-22-00-00", "latency": 109}]}, {"location": {"country_code": "at"}, "game_id": "747108", "values": [{"date": "2024-05-01-23-00-00", "latency": 62}, {"date": "2024-05-01-23-00-00", "latency": 62}, {"date": "2024-05-01-23-00-00", "latency": 62}, {"date": "2024-05-01-23-00-00", "latency": 62}, {"date": "2024-05-01-23-00-00", "latency": 62}, {"date": "2024-05-01-23-00-00", "latency": 62}, {"date": "2024-05-01-23-00-00", "latency": 62}, {"date": "2024-05-01-23-00-00", "latency": 62}, {"date": "2024-05-01-23-00-00", "latency": 62}, {"date": "2024-05-01-23-00-00", "latency": 62}, {"date": "2024-05-01-23-00-00", "latency": 62}, {"date": "2024-05-01-23-00-00", "latency": 62}, {"date": "2024-05-01-23-00-00", "latency": 62}, {"date": "2024-05-01-23-00-00", "latency": 62}, {"date": "2024-05-01-23-00-00", "latency": 62}, {"date": "2024-05-01-23-00-00", "latency": 62}, {"date": "2024-05-01-23-00-00", "latency": 62}, {"date": "2024-05-01-23-00-00", "latency": 62}, {"date": "2024-05-01-23-00-00", "latency": 62}, {"date": "2024-05-01-23-00-00", "latency": 62}, {"date": "2024-05-01-23-00-00", "latency": 62}, {"date": "2024-05-01-23-00-00", "latency": 62}, {"date": "2024-05-01-23-00-00", "latency": 62}, {"date": "2024-05-01-23-00-00", "latency": 62}, {"date": "2024-05-01-23-00-00", "latency": 62}, {"date": "2024-05-01-23-00-00", "latency": 62}, {"date": "2024-05-01-23-00-00", "latency": 62}, {"date": "2024-05-01-21-00-00", "latency": 32}, {"date": "2024-05-01-21-00-00", "latency": 32}, {"date": "2024-05-01-21-00-00", "latency": 32}, {"date": "2024-05-01-21-00-00", "latency": 32}, {"date": "2024-05-01-21-00-00", "latency": 32}, {"date": "2024-05-01-21-00-00", "latency": 32}, {"date": "2024-05-01-21-00-00", "latency": 32}, {"date": "2024-05-01-21-00-00", "latency": 32}, {"date": "2024-05-01-21-00-00", "latency": 32}, {"date": "2024-05-01-21-00-00", "latency": 32}, {"date": "2024-05-01-21-00-00", "latency": 32}, {"date": "2024-05-01-21-00-00", "latency": 32}, {"date": "2024-05-01-21-00-00", "latency": 32}, {"date": "2024-05-01-21-00-00", "latency": 32}, {"date": "2024-05-01-21-00-00", "latency": 32}, {"date": "2024-05-01-21-00-00", "latency": 32}, {"date": "2024-05-01-21-00-00", "latency": 32}, {"date": "2024-05-01-21-00-00", "latency": 32}, {"date": "2024-05-01-21-00-00", "latency": 32}, {"date": "2024-05-01-21-00-00", "latency": 32}, {"date": "2024-05-01-21-00-00", "latency": 32}, {"date": "2024-05-01-21-00-00", "latency": 32}, {"date": "2024-05-01-21-00-00", "latency": 32}, {"date": "2024-05-01-21-00-00", "latency": 32}, {"date": "2024-05-01-21-00-00", "latency": 32}, {"date": "2024-05-01-21-00-00", "latency": 32}, {"date": "2024-05-01-21-00-00", "latency": 32}, {"date": "2024-05-01-21-00-00", "latency": 32}, {"date": "2024-05-01-21-00-00", "latency": 32}, {"date": "2024-05-01-21-00-00", "latency": 32}, {"date": "2024-05-01-21-00-00", "latency": 32}, {"date": "2024-05-01-21-00-00", "latency": 32}, {"date": "2024-05-01-21-00-00", "latency": 32}, {"date": "2024-05-01-21-00-00", "latency": 32}, {"date": "2024-05-01-21-00-00", "latency": 32}, {"date": "2024-05-01-21-00-00", "latency": 32}, {"date": "2024-05-01-21-00-00", "latency": 32}, {"date": "2024-05-01-21-00-00", "latency": 32}, {"date": "2024-05-01-21-00-00", "latency": 32}, {"date": "2024-05-01-21-00-00", "latency": 32}, {"date": "2024-05-01-21-00-00", "latency": 32}, {"date": "2024-05-01-21-00-00", "latency": 32}, {"date": "2024-05-01-21-00-00", "latency": 32}, {"date": "2024-05-01-21-00-00", "latency": 32}, {"date": "2024-05-01-21-00-00", "latency": 32}, {"date": "2024-05-01-21-00-00", "latency": 32}, {"date": "2024-05-01-21-00-00", "latency": 32}, {"date": "2024-05-01-21-00-00", "latency": 32}, {"date": "2024-05-01-21-00-00", "latency": 32}, {"date": "2024-05-01-21-00-00", "latency": 32}, {"date": "2024-05-01-21-00-00", "latency": 32}]}, {"location": {"country_code": "br", "region": "Estado de Bahia", "city": "Salvador"}, "game_id": "747108", "values": [{"date": "2024-05-02-02-00-00", "latency": 62}, {"date": "2024-05-02-02-00-00", "latency": 62}, {"date": "2024-05-02-02-00-00", "latency": 62}, {"date": "2024-05-02-02-00-00", "latency": 62}, {"date": "2024-05-02-02-00-00", "latency": 62}, {"date": "2024-05-02-02-00-00", "latency": 62}, {"date": "2024-05-02-02-00-00", "latency": 62}, {"date": "2024-05-02-02-00-00", "latency": 62}, {"date": "2024-05-02-02-00-00", "latency": 62}, {"date": "2024-05-02-02-00-00", "latency": 62}, {"date": "2024-05-02-02-00-00", "latency": 62}, {"date": "2024-05-02-02-00-00", "latency": 62}, {"date": "2024-05-02-02-00-00", "latency": 62}, {"date": "2024-05-02-02-00-00", "latency": 62}, {"date": "2024-05-02-02-00-00", "latency": 62}, {"date": "2024-05-02-02-00-00", "latency": 62}, {"date": "2024-05-02-02-00-00", "latency": 62}, {"date": "2024-05-02-02-00-00", "latency": 62}, {"date": "2024-05-02-02-00-00", "latency": 62}, {"date": "2024-05-02-02-00-00", "latency": 62}, {"date": "2024-05-02-02-00-00", "latency": 62}, {"date": "2024-05-02-02-00-00", "latency": 62}]}, {"location": {"country_code": "es", "region": "Catalonia", "city": "l'Hospitalet de Llobregat"}, "game_id": "747108", "values": [{"date": "2024-05-01-23-00-00", "latency": 31}, {"date": "2024-05-01-23-00-00", "latency": 31}, {"date": "2024-05-01-23-00-00", "latency": 31}, {"date": "2024-05-01-23-00-00", "latency": 31}, {"date": "2024-05-01-23-00-00", "latency": 31}, {"date": "2024-05-01-23-00-00", "latency": 31}, {"date": "2024-05-01-23-00-00", "latency": 31}, {"date": "2024-05-01-23-00-00", "latency": 31}, {"date": "2024-05-01-23-00-00", "latency": 31}, {"date": "2024-05-01-23-00-00", "latency": 31}, {"date": "2024-05-01-23-00-00", "latency": 31}, {"date": "2024-05-01-23-00-00", "latency": 31}, {"date": "2024-05-01-23-00-00", "latency": 31}, {"date": "2024-05-01-23-00-00", "latency": 31}, {"date": "2024-05-01-23-00-00", "latency": 31}, {"date": "2024-05-01-23-00-00", "latency": 31}, {"date": "2024-05-01-23-00-00", "latency": 31}, {"date": "2024-05-01-23-00-00", "latency": 31}, {"date": "2024-05-01-23-00-00", "latency": 31}, {"date": "2024-05-01-23-00-00", "latency": 31}, {"date": "2024-05-01-23-00-00", "latency": 31}, {"date": "2024-05-01-23-00-00", "latency": 31}, {"date": "2024-05-01-23-00-00", "latency": 31}, {"date": "2024-05-01-23-00-00", "latency": 31}, {"date": "2024-05-01-23-00-00", "latency": 31}, {"date": "2024-05-01-23-00-00", "latency": 31}, {"date": "2024-05-01-23-00-00", "latency": 31}, {"date": "2024-05-01-23-00-00", "latency": 31}, {"date": "2024-05-01-23-00-00", "latency": 31}, {"date": "2024-05-01-23-00-00", "latency": 31}, {"date": "2024-05-01-23-00-00", "latency": 31}, {"date": "2024-05-01-23-00-00", "latency": 31}, {"date": "2024-05-01-23-00-00", "latency": 31}, {"date": "2024-05-01-23-00-00", "latency": 31}, {"date": "2024-05-01-23-00-00", "latency": 31}, {"date": "2024-05-01-23-00-00", "latency": 31}, {"date": "2024-05-01-23-00-00", "latency": 31}, {"date": "2024-05-01-23-00-00", "latency": 31}, {"date": "2024-05-01-23-00-00", "latency": 31}, {"date": "2024-05-01-23-00-00", "latency": 31}, {"date": "2024-05-01-23-00-00", "latency": 31}, {"date": "2024-05-01-23-00-00", "latency": 31}, {"date": "2024-05-01-23-00-00", "latency": 31}, {"date": "2024-05-01-23-00-00", "latency": 31}, {"date": "2024-05-01-23-00-00", "latency": 31}, {"date": "2024-05-01-23-00-00", "latency": 31}, {"date": "2024-05-01-23-00-00", "latency": 31}, {"date": "2024-05-01-23-00-00", "latency": 31}, {"date": "2024-05-01-23-00-00", "latency": 31}, {"date": "2024-05-01-23-00-00", "latency": 31}, {"date": "2024-05-01-23-00-00", "latency": 31}, {"date": "2024-05-01-23-00-00", "latency": 31}, {"date": "2024-05-01-23-00-00", "latency": 31}, {"date": "2024-05-01-23-00-00", "latency": 31}, {"date": "2024-05-01-23-00-00", "latency": 31}, {"date": "2024-05-01-23-00-00", "latency": 31}, {"date": "2024-05-01-23-00-00", "latency": 31}, {"date": "2024-05-01-23-00-00", "latency": 31}, {"date": "2024-05-01-23-00-00", "latency": 31}, {"date": "2024-05-01-23-00-00", "latency": 31}, {"date": "2024-05-01-20-00-00", "latency": 47}, {"date": "2024-05-01-20-00-00", "latency": 47}, {"date": "2024-05-01-20-00-00", "latency": 47}, {"date": "2024-05-01-20-00-00", "latency": 47}, {"date": "2024-05-01-20-00-00", "latency": 47}, {"date": "2024-05-01-20-00-00", "latency": 47}, {"date": "2024-05-01-20-00-00", "latency": 47}, {"date": "2024-05-01-20-00-00", "latency": 47}, {"date": "2024-05-01-20-00-00", "latency": 47}, {"date": "2024-05-01-20-00-00", "latency": 47}, {"date": "2024-05-01-20-00-00", "latency": 47}, {"date": "2024-05-01-20-00-00", "latency": 47}, {"date": "2024-05-01-20-00-00", "latency": 47}, {"date": "2024-05-01-20-00-00", "latency": 47}, {"date": "2024-05-01-20-00-00", "latency": 47}, {"date": "2024-05-01-20-00-00", "latency": 47}, {"date": "2024-05-01-20-00-00", "latency": 47}, {"date": "2024-05-01-20-00-00", "latency": 47}, {"date": "2024-05-01-20-00-00", "latency": 47}, {"date": "2024-05-01-20-00-00", "latency": 47}, {"date": "2024-05-01-20-00-00", "latency": 47}, {"date": "2024-05-01-20-00-00", "latency": 47}, {"date": "2024-05-01-20-00-00", "latency": 47}, {"date": "2024-05-01-20-00-00", "latency": 47}, {"date": "2024-05-01-20-00-00", "latency": 47}, {"date": "2024-05-01-20-00-00", "latency": 47}, {"date": "2024-05-01-20-00-00", "latency": 47}, {"date": "2024-05-01-20-00-00", "latency": 47}, {"date": "2024-05-01-20-00-00", "latency": 47}, {"date": "2024-05-01-20-00-00", "latency": 47}, {"date": "2024-05-01-20-00-00", "latency": 47}, {"date": "2024-05-01-20-00-00", "latency": 47}, {"date": "2024-05-01-20-00-00", "latency": 47}, {"date": "2024-05-01-20-00-00", "latency": 47}, {"date": "2024-05-01-20-00-00", "latency": 47}, {"date": "2024-05-01-20-00-00", "latency": 47}, {"date": "2024-05-01-20-00-00", "latency": 47}, {"date": "2024-05-01-20-00-00", "latency": 47}, {"date": "2024-05-01-20-00-00", "latency": 47}]}, {"location": {"country_code": "ca", "region": "Ontario", "city": "Toronto"}, "game_id": "747108", "values": [{"date": "2024-05-02-00-00-00", "latency": 31}, {"date": "2024-05-02-00-00-00", "latency": 31}, {"date": "2024-05-02-00-00-00", "latency": 31}, {"date": "2024-05-02-00-00-00", "latency": 31}, {"date": "2024-05-02-00-00-00", "latency": 31}, {"date": "2024-05-02-00-00-00", "latency": 31}, {"date": "2024-05-02-00-00-00", "latency": 31}, {"date": "2024-05-02-00-00-00", "latency": 31}, {"date": "2024-05-02-00-00-00", "latency": 31}, {"date": "2024-05-02-00-00-00", "latency": 31}, {"date": "2024-05-02-00-00-00", "latency": 31}, {"date": "2024-05-02-00-00-00", "latency": 31}, {"date": "2024-05-02-00-00-00", "latency": 31}, {"date": "2024-05-02-00-00-00", "latency": 31}, {"date": "2024-05-02-00-00-00", "latency": 31}, {"date": "2024-05-02-00-00-00", "latency": 31}, {"date": "2024-05-02-00-00-00", "latency": 31}, {"date": "2024-05-02-00-00-00", "latency": 125}, {"date": "2024-05-02-00-00-00", "latency": 125}, {"date": "2024-05-02-00-00-00", "latency": 125}, {"date": "2024-05-02-00-00-00", "latency": 125}, {"date": "2024-05-02-00-00-00", "latency": 125}, {"date": "2024-05-02-00-00-00", "latency": 125}, {"date": "2024-05-02-00-00-00", "latency": 125}, {"date": "2024-05-02-00-00-00", "latency": 125}, {"date": "2024-05-02-00-00-00", "latency": 125}, {"date": "2024-05-02-00-00-00", "latency": 125}, {"date": "2024-05-02-00-00-00", "latency": 125}, {"date": "2024-05-02-00-00-00", "latency": 125}, {"date": "2024-05-02-00-00-00", "latency": 125}, {"date": "2024-05-02-00-00-00", "latency": 125}]}, {"location": {"country_code": "do"}, "game_id": "747108", "values": [{"date": "2024-05-01-03-00-00", "latency": 16}]}, {"location": {"country_code": "br", "region": "Rio Grande do Sul", "city": "Porto Alegre"}, "game_id": "747108", "values": [{"date": "2024-05-02-01-00-00", "latency": 31}, {"date": "2024-05-02-01-00-00", "latency": 31}, {"date": "2024-05-02-01-00-00", "latency": 31}, {"date": "2024-05-02-01-00-00", "latency": 31}, {"date": "2024-05-02-01-00-00", "latency": 31}, {"date": "2024-05-02-01-00-00", "latency": 31}, {"date": "2024-05-02-01-00-00", "latency": 31}, {"date": "2024-05-02-01-00-00", "latency": 31}, {"date": "2024-05-02-01-00-00", "latency": 31}, {"date": "2024-05-02-01-00-00", "latency": 31}, {"date": "2024-05-02-01-00-00", "latency": 31}, {"date": "2024-05-02-01-00-00", "latency": 31}, {"date": "2024-05-02-01-00-00", "latency": 31}, {"date": "2024-05-02-01-00-00", "latency": 31}, {"date": "2024-05-02-01-00-00", "latency": 31}, {"date": "2024-05-02-01-00-00", "latency": 31}, {"date": "2024-05-02-01-00-00", "latency": 31}, {"date": "2024-05-02-01-00-00", "latency": 31}, {"date": "2024-05-02-01-00-00", "latency": 31}, {"date": "2024-05-02-01-00-00", "latency": 31}, {"date": "2024-05-02-01-00-00", "latency": 31}, {"date": "2024-05-02-01-00-00", "latency": 31}, {"date": "2024-05-02-01-00-00", "latency": 31}, {"date": "2024-05-02-01-00-00", "latency": 31}]}, {"location": {"country_code": "kw"}, "game_id": "747108", "values": [{"date": "2024-05-02-02-00-00", "latency": 94}, {"date": "2024-05-02-02-00-00", "latency": 94}, {"date": "2024-05-02-02-00-00", "latency": 94}, {"date": "2024-05-02-02-00-00", "latency": 94}, {"date": "2024-05-02-02-00-00", "latency": 94}, {"date": "2024-05-02-02-00-00", "latency": 94}, {"date": "2024-05-02-02-00-00", "latency": 94}, {"date": "2024-05-02-02-00-00", "latency": 94}, {"date": "2024-05-02-02-00-00", "latency": 94}, {"date": "2024-05-02-02-00-00", "latency": 94}, {"date": "2024-05-02-02-00-00", "latency": 94}, {"date": "2024-05-02-02-00-00", "latency": 94}, {"date": "2024-05-02-02-00-00", "latency": 94}, {"date": "2024-05-02-02-00-00", "latency": 94}]}, {"location": {"country_code": "mx", "region": "Sonora"}, "game_id": "747108", "values": [{"date": "2024-05-02-02-00-00", "latency": 78}, {"date": "2024-05-02-02-00-00", "latency": 78}, {"date": "2024-05-02-02-00-00", "latency": 78}, {"date": "2024-05-02-02-00-00", "latency": 78}, {"date": "2024-05-02-02-00-00", "latency": 78}, {"date": "2024-05-02-02-00-00", "latency": 78}, {"date": "2024-05-02-02-00-00", "latency": 78}, {"date": "2024-05-02-02-00-00", "latency": 78}, {"date": "2024-05-02-02-00-00", "latency": 78}, {"date": "2024-05-02-02-00-00", "latency": 78}, {"date": "2024-05-02-02-00-00", "latency": 78}, {"date": "2024-05-02-02-00-00", "latency": 78}, {"date": "2024-05-02-02-00-00", "latency": 78}, {"date": "2024-05-02-02-00-00", "latency": 78}, {"date": "2024-05-02-02-00-00", "latency": 78}, {"date": "2024-05-02-02-00-00", "latency": 78}, {"date": "2024-05-02-02-00-00", "latency": 78}, {"date": "2024-05-02-02-00-00", "latency": 78}, {"date": "2024-05-02-02-00-00", "latency": 78}, {"date": "2024-05-02-02-00-00", "latency": 78}, {"date": "2024-05-02-02-00-00", "latency": 78}, {"date": "2024-05-02-02-00-00", "latency": 78}, {"date": "2024-05-02-02-00-00", "latency": 78}, {"date": "2024-05-02-02-00-00", "latency": 78}, {"date": "2024-05-02-02-00-00", "latency": 78}, {"date": "2024-05-02-02-00-00", "latency": 78}, {"date": "2024-05-02-02-00-00", "latency": 78}, {"date": "2024-05-02-02-00-00", "latency": 78}, {"date": "2024-05-02-02-00-00", "latency": 78}, {"date": "2024-05-02-02-00-00", "latency": 78}, {"date": "2024-05-02-02-00-00", "latency": 78}, {"date": "2024-05-02-02-00-00", "latency": 78}, {"date": "2024-05-02-02-00-00", "latency": 78}, {"date": "2024-05-02-02-00-00", "latency": 78}, {"date": "2024-05-02-02-00-00", "latency": 78}, {"date": "2024-05-02-02-00-00", "latency": 78}, {"date": "2024-05-02-02-00-00", "latency": 78}, {"date": "2024-05-02-02-00-00", "latency": 78}, {"date": "2024-05-02-02-00-00", "latency": 78}, {"date": "2024-05-02-02-00-00", "latency": 78}, {"date": "2024-05-02-02-00-00", "latency": 78}, {"date": "2024-05-02-02-00-00", "latency": 78}, {"date": "2024-05-02-02-00-00", "latency": 78}, {"date": "2024-05-02-02-00-00", "latency": 78}, {"date": "2024-05-02-02-00-00", "latency": 78}, {"date": "2024-05-02-02-00-00", "latency": 78}, {"date": "2024-05-02-02-00-00", "latency": 78}, {"date": "2024-05-02-02-00-00", "latency": 78}, {"date": "2024-05-02-02-00-00", "latency": 78}, {"date": "2024-05-02-02-00-00", "latency": 78}, {"date": "2024-05-02-02-00-00", "latency": 78}, {"date": "2024-05-02-02-00-00", "latency": 78}, {"date": "2024-05-02-02-00-00", "latency": 78}, {"date": "2024-05-02-02-00-00", "latency": 78}, {"date": "2024-05-02-02-00-00", "latency": 78}, {"date": "2024-05-02-02-00-00", "latency": 78}, {"date": "2024-05-02-02-00-00", "latency": 78}, {"date": "2024-05-02-02-00-00", "latency": 78}]}, {"location": {"country_code": "de", "region": "North Rhine-Westphalia"}, "game_id": "747108", "values": [{"date": "2024-05-01-17-00-00", "latency": 16}, {"date": "2024-05-01-17-00-00", "latency": 16}, {"date": "2024-05-01-17-00-00", "latency": 16}, {"date": "2024-05-01-17-00-00", "latency": 16}, {"date": "2024-05-01-17-00-00", "latency": 16}, {"date": "2024-05-01-17-00-00", "latency": 16}, {"date": "2024-05-01-17-00-00", "latency": 16}, {"date": "2024-05-01-17-00-00", "latency": 16}, {"date": "2024-05-01-17-00-00", "latency": 16}, {"date": "2024-05-01-17-00-00", "latency": 16}, {"date": "2024-05-01-17-00-00", "latency": 16}, {"date": "2024-05-01-17-00-00", "latency": 16}, {"date": "2024-05-01-17-00-00", "latency": 16}, {"date": "2024-05-01-17-00-00", "latency": 16}, {"date": "2024-05-01-17-00-00", "latency": 16}, {"date": "2024-05-01-17-00-00", "latency": 16}, {"date": "2024-05-01-17-00-00", "latency": 16}, {"date": "2024-05-01-17-00-00", "latency": 16}, {"date": "2024-05-01-17-00-00", "latency": 16}, {"date": "2024-05-01-17-00-00", "latency": 16}, {"date": "2024-05-01-17-00-00", "latency": 16}, {"date": "2024-05-01-17-00-00", "latency": 16}, {"date": "2024-05-01-17-00-00", "latency": 16}, {"date": "2024-05-01-17-00-00", "latency": 16}, {"date": "2024-05-01-17-00-00", "latency": 16}, {"date": "2024-05-01-17-00-00", "latency": 16}, {"date": "2024-05-01-17-00-00", "latency": 16}, {"date": "2024-05-01-17-00-00", "latency": 16}, {"date": "2024-05-01-17-00-00", "latency": 16}, {"date": "2024-05-01-17-00-00", "latency": 16}, {"date": "2024-05-01-17-00-00", "latency": 16}, {"date": "2024-05-01-17-00-00", "latency": 16}, {"date": "2024-05-01-17-00-00", "latency": 16}, {"date": "2024-05-01-17-00-00", "latency": 16}, {"date": "2024-05-01-17-00-00", "latency": 16}, {"date": "2024-05-01-17-00-00", "latency": 16}, {"date": "2024-05-01-17-00-00", "latency": 16}, {"date": "2024-05-01-17-00-00", "latency": 16}, {"date": "2024-05-01-17-00-00", "latency": 16}, {"date": "2024-05-01-17-00-00", "latency": 16}, {"date": "2024-05-01-17-00-00", "latency": 16}, {"date": "2024-05-01-17-00-00", "latency": 16}, {"date": "2024-05-01-17-00-00", "latency": 16}, {"date": "2024-05-01-17-00-00", "latency": 16}, {"date": "2024-05-01-17-00-00", "latency": 16}, {"date": "2024-05-01-17-00-00", "latency": 16}, {"date": "2024-05-01-17-00-00", "latency": 16}, {"date": "2024-05-01-17-00-00", "latency": 16}, {"date": "2024-05-01-17-00-00", "latency": 16}, {"date": "2024-05-01-17-00-00", "latency": 16}, {"date": "2024-05-01-17-00-00", "latency": 16}, {"date": "2024-05-01-17-00-00", "latency": 16}, {"date": "2024-05-01-17-00-00", "latency": 16}, {"date": "2024-05-01-17-00-00", "latency": 16}, {"date": "2024-05-01-17-00-00", "latency": 16}, {"date": "2024-05-01-17-00-00", "latency": 16}, {"date": "2024-05-01-17-00-00", "latency": 16}, {"date": "2024-05-01-17-00-00", "latency": 16}, {"date": "2024-05-01-17-00-00", "latency": 16}, {"date": "2024-05-01-17-00-00", "latency": 16}, {"date": "2024-05-01-17-00-00", "latency": 16}, {"date": "2024-05-01-17-00-00", "latency": 16}, {"date": "2024-05-01-17-00-00", "latency": 16}, {"date": "2024-05-01-17-00-00", "latency": 16}, {"date": "2024-05-01-17-00-00", "latency": 16}, {"date": "2024-05-01-17-00-00", "latency": 16}, {"date": "2024-05-01-17-00-00", "latency": 16}, {"date": "2024-05-01-17-00-00", "latency": 16}, {"date": "2024-05-01-17-00-00", "latency": 16}, {"date": "2024-05-01-17-00-00", "latency": 16}, {"date": "2024-05-01-17-00-00", "latency": 16}, {"date": "2024-05-01-17-00-00", "latency": 16}]}, {"location": {"country_code": "fr", "region": "Nord-Passo di Calais-Piccardia"}, "game_id": "747108", "values": [{"date": "2024-05-02-02-00-00", "latency": 31}, {"date": "2024-05-02-02-00-00", "latency": 31}, {"date": "2024-05-02-02-00-00", "latency": 31}, {"date": "2024-05-02-02-00-00", "latency": 31}, {"date": "2024-05-02-02-00-00", "latency": 31}, {"date": "2024-05-02-02-00-00", "latency": 31}, {"date": "2024-05-02-02-00-00", "latency": 31}, {"date": "2024-05-02-02-00-00", "latency": 31}, {"date": "2024-05-02-02-00-00", "latency": 31}, {"date": "2024-05-02-02-00-00", "latency": 31}, {"date": "2024-05-02-02-00-00", "latency": 31}, {"date": "2024-05-02-02-00-00", "latency": 31}, {"date": "2024-05-02-02-00-00", "latency": 31}, {"date": "2024-05-02-02-00-00", "latency": 31}, {"date": "2024-05-02-02-00-00", "latency": 31}, {"date": "2024-05-02-02-00-00", "latency": 31}, {"date": "2024-05-02-02-00-00", "latency": 31}, {"date": "2024-05-02-02-00-00", "latency": 31}, {"date": "2024-05-02-02-00-00", "latency": 31}, {"date": "2024-05-02-02-00-00", "latency": 31}, {"date": "2024-05-02-02-00-00", "latency": 31}, {"date": "2024-05-02-02-00-00", "latency": 31}, {"date": "2024-05-02-02-00-00", "latency": 31}, {"date": "2024-05-02-02-00-00", "latency": 31}, {"date": "2024-05-02-02-00-00", "latency": 31}, {"date": "2024-05-02-02-00-00", "latency": 31}, {"date": "2024-05-02-02-00-00", "latency": 31}, {"date": "2024-05-02-02-00-00", "latency": 31}, {"date": "2024-05-02-02-00-00", "latency": 31}, {"date": "2024-05-02-02-00-00", "latency": 31}, {"date": "2024-05-02-02-00-00", "latency": 31}, {"date": "2024-05-02-02-00-00", "latency": 31}, {"date": "2024-05-02-02-00-00", "latency": 31}, {"date": "2024-05-02-02-00-00", "latency": 31}, {"date": "2024-05-02-02-00-00", "latency": 31}, {"date": "2024-05-02-02-00-00", "latency": 31}, {"date": "2024-05-02-02-00-00", "latency": 31}, {"date": "2024-05-02-02-00-00", "latency": 31}, {"date": "2024-05-02-02-00-00", "latency": 31}, {"date": "2024-05-02-02-00-00", "latency": 31}, {"date": "2024-05-02-02-00-00", "latency": 31}, {"date": "2024-05-02-02-00-00", "latency": 31}, {"date": "2024-05-02-02-00-00", "latency": 31}, {"date": "2024-05-02-02-00-00", "latency": 31}, {"date": "2024-05-02-02-00-00", "latency": 31}, {"date": "2024-05-02-02-00-00", "latency": 31}, {"date": "2024-05-02-02-00-00", "latency": 31}, {"date": "2024-05-02-02-00-00", "latency": 31}, {"date": "2024-05-02-02-00-00", "latency": 31}, {"date": "2024-05-02-02-00-00", "latency": 31}, {"date": "2024-05-02-02-00-00", "latency": 31}, {"date": "2024-05-02-02-00-00", "latency": 31}, {"date": "2024-05-02-02-00-00", "latency": 31}, {"date": "2024-05-02-02-00-00", "latency": 31}, {"date": "2024-05-02-02-00-00", "latency": 31}, {"date": "2024-05-02-02-00-00", "latency": 31}, {"date": "2024-05-02-02-00-00", "latency": 31}, {"date": "2024-05-02-02-00-00", "latency": 31}, {"date": "2024-05-02-02-00-00", "latency": 31}, {"date": "2024-05-02-02-00-00", "latency": 31}, {"date": "2024-05-02-02-00-00", "latency": 31}, {"date": "2024-05-02-02-00-00", "latency": 31}, {"date": "2024-05-02-02-00-00", "latency": 31}, {"date": "2024-05-02-02-00-00", "latency": 31}, {"date": "2024-05-02-02-00-00", "latency": 31}, {"date": "2024-05-02-02-00-00", "latency": 31}, {"date": "2024-05-02-02-00-00", "latency": 31}, {"date": "2024-05-02-02-00-00", "latency": 31}, {"date": "2024-05-02-02-00-00", "latency": 31}, {"date": "2024-05-02-02-00-00", "latency": 31}, {"date": "2024-05-02-02-00-00", "latency": 31}, {"date": "2024-05-02-02-00-00", "latency": 31}, {"date": "2024-05-02-02-00-00", "latency": 31}, {"date": "2024-05-02-02-00-00", "latency": 31}, {"date": "2024-05-02-02-00-00", "latency": 31}, {"date": "2024-05-02-02-00-00", "latency": 31}, {"date": "2024-05-02-02-00-00", "latency": 31}, {"date": "2024-05-02-02-00-00", "latency": 31}]}, {"location": {"country_code": "br", "region": "Sao Paulo", "city": "Sertaozinho"}, "game_id": "747108", "values": [{"date": "2024-05-02-00-00-00", "latency": 15}, {"date": "2024-05-02-00-00-00", "latency": 15}, {"date": "2024-05-02-00-00-00", "latency": 15}, {"date": "2024-05-02-00-00-00", "latency": 15}, {"date": "2024-05-02-00-00-00", "latency": 15}, {"date": "2024-05-02-00-00-00", "latency": 15}, {"date": "2024-05-02-00-00-00", "latency": 15}, {"date": "2024-05-02-00-00-00", "latency": 15}, {"date": "2024-05-02-00-00-00", "latency": 15}, {"date": "2024-05-02-00-00-00", "latency": 15}, {"date": "2024-05-02-00-00-00", "latency": 15}, {"date": "2024-05-02-00-00-00", "latency": 15}, {"date": "2024-05-02-00-00-00", "latency": 15}, {"date": "2024-05-02-00-00-00", "latency": 15}, {"date": "2024-05-02-00-00-00", "latency": 15}, {"date": "2024-05-02-00-00-00", "latency": 15}, {"date": "2024-05-02-00-00-00", "latency": 15}, {"date": "2024-05-02-00-00-00", "latency": 15}, {"date": "2024-05-02-00-00-00", "latency": 15}, {"date": "2024-05-02-00-00-00", "latency": 15}, {"date": "2024-05-02-00-00-00", "latency": 15}, {"date": "2024-05-02-00-00-00", "latency": 15}, {"date": "2024-05-02-00-00-00", "latency": 15}, {"date": "2024-05-02-00-00-00", "latency": 15}, {"date": "2024-05-02-00-00-00", "latency": 15}, {"date": "2024-05-02-00-00-00", "latency": 15}, {"date": "2024-05-02-00-00-00", "latency": 15}, {"date": "2024-05-02-00-00-00", "latency": 15}, {"date": "2024-05-02-00-00-00", "latency": 15}, {"date": "2024-05-02-00-00-00", "latency": 15}, {"date": "2024-05-02-00-00-00", "latency": 15}, {"date": "2024-05-02-00-00-00", "latency": 15}, {"date": "2024-05-02-00-00-00", "latency": 15}, {"date": "2024-05-02-00-00-00", "latency": 15}, {"date": "2024-05-02-00-00-00", "latency": 15}, {"date": "2024-05-02-00-00-00", "latency": 15}, {"date": "2024-05-02-00-00-00", "latency": 15}, {"date": "2024-05-02-00-00-00", "latency": 15}, {"date": "2024-05-02-00-00-00", "latency": 15}, {"date": "2024-05-02-00-00-00", "latency": 15}, {"date": "2024-05-02-00-00-00", "latency": 15}, {"date": "2024-05-02-00-00-00", "latency": 15}, {"date": "2024-05-02-00-00-00", "latency": 15}, {"date": "2024-05-02-00-00-00", "latency": 15}, {"date": "2024-05-02-00-00-00", "latency": 15}, {"date": "2024-05-02-00-00-00", "latency": 15}, {"date": "2024-05-02-00-00-00", "latency": 15}, {"date": "2024-05-02-00-00-00", "latency": 15}, {"date": "2024-05-02-00-00-00", "latency": 15}, {"date": "2024-05-02-00-00-00", "latency": 15}, {"date": "2024-05-02-00-00-00", "latency": 15}, {"date": "2024-05-02-00-00-00", "latency": 15}, {"date": "2024-05-02-00-00-00", "latency": 15}, {"date": "2024-05-02-00-00-00", "latency": 15}, {"date": "2024-05-02-00-00-00", "latency": 15}, {"date": "2024-05-02-00-00-00", "latency": 15}, {"date": "2024-05-02-00-00-00", "latency": 15}, {"date": "2024-05-02-00-00-00", "latency": 15}, {"date": "2024-05-02-00-00-00", "latency": 15}, {"date": "2024-05-02-00-00-00", "latency": 15}, {"date": "2024-05-02-00-00-00", "latency": 15}, {"date": "2024-05-02-00-00-00", "latency": 15}, {"date": "2024-05-02-00-00-00", "latency": 15}, {"date": "2024-05-02-00-00-00", "latency": 15}, {"date": "2024-05-02-00-00-00", "latency": 15}, {"date": "2024-05-02-00-00-00", "latency": 15}, {"date": "2024-05-02-00-00-00", "latency": 15}, {"date": "2024-05-02-00-00-00", "latency": 15}, {"date": "2024-05-02-00-00-00", "latency": 15}, {"date": "2024-05-02-00-00-00", "latency": 15}, {"date": "2024-05-02-00-00-00", "latency": 15}, {"date": "2024-05-02-00-00-00", "latency": 15}, {"date": "2024-05-02-00-00-00", "latency": 15}, {"date": "2024-05-02-00-00-00", "latency": 15}, {"date": "2024-05-02-00-00-00", "latency": 15}, {"date": "2024-05-02-00-00-00", "latency": 15}, {"date": "2024-05-02-00-00-00", "latency": 15}, {"date": "2024-05-02-00-00-00", "latency": 15}, {"date": "2024-05-02-00-00-00", "latency": 15}]}, {"location": {"country_code": "es", "region": "Andalusia", "city": "Cordoba"}, "game_id": "747108", "values": [{"date": "2024-05-01-23-00-00", "latency": 31}, {"date": "2024-05-01-23-00-00", "latency": 31}, {"date": "2024-05-01-23-00-00", "latency": 31}, {"date": "2024-05-01-23-00-00", "latency": 31}, {"date": "2024-05-01-23-00-00", "latency": 31}, {"date": "2024-05-01-23-00-00", "latency": 31}, {"date": "2024-05-01-23-00-00", "latency": 31}, {"date": "2024-05-01-23-00-00", "latency": 31}, {"date": "2024-05-01-23-00-00", "latency": 31}, {"date": "2024-05-01-23-00-00", "latency": 31}, {"date": "2024-05-01-23-00-00", "latency": 31}, {"date": "2024-05-01-23-00-00", "latency": 31}, {"date": "2024-05-01-23-00-00", "latency": 31}, {"date": "2024-05-01-23-00-00", "latency": 31}, {"date": "2024-05-01-23-00-00", "latency": 31}, {"date": "2024-05-01-23-00-00", "latency": 31}, {"date": "2024-05-01-23-00-00", "latency": 31}, {"date": "2024-05-01-23-00-00", "latency": 31}, {"date": "2024-05-01-23-00-00", "latency": 31}, {"date": "2024-05-01-23-00-00", "latency": 31}, {"date": "2024-05-01-23-00-00", "latency": 31}, {"date": "2024-05-01-23-00-00", "latency": 31}, {"date": "2024-05-01-23-00-00", "latency": 31}, {"date": "2024-05-01-23-00-00", "latency": 31}, {"date": "2024-05-01-23-00-00", "latency": 31}, {"date": "2024-05-01-23-00-00", "latency": 31}, {"date": "2024-05-01-23-00-00", "latency": 31}, {"date": "2024-05-01-23-00-00", "latency": 31}, {"date": "2024-05-01-23-00-00", "latency": 31}, {"date": "2024-05-01-23-00-00", "latency": 31}, {"date": "2024-05-01-23-00-00", "latency": 31}, {"date": "2024-05-01-23-00-00", "latency": 31}, {"date": "2024-05-01-23-00-00", "latency": 31}, {"date": "2024-05-01-23-00-00", "latency": 31}, {"date": "2024-05-01-23-00-00", "latency": 31}, {"date": "2024-05-01-23-00-00", "latency": 31}, {"date": "2024-05-01-23-00-00", "latency": 31}, {"date": "2024-05-01-23-00-00", "latency": 31}, {"date": "2024-05-01-23-00-00", "latency": 31}, {"date": "2024-05-01-23-00-00", "latency": 31}, {"date": "2024-05-01-23-00-00", "latency": 31}, {"date": "2024-05-01-23-00-00", "latency": 31}, {"date": "2024-05-01-23-00-00", "latency": 31}, {"date": "2024-05-01-23-00-00", "latency": 31}, {"date": "2024-05-01-23-00-00", "latency": 31}, {"date": "2024-05-01-23-00-00", "latency": 31}, {"date": "2024-05-01-23-00-00", "latency": 31}, {"date": "2024-05-01-23-00-00", "latency": 31}, {"date": "2024-05-01-23-00-00", "latency": 31}, {"date": "2024-05-01-23-00-00", "latency": 31}, {"date": "2024-05-01-23-00-00", "latency": 31}, {"date": "2024-05-01-23-00-00", "latency": 31}, {"date": "2024-05-01-23-00-00", "latency": 31}, {"date": "2024-05-01-23-00-00", "latency": 31}, {"date": "2024-05-01-23-00-00", "latency": 31}, {"date": "2024-05-01-23-00-00", "latency": 31}, {"date": "2024-05-01-23-00-00", "latency": 31}, {"date": "2024-05-01-23-00-00", "latency": 31}, {"date": "2024-05-01-23-00-00", "latency": 31}, {"date": "2024-05-01-23-00-00", "latency": 31}, {"date": "2024-05-01-23-00-00", "latency": 31}, {"date": "2024-05-01-23-00-00", "latency": 31}, {"date": "2024-05-01-23-00-00", "latency": 31}, {"date": "2024-05-01-23-00-00", "latency": 31}, {"date": "2024-05-01-23-00-00", "latency": 31}, {"date": "2024-05-01-23-00-00", "latency": 31}, {"date": "2024-05-01-23-00-00", "latency": 31}, {"date": "2024-05-01-23-00-00", "latency": 31}, {"date": "2024-05-01-23-00-00", "latency": 31}, {"date": "2024-05-01-23-00-00", "latency": 31}, {"date": "2024-05-01-23-00-00", "latency": 31}, {"date": "2024-05-01-23-00-00", "latency": 31}, {"date": "2024-05-01-23-00-00", "latency": 31}, {"date": "2024-05-01-23-00-00", "latency": 31}, {"date": "2024-05-01-23-00-00", "latency": 31}, {"date": "2024-05-01-23-00-00", "latency": 31}]}, {"location": {"country_code": "br", "region": "Sao Paulo", "city": "Franca"}, "game_id": "747108", "values": [{"date": "2024-05-01-21-00-00", "latency": 32}, {"date": "2024-05-01-21-00-00", "latency": 32}, {"date": "2024-05-01-21-00-00", "latency": 32}, {"date": "2024-05-01-21-00-00", "latency": 32}, {"date": "2024-05-01-21-00-00", "latency": 32}, {"date": "2024-05-01-21-00-00", "latency": 32}, {"date": "2024-05-01-21-00-00", "latency": 32}, {"date": "2024-05-01-21-00-00", "latency": 32}, {"date": "2024-05-01-21-00-00", "latency": 32}, {"date": "2024-05-01-21-00-00", "latency": 32}, {"date": "2024-05-01-21-00-00", "latency": 32}, {"date": "2024-05-01-21-00-00", "latency": 32}, {"date": "2024-05-01-21-00-00", "latency": 32}, {"date": "2024-05-01-21-00-00", "latency": 32}, {"date": "2024-05-01-21-00-00", "latency": 32}, {"date": "2024-05-01-21-00-00", "latency": 32}, {"date": "2024-05-01-21-00-00", "latency": 32}, {"date": "2024-05-01-21-00-00", "latency": 32}, {"date": "2024-05-01-21-00-00", "latency": 32}, {"date": "2024-05-01-21-00-00", "latency": 32}, {"date": "2024-05-01-21-00-00", "latency": 32}, {"date": "2024-05-01-21-00-00", "latency": 32}, {"date": "2024-05-01-21-00-00", "latency": 32}, {"date": "2024-05-01-21-00-00", "latency": 32}, {"date": "2024-05-01-21-00-00", "latency": 32}, {"date": "2024-05-01-21-00-00", "latency": 32}, {"date": "2024-05-01-21-00-00", "latency": 32}, {"date": "2024-05-01-21-00-00", "latency": 32}, {"date": "2024-05-01-21-00-00", "latency": 32}, {"date": "2024-05-01-21-00-00", "latency": 32}, {"date": "2024-05-01-21-00-00", "latency": 32}, {"date": "2024-05-01-21-00-00", "latency": 32}, {"date": "2024-05-01-21-00-00", "latency": 32}, {"date": "2024-05-01-21-00-00", "latency": 32}, {"date": "2024-05-01-21-00-00", "latency": 32}, {"date": "2024-05-01-21-00-00", "latency": 32}, {"date": "2024-05-01-21-00-00", "latency": 32}, {"date": "2024-05-01-21-00-00", "latency": 32}, {"date": "2024-05-01-21-00-00", "latency": 32}]}, {"location": {"country_code": "fr", "region": "Nord-Passo di Calais-Piccardia", "city": "Albert"}, "game_id": "747108", "values": [{"date": "2024-05-01-19-00-00", "latency": 63}, {"date": "2024-05-01-19-00-00", "latency": 63}, {"date": "2024-05-01-19-00-00", "latency": 63}, {"date": "2024-05-01-19-00-00", "latency": 63}, {"date": "2024-05-01-19-00-00", "latency": 63}, {"date": "2024-05-01-19-00-00", "latency": 63}, {"date": "2024-05-01-19-00-00", "latency": 63}, {"date": "2024-05-01-19-00-00", "latency": 63}, {"date": "2024-05-01-19-00-00", "latency": 63}, {"date": "2024-05-01-19-00-00", "latency": 63}, {"date": "2024-05-01-19-00-00", "latency": 63}, {"date": "2024-05-01-19-00-00", "latency": 63}, {"date": "2024-05-01-19-00-00", "latency": 63}, {"date": "2024-05-01-19-00-00", "latency": 63}, {"date": "2024-05-01-19-00-00", "latency": 63}, {"date": "2024-05-01-19-00-00", "latency": 63}, {"date": "2024-05-01-19-00-00", "latency": 63}, {"date": "2024-05-01-19-00-00", "latency": 63}, {"date": "2024-05-01-19-00-00", "latency": 63}, {"date": "2024-05-01-19-00-00", "latency": 63}, {"date": "2024-05-01-19-00-00", "latency": 63}, {"date": "2024-05-01-19-00-00", "latency": 63}, {"date": "2024-05-01-19-00-00", "latency": 63}]}, {"location": {"country_code": "us", "region": "Arkansas", "city": "Newport"}, "game_id": "747108", "values": [{"date": "2024-05-01-22-00-00", "latency": 16}, {"date": "2024-05-01-22-00-00", "latency": 16}, {"date": "2024-05-01-22-00-00", "latency": 16}, {"date": "2024-05-01-22-00-00", "latency": 16}, {"date": "2024-05-01-22-00-00", "latency": 16}, {"date": "2024-05-01-22-00-00", "latency": 16}, {"date": "2024-05-01-22-00-00", "latency": 16}, {"date": "2024-05-01-22-00-00", "latency": 16}, {"date": "2024-05-01-22-00-00", "latency": 16}, {"date": "2024-05-01-22-00-00", "latency": 16}, {"date": "2024-05-01-22-00-00", "latency": 16}, {"date": "2024-05-01-22-00-00", "latency": 16}, {"date": "2024-05-01-22-00-00", "latency": 16}, {"date": "2024-05-01-22-00-00", "latency": 16}, {"date": "2024-05-01-22-00-00", "latency": 16}, {"date": "2024-05-01-22-00-00", "latency": 16}, {"date": "2024-05-01-22-00-00", "latency": 16}, {"date": "2024-05-01-22-00-00", "latency": 16}, {"date": "2024-05-01-22-00-00", "latency": 16}, {"date": "2024-05-01-22-00-00", "latency": 16}, {"date": "2024-05-01-22-00-00", "latency": 16}, {"date": "2024-05-01-22-00-00", "latency": 16}, {"date": "2024-05-01-22-00-00", "latency": 16}, {"date": "2024-05-01-22-00-00", "latency": 16}, {"date": "2024-05-01-22-00-00", "latency": 16}, {"date": "2024-05-01-22-00-00", "latency": 16}, {"date": "2024-05-01-22-00-00", "latency": 16}, {"date": "2024-05-01-22-00-00", "latency": 16}, {"date": "2024-05-01-22-00-00", "latency": 16}, {"date": "2024-05-01-22-00-00", "latency": 16}, {"date": "2024-05-01-22-00-00", "latency": 16}, {"date": "2024-05-01-22-00-00", "latency": 16}, {"date": "2024-05-01-22-00-00", "latency": 16}, {"date": "2024-05-01-22-00-00", "latency": 16}, {"date": "2024-05-01-22-00-00", "latency": 16}, {"date": "2024-05-01-22-00-00", "latency": 16}, {"date": "2024-05-01-22-00-00", "latency": 16}, {"date": "2024-05-01-22-00-00", "latency": 16}, {"date": "2024-05-01-22-00-00", "latency": 16}, {"date": "2024-05-01-22-00-00", "latency": 16}, {"date": "2024-05-01-22-00-00", "latency": 16}, {"date": "2024-05-01-22-00-00", "latency": 16}, {"date": "2024-05-01-22-00-00", "latency": 16}, {"date": "2024-05-01-22-00-00", "latency": 16}, {"date": "2024-05-01-22-00-00", "latency": 16}, {"date": "2024-05-01-22-00-00", "latency": 16}, {"date": "2024-05-01-22-00-00", "latency": 16}, {"date": "2024-05-01-22-00-00", "latency": 16}, {"date": "2024-05-01-22-00-00", "latency": 16}, {"date": "2024-05-01-22-00-00", "latency": 16}, {"date": "2024-05-01-22-00-00", "latency": 16}, {"date": "2024-05-01-22-00-00", "latency": 16}, {"date": "2024-05-01-22-00-00", "latency": 16}, {"date": "2024-05-01-22-00-00", "latency": 16}, {"date": "2024-05-01-22-00-00", "latency": 16}, {"date": "2024-05-01-22-00-00", "latency": 16}, {"date": "2024-05-01-22-00-00", "latency": 16}, {"date": "2024-05-01-22-00-00", "latency": 16}]}], "last_updated": 1719926779.586746}