{"data": [{"location": {"country_code": "si"}, "game_id": "295590", "values": [{"date": "2024-02-20-18-00-00", "latency": 28}]}, {"location": {"country_code": "us"}, "game_id": "295590", "values": [{"date": "2024-02-20-08-00-00", "latency": 91}, {"date": "2024-02-20-08-00-00", "latency": 91}, {"date": "2024-02-20-18-00-00", "latency": 75}, {"date": "2024-02-20-22-00-00", "latency": 117}, {"date": "2024-02-20-02-00-00", "latency": 62}, {"date": "2024-02-20-19-00-00", "latency": 176}, {"date": "2024-02-20-10-00-00", "latency": 62}, {"date": "2024-02-20-06-00-00", "latency": 75}, {"date": "2024-02-20-06-00-00", "latency": 56}]}, {"location": {"country_code": "gb"}, "game_id": "295590", "values": [{"date": "2024-02-21-00-00-00", "latency": 64}, {"date": "2024-02-21-00-00-00", "latency": 51}, {"date": "2024-02-21-00-00-00", "latency": 51}, {"date": "2024-02-21-00-00-00", "latency": 51}, {"date": "2024-02-20-01-00-00", "latency": 97}, {"date": "2024-02-20-01-00-00", "latency": 97}, {"date": "2024-02-20-01-00-00", "latency": 97}]}, {"location": {"country_code": "nl"}, "game_id": "295590", "values": [{"date": "2024-02-20-19-00-00", "latency": 35}]}, {"location": {"country_code": "cz"}, "game_id": "295590", "values": [{"date": "2024-02-20-18-00-00", "latency": 72}, {"date": "2024-02-20-18-00-00", "latency": 72}, {"date": "2024-02-20-21-00-00", "latency": 70}, {"date": "2024-02-20-15-00-00", "latency": 61}, {"date": "2024-02-20-15-00-00", "latency": 61}]}, {"location": {"country_code": "it"}, "game_id": "295590", "values": [{"date": "2024-02-20-21-00-00", "latency": 280}, {"date": "2024-02-20-21-00-00", "latency": 280}, {"date": "2024-02-20-21-00-00", "latency": 280}, {"date": "2024-02-20-21-00-00", "latency": 280}]}, {"location": {"country_code": "jp"}, "game_id": "295590", "values": [{"date": "2024-02-20-15-00-00", "latency": 38}, {"date": "2024-02-20-15-00-00", "latency": 106}, {"date": "2024-02-20-05-00-00", "latency": 82}]}, {"location": {"country_code": "ca"}, "game_id": "295590", "values": [{"date": "2024-02-20-10-00-00", "latency": 83}, {"date": "2024-02-20-08-00-00", "latency": 60}, {"date": "2024-02-20-08-00-00", "latency": 60}, {"date": "2024-02-20-05-00-00", "latency": 43}, {"date": "2024-02-20-17-00-00", "latency": 59}, {"date": "2024-02-20-21-00-00", "latency": 105}]}, {"location": {"country_code": "ca", "region": "British Columbia"}, "game_id": "295590", "values": [{"date": "2024-02-20-11-00-00", "latency": 92}]}, {"location": {"country_code": "de"}, "game_id": "295590", "values": [{"date": "2024-02-20-09-00-00", "latency": 76}, {"date": "2024-02-20-09-00-00", "latency": 76}, {"date": "2024-02-20-09-00-00", "latency": 76}, {"date": "2024-02-20-09-00-00", "latency": 76}, {"date": "2024-02-20-17-00-00", "latency": 36}, {"date": "2024-02-20-17-00-00", "latency": 36}, {"date": "2024-02-20-17-00-00", "latency": 36}, {"date": "2024-02-20-17-00-00", "latency": 36}, {"date": "2024-02-20-17-00-00", "latency": 36}, {"date": "2024-02-20-18-00-00", "latency": 650}, {"date": "2024-02-20-18-00-00", "latency": 650}, {"date": "2024-02-20-18-00-00", "latency": 650}, {"date": "2024-02-20-18-00-00", "latency": 650}, {"date": "2024-02-20-14-00-00", "latency": 45}, {"date": "2024-02-20-14-00-00", "latency": 45}, {"date": "2024-02-20-22-00-00", "latency": 70}, {"date": "2024-02-20-22-00-00", "latency": 70}, {"date": "2024-02-20-05-00-00", "latency": 60}, {"date": "2024-02-20-22-00-00", "latency": 35}]}, {"location": {"country_code": "tw"}, "game_id": "295590", "values": [{"date": "2024-02-20-22-00-00", "latency": 128}, {"date": "2024-02-20-13-00-00", "latency": 91}]}, {"location": {"country_code": "us", "region": "Indiana"}, "game_id": "295590", "values": [{"date": "2024-02-20-20-00-00", "latency": 47}, {"date": "2024-02-20-20-00-00", "latency": 47}, {"date": "2024-02-20-20-00-00", "latency": 47}, {"date": "2024-02-20-20-00-00", "latency": 47}]}, {"location": {"country_code": "gb", "region": "Scotland"}, "game_id": "295590", "values": [{"date": "2024-02-20-04-00-00", "latency": 97}, {"date": "2024-02-20-04-00-00", "latency": 97}, {"date": "2024-02-20-04-00-00", "latency": 97}, {"date": "2024-02-20-04-00-00", "latency": 97}, {"date": "2024-02-20-04-00-00", "latency": 97}, {"date": "2024-02-20-04-00-00", "latency": 97}, {"date": "2024-02-20-04-00-00", "latency": 97}, {"date": "2024-02-20-04-00-00", "latency": 97}, {"date": "2024-02-20-04-00-00", "latency": 97}, {"date": "2024-02-20-04-00-00", "latency": 97}, {"date": "2024-02-20-04-00-00", "latency": 97}]}, {"location": {"country_code": "cl"}, "game_id": "295590", "values": [{"date": "2024-02-20-07-00-00", "latency": 70}, {"date": "2024-02-20-17-00-00", "latency": 80}, {"date": "2024-02-20-08-00-00", "latency": 310}, {"date": "2024-02-20-08-00-00", "latency": 310}]}, {"location": {"country_code": "us", "region": "Texas"}, "game_id": "295590", "values": [{"date": "2024-02-20-04-00-00", "latency": 93}, {"date": "2024-02-20-04-00-00", "latency": 93}]}, {"location": {"country_code": "us", "region": "Florida"}, "game_id": "295590", "values": [{"date": "2024-02-20-05-00-00", "latency": 93}, {"date": "2024-02-20-01-00-00", "latency": 51}]}, {"location": {"country_code": "co"}, "game_id": "295590", "values": [{"date": "2024-02-20-02-00-00", "latency": 90}, {"date": "2024-02-20-18-00-00", "latency": 72}, {"date": "2024-02-20-04-00-00", "latency": 111}, {"date": "2024-02-20-23-00-00", "latency": 76}, {"date": "2024-02-20-06-00-00", "latency": 118}]}, {"location": {"country_code": "fr"}, "game_id": "295590", "values": [{"date": "2024-02-21-00-00-00", "latency": 53}, {"date": "2024-02-20-17-00-00", "latency": 41}, {"date": "2024-02-20-19-00-00", "latency": 53}, {"date": "2024-02-20-19-00-00", "latency": 36}, {"date": "2024-02-20-19-00-00", "latency": 36}]}, {"location": {"country_code": "us", "region": "New Jersey"}, "game_id": "295590", "values": [{"date": "2024-02-20-05-00-00", "latency": 550}, {"date": "2024-02-20-02-00-00", "latency": 723}]}, {"location": {"country_code": "mx"}, "game_id": "295590", "values": [{"date": "2024-02-20-17-00-00", "latency": 183}, {"date": "2024-02-20-06-00-00", "latency": 173}, {"date": "2024-02-20-06-00-00", "latency": 173}, {"date": "2024-02-20-06-00-00", "latency": 173}, {"date": "2024-02-20-06-00-00", "latency": 173}, {"date": "2024-02-20-06-00-00", "latency": 173}, {"date": "2024-02-20-06-00-00", "latency": 173}, {"date": "2024-02-20-06-00-00", "latency": 173}, {"date": "2024-02-20-06-00-00", "latency": 173}, {"date": "2024-02-20-06-00-00", "latency": 173}, {"date": "2024-02-20-06-00-00", "latency": 173}, {"date": "2024-02-20-06-00-00", "latency": 173}, {"date": "2024-02-20-06-00-00", "latency": 173}, {"date": "2024-02-20-06-00-00", "latency": 173}, {"date": "2024-02-20-06-00-00", "latency": 173}, {"date": "2024-02-20-06-00-00", "latency": 173}, {"date": "2024-02-20-06-00-00", "latency": 173}, {"date": "2024-02-20-06-00-00", "latency": 173}, {"date": "2024-02-20-06-00-00", "latency": 173}, {"date": "2024-02-20-06-00-00", "latency": 173}, {"date": "2024-02-20-06-00-00", "latency": 173}, {"date": "2024-02-20-06-00-00", "latency": 173}, {"date": "2024-02-20-06-00-00", "latency": 173}, {"date": "2024-02-20-06-00-00", "latency": 173}, {"date": "2024-02-20-06-00-00", "latency": 173}, {"date": "2024-02-20-06-00-00", "latency": 173}, {"date": "2024-02-20-06-00-00", "latency": 173}, {"date": "2024-02-20-06-00-00", "latency": 173}, {"date": "2024-02-20-06-00-00", "latency": 173}, {"date": "2024-02-20-06-00-00", "latency": 173}, {"date": "2024-02-20-06-00-00", "latency": 173}, {"date": "2024-02-20-06-00-00", "latency": 173}, {"date": "2024-02-20-06-00-00", "latency": 173}, {"date": "2024-02-20-06-00-00", "latency": 173}, {"date": "2024-02-20-06-00-00", "latency": 173}, {"date": "2024-02-20-02-00-00", "latency": 262}, {"date": "2024-02-20-02-00-00", "latency": 85}, {"date": "2024-02-20-03-00-00", "latency": 96}, {"date": "2024-02-20-03-00-00", "latency": 96}, {"date": "2024-02-20-03-00-00", "latency": 96}, {"date": "2024-02-20-03-00-00", "latency": 96}]}, {"location": {"country_code": "ve"}, "game_id": "295590", "values": [{"date": "2024-02-20-22-00-00", "latency": 143}]}, {"location": {"country_code": "mx", "region": "Mexico City"}, "game_id": "295590", "values": [{"date": "2024-02-20-05-00-00", "latency": 57}, {"date": "2024-02-20-05-00-00", "latency": 57}]}, {"location": {"country_code": "us", "region": "Ohio"}, "game_id": "295590", "values": [{"date": "2024-02-20-07-00-00", "latency": 57}, {"date": "2024-02-20-07-00-00", "latency": 57}, {"date": "2024-02-20-07-00-00", "latency": 57}, {"date": "2024-02-20-07-00-00", "latency": 57}, {"date": "2024-02-20-07-00-00", "latency": 57}, {"date": "2024-02-20-07-00-00", "latency": 57}]}, {"location": {"country_code": "us", "region": "California"}, "game_id": "295590", "values": [{"date": "2024-02-20-08-00-00", "latency": 458}, {"date": "2024-02-20-08-00-00", "latency": 235}]}, {"location": {"country_code": "br"}, "game_id": "295590", "values": [{"date": "2024-02-20-08-00-00", "latency": 79}, {"date": "2024-02-20-21-00-00", "latency": 360}, {"date": "2024-02-20-16-00-00", "latency": 32}, {"date": "2024-02-20-07-00-00", "latency": 43}, {"date": "2024-02-20-07-00-00", "latency": 43}, {"date": "2024-02-20-07-00-00", "latency": 43}, {"date": "2024-02-20-07-00-00", "latency": 43}]}, {"location": {"country_code": "br", "region": "Pernambuco", "city": "Pombos"}, "game_id": "295590", "values": [{"date": "2024-02-21-00-00-00", "latency": 64}]}, {"location": {"country_code": "br", "region": "Sao Paulo", "city": "Apiai"}, "game_id": "295590", "values": [{"date": "2024-02-20-04-00-00", "latency": 21}]}, {"location": {"country_code": "no"}, "game_id": "295590", "values": [{"date": "2024-02-21-00-00-00", "latency": 61}, {"date": "2024-02-20-04-00-00", "latency": 54}]}, {"location": {"country_code": "us", "region": "California", "city": "East Los Angeles"}, "game_id": "295590", "values": [{"date": "2024-02-20-21-00-00", "latency": 71}]}, {"location": {"country_code": "ec"}, "game_id": "295590", "values": [{"date": "2024-02-20-02-00-00", "latency": 116}]}, {"location": {"country_code": "au"}, "game_id": "295590", "values": [{"date": "2024-02-20-09-00-00", "latency": 83}, {"date": "2024-02-20-09-00-00", "latency": 83}, {"date": "2024-02-20-09-00-00", "latency": 83}, {"date": "2024-02-20-09-00-00", "latency": 83}, {"date": "2024-02-20-15-00-00", "latency": 54}, {"date": "2024-02-20-03-00-00", "latency": 46}, {"date": "2024-02-20-16-00-00", "latency": 76}]}, {"location": {"country_code": "tr"}, "game_id": "295590", "values": [{"date": "2024-02-20-16-00-00", "latency": 73}, {"date": "2024-02-20-14-00-00", "latency": 53}, {"date": "2024-02-20-14-00-00", "latency": 53}, {"date": "2024-02-20-21-00-00", "latency": 282}, {"date": "2024-02-20-14-00-00", "latency": 73}, {"date": "2024-02-20-14-00-00", "latency": 73}, {"date": "2024-02-20-14-00-00", "latency": 73}]}, {"location": {"country_code": "kr"}, "game_id": "295590", "values": [{"date": "2024-02-20-02-00-00", "latency": 66}]}, {"location": {"country_code": "es"}, "game_id": "295590", "values": [{"date": "2024-02-20-14-00-00", "latency": 56}, {"date": "2024-02-21-00-00-00", "latency": 65}]}, {"location": {"country_code": "sa"}, "game_id": "295590", "values": [{"date": "2024-02-20-10-00-00", "latency": 148}, {"date": "2024-02-20-10-00-00", "latency": 148}, {"date": "2024-02-20-10-00-00", "latency": 148}]}, {"location": {"country_code": "ar"}, "game_id": "295590", "values": [{"date": "2024-02-20-06-00-00", "latency": 501}, {"date": "2024-02-20-07-00-00", "latency": 231}, {"date": "2024-02-20-02-00-00", "latency": 68}, {"date": "2024-02-20-02-00-00", "latency": 68}, {"date": "2024-02-20-06-00-00", "latency": 54}, {"date": "2024-02-20-06-00-00", "latency": 54}, {"date": "2024-02-20-06-00-00", "latency": 54}, {"date": "2024-02-20-06-00-00", "latency": 54}, {"date": "2024-02-20-06-00-00", "latency": 54}, {"date": "2024-02-20-06-00-00", "latency": 54}, {"date": "2024-02-20-06-00-00", "latency": 54}]}, {"location": {"country_code": "vn"}, "game_id": "295590", "values": [{"date": "2024-02-20-13-00-00", "latency": 95}, {"date": "2024-02-20-13-00-00", "latency": 95}]}, {"location": {"country_code": "fi"}, "game_id": "295590", "values": [{"date": "2024-02-20-16-00-00", "latency": 50}]}, {"location": {"country_code": "gt", "region": "Guatemala Department", "city": "Guatemala City"}, "game_id": "295590", "values": [{"date": "2024-02-20-06-00-00", "latency": 82}, {"date": "2024-02-20-06-00-00", "latency": 82}]}, {"location": {"country_code": "us", "region": "Virginia"}, "game_id": "295590", "values": [{"date": "2024-02-20-05-00-00", "latency": 49}]}, {"location": {"country_code": "mx", "region": "Veracruz"}, "game_id": "295590", "values": [{"date": "2024-02-20-05-00-00", "latency": 121}]}, {"location": {"country_code": "cn"}, "game_id": "295590", "values": [{"date": "2024-02-20-04-00-00", "latency": 70}]}, {"location": {"country_code": "pl"}, "game_id": "295590", "values": [{"date": "2024-02-20-13-00-00", "latency": 85}]}, {"location": {"country_code": "gb", "region": "England", "city": "London"}, "game_id": "295590", "values": [{"date": "2024-02-20-23-00-00", "latency": 47}, {"date": "2024-02-20-23-00-00", "latency": 47}, {"date": "2024-02-20-23-00-00", "latency": 56}]}, {"location": {"country_code": "pe"}, "game_id": "295590", "values": [{"date": "2024-02-20-09-00-00", "latency": 82}, {"date": "2024-02-20-09-00-00", "latency": 82}, {"date": "2024-02-20-09-00-00", "latency": 82}, {"date": "2024-02-20-23-00-00", "latency": 103}, {"date": "2024-02-20-23-00-00", "latency": 103}, {"date": "2024-02-20-03-00-00", "latency": 238}]}, {"location": {"country_code": "ua"}, "game_id": "295590", "values": [{"date": "2024-02-20-18-00-00", "latency": 58}, {"date": "2024-02-20-18-00-00", "latency": 58}, {"date": "2024-02-20-18-00-00", "latency": 58}, {"date": "2024-02-20-18-00-00", "latency": 58}]}, {"location": {"country_code": "sg"}, "game_id": "295590", "values": [{"date": "2024-02-20-11-00-00", "latency": 26}]}, {"location": {"country_code": "tr", "region": "Marmara Bolgesi", "city": "Istanbul"}, "game_id": "295590", "values": [{"date": "2024-02-20-22-00-00", "latency": 120}, {"date": "2024-02-20-01-00-00", "latency": 107}]}, {"location": {"country_code": "us", "region": "District of Columbia", "city": "Washington"}, "game_id": "295590", "values": [{"date": "2024-02-20-21-00-00", "latency": 102}, {"date": "2024-02-20-21-00-00", "latency": 102}]}, {"location": {"country_code": "ca", "region": "Ontario", "city": "Toronto"}, "game_id": "295590", "values": [{"date": "2024-02-20-03-00-00", "latency": 196}, {"date": "2024-02-20-03-00-00", "latency": 196}, {"date": "2024-02-20-03-00-00", "latency": 196}, {"date": "2024-02-20-03-00-00", "latency": 196}, {"date": "2024-02-20-12-00-00", "latency": 79}, {"date": "2024-02-20-12-00-00", "latency": 79}]}, {"location": {"country_code": "do"}, "game_id": "295590", "values": [{"date": "2024-02-21-01-00-00", "latency": 63}, {"date": "2024-02-21-01-00-00", "latency": 63}, {"date": "2024-02-21-01-00-00", "latency": 63}]}, {"location": {"country_code": "sk"}, "game_id": "295590", "values": [{"date": "2024-02-20-22-00-00", "latency": 141}]}, {"location": {"country_code": "br", "region": "Rio Grande do Sul", "city": "Porto Alegre"}, "game_id": "295590", "values": [{"date": "2024-02-20-04-00-00", "latency": 132}, {"date": "2024-02-20-04-00-00", "latency": 132}, {"date": "2024-02-20-04-00-00", "latency": 132}, {"date": "2024-02-20-04-00-00", "latency": 132}, {"date": "2024-02-20-04-00-00", "latency": 132}]}, {"location": {"country_code": "pt"}, "game_id": "295590", "values": [{"date": "2024-02-20-23-00-00", "latency": 391}, {"date": "2024-02-20-21-00-00", "latency": 110}]}, {"location": {"country_code": "br", "region": "State of Rio de Janeiro", "city": "Angra dos Reis"}, "game_id": "295590", "values": [{"date": "2024-02-21-00-00-00", "latency": 60}, {"date": "2024-02-21-00-00-00", "latency": 60}, {"date": "2024-02-21-00-00-00", "latency": 60}]}, {"location": {"country_code": "uy"}, "game_id": "295590", "values": [{"date": "2024-02-20-05-00-00", "latency": 85}, {"date": "2024-02-20-05-00-00", "latency": 85}]}, {"location": {"country_code": "ca", "region": "Quebec", "city": "Montreal"}, "game_id": "295590", "values": [{"date": "2024-02-20-16-00-00", "latency": 50}, {"date": "2024-02-20-21-00-00", "latency": 62}]}, {"location": {"country_code": "us", "region": "Texas", "city": "El Paso"}, "game_id": "295590", "values": [{"date": "2024-02-20-06-00-00", "latency": 55}]}, {"location": {"country_code": "us", "region": "West Virginia"}, "game_id": "295590", "values": [{"date": "2024-02-20-05-00-00", "latency": 77}, {"date": "2024-02-20-05-00-00", "latency": 77}, {"date": "2024-02-20-05-00-00", "latency": 77}]}, {"location": {"country_code": "pe", "region": "Lima region", "city": "Lima"}, "game_id": "295590", "values": [{"date": "2024-02-20-03-00-00", "latency": 112}, {"date": "2024-02-20-04-00-00", "latency": 121}, {"date": "2024-02-20-04-00-00", "latency": 121}]}, {"location": {"country_code": "gt"}, "game_id": "295590", "values": [{"date": "2024-02-20-09-00-00", "latency": 81}]}, {"location": {"country_code": "ca", "region": "Ontario", "city": "Ottawa"}, "game_id": "295590", "values": [{"date": "2024-02-21-00-00-00", "latency": 47}]}, {"location": {"country_code": "ar", "region": "Tucuman Province", "city": "San Miguel de Tucuman"}, "game_id": "295590", "values": [{"date": "2024-02-20-20-00-00", "latency": 57}]}, {"location": {"country_code": "us", "region": "Washington", "city": "Seattle"}, "game_id": "295590", "values": [{"date": "2024-02-20-09-00-00", "latency": 89}, {"date": "2024-02-20-09-00-00", "latency": 89}, {"date": "2024-02-20-09-00-00", "latency": 89}, {"date": "2024-02-20-09-00-00", "latency": 89}, {"date": "2024-02-20-09-00-00", "latency": 89}, {"date": "2024-02-20-09-00-00", "latency": 89}, {"date": "2024-02-20-09-00-00", "latency": 89}, {"date": "2024-02-20-09-00-00", "latency": 89}, {"date": "2024-02-20-09-00-00", "latency": 89}]}, {"location": {"country_code": "br", "region": "Espirito Santo", "city": "Guarapari"}, "game_id": "295590", "values": [{"date": "2024-02-20-18-00-00", "latency": 36}, {"date": "2024-02-20-18-00-00", "latency": 36}]}, {"location": {"country_code": "br", "region": "Santa Catarina"}, "game_id": "295590", "values": [{"date": "2024-02-20-06-00-00", "latency": 55}]}, {"location": {"country_code": "ar", "region": "Entre Rios Province"}, "game_id": "295590", "values": [{"date": "2024-02-20-02-00-00", "latency": 49}]}, {"location": {"country_code": "dz"}, "game_id": "295590", "values": [{"date": "2024-02-20-18-00-00", "latency": 101}]}, {"location": {"country_code": "br", "region": "Para", "city": "Tailandia"}, "game_id": "295590", "values": [{"date": "2024-02-20-03-00-00", "latency": 78}, {"date": "2024-02-20-03-00-00", "latency": 78}, {"date": "2024-02-20-03-00-00", "latency": 78}]}, {"location": {"country_code": "pl", "region": "Masovian Voivodeship", "city": "Warsaw"}, "game_id": "295590", "values": [{"date": "2024-02-20-20-00-00", "latency": 51}, {"date": "2024-02-20-20-00-00", "latency": 51}, {"date": "2024-02-20-20-00-00", "latency": 51}, {"date": "2024-02-20-20-00-00", "latency": 51}, {"date": "2024-02-20-20-00-00", "latency": 51}, {"date": "2024-02-20-20-00-00", "latency": 51}, {"date": "2024-02-20-20-00-00", "latency": 51}, {"date": "2024-02-20-20-00-00", "latency": 51}]}, {"location": {"country_code": "us", "region": "Nebraska", "city": "Omaha"}, "game_id": "295590", "values": [{"date": "2024-02-20-13-00-00", "latency": 53}]}, {"location": {"country_code": "es", "region": "Andalusia", "city": "La Linea de la Concepcion"}, "game_id": "295590", "values": [{"date": "2024-02-20-16-00-00", "latency": 214}]}, {"location": {"country_code": "es", "region": "Catalonia", "city": "Lleida"}, "game_id": "295590", "values": [{"date": "2024-02-20-03-00-00", "latency": 53}, {"date": "2024-02-20-03-00-00", "latency": 53}, {"date": "2024-02-20-03-00-00", "latency": 53}]}, {"location": {"country_code": "us", "region": "Wisconsin", "city": "Green Bay"}, "game_id": "295590", "values": [{"date": "2024-02-20-04-00-00", "latency": 44}, {"date": "2024-02-20-04-00-00", "latency": 44}]}, {"location": {"country_code": "br", "region": "Sao Paulo", "city": "Taubate"}, "game_id": "295590", "values": [{"date": "2024-02-20-17-00-00", "latency": 28}, {"date": "2024-02-20-17-00-00", "latency": 28}, {"date": "2024-02-20-17-00-00", "latency": 28}]}, {"location": {"country_code": "ng", "region": "Kano"}, "game_id": "295590", "values": [{"date": "2024-02-20-19-00-00", "latency": 101}, {"date": "2024-02-20-19-00-00", "latency": 101}, {"date": "2024-02-20-19-00-00", "latency": 101}]}, {"location": {"country_code": "de", "region": "North Rhine-Westphalia", "city": "Duisburg"}, "game_id": "295590", "values": [{"date": "2024-02-20-19-00-00", "latency": 23}]}, {"location": {"country_code": "fr", "region": "Ile-de-France Region", "city": "Corbeil-Essonnes"}, "game_id": "295590", "values": [{"date": "2024-02-20-15-00-00", "latency": 60}]}, {"location": {"country_code": "co", "region": "Cundinamarca", "city": "Girardot"}, "game_id": "295590", "values": [{"date": "2024-02-20-03-00-00", "latency": 147}, {"date": "2024-02-20-03-00-00", "latency": 147}, {"date": "2024-02-20-03-00-00", "latency": 147}, {"date": "2024-02-20-03-00-00", "latency": 147}, {"date": "2024-02-20-03-00-00", "latency": 147}, {"date": "2024-02-20-03-00-00", "latency": 147}, {"date": "2024-02-20-03-00-00", "latency": 147}]}, {"location": {"country_code": "us", "region": "California", "city": "Murrieta"}, "game_id": "295590", "values": [{"date": "2024-02-20-05-00-00", "latency": 89}, {"date": "2024-02-20-05-00-00", "latency": 89}]}], "last_updated": 1719927545.985886}