{"data": [{"location": {"country_code": "si"}, "game_id": "314852", "values": [{"date": "2024-05-22-20-00-00", "latency": 0}, {"date": "2024-05-22-20-00-00", "latency": 0}, {"date": "2024-05-22-20-00-00", "latency": 0}, {"date": "2024-05-22-20-00-00", "latency": 0}, {"date": "2024-05-22-20-00-00", "latency": 0}, {"date": "2024-05-22-20-00-00", "latency": 0}, {"date": "2024-05-22-20-00-00", "latency": 0}]}, {"location": {"country_code": "mx", "region": "State of Mexico"}, "game_id": "314852", "values": [{"date": "2024-05-22-21-00-00", "latency": 13}, {"date": "2024-05-22-21-00-00", "latency": 13}]}, {"location": {"country_code": "nz"}, "game_id": "314852", "values": [{"date": "2024-05-22-09-00-00", "latency": 11170}, {"date": "2024-05-22-09-00-00", "latency": 11170}, {"date": "2024-05-22-09-00-00", "latency": 11170}, {"date": "2024-05-22-09-00-00", "latency": 11170}]}, {"location": {"country_code": "us"}, "game_id": "314852", "values": [{"date": "2024-05-22-03-00-00", "latency": 3}, {"date": "2024-05-22-03-00-00", "latency": 3}, {"date": "2024-05-23-02-00-00", "latency": 8}, {"date": "2024-05-23-02-00-00", "latency": 8}, {"date": "2024-05-23-02-00-00", "latency": 8}, {"date": "2024-05-22-22-00-00", "latency": 4}]}, {"location": {"country_code": "cl"}, "game_id": "314852", "values": [{"date": "2024-05-22-06-00-00", "latency": 1148}, {"date": "2024-05-22-06-00-00", "latency": 1148}, {"date": "2024-05-22-06-00-00", "latency": 1148}, {"date": "2024-05-22-06-00-00", "latency": 1148}, {"date": "2024-05-23-00-00-00", "latency": 43}, {"date": "2024-05-23-00-00-00", "latency": 43}, {"date": "2024-05-23-02-00-00", "latency": 11149}]}, {"location": {"country_code": "de", "region": "Berlin", "city": "Berlin"}, "game_id": "314852", "values": [{"date": "2024-05-22-22-00-00", "latency": 1127}, {"date": "2024-05-22-22-00-00", "latency": 1127}]}, {"location": {"country_code": "gb"}, "game_id": "314852", "values": [{"date": "2024-05-22-19-00-00", "latency": 19}]}, {"location": {"country_code": "th"}, "game_id": "314852", "values": [{"date": "2024-05-22-17-00-00", "latency": 12}, {"date": "2024-05-22-17-00-00", "latency": 12}, {"date": "2024-05-22-17-00-00", "latency": 12}, {"date": "2024-05-22-13-00-00", "latency": 10}, {"date": "2024-05-22-15-00-00", "latency": 18}]}, {"location": {"country_code": "nl"}, "game_id": "314852", "values": [{"date": "2024-05-22-20-00-00", "latency": 1}, {"date": "2024-05-22-22-00-00", "latency": 5}]}, {"location": {"country_code": "jp"}, "game_id": "314852", "values": [{"date": "2024-05-22-12-00-00", "latency": 0}, {"date": "2024-05-22-12-00-00", "latency": 0}, {"date": "2024-05-22-12-00-00", "latency": 0}, {"date": "2024-05-22-12-00-00", "latency": 0}, {"date": "2024-05-22-12-00-00", "latency": 0}, {"date": "2024-05-22-12-00-00", "latency": 0}, {"date": "2024-05-22-12-00-00", "latency": 0}, {"date": "2024-05-22-12-00-00", "latency": 0}, {"date": "2024-05-22-12-00-00", "latency": 0}, {"date": "2024-05-22-12-00-00", "latency": 0}, {"date": "2024-05-23-00-00-00", "latency": 18}, {"date": "2024-05-23-00-00-00", "latency": 18}, {"date": "2024-05-22-04-00-00", "latency": 4}, {"date": "2024-05-22-05-00-00", "latency": 2311570}, {"date": "2024-05-22-05-00-00", "latency": 2311570}, {"date": "2024-05-22-05-00-00", "latency": 2311570}, {"date": "2024-05-22-05-00-00", "latency": 2311570}, {"date": "2024-05-22-05-00-00", "latency": 2311570}, {"date": "2024-05-22-16-00-00", "latency": 2}, {"date": "2024-05-22-16-00-00", "latency": 2}, {"date": "2024-05-22-16-00-00", "latency": 2}]}, {"location": {"country_code": "ca"}, "game_id": "314852", "values": [{"date": "2024-05-22-17-00-00", "latency": 8}, {"date": "2024-05-22-20-00-00", "latency": 25600}]}, {"location": {"country_code": "ch"}, "game_id": "314852", "values": [{"date": "2024-05-22-23-00-00", "latency": 2}]}, {"location": {"country_code": "de"}, "game_id": "314852", "values": [{"date": "2024-05-22-19-00-00", "latency": 1}]}, {"location": {"country_code": "tw"}, "game_id": "314852", "values": [{"date": "2024-05-22-17-00-00", "latency": 4}, {"date": "2024-05-22-17-00-00", "latency": 4}, {"date": "2024-05-22-17-00-00", "latency": 4}]}, {"location": {"country_code": "gb", "region": "England"}, "game_id": "314852", "values": [{"date": "2024-05-22-22-00-00", "latency": 176}]}, {"location": {"country_code": "cl", "region": "Tarapaca", "city": "Iquique"}, "game_id": "314852", "values": [{"date": "2024-05-22-08-00-00", "latency": 11137}, {"date": "2024-05-22-08-00-00", "latency": 11137}]}, {"location": {"country_code": "ph"}, "game_id": "314852", "values": [{"date": "2024-05-22-15-00-00", "latency": 1103}, {"date": "2024-05-22-15-00-00", "latency": 1103}, {"date": "2024-05-22-17-00-00", "latency": 30}, {"date": "2024-05-22-17-00-00", "latency": 30}]}, {"location": {"country_code": "mx"}, "game_id": "314852", "values": [{"date": "2024-05-22-22-00-00", "latency": 1174}, {"date": "2024-05-22-22-00-00", "latency": 1174}, {"date": "2024-05-22-22-00-00", "latency": 1174}, {"date": "2024-05-23-01-00-00", "latency": 1199}, {"date": "2024-05-23-01-00-00", "latency": 1199}]}, {"location": {"country_code": "us", "region": "Ohio"}, "game_id": "314852", "values": [{"date": "2024-05-22-04-00-00", "latency": 4}, {"date": "2024-05-22-04-00-00", "latency": 4}]}, {"location": {"country_code": "br"}, "game_id": "314852", "values": [{"date": "2024-05-22-21-00-00", "latency": 1137}, {"date": "2024-05-22-02-00-00", "latency": 42}, {"date": "2024-05-22-02-00-00", "latency": 42}, {"date": "2024-05-22-02-00-00", "latency": 42}, {"date": "2024-05-22-02-00-00", "latency": 42}, {"date": "2024-05-22-02-00-00", "latency": 42}, {"date": "2024-05-22-02-00-00", "latency": 42}]}, {"location": {"country_code": "br", "region": "Sao Paulo", "city": "Apiai"}, "game_id": "314852", "values": [{"date": "2024-05-23-02-00-00", "latency": 1137}, {"date": "2024-05-23-02-00-00", "latency": 1137}, {"date": "2024-05-23-02-00-00", "latency": 1137}, {"date": "2024-05-23-02-00-00", "latency": 1137}, {"date": "2024-05-23-02-00-00", "latency": 1137}, {"date": "2024-05-23-00-00-00", "latency": 4500}, {"date": "2024-05-22-03-00-00", "latency": 1}]}, {"location": {"country_code": "ar"}, "game_id": "314852", "values": [{"date": "2024-05-22-21-00-00", "latency": 1173}, {"date": "2024-05-22-21-00-00", "latency": 1173}, {"date": "2024-05-22-09-00-00", "latency": 18}]}, {"location": {"country_code": "ar", "region": "Buenos Aires F.D.", "city": "Bahia Blanca"}, "game_id": "314852", "values": [{"date": "2024-05-22-04-00-00", "latency": 2}]}, {"location": {"country_code": "us", "region": "Hawaii"}, "game_id": "314852", "values": [{"date": "2024-05-22-07-00-00", "latency": 137}]}, {"location": {"country_code": "ru"}, "game_id": "314852", "values": [{"date": "2024-05-22-14-00-00", "latency": 55}, {"date": "2024-05-22-14-00-00", "latency": 55}]}, {"location": {"country_code": "us", "region": "Virginia"}, "game_id": "314852", "values": [{"date": "2024-05-22-10-00-00", "latency": 2}]}, {"location": {"country_code": "br", "region": "Maranhao", "city": "Paco do Lumiar"}, "game_id": "314852", "values": [{"date": "2024-05-22-02-00-00", "latency": 11150}, {"date": "2024-05-22-02-00-00", "latency": 11150}, {"date": "2024-05-22-02-00-00", "latency": 11150}, {"date": "2024-05-22-02-00-00", "latency": 11150}]}, {"location": {"country_code": "br", "region": "Estado de Bahia", "city": "Salvador"}, "game_id": "314852", "values": [{"date": "2024-05-22-23-00-00", "latency": 19}]}, {"location": {"country_code": "be"}, "game_id": "314852", "values": [{"date": "2024-05-22-23-00-00", "latency": 4}, {"date": "2024-05-22-23-00-00", "latency": 4}, {"date": "2024-05-22-23-00-00", "latency": 4}]}, {"location": {"country_code": "us", "region": "North Carolina"}, "game_id": "314852", "values": [{"date": "2024-05-22-17-00-00", "latency": 7}]}, {"location": {"country_code": "gb", "region": "England", "city": "London"}, "game_id": "314852", "values": [{"date": "2024-05-22-17-00-00", "latency": 4}, {"date": "2024-05-22-18-00-00", "latency": 4}]}, {"location": {"country_code": "kr", "region": "Seoul"}, "game_id": "314852", "values": [{"date": "2024-05-22-12-00-00", "latency": 2}, {"date": "2024-05-22-12-00-00", "latency": 2}]}, {"location": {"country_code": "sg"}, "game_id": "314852", "values": [{"date": "2024-05-23-00-00-00", "latency": 1101}, {"date": "2024-05-22-17-00-00", "latency": 11118}, {"date": "2024-05-22-17-00-00", "latency": 11118}, {"date": "2024-05-22-06-00-00", "latency": 10}, {"date": "2024-05-22-06-00-00", "latency": 10}]}, {"location": {"country_code": "my"}, "game_id": "314852", "values": [{"date": "2024-05-22-15-00-00", "latency": 3}, {"date": "2024-05-22-15-00-00", "latency": 3}, {"date": "2024-05-22-15-00-00", "latency": 3}, {"date": "2024-05-22-15-00-00", "latency": 3}, {"date": "2024-05-22-15-00-00", "latency": 3}, {"date": "2024-05-22-15-00-00", "latency": 3}, {"date": "2024-05-22-15-00-00", "latency": 3}, {"date": "2024-05-22-10-00-00", "latency": 50}, {"date": "2024-05-22-10-00-00", "latency": 50}, {"date": "2024-05-22-20-00-00", "latency": 1103}, {"date": "2024-05-22-15-00-00", "latency": 167}, {"date": "2024-05-22-15-00-00", "latency": 167}, {"date": "2024-05-22-15-00-00", "latency": 167}, {"date": "2024-05-22-15-00-00", "latency": 167}, {"date": "2024-05-22-15-00-00", "latency": 167}, {"date": "2024-05-22-15-00-00", "latency": 167}, {"date": "2024-05-22-15-00-00", "latency": 167}, {"date": "2024-05-22-15-00-00", "latency": 167}, {"date": "2024-05-22-15-00-00", "latency": 167}, {"date": "2024-05-22-15-00-00", "latency": 167}, {"date": "2024-05-22-15-00-00", "latency": 167}]}, {"location": {"country_code": "id"}, "game_id": "314852", "values": [{"date": "2024-05-22-19-00-00", "latency": 60}, {"date": "2024-05-22-19-00-00", "latency": 60}, {"date": "2024-05-22-19-00-00", "latency": 60}, {"date": "2024-05-22-19-00-00", "latency": 60}, {"date": "2024-05-22-11-00-00", "latency": 75}]}, {"location": {"country_code": "cl", "region": "Santiago Metropolitan", "city": "Santiago"}, "game_id": "314852", "values": [{"date": "2024-05-22-05-00-00", "latency": 1134}, {"date": "2024-05-22-05-00-00", "latency": 1134}, {"date": "2024-05-22-05-00-00", "latency": 1134}, {"date": "2024-05-22-05-00-00", "latency": 1134}, {"date": "2024-05-22-05-00-00", "latency": 1134}, {"date": "2024-05-22-05-00-00", "latency": 1134}]}, {"location": {"country_code": "pt", "region": "Lisbon District", "city": "Amadora"}, "game_id": "314852", "values": [{"date": "2024-05-22-23-00-00", "latency": 0}, {"date": "2024-05-22-23-00-00", "latency": 0}]}, {"location": {"country_code": "us", "region": "Florida", "city": "Miami"}, "game_id": "314852", "values": [{"date": "2024-05-22-16-00-00", "latency": 39}]}, {"location": {"country_code": "ca", "region": "Quebec", "city": "Montreal"}, "game_id": "314852", "values": [{"date": "2024-05-22-19-00-00", "latency": 4}]}, {"location": {"country_code": "br", "region": "Mato Grosso do Sul", "city": "Campo Grande"}, "game_id": "314852", "values": [{"date": "2024-05-22-05-00-00", "latency": 1169}, {"date": "2024-05-22-05-00-00", "latency": 1169}]}, {"location": {"country_code": "th", "region": "Bangkok", "city": "Bangkok"}, "game_id": "314852", "values": [{"date": "2024-05-22-20-00-00", "latency": 9}, {"date": "2024-05-22-20-00-00", "latency": 9}, {"date": "2024-05-22-20-00-00", "latency": 9}]}, {"location": {"country_code": "us", "region": "Oregon"}, "game_id": "314852", "values": [{"date": "2024-05-22-10-00-00", "latency": 23}, {"date": "2024-05-22-10-00-00", "latency": 23}, {"date": "2024-05-22-10-00-00", "latency": 23}, {"date": "2024-05-22-10-00-00", "latency": 23}, {"date": "2024-05-22-10-00-00", "latency": 23}]}, {"location": {"country_code": "br", "region": "Parana", "city": "Umuarama"}, "game_id": "314852", "values": [{"date": "2024-05-22-16-00-00", "latency": 121}, {"date": "2024-05-22-16-00-00", "latency": 121}]}, {"location": {"country_code": "ru", "region": "Vladimir Oblast", "city": "Vladimir"}, "game_id": "314852", "values": [{"date": "2024-05-22-07-00-00", "latency": 11299}]}, {"location": {"country_code": "es", "region": "Basque Country", "city": "Vitoria-Gasteiz"}, "game_id": "314852", "values": [{"date": "2024-05-22-17-00-00", "latency": 0}]}, {"location": {"country_code": "mx", "region": "Morelos", "city": "Cuernavaca"}, "game_id": "314852", "values": [{"date": "2024-05-22-03-00-00", "latency": 38}, {"date": "2024-05-22-03-00-00", "latency": 38}]}, {"location": {"country_code": "tj"}, "game_id": "314852", "values": [{"date": "2024-05-22-10-00-00", "latency": 4}, {"date": "2024-05-22-10-00-00", "latency": 4}, {"date": "2024-05-22-10-00-00", "latency": 4}]}, {"location": {"country_code": "id", "region": "East Java", "city": "Surabaya"}, "game_id": "314852", "values": [{"date": "2024-05-22-13-00-00", "latency": 26}, {"date": "2024-05-22-13-00-00", "latency": 26}, {"date": "2024-05-22-13-00-00", "latency": 26}, {"date": "2024-05-22-13-00-00", "latency": 26}]}, {"location": {"country_code": "us", "region": "Illinois", "city": "Woodstock"}, "game_id": "314852", "values": [{"date": "2024-05-22-05-00-00", "latency": 0}]}], "last_updated": 1719919204.987684}