{"data": [{"location": {"country_code": "cu"}, "game_id": "295590", "values": [{"date": "2024-02-11-17-00-00", "latency": 7}]}, {"location": {"country_code": "us"}, "game_id": "295590", "values": [{"date": "2024-02-11-22-00-00", "latency": 0}, {"date": "2024-02-11-22-00-00", "latency": 0}, {"date": "2024-02-11-08-00-00", "latency": 1}, {"date": "2024-02-11-23-00-00", "latency": 2}, {"date": "2024-02-11-23-00-00", "latency": 2}, {"date": "2024-02-11-23-00-00", "latency": 2}, {"date": "2024-02-11-23-00-00", "latency": 2}, {"date": "2024-02-11-01-00-00", "latency": 46}, {"date": "2024-02-11-01-00-00", "latency": 46}, {"date": "2024-02-11-18-00-00", "latency": 1}, {"date": "2024-02-11-12-00-00", "latency": 1}, {"date": "2024-02-11-21-00-00", "latency": 1091}, {"date": "2024-02-11-23-00-00", "latency": 3}, {"date": "2024-02-11-23-00-00", "latency": 3}, {"date": "2024-02-11-03-00-00", "latency": 26}, {"date": "2024-02-11-03-00-00", "latency": 26}, {"date": "2024-02-11-04-00-00", "latency": 2}, {"date": "2024-02-11-04-00-00", "latency": 2}, {"date": "2024-02-11-11-00-00", "latency": 5}, {"date": "2024-02-11-11-00-00", "latency": 5}, {"date": "2024-02-11-11-00-00", "latency": 5}, {"date": "2024-02-11-09-00-00", "latency": 2}, {"date": "2024-02-12-00-00-00", "latency": 1}, {"date": "2024-02-11-04-00-00", "latency": 9}]}, {"location": {"country_code": "us", "region": "Michigan", "city": "Detroit"}, "game_id": "295590", "values": [{"date": "2024-02-11-07-00-00", "latency": 0}]}, {"location": {"country_code": "de", "region": "Berlin", "city": "Berlin"}, "game_id": "295590", "values": [{"date": "2024-02-11-11-00-00", "latency": 2}, {"date": "2024-02-11-11-00-00", "latency": 2}, {"date": "2024-02-11-11-00-00", "latency": 2}, {"date": "2024-02-11-11-00-00", "latency": 2}, {"date": "2024-02-11-14-00-00", "latency": 7}, {"date": "2024-02-11-14-00-00", "latency": 7}]}, {"location": {"country_code": "eg"}, "game_id": "295590", "values": [{"date": "2024-02-11-03-00-00", "latency": 79}, {"date": "2024-02-11-03-00-00", "latency": 35}, {"date": "2024-02-11-08-00-00", "latency": 36}, {"date": "2024-02-11-08-00-00", "latency": 36}]}, {"location": {"country_code": "us", "region": "New York", "city": "Jamestown"}, "game_id": "295590", "values": [{"date": "2024-02-11-23-00-00", "latency": 9}, {"date": "2024-02-11-23-00-00", "latency": 9}, {"date": "2024-02-11-07-00-00", "latency": 3}]}, {"location": {"country_code": "gb"}, "game_id": "295590", "values": [{"date": "2024-02-11-22-00-00", "latency": 5}, {"date": "2024-02-11-22-00-00", "latency": 5}, {"date": "2024-02-11-22-00-00", "latency": 5}]}, {"location": {"country_code": "th"}, "game_id": "295590", "values": [{"date": "2024-02-11-16-00-00", "latency": 1}]}, {"location": {"country_code": "nl"}, "game_id": "295590", "values": [{"date": "2024-02-11-22-00-00", "latency": 0}, {"date": "2024-02-11-22-00-00", "latency": 0}, {"date": "2024-02-11-23-00-00", "latency": 1}, {"date": "2024-02-11-14-00-00", "latency": 1}, {"date": "2024-02-11-14-00-00", "latency": 1}]}, {"location": {"country_code": "cz"}, "game_id": "295590", "values": [{"date": "2024-02-11-18-00-00", "latency": 4}]}, {"location": {"country_code": "ro"}, "game_id": "295590", "values": [{"date": "2024-02-11-15-00-00", "latency": 25}, {"date": "2024-02-11-15-00-00", "latency": 25}, {"date": "2024-02-11-15-00-00", "latency": 25}, {"date": "2024-02-11-15-00-00", "latency": 25}, {"date": "2024-02-11-15-00-00", "latency": 25}, {"date": "2024-02-11-15-00-00", "latency": 25}, {"date": "2024-02-11-19-00-00", "latency": 31}, {"date": "2024-02-11-19-00-00", "latency": 31}, {"date": "2024-02-11-19-00-00", "latency": 31}, {"date": "2024-02-11-19-00-00", "latency": 31}]}, {"location": {"country_code": "za"}, "game_id": "295590", "values": [{"date": "2024-02-11-20-00-00", "latency": 17}, {"date": "2024-02-11-12-00-00", "latency": 5}, {"date": "2024-02-11-12-00-00", "latency": 5}, {"date": "2024-02-11-12-00-00", "latency": 5}, {"date": "2024-02-11-12-00-00", "latency": 5}, {"date": "2024-02-11-12-00-00", "latency": 5}]}, {"location": {"country_code": "jp"}, "game_id": "295590", "values": [{"date": "2024-02-11-13-00-00", "latency": 0}, {"date": "2024-02-11-13-00-00", "latency": 0}, {"date": "2024-02-11-11-00-00", "latency": 0}, {"date": "2024-02-11-17-00-00", "latency": 2}, {"date": "2024-02-11-17-00-00", "latency": 2}, {"date": "2024-02-11-23-00-00", "latency": 0}, {"date": "2024-02-11-12-00-00", "latency": 1}, {"date": "2024-02-11-12-00-00", "latency": 1}, {"date": "2024-02-11-16-00-00", "latency": 2}, {"date": "2024-02-11-16-00-00", "latency": 2}, {"date": "2024-02-11-17-00-00", "latency": 2}, {"date": "2024-02-11-05-00-00", "latency": 1}, {"date": "2024-02-11-12-00-00", "latency": 1}]}, {"location": {"country_code": "ca"}, "game_id": "295590", "values": [{"date": "2024-02-11-22-00-00", "latency": 2}, {"date": "2024-02-11-22-00-00", "latency": 2}, {"date": "2024-02-12-00-00-00", "latency": 0}]}, {"location": {"country_code": "ch"}, "game_id": "295590", "values": [{"date": "2024-02-11-17-00-00", "latency": 1}, {"date": "2024-02-11-22-00-00", "latency": 3}]}, {"location": {"country_code": "de"}, "game_id": "295590", "values": [{"date": "2024-02-11-18-00-00", "latency": 1}, {"date": "2024-02-11-17-00-00", "latency": 3}, {"date": "2024-02-11-17-00-00", "latency": 3}, {"date": "2024-02-11-17-00-00", "latency": 3}, {"date": "2024-02-12-01-00-00", "latency": 4}]}, {"location": {"country_code": "tw"}, "game_id": "295590", "values": [{"date": "2024-02-11-09-00-00", "latency": 8}, {"date": "2024-02-11-15-00-00", "latency": 8}, {"date": "2024-02-11-15-00-00", "latency": 8}]}, {"location": {"country_code": "cl"}, "game_id": "295590", "values": [{"date": "2024-02-11-05-00-00", "latency": 2}, {"date": "2024-02-11-07-00-00", "latency": 12}, {"date": "2024-02-11-02-00-00", "latency": 0}, {"date": "2024-02-12-00-00-00", "latency": 2}]}, {"location": {"country_code": "us", "region": "Texas"}, "game_id": "295590", "values": [{"date": "2024-02-11-20-00-00", "latency": 0}]}, {"location": {"country_code": "us", "region": "Florida"}, "game_id": "295590", "values": [{"date": "2024-02-12-00-00-00", "latency": 5}, {"date": "2024-02-12-00-00-00", "latency": 5}, {"date": "2024-02-11-07-00-00", "latency": 2}, {"date": "2024-02-11-07-00-00", "latency": 2}, {"date": "2024-02-11-07-00-00", "latency": 2}, {"date": "2024-02-11-07-00-00", "latency": 2}, {"date": "2024-02-11-07-00-00", "latency": 2}, {"date": "2024-02-11-07-00-00", "latency": 2}, {"date": "2024-02-11-07-00-00", "latency": 2}, {"date": "2024-02-11-07-00-00", "latency": 2}, {"date": "2024-02-11-07-00-00", "latency": 2}, {"date": "2024-02-11-07-00-00", "latency": 2}, {"date": "2024-02-11-07-00-00", "latency": 2}, {"date": "2024-02-11-07-00-00", "latency": 4}, {"date": "2024-02-11-07-00-00", "latency": 4}, {"date": "2024-02-11-07-00-00", "latency": 4}, {"date": "2024-02-11-07-00-00", "latency": 4}, {"date": "2024-02-11-08-00-00", "latency": 11}]}, {"location": {"country_code": "us", "region": "Kansas"}, "game_id": "295590", "values": [{"date": "2024-02-11-18-00-00", "latency": 3}, {"date": "2024-02-11-18-00-00", "latency": 3}]}, {"location": {"country_code": "mx"}, "game_id": "295590", "values": [{"date": "2024-02-11-06-00-00", "latency": 1}, {"date": "2024-02-11-10-00-00", "latency": 1}, {"date": "2024-02-11-10-00-00", "latency": 1}, {"date": "2024-02-11-10-00-00", "latency": 1}, {"date": "2024-02-11-07-00-00", "latency": 8}, {"date": "2024-02-11-08-00-00", "latency": 61}, {"date": "2024-02-11-08-00-00", "latency": 61}, {"date": "2024-02-11-08-00-00", "latency": 61}, {"date": "2024-02-11-08-00-00", "latency": 5}, {"date": "2024-02-11-08-00-00", "latency": 5}, {"date": "2024-02-12-01-00-00", "latency": 4630}, {"date": "2024-02-12-01-00-00", "latency": 4630}, {"date": "2024-02-11-01-00-00", "latency": 5}, {"date": "2024-02-11-03-00-00", "latency": 6}, {"date": "2024-02-11-03-00-00", "latency": 6}, {"date": "2024-02-11-05-00-00", "latency": 0}, {"date": "2024-02-11-05-00-00", "latency": 0}, {"date": "2024-02-11-06-00-00", "latency": 6}, {"date": "2024-02-11-04-00-00", "latency": 1}, {"date": "2024-02-11-03-00-00", "latency": 1}, {"date": "2024-02-11-03-00-00", "latency": 1}, {"date": "2024-02-11-03-00-00", "latency": 1}, {"date": "2024-02-11-21-00-00", "latency": 2}, {"date": "2024-02-11-21-00-00", "latency": 2}, {"date": "2024-02-11-21-00-00", "latency": 2}, {"date": "2024-02-11-06-00-00", "latency": 1}, {"date": "2024-02-11-23-00-00", "latency": 1249}, {"date": "2024-02-11-23-00-00", "latency": 1249}, {"date": "2024-02-11-22-00-00", "latency": 9}, {"date": "2024-02-11-01-00-00", "latency": 0}, {"date": "2024-02-11-02-00-00", "latency": 3}, {"date": "2024-02-11-04-00-00", "latency": 1}, {"date": "2024-02-11-04-00-00", "latency": 1}, {"date": "2024-02-11-09-00-00", "latency": 8}, {"date": "2024-02-11-07-00-00", "latency": 5}]}, {"location": {"country_code": "mx", "region": "Mexico City"}, "game_id": "295590", "values": [{"date": "2024-02-11-07-00-00", "latency": 0}, {"date": "2024-02-11-07-00-00", "latency": 0}, {"date": "2024-02-11-07-00-00", "latency": 0}, {"date": "2024-02-11-04-00-00", "latency": 6}, {"date": "2024-02-11-04-00-00", "latency": 6}, {"date": "2024-02-11-01-00-00", "latency": 6}, {"date": "2024-02-11-11-00-00", "latency": 0}, {"date": "2024-02-11-07-00-00", "latency": 1}, {"date": "2024-02-11-11-00-00", "latency": 8}, {"date": "2024-02-11-11-00-00", "latency": 8}, {"date": "2024-02-11-11-00-00", "latency": 8}, {"date": "2024-02-11-11-00-00", "latency": 8}, {"date": "2024-02-11-11-00-00", "latency": 8}, {"date": "2024-02-11-03-00-00", "latency": 2}]}, {"location": {"country_code": "mx", "region": "Baja California", "city": "Ensenada"}, "game_id": "295590", "values": [{"date": "2024-02-12-00-00-00", "latency": 4}]}, {"location": {"country_code": "us", "region": "California"}, "game_id": "295590", "values": [{"date": "2024-02-11-13-00-00", "latency": 4}, {"date": "2024-02-11-09-00-00", "latency": 7}, {"date": "2024-02-11-09-00-00", "latency": 7}, {"date": "2024-02-11-09-00-00", "latency": 7}, {"date": "2024-02-11-09-00-00", "latency": 7}, {"date": "2024-02-11-09-00-00", "latency": 7}, {"date": "2024-02-11-09-00-00", "latency": 7}, {"date": "2024-02-11-09-00-00", "latency": 7}, {"date": "2024-02-11-09-00-00", "latency": 7}, {"date": "2024-02-11-09-00-00", "latency": 7}, {"date": "2024-02-11-09-00-00", "latency": 7}, {"date": "2024-02-11-23-00-00", "latency": 0}, {"date": "2024-02-11-09-00-00", "latency": 6}, {"date": "2024-02-12-01-00-00", "latency": 6}, {"date": "2024-02-12-01-00-00", "latency": 6}, {"date": "2024-02-12-01-00-00", "latency": 6}, {"date": "2024-02-12-01-00-00", "latency": 6}, {"date": "2024-02-12-01-00-00", "latency": 6}, {"date": "2024-02-12-01-00-00", "latency": 6}, {"date": "2024-02-12-01-00-00", "latency": 6}, {"date": "2024-02-12-00-00-00", "latency": 0}]}, {"location": {"country_code": "br"}, "game_id": "295590", "values": [{"date": "2024-02-11-02-00-00", "latency": 0}, {"date": "2024-02-11-10-00-00", "latency": 3}, {"date": "2024-02-11-01-00-00", "latency": 1}, {"date": "2024-02-11-01-00-00", "latency": 1}, {"date": "2024-02-11-01-00-00", "latency": 1}, {"date": "2024-02-11-02-00-00", "latency": 0}, {"date": "2024-02-11-06-00-00", "latency": 2032}, {"date": "2024-02-11-06-00-00", "latency": 2032}, {"date": "2024-02-11-07-00-00", "latency": 2}]}, {"location": {"country_code": "br", "region": "Paraiba", "city": "Santa Rita"}, "game_id": "295590", "values": [{"date": "2024-02-12-00-00-00", "latency": 1}]}, {"location": {"country_code": "se"}, "game_id": "295590", "values": [{"date": "2024-02-11-13-00-00", "latency": 2}, {"date": "2024-02-11-16-00-00", "latency": 2}, {"date": "2024-02-11-14-00-00", "latency": 0}, {"date": "2024-02-11-16-00-00", "latency": 6}, {"date": "2024-02-11-16-00-00", "latency": 6}, {"date": "2024-02-11-16-00-00", "latency": 6}, {"date": "2024-02-12-00-00-00", "latency": 3}, {"date": "2024-02-12-00-00-00", "latency": 3}, {"date": "2024-02-12-00-00-00", "latency": 3}, {"date": "2024-02-12-00-00-00", "latency": 3}, {"date": "2024-02-12-00-00-00", "latency": 3}, {"date": "2024-02-11-20-00-00", "latency": 2}, {"date": "2024-02-11-20-00-00", "latency": 2}]}, {"location": {"country_code": "se", "region": "Stockholm County", "city": "Stockholm"}, "game_id": "295590", "values": [{"date": "2024-02-11-20-00-00", "latency": 2}]}, {"location": {"country_code": "us", "region": "California", "city": "East Los Angeles"}, "game_id": "295590", "values": [{"date": "2024-02-11-04-00-00", "latency": 5}, {"date": "2024-02-11-04-00-00", "latency": 7}, {"date": "2024-02-11-04-00-00", "latency": 7}, {"date": "2024-02-11-02-00-00", "latency": 3}]}, {"location": {"country_code": "ec"}, "game_id": "295590", "values": [{"date": "2024-02-12-00-00-00", "latency": 8}]}, {"location": {"country_code": "au"}, "game_id": "295590", "values": [{"date": "2024-02-11-23-00-00", "latency": 5}]}, {"location": {"country_code": "td"}, "game_id": "295590", "values": [{"date": "2024-02-11-12-00-00", "latency": 2}, {"date": "2024-02-11-05-00-00", "latency": 14}]}, {"location": {"country_code": "us", "region": "Texas", "city": "Austin"}, "game_id": "295590", "values": [{"date": "2024-02-11-02-00-00", "latency": 7}]}, {"location": {"country_code": "es", "region": "Madrid", "city": "Parla"}, "game_id": "295590", "values": [{"date": "2024-02-11-20-00-00", "latency": 3}]}, {"location": {"country_code": "dk"}, "game_id": "295590", "values": [{"date": "2024-02-11-15-00-00", "latency": 1}]}, {"location": {"country_code": "kr"}, "game_id": "295590", "values": [{"date": "2024-02-11-14-00-00", "latency": 17}, {"date": "2024-02-11-14-00-00", "latency": 17}]}, {"location": {"country_code": "es"}, "game_id": "295590", "values": [{"date": "2024-02-11-16-00-00", "latency": 4}, {"date": "2024-02-11-02-00-00", "latency": 6}, {"date": "2024-02-11-17-00-00", "latency": 3}, {"date": "2024-02-12-00-00-00", "latency": 9}, {"date": "2024-02-11-20-00-00", "latency": 3}, {"date": "2024-02-11-20-00-00", "latency": 3}, {"date": "2024-02-11-21-00-00", "latency": 8}, {"date": "2024-02-11-21-00-00", "latency": 5}, {"date": "2024-02-11-16-00-00", "latency": 143}, {"date": "2024-02-11-16-00-00", "latency": 143}, {"date": "2024-02-11-16-00-00", "latency": 143}, {"date": "2024-02-11-16-00-00", "latency": 143}]}, {"location": {"country_code": "es", "region": "Canary Islands", "city": "El Pinar"}, "game_id": "295590", "values": [{"date": "2024-02-11-11-00-00", "latency": 3}]}, {"location": {"country_code": "es", "region": "La Rioja", "city": "Logrono"}, "game_id": "295590", "values": [{"date": "2024-02-11-03-00-00", "latency": 4}]}, {"location": {"country_code": "sa"}, "game_id": "295590", "values": [{"date": "2024-02-11-23-00-00", "latency": 0}, {"date": "2024-02-11-19-00-00", "latency": 0}]}, {"location": {"country_code": "ar"}, "game_id": "295590", "values": [{"date": "2024-02-11-12-00-00", "latency": 5}, {"date": "2024-02-12-00-00-00", "latency": 2}, {"date": "2024-02-12-00-00-00", "latency": 2}, {"date": "2024-02-11-20-00-00", "latency": 3}, {"date": "2024-02-11-03-00-00", "latency": 3}, {"date": "2024-02-11-06-00-00", "latency": 5}, {"date": "2024-02-12-01-00-00", "latency": 6}, {"date": "2024-02-11-05-00-00", "latency": 42}, {"date": "2024-02-11-22-00-00", "latency": 3}, {"date": "2024-02-11-22-00-00", "latency": 3}, {"date": "2024-02-11-10-00-00", "latency": 2}, {"date": "2024-02-11-07-00-00", "latency": 2}, {"date": "2024-02-12-00-00-00", "latency": 4}, {"date": "2024-02-11-04-00-00", "latency": 8}, {"date": "2024-02-11-06-00-00", "latency": 2}, {"date": "2024-02-11-06-00-00", "latency": 2}, {"date": "2024-02-11-06-00-00", "latency": 2}, {"date": "2024-02-11-06-00-00", "latency": 2}, {"date": "2024-02-11-06-00-00", "latency": 2}, {"date": "2024-02-11-08-00-00", "latency": 2}, {"date": "2024-02-11-08-00-00", "latency": 2}, {"date": "2024-02-11-06-00-00", "latency": 2}, {"date": "2024-02-11-22-00-00", "latency": 3}, {"date": "2024-02-11-21-00-00", "latency": 15}, {"date": "2024-02-11-16-00-00", "latency": 2}, {"date": "2024-02-11-16-00-00", "latency": 2}, {"date": "2024-02-11-21-00-00", "latency": 3}, {"date": "2024-02-11-02-00-00", "latency": 4}]}, {"location": {"country_code": "ar", "region": "Buenos Aires F.D.", "city": "Bahia Blanca"}, "game_id": "295590", "values": [{"date": "2024-02-12-00-00-00", "latency": 0}, {"date": "2024-02-11-09-00-00", "latency": 0}, {"date": "2024-02-12-00-00-00", "latency": 2}, {"date": "2024-02-11-05-00-00", "latency": 3}]}, {"location": {"country_code": "jm"}, "game_id": "295590", "values": [{"date": "2024-02-11-12-00-00", "latency": 5}, {"date": "2024-02-11-12-00-00", "latency": 5}]}, {"location": {"country_code": "fi"}, "game_id": "295590", "values": [{"date": "2024-02-11-23-00-00", "latency": 1}, {"date": "2024-02-11-13-00-00", "latency": 1}, {"date": "2024-02-11-13-00-00", "latency": 1}, {"date": "2024-02-11-05-00-00", "latency": 4}]}, {"location": {"country_code": "ru", "region": "Moscow", "city": "Zelenograd"}, "game_id": "295590", "values": [{"date": "2024-02-11-17-00-00", "latency": 6}, {"date": "2024-02-11-17-00-00", "latency": 6}]}, {"location": {"country_code": "us", "region": "Illinois", "city": "Chicago"}, "game_id": "295590", "values": [{"date": "2024-02-11-07-00-00", "latency": 6}, {"date": "2024-02-11-07-00-00", "latency": 6}, {"date": "2024-02-11-07-00-00", "latency": 6}]}, {"location": {"country_code": "mx", "region": "Puebla"}, "game_id": "295590", "values": [{"date": "2024-02-11-02-00-00", "latency": 0}]}, {"location": {"country_code": "hu"}, "game_id": "295590", "values": [{"date": "2024-02-11-12-00-00", "latency": 0}]}, {"location": {"country_code": "co"}, "game_id": "295590", "values": [{"date": "2024-02-11-03-00-00", "latency": 6}, {"date": "2024-02-11-03-00-00", "latency": 6}, {"date": "2024-02-11-03-00-00", "latency": 6}, {"date": "2024-02-11-03-00-00", "latency": 6}, {"date": "2024-02-11-03-00-00", "latency": 5}, {"date": "2024-02-12-00-00-00", "latency": 0}, {"date": "2024-02-11-04-00-00", "latency": 6}, {"date": "2024-02-11-02-00-00", "latency": 3}, {"date": "2024-02-11-04-00-00", "latency": 6}, {"date": "2024-02-11-07-00-00", "latency": 0}, {"date": "2024-02-11-07-00-00", "latency": 0}, {"date": "2024-02-11-19-00-00", "latency": 10}, {"date": "2024-02-11-19-00-00", "latency": 10}, {"date": "2024-02-11-05-00-00", "latency": 4}, {"date": "2024-02-11-09-00-00", "latency": 6}, {"date": "2024-02-11-06-00-00", "latency": 1}, {"date": "2024-02-11-03-00-00", "latency": 6}]}, {"location": {"country_code": "at"}, "game_id": "295590", "values": [{"date": "2024-02-11-20-00-00", "latency": 11}]}, {"location": {"country_code": "mx", "region": "Veracruz"}, "game_id": "295590", "values": [{"date": "2024-02-11-03-00-00", "latency": 0}]}, {"location": {"country_code": "ve"}, "game_id": "295590", "values": [{"date": "2024-02-11-06-00-00", "latency": 8}]}, {"location": {"country_code": "es", "region": "Catalonia", "city": "l'Hospitalet de Llobregat"}, "game_id": "295590", "values": [{"date": "2024-02-11-22-00-00", "latency": 39}, {"date": "2024-02-11-22-00-00", "latency": 39}]}, {"location": {"country_code": "pl"}, "game_id": "295590", "values": [{"date": "2024-02-11-23-00-00", "latency": 3}, {"date": "2024-02-11-23-00-00", "latency": 5}, {"date": "2024-02-11-23-00-00", "latency": 3}, {"date": "2024-02-12-00-00-00", "latency": 7}, {"date": "2024-02-12-00-00-00", "latency": 7}, {"date": "2024-02-11-17-00-00", "latency": 4}, {"date": "2024-02-11-17-00-00", "latency": 4}, {"date": "2024-02-11-17-00-00", "latency": 4}, {"date": "2024-02-11-18-00-00", "latency": 3}]}, {"location": {"country_code": "us", "region": "North Carolina"}, "game_id": "295590", "values": [{"date": "2024-02-11-04-00-00", "latency": 4}, {"date": "2024-02-11-09-00-00", "latency": 3}]}, {"location": {"country_code": "us", "region": "Nevada", "city": "Las Vegas"}, "game_id": "295590", "values": [{"date": "2024-02-11-11-00-00", "latency": 0}]}, {"location": {"country_code": "gb", "region": "England", "city": "London"}, "game_id": "295590", "values": [{"date": "2024-02-11-18-00-00", "latency": 3345}, {"date": "2024-02-11-18-00-00", "latency": 3345}]}, {"location": {"country_code": "us", "region": "Georgia"}, "game_id": "295590", "values": [{"date": "2024-02-11-02-00-00", "latency": 2}]}, {"location": {"country_code": "pe"}, "game_id": "295590", "values": [{"date": "2024-02-11-02-00-00", "latency": 6}, {"date": "2024-02-11-22-00-00", "latency": 45}]}, {"location": {"country_code": "ua"}, "game_id": "295590", "values": [{"date": "2024-02-11-03-00-00", "latency": 7}, {"date": "2024-02-11-23-00-00", "latency": 3}, {"date": "2024-02-11-22-00-00", "latency": 5}]}, {"location": {"country_code": "us", "region": "District of Columbia", "city": "Washington"}, "game_id": "295590", "values": [{"date": "2024-02-11-05-00-00", "latency": 8}]}, {"location": {"country_code": "do"}, "game_id": "295590", "values": [{"date": "2024-02-11-08-00-00", "latency": 9}]}, {"location": {"country_code": "my"}, "game_id": "295590", "values": [{"date": "2024-02-11-19-00-00", "latency": 1}, {"date": "2024-02-11-19-00-00", "latency": 1}, {"date": "2024-02-11-19-00-00", "latency": 1}]}, {"location": {"country_code": "id"}, "game_id": "295590", "values": [{"date": "2024-02-11-16-00-00", "latency": 2}, {"date": "2024-02-11-16-00-00", "latency": 2}, {"date": "2024-02-11-16-00-00", "latency": 2}]}, {"location": {"country_code": "br", "region": "Pernambuco", "city": "Pombos"}, "game_id": "295590", "values": [{"date": "2024-02-11-06-00-00", "latency": 3}, {"date": "2024-02-11-06-00-00", "latency": 3}, {"date": "2024-02-11-06-00-00", "latency": 3}]}, {"location": {"country_code": "mx", "region": "Nuevo Leon", "city": "Monterrey"}, "game_id": "295590", "values": [{"date": "2024-02-11-06-00-00", "latency": 7}]}, {"location": {"country_code": "sk", "region": "Nitra Region", "city": "Nitra"}, "game_id": "295590", "values": [{"date": "2024-02-11-17-00-00", "latency": 4}, {"date": "2024-02-11-17-00-00", "latency": 4}, {"date": "2024-02-11-17-00-00", "latency": 4}]}, {"location": {"country_code": "br", "region": "Rio Grande do Sul", "city": "Porto Alegre"}, "game_id": "295590", "values": [{"date": "2024-02-11-15-00-00", "latency": 2}]}, {"location": {"country_code": "pt"}, "game_id": "295590", "values": [{"date": "2024-02-11-19-00-00", "latency": 4}, {"date": "2024-02-11-18-00-00", "latency": 2}, {"date": "2024-02-11-20-00-00", "latency": 9}, {"date": "2024-02-12-00-00-00", "latency": 0}]}, {"location": {"country_code": "br", "region": "State of Rio de Janeiro", "city": "Angra dos Reis"}, "game_id": "295590", "values": [{"date": "2024-02-11-04-00-00", "latency": 2}, {"date": "2024-02-11-04-00-00", "latency": 2}, {"date": "2024-02-11-08-00-00", "latency": 0}]}, {"location": {"country_code": "br", "region": "State of Rio de Janeiro", "city": "Iguaba Grande"}, "game_id": "295590", "values": [{"date": "2024-02-12-01-00-00", "latency": 0}, {"date": "2024-02-12-01-00-00", "latency": 0}]}, {"location": {"country_code": "us", "region": "New Hampshire"}, "game_id": "295590", "values": [{"date": "2024-02-11-11-00-00", "latency": 7}, {"date": "2024-02-11-11-00-00", "latency": 7}, {"date": "2024-02-11-11-00-00", "latency": 7}]}, {"location": {"country_code": "us", "region": "Kentucky"}, "game_id": "295590", "values": [{"date": "2024-02-11-22-00-00", "latency": 50}]}, {"location": {"country_code": "uy", "region": "Montevideo Department", "city": "Montevideo"}, "game_id": "295590", "values": [{"date": "2024-02-11-16-00-00", "latency": 3}]}, {"location": {"country_code": "uy"}, "game_id": "295590", "values": [{"date": "2024-02-11-16-00-00", "latency": 3}, {"date": "2024-02-11-16-00-00", "latency": 3}, {"date": "2024-02-11-20-00-00", "latency": 3}]}, {"location": {"country_code": "jp", "region": "Kyoto", "city": "Kyoto"}, "game_id": "295590", "values": [{"date": "2024-02-11-14-00-00", "latency": 5}]}, {"location": {"country_code": "ca", "region": "Quebec", "city": "Montreal"}, "game_id": "295590", "values": [{"date": "2024-02-11-21-00-00", "latency": 0}]}, {"location": {"country_code": "br", "region": "Rio Grande do Sul"}, "game_id": "295590", "values": [{"date": "2024-02-11-04-00-00", "latency": 2}, {"date": "2024-02-11-04-00-00", "latency": 2}]}, {"location": {"country_code": "kw"}, "game_id": "295590", "values": [{"date": "2024-02-11-21-00-00", "latency": 11}]}, {"location": {"country_code": "us", "region": "Maryland"}, "game_id": "295590", "values": [{"date": "2024-02-11-06-00-00", "latency": 9}]}, {"location": {"country_code": "us", "region": "Florida", "city": "Orlando"}, "game_id": "295590", "values": [{"date": "2024-02-11-21-00-00", "latency": 5}]}, {"location": {"country_code": "hr"}, "game_id": "295590", "values": [{"date": "2024-02-11-23-00-00", "latency": 5}, {"date": "2024-02-11-17-00-00", "latency": 42}, {"date": "2024-02-11-17-00-00", "latency": 42}]}, {"location": {"country_code": "pe", "region": "Lima region", "city": "Lima"}, "game_id": "295590", "values": [{"date": "2024-02-12-01-00-00", "latency": 9}, {"date": "2024-02-12-01-00-00", "latency": 9}]}, {"location": {"country_code": "pk"}, "game_id": "295590", "values": [{"date": "2024-02-11-23-00-00", "latency": 127}, {"date": "2024-02-11-23-00-00", "latency": 127}, {"date": "2024-02-11-23-00-00", "latency": 127}, {"date": "2024-02-11-23-00-00", "latency": 127}]}, {"location": {"country_code": "mx", "region": "Jalisco", "city": "Guadalajara"}, "game_id": "295590", "values": [{"date": "2024-02-11-05-00-00", "latency": 10}, {"date": "2024-02-11-05-00-00", "latency": 10}]}, {"location": {"country_code": "ar", "region": "Santa Fe Province", "city": "Rosario"}, "game_id": "295590", "values": [{"date": "2024-02-11-21-00-00", "latency": 9}, {"date": "2024-02-11-07-00-00", "latency": 3}]}, {"location": {"country_code": "by"}, "game_id": "295590", "values": [{"date": "2024-02-11-02-00-00", "latency": 5}]}, {"location": {"country_code": "us", "region": "Texas", "city": "Irving"}, "game_id": "295590", "values": [{"date": "2024-02-11-09-00-00", "latency": 3}]}, {"location": {"country_code": "gt"}, "game_id": "295590", "values": [{"date": "2024-02-11-06-00-00", "latency": 12}, {"date": "2024-02-11-06-00-00", "latency": 12}, {"date": "2024-02-11-11-00-00", "latency": 3}, {"date": "2024-02-11-11-00-00", "latency": 3}, {"date": "2024-02-11-11-00-00", "latency": 3}]}, {"location": {"country_code": "br", "region": "Ceara", "city": "Itapipoca"}, "game_id": "295590", "values": [{"date": "2024-02-11-18-00-00", "latency": 0}]}, {"location": {"country_code": "ca", "region": "Quebec"}, "game_id": "295590", "values": [{"date": "2024-02-11-23-00-00", "latency": 3}]}, {"location": {"country_code": "br", "region": "State of Rio de Janeiro"}, "game_id": "295590", "values": [{"date": "2024-02-11-04-00-00", "latency": 0}]}, {"location": {"country_code": "ar", "region": "Tucuman Province", "city": "San Miguel de Tucuman"}, "game_id": "295590", "values": [{"date": "2024-02-11-07-00-00", "latency": 1}]}, {"location": {"country_code": "br", "region": "Sao Paulo", "city": "Jacarei"}, "game_id": "295590", "values": [{"date": "2024-02-11-05-00-00", "latency": 1}]}, {"location": {"country_code": "bg"}, "game_id": "295590", "values": [{"date": "2024-02-11-22-00-00", "latency": 3}, {"date": "2024-02-11-22-00-00", "latency": 3}, {"date": "2024-02-11-22-00-00", "latency": 3}, {"date": "2024-02-11-16-00-00", "latency": 3}, {"date": "2024-02-11-16-00-00", "latency": 3}]}, {"location": {"country_code": "de", "region": "North Rhine-Westphalia"}, "game_id": "295590", "values": [{"date": "2024-02-11-19-00-00", "latency": 3}]}, {"location": {"country_code": "us", "region": "California", "city": "Ojai"}, "game_id": "295590", "values": [{"date": "2024-02-11-18-00-00", "latency": 51}]}, {"location": {"country_code": "br", "region": "Rio Grande do Norte", "city": "Natal"}, "game_id": "295590", "values": [{"date": "2024-02-11-20-00-00", "latency": 5}, {"date": "2024-02-11-07-00-00", "latency": 3}]}, {"location": {"country_code": "fr", "region": "Alsazia-Champagne-Ardenne-Lorena", "city": "Coupeville"}, "game_id": "295590", "values": [{"date": "2024-02-11-06-00-00", "latency": 0}]}, {"location": {"country_code": "dj"}, "game_id": "295590", "values": [{"date": "2024-02-11-18-00-00", "latency": 5}, {"date": "2024-02-11-18-00-00", "latency": 5}, {"date": "2024-02-11-18-00-00", "latency": 5}, {"date": "2024-02-11-18-00-00", "latency": 5}]}, {"location": {"country_code": "us", "region": "Washington", "city": "Bellingham"}, "game_id": "295590", "values": [{"date": "2024-02-11-05-00-00", "latency": 8}, {"date": "2024-02-11-05-00-00", "latency": 8}]}, {"location": {"country_code": "br", "region": "Minas Gerais", "city": "Ituiutaba"}, "game_id": "295590", "values": [{"date": "2024-02-11-21-00-00", "latency": 4}]}, {"location": {"country_code": "us", "region": "California", "city": "Long Beach"}, "game_id": "295590", "values": [{"date": "2024-02-12-01-00-00", "latency": 9}]}, {"location": {"country_code": "us", "region": "Texas", "city": "San Antonio"}, "game_id": "295590", "values": [{"date": "2024-02-11-01-00-00", "latency": 0}, {"date": "2024-02-11-01-00-00", "latency": 0}]}, {"location": {"country_code": "es", "region": "Valencia", "city": "Gandia"}, "game_id": "295590", "values": [{"date": "2024-02-11-20-00-00", "latency": 3}]}, {"location": {"country_code": "sa", "region": "Riyadh Region", "city": "Wadi Ad Dawasir"}, "game_id": "295590", "values": [{"date": "2024-02-11-23-00-00", "latency": 9}]}, {"location": {"country_code": "au", "region": "Canberra"}, "game_id": "295590", "values": [{"date": "2024-02-11-10-00-00", "latency": 4}]}, {"location": {"country_code": "mx", "region": "Chiapas"}, "game_id": "295590", "values": [{"date": "2024-02-12-00-00-00", "latency": 2}]}, {"location": {"country_code": "us", "region": "Idaho"}, "game_id": "295590", "values": [{"date": "2024-02-11-09-00-00", "latency": 0}]}, {"location": {"country_code": "es", "region": "Castille-La Mancha", "city": "Toledo"}, "game_id": "295590", "values": [{"date": "2024-02-11-05-00-00", "latency": 0}]}, {"location": {"country_code": "fo"}, "game_id": "295590", "values": [{"date": "2024-02-11-03-00-00", "latency": 6}]}, {"location": {"country_code": "fr", "region": "Aquitania-Limosino-Poitou-Charentes", "city": "Bordeaux"}, "game_id": "295590", "values": [{"date": "2024-02-11-18-00-00", "latency": 8}, {"date": "2024-02-11-18-00-00", "latency": 8}]}, {"location": {"country_code": "ru", "region": "Leningrad", "city": "Saint Petersburg"}, "game_id": "295590", "values": [{"date": "2024-02-11-17-00-00", "latency": 9}]}, {"location": {"country_code": "lu"}, "game_id": "295590", "values": [{"date": "2024-02-12-00-00-00", "latency": 7}]}, {"location": {"country_code": "us", "region": "Colorado", "city": "Colorado Springs"}, "game_id": "295590", "values": [{"date": "2024-02-11-21-00-00", "latency": 4}, {"date": "2024-02-11-21-00-00", "latency": 4}]}, {"location": {"country_code": "mx", "region": "San Luis Potosi"}, "game_id": "295590", "values": [{"date": "2024-02-11-08-00-00", "latency": 7}]}, {"location": {"country_code": "ma"}, "game_id": "295590", "values": [{"date": "2024-02-11-22-00-00", "latency": 1658}]}, {"location": {"country_code": "es", "region": "Andalusia", "city": "La Linea de la Concepcion"}, "game_id": "295590", "values": [{"date": "2024-02-11-21-00-00", "latency": 0}, {"date": "2024-02-11-21-00-00", "latency": 0}, {"date": "2024-02-11-21-00-00", "latency": 0}, {"date": "2024-02-11-21-00-00", "latency": 0}]}, {"location": {"country_code": "tt"}, "game_id": "295590", "values": [{"date": "2024-02-11-04-00-00", "latency": 8}]}, {"location": {"country_code": "ro", "region": "Iasi County"}, "game_id": "295590", "values": [{"date": "2024-02-11-21-00-00", "latency": 2}]}, {"location": {"country_code": "fr", "region": "Provence-Alpes-Cote d'Azur Region", "city": "Nice"}, "game_id": "295590", "values": [{"date": "2024-02-12-01-00-00", "latency": 2}]}, {"location": {"country_code": "ar", "region": "Buenos Aires", "city": "Castelar"}, "game_id": "295590", "values": [{"date": "2024-02-11-17-00-00", "latency": 4}, {"date": "2024-02-11-17-00-00", "latency": 4}]}, {"location": {"country_code": "br", "region": "Minas Gerais", "city": "Patos de Minas"}, "game_id": "295590", "values": [{"date": "2024-02-11-08-00-00", "latency": 2}]}, {"location": {"country_code": "it", "region": "The Marches"}, "game_id": "295590", "values": [{"date": "2024-02-11-22-00-00", "latency": 2}]}, {"location": {"country_code": "br", "region": "Sao Paulo"}, "game_id": "295590", "values": [{"date": "2024-02-11-06-00-00", "latency": 0}]}, {"location": {"country_code": "br", "region": "Sao Paulo", "city": "Barra Bonita"}, "game_id": "295590", "values": [{"date": "2024-02-11-21-00-00", "latency": 0}]}, {"location": {"country_code": "co", "region": "Caldas Department", "city": "Manizales"}, "game_id": "295590", "values": [{"date": "2024-02-11-05-00-00", "latency": 64}]}, {"location": {"country_code": "br", "region": "Rio Grande do Sul", "city": "Cruz Alta"}, "game_id": "295590", "values": [{"date": "2024-02-11-01-00-00", "latency": 3}]}, {"location": {"country_code": "ar", "region": "Santa Fe Province", "city": "Venado Tuerto"}, "game_id": "295590", "values": [{"date": "2024-02-11-03-00-00", "latency": 8}]}, {"location": {"country_code": "br", "region": "Santa Catarina", "city": "Sao Jose"}, "game_id": "295590", "values": [{"date": "2024-02-11-22-00-00", "latency": 2}]}, {"location": {"country_code": "us", "region": "Florida", "city": "Boynton Beach"}, "game_id": "295590", "values": [{"date": "2024-02-11-09-00-00", "latency": 4}]}, {"location": {"country_code": "us", "region": "California", "city": "Tustin"}, "game_id": "295590", "values": [{"date": "2024-02-11-07-00-00", "latency": 1}]}, {"location": {"country_code": "br", "region": "Sao Paulo", "city": "Mirassol"}, "game_id": "295590", "values": [{"date": "2024-02-11-03-00-00", "latency": 1}]}, {"location": {"country_code": "us", "region": "California", "city": "San Fernando"}, "game_id": "295590", "values": [{"date": "2024-02-12-01-00-00", "latency": 7}]}, {"location": {"country_code": "br", "region": "Alagoas", "city": "Penedo"}, "game_id": "295590", "values": [{"date": "2024-02-11-04-00-00", "latency": 8}]}, {"location": {"country_code": "uy", "region": "Canelones Department", "city": "Las Toscas"}, "game_id": "295590", "values": [{"date": "2024-02-11-16-00-00", "latency": 3}]}, {"location": {"country_code": "us", "region": "New York", "city": "Olean"}, "game_id": "295590", "values": [{"date": "2024-02-11-08-00-00", "latency": 4}]}, {"location": {"country_code": "bf", "region": "Sahel Region"}, "game_id": "295590", "values": [{"date": "2024-02-11-06-00-00", "latency": 0}]}], "last_updated": 1719919187.435758}