{"data": [{"location": {"country_code": "nz"}, "game_id": "135305", "values": [{"date": "2024-05-19-08-00-00", "latency": 236}, {"date": "2024-05-19-03-00-00", "latency": 204}, {"date": "2024-05-19-03-00-00", "latency": 204}, {"date": "2024-05-19-03-00-00", "latency": 204}, {"date": "2024-05-19-03-00-00", "latency": 204}, {"date": "2024-05-19-03-00-00", "latency": 204}, {"date": "2024-05-19-03-00-00", "latency": 204}]}, {"location": {"country_code": "us"}, "game_id": "135305", "values": [{"date": "2024-05-20-01-00-00", "latency": 36}, {"date": "2024-05-19-08-00-00", "latency": 47}, {"date": "2024-05-19-08-00-00", "latency": 47}, {"date": "2024-05-19-08-00-00", "latency": 47}, {"date": "2024-05-19-08-00-00", "latency": 47}, {"date": "2024-05-19-08-00-00", "latency": 47}, {"date": "2024-05-19-08-00-00", "latency": 47}, {"date": "2024-05-19-08-00-00", "latency": 47}, {"date": "2024-05-19-08-00-00", "latency": 47}, {"date": "2024-05-19-08-00-00", "latency": 47}, {"date": "2024-05-19-21-00-00", "latency": 42}, {"date": "2024-05-19-21-00-00", "latency": 42}, {"date": "2024-05-19-07-00-00", "latency": 31}, {"date": "2024-05-19-07-00-00", "latency": 31}, {"date": "2024-05-19-07-00-00", "latency": 31}, {"date": "2024-05-19-07-00-00", "latency": 31}, {"date": "2024-05-19-07-00-00", "latency": 31}, {"date": "2024-05-19-07-00-00", "latency": 31}, {"date": "2024-05-19-07-00-00", "latency": 31}, {"date": "2024-05-19-07-00-00", "latency": 31}, {"date": "2024-05-19-07-00-00", "latency": 31}, {"date": "2024-05-19-07-00-00", "latency": 31}, {"date": "2024-05-19-07-00-00", "latency": 31}, {"date": "2024-05-19-07-00-00", "latency": 25}, {"date": "2024-05-19-07-00-00", "latency": 25}, {"date": "2024-05-19-07-00-00", "latency": 25}, {"date": "2024-05-19-07-00-00", "latency": 25}, {"date": "2024-05-19-07-00-00", "latency": 25}, {"date": "2024-05-19-07-00-00", "latency": 25}, {"date": "2024-05-19-07-00-00", "latency": 25}, {"date": "2024-05-19-07-00-00", "latency": 25}, {"date": "2024-05-19-07-00-00", "latency": 25}, {"date": "2024-05-19-07-00-00", "latency": 25}, {"date": "2024-05-19-07-00-00", "latency": 25}, {"date": "2024-05-20-01-00-00", "latency": 30}, {"date": "2024-05-20-01-00-00", "latency": 30}, {"date": "2024-05-20-01-00-00", "latency": 30}, {"date": "2024-05-20-01-00-00", "latency": 30}, {"date": "2024-05-19-05-00-00", "latency": 91}, {"date": "2024-05-19-05-00-00", "latency": 91}, {"date": "2024-05-19-05-00-00", "latency": 91}, {"date": "2024-05-19-05-00-00", "latency": 91}, {"date": "2024-05-19-05-00-00", "latency": 91}, {"date": "2024-05-19-21-00-00", "latency": 45}, {"date": "2024-05-19-21-00-00", "latency": 45}, {"date": "2024-05-19-21-00-00", "latency": 45}, {"date": "2024-05-19-21-00-00", "latency": 45}, {"date": "2024-05-19-21-00-00", "latency": 45}, {"date": "2024-05-19-21-00-00", "latency": 45}, {"date": "2024-05-20-02-00-00", "latency": 52}, {"date": "2024-05-20-02-00-00", "latency": 52}, {"date": "2024-05-20-02-00-00", "latency": 52}, {"date": "2024-05-20-02-00-00", "latency": 52}, {"date": "2024-05-19-05-00-00", "latency": 21}, {"date": "2024-05-19-20-00-00", "latency": 27}, {"date": "2024-05-19-20-00-00", "latency": 27}, {"date": "2024-05-19-20-00-00", "latency": 27}, {"date": "2024-05-19-20-00-00", "latency": 27}, {"date": "2024-05-19-20-00-00", "latency": 27}, {"date": "2024-05-19-20-00-00", "latency": 27}, {"date": "2024-05-19-20-00-00", "latency": 27}, {"date": "2024-05-19-20-00-00", "latency": 27}, {"date": "2024-05-19-20-00-00", "latency": 27}, {"date": "2024-05-19-09-00-00", "latency": 84}, {"date": "2024-05-19-09-00-00", "latency": 84}, {"date": "2024-05-19-09-00-00", "latency": 84}]}, {"location": {"country_code": "th"}, "game_id": "135305", "values": [{"date": "2024-05-19-09-00-00", "latency": 106}, {"date": "2024-05-19-09-00-00", "latency": 106}, {"date": "2024-05-19-09-00-00", "latency": 106}, {"date": "2024-05-19-09-00-00", "latency": 106}, {"date": "2024-05-19-16-00-00", "latency": 109}, {"date": "2024-05-19-16-00-00", "latency": 109}, {"date": "2024-05-19-16-00-00", "latency": 109}, {"date": "2024-05-19-16-00-00", "latency": 109}, {"date": "2024-05-19-16-00-00", "latency": 109}, {"date": "2024-05-19-16-00-00", "latency": 109}, {"date": "2024-05-19-16-00-00", "latency": 109}, {"date": "2024-05-19-16-00-00", "latency": 109}, {"date": "2024-05-19-16-00-00", "latency": 109}, {"date": "2024-05-19-16-00-00", "latency": 109}, {"date": "2024-05-19-16-00-00", "latency": 109}, {"date": "2024-05-19-16-00-00", "latency": 109}]}, {"location": {"country_code": "it"}, "game_id": "135305", "values": [{"date": "2024-05-19-15-00-00", "latency": 15}, {"date": "2024-05-19-15-00-00", "latency": 15}, {"date": "2024-05-19-15-00-00", "latency": 15}, {"date": "2024-05-19-15-00-00", "latency": 15}, {"date": "2024-05-19-15-00-00", "latency": 15}]}, {"location": {"country_code": "jp"}, "game_id": "135305", "values": [{"date": "2024-05-19-21-00-00", "latency": 38}, {"date": "2024-05-19-21-00-00", "latency": 38}, {"date": "2024-05-19-21-00-00", "latency": 38}, {"date": "2024-05-19-21-00-00", "latency": 38}, {"date": "2024-05-19-21-00-00", "latency": 38}, {"date": "2024-05-19-21-00-00", "latency": 38}, {"date": "2024-05-19-21-00-00", "latency": 38}, {"date": "2024-05-19-21-00-00", "latency": 38}, {"date": "2024-05-19-21-00-00", "latency": 38}, {"date": "2024-05-19-21-00-00", "latency": 38}, {"date": "2024-05-19-21-00-00", "latency": 38}, {"date": "2024-05-19-21-00-00", "latency": 38}, {"date": "2024-05-19-06-00-00", "latency": 17}, {"date": "2024-05-19-06-00-00", "latency": 17}, {"date": "2024-05-19-06-00-00", "latency": 17}, {"date": "2024-05-19-06-00-00", "latency": 17}, {"date": "2024-05-19-06-00-00", "latency": 17}, {"date": "2024-05-19-06-00-00", "latency": 17}, {"date": "2024-05-19-06-00-00", "latency": 17}, {"date": "2024-05-19-18-00-00", "latency": 19}, {"date": "2024-05-19-18-00-00", "latency": 19}, {"date": "2024-05-19-18-00-00", "latency": 19}, {"date": "2024-05-19-18-00-00", "latency": 19}, {"date": "2024-05-19-18-00-00", "latency": 19}, {"date": "2024-05-19-18-00-00", "latency": 19}, {"date": "2024-05-19-18-00-00", "latency": 19}, {"date": "2024-05-19-18-00-00", "latency": 6}, {"date": "2024-05-19-18-00-00", "latency": 6}, {"date": "2024-05-19-18-00-00", "latency": 6}, {"date": "2024-05-19-18-00-00", "latency": 6}, {"date": "2024-05-20-02-00-00", "latency": 35}, {"date": "2024-05-20-02-00-00", "latency": 35}, {"date": "2024-05-20-02-00-00", "latency": 35}, {"date": "2024-05-20-02-00-00", "latency": 35}, {"date": "2024-05-20-02-00-00", "latency": 35}, {"date": "2024-05-20-02-00-00", "latency": 35}, {"date": "2024-05-20-02-00-00", "latency": 35}, {"date": "2024-05-19-07-00-00", "latency": 13}, {"date": "2024-05-19-07-00-00", "latency": 13}, {"date": "2024-05-19-07-00-00", "latency": 13}, {"date": "2024-05-19-07-00-00", "latency": 13}, {"date": "2024-05-19-07-00-00", "latency": 13}, {"date": "2024-05-19-07-00-00", "latency": 13}, {"date": "2024-05-19-07-00-00", "latency": 13}, {"date": "2024-05-19-07-00-00", "latency": 13}, {"date": "2024-05-19-07-00-00", "latency": 13}, {"date": "2024-05-19-16-00-00", "latency": 9}, {"date": "2024-05-19-16-00-00", "latency": 9}, {"date": "2024-05-19-16-00-00", "latency": 9}, {"date": "2024-05-19-16-00-00", "latency": 9}, {"date": "2024-05-19-16-00-00", "latency": 9}, {"date": "2024-05-19-16-00-00", "latency": 9}, {"date": "2024-05-19-16-00-00", "latency": 9}, {"date": "2024-05-19-06-00-00", "latency": 22}, {"date": "2024-05-19-13-00-00", "latency": 17}, {"date": "2024-05-19-13-00-00", "latency": 17}, {"date": "2024-05-19-13-00-00", "latency": 17}, {"date": "2024-05-19-13-00-00", "latency": 17}, {"date": "2024-05-19-13-00-00", "latency": 17}, {"date": "2024-05-19-13-00-00", "latency": 17}, {"date": "2024-05-19-13-00-00", "latency": 17}, {"date": "2024-05-19-13-00-00", "latency": 17}, {"date": "2024-05-19-13-00-00", "latency": 17}, {"date": "2024-05-19-13-00-00", "latency": 17}, {"date": "2024-05-19-13-00-00", "latency": 17}, {"date": "2024-05-19-13-00-00", "latency": 17}, {"date": "2024-05-19-13-00-00", "latency": 17}, {"date": "2024-05-19-13-00-00", "latency": 17}, {"date": "2024-05-19-13-00-00", "latency": 17}, {"date": "2024-05-19-13-00-00", "latency": 17}, {"date": "2024-05-19-13-00-00", "latency": 17}, {"date": "2024-05-19-13-00-00", "latency": 17}, {"date": "2024-05-19-13-00-00", "latency": 17}, {"date": "2024-05-19-13-00-00", "latency": 17}, {"date": "2024-05-19-13-00-00", "latency": 17}, {"date": "2024-05-19-13-00-00", "latency": 17}, {"date": "2024-05-19-13-00-00", "latency": 17}, {"date": "2024-05-19-13-00-00", "latency": 17}, {"date": "2024-05-19-13-00-00", "latency": 17}, {"date": "2024-05-19-13-00-00", "latency": 17}, {"date": "2024-05-19-13-00-00", "latency": 17}, {"date": "2024-05-19-13-00-00", "latency": 17}, {"date": "2024-05-19-13-00-00", "latency": 17}, {"date": "2024-05-19-09-00-00", "latency": 8}, {"date": "2024-05-19-16-00-00", "latency": 8}, {"date": "2024-05-19-16-00-00", "latency": 8}, {"date": "2024-05-19-16-00-00", "latency": 8}, {"date": "2024-05-19-16-00-00", "latency": 8}, {"date": "2024-05-20-01-00-00", "latency": 21}, {"date": "2024-05-20-01-00-00", "latency": 21}, {"date": "2024-05-20-01-00-00", "latency": 21}, {"date": "2024-05-20-01-00-00", "latency": 21}, {"date": "2024-05-20-01-00-00", "latency": 21}, {"date": "2024-05-20-01-00-00", "latency": 21}, {"date": "2024-05-20-01-00-00", "latency": 21}, {"date": "2024-05-20-01-00-00", "latency": 21}, {"date": "2024-05-20-01-00-00", "latency": 21}, {"date": "2024-05-20-01-00-00", "latency": 21}, {"date": "2024-05-20-01-00-00", "latency": 21}, {"date": "2024-05-20-01-00-00", "latency": 21}, {"date": "2024-05-20-01-00-00", "latency": 21}, {"date": "2024-05-20-01-00-00", "latency": 21}, {"date": "2024-05-20-01-00-00", "latency": 21}, {"date": "2024-05-20-01-00-00", "latency": 21}, {"date": "2024-05-20-01-00-00", "latency": 21}, {"date": "2024-05-20-01-00-00", "latency": 21}, {"date": "2024-05-20-01-00-00", "latency": 21}, {"date": "2024-05-20-01-00-00", "latency": 21}, {"date": "2024-05-20-01-00-00", "latency": 21}, {"date": "2024-05-20-01-00-00", "latency": 21}, {"date": "2024-05-20-01-00-00", "latency": 21}, {"date": "2024-05-20-01-00-00", "latency": 21}, {"date": "2024-05-20-01-00-00", "latency": 21}, {"date": "2024-05-20-01-00-00", "latency": 21}, {"date": "2024-05-20-01-00-00", "latency": 21}, {"date": "2024-05-20-01-00-00", "latency": 21}, {"date": "2024-05-20-01-00-00", "latency": 21}, {"date": "2024-05-20-01-00-00", "latency": 21}, {"date": "2024-05-20-01-00-00", "latency": 21}, {"date": "2024-05-20-01-00-00", "latency": 21}, {"date": "2024-05-20-01-00-00", "latency": 21}, {"date": "2024-05-20-01-00-00", "latency": 21}, {"date": "2024-05-20-01-00-00", "latency": 21}, {"date": "2024-05-20-01-00-00", "latency": 21}, {"date": "2024-05-20-01-00-00", "latency": 21}]}, {"location": {"country_code": "jp", "region": "Nagoya"}, "game_id": "135305", "values": [{"date": "2024-05-19-10-00-00", "latency": 184}, {"date": "2024-05-19-10-00-00", "latency": 184}, {"date": "2024-05-19-10-00-00", "latency": 184}]}, {"location": {"country_code": "ca"}, "game_id": "135305", "values": [{"date": "2024-05-19-03-00-00", "latency": 2}, {"date": "2024-05-19-03-00-00", "latency": 2}, {"date": "2024-05-19-03-00-00", "latency": 2}, {"date": "2024-05-20-02-00-00", "latency": 45}, {"date": "2024-05-19-21-00-00", "latency": 29}, {"date": "2024-05-19-21-00-00", "latency": 29}, {"date": "2024-05-19-21-00-00", "latency": 29}, {"date": "2024-05-19-21-00-00", "latency": 29}, {"date": "2024-05-19-21-00-00", "latency": 29}, {"date": "2024-05-19-21-00-00", "latency": 29}, {"date": "2024-05-19-21-00-00", "latency": 29}, {"date": "2024-05-19-21-00-00", "latency": 29}, {"date": "2024-05-19-21-00-00", "latency": 29}, {"date": "2024-05-19-21-00-00", "latency": 29}, {"date": "2024-05-19-21-00-00", "latency": 29}, {"date": "2024-05-19-21-00-00", "latency": 29}, {"date": "2024-05-19-21-00-00", "latency": 29}, {"date": "2024-05-19-21-00-00", "latency": 29}, {"date": "2024-05-19-21-00-00", "latency": 29}, {"date": "2024-05-19-21-00-00", "latency": 29}, {"date": "2024-05-19-21-00-00", "latency": 29}, {"date": "2024-05-19-21-00-00", "latency": 29}, {"date": "2024-05-19-23-00-00", "latency": 91}, {"date": "2024-05-19-19-00-00", "latency": 17}, {"date": "2024-05-19-19-00-00", "latency": 17}, {"date": "2024-05-19-19-00-00", "latency": 17}, {"date": "2024-05-19-19-00-00", "latency": 17}, {"date": "2024-05-19-19-00-00", "latency": 17}, {"date": "2024-05-19-19-00-00", "latency": 17}, {"date": "2024-05-19-19-00-00", "latency": 17}, {"date": "2024-05-19-19-00-00", "latency": 17}, {"date": "2024-05-19-19-00-00", "latency": 17}, {"date": "2024-05-19-19-00-00", "latency": 17}, {"date": "2024-05-19-19-00-00", "latency": 17}, {"date": "2024-05-19-19-00-00", "latency": 17}, {"date": "2024-05-19-19-00-00", "latency": 17}, {"date": "2024-05-19-19-00-00", "latency": 17}, {"date": "2024-05-19-19-00-00", "latency": 17}, {"date": "2024-05-19-19-00-00", "latency": 17}, {"date": "2024-05-19-19-00-00", "latency": 17}, {"date": "2024-05-19-19-00-00", "latency": 17}, {"date": "2024-05-19-19-00-00", "latency": 17}, {"date": "2024-05-19-19-00-00", "latency": 17}, {"date": "2024-05-19-19-00-00", "latency": 17}, {"date": "2024-05-19-19-00-00", "latency": 17}, {"date": "2024-05-19-03-00-00", "latency": 52}, {"date": "2024-05-19-03-00-00", "latency": 52}]}, {"location": {"country_code": "de"}, "game_id": "135305", "values": [{"date": "2024-05-19-04-00-00", "latency": 23}, {"date": "2024-05-19-04-00-00", "latency": 23}, {"date": "2024-05-19-20-00-00", "latency": 22}, {"date": "2024-05-19-20-00-00", "latency": 22}, {"date": "2024-05-19-20-00-00", "latency": 22}, {"date": "2024-05-19-20-00-00", "latency": 22}, {"date": "2024-05-19-20-00-00", "latency": 22}, {"date": "2024-05-19-20-00-00", "latency": 22}, {"date": "2024-05-19-20-00-00", "latency": 22}, {"date": "2024-05-19-20-00-00", "latency": 22}, {"date": "2024-05-19-20-00-00", "latency": 22}, {"date": "2024-05-19-20-00-00", "latency": 22}, {"date": "2024-05-19-20-00-00", "latency": 22}, {"date": "2024-05-19-20-00-00", "latency": 22}, {"date": "2024-05-19-20-00-00", "latency": 22}, {"date": "2024-05-19-20-00-00", "latency": 22}, {"date": "2024-05-19-16-00-00", "latency": 15}, {"date": "2024-05-19-16-00-00", "latency": 15}, {"date": "2024-05-19-16-00-00", "latency": 15}, {"date": "2024-05-19-16-00-00", "latency": 15}, {"date": "2024-05-19-16-00-00", "latency": 15}, {"date": "2024-05-19-16-00-00", "latency": 15}, {"date": "2024-05-19-16-00-00", "latency": 15}, {"date": "2024-05-19-16-00-00", "latency": 15}, {"date": "2024-05-19-16-00-00", "latency": 15}, {"date": "2024-05-19-16-00-00", "latency": 15}, {"date": "2024-05-19-16-00-00", "latency": 15}, {"date": "2024-05-19-16-00-00", "latency": 15}, {"date": "2024-05-19-20-00-00", "latency": 21}, {"date": "2024-05-19-20-00-00", "latency": 21}, {"date": "2024-05-19-20-00-00", "latency": 21}, {"date": "2024-05-19-20-00-00", "latency": 21}, {"date": "2024-05-19-20-00-00", "latency": 21}, {"date": "2024-05-19-23-00-00", "latency": 20}, {"date": "2024-05-19-23-00-00", "latency": 20}, {"date": "2024-05-19-23-00-00", "latency": 20}, {"date": "2024-05-19-23-00-00", "latency": 20}, {"date": "2024-05-19-23-00-00", "latency": 20}, {"date": "2024-05-19-23-00-00", "latency": 20}, {"date": "2024-05-19-23-00-00", "latency": 20}, {"date": "2024-05-19-23-00-00", "latency": 20}, {"date": "2024-05-19-23-00-00", "latency": 20}, {"date": "2024-05-19-23-00-00", "latency": 20}, {"date": "2024-05-19-20-00-00", "latency": 18}, {"date": "2024-05-19-20-00-00", "latency": 18}, {"date": "2024-05-19-14-00-00", "latency": 18}, {"date": "2024-05-19-14-00-00", "latency": 18}, {"date": "2024-05-19-14-00-00", "latency": 18}, {"date": "2024-05-19-14-00-00", "latency": 18}, {"date": "2024-05-19-14-00-00", "latency": 18}, {"date": "2024-05-19-14-00-00", "latency": 18}, {"date": "2024-05-19-14-00-00", "latency": 18}, {"date": "2024-05-19-14-00-00", "latency": 18}, {"date": "2024-05-19-14-00-00", "latency": 18}, {"date": "2024-05-19-14-00-00", "latency": 18}, {"date": "2024-05-19-14-00-00", "latency": 18}, {"date": "2024-05-19-14-00-00", "latency": 18}, {"date": "2024-05-19-14-00-00", "latency": 18}, {"date": "2024-05-19-14-00-00", "latency": 18}]}, {"location": {"country_code": "tw"}, "game_id": "135305", "values": [{"date": "2024-05-19-06-00-00", "latency": 33}, {"date": "2024-05-19-06-00-00", "latency": 33}, {"date": "2024-05-19-06-00-00", "latency": 33}, {"date": "2024-05-19-06-00-00", "latency": 33}, {"date": "2024-05-19-06-00-00", "latency": 33}, {"date": "2024-05-19-06-00-00", "latency": 33}, {"date": "2024-05-19-06-00-00", "latency": 33}, {"date": "2024-05-19-06-00-00", "latency": 33}, {"date": "2024-05-19-15-00-00", "latency": 59}, {"date": "2024-05-19-15-00-00", "latency": 59}, {"date": "2024-05-19-15-00-00", "latency": 59}, {"date": "2024-05-19-15-00-00", "latency": 59}, {"date": "2024-05-19-15-00-00", "latency": 59}, {"date": "2024-05-19-16-00-00", "latency": 45}, {"date": "2024-05-19-16-00-00", "latency": 45}, {"date": "2024-05-19-16-00-00", "latency": 45}, {"date": "2024-05-19-16-00-00", "latency": 45}, {"date": "2024-05-19-16-00-00", "latency": 45}, {"date": "2024-05-19-07-00-00", "latency": 82}, {"date": "2024-05-19-07-00-00", "latency": 82}, {"date": "2024-05-19-18-00-00", "latency": 58}, {"date": "2024-05-19-18-00-00", "latency": 58}]}, {"location": {"country_code": "cl"}, "game_id": "135305", "values": [{"date": "2024-05-19-03-00-00", "latency": 131}, {"date": "2024-05-19-03-00-00", "latency": 131}, {"date": "2024-05-19-03-00-00", "latency": 131}, {"date": "2024-05-19-03-00-00", "latency": 131}, {"date": "2024-05-19-03-00-00", "latency": 131}, {"date": "2024-05-19-03-00-00", "latency": 131}, {"date": "2024-05-19-03-00-00", "latency": 131}, {"date": "2024-05-19-03-00-00", "latency": 131}, {"date": "2024-05-19-02-00-00", "latency": 118}, {"date": "2024-05-19-02-00-00", "latency": 118}, {"date": "2024-05-19-02-00-00", "latency": 118}, {"date": "2024-05-19-22-00-00", "latency": 167}, {"date": "2024-05-19-22-00-00", "latency": 167}, {"date": "2024-05-19-22-00-00", "latency": 167}, {"date": "2024-05-19-22-00-00", "latency": 167}, {"date": "2024-05-19-22-00-00", "latency": 167}, {"date": "2024-05-19-22-00-00", "latency": 167}, {"date": "2024-05-19-22-00-00", "latency": 167}, {"date": "2024-05-19-22-00-00", "latency": 167}]}, {"location": {"country_code": "us", "region": "Texas"}, "game_id": "135305", "values": [{"date": "2024-05-19-07-00-00", "latency": 30}, {"date": "2024-05-19-07-00-00", "latency": 30}, {"date": "2024-05-19-07-00-00", "latency": 30}, {"date": "2024-05-19-07-00-00", "latency": 30}, {"date": "2024-05-19-07-00-00", "latency": 30}, {"date": "2024-05-19-07-00-00", "latency": 30}, {"date": "2024-05-19-07-00-00", "latency": 30}, {"date": "2024-05-19-07-00-00", "latency": 30}, {"date": "2024-05-19-05-00-00", "latency": 56}, {"date": "2024-05-19-05-00-00", "latency": 56}, {"date": "2024-05-19-05-00-00", "latency": 56}, {"date": "2024-05-19-05-00-00", "latency": 56}, {"date": "2024-05-19-05-00-00", "latency": 56}, {"date": "2024-05-19-05-00-00", "latency": 56}, {"date": "2024-05-19-05-00-00", "latency": 56}, {"date": "2024-05-19-05-00-00", "latency": 56}, {"date": "2024-05-19-05-00-00", "latency": 56}, {"date": "2024-05-19-05-00-00", "latency": 56}]}, {"location": {"country_code": "au", "region": "New South Wales", "city": "Sydney"}, "game_id": "135305", "values": [{"date": "2024-05-19-16-00-00", "latency": 143}, {"date": "2024-05-19-16-00-00", "latency": 143}, {"date": "2024-05-19-16-00-00", "latency": 143}, {"date": "2024-05-19-16-00-00", "latency": 143}, {"date": "2024-05-19-16-00-00", "latency": 143}, {"date": "2024-05-19-16-00-00", "latency": 143}, {"date": "2024-05-19-16-00-00", "latency": 143}, {"date": "2024-05-19-16-00-00", "latency": 143}, {"date": "2024-05-19-16-00-00", "latency": 143}, {"date": "2024-05-19-16-00-00", "latency": 143}, {"date": "2024-05-19-16-00-00", "latency": 143}, {"date": "2024-05-19-16-00-00", "latency": 143}, {"date": "2024-05-19-16-00-00", "latency": 143}, {"date": "2024-05-19-16-00-00", "latency": 143}, {"date": "2024-05-19-16-00-00", "latency": 143}, {"date": "2024-05-19-16-00-00", "latency": 143}, {"date": "2024-05-19-16-00-00", "latency": 143}, {"date": "2024-05-19-16-00-00", "latency": 143}, {"date": "2024-05-19-16-00-00", "latency": 143}, {"date": "2024-05-19-16-00-00", "latency": 143}, {"date": "2024-05-19-16-00-00", "latency": 143}]}, {"location": {"country_code": "us", "region": "Florida"}, "game_id": "135305", "values": [{"date": "2024-05-19-22-00-00", "latency": 135}, {"date": "2024-05-19-22-00-00", "latency": 135}]}, {"location": {"country_code": "ph"}, "game_id": "135305", "values": [{"date": "2024-05-19-14-00-00", "latency": 156}, {"date": "2024-05-19-14-00-00", "latency": 156}, {"date": "2024-05-19-14-00-00", "latency": 156}, {"date": "2024-05-19-14-00-00", "latency": 156}, {"date": "2024-05-19-14-00-00", "latency": 156}, {"date": "2024-05-19-15-00-00", "latency": 172}, {"date": "2024-05-19-15-00-00", "latency": 172}, {"date": "2024-05-19-15-00-00", "latency": 172}, {"date": "2024-05-19-15-00-00", "latency": 172}, {"date": "2024-05-19-15-00-00", "latency": 172}, {"date": "2024-05-19-15-00-00", "latency": 172}, {"date": "2024-05-19-15-00-00", "latency": 172}, {"date": "2024-05-19-15-00-00", "latency": 172}, {"date": "2024-05-19-15-00-00", "latency": 172}, {"date": "2024-05-19-15-00-00", "latency": 172}, {"date": "2024-05-19-15-00-00", "latency": 172}, {"date": "2024-05-19-15-00-00", "latency": 172}, {"date": "2024-05-19-15-00-00", "latency": 172}, {"date": "2024-05-19-15-00-00", "latency": 172}, {"date": "2024-05-19-15-00-00", "latency": 172}, {"date": "2024-05-19-15-00-00", "latency": 172}, {"date": "2024-05-19-15-00-00", "latency": 172}, {"date": "2024-05-19-15-00-00", "latency": 172}, {"date": "2024-05-19-15-00-00", "latency": 172}, {"date": "2024-05-19-15-00-00", "latency": 172}, {"date": "2024-05-20-00-00-00", "latency": 70}, {"date": "2024-05-19-04-00-00", "latency": 165}, {"date": "2024-05-19-04-00-00", "latency": 165}, {"date": "2024-05-19-04-00-00", "latency": 165}, {"date": "2024-05-19-15-00-00", "latency": 55}, {"date": "2024-05-19-15-00-00", "latency": 55}, {"date": "2024-05-19-15-00-00", "latency": 55}, {"date": "2024-05-19-15-00-00", "latency": 55}, {"date": "2024-05-19-15-00-00", "latency": 55}, {"date": "2024-05-19-15-00-00", "latency": 55}, {"date": "2024-05-19-15-00-00", "latency": 55}, {"date": "2024-05-19-15-00-00", "latency": 55}, {"date": "2024-05-19-15-00-00", "latency": 55}]}, {"location": {"country_code": "fr"}, "game_id": "135305", "values": [{"date": "2024-05-19-15-00-00", "latency": 32}, {"date": "2024-05-19-15-00-00", "latency": 32}, {"date": "2024-05-19-22-00-00", "latency": 27}]}, {"location": {"country_code": "us", "region": "New Jersey"}, "game_id": "135305", "values": [{"date": "2024-05-20-02-00-00", "latency": 61}, {"date": "2024-05-20-02-00-00", "latency": 61}, {"date": "2024-05-20-02-00-00", "latency": 61}, {"date": "2024-05-20-02-00-00", "latency": 61}, {"date": "2024-05-20-02-00-00", "latency": 61}, {"date": "2024-05-20-02-00-00", "latency": 61}, {"date": "2024-05-20-02-00-00", "latency": 61}, {"date": "2024-05-20-02-00-00", "latency": 61}, {"date": "2024-05-20-02-00-00", "latency": 61}, {"date": "2024-05-20-02-00-00", "latency": 61}, {"date": "2024-05-20-02-00-00", "latency": 61}, {"date": "2024-05-20-02-00-00", "latency": 61}, {"date": "2024-05-20-02-00-00", "latency": 61}, {"date": "2024-05-20-02-00-00", "latency": 61}, {"date": "2024-05-20-02-00-00", "latency": 61}, {"date": "2024-05-20-02-00-00", "latency": 61}, {"date": "2024-05-19-06-00-00", "latency": 30}, {"date": "2024-05-19-06-00-00", "latency": 30}, {"date": "2024-05-19-06-00-00", "latency": 30}, {"date": "2024-05-19-06-00-00", "latency": 30}, {"date": "2024-05-19-06-00-00", "latency": 30}, {"date": "2024-05-19-06-00-00", "latency": 30}]}, {"location": {"country_code": "mx"}, "game_id": "135305", "values": [{"date": "2024-05-19-12-00-00", "latency": 91}, {"date": "2024-05-19-12-00-00", "latency": 91}, {"date": "2024-05-19-12-00-00", "latency": 91}, {"date": "2024-05-19-12-00-00", "latency": 91}, {"date": "2024-05-19-12-00-00", "latency": 91}, {"date": "2024-05-19-12-00-00", "latency": 91}, {"date": "2024-05-19-12-00-00", "latency": 91}, {"date": "2024-05-19-12-00-00", "latency": 91}, {"date": "2024-05-19-12-00-00", "latency": 91}, {"date": "2024-05-19-12-00-00", "latency": 91}, {"date": "2024-05-19-12-00-00", "latency": 91}, {"date": "2024-05-19-12-00-00", "latency": 91}, {"date": "2024-05-19-12-00-00", "latency": 91}, {"date": "2024-05-19-12-00-00", "latency": 91}, {"date": "2024-05-19-12-00-00", "latency": 91}, {"date": "2024-05-19-12-00-00", "latency": 91}, {"date": "2024-05-19-12-00-00", "latency": 91}, {"date": "2024-05-19-11-00-00", "latency": 56}, {"date": "2024-05-19-11-00-00", "latency": 56}, {"date": "2024-05-20-01-00-00", "latency": 65}, {"date": "2024-05-20-01-00-00", "latency": 65}, {"date": "2024-05-20-01-00-00", "latency": 65}, {"date": "2024-05-20-01-00-00", "latency": 65}, {"date": "2024-05-19-10-00-00", "latency": 67}, {"date": "2024-05-19-10-00-00", "latency": 67}, {"date": "2024-05-19-10-00-00", "latency": 67}, {"date": "2024-05-19-10-00-00", "latency": 67}, {"date": "2024-05-19-10-00-00", "latency": 67}, {"date": "2024-05-19-10-00-00", "latency": 67}, {"date": "2024-05-19-10-00-00", "latency": 67}, {"date": "2024-05-19-04-00-00", "latency": 92}, {"date": "2024-05-19-04-00-00", "latency": 92}, {"date": "2024-05-19-04-00-00", "latency": 78}, {"date": "2024-05-19-04-00-00", "latency": 78}, {"date": "2024-05-19-04-00-00", "latency": 78}, {"date": "2024-05-19-05-00-00", "latency": 74}, {"date": "2024-05-19-05-00-00", "latency": 74}, {"date": "2024-05-19-05-00-00", "latency": 74}, {"date": "2024-05-19-05-00-00", "latency": 74}, {"date": "2024-05-19-05-00-00", "latency": 74}, {"date": "2024-05-19-05-00-00", "latency": 74}, {"date": "2024-05-19-05-00-00", "latency": 74}, {"date": "2024-05-19-05-00-00", "latency": 74}, {"date": "2024-05-19-05-00-00", "latency": 74}, {"date": "2024-05-19-05-00-00", "latency": 74}, {"date": "2024-05-19-21-00-00", "latency": 94}, {"date": "2024-05-19-21-00-00", "latency": 94}, {"date": "2024-05-19-21-00-00", "latency": 94}, {"date": "2024-05-19-21-00-00", "latency": 94}, {"date": "2024-05-19-21-00-00", "latency": 94}, {"date": "2024-05-19-21-00-00", "latency": 94}, {"date": "2024-05-19-21-00-00", "latency": 94}, {"date": "2024-05-19-21-00-00", "latency": 94}, {"date": "2024-05-19-21-00-00", "latency": 94}, {"date": "2024-05-19-21-00-00", "latency": 94}, {"date": "2024-05-19-21-00-00", "latency": 94}, {"date": "2024-05-19-21-00-00", "latency": 94}, {"date": "2024-05-19-21-00-00", "latency": 94}, {"date": "2024-05-19-21-00-00", "latency": 94}, {"date": "2024-05-19-21-00-00", "latency": 94}, {"date": "2024-05-19-21-00-00", "latency": 94}, {"date": "2024-05-19-21-00-00", "latency": 94}, {"date": "2024-05-19-21-00-00", "latency": 94}, {"date": "2024-05-20-00-00-00", "latency": 109}, {"date": "2024-05-20-00-00-00", "latency": 109}, {"date": "2024-05-19-10-00-00", "latency": 81}, {"date": "2024-05-19-11-00-00", "latency": 61}]}, {"location": {"country_code": "us", "region": "Ohio"}, "game_id": "135305", "values": [{"date": "2024-05-19-18-00-00", "latency": 20}, {"date": "2024-05-19-18-00-00", "latency": 20}]}, {"location": {"country_code": "mx", "region": "Mexico City"}, "game_id": "135305", "values": [{"date": "2024-05-19-23-00-00", "latency": 71}, {"date": "2024-05-19-23-00-00", "latency": 71}, {"date": "2024-05-19-23-00-00", "latency": 71}, {"date": "2024-05-19-23-00-00", "latency": 71}, {"date": "2024-05-19-23-00-00", "latency": 71}, {"date": "2024-05-19-23-00-00", "latency": 71}, {"date": "2024-05-19-23-00-00", "latency": 71}, {"date": "2024-05-19-23-00-00", "latency": 71}, {"date": "2024-05-19-23-00-00", "latency": 71}, {"date": "2024-05-19-23-00-00", "latency": 71}, {"date": "2024-05-19-23-00-00", "latency": 71}, {"date": "2024-05-19-23-00-00", "latency": 71}, {"date": "2024-05-19-23-00-00", "latency": 71}, {"date": "2024-05-19-23-00-00", "latency": 71}, {"date": "2024-05-19-23-00-00", "latency": 71}, {"date": "2024-05-19-23-00-00", "latency": 71}, {"date": "2024-05-19-23-00-00", "latency": 71}, {"date": "2024-05-19-23-00-00", "latency": 71}, {"date": "2024-05-19-23-00-00", "latency": 71}]}, {"location": {"country_code": "us", "region": "California"}, "game_id": "135305", "values": [{"date": "2024-05-20-02-00-00", "latency": 65}, {"date": "2024-05-20-02-00-00", "latency": 65}, {"date": "2024-05-20-02-00-00", "latency": 65}, {"date": "2024-05-20-02-00-00", "latency": 65}, {"date": "2024-05-20-02-00-00", "latency": 65}, {"date": "2024-05-20-02-00-00", "latency": 65}, {"date": "2024-05-20-02-00-00", "latency": 65}, {"date": "2024-05-20-02-00-00", "latency": 65}, {"date": "2024-05-20-02-00-00", "latency": 65}, {"date": "2024-05-20-02-00-00", "latency": 65}, {"date": "2024-05-20-02-00-00", "latency": 65}, {"date": "2024-05-20-02-00-00", "latency": 65}, {"date": "2024-05-20-02-00-00", "latency": 65}, {"date": "2024-05-20-02-00-00", "latency": 65}, {"date": "2024-05-20-02-00-00", "latency": 65}, {"date": "2024-05-20-02-00-00", "latency": 65}, {"date": "2024-05-20-02-00-00", "latency": 65}, {"date": "2024-05-20-02-00-00", "latency": 65}, {"date": "2024-05-20-02-00-00", "latency": 65}, {"date": "2024-05-20-02-00-00", "latency": 65}, {"date": "2024-05-20-02-00-00", "latency": 65}, {"date": "2024-05-20-02-00-00", "latency": 65}]}, {"location": {"country_code": "us", "region": "California", "city": "East Los Angeles"}, "game_id": "135305", "values": [{"date": "2024-05-19-22-00-00", "latency": 84}, {"date": "2024-05-19-22-00-00", "latency": 84}, {"date": "2024-05-19-22-00-00", "latency": 84}, {"date": "2024-05-19-22-00-00", "latency": 84}, {"date": "2024-05-19-22-00-00", "latency": 84}, {"date": "2024-05-19-22-00-00", "latency": 84}, {"date": "2024-05-19-22-00-00", "latency": 84}, {"date": "2024-05-19-22-00-00", "latency": 84}, {"date": "2024-05-19-22-00-00", "latency": 84}, {"date": "2024-05-19-22-00-00", "latency": 84}, {"date": "2024-05-19-22-00-00", "latency": 84}, {"date": "2024-05-19-22-00-00", "latency": 84}, {"date": "2024-05-19-22-00-00", "latency": 84}, {"date": "2024-05-19-22-00-00", "latency": 84}, {"date": "2024-05-19-22-00-00", "latency": 84}, {"date": "2024-05-19-22-00-00", "latency": 84}, {"date": "2024-05-19-22-00-00", "latency": 84}, {"date": "2024-05-19-22-00-00", "latency": 84}, {"date": "2024-05-19-22-00-00", "latency": 84}, {"date": "2024-05-19-04-00-00", "latency": 41}, {"date": "2024-05-19-04-00-00", "latency": 41}, {"date": "2024-05-19-04-00-00", "latency": 41}, {"date": "2024-05-19-04-00-00", "latency": 41}, {"date": "2024-05-19-04-00-00", "latency": 41}]}, {"location": {"country_code": "rs"}, "game_id": "135305", "values": [{"date": "2024-05-19-23-00-00", "latency": 33}]}, {"location": {"country_code": "br"}, "game_id": "135305", "values": [{"date": "2024-05-19-02-00-00", "latency": 135}, {"date": "2024-05-19-21-00-00", "latency": 139}, {"date": "2024-05-19-21-00-00", "latency": 139}, {"date": "2024-05-19-02-00-00", "latency": 127}, {"date": "2024-05-19-02-00-00", "latency": 127}, {"date": "2024-05-19-02-00-00", "latency": 127}, {"date": "2024-05-19-02-00-00", "latency": 127}, {"date": "2024-05-19-02-00-00", "latency": 127}, {"date": "2024-05-19-02-00-00", "latency": 127}, {"date": "2024-05-19-02-00-00", "latency": 127}, {"date": "2024-05-19-19-00-00", "latency": 132}, {"date": "2024-05-19-19-00-00", "latency": 132}, {"date": "2024-05-19-19-00-00", "latency": 132}, {"date": "2024-05-19-16-00-00", "latency": 131}, {"date": "2024-05-19-16-00-00", "latency": 131}, {"date": "2024-05-19-16-00-00", "latency": 131}, {"date": "2024-05-19-16-00-00", "latency": 131}, {"date": "2024-05-19-16-00-00", "latency": 131}, {"date": "2024-05-19-16-00-00", "latency": 131}, {"date": "2024-05-19-16-00-00", "latency": 131}, {"date": "2024-05-19-16-00-00", "latency": 131}, {"date": "2024-05-19-16-00-00", "latency": 131}, {"date": "2024-05-19-16-00-00", "latency": 131}, {"date": "2024-05-19-16-00-00", "latency": 131}, {"date": "2024-05-19-16-00-00", "latency": 131}, {"date": "2024-05-19-16-00-00", "latency": 131}, {"date": "2024-05-19-16-00-00", "latency": 131}, {"date": "2024-05-19-16-00-00", "latency": 131}, {"date": "2024-05-19-16-00-00", "latency": 131}, {"date": "2024-05-19-16-00-00", "latency": 131}, {"date": "2024-05-19-16-00-00", "latency": 131}, {"date": "2024-05-19-17-00-00", "latency": 174}, {"date": "2024-05-19-17-00-00", "latency": 174}, {"date": "2024-05-19-17-00-00", "latency": 174}, {"date": "2024-05-19-17-00-00", "latency": 174}, {"date": "2024-05-19-17-00-00", "latency": 174}, {"date": "2024-05-19-17-00-00", "latency": 174}, {"date": "2024-05-19-04-00-00", "latency": 135}]}, {"location": {"country_code": "br", "region": "Estado de Bahia", "city": "Malhada"}, "game_id": "135305", "values": [{"date": "2024-05-19-19-00-00", "latency": 163}, {"date": "2024-05-19-19-00-00", "latency": 163}]}, {"location": {"country_code": "br", "region": "Sao Paulo", "city": "Apiai"}, "game_id": "135305", "values": [{"date": "2024-05-20-01-00-00", "latency": 146}, {"date": "2024-05-20-01-00-00", "latency": 146}]}, {"location": {"country_code": "no"}, "game_id": "135305", "values": [{"date": "2024-05-19-19-00-00", "latency": 29}, {"date": "2024-05-19-19-00-00", "latency": 29}, {"date": "2024-05-19-19-00-00", "latency": 29}, {"date": "2024-05-19-19-00-00", "latency": 29}, {"date": "2024-05-19-19-00-00", "latency": 29}, {"date": "2024-05-19-19-00-00", "latency": 29}, {"date": "2024-05-19-19-00-00", "latency": 29}, {"date": "2024-05-19-19-00-00", "latency": 29}, {"date": "2024-05-19-19-00-00", "latency": 29}, {"date": "2024-05-19-19-00-00", "latency": 29}, {"date": "2024-05-19-19-00-00", "latency": 29}, {"date": "2024-05-19-19-00-00", "latency": 29}, {"date": "2024-05-19-19-00-00", "latency": 29}, {"date": "2024-05-19-19-00-00", "latency": 29}, {"date": "2024-05-19-19-00-00", "latency": 29}, {"date": "2024-05-19-19-00-00", "latency": 29}, {"date": "2024-05-19-19-00-00", "latency": 29}, {"date": "2024-05-19-19-00-00", "latency": 29}, {"date": "2024-05-19-19-00-00", "latency": 29}, {"date": "2024-05-19-19-00-00", "latency": 29}, {"date": "2024-05-19-19-00-00", "latency": 29}, {"date": "2024-05-19-19-00-00", "latency": 29}, {"date": "2024-05-19-19-00-00", "latency": 29}, {"date": "2024-05-19-19-00-00", "latency": 29}, {"date": "2024-05-19-19-00-00", "latency": 29}, {"date": "2024-05-19-19-00-00", "latency": 29}, {"date": "2024-05-19-19-00-00", "latency": 29}, {"date": "2024-05-19-19-00-00", "latency": 29}, {"date": "2024-05-19-19-00-00", "latency": 29}]}, {"location": {"country_code": "ec"}, "game_id": "135305", "values": [{"date": "2024-05-19-06-00-00", "latency": 92}, {"date": "2024-05-19-06-00-00", "latency": 92}, {"date": "2024-05-19-06-00-00", "latency": 92}, {"date": "2024-05-19-06-00-00", "latency": 92}, {"date": "2024-05-19-06-00-00", "latency": 92}, {"date": "2024-05-19-06-00-00", "latency": 92}, {"date": "2024-05-19-06-00-00", "latency": 92}, {"date": "2024-05-19-06-00-00", "latency": 92}, {"date": "2024-05-19-06-00-00", "latency": 92}]}, {"location": {"country_code": "au"}, "game_id": "135305", "values": [{"date": "2024-05-19-12-00-00", "latency": 147}, {"date": "2024-05-19-12-00-00", "latency": 147}, {"date": "2024-05-19-12-00-00", "latency": 147}, {"date": "2024-05-19-12-00-00", "latency": 147}, {"date": "2024-05-19-12-00-00", "latency": 147}, {"date": "2024-05-19-12-00-00", "latency": 147}, {"date": "2024-05-19-12-00-00", "latency": 147}, {"date": "2024-05-19-12-00-00", "latency": 147}, {"date": "2024-05-19-12-00-00", "latency": 147}, {"date": "2024-05-19-12-00-00", "latency": 147}, {"date": "2024-05-19-12-00-00", "latency": 147}, {"date": "2024-05-19-12-00-00", "latency": 147}, {"date": "2024-05-19-12-00-00", "latency": 147}, {"date": "2024-05-19-12-00-00", "latency": 147}, {"date": "2024-05-19-12-00-00", "latency": 147}, {"date": "2024-05-19-12-00-00", "latency": 147}, {"date": "2024-05-19-12-00-00", "latency": 147}, {"date": "2024-05-19-12-00-00", "latency": 147}, {"date": "2024-05-19-12-00-00", "latency": 147}, {"date": "2024-05-19-12-00-00", "latency": 147}, {"date": "2024-05-19-12-00-00", "latency": 147}, {"date": "2024-05-19-12-00-00", "latency": 147}, {"date": "2024-05-19-12-00-00", "latency": 147}, {"date": "2024-05-19-12-00-00", "latency": 147}, {"date": "2024-05-19-12-00-00", "latency": 161}, {"date": "2024-05-19-12-00-00", "latency": 161}, {"date": "2024-05-19-12-00-00", "latency": 161}, {"date": "2024-05-19-12-00-00", "latency": 161}, {"date": "2024-05-19-12-00-00", "latency": 161}, {"date": "2024-05-19-12-00-00", "latency": 161}, {"date": "2024-05-19-12-00-00", "latency": 161}, {"date": "2024-05-19-12-00-00", "latency": 161}, {"date": "2024-05-19-12-00-00", "latency": 161}, {"date": "2024-05-19-12-00-00", "latency": 161}, {"date": "2024-05-19-12-00-00", "latency": 161}, {"date": "2024-05-19-12-00-00", "latency": 161}, {"date": "2024-05-19-12-00-00", "latency": 161}, {"date": "2024-05-19-12-00-00", "latency": 161}, {"date": "2024-05-19-12-00-00", "latency": 161}, {"date": "2024-05-19-12-00-00", "latency": 161}, {"date": "2024-05-19-12-00-00", "latency": 161}, {"date": "2024-05-19-12-00-00", "latency": 161}, {"date": "2024-05-19-12-00-00", "latency": 161}, {"date": "2024-05-19-13-00-00", "latency": 225}]}, {"location": {"country_code": "br", "region": "Goias", "city": "Catalao"}, "game_id": "135305", "values": [{"date": "2024-05-19-19-00-00", "latency": 166}, {"date": "2024-05-19-19-00-00", "latency": 166}]}, {"location": {"country_code": "es", "region": "Madrid", "city": "Parla"}, "game_id": "135305", "values": [{"date": "2024-05-19-19-00-00", "latency": 44}, {"date": "2024-05-19-19-00-00", "latency": 44}, {"date": "2024-05-19-19-00-00", "latency": 44}, {"date": "2024-05-19-19-00-00", "latency": 44}, {"date": "2024-05-19-19-00-00", "latency": 44}, {"date": "2024-05-19-19-00-00", "latency": 44}, {"date": "2024-05-19-19-00-00", "latency": 44}, {"date": "2024-05-19-19-00-00", "latency": 44}, {"date": "2024-05-19-19-00-00", "latency": 44}, {"date": "2024-05-19-18-00-00", "latency": 36}, {"date": "2024-05-19-18-00-00", "latency": 36}, {"date": "2024-05-19-18-00-00", "latency": 36}, {"date": "2024-05-19-18-00-00", "latency": 36}]}, {"location": {"country_code": "dk"}, "game_id": "135305", "values": [{"date": "2024-05-20-00-00-00", "latency": 6}, {"date": "2024-05-20-00-00-00", "latency": 6}]}, {"location": {"country_code": "ca", "region": "Ontario"}, "game_id": "135305", "values": [{"date": "2024-05-19-18-00-00", "latency": 100}, {"date": "2024-05-19-18-00-00", "latency": 100}, {"date": "2024-05-19-18-00-00", "latency": 100}, {"date": "2024-05-19-18-00-00", "latency": 100}, {"date": "2024-05-19-18-00-00", "latency": 100}, {"date": "2024-05-19-18-00-00", "latency": 100}, {"date": "2024-05-19-18-00-00", "latency": 100}, {"date": "2024-05-19-21-00-00", "latency": 28}, {"date": "2024-05-19-21-00-00", "latency": 28}, {"date": "2024-05-19-21-00-00", "latency": 28}]}, {"location": {"country_code": "es"}, "game_id": "135305", "values": [{"date": "2024-05-19-21-00-00", "latency": 48}, {"date": "2024-05-19-21-00-00", "latency": 48}, {"date": "2024-05-19-21-00-00", "latency": 48}, {"date": "2024-05-19-21-00-00", "latency": 48}, {"date": "2024-05-19-21-00-00", "latency": 48}, {"date": "2024-05-19-21-00-00", "latency": 38}, {"date": "2024-05-19-12-00-00", "latency": 111}, {"date": "2024-05-19-12-00-00", "latency": 111}, {"date": "2024-05-19-12-00-00", "latency": 111}, {"date": "2024-05-19-12-00-00", "latency": 111}, {"date": "2024-05-19-12-00-00", "latency": 111}, {"date": "2024-05-19-15-00-00", "latency": 103}, {"date": "2024-05-19-22-00-00", "latency": 50}, {"date": "2024-05-19-22-00-00", "latency": 50}, {"date": "2024-05-19-22-00-00", "latency": 50}, {"date": "2024-05-19-22-00-00", "latency": 50}, {"date": "2024-05-19-22-00-00", "latency": 50}, {"date": "2024-05-19-22-00-00", "latency": 50}, {"date": "2024-05-19-22-00-00", "latency": 50}, {"date": "2024-05-19-22-00-00", "latency": 50}, {"date": "2024-05-19-22-00-00", "latency": 50}, {"date": "2024-05-19-22-00-00", "latency": 50}, {"date": "2024-05-19-22-00-00", "latency": 50}, {"date": "2024-05-19-22-00-00", "latency": 50}, {"date": "2024-05-19-22-00-00", "latency": 50}, {"date": "2024-05-19-22-00-00", "latency": 50}, {"date": "2024-05-19-22-00-00", "latency": 50}, {"date": "2024-05-19-22-00-00", "latency": 50}, {"date": "2024-05-19-22-00-00", "latency": 50}, {"date": "2024-05-19-22-00-00", "latency": 50}]}, {"location": {"country_code": "sa"}, "game_id": "135305", "values": [{"date": "2024-05-19-17-00-00", "latency": 108}, {"date": "2024-05-19-17-00-00", "latency": 108}, {"date": "2024-05-19-17-00-00", "latency": 108}, {"date": "2024-05-19-17-00-00", "latency": 108}, {"date": "2024-05-19-17-00-00", "latency": 108}, {"date": "2024-05-19-17-00-00", "latency": 108}, {"date": "2024-05-19-17-00-00", "latency": 108}, {"date": "2024-05-19-17-00-00", "latency": 108}, {"date": "2024-05-19-17-00-00", "latency": 108}, {"date": "2024-05-19-17-00-00", "latency": 108}]}, {"location": {"country_code": "ar"}, "game_id": "135305", "values": [{"date": "2024-05-20-01-00-00", "latency": 161}, {"date": "2024-05-20-01-00-00", "latency": 161}, {"date": "2024-05-20-01-00-00", "latency": 161}, {"date": "2024-05-20-01-00-00", "latency": 161}, {"date": "2024-05-20-01-00-00", "latency": 161}, {"date": "2024-05-20-01-00-00", "latency": 161}, {"date": "2024-05-20-01-00-00", "latency": 161}, {"date": "2024-05-20-01-00-00", "latency": 161}, {"date": "2024-05-20-01-00-00", "latency": 161}, {"date": "2024-05-20-01-00-00", "latency": 161}, {"date": "2024-05-20-01-00-00", "latency": 161}, {"date": "2024-05-20-01-00-00", "latency": 161}, {"date": "2024-05-19-03-00-00", "latency": 188}, {"date": "2024-05-19-03-00-00", "latency": 188}, {"date": "2024-05-19-03-00-00", "latency": 188}, {"date": "2024-05-19-03-00-00", "latency": 188}, {"date": "2024-05-19-03-00-00", "latency": 188}, {"date": "2024-05-19-03-00-00", "latency": 188}, {"date": "2024-05-19-03-00-00", "latency": 188}, {"date": "2024-05-19-03-00-00", "latency": 188}, {"date": "2024-05-19-03-00-00", "latency": 188}, {"date": "2024-05-19-03-00-00", "latency": 188}, {"date": "2024-05-19-03-00-00", "latency": 188}, {"date": "2024-05-19-03-00-00", "latency": 188}, {"date": "2024-05-19-03-00-00", "latency": 188}, {"date": "2024-05-19-03-00-00", "latency": 188}, {"date": "2024-05-19-03-00-00", "latency": 188}, {"date": "2024-05-19-03-00-00", "latency": 188}, {"date": "2024-05-19-03-00-00", "latency": 188}, {"date": "2024-05-19-03-00-00", "latency": 188}, {"date": "2024-05-19-03-00-00", "latency": 188}, {"date": "2024-05-19-03-00-00", "latency": 188}, {"date": "2024-05-19-03-00-00", "latency": 188}, {"date": "2024-05-19-03-00-00", "latency": 188}, {"date": "2024-05-19-03-00-00", "latency": 188}, {"date": "2024-05-19-03-00-00", "latency": 188}, {"date": "2024-05-19-03-00-00", "latency": 188}, {"date": "2024-05-19-03-00-00", "latency": 188}, {"date": "2024-05-19-03-00-00", "latency": 188}, {"date": "2024-05-19-03-00-00", "latency": 188}, {"date": "2024-05-19-03-00-00", "latency": 188}, {"date": "2024-05-19-03-00-00", "latency": 188}, {"date": "2024-05-19-03-00-00", "latency": 188}, {"date": "2024-05-19-03-00-00", "latency": 188}, {"date": "2024-05-19-03-00-00", "latency": 188}, {"date": "2024-05-19-03-00-00", "latency": 188}, {"date": "2024-05-19-03-00-00", "latency": 188}, {"date": "2024-05-19-03-00-00", "latency": 188}, {"date": "2024-05-19-03-00-00", "latency": 188}, {"date": "2024-05-19-03-00-00", "latency": 188}, {"date": "2024-05-19-03-00-00", "latency": 188}, {"date": "2024-05-20-01-00-00", "latency": 175}, {"date": "2024-05-20-01-00-00", "latency": 175}, {"date": "2024-05-19-10-00-00", "latency": 169}, {"date": "2024-05-19-10-00-00", "latency": 169}, {"date": "2024-05-19-10-00-00", "latency": 169}, {"date": "2024-05-19-10-00-00", "latency": 169}, {"date": "2024-05-19-10-00-00", "latency": 169}, {"date": "2024-05-19-02-00-00", "latency": 164}, {"date": "2024-05-19-02-00-00", "latency": 164}, {"date": "2024-05-19-02-00-00", "latency": 164}]}, {"location": {"country_code": "vn"}, "game_id": "135305", "values": [{"date": "2024-05-19-11-00-00", "latency": 101}, {"date": "2024-05-19-11-00-00", "latency": 101}, {"date": "2024-05-19-11-00-00", "latency": 101}, {"date": "2024-05-19-11-00-00", "latency": 101}, {"date": "2024-05-19-11-00-00", "latency": 101}]}, {"location": {"country_code": "de", "region": "Saarland"}, "game_id": "135305", "values": [{"date": "2024-05-19-23-00-00", "latency": 101}, {"date": "2024-05-19-23-00-00", "latency": 101}, {"date": "2024-05-19-23-00-00", "latency": 101}, {"date": "2024-05-19-23-00-00", "latency": 101}]}, {"location": {"country_code": "fi"}, "game_id": "135305", "values": [{"date": "2024-05-19-15-00-00", "latency": 35}, {"date": "2024-05-19-15-00-00", "latency": 35}, {"date": "2024-05-19-15-00-00", "latency": 35}, {"date": "2024-05-19-15-00-00", "latency": 35}, {"date": "2024-05-19-15-00-00", "latency": 35}, {"date": "2024-05-19-15-00-00", "latency": 35}, {"date": "2024-05-19-15-00-00", "latency": 35}]}, {"location": {"country_code": "us", "region": "Hawaii"}, "game_id": "135305", "values": [{"date": "2024-05-19-09-00-00", "latency": 130}, {"date": "2024-05-19-09-00-00", "latency": 130}, {"date": "2024-05-19-09-00-00", "latency": 130}, {"date": "2024-05-19-09-00-00", "latency": 130}, {"date": "2024-05-19-09-00-00", "latency": 130}, {"date": "2024-05-19-09-00-00", "latency": 130}, {"date": "2024-05-19-09-00-00", "latency": 130}, {"date": "2024-05-19-09-00-00", "latency": 130}, {"date": "2024-05-19-09-00-00", "latency": 130}, {"date": "2024-05-19-09-00-00", "latency": 130}, {"date": "2024-05-19-09-00-00", "latency": 130}, {"date": "2024-05-19-09-00-00", "latency": 130}, {"date": "2024-05-19-09-00-00", "latency": 130}, {"date": "2024-05-19-09-00-00", "latency": 130}, {"date": "2024-05-19-09-00-00", "latency": 130}]}, {"location": {"country_code": "jp", "region": "Tokyo"}, "game_id": "135305", "values": [{"date": "2024-05-19-14-00-00", "latency": 9}, {"date": "2024-05-19-14-00-00", "latency": 9}, {"date": "2024-05-19-14-00-00", "latency": 9}, {"date": "2024-05-19-14-00-00", "latency": 9}, {"date": "2024-05-19-14-00-00", "latency": 9}, {"date": "2024-05-19-14-00-00", "latency": 9}, {"date": "2024-05-19-14-00-00", "latency": 9}, {"date": "2024-05-19-14-00-00", "latency": 9}, {"date": "2024-05-19-14-00-00", "latency": 9}, {"date": "2024-05-19-14-00-00", "latency": 9}, {"date": "2024-05-19-14-00-00", "latency": 9}, {"date": "2024-05-19-14-00-00", "latency": 9}, {"date": "2024-05-19-14-00-00", "latency": 9}, {"date": "2024-05-19-14-00-00", "latency": 9}, {"date": "2024-05-19-14-00-00", "latency": 9}, {"date": "2024-05-19-14-00-00", "latency": 9}, {"date": "2024-05-19-14-00-00", "latency": 9}, {"date": "2024-05-19-14-00-00", "latency": 9}, {"date": "2024-05-19-14-00-00", "latency": 9}, {"date": "2024-05-19-14-00-00", "latency": 9}, {"date": "2024-05-19-14-00-00", "latency": 9}, {"date": "2024-05-19-14-00-00", "latency": 9}, {"date": "2024-05-19-14-00-00", "latency": 9}, {"date": "2024-05-19-14-00-00", "latency": 9}, {"date": "2024-05-19-14-00-00", "latency": 9}, {"date": "2024-05-19-14-00-00", "latency": 9}, {"date": "2024-05-19-14-00-00", "latency": 9}, {"date": "2024-05-19-14-00-00", "latency": 9}, {"date": "2024-05-19-15-00-00", "latency": 8}, {"date": "2024-05-19-15-00-00", "latency": 8}, {"date": "2024-05-19-15-00-00", "latency": 8}, {"date": "2024-05-19-15-00-00", "latency": 8}, {"date": "2024-05-19-15-00-00", "latency": 8}, {"date": "2024-05-19-15-00-00", "latency": 8}, {"date": "2024-05-19-15-00-00", "latency": 8}, {"date": "2024-05-19-15-00-00", "latency": 8}, {"date": "2024-05-19-15-00-00", "latency": 8}, {"date": "2024-05-19-15-00-00", "latency": 8}, {"date": "2024-05-19-15-00-00", "latency": 8}, {"date": "2024-05-19-15-00-00", "latency": 8}, {"date": "2024-05-19-15-00-00", "latency": 8}, {"date": "2024-05-19-15-00-00", "latency": 8}, {"date": "2024-05-19-15-00-00", "latency": 8}, {"date": "2024-05-19-15-00-00", "latency": 8}, {"date": "2024-05-19-15-00-00", "latency": 8}, {"date": "2024-05-19-15-00-00", "latency": 8}, {"date": "2024-05-19-15-00-00", "latency": 8}, {"date": "2024-05-19-15-00-00", "latency": 8}, {"date": "2024-05-19-15-00-00", "latency": 8}, {"date": "2024-05-19-15-00-00", "latency": 8}, {"date": "2024-05-19-15-00-00", "latency": 8}, {"date": "2024-05-19-15-00-00", "latency": 8}]}, {"location": {"country_code": "at", "region": "Vienna"}, "game_id": "135305", "values": [{"date": "2024-05-19-21-00-00", "latency": 16}, {"date": "2024-05-19-21-00-00", "latency": 16}, {"date": "2024-05-19-21-00-00", "latency": 16}, {"date": "2024-05-19-21-00-00", "latency": 16}, {"date": "2024-05-19-21-00-00", "latency": 16}, {"date": "2024-05-19-21-00-00", "latency": 16}, {"date": "2024-05-19-21-00-00", "latency": 16}, {"date": "2024-05-19-21-00-00", "latency": 16}, {"date": "2024-05-19-21-00-00", "latency": 16}, {"date": "2024-05-19-21-00-00", "latency": 16}, {"date": "2024-05-19-21-00-00", "latency": 16}, {"date": "2024-05-19-21-00-00", "latency": 16}, {"date": "2024-05-19-21-00-00", "latency": 16}, {"date": "2024-05-19-21-00-00", "latency": 16}, {"date": "2024-05-19-21-00-00", "latency": 16}, {"date": "2024-05-19-21-00-00", "latency": 16}, {"date": "2024-05-19-21-00-00", "latency": 16}, {"date": "2024-05-19-21-00-00", "latency": 16}, {"date": "2024-05-19-21-00-00", "latency": 16}, {"date": "2024-05-19-21-00-00", "latency": 16}]}, {"location": {"country_code": "hu"}, "game_id": "135305", "values": [{"date": "2024-05-19-21-00-00", "latency": 2}, {"date": "2024-05-19-21-00-00", "latency": 2}, {"date": "2024-05-19-21-00-00", "latency": 2}, {"date": "2024-05-19-21-00-00", "latency": 126}, {"date": "2024-05-19-11-00-00", "latency": 29}, {"date": "2024-05-19-11-00-00", "latency": 29}, {"date": "2024-05-19-11-00-00", "latency": 29}, {"date": "2024-05-19-11-00-00", "latency": 29}, {"date": "2024-05-19-11-00-00", "latency": 29}, {"date": "2024-05-19-11-00-00", "latency": 29}, {"date": "2024-05-19-11-00-00", "latency": 29}, {"date": "2024-05-19-11-00-00", "latency": 29}, {"date": "2024-05-19-11-00-00", "latency": 29}, {"date": "2024-05-19-11-00-00", "latency": 29}, {"date": "2024-05-19-11-00-00", "latency": 29}, {"date": "2024-05-19-11-00-00", "latency": 29}, {"date": "2024-05-19-11-00-00", "latency": 29}, {"date": "2024-05-19-11-00-00", "latency": 29}]}, {"location": {"country_code": "co"}, "game_id": "135305", "values": [{"date": "2024-05-20-01-00-00", "latency": 42}, {"date": "2024-05-20-01-00-00", "latency": 42}, {"date": "2024-05-20-01-00-00", "latency": 42}, {"date": "2024-05-20-01-00-00", "latency": 42}, {"date": "2024-05-20-01-00-00", "latency": 42}, {"date": "2024-05-20-01-00-00", "latency": 42}, {"date": "2024-05-20-01-00-00", "latency": 42}, {"date": "2024-05-20-01-00-00", "latency": 42}, {"date": "2024-05-19-06-00-00", "latency": 85}, {"date": "2024-05-19-06-00-00", "latency": 85}, {"date": "2024-05-19-05-00-00", "latency": 98}, {"date": "2024-05-19-05-00-00", "latency": 98}, {"date": "2024-05-19-23-00-00", "latency": 89}, {"date": "2024-05-19-23-00-00", "latency": 89}, {"date": "2024-05-19-23-00-00", "latency": 89}, {"date": "2024-05-19-23-00-00", "latency": 89}, {"date": "2024-05-19-23-00-00", "latency": 89}, {"date": "2024-05-19-23-00-00", "latency": 89}, {"date": "2024-05-19-23-00-00", "latency": 89}, {"date": "2024-05-19-23-00-00", "latency": 89}, {"date": "2024-05-19-23-00-00", "latency": 89}, {"date": "2024-05-19-23-00-00", "latency": 89}, {"date": "2024-05-19-23-00-00", "latency": 89}, {"date": "2024-05-19-23-00-00", "latency": 89}]}, {"location": {"country_code": "at"}, "game_id": "135305", "values": [{"date": "2024-05-19-19-00-00", "latency": 24}, {"date": "2024-05-19-19-00-00", "latency": 24}, {"date": "2024-05-19-23-00-00", "latency": 68}, {"date": "2024-05-19-23-00-00", "latency": 68}, {"date": "2024-05-19-23-00-00", "latency": 68}, {"date": "2024-05-19-23-00-00", "latency": 68}]}, {"location": {"country_code": "us", "region": "Arizona"}, "game_id": "135305", "values": [{"date": "2024-05-19-05-00-00", "latency": 66}, {"date": "2024-05-19-05-00-00", "latency": 66}, {"date": "2024-05-19-05-00-00", "latency": 66}, {"date": "2024-05-19-05-00-00", "latency": 66}]}, {"location": {"country_code": "es", "region": "Catalonia", "city": "l'Hospitalet de Llobregat"}, "game_id": "135305", "values": [{"date": "2024-05-19-19-00-00", "latency": 24}, {"date": "2024-05-19-19-00-00", "latency": 24}, {"date": "2024-05-19-19-00-00", "latency": 24}, {"date": "2024-05-19-19-00-00", "latency": 24}, {"date": "2024-05-19-19-00-00", "latency": 24}, {"date": "2024-05-19-19-00-00", "latency": 24}, {"date": "2024-05-19-19-00-00", "latency": 24}, {"date": "2024-05-19-19-00-00", "latency": 24}, {"date": "2024-05-19-19-00-00", "latency": 24}, {"date": "2024-05-19-19-00-00", "latency": 24}, {"date": "2024-05-19-19-00-00", "latency": 24}, {"date": "2024-05-19-19-00-00", "latency": 24}, {"date": "2024-05-19-19-00-00", "latency": 24}, {"date": "2024-05-19-19-00-00", "latency": 24}, {"date": "2024-05-19-19-00-00", "latency": 24}, {"date": "2024-05-19-19-00-00", "latency": 24}, {"date": "2024-05-19-19-00-00", "latency": 24}, {"date": "2024-05-19-19-00-00", "latency": 24}, {"date": "2024-05-19-19-00-00", "latency": 24}, {"date": "2024-05-19-19-00-00", "latency": 24}, {"date": "2024-05-19-19-00-00", "latency": 24}, {"date": "2024-05-19-19-00-00", "latency": 24}, {"date": "2024-05-19-19-00-00", "latency": 24}, {"date": "2024-05-19-19-00-00", "latency": 24}, {"date": "2024-05-19-19-00-00", "latency": 24}, {"date": "2024-05-19-19-00-00", "latency": 24}, {"date": "2024-05-19-19-00-00", "latency": 24}, {"date": "2024-05-19-13-00-00", "latency": 36}, {"date": "2024-05-19-13-00-00", "latency": 36}, {"date": "2024-05-19-13-00-00", "latency": 36}, {"date": "2024-05-19-13-00-00", "latency": 36}, {"date": "2024-05-19-13-00-00", "latency": 36}, {"date": "2024-05-19-13-00-00", "latency": 36}, {"date": "2024-05-19-13-00-00", "latency": 36}, {"date": "2024-05-19-13-00-00", "latency": 36}, {"date": "2024-05-19-13-00-00", "latency": 36}, {"date": "2024-05-19-13-00-00", "latency": 36}, {"date": "2024-05-19-13-00-00", "latency": 36}, {"date": "2024-05-19-13-00-00", "latency": 36}, {"date": "2024-05-19-13-00-00", "latency": 36}, {"date": "2024-05-19-13-00-00", "latency": 36}, {"date": "2024-05-19-13-00-00", "latency": 36}, {"date": "2024-05-19-13-00-00", "latency": 36}, {"date": "2024-05-19-13-00-00", "latency": 36}, {"date": "2024-05-19-13-00-00", "latency": 36}, {"date": "2024-05-19-13-00-00", "latency": 36}]}, {"location": {"country_code": "pl"}, "game_id": "135305", "values": [{"date": "2024-05-19-12-00-00", "latency": 33}, {"date": "2024-05-19-13-00-00", "latency": 108}, {"date": "2024-05-19-13-00-00", "latency": 108}, {"date": "2024-05-19-13-00-00", "latency": 108}, {"date": "2024-05-19-13-00-00", "latency": 108}, {"date": "2024-05-19-13-00-00", "latency": 108}, {"date": "2024-05-19-13-00-00", "latency": 108}, {"date": "2024-05-19-13-00-00", "latency": 108}, {"date": "2024-05-19-13-00-00", "latency": 108}, {"date": "2024-05-19-13-00-00", "latency": 108}, {"date": "2024-05-19-13-00-00", "latency": 108}, {"date": "2024-05-19-13-00-00", "latency": 108}, {"date": "2024-05-19-13-00-00", "latency": 108}, {"date": "2024-05-19-13-00-00", "latency": 108}, {"date": "2024-05-19-13-00-00", "latency": 108}, {"date": "2024-05-19-13-00-00", "latency": 108}, {"date": "2024-05-19-13-00-00", "latency": 108}, {"date": "2024-05-19-13-00-00", "latency": 108}, {"date": "2024-05-19-13-00-00", "latency": 108}, {"date": "2024-05-19-13-00-00", "latency": 108}, {"date": "2024-05-19-13-00-00", "latency": 108}, {"date": "2024-05-19-13-00-00", "latency": 108}, {"date": "2024-05-19-13-00-00", "latency": 108}, {"date": "2024-05-19-13-00-00", "latency": 108}, {"date": "2024-05-19-22-00-00", "latency": 33}, {"date": "2024-05-19-22-00-00", "latency": 33}, {"date": "2024-05-19-22-00-00", "latency": 33}, {"date": "2024-05-19-22-00-00", "latency": 33}, {"date": "2024-05-19-22-00-00", "latency": 33}, {"date": "2024-05-19-22-00-00", "latency": 33}]}, {"location": {"country_code": "be"}, "game_id": "135305", "values": [{"date": "2024-05-19-04-00-00", "latency": 29}, {"date": "2024-05-19-04-00-00", "latency": 29}, {"date": "2024-05-19-04-00-00", "latency": 29}, {"date": "2024-05-19-04-00-00", "latency": 29}, {"date": "2024-05-19-04-00-00", "latency": 29}, {"date": "2024-05-19-04-00-00", "latency": 29}, {"date": "2024-05-19-04-00-00", "latency": 29}, {"date": "2024-05-19-04-00-00", "latency": 29}, {"date": "2024-05-19-04-00-00", "latency": 29}, {"date": "2024-05-19-04-00-00", "latency": 29}, {"date": "2024-05-19-22-00-00", "latency": 32}, {"date": "2024-05-19-22-00-00", "latency": 17}, {"date": "2024-05-19-22-00-00", "latency": 17}, {"date": "2024-05-19-22-00-00", "latency": 17}, {"date": "2024-05-19-22-00-00", "latency": 17}, {"date": "2024-05-19-22-00-00", "latency": 17}, {"date": "2024-05-19-22-00-00", "latency": 17}, {"date": "2024-05-19-22-00-00", "latency": 17}, {"date": "2024-05-19-22-00-00", "latency": 17}, {"date": "2024-05-19-22-00-00", "latency": 17}, {"date": "2024-05-19-22-00-00", "latency": 17}, {"date": "2024-05-19-22-00-00", "latency": 17}, {"date": "2024-05-19-22-00-00", "latency": 17}, {"date": "2024-05-19-22-00-00", "latency": 17}, {"date": "2024-05-19-22-00-00", "latency": 17}, {"date": "2024-05-19-22-00-00", "latency": 17}, {"date": "2024-05-19-22-00-00", "latency": 17}, {"date": "2024-05-20-00-00-00", "latency": 37}, {"date": "2024-05-20-00-00-00", "latency": 37}, {"date": "2024-05-20-00-00-00", "latency": 37}, {"date": "2024-05-20-00-00-00", "latency": 37}, {"date": "2024-05-20-00-00-00", "latency": 37}, {"date": "2024-05-20-00-00-00", "latency": 37}, {"date": "2024-05-20-00-00-00", "latency": 37}, {"date": "2024-05-20-00-00-00", "latency": 37}]}, {"location": {"country_code": "us", "region": "Nevada", "city": "Las Vegas"}, "game_id": "135305", "values": [{"date": "2024-05-19-03-00-00", "latency": 96}, {"date": "2024-05-19-03-00-00", "latency": 96}, {"date": "2024-05-19-03-00-00", "latency": 96}, {"date": "2024-05-19-03-00-00", "latency": 96}, {"date": "2024-05-19-03-00-00", "latency": 96}, {"date": "2024-05-19-03-00-00", "latency": 96}, {"date": "2024-05-19-03-00-00", "latency": 96}, {"date": "2024-05-19-03-00-00", "latency": 96}, {"date": "2024-05-19-03-00-00", "latency": 96}, {"date": "2024-05-19-03-00-00", "latency": 96}, {"date": "2024-05-19-03-00-00", "latency": 96}, {"date": "2024-05-19-03-00-00", "latency": 96}, {"date": "2024-05-19-03-00-00", "latency": 96}, {"date": "2024-05-19-03-00-00", "latency": 96}, {"date": "2024-05-19-03-00-00", "latency": 96}, {"date": "2024-05-19-03-00-00", "latency": 96}]}, {"location": {"country_code": "gb", "region": "England", "city": "London"}, "game_id": "135305", "values": [{"date": "2024-05-19-14-00-00", "latency": 28}, {"date": "2024-05-19-14-00-00", "latency": 28}, {"date": "2024-05-19-14-00-00", "latency": 28}]}, {"location": {"country_code": "us", "region": "Georgia"}, "game_id": "135305", "values": [{"date": "2024-05-20-02-00-00", "latency": 35}, {"date": "2024-05-20-02-00-00", "latency": 35}]}, {"location": {"country_code": "pe"}, "game_id": "135305", "values": [{"date": "2024-05-19-04-00-00", "latency": 119}, {"date": "2024-05-19-04-00-00", "latency": 119}, {"date": "2024-05-19-04-00-00", "latency": 119}, {"date": "2024-05-19-04-00-00", "latency": 119}, {"date": "2024-05-19-04-00-00", "latency": 119}, {"date": "2024-05-19-04-00-00", "latency": 119}, {"date": "2024-05-19-04-00-00", "latency": 119}, {"date": "2024-05-19-04-00-00", "latency": 119}, {"date": "2024-05-19-04-00-00", "latency": 119}, {"date": "2024-05-19-04-00-00", "latency": 119}, {"date": "2024-05-19-04-00-00", "latency": 119}, {"date": "2024-05-19-04-00-00", "latency": 119}, {"date": "2024-05-19-04-00-00", "latency": 119}, {"date": "2024-05-19-04-00-00", "latency": 119}, {"date": "2024-05-20-01-00-00", "latency": 99}, {"date": "2024-05-20-01-00-00", "latency": 99}, {"date": "2024-05-20-01-00-00", "latency": 99}, {"date": "2024-05-20-01-00-00", "latency": 99}, {"date": "2024-05-20-01-00-00", "latency": 99}, {"date": "2024-05-19-03-00-00", "latency": 90}, {"date": "2024-05-19-03-00-00", "latency": 90}, {"date": "2024-05-19-03-00-00", "latency": 90}, {"date": "2024-05-19-03-00-00", "latency": 90}, {"date": "2024-05-19-03-00-00", "latency": 90}, {"date": "2024-05-19-07-00-00", "latency": 92}, {"date": "2024-05-19-05-00-00", "latency": 91}, {"date": "2024-05-19-05-00-00", "latency": 91}, {"date": "2024-05-19-05-00-00", "latency": 91}, {"date": "2024-05-19-05-00-00", "latency": 91}, {"date": "2024-05-19-05-00-00", "latency": 91}, {"date": "2024-05-19-05-00-00", "latency": 91}]}, {"location": {"country_code": "ua"}, "game_id": "135305", "values": [{"date": "2024-05-19-22-00-00", "latency": 30}, {"date": "2024-05-19-22-00-00", "latency": 30}, {"date": "2024-05-19-22-00-00", "latency": 30}, {"date": "2024-05-19-22-00-00", "latency": 30}, {"date": "2024-05-19-22-00-00", "latency": 30}, {"date": "2024-05-19-22-00-00", "latency": 30}, {"date": "2024-05-19-22-00-00", "latency": 30}, {"date": "2024-05-19-22-00-00", "latency": 30}, {"date": "2024-05-19-22-00-00", "latency": 30}, {"date": "2024-05-19-22-00-00", "latency": 30}, {"date": "2024-05-19-16-00-00", "latency": 34}, {"date": "2024-05-19-16-00-00", "latency": 34}, {"date": "2024-05-19-16-00-00", "latency": 34}, {"date": "2024-05-19-16-00-00", "latency": 34}, {"date": "2024-05-19-16-00-00", "latency": 34}, {"date": "2024-05-19-16-00-00", "latency": 34}, {"date": "2024-05-19-16-00-00", "latency": 34}, {"date": "2024-05-19-16-00-00", "latency": 34}, {"date": "2024-05-19-16-00-00", "latency": 34}, {"date": "2024-05-19-16-00-00", "latency": 34}]}, {"location": {"country_code": "kz"}, "game_id": "135305", "values": [{"date": "2024-05-19-03-00-00", "latency": 47}, {"date": "2024-05-19-03-00-00", "latency": 47}, {"date": "2024-05-19-03-00-00", "latency": 47}, {"date": "2024-05-19-03-00-00", "latency": 47}]}, {"location": {"country_code": "br", "region": "Rondonia"}, "game_id": "135305", "values": [{"date": "2024-05-19-23-00-00", "latency": 158}, {"date": "2024-05-19-23-00-00", "latency": 158}, {"date": "2024-05-19-23-00-00", "latency": 158}]}, {"location": {"country_code": "sg"}, "game_id": "135305", "values": [{"date": "2024-05-19-17-00-00", "latency": 99}, {"date": "2024-05-19-17-00-00", "latency": 99}, {"date": "2024-05-19-17-00-00", "latency": 99}, {"date": "2024-05-19-17-00-00", "latency": 99}, {"date": "2024-05-19-17-00-00", "latency": 99}, {"date": "2024-05-19-17-00-00", "latency": 99}, {"date": "2024-05-19-17-00-00", "latency": 99}, {"date": "2024-05-19-17-00-00", "latency": 90}, {"date": "2024-05-19-17-00-00", "latency": 90}, {"date": "2024-05-19-17-00-00", "latency": 90}, {"date": "2024-05-19-07-00-00", "latency": 82}, {"date": "2024-05-19-09-00-00", "latency": 98}, {"date": "2024-05-19-09-00-00", "latency": 98}, {"date": "2024-05-19-09-00-00", "latency": 98}, {"date": "2024-05-19-09-00-00", "latency": 98}, {"date": "2024-05-19-09-00-00", "latency": 98}, {"date": "2024-05-19-09-00-00", "latency": 98}, {"date": "2024-05-19-09-00-00", "latency": 98}, {"date": "2024-05-19-09-00-00", "latency": 98}, {"date": "2024-05-19-09-00-00", "latency": 98}, {"date": "2024-05-19-09-00-00", "latency": 98}, {"date": "2024-05-19-09-00-00", "latency": 98}, {"date": "2024-05-19-09-00-00", "latency": 98}, {"date": "2024-05-19-11-00-00", "latency": 91}, {"date": "2024-05-19-11-00-00", "latency": 91}, {"date": "2024-05-19-11-00-00", "latency": 91}, {"date": "2024-05-19-11-00-00", "latency": 91}, {"date": "2024-05-19-11-00-00", "latency": 91}, {"date": "2024-05-19-11-00-00", "latency": 91}, {"date": "2024-05-19-11-00-00", "latency": 91}, {"date": "2024-05-19-11-00-00", "latency": 91}, {"date": "2024-05-19-11-00-00", "latency": 91}, {"date": "2024-05-19-11-00-00", "latency": 91}, {"date": "2024-05-19-11-00-00", "latency": 91}, {"date": "2024-05-19-11-00-00", "latency": 91}, {"date": "2024-05-19-11-00-00", "latency": 91}, {"date": "2024-05-19-11-00-00", "latency": 91}, {"date": "2024-05-19-11-00-00", "latency": 91}, {"date": "2024-05-19-11-00-00", "latency": 91}, {"date": "2024-05-19-11-00-00", "latency": 91}, {"date": "2024-05-19-11-00-00", "latency": 91}, {"date": "2024-05-19-11-00-00", "latency": 91}, {"date": "2024-05-19-11-00-00", "latency": 91}, {"date": "2024-05-19-11-00-00", "latency": 91}, {"date": "2024-05-19-11-00-00", "latency": 91}, {"date": "2024-05-19-11-00-00", "latency": 91}, {"date": "2024-05-19-09-00-00", "latency": 83}]}, {"location": {"country_code": "us", "region": "Wisconsin"}, "game_id": "135305", "values": [{"date": "2024-05-20-01-00-00", "latency": 80}, {"date": "2024-05-20-01-00-00", "latency": 80}, {"date": "2024-05-20-01-00-00", "latency": 80}, {"date": "2024-05-20-01-00-00", "latency": 80}]}, {"location": {"country_code": "ru"}, "game_id": "135305", "values": [{"date": "2024-05-20-02-00-00", "latency": 41}, {"date": "2024-05-20-02-00-00", "latency": 41}, {"date": "2024-05-20-02-00-00", "latency": 41}, {"date": "2024-05-20-02-00-00", "latency": 41}, {"date": "2024-05-19-09-00-00", "latency": 136}, {"date": "2024-05-19-09-00-00", "latency": 136}, {"date": "2024-05-19-09-00-00", "latency": 136}, {"date": "2024-05-19-09-00-00", "latency": 136}, {"date": "2024-05-19-09-00-00", "latency": 136}, {"date": "2024-05-19-09-00-00", "latency": 136}, {"date": "2024-05-19-09-00-00", "latency": 136}, {"date": "2024-05-19-09-00-00", "latency": 136}]}, {"location": {"country_code": "my"}, "game_id": "135305", "values": [{"date": "2024-05-19-16-00-00", "latency": 118}, {"date": "2024-05-19-16-00-00", "latency": 118}, {"date": "2024-05-19-16-00-00", "latency": 118}, {"date": "2024-05-19-16-00-00", "latency": 118}, {"date": "2024-05-19-16-00-00", "latency": 118}, {"date": "2024-05-19-07-00-00", "latency": 86}, {"date": "2024-05-19-07-00-00", "latency": 86}, {"date": "2024-05-19-07-00-00", "latency": 86}, {"date": "2024-05-19-07-00-00", "latency": 86}, {"date": "2024-05-19-07-00-00", "latency": 86}, {"date": "2024-05-19-07-00-00", "latency": 86}, {"date": "2024-05-19-07-00-00", "latency": 86}, {"date": "2024-05-19-07-00-00", "latency": 86}, {"date": "2024-05-19-07-00-00", "latency": 86}, {"date": "2024-05-19-07-00-00", "latency": 86}, {"date": "2024-05-19-07-00-00", "latency": 86}, {"date": "2024-05-19-07-00-00", "latency": 86}, {"date": "2024-05-19-07-00-00", "latency": 86}, {"date": "2024-05-19-07-00-00", "latency": 86}, {"date": "2024-05-19-07-00-00", "latency": 86}, {"date": "2024-05-19-07-00-00", "latency": 86}, {"date": "2024-05-19-07-00-00", "latency": 86}, {"date": "2024-05-19-07-00-00", "latency": 86}, {"date": "2024-05-19-07-00-00", "latency": 86}, {"date": "2024-05-19-07-00-00", "latency": 86}, {"date": "2024-05-19-07-00-00", "latency": 86}, {"date": "2024-05-19-07-00-00", "latency": 86}, {"date": "2024-05-19-07-00-00", "latency": 86}, {"date": "2024-05-19-07-00-00", "latency": 86}, {"date": "2024-05-19-07-00-00", "latency": 86}, {"date": "2024-05-19-07-00-00", "latency": 86}, {"date": "2024-05-19-07-00-00", "latency": 86}, {"date": "2024-05-19-07-00-00", "latency": 86}, {"date": "2024-05-19-07-00-00", "latency": 86}, {"date": "2024-05-19-07-00-00", "latency": 86}, {"date": "2024-05-19-07-00-00", "latency": 86}, {"date": "2024-05-19-07-00-00", "latency": 86}, {"date": "2024-05-19-07-00-00", "latency": 86}, {"date": "2024-05-19-07-00-00", "latency": 86}, {"date": "2024-05-19-07-00-00", "latency": 86}, {"date": "2024-05-19-07-00-00", "latency": 86}, {"date": "2024-05-19-07-00-00", "latency": 86}, {"date": "2024-05-19-07-00-00", "latency": 86}, {"date": "2024-05-19-07-00-00", "latency": 86}, {"date": "2024-05-19-18-00-00", "latency": 151}, {"date": "2024-05-19-18-00-00", "latency": 151}, {"date": "2024-05-19-18-00-00", "latency": 151}, {"date": "2024-05-19-18-00-00", "latency": 151}, {"date": "2024-05-19-18-00-00", "latency": 151}, {"date": "2024-05-19-18-00-00", "latency": 151}, {"date": "2024-05-19-16-00-00", "latency": 116}, {"date": "2024-05-19-16-00-00", "latency": 116}, {"date": "2024-05-19-16-00-00", "latency": 116}, {"date": "2024-05-19-16-00-00", "latency": 116}, {"date": "2024-05-19-16-00-00", "latency": 116}, {"date": "2024-05-19-18-00-00", "latency": 81}, {"date": "2024-05-19-18-00-00", "latency": 81}, {"date": "2024-05-19-18-00-00", "latency": 81}, {"date": "2024-05-19-18-00-00", "latency": 85}]}, {"location": {"country_code": "id"}, "game_id": "135305", "values": [{"date": "2024-05-19-08-00-00", "latency": 113}, {"date": "2024-05-19-08-00-00", "latency": 113}, {"date": "2024-05-19-08-00-00", "latency": 110}, {"date": "2024-05-19-08-00-00", "latency": 110}, {"date": "2024-05-19-08-00-00", "latency": 110}]}, {"location": {"country_code": "sk"}, "game_id": "135305", "values": [{"date": "2024-05-19-19-00-00", "latency": 25}, {"date": "2024-05-19-19-00-00", "latency": 25}, {"date": "2024-05-19-19-00-00", "latency": 25}, {"date": "2024-05-19-19-00-00", "latency": 25}, {"date": "2024-05-19-19-00-00", "latency": 25}, {"date": "2024-05-19-19-00-00", "latency": 25}, {"date": "2024-05-19-19-00-00", "latency": 25}, {"date": "2024-05-19-19-00-00", "latency": 25}, {"date": "2024-05-19-19-00-00", "latency": 25}, {"date": "2024-05-19-19-00-00", "latency": 25}, {"date": "2024-05-19-19-00-00", "latency": 25}, {"date": "2024-05-19-19-00-00", "latency": 25}, {"date": "2024-05-19-19-00-00", "latency": 25}, {"date": "2024-05-19-19-00-00", "latency": 25}, {"date": "2024-05-19-19-00-00", "latency": 25}, {"date": "2024-05-19-19-00-00", "latency": 25}, {"date": "2024-05-19-19-00-00", "latency": 25}, {"date": "2024-05-19-19-00-00", "latency": 25}, {"date": "2024-05-19-19-00-00", "latency": 25}, {"date": "2024-05-19-19-00-00", "latency": 25}, {"date": "2024-05-19-19-00-00", "latency": 25}, {"date": "2024-05-19-19-00-00", "latency": 25}, {"date": "2024-05-19-19-00-00", "latency": 25}, {"date": "2024-05-19-19-00-00", "latency": 25}, {"date": "2024-05-19-19-00-00", "latency": 25}, {"date": "2024-05-19-19-00-00", "latency": 25}, {"date": "2024-05-19-19-00-00", "latency": 25}, {"date": "2024-05-19-19-00-00", "latency": 25}, {"date": "2024-05-19-19-00-00", "latency": 25}, {"date": "2024-05-19-19-00-00", "latency": 25}, {"date": "2024-05-19-19-00-00", "latency": 25}, {"date": "2024-05-19-19-00-00", "latency": 25}, {"date": "2024-05-19-19-00-00", "latency": 25}, {"date": "2024-05-19-19-00-00", "latency": 25}, {"date": "2024-05-19-19-00-00", "latency": 25}, {"date": "2024-05-19-19-00-00", "latency": 25}, {"date": "2024-05-19-19-00-00", "latency": 25}, {"date": "2024-05-19-19-00-00", "latency": 25}, {"date": "2024-05-19-19-00-00", "latency": 25}, {"date": "2024-05-19-19-00-00", "latency": 25}, {"date": "2024-05-19-20-00-00", "latency": 292}, {"date": "2024-05-19-20-00-00", "latency": 292}, {"date": "2024-05-19-20-00-00", "latency": 292}, {"date": "2024-05-19-20-00-00", "latency": 292}]}, {"location": {"country_code": "pt"}, "game_id": "135305", "values": [{"date": "2024-05-19-17-00-00", "latency": 101}, {"date": "2024-05-19-17-00-00", "latency": 101}, {"date": "2024-05-19-17-00-00", "latency": 101}, {"date": "2024-05-19-17-00-00", "latency": 101}, {"date": "2024-05-19-17-00-00", "latency": 101}, {"date": "2024-05-19-17-00-00", "latency": 101}, {"date": "2024-05-19-17-00-00", "latency": 101}, {"date": "2024-05-19-17-00-00", "latency": 101}, {"date": "2024-05-19-17-00-00", "latency": 101}, {"date": "2024-05-19-17-00-00", "latency": 101}, {"date": "2024-05-19-17-00-00", "latency": 101}, {"date": "2024-05-19-17-00-00", "latency": 101}]}, {"location": {"country_code": "ar", "region": "Santiago del Estero Province", "city": "Santiago del Estero"}, "game_id": "135305", "values": [{"date": "2024-05-19-06-00-00", "latency": 156}, {"date": "2024-05-19-06-00-00", "latency": 156}, {"date": "2024-05-19-06-00-00", "latency": 156}, {"date": "2024-05-19-06-00-00", "latency": 156}, {"date": "2024-05-19-06-00-00", "latency": 156}, {"date": "2024-05-19-06-00-00", "latency": 156}, {"date": "2024-05-19-06-00-00", "latency": 156}, {"date": "2024-05-19-06-00-00", "latency": 156}, {"date": "2024-05-19-06-00-00", "latency": 156}]}, {"location": {"country_code": "fr", "region": "Ile-de-France Region"}, "game_id": "135305", "values": [{"date": "2024-05-19-17-00-00", "latency": 25}]}, {"location": {"country_code": "de", "region": "Rhineland-Palatinate"}, "game_id": "135305", "values": [{"date": "2024-05-19-13-00-00", "latency": 15}, {"date": "2024-05-19-13-00-00", "latency": 15}, {"date": "2024-05-19-13-00-00", "latency": 15}, {"date": "2024-05-19-13-00-00", "latency": 15}, {"date": "2024-05-19-13-00-00", "latency": 15}, {"date": "2024-05-19-13-00-00", "latency": 15}, {"date": "2024-05-19-13-00-00", "latency": 15}]}, {"location": {"country_code": "cn", "region": "Hong Kong"}, "game_id": "135305", "values": [{"date": "2024-05-19-17-00-00", "latency": 54}, {"date": "2024-05-19-17-00-00", "latency": 54}, {"date": "2024-05-19-17-00-00", "latency": 54}, {"date": "2024-05-19-17-00-00", "latency": 54}, {"date": "2024-05-19-17-00-00", "latency": 54}, {"date": "2024-05-19-17-00-00", "latency": 54}, {"date": "2024-05-19-17-00-00", "latency": 54}, {"date": "2024-05-19-17-00-00", "latency": 54}, {"date": "2024-05-19-17-00-00", "latency": 54}, {"date": "2024-05-19-17-00-00", "latency": 54}, {"date": "2024-05-19-17-00-00", "latency": 54}, {"date": "2024-05-19-17-00-00", "latency": 54}, {"date": "2024-05-19-17-00-00", "latency": 54}, {"date": "2024-05-19-17-00-00", "latency": 54}, {"date": "2024-05-19-17-00-00", "latency": 54}, {"date": "2024-05-19-17-00-00", "latency": 54}, {"date": "2024-05-19-17-00-00", "latency": 54}, {"date": "2024-05-19-17-00-00", "latency": 54}, {"date": "2024-05-19-17-00-00", "latency": 54}, {"date": "2024-05-19-17-00-00", "latency": 54}, {"date": "2024-05-19-17-00-00", "latency": 54}, {"date": "2024-05-19-17-00-00", "latency": 54}, {"date": "2024-05-19-17-00-00", "latency": 54}, {"date": "2024-05-19-17-00-00", "latency": 54}, {"date": "2024-05-19-17-00-00", "latency": 54}, {"date": "2024-05-19-17-00-00", "latency": 54}, {"date": "2024-05-19-17-00-00", "latency": 54}, {"date": "2024-05-19-17-00-00", "latency": 54}, {"date": "2024-05-19-17-00-00", "latency": 54}, {"date": "2024-05-19-17-00-00", "latency": 54}, {"date": "2024-05-19-17-00-00", "latency": 54}, {"date": "2024-05-19-17-00-00", "latency": 54}, {"date": "2024-05-19-17-00-00", "latency": 54}, {"date": "2024-05-19-17-00-00", "latency": 54}, {"date": "2024-05-19-17-00-00", "latency": 54}, {"date": "2024-05-19-17-00-00", "latency": 54}, {"date": "2024-05-19-17-00-00", "latency": 54}, {"date": "2024-05-19-17-00-00", "latency": 54}, {"date": "2024-05-19-17-00-00", "latency": 54}, {"date": "2024-05-19-17-00-00", "latency": 54}, {"date": "2024-05-19-17-00-00", "latency": 54}, {"date": "2024-05-19-17-00-00", "latency": 54}, {"date": "2024-05-19-17-00-00", "latency": 54}, {"date": "2024-05-19-17-00-00", "latency": 54}, {"date": "2024-05-19-17-00-00", "latency": 54}, {"date": "2024-05-19-17-00-00", "latency": 54}, {"date": "2024-05-19-17-00-00", "latency": 54}, {"date": "2024-05-19-17-00-00", "latency": 54}, {"date": "2024-05-19-17-00-00", "latency": 54}, {"date": "2024-05-19-17-00-00", "latency": 54}, {"date": "2024-05-19-17-00-00", "latency": 54}, {"date": "2024-05-19-17-00-00", "latency": 54}, {"date": "2024-05-19-17-00-00", "latency": 54}, {"date": "2024-05-19-17-00-00", "latency": 54}, {"date": "2024-05-19-17-00-00", "latency": 54}, {"date": "2024-05-19-17-00-00", "latency": 54}, {"date": "2024-05-19-17-00-00", "latency": 54}, {"date": "2024-05-19-17-00-00", "latency": 54}, {"date": "2024-05-19-17-00-00", "latency": 54}]}, {"location": {"country_code": "fr", "region": "Ile-de-France Region", "city": "Paris"}, "game_id": "135305", "values": [{"date": "2024-05-19-15-00-00", "latency": 13}, {"date": "2024-05-19-15-00-00", "latency": 13}, {"date": "2024-05-19-15-00-00", "latency": 13}, {"date": "2024-05-19-15-00-00", "latency": 13}, {"date": "2024-05-19-15-00-00", "latency": 13}, {"date": "2024-05-19-15-00-00", "latency": 13}, {"date": "2024-05-19-15-00-00", "latency": 13}, {"date": "2024-05-19-15-00-00", "latency": 13}, {"date": "2024-05-19-15-00-00", "latency": 13}, {"date": "2024-05-19-15-00-00", "latency": 13}, {"date": "2024-05-19-15-00-00", "latency": 13}, {"date": "2024-05-19-15-00-00", "latency": 13}]}, {"location": {"country_code": "pe", "region": "Lima region", "city": "Lima"}, "game_id": "135305", "values": [{"date": "2024-05-19-04-00-00", "latency": 113}, {"date": "2024-05-19-04-00-00", "latency": 113}]}, {"location": {"country_code": "mx", "region": "Jalisco", "city": "Guadalajara"}, "game_id": "135305", "values": [{"date": "2024-05-19-07-00-00", "latency": 69}, {"date": "2024-05-19-07-00-00", "latency": 69}]}, {"location": {"country_code": "by"}, "game_id": "135305", "values": [{"date": "2024-05-19-12-00-00", "latency": 29}, {"date": "2024-05-19-12-00-00", "latency": 29}, {"date": "2024-05-19-12-00-00", "latency": 29}, {"date": "2024-05-19-12-00-00", "latency": 29}, {"date": "2024-05-19-12-00-00", "latency": 29}, {"date": "2024-05-19-12-00-00", "latency": 29}, {"date": "2024-05-19-12-00-00", "latency": 29}, {"date": "2024-05-19-12-00-00", "latency": 29}, {"date": "2024-05-19-12-00-00", "latency": 29}, {"date": "2024-05-19-12-00-00", "latency": 29}, {"date": "2024-05-19-12-00-00", "latency": 29}, {"date": "2024-05-19-12-00-00", "latency": 29}, {"date": "2024-05-19-12-00-00", "latency": 29}, {"date": "2024-05-19-12-00-00", "latency": 29}, {"date": "2024-05-19-12-00-00", "latency": 29}, {"date": "2024-05-19-12-00-00", "latency": 29}, {"date": "2024-05-19-12-00-00", "latency": 29}, {"date": "2024-05-19-12-00-00", "latency": 29}, {"date": "2024-05-19-12-00-00", "latency": 29}, {"date": "2024-05-19-12-00-00", "latency": 29}, {"date": "2024-05-19-12-00-00", "latency": 29}, {"date": "2024-05-19-12-00-00", "latency": 29}, {"date": "2024-05-19-12-00-00", "latency": 29}, {"date": "2024-05-19-12-00-00", "latency": 29}, {"date": "2024-05-19-12-00-00", "latency": 29}]}, {"location": {"country_code": "ca", "region": "British Columbia", "city": "Richmond"}, "game_id": "135305", "values": [{"date": "2024-05-19-02-00-00", "latency": 74}]}, {"location": {"country_code": "md"}, "game_id": "135305", "values": [{"date": "2024-05-20-00-00-00", "latency": 41}, {"date": "2024-05-20-00-00-00", "latency": 41}, {"date": "2024-05-20-00-00-00", "latency": 41}, {"date": "2024-05-20-00-00-00", "latency": 41}, {"date": "2024-05-20-00-00-00", "latency": 41}, {"date": "2024-05-20-00-00-00", "latency": 41}, {"date": "2024-05-20-00-00-00", "latency": 41}, {"date": "2024-05-20-00-00-00", "latency": 41}, {"date": "2024-05-20-00-00-00", "latency": 41}, {"date": "2024-05-20-00-00-00", "latency": 41}, {"date": "2024-05-20-00-00-00", "latency": 41}, {"date": "2024-05-20-00-00-00", "latency": 41}, {"date": "2024-05-20-00-00-00", "latency": 41}, {"date": "2024-05-20-00-00-00", "latency": 41}, {"date": "2024-05-20-00-00-00", "latency": 41}]}, {"location": {"country_code": "au", "region": "Queensland", "city": "Brisbane"}, "game_id": "135305", "values": [{"date": "2024-05-19-14-00-00", "latency": 118}, {"date": "2024-05-19-14-00-00", "latency": 118}, {"date": "2024-05-19-14-00-00", "latency": 118}, {"date": "2024-05-19-14-00-00", "latency": 118}, {"date": "2024-05-19-14-00-00", "latency": 118}, {"date": "2024-05-19-14-00-00", "latency": 118}, {"date": "2024-05-19-14-00-00", "latency": 118}, {"date": "2024-05-19-14-00-00", "latency": 118}, {"date": "2024-05-19-14-00-00", "latency": 118}, {"date": "2024-05-19-14-00-00", "latency": 118}, {"date": "2024-05-19-14-00-00", "latency": 118}, {"date": "2024-05-19-14-00-00", "latency": 118}, {"date": "2024-05-19-14-00-00", "latency": 118}, {"date": "2024-05-19-14-00-00", "latency": 118}, {"date": "2024-05-19-14-00-00", "latency": 118}, {"date": "2024-05-19-14-00-00", "latency": 118}, {"date": "2024-05-19-14-00-00", "latency": 118}, {"date": "2024-05-19-14-00-00", "latency": 118}, {"date": "2024-05-19-14-00-00", "latency": 118}, {"date": "2024-05-19-14-00-00", "latency": 118}, {"date": "2024-05-19-14-00-00", "latency": 118}, {"date": "2024-05-19-14-00-00", "latency": 118}, {"date": "2024-05-19-14-00-00", "latency": 118}, {"date": "2024-05-19-14-00-00", "latency": 118}, {"date": "2024-05-19-14-00-00", "latency": 118}, {"date": "2024-05-19-14-00-00", "latency": 118}, {"date": "2024-05-19-14-00-00", "latency": 118}, {"date": "2024-05-19-14-00-00", "latency": 118}, {"date": "2024-05-19-14-00-00", "latency": 118}, {"date": "2024-05-19-14-00-00", "latency": 118}, {"date": "2024-05-19-14-00-00", "latency": 118}, {"date": "2024-05-19-14-00-00", "latency": 118}, {"date": "2024-05-19-14-00-00", "latency": 118}, {"date": "2024-05-19-14-00-00", "latency": 118}, {"date": "2024-05-19-14-00-00", "latency": 118}, {"date": "2024-05-19-14-00-00", "latency": 118}, {"date": "2024-05-19-14-00-00", "latency": 118}, {"date": "2024-05-19-14-00-00", "latency": 118}, {"date": "2024-05-19-14-00-00", "latency": 118}, {"date": "2024-05-19-14-00-00", "latency": 118}, {"date": "2024-05-19-14-00-00", "latency": 118}, {"date": "2024-05-19-14-00-00", "latency": 118}, {"date": "2024-05-19-14-00-00", "latency": 118}]}, {"location": {"country_code": "hn"}, "game_id": "135305", "values": [{"date": "2024-05-19-07-00-00", "latency": 79}, {"date": "2024-05-19-07-00-00", "latency": 79}, {"date": "2024-05-19-07-00-00", "latency": 79}, {"date": "2024-05-19-07-00-00", "latency": 79}, {"date": "2024-05-19-07-00-00", "latency": 79}, {"date": "2024-05-19-07-00-00", "latency": 79}, {"date": "2024-05-19-07-00-00", "latency": 79}, {"date": "2024-05-19-07-00-00", "latency": 79}, {"date": "2024-05-19-07-00-00", "latency": 79}, {"date": "2024-05-20-00-00-00", "latency": 74}, {"date": "2024-05-20-00-00-00", "latency": 74}, {"date": "2024-05-20-00-00-00", "latency": 74}, {"date": "2024-05-20-00-00-00", "latency": 74}, {"date": "2024-05-20-00-00-00", "latency": 74}, {"date": "2024-05-20-00-00-00", "latency": 74}, {"date": "2024-05-20-00-00-00", "latency": 74}, {"date": "2024-05-20-00-00-00", "latency": 74}, {"date": "2024-05-20-00-00-00", "latency": 74}, {"date": "2024-05-20-00-00-00", "latency": 74}, {"date": "2024-05-20-00-00-00", "latency": 74}, {"date": "2024-05-20-00-00-00", "latency": 74}, {"date": "2024-05-20-00-00-00", "latency": 74}, {"date": "2024-05-20-00-00-00", "latency": 74}]}, {"location": {"country_code": "lt"}, "game_id": "135305", "values": [{"date": "2024-05-19-13-00-00", "latency": 38}, {"date": "2024-05-19-13-00-00", "latency": 38}, {"date": "2024-05-19-13-00-00", "latency": 38}, {"date": "2024-05-19-13-00-00", "latency": 38}, {"date": "2024-05-19-13-00-00", "latency": 38}]}, {"location": {"country_code": "de", "region": "Baden-Wurttemberg"}, "game_id": "135305", "values": [{"date": "2024-05-19-20-00-00", "latency": 23}, {"date": "2024-05-19-20-00-00", "latency": 23}, {"date": "2024-05-19-20-00-00", "latency": 23}, {"date": "2024-05-19-20-00-00", "latency": 23}, {"date": "2024-05-19-20-00-00", "latency": 23}, {"date": "2024-05-19-20-00-00", "latency": 23}, {"date": "2024-05-19-20-00-00", "latency": 23}, {"date": "2024-05-19-20-00-00", "latency": 23}, {"date": "2024-05-19-20-00-00", "latency": 23}, {"date": "2024-05-19-20-00-00", "latency": 23}, {"date": "2024-05-19-20-00-00", "latency": 23}, {"date": "2024-05-19-20-00-00", "latency": 23}, {"date": "2024-05-19-20-00-00", "latency": 23}, {"date": "2024-05-19-20-00-00", "latency": 23}, {"date": "2024-05-19-20-00-00", "latency": 23}]}, {"location": {"country_code": "es", "region": "Madrid"}, "game_id": "135305", "values": [{"date": "2024-05-19-21-00-00", "latency": 97}, {"date": "2024-05-19-21-00-00", "latency": 97}, {"date": "2024-05-19-21-00-00", "latency": 97}, {"date": "2024-05-19-21-00-00", "latency": 97}, {"date": "2024-05-19-21-00-00", "latency": 97}, {"date": "2024-05-19-21-00-00", "latency": 97}]}, {"location": {"country_code": "za", "region": "Western Cape", "city": "Cape Town"}, "game_id": "135305", "values": [{"date": "2024-05-19-14-00-00", "latency": 566}, {"date": "2024-05-19-14-00-00", "latency": 566}, {"date": "2024-05-19-14-00-00", "latency": 566}, {"date": "2024-05-19-14-00-00", "latency": 566}, {"date": "2024-05-19-14-00-00", "latency": 566}, {"date": "2024-05-19-14-00-00", "latency": 566}, {"date": "2024-05-19-14-00-00", "latency": 566}, {"date": "2024-05-19-14-00-00", "latency": 566}, {"date": "2024-05-19-14-00-00", "latency": 566}, {"date": "2024-05-19-14-00-00", "latency": 566}, {"date": "2024-05-19-14-00-00", "latency": 566}, {"date": "2024-05-19-14-00-00", "latency": 566}, {"date": "2024-05-19-14-00-00", "latency": 566}, {"date": "2024-05-19-14-00-00", "latency": 566}, {"date": "2024-05-19-14-00-00", "latency": 566}, {"date": "2024-05-19-14-00-00", "latency": 566}, {"date": "2024-05-19-14-00-00", "latency": 566}, {"date": "2024-05-19-14-00-00", "latency": 566}, {"date": "2024-05-19-14-00-00", "latency": 566}, {"date": "2024-05-19-14-00-00", "latency": 566}, {"date": "2024-05-19-14-00-00", "latency": 566}, {"date": "2024-05-19-14-00-00", "latency": 566}, {"date": "2024-05-19-14-00-00", "latency": 566}, {"date": "2024-05-19-14-00-00", "latency": 566}, {"date": "2024-05-19-14-00-00", "latency": 566}, {"date": "2024-05-19-14-00-00", "latency": 566}, {"date": "2024-05-19-14-00-00", "latency": 566}, {"date": "2024-05-19-14-00-00", "latency": 566}, {"date": "2024-05-19-14-00-00", "latency": 566}, {"date": "2024-05-19-14-00-00", "latency": 566}, {"date": "2024-05-19-14-00-00", "latency": 566}, {"date": "2024-05-19-14-00-00", "latency": 566}]}, {"location": {"country_code": "de", "region": "North Rhine-Westphalia"}, "game_id": "135305", "values": [{"date": "2024-05-19-04-00-00", "latency": 76}, {"date": "2024-05-19-04-00-00", "latency": 76}, {"date": "2024-05-19-04-00-00", "latency": 76}, {"date": "2024-05-19-04-00-00", "latency": 76}, {"date": "2024-05-19-04-00-00", "latency": 76}, {"date": "2024-05-19-04-00-00", "latency": 76}, {"date": "2024-05-19-04-00-00", "latency": 76}, {"date": "2024-05-19-04-00-00", "latency": 76}, {"date": "2024-05-19-04-00-00", "latency": 76}, {"date": "2024-05-19-04-00-00", "latency": 76}, {"date": "2024-05-19-04-00-00", "latency": 76}, {"date": "2024-05-19-14-00-00", "latency": 21}, {"date": "2024-05-19-14-00-00", "latency": 21}, {"date": "2024-05-19-14-00-00", "latency": 21}, {"date": "2024-05-19-14-00-00", "latency": 21}, {"date": "2024-05-19-14-00-00", "latency": 21}, {"date": "2024-05-19-14-00-00", "latency": 21}, {"date": "2024-05-19-14-00-00", "latency": 21}, {"date": "2024-05-19-14-00-00", "latency": 21}, {"date": "2024-05-19-14-00-00", "latency": 21}, {"date": "2024-05-19-14-00-00", "latency": 21}, {"date": "2024-05-19-14-00-00", "latency": 21}, {"date": "2024-05-19-14-00-00", "latency": 21}, {"date": "2024-05-19-14-00-00", "latency": 21}, {"date": "2024-05-19-14-00-00", "latency": 21}, {"date": "2024-05-19-14-00-00", "latency": 21}, {"date": "2024-05-19-14-00-00", "latency": 21}, {"date": "2024-05-19-14-00-00", "latency": 21}, {"date": "2024-05-19-14-00-00", "latency": 21}, {"date": "2024-05-19-14-00-00", "latency": 21}, {"date": "2024-05-19-14-00-00", "latency": 21}, {"date": "2024-05-19-14-00-00", "latency": 21}, {"date": "2024-05-19-14-00-00", "latency": 21}, {"date": "2024-05-19-14-00-00", "latency": 21}, {"date": "2024-05-19-14-00-00", "latency": 21}, {"date": "2024-05-19-14-00-00", "latency": 21}, {"date": "2024-05-19-14-00-00", "latency": 21}, {"date": "2024-05-19-14-00-00", "latency": 21}]}, {"location": {"country_code": "br", "region": "Rio Grande do Norte", "city": "Natal"}, "game_id": "135305", "values": [{"date": "2024-05-19-06-00-00", "latency": 88}, {"date": "2024-05-19-06-00-00", "latency": 88}, {"date": "2024-05-19-06-00-00", "latency": 88}, {"date": "2024-05-19-06-00-00", "latency": 88}, {"date": "2024-05-19-06-00-00", "latency": 88}, {"date": "2024-05-19-06-00-00", "latency": 88}, {"date": "2024-05-19-06-00-00", "latency": 88}]}, {"location": {"country_code": "us", "region": "Virginia", "city": "Richmond"}, "game_id": "135305", "values": [{"date": "2024-05-19-10-00-00", "latency": 19}, {"date": "2024-05-19-10-00-00", "latency": 19}]}, {"location": {"country_code": "ar", "region": "Neuquen Province"}, "game_id": "135305", "values": [{"date": "2024-05-19-02-00-00", "latency": 162}, {"date": "2024-05-19-02-00-00", "latency": 162}]}, {"location": {"country_code": "br", "region": "Parana", "city": "Umuarama"}, "game_id": "135305", "values": [{"date": "2024-05-19-23-00-00", "latency": 143}, {"date": "2024-05-19-23-00-00", "latency": 143}, {"date": "2024-05-19-23-00-00", "latency": 143}, {"date": "2024-05-19-23-00-00", "latency": 143}, {"date": "2024-05-19-23-00-00", "latency": 143}, {"date": "2024-05-19-23-00-00", "latency": 143}, {"date": "2024-05-19-03-00-00", "latency": 195}]}, {"location": {"country_code": "br", "region": "Para", "city": "Tailandia"}, "game_id": "135305", "values": [{"date": "2024-05-19-22-00-00", "latency": 173}, {"date": "2024-05-19-22-00-00", "latency": 173}, {"date": "2024-05-19-22-00-00", "latency": 173}, {"date": "2024-05-19-22-00-00", "latency": 173}, {"date": "2024-05-19-22-00-00", "latency": 173}]}, {"location": {"country_code": "mx", "region": "Baja California"}, "game_id": "135305", "values": [{"date": "2024-05-19-21-00-00", "latency": 82}]}, {"location": {"country_code": "fr", "region": "Aquitania-Limosino-Poitou-Charentes", "city": "Bordeaux"}, "game_id": "135305", "values": [{"date": "2024-05-19-21-00-00", "latency": 13}, {"date": "2024-05-19-21-00-00", "latency": 13}, {"date": "2024-05-19-21-00-00", "latency": 13}, {"date": "2024-05-19-21-00-00", "latency": 13}, {"date": "2024-05-19-21-00-00", "latency": 13}, {"date": "2024-05-19-21-00-00", "latency": 13}, {"date": "2024-05-19-21-00-00", "latency": 13}, {"date": "2024-05-19-21-00-00", "latency": 13}, {"date": "2024-05-19-21-00-00", "latency": 13}, {"date": "2024-05-19-21-00-00", "latency": 13}, {"date": "2024-05-19-21-00-00", "latency": 13}, {"date": "2024-05-19-21-00-00", "latency": 13}, {"date": "2024-05-19-21-00-00", "latency": 13}, {"date": "2024-05-19-21-00-00", "latency": 13}, {"date": "2024-05-19-21-00-00", "latency": 13}]}, {"location": {"country_code": "ch", "region": "Canton of Geneva", "city": "Geneva"}, "game_id": "135305", "values": [{"date": "2024-05-19-11-00-00", "latency": 39}, {"date": "2024-05-19-11-00-00", "latency": 39}, {"date": "2024-05-19-11-00-00", "latency": 39}, {"date": "2024-05-19-11-00-00", "latency": 39}, {"date": "2024-05-19-11-00-00", "latency": 39}, {"date": "2024-05-19-11-00-00", "latency": 39}, {"date": "2024-05-19-11-00-00", "latency": 39}, {"date": "2024-05-19-11-00-00", "latency": 39}, {"date": "2024-05-19-11-00-00", "latency": 39}, {"date": "2024-05-19-11-00-00", "latency": 39}]}, {"location": {"country_code": "it", "region": "Campania"}, "game_id": "135305", "values": [{"date": "2024-05-19-03-00-00", "latency": 33}, {"date": "2024-05-19-03-00-00", "latency": 33}, {"date": "2024-05-19-03-00-00", "latency": 33}, {"date": "2024-05-19-03-00-00", "latency": 33}, {"date": "2024-05-19-03-00-00", "latency": 33}, {"date": "2024-05-19-03-00-00", "latency": 33}, {"date": "2024-05-19-03-00-00", "latency": 33}, {"date": "2024-05-19-03-00-00", "latency": 33}, {"date": "2024-05-19-03-00-00", "latency": 33}, {"date": "2024-05-19-03-00-00", "latency": 33}, {"date": "2024-05-19-03-00-00", "latency": 33}, {"date": "2024-05-19-03-00-00", "latency": 33}]}, {"location": {"country_code": "ca", "region": "Nunavut"}, "game_id": "135305", "values": [{"date": "2024-05-20-02-00-00", "latency": 59}]}, {"location": {"country_code": "br", "region": "Paraiba", "city": "Santa Rita"}, "game_id": "135305", "values": [{"date": "2024-05-19-19-00-00", "latency": 91}, {"date": "2024-05-19-19-00-00", "latency": 91}, {"date": "2024-05-19-19-00-00", "latency": 91}, {"date": "2024-05-19-19-00-00", "latency": 91}, {"date": "2024-05-19-19-00-00", "latency": 91}, {"date": "2024-05-19-19-00-00", "latency": 91}, {"date": "2024-05-19-19-00-00", "latency": 91}, {"date": "2024-05-19-19-00-00", "latency": 91}, {"date": "2024-05-19-19-00-00", "latency": 91}, {"date": "2024-05-19-19-00-00", "latency": 91}, {"date": "2024-05-19-19-00-00", "latency": 91}, {"date": "2024-05-19-19-00-00", "latency": 91}, {"date": "2024-05-19-19-00-00", "latency": 91}, {"date": "2024-05-19-19-00-00", "latency": 91}, {"date": "2024-05-19-19-00-00", "latency": 91}, {"date": "2024-05-19-19-00-00", "latency": 91}, {"date": "2024-05-19-19-00-00", "latency": 91}, {"date": "2024-05-19-19-00-00", "latency": 91}, {"date": "2024-05-19-19-00-00", "latency": 91}, {"date": "2024-05-19-19-00-00", "latency": 91}, {"date": "2024-05-19-19-00-00", "latency": 91}, {"date": "2024-05-19-19-00-00", "latency": 91}, {"date": "2024-05-19-19-00-00", "latency": 91}, {"date": "2024-05-19-19-00-00", "latency": 91}, {"date": "2024-05-19-19-00-00", "latency": 91}, {"date": "2024-05-19-19-00-00", "latency": 91}, {"date": "2024-05-19-19-00-00", "latency": 91}, {"date": "2024-05-19-19-00-00", "latency": 91}, {"date": "2024-05-19-19-00-00", "latency": 91}, {"date": "2024-05-19-19-00-00", "latency": 91}, {"date": "2024-05-19-19-00-00", "latency": 91}, {"date": "2024-05-19-19-00-00", "latency": 91}, {"date": "2024-05-19-19-00-00", "latency": 91}, {"date": "2024-05-19-19-00-00", "latency": 91}, {"date": "2024-05-19-19-00-00", "latency": 91}, {"date": "2024-05-19-19-00-00", "latency": 91}, {"date": "2024-05-19-19-00-00", "latency": 91}, {"date": "2024-05-19-19-00-00", "latency": 91}, {"date": "2024-05-19-19-00-00", "latency": 91}, {"date": "2024-05-19-19-00-00", "latency": 91}]}, {"location": {"country_code": "us", "region": "Guam", "city": "Dededo"}, "game_id": "135305", "values": [{"date": "2024-05-19-14-00-00", "latency": 182}, {"date": "2024-05-19-14-00-00", "latency": 182}, {"date": "2024-05-19-14-00-00", "latency": 182}, {"date": "2024-05-19-14-00-00", "latency": 182}, {"date": "2024-05-19-14-00-00", "latency": 182}]}, {"location": {"country_code": "br", "region": "Paraiba"}, "game_id": "135305", "values": [{"date": "2024-05-19-13-00-00", "latency": 88}, {"date": "2024-05-19-13-00-00", "latency": 88}]}, {"location": {"country_code": "gy"}, "game_id": "135305", "values": [{"date": "2024-05-19-07-00-00", "latency": 71}, {"date": "2024-05-19-07-00-00", "latency": 71}, {"date": "2024-05-19-07-00-00", "latency": 71}, {"date": "2024-05-19-07-00-00", "latency": 71}]}, {"location": {"country_code": "mx", "region": "Morelos", "city": "Cuernavaca"}, "game_id": "135305", "values": [{"date": "2024-05-19-04-00-00", "latency": 59}, {"date": "2024-05-19-04-00-00", "latency": 59}, {"date": "2024-05-19-04-00-00", "latency": 59}, {"date": "2024-05-19-04-00-00", "latency": 59}, {"date": "2024-05-19-04-00-00", "latency": 59}, {"date": "2024-05-19-04-00-00", "latency": 59}]}, {"location": {"country_code": "dz", "region": "Algiers Province"}, "game_id": "135305", "values": [{"date": "2024-05-19-16-00-00", "latency": 67}, {"date": "2024-05-19-16-00-00", "latency": 67}, {"date": "2024-05-19-16-00-00", "latency": 67}, {"date": "2024-05-19-16-00-00", "latency": 67}]}, {"location": {"country_code": "gr", "region": "Apokentromeni Dioikisi Kritis"}, "game_id": "135305", "values": [{"date": "2024-05-19-17-00-00", "latency": 43}, {"date": "2024-05-19-17-00-00", "latency": 43}, {"date": "2024-05-19-17-00-00", "latency": 43}, {"date": "2024-05-19-17-00-00", "latency": 43}, {"date": "2024-05-19-17-00-00", "latency": 43}, {"date": "2024-05-19-17-00-00", "latency": 43}, {"date": "2024-05-19-17-00-00", "latency": 43}, {"date": "2024-05-19-17-00-00", "latency": 43}, {"date": "2024-05-19-17-00-00", "latency": 43}, {"date": "2024-05-19-17-00-00", "latency": 43}, {"date": "2024-05-19-17-00-00", "latency": 43}, {"date": "2024-05-19-17-00-00", "latency": 43}, {"date": "2024-05-19-17-00-00", "latency": 43}, {"date": "2024-05-19-17-00-00", "latency": 43}, {"date": "2024-05-19-17-00-00", "latency": 43}]}, {"location": {"country_code": "us", "region": "Wisconsin", "city": "Wisconsin Dells"}, "game_id": "135305", "values": [{"date": "2024-05-19-02-00-00", "latency": 52}, {"date": "2024-05-19-02-00-00", "latency": 52}, {"date": "2024-05-19-02-00-00", "latency": 52}, {"date": "2024-05-19-02-00-00", "latency": 52}, {"date": "2024-05-19-02-00-00", "latency": 52}, {"date": "2024-05-19-02-00-00", "latency": 52}, {"date": "2024-05-19-02-00-00", "latency": 52}, {"date": "2024-05-19-02-00-00", "latency": 52}, {"date": "2024-05-19-02-00-00", "latency": 52}, {"date": "2024-05-19-02-00-00", "latency": 52}, {"date": "2024-05-19-02-00-00", "latency": 52}, {"date": "2024-05-19-02-00-00", "latency": 52}, {"date": "2024-05-19-02-00-00", "latency": 52}, {"date": "2024-05-19-02-00-00", "latency": 52}, {"date": "2024-05-19-02-00-00", "latency": 52}, {"date": "2024-05-19-02-00-00", "latency": 52}]}, {"location": {"country_code": "nz", "region": "Waikato", "city": "Hamilton"}, "game_id": "135305", "values": [{"date": "2024-05-19-11-00-00", "latency": 142}, {"date": "2024-05-19-11-00-00", "latency": 142}, {"date": "2024-05-19-11-00-00", "latency": 142}, {"date": "2024-05-19-11-00-00", "latency": 142}]}, {"location": {"country_code": "es", "region": "Canary Islands", "city": "Telde"}, "game_id": "135305", "values": [{"date": "2024-05-19-17-00-00", "latency": 64}, {"date": "2024-05-19-17-00-00", "latency": 64}, {"date": "2024-05-19-17-00-00", "latency": 64}, {"date": "2024-05-19-17-00-00", "latency": 64}]}, {"location": {"country_code": "br", "region": "Sao Paulo", "city": "Sales Oliveira"}, "game_id": "135305", "values": [{"date": "2024-05-20-01-00-00", "latency": 144}, {"date": "2024-05-20-01-00-00", "latency": 144}, {"date": "2024-05-20-01-00-00", "latency": 144}, {"date": "2024-05-20-01-00-00", "latency": 144}, {"date": "2024-05-20-01-00-00", "latency": 144}, {"date": "2024-05-20-01-00-00", "latency": 144}, {"date": "2024-05-20-01-00-00", "latency": 144}]}, {"location": {"country_code": "in", "region": "Kerala", "city": "Kollam"}, "game_id": "135305", "values": [{"date": "2024-05-19-17-00-00", "latency": 132}, {"date": "2024-05-19-17-00-00", "latency": 132}, {"date": "2024-05-19-17-00-00", "latency": 132}, {"date": "2024-05-19-17-00-00", "latency": 132}, {"date": "2024-05-19-17-00-00", "latency": 132}, {"date": "2024-05-19-17-00-00", "latency": 132}, {"date": "2024-05-19-17-00-00", "latency": 132}, {"date": "2024-05-19-17-00-00", "latency": 132}, {"date": "2024-05-19-17-00-00", "latency": 132}]}, {"location": {"country_code": "py", "region": "Central"}, "game_id": "135305", "values": [{"date": "2024-05-19-06-00-00", "latency": 165}, {"date": "2024-05-19-06-00-00", "latency": 165}, {"date": "2024-05-19-06-00-00", "latency": 165}, {"date": "2024-05-19-06-00-00", "latency": 165}]}], "last_updated": 1719924467.525239}