{"data": [{"location": {"country_code": "us"}, "game_id": "461764", "values": [{"date": "2023-06-14-23-00-00", "latency": 43}, {"date": "2023-06-14-23-00-00", "latency": 43}, {"date": "2023-06-14-23-00-00", "latency": 43}, {"date": "2023-06-14-23-00-00", "latency": 43}, {"date": "2023-06-14-23-00-00", "latency": 43}, {"date": "2023-06-14-23-00-00", "latency": 43}, {"date": "2023-06-14-23-00-00", "latency": 43}, {"date": "2023-06-14-23-00-00", "latency": 43}, {"date": "2023-06-14-23-00-00", "latency": 35}, {"date": "2023-06-14-23-00-00", "latency": 35}, {"date": "2023-06-14-23-00-00", "latency": 35}, {"date": "2023-06-14-23-00-00", "latency": 35}, {"date": "2023-06-14-23-00-00", "latency": 35}, {"date": "2023-06-14-23-00-00", "latency": 35}, {"date": "2023-06-14-23-00-00", "latency": 35}, {"date": "2023-06-14-23-00-00", "latency": 35}, {"date": "2023-06-14-23-00-00", "latency": 35}, {"date": "2023-06-14-23-00-00", "latency": 35}, {"date": "2023-06-14-23-00-00", "latency": 35}, {"date": "2023-06-14-03-00-00", "latency": 37}, {"date": "2023-06-14-03-00-00", "latency": 37}, {"date": "2023-06-14-03-00-00", "latency": 37}, {"date": "2023-06-14-03-00-00", "latency": 37}, {"date": "2023-06-14-23-00-00", "latency": 34}, {"date": "2023-06-14-23-00-00", "latency": 34}, {"date": "2023-06-14-23-00-00", "latency": 34}, {"date": "2023-06-14-23-00-00", "latency": 34}, {"date": "2023-06-14-23-00-00", "latency": 34}, {"date": "2023-06-14-23-00-00", "latency": 34}]}, {"location": {"country_code": "us", "region": "Texas", "city": "San Antonio"}, "game_id": "461764", "values": [{"date": "2023-06-15-01-00-00", "latency": 35}, {"date": "2023-06-15-01-00-00", "latency": 35}, {"date": "2023-06-15-01-00-00", "latency": 35}, {"date": "2023-06-15-01-00-00", "latency": 35}, {"date": "2023-06-15-01-00-00", "latency": 35}, {"date": "2023-06-15-01-00-00", "latency": 35}, {"date": "2023-06-15-01-00-00", "latency": 35}, {"date": "2023-06-15-01-00-00", "latency": 35}, {"date": "2023-06-15-01-00-00", "latency": 35}, {"date": "2023-06-15-01-00-00", "latency": 35}, {"date": "2023-06-15-01-00-00", "latency": 35}, {"date": "2023-06-15-01-00-00", "latency": 35}, {"date": "2023-06-15-01-00-00", "latency": 35}, {"date": "2023-06-15-01-00-00", "latency": 35}, {"date": "2023-06-15-01-00-00", "latency": 35}, {"date": "2023-06-15-01-00-00", "latency": 35}]}, {"location": {"country_code": "de", "region": "Berlin", "city": "Berlin"}, "game_id": "461764", "values": [{"date": "2023-06-14-23-00-00", "latency": 1}, {"date": "2023-06-14-23-00-00", "latency": 1}, {"date": "2023-06-14-23-00-00", "latency": 1}, {"date": "2023-06-14-23-00-00", "latency": 1}, {"date": "2023-06-14-23-00-00", "latency": 1}, {"date": "2023-06-14-23-00-00", "latency": 1}, {"date": "2023-06-14-23-00-00", "latency": 1}, {"date": "2023-06-14-23-00-00", "latency": 1}]}, {"location": {"country_code": "th"}, "game_id": "461764", "values": [{"date": "2023-06-14-06-00-00", "latency": 38}, {"date": "2023-06-14-06-00-00", "latency": 38}, {"date": "2023-06-14-06-00-00", "latency": 38}, {"date": "2023-06-14-06-00-00", "latency": 38}, {"date": "2023-06-14-06-00-00", "latency": 38}, {"date": "2023-06-14-06-00-00", "latency": 38}, {"date": "2023-06-14-06-00-00", "latency": 38}, {"date": "2023-06-14-06-00-00", "latency": 38}, {"date": "2023-06-14-06-00-00", "latency": 38}, {"date": "2023-06-14-06-00-00", "latency": 38}, {"date": "2023-06-14-06-00-00", "latency": 38}, {"date": "2023-06-14-06-00-00", "latency": 38}, {"date": "2023-06-14-06-00-00", "latency": 38}, {"date": "2023-06-14-06-00-00", "latency": 38}, {"date": "2023-06-14-06-00-00", "latency": 38}]}, {"location": {"country_code": "gr"}, "game_id": "461764", "values": [{"date": "2023-06-14-19-00-00", "latency": 70}, {"date": "2023-06-14-19-00-00", "latency": 70}, {"date": "2023-06-14-19-00-00", "latency": 70}]}, {"location": {"country_code": "za"}, "game_id": "461764", "values": [{"date": "2023-06-14-23-00-00", "latency": 106}, {"date": "2023-06-14-23-00-00", "latency": 106}, {"date": "2023-06-14-23-00-00", "latency": 106}, {"date": "2023-06-14-23-00-00", "latency": 106}, {"date": "2023-06-14-23-00-00", "latency": 106}, {"date": "2023-06-14-23-00-00", "latency": 106}, {"date": "2023-06-14-23-00-00", "latency": 106}, {"date": "2023-06-14-23-00-00", "latency": 106}]}, {"location": {"country_code": "az", "region": "Abseron", "city": "Baku"}, "game_id": "461764", "values": [{"date": "2023-06-14-07-00-00", "latency": 57}, {"date": "2023-06-14-07-00-00", "latency": 57}]}, {"location": {"country_code": "ca"}, "game_id": "461764", "values": [{"date": "2023-06-14-11-00-00", "latency": 36}, {"date": "2023-06-14-11-00-00", "latency": 36}, {"date": "2023-06-14-11-00-00", "latency": 36}, {"date": "2023-06-14-11-00-00", "latency": 36}, {"date": "2023-06-14-11-00-00", "latency": 36}, {"date": "2023-06-14-11-00-00", "latency": 36}, {"date": "2023-06-14-11-00-00", "latency": 36}, {"date": "2023-06-14-11-00-00", "latency": 36}, {"date": "2023-06-14-11-00-00", "latency": 36}, {"date": "2023-06-14-11-00-00", "latency": 36}, {"date": "2023-06-14-11-00-00", "latency": 36}, {"date": "2023-06-14-11-00-00", "latency": 36}, {"date": "2023-06-14-11-00-00", "latency": 36}, {"date": "2023-06-14-11-00-00", "latency": 36}, {"date": "2023-06-14-11-00-00", "latency": 36}, {"date": "2023-06-14-11-00-00", "latency": 36}, {"date": "2023-06-14-11-00-00", "latency": 36}, {"date": "2023-06-14-11-00-00", "latency": 36}, {"date": "2023-06-14-11-00-00", "latency": 36}, {"date": "2023-06-14-11-00-00", "latency": 36}, {"date": "2023-06-14-11-00-00", "latency": 36}]}, {"location": {"country_code": "de"}, "game_id": "461764", "values": [{"date": "2023-06-14-19-00-00", "latency": 35}, {"date": "2023-06-15-01-00-00", "latency": 33}, {"date": "2023-06-15-01-00-00", "latency": 33}, {"date": "2023-06-15-01-00-00", "latency": 33}, {"date": "2023-06-15-01-00-00", "latency": 33}, {"date": "2023-06-15-01-00-00", "latency": 33}, {"date": "2023-06-15-01-00-00", "latency": 33}, {"date": "2023-06-15-01-00-00", "latency": 33}, {"date": "2023-06-15-01-00-00", "latency": 33}, {"date": "2023-06-15-01-00-00", "latency": 33}, {"date": "2023-06-15-01-00-00", "latency": 33}, {"date": "2023-06-15-01-00-00", "latency": 33}, {"date": "2023-06-15-01-00-00", "latency": 33}, {"date": "2023-06-15-01-00-00", "latency": 33}, {"date": "2023-06-15-01-00-00", "latency": 33}, {"date": "2023-06-15-01-00-00", "latency": 33}, {"date": "2023-06-15-01-00-00", "latency": 33}, {"date": "2023-06-15-01-00-00", "latency": 33}, {"date": "2023-06-14-19-00-00", "latency": 34}, {"date": "2023-06-14-19-00-00", "latency": 34}, {"date": "2023-06-14-19-00-00", "latency": 34}, {"date": "2023-06-14-19-00-00", "latency": 34}, {"date": "2023-06-14-19-00-00", "latency": 34}, {"date": "2023-06-14-19-00-00", "latency": 34}, {"date": "2023-06-14-19-00-00", "latency": 34}, {"date": "2023-06-14-19-00-00", "latency": 34}, {"date": "2023-06-14-19-00-00", "latency": 34}, {"date": "2023-06-14-19-00-00", "latency": 34}, {"date": "2023-06-14-19-00-00", "latency": 34}, {"date": "2023-06-14-19-00-00", "latency": 34}, {"date": "2023-06-14-19-00-00", "latency": 34}, {"date": "2023-06-14-19-00-00", "latency": 34}, {"date": "2023-06-14-19-00-00", "latency": 34}, {"date": "2023-06-14-19-00-00", "latency": 34}, {"date": "2023-06-14-19-00-00", "latency": 34}, {"date": "2023-06-14-19-00-00", "latency": 34}, {"date": "2023-06-14-19-00-00", "latency": 34}, {"date": "2023-06-14-19-00-00", "latency": 34}, {"date": "2023-06-14-19-00-00", "latency": 34}, {"date": "2023-06-14-19-00-00", "latency": 34}, {"date": "2023-06-14-19-00-00", "latency": 34}, {"date": "2023-06-14-19-00-00", "latency": 34}, {"date": "2023-06-14-19-00-00", "latency": 34}, {"date": "2023-06-14-19-00-00", "latency": 34}, {"date": "2023-06-14-19-00-00", "latency": 34}, {"date": "2023-06-14-19-00-00", "latency": 34}, {"date": "2023-06-14-19-00-00", "latency": 34}, {"date": "2023-06-14-19-00-00", "latency": 34}, {"date": "2023-06-14-19-00-00", "latency": 34}, {"date": "2023-06-14-19-00-00", "latency": 34}, {"date": "2023-06-14-19-00-00", "latency": 34}, {"date": "2023-06-14-19-00-00", "latency": 34}]}, {"location": {"country_code": "cl"}, "game_id": "461764", "values": [{"date": "2023-06-14-08-00-00", "latency": 107}, {"date": "2023-06-14-08-00-00", "latency": 107}, {"date": "2023-06-14-08-00-00", "latency": 107}, {"date": "2023-06-14-08-00-00", "latency": 107}, {"date": "2023-06-14-08-00-00", "latency": 107}]}, {"location": {"country_code": "us", "region": "Texas"}, "game_id": "461764", "values": [{"date": "2023-06-15-02-00-00", "latency": 35}, {"date": "2023-06-15-02-00-00", "latency": 35}, {"date": "2023-06-15-02-00-00", "latency": 35}, {"date": "2023-06-15-02-00-00", "latency": 35}, {"date": "2023-06-15-02-00-00", "latency": 35}, {"date": "2023-06-15-02-00-00", "latency": 35}]}, {"location": {"country_code": "us", "region": "Florida"}, "game_id": "461764", "values": [{"date": "2023-06-15-02-00-00", "latency": 35}, {"date": "2023-06-15-02-00-00", "latency": 35}, {"date": "2023-06-15-02-00-00", "latency": 35}, {"date": "2023-06-15-02-00-00", "latency": 35}]}, {"location": {"country_code": "ph"}, "game_id": "461764", "values": [{"date": "2023-06-14-18-00-00", "latency": 35}, {"date": "2023-06-14-18-00-00", "latency": 35}, {"date": "2023-06-14-18-00-00", "latency": 35}, {"date": "2023-06-14-18-00-00", "latency": 35}, {"date": "2023-06-14-18-00-00", "latency": 35}]}, {"location": {"country_code": "fr"}, "game_id": "461764", "values": [{"date": "2023-06-15-00-00-00", "latency": 36}, {"date": "2023-06-15-00-00-00", "latency": 36}, {"date": "2023-06-15-00-00-00", "latency": 36}, {"date": "2023-06-14-22-00-00", "latency": 35}, {"date": "2023-06-14-22-00-00", "latency": 35}, {"date": "2023-06-14-22-00-00", "latency": 35}, {"date": "2023-06-15-02-00-00", "latency": 34}, {"date": "2023-06-15-02-00-00", "latency": 34}, {"date": "2023-06-15-02-00-00", "latency": 34}, {"date": "2023-06-15-02-00-00", "latency": 34}, {"date": "2023-06-15-02-00-00", "latency": 34}, {"date": "2023-06-15-02-00-00", "latency": 34}, {"date": "2023-06-15-02-00-00", "latency": 34}]}, {"location": {"country_code": "us", "region": "New Jersey"}, "game_id": "461764", "values": [{"date": "2023-06-14-05-00-00", "latency": 34}, {"date": "2023-06-14-05-00-00", "latency": 34}, {"date": "2023-06-14-05-00-00", "latency": 34}, {"date": "2023-06-14-05-00-00", "latency": 34}, {"date": "2023-06-14-05-00-00", "latency": 34}, {"date": "2023-06-14-05-00-00", "latency": 34}, {"date": "2023-06-14-05-00-00", "latency": 34}, {"date": "2023-06-14-05-00-00", "latency": 34}]}, {"location": {"country_code": "br"}, "game_id": "461764", "values": [{"date": "2023-06-15-01-00-00", "latency": 105}, {"date": "2023-06-15-01-00-00", "latency": 105}, {"date": "2023-06-15-01-00-00", "latency": 105}]}, {"location": {"country_code": "ec"}, "game_id": "461764", "values": [{"date": "2023-06-14-19-00-00", "latency": 52}, {"date": "2023-06-14-19-00-00", "latency": 52}]}, {"location": {"country_code": "au"}, "game_id": "461764", "values": [{"date": "2023-06-14-10-00-00", "latency": 107}, {"date": "2023-06-14-10-00-00", "latency": 107}, {"date": "2023-06-14-10-00-00", "latency": 107}, {"date": "2023-06-14-10-00-00", "latency": 107}, {"date": "2023-06-14-10-00-00", "latency": 107}, {"date": "2023-06-14-10-00-00", "latency": 107}, {"date": "2023-06-14-10-00-00", "latency": 107}, {"date": "2023-06-14-10-00-00", "latency": 107}, {"date": "2023-06-14-10-00-00", "latency": 107}, {"date": "2023-06-14-10-00-00", "latency": 107}, {"date": "2023-06-14-10-00-00", "latency": 107}, {"date": "2023-06-14-10-00-00", "latency": 107}]}, {"location": {"country_code": "au", "region": "Victoria", "city": "Melbourne"}, "game_id": "461764", "values": [{"date": "2023-06-14-15-00-00", "latency": 103}, {"date": "2023-06-14-15-00-00", "latency": 103}, {"date": "2023-06-14-15-00-00", "latency": 103}, {"date": "2023-06-14-15-00-00", "latency": 103}, {"date": "2023-06-14-15-00-00", "latency": 103}, {"date": "2023-06-14-15-00-00", "latency": 103}, {"date": "2023-06-14-15-00-00", "latency": 103}, {"date": "2023-06-14-15-00-00", "latency": 103}, {"date": "2023-06-14-15-00-00", "latency": 103}]}, {"location": {"country_code": "td"}, "game_id": "461764", "values": [{"date": "2023-06-15-02-00-00", "latency": 36}, {"date": "2023-06-15-02-00-00", "latency": 36}, {"date": "2023-06-15-02-00-00", "latency": 36}, {"date": "2023-06-15-02-00-00", "latency": 36}, {"date": "2023-06-15-02-00-00", "latency": 36}, {"date": "2023-06-15-02-00-00", "latency": 36}, {"date": "2023-06-15-02-00-00", "latency": 36}]}, {"location": {"country_code": "dk"}, "game_id": "461764", "values": [{"date": "2023-06-14-14-00-00", "latency": 39}, {"date": "2023-06-14-14-00-00", "latency": 39}, {"date": "2023-06-14-14-00-00", "latency": 39}, {"date": "2023-06-14-18-00-00", "latency": 34}, {"date": "2023-06-14-18-00-00", "latency": 34}]}, {"location": {"country_code": "es"}, "game_id": "461764", "values": [{"date": "2023-06-14-14-00-00", "latency": 34}, {"date": "2023-06-14-14-00-00", "latency": 34}, {"date": "2023-06-14-14-00-00", "latency": 34}, {"date": "2023-06-14-14-00-00", "latency": 34}, {"date": "2023-06-14-14-00-00", "latency": 34}, {"date": "2023-06-14-14-00-00", "latency": 34}, {"date": "2023-06-14-14-00-00", "latency": 34}, {"date": "2023-06-14-14-00-00", "latency": 34}, {"date": "2023-06-14-14-00-00", "latency": 34}, {"date": "2023-06-14-14-00-00", "latency": 34}, {"date": "2023-06-14-14-00-00", "latency": 34}, {"date": "2023-06-14-14-00-00", "latency": 34}, {"date": "2023-06-14-14-00-00", "latency": 33}, {"date": "2023-06-14-14-00-00", "latency": 33}, {"date": "2023-06-14-14-00-00", "latency": 33}, {"date": "2023-06-14-14-00-00", "latency": 33}, {"date": "2023-06-14-14-00-00", "latency": 33}]}, {"location": {"country_code": "ar"}, "game_id": "461764", "values": [{"date": "2023-06-14-12-00-00", "latency": 10}]}, {"location": {"country_code": "fi"}, "game_id": "461764", "values": [{"date": "2023-06-14-17-00-00", "latency": 36}, {"date": "2023-06-14-17-00-00", "latency": 36}, {"date": "2023-06-14-17-00-00", "latency": 36}, {"date": "2023-06-14-17-00-00", "latency": 36}, {"date": "2023-06-14-17-00-00", "latency": 36}, {"date": "2023-06-14-17-00-00", "latency": 36}, {"date": "2023-06-14-17-00-00", "latency": 36}]}, {"location": {"country_code": "us", "region": "Massachusetts"}, "game_id": "461764", "values": [{"date": "2023-06-14-04-00-00", "latency": 33}, {"date": "2023-06-14-04-00-00", "latency": 33}, {"date": "2023-06-14-04-00-00", "latency": 33}, {"date": "2023-06-14-04-00-00", "latency": 33}, {"date": "2023-06-14-04-00-00", "latency": 33}, {"date": "2023-06-14-04-00-00", "latency": 33}, {"date": "2023-06-14-04-00-00", "latency": 33}, {"date": "2023-06-14-04-00-00", "latency": 33}, {"date": "2023-06-14-04-00-00", "latency": 33}, {"date": "2023-06-14-04-00-00", "latency": 33}, {"date": "2023-06-14-04-00-00", "latency": 33}]}, {"location": {"country_code": "de", "region": "Free and Hanseatic City of Hamburg", "city": "Hamburg"}, "game_id": "461764", "values": [{"date": "2023-06-14-14-00-00", "latency": 33}, {"date": "2023-06-14-14-00-00", "latency": 33}, {"date": "2023-06-14-14-00-00", "latency": 33}]}, {"location": {"country_code": "tr", "region": "Ege Bolgesi", "city": "Izmir"}, "game_id": "461764", "values": [{"date": "2023-06-14-23-00-00", "latency": 36}, {"date": "2023-06-14-23-00-00", "latency": 36}, {"date": "2023-06-14-23-00-00", "latency": 36}, {"date": "2023-06-14-23-00-00", "latency": 36}, {"date": "2023-06-14-23-00-00", "latency": 36}, {"date": "2023-06-14-23-00-00", "latency": 36}, {"date": "2023-06-14-23-00-00", "latency": 36}]}, {"location": {"country_code": "au", "region": "South Australia", "city": "Adelaide"}, "game_id": "461764", "values": [{"date": "2023-06-14-14-00-00", "latency": 1}, {"date": "2023-06-14-14-00-00", "latency": 1}, {"date": "2023-06-14-14-00-00", "latency": 1}, {"date": "2023-06-14-14-00-00", "latency": 1}, {"date": "2023-06-14-14-00-00", "latency": 1}, {"date": "2023-06-14-14-00-00", "latency": 1}, {"date": "2023-06-14-14-00-00", "latency": 1}]}, {"location": {"country_code": "us", "region": "Michigan"}, "game_id": "461764", "values": [{"date": "2023-06-14-05-00-00", "latency": 34}, {"date": "2023-06-14-05-00-00", "latency": 34}]}, {"location": {"country_code": "hu"}, "game_id": "461764", "values": [{"date": "2023-06-15-02-00-00", "latency": 107}]}, {"location": {"country_code": "de", "region": "Bavaria"}, "game_id": "461764", "values": [{"date": "2023-06-14-22-00-00", "latency": 34}, {"date": "2023-06-14-22-00-00", "latency": 34}]}, {"location": {"country_code": "ve"}, "game_id": "461764", "values": [{"date": "2023-06-14-02-00-00", "latency": 36}, {"date": "2023-06-14-02-00-00", "latency": 36}]}, {"location": {"country_code": "pl"}, "game_id": "461764", "values": [{"date": "2023-06-15-02-00-00", "latency": 32}, {"date": "2023-06-15-02-00-00", "latency": 32}, {"date": "2023-06-15-02-00-00", "latency": 32}, {"date": "2023-06-15-02-00-00", "latency": 32}, {"date": "2023-06-15-02-00-00", "latency": 32}, {"date": "2023-06-15-02-00-00", "latency": 32}, {"date": "2023-06-15-02-00-00", "latency": 32}, {"date": "2023-06-15-02-00-00", "latency": 32}, {"date": "2023-06-15-02-00-00", "latency": 32}, {"date": "2023-06-15-02-00-00", "latency": 32}, {"date": "2023-06-15-02-00-00", "latency": 32}, {"date": "2023-06-15-02-00-00", "latency": 32}, {"date": "2023-06-15-02-00-00", "latency": 32}, {"date": "2023-06-15-02-00-00", "latency": 32}, {"date": "2023-06-15-02-00-00", "latency": 32}, {"date": "2023-06-15-02-00-00", "latency": 32}, {"date": "2023-06-15-02-00-00", "latency": 32}, {"date": "2023-06-15-02-00-00", "latency": 32}, {"date": "2023-06-15-02-00-00", "latency": 32}, {"date": "2023-06-14-22-00-00", "latency": 36}, {"date": "2023-06-14-22-00-00", "latency": 36}, {"date": "2023-06-14-22-00-00", "latency": 36}, {"date": "2023-06-14-22-00-00", "latency": 36}, {"date": "2023-06-14-22-00-00", "latency": 36}, {"date": "2023-06-14-22-00-00", "latency": 36}, {"date": "2023-06-14-22-00-00", "latency": 36}]}, {"location": {"country_code": "ie"}, "game_id": "461764", "values": [{"date": "2023-06-14-19-00-00", "latency": 32}, {"date": "2023-06-14-19-00-00", "latency": 32}]}, {"location": {"country_code": "kz"}, "game_id": "461764", "values": [{"date": "2023-06-14-20-00-00", "latency": 47}, {"date": "2023-06-14-20-00-00", "latency": 47}, {"date": "2023-06-14-20-00-00", "latency": 47}, {"date": "2023-06-14-20-00-00", "latency": 47}, {"date": "2023-06-14-20-00-00", "latency": 47}, {"date": "2023-06-14-20-00-00", "latency": 47}, {"date": "2023-06-14-20-00-00", "latency": 47}, {"date": "2023-06-14-20-00-00", "latency": 47}]}, {"location": {"country_code": "id"}, "game_id": "461764", "values": [{"date": "2023-06-14-10-00-00", "latency": 35}, {"date": "2023-06-14-10-00-00", "latency": 35}, {"date": "2023-06-14-10-00-00", "latency": 35}, {"date": "2023-06-14-10-00-00", "latency": 35}, {"date": "2023-06-14-10-00-00", "latency": 35}, {"date": "2023-06-14-10-00-00", "latency": 35}]}, {"location": {"country_code": "se", "region": "Stockholm County", "city": "Stockholm"}, "game_id": "461764", "values": [{"date": "2023-06-14-17-00-00", "latency": 35}, {"date": "2023-06-14-17-00-00", "latency": 35}, {"date": "2023-06-14-17-00-00", "latency": 35}, {"date": "2023-06-14-17-00-00", "latency": 35}, {"date": "2023-06-14-17-00-00", "latency": 35}, {"date": "2023-06-14-17-00-00", "latency": 35}, {"date": "2023-06-14-17-00-00", "latency": 35}, {"date": "2023-06-14-17-00-00", "latency": 35}, {"date": "2023-06-14-17-00-00", "latency": 35}, {"date": "2023-06-14-17-00-00", "latency": 35}, {"date": "2023-06-14-17-00-00", "latency": 35}, {"date": "2023-06-14-17-00-00", "latency": 35}, {"date": "2023-06-14-17-00-00", "latency": 35}, {"date": "2023-06-14-17-00-00", "latency": 35}, {"date": "2023-06-14-17-00-00", "latency": 35}, {"date": "2023-06-14-17-00-00", "latency": 35}, {"date": "2023-06-14-17-00-00", "latency": 35}, {"date": "2023-06-14-17-00-00", "latency": 35}, {"date": "2023-06-14-17-00-00", "latency": 35}, {"date": "2023-06-14-17-00-00", "latency": 35}, {"date": "2023-06-14-17-00-00", "latency": 35}, {"date": "2023-06-14-17-00-00", "latency": 35}, {"date": "2023-06-14-17-00-00", "latency": 35}, {"date": "2023-06-14-17-00-00", "latency": 35}, {"date": "2023-06-14-17-00-00", "latency": 35}, {"date": "2023-06-14-17-00-00", "latency": 35}, {"date": "2023-06-14-17-00-00", "latency": 35}, {"date": "2023-06-14-17-00-00", "latency": 35}, {"date": "2023-06-14-17-00-00", "latency": 35}, {"date": "2023-06-14-17-00-00", "latency": 35}, {"date": "2023-06-14-17-00-00", "latency": 35}, {"date": "2023-06-14-17-00-00", "latency": 35}, {"date": "2023-06-14-17-00-00", "latency": 35}, {"date": "2023-06-14-17-00-00", "latency": 35}, {"date": "2023-06-14-17-00-00", "latency": 35}, {"date": "2023-06-14-17-00-00", "latency": 35}, {"date": "2023-06-14-17-00-00", "latency": 35}, {"date": "2023-06-14-17-00-00", "latency": 35}, {"date": "2023-06-14-17-00-00", "latency": 35}, {"date": "2023-06-14-17-00-00", "latency": 35}, {"date": "2023-06-14-17-00-00", "latency": 35}, {"date": "2023-06-14-17-00-00", "latency": 35}, {"date": "2023-06-14-17-00-00", "latency": 35}, {"date": "2023-06-14-17-00-00", "latency": 35}, {"date": "2023-06-14-17-00-00", "latency": 35}, {"date": "2023-06-14-17-00-00", "latency": 35}, {"date": "2023-06-14-17-00-00", "latency": 35}, {"date": "2023-06-14-17-00-00", "latency": 35}, {"date": "2023-06-14-17-00-00", "latency": 35}, {"date": "2023-06-14-17-00-00", "latency": 35}, {"date": "2023-06-14-17-00-00", "latency": 35}, {"date": "2023-06-14-17-00-00", "latency": 35}, {"date": "2023-06-14-17-00-00", "latency": 35}, {"date": "2023-06-14-17-00-00", "latency": 35}, {"date": "2023-06-14-17-00-00", "latency": 35}, {"date": "2023-06-14-17-00-00", "latency": 35}, {"date": "2023-06-14-17-00-00", "latency": 35}, {"date": "2023-06-14-17-00-00", "latency": 35}, {"date": "2023-06-14-17-00-00", "latency": 35}, {"date": "2023-06-14-17-00-00", "latency": 35}, {"date": "2023-06-14-17-00-00", "latency": 35}]}, {"location": {"country_code": "ar", "region": "Buenos Aires", "city": "Lujan"}, "game_id": "461764", "values": [{"date": "2023-06-14-20-00-00", "latency": 107}, {"date": "2023-06-14-20-00-00", "latency": 107}, {"date": "2023-06-14-20-00-00", "latency": 107}]}, {"location": {"country_code": "hr"}, "game_id": "461764", "values": [{"date": "2023-06-14-17-00-00", "latency": 35}, {"date": "2023-06-14-17-00-00", "latency": 35}, {"date": "2023-06-14-17-00-00", "latency": 35}, {"date": "2023-06-14-17-00-00", "latency": 35}, {"date": "2023-06-14-17-00-00", "latency": 35}, {"date": "2023-06-14-17-00-00", "latency": 35}, {"date": "2023-06-14-17-00-00", "latency": 35}, {"date": "2023-06-14-17-00-00", "latency": 35}, {"date": "2023-06-14-17-00-00", "latency": 35}, {"date": "2023-06-14-17-00-00", "latency": 35}, {"date": "2023-06-14-17-00-00", "latency": 35}, {"date": "2023-06-14-17-00-00", "latency": 35}, {"date": "2023-06-14-17-00-00", "latency": 35}, {"date": "2023-06-14-17-00-00", "latency": 35}, {"date": "2023-06-14-17-00-00", "latency": 35}]}, {"location": {"country_code": "ua", "region": "Kharkiv Oblast", "city": "Kharkiv"}, "game_id": "461764", "values": [{"date": "2023-06-14-22-00-00", "latency": 34}, {"date": "2023-06-14-22-00-00", "latency": 34}, {"date": "2023-06-14-22-00-00", "latency": 34}, {"date": "2023-06-14-22-00-00", "latency": 34}, {"date": "2023-06-14-22-00-00", "latency": 34}, {"date": "2023-06-14-22-00-00", "latency": 34}]}, {"location": {"country_code": "au", "region": "Queensland", "city": "Brisbane"}, "game_id": "461764", "values": [{"date": "2023-06-14-14-00-00", "latency": 107}, {"date": "2023-06-14-14-00-00", "latency": 107}, {"date": "2023-06-14-14-00-00", "latency": 107}, {"date": "2023-06-14-14-00-00", "latency": 107}, {"date": "2023-06-14-14-00-00", "latency": 107}, {"date": "2023-06-14-14-00-00", "latency": 107}, {"date": "2023-06-14-14-00-00", "latency": 107}]}, {"location": {"country_code": "de", "region": "Lower Saxony"}, "game_id": "461764", "values": [{"date": "2023-06-15-00-00-00", "latency": 33}, {"date": "2023-06-15-00-00-00", "latency": 33}, {"date": "2023-06-15-00-00-00", "latency": 33}, {"date": "2023-06-15-00-00-00", "latency": 33}, {"date": "2023-06-15-00-00-00", "latency": 33}, {"date": "2023-06-15-00-00-00", "latency": 33}, {"date": "2023-06-15-00-00-00", "latency": 33}, {"date": "2023-06-15-00-00-00", "latency": 33}, {"date": "2023-06-15-00-00-00", "latency": 33}, {"date": "2023-06-15-00-00-00", "latency": 33}, {"date": "2023-06-14-17-00-00", "latency": 35}, {"date": "2023-06-14-17-00-00", "latency": 35}, {"date": "2023-06-14-17-00-00", "latency": 35}, {"date": "2023-06-14-17-00-00", "latency": 35}, {"date": "2023-06-14-17-00-00", "latency": 35}, {"date": "2023-06-14-17-00-00", "latency": 35}, {"date": "2023-06-14-17-00-00", "latency": 35}, {"date": "2023-06-14-17-00-00", "latency": 35}, {"date": "2023-06-14-17-00-00", "latency": 35}, {"date": "2023-06-14-17-00-00", "latency": 35}, {"date": "2023-06-14-17-00-00", "latency": 35}, {"date": "2023-06-14-16-00-00", "latency": 36}, {"date": "2023-06-14-16-00-00", "latency": 36}, {"date": "2023-06-14-16-00-00", "latency": 36}, {"date": "2023-06-14-16-00-00", "latency": 36}, {"date": "2023-06-14-16-00-00", "latency": 36}, {"date": "2023-06-14-16-00-00", "latency": 36}, {"date": "2023-06-14-16-00-00", "latency": 36}, {"date": "2023-06-14-16-00-00", "latency": 36}, {"date": "2023-06-14-16-00-00", "latency": 36}, {"date": "2023-06-14-16-00-00", "latency": 36}, {"date": "2023-06-14-16-00-00", "latency": 36}, {"date": "2023-06-14-16-00-00", "latency": 36}, {"date": "2023-06-14-16-00-00", "latency": 36}, {"date": "2023-06-14-16-00-00", "latency": 36}, {"date": "2023-06-14-16-00-00", "latency": 36}, {"date": "2023-06-14-16-00-00", "latency": 36}, {"date": "2023-06-14-16-00-00", "latency": 36}, {"date": "2023-06-14-16-00-00", "latency": 36}, {"date": "2023-06-14-16-00-00", "latency": 36}, {"date": "2023-06-14-16-00-00", "latency": 36}, {"date": "2023-06-14-16-00-00", "latency": 36}, {"date": "2023-06-14-16-00-00", "latency": 36}, {"date": "2023-06-14-16-00-00", "latency": 36}, {"date": "2023-06-14-16-00-00", "latency": 36}, {"date": "2023-06-14-16-00-00", "latency": 36}]}, {"location": {"country_code": "us", "region": "Oregon", "city": "Portland"}, "game_id": "461764", "values": [{"date": "2023-06-14-21-00-00", "latency": 35}, {"date": "2023-06-14-21-00-00", "latency": 35}, {"date": "2023-06-14-21-00-00", "latency": 35}, {"date": "2023-06-14-21-00-00", "latency": 35}, {"date": "2023-06-14-21-00-00", "latency": 35}, {"date": "2023-06-14-21-00-00", "latency": 35}, {"date": "2023-06-14-21-00-00", "latency": 35}, {"date": "2023-06-14-21-00-00", "latency": 35}, {"date": "2023-06-14-21-00-00", "latency": 35}, {"date": "2023-06-14-21-00-00", "latency": 35}, {"date": "2023-06-14-21-00-00", "latency": 35}, {"date": "2023-06-14-21-00-00", "latency": 35}, {"date": "2023-06-14-21-00-00", "latency": 35}, {"date": "2023-06-14-21-00-00", "latency": 35}, {"date": "2023-06-14-21-00-00", "latency": 35}, {"date": "2023-06-14-21-00-00", "latency": 35}, {"date": "2023-06-14-21-00-00", "latency": 35}, {"date": "2023-06-14-21-00-00", "latency": 35}, {"date": "2023-06-14-21-00-00", "latency": 35}]}, {"location": {"country_code": "us", "region": "Tennessee", "city": "Knoxville"}, "game_id": "461764", "values": [{"date": "2023-06-14-22-00-00", "latency": 36}, {"date": "2023-06-14-22-00-00", "latency": 36}, {"date": "2023-06-14-22-00-00", "latency": 36}, {"date": "2023-06-14-22-00-00", "latency": 36}]}], "last_updated": 1719926788.018753}