{"data": [{"location": {"country_code": "nz"}, "game_id": "295590", "values": [{"date": "2024-06-06-00-00-00", "latency": 35}, {"date": "2024-06-06-00-00-00", "latency": 35}]}, {"location": {"country_code": "us"}, "game_id": "295590", "values": [{"date": "2024-06-05-21-00-00", "latency": 2}, {"date": "2024-06-05-03-00-00", "latency": 8}, {"date": "2024-06-05-03-00-00", "latency": 11}, {"date": "2024-06-05-07-00-00", "latency": 4}, {"date": "2024-06-05-07-00-00", "latency": 4}, {"date": "2024-06-05-05-00-00", "latency": 4}, {"date": "2024-06-05-05-00-00", "latency": 4}, {"date": "2024-06-05-05-00-00", "latency": 4}, {"date": "2024-06-05-05-00-00", "latency": 4}, {"date": "2024-06-05-05-00-00", "latency": 4}, {"date": "2024-06-05-05-00-00", "latency": 4}, {"date": "2024-06-05-03-00-00", "latency": 13}, {"date": "2024-06-05-06-00-00", "latency": 21}, {"date": "2024-06-05-22-00-00", "latency": 1}, {"date": "2024-06-05-22-00-00", "latency": 1}, {"date": "2024-06-05-22-00-00", "latency": 1}, {"date": "2024-06-05-23-00-00", "latency": 1422}, {"date": "2024-06-05-20-00-00", "latency": 0}, {"date": "2024-06-05-04-00-00", "latency": 3}, {"date": "2024-06-05-04-00-00", "latency": 3}, {"date": "2024-06-05-07-00-00", "latency": 4}, {"date": "2024-06-05-07-00-00", "latency": 4}, {"date": "2024-06-05-03-00-00", "latency": 0}, {"date": "2024-06-05-03-00-00", "latency": 0}, {"date": "2024-06-05-22-00-00", "latency": 8}]}, {"location": {"country_code": "us", "region": "Rhode Island", "city": "Forest Pawtuckett"}, "game_id": "295590", "values": [{"date": "2024-06-06-01-00-00", "latency": 4}]}, {"location": {"country_code": "au"}, "game_id": "295590", "values": [{"date": "2024-06-05-14-00-00", "latency": 1}]}, {"location": {"country_code": "de", "region": "Berlin", "city": "Berlin"}, "game_id": "295590", "values": [{"date": "2024-06-05-12-00-00", "latency": 1}, {"date": "2024-06-05-12-00-00", "latency": 1}]}, {"location": {"country_code": "us", "region": "New York", "city": "Jamestown"}, "game_id": "295590", "values": [{"date": "2024-06-05-09-00-00", "latency": 4}, {"date": "2024-06-05-03-00-00", "latency": 6}]}, {"location": {"country_code": "us", "region": "Tennessee", "city": "Jackson"}, "game_id": "295590", "values": [{"date": "2024-06-06-02-00-00", "latency": 50}, {"date": "2024-06-06-02-00-00", "latency": 50}, {"date": "2024-06-06-02-00-00", "latency": 50}, {"date": "2024-06-06-02-00-00", "latency": 50}, {"date": "2024-06-06-02-00-00", "latency": 50}, {"date": "2024-06-06-02-00-00", "latency": 50}, {"date": "2024-06-06-02-00-00", "latency": 50}, {"date": "2024-06-06-02-00-00", "latency": 50}]}, {"location": {"country_code": "gb"}, "game_id": "295590", "values": [{"date": "2024-06-05-02-00-00", "latency": 6}, {"date": "2024-06-05-02-00-00", "latency": 6}, {"date": "2024-06-05-02-00-00", "latency": 6}, {"date": "2024-06-05-02-00-00", "latency": 6}, {"date": "2024-06-05-02-00-00", "latency": 6}, {"date": "2024-06-05-22-00-00", "latency": 52}, {"date": "2024-06-05-22-00-00", "latency": 52}, {"date": "2024-06-05-22-00-00", "latency": 52}, {"date": "2024-06-05-22-00-00", "latency": 52}, {"date": "2024-06-05-10-00-00", "latency": 0}, {"date": "2024-06-05-10-00-00", "latency": 0}, {"date": "2024-06-05-22-00-00", "latency": 48}, {"date": "2024-06-05-22-00-00", "latency": 48}, {"date": "2024-06-05-22-00-00", "latency": 48}, {"date": "2024-06-05-22-00-00", "latency": 48}]}, {"location": {"country_code": "gr"}, "game_id": "295590", "values": [{"date": "2024-06-06-02-00-00", "latency": 32}, {"date": "2024-06-06-02-00-00", "latency": 32}, {"date": "2024-06-06-02-00-00", "latency": 32}, {"date": "2024-06-06-00-00-00", "latency": 2}]}, {"location": {"country_code": "pa"}, "game_id": "295590", "values": [{"date": "2024-06-05-05-00-00", "latency": 27}, {"date": "2024-06-05-05-00-00", "latency": 27}]}, {"location": {"country_code": "it"}, "game_id": "295590", "values": [{"date": "2024-06-05-20-00-00", "latency": 6}]}, {"location": {"country_code": "ro"}, "game_id": "295590", "values": [{"date": "2024-06-05-17-00-00", "latency": 20}, {"date": "2024-06-05-17-00-00", "latency": 20}, {"date": "2024-06-05-17-00-00", "latency": 20}, {"date": "2024-06-05-17-00-00", "latency": 20}, {"date": "2024-06-05-17-00-00", "latency": 20}, {"date": "2024-06-05-17-00-00", "latency": 20}, {"date": "2024-06-05-17-00-00", "latency": 20}, {"date": "2024-06-05-17-00-00", "latency": 20}, {"date": "2024-06-05-17-00-00", "latency": 20}, {"date": "2024-06-05-17-00-00", "latency": 20}, {"date": "2024-06-05-17-00-00", "latency": 20}, {"date": "2024-06-05-17-00-00", "latency": 20}, {"date": "2024-06-05-17-00-00", "latency": 20}, {"date": "2024-06-06-01-00-00", "latency": 23}, {"date": "2024-06-06-01-00-00", "latency": 23}, {"date": "2024-06-06-01-00-00", "latency": 23}, {"date": "2024-06-06-01-00-00", "latency": 23}, {"date": "2024-06-06-01-00-00", "latency": 23}, {"date": "2024-06-05-17-00-00", "latency": 21}, {"date": "2024-06-05-17-00-00", "latency": 21}, {"date": "2024-06-05-17-00-00", "latency": 21}, {"date": "2024-06-05-17-00-00", "latency": 21}, {"date": "2024-06-05-17-00-00", "latency": 21}, {"date": "2024-06-05-17-00-00", "latency": 21}, {"date": "2024-06-05-17-00-00", "latency": 21}, {"date": "2024-06-05-17-00-00", "latency": 21}, {"date": "2024-06-05-17-00-00", "latency": 21}, {"date": "2024-06-05-20-00-00", "latency": 27}, {"date": "2024-06-05-20-00-00", "latency": 27}, {"date": "2024-06-05-20-00-00", "latency": 27}, {"date": "2024-06-05-20-00-00", "latency": 27}, {"date": "2024-06-05-20-00-00", "latency": 27}, {"date": "2024-06-05-20-00-00", "latency": 27}]}, {"location": {"country_code": "jp"}, "game_id": "295590", "values": [{"date": "2024-06-05-20-00-00", "latency": 2}, {"date": "2024-06-06-00-00-00", "latency": 7}, {"date": "2024-06-06-00-00-00", "latency": 1}, {"date": "2024-06-05-12-00-00", "latency": 99}, {"date": "2024-06-05-22-00-00", "latency": 2}, {"date": "2024-06-05-18-00-00", "latency": 2}, {"date": "2024-06-05-18-00-00", "latency": 2}, {"date": "2024-06-05-18-00-00", "latency": 2}]}, {"location": {"country_code": "jp", "region": "Tokyo"}, "game_id": "295590", "values": [{"date": "2024-06-05-17-00-00", "latency": 6}, {"date": "2024-06-05-17-00-00", "latency": 6}, {"date": "2024-06-05-17-00-00", "latency": 6}, {"date": "2024-06-05-17-00-00", "latency": 6}, {"date": "2024-06-05-17-00-00", "latency": 6}, {"date": "2024-06-05-17-00-00", "latency": 6}, {"date": "2024-06-05-17-00-00", "latency": 6}, {"date": "2024-06-05-17-00-00", "latency": 6}, {"date": "2024-06-05-17-00-00", "latency": 6}, {"date": "2024-06-05-17-00-00", "latency": 6}, {"date": "2024-06-05-17-00-00", "latency": 6}, {"date": "2024-06-05-17-00-00", "latency": 6}, {"date": "2024-06-05-17-00-00", "latency": 6}, {"date": "2024-06-05-17-00-00", "latency": 6}, {"date": "2024-06-05-17-00-00", "latency": 6}, {"date": "2024-06-05-17-00-00", "latency": 6}, {"date": "2024-06-05-17-00-00", "latency": 6}, {"date": "2024-06-05-17-00-00", "latency": 6}, {"date": "2024-06-05-16-00-00", "latency": 2}, {"date": "2024-06-05-16-00-00", "latency": 2}, {"date": "2024-06-05-11-00-00", "latency": 21}, {"date": "2024-06-05-11-00-00", "latency": 21}, {"date": "2024-06-05-11-00-00", "latency": 21}, {"date": "2024-06-05-11-00-00", "latency": 21}, {"date": "2024-06-05-11-00-00", "latency": 21}]}, {"location": {"country_code": "ca"}, "game_id": "295590", "values": [{"date": "2024-06-05-08-00-00", "latency": 1}, {"date": "2024-06-05-04-00-00", "latency": 4}, {"date": "2024-06-05-02-00-00", "latency": 11}, {"date": "2024-06-05-07-00-00", "latency": 6}, {"date": "2024-06-05-06-00-00", "latency": 8}, {"date": "2024-06-05-06-00-00", "latency": 8}, {"date": "2024-06-05-06-00-00", "latency": 32}, {"date": "2024-06-05-06-00-00", "latency": 32}, {"date": "2024-06-05-10-00-00", "latency": 6}, {"date": "2024-06-05-08-00-00", "latency": 9}, {"date": "2024-06-05-08-00-00", "latency": 9}]}, {"location": {"country_code": "de"}, "game_id": "295590", "values": [{"date": "2024-06-05-09-00-00", "latency": 1}, {"date": "2024-06-05-23-00-00", "latency": 101}, {"date": "2024-06-05-23-00-00", "latency": 101}, {"date": "2024-06-05-23-00-00", "latency": 101}, {"date": "2024-06-05-22-00-00", "latency": 4}, {"date": "2024-06-05-04-00-00", "latency": 8}, {"date": "2024-06-05-04-00-00", "latency": 8}, {"date": "2024-06-05-04-00-00", "latency": 8}, {"date": "2024-06-05-04-00-00", "latency": 8}, {"date": "2024-06-05-04-00-00", "latency": 8}, {"date": "2024-06-05-19-00-00", "latency": 20}]}, {"location": {"country_code": "br", "region": "Parana", "city": "Araucaria"}, "game_id": "295590", "values": [{"date": "2024-06-05-09-00-00", "latency": 2}]}, {"location": {"country_code": "us", "region": "Indiana"}, "game_id": "295590", "values": [{"date": "2024-06-06-02-00-00", "latency": 126}, {"date": "2024-06-06-02-00-00", "latency": 126}, {"date": "2024-06-06-02-00-00", "latency": 126}, {"date": "2024-06-06-02-00-00", "latency": 126}]}, {"location": {"country_code": "cl"}, "game_id": "295590", "values": [{"date": "2024-06-05-05-00-00", "latency": 0}, {"date": "2024-06-05-04-00-00", "latency": 24}, {"date": "2024-06-05-04-00-00", "latency": 24}, {"date": "2024-06-05-04-00-00", "latency": 24}]}, {"location": {"country_code": "cl", "region": "Santiago Metropolitan", "city": "Santiago"}, "game_id": "295590", "values": [{"date": "2024-06-05-08-00-00", "latency": 0}]}, {"location": {"country_code": "us", "region": "Texas"}, "game_id": "295590", "values": [{"date": "2024-06-05-03-00-00", "latency": 6}, {"date": "2024-06-05-03-00-00", "latency": 5}, {"date": "2024-06-05-06-00-00", "latency": 53}, {"date": "2024-06-05-08-00-00", "latency": 4}]}, {"location": {"country_code": "au", "region": "New South Wales", "city": "Sydney"}, "game_id": "295590", "values": [{"date": "2024-06-05-12-00-00", "latency": 39}, {"date": "2024-06-05-12-00-00", "latency": 39}, {"date": "2024-06-05-12-00-00", "latency": 39}, {"date": "2024-06-05-12-00-00", "latency": 39}, {"date": "2024-06-05-12-00-00", "latency": 39}, {"date": "2024-06-05-12-00-00", "latency": 39}, {"date": "2024-06-05-12-00-00", "latency": 39}, {"date": "2024-06-06-01-00-00", "latency": 7}]}, {"location": {"country_code": "us", "region": "Florida"}, "game_id": "295590", "values": [{"date": "2024-06-05-03-00-00", "latency": 4}]}, {"location": {"country_code": "ph"}, "game_id": "295590", "values": [{"date": "2024-06-05-17-00-00", "latency": 5}, {"date": "2024-06-05-10-00-00", "latency": 2}]}, {"location": {"country_code": "fr"}, "game_id": "295590", "values": [{"date": "2024-06-05-18-00-00", "latency": 1}, {"date": "2024-06-05-15-00-00", "latency": 8}, {"date": "2024-06-05-13-00-00", "latency": 2}]}, {"location": {"country_code": "mx"}, "game_id": "295590", "values": [{"date": "2024-06-05-08-00-00", "latency": 2}, {"date": "2024-06-05-09-00-00", "latency": 31}, {"date": "2024-06-05-09-00-00", "latency": 31}, {"date": "2024-06-05-09-00-00", "latency": 31}, {"date": "2024-06-05-11-00-00", "latency": 48}, {"date": "2024-06-05-11-00-00", "latency": 48}, {"date": "2024-06-05-11-00-00", "latency": 48}, {"date": "2024-06-05-11-00-00", "latency": 48}, {"date": "2024-06-05-07-00-00", "latency": 56}, {"date": "2024-06-05-04-00-00", "latency": 0}, {"date": "2024-06-05-20-00-00", "latency": 0}, {"date": "2024-06-05-04-00-00", "latency": 3}, {"date": "2024-06-05-04-00-00", "latency": 3}, {"date": "2024-06-05-04-00-00", "latency": 3}, {"date": "2024-06-05-07-00-00", "latency": 2}, {"date": "2024-06-05-07-00-00", "latency": 2}, {"date": "2024-06-05-05-00-00", "latency": 0}, {"date": "2024-06-05-05-00-00", "latency": 0}, {"date": "2024-06-05-04-00-00", "latency": 8}, {"date": "2024-06-05-04-00-00", "latency": 8}, {"date": "2024-06-05-04-00-00", "latency": 8}, {"date": "2024-06-05-06-00-00", "latency": 15}, {"date": "2024-06-05-06-00-00", "latency": 15}, {"date": "2024-06-05-06-00-00", "latency": 15}, {"date": "2024-06-05-06-00-00", "latency": 8}, {"date": "2024-06-06-02-00-00", "latency": 5}, {"date": "2024-06-05-11-00-00", "latency": 6}, {"date": "2024-06-05-05-00-00", "latency": 5}, {"date": "2024-06-05-08-00-00", "latency": 0}, {"date": "2024-06-05-08-00-00", "latency": 0}, {"date": "2024-06-05-03-00-00", "latency": 96}, {"date": "2024-06-05-06-00-00", "latency": 0}, {"date": "2024-06-05-06-00-00", "latency": 0}, {"date": "2024-06-05-06-00-00", "latency": 0}, {"date": "2024-06-05-04-00-00", "latency": 8}, {"date": "2024-06-05-07-00-00", "latency": 7}, {"date": "2024-06-05-07-00-00", "latency": 7}, {"date": "2024-06-05-04-00-00", "latency": 2}, {"date": "2024-06-05-09-00-00", "latency": 1921}, {"date": "2024-06-06-00-00-00", "latency": 2}, {"date": "2024-06-06-00-00-00", "latency": 2}, {"date": "2024-06-06-00-00-00", "latency": 2}, {"date": "2024-06-06-00-00-00", "latency": 2}, {"date": "2024-06-05-08-00-00", "latency": 0}, {"date": "2024-06-05-05-00-00", "latency": 1}, {"date": "2024-06-05-05-00-00", "latency": 1}, {"date": "2024-06-05-05-00-00", "latency": 1}, {"date": "2024-06-05-05-00-00", "latency": 1}, {"date": "2024-06-05-05-00-00", "latency": 1}, {"date": "2024-06-05-05-00-00", "latency": 1}]}, {"location": {"country_code": "mx", "region": "Mexico City"}, "game_id": "295590", "values": [{"date": "2024-06-05-08-00-00", "latency": 5}, {"date": "2024-06-05-07-00-00", "latency": 16}, {"date": "2024-06-05-09-00-00", "latency": 2}, {"date": "2024-06-05-07-00-00", "latency": 4}, {"date": "2024-06-05-07-00-00", "latency": 4}, {"date": "2024-06-05-07-00-00", "latency": 4}]}, {"location": {"country_code": "mx", "region": "Baja California"}, "game_id": "295590", "values": [{"date": "2024-06-05-07-00-00", "latency": 76}, {"date": "2024-06-05-07-00-00", "latency": 76}, {"date": "2024-06-05-07-00-00", "latency": 76}, {"date": "2024-06-05-07-00-00", "latency": 76}, {"date": "2024-06-05-07-00-00", "latency": 76}]}, {"location": {"country_code": "us", "region": "Ohio"}, "game_id": "295590", "values": [{"date": "2024-06-05-05-00-00", "latency": 13}, {"date": "2024-06-05-05-00-00", "latency": 13}]}, {"location": {"country_code": "us", "region": "California"}, "game_id": "295590", "values": [{"date": "2024-06-05-09-00-00", "latency": 0}, {"date": "2024-06-05-09-00-00", "latency": 1}, {"date": "2024-06-05-07-00-00", "latency": 1}, {"date": "2024-06-05-11-00-00", "latency": 9}, {"date": "2024-06-05-12-00-00", "latency": 5}]}, {"location": {"country_code": "rs"}, "game_id": "295590", "values": [{"date": "2024-06-05-21-00-00", "latency": 7}, {"date": "2024-06-05-21-00-00", "latency": 7}]}, {"location": {"country_code": "br"}, "game_id": "295590", "values": [{"date": "2024-06-05-07-00-00", "latency": 8}, {"date": "2024-06-05-19-00-00", "latency": 3}, {"date": "2024-06-05-05-00-00", "latency": 0}, {"date": "2024-06-05-02-00-00", "latency": 2}, {"date": "2024-06-05-18-00-00", "latency": 0}, {"date": "2024-06-05-04-00-00", "latency": 19}, {"date": "2024-06-06-02-00-00", "latency": 1}, {"date": "2024-06-06-02-00-00", "latency": 1}, {"date": "2024-06-05-05-00-00", "latency": 2}, {"date": "2024-06-05-06-00-00", "latency": 49}, {"date": "2024-06-05-06-00-00", "latency": 49}, {"date": "2024-06-05-06-00-00", "latency": 49}, {"date": "2024-06-05-06-00-00", "latency": 49}, {"date": "2024-06-05-06-00-00", "latency": 49}, {"date": "2024-06-05-06-00-00", "latency": 49}, {"date": "2024-06-05-21-00-00", "latency": 6}, {"date": "2024-06-06-01-00-00", "latency": 38}, {"date": "2024-06-05-04-00-00", "latency": 2}, {"date": "2024-06-05-04-00-00", "latency": 2}]}, {"location": {"country_code": "br", "region": "Sao Paulo", "city": "Apiai"}, "game_id": "295590", "values": [{"date": "2024-06-06-01-00-00", "latency": 4}, {"date": "2024-06-06-01-00-00", "latency": 4}]}, {"location": {"country_code": "no"}, "game_id": "295590", "values": [{"date": "2024-06-05-03-00-00", "latency": 3}, {"date": "2024-06-05-23-00-00", "latency": 4}]}, {"location": {"country_code": "us", "region": "California", "city": "East Los Angeles"}, "game_id": "295590", "values": [{"date": "2024-06-05-04-00-00", "latency": 8}, {"date": "2024-06-05-21-00-00", "latency": 7}]}, {"location": {"country_code": "us", "region": "Maryland", "city": "Dundalk"}, "game_id": "295590", "values": [{"date": "2024-06-05-07-00-00", "latency": 1}]}, {"location": {"country_code": "ec"}, "game_id": "295590", "values": [{"date": "2024-06-05-23-00-00", "latency": 3}, {"date": "2024-06-05-23-00-00", "latency": 3}, {"date": "2024-06-05-23-00-00", "latency": 3}, {"date": "2024-06-05-23-00-00", "latency": 3}]}, {"location": {"country_code": "au", "region": "Victoria", "city": "Melbourne"}, "game_id": "295590", "values": [{"date": "2024-06-05-10-00-00", "latency": 2}]}, {"location": {"country_code": "td"}, "game_id": "295590", "values": [{"date": "2024-06-05-21-00-00", "latency": 1}, {"date": "2024-06-05-21-00-00", "latency": 1}]}, {"location": {"country_code": "es"}, "game_id": "295590", "values": [{"date": "2024-06-05-18-00-00", "latency": 2}, {"date": "2024-06-06-01-00-00", "latency": 4}, {"date": "2024-06-05-03-00-00", "latency": 3}, {"date": "2024-06-05-03-00-00", "latency": 3}, {"date": "2024-06-05-03-00-00", "latency": 3}, {"date": "2024-06-05-03-00-00", "latency": 3}, {"date": "2024-06-05-06-00-00", "latency": 6}, {"date": "2024-06-05-06-00-00", "latency": 6}, {"date": "2024-06-06-00-00-00", "latency": 4}]}, {"location": {"country_code": "tr"}, "game_id": "295590", "values": [{"date": "2024-06-05-12-00-00", "latency": 40}, {"date": "2024-06-05-12-00-00", "latency": 40}, {"date": "2024-06-05-12-00-00", "latency": 40}, {"date": "2024-06-05-12-00-00", "latency": 40}, {"date": "2024-06-06-01-00-00", "latency": 8}, {"date": "2024-06-06-01-00-00", "latency": 8}]}, {"location": {"country_code": "ca", "region": "Ontario"}, "game_id": "295590", "values": [{"date": "2024-06-05-05-00-00", "latency": 5}, {"date": "2024-06-06-02-00-00", "latency": 9}]}, {"location": {"country_code": "sa"}, "game_id": "295590", "values": [{"date": "2024-06-05-03-00-00", "latency": 2}, {"date": "2024-06-05-03-00-00", "latency": 2}, {"date": "2024-06-05-20-00-00", "latency": 1}]}, {"location": {"country_code": "ar"}, "game_id": "295590", "values": [{"date": "2024-06-05-23-00-00", "latency": 3}, {"date": "2024-06-05-04-00-00", "latency": 5}, {"date": "2024-06-05-03-00-00", "latency": 4}, {"date": "2024-06-05-03-00-00", "latency": 4}, {"date": "2024-06-05-22-00-00", "latency": 2}, {"date": "2024-06-05-17-00-00", "latency": 4}, {"date": "2024-06-05-23-00-00", "latency": 49}, {"date": "2024-06-05-23-00-00", "latency": 49}, {"date": "2024-06-05-23-00-00", "latency": 49}, {"date": "2024-06-05-03-00-00", "latency": 9}, {"date": "2024-06-06-01-00-00", "latency": 2}, {"date": "2024-06-05-10-00-00", "latency": 15}, {"date": "2024-06-05-21-00-00", "latency": 8}]}, {"location": {"country_code": "ar", "region": "Buenos Aires"}, "game_id": "295590", "values": [{"date": "2024-06-05-18-00-00", "latency": 0}]}, {"location": {"country_code": "us", "region": "Michigan", "city": "Detroit"}, "game_id": "295590", "values": [{"date": "2024-06-05-19-00-00", "latency": 3}]}, {"location": {"country_code": "fi"}, "game_id": "295590", "values": [{"date": "2024-06-06-00-00-00", "latency": 9}, {"date": "2024-06-05-13-00-00", "latency": 8}, {"date": "2024-06-05-13-00-00", "latency": 8}, {"date": "2024-06-05-13-00-00", "latency": 8}, {"date": "2024-06-05-13-00-00", "latency": 8}, {"date": "2024-06-05-12-00-00", "latency": 3}]}, {"location": {"country_code": "ar", "region": "Buenos Aires F.D.", "city": "Bahia Blanca"}, "game_id": "295590", "values": [{"date": "2024-06-05-03-00-00", "latency": 3}]}, {"location": {"country_code": "br", "region": "Maranhao", "city": "Paco do Lumiar"}, "game_id": "295590", "values": [{"date": "2024-06-05-19-00-00", "latency": 3}]}, {"location": {"country_code": "us", "region": "Texas", "city": "Houston"}, "game_id": "295590", "values": [{"date": "2024-06-05-04-00-00", "latency": 8}]}, {"location": {"country_code": "us", "region": "Michigan"}, "game_id": "295590", "values": [{"date": "2024-06-05-09-00-00", "latency": 1}]}, {"location": {"country_code": "it", "region": "Emilia-Romagna"}, "game_id": "295590", "values": [{"date": "2024-06-05-23-00-00", "latency": 2}]}, {"location": {"country_code": "at"}, "game_id": "295590", "values": [{"date": "2024-06-05-20-00-00", "latency": 0}]}, {"location": {"country_code": "hu", "region": "Borsod-Abauj Zemplen county", "city": "Miskolc"}, "game_id": "295590", "values": [{"date": "2024-06-05-11-00-00", "latency": 2}, {"date": "2024-06-05-11-00-00", "latency": 2}, {"date": "2024-06-05-11-00-00", "latency": 2}, {"date": "2024-06-05-11-00-00", "latency": 2}]}, {"location": {"country_code": "co"}, "game_id": "295590", "values": [{"date": "2024-06-05-16-00-00", "latency": 68}, {"date": "2024-06-05-16-00-00", "latency": 68}, {"date": "2024-06-05-03-00-00", "latency": 6}, {"date": "2024-06-05-03-00-00", "latency": 6}, {"date": "2024-06-05-17-00-00", "latency": 49}, {"date": "2024-06-05-17-00-00", "latency": 49}, {"date": "2024-06-05-17-00-00", "latency": 49}, {"date": "2024-06-05-17-00-00", "latency": 49}, {"date": "2024-06-05-23-00-00", "latency": 49}, {"date": "2024-06-05-23-00-00", "latency": 49}, {"date": "2024-06-05-23-00-00", "latency": 49}, {"date": "2024-06-05-23-00-00", "latency": 49}, {"date": "2024-06-05-23-00-00", "latency": 49}, {"date": "2024-06-05-07-00-00", "latency": 6}, {"date": "2024-06-05-07-00-00", "latency": 6}, {"date": "2024-06-05-07-00-00", "latency": 6}, {"date": "2024-06-05-07-00-00", "latency": 6}, {"date": "2024-06-05-07-00-00", "latency": 6}, {"date": "2024-06-05-07-00-00", "latency": 6}]}, {"location": {"country_code": "br", "region": "Estado de Bahia", "city": "Salvador"}, "game_id": "295590", "values": [{"date": "2024-06-06-00-00-00", "latency": 3}, {"date": "2024-06-05-04-00-00", "latency": 3}]}, {"location": {"country_code": "ve"}, "game_id": "295590", "values": [{"date": "2024-06-05-05-00-00", "latency": 4}]}, {"location": {"country_code": "us", "region": "California", "city": "Chula Vista"}, "game_id": "295590", "values": [{"date": "2024-06-05-03-00-00", "latency": 18}, {"date": "2024-06-05-03-00-00", "latency": 18}, {"date": "2024-06-05-03-00-00", "latency": 18}, {"date": "2024-06-05-03-00-00", "latency": 18}, {"date": "2024-06-05-03-00-00", "latency": 18}, {"date": "2024-06-05-03-00-00", "latency": 18}, {"date": "2024-06-05-03-00-00", "latency": 18}, {"date": "2024-06-05-03-00-00", "latency": 18}, {"date": "2024-06-05-03-00-00", "latency": 18}, {"date": "2024-06-05-03-00-00", "latency": 18}]}, {"location": {"country_code": "cn"}, "game_id": "295590", "values": [{"date": "2024-06-05-18-00-00", "latency": 6}, {"date": "2024-06-05-18-00-00", "latency": 6}, {"date": "2024-06-05-18-00-00", "latency": 6}, {"date": "2024-06-05-18-00-00", "latency": 6}, {"date": "2024-06-05-18-00-00", "latency": 6}, {"date": "2024-06-05-18-00-00", "latency": 6}, {"date": "2024-06-05-18-00-00", "latency": 6}, {"date": "2024-06-05-18-00-00", "latency": 6}, {"date": "2024-06-05-18-00-00", "latency": 6}, {"date": "2024-06-05-18-00-00", "latency": 6}, {"date": "2024-06-05-18-00-00", "latency": 6}]}, {"location": {"country_code": "es", "region": "Catalonia", "city": "l'Hospitalet de Llobregat"}, "game_id": "295590", "values": [{"date": "2024-06-05-20-00-00", "latency": 9}]}, {"location": {"country_code": "pl"}, "game_id": "295590", "values": [{"date": "2024-06-05-15-00-00", "latency": 6}, {"date": "2024-06-06-00-00-00", "latency": 1}, {"date": "2024-06-05-16-00-00", "latency": 20}, {"date": "2024-06-05-16-00-00", "latency": 20}]}, {"location": {"country_code": "be"}, "game_id": "295590", "values": [{"date": "2024-06-05-21-00-00", "latency": 0}, {"date": "2024-06-05-21-00-00", "latency": 2}]}, {"location": {"country_code": "cr"}, "game_id": "295590", "values": [{"date": "2024-06-05-03-00-00", "latency": 1}, {"date": "2024-06-05-06-00-00", "latency": 0}]}, {"location": {"country_code": "ie"}, "game_id": "295590", "values": [{"date": "2024-06-05-04-00-00", "latency": 1}]}, {"location": {"country_code": "pe"}, "game_id": "295590", "values": [{"date": "2024-06-05-06-00-00", "latency": 9}, {"date": "2024-06-05-22-00-00", "latency": 80}, {"date": "2024-06-05-22-00-00", "latency": 80}, {"date": "2024-06-05-07-00-00", "latency": 2}, {"date": "2024-06-05-07-00-00", "latency": 2}, {"date": "2024-06-05-07-00-00", "latency": 2}, {"date": "2024-06-05-07-00-00", "latency": 2}, {"date": "2024-06-05-07-00-00", "latency": 2}]}, {"location": {"country_code": "ua"}, "game_id": "295590", "values": [{"date": "2024-06-05-16-00-00", "latency": 0}, {"date": "2024-06-05-16-00-00", "latency": 0}]}, {"location": {"country_code": "br", "region": "Minas Gerais"}, "game_id": "295590", "values": [{"date": "2024-06-05-02-00-00", "latency": 1}]}, {"location": {"country_code": "tr", "region": "Marmara Bolgesi", "city": "Istanbul"}, "game_id": "295590", "values": [{"date": "2024-06-05-05-00-00", "latency": 3}, {"date": "2024-06-05-05-00-00", "latency": 3}, {"date": "2024-06-05-05-00-00", "latency": 3}, {"date": "2024-06-05-05-00-00", "latency": 3}, {"date": "2024-06-05-05-00-00", "latency": 3}, {"date": "2024-06-05-05-00-00", "latency": 3}, {"date": "2024-06-05-05-00-00", "latency": 3}, {"date": "2024-06-05-05-00-00", "latency": 3}]}, {"location": {"country_code": "us", "region": "District of Columbia", "city": "Washington"}, "game_id": "295590", "values": [{"date": "2024-06-05-05-00-00", "latency": 4}]}, {"location": {"country_code": "ca", "region": "Ontario", "city": "Toronto"}, "game_id": "295590", "values": [{"date": "2024-06-05-11-00-00", "latency": 4}, {"date": "2024-06-05-11-00-00", "latency": 4}, {"date": "2024-06-05-11-00-00", "latency": 4}, {"date": "2024-06-06-01-00-00", "latency": 2}]}, {"location": {"country_code": "do"}, "game_id": "295590", "values": [{"date": "2024-06-05-05-00-00", "latency": 29}]}, {"location": {"country_code": "ru"}, "game_id": "295590", "values": [{"date": "2024-06-05-19-00-00", "latency": 7}, {"date": "2024-06-05-14-00-00", "latency": 6}]}, {"location": {"country_code": "py"}, "game_id": "295590", "values": [{"date": "2024-06-05-02-00-00", "latency": 0}, {"date": "2024-06-05-02-00-00", "latency": 0}, {"date": "2024-06-05-21-00-00", "latency": 3000}]}, {"location": {"country_code": "us", "region": "Illinois"}, "game_id": "295590", "values": [{"date": "2024-06-05-06-00-00", "latency": 1}]}, {"location": {"country_code": "mx", "region": "Nuevo Leon", "city": "Monterrey"}, "game_id": "295590", "values": [{"date": "2024-06-05-05-00-00", "latency": 20}, {"date": "2024-06-05-05-00-00", "latency": 20}, {"date": "2024-06-05-05-00-00", "latency": 20}, {"date": "2024-06-05-05-00-00", "latency": 20}, {"date": "2024-06-05-05-00-00", "latency": 20}, {"date": "2024-06-05-05-00-00", "latency": 20}]}, {"location": {"country_code": "au", "region": "Western Australia", "city": "Perth"}, "game_id": "295590", "values": [{"date": "2024-06-05-12-00-00", "latency": 30}, {"date": "2024-06-05-12-00-00", "latency": 30}, {"date": "2024-06-05-12-00-00", "latency": 30}, {"date": "2024-06-05-12-00-00", "latency": 30}]}, {"location": {"country_code": "br", "region": "Rio Grande do Sul", "city": "Gravatai"}, "game_id": "295590", "values": [{"date": "2024-06-05-20-00-00", "latency": 2}]}, {"location": {"country_code": "br", "region": "State of Rio de Janeiro", "city": "Angra dos Reis"}, "game_id": "295590", "values": [{"date": "2024-06-05-19-00-00", "latency": 2}, {"date": "2024-06-05-19-00-00", "latency": 2}, {"date": "2024-06-05-19-00-00", "latency": 2}, {"date": "2024-06-05-19-00-00", "latency": 4}]}, {"location": {"country_code": "us", "region": "New Hampshire"}, "game_id": "295590", "values": [{"date": "2024-06-05-04-00-00", "latency": 4}]}, {"location": {"country_code": "uy"}, "game_id": "295590", "values": [{"date": "2024-06-05-04-00-00", "latency": 0}, {"date": "2024-06-05-04-00-00", "latency": 6}, {"date": "2024-06-05-04-00-00", "latency": 6}, {"date": "2024-06-05-02-00-00", "latency": 3}, {"date": "2024-06-05-02-00-00", "latency": 3}]}, {"location": {"country_code": "mx", "region": "Baja California", "city": "Tijuana"}, "game_id": "295590", "values": [{"date": "2024-06-05-23-00-00", "latency": 56}, {"date": "2024-06-05-23-00-00", "latency": 56}]}, {"location": {"country_code": "ca", "region": "Quebec", "city": "Montreal"}, "game_id": "295590", "values": [{"date": "2024-06-05-20-00-00", "latency": 30}, {"date": "2024-06-05-20-00-00", "latency": 30}, {"date": "2024-06-05-20-00-00", "latency": 30}]}, {"location": {"country_code": "es", "region": "Andalusia", "city": "Granada"}, "game_id": "295590", "values": [{"date": "2024-06-05-23-00-00", "latency": 4}, {"date": "2024-06-05-23-00-00", "latency": 4}]}, {"location": {"country_code": "us", "region": "Texas", "city": "El Paso"}, "game_id": "295590", "values": [{"date": "2024-06-05-06-00-00", "latency": 1}, {"date": "2024-06-05-06-00-00", "latency": 1}]}, {"location": {"country_code": "us", "region": "Massachusetts", "city": "Boston"}, "game_id": "295590", "values": [{"date": "2024-06-05-09-00-00", "latency": 58}, {"date": "2024-06-05-09-00-00", "latency": 58}, {"date": "2024-06-05-09-00-00", "latency": 58}]}, {"location": {"country_code": "au", "region": "Queensland", "city": "Gold Coast"}, "game_id": "295590", "values": [{"date": "2024-06-05-14-00-00", "latency": 0}, {"date": "2024-06-05-14-00-00", "latency": 0}, {"date": "2024-06-05-14-00-00", "latency": 0}, {"date": "2024-06-05-14-00-00", "latency": 0}]}, {"location": {"country_code": "kw"}, "game_id": "295590", "values": [{"date": "2024-06-05-11-00-00", "latency": 137}, {"date": "2024-06-05-23-00-00", "latency": 106}, {"date": "2024-06-05-23-00-00", "latency": 106}]}, {"location": {"country_code": "ar", "region": "Buenos Aires", "city": "Mar del Plata"}, "game_id": "295590", "values": [{"date": "2024-06-06-01-00-00", "latency": 2}]}, {"location": {"country_code": "br", "region": "Rondonia", "city": "Porto Velho"}, "game_id": "295590", "values": [{"date": "2024-06-05-10-00-00", "latency": 33}]}, {"location": {"country_code": "mx", "region": "Jalisco", "city": "Guadalajara"}, "game_id": "295590", "values": [{"date": "2024-06-05-02-00-00", "latency": 0}]}, {"location": {"country_code": "ar", "region": "Santa Fe Province", "city": "Rosario"}, "game_id": "295590", "values": [{"date": "2024-06-05-22-00-00", "latency": 3}]}, {"location": {"country_code": "ec", "region": "Guayas", "city": "Guayaquil"}, "game_id": "295590", "values": [{"date": "2024-06-05-07-00-00", "latency": 3}]}, {"location": {"country_code": "br", "region": "Ceara", "city": "Itapipoca"}, "game_id": "295590", "values": [{"date": "2024-06-05-17-00-00", "latency": 2}, {"date": "2024-06-05-17-00-00", "latency": 2}]}, {"location": {"country_code": "fr", "region": "Alvernia-Rodano-Alpi", "city": "Lyon"}, "game_id": "295590", "values": [{"date": "2024-06-05-16-00-00", "latency": 1}]}, {"location": {"country_code": "fr", "region": "Alvernia-Rodano-Alpi", "city": "Grenoble"}, "game_id": "295590", "values": [{"date": "2024-06-06-00-00-00", "latency": 1}, {"date": "2024-06-06-00-00-00", "latency": 1}, {"date": "2024-06-06-00-00-00", "latency": 1}]}, {"location": {"country_code": "lv"}, "game_id": "295590", "values": [{"date": "2024-06-05-18-00-00", "latency": 30}, {"date": "2024-06-05-18-00-00", "latency": 30}, {"date": "2024-06-05-18-00-00", "latency": 30}]}, {"location": {"country_code": "ru", "region": "Rostov Oblast", "city": "Rostov-on-Don"}, "game_id": "295590", "values": [{"date": "2024-06-06-01-00-00", "latency": 2}, {"date": "2024-06-06-01-00-00", "latency": 2}]}, {"location": {"country_code": "mx", "region": "Yucatan", "city": "Merida"}, "game_id": "295590", "values": [{"date": "2024-06-05-07-00-00", "latency": 9}, {"date": "2024-06-05-07-00-00", "latency": 9}, {"date": "2024-06-05-07-00-00", "latency": 9}, {"date": "2024-06-05-07-00-00", "latency": 9}]}, {"location": {"country_code": "us", "region": "New York", "city": "Long Island"}, "game_id": "295590", "values": [{"date": "2024-06-06-01-00-00", "latency": 25}]}, {"location": {"country_code": "pl", "region": "Silesian Voivodeship"}, "game_id": "295590", "values": [{"date": "2024-06-05-17-00-00", "latency": 4}]}, {"location": {"country_code": "es", "region": "Balearic Islands", "city": "Palma"}, "game_id": "295590", "values": [{"date": "2024-06-05-19-00-00", "latency": 7}]}, {"location": {"country_code": "br", "region": "Rio Grande do Norte", "city": "Natal"}, "game_id": "295590", "values": [{"date": "2024-06-05-03-00-00", "latency": 6}, {"date": "2024-06-05-03-00-00", "latency": 6}, {"date": "2024-06-05-03-00-00", "latency": 6}, {"date": "2024-06-05-03-00-00", "latency": 6}, {"date": "2024-06-05-03-00-00", "latency": 6}, {"date": "2024-06-05-03-00-00", "latency": 4}]}, {"location": {"country_code": "ar", "region": "Cordoba Province", "city": "Rio Cuarto"}, "game_id": "295590", "values": [{"date": "2024-06-05-22-00-00", "latency": 27}]}, {"location": {"country_code": "dj"}, "game_id": "295590", "values": [{"date": "2024-06-05-17-00-00", "latency": 4}, {"date": "2024-06-05-17-00-00", "latency": 4}, {"date": "2024-06-05-17-00-00", "latency": 4}, {"date": "2024-06-05-17-00-00", "latency": 4}, {"date": "2024-06-05-17-00-00", "latency": 4}, {"date": "2024-06-05-17-00-00", "latency": 4}, {"date": "2024-06-05-17-00-00", "latency": 4}, {"date": "2024-06-05-17-00-00", "latency": 4}, {"date": "2024-06-05-17-00-00", "latency": 4}, {"date": "2024-06-05-17-00-00", "latency": 4}, {"date": "2024-06-05-17-00-00", "latency": 4}, {"date": "2024-06-05-17-00-00", "latency": 4}, {"date": "2024-06-05-17-00-00", "latency": 4}, {"date": "2024-06-05-17-00-00", "latency": 4}, {"date": "2024-06-05-17-00-00", "latency": 4}, {"date": "2024-06-05-17-00-00", "latency": 4}, {"date": "2024-06-05-17-00-00", "latency": 4}, {"date": "2024-06-05-17-00-00", "latency": 4}, {"date": "2024-06-05-17-00-00", "latency": 4}, {"date": "2024-06-05-17-00-00", "latency": 4}, {"date": "2024-06-05-17-00-00", "latency": 4}, {"date": "2024-06-05-17-00-00", "latency": 4}, {"date": "2024-06-05-17-00-00", "latency": 4}, {"date": "2024-06-05-17-00-00", "latency": 4}, {"date": "2024-06-05-17-00-00", "latency": 4}, {"date": "2024-06-05-17-00-00", "latency": 4}]}, {"location": {"country_code": "br", "region": "Santa Catarina"}, "game_id": "295590", "values": [{"date": "2024-06-05-03-00-00", "latency": 0}, {"date": "2024-06-05-03-00-00", "latency": 0}, {"date": "2024-06-05-03-00-00", "latency": 0}, {"date": "2024-06-05-03-00-00", "latency": 0}, {"date": "2024-06-05-03-00-00", "latency": 0}]}, {"location": {"country_code": "de", "region": "Bavaria", "city": "Munich"}, "game_id": "295590", "values": [{"date": "2024-06-05-18-00-00", "latency": 20}, {"date": "2024-06-05-18-00-00", "latency": 20}]}, {"location": {"country_code": "gb", "region": "England", "city": "Brighton"}, "game_id": "295590", "values": [{"date": "2024-06-06-01-00-00", "latency": 25}, {"date": "2024-06-06-01-00-00", "latency": 25}]}, {"location": {"country_code": "us", "region": "Ohio", "city": "Columbus"}, "game_id": "295590", "values": [{"date": "2024-06-05-03-00-00", "latency": 3}]}, {"location": {"country_code": "ro", "region": "Bucharest"}, "game_id": "295590", "values": [{"date": "2024-06-05-21-00-00", "latency": 27}, {"date": "2024-06-05-23-00-00", "latency": 31}, {"date": "2024-06-05-23-00-00", "latency": 31}, {"date": "2024-06-05-23-00-00", "latency": 31}, {"date": "2024-06-05-23-00-00", "latency": 31}, {"date": "2024-06-05-23-00-00", "latency": 31}, {"date": "2024-06-05-23-00-00", "latency": 31}, {"date": "2024-06-05-23-00-00", "latency": 31}]}, {"location": {"country_code": "fr", "region": "Alvernia-Rodano-Alpi", "city": "Alex"}, "game_id": "295590", "values": [{"date": "2024-06-05-19-00-00", "latency": 5}]}, {"location": {"country_code": "at", "region": "Salzburg", "city": "Salzburg"}, "game_id": "295590", "values": [{"date": "2024-06-05-20-00-00", "latency": 2}]}, {"location": {"country_code": "dz"}, "game_id": "295590", "values": [{"date": "2024-06-05-19-00-00", "latency": 16}]}, {"location": {"country_code": "us", "region": "California", "city": "Oceanside"}, "game_id": "295590", "values": [{"date": "2024-06-05-09-00-00", "latency": 8}]}, {"location": {"country_code": "ar", "region": "Mendoza Province", "city": "Mendoza"}, "game_id": "295590", "values": [{"date": "2024-06-06-02-00-00", "latency": 5}, {"date": "2024-06-05-04-00-00", "latency": 7}, {"date": "2024-06-05-04-00-00", "latency": 7}]}, {"location": {"country_code": "br", "region": "Para", "city": "Tailandia"}, "game_id": "295590", "values": [{"date": "2024-06-06-01-00-00", "latency": 8}, {"date": "2024-06-06-01-00-00", "latency": 8}]}, {"location": {"country_code": "cl", "region": "Los Lagos Region", "city": "Puerto Montt"}, "game_id": "295590", "values": [{"date": "2024-06-05-05-00-00", "latency": 135}, {"date": "2024-06-05-05-00-00", "latency": 135}, {"date": "2024-06-05-05-00-00", "latency": 135}, {"date": "2024-06-05-05-00-00", "latency": 135}, {"date": "2024-06-05-05-00-00", "latency": 135}, {"date": "2024-06-05-05-00-00", "latency": 135}]}, {"location": {"country_code": "pl", "region": "Masovian Voivodeship", "city": "Warsaw"}, "game_id": "295590", "values": [{"date": "2024-06-05-18-00-00", "latency": 20}, {"date": "2024-06-05-18-00-00", "latency": 20}, {"date": "2024-06-05-18-00-00", "latency": 20}]}, {"location": {"country_code": "us", "region": "Nevada"}, "game_id": "295590", "values": [{"date": "2024-06-05-06-00-00", "latency": 6}, {"date": "2024-06-05-06-00-00", "latency": 6}, {"date": "2024-06-05-06-00-00", "latency": 6}, {"date": "2024-06-05-06-00-00", "latency": 6}, {"date": "2024-06-05-06-00-00", "latency": 6}]}, {"location": {"country_code": "sa", "region": "Mecca Region", "city": "Jeddah"}, "game_id": "295590", "values": [{"date": "2024-06-05-18-00-00", "latency": 7}, {"date": "2024-06-05-18-00-00", "latency": 7}, {"date": "2024-06-05-18-00-00", "latency": 7}, {"date": "2024-06-05-18-00-00", "latency": 7}, {"date": "2024-06-05-18-00-00", "latency": 7}, {"date": "2024-06-05-18-00-00", "latency": 7}, {"date": "2024-06-05-18-00-00", "latency": 7}, {"date": "2024-06-05-18-00-00", "latency": 7}]}, {"location": {"country_code": "ar", "region": "Jujuy Province"}, "game_id": "295590", "values": [{"date": "2024-06-05-06-00-00", "latency": 5}, {"date": "2024-06-05-06-00-00", "latency": 5}]}, {"location": {"country_code": "ma"}, "game_id": "295590", "values": [{"date": "2024-06-05-02-00-00", "latency": 42}]}, {"location": {"country_code": "bh"}, "game_id": "295590", "values": [{"date": "2024-06-06-01-00-00", "latency": 84}, {"date": "2024-06-06-01-00-00", "latency": 84}, {"date": "2024-06-06-01-00-00", "latency": 84}, {"date": "2024-06-06-01-00-00", "latency": 84}, {"date": "2024-06-06-01-00-00", "latency": 84}, {"date": "2024-06-06-01-00-00", "latency": 84}, {"date": "2024-06-06-01-00-00", "latency": 84}, {"date": "2024-06-06-01-00-00", "latency": 84}, {"date": "2024-06-06-01-00-00", "latency": 84}, {"date": "2024-06-06-01-00-00", "latency": 84}, {"date": "2024-06-06-01-00-00", "latency": 84}, {"date": "2024-06-06-01-00-00", "latency": 84}, {"date": "2024-06-06-01-00-00", "latency": 84}, {"date": "2024-06-06-01-00-00", "latency": 84}]}, {"location": {"country_code": "ca", "region": "Manitoba"}, "game_id": "295590", "values": [{"date": "2024-06-05-03-00-00", "latency": 7}]}, {"location": {"country_code": "tt"}, "game_id": "295590", "values": [{"date": "2024-06-05-06-00-00", "latency": 78}, {"date": "2024-06-05-06-00-00", "latency": 78}, {"date": "2024-06-05-04-00-00", "latency": 43}]}, {"location": {"country_code": "us", "region": "California", "city": "Modesto"}, "game_id": "295590", "values": [{"date": "2024-06-05-06-00-00", "latency": 5}, {"date": "2024-06-05-06-00-00", "latency": 5}]}, {"location": {"country_code": "it", "region": "Sicily", "city": "Palermo"}, "game_id": "295590", "values": [{"date": "2024-06-05-04-00-00", "latency": 4}]}, {"location": {"country_code": "es", "region": "Catalonia", "city": "Reus"}, "game_id": "295590", "values": [{"date": "2024-06-05-15-00-00", "latency": 9}]}, {"location": {"country_code": "es", "region": "Catalonia", "city": "Lleida"}, "game_id": "295590", "values": [{"date": "2024-06-05-05-00-00", "latency": 21}, {"date": "2024-06-05-05-00-00", "latency": 21}, {"date": "2024-06-05-05-00-00", "latency": 21}]}, {"location": {"country_code": "al"}, "game_id": "295590", "values": [{"date": "2024-06-05-20-00-00", "latency": 1}]}, {"location": {"country_code": "tr", "region": "Ege Bolgesi", "city": "Usak"}, "game_id": "295590", "values": [{"date": "2024-06-05-03-00-00", "latency": 3}]}, {"location": {"country_code": "de", "region": "Saxony", "city": "Chemnitz"}, "game_id": "295590", "values": [{"date": "2024-06-05-17-00-00", "latency": 0}]}, {"location": {"country_code": "br", "region": "Paraiba"}, "game_id": "295590", "values": [{"date": "2024-06-05-08-00-00", "latency": 1}]}, {"location": {"country_code": "mn"}, "game_id": "295590", "values": [{"date": "2024-06-05-20-00-00", "latency": 122}]}, {"location": {"country_code": "es", "region": "Canary Islands", "city": "Valleseco"}, "game_id": "295590", "values": [{"date": "2024-06-06-00-00-00", "latency": 15}]}, {"location": {"country_code": "tr", "region": "Karadeniz Bolgesi", "city": "Giresun"}, "game_id": "295590", "values": [{"date": "2024-06-05-16-00-00", "latency": 9}]}, {"location": {"country_code": "pt", "region": "Madeira", "city": "Funchal"}, "game_id": "295590", "values": [{"date": "2024-06-05-18-00-00", "latency": 5}]}, {"location": {"country_code": "ar", "region": "San Juan Province"}, "game_id": "295590", "values": [{"date": "2024-06-05-22-00-00", "latency": 3}]}, {"location": {"country_code": "us", "region": "Wisconsin", "city": "Menomonie"}, "game_id": "295590", "values": [{"date": "2024-06-05-22-00-00", "latency": 2}]}, {"location": {"country_code": "es", "region": "Castille and Leon", "city": "Salamanca"}, "game_id": "295590", "values": [{"date": "2024-06-05-19-00-00", "latency": 4}, {"date": "2024-06-05-19-00-00", "latency": 4}]}, {"location": {"country_code": "br", "region": "State of Rio de Janeiro", "city": "Sao Joao de Meriti"}, "game_id": "295590", "values": [{"date": "2024-06-05-04-00-00", "latency": 0}]}, {"location": {"country_code": "us", "region": "California", "city": "Compton"}, "game_id": "295590", "values": [{"date": "2024-06-05-23-00-00", "latency": 2}]}, {"location": {"country_code": "ar", "region": "Buenos Aires", "city": "Bragado"}, "game_id": "295590", "values": [{"date": "2024-06-05-11-00-00", "latency": 3}]}, {"location": {"country_code": "ar", "region": "Tierra del Fuego Province"}, "game_id": "295590", "values": [{"date": "2024-06-05-21-00-00", "latency": 9}]}, {"location": {"country_code": "br", "region": "Ceara", "city": "Sobral"}, "game_id": "295590", "values": [{"date": "2024-06-05-22-00-00", "latency": 4}]}, {"location": {"country_code": "br", "region": "Estado de Bahia", "city": "Juazeiro"}, "game_id": "295590", "values": [{"date": "2024-06-05-09-00-00", "latency": 5}]}, {"location": {"country_code": "br", "region": "Rio Grande do Sul", "city": "Santa Cruz do Sul"}, "game_id": "295590", "values": [{"date": "2024-06-05-23-00-00", "latency": 1}]}, {"location": {"country_code": "es", "region": "Madrid", "city": "Torrejon de Ardoz"}, "game_id": "295590", "values": [{"date": "2024-06-05-12-00-00", "latency": 7}]}, {"location": {"country_code": "us", "region": "Florida", "city": "Boynton Beach"}, "game_id": "295590", "values": [{"date": "2024-06-05-07-00-00", "latency": 6}]}, {"location": {"country_code": "br", "region": "Paraiba", "city": "Bonito de Santa Fe"}, "game_id": "295590", "values": [{"date": "2024-06-05-16-00-00", "latency": 1}, {"date": "2024-06-05-16-00-00", "latency": 1}, {"date": "2024-06-05-16-00-00", "latency": 1}]}, {"location": {"country_code": "co", "region": "Cundinamarca", "city": "Girardot"}, "game_id": "295590", "values": [{"date": "2024-06-06-00-00-00", "latency": 17}, {"date": "2024-06-06-00-00-00", "latency": 17}]}, {"location": {"country_code": "br", "region": "Sao Paulo", "city": "Mongagua"}, "game_id": "295590", "values": [{"date": "2024-06-06-01-00-00", "latency": 0}]}, {"location": {"country_code": "ar", "region": "Buenos Aires", "city": "Olavarria"}, "game_id": "295590", "values": [{"date": "2024-06-05-23-00-00", "latency": 38}, {"date": "2024-06-05-23-00-00", "latency": 38}, {"date": "2024-06-05-23-00-00", "latency": 38}]}, {"location": {"country_code": "fi", "region": "Central Finland Region"}, "game_id": "295590", "values": [{"date": "2024-06-05-17-00-00", "latency": 0}]}, {"location": {"country_code": "ec", "region": "Canar"}, "game_id": "295590", "values": [{"date": "2024-06-05-10-00-00", "latency": 3}]}], "last_updated": 1719919191.864663}