{"data": [{"location": {"country_code": "jp"}, "game_id": "116088", "values": [{"date": "2023-08-15-00-00-00", "latency": 47}, {"date": "2023-08-15-00-00-00", "latency": 47}, {"date": "2023-08-14-13-00-00", "latency": 107}, {"date": "2023-08-14-13-00-00", "latency": 107}, {"date": "2023-08-14-13-00-00", "latency": 107}, {"date": "2023-08-14-13-00-00", "latency": 107}, {"date": "2023-08-14-13-00-00", "latency": 107}, {"date": "2023-08-14-13-00-00", "latency": 107}, {"date": "2023-08-14-13-00-00", "latency": 107}]}, {"location": {"country_code": "de"}, "game_id": "116088", "values": [{"date": "2023-08-14-09-00-00", "latency": 32}]}, {"location": {"country_code": "gb", "region": "Scotland"}, "game_id": "116088", "values": [{"date": "2023-08-14-21-00-00", "latency": 53}, {"date": "2023-08-14-21-00-00", "latency": 53}, {"date": "2023-08-14-21-00-00", "latency": 53}]}, {"location": {"country_code": "ph"}, "game_id": "116088", "values": [{"date": "2023-08-14-16-00-00", "latency": 105}, {"date": "2023-08-14-16-00-00", "latency": 105}, {"date": "2023-08-14-16-00-00", "latency": 105}, {"date": "2023-08-14-16-00-00", "latency": 105}, {"date": "2023-08-14-16-00-00", "latency": 105}, {"date": "2023-08-14-16-00-00", "latency": 105}, {"date": "2023-08-14-16-00-00", "latency": 105}, {"date": "2023-08-14-16-00-00", "latency": 105}, {"date": "2023-08-14-16-00-00", "latency": 105}, {"date": "2023-08-14-16-00-00", "latency": 105}, {"date": "2023-08-15-01-00-00", "latency": 30}, {"date": "2023-08-14-19-00-00", "latency": 61}, {"date": "2023-08-14-19-00-00", "latency": 61}, {"date": "2023-08-14-19-00-00", "latency": 61}]}, {"location": {"country_code": "br"}, "game_id": "116088", "values": [{"date": "2023-08-14-06-00-00", "latency": 44}]}, {"location": {"country_code": "no"}, "game_id": "116088", "values": [{"date": "2023-08-14-19-00-00", "latency": 54}, {"date": "2023-08-14-19-00-00", "latency": 54}, {"date": "2023-08-14-19-00-00", "latency": 54}, {"date": "2023-08-14-19-00-00", "latency": 54}, {"date": "2023-08-14-19-00-00", "latency": 54}, {"date": "2023-08-14-19-00-00", "latency": 54}]}, {"location": {"country_code": "au"}, "game_id": "116088", "values": [{"date": "2023-08-14-12-00-00", "latency": 111}, {"date": "2023-08-14-12-00-00", "latency": 111}, {"date": "2023-08-14-12-00-00", "latency": 111}, {"date": "2023-08-14-12-00-00", "latency": 111}, {"date": "2023-08-14-12-00-00", "latency": 111}]}, {"location": {"country_code": "sa"}, "game_id": "116088", "values": [{"date": "2023-08-14-06-00-00", "latency": 94}]}, {"location": {"country_code": "ar"}, "game_id": "116088", "values": [{"date": "2023-08-14-05-00-00", "latency": 258}]}, {"location": {"country_code": "in", "region": "Maharashtra", "city": "Navi Mumbai"}, "game_id": "116088", "values": [{"date": "2023-08-14-17-00-00", "latency": 204}, {"date": "2023-08-14-17-00-00", "latency": 204}, {"date": "2023-08-14-17-00-00", "latency": 204}, {"date": "2023-08-14-17-00-00", "latency": 204}, {"date": "2023-08-14-17-00-00", "latency": 204}]}, {"location": {"country_code": "pe"}, "game_id": "116088", "values": [{"date": "2023-08-14-08-00-00", "latency": 100}, {"date": "2023-08-14-08-00-00", "latency": 100}]}, {"location": {"country_code": "ua"}, "game_id": "116088", "values": [{"date": "2023-08-14-15-00-00", "latency": 118}, {"date": "2023-08-14-15-00-00", "latency": 118}, {"date": "2023-08-14-15-00-00", "latency": 118}, {"date": "2023-08-14-15-00-00", "latency": 118}, {"date": "2023-08-14-15-00-00", "latency": 118}, {"date": "2023-08-14-15-00-00", "latency": 118}, {"date": "2023-08-14-15-00-00", "latency": 118}, {"date": "2023-08-14-03-00-00", "latency": 66}, {"date": "2023-08-14-03-00-00", "latency": 66}, {"date": "2023-08-14-03-00-00", "latency": 66}, {"date": "2023-08-14-03-00-00", "latency": 66}, {"date": "2023-08-14-03-00-00", "latency": 66}, {"date": "2023-08-14-03-00-00", "latency": 66}]}, {"location": {"country_code": "kz"}, "game_id": "116088", "values": [{"date": "2023-08-14-04-00-00", "latency": 93}, {"date": "2023-08-14-04-00-00", "latency": 93}, {"date": "2023-08-14-04-00-00", "latency": 93}, {"date": "2023-08-14-04-00-00", "latency": 93}, {"date": "2023-08-14-04-00-00", "latency": 93}]}, {"location": {"country_code": "tr", "region": "Marmara Bolgesi"}, "game_id": "116088", "values": [{"date": "2023-08-14-18-00-00", "latency": 74}, {"date": "2023-08-14-18-00-00", "latency": 74}, {"date": "2023-08-14-18-00-00", "latency": 74}, {"date": "2023-08-14-18-00-00", "latency": 74}, {"date": "2023-08-14-18-00-00", "latency": 74}]}, {"location": {"country_code": "ru"}, "game_id": "116088", "values": [{"date": "2023-08-14-19-00-00", "latency": 48}, {"date": "2023-08-14-16-00-00", "latency": 108}, {"date": "2023-08-14-16-00-00", "latency": 108}, {"date": "2023-08-14-10-00-00", "latency": 59}, {"date": "2023-08-14-10-00-00", "latency": 59}, {"date": "2023-08-14-09-00-00", "latency": 59}, {"date": "2023-08-14-09-00-00", "latency": 59}, {"date": "2023-08-14-09-00-00", "latency": 59}, {"date": "2023-08-14-09-00-00", "latency": 59}]}, {"location": {"country_code": "my"}, "game_id": "116088", "values": [{"date": "2023-08-14-17-00-00", "latency": 29}, {"date": "2023-08-14-17-00-00", "latency": 29}]}, {"location": {"country_code": "id"}, "game_id": "116088", "values": [{"date": "2023-08-14-07-00-00", "latency": 59}, {"date": "2023-08-14-07-00-00", "latency": 59}, {"date": "2023-08-14-07-00-00", "latency": 59}, {"date": "2023-08-14-07-00-00", "latency": 59}, {"date": "2023-08-14-07-00-00", "latency": 59}, {"date": "2023-08-14-07-00-00", "latency": 59}, {"date": "2023-08-14-07-00-00", "latency": 59}, {"date": "2023-08-14-07-00-00", "latency": 59}, {"date": "2023-08-14-07-00-00", "latency": 59}]}, {"location": {"country_code": "pk"}, "game_id": "116088", "values": [{"date": "2023-08-14-08-00-00", "latency": 128}, {"date": "2023-08-14-08-00-00", "latency": 128}, {"date": "2023-08-14-08-00-00", "latency": 128}, {"date": "2023-08-14-08-00-00", "latency": 128}, {"date": "2023-08-14-08-00-00", "latency": 128}]}, {"location": {"country_code": "bg"}, "game_id": "116088", "values": [{"date": "2023-08-14-16-00-00", "latency": 87}]}, {"location": {"country_code": "ae", "region": "Dubai", "city": "Dubai"}, "game_id": "116088", "values": [{"date": "2023-08-14-06-00-00", "latency": 95}, {"date": "2023-08-14-06-00-00", "latency": 95}, {"date": "2023-08-14-06-00-00", "latency": 95}]}, {"location": {"country_code": "lu"}, "game_id": "116088", "values": [{"date": "2023-08-15-01-00-00", "latency": 55}]}, {"location": {"country_code": "pe", "region": "Arequipa", "city": "Arequipa"}, "game_id": "116088", "values": [{"date": "2023-08-15-02-00-00", "latency": 70}]}, {"location": {"country_code": "ru", "region": "Krasnodar Krai", "city": "Novorossiysk"}, "game_id": "116088", "values": [{"date": "2023-08-14-21-00-00", "latency": 77}, {"date": "2023-08-14-21-00-00", "latency": 77}, {"date": "2023-08-14-21-00-00", "latency": 77}, {"date": "2023-08-14-21-00-00", "latency": 77}, {"date": "2023-08-14-21-00-00", "latency": 77}]}, {"location": {"country_code": "uz"}, "game_id": "116088", "values": [{"date": "2023-08-14-19-00-00", "latency": 121}, {"date": "2023-08-14-19-00-00", "latency": 121}, {"date": "2023-08-14-19-00-00", "latency": 121}, {"date": "2023-08-14-19-00-00", "latency": 121}, {"date": "2023-08-14-19-00-00", "latency": 121}]}, {"location": {"country_code": "nu"}, "game_id": "116088", "values": [{"date": "2023-08-14-13-00-00", "latency": 56}]}, {"location": {"country_code": "se", "region": "Skane County"}, "game_id": "116088", "values": [{"date": "2023-08-14-06-00-00", "latency": 100}, {"date": "2023-08-14-06-00-00", "latency": 100}, {"date": "2023-08-14-06-00-00", "latency": 100}, {"date": "2023-08-14-06-00-00", "latency": 100}, {"date": "2023-08-14-06-00-00", "latency": 100}, {"date": "2023-08-14-06-00-00", "latency": 100}, {"date": "2023-08-14-06-00-00", "latency": 100}, {"date": "2023-08-14-06-00-00", "latency": 100}, {"date": "2023-08-14-06-00-00", "latency": 100}]}, {"location": {"country_code": "cz", "region": "Ustecky kraj", "city": "Decin"}, "game_id": "116088", "values": [{"date": "2023-08-14-19-00-00", "latency": 124}]}], "last_updated": 1719927614.089068}