{"data": [{"location": {"country_code": "us"}, "game_id": "452439", "values": [{"date": "2024-02-18-02-00-00", "alternatives": ["73", "1073", "73"]}, {"date": "2024-02-18-23-00-00", "alternatives": [931, 93, 793, 93, 110, 93]}, {"date": "2024-02-18-23-00-00", "alternatives": [931, 93, 793, 93, 110, 93]}, {"date": "2024-02-18-21-00-00", "alternatives": ["4451", "51", "51"]}, {"date": "2024-02-18-04-00-00", "alternatives": [31, 1031, 31, 31]}, {"date": "2024-02-18-04-00-00", "alternatives": [31, 1031, 31, 31]}, {"date": "2024-02-18-04-00-00", "alternatives": [31, 1031, 31, 31]}]}, {"location": {"country_code": "de", "region": "Berlin", "city": "Berlin"}, "game_id": "452439", "values": [{"date": "2024-02-18-18-00-00", "alternatives": [427, 127, 27, 64400165, 27, 27]}, {"date": "2024-02-18-18-00-00", "alternatives": [427, 127, 27, 64400165, 27, 27]}, {"date": "2024-02-18-18-00-00", "alternatives": [427, 127, 27, 64400165, 27, 27]}, {"date": "2024-02-18-18-00-00", "alternatives": [427, 127, 27, 64400165, 27, 27]}, {"date": "2024-02-18-21-00-00", "alternatives": ["26", "1026", "26"]}, {"date": "2024-02-18-21-00-00", "alternatives": ["26", "1026", "26"]}]}, {"location": {"country_code": "jp"}, "game_id": "452439", "values": [{"date": "2024-02-18-10-00-00", "alternatives": ["103", "1103", "103"]}]}, {"location": {"country_code": "ca"}, "game_id": "452439", "values": [{"date": "2024-02-18-07-00-00", "alternatives": ["98", "98", "8"]}, {"date": "2024-02-18-07-00-00", "alternatives": ["98", "98", "8"]}, {"date": "2024-02-18-07-00-00", "alternatives": ["98", "98", "8"]}, {"date": "2024-02-18-07-00-00", "alternatives": ["98", "98", "8"]}, {"date": "2024-02-18-07-00-00", "alternatives": ["98", "98", "8"]}, {"date": "2024-02-18-15-00-00", "alternatives": ["36", "1136", "36"]}, {"date": "2024-02-18-15-00-00", "alternatives": ["36", "1136", "36"]}, {"date": "2024-02-18-23-00-00", "alternatives": [4, 43, 13, 4, 43, 43]}, {"date": "2024-02-18-23-00-00", "alternatives": [4, 43, 13, 4, 43, 43]}, {"date": "2024-02-19-00-00-00", "alternatives": ["344", "34", "34"]}, {"date": "2024-02-19-00-00-00", "alternatives": ["344", "34", "34"]}, {"date": "2024-02-19-00-00-00", "alternatives": ["344", "34", "34"]}, {"date": "2024-02-19-00-00-00", "alternatives": ["344", "34", "34"]}, {"date": "2024-02-19-00-00-00", "alternatives": ["344", "34", "34"]}, {"date": "2024-02-19-00-00-00", "alternatives": ["344", "34", "34"]}, {"date": "2024-02-19-00-00-00", "alternatives": ["344", "34", "34"]}, {"date": "2024-02-19-00-00-00", "alternatives": ["344", "34", "34"]}, {"date": "2024-02-18-21-00-00", "alternatives": [26, 20, 2, 26, 26]}, {"date": "2024-02-18-21-00-00", "alternatives": [26, 20, 2, 26, 26]}, {"date": "2024-02-18-21-00-00", "alternatives": [26, 20, 2, 26, 26]}, {"date": "2024-02-18-21-00-00", "alternatives": [26, 20, 2, 26, 26]}, {"date": "2024-02-18-21-00-00", "alternatives": [26, 20, 2, 26, 26]}]}, {"location": {"country_code": "de"}, "game_id": "452439", "values": [{"date": "2024-02-18-13-00-00", "alternatives": ["42", "142", "42"]}, {"date": "2024-02-19-01-00-00", "alternatives": ["22", "22", "272"]}]}, {"location": {"country_code": "us", "region": "Texas"}, "game_id": "452439", "values": [{"date": "2024-02-18-06-00-00", "alternatives": [56, 50, 1156, 172, 56, 56]}]}, {"location": {"country_code": "us", "region": "Texas", "city": "Austin"}, "game_id": "452439", "values": [{"date": "2024-02-18-08-00-00", "alternatives": [59, 50, 5, 59, 50, 59]}, {"date": "2024-02-18-08-00-00", "alternatives": [59, 50, 5, 59, 50, 59]}, {"date": "2024-02-18-08-00-00", "alternatives": [59, 50, 5, 59, 50, 59]}, {"date": "2024-02-18-08-00-00", "alternatives": [59, 50, 5, 59, 50, 59]}, {"date": "2024-02-18-08-00-00", "alternatives": [59, 50, 5, 59, 50, 59]}, {"date": "2024-02-18-08-00-00", "alternatives": [59, 50, 5, 59, 50, 59]}, {"date": "2024-02-18-08-00-00", "alternatives": [59, 50, 5, 59, 50, 59]}]}, {"location": {"country_code": "fr"}, "game_id": "452439", "values": [{"date": "2024-02-18-12-00-00", "alternatives": ["26", "10126", "26"]}, {"date": "2024-02-18-12-00-00", "alternatives": ["26", "10126", "26"]}, {"date": "2024-02-18-12-00-00", "alternatives": ["26", "10126", "26"]}, {"date": "2024-02-18-12-00-00", "alternatives": ["26", "10126", "26"]}, {"date": "2024-02-18-12-00-00", "alternatives": ["26", "10126", "26"]}, {"date": "2024-02-18-15-00-00", "alternatives": [428, 10128, 28, 28, 28, 28]}, {"date": "2024-02-18-15-00-00", "alternatives": [428, 10128, 28, 28, 28, 28]}, {"date": "2024-02-18-15-00-00", "alternatives": [428, 10128, 28, 28, 28, 28]}, {"date": "2024-02-18-21-00-00", "alternatives": ["211", "21", "21"]}, {"date": "2024-02-18-21-00-00", "alternatives": ["211", "21", "21"]}, {"date": "2024-02-18-22-00-00", "alternatives": ["444", "44", "44"]}, {"date": "2024-02-18-22-00-00", "alternatives": ["444", "44", "44"]}, {"date": "2024-02-18-22-00-00", "alternatives": ["444", "44", "44"]}, {"date": "2024-02-18-22-00-00", "alternatives": ["444", "44", "44"]}, {"date": "2024-02-18-22-00-00", "alternatives": ["444", "44", "44"]}]}, {"location": {"country_code": "mx"}, "game_id": "452439", "values": [{"date": "2024-02-18-04-00-00", "alternatives": ["8", "93", "93"]}, {"date": "2024-02-18-04-00-00", "alternatives": ["8", "93", "93"]}, {"date": "2024-02-18-04-00-00", "alternatives": ["8", "93", "93"]}]}, {"location": {"country_code": "us", "region": "Ohio"}, "game_id": "452439", "values": [{"date": "2024-02-18-07-00-00", "alternatives": [483, 8, 83, 83, 83, 83]}, {"date": "2024-02-18-07-00-00", "alternatives": [483, 8, 83, 83, 83, 83]}, {"date": "2024-02-18-07-00-00", "alternatives": [483, 8, 83, 83, 83, 83]}]}, {"location": {"country_code": "us", "region": "California", "city": "San Jose"}, "game_id": "452439", "values": [{"date": "2024-02-18-08-00-00", "alternatives": ["17", "17", "175"]}]}, {"location": {"country_code": "br"}, "game_id": "452439", "values": [{"date": "2024-02-18-01-00-00", "alternatives": [428, 1028, 28, 28, 28]}, {"date": "2024-02-18-01-00-00", "alternatives": [428, 1028, 28, 28, 28]}]}, {"location": {"country_code": "br", "region": "State of Rio de Janeiro", "city": "Angra dos Reis"}, "game_id": "452439", "values": [{"date": "2024-02-18-20-00-00", "alternatives": ["13", "113", "13"]}, {"date": "2024-02-18-20-00-00", "alternatives": ["13", "113", "13"]}, {"date": "2024-02-18-20-00-00", "alternatives": ["13", "113", "13"]}, {"date": "2024-02-18-20-00-00", "alternatives": ["13", "113", "13"]}, {"date": "2024-02-18-20-00-00", "alternatives": ["13", "113", "13"]}, {"date": "2024-02-18-20-00-00", "alternatives": ["13", "113", "13"]}, {"date": "2024-02-18-20-00-00", "alternatives": ["13", "113", "13"]}]}, {"location": {"country_code": "br", "region": "Sao Paulo", "city": "Apiai"}, "game_id": "452439", "values": [{"date": "2024-02-19-01-00-00", "alternatives": ["4", "6", "6"]}, {"date": "2024-02-19-01-00-00", "alternatives": ["4", "6", "6"]}, {"date": "2024-02-19-01-00-00", "alternatives": ["4", "6", "6"]}]}, {"location": {"country_code": "us", "region": "California", "city": "East Los Angeles"}, "game_id": "452439", "values": [{"date": "2024-02-18-08-00-00", "alternatives": [424, 1024, 24, 24, 24]}, {"date": "2024-02-18-08-00-00", "alternatives": [424, 1024, 24, 24, 24]}]}, {"location": {"country_code": "td"}, "game_id": "452439", "values": [{"date": "2024-02-18-03-00-00", "alternatives": ["130", "130", "11130"]}, {"date": "2024-02-18-03-00-00", "alternatives": ["130", "130", "11130"]}, {"date": "2024-02-18-03-00-00", "alternatives": ["130", "130", "11130"]}]}, {"location": {"country_code": "dk"}, "game_id": "452439", "values": [{"date": "2024-02-18-18-00-00", "alternatives": ["2", "112", "112"]}, {"date": "2024-02-18-18-00-00", "alternatives": ["2", "112", "112"]}]}, {"location": {"country_code": "tr"}, "game_id": "452439", "values": [{"date": "2024-02-19-01-00-00", "alternatives": ["50", "50", "3"]}, {"date": "2024-02-19-01-00-00", "alternatives": ["50", "50", "3"]}, {"date": "2024-02-19-01-00-00", "alternatives": ["50", "50", "3"]}, {"date": "2024-02-19-01-00-00", "alternatives": ["50", "50", "3"]}]}, {"location": {"country_code": "es"}, "game_id": "452439", "values": [{"date": "2024-02-18-18-00-00", "alternatives": ["54", "54", "4"]}, {"date": "2024-02-18-18-00-00", "alternatives": ["54", "54", "4"]}]}, {"location": {"country_code": "ar"}, "game_id": "452439", "values": [{"date": "2024-02-18-07-00-00", "alternatives": ["47", "47", "18147"]}, {"date": "2024-02-18-07-00-00", "alternatives": ["47", "47", "18147"]}, {"date": "2024-02-18-07-00-00", "alternatives": ["47", "47", "18147"]}, {"date": "2024-02-18-10-00-00", "alternatives": ["168", "1168", "168"]}, {"date": "2024-02-18-01-00-00", "alternatives": ["63", "63", "03"]}]}, {"location": {"country_code": "de", "region": "Free and Hanseatic City of Hamburg", "city": "Hamburg"}, "game_id": "452439", "values": [{"date": "2024-02-18-15-00-00", "alternatives": [26, 25, 114426, 25, 25, 25]}, {"date": "2024-02-18-15-00-00", "alternatives": [26, 25, 114426, 25, 25, 25]}, {"date": "2024-02-18-15-00-00", "alternatives": [26, 25, 114426, 25, 25, 25]}, {"date": "2024-02-18-15-00-00", "alternatives": [26, 25, 114426, 25, 25, 25]}]}, {"location": {"country_code": "ar", "region": "Buenos Aires F.D.", "city": "Bahia Blanca"}, "game_id": "452439", "values": [{"date": "2024-02-18-07-00-00", "alternatives": [4149, 10149, 149, 149, 149, 149]}, {"date": "2024-02-18-07-00-00", "alternatives": [4149, 10149, 149, 149, 149, 149]}, {"date": "2024-02-18-07-00-00", "alternatives": [4149, 10149, 149, 149, 149, 149]}, {"date": "2024-02-18-07-00-00", "alternatives": [4149, 10149, 149, 149, 149, 149]}, {"date": "2024-02-18-07-00-00", "alternatives": [4149, 10149, 149, 149, 149, 149]}]}, {"location": {"country_code": "us", "region": "Missouri", "city": "Downtown Kansas City"}, "game_id": "452439", "values": [{"date": "2024-02-18-22-00-00", "alternatives": ["35", "11135", "35"]}, {"date": "2024-02-18-22-00-00", "alternatives": ["35", "11135", "35"]}, {"date": "2024-02-18-22-00-00", "alternatives": ["35", "11135", "35"]}, {"date": "2024-02-18-22-00-00", "alternatives": ["35", "11135", "35"]}]}, {"location": {"country_code": "hu"}, "game_id": "452439", "values": [{"date": "2024-02-18-17-00-00", "alternatives": ["47", "1047", "47"]}, {"date": "2024-02-18-17-00-00", "alternatives": ["47", "1047", "47"]}, {"date": "2024-02-18-17-00-00", "alternatives": ["47", "1047", "47"]}]}, {"location": {"country_code": "es", "region": "Aragon", "city": "Zaragoza"}, "game_id": "452439", "values": [{"date": "2024-02-18-19-00-00", "alternatives": ["49", "49", "40"]}]}, {"location": {"country_code": "es", "region": "Catalonia", "city": "l'Hospitalet de Llobregat"}, "game_id": "452439", "values": [{"date": "2024-02-18-17-00-00", "alternatives": ["34", "1034", "34"]}]}, {"location": {"country_code": "be"}, "game_id": "452439", "values": [{"date": "2024-02-18-16-00-00", "alternatives": ["156", "19156", "156"]}, {"date": "2024-02-18-16-00-00", "alternatives": ["156", "19156", "156"]}, {"date": "2024-02-18-16-00-00", "alternatives": ["156", "19156", "156"]}, {"date": "2024-02-18-16-00-00", "alternatives": ["156", "19156", "156"]}, {"date": "2024-02-18-16-00-00", "alternatives": ["156", "19156", "156"]}, {"date": "2024-02-18-16-00-00", "alternatives": ["156", "19156", "156"]}, {"date": "2024-02-18-16-00-00", "alternatives": ["156", "19156", "156"]}, {"date": "2024-02-18-16-00-00", "alternatives": ["156", "19156", "156"]}]}, {"location": {"country_code": "gb", "region": "England", "city": "London"}, "game_id": "452439", "values": [{"date": "2024-02-18-21-00-00", "alternatives": [41, 141, 41, 41]}, {"date": "2024-02-18-21-00-00", "alternatives": [41, 141, 41, 41]}, {"date": "2024-02-18-21-00-00", "alternatives": [41, 141, 41, 41]}]}, {"location": {"country_code": "ua"}, "game_id": "452439", "values": [{"date": "2024-02-18-09-00-00", "alternatives": ["35", "35", "3"]}, {"date": "2024-02-18-09-00-00", "alternatives": ["35", "35", "3"]}, {"date": "2024-02-18-22-00-00", "alternatives": ["25", "10125", "25"]}, {"date": "2024-02-18-22-00-00", "alternatives": ["25", "10125", "25"]}, {"date": "2024-02-18-01-00-00", "alternatives": ["121", "1121", "121"]}]}, {"location": {"country_code": "us", "region": "District of Columbia", "city": "Washington"}, "game_id": "452439", "values": [{"date": "2024-02-18-03-00-00", "alternatives": [39, 139, 39, 39]}, {"date": "2024-02-18-03-00-00", "alternatives": [39, 139, 39, 39]}, {"date": "2024-02-18-03-00-00", "alternatives": [39, 139, 39, 39]}]}, {"location": {"country_code": "ru"}, "game_id": "452439", "values": [{"date": "2024-02-19-01-00-00", "alternatives": [90, 6, 30, 90, 90180, 90]}, {"date": "2024-02-19-01-00-00", "alternatives": [90, 6, 30, 90, 90180, 90]}, {"date": "2024-02-19-01-00-00", "alternatives": [90, 6, 30, 90, 90180, 90]}, {"date": "2024-02-19-01-00-00", "alternatives": [90, 6, 30, 90, 90180, 90]}, {"date": "2024-02-19-01-00-00", "alternatives": [90, 6, 30, 90, 90180, 90]}]}, {"location": {"country_code": "my"}, "game_id": "452439", "values": [{"date": "2024-02-18-08-00-00", "alternatives": ["51", "1051", "51"]}, {"date": "2024-02-18-08-00-00", "alternatives": ["51", "1051", "51"]}, {"date": "2024-02-18-08-00-00", "alternatives": ["51", "1051", "51"]}, {"date": "2024-02-18-08-00-00", "alternatives": ["51", "1051", "51"]}, {"date": "2024-02-18-08-00-00", "alternatives": ["51", "1051", "51"]}, {"date": "2024-02-18-08-00-00", "alternatives": ["51", "1051", "51"]}]}, {"location": {"country_code": "sk"}, "game_id": "452439", "values": [{"date": "2024-02-18-13-00-00", "alternatives": [24, 92, 24, 24]}, {"date": "2024-02-18-13-00-00", "alternatives": [24, 92, 24, 24]}, {"date": "2024-02-18-13-00-00", "alternatives": [24, 92, 24, 24]}, {"date": "2024-02-18-13-00-00", "alternatives": [24, 92, 24, 24]}, {"date": "2024-02-18-13-00-00", "alternatives": [24, 92, 24, 24]}]}, {"location": {"country_code": "us", "region": "Arizona", "city": "Phoenix"}, "game_id": "452439", "values": [{"date": "2024-02-18-06-00-00", "alternatives": ["89", "68", "89"]}]}, {"location": {"country_code": "ca", "region": "Nova Scotia", "city": "Bedford"}, "game_id": "452439", "values": [{"date": "2024-02-18-07-00-00", "alternatives": [27, 37, 17, 37, 37]}, {"date": "2024-02-18-07-00-00", "alternatives": [27, 37, 17, 37, 37]}, {"date": "2024-02-18-07-00-00", "alternatives": [27, 37, 17, 37, 37]}]}, {"location": {"country_code": "us", "region": "Georgia", "city": "Atlanta"}, "game_id": "452439", "values": [{"date": "2024-02-18-21-00-00", "alternatives": ["71", "074", "74"]}, {"date": "2024-02-18-21-00-00", "alternatives": ["71", "074", "74"]}, {"date": "2024-02-18-21-00-00", "alternatives": ["71", "074", "74"]}]}, {"location": {"country_code": "au", "region": "Queensland", "city": "Brisbane"}, "game_id": "452439", "values": [{"date": "2024-02-18-12-00-00", "alternatives": [451, 51, 5, 51, 51, 51]}, {"date": "2024-02-18-12-00-00", "alternatives": [451, 51, 5, 51, 51, 51]}, {"date": "2024-02-18-12-00-00", "alternatives": [451, 51, 5, 51, 51, 51]}]}, {"location": {"country_code": "de", "region": "Baden-Wurttemberg"}, "game_id": "452439", "values": [{"date": "2024-02-18-16-00-00", "alternatives": ["14", "1014", "14"]}, {"date": "2024-02-18-16-00-00", "alternatives": ["14", "1014", "14"]}, {"date": "2024-02-18-16-00-00", "alternatives": ["14", "1014", "14"]}, {"date": "2024-02-18-16-00-00", "alternatives": ["14", "1014", "14"]}, {"date": "2024-02-18-16-00-00", "alternatives": ["14", "1014", "14"]}]}, {"location": {"country_code": "us", "region": "Washington", "city": "Seattle"}, "game_id": "452439", "values": [{"date": "2024-02-18-03-00-00", "alternatives": [486, 8, 86, 86, 7286, 86]}, {"date": "2024-02-18-03-00-00", "alternatives": [486, 8, 86, 86, 7286, 86]}]}, {"location": {"country_code": "za", "region": "Western Cape", "city": "Cape Town"}, "game_id": "452439", "values": [{"date": "2024-02-19-01-00-00", "alternatives": [4176, 176, 170, 176791, 176, 176]}, {"date": "2024-02-19-01-00-00", "alternatives": [4176, 176, 170, 176791, 176, 176]}]}, {"location": {"country_code": "us", "region": "Oregon"}, "game_id": "452439", "values": [{"date": "2024-02-19-01-00-00", "alternatives": [36, 76036, 36, 36]}, {"date": "2024-02-19-01-00-00", "alternatives": [36, 76036, 36, 36]}, {"date": "2024-02-19-01-00-00", "alternatives": [36, 76036, 36, 36]}, {"date": "2024-02-19-01-00-00", "alternatives": [36, 76036, 36, 36]}, {"date": "2024-02-19-01-00-00", "alternatives": [36, 76036, 36, 36]}, {"date": "2024-02-19-01-00-00", "alternatives": [36, 76036, 36, 36]}]}, {"location": {"country_code": "fr", "region": "Nord-Passo di Calais-Piccardia"}, "game_id": "452439", "values": [{"date": "2024-02-18-22-00-00", "alternatives": [32, 2, 32, 32, 7]}, {"date": "2024-02-18-22-00-00", "alternatives": [32, 2, 32, 32, 7]}, {"date": "2024-02-18-22-00-00", "alternatives": [32, 2, 32, 32, 7]}, {"date": "2024-02-18-22-00-00", "alternatives": [32, 2, 32, 32, 7]}, {"date": "2024-02-18-22-00-00", "alternatives": [32, 2, 32, 32, 7]}]}, {"location": {"country_code": "gb", "region": "Wales"}, "game_id": "452439", "values": [{"date": "2024-02-18-04-00-00", "alternatives": [55, 95, 5, 95, 95, 95]}, {"date": "2024-02-18-04-00-00", "alternatives": [55, 95, 5, 95, 95, 95]}, {"date": "2024-02-18-04-00-00", "alternatives": [55, 95, 5, 95, 95, 95]}, {"date": "2024-02-18-04-00-00", "alternatives": [55, 95, 5, 95, 95, 95]}, {"date": "2024-02-18-04-00-00", "alternatives": [55, 95, 5, 95, 95, 95]}]}, {"location": {"country_code": "us", "region": "North Dakota"}, "game_id": "452439", "values": [{"date": "2024-02-18-20-00-00", "alternatives": ["69", "69", "9"]}, {"date": "2024-02-18-20-00-00", "alternatives": ["69", "69", "9"]}, {"date": "2024-02-18-20-00-00", "alternatives": ["69", "69", "9"]}]}, {"location": {"country_code": "at", "region": "Tyrol"}, "game_id": "452439", "values": [{"date": "2024-02-18-12-00-00", "alternatives": [36, 1036, 30, 36, 36, 36]}, {"date": "2024-02-18-12-00-00", "alternatives": [36, 1036, 30, 36, 36, 36]}, {"date": "2024-02-18-12-00-00", "alternatives": [36, 1036, 30, 36, 36, 36]}]}, {"location": {"country_code": "ru", "region": "Novosibirsk Oblast", "city": "Novosibirsk"}, "game_id": "452439", "values": [{"date": "2024-02-18-17-00-00", "alternatives": ["54", "54", "84"]}, {"date": "2024-02-18-17-00-00", "alternatives": ["54", "54", "84"]}, {"date": "2024-02-18-17-00-00", "alternatives": ["54", "54", "84"]}, {"date": "2024-02-18-17-00-00", "alternatives": ["54", "54", "84"]}, {"date": "2024-02-18-17-00-00", "alternatives": ["54", "54", "84"]}]}, {"location": {"country_code": "it", "region": "Lombardy", "city": "Milan"}, "game_id": "452439", "values": [{"date": "2024-02-18-19-00-00", "alternatives": [34, 14434, 34, 34]}]}, {"location": {"country_code": "br", "region": "Ceara"}, "game_id": "452439", "values": [{"date": "2024-02-18-17-00-00", "alternatives": ["53", "10153", "53"]}, {"date": "2024-02-18-17-00-00", "alternatives": ["53", "10153", "53"]}, {"date": "2024-02-18-17-00-00", "alternatives": ["53", "10153", "53"]}]}, {"location": {"country_code": "de", "region": "Lower Saxony", "city": "Oldenburg"}, "game_id": "452439", "values": [{"date": "2024-02-18-11-00-00", "alternatives": ["9", "6", "9"]}, {"date": "2024-02-18-11-00-00", "alternatives": ["9", "6", "9"]}, {"date": "2024-02-18-11-00-00", "alternatives": ["9", "6", "9"]}, {"date": "2024-02-18-11-00-00", "alternatives": ["9", "6", "9"]}, {"date": "2024-02-18-11-00-00", "alternatives": ["9", "6", "9"]}]}, {"location": {"country_code": "ru", "region": "Saratov Oblast", "city": "Saratov"}, "game_id": "452439", "values": [{"date": "2024-02-18-17-00-00", "alternatives": [69, 169, 11369, 69, 69]}, {"date": "2024-02-18-17-00-00", "alternatives": [69, 169, 11369, 69, 69]}]}, {"location": {"country_code": "us", "region": "Colorado", "city": "Fruita"}, "game_id": "452439", "values": [{"date": "2024-02-18-07-00-00", "alternatives": ["59", "69", "59"]}, {"date": "2024-02-18-07-00-00", "alternatives": ["59", "69", "59"]}, {"date": "2024-02-18-07-00-00", "alternatives": ["59", "69", "59"]}, {"date": "2024-02-18-07-00-00", "alternatives": ["59", "69", "59"]}, {"date": "2024-02-18-07-00-00", "alternatives": ["59", "69", "59"]}, {"date": "2024-02-18-07-00-00", "alternatives": ["59", "69", "59"]}]}], "last_updated": 1719918466.128061}