{"data": [{"location": {"country_code": "es", "region": "Canary Islands", "city": "Las Palmas de Gran Canaria"}, "game_id": "295590", "values": [{"date": "2021-05-30-23-00-00", "latency": 7}, {"date": "2021-05-30-18-00-00", "latency": 7}]}, {"location": {"country_code": "us"}, "game_id": "295590", "values": [{"date": "2021-05-30-07-00-00", "latency": 8}, {"date": "2021-05-30-04-00-00", "latency": 1}, {"date": "2021-05-30-04-00-00", "latency": 1}]}, {"location": {"country_code": "us", "region": "New York", "city": "Jamestown"}, "game_id": "295590", "values": [{"date": "2021-05-30-16-00-00", "latency": 4}, {"date": "2021-05-30-08-00-00", "latency": 14}, {"date": "2021-05-30-08-00-00", "latency": 14}, {"date": "2021-05-30-08-00-00", "latency": 14}, {"date": "2021-05-30-08-00-00", "latency": 14}, {"date": "2021-05-30-08-00-00", "latency": 14}, {"date": "2021-05-30-08-00-00", "latency": 14}, {"date": "2021-05-30-08-00-00", "latency": 14}, {"date": "2021-05-30-03-00-00", "latency": 4}, {"date": "2021-05-30-03-00-00", "latency": 4}, {"date": "2021-05-30-03-00-00", "latency": 4}, {"date": "2021-05-31-02-00-00", "latency": 6}]}, {"location": {"country_code": "gb"}, "game_id": "295590", "values": [{"date": "2021-05-30-06-00-00", "latency": 2}]}, {"location": {"country_code": "gr"}, "game_id": "295590", "values": [{"date": "2021-05-30-02-00-00", "latency": 1}]}, {"location": {"country_code": "pa"}, "game_id": "295590", "values": [{"date": "2021-05-30-23-00-00", "latency": 5}]}, {"location": {"country_code": "nl"}, "game_id": "295590", "values": [{"date": "2021-05-30-21-00-00", "latency": 0}, {"date": "2021-05-30-21-00-00", "latency": 2}]}, {"location": {"country_code": "ca"}, "game_id": "295590", "values": [{"date": "2021-05-31-01-00-00", "latency": 1}]}, {"location": {"country_code": "de"}, "game_id": "295590", "values": [{"date": "2021-05-30-23-00-00", "latency": 2}]}, {"location": {"country_code": "tw"}, "game_id": "295590", "values": [{"date": "2021-05-30-04-00-00", "latency": 0}]}, {"location": {"country_code": "gb", "region": "England"}, "game_id": "295590", "values": [{"date": "2021-05-30-23-00-00", "latency": 7}]}, {"location": {"country_code": "us", "region": "Texas"}, "game_id": "295590", "values": [{"date": "2021-05-30-07-00-00", "latency": 1}, {"date": "2021-05-30-07-00-00", "latency": 1}, {"date": "2021-05-30-07-00-00", "latency": 1}, {"date": "2021-05-30-07-00-00", "latency": 1}, {"date": "2021-05-30-07-00-00", "latency": 1}]}, {"location": {"country_code": "br", "region": "Minas Gerais", "city": "Betim"}, "game_id": "295590", "values": [{"date": "2021-05-30-20-00-00", "latency": 13}]}, {"location": {"country_code": "us", "region": "New Jersey"}, "game_id": "295590", "values": [{"date": "2021-05-31-01-00-00", "latency": 2}]}, {"location": {"country_code": "mx"}, "game_id": "295590", "values": [{"date": "2021-05-30-04-00-00", "latency": 6}, {"date": "2021-05-30-04-00-00", "latency": 6}, {"date": "2021-05-30-03-00-00", "latency": 8}, {"date": "2021-05-30-07-00-00", "latency": 5}, {"date": "2021-05-30-07-00-00", "latency": 5}, {"date": "2021-05-30-07-00-00", "latency": 5}, {"date": "2021-05-30-07-00-00", "latency": 5}, {"date": "2021-05-30-04-00-00", "latency": 5}, {"date": "2021-05-30-04-00-00", "latency": 5}, {"date": "2021-05-30-04-00-00", "latency": 5}, {"date": "2021-05-30-03-00-00", "latency": 8}, {"date": "2021-05-30-03-00-00", "latency": 8}, {"date": "2021-05-30-02-00-00", "latency": 8}, {"date": "2021-05-30-07-00-00", "latency": 7}, {"date": "2021-05-30-09-00-00", "latency": 43}, {"date": "2021-05-30-06-00-00", "latency": 9}, {"date": "2021-05-30-06-00-00", "latency": 9}, {"date": "2021-05-30-04-00-00", "latency": 1}]}, {"location": {"country_code": "mx", "region": "Mexico City"}, "game_id": "295590", "values": [{"date": "2021-05-30-14-00-00", "latency": 1}]}, {"location": {"country_code": "us", "region": "California"}, "game_id": "295590", "values": [{"date": "2021-05-30-12-00-00", "latency": 6}, {"date": "2021-05-30-12-00-00", "latency": 6}, {"date": "2021-05-30-03-00-00", "latency": 7}, {"date": "2021-05-30-03-00-00", "latency": 7}]}, {"location": {"country_code": "br"}, "game_id": "295590", "values": [{"date": "2021-05-30-03-00-00", "latency": 1}, {"date": "2021-05-30-03-00-00", "latency": 26}, {"date": "2021-05-30-03-00-00", "latency": 26}]}, {"location": {"country_code": "br", "region": "Sao Paulo", "city": "Apiai"}, "game_id": "295590", "values": [{"date": "2021-05-30-05-00-00", "latency": 7}, {"date": "2021-05-31-01-00-00", "latency": 2}, {"date": "2021-05-30-05-00-00", "latency": 10}, {"date": "2021-05-30-05-00-00", "latency": 10}, {"date": "2021-05-30-05-00-00", "latency": 10}, {"date": "2021-05-30-05-00-00", "latency": 10}, {"date": "2021-05-30-05-00-00", "latency": 10}, {"date": "2021-05-30-05-00-00", "latency": 10}, {"date": "2021-05-30-05-00-00", "latency": 10}, {"date": "2021-05-30-05-00-00", "latency": 10}, {"date": "2021-05-30-05-00-00", "latency": 10}, {"date": "2021-05-30-05-00-00", "latency": 10}, {"date": "2021-05-30-05-00-00", "latency": 10}, {"date": "2021-05-30-05-00-00", "latency": 10}]}, {"location": {"country_code": "us", "region": "California", "city": "East Los Angeles"}, "game_id": "295590", "values": [{"date": "2021-05-30-07-00-00", "latency": 2}, {"date": "2021-05-31-01-00-00", "latency": 1}]}, {"location": {"country_code": "ec"}, "game_id": "295590", "values": [{"date": "2021-05-30-18-00-00", "latency": 2}]}, {"location": {"country_code": "ec", "region": "Guayas", "city": "Guayaquil"}, "game_id": "295590", "values": [{"date": "2021-05-30-08-00-00", "latency": 14}]}, {"location": {"country_code": "au"}, "game_id": "295590", "values": [{"date": "2021-05-30-05-00-00", "latency": 261}, {"date": "2021-05-30-05-00-00", "latency": 261}, {"date": "2021-05-30-05-00-00", "latency": 261}, {"date": "2021-05-30-05-00-00", "latency": 261}, {"date": "2021-05-30-05-00-00", "latency": 3}, {"date": "2021-05-30-16-00-00", "latency": 2}]}, {"location": {"country_code": "br", "region": "Goias", "city": "Catalao"}, "game_id": "295590", "values": [{"date": "2021-05-30-21-00-00", "latency": 1}]}, {"location": {"country_code": "tr"}, "game_id": "295590", "values": [{"date": "2021-05-30-15-00-00", "latency": 28}, {"date": "2021-05-30-15-00-00", "latency": 28}, {"date": "2021-05-30-15-00-00", "latency": 28}]}, {"location": {"country_code": "es"}, "game_id": "295590", "values": [{"date": "2021-05-30-02-00-00", "latency": 1}, {"date": "2021-05-30-22-00-00", "latency": 3}]}, {"location": {"country_code": "es", "region": "Catalonia", "city": "l'Hospitalet de Llobregat"}, "game_id": "295590", "values": [{"date": "2021-05-30-22-00-00", "latency": 1}, {"date": "2021-05-30-22-00-00", "latency": 1}, {"date": "2021-05-30-22-00-00", "latency": 1}, {"date": "2021-05-30-22-00-00", "latency": 1}, {"date": "2021-05-30-22-00-00", "latency": 1}, {"date": "2021-05-30-22-00-00", "latency": 1}, {"date": "2021-05-30-22-00-00", "latency": 1}, {"date": "2021-05-30-22-00-00", "latency": 1}, {"date": "2021-05-30-22-00-00", "latency": 1}]}, {"location": {"country_code": "ar"}, "game_id": "295590", "values": [{"date": "2021-05-30-10-00-00", "latency": 4}, {"date": "2021-05-30-17-00-00", "latency": 3}, {"date": "2021-05-30-17-00-00", "latency": 3}, {"date": "2021-05-30-17-00-00", "latency": 3}, {"date": "2021-05-30-17-00-00", "latency": 3}, {"date": "2021-05-30-17-00-00", "latency": 3}, {"date": "2021-05-30-17-00-00", "latency": 3}, {"date": "2021-05-30-17-00-00", "latency": 3}, {"date": "2021-05-30-17-00-00", "latency": 3}, {"date": "2021-05-30-17-00-00", "latency": 3}, {"date": "2021-05-30-17-00-00", "latency": 3}, {"date": "2021-05-30-17-00-00", "latency": 3}, {"date": "2021-05-30-17-00-00", "latency": 3}, {"date": "2021-05-30-22-00-00", "latency": 4}, {"date": "2021-05-30-05-00-00", "latency": 0}, {"date": "2021-05-30-21-00-00", "latency": 6}, {"date": "2021-05-30-21-00-00", "latency": 6}]}, {"location": {"country_code": "ug"}, "game_id": "295590", "values": [{"date": "2021-05-31-01-00-00", "latency": 0}]}, {"location": {"country_code": "ar", "region": "Buenos Aires F.D.", "city": "Bahia Blanca"}, "game_id": "295590", "values": [{"date": "2021-05-30-10-00-00", "latency": 1}, {"date": "2021-05-30-10-00-00", "latency": 1}, {"date": "2021-05-30-10-00-00", "latency": 1}, {"date": "2021-05-30-10-00-00", "latency": 16}, {"date": "2021-05-30-10-00-00", "latency": 16}, {"date": "2021-05-30-10-00-00", "latency": 16}, {"date": "2021-05-30-02-00-00", "latency": 1}, {"date": "2021-05-30-02-00-00", "latency": 1}, {"date": "2021-05-30-06-00-00", "latency": 1}, {"date": "2021-05-30-06-00-00", "latency": 1}]}, {"location": {"country_code": "ar", "region": "Buenos Aires"}, "game_id": "295590", "values": [{"date": "2021-05-30-22-00-00", "latency": 1}]}, {"location": {"country_code": "us", "region": "Virginia"}, "game_id": "295590", "values": [{"date": "2021-05-30-17-00-00", "latency": 5}]}, {"location": {"country_code": "us", "region": "Missouri", "city": "Springfield"}, "game_id": "295590", "values": [{"date": "2021-05-30-03-00-00", "latency": 20}, {"date": "2021-05-30-03-00-00", "latency": 20}, {"date": "2021-05-30-03-00-00", "latency": 20}]}, {"location": {"country_code": "us", "region": "Texas", "city": "Houston"}, "game_id": "295590", "values": [{"date": "2021-05-30-06-00-00", "latency": 5}]}, {"location": {"country_code": "us", "region": "Michigan"}, "game_id": "295590", "values": [{"date": "2021-05-30-06-00-00", "latency": 1}]}, {"location": {"country_code": "co"}, "game_id": "295590", "values": [{"date": "2021-05-30-04-00-00", "latency": 26}]}, {"location": {"country_code": "at"}, "game_id": "295590", "values": [{"date": "2021-05-30-22-00-00", "latency": 2}]}, {"location": {"country_code": "us", "region": "Arizona"}, "game_id": "295590", "values": [{"date": "2021-05-30-10-00-00", "latency": 1}, {"date": "2021-05-30-10-00-00", "latency": 1}, {"date": "2021-05-30-10-00-00", "latency": 1}, {"date": "2021-05-30-04-00-00", "latency": 11}]}, {"location": {"country_code": "us", "region": "Utah"}, "game_id": "295590", "values": [{"date": "2021-05-30-07-00-00", "latency": 1}]}, {"location": {"country_code": "us", "region": "California", "city": "Chula Vista"}, "game_id": "295590", "values": [{"date": "2021-05-30-12-00-00", "latency": 2}, {"date": "2021-05-30-12-00-00", "latency": 2}, {"date": "2021-05-30-12-00-00", "latency": 2}, {"date": "2021-05-30-12-00-00", "latency": 2}, {"date": "2021-05-30-12-00-00", "latency": 2}, {"date": "2021-05-30-12-00-00", "latency": 2}, {"date": "2021-05-30-12-00-00", "latency": 2}, {"date": "2021-05-30-12-00-00", "latency": 2}, {"date": "2021-05-30-12-00-00", "latency": 2}]}, {"location": {"country_code": "pl"}, "game_id": "295590", "values": [{"date": "2021-05-30-14-00-00", "latency": 4}]}, {"location": {"country_code": "us", "region": "Nevada", "city": "Las Vegas"}, "game_id": "295590", "values": [{"date": "2021-05-30-22-00-00", "latency": 8}, {"date": "2021-05-30-22-00-00", "latency": 8}]}, {"location": {"country_code": "gb", "region": "England", "city": "London"}, "game_id": "295590", "values": [{"date": "2021-05-30-22-00-00", "latency": 1090}, {"date": "2021-05-30-21-00-00", "latency": 3}, {"date": "2021-05-30-21-00-00", "latency": 3}, {"date": "2021-05-30-21-00-00", "latency": 3}, {"date": "2021-05-30-21-00-00", "latency": 3}, {"date": "2021-05-30-21-00-00", "latency": 3}]}, {"location": {"country_code": "pe"}, "game_id": "295590", "values": [{"date": "2021-05-30-05-00-00", "latency": 7}]}, {"location": {"country_code": "ua"}, "game_id": "295590", "values": [{"date": "2021-05-30-23-00-00", "latency": 1}, {"date": "2021-05-30-23-00-00", "latency": 1}, {"date": "2021-05-30-23-00-00", "latency": 1}, {"date": "2021-05-30-23-00-00", "latency": 1}, {"date": "2021-05-30-23-00-00", "latency": 1}, {"date": "2021-05-30-23-00-00", "latency": 1}, {"date": "2021-05-30-23-00-00", "latency": 1}, {"date": "2021-05-30-23-00-00", "latency": 1}]}, {"location": {"country_code": "kr", "region": "Seoul"}, "game_id": "295590", "values": [{"date": "2021-05-30-16-00-00", "latency": 0}]}, {"location": {"country_code": "fr", "region": "Occitanie", "city": "Toulouse"}, "game_id": "295590", "values": [{"date": "2021-05-30-17-00-00", "latency": 0}]}, {"location": {"country_code": "tr", "region": "Marmara Bolgesi", "city": "Istanbul"}, "game_id": "295590", "values": [{"date": "2021-05-30-21-00-00", "latency": 8}, {"date": "2021-05-30-21-00-00", "latency": 8}, {"date": "2021-05-30-21-00-00", "latency": 8}, {"date": "2021-05-30-21-00-00", "latency": 8}]}, {"location": {"country_code": "us", "region": "District of Columbia", "city": "Washington"}, "game_id": "295590", "values": [{"date": "2021-05-30-09-00-00", "latency": 60}, {"date": "2021-05-30-09-00-00", "latency": 60}, {"date": "2021-05-30-09-00-00", "latency": 60}]}, {"location": {"country_code": "ca", "region": "Ontario", "city": "Toronto"}, "game_id": "295590", "values": [{"date": "2021-05-31-01-00-00", "latency": 28}, {"date": "2021-05-31-01-00-00", "latency": 28}, {"date": "2021-05-31-01-00-00", "latency": 28}, {"date": "2021-05-31-01-00-00", "latency": 28}, {"date": "2021-05-30-03-00-00", "latency": 30}, {"date": "2021-05-30-03-00-00", "latency": 30}, {"date": "2021-05-30-03-00-00", "latency": 30}, {"date": "2021-05-30-03-00-00", "latency": 30}]}, {"location": {"country_code": "us", "region": "Pennsylvania"}, "game_id": "295590", "values": [{"date": "2021-05-30-06-00-00", "latency": 63}, {"date": "2021-05-30-12-00-00", "latency": 165}, {"date": "2021-05-30-12-00-00", "latency": 165}, {"date": "2021-05-30-12-00-00", "latency": 165}, {"date": "2021-05-30-12-00-00", "latency": 165}, {"date": "2021-05-30-12-00-00", "latency": 165}, {"date": "2021-05-30-12-00-00", "latency": 165}, {"date": "2021-05-30-12-00-00", "latency": 165}, {"date": "2021-05-30-12-00-00", "latency": 165}, {"date": "2021-05-30-12-00-00", "latency": 165}, {"date": "2021-05-30-12-00-00", "latency": 165}, {"date": "2021-05-30-12-00-00", "latency": 165}, {"date": "2021-05-30-12-00-00", "latency": 165}, {"date": "2021-05-30-12-00-00", "latency": 165}, {"date": "2021-05-30-12-00-00", "latency": 165}, {"date": "2021-05-30-12-00-00", "latency": 165}, {"date": "2021-05-30-12-00-00", "latency": 165}, {"date": "2021-05-30-12-00-00", "latency": 165}, {"date": "2021-05-30-12-00-00", "latency": 165}, {"date": "2021-05-30-12-00-00", "latency": 165}, {"date": "2021-05-30-12-00-00", "latency": 165}, {"date": "2021-05-30-12-00-00", "latency": 165}, {"date": "2021-05-30-12-00-00", "latency": 165}, {"date": "2021-05-30-12-00-00", "latency": 165}, {"date": "2021-05-30-12-00-00", "latency": 165}, {"date": "2021-05-30-12-00-00", "latency": 165}, {"date": "2021-05-30-12-00-00", "latency": 165}, {"date": "2021-05-30-12-00-00", "latency": 165}, {"date": "2021-05-30-12-00-00", "latency": 165}, {"date": "2021-05-30-12-00-00", "latency": 165}, {"date": "2021-05-30-12-00-00", "latency": 165}, {"date": "2021-05-30-12-00-00", "latency": 165}, {"date": "2021-05-30-12-00-00", "latency": 165}, {"date": "2021-05-30-12-00-00", "latency": 165}, {"date": "2021-05-30-12-00-00", "latency": 165}, {"date": "2021-05-30-12-00-00", "latency": 165}, {"date": "2021-05-30-12-00-00", "latency": 165}, {"date": "2021-05-30-12-00-00", "latency": 165}, {"date": "2021-05-30-12-00-00", "latency": 165}, {"date": "2021-05-30-12-00-00", "latency": 165}, {"date": "2021-05-30-12-00-00", "latency": 165}, {"date": "2021-05-30-12-00-00", "latency": 165}, {"date": "2021-05-30-12-00-00", "latency": 165}, {"date": "2021-05-30-12-00-00", "latency": 165}, {"date": "2021-05-30-12-00-00", "latency": 165}, {"date": "2021-05-30-12-00-00", "latency": 165}, {"date": "2021-05-30-12-00-00", "latency": 165}, {"date": "2021-05-30-12-00-00", "latency": 165}, {"date": "2021-05-30-12-00-00", "latency": 165}, {"date": "2021-05-30-12-00-00", "latency": 165}, {"date": "2021-05-30-12-00-00", "latency": 165}, {"date": "2021-05-30-12-00-00", "latency": 165}, {"date": "2021-05-30-12-00-00", "latency": 165}, {"date": "2021-05-30-12-00-00", "latency": 165}, {"date": "2021-05-30-12-00-00", "latency": 165}, {"date": "2021-05-30-12-00-00", "latency": 165}, {"date": "2021-05-30-12-00-00", "latency": 165}, {"date": "2021-05-30-12-00-00", "latency": 165}, {"date": "2021-05-30-12-00-00", "latency": 165}, {"date": "2021-05-30-12-00-00", "latency": 165}, {"date": "2021-05-30-12-00-00", "latency": 165}, {"date": "2021-05-30-12-00-00", "latency": 165}]}, {"location": {"country_code": "br", "region": "Rio Grande do Sul", "city": "Porto Alegre"}, "game_id": "295590", "values": [{"date": "2021-05-30-03-00-00", "latency": 18}]}, {"location": {"country_code": "br", "region": "State of Rio de Janeiro", "city": "Angra dos Reis"}, "game_id": "295590", "values": [{"date": "2021-05-30-07-00-00", "latency": 2}, {"date": "2021-05-31-00-00-00", "latency": 3}, {"date": "2021-05-30-18-00-00", "latency": 4}]}, {"location": {"country_code": "us", "region": "Kentucky"}, "game_id": "295590", "values": [{"date": "2021-05-30-05-00-00", "latency": 2}, {"date": "2021-05-30-05-00-00", "latency": 2}]}, {"location": {"country_code": "uy"}, "game_id": "295590", "values": [{"date": "2021-05-30-05-00-00", "latency": 5}]}, {"location": {"country_code": "uy", "region": "Rivera Department", "city": "Rivera"}, "game_id": "295590", "values": [{"date": "2021-05-30-05-00-00", "latency": 8}, {"date": "2021-05-30-05-00-00", "latency": 8}]}, {"location": {"country_code": "gr", "region": "Apokentromeni Dioikisi Attikis", "city": "Athens"}, "game_id": "295590", "values": [{"date": "2021-05-30-14-00-00", "latency": 8}, {"date": "2021-05-30-14-00-00", "latency": 8}]}, {"location": {"country_code": "ca", "region": "Quebec", "city": "Montreal"}, "game_id": "295590", "values": [{"date": "2021-05-30-03-00-00", "latency": 4}]}, {"location": {"country_code": "de", "region": "Bavaria", "city": "Nuremberg"}, "game_id": "295590", "values": [{"date": "2021-05-30-13-00-00", "latency": 19}]}, {"location": {"country_code": "br", "region": "Parana"}, "game_id": "295590", "values": [{"date": "2021-05-30-04-00-00", "latency": 30}, {"date": "2021-05-30-04-00-00", "latency": 2}, {"date": "2021-05-30-04-00-00", "latency": 2}]}, {"location": {"country_code": "pe", "region": "Lima region", "city": "Lima"}, "game_id": "295590", "values": [{"date": "2021-05-30-08-00-00", "latency": 4}, {"date": "2021-05-30-07-00-00", "latency": 57}, {"date": "2021-05-30-07-00-00", "latency": 57}]}, {"location": {"country_code": "mx", "region": "Jalisco", "city": "Guadalajara"}, "game_id": "295590", "values": [{"date": "2021-05-30-07-00-00", "latency": 1}]}, {"location": {"country_code": "ar", "region": "Santa Fe Province", "city": "Rosario"}, "game_id": "295590", "values": [{"date": "2021-05-30-22-00-00", "latency": 4}]}, {"location": {"country_code": "es", "region": "Navarre", "city": "Pamplona"}, "game_id": "295590", "values": [{"date": "2021-05-30-05-00-00", "latency": 3}]}, {"location": {"country_code": "de", "region": "Hesse", "city": "Frankfurt"}, "game_id": "295590", "values": [{"date": "2021-05-30-15-00-00", "latency": 3}]}, {"location": {"country_code": "fr", "region": "Nord-Passo di Calais-Piccardia", "city": "Lille"}, "game_id": "295590", "values": [{"date": "2021-05-31-00-00-00", "latency": 7}]}, {"location": {"country_code": "ar", "region": "Tucuman Province", "city": "San Miguel de Tucuman"}, "game_id": "295590", "values": [{"date": "2021-05-31-01-00-00", "latency": 7}]}, {"location": {"country_code": "us", "region": "Washington", "city": "Seattle"}, "game_id": "295590", "values": [{"date": "2021-05-31-01-00-00", "latency": 6}, {"date": "2021-05-31-01-00-00", "latency": 6}, {"date": "2021-05-31-01-00-00", "latency": 6}, {"date": "2021-05-31-01-00-00", "latency": 6}, {"date": "2021-05-31-01-00-00", "latency": 6}, {"date": "2021-05-31-01-00-00", "latency": 6}, {"date": "2021-05-31-01-00-00", "latency": 6}, {"date": "2021-05-31-01-00-00", "latency": 6}, {"date": "2021-05-31-01-00-00", "latency": 6}, {"date": "2021-05-31-01-00-00", "latency": 6}, {"date": "2021-05-31-01-00-00", "latency": 6}, {"date": "2021-05-31-01-00-00", "latency": 6}, {"date": "2021-05-31-01-00-00", "latency": 6}, {"date": "2021-05-31-01-00-00", "latency": 6}, {"date": "2021-05-31-01-00-00", "latency": 6}, {"date": "2021-05-31-01-00-00", "latency": 6}, {"date": "2021-05-31-01-00-00", "latency": 6}, {"date": "2021-05-31-02-00-00", "latency": 0}, {"date": "2021-05-30-07-00-00", "latency": 4}]}, {"location": {"country_code": "de", "region": "North Rhine-Westphalia"}, "game_id": "295590", "values": [{"date": "2021-05-30-22-00-00", "latency": 2}]}, {"location": {"country_code": "br", "region": "Rio Grande do Norte", "city": "Natal"}, "game_id": "295590", "values": [{"date": "2021-05-30-02-00-00", "latency": 22}, {"date": "2021-05-30-21-00-00", "latency": 6}, {"date": "2021-05-31-01-00-00", "latency": 7}]}, {"location": {"country_code": "br", "region": "Sao Paulo", "city": "Santo Andre"}, "game_id": "295590", "values": [{"date": "2021-05-30-03-00-00", "latency": 2}, {"date": "2021-05-30-03-00-00", "latency": 2}]}, {"location": {"country_code": "us", "region": "Ohio", "city": "Columbus"}, "game_id": "295590", "values": [{"date": "2021-05-31-02-00-00", "latency": 7}]}, {"location": {"country_code": "ru", "region": "Tomsk Oblast"}, "game_id": "295590", "values": [{"date": "2021-05-31-01-00-00", "latency": 8}, {"date": "2021-05-31-01-00-00", "latency": 8}, {"date": "2021-05-31-01-00-00", "latency": 8}, {"date": "2021-05-31-01-00-00", "latency": 8}]}, {"location": {"country_code": "br", "region": "Amazonas", "city": "Manaus"}, "game_id": "295590", "values": [{"date": "2021-05-31-01-00-00", "latency": 84}, {"date": "2021-05-31-01-00-00", "latency": 84}, {"date": "2021-05-31-01-00-00", "latency": 84}]}, {"location": {"country_code": "es", "region": "Castille-La Mancha", "city": "Toledo"}, "game_id": "295590", "values": [{"date": "2021-05-30-18-00-00", "latency": 28}, {"date": "2021-05-30-18-00-00", "latency": 28}]}, {"location": {"country_code": "mx", "region": "Tamaulipas", "city": "Tampico"}, "game_id": "295590", "values": [{"date": "2021-05-30-04-00-00", "latency": 7}]}, {"location": {"country_code": "mx", "region": "Jalisco", "city": "Zapopan"}, "game_id": "295590", "values": [{"date": "2021-05-30-07-00-00", "latency": 84}, {"date": "2021-05-30-07-00-00", "latency": 84}, {"date": "2021-05-30-07-00-00", "latency": 84}, {"date": "2021-05-30-07-00-00", "latency": 84}]}, {"location": {"country_code": "es", "region": "Balearic Islands"}, "game_id": "295590", "values": [{"date": "2021-05-30-22-00-00", "latency": 4}]}, {"location": {"country_code": "mx", "region": "Chihuahua"}, "game_id": "295590", "values": [{"date": "2021-05-30-12-00-00", "latency": 21}, {"date": "2021-05-30-12-00-00", "latency": 21}]}, {"location": {"country_code": "mx", "region": "Chihuahua", "city": "Hidalgo del Parral"}, "game_id": "295590", "values": [{"date": "2021-05-31-01-00-00", "latency": 1}]}, {"location": {"country_code": "tr", "region": "Akdeniz Bolgesi", "city": "Antalya"}, "game_id": "295590", "values": [{"date": "2021-05-30-16-00-00", "latency": 3}, {"date": "2021-05-30-16-00-00", "latency": 3}, {"date": "2021-05-30-16-00-00", "latency": 3}, {"date": "2021-05-30-16-00-00", "latency": 3}, {"date": "2021-05-30-16-00-00", "latency": 3}, {"date": "2021-05-30-16-00-00", "latency": 3}, {"date": "2021-05-30-16-00-00", "latency": 3}, {"date": "2021-05-30-16-00-00", "latency": 3}, {"date": "2021-05-30-16-00-00", "latency": 3}, {"date": "2021-05-30-16-00-00", "latency": 3}, {"date": "2021-05-30-16-00-00", "latency": 3}, {"date": "2021-05-30-16-00-00", "latency": 3}, {"date": "2021-05-30-16-00-00", "latency": 3}, {"date": "2021-05-30-16-00-00", "latency": 3}, {"date": "2021-05-30-16-00-00", "latency": 3}, {"date": "2021-05-30-16-00-00", "latency": 3}]}, {"location": {"country_code": "us", "region": "Florida", "city": "Melbourne"}, "game_id": "295590", "values": [{"date": "2021-05-30-05-00-00", "latency": 5}]}, {"location": {"country_code": "br", "region": "Sao Paulo", "city": "Ourinhos"}, "game_id": "295590", "values": [{"date": "2021-05-30-02-00-00", "latency": 2}]}, {"location": {"country_code": "cl", "region": "Maule Region", "city": "Constitucion"}, "game_id": "295590", "values": [{"date": "2021-05-30-10-00-00", "latency": 6}]}, {"location": {"country_code": "ru", "region": "Krasnodar Krai", "city": "Novorossiysk"}, "game_id": "295590", "values": [{"date": "2021-05-30-15-00-00", "latency": 17}, {"date": "2021-05-30-15-00-00", "latency": 17}]}, {"location": {"country_code": "es", "region": "Andalusia", "city": "Ayamonte"}, "game_id": "295590", "values": [{"date": "2021-05-30-12-00-00", "latency": 4}]}, {"location": {"country_code": "us", "region": "Oklahoma", "city": "Oklahoma City"}, "game_id": "295590", "values": [{"date": "2021-05-30-02-00-00", "latency": 300}, {"date": "2021-05-30-02-00-00", "latency": 300}]}, {"location": {"country_code": "us", "region": "California", "city": "Healdsburg"}, "game_id": "295590", "values": [{"date": "2021-05-30-15-00-00", "latency": 13}]}, {"location": {"country_code": "mx", "region": "Sinaloa", "city": "Culiacan"}, "game_id": "295590", "values": [{"date": "2021-05-30-06-00-00", "latency": 3}]}, {"location": {"country_code": "pl", "region": "Warmian-Masurian Voivodeship"}, "game_id": "295590", "values": [{"date": "2021-05-30-17-00-00", "latency": 1}]}, {"location": {"country_code": "br", "region": "Sao Paulo", "city": "Taubate"}, "game_id": "295590", "values": [{"date": "2021-05-30-08-00-00", "latency": 2}, {"date": "2021-05-30-08-00-00", "latency": 2}]}, {"location": {"country_code": "ar", "region": "Rio Negro Province"}, "game_id": "295590", "values": [{"date": "2021-05-30-08-00-00", "latency": 3}]}, {"location": {"country_code": "de", "region": "Saxony", "city": "Mittweida"}, "game_id": "295590", "values": [{"date": "2021-05-30-17-00-00", "latency": 0}]}, {"location": {"country_code": "mx", "region": "Nuevo Leon", "city": "San Pedro Garza Garcia"}, "game_id": "295590", "values": [{"date": "2021-05-30-03-00-00", "latency": 0}]}, {"location": {"country_code": "us", "region": "Arizona", "city": "Bullhead City"}, "game_id": "295590", "values": [{"date": "2021-05-30-03-00-00", "latency": 7}]}, {"location": {"country_code": "nz", "region": "Otago", "city": "Dunedin"}, "game_id": "295590", "values": [{"date": "2021-05-30-15-00-00", "latency": 6}]}, {"location": {"country_code": "us", "region": "Texas", "city": "Rockport"}, "game_id": "295590", "values": [{"date": "2021-05-31-01-00-00", "latency": 3}, {"date": "2021-05-31-01-00-00", "latency": 3}, {"date": "2021-05-31-01-00-00", "latency": 3}]}, {"location": {"country_code": "nz", "region": "Waikato", "city": "Hamilton"}, "game_id": "295590", "values": [{"date": "2021-05-30-17-00-00", "latency": 3}, {"date": "2021-05-30-17-00-00", "latency": 3}, {"date": "2021-05-30-17-00-00", "latency": 3}, {"date": "2021-05-30-17-00-00", "latency": 3}, {"date": "2021-05-30-17-00-00", "latency": 3}, {"date": "2021-05-30-17-00-00", "latency": 3}, {"date": "2021-05-30-17-00-00", "latency": 3}, {"date": "2021-05-30-17-00-00", "latency": 3}, {"date": "2021-05-30-17-00-00", "latency": 3}]}, {"location": {"country_code": "br", "region": "Sao Paulo", "city": "Sao Vicente"}, "game_id": "295590", "values": [{"date": "2021-05-30-23-00-00", "latency": 2}]}, {"location": {"country_code": "us", "region": "U.S. Virgin Islands"}, "game_id": "295590", "values": [{"date": "2021-05-30-02-00-00", "latency": 5}, {"date": "2021-05-30-02-00-00", "latency": 5}]}, {"location": {"country_code": "us", "region": "Pennsylvania", "city": "McDonald"}, "game_id": "295590", "values": [{"date": "2021-05-30-07-00-00", "latency": 8}]}, {"location": {"country_code": "de", "region": "Free State of Thuringia", "city": "Suhl"}, "game_id": "295590", "values": [{"date": "2021-05-30-18-00-00", "latency": 2}]}, {"location": {"country_code": "us", "region": "New York", "city": "Monticello"}, "game_id": "295590", "values": [{"date": "2021-05-30-03-00-00", "latency": 7}]}, {"location": {"country_code": "pl", "region": "Greater Poland Voivodeship", "city": "Nedzerzew"}, "game_id": "295590", "values": [{"date": "2021-05-30-14-00-00", "latency": 4}, {"date": "2021-05-30-14-00-00", "latency": 4}]}, {"location": {"country_code": "br", "region": "Santa Catarina", "city": "Guaruja do Sul"}, "game_id": "295590", "values": [{"date": "2021-05-30-09-00-00", "latency": 4}]}, {"location": {"country_code": "gy", "region": "Demerara-Mahaica"}, "game_id": "295590", "values": [{"date": "2021-05-30-08-00-00", "latency": 2}]}, {"location": {"country_code": "br", "region": "Paraiba", "city": "Catole do Rocha"}, "game_id": "295590", "values": [{"date": "2021-05-30-13-00-00", "latency": 6}]}, {"location": {"country_code": "fr", "region": "Provence-Alpes-Cote d'Azur Region", "city": "Puget-sur-Argens"}, "game_id": "295590", "values": [{"date": "2021-05-30-18-00-00", "latency": 9}, {"date": "2021-05-30-18-00-00", "latency": 9}]}, {"location": {"country_code": "ch", "region": "Canton of Fribourg", "city": "Pont"}, "game_id": "295590", "values": [{"date": "2021-05-31-00-00-00", "latency": 8}]}], "last_updated": 1719919188.17373}