{"data": [{"location": {"country_code": "si"}, "game_id": "314852", "values": [{"date": "2023-07-14-00-00-00", "alternatives": ["59", "59", "0"]}, {"date": "2023-07-14-00-00-00", "alternatives": ["59", "59", "0"]}]}, {"location": {"country_code": "cu"}, "game_id": "314852", "values": [{"date": "2023-07-13-19-00-00", "alternatives": ["41", "41", "21"]}, {"date": "2023-07-13-19-00-00", "alternatives": ["41", "41", "21"]}, {"date": "2023-07-13-19-00-00", "alternatives": ["41", "41", "21"]}]}, {"location": {"country_code": "us", "region": "New York", "city": "Jamestown"}, "game_id": "314852", "values": [{"date": "2023-07-13-03-00-00", "alternatives": [371, 3, 3, 3]}, {"date": "2023-07-13-21-00-00", "alternatives": ["29", "29", "0"]}]}, {"location": {"country_code": "jp"}, "game_id": "314852", "values": [{"date": "2023-07-13-18-00-00", "alternatives": ["29", "29", "20"]}, {"date": "2023-07-13-04-00-00", "alternatives": ["14", "14", "1"]}, {"date": "2023-07-13-04-00-00", "alternatives": ["14", "14", "1"]}, {"date": "2023-07-13-04-00-00", "alternatives": ["14", "14", "1"]}]}, {"location": {"country_code": "ca"}, "game_id": "314852", "values": [{"date": "2023-07-13-21-00-00", "alternatives": ["57", "57", "7"]}]}, {"location": {"country_code": "de"}, "game_id": "314852", "values": [{"date": "2023-07-14-01-00-00", "alternatives": ["2", "2", "1"]}, {"date": "2023-07-14-01-00-00", "alternatives": ["2", "2", "1"]}, {"date": "2023-07-13-16-00-00", "alternatives": ["33", "33", "2"]}, {"date": "2023-07-13-16-00-00", "alternatives": ["33", "33", "2"]}]}, {"location": {"country_code": "cl"}, "game_id": "314852", "values": [{"date": "2023-07-13-07-00-00", "alternatives": ["90", "905", "90"]}, {"date": "2023-07-13-07-00-00", "alternatives": ["90", "905", "90"]}, {"date": "2023-07-13-07-00-00", "alternatives": ["90", "905", "90"]}, {"date": "2023-07-13-07-00-00", "alternatives": ["90", "905", "90"]}, {"date": "2023-07-13-07-00-00", "alternatives": ["90", "905", "90"]}, {"date": "2023-07-13-07-00-00", "alternatives": ["90", "905", "90"]}, {"date": "2023-07-13-07-00-00", "alternatives": ["90", "905", "90"]}, {"date": "2023-07-13-07-00-00", "alternatives": ["90", "905", "90"]}, {"date": "2023-07-13-07-00-00", "alternatives": ["90", "905", "90"]}, {"date": "2023-07-13-07-00-00", "alternatives": ["90", "905", "90"]}]}, {"location": {"country_code": "mx"}, "game_id": "314852", "values": [{"date": "2023-07-14-01-00-00", "alternatives": ["7", "70", "70"]}]}, {"location": {"country_code": "br", "region": "Sao Paulo", "city": "Apiai"}, "game_id": "314852", "values": [{"date": "2023-07-13-03-00-00", "alternatives": [57, 157, 57, 57]}, {"date": "2023-07-13-03-00-00", "alternatives": [57, 157, 57, 57]}, {"date": "2023-07-13-03-00-00", "alternatives": [57, 157, 57, 57]}]}, {"location": {"country_code": "tr"}, "game_id": "314852", "values": [{"date": "2023-07-13-22-00-00", "alternatives": [18, 48, 148, 148, 148]}, {"date": "2023-07-13-22-00-00", "alternatives": [18, 48, 148, 148, 148]}, {"date": "2023-07-13-22-00-00", "alternatives": [18, 48, 148, 148, 148]}]}, {"location": {"country_code": "ar"}, "game_id": "314852", "values": [{"date": "2023-07-13-05-00-00", "alternatives": ["168", "168", "68"]}, {"date": "2023-07-13-05-00-00", "alternatives": ["168", "168", "68"]}]}, {"location": {"country_code": "us", "region": "Massachusetts"}, "game_id": "314852", "values": [{"date": "2023-07-13-11-00-00", "alternatives": ["75", "75", "1"]}]}, {"location": {"country_code": "hu"}, "game_id": "314852", "values": [{"date": "2023-07-14-00-00-00", "alternatives": ["8", "18", "18"]}, {"date": "2023-07-14-00-00-00", "alternatives": ["8", "18", "18"]}]}, {"location": {"country_code": "ru"}, "game_id": "314852", "values": [{"date": "2023-07-13-14-00-00", "alternatives": ["121", "121", "191"]}]}, {"location": {"country_code": "my"}, "game_id": "314852", "values": [{"date": "2023-07-13-19-00-00", "alternatives": ["103", "103", "05"]}, {"date": "2023-07-13-19-00-00", "alternatives": ["103", "103", "05"]}, {"date": "2023-07-13-18-00-00", "alternatives": ["94", "9", "9"]}]}, {"location": {"country_code": "id"}, "game_id": "314852", "values": [{"date": "2023-07-13-03-00-00", "alternatives": ["11803", "118", "118"]}, {"date": "2023-07-13-08-00-00", "alternatives": ["06", "105", "105"]}, {"date": "2023-07-13-08-00-00", "alternatives": ["06", "105", "105"]}, {"date": "2023-07-13-08-00-00", "alternatives": ["06", "105", "105"]}]}, {"location": {"country_code": "bg"}, "game_id": "314852", "values": [{"date": "2023-07-13-15-00-00", "alternatives": ["30", "30", "20"]}]}, {"location": {"country_code": "br", "region": "Sao Paulo", "city": "Osasco"}, "game_id": "314852", "values": [{"date": "2023-07-13-04-00-00", "alternatives": ["203", "203", "07"]}]}, {"location": {"country_code": "pt", "region": "Northern Mariana Islands", "city": "Porto"}, "game_id": "314852", "values": [{"date": "2023-07-13-21-00-00", "alternatives": ["45", "45", "25"]}, {"date": "2023-07-13-21-00-00", "alternatives": ["45", "45", "25"]}]}, {"location": {"country_code": "br", "region": "Minas Gerais", "city": "Barbacena"}, "game_id": "314852", "values": [{"date": "2023-07-13-20-00-00", "alternatives": ["126", "126", "16"]}]}, {"location": {"country_code": "mx", "region": "Sinaloa"}, "game_id": "314852", "values": [{"date": "2023-07-13-08-00-00", "alternatives": ["81", "81", "1"]}]}, {"location": {"country_code": "pl", "region": "Lubusz Voivodship", "city": "Gorzow Wielkopolski"}, "game_id": "314852", "values": [{"date": "2023-07-13-11-00-00", "alternatives": [3, 14, 14, 14]}]}], "last_updated": 1719918115.200402}