{"data": [{"location": {"country_code": "us"}, "game_id": "135305", "values": [{"date": "2022-06-10-02-00-00", "latency": 16}, {"date": "2022-06-10-02-00-00", "latency": 16}, {"date": "2022-06-10-02-00-00", "latency": 16}, {"date": "2022-06-10-02-00-00", "latency": 16}, {"date": "2022-06-10-02-00-00", "latency": 16}]}, {"location": {"country_code": "nz", "region": "Auckland", "city": "Auckland"}, "game_id": "135305", "values": [{"date": "2022-06-09-12-00-00", "latency": 8}]}, {"location": {"country_code": "gb"}, "game_id": "135305", "values": [{"date": "2022-06-09-18-00-00", "latency": 7}]}, {"location": {"country_code": "th"}, "game_id": "135305", "values": [{"date": "2022-06-09-23-00-00", "latency": 3}]}, {"location": {"country_code": "ca"}, "game_id": "135305", "values": [{"date": "2022-06-09-07-00-00", "latency": 9}]}, {"location": {"country_code": "tw"}, "game_id": "135305", "values": [{"date": "2022-06-09-13-00-00", "latency": 43}, {"date": "2022-06-09-13-00-00", "latency": 43}, {"date": "2022-06-09-13-00-00", "latency": 43}]}, {"location": {"country_code": "gb", "region": "England"}, "game_id": "135305", "values": [{"date": "2022-06-09-21-00-00", "latency": 38}, {"date": "2022-06-09-21-00-00", "latency": 38}, {"date": "2022-06-09-21-00-00", "latency": 38}, {"date": "2022-06-09-21-00-00", "latency": 38}]}, {"location": {"country_code": "cl"}, "game_id": "135305", "values": [{"date": "2022-06-09-10-00-00", "latency": 37}, {"date": "2022-06-09-10-00-00", "latency": 37}, {"date": "2022-06-09-10-00-00", "latency": 37}, {"date": "2022-06-09-23-00-00", "latency": 26}]}, {"location": {"country_code": "ph"}, "game_id": "135305", "values": [{"date": "2022-06-09-04-00-00", "latency": 99}, {"date": "2022-06-09-16-00-00", "latency": 6}, {"date": "2022-06-09-14-00-00", "latency": 128}, {"date": "2022-06-09-14-00-00", "latency": 128}, {"date": "2022-06-09-16-00-00", "latency": 70}, {"date": "2022-06-10-02-00-00", "latency": 7}, {"date": "2022-06-09-18-00-00", "latency": 6}, {"date": "2022-06-09-12-00-00", "latency": 174}, {"date": "2022-06-09-13-00-00", "latency": 7}]}, {"location": {"country_code": "mx"}, "game_id": "135305", "values": [{"date": "2022-06-09-10-00-00", "latency": 8}, {"date": "2022-06-10-01-00-00", "latency": 6}, {"date": "2022-06-09-21-00-00", "latency": 9}, {"date": "2022-06-09-09-00-00", "latency": 2}]}, {"location": {"country_code": "mx", "region": "Mexico City"}, "game_id": "135305", "values": [{"date": "2022-06-09-06-00-00", "latency": 7}]}, {"location": {"country_code": "in"}, "game_id": "135305", "values": [{"date": "2022-06-09-12-00-00", "latency": 127}]}, {"location": {"country_code": "us", "region": "California"}, "game_id": "135305", "values": [{"date": "2022-06-09-15-00-00", "latency": 1}]}, {"location": {"country_code": "br"}, "game_id": "135305", "values": [{"date": "2022-06-09-03-00-00", "latency": 57}, {"date": "2022-06-09-22-00-00", "latency": 1}, {"date": "2022-06-09-04-00-00", "latency": 10}, {"date": "2022-06-09-04-00-00", "latency": 10}, {"date": "2022-06-10-01-00-00", "latency": 34}, {"date": "2022-06-09-19-00-00", "latency": 13}, {"date": "2022-06-09-19-00-00", "latency": 13}]}, {"location": {"country_code": "br", "region": "Sao Paulo", "city": "Palmital"}, "game_id": "135305", "values": [{"date": "2022-06-09-23-00-00", "latency": 12}, {"date": "2022-06-09-23-00-00", "latency": 12}]}, {"location": {"country_code": "br", "region": "Estado de Bahia", "city": "Malhada"}, "game_id": "135305", "values": [{"date": "2022-06-09-20-00-00", "latency": 51}]}, {"location": {"country_code": "br", "region": "Sao Paulo", "city": "Apiai"}, "game_id": "135305", "values": [{"date": "2022-06-09-05-00-00", "latency": 12}, {"date": "2022-06-09-11-00-00", "latency": 2}]}, {"location": {"country_code": "au", "region": "Queensland", "city": "Brisbane"}, "game_id": "135305", "values": [{"date": "2022-06-09-18-00-00", "latency": 20}]}, {"location": {"country_code": "br", "region": "Goias", "city": "Catalao"}, "game_id": "135305", "values": [{"date": "2022-06-09-04-00-00", "latency": 327}]}, {"location": {"country_code": "us", "region": "Pennsylvania", "city": "Philadelphia"}, "game_id": "135305", "values": [{"date": "2022-06-09-07-00-00", "latency": 2}]}, {"location": {"country_code": "es", "region": "Murcia", "city": "Lorca"}, "game_id": "135305", "values": [{"date": "2022-06-09-20-00-00", "latency": 27}]}, {"location": {"country_code": "ar"}, "game_id": "135305", "values": [{"date": "2022-06-09-04-00-00", "latency": 87}, {"date": "2022-06-09-04-00-00", "latency": 87}]}, {"location": {"country_code": "co"}, "game_id": "135305", "values": [{"date": "2022-06-09-04-00-00", "latency": 93}, {"date": "2022-06-09-04-00-00", "latency": 93}, {"date": "2022-06-09-04-00-00", "latency": 93}, {"date": "2022-06-09-04-00-00", "latency": 93}]}, {"location": {"country_code": "cr"}, "game_id": "135305", "values": [{"date": "2022-06-09-06-00-00", "latency": 85}]}, {"location": {"country_code": "gb", "region": "England", "city": "London"}, "game_id": "135305", "values": [{"date": "2022-06-09-23-00-00", "latency": 2}]}, {"location": {"country_code": "ie"}, "game_id": "135305", "values": [{"date": "2022-06-09-19-00-00", "latency": 22}]}, {"location": {"country_code": "kr", "region": "Seoul"}, "game_id": "135305", "values": [{"date": "2022-06-09-04-00-00", "latency": 14}]}, {"location": {"country_code": "kz"}, "game_id": "135305", "values": [{"date": "2022-06-09-22-00-00", "latency": 1}]}, {"location": {"country_code": "sg"}, "game_id": "135305", "values": [{"date": "2022-06-09-17-00-00", "latency": 35}, {"date": "2022-06-09-17-00-00", "latency": 7}, {"date": "2022-06-09-17-00-00", "latency": 7}]}, {"location": {"country_code": "ca", "region": "Ontario", "city": "Toronto"}, "game_id": "135305", "values": [{"date": "2022-06-09-03-00-00", "latency": 7}]}, {"location": {"country_code": "my"}, "game_id": "135305", "values": [{"date": "2022-06-09-11-00-00", "latency": 60}, {"date": "2022-06-09-12-00-00", "latency": 7}, {"date": "2022-06-09-12-00-00", "latency": 76}, {"date": "2022-06-09-12-00-00", "latency": 76}, {"date": "2022-06-09-12-00-00", "latency": 76}, {"date": "2022-06-09-12-00-00", "latency": 76}]}, {"location": {"country_code": "id"}, "game_id": "135305", "values": [{"date": "2022-06-09-13-00-00", "latency": 6}, {"date": "2022-06-09-20-00-00", "latency": 7}]}, {"location": {"country_code": "us", "region": "Illinois"}, "game_id": "135305", "values": [{"date": "2022-06-09-06-00-00", "latency": 13}]}, {"location": {"country_code": "us", "region": "Colorado"}, "game_id": "135305", "values": [{"date": "2022-06-09-07-00-00", "latency": 59}, {"date": "2022-06-09-07-00-00", "latency": 59}, {"date": "2022-06-09-07-00-00", "latency": 59}, {"date": "2022-06-09-07-00-00", "latency": 59}, {"date": "2022-06-09-07-00-00", "latency": 59}]}, {"location": {"country_code": "mx", "region": "Jalisco", "city": "Guadalajara"}, "game_id": "135305", "values": [{"date": "2022-06-10-00-00-00", "latency": 17}]}, {"location": {"country_code": "br", "region": "Mato Grosso do Sul", "city": "Campo Grande"}, "game_id": "135305", "values": [{"date": "2022-06-09-05-00-00", "latency": 0}, {"date": "2022-06-09-05-00-00", "latency": 0}, {"date": "2022-06-09-05-00-00", "latency": 0}]}, {"location": {"country_code": "hn"}, "game_id": "135305", "values": [{"date": "2022-06-09-07-00-00", "latency": 90}]}, {"location": {"country_code": "us", "region": "Tennessee", "city": "Nashville"}, "game_id": "135305", "values": [{"date": "2022-06-09-12-00-00", "latency": 63}, {"date": "2022-06-09-12-00-00", "latency": 63}]}, {"location": {"country_code": "es", "region": "Principality of Asturias"}, "game_id": "135305", "values": [{"date": "2022-06-09-23-00-00", "latency": 30}]}, {"location": {"country_code": "us", "region": "Alaska", "city": "Anchorage"}, "game_id": "135305", "values": [{"date": "2022-06-09-20-00-00", "latency": 1}]}, {"location": {"country_code": "ec", "region": "Pichincha"}, "game_id": "135305", "values": [{"date": "2022-06-09-06-00-00", "latency": 70}]}, {"location": {"country_code": "br", "region": "Sao Paulo", "city": "Mogi das Cruzes"}, "game_id": "135305", "values": [{"date": "2022-06-09-14-00-00", "latency": 140}]}, {"location": {"country_code": "br", "region": "Ceara", "city": "Maranguape"}, "game_id": "135305", "values": [{"date": "2022-06-09-04-00-00", "latency": 10}]}], "last_updated": 1719919348.503123}