{"data": [{"location": {"country_code": "us"}, "game_id": "461764", "values": [{"date": "2024-03-29-01-00-00", "latency": 35}, {"date": "2024-03-29-01-00-00", "latency": 35}, {"date": "2024-03-29-01-00-00", "latency": 35}, {"date": "2024-03-29-01-00-00", "latency": 35}, {"date": "2024-03-29-01-00-00", "latency": 35}, {"date": "2024-03-29-01-00-00", "latency": 35}, {"date": "2024-03-29-01-00-00", "latency": 35}, {"date": "2024-03-29-01-00-00", "latency": 35}, {"date": "2024-03-29-01-00-00", "latency": 35}, {"date": "2024-03-29-01-00-00", "latency": 35}, {"date": "2024-03-29-01-00-00", "latency": 35}, {"date": "2024-03-29-01-00-00", "latency": 35}, {"date": "2024-03-29-01-00-00", "latency": 35}, {"date": "2024-03-29-01-00-00", "latency": 35}, {"date": "2024-03-29-01-00-00", "latency": 35}, {"date": "2024-03-29-01-00-00", "latency": 35}, {"date": "2024-03-29-01-00-00", "latency": 35}, {"date": "2024-03-29-01-00-00", "latency": 35}, {"date": "2024-03-29-01-00-00", "latency": 35}, {"date": "2024-03-29-01-00-00", "latency": 35}, {"date": "2024-03-29-01-00-00", "latency": 35}, {"date": "2024-03-29-01-00-00", "latency": 35}, {"date": "2024-03-29-01-00-00", "latency": 35}, {"date": "2024-03-29-01-00-00", "latency": 35}, {"date": "2024-03-29-01-00-00", "latency": 35}, {"date": "2024-03-29-01-00-00", "latency": 35}, {"date": "2024-03-29-01-00-00", "latency": 35}, {"date": "2024-03-29-01-00-00", "latency": 35}, {"date": "2024-03-29-01-00-00", "latency": 35}, {"date": "2024-03-29-01-00-00", "latency": 35}, {"date": "2024-03-29-01-00-00", "latency": 35}, {"date": "2024-03-29-01-00-00", "latency": 35}, {"date": "2024-03-29-01-00-00", "latency": 35}, {"date": "2024-03-29-01-00-00", "latency": 35}, {"date": "2024-03-29-01-00-00", "latency": 35}, {"date": "2024-03-29-01-00-00", "latency": 35}, {"date": "2024-03-28-10-00-00", "latency": 36}, {"date": "2024-03-28-10-00-00", "latency": 36}, {"date": "2024-03-28-10-00-00", "latency": 36}, {"date": "2024-03-28-10-00-00", "latency": 36}, {"date": "2024-03-28-10-00-00", "latency": 36}, {"date": "2024-03-28-10-00-00", "latency": 36}, {"date": "2024-03-28-10-00-00", "latency": 36}, {"date": "2024-03-28-10-00-00", "latency": 36}, {"date": "2024-03-28-10-00-00", "latency": 36}, {"date": "2024-03-28-10-00-00", "latency": 36}, {"date": "2024-03-28-10-00-00", "latency": 36}, {"date": "2024-03-28-10-00-00", "latency": 36}, {"date": "2024-03-28-10-00-00", "latency": 36}, {"date": "2024-03-28-10-00-00", "latency": 36}, {"date": "2024-03-28-10-00-00", "latency": 36}, {"date": "2024-03-28-03-00-00", "latency": 38}]}, {"location": {"country_code": "us", "region": "Texas", "city": "San Antonio"}, "game_id": "461764", "values": [{"date": "2024-03-28-01-00-00", "latency": 38}]}, {"location": {"country_code": "gr"}, "game_id": "461764", "values": [{"date": "2024-03-28-20-00-00", "latency": 34}]}, {"location": {"country_code": "gr", "region": "Apokentromeni Dioikisi Attikis", "city": "Athens"}, "game_id": "461764", "values": [{"date": "2024-03-28-19-00-00", "latency": 35}, {"date": "2024-03-28-19-00-00", "latency": 35}, {"date": "2024-03-28-19-00-00", "latency": 35}, {"date": "2024-03-28-19-00-00", "latency": 35}, {"date": "2024-03-28-19-00-00", "latency": 35}, {"date": "2024-03-28-19-00-00", "latency": 35}, {"date": "2024-03-28-19-00-00", "latency": 35}, {"date": "2024-03-28-19-00-00", "latency": 35}, {"date": "2024-03-28-19-00-00", "latency": 35}, {"date": "2024-03-28-19-00-00", "latency": 35}, {"date": "2024-03-28-19-00-00", "latency": 35}, {"date": "2024-03-28-19-00-00", "latency": 35}, {"date": "2024-03-28-19-00-00", "latency": 35}, {"date": "2024-03-28-19-00-00", "latency": 35}, {"date": "2024-03-28-19-00-00", "latency": 35}, {"date": "2024-03-28-19-00-00", "latency": 35}, {"date": "2024-03-28-19-00-00", "latency": 35}]}, {"location": {"country_code": "it"}, "game_id": "461764", "values": [{"date": "2024-03-28-22-00-00", "latency": 36}, {"date": "2024-03-28-22-00-00", "latency": 36}, {"date": "2024-03-28-22-00-00", "latency": 36}, {"date": "2024-03-28-22-00-00", "latency": 36}, {"date": "2024-03-28-22-00-00", "latency": 36}, {"date": "2024-03-28-22-00-00", "latency": 36}, {"date": "2024-03-28-22-00-00", "latency": 36}, {"date": "2024-03-28-22-00-00", "latency": 36}, {"date": "2024-03-28-22-00-00", "latency": 36}]}, {"location": {"country_code": "jp"}, "game_id": "461764", "values": [{"date": "2024-03-28-09-00-00", "latency": 36}, {"date": "2024-03-28-09-00-00", "latency": 36}, {"date": "2024-03-28-09-00-00", "latency": 36}, {"date": "2024-03-28-09-00-00", "latency": 36}, {"date": "2024-03-28-09-00-00", "latency": 36}, {"date": "2024-03-28-09-00-00", "latency": 36}, {"date": "2024-03-28-09-00-00", "latency": 36}]}, {"location": {"country_code": "ca"}, "game_id": "461764", "values": [{"date": "2024-03-28-17-00-00", "latency": 42}, {"date": "2024-03-28-17-00-00", "latency": 42}, {"date": "2024-03-28-17-00-00", "latency": 42}, {"date": "2024-03-28-17-00-00", "latency": 42}, {"date": "2024-03-28-17-00-00", "latency": 42}, {"date": "2024-03-28-17-00-00", "latency": 42}, {"date": "2024-03-28-17-00-00", "latency": 42}, {"date": "2024-03-28-17-00-00", "latency": 42}, {"date": "2024-03-28-17-00-00", "latency": 42}, {"date": "2024-03-28-17-00-00", "latency": 42}, {"date": "2024-03-28-17-00-00", "latency": 42}, {"date": "2024-03-28-17-00-00", "latency": 42}, {"date": "2024-03-28-10-00-00", "latency": 35}, {"date": "2024-03-28-10-00-00", "latency": 35}, {"date": "2024-03-28-10-00-00", "latency": 35}, {"date": "2024-03-28-10-00-00", "latency": 35}, {"date": "2024-03-28-10-00-00", "latency": 35}, {"date": "2024-03-28-10-00-00", "latency": 35}, {"date": "2024-03-28-10-00-00", "latency": 35}, {"date": "2024-03-28-10-00-00", "latency": 35}, {"date": "2024-03-28-10-00-00", "latency": 35}, {"date": "2024-03-28-10-00-00", "latency": 35}, {"date": "2024-03-28-10-00-00", "latency": 35}, {"date": "2024-03-28-10-00-00", "latency": 35}, {"date": "2024-03-28-10-00-00", "latency": 35}, {"date": "2024-03-28-10-00-00", "latency": 35}, {"date": "2024-03-28-10-00-00", "latency": 35}, {"date": "2024-03-28-10-00-00", "latency": 35}, {"date": "2024-03-28-10-00-00", "latency": 35}, {"date": "2024-03-28-10-00-00", "latency": 35}, {"date": "2024-03-28-10-00-00", "latency": 35}, {"date": "2024-03-28-10-00-00", "latency": 35}, {"date": "2024-03-28-10-00-00", "latency": 35}, {"date": "2024-03-28-10-00-00", "latency": 35}, {"date": "2024-03-28-10-00-00", "latency": 35}, {"date": "2024-03-28-10-00-00", "latency": 35}, {"date": "2024-03-28-10-00-00", "latency": 35}, {"date": "2024-03-28-10-00-00", "latency": 35}, {"date": "2024-03-28-10-00-00", "latency": 35}]}, {"location": {"country_code": "de"}, "game_id": "461764", "values": [{"date": "2024-03-28-22-00-00", "latency": 944}, {"date": "2024-03-28-22-00-00", "latency": 944}, {"date": "2024-03-28-22-00-00", "latency": 944}, {"date": "2024-03-28-22-00-00", "latency": 944}, {"date": "2024-03-28-23-00-00", "latency": 30}, {"date": "2024-03-28-23-00-00", "latency": 30}, {"date": "2024-03-28-23-00-00", "latency": 30}, {"date": "2024-03-28-23-00-00", "latency": 30}, {"date": "2024-03-28-23-00-00", "latency": 30}, {"date": "2024-03-28-23-00-00", "latency": 30}, {"date": "2024-03-28-23-00-00", "latency": 30}, {"date": "2024-03-28-23-00-00", "latency": 30}, {"date": "2024-03-28-23-00-00", "latency": 30}, {"date": "2024-03-28-23-00-00", "latency": 30}, {"date": "2024-03-28-23-00-00", "latency": 30}, {"date": "2024-03-28-23-00-00", "latency": 30}, {"date": "2024-03-28-23-00-00", "latency": 30}, {"date": "2024-03-28-23-00-00", "latency": 30}, {"date": "2024-03-28-23-00-00", "latency": 30}, {"date": "2024-03-28-23-00-00", "latency": 30}, {"date": "2024-03-28-23-00-00", "latency": 30}, {"date": "2024-03-28-23-00-00", "latency": 30}, {"date": "2024-03-28-23-00-00", "latency": 30}, {"date": "2024-03-28-23-00-00", "latency": 30}, {"date": "2024-03-28-23-00-00", "latency": 30}, {"date": "2024-03-28-23-00-00", "latency": 30}, {"date": "2024-03-28-23-00-00", "latency": 30}, {"date": "2024-03-28-23-00-00", "latency": 30}, {"date": "2024-03-28-23-00-00", "latency": 30}, {"date": "2024-03-28-23-00-00", "latency": 30}, {"date": "2024-03-28-23-00-00", "latency": 30}, {"date": "2024-03-28-23-00-00", "latency": 30}, {"date": "2024-03-28-23-00-00", "latency": 30}, {"date": "2024-03-28-23-00-00", "latency": 30}, {"date": "2024-03-28-23-00-00", "latency": 30}, {"date": "2024-03-28-23-00-00", "latency": 30}, {"date": "2024-03-28-23-00-00", "latency": 30}, {"date": "2024-03-28-23-00-00", "latency": 30}, {"date": "2024-03-28-23-00-00", "latency": 30}, {"date": "2024-03-28-23-00-00", "latency": 30}, {"date": "2024-03-28-23-00-00", "latency": 30}, {"date": "2024-03-28-23-00-00", "latency": 30}, {"date": "2024-03-28-23-00-00", "latency": 30}, {"date": "2024-03-28-23-00-00", "latency": 30}, {"date": "2024-03-28-23-00-00", "latency": 30}, {"date": "2024-03-28-23-00-00", "latency": 30}, {"date": "2024-03-28-23-00-00", "latency": 30}, {"date": "2024-03-28-23-00-00", "latency": 30}, {"date": "2024-03-28-23-00-00", "latency": 30}, {"date": "2024-03-28-23-00-00", "latency": 30}, {"date": "2024-03-28-23-00-00", "latency": 30}, {"date": "2024-03-28-23-00-00", "latency": 30}, {"date": "2024-03-28-23-00-00", "latency": 30}, {"date": "2024-03-28-23-00-00", "latency": 30}, {"date": "2024-03-28-23-00-00", "latency": 30}, {"date": "2024-03-28-23-00-00", "latency": 30}, {"date": "2024-03-28-23-00-00", "latency": 30}, {"date": "2024-03-28-23-00-00", "latency": 30}, {"date": "2024-03-28-23-00-00", "latency": 30}, {"date": "2024-03-28-23-00-00", "latency": 30}, {"date": "2024-03-28-23-00-00", "latency": 30}, {"date": "2024-03-28-23-00-00", "latency": 30}, {"date": "2024-03-28-23-00-00", "latency": 30}, {"date": "2024-03-28-23-00-00", "latency": 30}, {"date": "2024-03-28-23-00-00", "latency": 30}, {"date": "2024-03-28-23-00-00", "latency": 30}, {"date": "2024-03-28-23-00-00", "latency": 30}, {"date": "2024-03-28-23-00-00", "latency": 30}, {"date": "2024-03-28-23-00-00", "latency": 30}, {"date": "2024-03-28-23-00-00", "latency": 30}, {"date": "2024-03-28-23-00-00", "latency": 30}, {"date": "2024-03-28-23-00-00", "latency": 30}, {"date": "2024-03-28-23-00-00", "latency": 30}, {"date": "2024-03-28-23-00-00", "latency": 30}, {"date": "2024-03-28-23-00-00", "latency": 30}, {"date": "2024-03-28-23-00-00", "latency": 30}, {"date": "2024-03-28-23-00-00", "latency": 30}, {"date": "2024-03-28-23-00-00", "latency": 30}, {"date": "2024-03-28-23-00-00", "latency": 30}, {"date": "2024-03-28-23-00-00", "latency": 30}, {"date": "2024-03-28-23-00-00", "latency": 30}, {"date": "2024-03-28-23-00-00", "latency": 30}, {"date": "2024-03-28-23-00-00", "latency": 30}, {"date": "2024-03-28-23-00-00", "latency": 30}, {"date": "2024-03-28-23-00-00", "latency": 30}, {"date": "2024-03-28-23-00-00", "latency": 30}, {"date": "2024-03-28-23-00-00", "latency": 30}, {"date": "2024-03-28-23-00-00", "latency": 30}, {"date": "2024-03-28-23-00-00", "latency": 30}, {"date": "2024-03-28-23-00-00", "latency": 30}, {"date": "2024-03-28-23-00-00", "latency": 30}, {"date": "2024-03-28-23-00-00", "latency": 30}, {"date": "2024-03-28-23-00-00", "latency": 30}, {"date": "2024-03-28-23-00-00", "latency": 30}, {"date": "2024-03-28-23-00-00", "latency": 30}, {"date": "2024-03-28-23-00-00", "latency": 30}, {"date": "2024-03-28-23-00-00", "latency": 30}, {"date": "2024-03-28-23-00-00", "latency": 30}, {"date": "2024-03-28-23-00-00", "latency": 30}, {"date": "2024-03-28-23-00-00", "latency": 30}, {"date": "2024-03-28-23-00-00", "latency": 30}, {"date": "2024-03-28-23-00-00", "latency": 30}, {"date": "2024-03-28-23-00-00", "latency": 30}, {"date": "2024-03-28-23-00-00", "latency": 30}, {"date": "2024-03-28-23-00-00", "latency": 30}, {"date": "2024-03-28-23-00-00", "latency": 30}]}, {"location": {"country_code": "fr"}, "game_id": "461764", "values": [{"date": "2024-03-29-00-00-00", "latency": 29}, {"date": "2024-03-29-00-00-00", "latency": 29}, {"date": "2024-03-29-00-00-00", "latency": 29}, {"date": "2024-03-29-00-00-00", "latency": 29}, {"date": "2024-03-29-00-00-00", "latency": 29}, {"date": "2024-03-29-00-00-00", "latency": 29}, {"date": "2024-03-29-00-00-00", "latency": 29}, {"date": "2024-03-29-00-00-00", "latency": 29}, {"date": "2024-03-29-00-00-00", "latency": 29}, {"date": "2024-03-29-00-00-00", "latency": 29}, {"date": "2024-03-29-00-00-00", "latency": 29}, {"date": "2024-03-28-11-00-00", "latency": 36}, {"date": "2024-03-28-11-00-00", "latency": 36}, {"date": "2024-03-28-11-00-00", "latency": 36}, {"date": "2024-03-28-11-00-00", "latency": 36}, {"date": "2024-03-28-11-00-00", "latency": 36}, {"date": "2024-03-28-11-00-00", "latency": 36}, {"date": "2024-03-28-11-00-00", "latency": 36}, {"date": "2024-03-28-11-00-00", "latency": 36}, {"date": "2024-03-28-11-00-00", "latency": 36}]}, {"location": {"country_code": "br", "region": "Sao Paulo", "city": "Apiai"}, "game_id": "461764", "values": [{"date": "2024-03-28-23-00-00", "latency": 4}, {"date": "2024-03-28-23-00-00", "latency": 4}]}, {"location": {"country_code": "es"}, "game_id": "461764", "values": [{"date": "2024-03-29-01-00-00", "latency": 80}, {"date": "2024-03-29-01-00-00", "latency": 80}, {"date": "2024-03-29-01-00-00", "latency": 80}, {"date": "2024-03-29-01-00-00", "latency": 80}, {"date": "2024-03-29-01-00-00", "latency": 80}]}, {"location": {"country_code": "pl"}, "game_id": "461764", "values": [{"date": "2024-03-29-01-00-00", "latency": 33}, {"date": "2024-03-29-01-00-00", "latency": 33}, {"date": "2024-03-29-01-00-00", "latency": 33}, {"date": "2024-03-29-01-00-00", "latency": 33}, {"date": "2024-03-29-01-00-00", "latency": 33}, {"date": "2024-03-29-01-00-00", "latency": 33}, {"date": "2024-03-29-01-00-00", "latency": 33}, {"date": "2024-03-29-01-00-00", "latency": 33}, {"date": "2024-03-29-01-00-00", "latency": 33}, {"date": "2024-03-29-01-00-00", "latency": 33}, {"date": "2024-03-29-01-00-00", "latency": 33}, {"date": "2024-03-29-01-00-00", "latency": 33}]}, {"location": {"country_code": "gb", "region": "England", "city": "London"}, "game_id": "461764", "values": [{"date": "2024-03-28-09-00-00", "latency": 54}, {"date": "2024-03-28-09-00-00", "latency": 54}, {"date": "2024-03-28-09-00-00", "latency": 54}, {"date": "2024-03-28-09-00-00", "latency": 54}, {"date": "2024-03-28-09-00-00", "latency": 54}, {"date": "2024-03-28-09-00-00", "latency": 54}, {"date": "2024-03-28-09-00-00", "latency": 54}, {"date": "2024-03-28-09-00-00", "latency": 54}, {"date": "2024-03-28-09-00-00", "latency": 54}, {"date": "2024-03-28-09-00-00", "latency": 54}, {"date": "2024-03-28-09-00-00", "latency": 54}]}, {"location": {"country_code": "ie"}, "game_id": "461764", "values": [{"date": "2024-03-28-23-00-00", "latency": 34}, {"date": "2024-03-28-23-00-00", "latency": 34}, {"date": "2024-03-28-23-00-00", "latency": 34}, {"date": "2024-03-28-23-00-00", "latency": 34}, {"date": "2024-03-28-23-00-00", "latency": 34}, {"date": "2024-03-28-23-00-00", "latency": 34}, {"date": "2024-03-28-23-00-00", "latency": 34}, {"date": "2024-03-28-23-00-00", "latency": 34}, {"date": "2024-03-28-23-00-00", "latency": 34}, {"date": "2024-03-28-23-00-00", "latency": 34}, {"date": "2024-03-28-23-00-00", "latency": 34}, {"date": "2024-03-28-23-00-00", "latency": 34}]}, {"location": {"country_code": "id"}, "game_id": "461764", "values": [{"date": "2024-03-28-23-00-00", "latency": 106}, {"date": "2024-03-28-23-00-00", "latency": 106}, {"date": "2024-03-28-23-00-00", "latency": 106}, {"date": "2024-03-28-23-00-00", "latency": 106}, {"date": "2024-03-28-23-00-00", "latency": 106}, {"date": "2024-03-28-23-00-00", "latency": 106}, {"date": "2024-03-28-23-00-00", "latency": 106}, {"date": "2024-03-28-23-00-00", "latency": 106}, {"date": "2024-03-28-23-00-00", "latency": 106}, {"date": "2024-03-28-23-00-00", "latency": 106}, {"date": "2024-03-28-23-00-00", "latency": 106}, {"date": "2024-03-28-23-00-00", "latency": 106}, {"date": "2024-03-28-23-00-00", "latency": 106}, {"date": "2024-03-28-23-00-00", "latency": 106}, {"date": "2024-03-28-23-00-00", "latency": 106}, {"date": "2024-03-28-13-00-00", "latency": 35}, {"date": "2024-03-28-13-00-00", "latency": 35}]}, {"location": {"country_code": "cl", "region": "Santiago Metropolitan", "city": "Santiago"}, "game_id": "461764", "values": [{"date": "2024-03-28-07-00-00", "latency": 189}, {"date": "2024-03-28-07-00-00", "latency": 189}, {"date": "2024-03-28-07-00-00", "latency": 189}]}, {"location": {"country_code": "pt"}, "game_id": "461764", "values": [{"date": "2024-03-28-20-00-00", "latency": 91}, {"date": "2024-03-28-20-00-00", "latency": 91}, {"date": "2024-03-28-20-00-00", "latency": 91}, {"date": "2024-03-28-20-00-00", "latency": 91}, {"date": "2024-03-28-20-00-00", "latency": 91}, {"date": "2024-03-28-20-00-00", "latency": 91}, {"date": "2024-03-28-20-00-00", "latency": 91}, {"date": "2024-03-28-20-00-00", "latency": 91}, {"date": "2024-03-28-20-00-00", "latency": 91}, {"date": "2024-03-28-20-00-00", "latency": 91}, {"date": "2024-03-28-20-00-00", "latency": 91}, {"date": "2024-03-28-20-00-00", "latency": 91}, {"date": "2024-03-28-20-00-00", "latency": 91}, {"date": "2024-03-28-20-00-00", "latency": 91}, {"date": "2024-03-28-20-00-00", "latency": 91}, {"date": "2024-03-28-20-00-00", "latency": 91}, {"date": "2024-03-28-20-00-00", "latency": 91}, {"date": "2024-03-28-20-00-00", "latency": 91}, {"date": "2024-03-28-20-00-00", "latency": 91}, {"date": "2024-03-28-20-00-00", "latency": 91}]}, {"location": {"country_code": "uy"}, "game_id": "461764", "values": [{"date": "2024-03-29-01-00-00", "latency": 107}, {"date": "2024-03-29-01-00-00", "latency": 107}]}, {"location": {"country_code": "ca", "region": "Alberta", "city": "Edmonton"}, "game_id": "461764", "values": [{"date": "2024-03-29-00-00-00", "latency": 35}, {"date": "2024-03-29-00-00-00", "latency": 35}, {"date": "2024-03-29-00-00-00", "latency": 35}, {"date": "2024-03-29-00-00-00", "latency": 35}, {"date": "2024-03-29-00-00-00", "latency": 35}, {"date": "2024-03-29-00-00-00", "latency": 35}]}, {"location": {"country_code": "ca", "region": "British Columbia", "city": "Richmond"}, "game_id": "461764", "values": [{"date": "2024-03-28-07-00-00", "latency": 35}, {"date": "2024-03-28-07-00-00", "latency": 35}, {"date": "2024-03-28-07-00-00", "latency": 35}, {"date": "2024-03-28-07-00-00", "latency": 35}, {"date": "2024-03-28-07-00-00", "latency": 35}, {"date": "2024-03-28-07-00-00", "latency": 35}, {"date": "2024-03-28-07-00-00", "latency": 35}, {"date": "2024-03-28-07-00-00", "latency": 35}, {"date": "2024-03-28-07-00-00", "latency": 35}]}, {"location": {"country_code": "lt"}, "game_id": "461764", "values": [{"date": "2024-03-28-22-00-00", "latency": 34}, {"date": "2024-03-28-22-00-00", "latency": 34}, {"date": "2024-03-28-22-00-00", "latency": 34}, {"date": "2024-03-28-22-00-00", "latency": 34}, {"date": "2024-03-28-22-00-00", "latency": 34}, {"date": "2024-03-28-22-00-00", "latency": 34}, {"date": "2024-03-28-22-00-00", "latency": 34}, {"date": "2024-03-28-22-00-00", "latency": 34}, {"date": "2024-03-28-22-00-00", "latency": 34}, {"date": "2024-03-28-22-00-00", "latency": 34}, {"date": "2024-03-28-22-00-00", "latency": 34}, {"date": "2024-03-28-22-00-00", "latency": 34}, {"date": "2024-03-28-22-00-00", "latency": 34}, {"date": "2024-03-28-22-00-00", "latency": 34}, {"date": "2024-03-28-22-00-00", "latency": 34}, {"date": "2024-03-28-22-00-00", "latency": 34}, {"date": "2024-03-28-22-00-00", "latency": 34}, {"date": "2024-03-28-22-00-00", "latency": 34}, {"date": "2024-03-28-22-00-00", "latency": 34}, {"date": "2024-03-28-22-00-00", "latency": 34}, {"date": "2024-03-28-22-00-00", "latency": 34}, {"date": "2024-03-28-22-00-00", "latency": 34}, {"date": "2024-03-28-22-00-00", "latency": 34}, {"date": "2024-03-28-22-00-00", "latency": 34}]}, {"location": {"country_code": "de", "region": "Lower Saxony"}, "game_id": "461764", "values": [{"date": "2024-03-28-15-00-00", "latency": 37}, {"date": "2024-03-28-15-00-00", "latency": 37}, {"date": "2024-03-28-15-00-00", "latency": 37}, {"date": "2024-03-28-15-00-00", "latency": 37}, {"date": "2024-03-28-15-00-00", "latency": 37}, {"date": "2024-03-28-15-00-00", "latency": 37}, {"date": "2024-03-28-15-00-00", "latency": 37}, {"date": "2024-03-28-15-00-00", "latency": 37}, {"date": "2024-03-28-15-00-00", "latency": 37}, {"date": "2024-03-28-15-00-00", "latency": 37}]}, {"location": {"country_code": "bg"}, "game_id": "461764", "values": [{"date": "2024-03-29-01-00-00", "latency": 34}, {"date": "2024-03-29-01-00-00", "latency": 34}, {"date": "2024-03-29-01-00-00", "latency": 34}, {"date": "2024-03-29-01-00-00", "latency": 34}, {"date": "2024-03-29-01-00-00", "latency": 34}, {"date": "2024-03-29-01-00-00", "latency": 34}, {"date": "2024-03-29-01-00-00", "latency": 34}, {"date": "2024-03-29-01-00-00", "latency": 34}, {"date": "2024-03-29-01-00-00", "latency": 34}, {"date": "2024-03-29-01-00-00", "latency": 34}, {"date": "2024-03-29-01-00-00", "latency": 34}, {"date": "2024-03-29-01-00-00", "latency": 34}, {"date": "2024-03-29-01-00-00", "latency": 34}, {"date": "2024-03-29-01-00-00", "latency": 34}, {"date": "2024-03-29-01-00-00", "latency": 34}, {"date": "2024-03-29-01-00-00", "latency": 34}, {"date": "2024-03-29-01-00-00", "latency": 34}, {"date": "2024-03-29-01-00-00", "latency": 34}, {"date": "2024-03-29-01-00-00", "latency": 34}, {"date": "2024-03-29-01-00-00", "latency": 34}, {"date": "2024-03-29-01-00-00", "latency": 34}, {"date": "2024-03-29-01-00-00", "latency": 34}, {"date": "2024-03-29-01-00-00", "latency": 34}]}, {"location": {"country_code": "us", "region": "Oregon", "city": "Portland"}, "game_id": "461764", "values": [{"date": "2024-03-29-01-00-00", "latency": 34}, {"date": "2024-03-29-01-00-00", "latency": 34}, {"date": "2024-03-29-01-00-00", "latency": 34}, {"date": "2024-03-29-01-00-00", "latency": 34}, {"date": "2024-03-29-01-00-00", "latency": 34}, {"date": "2024-03-29-01-00-00", "latency": 34}, {"date": "2024-03-29-01-00-00", "latency": 34}, {"date": "2024-03-29-01-00-00", "latency": 34}, {"date": "2024-03-29-01-00-00", "latency": 34}, {"date": "2024-03-29-01-00-00", "latency": 34}, {"date": "2024-03-29-01-00-00", "latency": 34}, {"date": "2024-03-29-01-00-00", "latency": 34}, {"date": "2024-03-29-01-00-00", "latency": 34}, {"date": "2024-03-29-01-00-00", "latency": 34}, {"date": "2024-03-29-01-00-00", "latency": 34}, {"date": "2024-03-29-01-00-00", "latency": 34}, {"date": "2024-03-29-01-00-00", "latency": 34}, {"date": "2024-03-29-01-00-00", "latency": 34}, {"date": "2024-03-29-01-00-00", "latency": 34}, {"date": "2024-03-29-01-00-00", "latency": 34}, {"date": "2024-03-29-01-00-00", "latency": 34}, {"date": "2024-03-29-01-00-00", "latency": 34}, {"date": "2024-03-29-01-00-00", "latency": 34}, {"date": "2024-03-29-01-00-00", "latency": 34}, {"date": "2024-03-29-01-00-00", "latency": 34}, {"date": "2024-03-29-01-00-00", "latency": 34}, {"date": "2024-03-29-01-00-00", "latency": 34}, {"date": "2024-03-29-01-00-00", "latency": 34}]}, {"location": {"country_code": "it", "region": "Veneto"}, "game_id": "461764", "values": [{"date": "2024-03-28-06-00-00", "latency": 5}]}, {"location": {"country_code": "mt"}, "game_id": "461764", "values": [{"date": "2024-03-28-22-00-00", "latency": 34}, {"date": "2024-03-28-22-00-00", "latency": 34}, {"date": "2024-03-28-22-00-00", "latency": 34}, {"date": "2024-03-28-22-00-00", "latency": 34}, {"date": "2024-03-28-22-00-00", "latency": 34}, {"date": "2024-03-28-22-00-00", "latency": 34}, {"date": "2024-03-28-22-00-00", "latency": 34}, {"date": "2024-03-28-22-00-00", "latency": 34}, {"date": "2024-03-28-22-00-00", "latency": 34}]}, {"location": {"country_code": "jp", "region": "Hiroshima"}, "game_id": "461764", "values": [{"date": "2024-03-28-14-00-00", "latency": 35}, {"date": "2024-03-28-14-00-00", "latency": 35}, {"date": "2024-03-28-14-00-00", "latency": 35}, {"date": "2024-03-28-14-00-00", "latency": 35}, {"date": "2024-03-28-14-00-00", "latency": 35}, {"date": "2024-03-28-14-00-00", "latency": 35}, {"date": "2024-03-28-14-00-00", "latency": 35}, {"date": "2024-03-28-14-00-00", "latency": 35}, {"date": "2024-03-28-14-00-00", "latency": 35}, {"date": "2024-03-28-14-00-00", "latency": 35}, {"date": "2024-03-28-14-00-00", "latency": 35}, {"date": "2024-03-28-14-00-00", "latency": 35}, {"date": "2024-03-28-14-00-00", "latency": 35}, {"date": "2024-03-28-14-00-00", "latency": 35}, {"date": "2024-03-28-14-00-00", "latency": 35}, {"date": "2024-03-28-14-00-00", "latency": 35}, {"date": "2024-03-28-14-00-00", "latency": 35}, {"date": "2024-03-28-14-00-00", "latency": 35}, {"date": "2024-03-28-14-00-00", "latency": 35}, {"date": "2024-03-28-14-00-00", "latency": 35}, {"date": "2024-03-28-14-00-00", "latency": 35}, {"date": "2024-03-28-14-00-00", "latency": 35}, {"date": "2024-03-28-14-00-00", "latency": 35}]}, {"location": {"country_code": "gb", "region": "England", "city": "Newcastle upon Tyne"}, "game_id": "461764", "values": [{"date": "2024-03-29-01-00-00", "latency": 35}, {"date": "2024-03-29-01-00-00", "latency": 35}, {"date": "2024-03-29-01-00-00", "latency": 35}, {"date": "2024-03-29-01-00-00", "latency": 35}, {"date": "2024-03-29-01-00-00", "latency": 35}, {"date": "2024-03-29-01-00-00", "latency": 35}, {"date": "2024-03-29-01-00-00", "latency": 35}, {"date": "2024-03-29-01-00-00", "latency": 35}, {"date": "2024-03-29-01-00-00", "latency": 35}, {"date": "2024-03-29-01-00-00", "latency": 35}]}, {"location": {"country_code": "be", "region": "Antwerp Province", "city": "Mechelen"}, "game_id": "461764", "values": [{"date": "2024-03-29-01-00-00", "latency": 59}, {"date": "2024-03-29-01-00-00", "latency": 59}, {"date": "2024-03-29-01-00-00", "latency": 59}, {"date": "2024-03-29-01-00-00", "latency": 59}, {"date": "2024-03-29-01-00-00", "latency": 59}, {"date": "2024-03-29-01-00-00", "latency": 59}, {"date": "2024-03-29-01-00-00", "latency": 59}, {"date": "2024-03-29-01-00-00", "latency": 59}, {"date": "2024-03-29-01-00-00", "latency": 59}, {"date": "2024-03-29-01-00-00", "latency": 59}, {"date": "2024-03-29-01-00-00", "latency": 59}, {"date": "2024-03-29-01-00-00", "latency": 59}, {"date": "2024-03-29-01-00-00", "latency": 59}, {"date": "2024-03-29-01-00-00", "latency": 59}, {"date": "2024-03-29-01-00-00", "latency": 59}, {"date": "2024-03-29-01-00-00", "latency": 59}]}, {"location": {"country_code": "gb", "region": "England", "city": "Ipswich"}, "game_id": "461764", "values": [{"date": "2024-03-28-18-00-00", "latency": 18}, {"date": "2024-03-28-18-00-00", "latency": 18}, {"date": "2024-03-28-18-00-00", "latency": 18}, {"date": "2024-03-28-18-00-00", "latency": 18}, {"date": "2024-03-28-18-00-00", "latency": 18}, {"date": "2024-03-28-18-00-00", "latency": 18}]}, {"location": {"country_code": "pl", "region": "Lesser Poland Voivodeship", "city": "Krakow"}, "game_id": "461764", "values": [{"date": "2024-03-29-01-00-00", "latency": 36}, {"date": "2024-03-29-01-00-00", "latency": 36}, {"date": "2024-03-29-01-00-00", "latency": 36}, {"date": "2024-03-29-01-00-00", "latency": 36}, {"date": "2024-03-29-01-00-00", "latency": 36}, {"date": "2024-03-29-01-00-00", "latency": 36}]}, {"location": {"country_code": "no", "region": "Bergen"}, "game_id": "461764", "values": [{"date": "2024-03-29-01-00-00", "latency": 35}, {"date": "2024-03-29-01-00-00", "latency": 35}, {"date": "2024-03-29-01-00-00", "latency": 35}]}, {"location": {"country_code": "cz", "region": "Kralovehradecky kraj"}, "game_id": "461764", "values": [{"date": "2024-03-28-22-00-00", "latency": 38}, {"date": "2024-03-28-22-00-00", "latency": 38}, {"date": "2024-03-28-22-00-00", "latency": 38}, {"date": "2024-03-28-22-00-00", "latency": 38}, {"date": "2024-03-28-22-00-00", "latency": 38}, {"date": "2024-03-28-22-00-00", "latency": 38}, {"date": "2024-03-28-22-00-00", "latency": 38}, {"date": "2024-03-28-22-00-00", "latency": 38}, {"date": "2024-03-28-22-00-00", "latency": 38}, {"date": "2024-03-28-22-00-00", "latency": 38}, {"date": "2024-03-28-22-00-00", "latency": 38}, {"date": "2024-03-28-22-00-00", "latency": 38}, {"date": "2024-03-28-22-00-00", "latency": 38}, {"date": "2024-03-28-22-00-00", "latency": 38}, {"date": "2024-03-28-22-00-00", "latency": 38}, {"date": "2024-03-28-22-00-00", "latency": 38}, {"date": "2024-03-28-22-00-00", "latency": 38}, {"date": "2024-03-28-22-00-00", "latency": 38}, {"date": "2024-03-28-22-00-00", "latency": 38}, {"date": "2024-03-28-22-00-00", "latency": 38}, {"date": "2024-03-28-22-00-00", "latency": 38}, {"date": "2024-03-28-22-00-00", "latency": 38}]}], "last_updated": 1719926791.375417}