{"data": [{"location": {"country_code": "si"}, "game_id": "747108", "values": [{"date": "2022-11-17-19-00-00", "latency": 15}]}, {"location": {"country_code": "nz"}, "game_id": "747108", "values": [{"date": "2022-11-17-03-00-00", "latency": 156}, {"date": "2022-11-17-03-00-00", "latency": 156}, {"date": "2022-11-17-03-00-00", "latency": 156}, {"date": "2022-11-17-03-00-00", "latency": 156}, {"date": "2022-11-17-03-00-00", "latency": 156}, {"date": "2022-11-17-03-00-00", "latency": 156}]}, {"location": {"country_code": "us"}, "game_id": "747108", "values": [{"date": "2022-11-17-06-00-00", "latency": 62}, {"date": "2022-11-17-06-00-00", "latency": 62}, {"date": "2022-11-17-06-00-00", "latency": 62}, {"date": "2022-11-17-06-00-00", "latency": 62}, {"date": "2022-11-17-06-00-00", "latency": 62}, {"date": "2022-11-17-12-00-00", "latency": 31}]}, {"location": {"country_code": "th"}, "game_id": "747108", "values": [{"date": "2022-11-17-20-00-00", "latency": 187}, {"date": "2022-11-17-20-00-00", "latency": 187}, {"date": "2022-11-17-20-00-00", "latency": 187}, {"date": "2022-11-17-20-00-00", "latency": 187}, {"date": "2022-11-17-20-00-00", "latency": 187}, {"date": "2022-11-17-20-00-00", "latency": 187}, {"date": "2022-11-17-20-00-00", "latency": 187}, {"date": "2022-11-17-20-00-00", "latency": 187}, {"date": "2022-11-17-20-00-00", "latency": 187}, {"date": "2022-11-17-20-00-00", "latency": 187}, {"date": "2022-11-17-20-00-00", "latency": 56}, {"date": "2022-11-17-20-00-00", "latency": 56}, {"date": "2022-11-17-20-00-00", "latency": 56}, {"date": "2022-11-17-20-00-00", "latency": 56}, {"date": "2022-11-17-20-00-00", "latency": 56}, {"date": "2022-11-17-20-00-00", "latency": 56}, {"date": "2022-11-17-20-00-00", "latency": 56}]}, {"location": {"country_code": "ro"}, "game_id": "747108", "values": [{"date": "2022-11-17-15-00-00", "latency": 31}]}, {"location": {"country_code": "ca"}, "game_id": "747108", "values": [{"date": "2022-11-17-04-00-00", "latency": 7}, {"date": "2022-11-17-08-00-00", "latency": 47}, {"date": "2022-11-17-08-00-00", "latency": 47}, {"date": "2022-11-17-08-00-00", "latency": 47}]}, {"location": {"country_code": "ca", "region": "Ontario"}, "game_id": "747108", "values": [{"date": "2022-11-17-02-00-00", "latency": 15}]}, {"location": {"country_code": "de"}, "game_id": "747108", "values": [{"date": "2022-11-17-20-00-00", "latency": 3}, {"date": "2022-11-17-20-00-00", "latency": 3}, {"date": "2022-11-17-20-00-00", "latency": 3}, {"date": "2022-11-17-20-00-00", "latency": 3}, {"date": "2022-11-17-20-00-00", "latency": 3}]}, {"location": {"country_code": "br", "region": "Parana", "city": "Araucaria"}, "game_id": "747108", "values": [{"date": "2022-11-17-13-00-00", "latency": 15}, {"date": "2022-11-17-13-00-00", "latency": 15}, {"date": "2022-11-17-13-00-00", "latency": 15}]}, {"location": {"country_code": "us", "region": "Florida"}, "game_id": "747108", "values": [{"date": "2022-11-17-08-00-00", "latency": 3}, {"date": "2022-11-17-08-00-00", "latency": 3}, {"date": "2022-11-17-08-00-00", "latency": 3}]}, {"location": {"country_code": "ph"}, "game_id": "747108", "values": [{"date": "2022-11-17-18-00-00", "latency": 164}, {"date": "2022-11-17-18-00-00", "latency": 164}, {"date": "2022-11-17-18-00-00", "latency": 164}, {"date": "2022-11-17-18-00-00", "latency": 164}]}, {"location": {"country_code": "fr"}, "game_id": "747108", "values": [{"date": "2022-11-18-00-00-00", "latency": 3}, {"date": "2022-11-18-00-00-00", "latency": 3}, {"date": "2022-11-18-00-00-00", "latency": 3}, {"date": "2022-11-18-00-00-00", "latency": 3}]}, {"location": {"country_code": "mx"}, "game_id": "747108", "values": [{"date": "2022-11-17-07-00-00", "latency": 62}, {"date": "2022-11-17-07-00-00", "latency": 62}, {"date": "2022-11-17-07-00-00", "latency": 62}, {"date": "2022-11-17-07-00-00", "latency": 62}, {"date": "2022-11-17-07-00-00", "latency": 62}, {"date": "2022-11-17-07-00-00", "latency": 62}, {"date": "2022-11-18-01-00-00", "latency": 62}, {"date": "2022-11-18-01-00-00", "latency": 62}]}, {"location": {"country_code": "br"}, "game_id": "747108", "values": [{"date": "2022-11-17-20-00-00", "latency": 16}, {"date": "2022-11-17-20-00-00", "latency": 16}, {"date": "2022-11-17-20-00-00", "latency": 16}, {"date": "2022-11-17-20-00-00", "latency": 16}, {"date": "2022-11-17-20-00-00", "latency": 16}, {"date": "2022-11-17-20-00-00", "latency": 16}, {"date": "2022-11-17-20-00-00", "latency": 16}, {"date": "2022-11-17-20-00-00", "latency": 16}, {"date": "2022-11-17-20-00-00", "latency": 16}, {"date": "2022-11-17-20-00-00", "latency": 16}, {"date": "2022-11-17-19-00-00", "latency": 6}, {"date": "2022-11-17-19-00-00", "latency": 6}, {"date": "2022-11-17-19-00-00", "latency": 6}, {"date": "2022-11-17-19-00-00", "latency": 6}]}, {"location": {"country_code": "br", "region": "Sao Paulo", "city": "Apiai"}, "game_id": "747108", "values": [{"date": "2022-11-17-03-00-00", "latency": 3}]}, {"location": {"country_code": "se"}, "game_id": "747108", "values": [{"date": "2022-11-17-16-00-00", "latency": 15}, {"date": "2022-11-17-16-00-00", "latency": 15}]}, {"location": {"country_code": "us", "region": "Maryland", "city": "Dundalk"}, "game_id": "747108", "values": [{"date": "2022-11-17-04-00-00", "latency": 15}]}, {"location": {"country_code": "tr"}, "game_id": "747108", "values": [{"date": "2022-11-17-12-00-00", "latency": 47}, {"date": "2022-11-17-12-00-00", "latency": 47}]}, {"location": {"country_code": "se", "region": "Gavleborg County", "city": "Gavle"}, "game_id": "747108", "values": [{"date": "2022-11-17-17-00-00", "latency": 15}, {"date": "2022-11-17-17-00-00", "latency": 15}, {"date": "2022-11-17-17-00-00", "latency": 15}, {"date": "2022-11-17-17-00-00", "latency": 15}]}, {"location": {"country_code": "ar"}, "game_id": "747108", "values": [{"date": "2022-11-18-00-00-00", "latency": 31}]}, {"location": {"country_code": "fi"}, "game_id": "747108", "values": [{"date": "2022-11-17-21-00-00", "latency": 31}, {"date": "2022-11-17-21-00-00", "latency": 31}, {"date": "2022-11-17-21-00-00", "latency": 31}, {"date": "2022-11-17-21-00-00", "latency": 31}]}, {"location": {"country_code": "co"}, "game_id": "747108", "values": [{"date": "2022-11-17-23-00-00", "latency": 62}, {"date": "2022-11-17-23-00-00", "latency": 62}, {"date": "2022-11-17-23-00-00", "latency": 62}, {"date": "2022-11-17-23-00-00", "latency": 62}, {"date": "2022-11-17-23-00-00", "latency": 62}, {"date": "2022-11-17-23-00-00", "latency": 62}, {"date": "2022-11-17-23-00-00", "latency": 62}, {"date": "2022-11-17-23-00-00", "latency": 62}, {"date": "2022-11-17-23-00-00", "latency": 62}, {"date": "2022-11-17-23-00-00", "latency": 62}, {"date": "2022-11-17-23-00-00", "latency": 62}]}, {"location": {"country_code": "cn"}, "game_id": "747108", "values": [{"date": "2022-11-17-22-00-00", "latency": 15}, {"date": "2022-11-17-22-00-00", "latency": 15}, {"date": "2022-11-17-22-00-00", "latency": 15}, {"date": "2022-11-17-22-00-00", "latency": 15}, {"date": "2022-11-17-22-00-00", "latency": 15}]}, {"location": {"country_code": "pl"}, "game_id": "747108", "values": [{"date": "2022-11-17-01-00-00", "latency": 31}, {"date": "2022-11-17-01-00-00", "latency": 31}, {"date": "2022-11-17-01-00-00", "latency": 31}, {"date": "2022-11-17-01-00-00", "latency": 31}, {"date": "2022-11-17-01-00-00", "latency": 31}, {"date": "2022-11-17-01-00-00", "latency": 31}, {"date": "2022-11-17-01-00-00", "latency": 31}]}, {"location": {"country_code": "kr", "region": "Seoul"}, "game_id": "747108", "values": [{"date": "2022-11-17-23-00-00", "latency": 187}, {"date": "2022-11-17-23-00-00", "latency": 187}, {"date": "2022-11-17-23-00-00", "latency": 187}]}, {"location": {"country_code": "uy"}, "game_id": "747108", "values": [{"date": "2022-11-17-04-00-00", "latency": 14}, {"date": "2022-11-17-04-00-00", "latency": 14}]}, {"location": {"country_code": "kw"}, "game_id": "747108", "values": [{"date": "2022-11-17-13-00-00", "latency": 93}, {"date": "2022-11-17-13-00-00", "latency": 93}, {"date": "2022-11-17-13-00-00", "latency": 93}, {"date": "2022-11-17-13-00-00", "latency": 93}, {"date": "2022-11-17-13-00-00", "latency": 93}, {"date": "2022-11-17-13-00-00", "latency": 93}]}, {"location": {"country_code": "ca", "region": "British Columbia", "city": "Richmond"}, "game_id": "747108", "values": [{"date": "2022-11-17-07-00-00", "latency": 15}, {"date": "2022-11-17-07-00-00", "latency": 15}, {"date": "2022-11-17-07-00-00", "latency": 15}]}, {"location": {"country_code": "ca", "region": "Quebec"}, "game_id": "747108", "values": [{"date": "2022-11-17-02-00-00", "latency": 16}, {"date": "2022-11-17-02-00-00", "latency": 16}]}, {"location": {"country_code": "mx", "region": "Sonora"}, "game_id": "747108", "values": [{"date": "2022-11-17-22-00-00", "latency": 47}, {"date": "2022-11-17-22-00-00", "latency": 47}]}, {"location": {"country_code": "de", "region": "North Rhine-Westphalia"}, "game_id": "747108", "values": [{"date": "2022-11-17-21-00-00", "latency": 1}, {"date": "2022-11-17-21-00-00", "latency": 1}, {"date": "2022-11-17-21-00-00", "latency": 1}, {"date": "2022-11-17-21-00-00", "latency": 1}, {"date": "2022-11-17-21-00-00", "latency": 1}, {"date": "2022-11-17-21-00-00", "latency": 1}, {"date": "2022-11-17-21-00-00", "latency": 1}]}, {"location": {"country_code": "es", "region": "Valencia", "city": "Orihuela"}, "game_id": "747108", "values": [{"date": "2022-11-17-23-00-00", "latency": 31}, {"date": "2022-11-17-23-00-00", "latency": 31}, {"date": "2022-11-17-23-00-00", "latency": 31}, {"date": "2022-11-17-23-00-00", "latency": 31}, {"date": "2022-11-17-23-00-00", "latency": 31}]}, {"location": {"country_code": "ee"}, "game_id": "747108", "values": [{"date": "2022-11-17-16-00-00", "latency": 3}]}, {"location": {"country_code": "am"}, "game_id": "747108", "values": [{"date": "2022-11-17-04-00-00", "latency": 31}]}, {"location": {"country_code": "gr", "region": "Samothrace", "city": "Thessaloniki"}, "game_id": "747108", "values": [{"date": "2022-11-17-14-00-00", "latency": 3}, {"date": "2022-11-17-14-00-00", "latency": 3}, {"date": "2022-11-17-14-00-00", "latency": 3}]}, {"location": {"country_code": "fr", "region": "Provence-Alpes-Cote d'Azur Region", "city": "Toulon"}, "game_id": "747108", "values": [{"date": "2022-11-17-22-00-00", "latency": 15}, {"date": "2022-11-17-22-00-00", "latency": 15}, {"date": "2022-11-17-22-00-00", "latency": 15}, {"date": "2022-11-17-22-00-00", "latency": 15}, {"date": "2022-11-17-22-00-00", "latency": 15}]}, {"location": {"country_code": "co", "region": "Bogota"}, "game_id": "747108", "values": [{"date": "2022-11-17-07-00-00", "latency": 63}, {"date": "2022-11-17-07-00-00", "latency": 63}, {"date": "2022-11-17-07-00-00", "latency": 63}]}, {"location": {"country_code": "ru", "region": "Sverdlovsk Oblast", "city": "Yekaterinburg"}, "game_id": "747108", "values": [{"date": "2022-11-17-13-00-00", "latency": 15}, {"date": "2022-11-17-13-00-00", "latency": 15}, {"date": "2022-11-17-13-00-00", "latency": 15}]}, {"location": {"country_code": "fr", "region": "Nord-Passo di Calais-Piccardia", "city": "Albert"}, "game_id": "747108", "values": [{"date": "2022-11-17-14-00-00", "latency": 31}, {"date": "2022-11-17-14-00-00", "latency": 31}, {"date": "2022-11-17-14-00-00", "latency": 31}, {"date": "2022-11-17-14-00-00", "latency": 31}, {"date": "2022-11-17-14-00-00", "latency": 31}, {"date": "2022-11-17-14-00-00", "latency": 31}, {"date": "2022-11-17-14-00-00", "latency": 31}, {"date": "2022-11-17-14-00-00", "latency": 31}, {"date": "2022-11-17-14-00-00", "latency": 31}, {"date": "2022-11-17-14-00-00", "latency": 31}, {"date": "2022-11-17-14-00-00", "latency": 31}]}, {"location": {"country_code": "es", "region": "Basque Country", "city": "Irun"}, "game_id": "747108", "values": [{"date": "2022-11-18-00-00-00", "latency": 31}, {"date": "2022-11-18-00-00-00", "latency": 31}, {"date": "2022-11-18-00-00-00", "latency": 31}, {"date": "2022-11-18-00-00-00", "latency": 31}]}, {"location": {"country_code": "us", "region": "Arkansas", "city": "Newport"}, "game_id": "747108", "values": [{"date": "2022-11-17-23-00-00", "latency": 31}]}], "last_updated": 1719919357.164458}