{"data": [{"location": {"country_code": "us"}, "game_id": "461764", "values": [{"date": "2024-06-01-02-00-00", "latency": 35}]}, {"location": {"country_code": "us", "region": "Georgia", "city": "Atlanta"}, "game_id": "461764", "values": [{"date": "2024-06-01-19-00-00", "latency": 35}, {"date": "2024-06-01-19-00-00", "latency": 35}, {"date": "2024-06-01-19-00-00", "latency": 35}, {"date": "2024-06-01-19-00-00", "latency": 35}, {"date": "2024-06-01-19-00-00", "latency": 35}, {"date": "2024-06-01-19-00-00", "latency": 35}, {"date": "2024-06-01-19-00-00", "latency": 35}, {"date": "2024-06-01-19-00-00", "latency": 35}, {"date": "2024-06-01-19-00-00", "latency": 35}, {"date": "2024-06-01-19-00-00", "latency": 35}, {"date": "2024-06-01-19-00-00", "latency": 35}, {"date": "2024-06-01-19-00-00", "latency": 35}, {"date": "2024-06-01-19-00-00", "latency": 35}, {"date": "2024-06-01-19-00-00", "latency": 35}, {"date": "2024-06-01-19-00-00", "latency": 35}, {"date": "2024-06-01-19-00-00", "latency": 35}, {"date": "2024-06-01-19-00-00", "latency": 35}, {"date": "2024-06-01-19-00-00", "latency": 35}, {"date": "2024-06-01-19-00-00", "latency": 35}]}, {"location": {"country_code": "gb"}, "game_id": "461764", "values": [{"date": "2024-06-01-22-00-00", "latency": 35}, {"date": "2024-06-01-22-00-00", "latency": 35}, {"date": "2024-06-01-22-00-00", "latency": 35}, {"date": "2024-06-01-22-00-00", "latency": 35}, {"date": "2024-06-01-22-00-00", "latency": 35}, {"date": "2024-06-01-22-00-00", "latency": 35}, {"date": "2024-06-01-22-00-00", "latency": 35}, {"date": "2024-06-01-22-00-00", "latency": 35}, {"date": "2024-06-01-22-00-00", "latency": 35}, {"date": "2024-06-01-22-00-00", "latency": 35}, {"date": "2024-06-01-22-00-00", "latency": 35}, {"date": "2024-06-01-22-00-00", "latency": 35}, {"date": "2024-06-01-22-00-00", "latency": 35}, {"date": "2024-06-01-22-00-00", "latency": 35}, {"date": "2024-06-01-22-00-00", "latency": 35}, {"date": "2024-06-01-22-00-00", "latency": 35}, {"date": "2024-06-01-22-00-00", "latency": 35}, {"date": "2024-06-01-22-00-00", "latency": 35}, {"date": "2024-06-01-22-00-00", "latency": 35}, {"date": "2024-06-01-22-00-00", "latency": 35}, {"date": "2024-06-01-22-00-00", "latency": 35}, {"date": "2024-06-01-22-00-00", "latency": 35}, {"date": "2024-06-01-22-00-00", "latency": 35}, {"date": "2024-06-01-22-00-00", "latency": 35}, {"date": "2024-06-01-22-00-00", "latency": 35}, {"date": "2024-06-01-22-00-00", "latency": 35}, {"date": "2024-06-01-22-00-00", "latency": 35}, {"date": "2024-06-01-22-00-00", "latency": 35}, {"date": "2024-06-01-22-00-00", "latency": 35}, {"date": "2024-06-01-22-00-00", "latency": 35}, {"date": "2024-06-01-22-00-00", "latency": 35}, {"date": "2024-06-01-22-00-00", "latency": 35}, {"date": "2024-06-01-22-00-00", "latency": 35}, {"date": "2024-06-01-18-00-00", "latency": 34}, {"date": "2024-06-01-18-00-00", "latency": 34}, {"date": "2024-06-01-18-00-00", "latency": 34}, {"date": "2024-06-01-18-00-00", "latency": 34}, {"date": "2024-06-01-18-00-00", "latency": 34}, {"date": "2024-06-01-18-00-00", "latency": 34}, {"date": "2024-06-01-18-00-00", "latency": 34}, {"date": "2024-06-01-18-00-00", "latency": 34}, {"date": "2024-06-01-18-00-00", "latency": 34}, {"date": "2024-06-01-18-00-00", "latency": 34}, {"date": "2024-06-01-18-00-00", "latency": 34}, {"date": "2024-06-01-18-00-00", "latency": 34}, {"date": "2024-06-01-18-00-00", "latency": 34}, {"date": "2024-06-01-18-00-00", "latency": 34}, {"date": "2024-06-01-18-00-00", "latency": 34}, {"date": "2024-06-01-18-00-00", "latency": 34}, {"date": "2024-06-01-18-00-00", "latency": 34}, {"date": "2024-06-01-18-00-00", "latency": 34}, {"date": "2024-06-01-18-00-00", "latency": 34}, {"date": "2024-06-01-18-00-00", "latency": 34}, {"date": "2024-06-01-18-00-00", "latency": 34}, {"date": "2024-06-01-18-00-00", "latency": 34}, {"date": "2024-06-01-18-00-00", "latency": 34}, {"date": "2024-06-01-18-00-00", "latency": 34}, {"date": "2024-06-01-18-00-00", "latency": 34}, {"date": "2024-06-01-18-00-00", "latency": 34}, {"date": "2024-06-01-18-00-00", "latency": 34}, {"date": "2024-06-01-18-00-00", "latency": 34}, {"date": "2024-06-01-18-00-00", "latency": 34}, {"date": "2024-06-01-18-00-00", "latency": 34}, {"date": "2024-06-01-18-00-00", "latency": 34}, {"date": "2024-06-01-18-00-00", "latency": 34}, {"date": "2024-06-01-18-00-00", "latency": 34}, {"date": "2024-06-01-18-00-00", "latency": 34}, {"date": "2024-06-01-18-00-00", "latency": 34}, {"date": "2024-06-01-18-00-00", "latency": 34}, {"date": "2024-06-01-18-00-00", "latency": 34}, {"date": "2024-06-01-18-00-00", "latency": 34}]}, {"location": {"country_code": "gr"}, "game_id": "461764", "values": [{"date": "2024-06-01-17-00-00", "latency": 36}]}, {"location": {"country_code": "nl"}, "game_id": "461764", "values": [{"date": "2024-06-01-19-00-00", "latency": 32}]}, {"location": {"country_code": "jp"}, "game_id": "461764", "values": [{"date": "2024-06-01-09-00-00", "latency": 38}, {"date": "2024-06-01-09-00-00", "latency": 38}, {"date": "2024-06-01-09-00-00", "latency": 38}, {"date": "2024-06-01-09-00-00", "latency": 38}]}, {"location": {"country_code": "ca"}, "game_id": "461764", "values": [{"date": "2024-06-01-07-00-00", "latency": 104}, {"date": "2024-06-01-07-00-00", "latency": 104}, {"date": "2024-06-01-07-00-00", "latency": 104}, {"date": "2024-06-01-07-00-00", "latency": 104}, {"date": "2024-06-01-07-00-00", "latency": 104}, {"date": "2024-06-01-07-00-00", "latency": 104}, {"date": "2024-06-01-07-00-00", "latency": 104}, {"date": "2024-06-01-07-00-00", "latency": 104}, {"date": "2024-06-01-07-00-00", "latency": 104}, {"date": "2024-06-01-07-00-00", "latency": 104}, {"date": "2024-06-01-07-00-00", "latency": 104}, {"date": "2024-06-01-07-00-00", "latency": 104}, {"date": "2024-06-01-07-00-00", "latency": 104}]}, {"location": {"country_code": "de"}, "game_id": "461764", "values": [{"date": "2024-06-02-00-00-00", "latency": 35}, {"date": "2024-06-02-00-00-00", "latency": 35}, {"date": "2024-06-02-00-00-00", "latency": 35}, {"date": "2024-06-02-00-00-00", "latency": 35}, {"date": "2024-06-02-00-00-00", "latency": 35}, {"date": "2024-06-02-00-00-00", "latency": 35}, {"date": "2024-06-02-00-00-00", "latency": 35}, {"date": "2024-06-02-00-00-00", "latency": 35}, {"date": "2024-06-02-00-00-00", "latency": 35}, {"date": "2024-06-02-00-00-00", "latency": 35}, {"date": "2024-06-02-00-00-00", "latency": 35}, {"date": "2024-06-02-00-00-00", "latency": 35}, {"date": "2024-06-02-00-00-00", "latency": 35}, {"date": "2024-06-02-00-00-00", "latency": 35}, {"date": "2024-06-02-00-00-00", "latency": 35}, {"date": "2024-06-02-00-00-00", "latency": 35}, {"date": "2024-06-02-00-00-00", "latency": 35}, {"date": "2024-06-02-00-00-00", "latency": 35}, {"date": "2024-06-02-00-00-00", "latency": 35}, {"date": "2024-06-02-00-00-00", "latency": 35}, {"date": "2024-06-02-00-00-00", "latency": 35}, {"date": "2024-06-02-00-00-00", "latency": 35}, {"date": "2024-06-02-00-00-00", "latency": 35}, {"date": "2024-06-02-00-00-00", "latency": 35}, {"date": "2024-06-02-00-00-00", "latency": 35}, {"date": "2024-06-02-00-00-00", "latency": 35}, {"date": "2024-06-02-00-00-00", "latency": 35}, {"date": "2024-06-02-00-00-00", "latency": 35}, {"date": "2024-06-02-00-00-00", "latency": 35}, {"date": "2024-06-02-00-00-00", "latency": 35}, {"date": "2024-06-02-00-00-00", "latency": 35}, {"date": "2024-06-01-22-00-00", "latency": 35}, {"date": "2024-06-01-22-00-00", "latency": 35}, {"date": "2024-06-01-22-00-00", "latency": 35}, {"date": "2024-06-01-22-00-00", "latency": 35}, {"date": "2024-06-01-22-00-00", "latency": 35}, {"date": "2024-06-01-22-00-00", "latency": 35}, {"date": "2024-06-01-22-00-00", "latency": 35}, {"date": "2024-06-01-22-00-00", "latency": 35}, {"date": "2024-06-01-22-00-00", "latency": 35}, {"date": "2024-06-01-22-00-00", "latency": 35}, {"date": "2024-06-01-22-00-00", "latency": 35}, {"date": "2024-06-01-22-00-00", "latency": 35}, {"date": "2024-06-01-22-00-00", "latency": 35}, {"date": "2024-06-01-22-00-00", "latency": 35}, {"date": "2024-06-01-22-00-00", "latency": 35}, {"date": "2024-06-01-22-00-00", "latency": 35}, {"date": "2024-06-01-22-00-00", "latency": 35}, {"date": "2024-06-01-22-00-00", "latency": 35}, {"date": "2024-06-01-20-00-00", "latency": 35}, {"date": "2024-06-01-11-00-00", "latency": 30}, {"date": "2024-06-01-11-00-00", "latency": 30}, {"date": "2024-06-01-11-00-00", "latency": 30}, {"date": "2024-06-01-11-00-00", "latency": 30}, {"date": "2024-06-01-11-00-00", "latency": 30}, {"date": "2024-06-01-11-00-00", "latency": 30}, {"date": "2024-06-01-11-00-00", "latency": 30}, {"date": "2024-06-01-11-00-00", "latency": 30}, {"date": "2024-06-01-11-00-00", "latency": 30}, {"date": "2024-06-01-11-00-00", "latency": 30}, {"date": "2024-06-01-11-00-00", "latency": 30}, {"date": "2024-06-01-11-00-00", "latency": 30}, {"date": "2024-06-01-11-00-00", "latency": 30}, {"date": "2024-06-01-11-00-00", "latency": 30}, {"date": "2024-06-01-11-00-00", "latency": 30}, {"date": "2024-06-01-11-00-00", "latency": 30}, {"date": "2024-06-01-11-00-00", "latency": 30}, {"date": "2024-06-01-11-00-00", "latency": 30}, {"date": "2024-06-01-11-00-00", "latency": 30}, {"date": "2024-06-01-11-00-00", "latency": 30}, {"date": "2024-06-01-11-00-00", "latency": 30}, {"date": "2024-06-01-11-00-00", "latency": 30}, {"date": "2024-06-01-11-00-00", "latency": 30}, {"date": "2024-06-01-11-00-00", "latency": 30}, {"date": "2024-06-01-11-00-00", "latency": 30}, {"date": "2024-06-01-11-00-00", "latency": 30}, {"date": "2024-06-01-11-00-00", "latency": 30}, {"date": "2024-06-01-11-00-00", "latency": 30}, {"date": "2024-06-01-11-00-00", "latency": 30}, {"date": "2024-06-01-11-00-00", "latency": 30}, {"date": "2024-06-01-11-00-00", "latency": 30}, {"date": "2024-06-01-11-00-00", "latency": 30}, {"date": "2024-06-01-11-00-00", "latency": 30}, {"date": "2024-06-01-11-00-00", "latency": 30}, {"date": "2024-06-01-11-00-00", "latency": 30}, {"date": "2024-06-01-11-00-00", "latency": 30}, {"date": "2024-06-01-11-00-00", "latency": 30}, {"date": "2024-06-01-11-00-00", "latency": 30}, {"date": "2024-06-01-11-00-00", "latency": 30}, {"date": "2024-06-01-11-00-00", "latency": 30}, {"date": "2024-06-01-11-00-00", "latency": 30}, {"date": "2024-06-01-11-00-00", "latency": 30}, {"date": "2024-06-01-11-00-00", "latency": 30}, {"date": "2024-06-01-11-00-00", "latency": 30}, {"date": "2024-06-01-11-00-00", "latency": 30}, {"date": "2024-06-01-11-00-00", "latency": 30}, {"date": "2024-06-01-11-00-00", "latency": 30}, {"date": "2024-06-01-11-00-00", "latency": 30}, {"date": "2024-06-01-11-00-00", "latency": 30}, {"date": "2024-06-01-11-00-00", "latency": 30}, {"date": "2024-06-01-11-00-00", "latency": 30}, {"date": "2024-06-01-11-00-00", "latency": 30}, {"date": "2024-06-01-11-00-00", "latency": 30}, {"date": "2024-06-01-11-00-00", "latency": 30}, {"date": "2024-06-01-11-00-00", "latency": 30}, {"date": "2024-06-01-11-00-00", "latency": 30}, {"date": "2024-06-01-11-00-00", "latency": 30}, {"date": "2024-06-01-11-00-00", "latency": 30}, {"date": "2024-06-01-11-00-00", "latency": 30}, {"date": "2024-06-01-11-00-00", "latency": 30}, {"date": "2024-06-01-11-00-00", "latency": 30}, {"date": "2024-06-01-11-00-00", "latency": 30}, {"date": "2024-06-01-11-00-00", "latency": 30}, {"date": "2024-06-01-11-00-00", "latency": 30}, {"date": "2024-06-01-11-00-00", "latency": 30}, {"date": "2024-06-01-11-00-00", "latency": 30}, {"date": "2024-06-01-11-00-00", "latency": 30}, {"date": "2024-06-01-11-00-00", "latency": 30}, {"date": "2024-06-01-11-00-00", "latency": 30}, {"date": "2024-06-01-11-00-00", "latency": 30}, {"date": "2024-06-01-11-00-00", "latency": 30}, {"date": "2024-06-01-11-00-00", "latency": 30}, {"date": "2024-06-01-11-00-00", "latency": 30}, {"date": "2024-06-01-11-00-00", "latency": 30}, {"date": "2024-06-01-11-00-00", "latency": 30}, {"date": "2024-06-01-11-00-00", "latency": 30}, {"date": "2024-06-01-11-00-00", "latency": 30}, {"date": "2024-06-01-11-00-00", "latency": 30}, {"date": "2024-06-01-11-00-00", "latency": 30}, {"date": "2024-06-01-11-00-00", "latency": 30}, {"date": "2024-06-01-11-00-00", "latency": 30}, {"date": "2024-06-01-11-00-00", "latency": 30}, {"date": "2024-06-01-11-00-00", "latency": 30}, {"date": "2024-06-01-11-00-00", "latency": 30}, {"date": "2024-06-01-11-00-00", "latency": 30}, {"date": "2024-06-01-11-00-00", "latency": 30}, {"date": "2024-06-01-11-00-00", "latency": 30}, {"date": "2024-06-01-11-00-00", "latency": 30}, {"date": "2024-06-01-11-00-00", "latency": 30}, {"date": "2024-06-01-11-00-00", "latency": 30}]}, {"location": {"country_code": "gb", "region": "England"}, "game_id": "461764", "values": [{"date": "2024-06-01-23-00-00", "latency": 35}, {"date": "2024-06-01-23-00-00", "latency": 35}]}, {"location": {"country_code": "us", "region": "Kansas"}, "game_id": "461764", "values": [{"date": "2024-06-01-06-00-00", "latency": 35}, {"date": "2024-06-01-06-00-00", "latency": 35}, {"date": "2024-06-01-06-00-00", "latency": 35}, {"date": "2024-06-01-06-00-00", "latency": 35}, {"date": "2024-06-01-06-00-00", "latency": 35}]}, {"location": {"country_code": "fr"}, "game_id": "461764", "values": [{"date": "2024-06-01-14-00-00", "latency": 34}, {"date": "2024-06-01-14-00-00", "latency": 34}, {"date": "2024-06-01-14-00-00", "latency": 34}, {"date": "2024-06-01-14-00-00", "latency": 34}, {"date": "2024-06-01-14-00-00", "latency": 34}, {"date": "2024-06-01-14-00-00", "latency": 34}, {"date": "2024-06-01-14-00-00", "latency": 34}, {"date": "2024-06-01-14-00-00", "latency": 34}, {"date": "2024-06-01-14-00-00", "latency": 34}, {"date": "2024-06-01-14-00-00", "latency": 34}, {"date": "2024-06-01-14-00-00", "latency": 34}, {"date": "2024-06-01-14-00-00", "latency": 34}, {"date": "2024-06-01-14-00-00", "latency": 34}, {"date": "2024-06-01-14-00-00", "latency": 34}, {"date": "2024-06-01-14-00-00", "latency": 34}, {"date": "2024-06-01-14-00-00", "latency": 34}, {"date": "2024-06-01-14-00-00", "latency": 34}, {"date": "2024-06-01-14-00-00", "latency": 34}, {"date": "2024-06-01-14-00-00", "latency": 34}, {"date": "2024-06-01-14-00-00", "latency": 34}]}, {"location": {"country_code": "dk"}, "game_id": "461764", "values": [{"date": "2024-06-01-07-00-00", "latency": 35}, {"date": "2024-06-01-07-00-00", "latency": 35}, {"date": "2024-06-01-07-00-00", "latency": 35}, {"date": "2024-06-01-07-00-00", "latency": 35}, {"date": "2024-06-01-07-00-00", "latency": 35}, {"date": "2024-06-01-07-00-00", "latency": 35}, {"date": "2024-06-01-07-00-00", "latency": 35}, {"date": "2024-06-01-07-00-00", "latency": 35}, {"date": "2024-06-01-07-00-00", "latency": 35}, {"date": "2024-06-01-07-00-00", "latency": 35}, {"date": "2024-06-01-07-00-00", "latency": 35}, {"date": "2024-06-01-07-00-00", "latency": 35}, {"date": "2024-06-01-07-00-00", "latency": 35}]}, {"location": {"country_code": "es"}, "game_id": "461764", "values": [{"date": "2024-06-02-00-00-00", "latency": 106}, {"date": "2024-06-02-00-00-00", "latency": 106}, {"date": "2024-06-02-00-00-00", "latency": 106}, {"date": "2024-06-02-00-00-00", "latency": 106}, {"date": "2024-06-02-00-00-00", "latency": 106}, {"date": "2024-06-02-00-00-00", "latency": 106}, {"date": "2024-06-02-00-00-00", "latency": 106}]}, {"location": {"country_code": "us", "region": "Hawaii"}, "game_id": "461764", "values": [{"date": "2024-06-01-04-00-00", "latency": 33}, {"date": "2024-06-01-04-00-00", "latency": 33}, {"date": "2024-06-01-04-00-00", "latency": 33}, {"date": "2024-06-01-04-00-00", "latency": 33}, {"date": "2024-06-01-04-00-00", "latency": 33}, {"date": "2024-06-01-04-00-00", "latency": 33}, {"date": "2024-06-01-04-00-00", "latency": 33}, {"date": "2024-06-01-04-00-00", "latency": 33}, {"date": "2024-06-01-04-00-00", "latency": 33}, {"date": "2024-06-01-04-00-00", "latency": 33}, {"date": "2024-06-01-04-00-00", "latency": 33}, {"date": "2024-06-01-04-00-00", "latency": 33}]}, {"location": {"country_code": "hu"}, "game_id": "461764", "values": [{"date": "2024-06-01-02-00-00", "latency": 107}, {"date": "2024-06-01-02-00-00", "latency": 107}, {"date": "2024-06-01-02-00-00", "latency": 107}, {"date": "2024-06-01-02-00-00", "latency": 107}, {"date": "2024-06-01-02-00-00", "latency": 107}, {"date": "2024-06-01-02-00-00", "latency": 107}, {"date": "2024-06-01-02-00-00", "latency": 107}]}, {"location": {"country_code": "co"}, "game_id": "461764", "values": [{"date": "2024-06-02-02-00-00", "latency": 108}]}, {"location": {"country_code": "pl"}, "game_id": "461764", "values": [{"date": "2024-06-01-23-00-00", "latency": 35}, {"date": "2024-06-01-23-00-00", "latency": 35}, {"date": "2024-06-01-23-00-00", "latency": 35}, {"date": "2024-06-01-23-00-00", "latency": 35}, {"date": "2024-06-01-23-00-00", "latency": 35}, {"date": "2024-06-01-23-00-00", "latency": 35}, {"date": "2024-06-01-23-00-00", "latency": 35}, {"date": "2024-06-01-23-00-00", "latency": 35}, {"date": "2024-06-01-23-00-00", "latency": 35}, {"date": "2024-06-01-23-00-00", "latency": 35}, {"date": "2024-06-01-23-00-00", "latency": 35}, {"date": "2024-06-01-23-00-00", "latency": 35}, {"date": "2024-06-01-23-00-00", "latency": 35}, {"date": "2024-06-01-23-00-00", "latency": 35}, {"date": "2024-06-01-23-00-00", "latency": 35}, {"date": "2024-06-01-23-00-00", "latency": 35}, {"date": "2024-06-01-23-00-00", "latency": 35}, {"date": "2024-06-01-23-00-00", "latency": 35}, {"date": "2024-06-01-23-00-00", "latency": 35}, {"date": "2024-06-01-23-00-00", "latency": 35}, {"date": "2024-06-01-23-00-00", "latency": 35}, {"date": "2024-06-01-23-00-00", "latency": 35}, {"date": "2024-06-01-23-00-00", "latency": 35}]}, {"location": {"country_code": "ie"}, "game_id": "461764", "values": [{"date": "2024-06-01-19-00-00", "latency": 34}, {"date": "2024-06-01-19-00-00", "latency": 34}, {"date": "2024-06-01-19-00-00", "latency": 34}, {"date": "2024-06-01-19-00-00", "latency": 34}, {"date": "2024-06-01-19-00-00", "latency": 34}, {"date": "2024-06-01-19-00-00", "latency": 34}, {"date": "2024-06-01-19-00-00", "latency": 34}, {"date": "2024-06-01-19-00-00", "latency": 34}, {"date": "2024-06-01-19-00-00", "latency": 34}, {"date": "2024-06-01-19-00-00", "latency": 34}, {"date": "2024-06-01-19-00-00", "latency": 34}, {"date": "2024-06-01-19-00-00", "latency": 34}, {"date": "2024-06-01-19-00-00", "latency": 34}, {"date": "2024-06-01-19-00-00", "latency": 34}, {"date": "2024-06-01-19-00-00", "latency": 34}, {"date": "2024-06-01-19-00-00", "latency": 34}, {"date": "2024-06-01-19-00-00", "latency": 34}]}, {"location": {"country_code": "us", "region": "Vermont"}, "game_id": "461764", "values": [{"date": "2024-06-01-17-00-00", "latency": 32}, {"date": "2024-06-01-17-00-00", "latency": 32}, {"date": "2024-06-01-17-00-00", "latency": 32}, {"date": "2024-06-01-17-00-00", "latency": 32}, {"date": "2024-06-01-17-00-00", "latency": 32}, {"date": "2024-06-01-17-00-00", "latency": 32}, {"date": "2024-06-01-17-00-00", "latency": 32}, {"date": "2024-06-01-17-00-00", "latency": 32}, {"date": "2024-06-01-17-00-00", "latency": 32}, {"date": "2024-06-01-17-00-00", "latency": 32}, {"date": "2024-06-01-17-00-00", "latency": 32}, {"date": "2024-06-01-17-00-00", "latency": 32}, {"date": "2024-06-01-17-00-00", "latency": 32}, {"date": "2024-06-01-17-00-00", "latency": 32}, {"date": "2024-06-01-17-00-00", "latency": 32}]}, {"location": {"country_code": "ca", "region": "British Columbia", "city": "Richmond"}, "game_id": "461764", "values": [{"date": "2024-06-01-06-00-00", "latency": 36}]}, {"location": {"country_code": "jp", "region": "Okinawa"}, "game_id": "461764", "values": [{"date": "2024-06-01-18-00-00", "latency": 104}, {"date": "2024-06-01-18-00-00", "latency": 104}, {"date": "2024-06-01-18-00-00", "latency": 104}, {"date": "2024-06-01-18-00-00", "latency": 104}, {"date": "2024-06-01-18-00-00", "latency": 104}]}, {"location": {"country_code": "bg"}, "game_id": "461764", "values": [{"date": "2024-06-01-14-00-00", "latency": 34}, {"date": "2024-06-01-14-00-00", "latency": 34}, {"date": "2024-06-01-14-00-00", "latency": 34}, {"date": "2024-06-01-14-00-00", "latency": 34}, {"date": "2024-06-01-14-00-00", "latency": 34}, {"date": "2024-06-01-14-00-00", "latency": 34}, {"date": "2024-06-01-14-00-00", "latency": 34}, {"date": "2024-06-01-14-00-00", "latency": 34}, {"date": "2024-06-01-14-00-00", "latency": 34}, {"date": "2024-06-01-14-00-00", "latency": 34}, {"date": "2024-06-01-14-00-00", "latency": 34}, {"date": "2024-06-01-14-00-00", "latency": 34}, {"date": "2024-06-01-14-00-00", "latency": 34}, {"date": "2024-06-01-14-00-00", "latency": 34}, {"date": "2024-06-01-14-00-00", "latency": 34}, {"date": "2024-06-01-14-00-00", "latency": 34}, {"date": "2024-06-01-14-00-00", "latency": 34}, {"date": "2024-06-01-14-00-00", "latency": 34}, {"date": "2024-06-01-14-00-00", "latency": 34}, {"date": "2024-06-01-14-00-00", "latency": 34}, {"date": "2024-06-01-14-00-00", "latency": 34}, {"date": "2024-06-01-14-00-00", "latency": 34}, {"date": "2024-06-01-14-00-00", "latency": 34}, {"date": "2024-06-01-14-00-00", "latency": 34}, {"date": "2024-06-01-14-00-00", "latency": 34}, {"date": "2024-06-01-14-00-00", "latency": 34}, {"date": "2024-06-01-14-00-00", "latency": 34}, {"date": "2024-06-01-14-00-00", "latency": 34}, {"date": "2024-06-01-14-00-00", "latency": 34}, {"date": "2024-06-01-14-00-00", "latency": 34}, {"date": "2024-06-01-14-00-00", "latency": 34}, {"date": "2024-06-01-14-00-00", "latency": 34}, {"date": "2024-06-01-14-00-00", "latency": 34}, {"date": "2024-06-01-14-00-00", "latency": 34}, {"date": "2024-06-01-14-00-00", "latency": 34}, {"date": "2024-06-01-14-00-00", "latency": 34}, {"date": "2024-06-01-14-00-00", "latency": 34}, {"date": "2024-06-01-14-00-00", "latency": 34}, {"date": "2024-06-01-14-00-00", "latency": 34}, {"date": "2024-06-01-14-00-00", "latency": 34}]}, {"location": {"country_code": "us", "region": "Oregon", "city": "Portland"}, "game_id": "461764", "values": [{"date": "2024-06-01-03-00-00", "latency": 35}, {"date": "2024-06-01-03-00-00", "latency": 35}]}, {"location": {"country_code": "us", "region": "Arizona", "city": "Tempe"}, "game_id": "461764", "values": [{"date": "2024-06-01-22-00-00", "latency": 35}]}, {"location": {"country_code": "jp", "region": "Hiroshima"}, "game_id": "461764", "values": [{"date": "2024-06-01-14-00-00", "latency": 48}, {"date": "2024-06-01-14-00-00", "latency": 48}, {"date": "2024-06-01-14-00-00", "latency": 48}, {"date": "2024-06-01-14-00-00", "latency": 48}, {"date": "2024-06-01-14-00-00", "latency": 48}, {"date": "2024-06-01-14-00-00", "latency": 48}, {"date": "2024-06-01-14-00-00", "latency": 48}]}, {"location": {"country_code": "be", "region": "Antwerp Province", "city": "Mechelen"}, "game_id": "461764", "values": [{"date": "2024-06-02-01-00-00", "latency": 88}, {"date": "2024-06-02-01-00-00", "latency": 88}, {"date": "2024-06-02-01-00-00", "latency": 88}, {"date": "2024-06-02-01-00-00", "latency": 88}, {"date": "2024-06-02-01-00-00", "latency": 88}, {"date": "2024-06-02-01-00-00", "latency": 88}, {"date": "2024-06-02-01-00-00", "latency": 88}, {"date": "2024-06-02-01-00-00", "latency": 88}, {"date": "2024-06-02-01-00-00", "latency": 88}, {"date": "2024-06-02-01-00-00", "latency": 88}, {"date": "2024-06-02-01-00-00", "latency": 88}]}, {"location": {"country_code": "au", "region": "Tasmania", "city": "Hobart"}, "game_id": "461764", "values": [{"date": "2024-06-01-17-00-00", "latency": 500}, {"date": "2024-06-01-17-00-00", "latency": 500}, {"date": "2024-06-01-17-00-00", "latency": 500}, {"date": "2024-06-01-17-00-00", "latency": 500}, {"date": "2024-06-01-17-00-00", "latency": 500}, {"date": "2024-06-01-17-00-00", "latency": 500}, {"date": "2024-06-01-17-00-00", "latency": 500}, {"date": "2024-06-01-17-00-00", "latency": 500}, {"date": "2024-06-01-17-00-00", "latency": 500}, {"date": "2024-06-01-17-00-00", "latency": 500}, {"date": "2024-06-01-17-00-00", "latency": 500}, {"date": "2024-06-01-17-00-00", "latency": 500}, {"date": "2024-06-01-17-00-00", "latency": 500}, {"date": "2024-06-01-17-00-00", "latency": 500}, {"date": "2024-06-01-17-00-00", "latency": 500}, {"date": "2024-06-01-17-00-00", "latency": 500}, {"date": "2024-06-01-17-00-00", "latency": 500}, {"date": "2024-06-01-17-00-00", "latency": 500}, {"date": "2024-06-01-17-00-00", "latency": 500}, {"date": "2024-06-01-17-00-00", "latency": 500}, {"date": "2024-06-01-17-00-00", "latency": 500}, {"date": "2024-06-01-17-00-00", "latency": 500}, {"date": "2024-06-01-17-00-00", "latency": 500}, {"date": "2024-06-01-17-00-00", "latency": 500}, {"date": "2024-06-01-17-00-00", "latency": 500}, {"date": "2024-06-01-17-00-00", "latency": 500}, {"date": "2024-06-01-17-00-00", "latency": 500}, {"date": "2024-06-01-17-00-00", "latency": 500}, {"date": "2024-06-01-17-00-00", "latency": 500}, {"date": "2024-06-01-17-00-00", "latency": 500}, {"date": "2024-06-01-17-00-00", "latency": 500}, {"date": "2024-06-01-17-00-00", "latency": 500}, {"date": "2024-06-01-17-00-00", "latency": 500}, {"date": "2024-06-01-17-00-00", "latency": 500}, {"date": "2024-06-01-17-00-00", "latency": 500}, {"date": "2024-06-01-17-00-00", "latency": 500}, {"date": "2024-06-01-17-00-00", "latency": 500}, {"date": "2024-06-01-17-00-00", "latency": 500}, {"date": "2024-06-01-17-00-00", "latency": 500}, {"date": "2024-06-01-17-00-00", "latency": 500}, {"date": "2024-06-01-17-00-00", "latency": 500}, {"date": "2024-06-01-17-00-00", "latency": 500}, {"date": "2024-06-01-17-00-00", "latency": 500}, {"date": "2024-06-01-17-00-00", "latency": 500}, {"date": "2024-06-01-17-00-00", "latency": 500}, {"date": "2024-06-01-17-00-00", "latency": 500}, {"date": "2024-06-01-17-00-00", "latency": 500}, {"date": "2024-06-01-17-00-00", "latency": 500}, {"date": "2024-06-01-17-00-00", "latency": 500}, {"date": "2024-06-01-17-00-00", "latency": 500}, {"date": "2024-06-01-17-00-00", "latency": 500}, {"date": "2024-06-01-17-00-00", "latency": 500}, {"date": "2024-06-01-17-00-00", "latency": 500}, {"date": "2024-06-01-17-00-00", "latency": 500}, {"date": "2024-06-01-17-00-00", "latency": 500}, {"date": "2024-06-01-17-00-00", "latency": 500}, {"date": "2024-06-01-17-00-00", "latency": 500}, {"date": "2024-06-01-17-00-00", "latency": 500}, {"date": "2024-06-01-17-00-00", "latency": 500}, {"date": "2024-06-01-17-00-00", "latency": 500}, {"date": "2024-06-01-17-00-00", "latency": 500}, {"date": "2024-06-01-17-00-00", "latency": 500}, {"date": "2024-06-01-17-00-00", "latency": 500}, {"date": "2024-06-01-17-00-00", "latency": 500}, {"date": "2024-06-01-17-00-00", "latency": 500}, {"date": "2024-06-01-17-00-00", "latency": 500}, {"date": "2024-06-01-17-00-00", "latency": 500}, {"date": "2024-06-01-17-00-00", "latency": 500}, {"date": "2024-06-01-17-00-00", "latency": 500}, {"date": "2024-06-01-17-00-00", "latency": 500}, {"date": "2024-06-01-17-00-00", "latency": 500}, {"date": "2024-06-01-17-00-00", "latency": 500}, {"date": "2024-06-01-17-00-00", "latency": 500}, {"date": "2024-06-01-17-00-00", "latency": 500}, {"date": "2024-06-01-17-00-00", "latency": 500}, {"date": "2024-06-01-17-00-00", "latency": 500}]}], "last_updated": 1719926792.347304}