{"data": [{"location": {"country_code": "us"}, "game_id": "273486", "values": [{"date": "2024-03-02-01-00-00", "latency": "30"}, {"date": "2024-03-02-01-00-00", "latency": "30"}]}, {"location": {"country_code": "us", "region": "New Jersey"}, "game_id": "273486", "values": [{"date": "2024-03-03-00-00-00", "latency": "29"}, {"date": "2024-03-03-00-00-00", "latency": "29"}, {"date": "2024-03-03-00-00-00", "latency": "29"}, {"date": "2024-03-03-00-00-00", "latency": "29"}, {"date": "2024-03-03-00-00-00", "latency": "29"}, {"date": "2024-03-03-00-00-00", "latency": "29"}, {"date": "2024-03-03-00-00-00", "latency": "29"}, {"date": "2024-03-03-00-00-00", "latency": "29"}, {"date": "2024-03-03-00-00-00", "latency": "29"}, {"date": "2024-03-03-00-00-00", "latency": "29"}, {"date": "2024-03-03-00-00-00", "latency": "29"}, {"date": "2024-03-03-00-00-00", "latency": "29"}, {"date": "2024-03-03-00-00-00", "latency": "29"}, {"date": "2024-03-03-00-00-00", "latency": "29"}, {"date": "2024-03-03-00-00-00", "latency": "29"}]}, {"location": {"country_code": "us", "region": "California", "city": "Long Beach"}, "game_id": "273486", "values": [{"date": "2024-03-02-04-00-00", "latency": "5"}, {"date": "2024-03-02-04-00-00", "latency": "5"}, {"date": "2024-03-02-04-00-00", "latency": "5"}, {"date": "2024-03-02-04-00-00", "latency": "5"}, {"date": "2024-03-02-04-00-00", "latency": "5"}, {"date": "2024-03-02-04-00-00", "latency": "5"}, {"date": "2024-03-02-04-00-00", "latency": "5"}, {"date": "2024-03-02-04-00-00", "latency": "5"}, {"date": "2024-03-02-04-00-00", "latency": "5"}, {"date": "2024-03-02-04-00-00", "latency": "5"}, {"date": "2024-03-02-04-00-00", "latency": "5"}, {"date": "2024-03-02-04-00-00", "latency": "5"}, {"date": "2024-03-02-04-00-00", "latency": "5"}, {"date": "2024-03-02-04-00-00", "latency": "5"}, {"date": "2024-03-02-04-00-00", "latency": "5"}, {"date": "2024-03-02-04-00-00", "latency": "5"}, {"date": "2024-03-02-04-00-00", "latency": "5"}, {"date": "2024-03-02-04-00-00", "latency": "5"}, {"date": "2024-03-02-04-00-00", "latency": "5"}, {"date": "2024-03-02-04-00-00", "latency": "5"}, {"date": "2024-03-02-04-00-00", "latency": "5"}, {"date": "2024-03-02-04-00-00", "latency": "5"}, {"date": "2024-03-02-04-00-00", "latency": "5"}, {"date": "2024-03-02-04-00-00", "latency": "5"}, {"date": "2024-03-02-04-00-00", "latency": "5"}, {"date": "2024-03-02-04-00-00", "latency": "5"}, {"date": "2024-03-02-04-00-00", "latency": "5"}, {"date": "2024-03-02-04-00-00", "latency": "5"}, {"date": "2024-03-02-04-00-00", "latency": "5"}, {"date": "2024-03-02-04-00-00", "latency": "5"}, {"date": "2024-03-02-04-00-00", "latency": "5"}]}, {"location": {"country_code": "us", "region": "Texas", "city": "Atascocita"}, "game_id": "273486", "values": [{"date": "2024-03-02-08-00-00", "latency": "34"}, {"date": "2024-03-02-08-00-00", "latency": "34"}, {"date": "2024-03-02-08-00-00", "latency": "34"}, {"date": "2024-03-02-08-00-00", "latency": "34"}, {"date": "2024-03-02-08-00-00", "latency": "34"}, {"date": "2024-03-02-08-00-00", "latency": "34"}, {"date": "2024-03-02-08-00-00", "latency": "34"}, {"date": "2024-03-02-08-00-00", "latency": "34"}, {"date": "2024-03-02-08-00-00", "latency": "34"}, {"date": "2024-03-02-08-00-00", "latency": "34"}, {"date": "2024-03-02-08-00-00", "latency": "34"}, {"date": "2024-03-02-08-00-00", "latency": "34"}, {"date": "2024-03-02-08-00-00", "latency": "34"}, {"date": "2024-03-02-08-00-00", "latency": "34"}, {"date": "2024-03-02-08-00-00", "latency": "34"}]}], "last_updated": 1719915095.02511}