{"data": [{"location": {"country_code": "si"}, "game_id": "314852", "values": [{"date": "2024-06-10-19-00-00", "latency": "41"}, {"date": "2024-06-10-19-00-00", "latency": "41"}, {"date": "2024-06-10-19-00-00", "latency": "41"}, {"date": "2024-06-10-19-00-00", "latency": "41"}, {"date": "2024-06-10-19-00-00", "latency": "41"}, {"date": "2024-06-10-19-00-00", "latency": "41"}, {"date": "2024-06-10-19-00-00", "latency": "41"}, {"date": "2024-06-10-19-00-00", "latency": "41"}, {"date": "2024-06-10-19-00-00", "latency": "41"}, {"date": "2024-06-10-19-00-00", "latency": "41"}, {"date": "2024-06-10-19-00-00", "latency": "41"}, {"date": "2024-06-10-19-00-00", "latency": "41"}, {"date": "2024-06-10-19-00-00", "latency": "41"}, {"date": "2024-06-10-19-00-00", "latency": "41"}, {"date": "2024-06-10-19-00-00", "latency": "41"}, {"date": "2024-06-10-19-00-00", "latency": "41"}, {"date": "2024-06-10-19-00-00", "latency": "41"}, {"date": "2024-06-10-19-00-00", "latency": "41"}, {"date": "2024-06-10-19-00-00", "latency": "41"}, {"date": "2024-06-10-19-00-00", "latency": "41"}, {"date": "2024-06-10-19-00-00", "latency": "41"}]}, {"location": {"country_code": "us"}, "game_id": "314852", "values": [{"date": "2024-06-11-00-00-00", "latency": "35"}, {"date": "2024-06-11-00-00-00", "latency": "35"}, {"date": "2024-06-11-00-00-00", "latency": "35"}, {"date": "2024-06-11-00-00-00", "latency": "35"}, {"date": "2024-06-11-00-00-00", "latency": "35"}, {"date": "2024-06-11-00-00-00", "latency": "35"}, {"date": "2024-06-11-00-00-00", "latency": "35"}, {"date": "2024-06-11-00-00-00", "latency": "35"}, {"date": "2024-06-11-00-00-00", "latency": "35"}, {"date": "2024-06-11-00-00-00", "latency": "35"}, {"date": "2024-06-11-00-00-00", "latency": "35"}, {"date": "2024-06-11-00-00-00", "latency": "35"}, {"date": "2024-06-11-00-00-00", "latency": "35"}, {"date": "2024-06-11-00-00-00", "latency": "35"}, {"date": "2024-06-11-00-00-00", "latency": "35"}, {"date": "2024-06-11-00-00-00", "latency": "35"}, {"date": "2024-06-11-00-00-00", "latency": "35"}, {"date": "2024-06-11-00-00-00", "latency": "35"}, {"date": "2024-06-11-00-00-00", "latency": "35"}, {"date": "2024-06-10-03-00-00", "latency": "45"}, {"date": "2024-06-10-03-00-00", "latency": "45"}, {"date": "2024-06-10-03-00-00", "latency": "45"}, {"date": "2024-06-10-03-00-00", "latency": "45"}, {"date": "2024-06-11-02-00-00", "latency": "0"}, {"date": "2024-06-11-02-00-00", "latency": "0"}, {"date": "2024-06-11-02-00-00", "latency": "0"}, {"date": "2024-06-11-02-00-00", "latency": "0"}, {"date": "2024-06-11-02-00-00", "latency": "49"}, {"date": "2024-06-10-03-00-00", "latency": "20"}, {"date": "2024-06-10-03-00-00", "latency": "20"}, {"date": "2024-06-10-03-00-00", "latency": "20"}, {"date": "2024-06-10-03-00-00", "latency": "20"}, {"date": "2024-06-10-03-00-00", "latency": "20"}, {"date": "2024-06-10-03-00-00", "latency": "20"}, {"date": "2024-06-11-00-00-00", "latency": "21"}, {"date": "2024-06-11-00-00-00", "latency": "21"}, {"date": "2024-06-11-00-00-00", "latency": "21"}, {"date": "2024-06-11-00-00-00", "latency": "21"}, {"date": "2024-06-11-00-00-00", "latency": "21"}, {"date": "2024-06-11-00-00-00", "latency": "21"}, {"date": "2024-06-11-00-00-00", "latency": "21"}, {"date": "2024-06-11-00-00-00", "latency": "21"}, {"date": "2024-06-11-00-00-00", "latency": "21"}, {"date": "2024-06-10-04-00-00", "latency": "7"}, {"date": "2024-06-10-04-00-00", "latency": "7"}, {"date": "2024-06-10-04-00-00", "latency": "7"}, {"date": "2024-06-10-08-00-00", "latency": "109"}, {"date": "2024-06-10-20-00-00", "latency": "37"}, {"date": "2024-06-10-20-00-00", "latency": "37"}, {"date": "2024-06-10-20-00-00", "latency": "37"}, {"date": "2024-06-10-08-00-00", "latency": "88"}, {"date": "2024-06-10-08-00-00", "latency": "88"}, {"date": "2024-06-10-08-00-00", "latency": "88"}, {"date": "2024-06-10-08-00-00", "latency": "88"}, {"date": "2024-06-10-08-00-00", "latency": "88"}, {"date": "2024-06-10-08-00-00", "latency": "88"}, {"date": "2024-06-10-08-00-00", "latency": "88"}, {"date": "2024-06-10-08-00-00", "latency": "88"}, {"date": "2024-06-10-08-00-00", "latency": "88"}, {"date": "2024-06-10-08-00-00", "latency": "88"}, {"date": "2024-06-11-00-00-00", "latency": "72"}, {"date": "2024-06-11-00-00-00", "latency": "72"}, {"date": "2024-06-10-09-00-00", "latency": "103"}, {"date": "2024-06-10-09-00-00", "latency": "103"}, {"date": "2024-06-10-09-00-00", "latency": "103"}, {"date": "2024-06-10-09-00-00", "latency": "103"}, {"date": "2024-06-10-09-00-00", "latency": "103"}, {"date": "2024-06-10-09-00-00", "latency": "103"}, {"date": "2024-06-10-09-00-00", "latency": "103"}, {"date": "2024-06-10-09-00-00", "latency": "103"}, {"date": "2024-06-10-11-00-00", "latency": "90"}]}, {"location": {"country_code": "us", "region": "New York", "city": "Jamestown"}, "game_id": "314852", "values": [{"date": "2024-06-10-21-00-00", "latency": "23"}, {"date": "2024-06-10-21-00-00", "latency": "23"}, {"date": "2024-06-10-04-00-00", "latency": "22"}, {"date": "2024-06-10-04-00-00", "latency": "22"}]}, {"location": {"country_code": "cl"}, "game_id": "314852", "values": [{"date": "2024-06-11-02-00-00", "latency": "145"}, {"date": "2024-06-11-00-00-00", "latency": "137"}, {"date": "2024-06-11-02-00-00", "latency": "139"}, {"date": "2024-06-11-02-00-00", "latency": "139"}, {"date": "2024-06-10-21-00-00", "latency": "141"}, {"date": "2024-06-10-21-00-00", "latency": "141"}, {"date": "2024-06-10-21-00-00", "latency": "141"}]}, {"location": {"country_code": "de", "region": "Berlin", "city": "Berlin"}, "game_id": "314852", "values": [{"date": "2024-06-10-20-00-00", "latency": "33"}, {"date": "2024-06-10-20-00-00", "latency": "33"}, {"date": "2024-06-10-20-00-00", "latency": "33"}, {"date": "2024-06-10-20-00-00", "latency": "33"}, {"date": "2024-06-10-20-00-00", "latency": "33"}, {"date": "2024-06-10-20-00-00", "latency": "33"}, {"date": "2024-06-10-20-00-00", "latency": "33"}, {"date": "2024-06-10-20-00-00", "latency": "33"}, {"date": "2024-06-10-20-00-00", "latency": "33"}, {"date": "2024-06-10-20-00-00", "latency": "33"}]}, {"location": {"country_code": "gb"}, "game_id": "314852", "values": [{"date": "2024-06-10-20-00-00", "latency": "101"}, {"date": "2024-06-10-20-00-00", "latency": "101"}, {"date": "2024-06-10-20-00-00", "latency": "101"}]}, {"location": {"country_code": "th"}, "game_id": "314852", "values": [{"date": "2024-06-10-20-00-00", "latency": "111"}, {"date": "2024-06-10-20-00-00", "latency": "111"}, {"date": "2024-06-10-20-00-00", "latency": "111"}, {"date": "2024-06-10-20-00-00", "latency": "111"}, {"date": "2024-06-10-20-00-00", "latency": "111"}, {"date": "2024-06-10-20-00-00", "latency": "111"}, {"date": "2024-06-10-20-00-00", "latency": "111"}, {"date": "2024-06-10-20-00-00", "latency": "111"}, {"date": "2024-06-10-16-00-00", "latency": "123"}, {"date": "2024-06-10-16-00-00", "latency": "123"}, {"date": "2024-06-10-16-00-00", "latency": "123"}, {"date": "2024-06-10-16-00-00", "latency": "123"}, {"date": "2024-06-10-16-00-00", "latency": "123"}, {"date": "2024-06-10-16-00-00", "latency": "123"}, {"date": "2024-06-10-16-00-00", "latency": "123"}, {"date": "2024-06-10-16-00-00", "latency": "123"}, {"date": "2024-06-10-20-00-00", "latency": "118"}, {"date": "2024-06-10-20-00-00", "latency": "119"}]}, {"location": {"country_code": "my"}, "game_id": "314852", "values": [{"date": "2024-06-10-22-00-00", "latency": "34"}, {"date": "2024-06-10-16-00-00", "latency": "89"}, {"date": "2024-06-10-10-00-00", "latency": "97"}, {"date": "2024-06-10-10-00-00", "latency": "97"}, {"date": "2024-06-10-10-00-00", "latency": "97"}, {"date": "2024-06-10-15-00-00", "latency": "92"}]}, {"location": {"country_code": "it"}, "game_id": "314852", "values": [{"date": "2024-06-10-09-00-00", "latency": "37"}, {"date": "2024-06-10-09-00-00", "latency": "37"}, {"date": "2024-06-10-16-00-00", "latency": "36"}, {"date": "2024-06-10-16-00-00", "latency": "36"}, {"date": "2024-06-10-16-00-00", "latency": "36"}, {"date": "2024-06-10-16-00-00", "latency": "36"}, {"date": "2024-06-10-19-00-00", "latency": "312"}, {"date": "2024-06-10-19-00-00", "latency": "312"}]}, {"location": {"country_code": "za"}, "game_id": "314852", "values": [{"date": "2024-06-10-16-00-00", "latency": "135"}, {"date": "2024-06-10-16-00-00", "latency": "135"}, {"date": "2024-06-10-16-00-00", "latency": "135"}, {"date": "2024-06-10-16-00-00", "latency": "135"}, {"date": "2024-06-10-16-00-00", "latency": "135"}, {"date": "2024-06-10-16-00-00", "latency": "135"}]}, {"location": {"country_code": "jp"}, "game_id": "314852", "values": [{"date": "2024-06-10-18-00-00", "latency": "18"}, {"date": "2024-06-10-18-00-00", "latency": "18"}, {"date": "2024-06-10-18-00-00", "latency": "18"}, {"date": "2024-06-10-18-00-00", "latency": "18"}, {"date": "2024-06-10-18-00-00", "latency": "18"}, {"date": "2024-06-10-18-00-00", "latency": "18"}, {"date": "2024-06-10-18-00-00", "latency": "18"}, {"date": "2024-06-11-00-00-00", "latency": "42"}, {"date": "2024-06-11-00-00-00", "latency": "42"}, {"date": "2024-06-11-00-00-00", "latency": "42"}, {"date": "2024-06-11-00-00-00", "latency": "42"}, {"date": "2024-06-11-00-00-00", "latency": "42"}, {"date": "2024-06-11-00-00-00", "latency": "42"}, {"date": "2024-06-11-00-00-00", "latency": "42"}, {"date": "2024-06-10-06-00-00", "latency": "18"}, {"date": "2024-06-10-06-00-00", "latency": "18"}, {"date": "2024-06-10-06-00-00", "latency": "18"}, {"date": "2024-06-10-06-00-00", "latency": "18"}, {"date": "2024-06-10-06-00-00", "latency": "18"}, {"date": "2024-06-10-06-00-00", "latency": "18"}, {"date": "2024-06-10-06-00-00", "latency": "18"}, {"date": "2024-06-10-06-00-00", "latency": "18"}, {"date": "2024-06-10-22-00-00", "latency": "24"}, {"date": "2024-06-10-22-00-00", "latency": "24"}, {"date": "2024-06-10-22-00-00", "latency": "24"}, {"date": "2024-06-10-22-00-00", "latency": "24"}, {"date": "2024-06-10-22-00-00", "latency": "24"}, {"date": "2024-06-10-22-00-00", "latency": "24"}, {"date": "2024-06-10-22-00-00", "latency": "24"}, {"date": "2024-06-10-22-00-00", "latency": "24"}, {"date": "2024-06-10-22-00-00", "latency": "24"}, {"date": "2024-06-10-18-00-00", "latency": "35"}, {"date": "2024-06-10-18-00-00", "latency": "35"}, {"date": "2024-06-10-03-00-00", "latency": "22"}, {"date": "2024-06-10-03-00-00", "latency": "22"}, {"date": "2024-06-10-03-00-00", "latency": "22"}, {"date": "2024-06-10-03-00-00", "latency": "22"}, {"date": "2024-06-10-03-00-00", "latency": "22"}, {"date": "2024-06-10-03-00-00", "latency": "22"}, {"date": "2024-06-10-03-00-00", "latency": "22"}, {"date": "2024-06-10-03-00-00", "latency": "22"}, {"date": "2024-06-10-03-00-00", "latency": "22"}, {"date": "2024-06-10-03-00-00", "latency": "22"}, {"date": "2024-06-10-03-00-00", "latency": "22"}, {"date": "2024-06-10-14-00-00", "latency": "37"}, {"date": "2024-06-10-14-00-00", "latency": "37"}, {"date": "2024-06-10-14-00-00", "latency": "37"}, {"date": "2024-06-10-15-00-00", "latency": "36"}, {"date": "2024-06-10-15-00-00", "latency": "36"}, {"date": "2024-06-10-15-00-00", "latency": "36"}, {"date": "2024-06-10-15-00-00", "latency": "36"}, {"date": "2024-06-10-15-00-00", "latency": "36"}, {"date": "2024-06-10-15-00-00", "latency": "36"}, {"date": "2024-06-10-15-00-00", "latency": "36"}, {"date": "2024-06-10-15-00-00", "latency": "36"}, {"date": "2024-06-10-15-00-00", "latency": "36"}, {"date": "2024-06-10-16-00-00", "latency": "156"}, {"date": "2024-06-10-16-00-00", "latency": "156"}, {"date": "2024-06-10-16-00-00", "latency": "156"}, {"date": "2024-06-10-21-00-00", "latency": "77"}, {"date": "2024-06-10-21-00-00", "latency": "77"}, {"date": "2024-06-10-21-00-00", "latency": "77"}, {"date": "2024-06-10-21-00-00", "latency": "77"}, {"date": "2024-06-10-21-00-00", "latency": "77"}, {"date": "2024-06-10-21-00-00", "latency": "77"}, {"date": "2024-06-10-21-00-00", "latency": "77"}, {"date": "2024-06-10-21-00-00", "latency": "77"}, {"date": "2024-06-10-21-00-00", "latency": "77"}, {"date": "2024-06-10-21-00-00", "latency": "77"}, {"date": "2024-06-10-21-00-00", "latency": "77"}, {"date": "2024-06-10-21-00-00", "latency": "77"}, {"date": "2024-06-10-21-00-00", "latency": "77"}, {"date": "2024-06-10-21-00-00", "latency": "77"}, {"date": "2024-06-10-21-00-00", "latency": "77"}]}, {"location": {"country_code": "ca"}, "game_id": "314852", "values": [{"date": "2024-06-10-08-00-00", "latency": "99"}, {"date": "2024-06-10-08-00-00", "latency": "99"}, {"date": "2024-06-10-08-00-00", "latency": "99"}, {"date": "2024-06-10-08-00-00", "latency": "99"}, {"date": "2024-06-10-08-00-00", "latency": "99"}, {"date": "2024-06-10-08-00-00", "latency": "99"}, {"date": "2024-06-10-08-00-00", "latency": "99"}, {"date": "2024-06-10-08-00-00", "latency": "99"}, {"date": "2024-06-10-08-00-00", "latency": "99"}, {"date": "2024-06-10-09-00-00", "latency": "42"}, {"date": "2024-06-10-09-00-00", "latency": "42"}, {"date": "2024-06-10-04-00-00", "latency": "48"}, {"date": "2024-06-10-04-00-00", "latency": "48"}, {"date": "2024-06-10-04-00-00", "latency": "48"}, {"date": "2024-06-10-10-00-00", "latency": "54"}, {"date": "2024-06-10-10-00-00", "latency": "54"}]}, {"location": {"country_code": "de"}, "game_id": "314852", "values": [{"date": "2024-06-10-13-00-00", "latency": "35"}, {"date": "2024-06-10-13-00-00", "latency": "35"}, {"date": "2024-06-10-13-00-00", "latency": "35"}, {"date": "2024-06-10-13-00-00", "latency": "35"}, {"date": "2024-06-10-13-00-00", "latency": "35"}, {"date": "2024-06-10-13-00-00", "latency": "35"}, {"date": "2024-06-10-13-00-00", "latency": "35"}, {"date": "2024-06-10-13-00-00", "latency": "35"}, {"date": "2024-06-10-13-00-00", "latency": "35"}, {"date": "2024-06-10-13-00-00", "latency": "35"}, {"date": "2024-06-10-13-00-00", "latency": "35"}, {"date": "2024-06-10-13-00-00", "latency": "35"}, {"date": "2024-06-10-15-00-00", "latency": "31"}, {"date": "2024-06-10-15-00-00", "latency": "31"}, {"date": "2024-06-10-15-00-00", "latency": "31"}, {"date": "2024-06-11-00-00-00", "latency": "23"}, {"date": "2024-06-11-01-00-00", "latency": "41"}, {"date": "2024-06-11-01-00-00", "latency": "41"}, {"date": "2024-06-11-01-00-00", "latency": "41"}, {"date": "2024-06-11-01-00-00", "latency": "41"}, {"date": "2024-06-11-01-00-00", "latency": "41"}, {"date": "2024-06-10-13-00-00", "latency": "33"}, {"date": "2024-06-10-20-00-00", "latency": "29"}, {"date": "2024-06-10-20-00-00", "latency": "29"}, {"date": "2024-06-10-20-00-00", "latency": "29"}, {"date": "2024-06-10-20-00-00", "latency": "29"}, {"date": "2024-06-10-20-00-00", "latency": "29"}, {"date": "2024-06-10-20-00-00", "latency": "29"}, {"date": "2024-06-10-20-00-00", "latency": "29"}, {"date": "2024-06-10-20-00-00", "latency": "29"}, {"date": "2024-06-10-20-00-00", "latency": "29"}, {"date": "2024-06-11-00-00-00", "latency": "33"}, {"date": "2024-06-11-00-00-00", "latency": "33"}, {"date": "2024-06-11-00-00-00", "latency": "33"}, {"date": "2024-06-11-00-00-00", "latency": "33"}]}, {"location": {"country_code": "tw"}, "game_id": "314852", "values": [{"date": "2024-06-10-19-00-00", "latency": "92"}, {"date": "2024-06-10-13-00-00", "latency": "105"}, {"date": "2024-06-10-13-00-00", "latency": "105"}, {"date": "2024-06-10-13-00-00", "latency": "105"}, {"date": "2024-06-10-13-00-00", "latency": "105"}, {"date": "2024-06-10-13-00-00", "latency": "105"}, {"date": "2024-06-10-13-00-00", "latency": "105"}, {"date": "2024-06-10-13-00-00", "latency": "105"}, {"date": "2024-06-10-16-00-00", "latency": "152"}, {"date": "2024-06-10-22-00-00", "latency": "77"}, {"date": "2024-06-10-22-00-00", "latency": "77"}, {"date": "2024-06-10-22-00-00", "latency": "77"}, {"date": "2024-06-10-22-00-00", "latency": "77"}, {"date": "2024-06-10-22-00-00", "latency": "77"}, {"date": "2024-06-10-08-00-00", "latency": "7"}, {"date": "2024-06-10-17-00-00", "latency": "88"}, {"date": "2024-06-10-17-00-00", "latency": "88"}]}, {"location": {"country_code": "us", "region": "Indiana"}, "game_id": "314852", "values": [{"date": "2024-06-10-04-00-00", "latency": "70"}, {"date": "2024-06-10-04-00-00", "latency": "70"}, {"date": "2024-06-10-04-00-00", "latency": "70"}, {"date": "2024-06-10-04-00-00", "latency": "70"}, {"date": "2024-06-10-04-00-00", "latency": "70"}, {"date": "2024-06-10-04-00-00", "latency": "70"}]}, {"location": {"country_code": "au", "region": "New South Wales", "city": "Sydney"}, "game_id": "314852", "values": [{"date": "2024-06-10-14-00-00", "latency": "256"}, {"date": "2024-06-10-14-00-00", "latency": "256"}, {"date": "2024-06-10-14-00-00", "latency": "256"}, {"date": "2024-06-10-14-00-00", "latency": "256"}, {"date": "2024-06-10-14-00-00", "latency": "256"}]}, {"location": {"country_code": "us", "region": "Florida"}, "game_id": "314852", "values": [{"date": "2024-06-10-09-00-00", "latency": "2"}, {"date": "2024-06-10-09-00-00", "latency": "2"}, {"date": "2024-06-10-04-00-00", "latency": "52"}, {"date": "2024-06-10-04-00-00", "latency": "52"}, {"date": "2024-06-10-04-00-00", "latency": "52"}]}, {"location": {"country_code": "ph"}, "game_id": "314852", "values": [{"date": "2024-06-10-10-00-00", "latency": "63"}, {"date": "2024-06-10-10-00-00", "latency": "63"}, {"date": "2024-06-10-10-00-00", "latency": "63"}, {"date": "2024-06-10-20-00-00", "latency": "178"}, {"date": "2024-06-10-20-00-00", "latency": "178"}, {"date": "2024-06-10-07-00-00", "latency": "127"}, {"date": "2024-06-10-05-00-00", "latency": "12"}]}, {"location": {"country_code": "fr"}, "game_id": "314852", "values": [{"date": "2024-06-10-20-00-00", "latency": "34"}, {"date": "2024-06-10-20-00-00", "latency": "34"}, {"date": "2024-06-10-20-00-00", "latency": "43"}, {"date": "2024-06-10-20-00-00", "latency": "43"}, {"date": "2024-06-10-20-00-00", "latency": "43"}, {"date": "2024-06-10-20-00-00", "latency": "43"}, {"date": "2024-06-10-20-00-00", "latency": "43"}, {"date": "2024-06-10-20-00-00", "latency": "43"}, {"date": "2024-06-10-20-00-00", "latency": "43"}]}, {"location": {"country_code": "fr", "region": "Occitanie", "city": "Montpellier"}, "game_id": "314852", "values": [{"date": "2024-06-10-12-00-00", "latency": "38"}, {"date": "2024-06-10-12-00-00", "latency": "38"}]}, {"location": {"country_code": "us", "region": "New Jersey"}, "game_id": "314852", "values": [{"date": "2024-06-10-03-00-00", "latency": "72"}, {"date": "2024-06-10-03-00-00", "latency": "72"}, {"date": "2024-06-10-03-00-00", "latency": "72"}, {"date": "2024-06-10-03-00-00", "latency": "72"}, {"date": "2024-06-10-03-00-00", "latency": "72"}, {"date": "2024-06-10-03-00-00", "latency": "72"}, {"date": "2024-06-10-03-00-00", "latency": "72"}]}, {"location": {"country_code": "mx"}, "game_id": "314852", "values": [{"date": "2024-06-10-03-00-00", "latency": "77"}, {"date": "2024-06-10-03-00-00", "latency": "77"}, {"date": "2024-06-10-03-00-00", "latency": "77"}, {"date": "2024-06-10-03-00-00", "latency": "77"}, {"date": "2024-06-10-03-00-00", "latency": "77"}, {"date": "2024-06-10-03-00-00", "latency": "77"}, {"date": "2024-06-10-03-00-00", "latency": "77"}, {"date": "2024-06-10-03-00-00", "latency": "77"}, {"date": "2024-06-10-03-00-00", "latency": "77"}]}, {"location": {"country_code": "us", "region": "Ohio"}, "game_id": "314852", "values": [{"date": "2024-06-10-21-00-00", "latency": "42"}]}, {"location": {"country_code": "in"}, "game_id": "314852", "values": [{"date": "2024-06-10-23-00-00", "latency": "139"}, {"date": "2024-06-10-23-00-00", "latency": "139"}, {"date": "2024-06-10-23-00-00", "latency": "139"}, {"date": "2024-06-10-23-00-00", "latency": "139"}, {"date": "2024-06-10-23-00-00", "latency": "139"}]}, {"location": {"country_code": "us", "region": "California"}, "game_id": "314852", "values": [{"date": "2024-06-10-10-00-00", "latency": "89"}, {"date": "2024-06-10-10-00-00", "latency": "89"}, {"date": "2024-06-10-10-00-00", "latency": "89"}, {"date": "2024-06-10-10-00-00", "latency": "89"}, {"date": "2024-06-10-10-00-00", "latency": "89"}, {"date": "2024-06-10-10-00-00", "latency": "89"}, {"date": "2024-06-10-10-00-00", "latency": "89"}]}, {"location": {"country_code": "br"}, "game_id": "314852", "values": [{"date": "2024-06-10-03-00-00", "latency": "118"}, {"date": "2024-06-10-03-00-00", "latency": "118"}]}, {"location": {"country_code": "se"}, "game_id": "314852", "values": [{"date": "2024-06-10-15-00-00", "latency": "29"}]}, {"location": {"country_code": "no"}, "game_id": "314852", "values": [{"date": "2024-06-10-21-00-00", "latency": "41"}, {"date": "2024-06-10-21-00-00", "latency": "41"}, {"date": "2024-06-10-21-00-00", "latency": "41"}, {"date": "2024-06-10-21-00-00", "latency": "41"}, {"date": "2024-06-10-21-00-00", "latency": "41"}, {"date": "2024-06-10-21-00-00", "latency": "41"}]}, {"location": {"country_code": "au"}, "game_id": "314852", "values": [{"date": "2024-06-10-14-00-00", "latency": "251"}, {"date": "2024-06-10-14-00-00", "latency": "251"}, {"date": "2024-06-10-11-00-00", "latency": "231"}, {"date": "2024-06-10-11-00-00", "latency": "231"}, {"date": "2024-06-10-11-00-00", "latency": "231"}, {"date": "2024-06-10-11-00-00", "latency": "231"}, {"date": "2024-06-10-11-00-00", "latency": "231"}, {"date": "2024-06-10-11-00-00", "latency": "231"}, {"date": "2024-06-10-10-00-00", "latency": "73"}, {"date": "2024-06-10-10-00-00", "latency": "73"}, {"date": "2024-06-10-10-00-00", "latency": "73"}, {"date": "2024-06-10-10-00-00", "latency": "73"}, {"date": "2024-06-10-10-00-00", "latency": "73"}, {"date": "2024-06-10-06-00-00", "latency": "176"}, {"date": "2024-06-10-06-00-00", "latency": "176"}, {"date": "2024-06-10-06-00-00", "latency": "288"}, {"date": "2024-06-10-06-00-00", "latency": "288"}, {"date": "2024-06-10-06-00-00", "latency": "288"}, {"date": "2024-06-10-06-00-00", "latency": "288"}]}, {"location": {"country_code": "es", "region": "Madrid", "city": "Parla"}, "game_id": "314852", "values": [{"date": "2024-06-10-13-00-00", "latency": "48"}, {"date": "2024-06-10-13-00-00", "latency": "48"}, {"date": "2024-06-10-13-00-00", "latency": "48"}, {"date": "2024-06-10-13-00-00", "latency": "48"}, {"date": "2024-06-10-13-00-00", "latency": "48"}, {"date": "2024-06-10-13-00-00", "latency": "48"}, {"date": "2024-06-10-13-00-00", "latency": "48"}, {"date": "2024-06-10-13-00-00", "latency": "48"}]}, {"location": {"country_code": "dk"}, "game_id": "314852", "values": [{"date": "2024-06-10-18-00-00", "latency": "34"}, {"date": "2024-06-10-18-00-00", "latency": "34"}, {"date": "2024-06-10-18-00-00", "latency": "34"}, {"date": "2024-06-10-18-00-00", "latency": "34"}, {"date": "2024-06-10-18-00-00", "latency": "34"}, {"date": "2024-06-10-18-00-00", "latency": "34"}]}, {"location": {"country_code": "tr"}, "game_id": "314852", "values": [{"date": "2024-06-10-08-00-00", "latency": "3"}, {"date": "2024-06-10-08-00-00", "latency": "3"}]}, {"location": {"country_code": "ca", "region": "Ontario"}, "game_id": "314852", "values": [{"date": "2024-06-10-22-00-00", "latency": "55"}, {"date": "2024-06-10-22-00-00", "latency": "55"}, {"date": "2024-06-10-22-00-00", "latency": "55"}, {"date": "2024-06-10-22-00-00", "latency": "55"}]}, {"location": {"country_code": "ar"}, "game_id": "314852", "values": [{"date": "2024-06-10-23-00-00", "latency": "182"}, {"date": "2024-06-10-23-00-00", "latency": "182"}]}, {"location": {"country_code": "vn"}, "game_id": "314852", "values": [{"date": "2024-06-10-16-00-00", "latency": "104"}, {"date": "2024-06-10-16-00-00", "latency": "104"}, {"date": "2024-06-10-16-00-00", "latency": "104"}, {"date": "2024-06-10-18-00-00", "latency": "168"}]}, {"location": {"country_code": "us", "region": "Michigan", "city": "Detroit"}, "game_id": "314852", "values": [{"date": "2024-06-10-05-00-00", "latency": "45"}]}, {"location": {"country_code": "fi"}, "game_id": "314852", "values": [{"date": "2024-06-10-16-00-00", "latency": "44"}, {"date": "2024-06-10-16-00-00", "latency": "44"}, {"date": "2024-06-10-16-00-00", "latency": "44"}, {"date": "2024-06-10-16-00-00", "latency": "44"}, {"date": "2024-06-10-16-00-00", "latency": "44"}]}, {"location": {"country_code": "ru"}, "game_id": "314852", "values": [{"date": "2024-06-10-12-00-00", "latency": "0"}, {"date": "2024-06-10-21-00-00", "latency": "69"}, {"date": "2024-06-10-21-00-00", "latency": "69"}, {"date": "2024-06-10-21-00-00", "latency": "69"}, {"date": "2024-06-10-21-00-00", "latency": "69"}, {"date": "2024-06-10-21-00-00", "latency": "69"}, {"date": "2024-06-10-21-00-00", "latency": "69"}]}, {"location": {"country_code": "jp", "region": "Tokyo"}, "game_id": "314852", "values": [{"date": "2024-06-10-11-00-00", "latency": "268"}, {"date": "2024-06-10-11-00-00", "latency": "268"}, {"date": "2024-06-10-11-00-00", "latency": "268"}, {"date": "2024-06-10-11-00-00", "latency": "268"}, {"date": "2024-06-10-11-00-00", "latency": "268"}, {"date": "2024-06-10-11-00-00", "latency": "268"}, {"date": "2024-06-10-11-00-00", "latency": "268"}, {"date": "2024-06-10-11-00-00", "latency": "268"}, {"date": "2024-06-10-11-00-00", "latency": "268"}, {"date": "2024-06-10-11-00-00", "latency": "268"}, {"date": "2024-06-10-11-00-00", "latency": "268"}]}, {"location": {"country_code": "us", "region": "Illinois", "city": "Chicago"}, "game_id": "314852", "values": [{"date": "2024-06-10-18-00-00", "latency": "49"}, {"date": "2024-06-10-18-00-00", "latency": "49"}, {"date": "2024-06-10-18-00-00", "latency": "49"}, {"date": "2024-06-10-18-00-00", "latency": "49"}, {"date": "2024-06-10-18-00-00", "latency": "49"}, {"date": "2024-06-10-18-00-00", "latency": "49"}, {"date": "2024-06-10-18-00-00", "latency": "49"}, {"date": "2024-06-10-18-00-00", "latency": "49"}, {"date": "2024-06-10-18-00-00", "latency": "49"}, {"date": "2024-06-10-18-00-00", "latency": "49"}, {"date": "2024-06-10-18-00-00", "latency": "49"}, {"date": "2024-06-10-18-00-00", "latency": "49"}, {"date": "2024-06-10-18-00-00", "latency": "49"}, {"date": "2024-06-10-18-00-00", "latency": "49"}, {"date": "2024-06-10-18-00-00", "latency": "49"}, {"date": "2024-06-10-18-00-00", "latency": "49"}, {"date": "2024-06-10-18-00-00", "latency": "49"}, {"date": "2024-06-10-18-00-00", "latency": "49"}, {"date": "2024-06-10-18-00-00", "latency": "49"}, {"date": "2024-06-10-18-00-00", "latency": "49"}, {"date": "2024-06-10-18-00-00", "latency": "49"}]}, {"location": {"country_code": "us", "region": "Pennsylvania", "city": "Pittsburgh"}, "game_id": "314852", "values": [{"date": "2024-06-10-21-00-00", "latency": "25"}, {"date": "2024-06-10-21-00-00", "latency": "25"}, {"date": "2024-06-10-21-00-00", "latency": "25"}]}, {"location": {"country_code": "co"}, "game_id": "314852", "values": [{"date": "2024-06-10-04-00-00", "latency": "104"}, {"date": "2024-06-10-04-00-00", "latency": "104"}]}, {"location": {"country_code": "us", "region": "Utah"}, "game_id": "314852", "values": [{"date": "2024-06-10-10-00-00", "latency": "68"}, {"date": "2024-06-10-10-00-00", "latency": "68"}]}, {"location": {"country_code": "es", "region": "Catalonia", "city": "l'Hospitalet de Llobregat"}, "game_id": "314852", "values": [{"date": "2024-06-10-14-00-00", "latency": "53"}, {"date": "2024-06-10-14-00-00", "latency": "53"}, {"date": "2024-06-10-14-00-00", "latency": "53"}, {"date": "2024-06-10-14-00-00", "latency": "53"}, {"date": "2024-06-10-14-00-00", "latency": "53"}, {"date": "2024-06-10-14-00-00", "latency": "53"}, {"date": "2024-06-10-14-00-00", "latency": "53"}, {"date": "2024-06-10-14-00-00", "latency": "53"}, {"date": "2024-06-10-14-00-00", "latency": "53"}, {"date": "2024-06-10-14-00-00", "latency": "53"}, {"date": "2024-06-10-14-00-00", "latency": "53"}, {"date": "2024-06-10-14-00-00", "latency": "53"}, {"date": "2024-06-10-14-00-00", "latency": "53"}, {"date": "2024-06-10-14-00-00", "latency": "53"}, {"date": "2024-06-10-14-00-00", "latency": "53"}, {"date": "2024-06-10-14-00-00", "latency": "53"}, {"date": "2024-06-10-14-00-00", "latency": "53"}]}, {"location": {"country_code": "pl"}, "game_id": "314852", "values": [{"date": "2024-06-10-20-00-00", "latency": "47"}, {"date": "2024-06-10-20-00-00", "latency": "47"}, {"date": "2024-06-10-20-00-00", "latency": "47"}, {"date": "2024-06-10-22-00-00", "latency": "53"}, {"date": "2024-06-10-22-00-00", "latency": "53"}]}, {"location": {"country_code": "us", "region": "North Carolina"}, "game_id": "314852", "values": [{"date": "2024-06-11-02-00-00", "latency": "40"}]}, {"location": {"country_code": "us", "region": "Nevada", "city": "Las Vegas"}, "game_id": "314852", "values": [{"date": "2024-06-10-11-00-00", "latency": "46"}, {"date": "2024-06-10-11-00-00", "latency": "46"}, {"date": "2024-06-10-11-00-00", "latency": "46"}]}, {"location": {"country_code": "gb", "region": "England", "city": "London"}, "game_id": "314852", "values": [{"date": "2024-06-10-12-00-00", "latency": "40"}, {"date": "2024-06-10-12-00-00", "latency": "40"}]}, {"location": {"country_code": "pe"}, "game_id": "314852", "values": [{"date": "2024-06-10-03-00-00", "latency": "107"}, {"date": "2024-06-10-03-00-00", "latency": "107"}, {"date": "2024-06-10-03-00-00", "latency": "107"}]}, {"location": {"country_code": "kz"}, "game_id": "314852", "values": [{"date": "2024-06-11-02-00-00", "latency": "59"}]}, {"location": {"country_code": "sg"}, "game_id": "314852", "values": [{"date": "2024-06-10-16-00-00", "latency": "98"}, {"date": "2024-06-10-16-00-00", "latency": "98"}, {"date": "2024-06-10-15-00-00", "latency": "94"}, {"date": "2024-06-10-15-00-00", "latency": "94"}, {"date": "2024-06-10-15-00-00", "latency": "94"}, {"date": "2024-06-10-15-00-00", "latency": "94"}]}, {"location": {"country_code": "ca", "region": "Ontario", "city": "Toronto"}, "game_id": "314852", "values": [{"date": "2024-06-11-00-00-00", "latency": "145"}, {"date": "2024-06-11-00-00-00", "latency": "145"}, {"date": "2024-06-11-00-00-00", "latency": "145"}, {"date": "2024-06-11-00-00-00", "latency": "145"}, {"date": "2024-06-11-00-00-00", "latency": "145"}, {"date": "2024-06-11-00-00-00", "latency": "145"}, {"date": "2024-06-11-00-00-00", "latency": "145"}, {"date": "2024-06-11-00-00-00", "latency": "145"}, {"date": "2024-06-11-00-00-00", "latency": "145"}, {"date": "2024-06-11-00-00-00", "latency": "145"}, {"date": "2024-06-11-00-00-00", "latency": "145"}, {"date": "2024-06-11-00-00-00", "latency": "145"}, {"date": "2024-06-11-00-00-00", "latency": "145"}, {"date": "2024-06-11-00-00-00", "latency": "145"}, {"date": "2024-06-11-00-00-00", "latency": "145"}]}, {"location": {"country_code": "id"}, "game_id": "314852", "values": [{"date": "2024-06-10-13-00-00", "latency": "161"}, {"date": "2024-06-10-13-00-00", "latency": "161"}]}, {"location": {"country_code": "jp", "region": "Chiba"}, "game_id": "314852", "values": [{"date": "2024-06-10-18-00-00", "latency": "17"}, {"date": "2024-06-10-18-00-00", "latency": "17"}]}, {"location": {"country_code": "us", "region": "Illinois"}, "game_id": "314852", "values": [{"date": "2024-06-10-23-00-00", "latency": "41"}]}, {"location": {"country_code": "us", "region": "Oklahoma"}, "game_id": "314852", "values": [{"date": "2024-06-11-02-00-00", "latency": "49"}]}, {"location": {"country_code": "us", "region": "Pennsylvania"}, "game_id": "314852", "values": [{"date": "2024-06-11-01-00-00", "latency": "47"}, {"date": "2024-06-11-01-00-00", "latency": "47"}, {"date": "2024-06-11-01-00-00", "latency": "47"}, {"date": "2024-06-11-01-00-00", "latency": "47"}]}, {"location": {"country_code": "pt"}, "game_id": "314852", "values": [{"date": "2024-06-10-15-00-00", "latency": "3"}, {"date": "2024-06-10-15-00-00", "latency": "3"}, {"date": "2024-06-11-00-00-00", "latency": "76"}]}, {"location": {"country_code": "es", "region": "Andalusia", "city": "Seville"}, "game_id": "314852", "values": [{"date": "2024-06-11-00-00-00", "latency": "14"}, {"date": "2024-06-11-00-00-00", "latency": "14"}, {"date": "2024-06-11-00-00-00", "latency": "14"}, {"date": "2024-06-11-00-00-00", "latency": "14"}, {"date": "2024-06-11-00-00-00", "latency": "14"}, {"date": "2024-06-11-00-00-00", "latency": "14"}, {"date": "2024-06-11-00-00-00", "latency": "14"}, {"date": "2024-06-11-00-00-00", "latency": "14"}, {"date": "2024-06-11-00-00-00", "latency": "14"}, {"date": "2024-06-11-00-00-00", "latency": "14"}, {"date": "2024-06-11-00-00-00", "latency": "14"}, {"date": "2024-06-11-00-00-00", "latency": "14"}, {"date": "2024-06-11-00-00-00", "latency": "14"}]}, {"location": {"country_code": "uy"}, "game_id": "314852", "values": [{"date": "2024-06-10-17-00-00", "latency": "137"}, {"date": "2024-06-10-17-00-00", "latency": "137"}]}, {"location": {"country_code": "gr", "region": "Apokentromeni Dioikisi Attikis", "city": "Athens"}, "game_id": "314852", "values": [{"date": "2024-06-10-21-00-00", "latency": "48"}, {"date": "2024-06-10-21-00-00", "latency": "48"}, {"date": "2024-06-10-21-00-00", "latency": "48"}, {"date": "2024-06-10-21-00-00", "latency": "48"}, {"date": "2024-06-10-21-00-00", "latency": "48"}]}, {"location": {"country_code": "fr", "region": "Alvernia-Rodano-Alpi", "city": "Mars"}, "game_id": "314852", "values": [{"date": "2024-06-11-01-00-00", "latency": "60"}]}, {"location": {"country_code": "us", "region": "Florida", "city": "Orlando"}, "game_id": "314852", "values": [{"date": "2024-06-10-15-00-00", "latency": "43"}, {"date": "2024-06-10-15-00-00", "latency": "43"}, {"date": "2024-06-10-15-00-00", "latency": "43"}, {"date": "2024-06-10-15-00-00", "latency": "43"}, {"date": "2024-06-10-15-00-00", "latency": "43"}, {"date": "2024-06-10-15-00-00", "latency": "43"}, {"date": "2024-06-10-15-00-00", "latency": "43"}, {"date": "2024-06-10-15-00-00", "latency": "43"}, {"date": "2024-06-10-15-00-00", "latency": "43"}, {"date": "2024-06-10-15-00-00", "latency": "43"}, {"date": "2024-06-10-21-00-00", "latency": "38"}, {"date": "2024-06-10-21-00-00", "latency": "38"}, {"date": "2024-06-10-21-00-00", "latency": "38"}]}, {"location": {"country_code": "ca", "region": "British Columbia", "city": "Richmond"}, "game_id": "314852", "values": [{"date": "2024-06-10-07-00-00", "latency": "400"}]}, {"location": {"country_code": "br", "region": "Ceara", "city": "Itapipoca"}, "game_id": "314852", "values": [{"date": "2024-06-11-01-00-00", "latency": "95"}]}, {"location": {"country_code": "ie", "region": "", "city": "Dublin"}, "game_id": "314852", "values": [{"date": "2024-06-10-20-00-00", "latency": "51"}, {"date": "2024-06-10-20-00-00", "latency": "51"}, {"date": "2024-06-10-20-00-00", "latency": "51"}, {"date": "2024-06-10-20-00-00", "latency": "51"}, {"date": "2024-06-10-20-00-00", "latency": "51"}, {"date": "2024-06-10-20-00-00", "latency": "51"}, {"date": "2024-06-10-20-00-00", "latency": "51"}, {"date": "2024-06-10-20-00-00", "latency": "51"}]}, {"location": {"country_code": "za", "region": "Western Cape", "city": "Cape Town"}, "game_id": "314852", "values": [{"date": "2024-06-10-23-00-00", "latency": "177"}, {"date": "2024-06-10-23-00-00", "latency": "177"}, {"date": "2024-06-10-23-00-00", "latency": "177"}, {"date": "2024-06-10-23-00-00", "latency": "177"}]}, {"location": {"country_code": "de", "region": "Brandenburg"}, "game_id": "314852", "values": [{"date": "2024-06-10-15-00-00", "latency": "48"}, {"date": "2024-06-10-15-00-00", "latency": "48"}, {"date": "2024-06-10-15-00-00", "latency": "48"}]}, {"location": {"country_code": "pt", "region": "Northern Mariana Islands", "city": "Porto"}, "game_id": "314852", "values": [{"date": "2024-06-10-23-00-00", "latency": "101"}, {"date": "2024-06-10-23-00-00", "latency": "101"}, {"date": "2024-06-10-23-00-00", "latency": "101"}, {"date": "2024-06-10-23-00-00", "latency": "101"}]}, {"location": {"country_code": "es", "region": "Andalusia", "city": "Marbella"}, "game_id": "314852", "values": [{"date": "2024-06-10-21-00-00", "latency": "57"}]}, {"location": {"country_code": "ca", "region": "Nunavut"}, "game_id": "314852", "values": [{"date": "2024-06-10-20-00-00", "latency": "58"}, {"date": "2024-06-10-20-00-00", "latency": "58"}, {"date": "2024-06-10-20-00-00", "latency": "58"}, {"date": "2024-06-10-20-00-00", "latency": "58"}, {"date": "2024-06-10-20-00-00", "latency": "58"}, {"date": "2024-06-10-20-00-00", "latency": "58"}, {"date": "2024-06-10-20-00-00", "latency": "58"}, {"date": "2024-06-10-20-00-00", "latency": "58"}]}, {"location": {"country_code": "am"}, "game_id": "314852", "values": [{"date": "2024-06-10-22-00-00", "latency": "65"}]}, {"location": {"country_code": "us", "region": "Texas", "city": "Nederland"}, "game_id": "314852", "values": [{"date": "2024-06-11-01-00-00", "latency": "58"}, {"date": "2024-06-11-01-00-00", "latency": "58"}, {"date": "2024-06-11-01-00-00", "latency": "58"}, {"date": "2024-06-11-01-00-00", "latency": "58"}]}, {"location": {"country_code": "es", "region": "Catalonia", "city": "Lleida"}, "game_id": "314852", "values": [{"date": "2024-06-10-13-00-00", "latency": "54"}]}, {"location": {"country_code": "us", "region": "New Jersey", "city": "West Orange"}, "game_id": "314852", "values": [{"date": "2024-06-11-00-00-00", "latency": "28"}, {"date": "2024-06-11-00-00-00", "latency": "28"}, {"date": "2024-06-11-00-00-00", "latency": "28"}, {"date": "2024-06-11-00-00-00", "latency": "28"}, {"date": "2024-06-11-00-00-00", "latency": "28"}, {"date": "2024-06-11-00-00-00", "latency": "28"}]}, {"location": {"country_code": "tm", "region": "Balkan"}, "game_id": "314852", "values": [{"date": "2024-06-10-14-00-00", "latency": "41"}, {"date": "2024-06-10-14-00-00", "latency": "41"}, {"date": "2024-06-10-14-00-00", "latency": "41"}, {"date": "2024-06-10-14-00-00", "latency": "41"}, {"date": "2024-06-10-14-00-00", "latency": "41"}]}, {"location": {"country_code": "us", "region": "New Jersey", "city": "Camden"}, "game_id": "314852", "values": [{"date": "2024-06-11-01-00-00", "latency": "32"}]}, {"location": {"country_code": "va"}, "game_id": "314852", "values": [{"date": "2024-06-10-17-00-00", "latency": "67"}, {"date": "2024-06-10-17-00-00", "latency": "67"}]}, {"location": {"country_code": "us", "region": "Pennsylvania", "city": "Winburne"}, "game_id": "314852", "values": [{"date": "2024-06-10-16-00-00", "latency": "95"}, {"date": "2024-06-10-16-00-00", "latency": "95"}, {"date": "2024-06-10-16-00-00", "latency": "95"}, {"date": "2024-06-10-16-00-00", "latency": "95"}]}, {"location": {"country_code": "id", "region": "East Java", "city": "Surabaya"}, "game_id": "314852", "values": [{"date": "2024-06-10-06-00-00", "latency": "109"}, {"date": "2024-06-10-06-00-00", "latency": "109"}, {"date": "2024-06-10-06-00-00", "latency": "109"}, {"date": "2024-06-10-06-00-00", "latency": "109"}, {"date": "2024-06-10-06-00-00", "latency": "109"}, {"date": "2024-06-10-06-00-00", "latency": "109"}, {"date": "2024-06-10-06-00-00", "latency": "109"}, {"date": "2024-06-10-06-00-00", "latency": "109"}, {"date": "2024-06-10-06-00-00", "latency": "109"}, {"date": "2024-06-10-06-00-00", "latency": "109"}]}, {"location": {"country_code": "pl", "region": "Lubusz Voivodship", "city": "Gorzow Wielkopolski"}, "game_id": "314852", "values": [{"date": "2024-06-10-11-00-00", "latency": "41"}, {"date": "2024-06-10-11-00-00", "latency": "41"}]}, {"location": {"country_code": "fi", "region": "South Savo"}, "game_id": "314852", "values": [{"date": "2024-06-10-21-00-00", "latency": "10"}, {"date": "2024-06-10-21-00-00", "latency": "10"}, {"date": "2024-06-10-21-00-00", "latency": "10"}]}], "last_updated": 1719914311.933705}