{"data": [{"location": {"country_code": "us"}, "game_id": "747108", "values": [{"date": "2023-03-02-01-00-00", "alternatives": ["1", "15", "15"]}, {"date": "2023-03-02-01-00-00", "alternatives": ["1", "15", "15"]}, {"date": "2023-03-02-01-00-00", "alternatives": ["1", "15", "15"]}, {"date": "2023-03-02-01-00-00", "alternatives": ["1", "15", "15"]}, {"date": "2023-03-02-01-00-00", "alternatives": ["1", "15", "15"]}, {"date": "2023-03-02-01-00-00", "alternatives": ["1", "15", "15"]}, {"date": "2023-03-02-01-00-00", "alternatives": ["1", "15", "15"]}, {"date": "2023-03-02-01-00-00", "alternatives": ["1", "15", "15"]}, {"date": "2023-03-02-01-00-00", "alternatives": ["1", "15", "15"]}, {"date": "2023-03-02-01-00-00", "alternatives": ["1", "15", "15"]}, {"date": "2023-03-02-01-00-00", "alternatives": ["1", "15", "15"]}, {"date": "2023-03-02-01-00-00", "alternatives": ["1", "15", "15"]}, {"date": "2023-03-02-01-00-00", "alternatives": ["1", "15", "15"]}, {"date": "2023-03-02-01-00-00", "alternatives": ["1", "15", "15"]}, {"date": "2023-03-02-01-00-00", "alternatives": ["1", "15", "15"]}, {"date": "2023-03-02-01-00-00", "alternatives": ["1", "15", "15"]}, {"date": "2023-03-02-01-00-00", "alternatives": ["1", "15", "15"]}, {"date": "2023-03-02-01-00-00", "alternatives": ["1", "15", "15"]}, {"date": "2023-03-01-10-00-00", "alternatives": ["1", "15", "1"]}, {"date": "2023-03-01-10-00-00", "alternatives": ["1", "15", "1"]}, {"date": "2023-03-01-10-00-00", "alternatives": ["1", "15", "1"]}, {"date": "2023-03-01-10-00-00", "alternatives": ["1", "15", "1"]}, {"date": "2023-03-01-10-00-00", "alternatives": ["1", "15", "1"]}, {"date": "2023-03-01-10-00-00", "alternatives": ["1", "15", "1"]}, {"date": "2023-03-01-10-00-00", "alternatives": ["1", "15", "1"]}, {"date": "2023-03-01-10-00-00", "alternatives": ["1", "15", "1"]}, {"date": "2023-03-01-10-00-00", "alternatives": ["1", "15", "1"]}, {"date": "2023-03-01-10-00-00", "alternatives": ["1", "15", "1"]}, {"date": "2023-03-01-10-00-00", "alternatives": ["1", "15", "1"]}, {"date": "2023-03-01-10-00-00", "alternatives": ["1", "15", "1"]}, {"date": "2023-03-01-10-00-00", "alternatives": ["1", "15", "1"]}, {"date": "2023-03-01-10-00-00", "alternatives": ["1", "15", "1"]}, {"date": "2023-03-01-10-00-00", "alternatives": ["1", "15", "1"]}, {"date": "2023-03-01-10-00-00", "alternatives": ["1", "15", "1"]}, {"date": "2023-03-02-00-00-00", "alternatives": ["73", "79", "79"]}, {"date": "2023-03-02-00-00-00", "alternatives": ["73", "79", "79"]}, {"date": "2023-03-02-00-00-00", "alternatives": ["73", "79", "79"]}, {"date": "2023-03-02-00-00-00", "alternatives": ["73", "79", "79"]}, {"date": "2023-03-01-14-00-00", "alternatives": [61, 6, 6, 6]}, {"date": "2023-03-01-14-00-00", "alternatives": [61, 6, 6, 6]}, {"date": "2023-03-01-14-00-00", "alternatives": [61, 6, 6, 6]}, {"date": "2023-03-01-14-00-00", "alternatives": [61, 6, 6, 6]}, {"date": "2023-03-01-14-00-00", "alternatives": [61, 6, 6, 6]}]}, {"location": {"country_code": "de", "region": "Berlin", "city": "Berlin"}, "game_id": "747108", "values": [{"date": "2023-03-01-23-00-00", "alternatives": ["1", "1", "15"]}, {"date": "2023-03-01-23-00-00", "alternatives": ["1", "1", "15"]}, {"date": "2023-03-01-23-00-00", "alternatives": ["1", "1", "15"]}, {"date": "2023-03-01-23-00-00", "alternatives": ["1", "1", "15"]}, {"date": "2023-03-01-23-00-00", "alternatives": ["1", "1", "15"]}, {"date": "2023-03-01-23-00-00", "alternatives": ["1", "1", "15"]}, {"date": "2023-03-01-23-00-00", "alternatives": ["1", "1", "15"]}, {"date": "2023-03-01-23-00-00", "alternatives": ["1", "1", "15"]}, {"date": "2023-03-01-23-00-00", "alternatives": ["1", "1", "15"]}, {"date": "2023-03-01-23-00-00", "alternatives": ["1", "1", "15"]}, {"date": "2023-03-01-23-00-00", "alternatives": ["1", "1", "15"]}]}, {"location": {"country_code": "us", "region": "New York", "city": "Jamestown"}, "game_id": "747108", "values": [{"date": "2023-03-01-23-00-00", "alternatives": ["16", "0", "16"]}, {"date": "2023-03-01-23-00-00", "alternatives": ["16", "0", "16"]}, {"date": "2023-03-01-23-00-00", "alternatives": ["16", "0", "16"]}]}, {"location": {"country_code": "gr"}, "game_id": "747108", "values": [{"date": "2023-03-01-17-00-00", "alternatives": ["63", "63", "3"]}, {"date": "2023-03-01-17-00-00", "alternatives": ["63", "63", "3"]}, {"date": "2023-03-01-17-00-00", "alternatives": ["63", "63", "3"]}, {"date": "2023-03-01-17-00-00", "alternatives": ["63", "63", "3"]}, {"date": "2023-03-01-17-00-00", "alternatives": ["63", "63", "3"]}, {"date": "2023-03-01-17-00-00", "alternatives": ["63", "63", "3"]}, {"date": "2023-03-01-17-00-00", "alternatives": ["63", "63", "3"]}, {"date": "2023-03-01-17-00-00", "alternatives": ["63", "63", "3"]}]}, {"location": {"country_code": "pa"}, "game_id": "747108", "values": [{"date": "2023-03-02-01-00-00", "alternatives": ["930", "93", "93"]}, {"date": "2023-03-02-01-00-00", "alternatives": ["930", "93", "93"]}, {"date": "2023-03-02-01-00-00", "alternatives": ["930", "93", "93"]}, {"date": "2023-03-02-01-00-00", "alternatives": ["930", "93", "93"]}, {"date": "2023-03-02-01-00-00", "alternatives": ["930", "93", "93"]}, {"date": "2023-03-02-01-00-00", "alternatives": ["930", "93", "93"]}, {"date": "2023-03-02-01-00-00", "alternatives": ["930", "93", "93"]}, {"date": "2023-03-02-01-00-00", "alternatives": ["930", "93", "93"]}, {"date": "2023-03-02-01-00-00", "alternatives": ["930", "93", "93"]}, {"date": "2023-03-02-01-00-00", "alternatives": ["930", "93", "93"]}, {"date": "2023-03-02-01-00-00", "alternatives": ["930", "93", "93"]}, {"date": "2023-03-02-01-00-00", "alternatives": ["930", "93", "93"]}, {"date": "2023-03-02-01-00-00", "alternatives": ["930", "93", "93"]}, {"date": "2023-03-02-01-00-00", "alternatives": ["930", "93", "93"]}, {"date": "2023-03-02-01-00-00", "alternatives": ["930", "93", "93"]}, {"date": "2023-03-02-01-00-00", "alternatives": ["930", "93", "93"]}, {"date": "2023-03-02-01-00-00", "alternatives": ["930", "93", "93"]}]}, {"location": {"country_code": "nl"}, "game_id": "747108", "values": [{"date": "2023-03-01-22-00-00", "alternatives": ["1", "15", "15"]}, {"date": "2023-03-01-22-00-00", "alternatives": ["1", "15", "15"]}, {"date": "2023-03-01-22-00-00", "alternatives": ["1", "15", "15"]}, {"date": "2023-03-01-22-00-00", "alternatives": ["1", "15", "15"]}, {"date": "2023-03-01-22-00-00", "alternatives": ["1", "15", "15"]}, {"date": "2023-03-01-22-00-00", "alternatives": ["1", "15", "15"]}, {"date": "2023-03-01-22-00-00", "alternatives": ["1", "15", "15"]}, {"date": "2023-03-01-22-00-00", "alternatives": ["1", "15", "15"]}, {"date": "2023-03-01-22-00-00", "alternatives": ["1", "15", "15"]}, {"date": "2023-03-01-22-00-00", "alternatives": ["1", "15", "15"]}, {"date": "2023-03-01-22-00-00", "alternatives": ["1", "15", "15"]}, {"date": "2023-03-01-22-00-00", "alternatives": ["1", "15", "15"]}, {"date": "2023-03-01-22-00-00", "alternatives": ["1", "15", "15"]}, {"date": "2023-03-01-22-00-00", "alternatives": ["1", "15", "15"]}]}, {"location": {"country_code": "jp"}, "game_id": "747108", "values": [{"date": "2023-03-02-01-00-00", "alternatives": ["1", "15", "15"]}, {"date": "2023-03-02-01-00-00", "alternatives": ["1", "15", "15"]}, {"date": "2023-03-02-01-00-00", "alternatives": ["1", "15", "15"]}, {"date": "2023-03-02-01-00-00", "alternatives": ["1", "15", "15"]}, {"date": "2023-03-02-01-00-00", "alternatives": ["1", "15", "15"]}, {"date": "2023-03-02-01-00-00", "alternatives": ["1", "15", "15"]}, {"date": "2023-03-02-01-00-00", "alternatives": ["1", "15", "15"]}, {"date": "2023-03-02-01-00-00", "alternatives": ["1", "15", "15"]}, {"date": "2023-03-02-01-00-00", "alternatives": ["1", "15", "15"]}, {"date": "2023-03-02-01-00-00", "alternatives": ["1", "15", "15"]}, {"date": "2023-03-02-01-00-00", "alternatives": ["1", "15", "15"]}]}, {"location": {"country_code": "ca"}, "game_id": "747108", "values": [{"date": "2023-03-01-14-00-00", "alternatives": ["1", "15", "15"]}, {"date": "2023-03-01-14-00-00", "alternatives": ["1", "15", "15"]}, {"date": "2023-03-01-14-00-00", "alternatives": ["1", "15", "15"]}, {"date": "2023-03-01-14-00-00", "alternatives": ["1", "15", "15"]}, {"date": "2023-03-01-17-00-00", "alternatives": ["62", "2", "2"]}, {"date": "2023-03-01-03-00-00", "alternatives": ["47", "471", "47"]}, {"date": "2023-03-01-03-00-00", "alternatives": ["47", "471", "47"]}, {"date": "2023-03-01-03-00-00", "alternatives": ["47", "471", "47"]}, {"date": "2023-03-01-03-00-00", "alternatives": ["47", "471", "47"]}]}, {"location": {"country_code": "ca", "region": "Ontario"}, "game_id": "747108", "values": [{"date": "2023-03-01-01-00-00", "alternatives": ["16", "16", "1"]}, {"date": "2023-03-01-01-00-00", "alternatives": ["16", "16", "1"]}, {"date": "2023-03-01-01-00-00", "alternatives": ["16", "16", "1"]}, {"date": "2023-03-01-01-00-00", "alternatives": ["16", "16", "1"]}, {"date": "2023-03-01-01-00-00", "alternatives": ["16", "16", "1"]}, {"date": "2023-03-01-23-00-00", "alternatives": ["31", "311", "31"]}, {"date": "2023-03-01-23-00-00", "alternatives": ["31", "311", "31"]}, {"date": "2023-03-01-23-00-00", "alternatives": ["31", "311", "31"]}, {"date": "2023-03-01-23-00-00", "alternatives": ["31", "311", "31"]}, {"date": "2023-03-01-23-00-00", "alternatives": ["31", "311", "31"]}, {"date": "2023-03-01-23-00-00", "alternatives": ["31", "311", "31"]}, {"date": "2023-03-01-23-00-00", "alternatives": ["31", "311", "31"]}, {"date": "2023-03-01-23-00-00", "alternatives": ["31", "311", "31"]}, {"date": "2023-03-01-23-00-00", "alternatives": ["31", "311", "31"]}]}, {"location": {"country_code": "de"}, "game_id": "747108", "values": [{"date": "2023-03-02-01-00-00", "alternatives": ["1", "1", "15"]}, {"date": "2023-03-02-01-00-00", "alternatives": ["1", "1", "15"]}, {"date": "2023-03-02-01-00-00", "alternatives": ["1", "1", "15"]}, {"date": "2023-03-02-01-00-00", "alternatives": ["1", "1", "15"]}, {"date": "2023-03-02-01-00-00", "alternatives": ["1", "1", "15"]}, {"date": "2023-03-02-01-00-00", "alternatives": ["1", "1", "15"]}, {"date": "2023-03-02-01-00-00", "alternatives": ["1", "1", "15"]}, {"date": "2023-03-02-01-00-00", "alternatives": ["1", "1", "15"]}, {"date": "2023-03-02-01-00-00", "alternatives": ["1", "1", "15"]}, {"date": "2023-03-02-01-00-00", "alternatives": ["1", "1", "15"]}, {"date": "2023-03-02-01-00-00", "alternatives": ["1", "1", "15"]}, {"date": "2023-03-02-01-00-00", "alternatives": ["1", "1", "15"]}, {"date": "2023-03-02-01-00-00", "alternatives": ["1", "1", "15"]}, {"date": "2023-03-02-01-00-00", "alternatives": ["1", "1", "15"]}, {"date": "2023-03-02-01-00-00", "alternatives": ["1", "1", "15"]}, {"date": "2023-03-02-01-00-00", "alternatives": ["1", "1", "15"]}, {"date": "2023-03-02-01-00-00", "alternatives": ["1", "1", "15"]}, {"date": "2023-03-02-01-00-00", "alternatives": ["1", "1", "15"]}, {"date": "2023-03-02-01-00-00", "alternatives": ["1", "1", "15"]}, {"date": "2023-03-02-01-00-00", "alternatives": ["1", "1", "15"]}, {"date": "2023-03-02-01-00-00", "alternatives": ["1", "1", "15"]}, {"date": "2023-03-02-01-00-00", "alternatives": ["1", "1", "15"]}, {"date": "2023-03-02-01-00-00", "alternatives": ["1", "1", "15"]}, {"date": "2023-03-02-01-00-00", "alternatives": ["1", "1", "15"]}, {"date": "2023-03-02-01-00-00", "alternatives": ["1", "1", "15"]}]}, {"location": {"country_code": "tw"}, "game_id": "747108", "values": [{"date": "2023-03-01-21-00-00", "alternatives": ["156", "156", "1"]}, {"date": "2023-03-01-21-00-00", "alternatives": ["156", "156", "1"]}, {"date": "2023-03-01-21-00-00", "alternatives": ["156", "156", "1"]}, {"date": "2023-03-01-21-00-00", "alternatives": ["156", "156", "1"]}, {"date": "2023-03-01-21-00-00", "alternatives": ["156", "156", "1"]}, {"date": "2023-03-01-21-00-00", "alternatives": ["156", "156", "1"]}, {"date": "2023-03-01-21-00-00", "alternatives": ["156", "156", "1"]}, {"date": "2023-03-01-21-00-00", "alternatives": ["156", "156", "1"]}, {"date": "2023-03-01-21-00-00", "alternatives": ["156", "156", "1"]}, {"date": "2023-03-01-21-00-00", "alternatives": ["156", "156", "1"]}, {"date": "2023-03-01-21-00-00", "alternatives": ["156", "156", "1"]}, {"date": "2023-03-01-21-00-00", "alternatives": ["156", "156", "1"]}, {"date": "2023-03-01-21-00-00", "alternatives": ["156", "156", "1"]}, {"date": "2023-03-01-21-00-00", "alternatives": ["156", "156", "1"]}, {"date": "2023-03-02-01-00-00", "alternatives": ["17", "171", "17"]}]}, {"location": {"country_code": "cl"}, "game_id": "747108", "values": [{"date": "2023-03-01-02-00-00", "alternatives": ["63", "63", "83"]}]}, {"location": {"country_code": "au", "region": "New South Wales", "city": "Sydney"}, "game_id": "747108", "values": [{"date": "2023-03-01-14-00-00", "alternatives": ["7034", "203", "203"]}, {"date": "2023-03-01-14-00-00", "alternatives": ["7034", "203", "203"]}]}, {"location": {"country_code": "us", "region": "Florida"}, "game_id": "747108", "values": [{"date": "2023-03-01-01-00-00", "alternatives": ["7", "47", "47"]}, {"date": "2023-03-01-01-00-00", "alternatives": ["7", "47", "47"]}, {"date": "2023-03-01-01-00-00", "alternatives": ["7", "47", "47"]}, {"date": "2023-03-01-01-00-00", "alternatives": ["7", "47", "47"]}]}, {"location": {"country_code": "ph"}, "game_id": "747108", "values": [{"date": "2023-03-01-19-00-00", "alternatives": ["38", "188", "188"]}, {"date": "2023-03-01-19-00-00", "alternatives": ["38", "188", "188"]}, {"date": "2023-03-01-19-00-00", "alternatives": ["38", "188", "188"]}, {"date": "2023-03-01-19-00-00", "alternatives": ["38", "188", "188"]}, {"date": "2023-03-01-19-00-00", "alternatives": ["38", "188", "188"]}, {"date": "2023-03-01-19-00-00", "alternatives": ["38", "188", "188"]}, {"date": "2023-03-01-19-00-00", "alternatives": ["38", "188", "188"]}, {"date": "2023-03-01-19-00-00", "alternatives": ["38", "188", "188"]}]}, {"location": {"country_code": "fr"}, "game_id": "747108", "values": [{"date": "2023-03-02-00-00-00", "alternatives": ["31", "31", "3"]}, {"date": "2023-03-02-00-00-00", "alternatives": ["31", "31", "3"]}, {"date": "2023-03-02-00-00-00", "alternatives": ["31", "31", "3"]}, {"date": "2023-03-02-00-00-00", "alternatives": ["31", "31", "3"]}, {"date": "2023-03-02-00-00-00", "alternatives": ["31", "31", "3"]}, {"date": "2023-03-02-00-00-00", "alternatives": ["31", "31", "3"]}, {"date": "2023-03-02-00-00-00", "alternatives": ["31", "31", "3"]}, {"date": "2023-03-02-00-00-00", "alternatives": ["31", "31", "3"]}, {"date": "2023-03-02-00-00-00", "alternatives": ["31", "31", "3"]}, {"date": "2023-03-02-00-00-00", "alternatives": ["31", "31", "3"]}, {"date": "2023-03-02-00-00-00", "alternatives": ["31", "31", "3"]}, {"date": "2023-03-02-00-00-00", "alternatives": ["31", "31", "3"]}, {"date": "2023-03-02-00-00-00", "alternatives": ["31", "31", "3"]}, {"date": "2023-03-02-00-00-00", "alternatives": ["31", "31", "3"]}, {"date": "2023-03-02-00-00-00", "alternatives": ["31", "31", "3"]}, {"date": "2023-03-02-00-00-00", "alternatives": ["31", "31", "3"]}, {"date": "2023-03-02-00-00-00", "alternatives": ["31", "31", "3"]}, {"date": "2023-03-02-00-00-00", "alternatives": ["31", "31", "3"]}, {"date": "2023-03-02-00-00-00", "alternatives": ["31", "31", "3"]}, {"date": "2023-03-02-00-00-00", "alternatives": ["31", "31", "3"]}, {"date": "2023-03-02-00-00-00", "alternatives": ["31", "31", "3"]}, {"date": "2023-03-02-00-00-00", "alternatives": ["31", "31", "3"]}, {"date": "2023-03-02-00-00-00", "alternatives": ["31", "31", "3"]}, {"date": "2023-03-02-00-00-00", "alternatives": ["31", "31", "3"]}, {"date": "2023-03-02-00-00-00", "alternatives": ["31", "31", "3"]}, {"date": "2023-03-02-00-00-00", "alternatives": ["31", "31", "3"]}, {"date": "2023-03-02-00-00-00", "alternatives": ["31", "31", "3"]}, {"date": "2023-03-02-00-00-00", "alternatives": ["31", "31", "3"]}, {"date": "2023-03-02-00-00-00", "alternatives": ["31", "31", "3"]}]}, {"location": {"country_code": "mx"}, "game_id": "747108", "values": [{"date": "2023-03-01-05-00-00", "alternatives": ["63", "63", "3"]}, {"date": "2023-03-01-05-00-00", "alternatives": ["63", "63", "3"]}, {"date": "2023-03-01-05-00-00", "alternatives": ["63", "63", "3"]}, {"date": "2023-03-01-05-00-00", "alternatives": ["63", "63", "3"]}, {"date": "2023-03-01-05-00-00", "alternatives": ["63", "63", "3"]}, {"date": "2023-03-01-05-00-00", "alternatives": ["63", "63", "3"]}, {"date": "2023-03-01-05-00-00", "alternatives": ["63", "63", "3"]}, {"date": "2023-03-01-05-00-00", "alternatives": ["63", "63", "3"]}, {"date": "2023-03-01-05-00-00", "alternatives": ["63", "63", "3"]}, {"date": "2023-03-01-05-00-00", "alternatives": ["63", "63", "3"]}, {"date": "2023-03-01-05-00-00", "alternatives": ["63", "63", "3"]}, {"date": "2023-03-01-05-00-00", "alternatives": ["63", "63", "3"]}, {"date": "2023-03-01-05-00-00", "alternatives": ["63", "63", "3"]}, {"date": "2023-03-01-05-00-00", "alternatives": ["63", "63", "3"]}, {"date": "2023-03-01-05-00-00", "alternatives": ["63", "63", "3"]}, {"date": "2023-03-01-05-00-00", "alternatives": ["63", "63", "3"]}, {"date": "2023-03-01-05-00-00", "alternatives": ["63", "63", "3"]}, {"date": "2023-03-01-05-00-00", "alternatives": ["63", "63", "3"]}, {"date": "2023-03-01-05-00-00", "alternatives": ["63", "63", "3"]}, {"date": "2023-03-01-05-00-00", "alternatives": ["63", "63", "3"]}, {"date": "2023-03-01-05-00-00", "alternatives": ["63", "63", "3"]}, {"date": "2023-03-01-05-00-00", "alternatives": ["63", "63", "3"]}, {"date": "2023-03-01-05-00-00", "alternatives": ["63", "63", "3"]}, {"date": "2023-03-01-05-00-00", "alternatives": ["63", "63", "3"]}, {"date": "2023-03-01-05-00-00", "alternatives": ["63", "63", "3"]}, {"date": "2023-03-01-05-00-00", "alternatives": ["63", "63", "3"]}, {"date": "2023-03-01-05-00-00", "alternatives": ["63", "63", "3"]}, {"date": "2023-03-01-05-00-00", "alternatives": ["63", "63", "3"]}, {"date": "2023-03-01-05-00-00", "alternatives": ["63", "63", "3"]}, {"date": "2023-03-01-05-00-00", "alternatives": ["63", "63", "3"]}, {"date": "2023-03-01-05-00-00", "alternatives": ["63", "63", "3"]}, {"date": "2023-03-01-23-00-00", "alternatives": ["94", "4", "94"]}, {"date": "2023-03-01-23-00-00", "alternatives": ["94", "4", "94"]}, {"date": "2023-03-01-23-00-00", "alternatives": ["94", "4", "94"]}, {"date": "2023-03-01-23-00-00", "alternatives": ["94", "4", "94"]}, {"date": "2023-03-01-23-00-00", "alternatives": ["94", "4", "94"]}, {"date": "2023-03-01-01-00-00", "alternatives": [94, 941, 4, 94, 94, 94]}, {"date": "2023-03-01-01-00-00", "alternatives": [94, 941, 4, 94, 94, 94]}, {"date": "2023-03-01-01-00-00", "alternatives": [94, 941, 4, 94, 94, 94]}, {"date": "2023-03-01-01-00-00", "alternatives": [94, 941, 4, 94, 94, 94]}, {"date": "2023-03-01-01-00-00", "alternatives": [94, 941, 4, 94, 94, 94]}, {"date": "2023-03-01-01-00-00", "alternatives": [94, 941, 4, 94, 94, 94]}, {"date": "2023-03-01-01-00-00", "alternatives": [94, 941, 4, 94, 94, 94]}, {"date": "2023-03-01-01-00-00", "alternatives": [94, 941, 4, 94, 94, 94]}, {"date": "2023-03-01-01-00-00", "alternatives": [94, 941, 4, 94, 94, 94]}, {"date": "2023-03-01-01-00-00", "alternatives": [94, 941, 4, 94, 94, 94]}, {"date": "2023-03-01-01-00-00", "alternatives": [94, 941, 4, 94, 94, 94]}, {"date": "2023-03-01-01-00-00", "alternatives": [94, 941, 4, 94, 94, 94]}, {"date": "2023-03-01-01-00-00", "alternatives": [94, 941, 4, 94, 94, 94]}, {"date": "2023-03-01-01-00-00", "alternatives": [94, 941, 4, 94, 94, 94]}, {"date": "2023-03-01-01-00-00", "alternatives": [94, 941, 4, 94, 94, 94]}, {"date": "2023-03-01-01-00-00", "alternatives": [94, 941, 4, 94, 94, 94]}, {"date": "2023-03-01-01-00-00", "alternatives": [94, 941, 4, 94, 94, 94]}, {"date": "2023-03-02-01-00-00", "alternatives": [109, 60, 9, 9, 9]}, {"date": "2023-03-02-01-00-00", "alternatives": [109, 60, 9, 9, 9]}, {"date": "2023-03-02-01-00-00", "alternatives": [109, 60, 9, 9, 9]}, {"date": "2023-03-02-01-00-00", "alternatives": [109, 60, 9, 9, 9]}, {"date": "2023-03-02-01-00-00", "alternatives": [109, 60, 9, 9, 9]}, {"date": "2023-03-02-01-00-00", "alternatives": [109, 60, 9, 9, 9]}, {"date": "2023-03-02-01-00-00", "alternatives": [109, 60, 9, 9, 9]}, {"date": "2023-03-02-01-00-00", "alternatives": [109, 60, 9, 9, 9]}, {"date": "2023-03-02-01-00-00", "alternatives": [109, 60, 9, 9, 9]}, {"date": "2023-03-02-01-00-00", "alternatives": [109, 60, 9, 9, 9]}]}, {"location": {"country_code": "br"}, "game_id": "747108", "values": [{"date": "2023-03-01-15-00-00", "alternatives": [31, 31, 31, 31]}, {"date": "2023-03-01-15-00-00", "alternatives": [31, 31, 31, 31]}, {"date": "2023-03-01-15-00-00", "alternatives": [31, 31, 31, 31]}, {"date": "2023-03-01-15-00-00", "alternatives": [31, 31, 31, 31]}, {"date": "2023-03-01-15-00-00", "alternatives": [31, 31, 31, 31]}, {"date": "2023-03-01-15-00-00", "alternatives": [31, 31, 31, 31]}, {"date": "2023-03-01-15-00-00", "alternatives": [31, 31, 31, 31]}, {"date": "2023-03-01-15-00-00", "alternatives": [31, 31, 31, 31]}, {"date": "2023-03-01-15-00-00", "alternatives": [31, 31, 31, 31]}, {"date": "2023-03-01-15-00-00", "alternatives": [31, 31, 31, 31]}, {"date": "2023-03-01-15-00-00", "alternatives": [31, 31, 31, 31]}, {"date": "2023-03-01-15-00-00", "alternatives": [31, 31, 31, 31]}, {"date": "2023-03-01-15-00-00", "alternatives": [31, 31, 31, 31]}, {"date": "2023-03-01-15-00-00", "alternatives": [31, 31, 31, 31]}, {"date": "2023-03-01-15-00-00", "alternatives": [31, 31, 31, 31]}, {"date": "2023-03-01-15-00-00", "alternatives": [31, 31, 31, 31]}, {"date": "2023-03-01-15-00-00", "alternatives": [31, 31, 31, 31]}, {"date": "2023-03-01-15-00-00", "alternatives": [31, 31, 31, 31]}, {"date": "2023-03-01-15-00-00", "alternatives": [31, 31, 31, 31]}, {"date": "2023-03-01-15-00-00", "alternatives": [31, 31, 31, 31]}, {"date": "2023-03-01-15-00-00", "alternatives": [31, 31, 31, 31]}, {"date": "2023-03-01-18-00-00", "alternatives": ["1", "1", "16"]}, {"date": "2023-03-01-18-00-00", "alternatives": ["1", "1", "16"]}, {"date": "2023-03-01-18-00-00", "alternatives": ["1", "1", "16"]}, {"date": "2023-03-01-18-00-00", "alternatives": ["1", "1", "16"]}, {"date": "2023-03-01-18-00-00", "alternatives": ["1", "1", "16"]}, {"date": "2023-03-02-01-00-00", "alternatives": ["16", "6", "16"]}, {"date": "2023-03-02-01-00-00", "alternatives": ["16", "6", "16"]}, {"date": "2023-03-02-01-00-00", "alternatives": ["16", "6", "16"]}, {"date": "2023-03-02-01-00-00", "alternatives": ["16", "6", "16"]}, {"date": "2023-03-02-01-00-00", "alternatives": ["16", "6", "16"]}, {"date": "2023-03-02-01-00-00", "alternatives": ["16", "6", "16"]}, {"date": "2023-03-02-01-00-00", "alternatives": ["16", "6", "16"]}, {"date": "2023-03-02-01-00-00", "alternatives": ["16", "6", "16"]}, {"date": "2023-03-02-01-00-00", "alternatives": ["16", "6", "16"]}, {"date": "2023-03-02-01-00-00", "alternatives": ["16", "6", "16"]}, {"date": "2023-03-02-01-00-00", "alternatives": ["16", "6", "16"]}, {"date": "2023-03-02-01-00-00", "alternatives": ["16", "6", "16"]}, {"date": "2023-03-02-01-00-00", "alternatives": ["16", "6", "16"]}, {"date": "2023-03-02-01-00-00", "alternatives": ["16", "6", "16"]}, {"date": "2023-03-02-01-00-00", "alternatives": ["16", "6", "16"]}, {"date": "2023-03-02-01-00-00", "alternatives": ["16", "6", "16"]}, {"date": "2023-03-02-01-00-00", "alternatives": ["16", "6", "16"]}, {"date": "2023-03-02-01-00-00", "alternatives": ["16", "6", "16"]}, {"date": "2023-03-02-01-00-00", "alternatives": ["16", "6", "16"]}, {"date": "2023-03-02-01-00-00", "alternatives": ["16", "6", "16"]}, {"date": "2023-03-02-01-00-00", "alternatives": ["16", "6", "16"]}, {"date": "2023-03-02-01-00-00", "alternatives": ["16", "6", "16"]}, {"date": "2023-03-02-01-00-00", "alternatives": ["16", "6", "16"]}, {"date": "2023-03-02-01-00-00", "alternatives": ["16", "6", "16"]}, {"date": "2023-03-02-01-00-00", "alternatives": ["16", "6", "16"]}, {"date": "2023-03-02-01-00-00", "alternatives": ["16", "6", "16"]}, {"date": "2023-03-02-01-00-00", "alternatives": ["16", "6", "16"]}, {"date": "2023-03-02-01-00-00", "alternatives": ["16", "6", "16"]}, {"date": "2023-03-02-01-00-00", "alternatives": ["16", "6", "16"]}, {"date": "2023-03-02-01-00-00", "alternatives": ["16", "6", "16"]}, {"date": "2023-03-02-01-00-00", "alternatives": ["16", "6", "16"]}, {"date": "2023-03-02-01-00-00", "alternatives": ["16", "6", "16"]}, {"date": "2023-03-01-15-00-00", "alternatives": [62, 62, 62, 62]}, {"date": "2023-03-01-15-00-00", "alternatives": [62, 62, 62, 62]}, {"date": "2023-03-01-15-00-00", "alternatives": [62, 62, 62, 62]}, {"date": "2023-03-01-15-00-00", "alternatives": [62, 62, 62, 62]}, {"date": "2023-03-01-15-00-00", "alternatives": [62, 62, 62, 62]}, {"date": "2023-03-01-15-00-00", "alternatives": [62, 62, 62, 62]}, {"date": "2023-03-01-15-00-00", "alternatives": [62, 62, 62, 62]}, {"date": "2023-03-01-15-00-00", "alternatives": [62, 62, 62, 62]}, {"date": "2023-03-01-15-00-00", "alternatives": [62, 62, 62, 62]}, {"date": "2023-03-01-15-00-00", "alternatives": [62, 62, 62, 62]}, {"date": "2023-03-01-15-00-00", "alternatives": [62, 62, 62, 62]}, {"date": "2023-03-01-15-00-00", "alternatives": [62, 62, 62, 62]}, {"date": "2023-03-01-15-00-00", "alternatives": [62, 62, 62, 62]}, {"date": "2023-03-01-15-00-00", "alternatives": [62, 62, 62, 62]}, {"date": "2023-03-01-15-00-00", "alternatives": [62, 62, 62, 62]}, {"date": "2023-03-01-15-00-00", "alternatives": [62, 62, 62, 62]}, {"date": "2023-03-01-15-00-00", "alternatives": [62, 62, 62, 62]}, {"date": "2023-03-01-15-00-00", "alternatives": [62, 62, 62, 62]}, {"date": "2023-03-01-15-00-00", "alternatives": [62, 62, 62, 62]}, {"date": "2023-03-01-15-00-00", "alternatives": [62, 62, 62, 62]}, {"date": "2023-03-01-15-00-00", "alternatives": [62, 62, 62, 62]}, {"date": "2023-03-01-15-00-00", "alternatives": [62, 62, 62, 62]}, {"date": "2023-03-01-15-00-00", "alternatives": [62, 62, 62, 62]}, {"date": "2023-03-01-22-00-00", "alternatives": ["31", "31", "3"]}, {"date": "2023-03-01-22-00-00", "alternatives": ["31", "31", "3"]}, {"date": "2023-03-01-22-00-00", "alternatives": ["31", "31", "3"]}, {"date": "2023-03-01-22-00-00", "alternatives": ["31", "31", "3"]}, {"date": "2023-03-01-22-00-00", "alternatives": ["31", "31", "3"]}, {"date": "2023-03-01-22-00-00", "alternatives": ["31", "31", "3"]}, {"date": "2023-03-01-22-00-00", "alternatives": ["31", "31", "3"]}, {"date": "2023-03-01-22-00-00", "alternatives": ["31", "31", "3"]}, {"date": "2023-03-01-22-00-00", "alternatives": ["31", "31", "3"]}, {"date": "2023-03-01-22-00-00", "alternatives": ["31", "31", "3"]}, {"date": "2023-03-01-22-00-00", "alternatives": ["31", "31", "3"]}, {"date": "2023-03-01-22-00-00", "alternatives": ["31", "31", "3"]}, {"date": "2023-03-01-22-00-00", "alternatives": ["31", "31", "3"]}, {"date": "2023-03-01-22-00-00", "alternatives": ["31", "31", "3"]}, {"date": "2023-03-01-22-00-00", "alternatives": ["31", "31", "3"]}, {"date": "2023-03-01-22-00-00", "alternatives": ["31", "31", "3"]}, {"date": "2023-03-01-22-00-00", "alternatives": ["31", "31", "3"]}, {"date": "2023-03-01-22-00-00", "alternatives": ["31", "31", "3"]}, {"date": "2023-03-01-21-00-00", "alternatives": ["47", "47", "7"]}, {"date": "2023-03-01-15-00-00", "alternatives": [32, 32, 5, 32]}, {"date": "2023-03-01-15-00-00", "alternatives": [32, 32, 5, 32]}, {"date": "2023-03-01-15-00-00", "alternatives": [32, 32, 5, 32]}, {"date": "2023-03-01-15-00-00", "alternatives": [32, 32, 5, 32]}, {"date": "2023-03-01-15-00-00", "alternatives": [32, 32, 5, 32]}, {"date": "2023-03-01-15-00-00", "alternatives": [32, 32, 5, 32]}, {"date": "2023-03-01-15-00-00", "alternatives": [32, 32, 5, 32]}, {"date": "2023-03-01-15-00-00", "alternatives": [32, 32, 5, 32]}, {"date": "2023-03-01-15-00-00", "alternatives": [32, 32, 5, 32]}, {"date": "2023-03-01-15-00-00", "alternatives": [32, 32, 5, 32]}, {"date": "2023-03-01-15-00-00", "alternatives": [32, 32, 5, 32]}, {"date": "2023-03-01-15-00-00", "alternatives": [32, 32, 5, 32]}, {"date": "2023-03-01-15-00-00", "alternatives": [32, 32, 5, 32]}, {"date": "2023-03-01-15-00-00", "alternatives": [32, 32, 5, 32]}, {"date": "2023-03-01-15-00-00", "alternatives": [32, 32, 5, 32]}, {"date": "2023-03-01-15-00-00", "alternatives": [32, 32, 5, 32]}, {"date": "2023-03-01-15-00-00", "alternatives": [32, 32, 5, 32]}, {"date": "2023-03-01-15-00-00", "alternatives": [32, 32, 5, 32]}, {"date": "2023-03-01-15-00-00", "alternatives": [32, 32, 5, 32]}, {"date": "2023-03-01-15-00-00", "alternatives": [32, 32, 5, 32]}, {"date": "2023-03-01-15-00-00", "alternatives": [32, 32, 5, 32]}, {"date": "2023-03-01-15-00-00", "alternatives": [32, 32, 5, 32]}, {"date": "2023-03-01-15-00-00", "alternatives": [32, 32, 5, 32]}]}, {"location": {"country_code": "br", "region": "Sao Paulo", "city": "Apiai"}, "game_id": "747108", "values": [{"date": "2023-03-01-20-00-00", "alternatives": ["15", "5", "15"]}, {"date": "2023-03-01-20-00-00", "alternatives": ["15", "5", "15"]}, {"date": "2023-03-01-20-00-00", "alternatives": ["15", "5", "15"]}, {"date": "2023-03-01-20-00-00", "alternatives": ["15", "5", "15"]}, {"date": "2023-03-01-20-00-00", "alternatives": ["15", "5", "15"]}, {"date": "2023-03-01-20-00-00", "alternatives": ["15", "5", "15"]}, {"date": "2023-03-01-20-00-00", "alternatives": ["15", "5", "15"]}, {"date": "2023-03-01-20-00-00", "alternatives": ["15", "5", "15"]}, {"date": "2023-03-01-20-00-00", "alternatives": ["15", "5", "15"]}, {"date": "2023-03-02-01-00-00", "alternatives": ["1", "15", "15"]}, {"date": "2023-03-02-01-00-00", "alternatives": ["1", "15", "15"]}, {"date": "2023-03-02-01-00-00", "alternatives": ["1", "15", "15"]}, {"date": "2023-03-02-01-00-00", "alternatives": ["1", "15", "15"]}, {"date": "2023-03-02-01-00-00", "alternatives": ["1", "15", "15"]}, {"date": "2023-03-02-01-00-00", "alternatives": ["1", "15", "15"]}, {"date": "2023-03-02-01-00-00", "alternatives": ["1", "15", "15"]}, {"date": "2023-03-02-01-00-00", "alternatives": ["1", "15", "15"]}, {"date": "2023-03-02-01-00-00", "alternatives": ["1", "15", "15"]}, {"date": "2023-03-02-01-00-00", "alternatives": ["1", "15", "15"]}, {"date": "2023-03-02-01-00-00", "alternatives": ["1", "15", "15"]}, {"date": "2023-03-02-01-00-00", "alternatives": ["1", "15", "15"]}, {"date": "2023-03-02-01-00-00", "alternatives": ["1", "15", "15"]}, {"date": "2023-03-02-01-00-00", "alternatives": ["1", "15", "15"]}, {"date": "2023-03-02-01-00-00", "alternatives": ["1", "15", "15"]}, {"date": "2023-03-02-01-00-00", "alternatives": ["1", "15", "15"]}, {"date": "2023-03-02-01-00-00", "alternatives": ["1", "15", "15"]}, {"date": "2023-03-02-01-00-00", "alternatives": ["1", "15", "15"]}, {"date": "2023-03-02-01-00-00", "alternatives": ["1", "15", "15"]}, {"date": "2023-03-02-01-00-00", "alternatives": ["1", "15", "15"]}, {"date": "2023-03-02-01-00-00", "alternatives": ["1", "15", "15"]}, {"date": "2023-03-02-01-00-00", "alternatives": ["1", "15", "15"]}, {"date": "2023-03-02-01-00-00", "alternatives": ["1", "15", "15"]}]}, {"location": {"country_code": "se"}, "game_id": "747108", "values": [{"date": "2023-03-01-15-00-00", "alternatives": [31, 31, 5, 31]}, {"date": "2023-03-01-15-00-00", "alternatives": [31, 31, 5, 31]}, {"date": "2023-03-01-15-00-00", "alternatives": [31, 31, 5, 31]}, {"date": "2023-03-01-15-00-00", "alternatives": [31, 31, 5, 31]}, {"date": "2023-03-01-15-00-00", "alternatives": [31, 31, 5, 31]}, {"date": "2023-03-01-15-00-00", "alternatives": [31, 31, 5, 31]}, {"date": "2023-03-01-15-00-00", "alternatives": [31, 31, 5, 31]}, {"date": "2023-03-01-15-00-00", "alternatives": [31, 31, 5, 31]}, {"date": "2023-03-01-15-00-00", "alternatives": [31, 31, 5, 31]}, {"date": "2023-03-01-15-00-00", "alternatives": [31, 31, 5, 31]}, {"date": "2023-03-01-15-00-00", "alternatives": [31, 31, 5, 31]}, {"date": "2023-03-01-15-00-00", "alternatives": [31, 31, 5, 31]}, {"date": "2023-03-01-15-00-00", "alternatives": [31, 31, 5, 31]}, {"date": "2023-03-01-15-00-00", "alternatives": [31, 31, 5, 31]}, {"date": "2023-03-01-15-00-00", "alternatives": [31, 31, 5, 31]}, {"date": "2023-03-01-15-00-00", "alternatives": [31, 31, 5, 31]}, {"date": "2023-03-01-15-00-00", "alternatives": [31, 31, 5, 31]}, {"date": "2023-03-01-15-00-00", "alternatives": [31, 31, 5, 31]}, {"date": "2023-03-01-15-00-00", "alternatives": [31, 31, 5, 31]}]}, {"location": {"country_code": "us", "region": "Maryland", "city": "Dundalk"}, "game_id": "747108", "values": [{"date": "2023-03-01-19-00-00", "alternatives": ["1", "1", "16"]}, {"date": "2023-03-01-19-00-00", "alternatives": ["1", "1", "16"]}, {"date": "2023-03-01-19-00-00", "alternatives": ["1", "1", "16"]}, {"date": "2023-03-01-19-00-00", "alternatives": ["1", "1", "16"]}, {"date": "2023-03-01-19-00-00", "alternatives": ["1", "1", "16"]}, {"date": "2023-03-01-19-00-00", "alternatives": ["1", "1", "16"]}, {"date": "2023-03-01-19-00-00", "alternatives": ["1", "1", "16"]}, {"date": "2023-03-01-19-00-00", "alternatives": ["1", "1", "16"]}, {"date": "2023-03-01-19-00-00", "alternatives": ["1", "1", "16"]}, {"date": "2023-03-01-19-00-00", "alternatives": ["1", "1", "16"]}, {"date": "2023-03-01-19-00-00", "alternatives": ["1", "1", "16"]}, {"date": "2023-03-01-19-00-00", "alternatives": ["1", "1", "16"]}, {"date": "2023-03-01-19-00-00", "alternatives": ["1", "1", "16"]}, {"date": "2023-03-01-19-00-00", "alternatives": ["1", "1", "16"]}, {"date": "2023-03-01-19-00-00", "alternatives": ["1", "1", "16"]}]}, {"location": {"country_code": "us", "region": "Texas", "city": "Austin"}, "game_id": "747108", "values": [{"date": "2023-03-01-20-00-00", "alternatives": ["0", "0", "100"]}]}, {"location": {"country_code": "tr"}, "game_id": "747108", "values": [{"date": "2023-03-01-13-00-00", "alternatives": ["47", "4", "47"]}, {"date": "2023-03-01-13-00-00", "alternatives": ["47", "4", "47"]}]}, {"location": {"country_code": "kr"}, "game_id": "747108", "values": [{"date": "2023-03-01-14-00-00", "alternatives": ["6", "16", "16"]}, {"date": "2023-03-01-14-00-00", "alternatives": ["6", "16", "16"]}, {"date": "2023-03-01-14-00-00", "alternatives": ["6", "16", "16"]}, {"date": "2023-03-01-14-00-00", "alternatives": ["6", "16", "16"]}, {"date": "2023-03-01-14-00-00", "alternatives": ["6", "16", "16"]}]}, {"location": {"country_code": "es"}, "game_id": "747108", "values": [{"date": "2023-03-01-20-00-00", "alternatives": ["46", "46", "40"]}, {"date": "2023-03-01-20-00-00", "alternatives": ["46", "46", "40"]}, {"date": "2023-03-01-20-00-00", "alternatives": ["46", "46", "40"]}, {"date": "2023-03-01-20-00-00", "alternatives": ["46", "46", "40"]}, {"date": "2023-03-01-20-00-00", "alternatives": ["46", "46", "40"]}, {"date": "2023-03-01-20-00-00", "alternatives": ["46", "46", "40"]}]}, {"location": {"country_code": "fi"}, "game_id": "747108", "values": [{"date": "2023-03-01-14-00-00", "alternatives": [3255, 325, 32, 32, 32]}, {"date": "2023-03-01-14-00-00", "alternatives": [3255, 325, 32, 32, 32]}, {"date": "2023-03-01-14-00-00", "alternatives": [3255, 325, 32, 32, 32]}, {"date": "2023-03-01-14-00-00", "alternatives": [3255, 325, 32, 32, 32]}, {"date": "2023-03-01-14-00-00", "alternatives": [3255, 325, 32, 32, 32]}, {"date": "2023-03-01-14-00-00", "alternatives": [3255, 325, 32, 32, 32]}, {"date": "2023-03-01-14-00-00", "alternatives": [3255, 325, 32, 32, 32]}, {"date": "2023-03-01-14-00-00", "alternatives": [3255, 325, 32, 32, 32]}, {"date": "2023-03-01-14-00-00", "alternatives": [3255, 325, 32, 32, 32]}, {"date": "2023-03-01-14-00-00", "alternatives": [3255, 325, 32, 32, 32]}, {"date": "2023-03-01-14-00-00", "alternatives": [3255, 325, 32, 32, 32]}, {"date": "2023-03-01-14-00-00", "alternatives": [3255, 325, 32, 32, 32]}, {"date": "2023-03-01-14-00-00", "alternatives": [3255, 325, 32, 32, 32]}, {"date": "2023-03-01-14-00-00", "alternatives": [3255, 325, 32, 32, 32]}, {"date": "2023-03-01-14-00-00", "alternatives": [3255, 325, 32, 32, 32]}, {"date": "2023-03-01-14-00-00", "alternatives": [3255, 325, 32, 32, 32]}, {"date": "2023-03-01-14-00-00", "alternatives": [3255, 325, 32, 32, 32]}, {"date": "2023-03-01-14-00-00", "alternatives": [3255, 325, 32, 32, 32]}, {"date": "2023-03-01-14-00-00", "alternatives": [3255, 325, 32, 32, 32]}, {"date": "2023-03-02-01-00-00", "alternatives": ["62", "62", "6"]}]}, {"location": {"country_code": "mx", "region": "Puebla"}, "game_id": "747108", "values": [{"date": "2023-03-01-15-00-00", "alternatives": [6205, 627, 62, 62, 62]}, {"date": "2023-03-01-15-00-00", "alternatives": [6205, 627, 62, 62, 62]}, {"date": "2023-03-01-15-00-00", "alternatives": [6205, 627, 62, 62, 62]}, {"date": "2023-03-01-15-00-00", "alternatives": [6205, 627, 62, 62, 62]}, {"date": "2023-03-01-15-00-00", "alternatives": [6205, 627, 62, 62, 62]}, {"date": "2023-03-01-15-00-00", "alternatives": [6205, 627, 62, 62, 62]}, {"date": "2023-03-01-15-00-00", "alternatives": [6205, 627, 62, 62, 62]}, {"date": "2023-03-01-15-00-00", "alternatives": [6205, 627, 62, 62, 62]}, {"date": "2023-03-01-15-00-00", "alternatives": [6205, 627, 62, 62, 62]}, {"date": "2023-03-01-15-00-00", "alternatives": [6205, 627, 62, 62, 62]}, {"date": "2023-03-01-15-00-00", "alternatives": [6205, 627, 62, 62, 62]}, {"date": "2023-03-01-15-00-00", "alternatives": [6205, 627, 62, 62, 62]}, {"date": "2023-03-01-15-00-00", "alternatives": [6205, 627, 62, 62, 62]}, {"date": "2023-03-01-15-00-00", "alternatives": [6205, 627, 62, 62, 62]}, {"date": "2023-03-01-15-00-00", "alternatives": [6205, 627, 62, 62, 62]}, {"date": "2023-03-01-15-00-00", "alternatives": [6205, 627, 62, 62, 62]}, {"date": "2023-03-01-15-00-00", "alternatives": [6205, 627, 62, 62, 62]}, {"date": "2023-03-01-15-00-00", "alternatives": [6205, 627, 62, 62, 62]}, {"date": "2023-03-01-15-00-00", "alternatives": [6205, 627, 62, 62, 62]}, {"date": "2023-03-01-15-00-00", "alternatives": [6205, 627, 62, 62, 62]}, {"date": "2023-03-01-15-00-00", "alternatives": [6205, 627, 62, 62, 62]}, {"date": "2023-03-01-15-00-00", "alternatives": [6205, 627, 62, 62, 62]}, {"date": "2023-03-01-15-00-00", "alternatives": [6205, 627, 62, 62, 62]}, {"date": "2023-03-01-15-00-00", "alternatives": [6205, 627, 62, 62, 62]}, {"date": "2023-03-01-15-00-00", "alternatives": [6205, 627, 62, 62, 62]}, {"date": "2023-03-01-15-00-00", "alternatives": [6205, 627, 62, 62, 62]}, {"date": "2023-03-01-15-00-00", "alternatives": [6205, 627, 62, 62, 62]}, {"date": "2023-03-01-15-00-00", "alternatives": [6205, 627, 62, 62, 62]}, {"date": "2023-03-01-15-00-00", "alternatives": [6205, 627, 62, 62, 62]}, {"date": "2023-03-01-15-00-00", "alternatives": [6205, 627, 62, 62, 62]}, {"date": "2023-03-01-15-00-00", "alternatives": [6205, 627, 62, 62, 62]}, {"date": "2023-03-01-15-00-00", "alternatives": [6205, 627, 62, 62, 62]}, {"date": "2023-03-01-15-00-00", "alternatives": [6205, 627, 62, 62, 62]}, {"date": "2023-03-01-15-00-00", "alternatives": [6205, 627, 62, 62, 62]}, {"date": "2023-03-01-15-00-00", "alternatives": [6205, 627, 62, 62, 62]}, {"date": "2023-03-01-15-00-00", "alternatives": [6205, 627, 62, 62, 62]}, {"date": "2023-03-01-15-00-00", "alternatives": [6205, 627, 62, 62, 62]}, {"date": "2023-03-01-15-00-00", "alternatives": [6205, 627, 62, 62, 62]}, {"date": "2023-03-01-15-00-00", "alternatives": [6205, 627, 62, 62, 62]}, {"date": "2023-03-01-15-00-00", "alternatives": [6205, 627, 62, 62, 62]}, {"date": "2023-03-01-15-00-00", "alternatives": [6205, 627, 62, 62, 62]}, {"date": "2023-03-01-15-00-00", "alternatives": [6205, 627, 62, 62, 62]}, {"date": "2023-03-01-15-00-00", "alternatives": [6205, 627, 62, 62, 62]}, {"date": "2023-03-01-15-00-00", "alternatives": [6205, 627, 62, 62, 62]}, {"date": "2023-03-01-15-00-00", "alternatives": [6205, 627, 62, 62, 62]}, {"date": "2023-03-01-15-00-00", "alternatives": [6205, 627, 62, 62, 62]}, {"date": "2023-03-01-15-00-00", "alternatives": [6205, 627, 62, 62, 62]}, {"date": "2023-03-01-15-00-00", "alternatives": [6205, 627, 62, 62, 62]}, {"date": "2023-03-01-15-00-00", "alternatives": [6205, 627, 62, 62, 62]}, {"date": "2023-03-01-15-00-00", "alternatives": [6205, 627, 62, 62, 62]}, {"date": "2023-03-01-15-00-00", "alternatives": [6205, 627, 62, 62, 62]}, {"date": "2023-03-01-15-00-00", "alternatives": [6205, 627, 62, 62, 62]}, {"date": "2023-03-01-15-00-00", "alternatives": [6205, 627, 62, 62, 62]}, {"date": "2023-03-01-15-00-00", "alternatives": [6205, 627, 62, 62, 62]}, {"date": "2023-03-01-15-00-00", "alternatives": [6205, 627, 62, 62, 62]}, {"date": "2023-03-01-15-00-00", "alternatives": [6205, 627, 62, 62, 62]}, {"date": "2023-03-01-15-00-00", "alternatives": [6205, 627, 62, 62, 62]}, {"date": "2023-03-01-15-00-00", "alternatives": [6205, 627, 62, 62, 62]}, {"date": "2023-03-01-15-00-00", "alternatives": [6205, 627, 62, 62, 62]}, {"date": "2023-03-01-15-00-00", "alternatives": [6205, 627, 62, 62, 62]}, {"date": "2023-03-01-15-00-00", "alternatives": [6205, 627, 62, 62, 62]}, {"date": "2023-03-01-15-00-00", "alternatives": [6205, 627, 62, 62, 62]}, {"date": "2023-03-01-15-00-00", "alternatives": [6205, 627, 62, 62, 62]}, {"date": "2023-03-01-15-00-00", "alternatives": [6205, 627, 62, 62, 62]}, {"date": "2023-03-01-15-00-00", "alternatives": [6205, 627, 62, 62, 62]}, {"date": "2023-03-01-15-00-00", "alternatives": [6205, 627, 62, 62, 62]}, {"date": "2023-03-01-15-00-00", "alternatives": [6205, 627, 62, 62, 62]}, {"date": "2023-03-01-15-00-00", "alternatives": [6205, 627, 62, 62, 62]}, {"date": "2023-03-01-15-00-00", "alternatives": [6205, 627, 62, 62, 62]}, {"date": "2023-03-01-15-00-00", "alternatives": [6205, 627, 62, 62, 62]}]}, {"location": {"country_code": "de", "region": "Bavaria"}, "game_id": "747108", "values": [{"date": "2023-03-01-21-00-00", "alternatives": ["1", "15", "15"]}, {"date": "2023-03-01-21-00-00", "alternatives": ["1", "15", "15"]}, {"date": "2023-03-01-21-00-00", "alternatives": ["1", "15", "15"]}, {"date": "2023-03-01-21-00-00", "alternatives": ["1", "15", "15"]}, {"date": "2023-03-01-21-00-00", "alternatives": ["1", "15", "15"]}, {"date": "2023-03-01-21-00-00", "alternatives": ["1", "15", "15"]}, {"date": "2023-03-01-21-00-00", "alternatives": ["1", "15", "15"]}, {"date": "2023-03-01-21-00-00", "alternatives": ["1", "15", "15"]}]}, {"location": {"country_code": "co"}, "game_id": "747108", "values": [{"date": "2023-03-02-00-00-00", "alternatives": ["94", "4", "4"]}, {"date": "2023-03-02-00-00-00", "alternatives": ["94", "4", "4"]}, {"date": "2023-03-02-00-00-00", "alternatives": ["94", "4", "4"]}, {"date": "2023-03-02-00-00-00", "alternatives": ["94", "4", "4"]}, {"date": "2023-03-02-00-00-00", "alternatives": ["94", "4", "4"]}, {"date": "2023-03-02-00-00-00", "alternatives": ["94", "4", "4"]}, {"date": "2023-03-02-00-00-00", "alternatives": ["94", "4", "4"]}, {"date": "2023-03-02-00-00-00", "alternatives": ["94", "4", "4"]}, {"date": "2023-03-02-00-00-00", "alternatives": ["94", "4", "4"]}, {"date": "2023-03-02-00-00-00", "alternatives": ["94", "4", "4"]}, {"date": "2023-03-02-00-00-00", "alternatives": ["94", "4", "4"]}, {"date": "2023-03-02-00-00-00", "alternatives": ["94", "4", "4"]}, {"date": "2023-03-02-00-00-00", "alternatives": ["94", "4", "4"]}, {"date": "2023-03-02-00-00-00", "alternatives": ["94", "4", "4"]}, {"date": "2023-03-02-00-00-00", "alternatives": ["94", "4", "4"]}, {"date": "2023-03-02-00-00-00", "alternatives": ["94", "4", "4"]}, {"date": "2023-03-02-00-00-00", "alternatives": ["94", "4", "4"]}, {"date": "2023-03-02-00-00-00", "alternatives": ["94", "4", "4"]}, {"date": "2023-03-02-00-00-00", "alternatives": ["94", "4", "4"]}, {"date": "2023-03-02-00-00-00", "alternatives": ["94", "4", "4"]}]}, {"location": {"country_code": "es", "region": "Catalonia", "city": "l'Hospitalet de Llobregat"}, "game_id": "747108", "values": [{"date": "2023-03-01-22-00-00", "alternatives": ["62", "62", "2"]}, {"date": "2023-03-01-22-00-00", "alternatives": ["62", "62", "2"]}, {"date": "2023-03-01-22-00-00", "alternatives": ["62", "62", "2"]}]}, {"location": {"country_code": "ua"}, "game_id": "747108", "values": [{"date": "2023-03-01-10-00-00", "alternatives": ["1", "1", "1511"]}, {"date": "2023-03-01-10-00-00", "alternatives": ["1", "1", "1511"]}, {"date": "2023-03-01-10-00-00", "alternatives": ["1", "1", "1511"]}]}, {"location": {"country_code": "kr", "region": "Seoul"}, "game_id": "747108", "values": [{"date": "2023-03-02-00-00-00", "alternatives": ["1", "15", "15"]}, {"date": "2023-03-02-00-00-00", "alternatives": ["1", "15", "15"]}, {"date": "2023-03-02-00-00-00", "alternatives": ["1", "15", "15"]}, {"date": "2023-03-02-00-00-00", "alternatives": ["1", "15", "15"]}, {"date": "2023-03-02-00-00-00", "alternatives": ["1", "15", "15"]}, {"date": "2023-03-02-00-00-00", "alternatives": ["1", "15", "15"]}, {"date": "2023-03-02-00-00-00", "alternatives": ["1", "15", "15"]}, {"date": "2023-03-02-00-00-00", "alternatives": ["1", "15", "15"]}, {"date": "2023-03-02-00-00-00", "alternatives": ["1", "15", "15"]}, {"date": "2023-03-02-00-00-00", "alternatives": ["1", "15", "15"]}, {"date": "2023-03-02-00-00-00", "alternatives": ["1", "15", "15"]}, {"date": "2023-03-02-00-00-00", "alternatives": ["1", "15", "15"]}, {"date": "2023-03-02-00-00-00", "alternatives": ["1", "15", "15"]}, {"date": "2023-03-02-00-00-00", "alternatives": ["1", "15", "15"]}, {"date": "2023-03-02-00-00-00", "alternatives": ["1", "15", "15"]}]}, {"location": {"country_code": "us", "region": "Illinois"}, "game_id": "747108", "values": [{"date": "2023-03-01-21-00-00", "alternatives": ["47", "7", "47"]}, {"date": "2023-03-01-21-00-00", "alternatives": ["47", "7", "47"]}, {"date": "2023-03-01-21-00-00", "alternatives": ["47", "7", "47"]}, {"date": "2023-03-01-21-00-00", "alternatives": ["47", "7", "47"]}, {"date": "2023-03-01-21-00-00", "alternatives": ["47", "7", "47"]}, {"date": "2023-03-01-21-00-00", "alternatives": ["47", "7", "47"]}, {"date": "2023-03-01-21-00-00", "alternatives": ["47", "7", "47"]}, {"date": "2023-03-01-21-00-00", "alternatives": ["47", "7", "47"]}, {"date": "2023-03-01-21-00-00", "alternatives": ["47", "7", "47"]}, {"date": "2023-03-01-21-00-00", "alternatives": ["47", "7", "47"]}]}, {"location": {"country_code": "co", "region": "El Valle", "city": "Cali"}, "game_id": "747108", "values": [{"date": "2023-03-01-01-00-00", "alternatives": ["47", "47", "4"]}, {"date": "2023-03-01-01-00-00", "alternatives": ["47", "47", "4"]}, {"date": "2023-03-01-01-00-00", "alternatives": ["47", "47", "4"]}, {"date": "2023-03-01-01-00-00", "alternatives": ["47", "47", "4"]}, {"date": "2023-03-01-01-00-00", "alternatives": ["47", "47", "4"]}, {"date": "2023-03-01-01-00-00", "alternatives": ["47", "47", "4"]}, {"date": "2023-03-01-01-00-00", "alternatives": ["47", "47", "4"]}]}, {"location": {"country_code": "cl", "region": "O'Higgins Region", "city": "Rancagua"}, "game_id": "747108", "values": [{"date": "2023-03-02-01-00-00", "alternatives": ["16", "46", "46"]}, {"date": "2023-03-02-01-00-00", "alternatives": ["16", "46", "46"]}, {"date": "2023-03-02-01-00-00", "alternatives": ["16", "46", "46"]}, {"date": "2023-03-02-01-00-00", "alternatives": ["16", "46", "46"]}, {"date": "2023-03-02-01-00-00", "alternatives": ["16", "46", "46"]}]}, {"location": {"country_code": "pt"}, "game_id": "747108", "values": [{"date": "2023-03-01-19-00-00", "alternatives": ["62", "62", "2"]}, {"date": "2023-03-01-19-00-00", "alternatives": ["62", "62", "2"]}, {"date": "2023-03-01-19-00-00", "alternatives": ["62", "62", "2"]}, {"date": "2023-03-01-19-00-00", "alternatives": ["62", "62", "2"]}, {"date": "2023-03-01-19-00-00", "alternatives": ["62", "62", "2"]}, {"date": "2023-03-01-19-00-00", "alternatives": ["62", "62", "2"]}, {"date": "2023-03-01-19-00-00", "alternatives": ["62", "62", "2"]}, {"date": "2023-03-01-19-00-00", "alternatives": ["62", "62", "2"]}, {"date": "2023-03-01-19-00-00", "alternatives": ["62", "62", "2"]}, {"date": "2023-03-01-19-00-00", "alternatives": ["62", "62", "2"]}, {"date": "2023-03-01-19-00-00", "alternatives": ["62", "62", "2"]}]}, {"location": {"country_code": "br", "region": "State of Rio de Janeiro", "city": "Angra dos Reis"}, "game_id": "747108", "values": [{"date": "2023-03-02-01-00-00", "alternatives": ["1", "1", "185"]}, {"date": "2023-03-02-01-00-00", "alternatives": ["1", "1", "185"]}, {"date": "2023-03-02-01-00-00", "alternatives": ["1", "1", "185"]}, {"date": "2023-03-02-01-00-00", "alternatives": ["1", "1", "185"]}, {"date": "2023-03-02-01-00-00", "alternatives": ["1", "1", "185"]}, {"date": "2023-03-02-01-00-00", "alternatives": ["1", "1", "185"]}, {"date": "2023-03-02-01-00-00", "alternatives": ["1", "1", "185"]}, {"date": "2023-03-02-01-00-00", "alternatives": ["1", "1", "185"]}, {"date": "2023-03-02-01-00-00", "alternatives": ["1", "1", "185"]}, {"date": "2023-03-02-01-00-00", "alternatives": ["1", "1", "185"]}, {"date": "2023-03-02-01-00-00", "alternatives": ["1", "1", "185"]}]}, {"location": {"country_code": "mx", "region": "Sonora"}, "game_id": "747108", "values": [{"date": "2023-03-01-05-00-00", "alternatives": ["78", "78", "8"]}, {"date": "2023-03-01-05-00-00", "alternatives": ["78", "78", "8"]}, {"date": "2023-03-01-05-00-00", "alternatives": ["78", "78", "8"]}, {"date": "2023-03-01-05-00-00", "alternatives": ["78", "78", "8"]}, {"date": "2023-03-01-05-00-00", "alternatives": ["78", "78", "8"]}, {"date": "2023-03-01-05-00-00", "alternatives": ["78", "78", "8"]}, {"date": "2023-03-01-05-00-00", "alternatives": ["78", "78", "8"]}, {"date": "2023-03-01-05-00-00", "alternatives": ["78", "78", "8"]}, {"date": "2023-03-01-05-00-00", "alternatives": ["78", "78", "8"]}, {"date": "2023-03-01-05-00-00", "alternatives": ["78", "78", "8"]}, {"date": "2023-03-01-05-00-00", "alternatives": ["78", "78", "8"]}, {"date": "2023-03-01-05-00-00", "alternatives": ["78", "78", "8"]}, {"date": "2023-03-01-05-00-00", "alternatives": ["78", "78", "8"]}, {"date": "2023-03-01-05-00-00", "alternatives": ["78", "78", "8"]}, {"date": "2023-03-01-05-00-00", "alternatives": ["78", "78", "8"]}, {"date": "2023-03-01-05-00-00", "alternatives": ["78", "78", "8"]}, {"date": "2023-03-01-05-00-00", "alternatives": ["78", "78", "8"]}]}, {"location": {"country_code": "bg"}, "game_id": "747108", "values": [{"date": "2023-03-02-01-00-00", "alternatives": ["31", "311", "31"]}, {"date": "2023-03-02-01-00-00", "alternatives": ["31", "311", "31"]}, {"date": "2023-03-02-01-00-00", "alternatives": ["31", "311", "31"]}, {"date": "2023-03-02-01-00-00", "alternatives": ["31", "311", "31"]}]}, {"location": {"country_code": "de", "region": "North Rhine-Westphalia"}, "game_id": "747108", "values": [{"date": "2023-03-01-22-00-00", "alternatives": ["31", "311", "31"]}, {"date": "2023-03-01-22-00-00", "alternatives": ["31", "311", "31"]}, {"date": "2023-03-01-22-00-00", "alternatives": ["31", "311", "31"]}, {"date": "2023-03-01-22-00-00", "alternatives": ["31", "311", "31"]}, {"date": "2023-03-01-22-00-00", "alternatives": ["31", "311", "31"]}, {"date": "2023-03-01-22-00-00", "alternatives": ["31", "311", "31"]}, {"date": "2023-03-01-22-00-00", "alternatives": ["31", "311", "31"]}, {"date": "2023-03-01-22-00-00", "alternatives": ["31", "311", "31"]}, {"date": "2023-03-01-22-00-00", "alternatives": ["31", "311", "31"]}, {"date": "2023-03-01-22-00-00", "alternatives": ["31", "311", "31"]}, {"date": "2023-03-01-22-00-00", "alternatives": ["31", "311", "31"]}, {"date": "2023-03-01-22-00-00", "alternatives": ["31", "311", "31"]}, {"date": "2023-03-01-22-00-00", "alternatives": ["31", "311", "31"]}, {"date": "2023-03-01-22-00-00", "alternatives": ["31", "311", "31"]}, {"date": "2023-03-01-22-00-00", "alternatives": ["31", "311", "31"]}, {"date": "2023-03-01-22-00-00", "alternatives": ["31", "311", "31"]}, {"date": "2023-03-01-22-00-00", "alternatives": ["31", "311", "31"]}, {"date": "2023-03-01-22-00-00", "alternatives": ["31", "311", "31"]}]}, {"location": {"country_code": "de", "region": "Bavaria", "city": "Munich"}, "game_id": "747108", "values": [{"date": "2023-03-01-22-00-00", "alternatives": ["31", "81", "31"]}, {"date": "2023-03-01-22-00-00", "alternatives": ["31", "81", "31"]}, {"date": "2023-03-01-19-00-00", "alternatives": ["32", "32", "3"]}]}, {"location": {"country_code": "fr", "region": "Nord-Passo di Calais-Piccardia"}, "game_id": "747108", "values": [{"date": "2023-03-02-00-00-00", "alternatives": ["3", "318", "3"]}, {"date": "2023-03-02-00-00-00", "alternatives": ["3", "318", "3"]}, {"date": "2023-03-02-00-00-00", "alternatives": ["3", "318", "3"]}, {"date": "2023-03-02-00-00-00", "alternatives": ["3", "318", "3"]}, {"date": "2023-03-02-00-00-00", "alternatives": ["3", "318", "3"]}, {"date": "2023-03-02-00-00-00", "alternatives": ["3", "318", "3"]}, {"date": "2023-03-02-00-00-00", "alternatives": ["3", "318", "3"]}, {"date": "2023-03-02-00-00-00", "alternatives": ["3", "318", "3"]}, {"date": "2023-03-02-00-00-00", "alternatives": ["3", "318", "3"]}, {"date": "2023-03-02-00-00-00", "alternatives": ["3", "318", "3"]}, {"date": "2023-03-02-00-00-00", "alternatives": ["3", "318", "3"]}, {"date": "2023-03-02-00-00-00", "alternatives": ["3", "318", "3"]}, {"date": "2023-03-02-00-00-00", "alternatives": ["3", "318", "3"]}, {"date": "2023-03-02-00-00-00", "alternatives": ["3", "318", "3"]}, {"date": "2023-03-02-00-00-00", "alternatives": ["3", "318", "3"]}, {"date": "2023-03-02-00-00-00", "alternatives": ["3", "318", "3"]}, {"date": "2023-03-02-00-00-00", "alternatives": ["3", "318", "3"]}, {"date": "2023-03-02-00-00-00", "alternatives": ["3", "318", "3"]}, {"date": "2023-03-02-00-00-00", "alternatives": ["3", "318", "3"]}, {"date": "2023-03-02-00-00-00", "alternatives": ["3", "318", "3"]}, {"date": "2023-03-02-00-00-00", "alternatives": ["3", "318", "3"]}, {"date": "2023-03-02-00-00-00", "alternatives": ["3", "318", "3"]}]}, {"location": {"country_code": "es", "region": "Valencia", "city": "Gandia"}, "game_id": "747108", "values": [{"date": "2023-03-01-21-00-00", "alternatives": ["46", "46", "40"]}]}, {"location": {"country_code": "bs"}, "game_id": "747108", "values": [{"date": "2023-03-02-00-00-00", "alternatives": ["6", "16", "16"]}, {"date": "2023-03-02-00-00-00", "alternatives": ["6", "16", "16"]}, {"date": "2023-03-02-00-00-00", "alternatives": ["6", "16", "16"]}, {"date": "2023-03-02-00-00-00", "alternatives": ["6", "16", "16"]}, {"date": "2023-03-02-00-00-00", "alternatives": ["6", "16", "16"]}, {"date": "2023-03-02-00-00-00", "alternatives": ["6", "16", "16"]}, {"date": "2023-03-02-00-00-00", "alternatives": ["6", "16", "16"]}, {"date": "2023-03-02-00-00-00", "alternatives": ["6", "16", "16"]}, {"date": "2023-03-02-00-00-00", "alternatives": ["6", "16", "16"]}, {"date": "2023-03-02-00-00-00", "alternatives": ["6", "16", "16"]}, {"date": "2023-03-02-00-00-00", "alternatives": ["6", "16", "16"]}, {"date": "2023-03-02-00-00-00", "alternatives": ["6", "16", "16"]}, {"date": "2023-03-02-00-00-00", "alternatives": ["6", "16", "16"]}, {"date": "2023-03-02-00-00-00", "alternatives": ["6", "16", "16"]}, {"date": "2023-03-02-00-00-00", "alternatives": ["6", "16", "16"]}]}, {"location": {"country_code": "br", "region": "Sao Paulo", "city": "Sertaozinho"}, "game_id": "747108", "values": [{"date": "2023-03-01-15-00-00", "alternatives": [31, 31, 31, 31]}, {"date": "2023-03-01-15-00-00", "alternatives": [31, 31, 31, 31]}, {"date": "2023-03-01-15-00-00", "alternatives": [31, 31, 31, 31]}, {"date": "2023-03-01-15-00-00", "alternatives": [31, 31, 31, 31]}, {"date": "2023-03-01-15-00-00", "alternatives": [31, 31, 31, 31]}, {"date": "2023-03-01-15-00-00", "alternatives": [31, 31, 31, 31]}, {"date": "2023-03-01-15-00-00", "alternatives": [31, 31, 31, 31]}, {"date": "2023-03-01-15-00-00", "alternatives": [31, 31, 31, 31]}, {"date": "2023-03-01-15-00-00", "alternatives": [31, 31, 31, 31]}, {"date": "2023-03-01-15-00-00", "alternatives": [31, 31, 31, 31]}, {"date": "2023-03-01-15-00-00", "alternatives": [31, 31, 31, 31]}, {"date": "2023-03-01-15-00-00", "alternatives": [31, 31, 31, 31]}, {"date": "2023-03-01-15-00-00", "alternatives": [31, 31, 31, 31]}, {"date": "2023-03-01-15-00-00", "alternatives": [31, 31, 31, 31]}, {"date": "2023-03-01-15-00-00", "alternatives": [31, 31, 31, 31]}, {"date": "2023-03-01-15-00-00", "alternatives": [31, 31, 31, 31]}, {"date": "2023-03-01-15-00-00", "alternatives": [31, 31, 31, 31]}, {"date": "2023-03-01-15-00-00", "alternatives": [31, 31, 31, 31]}, {"date": "2023-03-01-15-00-00", "alternatives": [31, 31, 31, 31]}, {"date": "2023-03-01-15-00-00", "alternatives": [31, 31, 31, 31]}, {"date": "2023-03-01-15-00-00", "alternatives": [31, 31, 31, 31]}, {"date": "2023-03-01-15-00-00", "alternatives": [31, 31, 31, 31]}, {"date": "2023-03-01-15-00-00", "alternatives": [31, 31, 31, 31]}, {"date": "2023-03-01-15-00-00", "alternatives": [31, 31, 31, 31]}, {"date": "2023-03-01-15-00-00", "alternatives": [31, 31, 31, 31]}, {"date": "2023-03-01-15-00-00", "alternatives": [31, 31, 31, 31]}, {"date": "2023-03-01-15-00-00", "alternatives": [31, 31, 31, 31]}, {"date": "2023-03-01-15-00-00", "alternatives": [31, 31, 31, 31]}, {"date": "2023-03-01-15-00-00", "alternatives": [31, 31, 31, 31]}, {"date": "2023-03-01-15-00-00", "alternatives": [31, 31, 31, 31]}, {"date": "2023-03-01-15-00-00", "alternatives": [31, 31, 31, 31]}, {"date": "2023-03-01-15-00-00", "alternatives": [31, 31, 31, 31]}]}, {"location": {"country_code": "br", "region": "Parana", "city": "Ponta Grossa"}, "game_id": "747108", "values": [{"date": "2023-03-02-01-00-00", "alternatives": ["6", "16", "16"]}, {"date": "2023-03-02-01-00-00", "alternatives": ["6", "16", "16"]}, {"date": "2023-03-02-01-00-00", "alternatives": ["6", "16", "16"]}, {"date": "2023-03-02-01-00-00", "alternatives": ["6", "16", "16"]}, {"date": "2023-03-02-01-00-00", "alternatives": ["6", "16", "16"]}, {"date": "2023-03-02-01-00-00", "alternatives": ["6", "16", "16"]}, {"date": "2023-03-02-01-00-00", "alternatives": ["6", "16", "16"]}]}, {"location": {"country_code": "es", "region": "Valencia", "city": "Castello de la Plana"}, "game_id": "747108", "values": [{"date": "2023-03-01-21-00-00", "alternatives": ["46", "46", "40"]}, {"date": "2023-03-01-21-00-00", "alternatives": ["46", "46", "40"]}]}, {"location": {"country_code": "co", "region": "Bogota"}, "game_id": "747108", "values": [{"date": "2023-03-02-00-00-00", "alternatives": ["62", "62", "2"]}, {"date": "2023-03-02-00-00-00", "alternatives": ["62", "62", "2"]}, {"date": "2023-03-02-00-00-00", "alternatives": ["62", "62", "2"]}, {"date": "2023-03-02-00-00-00", "alternatives": ["62", "62", "2"]}, {"date": "2023-03-02-00-00-00", "alternatives": ["62", "62", "2"]}, {"date": "2023-03-02-00-00-00", "alternatives": ["62", "62", "2"]}, {"date": "2023-03-02-00-00-00", "alternatives": ["62", "62", "2"]}]}, {"location": {"country_code": "es", "region": "Canary Islands", "city": "San Cristobal de La Laguna"}, "game_id": "747108", "values": [{"date": "2023-03-02-01-00-00", "alternatives": ["78", "78", "73"]}, {"date": "2023-03-02-01-00-00", "alternatives": ["78", "78", "73"]}, {"date": "2023-03-02-01-00-00", "alternatives": ["78", "78", "73"]}, {"date": "2023-03-02-01-00-00", "alternatives": ["78", "78", "73"]}]}, {"location": {"country_code": "fr", "region": "Nord-Passo di Calais-Piccardia", "city": "Albert"}, "game_id": "747108", "values": [{"date": "2023-03-02-01-00-00", "alternatives": ["3", "31", "31"]}, {"date": "2023-03-02-01-00-00", "alternatives": ["3", "31", "31"]}, {"date": "2023-03-02-01-00-00", "alternatives": ["3", "31", "31"]}, {"date": "2023-03-02-01-00-00", "alternatives": ["3", "31", "31"]}, {"date": "2023-03-02-01-00-00", "alternatives": ["3", "31", "31"]}, {"date": "2023-03-02-01-00-00", "alternatives": ["3", "31", "31"]}, {"date": "2023-03-02-01-00-00", "alternatives": ["3", "31", "31"]}, {"date": "2023-03-02-01-00-00", "alternatives": ["3", "31", "31"]}, {"date": "2023-03-02-01-00-00", "alternatives": ["3", "31", "31"]}, {"date": "2023-03-02-01-00-00", "alternatives": ["3", "31", "31"]}, {"date": "2023-03-02-01-00-00", "alternatives": ["3", "31", "31"]}, {"date": "2023-03-02-01-00-00", "alternatives": ["3", "31", "31"]}, {"date": "2023-03-02-01-00-00", "alternatives": ["3", "31", "31"]}, {"date": "2023-03-02-01-00-00", "alternatives": ["3", "31", "31"]}, {"date": "2023-03-02-01-00-00", "alternatives": ["3", "31", "31"]}, {"date": "2023-03-02-01-00-00", "alternatives": ["3", "31", "31"]}, {"date": "2023-03-02-01-00-00", "alternatives": ["3", "31", "31"]}]}, {"location": {"country_code": "es", "region": "Cantabria", "city": "Torres"}, "game_id": "747108", "values": [{"date": "2023-03-01-16-00-00", "alternatives": [47, 4, 47, 47]}, {"date": "2023-03-01-16-00-00", "alternatives": [47, 4, 47, 47]}, {"date": "2023-03-01-16-00-00", "alternatives": [47, 4, 47, 47]}, {"date": "2023-03-01-16-00-00", "alternatives": [47, 4, 47, 47]}, {"date": "2023-03-01-16-00-00", "alternatives": [47, 4, 47, 47]}, {"date": "2023-03-01-16-00-00", "alternatives": [47, 4, 47, 47]}, {"date": "2023-03-01-16-00-00", "alternatives": [47, 4, 47, 47]}, {"date": "2023-03-01-16-00-00", "alternatives": [47, 4, 47, 47]}, {"date": "2023-03-01-16-00-00", "alternatives": [47, 4, 47, 47]}, {"date": "2023-03-01-16-00-00", "alternatives": [47, 4, 47, 47]}, {"date": "2023-03-01-16-00-00", "alternatives": [47, 4, 47, 47]}, {"date": "2023-03-01-16-00-00", "alternatives": [47, 4, 47, 47]}, {"date": "2023-03-01-16-00-00", "alternatives": [47, 4, 47, 47]}, {"date": "2023-03-01-16-00-00", "alternatives": [47, 4, 47, 47]}, {"date": "2023-03-01-16-00-00", "alternatives": [47, 4, 47, 47]}, {"date": "2023-03-01-16-00-00", "alternatives": [47, 4, 47, 47]}, {"date": "2023-03-01-16-00-00", "alternatives": [47, 4, 47, 47]}, {"date": "2023-03-01-16-00-00", "alternatives": [47, 4, 47, 47]}, {"date": "2023-03-01-16-00-00", "alternatives": [47, 4, 47, 47]}, {"date": "2023-03-01-16-00-00", "alternatives": [47, 4, 47, 47]}, {"date": "2023-03-01-16-00-00", "alternatives": [47, 4, 47, 47]}, {"date": "2023-03-01-16-00-00", "alternatives": [47, 4, 47, 47]}, {"date": "2023-03-01-16-00-00", "alternatives": [47, 4, 47, 47]}, {"date": "2023-03-01-16-00-00", "alternatives": [47, 4, 47, 47]}]}, {"location": {"country_code": "us", "region": "Arkansas", "city": "Newport"}, "game_id": "747108", "values": [{"date": "2023-03-02-01-00-00", "alternatives": ["78", "78", "8"]}, {"date": "2023-03-02-01-00-00", "alternatives": ["78", "78", "8"]}, {"date": "2023-03-02-01-00-00", "alternatives": ["78", "78", "8"]}, {"date": "2023-03-02-01-00-00", "alternatives": ["78", "78", "8"]}, {"date": "2023-03-02-01-00-00", "alternatives": ["78", "78", "8"]}, {"date": "2023-03-02-01-00-00", "alternatives": ["78", "78", "8"]}, {"date": "2023-03-02-01-00-00", "alternatives": ["78", "78", "8"]}, {"date": "2023-03-02-01-00-00", "alternatives": ["78", "78", "8"]}, {"date": "2023-03-02-01-00-00", "alternatives": ["78", "78", "8"]}, {"date": "2023-03-02-01-00-00", "alternatives": ["78", "78", "8"]}, {"date": "2023-03-02-01-00-00", "alternatives": ["78", "78", "8"]}, {"date": "2023-03-02-01-00-00", "alternatives": ["78", "78", "8"]}, {"date": "2023-03-02-01-00-00", "alternatives": ["78", "78", "8"]}, {"date": "2023-03-02-01-00-00", "alternatives": ["78", "78", "8"]}, {"date": "2023-03-02-01-00-00", "alternatives": ["78", "78", "8"]}, {"date": "2023-03-02-01-00-00", "alternatives": ["78", "78", "8"]}]}], "last_updated": 1719918519.68204}