{"data": [{"location": {"country_code": "us"}, "game_id": "273486", "values": [{"date": "2022-01-25-02-00-00", "latency": 47}, {"date": "2022-01-25-02-00-00", "latency": 47}, {"date": "2022-01-25-06-00-00", "latency": 62}, {"date": "2022-01-25-06-00-00", "latency": 62}, {"date": "2022-01-25-06-00-00", "latency": 62}]}, {"location": {"country_code": "nz", "region": "Auckland", "city": "Auckland"}, "game_id": "273486", "values": [{"date": "2022-01-25-10-00-00", "latency": 192}, {"date": "2022-01-25-10-00-00", "latency": 192}]}, {"location": {"country_code": "us", "region": "New York", "city": "Jamestown"}, "game_id": "273486", "values": [{"date": "2022-01-25-03-00-00", "latency": 39}]}, {"location": {"country_code": "gb"}, "game_id": "273486", "values": [{"date": "2022-01-25-20-00-00", "latency": 50}]}, {"location": {"country_code": "gb", "region": "England"}, "game_id": "273486", "values": [{"date": "2022-01-25-02-00-00", "latency": 74}, {"date": "2022-01-25-02-00-00", "latency": 74}]}, {"location": {"country_code": "ca"}, "game_id": "273486", "values": [{"date": "2022-01-25-09-00-00", "latency": 62}, {"date": "2022-01-25-09-00-00", "latency": 62}, {"date": "2022-01-25-09-00-00", "latency": 62}, {"date": "2022-01-25-09-00-00", "latency": 62}, {"date": "2022-01-25-09-00-00", "latency": 62}, {"date": "2022-01-25-09-00-00", "latency": 62}, {"date": "2022-01-25-09-00-00", "latency": 62}, {"date": "2022-01-25-09-00-00", "latency": 62}, {"date": "2022-01-25-09-00-00", "latency": 62}]}, {"location": {"country_code": "ca", "region": "Manitoba", "city": "Winnipeg"}, "game_id": "273486", "values": [{"date": "2022-01-25-08-00-00", "latency": 58}, {"date": "2022-01-25-08-00-00", "latency": 58}, {"date": "2022-01-25-08-00-00", "latency": 58}]}, {"location": {"country_code": "de"}, "game_id": "273486", "values": [{"date": "2022-01-25-21-00-00", "latency": 70}]}, {"location": {"country_code": "br", "region": "Parana", "city": "Araucaria"}, "game_id": "273486", "values": [{"date": "2022-01-25-16-00-00", "latency": 137}, {"date": "2022-01-25-16-00-00", "latency": 137}, {"date": "2022-01-25-16-00-00", "latency": 137}]}, {"location": {"country_code": "us", "region": "Texas"}, "game_id": "273486", "values": [{"date": "2022-01-25-04-00-00", "latency": 54}, {"date": "2022-01-25-04-00-00", "latency": 54}, {"date": "2022-01-25-04-00-00", "latency": 54}, {"date": "2022-01-25-15-00-00", "latency": 94}, {"date": "2022-01-25-15-00-00", "latency": 94}, {"date": "2022-01-25-15-00-00", "latency": 94}]}, {"location": {"country_code": "us", "region": "Texas", "city": "Houston"}, "game_id": "273486", "values": [{"date": "2022-01-25-06-00-00", "latency": 70}, {"date": "2022-01-25-06-00-00", "latency": 70}, {"date": "2022-01-25-06-00-00", "latency": 70}]}, {"location": {"country_code": "us", "region": "Florida"}, "game_id": "273486", "values": [{"date": "2022-01-25-06-00-00", "latency": 78}]}, {"location": {"country_code": "us", "region": "Pennsylvania", "city": "Philadelphia"}, "game_id": "273486", "values": [{"date": "2022-01-25-16-00-00", "latency": 47}, {"date": "2022-01-25-16-00-00", "latency": 47}]}, {"location": {"country_code": "sa"}, "game_id": "273486", "values": [{"date": "2022-01-25-18-00-00", "latency": 117}]}, {"location": {"country_code": "us", "region": "Hawaii"}, "game_id": "273486", "values": [{"date": "2022-01-25-12-00-00", "latency": 74}, {"date": "2022-01-25-12-00-00", "latency": 74}]}, {"location": {"country_code": "iq"}, "game_id": "273486", "values": [{"date": "2022-01-25-19-00-00", "latency": 105}]}, {"location": {"country_code": "us", "region": "Alaska"}, "game_id": "273486", "values": [{"date": "2022-01-25-08-00-00", "latency": 117}, {"date": "2022-01-25-13-00-00", "latency": 66}]}, {"location": {"country_code": "us", "region": "Illinois", "city": "Chicago"}, "game_id": "273486", "values": [{"date": "2022-01-25-08-00-00", "latency": 39}, {"date": "2022-01-25-08-00-00", "latency": 39}, {"date": "2022-01-25-08-00-00", "latency": 39}, {"date": "2022-01-25-08-00-00", "latency": 39}, {"date": "2022-01-25-08-00-00", "latency": 39}, {"date": "2022-01-25-08-00-00", "latency": 39}, {"date": "2022-01-25-08-00-00", "latency": 39}, {"date": "2022-01-25-08-00-00", "latency": 39}, {"date": "2022-01-25-08-00-00", "latency": 39}, {"date": "2022-01-25-08-00-00", "latency": 39}, {"date": "2022-01-25-08-00-00", "latency": 39}, {"date": "2022-01-25-08-00-00", "latency": 39}, {"date": "2022-01-25-09-00-00", "latency": 86}, {"date": "2022-01-25-09-00-00", "latency": 86}, {"date": "2022-01-25-09-00-00", "latency": 86}, {"date": "2022-01-25-09-00-00", "latency": 86}, {"date": "2022-01-25-09-00-00", "latency": 86}]}, {"location": {"country_code": "gb", "region": "England", "city": "London"}, "game_id": "273486", "values": [{"date": "2022-01-25-20-00-00", "latency": 47}, {"date": "2022-01-25-20-00-00", "latency": 47}, {"date": "2022-01-25-18-00-00", "latency": 90}]}, {"location": {"country_code": "us", "region": "Illinois"}, "game_id": "273486", "values": [{"date": "2022-01-25-08-00-00", "latency": 82}, {"date": "2022-01-25-08-00-00", "latency": 82}, {"date": "2022-01-25-08-00-00", "latency": 82}, {"date": "2022-01-25-08-00-00", "latency": 82}]}, {"location": {"country_code": "fr", "region": "Ile-de-France Region"}, "game_id": "273486", "values": [{"date": "2022-01-25-22-00-00", "latency": 70}]}, {"location": {"country_code": "us", "region": "Massachusetts", "city": "Boston"}, "game_id": "273486", "values": [{"date": "2022-01-25-23-00-00", "latency": 35}, {"date": "2022-01-25-23-00-00", "latency": 35}, {"date": "2022-01-25-23-00-00", "latency": 35}, {"date": "2022-01-25-23-00-00", "latency": 35}, {"date": "2022-01-25-23-00-00", "latency": 35}, {"date": "2022-01-25-23-00-00", "latency": 35}, {"date": "2022-01-25-23-00-00", "latency": 35}, {"date": "2022-01-25-23-00-00", "latency": 35}, {"date": "2022-01-25-23-00-00", "latency": 35}, {"date": "2022-01-25-23-00-00", "latency": 35}, {"date": "2022-01-25-23-00-00", "latency": 35}, {"date": "2022-01-25-23-00-00", "latency": 35}, {"date": "2022-01-25-23-00-00", "latency": 35}, {"date": "2022-01-25-23-00-00", "latency": 35}, {"date": "2022-01-25-23-00-00", "latency": 35}, {"date": "2022-01-25-23-00-00", "latency": 35}, {"date": "2022-01-25-23-00-00", "latency": 35}, {"date": "2022-01-25-23-00-00", "latency": 101}]}, {"location": {"country_code": "au", "region": "Queensland", "city": "Gold Coast"}, "game_id": "273486", "values": [{"date": "2022-01-25-15-00-00", "latency": 74}, {"date": "2022-01-25-15-00-00", "latency": 74}]}, {"location": {"country_code": "us", "region": "Arizona", "city": "Phoenix"}, "game_id": "273486", "values": [{"date": "2022-01-25-04-00-00", "latency": 62}]}, {"location": {"country_code": "us", "region": "Tennessee", "city": "Nashville"}, "game_id": "273486", "values": [{"date": "2022-01-25-14-00-00", "latency": 86}, {"date": "2022-01-25-14-00-00", "latency": 86}, {"date": "2022-01-25-14-00-00", "latency": 86}]}, {"location": {"country_code": "us", "region": "California", "city": "Moorpark"}, "game_id": "273486", "values": [{"date": "2022-01-25-08-00-00", "latency": 78}]}, {"location": {"country_code": "sa", "region": "Mecca Region", "city": "Jeddah"}, "game_id": "273486", "values": [{"date": "2022-01-25-22-00-00", "latency": 50}]}, {"location": {"country_code": "qa"}, "game_id": "273486", "values": [{"date": "2022-01-25-12-00-00", "latency": 43}, {"date": "2022-01-25-12-00-00", "latency": 43}, {"date": "2022-01-25-12-00-00", "latency": 43}]}, {"location": {"country_code": "us", "region": "Louisiana", "city": "Lake Charles"}, "game_id": "273486", "values": [{"date": "2022-01-25-05-00-00", "latency": 62}, {"date": "2022-01-25-05-00-00", "latency": 62}]}, {"location": {"country_code": "us", "region": "Texas", "city": "Atascocita"}, "game_id": "273486", "values": [{"date": "2022-01-25-07-00-00", "latency": 47}]}, {"location": {"country_code": "us", "region": "New York", "city": "Goshen"}, "game_id": "273486", "values": [{"date": "2022-01-25-19-00-00", "latency": 90}]}, {"location": {"country_code": "us", "region": "Ohio", "city": "Pataskala"}, "game_id": "273486", "values": [{"date": "2022-01-25-04-00-00", "latency": 101}, {"date": "2022-01-25-04-00-00", "latency": 101}]}], "last_updated": 1719927586.138349}