{"data": [{"location": {"country_code": "nz"}, "game_id": "747108", "values": [{"date": "2022-05-03-06-00-00", "latency": 312}, {"date": "2022-05-03-06-00-00", "latency": 312}]}, {"location": {"country_code": "de", "region": "Berlin", "city": "Berlin"}, "game_id": "747108", "values": [{"date": "2022-05-03-17-00-00", "latency": 63}, {"date": "2022-05-03-17-00-00", "latency": 63}, {"date": "2022-05-03-17-00-00", "latency": 63}, {"date": "2022-05-03-17-00-00", "latency": 63}, {"date": "2022-05-03-19-00-00", "latency": 47}, {"date": "2022-05-03-19-00-00", "latency": 47}]}, {"location": {"country_code": "us", "region": "New York", "city": "Jamestown"}, "game_id": "747108", "values": [{"date": "2022-05-03-21-00-00", "latency": 47}, {"date": "2022-05-03-21-00-00", "latency": 47}, {"date": "2022-05-03-21-00-00", "latency": 47}, {"date": "2022-05-03-21-00-00", "latency": 47}]}, {"location": {"country_code": "gb"}, "game_id": "747108", "values": [{"date": "2022-05-03-13-00-00", "latency": 47}, {"date": "2022-05-03-13-00-00", "latency": 47}, {"date": "2022-05-03-13-00-00", "latency": 47}]}, {"location": {"country_code": "nl"}, "game_id": "747108", "values": [{"date": "2022-05-03-06-00-00", "latency": 172}, {"date": "2022-05-03-06-00-00", "latency": 172}, {"date": "2022-05-04-02-00-00", "latency": 32}]}, {"location": {"country_code": "kr"}, "game_id": "747108", "values": [{"date": "2022-05-03-03-00-00", "latency": 219}, {"date": "2022-05-03-03-00-00", "latency": 219}, {"date": "2022-05-03-14-00-00", "latency": 62}, {"date": "2022-05-03-14-00-00", "latency": 62}]}, {"location": {"country_code": "ca"}, "game_id": "747108", "values": [{"date": "2022-05-04-01-00-00", "latency": 47}, {"date": "2022-05-04-01-00-00", "latency": 47}, {"date": "2022-05-04-01-00-00", "latency": 47}, {"date": "2022-05-04-01-00-00", "latency": 47}, {"date": "2022-05-04-01-00-00", "latency": 47}]}, {"location": {"country_code": "de"}, "game_id": "747108", "values": [{"date": "2022-05-03-13-00-00", "latency": 32}]}, {"location": {"country_code": "us", "region": "Florida"}, "game_id": "747108", "values": [{"date": "2022-05-04-02-00-00", "latency": 63}, {"date": "2022-05-04-02-00-00", "latency": 63}, {"date": "2022-05-04-02-00-00", "latency": 63}, {"date": "2022-05-04-02-00-00", "latency": 63}, {"date": "2022-05-04-02-00-00", "latency": 63}, {"date": "2022-05-04-02-00-00", "latency": 63}, {"date": "2022-05-04-02-00-00", "latency": 63}, {"date": "2022-05-04-02-00-00", "latency": 63}, {"date": "2022-05-04-02-00-00", "latency": 63}, {"date": "2022-05-04-02-00-00", "latency": 63}, {"date": "2022-05-04-02-00-00", "latency": 63}, {"date": "2022-05-04-02-00-00", "latency": 63}, {"date": "2022-05-03-08-00-00", "latency": 31}, {"date": "2022-05-03-08-00-00", "latency": 31}, {"date": "2022-05-03-08-00-00", "latency": 31}, {"date": "2022-05-03-08-00-00", "latency": 31}, {"date": "2022-05-03-08-00-00", "latency": 31}, {"date": "2022-05-03-08-00-00", "latency": 31}, {"date": "2022-05-03-08-00-00", "latency": 31}, {"date": "2022-05-03-08-00-00", "latency": 31}, {"date": "2022-05-03-08-00-00", "latency": 31}, {"date": "2022-05-03-08-00-00", "latency": 31}, {"date": "2022-05-03-08-00-00", "latency": 31}, {"date": "2022-05-03-08-00-00", "latency": 31}, {"date": "2022-05-03-08-00-00", "latency": 31}, {"date": "2022-05-03-08-00-00", "latency": 31}, {"date": "2022-05-03-08-00-00", "latency": 31}, {"date": "2022-05-03-08-00-00", "latency": 31}, {"date": "2022-05-03-08-00-00", "latency": 31}, {"date": "2022-05-03-08-00-00", "latency": 31}, {"date": "2022-05-03-08-00-00", "latency": 31}, {"date": "2022-05-03-08-00-00", "latency": 31}, {"date": "2022-05-03-08-00-00", "latency": 31}, {"date": "2022-05-03-08-00-00", "latency": 31}, {"date": "2022-05-03-08-00-00", "latency": 31}, {"date": "2022-05-03-08-00-00", "latency": 31}, {"date": "2022-05-03-08-00-00", "latency": 31}, {"date": "2022-05-03-08-00-00", "latency": 31}, {"date": "2022-05-03-08-00-00", "latency": 31}, {"date": "2022-05-03-08-00-00", "latency": 31}, {"date": "2022-05-03-08-00-00", "latency": 31}, {"date": "2022-05-03-08-00-00", "latency": 31}, {"date": "2022-05-03-08-00-00", "latency": 31}, {"date": "2022-05-03-08-00-00", "latency": 31}, {"date": "2022-05-03-08-00-00", "latency": 31}, {"date": "2022-05-03-08-00-00", "latency": 31}, {"date": "2022-05-03-08-00-00", "latency": 31}, {"date": "2022-05-03-08-00-00", "latency": 31}, {"date": "2022-05-03-08-00-00", "latency": 31}, {"date": "2022-05-03-08-00-00", "latency": 31}, {"date": "2022-05-03-08-00-00", "latency": 31}, {"date": "2022-05-03-04-00-00", "latency": 63}, {"date": "2022-05-03-04-00-00", "latency": 63}]}, {"location": {"country_code": "ph"}, "game_id": "747108", "values": [{"date": "2022-05-03-23-00-00", "latency": 204}, {"date": "2022-05-03-23-00-00", "latency": 204}, {"date": "2022-05-03-23-00-00", "latency": 204}, {"date": "2022-05-03-23-00-00", "latency": 204}]}, {"location": {"country_code": "fr"}, "game_id": "747108", "values": [{"date": "2022-05-03-21-00-00", "latency": 47}, {"date": "2022-05-03-21-00-00", "latency": 47}, {"date": "2022-05-03-21-00-00", "latency": 47}, {"date": "2022-05-03-21-00-00", "latency": 47}, {"date": "2022-05-03-21-00-00", "latency": 47}, {"date": "2022-05-03-23-00-00", "latency": 32}, {"date": "2022-05-03-23-00-00", "latency": 32}, {"date": "2022-05-03-23-00-00", "latency": 32}, {"date": "2022-05-03-23-00-00", "latency": 32}, {"date": "2022-05-04-01-00-00", "latency": 149}, {"date": "2022-05-04-01-00-00", "latency": 149}, {"date": "2022-05-04-01-00-00", "latency": 149}, {"date": "2022-05-04-01-00-00", "latency": 149}, {"date": "2022-05-03-19-00-00", "latency": 32}, {"date": "2022-05-03-19-00-00", "latency": 32}, {"date": "2022-05-03-19-00-00", "latency": 32}, {"date": "2022-05-03-19-00-00", "latency": 32}, {"date": "2022-05-03-19-00-00", "latency": 32}, {"date": "2022-05-03-19-00-00", "latency": 32}]}, {"location": {"country_code": "us", "region": "California"}, "game_id": "747108", "values": [{"date": "2022-05-03-23-00-00", "latency": 78}, {"date": "2022-05-03-23-00-00", "latency": 78}, {"date": "2022-05-03-23-00-00", "latency": 78}, {"date": "2022-05-03-08-00-00", "latency": 122}, {"date": "2022-05-03-08-00-00", "latency": 122}]}, {"location": {"country_code": "se"}, "game_id": "747108", "values": [{"date": "2022-05-03-16-00-00", "latency": 47}, {"date": "2022-05-03-16-00-00", "latency": 47}]}, {"location": {"country_code": "us", "region": "California", "city": "East Los Angeles"}, "game_id": "747108", "values": [{"date": "2022-05-03-09-00-00", "latency": 63}]}, {"location": {"country_code": "fi", "region": "Satakunta Region", "city": "Pori"}, "game_id": "747108", "values": [{"date": "2022-05-03-15-00-00", "latency": 63}, {"date": "2022-05-03-15-00-00", "latency": 63}, {"date": "2022-05-03-15-00-00", "latency": 63}, {"date": "2022-05-03-15-00-00", "latency": 63}, {"date": "2022-05-03-15-00-00", "latency": 63}]}, {"location": {"country_code": "ar", "region": "Buenos Aires F.D.", "city": "Bahia Blanca"}, "game_id": "747108", "values": [{"date": "2022-05-03-05-00-00", "latency": 47}, {"date": "2022-05-03-05-00-00", "latency": 47}, {"date": "2022-05-03-05-00-00", "latency": 47}, {"date": "2022-05-03-05-00-00", "latency": 47}, {"date": "2022-05-03-05-00-00", "latency": 47}, {"date": "2022-05-03-05-00-00", "latency": 47}, {"date": "2022-05-03-05-00-00", "latency": 47}, {"date": "2022-05-03-05-00-00", "latency": 47}]}, {"location": {"country_code": "mx", "region": "Puebla"}, "game_id": "747108", "values": [{"date": "2022-05-03-11-00-00", "latency": 78}]}, {"location": {"country_code": "cn"}, "game_id": "747108", "values": [{"date": "2022-05-03-19-00-00", "latency": 32}, {"date": "2022-05-03-19-00-00", "latency": 32}]}, {"location": {"country_code": "es", "region": "Catalonia", "city": "l'Hospitalet de Llobregat"}, "game_id": "747108", "values": [{"date": "2022-05-03-20-00-00", "latency": 63}]}, {"location": {"country_code": "kr", "region": "Seoul"}, "game_id": "747108", "values": [{"date": "2022-05-03-23-00-00", "latency": 187}, {"date": "2022-05-03-23-00-00", "latency": 187}, {"date": "2022-05-03-23-00-00", "latency": 187}, {"date": "2022-05-03-23-00-00", "latency": 187}, {"date": "2022-05-03-23-00-00", "latency": 187}, {"date": "2022-05-03-23-00-00", "latency": 187}, {"date": "2022-05-03-23-00-00", "latency": 187}, {"date": "2022-05-03-23-00-00", "latency": 187}]}, {"location": {"country_code": "tr", "region": "Marmara Bolgesi", "city": "Istanbul"}, "game_id": "747108", "values": [{"date": "2022-05-03-22-00-00", "latency": 109}, {"date": "2022-05-03-22-00-00", "latency": 109}, {"date": "2022-05-03-22-00-00", "latency": 109}, {"date": "2022-05-03-22-00-00", "latency": 109}, {"date": "2022-05-03-22-00-00", "latency": 109}, {"date": "2022-05-03-22-00-00", "latency": 109}, {"date": "2022-05-03-22-00-00", "latency": 109}]}, {"location": {"country_code": "us", "region": "District of Columbia", "city": "Washington"}, "game_id": "747108", "values": [{"date": "2022-05-03-19-00-00", "latency": 31}, {"date": "2022-05-03-19-00-00", "latency": 31}, {"date": "2022-05-03-19-00-00", "latency": 31}, {"date": "2022-05-03-19-00-00", "latency": 31}, {"date": "2022-05-03-19-00-00", "latency": 31}, {"date": "2022-05-03-19-00-00", "latency": 31}, {"date": "2022-05-03-19-00-00", "latency": 31}, {"date": "2022-05-03-19-00-00", "latency": 31}, {"date": "2022-05-03-19-00-00", "latency": 31}, {"date": "2022-05-03-19-00-00", "latency": 31}, {"date": "2022-05-03-19-00-00", "latency": 31}, {"date": "2022-05-03-19-00-00", "latency": 31}]}, {"location": {"country_code": "ca", "region": "Ontario", "city": "Toronto"}, "game_id": "747108", "values": [{"date": "2022-05-03-08-00-00", "latency": 47}, {"date": "2022-05-03-08-00-00", "latency": 47}, {"date": "2022-05-03-08-00-00", "latency": 47}, {"date": "2022-05-03-08-00-00", "latency": 47}]}, {"location": {"country_code": "pt"}, "game_id": "747108", "values": [{"date": "2022-05-03-19-00-00", "latency": 62}]}, {"location": {"country_code": "fr", "region": "Ile-de-France Region", "city": "Paris"}, "game_id": "747108", "values": [{"date": "2022-05-03-03-00-00", "latency": 32}, {"date": "2022-05-03-03-00-00", "latency": 32}]}, {"location": {"country_code": "hr"}, "game_id": "747108", "values": [{"date": "2022-05-03-23-00-00", "latency": 47}, {"date": "2022-05-03-23-00-00", "latency": 47}, {"date": "2022-05-03-23-00-00", "latency": 47}, {"date": "2022-05-03-23-00-00", "latency": 47}, {"date": "2022-05-03-23-00-00", "latency": 47}, {"date": "2022-05-03-23-00-00", "latency": 47}, {"date": "2022-05-03-23-00-00", "latency": 47}]}, {"location": {"country_code": "gb", "region": "England", "city": "Liverpool"}, "game_id": "747108", "values": [{"date": "2022-05-03-18-00-00", "latency": 47}, {"date": "2022-05-03-18-00-00", "latency": 47}, {"date": "2022-05-03-18-00-00", "latency": 47}, {"date": "2022-05-03-18-00-00", "latency": 47}, {"date": "2022-05-03-18-00-00", "latency": 47}, {"date": "2022-05-03-18-00-00", "latency": 47}]}, {"location": {"country_code": "us", "region": "Texas", "city": "Irving"}, "game_id": "747108", "values": [{"date": "2022-05-03-12-00-00", "latency": 31}]}, {"location": {"country_code": "it", "region": "Lazio", "city": "Rome"}, "game_id": "747108", "values": [{"date": "2022-05-03-22-00-00", "latency": 47}, {"date": "2022-05-03-22-00-00", "latency": 47}, {"date": "2022-05-03-22-00-00", "latency": 47}, {"date": "2022-05-03-22-00-00", "latency": 47}, {"date": "2022-05-03-22-00-00", "latency": 47}, {"date": "2022-05-03-22-00-00", "latency": 47}, {"date": "2022-05-03-22-00-00", "latency": 47}]}, {"location": {"country_code": "de", "region": "North Rhine-Westphalia"}, "game_id": "747108", "values": [{"date": "2022-05-03-20-00-00", "latency": 31}, {"date": "2022-05-03-20-00-00", "latency": 31}]}, {"location": {"country_code": "es", "region": "Valencia", "city": "Orihuela"}, "game_id": "747108", "values": [{"date": "2022-05-03-23-00-00", "latency": 63}, {"date": "2022-05-03-23-00-00", "latency": 63}]}, {"location": {"country_code": "br", "region": "Sao Paulo", "city": "Varzea Paulista"}, "game_id": "747108", "values": [{"date": "2022-05-03-03-00-00", "latency": 32}]}, {"location": {"country_code": "de", "region": "Bavaria", "city": "Munich"}, "game_id": "747108", "values": [{"date": "2022-05-03-20-00-00", "latency": 32}]}, {"location": {"country_code": "br", "region": "Sao Paulo", "city": "Santa Cruz das Palmeiras"}, "game_id": "747108", "values": [{"date": "2022-05-03-06-00-00", "latency": 172}, {"date": "2022-05-03-06-00-00", "latency": 172}, {"date": "2022-05-03-06-00-00", "latency": 172}, {"date": "2022-05-03-06-00-00", "latency": 172}]}, {"location": {"country_code": "fr", "region": "Pays de la Loire Region", "city": "Nantes"}, "game_id": "747108", "values": [{"date": "2022-05-03-19-00-00", "latency": 32}, {"date": "2022-05-03-19-00-00", "latency": 32}, {"date": "2022-05-03-19-00-00", "latency": 32}, {"date": "2022-05-03-19-00-00", "latency": 32}]}, {"location": {"country_code": "ro", "region": "Bucharest"}, "game_id": "747108", "values": [{"date": "2022-05-03-17-00-00", "latency": 109}]}, {"location": {"country_code": "br", "region": "Sao Paulo", "city": "Sertaozinho"}, "game_id": "747108", "values": [{"date": "2022-05-04-02-00-00", "latency": 32}, {"date": "2022-05-04-02-00-00", "latency": 32}]}, {"location": {"country_code": "br", "region": "Espirito Santo", "city": "Vila Velha"}, "game_id": "747108", "values": [{"date": "2022-05-03-03-00-00", "latency": 31}, {"date": "2022-05-03-03-00-00", "latency": 31}, {"date": "2022-05-03-03-00-00", "latency": 31}, {"date": "2022-05-03-03-00-00", "latency": 31}, {"date": "2022-05-03-03-00-00", "latency": 31}, {"date": "2022-05-03-03-00-00", "latency": 31}, {"date": "2022-05-03-03-00-00", "latency": 31}, {"date": "2022-05-03-03-00-00", "latency": 31}, {"date": "2022-05-03-03-00-00", "latency": 31}, {"date": "2022-05-03-03-00-00", "latency": 31}, {"date": "2022-05-03-03-00-00", "latency": 31}, {"date": "2022-05-03-03-00-00", "latency": 31}]}, {"location": {"country_code": "is"}, "game_id": "747108", "values": [{"date": "2022-05-03-23-00-00", "latency": 188}, {"date": "2022-05-03-23-00-00", "latency": 188}, {"date": "2022-05-03-23-00-00", "latency": 188}, {"date": "2022-05-03-23-00-00", "latency": 188}, {"date": "2022-05-03-23-00-00", "latency": 188}, {"date": "2022-05-03-23-00-00", "latency": 188}, {"date": "2022-05-03-23-00-00", "latency": 188}]}, {"location": {"country_code": "br", "region": "State of Rio de Janeiro", "city": "Araruama"}, "game_id": "747108", "values": [{"date": "2022-05-03-02-00-00", "latency": 32}, {"date": "2022-05-03-02-00-00", "latency": 32}, {"date": "2022-05-03-02-00-00", "latency": 32}, {"date": "2022-05-03-02-00-00", "latency": 32}, {"date": "2022-05-03-02-00-00", "latency": 32}, {"date": "2022-05-03-02-00-00", "latency": 32}, {"date": "2022-05-03-02-00-00", "latency": 32}, {"date": "2022-05-03-02-00-00", "latency": 32}, {"date": "2022-05-03-02-00-00", "latency": 32}, {"date": "2022-05-03-02-00-00", "latency": 32}, {"date": "2022-05-03-02-00-00", "latency": 32}]}, {"location": {"country_code": "fr", "region": "Alsazia-Champagne-Ardenne-Lorena", "city": "Reims"}, "game_id": "747108", "values": [{"date": "2022-05-03-16-00-00", "latency": 32}, {"date": "2022-05-03-16-00-00", "latency": 32}, {"date": "2022-05-03-16-00-00", "latency": 32}]}, {"location": {"country_code": "us", "region": "Delaware", "city": "Wilmington"}, "game_id": "747108", "values": [{"date": "2022-05-03-09-00-00", "latency": 47}]}, {"location": {"country_code": "gb", "region": "England", "city": "Bradford"}, "game_id": "747108", "values": [{"date": "2022-05-03-16-00-00", "latency": 470}, {"date": "2022-05-03-16-00-00", "latency": 470}, {"date": "2022-05-03-16-00-00", "latency": 470}]}, {"location": {"country_code": "gb", "region": "England", "city": "Cirencester"}, "game_id": "747108", "values": [{"date": "2022-05-04-00-00-00", "latency": 125}, {"date": "2022-05-04-00-00-00", "latency": 125}, {"date": "2022-05-04-00-00-00", "latency": 125}, {"date": "2022-05-04-00-00-00", "latency": 125}, {"date": "2022-05-04-00-00-00", "latency": 125}]}, {"location": {"country_code": "us", "region": "Massachusetts", "city": "Greenfield"}, "game_id": "747108", "values": [{"date": "2022-05-03-04-00-00", "latency": 47}]}, {"location": {"country_code": "us", "region": "Arkansas", "city": "Newport"}, "game_id": "747108", "values": [{"date": "2022-05-03-17-00-00", "latency": 31}, {"date": "2022-05-03-17-00-00", "latency": 31}, {"date": "2022-05-03-17-00-00", "latency": 31}, {"date": "2022-05-03-17-00-00", "latency": 31}, {"date": "2022-05-03-17-00-00", "latency": 31}, {"date": "2022-05-03-17-00-00", "latency": 31}, {"date": "2022-05-03-17-00-00", "latency": 31}, {"date": "2022-05-03-17-00-00", "latency": 31}, {"date": "2022-05-03-17-00-00", "latency": 31}, {"date": "2022-05-03-17-00-00", "latency": 31}, {"date": "2022-05-03-17-00-00", "latency": 31}]}], "last_updated": 1719927589.492547}