{"data": [{"location": {"country_code": "de", "region": "Berlin", "city": "Berlin"}, "game_id": "747108", "values": [{"date": "2022-05-16-01-00-00", "latency": 32}, {"date": "2022-05-16-00-00-00", "latency": 46}, {"date": "2022-05-16-00-00-00", "latency": 46}, {"date": "2022-05-16-00-00-00", "latency": 46}, {"date": "2022-05-16-00-00-00", "latency": 46}, {"date": "2022-05-16-00-00-00", "latency": 46}, {"date": "2022-05-16-00-00-00", "latency": 46}, {"date": "2022-05-16-00-00-00", "latency": 46}]}, {"location": {"country_code": "gb"}, "game_id": "747108", "values": [{"date": "2022-05-15-16-00-00", "latency": 47}, {"date": "2022-05-15-16-00-00", "latency": 47}, {"date": "2022-05-15-16-00-00", "latency": 47}, {"date": "2022-05-15-16-00-00", "latency": 47}, {"date": "2022-05-15-16-00-00", "latency": 47}, {"date": "2022-05-15-16-00-00", "latency": 47}, {"date": "2022-05-15-16-00-00", "latency": 47}, {"date": "2022-05-15-18-00-00", "latency": 31}, {"date": "2022-05-15-18-00-00", "latency": 31}, {"date": "2022-05-15-18-00-00", "latency": 31}]}, {"location": {"country_code": "nl"}, "game_id": "747108", "values": [{"date": "2022-05-15-22-00-00", "latency": 32}, {"date": "2022-05-15-22-00-00", "latency": 32}, {"date": "2022-05-15-22-00-00", "latency": 32}, {"date": "2022-05-15-22-00-00", "latency": 32}]}, {"location": {"country_code": "ca"}, "game_id": "747108", "values": [{"date": "2022-05-16-02-00-00", "latency": 47}, {"date": "2022-05-16-02-00-00", "latency": 47}, {"date": "2022-05-16-02-00-00", "latency": 47}, {"date": "2022-05-16-02-00-00", "latency": 47}, {"date": "2022-05-16-02-00-00", "latency": 47}, {"date": "2022-05-16-02-00-00", "latency": 47}, {"date": "2022-05-16-02-00-00", "latency": 47}, {"date": "2022-05-16-02-00-00", "latency": 47}, {"date": "2022-05-15-23-00-00", "latency": 63}]}, {"location": {"country_code": "de"}, "game_id": "747108", "values": [{"date": "2022-05-15-20-00-00", "latency": 47}]}, {"location": {"country_code": "us", "region": "Florida"}, "game_id": "747108", "values": [{"date": "2022-05-16-02-00-00", "latency": 47}, {"date": "2022-05-16-02-00-00", "latency": 47}, {"date": "2022-05-16-02-00-00", "latency": 47}, {"date": "2022-05-16-02-00-00", "latency": 47}, {"date": "2022-05-16-02-00-00", "latency": 47}, {"date": "2022-05-16-02-00-00", "latency": 47}, {"date": "2022-05-16-02-00-00", "latency": 47}, {"date": "2022-05-16-02-00-00", "latency": 47}, {"date": "2022-05-16-02-00-00", "latency": 47}, {"date": "2022-05-15-03-00-00", "latency": 63}]}, {"location": {"country_code": "fr"}, "game_id": "747108", "values": [{"date": "2022-05-15-21-00-00", "latency": 47}, {"date": "2022-05-15-21-00-00", "latency": 47}, {"date": "2022-05-15-21-00-00", "latency": 47}, {"date": "2022-05-15-21-00-00", "latency": 47}, {"date": "2022-05-15-21-00-00", "latency": 47}, {"date": "2022-05-15-21-00-00", "latency": 47}, {"date": "2022-05-15-21-00-00", "latency": 47}, {"date": "2022-05-15-21-00-00", "latency": 47}, {"date": "2022-05-15-21-00-00", "latency": 47}, {"date": "2022-05-15-23-00-00", "latency": 31}, {"date": "2022-05-15-20-00-00", "latency": 32}, {"date": "2022-05-15-20-00-00", "latency": 32}]}, {"location": {"country_code": "br", "region": "Sao Paulo", "city": "Apiai"}, "game_id": "747108", "values": [{"date": "2022-05-15-23-00-00", "latency": 125}, {"date": "2022-05-15-06-00-00", "latency": 32}, {"date": "2022-05-15-06-00-00", "latency": 32}, {"date": "2022-05-15-06-00-00", "latency": 32}]}, {"location": {"country_code": "se"}, "game_id": "747108", "values": [{"date": "2022-05-15-22-00-00", "latency": 47}]}, {"location": {"country_code": "us", "region": "Iowa"}, "game_id": "747108", "values": [{"date": "2022-05-15-10-00-00", "latency": 281}]}, {"location": {"country_code": "sa"}, "game_id": "747108", "values": [{"date": "2022-05-15-13-00-00", "latency": 125}, {"date": "2022-05-15-13-00-00", "latency": 125}, {"date": "2022-05-15-13-00-00", "latency": 125}]}, {"location": {"country_code": "us", "region": "Hawaii"}, "game_id": "747108", "values": [{"date": "2022-05-16-01-00-00", "latency": 125}]}, {"location": {"country_code": "us", "region": "Massachusetts"}, "game_id": "747108", "values": [{"date": "2022-05-15-07-00-00", "latency": 94}]}, {"location": {"country_code": "de", "region": "Free and Hanseatic City of Hamburg", "city": "Hamburg"}, "game_id": "747108", "values": [{"date": "2022-05-15-17-00-00", "latency": 32}, {"date": "2022-05-15-17-00-00", "latency": 32}]}, {"location": {"country_code": "ar", "region": "Buenos Aires F.D.", "city": "Bahia Blanca"}, "game_id": "747108", "values": [{"date": "2022-05-15-05-00-00", "latency": 63}, {"date": "2022-05-15-05-00-00", "latency": 63}, {"date": "2022-05-15-05-00-00", "latency": 63}]}, {"location": {"country_code": "kr", "region": "Seoul"}, "game_id": "747108", "values": [{"date": "2022-05-15-21-00-00", "latency": 203}, {"date": "2022-05-15-21-00-00", "latency": 203}, {"date": "2022-05-15-21-00-00", "latency": 203}, {"date": "2022-05-15-21-00-00", "latency": 203}, {"date": "2022-05-15-21-00-00", "latency": 203}]}, {"location": {"country_code": "es", "region": "Canary Islands", "city": "Santa Cruz de Tenerife"}, "game_id": "747108", "values": [{"date": "2022-05-15-20-00-00", "latency": 63}, {"date": "2022-05-15-20-00-00", "latency": 63}, {"date": "2022-05-15-20-00-00", "latency": 63}, {"date": "2022-05-15-20-00-00", "latency": 63}, {"date": "2022-05-15-20-00-00", "latency": 63}, {"date": "2022-05-15-20-00-00", "latency": 63}]}, {"location": {"country_code": "tr", "region": "Marmara Bolgesi", "city": "Istanbul"}, "game_id": "747108", "values": [{"date": "2022-05-16-02-00-00", "latency": 63}, {"date": "2022-05-16-02-00-00", "latency": 63}, {"date": "2022-05-16-02-00-00", "latency": 63}, {"date": "2022-05-16-02-00-00", "latency": 63}, {"date": "2022-05-16-02-00-00", "latency": 63}, {"date": "2022-05-16-02-00-00", "latency": 63}]}, {"location": {"country_code": "ca", "region": "Ontario", "city": "Toronto"}, "game_id": "747108", "values": [{"date": "2022-05-15-21-00-00", "latency": 47}, {"date": "2022-05-15-21-00-00", "latency": 47}, {"date": "2022-05-15-21-00-00", "latency": 47}, {"date": "2022-05-15-21-00-00", "latency": 47}, {"date": "2022-05-15-21-00-00", "latency": 47}]}, {"location": {"country_code": "co", "region": "El Valle", "city": "Cali"}, "game_id": "747108", "values": [{"date": "2022-05-15-06-00-00", "latency": 63}, {"date": "2022-05-15-06-00-00", "latency": 63}]}, {"location": {"country_code": "pt"}, "game_id": "747108", "values": [{"date": "2022-05-15-03-00-00", "latency": 62}, {"date": "2022-05-15-03-00-00", "latency": 62}]}, {"location": {"country_code": "br", "region": "State of Rio de Janeiro", "city": "Angra dos Reis"}, "game_id": "747108", "values": [{"date": "2022-05-15-02-00-00", "latency": 31}, {"date": "2022-05-15-02-00-00", "latency": 31}, {"date": "2022-05-15-02-00-00", "latency": 31}, {"date": "2022-05-15-02-00-00", "latency": 31}, {"date": "2022-05-15-02-00-00", "latency": 31}]}, {"location": {"country_code": "fr", "region": "Ile-de-France Region", "city": "Paris"}, "game_id": "747108", "values": [{"date": "2022-05-15-14-00-00", "latency": 32}, {"date": "2022-05-15-14-00-00", "latency": 32}, {"date": "2022-05-15-14-00-00", "latency": 32}, {"date": "2022-05-15-14-00-00", "latency": 32}]}, {"location": {"country_code": "hr"}, "game_id": "747108", "values": [{"date": "2022-05-15-22-00-00", "latency": 47}, {"date": "2022-05-15-22-00-00", "latency": 47}, {"date": "2022-05-15-22-00-00", "latency": 47}, {"date": "2022-05-15-22-00-00", "latency": 47}, {"date": "2022-05-15-22-00-00", "latency": 47}, {"date": "2022-05-15-22-00-00", "latency": 47}, {"date": "2022-05-15-22-00-00", "latency": 47}, {"date": "2022-05-15-22-00-00", "latency": 47}, {"date": "2022-05-15-22-00-00", "latency": 47}, {"date": "2022-05-15-22-00-00", "latency": 47}]}, {"location": {"country_code": "us", "region": "Tennessee", "city": "Memphis"}, "game_id": "747108", "values": [{"date": "2022-05-15-07-00-00", "latency": 94}, {"date": "2022-05-15-07-00-00", "latency": 94}, {"date": "2022-05-15-07-00-00", "latency": 94}, {"date": "2022-05-15-07-00-00", "latency": 94}, {"date": "2022-05-15-07-00-00", "latency": 94}]}, {"location": {"country_code": "ca", "region": "Quebec"}, "game_id": "747108", "values": [{"date": "2022-05-15-23-00-00", "latency": 32}]}, {"location": {"country_code": "de", "region": "Lower Saxony"}, "game_id": "747108", "values": [{"date": "2022-05-15-20-00-00", "latency": 47}, {"date": "2022-05-15-20-00-00", "latency": 47}]}, {"location": {"country_code": "de", "region": "North Rhine-Westphalia"}, "game_id": "747108", "values": [{"date": "2022-05-15-16-00-00", "latency": 32}, {"date": "2022-05-15-16-00-00", "latency": 32}, {"date": "2022-05-15-16-00-00", "latency": 32}]}, {"location": {"country_code": "br", "region": "Sao Paulo", "city": "Varzea Paulista"}, "game_id": "747108", "values": [{"date": "2022-05-15-22-00-00", "latency": 156}, {"date": "2022-05-15-04-00-00", "latency": 32}, {"date": "2022-05-15-04-00-00", "latency": 32}, {"date": "2022-05-15-04-00-00", "latency": 32}]}, {"location": {"country_code": "de", "region": "Bavaria", "city": "Munich"}, "game_id": "747108", "values": [{"date": "2022-05-16-01-00-00", "latency": 31}, {"date": "2022-05-16-01-00-00", "latency": 31}, {"date": "2022-05-16-01-00-00", "latency": 31}, {"date": "2022-05-16-01-00-00", "latency": 31}, {"date": "2022-05-16-01-00-00", "latency": 31}, {"date": "2022-05-16-01-00-00", "latency": 31}, {"date": "2022-05-16-01-00-00", "latency": 31}]}, {"location": {"country_code": "ae", "region": "Dubai", "city": "Dubai"}, "game_id": "747108", "values": [{"date": "2022-05-15-21-00-00", "latency": 157}, {"date": "2022-05-15-21-00-00", "latency": 157}, {"date": "2022-05-15-10-00-00", "latency": 125}, {"date": "2022-05-15-10-00-00", "latency": 125}, {"date": "2022-05-15-10-00-00", "latency": 125}, {"date": "2022-05-15-10-00-00", "latency": 125}, {"date": "2022-05-15-10-00-00", "latency": 125}, {"date": "2022-05-15-10-00-00", "latency": 125}, {"date": "2022-05-15-10-00-00", "latency": 125}]}, {"location": {"country_code": "br", "region": "Parana", "city": "Apucarana"}, "game_id": "747108", "values": [{"date": "2022-05-16-00-00-00", "latency": 32}, {"date": "2022-05-16-00-00-00", "latency": 32}, {"date": "2022-05-16-00-00-00", "latency": 32}, {"date": "2022-05-16-00-00-00", "latency": 32}, {"date": "2022-05-16-00-00-00", "latency": 32}, {"date": "2022-05-16-00-00-00", "latency": 32}, {"date": "2022-05-16-00-00-00", "latency": 32}]}, {"location": {"country_code": "br", "region": "Sao Paulo", "city": "Sertaozinho"}, "game_id": "747108", "values": [{"date": "2022-05-15-06-00-00", "latency": 31}, {"date": "2022-05-15-06-00-00", "latency": 31}]}, {"location": {"country_code": "br", "region": "Espirito Santo", "city": "Vila Velha"}, "game_id": "747108", "values": [{"date": "2022-05-15-06-00-00", "latency": 47}, {"date": "2022-05-15-06-00-00", "latency": 47}]}, {"location": {"country_code": "us", "region": "Nevada"}, "game_id": "747108", "values": [{"date": "2022-05-16-02-00-00", "latency": 78}, {"date": "2022-05-16-02-00-00", "latency": 78}, {"date": "2022-05-16-02-00-00", "latency": 78}, {"date": "2022-05-15-21-00-00", "latency": 109}, {"date": "2022-05-15-21-00-00", "latency": 109}, {"date": "2022-05-15-21-00-00", "latency": 109}, {"date": "2022-05-15-21-00-00", "latency": 109}, {"date": "2022-05-15-21-00-00", "latency": 109}]}, {"location": {"country_code": "us", "region": "New Jersey", "city": "Jersey City"}, "game_id": "747108", "values": [{"date": "2022-05-16-00-00-00", "latency": 32}]}, {"location": {"country_code": "es", "region": "Canary Islands", "city": "San Cristobal de La Laguna"}, "game_id": "747108", "values": [{"date": "2022-05-15-02-00-00", "latency": 78}]}, {"location": {"country_code": "es", "region": "Cantabria", "city": "Torres"}, "game_id": "747108", "values": [{"date": "2022-05-15-17-00-00", "latency": 62}]}, {"location": {"country_code": "us", "region": "Arkansas", "city": "Newport"}, "game_id": "747108", "values": [{"date": "2022-05-15-21-00-00", "latency": 47}, {"date": "2022-05-15-21-00-00", "latency": 47}, {"date": "2022-05-15-21-00-00", "latency": 47}, {"date": "2022-05-15-21-00-00", "latency": 47}]}], "last_updated": 1719927595.826654}