{"data": [{"location": {"country_code": "us"}, "game_id": "747108", "values": [{"date": "2024-03-28-00-00-00", "latency": 15}, {"date": "2024-03-28-00-00-00", "latency": 15}, {"date": "2024-03-28-00-00-00", "latency": 15}, {"date": "2024-03-28-00-00-00", "latency": 15}, {"date": "2024-03-28-00-00-00", "latency": 62}, {"date": "2024-03-27-18-00-00", "latency": 31}, {"date": "2024-03-27-18-00-00", "latency": 31}, {"date": "2024-03-27-18-00-00", "latency": 31}, {"date": "2024-03-27-18-00-00", "latency": 31}, {"date": "2024-03-27-18-00-00", "latency": 31}, {"date": "2024-03-27-18-00-00", "latency": 31}, {"date": "2024-03-27-18-00-00", "latency": 31}, {"date": "2024-03-27-18-00-00", "latency": 31}, {"date": "2024-03-27-18-00-00", "latency": 3}]}, {"location": {"country_code": "pa"}, "game_id": "747108", "values": [{"date": "2024-03-27-21-00-00", "latency": 528}, {"date": "2024-03-27-21-00-00", "latency": 528}, {"date": "2024-03-27-21-00-00", "latency": 528}]}, {"location": {"country_code": "cz"}, "game_id": "747108", "values": [{"date": "2024-03-27-20-00-00", "latency": 5}]}, {"location": {"country_code": "ro"}, "game_id": "747108", "values": [{"date": "2024-03-27-18-00-00", "latency": 2}, {"date": "2024-03-27-18-00-00", "latency": 2}, {"date": "2024-03-27-18-00-00", "latency": 2}, {"date": "2024-03-27-18-00-00", "latency": 2}, {"date": "2024-03-27-18-00-00", "latency": 2}, {"date": "2024-03-27-18-00-00", "latency": 2}, {"date": "2024-03-27-18-00-00", "latency": 2}, {"date": "2024-03-27-18-00-00", "latency": 2}, {"date": "2024-03-27-18-00-00", "latency": 2}, {"date": "2024-03-27-18-00-00", "latency": 2}, {"date": "2024-03-27-18-00-00", "latency": 2}, {"date": "2024-03-27-17-00-00", "latency": 3}, {"date": "2024-03-27-17-00-00", "latency": 3}, {"date": "2024-03-27-17-00-00", "latency": 3}, {"date": "2024-03-27-17-00-00", "latency": 3}, {"date": "2024-03-27-17-00-00", "latency": 3}, {"date": "2024-03-27-17-00-00", "latency": 3}]}, {"location": {"country_code": "ca"}, "game_id": "747108", "values": [{"date": "2024-03-27-18-00-00", "latency": 53}, {"date": "2024-03-27-18-00-00", "latency": 53}, {"date": "2024-03-27-18-00-00", "latency": 53}, {"date": "2024-03-27-18-00-00", "latency": 53}, {"date": "2024-03-28-01-00-00", "latency": 7}, {"date": "2024-03-28-01-00-00", "latency": 7}]}, {"location": {"country_code": "ca", "region": "Ontario"}, "game_id": "747108", "values": [{"date": "2024-03-28-00-00-00", "latency": 3}, {"date": "2024-03-28-00-00-00", "latency": 3}, {"date": "2024-03-28-00-00-00", "latency": 3}, {"date": "2024-03-28-00-00-00", "latency": 3}, {"date": "2024-03-28-00-00-00", "latency": 3}, {"date": "2024-03-28-00-00-00", "latency": 3}, {"date": "2024-03-28-00-00-00", "latency": 3}, {"date": "2024-03-28-00-00-00", "latency": 3}, {"date": "2024-03-28-00-00-00", "latency": 3}, {"date": "2024-03-28-00-00-00", "latency": 3}, {"date": "2024-03-28-00-00-00", "latency": 3}, {"date": "2024-03-28-00-00-00", "latency": 3}]}, {"location": {"country_code": "gb", "region": "England"}, "game_id": "747108", "values": [{"date": "2024-03-27-21-00-00", "latency": 3}, {"date": "2024-03-27-21-00-00", "latency": 3}, {"date": "2024-03-27-21-00-00", "latency": 3}, {"date": "2024-03-27-21-00-00", "latency": 3}, {"date": "2024-03-27-21-00-00", "latency": 3}]}, {"location": {"country_code": "cl"}, "game_id": "747108", "values": [{"date": "2024-03-27-06-00-00", "latency": 62}, {"date": "2024-03-27-06-00-00", "latency": 62}, {"date": "2024-03-27-06-00-00", "latency": 62}, {"date": "2024-03-27-06-00-00", "latency": 62}]}, {"location": {"country_code": "ph"}, "game_id": "747108", "values": [{"date": "2024-03-27-19-00-00", "latency": 20}]}, {"location": {"country_code": "mx"}, "game_id": "747108", "values": [{"date": "2024-03-28-00-00-00", "latency": 62}]}, {"location": {"country_code": "br"}, "game_id": "747108", "values": [{"date": "2024-03-28-01-00-00", "latency": 15}, {"date": "2024-03-28-01-00-00", "latency": 15}, {"date": "2024-03-28-01-00-00", "latency": 15}, {"date": "2024-03-28-01-00-00", "latency": 15}, {"date": "2024-03-28-01-00-00", "latency": 15}, {"date": "2024-03-28-01-00-00", "latency": 15}, {"date": "2024-03-28-01-00-00", "latency": 15}, {"date": "2024-03-28-01-00-00", "latency": 15}, {"date": "2024-03-28-01-00-00", "latency": 15}, {"date": "2024-03-28-01-00-00", "latency": 15}, {"date": "2024-03-28-01-00-00", "latency": 15}, {"date": "2024-03-28-01-00-00", "latency": 15}]}, {"location": {"country_code": "se"}, "game_id": "747108", "values": [{"date": "2024-03-27-18-00-00", "latency": 7}]}, {"location": {"country_code": "us", "region": "Maryland", "city": "Dundalk"}, "game_id": "747108", "values": [{"date": "2024-03-27-18-00-00", "latency": 15}, {"date": "2024-03-27-18-00-00", "latency": 15}]}, {"location": {"country_code": "tr"}, "game_id": "747108", "values": [{"date": "2024-03-27-15-00-00", "latency": 1}, {"date": "2024-03-27-15-00-00", "latency": 1}]}, {"location": {"country_code": "ar"}, "game_id": "747108", "values": [{"date": "2024-03-27-21-00-00", "latency": 31}, {"date": "2024-03-27-21-00-00", "latency": 31}, {"date": "2024-03-27-21-00-00", "latency": 31}, {"date": "2024-03-27-21-00-00", "latency": 31}, {"date": "2024-03-27-21-00-00", "latency": 31}, {"date": "2024-03-27-21-00-00", "latency": 31}, {"date": "2024-03-27-21-00-00", "latency": 31}, {"date": "2024-03-27-21-00-00", "latency": 31}, {"date": "2024-03-27-21-00-00", "latency": 31}, {"date": "2024-03-27-21-00-00", "latency": 31}, {"date": "2024-03-27-21-00-00", "latency": 31}, {"date": "2024-03-27-21-00-00", "latency": 31}, {"date": "2024-03-27-20-00-00", "latency": 47}, {"date": "2024-03-27-20-00-00", "latency": 47}, {"date": "2024-03-27-20-00-00", "latency": 47}, {"date": "2024-03-27-20-00-00", "latency": 47}, {"date": "2024-03-27-20-00-00", "latency": 47}, {"date": "2024-03-27-20-00-00", "latency": 47}, {"date": "2024-03-27-20-00-00", "latency": 47}, {"date": "2024-03-27-20-00-00", "latency": 47}, {"date": "2024-03-27-20-00-00", "latency": 47}, {"date": "2024-03-27-20-00-00", "latency": 47}, {"date": "2024-03-27-20-00-00", "latency": 47}, {"date": "2024-03-27-20-00-00", "latency": 47}]}, {"location": {"country_code": "fi"}, "game_id": "747108", "values": [{"date": "2024-03-28-01-00-00", "latency": 3}, {"date": "2024-03-28-01-00-00", "latency": 3}, {"date": "2024-03-28-01-00-00", "latency": 3}, {"date": "2024-03-27-21-00-00", "latency": 109}]}, {"location": {"country_code": "ar", "region": "Buenos Aires"}, "game_id": "747108", "values": [{"date": "2024-03-27-23-00-00", "latency": 31}, {"date": "2024-03-27-23-00-00", "latency": 31}, {"date": "2024-03-27-23-00-00", "latency": 31}, {"date": "2024-03-27-23-00-00", "latency": 31}]}, {"location": {"country_code": "mx", "region": "Puebla"}, "game_id": "747108", "values": [{"date": "2024-03-28-01-00-00", "latency": 7}, {"date": "2024-03-28-01-00-00", "latency": 7}, {"date": "2024-03-28-01-00-00", "latency": 7}]}, {"location": {"country_code": "at"}, "game_id": "747108", "values": [{"date": "2024-03-27-23-00-00", "latency": 7}, {"date": "2024-03-27-23-00-00", "latency": 7}, {"date": "2024-03-27-23-00-00", "latency": 7}, {"date": "2024-03-27-23-00-00", "latency": 7}, {"date": "2024-03-27-23-00-00", "latency": 7}, {"date": "2024-03-27-23-00-00", "latency": 7}, {"date": "2024-03-27-23-00-00", "latency": 7}]}, {"location": {"country_code": "br", "region": "Estado de Bahia", "city": "Salvador"}, "game_id": "747108", "values": [{"date": "2024-03-27-21-00-00", "latency": 47}, {"date": "2024-03-27-21-00-00", "latency": 47}, {"date": "2024-03-27-21-00-00", "latency": 47}, {"date": "2024-03-27-21-00-00", "latency": 47}, {"date": "2024-03-27-21-00-00", "latency": 47}, {"date": "2024-03-27-21-00-00", "latency": 47}]}, {"location": {"country_code": "es", "region": "Catalonia", "city": "l'Hospitalet de Llobregat"}, "game_id": "747108", "values": [{"date": "2024-03-27-18-00-00", "latency": 15}, {"date": "2024-03-27-18-00-00", "latency": 15}, {"date": "2024-03-27-19-00-00", "latency": 31}]}, {"location": {"country_code": "pl"}, "game_id": "747108", "values": [{"date": "2024-03-27-23-00-00", "latency": 46}, {"date": "2024-03-27-23-00-00", "latency": 46}, {"date": "2024-03-27-23-00-00", "latency": 46}, {"date": "2024-03-27-23-00-00", "latency": 46}, {"date": "2024-03-27-23-00-00", "latency": 46}, {"date": "2024-03-27-23-00-00", "latency": 46}]}, {"location": {"country_code": "co", "region": "El Valle", "city": "Cali"}, "game_id": "747108", "values": [{"date": "2024-03-27-07-00-00", "latency": 17}, {"date": "2024-03-27-07-00-00", "latency": 17}, {"date": "2024-03-27-07-00-00", "latency": 17}, {"date": "2024-03-27-07-00-00", "latency": 17}, {"date": "2024-03-27-07-00-00", "latency": 17}, {"date": "2024-03-27-07-00-00", "latency": 17}, {"date": "2024-03-27-07-00-00", "latency": 17}, {"date": "2024-03-27-07-00-00", "latency": 17}, {"date": "2024-03-27-07-00-00", "latency": 17}, {"date": "2024-03-27-07-00-00", "latency": 17}]}, {"location": {"country_code": "mx", "region": "Sonora"}, "game_id": "747108", "values": [{"date": "2024-03-27-21-00-00", "latency": 62}, {"date": "2024-03-27-21-00-00", "latency": 62}, {"date": "2024-03-27-21-00-00", "latency": 62}]}, {"location": {"country_code": "ru", "region": "Krasnoyarsk Krai", "city": "Norilsk"}, "game_id": "747108", "values": [{"date": "2024-03-27-17-00-00", "latency": 0}, {"date": "2024-03-27-17-00-00", "latency": 0}]}, {"location": {"country_code": "fr", "region": "Nord-Passo di Calais-Piccardia"}, "game_id": "747108", "values": [{"date": "2024-03-27-22-00-00", "latency": 6}, {"date": "2024-03-27-22-00-00", "latency": 6}, {"date": "2024-03-27-22-00-00", "latency": 6}, {"date": "2024-03-27-22-00-00", "latency": 6}, {"date": "2024-03-27-22-00-00", "latency": 6}, {"date": "2024-03-27-22-00-00", "latency": 6}, {"date": "2024-03-27-22-00-00", "latency": 6}, {"date": "2024-03-27-22-00-00", "latency": 6}, {"date": "2024-03-27-22-00-00", "latency": 6}, {"date": "2024-03-27-22-00-00", "latency": 6}, {"date": "2024-03-27-22-00-00", "latency": 6}, {"date": "2024-03-27-22-00-00", "latency": 6}, {"date": "2024-03-27-22-00-00", "latency": 6}, {"date": "2024-03-27-22-00-00", "latency": 6}, {"date": "2024-03-27-22-00-00", "latency": 6}, {"date": "2024-03-27-22-00-00", "latency": 6}, {"date": "2024-03-27-22-00-00", "latency": 6}, {"date": "2024-03-27-22-00-00", "latency": 6}, {"date": "2024-03-27-22-00-00", "latency": 6}, {"date": "2024-03-27-22-00-00", "latency": 6}, {"date": "2024-03-27-22-00-00", "latency": 6}]}, {"location": {"country_code": "es", "region": "Andalusia", "city": "Cordoba"}, "game_id": "747108", "values": [{"date": "2024-03-27-21-00-00", "latency": 31}, {"date": "2024-03-27-21-00-00", "latency": 31}, {"date": "2024-03-27-21-00-00", "latency": 31}, {"date": "2024-03-27-21-00-00", "latency": 31}]}, {"location": {"country_code": "fr", "region": "Nord-Passo di Calais-Piccardia", "city": "Albert"}, "game_id": "747108", "values": [{"date": "2024-03-27-21-00-00", "latency": 3}]}, {"location": {"country_code": "es", "region": "Basque Country", "city": "Irun"}, "game_id": "747108", "values": [{"date": "2024-03-28-00-00-00", "latency": 31}]}, {"location": {"country_code": "es", "region": "Cantabria", "city": "Torres"}, "game_id": "747108", "values": [{"date": "2024-03-27-19-00-00", "latency": 3}]}, {"location": {"country_code": "us", "region": "Arkansas", "city": "Newport"}, "game_id": "747108", "values": [{"date": "2024-03-27-18-00-00", "latency": 7}, {"date": "2024-03-27-18-00-00", "latency": 7}, {"date": "2024-03-27-18-00-00", "latency": 7}, {"date": "2024-03-27-18-00-00", "latency": 7}, {"date": "2024-03-27-18-00-00", "latency": 7}]}], "last_updated": 1719919359.069558}