{"data": [{"location": {"country_code": "us"}, "game_id": "742409", "values": [{"date": "2024-06-25-04-00-00", "latency": 41}, {"date": "2024-06-26-02-00-00", "latency": 64}]}, {"location": {"country_code": "gb"}, "game_id": "742409", "values": [{"date": "2024-06-25-14-00-00", "latency": 28}]}, {"location": {"country_code": "nl"}, "game_id": "742409", "values": [{"date": "2024-06-25-20-00-00", "latency": 54}, {"date": "2024-06-25-20-00-00", "latency": 54}]}, {"location": {"country_code": "jp"}, "game_id": "742409", "values": [{"date": "2024-06-25-14-00-00", "latency": 37}, {"date": "2024-06-25-14-00-00", "latency": 37}]}, {"location": {"country_code": "de"}, "game_id": "742409", "values": [{"date": "2024-06-25-09-00-00", "latency": 54}]}, {"location": {"country_code": "at"}, "game_id": "742409", "values": [{"date": "2024-06-26-00-00-00", "latency": 74}]}, {"location": {"country_code": "bg", "region": "Sofia-Capital", "city": "Sofia"}, "game_id": "742409", "values": [{"date": "2024-06-25-22-00-00", "latency": 51}, {"date": "2024-06-25-22-00-00", "latency": 51}]}, {"location": {"country_code": "fr"}, "game_id": "742409", "values": [{"date": "2024-06-25-16-00-00", "latency": 38}]}, {"location": {"country_code": "tr"}, "game_id": "742409", "values": [{"date": "2024-06-25-10-00-00", "latency": 75}]}, {"location": {"country_code": "pl"}, "game_id": "742409", "values": [{"date": "2024-06-25-18-00-00", "latency": 50}, {"date": "2024-06-25-18-00-00", "latency": 50}]}, {"location": {"country_code": "ua"}, "game_id": "742409", "values": [{"date": "2024-06-25-03-00-00", "latency": 51}, {"date": "2024-06-25-13-00-00", "latency": 47}]}, {"location": {"country_code": "es", "region": "Madrid"}, "game_id": "742409", "values": [{"date": "2024-06-25-17-00-00", "latency": 50}]}, {"location": {"country_code": "tr", "region": "Marmara Bolgesi", "city": "Tuzla"}, "game_id": "742409", "values": [{"date": "2024-06-25-21-00-00", "latency": 71}]}], "last_updated": 1719927582.752393}