{"data": [{"location": {"country_code": "us"}, "game_id": "319965", "values": [{"date": "2021-07-14-05-00-00", "latency": "81"}, {"date": "2021-07-14-05-00-00", "latency": "81"}, {"date": "2021-07-14-05-00-00", "latency": "81"}, {"date": "2021-07-14-05-00-00", "latency": "81"}, {"date": "2021-07-14-05-00-00", "latency": "81"}, {"date": "2021-07-15-00-00-00", "latency": "84"}, {"date": "2021-07-15-00-00-00", "latency": "84"}, {"date": "2021-07-15-00-00-00", "latency": "84"}, {"date": "2021-07-15-00-00-00", "latency": "84"}, {"date": "2021-07-14-07-00-00", "latency": "58"}, {"date": "2021-07-14-07-00-00", "latency": "58"}, {"date": "2021-07-14-07-00-00", "latency": "58"}, {"date": "2021-07-15-02-00-00", "latency": "50"}, {"date": "2021-07-15-02-00-00", "latency": "50"}, {"date": "2021-07-15-02-00-00", "latency": "50"}, {"date": "2021-07-15-02-00-00", "latency": "50"}, {"date": "2021-07-15-02-00-00", "latency": "50"}, {"date": "2021-07-15-02-00-00", "latency": "50"}, {"date": "2021-07-15-02-00-00", "latency": "50"}, {"date": "2021-07-15-02-00-00", "latency": "50"}, {"date": "2021-07-15-02-00-00", "latency": "50"}, {"date": "2021-07-15-02-00-00", "latency": "50"}, {"date": "2021-07-15-02-00-00", "latency": "50"}, {"date": "2021-07-15-02-00-00", "latency": "50"}]}, {"location": {"country_code": "us", "region": "Texas", "city": "Austin"}, "game_id": "319965", "values": [{"date": "2021-07-15-00-00-00", "latency": "1"}, {"date": "2021-07-15-00-00-00", "latency": "1"}, {"date": "2021-07-15-00-00-00", "latency": "1"}, {"date": "2021-07-15-00-00-00", "latency": "1"}, {"date": "2021-07-15-00-00-00", "latency": "1"}, {"date": "2021-07-15-00-00-00", "latency": "1"}, {"date": "2021-07-15-00-00-00", "latency": "1"}, {"date": "2021-07-15-00-00-00", "latency": "1"}, {"date": "2021-07-15-00-00-00", "latency": "1"}, {"date": "2021-07-15-00-00-00", "latency": "1"}, {"date": "2021-07-15-00-00-00", "latency": "1"}, {"date": "2021-07-15-00-00-00", "latency": "1"}, {"date": "2021-07-15-00-00-00", "latency": "1"}, {"date": "2021-07-15-00-00-00", "latency": "1"}, {"date": "2021-07-15-00-00-00", "latency": "1"}, {"date": "2021-07-15-00-00-00", "latency": "1"}, {"date": "2021-07-15-00-00-00", "latency": "1"}, {"date": "2021-07-15-00-00-00", "latency": "1"}, {"date": "2021-07-15-00-00-00", "latency": "1"}]}, {"location": {"country_code": "us", "region": "New York", "city": "Jamestown"}, "game_id": "319965", "values": [{"date": "2021-07-14-04-00-00", "latency": "50"}, {"date": "2021-07-14-04-00-00", "latency": "50"}, {"date": "2021-07-14-04-00-00", "latency": "50"}, {"date": "2021-07-14-04-00-00", "latency": "50"}, {"date": "2021-07-14-04-00-00", "latency": "50"}, {"date": "2021-07-14-04-00-00", "latency": "50"}, {"date": "2021-07-14-04-00-00", "latency": "50"}, {"date": "2021-07-14-04-00-00", "latency": "50"}, {"date": "2021-07-14-04-00-00", "latency": "50"}, {"date": "2021-07-14-04-00-00", "latency": "50"}, {"date": "2021-07-14-04-00-00", "latency": "50"}, {"date": "2021-07-14-04-00-00", "latency": "50"}, {"date": "2021-07-14-04-00-00", "latency": "54"}, {"date": "2021-07-14-04-00-00", "latency": "54"}, {"date": "2021-07-14-04-00-00", "latency": "54"}, {"date": "2021-07-14-04-00-00", "latency": "54"}, {"date": "2021-07-14-21-00-00", "latency": "50"}, {"date": "2021-07-14-21-00-00", "latency": "50"}, {"date": "2021-07-14-21-00-00", "latency": "50"}, {"date": "2021-07-14-21-00-00", "latency": "50"}, {"date": "2021-07-14-21-00-00", "latency": "50"}, {"date": "2021-07-14-21-00-00", "latency": "50"}, {"date": "2021-07-14-21-00-00", "latency": "50"}, {"date": "2021-07-14-21-00-00", "latency": "50"}, {"date": "2021-07-14-21-00-00", "latency": "50"}, {"date": "2021-07-14-21-00-00", "latency": "50"}, {"date": "2021-07-14-21-00-00", "latency": "50"}, {"date": "2021-07-14-21-00-00", "latency": "50"}, {"date": "2021-07-14-21-00-00", "latency": "50"}, {"date": "2021-07-14-21-00-00", "latency": "50"}, {"date": "2021-07-14-21-00-00", "latency": "50"}, {"date": "2021-07-14-06-00-00", "latency": "50"}, {"date": "2021-07-14-06-00-00", "latency": "50"}, {"date": "2021-07-14-06-00-00", "latency": "50"}]}, {"location": {"country_code": "us", "region": "Oklahoma"}, "game_id": "319965", "values": [{"date": "2021-07-14-04-00-00", "latency": "70"}, {"date": "2021-07-14-04-00-00", "latency": "70"}, {"date": "2021-07-14-04-00-00", "latency": "70"}, {"date": "2021-07-14-04-00-00", "latency": "70"}, {"date": "2021-07-14-04-00-00", "latency": "70"}, {"date": "2021-07-14-04-00-00", "latency": "70"}, {"date": "2021-07-14-04-00-00", "latency": "70"}, {"date": "2021-07-14-04-00-00", "latency": "70"}, {"date": "2021-07-14-04-00-00", "latency": "70"}, {"date": "2021-07-14-04-00-00", "latency": "70"}, {"date": "2021-07-14-04-00-00", "latency": "70"}, {"date": "2021-07-14-04-00-00", "latency": "70"}, {"date": "2021-07-14-04-00-00", "latency": "70"}, {"date": "2021-07-14-04-00-00", "latency": "70"}, {"date": "2021-07-14-04-00-00", "latency": "70"}]}, {"location": {"country_code": "gb"}, "game_id": "319965", "values": [{"date": "2021-07-14-23-00-00", "latency": "50"}, {"date": "2021-07-14-23-00-00", "latency": "50"}, {"date": "2021-07-15-00-00-00", "latency": "67"}, {"date": "2021-07-15-00-00-00", "latency": "67"}, {"date": "2021-07-15-00-00-00", "latency": "67"}, {"date": "2021-07-15-00-00-00", "latency": "67"}, {"date": "2021-07-15-00-00-00", "latency": "67"}, {"date": "2021-07-15-00-00-00", "latency": "67"}, {"date": "2021-07-15-00-00-00", "latency": "67"}, {"date": "2021-07-15-00-00-00", "latency": "67"}, {"date": "2021-07-15-00-00-00", "latency": "67"}, {"date": "2021-07-15-00-00-00", "latency": "67"}, {"date": "2021-07-15-00-00-00", "latency": "67"}, {"date": "2021-07-15-00-00-00", "latency": "67"}, {"date": "2021-07-15-00-00-00", "latency": "67"}, {"date": "2021-07-15-00-00-00", "latency": "67"}, {"date": "2021-07-15-00-00-00", "latency": "67"}, {"date": "2021-07-15-00-00-00", "latency": "67"}, {"date": "2021-07-15-00-00-00", "latency": "67"}, {"date": "2021-07-15-00-00-00", "latency": "67"}, {"date": "2021-07-15-01-00-00", "latency": "108"}, {"date": "2021-07-15-01-00-00", "latency": "108"}, {"date": "2021-07-15-01-00-00", "latency": "108"}, {"date": "2021-07-15-01-00-00", "latency": "108"}, {"date": "2021-07-15-01-00-00", "latency": "108"}, {"date": "2021-07-15-01-00-00", "latency": "108"}, {"date": "2021-07-15-01-00-00", "latency": "108"}, {"date": "2021-07-15-01-00-00", "latency": "108"}, {"date": "2021-07-15-01-00-00", "latency": "108"}, {"date": "2021-07-15-01-00-00", "latency": "108"}, {"date": "2021-07-15-00-00-00", "latency": "23"}, {"date": "2021-07-15-00-00-00", "latency": "23"}, {"date": "2021-07-15-00-00-00", "latency": "23"}, {"date": "2021-07-15-00-00-00", "latency": "23"}, {"date": "2021-07-15-00-00-00", "latency": "23"}, {"date": "2021-07-15-00-00-00", "latency": "23"}, {"date": "2021-07-15-00-00-00", "latency": "23"}, {"date": "2021-07-15-00-00-00", "latency": "23"}, {"date": "2021-07-15-00-00-00", "latency": "23"}, {"date": "2021-07-15-00-00-00", "latency": "23"}, {"date": "2021-07-15-00-00-00", "latency": "23"}, {"date": "2021-07-15-00-00-00", "latency": "23"}, {"date": "2021-07-15-00-00-00", "latency": "23"}]}, {"location": {"country_code": "cz"}, "game_id": "319965", "values": [{"date": "2021-07-14-21-00-00", "latency": "50"}, {"date": "2021-07-14-21-00-00", "latency": "50"}, {"date": "2021-07-14-22-00-00", "latency": "52"}, {"date": "2021-07-14-22-00-00", "latency": "52"}]}, {"location": {"country_code": "ca"}, "game_id": "319965", "values": [{"date": "2021-07-15-02-00-00", "latency": "98"}, {"date": "2021-07-15-02-00-00", "latency": "98"}, {"date": "2021-07-15-02-00-00", "latency": "98"}, {"date": "2021-07-15-02-00-00", "latency": "98"}, {"date": "2021-07-15-02-00-00", "latency": "98"}, {"date": "2021-07-15-02-00-00", "latency": "98"}, {"date": "2021-07-15-02-00-00", "latency": "98"}, {"date": "2021-07-15-02-00-00", "latency": "98"}, {"date": "2021-07-15-02-00-00", "latency": "98"}, {"date": "2021-07-15-02-00-00", "latency": "98"}, {"date": "2021-07-14-02-00-00", "latency": "65"}, {"date": "2021-07-14-23-00-00", "latency": "74"}, {"date": "2021-07-14-23-00-00", "latency": "74"}, {"date": "2021-07-14-23-00-00", "latency": "74"}, {"date": "2021-07-14-23-00-00", "latency": "74"}, {"date": "2021-07-14-23-00-00", "latency": "74"}, {"date": "2021-07-14-23-00-00", "latency": "74"}, {"date": "2021-07-14-23-00-00", "latency": "74"}, {"date": "2021-07-14-23-00-00", "latency": "74"}, {"date": "2021-07-14-23-00-00", "latency": "74"}, {"date": "2021-07-14-23-00-00", "latency": "74"}, {"date": "2021-07-14-23-00-00", "latency": "74"}, {"date": "2021-07-14-23-00-00", "latency": "74"}, {"date": "2021-07-14-23-00-00", "latency": "74"}]}, {"location": {"country_code": "gb", "region": "England"}, "game_id": "319965", "values": [{"date": "2021-07-15-00-00-00", "latency": "50"}, {"date": "2021-07-15-00-00-00", "latency": "50"}, {"date": "2021-07-15-00-00-00", "latency": "50"}, {"date": "2021-07-15-00-00-00", "latency": "50"}, {"date": "2021-07-15-00-00-00", "latency": "50"}, {"date": "2021-07-15-00-00-00", "latency": "50"}, {"date": "2021-07-15-00-00-00", "latency": "50"}, {"date": "2021-07-15-00-00-00", "latency": "50"}, {"date": "2021-07-15-00-00-00", "latency": "50"}, {"date": "2021-07-14-02-00-00", "latency": "53"}, {"date": "2021-07-14-02-00-00", "latency": "53"}]}, {"location": {"country_code": "de"}, "game_id": "319965", "values": [{"date": "2021-07-15-02-00-00", "latency": "50"}, {"date": "2021-07-15-02-00-00", "latency": "50"}, {"date": "2021-07-15-02-00-00", "latency": "50"}, {"date": "2021-07-15-02-00-00", "latency": "50"}, {"date": "2021-07-15-02-00-00", "latency": "50"}, {"date": "2021-07-15-02-00-00", "latency": "50"}, {"date": "2021-07-15-02-00-00", "latency": "50"}, {"date": "2021-07-15-02-00-00", "latency": "50"}, {"date": "2021-07-15-02-00-00", "latency": "50"}, {"date": "2021-07-15-02-00-00", "latency": "50"}, {"date": "2021-07-15-02-00-00", "latency": "50"}, {"date": "2021-07-15-02-00-00", "latency": "50"}, {"date": "2021-07-15-02-00-00", "latency": "50"}, {"date": "2021-07-15-02-00-00", "latency": "50"}, {"date": "2021-07-15-02-00-00", "latency": "50"}, {"date": "2021-07-15-02-00-00", "latency": "50"}, {"date": "2021-07-15-02-00-00", "latency": "50"}, {"date": "2021-07-14-23-00-00", "latency": "50"}, {"date": "2021-07-14-23-00-00", "latency": "50"}, {"date": "2021-07-14-23-00-00", "latency": "50"}, {"date": "2021-07-14-23-00-00", "latency": "50"}, {"date": "2021-07-14-23-00-00", "latency": "50"}, {"date": "2021-07-14-23-00-00", "latency": "50"}, {"date": "2021-07-14-23-00-00", "latency": "50"}, {"date": "2021-07-14-23-00-00", "latency": "50"}, {"date": "2021-07-14-23-00-00", "latency": "50"}, {"date": "2021-07-14-23-00-00", "latency": "50"}, {"date": "2021-07-14-23-00-00", "latency": "50"}, {"date": "2021-07-14-18-00-00", "latency": "50"}, {"date": "2021-07-14-18-00-00", "latency": "50"}, {"date": "2021-07-14-18-00-00", "latency": "50"}, {"date": "2021-07-14-18-00-00", "latency": "50"}, {"date": "2021-07-14-18-00-00", "latency": "50"}, {"date": "2021-07-15-02-00-00", "latency": "50"}]}, {"location": {"country_code": "us", "region": "Texas"}, "game_id": "319965", "values": [{"date": "2021-07-14-18-00-00", "latency": "134"}]}, {"location": {"country_code": "au", "region": "New South Wales", "city": "Sydney"}, "game_id": "319965", "values": [{"date": "2021-07-14-13-00-00", "latency": "162"}, {"date": "2021-07-14-13-00-00", "latency": "162"}, {"date": "2021-07-14-13-00-00", "latency": "162"}, {"date": "2021-07-14-13-00-00", "latency": "162"}, {"date": "2021-07-14-13-00-00", "latency": "162"}, {"date": "2021-07-14-13-00-00", "latency": "162"}]}, {"location": {"country_code": "us", "region": "Florida"}, "game_id": "319965", "values": [{"date": "2021-07-14-04-00-00", "latency": "50"}, {"date": "2021-07-14-04-00-00", "latency": "50"}, {"date": "2021-07-14-04-00-00", "latency": "50"}, {"date": "2021-07-14-04-00-00", "latency": "50"}, {"date": "2021-07-14-04-00-00", "latency": "50"}, {"date": "2021-07-14-04-00-00", "latency": "50"}, {"date": "2021-07-14-04-00-00", "latency": "50"}, {"date": "2021-07-14-04-00-00", "latency": "50"}, {"date": "2021-07-14-04-00-00", "latency": "50"}, {"date": "2021-07-14-04-00-00", "latency": "50"}, {"date": "2021-07-14-04-00-00", "latency": "50"}, {"date": "2021-07-14-04-00-00", "latency": "50"}, {"date": "2021-07-14-04-00-00", "latency": "50"}]}, {"location": {"country_code": "fr"}, "game_id": "319965", "values": [{"date": "2021-07-14-20-00-00", "latency": "50"}]}, {"location": {"country_code": "us", "region": "New Jersey"}, "game_id": "319965", "values": [{"date": "2021-07-15-00-00-00", "latency": "60"}, {"date": "2021-07-15-00-00-00", "latency": "60"}, {"date": "2021-07-15-00-00-00", "latency": "60"}, {"date": "2021-07-15-00-00-00", "latency": "60"}, {"date": "2021-07-15-00-00-00", "latency": "60"}]}, {"location": {"country_code": "mx"}, "game_id": "319965", "values": [{"date": "2021-07-14-05-00-00", "latency": 50}, {"date": "2021-07-14-05-00-00", "latency": 50}, {"date": "2021-07-14-05-00-00", "latency": 50}, {"date": "2021-07-14-05-00-00", "latency": 50}, {"date": "2021-07-14-05-00-00", "latency": 50}, {"date": "2021-07-14-05-00-00", "latency": 50}, {"date": "2021-07-14-05-00-00", "latency": 50}, {"date": "2021-07-14-05-00-00", "latency": 50}, {"date": "2021-07-14-05-00-00", "latency": 50}, {"date": "2021-07-14-05-00-00", "latency": 50}, {"date": "2021-07-14-05-00-00", "latency": 50}, {"date": "2021-07-14-05-00-00", "latency": 50}, {"date": "2021-07-14-05-00-00", "latency": 50}, {"date": "2021-07-14-05-00-00", "latency": 50}, {"date": "2021-07-14-05-00-00", "latency": 50}, {"date": "2021-07-14-05-00-00", "latency": 50}, {"date": "2021-07-14-05-00-00", "latency": 50}, {"date": "2021-07-14-04-00-00", "latency": "91"}, {"date": "2021-07-14-04-00-00", "latency": "91"}, {"date": "2021-07-14-04-00-00", "latency": "91"}, {"date": "2021-07-14-04-00-00", "latency": "91"}, {"date": "2021-07-14-04-00-00", "latency": "91"}, {"date": "2021-07-14-04-00-00", "latency": "91"}, {"date": "2021-07-14-04-00-00", "latency": "91"}, {"date": "2021-07-14-04-00-00", "latency": "91"}, {"date": "2021-07-14-04-00-00", "latency": "91"}, {"date": "2021-07-14-04-00-00", "latency": "91"}, {"date": "2021-07-14-04-00-00", "latency": "91"}, {"date": "2021-07-14-04-00-00", "latency": "91"}, {"date": "2021-07-14-04-00-00", "latency": "91"}, {"date": "2021-07-14-04-00-00", "latency": "91"}, {"date": "2021-07-14-07-00-00", "latency": "65"}]}, {"location": {"country_code": "mx", "region": "Queretaro"}, "game_id": "319965", "values": [{"date": "2021-07-14-09-00-00", "latency": "71"}, {"date": "2021-07-14-09-00-00", "latency": "71"}, {"date": "2021-07-14-09-00-00", "latency": "71"}, {"date": "2021-07-14-09-00-00", "latency": "71"}, {"date": "2021-07-14-09-00-00", "latency": "71"}, {"date": "2021-07-14-09-00-00", "latency": "71"}, {"date": "2021-07-14-09-00-00", "latency": "71"}, {"date": "2021-07-14-09-00-00", "latency": "71"}, {"date": "2021-07-14-09-00-00", "latency": "71"}, {"date": "2021-07-14-09-00-00", "latency": "71"}, {"date": "2021-07-14-09-00-00", "latency": "71"}, {"date": "2021-07-14-09-00-00", "latency": "71"}, {"date": "2021-07-14-09-00-00", "latency": "71"}, {"date": "2021-07-14-09-00-00", "latency": "71"}]}, {"location": {"country_code": "us", "region": "Ohio"}, "game_id": "319965", "values": [{"date": "2021-07-14-06-00-00", "latency": "79"}, {"date": "2021-07-14-06-00-00", "latency": "79"}, {"date": "2021-07-14-06-00-00", "latency": "79"}, {"date": "2021-07-14-06-00-00", "latency": "79"}, {"date": "2021-07-14-06-00-00", "latency": "79"}, {"date": "2021-07-14-06-00-00", "latency": "79"}, {"date": "2021-07-14-06-00-00", "latency": "79"}, {"date": "2021-07-14-06-00-00", "latency": "79"}, {"date": "2021-07-14-06-00-00", "latency": "79"}]}, {"location": {"country_code": "us", "region": "Nevada", "city": "Las Vegas"}, "game_id": "319965", "values": [{"date": "2021-07-15-01-00-00", "latency": "101"}, {"date": "2021-07-15-01-00-00", "latency": "101"}, {"date": "2021-07-15-01-00-00", "latency": "101"}, {"date": "2021-07-15-01-00-00", "latency": "101"}, {"date": "2021-07-15-01-00-00", "latency": "101"}, {"date": "2021-07-15-01-00-00", "latency": "101"}, {"date": "2021-07-15-01-00-00", "latency": "101"}, {"date": "2021-07-15-01-00-00", "latency": "101"}, {"date": "2021-07-15-01-00-00", "latency": "101"}, {"date": "2021-07-15-01-00-00", "latency": "101"}, {"date": "2021-07-15-01-00-00", "latency": "101"}, {"date": "2021-07-15-01-00-00", "latency": "101"}, {"date": "2021-07-15-01-00-00", "latency": "101"}, {"date": "2021-07-15-01-00-00", "latency": "101"}, {"date": "2021-07-15-01-00-00", "latency": "101"}, {"date": "2021-07-15-01-00-00", "latency": "101"}, {"date": "2021-07-15-01-00-00", "latency": "101"}, {"date": "2021-07-15-01-00-00", "latency": "101"}, {"date": "2021-07-15-01-00-00", "latency": "101"}, {"date": "2021-07-15-01-00-00", "latency": "101"}, {"date": "2021-07-15-01-00-00", "latency": "101"}]}, {"location": {"country_code": "br"}, "game_id": "319965", "values": [{"date": "2021-07-14-23-00-00", "latency": "138"}, {"date": "2021-07-14-23-00-00", "latency": "138"}, {"date": "2021-07-14-23-00-00", "latency": "138"}, {"date": "2021-07-14-23-00-00", "latency": "138"}, {"date": "2021-07-14-23-00-00", "latency": "138"}, {"date": "2021-07-14-23-00-00", "latency": "138"}, {"date": "2021-07-14-23-00-00", "latency": "138"}, {"date": "2021-07-14-23-00-00", "latency": "138"}, {"date": "2021-07-14-23-00-00", "latency": "138"}, {"date": "2021-07-14-23-00-00", "latency": "138"}, {"date": "2021-07-14-23-00-00", "latency": "138"}]}, {"location": {"country_code": "br", "region": "Sao Paulo", "city": "Apiai"}, "game_id": "319965", "values": [{"date": "2021-07-14-05-00-00", "latency": "139"}, {"date": "2021-07-14-05-00-00", "latency": "139"}, {"date": "2021-07-14-05-00-00", "latency": "139"}, {"date": "2021-07-14-05-00-00", "latency": "139"}, {"date": "2021-07-14-05-00-00", "latency": "139"}, {"date": "2021-07-14-05-00-00", "latency": "139"}, {"date": "2021-07-14-05-00-00", "latency": "139"}, {"date": "2021-07-14-05-00-00", "latency": "139"}, {"date": "2021-07-14-05-00-00", "latency": "139"}, {"date": "2021-07-14-05-00-00", "latency": "139"}, {"date": "2021-07-14-05-00-00", "latency": "139"}, {"date": "2021-07-14-05-00-00", "latency": "139"}, {"date": "2021-07-14-05-00-00", "latency": "139"}, {"date": "2021-07-14-05-00-00", "latency": "139"}, {"date": "2021-07-14-05-00-00", "latency": "139"}, {"date": "2021-07-14-05-00-00", "latency": "139"}, {"date": "2021-07-14-05-00-00", "latency": "139"}, {"date": "2021-07-14-05-00-00", "latency": "139"}, {"date": "2021-07-14-05-00-00", "latency": "139"}, {"date": "2021-07-14-05-00-00", "latency": "139"}]}, {"location": {"country_code": "au", "region": "Victoria", "city": "Melbourne"}, "game_id": "319965", "values": [{"date": "2021-07-14-12-00-00", "latency": "95"}]}, {"location": {"country_code": "ca", "region": "Ontario"}, "game_id": "319965", "values": [{"date": "2021-07-14-03-00-00", "latency": "82"}, {"date": "2021-07-14-03-00-00", "latency": "82"}, {"date": "2021-07-14-03-00-00", "latency": "82"}, {"date": "2021-07-14-03-00-00", "latency": "82"}]}, {"location": {"country_code": "us", "region": "California", "city": "San Francisco"}, "game_id": "319965", "values": [{"date": "2021-07-14-07-00-00", "latency": "94"}, {"date": "2021-07-14-07-00-00", "latency": "94"}, {"date": "2021-07-14-07-00-00", "latency": "94"}, {"date": "2021-07-14-07-00-00", "latency": "94"}, {"date": "2021-07-14-07-00-00", "latency": "94"}, {"date": "2021-07-14-07-00-00", "latency": "94"}, {"date": "2021-07-14-07-00-00", "latency": "94"}, {"date": "2021-07-14-07-00-00", "latency": "94"}, {"date": "2021-07-14-07-00-00", "latency": "94"}]}, {"location": {"country_code": "sa"}, "game_id": "319965", "values": [{"date": "2021-07-14-22-00-00", "latency": "79"}, {"date": "2021-07-14-22-00-00", "latency": "79"}, {"date": "2021-07-14-22-00-00", "latency": "79"}]}, {"location": {"country_code": "us", "region": "Virginia"}, "game_id": "319965", "values": [{"date": "2021-07-14-05-00-00", "latency": "50"}, {"date": "2021-07-14-05-00-00", "latency": "50"}, {"date": "2021-07-14-05-00-00", "latency": "50"}, {"date": "2021-07-14-05-00-00", "latency": "50"}, {"date": "2021-07-14-07-00-00", "latency": "106"}, {"date": "2021-07-14-07-00-00", "latency": "106"}]}, {"location": {"country_code": "us", "region": "Texas", "city": "Houston"}, "game_id": "319965", "values": [{"date": "2021-07-14-21-00-00", "latency": "64"}, {"date": "2021-07-14-21-00-00", "latency": "64"}, {"date": "2021-07-14-21-00-00", "latency": "64"}, {"date": "2021-07-14-21-00-00", "latency": "64"}, {"date": "2021-07-14-21-00-00", "latency": "64"}, {"date": "2021-07-14-21-00-00", "latency": "64"}, {"date": "2021-07-14-06-00-00", "latency": "50"}, {"date": "2021-07-15-01-00-00", "latency": "66"}, {"date": "2021-07-15-01-00-00", "latency": "66"}, {"date": "2021-07-15-01-00-00", "latency": "66"}, {"date": "2021-07-15-01-00-00", "latency": "66"}]}, {"location": {"country_code": "us", "region": "Alaska"}, "game_id": "319965", "values": [{"date": "2021-07-14-03-00-00", "latency": "40"}, {"date": "2021-07-14-03-00-00", "latency": "40"}, {"date": "2021-07-14-03-00-00", "latency": "40"}, {"date": "2021-07-14-03-00-00", "latency": "40"}, {"date": "2021-07-14-03-00-00", "latency": "40"}, {"date": "2021-07-14-03-00-00", "latency": "40"}, {"date": "2021-07-14-03-00-00", "latency": "40"}, {"date": "2021-07-14-03-00-00", "latency": "40"}]}, {"location": {"country_code": "us", "region": "South Carolina"}, "game_id": "319965", "values": [{"date": "2021-07-15-02-00-00", "latency": "50"}, {"date": "2021-07-15-02-00-00", "latency": "50"}, {"date": "2021-07-15-02-00-00", "latency": "50"}, {"date": "2021-07-15-02-00-00", "latency": "50"}, {"date": "2021-07-15-02-00-00", "latency": "50"}, {"date": "2021-07-15-02-00-00", "latency": "50"}]}, {"location": {"country_code": "us", "region": "Utah"}, "game_id": "319965", "values": [{"date": "2021-07-14-09-00-00", "latency": "50"}, {"date": "2021-07-14-09-00-00", "latency": "50"}, {"date": "2021-07-14-09-00-00", "latency": "50"}, {"date": "2021-07-14-09-00-00", "latency": "50"}, {"date": "2021-07-14-09-00-00", "latency": "50"}, {"date": "2021-07-14-09-00-00", "latency": "50"}, {"date": "2021-07-14-09-00-00", "latency": "50"}, {"date": "2021-07-14-09-00-00", "latency": "50"}, {"date": "2021-07-14-09-00-00", "latency": "50"}, {"date": "2021-07-14-09-00-00", "latency": "50"}, {"date": "2021-07-14-09-00-00", "latency": "50"}, {"date": "2021-07-14-09-00-00", "latency": "50"}, {"date": "2021-07-14-09-00-00", "latency": "50"}]}, {"location": {"country_code": "pl"}, "game_id": "319965", "values": [{"date": "2021-07-14-23-00-00", "latency": "50"}, {"date": "2021-07-14-23-00-00", "latency": "50"}]}, {"location": {"country_code": "be"}, "game_id": "319965", "values": [{"date": "2021-07-14-16-00-00", "latency": "50"}, {"date": "2021-07-14-16-00-00", "latency": "50"}, {"date": "2021-07-14-16-00-00", "latency": "50"}, {"date": "2021-07-14-16-00-00", "latency": "50"}, {"date": "2021-07-14-16-00-00", "latency": "50"}, {"date": "2021-07-14-16-00-00", "latency": "50"}, {"date": "2021-07-14-16-00-00", "latency": "50"}, {"date": "2021-07-14-16-00-00", "latency": "50"}, {"date": "2021-07-14-16-00-00", "latency": "50"}, {"date": "2021-07-14-16-00-00", "latency": "50"}, {"date": "2021-07-14-16-00-00", "latency": "50"}]}, {"location": {"country_code": "ie"}, "game_id": "319965", "values": [{"date": "2021-07-14-22-00-00", "latency": "50"}, {"date": "2021-07-14-22-00-00", "latency": "50"}, {"date": "2021-07-14-22-00-00", "latency": "50"}, {"date": "2021-07-14-22-00-00", "latency": "50"}, {"date": "2021-07-14-22-00-00", "latency": "50"}, {"date": "2021-07-14-22-00-00", "latency": "50"}, {"date": "2021-07-14-22-00-00", "latency": "50"}, {"date": "2021-07-14-22-00-00", "latency": "50"}]}, {"location": {"country_code": "pe"}, "game_id": "319965", "values": [{"date": "2021-07-14-10-00-00", "latency": "97"}, {"date": "2021-07-14-10-00-00", "latency": "97"}, {"date": "2021-07-14-10-00-00", "latency": "97"}, {"date": "2021-07-14-10-00-00", "latency": "97"}, {"date": "2021-07-14-10-00-00", "latency": "97"}, {"date": "2021-07-14-10-00-00", "latency": "97"}, {"date": "2021-07-14-10-00-00", "latency": "97"}, {"date": "2021-07-14-10-00-00", "latency": "97"}, {"date": "2021-07-14-10-00-00", "latency": "97"}, {"date": "2021-07-14-10-00-00", "latency": "97"}, {"date": "2021-07-14-10-00-00", "latency": "97"}, {"date": "2021-07-14-10-00-00", "latency": "97"}, {"date": "2021-07-14-10-00-00", "latency": "97"}, {"date": "2021-07-14-10-00-00", "latency": "97"}, {"date": "2021-07-14-10-00-00", "latency": "97"}, {"date": "2021-07-14-10-00-00", "latency": "97"}, {"date": "2021-07-14-10-00-00", "latency": "97"}, {"date": "2021-07-14-10-00-00", "latency": "97"}]}, {"location": {"country_code": "ca", "region": "Ontario", "city": "Toronto"}, "game_id": "319965", "values": [{"date": "2021-07-15-00-00-00", "latency": "0"}, {"date": "2021-07-15-00-00-00", "latency": "0"}, {"date": "2021-07-15-00-00-00", "latency": "0"}, {"date": "2021-07-15-00-00-00", "latency": "0"}, {"date": "2021-07-14-21-00-00", "latency": "50"}, {"date": "2021-07-14-21-00-00", "latency": "50"}, {"date": "2021-07-14-21-00-00", "latency": "50"}, {"date": "2021-07-14-21-00-00", "latency": "50"}, {"date": "2021-07-14-21-00-00", "latency": "50"}, {"date": "2021-07-14-21-00-00", "latency": "50"}, {"date": "2021-07-14-21-00-00", "latency": "50"}, {"date": "2021-07-14-21-00-00", "latency": "50"}, {"date": "2021-07-14-21-00-00", "latency": "50"}, {"date": "2021-07-14-21-00-00", "latency": "50"}, {"date": "2021-07-14-21-00-00", "latency": "50"}, {"date": "2021-07-14-21-00-00", "latency": "50"}, {"date": "2021-07-14-21-00-00", "latency": "50"}, {"date": "2021-07-14-21-00-00", "latency": "50"}, {"date": "2021-07-14-21-00-00", "latency": "50"}, {"date": "2021-07-14-21-00-00", "latency": "50"}, {"date": "2021-07-14-21-00-00", "latency": "50"}, {"date": "2021-07-14-21-00-00", "latency": "50"}, {"date": "2021-07-14-21-00-00", "latency": "50"}, {"date": "2021-07-14-21-00-00", "latency": "50"}, {"date": "2021-07-14-21-00-00", "latency": "50"}, {"date": "2021-07-14-21-00-00", "latency": "50"}, {"date": "2021-07-14-21-00-00", "latency": "50"}, {"date": "2021-07-14-21-00-00", "latency": "50"}, {"date": "2021-07-14-21-00-00", "latency": "50"}, {"date": "2021-07-14-21-00-00", "latency": "50"}, {"date": "2021-07-14-21-00-00", "latency": "50"}, {"date": "2021-07-14-21-00-00", "latency": "50"}, {"date": "2021-07-14-21-00-00", "latency": "50"}, {"date": "2021-07-14-21-00-00", "latency": "50"}, {"date": "2021-07-14-21-00-00", "latency": "50"}, {"date": "2021-07-14-05-00-00", "latency": "50"}, {"date": "2021-07-14-05-00-00", "latency": "50"}, {"date": "2021-07-14-05-00-00", "latency": "50"}, {"date": "2021-07-14-05-00-00", "latency": "50"}, {"date": "2021-07-14-05-00-00", "latency": "50"}, {"date": "2021-07-14-05-00-00", "latency": "50"}, {"date": "2021-07-14-05-00-00", "latency": "50"}, {"date": "2021-07-14-05-00-00", "latency": "50"}, {"date": "2021-07-14-05-00-00", "latency": "50"}, {"date": "2021-07-14-05-00-00", "latency": "50"}]}, {"location": {"country_code": "fr", "region": "Pays de la Loire Region", "city": "Louzes"}, "game_id": "319965", "values": [{"date": "2021-07-15-02-00-00", "latency": "50"}, {"date": "2021-07-15-02-00-00", "latency": "50"}, {"date": "2021-07-15-02-00-00", "latency": "50"}, {"date": "2021-07-15-02-00-00", "latency": "50"}, {"date": "2021-07-15-02-00-00", "latency": "50"}, {"date": "2021-07-15-02-00-00", "latency": "50"}, {"date": "2021-07-15-02-00-00", "latency": "50"}, {"date": "2021-07-15-02-00-00", "latency": "50"}]}, {"location": {"country_code": "us", "region": "Illinois"}, "game_id": "319965", "values": [{"date": "2021-07-14-04-00-00", "latency": "76"}, {"date": "2021-07-14-04-00-00", "latency": "76"}, {"date": "2021-07-14-04-00-00", "latency": "76"}, {"date": "2021-07-14-04-00-00", "latency": "76"}, {"date": "2021-07-14-04-00-00", "latency": "76"}, {"date": "2021-07-14-04-00-00", "latency": "76"}, {"date": "2021-07-14-04-00-00", "latency": "76"}, {"date": "2021-07-14-04-00-00", "latency": "76"}]}, {"location": {"country_code": "cl", "region": "Santiago Metropolitan", "city": "Santiago"}, "game_id": "319965", "values": [{"date": "2021-07-14-02-00-00", "latency": "179"}]}, {"location": {"country_code": "pt", "region": "Lisbon District", "city": "Cascais"}, "game_id": "319965", "values": [{"date": "2021-07-14-18-00-00", "latency": "150"}, {"date": "2021-07-14-18-00-00", "latency": "150"}, {"date": "2021-07-14-18-00-00", "latency": "150"}, {"date": "2021-07-14-18-00-00", "latency": "150"}]}, {"location": {"country_code": "us", "region": "Colorado"}, "game_id": "319965", "values": [{"date": "2021-07-14-08-00-00", "latency": "50"}, {"date": "2021-07-14-08-00-00", "latency": "50"}, {"date": "2021-07-14-08-00-00", "latency": "50"}, {"date": "2021-07-14-08-00-00", "latency": "50"}, {"date": "2021-07-14-08-00-00", "latency": "50"}, {"date": "2021-07-14-08-00-00", "latency": "50"}, {"date": "2021-07-14-08-00-00", "latency": "50"}, {"date": "2021-07-14-08-00-00", "latency": "50"}, {"date": "2021-07-14-08-00-00", "latency": "50"}, {"date": "2021-07-14-08-00-00", "latency": "50"}, {"date": "2021-07-14-08-00-00", "latency": "50"}, {"date": "2021-07-14-08-00-00", "latency": "50"}]}, {"location": {"country_code": "us", "region": "New Hampshire"}, "game_id": "319965", "values": [{"date": "2021-07-14-04-00-00", "latency": "50"}, {"date": "2021-07-14-04-00-00", "latency": "50"}, {"date": "2021-07-14-04-00-00", "latency": "50"}, {"date": "2021-07-14-04-00-00", "latency": "50"}, {"date": "2021-07-14-04-00-00", "latency": "50"}, {"date": "2021-07-14-04-00-00", "latency": "50"}, {"date": "2021-07-14-04-00-00", "latency": "50"}, {"date": "2021-07-14-04-00-00", "latency": "50"}, {"date": "2021-07-14-04-00-00", "latency": "50"}, {"date": "2021-07-14-04-00-00", "latency": "50"}, {"date": "2021-07-14-04-00-00", "latency": "50"}, {"date": "2021-07-14-04-00-00", "latency": "50"}]}, {"location": {"country_code": "uy", "region": "Montevideo Department", "city": "Montevideo"}, "game_id": "319965", "values": [{"date": "2021-07-14-02-00-00", "latency": "188"}, {"date": "2021-07-14-02-00-00", "latency": "188"}]}, {"location": {"country_code": "us", "region": "Texas", "city": "Arlington"}, "game_id": "319965", "values": [{"date": "2021-07-14-04-00-00", "latency": "56"}, {"date": "2021-07-14-04-00-00", "latency": "56"}, {"date": "2021-07-14-04-00-00", "latency": "56"}, {"date": "2021-07-14-04-00-00", "latency": "56"}, {"date": "2021-07-14-04-00-00", "latency": "56"}, {"date": "2021-07-14-04-00-00", "latency": "56"}, {"date": "2021-07-14-04-00-00", "latency": "56"}, {"date": "2021-07-14-04-00-00", "latency": "56"}, {"date": "2021-07-14-04-00-00", "latency": "56"}, {"date": "2021-07-14-04-00-00", "latency": "56"}, {"date": "2021-07-14-04-00-00", "latency": "56"}, {"date": "2021-07-14-04-00-00", "latency": "56"}, {"date": "2021-07-14-04-00-00", "latency": "56"}, {"date": "2021-07-14-04-00-00", "latency": "56"}, {"date": "2021-07-14-04-00-00", "latency": "56"}, {"date": "2021-07-14-04-00-00", "latency": "56"}, {"date": "2021-07-14-04-00-00", "latency": "56"}]}, {"location": {"country_code": "es", "region": "Andalusia", "city": "Almeria"}, "game_id": "319965", "values": [{"date": "2021-07-15-02-00-00", "latency": "125"}, {"date": "2021-07-15-02-00-00", "latency": "125"}, {"date": "2021-07-15-02-00-00", "latency": "125"}, {"date": "2021-07-15-02-00-00", "latency": "125"}, {"date": "2021-07-15-02-00-00", "latency": "125"}, {"date": "2021-07-15-02-00-00", "latency": "125"}, {"date": "2021-07-15-02-00-00", "latency": "125"}, {"date": "2021-07-15-02-00-00", "latency": "125"}]}, {"location": {"country_code": "cn", "region": "Hong Kong"}, "game_id": "319965", "values": [{"date": "2021-07-14-09-00-00", "latency": "50"}]}, {"location": {"country_code": "jp", "region": "Kyoto", "city": "Kyoto"}, "game_id": "319965", "values": [{"date": "2021-07-14-20-00-00", "latency": "50"}, {"date": "2021-07-14-20-00-00", "latency": "50"}]}, {"location": {"country_code": "gb", "region": "England", "city": "Liverpool"}, "game_id": "319965", "values": [{"date": "2021-07-14-17-00-00", "latency": "30"}, {"date": "2021-07-14-17-00-00", "latency": "30"}, {"date": "2021-07-14-17-00-00", "latency": "30"}, {"date": "2021-07-14-17-00-00", "latency": "30"}, {"date": "2021-07-14-17-00-00", "latency": "30"}, {"date": "2021-07-14-17-00-00", "latency": "30"}]}, {"location": {"country_code": "pt", "region": "Lisbon District", "city": "Amadora"}, "game_id": "319965", "values": [{"date": "2021-07-15-00-00-00", "latency": "54"}, {"date": "2021-07-15-00-00-00", "latency": "54"}, {"date": "2021-07-15-00-00-00", "latency": "54"}, {"date": "2021-07-15-00-00-00", "latency": "54"}, {"date": "2021-07-15-00-00-00", "latency": "54"}, {"date": "2021-07-15-00-00-00", "latency": "54"}, {"date": "2021-07-15-00-00-00", "latency": "54"}, {"date": "2021-07-15-00-00-00", "latency": "54"}, {"date": "2021-07-15-00-00-00", "latency": "54"}, {"date": "2021-07-15-00-00-00", "latency": "54"}, {"date": "2021-07-15-00-00-00", "latency": "54"}, {"date": "2021-07-15-00-00-00", "latency": "54"}]}, {"location": {"country_code": "us", "region": "Texas", "city": "Irving"}, "game_id": "319965", "values": [{"date": "2021-07-14-15-00-00", "latency": "50"}, {"date": "2021-07-14-15-00-00", "latency": "50"}, {"date": "2021-07-14-15-00-00", "latency": "50"}]}, {"location": {"country_code": "ru", "region": "Kamchatka", "city": "Nikolskoye"}, "game_id": "319965", "values": [{"date": "2021-07-15-01-00-00", "latency": "50"}, {"date": "2021-07-15-01-00-00", "latency": "50"}, {"date": "2021-07-15-01-00-00", "latency": "50"}, {"date": "2021-07-15-01-00-00", "latency": "50"}, {"date": "2021-07-15-01-00-00", "latency": "50"}, {"date": "2021-07-15-01-00-00", "latency": "50"}, {"date": "2021-07-15-01-00-00", "latency": "50"}, {"date": "2021-07-15-01-00-00", "latency": "50"}, {"date": "2021-07-15-01-00-00", "latency": "50"}, {"date": "2021-07-15-01-00-00", "latency": "50"}, {"date": "2021-07-15-01-00-00", "latency": "50"}, {"date": "2021-07-15-01-00-00", "latency": "50"}, {"date": "2021-07-15-01-00-00", "latency": "50"}]}, {"location": {"country_code": "us", "region": "Mississippi"}, "game_id": "319965", "values": [{"date": "2021-07-14-11-00-00", "latency": "73"}, {"date": "2021-07-14-11-00-00", "latency": "73"}, {"date": "2021-07-14-11-00-00", "latency": "73"}, {"date": "2021-07-14-11-00-00", "latency": "73"}, {"date": "2021-07-14-11-00-00", "latency": "73"}, {"date": "2021-07-14-11-00-00", "latency": "73"}, {"date": "2021-07-14-11-00-00", "latency": "73"}, {"date": "2021-07-14-11-00-00", "latency": "73"}, {"date": "2021-07-14-11-00-00", "latency": "73"}, {"date": "2021-07-14-11-00-00", "latency": "73"}, {"date": "2021-07-14-11-00-00", "latency": "73"}, {"date": "2021-07-14-11-00-00", "latency": "73"}]}, {"location": {"country_code": "pt", "region": "Northern Mariana Islands", "city": "Porto"}, "game_id": "319965", "values": [{"date": "2021-07-15-01-00-00", "latency": "163"}, {"date": "2021-07-15-01-00-00", "latency": "163"}, {"date": "2021-07-15-01-00-00", "latency": "163"}, {"date": "2021-07-15-01-00-00", "latency": "163"}, {"date": "2021-07-15-01-00-00", "latency": "163"}, {"date": "2021-07-15-01-00-00", "latency": "163"}, {"date": "2021-07-15-01-00-00", "latency": "163"}, {"date": "2021-07-15-01-00-00", "latency": "163"}, {"date": "2021-07-15-01-00-00", "latency": "163"}, {"date": "2021-07-15-01-00-00", "latency": "163"}, {"date": "2021-07-15-01-00-00", "latency": "163"}, {"date": "2021-07-15-01-00-00", "latency": "163"}, {"date": "2021-07-15-01-00-00", "latency": "163"}, {"date": "2021-07-15-01-00-00", "latency": "163"}, {"date": "2021-07-15-01-00-00", "latency": "163"}]}, {"location": {"country_code": "gb", "region": "Scotland", "city": "Glasgow"}, "game_id": "319965", "values": [{"date": "2021-07-15-00-00-00", "latency": "19"}, {"date": "2021-07-15-00-00-00", "latency": "19"}]}, {"location": {"country_code": "gb", "region": "England", "city": "Sheffield"}, "game_id": "319965", "values": [{"date": "2021-07-14-03-00-00", "latency": "4"}, {"date": "2021-07-14-03-00-00", "latency": "4"}, {"date": "2021-07-14-03-00-00", "latency": "4"}, {"date": "2021-07-14-03-00-00", "latency": "4"}, {"date": "2021-07-14-03-00-00", "latency": "4"}, {"date": "2021-07-14-03-00-00", "latency": "4"}, {"date": "2021-07-14-03-00-00", "latency": "4"}, {"date": "2021-07-14-03-00-00", "latency": "4"}, {"date": "2021-07-14-03-00-00", "latency": "4"}]}, {"location": {"country_code": "us", "region": "New York"}, "game_id": "319965", "values": [{"date": "2021-07-14-05-00-00", "latency": "73"}, {"date": "2021-07-14-05-00-00", "latency": "73"}, {"date": "2021-07-14-05-00-00", "latency": "73"}, {"date": "2021-07-14-05-00-00", "latency": "73"}, {"date": "2021-07-14-05-00-00", "latency": "73"}]}, {"location": {"country_code": "fr", "region": "Centre-Val de Loire", "city": "Tours"}, "game_id": "319965", "values": [{"date": "2021-07-15-00-00-00", "latency": "50"}, {"date": "2021-07-15-00-00-00", "latency": "50"}, {"date": "2021-07-15-00-00-00", "latency": "50"}, {"date": "2021-07-15-00-00-00", "latency": "50"}]}, {"location": {"country_code": "us", "region": "Alabama", "city": "Auburn"}, "game_id": "319965", "values": [{"date": "2021-07-15-02-00-00", "latency": "4"}]}, {"location": {"country_code": "de", "region": "Bavaria", "city": "Hilpoltstein"}, "game_id": "319965", "values": [{"date": "2021-07-14-22-00-00", "latency": "50"}, {"date": "2021-07-14-22-00-00", "latency": "50"}]}, {"location": {"country_code": "pt", "region": "Northern Mariana Islands", "city": "Santa Maria da Feira"}, "game_id": "319965", "values": [{"date": "2021-07-14-03-00-00", "latency": "53"}, {"date": "2021-07-14-03-00-00", "latency": "53"}, {"date": "2021-07-14-03-00-00", "latency": "53"}, {"date": "2021-07-14-03-00-00", "latency": "53"}, {"date": "2021-07-14-03-00-00", "latency": "53"}, {"date": "2021-07-14-03-00-00", "latency": "53"}, {"date": "2021-07-14-03-00-00", "latency": "53"}, {"date": "2021-07-14-03-00-00", "latency": "53"}, {"date": "2021-07-14-03-00-00", "latency": "53"}, {"date": "2021-07-14-03-00-00", "latency": "53"}, {"date": "2021-07-14-03-00-00", "latency": "53"}, {"date": "2021-07-14-03-00-00", "latency": "53"}]}, {"location": {"country_code": "gb", "region": "England", "city": "Andover"}, "game_id": "319965", "values": [{"date": "2021-07-14-17-00-00", "latency": "4"}, {"date": "2021-07-14-17-00-00", "latency": "4"}, {"date": "2021-07-14-17-00-00", "latency": "4"}, {"date": "2021-07-14-17-00-00", "latency": "4"}, {"date": "2021-07-14-17-00-00", "latency": "4"}, {"date": "2021-07-14-17-00-00", "latency": "4"}]}, {"location": {"country_code": "us", "region": "Ohio", "city": "Saint Paris"}, "game_id": "319965", "values": [{"date": "2021-07-14-07-00-00", "latency": "2"}, {"date": "2021-07-14-07-00-00", "latency": "2"}, {"date": "2021-07-14-07-00-00", "latency": "2"}, {"date": "2021-07-14-07-00-00", "latency": "2"}, {"date": "2021-07-14-07-00-00", "latency": "2"}, {"date": "2021-07-14-07-00-00", "latency": "2"}, {"date": "2021-07-14-07-00-00", "latency": "2"}, {"date": "2021-07-14-07-00-00", "latency": "2"}, {"date": "2021-07-14-07-00-00", "latency": "2"}]}, {"location": {"country_code": "cz", "region": "Liberecky kraj", "city": "Liberec"}, "game_id": "319965", "values": [{"date": "2021-07-14-20-00-00", "latency": "50"}]}, {"location": {"country_code": "de", "region": "North Rhine-Westphalia", "city": "Villau"}, "game_id": "319965", "values": [{"date": "2021-07-14-17-00-00", "latency": "50"}, {"date": "2021-07-14-17-00-00", "latency": "50"}, {"date": "2021-07-14-17-00-00", "latency": "50"}, {"date": "2021-07-14-17-00-00", "latency": "50"}, {"date": "2021-07-14-17-00-00", "latency": "50"}, {"date": "2021-07-14-17-00-00", "latency": "50"}, {"date": "2021-07-14-17-00-00", "latency": "50"}, {"date": "2021-07-14-17-00-00", "latency": "50"}, {"date": "2021-07-14-17-00-00", "latency": "50"}, {"date": "2021-07-14-17-00-00", "latency": "50"}, {"date": "2021-07-14-17-00-00", "latency": "50"}, {"date": "2021-07-14-17-00-00", "latency": "50"}]}, {"location": {"country_code": "dk", "region": "Brenderup"}, "game_id": "319965", "values": [{"date": "2021-07-15-01-00-00", "latency": "50"}, {"date": "2021-07-15-01-00-00", "latency": "50"}, {"date": "2021-07-15-01-00-00", "latency": "50"}, {"date": "2021-07-15-01-00-00", "latency": "50"}, {"date": "2021-07-15-01-00-00", "latency": "50"}, {"date": "2021-07-15-01-00-00", "latency": "50"}, {"date": "2021-07-15-01-00-00", "latency": "50"}, {"date": "2021-07-15-01-00-00", "latency": "50"}, {"date": "2021-07-15-01-00-00", "latency": "50"}, {"date": "2021-07-15-01-00-00", "latency": "50"}, {"date": "2021-07-15-01-00-00", "latency": "50"}, {"date": "2021-07-15-01-00-00", "latency": "50"}]}], "last_updated": 1719915098.031131}