{"data": [{"location": {"country_code": "ca"}, "game_id": "319965", "values": [{"date": "2022-06-25-04-00-00", "latency": 57}, {"date": "2022-06-25-04-00-00", "latency": 57}, {"date": "2022-06-25-04-00-00", "latency": 57}, {"date": "2022-06-25-04-00-00", "latency": 57}, {"date": "2022-06-25-04-00-00", "latency": 57}, {"date": "2022-06-25-04-00-00", "latency": 57}, {"date": "2022-06-25-04-00-00", "latency": 57}, {"date": "2022-06-25-04-00-00", "latency": 57}, {"date": "2022-06-25-04-00-00", "latency": 57}, {"date": "2022-06-25-04-00-00", "latency": 57}, {"date": "2022-06-25-04-00-00", "latency": 57}, {"date": "2022-06-25-04-00-00", "latency": 57}, {"date": "2022-06-25-04-00-00", "latency": 57}, {"date": "2022-06-25-04-00-00", "latency": 57}, {"date": "2022-06-25-04-00-00", "latency": 57}, {"date": "2022-06-25-04-00-00", "latency": 57}, {"date": "2022-06-25-04-00-00", "latency": 57}, {"date": "2022-06-25-04-00-00", "latency": 57}, {"date": "2022-06-25-04-00-00", "latency": 57}, {"date": "2022-06-25-04-00-00", "latency": 57}]}, {"location": {"country_code": "us", "region": "Texas", "city": "Irving"}, "game_id": "319965", "values": [{"date": "2022-06-25-04-00-00", "latency": 50}, {"date": "2022-06-25-04-00-00", "latency": 50}, {"date": "2022-06-25-04-00-00", "latency": 50}, {"date": "2022-06-25-04-00-00", "latency": 50}, {"date": "2022-06-25-04-00-00", "latency": 50}, {"date": "2022-06-25-04-00-00", "latency": 50}, {"date": "2022-06-25-04-00-00", "latency": 50}, {"date": "2022-06-25-04-00-00", "latency": 50}, {"date": "2022-06-25-04-00-00", "latency": 50}, {"date": "2022-06-25-04-00-00", "latency": 50}, {"date": "2022-06-25-04-00-00", "latency": 50}, {"date": "2022-06-25-04-00-00", "latency": 50}]}, {"location": {"country_code": "mx"}, "game_id": "319965", "values": [{"date": "2022-06-25-07-00-00", "latency": 70}, {"date": "2022-06-25-07-00-00", "latency": 70}, {"date": "2022-06-25-07-00-00", "latency": 70}, {"date": "2022-06-25-07-00-00", "latency": 70}, {"date": "2022-06-25-07-00-00", "latency": 70}, {"date": "2022-06-25-07-00-00", "latency": 70}, {"date": "2022-06-25-07-00-00", "latency": 70}, {"date": "2022-06-25-07-00-00", "latency": 70}, {"date": "2022-06-25-08-00-00", "latency": 83}, {"date": "2022-06-25-08-00-00", "latency": 83}, {"date": "2022-06-25-08-00-00", "latency": 83}, {"date": "2022-06-25-08-00-00", "latency": 83}, {"date": "2022-06-25-08-00-00", "latency": 83}]}, {"location": {"country_code": "bo"}, "game_id": "319965", "values": [{"date": "2022-06-25-05-00-00", "latency": 190}, {"date": "2022-06-25-05-00-00", "latency": 190}, {"date": "2022-06-25-05-00-00", "latency": 190}, {"date": "2022-06-25-05-00-00", "latency": 190}, {"date": "2022-06-25-05-00-00", "latency": 190}, {"date": "2022-06-25-05-00-00", "latency": 190}, {"date": "2022-06-25-05-00-00", "latency": 190}, {"date": "2022-06-25-05-00-00", "latency": 190}, {"date": "2022-06-25-05-00-00", "latency": 190}, {"date": "2022-06-25-05-00-00", "latency": 190}, {"date": "2022-06-25-05-00-00", "latency": 190}, {"date": "2022-06-25-05-00-00", "latency": 190}, {"date": "2022-06-25-05-00-00", "latency": 190}, {"date": "2022-06-25-05-00-00", "latency": 190}, {"date": "2022-06-25-05-00-00", "latency": 190}, {"date": "2022-06-25-05-00-00", "latency": 190}, {"date": "2022-06-25-05-00-00", "latency": 190}, {"date": "2022-06-25-05-00-00", "latency": 190}]}, {"location": {"country_code": "us", "region": "Alaska"}, "game_id": "319965", "values": [{"date": "2022-06-25-04-00-00", "latency": 112}, {"date": "2022-06-25-04-00-00", "latency": 112}, {"date": "2022-06-25-04-00-00", "latency": 112}, {"date": "2022-06-25-04-00-00", "latency": 112}, {"date": "2022-06-25-04-00-00", "latency": 112}, {"date": "2022-06-25-04-00-00", "latency": 112}, {"date": "2022-06-25-04-00-00", "latency": 112}, {"date": "2022-06-25-04-00-00", "latency": 112}, {"date": "2022-06-25-04-00-00", "latency": 112}, {"date": "2022-06-25-04-00-00", "latency": 112}]}], "last_updated": 1719926530.365067}