{"data": [{"location": {"country_code": "ch"}, "game_id": "116088", "values": [{"date": "2021-12-27-21-00-00", "latency": 5}]}, {"location": {"country_code": "ph"}, "game_id": "116088", "values": [{"date": "2021-12-27-16-00-00", "latency": 46}, {"date": "2021-12-27-16-00-00", "latency": 46}, {"date": "2021-12-27-16-00-00", "latency": 46}, {"date": "2021-12-27-16-00-00", "latency": 46}, {"date": "2021-12-27-16-00-00", "latency": 46}]}, {"location": {"country_code": "fr"}, "game_id": "116088", "values": [{"date": "2021-12-27-22-00-00", "latency": 3}]}, {"location": {"country_code": "rs"}, "game_id": "116088", "values": [{"date": "2021-12-27-21-00-00", "latency": 3}]}, {"location": {"country_code": "br"}, "game_id": "116088", "values": [{"date": "2021-12-27-15-00-00", "latency": 0}]}, {"location": {"country_code": "br", "region": "Paraiba"}, "game_id": "116088", "values": [{"date": "2021-12-28-01-00-00", "latency": 82}]}, {"location": {"country_code": "us", "region": "California", "city": "East Los Angeles"}, "game_id": "116088", "values": [{"date": "2021-12-27-16-00-00", "latency": 6}, {"date": "2021-12-27-16-00-00", "latency": 6}]}, {"location": {"country_code": "au"}, "game_id": "116088", "values": [{"date": "2021-12-27-09-00-00", "latency": 91}, {"date": "2021-12-27-09-00-00", "latency": 91}]}, {"location": {"country_code": "ca", "region": "Ontario"}, "game_id": "116088", "values": [{"date": "2021-12-27-23-00-00", "latency": 28}, {"date": "2021-12-27-23-00-00", "latency": 28}, {"date": "2021-12-27-23-00-00", "latency": 28}]}, {"location": {"country_code": "ar", "region": "Buenos Aires F.D.", "city": "Bahia Blanca"}, "game_id": "116088", "values": [{"date": "2021-12-27-22-00-00", "latency": 3}]}, {"location": {"country_code": "at", "region": "Vienna"}, "game_id": "116088", "values": [{"date": "2021-12-27-22-00-00", "latency": 1}]}, {"location": {"country_code": "ua"}, "game_id": "116088", "values": [{"date": "2021-12-27-18-00-00", "latency": 23}, {"date": "2021-12-27-17-00-00", "latency": 3}]}, {"location": {"country_code": "ru"}, "game_id": "116088", "values": [{"date": "2021-12-27-20-00-00", "latency": 46}, {"date": "2021-12-27-20-00-00", "latency": 46}, {"date": "2021-12-27-20-00-00", "latency": 46}, {"date": "2021-12-27-19-00-00", "latency": 36}, {"date": "2021-12-27-19-00-00", "latency": 36}, {"date": "2021-12-27-19-00-00", "latency": 36}, {"date": "2021-12-27-19-00-00", "latency": 36}]}, {"location": {"country_code": "ir"}, "game_id": "116088", "values": [{"date": "2021-12-27-18-00-00", "latency": 90}]}, {"location": {"country_code": "us", "region": "Colorado"}, "game_id": "116088", "values": [{"date": "2021-12-27-21-00-00", "latency": 45}]}, {"location": {"country_code": "ec", "region": "Pastaza", "city": "Puyo"}, "game_id": "116088", "values": [{"date": "2021-12-27-02-00-00", "latency": 104}, {"date": "2021-12-27-02-00-00", "latency": 104}, {"date": "2021-12-27-02-00-00", "latency": 104}]}, {"location": {"country_code": "ru", "region": "Novosibirsk Oblast", "city": "Novosibirsk"}, "game_id": "116088", "values": [{"date": "2021-12-27-12-00-00", "latency": 66}, {"date": "2021-12-27-12-00-00", "latency": 66}, {"date": "2021-12-27-12-00-00", "latency": 66}]}, {"location": {"country_code": "cn", "region": "Beijing Municipality", "city": "Daxing"}, "game_id": "116088", "values": [{"date": "2021-12-27-06-00-00", "latency": 46}, {"date": "2021-12-27-06-00-00", "latency": 46}, {"date": "2021-12-27-06-00-00", "latency": 46}, {"date": "2021-12-27-06-00-00", "latency": 46}, {"date": "2021-12-27-06-00-00", "latency": 46}, {"date": "2021-12-27-06-00-00", "latency": 46}]}, {"location": {"country_code": "il"}, "game_id": "116088", "values": [{"date": "2021-12-27-19-00-00", "latency": 85}, {"date": "2021-12-27-19-00-00", "latency": 85}]}, {"location": {"country_code": "ru", "region": "Krasnodar Krai", "city": "Novorossiysk"}, "game_id": "116088", "values": [{"date": "2021-12-27-20-00-00", "latency": 4}]}, {"location": {"country_code": "se", "region": "Vasternorrland County", "city": "Sundsvall"}, "game_id": "116088", "values": [{"date": "2021-12-27-17-00-00", "latency": 8}, {"date": "2021-12-27-17-00-00", "latency": 8}]}, {"location": {"country_code": "ru", "region": "Irkutsk Oblast", "city": "Bratsk"}, "game_id": "116088", "values": [{"date": "2021-12-27-20-00-00", "latency": 1}, {"date": "2021-12-27-20-00-00", "latency": 1}]}], "last_updated": 1719919371.32545}