{"data": [{"location": {"country_code": "us"}, "game_id": "464426", "values": [{"date": "2023-11-10-13-00-00", "latency": 32}, {"date": "2023-11-10-13-00-00", "latency": 32}, {"date": "2023-11-10-13-00-00", "latency": 32}, {"date": "2023-11-10-11-00-00", "latency": 107}, {"date": "2023-11-10-11-00-00", "latency": 107}, {"date": "2023-11-10-11-00-00", "latency": 107}, {"date": "2023-11-10-11-00-00", "latency": 107}, {"date": "2023-11-10-11-00-00", "latency": 107}, {"date": "2023-11-10-05-00-00", "latency": 57}, {"date": "2023-11-10-05-00-00", "latency": 57}, {"date": "2023-11-10-05-00-00", "latency": 57}, {"date": "2023-11-10-07-00-00", "latency": 66}, {"date": "2023-11-10-07-00-00", "latency": 66}, {"date": "2023-11-10-07-00-00", "latency": 66}, {"date": "2023-11-10-07-00-00", "latency": 66}, {"date": "2023-11-10-07-00-00", "latency": 66}, {"date": "2023-11-10-07-00-00", "latency": 66}, {"date": "2023-11-10-15-00-00", "latency": 45}, {"date": "2023-11-10-15-00-00", "latency": 45}, {"date": "2023-11-10-15-00-00", "latency": 45}, {"date": "2023-11-10-15-00-00", "latency": 45}, {"date": "2023-11-10-15-00-00", "latency": 45}, {"date": "2023-11-10-15-00-00", "latency": 45}, {"date": "2023-11-10-15-00-00", "latency": 45}, {"date": "2023-11-10-15-00-00", "latency": 45}, {"date": "2023-11-10-15-00-00", "latency": 45}, {"date": "2023-11-10-08-00-00", "latency": 859}, {"date": "2023-11-10-08-00-00", "latency": 859}, {"date": "2023-11-10-07-00-00", "latency": 38}, {"date": "2023-11-10-07-00-00", "latency": 38}, {"date": "2023-11-10-07-00-00", "latency": 38}, {"date": "2023-11-10-07-00-00", "latency": 38}, {"date": "2023-11-10-07-00-00", "latency": 38}, {"date": "2023-11-10-07-00-00", "latency": 38}, {"date": "2023-11-10-07-00-00", "latency": 38}, {"date": "2023-11-10-07-00-00", "latency": 38}, {"date": "2023-11-10-07-00-00", "latency": 38}, {"date": "2023-11-10-07-00-00", "latency": 38}, {"date": "2023-11-10-04-00-00", "latency": 41}, {"date": "2023-11-10-04-00-00", "latency": 41}, {"date": "2023-11-10-04-00-00", "latency": 41}, {"date": "2023-11-10-04-00-00", "latency": 41}, {"date": "2023-11-10-04-00-00", "latency": 41}, {"date": "2023-11-10-11-00-00", "latency": 42}, {"date": "2023-11-10-11-00-00", "latency": 42}, {"date": "2023-11-10-11-00-00", "latency": 42}, {"date": "2023-11-10-11-00-00", "latency": 42}, {"date": "2023-11-10-07-00-00", "latency": 42}, {"date": "2023-11-10-05-00-00", "latency": 72}, {"date": "2023-11-10-05-00-00", "latency": 72}, {"date": "2023-11-10-05-00-00", "latency": 72}, {"date": "2023-11-10-05-00-00", "latency": 72}, {"date": "2023-11-10-05-00-00", "latency": 72}, {"date": "2023-11-10-05-00-00", "latency": 72}, {"date": "2023-11-10-05-00-00", "latency": 72}, {"date": "2023-11-10-05-00-00", "latency": 260}, {"date": "2023-11-10-05-00-00", "latency": 260}, {"date": "2023-11-10-05-00-00", "latency": 260}, {"date": "2023-11-10-11-00-00", "latency": 85}, {"date": "2023-11-10-11-00-00", "latency": 85}, {"date": "2023-11-10-15-00-00", "latency": 39}, {"date": "2023-11-10-15-00-00", "latency": 39}, {"date": "2023-11-10-15-00-00", "latency": 39}, {"date": "2023-11-10-15-00-00", "latency": 39}, {"date": "2023-11-10-15-00-00", "latency": 39}, {"date": "2023-11-10-15-00-00", "latency": 39}, {"date": "2023-11-10-15-00-00", "latency": 39}, {"date": "2023-11-10-15-00-00", "latency": 39}, {"date": "2023-11-10-09-00-00", "latency": 69}, {"date": "2023-11-10-09-00-00", "latency": 69}, {"date": "2023-11-10-04-00-00", "latency": 39}]}, {"location": {"country_code": "sv"}, "game_id": "464426", "values": [{"date": "2023-11-10-08-00-00", "latency": 79}, {"date": "2023-11-10-08-00-00", "latency": 79}, {"date": "2023-11-10-08-00-00", "latency": 79}, {"date": "2023-11-10-08-00-00", "latency": 79}, {"date": "2023-11-10-08-00-00", "latency": 79}, {"date": "2023-11-10-05-00-00", "latency": 113}, {"date": "2023-11-10-05-00-00", "latency": 113}, {"date": "2023-11-10-05-00-00", "latency": 113}, {"date": "2023-11-10-05-00-00", "latency": 113}, {"date": "2023-11-10-05-00-00", "latency": 113}, {"date": "2023-11-10-05-00-00", "latency": 113}, {"date": "2023-11-10-05-00-00", "latency": 113}, {"date": "2023-11-10-05-00-00", "latency": 113}, {"date": "2023-11-10-05-00-00", "latency": 113}, {"date": "2023-11-10-05-00-00", "latency": 113}, {"date": "2023-11-10-05-00-00", "latency": 113}, {"date": "2023-11-10-05-00-00", "latency": 113}, {"date": "2023-11-10-05-00-00", "latency": 113}]}, {"location": {"country_code": "us", "region": "State of Maine"}, "game_id": "464426", "values": [{"date": "2023-11-10-08-00-00", "latency": 32}, {"date": "2023-11-10-08-00-00", "latency": 32}, {"date": "2023-11-10-08-00-00", "latency": 32}, {"date": "2023-11-10-08-00-00", "latency": 32}, {"date": "2023-11-10-08-00-00", "latency": 32}, {"date": "2023-11-10-08-00-00", "latency": 32}, {"date": "2023-11-10-08-00-00", "latency": 32}, {"date": "2023-11-10-08-00-00", "latency": 32}, {"date": "2023-11-10-08-00-00", "latency": 32}, {"date": "2023-11-10-08-00-00", "latency": 32}, {"date": "2023-11-10-08-00-00", "latency": 32}]}, {"location": {"country_code": "us", "region": "Florida"}, "game_id": "464426", "values": [{"date": "2023-11-10-16-00-00", "latency": 78}, {"date": "2023-11-10-16-00-00", "latency": 78}, {"date": "2023-11-10-16-00-00", "latency": 78}, {"date": "2023-11-10-11-00-00", "latency": 143}, {"date": "2023-11-10-11-00-00", "latency": 143}, {"date": "2023-11-10-11-00-00", "latency": 143}, {"date": "2023-11-10-03-00-00", "latency": 56}, {"date": "2023-11-10-03-00-00", "latency": 56}, {"date": "2023-11-10-03-00-00", "latency": 56}, {"date": "2023-11-10-05-00-00", "latency": 63}, {"date": "2023-11-10-05-00-00", "latency": 63}, {"date": "2023-11-10-05-00-00", "latency": 63}]}, {"location": {"country_code": "gb"}, "game_id": "464426", "values": [{"date": "2023-11-10-02-00-00", "latency": 68}]}, {"location": {"country_code": "nl"}, "game_id": "464426", "values": [{"date": "2023-11-10-15-00-00", "latency": 25}, {"date": "2023-11-10-04-00-00", "latency": 36}, {"date": "2023-11-10-04-00-00", "latency": 36}, {"date": "2023-11-10-04-00-00", "latency": 36}, {"date": "2023-11-10-04-00-00", "latency": 36}]}, {"location": {"country_code": "mx", "region": "Guanajuato"}, "game_id": "464426", "values": [{"date": "2023-11-10-02-00-00", "latency": 83}]}, {"location": {"country_code": "it"}, "game_id": "464426", "values": [{"date": "2023-11-10-15-00-00", "latency": 32}, {"date": "2023-11-10-14-00-00", "latency": 37}, {"date": "2023-11-10-14-00-00", "latency": 37}, {"date": "2023-11-10-14-00-00", "latency": 37}]}, {"location": {"country_code": "jp"}, "game_id": "464426", "values": [{"date": "2023-11-10-14-00-00", "latency": 261}, {"date": "2023-11-10-14-00-00", "latency": 261}, {"date": "2023-11-10-14-00-00", "latency": 261}, {"date": "2023-11-10-14-00-00", "latency": 261}, {"date": "2023-11-10-14-00-00", "latency": 261}, {"date": "2023-11-10-14-00-00", "latency": 261}, {"date": "2023-11-10-14-00-00", "latency": 261}, {"date": "2023-11-10-14-00-00", "latency": 261}, {"date": "2023-11-10-14-00-00", "latency": 261}, {"date": "2023-11-10-14-00-00", "latency": 261}, {"date": "2023-11-10-14-00-00", "latency": 261}, {"date": "2023-11-10-14-00-00", "latency": 261}, {"date": "2023-11-10-14-00-00", "latency": 261}]}, {"location": {"country_code": "ca"}, "game_id": "464426", "values": [{"date": "2023-11-10-03-00-00", "latency": 66}, {"date": "2023-11-10-03-00-00", "latency": 66}, {"date": "2023-11-10-16-00-00", "latency": 59}, {"date": "2023-11-10-16-00-00", "latency": 59}, {"date": "2023-11-10-16-00-00", "latency": 59}, {"date": "2023-11-10-09-00-00", "latency": 73}, {"date": "2023-11-10-09-00-00", "latency": 73}, {"date": "2023-11-10-15-00-00", "latency": 56}, {"date": "2023-11-10-15-00-00", "latency": 56}, {"date": "2023-11-10-15-00-00", "latency": 56}, {"date": "2023-11-10-15-00-00", "latency": 56}, {"date": "2023-11-10-15-00-00", "latency": 56}, {"date": "2023-11-10-15-00-00", "latency": 56}, {"date": "2023-11-10-15-00-00", "latency": 56}, {"date": "2023-11-10-15-00-00", "latency": 56}, {"date": "2023-11-10-15-00-00", "latency": 56}, {"date": "2023-11-10-15-00-00", "latency": 56}, {"date": "2023-11-10-15-00-00", "latency": 56}, {"date": "2023-11-10-15-00-00", "latency": 56}, {"date": "2023-11-10-15-00-00", "latency": 56}, {"date": "2023-11-10-15-00-00", "latency": 56}, {"date": "2023-11-10-15-00-00", "latency": 56}, {"date": "2023-11-10-15-00-00", "latency": 56}, {"date": "2023-11-10-15-00-00", "latency": 56}, {"date": "2023-11-10-15-00-00", "latency": 56}, {"date": "2023-11-10-15-00-00", "latency": 56}, {"date": "2023-11-10-15-00-00", "latency": 56}, {"date": "2023-11-10-15-00-00", "latency": 56}, {"date": "2023-11-10-15-00-00", "latency": 56}, {"date": "2023-11-10-15-00-00", "latency": 56}, {"date": "2023-11-10-15-00-00", "latency": 56}, {"date": "2023-11-10-15-00-00", "latency": 56}, {"date": "2023-11-10-15-00-00", "latency": 56}]}, {"location": {"country_code": "ca", "region": "Alberta"}, "game_id": "464426", "values": [{"date": "2023-11-10-10-00-00", "latency": 69}, {"date": "2023-11-10-10-00-00", "latency": 69}, {"date": "2023-11-10-10-00-00", "latency": 69}, {"date": "2023-11-10-10-00-00", "latency": 69}, {"date": "2023-11-10-10-00-00", "latency": 69}, {"date": "2023-11-10-10-00-00", "latency": 69}, {"date": "2023-11-10-10-00-00", "latency": 69}, {"date": "2023-11-10-10-00-00", "latency": 69}, {"date": "2023-11-10-10-00-00", "latency": 69}, {"date": "2023-11-10-10-00-00", "latency": 69}, {"date": "2023-11-10-10-00-00", "latency": 69}, {"date": "2023-11-10-10-00-00", "latency": 69}]}, {"location": {"country_code": "de"}, "game_id": "464426", "values": [{"date": "2023-11-10-05-00-00", "latency": 170}, {"date": "2023-11-10-05-00-00", "latency": 170}, {"date": "2023-11-10-02-00-00", "latency": 65}]}, {"location": {"country_code": "de", "region": "Bremen", "city": "Bremen"}, "game_id": "464426", "values": [{"date": "2023-11-10-14-00-00", "latency": 21}, {"date": "2023-11-10-14-00-00", "latency": 21}, {"date": "2023-11-10-14-00-00", "latency": 21}]}, {"location": {"country_code": "cl"}, "game_id": "464426", "values": [{"date": "2023-11-10-03-00-00", "latency": 94}, {"date": "2023-11-10-03-00-00", "latency": 94}, {"date": "2023-11-10-05-00-00", "latency": 51}, {"date": "2023-11-10-05-00-00", "latency": 51}, {"date": "2023-11-10-05-00-00", "latency": 51}, {"date": "2023-11-10-05-00-00", "latency": 51}, {"date": "2023-11-10-05-00-00", "latency": 51}, {"date": "2023-11-10-06-00-00", "latency": 58}, {"date": "2023-11-10-06-00-00", "latency": 58}, {"date": "2023-11-10-06-00-00", "latency": 58}, {"date": "2023-11-10-06-00-00", "latency": 58}, {"date": "2023-11-10-06-00-00", "latency": 58}, {"date": "2023-11-10-06-00-00", "latency": 58}]}, {"location": {"country_code": "us", "region": "Texas"}, "game_id": "464426", "values": [{"date": "2023-11-10-05-00-00", "latency": 58}, {"date": "2023-11-10-05-00-00", "latency": 58}, {"date": "2023-11-10-05-00-00", "latency": 58}, {"date": "2023-11-10-06-00-00", "latency": 76}, {"date": "2023-11-10-06-00-00", "latency": 76}, {"date": "2023-11-10-06-00-00", "latency": 76}, {"date": "2023-11-10-06-00-00", "latency": 76}, {"date": "2023-11-10-03-00-00", "latency": 155}, {"date": "2023-11-10-03-00-00", "latency": 155}, {"date": "2023-11-10-03-00-00", "latency": 155}, {"date": "2023-11-10-03-00-00", "latency": 155}, {"date": "2023-11-10-03-00-00", "latency": 155}, {"date": "2023-11-10-03-00-00", "latency": 155}, {"date": "2023-11-10-03-00-00", "latency": 155}, {"date": "2023-11-10-03-00-00", "latency": 155}, {"date": "2023-11-10-08-00-00", "latency": 22}, {"date": "2023-11-10-08-00-00", "latency": 22}, {"date": "2023-11-10-08-00-00", "latency": 22}, {"date": "2023-11-10-08-00-00", "latency": 22}, {"date": "2023-11-10-08-00-00", "latency": 22}, {"date": "2023-11-10-08-00-00", "latency": 22}, {"date": "2023-11-10-08-00-00", "latency": 22}, {"date": "2023-11-10-08-00-00", "latency": 22}, {"date": "2023-11-10-07-00-00", "latency": 81}, {"date": "2023-11-10-07-00-00", "latency": 81}, {"date": "2023-11-10-07-00-00", "latency": 81}, {"date": "2023-11-10-07-00-00", "latency": 81}, {"date": "2023-11-10-07-00-00", "latency": 81}, {"date": "2023-11-10-07-00-00", "latency": 81}, {"date": "2023-11-10-07-00-00", "latency": 81}]}, {"location": {"country_code": "au", "region": "New South Wales", "city": "Sydney"}, "game_id": "464426", "values": [{"date": "2023-11-10-16-00-00", "latency": 105}]}, {"location": {"country_code": "us", "region": "North Carolina"}, "game_id": "464426", "values": [{"date": "2023-11-10-05-00-00", "latency": 56}, {"date": "2023-11-10-05-00-00", "latency": 56}, {"date": "2023-11-10-05-00-00", "latency": 56}]}, {"location": {"country_code": "fr"}, "game_id": "464426", "values": [{"date": "2023-11-10-09-00-00", "latency": 145}, {"date": "2023-11-10-12-00-00", "latency": 35}, {"date": "2023-11-10-10-00-00", "latency": 66}, {"date": "2023-11-10-02-00-00", "latency": 235}, {"date": "2023-11-10-10-00-00", "latency": 145}, {"date": "2023-11-10-10-00-00", "latency": 145}, {"date": "2023-11-10-10-00-00", "latency": 145}, {"date": "2023-11-10-10-00-00", "latency": 145}, {"date": "2023-11-10-10-00-00", "latency": 145}, {"date": "2023-11-10-10-00-00", "latency": 145}, {"date": "2023-11-10-10-00-00", "latency": 145}, {"date": "2023-11-10-10-00-00", "latency": 145}, {"date": "2023-11-10-10-00-00", "latency": 145}, {"date": "2023-11-10-10-00-00", "latency": 145}, {"date": "2023-11-10-03-00-00", "latency": 69}, {"date": "2023-11-10-03-00-00", "latency": 69}, {"date": "2023-11-10-03-00-00", "latency": 69}, {"date": "2023-11-10-03-00-00", "latency": 69}, {"date": "2023-11-10-03-00-00", "latency": 69}, {"date": "2023-11-10-03-00-00", "latency": 69}, {"date": "2023-11-10-03-00-00", "latency": 69}, {"date": "2023-11-10-03-00-00", "latency": 69}, {"date": "2023-11-10-03-00-00", "latency": 69}, {"date": "2023-11-10-02-00-00", "latency": 42}]}, {"location": {"country_code": "us", "region": "New Jersey"}, "game_id": "464426", "values": [{"date": "2023-11-10-06-00-00", "latency": 24}, {"date": "2023-11-10-06-00-00", "latency": 24}, {"date": "2023-11-10-06-00-00", "latency": 24}]}, {"location": {"country_code": "mx"}, "game_id": "464426", "values": [{"date": "2023-11-10-10-00-00", "latency": 62}, {"date": "2023-11-10-10-00-00", "latency": 62}, {"date": "2023-11-10-10-00-00", "latency": 62}, {"date": "2023-11-10-10-00-00", "latency": 62}, {"date": "2023-11-10-10-00-00", "latency": 62}, {"date": "2023-11-10-05-00-00", "latency": 38}, {"date": "2023-11-10-05-00-00", "latency": 38}, {"date": "2023-11-10-07-00-00", "latency": 69}, {"date": "2023-11-10-11-00-00", "latency": 51}, {"date": "2023-11-10-11-00-00", "latency": 51}, {"date": "2023-11-10-11-00-00", "latency": 51}, {"date": "2023-11-10-11-00-00", "latency": 51}, {"date": "2023-11-10-11-00-00", "latency": 51}, {"date": "2023-11-10-11-00-00", "latency": 51}, {"date": "2023-11-10-11-00-00", "latency": 51}, {"date": "2023-11-10-11-00-00", "latency": 51}, {"date": "2023-11-10-11-00-00", "latency": 51}, {"date": "2023-11-10-11-00-00", "latency": 51}, {"date": "2023-11-10-11-00-00", "latency": 51}, {"date": "2023-11-10-02-00-00", "latency": 76}, {"date": "2023-11-10-07-00-00", "latency": 113}, {"date": "2023-11-10-06-00-00", "latency": 50}, {"date": "2023-11-10-06-00-00", "latency": 50}, {"date": "2023-11-10-06-00-00", "latency": 50}, {"date": "2023-11-10-06-00-00", "latency": 50}, {"date": "2023-11-10-06-00-00", "latency": 50}, {"date": "2023-11-10-06-00-00", "latency": 50}, {"date": "2023-11-10-09-00-00", "latency": 64}, {"date": "2023-11-10-09-00-00", "latency": 64}, {"date": "2023-11-10-09-00-00", "latency": 64}, {"date": "2023-11-10-09-00-00", "latency": 64}, {"date": "2023-11-10-06-00-00", "latency": 91}, {"date": "2023-11-10-06-00-00", "latency": 91}, {"date": "2023-11-10-06-00-00", "latency": 91}, {"date": "2023-11-10-06-00-00", "latency": 91}, {"date": "2023-11-10-06-00-00", "latency": 91}, {"date": "2023-11-10-06-00-00", "latency": 79}, {"date": "2023-11-10-11-00-00", "latency": 62}, {"date": "2023-11-10-11-00-00", "latency": 62}, {"date": "2023-11-10-05-00-00", "latency": 76}, {"date": "2023-11-10-05-00-00", "latency": 76}, {"date": "2023-11-10-05-00-00", "latency": 76}, {"date": "2023-11-10-08-00-00", "latency": 66}, {"date": "2023-11-10-08-00-00", "latency": 66}, {"date": "2023-11-10-08-00-00", "latency": 66}, {"date": "2023-11-10-08-00-00", "latency": 66}, {"date": "2023-11-10-08-00-00", "latency": 66}, {"date": "2023-11-10-08-00-00", "latency": 66}, {"date": "2023-11-10-02-00-00", "latency": 38}, {"date": "2023-11-10-02-00-00", "latency": 38}, {"date": "2023-11-10-02-00-00", "latency": 38}, {"date": "2023-11-10-02-00-00", "latency": 38}, {"date": "2023-11-10-02-00-00", "latency": 38}, {"date": "2023-11-10-09-00-00", "latency": 50}, {"date": "2023-11-10-09-00-00", "latency": 50}, {"date": "2023-11-10-09-00-00", "latency": 50}, {"date": "2023-11-10-02-00-00", "latency": 33}, {"date": "2023-11-10-02-00-00", "latency": 33}, {"date": "2023-11-10-02-00-00", "latency": 33}, {"date": "2023-11-10-02-00-00", "latency": 33}]}, {"location": {"country_code": "mx", "region": "Chihuahua"}, "game_id": "464426", "values": [{"date": "2023-11-10-16-00-00", "latency": 72}, {"date": "2023-11-10-16-00-00", "latency": 72}, {"date": "2023-11-10-16-00-00", "latency": 72}, {"date": "2023-11-10-16-00-00", "latency": 72}]}, {"location": {"country_code": "mx", "region": "Baja California", "city": "Tijuana"}, "game_id": "464426", "values": [{"date": "2023-11-10-07-00-00", "latency": 25}, {"date": "2023-11-10-07-00-00", "latency": 25}, {"date": "2023-11-10-07-00-00", "latency": 25}, {"date": "2023-11-10-07-00-00", "latency": 25}]}, {"location": {"country_code": "us", "region": "Ohio"}, "game_id": "464426", "values": [{"date": "2023-11-10-06-00-00", "latency": 77}, {"date": "2023-11-10-06-00-00", "latency": 77}, {"date": "2023-11-10-06-00-00", "latency": 77}, {"date": "2023-11-10-06-00-00", "latency": 77}, {"date": "2023-11-10-01-00-00", "latency": 489}, {"date": "2023-11-10-05-00-00", "latency": 108}, {"date": "2023-11-10-05-00-00", "latency": 108}, {"date": "2023-11-10-05-00-00", "latency": 108}, {"date": "2023-11-10-05-00-00", "latency": 108}, {"date": "2023-11-10-05-00-00", "latency": 108}, {"date": "2023-11-10-05-00-00", "latency": 108}, {"date": "2023-11-10-05-00-00", "latency": 108}, {"date": "2023-11-10-05-00-00", "latency": 108}, {"date": "2023-11-10-05-00-00", "latency": 108}, {"date": "2023-11-10-05-00-00", "latency": 108}]}, {"location": {"country_code": "mx", "region": "Mexico City"}, "game_id": "464426", "values": [{"date": "2023-11-10-07-00-00", "latency": 70}, {"date": "2023-11-10-07-00-00", "latency": 70}, {"date": "2023-11-10-07-00-00", "latency": 70}, {"date": "2023-11-10-07-00-00", "latency": 70}, {"date": "2023-11-10-07-00-00", "latency": 70}, {"date": "2023-11-10-07-00-00", "latency": 70}, {"date": "2023-11-10-07-00-00", "latency": 45}, {"date": "2023-11-10-07-00-00", "latency": 45}, {"date": "2023-11-10-07-00-00", "latency": 45}, {"date": "2023-11-10-04-00-00", "latency": 70}, {"date": "2023-11-10-04-00-00", "latency": 70}, {"date": "2023-11-10-04-00-00", "latency": 70}, {"date": "2023-11-10-04-00-00", "latency": 70}, {"date": "2023-11-10-04-00-00", "latency": 70}, {"date": "2023-11-10-04-00-00", "latency": 79}, {"date": "2023-11-10-04-00-00", "latency": 79}, {"date": "2023-11-10-04-00-00", "latency": 66}, {"date": "2023-11-10-04-00-00", "latency": 66}, {"date": "2023-11-10-04-00-00", "latency": 66}, {"date": "2023-11-10-04-00-00", "latency": 66}, {"date": "2023-11-10-04-00-00", "latency": 66}, {"date": "2023-11-10-04-00-00", "latency": 66}]}, {"location": {"country_code": "us", "region": "California"}, "game_id": "464426", "values": [{"date": "2023-11-10-05-00-00", "latency": 77}, {"date": "2023-11-10-07-00-00", "latency": 23}, {"date": "2023-11-10-07-00-00", "latency": 58}, {"date": "2023-11-10-07-00-00", "latency": 58}]}, {"location": {"country_code": "br"}, "game_id": "464426", "values": [{"date": "2023-11-10-15-00-00", "latency": 149}, {"date": "2023-11-10-15-00-00", "latency": 149}, {"date": "2023-11-10-15-00-00", "latency": 149}, {"date": "2023-11-10-15-00-00", "latency": 149}, {"date": "2023-11-10-15-00-00", "latency": 149}, {"date": "2023-11-10-15-00-00", "latency": 149}, {"date": "2023-11-10-15-00-00", "latency": 149}, {"date": "2023-11-10-15-00-00", "latency": 149}, {"date": "2023-11-10-15-00-00", "latency": 149}, {"date": "2023-11-10-15-00-00", "latency": 149}, {"date": "2023-11-10-15-00-00", "latency": 149}, {"date": "2023-11-10-15-00-00", "latency": 149}, {"date": "2023-11-10-15-00-00", "latency": 149}, {"date": "2023-11-10-04-00-00", "latency": 151}, {"date": "2023-11-10-04-00-00", "latency": 151}, {"date": "2023-11-10-04-00-00", "latency": 151}, {"date": "2023-11-10-04-00-00", "latency": 151}, {"date": "2023-11-10-05-00-00", "latency": 117}, {"date": "2023-11-10-05-00-00", "latency": 117}, {"date": "2023-11-10-05-00-00", "latency": 117}, {"date": "2023-11-10-05-00-00", "latency": 117}, {"date": "2023-11-10-05-00-00", "latency": 117}, {"date": "2023-11-10-05-00-00", "latency": 117}, {"date": "2023-11-10-05-00-00", "latency": 117}, {"date": "2023-11-10-04-00-00", "latency": 47}]}, {"location": {"country_code": "br", "region": "Sao Paulo", "city": "Apiai"}, "game_id": "464426", "values": [{"date": "2023-11-10-13-00-00", "latency": 129}, {"date": "2023-11-10-13-00-00", "latency": 129}, {"date": "2023-11-10-13-00-00", "latency": 129}, {"date": "2023-11-10-13-00-00", "latency": 129}, {"date": "2023-11-10-13-00-00", "latency": 129}, {"date": "2023-11-10-13-00-00", "latency": 129}, {"date": "2023-11-10-09-00-00", "latency": 127}, {"date": "2023-11-10-09-00-00", "latency": 127}, {"date": "2023-11-10-09-00-00", "latency": 127}, {"date": "2023-11-10-09-00-00", "latency": 127}, {"date": "2023-11-10-09-00-00", "latency": 127}, {"date": "2023-11-10-09-00-00", "latency": 127}, {"date": "2023-11-10-09-00-00", "latency": 127}]}, {"location": {"country_code": "ir"}, "game_id": "464426", "values": [{"date": "2023-11-10-16-00-00", "latency": 128}, {"date": "2023-11-10-16-00-00", "latency": 128}, {"date": "2023-11-10-16-00-00", "latency": 128}, {"date": "2023-11-10-16-00-00", "latency": 128}, {"date": "2023-11-10-16-00-00", "latency": 128}, {"date": "2023-11-10-16-00-00", "latency": 128}, {"date": "2023-11-10-16-00-00", "latency": 128}]}, {"location": {"country_code": "no"}, "game_id": "464426", "values": [{"date": "2023-11-10-13-00-00", "latency": 37}, {"date": "2023-11-10-13-00-00", "latency": 37}, {"date": "2023-11-10-13-00-00", "latency": 37}, {"date": "2023-11-10-13-00-00", "latency": 37}, {"date": "2023-11-10-13-00-00", "latency": 37}, {"date": "2023-11-10-13-00-00", "latency": 37}]}, {"location": {"country_code": "us", "region": "California", "city": "East Los Angeles"}, "game_id": "464426", "values": [{"date": "2023-11-10-11-00-00", "latency": 52}, {"date": "2023-11-10-11-00-00", "latency": 52}, {"date": "2023-11-10-11-00-00", "latency": 52}, {"date": "2023-11-10-11-00-00", "latency": 52}, {"date": "2023-11-10-11-00-00", "latency": 52}, {"date": "2023-11-10-11-00-00", "latency": 52}, {"date": "2023-11-10-11-00-00", "latency": 52}, {"date": "2023-11-10-11-00-00", "latency": 52}, {"date": "2023-11-10-11-00-00", "latency": 52}, {"date": "2023-11-10-11-00-00", "latency": 52}, {"date": "2023-11-10-11-00-00", "latency": 52}, {"date": "2023-11-10-11-00-00", "latency": 52}, {"date": "2023-11-10-11-00-00", "latency": 52}, {"date": "2023-11-10-11-00-00", "latency": 52}, {"date": "2023-11-10-11-00-00", "latency": 52}, {"date": "2023-11-10-11-00-00", "latency": 52}, {"date": "2023-11-10-11-00-00", "latency": 52}, {"date": "2023-11-10-11-00-00", "latency": 52}, {"date": "2023-11-10-11-00-00", "latency": 52}, {"date": "2023-11-10-11-00-00", "latency": 52}, {"date": "2023-11-10-11-00-00", "latency": 52}, {"date": "2023-11-10-11-00-00", "latency": 52}, {"date": "2023-11-10-11-00-00", "latency": 52}, {"date": "2023-11-10-11-00-00", "latency": 52}, {"date": "2023-11-10-11-00-00", "latency": 52}, {"date": "2023-11-10-11-00-00", "latency": 52}, {"date": "2023-11-10-11-00-00", "latency": 44}, {"date": "2023-11-10-11-00-00", "latency": 44}, {"date": "2023-11-10-11-00-00", "latency": 44}, {"date": "2023-11-10-11-00-00", "latency": 44}, {"date": "2023-11-10-11-00-00", "latency": 44}, {"date": "2023-11-10-11-00-00", "latency": 44}, {"date": "2023-11-10-11-00-00", "latency": 44}, {"date": "2023-11-10-12-00-00", "latency": 71}, {"date": "2023-11-10-12-00-00", "latency": 71}, {"date": "2023-11-10-12-00-00", "latency": 71}, {"date": "2023-11-10-12-00-00", "latency": 71}, {"date": "2023-11-10-12-00-00", "latency": 71}, {"date": "2023-11-10-12-00-00", "latency": 71}, {"date": "2023-11-10-12-00-00", "latency": 71}, {"date": "2023-11-10-12-00-00", "latency": 71}, {"date": "2023-11-10-08-00-00", "latency": 60}, {"date": "2023-11-10-08-00-00", "latency": 60}, {"date": "2023-11-10-08-00-00", "latency": 60}, {"date": "2023-11-10-08-00-00", "latency": 60}, {"date": "2023-11-10-08-00-00", "latency": 60}, {"date": "2023-11-10-08-00-00", "latency": 60}]}, {"location": {"country_code": "us", "region": "Ohio", "city": "Cincinnati"}, "game_id": "464426", "values": [{"date": "2023-11-10-08-00-00", "latency": 17}]}, {"location": {"country_code": "us", "region": "Maryland", "city": "Dundalk"}, "game_id": "464426", "values": [{"date": "2023-11-10-08-00-00", "latency": 20}, {"date": "2023-11-10-08-00-00", "latency": 20}, {"date": "2023-11-10-08-00-00", "latency": 20}]}, {"location": {"country_code": "ec"}, "game_id": "464426", "values": [{"date": "2023-11-10-03-00-00", "latency": 54}, {"date": "2023-11-10-03-00-00", "latency": 54}, {"date": "2023-11-10-03-00-00", "latency": 54}, {"date": "2023-11-10-03-00-00", "latency": 54}, {"date": "2023-11-10-03-00-00", "latency": 54}, {"date": "2023-11-10-03-00-00", "latency": 54}, {"date": "2023-11-10-03-00-00", "latency": 54}]}, {"location": {"country_code": "au"}, "game_id": "464426", "values": [{"date": "2023-11-10-11-00-00", "latency": 110}, {"date": "2023-11-10-11-00-00", "latency": 110}]}, {"location": {"country_code": "au", "region": "Victoria", "city": "Melbourne"}, "game_id": "464426", "values": [{"date": "2023-11-10-13-00-00", "latency": 278}]}, {"location": {"country_code": "br", "region": "Goias", "city": "Catalao"}, "game_id": "464426", "values": [{"date": "2023-11-10-07-00-00", "latency": 51}, {"date": "2023-11-10-07-00-00", "latency": 51}, {"date": "2023-11-10-07-00-00", "latency": 51}, {"date": "2023-11-10-07-00-00", "latency": 51}, {"date": "2023-11-10-07-00-00", "latency": 51}, {"date": "2023-11-10-07-00-00", "latency": 51}]}, {"location": {"country_code": "us", "region": "Texas", "city": "Austin"}, "game_id": "464426", "values": [{"date": "2023-11-10-12-00-00", "latency": 42}, {"date": "2023-11-10-12-00-00", "latency": 42}, {"date": "2023-11-10-12-00-00", "latency": 42}, {"date": "2023-11-10-12-00-00", "latency": 42}, {"date": "2023-11-10-12-00-00", "latency": 42}, {"date": "2023-11-10-12-00-00", "latency": 42}, {"date": "2023-11-10-12-00-00", "latency": 42}, {"date": "2023-11-10-12-00-00", "latency": 42}, {"date": "2023-11-10-12-00-00", "latency": 42}, {"date": "2023-11-10-12-00-00", "latency": 42}]}, {"location": {"country_code": "us", "region": "Florida", "city": "Jacksonville"}, "game_id": "464426", "values": [{"date": "2023-11-10-08-00-00", "latency": 42}, {"date": "2023-11-10-08-00-00", "latency": 42}]}, {"location": {"country_code": "us", "region": "Louisiana"}, "game_id": "464426", "values": [{"date": "2023-11-10-10-00-00", "latency": 33}, {"date": "2023-11-10-10-00-00", "latency": 33}, {"date": "2023-11-10-10-00-00", "latency": 33}, {"date": "2023-11-10-10-00-00", "latency": 33}, {"date": "2023-11-10-10-00-00", "latency": 33}, {"date": "2023-11-10-10-00-00", "latency": 33}, {"date": "2023-11-10-10-00-00", "latency": 33}, {"date": "2023-11-10-10-00-00", "latency": 33}, {"date": "2023-11-10-10-00-00", "latency": 33}, {"date": "2023-11-10-10-00-00", "latency": 33}, {"date": "2023-11-10-04-00-00", "latency": 102}, {"date": "2023-11-10-04-00-00", "latency": 102}]}, {"location": {"country_code": "kr"}, "game_id": "464426", "values": [{"date": "2023-11-10-01-00-00", "latency": 142}, {"date": "2023-11-10-01-00-00", "latency": 142}, {"date": "2023-11-10-01-00-00", "latency": 142}]}, {"location": {"country_code": "bo"}, "game_id": "464426", "values": [{"date": "2023-11-10-05-00-00", "latency": 115}, {"date": "2023-11-10-05-00-00", "latency": 115}, {"date": "2023-11-10-05-00-00", "latency": 115}, {"date": "2023-11-10-05-00-00", "latency": 115}, {"date": "2023-11-10-05-00-00", "latency": 115}, {"date": "2023-11-10-05-00-00", "latency": 115}, {"date": "2023-11-10-05-00-00", "latency": 115}, {"date": "2023-11-10-05-00-00", "latency": 115}, {"date": "2023-11-10-05-00-00", "latency": 115}, {"date": "2023-11-10-05-00-00", "latency": 115}, {"date": "2023-11-10-05-00-00", "latency": 115}, {"date": "2023-11-10-05-00-00", "latency": 115}]}, {"location": {"country_code": "jm"}, "game_id": "464426", "values": [{"date": "2023-11-10-10-00-00", "latency": 92}, {"date": "2023-11-10-10-00-00", "latency": 92}, {"date": "2023-11-10-10-00-00", "latency": 92}, {"date": "2023-11-10-10-00-00", "latency": 92}, {"date": "2023-11-10-10-00-00", "latency": 92}, {"date": "2023-11-10-10-00-00", "latency": 92}, {"date": "2023-11-10-10-00-00", "latency": 92}, {"date": "2023-11-10-10-00-00", "latency": 92}]}, {"location": {"country_code": "us", "region": "Hawaii"}, "game_id": "464426", "values": [{"date": "2023-11-10-04-00-00", "latency": 119}, {"date": "2023-11-10-04-00-00", "latency": 119}, {"date": "2023-11-10-04-00-00", "latency": 119}, {"date": "2023-11-10-04-00-00", "latency": 119}, {"date": "2023-11-10-04-00-00", "latency": 119}, {"date": "2023-11-10-12-00-00", "latency": 530}, {"date": "2023-11-10-12-00-00", "latency": 530}, {"date": "2023-11-10-12-00-00", "latency": 530}, {"date": "2023-11-10-12-00-00", "latency": 530}, {"date": "2023-11-10-12-00-00", "latency": 530}, {"date": "2023-11-10-12-00-00", "latency": 530}, {"date": "2023-11-10-12-00-00", "latency": 530}, {"date": "2023-11-10-12-00-00", "latency": 530}, {"date": "2023-11-10-02-00-00", "latency": 107}, {"date": "2023-11-10-02-00-00", "latency": 107}, {"date": "2023-11-10-02-00-00", "latency": 107}]}, {"location": {"country_code": "us", "region": "Massachusetts"}, "game_id": "464426", "values": [{"date": "2023-11-10-07-00-00", "latency": 60}, {"date": "2023-11-10-07-00-00", "latency": 60}, {"date": "2023-11-10-07-00-00", "latency": 60}, {"date": "2023-11-10-07-00-00", "latency": 60}, {"date": "2023-11-10-07-00-00", "latency": 60}, {"date": "2023-11-10-07-00-00", "latency": 60}, {"date": "2023-11-10-07-00-00", "latency": 60}, {"date": "2023-11-10-07-00-00", "latency": 60}, {"date": "2023-11-10-07-00-00", "latency": 60}, {"date": "2023-11-10-07-00-00", "latency": 60}, {"date": "2023-11-10-07-00-00", "latency": 60}, {"date": "2023-11-10-07-00-00", "latency": 60}, {"date": "2023-11-10-08-00-00", "latency": 60}, {"date": "2023-11-10-08-00-00", "latency": 60}]}, {"location": {"country_code": "us", "region": "Mississippi"}, "game_id": "464426", "values": [{"date": "2023-11-10-04-00-00", "latency": 97}, {"date": "2023-11-10-05-00-00", "latency": 26}, {"date": "2023-11-10-05-00-00", "latency": 26}, {"date": "2023-11-10-05-00-00", "latency": 26}, {"date": "2023-11-10-05-00-00", "latency": 26}, {"date": "2023-11-10-05-00-00", "latency": 26}, {"date": "2023-11-10-05-00-00", "latency": 26}, {"date": "2023-11-10-05-00-00", "latency": 26}, {"date": "2023-11-10-05-00-00", "latency": 26}]}, {"location": {"country_code": "us", "region": "California", "city": "Elk Grove"}, "game_id": "464426", "values": [{"date": "2023-11-10-08-00-00", "latency": 33}, {"date": "2023-11-10-08-00-00", "latency": 33}, {"date": "2023-11-10-08-00-00", "latency": 33}, {"date": "2023-11-10-08-00-00", "latency": 33}, {"date": "2023-11-10-08-00-00", "latency": 33}, {"date": "2023-11-10-08-00-00", "latency": 33}, {"date": "2023-11-10-08-00-00", "latency": 33}, {"date": "2023-11-10-08-00-00", "latency": 33}, {"date": "2023-11-10-08-00-00", "latency": 56}, {"date": "2023-11-10-08-00-00", "latency": 56}, {"date": "2023-11-10-08-00-00", "latency": 56}, {"date": "2023-11-10-08-00-00", "latency": 56}, {"date": "2023-11-10-08-00-00", "latency": 56}, {"date": "2023-11-10-08-00-00", "latency": 56}, {"date": "2023-11-10-08-00-00", "latency": 56}, {"date": "2023-11-10-08-00-00", "latency": 56}, {"date": "2023-11-10-08-00-00", "latency": 56}]}, {"location": {"country_code": "us", "region": "Alaska"}, "game_id": "464426", "values": [{"date": "2023-11-10-11-00-00", "latency": 83}, {"date": "2023-11-10-11-00-00", "latency": 83}, {"date": "2023-11-10-11-00-00", "latency": 83}, {"date": "2023-11-10-11-00-00", "latency": 83}, {"date": "2023-11-10-11-00-00", "latency": 83}, {"date": "2023-11-10-11-00-00", "latency": 83}, {"date": "2023-11-10-11-00-00", "latency": 83}, {"date": "2023-11-10-11-00-00", "latency": 83}, {"date": "2023-11-10-01-00-00", "latency": 80}]}, {"location": {"country_code": "us", "region": "Michigan"}, "game_id": "464426", "values": [{"date": "2023-11-10-06-00-00", "latency": 34}, {"date": "2023-11-10-06-00-00", "latency": 34}, {"date": "2023-11-10-06-00-00", "latency": 34}, {"date": "2023-11-10-06-00-00", "latency": 34}, {"date": "2023-11-10-06-00-00", "latency": 34}, {"date": "2023-11-10-06-00-00", "latency": 34}, {"date": "2023-11-10-06-00-00", "latency": 38}, {"date": "2023-11-10-06-00-00", "latency": 38}, {"date": "2023-11-10-06-00-00", "latency": 38}, {"date": "2023-11-10-06-00-00", "latency": 38}, {"date": "2023-11-10-06-00-00", "latency": 38}, {"date": "2023-11-10-06-00-00", "latency": 38}, {"date": "2023-11-10-06-00-00", "latency": 38}, {"date": "2023-11-10-06-00-00", "latency": 38}, {"date": "2023-11-10-06-00-00", "latency": 38}, {"date": "2023-11-10-06-00-00", "latency": 38}, {"date": "2023-11-10-06-00-00", "latency": 38}, {"date": "2023-11-10-06-00-00", "latency": 38}, {"date": "2023-11-10-10-00-00", "latency": 51}, {"date": "2023-11-10-10-00-00", "latency": 51}, {"date": "2023-11-10-10-00-00", "latency": 51}, {"date": "2023-11-10-10-00-00", "latency": 51}, {"date": "2023-11-10-10-00-00", "latency": 51}, {"date": "2023-11-10-10-00-00", "latency": 51}, {"date": "2023-11-10-10-00-00", "latency": 51}, {"date": "2023-11-10-10-00-00", "latency": 51}, {"date": "2023-11-10-10-00-00", "latency": 51}, {"date": "2023-11-10-10-00-00", "latency": 51}, {"date": "2023-11-10-10-00-00", "latency": 51}, {"date": "2023-11-10-10-00-00", "latency": 51}, {"date": "2023-11-10-10-00-00", "latency": 51}, {"date": "2023-11-10-10-00-00", "latency": 51}, {"date": "2023-11-10-10-00-00", "latency": 51}, {"date": "2023-11-10-10-00-00", "latency": 51}, {"date": "2023-11-10-10-00-00", "latency": 51}, {"date": "2023-11-10-10-00-00", "latency": 51}]}, {"location": {"country_code": "at", "region": "Vienna"}, "game_id": "464426", "values": [{"date": "2023-11-10-16-00-00", "latency": 69}, {"date": "2023-11-10-16-00-00", "latency": 69}, {"date": "2023-11-10-16-00-00", "latency": 69}]}, {"location": {"country_code": "us", "region": "Illinois", "city": "Chicago"}, "game_id": "464426", "values": [{"date": "2023-11-10-05-00-00", "latency": 45}, {"date": "2023-11-10-03-00-00", "latency": 41}, {"date": "2023-11-10-03-00-00", "latency": 41}, {"date": "2023-11-10-03-00-00", "latency": 41}, {"date": "2023-11-10-03-00-00", "latency": 41}, {"date": "2023-11-10-03-00-00", "latency": 41}, {"date": "2023-11-10-03-00-00", "latency": 41}, {"date": "2023-11-10-10-00-00", "latency": 86}, {"date": "2023-11-10-10-00-00", "latency": 86}]}, {"location": {"country_code": "co"}, "game_id": "464426", "values": [{"date": "2023-11-10-07-00-00", "latency": 145}, {"date": "2023-11-10-07-00-00", "latency": 145}, {"date": "2023-11-10-07-00-00", "latency": 145}, {"date": "2023-11-10-02-00-00", "latency": 88}, {"date": "2023-11-10-02-00-00", "latency": 88}, {"date": "2023-11-10-02-00-00", "latency": 88}, {"date": "2023-11-10-02-00-00", "latency": 88}, {"date": "2023-11-10-02-00-00", "latency": 88}, {"date": "2023-11-10-04-00-00", "latency": 127}]}, {"location": {"country_code": "at"}, "game_id": "464426", "values": [{"date": "2023-11-10-02-00-00", "latency": 52}, {"date": "2023-11-10-02-00-00", "latency": 52}, {"date": "2023-11-10-02-00-00", "latency": 52}, {"date": "2023-11-10-02-00-00", "latency": 52}, {"date": "2023-11-10-13-00-00", "latency": 78}]}, {"location": {"country_code": "us", "region": "Arizona"}, "game_id": "464426", "values": [{"date": "2023-11-10-05-00-00", "latency": 88}, {"date": "2023-11-10-05-00-00", "latency": 88}, {"date": "2023-11-10-05-00-00", "latency": 88}, {"date": "2023-11-10-05-00-00", "latency": 88}, {"date": "2023-11-10-05-00-00", "latency": 88}, {"date": "2023-11-10-05-00-00", "latency": 88}, {"date": "2023-11-10-12-00-00", "latency": 70}]}, {"location": {"country_code": "ve"}, "game_id": "464426", "values": [{"date": "2023-11-10-04-00-00", "latency": 40}, {"date": "2023-11-10-04-00-00", "latency": 40}, {"date": "2023-11-10-05-00-00", "latency": 78}]}, {"location": {"country_code": "us", "region": "Puerto Rico"}, "game_id": "464426", "values": [{"date": "2023-11-10-05-00-00", "latency": 86}, {"date": "2023-11-10-05-00-00", "latency": 86}, {"date": "2023-11-10-05-00-00", "latency": 86}, {"date": "2023-11-10-05-00-00", "latency": 86}]}, {"location": {"country_code": "us", "region": "Nevada", "city": "Las Vegas"}, "game_id": "464426", "values": [{"date": "2023-11-10-13-00-00", "latency": 55}, {"date": "2023-11-10-13-00-00", "latency": 55}, {"date": "2023-11-10-13-00-00", "latency": 55}, {"date": "2023-11-10-13-00-00", "latency": 55}, {"date": "2023-11-10-13-00-00", "latency": 55}, {"date": "2023-11-10-13-00-00", "latency": 55}, {"date": "2023-11-10-13-00-00", "latency": 55}, {"date": "2023-11-10-13-00-00", "latency": 55}, {"date": "2023-11-10-13-00-00", "latency": 55}]}, {"location": {"country_code": "pe"}, "game_id": "464426", "values": [{"date": "2023-11-10-05-00-00", "latency": 150}, {"date": "2023-11-10-05-00-00", "latency": 150}, {"date": "2023-11-10-05-00-00", "latency": 150}, {"date": "2023-11-10-02-00-00", "latency": 93}, {"date": "2023-11-10-02-00-00", "latency": 93}, {"date": "2023-11-10-02-00-00", "latency": 93}, {"date": "2023-11-10-02-00-00", "latency": 93}, {"date": "2023-11-10-02-00-00", "latency": 93}, {"date": "2023-11-10-02-00-00", "latency": 93}, {"date": "2023-11-10-02-00-00", "latency": 93}]}, {"location": {"country_code": "es", "region": "Canary Islands", "city": "Santa Cruz de Tenerife"}, "game_id": "464426", "values": [{"date": "2023-11-10-15-00-00", "latency": 73}]}, {"location": {"country_code": "us", "region": "District of Columbia", "city": "Washington"}, "game_id": "464426", "values": [{"date": "2023-11-10-04-00-00", "latency": 51}, {"date": "2023-11-10-04-00-00", "latency": 51}, {"date": "2023-11-10-04-00-00", "latency": 51}]}, {"location": {"country_code": "ca", "region": "Ontario", "city": "Toronto"}, "game_id": "464426", "values": [{"date": "2023-11-10-05-00-00", "latency": 42}, {"date": "2023-11-10-05-00-00", "latency": 42}, {"date": "2023-11-10-05-00-00", "latency": 42}, {"date": "2023-11-10-05-00-00", "latency": 42}, {"date": "2023-11-10-05-00-00", "latency": 42}, {"date": "2023-11-10-05-00-00", "latency": 42}, {"date": "2023-11-10-02-00-00", "latency": 52}, {"date": "2023-11-10-02-00-00", "latency": 52}, {"date": "2023-11-10-11-00-00", "latency": 79}, {"date": "2023-11-10-11-00-00", "latency": 79}, {"date": "2023-11-10-11-00-00", "latency": 79}, {"date": "2023-11-10-11-00-00", "latency": 79}, {"date": "2023-11-10-11-00-00", "latency": 79}, {"date": "2023-11-10-08-00-00", "latency": 48}, {"date": "2023-11-10-08-00-00", "latency": 48}, {"date": "2023-11-10-08-00-00", "latency": 48}, {"date": "2023-11-10-08-00-00", "latency": 48}, {"date": "2023-11-10-08-00-00", "latency": 48}, {"date": "2023-11-10-08-00-00", "latency": 48}, {"date": "2023-11-10-08-00-00", "latency": 48}, {"date": "2023-11-10-08-00-00", "latency": 48}, {"date": "2023-11-10-08-00-00", "latency": 48}]}, {"location": {"country_code": "do"}, "game_id": "464426", "values": [{"date": "2023-11-10-03-00-00", "latency": 43}, {"date": "2023-11-10-03-00-00", "latency": 43}]}, {"location": {"country_code": "ru"}, "game_id": "464426", "values": [{"date": "2023-11-10-03-00-00", "latency": 57}, {"date": "2023-11-10-03-00-00", "latency": 57}, {"date": "2023-11-10-03-00-00", "latency": 57}, {"date": "2023-11-10-03-00-00", "latency": 57}]}, {"location": {"country_code": "us", "region": "Wisconsin"}, "game_id": "464426", "values": [{"date": "2023-11-10-04-00-00", "latency": 53}, {"date": "2023-11-10-04-00-00", "latency": 53}, {"date": "2023-11-10-04-00-00", "latency": 53}]}, {"location": {"country_code": "us", "region": "Pennsylvania"}, "game_id": "464426", "values": [{"date": "2023-11-10-04-00-00", "latency": 54}, {"date": "2023-11-10-04-00-00", "latency": 54}, {"date": "2023-11-10-04-00-00", "latency": 54}]}, {"location": {"country_code": "mx", "region": "Nuevo Leon", "city": "Monterrey"}, "game_id": "464426", "values": [{"date": "2023-11-10-08-00-00", "latency": 42}, {"date": "2023-11-10-08-00-00", "latency": 42}, {"date": "2023-11-10-08-00-00", "latency": 42}, {"date": "2023-11-10-08-00-00", "latency": 42}, {"date": "2023-11-10-08-00-00", "latency": 42}, {"date": "2023-11-10-08-00-00", "latency": 42}, {"date": "2023-11-10-08-00-00", "latency": 42}, {"date": "2023-11-10-08-00-00", "latency": 42}, {"date": "2023-11-10-06-00-00", "latency": 56}, {"date": "2023-11-10-06-00-00", "latency": 56}, {"date": "2023-11-10-06-00-00", "latency": 56}, {"date": "2023-11-10-06-00-00", "latency": 56}, {"date": "2023-11-10-06-00-00", "latency": 56}, {"date": "2023-11-10-06-00-00", "latency": 56}]}, {"location": {"country_code": "sk"}, "game_id": "464426", "values": [{"date": "2023-11-10-07-00-00", "latency": 36}, {"date": "2023-11-10-07-00-00", "latency": 36}, {"date": "2023-11-10-07-00-00", "latency": 36}, {"date": "2023-11-10-07-00-00", "latency": 36}]}, {"location": {"country_code": "us", "region": "Minnesota"}, "game_id": "464426", "values": [{"date": "2023-11-10-08-00-00", "latency": 42}, {"date": "2023-11-10-08-00-00", "latency": 42}, {"date": "2023-11-10-08-00-00", "latency": 42}, {"date": "2023-11-10-08-00-00", "latency": 42}, {"date": "2023-11-10-08-00-00", "latency": 42}]}, {"location": {"country_code": "us", "region": "North Dakota", "city": "Fargo"}, "game_id": "464426", "values": [{"date": "2023-11-10-10-00-00", "latency": 64}, {"date": "2023-11-10-10-00-00", "latency": 64}, {"date": "2023-11-10-10-00-00", "latency": 64}, {"date": "2023-11-10-10-00-00", "latency": 64}, {"date": "2023-11-10-10-00-00", "latency": 64}, {"date": "2023-11-10-10-00-00", "latency": 64}, {"date": "2023-11-10-10-00-00", "latency": 64}, {"date": "2023-11-10-10-00-00", "latency": 64}, {"date": "2023-11-10-10-00-00", "latency": 64}, {"date": "2023-11-10-10-00-00", "latency": 64}, {"date": "2023-11-10-10-00-00", "latency": 64}, {"date": "2023-11-10-10-00-00", "latency": 64}, {"date": "2023-11-10-10-00-00", "latency": 64}, {"date": "2023-11-10-10-00-00", "latency": 64}, {"date": "2023-11-10-10-00-00", "latency": 64}, {"date": "2023-11-10-10-00-00", "latency": 64}, {"date": "2023-11-10-10-00-00", "latency": 64}, {"date": "2023-11-10-10-00-00", "latency": 64}, {"date": "2023-11-10-10-00-00", "latency": 64}, {"date": "2023-11-10-10-00-00", "latency": 64}, {"date": "2023-11-10-10-00-00", "latency": 64}, {"date": "2023-11-10-10-00-00", "latency": 64}, {"date": "2023-11-10-10-00-00", "latency": 64}]}, {"location": {"country_code": "us", "region": "Tennessee", "city": "Chattanooga"}, "game_id": "464426", "values": [{"date": "2023-11-10-08-00-00", "latency": 27}]}, {"location": {"country_code": "ca", "region": "Quebec", "city": "Montreal"}, "game_id": "464426", "values": [{"date": "2023-11-10-07-00-00", "latency": 31}, {"date": "2023-11-10-07-00-00", "latency": 31}, {"date": "2023-11-10-07-00-00", "latency": 31}]}, {"location": {"country_code": "br", "region": "Rio Grande do Sul"}, "game_id": "464426", "values": [{"date": "2023-11-10-03-00-00", "latency": 75}, {"date": "2023-11-10-03-00-00", "latency": 75}]}, {"location": {"country_code": "br", "region": "Parana"}, "game_id": "464426", "values": [{"date": "2023-11-10-13-00-00", "latency": 134}, {"date": "2023-11-10-13-00-00", "latency": 134}, {"date": "2023-11-10-13-00-00", "latency": 134}]}, {"location": {"country_code": "kw"}, "game_id": "464426", "values": [{"date": "2023-11-10-02-00-00", "latency": 69}, {"date": "2023-11-10-02-00-00", "latency": 69}, {"date": "2023-11-10-02-00-00", "latency": 69}]}, {"location": {"country_code": "gb", "region": "England", "city": "Liverpool"}, "game_id": "464426", "values": [{"date": "2023-11-10-05-00-00", "latency": 47}, {"date": "2023-11-10-05-00-00", "latency": 47}, {"date": "2023-11-10-05-00-00", "latency": 47}, {"date": "2023-11-10-05-00-00", "latency": 47}, {"date": "2023-11-10-05-00-00", "latency": 47}, {"date": "2023-11-10-05-00-00", "latency": 47}, {"date": "2023-11-10-05-00-00", "latency": 47}, {"date": "2023-11-10-05-00-00", "latency": 47}, {"date": "2023-11-10-05-00-00", "latency": 47}, {"date": "2023-11-10-05-00-00", "latency": 47}, {"date": "2023-11-10-05-00-00", "latency": 47}, {"date": "2023-11-10-05-00-00", "latency": 47}]}, {"location": {"country_code": "mx", "region": "Tamaulipas"}, "game_id": "464426", "values": [{"date": "2023-11-10-06-00-00", "latency": 61}]}, {"location": {"country_code": "ca", "region": "Manitoba", "city": "Winnipeg"}, "game_id": "464426", "values": [{"date": "2023-11-10-06-00-00", "latency": 74}, {"date": "2023-11-10-06-00-00", "latency": 74}]}, {"location": {"country_code": "gt"}, "game_id": "464426", "values": [{"date": "2023-11-10-04-00-00", "latency": 77}, {"date": "2023-11-10-04-00-00", "latency": 77}, {"date": "2023-11-10-04-00-00", "latency": 77}]}, {"location": {"country_code": "mx", "region": "Sonora"}, "game_id": "464426", "values": [{"date": "2023-11-10-09-00-00", "latency": 63}]}, {"location": {"country_code": "ar", "region": "Tucuman Province", "city": "San Miguel de Tucuman"}, "game_id": "464426", "values": [{"date": "2023-11-10-16-00-00", "latency": 88}, {"date": "2023-11-10-16-00-00", "latency": 88}, {"date": "2023-11-10-16-00-00", "latency": 88}, {"date": "2023-11-10-16-00-00", "latency": 88}, {"date": "2023-11-10-16-00-00", "latency": 88}]}, {"location": {"country_code": "us", "region": "Florida", "city": "Tampa"}, "game_id": "464426", "values": [{"date": "2023-11-10-08-00-00", "latency": 36}]}, {"location": {"country_code": "it", "region": "Lazio", "city": "Rome"}, "game_id": "464426", "values": [{"date": "2023-11-10-15-00-00", "latency": 430}, {"date": "2023-11-10-15-00-00", "latency": 430}, {"date": "2023-11-10-15-00-00", "latency": 430}, {"date": "2023-11-10-15-00-00", "latency": 430}, {"date": "2023-11-10-15-00-00", "latency": 430}, {"date": "2023-11-10-15-00-00", "latency": 430}]}, {"location": {"country_code": "mx", "region": "Guanajuato", "city": "Leon"}, "game_id": "464426", "values": [{"date": "2023-11-10-10-00-00", "latency": 68}, {"date": "2023-11-10-10-00-00", "latency": 68}, {"date": "2023-11-10-10-00-00", "latency": 68}, {"date": "2023-11-10-10-00-00", "latency": 68}, {"date": "2023-11-10-10-00-00", "latency": 68}, {"date": "2023-11-10-10-00-00", "latency": 68}, {"date": "2023-11-10-10-00-00", "latency": 68}, {"date": "2023-11-10-10-00-00", "latency": 68}]}, {"location": {"country_code": "br", "region": "Sao Paulo", "city": "Varzea Paulista"}, "game_id": "464426", "values": [{"date": "2023-11-10-13-00-00", "latency": 191}]}, {"location": {"country_code": "fr", "region": "Centre-Val de Loire"}, "game_id": "464426", "values": [{"date": "2023-11-10-13-00-00", "latency": 31}]}, {"location": {"country_code": "cl", "region": "Nuble Region", "city": "Chillan"}, "game_id": "464426", "values": [{"date": "2023-11-10-06-00-00", "latency": 68}, {"date": "2023-11-10-06-00-00", "latency": 68}, {"date": "2023-11-10-06-00-00", "latency": 68}]}, {"location": {"country_code": "co", "region": "Antioquia", "city": "Medellin"}, "game_id": "464426", "values": [{"date": "2023-11-10-05-00-00", "latency": 174}]}, {"location": {"country_code": "us", "region": "California", "city": "Rialto"}, "game_id": "464426", "values": [{"date": "2023-11-10-08-00-00", "latency": 68}, {"date": "2023-11-10-08-00-00", "latency": 68}, {"date": "2023-11-10-08-00-00", "latency": 68}, {"date": "2023-11-10-08-00-00", "latency": 68}, {"date": "2023-11-10-08-00-00", "latency": 68}, {"date": "2023-11-10-08-00-00", "latency": 68}, {"date": "2023-11-10-08-00-00", "latency": 68}, {"date": "2023-11-10-08-00-00", "latency": 68}, {"date": "2023-11-10-08-00-00", "latency": 68}, {"date": "2023-11-10-08-00-00", "latency": 68}]}, {"location": {"country_code": "mx", "region": "Jalisco"}, "game_id": "464426", "values": [{"date": "2023-11-10-05-00-00", "latency": 68}]}, {"location": {"country_code": "ni"}, "game_id": "464426", "values": [{"date": "2023-11-10-03-00-00", "latency": 87}]}, {"location": {"country_code": "ec", "region": "Pichincha"}, "game_id": "464426", "values": [{"date": "2023-11-10-03-00-00", "latency": 160}, {"date": "2023-11-10-03-00-00", "latency": 160}]}, {"location": {"country_code": "us", "region": "Guam", "city": "Dededo"}, "game_id": "464426", "values": [{"date": "2023-11-10-09-00-00", "latency": 48}, {"date": "2023-11-10-09-00-00", "latency": 48}, {"date": "2023-11-10-09-00-00", "latency": 48}]}, {"location": {"country_code": "br", "region": "Sao Paulo", "city": "Franca"}, "game_id": "464426", "values": [{"date": "2023-11-10-01-00-00", "latency": 18}, {"date": "2023-11-10-01-00-00", "latency": 18}]}, {"location": {"country_code": "us", "region": "Arizona", "city": "Scottsdale"}, "game_id": "464426", "values": [{"date": "2023-11-10-05-00-00", "latency": 66}, {"date": "2023-11-10-05-00-00", "latency": 66}, {"date": "2023-11-10-05-00-00", "latency": 66}, {"date": "2023-11-10-05-00-00", "latency": 66}, {"date": "2023-11-10-05-00-00", "latency": 66}, {"date": "2023-11-10-05-00-00", "latency": 66}, {"date": "2023-11-10-05-00-00", "latency": 66}]}, {"location": {"country_code": "co", "region": "Tolima"}, "game_id": "464426", "values": [{"date": "2023-11-10-02-00-00", "latency": 100}, {"date": "2023-11-10-02-00-00", "latency": 100}]}, {"location": {"country_code": "us", "region": "Florida", "city": "Fort Lauderdale"}, "game_id": "464426", "values": [{"date": "2023-11-10-04-00-00", "latency": 66}, {"date": "2023-11-10-04-00-00", "latency": 66}]}, {"location": {"country_code": "us", "region": "Puerto Rico", "city": "Rio Grande"}, "game_id": "464426", "values": [{"date": "2023-11-10-09-00-00", "latency": 171}, {"date": "2023-11-10-09-00-00", "latency": 171}, {"date": "2023-11-10-09-00-00", "latency": 171}, {"date": "2023-11-10-09-00-00", "latency": 171}]}, {"location": {"country_code": "us", "region": "Ohio", "city": "Defiance"}, "game_id": "464426", "values": [{"date": "2023-11-10-05-00-00", "latency": 53}, {"date": "2023-11-10-05-00-00", "latency": 53}]}, {"location": {"country_code": "us", "region": "Connecticut", "city": "New Haven"}, "game_id": "464426", "values": [{"date": "2023-11-10-06-00-00", "latency": 54}, {"date": "2023-11-10-06-00-00", "latency": 54}, {"date": "2023-11-10-06-00-00", "latency": 54}, {"date": "2023-11-10-06-00-00", "latency": 54}]}, {"location": {"country_code": "us", "region": "North Carolina", "city": "Lenoir"}, "game_id": "464426", "values": [{"date": "2023-11-10-03-00-00", "latency": 59}, {"date": "2023-11-10-03-00-00", "latency": 59}, {"date": "2023-11-10-03-00-00", "latency": 59}, {"date": "2023-11-10-03-00-00", "latency": 59}, {"date": "2023-11-10-03-00-00", "latency": 59}, {"date": "2023-11-10-03-00-00", "latency": 59}, {"date": "2023-11-10-03-00-00", "latency": 59}, {"date": "2023-11-10-03-00-00", "latency": 59}, {"date": "2023-11-10-03-00-00", "latency": 59}, {"date": "2023-11-10-03-00-00", "latency": 59}, {"date": "2023-11-10-03-00-00", "latency": 59}, {"date": "2023-11-10-03-00-00", "latency": 59}, {"date": "2023-11-10-03-00-00", "latency": 59}, {"date": "2023-11-10-03-00-00", "latency": 59}]}, {"location": {"country_code": "pt", "region": "Northern Mariana Islands", "city": "Braga"}, "game_id": "464426", "values": [{"date": "2023-11-10-08-00-00", "latency": 56}, {"date": "2023-11-10-08-00-00", "latency": 56}, {"date": "2023-11-10-08-00-00", "latency": 56}, {"date": "2023-11-10-08-00-00", "latency": 56}, {"date": "2023-11-10-08-00-00", "latency": 56}]}, {"location": {"country_code": "us", "region": "New York", "city": "Colonie"}, "game_id": "464426", "values": [{"date": "2023-11-10-16-00-00", "latency": 80}, {"date": "2023-11-10-16-00-00", "latency": 80}]}, {"location": {"country_code": "br", "region": "Santa Catarina", "city": "Lauro Muller"}, "game_id": "464426", "values": [{"date": "2023-11-10-07-00-00", "latency": 64}, {"date": "2023-11-10-07-00-00", "latency": 64}, {"date": "2023-11-10-07-00-00", "latency": 64}]}], "last_updated": 1719927534.273526}