{"data": [{"location": {"country_code": "cz"}, "game_id": "461764", "values": [{"date": "2024-03-04-10-00-00", "latency": "36"}, {"date": "2024-03-04-10-00-00", "latency": "36"}, {"date": "2024-03-04-10-00-00", "latency": "36"}, {"date": "2024-03-04-10-00-00", "latency": "36"}, {"date": "2024-03-04-10-00-00", "latency": "36"}, {"date": "2024-03-04-10-00-00", "latency": "36"}, {"date": "2024-03-04-10-00-00", "latency": "36"}]}, {"location": {"country_code": "ca"}, "game_id": "461764", "values": [{"date": "2024-03-04-08-00-00", "latency": "36"}, {"date": "2024-03-04-08-00-00", "latency": "36"}, {"date": "2024-03-04-08-00-00", "latency": "36"}, {"date": "2024-03-04-08-00-00", "latency": "36"}, {"date": "2024-03-04-08-00-00", "latency": "36"}, {"date": "2024-03-04-08-00-00", "latency": "36"}, {"date": "2024-03-04-08-00-00", "latency": "36"}, {"date": "2024-03-04-08-00-00", "latency": "36"}, {"date": "2024-03-04-08-00-00", "latency": "36"}, {"date": "2024-03-04-08-00-00", "latency": "36"}, {"date": "2024-03-04-08-00-00", "latency": "36"}, {"date": "2024-03-04-08-00-00", "latency": "36"}, {"date": "2024-03-04-08-00-00", "latency": "36"}, {"date": "2024-03-04-08-00-00", "latency": "36"}, {"date": "2024-03-04-08-00-00", "latency": "36"}, {"date": "2024-03-04-08-00-00", "latency": "36"}, {"date": "2024-03-04-08-00-00", "latency": "36"}]}, {"location": {"country_code": "de"}, "game_id": "461764", "values": [{"date": "2024-03-04-09-00-00", "latency": "34"}, {"date": "2024-03-04-09-00-00", "latency": "34"}, {"date": "2024-03-04-09-00-00", "latency": "34"}, {"date": "2024-03-04-09-00-00", "latency": "34"}, {"date": "2024-03-04-09-00-00", "latency": "34"}, {"date": "2024-03-04-09-00-00", "latency": "34"}, {"date": "2024-03-04-09-00-00", "latency": "34"}, {"date": "2024-03-04-09-00-00", "latency": "34"}, {"date": "2024-03-04-09-00-00", "latency": "34"}, {"date": "2024-03-04-09-00-00", "latency": "34"}]}, {"location": {"country_code": "ph"}, "game_id": "461764", "values": [{"date": "2024-03-04-23-00-00", "latency": "36"}, {"date": "2024-03-04-23-00-00", "latency": "36"}, {"date": "2024-03-04-23-00-00", "latency": "36"}]}, {"location": {"country_code": "fr"}, "game_id": "461764", "values": [{"date": "2024-03-04-11-00-00", "latency": "34"}, {"date": "2024-03-04-11-00-00", "latency": "34"}, {"date": "2024-03-04-11-00-00", "latency": "34"}, {"date": "2024-03-04-11-00-00", "latency": "34"}, {"date": "2024-03-04-11-00-00", "latency": "34"}, {"date": "2024-03-04-11-00-00", "latency": "34"}, {"date": "2024-03-04-11-00-00", "latency": "34"}, {"date": "2024-03-04-11-00-00", "latency": "34"}, {"date": "2024-03-04-11-00-00", "latency": "34"}, {"date": "2024-03-04-11-00-00", "latency": "34"}, {"date": "2024-03-04-11-00-00", "latency": "34"}, {"date": "2024-03-04-11-00-00", "latency": "34"}, {"date": "2024-03-04-11-00-00", "latency": "34"}, {"date": "2024-03-04-11-00-00", "latency": "34"}, {"date": "2024-03-04-11-00-00", "latency": "34"}, {"date": "2024-03-04-11-00-00", "latency": "34"}]}, {"location": {"country_code": "pl"}, "game_id": "461764", "values": [{"date": "2024-03-05-01-00-00", "latency": "35"}, {"date": "2024-03-05-01-00-00", "latency": "35"}, {"date": "2024-03-05-01-00-00", "latency": "35"}, {"date": "2024-03-05-01-00-00", "latency": "35"}, {"date": "2024-03-05-01-00-00", "latency": "35"}, {"date": "2024-03-05-01-00-00", "latency": "35"}, {"date": "2024-03-05-01-00-00", "latency": "35"}, {"date": "2024-03-05-01-00-00", "latency": "35"}, {"date": "2024-03-05-01-00-00", "latency": "35"}]}, {"location": {"country_code": "us", "region": "State of Wyoming"}, "game_id": "461764", "values": [{"date": "2024-03-04-13-00-00", "latency": "12740"}, {"date": "2024-03-04-13-00-00", "latency": "12740"}, {"date": "2024-03-04-13-00-00", "latency": "12740"}, {"date": "2024-03-04-13-00-00", "latency": "12740"}]}, {"location": {"country_code": "bg"}, "game_id": "461764", "values": [{"date": "2024-03-04-17-00-00", "latency": "34"}, {"date": "2024-03-04-17-00-00", "latency": "34"}, {"date": "2024-03-04-17-00-00", "latency": "34"}, {"date": "2024-03-04-17-00-00", "latency": "34"}, {"date": "2024-03-04-17-00-00", "latency": "34"}, {"date": "2024-03-04-17-00-00", "latency": "34"}, {"date": "2024-03-04-17-00-00", "latency": "34"}, {"date": "2024-03-04-17-00-00", "latency": "34"}]}, {"location": {"country_code": "cz", "region": "Kralovehradecky kraj"}, "game_id": "461764", "values": [{"date": "2024-03-04-19-00-00", "latency": "34"}, {"date": "2024-03-04-19-00-00", "latency": "34"}, {"date": "2024-03-04-19-00-00", "latency": "34"}, {"date": "2024-03-04-19-00-00", "latency": "34"}, {"date": "2024-03-04-19-00-00", "latency": "34"}, {"date": "2024-03-04-19-00-00", "latency": "34"}, {"date": "2024-03-04-19-00-00", "latency": "34"}, {"date": "2024-03-04-19-00-00", "latency": "34"}, {"date": "2024-03-04-19-00-00", "latency": "34"}, {"date": "2024-03-04-19-00-00", "latency": "34"}, {"date": "2024-03-04-19-00-00", "latency": "34"}, {"date": "2024-03-04-19-00-00", "latency": "34"}]}], "last_updated": 1719915347.09675}