{"data": [{"location": {"country_code": "us"}, "game_id": "452439", "values": [{"date": "2024-02-06-21-00-00", "latency": 52}]}, {"location": {"country_code": "jp"}, "game_id": "452439", "values": [{"date": "2024-02-06-09-00-00", "latency": 109}, {"date": "2024-02-06-09-00-00", "latency": 109}]}, {"location": {"country_code": "de"}, "game_id": "452439", "values": [{"date": "2024-02-06-23-00-00", "latency": 9}, {"date": "2024-02-06-23-00-00", "latency": 9}, {"date": "2024-02-06-23-00-00", "latency": 9}]}, {"location": {"country_code": "de", "region": "North Rhine-Westphalia"}, "game_id": "452439", "values": [{"date": "2024-02-06-20-00-00", "latency": 1}]}, {"location": {"country_code": "us", "region": "Texas"}, "game_id": "452439", "values": [{"date": "2024-02-06-04-00-00", "latency": 9}]}, {"location": {"country_code": "mx"}, "game_id": "452439", "values": [{"date": "2024-02-06-05-00-00", "latency": 10}, {"date": "2024-02-06-04-00-00", "latency": 60}, {"date": "2024-02-06-04-00-00", "latency": 60}, {"date": "2024-02-06-04-00-00", "latency": 60}, {"date": "2024-02-06-04-00-00", "latency": 60}, {"date": "2024-02-06-04-00-00", "latency": 60}]}, {"location": {"country_code": "br"}, "game_id": "452439", "values": [{"date": "2024-02-06-01-00-00", "latency": 75}, {"date": "2024-02-06-01-00-00", "latency": 75}, {"date": "2024-02-06-01-00-00", "latency": 75}, {"date": "2024-02-06-19-00-00", "latency": 130}, {"date": "2024-02-06-19-00-00", "latency": 130}, {"date": "2024-02-06-19-00-00", "latency": 130}, {"date": "2024-02-06-19-00-00", "latency": 130}]}, {"location": {"country_code": "au", "region": "Victoria", "city": "Melbourne"}, "game_id": "452439", "values": [{"date": "2024-02-06-13-00-00", "latency": 19}, {"date": "2024-02-06-13-00-00", "latency": 19}, {"date": "2024-02-06-13-00-00", "latency": 19}, {"date": "2024-02-06-13-00-00", "latency": 19}]}, {"location": {"country_code": "ca", "region": "Alberta"}, "game_id": "452439", "values": [{"date": "2024-02-06-01-00-00", "latency": 4}, {"date": "2024-02-06-01-00-00", "latency": 4}]}, {"location": {"country_code": "ru", "region": "Moscow", "city": "Zelenograd"}, "game_id": "452439", "values": [{"date": "2024-02-06-22-00-00", "latency": 6}, {"date": "2024-02-06-19-00-00", "latency": 4}, {"date": "2024-02-06-19-00-00", "latency": 4}, {"date": "2024-02-06-19-00-00", "latency": 4}, {"date": "2024-02-06-19-00-00", "latency": 4}, {"date": "2024-02-06-19-00-00", "latency": 4}, {"date": "2024-02-06-19-00-00", "latency": 4}, {"date": "2024-02-06-19-00-00", "latency": 4}]}, {"location": {"country_code": "ar", "region": "Buenos Aires"}, "game_id": "452439", "values": [{"date": "2024-02-06-03-00-00", "latency": 36}, {"date": "2024-02-06-03-00-00", "latency": 36}, {"date": "2024-02-06-03-00-00", "latency": 36}, {"date": "2024-02-06-03-00-00", "latency": 36}, {"date": "2024-02-06-03-00-00", "latency": 36}, {"date": "2024-02-06-03-00-00", "latency": 36}, {"date": "2024-02-06-03-00-00", "latency": 36}, {"date": "2024-02-06-03-00-00", "latency": 36}]}, {"location": {"country_code": "us", "region": "Pennsylvania", "city": "Pittsburgh"}, "game_id": "452439", "values": [{"date": "2024-02-06-04-00-00", "latency": 129}, {"date": "2024-02-06-04-00-00", "latency": 129}, {"date": "2024-02-06-04-00-00", "latency": 129}, {"date": "2024-02-06-04-00-00", "latency": 129}, {"date": "2024-02-06-04-00-00", "latency": 129}]}, {"location": {"country_code": "es", "region": "Catalonia", "city": "l'Hospitalet de Llobregat"}, "game_id": "452439", "values": [{"date": "2024-02-06-10-00-00", "latency": 3}, {"date": "2024-02-06-10-00-00", "latency": 3}, {"date": "2024-02-06-17-00-00", "latency": 4}]}, {"location": {"country_code": "us", "region": "District of Columbia", "city": "Washington"}, "game_id": "452439", "values": [{"date": "2024-02-06-03-00-00", "latency": 10}, {"date": "2024-02-06-03-00-00", "latency": 10}, {"date": "2024-02-06-03-00-00", "latency": 10}]}, {"location": {"country_code": "ru"}, "game_id": "452439", "values": [{"date": "2024-02-06-23-00-00", "latency": 8}]}, {"location": {"country_code": "fr", "region": "Alvernia-Rodano-Alpi", "city": "Mars"}, "game_id": "452439", "values": [{"date": "2024-02-06-05-00-00", "latency": 7}]}, {"location": {"country_code": "hr"}, "game_id": "452439", "values": [{"date": "2024-02-06-23-00-00", "latency": 4}, {"date": "2024-02-06-23-00-00", "latency": 4}, {"date": "2024-02-06-23-00-00", "latency": 4}, {"date": "2024-02-06-23-00-00", "latency": 4}]}, {"location": {"country_code": "ar", "region": "Santa Fe Province", "city": "Rosario"}, "game_id": "452439", "values": [{"date": "2024-02-06-05-00-00", "latency": 4}]}, {"location": {"country_code": "us", "region": "Washington", "city": "Seattle"}, "game_id": "452439", "values": [{"date": "2024-02-06-02-00-00", "latency": 53}, {"date": "2024-02-06-02-00-00", "latency": 53}, {"date": "2024-02-06-02-00-00", "latency": 53}, {"date": "2024-02-06-02-00-00", "latency": 53}, {"date": "2024-02-06-02-00-00", "latency": 53}]}, {"location": {"country_code": "gb", "region": "Wales"}, "game_id": "452439", "values": [{"date": "2024-02-06-18-00-00", "latency": 67}, {"date": "2024-02-06-18-00-00", "latency": 67}, {"date": "2024-02-06-18-00-00", "latency": 67}, {"date": "2024-02-06-18-00-00", "latency": 67}, {"date": "2024-02-06-18-00-00", "latency": 67}]}, {"location": {"country_code": "jp", "region": "Osaka", "city": "Izumi"}, "game_id": "452439", "values": [{"date": "2024-02-06-04-00-00", "latency": 39}, {"date": "2024-02-06-04-00-00", "latency": 39}]}], "last_updated": 1719919344.432835}