{"data": [{"location": {"country_code": "nl"}, "game_id": "319965", "values": [{"date": "2024-06-05-21-00-00", "latency": "16"}, {"date": "2024-06-05-21-00-00", "latency": "16"}, {"date": "2024-06-05-21-00-00", "latency": "16"}]}, {"location": {"country_code": "mx", "region": "Mexico City"}, "game_id": "319965", "values": [{"date": "2024-06-05-08-00-00", "latency": "82"}]}, {"location": {"country_code": "ar"}, "game_id": "319965", "values": [{"date": "2024-06-05-02-00-00", "latency": "158"}, {"date": "2024-06-05-02-00-00", "latency": "158"}]}], "last_updated": 1719915102.856265}