{"data": [{"location": {"country_code": "us"}, "game_id": "742409", "values": [{"date": "2023-06-11-19-00-00", "latency": "52"}, {"date": "2023-06-11-19-00-00", "latency": "52"}, {"date": "2023-06-11-19-00-00", "latency": "52"}, {"date": "2023-06-11-19-00-00", "latency": "52"}, {"date": "2023-06-11-19-00-00", "latency": "52"}, {"date": "2023-06-11-19-00-00", "latency": "52"}, {"date": "2023-06-11-19-00-00", "latency": "52"}, {"date": "2023-06-11-19-00-00", "latency": "52"}, {"date": "2023-06-11-19-00-00", "latency": "52"}, {"date": "2023-06-11-19-00-00", "latency": "52"}, {"date": "2023-06-11-19-00-00", "latency": "52"}, {"date": "2023-06-11-19-00-00", "latency": "52"}, {"date": "2023-06-11-19-00-00", "latency": "52"}, {"date": "2023-06-11-19-00-00", "latency": "52"}, {"date": "2023-06-11-19-00-00", "latency": "52"}, {"date": "2023-06-11-19-00-00", "latency": "52"}, {"date": "2023-06-11-19-00-00", "latency": "52"}, {"date": "2023-06-11-19-00-00", "latency": "52"}, {"date": "2023-06-11-19-00-00", "latency": "52"}, {"date": "2023-06-11-19-00-00", "latency": "52"}, {"date": "2023-06-11-19-00-00", "latency": "52"}, {"date": "2023-06-11-19-00-00", "latency": "52"}, {"date": "2023-06-11-19-00-00", "latency": "52"}, {"date": "2023-06-11-19-00-00", "latency": "52"}, {"date": "2023-06-11-19-00-00", "latency": "52"}, {"date": "2023-06-11-19-00-00", "latency": "52"}, {"date": "2023-06-11-19-00-00", "latency": "52"}, {"date": "2023-06-11-19-00-00", "latency": "52"}, {"date": "2023-06-11-19-00-00", "latency": "52"}, {"date": "2023-06-11-19-00-00", "latency": "52"}, {"date": "2023-06-11-19-00-00", "latency": "52"}, {"date": "2023-06-11-19-00-00", "latency": "52"}, {"date": "2023-06-11-19-00-00", "latency": "52"}, {"date": "2023-06-11-19-00-00", "latency": "52"}, {"date": "2023-06-11-19-00-00", "latency": "52"}, {"date": "2023-06-12-02-00-00", "latency": "60"}, {"date": "2023-06-12-02-00-00", "latency": "60"}, {"date": "2023-06-12-02-00-00", "latency": "60"}, {"date": "2023-06-12-02-00-00", "latency": "60"}, {"date": "2023-06-12-02-00-00", "latency": "60"}, {"date": "2023-06-12-02-00-00", "latency": "60"}, {"date": "2023-06-12-02-00-00", "latency": "60"}, {"date": "2023-06-12-02-00-00", "latency": "60"}, {"date": "2023-06-12-02-00-00", "latency": "60"}, {"date": "2023-06-12-02-00-00", "latency": "60"}, {"date": "2023-06-11-04-00-00", "latency": "22"}, {"date": "2023-06-11-04-00-00", "latency": "22"}, {"date": "2023-06-11-04-00-00", "latency": "22"}]}, {"location": {"country_code": "gb"}, "game_id": "742409", "values": [{"date": "2023-06-11-18-00-00", "latency": "29"}, {"date": "2023-06-11-18-00-00", "latency": "29"}, {"date": "2023-06-11-18-00-00", "latency": "29"}, {"date": "2023-06-11-18-00-00", "latency": "29"}, {"date": "2023-06-11-18-00-00", "latency": "29"}, {"date": "2023-06-11-18-00-00", "latency": "29"}, {"date": "2023-06-11-18-00-00", "latency": "29"}, {"date": "2023-06-11-18-00-00", "latency": "29"}, {"date": "2023-06-11-18-00-00", "latency": "29"}, {"date": "2023-06-11-18-00-00", "latency": "29"}, {"date": "2023-06-11-18-00-00", "latency": "29"}, {"date": "2023-06-11-18-00-00", "latency": "29"}, {"date": "2023-06-11-18-00-00", "latency": "29"}, {"date": "2023-06-11-18-00-00", "latency": "29"}, {"date": "2023-06-11-18-00-00", "latency": "29"}, {"date": "2023-06-11-18-00-00", "latency": "29"}, {"date": "2023-06-11-18-00-00", "latency": "29"}, {"date": "2023-06-11-18-00-00", "latency": "29"}, {"date": "2023-06-11-18-00-00", "latency": "29"}, {"date": "2023-06-11-18-00-00", "latency": "29"}, {"date": "2023-06-11-18-00-00", "latency": "29"}, {"date": "2023-06-11-18-00-00", "latency": "29"}, {"date": "2023-06-11-18-00-00", "latency": "29"}, {"date": "2023-06-11-18-00-00", "latency": "29"}, {"date": "2023-06-11-18-00-00", "latency": "29"}, {"date": "2023-06-11-18-00-00", "latency": "29"}, {"date": "2023-06-11-18-00-00", "latency": "29"}, {"date": "2023-06-11-18-00-00", "latency": "29"}, {"date": "2023-06-11-18-00-00", "latency": "29"}]}, {"location": {"country_code": "gr"}, "game_id": "742409", "values": [{"date": "2023-06-11-11-00-00", "latency": "44"}, {"date": "2023-06-11-11-00-00", "latency": "44"}, {"date": "2023-06-11-11-00-00", "latency": "44"}, {"date": "2023-06-11-11-00-00", "latency": "44"}, {"date": "2023-06-11-11-00-00", "latency": "44"}]}, {"location": {"country_code": "nl"}, "game_id": "742409", "values": [{"date": "2023-06-11-22-00-00", "latency": "26"}, {"date": "2023-06-11-22-00-00", "latency": "26"}, {"date": "2023-06-11-22-00-00", "latency": "26"}, {"date": "2023-06-11-22-00-00", "latency": "26"}, {"date": "2023-06-11-22-00-00", "latency": "26"}, {"date": "2023-06-11-22-00-00", "latency": "26"}, {"date": "2023-06-12-00-00-00", "latency": "25"}, {"date": "2023-06-12-00-00-00", "latency": "25"}, {"date": "2023-06-12-00-00-00", "latency": "25"}, {"date": "2023-06-12-00-00-00", "latency": "25"}, {"date": "2023-06-12-00-00-00", "latency": "25"}]}, {"location": {"country_code": "cz"}, "game_id": "742409", "values": [{"date": "2023-06-12-02-00-00", "latency": "29"}, {"date": "2023-06-12-02-00-00", "latency": "29"}, {"date": "2023-06-12-02-00-00", "latency": "29"}, {"date": "2023-06-12-02-00-00", "latency": "29"}, {"date": "2023-06-12-02-00-00", "latency": "29"}, {"date": "2023-06-12-02-00-00", "latency": "29"}, {"date": "2023-06-12-02-00-00", "latency": "29"}, {"date": "2023-06-12-02-00-00", "latency": "29"}, {"date": "2023-06-12-02-00-00", "latency": "29"}, {"date": "2023-06-12-02-00-00", "latency": "29"}, {"date": "2023-06-12-02-00-00", "latency": "29"}, {"date": "2023-06-12-02-00-00", "latency": "29"}, {"date": "2023-06-12-02-00-00", "latency": "29"}, {"date": "2023-06-12-02-00-00", "latency": "25"}, {"date": "2023-06-12-02-00-00", "latency": "25"}, {"date": "2023-06-12-02-00-00", "latency": "25"}, {"date": "2023-06-12-02-00-00", "latency": "25"}, {"date": "2023-06-12-02-00-00", "latency": "25"}, {"date": "2023-06-12-02-00-00", "latency": "25"}, {"date": "2023-06-12-02-00-00", "latency": "25"}, {"date": "2023-06-12-02-00-00", "latency": "25"}, {"date": "2023-06-12-02-00-00", "latency": "25"}, {"date": "2023-06-12-02-00-00", "latency": "25"}, {"date": "2023-06-12-02-00-00", "latency": "25"}, {"date": "2023-06-12-02-00-00", "latency": "25"}, {"date": "2023-06-12-02-00-00", "latency": "25"}, {"date": "2023-06-12-02-00-00", "latency": "25"}, {"date": "2023-06-12-02-00-00", "latency": "25"}, {"date": "2023-06-12-02-00-00", "latency": "25"}, {"date": "2023-06-12-02-00-00", "latency": "25"}, {"date": "2023-06-12-02-00-00", "latency": "25"}, {"date": "2023-06-12-02-00-00", "latency": "25"}, {"date": "2023-06-12-02-00-00", "latency": "25"}, {"date": "2023-06-12-02-00-00", "latency": "25"}, {"date": "2023-06-12-02-00-00", "latency": "25"}, {"date": "2023-06-12-02-00-00", "latency": "25"}, {"date": "2023-06-12-02-00-00", "latency": "25"}, {"date": "2023-06-12-02-00-00", "latency": "25"}, {"date": "2023-06-12-02-00-00", "latency": "25"}, {"date": "2023-06-12-02-00-00", "latency": "25"}, {"date": "2023-06-12-02-00-00", "latency": "25"}, {"date": "2023-06-11-16-00-00", "latency": "42"}, {"date": "2023-06-11-16-00-00", "latency": "42"}, {"date": "2023-06-11-16-00-00", "latency": "42"}, {"date": "2023-06-11-16-00-00", "latency": "42"}, {"date": "2023-06-11-16-00-00", "latency": "42"}, {"date": "2023-06-11-16-00-00", "latency": "42"}, {"date": "2023-06-11-16-00-00", "latency": "42"}, {"date": "2023-06-11-16-00-00", "latency": "42"}, {"date": "2023-06-11-16-00-00", "latency": "42"}, {"date": "2023-06-11-16-00-00", "latency": "42"}, {"date": "2023-06-11-16-00-00", "latency": "42"}, {"date": "2023-06-11-16-00-00", "latency": "42"}, {"date": "2023-06-11-16-00-00", "latency": "42"}, {"date": "2023-06-11-16-00-00", "latency": "42"}, {"date": "2023-06-11-16-00-00", "latency": "42"}, {"date": "2023-06-11-16-00-00", "latency": "42"}, {"date": "2023-06-11-16-00-00", "latency": "42"}, {"date": "2023-06-11-16-00-00", "latency": "42"}, {"date": "2023-06-11-16-00-00", "latency": "42"}, {"date": "2023-06-11-16-00-00", "latency": "42"}, {"date": "2023-06-11-16-00-00", "latency": "42"}, {"date": "2023-06-11-16-00-00", "latency": "42"}, {"date": "2023-06-11-16-00-00", "latency": "42"}, {"date": "2023-06-11-16-00-00", "latency": "42"}, {"date": "2023-06-11-16-00-00", "latency": "42"}, {"date": "2023-06-11-16-00-00", "latency": "42"}, {"date": "2023-06-11-16-00-00", "latency": "42"}, {"date": "2023-06-11-16-00-00", "latency": "42"}, {"date": "2023-06-11-16-00-00", "latency": "42"}, {"date": "2023-06-11-16-00-00", "latency": "42"}, {"date": "2023-06-11-16-00-00", "latency": "42"}, {"date": "2023-06-11-16-00-00", "latency": "42"}, {"date": "2023-06-11-16-00-00", "latency": "42"}, {"date": "2023-06-11-16-00-00", "latency": "42"}, {"date": "2023-06-11-16-00-00", "latency": "42"}, {"date": "2023-06-11-16-00-00", "latency": "42"}, {"date": "2023-06-11-16-00-00", "latency": "42"}, {"date": "2023-06-11-16-00-00", "latency": "42"}, {"date": "2023-06-11-16-00-00", "latency": "42"}, {"date": "2023-06-11-16-00-00", "latency": "42"}, {"date": "2023-06-11-16-00-00", "latency": "42"}, {"date": "2023-06-11-16-00-00", "latency": "42"}, {"date": "2023-06-11-16-00-00", "latency": "42"}, {"date": "2023-06-11-16-00-00", "latency": "42"}]}, {"location": {"country_code": "ro"}, "game_id": "742409", "values": [{"date": "2023-06-11-17-00-00", "latency": "61"}, {"date": "2023-06-11-17-00-00", "latency": "61"}, {"date": "2023-06-11-17-00-00", "latency": "61"}, {"date": "2023-06-11-17-00-00", "latency": "61"}, {"date": "2023-06-11-17-00-00", "latency": "61"}, {"date": "2023-06-11-17-00-00", "latency": "61"}, {"date": "2023-06-11-17-00-00", "latency": "61"}, {"date": "2023-06-11-17-00-00", "latency": "61"}]}, {"location": {"country_code": "jp"}, "game_id": "742409", "values": [{"date": "2023-06-11-17-00-00", "latency": "51"}, {"date": "2023-06-11-04-00-00", "latency": "85"}]}, {"location": {"country_code": "ca"}, "game_id": "742409", "values": [{"date": "2023-06-11-18-00-00", "latency": "62"}, {"date": "2023-06-11-18-00-00", "latency": "62"}]}, {"location": {"country_code": "ch"}, "game_id": "742409", "values": [{"date": "2023-06-11-12-00-00", "latency": "33"}, {"date": "2023-06-11-12-00-00", "latency": "33"}, {"date": "2023-06-11-12-00-00", "latency": "33"}, {"date": "2023-06-11-12-00-00", "latency": "33"}, {"date": "2023-06-11-12-00-00", "latency": "33"}, {"date": "2023-06-11-12-00-00", "latency": "33"}, {"date": "2023-06-11-12-00-00", "latency": "33"}, {"date": "2023-06-11-12-00-00", "latency": "33"}, {"date": "2023-06-11-12-00-00", "latency": "33"}, {"date": "2023-06-11-12-00-00", "latency": "33"}, {"date": "2023-06-11-12-00-00", "latency": "33"}, {"date": "2023-06-11-12-00-00", "latency": "33"}, {"date": "2023-06-11-12-00-00", "latency": "33"}, {"date": "2023-06-11-12-00-00", "latency": "33"}, {"date": "2023-06-11-12-00-00", "latency": "33"}, {"date": "2023-06-11-12-00-00", "latency": "33"}, {"date": "2023-06-11-12-00-00", "latency": "33"}, {"date": "2023-06-11-12-00-00", "latency": "33"}, {"date": "2023-06-11-12-00-00", "latency": "33"}, {"date": "2023-06-11-12-00-00", "latency": "33"}, {"date": "2023-06-11-12-00-00", "latency": "33"}, {"date": "2023-06-11-12-00-00", "latency": "33"}, {"date": "2023-06-11-12-00-00", "latency": "33"}]}, {"location": {"country_code": "de"}, "game_id": "742409", "values": [{"date": "2023-06-11-23-00-00", "latency": "22"}]}, {"location": {"country_code": "tw"}, "game_id": "742409", "values": [{"date": "2023-06-11-17-00-00", "latency": "36"}, {"date": "2023-06-11-17-00-00", "latency": "36"}, {"date": "2023-06-11-17-00-00", "latency": "36"}, {"date": "2023-06-11-17-00-00", "latency": "36"}, {"date": "2023-06-11-17-00-00", "latency": "36"}, {"date": "2023-06-11-17-00-00", "latency": "36"}, {"date": "2023-06-11-17-00-00", "latency": "36"}, {"date": "2023-06-11-17-00-00", "latency": "36"}, {"date": "2023-06-11-17-00-00", "latency": "36"}, {"date": "2023-06-11-17-00-00", "latency": "36"}, {"date": "2023-06-11-17-00-00", "latency": "36"}, {"date": "2023-06-11-17-00-00", "latency": "36"}, {"date": "2023-06-11-17-00-00", "latency": "36"}, {"date": "2023-06-11-17-00-00", "latency": "36"}, {"date": "2023-06-11-17-00-00", "latency": "36"}, {"date": "2023-06-11-17-00-00", "latency": "36"}, {"date": "2023-06-11-17-00-00", "latency": "36"}, {"date": "2023-06-11-17-00-00", "latency": "36"}, {"date": "2023-06-11-17-00-00", "latency": "36"}, {"date": "2023-06-11-17-00-00", "latency": "36"}, {"date": "2023-06-11-17-00-00", "latency": "36"}, {"date": "2023-06-11-08-00-00", "latency": "48"}, {"date": "2023-06-11-08-00-00", "latency": "48"}, {"date": "2023-06-11-08-00-00", "latency": "48"}, {"date": "2023-06-11-08-00-00", "latency": "48"}, {"date": "2023-06-11-08-00-00", "latency": "48"}, {"date": "2023-06-11-08-00-00", "latency": "48"}, {"date": "2023-06-11-08-00-00", "latency": "48"}, {"date": "2023-06-11-08-00-00", "latency": "48"}, {"date": "2023-06-11-08-00-00", "latency": "48"}, {"date": "2023-06-11-08-00-00", "latency": "48"}, {"date": "2023-06-11-08-00-00", "latency": "48"}, {"date": "2023-06-11-08-00-00", "latency": "48"}, {"date": "2023-06-11-08-00-00", "latency": "48"}, {"date": "2023-06-11-08-00-00", "latency": "48"}]}, {"location": {"country_code": "us", "region": "Indiana"}, "game_id": "742409", "values": [{"date": "2023-06-12-02-00-00", "latency": "17"}, {"date": "2023-06-12-02-00-00", "latency": "17"}]}, {"location": {"country_code": "us", "region": "Texas"}, "game_id": "742409", "values": [{"date": "2023-06-11-17-00-00", "latency": "84"}, {"date": "2023-06-11-17-00-00", "latency": "84"}, {"date": "2023-06-11-17-00-00", "latency": "84"}]}, {"location": {"country_code": "fr"}, "game_id": "742409", "values": [{"date": "2023-06-11-18-00-00", "latency": "30"}, {"date": "2023-06-11-18-00-00", "latency": "30"}, {"date": "2023-06-11-18-00-00", "latency": "30"}, {"date": "2023-06-11-18-00-00", "latency": "30"}, {"date": "2023-06-11-18-00-00", "latency": "30"}, {"date": "2023-06-11-18-00-00", "latency": "30"}, {"date": "2023-06-11-18-00-00", "latency": "30"}, {"date": "2023-06-11-18-00-00", "latency": "30"}, {"date": "2023-06-11-18-00-00", "latency": "30"}, {"date": "2023-06-12-01-00-00", "latency": "20"}, {"date": "2023-06-12-01-00-00", "latency": "20"}, {"date": "2023-06-12-01-00-00", "latency": "20"}, {"date": "2023-06-12-01-00-00", "latency": "20"}, {"date": "2023-06-12-01-00-00", "latency": "20"}, {"date": "2023-06-12-01-00-00", "latency": "20"}, {"date": "2023-06-12-01-00-00", "latency": "20"}, {"date": "2023-06-12-01-00-00", "latency": "20"}, {"date": "2023-06-12-01-00-00", "latency": "20"}, {"date": "2023-06-12-01-00-00", "latency": "20"}, {"date": "2023-06-12-01-00-00", "latency": "20"}, {"date": "2023-06-12-01-00-00", "latency": "20"}, {"date": "2023-06-12-01-00-00", "latency": "20"}, {"date": "2023-06-12-01-00-00", "latency": "20"}, {"date": "2023-06-12-01-00-00", "latency": "20"}, {"date": "2023-06-12-01-00-00", "latency": "20"}, {"date": "2023-06-12-01-00-00", "latency": "20"}, {"date": "2023-06-12-01-00-00", "latency": "20"}, {"date": "2023-06-12-01-00-00", "latency": "20"}, {"date": "2023-06-12-01-00-00", "latency": "20"}, {"date": "2023-06-12-01-00-00", "latency": "20"}, {"date": "2023-06-12-01-00-00", "latency": "20"}, {"date": "2023-06-12-01-00-00", "latency": "20"}, {"date": "2023-06-12-01-00-00", "latency": "20"}, {"date": "2023-06-12-01-00-00", "latency": "20"}, {"date": "2023-06-12-01-00-00", "latency": "20"}, {"date": "2023-06-12-01-00-00", "latency": "20"}, {"date": "2023-06-12-01-00-00", "latency": "20"}, {"date": "2023-06-12-01-00-00", "latency": "20"}, {"date": "2023-06-12-01-00-00", "latency": "20"}, {"date": "2023-06-12-01-00-00", "latency": "20"}, {"date": "2023-06-12-01-00-00", "latency": "20"}, {"date": "2023-06-12-01-00-00", "latency": "20"}, {"date": "2023-06-12-01-00-00", "latency": "20"}, {"date": "2023-06-12-01-00-00", "latency": "20"}, {"date": "2023-06-12-01-00-00", "latency": "20"}, {"date": "2023-06-12-01-00-00", "latency": "20"}, {"date": "2023-06-12-01-00-00", "latency": "20"}, {"date": "2023-06-12-01-00-00", "latency": "20"}, {"date": "2023-06-12-01-00-00", "latency": "20"}, {"date": "2023-06-12-01-00-00", "latency": "20"}, {"date": "2023-06-12-01-00-00", "latency": "20"}, {"date": "2023-06-12-01-00-00", "latency": "20"}, {"date": "2023-06-12-01-00-00", "latency": "20"}, {"date": "2023-06-12-01-00-00", "latency": "20"}, {"date": "2023-06-12-01-00-00", "latency": "20"}, {"date": "2023-06-12-01-00-00", "latency": "20"}, {"date": "2023-06-12-01-00-00", "latency": "20"}, {"date": "2023-06-12-01-00-00", "latency": "20"}, {"date": "2023-06-12-01-00-00", "latency": "20"}, {"date": "2023-06-12-01-00-00", "latency": "20"}, {"date": "2023-06-12-01-00-00", "latency": "20"}, {"date": "2023-06-12-01-00-00", "latency": "20"}, {"date": "2023-06-12-01-00-00", "latency": "20"}, {"date": "2023-06-12-01-00-00", "latency": "20"}]}, {"location": {"country_code": "se"}, "game_id": "742409", "values": [{"date": "2023-06-12-01-00-00", "latency": "42"}, {"date": "2023-06-12-01-00-00", "latency": "42"}, {"date": "2023-06-12-01-00-00", "latency": "42"}, {"date": "2023-06-12-01-00-00", "latency": "42"}, {"date": "2023-06-12-01-00-00", "latency": "42"}]}, {"location": {"country_code": "au"}, "game_id": "742409", "values": [{"date": "2023-06-11-15-00-00", "latency": "50"}]}, {"location": {"country_code": "es", "region": "Madrid", "city": "Parla"}, "game_id": "742409", "values": [{"date": "2023-06-12-00-00-00", "latency": "28"}, {"date": "2023-06-12-00-00-00", "latency": "28"}, {"date": "2023-06-12-00-00-00", "latency": "28"}, {"date": "2023-06-12-00-00-00", "latency": "28"}, {"date": "2023-06-12-00-00-00", "latency": "28"}, {"date": "2023-06-12-00-00-00", "latency": "28"}, {"date": "2023-06-12-00-00-00", "latency": "28"}, {"date": "2023-06-12-00-00-00", "latency": "28"}, {"date": "2023-06-12-00-00-00", "latency": "28"}, {"date": "2023-06-12-00-00-00", "latency": "28"}, {"date": "2023-06-12-00-00-00", "latency": "28"}, {"date": "2023-06-12-00-00-00", "latency": "28"}]}, {"location": {"country_code": "de", "region": "Saxony"}, "game_id": "742409", "values": [{"date": "2023-06-11-12-00-00", "latency": "42"}, {"date": "2023-06-11-12-00-00", "latency": "42"}, {"date": "2023-06-11-12-00-00", "latency": "42"}, {"date": "2023-06-11-12-00-00", "latency": "42"}, {"date": "2023-06-11-12-00-00", "latency": "42"}, {"date": "2023-06-11-12-00-00", "latency": "42"}, {"date": "2023-06-11-12-00-00", "latency": "42"}, {"date": "2023-06-11-12-00-00", "latency": "42"}, {"date": "2023-06-11-12-00-00", "latency": "42"}, {"date": "2023-06-11-12-00-00", "latency": "42"}, {"date": "2023-06-11-12-00-00", "latency": "42"}, {"date": "2023-06-11-12-00-00", "latency": "42"}, {"date": "2023-06-11-12-00-00", "latency": "42"}, {"date": "2023-06-11-12-00-00", "latency": "42"}, {"date": "2023-06-11-12-00-00", "latency": "42"}, {"date": "2023-06-11-12-00-00", "latency": "42"}, {"date": "2023-06-11-12-00-00", "latency": "42"}, {"date": "2023-06-11-12-00-00", "latency": "42"}, {"date": "2023-06-11-12-00-00", "latency": "42"}, {"date": "2023-06-11-12-00-00", "latency": "42"}, {"date": "2023-06-11-12-00-00", "latency": "42"}, {"date": "2023-06-11-12-00-00", "latency": "42"}, {"date": "2023-06-11-12-00-00", "latency": "42"}, {"date": "2023-06-11-12-00-00", "latency": "42"}, {"date": "2023-06-11-12-00-00", "latency": "42"}, {"date": "2023-06-11-12-00-00", "latency": "42"}, {"date": "2023-06-11-12-00-00", "latency": "42"}, {"date": "2023-06-11-12-00-00", "latency": "42"}, {"date": "2023-06-11-12-00-00", "latency": "42"}, {"date": "2023-06-11-12-00-00", "latency": "42"}, {"date": "2023-06-11-12-00-00", "latency": "42"}, {"date": "2023-06-11-12-00-00", "latency": "42"}, {"date": "2023-06-11-12-00-00", "latency": "42"}, {"date": "2023-06-11-12-00-00", "latency": "42"}, {"date": "2023-06-11-12-00-00", "latency": "42"}, {"date": "2023-06-11-12-00-00", "latency": "42"}, {"date": "2023-06-11-12-00-00", "latency": "42"}, {"date": "2023-06-11-12-00-00", "latency": "42"}, {"date": "2023-06-11-12-00-00", "latency": "42"}, {"date": "2023-06-11-12-00-00", "latency": "42"}]}, {"location": {"country_code": "de", "region": "Free State of Thuringia", "city": "Jena"}, "game_id": "742409", "values": [{"date": "2023-06-11-22-00-00", "latency": "37"}, {"date": "2023-06-11-22-00-00", "latency": "37"}, {"date": "2023-06-11-22-00-00", "latency": "37"}, {"date": "2023-06-11-22-00-00", "latency": "37"}, {"date": "2023-06-11-22-00-00", "latency": "37"}, {"date": "2023-06-11-22-00-00", "latency": "37"}, {"date": "2023-06-11-22-00-00", "latency": "37"}, {"date": "2023-06-11-22-00-00", "latency": "37"}, {"date": "2023-06-11-22-00-00", "latency": "37"}, {"date": "2023-06-11-22-00-00", "latency": "37"}]}, {"location": {"country_code": "us", "region": "Michigan", "city": "Detroit"}, "game_id": "742409", "values": [{"date": "2023-06-11-08-00-00", "latency": "5"}]}, {"location": {"country_code": "jp", "region": "Tokyo"}, "game_id": "742409", "values": [{"date": "2023-06-11-05-00-00", "latency": "75"}, {"date": "2023-06-11-05-00-00", "latency": "75"}, {"date": "2023-06-11-05-00-00", "latency": "75"}, {"date": "2023-06-11-05-00-00", "latency": "75"}, {"date": "2023-06-11-05-00-00", "latency": "75"}]}, {"location": {"country_code": "de", "region": "Bavaria"}, "game_id": "742409", "values": [{"date": "2023-06-11-23-00-00", "latency": "58"}, {"date": "2023-06-11-23-00-00", "latency": "58"}, {"date": "2023-06-11-23-00-00", "latency": "58"}]}, {"location": {"country_code": "at"}, "game_id": "742409", "values": [{"date": "2023-06-11-22-00-00", "latency": "37"}, {"date": "2023-06-11-22-00-00", "latency": "37"}, {"date": "2023-06-11-22-00-00", "latency": "37"}, {"date": "2023-06-11-22-00-00", "latency": "37"}, {"date": "2023-06-11-22-00-00", "latency": "37"}, {"date": "2023-06-11-22-00-00", "latency": "37"}, {"date": "2023-06-11-22-00-00", "latency": "37"}, {"date": "2023-06-11-22-00-00", "latency": "37"}, {"date": "2023-06-11-22-00-00", "latency": "37"}, {"date": "2023-06-11-22-00-00", "latency": "37"}]}, {"location": {"country_code": "pl"}, "game_id": "742409", "values": [{"date": "2023-06-12-00-00-00", "latency": "29"}, {"date": "2023-06-12-00-00-00", "latency": "29"}, {"date": "2023-06-12-00-00-00", "latency": "29"}, {"date": "2023-06-12-00-00-00", "latency": "29"}, {"date": "2023-06-12-00-00-00", "latency": "29"}, {"date": "2023-06-12-00-00-00", "latency": "29"}, {"date": "2023-06-12-00-00-00", "latency": "29"}, {"date": "2023-06-12-00-00-00", "latency": "29"}, {"date": "2023-06-12-00-00-00", "latency": "29"}, {"date": "2023-06-11-21-00-00", "latency": "39"}, {"date": "2023-06-11-21-00-00", "latency": "39"}, {"date": "2023-06-11-21-00-00", "latency": "39"}, {"date": "2023-06-11-21-00-00", "latency": "39"}, {"date": "2023-06-11-21-00-00", "latency": "39"}, {"date": "2023-06-11-21-00-00", "latency": "39"}, {"date": "2023-06-11-21-00-00", "latency": "39"}, {"date": "2023-06-11-21-00-00", "latency": "39"}, {"date": "2023-06-11-21-00-00", "latency": "39"}, {"date": "2023-06-11-21-00-00", "latency": "39"}, {"date": "2023-06-11-21-00-00", "latency": "39"}, {"date": "2023-06-11-21-00-00", "latency": "39"}, {"date": "2023-06-11-21-00-00", "latency": "39"}, {"date": "2023-06-11-21-00-00", "latency": "39"}, {"date": "2023-06-11-21-00-00", "latency": "39"}, {"date": "2023-06-11-21-00-00", "latency": "39"}, {"date": "2023-06-11-21-00-00", "latency": "39"}, {"date": "2023-06-11-21-00-00", "latency": "39"}, {"date": "2023-06-11-21-00-00", "latency": "39"}, {"date": "2023-06-11-21-00-00", "latency": "39"}, {"date": "2023-06-11-21-00-00", "latency": "39"}, {"date": "2023-06-11-21-00-00", "latency": "39"}, {"date": "2023-06-11-21-00-00", "latency": "39"}, {"date": "2023-06-11-21-00-00", "latency": "39"}, {"date": "2023-06-11-21-00-00", "latency": "39"}, {"date": "2023-06-11-21-00-00", "latency": "39"}, {"date": "2023-06-11-21-00-00", "latency": "39"}, {"date": "2023-06-11-21-00-00", "latency": "39"}, {"date": "2023-06-11-21-00-00", "latency": "39"}, {"date": "2023-06-11-21-00-00", "latency": "39"}, {"date": "2023-06-11-21-00-00", "latency": "39"}, {"date": "2023-06-12-00-00-00", "latency": "52"}, {"date": "2023-06-12-00-00-00", "latency": "52"}, {"date": "2023-06-12-00-00-00", "latency": "52"}, {"date": "2023-06-12-00-00-00", "latency": "52"}, {"date": "2023-06-12-00-00-00", "latency": "52"}, {"date": "2023-06-12-00-00-00", "latency": "52"}, {"date": "2023-06-12-00-00-00", "latency": "52"}, {"date": "2023-06-12-00-00-00", "latency": "52"}, {"date": "2023-06-12-00-00-00", "latency": "52"}, {"date": "2023-06-12-00-00-00", "latency": "52"}, {"date": "2023-06-12-00-00-00", "latency": "52"}, {"date": "2023-06-12-00-00-00", "latency": "52"}, {"date": "2023-06-12-00-00-00", "latency": "52"}, {"date": "2023-06-12-00-00-00", "latency": "52"}, {"date": "2023-06-12-00-00-00", "latency": "52"}, {"date": "2023-06-12-00-00-00", "latency": "52"}, {"date": "2023-06-12-00-00-00", "latency": "52"}, {"date": "2023-06-12-00-00-00", "latency": "52"}]}, {"location": {"country_code": "us", "region": "Nevada", "city": "Las Vegas"}, "game_id": "742409", "values": [{"date": "2023-06-11-07-00-00", "latency": "54"}, {"date": "2023-06-11-07-00-00", "latency": "54"}, {"date": "2023-06-11-07-00-00", "latency": "54"}, {"date": "2023-06-11-07-00-00", "latency": "54"}, {"date": "2023-06-11-07-00-00", "latency": "54"}, {"date": "2023-06-11-07-00-00", "latency": "54"}, {"date": "2023-06-11-07-00-00", "latency": "54"}, {"date": "2023-06-11-07-00-00", "latency": "54"}, {"date": "2023-06-11-07-00-00", "latency": "54"}, {"date": "2023-06-11-07-00-00", "latency": "54"}, {"date": "2023-06-11-07-00-00", "latency": "54"}, {"date": "2023-06-11-07-00-00", "latency": "54"}, {"date": "2023-06-11-07-00-00", "latency": "54"}, {"date": "2023-06-11-07-00-00", "latency": "54"}, {"date": "2023-06-11-07-00-00", "latency": "54"}, {"date": "2023-06-11-07-00-00", "latency": "54"}, {"date": "2023-06-11-07-00-00", "latency": "54"}, {"date": "2023-06-11-07-00-00", "latency": "54"}, {"date": "2023-06-11-07-00-00", "latency": "54"}, {"date": "2023-06-11-07-00-00", "latency": "54"}, {"date": "2023-06-11-07-00-00", "latency": "54"}, {"date": "2023-06-11-07-00-00", "latency": "54"}, {"date": "2023-06-11-07-00-00", "latency": "54"}, {"date": "2023-06-11-07-00-00", "latency": "54"}, {"date": "2023-06-11-07-00-00", "latency": "54"}, {"date": "2023-06-11-07-00-00", "latency": "54"}, {"date": "2023-06-11-07-00-00", "latency": "54"}, {"date": "2023-06-11-07-00-00", "latency": "54"}, {"date": "2023-06-11-07-00-00", "latency": "54"}, {"date": "2023-06-11-07-00-00", "latency": "54"}, {"date": "2023-06-11-07-00-00", "latency": "54"}, {"date": "2023-06-11-07-00-00", "latency": "54"}, {"date": "2023-06-11-07-00-00", "latency": "54"}, {"date": "2023-06-11-07-00-00", "latency": "54"}, {"date": "2023-06-11-07-00-00", "latency": "54"}, {"date": "2023-06-11-07-00-00", "latency": "54"}, {"date": "2023-06-11-07-00-00", "latency": "54"}, {"date": "2023-06-11-07-00-00", "latency": "54"}, {"date": "2023-06-11-07-00-00", "latency": "54"}, {"date": "2023-06-11-07-00-00", "latency": "54"}, {"date": "2023-06-11-07-00-00", "latency": "54"}, {"date": "2023-06-11-07-00-00", "latency": "54"}, {"date": "2023-06-11-07-00-00", "latency": "54"}, {"date": "2023-06-11-07-00-00", "latency": "54"}, {"date": "2023-06-11-07-00-00", "latency": "54"}]}, {"location": {"country_code": "us", "region": "Georgia"}, "game_id": "742409", "values": [{"date": "2023-06-11-07-00-00", "latency": "31"}, {"date": "2023-06-11-07-00-00", "latency": "31"}, {"date": "2023-06-11-07-00-00", "latency": "31"}, {"date": "2023-06-11-07-00-00", "latency": "31"}, {"date": "2023-06-11-07-00-00", "latency": "31"}, {"date": "2023-06-11-07-00-00", "latency": "31"}, {"date": "2023-06-11-07-00-00", "latency": "31"}, {"date": "2023-06-11-07-00-00", "latency": "31"}, {"date": "2023-06-11-07-00-00", "latency": "31"}, {"date": "2023-06-11-07-00-00", "latency": "31"}, {"date": "2023-06-11-07-00-00", "latency": "31"}, {"date": "2023-06-11-07-00-00", "latency": "31"}, {"date": "2023-06-11-07-00-00", "latency": "31"}, {"date": "2023-06-11-07-00-00", "latency": "31"}, {"date": "2023-06-11-07-00-00", "latency": "31"}, {"date": "2023-06-11-07-00-00", "latency": "31"}, {"date": "2023-06-11-07-00-00", "latency": "31"}, {"date": "2023-06-11-07-00-00", "latency": "31"}, {"date": "2023-06-11-07-00-00", "latency": "31"}, {"date": "2023-06-11-07-00-00", "latency": "31"}, {"date": "2023-06-11-07-00-00", "latency": "31"}, {"date": "2023-06-11-07-00-00", "latency": "31"}, {"date": "2023-06-11-07-00-00", "latency": "31"}, {"date": "2023-06-11-07-00-00", "latency": "31"}, {"date": "2023-06-11-07-00-00", "latency": "31"}, {"date": "2023-06-11-07-00-00", "latency": "31"}, {"date": "2023-06-11-07-00-00", "latency": "31"}, {"date": "2023-06-11-07-00-00", "latency": "31"}, {"date": "2023-06-11-07-00-00", "latency": "31"}, {"date": "2023-06-11-07-00-00", "latency": "31"}, {"date": "2023-06-11-07-00-00", "latency": "31"}, {"date": "2023-06-11-07-00-00", "latency": "31"}, {"date": "2023-06-11-07-00-00", "latency": "31"}, {"date": "2023-06-11-07-00-00", "latency": "31"}, {"date": "2023-06-11-07-00-00", "latency": "31"}, {"date": "2023-06-11-07-00-00", "latency": "31"}, {"date": "2023-06-11-07-00-00", "latency": "31"}, {"date": "2023-06-11-07-00-00", "latency": "31"}, {"date": "2023-06-11-07-00-00", "latency": "31"}, {"date": "2023-06-11-07-00-00", "latency": "31"}, {"date": "2023-06-11-07-00-00", "latency": "31"}, {"date": "2023-06-11-07-00-00", "latency": "31"}, {"date": "2023-06-11-07-00-00", "latency": "31"}, {"date": "2023-06-11-07-00-00", "latency": "31"}, {"date": "2023-06-11-07-00-00", "latency": "31"}, {"date": "2023-06-11-07-00-00", "latency": "31"}, {"date": "2023-06-11-07-00-00", "latency": "31"}, {"date": "2023-06-11-07-00-00", "latency": "31"}, {"date": "2023-06-11-07-00-00", "latency": "31"}, {"date": "2023-06-11-07-00-00", "latency": "31"}, {"date": "2023-06-11-07-00-00", "latency": "31"}]}, {"location": {"country_code": "ua"}, "game_id": "742409", "values": [{"date": "2023-06-11-20-00-00", "latency": "57"}, {"date": "2023-06-11-20-00-00", "latency": "57"}, {"date": "2023-06-11-20-00-00", "latency": "57"}, {"date": "2023-06-11-20-00-00", "latency": "57"}, {"date": "2023-06-11-20-00-00", "latency": "57"}, {"date": "2023-06-11-20-00-00", "latency": "57"}, {"date": "2023-06-11-20-00-00", "latency": "57"}, {"date": "2023-06-11-20-00-00", "latency": "57"}, {"date": "2023-06-11-20-00-00", "latency": "57"}, {"date": "2023-06-11-20-00-00", "latency": "57"}, {"date": "2023-06-11-20-00-00", "latency": "57"}, {"date": "2023-06-11-20-00-00", "latency": "57"}, {"date": "2023-06-11-20-00-00", "latency": "57"}, {"date": "2023-06-11-20-00-00", "latency": "57"}, {"date": "2023-06-11-20-00-00", "latency": "57"}, {"date": "2023-06-11-20-00-00", "latency": "57"}, {"date": "2023-06-11-20-00-00", "latency": "57"}, {"date": "2023-06-11-20-00-00", "latency": "57"}, {"date": "2023-06-11-14-00-00", "latency": "52"}, {"date": "2023-06-11-14-00-00", "latency": "52"}, {"date": "2023-06-11-14-00-00", "latency": "52"}, {"date": "2023-06-11-14-00-00", "latency": "52"}, {"date": "2023-06-11-16-00-00", "latency": "73"}, {"date": "2023-06-11-16-00-00", "latency": "73"}, {"date": "2023-06-11-16-00-00", "latency": "73"}, {"date": "2023-06-11-16-00-00", "latency": "73"}, {"date": "2023-06-11-16-00-00", "latency": "73"}, {"date": "2023-06-11-16-00-00", "latency": "73"}, {"date": "2023-06-11-16-00-00", "latency": "73"}, {"date": "2023-06-11-16-00-00", "latency": "73"}, {"date": "2023-06-11-16-00-00", "latency": "73"}, {"date": "2023-06-11-16-00-00", "latency": "73"}, {"date": "2023-06-11-16-00-00", "latency": "73"}, {"date": "2023-06-11-16-00-00", "latency": "73"}, {"date": "2023-06-11-16-00-00", "latency": "73"}, {"date": "2023-06-11-16-00-00", "latency": "73"}, {"date": "2023-06-11-16-00-00", "latency": "73"}, {"date": "2023-06-11-16-00-00", "latency": "73"}, {"date": "2023-06-11-16-00-00", "latency": "73"}, {"date": "2023-06-11-20-00-00", "latency": "48"}, {"date": "2023-06-11-20-00-00", "latency": "48"}, {"date": "2023-06-11-20-00-00", "latency": "48"}, {"date": "2023-06-11-20-00-00", "latency": "48"}, {"date": "2023-06-11-20-00-00", "latency": "48"}, {"date": "2023-06-11-20-00-00", "latency": "48"}, {"date": "2023-06-11-20-00-00", "latency": "48"}, {"date": "2023-06-11-20-00-00", "latency": "48"}, {"date": "2023-06-11-20-00-00", "latency": "48"}, {"date": "2023-06-11-20-00-00", "latency": "48"}, {"date": "2023-06-11-20-00-00", "latency": "48"}, {"date": "2023-06-11-20-00-00", "latency": "48"}, {"date": "2023-06-11-20-00-00", "latency": "48"}, {"date": "2023-06-11-20-00-00", "latency": "48"}, {"date": "2023-06-11-20-00-00", "latency": "48"}, {"date": "2023-06-11-20-00-00", "latency": "48"}, {"date": "2023-06-11-20-00-00", "latency": "48"}, {"date": "2023-06-11-20-00-00", "latency": "48"}, {"date": "2023-06-11-20-00-00", "latency": "48"}]}, {"location": {"country_code": "sg"}, "game_id": "742409", "values": [{"date": "2023-06-11-18-00-00", "latency": "55"}, {"date": "2023-06-11-18-00-00", "latency": "55"}, {"date": "2023-06-11-18-00-00", "latency": "55"}, {"date": "2023-06-11-18-00-00", "latency": "55"}, {"date": "2023-06-11-18-00-00", "latency": "55"}, {"date": "2023-06-11-18-00-00", "latency": "55"}, {"date": "2023-06-11-18-00-00", "latency": "55"}, {"date": "2023-06-11-18-00-00", "latency": "55"}, {"date": "2023-06-11-18-00-00", "latency": "55"}, {"date": "2023-06-11-18-00-00", "latency": "55"}, {"date": "2023-06-11-18-00-00", "latency": "55"}, {"date": "2023-06-11-18-00-00", "latency": "55"}, {"date": "2023-06-11-18-00-00", "latency": "55"}, {"date": "2023-06-11-18-00-00", "latency": "55"}, {"date": "2023-06-11-18-00-00", "latency": "55"}, {"date": "2023-06-11-18-00-00", "latency": "55"}, {"date": "2023-06-11-18-00-00", "latency": "55"}, {"date": "2023-06-11-18-00-00", "latency": "55"}, {"date": "2023-06-11-18-00-00", "latency": "55"}]}, {"location": {"country_code": "ru", "region": "Leningrad", "city": "Saint Petersburg"}, "game_id": "742409", "values": [{"date": "2023-06-11-21-00-00", "latency": "16"}, {"date": "2023-06-11-21-00-00", "latency": "16"}, {"date": "2023-06-11-21-00-00", "latency": "16"}, {"date": "2023-06-11-21-00-00", "latency": "16"}, {"date": "2023-06-11-21-00-00", "latency": "16"}, {"date": "2023-06-11-21-00-00", "latency": "16"}]}, {"location": {"country_code": "hr"}, "game_id": "742409", "values": [{"date": "2023-06-11-23-00-00", "latency": "2"}, {"date": "2023-06-11-23-00-00", "latency": "2"}, {"date": "2023-06-11-23-00-00", "latency": "2"}, {"date": "2023-06-11-23-00-00", "latency": "2"}, {"date": "2023-06-11-23-00-00", "latency": "2"}, {"date": "2023-06-11-23-00-00", "latency": "2"}, {"date": "2023-06-11-23-00-00", "latency": "2"}, {"date": "2023-06-11-23-00-00", "latency": "2"}, {"date": "2023-06-11-23-00-00", "latency": "2"}, {"date": "2023-06-11-23-00-00", "latency": "2"}, {"date": "2023-06-11-23-00-00", "latency": "50"}, {"date": "2023-06-11-23-00-00", "latency": "50"}, {"date": "2023-06-11-23-00-00", "latency": "50"}, {"date": "2023-06-11-23-00-00", "latency": "50"}, {"date": "2023-06-11-23-00-00", "latency": "50"}, {"date": "2023-06-11-23-00-00", "latency": "50"}, {"date": "2023-06-11-23-00-00", "latency": "50"}, {"date": "2023-06-11-23-00-00", "latency": "50"}, {"date": "2023-06-11-23-00-00", "latency": "50"}, {"date": "2023-06-11-23-00-00", "latency": "50"}, {"date": "2023-06-11-23-00-00", "latency": "50"}, {"date": "2023-06-11-23-00-00", "latency": "50"}, {"date": "2023-06-11-23-00-00", "latency": "50"}, {"date": "2023-06-11-23-00-00", "latency": "50"}, {"date": "2023-06-11-23-00-00", "latency": "50"}]}, {"location": {"country_code": "fr", "region": "Alsazia-Champagne-Ardenne-Lorena"}, "game_id": "742409", "values": [{"date": "2023-06-11-15-00-00", "latency": "39"}, {"date": "2023-06-11-15-00-00", "latency": "39"}, {"date": "2023-06-11-15-00-00", "latency": "39"}, {"date": "2023-06-11-15-00-00", "latency": "39"}, {"date": "2023-06-11-15-00-00", "latency": "39"}, {"date": "2023-06-11-15-00-00", "latency": "39"}, {"date": "2023-06-11-15-00-00", "latency": "39"}, {"date": "2023-06-11-15-00-00", "latency": "39"}, {"date": "2023-06-11-15-00-00", "latency": "39"}, {"date": "2023-06-11-15-00-00", "latency": "39"}, {"date": "2023-06-11-15-00-00", "latency": "39"}, {"date": "2023-06-11-15-00-00", "latency": "39"}, {"date": "2023-06-11-15-00-00", "latency": "39"}, {"date": "2023-06-11-15-00-00", "latency": "39"}, {"date": "2023-06-11-15-00-00", "latency": "39"}, {"date": "2023-06-11-15-00-00", "latency": "39"}, {"date": "2023-06-11-15-00-00", "latency": "39"}, {"date": "2023-06-11-15-00-00", "latency": "39"}, {"date": "2023-06-11-15-00-00", "latency": "39"}, {"date": "2023-06-11-15-00-00", "latency": "39"}, {"date": "2023-06-11-15-00-00", "latency": "39"}, {"date": "2023-06-11-15-00-00", "latency": "39"}, {"date": "2023-06-11-15-00-00", "latency": "39"}, {"date": "2023-06-11-15-00-00", "latency": "39"}, {"date": "2023-06-11-15-00-00", "latency": "39"}, {"date": "2023-06-11-15-00-00", "latency": "39"}, {"date": "2023-06-11-15-00-00", "latency": "39"}, {"date": "2023-06-11-15-00-00", "latency": "39"}, {"date": "2023-06-11-15-00-00", "latency": "39"}, {"date": "2023-06-11-15-00-00", "latency": "39"}, {"date": "2023-06-11-15-00-00", "latency": "39"}, {"date": "2023-06-11-15-00-00", "latency": "39"}, {"date": "2023-06-11-15-00-00", "latency": "39"}]}, {"location": {"country_code": "de", "region": "Lower Saxony"}, "game_id": "742409", "values": [{"date": "2023-06-11-20-00-00", "latency": "58"}, {"date": "2023-06-11-20-00-00", "latency": "58"}, {"date": "2023-06-11-20-00-00", "latency": "58"}, {"date": "2023-06-11-20-00-00", "latency": "58"}, {"date": "2023-06-11-20-00-00", "latency": "58"}, {"date": "2023-06-11-20-00-00", "latency": "58"}, {"date": "2023-06-11-20-00-00", "latency": "58"}, {"date": "2023-06-11-20-00-00", "latency": "58"}, {"date": "2023-06-11-20-00-00", "latency": "58"}, {"date": "2023-06-11-20-00-00", "latency": "58"}, {"date": "2023-06-11-20-00-00", "latency": "58"}, {"date": "2023-06-11-20-00-00", "latency": "58"}, {"date": "2023-06-11-20-00-00", "latency": "58"}, {"date": "2023-06-11-20-00-00", "latency": "58"}, {"date": "2023-06-11-20-00-00", "latency": "58"}]}, {"location": {"country_code": "dj"}, "game_id": "742409", "values": [{"date": "2023-06-11-19-00-00", "latency": "22"}, {"date": "2023-06-11-19-00-00", "latency": "22"}, {"date": "2023-06-11-19-00-00", "latency": "22"}, {"date": "2023-06-11-19-00-00", "latency": "22"}, {"date": "2023-06-11-19-00-00", "latency": "22"}, {"date": "2023-06-11-19-00-00", "latency": "22"}, {"date": "2023-06-11-19-00-00", "latency": "22"}, {"date": "2023-06-11-19-00-00", "latency": "22"}, {"date": "2023-06-11-19-00-00", "latency": "22"}, {"date": "2023-06-11-19-00-00", "latency": "22"}, {"date": "2023-06-11-19-00-00", "latency": "22"}, {"date": "2023-06-11-19-00-00", "latency": "22"}, {"date": "2023-06-11-19-00-00", "latency": "22"}, {"date": "2023-06-11-19-00-00", "latency": "22"}, {"date": "2023-06-11-19-00-00", "latency": "22"}, {"date": "2023-06-11-19-00-00", "latency": "22"}, {"date": "2023-06-11-19-00-00", "latency": "22"}, {"date": "2023-06-11-19-00-00", "latency": "22"}, {"date": "2023-06-11-19-00-00", "latency": "22"}, {"date": "2023-06-11-19-00-00", "latency": "22"}, {"date": "2023-06-11-19-00-00", "latency": "22"}, {"date": "2023-06-11-19-00-00", "latency": "22"}, {"date": "2023-06-11-19-00-00", "latency": "22"}, {"date": "2023-06-11-19-00-00", "latency": "22"}, {"date": "2023-06-11-19-00-00", "latency": "22"}, {"date": "2023-06-11-19-00-00", "latency": "22"}, {"date": "2023-06-11-19-00-00", "latency": "22"}, {"date": "2023-06-11-19-00-00", "latency": "22"}, {"date": "2023-06-11-19-00-00", "latency": "22"}, {"date": "2023-06-11-19-00-00", "latency": "22"}, {"date": "2023-06-11-19-00-00", "latency": "22"}, {"date": "2023-06-11-19-00-00", "latency": "22"}, {"date": "2023-06-11-19-00-00", "latency": "22"}, {"date": "2023-06-11-19-00-00", "latency": "22"}, {"date": "2023-06-11-19-00-00", "latency": "22"}, {"date": "2023-06-11-19-00-00", "latency": "22"}, {"date": "2023-06-11-19-00-00", "latency": "22"}, {"date": "2023-06-11-19-00-00", "latency": "22"}, {"date": "2023-06-11-19-00-00", "latency": "22"}, {"date": "2023-06-11-19-00-00", "latency": "22"}, {"date": "2023-06-11-19-00-00", "latency": "22"}, {"date": "2023-06-11-19-00-00", "latency": "22"}, {"date": "2023-06-11-19-00-00", "latency": "22"}, {"date": "2023-06-11-19-00-00", "latency": "22"}, {"date": "2023-06-11-19-00-00", "latency": "22"}, {"date": "2023-06-11-19-00-00", "latency": "22"}, {"date": "2023-06-11-19-00-00", "latency": "22"}, {"date": "2023-06-11-19-00-00", "latency": "22"}, {"date": "2023-06-11-19-00-00", "latency": "22"}]}, {"location": {"country_code": "ro", "region": "Bucharest"}, "game_id": "742409", "values": [{"date": "2023-06-11-17-00-00", "latency": "56"}, {"date": "2023-06-11-17-00-00", "latency": "56"}]}, {"location": {"country_code": "mt"}, "game_id": "742409", "values": [{"date": "2023-06-11-03-00-00", "latency": "57"}, {"date": "2023-06-11-03-00-00", "latency": "57"}]}, {"location": {"country_code": "pl", "region": "Lublin Voivodeship", "city": "Lublin"}, "game_id": "742409", "values": [{"date": "2023-06-11-03-00-00", "latency": "2"}, {"date": "2023-06-11-03-00-00", "latency": "2"}, {"date": "2023-06-11-03-00-00", "latency": "2"}, {"date": "2023-06-11-03-00-00", "latency": "2"}, {"date": "2023-06-11-03-00-00", "latency": "2"}, {"date": "2023-06-11-03-00-00", "latency": "2"}, {"date": "2023-06-11-03-00-00", "latency": "2"}, {"date": "2023-06-11-03-00-00", "latency": "2"}, {"date": "2023-06-11-03-00-00", "latency": "2"}]}, {"location": {"country_code": "rs", "region": "Vojvodina", "city": "Novi Sad"}, "game_id": "742409", "values": [{"date": "2023-06-11-23-00-00", "latency": "57"}, {"date": "2023-06-11-23-00-00", "latency": "57"}, {"date": "2023-06-11-23-00-00", "latency": "57"}, {"date": "2023-06-11-23-00-00", "latency": "57"}, {"date": "2023-06-11-23-00-00", "latency": "57"}, {"date": "2023-06-11-23-00-00", "latency": "57"}, {"date": "2023-06-11-23-00-00", "latency": "57"}, {"date": "2023-06-11-23-00-00", "latency": "57"}, {"date": "2023-06-11-23-00-00", "latency": "57"}, {"date": "2023-06-11-23-00-00", "latency": "57"}, {"date": "2023-06-11-23-00-00", "latency": "57"}, {"date": "2023-06-11-23-00-00", "latency": "57"}, {"date": "2023-06-11-23-00-00", "latency": "57"}, {"date": "2023-06-11-23-00-00", "latency": "57"}, {"date": "2023-06-11-23-00-00", "latency": "57"}, {"date": "2023-06-11-23-00-00", "latency": "57"}, {"date": "2023-06-11-23-00-00", "latency": "57"}, {"date": "2023-06-11-23-00-00", "latency": "57"}]}, {"location": {"country_code": "de", "region": "Hesse", "city": "Darmstadt"}, "game_id": "742409", "values": [{"date": "2023-06-11-21-00-00", "latency": "24"}, {"date": "2023-06-11-21-00-00", "latency": "24"}, {"date": "2023-06-11-21-00-00", "latency": "24"}, {"date": "2023-06-11-21-00-00", "latency": "24"}, {"date": "2023-06-11-21-00-00", "latency": "24"}, {"date": "2023-06-11-21-00-00", "latency": "24"}]}, {"location": {"country_code": "gb", "region": "England", "city": "Ryton"}, "game_id": "742409", "values": [{"date": "2023-06-11-18-00-00", "latency": "44"}, {"date": "2023-06-11-18-00-00", "latency": "44"}, {"date": "2023-06-11-18-00-00", "latency": "44"}, {"date": "2023-06-11-18-00-00", "latency": "44"}, {"date": "2023-06-11-18-00-00", "latency": "44"}, {"date": "2023-06-11-18-00-00", "latency": "44"}, {"date": "2023-06-11-18-00-00", "latency": "44"}, {"date": "2023-06-11-18-00-00", "latency": "44"}, {"date": "2023-06-11-18-00-00", "latency": "44"}, {"date": "2023-06-11-18-00-00", "latency": "44"}, {"date": "2023-06-11-18-00-00", "latency": "44"}, {"date": "2023-06-11-18-00-00", "latency": "44"}, {"date": "2023-06-11-18-00-00", "latency": "44"}, {"date": "2023-06-11-18-00-00", "latency": "44"}, {"date": "2023-06-11-18-00-00", "latency": "44"}, {"date": "2023-06-11-18-00-00", "latency": "44"}, {"date": "2023-06-11-18-00-00", "latency": "44"}, {"date": "2023-06-11-18-00-00", "latency": "44"}, {"date": "2023-06-11-18-00-00", "latency": "44"}, {"date": "2023-06-11-18-00-00", "latency": "44"}, {"date": "2023-06-11-18-00-00", "latency": "44"}]}, {"location": {"country_code": "es", "region": "Basque Country", "city": "Onati"}, "game_id": "742409", "values": [{"date": "2023-06-11-18-00-00", "latency": "49"}, {"date": "2023-06-11-18-00-00", "latency": "49"}, {"date": "2023-06-11-18-00-00", "latency": "49"}, {"date": "2023-06-11-18-00-00", "latency": "49"}, {"date": "2023-06-11-18-00-00", "latency": "49"}, {"date": "2023-06-11-18-00-00", "latency": "49"}, {"date": "2023-06-11-18-00-00", "latency": "49"}, {"date": "2023-06-11-18-00-00", "latency": "49"}, {"date": "2023-06-11-18-00-00", "latency": "49"}, {"date": "2023-06-11-18-00-00", "latency": "49"}]}], "last_updated": 1719915106.027949}