{"data": [{"location": {"country_code": "nz"}, "game_id": "295590", "values": [{"date": "2023-01-04-12-00-00", "latency": 76}]}, {"location": {"country_code": "us"}, "game_id": "295590", "values": [{"date": "2023-01-04-06-00-00", "latency": 167}, {"date": "2023-01-04-06-00-00", "latency": 167}, {"date": "2023-01-04-06-00-00", "latency": 167}, {"date": "2023-01-04-06-00-00", "latency": 167}, {"date": "2023-01-04-06-00-00", "latency": 167}, {"date": "2023-01-04-06-00-00", "latency": 167}, {"date": "2023-01-04-23-00-00", "latency": 66}, {"date": "2023-01-04-05-00-00", "latency": 112}, {"date": "2023-01-04-05-00-00", "latency": 112}, {"date": "2023-01-04-08-00-00", "latency": 74}, {"date": "2023-01-04-08-00-00", "latency": 74}, {"date": "2023-01-04-08-00-00", "latency": 74}, {"date": "2023-01-04-08-00-00", "latency": 74}, {"date": "2023-01-04-08-00-00", "latency": 74}, {"date": "2023-01-04-02-00-00", "latency": 131}, {"date": "2023-01-05-00-00-00", "latency": 208}]}, {"location": {"country_code": "de", "region": "Berlin", "city": "Berlin"}, "game_id": "295590", "values": [{"date": "2023-01-04-22-00-00", "latency": 64}]}, {"location": {"country_code": "eg"}, "game_id": "295590", "values": [{"date": "2023-01-04-20-00-00", "latency": 206}, {"date": "2023-01-04-16-00-00", "latency": 88}]}, {"location": {"country_code": "gb"}, "game_id": "295590", "values": [{"date": "2023-01-04-06-00-00", "latency": 39}, {"date": "2023-01-04-06-00-00", "latency": 39}, {"date": "2023-01-04-22-00-00", "latency": 101}]}, {"location": {"country_code": "th"}, "game_id": "295590", "values": [{"date": "2023-01-04-17-00-00", "latency": 164}, {"date": "2023-01-04-17-00-00", "latency": 164}, {"date": "2023-01-04-17-00-00", "latency": 164}, {"date": "2023-01-04-17-00-00", "latency": 164}, {"date": "2023-01-04-22-00-00", "latency": 140}, {"date": "2023-01-04-22-00-00", "latency": 140}, {"date": "2023-01-04-22-00-00", "latency": 140}]}, {"location": {"country_code": "nl"}, "game_id": "295590", "values": [{"date": "2023-01-04-16-00-00", "latency": 46}, {"date": "2023-01-04-16-00-00", "latency": 46}, {"date": "2023-01-04-16-00-00", "latency": 46}, {"date": "2023-01-04-16-00-00", "latency": 46}, {"date": "2023-01-04-16-00-00", "latency": 46}, {"date": "2023-01-04-16-00-00", "latency": 46}, {"date": "2023-01-04-16-00-00", "latency": 46}, {"date": "2023-01-04-16-00-00", "latency": 46}, {"date": "2023-01-04-16-00-00", "latency": 46}]}, {"location": {"country_code": "cz"}, "game_id": "295590", "values": [{"date": "2023-01-05-01-00-00", "latency": 49}, {"date": "2023-01-05-01-00-00", "latency": 49}, {"date": "2023-01-04-02-00-00", "latency": 61}, {"date": "2023-01-04-02-00-00", "latency": 61}, {"date": "2023-01-04-02-00-00", "latency": 61}, {"date": "2023-01-04-02-00-00", "latency": 61}]}, {"location": {"country_code": "it"}, "game_id": "295590", "values": [{"date": "2023-01-04-04-00-00", "latency": 66}, {"date": "2023-01-04-04-00-00", "latency": 66}, {"date": "2023-01-04-04-00-00", "latency": 66}, {"date": "2023-01-04-04-00-00", "latency": 66}, {"date": "2023-01-04-04-00-00", "latency": 66}, {"date": "2023-01-04-04-00-00", "latency": 66}, {"date": "2023-01-04-04-00-00", "latency": 66}, {"date": "2023-01-04-04-00-00", "latency": 66}, {"date": "2023-01-04-04-00-00", "latency": 66}, {"date": "2023-01-04-04-00-00", "latency": 66}, {"date": "2023-01-04-04-00-00", "latency": 66}, {"date": "2023-01-04-04-00-00", "latency": 66}, {"date": "2023-01-04-04-00-00", "latency": 66}, {"date": "2023-01-04-04-00-00", "latency": 66}, {"date": "2023-01-04-04-00-00", "latency": 66}, {"date": "2023-01-04-04-00-00", "latency": 66}, {"date": "2023-01-04-04-00-00", "latency": 66}, {"date": "2023-01-04-04-00-00", "latency": 66}, {"date": "2023-01-04-04-00-00", "latency": 66}, {"date": "2023-01-04-12-00-00", "latency": 65}, {"date": "2023-01-05-00-00-00", "latency": 189}]}, {"location": {"country_code": "ro"}, "game_id": "295590", "values": [{"date": "2023-01-04-07-00-00", "latency": 68}]}, {"location": {"country_code": "jp"}, "game_id": "295590", "values": [{"date": "2023-01-04-05-00-00", "latency": 55}, {"date": "2023-01-04-16-00-00", "latency": 87}, {"date": "2023-01-04-05-00-00", "latency": 81}, {"date": "2023-01-04-11-00-00", "latency": 32}, {"date": "2023-01-04-04-00-00", "latency": 210}, {"date": "2023-01-04-04-00-00", "latency": 210}, {"date": "2023-01-04-04-00-00", "latency": 210}, {"date": "2023-01-04-04-00-00", "latency": 210}, {"date": "2023-01-04-04-00-00", "latency": 210}]}, {"location": {"country_code": "ca"}, "game_id": "295590", "values": [{"date": "2023-01-04-08-00-00", "latency": 108}, {"date": "2023-01-05-00-00-00", "latency": 90}, {"date": "2023-01-05-00-00-00", "latency": 90}, {"date": "2023-01-05-00-00-00", "latency": 90}, {"date": "2023-01-05-00-00-00", "latency": 90}, {"date": "2023-01-05-00-00-00", "latency": 90}]}, {"location": {"country_code": "de"}, "game_id": "295590", "values": [{"date": "2023-01-05-00-00-00", "latency": 49}, {"date": "2023-01-04-14-00-00", "latency": 66}, {"date": "2023-01-04-14-00-00", "latency": 66}, {"date": "2023-01-04-14-00-00", "latency": 66}, {"date": "2023-01-04-14-00-00", "latency": 66}, {"date": "2023-01-04-11-00-00", "latency": 51}, {"date": "2023-01-04-11-00-00", "latency": 51}, {"date": "2023-01-04-16-00-00", "latency": 62}, {"date": "2023-01-04-19-00-00", "latency": 201}, {"date": "2023-01-04-18-00-00", "latency": 49}, {"date": "2023-01-04-20-00-00", "latency": 46}, {"date": "2023-01-04-13-00-00", "latency": 290}]}, {"location": {"country_code": "tw"}, "game_id": "295590", "values": [{"date": "2023-01-04-14-00-00", "latency": 87}, {"date": "2023-01-04-08-00-00", "latency": 78}, {"date": "2023-01-04-14-00-00", "latency": 96}, {"date": "2023-01-04-14-00-00", "latency": 96}]}, {"location": {"country_code": "br", "region": "Parana", "city": "Araucaria"}, "game_id": "295590", "values": [{"date": "2023-01-05-00-00-00", "latency": 45}]}, {"location": {"country_code": "cl"}, "game_id": "295590", "values": [{"date": "2023-01-04-02-00-00", "latency": 22}, {"date": "2023-01-04-01-00-00", "latency": 26}, {"date": "2023-01-04-06-00-00", "latency": 43}, {"date": "2023-01-04-07-00-00", "latency": 141}, {"date": "2023-01-04-07-00-00", "latency": 141}, {"date": "2023-01-04-07-00-00", "latency": 141}, {"date": "2023-01-04-07-00-00", "latency": 141}, {"date": "2023-01-04-07-00-00", "latency": 141}, {"date": "2023-01-04-07-00-00", "latency": 141}, {"date": "2023-01-04-07-00-00", "latency": 141}]}, {"location": {"country_code": "us", "region": "Texas"}, "game_id": "295590", "values": [{"date": "2023-01-04-05-00-00", "latency": 57}]}, {"location": {"country_code": "au"}, "game_id": "295590", "values": [{"date": "2023-01-04-07-00-00", "latency": 204}, {"date": "2023-01-04-07-00-00", "latency": 204}, {"date": "2023-01-04-07-00-00", "latency": 204}, {"date": "2023-01-04-07-00-00", "latency": 204}, {"date": "2023-01-04-07-00-00", "latency": 204}, {"date": "2023-01-04-07-00-00", "latency": 204}, {"date": "2023-01-04-07-00-00", "latency": 204}, {"date": "2023-01-04-07-00-00", "latency": 204}, {"date": "2023-01-04-07-00-00", "latency": 204}, {"date": "2023-01-04-07-00-00", "latency": 204}, {"date": "2023-01-04-07-00-00", "latency": 204}, {"date": "2023-01-04-12-00-00", "latency": 92}, {"date": "2023-01-04-12-00-00", "latency": 92}, {"date": "2023-01-04-12-00-00", "latency": 92}, {"date": "2023-01-04-11-00-00", "latency": 50}, {"date": "2023-01-04-11-00-00", "latency": 50}, {"date": "2023-01-04-14-00-00", "latency": 44}, {"date": "2023-01-04-14-00-00", "latency": 44}, {"date": "2023-01-04-09-00-00", "latency": 42}, {"date": "2023-01-04-14-00-00", "latency": 29}]}, {"location": {"country_code": "ph"}, "game_id": "295590", "values": [{"date": "2023-01-04-20-00-00", "latency": 81}, {"date": "2023-01-04-20-00-00", "latency": 81}, {"date": "2023-01-04-14-00-00", "latency": 33}, {"date": "2023-01-04-14-00-00", "latency": 33}, {"date": "2023-01-04-14-00-00", "latency": 33}]}, {"location": {"country_code": "fr"}, "game_id": "295590", "values": [{"date": "2023-01-04-13-00-00", "latency": 115}, {"date": "2023-01-04-13-00-00", "latency": 115}, {"date": "2023-01-04-13-00-00", "latency": 115}, {"date": "2023-01-04-17-00-00", "latency": 63}, {"date": "2023-01-04-17-00-00", "latency": 63}, {"date": "2023-01-04-17-00-00", "latency": 63}, {"date": "2023-01-04-17-00-00", "latency": 63}, {"date": "2023-01-04-12-00-00", "latency": 48}, {"date": "2023-01-04-16-00-00", "latency": 80}, {"date": "2023-01-04-21-00-00", "latency": 57}, {"date": "2023-01-04-16-00-00", "latency": 34}, {"date": "2023-01-04-02-00-00", "latency": 71}]}, {"location": {"country_code": "fr", "region": "Ile-de-France Region", "city": "Paris"}, "game_id": "295590", "values": [{"date": "2023-01-04-12-00-00", "latency": 38}]}, {"location": {"country_code": "us", "region": "New Jersey"}, "game_id": "295590", "values": [{"date": "2023-01-04-03-00-00", "latency": 50}, {"date": "2023-01-04-03-00-00", "latency": 50}, {"date": "2023-01-04-07-00-00", "latency": 117}, {"date": "2023-01-04-07-00-00", "latency": 117}, {"date": "2023-01-04-07-00-00", "latency": 117}]}, {"location": {"country_code": "mx"}, "game_id": "295590", "values": [{"date": "2023-01-04-10-00-00", "latency": 153}, {"date": "2023-01-04-10-00-00", "latency": 153}, {"date": "2023-01-04-07-00-00", "latency": 130}, {"date": "2023-01-04-07-00-00", "latency": 130}, {"date": "2023-01-04-05-00-00", "latency": 99}, {"date": "2023-01-04-05-00-00", "latency": 99}, {"date": "2023-01-04-05-00-00", "latency": 99}, {"date": "2023-01-04-05-00-00", "latency": 99}, {"date": "2023-01-04-05-00-00", "latency": 99}, {"date": "2023-01-04-05-00-00", "latency": 99}, {"date": "2023-01-04-05-00-00", "latency": 99}, {"date": "2023-01-04-04-00-00", "latency": 112}, {"date": "2023-01-04-06-00-00", "latency": 88}, {"date": "2023-01-04-03-00-00", "latency": 107}, {"date": "2023-01-04-03-00-00", "latency": 107}, {"date": "2023-01-04-17-00-00", "latency": 144}, {"date": "2023-01-04-09-00-00", "latency": 520}, {"date": "2023-01-04-11-00-00", "latency": 844}, {"date": "2023-01-04-11-00-00", "latency": 844}, {"date": "2023-01-04-11-00-00", "latency": 844}, {"date": "2023-01-04-11-00-00", "latency": 844}, {"date": "2023-01-04-11-00-00", "latency": 844}, {"date": "2023-01-04-07-00-00", "latency": 98}, {"date": "2023-01-04-07-00-00", "latency": 98}, {"date": "2023-01-04-07-00-00", "latency": 98}, {"date": "2023-01-04-07-00-00", "latency": 98}]}, {"location": {"country_code": "us", "region": "Ohio"}, "game_id": "295590", "values": [{"date": "2023-01-04-08-00-00", "latency": 53}, {"date": "2023-01-04-08-00-00", "latency": 53}, {"date": "2023-01-04-08-00-00", "latency": 53}, {"date": "2023-01-04-08-00-00", "latency": 53}]}, {"location": {"country_code": "in"}, "game_id": "295590", "values": [{"date": "2023-01-04-10-00-00", "latency": 254}, {"date": "2023-01-04-10-00-00", "latency": 254}, {"date": "2023-01-04-10-00-00", "latency": 254}]}, {"location": {"country_code": "us", "region": "California"}, "game_id": "295590", "values": [{"date": "2023-01-04-09-00-00", "latency": 215}]}, {"location": {"country_code": "rs"}, "game_id": "295590", "values": [{"date": "2023-01-04-20-00-00", "latency": 48}, {"date": "2023-01-04-20-00-00", "latency": 48}]}, {"location": {"country_code": "br"}, "game_id": "295590", "values": [{"date": "2023-01-04-02-00-00", "latency": 53}, {"date": "2023-01-04-02-00-00", "latency": 53}, {"date": "2023-01-05-01-00-00", "latency": 109}, {"date": "2023-01-05-01-00-00", "latency": 109}, {"date": "2023-01-05-01-00-00", "latency": 109}, {"date": "2023-01-04-21-00-00", "latency": 54}, {"date": "2023-01-04-21-00-00", "latency": 54}, {"date": "2023-01-04-21-00-00", "latency": 54}, {"date": "2023-01-04-21-00-00", "latency": 54}, {"date": "2023-01-04-19-00-00", "latency": 44}, {"date": "2023-01-04-13-00-00", "latency": 72}, {"date": "2023-01-04-13-00-00", "latency": 72}, {"date": "2023-01-04-13-00-00", "latency": 72}, {"date": "2023-01-04-13-00-00", "latency": 72}, {"date": "2023-01-04-13-00-00", "latency": 72}, {"date": "2023-01-04-13-00-00", "latency": 72}, {"date": "2023-01-04-02-00-00", "latency": 204}, {"date": "2023-01-04-04-00-00", "latency": 38}, {"date": "2023-01-04-04-00-00", "latency": 38}]}, {"location": {"country_code": "pt"}, "game_id": "295590", "values": [{"date": "2023-01-05-01-00-00", "latency": 60}]}, {"location": {"country_code": "br", "region": "Sao Paulo", "city": "Apiai"}, "game_id": "295590", "values": [{"date": "2023-01-04-15-00-00", "latency": 43}, {"date": "2023-01-04-15-00-00", "latency": 43}, {"date": "2023-01-04-15-00-00", "latency": 43}, {"date": "2023-01-04-15-00-00", "latency": 43}, {"date": "2023-01-04-21-00-00", "latency": 65}, {"date": "2023-01-04-21-00-00", "latency": 65}, {"date": "2023-01-04-21-00-00", "latency": 65}, {"date": "2023-01-04-21-00-00", "latency": 65}, {"date": "2023-01-04-01-00-00", "latency": 831}, {"date": "2023-01-04-01-00-00", "latency": 50}]}, {"location": {"country_code": "br", "region": "Santa Catarina"}, "game_id": "295590", "values": [{"date": "2023-01-04-10-00-00", "latency": 48}]}, {"location": {"country_code": "se"}, "game_id": "295590", "values": [{"date": "2023-01-04-20-00-00", "latency": 280}, {"date": "2023-01-04-20-00-00", "latency": 280}, {"date": "2023-01-04-20-00-00", "latency": 280}, {"date": "2023-01-04-20-00-00", "latency": 280}, {"date": "2023-01-04-20-00-00", "latency": 280}]}, {"location": {"country_code": "no"}, "game_id": "295590", "values": [{"date": "2023-01-04-18-00-00", "latency": 79}]}, {"location": {"country_code": "us", "region": "Ohio", "city": "Cincinnati"}, "game_id": "295590", "values": [{"date": "2023-01-04-11-00-00", "latency": 42}, {"date": "2023-01-04-11-00-00", "latency": 42}, {"date": "2023-01-04-11-00-00", "latency": 42}, {"date": "2023-01-04-11-00-00", "latency": 42}]}, {"location": {"country_code": "ec"}, "game_id": "295590", "values": [{"date": "2023-01-04-03-00-00", "latency": 91}, {"date": "2023-01-04-03-00-00", "latency": 91}, {"date": "2023-01-05-01-00-00", "latency": 92}, {"date": "2023-01-05-01-00-00", "latency": 92}, {"date": "2023-01-05-01-00-00", "latency": 92}, {"date": "2023-01-05-01-00-00", "latency": 92}, {"date": "2023-01-05-00-00-00", "latency": 94}, {"date": "2023-01-05-00-00-00", "latency": 94}, {"date": "2023-01-05-00-00-00", "latency": 94}]}, {"location": {"country_code": "us", "region": "Texas", "city": "Austin"}, "game_id": "295590", "values": [{"date": "2023-01-04-10-00-00", "latency": 64}, {"date": "2023-01-04-10-00-00", "latency": 64}, {"date": "2023-01-04-10-00-00", "latency": 64}]}, {"location": {"country_code": "es", "region": "Madrid", "city": "Parla"}, "game_id": "295590", "values": [{"date": "2023-01-04-18-00-00", "latency": 50}]}, {"location": {"country_code": "tr"}, "game_id": "295590", "values": [{"date": "2023-01-04-16-00-00", "latency": 52}, {"date": "2023-01-04-10-00-00", "latency": 56}, {"date": "2023-01-04-10-00-00", "latency": 56}, {"date": "2023-01-04-22-00-00", "latency": 60}, {"date": "2023-01-04-22-00-00", "latency": 60}, {"date": "2023-01-04-22-00-00", "latency": 60}, {"date": "2023-01-04-14-00-00", "latency": 64}]}, {"location": {"country_code": "tr", "region": "Marmara Bolgesi", "city": "Istanbul"}, "game_id": "295590", "values": [{"date": "2023-01-04-15-00-00", "latency": 244}, {"date": "2023-01-04-15-00-00", "latency": 244}, {"date": "2023-01-04-20-00-00", "latency": 78}, {"date": "2023-01-04-20-00-00", "latency": 78}]}, {"location": {"country_code": "de", "region": "Hesse"}, "game_id": "295590", "values": [{"date": "2023-01-04-10-00-00", "latency": 37}, {"date": "2023-01-05-01-00-00", "latency": 142}, {"date": "2023-01-05-01-00-00", "latency": 142}, {"date": "2023-01-05-01-00-00", "latency": 142}, {"date": "2023-01-05-01-00-00", "latency": 142}, {"date": "2023-01-05-01-00-00", "latency": 142}, {"date": "2023-01-05-01-00-00", "latency": 142}, {"date": "2023-01-05-01-00-00", "latency": 142}, {"date": "2023-01-05-01-00-00", "latency": 142}, {"date": "2023-01-05-01-00-00", "latency": 142}]}, {"location": {"country_code": "es"}, "game_id": "295590", "values": [{"date": "2023-01-04-17-00-00", "latency": 66}, {"date": "2023-01-04-21-00-00", "latency": 84}, {"date": "2023-01-04-23-00-00", "latency": 41}, {"date": "2023-01-04-21-00-00", "latency": 48}, {"date": "2023-01-04-23-00-00", "latency": 124}, {"date": "2023-01-04-23-00-00", "latency": 124}]}, {"location": {"country_code": "ar"}, "game_id": "295590", "values": [{"date": "2023-01-04-08-00-00", "latency": 57}, {"date": "2023-01-04-02-00-00", "latency": 120}, {"date": "2023-01-04-07-00-00", "latency": 76}]}, {"location": {"country_code": "ar", "region": "Buenos Aires F.D.", "city": "Bahia Blanca"}, "game_id": "295590", "values": [{"date": "2023-01-04-04-00-00", "latency": 79}, {"date": "2023-01-04-04-00-00", "latency": 79}, {"date": "2023-01-04-02-00-00", "latency": 47}]}, {"location": {"country_code": "ar", "region": "Cordoba Province", "city": "Rio Cuarto"}, "game_id": "295590", "values": [{"date": "2023-01-04-21-00-00", "latency": 363}]}, {"location": {"country_code": "vn"}, "game_id": "295590", "values": [{"date": "2023-01-04-13-00-00", "latency": 50}, {"date": "2023-01-04-09-00-00", "latency": 63}, {"date": "2023-01-04-09-00-00", "latency": 63}, {"date": "2023-01-04-09-00-00", "latency": 63}, {"date": "2023-01-04-09-00-00", "latency": 63}, {"date": "2023-01-04-09-00-00", "latency": 63}, {"date": "2023-01-04-09-00-00", "latency": 63}]}, {"location": {"country_code": "us", "region": "Michigan", "city": "Detroit"}, "game_id": "295590", "values": [{"date": "2023-01-04-23-00-00", "latency": 125}]}, {"location": {"country_code": "us", "region": "North Carolina", "city": "Charlotte"}, "game_id": "295590", "values": [{"date": "2023-01-04-04-00-00", "latency": 73}, {"date": "2023-01-04-04-00-00", "latency": 73}, {"date": "2023-01-04-04-00-00", "latency": 73}, {"date": "2023-01-04-04-00-00", "latency": 73}, {"date": "2023-01-04-04-00-00", "latency": 73}]}, {"location": {"country_code": "gt", "region": "Guatemala Department", "city": "Guatemala City"}, "game_id": "295590", "values": [{"date": "2023-01-04-03-00-00", "latency": 315}]}, {"location": {"country_code": "us", "region": "Missouri"}, "game_id": "295590", "values": [{"date": "2023-01-04-03-00-00", "latency": 38}]}, {"location": {"country_code": "us", "region": "Texas", "city": "Houston"}, "game_id": "295590", "values": [{"date": "2023-01-04-04-00-00", "latency": 91}, {"date": "2023-01-04-04-00-00", "latency": 91}, {"date": "2023-01-04-04-00-00", "latency": 91}, {"date": "2023-01-04-04-00-00", "latency": 91}, {"date": "2023-01-04-04-00-00", "latency": 91}, {"date": "2023-01-04-04-00-00", "latency": 91}]}, {"location": {"country_code": "us", "region": "Michigan"}, "game_id": "295590", "values": [{"date": "2023-01-04-21-00-00", "latency": 87}]}, {"location": {"country_code": "co"}, "game_id": "295590", "values": [{"date": "2023-01-04-11-00-00", "latency": 166}, {"date": "2023-01-04-11-00-00", "latency": 166}, {"date": "2023-01-04-11-00-00", "latency": 166}, {"date": "2023-01-04-11-00-00", "latency": 166}, {"date": "2023-01-04-11-00-00", "latency": 166}, {"date": "2023-01-04-11-00-00", "latency": 166}, {"date": "2023-01-04-11-00-00", "latency": 166}, {"date": "2023-01-04-11-00-00", "latency": 166}, {"date": "2023-01-04-11-00-00", "latency": 166}, {"date": "2023-01-04-11-00-00", "latency": 166}, {"date": "2023-01-04-11-00-00", "latency": 166}]}, {"location": {"country_code": "at"}, "game_id": "295590", "values": [{"date": "2023-01-04-16-00-00", "latency": 56}, {"date": "2023-01-04-16-00-00", "latency": 56}, {"date": "2023-01-04-16-00-00", "latency": 56}]}, {"location": {"country_code": "mx", "region": "Veracruz"}, "game_id": "295590", "values": [{"date": "2023-01-04-07-00-00", "latency": 189}, {"date": "2023-01-04-07-00-00", "latency": 189}, {"date": "2023-01-04-07-00-00", "latency": 189}]}, {"location": {"country_code": "ve"}, "game_id": "295590", "values": [{"date": "2023-01-04-04-00-00", "latency": 75}, {"date": "2023-01-04-04-00-00", "latency": 75}, {"date": "2023-01-04-04-00-00", "latency": 75}, {"date": "2023-01-04-04-00-00", "latency": 75}, {"date": "2023-01-04-02-00-00", "latency": 57}, {"date": "2023-01-04-02-00-00", "latency": 57}, {"date": "2023-01-04-02-00-00", "latency": 57}, {"date": "2023-01-04-02-00-00", "latency": 57}]}, {"location": {"country_code": "es", "region": "Catalonia", "city": "l'Hospitalet de Llobregat"}, "game_id": "295590", "values": [{"date": "2023-01-04-21-00-00", "latency": 57}]}, {"location": {"country_code": "pl"}, "game_id": "295590", "values": [{"date": "2023-01-04-14-00-00", "latency": 148}, {"date": "2023-01-04-17-00-00", "latency": 58}, {"date": "2023-01-04-01-00-00", "latency": 176}, {"date": "2023-01-04-01-00-00", "latency": 176}, {"date": "2023-01-04-01-00-00", "latency": 176}, {"date": "2023-01-04-22-00-00", "latency": 84}]}, {"location": {"country_code": "cr"}, "game_id": "295590", "values": [{"date": "2023-01-04-07-00-00", "latency": 101}, {"date": "2023-01-04-07-00-00", "latency": 73}, {"date": "2023-01-04-07-00-00", "latency": 73}, {"date": "2023-01-04-07-00-00", "latency": 73}, {"date": "2023-01-04-09-00-00", "latency": 161}]}, {"location": {"country_code": "pe"}, "game_id": "295590", "values": [{"date": "2023-01-04-06-00-00", "latency": 113}]}, {"location": {"country_code": "us", "region": "District of Columbia", "city": "Washington"}, "game_id": "295590", "values": [{"date": "2023-01-04-08-00-00", "latency": 75}]}, {"location": {"country_code": "ca", "region": "Ontario", "city": "Toronto"}, "game_id": "295590", "values": [{"date": "2023-01-04-06-00-00", "latency": 46}, {"date": "2023-01-05-01-00-00", "latency": 42}, {"date": "2023-01-04-22-00-00", "latency": 50}, {"date": "2023-01-04-22-00-00", "latency": 50}]}, {"location": {"country_code": "my"}, "game_id": "295590", "values": [{"date": "2023-01-04-19-00-00", "latency": 36}]}, {"location": {"country_code": "au", "region": "Queensland"}, "game_id": "295590", "values": [{"date": "2023-01-04-07-00-00", "latency": 46}, {"date": "2023-01-04-07-00-00", "latency": 46}, {"date": "2023-01-04-07-00-00", "latency": 46}, {"date": "2023-01-04-07-00-00", "latency": 46}]}, {"location": {"country_code": "us", "region": "Illinois"}, "game_id": "295590", "values": [{"date": "2023-01-04-09-00-00", "latency": 50}]}, {"location": {"country_code": "cl", "region": "Santiago Metropolitan", "city": "Santiago"}, "game_id": "295590", "values": [{"date": "2023-01-04-04-00-00", "latency": 235}, {"date": "2023-01-04-04-00-00", "latency": 235}]}, {"location": {"country_code": "au", "region": "South Australia"}, "game_id": "295590", "values": [{"date": "2023-01-04-13-00-00", "latency": 48}, {"date": "2023-01-04-13-00-00", "latency": 48}, {"date": "2023-01-04-13-00-00", "latency": 48}, {"date": "2023-01-04-13-00-00", "latency": 48}]}, {"location": {"country_code": "sk"}, "game_id": "295590", "values": [{"date": "2023-01-04-20-00-00", "latency": 98}, {"date": "2023-01-04-20-00-00", "latency": 98}, {"date": "2023-01-04-03-00-00", "latency": 70}, {"date": "2023-01-04-03-00-00", "latency": 70}, {"date": "2023-01-04-03-00-00", "latency": 70}, {"date": "2023-01-04-03-00-00", "latency": 70}]}, {"location": {"country_code": "br", "region": "Rio Grande do Sul", "city": "Porto Alegre"}, "game_id": "295590", "values": [{"date": "2023-01-04-03-00-00", "latency": 333}, {"date": "2023-01-04-03-00-00", "latency": 333}, {"date": "2023-01-04-03-00-00", "latency": 333}, {"date": "2023-01-04-03-00-00", "latency": 94}]}, {"location": {"country_code": "us", "region": "Colorado"}, "game_id": "295590", "values": [{"date": "2023-01-04-08-00-00", "latency": 89}, {"date": "2023-01-04-08-00-00", "latency": 89}, {"date": "2023-01-04-08-00-00", "latency": 89}, {"date": "2023-01-04-08-00-00", "latency": 89}, {"date": "2023-01-04-08-00-00", "latency": 89}]}, {"location": {"country_code": "br", "region": "State of Rio de Janeiro", "city": "Angra dos Reis"}, "game_id": "295590", "values": [{"date": "2023-01-04-13-00-00", "latency": 185}, {"date": "2023-01-04-13-00-00", "latency": 185}, {"date": "2023-01-04-13-00-00", "latency": 185}, {"date": "2023-01-04-13-00-00", "latency": 185}, {"date": "2023-01-04-13-00-00", "latency": 185}]}, {"location": {"country_code": "br", "region": "State of Rio de Janeiro", "city": "Sao Joao de Meriti"}, "game_id": "295590", "values": [{"date": "2023-01-04-03-00-00", "latency": 230}]}, {"location": {"country_code": "uy"}, "game_id": "295590", "values": [{"date": "2023-01-04-02-00-00", "latency": 51}]}, {"location": {"country_code": "us", "region": "Nebraska"}, "game_id": "295590", "values": [{"date": "2023-01-04-06-00-00", "latency": 144}, {"date": "2023-01-04-01-00-00", "latency": 29}]}, {"location": {"country_code": "us", "region": "Massachusetts", "city": "Boston"}, "game_id": "295590", "values": [{"date": "2023-01-04-20-00-00", "latency": 82}, {"date": "2023-01-04-20-00-00", "latency": 82}, {"date": "2023-01-04-20-00-00", "latency": 82}, {"date": "2023-01-04-20-00-00", "latency": 82}]}, {"location": {"country_code": "mx", "region": "Jalisco", "city": "Guadalajara"}, "game_id": "295590", "values": [{"date": "2023-01-04-08-00-00", "latency": 194}, {"date": "2023-01-04-08-00-00", "latency": 194}]}, {"location": {"country_code": "no", "region": "Oslo"}, "game_id": "295590", "values": [{"date": "2023-01-04-17-00-00", "latency": 60}, {"date": "2023-01-04-17-00-00", "latency": 60}]}, {"location": {"country_code": "ar", "region": "Tucuman Province", "city": "San Miguel de Tucuman"}, "game_id": "295590", "values": [{"date": "2023-01-04-06-00-00", "latency": 82}]}, {"location": {"country_code": "bg"}, "game_id": "295590", "values": [{"date": "2023-01-04-19-00-00", "latency": 76}, {"date": "2023-01-04-19-00-00", "latency": 76}, {"date": "2023-01-04-19-00-00", "latency": 76}, {"date": "2023-01-04-19-00-00", "latency": 76}, {"date": "2023-01-04-19-00-00", "latency": 76}, {"date": "2023-01-04-19-00-00", "latency": 76}, {"date": "2023-01-04-19-00-00", "latency": 76}, {"date": "2023-01-04-19-00-00", "latency": 76}, {"date": "2023-01-04-19-00-00", "latency": 76}, {"date": "2023-01-04-19-00-00", "latency": 76}, {"date": "2023-01-04-19-00-00", "latency": 76}, {"date": "2023-01-04-19-00-00", "latency": 76}]}, {"location": {"country_code": "us", "region": "California", "city": "Ojai"}, "game_id": "295590", "values": [{"date": "2023-01-04-07-00-00", "latency": 94}]}, {"location": {"country_code": "fr", "region": "Nord-Passo di Calais-Piccardia"}, "game_id": "295590", "values": [{"date": "2023-01-04-14-00-00", "latency": 37}]}, {"location": {"country_code": "es", "region": "Andalusia"}, "game_id": "295590", "values": [{"date": "2023-01-04-02-00-00", "latency": 64}]}, {"location": {"country_code": "ae", "region": "Dubai", "city": "Dubai"}, "game_id": "295590", "values": [{"date": "2023-01-04-03-00-00", "latency": 103}, {"date": "2023-01-04-03-00-00", "latency": 103}]}, {"location": {"country_code": "br", "region": "Amazonas", "city": "Manaus"}, "game_id": "295590", "values": [{"date": "2023-01-04-01-00-00", "latency": 129}, {"date": "2023-01-04-01-00-00", "latency": 129}, {"date": "2023-01-04-01-00-00", "latency": 129}]}, {"location": {"country_code": "de", "region": "Schleswig-Holstein"}, "game_id": "295590", "values": [{"date": "2023-01-04-11-00-00", "latency": 58}]}, {"location": {"country_code": "fo"}, "game_id": "295590", "values": [{"date": "2023-01-05-00-00-00", "latency": 52}, {"date": "2023-01-05-00-00-00", "latency": 52}, {"date": "2023-01-05-00-00-00", "latency": 52}, {"date": "2023-01-05-00-00-00", "latency": 52}, {"date": "2023-01-05-00-00-00", "latency": 52}, {"date": "2023-01-05-00-00-00", "latency": 52}, {"date": "2023-01-05-00-00-00", "latency": 52}]}, {"location": {"country_code": "ar", "region": "Mendoza Province", "city": "Mendoza"}, "game_id": "295590", "values": [{"date": "2023-01-04-08-00-00", "latency": 68}]}, {"location": {"country_code": "br", "region": "Sao Paulo", "city": "Barretos"}, "game_id": "295590", "values": [{"date": "2023-01-04-11-00-00", "latency": 54}]}, {"location": {"country_code": "mx", "region": "Baja California", "city": "Mexicali"}, "game_id": "295590", "values": [{"date": "2023-01-04-07-00-00", "latency": 101}, {"date": "2023-01-04-07-00-00", "latency": 101}, {"date": "2023-01-04-07-00-00", "latency": 101}]}, {"location": {"country_code": "ma"}, "game_id": "295590", "values": [{"date": "2023-01-04-23-00-00", "latency": 70}, {"date": "2023-01-04-23-00-00", "latency": 70}]}, {"location": {"country_code": "ad", "region": "Andorra la Vella", "city": "Andorra la Vella"}, "game_id": "295590", "values": [{"date": "2023-01-04-03-00-00", "latency": 26}]}, {"location": {"country_code": "de", "region": "North Rhine-Westphalia", "city": "Dusseldorf"}, "game_id": "295590", "values": [{"date": "2023-01-04-13-00-00", "latency": 67}, {"date": "2023-01-04-13-00-00", "latency": 67}]}, {"location": {"country_code": "qa"}, "game_id": "295590", "values": [{"date": "2023-01-04-18-00-00", "latency": 74}]}, {"location": {"country_code": "br", "region": "Espirito Santo", "city": "Aracruz"}, "game_id": "295590", "values": [{"date": "2023-01-04-05-00-00", "latency": 73}, {"date": "2023-01-04-05-00-00", "latency": 73}, {"date": "2023-01-04-05-00-00", "latency": 73}, {"date": "2023-01-04-05-00-00", "latency": 73}]}, {"location": {"country_code": "br", "region": "Sao Paulo", "city": "Sumare"}, "game_id": "295590", "values": [{"date": "2023-01-04-03-00-00", "latency": 30}]}, {"location": {"country_code": "gb", "region": "England", "city": "Norwich"}, "game_id": "295590", "values": [{"date": "2023-01-04-22-00-00", "latency": 179}, {"date": "2023-01-04-22-00-00", "latency": 179}, {"date": "2023-01-04-22-00-00", "latency": 179}, {"date": "2023-01-04-22-00-00", "latency": 179}, {"date": "2023-01-04-22-00-00", "latency": 179}, {"date": "2023-01-04-22-00-00", "latency": 179}, {"date": "2023-01-04-22-00-00", "latency": 179}, {"date": "2023-01-04-22-00-00", "latency": 179}]}, {"location": {"country_code": "us", "region": "Iowa", "city": "Fairfield"}, "game_id": "295590", "values": [{"date": "2023-01-04-05-00-00", "latency": 51}]}, {"location": {"country_code": "pl", "region": "Silesian Voivodeship", "city": "Katowice"}, "game_id": "295590", "values": [{"date": "2023-01-04-16-00-00", "latency": 54}, {"date": "2023-01-04-16-00-00", "latency": 54}]}, {"location": {"country_code": "us", "region": "New Jersey", "city": "Sayreville"}, "game_id": "295590", "values": [{"date": "2023-01-04-03-00-00", "latency": 76}]}, {"location": {"country_code": "eg", "region": "Sohag Governorate"}, "game_id": "295590", "values": [{"date": "2023-01-04-09-00-00", "latency": 197}, {"date": "2023-01-04-09-00-00", "latency": 197}]}, {"location": {"country_code": "us", "region": "Connecticut", "city": "East Hartford"}, "game_id": "295590", "values": [{"date": "2023-01-04-06-00-00", "latency": 89}, {"date": "2023-01-04-06-00-00", "latency": 89}, {"date": "2023-01-04-06-00-00", "latency": 89}, {"date": "2023-01-04-06-00-00", "latency": 89}, {"date": "2023-01-04-06-00-00", "latency": 89}, {"date": "2023-01-04-06-00-00", "latency": 89}, {"date": "2023-01-04-06-00-00", "latency": 89}, {"date": "2023-01-04-06-00-00", "latency": 89}, {"date": "2023-01-04-06-00-00", "latency": 89}, {"date": "2023-01-04-06-00-00", "latency": 89}, {"date": "2023-01-04-06-00-00", "latency": 89}, {"date": "2023-01-04-06-00-00", "latency": 89}, {"date": "2023-01-04-06-00-00", "latency": 89}, {"date": "2023-01-04-06-00-00", "latency": 89}, {"date": "2023-01-04-06-00-00", "latency": 89}, {"date": "2023-01-04-06-00-00", "latency": 89}, {"date": "2023-01-04-06-00-00", "latency": 89}, {"date": "2023-01-04-06-00-00", "latency": 89}, {"date": "2023-01-04-06-00-00", "latency": 89}, {"date": "2023-01-04-06-00-00", "latency": 89}, {"date": "2023-01-04-06-00-00", "latency": 89}, {"date": "2023-01-04-06-00-00", "latency": 89}, {"date": "2023-01-04-06-00-00", "latency": 89}, {"date": "2023-01-04-06-00-00", "latency": 89}, {"date": "2023-01-04-06-00-00", "latency": 89}, {"date": "2023-01-04-06-00-00", "latency": 89}, {"date": "2023-01-04-06-00-00", "latency": 89}, {"date": "2023-01-04-06-00-00", "latency": 89}, {"date": "2023-01-04-06-00-00", "latency": 89}, {"date": "2023-01-04-06-00-00", "latency": 89}, {"date": "2023-01-04-06-00-00", "latency": 89}]}], "last_updated": 1719927557.647861}