{"data": [{"location": {"country_code": "gb", "region": "England"}, "game_id": "614266", "values": [{"date": "2023-09-17-00-00-00", "latency": 59}]}, {"location": {"country_code": "mx"}, "game_id": "614266", "values": [{"date": "2023-09-16-08-00-00", "latency": 68}]}, {"location": {"country_code": "us", "region": "Texas", "city": "Houston"}, "game_id": "614266", "values": [{"date": "2023-09-16-06-00-00", "latency": 256}, {"date": "2023-09-16-06-00-00", "latency": 256}]}, {"location": {"country_code": "us", "region": "Alaska"}, "game_id": "614266", "values": [{"date": "2023-09-17-00-00-00", "latency": 110}, {"date": "2023-09-17-00-00-00", "latency": 110}, {"date": "2023-09-17-00-00-00", "latency": 110}, {"date": "2023-09-17-00-00-00", "latency": 110}, {"date": "2023-09-17-00-00-00", "latency": 110}, {"date": "2023-09-17-00-00-00", "latency": 110}]}, {"location": {"country_code": "us", "region": "Illinois", "city": "Chicago"}, "game_id": "614266", "values": [{"date": "2023-09-16-05-00-00", "latency": 45}]}, {"location": {"country_code": "us", "region": "North Carolina"}, "game_id": "614266", "values": [{"date": "2023-09-16-09-00-00", "latency": 85}, {"date": "2023-09-16-09-00-00", "latency": 85}, {"date": "2023-09-16-09-00-00", "latency": 85}, {"date": "2023-09-16-09-00-00", "latency": 85}, {"date": "2023-09-16-09-00-00", "latency": 85}]}], "last_updated": 1719927596.997506}