{"data": [{"location": {"country_code": "gb", "region": "England"}, "game_id": "614266", "values": [{"date": "2023-09-21-02-00-00", "latency": 124}, {"date": "2023-09-21-02-00-00", "latency": 124}]}, {"location": {"country_code": "us", "region": "Illinois", "city": "Chicago"}, "game_id": "614266", "values": [{"date": "2023-09-21-03-00-00", "latency": 33}]}, {"location": {"country_code": "us", "region": "North Carolina"}, "game_id": "614266", "values": [{"date": "2023-09-21-09-00-00", "latency": 76}, {"date": "2023-09-21-09-00-00", "latency": 76}, {"date": "2023-09-21-09-00-00", "latency": 76}, {"date": "2023-09-21-09-00-00", "latency": 76}, {"date": "2023-09-21-09-00-00", "latency": 76}, {"date": "2023-09-21-09-00-00", "latency": 76}, {"date": "2023-09-21-09-00-00", "latency": 76}]}], "last_updated": 1719927597.160733}