{"data": [{"location": {"country_code": "us"}, "game_id": "747108", "values": [{"date": "2022-06-04-19-00-00", "alternatives": ["31", "318", "31"]}, {"date": "2022-06-04-19-00-00", "alternatives": ["31", "318", "31"]}, {"date": "2022-06-04-19-00-00", "alternatives": ["31", "318", "31"]}, {"date": "2022-06-04-19-00-00", "alternatives": ["31", "318", "31"]}, {"date": "2022-06-04-19-00-00", "alternatives": ["31", "318", "31"]}, {"date": "2022-06-04-19-00-00", "alternatives": ["31", "318", "31"]}, {"date": "2022-06-04-16-00-00", "alternatives": ["1", "1", "15"]}, {"date": "2022-06-04-20-00-00", "alternatives": ["11", "11", "110"]}, {"date": "2022-06-04-20-00-00", "alternatives": ["11", "11", "110"]}, {"date": "2022-06-04-20-00-00", "alternatives": ["11", "11", "110"]}, {"date": "2022-06-04-20-00-00", "alternatives": ["11", "11", "110"]}, {"date": "2022-06-04-08-00-00", "alternatives": ["172", "112", "172"]}, {"date": "2022-06-04-08-00-00", "alternatives": ["172", "112", "172"]}]}, {"location": {"country_code": "de", "region": "Berlin", "city": "Berlin"}, "game_id": "747108", "values": [{"date": "2022-06-04-08-00-00", "alternatives": ["16", "16", "15"]}, {"date": "2022-06-04-08-00-00", "alternatives": ["16", "16", "15"]}, {"date": "2022-06-04-08-00-00", "alternatives": ["16", "16", "15"]}, {"date": "2022-06-04-08-00-00", "alternatives": ["16", "16", "15"]}, {"date": "2022-06-04-20-00-00", "alternatives": ["1653", "16", "16"]}, {"date": "2022-06-04-14-00-00", "alternatives": ["11", "11", "110"]}]}, {"location": {"country_code": "us", "region": "New York", "city": "Jamestown"}, "game_id": "747108", "values": [{"date": "2022-06-04-08-00-00", "alternatives": ["1", "1", "15"]}, {"date": "2022-06-04-08-00-00", "alternatives": ["1", "1", "15"]}]}, {"location": {"country_code": "th"}, "game_id": "747108", "values": [{"date": "2022-06-05-00-00-00", "alternatives": [2031, 202, 203, 203, 203, 203]}, {"date": "2022-06-05-00-00-00", "alternatives": [2031, 202, 203, 203, 203, 203]}, {"date": "2022-06-05-00-00-00", "alternatives": [2031, 202, 203, 203, 203, 203]}, {"date": "2022-06-05-00-00-00", "alternatives": [2031, 202, 203, 203, 203, 203]}, {"date": "2022-06-05-00-00-00", "alternatives": [2031, 202, 203, 203, 203, 203]}, {"date": "2022-06-05-00-00-00", "alternatives": [2031, 202, 203, 203, 203, 203]}, {"date": "2022-06-05-00-00-00", "alternatives": [2031, 202, 203, 203, 203, 203]}, {"date": "2022-06-05-00-00-00", "alternatives": [2031, 202, 203, 203, 203, 203]}, {"date": "2022-06-05-00-00-00", "alternatives": [2031, 202, 203, 203, 203, 203]}, {"date": "2022-06-05-00-00-00", "alternatives": [2031, 202, 203, 203, 203, 203]}, {"date": "2022-06-05-00-00-00", "alternatives": [2031, 202, 203, 203, 203, 203]}, {"date": "2022-06-05-00-00-00", "alternatives": [2031, 202, 203, 203, 203, 203]}, {"date": "2022-06-05-00-00-00", "alternatives": [2031, 202, 203, 203, 203, 203]}, {"date": "2022-06-05-00-00-00", "alternatives": [2031, 202, 203, 203, 203, 203]}]}, {"location": {"country_code": "nl"}, "game_id": "747108", "values": [{"date": "2022-06-04-04-00-00", "alternatives": ["171", "17", "17"]}, {"date": "2022-06-04-04-00-00", "alternatives": ["171", "17", "17"]}, {"date": "2022-06-04-04-00-00", "alternatives": ["171", "17", "17"]}, {"date": "2022-06-04-04-00-00", "alternatives": ["171", "17", "17"]}, {"date": "2022-06-05-01-00-00", "alternatives": ["6", "16", "6"]}, {"date": "2022-06-05-01-00-00", "alternatives": ["6", "16", "6"]}, {"date": "2022-06-05-01-00-00", "alternatives": ["6", "16", "6"]}, {"date": "2022-06-05-01-00-00", "alternatives": ["6", "16", "6"]}, {"date": "2022-06-05-01-00-00", "alternatives": ["6", "16", "6"]}, {"date": "2022-06-05-01-00-00", "alternatives": ["6", "16", "6"]}, {"date": "2022-06-05-01-00-00", "alternatives": ["6", "16", "6"]}, {"date": "2022-06-05-01-00-00", "alternatives": ["6", "16", "6"]}, {"date": "2022-06-05-01-00-00", "alternatives": ["6", "16", "6"]}, {"date": "2022-06-05-01-00-00", "alternatives": ["6", "16", "6"]}, {"date": "2022-06-05-01-00-00", "alternatives": ["6", "16", "6"]}, {"date": "2022-06-04-03-00-00", "alternatives": [3, 31, 3, 3]}, {"date": "2022-06-04-03-00-00", "alternatives": [3, 31, 3, 3]}]}, {"location": {"country_code": "it"}, "game_id": "747108", "values": [{"date": "2022-06-05-02-00-00", "alternatives": ["3", "31", "3"]}, {"date": "2022-06-05-02-00-00", "alternatives": ["3", "31", "3"]}, {"date": "2022-06-05-02-00-00", "alternatives": ["3", "31", "3"]}, {"date": "2022-06-05-02-00-00", "alternatives": ["3", "31", "3"]}, {"date": "2022-06-05-02-00-00", "alternatives": ["3", "31", "3"]}, {"date": "2022-06-04-18-00-00", "alternatives": ["32", "32", "472"]}, {"date": "2022-06-04-18-00-00", "alternatives": ["32", "32", "472"]}, {"date": "2022-06-04-18-00-00", "alternatives": ["32", "32", "472"]}]}, {"location": {"country_code": "ro"}, "game_id": "747108", "values": [{"date": "2022-06-04-15-00-00", "alternatives": ["3", "31", "3"]}, {"date": "2022-06-04-15-00-00", "alternatives": ["3", "31", "3"]}]}, {"location": {"country_code": "jp"}, "game_id": "747108", "values": [{"date": "2022-06-04-19-00-00", "alternatives": [167, 6, 16, 16, 16]}, {"date": "2022-06-04-19-00-00", "alternatives": [167, 6, 16, 16, 16]}, {"date": "2022-06-04-19-00-00", "alternatives": [167, 6, 16, 16, 16]}]}, {"location": {"country_code": "ca"}, "game_id": "747108", "values": [{"date": "2022-06-04-03-00-00", "alternatives": ["62", "62", "82"]}, {"date": "2022-06-04-14-00-00", "alternatives": ["0715", "7", "7"]}, {"date": "2022-06-04-14-00-00", "alternatives": ["0715", "7", "7"]}, {"date": "2022-06-04-14-00-00", "alternatives": ["0715", "7", "7"]}, {"date": "2022-06-04-14-00-00", "alternatives": ["0715", "7", "7"]}, {"date": "2022-06-04-14-00-00", "alternatives": ["0715", "7", "7"]}, {"date": "2022-06-04-14-00-00", "alternatives": ["0715", "7", "7"]}, {"date": "2022-06-04-14-00-00", "alternatives": ["0715", "7", "7"]}, {"date": "2022-06-04-14-00-00", "alternatives": ["0715", "7", "7"]}, {"date": "2022-06-04-14-00-00", "alternatives": ["0715", "7", "7"]}, {"date": "2022-06-04-14-00-00", "alternatives": ["0715", "7", "7"]}, {"date": "2022-06-04-06-00-00", "alternatives": ["31", "311", "31"]}]}, {"location": {"country_code": "ca", "region": "Ontario"}, "game_id": "747108", "values": [{"date": "2022-06-05-02-00-00", "alternatives": ["3", "31", "3"]}]}, {"location": {"country_code": "de"}, "game_id": "747108", "values": [{"date": "2022-06-04-04-00-00", "alternatives": ["16", "16", "10"]}, {"date": "2022-06-04-04-00-00", "alternatives": ["16", "16", "10"]}, {"date": "2022-06-04-04-00-00", "alternatives": ["16", "16", "10"]}, {"date": "2022-06-04-14-00-00", "alternatives": ["9", "9", "8"]}, {"date": "2022-06-04-14-00-00", "alternatives": ["9", "9", "8"]}, {"date": "2022-06-04-14-00-00", "alternatives": ["9", "9", "8"]}, {"date": "2022-06-04-23-00-00", "alternatives": ["15", "5", "5"]}, {"date": "2022-06-04-23-00-00", "alternatives": ["15", "5", "5"]}, {"date": "2022-06-04-23-00-00", "alternatives": ["15", "5", "5"]}, {"date": "2022-06-04-23-00-00", "alternatives": ["15", "5", "5"]}, {"date": "2022-06-04-23-00-00", "alternatives": ["15", "5", "5"]}, {"date": "2022-06-04-23-00-00", "alternatives": ["15", "5", "5"]}, {"date": "2022-06-04-16-00-00", "alternatives": ["16", "16", "10"]}, {"date": "2022-06-04-16-00-00", "alternatives": ["16", "16", "10"]}, {"date": "2022-06-04-16-00-00", "alternatives": ["16", "16", "10"]}, {"date": "2022-06-04-16-00-00", "alternatives": ["16", "16", "10"]}, {"date": "2022-06-04-17-00-00", "alternatives": ["32", "32", "22"]}, {"date": "2022-06-04-17-00-00", "alternatives": ["32", "32", "22"]}]}, {"location": {"country_code": "tw"}, "game_id": "747108", "values": [{"date": "2022-06-04-16-00-00", "alternatives": [83, 188, 188, 188]}, {"date": "2022-06-04-16-00-00", "alternatives": [83, 188, 188, 188]}]}, {"location": {"country_code": "cl"}, "game_id": "747108", "values": [{"date": "2022-06-04-09-00-00", "alternatives": ["33", "33", "53"]}, {"date": "2022-06-04-09-00-00", "alternatives": ["33", "33", "53"]}, {"date": "2022-06-04-09-00-00", "alternatives": ["33", "33", "53"]}, {"date": "2022-06-04-09-00-00", "alternatives": ["33", "33", "53"]}]}, {"location": {"country_code": "us", "region": "Texas"}, "game_id": "747108", "values": [{"date": "2022-06-04-09-00-00", "alternatives": ["47", "471", "47"]}, {"date": "2022-06-04-09-00-00", "alternatives": ["47", "471", "47"]}]}, {"location": {"country_code": "us", "region": "Florida"}, "game_id": "747108", "values": [{"date": "2022-06-04-05-00-00", "alternatives": ["470", "47", "47"]}, {"date": "2022-06-04-05-00-00", "alternatives": ["470", "47", "47"]}, {"date": "2022-06-04-05-00-00", "alternatives": ["470", "47", "47"]}, {"date": "2022-06-04-05-00-00", "alternatives": ["470", "47", "47"]}, {"date": "2022-06-04-08-00-00", "alternatives": ["47", "5", "47"]}, {"date": "2022-06-04-08-00-00", "alternatives": ["47", "5", "47"]}, {"date": "2022-06-04-08-00-00", "alternatives": ["47", "5", "47"]}, {"date": "2022-06-04-08-00-00", "alternatives": ["47", "5", "47"]}, {"date": "2022-06-04-08-00-00", "alternatives": ["47", "5", "47"]}]}, {"location": {"country_code": "ph"}, "game_id": "747108", "values": [{"date": "2022-06-04-09-00-00", "alternatives": ["6305", "63", "63"]}, {"date": "2022-06-04-09-00-00", "alternatives": ["6305", "63", "63"]}, {"date": "2022-06-04-09-00-00", "alternatives": ["6305", "63", "63"]}, {"date": "2022-06-04-15-00-00", "alternatives": ["2197", "219", "219"]}, {"date": "2022-06-05-01-00-00", "alternatives": ["1", "172", "1"]}, {"date": "2022-06-04-17-00-00", "alternatives": ["87", "87", "187"]}, {"date": "2022-06-04-17-00-00", "alternatives": ["87", "87", "187"]}, {"date": "2022-06-04-17-00-00", "alternatives": ["87", "87", "187"]}]}, {"location": {"country_code": "fr"}, "game_id": "747108", "values": [{"date": "2022-06-04-17-00-00", "alternatives": ["47", "47", "41"]}, {"date": "2022-06-04-17-00-00", "alternatives": ["47", "47", "41"]}, {"date": "2022-06-04-17-00-00", "alternatives": ["47", "47", "41"]}, {"date": "2022-06-04-17-00-00", "alternatives": ["47", "47", "41"]}, {"date": "2022-06-04-17-00-00", "alternatives": ["47", "47", "41"]}, {"date": "2022-06-04-17-00-00", "alternatives": ["47", "47", "41"]}, {"date": "2022-06-04-17-00-00", "alternatives": ["47", "47", "41"]}, {"date": "2022-06-04-17-00-00", "alternatives": ["47", "47", "41"]}, {"date": "2022-06-04-17-00-00", "alternatives": ["47", "47", "41"]}, {"date": "2022-06-04-17-00-00", "alternatives": ["47", "47", "41"]}, {"date": "2022-06-04-17-00-00", "alternatives": ["47", "47", "41"]}, {"date": "2022-06-04-17-00-00", "alternatives": ["47", "47", "41"]}, {"date": "2022-06-04-17-00-00", "alternatives": ["47", "47", "41"]}, {"date": "2022-06-04-17-00-00", "alternatives": ["47", "47", "41"]}, {"date": "2022-06-04-17-00-00", "alternatives": ["47", "47", "41"]}, {"date": "2022-06-04-17-00-00", "alternatives": ["47", "47", "41"]}, {"date": "2022-06-04-18-00-00", "alternatives": ["16", "16", "10"]}, {"date": "2022-06-04-18-00-00", "alternatives": ["16", "16", "10"]}, {"date": "2022-06-04-18-00-00", "alternatives": ["16", "16", "10"]}, {"date": "2022-06-04-19-00-00", "alternatives": ["2030", "3", "3"]}, {"date": "2022-06-04-19-00-00", "alternatives": ["2030", "3", "3"]}, {"date": "2022-06-04-19-00-00", "alternatives": ["2030", "3", "3"]}, {"date": "2022-06-04-18-00-00", "alternatives": ["265", "26", "26"]}, {"date": "2022-06-04-18-00-00", "alternatives": ["265", "26", "26"]}, {"date": "2022-06-04-18-00-00", "alternatives": ["265", "26", "26"]}, {"date": "2022-06-04-18-00-00", "alternatives": ["265", "26", "26"]}, {"date": "2022-06-04-18-00-00", "alternatives": ["265", "26", "26"]}, {"date": "2022-06-04-21-00-00", "alternatives": [31, 37, 3, 31, 31, 31]}, {"date": "2022-06-04-21-00-00", "alternatives": [31, 37, 3, 31, 31, 31]}, {"date": "2022-06-04-21-00-00", "alternatives": [31, 37, 3, 31, 31, 31]}, {"date": "2022-06-04-21-00-00", "alternatives": [31, 37, 3, 31, 31, 31]}]}, {"location": {"country_code": "fr", "region": "Ile-de-France Region", "city": "Paris"}, "game_id": "747108", "values": [{"date": "2022-06-05-00-00-00", "alternatives": ["15", "155", "15"]}, {"date": "2022-06-05-00-00-00", "alternatives": ["15", "155", "15"]}, {"date": "2022-06-05-00-00-00", "alternatives": ["15", "155", "15"]}, {"date": "2022-06-05-00-00-00", "alternatives": ["15", "155", "15"]}, {"date": "2022-06-05-00-00-00", "alternatives": ["15", "155", "15"]}, {"date": "2022-06-05-00-00-00", "alternatives": ["15", "155", "15"]}, {"date": "2022-06-05-00-00-00", "alternatives": ["15", "155", "15"]}]}, {"location": {"country_code": "mx"}, "game_id": "747108", "values": [{"date": "2022-06-04-23-00-00", "alternatives": [87, 78, 78, 78]}]}, {"location": {"country_code": "br"}, "game_id": "747108", "values": [{"date": "2022-06-04-04-00-00", "alternatives": ["47", "67", "47"]}, {"date": "2022-06-04-04-00-00", "alternatives": ["47", "67", "47"]}, {"date": "2022-06-04-04-00-00", "alternatives": ["47", "67", "47"]}, {"date": "2022-06-05-00-00-00", "alternatives": ["31", "311", "31"]}, {"date": "2022-06-05-00-00-00", "alternatives": ["31", "311", "31"]}, {"date": "2022-06-05-01-00-00", "alternatives": ["47", "5", "47"]}, {"date": "2022-06-05-01-00-00", "alternatives": ["47", "5", "47"]}, {"date": "2022-06-05-01-00-00", "alternatives": ["47", "5", "47"]}, {"date": "2022-06-05-01-00-00", "alternatives": ["47", "5", "47"]}, {"date": "2022-06-04-03-00-00", "alternatives": ["165", "18", "18"]}, {"date": "2022-06-04-03-00-00", "alternatives": ["165", "18", "18"]}, {"date": "2022-06-04-23-00-00", "alternatives": ["3", "31", "3"]}, {"date": "2022-06-04-02-00-00", "alternatives": ["47", "47", "147"]}]}, {"location": {"country_code": "br", "region": "Sao Paulo", "city": "Apiai"}, "game_id": "747108", "values": [{"date": "2022-06-04-06-00-00", "alternatives": [1, 15, 1505, 15, 15]}, {"date": "2022-06-04-06-00-00", "alternatives": [1, 15, 1505, 15, 15]}, {"date": "2022-06-04-17-00-00", "alternatives": ["1", "15", "1"]}]}, {"location": {"country_code": "br", "region": "Sao Paulo", "city": "Guarulhos"}, "game_id": "747108", "values": [{"date": "2022-06-04-20-00-00", "alternatives": ["1665", "16", "16"]}]}, {"location": {"country_code": "us", "region": "California", "city": "East Los Angeles"}, "game_id": "747108", "values": [{"date": "2022-06-04-11-00-00", "alternatives": ["31", "318", "31"]}, {"date": "2022-06-04-11-00-00", "alternatives": ["31", "318", "31"]}, {"date": "2022-06-04-11-00-00", "alternatives": ["31", "318", "31"]}]}, {"location": {"country_code": "us", "region": "Texas", "city": "Irving"}, "game_id": "747108", "values": [{"date": "2022-06-04-09-00-00", "alternatives": ["420", "47", "47"]}, {"date": "2022-06-04-09-00-00", "alternatives": ["420", "47", "47"]}, {"date": "2022-06-04-09-00-00", "alternatives": ["420", "47", "47"]}, {"date": "2022-06-04-09-00-00", "alternatives": ["420", "47", "47"]}, {"date": "2022-06-04-09-00-00", "alternatives": ["420", "47", "47"]}, {"date": "2022-06-04-09-00-00", "alternatives": ["420", "47", "47"]}]}, {"location": {"country_code": "au"}, "game_id": "747108", "values": [{"date": "2022-06-04-12-00-00", "alternatives": ["218", "21", "21"]}, {"date": "2022-06-04-12-00-00", "alternatives": ["218", "21", "21"]}, {"date": "2022-06-04-12-00-00", "alternatives": ["218", "21", "21"]}, {"date": "2022-06-04-12-00-00", "alternatives": ["218", "21", "21"]}, {"date": "2022-06-04-12-00-00", "alternatives": ["218", "21", "21"]}, {"date": "2022-06-04-12-00-00", "alternatives": ["218", "21", "21"]}, {"date": "2022-06-04-12-00-00", "alternatives": ["218", "21", "21"]}, {"date": "2022-06-04-12-00-00", "alternatives": ["218", "21", "21"]}, {"date": "2022-06-04-12-00-00", "alternatives": ["218", "21", "21"]}, {"date": "2022-06-04-12-00-00", "alternatives": ["218", "21", "21"]}, {"date": "2022-06-04-12-00-00", "alternatives": ["218", "21", "21"]}, {"date": "2022-06-04-12-00-00", "alternatives": ["218", "21", "21"]}, {"date": "2022-06-04-12-00-00", "alternatives": ["218", "21", "21"]}, {"date": "2022-06-04-12-00-00", "alternatives": ["218", "21", "21"]}]}, {"location": {"country_code": "tr"}, "game_id": "747108", "values": [{"date": "2022-06-04-17-00-00", "alternatives": [32, 62, 62, 62]}, {"date": "2022-06-04-17-00-00", "alternatives": [32, 62, 62, 62]}, {"date": "2022-06-04-17-00-00", "alternatives": [32, 62, 62, 62]}, {"date": "2022-06-04-17-00-00", "alternatives": [32, 62, 62, 62]}]}, {"location": {"country_code": "kr"}, "game_id": "747108", "values": [{"date": "2022-06-04-23-00-00", "alternatives": ["8", "8", "7"]}, {"date": "2022-06-04-23-00-00", "alternatives": ["8", "8", "7"]}]}, {"location": {"country_code": "us", "region": "Pennsylvania", "city": "Philadelphia"}, "game_id": "747108", "values": [{"date": "2022-06-04-05-00-00", "alternatives": [7, 78, 8, 8, 8]}, {"date": "2022-06-04-05-00-00", "alternatives": [7, 78, 8, 8, 8]}]}, {"location": {"country_code": "es"}, "game_id": "747108", "values": [{"date": "2022-06-04-21-00-00", "alternatives": [47, 4, 27, 47, 47, 47]}]}, {"location": {"country_code": "fi"}, "game_id": "747108", "values": [{"date": "2022-06-04-19-00-00", "alternatives": ["31", "311", "31"]}, {"date": "2022-06-04-19-00-00", "alternatives": ["31", "311", "31"]}, {"date": "2022-06-04-19-00-00", "alternatives": ["31", "311", "31"]}, {"date": "2022-06-04-19-00-00", "alternatives": ["31", "311", "31"]}, {"date": "2022-06-04-19-00-00", "alternatives": ["31", "311", "31"]}, {"date": "2022-06-04-19-00-00", "alternatives": ["31", "311", "31"]}, {"date": "2022-06-04-19-00-00", "alternatives": ["31", "311", "31"]}, {"date": "2022-06-04-19-00-00", "alternatives": ["31", "311", "31"]}]}, {"location": {"country_code": "fi", "region": "Satakunta Region", "city": "Pori"}, "game_id": "747108", "values": [{"date": "2022-06-04-10-00-00", "alternatives": ["47", "471", "47"]}, {"date": "2022-06-04-10-00-00", "alternatives": ["47", "471", "47"]}, {"date": "2022-06-04-10-00-00", "alternatives": ["47", "471", "47"]}]}, {"location": {"country_code": "us", "region": "Hawaii"}, "game_id": "747108", "values": [{"date": "2022-06-04-10-00-00", "alternatives": ["7", "7", "87"]}, {"date": "2022-06-04-10-00-00", "alternatives": ["7", "7", "87"]}, {"date": "2022-06-04-10-00-00", "alternatives": ["7", "7", "87"]}, {"date": "2022-06-04-10-00-00", "alternatives": ["7", "7", "87"]}, {"date": "2022-06-04-10-00-00", "alternatives": ["7", "7", "87"]}, {"date": "2022-06-04-10-00-00", "alternatives": ["7", "7", "87"]}, {"date": "2022-06-04-10-00-00", "alternatives": ["7", "7", "87"]}, {"date": "2022-06-04-10-00-00", "alternatives": ["7", "7", "87"]}, {"date": "2022-06-04-10-00-00", "alternatives": ["7", "7", "87"]}]}, {"location": {"country_code": "us", "region": "Hawaii", "city": "Kapolei"}, "game_id": "747108", "values": [{"date": "2022-06-04-15-00-00", "alternatives": ["78", "78", "187"]}, {"date": "2022-06-04-15-00-00", "alternatives": ["78", "78", "187"]}, {"date": "2022-06-04-15-00-00", "alternatives": ["78", "78", "187"]}, {"date": "2022-06-04-15-00-00", "alternatives": ["78", "78", "187"]}]}, {"location": {"country_code": "ar", "region": "Buenos Aires F.D.", "city": "Bahia Blanca"}, "game_id": "747108", "values": [{"date": "2022-06-04-03-00-00", "alternatives": ["476", "47", "47"]}]}, {"location": {"country_code": "mx", "region": "Puebla"}, "game_id": "747108", "values": [{"date": "2022-06-04-23-00-00", "alternatives": ["15", "18", "18"]}, {"date": "2022-06-04-23-00-00", "alternatives": ["15", "18", "18"]}, {"date": "2022-06-04-23-00-00", "alternatives": ["15", "18", "18"]}, {"date": "2022-06-04-23-00-00", "alternatives": ["15", "18", "18"]}, {"date": "2022-06-04-23-00-00", "alternatives": ["15", "18", "18"]}, {"date": "2022-06-04-23-00-00", "alternatives": ["15", "18", "18"]}, {"date": "2022-06-04-23-00-00", "alternatives": ["15", "18", "18"]}, {"date": "2022-06-04-23-00-00", "alternatives": ["15", "18", "18"]}, {"date": "2022-06-04-23-00-00", "alternatives": ["15", "18", "18"]}, {"date": "2022-06-04-23-00-00", "alternatives": ["15", "18", "18"]}, {"date": "2022-06-04-23-00-00", "alternatives": ["15", "18", "18"]}, {"date": "2022-06-04-23-00-00", "alternatives": ["15", "18", "18"]}, {"date": "2022-06-04-23-00-00", "alternatives": ["15", "18", "18"]}, {"date": "2022-06-04-23-00-00", "alternatives": ["15", "18", "18"]}, {"date": "2022-06-04-23-00-00", "alternatives": ["15", "18", "18"]}, {"date": "2022-06-04-23-00-00", "alternatives": ["15", "18", "18"]}, {"date": "2022-06-04-23-00-00", "alternatives": ["15", "18", "18"]}, {"date": "2022-06-04-23-00-00", "alternatives": ["15", "18", "18"]}, {"date": "2022-06-04-23-00-00", "alternatives": ["15", "18", "18"]}, {"date": "2022-06-04-23-00-00", "alternatives": ["15", "18", "18"]}, {"date": "2022-06-04-23-00-00", "alternatives": ["15", "18", "18"]}, {"date": "2022-06-04-23-00-00", "alternatives": ["15", "18", "18"]}, {"date": "2022-06-04-23-00-00", "alternatives": ["15", "18", "18"]}, {"date": "2022-06-04-23-00-00", "alternatives": ["15", "18", "18"]}, {"date": "2022-06-04-23-00-00", "alternatives": ["15", "18", "18"]}, {"date": "2022-06-04-23-00-00", "alternatives": ["15", "18", "18"]}, {"date": "2022-06-04-23-00-00", "alternatives": ["15", "18", "18"]}, {"date": "2022-06-04-23-00-00", "alternatives": ["15", "18", "18"]}, {"date": "2022-06-04-23-00-00", "alternatives": ["15", "18", "18"]}, {"date": "2022-06-04-23-00-00", "alternatives": ["15", "18", "18"]}]}, {"location": {"country_code": "co"}, "game_id": "747108", "values": [{"date": "2022-06-05-00-00-00", "alternatives": ["8", "781", "8"]}, {"date": "2022-06-05-00-00-00", "alternatives": ["8", "781", "8"]}, {"date": "2022-06-05-00-00-00", "alternatives": ["8", "781", "8"]}]}, {"location": {"country_code": "br", "region": "Estado de Bahia", "city": "Salvador"}, "game_id": "747108", "values": [{"date": "2022-06-04-03-00-00", "alternatives": ["7", "7", "370"]}, {"date": "2022-06-04-03-00-00", "alternatives": ["7", "7", "370"]}, {"date": "2022-06-04-03-00-00", "alternatives": ["7", "7", "370"]}, {"date": "2022-06-04-03-00-00", "alternatives": ["7", "7", "370"]}, {"date": "2022-06-04-03-00-00", "alternatives": ["7", "7", "370"]}, {"date": "2022-06-04-03-00-00", "alternatives": ["7", "7", "370"]}, {"date": "2022-06-04-03-00-00", "alternatives": ["7", "7", "370"]}, {"date": "2022-06-04-03-00-00", "alternatives": ["7", "7", "370"]}, {"date": "2022-06-04-03-00-00", "alternatives": ["7", "7", "370"]}, {"date": "2022-06-04-03-00-00", "alternatives": ["7", "7", "370"]}, {"date": "2022-06-04-03-00-00", "alternatives": ["7", "7", "370"]}, {"date": "2022-06-04-03-00-00", "alternatives": ["7", "7", "370"]}, {"date": "2022-06-04-03-00-00", "alternatives": ["7", "7", "370"]}, {"date": "2022-06-04-03-00-00", "alternatives": ["7", "7", "370"]}]}, {"location": {"country_code": "cn"}, "game_id": "747108", "values": [{"date": "2022-06-04-20-00-00", "alternatives": ["31", "311", "31"]}, {"date": "2022-06-04-20-00-00", "alternatives": ["31", "311", "31"]}, {"date": "2022-06-04-20-00-00", "alternatives": ["31", "311", "31"]}, {"date": "2022-06-04-20-00-00", "alternatives": ["31", "311", "31"]}, {"date": "2022-06-04-20-00-00", "alternatives": ["31", "311", "31"]}, {"date": "2022-06-04-20-00-00", "alternatives": ["31", "311", "31"]}, {"date": "2022-06-04-20-00-00", "alternatives": ["31", "311", "31"]}, {"date": "2022-06-04-20-00-00", "alternatives": ["31", "311", "31"]}, {"date": "2022-06-04-20-00-00", "alternatives": ["31", "311", "31"]}, {"date": "2022-06-04-20-00-00", "alternatives": ["31", "311", "31"]}, {"date": "2022-06-04-20-00-00", "alternatives": ["31", "311", "31"]}, {"date": "2022-06-04-20-00-00", "alternatives": ["31", "311", "31"]}, {"date": "2022-06-04-20-00-00", "alternatives": ["31", "311", "31"]}, {"date": "2022-06-04-20-00-00", "alternatives": ["31", "311", "31"]}, {"date": "2022-06-04-20-00-00", "alternatives": ["31", "311", "31"]}, {"date": "2022-06-04-20-00-00", "alternatives": ["31", "311", "31"]}, {"date": "2022-06-04-20-00-00", "alternatives": ["31", "311", "31"]}, {"date": "2022-06-04-20-00-00", "alternatives": ["31", "311", "31"]}, {"date": "2022-06-04-07-00-00", "alternatives": ["47", "1", "47"]}, {"date": "2022-06-04-07-00-00", "alternatives": ["47", "1", "47"]}]}, {"location": {"country_code": "us", "region": "North Carolina"}, "game_id": "747108", "values": [{"date": "2022-06-04-21-00-00", "alternatives": ["4745", "47", "47"]}]}, {"location": {"country_code": "ua"}, "game_id": "747108", "values": [{"date": "2022-06-04-21-00-00", "alternatives": ["47", "3", "47"]}, {"date": "2022-06-04-21-00-00", "alternatives": ["47", "3", "47"]}]}, {"location": {"country_code": "kr", "region": "Seoul"}, "game_id": "747108", "values": [{"date": "2022-06-05-01-00-00", "alternatives": ["203", "20360", "203"]}, {"date": "2022-06-05-01-00-00", "alternatives": ["203", "20360", "203"]}, {"date": "2022-06-05-01-00-00", "alternatives": ["203", "20360", "203"]}]}, {"location": {"country_code": "sg"}, "game_id": "747108", "values": [{"date": "2022-06-04-07-00-00", "alternatives": ["156", "156", "150"]}, {"date": "2022-06-04-07-00-00", "alternatives": ["156", "156", "150"]}, {"date": "2022-06-04-07-00-00", "alternatives": ["156", "156", "150"]}, {"date": "2022-06-04-15-00-00", "alternatives": ["6", "20", "20"]}, {"date": "2022-06-04-15-00-00", "alternatives": ["6", "20", "20"]}]}, {"location": {"country_code": "tr", "region": "Marmara Bolgesi", "city": "Istanbul"}, "game_id": "747108", "values": [{"date": "2022-06-04-20-00-00", "alternatives": ["7", "7", "47"]}, {"date": "2022-06-04-20-00-00", "alternatives": ["7", "7", "47"]}, {"date": "2022-06-04-20-00-00", "alternatives": ["7", "7", "47"]}, {"date": "2022-06-04-20-00-00", "alternatives": ["7", "7", "47"]}, {"date": "2022-06-04-20-00-00", "alternatives": ["7", "7", "47"]}, {"date": "2022-06-04-20-00-00", "alternatives": ["7", "7", "47"]}, {"date": "2022-06-04-20-00-00", "alternatives": ["7", "7", "47"]}, {"date": "2022-06-04-20-00-00", "alternatives": ["7", "7", "47"]}, {"date": "2022-06-04-20-00-00", "alternatives": ["7", "7", "47"]}, {"date": "2022-06-04-20-00-00", "alternatives": ["7", "7", "47"]}, {"date": "2022-06-04-20-00-00", "alternatives": ["7", "7", "47"]}, {"date": "2022-06-04-20-00-00", "alternatives": ["7", "7", "47"]}, {"date": "2022-06-04-20-00-00", "alternatives": ["7", "7", "47"]}]}, {"location": {"country_code": "ca", "region": "Ontario", "city": "Toronto"}, "game_id": "747108", "values": [{"date": "2022-06-04-08-00-00", "alternatives": ["3213", "32", "32"]}, {"date": "2022-06-04-08-00-00", "alternatives": ["3213", "32", "32"]}, {"date": "2022-06-04-08-00-00", "alternatives": ["3213", "32", "32"]}, {"date": "2022-06-04-08-00-00", "alternatives": ["3213", "32", "32"]}, {"date": "2022-06-04-08-00-00", "alternatives": ["3213", "32", "32"]}]}, {"location": {"country_code": "do"}, "game_id": "747108", "values": [{"date": "2022-06-04-03-00-00", "alternatives": ["1", "1", "16"]}, {"date": "2022-06-04-03-00-00", "alternatives": ["1", "1", "16"]}]}, {"location": {"country_code": "my"}, "game_id": "747108", "values": [{"date": "2022-06-04-18-00-00", "alternatives": ["2", "29", "2"]}, {"date": "2022-06-04-18-00-00", "alternatives": ["2", "29", "2"]}, {"date": "2022-06-04-18-00-00", "alternatives": ["2", "29", "2"]}, {"date": "2022-06-04-18-00-00", "alternatives": ["2", "29", "2"]}, {"date": "2022-06-04-18-00-00", "alternatives": ["2", "29", "2"]}, {"date": "2022-06-04-18-00-00", "alternatives": ["2", "29", "2"]}, {"date": "2022-06-04-18-00-00", "alternatives": ["2", "29", "2"]}, {"date": "2022-06-04-18-00-00", "alternatives": ["2", "29", "2"]}]}, {"location": {"country_code": "id"}, "game_id": "747108", "values": [{"date": "2022-06-04-10-00-00", "alternatives": ["266", "256", "266"]}, {"date": "2022-06-04-10-00-00", "alternatives": ["266", "256", "266"]}]}, {"location": {"country_code": "cl", "region": "Santiago Metropolitan", "city": "Santiago"}, "game_id": "747108", "values": [{"date": "2022-06-04-05-00-00", "alternatives": ["97", "7", "7"]}, {"date": "2022-06-04-05-00-00", "alternatives": ["97", "7", "7"]}]}, {"location": {"country_code": "sk"}, "game_id": "747108", "values": [{"date": "2022-06-04-23-00-00", "alternatives": ["3", "31", "3"]}, {"date": "2022-06-04-23-00-00", "alternatives": ["3", "31", "3"]}, {"date": "2022-06-04-23-00-00", "alternatives": ["3", "31", "3"]}, {"date": "2022-06-04-23-00-00", "alternatives": ["3", "31", "3"]}, {"date": "2022-06-04-23-00-00", "alternatives": ["3", "31", "3"]}, {"date": "2022-06-04-23-00-00", "alternatives": ["3", "31", "3"]}, {"date": "2022-06-04-23-00-00", "alternatives": ["3", "31", "3"]}, {"date": "2022-06-04-23-00-00", "alternatives": ["3", "31", "3"]}, {"date": "2022-06-04-23-00-00", "alternatives": ["3", "31", "3"]}, {"date": "2022-06-04-23-00-00", "alternatives": ["3", "31", "3"]}, {"date": "2022-06-04-23-00-00", "alternatives": ["3", "31", "3"]}]}, {"location": {"country_code": "co", "region": "El Valle", "city": "Cali"}, "game_id": "747108", "values": [{"date": "2022-06-04-09-00-00", "alternatives": ["47", "47", "3"]}, {"date": "2022-06-04-09-00-00", "alternatives": ["47", "47", "3"]}]}, {"location": {"country_code": "au", "region": "Western Australia", "city": "Perth"}, "game_id": "747108", "values": [{"date": "2022-06-04-14-00-00", "alternatives": [26604, 266, 266, 266]}, {"date": "2022-06-04-14-00-00", "alternatives": [26604, 266, 266, 266]}, {"date": "2022-06-04-14-00-00", "alternatives": [26604, 266, 266, 266]}, {"date": "2022-06-04-14-00-00", "alternatives": [26604, 266, 266, 266]}]}, {"location": {"country_code": "br", "region": "Sao Paulo", "city": "Indaiatuba"}, "game_id": "747108", "values": [{"date": "2022-06-04-17-00-00", "alternatives": ["16", "16", "160"]}, {"date": "2022-06-04-17-00-00", "alternatives": ["16", "16", "160"]}, {"date": "2022-06-04-17-00-00", "alternatives": ["16", "16", "160"]}]}, {"location": {"country_code": "fr", "region": "Alvernia-Rodano-Alpi", "city": "Mars"}, "game_id": "747108", "values": [{"date": "2022-06-04-22-00-00", "alternatives": ["3", "31", "3"]}, {"date": "2022-06-04-22-00-00", "alternatives": ["3", "31", "3"]}, {"date": "2022-06-04-22-00-00", "alternatives": ["3", "31", "3"]}, {"date": "2022-06-04-22-00-00", "alternatives": ["3", "31", "3"]}, {"date": "2022-06-04-22-00-00", "alternatives": ["3", "31", "3"]}, {"date": "2022-06-04-22-00-00", "alternatives": ["3", "31", "3"]}]}, {"location": {"country_code": "us", "region": "Maryland"}, "game_id": "747108", "values": [{"date": "2022-06-04-04-00-00", "alternatives": ["94", "6", "94"]}]}, {"location": {"country_code": "hr"}, "game_id": "747108", "values": [{"date": "2022-06-04-23-00-00", "alternatives": ["3", "31", "3"]}, {"date": "2022-06-04-23-00-00", "alternatives": ["3", "31", "3"]}, {"date": "2022-06-04-23-00-00", "alternatives": ["3", "31", "3"]}, {"date": "2022-06-04-23-00-00", "alternatives": ["3", "31", "3"]}, {"date": "2022-06-04-23-00-00", "alternatives": ["3", "31", "3"]}, {"date": "2022-06-04-22-00-00", "alternatives": ["56", "56", "16"]}]}, {"location": {"country_code": "gb", "region": "England", "city": "Liverpool"}, "game_id": "747108", "values": [{"date": "2022-06-04-19-00-00", "alternatives": ["32", "32", "321"]}, {"date": "2022-06-04-19-00-00", "alternatives": ["32", "32", "321"]}, {"date": "2022-06-04-19-00-00", "alternatives": ["32", "32", "321"]}, {"date": "2022-06-04-19-00-00", "alternatives": ["32", "32", "321"]}, {"date": "2022-06-04-19-00-00", "alternatives": ["32", "32", "321"]}, {"date": "2022-06-04-19-00-00", "alternatives": ["32", "32", "321"]}]}, {"location": {"country_code": "ca", "region": "Quebec"}, "game_id": "747108", "values": [{"date": "2022-06-05-02-00-00", "alternatives": [6, 16, 4, 6, 6]}, {"date": "2022-06-05-02-00-00", "alternatives": [6, 16, 4, 6, 6]}, {"date": "2022-06-05-02-00-00", "alternatives": [6, 16, 4, 6, 6]}, {"date": "2022-06-05-02-00-00", "alternatives": [6, 16, 4, 6, 6]}, {"date": "2022-06-05-02-00-00", "alternatives": [6, 16, 4, 6, 6]}, {"date": "2022-06-05-02-00-00", "alternatives": [6, 16, 4, 6, 6]}, {"date": "2022-06-05-02-00-00", "alternatives": [6, 16, 4, 6, 6]}, {"date": "2022-06-05-02-00-00", "alternatives": [6, 16, 4, 6, 6]}, {"date": "2022-06-05-02-00-00", "alternatives": [6, 16, 4, 6, 6]}, {"date": "2022-06-05-02-00-00", "alternatives": [6, 16, 4, 6, 6]}]}, {"location": {"country_code": "de", "region": "Lower Saxony"}, "game_id": "747108", "values": [{"date": "2022-06-04-16-00-00", "alternatives": ["31", "3", "3"]}, {"date": "2022-06-04-16-00-00", "alternatives": ["31", "3", "3"]}]}, {"location": {"country_code": "us", "region": "Connecticut"}, "game_id": "747108", "values": [{"date": "2022-06-04-22-00-00", "alternatives": ["47", "67", "47"]}, {"date": "2022-06-04-22-00-00", "alternatives": ["47", "67", "47"]}, {"date": "2022-06-04-22-00-00", "alternatives": ["47", "67", "47"]}, {"date": "2022-06-04-22-00-00", "alternatives": ["47", "67", "47"]}, {"date": "2022-06-04-22-00-00", "alternatives": ["47", "67", "47"]}, {"date": "2022-06-04-22-00-00", "alternatives": ["47", "67", "47"]}, {"date": "2022-06-04-22-00-00", "alternatives": ["47", "67", "47"]}, {"date": "2022-06-04-22-00-00", "alternatives": ["47", "67", "47"]}, {"date": "2022-06-04-22-00-00", "alternatives": ["47", "67", "47"]}]}, {"location": {"country_code": "mx", "region": "Sonora"}, "game_id": "747108", "values": [{"date": "2022-06-04-23-00-00", "alternatives": ["8", "78", "8"]}, {"date": "2022-06-04-23-00-00", "alternatives": ["8", "78", "8"]}, {"date": "2022-06-04-23-00-00", "alternatives": ["8", "78", "8"]}, {"date": "2022-06-04-23-00-00", "alternatives": ["8", "78", "8"]}, {"date": "2022-06-04-23-00-00", "alternatives": ["8", "78", "8"]}, {"date": "2022-06-04-23-00-00", "alternatives": ["8", "78", "8"]}]}, {"location": {"country_code": "bg"}, "game_id": "747108", "values": [{"date": "2022-06-05-01-00-00", "alternatives": ["0", "1", "1"]}, {"date": "2022-06-05-01-00-00", "alternatives": ["0", "1", "1"]}, {"date": "2022-06-05-01-00-00", "alternatives": ["0", "1", "1"]}, {"date": "2022-06-05-01-00-00", "alternatives": ["0", "1", "1"]}]}, {"location": {"country_code": "de", "region": "North Rhine-Westphalia"}, "game_id": "747108", "values": [{"date": "2022-06-04-14-00-00", "alternatives": ["31", "311", "31"]}, {"date": "2022-06-04-14-00-00", "alternatives": ["31", "311", "31"]}, {"date": "2022-06-04-14-00-00", "alternatives": ["31", "311", "31"]}, {"date": "2022-06-04-14-00-00", "alternatives": ["31", "311", "31"]}, {"date": "2022-06-04-14-00-00", "alternatives": ["31", "311", "31"]}, {"date": "2022-06-04-14-00-00", "alternatives": ["31", "311", "31"]}, {"date": "2022-06-04-14-00-00", "alternatives": ["31", "311", "31"]}, {"date": "2022-06-04-22-00-00", "alternatives": ["1", "1", "16"]}, {"date": "2022-06-04-22-00-00", "alternatives": ["1", "1", "16"]}, {"date": "2022-06-04-22-00-00", "alternatives": ["1", "1", "16"]}]}, {"location": {"country_code": "br", "region": "Sao Paulo", "city": "Varzea Paulista"}, "game_id": "747108", "values": [{"date": "2022-06-05-02-00-00", "alternatives": ["157", "15", "15"]}]}, {"location": {"country_code": "de", "region": "Bavaria", "city": "Munich"}, "game_id": "747108", "values": [{"date": "2022-06-04-22-00-00", "alternatives": ["116", "16", "16"]}]}, {"location": {"country_code": "br", "region": "Sao Paulo", "city": "Santa Cruz das Palmeiras"}, "game_id": "747108", "values": [{"date": "2022-06-04-07-00-00", "alternatives": ["1", "1", "156"]}, {"date": "2022-06-04-07-00-00", "alternatives": ["1", "1", "156"]}, {"date": "2022-06-04-07-00-00", "alternatives": ["1", "1", "156"]}, {"date": "2022-06-04-07-00-00", "alternatives": ["1", "1", "156"]}, {"date": "2022-06-04-07-00-00", "alternatives": ["1", "1", "156"]}, {"date": "2022-06-04-07-00-00", "alternatives": ["1", "1", "156"]}]}, {"location": {"country_code": "fr", "region": "Pays de la Loire Region", "city": "Nantes"}, "game_id": "747108", "values": [{"date": "2022-06-04-03-00-00", "alternatives": [94, 4, 94, 94]}]}, {"location": {"country_code": "ae", "region": "Dubai", "city": "Dubai"}, "game_id": "747108", "values": [{"date": "2022-06-04-22-00-00", "alternatives": ["14", "14", "140"]}, {"date": "2022-06-04-22-00-00", "alternatives": ["14", "14", "140"]}, {"date": "2022-06-04-22-00-00", "alternatives": ["14", "14", "140"]}, {"date": "2022-06-04-22-00-00", "alternatives": ["14", "14", "140"]}, {"date": "2022-06-04-22-00-00", "alternatives": ["14", "14", "140"]}, {"date": "2022-06-04-22-00-00", "alternatives": ["14", "14", "140"]}, {"date": "2022-06-04-22-00-00", "alternatives": ["14", "14", "140"]}]}, {"location": {"country_code": "ee"}, "game_id": "747108", "values": [{"date": "2022-06-04-20-00-00", "alternatives": ["323", "32", "32"]}, {"date": "2022-06-04-20-00-00", "alternatives": ["323", "32", "32"]}, {"date": "2022-06-04-20-00-00", "alternatives": ["323", "32", "32"]}, {"date": "2022-06-04-20-00-00", "alternatives": ["323", "32", "32"]}]}, {"location": {"country_code": "br", "region": "Parana", "city": "Apucarana"}, "game_id": "747108", "values": [{"date": "2022-06-04-20-00-00", "alternatives": ["325", "3", "3"]}, {"date": "2022-06-04-20-00-00", "alternatives": ["325", "3", "3"]}, {"date": "2022-06-04-20-00-00", "alternatives": ["325", "3", "3"]}, {"date": "2022-06-04-20-00-00", "alternatives": ["325", "3", "3"]}, {"date": "2022-06-04-20-00-00", "alternatives": ["325", "3", "3"]}, {"date": "2022-06-04-20-00-00", "alternatives": ["325", "3", "3"]}, {"date": "2022-06-04-20-00-00", "alternatives": ["325", "3", "3"]}, {"date": "2022-06-04-20-00-00", "alternatives": ["325", "3", "3"]}, {"date": "2022-06-04-20-00-00", "alternatives": ["325", "3", "3"]}, {"date": "2022-06-04-20-00-00", "alternatives": ["325", "3", "3"]}, {"date": "2022-06-04-22-00-00", "alternatives": ["31", "311", "31"]}, {"date": "2022-06-04-22-00-00", "alternatives": ["31", "311", "31"]}, {"date": "2022-06-04-22-00-00", "alternatives": ["31", "311", "31"]}, {"date": "2022-06-04-22-00-00", "alternatives": ["31", "311", "31"]}, {"date": "2022-06-04-22-00-00", "alternatives": ["31", "311", "31"]}, {"date": "2022-06-04-22-00-00", "alternatives": ["31", "311", "31"]}, {"date": "2022-06-04-22-00-00", "alternatives": ["31", "311", "31"]}, {"date": "2022-06-04-22-00-00", "alternatives": ["31", "311", "31"]}, {"date": "2022-06-04-22-00-00", "alternatives": ["31", "311", "31"]}, {"date": "2022-06-04-22-00-00", "alternatives": ["31", "311", "31"]}, {"date": "2022-06-04-22-00-00", "alternatives": ["31", "311", "31"]}]}, {"location": {"country_code": "it", "region": "Veneto"}, "game_id": "747108", "values": [{"date": "2022-06-04-16-00-00", "alternatives": ["3", "3", "43"]}, {"date": "2022-06-04-16-00-00", "alternatives": ["3", "3", "43"]}]}, {"location": {"country_code": "br", "region": "Sao Paulo", "city": "Sertaozinho"}, "game_id": "747108", "values": [{"date": "2022-06-04-05-00-00", "alternatives": [1, 15, 4, 15, 15]}, {"date": "2022-06-04-05-00-00", "alternatives": [1, 15, 4, 15, 15]}, {"date": "2022-06-04-05-00-00", "alternatives": [1, 15, 4, 15, 15]}]}, {"location": {"country_code": "br", "region": "Espirito Santo", "city": "Vila Velha"}, "game_id": "747108", "values": [{"date": "2022-06-05-02-00-00", "alternatives": ["31", "311", "31"]}, {"date": "2022-06-05-02-00-00", "alternatives": ["31", "311", "31"]}, {"date": "2022-06-05-02-00-00", "alternatives": ["31", "311", "31"]}, {"date": "2022-06-05-02-00-00", "alternatives": ["31", "311", "31"]}, {"date": "2022-06-05-02-00-00", "alternatives": ["31", "311", "31"]}, {"date": "2022-06-05-02-00-00", "alternatives": ["31", "311", "31"]}]}, {"location": {"country_code": "pl", "region": "Masovian Voivodeship", "city": "Warsaw"}, "game_id": "747108", "values": [{"date": "2022-06-04-16-00-00", "alternatives": ["109", "109", "108"]}]}, {"location": {"country_code": "us", "region": "Nevada"}, "game_id": "747108", "values": [{"date": "2022-06-04-06-00-00", "alternatives": ["97", "7", "7"]}, {"date": "2022-06-04-06-00-00", "alternatives": ["97", "7", "7"]}, {"date": "2022-06-04-06-00-00", "alternatives": ["97", "7", "7"]}, {"date": "2022-06-04-22-00-00", "alternatives": [9, 560, 109, 109, 109]}]}, {"location": {"country_code": "fr", "region": "Occitanie", "city": "Nimes"}, "game_id": "747108", "values": [{"date": "2022-06-04-15-00-00", "alternatives": ["3", "31", "3"]}, {"date": "2022-06-04-15-00-00", "alternatives": ["3", "31", "3"]}, {"date": "2022-06-04-15-00-00", "alternatives": ["3", "31", "3"]}]}, {"location": {"country_code": "am"}, "game_id": "747108", "values": [{"date": "2022-06-05-01-00-00", "alternatives": ["327", "32", "32"]}, {"date": "2022-06-05-01-00-00", "alternatives": ["327", "32", "32"]}, {"date": "2022-06-05-01-00-00", "alternatives": ["327", "32", "32"]}, {"date": "2022-06-05-01-00-00", "alternatives": ["327", "32", "32"]}, {"date": "2022-06-05-01-00-00", "alternatives": ["327", "32", "32"]}, {"date": "2022-06-05-01-00-00", "alternatives": ["327", "32", "32"]}, {"date": "2022-06-05-01-00-00", "alternatives": ["327", "32", "32"]}, {"date": "2022-06-05-01-00-00", "alternatives": ["327", "32", "32"]}, {"date": "2022-06-05-01-00-00", "alternatives": ["327", "32", "32"]}, {"date": "2022-06-05-01-00-00", "alternatives": ["327", "32", "32"]}, {"date": "2022-06-05-01-00-00", "alternatives": ["327", "32", "32"]}]}, {"location": {"country_code": "us", "region": "Delaware", "city": "Wilmington"}, "game_id": "747108", "values": [{"date": "2022-06-04-04-00-00", "alternatives": ["3", "1", "3"]}]}, {"location": {"country_code": "br", "region": "Sao Paulo", "city": "Cosmopolis"}, "game_id": "747108", "values": [{"date": "2022-06-04-03-00-00", "alternatives": ["15", "1505", "15"]}, {"date": "2022-06-04-03-00-00", "alternatives": ["15", "1505", "15"]}, {"date": "2022-06-04-03-00-00", "alternatives": ["15", "1505", "15"]}]}, {"location": {"country_code": "br", "region": "Santa Catarina", "city": "Gaspar"}, "game_id": "747108", "values": [{"date": "2022-06-04-22-00-00", "alternatives": ["16", "16", "5"]}, {"date": "2022-06-04-22-00-00", "alternatives": ["16", "16", "5"]}, {"date": "2022-06-04-22-00-00", "alternatives": ["16", "16", "5"]}, {"date": "2022-06-04-22-00-00", "alternatives": ["16", "16", "5"]}, {"date": "2022-06-04-22-00-00", "alternatives": ["16", "16", "5"]}, {"date": "2022-06-04-22-00-00", "alternatives": ["16", "16", "5"]}, {"date": "2022-06-04-22-00-00", "alternatives": ["16", "16", "5"]}, {"date": "2022-06-04-22-00-00", "alternatives": ["16", "16", "5"]}]}, {"location": {"country_code": "fr", "region": "Nord-Passo di Calais-Piccardia", "city": "Albert"}, "game_id": "747108", "values": [{"date": "2022-06-05-02-00-00", "alternatives": ["32", "32", "37"]}, {"date": "2022-06-05-02-00-00", "alternatives": ["32", "32", "37"]}, {"date": "2022-06-05-02-00-00", "alternatives": ["32", "32", "37"]}, {"date": "2022-06-05-02-00-00", "alternatives": ["32", "32", "37"]}, {"date": "2022-06-05-02-00-00", "alternatives": ["32", "32", "37"]}, {"date": "2022-06-05-02-00-00", "alternatives": ["32", "32", "37"]}, {"date": "2022-06-05-02-00-00", "alternatives": ["32", "32", "37"]}, {"date": "2022-06-05-02-00-00", "alternatives": ["32", "32", "37"]}, {"date": "2022-06-05-02-00-00", "alternatives": ["32", "32", "37"]}, {"date": "2022-06-05-02-00-00", "alternatives": ["32", "32", "37"]}, {"date": "2022-06-05-02-00-00", "alternatives": ["32", "32", "37"]}]}, {"location": {"country_code": "es", "region": "Cantabria", "city": "Torres"}, "game_id": "747108", "values": [{"date": "2022-06-04-16-00-00", "alternatives": ["3", "31", "3"]}, {"date": "2022-06-04-16-00-00", "alternatives": ["3", "31", "3"]}, {"date": "2022-06-04-16-00-00", "alternatives": ["3", "31", "3"]}, {"date": "2022-06-04-16-00-00", "alternatives": ["3", "31", "3"]}, {"date": "2022-06-04-16-00-00", "alternatives": ["3", "31", "3"]}]}, {"location": {"country_code": "br", "region": "Sao Paulo", "city": "Monte Mor"}, "game_id": "747108", "values": [{"date": "2022-06-04-22-00-00", "alternatives": ["165", "16", "16"]}, {"date": "2022-06-04-22-00-00", "alternatives": ["165", "16", "16"]}, {"date": "2022-06-04-22-00-00", "alternatives": ["165", "16", "16"]}, {"date": "2022-06-04-22-00-00", "alternatives": ["165", "16", "16"]}, {"date": "2022-06-04-22-00-00", "alternatives": ["165", "16", "16"]}]}, {"location": {"country_code": "us", "region": "Arkansas", "city": "Newport"}, "game_id": "747108", "values": [{"date": "2022-06-04-22-00-00", "alternatives": ["47", "471", "47"]}, {"date": "2022-06-04-22-00-00", "alternatives": ["47", "471", "47"]}, {"date": "2022-06-04-22-00-00", "alternatives": ["47", "471", "47"]}, {"date": "2022-06-04-22-00-00", "alternatives": ["47", "471", "47"]}, {"date": "2022-06-04-22-00-00", "alternatives": ["47", "471", "47"]}, {"date": "2022-06-04-22-00-00", "alternatives": ["47", "471", "47"]}, {"date": "2022-06-04-22-00-00", "alternatives": ["47", "471", "47"]}, {"date": "2022-06-04-22-00-00", "alternatives": ["47", "471", "47"]}, {"date": "2022-06-04-22-00-00", "alternatives": ["47", "471", "47"]}]}], "last_updated": 1719918517.35803}