{"data": [{"location": {"country_code": "us"}, "game_id": "273486", "values": [{"date": "2023-09-20-04-00-00", "latency": 0}, {"date": "2023-09-20-08-00-00", "latency": 0}, {"date": "2023-09-20-08-00-00", "latency": 0}, {"date": "2023-09-20-08-00-00", "latency": 0}, {"date": "2023-09-20-08-00-00", "latency": 0}, {"date": "2023-09-20-08-00-00", "latency": 0}, {"date": "2023-09-20-08-00-00", "latency": 0}]}, {"location": {"country_code": "us", "region": "New York", "city": "Jamestown"}, "game_id": "273486", "values": [{"date": "2023-09-21-02-00-00", "latency": 0}]}, {"location": {"country_code": "us", "region": "Florida"}, "game_id": "273486", "values": [{"date": "2023-09-20-06-00-00", "latency": 0}, {"date": "2023-09-20-06-00-00", "latency": 0}]}, {"location": {"country_code": "ph"}, "game_id": "273486", "values": [{"date": "2023-09-20-22-00-00", "latency": 31}, {"date": "2023-09-20-22-00-00", "latency": 31}]}, {"location": {"country_code": "fr"}, "game_id": "273486", "values": [{"date": "2023-09-21-00-00-00", "latency": 19}]}, {"location": {"country_code": "br", "region": "Sao Paulo", "city": "Apiai"}, "game_id": "273486", "values": [{"date": "2023-09-21-02-00-00", "latency": 52}, {"date": "2023-09-21-02-00-00", "latency": 52}, {"date": "2023-09-21-02-00-00", "latency": 52}]}, {"location": {"country_code": "no"}, "game_id": "273486", "values": [{"date": "2023-09-20-18-00-00", "latency": 21}, {"date": "2023-09-20-18-00-00", "latency": 21}]}, {"location": {"country_code": "sa"}, "game_id": "273486", "values": [{"date": "2023-09-21-01-00-00", "latency": 0}]}, {"location": {"country_code": "gb", "region": "England", "city": "London"}, "game_id": "273486", "values": [{"date": "2023-09-20-20-00-00", "latency": 3}]}, {"location": {"country_code": "gb", "region": "Wales"}, "game_id": "273486", "values": [{"date": "2023-09-21-00-00-00", "latency": 0}, {"date": "2023-09-21-00-00-00", "latency": 0}, {"date": "2023-09-21-00-00-00", "latency": 0}, {"date": "2023-09-21-00-00-00", "latency": 0}]}, {"location": {"country_code": "us", "region": "New York"}, "game_id": "273486", "values": [{"date": "2023-09-21-00-00-00", "latency": 0}, {"date": "2023-09-21-00-00-00", "latency": 0}, {"date": "2023-09-21-00-00-00", "latency": 0}]}, {"location": {"country_code": "us", "region": "Alabama", "city": "Troy"}, "game_id": "273486", "values": [{"date": "2023-09-20-06-00-00", "latency": 0}, {"date": "2023-09-20-06-00-00", "latency": 0}, {"date": "2023-09-20-06-00-00", "latency": 0}, {"date": "2023-09-20-06-00-00", "latency": 0}, {"date": "2023-09-20-06-00-00", "latency": 0}]}], "last_updated": 1719919355.831384}