{"data": [{"location": {"country_code": "us"}, "game_id": "116088", "values": [{"date": "2022-01-22-20-00-00", "latency": 98}, {"date": "2022-01-22-20-00-00", "latency": 98}, {"date": "2022-01-22-20-00-00", "latency": 98}, {"date": "2022-01-22-20-00-00", "latency": 98}, {"date": "2022-01-22-20-00-00", "latency": 98}, {"date": "2022-01-22-20-00-00", "latency": 98}]}, {"location": {"country_code": "gb"}, "game_id": "116088", "values": [{"date": "2022-01-22-18-00-00", "latency": 75}, {"date": "2022-01-22-18-00-00", "latency": 75}]}, {"location": {"country_code": "it"}, "game_id": "116088", "values": [{"date": "2022-01-22-20-00-00", "latency": 144}, {"date": "2022-01-22-20-00-00", "latency": 144}, {"date": "2022-01-22-20-00-00", "latency": 140}, {"date": "2022-01-22-20-00-00", "latency": 140}, {"date": "2022-01-22-20-00-00", "latency": 140}, {"date": "2022-01-22-20-00-00", "latency": 140}]}, {"location": {"country_code": "ca"}, "game_id": "116088", "values": [{"date": "2022-01-22-23-00-00", "latency": 174}, {"date": "2022-01-22-23-00-00", "latency": 174}, {"date": "2022-01-22-23-00-00", "latency": 174}, {"date": "2022-01-22-23-00-00", "latency": 174}, {"date": "2022-01-22-23-00-00", "latency": 174}, {"date": "2022-01-22-23-00-00", "latency": 174}, {"date": "2022-01-22-23-00-00", "latency": 174}, {"date": "2022-01-22-23-00-00", "latency": 174}]}, {"location": {"country_code": "tw"}, "game_id": "116088", "values": [{"date": "2022-01-22-16-00-00", "latency": 126}]}, {"location": {"country_code": "fr"}, "game_id": "116088", "values": [{"date": "2022-01-22-11-00-00", "latency": 123}, {"date": "2022-01-22-11-00-00", "latency": 123}, {"date": "2022-01-22-11-00-00", "latency": 123}, {"date": "2022-01-22-11-00-00", "latency": 123}, {"date": "2022-01-22-11-00-00", "latency": 123}, {"date": "2022-01-22-11-00-00", "latency": 123}]}, {"location": {"country_code": "us", "region": "California"}, "game_id": "116088", "values": [{"date": "2022-01-22-23-00-00", "latency": 76}, {"date": "2022-01-22-23-00-00", "latency": 76}, {"date": "2022-01-22-23-00-00", "latency": 76}, {"date": "2022-01-22-23-00-00", "latency": 76}, {"date": "2022-01-22-23-00-00", "latency": 76}, {"date": "2022-01-22-23-00-00", "latency": 76}]}, {"location": {"country_code": "rs"}, "game_id": "116088", "values": [{"date": "2022-01-22-23-00-00", "latency": 67}, {"date": "2022-01-22-23-00-00", "latency": 67}]}, {"location": {"country_code": "br", "region": "Sao Paulo"}, "game_id": "116088", "values": [{"date": "2022-01-22-21-00-00", "latency": 136}, {"date": "2022-01-22-21-00-00", "latency": 136}, {"date": "2022-01-22-21-00-00", "latency": 136}, {"date": "2022-01-22-21-00-00", "latency": 136}]}, {"location": {"country_code": "us", "region": "California", "city": "East Los Angeles"}, "game_id": "116088", "values": [{"date": "2022-01-22-13-00-00", "latency": 42}, {"date": "2022-01-22-13-00-00", "latency": 42}]}, {"location": {"country_code": "au"}, "game_id": "116088", "values": [{"date": "2022-01-22-01-00-00", "latency": 197}]}, {"location": {"country_code": "tr"}, "game_id": "116088", "values": [{"date": "2022-01-22-22-00-00", "latency": 126}]}, {"location": {"country_code": "ar"}, "game_id": "116088", "values": [{"date": "2022-01-23-01-00-00", "latency": 139}, {"date": "2022-01-23-01-00-00", "latency": 139}, {"date": "2022-01-23-01-00-00", "latency": 139}, {"date": "2022-01-23-01-00-00", "latency": 139}, {"date": "2022-01-23-01-00-00", "latency": 139}, {"date": "2022-01-23-01-00-00", "latency": 139}, {"date": "2022-01-23-01-00-00", "latency": 139}, {"date": "2022-01-23-01-00-00", "latency": 139}, {"date": "2022-01-23-01-00-00", "latency": 139}, {"date": "2022-01-23-01-00-00", "latency": 139}, {"date": "2022-01-23-01-00-00", "latency": 139}, {"date": "2022-01-22-08-00-00", "latency": 53}, {"date": "2022-01-22-08-00-00", "latency": 53}, {"date": "2022-01-22-05-00-00", "latency": 60}, {"date": "2022-01-22-05-00-00", "latency": 60}, {"date": "2022-01-22-05-00-00", "latency": 60}, {"date": "2022-01-22-05-00-00", "latency": 60}]}, {"location": {"country_code": "fi"}, "game_id": "116088", "values": [{"date": "2022-01-22-20-00-00", "latency": 54}]}, {"location": {"country_code": "ru"}, "game_id": "116088", "values": [{"date": "2022-01-22-15-00-00", "latency": 46}, {"date": "2022-01-22-15-00-00", "latency": 46}, {"date": "2022-01-22-15-00-00", "latency": 46}, {"date": "2022-01-22-15-00-00", "latency": 46}, {"date": "2022-01-22-15-00-00", "latency": 46}, {"date": "2022-01-22-15-00-00", "latency": 46}, {"date": "2022-01-22-15-00-00", "latency": 46}, {"date": "2022-01-22-15-00-00", "latency": 46}, {"date": "2022-01-22-15-00-00", "latency": 46}, {"date": "2022-01-22-10-00-00", "latency": 89}, {"date": "2022-01-22-10-00-00", "latency": 89}, {"date": "2022-01-22-10-00-00", "latency": 89}, {"date": "2022-01-22-10-00-00", "latency": 89}, {"date": "2022-01-22-21-00-00", "latency": 58}, {"date": "2022-01-22-21-00-00", "latency": 58}, {"date": "2022-01-22-21-00-00", "latency": 58}, {"date": "2022-01-22-21-00-00", "latency": 58}, {"date": "2022-01-22-21-00-00", "latency": 58}, {"date": "2022-01-22-08-00-00", "latency": 70}, {"date": "2022-01-22-08-00-00", "latency": 70}]}, {"location": {"country_code": "us", "region": "Illinois"}, "game_id": "116088", "values": [{"date": "2022-01-22-05-00-00", "latency": 150}, {"date": "2022-01-22-05-00-00", "latency": 150}, {"date": "2022-01-22-05-00-00", "latency": 150}, {"date": "2022-01-22-05-00-00", "latency": 150}]}, {"location": {"country_code": "br", "region": "Pernambuco", "city": "Pombos"}, "game_id": "116088", "values": [{"date": "2022-01-22-23-00-00", "latency": 191}, {"date": "2022-01-22-23-00-00", "latency": 191}]}, {"location": {"country_code": "de", "region": "Baden-Wurttemberg"}, "game_id": "116088", "values": [{"date": "2022-01-22-13-00-00", "latency": 129}]}, {"location": {"country_code": "ca", "region": "Alberta", "city": "Calgary"}, "game_id": "116088", "values": [{"date": "2022-01-22-01-00-00", "latency": 85}]}, {"location": {"country_code": "in", "region": "National Capital Territory of Delhi", "city": "New Delhi"}, "game_id": "116088", "values": [{"date": "2022-01-22-17-00-00", "latency": 89}, {"date": "2022-01-22-17-00-00", "latency": 89}, {"date": "2022-01-22-17-00-00", "latency": 89}, {"date": "2022-01-22-17-00-00", "latency": 89}, {"date": "2022-01-22-17-00-00", "latency": 89}, {"date": "2022-01-22-17-00-00", "latency": 89}, {"date": "2022-01-22-17-00-00", "latency": 89}, {"date": "2022-01-22-17-00-00", "latency": 89}, {"date": "2022-01-22-17-00-00", "latency": 89}, {"date": "2022-01-22-17-00-00", "latency": 89}, {"date": "2022-01-22-17-00-00", "latency": 89}]}, {"location": {"country_code": "ph", "region": "National Capital Region", "city": "Quezon City"}, "game_id": "116088", "values": [{"date": "2022-01-22-16-00-00", "latency": 76}, {"date": "2022-01-22-16-00-00", "latency": 76}, {"date": "2022-01-22-16-00-00", "latency": 76}, {"date": "2022-01-22-16-00-00", "latency": 76}, {"date": "2022-01-22-16-00-00", "latency": 76}, {"date": "2022-01-22-16-00-00", "latency": 76}]}, {"location": {"country_code": "ru", "region": "Krasnodar Krai", "city": "Novorossiysk"}, "game_id": "116088", "values": [{"date": "2022-01-22-21-00-00", "latency": 77}, {"date": "2022-01-22-21-00-00", "latency": 77}, {"date": "2022-01-22-21-00-00", "latency": 77}, {"date": "2022-01-22-21-00-00", "latency": 77}, {"date": "2022-01-23-00-00-00", "latency": 55}, {"date": "2022-01-23-00-00-00", "latency": 55}]}, {"location": {"country_code": "ru", "region": "Primorskiy (Maritime) Kray", "city": "Vladivostok"}, "game_id": "116088", "values": [{"date": "2022-01-22-11-00-00", "latency": 129}, {"date": "2022-01-22-11-00-00", "latency": 129}, {"date": "2022-01-22-11-00-00", "latency": 129}]}, {"location": {"country_code": "ru", "region": "Sverdlovsk Oblast", "city": "Yekaterinburg"}, "game_id": "116088", "values": [{"date": "2022-01-22-15-00-00", "latency": 101}, {"date": "2022-01-22-15-00-00", "latency": 101}, {"date": "2022-01-22-15-00-00", "latency": 101}, {"date": "2022-01-22-15-00-00", "latency": 101}, {"date": "2022-01-22-15-00-00", "latency": 101}, {"date": "2022-01-22-15-00-00", "latency": 101}, {"date": "2022-01-22-15-00-00", "latency": 101}]}, {"location": {"country_code": "ru", "region": "Arkhangelskaya oblast", "city": "Severodvinsk"}, "game_id": "116088", "values": [{"date": "2022-01-22-14-00-00", "latency": 84}]}], "last_updated": 1719927610.514381}