{"data": [{"location": {"country_code": "us"}, "game_id": "452439", "values": [{"date": "2024-03-12-05-00-00", "alternatives": [460, 6, 60, 0, 60, 60]}, {"date": "2024-03-12-23-00-00", "alternatives": ["69", "1069", "69"]}, {"date": "2024-03-12-23-00-00", "alternatives": ["69", "1069", "69"]}]}, {"location": {"country_code": "gb"}, "game_id": "452439", "values": [{"date": "2024-03-12-21-00-00", "alternatives": ["4431", "31", "31"]}]}, {"location": {"country_code": "ca"}, "game_id": "452439", "values": [{"date": "2024-03-12-08-00-00", "alternatives": ["48", "1048", "48"]}, {"date": "2024-03-12-08-00-00", "alternatives": ["48", "1048", "48"]}, {"date": "2024-03-12-08-00-00", "alternatives": ["48", "1048", "48"]}, {"date": "2024-03-12-08-00-00", "alternatives": ["48", "1048", "48"]}, {"date": "2024-03-12-08-00-00", "alternatives": ["48", "1048", "48"]}, {"date": "2024-03-12-08-00-00", "alternatives": ["48", "1048", "48"]}]}, {"location": {"country_code": "ch"}, "game_id": "452439", "values": [{"date": "2024-03-12-16-00-00", "alternatives": [439, 60, 39, 39, 39]}, {"date": "2024-03-12-16-00-00", "alternatives": [439, 60, 39, 39, 39]}, {"date": "2024-03-12-16-00-00", "alternatives": [439, 60, 39, 39, 39]}, {"date": "2024-03-12-16-00-00", "alternatives": [439, 60, 39, 39, 39]}, {"date": "2024-03-12-16-00-00", "alternatives": [439, 60, 39, 39, 39]}, {"date": "2024-03-12-16-00-00", "alternatives": [439, 60, 39, 39, 39]}, {"date": "2024-03-12-16-00-00", "alternatives": [439, 60, 39, 39, 39]}, {"date": "2024-03-12-16-00-00", "alternatives": [439, 60, 39, 39, 39]}]}, {"location": {"country_code": "de"}, "game_id": "452439", "values": [{"date": "2024-03-13-00-00-00", "alternatives": ["426", "26", "26"]}, {"date": "2024-03-12-22-00-00", "alternatives": ["28", "29", "28"]}, {"date": "2024-03-12-23-00-00", "alternatives": [14, 1114, 80, 14, 14]}, {"date": "2024-03-12-23-00-00", "alternatives": [14, 1114, 80, 14, 14]}, {"date": "2024-03-12-23-00-00", "alternatives": [14, 1114, 80, 14, 14]}, {"date": "2024-03-12-23-00-00", "alternatives": [14, 1114, 80, 14, 14]}]}, {"location": {"country_code": "gb", "region": "England"}, "game_id": "452439", "values": [{"date": "2024-03-12-02-00-00", "alternatives": ["89", "0188920", "89"]}]}, {"location": {"country_code": "gb", "region": "England", "city": "London"}, "game_id": "452439", "values": [{"date": "2024-03-12-21-00-00", "alternatives": ["20", "1120", "20"]}]}, {"location": {"country_code": "mx"}, "game_id": "452439", "values": [{"date": "2024-03-12-03-00-00", "alternatives": [6, 61, 1, 61, 61, 61]}]}, {"location": {"country_code": "us", "region": "California"}, "game_id": "452439", "values": [{"date": "2024-03-12-09-00-00", "alternatives": ["19", "19", "1"]}, {"date": "2024-03-12-09-00-00", "alternatives": ["19", "19", "1"]}]}, {"location": {"country_code": "br"}, "game_id": "452439", "values": [{"date": "2024-03-12-23-00-00", "alternatives": [148, 1014, 14, 14, 14]}, {"date": "2024-03-12-23-00-00", "alternatives": [148, 1014, 14, 14, 14]}, {"date": "2024-03-12-23-00-00", "alternatives": [148, 1014, 14, 14, 14]}, {"date": "2024-03-12-23-00-00", "alternatives": [148, 1014, 14, 14, 14]}, {"date": "2024-03-12-23-00-00", "alternatives": [148, 1014, 14, 14, 14]}, {"date": "2024-03-12-23-00-00", "alternatives": [148, 1014, 14, 14, 14]}]}, {"location": {"country_code": "br", "region": "Sao Paulo", "city": "Apiai"}, "game_id": "452439", "values": [{"date": "2024-03-13-01-00-00", "alternatives": ["46", "6", "6"]}]}, {"location": {"country_code": "se"}, "game_id": "452439", "values": [{"date": "2024-03-12-22-00-00", "alternatives": ["31", "31", "3"]}]}, {"location": {"country_code": "ca", "region": "Ontario"}, "game_id": "452439", "values": [{"date": "2024-03-12-19-00-00", "alternatives": [28, 2, 28, 28]}, {"date": "2024-03-12-19-00-00", "alternatives": [28, 2, 28, 28]}, {"date": "2024-03-12-19-00-00", "alternatives": [28, 2, 28, 28]}]}, {"location": {"country_code": "ar"}, "game_id": "452439", "values": [{"date": "2024-03-12-23-00-00", "alternatives": ["57", "571", "57"]}, {"date": "2024-03-12-23-00-00", "alternatives": ["57", "571", "57"]}, {"date": "2024-03-12-19-00-00", "alternatives": [17, 10171, 171, 17160, 171, 171]}, {"date": "2024-03-12-19-00-00", "alternatives": [17, 10171, 171, 17160, 171, 171]}, {"date": "2024-03-12-19-00-00", "alternatives": [17, 10171, 171, 17160, 171, 171]}, {"date": "2024-03-12-19-00-00", "alternatives": [17, 10171, 171, 17160, 171, 171]}, {"date": "2024-03-12-05-00-00", "alternatives": ["36", "30", "36"]}, {"date": "2024-03-12-05-00-00", "alternatives": ["36", "30", "36"]}]}, {"location": {"country_code": "de", "region": "Free and Hanseatic City of Hamburg", "city": "Hamburg"}, "game_id": "452439", "values": [{"date": "2024-03-12-22-00-00", "alternatives": ["7", "17", "17"]}]}, {"location": {"country_code": "hu"}, "game_id": "452439", "values": [{"date": "2024-03-12-21-00-00", "alternatives": ["91", "1091", "91"]}, {"date": "2024-03-12-21-00-00", "alternatives": ["91", "1091", "91"]}, {"date": "2024-03-12-21-00-00", "alternatives": ["91", "1091", "91"]}]}, {"location": {"country_code": "us", "region": "Pennsylvania", "city": "Pittsburgh"}, "game_id": "452439", "values": [{"date": "2024-03-12-04-00-00", "alternatives": ["412", "12", "12"]}, {"date": "2024-03-12-04-00-00", "alternatives": ["412", "12", "12"]}, {"date": "2024-03-12-04-00-00", "alternatives": ["412", "12", "12"]}]}, {"location": {"country_code": "us", "region": "California", "city": "Chula Vista"}, "game_id": "452439", "values": [{"date": "2024-03-12-03-00-00", "alternatives": [76, 1076, 70, 76, 76, 76]}, {"date": "2024-03-12-03-00-00", "alternatives": [76, 1076, 70, 76, 76, 76]}]}, {"location": {"country_code": "es", "region": "Catalonia", "city": "l'Hospitalet de Llobregat"}, "game_id": "452439", "values": [{"date": "2024-03-12-03-00-00", "alternatives": ["115", "115", "15"]}, {"date": "2024-03-12-03-00-00", "alternatives": ["115", "115", "15"]}, {"date": "2024-03-12-03-00-00", "alternatives": ["115", "115", "15"]}, {"date": "2024-03-12-03-00-00", "alternatives": ["115", "115", "15"]}]}, {"location": {"country_code": "ua"}, "game_id": "452439", "values": [{"date": "2024-03-12-23-00-00", "alternatives": ["43", "1043", "43"]}, {"date": "2024-03-12-23-00-00", "alternatives": ["43", "1043", "43"]}]}, {"location": {"country_code": "us", "region": "District of Columbia", "city": "Washington"}, "game_id": "452439", "values": [{"date": "2024-03-12-05-00-00", "alternatives": ["42", "1142", "42"]}, {"date": "2024-03-12-05-00-00", "alternatives": ["42", "1142", "42"]}, {"date": "2024-03-12-05-00-00", "alternatives": ["42", "1142", "42"]}]}, {"location": {"country_code": "us", "region": "Nebraska"}, "game_id": "452439", "values": [{"date": "2024-03-12-11-00-00", "alternatives": ["51", "51", "513"]}, {"date": "2024-03-12-11-00-00", "alternatives": ["51", "51", "513"]}]}, {"location": {"country_code": "fr", "region": "Ile-de-France Region"}, "game_id": "452439", "values": [{"date": "2024-03-12-18-00-00", "alternatives": ["23", "1023", "23"]}]}, {"location": {"country_code": "fr", "region": "Ile-de-France Region", "city": "Paris"}, "game_id": "452439", "values": [{"date": "2024-03-12-11-00-00", "alternatives": ["46", "61", "61"]}]}, {"location": {"country_code": "bg"}, "game_id": "452439", "values": [{"date": "2024-03-12-19-00-00", "alternatives": ["8", "18", "8"]}, {"date": "2024-03-12-19-00-00", "alternatives": ["8", "18", "8"]}, {"date": "2024-03-12-19-00-00", "alternatives": ["8", "18", "8"]}]}, {"location": {"country_code": "ee"}, "game_id": "452439", "values": [{"date": "2024-03-12-07-00-00", "alternatives": ["51", "1051", "51"]}]}, {"location": {"country_code": "bz"}, "game_id": "452439", "values": [{"date": "2024-03-13-00-00-00", "alternatives": [445, 1045, 45, 45, 45113, 45]}]}, {"location": {"country_code": "lu"}, "game_id": "452439", "values": [{"date": "2024-03-12-08-00-00", "alternatives": ["26", "26", "4"]}]}, {"location": {"country_code": "de", "region": "Bavaria", "city": "Wurzburg"}, "game_id": "452439", "values": [{"date": "2024-03-12-22-00-00", "alternatives": ["47", "1047", "47"]}]}], "last_updated": 1719918467.35624}