{"data": [{"location": {"country_code": "ca"}, "game_id": "747108", "values": [{"date": "2024-06-17-05-00-00", "latency": 31}, {"date": "2024-06-17-05-00-00", "latency": 31}]}, {"location": {"country_code": "ph"}, "game_id": "747108", "values": [{"date": "2024-06-17-09-00-00", "latency": 7}, {"date": "2024-06-17-09-00-00", "latency": 7}]}, {"location": {"country_code": "ar"}, "game_id": "747108", "values": [{"date": "2024-06-17-09-00-00", "latency": 141}, {"date": "2024-06-17-09-00-00", "latency": 141}, {"date": "2024-06-17-09-00-00", "latency": 141}, {"date": "2024-06-17-09-00-00", "latency": 141}, {"date": "2024-06-17-09-00-00", "latency": 141}, {"date": "2024-06-17-09-00-00", "latency": 141}, {"date": "2024-06-17-09-00-00", "latency": 141}, {"date": "2024-06-17-09-00-00", "latency": 141}, {"date": "2024-06-17-09-00-00", "latency": 141}, {"date": "2024-06-17-09-00-00", "latency": 141}, {"date": "2024-06-17-09-00-00", "latency": 141}, {"date": "2024-06-17-09-00-00", "latency": 141}]}, {"location": {"country_code": "ar", "region": "Buenos Aires F.D.", "city": "Bahia Blanca"}, "game_id": "747108", "values": [{"date": "2024-06-17-04-00-00", "latency": 156}, {"date": "2024-06-17-04-00-00", "latency": 156}, {"date": "2024-06-17-04-00-00", "latency": 156}]}, {"location": {"country_code": "mx", "region": "Puebla"}, "game_id": "747108", "values": [{"date": "2024-06-17-06-00-00", "latency": 4715}]}, {"location": {"country_code": "de", "region": "North Rhine-Westphalia"}, "game_id": "747108", "values": [{"date": "2024-06-17-17-00-00", "latency": 15}, {"date": "2024-06-17-17-00-00", "latency": 15}, {"date": "2024-06-17-17-00-00", "latency": 15}]}, {"location": {"country_code": "fr", "region": "Nord-Passo di Calais-Piccardia"}, "game_id": "747108", "values": [{"date": "2024-06-17-22-00-00", "latency": 15}]}, {"location": {"country_code": "us", "region": "Guam", "city": "Dededo"}, "game_id": "747108", "values": [{"date": "2024-06-17-09-00-00", "latency": 3}, {"date": "2024-06-17-09-00-00", "latency": 3}, {"date": "2024-06-17-09-00-00", "latency": 3}, {"date": "2024-06-17-09-00-00", "latency": 3}, {"date": "2024-06-17-09-00-00", "latency": 3}, {"date": "2024-06-17-09-00-00", "latency": 3}, {"date": "2024-06-17-09-00-00", "latency": 3}, {"date": "2024-06-17-09-00-00", "latency": 3}, {"date": "2024-06-17-09-00-00", "latency": 3}]}, {"location": {"country_code": "fr", "region": "Nord-Passo di Calais-Piccardia", "city": "Albert"}, "game_id": "747108", "values": [{"date": "2024-06-17-16-00-00", "latency": 31}]}], "last_updated": 1719919363.690749}