{"data": [{"location": {"country_code": "us"}, "game_id": "118849", "values": [{"date": "2022-03-11-19-00-00", "latency": 5}, {"date": "2022-03-11-06-00-00", "latency": 32}, {"date": "2022-03-11-09-00-00", "latency": 34}, {"date": "2022-03-11-09-00-00", "latency": 34}, {"date": "2022-03-11-09-00-00", "latency": 34}, {"date": "2022-03-11-21-00-00", "latency": 29}]}, {"location": {"country_code": "gb"}, "game_id": "118849", "values": [{"date": "2022-03-12-01-00-00", "latency": 102}, {"date": "2022-03-12-01-00-00", "latency": 102}]}, {"location": {"country_code": "gr"}, "game_id": "118849", "values": [{"date": "2022-03-11-02-00-00", "latency": 3}, {"date": "2022-03-11-02-00-00", "latency": 3}, {"date": "2022-03-11-02-00-00", "latency": 3}, {"date": "2022-03-11-02-00-00", "latency": 3}, {"date": "2022-03-11-02-00-00", "latency": 3}, {"date": "2022-03-11-15-00-00", "latency": 32}]}, {"location": {"country_code": "fr"}, "game_id": "118849", "values": [{"date": "2022-03-11-17-00-00", "latency": 4}]}, {"location": {"country_code": "br", "region": "Minas Gerais", "city": "Betim"}, "game_id": "118849", "values": [{"date": "2022-03-12-00-00-00", "latency": 1329}]}, {"location": {"country_code": "mx", "region": "Mexico City"}, "game_id": "118849", "values": [{"date": "2022-03-11-06-00-00", "latency": 6}]}, {"location": {"country_code": "us", "region": "California"}, "game_id": "118849", "values": [{"date": "2022-03-12-01-00-00", "latency": 40}, {"date": "2022-03-12-01-00-00", "latency": 40}]}, {"location": {"country_code": "se"}, "game_id": "118849", "values": [{"date": "2022-03-11-19-00-00", "latency": 2}, {"date": "2022-03-12-00-00-00", "latency": 4}]}, {"location": {"country_code": "us", "region": "California", "city": "East Los Angeles"}, "game_id": "118849", "values": [{"date": "2022-03-11-21-00-00", "latency": 38}, {"date": "2022-03-11-21-00-00", "latency": 38}, {"date": "2022-03-11-21-00-00", "latency": 38}, {"date": "2022-03-11-21-00-00", "latency": 38}, {"date": "2022-03-11-21-00-00", "latency": 38}, {"date": "2022-03-11-21-00-00", "latency": 38}]}, {"location": {"country_code": "us", "region": "Maryland", "city": "Dundalk"}, "game_id": "118849", "values": [{"date": "2022-03-12-00-00-00", "latency": 7}]}, {"location": {"country_code": "au"}, "game_id": "118849", "values": [{"date": "2022-03-11-21-00-00", "latency": 22}, {"date": "2022-03-11-21-00-00", "latency": 22}, {"date": "2022-03-11-21-00-00", "latency": 22}]}, {"location": {"country_code": "br", "region": "Goias", "city": "Catalao"}, "game_id": "118849", "values": [{"date": "2022-03-11-15-00-00", "latency": 5}]}, {"location": {"country_code": "dk"}, "game_id": "118849", "values": [{"date": "2022-03-11-17-00-00", "latency": 1}]}, {"location": {"country_code": "us", "region": "Pennsylvania", "city": "Philadelphia"}, "game_id": "118849", "values": [{"date": "2022-03-12-00-00-00", "latency": 42}]}, {"location": {"country_code": "es"}, "game_id": "118849", "values": [{"date": "2022-03-11-02-00-00", "latency": 1}, {"date": "2022-03-11-19-00-00", "latency": 1}]}, {"location": {"country_code": "gb", "region": "Northern Ireland"}, "game_id": "118849", "values": [{"date": "2022-03-11-18-00-00", "latency": 178}, {"date": "2022-03-11-18-00-00", "latency": 178}, {"date": "2022-03-11-18-00-00", "latency": 178}, {"date": "2022-03-11-18-00-00", "latency": 178}]}, {"location": {"country_code": "us", "region": "Massachusetts"}, "game_id": "118849", "values": [{"date": "2022-03-11-02-00-00", "latency": 5}]}, {"location": {"country_code": "us", "region": "Massachusetts", "city": "Fall River"}, "game_id": "118849", "values": [{"date": "2022-03-11-05-00-00", "latency": 64}]}, {"location": {"country_code": "br", "region": "Estado de Bahia", "city": "Salvador"}, "game_id": "118849", "values": [{"date": "2022-03-11-01-00-00", "latency": 5}]}, {"location": {"country_code": "br", "region": "Estado de Bahia", "city": "Lauro de Freitas"}, "game_id": "118849", "values": [{"date": "2022-03-11-15-00-00", "latency": 1}]}, {"location": {"country_code": "es", "region": "Catalonia", "city": "l'Hospitalet de Llobregat"}, "game_id": "118849", "values": [{"date": "2022-03-11-20-00-00", "latency": 4}, {"date": "2022-03-11-20-00-00", "latency": 4}]}, {"location": {"country_code": "pl"}, "game_id": "118849", "values": [{"date": "2022-03-11-15-00-00", "latency": 6}]}, {"location": {"country_code": "cr"}, "game_id": "118849", "values": [{"date": "2022-03-11-21-00-00", "latency": 142}, {"date": "2022-03-11-21-00-00", "latency": 142}, {"date": "2022-03-11-21-00-00", "latency": 142}, {"date": "2022-03-11-21-00-00", "latency": 142}, {"date": "2022-03-11-21-00-00", "latency": 142}, {"date": "2022-03-11-21-00-00", "latency": 142}, {"date": "2022-03-11-21-00-00", "latency": 142}, {"date": "2022-03-11-21-00-00", "latency": 142}, {"date": "2022-03-11-21-00-00", "latency": 142}, {"date": "2022-03-11-21-00-00", "latency": 142}, {"date": "2022-03-11-21-00-00", "latency": 142}]}, {"location": {"country_code": "pe"}, "game_id": "118849", "values": [{"date": "2022-03-11-05-00-00", "latency": 18}, {"date": "2022-03-11-05-00-00", "latency": 18}]}, {"location": {"country_code": "my"}, "game_id": "118849", "values": [{"date": "2022-03-11-16-00-00", "latency": 212}, {"date": "2022-03-11-16-00-00", "latency": 212}, {"date": "2022-03-11-16-00-00", "latency": 212}, {"date": "2022-03-11-21-00-00", "latency": 2493}, {"date": "2022-03-11-21-00-00", "latency": 2493}, {"date": "2022-03-11-21-00-00", "latency": 2493}, {"date": "2022-03-11-21-00-00", "latency": 2493}, {"date": "2022-03-11-21-00-00", "latency": 2493}, {"date": "2022-03-11-21-00-00", "latency": 2493}, {"date": "2022-03-11-21-00-00", "latency": 2493}, {"date": "2022-03-11-21-00-00", "latency": 2493}, {"date": "2022-03-11-21-00-00", "latency": 2493}, {"date": "2022-03-11-21-00-00", "latency": 2493}, {"date": "2022-03-11-21-00-00", "latency": 2493}, {"date": "2022-03-11-21-00-00", "latency": 2493}, {"date": "2022-03-11-21-00-00", "latency": 2493}, {"date": "2022-03-11-21-00-00", "latency": 2493}, {"date": "2022-03-11-21-00-00", "latency": 2493}, {"date": "2022-03-11-21-00-00", "latency": 2493}, {"date": "2022-03-11-21-00-00", "latency": 2493}, {"date": "2022-03-11-21-00-00", "latency": 2493}, {"date": "2022-03-11-21-00-00", "latency": 2493}, {"date": "2022-03-11-21-00-00", "latency": 2493}, {"date": "2022-03-11-21-00-00", "latency": 2493}, {"date": "2022-03-11-21-00-00", "latency": 2493}]}, {"location": {"country_code": "us", "region": "Illinois"}, "game_id": "118849", "values": [{"date": "2022-03-11-23-00-00", "latency": 5}]}, {"location": {"country_code": "us", "region": "Oklahoma"}, "game_id": "118849", "values": [{"date": "2022-03-12-00-00-00", "latency": 5}]}, {"location": {"country_code": "fr", "region": "Ile-de-France Region"}, "game_id": "118849", "values": [{"date": "2022-03-11-12-00-00", "latency": 4}]}, {"location": {"country_code": "us", "region": "Colorado", "city": "Denver"}, "game_id": "118849", "values": [{"date": "2022-03-11-10-00-00", "latency": 20}, {"date": "2022-03-11-10-00-00", "latency": 20}, {"date": "2022-03-11-10-00-00", "latency": 20}]}, {"location": {"country_code": "us", "region": "Florida", "city": "Orlando"}, "game_id": "118849", "values": [{"date": "2022-03-11-03-00-00", "latency": 55}, {"date": "2022-03-11-03-00-00", "latency": 55}, {"date": "2022-03-11-03-00-00", "latency": 55}, {"date": "2022-03-11-03-00-00", "latency": 55}, {"date": "2022-03-11-03-00-00", "latency": 55}, {"date": "2022-03-11-03-00-00", "latency": 55}, {"date": "2022-03-11-03-00-00", "latency": 55}]}, {"location": {"country_code": "mx", "region": "Jalisco", "city": "Guadalajara"}, "game_id": "118849", "values": [{"date": "2022-03-11-03-00-00", "latency": 75}]}, {"location": {"country_code": "ca", "region": "Quebec"}, "game_id": "118849", "values": [{"date": "2022-03-11-20-00-00", "latency": 3}]}, {"location": {"country_code": "mx", "region": "Yucatan", "city": "Merida"}, "game_id": "118849", "values": [{"date": "2022-03-11-01-00-00", "latency": 14}]}, {"location": {"country_code": "es", "region": "Balearic Islands", "city": "Palma"}, "game_id": "118849", "values": [{"date": "2022-03-11-13-00-00", "latency": 6}]}, {"location": {"country_code": "ar", "region": "Cordoba Province", "city": "Rio Cuarto"}, "game_id": "118849", "values": [{"date": "2022-03-12-01-00-00", "latency": 5}, {"date": "2022-03-12-01-00-00", "latency": 5}, {"date": "2022-03-12-01-00-00", "latency": 5}, {"date": "2022-03-12-01-00-00", "latency": 5}, {"date": "2022-03-12-01-00-00", "latency": 5}, {"date": "2022-03-12-01-00-00", "latency": 5}]}, {"location": {"country_code": "us", "region": "Arkansas"}, "game_id": "118849", "values": [{"date": "2022-03-11-23-00-00", "latency": 27}]}, {"location": {"country_code": "es", "region": "Valencia", "city": "Gandia"}, "game_id": "118849", "values": [{"date": "2022-03-11-18-00-00", "latency": 13}, {"date": "2022-03-11-18-00-00", "latency": 13}]}, {"location": {"country_code": "mu"}, "game_id": "118849", "values": [{"date": "2022-03-11-21-00-00", "latency": 200}]}, {"location": {"country_code": "fr", "region": "Brittany Region"}, "game_id": "118849", "values": [{"date": "2022-03-12-01-00-00", "latency": 3}]}, {"location": {"country_code": "us", "region": "Ohio", "city": "Parma Heights"}, "game_id": "118849", "values": [{"date": "2022-03-11-04-00-00", "latency": 31}, {"date": "2022-03-11-04-00-00", "latency": 31}, {"date": "2022-03-11-04-00-00", "latency": 31}]}, {"location": {"country_code": "bo", "region": "La Paz Department", "city": "Patacamaya"}, "game_id": "118849", "values": [{"date": "2022-03-11-04-00-00", "latency": 45}, {"date": "2022-03-11-04-00-00", "latency": 45}]}], "last_updated": 1719919339.890054}