{"data": [{"location": {"country_code": "gb"}, "game_id": "742409", "values": [{"date": "2023-09-17-19-00-00", "latency": 46}, {"date": "2023-09-17-20-00-00", "latency": 34}, {"date": "2023-09-17-20-00-00", "latency": 34}, {"date": "2023-09-17-20-00-00", "latency": 34}]}, {"location": {"country_code": "ro"}, "game_id": "742409", "values": [{"date": "2023-09-17-20-00-00", "latency": 57}, {"date": "2023-09-17-20-00-00", "latency": 57}]}, {"location": {"country_code": "de"}, "game_id": "742409", "values": [{"date": "2023-09-17-19-00-00", "latency": 99}]}, {"location": {"country_code": "es", "region": "Madrid", "city": "Parla"}, "game_id": "742409", "values": [{"date": "2023-09-17-23-00-00", "latency": 58}, {"date": "2023-09-17-23-00-00", "latency": 58}]}, {"location": {"country_code": "pl"}, "game_id": "742409", "values": [{"date": "2023-09-17-20-00-00", "latency": 59}]}, {"location": {"country_code": "us", "region": "Georgia"}, "game_id": "742409", "values": [{"date": "2023-09-17-09-00-00", "latency": 95}, {"date": "2023-09-17-09-00-00", "latency": 95}]}, {"location": {"country_code": "ua"}, "game_id": "742409", "values": [{"date": "2023-09-17-21-00-00", "latency": 73}, {"date": "2023-09-17-16-00-00", "latency": 53}]}, {"location": {"country_code": "sg"}, "game_id": "742409", "values": [{"date": "2023-09-17-10-00-00", "latency": 46}]}, {"location": {"country_code": "gb", "region": "England", "city": "Salford"}, "game_id": "742409", "values": [{"date": "2023-09-17-23-00-00", "latency": 42}, {"date": "2023-09-17-23-00-00", "latency": 42}]}, {"location": {"country_code": "mk"}, "game_id": "742409", "values": [{"date": "2023-09-17-22-00-00", "latency": 59}]}, {"location": {"country_code": "sk", "region": "Bratislava Region", "city": "Bratislava"}, "game_id": "742409", "values": [{"date": "2023-09-17-03-00-00", "latency": 46}, {"date": "2023-09-17-03-00-00", "latency": 46}]}, {"location": {"country_code": "es", "region": "Basque Country", "city": "Onati"}, "game_id": "742409", "values": [{"date": "2023-09-17-18-00-00", "latency": 57}, {"date": "2023-09-17-18-00-00", "latency": 57}]}], "last_updated": 1719927583.633699}