{"data": [{"location": {"country_code": "it"}, "game_id": "135305", "values": [{"date": "2024-03-30-17-00-00", "latency": 238}, {"date": "2024-03-30-17-00-00", "latency": 238}]}, {"location": {"country_code": "jp"}, "game_id": "135305", "values": [{"date": "2024-03-30-13-00-00", "latency": 29}, {"date": "2024-03-30-07-00-00", "latency": 33}]}, {"location": {"country_code": "ca"}, "game_id": "135305", "values": [{"date": "2024-03-30-14-00-00", "latency": 198}, {"date": "2024-03-30-14-00-00", "latency": 198}, {"date": "2024-03-30-05-00-00", "latency": 82}, {"date": "2024-03-30-05-00-00", "latency": 82}]}, {"location": {"country_code": "de"}, "game_id": "135305", "values": [{"date": "2024-03-30-20-00-00", "latency": 68}]}, {"location": {"country_code": "tw"}, "game_id": "135305", "values": [{"date": "2024-03-30-11-00-00", "latency": 242}, {"date": "2024-03-30-11-00-00", "latency": 242}, {"date": "2024-03-30-11-00-00", "latency": 242}]}, {"location": {"country_code": "us", "region": "Texas"}, "game_id": "135305", "values": [{"date": "2024-03-30-05-00-00", "latency": 300}]}, {"location": {"country_code": "ph"}, "game_id": "135305", "values": [{"date": "2024-03-30-20-00-00", "latency": 76}, {"date": "2024-03-30-20-00-00", "latency": 76}, {"date": "2024-03-30-20-00-00", "latency": 76}, {"date": "2024-03-30-20-00-00", "latency": 76}, {"date": "2024-03-30-20-00-00", "latency": 76}, {"date": "2024-03-30-20-00-00", "latency": 76}, {"date": "2024-03-30-06-00-00", "latency": 101}, {"date": "2024-03-30-11-00-00", "latency": 47}, {"date": "2024-03-30-11-00-00", "latency": 47}, {"date": "2024-03-30-11-00-00", "latency": 47}, {"date": "2024-03-30-11-00-00", "latency": 47}, {"date": "2024-03-30-11-00-00", "latency": 47}, {"date": "2024-03-30-11-00-00", "latency": 47}, {"date": "2024-03-30-11-00-00", "latency": 47}, {"date": "2024-03-30-15-00-00", "latency": 189}, {"date": "2024-03-30-15-00-00", "latency": 189}, {"date": "2024-03-30-12-00-00", "latency": 145}, {"date": "2024-03-30-08-00-00", "latency": 81}, {"date": "2024-03-30-08-00-00", "latency": 81}, {"date": "2024-03-30-08-00-00", "latency": 81}, {"date": "2024-03-30-08-00-00", "latency": 81}, {"date": "2024-03-30-08-00-00", "latency": 81}, {"date": "2024-03-30-08-00-00", "latency": 81}, {"date": "2024-03-30-14-00-00", "latency": 225}, {"date": "2024-03-30-14-00-00", "latency": 225}, {"date": "2024-03-30-14-00-00", "latency": 225}, {"date": "2024-03-30-14-00-00", "latency": 225}, {"date": "2024-03-30-14-00-00", "latency": 225}, {"date": "2024-03-30-17-00-00", "latency": 105}, {"date": "2024-03-30-05-00-00", "latency": 156}, {"date": "2024-03-30-05-00-00", "latency": 156}, {"date": "2024-03-30-05-00-00", "latency": 156}, {"date": "2024-03-30-10-00-00", "latency": 110}, {"date": "2024-03-30-10-00-00", "latency": 110}, {"date": "2024-03-30-14-00-00", "latency": 138}, {"date": "2024-03-30-14-00-00", "latency": 138}, {"date": "2024-03-30-14-00-00", "latency": 138}, {"date": "2024-03-30-14-00-00", "latency": 138}, {"date": "2024-03-30-14-00-00", "latency": 138}, {"date": "2024-03-30-14-00-00", "latency": 138}, {"date": "2024-03-30-14-00-00", "latency": 138}, {"date": "2024-03-30-14-00-00", "latency": 138}, {"date": "2024-03-30-14-00-00", "latency": 138}]}, {"location": {"country_code": "mx"}, "game_id": "135305", "values": [{"date": "2024-03-30-21-00-00", "latency": 115}]}, {"location": {"country_code": "mx", "region": "Mexico City"}, "game_id": "135305", "values": [{"date": "2024-03-30-03-00-00", "latency": 103}]}, {"location": {"country_code": "in"}, "game_id": "135305", "values": [{"date": "2024-03-30-10-00-00", "latency": 166}, {"date": "2024-03-30-10-00-00", "latency": 166}, {"date": "2024-03-30-10-00-00", "latency": 166}, {"date": "2024-03-30-10-00-00", "latency": 166}, {"date": "2024-03-30-10-00-00", "latency": 166}, {"date": "2024-03-30-10-00-00", "latency": 166}, {"date": "2024-03-30-10-00-00", "latency": 166}, {"date": "2024-03-30-10-00-00", "latency": 166}, {"date": "2024-03-30-10-00-00", "latency": 166}, {"date": "2024-03-30-10-00-00", "latency": 166}, {"date": "2024-03-30-10-00-00", "latency": 166}, {"date": "2024-03-30-10-00-00", "latency": 166}, {"date": "2024-03-30-10-00-00", "latency": 166}, {"date": "2024-03-30-10-00-00", "latency": 166}, {"date": "2024-03-30-10-00-00", "latency": 166}, {"date": "2024-03-30-10-00-00", "latency": 166}, {"date": "2024-03-30-10-00-00", "latency": 166}, {"date": "2024-03-30-10-00-00", "latency": 166}, {"date": "2024-03-30-10-00-00", "latency": 166}, {"date": "2024-03-30-19-00-00", "latency": 50}]}, {"location": {"country_code": "br"}, "game_id": "135305", "values": [{"date": "2024-03-30-20-00-00", "latency": 493}]}, {"location": {"country_code": "us", "region": "California", "city": "East Los Angeles"}, "game_id": "135305", "values": [{"date": "2024-03-30-23-00-00", "latency": 107}]}, {"location": {"country_code": "vn"}, "game_id": "135305", "values": [{"date": "2024-03-31-01-00-00", "latency": 80}, {"date": "2024-03-31-01-00-00", "latency": 80}, {"date": "2024-03-31-01-00-00", "latency": 80}]}, {"location": {"country_code": "hu"}, "game_id": "135305", "values": [{"date": "2024-03-30-22-00-00", "latency": 57}, {"date": "2024-03-30-22-00-00", "latency": 57}]}, {"location": {"country_code": "us", "region": "Nevada", "city": "Las Vegas"}, "game_id": "135305", "values": [{"date": "2024-03-30-06-00-00", "latency": 152}, {"date": "2024-03-30-06-00-00", "latency": 152}, {"date": "2024-03-30-06-00-00", "latency": 152}, {"date": "2024-03-30-06-00-00", "latency": 152}, {"date": "2024-03-30-06-00-00", "latency": 152}, {"date": "2024-03-30-06-00-00", "latency": 152}, {"date": "2024-03-30-06-00-00", "latency": 152}, {"date": "2024-03-30-06-00-00", "latency": 152}]}, {"location": {"country_code": "ru"}, "game_id": "135305", "values": [{"date": "2024-03-30-11-00-00", "latency": 76}]}, {"location": {"country_code": "id"}, "game_id": "135305", "values": [{"date": "2024-03-30-09-00-00", "latency": 488}]}, {"location": {"country_code": "us", "region": "Florida", "city": "Orlando"}, "game_id": "135305", "values": [{"date": "2024-03-30-05-00-00", "latency": 120}, {"date": "2024-03-30-05-00-00", "latency": 120}, {"date": "2024-03-30-05-00-00", "latency": 120}, {"date": "2024-03-30-05-00-00", "latency": 120}]}, {"location": {"country_code": "hr"}, "game_id": "135305", "values": [{"date": "2024-03-30-23-00-00", "latency": 98}]}, {"location": {"country_code": "ru", "region": "Kaliningrad Oblast", "city": "Kaliningrad"}, "game_id": "135305", "values": [{"date": "2024-03-30-14-00-00", "latency": 78}, {"date": "2024-03-30-14-00-00", "latency": 78}]}, {"location": {"country_code": "ph", "region": "National Capital Region"}, "game_id": "135305", "values": [{"date": "2024-03-30-14-00-00", "latency": 108}, {"date": "2024-03-30-14-00-00", "latency": 108}]}], "last_updated": 1719927542.218963}