{"data": [{"location": {"country_code": "us", "region": "New York", "city": "Jamestown"}, "game_id": "319965", "values": [{"date": "2023-11-25-22-00-00", "latency": 34}, {"date": "2023-11-25-22-00-00", "latency": 34}, {"date": "2023-11-25-22-00-00", "latency": 34}, {"date": "2023-11-25-22-00-00", "latency": 34}, {"date": "2023-11-25-22-00-00", "latency": 34}, {"date": "2023-11-25-22-00-00", "latency": 34}, {"date": "2023-11-25-22-00-00", "latency": 34}, {"date": "2023-11-25-22-00-00", "latency": 34}, {"date": "2023-11-25-22-00-00", "latency": 34}, {"date": "2023-11-25-22-00-00", "latency": 34}, {"date": "2023-11-25-22-00-00", "latency": 34}, {"date": "2023-11-25-22-00-00", "latency": 34}, {"date": "2023-11-25-22-00-00", "latency": 34}, {"date": "2023-11-25-22-00-00", "latency": 34}, {"date": "2023-11-25-22-00-00", "latency": 34}, {"date": "2023-11-25-22-00-00", "latency": 34}, {"date": "2023-11-25-22-00-00", "latency": 34}, {"date": "2023-11-25-22-00-00", "latency": 34}]}, {"location": {"country_code": "jp"}, "game_id": "319965", "values": [{"date": "2023-11-25-08-00-00", "latency": 68}, {"date": "2023-11-25-08-00-00", "latency": 68}, {"date": "2023-11-25-08-00-00", "latency": 68}, {"date": "2023-11-25-08-00-00", "latency": 68}, {"date": "2023-11-25-08-00-00", "latency": 68}, {"date": "2023-11-25-08-00-00", "latency": 68}, {"date": "2023-11-25-08-00-00", "latency": 68}, {"date": "2023-11-25-08-00-00", "latency": 68}, {"date": "2023-11-25-08-00-00", "latency": 68}, {"date": "2023-11-25-08-00-00", "latency": 68}, {"date": "2023-11-25-08-00-00", "latency": 68}, {"date": "2023-11-25-08-00-00", "latency": 68}, {"date": "2023-11-25-08-00-00", "latency": 68}, {"date": "2023-11-25-08-00-00", "latency": 68}, {"date": "2023-11-25-08-00-00", "latency": 68}, {"date": "2023-11-25-08-00-00", "latency": 68}, {"date": "2023-11-25-08-00-00", "latency": 68}, {"date": "2023-11-25-08-00-00", "latency": 68}, {"date": "2023-11-25-08-00-00", "latency": 68}, {"date": "2023-11-25-08-00-00", "latency": 68}, {"date": "2023-11-25-08-00-00", "latency": 68}, {"date": "2023-11-25-08-00-00", "latency": 68}, {"date": "2023-11-25-08-00-00", "latency": 68}, {"date": "2023-11-25-08-00-00", "latency": 68}, {"date": "2023-11-25-08-00-00", "latency": 68}, {"date": "2023-11-25-08-00-00", "latency": 68}, {"date": "2023-11-25-08-00-00", "latency": 68}, {"date": "2023-11-25-08-00-00", "latency": 68}, {"date": "2023-11-25-08-00-00", "latency": 68}, {"date": "2023-11-25-08-00-00", "latency": 68}]}, {"location": {"country_code": "ca"}, "game_id": "319965", "values": [{"date": "2023-11-25-02-00-00", "latency": 35}, {"date": "2023-11-25-02-00-00", "latency": 35}, {"date": "2023-11-25-02-00-00", "latency": 35}, {"date": "2023-11-25-02-00-00", "latency": 35}, {"date": "2023-11-25-02-00-00", "latency": 35}, {"date": "2023-11-25-02-00-00", "latency": 35}, {"date": "2023-11-25-02-00-00", "latency": 35}, {"date": "2023-11-25-02-00-00", "latency": 35}, {"date": "2023-11-25-02-00-00", "latency": 35}, {"date": "2023-11-25-02-00-00", "latency": 35}, {"date": "2023-11-25-02-00-00", "latency": 35}, {"date": "2023-11-25-02-00-00", "latency": 35}, {"date": "2023-11-25-02-00-00", "latency": 35}, {"date": "2023-11-25-02-00-00", "latency": 35}]}, {"location": {"country_code": "gb", "region": "England"}, "game_id": "319965", "values": [{"date": "2023-11-25-04-00-00", "latency": 126}, {"date": "2023-11-25-04-00-00", "latency": 126}, {"date": "2023-11-25-04-00-00", "latency": 126}, {"date": "2023-11-25-04-00-00", "latency": 126}, {"date": "2023-11-25-04-00-00", "latency": 126}]}, {"location": {"country_code": "mx"}, "game_id": "319965", "values": [{"date": "2023-11-25-20-00-00", "latency": 2}, {"date": "2023-11-25-20-00-00", "latency": 2}, {"date": "2023-11-25-20-00-00", "latency": 2}, {"date": "2023-11-25-20-00-00", "latency": 2}, {"date": "2023-11-25-20-00-00", "latency": 2}, {"date": "2023-11-25-20-00-00", "latency": 2}, {"date": "2023-11-25-20-00-00", "latency": 2}, {"date": "2023-11-25-20-00-00", "latency": 2}, {"date": "2023-11-25-20-00-00", "latency": 2}, {"date": "2023-11-25-20-00-00", "latency": 2}]}, {"location": {"country_code": "br", "region": "Sao Paulo", "city": "Apiai"}, "game_id": "319965", "values": [{"date": "2023-11-25-23-00-00", "latency": 71}, {"date": "2023-11-25-23-00-00", "latency": 71}]}], "last_updated": 1719926530.028587}