{"data": [{"location": {"country_code": "us"}, "game_id": "747108", "values": [{"date": "2023-04-09-02-00-00", "latency": 125}, {"date": "2023-04-09-02-00-00", "latency": 125}, {"date": "2023-04-09-02-00-00", "latency": 125}, {"date": "2023-04-09-02-00-00", "latency": 125}, {"date": "2023-04-09-02-00-00", "latency": 125}, {"date": "2023-04-09-02-00-00", "latency": 125}, {"date": "2023-04-09-02-00-00", "latency": 125}, {"date": "2023-04-09-02-00-00", "latency": 125}, {"date": "2023-04-09-02-00-00", "latency": 125}, {"date": "2023-04-09-02-00-00", "latency": 125}, {"date": "2023-04-09-02-00-00", "latency": 125}, {"date": "2023-04-09-02-00-00", "latency": 125}, {"date": "2023-04-09-02-00-00", "latency": 125}, {"date": "2023-04-09-02-00-00", "latency": 125}, {"date": "2023-04-09-02-00-00", "latency": 125}, {"date": "2023-04-09-02-00-00", "latency": 125}, {"date": "2023-04-09-02-00-00", "latency": 125}, {"date": "2023-04-09-02-00-00", "latency": 125}, {"date": "2023-04-09-02-00-00", "latency": 125}, {"date": "2023-04-09-02-00-00", "latency": 125}, {"date": "2023-04-09-02-00-00", "latency": 125}, {"date": "2023-04-09-02-00-00", "latency": 125}, {"date": "2023-04-09-02-00-00", "latency": 125}, {"date": "2023-04-09-02-00-00", "latency": 125}, {"date": "2023-04-09-02-00-00", "latency": 125}, {"date": "2023-04-09-02-00-00", "latency": 125}, {"date": "2023-04-09-02-00-00", "latency": 125}, {"date": "2023-04-09-02-00-00", "latency": 125}, {"date": "2023-04-09-02-00-00", "latency": 125}, {"date": "2023-04-09-02-00-00", "latency": 125}, {"date": "2023-04-09-02-00-00", "latency": 125}, {"date": "2023-04-09-02-00-00", "latency": 125}, {"date": "2023-04-09-02-00-00", "latency": 125}, {"date": "2023-04-09-02-00-00", "latency": 125}, {"date": "2023-04-09-02-00-00", "latency": 125}, {"date": "2023-04-09-02-00-00", "latency": 125}, {"date": "2023-04-09-02-00-00", "latency": 125}, {"date": "2023-04-09-02-00-00", "latency": 125}, {"date": "2023-04-09-02-00-00", "latency": 125}, {"date": "2023-04-09-02-00-00", "latency": 125}, {"date": "2023-04-09-02-00-00", "latency": 125}, {"date": "2023-04-09-02-00-00", "latency": 125}, {"date": "2023-04-09-02-00-00", "latency": 125}, {"date": "2023-04-09-02-00-00", "latency": 125}, {"date": "2023-04-09-02-00-00", "latency": 125}, {"date": "2023-04-09-02-00-00", "latency": 125}, {"date": "2023-04-09-02-00-00", "latency": 125}, {"date": "2023-04-09-02-00-00", "latency": 125}, {"date": "2023-04-09-02-00-00", "latency": 125}, {"date": "2023-04-09-02-00-00", "latency": 125}, {"date": "2023-04-09-02-00-00", "latency": 125}, {"date": "2023-04-09-02-00-00", "latency": 125}, {"date": "2023-04-09-02-00-00", "latency": 125}, {"date": "2023-04-09-02-00-00", "latency": 125}, {"date": "2023-04-09-02-00-00", "latency": 125}, {"date": "2023-04-09-02-00-00", "latency": 125}, {"date": "2023-04-09-02-00-00", "latency": 125}, {"date": "2023-04-09-02-00-00", "latency": 125}, {"date": "2023-04-09-02-00-00", "latency": 125}, {"date": "2023-04-09-02-00-00", "latency": 125}, {"date": "2023-04-09-02-00-00", "latency": 125}, {"date": "2023-04-09-02-00-00", "latency": 125}, {"date": "2023-04-09-02-00-00", "latency": 125}, {"date": "2023-04-08-05-00-00", "latency": 78}, {"date": "2023-04-08-05-00-00", "latency": 78}, {"date": "2023-04-08-05-00-00", "latency": 78}, {"date": "2023-04-08-05-00-00", "latency": 78}, {"date": "2023-04-08-05-00-00", "latency": 78}, {"date": "2023-04-08-05-00-00", "latency": 78}, {"date": "2023-04-08-05-00-00", "latency": 78}, {"date": "2023-04-08-05-00-00", "latency": 78}, {"date": "2023-04-08-05-00-00", "latency": 78}, {"date": "2023-04-08-05-00-00", "latency": 78}, {"date": "2023-04-08-05-00-00", "latency": 78}, {"date": "2023-04-08-05-00-00", "latency": 78}, {"date": "2023-04-08-05-00-00", "latency": 78}, {"date": "2023-04-08-05-00-00", "latency": 78}, {"date": "2023-04-08-05-00-00", "latency": 78}, {"date": "2023-04-08-05-00-00", "latency": 78}, {"date": "2023-04-08-05-00-00", "latency": 78}, {"date": "2023-04-08-05-00-00", "latency": 78}, {"date": "2023-04-08-05-00-00", "latency": 78}, {"date": "2023-04-08-05-00-00", "latency": 78}, {"date": "2023-04-08-05-00-00", "latency": 78}, {"date": "2023-04-08-05-00-00", "latency": 78}, {"date": "2023-04-08-05-00-00", "latency": 78}, {"date": "2023-04-08-05-00-00", "latency": 78}, {"date": "2023-04-08-05-00-00", "latency": 78}, {"date": "2023-04-08-05-00-00", "latency": 78}, {"date": "2023-04-08-05-00-00", "latency": 78}, {"date": "2023-04-08-05-00-00", "latency": 78}, {"date": "2023-04-08-05-00-00", "latency": 78}, {"date": "2023-04-08-05-00-00", "latency": 78}, {"date": "2023-04-08-05-00-00", "latency": 78}, {"date": "2023-04-08-07-00-00", "latency": 63}, {"date": "2023-04-08-07-00-00", "latency": 63}, {"date": "2023-04-08-07-00-00", "latency": 63}, {"date": "2023-04-08-07-00-00", "latency": 63}, {"date": "2023-04-08-07-00-00", "latency": 63}, {"date": "2023-04-08-07-00-00", "latency": 63}, {"date": "2023-04-08-07-00-00", "latency": 63}, {"date": "2023-04-08-07-00-00", "latency": 63}, {"date": "2023-04-08-07-00-00", "latency": 63}, {"date": "2023-04-08-07-00-00", "latency": 63}, {"date": "2023-04-08-07-00-00", "latency": 63}, {"date": "2023-04-08-07-00-00", "latency": 63}, {"date": "2023-04-08-07-00-00", "latency": 63}, {"date": "2023-04-08-07-00-00", "latency": 63}, {"date": "2023-04-08-07-00-00", "latency": 63}, {"date": "2023-04-08-07-00-00", "latency": 63}]}, {"location": {"country_code": "us", "region": "New York", "city": "Jamestown"}, "game_id": "747108", "values": [{"date": "2023-04-08-07-00-00", "latency": 31}, {"date": "2023-04-08-07-00-00", "latency": 31}, {"date": "2023-04-08-07-00-00", "latency": 31}, {"date": "2023-04-08-07-00-00", "latency": 31}, {"date": "2023-04-08-07-00-00", "latency": 31}, {"date": "2023-04-08-07-00-00", "latency": 31}, {"date": "2023-04-08-07-00-00", "latency": 31}, {"date": "2023-04-08-07-00-00", "latency": 31}, {"date": "2023-04-08-07-00-00", "latency": 31}, {"date": "2023-04-08-07-00-00", "latency": 31}, {"date": "2023-04-08-07-00-00", "latency": 31}, {"date": "2023-04-08-07-00-00", "latency": 31}, {"date": "2023-04-08-07-00-00", "latency": 31}, {"date": "2023-04-08-07-00-00", "latency": 31}, {"date": "2023-04-08-07-00-00", "latency": 31}, {"date": "2023-04-08-07-00-00", "latency": 31}, {"date": "2023-04-08-07-00-00", "latency": 31}, {"date": "2023-04-08-07-00-00", "latency": 31}, {"date": "2023-04-08-07-00-00", "latency": 31}, {"date": "2023-04-08-07-00-00", "latency": 31}, {"date": "2023-04-08-07-00-00", "latency": 31}, {"date": "2023-04-08-07-00-00", "latency": 31}, {"date": "2023-04-08-07-00-00", "latency": 31}, {"date": "2023-04-08-07-00-00", "latency": 31}, {"date": "2023-04-08-07-00-00", "latency": 31}, {"date": "2023-04-08-07-00-00", "latency": 31}, {"date": "2023-04-08-07-00-00", "latency": 31}, {"date": "2023-04-08-07-00-00", "latency": 31}, {"date": "2023-04-08-07-00-00", "latency": 31}, {"date": "2023-04-08-07-00-00", "latency": 31}, {"date": "2023-04-08-07-00-00", "latency": 31}]}, {"location": {"country_code": "gr"}, "game_id": "747108", "values": [{"date": "2023-04-08-14-00-00", "latency": 63}, {"date": "2023-04-08-14-00-00", "latency": 63}, {"date": "2023-04-08-14-00-00", "latency": 63}, {"date": "2023-04-08-14-00-00", "latency": 63}, {"date": "2023-04-08-14-00-00", "latency": 63}]}, {"location": {"country_code": "pa"}, "game_id": "747108", "values": [{"date": "2023-04-08-08-00-00", "latency": 78}, {"date": "2023-04-08-08-00-00", "latency": 78}, {"date": "2023-04-08-08-00-00", "latency": 78}, {"date": "2023-04-08-08-00-00", "latency": 78}, {"date": "2023-04-08-08-00-00", "latency": 78}, {"date": "2023-04-08-08-00-00", "latency": 78}, {"date": "2023-04-08-08-00-00", "latency": 78}, {"date": "2023-04-08-08-00-00", "latency": 78}, {"date": "2023-04-08-08-00-00", "latency": 78}, {"date": "2023-04-08-08-00-00", "latency": 78}, {"date": "2023-04-08-08-00-00", "latency": 78}, {"date": "2023-04-08-08-00-00", "latency": 78}, {"date": "2023-04-08-08-00-00", "latency": 78}, {"date": "2023-04-08-08-00-00", "latency": 78}, {"date": "2023-04-08-08-00-00", "latency": 78}, {"date": "2023-04-08-08-00-00", "latency": 78}, {"date": "2023-04-08-08-00-00", "latency": 78}, {"date": "2023-04-08-08-00-00", "latency": 78}, {"date": "2023-04-08-08-00-00", "latency": 78}, {"date": "2023-04-08-08-00-00", "latency": 78}, {"date": "2023-04-08-08-00-00", "latency": 78}, {"date": "2023-04-08-08-00-00", "latency": 78}, {"date": "2023-04-08-08-00-00", "latency": 78}, {"date": "2023-04-08-08-00-00", "latency": 78}, {"date": "2023-04-08-08-00-00", "latency": 78}, {"date": "2023-04-08-08-00-00", "latency": 78}, {"date": "2023-04-08-08-00-00", "latency": 78}, {"date": "2023-04-08-08-00-00", "latency": 78}, {"date": "2023-04-08-08-00-00", "latency": 78}, {"date": "2023-04-08-08-00-00", "latency": 78}, {"date": "2023-04-08-08-00-00", "latency": 78}, {"date": "2023-04-08-08-00-00", "latency": 78}, {"date": "2023-04-08-08-00-00", "latency": 78}, {"date": "2023-04-08-08-00-00", "latency": 78}, {"date": "2023-04-08-08-00-00", "latency": 78}, {"date": "2023-04-08-08-00-00", "latency": 78}, {"date": "2023-04-08-08-00-00", "latency": 78}, {"date": "2023-04-08-08-00-00", "latency": 78}, {"date": "2023-04-08-08-00-00", "latency": 78}, {"date": "2023-04-08-08-00-00", "latency": 78}, {"date": "2023-04-08-08-00-00", "latency": 78}, {"date": "2023-04-08-08-00-00", "latency": 78}, {"date": "2023-04-08-08-00-00", "latency": 78}, {"date": "2023-04-08-08-00-00", "latency": 78}, {"date": "2023-04-08-08-00-00", "latency": 78}, {"date": "2023-04-08-08-00-00", "latency": 78}, {"date": "2023-04-08-08-00-00", "latency": 78}, {"date": "2023-04-08-08-00-00", "latency": 78}, {"date": "2023-04-08-08-00-00", "latency": 78}, {"date": "2023-04-08-08-00-00", "latency": 78}, {"date": "2023-04-08-08-00-00", "latency": 78}, {"date": "2023-04-08-08-00-00", "latency": 78}, {"date": "2023-04-08-08-00-00", "latency": 78}, {"date": "2023-04-08-08-00-00", "latency": 78}, {"date": "2023-04-08-08-00-00", "latency": 78}]}, {"location": {"country_code": "nl"}, "game_id": "747108", "values": [{"date": "2023-04-09-01-00-00", "latency": 16}, {"date": "2023-04-09-01-00-00", "latency": 16}, {"date": "2023-04-09-01-00-00", "latency": 16}, {"date": "2023-04-09-01-00-00", "latency": 16}, {"date": "2023-04-09-01-00-00", "latency": 16}]}, {"location": {"country_code": "ro"}, "game_id": "747108", "values": [{"date": "2023-04-08-20-00-00", "latency": 31}, {"date": "2023-04-08-20-00-00", "latency": 31}, {"date": "2023-04-08-20-00-00", "latency": 31}, {"date": "2023-04-08-20-00-00", "latency": 31}, {"date": "2023-04-08-20-00-00", "latency": 31}, {"date": "2023-04-08-20-00-00", "latency": 31}, {"date": "2023-04-08-20-00-00", "latency": 31}, {"date": "2023-04-08-20-00-00", "latency": 31}, {"date": "2023-04-08-20-00-00", "latency": 31}, {"date": "2023-04-08-20-00-00", "latency": 31}, {"date": "2023-04-08-20-00-00", "latency": 31}, {"date": "2023-04-08-20-00-00", "latency": 31}, {"date": "2023-04-08-20-00-00", "latency": 31}, {"date": "2023-04-08-20-00-00", "latency": 31}, {"date": "2023-04-08-20-00-00", "latency": 31}, {"date": "2023-04-08-20-00-00", "latency": 31}, {"date": "2023-04-08-20-00-00", "latency": 31}, {"date": "2023-04-08-20-00-00", "latency": 31}, {"date": "2023-04-08-20-00-00", "latency": 31}, {"date": "2023-04-08-20-00-00", "latency": 31}, {"date": "2023-04-08-20-00-00", "latency": 31}, {"date": "2023-04-08-20-00-00", "latency": 31}, {"date": "2023-04-08-20-00-00", "latency": 31}, {"date": "2023-04-08-20-00-00", "latency": 31}, {"date": "2023-04-08-20-00-00", "latency": 31}, {"date": "2023-04-08-20-00-00", "latency": 31}, {"date": "2023-04-08-20-00-00", "latency": 31}, {"date": "2023-04-08-20-00-00", "latency": 31}, {"date": "2023-04-08-20-00-00", "latency": 31}, {"date": "2023-04-08-20-00-00", "latency": 31}, {"date": "2023-04-08-20-00-00", "latency": 31}, {"date": "2023-04-08-20-00-00", "latency": 31}, {"date": "2023-04-08-20-00-00", "latency": 31}, {"date": "2023-04-08-20-00-00", "latency": 31}, {"date": "2023-04-08-20-00-00", "latency": 31}, {"date": "2023-04-08-20-00-00", "latency": 31}, {"date": "2023-04-08-20-00-00", "latency": 31}, {"date": "2023-04-08-20-00-00", "latency": 31}, {"date": "2023-04-08-20-00-00", "latency": 31}, {"date": "2023-04-08-20-00-00", "latency": 31}, {"date": "2023-04-08-20-00-00", "latency": 31}, {"date": "2023-04-08-20-00-00", "latency": 31}, {"date": "2023-04-08-20-00-00", "latency": 31}, {"date": "2023-04-08-20-00-00", "latency": 31}, {"date": "2023-04-08-20-00-00", "latency": 31}, {"date": "2023-04-08-20-00-00", "latency": 31}, {"date": "2023-04-08-20-00-00", "latency": 31}, {"date": "2023-04-08-20-00-00", "latency": 31}, {"date": "2023-04-08-20-00-00", "latency": 31}, {"date": "2023-04-08-20-00-00", "latency": 31}, {"date": "2023-04-08-20-00-00", "latency": 31}, {"date": "2023-04-08-20-00-00", "latency": 31}, {"date": "2023-04-08-20-00-00", "latency": 31}, {"date": "2023-04-08-20-00-00", "latency": 31}, {"date": "2023-04-08-20-00-00", "latency": 31}, {"date": "2023-04-08-20-00-00", "latency": 31}, {"date": "2023-04-08-20-00-00", "latency": 31}, {"date": "2023-04-08-20-00-00", "latency": 31}, {"date": "2023-04-08-20-00-00", "latency": 31}, {"date": "2023-04-08-20-00-00", "latency": 31}, {"date": "2023-04-08-20-00-00", "latency": 31}, {"date": "2023-04-08-20-00-00", "latency": 31}, {"date": "2023-04-08-20-00-00", "latency": 31}, {"date": "2023-04-08-20-00-00", "latency": 31}, {"date": "2023-04-08-20-00-00", "latency": 31}, {"date": "2023-04-08-20-00-00", "latency": 31}, {"date": "2023-04-08-20-00-00", "latency": 31}, {"date": "2023-04-08-20-00-00", "latency": 31}, {"date": "2023-04-08-20-00-00", "latency": 31}, {"date": "2023-04-08-20-00-00", "latency": 31}, {"date": "2023-04-08-20-00-00", "latency": 31}, {"date": "2023-04-08-20-00-00", "latency": 31}, {"date": "2023-04-08-20-00-00", "latency": 31}, {"date": "2023-04-08-20-00-00", "latency": 31}, {"date": "2023-04-08-20-00-00", "latency": 31}, {"date": "2023-04-08-20-00-00", "latency": 31}, {"date": "2023-04-08-20-00-00", "latency": 31}, {"date": "2023-04-08-20-00-00", "latency": 31}, {"date": "2023-04-08-20-00-00", "latency": 31}, {"date": "2023-04-08-20-00-00", "latency": 31}, {"date": "2023-04-08-20-00-00", "latency": 31}, {"date": "2023-04-08-20-00-00", "latency": 31}, {"date": "2023-04-08-20-00-00", "latency": 31}, {"date": "2023-04-08-20-00-00", "latency": 31}, {"date": "2023-04-08-20-00-00", "latency": 31}, {"date": "2023-04-08-20-00-00", "latency": 31}, {"date": "2023-04-08-20-00-00", "latency": 31}]}, {"location": {"country_code": "jp"}, "game_id": "747108", "values": [{"date": "2023-04-08-15-00-00", "latency": 93}, {"date": "2023-04-08-15-00-00", "latency": 93}, {"date": "2023-04-08-15-00-00", "latency": 93}, {"date": "2023-04-08-15-00-00", "latency": 93}, {"date": "2023-04-08-15-00-00", "latency": 93}, {"date": "2023-04-08-15-00-00", "latency": 93}]}, {"location": {"country_code": "ca"}, "game_id": "747108", "values": [{"date": "2023-04-08-08-00-00", "latency": 47}, {"date": "2023-04-08-08-00-00", "latency": 47}, {"date": "2023-04-08-08-00-00", "latency": 47}, {"date": "2023-04-08-08-00-00", "latency": 47}, {"date": "2023-04-08-08-00-00", "latency": 47}, {"date": "2023-04-08-08-00-00", "latency": 47}, {"date": "2023-04-08-08-00-00", "latency": 47}, {"date": "2023-04-08-08-00-00", "latency": 47}, {"date": "2023-04-08-08-00-00", "latency": 47}, {"date": "2023-04-08-08-00-00", "latency": 47}, {"date": "2023-04-08-08-00-00", "latency": 47}, {"date": "2023-04-08-08-00-00", "latency": 47}, {"date": "2023-04-08-08-00-00", "latency": 47}, {"date": "2023-04-08-08-00-00", "latency": 47}, {"date": "2023-04-08-08-00-00", "latency": 47}, {"date": "2023-04-08-08-00-00", "latency": 47}, {"date": "2023-04-08-08-00-00", "latency": 47}, {"date": "2023-04-08-08-00-00", "latency": 47}, {"date": "2023-04-08-08-00-00", "latency": 47}, {"date": "2023-04-08-08-00-00", "latency": 47}, {"date": "2023-04-08-08-00-00", "latency": 47}, {"date": "2023-04-08-08-00-00", "latency": 47}, {"date": "2023-04-08-08-00-00", "latency": 47}, {"date": "2023-04-08-08-00-00", "latency": 47}, {"date": "2023-04-08-08-00-00", "latency": 47}, {"date": "2023-04-08-08-00-00", "latency": 47}, {"date": "2023-04-08-08-00-00", "latency": 47}, {"date": "2023-04-08-08-00-00", "latency": 47}, {"date": "2023-04-08-11-00-00", "latency": 47}, {"date": "2023-04-08-11-00-00", "latency": 47}, {"date": "2023-04-08-11-00-00", "latency": 47}, {"date": "2023-04-08-11-00-00", "latency": 47}, {"date": "2023-04-08-11-00-00", "latency": 47}, {"date": "2023-04-08-11-00-00", "latency": 47}, {"date": "2023-04-08-11-00-00", "latency": 47}, {"date": "2023-04-08-11-00-00", "latency": 47}, {"date": "2023-04-08-11-00-00", "latency": 47}, {"date": "2023-04-08-11-00-00", "latency": 47}, {"date": "2023-04-08-11-00-00", "latency": 47}, {"date": "2023-04-08-11-00-00", "latency": 47}, {"date": "2023-04-08-11-00-00", "latency": 47}, {"date": "2023-04-08-11-00-00", "latency": 47}, {"date": "2023-04-08-11-00-00", "latency": 47}, {"date": "2023-04-08-11-00-00", "latency": 47}, {"date": "2023-04-08-11-00-00", "latency": 47}, {"date": "2023-04-08-11-00-00", "latency": 47}, {"date": "2023-04-08-11-00-00", "latency": 47}, {"date": "2023-04-08-11-00-00", "latency": 47}, {"date": "2023-04-08-11-00-00", "latency": 47}, {"date": "2023-04-08-11-00-00", "latency": 47}, {"date": "2023-04-08-11-00-00", "latency": 47}, {"date": "2023-04-08-11-00-00", "latency": 47}, {"date": "2023-04-08-11-00-00", "latency": 47}, {"date": "2023-04-08-11-00-00", "latency": 47}, {"date": "2023-04-08-06-00-00", "latency": 31}, {"date": "2023-04-08-06-00-00", "latency": 31}, {"date": "2023-04-08-06-00-00", "latency": 31}, {"date": "2023-04-08-06-00-00", "latency": 31}, {"date": "2023-04-08-06-00-00", "latency": 31}, {"date": "2023-04-08-06-00-00", "latency": 31}, {"date": "2023-04-08-06-00-00", "latency": 31}, {"date": "2023-04-08-06-00-00", "latency": 31}, {"date": "2023-04-08-06-00-00", "latency": 31}, {"date": "2023-04-08-06-00-00", "latency": 31}, {"date": "2023-04-08-06-00-00", "latency": 31}, {"date": "2023-04-08-06-00-00", "latency": 31}, {"date": "2023-04-08-06-00-00", "latency": 31}, {"date": "2023-04-08-06-00-00", "latency": 31}, {"date": "2023-04-08-06-00-00", "latency": 31}, {"date": "2023-04-08-06-00-00", "latency": 31}, {"date": "2023-04-08-06-00-00", "latency": 31}, {"date": "2023-04-08-06-00-00", "latency": 31}, {"date": "2023-04-08-06-00-00", "latency": 31}, {"date": "2023-04-09-02-00-00", "latency": 15}, {"date": "2023-04-09-02-00-00", "latency": 15}, {"date": "2023-04-09-02-00-00", "latency": 15}, {"date": "2023-04-09-02-00-00", "latency": 15}]}, {"location": {"country_code": "de"}, "game_id": "747108", "values": [{"date": "2023-04-08-16-00-00", "latency": 15}, {"date": "2023-04-08-16-00-00", "latency": 15}, {"date": "2023-04-08-16-00-00", "latency": 15}, {"date": "2023-04-08-16-00-00", "latency": 15}, {"date": "2023-04-08-16-00-00", "latency": 15}, {"date": "2023-04-08-16-00-00", "latency": 15}, {"date": "2023-04-08-16-00-00", "latency": 15}, {"date": "2023-04-08-16-00-00", "latency": 15}, {"date": "2023-04-08-16-00-00", "latency": 15}, {"date": "2023-04-08-16-00-00", "latency": 15}, {"date": "2023-04-08-16-00-00", "latency": 15}, {"date": "2023-04-08-16-00-00", "latency": 15}, {"date": "2023-04-08-16-00-00", "latency": 15}, {"date": "2023-04-08-16-00-00", "latency": 15}, {"date": "2023-04-08-16-00-00", "latency": 15}, {"date": "2023-04-08-16-00-00", "latency": 15}, {"date": "2023-04-08-16-00-00", "latency": 15}, {"date": "2023-04-08-16-00-00", "latency": 15}, {"date": "2023-04-08-16-00-00", "latency": 15}, {"date": "2023-04-08-16-00-00", "latency": 15}, {"date": "2023-04-08-16-00-00", "latency": 15}, {"date": "2023-04-08-16-00-00", "latency": 15}, {"date": "2023-04-08-16-00-00", "latency": 15}, {"date": "2023-04-08-16-00-00", "latency": 15}, {"date": "2023-04-08-16-00-00", "latency": 15}, {"date": "2023-04-08-16-00-00", "latency": 15}, {"date": "2023-04-08-16-00-00", "latency": 15}, {"date": "2023-04-08-16-00-00", "latency": 15}, {"date": "2023-04-08-16-00-00", "latency": 15}, {"date": "2023-04-08-16-00-00", "latency": 15}, {"date": "2023-04-08-16-00-00", "latency": 15}, {"date": "2023-04-08-16-00-00", "latency": 15}, {"date": "2023-04-08-16-00-00", "latency": 15}, {"date": "2023-04-08-16-00-00", "latency": 15}, {"date": "2023-04-08-16-00-00", "latency": 15}, {"date": "2023-04-08-16-00-00", "latency": 15}, {"date": "2023-04-08-16-00-00", "latency": 15}, {"date": "2023-04-08-16-00-00", "latency": 15}, {"date": "2023-04-08-16-00-00", "latency": 15}, {"date": "2023-04-08-16-00-00", "latency": 15}, {"date": "2023-04-08-16-00-00", "latency": 15}, {"date": "2023-04-08-16-00-00", "latency": 15}, {"date": "2023-04-08-16-00-00", "latency": 15}, {"date": "2023-04-08-16-00-00", "latency": 15}, {"date": "2023-04-08-16-00-00", "latency": 15}, {"date": "2023-04-08-16-00-00", "latency": 15}, {"date": "2023-04-08-16-00-00", "latency": 15}, {"date": "2023-04-08-16-00-00", "latency": 15}, {"date": "2023-04-08-16-00-00", "latency": 15}, {"date": "2023-04-08-16-00-00", "latency": 15}, {"date": "2023-04-08-16-00-00", "latency": 15}, {"date": "2023-04-08-16-00-00", "latency": 15}, {"date": "2023-04-08-16-00-00", "latency": 15}, {"date": "2023-04-08-16-00-00", "latency": 15}, {"date": "2023-04-08-16-00-00", "latency": 15}, {"date": "2023-04-08-16-00-00", "latency": 15}, {"date": "2023-04-08-16-00-00", "latency": 15}, {"date": "2023-04-08-16-00-00", "latency": 15}, {"date": "2023-04-08-16-00-00", "latency": 15}, {"date": "2023-04-08-16-00-00", "latency": 15}, {"date": "2023-04-08-16-00-00", "latency": 15}, {"date": "2023-04-08-16-00-00", "latency": 15}, {"date": "2023-04-08-16-00-00", "latency": 15}, {"date": "2023-04-08-16-00-00", "latency": 15}, {"date": "2023-04-08-16-00-00", "latency": 15}, {"date": "2023-04-08-16-00-00", "latency": 15}, {"date": "2023-04-08-16-00-00", "latency": 15}, {"date": "2023-04-08-16-00-00", "latency": 15}, {"date": "2023-04-08-16-00-00", "latency": 15}, {"date": "2023-04-08-16-00-00", "latency": 15}, {"date": "2023-04-08-16-00-00", "latency": 15}, {"date": "2023-04-08-16-00-00", "latency": 15}, {"date": "2023-04-08-16-00-00", "latency": 15}, {"date": "2023-04-08-16-00-00", "latency": 15}, {"date": "2023-04-08-16-00-00", "latency": 15}, {"date": "2023-04-08-16-00-00", "latency": 15}, {"date": "2023-04-08-16-00-00", "latency": 15}, {"date": "2023-04-08-16-00-00", "latency": 15}, {"date": "2023-04-08-16-00-00", "latency": 15}, {"date": "2023-04-08-16-00-00", "latency": 15}, {"date": "2023-04-08-16-00-00", "latency": 15}, {"date": "2023-04-08-16-00-00", "latency": 15}, {"date": "2023-04-08-16-00-00", "latency": 15}, {"date": "2023-04-08-16-00-00", "latency": 15}, {"date": "2023-04-08-16-00-00", "latency": 15}, {"date": "2023-04-08-16-00-00", "latency": 15}, {"date": "2023-04-08-16-00-00", "latency": 15}, {"date": "2023-04-08-16-00-00", "latency": 15}, {"date": "2023-04-08-16-00-00", "latency": 15}, {"date": "2023-04-08-16-00-00", "latency": 15}, {"date": "2023-04-08-16-00-00", "latency": 15}, {"date": "2023-04-08-16-00-00", "latency": 15}, {"date": "2023-04-08-16-00-00", "latency": 15}, {"date": "2023-04-08-16-00-00", "latency": 15}]}, {"location": {"country_code": "ph"}, "game_id": "747108", "values": [{"date": "2023-04-08-20-00-00", "latency": 172}, {"date": "2023-04-08-20-00-00", "latency": 172}, {"date": "2023-04-08-20-00-00", "latency": 172}, {"date": "2023-04-08-20-00-00", "latency": 172}, {"date": "2023-04-08-17-00-00", "latency": 172}, {"date": "2023-04-08-17-00-00", "latency": 172}, {"date": "2023-04-08-17-00-00", "latency": 172}, {"date": "2023-04-08-17-00-00", "latency": 172}, {"date": "2023-04-08-17-00-00", "latency": 172}, {"date": "2023-04-08-17-00-00", "latency": 172}, {"date": "2023-04-08-17-00-00", "latency": 172}, {"date": "2023-04-08-17-00-00", "latency": 172}, {"date": "2023-04-08-17-00-00", "latency": 172}, {"date": "2023-04-08-17-00-00", "latency": 172}, {"date": "2023-04-08-17-00-00", "latency": 172}]}, {"location": {"country_code": "fr"}, "game_id": "747108", "values": [{"date": "2023-04-08-03-00-00", "latency": 31}, {"date": "2023-04-08-03-00-00", "latency": 31}]}, {"location": {"country_code": "mx"}, "game_id": "747108", "values": [{"date": "2023-04-09-00-00-00", "latency": 78}, {"date": "2023-04-09-00-00-00", "latency": 78}, {"date": "2023-04-09-00-00-00", "latency": 78}, {"date": "2023-04-09-00-00-00", "latency": 78}, {"date": "2023-04-09-00-00-00", "latency": 78}, {"date": "2023-04-09-00-00-00", "latency": 78}, {"date": "2023-04-09-00-00-00", "latency": 78}, {"date": "2023-04-09-00-00-00", "latency": 78}, {"date": "2023-04-09-00-00-00", "latency": 78}, {"date": "2023-04-09-00-00-00", "latency": 78}, {"date": "2023-04-09-00-00-00", "latency": 78}, {"date": "2023-04-09-00-00-00", "latency": 78}, {"date": "2023-04-09-00-00-00", "latency": 78}, {"date": "2023-04-09-00-00-00", "latency": 78}, {"date": "2023-04-09-00-00-00", "latency": 78}, {"date": "2023-04-09-00-00-00", "latency": 78}, {"date": "2023-04-09-00-00-00", "latency": 78}, {"date": "2023-04-09-00-00-00", "latency": 78}, {"date": "2023-04-09-00-00-00", "latency": 78}, {"date": "2023-04-09-00-00-00", "latency": 78}, {"date": "2023-04-09-00-00-00", "latency": 78}, {"date": "2023-04-09-00-00-00", "latency": 78}, {"date": "2023-04-09-00-00-00", "latency": 78}, {"date": "2023-04-09-00-00-00", "latency": 78}, {"date": "2023-04-09-00-00-00", "latency": 78}, {"date": "2023-04-09-00-00-00", "latency": 78}, {"date": "2023-04-09-00-00-00", "latency": 78}, {"date": "2023-04-09-02-00-00", "latency": 109}, {"date": "2023-04-09-02-00-00", "latency": 109}, {"date": "2023-04-09-02-00-00", "latency": 109}, {"date": "2023-04-09-02-00-00", "latency": 109}, {"date": "2023-04-09-02-00-00", "latency": 109}, {"date": "2023-04-09-02-00-00", "latency": 109}, {"date": "2023-04-09-02-00-00", "latency": 109}, {"date": "2023-04-09-02-00-00", "latency": 109}, {"date": "2023-04-09-02-00-00", "latency": 109}, {"date": "2023-04-09-02-00-00", "latency": 109}, {"date": "2023-04-09-02-00-00", "latency": 109}, {"date": "2023-04-09-02-00-00", "latency": 109}]}, {"location": {"country_code": "in"}, "game_id": "747108", "values": [{"date": "2023-04-09-00-00-00", "latency": 157}, {"date": "2023-04-09-00-00-00", "latency": 157}, {"date": "2023-04-09-00-00-00", "latency": 157}, {"date": "2023-04-09-00-00-00", "latency": 157}, {"date": "2023-04-09-00-00-00", "latency": 157}]}, {"location": {"country_code": "us", "region": "California"}, "game_id": "747108", "values": [{"date": "2023-04-08-10-00-00", "latency": 15}, {"date": "2023-04-08-10-00-00", "latency": 15}, {"date": "2023-04-08-10-00-00", "latency": 15}, {"date": "2023-04-08-10-00-00", "latency": 15}, {"date": "2023-04-08-10-00-00", "latency": 15}, {"date": "2023-04-08-10-00-00", "latency": 15}, {"date": "2023-04-08-10-00-00", "latency": 15}, {"date": "2023-04-08-10-00-00", "latency": 15}, {"date": "2023-04-08-10-00-00", "latency": 15}, {"date": "2023-04-08-10-00-00", "latency": 15}, {"date": "2023-04-08-10-00-00", "latency": 15}, {"date": "2023-04-08-10-00-00", "latency": 15}, {"date": "2023-04-08-10-00-00", "latency": 15}, {"date": "2023-04-08-10-00-00", "latency": 15}, {"date": "2023-04-08-10-00-00", "latency": 15}, {"date": "2023-04-08-10-00-00", "latency": 15}, {"date": "2023-04-08-10-00-00", "latency": 15}, {"date": "2023-04-08-10-00-00", "latency": 15}, {"date": "2023-04-08-10-00-00", "latency": 15}, {"date": "2023-04-08-10-00-00", "latency": 15}, {"date": "2023-04-08-10-00-00", "latency": 15}, {"date": "2023-04-08-10-00-00", "latency": 15}, {"date": "2023-04-08-10-00-00", "latency": 15}, {"date": "2023-04-08-10-00-00", "latency": 15}, {"date": "2023-04-08-10-00-00", "latency": 15}, {"date": "2023-04-08-10-00-00", "latency": 15}, {"date": "2023-04-08-10-00-00", "latency": 15}, {"date": "2023-04-08-10-00-00", "latency": 15}, {"date": "2023-04-08-04-00-00", "latency": 53}, {"date": "2023-04-08-04-00-00", "latency": 53}, {"date": "2023-04-08-04-00-00", "latency": 53}, {"date": "2023-04-08-09-00-00", "latency": 47}, {"date": "2023-04-08-09-00-00", "latency": 47}, {"date": "2023-04-08-09-00-00", "latency": 47}, {"date": "2023-04-08-09-00-00", "latency": 47}, {"date": "2023-04-08-09-00-00", "latency": 47}, {"date": "2023-04-08-09-00-00", "latency": 47}, {"date": "2023-04-08-09-00-00", "latency": 47}, {"date": "2023-04-08-09-00-00", "latency": 47}, {"date": "2023-04-08-09-00-00", "latency": 47}]}, {"location": {"country_code": "br"}, "game_id": "747108", "values": [{"date": "2023-04-08-21-00-00", "latency": 16}, {"date": "2023-04-08-21-00-00", "latency": 16}, {"date": "2023-04-08-21-00-00", "latency": 16}, {"date": "2023-04-08-21-00-00", "latency": 16}, {"date": "2023-04-08-21-00-00", "latency": 16}, {"date": "2023-04-08-21-00-00", "latency": 16}, {"date": "2023-04-08-21-00-00", "latency": 16}, {"date": "2023-04-08-21-00-00", "latency": 16}, {"date": "2023-04-08-21-00-00", "latency": 16}, {"date": "2023-04-08-21-00-00", "latency": 16}, {"date": "2023-04-08-21-00-00", "latency": 16}, {"date": "2023-04-08-21-00-00", "latency": 16}, {"date": "2023-04-08-21-00-00", "latency": 16}, {"date": "2023-04-08-21-00-00", "latency": 16}, {"date": "2023-04-08-21-00-00", "latency": 16}, {"date": "2023-04-08-21-00-00", "latency": 16}, {"date": "2023-04-08-21-00-00", "latency": 16}, {"date": "2023-04-08-21-00-00", "latency": 16}, {"date": "2023-04-08-21-00-00", "latency": 16}, {"date": "2023-04-08-21-00-00", "latency": 16}, {"date": "2023-04-08-21-00-00", "latency": 16}, {"date": "2023-04-08-21-00-00", "latency": 16}, {"date": "2023-04-08-21-00-00", "latency": 16}, {"date": "2023-04-08-21-00-00", "latency": 16}, {"date": "2023-04-08-21-00-00", "latency": 16}, {"date": "2023-04-08-21-00-00", "latency": 16}, {"date": "2023-04-08-21-00-00", "latency": 16}, {"date": "2023-04-08-21-00-00", "latency": 16}, {"date": "2023-04-08-21-00-00", "latency": 16}, {"date": "2023-04-08-21-00-00", "latency": 16}, {"date": "2023-04-08-21-00-00", "latency": 16}, {"date": "2023-04-08-21-00-00", "latency": 16}, {"date": "2023-04-08-21-00-00", "latency": 16}, {"date": "2023-04-08-21-00-00", "latency": 16}, {"date": "2023-04-08-21-00-00", "latency": 16}, {"date": "2023-04-08-21-00-00", "latency": 16}, {"date": "2023-04-08-21-00-00", "latency": 16}, {"date": "2023-04-08-21-00-00", "latency": 16}, {"date": "2023-04-08-21-00-00", "latency": 16}, {"date": "2023-04-08-21-00-00", "latency": 16}, {"date": "2023-04-08-21-00-00", "latency": 16}, {"date": "2023-04-08-21-00-00", "latency": 16}, {"date": "2023-04-08-21-00-00", "latency": 16}, {"date": "2023-04-08-21-00-00", "latency": 16}, {"date": "2023-04-08-21-00-00", "latency": 16}, {"date": "2023-04-08-21-00-00", "latency": 16}, {"date": "2023-04-08-21-00-00", "latency": 16}, {"date": "2023-04-08-21-00-00", "latency": 16}, {"date": "2023-04-08-21-00-00", "latency": 16}, {"date": "2023-04-08-21-00-00", "latency": 16}, {"date": "2023-04-08-21-00-00", "latency": 16}, {"date": "2023-04-08-21-00-00", "latency": 16}, {"date": "2023-04-08-21-00-00", "latency": 16}, {"date": "2023-04-08-21-00-00", "latency": 16}, {"date": "2023-04-08-21-00-00", "latency": 16}, {"date": "2023-04-08-21-00-00", "latency": 16}, {"date": "2023-04-08-20-00-00", "latency": 47}, {"date": "2023-04-08-20-00-00", "latency": 47}, {"date": "2023-04-08-20-00-00", "latency": 47}, {"date": "2023-04-08-20-00-00", "latency": 47}, {"date": "2023-04-08-20-00-00", "latency": 47}, {"date": "2023-04-08-20-00-00", "latency": 47}, {"date": "2023-04-08-20-00-00", "latency": 47}, {"date": "2023-04-08-20-00-00", "latency": 47}, {"date": "2023-04-08-20-00-00", "latency": 47}, {"date": "2023-04-08-20-00-00", "latency": 47}, {"date": "2023-04-08-20-00-00", "latency": 47}, {"date": "2023-04-08-20-00-00", "latency": 47}, {"date": "2023-04-08-20-00-00", "latency": 47}, {"date": "2023-04-08-20-00-00", "latency": 47}, {"date": "2023-04-08-20-00-00", "latency": 47}, {"date": "2023-04-08-20-00-00", "latency": 47}, {"date": "2023-04-08-20-00-00", "latency": 47}, {"date": "2023-04-08-20-00-00", "latency": 47}, {"date": "2023-04-08-20-00-00", "latency": 47}, {"date": "2023-04-08-20-00-00", "latency": 47}, {"date": "2023-04-08-20-00-00", "latency": 47}, {"date": "2023-04-08-20-00-00", "latency": 47}, {"date": "2023-04-08-20-00-00", "latency": 47}, {"date": "2023-04-08-20-00-00", "latency": 47}, {"date": "2023-04-08-20-00-00", "latency": 47}, {"date": "2023-04-08-20-00-00", "latency": 47}, {"date": "2023-04-08-20-00-00", "latency": 47}, {"date": "2023-04-08-20-00-00", "latency": 47}, {"date": "2023-04-08-20-00-00", "latency": 47}, {"date": "2023-04-08-20-00-00", "latency": 47}, {"date": "2023-04-08-20-00-00", "latency": 47}, {"date": "2023-04-08-20-00-00", "latency": 47}, {"date": "2023-04-08-20-00-00", "latency": 47}, {"date": "2023-04-08-20-00-00", "latency": 47}, {"date": "2023-04-08-20-00-00", "latency": 47}, {"date": "2023-04-08-05-00-00", "latency": 16}, {"date": "2023-04-08-05-00-00", "latency": 16}, {"date": "2023-04-08-05-00-00", "latency": 16}, {"date": "2023-04-08-05-00-00", "latency": 16}, {"date": "2023-04-08-05-00-00", "latency": 16}, {"date": "2023-04-08-05-00-00", "latency": 16}, {"date": "2023-04-08-05-00-00", "latency": 16}, {"date": "2023-04-08-05-00-00", "latency": 16}, {"date": "2023-04-08-05-00-00", "latency": 16}, {"date": "2023-04-08-05-00-00", "latency": 16}, {"date": "2023-04-08-05-00-00", "latency": 16}, {"date": "2023-04-08-05-00-00", "latency": 16}, {"date": "2023-04-08-03-00-00", "latency": 3}, {"date": "2023-04-08-03-00-00", "latency": 3}, {"date": "2023-04-08-21-00-00", "latency": 63}, {"date": "2023-04-08-21-00-00", "latency": 63}, {"date": "2023-04-08-21-00-00", "latency": 63}, {"date": "2023-04-08-21-00-00", "latency": 63}, {"date": "2023-04-08-21-00-00", "latency": 63}, {"date": "2023-04-08-21-00-00", "latency": 63}, {"date": "2023-04-08-21-00-00", "latency": 63}, {"date": "2023-04-08-21-00-00", "latency": 63}, {"date": "2023-04-08-21-00-00", "latency": 63}, {"date": "2023-04-08-21-00-00", "latency": 63}, {"date": "2023-04-08-21-00-00", "latency": 63}, {"date": "2023-04-08-21-00-00", "latency": 63}, {"date": "2023-04-08-21-00-00", "latency": 63}, {"date": "2023-04-08-21-00-00", "latency": 63}, {"date": "2023-04-08-21-00-00", "latency": 63}, {"date": "2023-04-08-21-00-00", "latency": 88}, {"date": "2023-04-08-21-00-00", "latency": 88}, {"date": "2023-04-08-21-00-00", "latency": 88}, {"date": "2023-04-08-21-00-00", "latency": 88}, {"date": "2023-04-08-06-00-00", "latency": 31}, {"date": "2023-04-08-06-00-00", "latency": 31}, {"date": "2023-04-08-06-00-00", "latency": 31}, {"date": "2023-04-08-06-00-00", "latency": 31}, {"date": "2023-04-08-06-00-00", "latency": 31}, {"date": "2023-04-08-06-00-00", "latency": 31}, {"date": "2023-04-08-06-00-00", "latency": 31}, {"date": "2023-04-08-06-00-00", "latency": 31}, {"date": "2023-04-08-06-00-00", "latency": 31}, {"date": "2023-04-08-06-00-00", "latency": 31}, {"date": "2023-04-08-06-00-00", "latency": 31}, {"date": "2023-04-08-06-00-00", "latency": 31}, {"date": "2023-04-08-06-00-00", "latency": 31}, {"date": "2023-04-08-06-00-00", "latency": 31}, {"date": "2023-04-08-06-00-00", "latency": 31}, {"date": "2023-04-08-06-00-00", "latency": 31}, {"date": "2023-04-08-06-00-00", "latency": 31}, {"date": "2023-04-08-06-00-00", "latency": 31}, {"date": "2023-04-08-06-00-00", "latency": 31}, {"date": "2023-04-08-06-00-00", "latency": 31}, {"date": "2023-04-08-06-00-00", "latency": 31}, {"date": "2023-04-08-06-00-00", "latency": 31}, {"date": "2023-04-08-06-00-00", "latency": 31}, {"date": "2023-04-08-06-00-00", "latency": 31}, {"date": "2023-04-08-06-00-00", "latency": 31}, {"date": "2023-04-08-06-00-00", "latency": 31}, {"date": "2023-04-08-06-00-00", "latency": 31}, {"date": "2023-04-08-06-00-00", "latency": 31}]}, {"location": {"country_code": "br", "region": "Sao Paulo", "city": "Apiai"}, "game_id": "747108", "values": [{"date": "2023-04-09-00-00-00", "latency": 15}, {"date": "2023-04-09-00-00-00", "latency": 15}, {"date": "2023-04-09-00-00-00", "latency": 15}, {"date": "2023-04-09-00-00-00", "latency": 15}, {"date": "2023-04-09-00-00-00", "latency": 15}, {"date": "2023-04-09-00-00-00", "latency": 15}, {"date": "2023-04-09-00-00-00", "latency": 15}, {"date": "2023-04-09-00-00-00", "latency": 15}, {"date": "2023-04-09-00-00-00", "latency": 15}, {"date": "2023-04-09-00-00-00", "latency": 15}, {"date": "2023-04-09-00-00-00", "latency": 15}, {"date": "2023-04-09-00-00-00", "latency": 15}, {"date": "2023-04-09-00-00-00", "latency": 15}, {"date": "2023-04-08-02-00-00", "latency": 16}, {"date": "2023-04-08-02-00-00", "latency": 16}, {"date": "2023-04-09-02-00-00", "latency": 16}, {"date": "2023-04-09-02-00-00", "latency": 16}, {"date": "2023-04-09-02-00-00", "latency": 16}, {"date": "2023-04-09-02-00-00", "latency": 16}, {"date": "2023-04-09-02-00-00", "latency": 16}, {"date": "2023-04-09-02-00-00", "latency": 16}, {"date": "2023-04-09-02-00-00", "latency": 16}, {"date": "2023-04-09-02-00-00", "latency": 16}, {"date": "2023-04-09-02-00-00", "latency": 16}, {"date": "2023-04-09-02-00-00", "latency": 16}, {"date": "2023-04-09-02-00-00", "latency": 16}, {"date": "2023-04-09-02-00-00", "latency": 16}, {"date": "2023-04-09-02-00-00", "latency": 16}, {"date": "2023-04-09-02-00-00", "latency": 16}, {"date": "2023-04-09-02-00-00", "latency": 16}, {"date": "2023-04-09-02-00-00", "latency": 16}, {"date": "2023-04-09-02-00-00", "latency": 16}, {"date": "2023-04-09-02-00-00", "latency": 16}, {"date": "2023-04-09-02-00-00", "latency": 16}, {"date": "2023-04-09-02-00-00", "latency": 16}, {"date": "2023-04-09-02-00-00", "latency": 16}, {"date": "2023-04-09-02-00-00", "latency": 16}, {"date": "2023-04-09-02-00-00", "latency": 16}, {"date": "2023-04-09-02-00-00", "latency": 16}, {"date": "2023-04-09-02-00-00", "latency": 16}, {"date": "2023-04-09-02-00-00", "latency": 16}, {"date": "2023-04-09-02-00-00", "latency": 16}, {"date": "2023-04-09-02-00-00", "latency": 16}, {"date": "2023-04-09-02-00-00", "latency": 16}, {"date": "2023-04-09-02-00-00", "latency": 16}, {"date": "2023-04-09-02-00-00", "latency": 16}, {"date": "2023-04-09-02-00-00", "latency": 16}, {"date": "2023-04-09-02-00-00", "latency": 16}, {"date": "2023-04-09-02-00-00", "latency": 16}, {"date": "2023-04-09-02-00-00", "latency": 16}, {"date": "2023-04-09-02-00-00", "latency": 16}, {"date": "2023-04-09-02-00-00", "latency": 16}, {"date": "2023-04-09-02-00-00", "latency": 16}, {"date": "2023-04-09-02-00-00", "latency": 16}, {"date": "2023-04-09-02-00-00", "latency": 16}, {"date": "2023-04-09-02-00-00", "latency": 16}, {"date": "2023-04-09-02-00-00", "latency": 16}, {"date": "2023-04-09-02-00-00", "latency": 16}, {"date": "2023-04-09-02-00-00", "latency": 16}, {"date": "2023-04-09-02-00-00", "latency": 16}, {"date": "2023-04-09-02-00-00", "latency": 16}, {"date": "2023-04-09-02-00-00", "latency": 16}, {"date": "2023-04-09-02-00-00", "latency": 16}, {"date": "2023-04-09-02-00-00", "latency": 16}, {"date": "2023-04-09-02-00-00", "latency": 16}, {"date": "2023-04-09-02-00-00", "latency": 16}, {"date": "2023-04-09-02-00-00", "latency": 16}, {"date": "2023-04-09-02-00-00", "latency": 16}, {"date": "2023-04-09-02-00-00", "latency": 16}, {"date": "2023-04-09-02-00-00", "latency": 16}, {"date": "2023-04-09-02-00-00", "latency": 16}, {"date": "2023-04-09-02-00-00", "latency": 16}, {"date": "2023-04-09-02-00-00", "latency": 16}, {"date": "2023-04-09-02-00-00", "latency": 16}, {"date": "2023-04-09-02-00-00", "latency": 16}, {"date": "2023-04-09-02-00-00", "latency": 16}, {"date": "2023-04-09-02-00-00", "latency": 16}, {"date": "2023-04-09-02-00-00", "latency": 16}, {"date": "2023-04-09-02-00-00", "latency": 16}, {"date": "2023-04-09-02-00-00", "latency": 16}, {"date": "2023-04-09-02-00-00", "latency": 16}, {"date": "2023-04-09-02-00-00", "latency": 16}, {"date": "2023-04-09-02-00-00", "latency": 16}, {"date": "2023-04-09-02-00-00", "latency": 16}, {"date": "2023-04-09-02-00-00", "latency": 16}, {"date": "2023-04-09-02-00-00", "latency": 16}, {"date": "2023-04-09-02-00-00", "latency": 16}, {"date": "2023-04-09-02-00-00", "latency": 16}, {"date": "2023-04-09-02-00-00", "latency": 16}, {"date": "2023-04-09-02-00-00", "latency": 16}, {"date": "2023-04-09-02-00-00", "latency": 16}, {"date": "2023-04-09-02-00-00", "latency": 16}, {"date": "2023-04-09-02-00-00", "latency": 16}, {"date": "2023-04-09-02-00-00", "latency": 16}, {"date": "2023-04-09-02-00-00", "latency": 16}, {"date": "2023-04-09-02-00-00", "latency": 16}, {"date": "2023-04-09-02-00-00", "latency": 16}, {"date": "2023-04-09-02-00-00", "latency": 16}, {"date": "2023-04-09-02-00-00", "latency": 16}, {"date": "2023-04-09-02-00-00", "latency": 16}, {"date": "2023-04-09-02-00-00", "latency": 16}, {"date": "2023-04-09-02-00-00", "latency": 16}, {"date": "2023-04-09-02-00-00", "latency": 16}, {"date": "2023-04-09-02-00-00", "latency": 16}, {"date": "2023-04-09-02-00-00", "latency": 16}, {"date": "2023-04-09-02-00-00", "latency": 16}, {"date": "2023-04-09-02-00-00", "latency": 16}, {"date": "2023-04-09-02-00-00", "latency": 16}, {"date": "2023-04-09-02-00-00", "latency": 16}, {"date": "2023-04-09-02-00-00", "latency": 16}, {"date": "2023-04-09-02-00-00", "latency": 16}, {"date": "2023-04-09-02-00-00", "latency": 16}, {"date": "2023-04-09-02-00-00", "latency": 16}, {"date": "2023-04-09-02-00-00", "latency": 16}]}, {"location": {"country_code": "se"}, "game_id": "747108", "values": [{"date": "2023-04-08-17-00-00", "latency": 16}, {"date": "2023-04-08-17-00-00", "latency": 16}, {"date": "2023-04-08-17-00-00", "latency": 16}, {"date": "2023-04-08-17-00-00", "latency": 16}, {"date": "2023-04-08-17-00-00", "latency": 16}, {"date": "2023-04-08-17-00-00", "latency": 16}, {"date": "2023-04-08-17-00-00", "latency": 16}, {"date": "2023-04-08-17-00-00", "latency": 16}, {"date": "2023-04-08-17-00-00", "latency": 16}, {"date": "2023-04-08-17-00-00", "latency": 16}, {"date": "2023-04-08-17-00-00", "latency": 16}, {"date": "2023-04-08-17-00-00", "latency": 16}, {"date": "2023-04-08-17-00-00", "latency": 16}, {"date": "2023-04-08-17-00-00", "latency": 16}, {"date": "2023-04-08-17-00-00", "latency": 16}, {"date": "2023-04-08-17-00-00", "latency": 16}, {"date": "2023-04-08-17-00-00", "latency": 16}, {"date": "2023-04-08-17-00-00", "latency": 16}, {"date": "2023-04-08-17-00-00", "latency": 16}, {"date": "2023-04-08-17-00-00", "latency": 16}, {"date": "2023-04-08-17-00-00", "latency": 16}, {"date": "2023-04-08-17-00-00", "latency": 16}, {"date": "2023-04-08-17-00-00", "latency": 16}, {"date": "2023-04-08-17-00-00", "latency": 16}, {"date": "2023-04-08-17-00-00", "latency": 16}, {"date": "2023-04-08-17-00-00", "latency": 16}, {"date": "2023-04-08-17-00-00", "latency": 16}, {"date": "2023-04-08-17-00-00", "latency": 16}, {"date": "2023-04-08-17-00-00", "latency": 16}, {"date": "2023-04-08-17-00-00", "latency": 16}, {"date": "2023-04-08-17-00-00", "latency": 16}, {"date": "2023-04-08-17-00-00", "latency": 16}, {"date": "2023-04-08-17-00-00", "latency": 16}, {"date": "2023-04-08-17-00-00", "latency": 16}, {"date": "2023-04-08-17-00-00", "latency": 16}, {"date": "2023-04-08-17-00-00", "latency": 16}, {"date": "2023-04-08-17-00-00", "latency": 16}, {"date": "2023-04-08-17-00-00", "latency": 16}, {"date": "2023-04-08-17-00-00", "latency": 16}, {"date": "2023-04-08-17-00-00", "latency": 16}, {"date": "2023-04-08-17-00-00", "latency": 16}, {"date": "2023-04-08-17-00-00", "latency": 16}, {"date": "2023-04-08-17-00-00", "latency": 16}, {"date": "2023-04-08-21-00-00", "latency": 31}, {"date": "2023-04-08-21-00-00", "latency": 31}]}, {"location": {"country_code": "no"}, "game_id": "747108", "values": [{"date": "2023-04-08-18-00-00", "latency": 31}, {"date": "2023-04-08-18-00-00", "latency": 31}, {"date": "2023-04-08-18-00-00", "latency": 31}, {"date": "2023-04-08-18-00-00", "latency": 31}, {"date": "2023-04-08-18-00-00", "latency": 31}, {"date": "2023-04-08-18-00-00", "latency": 31}, {"date": "2023-04-08-18-00-00", "latency": 31}, {"date": "2023-04-08-18-00-00", "latency": 31}, {"date": "2023-04-08-18-00-00", "latency": 31}, {"date": "2023-04-08-18-00-00", "latency": 31}, {"date": "2023-04-08-18-00-00", "latency": 31}, {"date": "2023-04-08-18-00-00", "latency": 31}, {"date": "2023-04-08-18-00-00", "latency": 31}, {"date": "2023-04-08-18-00-00", "latency": 31}, {"date": "2023-04-08-18-00-00", "latency": 31}, {"date": "2023-04-08-18-00-00", "latency": 31}, {"date": "2023-04-08-18-00-00", "latency": 31}, {"date": "2023-04-08-18-00-00", "latency": 31}, {"date": "2023-04-08-18-00-00", "latency": 31}, {"date": "2023-04-08-18-00-00", "latency": 31}, {"date": "2023-04-08-18-00-00", "latency": 31}, {"date": "2023-04-08-18-00-00", "latency": 31}]}, {"location": {"country_code": "au"}, "game_id": "747108", "values": [{"date": "2023-04-08-20-00-00", "latency": 234}, {"date": "2023-04-08-20-00-00", "latency": 234}, {"date": "2023-04-08-20-00-00", "latency": 234}, {"date": "2023-04-08-20-00-00", "latency": 234}, {"date": "2023-04-08-20-00-00", "latency": 234}, {"date": "2023-04-08-20-00-00", "latency": 234}, {"date": "2023-04-08-20-00-00", "latency": 234}, {"date": "2023-04-08-20-00-00", "latency": 234}, {"date": "2023-04-08-20-00-00", "latency": 234}, {"date": "2023-04-08-20-00-00", "latency": 234}, {"date": "2023-04-08-20-00-00", "latency": 234}, {"date": "2023-04-08-20-00-00", "latency": 234}, {"date": "2023-04-08-20-00-00", "latency": 234}, {"date": "2023-04-08-20-00-00", "latency": 234}]}, {"location": {"country_code": "us", "region": "Texas", "city": "Austin"}, "game_id": "747108", "values": [{"date": "2023-04-09-02-00-00", "latency": 125}, {"date": "2023-04-09-02-00-00", "latency": 125}, {"date": "2023-04-09-02-00-00", "latency": 125}, {"date": "2023-04-09-02-00-00", "latency": 125}, {"date": "2023-04-09-02-00-00", "latency": 125}, {"date": "2023-04-09-02-00-00", "latency": 125}, {"date": "2023-04-09-02-00-00", "latency": 125}, {"date": "2023-04-09-02-00-00", "latency": 125}, {"date": "2023-04-09-02-00-00", "latency": 125}, {"date": "2023-04-09-02-00-00", "latency": 125}, {"date": "2023-04-09-02-00-00", "latency": 125}, {"date": "2023-04-09-02-00-00", "latency": 125}, {"date": "2023-04-09-02-00-00", "latency": 125}, {"date": "2023-04-09-02-00-00", "latency": 125}, {"date": "2023-04-09-02-00-00", "latency": 125}, {"date": "2023-04-09-02-00-00", "latency": 125}, {"date": "2023-04-09-02-00-00", "latency": 125}, {"date": "2023-04-09-02-00-00", "latency": 125}, {"date": "2023-04-09-02-00-00", "latency": 125}, {"date": "2023-04-09-02-00-00", "latency": 125}, {"date": "2023-04-09-02-00-00", "latency": 125}, {"date": "2023-04-09-02-00-00", "latency": 125}, {"date": "2023-04-09-02-00-00", "latency": 125}, {"date": "2023-04-09-02-00-00", "latency": 125}, {"date": "2023-04-09-02-00-00", "latency": 125}, {"date": "2023-04-09-02-00-00", "latency": 125}, {"date": "2023-04-09-02-00-00", "latency": 125}, {"date": "2023-04-09-02-00-00", "latency": 125}, {"date": "2023-04-09-02-00-00", "latency": 125}, {"date": "2023-04-09-02-00-00", "latency": 125}, {"date": "2023-04-09-02-00-00", "latency": 125}, {"date": "2023-04-09-02-00-00", "latency": 125}, {"date": "2023-04-09-02-00-00", "latency": 125}, {"date": "2023-04-09-02-00-00", "latency": 125}, {"date": "2023-04-09-02-00-00", "latency": 125}, {"date": "2023-04-09-02-00-00", "latency": 125}, {"date": "2023-04-09-02-00-00", "latency": 125}, {"date": "2023-04-09-02-00-00", "latency": 125}, {"date": "2023-04-09-02-00-00", "latency": 125}, {"date": "2023-04-09-02-00-00", "latency": 125}, {"date": "2023-04-09-02-00-00", "latency": 125}, {"date": "2023-04-09-02-00-00", "latency": 125}, {"date": "2023-04-09-02-00-00", "latency": 125}, {"date": "2023-04-09-02-00-00", "latency": 125}, {"date": "2023-04-09-02-00-00", "latency": 125}, {"date": "2023-04-09-02-00-00", "latency": 125}]}, {"location": {"country_code": "tr"}, "game_id": "747108", "values": [{"date": "2023-04-08-15-00-00", "latency": 63}, {"date": "2023-04-08-15-00-00", "latency": 63}, {"date": "2023-04-08-15-00-00", "latency": 63}, {"date": "2023-04-08-15-00-00", "latency": 63}, {"date": "2023-04-08-15-00-00", "latency": 63}, {"date": "2023-04-08-15-00-00", "latency": 63}, {"date": "2023-04-08-15-00-00", "latency": 63}, {"date": "2023-04-08-15-00-00", "latency": 63}, {"date": "2023-04-08-15-00-00", "latency": 63}, {"date": "2023-04-08-15-00-00", "latency": 63}, {"date": "2023-04-08-15-00-00", "latency": 63}, {"date": "2023-04-08-15-00-00", "latency": 63}]}, {"location": {"country_code": "kr"}, "game_id": "747108", "values": [{"date": "2023-04-08-06-00-00", "latency": 16}, {"date": "2023-04-08-06-00-00", "latency": 16}, {"date": "2023-04-08-06-00-00", "latency": 16}, {"date": "2023-04-08-06-00-00", "latency": 16}, {"date": "2023-04-08-06-00-00", "latency": 16}, {"date": "2023-04-08-06-00-00", "latency": 16}, {"date": "2023-04-08-06-00-00", "latency": 16}, {"date": "2023-04-08-06-00-00", "latency": 16}, {"date": "2023-04-08-06-00-00", "latency": 16}, {"date": "2023-04-08-06-00-00", "latency": 16}, {"date": "2023-04-08-06-00-00", "latency": 16}, {"date": "2023-04-08-06-00-00", "latency": 16}, {"date": "2023-04-08-06-00-00", "latency": 16}, {"date": "2023-04-08-06-00-00", "latency": 16}, {"date": "2023-04-08-06-00-00", "latency": 16}]}, {"location": {"country_code": "es"}, "game_id": "747108", "values": [{"date": "2023-04-08-21-00-00", "latency": 203}, {"date": "2023-04-08-21-00-00", "latency": 203}]}, {"location": {"country_code": "fi"}, "game_id": "747108", "values": [{"date": "2023-04-09-02-00-00", "latency": 47}, {"date": "2023-04-09-02-00-00", "latency": 47}, {"date": "2023-04-09-02-00-00", "latency": 47}, {"date": "2023-04-09-02-00-00", "latency": 47}, {"date": "2023-04-09-02-00-00", "latency": 47}, {"date": "2023-04-09-02-00-00", "latency": 47}, {"date": "2023-04-09-02-00-00", "latency": 47}, {"date": "2023-04-09-02-00-00", "latency": 47}, {"date": "2023-04-09-02-00-00", "latency": 47}, {"date": "2023-04-09-02-00-00", "latency": 47}, {"date": "2023-04-09-02-00-00", "latency": 47}, {"date": "2023-04-09-02-00-00", "latency": 47}, {"date": "2023-04-09-02-00-00", "latency": 47}, {"date": "2023-04-09-02-00-00", "latency": 47}, {"date": "2023-04-09-02-00-00", "latency": 47}, {"date": "2023-04-09-02-00-00", "latency": 47}, {"date": "2023-04-09-02-00-00", "latency": 47}, {"date": "2023-04-09-02-00-00", "latency": 47}, {"date": "2023-04-09-02-00-00", "latency": 47}, {"date": "2023-04-09-02-00-00", "latency": 47}, {"date": "2023-04-09-02-00-00", "latency": 47}, {"date": "2023-04-09-02-00-00", "latency": 47}, {"date": "2023-04-09-02-00-00", "latency": 47}, {"date": "2023-04-09-02-00-00", "latency": 47}, {"date": "2023-04-09-02-00-00", "latency": 47}, {"date": "2023-04-09-02-00-00", "latency": 47}, {"date": "2023-04-09-02-00-00", "latency": 47}, {"date": "2023-04-09-02-00-00", "latency": 47}, {"date": "2023-04-09-02-00-00", "latency": 47}, {"date": "2023-04-09-02-00-00", "latency": 47}, {"date": "2023-04-09-02-00-00", "latency": 47}, {"date": "2023-04-09-02-00-00", "latency": 47}, {"date": "2023-04-09-02-00-00", "latency": 47}, {"date": "2023-04-09-02-00-00", "latency": 47}, {"date": "2023-04-09-02-00-00", "latency": 47}, {"date": "2023-04-09-02-00-00", "latency": 47}]}, {"location": {"country_code": "ar", "region": "Buenos Aires"}, "game_id": "747108", "values": [{"date": "2023-04-08-05-00-00", "latency": 47}, {"date": "2023-04-08-05-00-00", "latency": 47}, {"date": "2023-04-08-05-00-00", "latency": 47}, {"date": "2023-04-08-05-00-00", "latency": 47}, {"date": "2023-04-08-05-00-00", "latency": 47}, {"date": "2023-04-08-05-00-00", "latency": 47}, {"date": "2023-04-08-05-00-00", "latency": 47}, {"date": "2023-04-08-05-00-00", "latency": 47}, {"date": "2023-04-08-05-00-00", "latency": 47}, {"date": "2023-04-08-05-00-00", "latency": 47}, {"date": "2023-04-08-05-00-00", "latency": 47}, {"date": "2023-04-08-05-00-00", "latency": 47}, {"date": "2023-04-08-05-00-00", "latency": 47}, {"date": "2023-04-08-05-00-00", "latency": 47}, {"date": "2023-04-08-05-00-00", "latency": 47}, {"date": "2023-04-08-05-00-00", "latency": 47}]}, {"location": {"country_code": "cn"}, "game_id": "747108", "values": [{"date": "2023-04-08-19-00-00", "latency": 1}, {"date": "2023-04-08-19-00-00", "latency": 1}]}, {"location": {"country_code": "pl"}, "game_id": "747108", "values": [{"date": "2023-04-08-18-00-00", "latency": 15}]}, {"location": {"country_code": "kr", "region": "Seoul"}, "game_id": "747108", "values": [{"date": "2023-04-09-00-00-00", "latency": 15}, {"date": "2023-04-09-00-00-00", "latency": 15}, {"date": "2023-04-09-00-00-00", "latency": 15}, {"date": "2023-04-09-00-00-00", "latency": 15}, {"date": "2023-04-09-00-00-00", "latency": 15}, {"date": "2023-04-09-00-00-00", "latency": 15}, {"date": "2023-04-09-00-00-00", "latency": 15}, {"date": "2023-04-09-00-00-00", "latency": 15}, {"date": "2023-04-09-00-00-00", "latency": 15}, {"date": "2023-04-09-00-00-00", "latency": 15}, {"date": "2023-04-09-00-00-00", "latency": 15}, {"date": "2023-04-09-00-00-00", "latency": 15}, {"date": "2023-04-09-00-00-00", "latency": 15}, {"date": "2023-04-09-00-00-00", "latency": 15}, {"date": "2023-04-09-00-00-00", "latency": 15}, {"date": "2023-04-09-00-00-00", "latency": 15}, {"date": "2023-04-09-00-00-00", "latency": 15}, {"date": "2023-04-09-00-00-00", "latency": 15}, {"date": "2023-04-09-00-00-00", "latency": 15}, {"date": "2023-04-09-00-00-00", "latency": 15}, {"date": "2023-04-09-00-00-00", "latency": 15}, {"date": "2023-04-09-00-00-00", "latency": 15}, {"date": "2023-04-09-00-00-00", "latency": 15}, {"date": "2023-04-09-00-00-00", "latency": 15}, {"date": "2023-04-09-00-00-00", "latency": 15}, {"date": "2023-04-09-00-00-00", "latency": 15}, {"date": "2023-04-09-00-00-00", "latency": 15}, {"date": "2023-04-09-00-00-00", "latency": 15}, {"date": "2023-04-09-00-00-00", "latency": 15}, {"date": "2023-04-09-00-00-00", "latency": 15}, {"date": "2023-04-09-00-00-00", "latency": 15}, {"date": "2023-04-09-00-00-00", "latency": 15}, {"date": "2023-04-09-00-00-00", "latency": 15}, {"date": "2023-04-09-00-00-00", "latency": 15}, {"date": "2023-04-09-00-00-00", "latency": 15}, {"date": "2023-04-09-00-00-00", "latency": 15}, {"date": "2023-04-09-00-00-00", "latency": 15}, {"date": "2023-04-09-00-00-00", "latency": 15}, {"date": "2023-04-09-00-00-00", "latency": 15}, {"date": "2023-04-09-00-00-00", "latency": 15}, {"date": "2023-04-09-00-00-00", "latency": 15}, {"date": "2023-04-09-00-00-00", "latency": 15}, {"date": "2023-04-09-00-00-00", "latency": 15}, {"date": "2023-04-09-00-00-00", "latency": 15}, {"date": "2023-04-09-00-00-00", "latency": 15}, {"date": "2023-04-09-00-00-00", "latency": 15}, {"date": "2023-04-09-00-00-00", "latency": 15}, {"date": "2023-04-09-00-00-00", "latency": 15}, {"date": "2023-04-09-00-00-00", "latency": 15}, {"date": "2023-04-09-00-00-00", "latency": 15}]}, {"location": {"country_code": "sg"}, "game_id": "747108", "values": [{"date": "2023-04-08-07-00-00", "latency": 172}, {"date": "2023-04-08-07-00-00", "latency": 172}, {"date": "2023-04-08-07-00-00", "latency": 172}, {"date": "2023-04-08-07-00-00", "latency": 172}, {"date": "2023-04-08-07-00-00", "latency": 172}, {"date": "2023-04-08-07-00-00", "latency": 172}, {"date": "2023-04-08-07-00-00", "latency": 172}, {"date": "2023-04-08-07-00-00", "latency": 172}, {"date": "2023-04-08-07-00-00", "latency": 172}, {"date": "2023-04-08-07-00-00", "latency": 172}, {"date": "2023-04-08-07-00-00", "latency": 172}, {"date": "2023-04-08-07-00-00", "latency": 172}, {"date": "2023-04-08-07-00-00", "latency": 172}, {"date": "2023-04-08-07-00-00", "latency": 172}, {"date": "2023-04-08-07-00-00", "latency": 172}, {"date": "2023-04-08-07-00-00", "latency": 172}, {"date": "2023-04-08-07-00-00", "latency": 172}, {"date": "2023-04-08-07-00-00", "latency": 172}, {"date": "2023-04-08-19-00-00", "latency": 171}, {"date": "2023-04-08-19-00-00", "latency": 171}, {"date": "2023-04-08-19-00-00", "latency": 171}, {"date": "2023-04-08-19-00-00", "latency": 171}, {"date": "2023-04-08-19-00-00", "latency": 171}, {"date": "2023-04-08-19-00-00", "latency": 171}, {"date": "2023-04-08-19-00-00", "latency": 171}, {"date": "2023-04-08-19-00-00", "latency": 171}, {"date": "2023-04-08-19-00-00", "latency": 171}, {"date": "2023-04-08-19-00-00", "latency": 171}, {"date": "2023-04-08-19-00-00", "latency": 171}, {"date": "2023-04-08-19-00-00", "latency": 171}, {"date": "2023-04-08-19-00-00", "latency": 171}, {"date": "2023-04-08-19-00-00", "latency": 171}, {"date": "2023-04-08-19-00-00", "latency": 171}, {"date": "2023-04-08-19-00-00", "latency": 171}, {"date": "2023-04-08-19-00-00", "latency": 171}, {"date": "2023-04-08-19-00-00", "latency": 171}, {"date": "2023-04-08-19-00-00", "latency": 171}, {"date": "2023-04-08-19-00-00", "latency": 171}, {"date": "2023-04-08-19-00-00", "latency": 171}, {"date": "2023-04-08-19-00-00", "latency": 171}, {"date": "2023-04-08-19-00-00", "latency": 171}, {"date": "2023-04-08-19-00-00", "latency": 171}, {"date": "2023-04-08-19-00-00", "latency": 171}, {"date": "2023-04-08-19-00-00", "latency": 171}, {"date": "2023-04-08-19-00-00", "latency": 171}, {"date": "2023-04-08-19-00-00", "latency": 171}, {"date": "2023-04-08-19-00-00", "latency": 171}, {"date": "2023-04-08-19-00-00", "latency": 171}, {"date": "2023-04-08-19-00-00", "latency": 171}, {"date": "2023-04-08-19-00-00", "latency": 171}, {"date": "2023-04-08-19-00-00", "latency": 171}, {"date": "2023-04-08-19-00-00", "latency": 171}, {"date": "2023-04-08-19-00-00", "latency": 171}, {"date": "2023-04-08-19-00-00", "latency": 171}, {"date": "2023-04-08-19-00-00", "latency": 171}, {"date": "2023-04-08-19-00-00", "latency": 171}, {"date": "2023-04-08-19-00-00", "latency": 171}, {"date": "2023-04-08-19-00-00", "latency": 171}, {"date": "2023-04-08-19-00-00", "latency": 171}, {"date": "2023-04-08-19-00-00", "latency": 171}, {"date": "2023-04-08-19-00-00", "latency": 171}, {"date": "2023-04-08-19-00-00", "latency": 171}, {"date": "2023-04-08-19-00-00", "latency": 171}, {"date": "2023-04-08-19-00-00", "latency": 171}, {"date": "2023-04-08-19-00-00", "latency": 171}, {"date": "2023-04-08-19-00-00", "latency": 171}, {"date": "2023-04-08-19-00-00", "latency": 171}, {"date": "2023-04-08-19-00-00", "latency": 171}, {"date": "2023-04-08-19-00-00", "latency": 171}, {"date": "2023-04-08-19-00-00", "latency": 171}, {"date": "2023-04-08-19-00-00", "latency": 171}, {"date": "2023-04-08-19-00-00", "latency": 171}, {"date": "2023-04-08-19-00-00", "latency": 171}, {"date": "2023-04-08-19-00-00", "latency": 171}, {"date": "2023-04-08-19-00-00", "latency": 171}, {"date": "2023-04-08-19-00-00", "latency": 171}, {"date": "2023-04-08-19-00-00", "latency": 171}, {"date": "2023-04-08-19-00-00", "latency": 171}, {"date": "2023-04-08-19-00-00", "latency": 171}]}, {"location": {"country_code": "ca", "region": "Ontario", "city": "Toronto"}, "game_id": "747108", "values": [{"date": "2023-04-09-02-00-00", "latency": 110}, {"date": "2023-04-09-02-00-00", "latency": 110}, {"date": "2023-04-09-02-00-00", "latency": 110}, {"date": "2023-04-09-02-00-00", "latency": 110}, {"date": "2023-04-09-02-00-00", "latency": 110}, {"date": "2023-04-09-02-00-00", "latency": 110}, {"date": "2023-04-09-02-00-00", "latency": 110}, {"date": "2023-04-09-02-00-00", "latency": 110}, {"date": "2023-04-09-02-00-00", "latency": 110}, {"date": "2023-04-09-02-00-00", "latency": 110}, {"date": "2023-04-09-02-00-00", "latency": 110}, {"date": "2023-04-09-02-00-00", "latency": 110}]}, {"location": {"country_code": "cl", "region": "O'Higgins Region", "city": "Rancagua"}, "game_id": "747108", "values": [{"date": "2023-04-08-05-00-00", "latency": 78}, {"date": "2023-04-08-05-00-00", "latency": 78}, {"date": "2023-04-08-05-00-00", "latency": 78}, {"date": "2023-04-08-05-00-00", "latency": 78}, {"date": "2023-04-08-05-00-00", "latency": 78}, {"date": "2023-04-08-05-00-00", "latency": 78}, {"date": "2023-04-08-05-00-00", "latency": 78}, {"date": "2023-04-08-05-00-00", "latency": 78}, {"date": "2023-04-08-05-00-00", "latency": 78}, {"date": "2023-04-08-05-00-00", "latency": 78}, {"date": "2023-04-08-05-00-00", "latency": 78}, {"date": "2023-04-08-05-00-00", "latency": 78}, {"date": "2023-04-08-05-00-00", "latency": 78}, {"date": "2023-04-08-05-00-00", "latency": 78}, {"date": "2023-04-08-05-00-00", "latency": 78}, {"date": "2023-04-08-05-00-00", "latency": 78}, {"date": "2023-04-08-05-00-00", "latency": 78}, {"date": "2023-04-08-05-00-00", "latency": 78}]}, {"location": {"country_code": "pt"}, "game_id": "747108", "values": [{"date": "2023-04-08-14-00-00", "latency": 8}, {"date": "2023-04-08-14-00-00", "latency": 8}, {"date": "2023-04-08-14-00-00", "latency": 8}, {"date": "2023-04-08-14-00-00", "latency": 8}, {"date": "2023-04-08-14-00-00", "latency": 8}, {"date": "2023-04-08-14-00-00", "latency": 8}, {"date": "2023-04-08-14-00-00", "latency": 8}]}, {"location": {"country_code": "es", "region": "Galicia"}, "game_id": "747108", "values": [{"date": "2023-04-09-01-00-00", "latency": 47}, {"date": "2023-04-09-01-00-00", "latency": 47}, {"date": "2023-04-09-01-00-00", "latency": 47}, {"date": "2023-04-09-01-00-00", "latency": 47}, {"date": "2023-04-09-01-00-00", "latency": 47}, {"date": "2023-04-09-01-00-00", "latency": 47}, {"date": "2023-04-09-01-00-00", "latency": 47}, {"date": "2023-04-09-01-00-00", "latency": 47}, {"date": "2023-04-09-01-00-00", "latency": 47}, {"date": "2023-04-09-01-00-00", "latency": 47}, {"date": "2023-04-09-01-00-00", "latency": 47}, {"date": "2023-04-09-01-00-00", "latency": 47}, {"date": "2023-04-09-01-00-00", "latency": 47}, {"date": "2023-04-09-01-00-00", "latency": 47}, {"date": "2023-04-09-01-00-00", "latency": 47}, {"date": "2023-04-09-01-00-00", "latency": 47}]}, {"location": {"country_code": "fr", "region": "Alvernia-Rodano-Alpi", "city": "Mars"}, "game_id": "747108", "values": [{"date": "2023-04-09-02-00-00", "latency": 47}, {"date": "2023-04-09-02-00-00", "latency": 47}, {"date": "2023-04-09-02-00-00", "latency": 47}, {"date": "2023-04-09-02-00-00", "latency": 47}, {"date": "2023-04-09-02-00-00", "latency": 47}, {"date": "2023-04-09-02-00-00", "latency": 47}, {"date": "2023-04-09-02-00-00", "latency": 47}, {"date": "2023-04-09-02-00-00", "latency": 47}, {"date": "2023-04-09-02-00-00", "latency": 47}, {"date": "2023-04-09-02-00-00", "latency": 47}, {"date": "2023-04-09-02-00-00", "latency": 47}, {"date": "2023-04-09-02-00-00", "latency": 47}, {"date": "2023-04-09-02-00-00", "latency": 47}, {"date": "2023-04-09-02-00-00", "latency": 47}, {"date": "2023-04-09-02-00-00", "latency": 47}, {"date": "2023-04-09-02-00-00", "latency": 47}, {"date": "2023-04-09-02-00-00", "latency": 47}, {"date": "2023-04-09-02-00-00", "latency": 47}, {"date": "2023-04-09-02-00-00", "latency": 47}, {"date": "2023-04-09-02-00-00", "latency": 47}, {"date": "2023-04-09-02-00-00", "latency": 47}, {"date": "2023-04-09-02-00-00", "latency": 47}, {"date": "2023-04-09-02-00-00", "latency": 47}, {"date": "2023-04-09-02-00-00", "latency": 47}, {"date": "2023-04-09-02-00-00", "latency": 47}, {"date": "2023-04-09-02-00-00", "latency": 47}, {"date": "2023-04-09-02-00-00", "latency": 47}, {"date": "2023-04-09-02-00-00", "latency": 47}, {"date": "2023-04-09-02-00-00", "latency": 47}, {"date": "2023-04-09-02-00-00", "latency": 47}, {"date": "2023-04-09-02-00-00", "latency": 47}, {"date": "2023-04-09-02-00-00", "latency": 47}, {"date": "2023-04-09-02-00-00", "latency": 47}, {"date": "2023-04-09-02-00-00", "latency": 47}, {"date": "2023-04-09-02-00-00", "latency": 47}, {"date": "2023-04-09-02-00-00", "latency": 47}, {"date": "2023-04-09-02-00-00", "latency": 47}, {"date": "2023-04-09-02-00-00", "latency": 47}, {"date": "2023-04-09-02-00-00", "latency": 47}, {"date": "2023-04-09-02-00-00", "latency": 47}, {"date": "2023-04-09-02-00-00", "latency": 47}, {"date": "2023-04-09-02-00-00", "latency": 47}, {"date": "2023-04-09-02-00-00", "latency": 47}, {"date": "2023-04-09-02-00-00", "latency": 47}, {"date": "2023-04-09-02-00-00", "latency": 47}, {"date": "2023-04-09-02-00-00", "latency": 47}, {"date": "2023-04-09-02-00-00", "latency": 47}, {"date": "2023-04-09-02-00-00", "latency": 47}, {"date": "2023-04-09-02-00-00", "latency": 47}, {"date": "2023-04-09-02-00-00", "latency": 47}, {"date": "2023-04-09-02-00-00", "latency": 47}, {"date": "2023-04-09-02-00-00", "latency": 47}, {"date": "2023-04-09-02-00-00", "latency": 47}, {"date": "2023-04-09-02-00-00", "latency": 47}, {"date": "2023-04-09-02-00-00", "latency": 47}, {"date": "2023-04-09-02-00-00", "latency": 47}, {"date": "2023-04-09-02-00-00", "latency": 47}, {"date": "2023-04-09-02-00-00", "latency": 47}, {"date": "2023-04-09-02-00-00", "latency": 47}, {"date": "2023-04-09-02-00-00", "latency": 47}]}, {"location": {"country_code": "kw"}, "game_id": "747108", "values": [{"date": "2023-04-08-22-00-00", "latency": 94}, {"date": "2023-04-08-22-00-00", "latency": 94}, {"date": "2023-04-08-22-00-00", "latency": 94}, {"date": "2023-04-08-22-00-00", "latency": 94}, {"date": "2023-04-08-22-00-00", "latency": 94}, {"date": "2023-04-08-22-00-00", "latency": 94}, {"date": "2023-04-08-22-00-00", "latency": 94}, {"date": "2023-04-08-22-00-00", "latency": 94}, {"date": "2023-04-08-22-00-00", "latency": 94}, {"date": "2023-04-08-22-00-00", "latency": 94}, {"date": "2023-04-08-22-00-00", "latency": 94}, {"date": "2023-04-08-22-00-00", "latency": 94}, {"date": "2023-04-08-22-00-00", "latency": 94}, {"date": "2023-04-08-22-00-00", "latency": 94}, {"date": "2023-04-08-22-00-00", "latency": 94}, {"date": "2023-04-08-22-00-00", "latency": 94}, {"date": "2023-04-08-22-00-00", "latency": 94}]}, {"location": {"country_code": "mx", "region": "Sonora"}, "game_id": "747108", "values": [{"date": "2023-04-08-08-00-00", "latency": 63}, {"date": "2023-04-08-08-00-00", "latency": 63}, {"date": "2023-04-08-08-00-00", "latency": 63}, {"date": "2023-04-08-08-00-00", "latency": 63}, {"date": "2023-04-08-08-00-00", "latency": 63}, {"date": "2023-04-08-08-00-00", "latency": 63}, {"date": "2023-04-08-08-00-00", "latency": 63}, {"date": "2023-04-08-08-00-00", "latency": 63}, {"date": "2023-04-08-08-00-00", "latency": 63}, {"date": "2023-04-08-08-00-00", "latency": 63}, {"date": "2023-04-08-08-00-00", "latency": 63}, {"date": "2023-04-08-08-00-00", "latency": 63}, {"date": "2023-04-08-08-00-00", "latency": 63}, {"date": "2023-04-08-08-00-00", "latency": 63}, {"date": "2023-04-08-08-00-00", "latency": 63}, {"date": "2023-04-08-08-00-00", "latency": 63}, {"date": "2023-04-08-08-00-00", "latency": 63}, {"date": "2023-04-08-08-00-00", "latency": 63}, {"date": "2023-04-08-08-00-00", "latency": 63}, {"date": "2023-04-08-08-00-00", "latency": 63}, {"date": "2023-04-08-08-00-00", "latency": 63}, {"date": "2023-04-08-08-00-00", "latency": 63}, {"date": "2023-04-08-08-00-00", "latency": 63}, {"date": "2023-04-08-08-00-00", "latency": 63}, {"date": "2023-04-08-08-00-00", "latency": 63}, {"date": "2023-04-08-08-00-00", "latency": 63}, {"date": "2023-04-08-08-00-00", "latency": 63}, {"date": "2023-04-08-08-00-00", "latency": 63}, {"date": "2023-04-08-08-00-00", "latency": 63}, {"date": "2023-04-08-08-00-00", "latency": 63}, {"date": "2023-04-08-08-00-00", "latency": 63}, {"date": "2023-04-08-08-00-00", "latency": 63}, {"date": "2023-04-08-08-00-00", "latency": 63}, {"date": "2023-04-08-08-00-00", "latency": 63}, {"date": "2023-04-08-08-00-00", "latency": 63}, {"date": "2023-04-08-08-00-00", "latency": 63}, {"date": "2023-04-08-08-00-00", "latency": 63}, {"date": "2023-04-08-08-00-00", "latency": 63}, {"date": "2023-04-08-08-00-00", "latency": 63}, {"date": "2023-04-08-08-00-00", "latency": 63}, {"date": "2023-04-08-08-00-00", "latency": 63}, {"date": "2023-04-08-08-00-00", "latency": 63}, {"date": "2023-04-08-08-00-00", "latency": 63}, {"date": "2023-04-08-08-00-00", "latency": 63}, {"date": "2023-04-08-08-00-00", "latency": 63}, {"date": "2023-04-08-08-00-00", "latency": 63}, {"date": "2023-04-08-08-00-00", "latency": 63}]}, {"location": {"country_code": "es", "region": "Madrid"}, "game_id": "747108", "values": [{"date": "2023-04-08-02-00-00", "latency": 31}, {"date": "2023-04-08-02-00-00", "latency": 31}, {"date": "2023-04-08-02-00-00", "latency": 31}]}, {"location": {"country_code": "br", "region": "Parana", "city": "Foz do Iguacu"}, "game_id": "747108", "values": [{"date": "2023-04-09-02-00-00", "latency": 16}, {"date": "2023-04-09-02-00-00", "latency": 16}, {"date": "2023-04-09-02-00-00", "latency": 16}, {"date": "2023-04-09-02-00-00", "latency": 16}, {"date": "2023-04-09-02-00-00", "latency": 16}, {"date": "2023-04-09-02-00-00", "latency": 16}, {"date": "2023-04-09-02-00-00", "latency": 16}, {"date": "2023-04-09-02-00-00", "latency": 16}, {"date": "2023-04-09-02-00-00", "latency": 16}, {"date": "2023-04-09-02-00-00", "latency": 16}, {"date": "2023-04-09-02-00-00", "latency": 16}, {"date": "2023-04-09-02-00-00", "latency": 16}, {"date": "2023-04-09-02-00-00", "latency": 16}, {"date": "2023-04-09-02-00-00", "latency": 16}, {"date": "2023-04-09-02-00-00", "latency": 16}, {"date": "2023-04-09-02-00-00", "latency": 16}, {"date": "2023-04-09-02-00-00", "latency": 16}, {"date": "2023-04-09-02-00-00", "latency": 16}, {"date": "2023-04-09-02-00-00", "latency": 16}, {"date": "2023-04-09-02-00-00", "latency": 16}, {"date": "2023-04-09-02-00-00", "latency": 16}, {"date": "2023-04-09-02-00-00", "latency": 16}, {"date": "2023-04-09-02-00-00", "latency": 16}, {"date": "2023-04-09-02-00-00", "latency": 16}, {"date": "2023-04-09-02-00-00", "latency": 16}]}, {"location": {"country_code": "de", "region": "North Rhine-Westphalia"}, "game_id": "747108", "values": [{"date": "2023-04-09-01-00-00", "latency": 2}, {"date": "2023-04-09-01-00-00", "latency": 2}, {"date": "2023-04-09-01-00-00", "latency": 2}, {"date": "2023-04-09-01-00-00", "latency": 2}, {"date": "2023-04-09-01-00-00", "latency": 2}, {"date": "2023-04-09-01-00-00", "latency": 2}, {"date": "2023-04-09-01-00-00", "latency": 2}, {"date": "2023-04-09-01-00-00", "latency": 2}, {"date": "2023-04-09-01-00-00", "latency": 2}, {"date": "2023-04-09-01-00-00", "latency": 2}, {"date": "2023-04-09-01-00-00", "latency": 2}, {"date": "2023-04-09-01-00-00", "latency": 2}, {"date": "2023-04-09-01-00-00", "latency": 2}, {"date": "2023-04-09-01-00-00", "latency": 2}, {"date": "2023-04-09-01-00-00", "latency": 2}, {"date": "2023-04-09-01-00-00", "latency": 2}, {"date": "2023-04-09-01-00-00", "latency": 2}, {"date": "2023-04-09-01-00-00", "latency": 2}, {"date": "2023-04-09-01-00-00", "latency": 2}, {"date": "2023-04-09-01-00-00", "latency": 2}, {"date": "2023-04-09-01-00-00", "latency": 2}, {"date": "2023-04-09-01-00-00", "latency": 2}, {"date": "2023-04-09-01-00-00", "latency": 2}, {"date": "2023-04-09-01-00-00", "latency": 2}, {"date": "2023-04-09-01-00-00", "latency": 2}, {"date": "2023-04-09-01-00-00", "latency": 2}, {"date": "2023-04-09-01-00-00", "latency": 2}, {"date": "2023-04-09-01-00-00", "latency": 2}, {"date": "2023-04-09-01-00-00", "latency": 2}, {"date": "2023-04-09-01-00-00", "latency": 2}, {"date": "2023-04-09-01-00-00", "latency": 2}, {"date": "2023-04-09-01-00-00", "latency": 2}, {"date": "2023-04-09-01-00-00", "latency": 2}, {"date": "2023-04-09-01-00-00", "latency": 2}, {"date": "2023-04-09-01-00-00", "latency": 2}, {"date": "2023-04-09-01-00-00", "latency": 2}, {"date": "2023-04-09-01-00-00", "latency": 2}, {"date": "2023-04-09-01-00-00", "latency": 2}, {"date": "2023-04-09-01-00-00", "latency": 2}, {"date": "2023-04-09-01-00-00", "latency": 2}, {"date": "2023-04-09-01-00-00", "latency": 2}, {"date": "2023-04-09-01-00-00", "latency": 2}, {"date": "2023-04-09-01-00-00", "latency": 2}, {"date": "2023-04-09-01-00-00", "latency": 2}, {"date": "2023-04-09-01-00-00", "latency": 2}, {"date": "2023-04-09-01-00-00", "latency": 2}, {"date": "2023-04-09-01-00-00", "latency": 2}, {"date": "2023-04-09-01-00-00", "latency": 2}, {"date": "2023-04-09-01-00-00", "latency": 2}, {"date": "2023-04-09-01-00-00", "latency": 2}, {"date": "2023-04-09-01-00-00", "latency": 2}, {"date": "2023-04-09-01-00-00", "latency": 2}, {"date": "2023-04-09-01-00-00", "latency": 2}, {"date": "2023-04-09-01-00-00", "latency": 2}, {"date": "2023-04-09-01-00-00", "latency": 2}, {"date": "2023-04-09-01-00-00", "latency": 2}, {"date": "2023-04-09-01-00-00", "latency": 2}, {"date": "2023-04-09-01-00-00", "latency": 2}, {"date": "2023-04-09-01-00-00", "latency": 2}, {"date": "2023-04-09-01-00-00", "latency": 2}, {"date": "2023-04-09-01-00-00", "latency": 2}, {"date": "2023-04-09-01-00-00", "latency": 2}, {"date": "2023-04-09-01-00-00", "latency": 2}, {"date": "2023-04-09-01-00-00", "latency": 2}, {"date": "2023-04-09-01-00-00", "latency": 2}]}, {"location": {"country_code": "br", "region": "Sao Paulo", "city": "Varzea Paulista"}, "game_id": "747108", "values": [{"date": "2023-04-08-22-00-00", "latency": 31}, {"date": "2023-04-08-22-00-00", "latency": 31}, {"date": "2023-04-08-22-00-00", "latency": 31}, {"date": "2023-04-08-22-00-00", "latency": 31}, {"date": "2023-04-08-22-00-00", "latency": 31}, {"date": "2023-04-08-22-00-00", "latency": 31}, {"date": "2023-04-08-22-00-00", "latency": 31}, {"date": "2023-04-08-22-00-00", "latency": 31}, {"date": "2023-04-08-22-00-00", "latency": 31}, {"date": "2023-04-08-22-00-00", "latency": 31}, {"date": "2023-04-08-22-00-00", "latency": 31}, {"date": "2023-04-08-22-00-00", "latency": 31}, {"date": "2023-04-08-22-00-00", "latency": 31}, {"date": "2023-04-08-22-00-00", "latency": 31}, {"date": "2023-04-08-22-00-00", "latency": 31}, {"date": "2023-04-08-22-00-00", "latency": 31}, {"date": "2023-04-08-22-00-00", "latency": 31}, {"date": "2023-04-08-22-00-00", "latency": 31}, {"date": "2023-04-08-22-00-00", "latency": 31}, {"date": "2023-04-08-22-00-00", "latency": 31}, {"date": "2023-04-08-22-00-00", "latency": 31}, {"date": "2023-04-08-22-00-00", "latency": 31}, {"date": "2023-04-08-22-00-00", "latency": 31}, {"date": "2023-04-08-22-00-00", "latency": 31}, {"date": "2023-04-08-22-00-00", "latency": 31}, {"date": "2023-04-08-22-00-00", "latency": 31}, {"date": "2023-04-08-22-00-00", "latency": 31}]}, {"location": {"country_code": "de", "region": "Bavaria", "city": "Munich"}, "game_id": "747108", "values": [{"date": "2023-04-09-01-00-00", "latency": 32}, {"date": "2023-04-09-01-00-00", "latency": 32}, {"date": "2023-04-09-01-00-00", "latency": 32}, {"date": "2023-04-09-01-00-00", "latency": 32}, {"date": "2023-04-09-01-00-00", "latency": 32}, {"date": "2023-04-09-01-00-00", "latency": 32}, {"date": "2023-04-09-01-00-00", "latency": 32}, {"date": "2023-04-09-01-00-00", "latency": 32}, {"date": "2023-04-09-01-00-00", "latency": 32}, {"date": "2023-04-09-01-00-00", "latency": 32}, {"date": "2023-04-09-01-00-00", "latency": 32}]}, {"location": {"country_code": "bs"}, "game_id": "747108", "values": [{"date": "2023-04-08-14-00-00", "latency": 16}, {"date": "2023-04-08-14-00-00", "latency": 16}, {"date": "2023-04-08-14-00-00", "latency": 16}, {"date": "2023-04-08-14-00-00", "latency": 16}, {"date": "2023-04-08-14-00-00", "latency": 16}, {"date": "2023-04-08-14-00-00", "latency": 16}, {"date": "2023-04-08-14-00-00", "latency": 16}, {"date": "2023-04-08-14-00-00", "latency": 16}, {"date": "2023-04-08-14-00-00", "latency": 16}, {"date": "2023-04-08-14-00-00", "latency": 16}, {"date": "2023-04-08-14-00-00", "latency": 16}, {"date": "2023-04-08-14-00-00", "latency": 16}, {"date": "2023-04-08-14-00-00", "latency": 16}, {"date": "2023-04-08-14-00-00", "latency": 16}, {"date": "2023-04-08-14-00-00", "latency": 16}, {"date": "2023-04-08-14-00-00", "latency": 16}, {"date": "2023-04-08-14-00-00", "latency": 16}, {"date": "2023-04-08-14-00-00", "latency": 16}, {"date": "2023-04-08-14-00-00", "latency": 16}, {"date": "2023-04-08-14-00-00", "latency": 16}, {"date": "2023-04-08-14-00-00", "latency": 16}, {"date": "2023-04-08-14-00-00", "latency": 16}, {"date": "2023-04-08-14-00-00", "latency": 16}, {"date": "2023-04-08-14-00-00", "latency": 16}, {"date": "2023-04-08-14-00-00", "latency": 16}, {"date": "2023-04-08-14-00-00", "latency": 16}, {"date": "2023-04-08-14-00-00", "latency": 16}, {"date": "2023-04-08-14-00-00", "latency": 16}, {"date": "2023-04-08-14-00-00", "latency": 16}, {"date": "2023-04-08-14-00-00", "latency": 16}, {"date": "2023-04-08-14-00-00", "latency": 16}, {"date": "2023-04-08-14-00-00", "latency": 16}, {"date": "2023-04-08-14-00-00", "latency": 16}, {"date": "2023-04-08-14-00-00", "latency": 16}, {"date": "2023-04-08-14-00-00", "latency": 16}, {"date": "2023-04-08-14-00-00", "latency": 16}, {"date": "2023-04-08-14-00-00", "latency": 16}]}, {"location": {"country_code": "br", "region": "Santa Catarina", "city": "Balneario Camboriu"}, "game_id": "747108", "values": [{"date": "2023-04-08-09-00-00", "latency": 15}, {"date": "2023-04-08-09-00-00", "latency": 15}, {"date": "2023-04-08-09-00-00", "latency": 15}, {"date": "2023-04-08-09-00-00", "latency": 15}, {"date": "2023-04-08-09-00-00", "latency": 15}, {"date": "2023-04-08-09-00-00", "latency": 15}, {"date": "2023-04-08-09-00-00", "latency": 15}, {"date": "2023-04-08-09-00-00", "latency": 15}, {"date": "2023-04-08-09-00-00", "latency": 15}, {"date": "2023-04-08-09-00-00", "latency": 15}, {"date": "2023-04-08-09-00-00", "latency": 15}, {"date": "2023-04-08-09-00-00", "latency": 15}, {"date": "2023-04-08-09-00-00", "latency": 15}, {"date": "2023-04-08-09-00-00", "latency": 15}, {"date": "2023-04-08-09-00-00", "latency": 15}, {"date": "2023-04-08-09-00-00", "latency": 15}, {"date": "2023-04-08-09-00-00", "latency": 15}]}, {"location": {"country_code": "es", "region": "Andalusia", "city": "Cordoba"}, "game_id": "747108", "values": [{"date": "2023-04-09-02-00-00", "latency": 47}, {"date": "2023-04-09-02-00-00", "latency": 47}, {"date": "2023-04-09-02-00-00", "latency": 47}, {"date": "2023-04-09-02-00-00", "latency": 47}, {"date": "2023-04-09-02-00-00", "latency": 47}, {"date": "2023-04-09-02-00-00", "latency": 47}, {"date": "2023-04-09-02-00-00", "latency": 47}, {"date": "2023-04-09-02-00-00", "latency": 47}, {"date": "2023-04-09-02-00-00", "latency": 47}, {"date": "2023-04-09-02-00-00", "latency": 47}, {"date": "2023-04-09-02-00-00", "latency": 47}, {"date": "2023-04-09-02-00-00", "latency": 47}, {"date": "2023-04-09-02-00-00", "latency": 47}, {"date": "2023-04-09-02-00-00", "latency": 47}, {"date": "2023-04-09-02-00-00", "latency": 47}, {"date": "2023-04-09-02-00-00", "latency": 47}, {"date": "2023-04-09-02-00-00", "latency": 47}, {"date": "2023-04-09-02-00-00", "latency": 47}, {"date": "2023-04-09-02-00-00", "latency": 47}, {"date": "2023-04-09-02-00-00", "latency": 47}, {"date": "2023-04-09-02-00-00", "latency": 47}, {"date": "2023-04-09-02-00-00", "latency": 47}, {"date": "2023-04-09-02-00-00", "latency": 47}, {"date": "2023-04-09-02-00-00", "latency": 47}, {"date": "2023-04-09-02-00-00", "latency": 47}]}, {"location": {"country_code": "gr", "region": "Samothrace", "city": "Thessaloniki"}, "game_id": "747108", "values": [{"date": "2023-04-08-17-00-00", "latency": 78}, {"date": "2023-04-08-17-00-00", "latency": 78}, {"date": "2023-04-08-17-00-00", "latency": 78}, {"date": "2023-04-08-17-00-00", "latency": 78}, {"date": "2023-04-08-17-00-00", "latency": 78}, {"date": "2023-04-08-17-00-00", "latency": 78}, {"date": "2023-04-08-17-00-00", "latency": 78}, {"date": "2023-04-08-17-00-00", "latency": 78}, {"date": "2023-04-08-17-00-00", "latency": 78}, {"date": "2023-04-08-17-00-00", "latency": 78}, {"date": "2023-04-08-17-00-00", "latency": 78}, {"date": "2023-04-08-17-00-00", "latency": 78}, {"date": "2023-04-08-17-00-00", "latency": 78}, {"date": "2023-04-08-17-00-00", "latency": 78}, {"date": "2023-04-08-17-00-00", "latency": 78}, {"date": "2023-04-08-17-00-00", "latency": 78}, {"date": "2023-04-08-17-00-00", "latency": 78}, {"date": "2023-04-08-17-00-00", "latency": 78}, {"date": "2023-04-08-17-00-00", "latency": 78}, {"date": "2023-04-08-17-00-00", "latency": 78}, {"date": "2023-04-08-17-00-00", "latency": 78}, {"date": "2023-04-08-17-00-00", "latency": 78}, {"date": "2023-04-08-17-00-00", "latency": 78}, {"date": "2023-04-08-17-00-00", "latency": 78}, {"date": "2023-04-08-17-00-00", "latency": 78}, {"date": "2023-04-08-17-00-00", "latency": 78}, {"date": "2023-04-08-17-00-00", "latency": 78}, {"date": "2023-04-08-17-00-00", "latency": 78}, {"date": "2023-04-08-17-00-00", "latency": 78}]}, {"location": {"country_code": "br", "region": "Parana", "city": "Barracao"}, "game_id": "747108", "values": [{"date": "2023-04-08-21-00-00", "latency": 16}, {"date": "2023-04-08-21-00-00", "latency": 16}, {"date": "2023-04-08-21-00-00", "latency": 16}, {"date": "2023-04-08-21-00-00", "latency": 16}, {"date": "2023-04-08-21-00-00", "latency": 16}, {"date": "2023-04-08-21-00-00", "latency": 16}, {"date": "2023-04-08-21-00-00", "latency": 16}, {"date": "2023-04-08-21-00-00", "latency": 16}, {"date": "2023-04-08-21-00-00", "latency": 16}, {"date": "2023-04-08-21-00-00", "latency": 16}, {"date": "2023-04-08-21-00-00", "latency": 16}, {"date": "2023-04-08-21-00-00", "latency": 16}, {"date": "2023-04-08-21-00-00", "latency": 16}, {"date": "2023-04-08-21-00-00", "latency": 16}, {"date": "2023-04-08-21-00-00", "latency": 16}, {"date": "2023-04-08-21-00-00", "latency": 16}, {"date": "2023-04-08-21-00-00", "latency": 16}, {"date": "2023-04-08-21-00-00", "latency": 16}, {"date": "2023-04-08-21-00-00", "latency": 16}, {"date": "2023-04-08-21-00-00", "latency": 16}, {"date": "2023-04-08-21-00-00", "latency": 16}, {"date": "2023-04-08-21-00-00", "latency": 16}, {"date": "2023-04-08-21-00-00", "latency": 16}, {"date": "2023-04-08-21-00-00", "latency": 16}, {"date": "2023-04-08-21-00-00", "latency": 16}, {"date": "2023-04-08-21-00-00", "latency": 16}, {"date": "2023-04-08-21-00-00", "latency": 16}, {"date": "2023-04-08-21-00-00", "latency": 16}, {"date": "2023-04-08-21-00-00", "latency": 16}, {"date": "2023-04-08-21-00-00", "latency": 16}, {"date": "2023-04-08-21-00-00", "latency": 16}, {"date": "2023-04-08-21-00-00", "latency": 16}, {"date": "2023-04-08-21-00-00", "latency": 16}, {"date": "2023-04-08-21-00-00", "latency": 16}, {"date": "2023-04-08-21-00-00", "latency": 16}, {"date": "2023-04-08-21-00-00", "latency": 16}, {"date": "2023-04-08-21-00-00", "latency": 16}, {"date": "2023-04-08-21-00-00", "latency": 16}, {"date": "2023-04-08-21-00-00", "latency": 16}, {"date": "2023-04-08-21-00-00", "latency": 16}, {"date": "2023-04-08-21-00-00", "latency": 16}, {"date": "2023-04-08-21-00-00", "latency": 16}, {"date": "2023-04-08-21-00-00", "latency": 16}, {"date": "2023-04-08-21-00-00", "latency": 16}, {"date": "2023-04-08-21-00-00", "latency": 16}, {"date": "2023-04-08-21-00-00", "latency": 16}, {"date": "2023-04-08-21-00-00", "latency": 16}, {"date": "2023-04-08-21-00-00", "latency": 16}, {"date": "2023-04-08-21-00-00", "latency": 16}, {"date": "2023-04-08-21-00-00", "latency": 16}, {"date": "2023-04-08-21-00-00", "latency": 16}, {"date": "2023-04-08-21-00-00", "latency": 16}, {"date": "2023-04-08-21-00-00", "latency": 16}, {"date": "2023-04-08-21-00-00", "latency": 16}, {"date": "2023-04-08-21-00-00", "latency": 16}, {"date": "2023-04-08-21-00-00", "latency": 16}, {"date": "2023-04-08-21-00-00", "latency": 16}, {"date": "2023-04-08-21-00-00", "latency": 16}, {"date": "2023-04-08-21-00-00", "latency": 16}, {"date": "2023-04-08-21-00-00", "latency": 16}, {"date": "2023-04-08-21-00-00", "latency": 16}, {"date": "2023-04-08-21-00-00", "latency": 16}, {"date": "2023-04-08-21-00-00", "latency": 16}, {"date": "2023-04-08-21-00-00", "latency": 16}, {"date": "2023-04-08-21-00-00", "latency": 16}, {"date": "2023-04-08-21-00-00", "latency": 16}, {"date": "2023-04-08-21-00-00", "latency": 16}, {"date": "2023-04-08-21-00-00", "latency": 16}, {"date": "2023-04-08-21-00-00", "latency": 16}, {"date": "2023-04-08-21-00-00", "latency": 16}, {"date": "2023-04-08-21-00-00", "latency": 16}, {"date": "2023-04-08-21-00-00", "latency": 16}, {"date": "2023-04-08-21-00-00", "latency": 16}, {"date": "2023-04-08-21-00-00", "latency": 16}, {"date": "2023-04-08-21-00-00", "latency": 16}, {"date": "2023-04-08-21-00-00", "latency": 16}, {"date": "2023-04-08-21-00-00", "latency": 16}, {"date": "2023-04-08-21-00-00", "latency": 16}, {"date": "2023-04-08-21-00-00", "latency": 16}, {"date": "2023-04-08-21-00-00", "latency": 16}, {"date": "2023-04-08-21-00-00", "latency": 16}, {"date": "2023-04-08-21-00-00", "latency": 16}, {"date": "2023-04-08-21-00-00", "latency": 16}, {"date": "2023-04-08-21-00-00", "latency": 16}, {"date": "2023-04-08-21-00-00", "latency": 16}, {"date": "2023-04-08-21-00-00", "latency": 16}, {"date": "2023-04-08-21-00-00", "latency": 16}, {"date": "2023-04-08-21-00-00", "latency": 16}]}, {"location": {"country_code": "fr", "region": "Nord-Passo di Calais-Piccardia", "city": "Albert"}, "game_id": "747108", "values": [{"date": "2023-04-08-20-00-00", "latency": 47}, {"date": "2023-04-08-20-00-00", "latency": 47}, {"date": "2023-04-08-20-00-00", "latency": 47}, {"date": "2023-04-08-20-00-00", "latency": 47}, {"date": "2023-04-08-20-00-00", "latency": 47}, {"date": "2023-04-08-20-00-00", "latency": 47}, {"date": "2023-04-08-20-00-00", "latency": 47}, {"date": "2023-04-08-20-00-00", "latency": 47}, {"date": "2023-04-08-20-00-00", "latency": 47}, {"date": "2023-04-08-20-00-00", "latency": 47}, {"date": "2023-04-08-20-00-00", "latency": 47}, {"date": "2023-04-08-20-00-00", "latency": 47}, {"date": "2023-04-08-20-00-00", "latency": 47}, {"date": "2023-04-08-20-00-00", "latency": 47}, {"date": "2023-04-08-20-00-00", "latency": 47}, {"date": "2023-04-08-20-00-00", "latency": 47}, {"date": "2023-04-08-20-00-00", "latency": 47}, {"date": "2023-04-08-20-00-00", "latency": 47}]}, {"location": {"country_code": "pt", "region": "Santarem District", "city": "Tomar"}, "game_id": "747108", "values": [{"date": "2023-04-09-00-00-00", "latency": 45}]}], "last_updated": 1719926781.622487}