{"data": [{"location": {"country_code": "us"}, "game_id": "461764", "values": [{"date": "2023-07-27-23-00-00", "latency": 38}, {"date": "2023-07-27-23-00-00", "latency": 38}, {"date": "2023-07-27-23-00-00", "latency": 38}, {"date": "2023-07-27-23-00-00", "latency": 38}, {"date": "2023-07-27-23-00-00", "latency": 38}, {"date": "2023-07-27-23-00-00", "latency": 38}, {"date": "2023-07-27-23-00-00", "latency": 38}, {"date": "2023-07-27-23-00-00", "latency": 38}, {"date": "2023-07-27-23-00-00", "latency": 38}, {"date": "2023-07-27-23-00-00", "latency": 38}, {"date": "2023-07-27-23-00-00", "latency": 38}, {"date": "2023-07-27-23-00-00", "latency": 38}, {"date": "2023-07-27-23-00-00", "latency": 38}, {"date": "2023-07-27-23-00-00", "latency": 38}, {"date": "2023-07-27-23-00-00", "latency": 38}, {"date": "2023-07-27-23-00-00", "latency": 38}, {"date": "2023-07-27-04-00-00", "latency": 32}, {"date": "2023-07-27-04-00-00", "latency": 32}]}, {"location": {"country_code": "gb"}, "game_id": "461764", "values": [{"date": "2023-07-27-03-00-00", "latency": 34}, {"date": "2023-07-27-03-00-00", "latency": 34}, {"date": "2023-07-27-03-00-00", "latency": 34}, {"date": "2023-07-27-03-00-00", "latency": 34}, {"date": "2023-07-27-03-00-00", "latency": 34}, {"date": "2023-07-27-03-00-00", "latency": 34}, {"date": "2023-07-27-03-00-00", "latency": 34}]}, {"location": {"country_code": "gr"}, "game_id": "461764", "values": [{"date": "2023-07-27-17-00-00", "latency": 37}]}, {"location": {"country_code": "jp"}, "game_id": "461764", "values": [{"date": "2023-07-27-17-00-00", "latency": 40}, {"date": "2023-07-27-17-00-00", "latency": 40}, {"date": "2023-07-27-17-00-00", "latency": 40}, {"date": "2023-07-27-17-00-00", "latency": 40}, {"date": "2023-07-27-17-00-00", "latency": 40}, {"date": "2023-07-27-17-00-00", "latency": 40}, {"date": "2023-07-27-17-00-00", "latency": 40}, {"date": "2023-07-27-17-00-00", "latency": 40}, {"date": "2023-07-27-17-00-00", "latency": 40}]}, {"location": {"country_code": "ca"}, "game_id": "461764", "values": [{"date": "2023-07-27-11-00-00", "latency": 36}, {"date": "2023-07-27-11-00-00", "latency": 36}, {"date": "2023-07-27-11-00-00", "latency": 36}, {"date": "2023-07-27-11-00-00", "latency": 36}, {"date": "2023-07-27-11-00-00", "latency": 36}, {"date": "2023-07-27-11-00-00", "latency": 36}, {"date": "2023-07-27-11-00-00", "latency": 36}, {"date": "2023-07-27-11-00-00", "latency": 36}, {"date": "2023-07-27-11-00-00", "latency": 36}, {"date": "2023-07-27-11-00-00", "latency": 36}, {"date": "2023-07-27-11-00-00", "latency": 36}, {"date": "2023-07-27-11-00-00", "latency": 36}, {"date": "2023-07-27-11-00-00", "latency": 36}, {"date": "2023-07-27-11-00-00", "latency": 36}, {"date": "2023-07-27-11-00-00", "latency": 36}, {"date": "2023-07-27-11-00-00", "latency": 36}, {"date": "2023-07-27-11-00-00", "latency": 36}, {"date": "2023-07-27-11-00-00", "latency": 36}, {"date": "2023-07-27-11-00-00", "latency": 36}, {"date": "2023-07-27-11-00-00", "latency": 36}, {"date": "2023-07-27-11-00-00", "latency": 36}, {"date": "2023-07-27-11-00-00", "latency": 36}, {"date": "2023-07-27-11-00-00", "latency": 36}, {"date": "2023-07-27-11-00-00", "latency": 36}, {"date": "2023-07-27-11-00-00", "latency": 36}, {"date": "2023-07-27-11-00-00", "latency": 36}, {"date": "2023-07-27-11-00-00", "latency": 36}, {"date": "2023-07-27-11-00-00", "latency": 36}]}, {"location": {"country_code": "de"}, "game_id": "461764", "values": [{"date": "2023-07-28-01-00-00", "latency": 3}, {"date": "2023-07-28-01-00-00", "latency": 3}, {"date": "2023-07-28-01-00-00", "latency": 3}, {"date": "2023-07-28-01-00-00", "latency": 3}, {"date": "2023-07-28-01-00-00", "latency": 3}, {"date": "2023-07-28-01-00-00", "latency": 3}, {"date": "2023-07-28-01-00-00", "latency": 3}, {"date": "2023-07-28-01-00-00", "latency": 3}, {"date": "2023-07-28-01-00-00", "latency": 3}, {"date": "2023-07-28-01-00-00", "latency": 3}, {"date": "2023-07-28-01-00-00", "latency": 3}, {"date": "2023-07-28-01-00-00", "latency": 3}, {"date": "2023-07-28-01-00-00", "latency": 3}, {"date": "2023-07-28-01-00-00", "latency": 3}, {"date": "2023-07-27-22-00-00", "latency": 122}, {"date": "2023-07-27-22-00-00", "latency": 122}, {"date": "2023-07-27-22-00-00", "latency": 122}, {"date": "2023-07-27-22-00-00", "latency": 122}, {"date": "2023-07-27-22-00-00", "latency": 122}, {"date": "2023-07-27-22-00-00", "latency": 122}, {"date": "2023-07-27-22-00-00", "latency": 122}, {"date": "2023-07-27-22-00-00", "latency": 122}, {"date": "2023-07-27-22-00-00", "latency": 122}, {"date": "2023-07-27-22-00-00", "latency": 122}, {"date": "2023-07-27-22-00-00", "latency": 122}, {"date": "2023-07-27-23-00-00", "latency": 34}, {"date": "2023-07-27-23-00-00", "latency": 34}, {"date": "2023-07-27-23-00-00", "latency": 34}, {"date": "2023-07-27-23-00-00", "latency": 34}, {"date": "2023-07-27-23-00-00", "latency": 34}, {"date": "2023-07-27-23-00-00", "latency": 34}, {"date": "2023-07-27-23-00-00", "latency": 34}, {"date": "2023-07-27-23-00-00", "latency": 34}, {"date": "2023-07-27-23-00-00", "latency": 34}, {"date": "2023-07-27-23-00-00", "latency": 34}, {"date": "2023-07-27-23-00-00", "latency": 34}, {"date": "2023-07-27-23-00-00", "latency": 34}, {"date": "2023-07-27-23-00-00", "latency": 34}, {"date": "2023-07-27-23-00-00", "latency": 34}, {"date": "2023-07-27-23-00-00", "latency": 34}, {"date": "2023-07-27-23-00-00", "latency": 34}, {"date": "2023-07-27-23-00-00", "latency": 34}, {"date": "2023-07-27-23-00-00", "latency": 34}, {"date": "2023-07-27-23-00-00", "latency": 34}, {"date": "2023-07-27-23-00-00", "latency": 34}, {"date": "2023-07-27-23-00-00", "latency": 34}, {"date": "2023-07-27-23-00-00", "latency": 34}, {"date": "2023-07-27-23-00-00", "latency": 34}, {"date": "2023-07-27-23-00-00", "latency": 34}, {"date": "2023-07-27-23-00-00", "latency": 34}, {"date": "2023-07-27-23-00-00", "latency": 34}, {"date": "2023-07-27-23-00-00", "latency": 34}, {"date": "2023-07-27-23-00-00", "latency": 34}, {"date": "2023-07-27-23-00-00", "latency": 34}, {"date": "2023-07-27-23-00-00", "latency": 34}]}, {"location": {"country_code": "fr"}, "game_id": "461764", "values": [{"date": "2023-07-27-15-00-00", "latency": 37}, {"date": "2023-07-27-15-00-00", "latency": 37}, {"date": "2023-07-27-15-00-00", "latency": 37}, {"date": "2023-07-27-15-00-00", "latency": 37}, {"date": "2023-07-27-15-00-00", "latency": 37}, {"date": "2023-07-27-15-00-00", "latency": 37}, {"date": "2023-07-27-15-00-00", "latency": 37}, {"date": "2023-07-27-15-00-00", "latency": 37}, {"date": "2023-07-27-15-00-00", "latency": 37}, {"date": "2023-07-27-15-00-00", "latency": 37}, {"date": "2023-07-27-15-00-00", "latency": 37}, {"date": "2023-07-27-15-00-00", "latency": 37}, {"date": "2023-07-27-15-00-00", "latency": 37}, {"date": "2023-07-27-15-00-00", "latency": 37}, {"date": "2023-07-27-15-00-00", "latency": 37}, {"date": "2023-07-27-15-00-00", "latency": 37}, {"date": "2023-07-27-15-00-00", "latency": 37}, {"date": "2023-07-27-15-00-00", "latency": 37}, {"date": "2023-07-27-15-00-00", "latency": 37}, {"date": "2023-07-27-23-00-00", "latency": 35}, {"date": "2023-07-27-23-00-00", "latency": 35}, {"date": "2023-07-27-23-00-00", "latency": 35}, {"date": "2023-07-27-23-00-00", "latency": 35}]}, {"location": {"country_code": "cl"}, "game_id": "461764", "values": [{"date": "2023-07-27-08-00-00", "latency": 104}, {"date": "2023-07-27-08-00-00", "latency": 104}, {"date": "2023-07-27-08-00-00", "latency": 104}, {"date": "2023-07-27-08-00-00", "latency": 104}, {"date": "2023-07-27-08-00-00", "latency": 104}, {"date": "2023-07-27-08-00-00", "latency": 104}, {"date": "2023-07-27-08-00-00", "latency": 104}, {"date": "2023-07-27-08-00-00", "latency": 104}, {"date": "2023-07-27-08-00-00", "latency": 104}, {"date": "2023-07-27-08-00-00", "latency": 104}, {"date": "2023-07-27-08-00-00", "latency": 104}, {"date": "2023-07-27-08-00-00", "latency": 104}, {"date": "2023-07-27-08-00-00", "latency": 104}, {"date": "2023-07-27-08-00-00", "latency": 104}, {"date": "2023-07-27-08-00-00", "latency": 104}, {"date": "2023-07-27-08-00-00", "latency": 104}, {"date": "2023-07-27-08-00-00", "latency": 104}, {"date": "2023-07-27-08-00-00", "latency": 104}, {"date": "2023-07-27-08-00-00", "latency": 104}, {"date": "2023-07-27-08-00-00", "latency": 104}, {"date": "2023-07-27-08-00-00", "latency": 104}, {"date": "2023-07-27-08-00-00", "latency": 104}, {"date": "2023-07-27-08-00-00", "latency": 104}, {"date": "2023-07-27-08-00-00", "latency": 104}, {"date": "2023-07-27-08-00-00", "latency": 104}, {"date": "2023-07-27-08-00-00", "latency": 104}, {"date": "2023-07-27-08-00-00", "latency": 104}, {"date": "2023-07-27-08-00-00", "latency": 104}, {"date": "2023-07-27-08-00-00", "latency": 104}, {"date": "2023-07-27-08-00-00", "latency": 104}]}, {"location": {"country_code": "us", "region": "Texas", "city": "San Antonio"}, "game_id": "461764", "values": [{"date": "2023-07-27-15-00-00", "latency": 12}, {"date": "2023-07-27-15-00-00", "latency": 12}, {"date": "2023-07-27-15-00-00", "latency": 12}, {"date": "2023-07-27-15-00-00", "latency": 12}, {"date": "2023-07-27-15-00-00", "latency": 12}, {"date": "2023-07-27-15-00-00", "latency": 12}, {"date": "2023-07-27-15-00-00", "latency": 12}, {"date": "2023-07-27-15-00-00", "latency": 12}, {"date": "2023-07-27-15-00-00", "latency": 12}, {"date": "2023-07-27-15-00-00", "latency": 12}, {"date": "2023-07-27-15-00-00", "latency": 12}, {"date": "2023-07-27-15-00-00", "latency": 12}, {"date": "2023-07-27-15-00-00", "latency": 12}, {"date": "2023-07-27-15-00-00", "latency": 12}, {"date": "2023-07-27-15-00-00", "latency": 12}, {"date": "2023-07-27-15-00-00", "latency": 12}, {"date": "2023-07-27-15-00-00", "latency": 12}, {"date": "2023-07-27-15-00-00", "latency": 12}, {"date": "2023-07-27-15-00-00", "latency": 12}, {"date": "2023-07-27-15-00-00", "latency": 12}, {"date": "2023-07-27-15-00-00", "latency": 12}, {"date": "2023-07-27-15-00-00", "latency": 12}, {"date": "2023-07-27-15-00-00", "latency": 12}, {"date": "2023-07-27-15-00-00", "latency": 12}, {"date": "2023-07-27-15-00-00", "latency": 12}, {"date": "2023-07-27-15-00-00", "latency": 12}, {"date": "2023-07-27-15-00-00", "latency": 12}, {"date": "2023-07-27-15-00-00", "latency": 12}, {"date": "2023-07-27-15-00-00", "latency": 12}, {"date": "2023-07-27-15-00-00", "latency": 12}, {"date": "2023-07-27-15-00-00", "latency": 12}, {"date": "2023-07-27-15-00-00", "latency": 12}, {"date": "2023-07-27-15-00-00", "latency": 12}, {"date": "2023-07-27-15-00-00", "latency": 12}, {"date": "2023-07-27-15-00-00", "latency": 12}, {"date": "2023-07-27-15-00-00", "latency": 12}, {"date": "2023-07-27-15-00-00", "latency": 12}, {"date": "2023-07-27-15-00-00", "latency": 12}, {"date": "2023-07-27-15-00-00", "latency": 12}, {"date": "2023-07-27-15-00-00", "latency": 12}, {"date": "2023-07-27-15-00-00", "latency": 12}, {"date": "2023-07-27-15-00-00", "latency": 12}, {"date": "2023-07-27-15-00-00", "latency": 12}, {"date": "2023-07-27-15-00-00", "latency": 12}, {"date": "2023-07-27-15-00-00", "latency": 12}, {"date": "2023-07-27-15-00-00", "latency": 12}, {"date": "2023-07-27-15-00-00", "latency": 12}, {"date": "2023-07-27-15-00-00", "latency": 12}, {"date": "2023-07-27-15-00-00", "latency": 12}, {"date": "2023-07-27-15-00-00", "latency": 12}, {"date": "2023-07-27-15-00-00", "latency": 12}, {"date": "2023-07-27-15-00-00", "latency": 12}, {"date": "2023-07-27-15-00-00", "latency": 12}, {"date": "2023-07-27-15-00-00", "latency": 12}, {"date": "2023-07-27-15-00-00", "latency": 12}, {"date": "2023-07-27-15-00-00", "latency": 12}, {"date": "2023-07-27-15-00-00", "latency": 12}, {"date": "2023-07-27-15-00-00", "latency": 12}, {"date": "2023-07-27-15-00-00", "latency": 12}, {"date": "2023-07-27-15-00-00", "latency": 12}, {"date": "2023-07-27-15-00-00", "latency": 12}, {"date": "2023-07-27-15-00-00", "latency": 12}, {"date": "2023-07-27-15-00-00", "latency": 12}, {"date": "2023-07-27-15-00-00", "latency": 12}, {"date": "2023-07-27-15-00-00", "latency": 12}, {"date": "2023-07-27-15-00-00", "latency": 12}, {"date": "2023-07-27-15-00-00", "latency": 12}, {"date": "2023-07-27-15-00-00", "latency": 12}, {"date": "2023-07-27-15-00-00", "latency": 12}, {"date": "2023-07-27-15-00-00", "latency": 12}, {"date": "2023-07-27-15-00-00", "latency": 12}, {"date": "2023-07-27-15-00-00", "latency": 12}, {"date": "2023-07-27-15-00-00", "latency": 12}, {"date": "2023-07-27-15-00-00", "latency": 12}, {"date": "2023-07-27-15-00-00", "latency": 12}, {"date": "2023-07-27-15-00-00", "latency": 12}, {"date": "2023-07-27-15-00-00", "latency": 12}, {"date": "2023-07-27-15-00-00", "latency": 12}, {"date": "2023-07-27-15-00-00", "latency": 12}, {"date": "2023-07-27-15-00-00", "latency": 12}, {"date": "2023-07-27-15-00-00", "latency": 12}]}, {"location": {"country_code": "us", "region": "Kansas"}, "game_id": "461764", "values": [{"date": "2023-07-28-02-00-00", "latency": 8}]}, {"location": {"country_code": "us", "region": "California"}, "game_id": "461764", "values": [{"date": "2023-07-27-03-00-00", "latency": 34}, {"date": "2023-07-27-03-00-00", "latency": 34}, {"date": "2023-07-27-03-00-00", "latency": 34}, {"date": "2023-07-27-03-00-00", "latency": 34}]}, {"location": {"country_code": "hu"}, "game_id": "461764", "values": [{"date": "2023-07-27-05-00-00", "latency": 107}, {"date": "2023-07-27-05-00-00", "latency": 107}, {"date": "2023-07-27-05-00-00", "latency": 107}, {"date": "2023-07-27-05-00-00", "latency": 107}, {"date": "2023-07-27-05-00-00", "latency": 107}, {"date": "2023-07-27-05-00-00", "latency": 107}]}, {"location": {"country_code": "de", "region": "Bavaria"}, "game_id": "461764", "values": [{"date": "2023-07-28-01-00-00", "latency": 43}, {"date": "2023-07-28-01-00-00", "latency": 43}, {"date": "2023-07-28-01-00-00", "latency": 43}, {"date": "2023-07-28-01-00-00", "latency": 43}, {"date": "2023-07-28-01-00-00", "latency": 43}, {"date": "2023-07-28-01-00-00", "latency": 43}, {"date": "2023-07-28-01-00-00", "latency": 43}, {"date": "2023-07-28-01-00-00", "latency": 43}, {"date": "2023-07-28-01-00-00", "latency": 43}, {"date": "2023-07-28-01-00-00", "latency": 43}, {"date": "2023-07-28-01-00-00", "latency": 43}, {"date": "2023-07-28-01-00-00", "latency": 43}, {"date": "2023-07-28-01-00-00", "latency": 43}, {"date": "2023-07-28-01-00-00", "latency": 43}, {"date": "2023-07-28-01-00-00", "latency": 43}]}, {"location": {"country_code": "my"}, "game_id": "461764", "values": [{"date": "2023-07-27-15-00-00", "latency": 36}, {"date": "2023-07-27-15-00-00", "latency": 36}, {"date": "2023-07-27-15-00-00", "latency": 36}, {"date": "2023-07-27-15-00-00", "latency": 36}, {"date": "2023-07-27-15-00-00", "latency": 36}, {"date": "2023-07-27-15-00-00", "latency": 36}, {"date": "2023-07-27-15-00-00", "latency": 36}, {"date": "2023-07-27-15-00-00", "latency": 36}, {"date": "2023-07-27-15-00-00", "latency": 36}, {"date": "2023-07-27-15-00-00", "latency": 36}, {"date": "2023-07-27-15-00-00", "latency": 36}, {"date": "2023-07-27-15-00-00", "latency": 36}, {"date": "2023-07-27-15-00-00", "latency": 36}, {"date": "2023-07-27-15-00-00", "latency": 36}, {"date": "2023-07-27-15-00-00", "latency": 36}]}, {"location": {"country_code": "de", "region": "Lower Saxony"}, "game_id": "461764", "values": [{"date": "2023-07-27-11-00-00", "latency": 37}, {"date": "2023-07-27-11-00-00", "latency": 37}, {"date": "2023-07-27-11-00-00", "latency": 37}, {"date": "2023-07-27-11-00-00", "latency": 37}, {"date": "2023-07-27-11-00-00", "latency": 37}, {"date": "2023-07-27-11-00-00", "latency": 37}, {"date": "2023-07-27-11-00-00", "latency": 37}, {"date": "2023-07-27-11-00-00", "latency": 37}, {"date": "2023-07-27-11-00-00", "latency": 37}, {"date": "2023-07-27-11-00-00", "latency": 37}, {"date": "2023-07-27-11-00-00", "latency": 37}, {"date": "2023-07-27-11-00-00", "latency": 37}, {"date": "2023-07-27-11-00-00", "latency": 37}]}, {"location": {"country_code": "gb", "region": "England", "city": "Newcastle upon Tyne"}, "game_id": "461764", "values": [{"date": "2023-07-28-01-00-00", "latency": 51}, {"date": "2023-07-28-01-00-00", "latency": 51}, {"date": "2023-07-28-01-00-00", "latency": 51}, {"date": "2023-07-28-01-00-00", "latency": 51}, {"date": "2023-07-28-01-00-00", "latency": 51}, {"date": "2023-07-28-01-00-00", "latency": 51}, {"date": "2023-07-28-01-00-00", "latency": 51}, {"date": "2023-07-28-01-00-00", "latency": 51}, {"date": "2023-07-28-01-00-00", "latency": 51}, {"date": "2023-07-28-01-00-00", "latency": 51}, {"date": "2023-07-28-01-00-00", "latency": 51}, {"date": "2023-07-28-01-00-00", "latency": 51}, {"date": "2023-07-28-01-00-00", "latency": 51}, {"date": "2023-07-28-01-00-00", "latency": 51}, {"date": "2023-07-28-01-00-00", "latency": 51}, {"date": "2023-07-28-01-00-00", "latency": 51}, {"date": "2023-07-28-01-00-00", "latency": 51}, {"date": "2023-07-28-01-00-00", "latency": 51}, {"date": "2023-07-28-01-00-00", "latency": 51}, {"date": "2023-07-28-01-00-00", "latency": 51}, {"date": "2023-07-28-01-00-00", "latency": 51}, {"date": "2023-07-28-01-00-00", "latency": 51}, {"date": "2023-07-28-01-00-00", "latency": 51}, {"date": "2023-07-28-01-00-00", "latency": 51}, {"date": "2023-07-28-01-00-00", "latency": 51}, {"date": "2023-07-28-01-00-00", "latency": 51}, {"date": "2023-07-28-01-00-00", "latency": 51}, {"date": "2023-07-28-01-00-00", "latency": 51}, {"date": "2023-07-28-01-00-00", "latency": 51}, {"date": "2023-07-28-01-00-00", "latency": 51}, {"date": "2023-07-28-01-00-00", "latency": 51}, {"date": "2023-07-28-01-00-00", "latency": 51}, {"date": "2023-07-28-01-00-00", "latency": 51}, {"date": "2023-07-28-01-00-00", "latency": 51}, {"date": "2023-07-28-01-00-00", "latency": 51}, {"date": "2023-07-28-01-00-00", "latency": 51}, {"date": "2023-07-28-01-00-00", "latency": 51}, {"date": "2023-07-28-01-00-00", "latency": 51}, {"date": "2023-07-28-01-00-00", "latency": 51}, {"date": "2023-07-28-01-00-00", "latency": 51}, {"date": "2023-07-28-01-00-00", "latency": 51}, {"date": "2023-07-28-01-00-00", "latency": 51}]}, {"location": {"country_code": "es", "region": "Andalusia", "city": "La Linea de la Concepcion"}, "game_id": "461764", "values": [{"date": "2023-07-27-12-00-00", "latency": 38}, {"date": "2023-07-27-12-00-00", "latency": 38}, {"date": "2023-07-27-12-00-00", "latency": 38}, {"date": "2023-07-27-12-00-00", "latency": 38}, {"date": "2023-07-27-12-00-00", "latency": 38}]}, {"location": {"country_code": "cz", "region": "Kralovehradecky kraj"}, "game_id": "461764", "values": [{"date": "2023-07-27-16-00-00", "latency": 35}, {"date": "2023-07-27-16-00-00", "latency": 35}, {"date": "2023-07-27-16-00-00", "latency": 35}, {"date": "2023-07-27-16-00-00", "latency": 35}, {"date": "2023-07-27-16-00-00", "latency": 35}, {"date": "2023-07-27-16-00-00", "latency": 35}, {"date": "2023-07-27-16-00-00", "latency": 35}, {"date": "2023-07-27-16-00-00", "latency": 35}, {"date": "2023-07-27-16-00-00", "latency": 35}, {"date": "2023-07-27-16-00-00", "latency": 35}, {"date": "2023-07-27-16-00-00", "latency": 35}, {"date": "2023-07-27-16-00-00", "latency": 35}, {"date": "2023-07-27-16-00-00", "latency": 35}, {"date": "2023-07-27-16-00-00", "latency": 35}, {"date": "2023-07-27-16-00-00", "latency": 35}, {"date": "2023-07-27-16-00-00", "latency": 35}, {"date": "2023-07-27-16-00-00", "latency": 35}, {"date": "2023-07-27-16-00-00", "latency": 35}, {"date": "2023-07-27-16-00-00", "latency": 35}, {"date": "2023-07-27-16-00-00", "latency": 35}, {"date": "2023-07-27-16-00-00", "latency": 35}, {"date": "2023-07-27-16-00-00", "latency": 35}, {"date": "2023-07-27-16-00-00", "latency": 35}]}], "last_updated": 1719926789.646346}