{"data": [{"location": {"country_code": "us"}, "game_id": "747108", "values": [{"date": "2023-11-10-02-00-00", "alternatives": [16, 6, 16, 16]}, {"date": "2023-11-10-02-00-00", "alternatives": [16, 6, 16, 16]}, {"date": "2023-11-10-02-00-00", "alternatives": [16, 6, 16, 16]}, {"date": "2023-11-10-02-00-00", "alternatives": [16, 6, 16, 16]}, {"date": "2023-11-10-02-00-00", "alternatives": [16, 6, 16, 16]}, {"date": "2023-11-10-02-00-00", "alternatives": [16, 6, 16, 16]}, {"date": "2023-11-10-02-00-00", "alternatives": [16, 6, 16, 16]}, {"date": "2023-11-10-02-00-00", "alternatives": [16, 6, 16, 16]}, {"date": "2023-11-10-02-00-00", "alternatives": [16, 6, 16, 16]}, {"date": "2023-11-10-02-00-00", "alternatives": [16, 6, 16, 16]}, {"date": "2023-11-10-02-00-00", "alternatives": [16, 6, 16, 16]}, {"date": "2023-11-10-02-00-00", "alternatives": [16, 6, 16, 16]}, {"date": "2023-11-10-02-00-00", "alternatives": [16, 6, 16, 16]}, {"date": "2023-11-10-02-00-00", "alternatives": [16, 6, 16, 16]}, {"date": "2023-11-10-02-00-00", "alternatives": [16, 6, 16, 16]}, {"date": "2023-11-10-02-00-00", "alternatives": [16, 6, 16, 16]}, {"date": "2023-11-10-02-00-00", "alternatives": [16, 6, 16, 16]}, {"date": "2023-11-10-02-00-00", "alternatives": [16, 6, 16, 16]}, {"date": "2023-11-10-14-00-00", "alternatives": ["16", "1", "16"]}, {"date": "2023-11-10-14-00-00", "alternatives": ["16", "1", "16"]}, {"date": "2023-11-10-14-00-00", "alternatives": ["16", "1", "16"]}, {"date": "2023-11-10-14-00-00", "alternatives": ["16", "1", "16"]}, {"date": "2023-11-10-14-00-00", "alternatives": ["16", "1", "16"]}, {"date": "2023-11-10-14-00-00", "alternatives": ["16", "1", "16"]}, {"date": "2023-11-10-14-00-00", "alternatives": ["16", "1", "16"]}, {"date": "2023-11-10-14-00-00", "alternatives": ["16", "1", "16"]}, {"date": "2023-11-10-14-00-00", "alternatives": ["16", "1", "16"]}, {"date": "2023-11-10-14-00-00", "alternatives": ["16", "1", "16"]}, {"date": "2023-11-10-14-00-00", "alternatives": ["16", "1", "16"]}, {"date": "2023-11-10-14-00-00", "alternatives": ["16", "1", "16"]}, {"date": "2023-11-10-14-00-00", "alternatives": ["16", "1", "16"]}, {"date": "2023-11-10-14-00-00", "alternatives": ["16", "1", "16"]}, {"date": "2023-11-10-14-00-00", "alternatives": ["16", "1", "16"]}, {"date": "2023-11-10-14-00-00", "alternatives": ["16", "1", "16"]}, {"date": "2023-11-10-14-00-00", "alternatives": ["16", "1", "16"]}, {"date": "2023-11-10-14-00-00", "alternatives": ["16", "1", "16"]}, {"date": "2023-11-10-14-00-00", "alternatives": ["16", "1", "16"]}, {"date": "2023-11-10-14-00-00", "alternatives": ["16", "1", "16"]}, {"date": "2023-11-10-14-00-00", "alternatives": ["16", "1", "16"]}, {"date": "2023-11-10-06-00-00", "alternatives": ["3", "3", "43"]}, {"date": "2023-11-10-05-00-00", "alternatives": ["631", "63", "63"]}, {"date": "2023-11-10-05-00-00", "alternatives": ["631", "63", "63"]}, {"date": "2023-11-10-05-00-00", "alternatives": ["631", "63", "63"]}, {"date": "2023-11-10-04-00-00", "alternatives": ["47", "47", "7"]}, {"date": "2023-11-10-04-00-00", "alternatives": ["47", "47", "7"]}, {"date": "2023-11-10-04-00-00", "alternatives": ["47", "47", "7"]}, {"date": "2023-11-10-04-00-00", "alternatives": ["47", "47", "7"]}, {"date": "2023-11-10-04-00-00", "alternatives": ["47", "47", "7"]}, {"date": "2023-11-10-04-00-00", "alternatives": ["47", "47", "7"]}, {"date": "2023-11-10-04-00-00", "alternatives": ["47", "47", "7"]}, {"date": "2023-11-10-04-00-00", "alternatives": ["31", "31", "3"]}, {"date": "2023-11-10-04-00-00", "alternatives": ["31", "31", "3"]}, {"date": "2023-11-10-04-00-00", "alternatives": ["31", "31", "3"]}, {"date": "2023-11-10-04-00-00", "alternatives": ["31", "31", "3"]}, {"date": "2023-11-10-04-00-00", "alternatives": ["31", "31", "3"]}, {"date": "2023-11-10-04-00-00", "alternatives": ["31", "31", "3"]}, {"date": "2023-11-10-04-00-00", "alternatives": ["31", "31", "3"]}, {"date": "2023-11-10-04-00-00", "alternatives": ["31", "31", "3"]}, {"date": "2023-11-10-04-00-00", "alternatives": ["31", "31", "3"]}, {"date": "2023-11-10-04-00-00", "alternatives": ["31", "31", "3"]}, {"date": "2023-11-10-04-00-00", "alternatives": ["31", "31", "3"]}, {"date": "2023-11-10-04-00-00", "alternatives": ["31", "31", "3"]}]}, {"location": {"country_code": "ca"}, "game_id": "747108", "values": [{"date": "2023-11-10-04-00-00", "alternatives": ["47", "7", "47"]}, {"date": "2023-11-10-04-00-00", "alternatives": ["47", "7", "47"]}, {"date": "2023-11-10-04-00-00", "alternatives": ["47", "7", "47"]}]}, {"location": {"country_code": "ca", "region": "Ontario"}, "game_id": "747108", "values": [{"date": "2023-11-10-03-00-00", "alternatives": ["15", "1", "15"]}, {"date": "2023-11-10-03-00-00", "alternatives": ["15", "1", "15"]}, {"date": "2023-11-10-03-00-00", "alternatives": ["15", "1", "15"]}, {"date": "2023-11-10-03-00-00", "alternatives": ["15", "1", "15"]}]}, {"location": {"country_code": "cl"}, "game_id": "747108", "values": [{"date": "2023-11-10-04-00-00", "alternatives": [63, 63, 63]}, {"date": "2023-11-10-04-00-00", "alternatives": [63, 63, 63]}]}, {"location": {"country_code": "ph"}, "game_id": "747108", "values": [{"date": "2023-11-10-09-00-00", "alternatives": ["17", "172", "172"]}, {"date": "2023-11-10-09-00-00", "alternatives": ["17", "172", "172"]}, {"date": "2023-11-10-09-00-00", "alternatives": ["17", "172", "172"]}, {"date": "2023-11-10-09-00-00", "alternatives": ["17", "172", "172"]}]}, {"location": {"country_code": "mx"}, "game_id": "747108", "values": [{"date": "2023-11-10-02-00-00", "alternatives": ["93", "93", "3"]}, {"date": "2023-11-10-02-00-00", "alternatives": [9, 94, 94, 6, 94]}, {"date": "2023-11-10-02-00-00", "alternatives": [9, 94, 94, 6, 94]}, {"date": "2023-11-10-02-00-00", "alternatives": [9, 94, 94, 6, 94]}, {"date": "2023-11-10-02-00-00", "alternatives": [9, 94, 94, 6, 94]}, {"date": "2023-11-10-02-00-00", "alternatives": [9, 94, 94, 6, 94]}, {"date": "2023-11-10-02-00-00", "alternatives": [9, 94, 94, 6, 94]}, {"date": "2023-11-10-02-00-00", "alternatives": [9, 94, 94, 6, 94]}, {"date": "2023-11-10-02-00-00", "alternatives": [9, 94, 94, 6, 94]}, {"date": "2023-11-10-02-00-00", "alternatives": [9, 94, 94, 6, 94]}, {"date": "2023-11-10-02-00-00", "alternatives": [9, 94, 94, 6, 94]}, {"date": "2023-11-10-02-00-00", "alternatives": [9, 94, 94, 6, 94]}, {"date": "2023-11-10-02-00-00", "alternatives": [9, 94, 94, 6, 94]}, {"date": "2023-11-10-02-00-00", "alternatives": [9, 94, 94, 6, 94]}, {"date": "2023-11-10-02-00-00", "alternatives": [9, 94, 94, 6, 94]}, {"date": "2023-11-10-02-00-00", "alternatives": [9, 94, 94, 6, 94]}]}, {"location": {"country_code": "br"}, "game_id": "747108", "values": [{"date": "2023-11-10-14-00-00", "alternatives": [16, 16, 16]}, {"date": "2023-11-10-14-00-00", "alternatives": [16, 16, 16]}, {"date": "2023-11-10-14-00-00", "alternatives": [16, 16, 16]}, {"date": "2023-11-10-14-00-00", "alternatives": [16, 16, 16]}, {"date": "2023-11-10-14-00-00", "alternatives": [16, 16, 16]}, {"date": "2023-11-10-14-00-00", "alternatives": [16, 16, 16]}, {"date": "2023-11-10-14-00-00", "alternatives": [16, 16, 16]}, {"date": "2023-11-10-14-00-00", "alternatives": [16, 16, 16]}, {"date": "2023-11-10-14-00-00", "alternatives": [16, 16, 16]}, {"date": "2023-11-10-14-00-00", "alternatives": [16, 16, 16]}, {"date": "2023-11-10-14-00-00", "alternatives": [16, 16, 16]}, {"date": "2023-11-10-14-00-00", "alternatives": [16, 16, 16]}, {"date": "2023-11-10-14-00-00", "alternatives": [16, 16, 16]}, {"date": "2023-11-10-14-00-00", "alternatives": [16, 16, 16]}, {"date": "2023-11-10-14-00-00", "alternatives": [16, 16, 16]}, {"date": "2023-11-10-14-00-00", "alternatives": [16, 16, 16]}, {"date": "2023-11-10-14-00-00", "alternatives": [16, 16, 16]}, {"date": "2023-11-10-01-00-00", "alternatives": [6, 5, 16, 16, 16]}, {"date": "2023-11-10-01-00-00", "alternatives": [6, 5, 16, 16, 16]}, {"date": "2023-11-10-02-00-00", "alternatives": ["17", "7", "17"]}]}, {"location": {"country_code": "fr", "region": "Alvernia-Rodano-Alpi"}, "game_id": "747108", "values": [{"date": "2023-11-10-05-00-00", "alternatives": ["31", "31", "3"]}, {"date": "2023-11-10-05-00-00", "alternatives": ["31", "31", "3"]}, {"date": "2023-11-10-05-00-00", "alternatives": ["31", "31", "3"]}]}, {"location": {"country_code": "tr"}, "game_id": "747108", "values": [{"date": "2023-11-10-16-00-00", "alternatives": [63, 63, 53, 63]}, {"date": "2023-11-10-16-00-00", "alternatives": [63, 63, 53, 63]}, {"date": "2023-11-10-16-00-00", "alternatives": [63, 63, 53, 63]}, {"date": "2023-11-10-16-00-00", "alternatives": [63, 63, 53, 63]}, {"date": "2023-11-10-16-00-00", "alternatives": [63, 63, 53, 63]}, {"date": "2023-11-10-16-00-00", "alternatives": [63, 63, 53, 63]}, {"date": "2023-11-10-16-00-00", "alternatives": [63, 63, 53, 63]}, {"date": "2023-11-10-16-00-00", "alternatives": [63, 63, 53, 63]}, {"date": "2023-11-10-16-00-00", "alternatives": [63, 63, 53, 63]}, {"date": "2023-11-10-16-00-00", "alternatives": [63, 63, 53, 63]}, {"date": "2023-11-10-16-00-00", "alternatives": [63, 63, 53, 63]}, {"date": "2023-11-10-16-00-00", "alternatives": [63, 63, 53, 63]}]}, {"location": {"country_code": "kr"}, "game_id": "747108", "values": [{"date": "2023-11-10-15-00-00", "alternatives": [16, 16, 16]}, {"date": "2023-11-10-15-00-00", "alternatives": [16, 16, 16]}, {"date": "2023-11-10-15-00-00", "alternatives": [16, 16, 16]}, {"date": "2023-11-10-15-00-00", "alternatives": [16, 16, 16]}, {"date": "2023-11-10-15-00-00", "alternatives": [16, 16, 16]}, {"date": "2023-11-10-15-00-00", "alternatives": [16, 16, 16]}, {"date": "2023-11-10-15-00-00", "alternatives": [16, 16, 16]}, {"date": "2023-11-10-15-00-00", "alternatives": [16, 16, 16]}, {"date": "2023-11-10-15-00-00", "alternatives": [16, 16, 16]}, {"date": "2023-11-10-15-00-00", "alternatives": [16, 16, 16]}, {"date": "2023-11-10-15-00-00", "alternatives": [16, 16, 16]}, {"date": "2023-11-10-15-00-00", "alternatives": [16, 16, 16]}, {"date": "2023-11-10-15-00-00", "alternatives": [16, 16, 16]}, {"date": "2023-11-10-15-00-00", "alternatives": [16, 16, 16]}, {"date": "2023-11-10-15-00-00", "alternatives": [16, 16, 16]}, {"date": "2023-11-10-15-00-00", "alternatives": [16, 16, 16]}, {"date": "2023-11-10-15-00-00", "alternatives": [16, 16, 16]}, {"date": "2023-11-10-15-00-00", "alternatives": [16, 16, 16]}, {"date": "2023-11-10-15-00-00", "alternatives": [16, 16, 16]}, {"date": "2023-11-10-15-00-00", "alternatives": [16, 16, 16]}]}, {"location": {"country_code": "ar"}, "game_id": "747108", "values": [{"date": "2023-11-10-03-00-00", "alternatives": ["96", "46", "46"]}, {"date": "2023-11-10-03-00-00", "alternatives": ["96", "46", "46"]}, {"date": "2023-11-10-03-00-00", "alternatives": ["96", "46", "46"]}, {"date": "2023-11-10-03-00-00", "alternatives": ["96", "46", "46"]}, {"date": "2023-11-10-03-00-00", "alternatives": ["96", "46", "46"]}, {"date": "2023-11-10-03-00-00", "alternatives": ["96", "46", "46"]}, {"date": "2023-11-10-03-00-00", "alternatives": ["96", "46", "46"]}, {"date": "2023-11-10-03-00-00", "alternatives": ["96", "46", "46"]}, {"date": "2023-11-10-03-00-00", "alternatives": ["96", "46", "46"]}, {"date": "2023-11-10-03-00-00", "alternatives": ["96", "46", "46"]}, {"date": "2023-11-10-10-00-00", "alternatives": ["17", "17", "7"]}, {"date": "2023-11-10-10-00-00", "alternatives": ["17", "17", "7"]}, {"date": "2023-11-10-10-00-00", "alternatives": ["17", "17", "7"]}, {"date": "2023-11-10-10-00-00", "alternatives": ["17", "17", "7"]}, {"date": "2023-11-10-10-00-00", "alternatives": ["17", "17", "7"]}, {"date": "2023-11-10-10-00-00", "alternatives": ["17", "17", "7"]}, {"date": "2023-11-10-10-00-00", "alternatives": ["17", "17", "7"]}, {"date": "2023-11-10-10-00-00", "alternatives": ["17", "17", "7"]}, {"date": "2023-11-10-10-00-00", "alternatives": ["17", "17", "7"]}, {"date": "2023-11-10-10-00-00", "alternatives": ["17", "17", "7"]}, {"date": "2023-11-10-10-00-00", "alternatives": ["17", "17", "7"]}, {"date": "2023-11-10-10-00-00", "alternatives": ["17", "17", "7"]}, {"date": "2023-11-10-10-00-00", "alternatives": ["17", "17", "7"]}, {"date": "2023-11-10-10-00-00", "alternatives": ["17", "17", "7"]}, {"date": "2023-11-10-10-00-00", "alternatives": ["17", "17", "7"]}, {"date": "2023-11-10-10-00-00", "alternatives": ["17", "17", "7"]}, {"date": "2023-11-10-13-00-00", "alternatives": [62, 62, 62]}, {"date": "2023-11-10-13-00-00", "alternatives": [62, 62, 62]}, {"date": "2023-11-10-13-00-00", "alternatives": [62, 62, 62]}, {"date": "2023-11-10-13-00-00", "alternatives": [62, 62, 62]}, {"date": "2023-11-10-13-00-00", "alternatives": [62, 62, 62]}, {"date": "2023-11-10-13-00-00", "alternatives": [62, 62, 62]}, {"date": "2023-11-10-13-00-00", "alternatives": [62, 62, 62]}, {"date": "2023-11-10-13-00-00", "alternatives": [62, 62, 62]}, {"date": "2023-11-10-13-00-00", "alternatives": [62, 62, 62]}, {"date": "2023-11-10-13-00-00", "alternatives": [62, 62, 62]}, {"date": "2023-11-10-13-00-00", "alternatives": [62, 62, 62]}]}, {"location": {"country_code": "us", "region": "Virginia"}, "game_id": "747108", "values": [{"date": "2023-11-10-01-00-00", "alternatives": ["50", "60", "50"]}]}, {"location": {"country_code": "us", "region": "Texas", "city": "Houston"}, "game_id": "747108", "values": [{"date": "2023-11-10-03-00-00", "alternatives": ["46", "6", "46"]}, {"date": "2023-11-10-03-00-00", "alternatives": ["46", "6", "46"]}, {"date": "2023-11-10-03-00-00", "alternatives": ["46", "6", "46"]}, {"date": "2023-11-10-03-00-00", "alternatives": ["46", "6", "46"]}, {"date": "2023-11-10-03-00-00", "alternatives": ["46", "6", "46"]}]}, {"location": {"country_code": "mx", "region": "Puebla"}, "game_id": "747108", "values": [{"date": "2023-11-10-09-00-00", "alternatives": ["63", "63", "3"]}, {"date": "2023-11-10-09-00-00", "alternatives": ["63", "63", "3"]}, {"date": "2023-11-10-09-00-00", "alternatives": ["63", "63", "3"]}, {"date": "2023-11-10-09-00-00", "alternatives": ["63", "63", "3"]}, {"date": "2023-11-10-09-00-00", "alternatives": ["63", "63", "3"]}, {"date": "2023-11-10-09-00-00", "alternatives": ["63", "63", "3"]}, {"date": "2023-11-10-09-00-00", "alternatives": ["63", "63", "3"]}, {"date": "2023-11-10-09-00-00", "alternatives": ["63", "63", "3"]}, {"date": "2023-11-10-09-00-00", "alternatives": ["63", "63", "3"]}, {"date": "2023-11-10-09-00-00", "alternatives": ["63", "63", "3"]}, {"date": "2023-11-10-09-00-00", "alternatives": ["63", "63", "3"]}]}, {"location": {"country_code": "br", "region": "Estado de Bahia", "city": "Salvador"}, "game_id": "747108", "values": [{"date": "2023-11-10-01-00-00", "alternatives": ["33", "32", "32"]}]}, {"location": {"country_code": "do"}, "game_id": "747108", "values": [{"date": "2023-11-10-06-00-00", "alternatives": ["31", "3", "3"]}, {"date": "2023-11-10-06-00-00", "alternatives": ["31", "3", "3"]}, {"date": "2023-11-10-06-00-00", "alternatives": ["31", "3", "3"]}, {"date": "2023-11-10-06-00-00", "alternatives": ["31", "3", "3"]}, {"date": "2023-11-10-06-00-00", "alternatives": ["31", "3", "3"]}, {"date": "2023-11-10-06-00-00", "alternatives": ["31", "3", "3"]}, {"date": "2023-11-10-06-00-00", "alternatives": ["31", "3", "3"]}, {"date": "2023-11-10-06-00-00", "alternatives": ["31", "3", "3"]}, {"date": "2023-11-10-06-00-00", "alternatives": ["31", "3", "3"]}, {"date": "2023-11-10-06-00-00", "alternatives": ["31", "3", "3"]}, {"date": "2023-11-10-06-00-00", "alternatives": ["31", "3", "3"]}, {"date": "2023-11-10-06-00-00", "alternatives": ["31", "3", "3"]}, {"date": "2023-11-10-06-00-00", "alternatives": ["31", "3", "3"]}, {"date": "2023-11-10-06-00-00", "alternatives": ["31", "3", "3"]}, {"date": "2023-11-10-06-00-00", "alternatives": ["31", "3", "3"]}, {"date": "2023-11-10-06-00-00", "alternatives": ["31", "3", "3"]}]}, {"location": {"country_code": "id"}, "game_id": "747108", "values": [{"date": "2023-11-10-05-00-00", "alternatives": [234, 234, 234]}, {"date": "2023-11-10-05-00-00", "alternatives": [234, 234, 234]}, {"date": "2023-11-10-05-00-00", "alternatives": [234, 234, 234]}, {"date": "2023-11-10-05-00-00", "alternatives": [234, 234, 234]}, {"date": "2023-11-10-05-00-00", "alternatives": [234, 234, 234]}, {"date": "2023-11-10-05-00-00", "alternatives": [234, 234, 234]}, {"date": "2023-11-10-05-00-00", "alternatives": [234, 234, 234]}]}, {"location": {"country_code": "de", "region": "North Rhine-Westphalia"}, "game_id": "747108", "values": [{"date": "2023-11-10-16-00-00", "alternatives": ["1", "1", "16"]}, {"date": "2023-11-10-16-00-00", "alternatives": ["1", "1", "16"]}, {"date": "2023-11-10-16-00-00", "alternatives": ["1", "1", "16"]}, {"date": "2023-11-10-16-00-00", "alternatives": ["1", "1", "16"]}, {"date": "2023-11-10-16-00-00", "alternatives": ["1", "1", "16"]}, {"date": "2023-11-10-16-00-00", "alternatives": ["1", "1", "16"]}]}, {"location": {"country_code": "br", "region": "Santa Catarina"}, "game_id": "747108", "values": [{"date": "2023-11-10-02-00-00", "alternatives": ["16", "6", "16"]}, {"date": "2023-11-10-02-00-00", "alternatives": ["16", "6", "16"]}, {"date": "2023-11-10-02-00-00", "alternatives": ["16", "6", "16"]}, {"date": "2023-11-10-02-00-00", "alternatives": ["16", "6", "16"]}, {"date": "2023-11-10-02-00-00", "alternatives": ["16", "6", "16"]}, {"date": "2023-11-10-02-00-00", "alternatives": ["16", "6", "16"]}, {"date": "2023-11-10-02-00-00", "alternatives": ["16", "6", "16"]}]}, {"location": {"country_code": "ru", "region": "Krasnoyarsk Krai", "city": "Norilsk"}, "game_id": "747108", "values": [{"date": "2023-11-10-15-00-00", "alternatives": ["6", "6", "16"]}]}, {"location": {"country_code": "fr", "region": "Nord-Passo di Calais-Piccardia"}, "game_id": "747108", "values": [{"date": "2023-11-10-02-00-00", "alternatives": [31, 3, 3, 3]}, {"date": "2023-11-10-02-00-00", "alternatives": [31, 3, 3, 3]}, {"date": "2023-11-10-02-00-00", "alternatives": [31, 3, 3, 3]}, {"date": "2023-11-10-02-00-00", "alternatives": [31, 3, 3, 3]}, {"date": "2023-11-10-02-00-00", "alternatives": [31, 3, 3, 3]}, {"date": "2023-11-10-02-00-00", "alternatives": [31, 3, 3, 3]}, {"date": "2023-11-10-02-00-00", "alternatives": [31, 3, 3, 3]}, {"date": "2023-11-10-02-00-00", "alternatives": [31, 3, 3, 3]}, {"date": "2023-11-10-02-00-00", "alternatives": [31, 3, 3, 3]}]}, {"location": {"country_code": "ae", "region": "Dubai", "city": "Dubai"}, "game_id": "747108", "values": [{"date": "2023-11-10-11-00-00", "alternatives": [125, 2, 25, 125, 125, 125]}, {"date": "2023-11-10-11-00-00", "alternatives": [125, 2, 25, 125, 125, 125]}, {"date": "2023-11-10-11-00-00", "alternatives": [125, 2, 25, 125, 125, 125]}, {"date": "2023-11-10-11-00-00", "alternatives": [125, 2, 25, 125, 125, 125]}, {"date": "2023-11-10-11-00-00", "alternatives": [125, 2, 25, 125, 125, 125]}, {"date": "2023-11-10-11-00-00", "alternatives": [125, 2, 25, 125, 125, 125]}]}, {"location": {"country_code": "br", "region": "Santa Catarina", "city": "Balneario Camboriu"}, "game_id": "747108", "values": [{"date": "2023-11-10-12-00-00", "alternatives": ["16", "10", "16"]}, {"date": "2023-11-10-12-00-00", "alternatives": ["16", "10", "16"]}, {"date": "2023-11-10-12-00-00", "alternatives": ["16", "10", "16"]}, {"date": "2023-11-10-12-00-00", "alternatives": ["16", "10", "16"]}, {"date": "2023-11-10-12-00-00", "alternatives": ["16", "10", "16"]}, {"date": "2023-11-10-12-00-00", "alternatives": ["16", "10", "16"]}, {"date": "2023-11-10-12-00-00", "alternatives": ["16", "10", "16"]}, {"date": "2023-11-10-12-00-00", "alternatives": ["16", "10", "16"]}, {"date": "2023-11-10-12-00-00", "alternatives": ["16", "10", "16"]}, {"date": "2023-11-10-12-00-00", "alternatives": ["16", "10", "16"]}, {"date": "2023-11-10-12-00-00", "alternatives": ["16", "10", "16"]}, {"date": "2023-11-10-12-00-00", "alternatives": ["16", "10", "16"]}, {"date": "2023-11-10-12-00-00", "alternatives": ["16", "10", "16"]}, {"date": "2023-11-10-12-00-00", "alternatives": ["16", "10", "16"]}, {"date": "2023-11-10-12-00-00", "alternatives": ["16", "10", "16"]}, {"date": "2023-11-10-12-00-00", "alternatives": ["16", "10", "16"]}, {"date": "2023-11-10-12-00-00", "alternatives": ["16", "10", "16"]}, {"date": "2023-11-10-12-00-00", "alternatives": ["16", "10", "16"]}, {"date": "2023-11-10-12-00-00", "alternatives": ["16", "10", "16"]}, {"date": "2023-11-10-12-00-00", "alternatives": ["16", "10", "16"]}, {"date": "2023-11-10-12-00-00", "alternatives": ["16", "10", "16"]}, {"date": "2023-11-10-12-00-00", "alternatives": ["16", "10", "16"]}, {"date": "2023-11-10-12-00-00", "alternatives": ["16", "10", "16"]}, {"date": "2023-11-10-12-00-00", "alternatives": ["16", "10", "16"]}, {"date": "2023-11-10-12-00-00", "alternatives": ["16", "10", "16"]}, {"date": "2023-11-10-12-00-00", "alternatives": ["16", "10", "16"]}, {"date": "2023-11-10-12-00-00", "alternatives": ["16", "10", "16"]}, {"date": "2023-11-10-12-00-00", "alternatives": ["16", "10", "16"]}, {"date": "2023-11-10-12-00-00", "alternatives": ["16", "10", "16"]}, {"date": "2023-11-10-12-00-00", "alternatives": ["16", "10", "16"]}, {"date": "2023-11-10-12-00-00", "alternatives": ["16", "10", "16"]}, {"date": "2023-11-10-12-00-00", "alternatives": ["16", "10", "16"]}, {"date": "2023-11-10-12-00-00", "alternatives": ["16", "10", "16"]}]}, {"location": {"country_code": "es", "region": "Andalusia", "city": "Cordoba"}, "game_id": "747108", "values": [{"date": "2023-11-10-15-00-00", "alternatives": [32, 32, 32]}, {"date": "2023-11-10-15-00-00", "alternatives": [32, 32, 32]}, {"date": "2023-11-10-15-00-00", "alternatives": [32, 32, 32]}, {"date": "2023-11-10-15-00-00", "alternatives": [32, 32, 32]}, {"date": "2023-11-10-15-00-00", "alternatives": [32, 32, 32]}, {"date": "2023-11-10-15-00-00", "alternatives": [32, 32, 32]}, {"date": "2023-11-10-15-00-00", "alternatives": [32, 32, 32]}]}, {"location": {"country_code": "co", "region": "Bogota"}, "game_id": "747108", "values": [{"date": "2023-11-10-06-00-00", "alternatives": [630, 631, 63, 63, 63]}, {"date": "2023-11-10-06-00-00", "alternatives": [630, 631, 63, 63, 63]}, {"date": "2023-11-10-06-00-00", "alternatives": [630, 631, 63, 63, 63]}, {"date": "2023-11-10-06-00-00", "alternatives": [630, 631, 63, 63, 63]}, {"date": "2023-11-10-06-00-00", "alternatives": [630, 631, 63, 63, 63]}, {"date": "2023-11-10-06-00-00", "alternatives": [630, 631, 63, 63, 63]}, {"date": "2023-11-10-06-00-00", "alternatives": [630, 631, 63, 63, 63]}, {"date": "2023-11-10-06-00-00", "alternatives": [630, 631, 63, 63, 63]}, {"date": "2023-11-10-06-00-00", "alternatives": [630, 631, 63, 63, 63]}, {"date": "2023-11-10-06-00-00", "alternatives": [630, 631, 63, 63, 63]}, {"date": "2023-11-10-06-00-00", "alternatives": [630, 631, 63, 63, 63]}, {"date": "2023-11-10-06-00-00", "alternatives": [630, 631, 63, 63, 63]}, {"date": "2023-11-10-06-00-00", "alternatives": [630, 631, 63, 63, 63]}, {"date": "2023-11-10-06-00-00", "alternatives": [630, 631, 63, 63, 63]}, {"date": "2023-11-10-06-00-00", "alternatives": [630, 631, 63, 63, 63]}, {"date": "2023-11-10-06-00-00", "alternatives": [630, 631, 63, 63, 63]}, {"date": "2023-11-10-06-00-00", "alternatives": [630, 631, 63, 63, 63]}, {"date": "2023-11-10-06-00-00", "alternatives": [630, 631, 63, 63, 63]}, {"date": "2023-11-10-06-00-00", "alternatives": [630, 631, 63, 63, 63]}, {"date": "2023-11-10-06-00-00", "alternatives": [630, 631, 63, 63, 63]}, {"date": "2023-11-10-06-00-00", "alternatives": [630, 631, 63, 63, 63]}]}, {"location": {"country_code": "fr", "region": "Nord-Passo di Calais-Piccardia", "city": "Albert"}, "game_id": "747108", "values": [{"date": "2023-11-10-15-00-00", "alternatives": [62, 62, 520, 62]}, {"date": "2023-11-10-15-00-00", "alternatives": [62, 62, 520, 62]}, {"date": "2023-11-10-15-00-00", "alternatives": [62, 62, 520, 62]}, {"date": "2023-11-10-15-00-00", "alternatives": [62, 62, 520, 62]}, {"date": "2023-11-10-15-00-00", "alternatives": [62, 62, 520, 62]}, {"date": "2023-11-10-15-00-00", "alternatives": [62, 62, 520, 62]}, {"date": "2023-11-10-15-00-00", "alternatives": [62, 62, 520, 62]}, {"date": "2023-11-10-15-00-00", "alternatives": [62, 62, 520, 62]}, {"date": "2023-11-10-15-00-00", "alternatives": [62, 62, 520, 62]}]}, {"location": {"country_code": "es", "region": "Cantabria", "city": "Torres"}, "game_id": "747108", "values": [{"date": "2023-11-10-16-00-00", "alternatives": ["47", "7", "47"]}, {"date": "2023-11-10-16-00-00", "alternatives": ["47", "7", "47"]}]}, {"location": {"country_code": "us", "region": "Arkansas", "city": "Newport"}, "game_id": "747108", "values": [{"date": "2023-11-10-16-00-00", "alternatives": [1615, 16, 16, 16]}, {"date": "2023-11-10-16-00-00", "alternatives": [1615, 16, 16, 16]}]}], "last_updated": 1719918523.812325}