{"data": [{"location": {"country_code": "nz"}, "game_id": "762836", "values": [{"date": "2024-03-15-11-00-00", "latency": "32"}, {"date": "2024-03-15-12-00-00", "latency": "75"}, {"date": "2024-03-15-12-00-00", "latency": "75"}, {"date": "2024-03-15-12-00-00", "latency": "75"}, {"date": "2024-03-15-12-00-00", "latency": "75"}, {"date": "2024-03-15-12-00-00", "latency": "75"}, {"date": "2024-03-15-12-00-00", "latency": "75"}, {"date": "2024-03-15-12-00-00", "latency": "75"}, {"date": "2024-03-15-12-00-00", "latency": "75"}, {"date": "2024-03-15-12-00-00", "latency": "75"}, {"date": "2024-03-15-12-00-00", "latency": "75"}]}, {"location": {"country_code": "us"}, "game_id": "762836", "values": [{"date": "2024-03-15-20-00-00", "latency": "58"}, {"date": "2024-03-15-20-00-00", "latency": "58"}, {"date": "2024-03-15-20-00-00", "latency": "58"}, {"date": "2024-03-15-20-00-00", "latency": "58"}, {"date": "2024-03-15-20-00-00", "latency": "58"}, {"date": "2024-03-15-20-00-00", "latency": "58"}, {"date": "2024-03-15-20-00-00", "latency": "58"}, {"date": "2024-03-15-11-00-00", "latency": "23"}, {"date": "2024-03-15-11-00-00", "latency": "23"}, {"date": "2024-03-15-11-00-00", "latency": "23"}, {"date": "2024-03-15-11-00-00", "latency": "23"}, {"date": "2024-03-15-11-00-00", "latency": "23"}, {"date": "2024-03-15-11-00-00", "latency": "23"}, {"date": "2024-03-16-00-00-00", "latency": "14"}, {"date": "2024-03-16-00-00-00", "latency": "14"}, {"date": "2024-03-16-00-00-00", "latency": "14"}, {"date": "2024-03-16-00-00-00", "latency": "14"}, {"date": "2024-03-15-07-00-00", "latency": "3"}, {"date": "2024-03-15-07-00-00", "latency": "3"}, {"date": "2024-03-15-07-00-00", "latency": "3"}, {"date": "2024-03-15-07-00-00", "latency": "3"}, {"date": "2024-03-15-07-00-00", "latency": "3"}, {"date": "2024-03-15-07-00-00", "latency": "3"}, {"date": "2024-03-15-07-00-00", "latency": "3"}, {"date": "2024-03-15-07-00-00", "latency": "3"}, {"date": "2024-03-15-07-00-00", "latency": "3"}, {"date": "2024-03-15-07-00-00", "latency": "3"}, {"date": "2024-03-15-07-00-00", "latency": "3"}, {"date": "2024-03-15-07-00-00", "latency": "3"}, {"date": "2024-03-15-07-00-00", "latency": "3"}, {"date": "2024-03-15-10-00-00", "latency": "20"}, {"date": "2024-03-15-10-00-00", "latency": "20"}, {"date": "2024-03-15-10-00-00", "latency": "20"}, {"date": "2024-03-15-10-00-00", "latency": "20"}, {"date": "2024-03-15-10-00-00", "latency": "20"}, {"date": "2024-03-15-22-00-00", "latency": "23"}, {"date": "2024-03-15-22-00-00", "latency": "23"}, {"date": "2024-03-15-21-00-00", "latency": "44"}]}, {"location": {"country_code": "us", "region": "Maryland", "city": "Dundalk"}, "game_id": "762836", "values": [{"date": "2024-03-15-02-00-00", "latency": "49"}, {"date": "2024-03-15-02-00-00", "latency": "49"}, {"date": "2024-03-15-02-00-00", "latency": "49"}, {"date": "2024-03-15-02-00-00", "latency": "49"}, {"date": "2024-03-15-02-00-00", "latency": "49"}]}, {"location": {"country_code": "us", "region": "Idaho", "city": "Boise"}, "game_id": "762836", "values": [{"date": "2024-03-15-03-00-00", "latency": "32"}, {"date": "2024-03-15-03-00-00", "latency": "32"}, {"date": "2024-03-15-03-00-00", "latency": "32"}]}, {"location": {"country_code": "gb"}, "game_id": "762836", "values": [{"date": "2024-03-15-02-00-00", "latency": "28"}, {"date": "2024-03-15-02-00-00", "latency": "28"}, {"date": "2024-03-15-02-00-00", "latency": "28"}, {"date": "2024-03-15-22-00-00", "latency": "21"}, {"date": "2024-03-15-22-00-00", "latency": "21"}, {"date": "2024-03-15-22-00-00", "latency": "21"}, {"date": "2024-03-15-22-00-00", "latency": "21"}, {"date": "2024-03-15-19-00-00", "latency": "105"}, {"date": "2024-03-15-19-00-00", "latency": "105"}, {"date": "2024-03-15-19-00-00", "latency": "105"}, {"date": "2024-03-15-19-00-00", "latency": "105"}, {"date": "2024-03-15-19-00-00", "latency": "105"}, {"date": "2024-03-15-19-00-00", "latency": "105"}, {"date": "2024-03-15-19-00-00", "latency": "105"}, {"date": "2024-03-15-19-00-00", "latency": "105"}, {"date": "2024-03-15-21-00-00", "latency": "21"}, {"date": "2024-03-15-21-00-00", "latency": "21"}, {"date": "2024-03-15-21-00-00", "latency": "21"}, {"date": "2024-03-15-21-00-00", "latency": "21"}, {"date": "2024-03-15-21-00-00", "latency": "21"}, {"date": "2024-03-15-21-00-00", "latency": "21"}, {"date": "2024-03-15-23-00-00", "latency": "22"}, {"date": "2024-03-15-23-00-00", "latency": "22"}, {"date": "2024-03-15-23-00-00", "latency": "22"}, {"date": "2024-03-15-23-00-00", "latency": "22"}, {"date": "2024-03-15-23-00-00", "latency": "22"}, {"date": "2024-03-15-23-00-00", "latency": "22"}, {"date": "2024-03-15-23-00-00", "latency": "22"}, {"date": "2024-03-15-23-00-00", "latency": "22"}, {"date": "2024-03-15-23-00-00", "latency": "22"}, {"date": "2024-03-15-23-00-00", "latency": "22"}]}, {"location": {"country_code": "nl", "region": "North Holland"}, "game_id": "762836", "values": [{"date": "2024-03-16-00-00-00", "latency": "9"}, {"date": "2024-03-16-00-00-00", "latency": "9"}, {"date": "2024-03-16-00-00-00", "latency": "9"}, {"date": "2024-03-16-00-00-00", "latency": "9"}, {"date": "2024-03-16-00-00-00", "latency": "9"}]}, {"location": {"country_code": "it"}, "game_id": "762836", "values": [{"date": "2024-03-15-18-00-00", "latency": "70"}, {"date": "2024-03-15-18-00-00", "latency": "70"}, {"date": "2024-03-15-18-00-00", "latency": "70"}, {"date": "2024-03-15-19-00-00", "latency": "47"}, {"date": "2024-03-15-19-00-00", "latency": "47"}, {"date": "2024-03-16-01-00-00", "latency": "53"}, {"date": "2024-03-16-01-00-00", "latency": "53"}]}, {"location": {"country_code": "us", "region": "Alaska"}, "game_id": "762836", "values": [{"date": "2024-03-15-03-00-00", "latency": "67"}, {"date": "2024-03-15-03-00-00", "latency": "67"}]}, {"location": {"country_code": "za"}, "game_id": "762836", "values": [{"date": "2024-03-15-05-00-00", "latency": "38"}, {"date": "2024-03-15-05-00-00", "latency": "38"}, {"date": "2024-03-15-05-00-00", "latency": "38"}]}, {"location": {"country_code": "ca"}, "game_id": "762836", "values": [{"date": "2024-03-15-04-00-00", "latency": "45"}, {"date": "2024-03-15-06-00-00", "latency": "62"}, {"date": "2024-03-15-06-00-00", "latency": "62"}, {"date": "2024-03-16-01-00-00", "latency": "45"}, {"date": "2024-03-15-03-00-00", "latency": "43"}, {"date": "2024-03-15-03-00-00", "latency": "43"}, {"date": "2024-03-15-03-00-00", "latency": "43"}, {"date": "2024-03-15-03-00-00", "latency": "43"}, {"date": "2024-03-15-03-00-00", "latency": "43"}, {"date": "2024-03-15-03-00-00", "latency": "43"}, {"date": "2024-03-15-03-00-00", "latency": "43"}, {"date": "2024-03-15-03-00-00", "latency": "43"}, {"date": "2024-03-15-03-00-00", "latency": "43"}, {"date": "2024-03-15-19-00-00", "latency": "43"}, {"date": "2024-03-15-19-00-00", "latency": "43"}, {"date": "2024-03-15-19-00-00", "latency": "43"}, {"date": "2024-03-15-19-00-00", "latency": "43"}, {"date": "2024-03-15-07-00-00", "latency": "83"}, {"date": "2024-03-15-07-00-00", "latency": "83"}]}, {"location": {"country_code": "mx"}, "game_id": "762836", "values": [{"date": "2024-03-15-20-00-00", "latency": "103"}, {"date": "2024-03-15-20-00-00", "latency": "103"}, {"date": "2024-03-15-20-00-00", "latency": "103"}, {"date": "2024-03-15-20-00-00", "latency": "103"}, {"date": "2024-03-15-05-00-00", "latency": "54"}, {"date": "2024-03-15-11-00-00", "latency": "43"}, {"date": "2024-03-15-11-00-00", "latency": "43"}]}, {"location": {"country_code": "ca", "region": "Quebec"}, "game_id": "762836", "values": [{"date": "2024-03-15-04-00-00", "latency": "57"}, {"date": "2024-03-15-04-00-00", "latency": "57"}, {"date": "2024-03-15-04-00-00", "latency": "57"}, {"date": "2024-03-15-04-00-00", "latency": "57"}, {"date": "2024-03-15-04-00-00", "latency": "57"}, {"date": "2024-03-15-04-00-00", "latency": "57"}, {"date": "2024-03-15-04-00-00", "latency": "57"}, {"date": "2024-03-15-04-00-00", "latency": "57"}, {"date": "2024-03-15-04-00-00", "latency": "57"}]}, {"location": {"country_code": "de"}, "game_id": "762836", "values": [{"date": "2024-03-16-00-00-00", "latency": "18"}, {"date": "2024-03-16-00-00-00", "latency": "18"}, {"date": "2024-03-16-00-00-00", "latency": "18"}, {"date": "2024-03-16-00-00-00", "latency": "18"}, {"date": "2024-03-16-00-00-00", "latency": "18"}, {"date": "2024-03-15-23-00-00", "latency": "6"}]}, {"location": {"country_code": "br", "region": "Parana", "city": "Araucaria"}, "game_id": "762836", "values": [{"date": "2024-03-15-03-00-00", "latency": "13"}, {"date": "2024-03-15-03-00-00", "latency": "13"}, {"date": "2024-03-15-03-00-00", "latency": "13"}, {"date": "2024-03-15-03-00-00", "latency": "13"}, {"date": "2024-03-15-03-00-00", "latency": "13"}, {"date": "2024-03-15-03-00-00", "latency": "13"}, {"date": "2024-03-15-03-00-00", "latency": "13"}]}, {"location": {"country_code": "us", "region": "Indiana"}, "game_id": "762836", "values": [{"date": "2024-03-16-01-00-00", "latency": "15"}, {"date": "2024-03-15-23-00-00", "latency": "35"}, {"date": "2024-03-15-23-00-00", "latency": "35"}, {"date": "2024-03-15-23-00-00", "latency": "35"}]}, {"location": {"country_code": "gb", "region": "England"}, "game_id": "762836", "values": [{"date": "2024-03-16-00-00-00", "latency": "31"}, {"date": "2024-03-16-00-00-00", "latency": "31"}, {"date": "2024-03-16-00-00-00", "latency": "31"}, {"date": "2024-03-16-00-00-00", "latency": "31"}, {"date": "2024-03-16-00-00-00", "latency": "31"}, {"date": "2024-03-16-00-00-00", "latency": "31"}, {"date": "2024-03-16-00-00-00", "latency": "31"}, {"date": "2024-03-16-00-00-00", "latency": "31"}, {"date": "2024-03-16-00-00-00", "latency": "31"}, {"date": "2024-03-16-00-00-00", "latency": "31"}, {"date": "2024-03-16-00-00-00", "latency": "31"}, {"date": "2024-03-16-00-00-00", "latency": "31"}, {"date": "2024-03-16-00-00-00", "latency": "31"}, {"date": "2024-03-16-00-00-00", "latency": "31"}, {"date": "2024-03-16-00-00-00", "latency": "31"}, {"date": "2024-03-16-00-00-00", "latency": "31"}]}, {"location": {"country_code": "cl"}, "game_id": "762836", "values": [{"date": "2024-03-16-00-00-00", "latency": "47"}]}, {"location": {"country_code": "ph"}, "game_id": "762836", "values": [{"date": "2024-03-15-15-00-00", "latency": "26"}, {"date": "2024-03-15-15-00-00", "latency": "26"}, {"date": "2024-03-15-15-00-00", "latency": "36"}, {"date": "2024-03-15-15-00-00", "latency": "36"}, {"date": "2024-03-15-15-00-00", "latency": "36"}, {"date": "2024-03-15-15-00-00", "latency": "36"}, {"date": "2024-03-15-15-00-00", "latency": "36"}, {"date": "2024-03-15-15-00-00", "latency": "36"}, {"date": "2024-03-15-15-00-00", "latency": "36"}, {"date": "2024-03-15-15-00-00", "latency": "36"}, {"date": "2024-03-15-15-00-00", "latency": "36"}, {"date": "2024-03-15-15-00-00", "latency": "36"}, {"date": "2024-03-15-15-00-00", "latency": "36"}, {"date": "2024-03-15-15-00-00", "latency": "36"}]}, {"location": {"country_code": "fr"}, "game_id": "762836", "values": [{"date": "2024-03-15-15-00-00", "latency": "52"}, {"date": "2024-03-15-17-00-00", "latency": "28"}, {"date": "2024-03-15-23-00-00", "latency": "47"}, {"date": "2024-03-15-23-00-00", "latency": "47"}, {"date": "2024-03-15-23-00-00", "latency": "47"}, {"date": "2024-03-15-23-00-00", "latency": "47"}, {"date": "2024-03-15-23-00-00", "latency": "47"}, {"date": "2024-03-15-23-00-00", "latency": "47"}, {"date": "2024-03-15-23-00-00", "latency": "47"}, {"date": "2024-03-15-23-00-00", "latency": "47"}, {"date": "2024-03-15-23-00-00", "latency": "47"}, {"date": "2024-03-15-23-00-00", "latency": "47"}, {"date": "2024-03-15-23-00-00", "latency": "47"}, {"date": "2024-03-15-23-00-00", "latency": "47"}]}, {"location": {"country_code": "us", "region": "Minnesota"}, "game_id": "762836", "values": [{"date": "2024-03-15-05-00-00", "latency": "3"}, {"date": "2024-03-15-05-00-00", "latency": "3"}]}, {"location": {"country_code": "us", "region": "California"}, "game_id": "762836", "values": [{"date": "2024-03-16-01-00-00", "latency": "13"}, {"date": "2024-03-15-02-00-00", "latency": "10"}, {"date": "2024-03-15-02-00-00", "latency": "10"}, {"date": "2024-03-15-02-00-00", "latency": "10"}, {"date": "2024-03-15-02-00-00", "latency": "10"}, {"date": "2024-03-15-02-00-00", "latency": "10"}, {"date": "2024-03-15-02-00-00", "latency": "10"}, {"date": "2024-03-15-02-00-00", "latency": "10"}, {"date": "2024-03-15-02-00-00", "latency": "10"}, {"date": "2024-03-15-02-00-00", "latency": "10"}, {"date": "2024-03-15-02-00-00", "latency": "10"}, {"date": "2024-03-15-02-00-00", "latency": "10"}, {"date": "2024-03-15-02-00-00", "latency": "10"}, {"date": "2024-03-15-02-00-00", "latency": "10"}, {"date": "2024-03-15-02-00-00", "latency": "10"}, {"date": "2024-03-15-02-00-00", "latency": "10"}, {"date": "2024-03-15-02-00-00", "latency": "10"}, {"date": "2024-03-15-02-00-00", "latency": "10"}, {"date": "2024-03-15-02-00-00", "latency": "10"}, {"date": "2024-03-15-02-00-00", "latency": "10"}, {"date": "2024-03-15-02-00-00", "latency": "10"}, {"date": "2024-03-15-02-00-00", "latency": "10"}, {"date": "2024-03-15-02-00-00", "latency": "10"}, {"date": "2024-03-15-02-00-00", "latency": "10"}, {"date": "2024-03-15-02-00-00", "latency": "10"}, {"date": "2024-03-15-02-00-00", "latency": "10"}, {"date": "2024-03-15-02-00-00", "latency": "10"}, {"date": "2024-03-15-02-00-00", "latency": "10"}, {"date": "2024-03-15-02-00-00", "latency": "10"}, {"date": "2024-03-15-02-00-00", "latency": "10"}, {"date": "2024-03-15-02-00-00", "latency": "10"}, {"date": "2024-03-15-02-00-00", "latency": "10"}, {"date": "2024-03-15-02-00-00", "latency": "10"}, {"date": "2024-03-15-02-00-00", "latency": "10"}, {"date": "2024-03-15-02-00-00", "latency": "10"}, {"date": "2024-03-15-02-00-00", "latency": "10"}, {"date": "2024-03-15-02-00-00", "latency": "10"}, {"date": "2024-03-15-02-00-00", "latency": "10"}, {"date": "2024-03-15-02-00-00", "latency": "10"}, {"date": "2024-03-15-02-00-00", "latency": "10"}, {"date": "2024-03-15-02-00-00", "latency": "10"}, {"date": "2024-03-15-02-00-00", "latency": "10"}, {"date": "2024-03-15-02-00-00", "latency": "10"}, {"date": "2024-03-15-02-00-00", "latency": "10"}, {"date": "2024-03-15-02-00-00", "latency": "10"}]}, {"location": {"country_code": "br", "region": "Sao Paulo", "city": "Apiai"}, "game_id": "762836", "values": [{"date": "2024-03-16-01-00-00", "latency": "4"}, {"date": "2024-03-16-01-00-00", "latency": "4"}, {"date": "2024-03-16-01-00-00", "latency": "4"}, {"date": "2024-03-16-01-00-00", "latency": "4"}, {"date": "2024-03-16-01-00-00", "latency": "4"}, {"date": "2024-03-16-01-00-00", "latency": "4"}, {"date": "2024-03-16-01-00-00", "latency": "4"}]}, {"location": {"country_code": "no"}, "game_id": "762836", "values": [{"date": "2024-03-15-21-00-00", "latency": "27"}, {"date": "2024-03-15-21-00-00", "latency": "27"}, {"date": "2024-03-15-21-00-00", "latency": "27"}, {"date": "2024-03-15-21-00-00", "latency": "27"}]}, {"location": {"country_code": "au"}, "game_id": "762836", "values": [{"date": "2024-03-15-08-00-00", "latency": "0"}, {"date": "2024-03-15-08-00-00", "latency": "0"}, {"date": "2024-03-15-08-00-00", "latency": "0"}, {"date": "2024-03-15-08-00-00", "latency": "0"}, {"date": "2024-03-15-08-00-00", "latency": "0"}, {"date": "2024-03-15-08-00-00", "latency": "0"}, {"date": "2024-03-15-08-00-00", "latency": "0"}, {"date": "2024-03-15-08-00-00", "latency": "0"}, {"date": "2024-03-15-08-00-00", "latency": "0"}, {"date": "2024-03-15-08-00-00", "latency": "0"}, {"date": "2024-03-15-08-00-00", "latency": "0"}, {"date": "2024-03-15-08-00-00", "latency": "0"}, {"date": "2024-03-15-08-00-00", "latency": "0"}, {"date": "2024-03-15-08-00-00", "latency": "0"}, {"date": "2024-03-15-08-00-00", "latency": "0"}, {"date": "2024-03-15-08-00-00", "latency": "0"}, {"date": "2024-03-15-08-00-00", "latency": "0"}, {"date": "2024-03-15-08-00-00", "latency": "0"}, {"date": "2024-03-15-14-00-00", "latency": "22"}, {"date": "2024-03-15-12-00-00", "latency": "10"}, {"date": "2024-03-15-12-00-00", "latency": "10"}, {"date": "2024-03-15-12-00-00", "latency": "10"}, {"date": "2024-03-15-12-00-00", "latency": "10"}, {"date": "2024-03-15-12-00-00", "latency": "10"}, {"date": "2024-03-15-12-00-00", "latency": "10"}]}, {"location": {"country_code": "au", "region": "Victoria", "city": "Melbourne"}, "game_id": "762836", "values": [{"date": "2024-03-15-14-00-00", "latency": "15"}]}, {"location": {"country_code": "es", "region": "Madrid", "city": "Arganda del Rey"}, "game_id": "762836", "values": [{"date": "2024-03-15-21-00-00", "latency": "40"}, {"date": "2024-03-15-21-00-00", "latency": "40"}, {"date": "2024-03-15-21-00-00", "latency": "40"}, {"date": "2024-03-15-21-00-00", "latency": "40"}, {"date": "2024-03-15-21-00-00", "latency": "40"}, {"date": "2024-03-15-21-00-00", "latency": "40"}, {"date": "2024-03-15-21-00-00", "latency": "40"}, {"date": "2024-03-15-21-00-00", "latency": "40"}, {"date": "2024-03-15-21-00-00", "latency": "40"}, {"date": "2024-03-15-21-00-00", "latency": "40"}, {"date": "2024-03-15-21-00-00", "latency": "40"}, {"date": "2024-03-15-21-00-00", "latency": "40"}, {"date": "2024-03-15-21-00-00", "latency": "40"}, {"date": "2024-03-15-21-00-00", "latency": "40"}, {"date": "2024-03-15-21-00-00", "latency": "40"}, {"date": "2024-03-15-21-00-00", "latency": "40"}, {"date": "2024-03-15-21-00-00", "latency": "40"}, {"date": "2024-03-15-21-00-00", "latency": "40"}, {"date": "2024-03-15-21-00-00", "latency": "40"}, {"date": "2024-03-15-21-00-00", "latency": "40"}, {"date": "2024-03-15-21-00-00", "latency": "40"}, {"date": "2024-03-15-21-00-00", "latency": "40"}, {"date": "2024-03-15-21-00-00", "latency": "40"}, {"date": "2024-03-15-21-00-00", "latency": "40"}]}, {"location": {"country_code": "us", "region": "Iowa"}, "game_id": "762836", "values": [{"date": "2024-03-15-23-00-00", "latency": "54"}, {"date": "2024-03-15-23-00-00", "latency": "54"}, {"date": "2024-03-15-23-00-00", "latency": "54"}, {"date": "2024-03-15-23-00-00", "latency": "54"}, {"date": "2024-03-15-23-00-00", "latency": "54"}]}, {"location": {"country_code": "tr"}, "game_id": "762836", "values": [{"date": "2024-03-15-23-00-00", "latency": "82"}, {"date": "2024-03-15-19-00-00", "latency": "94"}, {"date": "2024-03-15-19-00-00", "latency": "94"}, {"date": "2024-03-15-19-00-00", "latency": "94"}, {"date": "2024-03-15-03-00-00", "latency": "0"}]}, {"location": {"country_code": "es"}, "game_id": "762836", "values": [{"date": "2024-03-15-12-00-00", "latency": "51"}, {"date": "2024-03-15-12-00-00", "latency": "51"}, {"date": "2024-03-15-12-00-00", "latency": "51"}, {"date": "2024-03-15-12-00-00", "latency": "51"}, {"date": "2024-03-15-12-00-00", "latency": "51"}, {"date": "2024-03-15-12-00-00", "latency": "51"}, {"date": "2024-03-15-12-00-00", "latency": "51"}, {"date": "2024-03-15-12-00-00", "latency": "51"}, {"date": "2024-03-15-12-00-00", "latency": "51"}, {"date": "2024-03-15-12-00-00", "latency": "51"}, {"date": "2024-03-15-12-00-00", "latency": "51"}, {"date": "2024-03-15-12-00-00", "latency": "51"}, {"date": "2024-03-15-12-00-00", "latency": "51"}, {"date": "2024-03-15-12-00-00", "latency": "51"}, {"date": "2024-03-15-12-00-00", "latency": "51"}, {"date": "2024-03-15-12-00-00", "latency": "51"}, {"date": "2024-03-15-12-00-00", "latency": "51"}, {"date": "2024-03-15-12-00-00", "latency": "51"}, {"date": "2024-03-15-12-00-00", "latency": "51"}, {"date": "2024-03-15-12-00-00", "latency": "51"}, {"date": "2024-03-15-12-00-00", "latency": "51"}, {"date": "2024-03-15-12-00-00", "latency": "51"}, {"date": "2024-03-15-12-00-00", "latency": "51"}, {"date": "2024-03-15-12-00-00", "latency": "51"}, {"date": "2024-03-15-12-00-00", "latency": "51"}, {"date": "2024-03-15-12-00-00", "latency": "51"}, {"date": "2024-03-15-12-00-00", "latency": "51"}, {"date": "2024-03-15-12-00-00", "latency": "51"}, {"date": "2024-03-15-12-00-00", "latency": "51"}, {"date": "2024-03-16-00-00-00", "latency": "49"}, {"date": "2024-03-16-00-00-00", "latency": "49"}, {"date": "2024-03-16-00-00-00", "latency": "49"}, {"date": "2024-03-16-00-00-00", "latency": "49"}, {"date": "2024-03-16-00-00-00", "latency": "49"}, {"date": "2024-03-16-00-00-00", "latency": "49"}, {"date": "2024-03-16-00-00-00", "latency": "49"}, {"date": "2024-03-16-00-00-00", "latency": "49"}, {"date": "2024-03-16-00-00-00", "latency": "49"}, {"date": "2024-03-16-00-00-00", "latency": "49"}, {"date": "2024-03-16-00-00-00", "latency": "49"}, {"date": "2024-03-16-00-00-00", "latency": "49"}, {"date": "2024-03-16-00-00-00", "latency": "49"}, {"date": "2024-03-16-00-00-00", "latency": "49"}, {"date": "2024-03-16-00-00-00", "latency": "49"}, {"date": "2024-03-16-00-00-00", "latency": "49"}, {"date": "2024-03-16-00-00-00", "latency": "49"}, {"date": "2024-03-15-21-00-00", "latency": "55"}, {"date": "2024-03-15-21-00-00", "latency": "55"}, {"date": "2024-03-15-21-00-00", "latency": "55"}, {"date": "2024-03-15-21-00-00", "latency": "55"}, {"date": "2024-03-15-21-00-00", "latency": "55"}, {"date": "2024-03-15-21-00-00", "latency": "55"}, {"date": "2024-03-15-21-00-00", "latency": "55"}, {"date": "2024-03-15-21-00-00", "latency": "55"}, {"date": "2024-03-15-21-00-00", "latency": "55"}, {"date": "2024-03-15-21-00-00", "latency": "55"}, {"date": "2024-03-15-21-00-00", "latency": "55"}, {"date": "2024-03-15-21-00-00", "latency": "55"}, {"date": "2024-03-15-21-00-00", "latency": "55"}, {"date": "2024-03-15-21-00-00", "latency": "55"}]}, {"location": {"country_code": "sa"}, "game_id": "762836", "values": [{"date": "2024-03-16-00-00-00", "latency": "163"}, {"date": "2024-03-16-00-00-00", "latency": "163"}, {"date": "2024-03-16-00-00-00", "latency": "19"}, {"date": "2024-03-16-00-00-00", "latency": "19"}, {"date": "2024-03-16-00-00-00", "latency": "19"}, {"date": "2024-03-16-00-00-00", "latency": "19"}, {"date": "2024-03-16-00-00-00", "latency": "19"}, {"date": "2024-03-16-00-00-00", "latency": "19"}, {"date": "2024-03-16-00-00-00", "latency": "19"}, {"date": "2024-03-16-00-00-00", "latency": "19"}, {"date": "2024-03-16-00-00-00", "latency": "19"}]}, {"location": {"country_code": "us", "region": "Texas", "city": "Houston"}, "game_id": "762836", "values": [{"date": "2024-03-15-08-00-00", "latency": "9"}, {"date": "2024-03-15-08-00-00", "latency": "9"}, {"date": "2024-03-15-08-00-00", "latency": "9"}, {"date": "2024-03-15-08-00-00", "latency": "9"}, {"date": "2024-03-15-08-00-00", "latency": "9"}, {"date": "2024-03-15-08-00-00", "latency": "9"}, {"date": "2024-03-15-08-00-00", "latency": "9"}, {"date": "2024-03-15-08-00-00", "latency": "9"}, {"date": "2024-03-15-08-00-00", "latency": "9"}, {"date": "2024-03-15-08-00-00", "latency": "9"}, {"date": "2024-03-15-08-00-00", "latency": "9"}, {"date": "2024-03-15-08-00-00", "latency": "9"}, {"date": "2024-03-15-08-00-00", "latency": "9"}]}, {"location": {"country_code": "us", "region": "Michigan"}, "game_id": "762836", "values": [{"date": "2024-03-16-00-00-00", "latency": "39"}, {"date": "2024-03-16-00-00-00", "latency": "39"}]}, {"location": {"country_code": "us", "region": "Illinois", "city": "Chicago"}, "game_id": "762836", "values": [{"date": "2024-03-15-07-00-00", "latency": "102"}]}, {"location": {"country_code": "de", "region": "Bavaria"}, "game_id": "762836", "values": [{"date": "2024-03-15-22-00-00", "latency": "25"}, {"date": "2024-03-15-22-00-00", "latency": "25"}, {"date": "2024-03-15-22-00-00", "latency": "25"}, {"date": "2024-03-15-22-00-00", "latency": "25"}, {"date": "2024-03-15-22-00-00", "latency": "25"}, {"date": "2024-03-15-22-00-00", "latency": "25"}, {"date": "2024-03-15-22-00-00", "latency": "25"}, {"date": "2024-03-15-22-00-00", "latency": "25"}, {"date": "2024-03-15-22-00-00", "latency": "25"}, {"date": "2024-03-15-22-00-00", "latency": "25"}, {"date": "2024-03-15-22-00-00", "latency": "25"}]}, {"location": {"country_code": "at"}, "game_id": "762836", "values": [{"date": "2024-03-15-18-00-00", "latency": "40"}, {"date": "2024-03-15-18-00-00", "latency": "40"}, {"date": "2024-03-15-11-00-00", "latency": "154"}, {"date": "2024-03-15-11-00-00", "latency": "154"}]}, {"location": {"country_code": "us", "region": "Texas", "city": "Aledo"}, "game_id": "762836", "values": [{"date": "2024-03-15-04-00-00", "latency": "28"}]}, {"location": {"country_code": "pl"}, "game_id": "762836", "values": [{"date": "2024-03-15-21-00-00", "latency": "26"}, {"date": "2024-03-15-21-00-00", "latency": "26"}, {"date": "2024-03-15-21-00-00", "latency": "26"}, {"date": "2024-03-15-21-00-00", "latency": "26"}, {"date": "2024-03-15-21-00-00", "latency": "26"}, {"date": "2024-03-15-21-00-00", "latency": "26"}, {"date": "2024-03-15-21-00-00", "latency": "26"}, {"date": "2024-03-15-21-00-00", "latency": "26"}]}, {"location": {"country_code": "us", "region": "Puerto Rico", "city": "Mayaguez"}, "game_id": "762836", "values": [{"date": "2024-03-15-05-00-00", "latency": "81"}, {"date": "2024-03-15-05-00-00", "latency": "81"}, {"date": "2024-03-15-05-00-00", "latency": "81"}, {"date": "2024-03-15-05-00-00", "latency": "81"}, {"date": "2024-03-15-05-00-00", "latency": "81"}]}, {"location": {"country_code": "us", "region": "Nevada", "city": "Las Vegas"}, "game_id": "762836", "values": [{"date": "2024-03-16-00-00-00", "latency": "31"}, {"date": "2024-03-16-00-00-00", "latency": "31"}, {"date": "2024-03-16-00-00-00", "latency": "31"}, {"date": "2024-03-16-00-00-00", "latency": "31"}, {"date": "2024-03-15-10-00-00", "latency": "54"}, {"date": "2024-03-15-10-00-00", "latency": "54"}, {"date": "2024-03-15-10-00-00", "latency": "54"}, {"date": "2024-03-15-10-00-00", "latency": "54"}, {"date": "2024-03-15-10-00-00", "latency": "54"}, {"date": "2024-03-15-10-00-00", "latency": "54"}, {"date": "2024-03-15-10-00-00", "latency": "54"}, {"date": "2024-03-15-10-00-00", "latency": "54"}, {"date": "2024-03-15-10-00-00", "latency": "54"}, {"date": "2024-03-15-10-00-00", "latency": "54"}, {"date": "2024-03-15-10-00-00", "latency": "54"}, {"date": "2024-03-15-10-00-00", "latency": "54"}, {"date": "2024-03-15-10-00-00", "latency": "54"}, {"date": "2024-03-15-10-00-00", "latency": "54"}, {"date": "2024-03-15-10-00-00", "latency": "54"}, {"date": "2024-03-15-10-00-00", "latency": "54"}, {"date": "2024-03-15-10-00-00", "latency": "54"}, {"date": "2024-03-15-10-00-00", "latency": "54"}, {"date": "2024-03-15-10-00-00", "latency": "54"}, {"date": "2024-03-15-10-00-00", "latency": "54"}, {"date": "2024-03-15-10-00-00", "latency": "54"}, {"date": "2024-03-15-10-00-00", "latency": "54"}, {"date": "2024-03-15-10-00-00", "latency": "54"}, {"date": "2024-03-15-10-00-00", "latency": "54"}, {"date": "2024-03-15-10-00-00", "latency": "54"}, {"date": "2024-03-15-10-00-00", "latency": "54"}, {"date": "2024-03-15-10-00-00", "latency": "54"}, {"date": "2024-03-15-10-00-00", "latency": "54"}, {"date": "2024-03-15-10-00-00", "latency": "54"}, {"date": "2024-03-15-10-00-00", "latency": "54"}, {"date": "2024-03-15-10-00-00", "latency": "54"}, {"date": "2024-03-15-10-00-00", "latency": "54"}, {"date": "2024-03-15-10-00-00", "latency": "54"}, {"date": "2024-03-15-10-00-00", "latency": "54"}, {"date": "2024-03-15-10-00-00", "latency": "54"}, {"date": "2024-03-15-10-00-00", "latency": "54"}, {"date": "2024-03-15-10-00-00", "latency": "54"}, {"date": "2024-03-15-10-00-00", "latency": "54"}, {"date": "2024-03-15-10-00-00", "latency": "54"}, {"date": "2024-03-15-10-00-00", "latency": "54"}, {"date": "2024-03-15-10-00-00", "latency": "54"}, {"date": "2024-03-15-10-00-00", "latency": "54"}, {"date": "2024-03-15-10-00-00", "latency": "54"}, {"date": "2024-03-15-10-00-00", "latency": "54"}, {"date": "2024-03-15-10-00-00", "latency": "54"}, {"date": "2024-03-15-10-00-00", "latency": "54"}, {"date": "2024-03-15-10-00-00", "latency": "54"}]}, {"location": {"country_code": "gb", "region": "England", "city": "London"}, "game_id": "762836", "values": [{"date": "2024-03-16-00-00-00", "latency": "14"}]}, {"location": {"country_code": "us", "region": "Georgia"}, "game_id": "762836", "values": [{"date": "2024-03-15-23-00-00", "latency": "30"}]}, {"location": {"country_code": "ie"}, "game_id": "762836", "values": [{"date": "2024-03-15-23-00-00", "latency": "32"}, {"date": "2024-03-15-23-00-00", "latency": "32"}, {"date": "2024-03-15-23-00-00", "latency": "32"}]}, {"location": {"country_code": "sg"}, "game_id": "762836", "values": [{"date": "2024-03-15-15-00-00", "latency": "7"}, {"date": "2024-03-15-15-00-00", "latency": "7"}, {"date": "2024-03-15-15-00-00", "latency": "7"}, {"date": "2024-03-15-15-00-00", "latency": "7"}, {"date": "2024-03-15-15-00-00", "latency": "7"}, {"date": "2024-03-15-15-00-00", "latency": "7"}, {"date": "2024-03-15-15-00-00", "latency": "7"}, {"date": "2024-03-15-15-00-00", "latency": "7"}, {"date": "2024-03-15-15-00-00", "latency": "7"}, {"date": "2024-03-15-15-00-00", "latency": "7"}, {"date": "2024-03-15-15-00-00", "latency": "7"}, {"date": "2024-03-15-15-00-00", "latency": "7"}, {"date": "2024-03-15-15-00-00", "latency": "7"}, {"date": "2024-03-15-15-00-00", "latency": "7"}, {"date": "2024-03-15-15-00-00", "latency": "7"}, {"date": "2024-03-15-15-00-00", "latency": "7"}, {"date": "2024-03-15-15-00-00", "latency": "7"}, {"date": "2024-03-15-15-00-00", "latency": "7"}, {"date": "2024-03-15-15-00-00", "latency": "7"}, {"date": "2024-03-15-15-00-00", "latency": "7"}, {"date": "2024-03-15-15-00-00", "latency": "7"}, {"date": "2024-03-15-15-00-00", "latency": "7"}, {"date": "2024-03-15-15-00-00", "latency": "7"}]}, {"location": {"country_code": "us", "region": "Wisconsin"}, "game_id": "762836", "values": [{"date": "2024-03-15-03-00-00", "latency": "46"}, {"date": "2024-03-15-03-00-00", "latency": "46"}]}, {"location": {"country_code": "cl", "region": "Santiago Metropolitan", "city": "Santiago"}, "game_id": "762836", "values": [{"date": "2024-03-15-03-00-00", "latency": "57"}, {"date": "2024-03-15-03-00-00", "latency": "57"}]}, {"location": {"country_code": "au", "region": "Western Australia", "city": "Perth"}, "game_id": "762836", "values": [{"date": "2024-03-15-15-00-00", "latency": "69"}, {"date": "2024-03-15-15-00-00", "latency": "69"}, {"date": "2024-03-15-15-00-00", "latency": "69"}, {"date": "2024-03-15-15-00-00", "latency": "69"}, {"date": "2024-03-15-15-00-00", "latency": "69"}, {"date": "2024-03-15-15-00-00", "latency": "69"}, {"date": "2024-03-15-15-00-00", "latency": "69"}]}, {"location": {"country_code": "us", "region": "Colorado"}, "game_id": "762836", "values": [{"date": "2024-03-15-20-00-00", "latency": "41"}]}, {"location": {"country_code": "br", "region": "State of Rio de Janeiro", "city": "Angra dos Reis"}, "game_id": "762836", "values": [{"date": "2024-03-15-17-00-00", "latency": "20"}]}, {"location": {"country_code": "us", "region": "New Hampshire"}, "game_id": "762836", "values": [{"date": "2024-03-16-01-00-00", "latency": "30"}, {"date": "2024-03-16-01-00-00", "latency": "30"}, {"date": "2024-03-15-23-00-00", "latency": "106"}, {"date": "2024-03-15-23-00-00", "latency": "106"}, {"date": "2024-03-15-23-00-00", "latency": "106"}, {"date": "2024-03-15-23-00-00", "latency": "106"}, {"date": "2024-03-15-23-00-00", "latency": "106"}, {"date": "2024-03-15-23-00-00", "latency": "106"}, {"date": "2024-03-15-23-00-00", "latency": "106"}, {"date": "2024-03-15-23-00-00", "latency": "106"}, {"date": "2024-03-15-23-00-00", "latency": "106"}, {"date": "2024-03-15-23-00-00", "latency": "106"}, {"date": "2024-03-15-23-00-00", "latency": "106"}, {"date": "2024-03-15-23-00-00", "latency": "106"}]}, {"location": {"country_code": "us", "region": "Florida", "city": "Miami"}, "game_id": "762836", "values": [{"date": "2024-03-16-01-00-00", "latency": "54"}, {"date": "2024-03-16-01-00-00", "latency": "54"}, {"date": "2024-03-16-01-00-00", "latency": "54"}, {"date": "2024-03-16-01-00-00", "latency": "54"}, {"date": "2024-03-16-01-00-00", "latency": "54"}, {"date": "2024-03-16-01-00-00", "latency": "54"}, {"date": "2024-03-16-01-00-00", "latency": "54"}, {"date": "2024-03-16-01-00-00", "latency": "54"}, {"date": "2024-03-16-01-00-00", "latency": "54"}]}, {"location": {"country_code": "kw"}, "game_id": "762836", "values": [{"date": "2024-03-15-04-00-00", "latency": "104"}]}, {"location": {"country_code": "ca", "region": "Manitoba"}, "game_id": "762836", "values": [{"date": "2024-03-15-02-00-00", "latency": "41"}, {"date": "2024-03-15-02-00-00", "latency": "41"}, {"date": "2024-03-15-02-00-00", "latency": "41"}, {"date": "2024-03-15-02-00-00", "latency": "41"}]}, {"location": {"country_code": "lv"}, "game_id": "762836", "values": [{"date": "2024-03-15-18-00-00", "latency": "17"}]}, {"location": {"country_code": "ru", "region": "Kurgan Oblast"}, "game_id": "762836", "values": [{"date": "2024-03-15-14-00-00", "latency": "209"}, {"date": "2024-03-15-14-00-00", "latency": "209"}, {"date": "2024-03-15-14-00-00", "latency": "209"}, {"date": "2024-03-15-14-00-00", "latency": "209"}, {"date": "2024-03-15-14-00-00", "latency": "209"}, {"date": "2024-03-15-14-00-00", "latency": "209"}, {"date": "2024-03-15-14-00-00", "latency": "209"}, {"date": "2024-03-15-14-00-00", "latency": "209"}, {"date": "2024-03-15-14-00-00", "latency": "209"}, {"date": "2024-03-15-14-00-00", "latency": "209"}, {"date": "2024-03-15-14-00-00", "latency": "209"}]}, {"location": {"country_code": "br", "region": "Sao Paulo", "city": "Guarulhos"}, "game_id": "762836", "values": [{"date": "2024-03-15-02-00-00", "latency": "9"}]}, {"location": {"country_code": "de", "region": "North Rhine-Westphalia"}, "game_id": "762836", "values": [{"date": "2024-03-16-00-00-00", "latency": "5"}, {"date": "2024-03-16-00-00-00", "latency": "5"}, {"date": "2024-03-16-01-00-00", "latency": "9"}, {"date": "2024-03-16-01-00-00", "latency": "9"}, {"date": "2024-03-16-01-00-00", "latency": "9"}, {"date": "2024-03-16-01-00-00", "latency": "9"}, {"date": "2024-03-16-01-00-00", "latency": "9"}, {"date": "2024-03-16-01-00-00", "latency": "9"}]}, {"location": {"country_code": "us", "region": "Texas", "city": "San Antonio"}, "game_id": "762836", "values": [{"date": "2024-03-15-02-00-00", "latency": "31"}, {"date": "2024-03-15-02-00-00", "latency": "31"}, {"date": "2024-03-15-02-00-00", "latency": "31"}, {"date": "2024-03-15-02-00-00", "latency": "31"}]}, {"location": {"country_code": "gb", "region": "Wales"}, "game_id": "762836", "values": [{"date": "2024-03-15-04-00-00", "latency": "21"}, {"date": "2024-03-15-04-00-00", "latency": "21"}, {"date": "2024-03-15-04-00-00", "latency": "21"}, {"date": "2024-03-15-04-00-00", "latency": "21"}, {"date": "2024-03-15-04-00-00", "latency": "21"}, {"date": "2024-03-15-04-00-00", "latency": "21"}, {"date": "2024-03-15-04-00-00", "latency": "21"}, {"date": "2024-03-15-04-00-00", "latency": "21"}, {"date": "2024-03-15-04-00-00", "latency": "21"}, {"date": "2024-03-15-04-00-00", "latency": "21"}, {"date": "2024-03-15-04-00-00", "latency": "21"}, {"date": "2024-03-15-04-00-00", "latency": "21"}, {"date": "2024-03-15-04-00-00", "latency": "21"}, {"date": "2024-03-15-04-00-00", "latency": "21"}, {"date": "2024-03-15-04-00-00", "latency": "21"}, {"date": "2024-03-15-04-00-00", "latency": "21"}, {"date": "2024-03-15-04-00-00", "latency": "21"}, {"date": "2024-03-15-04-00-00", "latency": "21"}, {"date": "2024-03-15-04-00-00", "latency": "21"}, {"date": "2024-03-15-04-00-00", "latency": "21"}, {"date": "2024-03-15-04-00-00", "latency": "21"}, {"date": "2024-03-15-04-00-00", "latency": "21"}, {"date": "2024-03-15-04-00-00", "latency": "21"}, {"date": "2024-03-15-04-00-00", "latency": "21"}, {"date": "2024-03-15-04-00-00", "latency": "21"}, {"date": "2024-03-15-04-00-00", "latency": "21"}, {"date": "2024-03-15-04-00-00", "latency": "21"}, {"date": "2024-03-15-04-00-00", "latency": "21"}, {"date": "2024-03-15-04-00-00", "latency": "21"}, {"date": "2024-03-15-04-00-00", "latency": "21"}, {"date": "2024-03-15-04-00-00", "latency": "21"}, {"date": "2024-03-15-04-00-00", "latency": "21"}, {"date": "2024-03-15-04-00-00", "latency": "21"}, {"date": "2024-03-15-04-00-00", "latency": "21"}, {"date": "2024-03-15-04-00-00", "latency": "21"}, {"date": "2024-03-15-04-00-00", "latency": "21"}, {"date": "2024-03-15-04-00-00", "latency": "21"}, {"date": "2024-03-15-04-00-00", "latency": "21"}, {"date": "2024-03-15-04-00-00", "latency": "21"}, {"date": "2024-03-15-04-00-00", "latency": "21"}, {"date": "2024-03-15-04-00-00", "latency": "21"}, {"date": "2024-03-15-04-00-00", "latency": "21"}, {"date": "2024-03-15-04-00-00", "latency": "21"}]}, {"location": {"country_code": "gb", "region": "England", "city": "Newcastle upon Tyne"}, "game_id": "762836", "values": [{"date": "2024-03-15-23-00-00", "latency": "29"}, {"date": "2024-03-15-23-00-00", "latency": "29"}, {"date": "2024-03-15-23-00-00", "latency": "29"}, {"date": "2024-03-15-23-00-00", "latency": "29"}, {"date": "2024-03-15-23-00-00", "latency": "29"}, {"date": "2024-03-15-23-00-00", "latency": "29"}, {"date": "2024-03-15-23-00-00", "latency": "29"}, {"date": "2024-03-15-23-00-00", "latency": "29"}]}, {"location": {"country_code": "de", "region": "North Rhine-Westphalia", "city": "Aachen"}, "game_id": "762836", "values": [{"date": "2024-03-15-13-00-00", "latency": "17"}, {"date": "2024-03-15-13-00-00", "latency": "17"}, {"date": "2024-03-15-13-00-00", "latency": "17"}, {"date": "2024-03-15-13-00-00", "latency": "17"}, {"date": "2024-03-15-13-00-00", "latency": "17"}, {"date": "2024-03-15-13-00-00", "latency": "17"}, {"date": "2024-03-15-13-00-00", "latency": "17"}, {"date": "2024-03-15-13-00-00", "latency": "17"}, {"date": "2024-03-15-13-00-00", "latency": "17"}, {"date": "2024-03-15-13-00-00", "latency": "17"}, {"date": "2024-03-15-13-00-00", "latency": "17"}, {"date": "2024-03-15-13-00-00", "latency": "17"}]}, {"location": {"country_code": "ar", "region": "Salta Province"}, "game_id": "762836", "values": [{"date": "2024-03-15-16-00-00", "latency": "40"}, {"date": "2024-03-15-16-00-00", "latency": "40"}, {"date": "2024-03-15-16-00-00", "latency": "40"}, {"date": "2024-03-15-16-00-00", "latency": "40"}, {"date": "2024-03-15-16-00-00", "latency": "40"}, {"date": "2024-03-15-16-00-00", "latency": "40"}]}, {"location": {"country_code": "es", "region": "Andalusia", "city": "Ayamonte"}, "game_id": "762836", "values": [{"date": "2024-03-16-00-00-00", "latency": "58"}, {"date": "2024-03-16-00-00-00", "latency": "58"}]}, {"location": {"country_code": "us", "region": "Ohio", "city": "Warren"}, "game_id": "762836", "values": [{"date": "2024-03-15-04-00-00", "latency": "40"}, {"date": "2024-03-15-04-00-00", "latency": "40"}, {"date": "2024-03-15-04-00-00", "latency": "40"}]}, {"location": {"country_code": "ge"}, "game_id": "762836", "values": [{"date": "2024-03-15-03-00-00", "latency": "90"}, {"date": "2024-03-15-03-00-00", "latency": "90"}, {"date": "2024-03-15-03-00-00", "latency": "90"}, {"date": "2024-03-15-03-00-00", "latency": "90"}, {"date": "2024-03-15-03-00-00", "latency": "90"}]}, {"location": {"country_code": "us", "region": "Pennsylvania", "city": "Chambersburg"}, "game_id": "762836", "values": [{"date": "2024-03-15-18-00-00", "latency": "18"}, {"date": "2024-03-15-18-00-00", "latency": "18"}]}, {"location": {"country_code": "it", "region": "Apulia"}, "game_id": "762836", "values": [{"date": "2024-03-15-02-00-00", "latency": "84"}, {"date": "2024-03-15-02-00-00", "latency": "84"}, {"date": "2024-03-15-02-00-00", "latency": "84"}, {"date": "2024-03-15-02-00-00", "latency": "84"}, {"date": "2024-03-15-02-00-00", "latency": "84"}, {"date": "2024-03-15-02-00-00", "latency": "84"}, {"date": "2024-03-15-02-00-00", "latency": "84"}, {"date": "2024-03-15-02-00-00", "latency": "84"}, {"date": "2024-03-15-02-00-00", "latency": "84"}, {"date": "2024-03-15-02-00-00", "latency": "84"}, {"date": "2024-03-15-02-00-00", "latency": "84"}, {"date": "2024-03-15-02-00-00", "latency": "84"}, {"date": "2024-03-15-02-00-00", "latency": "84"}, {"date": "2024-03-15-02-00-00", "latency": "84"}]}, {"location": {"country_code": "us", "region": "North Dakota", "city": "Fort Totten"}, "game_id": "762836", "values": [{"date": "2024-03-16-01-00-00", "latency": "37"}, {"date": "2024-03-16-01-00-00", "latency": "37"}, {"date": "2024-03-16-01-00-00", "latency": "37"}]}, {"location": {"country_code": "sk", "region": "Bratislava Region", "city": "Bratislava"}, "game_id": "762836", "values": [{"date": "2024-03-15-21-00-00", "latency": "17"}, {"date": "2024-03-15-21-00-00", "latency": "17"}, {"date": "2024-03-15-21-00-00", "latency": "17"}, {"date": "2024-03-15-21-00-00", "latency": "17"}, {"date": "2024-03-15-21-00-00", "latency": "17"}]}], "last_updated": 1719915114.561875}