{"data": [{"location": {"country_code": "us", "region": "New York", "city": "Jamestown"}, "game_id": "319965", "values": [{"date": "2023-10-30-20-00-00", "latency": "0"}, {"date": "2023-10-30-20-00-00", "latency": "0"}, {"date": "2023-10-30-20-00-00", "latency": "0"}, {"date": "2023-10-30-20-00-00", "latency": "0"}, {"date": "2023-10-30-20-00-00", "latency": "0"}, {"date": "2023-10-30-20-00-00", "latency": "0"}, {"date": "2023-10-30-20-00-00", "latency": "0"}, {"date": "2023-10-30-20-00-00", "latency": "0"}, {"date": "2023-10-30-20-00-00", "latency": "0"}, {"date": "2023-10-30-20-00-00", "latency": "0"}, {"date": "2023-10-30-20-00-00", "latency": "0"}, {"date": "2023-10-30-20-00-00", "latency": "0"}, {"date": "2023-10-30-20-00-00", "latency": "0"}, {"date": "2023-10-30-20-00-00", "latency": "0"}, {"date": "2023-10-30-20-00-00", "latency": "0"}, {"date": "2023-10-30-20-00-00", "latency": "0"}, {"date": "2023-10-30-20-00-00", "latency": "0"}, {"date": "2023-10-30-20-00-00", "latency": "0"}, {"date": "2023-10-30-20-00-00", "latency": "0"}, {"date": "2023-10-30-20-00-00", "latency": "0"}, {"date": "2023-10-30-20-00-00", "latency": "0"}, {"date": "2023-10-30-20-00-00", "latency": "0"}, {"date": "2023-10-30-20-00-00", "latency": "0"}, {"date": "2023-10-30-20-00-00", "latency": "0"}]}, {"location": {"country_code": "fr"}, "game_id": "319965", "values": [{"date": "2023-10-30-23-00-00", "latency": "3"}, {"date": "2023-10-30-23-00-00", "latency": "3"}, {"date": "2023-10-30-23-00-00", "latency": "3"}, {"date": "2023-10-30-23-00-00", "latency": "3"}, {"date": "2023-10-30-23-00-00", "latency": "3"}, {"date": "2023-10-30-23-00-00", "latency": "3"}, {"date": "2023-10-30-23-00-00", "latency": "3"}, {"date": "2023-10-30-23-00-00", "latency": "3"}, {"date": "2023-10-30-23-00-00", "latency": "3"}, {"date": "2023-10-30-23-00-00", "latency": "3"}, {"date": "2023-10-30-17-00-00", "latency": "28"}, {"date": "2023-10-30-17-00-00", "latency": "28"}, {"date": "2023-10-30-17-00-00", "latency": "28"}, {"date": "2023-10-30-17-00-00", "latency": "28"}, {"date": "2023-10-30-17-00-00", "latency": "28"}, {"date": "2023-10-30-17-00-00", "latency": "28"}, {"date": "2023-10-30-17-00-00", "latency": "28"}, {"date": "2023-10-30-17-00-00", "latency": "28"}, {"date": "2023-10-30-17-00-00", "latency": "28"}, {"date": "2023-10-30-17-00-00", "latency": "28"}, {"date": "2023-10-30-17-00-00", "latency": "28"}, {"date": "2023-10-30-17-00-00", "latency": "28"}, {"date": "2023-10-30-17-00-00", "latency": "28"}, {"date": "2023-10-30-17-00-00", "latency": "28"}, {"date": "2023-10-30-17-00-00", "latency": "28"}, {"date": "2023-10-30-17-00-00", "latency": "28"}, {"date": "2023-10-30-17-00-00", "latency": "28"}, {"date": "2023-10-30-17-00-00", "latency": "28"}, {"date": "2023-10-30-17-00-00", "latency": "28"}, {"date": "2023-10-30-17-00-00", "latency": "28"}, {"date": "2023-10-30-17-00-00", "latency": "28"}, {"date": "2023-10-30-17-00-00", "latency": "28"}, {"date": "2023-10-30-17-00-00", "latency": "28"}, {"date": "2023-10-30-17-00-00", "latency": "28"}]}, {"location": {"country_code": "mx", "region": "Mexico City"}, "game_id": "319965", "values": [{"date": "2023-10-30-04-00-00", "latency": "79"}, {"date": "2023-10-30-04-00-00", "latency": "79"}, {"date": "2023-10-30-04-00-00", "latency": "79"}]}, {"location": {"country_code": "in"}, "game_id": "319965", "values": [{"date": "2023-10-30-14-00-00", "latency": "121"}, {"date": "2023-10-30-14-00-00", "latency": "121"}, {"date": "2023-10-30-14-00-00", "latency": "121"}, {"date": "2023-10-30-14-00-00", "latency": "121"}, {"date": "2023-10-30-14-00-00", "latency": "121"}, {"date": "2023-10-30-14-00-00", "latency": "121"}, {"date": "2023-10-30-14-00-00", "latency": "121"}, {"date": "2023-10-30-14-00-00", "latency": "121"}, {"date": "2023-10-30-14-00-00", "latency": "121"}, {"date": "2023-10-30-14-00-00", "latency": "121"}, {"date": "2023-10-30-14-00-00", "latency": "121"}, {"date": "2023-10-30-14-00-00", "latency": "121"}, {"date": "2023-10-30-14-00-00", "latency": "121"}, {"date": "2023-10-30-14-00-00", "latency": "121"}, {"date": "2023-10-30-14-00-00", "latency": "121"}, {"date": "2023-10-30-14-00-00", "latency": "121"}, {"date": "2023-10-30-14-00-00", "latency": "121"}, {"date": "2023-10-30-14-00-00", "latency": "121"}, {"date": "2023-10-30-14-00-00", "latency": "121"}, {"date": "2023-10-30-14-00-00", "latency": "121"}, {"date": "2023-10-30-14-00-00", "latency": "121"}, {"date": "2023-10-30-14-00-00", "latency": "121"}, {"date": "2023-10-30-14-00-00", "latency": "121"}, {"date": "2023-10-30-14-00-00", "latency": "121"}, {"date": "2023-10-30-14-00-00", "latency": "121"}, {"date": "2023-10-30-14-00-00", "latency": "121"}, {"date": "2023-10-30-14-00-00", "latency": "121"}, {"date": "2023-10-30-14-00-00", "latency": "121"}, {"date": "2023-10-30-14-00-00", "latency": "121"}, {"date": "2023-10-30-14-00-00", "latency": "121"}, {"date": "2023-10-30-14-00-00", "latency": "121"}]}, {"location": {"country_code": "mx", "region": "Puebla"}, "game_id": "319965", "values": [{"date": "2023-10-30-04-00-00", "latency": "69"}, {"date": "2023-10-30-04-00-00", "latency": "69"}, {"date": "2023-10-30-04-00-00", "latency": "69"}, {"date": "2023-10-30-04-00-00", "latency": "69"}, {"date": "2023-10-30-04-00-00", "latency": "69"}, {"date": "2023-10-30-04-00-00", "latency": "69"}, {"date": "2023-10-30-04-00-00", "latency": "69"}]}, {"location": {"country_code": "es", "region": "Valencia", "city": "Gandia"}, "game_id": "319965", "values": [{"date": "2023-10-30-08-00-00", "latency": "50"}, {"date": "2023-10-30-08-00-00", "latency": "50"}, {"date": "2023-10-30-08-00-00", "latency": "50"}, {"date": "2023-10-30-08-00-00", "latency": "50"}, {"date": "2023-10-30-08-00-00", "latency": "50"}, {"date": "2023-10-30-08-00-00", "latency": "50"}, {"date": "2023-10-30-08-00-00", "latency": "50"}, {"date": "2023-10-30-08-00-00", "latency": "50"}, {"date": "2023-10-30-08-00-00", "latency": "50"}, {"date": "2023-10-30-08-00-00", "latency": "50"}, {"date": "2023-10-30-08-00-00", "latency": "50"}, {"date": "2023-10-30-08-00-00", "latency": "50"}, {"date": "2023-10-30-08-00-00", "latency": "50"}, {"date": "2023-10-30-08-00-00", "latency": "50"}, {"date": "2023-10-30-08-00-00", "latency": "50"}, {"date": "2023-10-30-08-00-00", "latency": "50"}, {"date": "2023-10-30-08-00-00", "latency": "50"}, {"date": "2023-10-30-08-00-00", "latency": "50"}, {"date": "2023-10-30-08-00-00", "latency": "50"}, {"date": "2023-10-30-08-00-00", "latency": "50"}, {"date": "2023-10-30-08-00-00", "latency": "50"}, {"date": "2023-10-30-08-00-00", "latency": "50"}, {"date": "2023-10-30-08-00-00", "latency": "50"}, {"date": "2023-10-30-08-00-00", "latency": "50"}]}], "last_updated": 1719915102.791249}