{"data": [{"location": {"country_code": "us"}, "game_id": "128974", "values": [{"date": "2024-03-26-23-00-00", "latency": 62}, {"date": "2024-03-27-00-00-00", "latency": 68}, {"date": "2024-03-27-00-00-00", "latency": 68}, {"date": "2024-03-27-00-00-00", "latency": 68}, {"date": "2024-03-27-00-00-00", "latency": 68}, {"date": "2024-03-26-18-00-00", "latency": 269}, {"date": "2024-03-26-19-00-00", "latency": 82}, {"date": "2024-03-26-18-00-00", "latency": 84}, {"date": "2024-03-26-18-00-00", "latency": 84}, {"date": "2024-03-26-18-00-00", "latency": 84}, {"date": "2024-03-26-18-00-00", "latency": 84}, {"date": "2024-03-26-18-00-00", "latency": 84}, {"date": "2024-03-26-18-00-00", "latency": 84}, {"date": "2024-03-26-18-00-00", "latency": 84}]}, {"location": {"country_code": "de", "region": "Berlin", "city": "Berlin"}, "game_id": "128974", "values": [{"date": "2024-03-26-14-00-00", "latency": 50}, {"date": "2024-03-26-14-00-00", "latency": 50}]}, {"location": {"country_code": "gb"}, "game_id": "128974", "values": [{"date": "2024-03-26-21-00-00", "latency": 62}, {"date": "2024-03-27-00-00-00", "latency": 67}]}, {"location": {"country_code": "cz"}, "game_id": "128974", "values": [{"date": "2024-03-26-21-00-00", "latency": 96}]}, {"location": {"country_code": "jp"}, "game_id": "128974", "values": [{"date": "2024-03-26-14-00-00", "latency": 162}, {"date": "2024-03-26-14-00-00", "latency": 162}, {"date": "2024-03-26-14-00-00", "latency": 162}]}, {"location": {"country_code": "ca"}, "game_id": "128974", "values": [{"date": "2024-03-26-22-00-00", "latency": 82}, {"date": "2024-03-26-22-00-00", "latency": 82}, {"date": "2024-03-26-16-00-00", "latency": 89}, {"date": "2024-03-26-16-00-00", "latency": 89}, {"date": "2024-03-26-16-00-00", "latency": 89}, {"date": "2024-03-26-16-00-00", "latency": 89}]}, {"location": {"country_code": "ch"}, "game_id": "128974", "values": [{"date": "2024-03-26-17-00-00", "latency": 292}]}, {"location": {"country_code": "gb", "region": "England"}, "game_id": "128974", "values": [{"date": "2024-03-26-17-00-00", "latency": 93}]}, {"location": {"country_code": "ca", "region": "Ontario", "city": "Toronto"}, "game_id": "128974", "values": [{"date": "2024-03-27-00-00-00", "latency": 101}, {"date": "2024-03-27-00-00-00", "latency": 101}, {"date": "2024-03-27-00-00-00", "latency": 101}, {"date": "2024-03-27-00-00-00", "latency": 101}]}, {"location": {"country_code": "fr"}, "game_id": "128974", "values": [{"date": "2024-03-26-22-00-00", "latency": 69}]}, {"location": {"country_code": "mx"}, "game_id": "128974", "values": [{"date": "2024-03-26-07-00-00", "latency": 95}]}, {"location": {"country_code": "us", "region": "South Carolina"}, "game_id": "128974", "values": [{"date": "2024-03-26-22-00-00", "latency": 124}]}, {"location": {"country_code": "in"}, "game_id": "128974", "values": [{"date": "2024-03-26-08-00-00", "latency": 130}, {"date": "2024-03-26-08-00-00", "latency": 130}]}, {"location": {"country_code": "us", "region": "California"}, "game_id": "128974", "values": [{"date": "2024-03-26-14-00-00", "latency": 83}]}, {"location": {"country_code": "se"}, "game_id": "128974", "values": [{"date": "2024-03-26-22-00-00", "latency": 138}, {"date": "2024-03-26-22-00-00", "latency": 138}, {"date": "2024-03-26-22-00-00", "latency": 138}, {"date": "2024-03-26-22-00-00", "latency": 138}]}, {"location": {"country_code": "us", "region": "Hawaii"}, "game_id": "128974", "values": [{"date": "2024-03-26-19-00-00", "latency": 159}]}, {"location": {"country_code": "us", "region": "California", "city": "East Los Angeles"}, "game_id": "128974", "values": [{"date": "2024-03-26-21-00-00", "latency": 74}]}, {"location": {"country_code": "au", "region": "Victoria", "city": "Melbourne"}, "game_id": "128974", "values": [{"date": "2024-03-26-17-00-00", "latency": 140}]}, {"location": {"country_code": "us", "region": "Texas", "city": "Austin"}, "game_id": "128974", "values": [{"date": "2024-03-26-16-00-00", "latency": 87}]}, {"location": {"country_code": "es", "region": "Madrid", "city": "Parla"}, "game_id": "128974", "values": [{"date": "2024-03-26-22-00-00", "latency": 57}, {"date": "2024-03-26-22-00-00", "latency": 57}, {"date": "2024-03-26-22-00-00", "latency": 57}]}, {"location": {"country_code": "us", "region": "Pennsylvania", "city": "Philadelphia"}, "game_id": "128974", "values": [{"date": "2024-03-26-17-00-00", "latency": 92}]}, {"location": {"country_code": "ru", "region": "Moscow", "city": "Zelenograd"}, "game_id": "128974", "values": [{"date": "2024-03-26-18-00-00", "latency": 47}]}, {"location": {"country_code": "us", "region": "Illinois", "city": "Chicago"}, "game_id": "128974", "values": [{"date": "2024-03-26-16-00-00", "latency": 120}, {"date": "2024-03-26-16-00-00", "latency": 120}, {"date": "2024-03-26-13-00-00", "latency": 64}, {"date": "2024-03-26-13-00-00", "latency": 64}]}, {"location": {"country_code": "at"}, "game_id": "128974", "values": [{"date": "2024-03-26-22-00-00", "latency": 62}, {"date": "2024-03-26-20-00-00", "latency": 100}, {"date": "2024-03-26-20-00-00", "latency": 100}]}, {"location": {"country_code": "us", "region": "California", "city": "Chula Vista"}, "game_id": "128974", "values": [{"date": "2024-03-27-01-00-00", "latency": 77}, {"date": "2024-03-27-01-00-00", "latency": 77}, {"date": "2024-03-27-01-00-00", "latency": 77}]}, {"location": {"country_code": "sg"}, "game_id": "128974", "values": [{"date": "2024-03-26-16-00-00", "latency": 42}, {"date": "2024-03-26-16-00-00", "latency": 74}, {"date": "2024-03-26-17-00-00", "latency": 95}, {"date": "2024-03-26-17-00-00", "latency": 88}, {"date": "2024-03-26-17-00-00", "latency": 88}, {"date": "2024-03-26-17-00-00", "latency": 88}, {"date": "2024-03-26-18-00-00", "latency": 120}, {"date": "2024-03-26-18-00-00", "latency": 120}, {"date": "2024-03-26-18-00-00", "latency": 120}, {"date": "2024-03-26-16-00-00", "latency": 94}, {"date": "2024-03-26-14-00-00", "latency": 387}]}, {"location": {"country_code": "us", "region": "District of Columbia", "city": "Washington"}, "game_id": "128974", "values": [{"date": "2024-03-26-18-00-00", "latency": 83}, {"date": "2024-03-26-18-00-00", "latency": 83}]}, {"location": {"country_code": "us", "region": "Washington", "city": "Pullman"}, "game_id": "128974", "values": [{"date": "2024-03-26-22-00-00", "latency": 46}]}, {"location": {"country_code": "do"}, "game_id": "128974", "values": [{"date": "2024-03-26-08-00-00", "latency": 107}]}, {"location": {"country_code": "my"}, "game_id": "128974", "values": [{"date": "2024-03-26-17-00-00", "latency": 76}]}, {"location": {"country_code": "id"}, "game_id": "128974", "values": [{"date": "2024-03-26-18-00-00", "latency": 49}, {"date": "2024-03-26-18-00-00", "latency": 49}]}, {"location": {"country_code": "pt"}, "game_id": "128974", "values": [{"date": "2024-03-26-11-00-00", "latency": 79}]}, {"location": {"country_code": "us", "region": "Louisiana"}, "game_id": "128974", "values": [{"date": "2024-03-26-04-00-00", "latency": 984}]}, {"location": {"country_code": "br", "region": "State of Rio de Janeiro", "city": "Angra dos Reis"}, "game_id": "128974", "values": [{"date": "2024-03-26-22-00-00", "latency": 199}]}, {"location": {"country_code": "cn", "region": "Hong Kong"}, "game_id": "128974", "values": [{"date": "2024-03-26-23-00-00", "latency": 69}, {"date": "2024-03-26-23-00-00", "latency": 69}]}, {"location": {"country_code": "fr", "region": "Alvernia-Rodano-Alpi", "city": "Mars"}, "game_id": "128974", "values": [{"date": "2024-03-26-19-00-00", "latency": 62}]}, {"location": {"country_code": "fr", "region": "Ile-de-France Region", "city": "Paris"}, "game_id": "128974", "values": [{"date": "2024-03-26-20-00-00", "latency": 60}]}, {"location": {"country_code": "us", "region": "Massachusetts", "city": "Boston"}, "game_id": "128974", "values": [{"date": "2024-03-26-23-00-00", "latency": 66}]}, {"location": {"country_code": "us", "region": "North Carolina", "city": "Raleigh"}, "game_id": "128974", "values": [{"date": "2024-03-26-17-00-00", "latency": 143}, {"date": "2024-03-26-17-00-00", "latency": 143}, {"date": "2024-03-26-17-00-00", "latency": 143}]}, {"location": {"country_code": "us", "region": "Georgia", "city": "Atlanta"}, "game_id": "128974", "values": [{"date": "2024-03-26-19-00-00", "latency": 63}]}, {"location": {"country_code": "gb", "region": "England", "city": "Salford"}, "game_id": "128974", "values": [{"date": "2024-03-26-14-00-00", "latency": 72}]}, {"location": {"country_code": "bg"}, "game_id": "128974", "values": [{"date": "2024-03-26-15-00-00", "latency": 71}, {"date": "2024-03-26-15-00-00", "latency": 71}, {"date": "2024-03-26-15-00-00", "latency": 71}]}, {"location": {"country_code": "jp", "region": "Okinawa"}, "game_id": "128974", "values": [{"date": "2024-03-26-17-00-00", "latency": 99}, {"date": "2024-03-26-17-00-00", "latency": 99}, {"date": "2024-03-26-17-00-00", "latency": 99}, {"date": "2024-03-26-17-00-00", "latency": 99}, {"date": "2024-03-26-17-00-00", "latency": 99}, {"date": "2024-03-26-17-00-00", "latency": 99}, {"date": "2024-03-26-17-00-00", "latency": 99}, {"date": "2024-03-26-17-00-00", "latency": 99}, {"date": "2024-03-26-17-00-00", "latency": 99}, {"date": "2024-03-26-17-00-00", "latency": 99}]}, {"location": {"country_code": "ro", "region": "Bucharest"}, "game_id": "128974", "values": [{"date": "2024-03-26-16-00-00", "latency": 106}]}, {"location": {"country_code": "us", "region": "Texas", "city": "San Antonio"}, "game_id": "128974", "values": [{"date": "2024-03-26-14-00-00", "latency": 690}]}, {"location": {"country_code": "es", "region": "Valencia", "city": "Gandia"}, "game_id": "128974", "values": [{"date": "2024-03-27-00-00-00", "latency": 87}]}, {"location": {"country_code": "za", "region": "Gauteng", "city": "Roodepoort"}, "game_id": "128974", "values": [{"date": "2024-03-26-22-00-00", "latency": 202}]}, {"location": {"country_code": "es", "region": "Balearic Islands", "city": "Sant Antoni de Portmany"}, "game_id": "128974", "values": [{"date": "2024-03-26-22-00-00", "latency": 120}, {"date": "2024-03-26-22-00-00", "latency": 120}]}, {"location": {"country_code": "fr", "region": "Centre-Val de Loire", "city": "Tours"}, "game_id": "128974", "values": [{"date": "2024-03-26-20-00-00", "latency": 57}]}, {"location": {"country_code": "fr", "region": "Nord-Passo di Calais-Piccardia", "city": "Roubaix"}, "game_id": "128974", "values": [{"date": "2024-03-27-00-00-00", "latency": 63}]}, {"location": {"country_code": "bh"}, "game_id": "128974", "values": [{"date": "2024-03-26-21-00-00", "latency": 121}]}, {"location": {"country_code": "br", "region": "Sao Paulo", "city": "Assis"}, "game_id": "128974", "values": [{"date": "2024-03-26-19-00-00", "latency": 246}, {"date": "2024-03-26-19-00-00", "latency": 246}, {"date": "2024-03-26-19-00-00", "latency": 246}]}, {"location": {"country_code": "fi", "region": "Uusimaa", "city": "Helsinki"}, "game_id": "128974", "values": [{"date": "2024-03-26-17-00-00", "latency": 83}]}, {"location": {"country_code": "fr", "region": "Occitanie", "city": "Nimes"}, "game_id": "128974", "values": [{"date": "2024-03-26-19-00-00", "latency": 76}]}, {"location": {"country_code": "il"}, "game_id": "128974", "values": [{"date": "2024-03-27-00-00-00", "latency": 95}, {"date": "2024-03-27-00-00-00", "latency": 95}, {"date": "2024-03-27-00-00-00", "latency": 95}]}, {"location": {"country_code": "ca", "region": "New Brunswick", "city": "Moncton"}, "game_id": "128974", "values": [{"date": "2024-03-26-21-00-00", "latency": 73}]}, {"location": {"country_code": "us", "region": "Texas", "city": "Odessa"}, "game_id": "128974", "values": [{"date": "2024-03-26-03-00-00", "latency": 36}]}, {"location": {"country_code": "jp", "region": "Osaka", "city": "Sakai"}, "game_id": "128974", "values": [{"date": "2024-03-26-19-00-00", "latency": 65}]}, {"location": {"country_code": "jp", "region": "Chiba", "city": "Chiba"}, "game_id": "128974", "values": [{"date": "2024-03-26-20-00-00", "latency": 124}]}, {"location": {"country_code": "gb", "region": "England", "city": "Whitstable"}, "game_id": "128974", "values": [{"date": "2024-03-26-17-00-00", "latency": 88}]}], "last_updated": 1719927450.067021}