{"data": [{"location": {"country_code": "si"}, "game_id": "314852", "values": [{"date": "2024-01-31-21-00-00", "latency": "39"}, {"date": "2024-01-31-21-00-00", "latency": "39"}, {"date": "2024-01-31-21-00-00", "latency": "39"}, {"date": "2024-01-31-21-00-00", "latency": "39"}, {"date": "2024-01-31-21-00-00", "latency": "39"}, {"date": "2024-01-31-21-00-00", "latency": "39"}, {"date": "2024-01-31-21-00-00", "latency": "39"}]}, {"location": {"country_code": "us"}, "game_id": "314852", "values": [{"date": "2024-01-31-02-00-00", "latency": "32"}, {"date": "2024-01-31-02-00-00", "latency": "32"}, {"date": "2024-01-31-02-00-00", "latency": "32"}, {"date": "2024-01-31-02-00-00", "latency": "32"}, {"date": "2024-01-31-02-00-00", "latency": "32"}, {"date": "2024-01-31-02-00-00", "latency": "32"}, {"date": "2024-01-31-02-00-00", "latency": "32"}, {"date": "2024-01-31-02-00-00", "latency": "32"}, {"date": "2024-01-31-08-00-00", "latency": "35"}, {"date": "2024-01-31-08-00-00", "latency": "35"}, {"date": "2024-01-31-08-00-00", "latency": "35"}, {"date": "2024-01-31-02-00-00", "latency": "84"}, {"date": "2024-01-31-02-00-00", "latency": "84"}, {"date": "2024-01-31-02-00-00", "latency": "84"}, {"date": "2024-01-31-02-00-00", "latency": "84"}, {"date": "2024-01-31-02-00-00", "latency": "84"}, {"date": "2024-01-31-02-00-00", "latency": "84"}, {"date": "2024-01-31-02-00-00", "latency": "84"}, {"date": "2024-01-31-02-00-00", "latency": "84"}, {"date": "2024-01-31-02-00-00", "latency": "84"}, {"date": "2024-01-31-10-00-00", "latency": "104"}, {"date": "2024-01-31-10-00-00", "latency": "104"}, {"date": "2024-01-31-10-00-00", "latency": "104"}, {"date": "2024-01-31-10-00-00", "latency": "104"}, {"date": "2024-01-31-10-00-00", "latency": "104"}, {"date": "2024-01-31-10-00-00", "latency": "104"}, {"date": "2024-01-31-10-00-00", "latency": "104"}, {"date": "2024-01-31-10-00-00", "latency": "104"}, {"date": "2024-01-31-10-00-00", "latency": "104"}, {"date": "2024-01-31-02-00-00", "latency": "38"}, {"date": "2024-01-31-02-00-00", "latency": "38"}, {"date": "2024-01-31-02-00-00", "latency": "38"}, {"date": "2024-01-31-02-00-00", "latency": "38"}, {"date": "2024-01-31-02-00-00", "latency": "38"}, {"date": "2024-01-31-02-00-00", "latency": "38"}, {"date": "2024-01-31-02-00-00", "latency": "38"}, {"date": "2024-01-31-20-00-00", "latency": "70"}, {"date": "2024-01-31-20-00-00", "latency": "70"}, {"date": "2024-01-31-20-00-00", "latency": "70"}, {"date": "2024-01-31-20-00-00", "latency": "70"}, {"date": "2024-01-31-20-00-00", "latency": "70"}, {"date": "2024-01-31-20-00-00", "latency": "70"}, {"date": "2024-02-01-01-00-00", "latency": "35"}, {"date": "2024-01-31-04-00-00", "latency": "44"}, {"date": "2024-01-31-04-00-00", "latency": "44"}, {"date": "2024-01-31-04-00-00", "latency": "44"}, {"date": "2024-01-31-04-00-00", "latency": "44"}, {"date": "2024-01-31-04-00-00", "latency": "44"}, {"date": "2024-01-31-04-00-00", "latency": "44"}, {"date": "2024-01-31-04-00-00", "latency": "44"}, {"date": "2024-01-31-04-00-00", "latency": "44"}, {"date": "2024-01-31-18-00-00", "latency": "93"}, {"date": "2024-01-31-18-00-00", "latency": "93"}, {"date": "2024-01-31-18-00-00", "latency": "93"}, {"date": "2024-01-31-18-00-00", "latency": "93"}, {"date": "2024-01-31-18-00-00", "latency": "93"}, {"date": "2024-01-31-18-00-00", "latency": "93"}, {"date": "2024-01-31-18-00-00", "latency": "93"}, {"date": "2024-01-31-18-00-00", "latency": "93"}, {"date": "2024-01-31-06-00-00", "latency": "71"}]}, {"location": {"country_code": "us", "region": "New York", "city": "Jamestown"}, "game_id": "314852", "values": [{"date": "2024-01-31-22-00-00", "latency": "24"}, {"date": "2024-01-31-22-00-00", "latency": "24"}, {"date": "2024-01-31-22-00-00", "latency": "24"}, {"date": "2024-01-31-22-00-00", "latency": "24"}, {"date": "2024-01-31-22-00-00", "latency": "24"}, {"date": "2024-01-31-22-00-00", "latency": "24"}, {"date": "2024-01-31-22-00-00", "latency": "24"}, {"date": "2024-01-31-22-00-00", "latency": "24"}, {"date": "2024-01-31-22-00-00", "latency": "24"}, {"date": "2024-01-31-22-00-00", "latency": "24"}, {"date": "2024-01-31-22-00-00", "latency": "24"}, {"date": "2024-01-31-22-00-00", "latency": "24"}, {"date": "2024-01-31-22-00-00", "latency": "24"}, {"date": "2024-01-31-22-00-00", "latency": "24"}, {"date": "2024-01-31-22-00-00", "latency": "24"}, {"date": "2024-01-31-22-00-00", "latency": "24"}, {"date": "2024-01-31-22-00-00", "latency": "24"}, {"date": "2024-01-31-22-00-00", "latency": "24"}, {"date": "2024-01-31-22-00-00", "latency": "24"}, {"date": "2024-01-31-22-00-00", "latency": "24"}, {"date": "2024-01-31-22-00-00", "latency": "24"}, {"date": "2024-01-31-22-00-00", "latency": "24"}, {"date": "2024-01-31-22-00-00", "latency": "24"}, {"date": "2024-01-31-22-00-00", "latency": "24"}, {"date": "2024-01-31-22-00-00", "latency": "24"}, {"date": "2024-01-31-22-00-00", "latency": "24"}, {"date": "2024-01-31-22-00-00", "latency": "24"}, {"date": "2024-01-31-22-00-00", "latency": "24"}, {"date": "2024-01-31-22-00-00", "latency": "24"}, {"date": "2024-01-31-22-00-00", "latency": "24"}, {"date": "2024-01-31-22-00-00", "latency": "24"}, {"date": "2024-01-31-22-00-00", "latency": "24"}, {"date": "2024-01-31-22-00-00", "latency": "24"}, {"date": "2024-01-31-22-00-00", "latency": "24"}, {"date": "2024-01-31-03-00-00", "latency": "42"}, {"date": "2024-01-31-03-00-00", "latency": "42"}, {"date": "2024-01-31-03-00-00", "latency": "42"}, {"date": "2024-01-31-03-00-00", "latency": "42"}, {"date": "2024-01-31-03-00-00", "latency": "42"}]}, {"location": {"country_code": "gb"}, "game_id": "314852", "values": [{"date": "2024-01-31-15-00-00", "latency": "39"}, {"date": "2024-02-01-00-00-00", "latency": "53"}, {"date": "2024-02-01-00-00-00", "latency": "53"}, {"date": "2024-02-01-00-00-00", "latency": "53"}, {"date": "2024-02-01-00-00-00", "latency": "53"}, {"date": "2024-02-01-00-00-00", "latency": "53"}]}, {"location": {"country_code": "pa"}, "game_id": "314852", "values": [{"date": "2024-01-31-05-00-00", "latency": "25"}, {"date": "2024-01-31-05-00-00", "latency": "25"}]}, {"location": {"country_code": "cz"}, "game_id": "314852", "values": [{"date": "2024-01-31-16-00-00", "latency": "33"}, {"date": "2024-01-31-16-00-00", "latency": "33"}, {"date": "2024-01-31-16-00-00", "latency": "33"}, {"date": "2024-01-31-16-00-00", "latency": "33"}, {"date": "2024-01-31-16-00-00", "latency": "33"}, {"date": "2024-01-31-16-00-00", "latency": "33"}, {"date": "2024-01-31-16-00-00", "latency": "33"}, {"date": "2024-01-31-16-00-00", "latency": "33"}, {"date": "2024-01-31-16-00-00", "latency": "33"}, {"date": "2024-01-31-16-00-00", "latency": "33"}, {"date": "2024-01-31-16-00-00", "latency": "33"}, {"date": "2024-01-31-16-00-00", "latency": "33"}, {"date": "2024-01-31-16-00-00", "latency": "33"}, {"date": "2024-01-31-16-00-00", "latency": "33"}]}, {"location": {"country_code": "it"}, "game_id": "314852", "values": [{"date": "2024-01-31-22-00-00", "latency": "45"}, {"date": "2024-01-31-22-00-00", "latency": "45"}, {"date": "2024-01-31-10-00-00", "latency": "669"}, {"date": "2024-01-31-10-00-00", "latency": "40"}, {"date": "2024-01-31-10-00-00", "latency": "40"}, {"date": "2024-02-01-00-00-00", "latency": "101"}, {"date": "2024-02-01-00-00-00", "latency": "101"}, {"date": "2024-02-01-00-00-00", "latency": "101"}, {"date": "2024-02-01-00-00-00", "latency": "101"}, {"date": "2024-01-31-16-00-00", "latency": "38"}]}, {"location": {"country_code": "ro"}, "game_id": "314852", "values": [{"date": "2024-01-31-09-00-00", "latency": "24"}, {"date": "2024-01-31-09-00-00", "latency": "24"}, {"date": "2024-01-31-09-00-00", "latency": "24"}, {"date": "2024-01-31-09-00-00", "latency": "24"}, {"date": "2024-01-31-09-00-00", "latency": "24"}, {"date": "2024-01-31-09-00-00", "latency": "24"}, {"date": "2024-01-31-09-00-00", "latency": "24"}, {"date": "2024-01-31-09-00-00", "latency": "24"}, {"date": "2024-01-31-09-00-00", "latency": "24"}, {"date": "2024-01-31-09-00-00", "latency": "24"}, {"date": "2024-01-31-09-00-00", "latency": "24"}, {"date": "2024-01-31-09-00-00", "latency": "24"}, {"date": "2024-01-31-09-00-00", "latency": "24"}, {"date": "2024-01-31-09-00-00", "latency": "24"}, {"date": "2024-01-31-09-00-00", "latency": "24"}, {"date": "2024-01-31-09-00-00", "latency": "24"}, {"date": "2024-01-31-09-00-00", "latency": "24"}, {"date": "2024-01-31-09-00-00", "latency": "24"}, {"date": "2024-01-31-09-00-00", "latency": "24"}, {"date": "2024-01-31-09-00-00", "latency": "24"}, {"date": "2024-01-31-09-00-00", "latency": "24"}, {"date": "2024-01-31-09-00-00", "latency": "24"}]}, {"location": {"country_code": "za"}, "game_id": "314852", "values": [{"date": "2024-01-31-15-00-00", "latency": "176"}, {"date": "2024-01-31-15-00-00", "latency": "176"}, {"date": "2024-01-31-15-00-00", "latency": "176"}, {"date": "2024-01-31-15-00-00", "latency": "176"}, {"date": "2024-01-31-15-00-00", "latency": "176"}, {"date": "2024-01-31-15-00-00", "latency": "176"}, {"date": "2024-01-31-15-00-00", "latency": "176"}, {"date": "2024-01-31-15-00-00", "latency": "176"}, {"date": "2024-01-31-15-00-00", "latency": "176"}, {"date": "2024-01-31-15-00-00", "latency": "176"}, {"date": "2024-01-31-15-00-00", "latency": "176"}, {"date": "2024-01-31-15-00-00", "latency": "176"}, {"date": "2024-01-31-15-00-00", "latency": "176"}, {"date": "2024-01-31-15-00-00", "latency": "176"}, {"date": "2024-01-31-15-00-00", "latency": "176"}, {"date": "2024-01-31-15-00-00", "latency": "176"}, {"date": "2024-01-31-15-00-00", "latency": "176"}, {"date": "2024-01-31-12-00-00", "latency": "270300"}, {"date": "2024-01-31-12-00-00", "latency": "270300"}, {"date": "2024-01-31-12-00-00", "latency": "270300"}, {"date": "2024-01-31-12-00-00", "latency": "270300"}, {"date": "2024-01-31-12-00-00", "latency": "270300"}, {"date": "2024-01-31-12-00-00", "latency": "270300"}, {"date": "2024-01-31-12-00-00", "latency": "270300"}, {"date": "2024-01-31-12-00-00", "latency": "270300"}, {"date": "2024-01-31-12-00-00", "latency": "270300"}, {"date": "2024-01-31-12-00-00", "latency": "270300"}, {"date": "2024-01-31-12-00-00", "latency": "270300"}, {"date": "2024-01-31-12-00-00", "latency": "270300"}, {"date": "2024-01-31-12-00-00", "latency": "270300"}, {"date": "2024-01-31-12-00-00", "latency": "270300"}, {"date": "2024-01-31-12-00-00", "latency": "270300"}, {"date": "2024-01-31-12-00-00", "latency": "270300"}, {"date": "2024-01-31-12-00-00", "latency": "270300"}, {"date": "2024-01-31-12-00-00", "latency": "270300"}, {"date": "2024-01-31-12-00-00", "latency": "270300"}, {"date": "2024-01-31-12-00-00", "latency": "270300"}, {"date": "2024-01-31-12-00-00", "latency": "270300"}, {"date": "2024-01-31-12-00-00", "latency": "270300"}, {"date": "2024-01-31-12-00-00", "latency": "270300"}, {"date": "2024-01-31-12-00-00", "latency": "270300"}, {"date": "2024-01-31-12-00-00", "latency": "270300"}, {"date": "2024-01-31-12-00-00", "latency": "270300"}, {"date": "2024-01-31-12-00-00", "latency": "270300"}, {"date": "2024-01-31-12-00-00", "latency": "270300"}, {"date": "2024-01-31-12-00-00", "latency": "270300"}, {"date": "2024-01-31-12-00-00", "latency": "270300"}, {"date": "2024-01-31-12-00-00", "latency": "270300"}, {"date": "2024-01-31-12-00-00", "latency": "270300"}, {"date": "2024-01-31-12-00-00", "latency": "270300"}, {"date": "2024-01-31-12-00-00", "latency": "270300"}, {"date": "2024-01-31-12-00-00", "latency": "270300"}, {"date": "2024-01-31-12-00-00", "latency": "270300"}, {"date": "2024-01-31-12-00-00", "latency": "270300"}, {"date": "2024-01-31-12-00-00", "latency": "270300"}, {"date": "2024-01-31-12-00-00", "latency": "270300"}, {"date": "2024-01-31-12-00-00", "latency": "270300"}, {"date": "2024-01-31-12-00-00", "latency": "270300"}, {"date": "2024-01-31-12-00-00", "latency": "270300"}, {"date": "2024-01-31-12-00-00", "latency": "270300"}, {"date": "2024-01-31-12-00-00", "latency": "270300"}, {"date": "2024-01-31-12-00-00", "latency": "270300"}, {"date": "2024-01-31-12-00-00", "latency": "270300"}, {"date": "2024-01-31-12-00-00", "latency": "270300"}, {"date": "2024-01-31-12-00-00", "latency": "270300"}, {"date": "2024-01-31-12-00-00", "latency": "270300"}, {"date": "2024-01-31-12-00-00", "latency": "270300"}, {"date": "2024-01-31-12-00-00", "latency": "270300"}, {"date": "2024-01-31-12-00-00", "latency": "270300"}, {"date": "2024-01-31-12-00-00", "latency": "270300"}, {"date": "2024-01-31-12-00-00", "latency": "270300"}, {"date": "2024-01-31-12-00-00", "latency": "270300"}]}, {"location": {"country_code": "jp"}, "game_id": "314852", "values": [{"date": "2024-01-31-11-00-00", "latency": "20"}, {"date": "2024-01-31-11-00-00", "latency": "20"}, {"date": "2024-01-31-11-00-00", "latency": "20"}, {"date": "2024-01-31-02-00-00", "latency": "17"}, {"date": "2024-01-31-02-00-00", "latency": "17"}, {"date": "2024-01-31-02-00-00", "latency": "17"}, {"date": "2024-01-31-02-00-00", "latency": "17"}, {"date": "2024-01-31-02-00-00", "latency": "17"}, {"date": "2024-01-31-02-00-00", "latency": "17"}, {"date": "2024-01-31-02-00-00", "latency": "17"}, {"date": "2024-01-31-02-00-00", "latency": "17"}, {"date": "2024-01-31-02-00-00", "latency": "17"}, {"date": "2024-01-31-02-00-00", "latency": "17"}, {"date": "2024-01-31-02-00-00", "latency": "17"}, {"date": "2024-01-31-02-00-00", "latency": "17"}, {"date": "2024-01-31-02-00-00", "latency": "17"}, {"date": "2024-01-31-02-00-00", "latency": "17"}, {"date": "2024-01-31-02-00-00", "latency": "17"}, {"date": "2024-01-31-02-00-00", "latency": "17"}, {"date": "2024-01-31-02-00-00", "latency": "17"}, {"date": "2024-01-31-02-00-00", "latency": "17"}, {"date": "2024-01-31-02-00-00", "latency": "17"}, {"date": "2024-01-31-02-00-00", "latency": "17"}, {"date": "2024-01-31-02-00-00", "latency": "17"}, {"date": "2024-01-31-02-00-00", "latency": "17"}, {"date": "2024-01-31-02-00-00", "latency": "17"}, {"date": "2024-01-31-02-00-00", "latency": "17"}, {"date": "2024-01-31-02-00-00", "latency": "17"}, {"date": "2024-01-31-02-00-00", "latency": "17"}, {"date": "2024-01-31-02-00-00", "latency": "17"}, {"date": "2024-01-31-02-00-00", "latency": "17"}, {"date": "2024-01-31-02-00-00", "latency": "17"}, {"date": "2024-01-31-02-00-00", "latency": "17"}, {"date": "2024-01-31-02-00-00", "latency": "17"}, {"date": "2024-01-31-05-00-00", "latency": "12"}, {"date": "2024-01-31-05-00-00", "latency": "12"}, {"date": "2024-01-31-05-00-00", "latency": "12"}, {"date": "2024-01-31-05-00-00", "latency": "12"}, {"date": "2024-01-31-05-00-00", "latency": "12"}, {"date": "2024-01-31-05-00-00", "latency": "12"}, {"date": "2024-01-31-15-00-00", "latency": "160"}, {"date": "2024-01-31-15-00-00", "latency": "160"}, {"date": "2024-01-31-15-00-00", "latency": "160"}, {"date": "2024-01-31-15-00-00", "latency": "160"}, {"date": "2024-01-31-15-00-00", "latency": "160"}, {"date": "2024-01-31-04-00-00", "latency": "26"}, {"date": "2024-01-31-04-00-00", "latency": "26"}, {"date": "2024-01-31-04-00-00", "latency": "26"}, {"date": "2024-01-31-04-00-00", "latency": "26"}, {"date": "2024-01-31-04-00-00", "latency": "26"}, {"date": "2024-01-31-21-00-00", "latency": "20"}, {"date": "2024-01-31-21-00-00", "latency": "20"}, {"date": "2024-01-31-21-00-00", "latency": "20"}, {"date": "2024-01-31-21-00-00", "latency": "20"}, {"date": "2024-01-31-21-00-00", "latency": "20"}, {"date": "2024-01-31-18-00-00", "latency": "54"}, {"date": "2024-01-31-18-00-00", "latency": "54"}, {"date": "2024-01-31-18-00-00", "latency": "54"}]}, {"location": {"country_code": "ca"}, "game_id": "314852", "values": [{"date": "2024-01-31-03-00-00", "latency": "8"}, {"date": "2024-01-31-03-00-00", "latency": "8"}, {"date": "2024-01-31-22-00-00", "latency": "81"}, {"date": "2024-01-31-22-00-00", "latency": "81"}, {"date": "2024-01-31-22-00-00", "latency": "81"}, {"date": "2024-01-31-07-00-00", "latency": "54"}, {"date": "2024-01-31-07-00-00", "latency": "54"}, {"date": "2024-01-31-07-00-00", "latency": "54"}, {"date": "2024-01-31-07-00-00", "latency": "54"}, {"date": "2024-01-31-07-00-00", "latency": "54"}, {"date": "2024-01-31-07-00-00", "latency": "54"}, {"date": "2024-01-31-07-00-00", "latency": "54"}, {"date": "2024-01-31-07-00-00", "latency": "54"}, {"date": "2024-01-31-07-00-00", "latency": "54"}, {"date": "2024-01-31-07-00-00", "latency": "54"}, {"date": "2024-01-31-07-00-00", "latency": "54"}, {"date": "2024-01-31-03-00-00", "latency": "55"}, {"date": "2024-01-31-03-00-00", "latency": "55"}, {"date": "2024-01-31-03-00-00", "latency": "55"}]}, {"location": {"country_code": "ca", "region": "Ontario"}, "game_id": "314852", "values": [{"date": "2024-01-31-01-00-00", "latency": "61"}, {"date": "2024-01-31-01-00-00", "latency": "61"}, {"date": "2024-01-31-01-00-00", "latency": "61"}, {"date": "2024-01-31-01-00-00", "latency": "61"}, {"date": "2024-01-31-01-00-00", "latency": "61"}, {"date": "2024-01-31-01-00-00", "latency": "61"}, {"date": "2024-01-31-02-00-00", "latency": "45"}, {"date": "2024-01-31-02-00-00", "latency": "45"}]}, {"location": {"country_code": "ca", "region": "Alberta", "city": "Edmonton"}, "game_id": "314852", "values": [{"date": "2024-01-31-01-00-00", "latency": "80"}]}, {"location": {"country_code": "de"}, "game_id": "314852", "values": [{"date": "2024-01-31-13-00-00", "latency": "24"}, {"date": "2024-01-31-13-00-00", "latency": "24"}, {"date": "2024-01-31-13-00-00", "latency": "24"}, {"date": "2024-01-31-13-00-00", "latency": "24"}, {"date": "2024-01-31-13-00-00", "latency": "24"}, {"date": "2024-01-31-13-00-00", "latency": "24"}, {"date": "2024-01-31-15-00-00", "latency": "22"}, {"date": "2024-01-31-15-00-00", "latency": "22"}, {"date": "2024-01-31-15-00-00", "latency": "22"}, {"date": "2024-01-31-15-00-00", "latency": "22"}, {"date": "2024-01-31-15-00-00", "latency": "22"}, {"date": "2024-01-31-22-00-00", "latency": "34"}, {"date": "2024-01-31-22-00-00", "latency": "34"}, {"date": "2024-01-31-22-00-00", "latency": "34"}, {"date": "2024-01-31-22-00-00", "latency": "34"}]}, {"location": {"country_code": "tw"}, "game_id": "314852", "values": [{"date": "2024-01-31-15-00-00", "latency": "53"}, {"date": "2024-01-31-15-00-00", "latency": "53"}, {"date": "2024-01-31-15-00-00", "latency": "53"}, {"date": "2024-01-31-05-00-00", "latency": "84"}, {"date": "2024-01-31-05-00-00", "latency": "84"}, {"date": "2024-01-31-05-00-00", "latency": "84"}, {"date": "2024-01-31-05-00-00", "latency": "84"}, {"date": "2024-01-31-05-00-00", "latency": "84"}, {"date": "2024-01-31-05-00-00", "latency": "84"}, {"date": "2024-01-31-05-00-00", "latency": "84"}, {"date": "2024-01-31-13-00-00", "latency": "56"}, {"date": "2024-01-31-13-00-00", "latency": "56"}, {"date": "2024-01-31-13-00-00", "latency": "56"}, {"date": "2024-01-31-13-00-00", "latency": "56"}, {"date": "2024-01-31-13-00-00", "latency": "56"}, {"date": "2024-01-31-13-00-00", "latency": "56"}, {"date": "2024-01-31-13-00-00", "latency": "56"}, {"date": "2024-01-31-13-00-00", "latency": "56"}, {"date": "2024-01-31-13-00-00", "latency": "56"}, {"date": "2024-01-31-13-00-00", "latency": "56"}, {"date": "2024-01-31-13-00-00", "latency": "56"}, {"date": "2024-01-31-13-00-00", "latency": "56"}, {"date": "2024-01-31-13-00-00", "latency": "56"}, {"date": "2024-01-31-13-00-00", "latency": "56"}, {"date": "2024-01-31-13-00-00", "latency": "56"}, {"date": "2024-01-31-13-00-00", "latency": "56"}, {"date": "2024-01-31-13-00-00", "latency": "56"}, {"date": "2024-01-31-13-00-00", "latency": "56"}, {"date": "2024-01-31-21-00-00", "latency": "1"}, {"date": "2024-01-31-21-00-00", "latency": "1"}]}, {"location": {"country_code": "cl"}, "game_id": "314852", "values": [{"date": "2024-01-31-04-00-00", "latency": "132"}, {"date": "2024-01-31-04-00-00", "latency": "132"}, {"date": "2024-01-31-04-00-00", "latency": "132"}, {"date": "2024-01-31-04-00-00", "latency": "132"}]}, {"location": {"country_code": "us", "region": "Texas"}, "game_id": "314852", "values": [{"date": "2024-01-31-02-00-00", "latency": "48"}, {"date": "2024-01-31-02-00-00", "latency": "48"}, {"date": "2024-01-31-02-00-00", "latency": "48"}, {"date": "2024-01-31-02-00-00", "latency": "48"}, {"date": "2024-01-31-02-00-00", "latency": "48"}, {"date": "2024-01-31-02-00-00", "latency": "48"}]}, {"location": {"country_code": "ph"}, "game_id": "314852", "values": [{"date": "2024-01-31-18-00-00", "latency": "117"}]}, {"location": {"country_code": "fr"}, "game_id": "314852", "values": [{"date": "2024-01-31-22-00-00", "latency": "27"}, {"date": "2024-01-31-22-00-00", "latency": "27"}]}, {"location": {"country_code": "us", "region": "New Jersey"}, "game_id": "314852", "values": [{"date": "2024-01-31-18-00-00", "latency": "24"}, {"date": "2024-01-31-18-00-00", "latency": "24"}, {"date": "2024-01-31-18-00-00", "latency": "24"}, {"date": "2024-01-31-18-00-00", "latency": "24"}, {"date": "2024-01-31-18-00-00", "latency": "24"}, {"date": "2024-01-31-18-00-00", "latency": "24"}, {"date": "2024-01-31-18-00-00", "latency": "24"}, {"date": "2024-01-31-18-00-00", "latency": "24"}, {"date": "2024-01-31-18-00-00", "latency": "24"}, {"date": "2024-01-31-18-00-00", "latency": "24"}, {"date": "2024-01-31-07-00-00", "latency": "1"}, {"date": "2024-01-31-07-00-00", "latency": "1"}]}, {"location": {"country_code": "mx"}, "game_id": "314852", "values": [{"date": "2024-01-31-03-00-00", "latency": "98"}, {"date": "2024-01-31-03-00-00", "latency": "98"}, {"date": "2024-01-31-03-00-00", "latency": "98"}, {"date": "2024-01-31-11-00-00", "latency": "117"}, {"date": "2024-01-31-11-00-00", "latency": "117"}, {"date": "2024-01-31-11-00-00", "latency": "117"}, {"date": "2024-01-31-04-00-00", "latency": "70"}, {"date": "2024-01-31-04-00-00", "latency": "70"}, {"date": "2024-01-31-04-00-00", "latency": "70"}, {"date": "2024-01-31-04-00-00", "latency": "70"}, {"date": "2024-01-31-04-00-00", "latency": "71"}, {"date": "2024-01-31-04-00-00", "latency": "71"}, {"date": "2024-01-31-04-00-00", "latency": "71"}, {"date": "2024-01-31-04-00-00", "latency": "71"}, {"date": "2024-01-31-04-00-00", "latency": "71"}, {"date": "2024-01-31-04-00-00", "latency": "71"}, {"date": "2024-01-31-04-00-00", "latency": "71"}, {"date": "2024-01-31-04-00-00", "latency": "71"}, {"date": "2024-01-31-04-00-00", "latency": "71"}, {"date": "2024-01-31-04-00-00", "latency": "71"}, {"date": "2024-01-31-04-00-00", "latency": "71"}]}, {"location": {"country_code": "us", "region": "California"}, "game_id": "314852", "values": [{"date": "2024-01-31-08-00-00", "latency": "93"}, {"date": "2024-01-31-20-00-00", "latency": "106"}, {"date": "2024-01-31-20-00-00", "latency": "106"}, {"date": "2024-01-31-20-00-00", "latency": "106"}, {"date": "2024-01-31-20-00-00", "latency": "106"}, {"date": "2024-01-31-20-00-00", "latency": "106"}, {"date": "2024-01-31-20-00-00", "latency": "106"}, {"date": "2024-01-31-20-00-00", "latency": "106"}, {"date": "2024-01-31-20-00-00", "latency": "106"}, {"date": "2024-01-31-20-00-00", "latency": "106"}, {"date": "2024-01-31-07-00-00", "latency": "95"}, {"date": "2024-01-31-07-00-00", "latency": "95"}, {"date": "2024-01-31-07-00-00", "latency": "95"}, {"date": "2024-01-31-07-00-00", "latency": "95"}, {"date": "2024-01-31-07-00-00", "latency": "95"}, {"date": "2024-01-31-07-00-00", "latency": "95"}]}, {"location": {"country_code": "br"}, "game_id": "314852", "values": [{"date": "2024-01-31-04-00-00", "latency": "155"}, {"date": "2024-01-31-04-00-00", "latency": "155"}, {"date": "2024-01-31-04-00-00", "latency": "155"}, {"date": "2024-01-31-04-00-00", "latency": "155"}, {"date": "2024-01-31-04-00-00", "latency": "155"}, {"date": "2024-01-31-04-00-00", "latency": "155"}, {"date": "2024-01-31-04-00-00", "latency": "155"}, {"date": "2024-01-31-04-00-00", "latency": "155"}, {"date": "2024-01-31-04-00-00", "latency": "155"}, {"date": "2024-01-31-04-00-00", "latency": "155"}, {"date": "2024-01-31-04-00-00", "latency": "155"}, {"date": "2024-01-31-16-00-00", "latency": "141"}, {"date": "2024-01-31-16-00-00", "latency": "141"}, {"date": "2024-01-31-16-00-00", "latency": "141"}, {"date": "2024-01-31-16-00-00", "latency": "141"}, {"date": "2024-01-31-16-00-00", "latency": "141"}, {"date": "2024-01-31-16-00-00", "latency": "141"}, {"date": "2024-01-31-16-00-00", "latency": "141"}, {"date": "2024-02-01-01-00-00", "latency": "134"}, {"date": "2024-02-01-01-00-00", "latency": "134"}, {"date": "2024-02-01-01-00-00", "latency": "134"}, {"date": "2024-02-01-01-00-00", "latency": "134"}]}, {"location": {"country_code": "br", "region": "Sao Paulo", "city": "Apiai"}, "game_id": "314852", "values": [{"date": "2024-01-31-03-00-00", "latency": "272"}, {"date": "2024-01-31-03-00-00", "latency": "272"}, {"date": "2024-01-31-03-00-00", "latency": "272"}, {"date": "2024-01-31-03-00-00", "latency": "272"}, {"date": "2024-01-31-03-00-00", "latency": "272"}, {"date": "2024-01-31-03-00-00", "latency": "272"}, {"date": "2024-01-31-03-00-00", "latency": "272"}, {"date": "2024-01-31-03-00-00", "latency": "272"}, {"date": "2024-01-31-03-00-00", "latency": "272"}, {"date": "2024-01-31-03-00-00", "latency": "272"}, {"date": "2024-01-31-03-00-00", "latency": "272"}, {"date": "2024-01-31-03-00-00", "latency": "272"}, {"date": "2024-01-31-03-00-00", "latency": "272"}, {"date": "2024-01-31-03-00-00", "latency": "272"}, {"date": "2024-01-31-03-00-00", "latency": "272"}, {"date": "2024-01-31-03-00-00", "latency": "272"}, {"date": "2024-01-31-03-00-00", "latency": "272"}, {"date": "2024-01-31-04-00-00", "latency": "148"}, {"date": "2024-01-31-20-00-00", "latency": "134"}, {"date": "2024-01-31-20-00-00", "latency": "134"}, {"date": "2024-01-31-20-00-00", "latency": "134"}, {"date": "2024-01-31-03-00-00", "latency": "147"}, {"date": "2024-01-31-03-00-00", "latency": "147"}, {"date": "2024-01-31-03-00-00", "latency": "130"}]}, {"location": {"country_code": "se"}, "game_id": "314852", "values": [{"date": "2024-02-01-00-00-00", "latency": "45"}, {"date": "2024-02-01-00-00-00", "latency": "45"}, {"date": "2024-02-01-00-00-00", "latency": "45"}, {"date": "2024-02-01-00-00-00", "latency": "45"}, {"date": "2024-02-01-00-00-00", "latency": "45"}, {"date": "2024-01-31-23-00-00", "latency": "27"}, {"date": "2024-01-31-23-00-00", "latency": "27"}, {"date": "2024-01-31-23-00-00", "latency": "27"}, {"date": "2024-01-31-23-00-00", "latency": "27"}, {"date": "2024-01-31-23-00-00", "latency": "27"}, {"date": "2024-01-31-23-00-00", "latency": "27"}, {"date": "2024-01-31-23-00-00", "latency": "27"}, {"date": "2024-01-31-23-00-00", "latency": "27"}, {"date": "2024-01-31-23-00-00", "latency": "27"}]}, {"location": {"country_code": "se", "region": "Jonkoping County", "city": "Jonkoping"}, "game_id": "314852", "values": [{"date": "2024-01-31-04-00-00", "latency": "69"}, {"date": "2024-01-31-04-00-00", "latency": "69"}, {"date": "2024-01-31-04-00-00", "latency": "69"}, {"date": "2024-01-31-04-00-00", "latency": "69"}, {"date": "2024-01-31-04-00-00", "latency": "69"}]}, {"location": {"country_code": "au"}, "game_id": "314852", "values": [{"date": "2024-01-31-13-00-00", "latency": "9"}, {"date": "2024-01-31-13-00-00", "latency": "9"}, {"date": "2024-01-31-13-00-00", "latency": "9"}, {"date": "2024-01-31-13-00-00", "latency": "9"}, {"date": "2024-02-01-00-00-00", "latency": "288"}, {"date": "2024-02-01-00-00-00", "latency": "288"}, {"date": "2024-01-31-14-00-00", "latency": "242"}, {"date": "2024-01-31-14-00-00", "latency": "242"}, {"date": "2024-01-31-14-00-00", "latency": "242"}, {"date": "2024-01-31-14-00-00", "latency": "242"}, {"date": "2024-01-31-14-00-00", "latency": "242"}, {"date": "2024-01-31-14-00-00", "latency": "242"}, {"date": "2024-01-31-14-00-00", "latency": "242"}, {"date": "2024-01-31-14-00-00", "latency": "242"}, {"date": "2024-01-31-14-00-00", "latency": "242"}]}, {"location": {"country_code": "td"}, "game_id": "314852", "values": [{"date": "2024-01-31-15-00-00", "latency": "11231"}, {"date": "2024-01-31-15-00-00", "latency": "11231"}, {"date": "2024-01-31-15-00-00", "latency": "11231"}]}, {"location": {"country_code": "us", "region": "Iowa"}, "game_id": "314852", "values": [{"date": "2024-02-01-01-00-00", "latency": "55"}, {"date": "2024-02-01-01-00-00", "latency": "55"}]}, {"location": {"country_code": "tr"}, "game_id": "314852", "values": [{"date": "2024-01-31-18-00-00", "latency": "130"}, {"date": "2024-01-31-18-00-00", "latency": "130"}, {"date": "2024-01-31-18-00-00", "latency": "130"}, {"date": "2024-01-31-18-00-00", "latency": "130"}, {"date": "2024-01-31-18-00-00", "latency": "130"}, {"date": "2024-01-31-18-00-00", "latency": "130"}, {"date": "2024-01-31-18-00-00", "latency": "130"}, {"date": "2024-01-31-18-00-00", "latency": "130"}, {"date": "2024-01-31-18-00-00", "latency": "130"}, {"date": "2024-01-31-18-00-00", "latency": "130"}, {"date": "2024-01-31-18-00-00", "latency": "130"}, {"date": "2024-01-31-18-00-00", "latency": "130"}, {"date": "2024-01-31-18-00-00", "latency": "130"}, {"date": "2024-01-31-18-00-00", "latency": "130"}]}, {"location": {"country_code": "pl", "region": "Greater Poland Voivodeship"}, "game_id": "314852", "values": [{"date": "2024-01-31-22-00-00", "latency": "41"}, {"date": "2024-01-31-22-00-00", "latency": "41"}, {"date": "2024-01-31-22-00-00", "latency": "41"}, {"date": "2024-01-31-22-00-00", "latency": "41"}]}, {"location": {"country_code": "es"}, "game_id": "314852", "values": [{"date": "2024-01-31-12-00-00", "latency": "60"}, {"date": "2024-01-31-21-00-00", "latency": "60"}, {"date": "2024-01-31-21-00-00", "latency": "60"}, {"date": "2024-01-31-21-00-00", "latency": "60"}, {"date": "2024-01-31-21-00-00", "latency": "60"}, {"date": "2024-01-31-21-00-00", "latency": "60"}, {"date": "2024-01-31-21-00-00", "latency": "60"}, {"date": "2024-01-31-21-00-00", "latency": "60"}, {"date": "2024-01-31-11-00-00", "latency": "46"}, {"date": "2024-01-31-11-00-00", "latency": "46"}, {"date": "2024-01-31-11-00-00", "latency": "46"}]}, {"location": {"country_code": "ar"}, "game_id": "314852", "values": [{"date": "2024-01-31-05-00-00", "latency": "86"}, {"date": "2024-01-31-05-00-00", "latency": "86"}, {"date": "2024-01-31-05-00-00", "latency": "86"}, {"date": "2024-01-31-05-00-00", "latency": "86"}, {"date": "2024-01-31-05-00-00", "latency": "86"}, {"date": "2024-01-31-05-00-00", "latency": "86"}, {"date": "2024-01-31-05-00-00", "latency": "86"}]}, {"location": {"country_code": "ar", "region": "Buenos Aires F.D.", "city": "Bahia Blanca"}, "game_id": "314852", "values": [{"date": "2024-01-31-22-00-00", "latency": "156"}, {"date": "2024-01-31-22-00-00", "latency": "156"}, {"date": "2024-01-31-22-00-00", "latency": "156"}, {"date": "2024-01-31-22-00-00", "latency": "156"}, {"date": "2024-01-31-22-00-00", "latency": "156"}, {"date": "2024-01-31-22-00-00", "latency": "156"}, {"date": "2024-01-31-22-00-00", "latency": "156"}, {"date": "2024-01-31-22-00-00", "latency": "156"}]}, {"location": {"country_code": "bo"}, "game_id": "314852", "values": [{"date": "2024-01-31-02-00-00", "latency": "134"}, {"date": "2024-01-31-02-00-00", "latency": "134"}, {"date": "2024-01-31-02-00-00", "latency": "134"}, {"date": "2024-01-31-02-00-00", "latency": "134"}, {"date": "2024-01-31-02-00-00", "latency": "134"}, {"date": "2024-01-31-02-00-00", "latency": "134"}, {"date": "2024-01-31-02-00-00", "latency": "134"}]}, {"location": {"country_code": "pe", "region": "Lima region", "city": "Nuevo Lince"}, "game_id": "314852", "values": [{"date": "2024-01-31-11-00-00", "latency": "1103"}, {"date": "2024-01-31-11-00-00", "latency": "1103"}, {"date": "2024-01-31-11-00-00", "latency": "1103"}, {"date": "2024-01-31-11-00-00", "latency": "1103"}]}, {"location": {"country_code": "br", "region": "Estado de Bahia", "city": "Salvador"}, "game_id": "314852", "values": [{"date": "2024-01-31-06-00-00", "latency": "113"}]}, {"location": {"country_code": "mx", "region": "Nuevo Leon"}, "game_id": "314852", "values": [{"date": "2024-01-31-09-00-00", "latency": "183"}, {"date": "2024-01-31-09-00-00", "latency": "183"}, {"date": "2024-01-31-09-00-00", "latency": "183"}, {"date": "2024-01-31-09-00-00", "latency": "183"}]}, {"location": {"country_code": "mx", "region": "Veracruz"}, "game_id": "314852", "values": [{"date": "2024-01-31-05-00-00", "latency": "185"}, {"date": "2024-01-31-05-00-00", "latency": "185"}]}, {"location": {"country_code": "be"}, "game_id": "314852", "values": [{"date": "2024-01-31-20-00-00", "latency": "106"}, {"date": "2024-01-31-20-00-00", "latency": "106"}, {"date": "2024-01-31-20-00-00", "latency": "106"}, {"date": "2024-01-31-20-00-00", "latency": "106"}, {"date": "2024-01-31-20-00-00", "latency": "106"}, {"date": "2024-01-31-20-00-00", "latency": "106"}, {"date": "2024-01-31-20-00-00", "latency": "106"}, {"date": "2024-01-31-20-00-00", "latency": "106"}]}, {"location": {"country_code": "pe"}, "game_id": "314852", "values": [{"date": "2024-01-31-02-00-00", "latency": "104"}, {"date": "2024-01-31-02-00-00", "latency": "104"}, {"date": "2024-01-31-02-00-00", "latency": "104"}, {"date": "2024-01-31-02-00-00", "latency": "104"}]}, {"location": {"country_code": "kz"}, "game_id": "314852", "values": [{"date": "2024-01-31-08-00-00", "latency": "52"}, {"date": "2024-01-31-08-00-00", "latency": "52"}, {"date": "2024-01-31-08-00-00", "latency": "52"}, {"date": "2024-01-31-08-00-00", "latency": "52"}, {"date": "2024-01-31-08-00-00", "latency": "52"}, {"date": "2024-01-31-08-00-00", "latency": "52"}, {"date": "2024-01-31-08-00-00", "latency": "52"}, {"date": "2024-01-31-08-00-00", "latency": "52"}, {"date": "2024-01-31-08-00-00", "latency": "52"}, {"date": "2024-01-31-08-00-00", "latency": "52"}, {"date": "2024-01-31-08-00-00", "latency": "52"}, {"date": "2024-01-31-08-00-00", "latency": "52"}, {"date": "2024-01-31-08-00-00", "latency": "52"}, {"date": "2024-01-31-08-00-00", "latency": "52"}, {"date": "2024-01-31-08-00-00", "latency": "52"}, {"date": "2024-01-31-08-00-00", "latency": "52"}, {"date": "2024-01-31-08-00-00", "latency": "52"}, {"date": "2024-01-31-08-00-00", "latency": "52"}, {"date": "2024-01-31-08-00-00", "latency": "52"}, {"date": "2024-01-31-08-00-00", "latency": "52"}, {"date": "2024-01-31-08-00-00", "latency": "52"}, {"date": "2024-01-31-08-00-00", "latency": "52"}]}, {"location": {"country_code": "sg"}, "game_id": "314852", "values": [{"date": "2024-01-31-18-00-00", "latency": "21"}, {"date": "2024-01-31-18-00-00", "latency": "21"}, {"date": "2024-01-31-18-00-00", "latency": "21"}]}, {"location": {"country_code": "fr", "region": "Occitanie", "city": "Toulouse"}, "game_id": "314852", "values": [{"date": "2024-01-31-02-00-00", "latency": "44"}, {"date": "2024-01-31-02-00-00", "latency": "44"}, {"date": "2024-01-31-02-00-00", "latency": "44"}]}, {"location": {"country_code": "ca", "region": "Ontario", "city": "Toronto"}, "game_id": "314852", "values": [{"date": "2024-01-31-02-00-00", "latency": "90"}, {"date": "2024-01-31-02-00-00", "latency": "90"}, {"date": "2024-01-31-02-00-00", "latency": "90"}, {"date": "2024-01-31-02-00-00", "latency": "90"}]}, {"location": {"country_code": "my"}, "game_id": "314852", "values": [{"date": "2024-01-31-18-00-00", "latency": "11222"}, {"date": "2024-01-31-18-00-00", "latency": "11222"}, {"date": "2024-01-31-18-00-00", "latency": "11222"}, {"date": "2024-01-31-18-00-00", "latency": "11222"}, {"date": "2024-01-31-18-00-00", "latency": "11222"}]}, {"location": {"country_code": "my", "region": "Selangor"}, "game_id": "314852", "values": [{"date": "2024-01-31-07-00-00", "latency": "92"}, {"date": "2024-01-31-07-00-00", "latency": "92"}, {"date": "2024-01-31-07-00-00", "latency": "92"}, {"date": "2024-01-31-07-00-00", "latency": "92"}, {"date": "2024-01-31-07-00-00", "latency": "92"}, {"date": "2024-01-31-07-00-00", "latency": "92"}, {"date": "2024-01-31-07-00-00", "latency": "92"}, {"date": "2024-01-31-07-00-00", "latency": "92"}, {"date": "2024-01-31-07-00-00", "latency": "92"}, {"date": "2024-01-31-07-00-00", "latency": "92"}, {"date": "2024-01-31-07-00-00", "latency": "92"}, {"date": "2024-01-31-07-00-00", "latency": "92"}]}, {"location": {"country_code": "id"}, "game_id": "314852", "values": [{"date": "2024-01-31-19-00-00", "latency": "102"}]}, {"location": {"country_code": "us", "region": "Minnesota", "city": "St. Paul"}, "game_id": "314852", "values": [{"date": "2024-01-31-16-00-00", "latency": "50"}, {"date": "2024-01-31-16-00-00", "latency": "50"}, {"date": "2024-01-31-16-00-00", "latency": "50"}, {"date": "2024-01-31-16-00-00", "latency": "50"}, {"date": "2024-01-31-16-00-00", "latency": "50"}, {"date": "2024-01-31-16-00-00", "latency": "50"}, {"date": "2024-01-31-16-00-00", "latency": "50"}, {"date": "2024-01-31-16-00-00", "latency": "50"}, {"date": "2024-01-31-16-00-00", "latency": "50"}, {"date": "2024-01-31-16-00-00", "latency": "50"}, {"date": "2024-01-31-16-00-00", "latency": "50"}, {"date": "2024-01-31-16-00-00", "latency": "50"}, {"date": "2024-01-31-16-00-00", "latency": "50"}, {"date": "2024-01-31-16-00-00", "latency": "50"}, {"date": "2024-01-31-16-00-00", "latency": "50"}]}, {"location": {"country_code": "sv"}, "game_id": "314852", "values": [{"date": "2024-01-31-02-00-00", "latency": "82"}, {"date": "2024-01-31-02-00-00", "latency": "82"}, {"date": "2024-01-31-02-00-00", "latency": "82"}]}, {"location": {"country_code": "au", "region": "Queensland", "city": "Gold Coast"}, "game_id": "314852", "values": [{"date": "2024-01-31-06-00-00", "latency": "11234"}]}, {"location": {"country_code": "us", "region": "Florida", "city": "Orlando"}, "game_id": "314852", "values": [{"date": "2024-01-31-03-00-00", "latency": "42"}, {"date": "2024-01-31-03-00-00", "latency": "42"}, {"date": "2024-01-31-03-00-00", "latency": "42"}, {"date": "2024-01-31-03-00-00", "latency": "42"}]}, {"location": {"country_code": "pe", "region": "Lima region", "city": "Lima"}, "game_id": "314852", "values": [{"date": "2024-01-31-06-00-00", "latency": "109"}, {"date": "2024-01-31-06-00-00", "latency": "109"}, {"date": "2024-01-31-06-00-00", "latency": "109"}, {"date": "2024-01-31-06-00-00", "latency": "109"}, {"date": "2024-01-31-06-00-00", "latency": "109"}, {"date": "2024-01-31-06-00-00", "latency": "109"}]}, {"location": {"country_code": "us", "region": "Texas", "city": "Irving"}, "game_id": "314852", "values": [{"date": "2024-01-31-07-00-00", "latency": "88"}, {"date": "2024-01-31-07-00-00", "latency": "88"}, {"date": "2024-01-31-07-00-00", "latency": "88"}]}, {"location": {"country_code": "ad"}, "game_id": "314852", "values": [{"date": "2024-01-31-17-00-00", "latency": "135"}, {"date": "2024-01-31-17-00-00", "latency": "135"}, {"date": "2024-01-31-17-00-00", "latency": "135"}, {"date": "2024-01-31-17-00-00", "latency": "135"}]}, {"location": {"country_code": "us", "region": "New York", "city": "Long Island"}, "game_id": "314852", "values": [{"date": "2024-01-31-13-00-00", "latency": "3"}]}, {"location": {"country_code": "es", "region": "Valencia"}, "game_id": "314852", "values": [{"date": "2024-01-31-19-00-00", "latency": "50"}, {"date": "2024-01-31-19-00-00", "latency": "50"}]}, {"location": {"country_code": "br", "region": "Espirito Santo", "city": "Guarapari"}, "game_id": "314852", "values": [{"date": "2024-01-31-13-00-00", "latency": "240"}]}, {"location": {"country_code": "dj"}, "game_id": "314852", "values": [{"date": "2024-01-31-20-00-00", "latency": "132"}]}, {"location": {"country_code": "ro", "region": "Bucharest"}, "game_id": "314852", "values": [{"date": "2024-01-31-02-00-00", "latency": "47"}, {"date": "2024-01-31-02-00-00", "latency": "47"}, {"date": "2024-01-31-02-00-00", "latency": "47"}, {"date": "2024-01-31-02-00-00", "latency": "47"}, {"date": "2024-01-31-02-00-00", "latency": "47"}, {"date": "2024-01-31-02-00-00", "latency": "47"}, {"date": "2024-01-31-02-00-00", "latency": "47"}]}, {"location": {"country_code": "ar", "region": "Neuquen Province"}, "game_id": "314852", "values": [{"date": "2024-01-31-23-00-00", "latency": "157"}, {"date": "2024-01-31-23-00-00", "latency": "157"}, {"date": "2024-01-31-23-00-00", "latency": "157"}, {"date": "2024-01-31-23-00-00", "latency": "157"}, {"date": "2024-01-31-23-00-00", "latency": "157"}, {"date": "2024-01-31-23-00-00", "latency": "157"}, {"date": "2024-01-31-23-00-00", "latency": "157"}]}, {"location": {"country_code": "br", "region": "Parana", "city": "Umuarama"}, "game_id": "314852", "values": [{"date": "2024-01-31-04-00-00", "latency": "144"}, {"date": "2024-01-31-04-00-00", "latency": "144"}, {"date": "2024-01-31-04-00-00", "latency": "144"}, {"date": "2024-01-31-04-00-00", "latency": "144"}, {"date": "2024-01-31-04-00-00", "latency": "144"}, {"date": "2024-01-31-04-00-00", "latency": "144"}]}, {"location": {"country_code": "us", "region": "New York"}, "game_id": "314852", "values": [{"date": "2024-02-01-01-00-00", "latency": "28"}, {"date": "2024-02-01-01-00-00", "latency": "28"}, {"date": "2024-02-01-01-00-00", "latency": "28"}, {"date": "2024-02-01-01-00-00", "latency": "28"}, {"date": "2024-02-01-01-00-00", "latency": "28"}, {"date": "2024-02-01-01-00-00", "latency": "28"}, {"date": "2024-02-01-01-00-00", "latency": "28"}, {"date": "2024-02-01-01-00-00", "latency": "28"}, {"date": "2024-01-31-04-00-00", "latency": "13"}]}, {"location": {"country_code": "es", "region": "Andalusia", "city": "Marbella"}, "game_id": "314852", "values": [{"date": "2024-01-31-20-00-00", "latency": "1"}]}, {"location": {"country_code": "ml"}, "game_id": "314852", "values": [{"date": "2024-01-31-04-00-00", "latency": "79"}, {"date": "2024-01-31-04-00-00", "latency": "79"}, {"date": "2024-01-31-04-00-00", "latency": "79"}, {"date": "2024-01-31-04-00-00", "latency": "79"}, {"date": "2024-01-31-04-00-00", "latency": "79"}, {"date": "2024-01-31-04-00-00", "latency": "79"}]}, {"location": {"country_code": "ca", "region": "Nunavut"}, "game_id": "314852", "values": [{"date": "2024-01-31-06-00-00", "latency": "33"}, {"date": "2024-01-31-06-00-00", "latency": "33"}, {"date": "2024-01-31-06-00-00", "latency": "33"}, {"date": "2024-01-31-06-00-00", "latency": "33"}, {"date": "2024-01-31-06-00-00", "latency": "33"}, {"date": "2024-01-31-06-00-00", "latency": "33"}, {"date": "2024-01-31-06-00-00", "latency": "33"}, {"date": "2024-01-31-06-00-00", "latency": "33"}]}, {"location": {"country_code": "us", "region": "New Jersey", "city": "Newark"}, "game_id": "314852", "values": [{"date": "2024-01-31-03-00-00", "latency": "18"}, {"date": "2024-01-31-03-00-00", "latency": "18"}, {"date": "2024-01-31-03-00-00", "latency": "18"}, {"date": "2024-01-31-03-00-00", "latency": "18"}, {"date": "2024-01-31-03-00-00", "latency": "18"}]}, {"location": {"country_code": "gb", "region": "England", "city": "Enfield"}, "game_id": "314852", "values": [{"date": "2024-01-31-22-00-00", "latency": "163"}]}, {"location": {"country_code": "ec", "region": "Pichincha"}, "game_id": "314852", "values": [{"date": "2024-01-31-05-00-00", "latency": "107"}, {"date": "2024-01-31-05-00-00", "latency": "107"}]}, {"location": {"country_code": "es", "region": "Andalusia", "city": "Ayamonte"}, "game_id": "314852", "values": [{"date": "2024-01-31-20-00-00", "latency": "153"}, {"date": "2024-01-31-20-00-00", "latency": "153"}, {"date": "2024-01-31-20-00-00", "latency": "153"}, {"date": "2024-01-31-20-00-00", "latency": "153"}, {"date": "2024-01-31-20-00-00", "latency": "153"}, {"date": "2024-01-31-20-00-00", "latency": "153"}, {"date": "2024-01-31-20-00-00", "latency": "153"}]}, {"location": {"country_code": "cr", "region": "San Jose", "city": "San Jose"}, "game_id": "314852", "values": [{"date": "2024-01-31-03-00-00", "latency": "85"}, {"date": "2024-01-31-03-00-00", "latency": "85"}, {"date": "2024-01-31-03-00-00", "latency": "85"}, {"date": "2024-01-31-03-00-00", "latency": "85"}, {"date": "2024-01-31-03-00-00", "latency": "85"}]}, {"location": {"country_code": "mx", "region": "Morelos", "city": "Cuernavaca"}, "game_id": "314852", "values": [{"date": "2024-01-31-03-00-00", "latency": "69"}, {"date": "2024-01-31-03-00-00", "latency": "69"}, {"date": "2024-01-31-03-00-00", "latency": "69"}, {"date": "2024-01-31-03-00-00", "latency": "69"}, {"date": "2024-01-31-03-00-00", "latency": "69"}]}, {"location": {"country_code": "us", "region": "Georgia", "city": "Austell"}, "game_id": "314852", "values": [{"date": "2024-01-31-06-00-00", "latency": "33"}, {"date": "2024-01-31-06-00-00", "latency": "33"}]}], "last_updated": 1719914309.410654}