{"data": [{"location": {"country_code": "es", "region": "Canary Islands", "city": "Valleseco"}, "game_id": "762836", "values": [{"date": "2023-07-06-23-00-00", "latency": 30}, {"date": "2023-07-06-23-00-00", "latency": 30}, {"date": "2023-07-06-23-00-00", "latency": 30}, {"date": "2023-07-06-23-00-00", "latency": 30}]}, {"location": {"country_code": "us"}, "game_id": "762836", "values": [{"date": "2023-07-06-09-00-00", "latency": 1}, {"date": "2023-07-06-03-00-00", "latency": 1}, {"date": "2023-07-06-07-00-00", "latency": 2}, {"date": "2023-07-06-07-00-00", "latency": 2}, {"date": "2023-07-06-07-00-00", "latency": 2}, {"date": "2023-07-06-07-00-00", "latency": 2}, {"date": "2023-07-06-07-00-00", "latency": 2}, {"date": "2023-07-06-07-00-00", "latency": 2}]}, {"location": {"country_code": "us", "region": "New York", "city": "Jamestown"}, "game_id": "762836", "values": [{"date": "2023-07-07-01-00-00", "latency": 1}, {"date": "2023-07-06-03-00-00", "latency": 1}]}, {"location": {"country_code": "cz"}, "game_id": "762836", "values": [{"date": "2023-07-06-20-00-00", "latency": 1}]}, {"location": {"country_code": "jp"}, "game_id": "762836", "values": [{"date": "2023-07-06-14-00-00", "latency": 3}, {"date": "2023-07-06-14-00-00", "latency": 40}]}, {"location": {"country_code": "ca"}, "game_id": "762836", "values": [{"date": "2023-07-06-07-00-00", "latency": 3}]}, {"location": {"country_code": "ch"}, "game_id": "762836", "values": [{"date": "2023-07-06-16-00-00", "latency": 13}, {"date": "2023-07-06-16-00-00", "latency": 13}]}, {"location": {"country_code": "de"}, "game_id": "762836", "values": [{"date": "2023-07-06-20-00-00", "latency": 0}, {"date": "2023-07-06-20-00-00", "latency": 0}]}, {"location": {"country_code": "mx"}, "game_id": "762836", "values": [{"date": "2023-07-06-12-00-00", "latency": 47}]}, {"location": {"country_code": "us", "region": "Texas"}, "game_id": "762836", "values": [{"date": "2023-07-06-07-00-00", "latency": 2}, {"date": "2023-07-07-02-00-00", "latency": 1}, {"date": "2023-07-07-02-00-00", "latency": 1}]}, {"location": {"country_code": "us", "region": "Florida"}, "game_id": "762836", "values": [{"date": "2023-07-06-05-00-00", "latency": 1}, {"date": "2023-07-06-05-00-00", "latency": 1}]}, {"location": {"country_code": "fr"}, "game_id": "762836", "values": [{"date": "2023-07-06-16-00-00", "latency": 4}, {"date": "2023-07-07-01-00-00", "latency": 4}, {"date": "2023-07-07-01-00-00", "latency": 4}, {"date": "2023-07-06-02-00-00", "latency": 4}]}, {"location": {"country_code": "us", "region": "California"}, "game_id": "762836", "values": [{"date": "2023-07-07-00-00-00", "latency": 1}, {"date": "2023-07-07-00-00-00", "latency": 1}]}, {"location": {"country_code": "br", "region": "Minas Gerais"}, "game_id": "762836", "values": [{"date": "2023-07-06-21-00-00", "latency": 16}, {"date": "2023-07-06-21-00-00", "latency": 16}, {"date": "2023-07-06-21-00-00", "latency": 16}, {"date": "2023-07-06-21-00-00", "latency": 16}, {"date": "2023-07-06-21-00-00", "latency": 16}, {"date": "2023-07-06-21-00-00", "latency": 16}, {"date": "2023-07-06-21-00-00", "latency": 16}, {"date": "2023-07-06-21-00-00", "latency": 16}]}, {"location": {"country_code": "ca", "region": "Ontario"}, "game_id": "762836", "values": [{"date": "2023-07-06-19-00-00", "latency": 2}, {"date": "2023-07-06-19-00-00", "latency": 2}, {"date": "2023-07-06-19-00-00", "latency": 2}, {"date": "2023-07-06-19-00-00", "latency": 2}, {"date": "2023-07-06-19-00-00", "latency": 2}, {"date": "2023-07-06-19-00-00", "latency": 2}, {"date": "2023-07-06-19-00-00", "latency": 2}, {"date": "2023-07-06-19-00-00", "latency": 2}, {"date": "2023-07-06-19-00-00", "latency": 2}, {"date": "2023-07-06-19-00-00", "latency": 2}, {"date": "2023-07-06-19-00-00", "latency": 2}, {"date": "2023-07-06-19-00-00", "latency": 2}, {"date": "2023-07-06-19-00-00", "latency": 2}, {"date": "2023-07-06-19-00-00", "latency": 2}, {"date": "2023-07-06-19-00-00", "latency": 2}, {"date": "2023-07-06-19-00-00", "latency": 2}, {"date": "2023-07-06-19-00-00", "latency": 2}, {"date": "2023-07-06-19-00-00", "latency": 2}, {"date": "2023-07-06-19-00-00", "latency": 2}, {"date": "2023-07-06-19-00-00", "latency": 2}, {"date": "2023-07-06-19-00-00", "latency": 2}]}, {"location": {"country_code": "es"}, "game_id": "762836", "values": [{"date": "2023-07-06-16-00-00", "latency": 3}]}, {"location": {"country_code": "de", "region": "Free and Hanseatic City of Hamburg", "city": "Hamburg"}, "game_id": "762836", "values": [{"date": "2023-07-06-03-00-00", "latency": 26}, {"date": "2023-07-06-03-00-00", "latency": 26}]}, {"location": {"country_code": "br", "region": "Santa Catarina", "city": "Jaragua do Sul"}, "game_id": "762836", "values": [{"date": "2023-07-07-02-00-00", "latency": 2}]}, {"location": {"country_code": "us", "region": "Arizona"}, "game_id": "762836", "values": [{"date": "2023-07-06-08-00-00", "latency": 27}]}, {"location": {"country_code": "pl"}, "game_id": "762836", "values": [{"date": "2023-07-06-18-00-00", "latency": 24}, {"date": "2023-07-06-18-00-00", "latency": 24}, {"date": "2023-07-06-03-00-00", "latency": 25}]}, {"location": {"country_code": "ie"}, "game_id": "762836", "values": [{"date": "2023-07-06-22-00-00", "latency": 34}, {"date": "2023-07-06-22-00-00", "latency": 34}]}, {"location": {"country_code": "fr", "region": "Occitanie", "city": "Toulouse"}, "game_id": "762836", "values": [{"date": "2023-07-06-03-00-00", "latency": 0}]}, {"location": {"country_code": "br", "region": "Rio Grande do Sul", "city": "Porto Alegre"}, "game_id": "762836", "values": [{"date": "2023-07-06-03-00-00", "latency": 15}, {"date": "2023-07-06-03-00-00", "latency": 15}, {"date": "2023-07-06-03-00-00", "latency": 15}, {"date": "2023-07-06-03-00-00", "latency": 15}, {"date": "2023-07-06-03-00-00", "latency": 15}, {"date": "2023-07-06-03-00-00", "latency": 15}, {"date": "2023-07-06-03-00-00", "latency": 15}, {"date": "2023-07-06-03-00-00", "latency": 15}]}, {"location": {"country_code": "br", "region": "State of Rio de Janeiro", "city": "Angra dos Reis"}, "game_id": "762836", "values": [{"date": "2023-07-06-02-00-00", "latency": 54}, {"date": "2023-07-06-02-00-00", "latency": 54}]}, {"location": {"country_code": "us", "region": "New Hampshire"}, "game_id": "762836", "values": [{"date": "2023-07-06-20-00-00", "latency": 1}]}, {"location": {"country_code": "de", "region": "Lower Saxony", "city": "Hanover"}, "game_id": "762836", "values": [{"date": "2023-07-06-09-00-00", "latency": 14}]}, {"location": {"country_code": "ad"}, "game_id": "762836", "values": [{"date": "2023-07-06-08-00-00", "latency": 38}, {"date": "2023-07-06-08-00-00", "latency": 38}]}, {"location": {"country_code": "de", "region": "Lower Saxony"}, "game_id": "762836", "values": [{"date": "2023-07-06-21-00-00", "latency": 1}]}, {"location": {"country_code": "us", "region": "Rhode Island"}, "game_id": "762836", "values": [{"date": "2023-07-06-04-00-00", "latency": 0}]}, {"location": {"country_code": "us", "region": "New York", "city": "Buffalo"}, "game_id": "762836", "values": [{"date": "2023-07-06-06-00-00", "latency": 7}]}, {"location": {"country_code": "it", "region": "Veneto"}, "game_id": "762836", "values": [{"date": "2023-07-06-20-00-00", "latency": 20}, {"date": "2023-07-06-20-00-00", "latency": 20}, {"date": "2023-07-06-20-00-00", "latency": 20}]}, {"location": {"country_code": "fr", "region": "Alsazia-Champagne-Ardenne-Lorena", "city": "Strasbourg"}, "game_id": "762836", "values": [{"date": "2023-07-06-20-00-00", "latency": 9}]}, {"location": {"country_code": "lk"}, "game_id": "762836", "values": [{"date": "2023-07-06-16-00-00", "latency": 6}, {"date": "2023-07-06-16-00-00", "latency": 6}]}, {"location": {"country_code": "br", "region": "State of Rio de Janeiro", "city": "New Fribourg"}, "game_id": "762836", "values": [{"date": "2023-07-07-01-00-00", "latency": 1}, {"date": "2023-07-07-01-00-00", "latency": 1}]}, {"location": {"country_code": "mx", "region": "Morelos", "city": "Cuernavaca"}, "game_id": "762836", "values": [{"date": "2023-07-06-07-00-00", "latency": 73}, {"date": "2023-07-06-07-00-00", "latency": 73}, {"date": "2023-07-06-07-00-00", "latency": 73}, {"date": "2023-07-06-07-00-00", "latency": 73}, {"date": "2023-07-06-07-00-00", "latency": 73}, {"date": "2023-07-06-07-00-00", "latency": 73}]}, {"location": {"country_code": "it", "region": "Apulia"}, "game_id": "762836", "values": [{"date": "2023-07-06-03-00-00", "latency": 18}, {"date": "2023-07-06-03-00-00", "latency": 18}]}, {"location": {"country_code": "br", "region": "State of Rio de Janeiro", "city": "Belford Roxo"}, "game_id": "762836", "values": [{"date": "2023-07-07-02-00-00", "latency": 14}, {"date": "2023-07-07-02-00-00", "latency": 14}, {"date": "2023-07-07-02-00-00", "latency": 14}, {"date": "2023-07-07-02-00-00", "latency": 14}, {"date": "2023-07-07-02-00-00", "latency": 14}, {"date": "2023-07-07-02-00-00", "latency": 14}, {"date": "2023-07-07-02-00-00", "latency": 14}, {"date": "2023-07-07-02-00-00", "latency": 14}, {"date": "2023-07-07-02-00-00", "latency": 14}, {"date": "2023-07-07-02-00-00", "latency": 14}]}, {"location": {"country_code": "us", "region": "South Carolina", "city": "Sumter"}, "game_id": "762836", "values": [{"date": "2023-07-06-04-00-00", "latency": 95}, {"date": "2023-07-06-04-00-00", "latency": 95}, {"date": "2023-07-06-04-00-00", "latency": 95}]}, {"location": {"country_code": "sa", "region": "Mecca Region", "city": "At Ta'if"}, "game_id": "762836", "values": [{"date": "2023-07-06-09-00-00", "latency": 4}, {"date": "2023-07-06-09-00-00", "latency": 4}, {"date": "2023-07-06-09-00-00", "latency": 4}, {"date": "2023-07-06-09-00-00", "latency": 4}, {"date": "2023-07-06-09-00-00", "latency": 4}, {"date": "2023-07-06-09-00-00", "latency": 4}, {"date": "2023-07-06-09-00-00", "latency": 4}, {"date": "2023-07-06-09-00-00", "latency": 4}, {"date": "2023-07-06-09-00-00", "latency": 4}, {"date": "2023-07-06-09-00-00", "latency": 4}, {"date": "2023-07-06-09-00-00", "latency": 4}, {"date": "2023-07-06-09-00-00", "latency": 4}, {"date": "2023-07-06-09-00-00", "latency": 4}, {"date": "2023-07-06-09-00-00", "latency": 4}, {"date": "2023-07-06-09-00-00", "latency": 4}, {"date": "2023-07-06-09-00-00", "latency": 4}, {"date": "2023-07-06-09-00-00", "latency": 4}, {"date": "2023-07-06-09-00-00", "latency": 4}, {"date": "2023-07-06-09-00-00", "latency": 4}, {"date": "2023-07-06-09-00-00", "latency": 4}, {"date": "2023-07-06-09-00-00", "latency": 4}, {"date": "2023-07-06-09-00-00", "latency": 4}, {"date": "2023-07-06-09-00-00", "latency": 4}, {"date": "2023-07-06-09-00-00", "latency": 4}, {"date": "2023-07-06-09-00-00", "latency": 4}]}], "last_updated": 1719919363.714869}