{"data": [{"location": {"country_code": "us"}, "game_id": "762836", "values": [{"date": "2023-07-26-02-00-00", "latency": 5}, {"date": "2023-07-26-02-00-00", "latency": 5}, {"date": "2023-07-26-02-00-00", "latency": 5}, {"date": "2023-07-26-02-00-00", "latency": 5}, {"date": "2023-07-25-19-00-00", "latency": 1}, {"date": "2023-07-25-02-00-00", "latency": 11}]}, {"location": {"country_code": "gb"}, "game_id": "762836", "values": [{"date": "2023-07-25-20-00-00", "latency": 7}, {"date": "2023-07-25-20-00-00", "latency": 7}]}, {"location": {"country_code": "ca"}, "game_id": "762836", "values": [{"date": "2023-07-25-23-00-00", "latency": 28}, {"date": "2023-07-25-02-00-00", "latency": 1}, {"date": "2023-07-25-22-00-00", "latency": 20}, {"date": "2023-07-25-22-00-00", "latency": 20}]}, {"location": {"country_code": "de"}, "game_id": "762836", "values": [{"date": "2023-07-25-23-00-00", "latency": 58816277}]}, {"location": {"country_code": "us", "region": "Texas"}, "game_id": "762836", "values": [{"date": "2023-07-25-05-00-00", "latency": 1}]}, {"location": {"country_code": "us", "region": "Florida"}, "game_id": "762836", "values": [{"date": "2023-07-25-18-00-00", "latency": 7}, {"date": "2023-07-25-23-00-00", "latency": 49}]}, {"location": {"country_code": "fr"}, "game_id": "762836", "values": [{"date": "2023-07-25-21-00-00", "latency": 12}, {"date": "2023-07-25-21-00-00", "latency": 12}]}, {"location": {"country_code": "fr", "region": "Ile-de-France Region", "city": "Paris"}, "game_id": "762836", "values": [{"date": "2023-07-25-23-00-00", "latency": 2}, {"date": "2023-07-25-23-00-00", "latency": 2}, {"date": "2023-07-25-23-00-00", "latency": 2}, {"date": "2023-07-25-23-00-00", "latency": 2}, {"date": "2023-07-25-23-00-00", "latency": 2}, {"date": "2023-07-25-23-00-00", "latency": 2}]}, {"location": {"country_code": "mx"}, "game_id": "762836", "values": [{"date": "2023-07-26-01-00-00", "latency": 23}, {"date": "2023-07-26-01-00-00", "latency": 23}]}, {"location": {"country_code": "us", "region": "Ohio"}, "game_id": "762836", "values": [{"date": "2023-07-25-11-00-00", "latency": 22}]}, {"location": {"country_code": "br"}, "game_id": "762836", "values": [{"date": "2023-07-25-03-00-00", "latency": 0}]}, {"location": {"country_code": "se"}, "game_id": "762836", "values": [{"date": "2023-07-26-01-00-00", "latency": 30}]}, {"location": {"country_code": "tr"}, "game_id": "762836", "values": [{"date": "2023-07-25-23-00-00", "latency": 48}, {"date": "2023-07-25-23-00-00", "latency": 48}, {"date": "2023-07-25-23-00-00", "latency": 48}, {"date": "2023-07-25-23-00-00", "latency": 48}, {"date": "2023-07-25-23-00-00", "latency": 48}, {"date": "2023-07-25-23-00-00", "latency": 48}, {"date": "2023-07-25-23-00-00", "latency": 48}, {"date": "2023-07-25-23-00-00", "latency": 48}, {"date": "2023-07-25-23-00-00", "latency": 48}, {"date": "2023-07-25-23-00-00", "latency": 48}, {"date": "2023-07-25-23-00-00", "latency": 48}, {"date": "2023-07-25-23-00-00", "latency": 48}, {"date": "2023-07-25-23-00-00", "latency": 48}, {"date": "2023-07-25-23-00-00", "latency": 48}, {"date": "2023-07-25-23-00-00", "latency": 48}, {"date": "2023-07-25-19-00-00", "latency": 1}, {"date": "2023-07-25-19-00-00", "latency": 1}]}, {"location": {"country_code": "ca", "region": "Ontario"}, "game_id": "762836", "values": [{"date": "2023-07-25-22-00-00", "latency": 50}]}, {"location": {"country_code": "ar"}, "game_id": "762836", "values": [{"date": "2023-07-26-02-00-00", "latency": 4}, {"date": "2023-07-25-22-00-00", "latency": 1}]}, {"location": {"country_code": "us", "region": "Missouri"}, "game_id": "762836", "values": [{"date": "2023-07-25-03-00-00", "latency": 43}, {"date": "2023-07-25-03-00-00", "latency": 43}, {"date": "2023-07-25-03-00-00", "latency": 43}, {"date": "2023-07-25-03-00-00", "latency": 43}, {"date": "2023-07-25-03-00-00", "latency": 43}]}, {"location": {"country_code": "ua"}, "game_id": "762836", "values": [{"date": "2023-07-25-20-00-00", "latency": 30}]}, {"location": {"country_code": "tr", "region": "Marmara Bolgesi", "city": "Istanbul"}, "game_id": "762836", "values": [{"date": "2023-07-25-20-00-00", "latency": 1}]}, {"location": {"country_code": "id"}, "game_id": "762836", "values": [{"date": "2023-07-25-17-00-00", "latency": 2}]}, {"location": {"country_code": "us", "region": "Illinois"}, "game_id": "762836", "values": [{"date": "2023-07-25-04-00-00", "latency": 53}]}, {"location": {"country_code": "us", "region": "Rhode Island"}, "game_id": "762836", "values": [{"date": "2023-07-25-05-00-00", "latency": 52}, {"date": "2023-07-25-05-00-00", "latency": 52}, {"date": "2023-07-25-05-00-00", "latency": 52}, {"date": "2023-07-25-05-00-00", "latency": 52}, {"date": "2023-07-25-05-00-00", "latency": 52}, {"date": "2023-07-25-05-00-00", "latency": 52}]}, {"location": {"country_code": "de", "region": "North Rhine-Westphalia"}, "game_id": "762836", "values": [{"date": "2023-07-25-12-00-00", "latency": 9}]}, {"location": {"country_code": "it", "region": "Piedmont", "city": "Turin"}, "game_id": "762836", "values": [{"date": "2023-07-25-11-00-00", "latency": 52}, {"date": "2023-07-25-11-00-00", "latency": 52}, {"date": "2023-07-25-11-00-00", "latency": 52}]}, {"location": {"country_code": "us", "region": "New York", "city": "Buffalo"}, "game_id": "762836", "values": [{"date": "2023-07-25-08-00-00", "latency": 9}]}, {"location": {"country_code": "it", "region": "Veneto"}, "game_id": "762836", "values": [{"date": "2023-07-25-20-00-00", "latency": 1}, {"date": "2023-07-25-20-00-00", "latency": 1}, {"date": "2023-07-25-15-00-00", "latency": 1}]}, {"location": {"country_code": "de", "region": "Saxony-Anhalt", "city": "Magdeburg"}, "game_id": "762836", "values": [{"date": "2023-07-25-11-00-00", "latency": 1}, {"date": "2023-07-25-11-00-00", "latency": 1}]}, {"location": {"country_code": "es", "region": "Andalusia", "city": "La Linea de la Concepcion"}, "game_id": "762836", "values": [{"date": "2023-07-25-21-00-00", "latency": 62}, {"date": "2023-07-25-21-00-00", "latency": 62}, {"date": "2023-07-25-21-00-00", "latency": 62}]}, {"location": {"country_code": "it", "region": "Sicily", "city": "Palermo"}, "game_id": "762836", "values": [{"date": "2023-07-25-21-00-00", "latency": 40}]}, {"location": {"country_code": "mx", "region": "Oaxaca"}, "game_id": "762836", "values": [{"date": "2023-07-25-08-00-00", "latency": 73}, {"date": "2023-07-25-08-00-00", "latency": 73}, {"date": "2023-07-25-08-00-00", "latency": 73}]}, {"location": {"country_code": "br", "region": "Sao Paulo", "city": "Tatui"}, "game_id": "762836", "values": [{"date": "2023-07-25-21-00-00", "latency": 1}]}, {"location": {"country_code": "mx", "region": "Morelos", "city": "Cuernavaca"}, "game_id": "762836", "values": [{"date": "2023-07-25-09-00-00", "latency": 90}, {"date": "2023-07-25-09-00-00", "latency": 90}, {"date": "2023-07-25-09-00-00", "latency": 90}, {"date": "2023-07-25-09-00-00", "latency": 90}]}, {"location": {"country_code": "gb", "region": "England", "city": "Ashton-in-Makerfield"}, "game_id": "762836", "values": [{"date": "2023-07-25-23-00-00", "latency": 27}]}, {"location": {"country_code": "us", "region": "South Carolina", "city": "Sumter"}, "game_id": "762836", "values": [{"date": "2023-07-26-00-00-00", "latency": 3}]}, {"location": {"country_code": "uy", "region": "Florida Department", "city": "25 de Agosto"}, "game_id": "762836", "values": [{"date": "2023-07-25-05-00-00", "latency": 17}, {"date": "2023-07-25-05-00-00", "latency": 17}, {"date": "2023-07-25-05-00-00", "latency": 17}, {"date": "2023-07-25-05-00-00", "latency": 17}, {"date": "2023-07-25-05-00-00", "latency": 17}]}], "last_updated": 1719919365.540003}