{"data": [{"location": {"country_code": "us"}, "game_id": "614266", "values": [{"date": "2023-11-04-02-00-00", "latency": 42}, {"date": "2023-11-04-02-00-00", "latency": 42}]}, {"location": {"country_code": "de"}, "game_id": "614266", "values": [{"date": "2023-11-05-00-00-00", "latency": 118}, {"date": "2023-11-05-00-00-00", "latency": 118}, {"date": "2023-11-05-00-00-00", "latency": 118}]}, {"location": {"country_code": "us", "region": "New Jersey"}, "game_id": "614266", "values": [{"date": "2023-11-04-23-00-00", "latency": 53}]}, {"location": {"country_code": "us", "region": "Ohio"}, "game_id": "614266", "values": [{"date": "2023-11-04-23-00-00", "latency": 45}, {"date": "2023-11-04-23-00-00", "latency": 45}, {"date": "2023-11-04-23-00-00", "latency": 45}]}, {"location": {"country_code": "mx", "region": "Tabasco"}, "game_id": "614266", "values": [{"date": "2023-11-05-01-00-00", "latency": 84}, {"date": "2023-11-05-01-00-00", "latency": 84}, {"date": "2023-11-05-01-00-00", "latency": 84}]}], "last_updated": 1719927596.733972}