{"data": [{"location": {"country_code": "us"}, "game_id": "116088", "values": [{"date": "2022-05-20-06-00-00", "latency": 2}, {"date": "2022-05-20-06-00-00", "latency": 2}, {"date": "2022-05-20-06-00-00", "latency": 2}, {"date": "2022-05-20-23-00-00", "latency": 7}, {"date": "2022-05-20-23-00-00", "latency": 7}, {"date": "2022-05-20-23-00-00", "latency": 7}, {"date": "2022-05-20-23-00-00", "latency": 7}]}, {"location": {"country_code": "jp"}, "game_id": "116088", "values": [{"date": "2022-05-20-08-00-00", "latency": 10}]}, {"location": {"country_code": "ca"}, "game_id": "116088", "values": [{"date": "2022-05-20-12-00-00", "latency": 10}]}, {"location": {"country_code": "ph"}, "game_id": "116088", "values": [{"date": "2022-05-20-11-00-00", "latency": 3}, {"date": "2022-05-20-11-00-00", "latency": 3}]}, {"location": {"country_code": "ca", "region": "Ontario"}, "game_id": "116088", "values": [{"date": "2022-05-20-10-00-00", "latency": 3}]}, {"location": {"country_code": "ru", "region": "Moscow", "city": "Zelenograd"}, "game_id": "116088", "values": [{"date": "2022-05-20-06-00-00", "latency": 2}, {"date": "2022-05-20-06-00-00", "latency": 2}, {"date": "2022-05-21-00-00-00", "latency": 0}]}, {"location": {"country_code": "ua"}, "game_id": "116088", "values": [{"date": "2022-05-20-19-00-00", "latency": 0}, {"date": "2022-05-20-19-00-00", "latency": 0}, {"date": "2022-05-20-19-00-00", "latency": 0}]}, {"location": {"country_code": "ru"}, "game_id": "116088", "values": [{"date": "2022-05-20-09-00-00", "latency": 8}, {"date": "2022-05-21-01-00-00", "latency": 23}, {"date": "2022-05-21-01-00-00", "latency": 23}, {"date": "2022-05-21-01-00-00", "latency": 23}, {"date": "2022-05-21-01-00-00", "latency": 23}, {"date": "2022-05-21-01-00-00", "latency": 23}, {"date": "2022-05-21-02-00-00", "latency": 0}]}, {"location": {"country_code": "id"}, "game_id": "116088", "values": [{"date": "2022-05-20-20-00-00", "latency": 3}]}, {"location": {"country_code": "ca", "region": "Quebec", "city": "Montreal"}, "game_id": "116088", "values": [{"date": "2022-05-21-01-00-00", "latency": 32}]}, {"location": {"country_code": "us", "region": "California", "city": "San Jose"}, "game_id": "116088", "values": [{"date": "2022-05-21-00-00-00", "latency": 3}]}, {"location": {"country_code": "pe", "region": "Lima region", "city": "Lima"}, "game_id": "116088", "values": [{"date": "2022-05-20-23-00-00", "latency": 1}]}, {"location": {"country_code": "ca", "region": "British Columbia", "city": "Richmond"}, "game_id": "116088", "values": [{"date": "2022-05-20-06-00-00", "latency": 5}]}, {"location": {"country_code": "br", "region": "Amapa", "city": "Santana"}, "game_id": "116088", "values": [{"date": "2022-05-20-14-00-00", "latency": 5}]}, {"location": {"country_code": "br", "region": "Sao Paulo", "city": "Santo Andre"}, "game_id": "116088", "values": [{"date": "2022-05-20-03-00-00", "latency": 17}]}, {"location": {"country_code": "ec", "region": "Pastaza", "city": "Puyo"}, "game_id": "116088", "values": [{"date": "2022-05-20-06-00-00", "latency": 100}]}, {"location": {"country_code": "de", "region": "Rhineland-Palatinate", "city": "Kaiserslautern"}, "game_id": "116088", "values": [{"date": "2022-05-20-10-00-00", "latency": 27}, {"date": "2022-05-20-10-00-00", "latency": 27}, {"date": "2022-05-20-10-00-00", "latency": 27}]}, {"location": {"country_code": "ru", "region": "Sakha", "city": "Zhatay"}, "game_id": "116088", "values": [{"date": "2022-05-20-21-00-00", "latency": 17}]}], "last_updated": 1719919368.847841}