{"data": [{"location": {"country_code": "us"}, "game_id": "452439", "values": [{"date": "2024-06-16-03-00-00", "latency": "40"}, {"date": "2024-06-16-03-00-00", "latency": "92"}, {"date": "2024-06-16-03-00-00", "latency": "43"}, {"date": "2024-06-16-09-00-00", "latency": "96"}, {"date": "2024-06-16-09-00-00", "latency": "96"}, {"date": "2024-06-16-09-00-00", "latency": "96"}]}, {"location": {"country_code": "gb"}, "game_id": "452439", "values": [{"date": "2024-06-16-10-00-00", "latency": "40"}, {"date": "2024-06-16-10-00-00", "latency": "40"}, {"date": "2024-06-16-10-00-00", "latency": "40"}, {"date": "2024-06-16-10-00-00", "latency": "40"}, {"date": "2024-06-16-10-00-00", "latency": "40"}, {"date": "2024-06-16-10-00-00", "latency": "40"}, {"date": "2024-06-16-10-00-00", "latency": "40"}, {"date": "2024-06-16-10-00-00", "latency": "40"}, {"date": "2024-06-16-10-00-00", "latency": "40"}, {"date": "2024-06-16-10-00-00", "latency": "40"}, {"date": "2024-06-16-10-00-00", "latency": "40"}, {"date": "2024-06-16-10-00-00", "latency": "40"}, {"date": "2024-06-16-10-00-00", "latency": "40"}, {"date": "2024-06-17-01-00-00", "latency": "40"}, {"date": "2024-06-17-01-00-00", "latency": "40"}, {"date": "2024-06-17-01-00-00", "latency": "40"}, {"date": "2024-06-17-01-00-00", "latency": "40"}]}, {"location": {"country_code": "th"}, "game_id": "452439", "values": [{"date": "2024-06-16-10-00-00", "latency": "74"}, {"date": "2024-06-16-10-00-00", "latency": "74"}, {"date": "2024-06-16-10-00-00", "latency": "74"}, {"date": "2024-06-16-10-00-00", "latency": "74"}, {"date": "2024-06-16-10-00-00", "latency": "74"}, {"date": "2024-06-16-10-00-00", "latency": "74"}, {"date": "2024-06-16-10-00-00", "latency": "74"}, {"date": "2024-06-16-10-00-00", "latency": "74"}, {"date": "2024-06-16-10-00-00", "latency": "74"}]}, {"location": {"country_code": "it"}, "game_id": "452439", "values": [{"date": "2024-06-16-20-00-00", "latency": "38"}]}, {"location": {"country_code": "ca"}, "game_id": "452439", "values": [{"date": "2024-06-16-02-00-00", "latency": "98"}, {"date": "2024-06-16-02-00-00", "latency": "98"}, {"date": "2024-06-16-02-00-00", "latency": "98"}, {"date": "2024-06-16-02-00-00", "latency": "98"}, {"date": "2024-06-16-02-00-00", "latency": "98"}, {"date": "2024-06-16-02-00-00", "latency": "98"}, {"date": "2024-06-16-02-00-00", "latency": "98"}, {"date": "2024-06-16-02-00-00", "latency": "98"}, {"date": "2024-06-16-02-00-00", "latency": "98"}, {"date": "2024-06-16-02-00-00", "latency": "98"}, {"date": "2024-06-16-02-00-00", "latency": "98"}, {"date": "2024-06-16-02-00-00", "latency": "98"}, {"date": "2024-06-16-02-00-00", "latency": "98"}, {"date": "2024-06-16-02-00-00", "latency": "98"}, {"date": "2024-06-16-02-00-00", "latency": "98"}, {"date": "2024-06-16-02-00-00", "latency": "98"}, {"date": "2024-06-16-02-00-00", "latency": "98"}, {"date": "2024-06-16-02-00-00", "latency": "98"}, {"date": "2024-06-16-02-00-00", "latency": "98"}, {"date": "2024-06-16-02-00-00", "latency": "98"}]}, {"location": {"country_code": "de"}, "game_id": "452439", "values": [{"date": "2024-06-16-17-00-00", "latency": "18"}, {"date": "2024-06-16-17-00-00", "latency": "18"}, {"date": "2024-06-16-17-00-00", "latency": "18"}, {"date": "2024-06-16-20-00-00", "latency": "15"}, {"date": "2024-06-16-20-00-00", "latency": "15"}, {"date": "2024-06-16-20-00-00", "latency": "15"}, {"date": "2024-06-16-20-00-00", "latency": "15"}, {"date": "2024-06-16-20-00-00", "latency": "15"}, {"date": "2024-06-16-20-00-00", "latency": "15"}, {"date": "2024-06-16-04-00-00", "latency": "16"}, {"date": "2024-06-16-04-00-00", "latency": "16"}, {"date": "2024-06-16-04-00-00", "latency": "16"}, {"date": "2024-06-16-17-00-00", "latency": "18"}, {"date": "2024-06-16-17-00-00", "latency": "18"}, {"date": "2024-06-16-17-00-00", "latency": "18"}, {"date": "2024-06-16-17-00-00", "latency": "18"}, {"date": "2024-06-16-17-00-00", "latency": "18"}, {"date": "2024-06-16-17-00-00", "latency": "18"}, {"date": "2024-06-16-10-00-00", "latency": "19"}, {"date": "2024-06-16-10-00-00", "latency": "19"}, {"date": "2024-06-16-10-00-00", "latency": "19"}, {"date": "2024-06-16-10-00-00", "latency": "19"}, {"date": "2024-06-16-10-00-00", "latency": "19"}, {"date": "2024-06-16-10-00-00", "latency": "19"}, {"date": "2024-06-16-10-00-00", "latency": "19"}, {"date": "2024-06-16-10-00-00", "latency": "19"}, {"date": "2024-06-16-10-00-00", "latency": "19"}, {"date": "2024-06-16-10-00-00", "latency": "19"}, {"date": "2024-06-16-10-00-00", "latency": "19"}, {"date": "2024-06-16-10-00-00", "latency": "19"}, {"date": "2024-06-16-10-00-00", "latency": "19"}, {"date": "2024-06-16-10-00-00", "latency": "19"}, {"date": "2024-06-16-10-00-00", "latency": "19"}, {"date": "2024-06-17-01-00-00", "latency": "16"}, {"date": "2024-06-17-01-00-00", "latency": "16"}, {"date": "2024-06-17-01-00-00", "latency": "16"}, {"date": "2024-06-17-01-00-00", "latency": "16"}, {"date": "2024-06-16-17-00-00", "latency": "15"}, {"date": "2024-06-16-17-00-00", "latency": "15"}, {"date": "2024-06-16-17-00-00", "latency": "15"}, {"date": "2024-06-16-17-00-00", "latency": "15"}, {"date": "2024-06-16-17-00-00", "latency": "15"}, {"date": "2024-06-16-17-00-00", "latency": "15"}, {"date": "2024-06-16-17-00-00", "latency": "15"}, {"date": "2024-06-16-17-00-00", "latency": "15"}, {"date": "2024-06-16-17-00-00", "latency": "15"}, {"date": "2024-06-16-17-00-00", "latency": "15"}, {"date": "2024-06-16-17-00-00", "latency": "15"}, {"date": "2024-06-16-17-00-00", "latency": "15"}, {"date": "2024-06-16-17-00-00", "latency": "15"}, {"date": "2024-06-16-17-00-00", "latency": "15"}, {"date": "2024-06-16-12-00-00", "latency": "24"}, {"date": "2024-06-16-12-00-00", "latency": "24"}, {"date": "2024-06-16-12-00-00", "latency": "24"}, {"date": "2024-06-16-12-00-00", "latency": "24"}, {"date": "2024-06-16-12-00-00", "latency": "24"}, {"date": "2024-06-16-17-00-00", "latency": "22"}, {"date": "2024-06-16-17-00-00", "latency": "22"}, {"date": "2024-06-16-17-00-00", "latency": "22"}, {"date": "2024-06-16-17-00-00", "latency": "22"}, {"date": "2024-06-16-17-00-00", "latency": "22"}, {"date": "2024-06-16-17-00-00", "latency": "22"}, {"date": "2024-06-16-17-00-00", "latency": "22"}, {"date": "2024-06-16-17-00-00", "latency": "22"}, {"date": "2024-06-17-01-00-00", "latency": "11"}, {"date": "2024-06-17-01-00-00", "latency": "11"}, {"date": "2024-06-17-01-00-00", "latency": "11"}, {"date": "2024-06-17-01-00-00", "latency": "11"}, {"date": "2024-06-17-01-00-00", "latency": "11"}, {"date": "2024-06-17-01-00-00", "latency": "11"}]}, {"location": {"country_code": "us", "region": "Indiana"}, "game_id": "452439", "values": [{"date": "2024-06-17-02-00-00", "latency": "45"}, {"date": "2024-06-17-02-00-00", "latency": "45"}]}, {"location": {"country_code": "cl"}, "game_id": "452439", "values": [{"date": "2024-06-16-09-00-00", "latency": "140"}, {"date": "2024-06-16-09-00-00", "latency": "140"}, {"date": "2024-06-16-09-00-00", "latency": "140"}, {"date": "2024-06-16-09-00-00", "latency": "140"}, {"date": "2024-06-16-09-00-00", "latency": "140"}, {"date": "2024-06-16-07-00-00", "latency": "51"}, {"date": "2024-06-16-07-00-00", "latency": "51"}, {"date": "2024-06-16-07-00-00", "latency": "51"}, {"date": "2024-06-16-07-00-00", "latency": "51"}, {"date": "2024-06-16-07-00-00", "latency": "51"}]}, {"location": {"country_code": "us", "region": "Texas"}, "game_id": "452439", "values": [{"date": "2024-06-16-03-00-00", "latency": "50"}]}, {"location": {"country_code": "us", "region": "Florida"}, "game_id": "452439", "values": [{"date": "2024-06-16-05-00-00", "latency": "57"}, {"date": "2024-06-16-05-00-00", "latency": "57"}]}, {"location": {"country_code": "ph"}, "game_id": "452439", "values": [{"date": "2024-06-16-17-00-00", "latency": "53"}, {"date": "2024-06-16-17-00-00", "latency": "53"}, {"date": "2024-06-16-17-00-00", "latency": "53"}, {"date": "2024-06-16-17-00-00", "latency": "53"}, {"date": "2024-06-16-17-00-00", "latency": "53"}, {"date": "2024-06-16-17-00-00", "latency": "53"}, {"date": "2024-06-16-17-00-00", "latency": "53"}]}, {"location": {"country_code": "fr"}, "game_id": "452439", "values": [{"date": "2024-06-16-10-00-00", "latency": "26"}, {"date": "2024-06-16-10-00-00", "latency": "26"}, {"date": "2024-06-16-10-00-00", "latency": "26"}, {"date": "2024-06-16-10-00-00", "latency": "26"}, {"date": "2024-06-16-10-00-00", "latency": "26"}, {"date": "2024-06-16-10-00-00", "latency": "26"}, {"date": "2024-06-16-10-00-00", "latency": "26"}, {"date": "2024-06-16-10-00-00", "latency": "26"}]}, {"location": {"country_code": "us", "region": "New Jersey"}, "game_id": "452439", "values": [{"date": "2024-06-16-22-00-00", "latency": "27"}, {"date": "2024-06-16-22-00-00", "latency": "27"}, {"date": "2024-06-16-22-00-00", "latency": "27"}, {"date": "2024-06-16-22-00-00", "latency": "27"}, {"date": "2024-06-16-22-00-00", "latency": "27"}, {"date": "2024-06-16-22-00-00", "latency": "27"}, {"date": "2024-06-16-22-00-00", "latency": "27"}, {"date": "2024-06-16-22-00-00", "latency": "27"}, {"date": "2024-06-16-22-00-00", "latency": "27"}, {"date": "2024-06-16-22-00-00", "latency": "27"}, {"date": "2024-06-16-22-00-00", "latency": "27"}, {"date": "2024-06-16-22-00-00", "latency": "27"}]}, {"location": {"country_code": "us", "region": "Ohio"}, "game_id": "452439", "values": [{"date": "2024-06-16-07-00-00", "latency": "30"}, {"date": "2024-06-16-07-00-00", "latency": "30"}, {"date": "2024-06-16-07-00-00", "latency": "30"}, {"date": "2024-06-16-07-00-00", "latency": "30"}, {"date": "2024-06-16-07-00-00", "latency": "30"}, {"date": "2024-06-16-03-00-00", "latency": "35"}, {"date": "2024-06-16-03-00-00", "latency": "35"}, {"date": "2024-06-16-03-00-00", "latency": "35"}, {"date": "2024-06-16-03-00-00", "latency": "35"}, {"date": "2024-06-16-03-00-00", "latency": "35"}, {"date": "2024-06-16-03-00-00", "latency": "35"}, {"date": "2024-06-16-03-00-00", "latency": "35"}, {"date": "2024-06-16-03-00-00", "latency": "35"}, {"date": "2024-06-16-03-00-00", "latency": "35"}, {"date": "2024-06-16-03-00-00", "latency": "35"}, {"date": "2024-06-16-03-00-00", "latency": "35"}, {"date": "2024-06-16-03-00-00", "latency": "35"}, {"date": "2024-06-16-03-00-00", "latency": "35"}, {"date": "2024-06-16-03-00-00", "latency": "35"}, {"date": "2024-06-16-03-00-00", "latency": "35"}, {"date": "2024-06-16-03-00-00", "latency": "35"}]}, {"location": {"country_code": "se"}, "game_id": "452439", "values": [{"date": "2024-06-16-09-00-00", "latency": "31"}, {"date": "2024-06-16-09-00-00", "latency": "31"}, {"date": "2024-06-16-09-00-00", "latency": "31"}, {"date": "2024-06-16-09-00-00", "latency": "31"}, {"date": "2024-06-16-09-00-00", "latency": "31"}, {"date": "2024-06-16-20-00-00", "latency": "23"}, {"date": "2024-06-16-20-00-00", "latency": "23"}, {"date": "2024-06-16-20-00-00", "latency": "23"}, {"date": "2024-06-16-20-00-00", "latency": "23"}, {"date": "2024-06-16-20-00-00", "latency": "23"}, {"date": "2024-06-16-20-00-00", "latency": "23"}, {"date": "2024-06-16-20-00-00", "latency": "23"}, {"date": "2024-06-16-20-00-00", "latency": "23"}, {"date": "2024-06-16-20-00-00", "latency": "23"}, {"date": "2024-06-16-20-00-00", "latency": "23"}, {"date": "2024-06-16-20-00-00", "latency": "23"}, {"date": "2024-06-16-20-00-00", "latency": "23"}, {"date": "2024-06-16-20-00-00", "latency": "23"}, {"date": "2024-06-16-20-00-00", "latency": "23"}, {"date": "2024-06-16-20-00-00", "latency": "23"}]}, {"location": {"country_code": "dk"}, "game_id": "452439", "values": [{"date": "2024-06-16-17-00-00", "latency": "29"}, {"date": "2024-06-16-17-00-00", "latency": "29"}, {"date": "2024-06-16-17-00-00", "latency": "29"}, {"date": "2024-06-16-17-00-00", "latency": "29"}, {"date": "2024-06-16-17-00-00", "latency": "29"}, {"date": "2024-06-16-17-00-00", "latency": "29"}, {"date": "2024-06-16-17-00-00", "latency": "29"}, {"date": "2024-06-16-17-00-00", "latency": "29"}, {"date": "2024-06-16-17-00-00", "latency": "29"}, {"date": "2024-06-16-17-00-00", "latency": "29"}, {"date": "2024-06-16-17-00-00", "latency": "29"}, {"date": "2024-06-16-17-00-00", "latency": "29"}, {"date": "2024-06-16-17-00-00", "latency": "29"}, {"date": "2024-06-16-17-00-00", "latency": "29"}, {"date": "2024-06-16-17-00-00", "latency": "29"}, {"date": "2024-06-16-17-00-00", "latency": "29"}, {"date": "2024-06-16-17-00-00", "latency": "29"}, {"date": "2024-06-16-17-00-00", "latency": "29"}, {"date": "2024-06-16-17-00-00", "latency": "29"}, {"date": "2024-06-16-17-00-00", "latency": "29"}, {"date": "2024-06-16-17-00-00", "latency": "29"}, {"date": "2024-06-16-17-00-00", "latency": "29"}, {"date": "2024-06-16-17-00-00", "latency": "29"}, {"date": "2024-06-16-17-00-00", "latency": "29"}, {"date": "2024-06-16-17-00-00", "latency": "29"}, {"date": "2024-06-16-17-00-00", "latency": "29"}]}, {"location": {"country_code": "es"}, "game_id": "452439", "values": [{"date": "2024-06-16-03-00-00", "latency": "35"}, {"date": "2024-06-16-03-00-00", "latency": "35"}, {"date": "2024-06-16-03-00-00", "latency": "35"}, {"date": "2024-06-16-03-00-00", "latency": "35"}, {"date": "2024-06-16-03-00-00", "latency": "35"}, {"date": "2024-06-16-03-00-00", "latency": "35"}, {"date": "2024-06-16-03-00-00", "latency": "35"}, {"date": "2024-06-16-03-00-00", "latency": "35"}, {"date": "2024-06-16-03-00-00", "latency": "35"}, {"date": "2024-06-16-03-00-00", "latency": "35"}]}, {"location": {"country_code": "es", "region": "Madrid"}, "game_id": "452439", "values": [{"date": "2024-06-16-17-00-00", "latency": "38"}, {"date": "2024-06-16-17-00-00", "latency": "38"}, {"date": "2024-06-16-17-00-00", "latency": "38"}, {"date": "2024-06-16-17-00-00", "latency": "38"}, {"date": "2024-06-16-17-00-00", "latency": "38"}, {"date": "2024-06-16-17-00-00", "latency": "38"}, {"date": "2024-06-16-17-00-00", "latency": "38"}, {"date": "2024-06-16-17-00-00", "latency": "38"}, {"date": "2024-06-16-17-00-00", "latency": "38"}]}, {"location": {"country_code": "ar"}, "game_id": "452439", "values": [{"date": "2024-06-17-01-00-00", "latency": "51"}, {"date": "2024-06-17-01-00-00", "latency": "51"}, {"date": "2024-06-17-01-00-00", "latency": "51"}, {"date": "2024-06-17-01-00-00", "latency": "51"}, {"date": "2024-06-17-01-00-00", "latency": "51"}, {"date": "2024-06-17-01-00-00", "latency": "51"}, {"date": "2024-06-17-01-00-00", "latency": "51"}, {"date": "2024-06-17-01-00-00", "latency": "51"}, {"date": "2024-06-17-01-00-00", "latency": "51"}, {"date": "2024-06-17-01-00-00", "latency": "51"}, {"date": "2024-06-17-01-00-00", "latency": "51"}, {"date": "2024-06-17-01-00-00", "latency": "51"}, {"date": "2024-06-16-21-00-00", "latency": "32"}, {"date": "2024-06-16-21-00-00", "latency": "32"}, {"date": "2024-06-16-21-00-00", "latency": "32"}, {"date": "2024-06-16-21-00-00", "latency": "32"}, {"date": "2024-06-16-21-00-00", "latency": "32"}, {"date": "2024-06-16-21-00-00", "latency": "32"}, {"date": "2024-06-16-21-00-00", "latency": "32"}, {"date": "2024-06-16-21-00-00", "latency": "32"}, {"date": "2024-06-16-05-00-00", "latency": "31"}, {"date": "2024-06-16-05-00-00", "latency": "31"}, {"date": "2024-06-16-05-00-00", "latency": "31"}]}, {"location": {"country_code": "ru", "region": "Moscow", "city": "Zelenograd"}, "game_id": "452439", "values": [{"date": "2024-06-16-17-00-00", "latency": "37"}, {"date": "2024-06-16-17-00-00", "latency": "37"}, {"date": "2024-06-16-17-00-00", "latency": "37"}, {"date": "2024-06-16-17-00-00", "latency": "37"}, {"date": "2024-06-16-17-00-00", "latency": "37"}, {"date": "2024-06-16-17-00-00", "latency": "37"}, {"date": "2024-06-16-17-00-00", "latency": "37"}, {"date": "2024-06-16-17-00-00", "latency": "37"}, {"date": "2024-06-16-17-00-00", "latency": "37"}, {"date": "2024-06-16-17-00-00", "latency": "37"}, {"date": "2024-06-16-17-00-00", "latency": "37"}, {"date": "2024-06-16-17-00-00", "latency": "37"}, {"date": "2024-06-16-17-00-00", "latency": "37"}, {"date": "2024-06-16-17-00-00", "latency": "37"}, {"date": "2024-06-16-17-00-00", "latency": "37"}, {"date": "2024-06-16-17-00-00", "latency": "37"}, {"date": "2024-06-16-17-00-00", "latency": "37"}, {"date": "2024-06-16-17-00-00", "latency": "37"}, {"date": "2024-06-16-17-00-00", "latency": "37"}]}, {"location": {"country_code": "ar", "region": "Buenos Aires F.D.", "city": "Bahia Blanca"}, "game_id": "452439", "values": [{"date": "2024-06-16-04-00-00", "latency": "32"}]}, {"location": {"country_code": "us", "region": "Virginia"}, "game_id": "452439", "values": [{"date": "2024-06-16-05-00-00", "latency": "18"}, {"date": "2024-06-16-05-00-00", "latency": "18"}, {"date": "2024-06-16-05-00-00", "latency": "18"}, {"date": "2024-06-16-05-00-00", "latency": "18"}, {"date": "2024-06-16-05-00-00", "latency": "18"}, {"date": "2024-06-16-05-00-00", "latency": "18"}, {"date": "2024-06-16-05-00-00", "latency": "18"}, {"date": "2024-06-16-05-00-00", "latency": "18"}]}, {"location": {"country_code": "jp", "region": "Tokyo"}, "game_id": "452439", "values": [{"date": "2024-06-16-07-00-00", "latency": "27"}, {"date": "2024-06-16-07-00-00", "latency": "27"}, {"date": "2024-06-16-07-00-00", "latency": "27"}, {"date": "2024-06-16-07-00-00", "latency": "27"}, {"date": "2024-06-16-07-00-00", "latency": "27"}, {"date": "2024-06-16-07-00-00", "latency": "27"}, {"date": "2024-06-16-07-00-00", "latency": "27"}, {"date": "2024-06-16-07-00-00", "latency": "27"}, {"date": "2024-06-16-07-00-00", "latency": "27"}, {"date": "2024-06-16-07-00-00", "latency": "27"}, {"date": "2024-06-16-07-00-00", "latency": "27"}, {"date": "2024-06-16-07-00-00", "latency": "27"}]}, {"location": {"country_code": "us", "region": "South Carolina"}, "game_id": "452439", "values": [{"date": "2024-06-16-23-00-00", "latency": "30"}, {"date": "2024-06-16-23-00-00", "latency": "30"}, {"date": "2024-06-16-23-00-00", "latency": "30"}]}, {"location": {"country_code": "hu"}, "game_id": "452439", "values": [{"date": "2024-06-16-18-00-00", "latency": "42"}, {"date": "2024-06-16-18-00-00", "latency": "42"}, {"date": "2024-06-16-18-00-00", "latency": "42"}, {"date": "2024-06-16-18-00-00", "latency": "42"}]}, {"location": {"country_code": "us", "region": "Pennsylvania", "city": "Pittsburgh"}, "game_id": "452439", "values": [{"date": "2024-06-16-05-00-00", "latency": "69"}, {"date": "2024-06-16-05-00-00", "latency": "69"}, {"date": "2024-06-16-05-00-00", "latency": "69"}, {"date": "2024-06-16-05-00-00", "latency": "69"}, {"date": "2024-06-16-05-00-00", "latency": "69"}, {"date": "2024-06-16-05-00-00", "latency": "69"}, {"date": "2024-06-16-05-00-00", "latency": "69"}, {"date": "2024-06-16-05-00-00", "latency": "69"}, {"date": "2024-06-16-05-00-00", "latency": "69"}, {"date": "2024-06-16-05-00-00", "latency": "69"}, {"date": "2024-06-16-05-00-00", "latency": "69"}, {"date": "2024-06-16-05-00-00", "latency": "69"}, {"date": "2024-06-16-05-00-00", "latency": "69"}, {"date": "2024-06-16-05-00-00", "latency": "69"}, {"date": "2024-06-16-05-00-00", "latency": "69"}, {"date": "2024-06-16-05-00-00", "latency": "69"}, {"date": "2024-06-16-05-00-00", "latency": "69"}, {"date": "2024-06-16-05-00-00", "latency": "69"}]}, {"location": {"country_code": "at"}, "game_id": "452439", "values": [{"date": "2024-06-16-21-00-00", "latency": "33"}, {"date": "2024-06-16-21-00-00", "latency": "33"}, {"date": "2024-06-16-21-00-00", "latency": "33"}, {"date": "2024-06-16-21-00-00", "latency": "33"}]}, {"location": {"country_code": "cr"}, "game_id": "452439", "values": [{"date": "2024-06-17-01-00-00", "latency": "62"}, {"date": "2024-06-17-01-00-00", "latency": "62"}, {"date": "2024-06-17-01-00-00", "latency": "62"}, {"date": "2024-06-17-01-00-00", "latency": "62"}, {"date": "2024-06-17-01-00-00", "latency": "62"}, {"date": "2024-06-17-01-00-00", "latency": "62"}, {"date": "2024-06-17-01-00-00", "latency": "62"}]}, {"location": {"country_code": "ie"}, "game_id": "452439", "values": [{"date": "2024-06-16-03-00-00", "latency": "120"}, {"date": "2024-06-16-03-00-00", "latency": "120"}, {"date": "2024-06-16-03-00-00", "latency": "120"}]}, {"location": {"country_code": "ua"}, "game_id": "452439", "values": [{"date": "2024-06-16-21-00-00", "latency": "41"}, {"date": "2024-06-16-11-00-00", "latency": "43"}, {"date": "2024-06-16-11-00-00", "latency": "43"}, {"date": "2024-06-16-11-00-00", "latency": "43"}, {"date": "2024-06-16-11-00-00", "latency": "43"}, {"date": "2024-06-16-11-00-00", "latency": "43"}, {"date": "2024-06-16-11-00-00", "latency": "43"}, {"date": "2024-06-16-11-00-00", "latency": "43"}, {"date": "2024-06-16-11-00-00", "latency": "43"}, {"date": "2024-06-16-11-00-00", "latency": "43"}, {"date": "2024-06-16-11-00-00", "latency": "43"}, {"date": "2024-06-16-11-00-00", "latency": "43"}, {"date": "2024-06-16-11-00-00", "latency": "43"}, {"date": "2024-06-16-11-00-00", "latency": "43"}, {"date": "2024-06-16-23-00-00", "latency": "30"}, {"date": "2024-06-16-03-00-00", "latency": "118"}, {"date": "2024-06-16-03-00-00", "latency": "118"}, {"date": "2024-06-16-03-00-00", "latency": "118"}, {"date": "2024-06-16-03-00-00", "latency": "118"}, {"date": "2024-06-16-03-00-00", "latency": "118"}, {"date": "2024-06-16-03-00-00", "latency": "118"}, {"date": "2024-06-16-03-00-00", "latency": "118"}, {"date": "2024-06-16-03-00-00", "latency": "118"}, {"date": "2024-06-16-03-00-00", "latency": "118"}, {"date": "2024-06-16-03-00-00", "latency": "118"}, {"date": "2024-06-16-03-00-00", "latency": "118"}, {"date": "2024-06-16-03-00-00", "latency": "118"}, {"date": "2024-06-16-03-00-00", "latency": "118"}]}, {"location": {"country_code": "ru"}, "game_id": "452439", "values": [{"date": "2024-06-17-00-00-00", "latency": "66"}, {"date": "2024-06-16-14-00-00", "latency": "121"}, {"date": "2024-06-16-14-00-00", "latency": "121"}, {"date": "2024-06-16-14-00-00", "latency": "121"}]}, {"location": {"country_code": "sk"}, "game_id": "452439", "values": [{"date": "2024-06-16-15-00-00", "latency": "19"}, {"date": "2024-06-16-15-00-00", "latency": "19"}, {"date": "2024-06-16-15-00-00", "latency": "19"}, {"date": "2024-06-16-15-00-00", "latency": "19"}, {"date": "2024-06-16-15-00-00", "latency": "19"}, {"date": "2024-06-16-15-00-00", "latency": "19"}, {"date": "2024-06-16-15-00-00", "latency": "19"}, {"date": "2024-06-16-15-00-00", "latency": "19"}, {"date": "2024-06-16-15-00-00", "latency": "19"}, {"date": "2024-06-16-15-00-00", "latency": "19"}, {"date": "2024-06-16-15-00-00", "latency": "19"}]}, {"location": {"country_code": "us", "region": "Kentucky"}, "game_id": "452439", "values": [{"date": "2024-06-16-03-00-00", "latency": "24"}, {"date": "2024-06-16-03-00-00", "latency": "24"}, {"date": "2024-06-16-03-00-00", "latency": "24"}, {"date": "2024-06-16-03-00-00", "latency": "24"}, {"date": "2024-06-16-03-00-00", "latency": "24"}, {"date": "2024-06-16-03-00-00", "latency": "24"}, {"date": "2024-06-16-03-00-00", "latency": "24"}, {"date": "2024-06-16-03-00-00", "latency": "24"}, {"date": "2024-06-16-03-00-00", "latency": "24"}, {"date": "2024-06-16-03-00-00", "latency": "24"}, {"date": "2024-06-16-03-00-00", "latency": "24"}, {"date": "2024-06-16-03-00-00", "latency": "24"}, {"date": "2024-06-16-03-00-00", "latency": "24"}, {"date": "2024-06-16-03-00-00", "latency": "24"}, {"date": "2024-06-16-03-00-00", "latency": "24"}, {"date": "2024-06-16-03-00-00", "latency": "24"}, {"date": "2024-06-16-03-00-00", "latency": "24"}, {"date": "2024-06-16-03-00-00", "latency": "24"}, {"date": "2024-06-16-03-00-00", "latency": "24"}]}, {"location": {"country_code": "fr", "region": "Ile-de-France Region", "city": "Paris"}, "game_id": "452439", "values": [{"date": "2024-06-16-07-00-00", "latency": "53"}, {"date": "2024-06-16-07-00-00", "latency": "53"}, {"date": "2024-06-16-07-00-00", "latency": "53"}, {"date": "2024-06-16-07-00-00", "latency": "53"}, {"date": "2024-06-16-07-00-00", "latency": "53"}, {"date": "2024-06-16-07-00-00", "latency": "53"}, {"date": "2024-06-16-07-00-00", "latency": "53"}, {"date": "2024-06-16-07-00-00", "latency": "53"}, {"date": "2024-06-16-07-00-00", "latency": "53"}, {"date": "2024-06-16-07-00-00", "latency": "53"}]}, {"location": {"country_code": "by"}, "game_id": "452439", "values": [{"date": "2024-06-16-20-00-00", "latency": "43"}]}, {"location": {"country_code": "de", "region": "Lower Saxony"}, "game_id": "452439", "values": [{"date": "2024-06-16-17-00-00", "latency": "72"}, {"date": "2024-06-16-17-00-00", "latency": "72"}, {"date": "2024-06-16-17-00-00", "latency": "72"}, {"date": "2024-06-16-17-00-00", "latency": "72"}, {"date": "2024-06-16-17-00-00", "latency": "72"}, {"date": "2024-06-16-17-00-00", "latency": "72"}, {"date": "2024-06-16-17-00-00", "latency": "72"}, {"date": "2024-06-16-17-00-00", "latency": "72"}, {"date": "2024-06-16-17-00-00", "latency": "72"}]}, {"location": {"country_code": "ca", "region": "British Columbia"}, "game_id": "452439", "values": [{"date": "2024-06-16-06-00-00", "latency": "86"}, {"date": "2024-06-16-06-00-00", "latency": "86"}, {"date": "2024-06-16-06-00-00", "latency": "86"}, {"date": "2024-06-16-06-00-00", "latency": "86"}, {"date": "2024-06-16-06-00-00", "latency": "86"}, {"date": "2024-06-16-06-00-00", "latency": "86"}, {"date": "2024-06-16-06-00-00", "latency": "86"}, {"date": "2024-06-16-06-00-00", "latency": "86"}, {"date": "2024-06-16-06-00-00", "latency": "86"}, {"date": "2024-06-16-06-00-00", "latency": "86"}, {"date": "2024-06-16-06-00-00", "latency": "86"}, {"date": "2024-06-17-01-00-00", "latency": "77"}, {"date": "2024-06-17-01-00-00", "latency": "77"}, {"date": "2024-06-17-01-00-00", "latency": "77"}, {"date": "2024-06-17-01-00-00", "latency": "77"}, {"date": "2024-06-17-01-00-00", "latency": "77"}, {"date": "2024-06-17-01-00-00", "latency": "77"}]}, {"location": {"country_code": "us", "region": "Washington", "city": "Seattle"}, "game_id": "452439", "values": [{"date": "2024-06-16-02-00-00", "latency": "56"}, {"date": "2024-06-16-02-00-00", "latency": "56"}, {"date": "2024-06-16-02-00-00", "latency": "56"}, {"date": "2024-06-16-02-00-00", "latency": "56"}, {"date": "2024-06-16-02-00-00", "latency": "56"}, {"date": "2024-06-16-02-00-00", "latency": "56"}]}, {"location": {"country_code": "de", "region": "North Rhine-Westphalia"}, "game_id": "452439", "values": [{"date": "2024-06-16-15-00-00", "latency": "5"}, {"date": "2024-06-16-15-00-00", "latency": "5"}, {"date": "2024-06-16-15-00-00", "latency": "5"}, {"date": "2024-06-16-15-00-00", "latency": "5"}]}, {"location": {"country_code": "us", "region": "Oregon", "city": "Portland"}, "game_id": "452439", "values": [{"date": "2024-06-16-10-00-00", "latency": "36"}, {"date": "2024-06-16-10-00-00", "latency": "36"}, {"date": "2024-06-16-10-00-00", "latency": "36"}, {"date": "2024-06-16-10-00-00", "latency": "36"}, {"date": "2024-06-16-10-00-00", "latency": "36"}, {"date": "2024-06-16-10-00-00", "latency": "36"}, {"date": "2024-06-16-10-00-00", "latency": "36"}]}, {"location": {"country_code": "ua", "region": "Kyiv"}, "game_id": "452439", "values": [{"date": "2024-06-16-17-00-00", "latency": "36"}, {"date": "2024-06-16-17-00-00", "latency": "36"}, {"date": "2024-06-16-17-00-00", "latency": "36"}, {"date": "2024-06-16-17-00-00", "latency": "36"}, {"date": "2024-06-16-17-00-00", "latency": "36"}, {"date": "2024-06-16-17-00-00", "latency": "36"}, {"date": "2024-06-16-17-00-00", "latency": "36"}, {"date": "2024-06-16-17-00-00", "latency": "36"}, {"date": "2024-06-16-17-00-00", "latency": "36"}]}, {"location": {"country_code": "ee"}, "game_id": "452439", "values": [{"date": "2024-06-16-10-00-00", "latency": "37"}, {"date": "2024-06-16-10-00-00", "latency": "37"}, {"date": "2024-06-16-10-00-00", "latency": "37"}, {"date": "2024-06-16-10-00-00", "latency": "37"}, {"date": "2024-06-16-10-00-00", "latency": "37"}, {"date": "2024-06-16-10-00-00", "latency": "37"}, {"date": "2024-06-16-10-00-00", "latency": "37"}, {"date": "2024-06-16-10-00-00", "latency": "37"}, {"date": "2024-06-16-10-00-00", "latency": "37"}, {"date": "2024-06-16-10-00-00", "latency": "37"}, {"date": "2024-06-16-10-00-00", "latency": "37"}, {"date": "2024-06-16-10-00-00", "latency": "37"}, {"date": "2024-06-16-10-00-00", "latency": "37"}, {"date": "2024-06-16-10-00-00", "latency": "37"}, {"date": "2024-06-16-10-00-00", "latency": "37"}, {"date": "2024-06-16-10-00-00", "latency": "37"}, {"date": "2024-06-16-10-00-00", "latency": "37"}]}, {"location": {"country_code": "ca", "region": "British Columbia", "city": "Victoria"}, "game_id": "452439", "values": [{"date": "2024-06-17-01-00-00", "latency": "45"}, {"date": "2024-06-17-01-00-00", "latency": "45"}, {"date": "2024-06-17-01-00-00", "latency": "45"}, {"date": "2024-06-17-01-00-00", "latency": "45"}]}, {"location": {"country_code": "gb", "region": "England", "city": "Norwich"}, "game_id": "452439", "values": [{"date": "2024-06-16-23-00-00", "latency": "66"}, {"date": "2024-06-16-23-00-00", "latency": "66"}, {"date": "2024-06-16-23-00-00", "latency": "66"}, {"date": "2024-06-16-23-00-00", "latency": "66"}, {"date": "2024-06-16-23-00-00", "latency": "66"}, {"date": "2024-06-16-23-00-00", "latency": "66"}]}, {"location": {"country_code": "de", "region": "Berlin"}, "game_id": "452439", "values": [{"date": "2024-06-17-00-00-00", "latency": "22"}, {"date": "2024-06-17-00-00-00", "latency": "22"}]}, {"location": {"country_code": "ru", "region": "Krasnodar Krai"}, "game_id": "452439", "values": [{"date": "2024-06-16-10-00-00", "latency": "74"}, {"date": "2024-06-16-10-00-00", "latency": "74"}, {"date": "2024-06-16-10-00-00", "latency": "74"}, {"date": "2024-06-16-10-00-00", "latency": "74"}, {"date": "2024-06-16-10-00-00", "latency": "74"}, {"date": "2024-06-16-10-00-00", "latency": "74"}, {"date": "2024-06-16-10-00-00", "latency": "74"}, {"date": "2024-06-16-10-00-00", "latency": "74"}, {"date": "2024-06-16-10-00-00", "latency": "74"}]}, {"location": {"country_code": "us", "region": "California", "city": "Taft"}, "game_id": "452439", "values": [{"date": "2024-06-17-01-00-00", "latency": "89"}, {"date": "2024-06-17-01-00-00", "latency": "89"}, {"date": "2024-06-17-01-00-00", "latency": "89"}, {"date": "2024-06-17-01-00-00", "latency": "89"}, {"date": "2024-06-17-01-00-00", "latency": "89"}, {"date": "2024-06-17-01-00-00", "latency": "89"}]}, {"location": {"country_code": "us", "region": "U.S. Virgin Islands"}, "game_id": "452439", "values": [{"date": "2024-06-16-15-00-00", "latency": "100"}, {"date": "2024-06-16-15-00-00", "latency": "100"}, {"date": "2024-06-16-15-00-00", "latency": "100"}, {"date": "2024-06-16-15-00-00", "latency": "100"}, {"date": "2024-06-16-15-00-00", "latency": "100"}, {"date": "2024-06-16-15-00-00", "latency": "100"}, {"date": "2024-06-16-15-00-00", "latency": "100"}, {"date": "2024-06-16-15-00-00", "latency": "100"}, {"date": "2024-06-16-15-00-00", "latency": "100"}, {"date": "2024-06-16-15-00-00", "latency": "100"}, {"date": "2024-06-16-15-00-00", "latency": "100"}, {"date": "2024-06-16-15-00-00", "latency": "100"}, {"date": "2024-06-16-15-00-00", "latency": "100"}, {"date": "2024-06-16-15-00-00", "latency": "100"}, {"date": "2024-06-16-15-00-00", "latency": "100"}, {"date": "2024-06-16-15-00-00", "latency": "100"}, {"date": "2024-06-16-15-00-00", "latency": "100"}, {"date": "2024-06-16-15-00-00", "latency": "100"}, {"date": "2024-06-16-15-00-00", "latency": "100"}, {"date": "2024-06-16-15-00-00", "latency": "100"}, {"date": "2024-06-16-15-00-00", "latency": "100"}, {"date": "2024-06-16-15-00-00", "latency": "100"}, {"date": "2024-06-16-15-00-00", "latency": "100"}, {"date": "2024-06-16-15-00-00", "latency": "100"}, {"date": "2024-06-16-15-00-00", "latency": "100"}, {"date": "2024-06-16-15-00-00", "latency": "100"}]}, {"location": {"country_code": "nl", "region": "North Holland", "city": "Hilversum"}, "game_id": "452439", "values": [{"date": "2024-06-16-22-00-00", "latency": "14"}, {"date": "2024-06-16-22-00-00", "latency": "14"}]}], "last_updated": 1719915070.605565}