{"data": [{"location": {"country_code": "us"}, "game_id": "135305", "values": [{"date": "2021-08-12-00-00-00", "latency": 6}]}, {"location": {"country_code": "gr"}, "game_id": "135305", "values": [{"date": "2021-08-11-21-00-00", "latency": 20}]}, {"location": {"country_code": "my"}, "game_id": "135305", "values": [{"date": "2021-08-11-05-00-00", "latency": 8}, {"date": "2021-08-11-05-00-00", "latency": 6}]}, {"location": {"country_code": "ca"}, "game_id": "135305", "values": [{"date": "2021-08-11-09-00-00", "latency": 70}, {"date": "2021-08-11-09-00-00", "latency": 70}, {"date": "2021-08-11-09-00-00", "latency": 70}, {"date": "2021-08-11-09-00-00", "latency": 70}, {"date": "2021-08-11-09-00-00", "latency": 70}, {"date": "2021-08-11-09-00-00", "latency": 70}, {"date": "2021-08-11-09-00-00", "latency": 70}, {"date": "2021-08-11-09-00-00", "latency": 70}, {"date": "2021-08-11-09-00-00", "latency": 70}, {"date": "2021-08-11-09-00-00", "latency": 70}, {"date": "2021-08-11-09-00-00", "latency": 70}, {"date": "2021-08-11-09-00-00", "latency": 70}, {"date": "2021-08-11-09-00-00", "latency": 70}, {"date": "2021-08-11-09-00-00", "latency": 70}, {"date": "2021-08-11-09-00-00", "latency": 70}, {"date": "2021-08-11-04-00-00", "latency": 7}, {"date": "2021-08-11-04-00-00", "latency": 46}]}, {"location": {"country_code": "ca", "region": "Ontario", "city": "Toronto"}, "game_id": "135305", "values": [{"date": "2021-08-11-03-00-00", "latency": 133}, {"date": "2021-08-11-03-00-00", "latency": 133}]}, {"location": {"country_code": "br", "region": "Parana", "city": "Araucaria"}, "game_id": "135305", "values": [{"date": "2021-08-11-22-00-00", "latency": 1591}]}, {"location": {"country_code": "gb", "region": "England"}, "game_id": "135305", "values": [{"date": "2021-08-11-19-00-00", "latency": 12}]}, {"location": {"country_code": "us", "region": "Florida"}, "game_id": "135305", "values": [{"date": "2021-08-11-20-00-00", "latency": 99}, {"date": "2021-08-11-20-00-00", "latency": 99}, {"date": "2021-08-11-20-00-00", "latency": 99}, {"date": "2021-08-11-20-00-00", "latency": 99}, {"date": "2021-08-11-20-00-00", "latency": 99}, {"date": "2021-08-11-20-00-00", "latency": 99}, {"date": "2021-08-11-20-00-00", "latency": 99}, {"date": "2021-08-11-20-00-00", "latency": 99}, {"date": "2021-08-11-20-00-00", "latency": 99}, {"date": "2021-08-11-20-00-00", "latency": 99}, {"date": "2021-08-11-20-00-00", "latency": 99}, {"date": "2021-08-11-20-00-00", "latency": 99}]}, {"location": {"country_code": "ph"}, "game_id": "135305", "values": [{"date": "2021-08-11-17-00-00", "latency": 8}, {"date": "2021-08-11-17-00-00", "latency": 122}, {"date": "2021-08-11-17-00-00", "latency": 122}, {"date": "2021-08-11-17-00-00", "latency": 122}, {"date": "2021-08-11-16-00-00", "latency": 2}, {"date": "2021-08-11-16-00-00", "latency": 2}]}, {"location": {"country_code": "fr"}, "game_id": "135305", "values": [{"date": "2021-08-11-12-00-00", "latency": 0}]}, {"location": {"country_code": "mx"}, "game_id": "135305", "values": [{"date": "2021-08-11-06-00-00", "latency": 5}, {"date": "2021-08-11-03-00-00", "latency": 3}, {"date": "2021-08-11-23-00-00", "latency": 42}]}, {"location": {"country_code": "us", "region": "California", "city": "Cerritos"}, "game_id": "135305", "values": [{"date": "2021-08-11-05-00-00", "latency": 9}, {"date": "2021-08-11-05-00-00", "latency": 9}]}, {"location": {"country_code": "br"}, "game_id": "135305", "values": [{"date": "2021-08-11-07-00-00", "latency": 26}, {"date": "2021-08-11-07-00-00", "latency": 26}, {"date": "2021-08-11-07-00-00", "latency": 26}, {"date": "2021-08-11-18-00-00", "latency": 16}, {"date": "2021-08-11-10-00-00", "latency": 16}, {"date": "2021-08-11-10-00-00", "latency": 16}, {"date": "2021-08-11-10-00-00", "latency": 16}]}, {"location": {"country_code": "br", "region": "Sao Paulo", "city": "Apiai"}, "game_id": "135305", "values": [{"date": "2021-08-12-02-00-00", "latency": 0}, {"date": "2021-08-11-03-00-00", "latency": 133}, {"date": "2021-08-11-03-00-00", "latency": 133}, {"date": "2021-08-12-01-00-00", "latency": 61}, {"date": "2021-08-12-01-00-00", "latency": 61}, {"date": "2021-08-11-23-00-00", "latency": 25}, {"date": "2021-08-11-15-00-00", "latency": 27}, {"date": "2021-08-11-15-00-00", "latency": 27}, {"date": "2021-08-11-15-00-00", "latency": 27}, {"date": "2021-08-11-15-00-00", "latency": 27}, {"date": "2021-08-11-15-00-00", "latency": 27}, {"date": "2021-08-11-15-00-00", "latency": 27}, {"date": "2021-08-11-15-00-00", "latency": 27}, {"date": "2021-08-11-03-00-00", "latency": 13}]}, {"location": {"country_code": "se"}, "game_id": "135305", "values": [{"date": "2021-08-11-22-00-00", "latency": 39}, {"date": "2021-08-11-22-00-00", "latency": 39}, {"date": "2021-08-11-22-00-00", "latency": 39}, {"date": "2021-08-11-08-00-00", "latency": 1}]}, {"location": {"country_code": "no"}, "game_id": "135305", "values": [{"date": "2021-08-11-21-00-00", "latency": 23}]}, {"location": {"country_code": "ca", "region": "Ontario"}, "game_id": "135305", "values": [{"date": "2021-08-11-21-00-00", "latency": 65}]}, {"location": {"country_code": "ar"}, "game_id": "135305", "values": [{"date": "2021-08-12-02-00-00", "latency": 65}, {"date": "2021-08-12-02-00-00", "latency": 65}, {"date": "2021-08-11-13-00-00", "latency": 186}, {"date": "2021-08-11-13-00-00", "latency": 186}, {"date": "2021-08-11-13-00-00", "latency": 186}, {"date": "2021-08-11-13-00-00", "latency": 186}]}, {"location": {"country_code": "ar", "region": "Buenos Aires"}, "game_id": "135305", "values": [{"date": "2021-08-11-21-00-00", "latency": 8}]}, {"location": {"country_code": "ru", "region": "Moscow", "city": "Zelenograd"}, "game_id": "135305", "values": [{"date": "2021-08-11-17-00-00", "latency": 8}, {"date": "2021-08-11-19-00-00", "latency": 4}]}, {"location": {"country_code": "us", "region": "California", "city": "Elk Grove"}, "game_id": "135305", "values": [{"date": "2021-08-11-23-00-00", "latency": 2}]}, {"location": {"country_code": "br", "region": "Maranhao", "city": "Paco do Lumiar"}, "game_id": "135305", "values": [{"date": "2021-08-11-03-00-00", "latency": 4}]}, {"location": {"country_code": "us", "region": "Texas", "city": "Houston"}, "game_id": "135305", "values": [{"date": "2021-08-11-08-00-00", "latency": 8}]}, {"location": {"country_code": "au", "region": "South Australia", "city": "Adelaide"}, "game_id": "135305", "values": [{"date": "2021-08-11-23-00-00", "latency": 5}]}, {"location": {"country_code": "at"}, "game_id": "135305", "values": [{"date": "2021-08-11-21-00-00", "latency": 3}]}, {"location": {"country_code": "br", "region": "Estado de Bahia", "city": "Salvador"}, "game_id": "135305", "values": [{"date": "2021-08-12-00-00-00", "latency": 97}]}, {"location": {"country_code": "es", "region": "Catalonia", "city": "l'Hospitalet de Llobregat"}, "game_id": "135305", "values": [{"date": "2021-08-11-03-00-00", "latency": 29}, {"date": "2021-08-11-03-00-00", "latency": 29}, {"date": "2021-08-11-03-00-00", "latency": 29}]}, {"location": {"country_code": "pl"}, "game_id": "135305", "values": [{"date": "2021-08-11-13-00-00", "latency": 1}, {"date": "2021-08-11-13-00-00", "latency": 1}]}, {"location": {"country_code": "be"}, "game_id": "135305", "values": [{"date": "2021-08-11-22-00-00", "latency": 0}]}, {"location": {"country_code": "gb", "region": "England", "city": "London"}, "game_id": "135305", "values": [{"date": "2021-08-12-00-00-00", "latency": 1444}]}, {"location": {"country_code": "pe"}, "game_id": "135305", "values": [{"date": "2021-08-11-02-00-00", "latency": 9}, {"date": "2021-08-11-05-00-00", "latency": 16}]}, {"location": {"country_code": "ua"}, "game_id": "135305", "values": [{"date": "2021-08-12-00-00-00", "latency": 2}]}, {"location": {"country_code": "br", "region": "Santa Catarina", "city": "Palhoca"}, "game_id": "135305", "values": [{"date": "2021-08-11-20-00-00", "latency": 43}]}, {"location": {"country_code": "id"}, "game_id": "135305", "values": [{"date": "2021-08-11-12-00-00", "latency": 7}]}, {"location": {"country_code": "us", "region": "Illinois"}, "game_id": "135305", "values": [{"date": "2021-08-11-14-00-00", "latency": 5}]}, {"location": {"country_code": "br", "region": "Pernambuco", "city": "Pombos"}, "game_id": "135305", "values": [{"date": "2021-08-11-03-00-00", "latency": 0}]}, {"location": {"country_code": "pt", "region": "Lisbon District", "city": "Seixal"}, "game_id": "135305", "values": [{"date": "2021-08-11-19-00-00", "latency": 5}]}, {"location": {"country_code": "us", "region": "Colorado"}, "game_id": "135305", "values": [{"date": "2021-08-12-00-00-00", "latency": 47}, {"date": "2021-08-12-00-00-00", "latency": 47}, {"date": "2021-08-12-00-00-00", "latency": 47}, {"date": "2021-08-12-00-00-00", "latency": 47}]}, {"location": {"country_code": "mx", "region": "Durango"}, "game_id": "135305", "values": [{"date": "2021-08-11-09-00-00", "latency": 10}]}, {"location": {"country_code": "br", "region": "State of Rio de Janeiro", "city": "Angra dos Reis"}, "game_id": "135305", "values": [{"date": "2021-08-11-21-00-00", "latency": 19}, {"date": "2021-08-11-21-00-00", "latency": 19}, {"date": "2021-08-11-21-00-00", "latency": 19}]}, {"location": {"country_code": "mx", "region": "Baja California", "city": "Tijuana"}, "game_id": "135305", "values": [{"date": "2021-08-11-06-00-00", "latency": 8}]}, {"location": {"country_code": "mx", "region": "Jalisco", "city": "Guadalajara"}, "game_id": "135305", "values": [{"date": "2021-08-11-07-00-00", "latency": 58}, {"date": "2021-08-11-07-00-00", "latency": 58}]}, {"location": {"country_code": "ca", "region": "Manitoba", "city": "Winnipeg"}, "game_id": "135305", "values": [{"date": "2021-08-11-04-00-00", "latency": 69}, {"date": "2021-08-11-04-00-00", "latency": 69}]}, {"location": {"country_code": "us", "region": "Georgia", "city": "Atlanta"}, "game_id": "135305", "values": [{"date": "2021-08-11-11-00-00", "latency": 2}]}, {"location": {"country_code": "de", "region": "Lower Saxony"}, "game_id": "135305", "values": [{"date": "2021-08-11-20-00-00", "latency": 5}]}, {"location": {"country_code": "us", "region": "Florida", "city": "Tampa"}, "game_id": "135305", "values": [{"date": "2021-08-11-03-00-00", "latency": 13}]}, {"location": {"country_code": "br", "region": "Sao Paulo", "city": "Jacarei"}, "game_id": "135305", "values": [{"date": "2021-08-11-05-00-00", "latency": 16}]}, {"location": {"country_code": "th", "region": "Bangkok", "city": "Bangkok"}, "game_id": "135305", "values": [{"date": "2021-08-11-17-00-00", "latency": 3}]}, {"location": {"country_code": "br", "region": "Sao Paulo", "city": "Osasco"}, "game_id": "135305", "values": [{"date": "2021-08-11-22-00-00", "latency": 16}, {"date": "2021-08-11-22-00-00", "latency": 16}]}, {"location": {"country_code": "kh"}, "game_id": "135305", "values": [{"date": "2021-08-11-16-00-00", "latency": 36}]}, {"location": {"country_code": "us", "region": "Texas", "city": "San Antonio"}, "game_id": "135305", "values": [{"date": "2021-08-11-09-00-00", "latency": 53}, {"date": "2021-08-11-09-00-00", "latency": 53}, {"date": "2021-08-11-09-00-00", "latency": 53}, {"date": "2021-08-11-09-00-00", "latency": 53}, {"date": "2021-08-11-09-00-00", "latency": 53}, {"date": "2021-08-11-09-00-00", "latency": 53}, {"date": "2021-08-11-09-00-00", "latency": 53}, {"date": "2021-08-11-09-00-00", "latency": 53}, {"date": "2021-08-11-09-00-00", "latency": 53}]}, {"location": {"country_code": "us", "region": "Idaho"}, "game_id": "135305", "values": [{"date": "2021-08-11-03-00-00", "latency": 7}]}, {"location": {"country_code": "br", "region": "Para", "city": "Tailandia"}, "game_id": "135305", "values": [{"date": "2021-08-11-19-00-00", "latency": 117}, {"date": "2021-08-11-19-00-00", "latency": 117}, {"date": "2021-08-11-19-00-00", "latency": 117}, {"date": "2021-08-11-19-00-00", "latency": 117}]}, {"location": {"country_code": "es", "region": "Principality of Asturias"}, "game_id": "135305", "values": [{"date": "2021-08-11-23-00-00", "latency": 23}]}, {"location": {"country_code": "br", "region": "Paraiba", "city": "Santa Rita"}, "game_id": "135305", "values": [{"date": "2021-08-11-19-00-00", "latency": 52}]}, {"location": {"country_code": "br", "region": "Minas Gerais", "city": "Barbacena"}, "game_id": "135305", "values": [{"date": "2021-08-12-02-00-00", "latency": 4}]}, {"location": {"country_code": "br", "region": "Santa Catarina", "city": "Brusque"}, "game_id": "135305", "values": [{"date": "2021-08-11-04-00-00", "latency": 66}]}, {"location": {"country_code": "us", "region": "Utah", "city": "Murray"}, "game_id": "135305", "values": [{"date": "2021-08-11-04-00-00", "latency": 39}]}, {"location": {"country_code": "au", "region": "Western Australia"}, "game_id": "135305", "values": [{"date": "2021-08-11-16-00-00", "latency": 16}, {"date": "2021-08-11-16-00-00", "latency": 16}]}, {"location": {"country_code": "ch", "region": "Canton of Basel-City", "city": "Basel"}, "game_id": "135305", "values": [{"date": "2021-08-11-15-00-00", "latency": 6}]}, {"location": {"country_code": "fr", "region": "Aquitania-Limosino-Poitou-Charentes", "city": "Poitiers"}, "game_id": "135305", "values": [{"date": "2021-08-11-02-00-00", "latency": 1}]}, {"location": {"country_code": "br", "region": "State of Rio de Janeiro", "city": "Arraial do Cabo"}, "game_id": "135305", "values": [{"date": "2021-08-12-01-00-00", "latency": 1395}]}, {"location": {"country_code": "br", "region": "Sao Paulo", "city": "Sao Caetano do Sul"}, "game_id": "135305", "values": [{"date": "2021-08-12-00-00-00", "latency": 15}]}, {"location": {"country_code": "id", "region": "East Java", "city": "Malang"}, "game_id": "135305", "values": [{"date": "2021-08-11-18-00-00", "latency": 135}, {"date": "2021-08-11-18-00-00", "latency": 135}, {"date": "2021-08-11-18-00-00", "latency": 135}]}, {"location": {"country_code": "us", "region": "Massachusetts", "city": "North Andover"}, "game_id": "135305", "values": [{"date": "2021-08-12-00-00-00", "latency": 300}]}, {"location": {"country_code": "br", "region": "Minas Gerais", "city": "Braunas"}, "game_id": "135305", "values": [{"date": "2021-08-11-14-00-00", "latency": 125}]}], "last_updated": 1719919349.296318}