{"data": [{"location": {"country_code": "us"}, "game_id": "116088", "values": [{"date": "2024-01-18-12-00-00", "latency": 6}]}, {"location": {"country_code": "th"}, "game_id": "116088", "values": [{"date": "2024-01-18-17-00-00", "latency": 3}, {"date": "2024-01-18-17-00-00", "latency": 3}]}, {"location": {"country_code": "gr"}, "game_id": "116088", "values": [{"date": "2024-01-18-13-00-00", "latency": 75}, {"date": "2024-01-18-13-00-00", "latency": 75}, {"date": "2024-01-18-13-00-00", "latency": 75}, {"date": "2024-01-18-13-00-00", "latency": 75}, {"date": "2024-01-18-13-00-00", "latency": 75}]}, {"location": {"country_code": "pa", "region": "Panama Oeste Province", "city": "La Chorrera"}, "game_id": "116088", "values": [{"date": "2024-01-18-04-00-00", "latency": 119}, {"date": "2024-01-18-04-00-00", "latency": 119}]}, {"location": {"country_code": "nl"}, "game_id": "116088", "values": [{"date": "2024-01-18-22-00-00", "latency": 1}]}, {"location": {"country_code": "it"}, "game_id": "116088", "values": [{"date": "2024-01-18-18-00-00", "latency": 186}, {"date": "2024-01-18-18-00-00", "latency": 186}]}, {"location": {"country_code": "ro"}, "game_id": "116088", "values": [{"date": "2024-01-19-00-00-00", "latency": 3}]}, {"location": {"country_code": "za"}, "game_id": "116088", "values": [{"date": "2024-01-18-20-00-00", "latency": 3}]}, {"location": {"country_code": "jp"}, "game_id": "116088", "values": [{"date": "2024-01-18-15-00-00", "latency": 9}, {"date": "2024-01-18-15-00-00", "latency": 5}, {"date": "2024-01-18-15-00-00", "latency": 5}, {"date": "2024-01-18-15-00-00", "latency": 5}, {"date": "2024-01-18-15-00-00", "latency": 5}]}, {"location": {"country_code": "ch"}, "game_id": "116088", "values": [{"date": "2024-01-18-02-00-00", "latency": 2}]}, {"location": {"country_code": "de"}, "game_id": "116088", "values": [{"date": "2024-01-18-22-00-00", "latency": 10}, {"date": "2024-01-18-22-00-00", "latency": 10}, {"date": "2024-01-18-22-00-00", "latency": 10}, {"date": "2024-01-18-22-00-00", "latency": 10}]}, {"location": {"country_code": "cl"}, "game_id": "116088", "values": [{"date": "2024-01-18-01-00-00", "latency": 2}, {"date": "2024-01-18-01-00-00", "latency": 2}, {"date": "2024-01-18-01-00-00", "latency": 2}]}, {"location": {"country_code": "ph"}, "game_id": "116088", "values": [{"date": "2024-01-18-04-00-00", "latency": 2}, {"date": "2024-01-18-23-00-00", "latency": 1}]}, {"location": {"country_code": "mx"}, "game_id": "116088", "values": [{"date": "2024-01-18-02-00-00", "latency": 7}]}, {"location": {"country_code": "in"}, "game_id": "116088", "values": [{"date": "2024-01-18-21-00-00", "latency": 31}]}, {"location": {"country_code": "br"}, "game_id": "116088", "values": [{"date": "2024-01-18-18-00-00", "latency": 21}]}, {"location": {"country_code": "fi"}, "game_id": "116088", "values": [{"date": "2024-01-18-17-00-00", "latency": 2}, {"date": "2024-01-18-17-00-00", "latency": 2}, {"date": "2024-01-18-17-00-00", "latency": 2}]}, {"location": {"country_code": "cr"}, "game_id": "116088", "values": [{"date": "2024-01-18-03-00-00", "latency": 10}]}, {"location": {"country_code": "gb", "region": "England", "city": "London"}, "game_id": "116088", "values": [{"date": "2024-01-18-21-00-00", "latency": 3}]}, {"location": {"country_code": "pe"}, "game_id": "116088", "values": [{"date": "2024-01-18-02-00-00", "latency": 78}, {"date": "2024-01-18-02-00-00", "latency": 78}]}, {"location": {"country_code": "ua"}, "game_id": "116088", "values": [{"date": "2024-01-18-23-00-00", "latency": 3}, {"date": "2024-01-18-22-00-00", "latency": 4}, {"date": "2024-01-18-15-00-00", "latency": 3}, {"date": "2024-01-18-18-00-00", "latency": 5}, {"date": "2024-01-18-15-00-00", "latency": 51}, {"date": "2024-01-18-15-00-00", "latency": 51}, {"date": "2024-01-18-15-00-00", "latency": 51}, {"date": "2024-01-18-15-00-00", "latency": 51}, {"date": "2024-01-18-19-00-00", "latency": 30}]}, {"location": {"country_code": "kz"}, "game_id": "116088", "values": [{"date": "2024-01-18-21-00-00", "latency": 6}, {"date": "2024-01-18-15-00-00", "latency": 3}, {"date": "2024-01-18-15-00-00", "latency": 3}]}, {"location": {"country_code": "kz", "region": "Astana", "city": "Astana"}, "game_id": "116088", "values": [{"date": "2024-01-18-19-00-00", "latency": 7}, {"date": "2024-01-18-19-00-00", "latency": 7}]}, {"location": {"country_code": "ru"}, "game_id": "116088", "values": [{"date": "2024-01-18-23-00-00", "latency": 19}, {"date": "2024-01-18-23-00-00", "latency": 19}]}, {"location": {"country_code": "id"}, "game_id": "116088", "values": [{"date": "2024-01-18-19-00-00", "latency": 1}]}, {"location": {"country_code": "ir"}, "game_id": "116088", "values": [{"date": "2024-01-18-17-00-00", "latency": 12}]}, {"location": {"country_code": "br", "region": "Parana"}, "game_id": "116088", "values": [{"date": "2024-01-18-04-00-00", "latency": 3}]}, {"location": {"country_code": "pk"}, "game_id": "116088", "values": [{"date": "2024-01-18-15-00-00", "latency": 16}, {"date": "2024-01-18-15-00-00", "latency": 16}, {"date": "2024-01-18-15-00-00", "latency": 16}]}, {"location": {"country_code": "by"}, "game_id": "116088", "values": [{"date": "2024-01-18-14-00-00", "latency": 2}, {"date": "2024-01-18-14-00-00", "latency": 2}]}, {"location": {"country_code": "ru", "region": "Rostov Oblast", "city": "Rostov-on-Don"}, "game_id": "116088", "values": [{"date": "2024-01-18-16-00-00", "latency": 2}, {"date": "2024-01-18-16-00-00", "latency": 2}, {"date": "2024-01-18-16-00-00", "latency": 2}]}, {"location": {"country_code": "us", "region": "New Mexico", "city": "Albuquerque"}, "game_id": "116088", "values": [{"date": "2024-01-19-01-00-00", "latency": 37}]}, {"location": {"country_code": "at", "region": "Salzburg", "city": "Salzburg"}, "game_id": "116088", "values": [{"date": "2024-01-18-20-00-00", "latency": 119}, {"date": "2024-01-18-20-00-00", "latency": 119}, {"date": "2024-01-18-20-00-00", "latency": 119}, {"date": "2024-01-18-20-00-00", "latency": 119}, {"date": "2024-01-18-20-00-00", "latency": 119}, {"date": "2024-01-18-20-00-00", "latency": 119}, {"date": "2024-01-18-20-00-00", "latency": 119}, {"date": "2024-01-18-20-00-00", "latency": 119}, {"date": "2024-01-18-20-00-00", "latency": 119}, {"date": "2024-01-18-20-00-00", "latency": 119}, {"date": "2024-01-18-20-00-00", "latency": 119}, {"date": "2024-01-18-20-00-00", "latency": 119}, {"date": "2024-01-18-20-00-00", "latency": 119}, {"date": "2024-01-18-20-00-00", "latency": 119}, {"date": "2024-01-18-20-00-00", "latency": 119}, {"date": "2024-01-18-20-00-00", "latency": 119}, {"date": "2024-01-18-20-00-00", "latency": 119}, {"date": "2024-01-18-20-00-00", "latency": 119}, {"date": "2024-01-18-20-00-00", "latency": 119}, {"date": "2024-01-18-20-00-00", "latency": 119}, {"date": "2024-01-18-20-00-00", "latency": 119}, {"date": "2024-01-18-20-00-00", "latency": 119}, {"date": "2024-01-18-20-00-00", "latency": 119}, {"date": "2024-01-18-20-00-00", "latency": 119}, {"date": "2024-01-18-20-00-00", "latency": 119}, {"date": "2024-01-18-20-00-00", "latency": 119}, {"date": "2024-01-18-20-00-00", "latency": 119}, {"date": "2024-01-18-20-00-00", "latency": 119}, {"date": "2024-01-18-20-00-00", "latency": 119}, {"date": "2024-01-18-20-00-00", "latency": 119}, {"date": "2024-01-18-20-00-00", "latency": 119}, {"date": "2024-01-18-20-00-00", "latency": 119}, {"date": "2024-01-18-20-00-00", "latency": 119}]}, {"location": {"country_code": "ru", "region": "Voronezh Oblast", "city": "Voronezh"}, "game_id": "116088", "values": [{"date": "2024-01-18-19-00-00", "latency": 2}]}, {"location": {"country_code": "so"}, "game_id": "116088", "values": [{"date": "2024-01-18-22-00-00", "latency": 60}, {"date": "2024-01-18-22-00-00", "latency": 60}, {"date": "2024-01-18-22-00-00", "latency": 60}, {"date": "2024-01-18-22-00-00", "latency": 60}, {"date": "2024-01-18-22-00-00", "latency": 60}, {"date": "2024-01-18-22-00-00", "latency": 60}]}, {"location": {"country_code": "ro", "region": "Arad County", "city": "Arad"}, "game_id": "116088", "values": [{"date": "2024-01-18-23-00-00", "latency": 2}]}, {"location": {"country_code": "us", "region": "Ohio", "city": "Fairborn"}, "game_id": "116088", "values": [{"date": "2024-01-19-00-00-00", "latency": 40}, {"date": "2024-01-19-00-00-00", "latency": 40}]}, {"location": {"country_code": "us", "region": "North Carolina", "city": "Jacksonville"}, "game_id": "116088", "values": [{"date": "2024-01-19-00-00-00", "latency": 172}]}, {"location": {"country_code": "cv"}, "game_id": "116088", "values": [{"date": "2024-01-18-12-00-00", "latency": 64}, {"date": "2024-01-18-12-00-00", "latency": 64}, {"date": "2024-01-18-12-00-00", "latency": 64}, {"date": "2024-01-18-12-00-00", "latency": 64}]}], "last_updated": 1719919367.159486}