{"data": [{"location": {"country_code": "iq"}, "game_id": "742409", "values": [{"date": "2024-07-02-00-00-00", "latency": 72}]}, {"location": {"country_code": "nl"}, "game_id": "742409", "values": [{"date": "2024-07-01-17-00-00", "latency": 34}]}, {"location": {"country_code": "br"}, "game_id": "742409", "values": [{"date": "2024-07-01-13-00-00", "latency": 77}, {"date": "2024-07-01-13-00-00", "latency": 77}]}, {"location": {"country_code": "ua"}, "game_id": "742409", "values": [{"date": "2024-07-01-19-00-00", "latency": 45}]}, {"location": {"country_code": "hr"}, "game_id": "742409", "values": [{"date": "2024-07-01-09-00-00", "latency": 71}, {"date": "2024-07-01-09-00-00", "latency": 71}, {"date": "2024-07-01-09-00-00", "latency": 71}, {"date": "2024-07-01-22-00-00", "latency": 49}]}, {"location": {"country_code": "es", "region": "Madrid"}, "game_id": "742409", "values": [{"date": "2024-07-01-16-00-00", "latency": 46}, {"date": "2024-07-01-16-00-00", "latency": 46}, {"date": "2024-07-01-16-00-00", "latency": 46}, {"date": "2024-07-01-16-00-00", "latency": 46}]}], "last_updated": 1719927583.392502}