{"data": [{"location": {"country_code": "us"}, "game_id": "747108", "values": [{"date": "2024-03-30-04-00-00", "alternatives": ["79", "9", "79"]}, {"date": "2024-03-30-04-00-00", "alternatives": ["79", "9", "79"]}, {"date": "2024-03-30-04-00-00", "alternatives": ["79", "9", "79"]}, {"date": "2024-03-30-04-00-00", "alternatives": ["79", "9", "79"]}, {"date": "2024-03-30-04-00-00", "alternatives": ["79", "9", "79"]}]}, {"location": {"country_code": "th"}, "game_id": "747108", "values": [{"date": "2024-03-30-16-00-00", "alternatives": ["712", "2", "2"]}, {"date": "2024-03-30-16-00-00", "alternatives": ["712", "2", "2"]}]}, {"location": {"country_code": "pa"}, "game_id": "747108", "values": [{"date": "2024-03-30-03-00-00", "alternatives": [5728, 825, 928, 928, 928]}, {"date": "2024-03-30-03-00-00", "alternatives": [5728, 825, 928, 928, 928]}, {"date": "2024-03-30-03-00-00", "alternatives": [5728, 825, 928, 928, 928]}, {"date": "2024-03-30-03-00-00", "alternatives": [5728, 825, 928, 928, 928]}, {"date": "2024-03-30-03-00-00", "alternatives": [5728, 825, 928, 928, 928]}, {"date": "2024-03-30-03-00-00", "alternatives": [5728, 825, 928, 928, 928]}, {"date": "2024-03-30-03-00-00", "alternatives": [5728, 825, 928, 928, 928]}, {"date": "2024-03-30-03-00-00", "alternatives": [5728, 825, 928, 928, 928]}, {"date": "2024-03-30-03-00-00", "alternatives": [5728, 825, 928, 928, 928]}, {"date": "2024-03-30-03-00-00", "alternatives": [5728, 825, 928, 928, 928]}, {"date": "2024-03-30-03-00-00", "alternatives": [5728, 825, 928, 928, 928]}, {"date": "2024-03-30-03-00-00", "alternatives": [5728, 825, 928, 928, 928]}, {"date": "2024-03-30-03-00-00", "alternatives": [5728, 825, 928, 928, 928]}, {"date": "2024-03-30-03-00-00", "alternatives": [5728, 825, 928, 928, 928]}, {"date": "2024-03-30-03-00-00", "alternatives": [5728, 825, 928, 928, 928]}, {"date": "2024-03-30-03-00-00", "alternatives": [5728, 825, 928, 928, 928]}, {"date": "2024-03-30-03-00-00", "alternatives": [5728, 825, 928, 928, 928]}, {"date": "2024-03-30-03-00-00", "alternatives": [5728, 825, 928, 928, 928]}, {"date": "2024-03-30-03-00-00", "alternatives": [5728, 825, 928, 928, 928]}, {"date": "2024-03-30-03-00-00", "alternatives": [5728, 825, 928, 928, 928]}]}, {"location": {"country_code": "ro"}, "game_id": "747108", "values": [{"date": "2024-03-30-19-00-00", "alternatives": ["7", "7", "47"]}, {"date": "2024-03-30-19-00-00", "alternatives": ["7", "7", "47"]}, {"date": "2024-03-30-19-00-00", "alternatives": ["7", "7", "47"]}, {"date": "2024-03-30-19-00-00", "alternatives": ["7", "7", "47"]}, {"date": "2024-03-30-19-00-00", "alternatives": ["7", "7", "47"]}, {"date": "2024-03-30-19-00-00", "alternatives": ["7", "7", "47"]}, {"date": "2024-03-30-19-00-00", "alternatives": ["7", "7", "47"]}, {"date": "2024-03-30-19-00-00", "alternatives": ["7", "7", "47"]}, {"date": "2024-03-30-19-00-00", "alternatives": ["7", "7", "47"]}, {"date": "2024-03-30-19-00-00", "alternatives": ["7", "7", "47"]}, {"date": "2024-03-30-19-00-00", "alternatives": ["7", "7", "47"]}, {"date": "2024-03-30-19-00-00", "alternatives": ["7", "7", "47"]}, {"date": "2024-03-30-19-00-00", "alternatives": ["7", "7", "47"]}, {"date": "2024-03-30-19-00-00", "alternatives": ["7", "7", "47"]}, {"date": "2024-03-30-19-00-00", "alternatives": ["7", "7", "47"]}, {"date": "2024-03-30-19-00-00", "alternatives": ["7", "7", "47"]}]}, {"location": {"country_code": "ca"}, "game_id": "747108", "values": [{"date": "2024-03-31-00-00-00", "alternatives": ["1618", "46", "46"]}, {"date": "2024-03-31-00-00-00", "alternatives": ["1618", "46", "46"]}, {"date": "2024-03-31-00-00-00", "alternatives": ["1618", "46", "46"]}, {"date": "2024-03-31-00-00-00", "alternatives": ["1618", "46", "46"]}, {"date": "2024-03-31-00-00-00", "alternatives": ["1618", "46", "46"]}, {"date": "2024-03-31-00-00-00", "alternatives": ["1618", "46", "46"]}, {"date": "2024-03-31-00-00-00", "alternatives": ["1618", "46", "46"]}, {"date": "2024-03-31-00-00-00", "alternatives": ["1618", "46", "46"]}, {"date": "2024-03-31-00-00-00", "alternatives": ["1618", "46", "46"]}, {"date": "2024-03-31-00-00-00", "alternatives": ["1618", "46", "46"]}, {"date": "2024-03-31-00-00-00", "alternatives": ["1618", "46", "46"]}, {"date": "2024-03-31-00-00-00", "alternatives": ["1618", "46", "46"]}, {"date": "2024-03-31-00-00-00", "alternatives": ["1618", "46", "46"]}, {"date": "2024-03-31-00-00-00", "alternatives": ["1618", "46", "46"]}, {"date": "2024-03-31-00-00-00", "alternatives": ["1618", "46", "46"]}, {"date": "2024-03-31-00-00-00", "alternatives": ["1618", "46", "46"]}, {"date": "2024-03-31-00-00-00", "alternatives": ["1618", "46", "46"]}, {"date": "2024-03-31-00-00-00", "alternatives": ["1618", "46", "46"]}, {"date": "2024-03-31-00-00-00", "alternatives": ["1618", "46", "46"]}, {"date": "2024-03-31-00-00-00", "alternatives": ["1618", "46", "46"]}, {"date": "2024-03-31-00-00-00", "alternatives": ["1618", "46", "46"]}, {"date": "2024-03-31-00-00-00", "alternatives": ["1618", "46", "46"]}, {"date": "2024-03-31-00-00-00", "alternatives": ["1618", "46", "46"]}, {"date": "2024-03-31-00-00-00", "alternatives": ["1618", "46", "46"]}, {"date": "2024-03-31-00-00-00", "alternatives": ["1618", "46", "46"]}]}, {"location": {"country_code": "cl"}, "game_id": "747108", "values": [{"date": "2024-03-30-08-00-00", "alternatives": ["79", "9", "79"]}, {"date": "2024-03-30-08-00-00", "alternatives": ["79", "9", "79"]}, {"date": "2024-03-30-08-00-00", "alternatives": ["79", "9", "79"]}]}, {"location": {"country_code": "ph"}, "game_id": "747108", "values": [{"date": "2024-03-30-18-00-00", "alternatives": ["219", "219", "2101"]}, {"date": "2024-03-30-18-00-00", "alternatives": ["219", "219", "2101"]}, {"date": "2024-03-30-18-00-00", "alternatives": ["219", "219", "2101"]}, {"date": "2024-03-30-17-00-00", "alternatives": ["141", "41", "141"]}, {"date": "2024-03-30-17-00-00", "alternatives": ["141", "41", "141"]}, {"date": "2024-03-30-17-00-00", "alternatives": ["141", "41", "141"]}]}, {"location": {"country_code": "mx"}, "game_id": "747108", "values": [{"date": "2024-03-30-08-00-00", "alternatives": ["2", "62", "2"]}, {"date": "2024-03-30-08-00-00", "alternatives": ["2", "62", "2"]}, {"date": "2024-03-30-08-00-00", "alternatives": ["2", "62", "2"]}, {"date": "2024-03-30-08-00-00", "alternatives": ["2", "62", "2"]}, {"date": "2024-03-30-08-00-00", "alternatives": ["2", "62", "2"]}, {"date": "2024-03-30-08-00-00", "alternatives": ["2", "62", "2"]}, {"date": "2024-03-30-08-00-00", "alternatives": ["2", "62", "2"]}, {"date": "2024-03-30-08-00-00", "alternatives": ["2", "62", "2"]}, {"date": "2024-03-30-08-00-00", "alternatives": ["2", "62", "2"]}, {"date": "2024-03-30-08-00-00", "alternatives": ["2", "62", "2"]}, {"date": "2024-03-30-08-00-00", "alternatives": ["2", "62", "2"]}, {"date": "2024-03-30-08-00-00", "alternatives": ["2", "62", "2"]}, {"date": "2024-03-30-08-00-00", "alternatives": ["2", "62", "2"]}, {"date": "2024-03-30-08-00-00", "alternatives": ["2", "62", "2"]}, {"date": "2024-03-30-08-00-00", "alternatives": ["2", "62", "2"]}, {"date": "2024-03-30-08-00-00", "alternatives": ["2", "62", "2"]}, {"date": "2024-03-30-08-00-00", "alternatives": ["2", "62", "2"]}, {"date": "2024-03-30-08-00-00", "alternatives": ["2", "62", "2"]}, {"date": "2024-03-30-08-00-00", "alternatives": ["2", "62", "2"]}, {"date": "2024-03-30-08-00-00", "alternatives": ["2", "62", "2"]}, {"date": "2024-03-30-08-00-00", "alternatives": ["2", "62", "2"]}, {"date": "2024-03-31-01-00-00", "alternatives": ["9373", "3", "3"]}, {"date": "2024-03-31-01-00-00", "alternatives": ["9373", "3", "3"]}, {"date": "2024-03-31-01-00-00", "alternatives": ["9373", "3", "3"]}, {"date": "2024-03-31-01-00-00", "alternatives": ["9373", "3", "3"]}, {"date": "2024-03-31-01-00-00", "alternatives": ["9373", "3", "3"]}, {"date": "2024-03-31-01-00-00", "alternatives": ["9373", "3", "3"]}]}, {"location": {"country_code": "br"}, "game_id": "747108", "values": [{"date": "2024-03-30-16-00-00", "alternatives": [31, 34, 3, 31, 34, 31]}, {"date": "2024-03-30-16-00-00", "alternatives": [31, 34, 3, 31, 34, 31]}, {"date": "2024-03-30-16-00-00", "alternatives": [31, 34, 3, 31, 34, 31]}, {"date": "2024-03-30-16-00-00", "alternatives": [31, 34, 3, 31, 34, 31]}, {"date": "2024-03-30-16-00-00", "alternatives": [31, 34, 3, 31, 34, 31]}, {"date": "2024-03-30-16-00-00", "alternatives": [31, 34, 3, 31, 34, 31]}, {"date": "2024-03-30-16-00-00", "alternatives": [31, 34, 3, 31, 34, 31]}, {"date": "2024-03-30-16-00-00", "alternatives": [31, 34, 3, 31, 34, 31]}, {"date": "2024-03-30-16-00-00", "alternatives": [31, 34, 3, 31, 34, 31]}, {"date": "2024-03-30-16-00-00", "alternatives": [31, 34, 3, 31, 34, 31]}, {"date": "2024-03-30-16-00-00", "alternatives": [31, 34, 3, 31, 34, 31]}, {"date": "2024-03-30-16-00-00", "alternatives": [31, 34, 3, 31, 34, 31]}, {"date": "2024-03-30-16-00-00", "alternatives": [31, 34, 3, 31, 34, 31]}, {"date": "2024-03-30-16-00-00", "alternatives": [31, 34, 3, 31, 34, 31]}, {"date": "2024-03-30-16-00-00", "alternatives": [31, 34, 3, 31, 34, 31]}, {"date": "2024-03-30-21-00-00", "alternatives": ["32", "32", "3"]}, {"date": "2024-03-30-21-00-00", "alternatives": ["32", "32", "3"]}, {"date": "2024-03-30-21-00-00", "alternatives": ["32", "32", "3"]}, {"date": "2024-03-30-03-00-00", "alternatives": ["16", "6", "16"]}, {"date": "2024-03-30-03-00-00", "alternatives": ["16", "6", "16"]}, {"date": "2024-03-30-03-00-00", "alternatives": ["16", "6", "16"]}, {"date": "2024-03-30-03-00-00", "alternatives": ["16", "6", "16"]}]}, {"location": {"country_code": "se"}, "game_id": "747108", "values": [{"date": "2024-03-30-17-00-00", "alternatives": ["317", "31", "31"]}, {"date": "2024-03-30-17-00-00", "alternatives": ["317", "31", "31"]}, {"date": "2024-03-30-17-00-00", "alternatives": ["317", "31", "31"]}, {"date": "2024-03-30-17-00-00", "alternatives": ["317", "31", "31"]}, {"date": "2024-03-30-17-00-00", "alternatives": ["317", "31", "31"]}, {"date": "2024-03-30-17-00-00", "alternatives": ["317", "31", "31"]}, {"date": "2024-03-30-17-00-00", "alternatives": ["317", "31", "31"]}, {"date": "2024-03-30-17-00-00", "alternatives": ["317", "31", "31"]}, {"date": "2024-03-30-17-00-00", "alternatives": ["317", "31", "31"]}, {"date": "2024-03-30-17-00-00", "alternatives": ["317", "31", "31"]}, {"date": "2024-03-30-17-00-00", "alternatives": ["317", "31", "31"]}, {"date": "2024-03-30-17-00-00", "alternatives": ["317", "31", "31"]}, {"date": "2024-03-30-17-00-00", "alternatives": ["317", "31", "31"]}, {"date": "2024-03-30-17-00-00", "alternatives": ["317", "31", "31"]}, {"date": "2024-03-30-17-00-00", "alternatives": ["317", "31", "31"]}, {"date": "2024-03-30-17-00-00", "alternatives": ["317", "31", "31"]}]}, {"location": {"country_code": "us", "region": "Maryland", "city": "Dundalk"}, "game_id": "747108", "values": [{"date": "2024-03-30-02-00-00", "alternatives": [161, 16, 16, 16]}, {"date": "2024-03-30-02-00-00", "alternatives": [161, 16, 16, 16]}, {"date": "2024-03-30-02-00-00", "alternatives": [161, 16, 16, 16]}, {"date": "2024-03-30-02-00-00", "alternatives": [161, 16, 16, 16]}, {"date": "2024-03-30-02-00-00", "alternatives": [161, 16, 16, 16]}, {"date": "2024-03-30-02-00-00", "alternatives": [161, 16, 16, 16]}, {"date": "2024-03-30-02-00-00", "alternatives": [161, 16, 16, 16]}, {"date": "2024-03-30-02-00-00", "alternatives": [161, 16, 16, 16]}, {"date": "2024-03-30-02-00-00", "alternatives": [161, 16, 16, 16]}, {"date": "2024-03-30-02-00-00", "alternatives": [161, 16, 16, 16]}, {"date": "2024-03-30-02-00-00", "alternatives": [161, 16, 16, 16]}, {"date": "2024-03-30-02-00-00", "alternatives": [161, 16, 16, 16]}, {"date": "2024-03-30-02-00-00", "alternatives": [161, 16, 16, 16]}, {"date": "2024-03-30-02-00-00", "alternatives": [161, 16, 16, 16]}, {"date": "2024-03-30-02-00-00", "alternatives": [161, 16, 16, 16]}]}, {"location": {"country_code": "kr"}, "game_id": "747108", "values": [{"date": "2024-03-31-01-00-00", "alternatives": ["47", "47", "7"]}, {"date": "2024-03-31-01-00-00", "alternatives": ["47", "47", "7"]}]}, {"location": {"country_code": "ar"}, "game_id": "747108", "values": [{"date": "2024-03-30-20-00-00", "alternatives": ["47", "7", "47"]}, {"date": "2024-03-30-20-00-00", "alternatives": ["47", "7", "47"]}, {"date": "2024-03-30-20-00-00", "alternatives": ["47", "7", "47"]}, {"date": "2024-03-30-20-00-00", "alternatives": ["47", "7", "47"]}, {"date": "2024-03-30-20-00-00", "alternatives": ["47", "7", "47"]}, {"date": "2024-03-30-20-00-00", "alternatives": ["47", "7", "47"]}, {"date": "2024-03-30-20-00-00", "alternatives": ["47", "7", "47"]}, {"date": "2024-03-30-20-00-00", "alternatives": ["47", "7", "47"]}, {"date": "2024-03-30-20-00-00", "alternatives": ["47", "7", "47"]}, {"date": "2024-03-30-20-00-00", "alternatives": ["47", "7", "47"]}, {"date": "2024-03-30-20-00-00", "alternatives": ["47", "7", "47"]}, {"date": "2024-03-30-20-00-00", "alternatives": ["47", "7", "47"]}, {"date": "2024-03-30-20-00-00", "alternatives": ["47", "7", "47"]}, {"date": "2024-03-30-20-00-00", "alternatives": ["47", "7", "47"]}, {"date": "2024-03-30-20-00-00", "alternatives": ["47", "7", "47"]}, {"date": "2024-03-30-20-00-00", "alternatives": ["47", "7", "47"]}, {"date": "2024-03-30-20-00-00", "alternatives": ["47", "7", "47"]}, {"date": "2024-03-30-20-00-00", "alternatives": ["47", "7", "47"]}, {"date": "2024-03-30-20-00-00", "alternatives": ["47", "7", "47"]}, {"date": "2024-03-30-20-00-00", "alternatives": ["47", "7", "47"]}, {"date": "2024-03-30-20-00-00", "alternatives": ["47", "7", "47"]}, {"date": "2024-03-30-20-00-00", "alternatives": ["47", "7", "47"]}, {"date": "2024-03-30-20-00-00", "alternatives": ["47", "7", "47"]}, {"date": "2024-03-30-20-00-00", "alternatives": ["47", "7", "47"]}, {"date": "2024-03-30-20-00-00", "alternatives": ["47", "7", "47"]}, {"date": "2024-03-30-20-00-00", "alternatives": ["47", "7", "47"]}, {"date": "2024-03-30-20-00-00", "alternatives": ["47", "7", "47"]}, {"date": "2024-03-30-20-00-00", "alternatives": ["47", "7", "47"]}, {"date": "2024-03-30-20-00-00", "alternatives": ["47", "7", "47"]}, {"date": "2024-03-30-20-00-00", "alternatives": ["47", "7", "47"]}, {"date": "2024-03-30-20-00-00", "alternatives": ["47", "7", "47"]}, {"date": "2024-03-30-20-00-00", "alternatives": ["47", "7", "47"]}, {"date": "2024-03-30-20-00-00", "alternatives": ["47", "7", "47"]}, {"date": "2024-03-30-20-00-00", "alternatives": ["47", "7", "47"]}, {"date": "2024-03-30-20-00-00", "alternatives": ["47", "7", "47"]}, {"date": "2024-03-30-20-00-00", "alternatives": ["47", "7", "47"]}, {"date": "2024-03-30-20-00-00", "alternatives": ["47", "7", "47"]}, {"date": "2024-03-30-20-00-00", "alternatives": ["47", "7", "47"]}, {"date": "2024-03-30-20-00-00", "alternatives": ["47", "7", "47"]}, {"date": "2024-03-30-20-00-00", "alternatives": ["47", "7", "47"]}, {"date": "2024-03-30-20-00-00", "alternatives": ["47", "7", "47"]}, {"date": "2024-03-30-20-00-00", "alternatives": ["47", "7", "47"]}, {"date": "2024-03-30-20-00-00", "alternatives": ["47", "7", "47"]}, {"date": "2024-03-30-19-00-00", "alternatives": [6215, 62, 627, 62, 62]}, {"date": "2024-03-30-19-00-00", "alternatives": [6215, 62, 627, 62, 62]}, {"date": "2024-03-30-19-00-00", "alternatives": [6215, 62, 627, 62, 62]}, {"date": "2024-03-30-19-00-00", "alternatives": [6215, 62, 627, 62, 62]}, {"date": "2024-03-30-19-00-00", "alternatives": [6215, 62, 627, 62, 62]}, {"date": "2024-03-30-19-00-00", "alternatives": [6215, 62, 627, 62, 62]}, {"date": "2024-03-30-19-00-00", "alternatives": [6215, 62, 627, 62, 62]}, {"date": "2024-03-30-19-00-00", "alternatives": [6215, 62, 627, 62, 62]}, {"date": "2024-03-30-19-00-00", "alternatives": [6215, 62, 627, 62, 62]}, {"date": "2024-03-30-19-00-00", "alternatives": [6215, 62, 627, 62, 62]}, {"date": "2024-03-30-19-00-00", "alternatives": [6215, 62, 627, 62, 62]}, {"date": "2024-03-30-19-00-00", "alternatives": [6215, 62, 627, 62, 62]}, {"date": "2024-03-30-19-00-00", "alternatives": [6215, 62, 627, 62, 62]}, {"date": "2024-03-30-19-00-00", "alternatives": [6215, 62, 627, 62, 62]}, {"date": "2024-03-30-19-00-00", "alternatives": [6215, 62, 627, 62, 62]}, {"date": "2024-03-30-19-00-00", "alternatives": [6215, 62, 627, 62, 62]}, {"date": "2024-03-30-19-00-00", "alternatives": [6215, 62, 627, 62, 62]}, {"date": "2024-03-30-19-00-00", "alternatives": [6215, 62, 627, 62, 62]}, {"date": "2024-03-30-19-00-00", "alternatives": [6215, 62, 627, 62, 62]}]}, {"location": {"country_code": "fi"}, "game_id": "747108", "values": [{"date": "2024-03-30-16-00-00", "alternatives": [32, 3, 3208, 32, 32]}, {"date": "2024-03-30-16-00-00", "alternatives": [32, 3, 3208, 32, 32]}, {"date": "2024-03-30-16-00-00", "alternatives": [32, 3, 3208, 32, 32]}, {"date": "2024-03-30-16-00-00", "alternatives": [32, 3, 3208, 32, 32]}, {"date": "2024-03-30-16-00-00", "alternatives": [32, 3, 3208, 32, 32]}, {"date": "2024-03-30-16-00-00", "alternatives": [32, 3, 3208, 32, 32]}, {"date": "2024-03-30-16-00-00", "alternatives": [32, 3, 3208, 32, 32]}, {"date": "2024-03-30-16-00-00", "alternatives": [32, 3, 3208, 32, 32]}, {"date": "2024-03-30-16-00-00", "alternatives": [32, 3, 3208, 32, 32]}, {"date": "2024-03-30-16-00-00", "alternatives": [32, 3, 3208, 32, 32]}, {"date": "2024-03-30-16-00-00", "alternatives": [32, 3, 3208, 32, 32]}, {"date": "2024-03-30-16-00-00", "alternatives": [32, 3, 3208, 32, 32]}, {"date": "2024-03-30-16-00-00", "alternatives": [32, 3, 3208, 32, 32]}, {"date": "2024-03-30-16-00-00", "alternatives": [32, 3, 3208, 32, 32]}, {"date": "2024-03-30-16-00-00", "alternatives": [32, 3, 3208, 32, 32]}]}, {"location": {"country_code": "ar", "region": "Buenos Aires"}, "game_id": "747108", "values": [{"date": "2024-03-31-00-00-00", "alternatives": ["47", "47", "479"]}, {"date": "2024-03-31-00-00-00", "alternatives": ["47", "47", "479"]}, {"date": "2024-03-31-00-00-00", "alternatives": ["47", "47", "479"]}, {"date": "2024-03-31-00-00-00", "alternatives": ["47", "47", "479"]}, {"date": "2024-03-31-00-00-00", "alternatives": ["47", "47", "479"]}, {"date": "2024-03-31-00-00-00", "alternatives": ["47", "47", "479"]}, {"date": "2024-03-31-00-00-00", "alternatives": ["47", "47", "479"]}, {"date": "2024-03-31-00-00-00", "alternatives": ["47", "47", "479"]}]}, {"location": {"country_code": "us", "region": "Texas", "city": "Houston"}, "game_id": "747108", "values": [{"date": "2024-03-30-20-00-00", "alternatives": ["47", "7", "7"]}, {"date": "2024-03-30-20-00-00", "alternatives": ["47", "7", "7"]}, {"date": "2024-03-30-20-00-00", "alternatives": ["47", "7", "7"]}, {"date": "2024-03-30-20-00-00", "alternatives": ["47", "7", "7"]}, {"date": "2024-03-30-20-00-00", "alternatives": ["47", "7", "7"]}, {"date": "2024-03-30-20-00-00", "alternatives": ["47", "7", "7"]}, {"date": "2024-03-30-20-00-00", "alternatives": ["47", "7", "7"]}, {"date": "2024-03-30-20-00-00", "alternatives": ["47", "7", "7"]}, {"date": "2024-03-30-20-00-00", "alternatives": ["47", "7", "7"]}, {"date": "2024-03-30-20-00-00", "alternatives": ["47", "7", "7"]}, {"date": "2024-03-30-20-00-00", "alternatives": ["47", "7", "7"]}, {"date": "2024-03-30-20-00-00", "alternatives": ["47", "7", "7"]}, {"date": "2024-03-30-20-00-00", "alternatives": ["47", "7", "7"]}, {"date": "2024-03-30-20-00-00", "alternatives": ["47", "7", "7"]}]}, {"location": {"country_code": "mx", "region": "Puebla"}, "game_id": "747108", "values": [{"date": "2024-03-30-05-00-00", "alternatives": [78, 7806, 78, 78]}, {"date": "2024-03-30-05-00-00", "alternatives": [78, 7806, 78, 78]}, {"date": "2024-03-30-05-00-00", "alternatives": [78, 7806, 78, 78]}, {"date": "2024-03-30-05-00-00", "alternatives": [78, 7806, 78, 78]}]}, {"location": {"country_code": "es", "region": "Catalonia", "city": "l'Hospitalet de Llobregat"}, "game_id": "747108", "values": [{"date": "2024-03-30-23-00-00", "alternatives": ["31", "31", "3"]}, {"date": "2024-03-30-23-00-00", "alternatives": ["31", "31", "3"]}, {"date": "2024-03-30-23-00-00", "alternatives": ["31", "31", "3"]}, {"date": "2024-03-30-23-00-00", "alternatives": ["31", "31", "3"]}, {"date": "2024-03-30-23-00-00", "alternatives": ["31", "31", "3"]}, {"date": "2024-03-30-23-00-00", "alternatives": ["31", "31", "3"]}, {"date": "2024-03-30-23-00-00", "alternatives": ["31", "31", "3"]}, {"date": "2024-03-30-23-00-00", "alternatives": ["31", "31", "3"]}, {"date": "2024-03-30-23-00-00", "alternatives": ["31", "31", "3"]}, {"date": "2024-03-30-23-00-00", "alternatives": ["31", "31", "3"]}, {"date": "2024-03-30-23-00-00", "alternatives": ["31", "31", "3"]}, {"date": "2024-03-30-23-00-00", "alternatives": ["31", "31", "3"]}]}, {"location": {"country_code": "pl"}, "game_id": "747108", "values": [{"date": "2024-03-30-22-00-00", "alternatives": ["94", "94", "4"]}, {"date": "2024-03-30-22-00-00", "alternatives": ["94", "94", "4"]}, {"date": "2024-03-30-22-00-00", "alternatives": ["94", "94", "4"]}, {"date": "2024-03-30-22-00-00", "alternatives": ["94", "94", "4"]}, {"date": "2024-03-30-22-00-00", "alternatives": ["94", "94", "4"]}, {"date": "2024-03-30-22-00-00", "alternatives": ["94", "94", "4"]}, {"date": "2024-03-30-22-00-00", "alternatives": ["94", "94", "4"]}, {"date": "2024-03-30-22-00-00", "alternatives": ["94", "94", "4"]}, {"date": "2024-03-30-22-00-00", "alternatives": ["94", "94", "4"]}]}, {"location": {"country_code": "kw"}, "game_id": "747108", "values": [{"date": "2024-03-30-18-00-00", "alternatives": ["5", "5", "15"]}]}, {"location": {"country_code": "lv"}, "game_id": "747108", "values": [{"date": "2024-03-30-02-00-00", "alternatives": ["627", "62", "62"]}, {"date": "2024-03-30-02-00-00", "alternatives": ["627", "62", "62"]}]}, {"location": {"country_code": "mx", "region": "Sonora"}, "game_id": "747108", "values": [{"date": "2024-03-30-18-00-00", "alternatives": [784, 18, 78, 78, 78]}, {"date": "2024-03-30-18-00-00", "alternatives": [784, 18, 78, 78, 78]}, {"date": "2024-03-30-18-00-00", "alternatives": [784, 18, 78, 78, 78]}, {"date": "2024-03-30-18-00-00", "alternatives": [784, 18, 78, 78, 78]}, {"date": "2024-03-30-18-00-00", "alternatives": [784, 18, 78, 78, 78]}, {"date": "2024-03-30-18-00-00", "alternatives": [784, 18, 78, 78, 78]}, {"date": "2024-03-30-18-00-00", "alternatives": [784, 18, 78, 78, 78]}, {"date": "2024-03-30-18-00-00", "alternatives": [784, 18, 78, 78, 78]}, {"date": "2024-03-30-18-00-00", "alternatives": [784, 18, 78, 78, 78]}, {"date": "2024-03-30-18-00-00", "alternatives": [784, 18, 78, 78, 78]}]}, {"location": {"country_code": "de", "region": "North Rhine-Westphalia"}, "game_id": "747108", "values": [{"date": "2024-03-30-20-00-00", "alternatives": ["16", "6", "16"]}, {"date": "2024-03-30-20-00-00", "alternatives": ["16", "6", "16"]}, {"date": "2024-03-30-20-00-00", "alternatives": ["16", "6", "16"]}, {"date": "2024-03-30-20-00-00", "alternatives": ["16", "6", "16"]}, {"date": "2024-03-30-20-00-00", "alternatives": ["16", "6", "16"]}, {"date": "2024-03-30-20-00-00", "alternatives": ["16", "6", "16"]}, {"date": "2024-03-30-20-00-00", "alternatives": ["16", "6", "16"]}, {"date": "2024-03-30-20-00-00", "alternatives": ["16", "6", "16"]}, {"date": "2024-03-30-20-00-00", "alternatives": ["16", "6", "16"]}, {"date": "2024-03-30-20-00-00", "alternatives": ["16", "6", "16"]}, {"date": "2024-03-30-20-00-00", "alternatives": ["16", "6", "16"]}, {"date": "2024-03-30-20-00-00", "alternatives": ["16", "6", "16"]}, {"date": "2024-03-30-20-00-00", "alternatives": ["16", "6", "16"]}, {"date": "2024-03-30-20-00-00", "alternatives": ["16", "6", "16"]}, {"date": "2024-03-30-20-00-00", "alternatives": ["16", "6", "16"]}, {"date": "2024-03-30-20-00-00", "alternatives": ["16", "6", "16"]}, {"date": "2024-03-30-20-00-00", "alternatives": ["16", "6", "16"]}, {"date": "2024-03-30-20-00-00", "alternatives": ["16", "6", "16"]}, {"date": "2024-03-30-20-00-00", "alternatives": ["16", "6", "16"]}, {"date": "2024-03-30-20-00-00", "alternatives": ["16", "6", "16"]}, {"date": "2024-03-30-20-00-00", "alternatives": ["16", "6", "16"]}, {"date": "2024-03-30-20-00-00", "alternatives": ["16", "6", "16"]}, {"date": "2024-03-30-20-00-00", "alternatives": ["16", "6", "16"]}, {"date": "2024-03-30-20-00-00", "alternatives": ["16", "6", "16"]}, {"date": "2024-03-30-20-00-00", "alternatives": ["16", "6", "16"]}, {"date": "2024-03-30-20-00-00", "alternatives": ["16", "6", "16"]}, {"date": "2024-03-30-20-00-00", "alternatives": ["16", "6", "16"]}, {"date": "2024-03-30-20-00-00", "alternatives": ["16", "6", "16"]}, {"date": "2024-03-30-20-00-00", "alternatives": ["16", "6", "16"]}, {"date": "2024-03-30-20-00-00", "alternatives": ["16", "6", "16"]}]}, {"location": {"country_code": "fr", "region": "Nord-Passo di Calais-Piccardia"}, "game_id": "747108", "values": [{"date": "2024-03-30-21-00-00", "alternatives": [3, 31, 3, 3]}, {"date": "2024-03-30-21-00-00", "alternatives": [3, 31, 3, 3]}, {"date": "2024-03-30-21-00-00", "alternatives": [3, 31, 3, 3]}, {"date": "2024-03-30-21-00-00", "alternatives": [3, 31, 3, 3]}, {"date": "2024-03-30-21-00-00", "alternatives": [3, 31, 3, 3]}, {"date": "2024-03-30-21-00-00", "alternatives": [3, 31, 3, 3]}, {"date": "2024-03-30-21-00-00", "alternatives": [3, 31, 3, 3]}, {"date": "2024-03-30-21-00-00", "alternatives": [3, 31, 3, 3]}, {"date": "2024-03-30-21-00-00", "alternatives": [3, 31, 3, 3]}, {"date": "2024-03-30-21-00-00", "alternatives": [3, 31, 3, 3]}, {"date": "2024-03-30-21-00-00", "alternatives": [3, 31, 3, 3]}, {"date": "2024-03-30-21-00-00", "alternatives": [3, 31, 3, 3]}, {"date": "2024-03-30-21-00-00", "alternatives": [3, 31, 3, 3]}, {"date": "2024-03-30-21-00-00", "alternatives": [3, 31, 3, 3]}, {"date": "2024-03-30-21-00-00", "alternatives": [3, 31, 3, 3]}, {"date": "2024-03-30-21-00-00", "alternatives": [3, 31, 3, 3]}, {"date": "2024-03-30-21-00-00", "alternatives": [3, 31, 3, 3]}, {"date": "2024-03-30-21-00-00", "alternatives": [3, 31, 3, 3]}, {"date": "2024-03-30-21-00-00", "alternatives": [3, 31, 3, 3]}, {"date": "2024-03-30-21-00-00", "alternatives": [3, 31, 3, 3]}, {"date": "2024-03-30-21-00-00", "alternatives": [3, 31, 3, 3]}, {"date": "2024-03-30-21-00-00", "alternatives": [3, 31, 3, 3]}]}, {"location": {"country_code": "ae", "region": "Dubai", "city": "Dubai"}, "game_id": "747108", "values": [{"date": "2024-03-30-22-00-00", "alternatives": ["1", "1", "10"]}]}, {"location": {"country_code": "es", "region": "Andalusia", "city": "Cordoba"}, "game_id": "747108", "values": [{"date": "2024-03-30-19-00-00", "alternatives": ["47", "27", "47"]}, {"date": "2024-03-30-19-00-00", "alternatives": ["47", "27", "47"]}, {"date": "2024-03-30-19-00-00", "alternatives": ["47", "27", "47"]}, {"date": "2024-03-30-19-00-00", "alternatives": ["47", "27", "47"]}, {"date": "2024-03-30-19-00-00", "alternatives": ["47", "27", "47"]}, {"date": "2024-03-30-19-00-00", "alternatives": ["47", "27", "47"]}, {"date": "2024-03-30-19-00-00", "alternatives": ["47", "27", "47"]}, {"date": "2024-03-30-19-00-00", "alternatives": ["47", "27", "47"]}, {"date": "2024-03-30-19-00-00", "alternatives": ["47", "27", "47"]}, {"date": "2024-03-30-19-00-00", "alternatives": ["47", "27", "47"]}]}, {"location": {"country_code": "us", "region": "Guam", "city": "Dededo"}, "game_id": "747108", "values": [{"date": "2024-03-30-13-00-00", "alternatives": ["1565", "156", "156"]}, {"date": "2024-03-30-13-00-00", "alternatives": ["1565", "156", "156"]}, {"date": "2024-03-30-13-00-00", "alternatives": ["1565", "156", "156"]}, {"date": "2024-03-30-13-00-00", "alternatives": ["1565", "156", "156"]}, {"date": "2024-03-30-13-00-00", "alternatives": ["1565", "156", "156"]}, {"date": "2024-03-30-13-00-00", "alternatives": ["1565", "156", "156"]}, {"date": "2024-03-30-13-00-00", "alternatives": ["1565", "156", "156"]}, {"date": "2024-03-30-07-00-00", "alternatives": ["7", "47", "47"]}, {"date": "2024-03-30-07-00-00", "alternatives": ["7", "47", "47"]}, {"date": "2024-03-30-07-00-00", "alternatives": ["7", "47", "47"]}]}, {"location": {"country_code": "br", "region": "Sao Paulo", "city": "Franca"}, "game_id": "747108", "values": [{"date": "2024-03-30-03-00-00", "alternatives": ["2", "2", "3"]}]}, {"location": {"country_code": "gr", "region": "Samothrace", "city": "Thessaloniki"}, "game_id": "747108", "values": [{"date": "2024-03-30-17-00-00", "alternatives": ["141", "41", "141"]}, {"date": "2024-03-30-17-00-00", "alternatives": ["141", "41", "141"]}, {"date": "2024-03-30-17-00-00", "alternatives": ["141", "41", "141"]}, {"date": "2024-03-30-17-00-00", "alternatives": ["141", "41", "141"]}, {"date": "2024-03-30-17-00-00", "alternatives": ["141", "41", "141"]}, {"date": "2024-03-30-17-00-00", "alternatives": ["141", "41", "141"]}, {"date": "2024-03-30-17-00-00", "alternatives": ["141", "41", "141"]}, {"date": "2024-03-30-17-00-00", "alternatives": ["141", "41", "141"]}, {"date": "2024-03-30-17-00-00", "alternatives": ["141", "41", "141"]}, {"date": "2024-03-30-17-00-00", "alternatives": ["141", "41", "141"]}, {"date": "2024-03-30-17-00-00", "alternatives": ["141", "41", "141"]}, {"date": "2024-03-30-17-00-00", "alternatives": ["141", "41", "141"]}, {"date": "2024-03-30-17-00-00", "alternatives": ["141", "41", "141"]}, {"date": "2024-03-30-17-00-00", "alternatives": ["141", "41", "141"]}, {"date": "2024-03-30-17-00-00", "alternatives": ["141", "41", "141"]}, {"date": "2024-03-30-17-00-00", "alternatives": ["141", "41", "141"]}, {"date": "2024-03-30-17-00-00", "alternatives": ["141", "41", "141"]}, {"date": "2024-03-30-17-00-00", "alternatives": ["141", "41", "141"]}, {"date": "2024-03-30-17-00-00", "alternatives": ["141", "41", "141"]}, {"date": "2024-03-30-17-00-00", "alternatives": ["141", "41", "141"]}, {"date": "2024-03-30-17-00-00", "alternatives": ["141", "41", "141"]}, {"date": "2024-03-30-17-00-00", "alternatives": ["141", "41", "141"]}, {"date": "2024-03-30-17-00-00", "alternatives": ["141", "41", "141"]}, {"date": "2024-03-30-17-00-00", "alternatives": ["141", "41", "141"]}, {"date": "2024-03-30-17-00-00", "alternatives": ["141", "41", "141"]}]}, {"location": {"country_code": "co", "region": "Bogota"}, "game_id": "747108", "values": [{"date": "2024-03-30-08-00-00", "alternatives": [80, 78, 78, 78]}, {"date": "2024-03-30-08-00-00", "alternatives": [80, 78, 78, 78]}, {"date": "2024-03-30-08-00-00", "alternatives": [80, 78, 78, 78]}, {"date": "2024-03-30-08-00-00", "alternatives": [80, 78, 78, 78]}, {"date": "2024-03-30-08-00-00", "alternatives": [80, 78, 78, 78]}, {"date": "2024-03-30-08-00-00", "alternatives": [80, 78, 78, 78]}, {"date": "2024-03-30-08-00-00", "alternatives": [80, 78, 78, 78]}, {"date": "2024-03-30-08-00-00", "alternatives": [80, 78, 78, 78]}, {"date": "2024-03-30-08-00-00", "alternatives": [80, 78, 78, 78]}, {"date": "2024-03-30-08-00-00", "alternatives": [80, 78, 78, 78]}, {"date": "2024-03-30-08-00-00", "alternatives": [80, 78, 78, 78]}, {"date": "2024-03-30-08-00-00", "alternatives": [80, 78, 78, 78]}, {"date": "2024-03-30-08-00-00", "alternatives": [80, 78, 78, 78]}, {"date": "2024-03-30-08-00-00", "alternatives": [80, 78, 78, 78]}, {"date": "2024-03-30-08-00-00", "alternatives": [80, 78, 78, 78]}, {"date": "2024-03-30-08-00-00", "alternatives": [80, 78, 78, 78]}, {"date": "2024-03-30-08-00-00", "alternatives": [80, 78, 78, 78]}]}, {"location": {"country_code": "es", "region": "Cantabria", "city": "Torres"}, "game_id": "747108", "values": [{"date": "2024-03-30-15-00-00", "alternatives": ["4763", "47", "47"]}, {"date": "2024-03-30-15-00-00", "alternatives": ["4763", "47", "47"]}, {"date": "2024-03-30-15-00-00", "alternatives": ["4763", "47", "47"]}, {"date": "2024-03-30-15-00-00", "alternatives": ["4763", "47", "47"]}, {"date": "2024-03-30-15-00-00", "alternatives": ["4763", "47", "47"]}, {"date": "2024-03-30-15-00-00", "alternatives": ["4763", "47", "47"]}, {"date": "2024-03-30-15-00-00", "alternatives": ["4763", "47", "47"]}, {"date": "2024-03-30-15-00-00", "alternatives": ["4763", "47", "47"]}, {"date": "2024-03-30-15-00-00", "alternatives": ["4763", "47", "47"]}, {"date": "2024-03-30-15-00-00", "alternatives": ["4763", "47", "47"]}, {"date": "2024-03-30-15-00-00", "alternatives": ["4763", "47", "47"]}, {"date": "2024-03-30-15-00-00", "alternatives": ["4763", "47", "47"]}, {"date": "2024-03-30-15-00-00", "alternatives": ["4763", "47", "47"]}]}, {"location": {"country_code": "us", "region": "Arkansas", "city": "Newport"}, "game_id": "747108", "values": [{"date": "2024-03-30-17-00-00", "alternatives": [1, 5, 15, 15, 15]}, {"date": "2024-03-30-17-00-00", "alternatives": [1, 5, 15, 15, 15]}, {"date": "2024-03-30-17-00-00", "alternatives": [1, 5, 15, 15, 15]}, {"date": "2024-03-30-17-00-00", "alternatives": [1, 5, 15, 15, 15]}, {"date": "2024-03-30-17-00-00", "alternatives": [1, 5, 15, 15, 15]}, {"date": "2024-03-30-17-00-00", "alternatives": [1, 5, 15, 15, 15]}, {"date": "2024-03-30-17-00-00", "alternatives": [1, 5, 15, 15, 15]}, {"date": "2024-03-30-17-00-00", "alternatives": [1, 5, 15, 15, 15]}, {"date": "2024-03-30-17-00-00", "alternatives": [1, 5, 15, 15, 15]}, {"date": "2024-03-30-17-00-00", "alternatives": [1, 5, 15, 15, 15]}, {"date": "2024-03-30-17-00-00", "alternatives": [1, 5, 15, 15, 15]}, {"date": "2024-03-30-17-00-00", "alternatives": [1, 5, 15, 15, 15]}, {"date": "2024-03-30-17-00-00", "alternatives": [1, 5, 15, 15, 15]}, {"date": "2024-03-30-17-00-00", "alternatives": [1, 5, 15, 15, 15]}, {"date": "2024-03-30-17-00-00", "alternatives": [1, 5, 15, 15, 15]}, {"date": "2024-03-30-17-00-00", "alternatives": [1, 5, 15, 15, 15]}, {"date": "2024-03-30-17-00-00", "alternatives": [1, 5, 15, 15, 15]}, {"date": "2024-03-30-17-00-00", "alternatives": [1, 5, 15, 15, 15]}, {"date": "2024-03-30-17-00-00", "alternatives": [1, 5, 15, 15, 15]}, {"date": "2024-03-30-17-00-00", "alternatives": [1, 5, 15, 15, 15]}]}], "last_updated": 1719918529.389172}