{"data": [{"location": {"country_code": "us"}, "game_id": "747108", "values": [{"date": "2024-03-02-22-00-00", "alternatives": ["310", "31", "31"]}]}, {"location": {"country_code": "pa"}, "game_id": "747108", "values": [{"date": "2024-03-02-09-00-00", "alternatives": ["18", "78", "78"]}, {"date": "2024-03-02-09-00-00", "alternatives": ["18", "78", "78"]}, {"date": "2024-03-02-09-00-00", "alternatives": ["18", "78", "78"]}, {"date": "2024-03-02-09-00-00", "alternatives": ["18", "78", "78"]}, {"date": "2024-03-02-09-00-00", "alternatives": ["18", "78", "78"]}, {"date": "2024-03-02-09-00-00", "alternatives": ["18", "78", "78"]}, {"date": "2024-03-02-09-00-00", "alternatives": ["18", "78", "78"]}, {"date": "2024-03-02-09-00-00", "alternatives": ["18", "78", "78"]}]}, {"location": {"country_code": "ca"}, "game_id": "747108", "values": [{"date": "2024-03-02-04-00-00", "alternatives": [49, 47, 47, 47]}, {"date": "2024-03-02-04-00-00", "alternatives": [49, 47, 47, 47]}, {"date": "2024-03-02-04-00-00", "alternatives": [49, 47, 47, 47]}, {"date": "2024-03-02-04-00-00", "alternatives": [49, 47, 47, 47]}, {"date": "2024-03-02-04-00-00", "alternatives": [49, 47, 47, 47]}, {"date": "2024-03-02-04-00-00", "alternatives": [49, 47, 47, 47]}, {"date": "2024-03-02-04-00-00", "alternatives": [49, 47, 47, 47]}, {"date": "2024-03-02-04-00-00", "alternatives": [49, 47, 47, 47]}, {"date": "2024-03-02-04-00-00", "alternatives": [49, 47, 47, 47]}, {"date": "2024-03-02-04-00-00", "alternatives": [49, 47, 47, 47]}, {"date": "2024-03-02-04-00-00", "alternatives": [49, 47, 47, 47]}, {"date": "2024-03-02-04-00-00", "alternatives": [49, 47, 47, 47]}, {"date": "2024-03-02-04-00-00", "alternatives": [49, 47, 47, 47]}, {"date": "2024-03-02-04-00-00", "alternatives": [49, 47, 47, 47]}, {"date": "2024-03-02-04-00-00", "alternatives": [49, 47, 47, 47]}, {"date": "2024-03-02-04-00-00", "alternatives": [49, 47, 47, 47]}, {"date": "2024-03-02-04-00-00", "alternatives": [49, 47, 47, 47]}, {"date": "2024-03-02-04-00-00", "alternatives": [49, 47, 47, 47]}, {"date": "2024-03-02-04-00-00", "alternatives": [49, 47, 47, 47]}, {"date": "2024-03-02-04-00-00", "alternatives": [49, 47, 47, 47]}, {"date": "2024-03-02-04-00-00", "alternatives": [49, 47, 47, 47]}, {"date": "2024-03-02-04-00-00", "alternatives": [49, 47, 47, 47]}, {"date": "2024-03-02-04-00-00", "alternatives": [49, 47, 47, 47]}, {"date": "2024-03-02-04-00-00", "alternatives": [49, 47, 47, 47]}, {"date": "2024-03-02-04-00-00", "alternatives": [49, 47, 47, 47]}, {"date": "2024-03-02-04-00-00", "alternatives": [49, 47, 47, 47]}, {"date": "2024-03-02-04-00-00", "alternatives": [49, 47, 47, 47]}, {"date": "2024-03-02-04-00-00", "alternatives": [49, 47, 47, 47]}, {"date": "2024-03-02-04-00-00", "alternatives": [49, 47, 47, 47]}, {"date": "2024-03-02-04-00-00", "alternatives": [49, 47, 47, 47]}, {"date": "2024-03-02-04-00-00", "alternatives": [49, 47, 47, 47]}]}, {"location": {"country_code": "cl"}, "game_id": "747108", "values": [{"date": "2024-03-02-05-00-00", "alternatives": ["6205", "62", "62"]}, {"date": "2024-03-02-05-00-00", "alternatives": ["6205", "62", "62"]}, {"date": "2024-03-02-05-00-00", "alternatives": ["6205", "62", "62"]}, {"date": "2024-03-02-05-00-00", "alternatives": ["6205", "62", "62"]}, {"date": "2024-03-02-05-00-00", "alternatives": ["6205", "62", "62"]}]}, {"location": {"country_code": "mx"}, "game_id": "747108", "values": [{"date": "2024-03-02-08-00-00", "alternatives": ["26313", "63", "63"]}, {"date": "2024-03-02-08-00-00", "alternatives": ["26313", "63", "63"]}, {"date": "2024-03-02-08-00-00", "alternatives": ["26313", "63", "63"]}, {"date": "2024-03-02-08-00-00", "alternatives": ["26313", "63", "63"]}, {"date": "2024-03-02-08-00-00", "alternatives": ["26313", "63", "63"]}, {"date": "2024-03-02-08-00-00", "alternatives": ["26313", "63", "63"]}, {"date": "2024-03-02-08-00-00", "alternatives": ["26313", "63", "63"]}, {"date": "2024-03-02-08-00-00", "alternatives": ["26313", "63", "63"]}, {"date": "2024-03-02-08-00-00", "alternatives": ["26313", "63", "63"]}, {"date": "2024-03-02-08-00-00", "alternatives": ["26313", "63", "63"]}, {"date": "2024-03-02-08-00-00", "alternatives": ["26313", "63", "63"]}, {"date": "2024-03-02-08-00-00", "alternatives": ["26313", "63", "63"]}, {"date": "2024-03-02-08-00-00", "alternatives": ["26313", "63", "63"]}, {"date": "2024-03-02-08-00-00", "alternatives": ["26313", "63", "63"]}, {"date": "2024-03-02-08-00-00", "alternatives": ["26313", "63", "63"]}, {"date": "2024-03-02-08-00-00", "alternatives": ["26313", "63", "63"]}, {"date": "2024-03-02-08-00-00", "alternatives": ["26313", "63", "63"]}, {"date": "2024-03-02-08-00-00", "alternatives": ["26313", "63", "63"]}, {"date": "2024-03-02-08-00-00", "alternatives": ["26313", "63", "63"]}, {"date": "2024-03-02-08-00-00", "alternatives": ["26313", "63", "63"]}, {"date": "2024-03-02-08-00-00", "alternatives": ["26313", "63", "63"]}, {"date": "2024-03-02-08-00-00", "alternatives": ["26313", "63", "63"]}, {"date": "2024-03-03-01-00-00", "alternatives": ["78075", "78", "78"]}, {"date": "2024-03-03-01-00-00", "alternatives": ["78075", "78", "78"]}, {"date": "2024-03-03-01-00-00", "alternatives": ["78075", "78", "78"]}, {"date": "2024-03-03-01-00-00", "alternatives": ["78075", "78", "78"]}]}, {"location": {"country_code": "br"}, "game_id": "747108", "values": [{"date": "2024-03-02-01-00-00", "alternatives": ["47", "7", "47"]}, {"date": "2024-03-02-01-00-00", "alternatives": ["47", "7", "47"]}]}, {"location": {"country_code": "se"}, "game_id": "747108", "values": [{"date": "2024-03-02-15-00-00", "alternatives": ["3", "817", "3"]}, {"date": "2024-03-02-15-00-00", "alternatives": ["3", "817", "3"]}, {"date": "2024-03-02-15-00-00", "alternatives": ["3", "817", "3"]}, {"date": "2024-03-02-15-00-00", "alternatives": ["3", "817", "3"]}, {"date": "2024-03-02-15-00-00", "alternatives": ["3", "817", "3"]}, {"date": "2024-03-02-15-00-00", "alternatives": ["3", "817", "3"]}, {"date": "2024-03-02-15-00-00", "alternatives": ["3", "817", "3"]}, {"date": "2024-03-02-15-00-00", "alternatives": ["3", "817", "3"]}, {"date": "2024-03-02-15-00-00", "alternatives": ["3", "817", "3"]}, {"date": "2024-03-02-15-00-00", "alternatives": ["3", "817", "3"]}]}, {"location": {"country_code": "us", "region": "Texas", "city": "Austin"}, "game_id": "747108", "values": [{"date": "2024-03-02-03-00-00", "alternatives": ["9", "2", "2"]}, {"date": "2024-03-02-03-00-00", "alternatives": ["9", "2", "2"]}]}, {"location": {"country_code": "ar"}, "game_id": "747108", "values": [{"date": "2024-03-03-01-00-00", "alternatives": ["31", "31", "3"]}, {"date": "2024-03-03-01-00-00", "alternatives": ["31", "31", "3"]}, {"date": "2024-03-03-01-00-00", "alternatives": ["31", "31", "3"]}, {"date": "2024-03-03-01-00-00", "alternatives": ["31", "31", "3"]}, {"date": "2024-03-03-01-00-00", "alternatives": ["31", "31", "3"]}, {"date": "2024-03-03-01-00-00", "alternatives": ["31", "31", "3"]}, {"date": "2024-03-03-01-00-00", "alternatives": ["31", "31", "3"]}, {"date": "2024-03-03-01-00-00", "alternatives": ["31", "31", "3"]}, {"date": "2024-03-03-01-00-00", "alternatives": ["31", "31", "3"]}, {"date": "2024-03-03-01-00-00", "alternatives": ["31", "31", "3"]}, {"date": "2024-03-03-01-00-00", "alternatives": ["31", "31", "3"]}, {"date": "2024-03-03-01-00-00", "alternatives": ["31", "31", "3"]}, {"date": "2024-03-03-01-00-00", "alternatives": ["31", "31", "3"]}, {"date": "2024-03-03-01-00-00", "alternatives": ["31", "31", "3"]}, {"date": "2024-03-03-01-00-00", "alternatives": ["31", "31", "3"]}, {"date": "2024-03-03-01-00-00", "alternatives": ["31", "31", "3"]}, {"date": "2024-03-03-01-00-00", "alternatives": ["31", "31", "3"]}]}, {"location": {"country_code": "us", "region": "Texas", "city": "Houston"}, "game_id": "747108", "values": [{"date": "2024-03-02-22-00-00", "alternatives": ["326", "32", "32"]}, {"date": "2024-03-02-22-00-00", "alternatives": ["326", "32", "32"]}, {"date": "2024-03-02-22-00-00", "alternatives": ["326", "32", "32"]}, {"date": "2024-03-02-22-00-00", "alternatives": ["326", "32", "32"]}, {"date": "2024-03-02-22-00-00", "alternatives": ["326", "32", "32"]}, {"date": "2024-03-02-22-00-00", "alternatives": ["326", "32", "32"]}, {"date": "2024-03-02-22-00-00", "alternatives": ["326", "32", "32"]}, {"date": "2024-03-02-22-00-00", "alternatives": ["326", "32", "32"]}]}, {"location": {"country_code": "at"}, "game_id": "747108", "values": [{"date": "2024-03-02-14-00-00", "alternatives": [7, 47, 710, 47, 47]}, {"date": "2024-03-02-14-00-00", "alternatives": [7, 47, 710, 47, 47]}, {"date": "2024-03-02-14-00-00", "alternatives": [7, 47, 710, 47, 47]}, {"date": "2024-03-02-14-00-00", "alternatives": [7, 47, 710, 47, 47]}, {"date": "2024-03-02-14-00-00", "alternatives": [7, 47, 710, 47, 47]}, {"date": "2024-03-02-14-00-00", "alternatives": [7, 47, 710, 47, 47]}, {"date": "2024-03-02-14-00-00", "alternatives": [7, 47, 710, 47, 47]}, {"date": "2024-03-02-14-00-00", "alternatives": [7, 47, 710, 47, 47]}, {"date": "2024-03-02-14-00-00", "alternatives": [7, 47, 710, 47, 47]}, {"date": "2024-03-02-14-00-00", "alternatives": [7, 47, 710, 47, 47]}, {"date": "2024-03-02-14-00-00", "alternatives": [7, 47, 710, 47, 47]}, {"date": "2024-03-02-14-00-00", "alternatives": [7, 47, 710, 47, 47]}, {"date": "2024-03-02-14-00-00", "alternatives": [7, 47, 710, 47, 47]}, {"date": "2024-03-02-14-00-00", "alternatives": [7, 47, 710, 47, 47]}]}, {"location": {"country_code": "es", "region": "Catalonia", "city": "l'Hospitalet de Llobregat"}, "game_id": "747108", "values": [{"date": "2024-03-02-18-00-00", "alternatives": ["47", "7", "47"]}]}, {"location": {"country_code": "pl"}, "game_id": "747108", "values": [{"date": "2024-03-02-04-00-00", "alternatives": ["3", "31", "31"]}, {"date": "2024-03-02-04-00-00", "alternatives": ["3", "31", "31"]}]}, {"location": {"country_code": "do"}, "game_id": "747108", "values": [{"date": "2024-03-02-09-00-00", "alternatives": ["16", "6", "16"]}, {"date": "2024-03-02-09-00-00", "alternatives": ["16", "6", "16"]}, {"date": "2024-03-02-09-00-00", "alternatives": ["16", "6", "16"]}, {"date": "2024-03-02-09-00-00", "alternatives": ["16", "6", "16"]}]}, {"location": {"country_code": "de", "region": "North Rhine-Westphalia"}, "game_id": "747108", "values": [{"date": "2024-03-02-11-00-00", "alternatives": [3206, 32, 32006, 32, 32]}, {"date": "2024-03-02-11-00-00", "alternatives": [3206, 32, 32006, 32, 32]}, {"date": "2024-03-02-11-00-00", "alternatives": [3206, 32, 32006, 32, 32]}, {"date": "2024-03-02-11-00-00", "alternatives": [3206, 32, 32006, 32, 32]}, {"date": "2024-03-02-11-00-00", "alternatives": [3206, 32, 32006, 32, 32]}, {"date": "2024-03-02-11-00-00", "alternatives": [3206, 32, 32006, 32, 32]}, {"date": "2024-03-02-11-00-00", "alternatives": [3206, 32, 32006, 32, 32]}, {"date": "2024-03-02-11-00-00", "alternatives": [3206, 32, 32006, 32, 32]}, {"date": "2024-03-02-11-00-00", "alternatives": [3206, 32, 32006, 32, 32]}, {"date": "2024-03-02-11-00-00", "alternatives": [3206, 32, 32006, 32, 32]}, {"date": "2024-03-02-11-00-00", "alternatives": [3206, 32, 32006, 32, 32]}, {"date": "2024-03-02-11-00-00", "alternatives": [3206, 32, 32006, 32, 32]}, {"date": "2024-03-02-11-00-00", "alternatives": [3206, 32, 32006, 32, 32]}, {"date": "2024-03-02-11-00-00", "alternatives": [3206, 32, 32006, 32, 32]}, {"date": "2024-03-02-11-00-00", "alternatives": [3206, 32, 32006, 32, 32]}, {"date": "2024-03-02-11-00-00", "alternatives": [3206, 32, 32006, 32, 32]}, {"date": "2024-03-02-11-00-00", "alternatives": [3206, 32, 32006, 32, 32]}, {"date": "2024-03-02-11-00-00", "alternatives": [3206, 32, 32006, 32, 32]}, {"date": "2024-03-02-11-00-00", "alternatives": [3206, 32, 32006, 32, 32]}, {"date": "2024-03-02-11-00-00", "alternatives": [3206, 32, 32006, 32, 32]}, {"date": "2024-03-02-11-00-00", "alternatives": [3206, 32, 32006, 32, 32]}, {"date": "2024-03-02-11-00-00", "alternatives": [3206, 32, 32006, 32, 32]}, {"date": "2024-03-02-11-00-00", "alternatives": [3206, 32, 32006, 32, 32]}, {"date": "2024-03-02-11-00-00", "alternatives": [3206, 32, 32006, 32, 32]}, {"date": "2024-03-02-11-00-00", "alternatives": [3206, 32, 32006, 32, 32]}, {"date": "2024-03-02-11-00-00", "alternatives": [3206, 32, 32006, 32, 32]}, {"date": "2024-03-02-11-00-00", "alternatives": [3206, 32, 32006, 32, 32]}, {"date": "2024-03-02-11-00-00", "alternatives": [3206, 32, 32006, 32, 32]}, {"date": "2024-03-02-11-00-00", "alternatives": [3206, 32, 32006, 32, 32]}, {"date": "2024-03-02-11-00-00", "alternatives": [3206, 32, 32006, 32, 32]}, {"date": "2024-03-02-11-00-00", "alternatives": [3206, 32, 32006, 32, 32]}, {"date": "2024-03-02-11-00-00", "alternatives": [3206, 32, 32006, 32, 32]}, {"date": "2024-03-02-11-00-00", "alternatives": [3206, 32, 32006, 32, 32]}, {"date": "2024-03-02-11-00-00", "alternatives": [3206, 32, 32006, 32, 32]}, {"date": "2024-03-02-11-00-00", "alternatives": [3206, 32, 32006, 32, 32]}, {"date": "2024-03-02-11-00-00", "alternatives": [3206, 32, 32006, 32, 32]}, {"date": "2024-03-02-11-00-00", "alternatives": [3206, 32, 32006, 32, 32]}, {"date": "2024-03-02-11-00-00", "alternatives": [3206, 32, 32006, 32, 32]}, {"date": "2024-03-02-11-00-00", "alternatives": [3206, 32, 32006, 32, 32]}, {"date": "2024-03-02-11-00-00", "alternatives": [3206, 32, 32006, 32, 32]}, {"date": "2024-03-02-11-00-00", "alternatives": [3206, 32, 32006, 32, 32]}, {"date": "2024-03-02-11-00-00", "alternatives": [3206, 32, 32006, 32, 32]}]}, {"location": {"country_code": "ae", "region": "Dubai", "city": "Dubai"}, "game_id": "747108", "values": [{"date": "2024-03-02-21-00-00", "alternatives": ["1", "10", "10"]}, {"date": "2024-03-02-21-00-00", "alternatives": ["1", "10", "10"]}]}, {"location": {"country_code": "es", "region": "Andalusia", "city": "Cordoba"}, "game_id": "747108", "values": [{"date": "2024-03-03-01-00-00", "alternatives": ["31", "31", "3"]}, {"date": "2024-03-03-01-00-00", "alternatives": ["31", "31", "3"]}, {"date": "2024-03-03-01-00-00", "alternatives": ["31", "31", "3"]}, {"date": "2024-03-03-01-00-00", "alternatives": ["31", "31", "3"]}, {"date": "2024-03-03-01-00-00", "alternatives": ["31", "31", "3"]}, {"date": "2024-03-03-01-00-00", "alternatives": ["31", "31", "3"]}, {"date": "2024-03-03-01-00-00", "alternatives": ["31", "31", "3"]}]}, {"location": {"country_code": "us", "region": "Guam", "city": "Dededo"}, "game_id": "747108", "values": [{"date": "2024-03-02-15-00-00", "alternatives": [140, 40, 1, 140, 140]}, {"date": "2024-03-02-15-00-00", "alternatives": [140, 40, 1, 140, 140]}, {"date": "2024-03-02-15-00-00", "alternatives": [140, 40, 1, 140, 140]}, {"date": "2024-03-02-15-00-00", "alternatives": [140, 40, 1, 140, 140]}, {"date": "2024-03-02-15-00-00", "alternatives": [140, 40, 1, 140, 140]}, {"date": "2024-03-02-15-00-00", "alternatives": [140, 40, 1, 140, 140]}]}, {"location": {"country_code": "co", "region": "Bogota"}, "game_id": "747108", "values": [{"date": "2024-03-02-04-00-00", "alternatives": [79, 7890, 79, 79, 79]}, {"date": "2024-03-02-04-00-00", "alternatives": [79, 7890, 79, 79, 79]}, {"date": "2024-03-02-04-00-00", "alternatives": [79, 7890, 79, 79, 79]}, {"date": "2024-03-02-04-00-00", "alternatives": [79, 7890, 79, 79, 79]}, {"date": "2024-03-02-04-00-00", "alternatives": [79, 7890, 79, 79, 79]}, {"date": "2024-03-02-04-00-00", "alternatives": [79, 7890, 79, 79, 79]}, {"date": "2024-03-02-04-00-00", "alternatives": [79, 7890, 79, 79, 79]}]}], "last_updated": 1719918530.630204}