{"data": [{"location": {"country_code": "us"}, "game_id": "116088", "values": [{"date": "2023-05-15-20-00-00", "latency": 33}, {"date": "2023-05-15-23-00-00", "latency": 5}, {"date": "2023-05-15-21-00-00", "latency": 0}, {"date": "2023-05-15-21-00-00", "latency": 0}, {"date": "2023-05-15-21-00-00", "latency": 0}, {"date": "2023-05-15-20-00-00", "latency": 69}, {"date": "2023-05-15-20-00-00", "latency": 69}, {"date": "2023-05-15-20-00-00", "latency": 69}, {"date": "2023-05-15-20-00-00", "latency": 69}, {"date": "2023-05-15-20-00-00", "latency": 69}]}, {"location": {"country_code": "th"}, "game_id": "116088", "values": [{"date": "2023-05-15-07-00-00", "latency": 0}, {"date": "2023-05-15-17-00-00", "latency": 18}]}, {"location": {"country_code": "nl"}, "game_id": "116088", "values": [{"date": "2023-05-15-16-00-00", "latency": 2}]}, {"location": {"country_code": "za"}, "game_id": "116088", "values": [{"date": "2023-05-15-14-00-00", "latency": 124}, {"date": "2023-05-15-14-00-00", "latency": 124}, {"date": "2023-05-15-14-00-00", "latency": 124}, {"date": "2023-05-15-14-00-00", "latency": 124}, {"date": "2023-05-15-14-00-00", "latency": 124}, {"date": "2023-05-15-14-00-00", "latency": 124}]}, {"location": {"country_code": "jp"}, "game_id": "116088", "values": [{"date": "2023-05-15-09-00-00", "latency": 27}, {"date": "2023-05-15-09-00-00", "latency": 27}, {"date": "2023-05-15-09-00-00", "latency": 27}, {"date": "2023-05-15-09-00-00", "latency": 27}, {"date": "2023-05-15-09-00-00", "latency": 27}, {"date": "2023-05-15-09-00-00", "latency": 27}, {"date": "2023-05-15-09-00-00", "latency": 27}, {"date": "2023-05-15-09-00-00", "latency": 27}, {"date": "2023-05-15-09-00-00", "latency": 27}, {"date": "2023-05-15-09-00-00", "latency": 27}, {"date": "2023-05-15-09-00-00", "latency": 27}, {"date": "2023-05-15-09-00-00", "latency": 27}]}, {"location": {"country_code": "ca"}, "game_id": "116088", "values": [{"date": "2023-05-15-03-00-00", "latency": 4}]}, {"location": {"country_code": "de"}, "game_id": "116088", "values": [{"date": "2023-05-15-16-00-00", "latency": 0}]}, {"location": {"country_code": "br", "region": "Parana", "city": "Araucaria"}, "game_id": "116088", "values": [{"date": "2023-05-15-19-00-00", "latency": 123}, {"date": "2023-05-15-19-00-00", "latency": 123}, {"date": "2023-05-15-19-00-00", "latency": 123}]}, {"location": {"country_code": "cl"}, "game_id": "116088", "values": [{"date": "2023-05-15-09-00-00", "latency": 37}, {"date": "2023-05-15-09-00-00", "latency": 37}, {"date": "2023-05-15-09-00-00", "latency": 37}, {"date": "2023-05-15-09-00-00", "latency": 37}, {"date": "2023-05-15-09-00-00", "latency": 37}, {"date": "2023-05-15-09-00-00", "latency": 37}, {"date": "2023-05-15-07-00-00", "latency": 5}]}, {"location": {"country_code": "au", "region": "New South Wales", "city": "Sydney"}, "game_id": "116088", "values": [{"date": "2023-05-15-16-00-00", "latency": 0}]}, {"location": {"country_code": "ph"}, "game_id": "116088", "values": [{"date": "2023-05-15-10-00-00", "latency": 29}, {"date": "2023-05-15-10-00-00", "latency": 29}, {"date": "2023-05-15-10-00-00", "latency": 29}, {"date": "2023-05-15-10-00-00", "latency": 29}, {"date": "2023-05-15-10-00-00", "latency": 29}, {"date": "2023-05-15-10-00-00", "latency": 29}, {"date": "2023-05-15-22-00-00", "latency": 3}]}, {"location": {"country_code": "in"}, "game_id": "116088", "values": [{"date": "2023-05-15-22-00-00", "latency": 8}]}, {"location": {"country_code": "br"}, "game_id": "116088", "values": [{"date": "2023-05-15-07-00-00", "latency": 6}, {"date": "2023-05-15-23-00-00", "latency": 13}]}, {"location": {"country_code": "no"}, "game_id": "116088", "values": [{"date": "2023-05-15-22-00-00", "latency": 6}]}, {"location": {"country_code": "ec"}, "game_id": "116088", "values": [{"date": "2023-05-16-01-00-00", "latency": 22}]}, {"location": {"country_code": "au"}, "game_id": "116088", "values": [{"date": "2023-05-15-13-00-00", "latency": 3}]}, {"location": {"country_code": "fi"}, "game_id": "116088", "values": [{"date": "2023-05-15-22-00-00", "latency": 3}, {"date": "2023-05-15-20-00-00", "latency": 18}, {"date": "2023-05-15-20-00-00", "latency": 18}, {"date": "2023-05-15-20-00-00", "latency": 18}, {"date": "2023-05-15-20-00-00", "latency": 18}]}, {"location": {"country_code": "br", "region": "Pernambuco", "city": "Pombos"}, "game_id": "116088", "values": [{"date": "2023-05-15-07-00-00", "latency": 0}, {"date": "2023-05-15-07-00-00", "latency": 0}]}, {"location": {"country_code": "us", "region": "Nevada", "city": "Las Vegas"}, "game_id": "116088", "values": [{"date": "2023-05-15-04-00-00", "latency": 76}, {"date": "2023-05-15-04-00-00", "latency": 76}, {"date": "2023-05-15-04-00-00", "latency": 76}]}, {"location": {"country_code": "pe"}, "game_id": "116088", "values": [{"date": "2023-05-15-21-00-00", "latency": 10}]}, {"location": {"country_code": "ua"}, "game_id": "116088", "values": [{"date": "2023-05-15-16-00-00", "latency": 2}, {"date": "2023-05-15-03-00-00", "latency": 0}, {"date": "2023-05-15-15-00-00", "latency": 0}, {"date": "2023-05-15-11-00-00", "latency": 3}, {"date": "2023-05-15-21-00-00", "latency": 12}, {"date": "2023-05-15-21-00-00", "latency": 0}, {"date": "2023-05-15-21-00-00", "latency": 0}, {"date": "2023-05-15-21-00-00", "latency": 0}, {"date": "2023-05-15-21-00-00", "latency": 0}, {"date": "2023-05-15-21-00-00", "latency": 0}, {"date": "2023-05-15-20-00-00", "latency": 3}]}, {"location": {"country_code": "kz"}, "game_id": "116088", "values": [{"date": "2023-05-15-14-00-00", "latency": 62}, {"date": "2023-05-15-14-00-00", "latency": 62}, {"date": "2023-05-15-14-00-00", "latency": 62}, {"date": "2023-05-15-14-00-00", "latency": 62}, {"date": "2023-05-15-14-00-00", "latency": 62}, {"date": "2023-05-15-22-00-00", "latency": 0}, {"date": "2023-05-15-22-00-00", "latency": 0}, {"date": "2023-05-15-07-00-00", "latency": 65}, {"date": "2023-05-15-07-00-00", "latency": 65}, {"date": "2023-05-15-07-00-00", "latency": 65}, {"date": "2023-05-15-07-00-00", "latency": 65}, {"date": "2023-05-15-07-00-00", "latency": 65}]}, {"location": {"country_code": "ru"}, "game_id": "116088", "values": [{"date": "2023-05-15-22-00-00", "latency": 2}, {"date": "2023-05-15-16-00-00", "latency": 53}, {"date": "2023-05-15-16-00-00", "latency": 53}, {"date": "2023-05-15-16-00-00", "latency": 53}, {"date": "2023-05-15-16-00-00", "latency": 53}, {"date": "2023-05-15-16-00-00", "latency": 53}, {"date": "2023-05-15-16-00-00", "latency": 53}, {"date": "2023-05-15-16-00-00", "latency": 53}, {"date": "2023-05-15-16-00-00", "latency": 53}, {"date": "2023-05-15-16-00-00", "latency": 53}, {"date": "2023-05-15-16-00-00", "latency": 53}, {"date": "2023-05-15-16-00-00", "latency": 53}, {"date": "2023-05-15-16-00-00", "latency": 53}, {"date": "2023-05-15-16-00-00", "latency": 53}, {"date": "2023-05-15-16-00-00", "latency": 53}, {"date": "2023-05-15-16-00-00", "latency": 53}, {"date": "2023-05-15-16-00-00", "latency": 53}, {"date": "2023-05-15-16-00-00", "latency": 53}, {"date": "2023-05-15-16-00-00", "latency": 53}, {"date": "2023-05-15-21-00-00", "latency": 40}, {"date": "2023-05-15-21-00-00", "latency": 40}]}, {"location": {"country_code": "my"}, "game_id": "116088", "values": [{"date": "2023-05-15-15-00-00", "latency": 1}]}, {"location": {"country_code": "py"}, "game_id": "116088", "values": [{"date": "2023-05-15-13-00-00", "latency": 0}]}, {"location": {"country_code": "ir"}, "game_id": "116088", "values": [{"date": "2023-05-15-12-00-00", "latency": 8}]}, {"location": {"country_code": "au", "region": "Western Australia", "city": "Perth"}, "game_id": "116088", "values": [{"date": "2023-05-15-11-00-00", "latency": 5}, {"date": "2023-05-15-11-00-00", "latency": 5}, {"date": "2023-05-15-11-00-00", "latency": 5}, {"date": "2023-05-15-11-00-00", "latency": 5}, {"date": "2023-05-15-11-00-00", "latency": 5}, {"date": "2023-05-15-11-00-00", "latency": 5}, {"date": "2023-05-15-11-00-00", "latency": 5}]}, {"location": {"country_code": "by"}, "game_id": "116088", "values": [{"date": "2023-05-15-18-00-00", "latency": 2}]}, {"location": {"country_code": "us", "region": "Montana"}, "game_id": "116088", "values": [{"date": "2023-05-15-07-00-00", "latency": 36}, {"date": "2023-05-15-07-00-00", "latency": 36}]}, {"location": {"country_code": "ru", "region": "Novosibirsk Oblast", "city": "Novosibirsk"}, "game_id": "116088", "values": [{"date": "2023-05-15-04-00-00", "latency": 15}]}, {"location": {"country_code": "bb"}, "game_id": "116088", "values": [{"date": "2023-05-15-16-00-00", "latency": 3}, {"date": "2023-05-15-16-00-00", "latency": 3}]}, {"location": {"country_code": "br", "region": "Goias"}, "game_id": "116088", "values": [{"date": "2023-05-16-00-00-00", "latency": 45}, {"date": "2023-05-16-00-00-00", "latency": 45}]}, {"location": {"country_code": "us", "region": "Texas", "city": "Killeen"}, "game_id": "116088", "values": [{"date": "2023-05-15-04-00-00", "latency": 12}]}, {"location": {"country_code": "tj"}, "game_id": "116088", "values": [{"date": "2023-05-15-15-00-00", "latency": 6}]}, {"location": {"country_code": "us", "region": "Ohio", "city": "Fairborn"}, "game_id": "116088", "values": [{"date": "2023-05-15-06-00-00", "latency": 7}]}, {"location": {"country_code": "sn"}, "game_id": "116088", "values": [{"date": "2023-05-15-20-00-00", "latency": 3}]}, {"location": {"country_code": "ua", "region": "Sevastopol City"}, "game_id": "116088", "values": [{"date": "2023-05-16-01-00-00", "latency": 54}, {"date": "2023-05-16-01-00-00", "latency": 54}, {"date": "2023-05-16-01-00-00", "latency": 54}, {"date": "2023-05-16-01-00-00", "latency": 54}, {"date": "2023-05-16-01-00-00", "latency": 54}, {"date": "2023-05-16-01-00-00", "latency": 54}, {"date": "2023-05-16-01-00-00", "latency": 54}, {"date": "2023-05-16-01-00-00", "latency": 54}, {"date": "2023-05-16-01-00-00", "latency": 54}, {"date": "2023-05-16-01-00-00", "latency": 54}, {"date": "2023-05-16-01-00-00", "latency": 54}, {"date": "2023-05-16-01-00-00", "latency": 54}]}, {"location": {"country_code": "gb", "region": "England", "city": "Swadlincote"}, "game_id": "116088", "values": [{"date": "2023-05-15-23-00-00", "latency": 3}]}, {"location": {"country_code": "mx", "region": "Baja California Sur", "city": "Cabo San Lucas"}, "game_id": "116088", "values": [{"date": "2023-05-16-01-00-00", "latency": 53}, {"date": "2023-05-16-01-00-00", "latency": 53}]}], "last_updated": 1719919367.136267}