{"data": [{"location": {"country_code": "us", "region": "New York", "city": "Jamestown"}, "game_id": "319965", "values": [{"date": "2022-08-16-06-00-00", "latency": 11}, {"date": "2022-08-16-06-00-00", "latency": 11}, {"date": "2022-08-16-06-00-00", "latency": 11}, {"date": "2022-08-16-06-00-00", "latency": 11}, {"date": "2022-08-16-06-00-00", "latency": 11}, {"date": "2022-08-16-06-00-00", "latency": 11}, {"date": "2022-08-16-06-00-00", "latency": 11}, {"date": "2022-08-16-06-00-00", "latency": 11}, {"date": "2022-08-16-06-00-00", "latency": 11}, {"date": "2022-08-16-06-00-00", "latency": 11}]}, {"location": {"country_code": "mx"}, "game_id": "319965", "values": [{"date": "2022-08-16-08-00-00", "latency": 58}, {"date": "2022-08-16-08-00-00", "latency": 58}, {"date": "2022-08-16-08-00-00", "latency": 58}, {"date": "2022-08-16-08-00-00", "latency": 58}, {"date": "2022-08-16-08-00-00", "latency": 58}, {"date": "2022-08-16-08-00-00", "latency": 58}, {"date": "2022-08-16-08-00-00", "latency": 58}, {"date": "2022-08-16-08-00-00", "latency": 58}, {"date": "2022-08-16-08-00-00", "latency": 58}, {"date": "2022-08-16-08-00-00", "latency": 58}, {"date": "2022-08-16-08-00-00", "latency": 58}, {"date": "2022-08-16-08-00-00", "latency": 58}, {"date": "2022-08-16-08-00-00", "latency": 58}, {"date": "2022-08-16-08-00-00", "latency": 58}, {"date": "2022-08-16-08-00-00", "latency": 58}, {"date": "2022-08-16-08-00-00", "latency": 58}, {"date": "2022-08-16-08-00-00", "latency": 58}, {"date": "2022-08-16-08-00-00", "latency": 58}, {"date": "2022-08-16-08-00-00", "latency": 58}]}, {"location": {"country_code": "jp", "region": "Nakano"}, "game_id": "319965", "values": [{"date": "2022-08-16-04-00-00", "latency": 78}, {"date": "2022-08-16-04-00-00", "latency": 78}, {"date": "2022-08-16-04-00-00", "latency": 78}, {"date": "2022-08-16-04-00-00", "latency": 78}, {"date": "2022-08-16-04-00-00", "latency": 78}, {"date": "2022-08-16-04-00-00", "latency": 78}, {"date": "2022-08-16-04-00-00", "latency": 78}, {"date": "2022-08-16-04-00-00", "latency": 78}, {"date": "2022-08-16-04-00-00", "latency": 78}, {"date": "2022-08-16-04-00-00", "latency": 78}, {"date": "2022-08-16-04-00-00", "latency": 78}]}, {"location": {"country_code": "gb", "region": "England", "city": "Nottingham"}, "game_id": "319965", "values": [{"date": "2022-08-16-23-00-00", "latency": 33}]}], "last_updated": 1719926529.997795}