{"data": [{"location": {"country_code": "cu"}, "game_id": "742409", "values": [{"date": "2023-06-16-03-00-00", "latency": 94}]}, {"location": {"country_code": "us"}, "game_id": "742409", "values": [{"date": "2023-06-16-16-00-00", "latency": 83}, {"date": "2023-06-16-16-00-00", "latency": 83}, {"date": "2023-06-16-16-00-00", "latency": 83}, {"date": "2023-06-16-05-00-00", "latency": 78}, {"date": "2023-06-16-05-00-00", "latency": 78}]}, {"location": {"country_code": "gb"}, "game_id": "742409", "values": [{"date": "2023-06-16-19-00-00", "latency": 40}, {"date": "2023-06-16-19-00-00", "latency": 40}, {"date": "2023-06-16-19-00-00", "latency": 40}, {"date": "2023-06-16-19-00-00", "latency": 40}, {"date": "2023-06-16-21-00-00", "latency": 39}, {"date": "2023-06-16-21-00-00", "latency": 39}, {"date": "2023-06-16-21-00-00", "latency": 39}, {"date": "2023-06-16-21-00-00", "latency": 39}, {"date": "2023-06-16-21-00-00", "latency": 39}, {"date": "2023-06-16-21-00-00", "latency": 39}, {"date": "2023-06-16-21-00-00", "latency": 39}]}, {"location": {"country_code": "cz"}, "game_id": "742409", "values": [{"date": "2023-06-16-15-00-00", "latency": 97}]}, {"location": {"country_code": "jp"}, "game_id": "742409", "values": [{"date": "2023-06-16-10-00-00", "latency": 90}]}, {"location": {"country_code": "jp", "region": "Tokyo"}, "game_id": "742409", "values": [{"date": "2023-06-16-09-00-00", "latency": 98}, {"date": "2023-06-16-09-00-00", "latency": 98}]}, {"location": {"country_code": "de"}, "game_id": "742409", "values": [{"date": "2023-06-16-18-00-00", "latency": 63}, {"date": "2023-06-16-18-00-00", "latency": 63}, {"date": "2023-06-16-18-00-00", "latency": 63}, {"date": "2023-06-16-21-00-00", "latency": 81}, {"date": "2023-06-16-21-00-00", "latency": 81}]}, {"location": {"country_code": "us", "region": "Indiana"}, "game_id": "742409", "values": [{"date": "2023-06-16-05-00-00", "latency": 98}, {"date": "2023-06-16-05-00-00", "latency": 98}]}, {"location": {"country_code": "fr"}, "game_id": "742409", "values": [{"date": "2023-06-16-10-00-00", "latency": 76}, {"date": "2023-06-16-10-00-00", "latency": 76}, {"date": "2023-06-16-10-00-00", "latency": 76}, {"date": "2023-06-16-10-00-00", "latency": 76}]}, {"location": {"country_code": "fr", "region": "Brittany Region"}, "game_id": "742409", "values": [{"date": "2023-06-16-23-00-00", "latency": 48}, {"date": "2023-06-16-23-00-00", "latency": 48}]}, {"location": {"country_code": "rs"}, "game_id": "742409", "values": [{"date": "2023-06-16-16-00-00", "latency": 66}]}, {"location": {"country_code": "se"}, "game_id": "742409", "values": [{"date": "2023-06-16-15-00-00", "latency": 48}]}, {"location": {"country_code": "es", "region": "Madrid", "city": "Parla"}, "game_id": "742409", "values": [{"date": "2023-06-16-22-00-00", "latency": 51}, {"date": "2023-06-16-22-00-00", "latency": 51}, {"date": "2023-06-16-22-00-00", "latency": 51}]}, {"location": {"country_code": "ca", "region": "Ontario"}, "game_id": "742409", "values": [{"date": "2023-06-16-03-00-00", "latency": 57}]}, {"location": {"country_code": "us", "region": "Nevada", "city": "Las Vegas"}, "game_id": "742409", "values": [{"date": "2023-06-16-03-00-00", "latency": 92}, {"date": "2023-06-16-03-00-00", "latency": 92}]}, {"location": {"country_code": "us", "region": "Georgia"}, "game_id": "742409", "values": [{"date": "2023-06-16-07-00-00", "latency": 93}, {"date": "2023-06-16-07-00-00", "latency": 93}]}, {"location": {"country_code": "ua"}, "game_id": "742409", "values": [{"date": "2023-06-16-21-00-00", "latency": 35}, {"date": "2023-06-16-21-00-00", "latency": 35}, {"date": "2023-06-16-21-00-00", "latency": 35}, {"date": "2023-06-17-01-00-00", "latency": 68}, {"date": "2023-06-17-01-00-00", "latency": 68}]}, {"location": {"country_code": "sg"}, "game_id": "742409", "values": [{"date": "2023-06-16-17-00-00", "latency": 78}]}, {"location": {"country_code": "fr", "region": "Alsazia-Champagne-Ardenne-Lorena"}, "game_id": "742409", "values": [{"date": "2023-06-16-14-00-00", "latency": 97}]}, {"location": {"country_code": "pl", "region": "Lublin Voivodeship", "city": "Lublin"}, "game_id": "742409", "values": [{"date": "2023-06-17-00-00-00", "latency": 37}]}, {"location": {"country_code": "gb", "region": "England", "city": "Ryton"}, "game_id": "742409", "values": [{"date": "2023-06-16-17-00-00", "latency": 50}]}], "last_updated": 1719927582.644922}