{"data": [{"location": {"country_code": "us"}, "game_id": "747108", "values": [{"date": "2022-09-02-05-00-00", "latency": 32}, {"date": "2022-09-02-19-00-00", "latency": 47}, {"date": "2022-09-02-19-00-00", "latency": 47}, {"date": "2022-09-02-19-00-00", "latency": 47}, {"date": "2022-09-02-19-00-00", "latency": 47}, {"date": "2022-09-02-19-00-00", "latency": 47}, {"date": "2022-09-02-19-00-00", "latency": 47}, {"date": "2022-09-02-19-00-00", "latency": 47}, {"date": "2022-09-02-19-00-00", "latency": 47}, {"date": "2022-09-02-19-00-00", "latency": 47}, {"date": "2022-09-02-19-00-00", "latency": 47}, {"date": "2022-09-02-19-00-00", "latency": 47}, {"date": "2022-09-02-19-00-00", "latency": 47}, {"date": "2022-09-02-19-00-00", "latency": 47}, {"date": "2022-09-02-19-00-00", "latency": 47}, {"date": "2022-09-02-19-00-00", "latency": 47}, {"date": "2022-09-02-19-00-00", "latency": 47}, {"date": "2022-09-02-19-00-00", "latency": 47}, {"date": "2022-09-02-19-00-00", "latency": 47}, {"date": "2022-09-02-19-00-00", "latency": 47}, {"date": "2022-09-02-11-00-00", "latency": 32}, {"date": "2022-09-02-11-00-00", "latency": 32}, {"date": "2022-09-02-17-00-00", "latency": 47}, {"date": "2022-09-02-22-00-00", "latency": 47}, {"date": "2022-09-02-22-00-00", "latency": 47}, {"date": "2022-09-02-22-00-00", "latency": 47}, {"date": "2022-09-02-22-00-00", "latency": 47}]}, {"location": {"country_code": "us", "region": "New York", "city": "Jamestown"}, "game_id": "747108", "values": [{"date": "2022-09-02-03-00-00", "latency": 31}, {"date": "2022-09-02-13-00-00", "latency": 50}, {"date": "2022-09-02-13-00-00", "latency": 50}]}, {"location": {"country_code": "th"}, "game_id": "747108", "values": [{"date": "2022-09-02-16-00-00", "latency": 187}, {"date": "2022-09-02-16-00-00", "latency": 187}, {"date": "2022-09-02-16-00-00", "latency": 187}, {"date": "2022-09-02-16-00-00", "latency": 187}, {"date": "2022-09-02-16-00-00", "latency": 187}, {"date": "2022-09-02-16-00-00", "latency": 187}, {"date": "2022-09-02-16-00-00", "latency": 187}, {"date": "2022-09-02-16-00-00", "latency": 187}, {"date": "2022-09-02-16-00-00", "latency": 187}, {"date": "2022-09-02-16-00-00", "latency": 187}, {"date": "2022-09-02-16-00-00", "latency": 187}, {"date": "2022-09-02-16-00-00", "latency": 187}, {"date": "2022-09-02-16-00-00", "latency": 187}, {"date": "2022-09-02-16-00-00", "latency": 187}, {"date": "2022-09-02-16-00-00", "latency": 187}]}, {"location": {"country_code": "nl"}, "game_id": "747108", "values": [{"date": "2022-09-03-02-00-00", "latency": 172}, {"date": "2022-09-03-02-00-00", "latency": 172}, {"date": "2022-09-03-02-00-00", "latency": 172}, {"date": "2022-09-03-02-00-00", "latency": 172}, {"date": "2022-09-03-02-00-00", "latency": 172}, {"date": "2022-09-03-02-00-00", "latency": 172}, {"date": "2022-09-03-02-00-00", "latency": 172}, {"date": "2022-09-03-01-00-00", "latency": 32}, {"date": "2022-09-03-01-00-00", "latency": 32}]}, {"location": {"country_code": "ro"}, "game_id": "747108", "values": [{"date": "2022-09-02-21-00-00", "latency": 63}, {"date": "2022-09-02-21-00-00", "latency": 63}, {"date": "2022-09-02-21-00-00", "latency": 63}]}, {"location": {"country_code": "jp"}, "game_id": "747108", "values": [{"date": "2022-09-03-00-00-00", "latency": 32}, {"date": "2022-09-03-00-00-00", "latency": 32}, {"date": "2022-09-03-00-00-00", "latency": 32}, {"date": "2022-09-03-00-00-00", "latency": 32}, {"date": "2022-09-03-00-00-00", "latency": 32}, {"date": "2022-09-03-00-00-00", "latency": 32}, {"date": "2022-09-03-00-00-00", "latency": 32}, {"date": "2022-09-03-00-00-00", "latency": 32}]}, {"location": {"country_code": "ca"}, "game_id": "747108", "values": [{"date": "2022-09-02-17-00-00", "latency": 63}, {"date": "2022-09-02-17-00-00", "latency": 63}, {"date": "2022-09-02-17-00-00", "latency": 63}]}, {"location": {"country_code": "de"}, "game_id": "747108", "values": [{"date": "2022-09-02-11-00-00", "latency": 63}, {"date": "2022-09-02-11-00-00", "latency": 63}, {"date": "2022-09-02-11-00-00", "latency": 63}, {"date": "2022-09-02-14-00-00", "latency": 32}]}, {"location": {"country_code": "de", "region": "Bavaria", "city": "Memmingen"}, "game_id": "747108", "values": [{"date": "2022-09-02-21-00-00", "latency": 32}]}, {"location": {"country_code": "cl"}, "game_id": "747108", "values": [{"date": "2022-09-02-06-00-00", "latency": 79}, {"date": "2022-09-02-08-00-00", "latency": 125}, {"date": "2022-09-02-08-00-00", "latency": 125}, {"date": "2022-09-02-08-00-00", "latency": 125}, {"date": "2022-09-02-08-00-00", "latency": 125}, {"date": "2022-09-02-08-00-00", "latency": 125}, {"date": "2022-09-02-08-00-00", "latency": 125}]}, {"location": {"country_code": "us", "region": "Texas"}, "game_id": "747108", "values": [{"date": "2022-09-02-05-00-00", "latency": 63}]}, {"location": {"country_code": "us", "region": "Florida"}, "game_id": "747108", "values": [{"date": "2022-09-02-09-00-00", "latency": 125}, {"date": "2022-09-02-09-00-00", "latency": 125}, {"date": "2022-09-02-09-00-00", "latency": 125}, {"date": "2022-09-02-09-00-00", "latency": 125}, {"date": "2022-09-02-09-00-00", "latency": 125}, {"date": "2022-09-02-09-00-00", "latency": 125}, {"date": "2022-09-02-09-00-00", "latency": 125}, {"date": "2022-09-02-09-00-00", "latency": 125}, {"date": "2022-09-02-09-00-00", "latency": 125}, {"date": "2022-09-03-02-00-00", "latency": 78}, {"date": "2022-09-03-02-00-00", "latency": 78}, {"date": "2022-09-03-02-00-00", "latency": 78}, {"date": "2022-09-03-02-00-00", "latency": 78}, {"date": "2022-09-03-02-00-00", "latency": 78}, {"date": "2022-09-03-02-00-00", "latency": 78}, {"date": "2022-09-03-02-00-00", "latency": 78}]}, {"location": {"country_code": "ph"}, "game_id": "747108", "values": [{"date": "2022-09-02-17-00-00", "latency": 172}, {"date": "2022-09-02-17-00-00", "latency": 172}, {"date": "2022-09-02-17-00-00", "latency": 172}, {"date": "2022-09-02-21-00-00", "latency": 188}]}, {"location": {"country_code": "fr"}, "game_id": "747108", "values": [{"date": "2022-09-02-17-00-00", "latency": 47}, {"date": "2022-09-02-15-00-00", "latency": 282}, {"date": "2022-09-02-15-00-00", "latency": 282}]}, {"location": {"country_code": "us", "region": "New Jersey"}, "game_id": "747108", "values": [{"date": "2022-09-02-16-00-00", "latency": 265}]}, {"location": {"country_code": "mx"}, "game_id": "747108", "values": [{"date": "2022-09-02-06-00-00", "latency": 94}]}, {"location": {"country_code": "us", "region": "California"}, "game_id": "747108", "values": [{"date": "2022-09-02-06-00-00", "latency": 47}, {"date": "2022-09-02-06-00-00", "latency": 47}, {"date": "2022-09-02-06-00-00", "latency": 47}, {"date": "2022-09-02-06-00-00", "latency": 47}]}, {"location": {"country_code": "us", "region": "California", "city": "San Francisco"}, "game_id": "747108", "values": [{"date": "2022-09-03-02-00-00", "latency": 94}]}, {"location": {"country_code": "br"}, "game_id": "747108", "values": [{"date": "2022-09-02-22-00-00", "latency": 63}, {"date": "2022-09-02-22-00-00", "latency": 63}, {"date": "2022-09-02-22-00-00", "latency": 63}, {"date": "2022-09-02-22-00-00", "latency": 63}, {"date": "2022-09-02-22-00-00", "latency": 63}, {"date": "2022-09-02-22-00-00", "latency": 63}, {"date": "2022-09-02-22-00-00", "latency": 63}, {"date": "2022-09-02-22-00-00", "latency": 63}, {"date": "2022-09-02-22-00-00", "latency": 63}, {"date": "2022-09-02-22-00-00", "latency": 63}, {"date": "2022-09-02-22-00-00", "latency": 63}, {"date": "2022-09-02-05-00-00", "latency": 79}, {"date": "2022-09-02-05-00-00", "latency": 79}, {"date": "2022-09-02-04-00-00", "latency": 32}, {"date": "2022-09-02-03-00-00", "latency": 94}]}, {"location": {"country_code": "us", "region": "Texas", "city": "Irving"}, "game_id": "747108", "values": [{"date": "2022-09-02-08-00-00", "latency": 47}, {"date": "2022-09-02-08-00-00", "latency": 47}, {"date": "2022-09-02-08-00-00", "latency": 47}, {"date": "2022-09-02-08-00-00", "latency": 47}, {"date": "2022-09-02-08-00-00", "latency": 47}, {"date": "2022-09-02-08-00-00", "latency": 47}, {"date": "2022-09-02-08-00-00", "latency": 47}, {"date": "2022-09-02-08-00-00", "latency": 47}, {"date": "2022-09-02-08-00-00", "latency": 47}, {"date": "2022-09-02-08-00-00", "latency": 47}, {"date": "2022-09-02-08-00-00", "latency": 47}, {"date": "2022-09-02-08-00-00", "latency": 47}, {"date": "2022-09-02-08-00-00", "latency": 47}, {"date": "2022-09-02-08-00-00", "latency": 47}, {"date": "2022-09-02-08-00-00", "latency": 47}, {"date": "2022-09-02-08-00-00", "latency": 47}]}, {"location": {"country_code": "au"}, "game_id": "747108", "values": [{"date": "2022-09-02-14-00-00", "latency": 219}, {"date": "2022-09-02-14-00-00", "latency": 219}, {"date": "2022-09-02-14-00-00", "latency": 219}, {"date": "2022-09-02-14-00-00", "latency": 219}, {"date": "2022-09-02-14-00-00", "latency": 219}, {"date": "2022-09-02-14-00-00", "latency": 219}]}, {"location": {"country_code": "tr"}, "game_id": "747108", "values": [{"date": "2022-09-02-15-00-00", "latency": 79}, {"date": "2022-09-02-15-00-00", "latency": 79}, {"date": "2022-09-02-15-00-00", "latency": 79}]}, {"location": {"country_code": "kr"}, "game_id": "747108", "values": [{"date": "2022-09-02-12-00-00", "latency": 31}, {"date": "2022-09-03-01-00-00", "latency": 79}, {"date": "2022-09-03-01-00-00", "latency": 79}]}, {"location": {"country_code": "se", "region": "Gavleborg County", "city": "Gavle"}, "game_id": "747108", "values": [{"date": "2022-09-02-18-00-00", "latency": 47}]}, {"location": {"country_code": "es"}, "game_id": "747108", "values": [{"date": "2022-09-03-00-00-00", "latency": 47}, {"date": "2022-09-03-00-00-00", "latency": 47}, {"date": "2022-09-03-00-00-00", "latency": 47}, {"date": "2022-09-03-00-00-00", "latency": 47}]}, {"location": {"country_code": "ar"}, "game_id": "747108", "values": [{"date": "2022-09-02-18-00-00", "latency": 47}]}, {"location": {"country_code": "br", "region": "Estado de Bahia", "city": "Salvador"}, "game_id": "747108", "values": [{"date": "2022-09-02-07-00-00", "latency": 47}, {"date": "2022-09-02-07-00-00", "latency": 47}, {"date": "2022-09-02-07-00-00", "latency": 47}, {"date": "2022-09-02-07-00-00", "latency": 47}]}, {"location": {"country_code": "cn"}, "game_id": "747108", "values": [{"date": "2022-09-03-00-00-00", "latency": 47}, {"date": "2022-09-03-00-00-00", "latency": 47}]}, {"location": {"country_code": "es", "region": "Catalonia", "city": "l'Hospitalet de Llobregat"}, "game_id": "747108", "values": [{"date": "2022-09-03-01-00-00", "latency": 78}]}, {"location": {"country_code": "pl"}, "game_id": "747108", "values": [{"date": "2022-09-02-03-00-00", "latency": 78}]}, {"location": {"country_code": "us", "region": "Georgia"}, "game_id": "747108", "values": [{"date": "2022-09-02-06-00-00", "latency": 47}]}, {"location": {"country_code": "tr", "region": "Marmara Bolgesi", "city": "Istanbul"}, "game_id": "747108", "values": [{"date": "2022-09-02-18-00-00", "latency": 63}, {"date": "2022-09-02-18-00-00", "latency": 63}, {"date": "2022-09-02-18-00-00", "latency": 63}, {"date": "2022-09-02-18-00-00", "latency": 63}, {"date": "2022-09-02-18-00-00", "latency": 63}, {"date": "2022-09-02-18-00-00", "latency": 63}, {"date": "2022-09-02-18-00-00", "latency": 63}]}, {"location": {"country_code": "us", "region": "District of Columbia", "city": "Washington"}, "game_id": "747108", "values": [{"date": "2022-09-02-06-00-00", "latency": 32}]}, {"location": {"country_code": "do"}, "game_id": "747108", "values": [{"date": "2022-09-02-04-00-00", "latency": 47}, {"date": "2022-09-02-04-00-00", "latency": 47}, {"date": "2022-09-02-04-00-00", "latency": 47}, {"date": "2022-09-02-04-00-00", "latency": 47}, {"date": "2022-09-02-04-00-00", "latency": 47}]}, {"location": {"country_code": "co", "region": "El Valle", "city": "Cali"}, "game_id": "747108", "values": [{"date": "2022-09-02-04-00-00", "latency": 63}]}, {"location": {"country_code": "us", "region": "Colorado"}, "game_id": "747108", "values": [{"date": "2022-09-02-05-00-00", "latency": 78}, {"date": "2022-09-02-05-00-00", "latency": 78}, {"date": "2022-09-02-05-00-00", "latency": 78}]}, {"location": {"country_code": "br", "region": "State of Rio de Janeiro", "city": "Angra dos Reis"}, "game_id": "747108", "values": [{"date": "2022-09-02-18-00-00", "latency": 32}]}, {"location": {"country_code": "fr", "region": "Ile-de-France Region", "city": "Paris"}, "game_id": "747108", "values": [{"date": "2022-09-02-20-00-00", "latency": 32}, {"date": "2022-09-02-20-00-00", "latency": 32}, {"date": "2022-09-02-20-00-00", "latency": 32}]}, {"location": {"country_code": "hr"}, "game_id": "747108", "values": [{"date": "2022-09-02-19-00-00", "latency": 32}, {"date": "2022-09-02-19-00-00", "latency": 32}]}, {"location": {"country_code": "ca", "region": "British Columbia", "city": "Richmond"}, "game_id": "747108", "values": [{"date": "2022-09-03-01-00-00", "latency": 47}]}, {"location": {"country_code": "ca", "region": "Quebec"}, "game_id": "747108", "values": [{"date": "2022-09-03-01-00-00", "latency": 32}, {"date": "2022-09-03-01-00-00", "latency": 32}, {"date": "2022-09-03-01-00-00", "latency": 32}]}, {"location": {"country_code": "mx", "region": "Sonora"}, "game_id": "747108", "values": [{"date": "2022-09-02-04-00-00", "latency": 79}]}, {"location": {"country_code": "es", "region": "Madrid"}, "game_id": "747108", "values": [{"date": "2022-09-02-17-00-00", "latency": 62}, {"date": "2022-09-02-17-00-00", "latency": 62}, {"date": "2022-09-02-17-00-00", "latency": 62}, {"date": "2022-09-02-17-00-00", "latency": 62}, {"date": "2022-09-02-17-00-00", "latency": 62}]}, {"location": {"country_code": "bg"}, "game_id": "747108", "values": [{"date": "2022-09-02-23-00-00", "latency": 47}, {"date": "2022-09-02-23-00-00", "latency": 47}]}, {"location": {"country_code": "de", "region": "North Rhine-Westphalia"}, "game_id": "747108", "values": [{"date": "2022-09-02-17-00-00", "latency": 31}, {"date": "2022-09-02-17-00-00", "latency": 31}]}, {"location": {"country_code": "es", "region": "Valencia", "city": "Orihuela"}, "game_id": "747108", "values": [{"date": "2022-09-03-00-00-00", "latency": 63}, {"date": "2022-09-03-00-00-00", "latency": 63}, {"date": "2022-09-03-00-00-00", "latency": 63}, {"date": "2022-09-03-00-00-00", "latency": 63}, {"date": "2022-09-03-00-00-00", "latency": 63}, {"date": "2022-09-03-00-00-00", "latency": 63}, {"date": "2022-09-03-00-00-00", "latency": 63}, {"date": "2022-09-03-00-00-00", "latency": 63}, {"date": "2022-09-03-00-00-00", "latency": 63}, {"date": "2022-09-03-00-00-00", "latency": 63}, {"date": "2022-09-03-00-00-00", "latency": 63}]}, {"location": {"country_code": "de", "region": "Bavaria", "city": "Munich"}, "game_id": "747108", "values": [{"date": "2022-09-03-00-00-00", "latency": 32}]}, {"location": {"country_code": "br", "region": "Parana", "city": "Apucarana"}, "game_id": "747108", "values": [{"date": "2022-09-03-00-00-00", "latency": 32}, {"date": "2022-09-03-00-00-00", "latency": 32}, {"date": "2022-09-03-00-00-00", "latency": 32}, {"date": "2022-09-03-00-00-00", "latency": 32}]}, {"location": {"country_code": "it", "region": "Apulia"}, "game_id": "747108", "values": [{"date": "2022-09-02-15-00-00", "latency": 47}]}, {"location": {"country_code": "br", "region": "Parana", "city": "Barracao"}, "game_id": "747108", "values": [{"date": "2022-09-02-02-00-00", "latency": 32}, {"date": "2022-09-02-02-00-00", "latency": 32}, {"date": "2022-09-02-02-00-00", "latency": 32}, {"date": "2022-09-02-02-00-00", "latency": 32}, {"date": "2022-09-02-02-00-00", "latency": 32}, {"date": "2022-09-02-02-00-00", "latency": 32}, {"date": "2022-09-02-02-00-00", "latency": 32}, {"date": "2022-09-02-02-00-00", "latency": 32}, {"date": "2022-09-02-02-00-00", "latency": 32}]}, {"location": {"country_code": "my", "region": "Penang"}, "game_id": "747108", "values": [{"date": "2022-09-02-20-00-00", "latency": 47}]}, {"location": {"country_code": "es", "region": "Canary Islands", "city": "San Cristobal de La Laguna"}, "game_id": "747108", "values": [{"date": "2022-09-03-01-00-00", "latency": 79}]}, {"location": {"country_code": "es", "region": "Cantabria", "city": "Torres"}, "game_id": "747108", "values": [{"date": "2022-09-02-18-00-00", "latency": 63}]}, {"location": {"country_code": "us", "region": "Arkansas", "city": "Newport"}, "game_id": "747108", "values": [{"date": "2022-09-02-15-00-00", "latency": 47}, {"date": "2022-09-02-15-00-00", "latency": 47}]}], "last_updated": 1719927591.340631}