{"data": [{"location": {"country_code": "us", "region": "Texas"}, "game_id": "135305", "values": [{"date": "2021-07-09-00-00-00", "latency": 59}]}, {"location": {"country_code": "br"}, "game_id": "135305", "values": [{"date": "2021-07-09-00-00-00", "latency": 48}]}, {"location": {"country_code": "au"}, "game_id": "135305", "values": [{"date": "2021-07-08-17-00-00", "latency": 51}]}, {"location": {"country_code": "br", "region": "Estado de Bahia", "city": "Salvador"}, "game_id": "135305", "values": [{"date": "2021-07-08-04-00-00", "latency": 41}, {"date": "2021-07-08-04-00-00", "latency": 41}]}, {"location": {"country_code": "pl", "region": "Masovian Voivodeship"}, "game_id": "135305", "values": [{"date": "2021-07-08-20-00-00", "latency": 7}]}], "last_updated": 1719919351.488151}