{"data": [{"location": {"country_code": "us", "region": "New Jersey"}, "game_id": "273486", "values": [{"date": "2024-03-04-08-00-00", "alternatives": ["25", "25", "225"]}]}, {"location": {"country_code": "ca", "region": "Ontario", "city": "Hamilton"}, "game_id": "273486", "values": [{"date": "2024-03-04-07-00-00", "alternatives": [23, 123, 723, 23, 23]}, {"date": "2024-03-04-07-00-00", "alternatives": [23, 123, 723, 23, 23]}, {"date": "2024-03-04-07-00-00", "alternatives": [23, 123, 723, 23, 23]}, {"date": "2024-03-04-07-00-00", "alternatives": [23, 123, 723, 23, 23]}, {"date": "2024-03-04-07-00-00", "alternatives": [23, 123, 723, 23, 23]}, {"date": "2024-03-04-07-00-00", "alternatives": [23, 123, 723, 23, 23]}, {"date": "2024-03-04-07-00-00", "alternatives": [23, 123, 723, 23, 23]}, {"date": "2024-03-04-07-00-00", "alternatives": [23, 123, 723, 23, 23]}, {"date": "2024-03-04-07-00-00", "alternatives": [23, 123, 723, 23, 23]}, {"date": "2024-03-04-07-00-00", "alternatives": [23, 123, 723, 23, 23]}, {"date": "2024-03-04-07-00-00", "alternatives": [23, 123, 723, 23, 23]}, {"date": "2024-03-04-07-00-00", "alternatives": [23, 123, 723, 23, 23]}, {"date": "2024-03-04-07-00-00", "alternatives": [23, 123, 723, 23, 23]}, {"date": "2024-03-04-07-00-00", "alternatives": [23, 123, 723, 23, 23]}, {"date": "2024-03-04-07-00-00", "alternatives": [23, 123, 723, 23, 23]}]}, {"location": {"country_code": "es", "region": "Murcia", "city": "Lorca"}, "game_id": "273486", "values": [{"date": "2024-03-04-14-00-00", "alternatives": ["44", "144", "44"]}, {"date": "2024-03-04-14-00-00", "alternatives": ["44", "144", "44"]}, {"date": "2024-03-04-14-00-00", "alternatives": ["44", "144", "44"]}, {"date": "2024-03-04-14-00-00", "alternatives": ["44", "144", "44"]}]}, {"location": {"country_code": "us", "region": "Texas", "city": "Atascocita"}, "game_id": "273486", "values": [{"date": "2024-03-04-06-00-00", "alternatives": ["29", "29", "729"]}, {"date": "2024-03-04-06-00-00", "alternatives": ["29", "29", "729"]}, {"date": "2024-03-04-06-00-00", "alternatives": ["29", "29", "729"]}, {"date": "2024-03-04-06-00-00", "alternatives": ["29", "29", "729"]}]}], "last_updated": 1719918489.02151}