{"data": [{"location": {"country_code": "us"}, "game_id": "273486", "values": [{"date": "2022-10-31-03-00-00", "latency": "39"}, {"date": "2022-10-31-03-00-00", "latency": "39"}, {"date": "2022-10-31-03-00-00", "latency": "39"}, {"date": "2022-10-31-03-00-00", "latency": "39"}, {"date": "2022-10-31-03-00-00", "latency": "39"}, {"date": "2022-10-31-03-00-00", "latency": "39"}, {"date": "2022-10-31-03-00-00", "latency": "39"}, {"date": "2022-11-01-01-00-00", "latency": "43"}, {"date": "2022-11-01-01-00-00", "latency": "43"}, {"date": "2022-11-01-01-00-00", "latency": "43"}, {"date": "2022-11-01-01-00-00", "latency": "43"}, {"date": "2022-11-01-01-00-00", "latency": "43"}, {"date": "2022-11-01-01-00-00", "latency": "43"}, {"date": "2022-10-31-02-00-00", "latency": "35"}, {"date": "2022-10-31-02-00-00", "latency": "35"}, {"date": "2022-10-31-02-00-00", "latency": "35"}, {"date": "2022-10-31-02-00-00", "latency": "35"}, {"date": "2022-10-31-02-00-00", "latency": "35"}, {"date": "2022-10-31-02-00-00", "latency": "35"}, {"date": "2022-10-31-02-00-00", "latency": "35"}, {"date": "2022-10-31-02-00-00", "latency": "35"}, {"date": "2022-10-31-02-00-00", "latency": "35"}, {"date": "2022-10-31-02-00-00", "latency": "35"}, {"date": "2022-10-31-02-00-00", "latency": "35"}, {"date": "2022-10-31-02-00-00", "latency": "35"}, {"date": "2022-10-31-02-00-00", "latency": "35"}, {"date": "2022-10-31-02-00-00", "latency": "35"}, {"date": "2022-10-31-02-00-00", "latency": "35"}, {"date": "2022-10-31-02-00-00", "latency": "35"}, {"date": "2022-10-31-02-00-00", "latency": "35"}, {"date": "2022-10-31-02-00-00", "latency": "35"}, {"date": "2022-10-31-02-00-00", "latency": "35"}, {"date": "2022-10-31-02-00-00", "latency": "35"}, {"date": "2022-10-31-02-00-00", "latency": "35"}, {"date": "2022-10-31-02-00-00", "latency": "35"}, {"date": "2022-10-31-02-00-00", "latency": "35"}, {"date": "2022-10-31-02-00-00", "latency": "35"}, {"date": "2022-10-31-02-00-00", "latency": "35"}, {"date": "2022-10-31-02-00-00", "latency": "35"}, {"date": "2022-10-31-02-00-00", "latency": "35"}, {"date": "2022-10-31-02-00-00", "latency": "35"}, {"date": "2022-10-31-02-00-00", "latency": "35"}, {"date": "2022-10-31-02-00-00", "latency": "35"}, {"date": "2022-10-31-02-00-00", "latency": "35"}, {"date": "2022-10-31-02-00-00", "latency": "35"}, {"date": "2022-10-31-02-00-00", "latency": "35"}, {"date": "2022-11-01-00-00-00", "latency": "98"}, {"date": "2022-11-01-00-00-00", "latency": "98"}, {"date": "2022-11-01-00-00-00", "latency": "98"}, {"date": "2022-11-01-00-00-00", "latency": "98"}, {"date": "2022-11-01-00-00-00", "latency": "98"}, {"date": "2022-11-01-00-00-00", "latency": "98"}, {"date": "2022-11-01-00-00-00", "latency": "98"}, {"date": "2022-11-01-00-00-00", "latency": "98"}, {"date": "2022-11-01-00-00-00", "latency": "98"}, {"date": "2022-11-01-00-00-00", "latency": "98"}, {"date": "2022-11-01-00-00-00", "latency": "98"}, {"date": "2022-11-01-00-00-00", "latency": "98"}, {"date": "2022-11-01-00-00-00", "latency": "98"}, {"date": "2022-11-01-00-00-00", "latency": "98"}, {"date": "2022-11-01-00-00-00", "latency": "98"}, {"date": "2022-10-31-04-00-00", "latency": "86"}, {"date": "2022-10-31-04-00-00", "latency": "86"}, {"date": "2022-10-31-04-00-00", "latency": "86"}, {"date": "2022-10-31-04-00-00", "latency": "86"}, {"date": "2022-10-31-04-00-00", "latency": "86"}, {"date": "2022-10-31-04-00-00", "latency": "86"}, {"date": "2022-10-31-04-00-00", "latency": "86"}, {"date": "2022-10-31-04-00-00", "latency": "86"}, {"date": "2022-10-31-04-00-00", "latency": "86"}, {"date": "2022-10-31-04-00-00", "latency": "86"}, {"date": "2022-10-31-04-00-00", "latency": "86"}, {"date": "2022-10-31-04-00-00", "latency": "86"}, {"date": "2022-10-31-04-00-00", "latency": "86"}, {"date": "2022-10-31-04-00-00", "latency": "86"}, {"date": "2022-10-31-04-00-00", "latency": "86"}, {"date": "2022-10-31-04-00-00", "latency": "86"}, {"date": "2022-10-31-04-00-00", "latency": "86"}, {"date": "2022-10-31-04-00-00", "latency": "86"}, {"date": "2022-10-31-03-00-00", "latency": "73"}, {"date": "2022-10-31-03-00-00", "latency": "73"}, {"date": "2022-10-31-03-00-00", "latency": "73"}, {"date": "2022-10-31-03-00-00", "latency": "73"}, {"date": "2022-10-31-03-00-00", "latency": "73"}, {"date": "2022-10-31-03-00-00", "latency": "73"}, {"date": "2022-10-31-03-00-00", "latency": "73"}, {"date": "2022-10-31-03-00-00", "latency": "73"}, {"date": "2022-10-31-03-00-00", "latency": "73"}, {"date": "2022-10-31-03-00-00", "latency": "73"}, {"date": "2022-10-31-03-00-00", "latency": "73"}, {"date": "2022-10-31-03-00-00", "latency": "73"}, {"date": "2022-10-31-10-00-00", "latency": "74"}, {"date": "2022-10-31-10-00-00", "latency": "74"}, {"date": "2022-10-31-10-00-00", "latency": "74"}, {"date": "2022-10-31-10-00-00", "latency": "74"}, {"date": "2022-10-31-10-00-00", "latency": "74"}, {"date": "2022-10-31-10-00-00", "latency": "74"}, {"date": "2022-10-31-10-00-00", "latency": "74"}, {"date": "2022-10-31-10-00-00", "latency": "74"}]}, {"location": {"country_code": "us", "region": "New York", "city": "Jamestown"}, "game_id": "273486", "values": [{"date": "2022-10-31-03-00-00", "latency": "44"}, {"date": "2022-10-31-03-00-00", "latency": "44"}]}, {"location": {"country_code": "gb"}, "game_id": "273486", "values": [{"date": "2022-10-31-14-00-00", "latency": "43"}, {"date": "2022-10-31-14-00-00", "latency": "43"}, {"date": "2022-10-31-14-00-00", "latency": "43"}, {"date": "2022-10-31-21-00-00", "latency": "141"}]}, {"location": {"country_code": "gb", "region": "England", "city": "Poole"}, "game_id": "273486", "values": [{"date": "2022-10-31-15-00-00", "latency": "0"}, {"date": "2022-10-31-15-00-00", "latency": "0"}, {"date": "2022-10-31-15-00-00", "latency": "0"}, {"date": "2022-10-31-15-00-00", "latency": "0"}, {"date": "2022-10-31-15-00-00", "latency": "0"}, {"date": "2022-10-31-15-00-00", "latency": "0"}, {"date": "2022-10-31-15-00-00", "latency": "0"}, {"date": "2022-10-31-15-00-00", "latency": "0"}, {"date": "2022-10-31-15-00-00", "latency": "0"}, {"date": "2022-10-31-15-00-00", "latency": "0"}, {"date": "2022-10-31-15-00-00", "latency": "0"}, {"date": "2022-10-31-15-00-00", "latency": "0"}, {"date": "2022-10-31-15-00-00", "latency": "0"}, {"date": "2022-10-31-15-00-00", "latency": "0"}, {"date": "2022-10-31-15-00-00", "latency": "0"}, {"date": "2022-10-31-15-00-00", "latency": "0"}, {"date": "2022-10-31-15-00-00", "latency": "0"}, {"date": "2022-10-31-15-00-00", "latency": "0"}, {"date": "2022-10-31-15-00-00", "latency": "0"}, {"date": "2022-10-31-15-00-00", "latency": "0"}, {"date": "2022-10-31-15-00-00", "latency": "0"}, {"date": "2022-10-31-15-00-00", "latency": "0"}, {"date": "2022-10-31-15-00-00", "latency": "0"}, {"date": "2022-10-31-15-00-00", "latency": "0"}, {"date": "2022-10-31-15-00-00", "latency": "0"}, {"date": "2022-10-31-15-00-00", "latency": "0"}, {"date": "2022-10-31-15-00-00", "latency": "0"}, {"date": "2022-10-31-15-00-00", "latency": "0"}, {"date": "2022-10-31-15-00-00", "latency": "0"}, {"date": "2022-10-31-15-00-00", "latency": "0"}, {"date": "2022-10-31-15-00-00", "latency": "0"}, {"date": "2022-10-31-15-00-00", "latency": "0"}, {"date": "2022-10-31-15-00-00", "latency": "0"}, {"date": "2022-10-31-15-00-00", "latency": "0"}, {"date": "2022-10-31-15-00-00", "latency": "0"}, {"date": "2022-10-31-15-00-00", "latency": "0"}, {"date": "2022-10-31-15-00-00", "latency": "0"}, {"date": "2022-10-31-15-00-00", "latency": "0"}, {"date": "2022-10-31-15-00-00", "latency": "0"}, {"date": "2022-10-31-15-00-00", "latency": "0"}, {"date": "2022-10-31-15-00-00", "latency": "0"}, {"date": "2022-10-31-15-00-00", "latency": "0"}, {"date": "2022-10-31-15-00-00", "latency": "0"}, {"date": "2022-10-31-15-00-00", "latency": "0"}, {"date": "2022-10-31-15-00-00", "latency": "0"}, {"date": "2022-10-31-15-00-00", "latency": "0"}, {"date": "2022-10-31-15-00-00", "latency": "0"}, {"date": "2022-10-31-15-00-00", "latency": "0"}, {"date": "2022-10-31-15-00-00", "latency": "0"}, {"date": "2022-10-31-15-00-00", "latency": "0"}, {"date": "2022-10-31-15-00-00", "latency": "0"}, {"date": "2022-10-31-15-00-00", "latency": "0"}, {"date": "2022-10-31-15-00-00", "latency": "0"}, {"date": "2022-10-31-15-00-00", "latency": "0"}, {"date": "2022-10-31-15-00-00", "latency": "0"}, {"date": "2022-10-31-15-00-00", "latency": "0"}, {"date": "2022-10-31-15-00-00", "latency": "0"}, {"date": "2022-10-31-15-00-00", "latency": "0"}, {"date": "2022-10-31-15-00-00", "latency": "0"}, {"date": "2022-10-31-15-00-00", "latency": "0"}, {"date": "2022-10-31-15-00-00", "latency": "0"}, {"date": "2022-10-31-15-00-00", "latency": "0"}, {"date": "2022-10-31-15-00-00", "latency": "0"}, {"date": "2022-10-31-15-00-00", "latency": "0"}, {"date": "2022-10-31-15-00-00", "latency": "0"}, {"date": "2022-10-31-15-00-00", "latency": "0"}, {"date": "2022-10-31-15-00-00", "latency": "0"}, {"date": "2022-10-31-15-00-00", "latency": "0"}, {"date": "2022-10-31-15-00-00", "latency": "0"}, {"date": "2022-10-31-15-00-00", "latency": "0"}, {"date": "2022-10-31-15-00-00", "latency": "0"}, {"date": "2022-10-31-15-00-00", "latency": "0"}, {"date": "2022-10-31-15-00-00", "latency": "0"}]}, {"location": {"country_code": "gr"}, "game_id": "273486", "values": [{"date": "2022-10-31-10-00-00", "latency": "78"}]}, {"location": {"country_code": "it"}, "game_id": "273486", "values": [{"date": "2022-10-31-15-00-00", "latency": "50"}, {"date": "2022-10-31-15-00-00", "latency": "50"}]}, {"location": {"country_code": "ca"}, "game_id": "273486", "values": [{"date": "2022-10-31-23-00-00", "latency": "0"}, {"date": "2022-10-31-23-00-00", "latency": "0"}, {"date": "2022-10-31-23-00-00", "latency": "0"}, {"date": "2022-10-31-23-00-00", "latency": "0"}, {"date": "2022-10-31-23-00-00", "latency": "0"}, {"date": "2022-10-31-23-00-00", "latency": "0"}, {"date": "2022-10-31-23-00-00", "latency": "0"}, {"date": "2022-10-31-23-00-00", "latency": "0"}, {"date": "2022-10-31-23-00-00", "latency": "0"}, {"date": "2022-10-31-23-00-00", "latency": "0"}, {"date": "2022-10-31-23-00-00", "latency": "0"}, {"date": "2022-10-31-23-00-00", "latency": "0"}, {"date": "2022-10-31-23-00-00", "latency": "0"}, {"date": "2022-10-31-23-00-00", "latency": "0"}, {"date": "2022-10-31-23-00-00", "latency": "0"}, {"date": "2022-10-31-23-00-00", "latency": "0"}, {"date": "2022-10-31-23-00-00", "latency": "0"}, {"date": "2022-10-31-23-00-00", "latency": "0"}, {"date": "2022-10-31-23-00-00", "latency": "0"}, {"date": "2022-10-31-23-00-00", "latency": "0"}, {"date": "2022-10-31-23-00-00", "latency": "0"}, {"date": "2022-10-31-23-00-00", "latency": "0"}, {"date": "2022-10-31-23-00-00", "latency": "0"}, {"date": "2022-10-31-23-00-00", "latency": "0"}, {"date": "2022-10-31-23-00-00", "latency": "0"}, {"date": "2022-10-31-05-00-00", "latency": "0"}, {"date": "2022-10-31-05-00-00", "latency": "0"}, {"date": "2022-10-31-05-00-00", "latency": "0"}, {"date": "2022-10-31-05-00-00", "latency": "0"}, {"date": "2022-10-31-05-00-00", "latency": "0"}, {"date": "2022-10-31-05-00-00", "latency": "0"}]}, {"location": {"country_code": "de"}, "game_id": "273486", "values": [{"date": "2022-10-31-18-00-00", "latency": "121"}, {"date": "2022-10-31-18-00-00", "latency": "121"}, {"date": "2022-10-31-18-00-00", "latency": "121"}, {"date": "2022-10-31-02-00-00", "latency": "41"}, {"date": "2022-10-31-02-00-00", "latency": "41"}, {"date": "2022-10-31-02-00-00", "latency": "41"}, {"date": "2022-10-31-02-00-00", "latency": "41"}, {"date": "2022-10-31-02-00-00", "latency": "41"}, {"date": "2022-10-31-02-00-00", "latency": "41"}, {"date": "2022-10-31-02-00-00", "latency": "41"}]}, {"location": {"country_code": "us", "region": "Indiana"}, "game_id": "273486", "values": [{"date": "2022-10-31-06-00-00", "latency": "2"}, {"date": "2022-10-31-06-00-00", "latency": "2"}, {"date": "2022-10-31-06-00-00", "latency": "2"}, {"date": "2022-10-31-06-00-00", "latency": "2"}, {"date": "2022-10-31-06-00-00", "latency": "2"}, {"date": "2022-10-31-06-00-00", "latency": "2"}, {"date": "2022-10-31-06-00-00", "latency": "2"}, {"date": "2022-10-31-06-00-00", "latency": "2"}, {"date": "2022-10-31-06-00-00", "latency": "2"}, {"date": "2022-10-31-06-00-00", "latency": "2"}, {"date": "2022-10-31-06-00-00", "latency": "2"}]}, {"location": {"country_code": "us", "region": "Texas"}, "game_id": "273486", "values": [{"date": "2022-10-31-15-00-00", "latency": "27"}]}, {"location": {"country_code": "us", "region": "Florida"}, "game_id": "273486", "values": [{"date": "2022-11-01-01-00-00", "latency": "45"}, {"date": "2022-11-01-01-00-00", "latency": "45"}, {"date": "2022-11-01-01-00-00", "latency": "45"}, {"date": "2022-11-01-01-00-00", "latency": "45"}, {"date": "2022-11-01-01-00-00", "latency": "45"}, {"date": "2022-11-01-01-00-00", "latency": "45"}, {"date": "2022-11-01-01-00-00", "latency": "45"}, {"date": "2022-11-01-01-00-00", "latency": "45"}, {"date": "2022-11-01-01-00-00", "latency": "45"}, {"date": "2022-11-01-01-00-00", "latency": "45"}, {"date": "2022-11-01-01-00-00", "latency": "45"}, {"date": "2022-11-01-01-00-00", "latency": "45"}, {"date": "2022-11-01-01-00-00", "latency": "45"}, {"date": "2022-11-01-01-00-00", "latency": "45"}, {"date": "2022-11-01-01-00-00", "latency": "45"}, {"date": "2022-11-01-01-00-00", "latency": "45"}, {"date": "2022-11-01-01-00-00", "latency": "45"}, {"date": "2022-11-01-01-00-00", "latency": "45"}, {"date": "2022-11-01-01-00-00", "latency": "45"}, {"date": "2022-11-01-01-00-00", "latency": "45"}, {"date": "2022-11-01-01-00-00", "latency": "45"}, {"date": "2022-11-01-01-00-00", "latency": "45"}, {"date": "2022-11-01-01-00-00", "latency": "45"}, {"date": "2022-11-01-01-00-00", "latency": "45"}, {"date": "2022-11-01-01-00-00", "latency": "45"}, {"date": "2022-11-01-01-00-00", "latency": "45"}, {"date": "2022-11-01-01-00-00", "latency": "45"}, {"date": "2022-11-01-01-00-00", "latency": "45"}, {"date": "2022-11-01-01-00-00", "latency": "45"}, {"date": "2022-11-01-01-00-00", "latency": "45"}, {"date": "2022-11-01-01-00-00", "latency": "45"}, {"date": "2022-11-01-01-00-00", "latency": "45"}, {"date": "2022-11-01-01-00-00", "latency": "45"}, {"date": "2022-11-01-01-00-00", "latency": "45"}, {"date": "2022-11-01-01-00-00", "latency": "45"}]}, {"location": {"country_code": "fr"}, "game_id": "273486", "values": [{"date": "2022-11-01-01-00-00", "latency": "39"}, {"date": "2022-11-01-01-00-00", "latency": "39"}, {"date": "2022-11-01-01-00-00", "latency": "39"}, {"date": "2022-11-01-01-00-00", "latency": "39"}, {"date": "2022-11-01-01-00-00", "latency": "39"}, {"date": "2022-11-01-01-00-00", "latency": "39"}, {"date": "2022-11-01-01-00-00", "latency": "39"}, {"date": "2022-11-01-01-00-00", "latency": "39"}, {"date": "2022-11-01-01-00-00", "latency": "39"}, {"date": "2022-11-01-01-00-00", "latency": "39"}, {"date": "2022-11-01-01-00-00", "latency": "39"}, {"date": "2022-11-01-01-00-00", "latency": "39"}, {"date": "2022-11-01-01-00-00", "latency": "39"}, {"date": "2022-11-01-01-00-00", "latency": "39"}, {"date": "2022-11-01-01-00-00", "latency": "39"}, {"date": "2022-11-01-01-00-00", "latency": "19"}]}, {"location": {"country_code": "us", "region": "Ohio"}, "game_id": "273486", "values": [{"date": "2022-10-31-05-00-00", "latency": "70"}, {"date": "2022-10-31-05-00-00", "latency": "70"}, {"date": "2022-10-31-05-00-00", "latency": "70"}]}, {"location": {"country_code": "au"}, "game_id": "273486", "values": [{"date": "2022-10-31-13-00-00", "latency": "90"}, {"date": "2022-10-31-13-00-00", "latency": "90"}, {"date": "2022-10-31-13-00-00", "latency": "90"}, {"date": "2022-10-31-13-00-00", "latency": "90"}, {"date": "2022-10-31-13-00-00", "latency": "90"}, {"date": "2022-10-31-13-00-00", "latency": "90"}, {"date": "2022-10-31-13-00-00", "latency": "90"}, {"date": "2022-10-31-12-00-00", "latency": "105"}, {"date": "2022-10-31-12-00-00", "latency": "105"}, {"date": "2022-10-31-12-00-00", "latency": "105"}, {"date": "2022-10-31-12-00-00", "latency": "105"}, {"date": "2022-10-31-12-00-00", "latency": "105"}, {"date": "2022-10-31-12-00-00", "latency": "105"}]}, {"location": {"country_code": "sa"}, "game_id": "273486", "values": [{"date": "2022-10-31-07-00-00", "latency": "70"}, {"date": "2022-10-31-07-00-00", "latency": "70"}, {"date": "2022-10-31-07-00-00", "latency": "70"}, {"date": "2022-10-31-07-00-00", "latency": "70"}, {"date": "2022-10-31-07-00-00", "latency": "70"}, {"date": "2022-10-31-07-00-00", "latency": "70"}, {"date": "2022-10-31-07-00-00", "latency": "70"}, {"date": "2022-10-31-07-00-00", "latency": "70"}, {"date": "2022-10-31-07-00-00", "latency": "70"}, {"date": "2022-10-31-07-00-00", "latency": "70"}, {"date": "2022-10-31-07-00-00", "latency": "70"}, {"date": "2022-10-31-07-00-00", "latency": "70"}, {"date": "2022-10-31-07-00-00", "latency": "70"}, {"date": "2022-10-31-07-00-00", "latency": "70"}, {"date": "2022-11-01-00-00-00", "latency": "82"}, {"date": "2022-11-01-00-00-00", "latency": "82"}, {"date": "2022-11-01-00-00-00", "latency": "82"}, {"date": "2022-11-01-00-00-00", "latency": "82"}, {"date": "2022-11-01-00-00-00", "latency": "82"}, {"date": "2022-11-01-00-00-00", "latency": "82"}, {"date": "2022-11-01-00-00-00", "latency": "82"}, {"date": "2022-11-01-00-00-00", "latency": "82"}, {"date": "2022-11-01-00-00-00", "latency": "82"}, {"date": "2022-11-01-00-00-00", "latency": "82"}, {"date": "2022-11-01-00-00-00", "latency": "82"}, {"date": "2022-11-01-00-00-00", "latency": "82"}, {"date": "2022-11-01-00-00-00", "latency": "82"}, {"date": "2022-11-01-00-00-00", "latency": "82"}, {"date": "2022-11-01-00-00-00", "latency": "82"}, {"date": "2022-10-31-19-00-00", "latency": "30"}, {"date": "2022-10-31-19-00-00", "latency": "30"}, {"date": "2022-10-31-19-00-00", "latency": "30"}, {"date": "2022-10-31-19-00-00", "latency": "30"}, {"date": "2022-10-31-19-00-00", "latency": "30"}, {"date": "2022-10-31-19-00-00", "latency": "30"}, {"date": "2022-10-31-19-00-00", "latency": "30"}, {"date": "2022-10-31-19-00-00", "latency": "30"}, {"date": "2022-10-31-19-00-00", "latency": "30"}, {"date": "2022-10-31-19-00-00", "latency": "30"}, {"date": "2022-10-31-19-00-00", "latency": "30"}, {"date": "2022-10-31-19-00-00", "latency": "30"}, {"date": "2022-10-31-19-00-00", "latency": "30"}, {"date": "2022-10-31-19-00-00", "latency": "30"}, {"date": "2022-10-31-19-00-00", "latency": "30"}, {"date": "2022-10-31-19-00-00", "latency": "30"}, {"date": "2022-10-31-19-00-00", "latency": "30"}, {"date": "2022-10-31-19-00-00", "latency": "30"}, {"date": "2022-10-31-19-00-00", "latency": "30"}, {"date": "2022-10-31-19-00-00", "latency": "30"}, {"date": "2022-10-31-19-00-00", "latency": "30"}, {"date": "2022-10-31-19-00-00", "latency": "30"}, {"date": "2022-10-31-19-00-00", "latency": "30"}, {"date": "2022-10-31-19-00-00", "latency": "30"}, {"date": "2022-10-31-19-00-00", "latency": "30"}, {"date": "2022-10-31-19-00-00", "latency": "30"}, {"date": "2022-10-31-19-00-00", "latency": "30"}, {"date": "2022-10-31-19-00-00", "latency": "30"}, {"date": "2022-10-31-19-00-00", "latency": "30"}, {"date": "2022-10-31-19-00-00", "latency": "30"}, {"date": "2022-10-31-19-00-00", "latency": "30"}, {"date": "2022-10-31-19-00-00", "latency": "30"}, {"date": "2022-10-31-19-00-00", "latency": "30"}, {"date": "2022-10-31-19-00-00", "latency": "30"}, {"date": "2022-10-31-19-00-00", "latency": "30"}, {"date": "2022-10-31-19-00-00", "latency": "30"}, {"date": "2022-10-31-19-00-00", "latency": "30"}, {"date": "2022-10-31-19-00-00", "latency": "30"}, {"date": "2022-10-31-19-00-00", "latency": "30"}, {"date": "2022-10-31-19-00-00", "latency": "30"}, {"date": "2022-10-31-19-00-00", "latency": "30"}, {"date": "2022-10-31-19-00-00", "latency": "30"}, {"date": "2022-10-31-19-00-00", "latency": "30"}, {"date": "2022-10-31-19-00-00", "latency": "30"}, {"date": "2022-10-31-19-00-00", "latency": "30"}, {"date": "2022-10-31-19-00-00", "latency": "30"}, {"date": "2022-10-31-19-00-00", "latency": "30"}, {"date": "2022-10-31-19-00-00", "latency": "30"}, {"date": "2022-10-31-19-00-00", "latency": "30"}, {"date": "2022-10-31-19-00-00", "latency": "30"}, {"date": "2022-10-31-19-00-00", "latency": "30"}, {"date": "2022-10-31-19-00-00", "latency": "30"}, {"date": "2022-10-31-19-00-00", "latency": "30"}, {"date": "2022-10-31-19-00-00", "latency": "30"}, {"date": "2022-10-31-19-00-00", "latency": "30"}, {"date": "2022-10-31-19-00-00", "latency": "30"}, {"date": "2022-10-31-19-00-00", "latency": "30"}, {"date": "2022-10-31-19-00-00", "latency": "30"}, {"date": "2022-10-31-19-00-00", "latency": "30"}, {"date": "2022-10-31-19-00-00", "latency": "30"}, {"date": "2022-10-31-19-00-00", "latency": "30"}, {"date": "2022-10-31-19-00-00", "latency": "30"}, {"date": "2022-10-31-19-00-00", "latency": "30"}, {"date": "2022-10-31-19-00-00", "latency": "30"}, {"date": "2022-10-31-19-00-00", "latency": "30"}, {"date": "2022-10-31-19-00-00", "latency": "30"}, {"date": "2022-10-31-19-00-00", "latency": "30"}, {"date": "2022-10-31-19-00-00", "latency": "30"}, {"date": "2022-10-31-19-00-00", "latency": "30"}, {"date": "2022-10-31-19-00-00", "latency": "30"}, {"date": "2022-10-31-19-00-00", "latency": "30"}, {"date": "2022-10-31-19-00-00", "latency": "30"}, {"date": "2022-10-31-19-00-00", "latency": "30"}, {"date": "2022-10-31-19-00-00", "latency": "30"}, {"date": "2022-10-31-19-00-00", "latency": "30"}, {"date": "2022-10-31-19-00-00", "latency": "30"}, {"date": "2022-10-31-19-00-00", "latency": "30"}, {"date": "2022-10-31-19-00-00", "latency": "30"}, {"date": "2022-10-31-19-00-00", "latency": "30"}, {"date": "2022-10-31-19-00-00", "latency": "30"}, {"date": "2022-10-31-19-00-00", "latency": "30"}, {"date": "2022-10-31-19-00-00", "latency": "30"}, {"date": "2022-10-31-19-00-00", "latency": "30"}, {"date": "2022-10-31-19-00-00", "latency": "30"}, {"date": "2022-10-31-19-00-00", "latency": "30"}, {"date": "2022-10-31-19-00-00", "latency": "30"}, {"date": "2022-10-31-19-00-00", "latency": "30"}, {"date": "2022-10-31-19-00-00", "latency": "30"}, {"date": "2022-10-31-19-00-00", "latency": "30"}, {"date": "2022-10-31-19-00-00", "latency": "30"}, {"date": "2022-10-31-19-00-00", "latency": "30"}, {"date": "2022-10-31-19-00-00", "latency": "30"}, {"date": "2022-10-31-19-00-00", "latency": "30"}, {"date": "2022-10-31-19-00-00", "latency": "30"}, {"date": "2022-10-31-19-00-00", "latency": "30"}, {"date": "2022-10-31-19-00-00", "latency": "30"}, {"date": "2022-10-31-19-00-00", "latency": "30"}, {"date": "2022-10-31-19-00-00", "latency": "30"}, {"date": "2022-10-31-19-00-00", "latency": "30"}, {"date": "2022-10-31-06-00-00", "latency": "82"}, {"date": "2022-10-31-06-00-00", "latency": "82"}, {"date": "2022-10-31-06-00-00", "latency": "82"}, {"date": "2022-10-31-06-00-00", "latency": "82"}, {"date": "2022-10-31-06-00-00", "latency": "82"}, {"date": "2022-10-31-06-00-00", "latency": "82"}, {"date": "2022-10-31-06-00-00", "latency": "82"}, {"date": "2022-10-31-06-00-00", "latency": "82"}, {"date": "2022-10-31-06-00-00", "latency": "82"}, {"date": "2022-10-31-06-00-00", "latency": "82"}, {"date": "2022-10-31-06-00-00", "latency": "82"}, {"date": "2022-10-31-06-00-00", "latency": "82"}, {"date": "2022-10-31-06-00-00", "latency": "82"}, {"date": "2022-10-31-06-00-00", "latency": "82"}, {"date": "2022-10-31-06-00-00", "latency": "82"}, {"date": "2022-10-31-06-00-00", "latency": "82"}, {"date": "2022-10-31-06-00-00", "latency": "82"}, {"date": "2022-10-31-06-00-00", "latency": "82"}, {"date": "2022-10-31-06-00-00", "latency": "82"}, {"date": "2022-10-31-06-00-00", "latency": "82"}, {"date": "2022-10-31-06-00-00", "latency": "82"}, {"date": "2022-10-31-06-00-00", "latency": "82"}, {"date": "2022-10-31-06-00-00", "latency": "82"}, {"date": "2022-10-31-21-00-00", "latency": "85"}, {"date": "2022-10-31-21-00-00", "latency": "85"}, {"date": "2022-10-31-21-00-00", "latency": "85"}, {"date": "2022-10-31-21-00-00", "latency": "85"}, {"date": "2022-10-31-21-00-00", "latency": "85"}, {"date": "2022-10-31-21-00-00", "latency": "85"}, {"date": "2022-10-31-21-00-00", "latency": "85"}, {"date": "2022-10-31-21-00-00", "latency": "85"}, {"date": "2022-10-31-21-00-00", "latency": "85"}, {"date": "2022-10-31-21-00-00", "latency": "85"}, {"date": "2022-10-31-21-00-00", "latency": "85"}, {"date": "2022-10-31-21-00-00", "latency": "85"}, {"date": "2022-10-31-21-00-00", "latency": "85"}, {"date": "2022-10-31-21-00-00", "latency": "85"}, {"date": "2022-10-31-21-00-00", "latency": "85"}]}, {"location": {"country_code": "ar"}, "game_id": "273486", "values": [{"date": "2022-10-31-06-00-00", "latency": "98"}, {"date": "2022-10-31-06-00-00", "latency": "98"}, {"date": "2022-10-31-06-00-00", "latency": "98"}, {"date": "2022-10-31-06-00-00", "latency": "98"}, {"date": "2022-10-31-06-00-00", "latency": "98"}, {"date": "2022-10-31-06-00-00", "latency": "98"}, {"date": "2022-10-31-06-00-00", "latency": "98"}, {"date": "2022-10-31-06-00-00", "latency": "98"}, {"date": "2022-10-31-06-00-00", "latency": "98"}, {"date": "2022-10-31-06-00-00", "latency": "98"}, {"date": "2022-10-31-06-00-00", "latency": "98"}, {"date": "2022-10-31-06-00-00", "latency": "98"}, {"date": "2022-10-31-06-00-00", "latency": "98"}, {"date": "2022-10-31-06-00-00", "latency": "98"}, {"date": "2022-10-31-06-00-00", "latency": "98"}, {"date": "2022-10-31-06-00-00", "latency": "98"}, {"date": "2022-10-31-06-00-00", "latency": "98"}]}, {"location": {"country_code": "us", "region": "Texas", "city": "Houston"}, "game_id": "273486", "values": [{"date": "2022-10-31-05-00-00", "latency": "0"}, {"date": "2022-10-31-05-00-00", "latency": "0"}, {"date": "2022-10-31-05-00-00", "latency": "0"}, {"date": "2022-10-31-05-00-00", "latency": "0"}, {"date": "2022-10-31-05-00-00", "latency": "0"}, {"date": "2022-10-31-05-00-00", "latency": "0"}, {"date": "2022-10-31-05-00-00", "latency": "0"}, {"date": "2022-10-31-05-00-00", "latency": "0"}, {"date": "2022-10-31-05-00-00", "latency": "0"}, {"date": "2022-10-31-05-00-00", "latency": "0"}, {"date": "2022-10-31-05-00-00", "latency": "0"}, {"date": "2022-10-31-05-00-00", "latency": "0"}, {"date": "2022-10-31-05-00-00", "latency": "0"}, {"date": "2022-10-31-05-00-00", "latency": "0"}, {"date": "2022-10-31-03-00-00", "latency": "32"}, {"date": "2022-10-31-03-00-00", "latency": "32"}, {"date": "2022-10-31-03-00-00", "latency": "32"}, {"date": "2022-10-31-03-00-00", "latency": "32"}, {"date": "2022-10-31-03-00-00", "latency": "32"}, {"date": "2022-10-31-03-00-00", "latency": "32"}, {"date": "2022-10-31-03-00-00", "latency": "32"}, {"date": "2022-10-31-03-00-00", "latency": "32"}, {"date": "2022-10-31-03-00-00", "latency": "32"}, {"date": "2022-10-31-03-00-00", "latency": "32"}, {"date": "2022-10-31-03-00-00", "latency": "32"}, {"date": "2022-10-31-03-00-00", "latency": "32"}, {"date": "2022-10-31-03-00-00", "latency": "32"}]}, {"location": {"country_code": "us", "region": "Alaska"}, "game_id": "273486", "values": [{"date": "2022-11-01-01-00-00", "latency": "113"}, {"date": "2022-11-01-01-00-00", "latency": "113"}]}, {"location": {"country_code": "us", "region": "North Carolina"}, "game_id": "273486", "values": [{"date": "2022-10-31-09-00-00", "latency": "47"}, {"date": "2022-10-31-09-00-00", "latency": "47"}, {"date": "2022-10-31-09-00-00", "latency": "47"}, {"date": "2022-10-31-09-00-00", "latency": "47"}, {"date": "2022-10-31-09-00-00", "latency": "47"}, {"date": "2022-10-31-09-00-00", "latency": "47"}, {"date": "2022-10-31-09-00-00", "latency": "47"}, {"date": "2022-10-31-09-00-00", "latency": "47"}, {"date": "2022-10-31-09-00-00", "latency": "47"}, {"date": "2022-10-31-09-00-00", "latency": "47"}, {"date": "2022-10-31-09-00-00", "latency": "47"}, {"date": "2022-10-31-09-00-00", "latency": "47"}, {"date": "2022-10-31-09-00-00", "latency": "47"}, {"date": "2022-10-31-09-00-00", "latency": "47"}, {"date": "2022-10-31-09-00-00", "latency": "47"}, {"date": "2022-10-31-09-00-00", "latency": "47"}, {"date": "2022-10-31-09-00-00", "latency": "47"}, {"date": "2022-10-31-09-00-00", "latency": "47"}, {"date": "2022-10-31-09-00-00", "latency": "47"}]}, {"location": {"country_code": "gb", "region": "England", "city": "London"}, "game_id": "273486", "values": [{"date": "2022-10-31-20-00-00", "latency": "19"}, {"date": "2022-10-31-20-00-00", "latency": "19"}, {"date": "2022-10-31-20-00-00", "latency": "19"}, {"date": "2022-10-31-20-00-00", "latency": "19"}, {"date": "2022-10-31-20-00-00", "latency": "19"}, {"date": "2022-10-31-20-00-00", "latency": "19"}, {"date": "2022-10-31-20-00-00", "latency": "19"}, {"date": "2022-10-31-20-00-00", "latency": "35"}, {"date": "2022-10-31-20-00-00", "latency": "35"}, {"date": "2022-10-31-20-00-00", "latency": "35"}, {"date": "2022-10-31-20-00-00", "latency": "35"}, {"date": "2022-10-31-20-00-00", "latency": "35"}, {"date": "2022-10-31-20-00-00", "latency": "35"}, {"date": "2022-10-31-20-00-00", "latency": "35"}]}, {"location": {"country_code": "do"}, "game_id": "273486", "values": [{"date": "2022-10-31-05-00-00", "latency": "59"}, {"date": "2022-10-31-05-00-00", "latency": "59"}, {"date": "2022-10-31-05-00-00", "latency": "59"}, {"date": "2022-10-31-05-00-00", "latency": "59"}, {"date": "2022-10-31-05-00-00", "latency": "59"}, {"date": "2022-10-31-05-00-00", "latency": "59"}, {"date": "2022-10-31-05-00-00", "latency": "59"}, {"date": "2022-10-31-05-00-00", "latency": "59"}, {"date": "2022-10-31-05-00-00", "latency": "59"}, {"date": "2022-10-31-05-00-00", "latency": "59"}, {"date": "2022-10-31-05-00-00", "latency": "59"}, {"date": "2022-10-31-05-00-00", "latency": "59"}, {"date": "2022-10-31-05-00-00", "latency": "59"}, {"date": "2022-10-31-05-00-00", "latency": "59"}, {"date": "2022-10-31-05-00-00", "latency": "59"}, {"date": "2022-10-31-05-00-00", "latency": "59"}, {"date": "2022-10-31-05-00-00", "latency": "59"}, {"date": "2022-10-31-05-00-00", "latency": "59"}, {"date": "2022-10-31-05-00-00", "latency": "59"}, {"date": "2022-10-31-05-00-00", "latency": "59"}, {"date": "2022-10-31-05-00-00", "latency": "59"}, {"date": "2022-10-31-05-00-00", "latency": "59"}, {"date": "2022-10-31-05-00-00", "latency": "59"}, {"date": "2022-10-31-05-00-00", "latency": "59"}, {"date": "2022-10-31-05-00-00", "latency": "59"}, {"date": "2022-10-31-05-00-00", "latency": "59"}, {"date": "2022-10-31-05-00-00", "latency": "59"}, {"date": "2022-10-31-05-00-00", "latency": "59"}, {"date": "2022-10-31-05-00-00", "latency": "59"}, {"date": "2022-10-31-05-00-00", "latency": "59"}, {"date": "2022-10-31-05-00-00", "latency": "59"}, {"date": "2022-10-31-05-00-00", "latency": "59"}, {"date": "2022-10-31-05-00-00", "latency": "59"}, {"date": "2022-10-31-05-00-00", "latency": "59"}, {"date": "2022-10-31-05-00-00", "latency": "59"}, {"date": "2022-10-31-05-00-00", "latency": "59"}]}, {"location": {"country_code": "us", "region": "Oklahoma"}, "game_id": "273486", "values": [{"date": "2022-10-31-01-00-00", "latency": "35"}, {"date": "2022-10-31-01-00-00", "latency": "35"}, {"date": "2022-10-31-01-00-00", "latency": "35"}]}, {"location": {"country_code": "us", "region": "Arizona", "city": "Phoenix"}, "game_id": "273486", "values": [{"date": "2022-10-31-05-00-00", "latency": "35"}, {"date": "2022-10-31-05-00-00", "latency": "35"}, {"date": "2022-10-31-05-00-00", "latency": "35"}]}, {"location": {"country_code": "gb", "region": "England", "city": "Liverpool"}, "game_id": "273486", "values": [{"date": "2022-10-31-02-00-00", "latency": "53"}, {"date": "2022-10-31-02-00-00", "latency": "53"}, {"date": "2022-10-31-02-00-00", "latency": "53"}, {"date": "2022-10-31-02-00-00", "latency": "53"}, {"date": "2022-10-31-02-00-00", "latency": "53"}, {"date": "2022-10-31-02-00-00", "latency": "53"}, {"date": "2022-10-31-02-00-00", "latency": "53"}, {"date": "2022-10-31-02-00-00", "latency": "53"}, {"date": "2022-10-31-02-00-00", "latency": "53"}, {"date": "2022-10-31-02-00-00", "latency": "53"}, {"date": "2022-10-31-02-00-00", "latency": "53"}, {"date": "2022-10-31-02-00-00", "latency": "53"}, {"date": "2022-10-31-02-00-00", "latency": "53"}, {"date": "2022-10-31-02-00-00", "latency": "53"}, {"date": "2022-10-31-02-00-00", "latency": "53"}, {"date": "2022-10-31-02-00-00", "latency": "53"}, {"date": "2022-10-31-02-00-00", "latency": "53"}, {"date": "2022-10-31-02-00-00", "latency": "53"}, {"date": "2022-10-31-02-00-00", "latency": "53"}, {"date": "2022-10-31-02-00-00", "latency": "53"}, {"date": "2022-10-31-02-00-00", "latency": "53"}, {"date": "2022-10-31-02-00-00", "latency": "53"}, {"date": "2022-10-31-02-00-00", "latency": "53"}, {"date": "2022-10-31-02-00-00", "latency": "53"}, {"date": "2022-10-31-02-00-00", "latency": "53"}, {"date": "2022-10-31-02-00-00", "latency": "53"}, {"date": "2022-10-31-02-00-00", "latency": "53"}, {"date": "2022-10-31-02-00-00", "latency": "53"}, {"date": "2022-10-31-02-00-00", "latency": "53"}, {"date": "2022-10-31-02-00-00", "latency": "53"}, {"date": "2022-10-31-02-00-00", "latency": "53"}]}, {"location": {"country_code": "ht"}, "game_id": "273486", "values": [{"date": "2022-10-31-02-00-00", "latency": "43"}, {"date": "2022-10-31-02-00-00", "latency": "43"}, {"date": "2022-10-31-02-00-00", "latency": "43"}, {"date": "2022-10-31-02-00-00", "latency": "43"}, {"date": "2022-10-31-02-00-00", "latency": "43"}]}, {"location": {"country_code": "ae", "region": "Dubai", "city": "Dubai"}, "game_id": "273486", "values": [{"date": "2022-10-31-22-00-00", "latency": "86"}, {"date": "2022-10-31-22-00-00", "latency": "86"}, {"date": "2022-10-31-22-00-00", "latency": "86"}, {"date": "2022-10-31-22-00-00", "latency": "86"}, {"date": "2022-10-31-22-00-00", "latency": "86"}, {"date": "2022-10-31-22-00-00", "latency": "86"}, {"date": "2022-10-31-22-00-00", "latency": "86"}, {"date": "2022-10-31-22-00-00", "latency": "86"}, {"date": "2022-10-31-22-00-00", "latency": "86"}, {"date": "2022-10-31-22-00-00", "latency": "86"}]}, {"location": {"country_code": "gb", "region": "Scotland", "city": "Glasgow"}, "game_id": "273486", "values": [{"date": "2022-10-31-22-00-00", "latency": "43"}, {"date": "2022-10-31-22-00-00", "latency": "43"}, {"date": "2022-10-31-22-00-00", "latency": "43"}]}, {"location": {"country_code": "sa", "region": "Mecca Region", "city": "Jeddah"}, "game_id": "273486", "values": [{"date": "2022-10-31-06-00-00", "latency": "66"}, {"date": "2022-10-31-06-00-00", "latency": "66"}, {"date": "2022-10-31-06-00-00", "latency": "66"}, {"date": "2022-10-31-06-00-00", "latency": "66"}, {"date": "2022-10-31-06-00-00", "latency": "66"}, {"date": "2022-10-31-06-00-00", "latency": "66"}, {"date": "2022-10-31-06-00-00", "latency": "66"}, {"date": "2022-10-31-06-00-00", "latency": "66"}, {"date": "2022-10-31-06-00-00", "latency": "66"}, {"date": "2022-10-31-06-00-00", "latency": "66"}, {"date": "2022-10-31-06-00-00", "latency": "66"}, {"date": "2022-10-31-06-00-00", "latency": "66"}, {"date": "2022-10-31-06-00-00", "latency": "66"}, {"date": "2022-10-31-06-00-00", "latency": "66"}]}, {"location": {"country_code": "ar", "region": "Buenos Aires", "city": "Temperley"}, "game_id": "273486", "values": [{"date": "2022-10-31-21-00-00", "latency": "176"}, {"date": "2022-10-31-21-00-00", "latency": "176"}]}, {"location": {"country_code": "ca", "region": "British Columbia", "city": "West Kelowna"}, "game_id": "273486", "values": [{"date": "2022-10-31-05-00-00", "latency": "15"}, {"date": "2022-10-31-05-00-00", "latency": "15"}, {"date": "2022-10-31-05-00-00", "latency": "15"}, {"date": "2022-10-31-05-00-00", "latency": "15"}, {"date": "2022-10-31-05-00-00", "latency": "15"}, {"date": "2022-10-31-05-00-00", "latency": "15"}, {"date": "2022-10-31-05-00-00", "latency": "15"}, {"date": "2022-10-31-05-00-00", "latency": "15"}, {"date": "2022-10-31-05-00-00", "latency": "15"}, {"date": "2022-10-31-05-00-00", "latency": "15"}, {"date": "2022-10-31-05-00-00", "latency": "15"}]}, {"location": {"country_code": "to"}, "game_id": "273486", "values": [{"date": "2022-10-31-08-00-00", "latency": "19"}, {"date": "2022-10-31-08-00-00", "latency": "19"}, {"date": "2022-10-31-08-00-00", "latency": "19"}, {"date": "2022-10-31-08-00-00", "latency": "19"}, {"date": "2022-10-31-08-00-00", "latency": "19"}, {"date": "2022-10-31-08-00-00", "latency": "19"}, {"date": "2022-10-31-08-00-00", "latency": "19"}, {"date": "2022-10-31-08-00-00", "latency": "19"}, {"date": "2022-10-31-08-00-00", "latency": "19"}, {"date": "2022-10-31-08-00-00", "latency": "19"}, {"date": "2022-10-31-08-00-00", "latency": "19"}, {"date": "2022-10-31-08-00-00", "latency": "19"}, {"date": "2022-10-31-08-00-00", "latency": "19"}, {"date": "2022-10-31-08-00-00", "latency": "19"}, {"date": "2022-10-31-08-00-00", "latency": "19"}, {"date": "2022-10-31-08-00-00", "latency": "19"}, {"date": "2022-10-31-08-00-00", "latency": "19"}, {"date": "2022-10-31-08-00-00", "latency": "19"}, {"date": "2022-10-31-08-00-00", "latency": "19"}]}, {"location": {"country_code": "us", "region": "New York", "city": "Auburn"}, "game_id": "273486", "values": [{"date": "2022-10-31-05-00-00", "latency": "35"}, {"date": "2022-10-31-05-00-00", "latency": "35"}, {"date": "2022-10-31-05-00-00", "latency": "35"}, {"date": "2022-10-31-05-00-00", "latency": "35"}, {"date": "2022-10-31-05-00-00", "latency": "35"}, {"date": "2022-10-31-05-00-00", "latency": "35"}, {"date": "2022-10-31-05-00-00", "latency": "35"}, {"date": "2022-10-31-05-00-00", "latency": "35"}, {"date": "2022-10-31-05-00-00", "latency": "35"}, {"date": "2022-10-31-05-00-00", "latency": "35"}, {"date": "2022-10-31-05-00-00", "latency": "35"}, {"date": "2022-10-31-05-00-00", "latency": "35"}, {"date": "2022-10-31-05-00-00", "latency": "35"}]}, {"location": {"country_code": "cl", "region": "Biobio", "city": "Los Angeles"}, "game_id": "273486", "values": [{"date": "2022-11-01-01-00-00", "latency": "23"}]}], "last_updated": 1719915089.319423}