{"data": [{"location": {"country_code": "us"}, "game_id": "461764", "values": [{"date": "2023-08-21-04-00-00", "alternatives": [6, 9, 38, 5, 38, 38]}, {"date": "2023-08-21-04-00-00", "alternatives": [6, 9, 38, 5, 38, 38]}, {"date": "2023-08-21-04-00-00", "alternatives": [6, 9, 38, 5, 38, 38]}, {"date": "2023-08-21-04-00-00", "alternatives": [6, 9, 38, 5, 38, 38]}, {"date": "2023-08-21-04-00-00", "alternatives": [6, 9, 38, 5, 38, 38]}]}, {"location": {"country_code": "ca"}, "game_id": "461764", "values": [{"date": "2023-08-21-07-00-00", "alternatives": [4, 30, 34, 34, 34, 2]}, {"date": "2023-08-21-07-00-00", "alternatives": [4, 30, 34, 34, 34, 2]}, {"date": "2023-08-21-07-00-00", "alternatives": [4, 30, 34, 34, 34, 2]}, {"date": "2023-08-21-07-00-00", "alternatives": [4, 30, 34, 34, 34, 2]}]}, {"location": {"country_code": "de"}, "game_id": "461764", "values": [{"date": "2023-08-21-20-00-00", "alternatives": [4, 1, 3, 3, 3]}, {"date": "2023-08-21-20-00-00", "alternatives": [4, 1, 3, 3, 3]}]}, {"location": {"country_code": "gb", "region": "England"}, "game_id": "461764", "values": [{"date": "2023-08-22-00-00-00", "alternatives": ["6", "1", "1"]}, {"date": "2023-08-22-00-00-00", "alternatives": ["6", "1", "1"]}]}, {"location": {"country_code": "cl"}, "game_id": "461764", "values": [{"date": "2023-08-21-04-00-00", "alternatives": [106, 6008, 3106, 106, 106]}, {"date": "2023-08-21-04-00-00", "alternatives": [106, 6008, 3106, 106, 106]}, {"date": "2023-08-21-04-00-00", "alternatives": [106, 6008, 3106, 106, 106]}]}, {"location": {"country_code": "us", "region": "Florida"}, "game_id": "461764", "values": [{"date": "2023-08-21-21-00-00", "alternatives": [117, 112, 117, 112, 112]}, {"date": "2023-08-21-21-00-00", "alternatives": [117, 112, 117, 112, 112]}, {"date": "2023-08-21-21-00-00", "alternatives": [117, 112, 117, 112, 112]}, {"date": "2023-08-21-21-00-00", "alternatives": [117, 112, 117, 112, 112]}, {"date": "2023-08-21-21-00-00", "alternatives": [117, 112, 117, 112, 112]}, {"date": "2023-08-21-21-00-00", "alternatives": [117, 112, 117, 112, 112]}]}, {"location": {"country_code": "us", "region": "Kansas"}, "game_id": "461764", "values": [{"date": "2023-08-21-04-00-00", "alternatives": [8, 8, 8]}, {"date": "2023-08-21-04-00-00", "alternatives": [8, 8, 8]}, {"date": "2023-08-21-04-00-00", "alternatives": [8, 8, 8]}, {"date": "2023-08-21-04-00-00", "alternatives": [8, 8, 8]}, {"date": "2023-08-21-04-00-00", "alternatives": [8, 8, 8]}]}, {"location": {"country_code": "fr"}, "game_id": "461764", "values": [{"date": "2023-08-22-00-00-00", "alternatives": ["30", "30", "38"]}]}, {"location": {"country_code": "br"}, "game_id": "461764", "values": [{"date": "2023-08-22-00-00-00", "alternatives": ["1", "1", "109"]}]}, {"location": {"country_code": "de", "region": "Bavaria"}, "game_id": "461764", "values": [{"date": "2023-08-21-16-00-00", "alternatives": [5, 35, 35, 35, 38]}, {"date": "2023-08-21-16-00-00", "alternatives": [5, 35, 35, 35, 38]}, {"date": "2023-08-21-16-00-00", "alternatives": [5, 35, 35, 35, 38]}, {"date": "2023-08-21-16-00-00", "alternatives": [5, 35, 35, 35, 38]}, {"date": "2023-08-21-16-00-00", "alternatives": [5, 35, 35, 35, 38]}, {"date": "2023-08-21-16-00-00", "alternatives": [5, 35, 35, 35, 38]}, {"date": "2023-08-21-16-00-00", "alternatives": [5, 35, 35, 35, 38]}, {"date": "2023-08-21-16-00-00", "alternatives": [5, 35, 35, 35, 38]}, {"date": "2023-08-21-16-00-00", "alternatives": [5, 35, 35, 35, 38]}, {"date": "2023-08-21-16-00-00", "alternatives": [5, 35, 35, 35, 38]}, {"date": "2023-08-21-16-00-00", "alternatives": [5, 35, 35, 35, 38]}]}, {"location": {"country_code": "pl"}, "game_id": "461764", "values": [{"date": "2023-08-21-20-00-00", "alternatives": ["34", "34", "384"]}, {"date": "2023-08-21-20-00-00", "alternatives": ["34", "34", "384"]}, {"date": "2023-08-21-20-00-00", "alternatives": ["34", "34", "384"]}, {"date": "2023-08-21-20-00-00", "alternatives": ["34", "34", "384"]}, {"date": "2023-08-21-20-00-00", "alternatives": ["34", "34", "384"]}]}, {"location": {"country_code": "be"}, "game_id": "461764", "values": [{"date": "2023-08-21-18-00-00", "alternatives": [30, 36, 36, 36, 15]}, {"date": "2023-08-21-18-00-00", "alternatives": [30, 36, 36, 36, 15]}, {"date": "2023-08-21-18-00-00", "alternatives": [30, 36, 36, 36, 15]}, {"date": "2023-08-21-18-00-00", "alternatives": [30, 36, 36, 36, 15]}, {"date": "2023-08-21-18-00-00", "alternatives": [30, 36, 36, 36, 15]}]}, {"location": {"country_code": "ie"}, "game_id": "461764", "values": [{"date": "2023-08-21-03-00-00", "alternatives": [26, 36, 36, 36, 3815]}]}, {"location": {"country_code": "tr", "region": "Marmara Bolgesi", "city": "Istanbul"}, "game_id": "461764", "values": [{"date": "2023-08-21-21-00-00", "alternatives": ["35", "36", "35"]}, {"date": "2023-08-21-21-00-00", "alternatives": ["35", "36", "35"]}]}, {"location": {"country_code": "hr"}, "game_id": "461764", "values": [{"date": "2023-08-21-19-00-00", "alternatives": [1, 92566, 99, 99, 99]}, {"date": "2023-08-21-19-00-00", "alternatives": [1, 92566, 99, 99, 99]}, {"date": "2023-08-21-19-00-00", "alternatives": [1, 92566, 99, 99, 99]}]}, {"location": {"country_code": "au", "region": "Queensland", "city": "Brisbane"}, "game_id": "461764", "values": [{"date": "2023-08-21-13-00-00", "alternatives": [1, 9, 90, 90, 90]}, {"date": "2023-08-21-13-00-00", "alternatives": [1, 9, 90, 90, 90]}, {"date": "2023-08-21-13-00-00", "alternatives": [1, 9, 90, 90, 90]}, {"date": "2023-08-21-13-00-00", "alternatives": [1, 9, 90, 90, 90]}]}, {"location": {"country_code": "de", "region": "Lower Saxony"}, "game_id": "461764", "values": [{"date": "2023-08-21-20-00-00", "alternatives": ["33", "03", "33"]}, {"date": "2023-08-21-20-00-00", "alternatives": ["33", "03", "33"]}, {"date": "2023-08-21-20-00-00", "alternatives": ["33", "03", "33"]}]}, {"location": {"country_code": "us", "region": "Oregon", "city": "Portland"}, "game_id": "461764", "values": [{"date": "2023-08-21-02-00-00", "alternatives": [3, 3, 3]}, {"date": "2023-08-21-02-00-00", "alternatives": [3, 3, 3]}, {"date": "2023-08-21-02-00-00", "alternatives": [3, 3, 3]}, {"date": "2023-08-21-02-00-00", "alternatives": [3, 3, 3]}, {"date": "2023-08-21-02-00-00", "alternatives": [3, 3, 3]}, {"date": "2023-08-21-02-00-00", "alternatives": [3, 3, 3]}, {"date": "2023-08-21-02-00-00", "alternatives": [3, 3, 3]}, {"date": "2023-08-21-02-00-00", "alternatives": [3, 3, 3]}, {"date": "2023-08-21-02-00-00", "alternatives": [3, 3, 3]}, {"date": "2023-08-21-02-00-00", "alternatives": [3, 3, 3]}, {"date": "2023-08-21-02-00-00", "alternatives": [3, 3, 3]}, {"date": "2023-08-21-02-00-00", "alternatives": [3, 3, 3]}, {"date": "2023-08-21-02-00-00", "alternatives": [3, 3, 3]}, {"date": "2023-08-21-02-00-00", "alternatives": [3, 3, 3]}, {"date": "2023-08-21-02-00-00", "alternatives": [3, 3, 3]}, {"date": "2023-08-21-02-00-00", "alternatives": [3, 3, 3]}]}, {"location": {"country_code": "de", "region": "Baden-Wurttemberg", "city": "Stuttgart"}, "game_id": "461764", "values": [{"date": "2023-08-21-20-00-00", "alternatives": ["47", "36", "36"]}, {"date": "2023-08-21-20-00-00", "alternatives": ["47", "36", "36"]}, {"date": "2023-08-21-20-00-00", "alternatives": ["47", "36", "36"]}, {"date": "2023-08-21-20-00-00", "alternatives": ["47", "36", "36"]}, {"date": "2023-08-21-20-00-00", "alternatives": ["47", "36", "36"]}]}, {"location": {"country_code": "mt"}, "game_id": "461764", "values": [{"date": "2023-08-21-20-00-00", "alternatives": [34, 1, 34, 34, 1]}, {"date": "2023-08-21-20-00-00", "alternatives": [34, 1, 34, 34, 1]}, {"date": "2023-08-21-20-00-00", "alternatives": [34, 1, 34, 34, 1]}, {"date": "2023-08-21-20-00-00", "alternatives": [34, 1, 34, 34, 1]}, {"date": "2023-08-21-20-00-00", "alternatives": [34, 1, 34, 34, 1]}, {"date": "2023-08-21-20-00-00", "alternatives": [34, 1, 34, 34, 1]}, {"date": "2023-08-21-20-00-00", "alternatives": [34, 1, 34, 34, 1]}]}, {"location": {"country_code": "gb", "region": "England", "city": "Newcastle upon Tyne"}, "game_id": "461764", "values": [{"date": "2023-08-21-17-00-00", "alternatives": [35, 85, 39, 35, 35]}, {"date": "2023-08-21-17-00-00", "alternatives": [35, 85, 39, 35, 35]}, {"date": "2023-08-21-17-00-00", "alternatives": [35, 85, 39, 35, 35]}, {"date": "2023-08-21-17-00-00", "alternatives": [35, 85, 39, 35, 35]}, {"date": "2023-08-21-17-00-00", "alternatives": [35, 85, 39, 35, 35]}, {"date": "2023-08-21-17-00-00", "alternatives": [35, 85, 39, 35, 35]}, {"date": "2023-08-21-17-00-00", "alternatives": [35, 85, 39, 35, 35]}, {"date": "2023-08-21-17-00-00", "alternatives": [35, 85, 39, 35, 35]}, {"date": "2023-08-21-17-00-00", "alternatives": [35, 85, 39, 35, 35]}, {"date": "2023-08-21-17-00-00", "alternatives": [35, 85, 39, 35, 35]}, {"date": "2023-08-21-17-00-00", "alternatives": [35, 85, 39, 35, 35]}, {"date": "2023-08-21-17-00-00", "alternatives": [35, 85, 39, 35, 35]}, {"date": "2023-08-21-17-00-00", "alternatives": [35, 85, 39, 35, 35]}]}, {"location": {"country_code": "es", "region": "Andalusia", "city": "La Linea de la Concepcion"}, "game_id": "461764", "values": [{"date": "2023-08-21-14-00-00", "alternatives": ["37", "0", "37"]}, {"date": "2023-08-21-14-00-00", "alternatives": ["37", "0", "37"]}, {"date": "2023-08-21-14-00-00", "alternatives": ["37", "0", "37"]}, {"date": "2023-08-21-14-00-00", "alternatives": ["37", "0", "37"]}]}, {"location": {"country_code": "be", "region": "Antwerp Province", "city": "Mechelen"}, "game_id": "461764", "values": [{"date": "2023-08-21-23-00-00", "alternatives": [50, 56, 58, 56, 56]}, {"date": "2023-08-21-23-00-00", "alternatives": [50, 56, 58, 56, 56]}, {"date": "2023-08-21-23-00-00", "alternatives": [50, 56, 58, 56, 56]}, {"date": "2023-08-21-23-00-00", "alternatives": [50, 56, 58, 56, 56]}, {"date": "2023-08-21-23-00-00", "alternatives": [50, 56, 58, 56, 56]}, {"date": "2023-08-21-23-00-00", "alternatives": [50, 56, 58, 56, 56]}, {"date": "2023-08-21-23-00-00", "alternatives": [50, 56, 58, 56, 56]}, {"date": "2023-08-21-23-00-00", "alternatives": [50, 56, 58, 56, 56]}, {"date": "2023-08-21-23-00-00", "alternatives": [50, 56, 58, 56, 56]}]}, {"location": {"country_code": "cz", "region": "Kralovehradecky kraj"}, "game_id": "461764", "values": [{"date": "2023-08-22-00-00-00", "alternatives": [35, 35, 35, 38]}, {"date": "2023-08-22-00-00-00", "alternatives": [35, 35, 35, 38]}, {"date": "2023-08-22-00-00-00", "alternatives": [35, 35, 35, 38]}, {"date": "2023-08-22-00-00-00", "alternatives": [35, 35, 35, 38]}, {"date": "2023-08-22-00-00-00", "alternatives": [35, 35, 35, 38]}, {"date": "2023-08-22-00-00-00", "alternatives": [35, 35, 35, 38]}, {"date": "2023-08-22-00-00-00", "alternatives": [35, 35, 35, 38]}]}], "last_updated": 1719918538.641342}