{"data": [{"location": {"country_code": "us"}, "game_id": "101342", "values": [{"date": "2023-08-25-01-00-00", "latency": 100}, {"date": "2023-08-25-01-00-00", "latency": 132}, {"date": "2023-08-25-01-00-00", "latency": 132}, {"date": "2023-08-24-03-00-00", "latency": 61}]}, {"location": {"country_code": "it"}, "game_id": "101342", "values": [{"date": "2023-08-25-00-00-00", "latency": 96}]}, {"location": {"country_code": "cl"}, "game_id": "101342", "values": [{"date": "2023-08-24-05-00-00", "latency": 132}]}, {"location": {"country_code": "au"}, "game_id": "101342", "values": [{"date": "2023-08-24-15-00-00", "latency": 100}, {"date": "2023-08-24-15-00-00", "latency": 100}, {"date": "2023-08-24-15-00-00", "latency": 100}, {"date": "2023-08-24-15-00-00", "latency": 100}, {"date": "2023-08-24-15-00-00", "latency": 100}, {"date": "2023-08-24-15-00-00", "latency": 100}, {"date": "2023-08-24-15-00-00", "latency": 100}]}, {"location": {"country_code": "au", "region": "Victoria", "city": "Melbourne"}, "game_id": "101342", "values": [{"date": "2023-08-24-16-00-00", "latency": 97}, {"date": "2023-08-24-15-00-00", "latency": 91}, {"date": "2023-08-24-15-00-00", "latency": 91}, {"date": "2023-08-24-15-00-00", "latency": 91}, {"date": "2023-08-24-15-00-00", "latency": 91}, {"date": "2023-08-24-15-00-00", "latency": 91}, {"date": "2023-08-24-15-00-00", "latency": 91}]}, {"location": {"country_code": "us", "region": "Iowa"}, "game_id": "101342", "values": [{"date": "2023-08-24-07-00-00", "latency": 83}, {"date": "2023-08-24-03-00-00", "latency": 77}]}, {"location": {"country_code": "es"}, "game_id": "101342", "values": [{"date": "2023-08-24-19-00-00", "latency": 185}]}, {"location": {"country_code": "us", "region": "Hawaii"}, "game_id": "101342", "values": [{"date": "2023-08-24-10-00-00", "latency": 184}, {"date": "2023-08-24-10-00-00", "latency": 184}]}, {"location": {"country_code": "de", "region": "Free and Hanseatic City of Hamburg", "city": "Hamburg"}, "game_id": "101342", "values": [{"date": "2023-08-24-05-00-00", "latency": 77}, {"date": "2023-08-24-05-00-00", "latency": 77}, {"date": "2023-08-24-05-00-00", "latency": 77}, {"date": "2023-08-24-05-00-00", "latency": 77}, {"date": "2023-08-24-05-00-00", "latency": 77}, {"date": "2023-08-24-05-00-00", "latency": 77}, {"date": "2023-08-24-05-00-00", "latency": 77}, {"date": "2023-08-24-05-00-00", "latency": 77}, {"date": "2023-08-24-05-00-00", "latency": 77}, {"date": "2023-08-24-05-00-00", "latency": 77}, {"date": "2023-08-24-05-00-00", "latency": 77}]}, {"location": {"country_code": "ru", "region": "Moscow", "city": "Zelenograd"}, "game_id": "101342", "values": [{"date": "2023-08-24-19-00-00", "latency": 123}, {"date": "2023-08-24-19-00-00", "latency": 123}, {"date": "2023-08-24-19-00-00", "latency": 123}, {"date": "2023-08-24-19-00-00", "latency": 123}, {"date": "2023-08-24-19-00-00", "latency": 123}]}, {"location": {"country_code": "us", "region": "Michigan"}, "game_id": "101342", "values": [{"date": "2023-08-24-04-00-00", "latency": 87}]}, {"location": {"country_code": "hu"}, "game_id": "101342", "values": [{"date": "2023-08-25-01-00-00", "latency": 104}, {"date": "2023-08-25-01-00-00", "latency": 104}, {"date": "2023-08-25-01-00-00", "latency": 104}, {"date": "2023-08-25-01-00-00", "latency": 104}, {"date": "2023-08-25-01-00-00", "latency": 104}, {"date": "2023-08-25-01-00-00", "latency": 104}, {"date": "2023-08-25-01-00-00", "latency": 104}, {"date": "2023-08-25-01-00-00", "latency": 104}, {"date": "2023-08-25-01-00-00", "latency": 104}, {"date": "2023-08-25-01-00-00", "latency": 104}, {"date": "2023-08-25-01-00-00", "latency": 104}, {"date": "2023-08-25-01-00-00", "latency": 104}, {"date": "2023-08-25-01-00-00", "latency": 104}]}, {"location": {"country_code": "us", "region": "Arizona"}, "game_id": "101342", "values": [{"date": "2023-08-24-04-00-00", "latency": 102}]}, {"location": {"country_code": "pl"}, "game_id": "101342", "values": [{"date": "2023-08-24-20-00-00", "latency": 124}, {"date": "2023-08-24-20-00-00", "latency": 124}]}, {"location": {"country_code": "us", "region": "North Carolina"}, "game_id": "101342", "values": [{"date": "2023-08-25-02-00-00", "latency": 102}]}, {"location": {"country_code": "my"}, "game_id": "101342", "values": [{"date": "2023-08-24-07-00-00", "latency": 341}, {"date": "2023-08-24-07-00-00", "latency": 341}, {"date": "2023-08-24-07-00-00", "latency": 341}, {"date": "2023-08-24-07-00-00", "latency": 341}, {"date": "2023-08-24-07-00-00", "latency": 341}, {"date": "2023-08-24-07-00-00", "latency": 341}, {"date": "2023-08-24-07-00-00", "latency": 341}, {"date": "2023-08-24-07-00-00", "latency": 341}, {"date": "2023-08-24-07-00-00", "latency": 341}, {"date": "2023-08-24-07-00-00", "latency": 341}, {"date": "2023-08-24-07-00-00", "latency": 341}, {"date": "2023-08-24-07-00-00", "latency": 341}, {"date": "2023-08-24-07-00-00", "latency": 341}, {"date": "2023-08-24-07-00-00", "latency": 341}, {"date": "2023-08-24-07-00-00", "latency": 341}, {"date": "2023-08-24-07-00-00", "latency": 341}, {"date": "2023-08-24-07-00-00", "latency": 341}, {"date": "2023-08-24-07-00-00", "latency": 341}, {"date": "2023-08-24-07-00-00", "latency": 341}, {"date": "2023-08-24-07-00-00", "latency": 341}, {"date": "2023-08-24-07-00-00", "latency": 341}, {"date": "2023-08-24-07-00-00", "latency": 341}, {"date": "2023-08-24-07-00-00", "latency": 341}, {"date": "2023-08-24-07-00-00", "latency": 341}, {"date": "2023-08-24-07-00-00", "latency": 341}, {"date": "2023-08-24-07-00-00", "latency": 341}, {"date": "2023-08-24-07-00-00", "latency": 341}, {"date": "2023-08-24-07-00-00", "latency": 341}, {"date": "2023-08-24-07-00-00", "latency": 341}, {"date": "2023-08-24-07-00-00", "latency": 341}, {"date": "2023-08-24-07-00-00", "latency": 341}, {"date": "2023-08-24-07-00-00", "latency": 341}]}, {"location": {"country_code": "us", "region": "Kentucky"}, "game_id": "101342", "values": [{"date": "2023-08-24-19-00-00", "latency": 104}]}, {"location": {"country_code": "us", "region": "Georgia", "city": "Atlanta"}, "game_id": "101342", "values": [{"date": "2023-08-24-20-00-00", "latency": 89}]}, {"location": {"country_code": "gb", "region": "England", "city": "Salford"}, "game_id": "101342", "values": [{"date": "2023-08-24-19-00-00", "latency": 124}, {"date": "2023-08-24-19-00-00", "latency": 124}]}, {"location": {"country_code": "us", "region": "Washington", "city": "Seattle"}, "game_id": "101342", "values": [{"date": "2023-08-24-05-00-00", "latency": 108}, {"date": "2023-08-24-05-00-00", "latency": 108}]}, {"location": {"country_code": "gb", "region": "England", "city": "Plymouth"}, "game_id": "101342", "values": [{"date": "2023-08-24-14-00-00", "latency": 328}, {"date": "2023-08-24-14-00-00", "latency": 328}, {"date": "2023-08-24-14-00-00", "latency": 328}, {"date": "2023-08-24-14-00-00", "latency": 328}, {"date": "2023-08-24-14-00-00", "latency": 328}, {"date": "2023-08-24-14-00-00", "latency": 328}, {"date": "2023-08-24-14-00-00", "latency": 328}, {"date": "2023-08-24-14-00-00", "latency": 328}, {"date": "2023-08-24-14-00-00", "latency": 328}, {"date": "2023-08-24-14-00-00", "latency": 328}, {"date": "2023-08-24-14-00-00", "latency": 328}, {"date": "2023-08-24-14-00-00", "latency": 328}, {"date": "2023-08-24-14-00-00", "latency": 328}, {"date": "2023-08-24-14-00-00", "latency": 328}, {"date": "2023-08-24-14-00-00", "latency": 328}, {"date": "2023-08-24-14-00-00", "latency": 328}, {"date": "2023-08-24-14-00-00", "latency": 328}]}, {"location": {"country_code": "tr", "region": "Ic Anadolu Bolgesi"}, "game_id": "101342", "values": [{"date": "2023-08-24-23-00-00", "latency": 199}]}], "last_updated": 1719927603.013197}