{"data": [{"location": {"country_code": "us"}, "game_id": "747108", "values": [{"date": "2023-12-14-00-00-00", "latency": "31"}, {"date": "2023-12-14-00-00-00", "latency": "31"}, {"date": "2023-12-14-00-00-00", "latency": "31"}, {"date": "2023-12-14-00-00-00", "latency": "31"}, {"date": "2023-12-14-00-00-00", "latency": "31"}, {"date": "2023-12-14-00-00-00", "latency": "31"}, {"date": "2023-12-14-00-00-00", "latency": "31"}, {"date": "2023-12-14-00-00-00", "latency": "31"}, {"date": "2023-12-14-00-00-00", "latency": "31"}, {"date": "2023-12-14-00-00-00", "latency": "31"}, {"date": "2023-12-14-00-00-00", "latency": "31"}, {"date": "2023-12-14-00-00-00", "latency": "31"}, {"date": "2023-12-14-00-00-00", "latency": "31"}, {"date": "2023-12-14-00-00-00", "latency": "31"}, {"date": "2023-12-14-00-00-00", "latency": "31"}, {"date": "2023-12-14-00-00-00", "latency": "31"}, {"date": "2023-12-14-00-00-00", "latency": "31"}, {"date": "2023-12-14-00-00-00", "latency": "31"}, {"date": "2023-12-14-00-00-00", "latency": "31"}, {"date": "2023-12-14-00-00-00", "latency": "31"}, {"date": "2023-12-14-00-00-00", "latency": "31"}, {"date": "2023-12-14-00-00-00", "latency": "31"}, {"date": "2023-12-14-00-00-00", "latency": "31"}, {"date": "2023-12-14-00-00-00", "latency": "31"}, {"date": "2023-12-14-00-00-00", "latency": "31"}, {"date": "2023-12-14-00-00-00", "latency": "31"}, {"date": "2023-12-14-00-00-00", "latency": "31"}, {"date": "2023-12-14-00-00-00", "latency": "31"}, {"date": "2023-12-13-12-00-00", "latency": "16"}, {"date": "2023-12-13-12-00-00", "latency": "16"}, {"date": "2023-12-13-12-00-00", "latency": "16"}, {"date": "2023-12-13-12-00-00", "latency": "16"}, {"date": "2023-12-13-12-00-00", "latency": "16"}, {"date": "2023-12-13-12-00-00", "latency": "16"}, {"date": "2023-12-13-12-00-00", "latency": "16"}, {"date": "2023-12-13-12-00-00", "latency": "16"}, {"date": "2023-12-13-12-00-00", "latency": "16"}, {"date": "2023-12-13-12-00-00", "latency": "16"}, {"date": "2023-12-13-12-00-00", "latency": "16"}, {"date": "2023-12-13-12-00-00", "latency": "16"}, {"date": "2023-12-13-12-00-00", "latency": "16"}, {"date": "2023-12-13-12-00-00", "latency": "16"}, {"date": "2023-12-13-12-00-00", "latency": "16"}, {"date": "2023-12-13-12-00-00", "latency": "16"}, {"date": "2023-12-13-12-00-00", "latency": "16"}, {"date": "2023-12-13-12-00-00", "latency": "16"}, {"date": "2023-12-13-12-00-00", "latency": "16"}, {"date": "2023-12-13-12-00-00", "latency": "16"}, {"date": "2023-12-13-12-00-00", "latency": "16"}, {"date": "2023-12-13-12-00-00", "latency": "16"}, {"date": "2023-12-13-12-00-00", "latency": "16"}, {"date": "2023-12-13-12-00-00", "latency": "16"}, {"date": "2023-12-13-12-00-00", "latency": "16"}, {"date": "2023-12-13-12-00-00", "latency": "16"}, {"date": "2023-12-13-12-00-00", "latency": "16"}, {"date": "2023-12-13-12-00-00", "latency": "16"}, {"date": "2023-12-14-01-00-00", "latency": "94"}, {"date": "2023-12-13-06-00-00", "latency": "78"}, {"date": "2023-12-13-06-00-00", "latency": "78"}, {"date": "2023-12-13-06-00-00", "latency": "78"}, {"date": "2023-12-13-06-00-00", "latency": "78"}, {"date": "2023-12-13-06-00-00", "latency": "78"}, {"date": "2023-12-13-06-00-00", "latency": "78"}, {"date": "2023-12-13-06-00-00", "latency": "78"}, {"date": "2023-12-13-02-00-00", "latency": "31"}, {"date": "2023-12-13-02-00-00", "latency": "31"}, {"date": "2023-12-13-02-00-00", "latency": "31"}, {"date": "2023-12-13-02-00-00", "latency": "31"}, {"date": "2023-12-13-02-00-00", "latency": "31"}, {"date": "2023-12-13-02-00-00", "latency": "31"}, {"date": "2023-12-13-02-00-00", "latency": "31"}, {"date": "2023-12-13-02-00-00", "latency": "31"}, {"date": "2023-12-13-02-00-00", "latency": "31"}, {"date": "2023-12-13-02-00-00", "latency": "31"}, {"date": "2023-12-13-02-00-00", "latency": "31"}, {"date": "2023-12-13-17-00-00", "latency": "32"}, {"date": "2023-12-13-17-00-00", "latency": "32"}, {"date": "2023-12-13-17-00-00", "latency": "32"}, {"date": "2023-12-13-17-00-00", "latency": "32"}, {"date": "2023-12-13-17-00-00", "latency": "32"}, {"date": "2023-12-13-17-00-00", "latency": "32"}]}, {"location": {"country_code": "gb"}, "game_id": "747108", "values": [{"date": "2023-12-14-00-00-00", "latency": "31"}, {"date": "2023-12-14-00-00-00", "latency": "31"}, {"date": "2023-12-14-00-00-00", "latency": "31"}, {"date": "2023-12-14-00-00-00", "latency": "31"}, {"date": "2023-12-14-00-00-00", "latency": "31"}, {"date": "2023-12-14-00-00-00", "latency": "31"}, {"date": "2023-12-14-00-00-00", "latency": "31"}, {"date": "2023-12-14-00-00-00", "latency": "31"}, {"date": "2023-12-14-00-00-00", "latency": "31"}]}, {"location": {"country_code": "pa"}, "game_id": "747108", "values": [{"date": "2023-12-13-04-00-00", "latency": "110"}, {"date": "2023-12-13-04-00-00", "latency": "110"}, {"date": "2023-12-13-04-00-00", "latency": "110"}, {"date": "2023-12-13-04-00-00", "latency": "110"}, {"date": "2023-12-13-04-00-00", "latency": "110"}, {"date": "2023-12-13-04-00-00", "latency": "110"}, {"date": "2023-12-13-04-00-00", "latency": "110"}, {"date": "2023-12-13-04-00-00", "latency": "110"}, {"date": "2023-12-13-04-00-00", "latency": "110"}, {"date": "2023-12-13-04-00-00", "latency": "110"}, {"date": "2023-12-13-04-00-00", "latency": "110"}]}, {"location": {"country_code": "ro"}, "game_id": "747108", "values": [{"date": "2023-12-13-18-00-00", "latency": "16"}, {"date": "2023-12-13-18-00-00", "latency": "16"}, {"date": "2023-12-13-18-00-00", "latency": "16"}, {"date": "2023-12-13-18-00-00", "latency": "16"}, {"date": "2023-12-13-18-00-00", "latency": "16"}, {"date": "2023-12-13-18-00-00", "latency": "16"}, {"date": "2023-12-13-18-00-00", "latency": "16"}, {"date": "2023-12-13-18-00-00", "latency": "16"}, {"date": "2023-12-13-18-00-00", "latency": "16"}, {"date": "2023-12-13-18-00-00", "latency": "16"}, {"date": "2023-12-13-22-00-00", "latency": "31"}]}, {"location": {"country_code": "ca"}, "game_id": "747108", "values": [{"date": "2023-12-13-18-00-00", "latency": "7"}, {"date": "2023-12-13-18-00-00", "latency": "7"}, {"date": "2023-12-13-18-00-00", "latency": "7"}, {"date": "2023-12-13-18-00-00", "latency": "7"}, {"date": "2023-12-13-18-00-00", "latency": "7"}, {"date": "2023-12-13-18-00-00", "latency": "7"}, {"date": "2023-12-13-18-00-00", "latency": "7"}, {"date": "2023-12-13-18-00-00", "latency": "7"}, {"date": "2023-12-13-18-00-00", "latency": "7"}, {"date": "2023-12-13-18-00-00", "latency": "7"}, {"date": "2023-12-13-18-00-00", "latency": "7"}, {"date": "2023-12-13-18-00-00", "latency": "7"}, {"date": "2023-12-13-18-00-00", "latency": "7"}, {"date": "2023-12-13-18-00-00", "latency": "7"}, {"date": "2023-12-13-18-00-00", "latency": "7"}, {"date": "2023-12-13-18-00-00", "latency": "7"}, {"date": "2023-12-13-18-00-00", "latency": "7"}, {"date": "2023-12-13-18-00-00", "latency": "7"}]}, {"location": {"country_code": "ca", "region": "Ontario"}, "game_id": "747108", "values": [{"date": "2023-12-13-04-00-00", "latency": "3"}, {"date": "2023-12-13-04-00-00", "latency": "3"}, {"date": "2023-12-13-04-00-00", "latency": "3"}, {"date": "2023-12-13-04-00-00", "latency": "3"}, {"date": "2023-12-13-04-00-00", "latency": "3"}, {"date": "2023-12-13-04-00-00", "latency": "3"}, {"date": "2023-12-13-04-00-00", "latency": "3"}, {"date": "2023-12-13-04-00-00", "latency": "3"}, {"date": "2023-12-13-04-00-00", "latency": "3"}, {"date": "2023-12-13-04-00-00", "latency": "3"}, {"date": "2023-12-13-04-00-00", "latency": "3"}, {"date": "2023-12-13-04-00-00", "latency": "3"}, {"date": "2023-12-13-04-00-00", "latency": "3"}, {"date": "2023-12-13-04-00-00", "latency": "3"}, {"date": "2023-12-13-04-00-00", "latency": "3"}, {"date": "2023-12-13-04-00-00", "latency": "3"}, {"date": "2023-12-13-04-00-00", "latency": "3"}, {"date": "2023-12-13-04-00-00", "latency": "3"}, {"date": "2023-12-13-04-00-00", "latency": "3"}, {"date": "2023-12-13-04-00-00", "latency": "3"}, {"date": "2023-12-13-04-00-00", "latency": "3"}, {"date": "2023-12-13-04-00-00", "latency": "3"}, {"date": "2023-12-13-04-00-00", "latency": "3"}, {"date": "2023-12-13-04-00-00", "latency": "3"}, {"date": "2023-12-13-04-00-00", "latency": "3"}, {"date": "2023-12-13-04-00-00", "latency": "3"}, {"date": "2023-12-13-04-00-00", "latency": "3"}, {"date": "2023-12-13-04-00-00", "latency": "3"}, {"date": "2023-12-13-04-00-00", "latency": "3"}]}, {"location": {"country_code": "gb", "region": "England"}, "game_id": "747108", "values": [{"date": "2023-12-13-16-00-00", "latency": "1234"}]}, {"location": {"country_code": "cl"}, "game_id": "747108", "values": [{"date": "2023-12-13-07-00-00", "latency": "18"}, {"date": "2023-12-13-07-00-00", "latency": "18"}, {"date": "2023-12-13-07-00-00", "latency": "18"}]}, {"location": {"country_code": "us", "region": "Florida"}, "game_id": "747108", "values": [{"date": "2023-12-14-00-00-00", "latency": "156"}, {"date": "2023-12-14-00-00-00", "latency": "156"}, {"date": "2023-12-14-00-00-00", "latency": "156"}, {"date": "2023-12-14-00-00-00", "latency": "156"}, {"date": "2023-12-14-00-00-00", "latency": "156"}, {"date": "2023-12-14-00-00-00", "latency": "156"}, {"date": "2023-12-14-00-00-00", "latency": "156"}, {"date": "2023-12-14-00-00-00", "latency": "156"}, {"date": "2023-12-14-00-00-00", "latency": "156"}, {"date": "2023-12-14-00-00-00", "latency": "156"}, {"date": "2023-12-14-00-00-00", "latency": "156"}, {"date": "2023-12-14-00-00-00", "latency": "156"}, {"date": "2023-12-14-00-00-00", "latency": "156"}, {"date": "2023-12-14-00-00-00", "latency": "156"}, {"date": "2023-12-14-00-00-00", "latency": "156"}, {"date": "2023-12-14-00-00-00", "latency": "156"}, {"date": "2023-12-14-00-00-00", "latency": "156"}, {"date": "2023-12-14-00-00-00", "latency": "156"}, {"date": "2023-12-14-00-00-00", "latency": "156"}, {"date": "2023-12-14-00-00-00", "latency": "156"}, {"date": "2023-12-14-00-00-00", "latency": "156"}, {"date": "2023-12-14-00-00-00", "latency": "156"}, {"date": "2023-12-14-00-00-00", "latency": "156"}, {"date": "2023-12-14-00-00-00", "latency": "156"}, {"date": "2023-12-14-00-00-00", "latency": "156"}, {"date": "2023-12-14-00-00-00", "latency": "156"}, {"date": "2023-12-14-00-00-00", "latency": "156"}, {"date": "2023-12-14-00-00-00", "latency": "156"}, {"date": "2023-12-14-00-00-00", "latency": "156"}, {"date": "2023-12-14-00-00-00", "latency": "156"}, {"date": "2023-12-14-00-00-00", "latency": "156"}, {"date": "2023-12-14-00-00-00", "latency": "156"}, {"date": "2023-12-14-00-00-00", "latency": "156"}, {"date": "2023-12-14-00-00-00", "latency": "156"}, {"date": "2023-12-14-00-00-00", "latency": "156"}, {"date": "2023-12-14-00-00-00", "latency": "156"}, {"date": "2023-12-14-00-00-00", "latency": "156"}, {"date": "2023-12-14-00-00-00", "latency": "156"}, {"date": "2023-12-14-00-00-00", "latency": "156"}, {"date": "2023-12-14-00-00-00", "latency": "156"}, {"date": "2023-12-14-00-00-00", "latency": "156"}, {"date": "2023-12-14-00-00-00", "latency": "156"}, {"date": "2023-12-14-00-00-00", "latency": "156"}, {"date": "2023-12-14-00-00-00", "latency": "156"}, {"date": "2023-12-14-01-00-00", "latency": "32"}, {"date": "2023-12-14-01-00-00", "latency": "32"}, {"date": "2023-12-14-01-00-00", "latency": "32"}, {"date": "2023-12-14-01-00-00", "latency": "32"}, {"date": "2023-12-14-01-00-00", "latency": "32"}, {"date": "2023-12-14-01-00-00", "latency": "32"}, {"date": "2023-12-14-01-00-00", "latency": "32"}]}, {"location": {"country_code": "ph"}, "game_id": "747108", "values": [{"date": "2023-12-13-22-00-00", "latency": "20"}, {"date": "2023-12-13-22-00-00", "latency": "20"}, {"date": "2023-12-13-22-00-00", "latency": "20"}, {"date": "2023-12-13-22-00-00", "latency": "20"}, {"date": "2023-12-13-22-00-00", "latency": "20"}]}, {"location": {"country_code": "mx"}, "game_id": "747108", "values": [{"date": "2023-12-13-04-00-00", "latency": "93"}, {"date": "2023-12-13-04-00-00", "latency": "93"}, {"date": "2023-12-13-04-00-00", "latency": "93"}, {"date": "2023-12-13-04-00-00", "latency": "93"}, {"date": "2023-12-13-04-00-00", "latency": "93"}, {"date": "2023-12-13-04-00-00", "latency": "93"}, {"date": "2023-12-13-04-00-00", "latency": "93"}, {"date": "2023-12-13-04-00-00", "latency": "93"}, {"date": "2023-12-13-04-00-00", "latency": "93"}, {"date": "2023-12-13-04-00-00", "latency": "93"}, {"date": "2023-12-13-04-00-00", "latency": "93"}, {"date": "2023-12-13-04-00-00", "latency": "93"}, {"date": "2023-12-13-04-00-00", "latency": "93"}, {"date": "2023-12-13-04-00-00", "latency": "93"}, {"date": "2023-12-13-04-00-00", "latency": "93"}, {"date": "2023-12-13-04-00-00", "latency": "93"}, {"date": "2023-12-13-04-00-00", "latency": "93"}, {"date": "2023-12-13-04-00-00", "latency": "93"}, {"date": "2023-12-13-04-00-00", "latency": "93"}, {"date": "2023-12-13-04-00-00", "latency": "93"}, {"date": "2023-12-13-04-00-00", "latency": "93"}, {"date": "2023-12-13-04-00-00", "latency": "93"}, {"date": "2023-12-13-04-00-00", "latency": "93"}, {"date": "2023-12-13-04-00-00", "latency": "93"}, {"date": "2023-12-13-04-00-00", "latency": "93"}, {"date": "2023-12-13-04-00-00", "latency": "93"}, {"date": "2023-12-13-04-00-00", "latency": "93"}, {"date": "2023-12-13-04-00-00", "latency": "93"}, {"date": "2023-12-13-04-00-00", "latency": "93"}, {"date": "2023-12-13-04-00-00", "latency": "93"}, {"date": "2023-12-13-04-00-00", "latency": "93"}, {"date": "2023-12-13-04-00-00", "latency": "93"}, {"date": "2023-12-13-04-00-00", "latency": "93"}, {"date": "2023-12-13-04-00-00", "latency": "93"}, {"date": "2023-12-14-00-00-00", "latency": "9"}, {"date": "2023-12-14-00-00-00", "latency": "9"}, {"date": "2023-12-14-00-00-00", "latency": "9"}, {"date": "2023-12-14-00-00-00", "latency": "9"}, {"date": "2023-12-14-00-00-00", "latency": "9"}]}, {"location": {"country_code": "br"}, "game_id": "747108", "values": [{"date": "2023-12-13-19-00-00", "latency": "16"}, {"date": "2023-12-13-19-00-00", "latency": "16"}, {"date": "2023-12-13-19-00-00", "latency": "16"}, {"date": "2023-12-13-19-00-00", "latency": "16"}, {"date": "2023-12-13-19-00-00", "latency": "16"}, {"date": "2023-12-13-19-00-00", "latency": "16"}, {"date": "2023-12-13-19-00-00", "latency": "16"}, {"date": "2023-12-13-19-00-00", "latency": "16"}, {"date": "2023-12-13-19-00-00", "latency": "16"}, {"date": "2023-12-13-19-00-00", "latency": "16"}, {"date": "2023-12-13-19-00-00", "latency": "16"}, {"date": "2023-12-13-19-00-00", "latency": "16"}, {"date": "2023-12-13-19-00-00", "latency": "16"}, {"date": "2023-12-13-19-00-00", "latency": "16"}, {"date": "2023-12-13-19-00-00", "latency": "16"}, {"date": "2023-12-13-19-00-00", "latency": "16"}, {"date": "2023-12-13-19-00-00", "latency": "16"}, {"date": "2023-12-13-19-00-00", "latency": "16"}, {"date": "2023-12-13-19-00-00", "latency": "16"}, {"date": "2023-12-13-19-00-00", "latency": "16"}, {"date": "2023-12-13-19-00-00", "latency": "16"}, {"date": "2023-12-13-19-00-00", "latency": "16"}, {"date": "2023-12-13-19-00-00", "latency": "16"}, {"date": "2023-12-13-19-00-00", "latency": "16"}, {"date": "2023-12-13-19-00-00", "latency": "16"}, {"date": "2023-12-13-19-00-00", "latency": "16"}, {"date": "2023-12-13-19-00-00", "latency": "16"}, {"date": "2023-12-13-19-00-00", "latency": "16"}, {"date": "2023-12-13-19-00-00", "latency": "16"}, {"date": "2023-12-13-19-00-00", "latency": "16"}, {"date": "2023-12-13-19-00-00", "latency": "16"}, {"date": "2023-12-13-19-00-00", "latency": "16"}, {"date": "2023-12-14-01-00-00", "latency": "31"}, {"date": "2023-12-14-01-00-00", "latency": "31"}, {"date": "2023-12-14-01-00-00", "latency": "31"}, {"date": "2023-12-14-01-00-00", "latency": "31"}, {"date": "2023-12-14-01-00-00", "latency": "31"}, {"date": "2023-12-14-01-00-00", "latency": "31"}, {"date": "2023-12-14-01-00-00", "latency": "31"}, {"date": "2023-12-14-01-00-00", "latency": "31"}, {"date": "2023-12-14-01-00-00", "latency": "31"}, {"date": "2023-12-14-01-00-00", "latency": "31"}, {"date": "2023-12-14-01-00-00", "latency": "31"}, {"date": "2023-12-14-01-00-00", "latency": "31"}, {"date": "2023-12-14-01-00-00", "latency": "31"}, {"date": "2023-12-14-01-00-00", "latency": "31"}, {"date": "2023-12-14-01-00-00", "latency": "31"}]}, {"location": {"country_code": "br", "region": "Sao Paulo", "city": "Apiai"}, "game_id": "747108", "values": [{"date": "2023-12-14-01-00-00", "latency": "15"}, {"date": "2023-12-14-01-00-00", "latency": "15"}]}, {"location": {"country_code": "se"}, "game_id": "747108", "values": [{"date": "2023-12-13-18-00-00", "latency": "16"}, {"date": "2023-12-13-18-00-00", "latency": "16"}, {"date": "2023-12-13-18-00-00", "latency": "16"}, {"date": "2023-12-13-18-00-00", "latency": "16"}, {"date": "2023-12-13-18-00-00", "latency": "16"}, {"date": "2023-12-13-18-00-00", "latency": "16"}, {"date": "2023-12-13-18-00-00", "latency": "16"}, {"date": "2023-12-13-18-00-00", "latency": "16"}, {"date": "2023-12-13-18-00-00", "latency": "16"}, {"date": "2023-12-13-18-00-00", "latency": "16"}, {"date": "2023-12-13-18-00-00", "latency": "16"}, {"date": "2023-12-13-18-00-00", "latency": "16"}, {"date": "2023-12-13-18-00-00", "latency": "16"}, {"date": "2023-12-13-18-00-00", "latency": "16"}, {"date": "2023-12-13-18-00-00", "latency": "16"}, {"date": "2023-12-13-18-00-00", "latency": "16"}, {"date": "2023-12-13-18-00-00", "latency": "16"}, {"date": "2023-12-13-18-00-00", "latency": "16"}, {"date": "2023-12-13-18-00-00", "latency": "16"}, {"date": "2023-12-13-18-00-00", "latency": "16"}, {"date": "2023-12-13-18-00-00", "latency": "16"}, {"date": "2023-12-13-18-00-00", "latency": "16"}, {"date": "2023-12-13-18-00-00", "latency": "16"}, {"date": "2023-12-13-18-00-00", "latency": "16"}, {"date": "2023-12-13-18-00-00", "latency": "16"}, {"date": "2023-12-13-18-00-00", "latency": "16"}, {"date": "2023-12-13-18-00-00", "latency": "16"}, {"date": "2023-12-13-18-00-00", "latency": "16"}]}, {"location": {"country_code": "tr"}, "game_id": "747108", "values": [{"date": "2023-12-13-18-00-00", "latency": "63"}, {"date": "2023-12-13-18-00-00", "latency": "63"}, {"date": "2023-12-13-18-00-00", "latency": "63"}, {"date": "2023-12-13-18-00-00", "latency": "63"}, {"date": "2023-12-13-18-00-00", "latency": "63"}, {"date": "2023-12-13-18-00-00", "latency": "63"}, {"date": "2023-12-13-18-00-00", "latency": "63"}, {"date": "2023-12-13-18-00-00", "latency": "63"}, {"date": "2023-12-13-18-00-00", "latency": "63"}, {"date": "2023-12-13-18-00-00", "latency": "63"}, {"date": "2023-12-13-18-00-00", "latency": "63"}, {"date": "2023-12-13-18-00-00", "latency": "63"}, {"date": "2023-12-13-18-00-00", "latency": "63"}, {"date": "2023-12-13-18-00-00", "latency": "63"}, {"date": "2023-12-13-18-00-00", "latency": "63"}, {"date": "2023-12-13-18-00-00", "latency": "63"}, {"date": "2023-12-13-18-00-00", "latency": "63"}, {"date": "2023-12-13-18-00-00", "latency": "63"}, {"date": "2023-12-13-18-00-00", "latency": "63"}, {"date": "2023-12-13-18-00-00", "latency": "63"}, {"date": "2023-12-13-18-00-00", "latency": "63"}, {"date": "2023-12-13-18-00-00", "latency": "63"}, {"date": "2023-12-13-18-00-00", "latency": "63"}, {"date": "2023-12-13-18-00-00", "latency": "63"}, {"date": "2023-12-13-18-00-00", "latency": "63"}, {"date": "2023-12-13-18-00-00", "latency": "63"}, {"date": "2023-12-13-18-00-00", "latency": "63"}, {"date": "2023-12-13-18-00-00", "latency": "63"}]}, {"location": {"country_code": "kr"}, "game_id": "747108", "values": [{"date": "2023-12-13-12-00-00", "latency": "16"}, {"date": "2023-12-13-12-00-00", "latency": "16"}, {"date": "2023-12-13-12-00-00", "latency": "16"}, {"date": "2023-12-13-12-00-00", "latency": "16"}, {"date": "2023-12-13-12-00-00", "latency": "16"}, {"date": "2023-12-14-01-00-00", "latency": "3"}, {"date": "2023-12-14-01-00-00", "latency": "3"}, {"date": "2023-12-14-01-00-00", "latency": "3"}, {"date": "2023-12-14-01-00-00", "latency": "3"}, {"date": "2023-12-14-01-00-00", "latency": "3"}, {"date": "2023-12-14-01-00-00", "latency": "3"}, {"date": "2023-12-14-01-00-00", "latency": "3"}, {"date": "2023-12-14-01-00-00", "latency": "3"}, {"date": "2023-12-14-01-00-00", "latency": "3"}, {"date": "2023-12-14-01-00-00", "latency": "3"}, {"date": "2023-12-14-01-00-00", "latency": "3"}, {"date": "2023-12-14-01-00-00", "latency": "3"}, {"date": "2023-12-14-01-00-00", "latency": "3"}, {"date": "2023-12-14-01-00-00", "latency": "3"}, {"date": "2023-12-14-01-00-00", "latency": "3"}, {"date": "2023-12-14-01-00-00", "latency": "3"}, {"date": "2023-12-14-01-00-00", "latency": "3"}, {"date": "2023-12-14-01-00-00", "latency": "3"}, {"date": "2023-12-14-01-00-00", "latency": "3"}, {"date": "2023-12-14-01-00-00", "latency": "3"}, {"date": "2023-12-14-01-00-00", "latency": "3"}, {"date": "2023-12-14-01-00-00", "latency": "3"}, {"date": "2023-12-14-01-00-00", "latency": "3"}, {"date": "2023-12-14-01-00-00", "latency": "3"}, {"date": "2023-12-14-01-00-00", "latency": "3"}, {"date": "2023-12-14-01-00-00", "latency": "3"}, {"date": "2023-12-14-01-00-00", "latency": "3"}, {"date": "2023-12-14-01-00-00", "latency": "3"}, {"date": "2023-12-14-01-00-00", "latency": "3"}, {"date": "2023-12-14-01-00-00", "latency": "3"}, {"date": "2023-12-14-01-00-00", "latency": "3"}, {"date": "2023-12-13-05-00-00", "latency": "16"}, {"date": "2023-12-13-05-00-00", "latency": "16"}, {"date": "2023-12-13-05-00-00", "latency": "16"}, {"date": "2023-12-13-05-00-00", "latency": "16"}, {"date": "2023-12-13-05-00-00", "latency": "16"}, {"date": "2023-12-13-05-00-00", "latency": "16"}, {"date": "2023-12-13-05-00-00", "latency": "16"}, {"date": "2023-12-13-05-00-00", "latency": "16"}]}, {"location": {"country_code": "ar"}, "game_id": "747108", "values": [{"date": "2023-12-14-01-00-00", "latency": "47"}, {"date": "2023-12-14-01-00-00", "latency": "47"}, {"date": "2023-12-14-01-00-00", "latency": "47"}, {"date": "2023-12-14-01-00-00", "latency": "47"}, {"date": "2023-12-14-01-00-00", "latency": "47"}, {"date": "2023-12-14-01-00-00", "latency": "47"}, {"date": "2023-12-14-01-00-00", "latency": "47"}, {"date": "2023-12-14-01-00-00", "latency": "47"}, {"date": "2023-12-14-01-00-00", "latency": "47"}, {"date": "2023-12-14-01-00-00", "latency": "47"}, {"date": "2023-12-14-01-00-00", "latency": "47"}, {"date": "2023-12-14-01-00-00", "latency": "47"}, {"date": "2023-12-14-01-00-00", "latency": "47"}, {"date": "2023-12-14-01-00-00", "latency": "47"}, {"date": "2023-12-14-01-00-00", "latency": "47"}, {"date": "2023-12-14-01-00-00", "latency": "47"}, {"date": "2023-12-14-01-00-00", "latency": "47"}, {"date": "2023-12-14-01-00-00", "latency": "47"}, {"date": "2023-12-14-01-00-00", "latency": "47"}, {"date": "2023-12-14-01-00-00", "latency": "47"}, {"date": "2023-12-14-01-00-00", "latency": "47"}, {"date": "2023-12-14-01-00-00", "latency": "47"}, {"date": "2023-12-14-01-00-00", "latency": "47"}, {"date": "2023-12-14-01-00-00", "latency": "47"}, {"date": "2023-12-14-01-00-00", "latency": "47"}, {"date": "2023-12-14-01-00-00", "latency": "47"}, {"date": "2023-12-14-01-00-00", "latency": "47"}, {"date": "2023-12-14-01-00-00", "latency": "47"}, {"date": "2023-12-14-01-00-00", "latency": "47"}, {"date": "2023-12-14-01-00-00", "latency": "47"}, {"date": "2023-12-14-01-00-00", "latency": "47"}, {"date": "2023-12-14-01-00-00", "latency": "47"}, {"date": "2023-12-14-01-00-00", "latency": "47"}, {"date": "2023-12-14-01-00-00", "latency": "47"}, {"date": "2023-12-14-01-00-00", "latency": "47"}, {"date": "2023-12-14-01-00-00", "latency": "47"}, {"date": "2023-12-14-01-00-00", "latency": "47"}, {"date": "2023-12-14-01-00-00", "latency": "47"}, {"date": "2023-12-14-01-00-00", "latency": "47"}, {"date": "2023-12-14-01-00-00", "latency": "47"}, {"date": "2023-12-14-01-00-00", "latency": "47"}, {"date": "2023-12-14-01-00-00", "latency": "47"}, {"date": "2023-12-14-01-00-00", "latency": "47"}, {"date": "2023-12-14-01-00-00", "latency": "47"}, {"date": "2023-12-14-01-00-00", "latency": "47"}, {"date": "2023-12-14-01-00-00", "latency": "47"}, {"date": "2023-12-14-01-00-00", "latency": "47"}, {"date": "2023-12-14-01-00-00", "latency": "47"}, {"date": "2023-12-14-01-00-00", "latency": "47"}, {"date": "2023-12-14-01-00-00", "latency": "47"}, {"date": "2023-12-14-01-00-00", "latency": "47"}, {"date": "2023-12-14-01-00-00", "latency": "47"}, {"date": "2023-12-14-01-00-00", "latency": "47"}, {"date": "2023-12-14-01-00-00", "latency": "47"}, {"date": "2023-12-14-01-00-00", "latency": "47"}, {"date": "2023-12-14-01-00-00", "latency": "47"}, {"date": "2023-12-14-01-00-00", "latency": "47"}, {"date": "2023-12-14-01-00-00", "latency": "47"}, {"date": "2023-12-14-01-00-00", "latency": "47"}, {"date": "2023-12-14-01-00-00", "latency": "31"}, {"date": "2023-12-14-01-00-00", "latency": "31"}, {"date": "2023-12-14-01-00-00", "latency": "31"}]}, {"location": {"country_code": "us", "region": "Texas", "city": "Houston"}, "game_id": "747108", "values": [{"date": "2023-12-14-01-00-00", "latency": "63"}, {"date": "2023-12-14-01-00-00", "latency": "63"}, {"date": "2023-12-14-01-00-00", "latency": "63"}, {"date": "2023-12-14-01-00-00", "latency": "63"}, {"date": "2023-12-14-01-00-00", "latency": "63"}, {"date": "2023-12-14-01-00-00", "latency": "63"}, {"date": "2023-12-14-01-00-00", "latency": "63"}, {"date": "2023-12-14-01-00-00", "latency": "63"}, {"date": "2023-12-14-01-00-00", "latency": "63"}, {"date": "2023-12-14-01-00-00", "latency": "63"}, {"date": "2023-12-14-01-00-00", "latency": "63"}, {"date": "2023-12-14-01-00-00", "latency": "63"}, {"date": "2023-12-14-01-00-00", "latency": "63"}, {"date": "2023-12-14-01-00-00", "latency": "63"}, {"date": "2023-12-14-01-00-00", "latency": "63"}, {"date": "2023-12-14-01-00-00", "latency": "63"}, {"date": "2023-12-14-01-00-00", "latency": "63"}, {"date": "2023-12-14-01-00-00", "latency": "63"}, {"date": "2023-12-14-01-00-00", "latency": "63"}, {"date": "2023-12-14-01-00-00", "latency": "63"}, {"date": "2023-12-14-01-00-00", "latency": "63"}, {"date": "2023-12-14-01-00-00", "latency": "63"}, {"date": "2023-12-14-01-00-00", "latency": "63"}, {"date": "2023-12-14-01-00-00", "latency": "63"}, {"date": "2023-12-14-01-00-00", "latency": "63"}, {"date": "2023-12-14-01-00-00", "latency": "63"}, {"date": "2023-12-14-01-00-00", "latency": "63"}, {"date": "2023-12-14-01-00-00", "latency": "63"}, {"date": "2023-12-14-01-00-00", "latency": "63"}, {"date": "2023-12-14-01-00-00", "latency": "63"}, {"date": "2023-12-14-01-00-00", "latency": "63"}, {"date": "2023-12-14-01-00-00", "latency": "63"}, {"date": "2023-12-14-01-00-00", "latency": "63"}, {"date": "2023-12-14-01-00-00", "latency": "63"}, {"date": "2023-12-14-01-00-00", "latency": "63"}, {"date": "2023-12-14-01-00-00", "latency": "63"}]}, {"location": {"country_code": "mx", "region": "Puebla"}, "game_id": "747108", "values": [{"date": "2023-12-14-01-00-00", "latency": "125"}, {"date": "2023-12-14-01-00-00", "latency": "125"}, {"date": "2023-12-14-01-00-00", "latency": "125"}, {"date": "2023-12-14-01-00-00", "latency": "125"}, {"date": "2023-12-14-01-00-00", "latency": "125"}, {"date": "2023-12-14-01-00-00", "latency": "125"}, {"date": "2023-12-14-01-00-00", "latency": "125"}, {"date": "2023-12-14-01-00-00", "latency": "125"}, {"date": "2023-12-14-01-00-00", "latency": "125"}, {"date": "2023-12-14-01-00-00", "latency": "125"}, {"date": "2023-12-14-01-00-00", "latency": "125"}, {"date": "2023-12-14-01-00-00", "latency": "125"}, {"date": "2023-12-14-01-00-00", "latency": "125"}, {"date": "2023-12-14-01-00-00", "latency": "125"}, {"date": "2023-12-14-01-00-00", "latency": "125"}, {"date": "2023-12-14-01-00-00", "latency": "125"}, {"date": "2023-12-14-01-00-00", "latency": "125"}, {"date": "2023-12-14-01-00-00", "latency": "125"}, {"date": "2023-12-14-01-00-00", "latency": "125"}, {"date": "2023-12-13-05-00-00", "latency": "63"}, {"date": "2023-12-13-05-00-00", "latency": "63"}, {"date": "2023-12-13-05-00-00", "latency": "63"}, {"date": "2023-12-13-05-00-00", "latency": "63"}, {"date": "2023-12-13-05-00-00", "latency": "63"}, {"date": "2023-12-13-05-00-00", "latency": "63"}, {"date": "2023-12-13-05-00-00", "latency": "63"}, {"date": "2023-12-13-05-00-00", "latency": "63"}, {"date": "2023-12-13-05-00-00", "latency": "63"}, {"date": "2023-12-13-05-00-00", "latency": "63"}]}, {"location": {"country_code": "at"}, "game_id": "747108", "values": [{"date": "2023-12-13-18-00-00", "latency": "47"}, {"date": "2023-12-13-18-00-00", "latency": "47"}, {"date": "2023-12-13-18-00-00", "latency": "47"}, {"date": "2023-12-13-18-00-00", "latency": "47"}, {"date": "2023-12-13-18-00-00", "latency": "47"}, {"date": "2023-12-13-18-00-00", "latency": "47"}, {"date": "2023-12-13-18-00-00", "latency": "47"}, {"date": "2023-12-13-18-00-00", "latency": "47"}, {"date": "2023-12-13-18-00-00", "latency": "47"}, {"date": "2023-12-13-18-00-00", "latency": "47"}, {"date": "2023-12-13-18-00-00", "latency": "47"}, {"date": "2023-12-13-18-00-00", "latency": "47"}, {"date": "2023-12-13-18-00-00", "latency": "47"}, {"date": "2023-12-13-18-00-00", "latency": "47"}, {"date": "2023-12-13-18-00-00", "latency": "47"}, {"date": "2023-12-13-18-00-00", "latency": "47"}, {"date": "2023-12-13-18-00-00", "latency": "47"}, {"date": "2023-12-13-18-00-00", "latency": "47"}, {"date": "2023-12-13-18-00-00", "latency": "47"}, {"date": "2023-12-13-18-00-00", "latency": "47"}, {"date": "2023-12-13-18-00-00", "latency": "47"}, {"date": "2023-12-13-18-00-00", "latency": "47"}, {"date": "2023-12-13-18-00-00", "latency": "47"}, {"date": "2023-12-13-18-00-00", "latency": "47"}, {"date": "2023-12-13-18-00-00", "latency": "47"}, {"date": "2023-12-13-18-00-00", "latency": "47"}, {"date": "2023-12-13-18-00-00", "latency": "47"}, {"date": "2023-12-13-18-00-00", "latency": "47"}, {"date": "2023-12-13-18-00-00", "latency": "47"}, {"date": "2023-12-13-18-00-00", "latency": "47"}, {"date": "2023-12-13-18-00-00", "latency": "47"}, {"date": "2023-12-13-18-00-00", "latency": "47"}, {"date": "2023-12-13-18-00-00", "latency": "47"}, {"date": "2023-12-13-18-00-00", "latency": "47"}, {"date": "2023-12-13-18-00-00", "latency": "47"}, {"date": "2023-12-13-18-00-00", "latency": "47"}, {"date": "2023-12-13-18-00-00", "latency": "47"}, {"date": "2023-12-13-18-00-00", "latency": "47"}, {"date": "2023-12-13-18-00-00", "latency": "47"}, {"date": "2023-12-13-18-00-00", "latency": "47"}, {"date": "2023-12-13-18-00-00", "latency": "47"}, {"date": "2023-12-13-18-00-00", "latency": "47"}, {"date": "2023-12-13-18-00-00", "latency": "47"}, {"date": "2023-12-13-18-00-00", "latency": "47"}, {"date": "2023-12-13-18-00-00", "latency": "47"}, {"date": "2023-12-13-18-00-00", "latency": "47"}, {"date": "2023-12-13-18-00-00", "latency": "47"}, {"date": "2023-12-13-18-00-00", "latency": "47"}, {"date": "2023-12-13-18-00-00", "latency": "47"}, {"date": "2023-12-13-18-00-00", "latency": "47"}]}, {"location": {"country_code": "br", "region": "Estado de Bahia", "city": "Salvador"}, "game_id": "747108", "values": [{"date": "2023-12-13-19-00-00", "latency": "15"}, {"date": "2023-12-13-19-00-00", "latency": "15"}, {"date": "2023-12-13-19-00-00", "latency": "15"}, {"date": "2023-12-13-19-00-00", "latency": "15"}, {"date": "2023-12-13-19-00-00", "latency": "15"}, {"date": "2023-12-13-19-00-00", "latency": "15"}, {"date": "2023-12-13-19-00-00", "latency": "15"}, {"date": "2023-12-13-19-00-00", "latency": "15"}, {"date": "2023-12-13-19-00-00", "latency": "15"}, {"date": "2023-12-13-19-00-00", "latency": "15"}, {"date": "2023-12-13-19-00-00", "latency": "15"}, {"date": "2023-12-13-19-00-00", "latency": "15"}, {"date": "2023-12-13-19-00-00", "latency": "15"}, {"date": "2023-12-13-19-00-00", "latency": "15"}, {"date": "2023-12-13-19-00-00", "latency": "15"}, {"date": "2023-12-13-19-00-00", "latency": "15"}, {"date": "2023-12-13-19-00-00", "latency": "15"}, {"date": "2023-12-13-19-00-00", "latency": "15"}, {"date": "2023-12-13-19-00-00", "latency": "15"}, {"date": "2023-12-13-19-00-00", "latency": "15"}, {"date": "2023-12-13-19-00-00", "latency": "15"}, {"date": "2023-12-13-19-00-00", "latency": "15"}, {"date": "2023-12-13-19-00-00", "latency": "15"}, {"date": "2023-12-13-19-00-00", "latency": "15"}, {"date": "2023-12-13-19-00-00", "latency": "15"}, {"date": "2023-12-13-19-00-00", "latency": "15"}, {"date": "2023-12-13-19-00-00", "latency": "15"}, {"date": "2023-12-13-19-00-00", "latency": "15"}, {"date": "2023-12-13-19-00-00", "latency": "15"}, {"date": "2023-12-13-19-00-00", "latency": "15"}, {"date": "2023-12-13-19-00-00", "latency": "15"}, {"date": "2023-12-13-19-00-00", "latency": "15"}, {"date": "2023-12-13-19-00-00", "latency": "15"}, {"date": "2023-12-13-19-00-00", "latency": "15"}, {"date": "2023-12-13-19-00-00", "latency": "15"}, {"date": "2023-12-13-19-00-00", "latency": "15"}, {"date": "2023-12-13-19-00-00", "latency": "15"}, {"date": "2023-12-13-19-00-00", "latency": "15"}]}, {"location": {"country_code": "pl"}, "game_id": "747108", "values": [{"date": "2023-12-14-00-00-00", "latency": "47"}, {"date": "2023-12-14-00-00-00", "latency": "47"}, {"date": "2023-12-14-00-00-00", "latency": "47"}, {"date": "2023-12-14-00-00-00", "latency": "47"}, {"date": "2023-12-14-00-00-00", "latency": "47"}, {"date": "2023-12-14-00-00-00", "latency": "47"}, {"date": "2023-12-14-00-00-00", "latency": "47"}, {"date": "2023-12-14-00-00-00", "latency": "47"}]}, {"location": {"country_code": "co", "region": "El Valle", "city": "Cali"}, "game_id": "747108", "values": [{"date": "2023-12-13-01-00-00", "latency": "3"}]}, {"location": {"country_code": "kw"}, "game_id": "747108", "values": [{"date": "2023-12-13-15-00-00", "latency": "15"}]}, {"location": {"country_code": "gb", "region": "England", "city": "Liverpool"}, "game_id": "747108", "values": [{"date": "2023-12-13-23-00-00", "latency": "4"}]}, {"location": {"country_code": "mx", "region": "Sonora"}, "game_id": "747108", "values": [{"date": "2023-12-14-01-00-00", "latency": "63"}, {"date": "2023-12-14-01-00-00", "latency": "63"}, {"date": "2023-12-14-01-00-00", "latency": "63"}, {"date": "2023-12-14-01-00-00", "latency": "63"}, {"date": "2023-12-14-01-00-00", "latency": "63"}, {"date": "2023-12-14-01-00-00", "latency": "63"}, {"date": "2023-12-14-01-00-00", "latency": "63"}, {"date": "2023-12-14-01-00-00", "latency": "63"}, {"date": "2023-12-14-01-00-00", "latency": "63"}, {"date": "2023-12-14-01-00-00", "latency": "63"}, {"date": "2023-12-14-01-00-00", "latency": "63"}, {"date": "2023-12-14-01-00-00", "latency": "63"}, {"date": "2023-12-14-01-00-00", "latency": "63"}, {"date": "2023-12-14-01-00-00", "latency": "63"}, {"date": "2023-12-14-01-00-00", "latency": "63"}, {"date": "2023-12-14-01-00-00", "latency": "63"}, {"date": "2023-12-14-01-00-00", "latency": "63"}, {"date": "2023-12-14-01-00-00", "latency": "63"}, {"date": "2023-12-14-01-00-00", "latency": "63"}, {"date": "2023-12-14-01-00-00", "latency": "63"}, {"date": "2023-12-14-01-00-00", "latency": "63"}, {"date": "2023-12-14-01-00-00", "latency": "63"}, {"date": "2023-12-14-01-00-00", "latency": "63"}, {"date": "2023-12-14-01-00-00", "latency": "63"}, {"date": "2023-12-14-01-00-00", "latency": "63"}, {"date": "2023-12-14-01-00-00", "latency": "63"}, {"date": "2023-12-14-01-00-00", "latency": "63"}, {"date": "2023-12-14-01-00-00", "latency": "63"}, {"date": "2023-12-14-01-00-00", "latency": "63"}, {"date": "2023-12-14-01-00-00", "latency": "63"}, {"date": "2023-12-14-01-00-00", "latency": "63"}, {"date": "2023-12-14-01-00-00", "latency": "63"}, {"date": "2023-12-14-01-00-00", "latency": "63"}, {"date": "2023-12-14-01-00-00", "latency": "63"}, {"date": "2023-12-14-01-00-00", "latency": "63"}, {"date": "2023-12-14-01-00-00", "latency": "63"}, {"date": "2023-12-14-01-00-00", "latency": "63"}, {"date": "2023-12-14-01-00-00", "latency": "63"}, {"date": "2023-12-14-01-00-00", "latency": "63"}, {"date": "2023-12-14-01-00-00", "latency": "63"}, {"date": "2023-12-14-01-00-00", "latency": "63"}, {"date": "2023-12-14-01-00-00", "latency": "63"}, {"date": "2023-12-14-01-00-00", "latency": "63"}, {"date": "2023-12-14-01-00-00", "latency": "63"}, {"date": "2023-12-14-01-00-00", "latency": "63"}, {"date": "2023-12-14-01-00-00", "latency": "63"}, {"date": "2023-12-14-01-00-00", "latency": "63"}, {"date": "2023-12-14-01-00-00", "latency": "63"}, {"date": "2023-12-14-01-00-00", "latency": "63"}, {"date": "2023-12-14-01-00-00", "latency": "63"}, {"date": "2023-12-14-01-00-00", "latency": "63"}, {"date": "2023-12-14-01-00-00", "latency": "63"}, {"date": "2023-12-14-01-00-00", "latency": "63"}, {"date": "2023-12-14-01-00-00", "latency": "63"}, {"date": "2023-12-14-01-00-00", "latency": "63"}, {"date": "2023-12-14-01-00-00", "latency": "63"}, {"date": "2023-12-14-01-00-00", "latency": "63"}, {"date": "2023-12-14-01-00-00", "latency": "63"}, {"date": "2023-12-14-01-00-00", "latency": "63"}, {"date": "2023-12-14-01-00-00", "latency": "63"}, {"date": "2023-12-14-01-00-00", "latency": "63"}, {"date": "2023-12-14-01-00-00", "latency": "63"}, {"date": "2023-12-14-01-00-00", "latency": "63"}, {"date": "2023-12-14-01-00-00", "latency": "63"}, {"date": "2023-12-14-01-00-00", "latency": "63"}, {"date": "2023-12-14-01-00-00", "latency": "63"}, {"date": "2023-12-14-01-00-00", "latency": "63"}, {"date": "2023-12-14-01-00-00", "latency": "63"}, {"date": "2023-12-14-01-00-00", "latency": "63"}, {"date": "2023-12-14-01-00-00", "latency": "63"}, {"date": "2023-12-14-01-00-00", "latency": "63"}, {"date": "2023-12-14-01-00-00", "latency": "63"}, {"date": "2023-12-14-01-00-00", "latency": "63"}, {"date": "2023-12-14-01-00-00", "latency": "63"}, {"date": "2023-12-14-01-00-00", "latency": "63"}, {"date": "2023-12-14-01-00-00", "latency": "63"}, {"date": "2023-12-14-01-00-00", "latency": "63"}, {"date": "2023-12-14-01-00-00", "latency": "63"}, {"date": "2023-12-14-01-00-00", "latency": "63"}, {"date": "2023-12-14-01-00-00", "latency": "63"}, {"date": "2023-12-14-01-00-00", "latency": "63"}, {"date": "2023-12-14-01-00-00", "latency": "63"}, {"date": "2023-12-14-01-00-00", "latency": "63"}, {"date": "2023-12-14-01-00-00", "latency": "63"}, {"date": "2023-12-14-01-00-00", "latency": "63"}, {"date": "2023-12-14-01-00-00", "latency": "63"}, {"date": "2023-12-14-01-00-00", "latency": "63"}, {"date": "2023-12-14-01-00-00", "latency": "63"}, {"date": "2023-12-14-01-00-00", "latency": "63"}, {"date": "2023-12-14-01-00-00", "latency": "63"}, {"date": "2023-12-14-01-00-00", "latency": "63"}, {"date": "2023-12-14-01-00-00", "latency": "63"}, {"date": "2023-12-14-01-00-00", "latency": "63"}, {"date": "2023-12-14-01-00-00", "latency": "63"}, {"date": "2023-12-14-01-00-00", "latency": "63"}]}, {"location": {"country_code": "bg"}, "game_id": "747108", "values": [{"date": "2023-12-13-19-00-00", "latency": "32"}, {"date": "2023-12-13-19-00-00", "latency": "32"}, {"date": "2023-12-13-19-00-00", "latency": "32"}, {"date": "2023-12-13-19-00-00", "latency": "32"}, {"date": "2023-12-13-19-00-00", "latency": "32"}, {"date": "2023-12-13-19-00-00", "latency": "32"}, {"date": "2023-12-13-19-00-00", "latency": "32"}, {"date": "2023-12-13-19-00-00", "latency": "32"}, {"date": "2023-12-13-19-00-00", "latency": "32"}, {"date": "2023-12-13-19-00-00", "latency": "32"}, {"date": "2023-12-13-19-00-00", "latency": "32"}, {"date": "2023-12-13-19-00-00", "latency": "32"}, {"date": "2023-12-13-19-00-00", "latency": "32"}, {"date": "2023-12-13-19-00-00", "latency": "32"}, {"date": "2023-12-13-19-00-00", "latency": "32"}, {"date": "2023-12-13-19-00-00", "latency": "32"}, {"date": "2023-12-13-19-00-00", "latency": "32"}, {"date": "2023-12-13-19-00-00", "latency": "32"}, {"date": "2023-12-13-19-00-00", "latency": "32"}, {"date": "2023-12-13-19-00-00", "latency": "32"}, {"date": "2023-12-13-19-00-00", "latency": "32"}, {"date": "2023-12-13-19-00-00", "latency": "32"}]}, {"location": {"country_code": "de", "region": "North Rhine-Westphalia"}, "game_id": "747108", "values": [{"date": "2023-12-13-20-00-00", "latency": "16"}, {"date": "2023-12-13-20-00-00", "latency": "16"}, {"date": "2023-12-13-20-00-00", "latency": "16"}, {"date": "2023-12-13-20-00-00", "latency": "16"}, {"date": "2023-12-13-20-00-00", "latency": "16"}, {"date": "2023-12-13-20-00-00", "latency": "16"}, {"date": "2023-12-13-20-00-00", "latency": "16"}, {"date": "2023-12-13-20-00-00", "latency": "16"}, {"date": "2023-12-13-20-00-00", "latency": "16"}, {"date": "2023-12-13-20-00-00", "latency": "16"}, {"date": "2023-12-13-20-00-00", "latency": "16"}, {"date": "2023-12-13-20-00-00", "latency": "16"}, {"date": "2023-12-13-20-00-00", "latency": "16"}, {"date": "2023-12-13-20-00-00", "latency": "16"}, {"date": "2023-12-13-20-00-00", "latency": "16"}, {"date": "2023-12-13-20-00-00", "latency": "16"}, {"date": "2023-12-13-20-00-00", "latency": "16"}, {"date": "2023-12-13-20-00-00", "latency": "16"}, {"date": "2023-12-13-20-00-00", "latency": "16"}, {"date": "2023-12-13-20-00-00", "latency": "16"}, {"date": "2023-12-13-20-00-00", "latency": "16"}, {"date": "2023-12-13-20-00-00", "latency": "16"}, {"date": "2023-12-13-20-00-00", "latency": "16"}, {"date": "2023-12-13-20-00-00", "latency": "16"}, {"date": "2023-12-13-20-00-00", "latency": "16"}, {"date": "2023-12-13-20-00-00", "latency": "16"}, {"date": "2023-12-13-20-00-00", "latency": "16"}, {"date": "2023-12-13-20-00-00", "latency": "16"}, {"date": "2023-12-13-20-00-00", "latency": "16"}, {"date": "2023-12-13-20-00-00", "latency": "16"}, {"date": "2023-12-13-20-00-00", "latency": "16"}, {"date": "2023-12-13-20-00-00", "latency": "16"}, {"date": "2023-12-13-20-00-00", "latency": "16"}, {"date": "2023-12-13-20-00-00", "latency": "16"}, {"date": "2023-12-13-20-00-00", "latency": "16"}, {"date": "2023-12-13-20-00-00", "latency": "16"}, {"date": "2023-12-13-20-00-00", "latency": "16"}, {"date": "2023-12-13-20-00-00", "latency": "16"}, {"date": "2023-12-13-20-00-00", "latency": "16"}, {"date": "2023-12-13-20-00-00", "latency": "16"}, {"date": "2023-12-13-20-00-00", "latency": "16"}, {"date": "2023-12-13-20-00-00", "latency": "16"}, {"date": "2023-12-13-20-00-00", "latency": "16"}, {"date": "2023-12-13-20-00-00", "latency": "16"}, {"date": "2023-12-13-20-00-00", "latency": "16"}, {"date": "2023-12-13-20-00-00", "latency": "16"}, {"date": "2023-12-13-20-00-00", "latency": "16"}, {"date": "2023-12-13-20-00-00", "latency": "16"}, {"date": "2023-12-13-20-00-00", "latency": "16"}, {"date": "2023-12-13-20-00-00", "latency": "16"}, {"date": "2023-12-13-20-00-00", "latency": "16"}, {"date": "2023-12-13-20-00-00", "latency": "16"}, {"date": "2023-12-13-20-00-00", "latency": "16"}, {"date": "2023-12-13-20-00-00", "latency": "16"}]}, {"location": {"country_code": "fr", "region": "Nord-Passo di Calais-Piccardia"}, "game_id": "747108", "values": [{"date": "2023-12-13-20-00-00", "latency": "3"}, {"date": "2023-12-13-20-00-00", "latency": "3"}, {"date": "2023-12-13-20-00-00", "latency": "3"}, {"date": "2023-12-13-20-00-00", "latency": "3"}, {"date": "2023-12-13-20-00-00", "latency": "3"}, {"date": "2023-12-13-20-00-00", "latency": "3"}, {"date": "2023-12-13-20-00-00", "latency": "3"}, {"date": "2023-12-13-20-00-00", "latency": "3"}, {"date": "2023-12-13-20-00-00", "latency": "3"}, {"date": "2023-12-13-20-00-00", "latency": "3"}, {"date": "2023-12-13-20-00-00", "latency": "3"}, {"date": "2023-12-13-20-00-00", "latency": "3"}, {"date": "2023-12-13-20-00-00", "latency": "3"}, {"date": "2023-12-13-20-00-00", "latency": "3"}, {"date": "2023-12-13-20-00-00", "latency": "3"}, {"date": "2023-12-13-20-00-00", "latency": "3"}, {"date": "2023-12-13-20-00-00", "latency": "3"}, {"date": "2023-12-13-20-00-00", "latency": "3"}, {"date": "2023-12-13-20-00-00", "latency": "3"}, {"date": "2023-12-13-20-00-00", "latency": "3"}, {"date": "2023-12-13-20-00-00", "latency": "3"}, {"date": "2023-12-13-20-00-00", "latency": "3"}, {"date": "2023-12-13-20-00-00", "latency": "3"}, {"date": "2023-12-13-20-00-00", "latency": "3"}, {"date": "2023-12-13-20-00-00", "latency": "3"}, {"date": "2023-12-13-20-00-00", "latency": "3"}, {"date": "2023-12-13-20-00-00", "latency": "3"}, {"date": "2023-12-13-20-00-00", "latency": "3"}, {"date": "2023-12-13-20-00-00", "latency": "3"}, {"date": "2023-12-13-20-00-00", "latency": "3"}, {"date": "2023-12-13-20-00-00", "latency": "3"}, {"date": "2023-12-13-20-00-00", "latency": "3"}, {"date": "2023-12-13-20-00-00", "latency": "3"}, {"date": "2023-12-13-20-00-00", "latency": "3"}, {"date": "2023-12-13-20-00-00", "latency": "3"}, {"date": "2023-12-13-20-00-00", "latency": "3"}]}, {"location": {"country_code": "br", "region": "Sao Paulo", "city": "Sertaozinho"}, "game_id": "747108", "values": [{"date": "2023-12-13-23-00-00", "latency": "3"}, {"date": "2023-12-13-23-00-00", "latency": "3"}, {"date": "2023-12-13-23-00-00", "latency": "3"}]}, {"location": {"country_code": "br", "region": "Santa Catarina", "city": "Balneario Camboriu"}, "game_id": "747108", "values": [{"date": "2023-12-14-01-00-00", "latency": "16"}, {"date": "2023-12-14-01-00-00", "latency": "16"}, {"date": "2023-12-14-01-00-00", "latency": "16"}, {"date": "2023-12-14-01-00-00", "latency": "16"}, {"date": "2023-12-14-01-00-00", "latency": "16"}, {"date": "2023-12-14-01-00-00", "latency": "16"}, {"date": "2023-12-14-01-00-00", "latency": "16"}, {"date": "2023-12-14-01-00-00", "latency": "16"}, {"date": "2023-12-14-01-00-00", "latency": "16"}, {"date": "2023-12-14-01-00-00", "latency": "16"}, {"date": "2023-12-14-01-00-00", "latency": "16"}, {"date": "2023-12-14-01-00-00", "latency": "16"}, {"date": "2023-12-14-01-00-00", "latency": "16"}, {"date": "2023-12-14-01-00-00", "latency": "16"}, {"date": "2023-12-14-01-00-00", "latency": "16"}, {"date": "2023-12-14-01-00-00", "latency": "16"}, {"date": "2023-12-14-01-00-00", "latency": "16"}, {"date": "2023-12-14-01-00-00", "latency": "16"}, {"date": "2023-12-14-01-00-00", "latency": "16"}, {"date": "2023-12-14-01-00-00", "latency": "16"}, {"date": "2023-12-14-01-00-00", "latency": "16"}, {"date": "2023-12-14-01-00-00", "latency": "16"}, {"date": "2023-12-14-01-00-00", "latency": "16"}, {"date": "2023-12-14-01-00-00", "latency": "16"}, {"date": "2023-12-14-01-00-00", "latency": "16"}, {"date": "2023-12-14-01-00-00", "latency": "16"}, {"date": "2023-12-14-01-00-00", "latency": "16"}, {"date": "2023-12-14-01-00-00", "latency": "16"}, {"date": "2023-12-14-01-00-00", "latency": "16"}, {"date": "2023-12-14-01-00-00", "latency": "16"}, {"date": "2023-12-14-01-00-00", "latency": "16"}, {"date": "2023-12-14-01-00-00", "latency": "16"}, {"date": "2023-12-14-01-00-00", "latency": "16"}, {"date": "2023-12-14-01-00-00", "latency": "16"}, {"date": "2023-12-14-01-00-00", "latency": "16"}, {"date": "2023-12-14-01-00-00", "latency": "16"}, {"date": "2023-12-14-01-00-00", "latency": "16"}, {"date": "2023-12-14-01-00-00", "latency": "16"}, {"date": "2023-12-14-01-00-00", "latency": "16"}, {"date": "2023-12-14-01-00-00", "latency": "16"}, {"date": "2023-12-14-01-00-00", "latency": "16"}, {"date": "2023-12-14-01-00-00", "latency": "16"}, {"date": "2023-12-14-01-00-00", "latency": "16"}, {"date": "2023-12-14-01-00-00", "latency": "16"}, {"date": "2023-12-14-01-00-00", "latency": "16"}, {"date": "2023-12-14-01-00-00", "latency": "16"}, {"date": "2023-12-14-01-00-00", "latency": "16"}, {"date": "2023-12-14-01-00-00", "latency": "16"}, {"date": "2023-12-14-01-00-00", "latency": "16"}, {"date": "2023-12-14-01-00-00", "latency": "16"}, {"date": "2023-12-14-01-00-00", "latency": "16"}, {"date": "2023-12-14-01-00-00", "latency": "16"}, {"date": "2023-12-14-01-00-00", "latency": "16"}, {"date": "2023-12-14-01-00-00", "latency": "16"}, {"date": "2023-12-14-01-00-00", "latency": "16"}]}, {"location": {"country_code": "es", "region": "Andalusia", "city": "Cordoba"}, "game_id": "747108", "values": [{"date": "2023-12-13-22-00-00", "latency": "47"}, {"date": "2023-12-13-22-00-00", "latency": "47"}, {"date": "2023-12-13-22-00-00", "latency": "47"}, {"date": "2023-12-13-22-00-00", "latency": "47"}, {"date": "2023-12-13-22-00-00", "latency": "47"}, {"date": "2023-12-13-22-00-00", "latency": "47"}, {"date": "2023-12-13-22-00-00", "latency": "47"}, {"date": "2023-12-13-22-00-00", "latency": "47"}, {"date": "2023-12-13-22-00-00", "latency": "47"}, {"date": "2023-12-13-22-00-00", "latency": "47"}, {"date": "2023-12-13-22-00-00", "latency": "47"}, {"date": "2023-12-13-22-00-00", "latency": "47"}, {"date": "2023-12-13-22-00-00", "latency": "47"}, {"date": "2023-12-13-22-00-00", "latency": "47"}, {"date": "2023-12-13-22-00-00", "latency": "47"}, {"date": "2023-12-13-22-00-00", "latency": "47"}, {"date": "2023-12-13-22-00-00", "latency": "47"}, {"date": "2023-12-13-22-00-00", "latency": "47"}, {"date": "2023-12-13-22-00-00", "latency": "47"}, {"date": "2023-12-13-22-00-00", "latency": "47"}, {"date": "2023-12-13-22-00-00", "latency": "47"}, {"date": "2023-12-13-22-00-00", "latency": "47"}, {"date": "2023-12-13-22-00-00", "latency": "47"}, {"date": "2023-12-13-22-00-00", "latency": "47"}, {"date": "2023-12-13-22-00-00", "latency": "47"}, {"date": "2023-12-13-22-00-00", "latency": "47"}, {"date": "2023-12-13-22-00-00", "latency": "47"}, {"date": "2023-12-13-22-00-00", "latency": "47"}, {"date": "2023-12-13-22-00-00", "latency": "47"}, {"date": "2023-12-13-22-00-00", "latency": "47"}, {"date": "2023-12-13-22-00-00", "latency": "47"}, {"date": "2023-12-13-22-00-00", "latency": "47"}, {"date": "2023-12-13-22-00-00", "latency": "47"}, {"date": "2023-12-13-22-00-00", "latency": "47"}, {"date": "2023-12-13-22-00-00", "latency": "47"}, {"date": "2023-12-13-22-00-00", "latency": "47"}, {"date": "2023-12-13-22-00-00", "latency": "47"}, {"date": "2023-12-13-22-00-00", "latency": "47"}, {"date": "2023-12-13-22-00-00", "latency": "47"}, {"date": "2023-12-13-22-00-00", "latency": "47"}, {"date": "2023-12-13-22-00-00", "latency": "47"}, {"date": "2023-12-13-22-00-00", "latency": "47"}, {"date": "2023-12-13-22-00-00", "latency": "47"}, {"date": "2023-12-13-22-00-00", "latency": "47"}, {"date": "2023-12-13-22-00-00", "latency": "47"}, {"date": "2023-12-13-22-00-00", "latency": "47"}, {"date": "2023-12-13-22-00-00", "latency": "47"}, {"date": "2023-12-13-22-00-00", "latency": "47"}, {"date": "2023-12-13-22-00-00", "latency": "47"}, {"date": "2023-12-13-22-00-00", "latency": "47"}, {"date": "2023-12-13-22-00-00", "latency": "47"}, {"date": "2023-12-13-22-00-00", "latency": "47"}, {"date": "2023-12-13-22-00-00", "latency": "47"}, {"date": "2023-12-13-22-00-00", "latency": "47"}, {"date": "2023-12-13-22-00-00", "latency": "47"}, {"date": "2023-12-13-22-00-00", "latency": "47"}, {"date": "2023-12-13-22-00-00", "latency": "47"}, {"date": "2023-12-13-22-00-00", "latency": "47"}, {"date": "2023-12-13-22-00-00", "latency": "47"}]}, {"location": {"country_code": "us", "region": "Guam", "city": "Dededo"}, "game_id": "747108", "values": [{"date": "2023-12-13-22-00-00", "latency": "6305"}]}, {"location": {"country_code": "br", "region": "Sao Paulo", "city": "Franca"}, "game_id": "747108", "values": [{"date": "2023-12-13-16-00-00", "latency": "16"}, {"date": "2023-12-13-16-00-00", "latency": "16"}, {"date": "2023-12-13-16-00-00", "latency": "16"}, {"date": "2023-12-13-16-00-00", "latency": "16"}, {"date": "2023-12-13-16-00-00", "latency": "16"}, {"date": "2023-12-13-16-00-00", "latency": "16"}, {"date": "2023-12-13-16-00-00", "latency": "16"}, {"date": "2023-12-13-16-00-00", "latency": "16"}, {"date": "2023-12-13-16-00-00", "latency": "16"}, {"date": "2023-12-13-16-00-00", "latency": "16"}, {"date": "2023-12-13-16-00-00", "latency": "16"}, {"date": "2023-12-13-16-00-00", "latency": "16"}, {"date": "2023-12-13-16-00-00", "latency": "16"}, {"date": "2023-12-13-16-00-00", "latency": "16"}, {"date": "2023-12-13-16-00-00", "latency": "16"}, {"date": "2023-12-13-16-00-00", "latency": "16"}, {"date": "2023-12-13-16-00-00", "latency": "16"}, {"date": "2023-12-13-16-00-00", "latency": "16"}, {"date": "2023-12-13-16-00-00", "latency": "16"}, {"date": "2023-12-13-16-00-00", "latency": "16"}, {"date": "2023-12-13-16-00-00", "latency": "16"}, {"date": "2023-12-13-16-00-00", "latency": "16"}, {"date": "2023-12-13-16-00-00", "latency": "16"}, {"date": "2023-12-13-16-00-00", "latency": "16"}, {"date": "2023-12-13-16-00-00", "latency": "16"}, {"date": "2023-12-13-16-00-00", "latency": "16"}, {"date": "2023-12-13-16-00-00", "latency": "16"}, {"date": "2023-12-13-16-00-00", "latency": "16"}, {"date": "2023-12-13-16-00-00", "latency": "16"}, {"date": "2023-12-13-16-00-00", "latency": "16"}, {"date": "2023-12-13-16-00-00", "latency": "16"}, {"date": "2023-12-13-16-00-00", "latency": "16"}, {"date": "2023-12-13-16-00-00", "latency": "16"}, {"date": "2023-12-13-16-00-00", "latency": "16"}, {"date": "2023-12-13-16-00-00", "latency": "16"}, {"date": "2023-12-13-16-00-00", "latency": "16"}, {"date": "2023-12-13-16-00-00", "latency": "16"}, {"date": "2023-12-13-16-00-00", "latency": "16"}, {"date": "2023-12-13-16-00-00", "latency": "16"}, {"date": "2023-12-13-16-00-00", "latency": "16"}, {"date": "2023-12-13-16-00-00", "latency": "16"}, {"date": "2023-12-13-16-00-00", "latency": "16"}, {"date": "2023-12-13-16-00-00", "latency": "16"}, {"date": "2023-12-13-16-00-00", "latency": "16"}, {"date": "2023-12-13-16-00-00", "latency": "16"}, {"date": "2023-12-13-16-00-00", "latency": "16"}, {"date": "2023-12-13-16-00-00", "latency": "16"}, {"date": "2023-12-13-16-00-00", "latency": "16"}, {"date": "2023-12-13-16-00-00", "latency": "16"}, {"date": "2023-12-13-16-00-00", "latency": "16"}, {"date": "2023-12-13-16-00-00", "latency": "16"}, {"date": "2023-12-13-16-00-00", "latency": "16"}, {"date": "2023-12-13-16-00-00", "latency": "16"}, {"date": "2023-12-13-16-00-00", "latency": "16"}, {"date": "2023-12-13-16-00-00", "latency": "16"}, {"date": "2023-12-13-16-00-00", "latency": "16"}, {"date": "2023-12-13-16-00-00", "latency": "16"}, {"date": "2023-12-13-16-00-00", "latency": "16"}, {"date": "2023-12-13-16-00-00", "latency": "16"}]}, {"location": {"country_code": "co", "region": "Bogota"}, "game_id": "747108", "values": [{"date": "2023-12-13-07-00-00", "latency": "78"}, {"date": "2023-12-13-07-00-00", "latency": "78"}, {"date": "2023-12-13-07-00-00", "latency": "78"}]}, {"location": {"country_code": "es", "region": "Cantabria", "city": "Torres"}, "game_id": "747108", "values": [{"date": "2023-12-13-16-00-00", "latency": "62"}, {"date": "2023-12-13-16-00-00", "latency": "62"}, {"date": "2023-12-13-16-00-00", "latency": "62"}, {"date": "2023-12-13-16-00-00", "latency": "62"}, {"date": "2023-12-13-16-00-00", "latency": "62"}, {"date": "2023-12-13-16-00-00", "latency": "62"}, {"date": "2023-12-13-16-00-00", "latency": "62"}, {"date": "2023-12-13-16-00-00", "latency": "62"}, {"date": "2023-12-13-16-00-00", "latency": "62"}, {"date": "2023-12-13-16-00-00", "latency": "62"}, {"date": "2023-12-13-16-00-00", "latency": "62"}, {"date": "2023-12-13-16-00-00", "latency": "62"}, {"date": "2023-12-13-16-00-00", "latency": "62"}, {"date": "2023-12-13-16-00-00", "latency": "62"}, {"date": "2023-12-13-16-00-00", "latency": "62"}, {"date": "2023-12-13-16-00-00", "latency": "62"}, {"date": "2023-12-13-16-00-00", "latency": "62"}, {"date": "2023-12-13-16-00-00", "latency": "62"}, {"date": "2023-12-13-16-00-00", "latency": "62"}, {"date": "2023-12-13-16-00-00", "latency": "62"}, {"date": "2023-12-13-16-00-00", "latency": "62"}, {"date": "2023-12-13-16-00-00", "latency": "62"}, {"date": "2023-12-13-16-00-00", "latency": "62"}, {"date": "2023-12-13-16-00-00", "latency": "62"}, {"date": "2023-12-13-16-00-00", "latency": "62"}, {"date": "2023-12-13-16-00-00", "latency": "62"}, {"date": "2023-12-13-16-00-00", "latency": "62"}, {"date": "2023-12-13-16-00-00", "latency": "62"}, {"date": "2023-12-13-16-00-00", "latency": "62"}, {"date": "2023-12-13-16-00-00", "latency": "62"}, {"date": "2023-12-13-16-00-00", "latency": "62"}, {"date": "2023-12-13-16-00-00", "latency": "62"}, {"date": "2023-12-13-16-00-00", "latency": "62"}, {"date": "2023-12-13-16-00-00", "latency": "62"}, {"date": "2023-12-13-16-00-00", "latency": "62"}, {"date": "2023-12-13-16-00-00", "latency": "62"}, {"date": "2023-12-13-16-00-00", "latency": "62"}, {"date": "2023-12-13-16-00-00", "latency": "62"}, {"date": "2023-12-13-16-00-00", "latency": "62"}, {"date": "2023-12-13-16-00-00", "latency": "62"}, {"date": "2023-12-13-16-00-00", "latency": "62"}, {"date": "2023-12-13-16-00-00", "latency": "62"}, {"date": "2023-12-13-16-00-00", "latency": "62"}]}], "last_updated": 1719915329.106626}