{"data": [{"location": {"country_code": "us"}, "game_id": "319965", "values": [{"date": "2022-02-13-20-00-00", "latency": 204}, {"date": "2022-02-13-20-00-00", "latency": 204}, {"date": "2022-02-13-20-00-00", "latency": 204}, {"date": "2022-02-13-20-00-00", "latency": 204}, {"date": "2022-02-13-20-00-00", "latency": 204}, {"date": "2022-02-13-20-00-00", "latency": 204}, {"date": "2022-02-13-20-00-00", "latency": 204}, {"date": "2022-02-13-20-00-00", "latency": 204}, {"date": "2022-02-13-20-00-00", "latency": 204}, {"date": "2022-02-13-20-00-00", "latency": 204}, {"date": "2022-02-13-20-00-00", "latency": 204}, {"date": "2022-02-13-20-00-00", "latency": 204}]}, {"location": {"country_code": "us", "region": "Arkansas"}, "game_id": "319965", "values": [{"date": "2022-02-13-05-00-00", "latency": 50}, {"date": "2022-02-13-05-00-00", "latency": 50}, {"date": "2022-02-13-07-00-00", "latency": 50}, {"date": "2022-02-13-07-00-00", "latency": 50}, {"date": "2022-02-13-07-00-00", "latency": 50}, {"date": "2022-02-13-07-00-00", "latency": 50}, {"date": "2022-02-13-07-00-00", "latency": 50}, {"date": "2022-02-13-07-00-00", "latency": 50}, {"date": "2022-02-13-07-00-00", "latency": 50}, {"date": "2022-02-13-07-00-00", "latency": 50}, {"date": "2022-02-13-07-00-00", "latency": 50}, {"date": "2022-02-13-07-00-00", "latency": 50}, {"date": "2022-02-13-07-00-00", "latency": 50}, {"date": "2022-02-13-07-00-00", "latency": 50}, {"date": "2022-02-13-07-00-00", "latency": 50}, {"date": "2022-02-13-07-00-00", "latency": 50}, {"date": "2022-02-13-07-00-00", "latency": 50}, {"date": "2022-02-13-07-00-00", "latency": 50}, {"date": "2022-02-13-07-00-00", "latency": 50}, {"date": "2022-02-13-07-00-00", "latency": 50}]}, {"location": {"country_code": "us", "region": "Florida"}, "game_id": "319965", "values": [{"date": "2022-02-13-04-00-00", "latency": 137}, {"date": "2022-02-13-04-00-00", "latency": 137}, {"date": "2022-02-13-04-00-00", "latency": 137}, {"date": "2022-02-13-04-00-00", "latency": 137}, {"date": "2022-02-13-09-00-00", "latency": 50}, {"date": "2022-02-13-09-00-00", "latency": 50}, {"date": "2022-02-13-09-00-00", "latency": 50}, {"date": "2022-02-13-09-00-00", "latency": 50}, {"date": "2022-02-13-09-00-00", "latency": 50}, {"date": "2022-02-13-09-00-00", "latency": 50}, {"date": "2022-02-13-10-00-00", "latency": 89}, {"date": "2022-02-13-10-00-00", "latency": 89}, {"date": "2022-02-13-10-00-00", "latency": 89}, {"date": "2022-02-13-10-00-00", "latency": 89}, {"date": "2022-02-13-10-00-00", "latency": 89}, {"date": "2022-02-13-10-00-00", "latency": 89}, {"date": "2022-02-13-10-00-00", "latency": 89}, {"date": "2022-02-13-10-00-00", "latency": 89}, {"date": "2022-02-13-10-00-00", "latency": 89}, {"date": "2022-02-13-10-00-00", "latency": 89}, {"date": "2022-02-13-10-00-00", "latency": 89}, {"date": "2022-02-13-10-00-00", "latency": 89}, {"date": "2022-02-13-10-00-00", "latency": 89}, {"date": "2022-02-13-10-00-00", "latency": 89}, {"date": "2022-02-13-10-00-00", "latency": 89}, {"date": "2022-02-13-10-00-00", "latency": 89}, {"date": "2022-02-13-10-00-00", "latency": 89}, {"date": "2022-02-13-10-00-00", "latency": 89}, {"date": "2022-02-13-10-00-00", "latency": 89}, {"date": "2022-02-13-10-00-00", "latency": 89}, {"date": "2022-02-13-10-00-00", "latency": 89}, {"date": "2022-02-13-10-00-00", "latency": 89}, {"date": "2022-02-13-10-00-00", "latency": 89}, {"date": "2022-02-13-10-00-00", "latency": 89}, {"date": "2022-02-13-10-00-00", "latency": 89}, {"date": "2022-02-13-10-00-00", "latency": 89}, {"date": "2022-02-13-10-00-00", "latency": 89}, {"date": "2022-02-13-01-00-00", "latency": 78}, {"date": "2022-02-13-01-00-00", "latency": 78}, {"date": "2022-02-13-01-00-00", "latency": 78}]}, {"location": {"country_code": "de", "region": "Berlin", "city": "Berlin"}, "game_id": "319965", "values": [{"date": "2022-02-13-23-00-00", "latency": 50}, {"date": "2022-02-13-23-00-00", "latency": 50}, {"date": "2022-02-13-23-00-00", "latency": 50}, {"date": "2022-02-13-23-00-00", "latency": 50}, {"date": "2022-02-13-23-00-00", "latency": 50}, {"date": "2022-02-13-23-00-00", "latency": 50}, {"date": "2022-02-13-23-00-00", "latency": 50}, {"date": "2022-02-13-23-00-00", "latency": 50}, {"date": "2022-02-13-23-00-00", "latency": 50}, {"date": "2022-02-13-23-00-00", "latency": 50}, {"date": "2022-02-13-23-00-00", "latency": 50}, {"date": "2022-02-13-23-00-00", "latency": 50}, {"date": "2022-02-13-23-00-00", "latency": 50}]}, {"location": {"country_code": "us", "region": "New York", "city": "Jamestown"}, "game_id": "319965", "values": [{"date": "2022-02-13-05-00-00", "latency": 63}, {"date": "2022-02-13-05-00-00", "latency": 63}, {"date": "2022-02-13-05-00-00", "latency": 63}, {"date": "2022-02-13-05-00-00", "latency": 63}, {"date": "2022-02-13-05-00-00", "latency": 63}, {"date": "2022-02-13-05-00-00", "latency": 63}, {"date": "2022-02-13-05-00-00", "latency": 63}, {"date": "2022-02-13-05-00-00", "latency": 63}, {"date": "2022-02-13-05-00-00", "latency": 63}, {"date": "2022-02-13-05-00-00", "latency": 63}, {"date": "2022-02-13-05-00-00", "latency": 63}, {"date": "2022-02-13-05-00-00", "latency": 63}, {"date": "2022-02-13-05-00-00", "latency": 63}, {"date": "2022-02-13-05-00-00", "latency": 63}, {"date": "2022-02-13-05-00-00", "latency": 63}, {"date": "2022-02-13-05-00-00", "latency": 63}, {"date": "2022-02-13-05-00-00", "latency": 63}, {"date": "2022-02-13-05-00-00", "latency": 63}, {"date": "2022-02-13-05-00-00", "latency": 63}, {"date": "2022-02-13-05-00-00", "latency": 63}, {"date": "2022-02-13-05-00-00", "latency": 63}, {"date": "2022-02-13-05-00-00", "latency": 63}, {"date": "2022-02-13-05-00-00", "latency": 63}, {"date": "2022-02-13-05-00-00", "latency": 63}, {"date": "2022-02-13-05-00-00", "latency": 63}, {"date": "2022-02-13-05-00-00", "latency": 63}, {"date": "2022-02-13-05-00-00", "latency": 63}, {"date": "2022-02-13-05-00-00", "latency": 63}, {"date": "2022-02-13-05-00-00", "latency": 63}, {"date": "2022-02-13-07-00-00", "latency": 50}, {"date": "2022-02-13-07-00-00", "latency": 50}, {"date": "2022-02-13-07-00-00", "latency": 50}, {"date": "2022-02-13-07-00-00", "latency": 50}, {"date": "2022-02-13-07-00-00", "latency": 50}, {"date": "2022-02-13-07-00-00", "latency": 50}]}, {"location": {"country_code": "us", "region": "Oklahoma"}, "game_id": "319965", "values": [{"date": "2022-02-14-00-00-00", "latency": 136}, {"date": "2022-02-14-00-00-00", "latency": 136}]}, {"location": {"country_code": "gb"}, "game_id": "319965", "values": [{"date": "2022-02-14-00-00-00", "latency": 50}, {"date": "2022-02-14-00-00-00", "latency": 50}, {"date": "2022-02-14-00-00-00", "latency": 50}, {"date": "2022-02-14-00-00-00", "latency": 50}, {"date": "2022-02-14-00-00-00", "latency": 50}, {"date": "2022-02-14-00-00-00", "latency": 50}, {"date": "2022-02-14-00-00-00", "latency": 50}, {"date": "2022-02-14-00-00-00", "latency": 50}, {"date": "2022-02-14-00-00-00", "latency": 50}, {"date": "2022-02-14-00-00-00", "latency": 50}, {"date": "2022-02-14-00-00-00", "latency": 50}, {"date": "2022-02-14-00-00-00", "latency": 50}, {"date": "2022-02-14-00-00-00", "latency": 50}, {"date": "2022-02-13-22-00-00", "latency": 54}, {"date": "2022-02-13-22-00-00", "latency": 54}, {"date": "2022-02-13-22-00-00", "latency": 54}, {"date": "2022-02-13-22-00-00", "latency": 54}, {"date": "2022-02-13-22-00-00", "latency": 54}, {"date": "2022-02-13-22-00-00", "latency": 54}, {"date": "2022-02-13-22-00-00", "latency": 54}, {"date": "2022-02-13-22-00-00", "latency": 54}, {"date": "2022-02-13-22-00-00", "latency": 54}, {"date": "2022-02-13-22-00-00", "latency": 54}, {"date": "2022-02-13-22-00-00", "latency": 54}, {"date": "2022-02-13-22-00-00", "latency": 54}, {"date": "2022-02-13-22-00-00", "latency": 54}, {"date": "2022-02-13-22-00-00", "latency": 54}, {"date": "2022-02-13-22-00-00", "latency": 54}, {"date": "2022-02-13-22-00-00", "latency": 54}, {"date": "2022-02-13-22-00-00", "latency": 54}, {"date": "2022-02-13-22-00-00", "latency": 54}, {"date": "2022-02-13-22-00-00", "latency": 54}, {"date": "2022-02-13-22-00-00", "latency": 54}, {"date": "2022-02-13-22-00-00", "latency": 54}, {"date": "2022-02-13-22-00-00", "latency": 54}, {"date": "2022-02-13-22-00-00", "latency": 50}, {"date": "2022-02-13-22-00-00", "latency": 50}, {"date": "2022-02-13-22-00-00", "latency": 50}, {"date": "2022-02-13-22-00-00", "latency": 50}, {"date": "2022-02-13-22-00-00", "latency": 50}, {"date": "2022-02-13-22-00-00", "latency": 50}, {"date": "2022-02-13-22-00-00", "latency": 50}, {"date": "2022-02-13-22-00-00", "latency": 50}, {"date": "2022-02-13-22-00-00", "latency": 50}, {"date": "2022-02-13-22-00-00", "latency": 50}, {"date": "2022-02-13-22-00-00", "latency": 50}, {"date": "2022-02-13-22-00-00", "latency": 50}, {"date": "2022-02-13-22-00-00", "latency": 50}, {"date": "2022-02-13-22-00-00", "latency": 50}, {"date": "2022-02-13-22-00-00", "latency": 50}, {"date": "2022-02-13-22-00-00", "latency": 50}, {"date": "2022-02-13-22-00-00", "latency": 50}, {"date": "2022-02-13-22-00-00", "latency": 50}, {"date": "2022-02-13-22-00-00", "latency": 50}, {"date": "2022-02-13-22-00-00", "latency": 50}, {"date": "2022-02-13-22-00-00", "latency": 50}, {"date": "2022-02-13-22-00-00", "latency": 50}, {"date": "2022-02-13-22-00-00", "latency": 50}, {"date": "2022-02-13-22-00-00", "latency": 50}, {"date": "2022-02-13-22-00-00", "latency": 50}, {"date": "2022-02-13-22-00-00", "latency": 50}]}, {"location": {"country_code": "pa"}, "game_id": "319965", "values": [{"date": "2022-02-13-06-00-00", "latency": 136}, {"date": "2022-02-13-06-00-00", "latency": 136}, {"date": "2022-02-13-06-00-00", "latency": 136}, {"date": "2022-02-13-06-00-00", "latency": 136}, {"date": "2022-02-13-06-00-00", "latency": 136}, {"date": "2022-02-13-06-00-00", "latency": 136}, {"date": "2022-02-13-06-00-00", "latency": 136}, {"date": "2022-02-13-06-00-00", "latency": 136}, {"date": "2022-02-13-06-00-00", "latency": 136}, {"date": "2022-02-13-06-00-00", "latency": 136}, {"date": "2022-02-13-06-00-00", "latency": 136}, {"date": "2022-02-13-06-00-00", "latency": 136}, {"date": "2022-02-13-06-00-00", "latency": 136}, {"date": "2022-02-13-06-00-00", "latency": 136}, {"date": "2022-02-13-06-00-00", "latency": 136}]}, {"location": {"country_code": "it"}, "game_id": "319965", "values": [{"date": "2022-02-13-22-00-00", "latency": 50}, {"date": "2022-02-13-22-00-00", "latency": 50}, {"date": "2022-02-13-22-00-00", "latency": 50}, {"date": "2022-02-13-22-00-00", "latency": 50}, {"date": "2022-02-13-22-00-00", "latency": 50}, {"date": "2022-02-13-22-00-00", "latency": 50}, {"date": "2022-02-13-22-00-00", "latency": 50}]}, {"location": {"country_code": "jp"}, "game_id": "319965", "values": [{"date": "2022-02-13-15-00-00", "latency": 96}, {"date": "2022-02-13-15-00-00", "latency": 96}, {"date": "2022-02-13-15-00-00", "latency": 96}, {"date": "2022-02-13-15-00-00", "latency": 96}, {"date": "2022-02-13-15-00-00", "latency": 96}, {"date": "2022-02-13-15-00-00", "latency": 96}, {"date": "2022-02-13-15-00-00", "latency": 96}, {"date": "2022-02-13-15-00-00", "latency": 96}, {"date": "2022-02-13-15-00-00", "latency": 96}, {"date": "2022-02-13-15-00-00", "latency": 96}, {"date": "2022-02-13-15-00-00", "latency": 96}, {"date": "2022-02-13-15-00-00", "latency": 96}, {"date": "2022-02-13-15-00-00", "latency": 96}]}, {"location": {"country_code": "ca"}, "game_id": "319965", "values": [{"date": "2022-02-14-01-00-00", "latency": 104}, {"date": "2022-02-14-01-00-00", "latency": 104}, {"date": "2022-02-14-01-00-00", "latency": 104}, {"date": "2022-02-14-01-00-00", "latency": 104}, {"date": "2022-02-14-01-00-00", "latency": 104}, {"date": "2022-02-14-01-00-00", "latency": 104}, {"date": "2022-02-14-01-00-00", "latency": 104}, {"date": "2022-02-14-01-00-00", "latency": 104}, {"date": "2022-02-14-01-00-00", "latency": 104}, {"date": "2022-02-14-01-00-00", "latency": 104}, {"date": "2022-02-14-01-00-00", "latency": 104}, {"date": "2022-02-14-01-00-00", "latency": 104}, {"date": "2022-02-14-01-00-00", "latency": 104}, {"date": "2022-02-13-08-00-00", "latency": 82}, {"date": "2022-02-13-08-00-00", "latency": 82}, {"date": "2022-02-13-08-00-00", "latency": 82}, {"date": "2022-02-13-08-00-00", "latency": 82}, {"date": "2022-02-13-08-00-00", "latency": 82}, {"date": "2022-02-13-08-00-00", "latency": 82}, {"date": "2022-02-13-08-00-00", "latency": 82}, {"date": "2022-02-13-08-00-00", "latency": 82}, {"date": "2022-02-13-08-00-00", "latency": 82}, {"date": "2022-02-13-08-00-00", "latency": 82}, {"date": "2022-02-13-08-00-00", "latency": 82}, {"date": "2022-02-13-08-00-00", "latency": 82}, {"date": "2022-02-13-08-00-00", "latency": 82}, {"date": "2022-02-13-08-00-00", "latency": 82}, {"date": "2022-02-13-08-00-00", "latency": 82}, {"date": "2022-02-13-08-00-00", "latency": 82}, {"date": "2022-02-13-06-00-00", "latency": 75}, {"date": "2022-02-13-06-00-00", "latency": 75}, {"date": "2022-02-13-06-00-00", "latency": 75}, {"date": "2022-02-13-06-00-00", "latency": 75}, {"date": "2022-02-13-06-00-00", "latency": 75}, {"date": "2022-02-13-06-00-00", "latency": 75}, {"date": "2022-02-13-06-00-00", "latency": 75}, {"date": "2022-02-13-06-00-00", "latency": 75}, {"date": "2022-02-13-06-00-00", "latency": 75}, {"date": "2022-02-13-06-00-00", "latency": 75}, {"date": "2022-02-13-06-00-00", "latency": 75}, {"date": "2022-02-13-06-00-00", "latency": 75}, {"date": "2022-02-13-07-00-00", "latency": 180}, {"date": "2022-02-13-07-00-00", "latency": 180}, {"date": "2022-02-13-07-00-00", "latency": 180}, {"date": "2022-02-13-07-00-00", "latency": 180}, {"date": "2022-02-13-07-00-00", "latency": 180}, {"date": "2022-02-13-07-00-00", "latency": 180}, {"date": "2022-02-13-07-00-00", "latency": 180}, {"date": "2022-02-13-07-00-00", "latency": 180}, {"date": "2022-02-13-07-00-00", "latency": 180}, {"date": "2022-02-13-07-00-00", "latency": 180}, {"date": "2022-02-13-07-00-00", "latency": 180}, {"date": "2022-02-13-07-00-00", "latency": 180}, {"date": "2022-02-13-07-00-00", "latency": 180}, {"date": "2022-02-13-07-00-00", "latency": 180}, {"date": "2022-02-13-03-00-00", "latency": 70}, {"date": "2022-02-13-03-00-00", "latency": 70}, {"date": "2022-02-13-03-00-00", "latency": 70}, {"date": "2022-02-13-03-00-00", "latency": 70}, {"date": "2022-02-13-03-00-00", "latency": 70}, {"date": "2022-02-13-03-00-00", "latency": 70}, {"date": "2022-02-13-23-00-00", "latency": 64}, {"date": "2022-02-13-23-00-00", "latency": 64}, {"date": "2022-02-13-23-00-00", "latency": 64}, {"date": "2022-02-13-23-00-00", "latency": 64}, {"date": "2022-02-13-23-00-00", "latency": 64}, {"date": "2022-02-13-23-00-00", "latency": 64}]}, {"location": {"country_code": "gb", "region": "England"}, "game_id": "319965", "values": [{"date": "2022-02-13-17-00-00", "latency": 60}, {"date": "2022-02-13-17-00-00", "latency": 60}, {"date": "2022-02-13-17-00-00", "latency": 60}, {"date": "2022-02-13-17-00-00", "latency": 60}, {"date": "2022-02-13-17-00-00", "latency": 60}]}, {"location": {"country_code": "de"}, "game_id": "319965", "values": [{"date": "2022-02-13-21-00-00", "latency": 50}, {"date": "2022-02-13-21-00-00", "latency": 50}, {"date": "2022-02-13-08-00-00", "latency": 50}, {"date": "2022-02-13-08-00-00", "latency": 50}, {"date": "2022-02-13-08-00-00", "latency": 50}, {"date": "2022-02-13-08-00-00", "latency": 50}, {"date": "2022-02-13-08-00-00", "latency": 50}, {"date": "2022-02-13-08-00-00", "latency": 50}, {"date": "2022-02-13-08-00-00", "latency": 50}, {"date": "2022-02-13-08-00-00", "latency": 50}, {"date": "2022-02-13-08-00-00", "latency": 50}, {"date": "2022-02-13-08-00-00", "latency": 50}, {"date": "2022-02-13-08-00-00", "latency": 50}, {"date": "2022-02-13-08-00-00", "latency": 50}, {"date": "2022-02-13-08-00-00", "latency": 50}, {"date": "2022-02-13-08-00-00", "latency": 50}, {"date": "2022-02-13-08-00-00", "latency": 50}, {"date": "2022-02-13-08-00-00", "latency": 50}, {"date": "2022-02-13-08-00-00", "latency": 50}, {"date": "2022-02-13-08-00-00", "latency": 50}, {"date": "2022-02-13-08-00-00", "latency": 50}, {"date": "2022-02-13-08-00-00", "latency": 50}, {"date": "2022-02-13-08-00-00", "latency": 50}, {"date": "2022-02-13-08-00-00", "latency": 50}, {"date": "2022-02-13-08-00-00", "latency": 50}, {"date": "2022-02-13-08-00-00", "latency": 50}, {"date": "2022-02-13-08-00-00", "latency": 50}, {"date": "2022-02-13-08-00-00", "latency": 50}, {"date": "2022-02-13-08-00-00", "latency": 50}, {"date": "2022-02-13-08-00-00", "latency": 50}, {"date": "2022-02-13-08-00-00", "latency": 50}, {"date": "2022-02-13-08-00-00", "latency": 50}, {"date": "2022-02-13-08-00-00", "latency": 50}, {"date": "2022-02-13-08-00-00", "latency": 50}, {"date": "2022-02-13-08-00-00", "latency": 50}, {"date": "2022-02-13-08-00-00", "latency": 50}, {"date": "2022-02-13-08-00-00", "latency": 50}, {"date": "2022-02-13-08-00-00", "latency": 50}, {"date": "2022-02-13-08-00-00", "latency": 50}, {"date": "2022-02-13-08-00-00", "latency": 50}, {"date": "2022-02-13-08-00-00", "latency": 50}, {"date": "2022-02-13-08-00-00", "latency": 50}, {"date": "2022-02-13-08-00-00", "latency": 50}, {"date": "2022-02-13-08-00-00", "latency": 50}, {"date": "2022-02-13-08-00-00", "latency": 50}, {"date": "2022-02-13-08-00-00", "latency": 50}, {"date": "2022-02-13-08-00-00", "latency": 50}, {"date": "2022-02-13-08-00-00", "latency": 50}, {"date": "2022-02-13-08-00-00", "latency": 50}, {"date": "2022-02-13-21-00-00", "latency": 50}, {"date": "2022-02-13-21-00-00", "latency": 50}, {"date": "2022-02-13-21-00-00", "latency": 50}, {"date": "2022-02-13-21-00-00", "latency": 50}, {"date": "2022-02-13-21-00-00", "latency": 159}, {"date": "2022-02-13-21-00-00", "latency": 159}, {"date": "2022-02-13-21-00-00", "latency": 159}, {"date": "2022-02-14-01-00-00", "latency": 50}, {"date": "2022-02-14-01-00-00", "latency": 50}, {"date": "2022-02-14-01-00-00", "latency": 50}, {"date": "2022-02-14-01-00-00", "latency": 50}, {"date": "2022-02-14-01-00-00", "latency": 50}, {"date": "2022-02-14-01-00-00", "latency": 50}, {"date": "2022-02-14-01-00-00", "latency": 50}, {"date": "2022-02-14-01-00-00", "latency": 50}]}, {"location": {"country_code": "de", "region": "Bavaria", "city": "Nuremberg"}, "game_id": "319965", "values": [{"date": "2022-02-13-23-00-00", "latency": 50}, {"date": "2022-02-13-23-00-00", "latency": 50}, {"date": "2022-02-13-23-00-00", "latency": 50}, {"date": "2022-02-13-23-00-00", "latency": 50}, {"date": "2022-02-13-23-00-00", "latency": 50}, {"date": "2022-02-13-23-00-00", "latency": 50}, {"date": "2022-02-13-23-00-00", "latency": 50}, {"date": "2022-02-13-23-00-00", "latency": 50}, {"date": "2022-02-13-23-00-00", "latency": 50}, {"date": "2022-02-13-23-00-00", "latency": 50}, {"date": "2022-02-13-23-00-00", "latency": 50}]}, {"location": {"country_code": "de", "region": "Bremen", "city": "Bremen"}, "game_id": "319965", "values": [{"date": "2022-02-13-23-00-00", "latency": 50}, {"date": "2022-02-13-23-00-00", "latency": 50}, {"date": "2022-02-13-23-00-00", "latency": 50}, {"date": "2022-02-13-23-00-00", "latency": 50}]}, {"location": {"country_code": "us", "region": "Indiana"}, "game_id": "319965", "values": [{"date": "2022-02-13-03-00-00", "latency": 147}, {"date": "2022-02-13-03-00-00", "latency": 147}, {"date": "2022-02-13-03-00-00", "latency": 147}]}, {"location": {"country_code": "gb", "region": "England", "city": "Sunderland"}, "game_id": "319965", "values": [{"date": "2022-02-14-01-00-00", "latency": 109}, {"date": "2022-02-14-01-00-00", "latency": 109}, {"date": "2022-02-14-01-00-00", "latency": 109}, {"date": "2022-02-14-01-00-00", "latency": 109}, {"date": "2022-02-14-01-00-00", "latency": 109}, {"date": "2022-02-14-01-00-00", "latency": 109}, {"date": "2022-02-14-01-00-00", "latency": 109}, {"date": "2022-02-14-01-00-00", "latency": 109}, {"date": "2022-02-14-01-00-00", "latency": 109}, {"date": "2022-02-14-01-00-00", "latency": 109}, {"date": "2022-02-14-01-00-00", "latency": 109}, {"date": "2022-02-14-01-00-00", "latency": 109}, {"date": "2022-02-14-01-00-00", "latency": 109}, {"date": "2022-02-14-01-00-00", "latency": 109}, {"date": "2022-02-14-01-00-00", "latency": 109}, {"date": "2022-02-14-01-00-00", "latency": 109}, {"date": "2022-02-14-01-00-00", "latency": 109}, {"date": "2022-02-14-01-00-00", "latency": 109}, {"date": "2022-02-14-01-00-00", "latency": 109}, {"date": "2022-02-14-01-00-00", "latency": 109}, {"date": "2022-02-14-01-00-00", "latency": 109}, {"date": "2022-02-14-01-00-00", "latency": 109}, {"date": "2022-02-14-01-00-00", "latency": 109}, {"date": "2022-02-14-01-00-00", "latency": 109}, {"date": "2022-02-14-01-00-00", "latency": 109}, {"date": "2022-02-14-01-00-00", "latency": 109}, {"date": "2022-02-14-01-00-00", "latency": 109}, {"date": "2022-02-14-01-00-00", "latency": 109}, {"date": "2022-02-14-01-00-00", "latency": 109}, {"date": "2022-02-14-01-00-00", "latency": 109}, {"date": "2022-02-14-01-00-00", "latency": 109}, {"date": "2022-02-14-01-00-00", "latency": 109}, {"date": "2022-02-14-01-00-00", "latency": 109}, {"date": "2022-02-14-01-00-00", "latency": 109}, {"date": "2022-02-14-01-00-00", "latency": 109}, {"date": "2022-02-14-01-00-00", "latency": 109}]}, {"location": {"country_code": "gb", "region": "Scotland"}, "game_id": "319965", "values": [{"date": "2022-02-14-00-00-00", "latency": 50}, {"date": "2022-02-14-00-00-00", "latency": 50}, {"date": "2022-02-14-00-00-00", "latency": 50}, {"date": "2022-02-14-00-00-00", "latency": 50}, {"date": "2022-02-14-00-00-00", "latency": 50}, {"date": "2022-02-14-00-00-00", "latency": 50}, {"date": "2022-02-14-00-00-00", "latency": 50}, {"date": "2022-02-14-00-00-00", "latency": 50}, {"date": "2022-02-14-00-00-00", "latency": 50}, {"date": "2022-02-14-00-00-00", "latency": 50}, {"date": "2022-02-14-00-00-00", "latency": 50}, {"date": "2022-02-14-00-00-00", "latency": 50}, {"date": "2022-02-14-00-00-00", "latency": 50}, {"date": "2022-02-14-00-00-00", "latency": 50}, {"date": "2022-02-14-00-00-00", "latency": 50}, {"date": "2022-02-14-00-00-00", "latency": 50}, {"date": "2022-02-14-00-00-00", "latency": 50}, {"date": "2022-02-14-00-00-00", "latency": 50}, {"date": "2022-02-14-00-00-00", "latency": 50}, {"date": "2022-02-14-00-00-00", "latency": 50}, {"date": "2022-02-14-00-00-00", "latency": 50}, {"date": "2022-02-14-00-00-00", "latency": 50}, {"date": "2022-02-14-00-00-00", "latency": 50}, {"date": "2022-02-14-00-00-00", "latency": 50}, {"date": "2022-02-14-00-00-00", "latency": 50}, {"date": "2022-02-14-00-00-00", "latency": 50}, {"date": "2022-02-14-00-00-00", "latency": 50}, {"date": "2022-02-14-00-00-00", "latency": 50}, {"date": "2022-02-14-00-00-00", "latency": 50}, {"date": "2022-02-14-00-00-00", "latency": 50}, {"date": "2022-02-14-00-00-00", "latency": 50}, {"date": "2022-02-14-00-00-00", "latency": 50}, {"date": "2022-02-14-00-00-00", "latency": 50}, {"date": "2022-02-14-00-00-00", "latency": 50}, {"date": "2022-02-14-00-00-00", "latency": 50}, {"date": "2022-02-14-00-00-00", "latency": 50}, {"date": "2022-02-14-00-00-00", "latency": 50}, {"date": "2022-02-14-00-00-00", "latency": 50}, {"date": "2022-02-14-00-00-00", "latency": 50}, {"date": "2022-02-13-02-00-00", "latency": 50}, {"date": "2022-02-13-02-00-00", "latency": 50}, {"date": "2022-02-13-02-00-00", "latency": 50}, {"date": "2022-02-13-02-00-00", "latency": 50}, {"date": "2022-02-13-02-00-00", "latency": 50}, {"date": "2022-02-13-02-00-00", "latency": 50}, {"date": "2022-02-13-02-00-00", "latency": 50}]}, {"location": {"country_code": "gb", "region": "England", "city": "Aldershot"}, "game_id": "319965", "values": [{"date": "2022-02-14-00-00-00", "latency": 50}, {"date": "2022-02-14-00-00-00", "latency": 50}, {"date": "2022-02-14-00-00-00", "latency": 50}, {"date": "2022-02-14-00-00-00", "latency": 50}, {"date": "2022-02-14-00-00-00", "latency": 50}, {"date": "2022-02-14-00-00-00", "latency": 50}, {"date": "2022-02-14-00-00-00", "latency": 50}, {"date": "2022-02-14-00-00-00", "latency": 50}, {"date": "2022-02-14-00-00-00", "latency": 50}, {"date": "2022-02-14-00-00-00", "latency": 50}, {"date": "2022-02-14-00-00-00", "latency": 50}]}, {"location": {"country_code": "us", "region": "Texas"}, "game_id": "319965", "values": [{"date": "2022-02-13-03-00-00", "latency": 50}, {"date": "2022-02-13-03-00-00", "latency": 50}, {"date": "2022-02-13-03-00-00", "latency": 50}, {"date": "2022-02-13-03-00-00", "latency": 50}, {"date": "2022-02-13-03-00-00", "latency": 50}, {"date": "2022-02-13-03-00-00", "latency": 50}, {"date": "2022-02-13-03-00-00", "latency": 50}, {"date": "2022-02-13-03-00-00", "latency": 50}, {"date": "2022-02-13-03-00-00", "latency": 50}, {"date": "2022-02-13-03-00-00", "latency": 50}, {"date": "2022-02-13-03-00-00", "latency": 50}, {"date": "2022-02-13-03-00-00", "latency": 50}, {"date": "2022-02-13-03-00-00", "latency": 50}, {"date": "2022-02-13-07-00-00", "latency": 50}, {"date": "2022-02-13-07-00-00", "latency": 50}, {"date": "2022-02-13-07-00-00", "latency": 50}, {"date": "2022-02-13-07-00-00", "latency": 50}, {"date": "2022-02-13-07-00-00", "latency": 50}, {"date": "2022-02-13-07-00-00", "latency": 50}, {"date": "2022-02-13-07-00-00", "latency": 50}, {"date": "2022-02-13-03-00-00", "latency": 51}, {"date": "2022-02-13-03-00-00", "latency": 51}, {"date": "2022-02-13-03-00-00", "latency": 51}, {"date": "2022-02-13-03-00-00", "latency": 51}, {"date": "2022-02-13-03-00-00", "latency": 51}, {"date": "2022-02-13-03-00-00", "latency": 51}, {"date": "2022-02-13-03-00-00", "latency": 51}, {"date": "2022-02-13-03-00-00", "latency": 51}, {"date": "2022-02-13-03-00-00", "latency": 51}, {"date": "2022-02-13-03-00-00", "latency": 51}, {"date": "2022-02-13-03-00-00", "latency": 51}, {"date": "2022-02-13-03-00-00", "latency": 51}, {"date": "2022-02-13-03-00-00", "latency": 51}, {"date": "2022-02-13-03-00-00", "latency": 51}, {"date": "2022-02-13-03-00-00", "latency": 51}, {"date": "2022-02-13-03-00-00", "latency": 51}, {"date": "2022-02-13-03-00-00", "latency": 51}]}, {"location": {"country_code": "au", "region": "New South Wales", "city": "Sydney"}, "game_id": "319965", "values": [{"date": "2022-02-13-07-00-00", "latency": 197}, {"date": "2022-02-13-07-00-00", "latency": 197}, {"date": "2022-02-13-07-00-00", "latency": 197}, {"date": "2022-02-13-07-00-00", "latency": 197}, {"date": "2022-02-13-07-00-00", "latency": 197}, {"date": "2022-02-13-07-00-00", "latency": 197}, {"date": "2022-02-13-07-00-00", "latency": 197}, {"date": "2022-02-13-07-00-00", "latency": 197}, {"date": "2022-02-13-07-00-00", "latency": 197}, {"date": "2022-02-13-07-00-00", "latency": 197}, {"date": "2022-02-13-07-00-00", "latency": 197}]}, {"location": {"country_code": "fr"}, "game_id": "319965", "values": [{"date": "2022-02-14-00-00-00", "latency": 138}, {"date": "2022-02-14-00-00-00", "latency": 138}, {"date": "2022-02-14-00-00-00", "latency": 138}, {"date": "2022-02-14-00-00-00", "latency": 138}, {"date": "2022-02-14-00-00-00", "latency": 138}, {"date": "2022-02-14-00-00-00", "latency": 138}, {"date": "2022-02-14-00-00-00", "latency": 138}, {"date": "2022-02-14-00-00-00", "latency": 138}, {"date": "2022-02-14-00-00-00", "latency": 138}, {"date": "2022-02-14-00-00-00", "latency": 138}, {"date": "2022-02-14-00-00-00", "latency": 138}, {"date": "2022-02-14-00-00-00", "latency": 138}, {"date": "2022-02-14-00-00-00", "latency": 138}, {"date": "2022-02-14-00-00-00", "latency": 138}, {"date": "2022-02-14-00-00-00", "latency": 138}, {"date": "2022-02-14-00-00-00", "latency": 138}, {"date": "2022-02-14-00-00-00", "latency": 138}, {"date": "2022-02-14-00-00-00", "latency": 138}, {"date": "2022-02-14-00-00-00", "latency": 138}, {"date": "2022-02-14-00-00-00", "latency": 138}, {"date": "2022-02-14-00-00-00", "latency": 138}, {"date": "2022-02-14-00-00-00", "latency": 138}, {"date": "2022-02-14-00-00-00", "latency": 138}, {"date": "2022-02-14-00-00-00", "latency": 138}, {"date": "2022-02-14-00-00-00", "latency": 138}, {"date": "2022-02-14-00-00-00", "latency": 138}, {"date": "2022-02-14-00-00-00", "latency": 138}, {"date": "2022-02-14-00-00-00", "latency": 138}]}, {"location": {"country_code": "us", "region": "New Jersey"}, "game_id": "319965", "values": [{"date": "2022-02-13-07-00-00", "latency": 50}, {"date": "2022-02-13-07-00-00", "latency": 50}, {"date": "2022-02-13-07-00-00", "latency": 50}, {"date": "2022-02-13-07-00-00", "latency": 50}, {"date": "2022-02-13-07-00-00", "latency": 50}, {"date": "2022-02-13-07-00-00", "latency": 50}, {"date": "2022-02-13-07-00-00", "latency": 50}, {"date": "2022-02-13-07-00-00", "latency": 50}, {"date": "2022-02-13-07-00-00", "latency": 50}, {"date": "2022-02-13-07-00-00", "latency": 50}, {"date": "2022-02-13-07-00-00", "latency": 50}, {"date": "2022-02-13-06-00-00", "latency": 50}, {"date": "2022-02-13-06-00-00", "latency": 50}, {"date": "2022-02-13-06-00-00", "latency": 50}, {"date": "2022-02-13-06-00-00", "latency": 50}, {"date": "2022-02-13-06-00-00", "latency": 50}, {"date": "2022-02-13-06-00-00", "latency": 50}, {"date": "2022-02-13-06-00-00", "latency": 50}, {"date": "2022-02-13-06-00-00", "latency": 50}, {"date": "2022-02-13-06-00-00", "latency": 50}, {"date": "2022-02-13-06-00-00", "latency": 50}, {"date": "2022-02-13-06-00-00", "latency": 50}, {"date": "2022-02-13-06-00-00", "latency": 50}, {"date": "2022-02-13-06-00-00", "latency": 50}, {"date": "2022-02-13-06-00-00", "latency": 50}, {"date": "2022-02-13-06-00-00", "latency": 50}, {"date": "2022-02-13-06-00-00", "latency": 50}, {"date": "2022-02-13-06-00-00", "latency": 50}]}, {"location": {"country_code": "mx"}, "game_id": "319965", "values": [{"date": "2022-02-14-01-00-00", "latency": 84}, {"date": "2022-02-14-01-00-00", "latency": 84}, {"date": "2022-02-14-01-00-00", "latency": 84}, {"date": "2022-02-14-01-00-00", "latency": 84}, {"date": "2022-02-14-01-00-00", "latency": 84}, {"date": "2022-02-14-01-00-00", "latency": 84}, {"date": "2022-02-14-01-00-00", "latency": 84}, {"date": "2022-02-14-01-00-00", "latency": 84}, {"date": "2022-02-14-01-00-00", "latency": 84}, {"date": "2022-02-14-01-00-00", "latency": 84}, {"date": "2022-02-14-01-00-00", "latency": 84}, {"date": "2022-02-14-01-00-00", "latency": 84}, {"date": "2022-02-14-01-00-00", "latency": 84}, {"date": "2022-02-14-01-00-00", "latency": 84}, {"date": "2022-02-14-01-00-00", "latency": 84}, {"date": "2022-02-14-01-00-00", "latency": 84}, {"date": "2022-02-14-01-00-00", "latency": 84}, {"date": "2022-02-14-01-00-00", "latency": 84}, {"date": "2022-02-14-01-00-00", "latency": 84}, {"date": "2022-02-14-01-00-00", "latency": 84}, {"date": "2022-02-14-01-00-00", "latency": 84}, {"date": "2022-02-14-01-00-00", "latency": 84}, {"date": "2022-02-14-01-00-00", "latency": 84}, {"date": "2022-02-14-01-00-00", "latency": 84}, {"date": "2022-02-13-07-00-00", "latency": 65}, {"date": "2022-02-13-07-00-00", "latency": 65}, {"date": "2022-02-13-07-00-00", "latency": 65}, {"date": "2022-02-13-07-00-00", "latency": 65}, {"date": "2022-02-13-07-00-00", "latency": 65}, {"date": "2022-02-13-07-00-00", "latency": 65}, {"date": "2022-02-13-07-00-00", "latency": 65}, {"date": "2022-02-13-07-00-00", "latency": 65}, {"date": "2022-02-13-07-00-00", "latency": 65}, {"date": "2022-02-13-07-00-00", "latency": 65}, {"date": "2022-02-13-07-00-00", "latency": 65}, {"date": "2022-02-13-07-00-00", "latency": 65}, {"date": "2022-02-13-07-00-00", "latency": 65}, {"date": "2022-02-13-07-00-00", "latency": 65}, {"date": "2022-02-13-07-00-00", "latency": 65}, {"date": "2022-02-13-07-00-00", "latency": 65}, {"date": "2022-02-13-07-00-00", "latency": 65}, {"date": "2022-02-13-07-00-00", "latency": 65}, {"date": "2022-02-13-07-00-00", "latency": 65}, {"date": "2022-02-13-07-00-00", "latency": 65}, {"date": "2022-02-13-07-00-00", "latency": 65}, {"date": "2022-02-13-07-00-00", "latency": 65}]}, {"location": {"country_code": "mx", "region": "Baja California", "city": "Tijuana"}, "game_id": "319965", "values": [{"date": "2022-02-13-07-00-00", "latency": 50}, {"date": "2022-02-13-07-00-00", "latency": 50}, {"date": "2022-02-13-07-00-00", "latency": 50}, {"date": "2022-02-13-07-00-00", "latency": 50}, {"date": "2022-02-13-07-00-00", "latency": 50}, {"date": "2022-02-13-07-00-00", "latency": 50}, {"date": "2022-02-13-07-00-00", "latency": 50}, {"date": "2022-02-13-07-00-00", "latency": 50}, {"date": "2022-02-13-07-00-00", "latency": 50}, {"date": "2022-02-13-07-00-00", "latency": 50}, {"date": "2022-02-13-07-00-00", "latency": 50}, {"date": "2022-02-13-07-00-00", "latency": 50}, {"date": "2022-02-13-07-00-00", "latency": 50}, {"date": "2022-02-13-07-00-00", "latency": 50}]}, {"location": {"country_code": "se"}, "game_id": "319965", "values": [{"date": "2022-02-13-22-00-00", "latency": 144}, {"date": "2022-02-13-22-00-00", "latency": 144}, {"date": "2022-02-13-22-00-00", "latency": 144}]}, {"location": {"country_code": "no"}, "game_id": "319965", "values": [{"date": "2022-02-14-00-00-00", "latency": 154}, {"date": "2022-02-14-00-00-00", "latency": 154}, {"date": "2022-02-14-00-00-00", "latency": 154}, {"date": "2022-02-14-00-00-00", "latency": 154}, {"date": "2022-02-14-00-00-00", "latency": 154}, {"date": "2022-02-14-00-00-00", "latency": 154}, {"date": "2022-02-14-00-00-00", "latency": 154}, {"date": "2022-02-14-00-00-00", "latency": 154}, {"date": "2022-02-14-00-00-00", "latency": 154}, {"date": "2022-02-14-00-00-00", "latency": 154}, {"date": "2022-02-14-00-00-00", "latency": 154}, {"date": "2022-02-14-00-00-00", "latency": 154}, {"date": "2022-02-14-00-00-00", "latency": 154}, {"date": "2022-02-14-00-00-00", "latency": 154}, {"date": "2022-02-14-00-00-00", "latency": 154}, {"date": "2022-02-14-00-00-00", "latency": 154}, {"date": "2022-02-14-00-00-00", "latency": 154}, {"date": "2022-02-14-00-00-00", "latency": 154}, {"date": "2022-02-14-00-00-00", "latency": 154}, {"date": "2022-02-14-00-00-00", "latency": 154}, {"date": "2022-02-14-00-00-00", "latency": 154}, {"date": "2022-02-14-00-00-00", "latency": 154}, {"date": "2022-02-14-00-00-00", "latency": 154}]}, {"location": {"country_code": "us", "region": "California", "city": "East Los Angeles"}, "game_id": "319965", "values": [{"date": "2022-02-13-06-00-00", "latency": 63}, {"date": "2022-02-13-06-00-00", "latency": 63}, {"date": "2022-02-13-06-00-00", "latency": 63}, {"date": "2022-02-13-06-00-00", "latency": 63}, {"date": "2022-02-13-06-00-00", "latency": 63}, {"date": "2022-02-13-06-00-00", "latency": 63}, {"date": "2022-02-13-06-00-00", "latency": 63}, {"date": "2022-02-13-06-00-00", "latency": 63}, {"date": "2022-02-13-06-00-00", "latency": 63}, {"date": "2022-02-13-06-00-00", "latency": 63}, {"date": "2022-02-13-06-00-00", "latency": 63}, {"date": "2022-02-13-06-00-00", "latency": 63}, {"date": "2022-02-13-06-00-00", "latency": 63}, {"date": "2022-02-13-06-00-00", "latency": 63}, {"date": "2022-02-13-06-00-00", "latency": 63}, {"date": "2022-02-13-06-00-00", "latency": 63}, {"date": "2022-02-13-06-00-00", "latency": 63}, {"date": "2022-02-13-09-00-00", "latency": 53}, {"date": "2022-02-13-09-00-00", "latency": 53}, {"date": "2022-02-13-09-00-00", "latency": 53}, {"date": "2022-02-13-09-00-00", "latency": 53}, {"date": "2022-02-13-09-00-00", "latency": 53}, {"date": "2022-02-13-09-00-00", "latency": 53}, {"date": "2022-02-13-09-00-00", "latency": 53}, {"date": "2022-02-13-09-00-00", "latency": 53}, {"date": "2022-02-13-09-00-00", "latency": 53}, {"date": "2022-02-13-09-00-00", "latency": 53}, {"date": "2022-02-13-09-00-00", "latency": 53}, {"date": "2022-02-13-09-00-00", "latency": 53}, {"date": "2022-02-13-09-00-00", "latency": 53}, {"date": "2022-02-13-04-00-00", "latency": 81}, {"date": "2022-02-13-04-00-00", "latency": 81}, {"date": "2022-02-13-04-00-00", "latency": 81}, {"date": "2022-02-13-04-00-00", "latency": 81}, {"date": "2022-02-13-04-00-00", "latency": 81}, {"date": "2022-02-13-04-00-00", "latency": 81}, {"date": "2022-02-13-04-00-00", "latency": 81}, {"date": "2022-02-13-04-00-00", "latency": 81}]}, {"location": {"country_code": "au"}, "game_id": "319965", "values": [{"date": "2022-02-13-14-00-00", "latency": 102}, {"date": "2022-02-13-14-00-00", "latency": 102}, {"date": "2022-02-13-14-00-00", "latency": 102}, {"date": "2022-02-13-14-00-00", "latency": 102}, {"date": "2022-02-13-14-00-00", "latency": 102}, {"date": "2022-02-13-14-00-00", "latency": 102}, {"date": "2022-02-13-14-00-00", "latency": 102}, {"date": "2022-02-13-14-00-00", "latency": 102}, {"date": "2022-02-13-14-00-00", "latency": 102}, {"date": "2022-02-13-14-00-00", "latency": 102}, {"date": "2022-02-13-14-00-00", "latency": 102}, {"date": "2022-02-13-14-00-00", "latency": 102}, {"date": "2022-02-13-14-00-00", "latency": 102}, {"date": "2022-02-13-14-00-00", "latency": 102}, {"date": "2022-02-13-14-00-00", "latency": 102}, {"date": "2022-02-13-14-00-00", "latency": 102}, {"date": "2022-02-13-14-00-00", "latency": 102}, {"date": "2022-02-13-14-00-00", "latency": 102}, {"date": "2022-02-13-14-00-00", "latency": 102}, {"date": "2022-02-13-14-00-00", "latency": 102}, {"date": "2022-02-13-14-00-00", "latency": 102}, {"date": "2022-02-13-14-00-00", "latency": 102}, {"date": "2022-02-13-14-00-00", "latency": 102}, {"date": "2022-02-13-14-00-00", "latency": 102}, {"date": "2022-02-13-14-00-00", "latency": 102}, {"date": "2022-02-13-14-00-00", "latency": 102}, {"date": "2022-02-13-19-00-00", "latency": 236}, {"date": "2022-02-13-19-00-00", "latency": 236}, {"date": "2022-02-13-19-00-00", "latency": 236}, {"date": "2022-02-13-19-00-00", "latency": 236}, {"date": "2022-02-13-19-00-00", "latency": 236}, {"date": "2022-02-13-19-00-00", "latency": 236}, {"date": "2022-02-13-19-00-00", "latency": 236}, {"date": "2022-02-13-19-00-00", "latency": 236}, {"date": "2022-02-13-19-00-00", "latency": 236}, {"date": "2022-02-13-19-00-00", "latency": 236}, {"date": "2022-02-13-19-00-00", "latency": 236}, {"date": "2022-02-13-19-00-00", "latency": 236}, {"date": "2022-02-13-19-00-00", "latency": 236}, {"date": "2022-02-13-19-00-00", "latency": 236}, {"date": "2022-02-13-19-00-00", "latency": 236}, {"date": "2022-02-13-19-00-00", "latency": 236}, {"date": "2022-02-13-19-00-00", "latency": 236}, {"date": "2022-02-13-19-00-00", "latency": 236}, {"date": "2022-02-13-19-00-00", "latency": 236}, {"date": "2022-02-13-19-00-00", "latency": 236}, {"date": "2022-02-13-19-00-00", "latency": 236}, {"date": "2022-02-13-19-00-00", "latency": 236}, {"date": "2022-02-13-19-00-00", "latency": 236}, {"date": "2022-02-13-19-00-00", "latency": 236}, {"date": "2022-02-13-19-00-00", "latency": 236}, {"date": "2022-02-13-19-00-00", "latency": 236}, {"date": "2022-02-13-19-00-00", "latency": 236}, {"date": "2022-02-13-19-00-00", "latency": 236}, {"date": "2022-02-13-19-00-00", "latency": 236}, {"date": "2022-02-13-19-00-00", "latency": 236}, {"date": "2022-02-13-19-00-00", "latency": 236}, {"date": "2022-02-13-19-00-00", "latency": 236}]}, {"location": {"country_code": "au", "region": "Victoria", "city": "Melbourne"}, "game_id": "319965", "values": [{"date": "2022-02-13-11-00-00", "latency": 159}, {"date": "2022-02-13-11-00-00", "latency": 159}, {"date": "2022-02-13-11-00-00", "latency": 159}, {"date": "2022-02-13-11-00-00", "latency": 159}, {"date": "2022-02-13-11-00-00", "latency": 159}, {"date": "2022-02-13-11-00-00", "latency": 159}]}, {"location": {"country_code": "dk"}, "game_id": "319965", "values": [{"date": "2022-02-13-23-00-00", "latency": 160}, {"date": "2022-02-13-23-00-00", "latency": 160}, {"date": "2022-02-13-23-00-00", "latency": 160}, {"date": "2022-02-13-23-00-00", "latency": 160}, {"date": "2022-02-13-23-00-00", "latency": 160}, {"date": "2022-02-13-23-00-00", "latency": 160}, {"date": "2022-02-13-23-00-00", "latency": 160}, {"date": "2022-02-13-23-00-00", "latency": 160}, {"date": "2022-02-13-23-00-00", "latency": 160}, {"date": "2022-02-13-23-00-00", "latency": 160}, {"date": "2022-02-13-23-00-00", "latency": 160}, {"date": "2022-02-13-23-00-00", "latency": 160}, {"date": "2022-02-13-23-00-00", "latency": 160}, {"date": "2022-02-13-23-00-00", "latency": 160}, {"date": "2022-02-13-23-00-00", "latency": 160}, {"date": "2022-02-13-23-00-00", "latency": 160}, {"date": "2022-02-13-23-00-00", "latency": 160}, {"date": "2022-02-13-23-00-00", "latency": 160}]}, {"location": {"country_code": "tr"}, "game_id": "319965", "values": [{"date": "2022-02-14-01-00-00", "latency": 87}, {"date": "2022-02-14-01-00-00", "latency": 87}, {"date": "2022-02-14-01-00-00", "latency": 87}, {"date": "2022-02-14-01-00-00", "latency": 87}, {"date": "2022-02-14-01-00-00", "latency": 87}, {"date": "2022-02-14-01-00-00", "latency": 87}, {"date": "2022-02-14-01-00-00", "latency": 87}, {"date": "2022-02-14-01-00-00", "latency": 87}, {"date": "2022-02-14-01-00-00", "latency": 87}, {"date": "2022-02-14-01-00-00", "latency": 87}, {"date": "2022-02-14-01-00-00", "latency": 87}, {"date": "2022-02-14-01-00-00", "latency": 87}, {"date": "2022-02-14-01-00-00", "latency": 87}, {"date": "2022-02-14-01-00-00", "latency": 87}, {"date": "2022-02-14-01-00-00", "latency": 87}, {"date": "2022-02-14-01-00-00", "latency": 87}, {"date": "2022-02-14-01-00-00", "latency": 87}, {"date": "2022-02-14-01-00-00", "latency": 87}, {"date": "2022-02-14-01-00-00", "latency": 87}, {"date": "2022-02-14-01-00-00", "latency": 87}, {"date": "2022-02-14-01-00-00", "latency": 87}, {"date": "2022-02-14-01-00-00", "latency": 87}, {"date": "2022-02-14-01-00-00", "latency": 87}, {"date": "2022-02-14-01-00-00", "latency": 87}]}, {"location": {"country_code": "gb", "region": "Northern Ireland"}, "game_id": "319965", "values": [{"date": "2022-02-14-00-00-00", "latency": 50}, {"date": "2022-02-14-00-00-00", "latency": 50}, {"date": "2022-02-14-00-00-00", "latency": 50}, {"date": "2022-02-14-00-00-00", "latency": 50}, {"date": "2022-02-14-00-00-00", "latency": 50}, {"date": "2022-02-14-00-00-00", "latency": 50}, {"date": "2022-02-14-00-00-00", "latency": 50}, {"date": "2022-02-14-00-00-00", "latency": 50}, {"date": "2022-02-14-00-00-00", "latency": 50}, {"date": "2022-02-14-00-00-00", "latency": 50}, {"date": "2022-02-14-00-00-00", "latency": 50}, {"date": "2022-02-14-00-00-00", "latency": 50}, {"date": "2022-02-14-00-00-00", "latency": 50}, {"date": "2022-02-14-00-00-00", "latency": 50}, {"date": "2022-02-14-00-00-00", "latency": 50}, {"date": "2022-02-14-00-00-00", "latency": 50}, {"date": "2022-02-14-00-00-00", "latency": 50}, {"date": "2022-02-14-00-00-00", "latency": 50}, {"date": "2022-02-14-00-00-00", "latency": 50}]}, {"location": {"country_code": "fi"}, "game_id": "319965", "values": [{"date": "2022-02-13-18-00-00", "latency": 50}, {"date": "2022-02-13-18-00-00", "latency": 50}, {"date": "2022-02-13-18-00-00", "latency": 50}, {"date": "2022-02-13-18-00-00", "latency": 50}, {"date": "2022-02-13-18-00-00", "latency": 50}, {"date": "2022-02-13-18-00-00", "latency": 50}, {"date": "2022-02-13-18-00-00", "latency": 50}, {"date": "2022-02-13-18-00-00", "latency": 50}, {"date": "2022-02-13-18-00-00", "latency": 50}, {"date": "2022-02-13-18-00-00", "latency": 50}, {"date": "2022-02-13-18-00-00", "latency": 50}, {"date": "2022-02-13-18-00-00", "latency": 50}, {"date": "2022-02-13-18-00-00", "latency": 50}, {"date": "2022-02-13-18-00-00", "latency": 50}, {"date": "2022-02-13-18-00-00", "latency": 50}, {"date": "2022-02-13-18-00-00", "latency": 50}, {"date": "2022-02-13-18-00-00", "latency": 50}]}, {"location": {"country_code": "de", "region": "Free and Hanseatic City of Hamburg", "city": "Hamburg"}, "game_id": "319965", "values": [{"date": "2022-02-13-20-00-00", "latency": 50}, {"date": "2022-02-13-20-00-00", "latency": 50}]}, {"location": {"country_code": "us", "region": "South Carolina"}, "game_id": "319965", "values": [{"date": "2022-02-13-06-00-00", "latency": 50}, {"date": "2022-02-13-06-00-00", "latency": 50}]}, {"location": {"country_code": "us", "region": "Michigan"}, "game_id": "319965", "values": [{"date": "2022-02-13-07-00-00", "latency": 50}, {"date": "2022-02-13-07-00-00", "latency": 50}, {"date": "2022-02-13-07-00-00", "latency": 50}, {"date": "2022-02-13-07-00-00", "latency": 50}, {"date": "2022-02-13-07-00-00", "latency": 50}, {"date": "2022-02-13-07-00-00", "latency": 50}, {"date": "2022-02-13-07-00-00", "latency": 50}, {"date": "2022-02-13-07-00-00", "latency": 50}, {"date": "2022-02-13-07-00-00", "latency": 50}, {"date": "2022-02-13-07-00-00", "latency": 50}, {"date": "2022-02-13-07-00-00", "latency": 50}, {"date": "2022-02-13-07-00-00", "latency": 50}, {"date": "2022-02-13-07-00-00", "latency": 50}, {"date": "2022-02-13-07-00-00", "latency": 50}, {"date": "2022-02-13-07-00-00", "latency": 50}, {"date": "2022-02-13-07-00-00", "latency": 50}, {"date": "2022-02-13-07-00-00", "latency": 50}]}, {"location": {"country_code": "us", "region": "Illinois", "city": "Chicago"}, "game_id": "319965", "values": [{"date": "2022-02-13-03-00-00", "latency": 50}, {"date": "2022-02-13-03-00-00", "latency": 50}, {"date": "2022-02-13-03-00-00", "latency": 50}, {"date": "2022-02-13-03-00-00", "latency": 50}, {"date": "2022-02-13-03-00-00", "latency": 50}, {"date": "2022-02-13-03-00-00", "latency": 50}, {"date": "2022-02-13-03-00-00", "latency": 50}, {"date": "2022-02-13-03-00-00", "latency": 50}, {"date": "2022-02-13-06-00-00", "latency": 50}, {"date": "2022-02-13-06-00-00", "latency": 50}, {"date": "2022-02-13-06-00-00", "latency": 50}, {"date": "2022-02-13-06-00-00", "latency": 50}, {"date": "2022-02-13-06-00-00", "latency": 50}, {"date": "2022-02-13-06-00-00", "latency": 50}, {"date": "2022-02-13-06-00-00", "latency": 50}, {"date": "2022-02-13-06-00-00", "latency": 50}, {"date": "2022-02-13-06-00-00", "latency": 50}, {"date": "2022-02-13-06-00-00", "latency": 50}, {"date": "2022-02-13-06-00-00", "latency": 50}, {"date": "2022-02-13-06-00-00", "latency": 50}, {"date": "2022-02-13-06-00-00", "latency": 50}, {"date": "2022-02-13-06-00-00", "latency": 50}, {"date": "2022-02-13-06-00-00", "latency": 50}, {"date": "2022-02-13-06-00-00", "latency": 50}, {"date": "2022-02-13-06-00-00", "latency": 50}, {"date": "2022-02-13-06-00-00", "latency": 50}, {"date": "2022-02-13-06-00-00", "latency": 50}, {"date": "2022-02-13-06-00-00", "latency": 50}]}, {"location": {"country_code": "us", "region": "Utah"}, "game_id": "319965", "values": [{"date": "2022-02-13-07-00-00", "latency": 76}, {"date": "2022-02-13-07-00-00", "latency": 76}, {"date": "2022-02-13-07-00-00", "latency": 76}, {"date": "2022-02-13-07-00-00", "latency": 76}, {"date": "2022-02-13-07-00-00", "latency": 76}, {"date": "2022-02-13-07-00-00", "latency": 76}, {"date": "2022-02-13-07-00-00", "latency": 76}, {"date": "2022-02-13-07-00-00", "latency": 76}, {"date": "2022-02-13-07-00-00", "latency": 76}, {"date": "2022-02-13-07-00-00", "latency": 76}, {"date": "2022-02-13-07-00-00", "latency": 76}, {"date": "2022-02-13-07-00-00", "latency": 76}, {"date": "2022-02-13-07-00-00", "latency": 76}, {"date": "2022-02-13-07-00-00", "latency": 76}, {"date": "2022-02-13-07-00-00", "latency": 76}, {"date": "2022-02-13-07-00-00", "latency": 76}, {"date": "2022-02-13-07-00-00", "latency": 76}]}, {"location": {"country_code": "pl"}, "game_id": "319965", "values": [{"date": "2022-02-13-01-00-00", "latency": 50}, {"date": "2022-02-13-01-00-00", "latency": 50}]}, {"location": {"country_code": "us", "region": "North Carolina"}, "game_id": "319965", "values": [{"date": "2022-02-13-21-00-00", "latency": 53}, {"date": "2022-02-13-21-00-00", "latency": 53}, {"date": "2022-02-13-05-00-00", "latency": 75}, {"date": "2022-02-13-05-00-00", "latency": 75}, {"date": "2022-02-13-05-00-00", "latency": 75}, {"date": "2022-02-13-05-00-00", "latency": 75}, {"date": "2022-02-13-05-00-00", "latency": 75}, {"date": "2022-02-13-05-00-00", "latency": 75}, {"date": "2022-02-13-05-00-00", "latency": 75}, {"date": "2022-02-13-05-00-00", "latency": 75}, {"date": "2022-02-13-05-00-00", "latency": 75}, {"date": "2022-02-13-05-00-00", "latency": 75}, {"date": "2022-02-13-05-00-00", "latency": 75}]}, {"location": {"country_code": "us", "region": "Nevada", "city": "Las Vegas"}, "game_id": "319965", "values": [{"date": "2022-02-13-02-00-00", "latency": 251}, {"date": "2022-02-13-02-00-00", "latency": 251}, {"date": "2022-02-13-06-00-00", "latency": 291}, {"date": "2022-02-13-06-00-00", "latency": 291}, {"date": "2022-02-13-09-00-00", "latency": 79}, {"date": "2022-02-13-09-00-00", "latency": 79}, {"date": "2022-02-13-09-00-00", "latency": 79}, {"date": "2022-02-13-09-00-00", "latency": 79}, {"date": "2022-02-13-09-00-00", "latency": 79}, {"date": "2022-02-13-09-00-00", "latency": 79}, {"date": "2022-02-13-09-00-00", "latency": 79}, {"date": "2022-02-13-09-00-00", "latency": 79}, {"date": "2022-02-13-09-00-00", "latency": 79}, {"date": "2022-02-13-09-00-00", "latency": 79}, {"date": "2022-02-13-09-00-00", "latency": 79}]}, {"location": {"country_code": "gb", "region": "England", "city": "London"}, "game_id": "319965", "values": [{"date": "2022-02-13-18-00-00", "latency": 50}, {"date": "2022-02-13-18-00-00", "latency": 50}, {"date": "2022-02-13-03-00-00", "latency": 99}, {"date": "2022-02-13-03-00-00", "latency": 99}, {"date": "2022-02-13-03-00-00", "latency": 99}, {"date": "2022-02-13-03-00-00", "latency": 99}, {"date": "2022-02-13-03-00-00", "latency": 99}, {"date": "2022-02-13-03-00-00", "latency": 99}, {"date": "2022-02-13-03-00-00", "latency": 99}, {"date": "2022-02-13-03-00-00", "latency": 99}, {"date": "2022-02-13-03-00-00", "latency": 99}, {"date": "2022-02-13-03-00-00", "latency": 99}, {"date": "2022-02-13-03-00-00", "latency": 99}, {"date": "2022-02-13-03-00-00", "latency": 99}, {"date": "2022-02-13-03-00-00", "latency": 99}, {"date": "2022-02-14-00-00-00", "latency": 50}, {"date": "2022-02-14-00-00-00", "latency": 50}]}, {"location": {"country_code": "tr", "region": "Marmara Bolgesi", "city": "Istanbul"}, "game_id": "319965", "values": [{"date": "2022-02-14-01-00-00", "latency": 50}, {"date": "2022-02-14-01-00-00", "latency": 50}, {"date": "2022-02-14-01-00-00", "latency": 50}, {"date": "2022-02-14-01-00-00", "latency": 50}, {"date": "2022-02-14-01-00-00", "latency": 50}, {"date": "2022-02-14-01-00-00", "latency": 50}, {"date": "2022-02-14-01-00-00", "latency": 50}, {"date": "2022-02-14-01-00-00", "latency": 50}, {"date": "2022-02-14-01-00-00", "latency": 50}, {"date": "2022-02-14-01-00-00", "latency": 50}, {"date": "2022-02-14-01-00-00", "latency": 50}, {"date": "2022-02-14-01-00-00", "latency": 50}, {"date": "2022-02-14-01-00-00", "latency": 50}, {"date": "2022-02-14-01-00-00", "latency": 50}]}, {"location": {"country_code": "us", "region": "District of Columbia", "city": "Washington"}, "game_id": "319965", "values": [{"date": "2022-02-14-01-00-00", "latency": 50}, {"date": "2022-02-14-01-00-00", "latency": 50}, {"date": "2022-02-14-01-00-00", "latency": 50}, {"date": "2022-02-14-01-00-00", "latency": 50}, {"date": "2022-02-14-01-00-00", "latency": 50}, {"date": "2022-02-14-01-00-00", "latency": 50}, {"date": "2022-02-14-01-00-00", "latency": 50}, {"date": "2022-02-14-01-00-00", "latency": 50}, {"date": "2022-02-14-01-00-00", "latency": 50}, {"date": "2022-02-14-01-00-00", "latency": 50}]}, {"location": {"country_code": "au", "region": "Queensland"}, "game_id": "319965", "values": [{"date": "2022-02-13-07-00-00", "latency": 211}, {"date": "2022-02-13-07-00-00", "latency": 211}, {"date": "2022-02-13-07-00-00", "latency": 211}, {"date": "2022-02-13-07-00-00", "latency": 211}, {"date": "2022-02-13-07-00-00", "latency": 211}, {"date": "2022-02-13-07-00-00", "latency": 211}, {"date": "2022-02-13-07-00-00", "latency": 211}, {"date": "2022-02-13-07-00-00", "latency": 211}, {"date": "2022-02-13-07-00-00", "latency": 211}, {"date": "2022-02-13-07-00-00", "latency": 211}, {"date": "2022-02-13-07-00-00", "latency": 211}, {"date": "2022-02-13-07-00-00", "latency": 211}, {"date": "2022-02-13-07-00-00", "latency": 211}, {"date": "2022-02-13-07-00-00", "latency": 211}, {"date": "2022-02-13-07-00-00", "latency": 211}, {"date": "2022-02-13-07-00-00", "latency": 211}]}, {"location": {"country_code": "us", "region": "Illinois"}, "game_id": "319965", "values": [{"date": "2022-02-13-05-00-00", "latency": 50}, {"date": "2022-02-13-05-00-00", "latency": 50}, {"date": "2022-02-13-05-00-00", "latency": 50}, {"date": "2022-02-13-05-00-00", "latency": 50}, {"date": "2022-02-13-05-00-00", "latency": 50}, {"date": "2022-02-13-05-00-00", "latency": 50}, {"date": "2022-02-13-05-00-00", "latency": 50}, {"date": "2022-02-13-05-00-00", "latency": 50}, {"date": "2022-02-13-05-00-00", "latency": 50}, {"date": "2022-02-13-05-00-00", "latency": 50}, {"date": "2022-02-13-05-00-00", "latency": 50}, {"date": "2022-02-13-05-00-00", "latency": 50}]}, {"location": {"country_code": "us", "region": "Wisconsin"}, "game_id": "319965", "values": [{"date": "2022-02-13-04-00-00", "latency": 106}, {"date": "2022-02-13-04-00-00", "latency": 106}, {"date": "2022-02-13-04-00-00", "latency": 106}, {"date": "2022-02-13-04-00-00", "latency": 106}, {"date": "2022-02-13-04-00-00", "latency": 106}, {"date": "2022-02-13-04-00-00", "latency": 106}, {"date": "2022-02-13-04-00-00", "latency": 106}, {"date": "2022-02-13-04-00-00", "latency": 106}, {"date": "2022-02-13-04-00-00", "latency": 106}, {"date": "2022-02-13-04-00-00", "latency": 106}, {"date": "2022-02-13-04-00-00", "latency": 106}, {"date": "2022-02-13-04-00-00", "latency": 106}, {"date": "2022-02-13-04-00-00", "latency": 106}, {"date": "2022-02-13-04-00-00", "latency": 106}, {"date": "2022-02-13-04-00-00", "latency": 106}, {"date": "2022-02-13-04-00-00", "latency": 106}, {"date": "2022-02-14-01-00-00", "latency": 151}, {"date": "2022-02-14-01-00-00", "latency": 151}, {"date": "2022-02-14-01-00-00", "latency": 151}, {"date": "2022-02-14-01-00-00", "latency": 151}, {"date": "2022-02-14-01-00-00", "latency": 151}, {"date": "2022-02-14-01-00-00", "latency": 151}, {"date": "2022-02-14-01-00-00", "latency": 151}]}, {"location": {"country_code": "us", "region": "New Hampshire"}, "game_id": "319965", "values": [{"date": "2022-02-13-09-00-00", "latency": 83}, {"date": "2022-02-13-09-00-00", "latency": 83}, {"date": "2022-02-13-09-00-00", "latency": 83}, {"date": "2022-02-13-09-00-00", "latency": 83}, {"date": "2022-02-13-09-00-00", "latency": 83}, {"date": "2022-02-13-09-00-00", "latency": 83}, {"date": "2022-02-13-09-00-00", "latency": 83}, {"date": "2022-02-13-09-00-00", "latency": 83}, {"date": "2022-02-13-09-00-00", "latency": 83}, {"date": "2022-02-13-09-00-00", "latency": 83}, {"date": "2022-02-13-09-00-00", "latency": 83}, {"date": "2022-02-13-09-00-00", "latency": 83}, {"date": "2022-02-13-09-00-00", "latency": 83}, {"date": "2022-02-13-09-00-00", "latency": 83}, {"date": "2022-02-13-09-00-00", "latency": 83}, {"date": "2022-02-13-09-00-00", "latency": 83}, {"date": "2022-02-13-09-00-00", "latency": 83}, {"date": "2022-02-13-09-00-00", "latency": 83}, {"date": "2022-02-13-09-00-00", "latency": 83}, {"date": "2022-02-13-09-00-00", "latency": 83}, {"date": "2022-02-13-09-00-00", "latency": 83}, {"date": "2022-02-13-09-00-00", "latency": 83}, {"date": "2022-02-13-09-00-00", "latency": 83}, {"date": "2022-02-13-09-00-00", "latency": 83}, {"date": "2022-02-13-09-00-00", "latency": 83}, {"date": "2022-02-13-09-00-00", "latency": 83}, {"date": "2022-02-13-09-00-00", "latency": 83}, {"date": "2022-02-13-09-00-00", "latency": 83}, {"date": "2022-02-13-09-00-00", "latency": 83}, {"date": "2022-02-13-09-00-00", "latency": 83}, {"date": "2022-02-13-09-00-00", "latency": 83}, {"date": "2022-02-13-09-00-00", "latency": 83}, {"date": "2022-02-13-09-00-00", "latency": 83}, {"date": "2022-02-13-09-00-00", "latency": 83}, {"date": "2022-02-13-09-00-00", "latency": 83}, {"date": "2022-02-13-09-00-00", "latency": 83}, {"date": "2022-02-13-09-00-00", "latency": 83}, {"date": "2022-02-13-09-00-00", "latency": 83}, {"date": "2022-02-13-09-00-00", "latency": 83}, {"date": "2022-02-13-09-00-00", "latency": 83}, {"date": "2022-02-13-09-00-00", "latency": 83}, {"date": "2022-02-13-09-00-00", "latency": 83}, {"date": "2022-02-13-09-00-00", "latency": 83}, {"date": "2022-02-13-09-00-00", "latency": 83}, {"date": "2022-02-13-09-00-00", "latency": 83}, {"date": "2022-02-13-09-00-00", "latency": 83}, {"date": "2022-02-13-09-00-00", "latency": 83}, {"date": "2022-02-13-09-00-00", "latency": 83}]}, {"location": {"country_code": "gb", "region": "England", "city": "Liverpool"}, "game_id": "319965", "values": [{"date": "2022-02-13-23-00-00", "latency": 111}, {"date": "2022-02-13-23-00-00", "latency": 111}, {"date": "2022-02-13-23-00-00", "latency": 111}]}, {"location": {"country_code": "mx", "region": "Jalisco", "city": "Guadalajara"}, "game_id": "319965", "values": [{"date": "2022-02-13-10-00-00", "latency": 187}, {"date": "2022-02-13-10-00-00", "latency": 187}, {"date": "2022-02-13-10-00-00", "latency": 187}, {"date": "2022-02-13-10-00-00", "latency": 187}, {"date": "2022-02-13-10-00-00", "latency": 187}, {"date": "2022-02-13-10-00-00", "latency": 187}, {"date": "2022-02-13-10-00-00", "latency": 187}, {"date": "2022-02-13-10-00-00", "latency": 187}]}, {"location": {"country_code": "us", "region": "Georgia", "city": "Atlanta"}, "game_id": "319965", "values": [{"date": "2022-02-13-08-00-00", "latency": 50}, {"date": "2022-02-13-08-00-00", "latency": 50}, {"date": "2022-02-13-08-00-00", "latency": 50}, {"date": "2022-02-13-08-00-00", "latency": 50}, {"date": "2022-02-13-08-00-00", "latency": 50}, {"date": "2022-02-13-08-00-00", "latency": 50}, {"date": "2022-02-13-08-00-00", "latency": 50}, {"date": "2022-02-13-08-00-00", "latency": 50}, {"date": "2022-02-13-08-00-00", "latency": 50}, {"date": "2022-02-13-08-00-00", "latency": 50}, {"date": "2022-02-13-08-00-00", "latency": 50}, {"date": "2022-02-13-08-00-00", "latency": 50}, {"date": "2022-02-13-08-00-00", "latency": 50}, {"date": "2022-02-13-08-00-00", "latency": 50}, {"date": "2022-02-13-08-00-00", "latency": 50}]}, {"location": {"country_code": "us", "region": "Connecticut"}, "game_id": "319965", "values": [{"date": "2022-02-13-10-00-00", "latency": 50}, {"date": "2022-02-13-10-00-00", "latency": 50}, {"date": "2022-02-13-10-00-00", "latency": 50}, {"date": "2022-02-13-10-00-00", "latency": 50}, {"date": "2022-02-13-10-00-00", "latency": 50}, {"date": "2022-02-13-10-00-00", "latency": 50}, {"date": "2022-02-13-10-00-00", "latency": 50}, {"date": "2022-02-13-10-00-00", "latency": 50}, {"date": "2022-02-13-10-00-00", "latency": 50}, {"date": "2022-02-13-10-00-00", "latency": 50}, {"date": "2022-02-13-10-00-00", "latency": 50}, {"date": "2022-02-13-10-00-00", "latency": 50}, {"date": "2022-02-13-10-00-00", "latency": 50}, {"date": "2022-02-13-10-00-00", "latency": 50}, {"date": "2022-02-13-10-00-00", "latency": 50}, {"date": "2022-02-13-10-00-00", "latency": 50}, {"date": "2022-02-13-10-00-00", "latency": 50}, {"date": "2022-02-13-10-00-00", "latency": 50}, {"date": "2022-02-13-10-00-00", "latency": 50}, {"date": "2022-02-13-10-00-00", "latency": 50}, {"date": "2022-02-13-10-00-00", "latency": 50}, {"date": "2022-02-13-10-00-00", "latency": 50}, {"date": "2022-02-13-10-00-00", "latency": 50}, {"date": "2022-02-13-10-00-00", "latency": 50}, {"date": "2022-02-13-10-00-00", "latency": 50}, {"date": "2022-02-13-10-00-00", "latency": 50}, {"date": "2022-02-13-10-00-00", "latency": 50}, {"date": "2022-02-13-10-00-00", "latency": 50}, {"date": "2022-02-13-10-00-00", "latency": 50}, {"date": "2022-02-13-10-00-00", "latency": 50}, {"date": "2022-02-13-10-00-00", "latency": 50}, {"date": "2022-02-13-10-00-00", "latency": 50}, {"date": "2022-02-13-10-00-00", "latency": 50}, {"date": "2022-02-13-10-00-00", "latency": 50}, {"date": "2022-02-13-10-00-00", "latency": 50}, {"date": "2022-02-13-10-00-00", "latency": 50}, {"date": "2022-02-13-10-00-00", "latency": 50}, {"date": "2022-02-13-10-00-00", "latency": 50}, {"date": "2022-02-13-10-00-00", "latency": 50}, {"date": "2022-02-13-10-00-00", "latency": 50}, {"date": "2022-02-13-10-00-00", "latency": 50}, {"date": "2022-02-13-10-00-00", "latency": 50}, {"date": "2022-02-13-10-00-00", "latency": 50}, {"date": "2022-02-13-10-00-00", "latency": 50}, {"date": "2022-02-13-10-00-00", "latency": 50}, {"date": "2022-02-13-10-00-00", "latency": 50}, {"date": "2022-02-13-10-00-00", "latency": 50}, {"date": "2022-02-13-10-00-00", "latency": 50}, {"date": "2022-02-13-10-00-00", "latency": 50}, {"date": "2022-02-13-10-00-00", "latency": 50}, {"date": "2022-02-13-10-00-00", "latency": 50}, {"date": "2022-02-13-10-00-00", "latency": 50}, {"date": "2022-02-13-10-00-00", "latency": 50}, {"date": "2022-02-13-10-00-00", "latency": 50}, {"date": "2022-02-13-10-00-00", "latency": 50}, {"date": "2022-02-13-10-00-00", "latency": 50}]}, {"location": {"country_code": "es", "region": "Galicia", "city": "Vigo"}, "game_id": "319965", "values": [{"date": "2022-02-13-21-00-00", "latency": 171}, {"date": "2022-02-13-21-00-00", "latency": 171}]}, {"location": {"country_code": "ee"}, "game_id": "319965", "values": [{"date": "2022-02-13-02-00-00", "latency": 50}, {"date": "2022-02-13-02-00-00", "latency": 50}, {"date": "2022-02-13-02-00-00", "latency": 50}, {"date": "2022-02-13-02-00-00", "latency": 50}, {"date": "2022-02-13-02-00-00", "latency": 50}, {"date": "2022-02-13-02-00-00", "latency": 50}, {"date": "2022-02-13-02-00-00", "latency": 50}, {"date": "2022-02-13-02-00-00", "latency": 50}]}, {"location": {"country_code": "br", "region": "Rio Grande do Sul", "city": "Santa Maria"}, "game_id": "319965", "values": [{"date": "2022-02-14-00-00-00", "latency": 220}, {"date": "2022-02-14-00-00-00", "latency": 220}, {"date": "2022-02-14-00-00-00", "latency": 220}, {"date": "2022-02-14-00-00-00", "latency": 220}, {"date": "2022-02-14-00-00-00", "latency": 220}, {"date": "2022-02-14-00-00-00", "latency": 220}, {"date": "2022-02-14-00-00-00", "latency": 220}, {"date": "2022-02-14-00-00-00", "latency": 220}, {"date": "2022-02-14-00-00-00", "latency": 220}, {"date": "2022-02-14-00-00-00", "latency": 220}, {"date": "2022-02-14-00-00-00", "latency": 220}, {"date": "2022-02-14-00-00-00", "latency": 220}, {"date": "2022-02-14-00-00-00", "latency": 220}, {"date": "2022-02-14-00-00-00", "latency": 220}, {"date": "2022-02-14-00-00-00", "latency": 220}, {"date": "2022-02-14-00-00-00", "latency": 220}]}, {"location": {"country_code": "br", "region": "Minas Gerais", "city": "Barbacena"}, "game_id": "319965", "values": [{"date": "2022-02-14-01-00-00", "latency": 190}]}, {"location": {"country_code": "de", "region": "North Rhine-Westphalia", "city": "Dusseldorf"}, "game_id": "319965", "values": [{"date": "2022-02-13-23-00-00", "latency": 50}]}, {"location": {"country_code": "de", "region": "North Rhine-Westphalia", "city": "Dortmund"}, "game_id": "319965", "values": [{"date": "2022-02-13-23-00-00", "latency": 50}, {"date": "2022-02-13-23-00-00", "latency": 50}, {"date": "2022-02-13-23-00-00", "latency": 50}, {"date": "2022-02-13-23-00-00", "latency": 50}, {"date": "2022-02-13-23-00-00", "latency": 50}, {"date": "2022-02-13-23-00-00", "latency": 50}, {"date": "2022-02-13-23-00-00", "latency": 50}, {"date": "2022-02-13-23-00-00", "latency": 50}, {"date": "2022-02-13-23-00-00", "latency": 50}, {"date": "2022-02-13-23-00-00", "latency": 50}, {"date": "2022-02-13-23-00-00", "latency": 50}, {"date": "2022-02-13-20-00-00", "latency": 50}]}, {"location": {"country_code": "fr", "region": "Alsazia-Champagne-Ardenne-Lorena", "city": "Nancy"}, "game_id": "319965", "values": [{"date": "2022-02-14-01-00-00", "latency": 50}, {"date": "2022-02-14-01-00-00", "latency": 50}, {"date": "2022-02-14-01-00-00", "latency": 50}, {"date": "2022-02-14-01-00-00", "latency": 50}, {"date": "2022-02-14-01-00-00", "latency": 50}, {"date": "2022-02-14-01-00-00", "latency": 50}]}, {"location": {"country_code": "us", "region": "California", "city": "Anaheim"}, "game_id": "319965", "values": [{"date": "2022-02-13-03-00-00", "latency": 251}, {"date": "2022-02-13-03-00-00", "latency": 251}]}, {"location": {"country_code": "us", "region": "New York", "city": "East Rochester"}, "game_id": "319965", "values": [{"date": "2022-02-13-19-00-00", "latency": 79}, {"date": "2022-02-13-19-00-00", "latency": 79}, {"date": "2022-02-13-19-00-00", "latency": 79}, {"date": "2022-02-13-19-00-00", "latency": 79}]}, {"location": {"country_code": "ca", "region": "Ontario", "city": "Stratford"}, "game_id": "319965", "values": [{"date": "2022-02-13-05-00-00", "latency": 82}, {"date": "2022-02-13-05-00-00", "latency": 82}, {"date": "2022-02-13-05-00-00", "latency": 82}, {"date": "2022-02-13-05-00-00", "latency": 82}, {"date": "2022-02-13-05-00-00", "latency": 82}, {"date": "2022-02-13-05-00-00", "latency": 82}, {"date": "2022-02-13-05-00-00", "latency": 82}, {"date": "2022-02-13-05-00-00", "latency": 82}, {"date": "2022-02-13-05-00-00", "latency": 82}, {"date": "2022-02-13-05-00-00", "latency": 82}, {"date": "2022-02-13-05-00-00", "latency": 82}, {"date": "2022-02-13-05-00-00", "latency": 82}, {"date": "2022-02-13-05-00-00", "latency": 82}, {"date": "2022-02-13-05-00-00", "latency": 82}, {"date": "2022-02-13-05-00-00", "latency": 82}, {"date": "2022-02-13-05-00-00", "latency": 82}, {"date": "2022-02-13-05-00-00", "latency": 82}, {"date": "2022-02-13-05-00-00", "latency": 82}, {"date": "2022-02-13-05-00-00", "latency": 82}, {"date": "2022-02-13-05-00-00", "latency": 82}, {"date": "2022-02-13-05-00-00", "latency": 82}, {"date": "2022-02-13-05-00-00", "latency": 82}, {"date": "2022-02-13-05-00-00", "latency": 82}, {"date": "2022-02-13-05-00-00", "latency": 82}]}, {"location": {"country_code": "de", "region": "Saxony-Anhalt", "city": "Halle (Saale)"}, "game_id": "319965", "values": [{"date": "2022-02-13-23-00-00", "latency": 98}, {"date": "2022-02-13-23-00-00", "latency": 98}, {"date": "2022-02-13-23-00-00", "latency": 98}, {"date": "2022-02-13-23-00-00", "latency": 98}, {"date": "2022-02-13-23-00-00", "latency": 98}, {"date": "2022-02-13-23-00-00", "latency": 98}, {"date": "2022-02-13-23-00-00", "latency": 98}]}, {"location": {"country_code": "us", "region": "Washington", "city": "Ocean Park"}, "game_id": "319965", "values": [{"date": "2022-02-13-22-00-00", "latency": 68}, {"date": "2022-02-13-22-00-00", "latency": 68}, {"date": "2022-02-13-22-00-00", "latency": 68}, {"date": "2022-02-13-22-00-00", "latency": 68}, {"date": "2022-02-13-22-00-00", "latency": 68}, {"date": "2022-02-13-22-00-00", "latency": 68}, {"date": "2022-02-13-22-00-00", "latency": 68}, {"date": "2022-02-13-22-00-00", "latency": 68}]}], "last_updated": 1719926527.829479}