{"data": [{"location": {"country_code": "us"}, "game_id": "461764", "values": [{"date": "2024-05-23-00-00-00", "alternatives": ["00", "038", "38"]}]}, {"location": {"country_code": "us", "region": "Texas", "city": "San Antonio"}, "game_id": "461764", "values": [{"date": "2024-05-23-00-00-00", "alternatives": [35, 5, 35, 35]}, {"date": "2024-05-23-00-00-00", "alternatives": [35, 5, 35, 35]}, {"date": "2024-05-23-00-00-00", "alternatives": [35, 5, 35, 35]}]}, {"location": {"country_code": "us", "region": "Georgia", "city": "Atlanta"}, "game_id": "461764", "values": [{"date": "2024-05-22-05-00-00", "alternatives": ["35", "35", "38"]}, {"date": "2024-05-22-05-00-00", "alternatives": ["35", "35", "38"]}, {"date": "2024-05-22-05-00-00", "alternatives": ["35", "35", "38"]}]}, {"location": {"country_code": "gb"}, "game_id": "461764", "values": [{"date": "2024-05-23-01-00-00", "alternatives": ["35", "35", "39"]}, {"date": "2024-05-23-01-00-00", "alternatives": ["35", "35", "39"]}, {"date": "2024-05-23-01-00-00", "alternatives": ["35", "35", "39"]}, {"date": "2024-05-23-01-00-00", "alternatives": ["35", "35", "39"]}]}, {"location": {"country_code": "gr"}, "game_id": "461764", "values": [{"date": "2024-05-22-16-00-00", "alternatives": ["36", "38", "36"]}, {"date": "2024-05-22-16-00-00", "alternatives": ["36", "38", "36"]}, {"date": "2024-05-22-16-00-00", "alternatives": ["36", "38", "36"]}, {"date": "2024-05-22-16-00-00", "alternatives": ["36", "38", "36"]}, {"date": "2024-05-22-16-00-00", "alternatives": ["36", "38", "36"]}, {"date": "2024-05-22-16-00-00", "alternatives": ["36", "38", "36"]}, {"date": "2024-05-22-16-00-00", "alternatives": ["36", "38", "36"]}, {"date": "2024-05-22-16-00-00", "alternatives": ["36", "38", "36"]}, {"date": "2024-05-22-16-00-00", "alternatives": ["36", "38", "36"]}, {"date": "2024-05-22-16-00-00", "alternatives": ["36", "38", "36"]}, {"date": "2024-05-22-16-00-00", "alternatives": ["36", "38", "36"]}, {"date": "2024-05-22-16-00-00", "alternatives": ["36", "38", "36"]}, {"date": "2024-05-22-16-00-00", "alternatives": ["36", "38", "36"]}, {"date": "2024-05-22-16-00-00", "alternatives": ["36", "38", "36"]}, {"date": "2024-05-22-16-00-00", "alternatives": ["36", "38", "36"]}, {"date": "2024-05-22-16-00-00", "alternatives": ["36", "38", "36"]}, {"date": "2024-05-22-16-00-00", "alternatives": ["36", "38", "36"]}, {"date": "2024-05-22-16-00-00", "alternatives": ["36", "38", "36"]}, {"date": "2024-05-22-16-00-00", "alternatives": ["36", "38", "36"]}, {"date": "2024-05-22-16-00-00", "alternatives": ["36", "38", "36"]}, {"date": "2024-05-22-16-00-00", "alternatives": ["36", "38", "36"]}, {"date": "2024-05-22-16-00-00", "alternatives": ["36", "38", "36"]}, {"date": "2024-05-22-16-00-00", "alternatives": ["36", "38", "36"]}, {"date": "2024-05-22-16-00-00", "alternatives": ["36", "38", "36"]}, {"date": "2024-05-22-16-00-00", "alternatives": ["36", "38", "36"]}, {"date": "2024-05-22-16-00-00", "alternatives": ["36", "38", "36"]}]}, {"location": {"country_code": "gr", "region": "Apokentromeni Dioikisi Attikis", "city": "Athens"}, "game_id": "461764", "values": [{"date": "2024-05-22-15-00-00", "alternatives": ["35", "35", "39"]}, {"date": "2024-05-22-15-00-00", "alternatives": ["35", "35", "39"]}, {"date": "2024-05-22-15-00-00", "alternatives": ["35", "35", "39"]}, {"date": "2024-05-22-15-00-00", "alternatives": ["35", "35", "39"]}, {"date": "2024-05-22-15-00-00", "alternatives": ["35", "35", "39"]}, {"date": "2024-05-22-15-00-00", "alternatives": ["35", "35", "39"]}, {"date": "2024-05-22-15-00-00", "alternatives": ["35", "35", "39"]}, {"date": "2024-05-22-15-00-00", "alternatives": ["35", "35", "39"]}, {"date": "2024-05-22-15-00-00", "alternatives": ["35", "35", "39"]}, {"date": "2024-05-22-15-00-00", "alternatives": ["35", "35", "39"]}, {"date": "2024-05-22-15-00-00", "alternatives": ["35", "35", "39"]}, {"date": "2024-05-22-15-00-00", "alternatives": ["35", "35", "39"]}]}, {"location": {"country_code": "it"}, "game_id": "461764", "values": [{"date": "2024-05-22-21-00-00", "alternatives": ["35", "35", "3"]}]}, {"location": {"country_code": "jp"}, "game_id": "461764", "values": [{"date": "2024-05-22-09-00-00", "alternatives": [7, 43, 43, 43, 43]}, {"date": "2024-05-22-09-00-00", "alternatives": [7, 43, 43, 43, 43]}, {"date": "2024-05-22-09-00-00", "alternatives": [7, 43, 43, 43, 43]}, {"date": "2024-05-22-19-00-00", "alternatives": ["5", "35", "35"]}, {"date": "2024-05-22-19-00-00", "alternatives": ["5", "35", "35"]}, {"date": "2024-05-22-19-00-00", "alternatives": ["5", "35", "35"]}, {"date": "2024-05-22-19-00-00", "alternatives": ["5", "35", "35"]}, {"date": "2024-05-22-19-00-00", "alternatives": ["5", "35", "35"]}, {"date": "2024-05-22-19-00-00", "alternatives": ["5", "35", "35"]}, {"date": "2024-05-22-19-00-00", "alternatives": ["5", "35", "35"]}]}, {"location": {"country_code": "de"}, "game_id": "461764", "values": [{"date": "2024-05-22-03-00-00", "alternatives": ["1", "37", "37"]}, {"date": "2024-05-22-03-00-00", "alternatives": ["1", "37", "37"]}, {"date": "2024-05-22-03-00-00", "alternatives": ["1", "37", "37"]}, {"date": "2024-05-22-03-00-00", "alternatives": ["1", "37", "37"]}, {"date": "2024-05-22-03-00-00", "alternatives": ["1", "37", "37"]}, {"date": "2024-05-22-03-00-00", "alternatives": ["1", "37", "37"]}, {"date": "2024-05-22-03-00-00", "alternatives": ["1", "37", "37"]}, {"date": "2024-05-22-08-00-00", "alternatives": ["35", "35", "0"]}, {"date": "2024-05-22-08-00-00", "alternatives": ["35", "35", "0"]}, {"date": "2024-05-22-08-00-00", "alternatives": ["35", "35", "0"]}, {"date": "2024-05-22-08-00-00", "alternatives": ["35", "35", "0"]}, {"date": "2024-05-22-08-00-00", "alternatives": ["35", "35", "0"]}, {"date": "2024-05-22-13-00-00", "alternatives": ["30", "30", "1"]}, {"date": "2024-05-22-13-00-00", "alternatives": ["30", "30", "1"]}, {"date": "2024-05-22-13-00-00", "alternatives": ["30", "30", "1"]}, {"date": "2024-05-22-13-00-00", "alternatives": ["30", "30", "1"]}, {"date": "2024-05-22-13-00-00", "alternatives": ["30", "30", "1"]}, {"date": "2024-05-22-13-00-00", "alternatives": ["30", "30", "1"]}, {"date": "2024-05-22-13-00-00", "alternatives": ["30", "30", "1"]}, {"date": "2024-05-22-13-00-00", "alternatives": ["30", "30", "1"]}]}, {"location": {"country_code": "cl"}, "game_id": "461764", "values": [{"date": "2024-05-22-03-00-00", "alternatives": ["100", "134", "100"]}, {"date": "2024-05-22-03-00-00", "alternatives": ["100", "134", "100"]}, {"date": "2024-05-22-03-00-00", "alternatives": ["100", "134", "100"]}]}, {"location": {"country_code": "de", "region": "Bavaria"}, "game_id": "461764", "values": [{"date": "2024-05-22-21-00-00", "alternatives": ["25", "36", "36"]}, {"date": "2024-05-22-21-00-00", "alternatives": ["25", "36", "36"]}, {"date": "2024-05-22-21-00-00", "alternatives": ["25", "36", "36"]}]}, {"location": {"country_code": "co"}, "game_id": "461764", "values": [{"date": "2024-05-23-00-00-00", "alternatives": ["51", "51", "3"]}, {"date": "2024-05-23-00-00-00", "alternatives": ["51", "51", "3"]}, {"date": "2024-05-23-00-00-00", "alternatives": ["51", "51", "3"]}, {"date": "2024-05-23-00-00-00", "alternatives": ["51", "51", "3"]}]}, {"location": {"country_code": "pl"}, "game_id": "461764", "values": [{"date": "2024-05-22-23-00-00", "alternatives": ["1", "35", "35"]}, {"date": "2024-05-22-23-00-00", "alternatives": ["1", "35", "35"]}, {"date": "2024-05-22-23-00-00", "alternatives": ["1", "35", "35"]}, {"date": "2024-05-22-23-00-00", "alternatives": ["1", "35", "35"]}, {"date": "2024-05-22-23-00-00", "alternatives": ["1", "35", "35"]}, {"date": "2024-05-22-23-00-00", "alternatives": ["1", "35", "35"]}, {"date": "2024-05-22-23-00-00", "alternatives": ["1", "35", "35"]}, {"date": "2024-05-22-23-00-00", "alternatives": ["1", "35", "35"]}, {"date": "2024-05-22-23-00-00", "alternatives": ["1", "35", "35"]}, {"date": "2024-05-22-23-00-00", "alternatives": ["1", "35", "35"]}, {"date": "2024-05-22-23-00-00", "alternatives": ["1", "35", "35"]}, {"date": "2024-05-22-23-00-00", "alternatives": ["1", "35", "35"]}, {"date": "2024-05-22-20-00-00", "alternatives": ["36", "36", "3"]}, {"date": "2024-05-22-20-00-00", "alternatives": ["36", "36", "3"]}, {"date": "2024-05-22-20-00-00", "alternatives": ["36", "36", "3"]}, {"date": "2024-05-22-20-00-00", "alternatives": ["36", "36", "3"]}, {"date": "2024-05-22-20-00-00", "alternatives": ["36", "36", "3"]}]}, {"location": {"country_code": "us", "region": "Nevada", "city": "Las Vegas"}, "game_id": "461764", "values": [{"date": "2024-05-22-02-00-00", "alternatives": [26, 26, 26, 38]}]}, {"location": {"country_code": "pe"}, "game_id": "461764", "values": [{"date": "2024-05-22-05-00-00", "alternatives": ["95", "95", "98"]}, {"date": "2024-05-22-05-00-00", "alternatives": ["95", "95", "98"]}]}, {"location": {"country_code": "pt"}, "game_id": "461764", "values": [{"date": "2024-05-22-19-00-00", "alternatives": ["107", "197", "107"]}, {"date": "2024-05-22-19-00-00", "alternatives": ["107", "197", "107"]}]}, {"location": {"country_code": "pt", "region": "Lisbon District", "city": "Amadora"}, "game_id": "461764", "values": [{"date": "2024-05-22-16-00-00", "alternatives": ["145", "125", "145"]}, {"date": "2024-05-22-16-00-00", "alternatives": ["145", "125", "145"]}]}, {"location": {"country_code": "hr"}, "game_id": "461764", "values": [{"date": "2024-05-22-16-00-00", "alternatives": ["35", "35", "39"]}, {"date": "2024-05-22-16-00-00", "alternatives": ["35", "35", "39"]}, {"date": "2024-05-22-16-00-00", "alternatives": ["35", "35", "39"]}, {"date": "2024-05-22-16-00-00", "alternatives": ["35", "35", "39"]}, {"date": "2024-05-22-16-00-00", "alternatives": ["35", "35", "39"]}, {"date": "2024-05-22-16-00-00", "alternatives": ["35", "35", "39"]}, {"date": "2024-05-22-16-00-00", "alternatives": ["35", "35", "39"]}, {"date": "2024-05-22-16-00-00", "alternatives": ["35", "35", "39"]}, {"date": "2024-05-22-16-00-00", "alternatives": ["35", "35", "39"]}, {"date": "2024-05-22-16-00-00", "alternatives": ["35", "35", "39"]}, {"date": "2024-05-22-16-00-00", "alternatives": ["35", "35", "39"]}, {"date": "2024-05-22-16-00-00", "alternatives": ["35", "35", "39"]}, {"date": "2024-05-22-16-00-00", "alternatives": ["35", "35", "39"]}, {"date": "2024-05-22-16-00-00", "alternatives": ["35", "35", "39"]}, {"date": "2024-05-22-16-00-00", "alternatives": ["35", "35", "39"]}, {"date": "2024-05-22-16-00-00", "alternatives": ["35", "35", "39"]}, {"date": "2024-05-22-16-00-00", "alternatives": ["35", "35", "39"]}, {"date": "2024-05-22-16-00-00", "alternatives": ["35", "35", "39"]}, {"date": "2024-05-22-16-00-00", "alternatives": ["35", "35", "39"]}, {"date": "2024-05-22-16-00-00", "alternatives": ["35", "35", "39"]}, {"date": "2024-05-22-16-00-00", "alternatives": ["35", "35", "39"]}]}, {"location": {"country_code": "de", "region": "Lower Saxony"}, "game_id": "461764", "values": [{"date": "2024-05-22-15-00-00", "alternatives": [30, 34, 34, 34]}, {"date": "2024-05-22-15-00-00", "alternatives": [30, 34, 34, 34]}, {"date": "2024-05-22-15-00-00", "alternatives": [30, 34, 34, 34]}, {"date": "2024-05-22-15-00-00", "alternatives": [30, 34, 34, 34]}, {"date": "2024-05-22-15-00-00", "alternatives": [30, 34, 34, 34]}, {"date": "2024-05-22-15-00-00", "alternatives": [30, 34, 34, 34]}]}, {"location": {"country_code": "bg"}, "game_id": "461764", "values": [{"date": "2024-05-22-11-00-00", "alternatives": ["5", "34", "34"]}, {"date": "2024-05-22-11-00-00", "alternatives": ["5", "34", "34"]}, {"date": "2024-05-22-11-00-00", "alternatives": ["5", "34", "34"]}, {"date": "2024-05-22-11-00-00", "alternatives": ["5", "34", "34"]}, {"date": "2024-05-22-11-00-00", "alternatives": ["5", "34", "34"]}, {"date": "2024-05-22-11-00-00", "alternatives": ["5", "34", "34"]}, {"date": "2024-05-22-11-00-00", "alternatives": ["5", "34", "34"]}, {"date": "2024-05-22-11-00-00", "alternatives": ["5", "34", "34"]}, {"date": "2024-05-22-11-00-00", "alternatives": ["5", "34", "34"]}, {"date": "2024-05-22-11-00-00", "alternatives": ["5", "34", "34"]}, {"date": "2024-05-22-11-00-00", "alternatives": ["5", "34", "34"]}, {"date": "2024-05-22-11-00-00", "alternatives": ["5", "34", "34"]}, {"date": "2024-05-22-16-00-00", "alternatives": ["34", "34", "334"]}, {"date": "2024-05-22-16-00-00", "alternatives": ["34", "34", "334"]}, {"date": "2024-05-22-16-00-00", "alternatives": ["34", "34", "334"]}, {"date": "2024-05-22-16-00-00", "alternatives": ["34", "34", "334"]}, {"date": "2024-05-22-16-00-00", "alternatives": ["34", "34", "334"]}, {"date": "2024-05-22-16-00-00", "alternatives": ["34", "34", "334"]}, {"date": "2024-05-22-16-00-00", "alternatives": ["34", "34", "334"]}]}, {"location": {"country_code": "us", "region": "Oregon", "city": "Portland"}, "game_id": "461764", "values": [{"date": "2024-05-22-22-00-00", "alternatives": [44, 44, 44, 1]}, {"date": "2024-05-22-22-00-00", "alternatives": [44, 44, 44, 1]}, {"date": "2024-05-22-22-00-00", "alternatives": [44, 44, 44, 1]}, {"date": "2024-05-22-22-00-00", "alternatives": [44, 44, 44, 1]}, {"date": "2024-05-22-22-00-00", "alternatives": [44, 44, 44, 1]}, {"date": "2024-05-22-22-00-00", "alternatives": [44, 44, 44, 1]}]}, {"location": {"country_code": "de", "region": "Baden-Wurttemberg", "city": "Stuttgart"}, "game_id": "461764", "values": [{"date": "2024-05-22-17-00-00", "alternatives": ["1", "35", "35"]}, {"date": "2024-05-22-17-00-00", "alternatives": ["1", "35", "35"]}, {"date": "2024-05-22-17-00-00", "alternatives": ["1", "35", "35"]}, {"date": "2024-05-22-17-00-00", "alternatives": ["1", "35", "35"]}, {"date": "2024-05-22-17-00-00", "alternatives": ["1", "35", "35"]}, {"date": "2024-05-22-17-00-00", "alternatives": ["1", "35", "35"]}]}, {"location": {"country_code": "jp", "region": "Hiroshima"}, "game_id": "461764", "values": [{"date": "2024-05-22-08-00-00", "alternatives": ["35", "35", "39"]}, {"date": "2024-05-22-08-00-00", "alternatives": ["35", "35", "39"]}, {"date": "2024-05-22-08-00-00", "alternatives": ["35", "35", "39"]}, {"date": "2024-05-22-08-00-00", "alternatives": ["35", "35", "39"]}, {"date": "2024-05-22-08-00-00", "alternatives": ["35", "35", "39"]}, {"date": "2024-05-22-08-00-00", "alternatives": ["35", "35", "39"]}, {"date": "2024-05-22-08-00-00", "alternatives": ["35", "35", "39"]}, {"date": "2024-05-22-08-00-00", "alternatives": ["35", "35", "39"]}, {"date": "2024-05-22-08-00-00", "alternatives": ["35", "35", "39"]}, {"date": "2024-05-22-08-00-00", "alternatives": ["35", "35", "39"]}, {"date": "2024-05-22-08-00-00", "alternatives": ["35", "35", "39"]}, {"date": "2024-05-22-08-00-00", "alternatives": ["35", "35", "39"]}]}, {"location": {"country_code": "au", "region": "Tasmania", "city": "Hobart"}, "game_id": "461764", "values": [{"date": "2024-05-22-14-00-00", "alternatives": ["500", "500", "5001"]}, {"date": "2024-05-22-14-00-00", "alternatives": ["500", "500", "5001"]}, {"date": "2024-05-22-14-00-00", "alternatives": ["500", "500", "5001"]}, {"date": "2024-05-22-14-00-00", "alternatives": ["500", "500", "5001"]}, {"date": "2024-05-22-14-00-00", "alternatives": ["500", "500", "5001"]}, {"date": "2024-05-22-14-00-00", "alternatives": ["500", "500", "5001"]}, {"date": "2024-05-22-14-00-00", "alternatives": ["500", "500", "5001"]}, {"date": "2024-05-22-14-00-00", "alternatives": ["500", "500", "5001"]}, {"date": "2024-05-22-14-00-00", "alternatives": ["500", "500", "5001"]}, {"date": "2024-05-22-14-00-00", "alternatives": ["500", "500", "5001"]}, {"date": "2024-05-22-14-00-00", "alternatives": ["500", "500", "5001"]}, {"date": "2024-05-22-14-00-00", "alternatives": ["500", "500", "5001"]}, {"date": "2024-05-22-14-00-00", "alternatives": ["500", "500", "5001"]}, {"date": "2024-05-22-14-00-00", "alternatives": ["500", "500", "5001"]}, {"date": "2024-05-22-14-00-00", "alternatives": ["500", "500", "5001"]}, {"date": "2024-05-22-14-00-00", "alternatives": ["500", "500", "5001"]}, {"date": "2024-05-22-14-00-00", "alternatives": ["500", "500", "5001"]}, {"date": "2024-05-22-14-00-00", "alternatives": ["500", "500", "5001"]}, {"date": "2024-05-22-14-00-00", "alternatives": ["500", "500", "5001"]}, {"date": "2024-05-22-14-00-00", "alternatives": ["500", "500", "5001"]}, {"date": "2024-05-22-14-00-00", "alternatives": ["500", "500", "5001"]}, {"date": "2024-05-22-14-00-00", "alternatives": ["500", "500", "5001"]}]}, {"location": {"country_code": "cz", "region": "Kralovehradecky kraj"}, "game_id": "461764", "values": [{"date": "2024-05-23-02-00-00", "alternatives": ["36", "3", "36"]}, {"date": "2024-05-23-02-00-00", "alternatives": ["36", "3", "36"]}, {"date": "2024-05-23-02-00-00", "alternatives": ["36", "3", "36"]}, {"date": "2024-05-23-02-00-00", "alternatives": ["36", "3", "36"]}, {"date": "2024-05-23-02-00-00", "alternatives": ["36", "3", "36"]}]}, {"location": {"country_code": "us", "region": "Illinois", "city": "Cary"}, "game_id": "461764", "values": [{"date": "2024-05-22-09-00-00", "alternatives": [4, 3, 34, 0, 34, 34]}]}], "last_updated": 1719918538.416427}