{"data": [{"location": {"country_code": "gb"}, "game_id": "319965", "values": [{"date": "2022-06-15-11-00-00", "latency": "26"}, {"date": "2022-06-15-11-00-00", "latency": "26"}]}, {"location": {"country_code": "mx"}, "game_id": "319965", "values": [{"date": "2022-06-15-08-00-00", "latency": "10"}, {"date": "2022-06-15-11-00-00", "latency": "66"}, {"date": "2022-06-15-11-00-00", "latency": "66"}, {"date": "2022-06-15-11-00-00", "latency": "66"}, {"date": "2022-06-15-11-00-00", "latency": "66"}, {"date": "2022-06-15-11-00-00", "latency": "66"}, {"date": "2022-06-15-11-00-00", "latency": "66"}, {"date": "2022-06-15-11-00-00", "latency": "66"}, {"date": "2022-06-15-11-00-00", "latency": "66"}, {"date": "2022-06-15-11-00-00", "latency": "66"}]}, {"location": {"country_code": "co"}, "game_id": "319965", "values": [{"date": "2022-06-15-05-00-00", "latency": "88"}, {"date": "2022-06-15-05-00-00", "latency": "88"}, {"date": "2022-06-15-05-00-00", "latency": "88"}, {"date": "2022-06-15-05-00-00", "latency": "88"}, {"date": "2022-06-15-05-00-00", "latency": "88"}, {"date": "2022-06-15-05-00-00", "latency": "88"}, {"date": "2022-06-15-05-00-00", "latency": "88"}]}, {"location": {"country_code": "us", "region": "Kentucky", "city": "Bowling Green"}, "game_id": "319965", "values": [{"date": "2022-06-15-09-00-00", "latency": "50"}, {"date": "2022-06-15-09-00-00", "latency": "50"}, {"date": "2022-06-15-09-00-00", "latency": "50"}, {"date": "2022-06-15-09-00-00", "latency": "50"}, {"date": "2022-06-15-09-00-00", "latency": "50"}, {"date": "2022-06-15-09-00-00", "latency": "50"}, {"date": "2022-06-15-09-00-00", "latency": "50"}, {"date": "2022-06-15-09-00-00", "latency": "50"}, {"date": "2022-06-15-09-00-00", "latency": "50"}, {"date": "2022-06-15-09-00-00", "latency": "50"}, {"date": "2022-06-15-09-00-00", "latency": "50"}, {"date": "2022-06-15-09-00-00", "latency": "50"}, {"date": "2022-06-15-09-00-00", "latency": "50"}, {"date": "2022-06-15-09-00-00", "latency": "50"}, {"date": "2022-06-15-09-00-00", "latency": "50"}, {"date": "2022-06-15-09-00-00", "latency": "50"}, {"date": "2022-06-15-09-00-00", "latency": "50"}, {"date": "2022-06-15-09-00-00", "latency": "50"}, {"date": "2022-06-15-09-00-00", "latency": "50"}]}], "last_updated": 1719915102.835228}