{"data": [{"location": {"country_code": "gb"}, "game_id": "319965", "values": [{"date": "2021-12-22-20-00-00", "latency": 111}, {"date": "2021-12-22-20-00-00", "latency": 111}, {"date": "2021-12-22-20-00-00", "latency": 111}]}, {"location": {"country_code": "us", "region": "Texas"}, "game_id": "319965", "values": [{"date": "2021-12-22-23-00-00", "latency": 0}]}, {"location": {"country_code": "es"}, "game_id": "319965", "values": [{"date": "2021-12-22-23-00-00", "latency": 173}, {"date": "2021-12-22-23-00-00", "latency": 173}, {"date": "2021-12-22-23-00-00", "latency": 173}, {"date": "2021-12-22-23-00-00", "latency": 173}, {"date": "2021-12-22-23-00-00", "latency": 173}, {"date": "2021-12-22-23-00-00", "latency": 173}, {"date": "2021-12-22-23-00-00", "latency": 173}, {"date": "2021-12-22-23-00-00", "latency": 173}, {"date": "2021-12-22-23-00-00", "latency": 173}, {"date": "2021-12-22-23-00-00", "latency": 173}, {"date": "2021-12-22-23-00-00", "latency": 173}, {"date": "2021-12-22-19-00-00", "latency": 158}, {"date": "2021-12-22-19-00-00", "latency": 158}, {"date": "2021-12-22-19-00-00", "latency": 158}, {"date": "2021-12-22-19-00-00", "latency": 158}, {"date": "2021-12-22-19-00-00", "latency": 158}, {"date": "2021-12-22-19-00-00", "latency": 158}, {"date": "2021-12-22-19-00-00", "latency": 158}]}, {"location": {"country_code": "es", "region": "Galicia"}, "game_id": "319965", "values": [{"date": "2021-12-23-00-00-00", "latency": 115}, {"date": "2021-12-23-00-00-00", "latency": 115}, {"date": "2021-12-23-00-00-00", "latency": 115}, {"date": "2021-12-23-00-00-00", "latency": 115}, {"date": "2021-12-23-00-00-00", "latency": 115}, {"date": "2021-12-23-00-00-00", "latency": 115}]}, {"location": {"country_code": "ie"}, "game_id": "319965", "values": [{"date": "2021-12-22-23-00-00", "latency": 1}]}, {"location": {"country_code": "de", "region": "North Rhine-Westphalia"}, "game_id": "319965", "values": [{"date": "2021-12-22-21-00-00", "latency": 0}]}], "last_updated": 1719919352.774445}