{"data": [{"location": {"country_code": "us"}, "game_id": "314852", "values": [{"date": "2024-02-01-08-00-00", "latency": 8}, {"date": "2024-02-01-04-00-00", "latency": 9}, {"date": "2024-02-01-02-00-00", "latency": 76}, {"date": "2024-02-01-02-00-00", "latency": 76}, {"date": "2024-02-01-02-00-00", "latency": 76}]}, {"location": {"country_code": "gb"}, "game_id": "314852", "values": [{"date": "2024-02-01-08-00-00", "latency": 51}]}, {"location": {"country_code": "za"}, "game_id": "314852", "values": [{"date": "2024-02-01-14-00-00", "latency": 6}, {"date": "2024-02-01-14-00-00", "latency": 6}, {"date": "2024-02-01-14-00-00", "latency": 6}]}, {"location": {"country_code": "jp"}, "game_id": "314852", "values": [{"date": "2024-02-01-22-00-00", "latency": 2}, {"date": "2024-02-01-15-00-00", "latency": 6}, {"date": "2024-02-01-14-00-00", "latency": 7}]}, {"location": {"country_code": "us", "region": "Florida"}, "game_id": "314852", "values": [{"date": "2024-02-01-03-00-00", "latency": 5}]}, {"location": {"country_code": "mx"}, "game_id": "314852", "values": [{"date": "2024-02-01-05-00-00", "latency": 73}, {"date": "2024-02-01-05-00-00", "latency": 73}]}, {"location": {"country_code": "us", "region": "California"}, "game_id": "314852", "values": [{"date": "2024-02-01-19-00-00", "latency": 6}]}, {"location": {"country_code": "br"}, "game_id": "314852", "values": [{"date": "2024-02-02-01-00-00", "latency": 10}, {"date": "2024-02-01-02-00-00", "latency": 30}, {"date": "2024-02-01-02-00-00", "latency": 30}, {"date": "2024-02-01-02-00-00", "latency": 30}, {"date": "2024-02-01-02-00-00", "latency": 30}, {"date": "2024-02-01-02-00-00", "latency": 30}]}, {"location": {"country_code": "br", "region": "Sao Paulo", "city": "Apiai"}, "game_id": "314852", "values": [{"date": "2024-02-01-16-00-00", "latency": 25}, {"date": "2024-02-01-16-00-00", "latency": 25}, {"date": "2024-02-01-16-00-00", "latency": 25}, {"date": "2024-02-01-16-00-00", "latency": 25}, {"date": "2024-02-01-16-00-00", "latency": 25}, {"date": "2024-02-01-16-00-00", "latency": 25}, {"date": "2024-02-01-16-00-00", "latency": 25}, {"date": "2024-02-01-16-00-00", "latency": 25}, {"date": "2024-02-01-16-00-00", "latency": 25}]}, {"location": {"country_code": "es"}, "game_id": "314852", "values": [{"date": "2024-02-01-17-00-00", "latency": 1113}, {"date": "2024-02-01-17-00-00", "latency": 1113}, {"date": "2024-02-01-17-00-00", "latency": 1113}]}, {"location": {"country_code": "ar", "region": "Buenos Aires F.D.", "city": "Bahia Blanca"}, "game_id": "314852", "values": [{"date": "2024-02-01-04-00-00", "latency": 1157}]}, {"location": {"country_code": "ru"}, "game_id": "314852", "values": [{"date": "2024-02-01-19-00-00", "latency": 0}, {"date": "2024-02-01-19-00-00", "latency": 0}]}, {"location": {"country_code": "us", "region": "California", "city": "Chula Vista"}, "game_id": "314852", "values": [{"date": "2024-02-02-00-00-00", "latency": 10}]}, {"location": {"country_code": "us", "region": "Texas", "city": "Arlington"}, "game_id": "314852", "values": [{"date": "2024-02-01-08-00-00", "latency": 4}, {"date": "2024-02-01-08-00-00", "latency": 4}]}, {"location": {"country_code": "ca", "region": "British Columbia", "city": "Richmond"}, "game_id": "314852", "values": [{"date": "2024-02-01-12-00-00", "latency": 8}, {"date": "2024-02-01-12-00-00", "latency": 8}]}, {"location": {"country_code": "ad"}, "game_id": "314852", "values": [{"date": "2024-02-01-15-00-00", "latency": 1135}]}, {"location": {"country_code": "br", "region": "Sao Paulo", "city": "Osasco"}, "game_id": "314852", "values": [{"date": "2024-02-01-23-00-00", "latency": 0}]}, {"location": {"country_code": "us", "region": "Guam", "city": "Dededo"}, "game_id": "314852", "values": [{"date": "2024-02-01-12-00-00", "latency": 99}]}, {"location": {"country_code": "qa"}, "game_id": "314852", "values": [{"date": "2024-02-01-20-00-00", "latency": 98}, {"date": "2024-02-01-20-00-00", "latency": 98}, {"date": "2024-02-01-20-00-00", "latency": 98}, {"date": "2024-02-01-20-00-00", "latency": 98}, {"date": "2024-02-01-20-00-00", "latency": 98}, {"date": "2024-02-01-20-00-00", "latency": 98}, {"date": "2024-02-01-20-00-00", "latency": 98}, {"date": "2024-02-01-20-00-00", "latency": 98}, {"date": "2024-02-01-20-00-00", "latency": 98}, {"date": "2024-02-01-20-00-00", "latency": 98}, {"date": "2024-02-01-20-00-00", "latency": 98}, {"date": "2024-02-01-20-00-00", "latency": 98}, {"date": "2024-02-01-20-00-00", "latency": 98}, {"date": "2024-02-01-20-00-00", "latency": 98}, {"date": "2024-02-01-20-00-00", "latency": 98}]}, {"location": {"country_code": "us", "region": "California", "city": "Apple Valley"}, "game_id": "314852", "values": [{"date": "2024-02-01-17-00-00", "latency": 0}]}, {"location": {"country_code": "cl", "region": "Valparaiso", "city": "Vina del Mar"}, "game_id": "314852", "values": [{"date": "2024-02-01-06-00-00", "latency": 1176}]}], "last_updated": 1719919206.225368}