{"data": [{"location": {"country_code": "nz"}, "game_id": "118849", "values": [{"date": "2024-02-09-05-00-00", "latency": "46"}, {"date": "2024-02-09-05-00-00", "latency": "46"}, {"date": "2024-02-09-05-00-00", "latency": "46"}, {"date": "2024-02-09-05-00-00", "latency": "46"}, {"date": "2024-02-09-05-00-00", "latency": "46"}, {"date": "2024-02-09-05-00-00", "latency": "46"}, {"date": "2024-02-09-05-00-00", "latency": "46"}, {"date": "2024-02-09-05-00-00", "latency": "46"}]}, {"location": {"country_code": "us"}, "game_id": "118849", "values": [{"date": "2024-02-09-08-00-00", "latency": "75"}, {"date": "2024-02-09-08-00-00", "latency": "75"}, {"date": "2024-02-09-08-00-00", "latency": "75"}, {"date": "2024-02-09-08-00-00", "latency": "75"}, {"date": "2024-02-09-08-00-00", "latency": "75"}, {"date": "2024-02-09-08-00-00", "latency": "75"}, {"date": "2024-02-09-08-00-00", "latency": "75"}, {"date": "2024-02-09-08-00-00", "latency": "75"}, {"date": "2024-02-09-08-00-00", "latency": "75"}, {"date": "2024-02-09-08-00-00", "latency": "75"}, {"date": "2024-02-09-08-00-00", "latency": "75"}, {"date": "2024-02-09-08-00-00", "latency": "75"}, {"date": "2024-02-09-08-00-00", "latency": "75"}, {"date": "2024-02-09-09-00-00", "latency": "35"}, {"date": "2024-02-09-09-00-00", "latency": "35"}, {"date": "2024-02-09-09-00-00", "latency": "35"}, {"date": "2024-02-09-09-00-00", "latency": "35"}, {"date": "2024-02-10-01-00-00", "latency": "53"}, {"date": "2024-02-10-01-00-00", "latency": "53"}]}, {"location": {"country_code": "br", "region": "Minas Gerais", "city": "Ituiutaba"}, "game_id": "118849", "values": [{"date": "2024-02-09-17-00-00", "latency": "17"}, {"date": "2024-02-09-17-00-00", "latency": "17"}, {"date": "2024-02-09-17-00-00", "latency": "17"}, {"date": "2024-02-09-17-00-00", "latency": "17"}, {"date": "2024-02-09-17-00-00", "latency": "17"}, {"date": "2024-02-09-17-00-00", "latency": "17"}, {"date": "2024-02-09-17-00-00", "latency": "17"}, {"date": "2024-02-09-17-00-00", "latency": "17"}, {"date": "2024-02-09-17-00-00", "latency": "17"}, {"date": "2024-02-09-17-00-00", "latency": "17"}, {"date": "2024-02-09-17-00-00", "latency": "17"}, {"date": "2024-02-09-17-00-00", "latency": "17"}, {"date": "2024-02-09-17-00-00", "latency": "17"}, {"date": "2024-02-09-17-00-00", "latency": "17"}, {"date": "2024-02-09-17-00-00", "latency": "17"}, {"date": "2024-02-09-17-00-00", "latency": "17"}, {"date": "2024-02-09-17-00-00", "latency": "17"}, {"date": "2024-02-09-17-00-00", "latency": "17"}]}, {"location": {"country_code": "in", "region": "Tamil Nadu"}, "game_id": "118849", "values": [{"date": "2024-02-09-23-00-00", "latency": "23"}, {"date": "2024-02-09-23-00-00", "latency": "23"}, {"date": "2024-02-09-23-00-00", "latency": "23"}, {"date": "2024-02-09-23-00-00", "latency": "23"}, {"date": "2024-02-09-23-00-00", "latency": "23"}]}, {"location": {"country_code": "de", "region": "Berlin", "city": "Berlin"}, "game_id": "118849", "values": [{"date": "2024-02-09-23-00-00", "latency": "16"}, {"date": "2024-02-09-23-00-00", "latency": "16"}, {"date": "2024-02-09-23-00-00", "latency": "16"}, {"date": "2024-02-09-23-00-00", "latency": "16"}, {"date": "2024-02-09-23-00-00", "latency": "16"}, {"date": "2024-02-09-23-00-00", "latency": "16"}, {"date": "2024-02-09-23-00-00", "latency": "16"}, {"date": "2024-02-10-01-00-00", "latency": "29"}, {"date": "2024-02-10-01-00-00", "latency": "29"}, {"date": "2024-02-10-01-00-00", "latency": "29"}, {"date": "2024-02-10-01-00-00", "latency": "29"}, {"date": "2024-02-10-01-00-00", "latency": "29"}, {"date": "2024-02-10-01-00-00", "latency": "29"}, {"date": "2024-02-10-01-00-00", "latency": "29"}, {"date": "2024-02-10-01-00-00", "latency": "29"}, {"date": "2024-02-10-01-00-00", "latency": "29"}, {"date": "2024-02-10-01-00-00", "latency": "29"}, {"date": "2024-02-10-01-00-00", "latency": "29"}, {"date": "2024-02-10-01-00-00", "latency": "29"}, {"date": "2024-02-10-01-00-00", "latency": "29"}, {"date": "2024-02-10-01-00-00", "latency": "29"}, {"date": "2024-02-09-20-00-00", "latency": "2"}, {"date": "2024-02-09-20-00-00", "latency": "2"}, {"date": "2024-02-09-20-00-00", "latency": "2"}, {"date": "2024-02-09-20-00-00", "latency": "2"}, {"date": "2024-02-09-20-00-00", "latency": "2"}, {"date": "2024-02-09-20-00-00", "latency": "2"}, {"date": "2024-02-09-20-00-00", "latency": "2"}, {"date": "2024-02-09-20-00-00", "latency": "2"}, {"date": "2024-02-09-20-00-00", "latency": "2"}, {"date": "2024-02-09-20-00-00", "latency": "2"}, {"date": "2024-02-09-20-00-00", "latency": "2"}, {"date": "2024-02-09-20-00-00", "latency": "2"}, {"date": "2024-02-09-20-00-00", "latency": "2"}, {"date": "2024-02-09-20-00-00", "latency": "2"}, {"date": "2024-02-09-20-00-00", "latency": "2"}, {"date": "2024-02-09-20-00-00", "latency": "2"}, {"date": "2024-02-09-20-00-00", "latency": "2"}, {"date": "2024-02-09-20-00-00", "latency": "2"}, {"date": "2024-02-09-21-00-00", "latency": "12"}, {"date": "2024-02-09-21-00-00", "latency": "12"}, {"date": "2024-02-09-21-00-00", "latency": "12"}, {"date": "2024-02-09-21-00-00", "latency": "12"}, {"date": "2024-02-09-21-00-00", "latency": "12"}, {"date": "2024-02-09-21-00-00", "latency": "12"}, {"date": "2024-02-09-21-00-00", "latency": "12"}, {"date": "2024-02-09-21-00-00", "latency": "12"}, {"date": "2024-02-09-21-00-00", "latency": "12"}, {"date": "2024-02-09-21-00-00", "latency": "12"}, {"date": "2024-02-09-21-00-00", "latency": "12"}, {"date": "2024-02-09-21-00-00", "latency": "12"}, {"date": "2024-02-09-21-00-00", "latency": "12"}, {"date": "2024-02-09-21-00-00", "latency": "12"}, {"date": "2024-02-09-21-00-00", "latency": "12"}, {"date": "2024-02-09-21-00-00", "latency": "12"}, {"date": "2024-02-09-21-00-00", "latency": "12"}, {"date": "2024-02-09-21-00-00", "latency": "12"}, {"date": "2024-02-09-21-00-00", "latency": "12"}]}, {"location": {"country_code": "au"}, "game_id": "118849", "values": [{"date": "2024-02-09-05-00-00", "latency": "21"}, {"date": "2024-02-09-14-00-00", "latency": "21"}, {"date": "2024-02-09-14-00-00", "latency": "21"}, {"date": "2024-02-09-14-00-00", "latency": "21"}, {"date": "2024-02-09-14-00-00", "latency": "21"}, {"date": "2024-02-09-14-00-00", "latency": "21"}, {"date": "2024-02-09-14-00-00", "latency": "21"}, {"date": "2024-02-09-14-00-00", "latency": "21"}, {"date": "2024-02-09-14-00-00", "latency": "21"}, {"date": "2024-02-09-14-00-00", "latency": "21"}, {"date": "2024-02-09-07-00-00", "latency": "1"}, {"date": "2024-02-09-16-00-00", "latency": "17"}]}, {"location": {"country_code": "gb"}, "game_id": "118849", "values": [{"date": "2024-02-09-22-00-00", "latency": "27"}, {"date": "2024-02-09-22-00-00", "latency": "27"}, {"date": "2024-02-09-22-00-00", "latency": "27"}, {"date": "2024-02-09-22-00-00", "latency": "27"}, {"date": "2024-02-09-22-00-00", "latency": "27"}, {"date": "2024-02-09-22-00-00", "latency": "27"}, {"date": "2024-02-09-22-00-00", "latency": "27"}, {"date": "2024-02-09-22-00-00", "latency": "27"}, {"date": "2024-02-09-22-00-00", "latency": "27"}, {"date": "2024-02-09-22-00-00", "latency": "27"}, {"date": "2024-02-09-22-00-00", "latency": "27"}, {"date": "2024-02-09-22-00-00", "latency": "27"}, {"date": "2024-02-09-22-00-00", "latency": "27"}, {"date": "2024-02-09-19-00-00", "latency": "44"}, {"date": "2024-02-09-19-00-00", "latency": "44"}, {"date": "2024-02-09-19-00-00", "latency": "44"}, {"date": "2024-02-09-19-00-00", "latency": "44"}]}, {"location": {"country_code": "th"}, "game_id": "118849", "values": [{"date": "2024-02-09-04-00-00", "latency": "18"}, {"date": "2024-02-09-04-00-00", "latency": "18"}, {"date": "2024-02-09-04-00-00", "latency": "18"}, {"date": "2024-02-09-04-00-00", "latency": "18"}, {"date": "2024-02-09-04-00-00", "latency": "18"}, {"date": "2024-02-09-17-00-00", "latency": "15"}, {"date": "2024-02-09-17-00-00", "latency": "15"}, {"date": "2024-02-09-17-00-00", "latency": "15"}, {"date": "2024-02-09-17-00-00", "latency": "15"}, {"date": "2024-02-09-17-00-00", "latency": "15"}, {"date": "2024-02-09-17-00-00", "latency": "15"}, {"date": "2024-02-09-16-00-00", "latency": "30"}, {"date": "2024-02-09-16-00-00", "latency": "30"}, {"date": "2024-02-09-16-00-00", "latency": "30"}, {"date": "2024-02-09-16-00-00", "latency": "30"}, {"date": "2024-02-09-16-00-00", "latency": "30"}, {"date": "2024-02-09-16-00-00", "latency": "30"}, {"date": "2024-02-09-17-00-00", "latency": "5"}, {"date": "2024-02-09-17-00-00", "latency": "5"}, {"date": "2024-02-09-17-00-00", "latency": "5"}, {"date": "2024-02-09-17-00-00", "latency": "5"}, {"date": "2024-02-09-17-00-00", "latency": "5"}, {"date": "2024-02-09-17-00-00", "latency": "5"}, {"date": "2024-02-09-17-00-00", "latency": "5"}, {"date": "2024-02-09-17-00-00", "latency": "5"}, {"date": "2024-02-09-17-00-00", "latency": "5"}, {"date": "2024-02-09-17-00-00", "latency": "5"}, {"date": "2024-02-09-17-00-00", "latency": "5"}, {"date": "2024-02-09-17-00-00", "latency": "5"}, {"date": "2024-02-09-17-00-00", "latency": "5"}, {"date": "2024-02-09-17-00-00", "latency": "5"}, {"date": "2024-02-09-17-00-00", "latency": "5"}, {"date": "2024-02-09-17-00-00", "latency": "5"}, {"date": "2024-02-09-17-00-00", "latency": "5"}, {"date": "2024-02-09-17-00-00", "latency": "5"}, {"date": "2024-02-09-17-00-00", "latency": "5"}, {"date": "2024-02-09-17-00-00", "latency": "5"}, {"date": "2024-02-09-17-00-00", "latency": "5"}, {"date": "2024-02-09-14-00-00", "latency": "27"}, {"date": "2024-02-09-14-00-00", "latency": "27"}, {"date": "2024-02-09-14-00-00", "latency": "27"}, {"date": "2024-02-09-14-00-00", "latency": "27"}, {"date": "2024-02-09-14-00-00", "latency": "27"}, {"date": "2024-02-09-14-00-00", "latency": "27"}, {"date": "2024-02-09-14-00-00", "latency": "27"}, {"date": "2024-02-09-14-00-00", "latency": "27"}, {"date": "2024-02-09-14-00-00", "latency": "27"}, {"date": "2024-02-09-14-00-00", "latency": "27"}, {"date": "2024-02-09-14-00-00", "latency": "27"}, {"date": "2024-02-09-14-00-00", "latency": "27"}, {"date": "2024-02-09-14-00-00", "latency": "27"}, {"date": "2024-02-09-14-00-00", "latency": "27"}, {"date": "2024-02-09-14-00-00", "latency": "27"}, {"date": "2024-02-09-14-00-00", "latency": "27"}, {"date": "2024-02-09-15-00-00", "latency": "19"}, {"date": "2024-02-09-15-00-00", "latency": "19"}, {"date": "2024-02-09-15-00-00", "latency": "19"}, {"date": "2024-02-09-15-00-00", "latency": "19"}, {"date": "2024-02-09-15-00-00", "latency": "19"}, {"date": "2024-02-09-15-00-00", "latency": "19"}, {"date": "2024-02-09-15-00-00", "latency": "19"}, {"date": "2024-02-09-15-00-00", "latency": "19"}, {"date": "2024-02-09-15-00-00", "latency": "19"}, {"date": "2024-02-09-15-00-00", "latency": "19"}, {"date": "2024-02-09-15-00-00", "latency": "19"}, {"date": "2024-02-09-15-00-00", "latency": "19"}, {"date": "2024-02-09-15-00-00", "latency": "19"}, {"date": "2024-02-09-15-00-00", "latency": "19"}, {"date": "2024-02-09-15-00-00", "latency": "19"}]}, {"location": {"country_code": "ro"}, "game_id": "118849", "values": [{"date": "2024-02-09-17-00-00", "latency": "40"}, {"date": "2024-02-09-17-00-00", "latency": "40"}]}, {"location": {"country_code": "za"}, "game_id": "118849", "values": [{"date": "2024-02-09-22-00-00", "latency": "160"}, {"date": "2024-02-09-22-00-00", "latency": "160"}, {"date": "2024-02-09-22-00-00", "latency": "160"}, {"date": "2024-02-09-22-00-00", "latency": "160"}, {"date": "2024-02-09-22-00-00", "latency": "160"}, {"date": "2024-02-09-22-00-00", "latency": "160"}, {"date": "2024-02-09-22-00-00", "latency": "160"}, {"date": "2024-02-09-22-00-00", "latency": "160"}, {"date": "2024-02-09-22-00-00", "latency": "160"}, {"date": "2024-02-09-22-00-00", "latency": "160"}, {"date": "2024-02-09-22-00-00", "latency": "160"}, {"date": "2024-02-09-22-00-00", "latency": "160"}, {"date": "2024-02-09-22-00-00", "latency": "160"}, {"date": "2024-02-09-22-00-00", "latency": "160"}, {"date": "2024-02-09-22-00-00", "latency": "160"}, {"date": "2024-02-09-22-00-00", "latency": "160"}, {"date": "2024-02-09-22-00-00", "latency": "160"}, {"date": "2024-02-09-22-00-00", "latency": "160"}, {"date": "2024-02-09-22-00-00", "latency": "160"}, {"date": "2024-02-09-22-00-00", "latency": "160"}, {"date": "2024-02-09-22-00-00", "latency": "160"}, {"date": "2024-02-09-22-00-00", "latency": "160"}, {"date": "2024-02-09-22-00-00", "latency": "160"}, {"date": "2024-02-09-22-00-00", "latency": "160"}, {"date": "2024-02-09-22-00-00", "latency": "160"}, {"date": "2024-02-09-22-00-00", "latency": "160"}, {"date": "2024-02-09-22-00-00", "latency": "160"}, {"date": "2024-02-09-22-00-00", "latency": "160"}, {"date": "2024-02-09-22-00-00", "latency": "160"}, {"date": "2024-02-09-22-00-00", "latency": "160"}, {"date": "2024-02-09-22-00-00", "latency": "160"}]}, {"location": {"country_code": "jp"}, "game_id": "118849", "values": [{"date": "2024-02-09-13-00-00", "latency": "161"}, {"date": "2024-02-09-13-00-00", "latency": "161"}, {"date": "2024-02-09-13-00-00", "latency": "161"}, {"date": "2024-02-09-13-00-00", "latency": "161"}, {"date": "2024-02-09-13-00-00", "latency": "161"}, {"date": "2024-02-09-13-00-00", "latency": "161"}, {"date": "2024-02-09-13-00-00", "latency": "161"}, {"date": "2024-02-09-13-00-00", "latency": "161"}, {"date": "2024-02-09-17-00-00", "latency": "1"}, {"date": "2024-02-09-17-00-00", "latency": "1"}, {"date": "2024-02-09-17-00-00", "latency": "1"}, {"date": "2024-02-09-17-00-00", "latency": "1"}, {"date": "2024-02-09-17-00-00", "latency": "1"}, {"date": "2024-02-09-19-00-00", "latency": "14"}, {"date": "2024-02-09-19-00-00", "latency": "14"}, {"date": "2024-02-09-19-00-00", "latency": "14"}, {"date": "2024-02-09-19-00-00", "latency": "14"}, {"date": "2024-02-09-19-00-00", "latency": "14"}, {"date": "2024-02-09-19-00-00", "latency": "14"}, {"date": "2024-02-09-19-00-00", "latency": "14"}, {"date": "2024-02-09-19-00-00", "latency": "14"}, {"date": "2024-02-09-19-00-00", "latency": "14"}, {"date": "2024-02-09-19-00-00", "latency": "14"}, {"date": "2024-02-09-19-00-00", "latency": "14"}, {"date": "2024-02-09-17-00-00", "latency": "35"}, {"date": "2024-02-09-17-00-00", "latency": "35"}, {"date": "2024-02-09-17-00-00", "latency": "35"}, {"date": "2024-02-09-17-00-00", "latency": "35"}, {"date": "2024-02-09-17-00-00", "latency": "35"}, {"date": "2024-02-09-17-00-00", "latency": "35"}, {"date": "2024-02-09-17-00-00", "latency": "35"}, {"date": "2024-02-09-17-00-00", "latency": "35"}, {"date": "2024-02-09-17-00-00", "latency": "35"}, {"date": "2024-02-09-18-00-00", "latency": "11"}, {"date": "2024-02-09-18-00-00", "latency": "11"}, {"date": "2024-02-09-18-00-00", "latency": "11"}, {"date": "2024-02-09-07-00-00", "latency": "26"}, {"date": "2024-02-09-07-00-00", "latency": "26"}, {"date": "2024-02-09-07-00-00", "latency": "26"}, {"date": "2024-02-09-07-00-00", "latency": "26"}, {"date": "2024-02-09-07-00-00", "latency": "26"}, {"date": "2024-02-09-07-00-00", "latency": "26"}, {"date": "2024-02-09-07-00-00", "latency": "26"}, {"date": "2024-02-09-07-00-00", "latency": "26"}]}, {"location": {"country_code": "jp", "region": "Nagoya"}, "game_id": "118849", "values": [{"date": "2024-02-09-15-00-00", "latency": "162"}, {"date": "2024-02-09-15-00-00", "latency": "162"}, {"date": "2024-02-09-15-00-00", "latency": "162"}, {"date": "2024-02-09-15-00-00", "latency": "162"}, {"date": "2024-02-09-15-00-00", "latency": "162"}, {"date": "2024-02-09-15-00-00", "latency": "162"}]}, {"location": {"country_code": "de"}, "game_id": "118849", "values": [{"date": "2024-02-09-21-00-00", "latency": "26"}, {"date": "2024-02-09-17-00-00", "latency": "13"}, {"date": "2024-02-09-17-00-00", "latency": "13"}, {"date": "2024-02-09-19-00-00", "latency": "13"}, {"date": "2024-02-09-19-00-00", "latency": "13"}, {"date": "2024-02-09-19-00-00", "latency": "13"}, {"date": "2024-02-09-19-00-00", "latency": "13"}, {"date": "2024-02-09-19-00-00", "latency": "13"}, {"date": "2024-02-09-19-00-00", "latency": "13"}, {"date": "2024-02-09-19-00-00", "latency": "13"}, {"date": "2024-02-09-19-00-00", "latency": "13"}, {"date": "2024-02-09-20-00-00", "latency": "13"}, {"date": "2024-02-09-20-00-00", "latency": "13"}, {"date": "2024-02-09-20-00-00", "latency": "13"}, {"date": "2024-02-09-20-00-00", "latency": "13"}, {"date": "2024-02-09-20-00-00", "latency": "13"}, {"date": "2024-02-09-20-00-00", "latency": "13"}, {"date": "2024-02-09-20-00-00", "latency": "13"}, {"date": "2024-02-09-20-00-00", "latency": "13"}, {"date": "2024-02-09-20-00-00", "latency": "13"}, {"date": "2024-02-09-20-00-00", "latency": "13"}, {"date": "2024-02-09-20-00-00", "latency": "13"}, {"date": "2024-02-09-20-00-00", "latency": "13"}, {"date": "2024-02-09-20-00-00", "latency": "13"}, {"date": "2024-02-09-20-00-00", "latency": "13"}, {"date": "2024-02-09-20-00-00", "latency": "13"}, {"date": "2024-02-09-20-00-00", "latency": "13"}, {"date": "2024-02-09-20-00-00", "latency": "13"}, {"date": "2024-02-09-20-00-00", "latency": "13"}, {"date": "2024-02-09-20-00-00", "latency": "13"}, {"date": "2024-02-09-20-00-00", "latency": "13"}, {"date": "2024-02-09-20-00-00", "latency": "13"}, {"date": "2024-02-09-20-00-00", "latency": "13"}, {"date": "2024-02-09-20-00-00", "latency": "13"}, {"date": "2024-02-09-20-00-00", "latency": "13"}, {"date": "2024-02-09-20-00-00", "latency": "13"}, {"date": "2024-02-09-20-00-00", "latency": "13"}, {"date": "2024-02-09-20-00-00", "latency": "13"}, {"date": "2024-02-09-20-00-00", "latency": "13"}, {"date": "2024-02-09-20-00-00", "latency": "13"}, {"date": "2024-02-09-20-00-00", "latency": "13"}, {"date": "2024-02-09-20-00-00", "latency": "13"}, {"date": "2024-02-09-20-00-00", "latency": "13"}, {"date": "2024-02-09-20-00-00", "latency": "13"}, {"date": "2024-02-09-20-00-00", "latency": "13"}, {"date": "2024-02-09-20-00-00", "latency": "13"}, {"date": "2024-02-09-20-00-00", "latency": "13"}, {"date": "2024-02-09-15-00-00", "latency": "11"}, {"date": "2024-02-09-15-00-00", "latency": "11"}, {"date": "2024-02-09-15-00-00", "latency": "11"}, {"date": "2024-02-09-15-00-00", "latency": "11"}, {"date": "2024-02-09-15-00-00", "latency": "11"}, {"date": "2024-02-09-15-00-00", "latency": "11"}, {"date": "2024-02-09-15-00-00", "latency": "11"}, {"date": "2024-02-09-16-00-00", "latency": "15"}, {"date": "2024-02-09-16-00-00", "latency": "15"}, {"date": "2024-02-09-16-00-00", "latency": "15"}, {"date": "2024-02-09-16-00-00", "latency": "15"}, {"date": "2024-02-09-16-00-00", "latency": "15"}, {"date": "2024-02-09-16-00-00", "latency": "15"}, {"date": "2024-02-09-16-00-00", "latency": "15"}, {"date": "2024-02-09-16-00-00", "latency": "15"}, {"date": "2024-02-09-16-00-00", "latency": "15"}, {"date": "2024-02-09-16-00-00", "latency": "15"}, {"date": "2024-02-09-16-00-00", "latency": "15"}, {"date": "2024-02-09-16-00-00", "latency": "15"}, {"date": "2024-02-09-16-00-00", "latency": "15"}, {"date": "2024-02-09-16-00-00", "latency": "15"}, {"date": "2024-02-09-16-00-00", "latency": "15"}, {"date": "2024-02-09-16-00-00", "latency": "15"}, {"date": "2024-02-09-16-00-00", "latency": "15"}, {"date": "2024-02-09-16-00-00", "latency": "15"}, {"date": "2024-02-09-16-00-00", "latency": "15"}, {"date": "2024-02-09-16-00-00", "latency": "15"}, {"date": "2024-02-09-16-00-00", "latency": "15"}, {"date": "2024-02-09-16-00-00", "latency": "15"}, {"date": "2024-02-09-16-00-00", "latency": "15"}, {"date": "2024-02-09-16-00-00", "latency": "15"}, {"date": "2024-02-09-16-00-00", "latency": "15"}, {"date": "2024-02-09-16-00-00", "latency": "15"}, {"date": "2024-02-09-16-00-00", "latency": "15"}, {"date": "2024-02-09-16-00-00", "latency": "15"}, {"date": "2024-02-09-21-00-00", "latency": "27"}, {"date": "2024-02-09-21-00-00", "latency": "27"}, {"date": "2024-02-09-21-00-00", "latency": "27"}, {"date": "2024-02-09-21-00-00", "latency": "27"}, {"date": "2024-02-09-21-00-00", "latency": "27"}, {"date": "2024-02-09-21-00-00", "latency": "27"}, {"date": "2024-02-09-21-00-00", "latency": "27"}, {"date": "2024-02-09-21-00-00", "latency": "27"}, {"date": "2024-02-09-21-00-00", "latency": "27"}, {"date": "2024-02-09-21-00-00", "latency": "27"}, {"date": "2024-02-09-21-00-00", "latency": "27"}, {"date": "2024-02-09-21-00-00", "latency": "27"}, {"date": "2024-02-09-21-00-00", "latency": "27"}, {"date": "2024-02-09-21-00-00", "latency": "27"}, {"date": "2024-02-09-21-00-00", "latency": "27"}, {"date": "2024-02-09-21-00-00", "latency": "27"}, {"date": "2024-02-09-21-00-00", "latency": "27"}, {"date": "2024-02-09-21-00-00", "latency": "27"}, {"date": "2024-02-09-21-00-00", "latency": "27"}, {"date": "2024-02-09-21-00-00", "latency": "27"}, {"date": "2024-02-09-21-00-00", "latency": "27"}, {"date": "2024-02-09-21-00-00", "latency": "27"}, {"date": "2024-02-09-19-00-00", "latency": "10"}, {"date": "2024-02-09-19-00-00", "latency": "10"}, {"date": "2024-02-09-19-00-00", "latency": "10"}, {"date": "2024-02-09-19-00-00", "latency": "10"}, {"date": "2024-02-09-19-00-00", "latency": "10"}, {"date": "2024-02-09-19-00-00", "latency": "10"}, {"date": "2024-02-09-19-00-00", "latency": "10"}, {"date": "2024-02-09-19-00-00", "latency": "10"}, {"date": "2024-02-09-19-00-00", "latency": "10"}, {"date": "2024-02-09-19-00-00", "latency": "10"}]}, {"location": {"country_code": "tw"}, "game_id": "118849", "values": [{"date": "2024-02-09-09-00-00", "latency": "7"}, {"date": "2024-02-09-09-00-00", "latency": "7"}, {"date": "2024-02-09-09-00-00", "latency": "7"}, {"date": "2024-02-09-09-00-00", "latency": "7"}, {"date": "2024-02-09-09-00-00", "latency": "7"}, {"date": "2024-02-09-09-00-00", "latency": "7"}, {"date": "2024-02-09-09-00-00", "latency": "7"}, {"date": "2024-02-09-09-00-00", "latency": "7"}, {"date": "2024-02-09-15-00-00", "latency": "15"}, {"date": "2024-02-09-15-00-00", "latency": "15"}, {"date": "2024-02-09-15-00-00", "latency": "15"}, {"date": "2024-02-09-15-00-00", "latency": "15"}, {"date": "2024-02-09-15-00-00", "latency": "15"}, {"date": "2024-02-09-15-00-00", "latency": "15"}, {"date": "2024-02-09-15-00-00", "latency": "15"}, {"date": "2024-02-09-15-00-00", "latency": "15"}, {"date": "2024-02-09-15-00-00", "latency": "15"}, {"date": "2024-02-09-15-00-00", "latency": "15"}, {"date": "2024-02-09-15-00-00", "latency": "15"}, {"date": "2024-02-09-15-00-00", "latency": "15"}, {"date": "2024-02-09-15-00-00", "latency": "15"}, {"date": "2024-02-09-18-00-00", "latency": "3"}, {"date": "2024-02-09-18-00-00", "latency": "3"}, {"date": "2024-02-09-18-00-00", "latency": "3"}, {"date": "2024-02-09-18-00-00", "latency": "3"}, {"date": "2024-02-09-18-00-00", "latency": "3"}, {"date": "2024-02-09-18-00-00", "latency": "3"}, {"date": "2024-02-09-18-00-00", "latency": "3"}]}, {"location": {"country_code": "cl"}, "game_id": "118849", "values": [{"date": "2024-02-09-23-00-00", "latency": "1"}, {"date": "2024-02-09-23-00-00", "latency": "1"}, {"date": "2024-02-09-23-00-00", "latency": "1"}, {"date": "2024-02-09-23-00-00", "latency": "1"}, {"date": "2024-02-09-23-00-00", "latency": "1"}, {"date": "2024-02-09-23-00-00", "latency": "1"}, {"date": "2024-02-09-23-00-00", "latency": "1"}, {"date": "2024-02-09-23-00-00", "latency": "1"}, {"date": "2024-02-09-23-00-00", "latency": "1"}, {"date": "2024-02-09-23-00-00", "latency": "1"}, {"date": "2024-02-09-01-00-00", "latency": "19"}, {"date": "2024-02-09-01-00-00", "latency": "19"}, {"date": "2024-02-09-05-00-00", "latency": "28"}, {"date": "2024-02-09-05-00-00", "latency": "28"}, {"date": "2024-02-09-05-00-00", "latency": "28"}, {"date": "2024-02-09-05-00-00", "latency": "28"}, {"date": "2024-02-09-05-00-00", "latency": "28"}, {"date": "2024-02-09-05-00-00", "latency": "28"}, {"date": "2024-02-09-05-00-00", "latency": "28"}, {"date": "2024-02-09-05-00-00", "latency": "28"}, {"date": "2024-02-09-05-00-00", "latency": "28"}, {"date": "2024-02-09-05-00-00", "latency": "28"}, {"date": "2024-02-09-05-00-00", "latency": "28"}, {"date": "2024-02-09-05-00-00", "latency": "28"}, {"date": "2024-02-09-01-00-00", "latency": "6"}, {"date": "2024-02-09-01-00-00", "latency": "6"}]}, {"location": {"country_code": "us", "region": "Florida", "city": "Tampa"}, "game_id": "118849", "values": [{"date": "2024-02-09-23-00-00", "latency": "38"}]}, {"location": {"country_code": "ph"}, "game_id": "118849", "values": [{"date": "2024-02-09-01-00-00", "latency": "106"}, {"date": "2024-02-09-01-00-00", "latency": "106"}, {"date": "2024-02-09-15-00-00", "latency": "18"}, {"date": "2024-02-09-15-00-00", "latency": "18"}, {"date": "2024-02-09-15-00-00", "latency": "18"}, {"date": "2024-02-09-15-00-00", "latency": "18"}, {"date": "2024-02-09-15-00-00", "latency": "18"}, {"date": "2024-02-09-15-00-00", "latency": "18"}, {"date": "2024-02-09-15-00-00", "latency": "18"}, {"date": "2024-02-09-15-00-00", "latency": "18"}, {"date": "2024-02-09-15-00-00", "latency": "18"}, {"date": "2024-02-09-15-00-00", "latency": "18"}, {"date": "2024-02-09-15-00-00", "latency": "18"}, {"date": "2024-02-09-15-00-00", "latency": "18"}, {"date": "2024-02-09-15-00-00", "latency": "18"}, {"date": "2024-02-09-15-00-00", "latency": "18"}, {"date": "2024-02-09-15-00-00", "latency": "18"}, {"date": "2024-02-09-15-00-00", "latency": "18"}, {"date": "2024-02-09-15-00-00", "latency": "18"}, {"date": "2024-02-09-15-00-00", "latency": "18"}, {"date": "2024-02-09-15-00-00", "latency": "18"}, {"date": "2024-02-09-15-00-00", "latency": "18"}, {"date": "2024-02-09-15-00-00", "latency": "18"}, {"date": "2024-02-09-15-00-00", "latency": "18"}, {"date": "2024-02-09-15-00-00", "latency": "18"}, {"date": "2024-02-09-15-00-00", "latency": "18"}, {"date": "2024-02-09-15-00-00", "latency": "18"}, {"date": "2024-02-09-15-00-00", "latency": "18"}, {"date": "2024-02-09-15-00-00", "latency": "18"}, {"date": "2024-02-09-15-00-00", "latency": "18"}, {"date": "2024-02-09-15-00-00", "latency": "18"}, {"date": "2024-02-09-15-00-00", "latency": "18"}, {"date": "2024-02-09-15-00-00", "latency": "18"}, {"date": "2024-02-09-15-00-00", "latency": "18"}, {"date": "2024-02-09-15-00-00", "latency": "18"}, {"date": "2024-02-09-18-00-00", "latency": "18"}, {"date": "2024-02-09-18-00-00", "latency": "18"}, {"date": "2024-02-09-18-00-00", "latency": "18"}, {"date": "2024-02-09-18-00-00", "latency": "18"}, {"date": "2024-02-09-18-00-00", "latency": "18"}, {"date": "2024-02-09-18-00-00", "latency": "18"}, {"date": "2024-02-09-18-00-00", "latency": "18"}, {"date": "2024-02-09-12-00-00", "latency": "19"}, {"date": "2024-02-09-12-00-00", "latency": "19"}, {"date": "2024-02-09-12-00-00", "latency": "19"}, {"date": "2024-02-09-12-00-00", "latency": "19"}, {"date": "2024-02-09-12-00-00", "latency": "19"}, {"date": "2024-02-10-01-00-00", "latency": "22"}, {"date": "2024-02-10-01-00-00", "latency": "22"}, {"date": "2024-02-09-15-00-00", "latency": "15"}]}, {"location": {"country_code": "fr"}, "game_id": "118849", "values": [{"date": "2024-02-09-16-00-00", "latency": "23"}, {"date": "2024-02-09-16-00-00", "latency": "23"}, {"date": "2024-02-09-16-00-00", "latency": "23"}, {"date": "2024-02-09-16-00-00", "latency": "23"}, {"date": "2024-02-09-16-00-00", "latency": "23"}, {"date": "2024-02-09-16-00-00", "latency": "23"}, {"date": "2024-02-09-16-00-00", "latency": "23"}, {"date": "2024-02-09-16-00-00", "latency": "23"}, {"date": "2024-02-09-16-00-00", "latency": "23"}, {"date": "2024-02-09-16-00-00", "latency": "23"}, {"date": "2024-02-09-16-00-00", "latency": "23"}, {"date": "2024-02-09-16-00-00", "latency": "23"}, {"date": "2024-02-09-16-00-00", "latency": "23"}, {"date": "2024-02-09-16-00-00", "latency": "23"}, {"date": "2024-02-09-16-00-00", "latency": "23"}, {"date": "2024-02-09-16-00-00", "latency": "23"}, {"date": "2024-02-09-16-00-00", "latency": "23"}, {"date": "2024-02-09-16-00-00", "latency": "23"}, {"date": "2024-02-09-16-00-00", "latency": "23"}, {"date": "2024-02-09-16-00-00", "latency": "23"}, {"date": "2024-02-09-16-00-00", "latency": "23"}, {"date": "2024-02-09-16-00-00", "latency": "23"}, {"date": "2024-02-09-16-00-00", "latency": "23"}, {"date": "2024-02-09-16-00-00", "latency": "23"}, {"date": "2024-02-09-16-00-00", "latency": "23"}, {"date": "2024-02-09-16-00-00", "latency": "23"}, {"date": "2024-02-09-16-00-00", "latency": "23"}, {"date": "2024-02-09-16-00-00", "latency": "23"}, {"date": "2024-02-09-16-00-00", "latency": "23"}, {"date": "2024-02-09-16-00-00", "latency": "23"}, {"date": "2024-02-09-16-00-00", "latency": "23"}, {"date": "2024-02-09-16-00-00", "latency": "23"}, {"date": "2024-02-09-16-00-00", "latency": "23"}, {"date": "2024-02-09-16-00-00", "latency": "23"}, {"date": "2024-02-09-16-00-00", "latency": "23"}, {"date": "2024-02-09-16-00-00", "latency": "23"}, {"date": "2024-02-09-16-00-00", "latency": "23"}, {"date": "2024-02-09-16-00-00", "latency": "23"}, {"date": "2024-02-09-16-00-00", "latency": "23"}, {"date": "2024-02-09-16-00-00", "latency": "23"}, {"date": "2024-02-09-16-00-00", "latency": "23"}, {"date": "2024-02-09-16-00-00", "latency": "23"}, {"date": "2024-02-09-16-00-00", "latency": "23"}, {"date": "2024-02-09-16-00-00", "latency": "23"}, {"date": "2024-02-09-16-00-00", "latency": "23"}, {"date": "2024-02-09-16-00-00", "latency": "23"}, {"date": "2024-02-09-16-00-00", "latency": "23"}, {"date": "2024-02-09-16-00-00", "latency": "23"}, {"date": "2024-02-09-12-00-00", "latency": "22"}, {"date": "2024-02-09-12-00-00", "latency": "22"}, {"date": "2024-02-09-12-00-00", "latency": "22"}, {"date": "2024-02-09-12-00-00", "latency": "22"}, {"date": "2024-02-09-12-00-00", "latency": "22"}, {"date": "2024-02-09-12-00-00", "latency": "22"}, {"date": "2024-02-09-12-00-00", "latency": "22"}, {"date": "2024-02-09-12-00-00", "latency": "22"}, {"date": "2024-02-09-12-00-00", "latency": "22"}, {"date": "2024-02-09-12-00-00", "latency": "22"}, {"date": "2024-02-09-12-00-00", "latency": "22"}, {"date": "2024-02-09-12-00-00", "latency": "22"}, {"date": "2024-02-09-12-00-00", "latency": "22"}, {"date": "2024-02-09-12-00-00", "latency": "20"}, {"date": "2024-02-09-12-00-00", "latency": "20"}, {"date": "2024-02-09-10-00-00", "latency": "11"}, {"date": "2024-02-09-10-00-00", "latency": "11"}, {"date": "2024-02-09-10-00-00", "latency": "11"}, {"date": "2024-02-09-10-00-00", "latency": "11"}, {"date": "2024-02-09-10-00-00", "latency": "11"}, {"date": "2024-02-09-10-00-00", "latency": "11"}, {"date": "2024-02-09-10-00-00", "latency": "11"}, {"date": "2024-02-09-10-00-00", "latency": "11"}, {"date": "2024-02-09-10-00-00", "latency": "11"}, {"date": "2024-02-09-10-00-00", "latency": "11"}, {"date": "2024-02-09-10-00-00", "latency": "11"}, {"date": "2024-02-09-10-00-00", "latency": "11"}, {"date": "2024-02-09-10-00-00", "latency": "11"}, {"date": "2024-02-09-10-00-00", "latency": "11"}, {"date": "2024-02-09-10-00-00", "latency": "11"}, {"date": "2024-02-09-10-00-00", "latency": "11"}, {"date": "2024-02-09-10-00-00", "latency": "11"}, {"date": "2024-02-09-10-00-00", "latency": "11"}, {"date": "2024-02-09-10-00-00", "latency": "11"}, {"date": "2024-02-09-10-00-00", "latency": "11"}, {"date": "2024-02-09-10-00-00", "latency": "11"}, {"date": "2024-02-09-10-00-00", "latency": "11"}, {"date": "2024-02-09-04-00-00", "latency": "29"}, {"date": "2024-02-09-04-00-00", "latency": "29"}, {"date": "2024-02-09-04-00-00", "latency": "29"}, {"date": "2024-02-09-04-00-00", "latency": "29"}, {"date": "2024-02-09-14-00-00", "latency": "20"}, {"date": "2024-02-09-14-00-00", "latency": "20"}, {"date": "2024-02-09-14-00-00", "latency": "20"}, {"date": "2024-02-09-20-00-00", "latency": "21"}, {"date": "2024-02-09-20-00-00", "latency": "21"}, {"date": "2024-02-09-20-00-00", "latency": "21"}, {"date": "2024-02-09-20-00-00", "latency": "21"}, {"date": "2024-02-09-20-00-00", "latency": "21"}, {"date": "2024-02-09-20-00-00", "latency": "21"}, {"date": "2024-02-09-20-00-00", "latency": "21"}, {"date": "2024-02-09-20-00-00", "latency": "21"}, {"date": "2024-02-09-20-00-00", "latency": "21"}, {"date": "2024-02-09-20-00-00", "latency": "21"}, {"date": "2024-02-09-20-00-00", "latency": "3"}, {"date": "2024-02-09-20-00-00", "latency": "3"}, {"date": "2024-02-09-20-00-00", "latency": "3"}, {"date": "2024-02-09-20-00-00", "latency": "3"}, {"date": "2024-02-09-20-00-00", "latency": "3"}, {"date": "2024-02-09-15-00-00", "latency": "0"}]}, {"location": {"country_code": "fr", "region": "Ile-de-France Region", "city": "Paris"}, "game_id": "118849", "values": [{"date": "2024-02-09-02-00-00", "latency": "11"}, {"date": "2024-02-09-02-00-00", "latency": "11"}, {"date": "2024-02-09-02-00-00", "latency": "11"}]}, {"location": {"country_code": "mx"}, "game_id": "118849", "values": [{"date": "2024-02-09-05-00-00", "latency": "59"}, {"date": "2024-02-09-11-00-00", "latency": "49"}, {"date": "2024-02-09-11-00-00", "latency": "49"}, {"date": "2024-02-09-11-00-00", "latency": "49"}, {"date": "2024-02-09-11-00-00", "latency": "49"}, {"date": "2024-02-09-11-00-00", "latency": "49"}]}, {"location": {"country_code": "mx", "region": "Mexico City"}, "game_id": "118849", "values": [{"date": "2024-02-09-19-00-00", "latency": "49"}, {"date": "2024-02-09-19-00-00", "latency": "49"}, {"date": "2024-02-09-19-00-00", "latency": "49"}, {"date": "2024-02-09-19-00-00", "latency": "49"}, {"date": "2024-02-09-19-00-00", "latency": "49"}]}, {"location": {"country_code": "us", "region": "California"}, "game_id": "118849", "values": [{"date": "2024-02-09-11-00-00", "latency": "93"}, {"date": "2024-02-09-11-00-00", "latency": "93"}, {"date": "2024-02-09-11-00-00", "latency": "93"}, {"date": "2024-02-09-11-00-00", "latency": "93"}, {"date": "2024-02-09-11-00-00", "latency": "93"}, {"date": "2024-02-09-11-00-00", "latency": "93"}, {"date": "2024-02-09-11-00-00", "latency": "93"}, {"date": "2024-02-09-05-00-00", "latency": "51"}, {"date": "2024-02-09-05-00-00", "latency": "51"}, {"date": "2024-02-09-05-00-00", "latency": "51"}, {"date": "2024-02-09-05-00-00", "latency": "51"}, {"date": "2024-02-09-05-00-00", "latency": "51"}, {"date": "2024-02-09-05-00-00", "latency": "51"}, {"date": "2024-02-09-05-00-00", "latency": "51"}, {"date": "2024-02-09-05-00-00", "latency": "51"}, {"date": "2024-02-09-05-00-00", "latency": "51"}, {"date": "2024-02-09-05-00-00", "latency": "51"}, {"date": "2024-02-09-05-00-00", "latency": "51"}, {"date": "2024-02-09-05-00-00", "latency": "51"}, {"date": "2024-02-09-05-00-00", "latency": "51"}, {"date": "2024-02-09-05-00-00", "latency": "51"}, {"date": "2024-02-09-05-00-00", "latency": "51"}]}, {"location": {"country_code": "br"}, "game_id": "118849", "values": [{"date": "2024-02-09-21-00-00", "latency": "0"}, {"date": "2024-02-09-21-00-00", "latency": "0"}, {"date": "2024-02-09-21-00-00", "latency": "0"}, {"date": "2024-02-09-21-00-00", "latency": "0"}, {"date": "2024-02-09-21-00-00", "latency": "0"}, {"date": "2024-02-09-21-00-00", "latency": "0"}, {"date": "2024-02-09-21-00-00", "latency": "0"}, {"date": "2024-02-09-21-00-00", "latency": "0"}, {"date": "2024-02-09-21-00-00", "latency": "0"}, {"date": "2024-02-10-01-00-00", "latency": "156"}, {"date": "2024-02-09-22-00-00", "latency": "13"}, {"date": "2024-02-09-22-00-00", "latency": "13"}, {"date": "2024-02-09-22-00-00", "latency": "13"}]}, {"location": {"country_code": "br", "region": "Sao Paulo", "city": "Apiai"}, "game_id": "118849", "values": [{"date": "2024-02-09-02-00-00", "latency": "15"}, {"date": "2024-02-09-03-00-00", "latency": "14"}, {"date": "2024-02-09-03-00-00", "latency": "14"}, {"date": "2024-02-09-03-00-00", "latency": "14"}, {"date": "2024-02-09-03-00-00", "latency": "14"}, {"date": "2024-02-09-21-00-00", "latency": "4"}, {"date": "2024-02-09-21-00-00", "latency": "4"}, {"date": "2024-02-09-10-00-00", "latency": "6"}, {"date": "2024-02-09-10-00-00", "latency": "6"}, {"date": "2024-02-09-10-00-00", "latency": "6"}, {"date": "2024-02-09-10-00-00", "latency": "6"}, {"date": "2024-02-09-10-00-00", "latency": "6"}, {"date": "2024-02-09-10-00-00", "latency": "6"}, {"date": "2024-02-09-10-00-00", "latency": "6"}]}, {"location": {"country_code": "se"}, "game_id": "118849", "values": [{"date": "2024-02-09-21-00-00", "latency": "29"}, {"date": "2024-02-09-16-00-00", "latency": "20"}, {"date": "2024-02-09-16-00-00", "latency": "20"}, {"date": "2024-02-09-16-00-00", "latency": "20"}, {"date": "2024-02-10-01-00-00", "latency": "142"}, {"date": "2024-02-10-01-00-00", "latency": "142"}, {"date": "2024-02-10-01-00-00", "latency": "142"}, {"date": "2024-02-10-01-00-00", "latency": "142"}, {"date": "2024-02-10-01-00-00", "latency": "142"}, {"date": "2024-02-10-01-00-00", "latency": "142"}, {"date": "2024-02-10-01-00-00", "latency": "142"}, {"date": "2024-02-10-01-00-00", "latency": "142"}, {"date": "2024-02-10-01-00-00", "latency": "142"}, {"date": "2024-02-10-01-00-00", "latency": "142"}, {"date": "2024-02-10-01-00-00", "latency": "142"}, {"date": "2024-02-10-01-00-00", "latency": "142"}, {"date": "2024-02-10-01-00-00", "latency": "142"}, {"date": "2024-02-10-01-00-00", "latency": "142"}, {"date": "2024-02-10-01-00-00", "latency": "142"}, {"date": "2024-02-10-01-00-00", "latency": "142"}, {"date": "2024-02-10-01-00-00", "latency": "142"}, {"date": "2024-02-10-01-00-00", "latency": "142"}, {"date": "2024-02-10-01-00-00", "latency": "142"}, {"date": "2024-02-10-01-00-00", "latency": "142"}, {"date": "2024-02-10-01-00-00", "latency": "142"}, {"date": "2024-02-10-01-00-00", "latency": "142"}, {"date": "2024-02-10-01-00-00", "latency": "142"}, {"date": "2024-02-10-01-00-00", "latency": "142"}, {"date": "2024-02-10-01-00-00", "latency": "142"}, {"date": "2024-02-10-01-00-00", "latency": "142"}, {"date": "2024-02-09-23-00-00", "latency": "31"}, {"date": "2024-02-09-23-00-00", "latency": "31"}, {"date": "2024-02-09-23-00-00", "latency": "31"}, {"date": "2024-02-09-23-00-00", "latency": "31"}, {"date": "2024-02-09-23-00-00", "latency": "31"}, {"date": "2024-02-09-23-00-00", "latency": "31"}, {"date": "2024-02-09-23-00-00", "latency": "31"}, {"date": "2024-02-09-23-00-00", "latency": "31"}, {"date": "2024-02-09-23-00-00", "latency": "31"}]}, {"location": {"country_code": "us", "region": "California", "city": "East Los Angeles"}, "game_id": "118849", "values": [{"date": "2024-02-09-07-00-00", "latency": "46"}, {"date": "2024-02-09-07-00-00", "latency": "46"}, {"date": "2024-02-09-07-00-00", "latency": "46"}, {"date": "2024-02-09-07-00-00", "latency": "46"}, {"date": "2024-02-09-07-00-00", "latency": "46"}, {"date": "2024-02-09-07-00-00", "latency": "46"}, {"date": "2024-02-09-07-00-00", "latency": "46"}, {"date": "2024-02-09-07-00-00", "latency": "46"}, {"date": "2024-02-09-07-00-00", "latency": "46"}, {"date": "2024-02-09-07-00-00", "latency": "46"}, {"date": "2024-02-09-07-00-00", "latency": "46"}, {"date": "2024-02-09-07-00-00", "latency": "46"}, {"date": "2024-02-09-07-00-00", "latency": "46"}, {"date": "2024-02-09-07-00-00", "latency": "46"}, {"date": "2024-02-09-07-00-00", "latency": "46"}, {"date": "2024-02-09-07-00-00", "latency": "46"}, {"date": "2024-02-09-07-00-00", "latency": "46"}, {"date": "2024-02-09-07-00-00", "latency": "46"}, {"date": "2024-02-09-07-00-00", "latency": "46"}, {"date": "2024-02-09-07-00-00", "latency": "46"}, {"date": "2024-02-09-07-00-00", "latency": "46"}, {"date": "2024-02-09-07-00-00", "latency": "46"}, {"date": "2024-02-09-07-00-00", "latency": "46"}, {"date": "2024-02-09-07-00-00", "latency": "46"}, {"date": "2024-02-09-04-00-00", "latency": "201"}, {"date": "2024-02-09-04-00-00", "latency": "201"}, {"date": "2024-02-09-04-00-00", "latency": "201"}]}, {"location": {"country_code": "us", "region": "Texas", "city": "Austin"}, "game_id": "118849", "values": [{"date": "2024-02-10-00-00-00", "latency": "22"}, {"date": "2024-02-10-00-00-00", "latency": "22"}, {"date": "2024-02-10-00-00-00", "latency": "22"}, {"date": "2024-02-10-00-00-00", "latency": "22"}, {"date": "2024-02-10-00-00-00", "latency": "22"}, {"date": "2024-02-10-00-00-00", "latency": "22"}, {"date": "2024-02-10-00-00-00", "latency": "22"}, {"date": "2024-02-10-00-00-00", "latency": "22"}, {"date": "2024-02-10-00-00-00", "latency": "22"}, {"date": "2024-02-10-00-00-00", "latency": "22"}, {"date": "2024-02-10-00-00-00", "latency": "22"}, {"date": "2024-02-10-00-00-00", "latency": "22"}, {"date": "2024-02-10-00-00-00", "latency": "22"}, {"date": "2024-02-10-00-00-00", "latency": "22"}, {"date": "2024-02-10-00-00-00", "latency": "22"}, {"date": "2024-02-10-00-00-00", "latency": "22"}, {"date": "2024-02-10-00-00-00", "latency": "22"}, {"date": "2024-02-10-00-00-00", "latency": "22"}, {"date": "2024-02-10-00-00-00", "latency": "22"}, {"date": "2024-02-10-00-00-00", "latency": "22"}, {"date": "2024-02-10-00-00-00", "latency": "22"}, {"date": "2024-02-10-00-00-00", "latency": "22"}, {"date": "2024-02-10-00-00-00", "latency": "22"}, {"date": "2024-02-10-00-00-00", "latency": "22"}, {"date": "2024-02-10-00-00-00", "latency": "22"}, {"date": "2024-02-10-00-00-00", "latency": "22"}, {"date": "2024-02-10-00-00-00", "latency": "22"}, {"date": "2024-02-10-00-00-00", "latency": "22"}, {"date": "2024-02-10-00-00-00", "latency": "22"}, {"date": "2024-02-10-00-00-00", "latency": "22"}, {"date": "2024-02-10-00-00-00", "latency": "22"}, {"date": "2024-02-10-00-00-00", "latency": "22"}, {"date": "2024-02-10-00-00-00", "latency": "22"}, {"date": "2024-02-10-00-00-00", "latency": "22"}, {"date": "2024-02-10-00-00-00", "latency": "22"}, {"date": "2024-02-10-00-00-00", "latency": "22"}, {"date": "2024-02-10-00-00-00", "latency": "22"}, {"date": "2024-02-10-00-00-00", "latency": "22"}, {"date": "2024-02-10-00-00-00", "latency": "22"}, {"date": "2024-02-10-00-00-00", "latency": "22"}, {"date": "2024-02-10-00-00-00", "latency": "22"}, {"date": "2024-02-10-00-00-00", "latency": "22"}, {"date": "2024-02-10-00-00-00", "latency": "22"}, {"date": "2024-02-10-00-00-00", "latency": "22"}, {"date": "2024-02-10-00-00-00", "latency": "22"}]}, {"location": {"country_code": "es", "region": "Madrid", "city": "Parla"}, "game_id": "118849", "values": [{"date": "2024-02-09-23-00-00", "latency": "36"}, {"date": "2024-02-09-23-00-00", "latency": "36"}, {"date": "2024-02-09-23-00-00", "latency": "36"}, {"date": "2024-02-09-23-00-00", "latency": "36"}, {"date": "2024-02-09-23-00-00", "latency": "36"}, {"date": "2024-02-09-23-00-00", "latency": "36"}, {"date": "2024-02-09-23-00-00", "latency": "36"}, {"date": "2024-02-09-23-00-00", "latency": "36"}, {"date": "2024-02-09-23-00-00", "latency": "36"}, {"date": "2024-02-09-23-00-00", "latency": "36"}, {"date": "2024-02-09-23-00-00", "latency": "36"}, {"date": "2024-02-09-23-00-00", "latency": "36"}, {"date": "2024-02-09-23-00-00", "latency": "36"}]}, {"location": {"country_code": "dk"}, "game_id": "118849", "values": [{"date": "2024-02-09-20-00-00", "latency": "19"}, {"date": "2024-02-09-20-00-00", "latency": "19"}, {"date": "2024-02-09-20-00-00", "latency": "19"}, {"date": "2024-02-09-20-00-00", "latency": "19"}, {"date": "2024-02-09-20-00-00", "latency": "19"}, {"date": "2024-02-09-20-00-00", "latency": "19"}, {"date": "2024-02-09-20-00-00", "latency": "19"}]}, {"location": {"country_code": "tr"}, "game_id": "118849", "values": [{"date": "2024-02-09-20-00-00", "latency": "17"}, {"date": "2024-02-09-20-00-00", "latency": "17"}, {"date": "2024-02-09-20-00-00", "latency": "17"}, {"date": "2024-02-09-20-00-00", "latency": "17"}, {"date": "2024-02-09-20-00-00", "latency": "17"}, {"date": "2024-02-09-20-00-00", "latency": "17"}, {"date": "2024-02-09-20-00-00", "latency": "17"}, {"date": "2024-02-09-20-00-00", "latency": "17"}, {"date": "2024-02-09-20-00-00", "latency": "17"}, {"date": "2024-02-09-20-00-00", "latency": "17"}, {"date": "2024-02-09-20-00-00", "latency": "17"}, {"date": "2024-02-10-01-00-00", "latency": "165"}, {"date": "2024-02-10-01-00-00", "latency": "165"}, {"date": "2024-02-10-01-00-00", "latency": "165"}, {"date": "2024-02-10-01-00-00", "latency": "165"}, {"date": "2024-02-10-01-00-00", "latency": "165"}, {"date": "2024-02-10-01-00-00", "latency": "165"}, {"date": "2024-02-10-01-00-00", "latency": "165"}, {"date": "2024-02-10-01-00-00", "latency": "165"}, {"date": "2024-02-10-01-00-00", "latency": "165"}, {"date": "2024-02-10-01-00-00", "latency": "165"}, {"date": "2024-02-10-01-00-00", "latency": "165"}, {"date": "2024-02-10-01-00-00", "latency": "165"}, {"date": "2024-02-10-01-00-00", "latency": "165"}, {"date": "2024-02-10-01-00-00", "latency": "165"}, {"date": "2024-02-10-01-00-00", "latency": "165"}, {"date": "2024-02-10-01-00-00", "latency": "165"}, {"date": "2024-02-10-01-00-00", "latency": "165"}, {"date": "2024-02-10-01-00-00", "latency": "165"}, {"date": "2024-02-10-01-00-00", "latency": "165"}, {"date": "2024-02-10-01-00-00", "latency": "165"}, {"date": "2024-02-10-01-00-00", "latency": "165"}, {"date": "2024-02-10-01-00-00", "latency": "165"}, {"date": "2024-02-10-01-00-00", "latency": "165"}, {"date": "2024-02-10-01-00-00", "latency": "165"}, {"date": "2024-02-10-01-00-00", "latency": "165"}, {"date": "2024-02-10-01-00-00", "latency": "165"}, {"date": "2024-02-10-01-00-00", "latency": "165"}, {"date": "2024-02-10-01-00-00", "latency": "165"}, {"date": "2024-02-10-01-00-00", "latency": "165"}, {"date": "2024-02-10-01-00-00", "latency": "165"}, {"date": "2024-02-10-01-00-00", "latency": "165"}, {"date": "2024-02-10-01-00-00", "latency": "165"}, {"date": "2024-02-10-01-00-00", "latency": "165"}, {"date": "2024-02-10-01-00-00", "latency": "165"}]}, {"location": {"country_code": "pl", "region": "Greater Poland Voivodeship"}, "game_id": "118849", "values": [{"date": "2024-02-09-18-00-00", "latency": "41"}, {"date": "2024-02-09-18-00-00", "latency": "41"}, {"date": "2024-02-09-18-00-00", "latency": "41"}, {"date": "2024-02-09-18-00-00", "latency": "41"}, {"date": "2024-02-09-18-00-00", "latency": "41"}, {"date": "2024-02-09-18-00-00", "latency": "41"}, {"date": "2024-02-09-18-00-00", "latency": "41"}, {"date": "2024-02-09-18-00-00", "latency": "41"}, {"date": "2024-02-09-08-00-00", "latency": "34"}, {"date": "2024-02-09-08-00-00", "latency": "34"}, {"date": "2024-02-09-08-00-00", "latency": "34"}]}, {"location": {"country_code": "kr"}, "game_id": "118849", "values": [{"date": "2024-02-09-22-00-00", "latency": "12"}, {"date": "2024-02-09-22-00-00", "latency": "12"}, {"date": "2024-02-09-22-00-00", "latency": "12"}, {"date": "2024-02-09-22-00-00", "latency": "12"}, {"date": "2024-02-09-22-00-00", "latency": "12"}, {"date": "2024-02-09-22-00-00", "latency": "12"}, {"date": "2024-02-09-22-00-00", "latency": "12"}, {"date": "2024-02-09-22-00-00", "latency": "12"}, {"date": "2024-02-09-22-00-00", "latency": "12"}]}, {"location": {"country_code": "us", "region": "Pennsylvania", "city": "Philadelphia"}, "game_id": "118849", "values": [{"date": "2024-02-09-23-00-00", "latency": "29"}, {"date": "2024-02-09-23-00-00", "latency": "29"}]}, {"location": {"country_code": "es"}, "game_id": "118849", "values": [{"date": "2024-02-09-01-00-00", "latency": "40"}, {"date": "2024-02-09-01-00-00", "latency": "40"}, {"date": "2024-02-09-01-00-00", "latency": "40"}, {"date": "2024-02-09-01-00-00", "latency": "40"}, {"date": "2024-02-09-23-00-00", "latency": "47"}, {"date": "2024-02-09-23-00-00", "latency": "40"}, {"date": "2024-02-09-23-00-00", "latency": "40"}, {"date": "2024-02-09-23-00-00", "latency": "40"}, {"date": "2024-02-09-23-00-00", "latency": "40"}, {"date": "2024-02-09-23-00-00", "latency": "40"}, {"date": "2024-02-09-23-00-00", "latency": "40"}, {"date": "2024-02-09-14-00-00", "latency": "34"}, {"date": "2024-02-09-14-00-00", "latency": "34"}, {"date": "2024-02-09-14-00-00", "latency": "34"}]}, {"location": {"country_code": "ar"}, "game_id": "118849", "values": [{"date": "2024-02-09-04-00-00", "latency": "2"}, {"date": "2024-02-09-07-00-00", "latency": "36"}, {"date": "2024-02-09-07-00-00", "latency": "36"}, {"date": "2024-02-09-07-00-00", "latency": "36"}, {"date": "2024-02-09-01-00-00", "latency": "36"}, {"date": "2024-02-09-01-00-00", "latency": "36"}, {"date": "2024-02-10-00-00-00", "latency": "32"}, {"date": "2024-02-10-00-00-00", "latency": "32"}, {"date": "2024-02-10-00-00-00", "latency": "32"}, {"date": "2024-02-10-00-00-00", "latency": "32"}, {"date": "2024-02-10-00-00-00", "latency": "32"}, {"date": "2024-02-09-19-00-00", "latency": "5"}, {"date": "2024-02-09-19-00-00", "latency": "5"}, {"date": "2024-02-09-19-00-00", "latency": "5"}, {"date": "2024-02-09-19-00-00", "latency": "5"}, {"date": "2024-02-09-01-00-00", "latency": "52"}, {"date": "2024-02-09-01-00-00", "latency": "52"}]}, {"location": {"country_code": "ar", "region": "Entre Rios Province", "city": "Concordia"}, "game_id": "118849", "values": [{"date": "2024-02-10-01-00-00", "latency": "94"}, {"date": "2024-02-10-01-00-00", "latency": "94"}, {"date": "2024-02-10-01-00-00", "latency": "94"}, {"date": "2024-02-10-01-00-00", "latency": "94"}, {"date": "2024-02-10-01-00-00", "latency": "94"}, {"date": "2024-02-10-01-00-00", "latency": "94"}, {"date": "2024-02-10-01-00-00", "latency": "94"}, {"date": "2024-02-10-01-00-00", "latency": "94"}, {"date": "2024-02-10-01-00-00", "latency": "94"}, {"date": "2024-02-10-01-00-00", "latency": "94"}, {"date": "2024-02-10-01-00-00", "latency": "94"}]}, {"location": {"country_code": "ar", "region": "Buenos Aires F.D.", "city": "Bahia Blanca"}, "game_id": "118849", "values": [{"date": "2024-02-09-11-00-00", "latency": "32"}, {"date": "2024-02-09-11-00-00", "latency": "32"}, {"date": "2024-02-09-11-00-00", "latency": "32"}, {"date": "2024-02-09-06-00-00", "latency": "36"}]}, {"location": {"country_code": "bn"}, "game_id": "118849", "values": [{"date": "2024-02-09-19-00-00", "latency": "33"}, {"date": "2024-02-09-19-00-00", "latency": "33"}, {"date": "2024-02-09-19-00-00", "latency": "33"}, {"date": "2024-02-09-19-00-00", "latency": "33"}, {"date": "2024-02-09-19-00-00", "latency": "33"}, {"date": "2024-02-09-19-00-00", "latency": "33"}, {"date": "2024-02-09-19-00-00", "latency": "33"}, {"date": "2024-02-09-19-00-00", "latency": "33"}, {"date": "2024-02-09-19-00-00", "latency": "33"}, {"date": "2024-02-09-19-00-00", "latency": "33"}, {"date": "2024-02-09-19-00-00", "latency": "33"}, {"date": "2024-02-09-19-00-00", "latency": "33"}, {"date": "2024-02-09-19-00-00", "latency": "33"}, {"date": "2024-02-09-19-00-00", "latency": "33"}]}, {"location": {"country_code": "fi"}, "game_id": "118849", "values": [{"date": "2024-02-09-16-00-00", "latency": "37"}, {"date": "2024-02-09-16-00-00", "latency": "37"}, {"date": "2024-02-09-16-00-00", "latency": "37"}, {"date": "2024-02-09-16-00-00", "latency": "37"}, {"date": "2024-02-09-16-00-00", "latency": "37"}, {"date": "2024-02-09-16-00-00", "latency": "37"}, {"date": "2024-02-09-16-00-00", "latency": "37"}, {"date": "2024-02-09-16-00-00", "latency": "37"}, {"date": "2024-02-09-16-00-00", "latency": "37"}, {"date": "2024-02-09-16-00-00", "latency": "37"}, {"date": "2024-02-09-16-00-00", "latency": "37"}, {"date": "2024-02-09-16-00-00", "latency": "37"}, {"date": "2024-02-09-16-00-00", "latency": "37"}, {"date": "2024-02-09-16-00-00", "latency": "37"}, {"date": "2024-02-09-16-00-00", "latency": "37"}, {"date": "2024-02-09-16-00-00", "latency": "37"}, {"date": "2024-02-09-16-00-00", "latency": "37"}, {"date": "2024-02-09-16-00-00", "latency": "37"}, {"date": "2024-02-09-16-00-00", "latency": "37"}, {"date": "2024-02-09-16-00-00", "latency": "37"}, {"date": "2024-02-09-16-00-00", "latency": "37"}, {"date": "2024-02-09-16-00-00", "latency": "37"}, {"date": "2024-02-09-16-00-00", "latency": "37"}, {"date": "2024-02-09-16-00-00", "latency": "37"}, {"date": "2024-02-09-16-00-00", "latency": "37"}, {"date": "2024-02-09-16-00-00", "latency": "37"}, {"date": "2024-02-09-16-00-00", "latency": "37"}, {"date": "2024-02-09-16-00-00", "latency": "37"}, {"date": "2024-02-09-16-00-00", "latency": "37"}, {"date": "2024-02-09-16-00-00", "latency": "37"}, {"date": "2024-02-09-16-00-00", "latency": "37"}, {"date": "2024-02-09-16-00-00", "latency": "37"}, {"date": "2024-02-09-16-00-00", "latency": "37"}, {"date": "2024-02-09-16-00-00", "latency": "37"}, {"date": "2024-02-09-16-00-00", "latency": "37"}, {"date": "2024-02-09-16-00-00", "latency": "37"}, {"date": "2024-02-09-19-00-00", "latency": "53"}, {"date": "2024-02-09-19-00-00", "latency": "53"}, {"date": "2024-02-09-19-00-00", "latency": "53"}, {"date": "2024-02-09-19-00-00", "latency": "53"}]}, {"location": {"country_code": "us", "region": "Alaska"}, "game_id": "118849", "values": [{"date": "2024-02-09-12-00-00", "latency": "83"}, {"date": "2024-02-09-12-00-00", "latency": "83"}, {"date": "2024-02-09-12-00-00", "latency": "83"}, {"date": "2024-02-09-12-00-00", "latency": "83"}]}, {"location": {"country_code": "de", "region": "Bavaria"}, "game_id": "118849", "values": [{"date": "2024-02-10-01-00-00", "latency": "15"}, {"date": "2024-02-10-01-00-00", "latency": "15"}, {"date": "2024-02-10-01-00-00", "latency": "15"}, {"date": "2024-02-10-01-00-00", "latency": "15"}, {"date": "2024-02-10-01-00-00", "latency": "15"}, {"date": "2024-02-10-01-00-00", "latency": "15"}, {"date": "2024-02-10-01-00-00", "latency": "15"}, {"date": "2024-02-10-01-00-00", "latency": "15"}, {"date": "2024-02-10-01-00-00", "latency": "15"}, {"date": "2024-02-10-01-00-00", "latency": "15"}, {"date": "2024-02-10-01-00-00", "latency": "15"}, {"date": "2024-02-10-01-00-00", "latency": "10"}, {"date": "2024-02-10-01-00-00", "latency": "10"}, {"date": "2024-02-10-01-00-00", "latency": "10"}, {"date": "2024-02-10-01-00-00", "latency": "10"}, {"date": "2024-02-10-01-00-00", "latency": "10"}]}, {"location": {"country_code": "es", "region": "Catalonia", "city": "l'Hospitalet de Llobregat"}, "game_id": "118849", "values": [{"date": "2024-02-09-20-00-00", "latency": "37"}, {"date": "2024-02-09-20-00-00", "latency": "37"}, {"date": "2024-02-09-20-00-00", "latency": "37"}, {"date": "2024-02-09-20-00-00", "latency": "37"}]}, {"location": {"country_code": "pl"}, "game_id": "118849", "values": [{"date": "2024-02-09-21-00-00", "latency": "36"}, {"date": "2024-02-09-21-00-00", "latency": "36"}, {"date": "2024-02-09-21-00-00", "latency": "36"}, {"date": "2024-02-09-21-00-00", "latency": "36"}, {"date": "2024-02-09-21-00-00", "latency": "36"}, {"date": "2024-02-09-21-00-00", "latency": "36"}, {"date": "2024-02-09-21-00-00", "latency": "36"}, {"date": "2024-02-09-21-00-00", "latency": "36"}, {"date": "2024-02-09-21-00-00", "latency": "36"}, {"date": "2024-02-09-21-00-00", "latency": "36"}, {"date": "2024-02-09-21-00-00", "latency": "36"}, {"date": "2024-02-09-21-00-00", "latency": "36"}, {"date": "2024-02-09-19-00-00", "latency": "1"}, {"date": "2024-02-09-19-00-00", "latency": "1"}, {"date": "2024-02-09-19-00-00", "latency": "1"}, {"date": "2024-02-09-19-00-00", "latency": "1"}, {"date": "2024-02-09-19-00-00", "latency": "1"}, {"date": "2024-02-09-19-00-00", "latency": "1"}, {"date": "2024-02-09-19-00-00", "latency": "1"}, {"date": "2024-02-09-19-00-00", "latency": "1"}, {"date": "2024-02-09-19-00-00", "latency": "1"}, {"date": "2024-02-09-19-00-00", "latency": "1"}, {"date": "2024-02-09-19-00-00", "latency": "1"}, {"date": "2024-02-09-19-00-00", "latency": "27"}, {"date": "2024-02-09-19-00-00", "latency": "27"}, {"date": "2024-02-09-19-00-00", "latency": "27"}, {"date": "2024-02-09-19-00-00", "latency": "27"}, {"date": "2024-02-09-19-00-00", "latency": "27"}, {"date": "2024-02-09-16-00-00", "latency": "38"}, {"date": "2024-02-09-16-00-00", "latency": "38"}, {"date": "2024-02-09-16-00-00", "latency": "38"}, {"date": "2024-02-09-16-00-00", "latency": "38"}, {"date": "2024-02-09-16-00-00", "latency": "38"}, {"date": "2024-02-09-16-00-00", "latency": "38"}, {"date": "2024-02-09-16-00-00", "latency": "38"}, {"date": "2024-02-09-16-00-00", "latency": "38"}, {"date": "2024-02-09-16-00-00", "latency": "38"}, {"date": "2024-02-09-16-00-00", "latency": "38"}, {"date": "2024-02-09-16-00-00", "latency": "38"}, {"date": "2024-02-09-11-00-00", "latency": "4"}, {"date": "2024-02-09-20-00-00", "latency": "4"}]}, {"location": {"country_code": "be"}, "game_id": "118849", "values": [{"date": "2024-02-09-18-00-00", "latency": "15"}, {"date": "2024-02-09-18-00-00", "latency": "15"}, {"date": "2024-02-09-18-00-00", "latency": "15"}, {"date": "2024-02-09-18-00-00", "latency": "15"}, {"date": "2024-02-09-18-00-00", "latency": "15"}, {"date": "2024-02-09-18-00-00", "latency": "15"}, {"date": "2024-02-09-18-00-00", "latency": "15"}, {"date": "2024-02-09-18-00-00", "latency": "15"}, {"date": "2024-02-09-18-00-00", "latency": "15"}, {"date": "2024-02-09-18-00-00", "latency": "15"}, {"date": "2024-02-09-18-00-00", "latency": "15"}, {"date": "2024-02-09-18-00-00", "latency": "15"}, {"date": "2024-02-09-18-00-00", "latency": "15"}, {"date": "2024-02-09-18-00-00", "latency": "15"}, {"date": "2024-02-09-18-00-00", "latency": "15"}, {"date": "2024-02-09-18-00-00", "latency": "15"}, {"date": "2024-02-09-18-00-00", "latency": "15"}, {"date": "2024-02-09-18-00-00", "latency": "15"}, {"date": "2024-02-09-18-00-00", "latency": "15"}, {"date": "2024-02-09-18-00-00", "latency": "15"}, {"date": "2024-02-09-18-00-00", "latency": "15"}, {"date": "2024-02-09-18-00-00", "latency": "15"}, {"date": "2024-02-09-18-00-00", "latency": "15"}, {"date": "2024-02-09-18-00-00", "latency": "15"}, {"date": "2024-02-09-18-00-00", "latency": "15"}, {"date": "2024-02-09-18-00-00", "latency": "15"}, {"date": "2024-02-09-18-00-00", "latency": "15"}, {"date": "2024-02-09-18-00-00", "latency": "15"}, {"date": "2024-02-09-18-00-00", "latency": "15"}]}, {"location": {"country_code": "us", "region": "Nevada", "city": "Las Vegas"}, "game_id": "118849", "values": [{"date": "2024-02-09-23-00-00", "latency": "81"}, {"date": "2024-02-09-23-00-00", "latency": "81"}, {"date": "2024-02-09-23-00-00", "latency": "81"}, {"date": "2024-02-09-23-00-00", "latency": "81"}, {"date": "2024-02-09-23-00-00", "latency": "81"}, {"date": "2024-02-09-23-00-00", "latency": "81"}, {"date": "2024-02-09-23-00-00", "latency": "81"}, {"date": "2024-02-09-23-00-00", "latency": "81"}, {"date": "2024-02-09-23-00-00", "latency": "81"}, {"date": "2024-02-09-23-00-00", "latency": "81"}, {"date": "2024-02-09-23-00-00", "latency": "81"}, {"date": "2024-02-09-10-00-00", "latency": "46"}, {"date": "2024-02-09-10-00-00", "latency": "46"}, {"date": "2024-02-09-10-00-00", "latency": "46"}, {"date": "2024-02-09-10-00-00", "latency": "46"}, {"date": "2024-02-09-10-00-00", "latency": "46"}, {"date": "2024-02-09-10-00-00", "latency": "46"}, {"date": "2024-02-09-10-00-00", "latency": "46"}, {"date": "2024-02-09-10-00-00", "latency": "46"}, {"date": "2024-02-09-10-00-00", "latency": "46"}, {"date": "2024-02-09-10-00-00", "latency": "46"}, {"date": "2024-02-09-10-00-00", "latency": "46"}]}, {"location": {"country_code": "gb", "region": "England", "city": "London"}, "game_id": "118849", "values": [{"date": "2024-02-09-21-00-00", "latency": "27"}, {"date": "2024-02-09-21-00-00", "latency": "27"}, {"date": "2024-02-09-21-00-00", "latency": "27"}, {"date": "2024-02-09-21-00-00", "latency": "27"}, {"date": "2024-02-09-21-00-00", "latency": "27"}, {"date": "2024-02-09-21-00-00", "latency": "27"}, {"date": "2024-02-09-21-00-00", "latency": "27"}, {"date": "2024-02-09-21-00-00", "latency": "27"}, {"date": "2024-02-09-21-00-00", "latency": "27"}, {"date": "2024-02-09-21-00-00", "latency": "27"}, {"date": "2024-02-09-21-00-00", "latency": "27"}, {"date": "2024-02-09-21-00-00", "latency": "27"}, {"date": "2024-02-09-21-00-00", "latency": "27"}, {"date": "2024-02-09-21-00-00", "latency": "27"}, {"date": "2024-02-09-21-00-00", "latency": "27"}, {"date": "2024-02-09-21-00-00", "latency": "27"}, {"date": "2024-02-09-21-00-00", "latency": "27"}, {"date": "2024-02-09-21-00-00", "latency": "27"}, {"date": "2024-02-09-21-00-00", "latency": "27"}, {"date": "2024-02-09-21-00-00", "latency": "27"}, {"date": "2024-02-09-21-00-00", "latency": "27"}, {"date": "2024-02-09-21-00-00", "latency": "27"}, {"date": "2024-02-09-21-00-00", "latency": "27"}]}, {"location": {"country_code": "kr", "region": "Seoul"}, "game_id": "118849", "values": [{"date": "2024-02-09-17-00-00", "latency": "38"}, {"date": "2024-02-09-17-00-00", "latency": "38"}, {"date": "2024-02-09-17-00-00", "latency": "38"}, {"date": "2024-02-09-17-00-00", "latency": "38"}, {"date": "2024-02-09-17-00-00", "latency": "38"}, {"date": "2024-02-09-17-00-00", "latency": "38"}, {"date": "2024-02-09-17-00-00", "latency": "38"}, {"date": "2024-02-09-17-00-00", "latency": "38"}, {"date": "2024-02-09-17-00-00", "latency": "38"}, {"date": "2024-02-09-17-00-00", "latency": "38"}, {"date": "2024-02-09-17-00-00", "latency": "38"}, {"date": "2024-02-09-17-00-00", "latency": "38"}, {"date": "2024-02-09-17-00-00", "latency": "38"}, {"date": "2024-02-09-17-00-00", "latency": "38"}, {"date": "2024-02-09-17-00-00", "latency": "38"}, {"date": "2024-02-09-17-00-00", "latency": "38"}, {"date": "2024-02-09-17-00-00", "latency": "38"}, {"date": "2024-02-09-17-00-00", "latency": "38"}, {"date": "2024-02-09-17-00-00", "latency": "38"}, {"date": "2024-02-09-17-00-00", "latency": "38"}, {"date": "2024-02-09-17-00-00", "latency": "38"}, {"date": "2024-02-09-17-00-00", "latency": "38"}, {"date": "2024-02-09-17-00-00", "latency": "38"}, {"date": "2024-02-09-17-00-00", "latency": "38"}, {"date": "2024-02-09-17-00-00", "latency": "38"}, {"date": "2024-02-09-17-00-00", "latency": "38"}, {"date": "2024-02-09-17-00-00", "latency": "38"}, {"date": "2024-02-09-17-00-00", "latency": "38"}, {"date": "2024-02-09-17-00-00", "latency": "38"}, {"date": "2024-02-09-17-00-00", "latency": "38"}, {"date": "2024-02-09-17-00-00", "latency": "38"}, {"date": "2024-02-09-17-00-00", "latency": "38"}, {"date": "2024-02-09-17-00-00", "latency": "38"}, {"date": "2024-02-09-17-00-00", "latency": "38"}, {"date": "2024-02-09-17-00-00", "latency": "38"}, {"date": "2024-02-09-17-00-00", "latency": "38"}, {"date": "2024-02-09-17-00-00", "latency": "38"}, {"date": "2024-02-09-17-00-00", "latency": "38"}, {"date": "2024-02-09-17-00-00", "latency": "38"}, {"date": "2024-02-09-17-00-00", "latency": "38"}, {"date": "2024-02-09-17-00-00", "latency": "38"}, {"date": "2024-02-09-17-00-00", "latency": "38"}, {"date": "2024-02-09-17-00-00", "latency": "38"}]}, {"location": {"country_code": "sg"}, "game_id": "118849", "values": [{"date": "2024-02-09-07-00-00", "latency": "5"}, {"date": "2024-02-09-07-00-00", "latency": "5"}, {"date": "2024-02-09-07-00-00", "latency": "5"}, {"date": "2024-02-09-07-00-00", "latency": "5"}, {"date": "2024-02-09-07-00-00", "latency": "5"}, {"date": "2024-02-09-19-00-00", "latency": "22"}, {"date": "2024-02-09-19-00-00", "latency": "22"}, {"date": "2024-02-09-19-00-00", "latency": "22"}, {"date": "2024-02-09-09-00-00", "latency": "4"}, {"date": "2024-02-09-09-00-00", "latency": "4"}, {"date": "2024-02-09-09-00-00", "latency": "4"}, {"date": "2024-02-09-09-00-00", "latency": "4"}, {"date": "2024-02-09-09-00-00", "latency": "4"}, {"date": "2024-02-09-17-00-00", "latency": "3"}, {"date": "2024-02-09-17-00-00", "latency": "3"}, {"date": "2024-02-09-17-00-00", "latency": "3"}, {"date": "2024-02-09-17-00-00", "latency": "3"}, {"date": "2024-02-09-17-00-00", "latency": "3"}, {"date": "2024-02-09-17-00-00", "latency": "3"}, {"date": "2024-02-09-17-00-00", "latency": "3"}, {"date": "2024-02-09-17-00-00", "latency": "3"}, {"date": "2024-02-09-17-00-00", "latency": "3"}, {"date": "2024-02-09-17-00-00", "latency": "3"}, {"date": "2024-02-09-17-00-00", "latency": "3"}, {"date": "2024-02-09-17-00-00", "latency": "3"}, {"date": "2024-02-09-17-00-00", "latency": "3"}]}, {"location": {"country_code": "fr", "region": "Occitanie", "city": "Toulouse"}, "game_id": "118849", "values": [{"date": "2024-02-09-18-00-00", "latency": "20"}, {"date": "2024-02-09-18-00-00", "latency": "20"}, {"date": "2024-02-09-18-00-00", "latency": "20"}, {"date": "2024-02-09-18-00-00", "latency": "20"}, {"date": "2024-02-09-18-00-00", "latency": "20"}, {"date": "2024-02-09-18-00-00", "latency": "20"}, {"date": "2024-02-09-18-00-00", "latency": "20"}, {"date": "2024-02-09-18-00-00", "latency": "20"}, {"date": "2024-02-09-18-00-00", "latency": "20"}]}, {"location": {"country_code": "tr", "region": "Marmara Bolgesi", "city": "Istanbul"}, "game_id": "118849", "values": [{"date": "2024-02-09-23-00-00", "latency": "37"}, {"date": "2024-02-09-23-00-00", "latency": "37"}]}, {"location": {"country_code": "us", "region": "District of Columbia", "city": "Washington"}, "game_id": "118849", "values": [{"date": "2024-02-10-00-00-00", "latency": "57"}, {"date": "2024-02-10-00-00-00", "latency": "57"}, {"date": "2024-02-10-00-00-00", "latency": "57"}, {"date": "2024-02-10-00-00-00", "latency": "57"}, {"date": "2024-02-10-00-00-00", "latency": "57"}]}, {"location": {"country_code": "ru"}, "game_id": "118849", "values": [{"date": "2024-02-09-10-00-00", "latency": "33"}, {"date": "2024-02-09-10-00-00", "latency": "33"}, {"date": "2024-02-09-10-00-00", "latency": "33"}, {"date": "2024-02-09-10-00-00", "latency": "33"}, {"date": "2024-02-09-10-00-00", "latency": "33"}, {"date": "2024-02-09-10-00-00", "latency": "33"}, {"date": "2024-02-09-10-00-00", "latency": "33"}, {"date": "2024-02-09-10-00-00", "latency": "33"}]}, {"location": {"country_code": "au", "region": "Queensland"}, "game_id": "118849", "values": [{"date": "2024-02-09-10-00-00", "latency": "196"}]}, {"location": {"country_code": "us", "region": "Wisconsin"}, "game_id": "118849", "values": [{"date": "2024-02-09-12-00-00", "latency": "10"}, {"date": "2024-02-09-12-00-00", "latency": "10"}, {"date": "2024-02-09-12-00-00", "latency": "10"}, {"date": "2024-02-09-12-00-00", "latency": "10"}, {"date": "2024-02-09-12-00-00", "latency": "10"}, {"date": "2024-02-09-12-00-00", "latency": "10"}, {"date": "2024-02-09-12-00-00", "latency": "10"}, {"date": "2024-02-09-12-00-00", "latency": "10"}, {"date": "2024-02-09-12-00-00", "latency": "10"}, {"date": "2024-02-09-12-00-00", "latency": "10"}, {"date": "2024-02-09-12-00-00", "latency": "10"}, {"date": "2024-02-09-12-00-00", "latency": "10"}, {"date": "2024-02-09-12-00-00", "latency": "10"}, {"date": "2024-02-09-12-00-00", "latency": "10"}, {"date": "2024-02-09-12-00-00", "latency": "10"}, {"date": "2024-02-09-12-00-00", "latency": "10"}, {"date": "2024-02-09-12-00-00", "latency": "10"}]}, {"location": {"country_code": "cl", "region": "Santiago Metropolitan", "city": "Santiago"}, "game_id": "118849", "values": [{"date": "2024-02-09-08-00-00", "latency": "4"}, {"date": "2024-02-09-08-00-00", "latency": "4"}]}, {"location": {"country_code": "pt"}, "game_id": "118849", "values": [{"date": "2024-02-09-20-00-00", "latency": "35"}, {"date": "2024-02-09-20-00-00", "latency": "35"}, {"date": "2024-02-09-20-00-00", "latency": "35"}, {"date": "2024-02-09-20-00-00", "latency": "35"}, {"date": "2024-02-09-20-00-00", "latency": "35"}, {"date": "2024-02-09-20-00-00", "latency": "35"}, {"date": "2024-02-09-20-00-00", "latency": "35"}, {"date": "2024-02-09-20-00-00", "latency": "35"}, {"date": "2024-02-09-20-00-00", "latency": "35"}, {"date": "2024-02-09-20-00-00", "latency": "35"}, {"date": "2024-02-09-20-00-00", "latency": "35"}, {"date": "2024-02-09-20-00-00", "latency": "35"}, {"date": "2024-02-09-20-00-00", "latency": "35"}, {"date": "2024-02-09-22-00-00", "latency": "39"}]}, {"location": {"country_code": "pt", "region": "Aveiro District", "city": "Gafanha da Nazare"}, "game_id": "118849", "values": [{"date": "2024-02-09-19-00-00", "latency": "40"}, {"date": "2024-02-09-19-00-00", "latency": "40"}, {"date": "2024-02-09-19-00-00", "latency": "40"}, {"date": "2024-02-09-19-00-00", "latency": "40"}, {"date": "2024-02-09-19-00-00", "latency": "40"}, {"date": "2024-02-09-19-00-00", "latency": "40"}, {"date": "2024-02-09-19-00-00", "latency": "40"}, {"date": "2024-02-09-19-00-00", "latency": "40"}]}, {"location": {"country_code": "br", "region": "State of Rio de Janeiro", "city": "Angra dos Reis"}, "game_id": "118849", "values": [{"date": "2024-02-09-03-00-00", "latency": "22"}, {"date": "2024-02-09-03-00-00", "latency": "22"}, {"date": "2024-02-09-03-00-00", "latency": "22"}]}, {"location": {"country_code": "us", "region": "Minnesota"}, "game_id": "118849", "values": [{"date": "2024-02-09-12-00-00", "latency": "35"}, {"date": "2024-02-09-12-00-00", "latency": "35"}, {"date": "2024-02-09-12-00-00", "latency": "35"}, {"date": "2024-02-09-12-00-00", "latency": "35"}]}, {"location": {"country_code": "uy", "region": "Montevideo Department", "city": "Montevideo"}, "game_id": "118849", "values": [{"date": "2024-02-09-03-00-00", "latency": "40"}, {"date": "2024-02-09-03-00-00", "latency": "40"}, {"date": "2024-02-09-03-00-00", "latency": "40"}, {"date": "2024-02-09-03-00-00", "latency": "40"}, {"date": "2024-02-09-03-00-00", "latency": "40"}]}, {"location": {"country_code": "kw"}, "game_id": "118849", "values": [{"date": "2024-02-09-13-00-00", "latency": "117"}, {"date": "2024-02-09-13-00-00", "latency": "117"}, {"date": "2024-02-09-13-00-00", "latency": "117"}, {"date": "2024-02-09-13-00-00", "latency": "117"}, {"date": "2024-02-09-13-00-00", "latency": "117"}, {"date": "2024-02-09-13-00-00", "latency": "117"}, {"date": "2024-02-09-13-00-00", "latency": "117"}, {"date": "2024-02-09-13-00-00", "latency": "117"}]}, {"location": {"country_code": "us", "region": "Florida", "city": "Orlando"}, "game_id": "118849", "values": [{"date": "2024-02-10-01-00-00", "latency": "57"}, {"date": "2024-02-10-01-00-00", "latency": "57"}, {"date": "2024-02-10-01-00-00", "latency": "57"}, {"date": "2024-02-10-01-00-00", "latency": "57"}, {"date": "2024-02-10-01-00-00", "latency": "57"}, {"date": "2024-02-10-01-00-00", "latency": "57"}, {"date": "2024-02-10-01-00-00", "latency": "57"}, {"date": "2024-02-10-01-00-00", "latency": "57"}]}, {"location": {"country_code": "mx", "region": "Jalisco", "city": "Guadalajara"}, "game_id": "118849", "values": [{"date": "2024-02-09-04-00-00", "latency": "7"}, {"date": "2024-02-09-04-00-00", "latency": "7"}, {"date": "2024-02-09-04-00-00", "latency": "7"}]}, {"location": {"country_code": "fr", "region": "Alsazia-Champagne-Ardenne-Lorena", "city": "Chalons-en-Champagne"}, "game_id": "118849", "values": [{"date": "2024-02-09-04-00-00", "latency": "23"}, {"date": "2024-02-09-04-00-00", "latency": "23"}, {"date": "2024-02-09-04-00-00", "latency": "23"}]}, {"location": {"country_code": "pt", "region": "Lisbon District", "city": "Amadora"}, "game_id": "118849", "values": [{"date": "2024-02-10-01-00-00", "latency": "36"}, {"date": "2024-02-10-01-00-00", "latency": "36"}, {"date": "2024-02-10-01-00-00", "latency": "36"}]}, {"location": {"country_code": "us", "region": "Alabama"}, "game_id": "118849", "values": [{"date": "2024-02-09-08-00-00", "latency": "20"}, {"date": "2024-02-09-08-00-00", "latency": "20"}, {"date": "2024-02-09-08-00-00", "latency": "20"}]}, {"location": {"country_code": "us", "region": "Texas", "city": "Irving"}, "game_id": "118849", "values": [{"date": "2024-02-09-11-00-00", "latency": "37"}, {"date": "2024-02-09-11-00-00", "latency": "37"}, {"date": "2024-02-09-11-00-00", "latency": "37"}, {"date": "2024-02-09-11-00-00", "latency": "37"}, {"date": "2024-02-09-11-00-00", "latency": "37"}, {"date": "2024-02-09-11-00-00", "latency": "37"}, {"date": "2024-02-09-11-00-00", "latency": "37"}, {"date": "2024-02-09-11-00-00", "latency": "37"}, {"date": "2024-02-09-11-00-00", "latency": "37"}, {"date": "2024-02-09-11-00-00", "latency": "37"}, {"date": "2024-02-09-11-00-00", "latency": "37"}, {"date": "2024-02-09-11-00-00", "latency": "37"}, {"date": "2024-02-09-11-00-00", "latency": "37"}, {"date": "2024-02-09-11-00-00", "latency": "37"}, {"date": "2024-02-09-11-00-00", "latency": "37"}]}, {"location": {"country_code": "fr", "region": "Alvernia-Rodano-Alpi", "city": "Grenoble"}, "game_id": "118849", "values": [{"date": "2024-02-09-15-00-00", "latency": "19"}, {"date": "2024-02-09-15-00-00", "latency": "19"}]}, {"location": {"country_code": "lv"}, "game_id": "118849", "values": [{"date": "2024-02-09-23-00-00", "latency": "36"}, {"date": "2024-02-09-23-00-00", "latency": "36"}, {"date": "2024-02-09-23-00-00", "latency": "36"}, {"date": "2024-02-09-23-00-00", "latency": "36"}, {"date": "2024-02-09-23-00-00", "latency": "36"}, {"date": "2024-02-09-23-00-00", "latency": "36"}, {"date": "2024-02-09-23-00-00", "latency": "36"}, {"date": "2024-02-09-23-00-00", "latency": "36"}, {"date": "2024-02-09-23-00-00", "latency": "36"}, {"date": "2024-02-09-23-00-00", "latency": "36"}, {"date": "2024-02-09-23-00-00", "latency": "36"}, {"date": "2024-02-09-23-00-00", "latency": "36"}]}, {"location": {"country_code": "ca", "region": "British Columbia"}, "game_id": "118849", "values": [{"date": "2024-02-09-13-00-00", "latency": "55"}, {"date": "2024-02-09-13-00-00", "latency": "55"}, {"date": "2024-02-09-13-00-00", "latency": "55"}, {"date": "2024-02-09-13-00-00", "latency": "55"}, {"date": "2024-02-09-13-00-00", "latency": "55"}, {"date": "2024-02-09-13-00-00", "latency": "55"}, {"date": "2024-02-09-13-00-00", "latency": "55"}, {"date": "2024-02-09-13-00-00", "latency": "55"}, {"date": "2024-02-09-13-00-00", "latency": "55"}, {"date": "2024-02-09-13-00-00", "latency": "55"}, {"date": "2024-02-09-13-00-00", "latency": "55"}, {"date": "2024-02-09-13-00-00", "latency": "55"}, {"date": "2024-02-09-13-00-00", "latency": "55"}]}, {"location": {"country_code": "de", "region": "North Rhine-Westphalia", "city": "Cologne"}, "game_id": "118849", "values": [{"date": "2024-02-09-19-00-00", "latency": "12"}, {"date": "2024-02-09-19-00-00", "latency": "12"}, {"date": "2024-02-09-19-00-00", "latency": "12"}, {"date": "2024-02-09-19-00-00", "latency": "12"}]}, {"location": {"country_code": "mx", "region": "Sonora"}, "game_id": "118849", "values": [{"date": "2024-02-09-08-00-00", "latency": "77"}, {"date": "2024-02-09-08-00-00", "latency": "77"}, {"date": "2024-02-09-08-00-00", "latency": "77"}]}, {"location": {"country_code": "br", "region": "Parana", "city": "Foz do Iguacu"}, "game_id": "118849", "values": [{"date": "2024-02-09-16-00-00", "latency": "4"}, {"date": "2024-02-09-16-00-00", "latency": "4"}, {"date": "2024-02-09-16-00-00", "latency": "4"}, {"date": "2024-02-09-16-00-00", "latency": "4"}, {"date": "2024-02-09-16-00-00", "latency": "4"}, {"date": "2024-02-09-16-00-00", "latency": "4"}]}, {"location": {"country_code": "ar", "region": "Tucuman Province", "city": "San Miguel de Tucuman"}, "game_id": "118849", "values": [{"date": "2024-02-09-04-00-00", "latency": "53"}, {"date": "2024-02-09-04-00-00", "latency": "53"}, {"date": "2024-02-09-04-00-00", "latency": "53"}, {"date": "2024-02-09-04-00-00", "latency": "53"}, {"date": "2024-02-09-04-00-00", "latency": "53"}]}, {"location": {"country_code": "ca", "region": "Alberta", "city": "Calgary"}, "game_id": "118849", "values": [{"date": "2024-02-09-11-00-00", "latency": "5"}, {"date": "2024-02-09-11-00-00", "latency": "5"}, {"date": "2024-02-09-11-00-00", "latency": "5"}, {"date": "2024-02-09-11-00-00", "latency": "5"}, {"date": "2024-02-09-11-00-00", "latency": "5"}, {"date": "2024-02-09-11-00-00", "latency": "5"}, {"date": "2024-02-09-11-00-00", "latency": "5"}, {"date": "2024-02-09-11-00-00", "latency": "5"}, {"date": "2024-02-09-11-00-00", "latency": "5"}, {"date": "2024-02-09-11-00-00", "latency": "5"}, {"date": "2024-02-09-11-00-00", "latency": "5"}, {"date": "2024-02-09-11-00-00", "latency": "5"}, {"date": "2024-02-09-11-00-00", "latency": "5"}, {"date": "2024-02-09-11-00-00", "latency": "5"}, {"date": "2024-02-09-11-00-00", "latency": "5"}, {"date": "2024-02-09-11-00-00", "latency": "5"}, {"date": "2024-02-09-11-00-00", "latency": "5"}, {"date": "2024-02-09-11-00-00", "latency": "5"}, {"date": "2024-02-09-11-00-00", "latency": "5"}, {"date": "2024-02-09-11-00-00", "latency": "5"}, {"date": "2024-02-09-11-00-00", "latency": "5"}, {"date": "2024-02-09-11-00-00", "latency": "5"}, {"date": "2024-02-09-11-00-00", "latency": "5"}, {"date": "2024-02-09-11-00-00", "latency": "5"}, {"date": "2024-02-09-11-00-00", "latency": "5"}, {"date": "2024-02-09-11-00-00", "latency": "5"}, {"date": "2024-02-09-11-00-00", "latency": "5"}, {"date": "2024-02-09-11-00-00", "latency": "5"}, {"date": "2024-02-09-11-00-00", "latency": "5"}, {"date": "2024-02-09-11-00-00", "latency": "5"}, {"date": "2024-02-09-11-00-00", "latency": "5"}, {"date": "2024-02-09-11-00-00", "latency": "5"}, {"date": "2024-02-09-11-00-00", "latency": "5"}, {"date": "2024-02-09-11-00-00", "latency": "5"}, {"date": "2024-02-09-11-00-00", "latency": "5"}, {"date": "2024-02-09-11-00-00", "latency": "5"}, {"date": "2024-02-09-11-00-00", "latency": "5"}, {"date": "2024-02-09-11-00-00", "latency": "5"}, {"date": "2024-02-09-11-00-00", "latency": "5"}]}, {"location": {"country_code": "bg"}, "game_id": "118849", "values": [{"date": "2024-02-09-17-00-00", "latency": "35"}, {"date": "2024-02-09-17-00-00", "latency": "35"}, {"date": "2024-02-09-17-00-00", "latency": "35"}, {"date": "2024-02-09-17-00-00", "latency": "35"}, {"date": "2024-02-09-17-00-00", "latency": "35"}, {"date": "2024-02-09-17-00-00", "latency": "35"}, {"date": "2024-02-09-17-00-00", "latency": "35"}, {"date": "2024-02-09-17-00-00", "latency": "35"}, {"date": "2024-02-09-17-00-00", "latency": "35"}, {"date": "2024-02-09-17-00-00", "latency": "35"}, {"date": "2024-02-09-17-00-00", "latency": "35"}, {"date": "2024-02-09-17-00-00", "latency": "35"}, {"date": "2024-02-09-17-00-00", "latency": "35"}, {"date": "2024-02-09-17-00-00", "latency": "35"}, {"date": "2024-02-09-17-00-00", "latency": "35"}, {"date": "2024-02-09-17-00-00", "latency": "35"}, {"date": "2024-02-09-17-00-00", "latency": "35"}, {"date": "2024-02-09-17-00-00", "latency": "35"}, {"date": "2024-02-09-17-00-00", "latency": "35"}, {"date": "2024-02-09-17-00-00", "latency": "35"}, {"date": "2024-02-09-17-00-00", "latency": "35"}, {"date": "2024-02-09-17-00-00", "latency": "35"}, {"date": "2024-02-09-17-00-00", "latency": "35"}, {"date": "2024-02-09-17-00-00", "latency": "35"}, {"date": "2024-02-09-17-00-00", "latency": "35"}, {"date": "2024-02-09-17-00-00", "latency": "35"}, {"date": "2024-02-09-17-00-00", "latency": "35"}, {"date": "2024-02-09-17-00-00", "latency": "35"}, {"date": "2024-02-09-17-00-00", "latency": "35"}, {"date": "2024-02-09-17-00-00", "latency": "35"}, {"date": "2024-02-09-17-00-00", "latency": "35"}, {"date": "2024-02-09-17-00-00", "latency": "35"}, {"date": "2024-02-09-17-00-00", "latency": "35"}, {"date": "2024-02-09-17-00-00", "latency": "35"}, {"date": "2024-02-09-17-00-00", "latency": "35"}, {"date": "2024-02-09-17-00-00", "latency": "35"}, {"date": "2024-02-09-17-00-00", "latency": "35"}, {"date": "2024-02-09-17-00-00", "latency": "35"}, {"date": "2024-02-09-17-00-00", "latency": "35"}, {"date": "2024-02-09-17-00-00", "latency": "35"}, {"date": "2024-02-09-17-00-00", "latency": "35"}, {"date": "2024-02-09-17-00-00", "latency": "35"}, {"date": "2024-02-09-21-00-00", "latency": "32"}, {"date": "2024-02-09-21-00-00", "latency": "32"}, {"date": "2024-02-09-21-00-00", "latency": "32"}, {"date": "2024-02-09-21-00-00", "latency": "32"}, {"date": "2024-02-09-21-00-00", "latency": "32"}]}, {"location": {"country_code": "de", "region": "North Rhine-Westphalia"}, "game_id": "118849", "values": [{"date": "2024-02-09-20-00-00", "latency": "28"}, {"date": "2024-02-09-20-00-00", "latency": "28"}, {"date": "2024-02-09-20-00-00", "latency": "28"}, {"date": "2024-02-09-20-00-00", "latency": "28"}, {"date": "2024-02-09-20-00-00", "latency": "28"}, {"date": "2024-02-09-20-00-00", "latency": "28"}, {"date": "2024-02-09-20-00-00", "latency": "28"}, {"date": "2024-02-09-20-00-00", "latency": "28"}, {"date": "2024-02-09-20-00-00", "latency": "28"}, {"date": "2024-02-09-20-00-00", "latency": "28"}, {"date": "2024-02-09-20-00-00", "latency": "28"}, {"date": "2024-02-09-20-00-00", "latency": "28"}]}, {"location": {"country_code": "de", "region": "Saxony", "city": "Leipzig"}, "game_id": "118849", "values": [{"date": "2024-02-09-18-00-00", "latency": "13"}, {"date": "2024-02-09-18-00-00", "latency": "13"}, {"date": "2024-02-09-18-00-00", "latency": "13"}, {"date": "2024-02-09-18-00-00", "latency": "13"}, {"date": "2024-02-09-18-00-00", "latency": "13"}, {"date": "2024-02-09-18-00-00", "latency": "13"}, {"date": "2024-02-09-18-00-00", "latency": "13"}, {"date": "2024-02-09-18-00-00", "latency": "13"}, {"date": "2024-02-09-18-00-00", "latency": "13"}]}, {"location": {"country_code": "th", "region": "Bangkok", "city": "Bangkok"}, "game_id": "118849", "values": [{"date": "2024-02-09-11-00-00", "latency": "19"}, {"date": "2024-02-09-11-00-00", "latency": "19"}, {"date": "2024-02-09-11-00-00", "latency": "19"}, {"date": "2024-02-09-11-00-00", "latency": "19"}, {"date": "2024-02-09-11-00-00", "latency": "19"}, {"date": "2024-02-09-11-00-00", "latency": "19"}]}, {"location": {"country_code": "br", "region": "Santa Catarina"}, "game_id": "118849", "values": [{"date": "2024-02-09-10-00-00", "latency": "20"}, {"date": "2024-02-09-10-00-00", "latency": "20"}, {"date": "2024-02-09-10-00-00", "latency": "20"}, {"date": "2024-02-09-10-00-00", "latency": "20"}, {"date": "2024-02-09-10-00-00", "latency": "20"}, {"date": "2024-02-09-10-00-00", "latency": "20"}, {"date": "2024-02-09-10-00-00", "latency": "20"}, {"date": "2024-02-09-10-00-00", "latency": "20"}, {"date": "2024-02-09-10-00-00", "latency": "20"}, {"date": "2024-02-09-10-00-00", "latency": "20"}, {"date": "2024-02-09-10-00-00", "latency": "20"}, {"date": "2024-02-09-10-00-00", "latency": "20"}, {"date": "2024-02-09-10-00-00", "latency": "20"}, {"date": "2024-02-09-10-00-00", "latency": "20"}, {"date": "2024-02-09-10-00-00", "latency": "20"}, {"date": "2024-02-09-10-00-00", "latency": "20"}, {"date": "2024-02-09-10-00-00", "latency": "20"}, {"date": "2024-02-09-10-00-00", "latency": "20"}, {"date": "2024-02-09-10-00-00", "latency": "20"}, {"date": "2024-02-09-10-00-00", "latency": "20"}, {"date": "2024-02-09-10-00-00", "latency": "20"}, {"date": "2024-02-09-10-00-00", "latency": "20"}, {"date": "2024-02-09-10-00-00", "latency": "20"}, {"date": "2024-02-09-10-00-00", "latency": "20"}, {"date": "2024-02-09-10-00-00", "latency": "20"}, {"date": "2024-02-09-10-00-00", "latency": "20"}, {"date": "2024-02-09-10-00-00", "latency": "20"}, {"date": "2024-02-09-10-00-00", "latency": "20"}, {"date": "2024-02-09-10-00-00", "latency": "20"}, {"date": "2024-02-09-10-00-00", "latency": "20"}, {"date": "2024-02-09-10-00-00", "latency": "20"}, {"date": "2024-02-09-10-00-00", "latency": "20"}, {"date": "2024-02-09-10-00-00", "latency": "20"}, {"date": "2024-02-09-10-00-00", "latency": "20"}, {"date": "2024-02-09-10-00-00", "latency": "20"}]}, {"location": {"country_code": "us", "region": "New Jersey", "city": "Haddonfield"}, "game_id": "118849", "values": [{"date": "2024-02-09-18-00-00", "latency": "42"}]}, {"location": {"country_code": "us", "region": "Florida", "city": "West Palm Beach"}, "game_id": "118849", "values": [{"date": "2024-02-09-21-00-00", "latency": "1"}, {"date": "2024-02-09-21-00-00", "latency": "1"}, {"date": "2024-02-09-21-00-00", "latency": "1"}]}, {"location": {"country_code": "tr", "region": "Ic Anadolu Bolgesi", "city": "Ankara"}, "game_id": "118849", "values": [{"date": "2024-02-09-16-00-00", "latency": "156"}, {"date": "2024-02-09-16-00-00", "latency": "156"}]}, {"location": {"country_code": "br", "region": "State of Rio de Janeiro", "city": "Araruama"}, "game_id": "118849", "values": [{"date": "2024-02-09-18-00-00", "latency": "19"}, {"date": "2024-02-09-18-00-00", "latency": "19"}, {"date": "2024-02-09-18-00-00", "latency": "19"}, {"date": "2024-02-09-18-00-00", "latency": "19"}, {"date": "2024-02-09-18-00-00", "latency": "19"}, {"date": "2024-02-09-18-00-00", "latency": "19"}, {"date": "2024-02-09-18-00-00", "latency": "19"}, {"date": "2024-02-09-18-00-00", "latency": "19"}, {"date": "2024-02-09-18-00-00", "latency": "19"}, {"date": "2024-02-09-18-00-00", "latency": "19"}, {"date": "2024-02-09-18-00-00", "latency": "19"}, {"date": "2024-02-09-18-00-00", "latency": "19"}, {"date": "2024-02-09-18-00-00", "latency": "19"}, {"date": "2024-02-09-18-00-00", "latency": "19"}, {"date": "2024-02-09-18-00-00", "latency": "19"}, {"date": "2024-02-09-18-00-00", "latency": "19"}, {"date": "2024-02-09-18-00-00", "latency": "19"}, {"date": "2024-02-09-18-00-00", "latency": "19"}, {"date": "2024-02-09-18-00-00", "latency": "19"}, {"date": "2024-02-09-18-00-00", "latency": "19"}, {"date": "2024-02-09-18-00-00", "latency": "19"}, {"date": "2024-02-09-18-00-00", "latency": "19"}, {"date": "2024-02-09-18-00-00", "latency": "19"}, {"date": "2024-02-09-18-00-00", "latency": "19"}, {"date": "2024-02-09-18-00-00", "latency": "19"}, {"date": "2024-02-09-18-00-00", "latency": "19"}, {"date": "2024-02-09-18-00-00", "latency": "19"}, {"date": "2024-02-09-18-00-00", "latency": "19"}, {"date": "2024-02-09-18-00-00", "latency": "19"}, {"date": "2024-02-09-18-00-00", "latency": "19"}, {"date": "2024-02-09-18-00-00", "latency": "19"}]}, {"location": {"country_code": "ph", "region": "National Capital Region", "city": "Quezon City"}, "game_id": "118849", "values": [{"date": "2024-02-09-10-00-00", "latency": "17"}, {"date": "2024-02-09-10-00-00", "latency": "17"}, {"date": "2024-02-09-10-00-00", "latency": "17"}, {"date": "2024-02-09-10-00-00", "latency": "17"}, {"date": "2024-02-09-10-00-00", "latency": "17"}, {"date": "2024-02-09-10-00-00", "latency": "17"}, {"date": "2024-02-09-10-00-00", "latency": "17"}, {"date": "2024-02-09-10-00-00", "latency": "17"}, {"date": "2024-02-09-10-00-00", "latency": "17"}, {"date": "2024-02-09-10-00-00", "latency": "17"}, {"date": "2024-02-09-10-00-00", "latency": "17"}, {"date": "2024-02-09-10-00-00", "latency": "17"}, {"date": "2024-02-09-10-00-00", "latency": "17"}, {"date": "2024-02-09-10-00-00", "latency": "17"}, {"date": "2024-02-09-10-00-00", "latency": "17"}, {"date": "2024-02-09-10-00-00", "latency": "17"}, {"date": "2024-02-09-10-00-00", "latency": "17"}]}, {"location": {"country_code": "bg", "region": "Sofia-Capital", "city": "Sofia"}, "game_id": "118849", "values": [{"date": "2024-02-09-12-00-00", "latency": "33"}, {"date": "2024-02-09-12-00-00", "latency": "33"}, {"date": "2024-02-09-12-00-00", "latency": "33"}]}, {"location": {"country_code": "vn", "region": "Ho Chi Minh City"}, "game_id": "118849", "values": [{"date": "2024-02-09-22-00-00", "latency": "5"}, {"date": "2024-02-09-22-00-00", "latency": "5"}, {"date": "2024-02-09-22-00-00", "latency": "5"}, {"date": "2024-02-09-22-00-00", "latency": "5"}, {"date": "2024-02-09-22-00-00", "latency": "5"}, {"date": "2024-02-09-22-00-00", "latency": "5"}, {"date": "2024-02-09-22-00-00", "latency": "5"}, {"date": "2024-02-09-22-00-00", "latency": "5"}, {"date": "2024-02-09-22-00-00", "latency": "5"}, {"date": "2024-02-09-22-00-00", "latency": "5"}, {"date": "2024-02-09-22-00-00", "latency": "5"}]}, {"location": {"country_code": "ch", "region": "Canton of Lucerne", "city": "Horw"}, "game_id": "118849", "values": [{"date": "2024-02-09-01-00-00", "latency": "69"}, {"date": "2024-02-09-01-00-00", "latency": "69"}]}, {"location": {"country_code": "us", "region": "Colorado", "city": "Wheat Ridge"}, "game_id": "118849", "values": [{"date": "2024-02-09-03-00-00", "latency": "25"}, {"date": "2024-02-09-03-00-00", "latency": "25"}, {"date": "2024-02-09-03-00-00", "latency": "25"}, {"date": "2024-02-09-03-00-00", "latency": "25"}, {"date": "2024-02-09-03-00-00", "latency": "25"}]}, {"location": {"country_code": "mx", "region": "Coahuila"}, "game_id": "118849", "values": [{"date": "2024-02-09-10-00-00", "latency": "67"}, {"date": "2024-02-09-10-00-00", "latency": "67"}, {"date": "2024-02-09-10-00-00", "latency": "67"}, {"date": "2024-02-09-10-00-00", "latency": "67"}, {"date": "2024-02-09-10-00-00", "latency": "67"}, {"date": "2024-02-09-10-00-00", "latency": "67"}, {"date": "2024-02-09-10-00-00", "latency": "67"}, {"date": "2024-02-09-10-00-00", "latency": "67"}, {"date": "2024-02-09-10-00-00", "latency": "67"}, {"date": "2024-02-09-10-00-00", "latency": "67"}, {"date": "2024-02-09-10-00-00", "latency": "67"}, {"date": "2024-02-09-10-00-00", "latency": "67"}, {"date": "2024-02-09-10-00-00", "latency": "67"}, {"date": "2024-02-09-10-00-00", "latency": "67"}, {"date": "2024-02-09-10-00-00", "latency": "67"}, {"date": "2024-02-09-10-00-00", "latency": "67"}, {"date": "2024-02-09-10-00-00", "latency": "67"}, {"date": "2024-02-09-10-00-00", "latency": "67"}, {"date": "2024-02-09-10-00-00", "latency": "67"}]}, {"location": {"country_code": "de", "region": "Hesse", "city": "Kassel"}, "game_id": "118849", "values": [{"date": "2024-02-09-22-00-00", "latency": "17"}, {"date": "2024-02-09-22-00-00", "latency": "17"}, {"date": "2024-02-09-22-00-00", "latency": "17"}, {"date": "2024-02-09-22-00-00", "latency": "17"}, {"date": "2024-02-09-22-00-00", "latency": "17"}, {"date": "2024-02-09-22-00-00", "latency": "17"}, {"date": "2024-02-09-22-00-00", "latency": "17"}, {"date": "2024-02-09-22-00-00", "latency": "17"}, {"date": "2024-02-09-22-00-00", "latency": "17"}, {"date": "2024-02-09-22-00-00", "latency": "17"}, {"date": "2024-02-09-22-00-00", "latency": "17"}, {"date": "2024-02-09-22-00-00", "latency": "17"}, {"date": "2024-02-09-22-00-00", "latency": "17"}, {"date": "2024-02-09-22-00-00", "latency": "17"}, {"date": "2024-02-09-22-00-00", "latency": "17"}, {"date": "2024-02-09-22-00-00", "latency": "17"}, {"date": "2024-02-09-22-00-00", "latency": "17"}, {"date": "2024-02-09-22-00-00", "latency": "17"}, {"date": "2024-02-09-22-00-00", "latency": "17"}, {"date": "2024-02-09-22-00-00", "latency": "17"}, {"date": "2024-02-09-22-00-00", "latency": "17"}, {"date": "2024-02-09-22-00-00", "latency": "17"}, {"date": "2024-02-09-22-00-00", "latency": "17"}, {"date": "2024-02-09-22-00-00", "latency": "17"}, {"date": "2024-02-09-22-00-00", "latency": "17"}, {"date": "2024-02-09-22-00-00", "latency": "17"}, {"date": "2024-02-09-22-00-00", "latency": "17"}, {"date": "2024-02-09-22-00-00", "latency": "17"}, {"date": "2024-02-09-22-00-00", "latency": "17"}, {"date": "2024-02-09-22-00-00", "latency": "17"}, {"date": "2024-02-09-22-00-00", "latency": "17"}, {"date": "2024-02-09-22-00-00", "latency": "17"}, {"date": "2024-02-09-22-00-00", "latency": "17"}, {"date": "2024-02-09-22-00-00", "latency": "17"}, {"date": "2024-02-09-22-00-00", "latency": "17"}, {"date": "2024-02-09-22-00-00", "latency": "17"}, {"date": "2024-02-09-22-00-00", "latency": "17"}, {"date": "2024-02-09-22-00-00", "latency": "17"}, {"date": "2024-02-09-22-00-00", "latency": "17"}, {"date": "2024-02-09-22-00-00", "latency": "17"}, {"date": "2024-02-09-22-00-00", "latency": "17"}, {"date": "2024-02-09-22-00-00", "latency": "17"}, {"date": "2024-02-09-22-00-00", "latency": "17"}, {"date": "2024-02-09-22-00-00", "latency": "17"}, {"date": "2024-02-09-22-00-00", "latency": "17"}, {"date": "2024-02-09-22-00-00", "latency": "17"}, {"date": "2024-02-09-22-00-00", "latency": "17"}, {"date": "2024-02-09-22-00-00", "latency": "17"}, {"date": "2024-02-09-22-00-00", "latency": "17"}, {"date": "2024-02-09-22-00-00", "latency": "17"}]}, {"location": {"country_code": "cz", "region": "South Moravian"}, "game_id": "118849", "values": [{"date": "2024-02-09-21-00-00", "latency": "20"}, {"date": "2024-02-09-21-00-00", "latency": "20"}, {"date": "2024-02-09-21-00-00", "latency": "20"}, {"date": "2024-02-09-21-00-00", "latency": "20"}, {"date": "2024-02-09-21-00-00", "latency": "20"}, {"date": "2024-02-09-21-00-00", "latency": "20"}]}, {"location": {"country_code": "us", "region": "State of Maine", "city": "Bangor"}, "game_id": "118849", "values": [{"date": "2024-02-09-08-00-00", "latency": "5"}]}, {"location": {"country_code": "gb", "region": "England", "city": "Exeter"}, "game_id": "118849", "values": [{"date": "2024-02-09-18-00-00", "latency": "33"}, {"date": "2024-02-09-18-00-00", "latency": "33"}, {"date": "2024-02-09-18-00-00", "latency": "33"}]}, {"location": {"country_code": "us", "region": "Connecticut", "city": "Wallingford"}, "game_id": "118849", "values": [{"date": "2024-02-09-17-00-00", "latency": "40"}, {"date": "2024-02-09-17-00-00", "latency": "40"}, {"date": "2024-02-09-17-00-00", "latency": "40"}, {"date": "2024-02-09-17-00-00", "latency": "40"}, {"date": "2024-02-09-17-00-00", "latency": "40"}, {"date": "2024-02-09-17-00-00", "latency": "40"}, {"date": "2024-02-09-17-00-00", "latency": "40"}, {"date": "2024-02-09-17-00-00", "latency": "40"}, {"date": "2024-02-09-17-00-00", "latency": "40"}, {"date": "2024-02-09-17-00-00", "latency": "40"}, {"date": "2024-02-09-17-00-00", "latency": "40"}, {"date": "2024-02-09-17-00-00", "latency": "40"}, {"date": "2024-02-09-17-00-00", "latency": "40"}, {"date": "2024-02-09-17-00-00", "latency": "40"}, {"date": "2024-02-09-17-00-00", "latency": "40"}, {"date": "2024-02-09-17-00-00", "latency": "40"}, {"date": "2024-02-09-17-00-00", "latency": "40"}, {"date": "2024-02-09-17-00-00", "latency": "40"}]}, {"location": {"country_code": "us", "region": "Pennsylvania", "city": "Quakertown"}, "game_id": "118849", "values": [{"date": "2024-02-09-07-00-00", "latency": "27"}, {"date": "2024-02-09-07-00-00", "latency": "27"}, {"date": "2024-02-09-07-00-00", "latency": "27"}]}, {"location": {"country_code": "th", "region": "Nonthaburi", "city": "Pak Kret"}, "game_id": "118849", "values": [{"date": "2024-02-09-17-00-00", "latency": "6"}, {"date": "2024-02-09-17-00-00", "latency": "6"}, {"date": "2024-02-09-17-00-00", "latency": "6"}, {"date": "2024-02-09-17-00-00", "latency": "6"}, {"date": "2024-02-09-17-00-00", "latency": "6"}, {"date": "2024-02-09-17-00-00", "latency": "6"}, {"date": "2024-02-09-17-00-00", "latency": "6"}, {"date": "2024-02-09-17-00-00", "latency": "6"}, {"date": "2024-02-09-17-00-00", "latency": "6"}, {"date": "2024-02-09-17-00-00", "latency": "6"}, {"date": "2024-02-09-17-00-00", "latency": "6"}, {"date": "2024-02-09-17-00-00", "latency": "6"}, {"date": "2024-02-09-17-00-00", "latency": "6"}, {"date": "2024-02-09-17-00-00", "latency": "6"}, {"date": "2024-02-09-17-00-00", "latency": "6"}, {"date": "2024-02-09-17-00-00", "latency": "6"}, {"date": "2024-02-09-17-00-00", "latency": "6"}, {"date": "2024-02-09-17-00-00", "latency": "6"}, {"date": "2024-02-09-17-00-00", "latency": "6"}, {"date": "2024-02-09-17-00-00", "latency": "6"}, {"date": "2024-02-09-17-00-00", "latency": "6"}, {"date": "2024-02-09-17-00-00", "latency": "6"}, {"date": "2024-02-09-17-00-00", "latency": "6"}, {"date": "2024-02-09-17-00-00", "latency": "6"}, {"date": "2024-02-09-17-00-00", "latency": "6"}, {"date": "2024-02-09-17-00-00", "latency": "6"}, {"date": "2024-02-09-17-00-00", "latency": "6"}, {"date": "2024-02-09-17-00-00", "latency": "6"}, {"date": "2024-02-09-17-00-00", "latency": "6"}, {"date": "2024-02-09-17-00-00", "latency": "6"}, {"date": "2024-02-09-17-00-00", "latency": "6"}, {"date": "2024-02-09-17-00-00", "latency": "6"}, {"date": "2024-02-09-17-00-00", "latency": "6"}, {"date": "2024-02-09-17-00-00", "latency": "6"}, {"date": "2024-02-09-17-00-00", "latency": "6"}, {"date": "2024-02-09-17-00-00", "latency": "6"}, {"date": "2024-02-09-17-00-00", "latency": "6"}, {"date": "2024-02-09-17-00-00", "latency": "6"}, {"date": "2024-02-09-17-00-00", "latency": "6"}, {"date": "2024-02-09-17-00-00", "latency": "6"}, {"date": "2024-02-09-17-00-00", "latency": "6"}, {"date": "2024-02-09-17-00-00", "latency": "6"}]}, {"location": {"country_code": "ph", "region": "CALABARZON"}, "game_id": "118849", "values": [{"date": "2024-02-09-04-00-00", "latency": "25"}, {"date": "2024-02-09-04-00-00", "latency": "25"}, {"date": "2024-02-09-04-00-00", "latency": "25"}, {"date": "2024-02-09-04-00-00", "latency": "25"}]}], "last_updated": 1719915020.393078}