{"data": [{"location": {"country_code": "nz"}, "game_id": "747108", "values": [{"date": "2023-06-16-08-00-00", "alternatives": ["7", "725", "7"]}, {"date": "2023-06-16-08-00-00", "alternatives": ["7", "725", "7"]}, {"date": "2023-06-16-08-00-00", "alternatives": ["7", "725", "7"]}, {"date": "2023-06-16-08-00-00", "alternatives": ["7", "725", "7"]}, {"date": "2023-06-16-08-00-00", "alternatives": ["7", "725", "7"]}, {"date": "2023-06-16-08-00-00", "alternatives": ["7", "725", "7"]}, {"date": "2023-06-16-08-00-00", "alternatives": ["7", "725", "7"]}, {"date": "2023-06-16-08-00-00", "alternatives": ["7", "725", "7"]}, {"date": "2023-06-16-08-00-00", "alternatives": ["7", "725", "7"]}, {"date": "2023-06-16-08-00-00", "alternatives": ["7", "725", "7"]}, {"date": "2023-06-16-08-00-00", "alternatives": ["7", "725", "7"]}, {"date": "2023-06-16-08-00-00", "alternatives": ["7", "725", "7"]}, {"date": "2023-06-16-08-00-00", "alternatives": ["7", "725", "7"]}]}, {"location": {"country_code": "us"}, "game_id": "747108", "values": [{"date": "2023-06-16-18-00-00", "alternatives": ["16", "16", "1"]}, {"date": "2023-06-16-18-00-00", "alternatives": ["16", "16", "1"]}, {"date": "2023-06-16-18-00-00", "alternatives": ["16", "16", "1"]}, {"date": "2023-06-16-18-00-00", "alternatives": ["16", "16", "1"]}, {"date": "2023-06-16-18-00-00", "alternatives": ["16", "16", "1"]}, {"date": "2023-06-16-18-00-00", "alternatives": ["16", "16", "1"]}, {"date": "2023-06-16-18-00-00", "alternatives": ["16", "16", "1"]}, {"date": "2023-06-16-18-00-00", "alternatives": ["16", "16", "1"]}, {"date": "2023-06-16-18-00-00", "alternatives": ["16", "16", "1"]}, {"date": "2023-06-16-18-00-00", "alternatives": ["16", "16", "1"]}, {"date": "2023-06-16-18-00-00", "alternatives": ["16", "16", "1"]}, {"date": "2023-06-16-18-00-00", "alternatives": ["16", "16", "1"]}, {"date": "2023-06-16-18-00-00", "alternatives": ["16", "16", "1"]}, {"date": "2023-06-16-18-00-00", "alternatives": ["16", "16", "1"]}, {"date": "2023-06-16-18-00-00", "alternatives": ["16", "16", "1"]}, {"date": "2023-06-16-18-00-00", "alternatives": ["16", "16", "1"]}, {"date": "2023-06-16-18-00-00", "alternatives": ["16", "16", "1"]}, {"date": "2023-06-16-18-00-00", "alternatives": ["16", "16", "1"]}, {"date": "2023-06-16-18-00-00", "alternatives": ["16", "16", "1"]}, {"date": "2023-06-16-18-00-00", "alternatives": ["16", "16", "1"]}, {"date": "2023-06-16-18-00-00", "alternatives": ["16", "16", "1"]}, {"date": "2023-06-16-18-00-00", "alternatives": ["16", "16", "1"]}, {"date": "2023-06-16-18-00-00", "alternatives": ["16", "16", "1"]}, {"date": "2023-06-16-18-00-00", "alternatives": ["16", "16", "1"]}, {"date": "2023-06-16-18-00-00", "alternatives": ["16", "16", "1"]}, {"date": "2023-06-16-18-00-00", "alternatives": ["16", "16", "1"]}, {"date": "2023-06-16-12-00-00", "alternatives": ["16", "1", "16"]}, {"date": "2023-06-16-12-00-00", "alternatives": ["16", "1", "16"]}, {"date": "2023-06-16-12-00-00", "alternatives": ["16", "1", "16"]}, {"date": "2023-06-16-12-00-00", "alternatives": ["16", "1", "16"]}, {"date": "2023-06-16-12-00-00", "alternatives": ["16", "1", "16"]}, {"date": "2023-06-17-02-00-00", "alternatives": ["78", "78", "8"]}, {"date": "2023-06-17-02-00-00", "alternatives": ["78", "78", "8"]}, {"date": "2023-06-17-02-00-00", "alternatives": ["78", "78", "8"]}, {"date": "2023-06-17-02-00-00", "alternatives": ["78", "78", "8"]}, {"date": "2023-06-17-02-00-00", "alternatives": ["78", "78", "8"]}, {"date": "2023-06-17-02-00-00", "alternatives": ["78", "78", "8"]}, {"date": "2023-06-17-02-00-00", "alternatives": ["78", "78", "8"]}, {"date": "2023-06-17-02-00-00", "alternatives": ["78", "78", "8"]}, {"date": "2023-06-17-02-00-00", "alternatives": ["78", "78", "8"]}, {"date": "2023-06-17-02-00-00", "alternatives": ["78", "78", "8"]}, {"date": "2023-06-17-02-00-00", "alternatives": ["78", "78", "8"]}, {"date": "2023-06-17-02-00-00", "alternatives": ["78", "78", "8"]}, {"date": "2023-06-17-02-00-00", "alternatives": ["78", "78", "8"]}, {"date": "2023-06-17-02-00-00", "alternatives": ["78", "78", "8"]}, {"date": "2023-06-17-02-00-00", "alternatives": ["78", "78", "8"]}, {"date": "2023-06-17-02-00-00", "alternatives": ["78", "78", "8"]}, {"date": "2023-06-17-02-00-00", "alternatives": ["78", "78", "8"]}, {"date": "2023-06-16-07-00-00", "alternatives": ["63", "63", "3"]}, {"date": "2023-06-16-07-00-00", "alternatives": ["63", "63", "3"]}, {"date": "2023-06-16-07-00-00", "alternatives": ["63", "63", "3"]}, {"date": "2023-06-16-07-00-00", "alternatives": ["63", "63", "3"]}, {"date": "2023-06-16-07-00-00", "alternatives": ["63", "63", "3"]}, {"date": "2023-06-16-07-00-00", "alternatives": ["63", "63", "3"]}, {"date": "2023-06-16-07-00-00", "alternatives": ["63", "63", "3"]}, {"date": "2023-06-16-07-00-00", "alternatives": ["63", "63", "3"]}, {"date": "2023-06-16-07-00-00", "alternatives": ["63", "63", "3"]}, {"date": "2023-06-16-07-00-00", "alternatives": ["63", "63", "3"]}, {"date": "2023-06-17-01-00-00", "alternatives": ["7", "47", "47"]}, {"date": "2023-06-17-01-00-00", "alternatives": ["7", "47", "47"]}, {"date": "2023-06-17-01-00-00", "alternatives": ["7", "47", "47"]}, {"date": "2023-06-17-01-00-00", "alternatives": ["7", "47", "47"]}, {"date": "2023-06-17-01-00-00", "alternatives": ["7", "47", "47"]}, {"date": "2023-06-17-01-00-00", "alternatives": ["7", "47", "47"]}, {"date": "2023-06-17-01-00-00", "alternatives": ["7", "47", "47"]}, {"date": "2023-06-17-01-00-00", "alternatives": ["7", "47", "47"]}, {"date": "2023-06-17-01-00-00", "alternatives": ["7", "47", "47"]}, {"date": "2023-06-17-01-00-00", "alternatives": ["7", "47", "47"]}, {"date": "2023-06-16-19-00-00", "alternatives": ["62", "62", "02"]}, {"date": "2023-06-16-19-00-00", "alternatives": ["62", "62", "02"]}, {"date": "2023-06-16-19-00-00", "alternatives": ["62", "62", "02"]}, {"date": "2023-06-16-19-00-00", "alternatives": ["62", "62", "02"]}, {"date": "2023-06-16-19-00-00", "alternatives": ["62", "62", "02"]}]}, {"location": {"country_code": "pa"}, "game_id": "747108", "values": [{"date": "2023-06-17-02-00-00", "alternatives": ["94", "94", "4"]}, {"date": "2023-06-17-02-00-00", "alternatives": ["94", "94", "4"]}, {"date": "2023-06-17-02-00-00", "alternatives": ["94", "94", "4"]}, {"date": "2023-06-17-02-00-00", "alternatives": ["94", "94", "4"]}, {"date": "2023-06-17-02-00-00", "alternatives": ["94", "94", "4"]}, {"date": "2023-06-17-02-00-00", "alternatives": ["94", "94", "4"]}, {"date": "2023-06-17-02-00-00", "alternatives": ["94", "94", "4"]}, {"date": "2023-06-17-02-00-00", "alternatives": ["94", "94", "4"]}, {"date": "2023-06-17-02-00-00", "alternatives": ["94", "94", "4"]}, {"date": "2023-06-17-02-00-00", "alternatives": ["94", "94", "4"]}, {"date": "2023-06-17-02-00-00", "alternatives": ["94", "94", "4"]}, {"date": "2023-06-17-02-00-00", "alternatives": ["94", "94", "4"]}, {"date": "2023-06-17-02-00-00", "alternatives": ["94", "94", "4"]}, {"date": "2023-06-17-02-00-00", "alternatives": ["94", "94", "4"]}, {"date": "2023-06-17-02-00-00", "alternatives": ["94", "94", "4"]}, {"date": "2023-06-17-02-00-00", "alternatives": ["94", "94", "4"]}, {"date": "2023-06-17-02-00-00", "alternatives": ["94", "94", "4"]}, {"date": "2023-06-17-02-00-00", "alternatives": ["94", "94", "4"]}, {"date": "2023-06-17-02-00-00", "alternatives": ["94", "94", "4"]}, {"date": "2023-06-17-02-00-00", "alternatives": ["94", "94", "4"]}, {"date": "2023-06-17-02-00-00", "alternatives": ["94", "94", "4"]}, {"date": "2023-06-17-02-00-00", "alternatives": ["94", "94", "4"]}, {"date": "2023-06-17-02-00-00", "alternatives": ["94", "94", "4"]}, {"date": "2023-06-17-02-00-00", "alternatives": ["94", "94", "4"]}, {"date": "2023-06-17-02-00-00", "alternatives": ["94", "94", "4"]}, {"date": "2023-06-17-02-00-00", "alternatives": ["94", "94", "4"]}, {"date": "2023-06-17-02-00-00", "alternatives": ["94", "94", "4"]}, {"date": "2023-06-17-02-00-00", "alternatives": ["94", "94", "4"]}, {"date": "2023-06-17-02-00-00", "alternatives": ["94", "94", "4"]}, {"date": "2023-06-17-02-00-00", "alternatives": ["94", "94", "4"]}, {"date": "2023-06-17-02-00-00", "alternatives": ["94", "94", "4"]}, {"date": "2023-06-17-02-00-00", "alternatives": ["94", "94", "4"]}, {"date": "2023-06-17-02-00-00", "alternatives": ["94", "94", "4"]}, {"date": "2023-06-17-02-00-00", "alternatives": ["94", "94", "4"]}, {"date": "2023-06-17-02-00-00", "alternatives": ["94", "94", "4"]}, {"date": "2023-06-17-02-00-00", "alternatives": ["94", "94", "4"]}, {"date": "2023-06-17-02-00-00", "alternatives": ["94", "94", "4"]}, {"date": "2023-06-17-02-00-00", "alternatives": ["94", "94", "4"]}, {"date": "2023-06-17-02-00-00", "alternatives": ["94", "94", "4"]}, {"date": "2023-06-17-02-00-00", "alternatives": ["94", "94", "4"]}, {"date": "2023-06-17-02-00-00", "alternatives": ["94", "94", "4"]}, {"date": "2023-06-17-02-00-00", "alternatives": ["94", "94", "4"]}, {"date": "2023-06-17-02-00-00", "alternatives": ["94", "94", "4"]}, {"date": "2023-06-17-02-00-00", "alternatives": ["94", "94", "4"]}, {"date": "2023-06-17-02-00-00", "alternatives": ["94", "94", "4"]}, {"date": "2023-06-17-02-00-00", "alternatives": ["94", "94", "4"]}, {"date": "2023-06-17-02-00-00", "alternatives": ["94", "94", "4"]}, {"date": "2023-06-17-02-00-00", "alternatives": ["94", "94", "4"]}, {"date": "2023-06-17-02-00-00", "alternatives": ["94", "94", "4"]}, {"date": "2023-06-17-02-00-00", "alternatives": ["94", "94", "4"]}, {"date": "2023-06-17-02-00-00", "alternatives": ["94", "94", "4"]}]}, {"location": {"country_code": "nl"}, "game_id": "747108", "values": [{"date": "2023-06-17-01-00-00", "alternatives": ["16", "1", "1"]}, {"date": "2023-06-17-01-00-00", "alternatives": ["16", "1", "1"]}, {"date": "2023-06-17-01-00-00", "alternatives": ["16", "1", "1"]}, {"date": "2023-06-17-01-00-00", "alternatives": ["16", "1", "1"]}, {"date": "2023-06-17-01-00-00", "alternatives": ["16", "1", "1"]}, {"date": "2023-06-17-01-00-00", "alternatives": ["16", "1", "1"]}, {"date": "2023-06-17-01-00-00", "alternatives": ["16", "1", "1"]}, {"date": "2023-06-17-01-00-00", "alternatives": ["16", "1", "1"]}, {"date": "2023-06-17-01-00-00", "alternatives": ["16", "1", "1"]}, {"date": "2023-06-17-01-00-00", "alternatives": ["16", "1", "1"]}, {"date": "2023-06-17-01-00-00", "alternatives": ["16", "1", "1"]}, {"date": "2023-06-17-01-00-00", "alternatives": ["16", "1", "1"]}, {"date": "2023-06-17-01-00-00", "alternatives": ["16", "1", "1"]}, {"date": "2023-06-17-01-00-00", "alternatives": ["16", "1", "1"]}, {"date": "2023-06-17-01-00-00", "alternatives": ["16", "1", "1"]}, {"date": "2023-06-17-01-00-00", "alternatives": ["16", "1", "1"]}, {"date": "2023-06-17-01-00-00", "alternatives": ["16", "1", "1"]}]}, {"location": {"country_code": "ro"}, "game_id": "747108", "values": [{"date": "2023-06-16-18-00-00", "alternatives": ["3", "31", "3"]}, {"date": "2023-06-16-18-00-00", "alternatives": ["3", "31", "3"]}, {"date": "2023-06-16-18-00-00", "alternatives": ["3", "31", "3"]}, {"date": "2023-06-16-18-00-00", "alternatives": ["3", "31", "3"]}, {"date": "2023-06-16-18-00-00", "alternatives": ["3", "31", "3"]}, {"date": "2023-06-16-18-00-00", "alternatives": ["3", "31", "3"]}, {"date": "2023-06-16-18-00-00", "alternatives": ["3", "31", "3"]}, {"date": "2023-06-16-18-00-00", "alternatives": ["3", "31", "3"]}, {"date": "2023-06-16-18-00-00", "alternatives": ["3", "31", "3"]}, {"date": "2023-06-16-18-00-00", "alternatives": ["3", "31", "3"]}, {"date": "2023-06-16-18-00-00", "alternatives": ["3", "31", "3"]}, {"date": "2023-06-16-18-00-00", "alternatives": ["3", "31", "3"]}, {"date": "2023-06-16-18-00-00", "alternatives": ["3", "31", "3"]}, {"date": "2023-06-16-18-00-00", "alternatives": ["3", "31", "3"]}, {"date": "2023-06-16-18-00-00", "alternatives": ["3", "31", "3"]}, {"date": "2023-06-16-18-00-00", "alternatives": ["3", "31", "3"]}]}, {"location": {"country_code": "ca"}, "game_id": "747108", "values": [{"date": "2023-06-16-06-00-00", "alternatives": ["3275", "32", "32"]}, {"date": "2023-06-16-06-00-00", "alternatives": ["3275", "32", "32"]}, {"date": "2023-06-16-06-00-00", "alternatives": ["3275", "32", "32"]}, {"date": "2023-06-16-04-00-00", "alternatives": [15, 15, 15]}, {"date": "2023-06-16-04-00-00", "alternatives": [15, 15, 15]}, {"date": "2023-06-16-04-00-00", "alternatives": [15, 15, 15]}, {"date": "2023-06-16-04-00-00", "alternatives": [15, 15, 15]}, {"date": "2023-06-16-04-00-00", "alternatives": [15, 15, 15]}, {"date": "2023-06-16-04-00-00", "alternatives": [15, 15, 15]}, {"date": "2023-06-16-04-00-00", "alternatives": [15, 15, 15]}, {"date": "2023-06-16-04-00-00", "alternatives": [15, 15, 15]}, {"date": "2023-06-16-04-00-00", "alternatives": [15, 15, 15]}, {"date": "2023-06-16-04-00-00", "alternatives": [15, 15, 15]}, {"date": "2023-06-16-04-00-00", "alternatives": [15, 15, 15]}, {"date": "2023-06-17-02-00-00", "alternatives": [2, 62, 62, 62]}, {"date": "2023-06-17-02-00-00", "alternatives": [2, 62, 62, 62]}, {"date": "2023-06-17-02-00-00", "alternatives": [2, 62, 62, 62]}, {"date": "2023-06-17-02-00-00", "alternatives": [2, 62, 62, 62]}, {"date": "2023-06-17-02-00-00", "alternatives": [2, 62, 62, 62]}, {"date": "2023-06-17-02-00-00", "alternatives": [2, 62, 62, 62]}, {"date": "2023-06-17-02-00-00", "alternatives": [2, 62, 62, 62]}, {"date": "2023-06-17-02-00-00", "alternatives": [2, 62, 62, 62]}, {"date": "2023-06-17-02-00-00", "alternatives": [2, 62, 62, 62]}, {"date": "2023-06-17-02-00-00", "alternatives": [2, 62, 62, 62]}, {"date": "2023-06-17-02-00-00", "alternatives": [2, 62, 62, 62]}, {"date": "2023-06-17-02-00-00", "alternatives": [2, 62, 62, 62]}, {"date": "2023-06-17-02-00-00", "alternatives": [2, 62, 62, 62]}, {"date": "2023-06-17-02-00-00", "alternatives": [2, 62, 62, 62]}, {"date": "2023-06-17-02-00-00", "alternatives": [2, 62, 62, 62]}, {"date": "2023-06-17-02-00-00", "alternatives": [2, 62, 62, 62]}, {"date": "2023-06-17-02-00-00", "alternatives": [2, 62, 62, 62]}, {"date": "2023-06-17-02-00-00", "alternatives": [2, 62, 62, 62]}, {"date": "2023-06-17-02-00-00", "alternatives": [2, 62, 62, 62]}, {"date": "2023-06-17-02-00-00", "alternatives": [2, 62, 62, 62]}, {"date": "2023-06-17-02-00-00", "alternatives": [2, 62, 62, 62]}, {"date": "2023-06-17-02-00-00", "alternatives": [2, 62, 62, 62]}, {"date": "2023-06-17-02-00-00", "alternatives": [2, 62, 62, 62]}, {"date": "2023-06-17-02-00-00", "alternatives": [2, 62, 62, 62]}, {"date": "2023-06-17-02-00-00", "alternatives": [2, 62, 62, 62]}, {"date": "2023-06-17-02-00-00", "alternatives": [2, 62, 62, 62]}, {"date": "2023-06-17-02-00-00", "alternatives": [2, 62, 62, 62]}, {"date": "2023-06-17-02-00-00", "alternatives": [2, 62, 62, 62]}, {"date": "2023-06-17-02-00-00", "alternatives": [2, 62, 62, 62]}, {"date": "2023-06-17-02-00-00", "alternatives": [2, 62, 62, 62]}, {"date": "2023-06-17-02-00-00", "alternatives": [2, 62, 62, 62]}, {"date": "2023-06-17-02-00-00", "alternatives": [2, 62, 62, 62]}, {"date": "2023-06-17-02-00-00", "alternatives": [2, 62, 62, 62]}, {"date": "2023-06-17-02-00-00", "alternatives": [2, 62, 62, 62]}, {"date": "2023-06-17-02-00-00", "alternatives": [2, 62, 62, 62]}, {"date": "2023-06-17-02-00-00", "alternatives": [2, 62, 62, 62]}, {"date": "2023-06-17-02-00-00", "alternatives": [2, 62, 62, 62]}, {"date": "2023-06-17-02-00-00", "alternatives": [2, 62, 62, 62]}, {"date": "2023-06-17-02-00-00", "alternatives": [2, 62, 62, 62]}]}, {"location": {"country_code": "ca", "region": "Ontario"}, "game_id": "747108", "values": [{"date": "2023-06-17-02-00-00", "alternatives": ["320", "32", "32"]}, {"date": "2023-06-17-02-00-00", "alternatives": ["320", "32", "32"]}, {"date": "2023-06-17-02-00-00", "alternatives": ["320", "32", "32"]}, {"date": "2023-06-17-02-00-00", "alternatives": ["320", "32", "32"]}, {"date": "2023-06-17-02-00-00", "alternatives": ["320", "32", "32"]}, {"date": "2023-06-17-02-00-00", "alternatives": ["320", "32", "32"]}, {"date": "2023-06-17-02-00-00", "alternatives": ["320", "32", "32"]}, {"date": "2023-06-17-02-00-00", "alternatives": ["320", "32", "32"]}, {"date": "2023-06-17-02-00-00", "alternatives": ["320", "32", "32"]}, {"date": "2023-06-17-02-00-00", "alternatives": ["320", "32", "32"]}]}, {"location": {"country_code": "de"}, "game_id": "747108", "values": [{"date": "2023-06-17-00-00-00", "alternatives": [15, 1, 15, 15]}, {"date": "2023-06-17-00-00-00", "alternatives": [15, 1, 15, 15]}]}, {"location": {"country_code": "ph"}, "game_id": "747108", "values": [{"date": "2023-06-16-09-00-00", "alternatives": [2194, 219, 219, 219]}, {"date": "2023-06-16-19-00-00", "alternatives": ["141", "14", "14"]}, {"date": "2023-06-16-19-00-00", "alternatives": ["141", "14", "14"]}, {"date": "2023-06-16-19-00-00", "alternatives": ["141", "14", "14"]}, {"date": "2023-06-16-19-00-00", "alternatives": ["141", "14", "14"]}, {"date": "2023-06-16-19-00-00", "alternatives": ["141", "14", "14"]}, {"date": "2023-06-16-19-00-00", "alternatives": ["141", "14", "14"]}, {"date": "2023-06-16-19-00-00", "alternatives": ["141", "14", "14"]}, {"date": "2023-06-16-19-00-00", "alternatives": ["141", "14", "14"]}, {"date": "2023-06-16-19-00-00", "alternatives": ["141", "14", "14"]}, {"date": "2023-06-16-19-00-00", "alternatives": ["141", "14", "14"]}, {"date": "2023-06-16-19-00-00", "alternatives": ["141", "14", "14"]}, {"date": "2023-06-16-19-00-00", "alternatives": ["141", "14", "14"]}, {"date": "2023-06-16-19-00-00", "alternatives": ["141", "14", "14"]}, {"date": "2023-06-16-19-00-00", "alternatives": ["141", "14", "14"]}, {"date": "2023-06-16-19-00-00", "alternatives": ["141", "14", "14"]}, {"date": "2023-06-16-19-00-00", "alternatives": ["141", "14", "14"]}, {"date": "2023-06-16-19-00-00", "alternatives": ["141", "14", "14"]}, {"date": "2023-06-16-19-00-00", "alternatives": ["141", "14", "14"]}, {"date": "2023-06-16-19-00-00", "alternatives": ["141", "14", "14"]}, {"date": "2023-06-16-19-00-00", "alternatives": ["141", "14", "14"]}, {"date": "2023-06-16-19-00-00", "alternatives": ["141", "14", "14"]}, {"date": "2023-06-16-19-00-00", "alternatives": ["141", "14", "14"]}, {"date": "2023-06-16-19-00-00", "alternatives": ["141", "14", "14"]}, {"date": "2023-06-16-19-00-00", "alternatives": ["141", "14", "14"]}]}, {"location": {"country_code": "mx"}, "game_id": "747108", "values": [{"date": "2023-06-16-11-00-00", "alternatives": ["78", "78", "8"]}, {"date": "2023-06-16-11-00-00", "alternatives": ["78", "78", "8"]}, {"date": "2023-06-16-11-00-00", "alternatives": ["78", "78", "8"]}, {"date": "2023-06-16-11-00-00", "alternatives": ["78", "78", "8"]}, {"date": "2023-06-16-11-00-00", "alternatives": ["78", "78", "8"]}, {"date": "2023-06-16-11-00-00", "alternatives": ["78", "78", "8"]}, {"date": "2023-06-16-11-00-00", "alternatives": ["78", "78", "8"]}, {"date": "2023-06-16-11-00-00", "alternatives": ["78", "78", "8"]}, {"date": "2023-06-17-00-00-00", "alternatives": ["79", "9", "79"]}, {"date": "2023-06-17-00-00-00", "alternatives": ["79", "9", "79"]}, {"date": "2023-06-17-00-00-00", "alternatives": ["79", "9", "79"]}, {"date": "2023-06-17-00-00-00", "alternatives": ["79", "9", "79"]}, {"date": "2023-06-17-00-00-00", "alternatives": ["79", "9", "79"]}, {"date": "2023-06-17-00-00-00", "alternatives": ["79", "9", "79"]}, {"date": "2023-06-17-00-00-00", "alternatives": ["79", "9", "79"]}, {"date": "2023-06-17-00-00-00", "alternatives": ["79", "9", "79"]}, {"date": "2023-06-17-00-00-00", "alternatives": ["79", "9", "79"]}, {"date": "2023-06-17-00-00-00", "alternatives": ["79", "9", "79"]}, {"date": "2023-06-17-00-00-00", "alternatives": ["79", "9", "79"]}, {"date": "2023-06-17-00-00-00", "alternatives": ["79", "9", "79"]}, {"date": "2023-06-17-00-00-00", "alternatives": ["79", "9", "79"]}, {"date": "2023-06-17-00-00-00", "alternatives": ["79", "9", "79"]}, {"date": "2023-06-17-00-00-00", "alternatives": ["79", "9", "79"]}, {"date": "2023-06-17-00-00-00", "alternatives": ["79", "9", "79"]}, {"date": "2023-06-17-00-00-00", "alternatives": ["79", "9", "79"]}, {"date": "2023-06-17-00-00-00", "alternatives": ["79", "9", "79"]}, {"date": "2023-06-17-02-00-00", "alternatives": ["1256", "125", "125"]}, {"date": "2023-06-17-02-00-00", "alternatives": ["1256", "125", "125"]}, {"date": "2023-06-17-02-00-00", "alternatives": ["1256", "125", "125"]}, {"date": "2023-06-17-02-00-00", "alternatives": ["1256", "125", "125"]}, {"date": "2023-06-17-02-00-00", "alternatives": ["1256", "125", "125"]}, {"date": "2023-06-17-02-00-00", "alternatives": ["1256", "125", "125"]}, {"date": "2023-06-17-02-00-00", "alternatives": ["1256", "125", "125"]}, {"date": "2023-06-17-02-00-00", "alternatives": ["1256", "125", "125"]}, {"date": "2023-06-17-02-00-00", "alternatives": ["1256", "125", "125"]}, {"date": "2023-06-17-02-00-00", "alternatives": ["1256", "125", "125"]}, {"date": "2023-06-17-02-00-00", "alternatives": ["1256", "125", "125"]}, {"date": "2023-06-17-02-00-00", "alternatives": ["1256", "125", "125"]}, {"date": "2023-06-17-02-00-00", "alternatives": ["1256", "125", "125"]}, {"date": "2023-06-17-02-00-00", "alternatives": ["1256", "125", "125"]}, {"date": "2023-06-17-02-00-00", "alternatives": ["1256", "125", "125"]}, {"date": "2023-06-17-02-00-00", "alternatives": ["1256", "125", "125"]}]}, {"location": {"country_code": "us", "region": "California"}, "game_id": "747108", "values": [{"date": "2023-06-16-02-00-00", "alternatives": ["47", "47", "7"]}]}, {"location": {"country_code": "br"}, "game_id": "747108", "values": [{"date": "2023-06-16-19-00-00", "alternatives": ["31", "311", "31"]}, {"date": "2023-06-16-19-00-00", "alternatives": ["31", "311", "31"]}, {"date": "2023-06-16-19-00-00", "alternatives": ["31", "311", "31"]}, {"date": "2023-06-16-19-00-00", "alternatives": ["31", "311", "31"]}, {"date": "2023-06-16-19-00-00", "alternatives": ["31", "311", "31"]}, {"date": "2023-06-16-19-00-00", "alternatives": ["31", "311", "31"]}, {"date": "2023-06-16-19-00-00", "alternatives": ["31", "311", "31"]}, {"date": "2023-06-16-19-00-00", "alternatives": ["31", "311", "31"]}, {"date": "2023-06-16-19-00-00", "alternatives": ["31", "311", "31"]}, {"date": "2023-06-16-19-00-00", "alternatives": ["31", "311", "31"]}, {"date": "2023-06-16-19-00-00", "alternatives": ["31", "311", "31"]}, {"date": "2023-06-16-19-00-00", "alternatives": ["31", "311", "31"]}, {"date": "2023-06-16-19-00-00", "alternatives": ["31", "311", "31"]}, {"date": "2023-06-16-19-00-00", "alternatives": ["31", "311", "31"]}, {"date": "2023-06-16-19-00-00", "alternatives": ["31", "311", "31"]}, {"date": "2023-06-16-19-00-00", "alternatives": ["31", "311", "31"]}, {"date": "2023-06-17-01-00-00", "alternatives": ["1", "1", "15"]}, {"date": "2023-06-17-01-00-00", "alternatives": ["1", "1", "15"]}, {"date": "2023-06-17-01-00-00", "alternatives": ["1", "1", "15"]}, {"date": "2023-06-17-01-00-00", "alternatives": ["1", "1", "15"]}, {"date": "2023-06-17-01-00-00", "alternatives": ["1", "1", "15"]}, {"date": "2023-06-17-01-00-00", "alternatives": ["1", "1", "15"]}, {"date": "2023-06-17-01-00-00", "alternatives": ["1", "1", "15"]}, {"date": "2023-06-17-01-00-00", "alternatives": ["1", "1", "15"]}, {"date": "2023-06-17-01-00-00", "alternatives": ["1", "1", "15"]}, {"date": "2023-06-17-01-00-00", "alternatives": ["1", "1", "15"]}, {"date": "2023-06-17-01-00-00", "alternatives": ["1", "1", "15"]}, {"date": "2023-06-17-01-00-00", "alternatives": ["1", "1", "15"]}, {"date": "2023-06-17-01-00-00", "alternatives": ["1", "1", "15"]}, {"date": "2023-06-17-01-00-00", "alternatives": ["1", "1", "15"]}, {"date": "2023-06-17-02-00-00", "alternatives": ["47", "7", "47"]}, {"date": "2023-06-17-02-00-00", "alternatives": ["47", "7", "47"]}, {"date": "2023-06-17-02-00-00", "alternatives": ["47", "7", "47"]}, {"date": "2023-06-17-02-00-00", "alternatives": ["47", "7", "47"]}, {"date": "2023-06-17-02-00-00", "alternatives": ["47", "7", "47"]}, {"date": "2023-06-17-02-00-00", "alternatives": ["47", "7", "47"]}, {"date": "2023-06-17-02-00-00", "alternatives": ["47", "7", "47"]}, {"date": "2023-06-17-02-00-00", "alternatives": ["47", "7", "47"]}, {"date": "2023-06-17-02-00-00", "alternatives": ["47", "7", "47"]}, {"date": "2023-06-17-02-00-00", "alternatives": ["47", "7", "47"]}, {"date": "2023-06-17-02-00-00", "alternatives": ["47", "7", "47"]}, {"date": "2023-06-17-02-00-00", "alternatives": ["47", "7", "47"]}, {"date": "2023-06-17-02-00-00", "alternatives": ["47", "7", "47"]}, {"date": "2023-06-17-02-00-00", "alternatives": ["47", "7", "47"]}, {"date": "2023-06-17-02-00-00", "alternatives": ["47", "7", "47"]}, {"date": "2023-06-17-02-00-00", "alternatives": ["47", "7", "47"]}, {"date": "2023-06-17-02-00-00", "alternatives": ["47", "7", "47"]}, {"date": "2023-06-17-02-00-00", "alternatives": ["47", "7", "47"]}, {"date": "2023-06-17-02-00-00", "alternatives": ["47", "7", "47"]}, {"date": "2023-06-17-02-00-00", "alternatives": ["47", "7", "47"]}, {"date": "2023-06-17-02-00-00", "alternatives": ["47", "7", "47"]}, {"date": "2023-06-17-02-00-00", "alternatives": ["47", "7", "47"]}, {"date": "2023-06-17-02-00-00", "alternatives": ["47", "7", "47"]}, {"date": "2023-06-17-02-00-00", "alternatives": ["47", "7", "47"]}, {"date": "2023-06-17-02-00-00", "alternatives": ["47", "7", "47"]}, {"date": "2023-06-17-02-00-00", "alternatives": ["47", "7", "47"]}, {"date": "2023-06-17-02-00-00", "alternatives": ["47", "7", "47"]}, {"date": "2023-06-16-16-00-00", "alternatives": ["32", "22", "32"]}, {"date": "2023-06-16-07-00-00", "alternatives": [0, 1, 16, 16, 16]}, {"date": "2023-06-16-07-00-00", "alternatives": [0, 1, 16, 16, 16]}, {"date": "2023-06-16-07-00-00", "alternatives": [0, 1, 16, 16, 16]}, {"date": "2023-06-16-07-00-00", "alternatives": [0, 1, 16, 16, 16]}, {"date": "2023-06-16-07-00-00", "alternatives": [0, 1, 16, 16, 16]}, {"date": "2023-06-16-07-00-00", "alternatives": [0, 1, 16, 16, 16]}, {"date": "2023-06-16-07-00-00", "alternatives": [0, 1, 16, 16, 16]}, {"date": "2023-06-16-07-00-00", "alternatives": [0, 1, 16, 16, 16]}, {"date": "2023-06-16-07-00-00", "alternatives": [0, 1, 16, 16, 16]}, {"date": "2023-06-16-07-00-00", "alternatives": [0, 1, 16, 16, 16]}, {"date": "2023-06-16-07-00-00", "alternatives": [0, 1, 16, 16, 16]}, {"date": "2023-06-16-07-00-00", "alternatives": [0, 1, 16, 16, 16]}]}, {"location": {"country_code": "br", "region": "Sao Paulo", "city": "Apiai"}, "game_id": "747108", "values": [{"date": "2023-06-16-06-00-00", "alternatives": ["16", "5", "16"]}, {"date": "2023-06-16-06-00-00", "alternatives": ["16", "5", "16"]}, {"date": "2023-06-16-06-00-00", "alternatives": ["16", "5", "16"]}, {"date": "2023-06-16-06-00-00", "alternatives": ["16", "5", "16"]}, {"date": "2023-06-16-06-00-00", "alternatives": ["16", "5", "16"]}, {"date": "2023-06-16-06-00-00", "alternatives": ["16", "5", "16"]}, {"date": "2023-06-16-06-00-00", "alternatives": ["16", "5", "16"]}, {"date": "2023-06-16-06-00-00", "alternatives": ["16", "5", "16"]}, {"date": "2023-06-16-06-00-00", "alternatives": ["16", "5", "16"]}, {"date": "2023-06-16-06-00-00", "alternatives": ["16", "5", "16"]}, {"date": "2023-06-16-06-00-00", "alternatives": ["16", "5", "16"]}, {"date": "2023-06-16-06-00-00", "alternatives": ["16", "5", "16"]}, {"date": "2023-06-17-02-00-00", "alternatives": ["16", "16", "1"]}, {"date": "2023-06-17-02-00-00", "alternatives": ["16", "16", "1"]}, {"date": "2023-06-17-02-00-00", "alternatives": ["16", "16", "1"]}, {"date": "2023-06-17-02-00-00", "alternatives": ["16", "16", "1"]}, {"date": "2023-06-17-02-00-00", "alternatives": ["16", "16", "1"]}, {"date": "2023-06-17-02-00-00", "alternatives": ["16", "16", "1"]}, {"date": "2023-06-17-02-00-00", "alternatives": ["16", "16", "1"]}, {"date": "2023-06-17-02-00-00", "alternatives": ["16", "16", "1"]}, {"date": "2023-06-17-02-00-00", "alternatives": ["16", "16", "1"]}, {"date": "2023-06-17-02-00-00", "alternatives": ["16", "16", "1"]}, {"date": "2023-06-17-02-00-00", "alternatives": ["16", "16", "1"]}, {"date": "2023-06-17-02-00-00", "alternatives": ["16", "16", "1"]}, {"date": "2023-06-17-02-00-00", "alternatives": ["16", "16", "1"]}, {"date": "2023-06-17-02-00-00", "alternatives": ["16", "16", "1"]}, {"date": "2023-06-17-02-00-00", "alternatives": ["16", "16", "1"]}, {"date": "2023-06-17-02-00-00", "alternatives": ["16", "16", "1"]}, {"date": "2023-06-17-02-00-00", "alternatives": ["16", "16", "1"]}, {"date": "2023-06-17-02-00-00", "alternatives": ["16", "16", "1"]}, {"date": "2023-06-17-02-00-00", "alternatives": ["16", "16", "1"]}, {"date": "2023-06-17-02-00-00", "alternatives": ["16", "16", "1"]}, {"date": "2023-06-17-02-00-00", "alternatives": ["16", "16", "1"]}, {"date": "2023-06-17-02-00-00", "alternatives": ["16", "16", "1"]}, {"date": "2023-06-17-02-00-00", "alternatives": ["16", "16", "1"]}, {"date": "2023-06-17-02-00-00", "alternatives": ["16", "16", "1"]}, {"date": "2023-06-17-02-00-00", "alternatives": ["16", "16", "1"]}, {"date": "2023-06-17-02-00-00", "alternatives": ["16", "16", "1"]}, {"date": "2023-06-17-02-00-00", "alternatives": ["16", "16", "1"]}, {"date": "2023-06-17-02-00-00", "alternatives": ["16", "16", "1"]}, {"date": "2023-06-17-02-00-00", "alternatives": ["16", "16", "1"]}, {"date": "2023-06-17-02-00-00", "alternatives": ["16", "16", "1"]}]}, {"location": {"country_code": "us", "region": "Maryland", "city": "Dundalk"}, "game_id": "747108", "values": [{"date": "2023-06-16-08-00-00", "alternatives": ["31", "31", "3"]}, {"date": "2023-06-16-08-00-00", "alternatives": ["31", "31", "3"]}]}, {"location": {"country_code": "tr"}, "game_id": "747108", "values": [{"date": "2023-06-16-20-00-00", "alternatives": [63, 3, 63, 63, 63]}, {"date": "2023-06-16-20-00-00", "alternatives": [63, 3, 63, 63, 63]}, {"date": "2023-06-16-20-00-00", "alternatives": [63, 3, 63, 63, 63]}, {"date": "2023-06-16-20-00-00", "alternatives": [63, 3, 63, 63, 63]}, {"date": "2023-06-16-20-00-00", "alternatives": [63, 3, 63, 63, 63]}, {"date": "2023-06-16-20-00-00", "alternatives": [63, 3, 63, 63, 63]}, {"date": "2023-06-16-20-00-00", "alternatives": [63, 3, 63, 63, 63]}, {"date": "2023-06-16-20-00-00", "alternatives": [63, 3, 63, 63, 63]}, {"date": "2023-06-16-20-00-00", "alternatives": [63, 3, 63, 63, 63]}, {"date": "2023-06-16-20-00-00", "alternatives": [63, 3, 63, 63, 63]}, {"date": "2023-06-16-20-00-00", "alternatives": [63, 3, 63, 63, 63]}, {"date": "2023-06-16-20-00-00", "alternatives": [63, 3, 63, 63, 63]}, {"date": "2023-06-16-20-00-00", "alternatives": [63, 3, 63, 63, 63]}, {"date": "2023-06-16-20-00-00", "alternatives": [63, 3, 63, 63, 63]}, {"date": "2023-06-16-20-00-00", "alternatives": [63, 3, 63, 63, 63]}, {"date": "2023-06-16-20-00-00", "alternatives": [63, 3, 63, 63, 63]}, {"date": "2023-06-16-20-00-00", "alternatives": [63, 3, 63, 63, 63]}, {"date": "2023-06-16-20-00-00", "alternatives": [63, 3, 63, 63, 63]}, {"date": "2023-06-16-20-00-00", "alternatives": [63, 3, 63, 63, 63]}, {"date": "2023-06-16-20-00-00", "alternatives": [63, 3, 63, 63, 63]}, {"date": "2023-06-16-20-00-00", "alternatives": [63, 3, 63, 63, 63]}, {"date": "2023-06-16-20-00-00", "alternatives": [63, 3, 63, 63, 63]}, {"date": "2023-06-16-20-00-00", "alternatives": [63, 3, 63, 63, 63]}, {"date": "2023-06-16-20-00-00", "alternatives": [63, 3, 63, 63, 63]}, {"date": "2023-06-16-20-00-00", "alternatives": [63, 3, 63, 63, 63]}, {"date": "2023-06-16-20-00-00", "alternatives": [63, 3, 63, 63, 63]}, {"date": "2023-06-16-20-00-00", "alternatives": [63, 3, 63, 63, 63]}, {"date": "2023-06-16-20-00-00", "alternatives": [63, 3, 63, 63, 63]}, {"date": "2023-06-16-20-00-00", "alternatives": [63, 3, 63, 63, 63]}, {"date": "2023-06-16-20-00-00", "alternatives": [63, 3, 63, 63, 63]}, {"date": "2023-06-16-20-00-00", "alternatives": [63, 3, 63, 63, 63]}, {"date": "2023-06-16-20-00-00", "alternatives": [63, 3, 63, 63, 63]}, {"date": "2023-06-16-20-00-00", "alternatives": [63, 3, 63, 63, 63]}, {"date": "2023-06-16-20-00-00", "alternatives": [63, 3, 63, 63, 63]}, {"date": "2023-06-16-20-00-00", "alternatives": [63, 3, 63, 63, 63]}]}, {"location": {"country_code": "es"}, "game_id": "747108", "values": [{"date": "2023-06-17-02-00-00", "alternatives": ["47", "7", "47"]}, {"date": "2023-06-17-02-00-00", "alternatives": ["47", "7", "47"]}, {"date": "2023-06-17-02-00-00", "alternatives": ["47", "7", "47"]}, {"date": "2023-06-17-02-00-00", "alternatives": ["47", "7", "47"]}, {"date": "2023-06-17-02-00-00", "alternatives": ["47", "7", "47"]}, {"date": "2023-06-17-02-00-00", "alternatives": ["47", "7", "47"]}, {"date": "2023-06-17-02-00-00", "alternatives": ["47", "7", "47"]}, {"date": "2023-06-17-02-00-00", "alternatives": ["47", "7", "47"]}, {"date": "2023-06-17-02-00-00", "alternatives": ["47", "7", "47"]}, {"date": "2023-06-17-02-00-00", "alternatives": ["47", "7", "47"]}, {"date": "2023-06-17-02-00-00", "alternatives": ["47", "7", "47"]}, {"date": "2023-06-17-02-00-00", "alternatives": ["47", "7", "47"]}, {"date": "2023-06-17-02-00-00", "alternatives": ["47", "7", "47"]}, {"date": "2023-06-17-02-00-00", "alternatives": ["47", "7", "47"]}, {"date": "2023-06-17-02-00-00", "alternatives": ["47", "7", "47"]}]}, {"location": {"country_code": "ar"}, "game_id": "747108", "values": [{"date": "2023-06-17-02-00-00", "alternatives": ["47", "7", "47"]}, {"date": "2023-06-17-02-00-00", "alternatives": ["47", "7", "47"]}, {"date": "2023-06-17-02-00-00", "alternatives": ["47", "7", "47"]}, {"date": "2023-06-17-02-00-00", "alternatives": ["47", "7", "47"]}, {"date": "2023-06-17-02-00-00", "alternatives": ["47", "7", "47"]}, {"date": "2023-06-17-02-00-00", "alternatives": ["47", "7", "47"]}, {"date": "2023-06-17-02-00-00", "alternatives": ["47", "7", "47"]}, {"date": "2023-06-17-02-00-00", "alternatives": ["47", "7", "47"]}, {"date": "2023-06-17-02-00-00", "alternatives": ["47", "7", "47"]}, {"date": "2023-06-17-02-00-00", "alternatives": ["47", "7", "47"]}, {"date": "2023-06-17-02-00-00", "alternatives": ["47", "7", "47"]}, {"date": "2023-06-17-02-00-00", "alternatives": ["47", "7", "47"]}, {"date": "2023-06-17-02-00-00", "alternatives": ["47", "7", "47"]}, {"date": "2023-06-17-02-00-00", "alternatives": ["47", "7", "47"]}, {"date": "2023-06-17-02-00-00", "alternatives": ["47", "7", "47"]}, {"date": "2023-06-17-02-00-00", "alternatives": ["47", "7", "47"]}, {"date": "2023-06-17-02-00-00", "alternatives": ["47", "7", "47"]}, {"date": "2023-06-17-02-00-00", "alternatives": ["47", "7", "47"]}, {"date": "2023-06-17-02-00-00", "alternatives": ["47", "7", "47"]}, {"date": "2023-06-17-02-00-00", "alternatives": ["47", "7", "47"]}, {"date": "2023-06-17-02-00-00", "alternatives": ["47", "7", "47"]}, {"date": "2023-06-17-02-00-00", "alternatives": ["47", "7", "47"]}, {"date": "2023-06-17-02-00-00", "alternatives": ["47", "7", "47"]}, {"date": "2023-06-17-02-00-00", "alternatives": ["47", "7", "47"]}, {"date": "2023-06-17-02-00-00", "alternatives": ["47", "7", "47"]}, {"date": "2023-06-17-02-00-00", "alternatives": ["47", "7", "47"]}, {"date": "2023-06-17-02-00-00", "alternatives": ["47", "7", "47"]}, {"date": "2023-06-17-02-00-00", "alternatives": ["47", "7", "47"]}, {"date": "2023-06-17-02-00-00", "alternatives": ["47", "7", "47"]}, {"date": "2023-06-17-02-00-00", "alternatives": ["47", "7", "47"]}, {"date": "2023-06-17-02-00-00", "alternatives": ["47", "7", "47"]}, {"date": "2023-06-17-02-00-00", "alternatives": ["47", "7", "47"]}, {"date": "2023-06-17-02-00-00", "alternatives": ["47", "7", "47"]}, {"date": "2023-06-17-02-00-00", "alternatives": ["47", "7", "47"]}, {"date": "2023-06-17-02-00-00", "alternatives": ["47", "7", "47"]}, {"date": "2023-06-17-02-00-00", "alternatives": ["47", "7", "47"]}, {"date": "2023-06-17-02-00-00", "alternatives": ["47", "7", "47"]}, {"date": "2023-06-17-02-00-00", "alternatives": ["47", "7", "47"]}, {"date": "2023-06-16-07-00-00", "alternatives": ["31", "31", "3"]}, {"date": "2023-06-16-07-00-00", "alternatives": ["31", "31", "3"]}, {"date": "2023-06-16-07-00-00", "alternatives": ["31", "31", "3"]}, {"date": "2023-06-16-07-00-00", "alternatives": ["31", "31", "3"]}, {"date": "2023-06-16-07-00-00", "alternatives": ["31", "31", "3"]}, {"date": "2023-06-16-07-00-00", "alternatives": ["31", "31", "3"]}, {"date": "2023-06-16-07-00-00", "alternatives": ["31", "31", "3"]}, {"date": "2023-06-16-07-00-00", "alternatives": ["31", "31", "3"]}, {"date": "2023-06-16-07-00-00", "alternatives": ["31", "31", "3"]}, {"date": "2023-06-16-07-00-00", "alternatives": ["31", "31", "3"]}, {"date": "2023-06-16-07-00-00", "alternatives": ["31", "31", "3"]}]}, {"location": {"country_code": "mx", "region": "Puebla"}, "game_id": "747108", "values": [{"date": "2023-06-17-02-00-00", "alternatives": ["78015", "78", "78"]}, {"date": "2023-06-17-02-00-00", "alternatives": ["78015", "78", "78"]}, {"date": "2023-06-17-02-00-00", "alternatives": ["78015", "78", "78"]}, {"date": "2023-06-17-02-00-00", "alternatives": ["78015", "78", "78"]}, {"date": "2023-06-17-02-00-00", "alternatives": ["78015", "78", "78"]}, {"date": "2023-06-17-02-00-00", "alternatives": ["78015", "78", "78"]}, {"date": "2023-06-17-02-00-00", "alternatives": ["78015", "78", "78"]}, {"date": "2023-06-17-02-00-00", "alternatives": ["78015", "78", "78"]}, {"date": "2023-06-17-02-00-00", "alternatives": ["78015", "78", "78"]}, {"date": "2023-06-17-02-00-00", "alternatives": ["78015", "78", "78"]}, {"date": "2023-06-17-02-00-00", "alternatives": ["78015", "78", "78"]}, {"date": "2023-06-17-02-00-00", "alternatives": ["78015", "78", "78"]}, {"date": "2023-06-17-02-00-00", "alternatives": ["78015", "78", "78"]}, {"date": "2023-06-17-02-00-00", "alternatives": ["78015", "78", "78"]}, {"date": "2023-06-17-02-00-00", "alternatives": ["78015", "78", "78"]}, {"date": "2023-06-16-05-00-00", "alternatives": ["47", "47", "17"]}, {"date": "2023-06-16-05-00-00", "alternatives": ["47", "47", "17"]}, {"date": "2023-06-16-05-00-00", "alternatives": ["47", "47", "17"]}, {"date": "2023-06-16-05-00-00", "alternatives": ["47", "47", "17"]}, {"date": "2023-06-16-05-00-00", "alternatives": ["47", "47", "17"]}, {"date": "2023-06-16-05-00-00", "alternatives": ["47", "47", "17"]}]}, {"location": {"country_code": "br", "region": "Estado de Bahia", "city": "Salvador"}, "game_id": "747108", "values": [{"date": "2023-06-17-02-00-00", "alternatives": ["47", "47", "4"]}, {"date": "2023-06-17-02-00-00", "alternatives": ["47", "47", "4"]}, {"date": "2023-06-17-02-00-00", "alternatives": ["47", "47", "4"]}, {"date": "2023-06-17-02-00-00", "alternatives": ["47", "47", "4"]}, {"date": "2023-06-17-02-00-00", "alternatives": ["47", "47", "4"]}, {"date": "2023-06-17-02-00-00", "alternatives": ["47", "47", "4"]}, {"date": "2023-06-17-02-00-00", "alternatives": ["47", "47", "4"]}, {"date": "2023-06-17-02-00-00", "alternatives": ["47", "47", "4"]}]}, {"location": {"country_code": "es", "region": "Catalonia", "city": "l'Hospitalet de Llobregat"}, "game_id": "747108", "values": [{"date": "2023-06-17-02-00-00", "alternatives": ["47", "7", "47"]}, {"date": "2023-06-17-02-00-00", "alternatives": ["47", "7", "47"]}, {"date": "2023-06-17-02-00-00", "alternatives": ["47", "7", "47"]}, {"date": "2023-06-17-02-00-00", "alternatives": ["47", "7", "47"]}, {"date": "2023-06-17-02-00-00", "alternatives": ["47", "7", "47"]}]}, {"location": {"country_code": "pl"}, "game_id": "747108", "values": [{"date": "2023-06-16-21-00-00", "alternatives": [6, 63, 61, 63, 63]}, {"date": "2023-06-16-21-00-00", "alternatives": [6, 63, 61, 63, 63]}, {"date": "2023-06-16-21-00-00", "alternatives": [6, 63, 61, 63, 63]}, {"date": "2023-06-16-21-00-00", "alternatives": [6, 63, 61, 63, 63]}, {"date": "2023-06-16-21-00-00", "alternatives": [6, 63, 61, 63, 63]}, {"date": "2023-06-16-21-00-00", "alternatives": [6, 63, 61, 63, 63]}, {"date": "2023-06-16-21-00-00", "alternatives": [6, 63, 61, 63, 63]}, {"date": "2023-06-16-21-00-00", "alternatives": [6, 63, 61, 63, 63]}, {"date": "2023-06-16-21-00-00", "alternatives": [6, 63, 61, 63, 63]}, {"date": "2023-06-16-21-00-00", "alternatives": [6, 63, 61, 63, 63]}, {"date": "2023-06-16-21-00-00", "alternatives": [6, 63, 61, 63, 63]}, {"date": "2023-06-16-21-00-00", "alternatives": [6, 63, 61, 63, 63]}, {"date": "2023-06-16-21-00-00", "alternatives": [6, 63, 61, 63, 63]}, {"date": "2023-06-16-21-00-00", "alternatives": [6, 63, 61, 63, 63]}]}, {"location": {"country_code": "sg"}, "game_id": "747108", "values": [{"date": "2023-06-16-08-00-00", "alternatives": ["56", "56", "6"]}, {"date": "2023-06-16-08-00-00", "alternatives": ["56", "56", "6"]}]}, {"location": {"country_code": "do"}, "game_id": "747108", "values": [{"date": "2023-06-17-02-00-00", "alternatives": ["3", "31", "31"]}]}, {"location": {"country_code": "co", "region": "El Valle", "city": "Cali"}, "game_id": "747108", "values": [{"date": "2023-06-16-09-00-00", "alternatives": ["47", "471", "47"]}, {"date": "2023-06-16-09-00-00", "alternatives": ["47", "471", "47"]}, {"date": "2023-06-16-09-00-00", "alternatives": ["47", "471", "47"]}, {"date": "2023-06-16-09-00-00", "alternatives": ["47", "471", "47"]}, {"date": "2023-06-16-09-00-00", "alternatives": ["47", "471", "47"]}, {"date": "2023-06-16-09-00-00", "alternatives": ["47", "471", "47"]}, {"date": "2023-06-16-09-00-00", "alternatives": ["47", "471", "47"]}]}, {"location": {"country_code": "cl", "region": "O'Higgins Region", "city": "Rancagua"}, "game_id": "747108", "values": [{"date": "2023-06-16-03-00-00", "alternatives": ["62", "62", "6"]}, {"date": "2023-06-16-03-00-00", "alternatives": ["62", "62", "6"]}, {"date": "2023-06-16-03-00-00", "alternatives": ["62", "62", "6"]}, {"date": "2023-06-16-03-00-00", "alternatives": ["62", "62", "6"]}, {"date": "2023-06-16-03-00-00", "alternatives": ["62", "62", "6"]}, {"date": "2023-06-16-03-00-00", "alternatives": ["62", "62", "6"]}, {"date": "2023-06-16-03-00-00", "alternatives": ["62", "62", "6"]}, {"date": "2023-06-16-03-00-00", "alternatives": ["62", "62", "6"]}, {"date": "2023-06-16-03-00-00", "alternatives": ["62", "62", "6"]}, {"date": "2023-06-16-03-00-00", "alternatives": ["62", "62", "6"]}, {"date": "2023-06-16-03-00-00", "alternatives": ["62", "62", "6"]}]}, {"location": {"country_code": "es", "region": "Galicia"}, "game_id": "747108", "values": [{"date": "2023-06-16-02-00-00", "alternatives": [47, 7, 47, 47]}, {"date": "2023-06-16-02-00-00", "alternatives": [47, 7, 47, 47]}]}, {"location": {"country_code": "es", "region": "Andalusia", "city": "Seville"}, "game_id": "747108", "values": [{"date": "2023-06-16-23-00-00", "alternatives": ["31", "31", "3"]}, {"date": "2023-06-16-23-00-00", "alternatives": ["31", "31", "3"]}, {"date": "2023-06-16-23-00-00", "alternatives": ["31", "31", "3"]}, {"date": "2023-06-16-23-00-00", "alternatives": ["31", "31", "3"]}, {"date": "2023-06-16-23-00-00", "alternatives": ["31", "31", "3"]}]}, {"location": {"country_code": "ru", "region": "Astrakhan Oblast", "city": "Astrakhan"}, "game_id": "747108", "values": [{"date": "2023-06-16-16-00-00", "alternatives": ["41", "47", "47"]}, {"date": "2023-06-16-16-00-00", "alternatives": ["41", "47", "47"]}, {"date": "2023-06-16-16-00-00", "alternatives": ["41", "47", "47"]}, {"date": "2023-06-16-16-00-00", "alternatives": ["41", "47", "47"]}, {"date": "2023-06-16-16-00-00", "alternatives": ["41", "47", "47"]}, {"date": "2023-06-16-16-00-00", "alternatives": ["41", "47", "47"]}, {"date": "2023-06-16-16-00-00", "alternatives": ["41", "47", "47"]}, {"date": "2023-06-16-16-00-00", "alternatives": ["41", "47", "47"]}]}, {"location": {"country_code": "mx", "region": "Sonora"}, "game_id": "747108", "values": [{"date": "2023-06-17-02-00-00", "alternatives": ["47", "7", "47"]}, {"date": "2023-06-17-02-00-00", "alternatives": ["47", "7", "47"]}, {"date": "2023-06-17-02-00-00", "alternatives": ["47", "7", "47"]}, {"date": "2023-06-17-02-00-00", "alternatives": ["47", "7", "47"]}, {"date": "2023-06-17-02-00-00", "alternatives": ["47", "7", "47"]}, {"date": "2023-06-17-02-00-00", "alternatives": ["47", "7", "47"]}, {"date": "2023-06-17-02-00-00", "alternatives": ["47", "7", "47"]}, {"date": "2023-06-17-02-00-00", "alternatives": ["47", "7", "47"]}, {"date": "2023-06-17-02-00-00", "alternatives": ["47", "7", "47"]}, {"date": "2023-06-17-02-00-00", "alternatives": ["47", "7", "47"]}, {"date": "2023-06-17-02-00-00", "alternatives": ["47", "7", "47"]}, {"date": "2023-06-17-02-00-00", "alternatives": ["47", "7", "47"]}, {"date": "2023-06-17-02-00-00", "alternatives": ["47", "7", "47"]}, {"date": "2023-06-17-02-00-00", "alternatives": ["47", "7", "47"]}, {"date": "2023-06-17-02-00-00", "alternatives": ["47", "7", "47"]}, {"date": "2023-06-17-02-00-00", "alternatives": ["47", "7", "47"]}, {"date": "2023-06-17-02-00-00", "alternatives": ["47", "7", "47"]}, {"date": "2023-06-17-02-00-00", "alternatives": ["47", "7", "47"]}, {"date": "2023-06-17-02-00-00", "alternatives": ["47", "7", "47"]}, {"date": "2023-06-17-02-00-00", "alternatives": ["47", "7", "47"]}, {"date": "2023-06-17-02-00-00", "alternatives": ["47", "7", "47"]}, {"date": "2023-06-17-02-00-00", "alternatives": ["47", "7", "47"]}, {"date": "2023-06-17-02-00-00", "alternatives": ["47", "7", "47"]}, {"date": "2023-06-17-02-00-00", "alternatives": ["47", "7", "47"]}, {"date": "2023-06-17-02-00-00", "alternatives": ["47", "7", "47"]}, {"date": "2023-06-17-02-00-00", "alternatives": ["47", "7", "47"]}, {"date": "2023-06-17-02-00-00", "alternatives": ["47", "7", "47"]}, {"date": "2023-06-17-02-00-00", "alternatives": ["47", "7", "47"]}, {"date": "2023-06-17-02-00-00", "alternatives": ["47", "7", "47"]}, {"date": "2023-06-17-02-00-00", "alternatives": ["47", "7", "47"]}, {"date": "2023-06-17-02-00-00", "alternatives": ["47", "7", "47"]}, {"date": "2023-06-17-02-00-00", "alternatives": ["47", "7", "47"]}, {"date": "2023-06-17-02-00-00", "alternatives": ["47", "7", "47"]}]}, {"location": {"country_code": "bg"}, "game_id": "747108", "values": [{"date": "2023-06-17-01-00-00", "alternatives": ["31", "31", "3"]}, {"date": "2023-06-17-01-00-00", "alternatives": ["31", "31", "3"]}, {"date": "2023-06-17-01-00-00", "alternatives": ["31", "31", "3"]}, {"date": "2023-06-17-01-00-00", "alternatives": ["31", "31", "3"]}, {"date": "2023-06-17-01-00-00", "alternatives": ["31", "31", "3"]}, {"date": "2023-06-17-01-00-00", "alternatives": ["31", "31", "3"]}, {"date": "2023-06-17-01-00-00", "alternatives": ["31", "31", "3"]}, {"date": "2023-06-17-01-00-00", "alternatives": ["31", "31", "3"]}, {"date": "2023-06-17-01-00-00", "alternatives": ["31", "31", "3"]}, {"date": "2023-06-17-01-00-00", "alternatives": ["31", "31", "3"]}, {"date": "2023-06-17-01-00-00", "alternatives": ["31", "31", "3"]}, {"date": "2023-06-17-01-00-00", "alternatives": ["31", "31", "3"]}, {"date": "2023-06-17-01-00-00", "alternatives": ["31", "31", "3"]}]}, {"location": {"country_code": "de", "region": "North Rhine-Westphalia"}, "game_id": "747108", "values": [{"date": "2023-06-16-22-00-00", "alternatives": ["1", "15", "15"]}, {"date": "2023-06-16-22-00-00", "alternatives": ["1", "15", "15"]}, {"date": "2023-06-16-22-00-00", "alternatives": ["1", "15", "15"]}, {"date": "2023-06-16-22-00-00", "alternatives": ["1", "15", "15"]}, {"date": "2023-06-16-22-00-00", "alternatives": ["1", "15", "15"]}, {"date": "2023-06-16-22-00-00", "alternatives": ["1", "15", "15"]}, {"date": "2023-06-16-22-00-00", "alternatives": ["1", "15", "15"]}, {"date": "2023-06-16-22-00-00", "alternatives": ["1", "15", "15"]}, {"date": "2023-06-16-22-00-00", "alternatives": ["1", "15", "15"]}, {"date": "2023-06-16-22-00-00", "alternatives": ["1", "15", "15"]}, {"date": "2023-06-16-22-00-00", "alternatives": ["1", "15", "15"]}, {"date": "2023-06-16-22-00-00", "alternatives": ["1", "15", "15"]}, {"date": "2023-06-16-22-00-00", "alternatives": ["1", "15", "15"]}, {"date": "2023-06-16-22-00-00", "alternatives": ["1", "15", "15"]}, {"date": "2023-06-16-22-00-00", "alternatives": ["1", "15", "15"]}, {"date": "2023-06-16-22-00-00", "alternatives": ["1", "15", "15"]}, {"date": "2023-06-16-22-00-00", "alternatives": ["1", "15", "15"]}, {"date": "2023-06-16-22-00-00", "alternatives": ["1", "15", "15"]}, {"date": "2023-06-16-22-00-00", "alternatives": ["1", "15", "15"]}, {"date": "2023-06-16-22-00-00", "alternatives": ["1", "15", "15"]}, {"date": "2023-06-16-22-00-00", "alternatives": ["1", "15", "15"]}, {"date": "2023-06-16-22-00-00", "alternatives": ["1", "15", "15"]}, {"date": "2023-06-16-22-00-00", "alternatives": ["1", "15", "15"]}, {"date": "2023-06-16-22-00-00", "alternatives": ["1", "15", "15"]}, {"date": "2023-06-16-22-00-00", "alternatives": ["1", "15", "15"]}, {"date": "2023-06-16-22-00-00", "alternatives": ["1", "15", "15"]}, {"date": "2023-06-16-22-00-00", "alternatives": ["1", "15", "15"]}, {"date": "2023-06-16-22-00-00", "alternatives": ["1", "15", "15"]}, {"date": "2023-06-16-22-00-00", "alternatives": ["1", "15", "15"]}, {"date": "2023-06-16-22-00-00", "alternatives": ["1", "15", "15"]}]}, {"location": {"country_code": "fr", "region": "Nord-Passo di Calais-Piccardia"}, "game_id": "747108", "values": [{"date": "2023-06-16-19-00-00", "alternatives": ["16", "16015", "16"]}, {"date": "2023-06-16-19-00-00", "alternatives": ["16", "16015", "16"]}, {"date": "2023-06-16-19-00-00", "alternatives": ["16", "16015", "16"]}, {"date": "2023-06-16-19-00-00", "alternatives": ["16", "16015", "16"]}, {"date": "2023-06-16-19-00-00", "alternatives": ["16", "16015", "16"]}, {"date": "2023-06-16-19-00-00", "alternatives": ["16", "16015", "16"]}, {"date": "2023-06-16-19-00-00", "alternatives": ["16", "16015", "16"]}, {"date": "2023-06-16-19-00-00", "alternatives": ["16", "16015", "16"]}, {"date": "2023-06-16-19-00-00", "alternatives": ["16", "16015", "16"]}, {"date": "2023-06-16-19-00-00", "alternatives": ["16", "16015", "16"]}, {"date": "2023-06-16-19-00-00", "alternatives": ["16", "16015", "16"]}, {"date": "2023-06-16-19-00-00", "alternatives": ["16", "16015", "16"]}, {"date": "2023-06-16-19-00-00", "alternatives": ["16", "16015", "16"]}, {"date": "2023-06-16-19-00-00", "alternatives": ["16", "16015", "16"]}, {"date": "2023-06-16-19-00-00", "alternatives": ["16", "16015", "16"]}]}, {"location": {"country_code": "bs"}, "game_id": "747108", "values": [{"date": "2023-06-17-00-00-00", "alternatives": ["16", "6", "16"]}, {"date": "2023-06-17-00-00-00", "alternatives": ["16", "6", "16"]}, {"date": "2023-06-17-00-00-00", "alternatives": ["16", "6", "16"]}, {"date": "2023-06-17-00-00-00", "alternatives": ["16", "6", "16"]}, {"date": "2023-06-17-00-00-00", "alternatives": ["16", "6", "16"]}]}, {"location": {"country_code": "br", "region": "Santa Catarina", "city": "Balneario Camboriu"}, "game_id": "747108", "values": [{"date": "2023-06-17-02-00-00", "alternatives": ["16", "1", "16"]}, {"date": "2023-06-17-02-00-00", "alternatives": ["16", "1", "16"]}, {"date": "2023-06-17-02-00-00", "alternatives": ["16", "1", "16"]}, {"date": "2023-06-17-02-00-00", "alternatives": ["16", "1", "16"]}, {"date": "2023-06-17-02-00-00", "alternatives": ["16", "1", "16"]}, {"date": "2023-06-17-02-00-00", "alternatives": ["16", "1", "16"]}, {"date": "2023-06-17-02-00-00", "alternatives": ["16", "1", "16"]}, {"date": "2023-06-17-02-00-00", "alternatives": ["16", "1", "16"]}, {"date": "2023-06-17-02-00-00", "alternatives": ["16", "1", "16"]}]}, {"location": {"country_code": "tr", "region": "Marmara Bolgesi", "city": "Sakarya"}, "game_id": "747108", "values": [{"date": "2023-06-16-11-00-00", "alternatives": [31, 31, 31]}, {"date": "2023-06-16-11-00-00", "alternatives": [31, 31, 31]}, {"date": "2023-06-16-11-00-00", "alternatives": [31, 31, 31]}, {"date": "2023-06-16-11-00-00", "alternatives": [31, 31, 31]}, {"date": "2023-06-16-11-00-00", "alternatives": [31, 31, 31]}, {"date": "2023-06-16-11-00-00", "alternatives": [31, 31, 31]}, {"date": "2023-06-16-11-00-00", "alternatives": [31, 31, 31]}, {"date": "2023-06-16-11-00-00", "alternatives": [31, 31, 31]}, {"date": "2023-06-16-11-00-00", "alternatives": [31, 31, 31]}]}, {"location": {"country_code": "es", "region": "Andalusia", "city": "Cordoba"}, "game_id": "747108", "values": [{"date": "2023-06-16-21-00-00", "alternatives": ["47", "7", "7"]}, {"date": "2023-06-16-21-00-00", "alternatives": ["47", "7", "7"]}, {"date": "2023-06-16-21-00-00", "alternatives": ["47", "7", "7"]}, {"date": "2023-06-16-21-00-00", "alternatives": ["47", "7", "7"]}, {"date": "2023-06-16-21-00-00", "alternatives": ["47", "7", "7"]}, {"date": "2023-06-16-21-00-00", "alternatives": ["47", "7", "7"]}, {"date": "2023-06-16-21-00-00", "alternatives": ["47", "7", "7"]}, {"date": "2023-06-16-21-00-00", "alternatives": ["47", "7", "7"]}, {"date": "2023-06-16-21-00-00", "alternatives": ["47", "7", "7"]}]}, {"location": {"country_code": "co", "region": "Bogota"}, "game_id": "747108", "values": [{"date": "2023-06-16-11-00-00", "alternatives": ["786", "78", "78"]}, {"date": "2023-06-16-11-00-00", "alternatives": ["786", "78", "78"]}]}, {"location": {"country_code": "us", "region": "California", "city": "Redding"}, "game_id": "747108", "values": [{"date": "2023-06-16-11-00-00", "alternatives": ["93", "93", "930"]}, {"date": "2023-06-16-11-00-00", "alternatives": ["93", "93", "930"]}, {"date": "2023-06-16-11-00-00", "alternatives": ["93", "93", "930"]}, {"date": "2023-06-16-11-00-00", "alternatives": ["93", "93", "930"]}, {"date": "2023-06-16-11-00-00", "alternatives": ["93", "93", "930"]}, {"date": "2023-06-16-11-00-00", "alternatives": ["93", "93", "930"]}, {"date": "2023-06-16-11-00-00", "alternatives": ["93", "93", "930"]}, {"date": "2023-06-16-11-00-00", "alternatives": ["93", "93", "930"]}, {"date": "2023-06-16-11-00-00", "alternatives": ["93", "93", "930"]}, {"date": "2023-06-16-11-00-00", "alternatives": ["93", "93", "930"]}, {"date": "2023-06-16-11-00-00", "alternatives": ["93", "93", "930"]}, {"date": "2023-06-16-11-00-00", "alternatives": ["93", "93", "930"]}, {"date": "2023-06-16-11-00-00", "alternatives": ["93", "93", "930"]}, {"date": "2023-06-16-11-00-00", "alternatives": ["93", "93", "930"]}, {"date": "2023-06-16-11-00-00", "alternatives": ["93", "93", "930"]}, {"date": "2023-06-16-11-00-00", "alternatives": ["93", "93", "930"]}, {"date": "2023-06-16-11-00-00", "alternatives": ["93", "93", "930"]}, {"date": "2023-06-16-11-00-00", "alternatives": ["93", "93", "930"]}, {"date": "2023-06-16-11-00-00", "alternatives": ["93", "93", "930"]}, {"date": "2023-06-16-11-00-00", "alternatives": ["93", "93", "930"]}, {"date": "2023-06-16-11-00-00", "alternatives": ["93", "93", "930"]}, {"date": "2023-06-16-11-00-00", "alternatives": ["93", "93", "930"]}, {"date": "2023-06-16-11-00-00", "alternatives": ["93", "93", "930"]}, {"date": "2023-06-16-11-00-00", "alternatives": ["93", "93", "930"]}, {"date": "2023-06-16-11-00-00", "alternatives": ["93", "93", "930"]}, {"date": "2023-06-16-11-00-00", "alternatives": ["93", "93", "930"]}]}, {"location": {"country_code": "br", "region": "Parana", "city": "Barracao"}, "game_id": "747108", "values": [{"date": "2023-06-16-04-00-00", "alternatives": [31, 3, 3, 3]}, {"date": "2023-06-16-04-00-00", "alternatives": [31, 3, 3, 3]}, {"date": "2023-06-16-04-00-00", "alternatives": [31, 3, 3, 3]}, {"date": "2023-06-16-04-00-00", "alternatives": [31, 3, 3, 3]}, {"date": "2023-06-16-04-00-00", "alternatives": [31, 3, 3, 3]}]}, {"location": {"country_code": "es", "region": "Canary Islands", "city": "San Cristobal de La Laguna"}, "game_id": "747108", "values": [{"date": "2023-06-16-22-00-00", "alternatives": ["630", "63", "63"]}, {"date": "2023-06-16-22-00-00", "alternatives": ["630", "63", "63"]}, {"date": "2023-06-16-22-00-00", "alternatives": ["630", "63", "63"]}, {"date": "2023-06-16-22-00-00", "alternatives": ["630", "63", "63"]}, {"date": "2023-06-16-22-00-00", "alternatives": ["630", "63", "63"]}, {"date": "2023-06-16-22-00-00", "alternatives": ["630", "63", "63"]}, {"date": "2023-06-16-22-00-00", "alternatives": ["630", "63", "63"]}, {"date": "2023-06-16-22-00-00", "alternatives": ["630", "63", "63"]}, {"date": "2023-06-16-22-00-00", "alternatives": ["630", "63", "63"]}, {"date": "2023-06-16-22-00-00", "alternatives": ["630", "63", "63"]}, {"date": "2023-06-16-22-00-00", "alternatives": ["630", "63", "63"]}]}, {"location": {"country_code": "fr", "region": "Nord-Passo di Calais-Piccardia", "city": "Albert"}, "game_id": "747108", "values": [{"date": "2023-06-17-00-00-00", "alternatives": ["17", "47", "47"]}, {"date": "2023-06-17-00-00-00", "alternatives": ["17", "47", "47"]}, {"date": "2023-06-17-00-00-00", "alternatives": ["17", "47", "47"]}, {"date": "2023-06-17-00-00-00", "alternatives": ["17", "47", "47"]}, {"date": "2023-06-17-00-00-00", "alternatives": ["17", "47", "47"]}, {"date": "2023-06-17-00-00-00", "alternatives": ["17", "47", "47"]}, {"date": "2023-06-17-00-00-00", "alternatives": ["17", "47", "47"]}, {"date": "2023-06-17-00-00-00", "alternatives": ["17", "47", "47"]}]}, {"location": {"country_code": "es", "region": "Cantabria", "city": "Torres"}, "game_id": "747108", "values": [{"date": "2023-06-16-20-00-00", "alternatives": ["47", "7", "47"]}, {"date": "2023-06-16-20-00-00", "alternatives": ["47", "7", "47"]}, {"date": "2023-06-16-20-00-00", "alternatives": ["47", "7", "47"]}, {"date": "2023-06-16-20-00-00", "alternatives": ["47", "7", "47"]}, {"date": "2023-06-16-20-00-00", "alternatives": ["47", "7", "47"]}, {"date": "2023-06-16-20-00-00", "alternatives": ["47", "7", "47"]}, {"date": "2023-06-16-20-00-00", "alternatives": ["47", "7", "47"]}, {"date": "2023-06-16-20-00-00", "alternatives": ["47", "7", "47"]}, {"date": "2023-06-16-20-00-00", "alternatives": ["47", "7", "47"]}, {"date": "2023-06-16-20-00-00", "alternatives": ["47", "7", "47"]}, {"date": "2023-06-16-20-00-00", "alternatives": ["47", "7", "47"]}, {"date": "2023-06-16-20-00-00", "alternatives": ["47", "7", "47"]}]}, {"location": {"country_code": "us", "region": "Arkansas", "city": "Newport"}, "game_id": "747108", "values": [{"date": "2023-06-16-16-00-00", "alternatives": [31, 3, 31, 3, 31]}]}], "last_updated": 1719918515.540471}