{"data": [{"location": {"country_code": "es", "region": "Canary Islands", "city": "Las Palmas de Gran Canaria"}, "game_id": "118849", "values": [{"date": "2023-05-02-19-00-00", "alternatives": ["62", "52", "62"]}, {"date": "2023-05-02-19-00-00", "alternatives": ["62", "52", "62"]}, {"date": "2023-05-02-19-00-00", "alternatives": ["62", "52", "62"]}, {"date": "2023-05-02-19-00-00", "alternatives": ["62", "52", "62"]}, {"date": "2023-05-02-19-00-00", "alternatives": ["62", "52", "62"]}, {"date": "2023-05-02-19-00-00", "alternatives": ["62", "52", "62"]}, {"date": "2023-05-02-19-00-00", "alternatives": ["62", "52", "62"]}]}, {"location": {"country_code": "es", "region": "Canary Islands", "city": "Santa Cruz de Tenerife"}, "game_id": "118849", "values": [{"date": "2023-05-02-21-00-00", "alternatives": ["1", "111", "111"]}, {"date": "2023-05-02-21-00-00", "alternatives": ["1", "111", "111"]}, {"date": "2023-05-02-21-00-00", "alternatives": ["1", "111", "111"]}, {"date": "2023-05-02-21-00-00", "alternatives": ["1", "111", "111"]}, {"date": "2023-05-02-21-00-00", "alternatives": ["1", "111", "111"]}]}, {"location": {"country_code": "nz"}, "game_id": "118849", "values": [{"date": "2023-05-03-01-00-00", "alternatives": ["39", "39", "9"]}, {"date": "2023-05-02-10-00-00", "alternatives": ["34", "34", "3"]}, {"date": "2023-05-02-10-00-00", "alternatives": ["34", "34", "3"]}, {"date": "2023-05-02-10-00-00", "alternatives": ["34", "34", "3"]}, {"date": "2023-05-02-10-00-00", "alternatives": ["34", "34", "3"]}, {"date": "2023-05-02-10-00-00", "alternatives": ["34", "34", "3"]}, {"date": "2023-05-02-10-00-00", "alternatives": ["34", "34", "3"]}, {"date": "2023-05-02-10-00-00", "alternatives": ["34", "34", "3"]}]}, {"location": {"country_code": "us"}, "game_id": "118849", "values": [{"date": "2023-05-03-02-00-00", "alternatives": ["68", "63", "68"]}, {"date": "2023-05-03-02-00-00", "alternatives": ["68", "63", "68"]}, {"date": "2023-05-03-02-00-00", "alternatives": ["68", "63", "68"]}, {"date": "2023-05-03-02-00-00", "alternatives": ["68", "63", "68"]}, {"date": "2023-05-03-02-00-00", "alternatives": ["68", "63", "68"]}, {"date": "2023-05-03-02-00-00", "alternatives": ["68", "63", "68"]}, {"date": "2023-05-03-02-00-00", "alternatives": ["68", "63", "68"]}, {"date": "2023-05-03-02-00-00", "alternatives": ["68", "63", "68"]}, {"date": "2023-05-03-02-00-00", "alternatives": ["68", "63", "68"]}, {"date": "2023-05-03-02-00-00", "alternatives": ["68", "63", "68"]}, {"date": "2023-05-02-18-00-00", "alternatives": ["43", "2", "43"]}, {"date": "2023-05-02-18-00-00", "alternatives": ["43", "2", "43"]}, {"date": "2023-05-02-18-00-00", "alternatives": ["43", "2", "43"]}, {"date": "2023-05-02-20-00-00", "alternatives": ["45", "45", "1"]}]}, {"location": {"country_code": "de", "region": "Berlin", "city": "Berlin"}, "game_id": "118849", "values": [{"date": "2023-05-02-16-00-00", "alternatives": ["16", "16", "160"]}, {"date": "2023-05-02-20-00-00", "alternatives": ["16", "16", "6"]}, {"date": "2023-05-02-20-00-00", "alternatives": ["16", "16", "6"]}, {"date": "2023-05-02-20-00-00", "alternatives": ["16", "16", "6"]}, {"date": "2023-05-02-20-00-00", "alternatives": ["16", "16", "6"]}, {"date": "2023-05-02-20-00-00", "alternatives": ["16", "16", "6"]}, {"date": "2023-05-02-20-00-00", "alternatives": ["16", "16", "6"]}, {"date": "2023-05-02-20-00-00", "alternatives": ["16", "16", "6"]}, {"date": "2023-05-02-20-00-00", "alternatives": ["16", "16", "6"]}, {"date": "2023-05-02-20-00-00", "alternatives": ["16", "16", "6"]}, {"date": "2023-05-02-20-00-00", "alternatives": ["16", "16", "6"]}, {"date": "2023-05-02-20-00-00", "alternatives": ["16", "16", "6"]}, {"date": "2023-05-02-20-00-00", "alternatives": ["16", "16", "6"]}]}, {"location": {"country_code": "us", "region": "New York", "city": "Jamestown"}, "game_id": "118849", "values": [{"date": "2023-05-02-03-00-00", "alternatives": ["39", "391", "39"]}, {"date": "2023-05-02-03-00-00", "alternatives": ["39", "391", "39"]}, {"date": "2023-05-02-23-00-00", "alternatives": ["34", "34", "33"]}, {"date": "2023-05-02-23-00-00", "alternatives": ["34", "34", "33"]}, {"date": "2023-05-03-00-00-00", "alternatives": ["40", "40", "30"]}, {"date": "2023-05-03-00-00-00", "alternatives": ["40", "40", "30"]}, {"date": "2023-05-03-00-00-00", "alternatives": ["40", "40", "30"]}, {"date": "2023-05-03-00-00-00", "alternatives": ["40", "40", "30"]}]}, {"location": {"country_code": "gb"}, "game_id": "118849", "values": [{"date": "2023-05-02-20-00-00", "alternatives": ["31", "31", "20"]}, {"date": "2023-05-02-20-00-00", "alternatives": ["31", "31", "20"]}]}, {"location": {"country_code": "gb", "region": "Scotland"}, "game_id": "118849", "values": [{"date": "2023-05-02-17-00-00", "alternatives": ["29", "60", "29"]}]}, {"location": {"country_code": "nl"}, "game_id": "118849", "values": [{"date": "2023-05-02-03-00-00", "alternatives": ["0", "10", "10"]}]}, {"location": {"country_code": "it"}, "game_id": "118849", "values": [{"date": "2023-05-02-21-00-00", "alternatives": ["11", "27", "27"]}, {"date": "2023-05-02-21-00-00", "alternatives": ["11", "27", "27"]}, {"date": "2023-05-02-21-00-00", "alternatives": ["11", "27", "27"]}, {"date": "2023-05-02-21-00-00", "alternatives": ["11", "27", "27"]}, {"date": "2023-05-02-21-00-00", "alternatives": ["11", "27", "27"]}, {"date": "2023-05-02-21-00-00", "alternatives": ["11", "27", "27"]}, {"date": "2023-05-02-21-00-00", "alternatives": ["11", "27", "27"]}, {"date": "2023-05-02-21-00-00", "alternatives": ["11", "27", "27"]}, {"date": "2023-05-02-21-00-00", "alternatives": ["11", "27", "27"]}, {"date": "2023-05-02-21-00-00", "alternatives": ["11", "27", "27"]}, {"date": "2023-05-02-12-00-00", "alternatives": ["0", "1", "01"]}, {"date": "2023-05-02-12-00-00", "alternatives": ["0", "1", "01"]}]}, {"location": {"country_code": "jp"}, "game_id": "118849", "values": [{"date": "2023-05-02-10-00-00", "alternatives": ["7", "17", "17"]}, {"date": "2023-05-02-10-00-00", "alternatives": ["7", "17", "17"]}, {"date": "2023-05-02-10-00-00", "alternatives": ["7", "17", "17"]}, {"date": "2023-05-02-10-00-00", "alternatives": ["7", "17", "17"]}, {"date": "2023-05-02-10-00-00", "alternatives": ["7", "17", "17"]}, {"date": "2023-05-02-16-00-00", "alternatives": ["238", "4", "4"]}, {"date": "2023-05-03-02-00-00", "alternatives": ["5", "45", "45"]}, {"date": "2023-05-03-02-00-00", "alternatives": ["5", "45", "45"]}, {"date": "2023-05-03-02-00-00", "alternatives": ["5", "45", "45"]}, {"date": "2023-05-03-02-00-00", "alternatives": ["5", "45", "45"]}, {"date": "2023-05-03-02-00-00", "alternatives": ["5", "45", "45"]}, {"date": "2023-05-03-02-00-00", "alternatives": ["5", "45", "45"]}, {"date": "2023-05-03-02-00-00", "alternatives": ["5", "45", "45"]}, {"date": "2023-05-03-02-00-00", "alternatives": ["5", "45", "45"]}, {"date": "2023-05-02-09-00-00", "alternatives": ["11", "1", "11"]}, {"date": "2023-05-02-07-00-00", "alternatives": ["52", "2", "2"]}, {"date": "2023-05-02-07-00-00", "alternatives": ["52", "2", "2"]}, {"date": "2023-05-02-07-00-00", "alternatives": ["52", "2", "2"]}, {"date": "2023-05-02-11-00-00", "alternatives": ["5", "5", "2"]}]}, {"location": {"country_code": "ca"}, "game_id": "118849", "values": [{"date": "2023-05-02-04-00-00", "alternatives": ["49", "49", "40"]}, {"date": "2023-05-02-23-00-00", "alternatives": ["37", "375", "37"]}, {"date": "2023-05-02-23-00-00", "alternatives": ["37", "375", "37"]}, {"date": "2023-05-02-06-00-00", "alternatives": ["26", "26", "126"]}, {"date": "2023-05-02-06-00-00", "alternatives": ["26", "26", "126"]}, {"date": "2023-05-02-23-00-00", "alternatives": ["52", "52", "2"]}, {"date": "2023-05-02-23-00-00", "alternatives": ["52", "52", "2"]}, {"date": "2023-05-02-23-00-00", "alternatives": ["52", "52", "2"]}, {"date": "2023-05-02-23-00-00", "alternatives": ["52", "52", "2"]}, {"date": "2023-05-02-23-00-00", "alternatives": ["52", "52", "2"]}, {"date": "2023-05-02-23-00-00", "alternatives": ["52", "52", "2"]}, {"date": "2023-05-02-23-00-00", "alternatives": ["52", "52", "2"]}, {"date": "2023-05-02-23-00-00", "alternatives": ["52", "52", "2"]}, {"date": "2023-05-02-23-00-00", "alternatives": ["52", "52", "2"]}, {"date": "2023-05-02-23-00-00", "alternatives": ["52", "52", "2"]}, {"date": "2023-05-02-23-00-00", "alternatives": ["52", "52", "2"]}, {"date": "2023-05-02-23-00-00", "alternatives": ["52", "52", "2"]}]}, {"location": {"country_code": "de"}, "game_id": "118849", "values": [{"date": "2023-05-02-22-00-00", "alternatives": ["0", "14", "14"]}, {"date": "2023-05-02-22-00-00", "alternatives": ["0", "14", "14"]}, {"date": "2023-05-02-22-00-00", "alternatives": ["0", "14", "14"]}, {"date": "2023-05-02-22-00-00", "alternatives": ["0", "14", "14"]}, {"date": "2023-05-02-22-00-00", "alternatives": ["0", "14", "14"]}, {"date": "2023-05-02-22-00-00", "alternatives": ["0", "14", "14"]}, {"date": "2023-05-02-22-00-00", "alternatives": ["0", "14", "14"]}, {"date": "2023-05-02-22-00-00", "alternatives": ["0", "14", "14"]}, {"date": "2023-05-02-22-00-00", "alternatives": ["0", "14", "14"]}, {"date": "2023-05-02-22-00-00", "alternatives": ["0", "14", "14"]}, {"date": "2023-05-02-22-00-00", "alternatives": ["0", "14", "14"]}, {"date": "2023-05-02-22-00-00", "alternatives": ["0", "14", "14"]}, {"date": "2023-05-03-02-00-00", "alternatives": ["20", "07", "20"]}, {"date": "2023-05-03-02-00-00", "alternatives": ["20", "07", "20"]}, {"date": "2023-05-03-02-00-00", "alternatives": ["20", "07", "20"]}, {"date": "2023-05-03-02-00-00", "alternatives": ["20", "07", "20"]}, {"date": "2023-05-03-02-00-00", "alternatives": ["20", "07", "20"]}, {"date": "2023-05-03-02-00-00", "alternatives": ["20", "07", "20"]}, {"date": "2023-05-03-02-00-00", "alternatives": ["20", "07", "20"]}, {"date": "2023-05-03-02-00-00", "alternatives": ["20", "07", "20"]}, {"date": "2023-05-03-02-00-00", "alternatives": ["20", "07", "20"]}, {"date": "2023-05-02-22-00-00", "alternatives": ["47", "47", "37"]}, {"date": "2023-05-03-01-00-00", "alternatives": ["13", "13", "1313"]}, {"date": "2023-05-03-01-00-00", "alternatives": ["13", "13", "1313"]}, {"date": "2023-05-03-01-00-00", "alternatives": ["13", "13", "1313"]}, {"date": "2023-05-02-17-00-00", "alternatives": ["6", "1", "6"]}]}, {"location": {"country_code": "de", "region": "Brandenburg", "city": "Potsdam"}, "game_id": "118849", "values": [{"date": "2023-05-02-21-00-00", "alternatives": ["22", "1", "22"]}]}, {"location": {"country_code": "tw"}, "game_id": "118849", "values": [{"date": "2023-05-02-12-00-00", "alternatives": ["3", "3", "166"]}, {"date": "2023-05-02-12-00-00", "alternatives": ["3", "3", "166"]}, {"date": "2023-05-02-12-00-00", "alternatives": ["3", "3", "166"]}, {"date": "2023-05-02-12-00-00", "alternatives": ["3", "3", "166"]}, {"date": "2023-05-02-12-00-00", "alternatives": ["3", "3", "166"]}, {"date": "2023-05-02-12-00-00", "alternatives": ["3", "3", "166"]}, {"date": "2023-05-02-12-00-00", "alternatives": ["3", "3", "166"]}, {"date": "2023-05-02-12-00-00", "alternatives": ["3", "3", "166"]}, {"date": "2023-05-02-12-00-00", "alternatives": ["3", "3", "166"]}, {"date": "2023-05-02-12-00-00", "alternatives": ["3", "3", "166"]}, {"date": "2023-05-02-12-00-00", "alternatives": ["3", "3", "166"]}, {"date": "2023-05-02-12-00-00", "alternatives": ["3", "3", "166"]}, {"date": "2023-05-02-12-00-00", "alternatives": ["3", "3", "166"]}, {"date": "2023-05-02-12-00-00", "alternatives": ["3", "3", "166"]}, {"date": "2023-05-02-12-00-00", "alternatives": ["3", "3", "166"]}, {"date": "2023-05-02-12-00-00", "alternatives": ["3", "3", "166"]}, {"date": "2023-05-02-12-00-00", "alternatives": ["3", "3", "166"]}, {"date": "2023-05-02-12-00-00", "alternatives": ["3", "3", "166"]}, {"date": "2023-05-02-12-00-00", "alternatives": ["3", "3", "166"]}, {"date": "2023-05-02-13-00-00", "alternatives": ["11", "11", "220"]}, {"date": "2023-05-02-13-00-00", "alternatives": ["11", "11", "220"]}, {"date": "2023-05-02-13-00-00", "alternatives": ["11", "11", "220"]}, {"date": "2023-05-02-17-00-00", "alternatives": ["0", "24", "24"]}, {"date": "2023-05-02-17-00-00", "alternatives": ["0", "24", "24"]}, {"date": "2023-05-02-17-00-00", "alternatives": ["0", "24", "24"]}, {"date": "2023-05-02-17-00-00", "alternatives": ["0", "24", "24"]}, {"date": "2023-05-02-17-00-00", "alternatives": ["0", "24", "24"]}, {"date": "2023-05-02-17-00-00", "alternatives": ["0", "24", "24"]}, {"date": "2023-05-02-17-00-00", "alternatives": ["0", "24", "24"]}, {"date": "2023-05-02-17-00-00", "alternatives": ["0", "24", "24"]}, {"date": "2023-05-02-23-00-00", "alternatives": ["23", "233", "233"]}, {"date": "2023-05-02-23-00-00", "alternatives": ["23", "233", "233"]}, {"date": "2023-05-02-23-00-00", "alternatives": ["23", "233", "233"]}, {"date": "2023-05-02-23-00-00", "alternatives": ["23", "233", "233"]}, {"date": "2023-05-02-23-00-00", "alternatives": ["23", "233", "233"]}, {"date": "2023-05-02-23-00-00", "alternatives": ["23", "233", "233"]}, {"date": "2023-05-02-23-00-00", "alternatives": ["23", "233", "233"]}, {"date": "2023-05-02-23-00-00", "alternatives": ["23", "233", "233"]}, {"date": "2023-05-02-23-00-00", "alternatives": ["23", "233", "233"]}, {"date": "2023-05-02-23-00-00", "alternatives": ["23", "233", "233"]}]}, {"location": {"country_code": "gb", "region": "England"}, "game_id": "118849", "values": [{"date": "2023-05-02-17-00-00", "alternatives": ["27", "27", "3"]}, {"date": "2023-05-02-17-00-00", "alternatives": ["27", "27", "3"]}, {"date": "2023-05-02-22-00-00", "alternatives": ["18", "18", "1"]}, {"date": "2023-05-02-22-00-00", "alternatives": ["18", "18", "1"]}, {"date": "2023-05-02-22-00-00", "alternatives": ["18", "18", "1"]}, {"date": "2023-05-02-22-00-00", "alternatives": ["18", "18", "1"]}, {"date": "2023-05-02-22-00-00", "alternatives": ["18", "18", "1"]}, {"date": "2023-05-02-22-00-00", "alternatives": ["18", "18", "1"]}, {"date": "2023-05-02-22-00-00", "alternatives": ["18", "18", "1"]}, {"date": "2023-05-02-22-00-00", "alternatives": ["18", "18", "1"]}]}, {"location": {"country_code": "cl"}, "game_id": "118849", "values": [{"date": "2023-05-02-20-00-00", "alternatives": ["46", "6", "46"]}, {"date": "2023-05-02-20-00-00", "alternatives": ["46", "6", "46"]}, {"date": "2023-05-02-20-00-00", "alternatives": ["46", "6", "46"]}, {"date": "2023-05-02-20-00-00", "alternatives": ["46", "6", "46"]}, {"date": "2023-05-02-17-00-00", "alternatives": ["142", "42", "142"]}, {"date": "2023-05-02-07-00-00", "alternatives": ["12", "2", "2"]}]}, {"location": {"country_code": "cl", "region": "Santiago Metropolitan", "city": "Santiago"}, "game_id": "118849", "values": [{"date": "2023-05-02-07-00-00", "alternatives": ["5", "5", "9"]}, {"date": "2023-05-02-07-00-00", "alternatives": ["5", "5", "9"]}, {"date": "2023-05-02-07-00-00", "alternatives": ["5", "5", "9"]}]}, {"location": {"country_code": "us", "region": "Florida"}, "game_id": "118849", "values": [{"date": "2023-05-03-00-00-00", "alternatives": ["57", "57", "7"]}]}, {"location": {"country_code": "ph"}, "game_id": "118849", "values": [{"date": "2023-05-02-06-00-00", "alternatives": ["18", "8", "8"]}, {"date": "2023-05-02-06-00-00", "alternatives": ["18", "8", "8"]}, {"date": "2023-05-02-06-00-00", "alternatives": ["18", "8", "8"]}, {"date": "2023-05-02-06-00-00", "alternatives": ["18", "8", "8"]}, {"date": "2023-05-02-06-00-00", "alternatives": ["18", "8", "8"]}, {"date": "2023-05-02-19-00-00", "alternatives": ["238", "238", "258"]}]}, {"location": {"country_code": "ph", "region": "CALABARZON", "city": "Cavite"}, "game_id": "118849", "values": [{"date": "2023-05-02-16-00-00", "alternatives": ["200", "200", "4"]}, {"date": "2023-05-02-16-00-00", "alternatives": ["200", "200", "4"]}, {"date": "2023-05-02-16-00-00", "alternatives": ["200", "200", "4"]}, {"date": "2023-05-02-16-00-00", "alternatives": ["200", "200", "4"]}, {"date": "2023-05-02-16-00-00", "alternatives": ["200", "200", "4"]}, {"date": "2023-05-02-16-00-00", "alternatives": ["200", "200", "4"]}, {"date": "2023-05-02-16-00-00", "alternatives": ["200", "200", "4"]}]}, {"location": {"country_code": "fr"}, "game_id": "118849", "values": [{"date": "2023-05-02-11-00-00", "alternatives": ["23", "23", "5"]}, {"date": "2023-05-02-11-00-00", "alternatives": ["23", "23", "5"]}, {"date": "2023-05-02-11-00-00", "alternatives": ["23", "23", "5"]}, {"date": "2023-05-02-11-00-00", "alternatives": ["23", "23", "5"]}, {"date": "2023-05-02-11-00-00", "alternatives": ["23", "23", "5"]}, {"date": "2023-05-02-11-00-00", "alternatives": ["23", "23", "5"]}, {"date": "2023-05-02-11-00-00", "alternatives": ["23", "23", "5"]}, {"date": "2023-05-02-22-00-00", "alternatives": ["4", "36", "36"]}, {"date": "2023-05-02-20-00-00", "alternatives": ["8", "28", "28"]}, {"date": "2023-05-02-20-00-00", "alternatives": ["8", "28", "28"]}, {"date": "2023-05-02-20-00-00", "alternatives": ["8", "28", "28"]}, {"date": "2023-05-02-20-00-00", "alternatives": ["8", "28", "28"]}, {"date": "2023-05-02-20-00-00", "alternatives": ["8", "28", "28"]}, {"date": "2023-05-02-20-00-00", "alternatives": ["8", "28", "28"]}, {"date": "2023-05-02-20-00-00", "alternatives": ["8", "28", "28"]}, {"date": "2023-05-02-20-00-00", "alternatives": ["8", "28", "28"]}, {"date": "2023-05-02-22-00-00", "alternatives": ["5", "5", "243105"]}, {"date": "2023-05-02-19-00-00", "alternatives": ["19", "861", "19"]}, {"date": "2023-05-03-00-00-00", "alternatives": ["49", "4", "49"]}, {"date": "2023-05-03-00-00-00", "alternatives": ["49", "4", "49"]}, {"date": "2023-05-03-00-00-00", "alternatives": ["49", "4", "49"]}, {"date": "2023-05-03-00-00-00", "alternatives": ["49", "4", "49"]}, {"date": "2023-05-03-01-00-00", "alternatives": ["32", "32", "5"]}, {"date": "2023-05-03-01-00-00", "alternatives": ["32", "32", "5"]}, {"date": "2023-05-03-01-00-00", "alternatives": ["32", "32", "5"]}, {"date": "2023-05-03-01-00-00", "alternatives": ["32", "32", "5"]}, {"date": "2023-05-03-01-00-00", "alternatives": ["32", "32", "5"]}, {"date": "2023-05-03-01-00-00", "alternatives": ["32", "32", "5"]}, {"date": "2023-05-03-01-00-00", "alternatives": ["32", "32", "5"]}, {"date": "2023-05-03-01-00-00", "alternatives": ["32", "32", "5"]}, {"date": "2023-05-03-01-00-00", "alternatives": ["32", "32", "5"]}, {"date": "2023-05-03-01-00-00", "alternatives": ["32", "32", "5"]}, {"date": "2023-05-03-00-00-00", "alternatives": ["29", "29", "20"]}, {"date": "2023-05-03-00-00-00", "alternatives": ["29", "29", "20"]}, {"date": "2023-05-03-00-00-00", "alternatives": ["29", "29", "20"]}, {"date": "2023-05-03-00-00-00", "alternatives": ["29", "29", "20"]}, {"date": "2023-05-03-00-00-00", "alternatives": ["29", "29", "20"]}, {"date": "2023-05-03-00-00-00", "alternatives": ["29", "29", "20"]}, {"date": "2023-05-03-00-00-00", "alternatives": ["29", "29", "20"]}]}, {"location": {"country_code": "fr", "region": "Ile-de-France Region", "city": "Paris"}, "game_id": "118849", "values": [{"date": "2023-05-02-11-00-00", "alternatives": ["61", "61", "1135"]}, {"date": "2023-05-02-11-00-00", "alternatives": ["61", "61", "1135"]}, {"date": "2023-05-02-11-00-00", "alternatives": ["61", "61", "1135"]}, {"date": "2023-05-02-11-00-00", "alternatives": ["61", "61", "1135"]}, {"date": "2023-05-02-21-00-00", "alternatives": ["14", "4", "14"]}, {"date": "2023-05-03-01-00-00", "alternatives": ["14", "14", "4"]}]}, {"location": {"country_code": "us", "region": "New Jersey"}, "game_id": "118849", "values": [{"date": "2023-05-03-02-00-00", "alternatives": ["119", "3", "119"]}, {"date": "2023-05-03-02-00-00", "alternatives": ["119", "3", "119"]}, {"date": "2023-05-03-02-00-00", "alternatives": ["119", "3", "119"]}]}, {"location": {"country_code": "mx"}, "game_id": "118849", "values": [{"date": "2023-05-02-08-00-00", "alternatives": ["48", "8", "48"]}, {"date": "2023-05-02-05-00-00", "alternatives": ["43", "43", "3"]}, {"date": "2023-05-02-05-00-00", "alternatives": ["43", "43", "3"]}, {"date": "2023-05-02-05-00-00", "alternatives": ["43", "43", "3"]}]}, {"location": {"country_code": "us", "region": "Ohio"}, "game_id": "118849", "values": [{"date": "2023-05-02-03-00-00", "alternatives": ["13", "13", "1113"]}]}, {"location": {"country_code": "us", "region": "California"}, "game_id": "118849", "values": [{"date": "2023-05-03-01-00-00", "alternatives": ["48", "86", "48"]}, {"date": "2023-05-03-01-00-00", "alternatives": ["48", "86", "48"]}]}, {"location": {"country_code": "br"}, "game_id": "118849", "values": [{"date": "2023-05-02-04-00-00", "alternatives": ["17", "5", "17"]}, {"date": "2023-05-02-19-00-00", "alternatives": ["13", "13", "3"]}, {"date": "2023-05-02-19-00-00", "alternatives": ["13", "13", "3"]}, {"date": "2023-05-02-19-00-00", "alternatives": ["13", "13", "3"]}, {"date": "2023-05-02-19-00-00", "alternatives": ["13", "13", "3"]}, {"date": "2023-05-02-19-00-00", "alternatives": ["13", "13", "3"]}, {"date": "2023-05-03-01-00-00", "alternatives": ["35", "35", "355"]}, {"date": "2023-05-03-01-00-00", "alternatives": ["35", "35", "355"]}, {"date": "2023-05-03-01-00-00", "alternatives": ["35", "35", "355"]}, {"date": "2023-05-02-10-00-00", "alternatives": ["12", "12", "84"]}, {"date": "2023-05-02-10-00-00", "alternatives": ["12", "12", "84"]}, {"date": "2023-05-02-10-00-00", "alternatives": ["12", "12", "84"]}, {"date": "2023-05-02-10-00-00", "alternatives": ["12", "12", "84"]}, {"date": "2023-05-02-10-00-00", "alternatives": ["12", "12", "84"]}, {"date": "2023-05-02-10-00-00", "alternatives": ["12", "12", "84"]}, {"date": "2023-05-02-10-00-00", "alternatives": ["12", "12", "84"]}, {"date": "2023-05-02-22-00-00", "alternatives": ["15", "15", "1"]}, {"date": "2023-05-02-22-00-00", "alternatives": ["15", "15", "1"]}, {"date": "2023-05-02-22-00-00", "alternatives": ["15", "15", "1"]}, {"date": "2023-05-02-22-00-00", "alternatives": ["15", "15", "1"]}, {"date": "2023-05-02-22-00-00", "alternatives": ["15", "15", "1"]}, {"date": "2023-05-02-22-00-00", "alternatives": ["15", "15", "1"]}, {"date": "2023-05-02-22-00-00", "alternatives": ["15", "15", "1"]}, {"date": "2023-05-02-22-00-00", "alternatives": ["15", "15", "1"]}]}, {"location": {"country_code": "br", "region": "Sao Paulo", "city": "Apiai"}, "game_id": "118849", "values": [{"date": "2023-05-02-03-00-00", "alternatives": ["60", "1", "60"]}, {"date": "2023-05-02-07-00-00", "alternatives": ["141", "147", "147"]}, {"date": "2023-05-02-07-00-00", "alternatives": ["141", "147", "147"]}]}, {"location": {"country_code": "se"}, "game_id": "118849", "values": [{"date": "2023-05-03-00-00-00", "alternatives": ["24", "24", "29"]}, {"date": "2023-05-03-00-00-00", "alternatives": ["24", "24", "29"]}, {"date": "2023-05-03-00-00-00", "alternatives": ["24", "24", "29"]}, {"date": "2023-05-03-00-00-00", "alternatives": ["24", "24", "29"]}, {"date": "2023-05-03-00-00-00", "alternatives": ["24", "24", "29"]}, {"date": "2023-05-03-00-00-00", "alternatives": ["24", "24", "29"]}, {"date": "2023-05-03-00-00-00", "alternatives": ["24", "24", "29"]}, {"date": "2023-05-02-14-00-00", "alternatives": ["252", "252", "1515"]}, {"date": "2023-05-02-14-00-00", "alternatives": ["252", "252", "1515"]}]}, {"location": {"country_code": "no"}, "game_id": "118849", "values": [{"date": "2023-05-02-18-00-00", "alternatives": ["30", "30", "0"]}, {"date": "2023-05-02-18-00-00", "alternatives": ["30", "30", "0"]}]}, {"location": {"country_code": "us", "region": "California", "city": "East Los Angeles"}, "game_id": "118849", "values": [{"date": "2023-05-03-02-00-00", "alternatives": ["42", "2", "42"]}, {"date": "2023-05-03-02-00-00", "alternatives": ["42", "2", "42"]}, {"date": "2023-05-03-02-00-00", "alternatives": ["42", "2", "42"]}, {"date": "2023-05-03-00-00-00", "alternatives": ["54", "1", "54"]}, {"date": "2023-05-03-00-00-00", "alternatives": ["54", "1", "54"]}, {"date": "2023-05-03-00-00-00", "alternatives": ["54", "1", "54"]}, {"date": "2023-05-03-00-00-00", "alternatives": ["54", "1", "54"]}, {"date": "2023-05-03-00-00-00", "alternatives": ["54", "1", "54"]}, {"date": "2023-05-03-00-00-00", "alternatives": ["54", "1", "54"]}, {"date": "2023-05-03-00-00-00", "alternatives": ["54", "1", "54"]}, {"date": "2023-05-03-00-00-00", "alternatives": ["54", "1", "54"]}, {"date": "2023-05-03-00-00-00", "alternatives": ["54", "1", "54"]}, {"date": "2023-05-03-00-00-00", "alternatives": ["54", "1", "54"]}, {"date": "2023-05-03-00-00-00", "alternatives": ["54", "1", "54"]}, {"date": "2023-05-03-00-00-00", "alternatives": ["54", "1", "54"]}, {"date": "2023-05-02-06-00-00", "alternatives": ["58", "58", "2"]}]}, {"location": {"country_code": "ec", "region": "Orellana", "city": "Puerto Francisco de Orellana"}, "game_id": "118849", "values": [{"date": "2023-05-02-06-00-00", "alternatives": ["71", "71", "11"]}, {"date": "2023-05-02-06-00-00", "alternatives": ["71", "71", "11"]}, {"date": "2023-05-02-06-00-00", "alternatives": ["71", "71", "11"]}, {"date": "2023-05-02-06-00-00", "alternatives": ["71", "71", "11"]}, {"date": "2023-05-02-06-00-00", "alternatives": ["71", "71", "11"]}]}, {"location": {"country_code": "au"}, "game_id": "118849", "values": [{"date": "2023-05-02-14-00-00", "alternatives": ["5", "5", "1115"]}, {"date": "2023-05-02-14-00-00", "alternatives": ["5", "5", "1115"]}, {"date": "2023-05-02-14-00-00", "alternatives": ["5", "5", "1115"]}, {"date": "2023-05-02-14-00-00", "alternatives": ["5", "5", "1115"]}, {"date": "2023-05-02-05-00-00", "alternatives": ["23", "23", "1115"]}]}, {"location": {"country_code": "au", "region": "Queensland", "city": "Brisbane"}, "game_id": "118849", "values": [{"date": "2023-05-02-11-00-00", "alternatives": ["21", "2", "21"]}, {"date": "2023-05-02-11-00-00", "alternatives": ["21", "2", "21"]}]}, {"location": {"country_code": "au", "region": "Victoria", "city": "Melbourne"}, "game_id": "118849", "values": [{"date": "2023-05-02-15-00-00", "alternatives": ["3", "31", "3"]}, {"date": "2023-05-02-15-00-00", "alternatives": ["3", "31", "3"]}, {"date": "2023-05-02-15-00-00", "alternatives": ["3", "31", "3"]}, {"date": "2023-05-02-15-00-00", "alternatives": ["3", "31", "3"]}, {"date": "2023-05-02-15-00-00", "alternatives": ["3", "31", "3"]}, {"date": "2023-05-02-15-00-00", "alternatives": ["3", "31", "3"]}, {"date": "2023-05-02-15-00-00", "alternatives": ["3", "31", "3"]}, {"date": "2023-05-02-15-00-00", "alternatives": ["3", "31", "3"]}, {"date": "2023-05-02-15-00-00", "alternatives": ["3", "31", "3"]}, {"date": "2023-05-02-15-00-00", "alternatives": ["3", "31", "3"]}, {"date": "2023-05-02-15-00-00", "alternatives": ["3", "31", "3"]}, {"date": "2023-05-02-15-00-00", "alternatives": ["3", "31", "3"]}, {"date": "2023-05-02-15-00-00", "alternatives": ["3", "31", "3"]}]}, {"location": {"country_code": "us", "region": "Texas", "city": "Austin"}, "game_id": "118849", "values": [{"date": "2023-05-02-10-00-00", "alternatives": ["30", "02", "30"]}]}, {"location": {"country_code": "es", "region": "Madrid", "city": "Parla"}, "game_id": "118849", "values": [{"date": "2023-05-03-00-00-00", "alternatives": ["1", "132", "132"]}]}, {"location": {"country_code": "dk"}, "game_id": "118849", "values": [{"date": "2023-05-02-16-00-00", "alternatives": ["24", "2", "24"]}, {"date": "2023-05-02-16-00-00", "alternatives": ["24", "2", "24"]}, {"date": "2023-05-02-16-00-00", "alternatives": ["24", "2", "24"]}, {"date": "2023-05-02-21-00-00", "alternatives": ["9", "9", "19"]}, {"date": "2023-05-02-22-00-00", "alternatives": ["24", "2", "24"]}, {"date": "2023-05-02-22-00-00", "alternatives": ["24", "2", "24"]}, {"date": "2023-05-02-22-00-00", "alternatives": ["24", "2", "24"]}, {"date": "2023-05-02-22-00-00", "alternatives": ["24", "2", "24"]}, {"date": "2023-05-02-22-00-00", "alternatives": ["24", "2", "24"]}, {"date": "2023-05-02-22-00-00", "alternatives": ["24", "2", "24"]}]}, {"location": {"country_code": "tr"}, "game_id": "118849", "values": [{"date": "2023-05-03-02-00-00", "alternatives": ["3", "35", "35"]}, {"date": "2023-05-03-02-00-00", "alternatives": ["3", "35", "35"]}, {"date": "2023-05-03-02-00-00", "alternatives": ["3", "35", "35"]}, {"date": "2023-05-03-02-00-00", "alternatives": ["3", "35", "35"]}, {"date": "2023-05-03-02-00-00", "alternatives": ["3", "35", "35"]}, {"date": "2023-05-03-02-00-00", "alternatives": ["3", "35", "35"]}, {"date": "2023-05-03-02-00-00", "alternatives": ["3", "35", "35"]}, {"date": "2023-05-03-02-00-00", "alternatives": ["3", "35", "35"]}, {"date": "2023-05-03-02-00-00", "alternatives": ["3", "35", "35"]}, {"date": "2023-05-03-02-00-00", "alternatives": ["3", "35", "35"]}, {"date": "2023-05-03-02-00-00", "alternatives": ["3", "35", "35"]}, {"date": "2023-05-03-02-00-00", "alternatives": ["3", "35", "35"]}, {"date": "2023-05-03-02-00-00", "alternatives": ["3", "35", "35"]}, {"date": "2023-05-03-02-00-00", "alternatives": ["3", "35", "35"]}, {"date": "2023-05-03-02-00-00", "alternatives": ["3", "35", "35"]}, {"date": "2023-05-03-02-00-00", "alternatives": ["3", "35", "35"]}, {"date": "2023-05-03-02-00-00", "alternatives": ["3", "35", "35"]}, {"date": "2023-05-03-02-00-00", "alternatives": ["3", "35", "35"]}, {"date": "2023-05-03-02-00-00", "alternatives": ["3", "35", "35"]}, {"date": "2023-05-03-02-00-00", "alternatives": ["3", "35", "35"]}, {"date": "2023-05-03-02-00-00", "alternatives": ["3", "35", "35"]}, {"date": "2023-05-03-02-00-00", "alternatives": ["3", "35", "35"]}, {"date": "2023-05-03-02-00-00", "alternatives": ["3", "35", "35"]}, {"date": "2023-05-02-18-00-00", "alternatives": ["153", "153", "183"]}, {"date": "2023-05-02-19-00-00", "alternatives": ["4", "14", "14"]}, {"date": "2023-05-02-19-00-00", "alternatives": ["4", "14", "14"]}, {"date": "2023-05-02-23-00-00", "alternatives": ["0", "10", "10"]}]}, {"location": {"country_code": "us", "region": "California", "city": "San Francisco"}, "game_id": "118849", "values": [{"date": "2023-05-03-02-00-00", "alternatives": ["56", "56", "2"]}, {"date": "2023-05-03-02-00-00", "alternatives": ["56", "56", "2"]}]}, {"location": {"country_code": "es"}, "game_id": "118849", "values": [{"date": "2023-05-02-21-00-00", "alternatives": ["40", "40", "30"]}, {"date": "2023-05-02-22-00-00", "alternatives": ["19", "61", "19"]}, {"date": "2023-05-02-22-00-00", "alternatives": ["19", "61", "19"]}, {"date": "2023-05-02-22-00-00", "alternatives": ["19", "61", "19"]}, {"date": "2023-05-02-22-00-00", "alternatives": ["19", "61", "19"]}, {"date": "2023-05-02-22-00-00", "alternatives": ["19", "61", "19"]}, {"date": "2023-05-02-13-00-00", "alternatives": ["36", "36", "06"]}, {"date": "2023-05-02-13-00-00", "alternatives": ["36", "36", "06"]}, {"date": "2023-05-02-13-00-00", "alternatives": ["36", "36", "06"]}, {"date": "2023-05-02-13-00-00", "alternatives": ["36", "36", "06"]}, {"date": "2023-05-02-13-00-00", "alternatives": ["36", "36", "06"]}, {"date": "2023-05-02-16-00-00", "alternatives": ["6", "45", "45"]}, {"date": "2023-05-02-16-00-00", "alternatives": ["6", "45", "45"]}, {"date": "2023-05-02-16-00-00", "alternatives": ["6", "45", "45"]}, {"date": "2023-05-02-16-00-00", "alternatives": ["6", "45", "45"]}, {"date": "2023-05-02-16-00-00", "alternatives": ["6", "45", "45"]}, {"date": "2023-05-02-16-00-00", "alternatives": ["2", "42", "42"]}, {"date": "2023-05-02-16-00-00", "alternatives": ["2", "42", "42"]}, {"date": "2023-05-02-16-00-00", "alternatives": ["2", "42", "42"]}, {"date": "2023-05-02-13-00-00", "alternatives": ["35", "35", "134"]}, {"date": "2023-05-02-21-00-00", "alternatives": ["35", "3", "3"]}, {"date": "2023-05-02-21-00-00", "alternatives": ["35", "3", "3"]}, {"date": "2023-05-02-21-00-00", "alternatives": ["35", "3", "3"]}, {"date": "2023-05-02-17-00-00", "alternatives": ["33", "33", "28"]}, {"date": "2023-05-02-17-00-00", "alternatives": ["33", "33", "28"]}, {"date": "2023-05-02-17-00-00", "alternatives": ["33", "33", "28"]}, {"date": "2023-05-02-18-00-00", "alternatives": ["221", "221", "21"]}]}, {"location": {"country_code": "ar"}, "game_id": "118849", "values": [{"date": "2023-05-02-19-00-00", "alternatives": ["32", "32", "5013"]}, {"date": "2023-05-02-19-00-00", "alternatives": ["32", "32", "5013"]}, {"date": "2023-05-03-02-00-00", "alternatives": ["23", "5", "23"]}, {"date": "2023-05-03-02-00-00", "alternatives": ["23", "5", "23"]}, {"date": "2023-05-03-00-00-00", "alternatives": ["34", "34", "33"]}, {"date": "2023-05-03-00-00-00", "alternatives": ["34", "34", "33"]}, {"date": "2023-05-03-00-00-00", "alternatives": ["34", "34", "33"]}, {"date": "2023-05-03-00-00-00", "alternatives": ["34", "34", "33"]}, {"date": "2023-05-03-00-00-00", "alternatives": ["34", "34", "33"]}, {"date": "2023-05-03-00-00-00", "alternatives": ["34", "34", "33"]}, {"date": "2023-05-03-00-00-00", "alternatives": ["34", "34", "33"]}, {"date": "2023-05-02-23-00-00", "alternatives": ["33", "33", "4"]}, {"date": "2023-05-02-08-00-00", "alternatives": ["30", "30", "0"]}, {"date": "2023-05-02-23-00-00", "alternatives": [24, 29, 20, 20, 20]}, {"date": "2023-05-02-17-00-00", "alternatives": ["48", "38", "48"]}, {"date": "2023-05-02-17-00-00", "alternatives": ["48", "38", "48"]}, {"date": "2023-05-02-02-00-00", "alternatives": ["1", "1", "5"]}]}, {"location": {"country_code": "us", "region": "Hawaii"}, "game_id": "118849", "values": [{"date": "2023-05-02-09-00-00", "alternatives": ["99", "99", "9"]}, {"date": "2023-05-02-09-00-00", "alternatives": ["99", "99", "9"]}, {"date": "2023-05-02-09-00-00", "alternatives": ["99", "99", "9"]}]}, {"location": {"country_code": "ar", "region": "Buenos Aires F.D.", "city": "Bahia Blanca"}, "game_id": "118849", "values": [{"date": "2023-05-02-03-00-00", "alternatives": ["28", "1117", "28"]}]}, {"location": {"country_code": "us", "region": "Colorado"}, "game_id": "118849", "values": [{"date": "2023-05-03-01-00-00", "alternatives": ["55", "55", "25"]}, {"date": "2023-05-03-01-00-00", "alternatives": ["55", "55", "25"]}, {"date": "2023-05-03-01-00-00", "alternatives": ["55", "55", "25"]}, {"date": "2023-05-03-01-00-00", "alternatives": ["55", "55", "25"]}, {"date": "2023-05-03-01-00-00", "alternatives": ["55", "55", "25"]}, {"date": "2023-05-03-01-00-00", "alternatives": ["55", "55", "25"]}, {"date": "2023-05-03-01-00-00", "alternatives": ["55", "55", "25"]}, {"date": "2023-05-03-01-00-00", "alternatives": ["55", "55", "25"]}]}, {"location": {"country_code": "us", "region": "Tennessee"}, "game_id": "118849", "values": [{"date": "2023-05-02-03-00-00", "alternatives": ["5", "5", "50"]}, {"date": "2023-05-02-03-00-00", "alternatives": ["5", "5", "50"]}, {"date": "2023-05-02-03-00-00", "alternatives": ["5", "5", "50"]}]}, {"location": {"country_code": "us", "region": "Illinois", "city": "Chicago"}, "game_id": "118849", "values": [{"date": "2023-05-03-01-00-00", "alternatives": ["49", "6", "49"]}, {"date": "2023-05-03-01-00-00", "alternatives": ["49", "6", "49"]}]}, {"location": {"country_code": "mx", "region": "Puebla"}, "game_id": "118849", "values": [{"date": "2023-05-03-02-00-00", "alternatives": ["57", "57", "7"]}, {"date": "2023-05-03-02-00-00", "alternatives": ["57", "57", "7"]}, {"date": "2023-05-03-02-00-00", "alternatives": ["57", "57", "7"]}]}, {"location": {"country_code": "de", "region": "Bavaria"}, "game_id": "118849", "values": [{"date": "2023-05-03-00-00-00", "alternatives": ["11", "111", "11"]}]}, {"location": {"country_code": "co"}, "game_id": "118849", "values": [{"date": "2023-05-02-23-00-00", "alternatives": ["70", "70", "7013"]}, {"date": "2023-05-02-03-00-00", "alternatives": ["65", "3", "65"]}, {"date": "2023-05-02-03-00-00", "alternatives": ["65", "3", "65"]}]}, {"location": {"country_code": "pl"}, "game_id": "118849", "values": [{"date": "2023-05-02-23-00-00", "alternatives": ["49", "6", "49"]}, {"date": "2023-05-02-23-00-00", "alternatives": ["49", "6", "49"]}, {"date": "2023-05-02-23-00-00", "alternatives": ["49", "6", "49"]}, {"date": "2023-05-02-15-00-00", "alternatives": ["39", "39", "103"]}, {"date": "2023-05-03-02-00-00", "alternatives": [38, 38, 38]}, {"date": "2023-05-02-03-00-00", "alternatives": ["34", "341", "34"]}, {"date": "2023-05-02-17-00-00", "alternatives": ["35", "35", "2"]}, {"date": "2023-05-02-17-00-00", "alternatives": ["35", "35", "2"]}, {"date": "2023-05-02-17-00-00", "alternatives": ["35", "35", "2"]}, {"date": "2023-05-02-17-00-00", "alternatives": ["35", "35", "2"]}, {"date": "2023-05-02-17-00-00", "alternatives": ["35", "35", "2"]}]}, {"location": {"country_code": "pl", "region": "Masovian Voivodeship", "city": "Warsaw"}, "game_id": "118849", "values": [{"date": "2023-05-02-23-00-00", "alternatives": ["34", "34", "33"]}, {"date": "2023-05-02-23-00-00", "alternatives": ["34", "34", "33"]}, {"date": "2023-05-02-23-00-00", "alternatives": ["34", "34", "33"]}, {"date": "2023-05-02-23-00-00", "alternatives": ["34", "34", "33"]}]}, {"location": {"country_code": "be"}, "game_id": "118849", "values": [{"date": "2023-05-02-23-00-00", "alternatives": ["27", "287", "27"]}, {"date": "2023-05-02-23-00-00", "alternatives": ["27", "287", "27"]}, {"date": "2023-05-02-23-00-00", "alternatives": ["27", "287", "27"]}, {"date": "2023-05-02-21-00-00", "alternatives": ["3", "3", "23"]}, {"date": "2023-05-02-23-00-00", "alternatives": ["19", "19", "8"]}, {"date": "2023-05-02-23-00-00", "alternatives": ["19", "19", "8"]}, {"date": "2023-05-02-23-00-00", "alternatives": ["19", "19", "8"]}, {"date": "2023-05-02-23-00-00", "alternatives": ["19", "19", "8"]}]}, {"location": {"country_code": "us", "region": "Nevada", "city": "Las Vegas"}, "game_id": "118849", "values": [{"date": "2023-05-02-11-00-00", "alternatives": ["54", "5", "54"]}, {"date": "2023-05-02-18-00-00", "alternatives": ["11", "117", "11"]}, {"date": "2023-05-02-18-00-00", "alternatives": ["11", "117", "11"]}, {"date": "2023-05-02-18-00-00", "alternatives": ["11", "117", "11"]}, {"date": "2023-05-02-18-00-00", "alternatives": ["11", "117", "11"]}, {"date": "2023-05-02-12-00-00", "alternatives": ["51", "51", "21"]}, {"date": "2023-05-02-12-00-00", "alternatives": ["51", "51", "21"]}]}, {"location": {"country_code": "gb", "region": "England", "city": "London"}, "game_id": "118849", "values": [{"date": "2023-05-03-01-00-00", "alternatives": ["22", "22", "2"]}]}, {"location": {"country_code": "pe"}, "game_id": "118849", "values": [{"date": "2023-05-03-00-00-00", "alternatives": ["70", "1", "70"]}, {"date": "2023-05-03-00-00-00", "alternatives": ["70", "1", "70"]}, {"date": "2023-05-03-00-00-00", "alternatives": ["70", "1", "70"]}, {"date": "2023-05-03-00-00-00", "alternatives": ["70", "1", "70"]}]}, {"location": {"country_code": "ua"}, "game_id": "118849", "values": [{"date": "2023-05-02-18-00-00", "alternatives": ["47", "47", "45"]}, {"date": "2023-05-02-18-00-00", "alternatives": ["47", "47", "45"]}, {"date": "2023-05-02-18-00-00", "alternatives": ["47", "47", "45"]}, {"date": "2023-05-02-18-00-00", "alternatives": ["47", "47", "45"]}, {"date": "2023-05-02-18-00-00", "alternatives": ["47", "47", "45"]}, {"date": "2023-05-02-18-00-00", "alternatives": ["47", "47", "45"]}, {"date": "2023-05-02-18-00-00", "alternatives": ["47", "47", "45"]}]}, {"location": {"country_code": "sg"}, "game_id": "118849", "values": [{"date": "2023-05-02-15-00-00", "alternatives": ["11", "111", "11"]}]}, {"location": {"country_code": "tr", "region": "Marmara Bolgesi", "city": "Istanbul"}, "game_id": "118849", "values": [{"date": "2023-05-02-23-00-00", "alternatives": ["42", "42", "492"]}, {"date": "2023-05-02-23-00-00", "alternatives": ["42", "42", "492"]}, {"date": "2023-05-02-18-00-00", "alternatives": ["50", "1", "50"]}, {"date": "2023-05-02-18-00-00", "alternatives": ["50", "1", "50"]}, {"date": "2023-05-02-18-00-00", "alternatives": ["50", "1", "50"]}, {"date": "2023-05-02-18-00-00", "alternatives": ["50", "1", "50"]}]}, {"location": {"country_code": "ca", "region": "Ontario", "city": "Toronto"}, "game_id": "118849", "values": [{"date": "2023-05-02-23-00-00", "alternatives": ["14", "14", "1"]}]}, {"location": {"country_code": "my"}, "game_id": "118849", "values": [{"date": "2023-05-02-22-00-00", "alternatives": ["2", "12", "12"]}, {"date": "2023-05-02-22-00-00", "alternatives": ["2", "12", "12"]}, {"date": "2023-05-02-22-00-00", "alternatives": ["2", "12", "12"]}, {"date": "2023-05-02-22-00-00", "alternatives": ["2", "12", "12"]}]}, {"location": {"country_code": "us", "region": "Illinois"}, "game_id": "118849", "values": [{"date": "2023-05-03-00-00-00", "alternatives": ["34", "34", "5"]}]}, {"location": {"country_code": "us", "region": "Pennsylvania"}, "game_id": "118849", "values": [{"date": "2023-05-02-08-00-00", "alternatives": ["98", "98", "8"]}, {"date": "2023-05-02-08-00-00", "alternatives": ["98", "98", "8"]}]}, {"location": {"country_code": "es", "region": "Galicia", "city": "Santiago de Compostela"}, "game_id": "118849", "values": [{"date": "2023-05-02-22-00-00", "alternatives": ["42", "42", "32"]}, {"date": "2023-05-02-22-00-00", "alternatives": ["42", "42", "32"]}, {"date": "2023-05-02-22-00-00", "alternatives": ["42", "42", "32"]}, {"date": "2023-05-02-22-00-00", "alternatives": ["42", "42", "32"]}, {"date": "2023-05-02-22-00-00", "alternatives": ["42", "42", "32"]}, {"date": "2023-05-02-22-00-00", "alternatives": ["42", "42", "32"]}]}, {"location": {"country_code": "pt"}, "game_id": "118849", "values": [{"date": "2023-05-02-21-00-00", "alternatives": ["42", "42", "4"]}, {"date": "2023-05-02-22-00-00", "alternatives": ["42", "42", "12"]}]}, {"location": {"country_code": "br", "region": "State of Rio de Janeiro", "city": "Angra dos Reis"}, "game_id": "118849", "values": [{"date": "2023-05-02-21-00-00", "alternatives": ["1", "15", "15"]}, {"date": "2023-05-03-01-00-00", "alternatives": ["3", "13", "13"]}, {"date": "2023-05-03-01-00-00", "alternatives": ["3", "13", "13"]}, {"date": "2023-05-03-01-00-00", "alternatives": ["3", "13", "13"]}, {"date": "2023-05-03-01-00-00", "alternatives": ["3", "13", "13"]}, {"date": "2023-05-03-01-00-00", "alternatives": ["3", "13", "13"]}]}, {"location": {"country_code": "us", "region": "Arizona", "city": "Phoenix"}, "game_id": "118849", "values": [{"date": "2023-05-02-23-00-00", "alternatives": ["5", "53", "53"]}]}, {"location": {"country_code": "us", "region": "Georgia", "city": "Atlanta"}, "game_id": "118849", "values": [{"date": "2023-05-02-06-00-00", "alternatives": ["43", "43", "33"]}, {"date": "2023-05-02-06-00-00", "alternatives": ["43", "43", "33"]}]}, {"location": {"country_code": "br", "region": "Ceara", "city": "Itapipoca"}, "game_id": "118849", "values": [{"date": "2023-05-03-00-00-00", "alternatives": ["16", "46", "46"]}, {"date": "2023-05-03-00-00-00", "alternatives": ["16", "46", "46"]}, {"date": "2023-05-03-00-00-00", "alternatives": ["16", "46", "46"]}, {"date": "2023-05-03-00-00-00", "alternatives": ["16", "46", "46"]}, {"date": "2023-05-03-00-00-00", "alternatives": ["16", "46", "46"]}, {"date": "2023-05-03-00-00-00", "alternatives": ["16", "46", "46"]}, {"date": "2023-05-03-00-00-00", "alternatives": ["16", "46", "46"]}, {"date": "2023-05-03-00-00-00", "alternatives": ["16", "46", "46"]}, {"date": "2023-05-03-00-00-00", "alternatives": ["16", "46", "46"]}, {"date": "2023-05-03-00-00-00", "alternatives": ["16", "46", "46"]}, {"date": "2023-05-03-00-00-00", "alternatives": ["16", "46", "46"]}, {"date": "2023-05-03-00-00-00", "alternatives": ["16", "46", "46"]}, {"date": "2023-05-03-00-00-00", "alternatives": ["16", "46", "46"]}, {"date": "2023-05-03-00-00-00", "alternatives": ["16", "46", "46"]}]}, {"location": {"country_code": "lv"}, "game_id": "118849", "values": [{"date": "2023-05-03-02-00-00", "alternatives": ["1", "01", "225"]}, {"date": "2023-05-03-02-00-00", "alternatives": ["1", "01", "225"]}, {"date": "2023-05-02-18-00-00", "alternatives": ["39", "39", "59"]}, {"date": "2023-05-02-18-00-00", "alternatives": ["39", "39", "59"]}, {"date": "2023-05-02-18-00-00", "alternatives": ["39", "39", "59"]}, {"date": "2023-05-02-18-00-00", "alternatives": ["39", "39", "59"]}, {"date": "2023-05-02-18-00-00", "alternatives": ["39", "39", "59"]}]}, {"location": {"country_code": "mx", "region": "Yucatan", "city": "Merida"}, "game_id": "118849", "values": [{"date": "2023-05-02-08-00-00", "alternatives": ["68", "89", "68"]}, {"date": "2023-05-02-08-00-00", "alternatives": ["68", "89", "68"]}, {"date": "2023-05-02-08-00-00", "alternatives": ["68", "89", "68"]}, {"date": "2023-05-02-08-00-00", "alternatives": ["68", "89", "68"]}, {"date": "2023-05-02-08-00-00", "alternatives": ["68", "89", "68"]}, {"date": "2023-05-02-08-00-00", "alternatives": ["68", "89", "68"]}, {"date": "2023-05-02-08-00-00", "alternatives": ["68", "89", "68"]}, {"date": "2023-05-02-08-00-00", "alternatives": ["68", "89", "68"]}]}, {"location": {"country_code": "us", "region": "New York", "city": "Long Island"}, "game_id": "118849", "values": [{"date": "2023-05-02-07-00-00", "alternatives": ["29", "65", "29"]}, {"date": "2023-05-02-07-00-00", "alternatives": ["29", "65", "29"]}, {"date": "2023-05-02-07-00-00", "alternatives": ["29", "65", "29"]}, {"date": "2023-05-02-07-00-00", "alternatives": ["29", "65", "29"]}]}, {"location": {"country_code": "mx", "region": "Sonora"}, "game_id": "118849", "values": [{"date": "2023-05-02-06-00-00", "alternatives": ["70", "0", "0"]}, {"date": "2023-05-02-06-00-00", "alternatives": ["70", "0", "0"]}]}, {"location": {"country_code": "ht"}, "game_id": "118849", "values": [{"date": "2023-05-02-18-00-00", "alternatives": ["158", "150", "158"]}, {"date": "2023-05-02-18-00-00", "alternatives": ["158", "150", "158"]}, {"date": "2023-05-02-18-00-00", "alternatives": ["158", "150", "158"]}, {"date": "2023-05-02-18-00-00", "alternatives": ["158", "150", "158"]}]}, {"location": {"country_code": "br", "region": "Parana", "city": "Foz do Iguacu"}, "game_id": "118849", "values": [{"date": "2023-05-03-01-00-00", "alternatives": ["12", "2", "12"]}]}, {"location": {"country_code": "bg"}, "game_id": "118849", "values": [{"date": "2023-05-02-21-00-00", "alternatives": ["0", "40", "40"]}, {"date": "2023-05-02-21-00-00", "alternatives": ["0", "40", "40"]}, {"date": "2023-05-02-21-00-00", "alternatives": ["0", "40", "40"]}, {"date": "2023-05-02-21-00-00", "alternatives": ["0", "40", "40"]}, {"date": "2023-05-02-21-00-00", "alternatives": ["0", "40", "40"]}, {"date": "2023-05-02-21-00-00", "alternatives": ["0", "40", "40"]}]}, {"location": {"country_code": "br", "region": "Sao Paulo", "city": "Santo Andre"}, "game_id": "118849", "values": [{"date": "2023-05-02-03-00-00", "alternatives": ["8", "3", "8"]}, {"date": "2023-05-02-03-00-00", "alternatives": ["8", "3", "8"]}]}, {"location": {"country_code": "br", "region": "Sao Paulo", "city": "Santa Cruz das Palmeiras"}, "game_id": "118849", "values": [{"date": "2023-05-02-08-00-00", "alternatives": ["10", "100", "100"]}, {"date": "2023-05-02-08-00-00", "alternatives": ["10", "100", "100"]}, {"date": "2023-05-02-08-00-00", "alternatives": ["10", "100", "100"]}, {"date": "2023-05-02-08-00-00", "alternatives": ["10", "100", "100"]}, {"date": "2023-05-02-08-00-00", "alternatives": ["10", "100", "100"]}, {"date": "2023-05-02-08-00-00", "alternatives": ["10", "100", "100"]}]}, {"location": {"country_code": "es", "region": "Andalusia"}, "game_id": "118849", "values": [{"date": "2023-05-03-00-00-00", "alternatives": ["5", "45", "45"]}]}, {"location": {"country_code": "fr", "region": "Pays de la Loire Region", "city": "Nantes"}, "game_id": "118849", "values": [{"date": "2023-05-02-21-00-00", "alternatives": ["17", "17", "13"]}]}, {"location": {"country_code": "ro", "region": "Bucharest"}, "game_id": "118849", "values": [{"date": "2023-05-02-11-00-00", "alternatives": ["40", "4", "40"]}]}, {"location": {"country_code": "pt", "region": "Northern Mariana Islands", "city": "Porto"}, "game_id": "118849", "values": [{"date": "2023-05-03-00-00-00", "alternatives": ["0", "39", "39"]}, {"date": "2023-05-03-00-00-00", "alternatives": ["0", "39", "39"]}, {"date": "2023-05-03-00-00-00", "alternatives": ["0", "39", "39"]}]}, {"location": {"country_code": "br", "region": "Parana", "city": "Umuarama"}, "game_id": "118849", "values": [{"date": "2023-05-02-10-00-00", "alternatives": ["0", "20", "20"]}]}, {"location": {"country_code": "ar", "region": "Buenos Aires", "city": "La Plata"}, "game_id": "118849", "values": [{"date": "2023-05-03-02-00-00", "alternatives": ["24", "2", "24"]}, {"date": "2023-05-03-02-00-00", "alternatives": ["24", "2", "24"]}]}, {"location": {"country_code": "ar", "region": "Buenos Aires"}, "game_id": "118849", "values": [{"date": "2023-05-02-02-00-00", "alternatives": ["39", "6", "39"]}]}, {"location": {"country_code": "us", "region": "New York"}, "game_id": "118849", "values": [{"date": "2023-05-03-02-00-00", "alternatives": ["23", "23", "2"]}, {"date": "2023-05-03-02-00-00", "alternatives": ["23", "23", "2"]}, {"date": "2023-05-03-02-00-00", "alternatives": ["23", "23", "2"]}]}, {"location": {"country_code": "ve", "region": "Distrito Federal", "city": "Caracas"}, "game_id": "118849", "values": [{"date": "2023-05-02-02-00-00", "alternatives": ["43", "43", "33"]}]}, {"location": {"country_code": "fr", "region": "Alsazia-Champagne-Ardenne-Lorena", "city": "Strasbourg"}, "game_id": "118849", "values": [{"date": "2023-05-02-20-00-00", "alternatives": ["19", "61", "19"]}, {"date": "2023-05-02-20-00-00", "alternatives": ["19", "61", "19"]}, {"date": "2023-05-02-20-00-00", "alternatives": ["19", "61", "19"]}, {"date": "2023-05-02-20-00-00", "alternatives": ["19", "61", "19"]}, {"date": "2023-05-02-20-00-00", "alternatives": ["19", "61", "19"]}]}, {"location": {"country_code": "pl", "region": "Lublin Voivodeship", "city": "Lublin"}, "game_id": "118849", "values": [{"date": "2023-05-02-17-00-00", "alternatives": ["31", "91", "31"]}, {"date": "2023-05-02-17-00-00", "alternatives": ["31", "91", "31"]}, {"date": "2023-05-02-17-00-00", "alternatives": ["31", "91", "31"]}, {"date": "2023-05-02-17-00-00", "alternatives": ["31", "91", "31"]}, {"date": "2023-05-02-17-00-00", "alternatives": ["31", "91", "31"]}, {"date": "2023-05-02-17-00-00", "alternatives": ["31", "91", "31"]}, {"date": "2023-05-02-17-00-00", "alternatives": ["31", "91", "31"]}]}, {"location": {"country_code": "fr", "region": "Aquitania-Limosino-Poitou-Charentes", "city": "Bordeaux"}, "game_id": "118849", "values": [{"date": "2023-05-02-16-00-00", "alternatives": ["21", "2", "21"]}]}, {"location": {"country_code": "mx", "region": "Baja California", "city": "Mexicali"}, "game_id": "118849", "values": [{"date": "2023-05-02-04-00-00", "alternatives": ["84", "84", "34"]}, {"date": "2023-05-02-04-00-00", "alternatives": ["84", "84", "34"]}, {"date": "2023-05-02-04-00-00", "alternatives": ["84", "84", "34"]}, {"date": "2023-05-02-04-00-00", "alternatives": ["84", "84", "34"]}, {"date": "2023-05-02-04-00-00", "alternatives": ["84", "84", "34"]}, {"date": "2023-05-02-04-00-00", "alternatives": ["84", "84", "34"]}, {"date": "2023-05-02-04-00-00", "alternatives": ["84", "84", "34"]}, {"date": "2023-05-02-04-00-00", "alternatives": ["84", "84", "34"]}]}, {"location": {"country_code": "co", "region": "Antioquia", "city": "Medellin"}, "game_id": "118849", "values": [{"date": "2023-05-03-01-00-00", "alternatives": ["56", "561", "56"]}, {"date": "2023-05-03-01-00-00", "alternatives": ["56", "561", "56"]}]}, {"location": {"country_code": "gb", "region": "Northern Ireland", "city": "Belfast"}, "game_id": "118849", "values": [{"date": "2023-05-03-01-00-00", "alternatives": ["41", "41", "341"]}, {"date": "2023-05-03-01-00-00", "alternatives": ["41", "41", "341"]}, {"date": "2023-05-03-01-00-00", "alternatives": ["41", "41", "341"]}, {"date": "2023-05-03-01-00-00", "alternatives": ["41", "41", "341"]}, {"date": "2023-05-03-01-00-00", "alternatives": ["41", "41", "341"]}, {"date": "2023-05-03-01-00-00", "alternatives": ["41", "41", "341"]}, {"date": "2023-05-03-01-00-00", "alternatives": ["41", "41", "341"]}, {"date": "2023-05-03-01-00-00", "alternatives": ["41", "41", "341"]}, {"date": "2023-05-03-01-00-00", "alternatives": ["41", "41", "341"]}, {"date": "2023-05-03-01-00-00", "alternatives": ["41", "41", "341"]}, {"date": "2023-05-03-01-00-00", "alternatives": ["41", "41", "341"]}, {"date": "2023-05-03-01-00-00", "alternatives": ["41", "41", "341"]}, {"date": "2023-05-03-01-00-00", "alternatives": ["41", "41", "341"]}, {"date": "2023-05-03-01-00-00", "alternatives": ["41", "41", "341"]}, {"date": "2023-05-03-01-00-00", "alternatives": ["41", "41", "341"]}]}, {"location": {"country_code": "br", "region": "State of Rio de Janeiro", "city": "Araruama"}, "game_id": "118849", "values": [{"date": "2023-05-02-02-00-00", "alternatives": ["14", "14", "1"]}, {"date": "2023-05-02-02-00-00", "alternatives": ["14", "14", "1"]}]}, {"location": {"country_code": "ar", "region": "Salta Province"}, "game_id": "118849", "values": [{"date": "2023-05-02-16-00-00", "alternatives": ["47", "7", "47"]}]}, {"location": {"country_code": "vn", "region": "Ho Chi Minh City"}, "game_id": "118849", "values": [{"date": "2023-05-03-01-00-00", "alternatives": ["239", "627", "239"]}, {"date": "2023-05-03-01-00-00", "alternatives": ["239", "627", "239"]}, {"date": "2023-05-03-01-00-00", "alternatives": ["239", "627", "239"]}, {"date": "2023-05-03-01-00-00", "alternatives": ["239", "627", "239"]}]}, {"location": {"country_code": "gr", "region": "Samothrace", "city": "Thessaloniki"}, "game_id": "118849", "values": [{"date": "2023-05-02-08-00-00", "alternatives": ["71", "71", "1"]}, {"date": "2023-05-02-08-00-00", "alternatives": ["71", "71", "1"]}, {"date": "2023-05-02-08-00-00", "alternatives": ["71", "71", "1"]}, {"date": "2023-05-02-08-00-00", "alternatives": ["71", "71", "1"]}, {"date": "2023-05-02-08-00-00", "alternatives": ["71", "71", "1"]}, {"date": "2023-05-02-23-00-00", "alternatives": ["20", "120", "120"]}, {"date": "2023-05-02-23-00-00", "alternatives": ["20", "120", "120"]}, {"date": "2023-05-02-23-00-00", "alternatives": ["20", "120", "120"]}]}, {"location": {"country_code": "br", "region": "State of Rio de Janeiro", "city": "Nova Iguacu"}, "game_id": "118849", "values": [{"date": "2023-05-02-03-00-00", "alternatives": ["22", "1", "22"]}, {"date": "2023-05-02-03-00-00", "alternatives": ["22", "1", "22"]}, {"date": "2023-05-02-03-00-00", "alternatives": ["22", "1", "22"]}]}, {"location": {"country_code": "br", "region": "Rio Grande do Norte"}, "game_id": "118849", "values": [{"date": "2023-05-02-02-00-00", "alternatives": ["52", "52", "2"]}]}, {"location": {"country_code": "fr", "region": "Provence-Alpes-Cote d'Azur Region", "city": "Toulon"}, "game_id": "118849", "values": [{"date": "2023-05-02-22-00-00", "alternatives": ["26", "26", "20"]}, {"date": "2023-05-02-22-00-00", "alternatives": ["26", "26", "20"]}]}, {"location": {"country_code": "de", "region": "Saxony", "city": "Chemnitz"}, "game_id": "118849", "values": [{"date": "2023-05-02-21-00-00", "alternatives": ["0", "10", "10"]}, {"date": "2023-05-02-21-00-00", "alternatives": ["0", "10", "10"]}, {"date": "2023-05-02-21-00-00", "alternatives": ["0", "10", "10"]}, {"date": "2023-05-02-21-00-00", "alternatives": ["0", "10", "10"]}, {"date": "2023-05-02-21-00-00", "alternatives": ["0", "10", "10"]}, {"date": "2023-05-02-21-00-00", "alternatives": ["0", "10", "10"]}, {"date": "2023-05-02-21-00-00", "alternatives": ["0", "10", "10"]}, {"date": "2023-05-02-21-00-00", "alternatives": ["0", "10", "10"]}, {"date": "2023-05-02-21-00-00", "alternatives": ["0", "10", "10"]}, {"date": "2023-05-02-21-00-00", "alternatives": ["0", "10", "10"]}, {"date": "2023-05-02-21-00-00", "alternatives": ["0", "10", "10"]}, {"date": "2023-05-02-21-00-00", "alternatives": ["0", "10", "10"]}, {"date": "2023-05-02-21-00-00", "alternatives": ["0", "10", "10"]}, {"date": "2023-05-02-21-00-00", "alternatives": ["0", "10", "10"]}, {"date": "2023-05-02-21-00-00", "alternatives": ["0", "10", "10"]}, {"date": "2023-05-02-21-00-00", "alternatives": ["0", "10", "10"]}]}, {"location": {"country_code": "mx", "region": "Sinaloa"}, "game_id": "118849", "values": [{"date": "2023-05-02-02-00-00", "alternatives": ["75", "75", "5"]}, {"date": "2023-05-02-02-00-00", "alternatives": ["75", "75", "5"]}, {"date": "2023-05-02-02-00-00", "alternatives": ["75", "75", "5"]}, {"date": "2023-05-02-02-00-00", "alternatives": ["75", "75", "5"]}, {"date": "2023-05-02-02-00-00", "alternatives": ["75", "75", "5"]}]}, {"location": {"country_code": "ca", "region": "Ontario", "city": "Mississauga"}, "game_id": "118849", "values": [{"date": "2023-05-02-04-00-00", "alternatives": ["32", "321", "32"]}, {"date": "2023-05-02-04-00-00", "alternatives": ["32", "321", "32"]}]}, {"location": {"country_code": "us", "region": "Alabama", "city": "Montgomery"}, "game_id": "118849", "values": [{"date": "2023-05-02-05-00-00", "alternatives": ["56", "56", "50"]}, {"date": "2023-05-02-05-00-00", "alternatives": ["56", "56", "50"]}, {"date": "2023-05-02-05-00-00", "alternatives": ["56", "56", "50"]}]}, {"location": {"country_code": "br", "region": "Mato Grosso"}, "game_id": "118849", "values": [{"date": "2023-05-02-17-00-00", "alternatives": ["0", "30", "0"]}, {"date": "2023-05-02-17-00-00", "alternatives": ["0", "30", "0"]}]}, {"location": {"country_code": "fr", "region": "Alsazia-Champagne-Ardenne-Lorena", "city": "Troyes"}, "game_id": "118849", "values": [{"date": "2023-05-03-01-00-00", "alternatives": ["14", "14", "12"]}, {"date": "2023-05-03-01-00-00", "alternatives": ["14", "14", "12"]}, {"date": "2023-05-03-01-00-00", "alternatives": ["14", "14", "12"]}]}, {"location": {"country_code": "us", "region": "California", "city": "Livingston"}, "game_id": "118849", "values": [{"date": "2023-05-02-22-00-00", "alternatives": ["78", "8", "78"]}, {"date": "2023-05-02-22-00-00", "alternatives": ["78", "8", "78"]}]}, {"location": {"country_code": "br", "region": "Rio Grande do Norte", "city": "Caico"}, "game_id": "118849", "values": [{"date": "2023-05-03-00-00-00", "alternatives": ["54", "4", "54"]}]}, {"location": {"country_code": "uy", "region": "Cerro Largo Department"}, "game_id": "118849", "values": [{"date": "2023-05-03-00-00-00", "alternatives": ["39", "39", "60"]}]}, {"location": {"country_code": "br", "region": "Santa Catarina", "city": "Balneario Gaivota"}, "game_id": "118849", "values": [{"date": "2023-05-03-01-00-00", "alternatives": ["16", "1", "16"]}]}, {"location": {"country_code": "ru", "region": "Orenburg Oblast", "city": "Orsk"}, "game_id": "118849", "values": [{"date": "2023-05-02-16-00-00", "alternatives": ["2", "02", "52"]}, {"date": "2023-05-02-16-00-00", "alternatives": ["2", "02", "52"]}, {"date": "2023-05-02-16-00-00", "alternatives": ["2", "02", "52"]}, {"date": "2023-05-02-16-00-00", "alternatives": ["2", "02", "52"]}]}, {"location": {"country_code": "us", "region": "Massachusetts", "city": "Millbury"}, "game_id": "118849", "values": [{"date": "2023-05-02-23-00-00", "alternatives": ["26", "26", "20"]}, {"date": "2023-05-02-23-00-00", "alternatives": ["26", "26", "20"]}, {"date": "2023-05-02-23-00-00", "alternatives": ["26", "26", "20"]}, {"date": "2023-05-02-23-00-00", "alternatives": ["26", "26", "20"]}, {"date": "2023-05-02-23-00-00", "alternatives": ["26", "26", "20"]}, {"date": "2023-05-02-23-00-00", "alternatives": ["26", "26", "20"]}, {"date": "2023-05-02-23-00-00", "alternatives": ["26", "26", "20"]}]}, {"location": {"country_code": "eg", "region": "Sohag Governorate"}, "game_id": "118849", "values": [{"date": "2023-05-02-14-00-00", "alternatives": ["1", "115", "115"]}, {"date": "2023-05-02-14-00-00", "alternatives": ["1", "115", "115"]}, {"date": "2023-05-02-14-00-00", "alternatives": ["1", "115", "115"]}, {"date": "2023-05-02-14-00-00", "alternatives": ["1", "115", "115"]}, {"date": "2023-05-02-14-00-00", "alternatives": ["1", "115", "115"]}, {"date": "2023-05-02-14-00-00", "alternatives": ["1", "115", "115"]}, {"date": "2023-05-02-14-00-00", "alternatives": ["1", "115", "115"]}, {"date": "2023-05-02-14-00-00", "alternatives": ["1", "115", "115"]}, {"date": "2023-05-02-14-00-00", "alternatives": ["1", "115", "115"]}, {"date": "2023-05-02-14-00-00", "alternatives": ["1", "115", "115"]}, {"date": "2023-05-02-14-00-00", "alternatives": ["1", "115", "115"]}, {"date": "2023-05-02-14-00-00", "alternatives": ["1", "115", "115"]}]}, {"location": {"country_code": "lt", "region": "Panevezys"}, "game_id": "118849", "values": [{"date": "2023-05-03-00-00-00", "alternatives": ["41", "41", "1"]}, {"date": "2023-05-03-00-00-00", "alternatives": ["41", "41", "1"]}, {"date": "2023-05-03-00-00-00", "alternatives": ["41", "41", "1"]}, {"date": "2023-05-03-00-00-00", "alternatives": ["41", "41", "1"]}, {"date": "2023-05-03-00-00-00", "alternatives": ["41", "41", "1"]}, {"date": "2023-05-03-00-00-00", "alternatives": ["41", "41", "1"]}]}, {"location": {"country_code": "de", "region": "Schleswig-Holstein", "city": "Tasdorf"}, "game_id": "118849", "values": [{"date": "2023-05-02-22-00-00", "alternatives": ["13", "13", "15"]}, {"date": "2023-05-02-22-00-00", "alternatives": ["13", "13", "15"]}]}], "last_updated": 1719918444.142871}