{"data": [{"location": {"country_code": "us"}, "game_id": "135305", "values": [{"date": "2022-05-02-04-00-00", "latency": 163}, {"date": "2022-05-02-04-00-00", "latency": 163}, {"date": "2022-05-02-04-00-00", "latency": 163}, {"date": "2022-05-02-04-00-00", "latency": 163}, {"date": "2022-05-02-04-00-00", "latency": 163}, {"date": "2022-05-02-04-00-00", "latency": 163}, {"date": "2022-05-02-07-00-00", "latency": 87}, {"date": "2022-05-03-02-00-00", "latency": 73}]}, {"location": {"country_code": "gb"}, "game_id": "135305", "values": [{"date": "2022-05-02-03-00-00", "latency": 96}, {"date": "2022-05-02-03-00-00", "latency": 96}, {"date": "2022-05-02-03-00-00", "latency": 96}, {"date": "2022-05-02-03-00-00", "latency": 96}, {"date": "2022-05-02-19-00-00", "latency": 40}]}, {"location": {"country_code": "ca"}, "game_id": "135305", "values": [{"date": "2022-05-02-04-00-00", "latency": 116}, {"date": "2022-05-02-04-00-00", "latency": 116}]}, {"location": {"country_code": "gb", "region": "England", "city": "Middlesbrough"}, "game_id": "135305", "values": [{"date": "2022-05-02-20-00-00", "latency": 118}]}, {"location": {"country_code": "us", "region": "Texas"}, "game_id": "135305", "values": [{"date": "2022-05-02-04-00-00", "latency": 530}]}, {"location": {"country_code": "au", "region": "New South Wales", "city": "Sydney"}, "game_id": "135305", "values": [{"date": "2022-05-02-12-00-00", "latency": 154}, {"date": "2022-05-02-12-00-00", "latency": 154}]}, {"location": {"country_code": "ph"}, "game_id": "135305", "values": [{"date": "2022-05-02-06-00-00", "latency": 130}, {"date": "2022-05-02-06-00-00", "latency": 130}, {"date": "2022-05-02-06-00-00", "latency": 130}, {"date": "2022-05-02-17-00-00", "latency": 120}, {"date": "2022-05-02-17-00-00", "latency": 120}, {"date": "2022-05-02-17-00-00", "latency": 120}]}, {"location": {"country_code": "mx"}, "game_id": "135305", "values": [{"date": "2022-05-03-02-00-00", "latency": 162}, {"date": "2022-05-03-02-00-00", "latency": 162}]}, {"location": {"country_code": "br"}, "game_id": "135305", "values": [{"date": "2022-05-03-02-00-00", "latency": 203}]}, {"location": {"country_code": "br", "region": "Sao Paulo", "city": "Apiai"}, "game_id": "135305", "values": [{"date": "2022-05-03-02-00-00", "latency": 150}, {"date": "2022-05-03-02-00-00", "latency": 150}, {"date": "2022-05-03-00-00-00", "latency": 62}]}, {"location": {"country_code": "au", "region": "Victoria", "city": "Melbourne"}, "game_id": "135305", "values": [{"date": "2022-05-02-15-00-00", "latency": 189}, {"date": "2022-05-02-15-00-00", "latency": 189}, {"date": "2022-05-02-15-00-00", "latency": 189}]}, {"location": {"country_code": "tr"}, "game_id": "135305", "values": [{"date": "2022-05-02-05-00-00", "latency": 107}]}, {"location": {"country_code": "fi"}, "game_id": "135305", "values": [{"date": "2022-05-02-15-00-00", "latency": 92}]}, {"location": {"country_code": "br", "region": "Estado de Bahia", "city": "Salvador"}, "game_id": "135305", "values": [{"date": "2022-05-03-01-00-00", "latency": 251}, {"date": "2022-05-03-01-00-00", "latency": 251}, {"date": "2022-05-03-01-00-00", "latency": 251}, {"date": "2022-05-03-01-00-00", "latency": 251}]}, {"location": {"country_code": "es", "region": "Catalonia", "city": "l'Hospitalet de Llobregat"}, "game_id": "135305", "values": [{"date": "2022-05-03-00-00-00", "latency": 58}, {"date": "2022-05-03-00-00-00", "latency": 58}]}, {"location": {"country_code": "cr"}, "game_id": "135305", "values": [{"date": "2022-05-02-05-00-00", "latency": 125}, {"date": "2022-05-02-05-00-00", "latency": 125}]}, {"location": {"country_code": "pe"}, "game_id": "135305", "values": [{"date": "2022-05-02-18-00-00", "latency": 177}]}, {"location": {"country_code": "sg"}, "game_id": "135305", "values": [{"date": "2022-05-02-17-00-00", "latency": 124}]}, {"location": {"country_code": "ca", "region": "Ontario", "city": "Toronto"}, "game_id": "135305", "values": [{"date": "2022-05-02-13-00-00", "latency": 212}, {"date": "2022-05-02-13-00-00", "latency": 212}, {"date": "2022-05-02-13-00-00", "latency": 212}, {"date": "2022-05-02-13-00-00", "latency": 212}]}, {"location": {"country_code": "us", "region": "Illinois"}, "game_id": "135305", "values": [{"date": "2022-05-02-17-00-00", "latency": 90}, {"date": "2022-05-02-17-00-00", "latency": 90}, {"date": "2022-05-02-17-00-00", "latency": 90}, {"date": "2022-05-02-17-00-00", "latency": 90}, {"date": "2022-05-02-17-00-00", "latency": 90}]}, {"location": {"country_code": "br", "region": "State of Rio de Janeiro", "city": "Angra dos Reis"}, "game_id": "135305", "values": [{"date": "2022-05-03-02-00-00", "latency": 164}]}, {"location": {"country_code": "sv"}, "game_id": "135305", "values": [{"date": "2022-05-02-20-00-00", "latency": 136}]}, {"location": {"country_code": "by"}, "game_id": "135305", "values": [{"date": "2022-05-02-23-00-00", "latency": 52}]}, {"location": {"country_code": "br", "region": "Mato Grosso do Sul", "city": "Campo Grande"}, "game_id": "135305", "values": [{"date": "2022-05-03-01-00-00", "latency": 76}, {"date": "2022-05-03-01-00-00", "latency": 76}]}, {"location": {"country_code": "za", "region": "Western Cape", "city": "Cape Town"}, "game_id": "135305", "values": [{"date": "2022-05-02-17-00-00", "latency": 281}, {"date": "2022-05-02-17-00-00", "latency": 281}, {"date": "2022-05-02-17-00-00", "latency": 281}]}, {"location": {"country_code": "gb", "region": "England", "city": "Sheffield"}, "game_id": "135305", "values": [{"date": "2022-05-02-17-00-00", "latency": 261}, {"date": "2022-05-02-17-00-00", "latency": 261}, {"date": "2022-05-02-17-00-00", "latency": 261}, {"date": "2022-05-02-17-00-00", "latency": 261}]}, {"location": {"country_code": "us", "region": "Nevada"}, "game_id": "135305", "values": [{"date": "2022-05-02-05-00-00", "latency": 117}]}, {"location": {"country_code": "us", "region": "Colorado", "city": "Colorado Springs"}, "game_id": "135305", "values": [{"date": "2022-05-02-22-00-00", "latency": 74}]}, {"location": {"country_code": "be", "region": "Brussels Capital", "city": "Brussels"}, "game_id": "135305", "values": [{"date": "2022-05-02-10-00-00", "latency": 60}, {"date": "2022-05-02-10-00-00", "latency": 60}]}, {"location": {"country_code": "au", "region": "Western Australia"}, "game_id": "135305", "values": [{"date": "2022-05-02-15-00-00", "latency": 267}]}, {"location": {"country_code": "th", "region": "Chiang Mai", "city": "Chiang Mai"}, "game_id": "135305", "values": [{"date": "2022-05-02-21-00-00", "latency": 125}]}, {"location": {"country_code": "ph", "region": "Samar", "city": "Bahay"}, "game_id": "135305", "values": [{"date": "2022-05-02-11-00-00", "latency": 251}]}], "last_updated": 1719927536.87491}