{"data": [{"location": {"country_code": "us"}, "game_id": "461764", "values": [{"date": "2024-06-05-01-00-00", "latency": "38"}, {"date": "2024-06-05-01-00-00", "latency": "38"}, {"date": "2024-06-05-01-00-00", "latency": "38"}, {"date": "2024-06-05-01-00-00", "latency": "38"}, {"date": "2024-06-05-01-00-00", "latency": "38"}, {"date": "2024-06-05-01-00-00", "latency": "38"}, {"date": "2024-06-05-01-00-00", "latency": "38"}, {"date": "2024-06-04-11-00-00", "latency": "34"}, {"date": "2024-06-04-11-00-00", "latency": "34"}, {"date": "2024-06-04-11-00-00", "latency": "34"}, {"date": "2024-06-04-11-00-00", "latency": "34"}, {"date": "2024-06-04-11-00-00", "latency": "34"}, {"date": "2024-06-04-11-00-00", "latency": "34"}, {"date": "2024-06-04-11-00-00", "latency": "34"}, {"date": "2024-06-04-11-00-00", "latency": "34"}, {"date": "2024-06-04-11-00-00", "latency": "34"}, {"date": "2024-06-04-11-00-00", "latency": "34"}, {"date": "2024-06-04-11-00-00", "latency": "34"}, {"date": "2024-06-04-11-00-00", "latency": "34"}, {"date": "2024-06-04-11-00-00", "latency": "34"}, {"date": "2024-06-04-11-00-00", "latency": "34"}, {"date": "2024-06-04-11-00-00", "latency": "34"}, {"date": "2024-06-04-11-00-00", "latency": "34"}, {"date": "2024-06-04-11-00-00", "latency": "34"}, {"date": "2024-06-04-11-00-00", "latency": "34"}, {"date": "2024-06-04-11-00-00", "latency": "34"}, {"date": "2024-06-04-11-00-00", "latency": "34"}, {"date": "2024-06-04-11-00-00", "latency": "34"}, {"date": "2024-06-04-11-00-00", "latency": "34"}, {"date": "2024-06-04-11-00-00", "latency": "34"}, {"date": "2024-06-04-11-00-00", "latency": "34"}, {"date": "2024-06-04-11-00-00", "latency": "34"}]}, {"location": {"country_code": "us", "region": "Georgia", "city": "Atlanta"}, "game_id": "461764", "values": [{"date": "2024-06-04-06-00-00", "latency": "35"}, {"date": "2024-06-04-06-00-00", "latency": "35"}, {"date": "2024-06-04-06-00-00", "latency": "35"}, {"date": "2024-06-04-06-00-00", "latency": "35"}]}, {"location": {"country_code": "gb"}, "game_id": "461764", "values": [{"date": "2024-06-05-01-00-00", "latency": "35"}, {"date": "2024-06-05-01-00-00", "latency": "35"}, {"date": "2024-06-05-01-00-00", "latency": "35"}, {"date": "2024-06-05-01-00-00", "latency": "35"}, {"date": "2024-06-05-01-00-00", "latency": "35"}, {"date": "2024-06-05-01-00-00", "latency": "35"}, {"date": "2024-06-05-01-00-00", "latency": "35"}, {"date": "2024-06-05-01-00-00", "latency": "35"}, {"date": "2024-06-05-01-00-00", "latency": "35"}, {"date": "2024-06-05-01-00-00", "latency": "35"}, {"date": "2024-06-05-01-00-00", "latency": "35"}, {"date": "2024-06-05-01-00-00", "latency": "35"}, {"date": "2024-06-05-01-00-00", "latency": "35"}, {"date": "2024-06-05-01-00-00", "latency": "35"}, {"date": "2024-06-05-01-00-00", "latency": "35"}, {"date": "2024-06-05-01-00-00", "latency": "35"}, {"date": "2024-06-05-01-00-00", "latency": "35"}, {"date": "2024-06-05-01-00-00", "latency": "35"}, {"date": "2024-06-05-01-00-00", "latency": "35"}, {"date": "2024-06-05-01-00-00", "latency": "35"}, {"date": "2024-06-05-01-00-00", "latency": "35"}, {"date": "2024-06-05-01-00-00", "latency": "35"}, {"date": "2024-06-05-01-00-00", "latency": "35"}, {"date": "2024-06-05-01-00-00", "latency": "35"}, {"date": "2024-06-04-20-00-00", "latency": "31"}, {"date": "2024-06-04-20-00-00", "latency": "31"}, {"date": "2024-06-04-20-00-00", "latency": "31"}, {"date": "2024-06-04-20-00-00", "latency": "31"}, {"date": "2024-06-04-20-00-00", "latency": "31"}, {"date": "2024-06-04-20-00-00", "latency": "31"}, {"date": "2024-06-04-20-00-00", "latency": "31"}, {"date": "2024-06-04-20-00-00", "latency": "31"}, {"date": "2024-06-04-20-00-00", "latency": "31"}, {"date": "2024-06-04-20-00-00", "latency": "31"}, {"date": "2024-06-04-20-00-00", "latency": "31"}, {"date": "2024-06-04-20-00-00", "latency": "31"}, {"date": "2024-06-04-20-00-00", "latency": "31"}, {"date": "2024-06-04-23-00-00", "latency": "35"}, {"date": "2024-06-04-23-00-00", "latency": "35"}, {"date": "2024-06-04-23-00-00", "latency": "35"}, {"date": "2024-06-04-23-00-00", "latency": "35"}, {"date": "2024-06-04-23-00-00", "latency": "35"}, {"date": "2024-06-04-23-00-00", "latency": "35"}, {"date": "2024-06-04-23-00-00", "latency": "35"}, {"date": "2024-06-04-23-00-00", "latency": "35"}]}, {"location": {"country_code": "gr"}, "game_id": "461764", "values": [{"date": "2024-06-04-19-00-00", "latency": "33"}, {"date": "2024-06-04-19-00-00", "latency": "33"}, {"date": "2024-06-04-19-00-00", "latency": "33"}, {"date": "2024-06-04-19-00-00", "latency": "33"}, {"date": "2024-06-04-19-00-00", "latency": "33"}, {"date": "2024-06-04-19-00-00", "latency": "33"}, {"date": "2024-06-04-19-00-00", "latency": "33"}, {"date": "2024-06-04-19-00-00", "latency": "33"}, {"date": "2024-06-04-19-00-00", "latency": "33"}, {"date": "2024-06-04-19-00-00", "latency": "33"}, {"date": "2024-06-04-19-00-00", "latency": "33"}, {"date": "2024-06-04-19-00-00", "latency": "33"}, {"date": "2024-06-04-19-00-00", "latency": "33"}, {"date": "2024-06-04-19-00-00", "latency": "33"}, {"date": "2024-06-04-19-00-00", "latency": "33"}, {"date": "2024-06-04-19-00-00", "latency": "33"}, {"date": "2024-06-04-19-00-00", "latency": "33"}, {"date": "2024-06-04-19-00-00", "latency": "33"}, {"date": "2024-06-04-19-00-00", "latency": "33"}, {"date": "2024-06-04-19-00-00", "latency": "33"}, {"date": "2024-06-04-19-00-00", "latency": "33"}, {"date": "2024-06-04-19-00-00", "latency": "33"}, {"date": "2024-06-04-19-00-00", "latency": "33"}, {"date": "2024-06-04-19-00-00", "latency": "33"}, {"date": "2024-06-04-19-00-00", "latency": "33"}, {"date": "2024-06-04-19-00-00", "latency": "33"}]}, {"location": {"country_code": "it"}, "game_id": "461764", "values": [{"date": "2024-06-04-20-00-00", "latency": "35"}, {"date": "2024-06-04-20-00-00", "latency": "35"}, {"date": "2024-06-04-20-00-00", "latency": "35"}, {"date": "2024-06-04-20-00-00", "latency": "35"}, {"date": "2024-06-04-15-00-00", "latency": "8"}]}, {"location": {"country_code": "jp"}, "game_id": "461764", "values": [{"date": "2024-06-04-08-00-00", "latency": "34"}, {"date": "2024-06-04-08-00-00", "latency": "34"}, {"date": "2024-06-04-08-00-00", "latency": "34"}, {"date": "2024-06-04-08-00-00", "latency": "34"}, {"date": "2024-06-04-17-00-00", "latency": "50"}, {"date": "2024-06-04-17-00-00", "latency": "50"}, {"date": "2024-06-04-17-00-00", "latency": "50"}, {"date": "2024-06-04-17-00-00", "latency": "50"}, {"date": "2024-06-04-17-00-00", "latency": "50"}, {"date": "2024-06-04-17-00-00", "latency": "50"}, {"date": "2024-06-04-17-00-00", "latency": "50"}, {"date": "2024-06-04-17-00-00", "latency": "50"}, {"date": "2024-06-04-17-00-00", "latency": "50"}, {"date": "2024-06-04-17-00-00", "latency": "50"}]}, {"location": {"country_code": "de"}, "game_id": "461764", "values": [{"date": "2024-06-04-13-00-00", "latency": "35"}, {"date": "2024-06-04-13-00-00", "latency": "35"}, {"date": "2024-06-04-13-00-00", "latency": "35"}, {"date": "2024-06-04-13-00-00", "latency": "35"}, {"date": "2024-06-04-13-00-00", "latency": "35"}, {"date": "2024-06-04-13-00-00", "latency": "35"}, {"date": "2024-06-04-13-00-00", "latency": "35"}, {"date": "2024-06-04-13-00-00", "latency": "35"}, {"date": "2024-06-04-13-00-00", "latency": "35"}, {"date": "2024-06-04-13-00-00", "latency": "35"}, {"date": "2024-06-04-13-00-00", "latency": "35"}, {"date": "2024-06-04-13-00-00", "latency": "35"}, {"date": "2024-06-04-13-00-00", "latency": "35"}, {"date": "2024-06-04-13-00-00", "latency": "35"}, {"date": "2024-06-05-00-00-00", "latency": "34"}, {"date": "2024-06-05-00-00-00", "latency": "34"}, {"date": "2024-06-05-00-00-00", "latency": "34"}, {"date": "2024-06-05-00-00-00", "latency": "34"}, {"date": "2024-06-05-00-00-00", "latency": "34"}, {"date": "2024-06-05-00-00-00", "latency": "34"}, {"date": "2024-06-05-00-00-00", "latency": "34"}, {"date": "2024-06-05-00-00-00", "latency": "34"}, {"date": "2024-06-05-00-00-00", "latency": "34"}, {"date": "2024-06-05-00-00-00", "latency": "34"}, {"date": "2024-06-05-00-00-00", "latency": "34"}, {"date": "2024-06-05-00-00-00", "latency": "34"}, {"date": "2024-06-05-00-00-00", "latency": "34"}, {"date": "2024-06-05-00-00-00", "latency": "34"}, {"date": "2024-06-05-00-00-00", "latency": "34"}, {"date": "2024-06-05-00-00-00", "latency": "34"}, {"date": "2024-06-05-00-00-00", "latency": "34"}, {"date": "2024-06-04-23-00-00", "latency": "34"}, {"date": "2024-06-04-23-00-00", "latency": "34"}, {"date": "2024-06-04-23-00-00", "latency": "34"}, {"date": "2024-06-04-23-00-00", "latency": "34"}, {"date": "2024-06-04-23-00-00", "latency": "34"}, {"date": "2024-06-04-23-00-00", "latency": "34"}, {"date": "2024-06-04-23-00-00", "latency": "34"}, {"date": "2024-06-04-23-00-00", "latency": "34"}, {"date": "2024-06-04-23-00-00", "latency": "34"}, {"date": "2024-06-04-23-00-00", "latency": "34"}, {"date": "2024-06-04-16-00-00", "latency": "30"}, {"date": "2024-06-04-16-00-00", "latency": "30"}, {"date": "2024-06-04-16-00-00", "latency": "30"}, {"date": "2024-06-04-16-00-00", "latency": "30"}, {"date": "2024-06-04-16-00-00", "latency": "30"}, {"date": "2024-06-04-16-00-00", "latency": "30"}, {"date": "2024-06-04-16-00-00", "latency": "30"}, {"date": "2024-06-04-16-00-00", "latency": "30"}, {"date": "2024-06-04-16-00-00", "latency": "30"}, {"date": "2024-06-04-16-00-00", "latency": "30"}, {"date": "2024-06-04-16-00-00", "latency": "30"}, {"date": "2024-06-04-16-00-00", "latency": "30"}, {"date": "2024-06-04-16-00-00", "latency": "30"}, {"date": "2024-06-04-16-00-00", "latency": "30"}, {"date": "2024-06-04-16-00-00", "latency": "30"}, {"date": "2024-06-04-16-00-00", "latency": "30"}, {"date": "2024-06-04-16-00-00", "latency": "30"}, {"date": "2024-06-04-16-00-00", "latency": "30"}, {"date": "2024-06-04-16-00-00", "latency": "30"}, {"date": "2024-06-04-16-00-00", "latency": "30"}, {"date": "2024-06-04-16-00-00", "latency": "30"}, {"date": "2024-06-04-16-00-00", "latency": "30"}, {"date": "2024-06-04-16-00-00", "latency": "30"}, {"date": "2024-06-04-16-00-00", "latency": "30"}, {"date": "2024-06-04-16-00-00", "latency": "30"}, {"date": "2024-06-04-16-00-00", "latency": "30"}, {"date": "2024-06-04-16-00-00", "latency": "30"}, {"date": "2024-06-04-16-00-00", "latency": "30"}, {"date": "2024-06-04-16-00-00", "latency": "30"}, {"date": "2024-06-04-16-00-00", "latency": "30"}, {"date": "2024-06-04-16-00-00", "latency": "30"}, {"date": "2024-06-04-16-00-00", "latency": "30"}, {"date": "2024-06-04-16-00-00", "latency": "30"}, {"date": "2024-06-04-16-00-00", "latency": "30"}, {"date": "2024-06-04-16-00-00", "latency": "30"}, {"date": "2024-06-04-16-00-00", "latency": "30"}, {"date": "2024-06-04-16-00-00", "latency": "30"}, {"date": "2024-06-04-16-00-00", "latency": "30"}, {"date": "2024-06-04-16-00-00", "latency": "30"}, {"date": "2024-06-04-16-00-00", "latency": "30"}, {"date": "2024-06-04-16-00-00", "latency": "30"}, {"date": "2024-06-04-16-00-00", "latency": "30"}, {"date": "2024-06-04-16-00-00", "latency": "30"}, {"date": "2024-06-04-16-00-00", "latency": "30"}, {"date": "2024-06-04-16-00-00", "latency": "30"}, {"date": "2024-06-04-16-00-00", "latency": "30"}, {"date": "2024-06-04-16-00-00", "latency": "30"}, {"date": "2024-06-04-16-00-00", "latency": "30"}, {"date": "2024-06-04-16-00-00", "latency": "30"}, {"date": "2024-06-04-16-00-00", "latency": "30"}, {"date": "2024-06-04-16-00-00", "latency": "30"}, {"date": "2024-06-04-16-00-00", "latency": "30"}, {"date": "2024-06-04-16-00-00", "latency": "30"}, {"date": "2024-06-04-16-00-00", "latency": "30"}, {"date": "2024-06-04-16-00-00", "latency": "30"}, {"date": "2024-06-04-16-00-00", "latency": "30"}, {"date": "2024-06-04-16-00-00", "latency": "30"}, {"date": "2024-06-04-16-00-00", "latency": "30"}, {"date": "2024-06-04-16-00-00", "latency": "30"}, {"date": "2024-06-04-16-00-00", "latency": "30"}, {"date": "2024-06-04-16-00-00", "latency": "30"}, {"date": "2024-06-04-16-00-00", "latency": "30"}, {"date": "2024-06-04-16-00-00", "latency": "30"}, {"date": "2024-06-04-16-00-00", "latency": "30"}, {"date": "2024-06-04-16-00-00", "latency": "30"}, {"date": "2024-06-04-16-00-00", "latency": "30"}, {"date": "2024-06-04-16-00-00", "latency": "30"}, {"date": "2024-06-04-16-00-00", "latency": "30"}, {"date": "2024-06-04-16-00-00", "latency": "30"}, {"date": "2024-06-04-16-00-00", "latency": "30"}, {"date": "2024-06-04-16-00-00", "latency": "30"}, {"date": "2024-06-04-16-00-00", "latency": "30"}, {"date": "2024-06-04-16-00-00", "latency": "30"}, {"date": "2024-06-04-16-00-00", "latency": "30"}, {"date": "2024-06-04-16-00-00", "latency": "30"}, {"date": "2024-06-04-16-00-00", "latency": "30"}, {"date": "2024-06-04-16-00-00", "latency": "30"}, {"date": "2024-06-04-16-00-00", "latency": "30"}, {"date": "2024-06-04-16-00-00", "latency": "30"}, {"date": "2024-06-04-16-00-00", "latency": "30"}, {"date": "2024-06-04-16-00-00", "latency": "30"}, {"date": "2024-06-04-16-00-00", "latency": "30"}, {"date": "2024-06-04-16-00-00", "latency": "30"}, {"date": "2024-06-04-16-00-00", "latency": "30"}, {"date": "2024-06-04-16-00-00", "latency": "30"}, {"date": "2024-06-04-16-00-00", "latency": "30"}, {"date": "2024-06-04-16-00-00", "latency": "30"}, {"date": "2024-06-04-16-00-00", "latency": "30"}]}, {"location": {"country_code": "fr"}, "game_id": "461764", "values": [{"date": "2024-06-04-11-00-00", "latency": "34"}, {"date": "2024-06-04-11-00-00", "latency": "34"}, {"date": "2024-06-04-11-00-00", "latency": "34"}, {"date": "2024-06-04-11-00-00", "latency": "34"}, {"date": "2024-06-04-11-00-00", "latency": "34"}, {"date": "2024-06-04-11-00-00", "latency": "34"}, {"date": "2024-06-04-11-00-00", "latency": "34"}, {"date": "2024-06-04-11-00-00", "latency": "34"}, {"date": "2024-06-04-11-00-00", "latency": "34"}, {"date": "2024-06-04-11-00-00", "latency": "34"}, {"date": "2024-06-04-11-00-00", "latency": "34"}, {"date": "2024-06-04-11-00-00", "latency": "34"}, {"date": "2024-06-04-11-00-00", "latency": "34"}, {"date": "2024-06-04-11-00-00", "latency": "34"}, {"date": "2024-06-04-11-00-00", "latency": "34"}, {"date": "2024-06-04-11-00-00", "latency": "34"}]}, {"location": {"country_code": "us", "region": "California", "city": "East Los Angeles"}, "game_id": "461764", "values": [{"date": "2024-06-04-07-00-00", "latency": "105"}, {"date": "2024-06-04-07-00-00", "latency": "105"}, {"date": "2024-06-04-07-00-00", "latency": "105"}, {"date": "2024-06-04-07-00-00", "latency": "105"}]}, {"location": {"country_code": "ec"}, "game_id": "461764", "values": [{"date": "2024-06-04-18-00-00", "latency": "107"}, {"date": "2024-06-04-18-00-00", "latency": "107"}, {"date": "2024-06-04-18-00-00", "latency": "107"}, {"date": "2024-06-04-18-00-00", "latency": "107"}, {"date": "2024-06-04-18-00-00", "latency": "107"}, {"date": "2024-06-04-18-00-00", "latency": "107"}, {"date": "2024-06-04-18-00-00", "latency": "107"}, {"date": "2024-06-04-18-00-00", "latency": "107"}]}, {"location": {"country_code": "de", "region": "Hesse"}, "game_id": "461764", "values": [{"date": "2024-06-05-00-00-00", "latency": "33"}, {"date": "2024-06-05-00-00-00", "latency": "33"}, {"date": "2024-06-05-00-00-00", "latency": "33"}, {"date": "2024-06-05-00-00-00", "latency": "33"}, {"date": "2024-06-05-00-00-00", "latency": "33"}, {"date": "2024-06-05-00-00-00", "latency": "33"}, {"date": "2024-06-05-00-00-00", "latency": "33"}, {"date": "2024-06-05-00-00-00", "latency": "33"}, {"date": "2024-06-05-00-00-00", "latency": "33"}, {"date": "2024-06-05-00-00-00", "latency": "33"}, {"date": "2024-06-05-00-00-00", "latency": "33"}]}, {"location": {"country_code": "es"}, "game_id": "461764", "values": [{"date": "2024-06-04-12-00-00", "latency": "94"}, {"date": "2024-06-04-12-00-00", "latency": "94"}, {"date": "2024-06-04-12-00-00", "latency": "94"}, {"date": "2024-06-04-12-00-00", "latency": "94"}, {"date": "2024-06-04-12-00-00", "latency": "94"}, {"date": "2024-06-04-12-00-00", "latency": "94"}, {"date": "2024-06-04-12-00-00", "latency": "94"}, {"date": "2024-06-04-12-00-00", "latency": "94"}]}, {"location": {"country_code": "hu"}, "game_id": "461764", "values": [{"date": "2024-06-04-03-00-00", "latency": "6"}, {"date": "2024-06-04-03-00-00", "latency": "6"}, {"date": "2024-06-04-03-00-00", "latency": "6"}, {"date": "2024-06-04-03-00-00", "latency": "6"}, {"date": "2024-06-04-03-00-00", "latency": "6"}, {"date": "2024-06-04-03-00-00", "latency": "6"}, {"date": "2024-06-04-03-00-00", "latency": "6"}, {"date": "2024-06-04-03-00-00", "latency": "6"}, {"date": "2024-06-04-03-00-00", "latency": "6"}, {"date": "2024-06-04-03-00-00", "latency": "6"}, {"date": "2024-06-04-03-00-00", "latency": "6"}]}, {"location": {"country_code": "es", "region": "Catalonia", "city": "l'Hospitalet de Llobregat"}, "game_id": "461764", "values": [{"date": "2024-06-04-21-00-00", "latency": "2"}]}, {"location": {"country_code": "pl"}, "game_id": "461764", "values": [{"date": "2024-06-05-01-00-00", "latency": "36"}, {"date": "2024-06-05-01-00-00", "latency": "36"}, {"date": "2024-06-05-01-00-00", "latency": "36"}, {"date": "2024-06-05-01-00-00", "latency": "36"}, {"date": "2024-06-05-01-00-00", "latency": "36"}, {"date": "2024-06-05-01-00-00", "latency": "36"}, {"date": "2024-06-05-01-00-00", "latency": "36"}, {"date": "2024-06-05-01-00-00", "latency": "36"}, {"date": "2024-06-05-01-00-00", "latency": "36"}, {"date": "2024-06-05-01-00-00", "latency": "36"}, {"date": "2024-06-05-01-00-00", "latency": "36"}, {"date": "2024-06-05-01-00-00", "latency": "36"}, {"date": "2024-06-04-20-00-00", "latency": "35"}, {"date": "2024-06-04-20-00-00", "latency": "35"}, {"date": "2024-06-04-20-00-00", "latency": "35"}, {"date": "2024-06-04-20-00-00", "latency": "35"}, {"date": "2024-06-04-20-00-00", "latency": "35"}, {"date": "2024-06-04-20-00-00", "latency": "35"}, {"date": "2024-06-04-20-00-00", "latency": "35"}, {"date": "2024-06-04-20-00-00", "latency": "35"}, {"date": "2024-06-04-20-00-00", "latency": "35"}, {"date": "2024-06-04-20-00-00", "latency": "35"}, {"date": "2024-06-04-20-00-00", "latency": "35"}, {"date": "2024-06-04-20-00-00", "latency": "35"}, {"date": "2024-06-04-20-00-00", "latency": "35"}, {"date": "2024-06-04-20-00-00", "latency": "35"}, {"date": "2024-06-04-20-00-00", "latency": "35"}, {"date": "2024-06-04-20-00-00", "latency": "35"}, {"date": "2024-06-04-20-00-00", "latency": "35"}, {"date": "2024-06-04-20-00-00", "latency": "35"}]}, {"location": {"country_code": "ie"}, "game_id": "461764", "values": [{"date": "2024-06-04-20-00-00", "latency": "37"}, {"date": "2024-06-04-20-00-00", "latency": "37"}, {"date": "2024-06-04-20-00-00", "latency": "37"}, {"date": "2024-06-04-20-00-00", "latency": "37"}, {"date": "2024-06-04-20-00-00", "latency": "37"}, {"date": "2024-06-04-20-00-00", "latency": "37"}, {"date": "2024-06-04-20-00-00", "latency": "37"}, {"date": "2024-06-04-20-00-00", "latency": "37"}, {"date": "2024-06-04-20-00-00", "latency": "37"}, {"date": "2024-06-04-20-00-00", "latency": "37"}, {"date": "2024-06-04-20-00-00", "latency": "37"}]}, {"location": {"country_code": "id"}, "game_id": "461764", "values": [{"date": "2024-06-05-02-00-00", "latency": "106"}, {"date": "2024-06-05-02-00-00", "latency": "106"}, {"date": "2024-06-05-02-00-00", "latency": "106"}, {"date": "2024-06-05-02-00-00", "latency": "106"}, {"date": "2024-06-04-13-00-00", "latency": "35"}, {"date": "2024-06-04-13-00-00", "latency": "35"}, {"date": "2024-06-04-13-00-00", "latency": "35"}, {"date": "2024-06-04-13-00-00", "latency": "35"}, {"date": "2024-06-04-13-00-00", "latency": "35"}, {"date": "2024-06-04-13-00-00", "latency": "35"}, {"date": "2024-06-04-13-00-00", "latency": "35"}, {"date": "2024-06-04-13-00-00", "latency": "35"}]}, {"location": {"country_code": "pt"}, "game_id": "461764", "values": [{"date": "2024-06-04-18-00-00", "latency": "105"}, {"date": "2024-06-04-18-00-00", "latency": "105"}, {"date": "2024-06-04-18-00-00", "latency": "105"}, {"date": "2024-06-04-18-00-00", "latency": "105"}, {"date": "2024-06-04-18-00-00", "latency": "105"}, {"date": "2024-06-04-18-00-00", "latency": "105"}, {"date": "2024-06-04-18-00-00", "latency": "105"}, {"date": "2024-06-04-18-00-00", "latency": "105"}, {"date": "2024-06-04-18-00-00", "latency": "105"}, {"date": "2024-06-04-18-00-00", "latency": "105"}, {"date": "2024-06-04-18-00-00", "latency": "105"}]}, {"location": {"country_code": "de", "region": "Lower Saxony"}, "game_id": "461764", "values": [{"date": "2024-06-04-23-00-00", "latency": "5"}, {"date": "2024-06-04-23-00-00", "latency": "5"}, {"date": "2024-06-04-23-00-00", "latency": "5"}, {"date": "2024-06-04-23-00-00", "latency": "5"}, {"date": "2024-06-04-23-00-00", "latency": "5"}, {"date": "2024-06-04-23-00-00", "latency": "5"}, {"date": "2024-06-04-23-00-00", "latency": "5"}, {"date": "2024-06-04-23-00-00", "latency": "5"}, {"date": "2024-06-04-23-00-00", "latency": "5"}, {"date": "2024-06-04-23-00-00", "latency": "5"}, {"date": "2024-06-04-23-00-00", "latency": "5"}, {"date": "2024-06-04-23-00-00", "latency": "5"}, {"date": "2024-06-04-23-00-00", "latency": "5"}, {"date": "2024-06-04-23-00-00", "latency": "5"}, {"date": "2024-06-04-23-00-00", "latency": "5"}, {"date": "2024-06-04-23-00-00", "latency": "5"}, {"date": "2024-06-04-23-00-00", "latency": "5"}, {"date": "2024-06-04-23-00-00", "latency": "5"}, {"date": "2024-06-04-23-00-00", "latency": "5"}, {"date": "2024-06-04-23-00-00", "latency": "5"}, {"date": "2024-06-04-23-00-00", "latency": "5"}, {"date": "2024-06-04-23-00-00", "latency": "5"}, {"date": "2024-06-04-23-00-00", "latency": "5"}, {"date": "2024-06-04-23-00-00", "latency": "5"}, {"date": "2024-06-04-23-00-00", "latency": "5"}, {"date": "2024-06-04-23-00-00", "latency": "5"}, {"date": "2024-06-04-23-00-00", "latency": "5"}, {"date": "2024-06-04-10-00-00", "latency": "34"}, {"date": "2024-06-04-10-00-00", "latency": "34"}, {"date": "2024-06-04-10-00-00", "latency": "34"}, {"date": "2024-06-04-10-00-00", "latency": "34"}, {"date": "2024-06-04-10-00-00", "latency": "34"}, {"date": "2024-06-04-10-00-00", "latency": "34"}, {"date": "2024-06-04-10-00-00", "latency": "34"}, {"date": "2024-06-04-10-00-00", "latency": "34"}, {"date": "2024-06-04-10-00-00", "latency": "34"}, {"date": "2024-06-04-10-00-00", "latency": "34"}, {"date": "2024-06-04-10-00-00", "latency": "34"}, {"date": "2024-06-04-10-00-00", "latency": "34"}, {"date": "2024-06-04-10-00-00", "latency": "34"}, {"date": "2024-06-04-10-00-00", "latency": "34"}, {"date": "2024-06-04-10-00-00", "latency": "34"}, {"date": "2024-06-04-10-00-00", "latency": "34"}, {"date": "2024-06-04-10-00-00", "latency": "34"}, {"date": "2024-06-04-10-00-00", "latency": "34"}, {"date": "2024-06-04-10-00-00", "latency": "34"}]}, {"location": {"country_code": "bg"}, "game_id": "461764", "values": [{"date": "2024-06-04-16-00-00", "latency": "31"}, {"date": "2024-06-04-16-00-00", "latency": "31"}, {"date": "2024-06-04-16-00-00", "latency": "31"}, {"date": "2024-06-04-16-00-00", "latency": "31"}, {"date": "2024-06-04-16-00-00", "latency": "31"}, {"date": "2024-06-04-16-00-00", "latency": "31"}, {"date": "2024-06-04-16-00-00", "latency": "31"}, {"date": "2024-06-04-16-00-00", "latency": "31"}, {"date": "2024-06-04-16-00-00", "latency": "31"}, {"date": "2024-06-04-16-00-00", "latency": "31"}, {"date": "2024-06-04-16-00-00", "latency": "31"}, {"date": "2024-06-04-16-00-00", "latency": "31"}, {"date": "2024-06-04-16-00-00", "latency": "31"}, {"date": "2024-06-04-16-00-00", "latency": "31"}, {"date": "2024-06-04-16-00-00", "latency": "31"}, {"date": "2024-06-04-16-00-00", "latency": "31"}, {"date": "2024-06-04-16-00-00", "latency": "31"}, {"date": "2024-06-04-16-00-00", "latency": "31"}, {"date": "2024-06-04-16-00-00", "latency": "31"}, {"date": "2024-06-04-16-00-00", "latency": "31"}, {"date": "2024-06-04-16-00-00", "latency": "31"}, {"date": "2024-06-04-16-00-00", "latency": "31"}, {"date": "2024-06-04-16-00-00", "latency": "31"}, {"date": "2024-06-04-16-00-00", "latency": "31"}, {"date": "2024-06-04-16-00-00", "latency": "31"}, {"date": "2024-06-04-16-00-00", "latency": "31"}, {"date": "2024-06-04-16-00-00", "latency": "31"}, {"date": "2024-06-04-16-00-00", "latency": "31"}, {"date": "2024-06-04-16-00-00", "latency": "31"}, {"date": "2024-06-04-16-00-00", "latency": "31"}, {"date": "2024-06-04-16-00-00", "latency": "31"}, {"date": "2024-06-04-16-00-00", "latency": "31"}, {"date": "2024-06-04-16-00-00", "latency": "31"}, {"date": "2024-06-04-16-00-00", "latency": "31"}, {"date": "2024-06-04-16-00-00", "latency": "31"}, {"date": "2024-06-04-16-00-00", "latency": "31"}, {"date": "2024-06-04-16-00-00", "latency": "31"}, {"date": "2024-06-04-16-00-00", "latency": "31"}, {"date": "2024-06-04-16-00-00", "latency": "31"}, {"date": "2024-06-04-16-00-00", "latency": "31"}, {"date": "2024-06-04-16-00-00", "latency": "31"}]}, {"location": {"country_code": "us", "region": "Oregon", "city": "Portland"}, "game_id": "461764", "values": [{"date": "2024-06-05-01-00-00", "latency": "36"}, {"date": "2024-06-05-01-00-00", "latency": "36"}, {"date": "2024-06-05-01-00-00", "latency": "36"}, {"date": "2024-06-05-01-00-00", "latency": "36"}, {"date": "2024-06-05-01-00-00", "latency": "36"}, {"date": "2024-06-05-01-00-00", "latency": "36"}, {"date": "2024-06-05-01-00-00", "latency": "36"}, {"date": "2024-06-05-01-00-00", "latency": "36"}, {"date": "2024-06-05-01-00-00", "latency": "36"}, {"date": "2024-06-05-01-00-00", "latency": "36"}, {"date": "2024-06-05-01-00-00", "latency": "36"}, {"date": "2024-06-05-01-00-00", "latency": "36"}, {"date": "2024-06-05-01-00-00", "latency": "36"}, {"date": "2024-06-05-01-00-00", "latency": "36"}, {"date": "2024-06-05-01-00-00", "latency": "36"}, {"date": "2024-06-05-01-00-00", "latency": "36"}]}, {"location": {"country_code": "de", "region": "Baden-Wurttemberg", "city": "Stuttgart"}, "game_id": "461764", "values": [{"date": "2024-06-04-15-00-00", "latency": "36"}, {"date": "2024-06-04-15-00-00", "latency": "36"}, {"date": "2024-06-04-15-00-00", "latency": "36"}]}, {"location": {"country_code": "be", "region": "Antwerp Province", "city": "Mechelen"}, "game_id": "461764", "values": [{"date": "2024-06-05-01-00-00", "latency": "57"}, {"date": "2024-06-05-01-00-00", "latency": "57"}, {"date": "2024-06-05-01-00-00", "latency": "57"}, {"date": "2024-06-05-01-00-00", "latency": "57"}, {"date": "2024-06-05-01-00-00", "latency": "57"}, {"date": "2024-06-05-01-00-00", "latency": "57"}, {"date": "2024-06-05-01-00-00", "latency": "57"}, {"date": "2024-06-05-01-00-00", "latency": "57"}, {"date": "2024-06-05-01-00-00", "latency": "57"}, {"date": "2024-06-05-01-00-00", "latency": "57"}, {"date": "2024-06-05-01-00-00", "latency": "57"}, {"date": "2024-06-05-01-00-00", "latency": "57"}, {"date": "2024-06-05-01-00-00", "latency": "57"}, {"date": "2024-06-05-01-00-00", "latency": "57"}]}, {"location": {"country_code": "cz", "region": "Kralovehradecky kraj"}, "game_id": "461764", "values": [{"date": "2024-06-04-08-00-00", "latency": "35"}, {"date": "2024-06-04-08-00-00", "latency": "35"}, {"date": "2024-06-04-08-00-00", "latency": "35"}, {"date": "2024-06-04-08-00-00", "latency": "35"}, {"date": "2024-06-04-08-00-00", "latency": "35"}, {"date": "2024-06-04-08-00-00", "latency": "35"}, {"date": "2024-06-04-08-00-00", "latency": "35"}, {"date": "2024-06-04-08-00-00", "latency": "35"}, {"date": "2024-06-04-08-00-00", "latency": "35"}, {"date": "2024-06-04-08-00-00", "latency": "35"}, {"date": "2024-06-04-08-00-00", "latency": "35"}, {"date": "2024-06-04-08-00-00", "latency": "35"}, {"date": "2024-06-04-08-00-00", "latency": "35"}, {"date": "2024-06-04-08-00-00", "latency": "35"}, {"date": "2024-06-04-08-00-00", "latency": "35"}, {"date": "2024-06-04-08-00-00", "latency": "35"}, {"date": "2024-06-04-08-00-00", "latency": "35"}, {"date": "2024-06-04-08-00-00", "latency": "35"}, {"date": "2024-06-04-08-00-00", "latency": "35"}, {"date": "2024-06-04-08-00-00", "latency": "35"}, {"date": "2024-06-04-08-00-00", "latency": "35"}, {"date": "2024-06-04-08-00-00", "latency": "35"}, {"date": "2024-06-04-08-00-00", "latency": "35"}, {"date": "2024-06-04-08-00-00", "latency": "35"}, {"date": "2024-06-04-08-00-00", "latency": "35"}, {"date": "2024-06-04-08-00-00", "latency": "35"}, {"date": "2024-06-04-08-00-00", "latency": "35"}]}], "last_updated": 1719915346.380573}