{"data": [{"location": {"country_code": "es"}, "game_id": "319965", "values": [{"date": "2023-04-03-04-00-00", "alternatives": [6, 66, 66, 66]}]}, {"location": {"country_code": "jp", "region": "Nakano"}, "game_id": "319965", "values": [{"date": "2023-04-03-05-00-00", "alternatives": [7, 2, 7, 7]}, {"date": "2023-04-03-05-00-00", "alternatives": [7, 2, 7, 7]}, {"date": "2023-04-03-05-00-00", "alternatives": [7, 2, 7, 7]}, {"date": "2023-04-03-05-00-00", "alternatives": [7, 2, 7, 7]}, {"date": "2023-04-03-05-00-00", "alternatives": [7, 2, 7, 7]}, {"date": "2023-04-03-05-00-00", "alternatives": [7, 2, 7, 7]}, {"date": "2023-04-03-05-00-00", "alternatives": [7, 2, 7, 7]}, {"date": "2023-04-03-05-00-00", "alternatives": [7, 2, 7, 7]}, {"date": "2023-04-03-05-00-00", "alternatives": [7, 2, 7, 7]}]}], "last_updated": 1719918470.425478}