{"data": [{"location": {"country_code": "nz"}, "game_id": "452439", "values": [{"date": "2024-02-05-23-00-00", "latency": "184"}, {"date": "2024-02-05-23-00-00", "latency": "184"}, {"date": "2024-02-05-23-00-00", "latency": "184"}, {"date": "2024-02-05-23-00-00", "latency": "184"}, {"date": "2024-02-05-23-00-00", "latency": "184"}, {"date": "2024-02-05-23-00-00", "latency": "184"}, {"date": "2024-02-05-23-00-00", "latency": "184"}]}, {"location": {"country_code": "us"}, "game_id": "452439", "values": [{"date": "2024-02-05-12-00-00", "latency": "26"}, {"date": "2024-02-05-12-00-00", "latency": "26"}, {"date": "2024-02-05-12-00-00", "latency": "26"}, {"date": "2024-02-05-12-00-00", "latency": "26"}, {"date": "2024-02-05-12-00-00", "latency": "26"}, {"date": "2024-02-05-12-00-00", "latency": "26"}, {"date": "2024-02-05-12-00-00", "latency": "26"}, {"date": "2024-02-05-12-00-00", "latency": "26"}, {"date": "2024-02-05-12-00-00", "latency": "26"}, {"date": "2024-02-05-12-00-00", "latency": "26"}, {"date": "2024-02-05-12-00-00", "latency": "26"}, {"date": "2024-02-05-12-00-00", "latency": "26"}, {"date": "2024-02-05-12-00-00", "latency": "26"}, {"date": "2024-02-05-12-00-00", "latency": "26"}, {"date": "2024-02-05-12-00-00", "latency": "26"}, {"date": "2024-02-05-12-00-00", "latency": "26"}, {"date": "2024-02-05-12-00-00", "latency": "26"}, {"date": "2024-02-05-12-00-00", "latency": "26"}, {"date": "2024-02-05-12-00-00", "latency": "26"}, {"date": "2024-02-05-12-00-00", "latency": "26"}, {"date": "2024-02-05-12-00-00", "latency": "26"}, {"date": "2024-02-05-12-00-00", "latency": "26"}, {"date": "2024-02-05-12-00-00", "latency": "26"}, {"date": "2024-02-05-12-00-00", "latency": "26"}, {"date": "2024-02-05-12-00-00", "latency": "26"}, {"date": "2024-02-05-12-00-00", "latency": "26"}, {"date": "2024-02-05-12-00-00", "latency": "26"}, {"date": "2024-02-05-12-00-00", "latency": "26"}, {"date": "2024-02-05-12-00-00", "latency": "26"}, {"date": "2024-02-05-12-00-00", "latency": "26"}, {"date": "2024-02-05-12-00-00", "latency": "26"}, {"date": "2024-02-05-12-00-00", "latency": "26"}, {"date": "2024-02-05-12-00-00", "latency": "26"}, {"date": "2024-02-05-12-00-00", "latency": "26"}, {"date": "2024-02-05-12-00-00", "latency": "26"}, {"date": "2024-02-05-12-00-00", "latency": "26"}, {"date": "2024-02-05-12-00-00", "latency": "26"}, {"date": "2024-02-05-12-00-00", "latency": "26"}, {"date": "2024-02-05-12-00-00", "latency": "26"}, {"date": "2024-02-05-12-00-00", "latency": "26"}, {"date": "2024-02-05-12-00-00", "latency": "26"}, {"date": "2024-02-05-12-00-00", "latency": "26"}, {"date": "2024-02-05-12-00-00", "latency": "26"}, {"date": "2024-02-05-12-00-00", "latency": "26"}, {"date": "2024-02-05-12-00-00", "latency": "26"}, {"date": "2024-02-05-12-00-00", "latency": "26"}, {"date": "2024-02-05-12-00-00", "latency": "26"}, {"date": "2024-02-05-12-00-00", "latency": "26"}, {"date": "2024-02-05-12-00-00", "latency": "26"}, {"date": "2024-02-05-12-00-00", "latency": "26"}, {"date": "2024-02-05-12-00-00", "latency": "26"}, {"date": "2024-02-05-12-00-00", "latency": "26"}, {"date": "2024-02-05-12-00-00", "latency": "26"}, {"date": "2024-02-05-12-00-00", "latency": "26"}, {"date": "2024-02-05-12-00-00", "latency": "26"}, {"date": "2024-02-06-01-00-00", "latency": "37"}, {"date": "2024-02-06-01-00-00", "latency": "37"}, {"date": "2024-02-05-01-00-00", "latency": "7"}, {"date": "2024-02-05-01-00-00", "latency": "7"}, {"date": "2024-02-05-01-00-00", "latency": "7"}, {"date": "2024-02-05-01-00-00", "latency": "7"}, {"date": "2024-02-05-01-00-00", "latency": "7"}, {"date": "2024-02-05-01-00-00", "latency": "7"}, {"date": "2024-02-05-01-00-00", "latency": "7"}, {"date": "2024-02-06-00-00-00", "latency": "73"}, {"date": "2024-02-06-00-00-00", "latency": "73"}, {"date": "2024-02-06-00-00-00", "latency": "73"}, {"date": "2024-02-06-00-00-00", "latency": "73"}, {"date": "2024-02-06-00-00-00", "latency": "73"}, {"date": "2024-02-05-21-00-00", "latency": "24"}, {"date": "2024-02-05-21-00-00", "latency": "24"}, {"date": "2024-02-05-21-00-00", "latency": "24"}, {"date": "2024-02-05-21-00-00", "latency": "24"}]}, {"location": {"country_code": "de", "region": "Berlin", "city": "Berlin"}, "game_id": "452439", "values": [{"date": "2024-02-05-22-00-00", "latency": "21"}, {"date": "2024-02-05-22-00-00", "latency": "21"}, {"date": "2024-02-05-22-00-00", "latency": "21"}, {"date": "2024-02-05-22-00-00", "latency": "21"}, {"date": "2024-02-05-22-00-00", "latency": "21"}, {"date": "2024-02-05-22-00-00", "latency": "21"}, {"date": "2024-02-05-22-00-00", "latency": "21"}, {"date": "2024-02-05-22-00-00", "latency": "21"}, {"date": "2024-02-05-22-00-00", "latency": "21"}, {"date": "2024-02-05-22-00-00", "latency": "21"}, {"date": "2024-02-05-22-00-00", "latency": "21"}, {"date": "2024-02-05-22-00-00", "latency": "21"}, {"date": "2024-02-05-22-00-00", "latency": "21"}, {"date": "2024-02-05-21-00-00", "latency": "38"}, {"date": "2024-02-05-21-00-00", "latency": "38"}, {"date": "2024-02-05-21-00-00", "latency": "38"}, {"date": "2024-02-05-21-00-00", "latency": "38"}, {"date": "2024-02-05-21-00-00", "latency": "38"}, {"date": "2024-02-05-21-00-00", "latency": "38"}, {"date": "2024-02-05-21-00-00", "latency": "38"}, {"date": "2024-02-05-21-00-00", "latency": "38"}, {"date": "2024-02-05-21-00-00", "latency": "38"}, {"date": "2024-02-05-21-00-00", "latency": "38"}, {"date": "2024-02-05-21-00-00", "latency": "38"}, {"date": "2024-02-05-21-00-00", "latency": "38"}, {"date": "2024-02-05-21-00-00", "latency": "38"}, {"date": "2024-02-05-21-00-00", "latency": "38"}]}, {"location": {"country_code": "fr", "region": "Pays de la Loire Region", "city": "Saint-Mars-du-Desert"}, "game_id": "452439", "values": [{"date": "2024-02-05-18-00-00", "latency": "25"}, {"date": "2024-02-05-18-00-00", "latency": "25"}, {"date": "2024-02-05-18-00-00", "latency": "25"}, {"date": "2024-02-05-18-00-00", "latency": "25"}]}, {"location": {"country_code": "us", "region": "New York", "city": "Jamestown"}, "game_id": "452439", "values": [{"date": "2024-02-05-03-00-00", "latency": "27"}, {"date": "2024-02-05-03-00-00", "latency": "27"}, {"date": "2024-02-05-03-00-00", "latency": "27"}, {"date": "2024-02-05-03-00-00", "latency": "27"}, {"date": "2024-02-05-03-00-00", "latency": "27"}, {"date": "2024-02-05-03-00-00", "latency": "27"}, {"date": "2024-02-05-03-00-00", "latency": "27"}, {"date": "2024-02-05-03-00-00", "latency": "27"}, {"date": "2024-02-05-03-00-00", "latency": "27"}, {"date": "2024-02-05-03-00-00", "latency": "27"}, {"date": "2024-02-05-03-00-00", "latency": "27"}, {"date": "2024-02-05-03-00-00", "latency": "27"}, {"date": "2024-02-05-03-00-00", "latency": "27"}, {"date": "2024-02-05-03-00-00", "latency": "27"}, {"date": "2024-02-05-03-00-00", "latency": "27"}, {"date": "2024-02-05-03-00-00", "latency": "27"}]}, {"location": {"country_code": "gb", "region": "England"}, "game_id": "452439", "values": [{"date": "2024-02-05-21-00-00", "latency": "33"}, {"date": "2024-02-05-21-00-00", "latency": "33"}, {"date": "2024-02-05-21-00-00", "latency": "33"}, {"date": "2024-02-05-21-00-00", "latency": "33"}, {"date": "2024-02-05-21-00-00", "latency": "33"}, {"date": "2024-02-05-21-00-00", "latency": "33"}, {"date": "2024-02-05-12-00-00", "latency": "64"}, {"date": "2024-02-05-12-00-00", "latency": "64"}, {"date": "2024-02-05-12-00-00", "latency": "64"}, {"date": "2024-02-05-12-00-00", "latency": "64"}, {"date": "2024-02-05-12-00-00", "latency": "64"}, {"date": "2024-02-05-12-00-00", "latency": "64"}, {"date": "2024-02-05-12-00-00", "latency": "64"}, {"date": "2024-02-05-16-00-00", "latency": "30"}, {"date": "2024-02-05-16-00-00", "latency": "30"}, {"date": "2024-02-05-16-00-00", "latency": "30"}, {"date": "2024-02-05-16-00-00", "latency": "30"}, {"date": "2024-02-05-16-00-00", "latency": "30"}, {"date": "2024-02-05-16-00-00", "latency": "30"}, {"date": "2024-02-05-16-00-00", "latency": "30"}, {"date": "2024-02-05-16-00-00", "latency": "30"}, {"date": "2024-02-05-16-00-00", "latency": "30"}, {"date": "2024-02-05-16-00-00", "latency": "30"}, {"date": "2024-02-05-16-00-00", "latency": "30"}, {"date": "2024-02-05-16-00-00", "latency": "30"}]}, {"location": {"country_code": "nl"}, "game_id": "452439", "values": [{"date": "2024-02-05-18-00-00", "latency": "21"}, {"date": "2024-02-05-18-00-00", "latency": "21"}, {"date": "2024-02-05-18-00-00", "latency": "21"}, {"date": "2024-02-05-18-00-00", "latency": "21"}, {"date": "2024-02-05-18-00-00", "latency": "21"}, {"date": "2024-02-05-18-00-00", "latency": "21"}, {"date": "2024-02-05-18-00-00", "latency": "21"}, {"date": "2024-02-05-18-00-00", "latency": "21"}, {"date": "2024-02-05-18-00-00", "latency": "21"}, {"date": "2024-02-05-18-00-00", "latency": "21"}, {"date": "2024-02-05-18-00-00", "latency": "21"}, {"date": "2024-02-05-18-00-00", "latency": "21"}, {"date": "2024-02-05-18-00-00", "latency": "21"}, {"date": "2024-02-05-18-00-00", "latency": "21"}, {"date": "2024-02-05-18-00-00", "latency": "21"}, {"date": "2024-02-05-18-00-00", "latency": "21"}, {"date": "2024-02-05-18-00-00", "latency": "21"}, {"date": "2024-02-05-18-00-00", "latency": "21"}, {"date": "2024-02-05-18-00-00", "latency": "21"}, {"date": "2024-02-05-18-00-00", "latency": "21"}, {"date": "2024-02-05-18-00-00", "latency": "21"}, {"date": "2024-02-06-01-00-00", "latency": "31"}, {"date": "2024-02-06-01-00-00", "latency": "31"}, {"date": "2024-02-06-01-00-00", "latency": "31"}, {"date": "2024-02-06-01-00-00", "latency": "31"}, {"date": "2024-02-06-01-00-00", "latency": "31"}, {"date": "2024-02-06-01-00-00", "latency": "31"}, {"date": "2024-02-06-01-00-00", "latency": "31"}, {"date": "2024-02-06-01-00-00", "latency": "31"}, {"date": "2024-02-06-01-00-00", "latency": "31"}, {"date": "2024-02-06-01-00-00", "latency": "31"}, {"date": "2024-02-06-01-00-00", "latency": "31"}, {"date": "2024-02-06-01-00-00", "latency": "31"}, {"date": "2024-02-06-01-00-00", "latency": "31"}, {"date": "2024-02-06-01-00-00", "latency": "31"}, {"date": "2024-02-06-01-00-00", "latency": "31"}, {"date": "2024-02-06-01-00-00", "latency": "31"}, {"date": "2024-02-06-01-00-00", "latency": "31"}, {"date": "2024-02-06-01-00-00", "latency": "31"}, {"date": "2024-02-06-01-00-00", "latency": "31"}]}, {"location": {"country_code": "cz"}, "game_id": "452439", "values": [{"date": "2024-02-05-22-00-00", "latency": "32"}, {"date": "2024-02-05-22-00-00", "latency": "32"}, {"date": "2024-02-05-22-00-00", "latency": "32"}, {"date": "2024-02-05-22-00-00", "latency": "32"}, {"date": "2024-02-05-22-00-00", "latency": "32"}, {"date": "2024-02-05-22-00-00", "latency": "32"}, {"date": "2024-02-05-22-00-00", "latency": "32"}, {"date": "2024-02-05-22-00-00", "latency": "32"}, {"date": "2024-02-05-22-00-00", "latency": "32"}]}, {"location": {"country_code": "sk"}, "game_id": "452439", "values": [{"date": "2024-02-05-20-00-00", "latency": "25"}, {"date": "2024-02-05-20-00-00", "latency": "25"}, {"date": "2024-02-05-20-00-00", "latency": "25"}, {"date": "2024-02-05-20-00-00", "latency": "25"}, {"date": "2024-02-05-20-00-00", "latency": "25"}, {"date": "2024-02-05-20-00-00", "latency": "25"}]}, {"location": {"country_code": "jp"}, "game_id": "452439", "values": [{"date": "2024-02-05-15-00-00", "latency": "123"}, {"date": "2024-02-05-15-00-00", "latency": "123"}, {"date": "2024-02-05-15-00-00", "latency": "123"}, {"date": "2024-02-05-15-00-00", "latency": "123"}, {"date": "2024-02-05-15-00-00", "latency": "123"}, {"date": "2024-02-05-15-00-00", "latency": "123"}, {"date": "2024-02-05-15-00-00", "latency": "123"}, {"date": "2024-02-05-15-00-00", "latency": "123"}, {"date": "2024-02-05-15-00-00", "latency": "123"}]}, {"location": {"country_code": "ca"}, "game_id": "452439", "values": [{"date": "2024-02-06-01-00-00", "latency": "93"}, {"date": "2024-02-05-20-00-00", "latency": "45"}, {"date": "2024-02-05-20-00-00", "latency": "45"}, {"date": "2024-02-05-20-00-00", "latency": "45"}, {"date": "2024-02-05-20-00-00", "latency": "45"}, {"date": "2024-02-05-20-00-00", "latency": "45"}, {"date": "2024-02-05-20-00-00", "latency": "45"}, {"date": "2024-02-05-20-00-00", "latency": "45"}, {"date": "2024-02-05-20-00-00", "latency": "45"}, {"date": "2024-02-05-20-00-00", "latency": "45"}, {"date": "2024-02-05-20-00-00", "latency": "45"}, {"date": "2024-02-05-20-00-00", "latency": "45"}, {"date": "2024-02-05-20-00-00", "latency": "45"}, {"date": "2024-02-05-20-00-00", "latency": "45"}, {"date": "2024-02-05-20-00-00", "latency": "45"}, {"date": "2024-02-05-20-00-00", "latency": "45"}, {"date": "2024-02-05-20-00-00", "latency": "45"}, {"date": "2024-02-05-20-00-00", "latency": "45"}, {"date": "2024-02-05-20-00-00", "latency": "45"}, {"date": "2024-02-05-04-00-00", "latency": "62"}, {"date": "2024-02-05-04-00-00", "latency": "62"}, {"date": "2024-02-05-04-00-00", "latency": "62"}, {"date": "2024-02-05-04-00-00", "latency": "62"}, {"date": "2024-02-05-04-00-00", "latency": "62"}, {"date": "2024-02-05-04-00-00", "latency": "62"}, {"date": "2024-02-05-04-00-00", "latency": "62"}, {"date": "2024-02-05-04-00-00", "latency": "62"}, {"date": "2024-02-05-04-00-00", "latency": "62"}, {"date": "2024-02-05-04-00-00", "latency": "62"}]}, {"location": {"country_code": "de"}, "game_id": "452439", "values": [{"date": "2024-02-05-10-00-00", "latency": "14"}, {"date": "2024-02-05-22-00-00", "latency": "16"}, {"date": "2024-02-05-22-00-00", "latency": "16"}, {"date": "2024-02-05-22-00-00", "latency": "16"}, {"date": "2024-02-05-22-00-00", "latency": "16"}, {"date": "2024-02-05-22-00-00", "latency": "16"}, {"date": "2024-02-05-22-00-00", "latency": "16"}, {"date": "2024-02-05-22-00-00", "latency": "23"}, {"date": "2024-02-05-22-00-00", "latency": "23"}, {"date": "2024-02-05-22-00-00", "latency": "23"}, {"date": "2024-02-05-22-00-00", "latency": "23"}, {"date": "2024-02-05-22-00-00", "latency": "23"}, {"date": "2024-02-05-22-00-00", "latency": "23"}, {"date": "2024-02-05-22-00-00", "latency": "23"}, {"date": "2024-02-05-22-00-00", "latency": "23"}, {"date": "2024-02-05-22-00-00", "latency": "23"}, {"date": "2024-02-05-22-00-00", "latency": "23"}, {"date": "2024-02-06-01-00-00", "latency": "12"}, {"date": "2024-02-06-01-00-00", "latency": "12"}, {"date": "2024-02-06-01-00-00", "latency": "12"}, {"date": "2024-02-06-01-00-00", "latency": "12"}, {"date": "2024-02-06-01-00-00", "latency": "12"}, {"date": "2024-02-06-01-00-00", "latency": "12"}, {"date": "2024-02-06-01-00-00", "latency": "12"}, {"date": "2024-02-06-01-00-00", "latency": "12"}, {"date": "2024-02-06-01-00-00", "latency": "12"}, {"date": "2024-02-06-01-00-00", "latency": "12"}, {"date": "2024-02-06-01-00-00", "latency": "12"}, {"date": "2024-02-06-01-00-00", "latency": "12"}, {"date": "2024-02-06-01-00-00", "latency": "12"}, {"date": "2024-02-06-01-00-00", "latency": "12"}, {"date": "2024-02-06-01-00-00", "latency": "12"}, {"date": "2024-02-06-01-00-00", "latency": "12"}, {"date": "2024-02-06-01-00-00", "latency": "12"}, {"date": "2024-02-06-01-00-00", "latency": "12"}, {"date": "2024-02-05-19-00-00", "latency": "31"}, {"date": "2024-02-05-23-00-00", "latency": "19"}, {"date": "2024-02-05-23-00-00", "latency": "19"}, {"date": "2024-02-05-23-00-00", "latency": "19"}, {"date": "2024-02-05-23-00-00", "latency": "19"}, {"date": "2024-02-05-23-00-00", "latency": "19"}, {"date": "2024-02-05-23-00-00", "latency": "19"}, {"date": "2024-02-05-23-00-00", "latency": "19"}]}, {"location": {"country_code": "de", "region": "Bavaria", "city": "Nuremberg"}, "game_id": "452439", "values": [{"date": "2024-02-05-18-00-00", "latency": "22"}, {"date": "2024-02-05-18-00-00", "latency": "22"}]}, {"location": {"country_code": "cn", "region": "Shanghai Municipality", "city": "Jinshan"}, "game_id": "452439", "values": [{"date": "2024-02-05-22-00-00", "latency": "13"}, {"date": "2024-02-05-22-00-00", "latency": "13"}, {"date": "2024-02-05-22-00-00", "latency": "13"}, {"date": "2024-02-05-22-00-00", "latency": "13"}]}, {"location": {"country_code": "gb", "region": "England", "city": "London"}, "game_id": "452439", "values": [{"date": "2024-02-05-21-00-00", "latency": "18"}, {"date": "2024-02-05-21-00-00", "latency": "18"}, {"date": "2024-02-05-21-00-00", "latency": "18"}, {"date": "2024-02-05-21-00-00", "latency": "18"}, {"date": "2024-02-05-21-00-00", "latency": "18"}, {"date": "2024-02-05-21-00-00", "latency": "18"}, {"date": "2024-02-05-21-00-00", "latency": "18"}, {"date": "2024-02-05-21-00-00", "latency": "18"}, {"date": "2024-02-05-21-00-00", "latency": "18"}, {"date": "2024-02-05-21-00-00", "latency": "18"}, {"date": "2024-02-05-21-00-00", "latency": "18"}, {"date": "2024-02-05-21-00-00", "latency": "18"}, {"date": "2024-02-05-21-00-00", "latency": "18"}, {"date": "2024-02-05-21-00-00", "latency": "18"}, {"date": "2024-02-05-21-00-00", "latency": "18"}, {"date": "2024-02-05-21-00-00", "latency": "18"}, {"date": "2024-02-05-21-00-00", "latency": "18"}]}, {"location": {"country_code": "gb", "region": "Scotland"}, "game_id": "452439", "values": [{"date": "2024-02-05-23-00-00", "latency": "3"}, {"date": "2024-02-05-23-00-00", "latency": "3"}, {"date": "2024-02-05-23-00-00", "latency": "3"}, {"date": "2024-02-05-23-00-00", "latency": "3"}, {"date": "2024-02-05-23-00-00", "latency": "3"}]}, {"location": {"country_code": "cl"}, "game_id": "452439", "values": [{"date": "2024-02-06-01-00-00", "latency": "52"}]}, {"location": {"country_code": "us", "region": "Texas"}, "game_id": "452439", "values": [{"date": "2024-02-06-01-00-00", "latency": "44"}, {"date": "2024-02-06-01-00-00", "latency": "44"}, {"date": "2024-02-06-01-00-00", "latency": "44"}, {"date": "2024-02-05-08-00-00", "latency": "67"}, {"date": "2024-02-05-08-00-00", "latency": "67"}, {"date": "2024-02-05-22-00-00", "latency": "36"}, {"date": "2024-02-05-22-00-00", "latency": "36"}, {"date": "2024-02-05-22-00-00", "latency": "36"}, {"date": "2024-02-05-22-00-00", "latency": "36"}, {"date": "2024-02-05-22-00-00", "latency": "36"}, {"date": "2024-02-05-22-00-00", "latency": "36"}, {"date": "2024-02-05-22-00-00", "latency": "36"}, {"date": "2024-02-05-22-00-00", "latency": "36"}, {"date": "2024-02-05-22-00-00", "latency": "36"}, {"date": "2024-02-05-22-00-00", "latency": "36"}, {"date": "2024-02-05-22-00-00", "latency": "36"}, {"date": "2024-02-05-22-00-00", "latency": "36"}, {"date": "2024-02-05-22-00-00", "latency": "36"}, {"date": "2024-02-05-22-00-00", "latency": "36"}, {"date": "2024-02-05-22-00-00", "latency": "36"}, {"date": "2024-02-05-22-00-00", "latency": "36"}, {"date": "2024-02-05-22-00-00", "latency": "36"}, {"date": "2024-02-05-22-00-00", "latency": "36"}, {"date": "2024-02-05-22-00-00", "latency": "36"}]}, {"location": {"country_code": "us", "region": "Florida"}, "game_id": "452439", "values": [{"date": "2024-02-05-05-00-00", "latency": "36"}, {"date": "2024-02-05-05-00-00", "latency": "36"}, {"date": "2024-02-05-05-00-00", "latency": "36"}, {"date": "2024-02-05-05-00-00", "latency": "36"}, {"date": "2024-02-05-05-00-00", "latency": "36"}, {"date": "2024-02-05-05-00-00", "latency": "36"}, {"date": "2024-02-05-05-00-00", "latency": "36"}, {"date": "2024-02-05-05-00-00", "latency": "36"}, {"date": "2024-02-05-05-00-00", "latency": "36"}, {"date": "2024-02-05-05-00-00", "latency": "36"}, {"date": "2024-02-05-05-00-00", "latency": "36"}, {"date": "2024-02-05-05-00-00", "latency": "36"}, {"date": "2024-02-05-05-00-00", "latency": "36"}, {"date": "2024-02-05-05-00-00", "latency": "36"}, {"date": "2024-02-05-05-00-00", "latency": "36"}, {"date": "2024-02-05-05-00-00", "latency": "36"}]}, {"location": {"country_code": "fr"}, "game_id": "452439", "values": [{"date": "2024-02-05-17-00-00", "latency": "12"}, {"date": "2024-02-05-17-00-00", "latency": "12"}, {"date": "2024-02-05-17-00-00", "latency": "12"}, {"date": "2024-02-05-17-00-00", "latency": "12"}, {"date": "2024-02-05-17-00-00", "latency": "12"}, {"date": "2024-02-05-17-00-00", "latency": "12"}, {"date": "2024-02-05-17-00-00", "latency": "12"}, {"date": "2024-02-05-17-00-00", "latency": "12"}, {"date": "2024-02-05-17-00-00", "latency": "12"}, {"date": "2024-02-05-17-00-00", "latency": "12"}, {"date": "2024-02-05-17-00-00", "latency": "12"}, {"date": "2024-02-05-17-00-00", "latency": "12"}, {"date": "2024-02-05-17-00-00", "latency": "12"}, {"date": "2024-02-05-17-00-00", "latency": "12"}, {"date": "2024-02-05-17-00-00", "latency": "12"}, {"date": "2024-02-05-17-00-00", "latency": "12"}, {"date": "2024-02-05-17-00-00", "latency": "12"}, {"date": "2024-02-05-17-00-00", "latency": "12"}, {"date": "2024-02-05-17-00-00", "latency": "12"}, {"date": "2024-02-05-17-00-00", "latency": "12"}, {"date": "2024-02-05-17-00-00", "latency": "12"}, {"date": "2024-02-05-17-00-00", "latency": "12"}, {"date": "2024-02-05-17-00-00", "latency": "12"}, {"date": "2024-02-05-17-00-00", "latency": "12"}, {"date": "2024-02-05-17-00-00", "latency": "12"}, {"date": "2024-02-05-17-00-00", "latency": "12"}, {"date": "2024-02-05-17-00-00", "latency": "12"}, {"date": "2024-02-05-17-00-00", "latency": "12"}, {"date": "2024-02-05-17-00-00", "latency": "12"}, {"date": "2024-02-05-17-00-00", "latency": "12"}, {"date": "2024-02-05-17-00-00", "latency": "12"}, {"date": "2024-02-05-12-00-00", "latency": "149"}, {"date": "2024-02-05-12-00-00", "latency": "149"}, {"date": "2024-02-05-12-00-00", "latency": "149"}, {"date": "2024-02-05-12-00-00", "latency": "149"}, {"date": "2024-02-05-12-00-00", "latency": "149"}, {"date": "2024-02-05-12-00-00", "latency": "149"}, {"date": "2024-02-05-12-00-00", "latency": "149"}, {"date": "2024-02-05-12-00-00", "latency": "149"}, {"date": "2024-02-05-23-00-00", "latency": "109"}, {"date": "2024-02-05-23-00-00", "latency": "109"}, {"date": "2024-02-05-23-00-00", "latency": "109"}, {"date": "2024-02-05-23-00-00", "latency": "109"}, {"date": "2024-02-05-23-00-00", "latency": "109"}, {"date": "2024-02-05-23-00-00", "latency": "109"}, {"date": "2024-02-05-23-00-00", "latency": "109"}, {"date": "2024-02-05-23-00-00", "latency": "109"}]}, {"location": {"country_code": "us", "region": "California"}, "game_id": "452439", "values": [{"date": "2024-02-06-01-00-00", "latency": "94"}, {"date": "2024-02-06-01-00-00", "latency": "94"}]}, {"location": {"country_code": "br"}, "game_id": "452439", "values": [{"date": "2024-02-06-01-00-00", "latency": "20"}, {"date": "2024-02-06-01-00-00", "latency": "20"}, {"date": "2024-02-06-01-00-00", "latency": "20"}, {"date": "2024-02-06-01-00-00", "latency": "20"}, {"date": "2024-02-06-01-00-00", "latency": "20"}, {"date": "2024-02-06-01-00-00", "latency": "20"}, {"date": "2024-02-06-01-00-00", "latency": "20"}, {"date": "2024-02-06-01-00-00", "latency": "20"}, {"date": "2024-02-06-01-00-00", "latency": "20"}, {"date": "2024-02-06-01-00-00", "latency": "20"}, {"date": "2024-02-06-01-00-00", "latency": "20"}, {"date": "2024-02-06-01-00-00", "latency": "153"}, {"date": "2024-02-06-01-00-00", "latency": "153"}, {"date": "2024-02-06-01-00-00", "latency": "153"}, {"date": "2024-02-06-01-00-00", "latency": "153"}, {"date": "2024-02-06-01-00-00", "latency": "153"}, {"date": "2024-02-06-01-00-00", "latency": "153"}, {"date": "2024-02-06-01-00-00", "latency": "153"}]}, {"location": {"country_code": "br", "region": "Sao Paulo", "city": "Apiai"}, "game_id": "452439", "values": [{"date": "2024-02-05-04-00-00", "latency": "7"}, {"date": "2024-02-05-04-00-00", "latency": "7"}, {"date": "2024-02-05-04-00-00", "latency": "7"}, {"date": "2024-02-05-04-00-00", "latency": "7"}, {"date": "2024-02-05-04-00-00", "latency": "7"}, {"date": "2024-02-05-04-00-00", "latency": "7"}, {"date": "2024-02-05-04-00-00", "latency": "7"}, {"date": "2024-02-05-04-00-00", "latency": "7"}, {"date": "2024-02-05-04-00-00", "latency": "7"}, {"date": "2024-02-05-04-00-00", "latency": "7"}, {"date": "2024-02-05-04-00-00", "latency": "7"}]}, {"location": {"country_code": "se"}, "game_id": "452439", "values": [{"date": "2024-02-05-20-00-00", "latency": "33"}, {"date": "2024-02-05-20-00-00", "latency": "33"}, {"date": "2024-02-05-20-00-00", "latency": "33"}, {"date": "2024-02-05-20-00-00", "latency": "33"}, {"date": "2024-02-05-20-00-00", "latency": "33"}, {"date": "2024-02-05-20-00-00", "latency": "33"}, {"date": "2024-02-05-23-00-00", "latency": "23"}, {"date": "2024-02-05-23-00-00", "latency": "23"}, {"date": "2024-02-05-23-00-00", "latency": "23"}, {"date": "2024-02-05-23-00-00", "latency": "23"}]}, {"location": {"country_code": "us", "region": "California", "city": "East Los Angeles"}, "game_id": "452439", "values": [{"date": "2024-02-05-07-00-00", "latency": "30"}, {"date": "2024-02-05-07-00-00", "latency": "30"}, {"date": "2024-02-05-07-00-00", "latency": "30"}, {"date": "2024-02-05-07-00-00", "latency": "30"}, {"date": "2024-02-05-07-00-00", "latency": "30"}, {"date": "2024-02-05-07-00-00", "latency": "30"}, {"date": "2024-02-05-07-00-00", "latency": "30"}, {"date": "2024-02-05-07-00-00", "latency": "30"}, {"date": "2024-02-05-07-00-00", "latency": "30"}, {"date": "2024-02-05-07-00-00", "latency": "30"}, {"date": "2024-02-05-07-00-00", "latency": "30"}, {"date": "2024-02-05-07-00-00", "latency": "30"}, {"date": "2024-02-05-07-00-00", "latency": "30"}, {"date": "2024-02-05-07-00-00", "latency": "30"}, {"date": "2024-02-05-07-00-00", "latency": "30"}, {"date": "2024-02-05-07-00-00", "latency": "30"}]}, {"location": {"country_code": "us", "region": "Maryland", "city": "Dundalk"}, "game_id": "452439", "values": [{"date": "2024-02-05-06-00-00", "latency": "11"}, {"date": "2024-02-05-06-00-00", "latency": "11"}, {"date": "2024-02-05-06-00-00", "latency": "11"}, {"date": "2024-02-05-06-00-00", "latency": "11"}, {"date": "2024-02-05-06-00-00", "latency": "11"}, {"date": "2024-02-05-06-00-00", "latency": "11"}]}, {"location": {"country_code": "dk"}, "game_id": "452439", "values": [{"date": "2024-02-06-00-00-00", "latency": "17"}, {"date": "2024-02-06-00-00-00", "latency": "17"}, {"date": "2024-02-06-00-00-00", "latency": "17"}, {"date": "2024-02-06-00-00-00", "latency": "17"}, {"date": "2024-02-06-00-00-00", "latency": "17"}, {"date": "2024-02-06-00-00-00", "latency": "17"}, {"date": "2024-02-06-00-00-00", "latency": "17"}, {"date": "2024-02-06-00-00-00", "latency": "17"}, {"date": "2024-02-06-00-00-00", "latency": "17"}]}, {"location": {"country_code": "ca", "region": "Ontario"}, "game_id": "452439", "values": [{"date": "2024-02-05-20-00-00", "latency": "27"}, {"date": "2024-02-05-20-00-00", "latency": "27"}, {"date": "2024-02-05-20-00-00", "latency": "27"}, {"date": "2024-02-05-20-00-00", "latency": "27"}, {"date": "2024-02-05-20-00-00", "latency": "27"}, {"date": "2024-02-05-20-00-00", "latency": "27"}, {"date": "2024-02-05-20-00-00", "latency": "27"}, {"date": "2024-02-05-20-00-00", "latency": "27"}, {"date": "2024-02-05-20-00-00", "latency": "27"}, {"date": "2024-02-05-20-00-00", "latency": "27"}, {"date": "2024-02-05-20-00-00", "latency": "27"}, {"date": "2024-02-05-20-00-00", "latency": "27"}, {"date": "2024-02-05-20-00-00", "latency": "27"}, {"date": "2024-02-05-20-00-00", "latency": "27"}, {"date": "2024-02-05-20-00-00", "latency": "27"}, {"date": "2024-02-05-20-00-00", "latency": "27"}, {"date": "2024-02-05-20-00-00", "latency": "27"}, {"date": "2024-02-05-20-00-00", "latency": "27"}, {"date": "2024-02-05-20-00-00", "latency": "27"}]}, {"location": {"country_code": "ar"}, "game_id": "452439", "values": [{"date": "2024-02-05-04-00-00", "latency": "36"}, {"date": "2024-02-05-04-00-00", "latency": "36"}, {"date": "2024-02-05-04-00-00", "latency": "36"}, {"date": "2024-02-05-04-00-00", "latency": "36"}, {"date": "2024-02-05-04-00-00", "latency": "44"}, {"date": "2024-02-05-04-00-00", "latency": "44"}, {"date": "2024-02-05-04-00-00", "latency": "44"}, {"date": "2024-02-05-04-00-00", "latency": "44"}, {"date": "2024-02-05-04-00-00", "latency": "44"}, {"date": "2024-02-05-04-00-00", "latency": "44"}, {"date": "2024-02-05-04-00-00", "latency": "44"}, {"date": "2024-02-05-04-00-00", "latency": "44"}, {"date": "2024-02-05-04-00-00", "latency": "44"}, {"date": "2024-02-05-04-00-00", "latency": "44"}, {"date": "2024-02-05-01-00-00", "latency": "32"}, {"date": "2024-02-05-01-00-00", "latency": "32"}, {"date": "2024-02-05-01-00-00", "latency": "32"}, {"date": "2024-02-05-01-00-00", "latency": "32"}, {"date": "2024-02-05-01-00-00", "latency": "32"}, {"date": "2024-02-05-01-00-00", "latency": "32"}, {"date": "2024-02-05-01-00-00", "latency": "32"}, {"date": "2024-02-05-01-00-00", "latency": "32"}, {"date": "2024-02-05-01-00-00", "latency": "32"}, {"date": "2024-02-05-01-00-00", "latency": "32"}, {"date": "2024-02-05-01-00-00", "latency": "32"}, {"date": "2024-02-05-01-00-00", "latency": "32"}, {"date": "2024-02-05-01-00-00", "latency": "32"}, {"date": "2024-02-05-01-00-00", "latency": "32"}, {"date": "2024-02-06-00-00-00", "latency": "50"}, {"date": "2024-02-06-00-00-00", "latency": "50"}, {"date": "2024-02-06-00-00-00", "latency": "50"}, {"date": "2024-02-06-00-00-00", "latency": "50"}, {"date": "2024-02-06-00-00-00", "latency": "50"}, {"date": "2024-02-06-00-00-00", "latency": "50"}, {"date": "2024-02-06-00-00-00", "latency": "50"}, {"date": "2024-02-06-00-00-00", "latency": "50"}, {"date": "2024-02-06-00-00-00", "latency": "50"}, {"date": "2024-02-06-00-00-00", "latency": "50"}, {"date": "2024-02-06-00-00-00", "latency": "50"}, {"date": "2024-02-06-00-00-00", "latency": "50"}, {"date": "2024-02-06-00-00-00", "latency": "50"}, {"date": "2024-02-06-00-00-00", "latency": "50"}, {"date": "2024-02-06-00-00-00", "latency": "50"}, {"date": "2024-02-05-18-00-00", "latency": "41"}, {"date": "2024-02-05-18-00-00", "latency": "41"}, {"date": "2024-02-05-18-00-00", "latency": "41"}, {"date": "2024-02-05-18-00-00", "latency": "41"}, {"date": "2024-02-05-18-00-00", "latency": "41"}, {"date": "2024-02-05-18-00-00", "latency": "41"}, {"date": "2024-02-05-18-00-00", "latency": "41"}, {"date": "2024-02-05-18-00-00", "latency": "41"}, {"date": "2024-02-05-18-00-00", "latency": "41"}, {"date": "2024-02-05-18-00-00", "latency": "41"}, {"date": "2024-02-05-18-00-00", "latency": "41"}, {"date": "2024-02-05-18-00-00", "latency": "41"}, {"date": "2024-02-05-18-00-00", "latency": "41"}]}, {"location": {"country_code": "fi"}, "game_id": "452439", "values": [{"date": "2024-02-05-12-00-00", "latency": "63"}, {"date": "2024-02-05-12-00-00", "latency": "63"}, {"date": "2024-02-05-12-00-00", "latency": "63"}, {"date": "2024-02-05-12-00-00", "latency": "63"}, {"date": "2024-02-05-12-00-00", "latency": "63"}, {"date": "2024-02-05-12-00-00", "latency": "63"}, {"date": "2024-02-05-12-00-00", "latency": "63"}, {"date": "2024-02-05-12-00-00", "latency": "63"}, {"date": "2024-02-05-12-00-00", "latency": "63"}, {"date": "2024-02-05-12-00-00", "latency": "63"}, {"date": "2024-02-05-20-00-00", "latency": "37"}, {"date": "2024-02-05-20-00-00", "latency": "37"}, {"date": "2024-02-05-20-00-00", "latency": "37"}, {"date": "2024-02-05-20-00-00", "latency": "37"}, {"date": "2024-02-05-20-00-00", "latency": "37"}, {"date": "2024-02-05-20-00-00", "latency": "37"}, {"date": "2024-02-05-20-00-00", "latency": "37"}, {"date": "2024-02-05-17-00-00", "latency": "63"}, {"date": "2024-02-05-17-00-00", "latency": "63"}, {"date": "2024-02-05-17-00-00", "latency": "63"}, {"date": "2024-02-05-17-00-00", "latency": "63"}, {"date": "2024-02-05-17-00-00", "latency": "63"}, {"date": "2024-02-05-17-00-00", "latency": "63"}, {"date": "2024-02-05-17-00-00", "latency": "63"}, {"date": "2024-02-05-17-00-00", "latency": "63"}, {"date": "2024-02-05-17-00-00", "latency": "63"}, {"date": "2024-02-05-17-00-00", "latency": "63"}, {"date": "2024-02-05-17-00-00", "latency": "63"}, {"date": "2024-02-05-17-00-00", "latency": "63"}, {"date": "2024-02-05-17-00-00", "latency": "63"}]}, {"location": {"country_code": "ca", "region": "Alberta"}, "game_id": "452439", "values": [{"date": "2024-02-05-02-00-00", "latency": "111"}, {"date": "2024-02-05-02-00-00", "latency": "111"}, {"date": "2024-02-05-02-00-00", "latency": "111"}, {"date": "2024-02-05-02-00-00", "latency": "111"}, {"date": "2024-02-05-02-00-00", "latency": "111"}, {"date": "2024-02-05-02-00-00", "latency": "111"}, {"date": "2024-02-05-02-00-00", "latency": "111"}, {"date": "2024-02-05-02-00-00", "latency": "111"}, {"date": "2024-02-05-02-00-00", "latency": "111"}, {"date": "2024-02-05-02-00-00", "latency": "111"}, {"date": "2024-02-05-02-00-00", "latency": "111"}]}, {"location": {"country_code": "de", "region": "Free and Hanseatic City of Hamburg", "city": "Hamburg"}, "game_id": "452439", "values": [{"date": "2024-02-05-21-00-00", "latency": "26"}, {"date": "2024-02-05-21-00-00", "latency": "26"}, {"date": "2024-02-05-21-00-00", "latency": "26"}, {"date": "2024-02-05-21-00-00", "latency": "26"}]}, {"location": {"country_code": "ru", "region": "Moscow", "city": "Zelenograd"}, "game_id": "452439", "values": [{"date": "2024-02-05-21-00-00", "latency": "45"}, {"date": "2024-02-05-21-00-00", "latency": "45"}, {"date": "2024-02-05-21-00-00", "latency": "45"}, {"date": "2024-02-05-21-00-00", "latency": "45"}, {"date": "2024-02-05-21-00-00", "latency": "45"}, {"date": "2024-02-05-21-00-00", "latency": "45"}, {"date": "2024-02-05-21-00-00", "latency": "45"}, {"date": "2024-02-05-21-00-00", "latency": "45"}, {"date": "2024-02-05-21-00-00", "latency": "45"}, {"date": "2024-02-05-21-00-00", "latency": "45"}, {"date": "2024-02-05-21-00-00", "latency": "45"}, {"date": "2024-02-05-21-00-00", "latency": "45"}, {"date": "2024-02-05-21-00-00", "latency": "45"}, {"date": "2024-02-05-21-00-00", "latency": "45"}, {"date": "2024-02-05-21-00-00", "latency": "45"}, {"date": "2024-02-05-21-00-00", "latency": "45"}, {"date": "2024-02-05-21-00-00", "latency": "45"}, {"date": "2024-02-05-21-00-00", "latency": "45"}, {"date": "2024-02-05-21-00-00", "latency": "45"}]}, {"location": {"country_code": "ar", "region": "Buenos Aires"}, "game_id": "452439", "values": [{"date": "2024-02-05-21-00-00", "latency": "41"}, {"date": "2024-02-05-21-00-00", "latency": "41"}, {"date": "2024-02-05-21-00-00", "latency": "41"}, {"date": "2024-02-05-21-00-00", "latency": "41"}, {"date": "2024-02-05-23-00-00", "latency": "32"}, {"date": "2024-02-05-23-00-00", "latency": "32"}, {"date": "2024-02-05-23-00-00", "latency": "32"}]}, {"location": {"country_code": "us", "region": "Virginia"}, "game_id": "452439", "values": [{"date": "2024-02-05-16-00-00", "latency": "9"}, {"date": "2024-02-05-16-00-00", "latency": "9"}, {"date": "2024-02-05-16-00-00", "latency": "9"}, {"date": "2024-02-05-16-00-00", "latency": "9"}, {"date": "2024-02-05-16-00-00", "latency": "9"}, {"date": "2024-02-05-16-00-00", "latency": "9"}, {"date": "2024-02-05-16-00-00", "latency": "9"}, {"date": "2024-02-05-16-00-00", "latency": "9"}, {"date": "2024-02-05-16-00-00", "latency": "9"}, {"date": "2024-02-05-16-00-00", "latency": "9"}, {"date": "2024-02-05-16-00-00", "latency": "9"}, {"date": "2024-02-05-16-00-00", "latency": "9"}]}, {"location": {"country_code": "br", "region": "Santa Catarina", "city": "Jaragua do Sul"}, "game_id": "452439", "values": [{"date": "2024-02-05-02-00-00", "latency": "7"}]}, {"location": {"country_code": "us", "region": "Pennsylvania", "city": "Pittsburgh"}, "game_id": "452439", "values": [{"date": "2024-02-06-01-00-00", "latency": "143"}, {"date": "2024-02-06-01-00-00", "latency": "143"}, {"date": "2024-02-06-01-00-00", "latency": "143"}, {"date": "2024-02-06-01-00-00", "latency": "143"}, {"date": "2024-02-06-01-00-00", "latency": "143"}, {"date": "2024-02-06-01-00-00", "latency": "143"}, {"date": "2024-02-06-01-00-00", "latency": "143"}, {"date": "2024-02-06-01-00-00", "latency": "143"}, {"date": "2024-02-06-01-00-00", "latency": "143"}, {"date": "2024-02-06-01-00-00", "latency": "143"}, {"date": "2024-02-06-01-00-00", "latency": "143"}, {"date": "2024-02-06-01-00-00", "latency": "143"}, {"date": "2024-02-06-01-00-00", "latency": "143"}]}, {"location": {"country_code": "at"}, "game_id": "452439", "values": [{"date": "2024-02-06-00-00-00", "latency": "64"}, {"date": "2024-02-06-00-00-00", "latency": "64"}, {"date": "2024-02-06-00-00-00", "latency": "64"}, {"date": "2024-02-05-20-00-00", "latency": "36"}, {"date": "2024-02-05-20-00-00", "latency": "36"}, {"date": "2024-02-05-20-00-00", "latency": "36"}, {"date": "2024-02-05-20-00-00", "latency": "36"}, {"date": "2024-02-05-20-00-00", "latency": "36"}, {"date": "2024-02-05-20-00-00", "latency": "36"}, {"date": "2024-02-05-20-00-00", "latency": "36"}, {"date": "2024-02-05-20-00-00", "latency": "36"}, {"date": "2024-02-05-20-00-00", "latency": "36"}]}, {"location": {"country_code": "at", "region": "Styria", "city": "Angenofen"}, "game_id": "452439", "values": [{"date": "2024-02-06-00-00-00", "latency": "64"}, {"date": "2024-02-06-00-00-00", "latency": "64"}, {"date": "2024-02-06-00-00-00", "latency": "64"}, {"date": "2024-02-06-00-00-00", "latency": "64"}, {"date": "2024-02-06-00-00-00", "latency": "64"}, {"date": "2024-02-06-00-00-00", "latency": "64"}, {"date": "2024-02-06-00-00-00", "latency": "64"}, {"date": "2024-02-06-00-00-00", "latency": "64"}, {"date": "2024-02-06-00-00-00", "latency": "64"}, {"date": "2024-02-06-00-00-00", "latency": "64"}, {"date": "2024-02-06-00-00-00", "latency": "64"}, {"date": "2024-02-06-00-00-00", "latency": "64"}, {"date": "2024-02-06-00-00-00", "latency": "64"}, {"date": "2024-02-06-00-00-00", "latency": "64"}, {"date": "2024-02-06-00-00-00", "latency": "64"}]}, {"location": {"country_code": "us", "region": "Arizona"}, "game_id": "452439", "values": [{"date": "2024-02-05-04-00-00", "latency": "28"}, {"date": "2024-02-05-04-00-00", "latency": "28"}, {"date": "2024-02-05-04-00-00", "latency": "28"}, {"date": "2024-02-05-04-00-00", "latency": "28"}, {"date": "2024-02-05-04-00-00", "latency": "28"}, {"date": "2024-02-05-04-00-00", "latency": "28"}, {"date": "2024-02-05-04-00-00", "latency": "28"}]}, {"location": {"country_code": "ve"}, "game_id": "452439", "values": [{"date": "2024-02-05-03-00-00", "latency": "59"}, {"date": "2024-02-05-03-00-00", "latency": "59"}, {"date": "2024-02-05-03-00-00", "latency": "59"}, {"date": "2024-02-05-03-00-00", "latency": "59"}, {"date": "2024-02-05-03-00-00", "latency": "59"}, {"date": "2024-02-05-03-00-00", "latency": "59"}, {"date": "2024-02-05-03-00-00", "latency": "59"}, {"date": "2024-02-05-03-00-00", "latency": "59"}, {"date": "2024-02-05-03-00-00", "latency": "59"}, {"date": "2024-02-05-03-00-00", "latency": "59"}, {"date": "2024-02-05-03-00-00", "latency": "59"}]}, {"location": {"country_code": "es", "region": "Aragon", "city": "Zaragoza"}, "game_id": "452439", "values": [{"date": "2024-02-06-00-00-00", "latency": "44"}, {"date": "2024-02-06-00-00-00", "latency": "44"}, {"date": "2024-02-06-00-00-00", "latency": "44"}, {"date": "2024-02-06-00-00-00", "latency": "44"}, {"date": "2024-02-06-00-00-00", "latency": "44"}, {"date": "2024-02-06-00-00-00", "latency": "44"}, {"date": "2024-02-06-00-00-00", "latency": "44"}, {"date": "2024-02-06-00-00-00", "latency": "44"}, {"date": "2024-02-06-00-00-00", "latency": "44"}, {"date": "2024-02-06-00-00-00", "latency": "44"}, {"date": "2024-02-06-00-00-00", "latency": "44"}, {"date": "2024-02-06-00-00-00", "latency": "44"}, {"date": "2024-02-06-00-00-00", "latency": "44"}, {"date": "2024-02-06-00-00-00", "latency": "44"}, {"date": "2024-02-06-00-00-00", "latency": "44"}, {"date": "2024-02-06-00-00-00", "latency": "44"}, {"date": "2024-02-06-00-00-00", "latency": "44"}, {"date": "2024-02-06-00-00-00", "latency": "44"}, {"date": "2024-02-06-00-00-00", "latency": "44"}]}, {"location": {"country_code": "es", "region": "Catalonia", "city": "l'Hospitalet de Llobregat"}, "game_id": "452439", "values": [{"date": "2024-02-05-12-00-00", "latency": "37"}, {"date": "2024-02-05-12-00-00", "latency": "37"}, {"date": "2024-02-05-12-00-00", "latency": "37"}, {"date": "2024-02-05-12-00-00", "latency": "37"}, {"date": "2024-02-05-12-00-00", "latency": "37"}, {"date": "2024-02-05-12-00-00", "latency": "37"}, {"date": "2024-02-05-12-00-00", "latency": "37"}, {"date": "2024-02-05-12-00-00", "latency": "37"}, {"date": "2024-02-05-12-00-00", "latency": "37"}, {"date": "2024-02-05-12-00-00", "latency": "37"}, {"date": "2024-02-05-12-00-00", "latency": "37"}, {"date": "2024-02-05-12-00-00", "latency": "37"}, {"date": "2024-02-05-12-00-00", "latency": "37"}, {"date": "2024-02-05-12-00-00", "latency": "37"}, {"date": "2024-02-05-12-00-00", "latency": "37"}, {"date": "2024-02-05-12-00-00", "latency": "37"}]}, {"location": {"country_code": "us", "region": "North Carolina"}, "game_id": "452439", "values": [{"date": "2024-02-06-01-00-00", "latency": "77"}, {"date": "2024-02-06-01-00-00", "latency": "77"}, {"date": "2024-02-06-01-00-00", "latency": "77"}]}, {"location": {"country_code": "ua"}, "game_id": "452439", "values": [{"date": "2024-02-05-21-00-00", "latency": "35"}, {"date": "2024-02-05-21-00-00", "latency": "35"}, {"date": "2024-02-05-21-00-00", "latency": "35"}, {"date": "2024-02-05-21-00-00", "latency": "35"}, {"date": "2024-02-05-21-00-00", "latency": "35"}, {"date": "2024-02-05-21-00-00", "latency": "35"}, {"date": "2024-02-05-21-00-00", "latency": "35"}, {"date": "2024-02-05-21-00-00", "latency": "35"}, {"date": "2024-02-05-21-00-00", "latency": "35"}, {"date": "2024-02-05-21-00-00", "latency": "35"}, {"date": "2024-02-05-21-00-00", "latency": "35"}, {"date": "2024-02-05-21-00-00", "latency": "35"}, {"date": "2024-02-05-21-00-00", "latency": "35"}, {"date": "2024-02-05-17-00-00", "latency": "33"}, {"date": "2024-02-05-17-00-00", "latency": "33"}, {"date": "2024-02-05-17-00-00", "latency": "33"}, {"date": "2024-02-05-17-00-00", "latency": "33"}, {"date": "2024-02-05-17-00-00", "latency": "33"}, {"date": "2024-02-05-17-00-00", "latency": "33"}, {"date": "2024-02-05-17-00-00", "latency": "33"}, {"date": "2024-02-05-17-00-00", "latency": "33"}, {"date": "2024-02-05-17-00-00", "latency": "33"}]}, {"location": {"country_code": "us", "region": "District of Columbia", "city": "Washington"}, "game_id": "452439", "values": [{"date": "2024-02-06-01-00-00", "latency": "39"}, {"date": "2024-02-06-01-00-00", "latency": "39"}]}, {"location": {"country_code": "ca", "region": "Ontario", "city": "Toronto"}, "game_id": "452439", "values": [{"date": "2024-02-05-05-00-00", "latency": "40"}, {"date": "2024-02-05-05-00-00", "latency": "40"}]}, {"location": {"country_code": "ru"}, "game_id": "452439", "values": [{"date": "2024-02-06-01-00-00", "latency": "82"}, {"date": "2024-02-06-01-00-00", "latency": "82"}, {"date": "2024-02-06-01-00-00", "latency": "82"}, {"date": "2024-02-06-01-00-00", "latency": "82"}, {"date": "2024-02-06-01-00-00", "latency": "82"}, {"date": "2024-02-06-01-00-00", "latency": "82"}, {"date": "2024-02-06-01-00-00", "latency": "82"}, {"date": "2024-02-06-01-00-00", "latency": "82"}, {"date": "2024-02-06-01-00-00", "latency": "82"}, {"date": "2024-02-06-01-00-00", "latency": "82"}, {"date": "2024-02-06-01-00-00", "latency": "82"}, {"date": "2024-02-06-01-00-00", "latency": "82"}, {"date": "2024-02-06-01-00-00", "latency": "82"}, {"date": "2024-02-06-01-00-00", "latency": "82"}, {"date": "2024-02-06-01-00-00", "latency": "82"}, {"date": "2024-02-06-01-00-00", "latency": "82"}, {"date": "2024-02-06-01-00-00", "latency": "82"}, {"date": "2024-02-06-01-00-00", "latency": "82"}, {"date": "2024-02-06-01-00-00", "latency": "82"}, {"date": "2024-02-06-01-00-00", "latency": "82"}, {"date": "2024-02-06-01-00-00", "latency": "82"}, {"date": "2024-02-06-01-00-00", "latency": "82"}, {"date": "2024-02-06-01-00-00", "latency": "82"}, {"date": "2024-02-05-20-00-00", "latency": "64"}, {"date": "2024-02-05-20-00-00", "latency": "64"}, {"date": "2024-02-05-20-00-00", "latency": "64"}, {"date": "2024-02-05-20-00-00", "latency": "64"}, {"date": "2024-02-05-20-00-00", "latency": "64"}, {"date": "2024-02-05-20-00-00", "latency": "64"}, {"date": "2024-02-05-20-00-00", "latency": "64"}, {"date": "2024-02-05-20-00-00", "latency": "64"}, {"date": "2024-02-05-20-00-00", "latency": "64"}, {"date": "2024-02-05-20-00-00", "latency": "64"}, {"date": "2024-02-05-20-00-00", "latency": "64"}, {"date": "2024-02-05-20-00-00", "latency": "64"}, {"date": "2024-02-05-20-00-00", "latency": "64"}, {"date": "2024-02-05-20-00-00", "latency": "64"}, {"date": "2024-02-05-20-00-00", "latency": "64"}, {"date": "2024-02-05-20-00-00", "latency": "64"}, {"date": "2024-02-05-20-00-00", "latency": "64"}, {"date": "2024-02-05-20-00-00", "latency": "64"}, {"date": "2024-02-05-20-00-00", "latency": "64"}]}, {"location": {"country_code": "my"}, "game_id": "452439", "values": [{"date": "2024-02-05-08-00-00", "latency": "43"}, {"date": "2024-02-05-08-00-00", "latency": "43"}, {"date": "2024-02-05-08-00-00", "latency": "43"}, {"date": "2024-02-05-08-00-00", "latency": "43"}]}, {"location": {"country_code": "us", "region": "Illinois"}, "game_id": "452439", "values": [{"date": "2024-02-05-02-00-00", "latency": "61"}, {"date": "2024-02-05-02-00-00", "latency": "61"}, {"date": "2024-02-05-02-00-00", "latency": "61"}, {"date": "2024-02-05-02-00-00", "latency": "61"}, {"date": "2024-02-05-02-00-00", "latency": "61"}, {"date": "2024-02-05-02-00-00", "latency": "61"}]}, {"location": {"country_code": "pt"}, "game_id": "452439", "values": [{"date": "2024-02-06-00-00-00", "latency": "108"}, {"date": "2024-02-06-00-00-00", "latency": "108"}, {"date": "2024-02-06-00-00-00", "latency": "108"}, {"date": "2024-02-06-00-00-00", "latency": "108"}, {"date": "2024-02-06-00-00-00", "latency": "108"}, {"date": "2024-02-06-00-00-00", "latency": "108"}, {"date": "2024-02-06-00-00-00", "latency": "108"}, {"date": "2024-02-06-00-00-00", "latency": "108"}, {"date": "2024-02-06-00-00-00", "latency": "108"}, {"date": "2024-02-06-00-00-00", "latency": "108"}, {"date": "2024-02-06-00-00-00", "latency": "108"}, {"date": "2024-02-06-00-00-00", "latency": "108"}, {"date": "2024-02-06-00-00-00", "latency": "108"}, {"date": "2024-02-06-00-00-00", "latency": "108"}, {"date": "2024-02-06-00-00-00", "latency": "108"}, {"date": "2024-02-06-00-00-00", "latency": "108"}, {"date": "2024-02-06-00-00-00", "latency": "108"}, {"date": "2024-02-06-00-00-00", "latency": "108"}]}, {"location": {"country_code": "us", "region": "Nebraska"}, "game_id": "452439", "values": [{"date": "2024-02-05-03-00-00", "latency": "61"}, {"date": "2024-02-05-03-00-00", "latency": "61"}, {"date": "2024-02-05-03-00-00", "latency": "61"}, {"date": "2024-02-05-03-00-00", "latency": "61"}, {"date": "2024-02-05-03-00-00", "latency": "61"}]}, {"location": {"country_code": "fr", "region": "Ile-de-France Region", "city": "Paris"}, "game_id": "452439", "values": [{"date": "2024-02-05-14-00-00", "latency": "44"}, {"date": "2024-02-05-14-00-00", "latency": "44"}, {"date": "2024-02-05-14-00-00", "latency": "44"}, {"date": "2024-02-05-14-00-00", "latency": "44"}, {"date": "2024-02-05-14-00-00", "latency": "44"}, {"date": "2024-02-05-14-00-00", "latency": "44"}, {"date": "2024-02-05-14-00-00", "latency": "44"}, {"date": "2024-02-05-14-00-00", "latency": "44"}, {"date": "2024-02-05-14-00-00", "latency": "44"}]}, {"location": {"country_code": "us", "region": "Arizona", "city": "Phoenix"}, "game_id": "452439", "values": [{"date": "2024-02-05-07-00-00", "latency": "68"}, {"date": "2024-02-05-07-00-00", "latency": "68"}, {"date": "2024-02-05-07-00-00", "latency": "68"}, {"date": "2024-02-05-07-00-00", "latency": "68"}, {"date": "2024-02-05-07-00-00", "latency": "68"}, {"date": "2024-02-05-07-00-00", "latency": "68"}, {"date": "2024-02-05-07-00-00", "latency": "68"}, {"date": "2024-02-05-07-00-00", "latency": "68"}, {"date": "2024-02-05-07-00-00", "latency": "68"}, {"date": "2024-02-05-07-00-00", "latency": "68"}, {"date": "2024-02-05-07-00-00", "latency": "68"}, {"date": "2024-02-05-07-00-00", "latency": "68"}, {"date": "2024-02-05-07-00-00", "latency": "68"}, {"date": "2024-02-05-07-00-00", "latency": "68"}, {"date": "2024-02-05-07-00-00", "latency": "68"}, {"date": "2024-02-05-07-00-00", "latency": "68"}, {"date": "2024-02-05-07-00-00", "latency": "68"}, {"date": "2024-02-05-07-00-00", "latency": "68"}, {"date": "2024-02-05-07-00-00", "latency": "68"}]}, {"location": {"country_code": "ca", "region": "Nova Scotia", "city": "Bedford"}, "game_id": "452439", "values": [{"date": "2024-02-05-08-00-00", "latency": "34"}, {"date": "2024-02-05-08-00-00", "latency": "34"}, {"date": "2024-02-05-08-00-00", "latency": "34"}, {"date": "2024-02-05-08-00-00", "latency": "34"}, {"date": "2024-02-05-08-00-00", "latency": "34"}, {"date": "2024-02-05-08-00-00", "latency": "34"}, {"date": "2024-02-05-08-00-00", "latency": "34"}, {"date": "2024-02-05-08-00-00", "latency": "34"}, {"date": "2024-02-05-08-00-00", "latency": "34"}, {"date": "2024-02-05-08-00-00", "latency": "34"}, {"date": "2024-02-05-08-00-00", "latency": "34"}, {"date": "2024-02-05-08-00-00", "latency": "34"}, {"date": "2024-02-05-08-00-00", "latency": "34"}, {"date": "2024-02-05-08-00-00", "latency": "34"}, {"date": "2024-02-05-08-00-00", "latency": "34"}, {"date": "2024-02-05-08-00-00", "latency": "34"}, {"date": "2024-02-05-08-00-00", "latency": "34"}, {"date": "2024-02-05-08-00-00", "latency": "34"}, {"date": "2024-02-05-08-00-00", "latency": "34"}, {"date": "2024-02-05-08-00-00", "latency": "34"}, {"date": "2024-02-05-08-00-00", "latency": "34"}, {"date": "2024-02-05-08-00-00", "latency": "34"}, {"date": "2024-02-05-08-00-00", "latency": "34"}, {"date": "2024-02-05-08-00-00", "latency": "34"}, {"date": "2024-02-05-08-00-00", "latency": "34"}, {"date": "2024-02-05-08-00-00", "latency": "34"}, {"date": "2024-02-05-08-00-00", "latency": "34"}, {"date": "2024-02-05-08-00-00", "latency": "34"}, {"date": "2024-02-05-08-00-00", "latency": "34"}, {"date": "2024-02-05-08-00-00", "latency": "34"}, {"date": "2024-02-05-08-00-00", "latency": "34"}]}, {"location": {"country_code": "au", "region": "Queensland", "city": "Brisbane"}, "game_id": "452439", "values": [{"date": "2024-02-05-10-00-00", "latency": "54"}, {"date": "2024-02-05-10-00-00", "latency": "54"}, {"date": "2024-02-05-10-00-00", "latency": "54"}, {"date": "2024-02-05-10-00-00", "latency": "54"}, {"date": "2024-02-05-10-00-00", "latency": "54"}, {"date": "2024-02-05-10-00-00", "latency": "54"}, {"date": "2024-02-05-10-00-00", "latency": "54"}]}, {"location": {"country_code": "de", "region": "Baden-Wurttemberg"}, "game_id": "452439", "values": [{"date": "2024-02-06-00-00-00", "latency": "90"}]}, {"location": {"country_code": "ca", "region": "British Columbia"}, "game_id": "452439", "values": [{"date": "2024-02-05-04-00-00", "latency": "80"}, {"date": "2024-02-05-04-00-00", "latency": "80"}, {"date": "2024-02-05-04-00-00", "latency": "80"}, {"date": "2024-02-05-04-00-00", "latency": "80"}, {"date": "2024-02-05-04-00-00", "latency": "80"}, {"date": "2024-02-05-04-00-00", "latency": "80"}, {"date": "2024-02-05-04-00-00", "latency": "80"}, {"date": "2024-02-05-04-00-00", "latency": "80"}, {"date": "2024-02-05-04-00-00", "latency": "80"}, {"date": "2024-02-05-04-00-00", "latency": "80"}, {"date": "2024-02-05-04-00-00", "latency": "80"}]}, {"location": {"country_code": "fr", "region": "Nord-Passo di Calais-Piccardia", "city": "Lille"}, "game_id": "452439", "values": [{"date": "2024-02-06-00-00-00", "latency": "15"}, {"date": "2024-02-06-00-00-00", "latency": "15"}, {"date": "2024-02-06-00-00-00", "latency": "15"}, {"date": "2024-02-06-00-00-00", "latency": "15"}, {"date": "2024-02-06-00-00-00", "latency": "15"}, {"date": "2024-02-06-00-00-00", "latency": "15"}, {"date": "2024-02-06-00-00-00", "latency": "15"}, {"date": "2024-02-06-00-00-00", "latency": "15"}, {"date": "2024-02-06-00-00-00", "latency": "15"}, {"date": "2024-02-06-00-00-00", "latency": "15"}, {"date": "2024-02-06-00-00-00", "latency": "15"}, {"date": "2024-02-06-00-00-00", "latency": "15"}]}, {"location": {"country_code": "ar", "region": "Tucuman Province", "city": "San Miguel de Tucuman"}, "game_id": "452439", "values": [{"date": "2024-02-05-06-00-00", "latency": "57"}, {"date": "2024-02-05-06-00-00", "latency": "57"}, {"date": "2024-02-05-06-00-00", "latency": "57"}, {"date": "2024-02-05-06-00-00", "latency": "57"}, {"date": "2024-02-05-06-00-00", "latency": "57"}, {"date": "2024-02-05-06-00-00", "latency": "57"}, {"date": "2024-02-05-06-00-00", "latency": "57"}, {"date": "2024-02-05-06-00-00", "latency": "57"}, {"date": "2024-02-05-06-00-00", "latency": "57"}, {"date": "2024-02-05-06-00-00", "latency": "57"}, {"date": "2024-02-05-06-00-00", "latency": "57"}]}, {"location": {"country_code": "us", "region": "Washington", "city": "Seattle"}, "game_id": "452439", "values": [{"date": "2024-02-05-23-00-00", "latency": "93"}, {"date": "2024-02-05-23-00-00", "latency": "93"}, {"date": "2024-02-05-23-00-00", "latency": "93"}, {"date": "2024-02-05-23-00-00", "latency": "93"}, {"date": "2024-02-05-23-00-00", "latency": "93"}, {"date": "2024-02-05-23-00-00", "latency": "93"}, {"date": "2024-02-05-23-00-00", "latency": "93"}, {"date": "2024-02-05-23-00-00", "latency": "93"}, {"date": "2024-02-05-23-00-00", "latency": "93"}, {"date": "2024-02-05-23-00-00", "latency": "93"}, {"date": "2024-02-05-23-00-00", "latency": "93"}]}, {"location": {"country_code": "de", "region": "North Rhine-Westphalia"}, "game_id": "452439", "values": [{"date": "2024-02-06-01-00-00", "latency": "56"}, {"date": "2024-02-06-01-00-00", "latency": "56"}, {"date": "2024-02-06-01-00-00", "latency": "56"}, {"date": "2024-02-06-01-00-00", "latency": "56"}, {"date": "2024-02-06-01-00-00", "latency": "56"}, {"date": "2024-02-06-01-00-00", "latency": "56"}, {"date": "2024-02-06-01-00-00", "latency": "56"}, {"date": "2024-02-06-01-00-00", "latency": "56"}, {"date": "2024-02-06-01-00-00", "latency": "56"}, {"date": "2024-02-06-01-00-00", "latency": "56"}, {"date": "2024-02-06-01-00-00", "latency": "56"}, {"date": "2024-02-06-01-00-00", "latency": "56"}, {"date": "2024-02-06-01-00-00", "latency": "56"}, {"date": "2024-02-06-01-00-00", "latency": "56"}, {"date": "2024-02-06-01-00-00", "latency": "56"}, {"date": "2024-02-06-01-00-00", "latency": "56"}, {"date": "2024-02-06-01-00-00", "latency": "56"}, {"date": "2024-02-06-01-00-00", "latency": "56"}, {"date": "2024-02-06-01-00-00", "latency": "56"}, {"date": "2024-02-06-01-00-00", "latency": "56"}, {"date": "2024-02-06-01-00-00", "latency": "56"}]}, {"location": {"country_code": "de", "region": "Saxony", "city": "Leipzig"}, "game_id": "452439", "values": [{"date": "2024-02-05-20-00-00", "latency": "31"}, {"date": "2024-02-05-20-00-00", "latency": "31"}, {"date": "2024-02-05-20-00-00", "latency": "31"}]}, {"location": {"country_code": "fr", "region": "Nord-Passo di Calais-Piccardia"}, "game_id": "452439", "values": [{"date": "2024-02-06-00-00-00", "latency": "20"}, {"date": "2024-02-06-00-00-00", "latency": "20"}, {"date": "2024-02-06-00-00-00", "latency": "20"}, {"date": "2024-02-06-00-00-00", "latency": "20"}, {"date": "2024-02-06-00-00-00", "latency": "20"}, {"date": "2024-02-06-00-00-00", "latency": "20"}, {"date": "2024-02-06-00-00-00", "latency": "20"}, {"date": "2024-02-06-00-00-00", "latency": "20"}, {"date": "2024-02-06-00-00-00", "latency": "20"}, {"date": "2024-02-06-00-00-00", "latency": "20"}, {"date": "2024-02-06-00-00-00", "latency": "20"}]}, {"location": {"country_code": "us", "region": "Mississippi"}, "game_id": "452439", "values": [{"date": "2024-02-05-23-00-00", "latency": "1"}, {"date": "2024-02-05-23-00-00", "latency": "1"}, {"date": "2024-02-05-23-00-00", "latency": "1"}, {"date": "2024-02-05-23-00-00", "latency": "1"}]}, {"location": {"country_code": "br", "region": "Amazonas", "city": "Manaus"}, "game_id": "452439", "values": [{"date": "2024-02-06-01-00-00", "latency": "71"}, {"date": "2024-02-06-01-00-00", "latency": "71"}, {"date": "2024-02-06-01-00-00", "latency": "71"}, {"date": "2024-02-06-01-00-00", "latency": "71"}, {"date": "2024-02-06-01-00-00", "latency": "71"}, {"date": "2024-02-06-01-00-00", "latency": "71"}]}, {"location": {"country_code": "fr", "region": "Aquitania-Limosino-Poitou-Charentes", "city": "Bordeaux"}, "game_id": "452439", "values": [{"date": "2024-02-05-22-00-00", "latency": "26"}, {"date": "2024-02-05-22-00-00", "latency": "26"}, {"date": "2024-02-05-22-00-00", "latency": "26"}, {"date": "2024-02-05-22-00-00", "latency": "26"}, {"date": "2024-02-05-22-00-00", "latency": "26"}, {"date": "2024-02-05-22-00-00", "latency": "26"}, {"date": "2024-02-05-22-00-00", "latency": "26"}, {"date": "2024-02-05-22-00-00", "latency": "26"}, {"date": "2024-02-05-22-00-00", "latency": "26"}, {"date": "2024-02-05-22-00-00", "latency": "26"}, {"date": "2024-02-05-22-00-00", "latency": "26"}]}, {"location": {"country_code": "mx", "region": "Queretaro", "city": "Queretaro"}, "game_id": "452439", "values": [{"date": "2024-02-05-03-00-00", "latency": "73"}, {"date": "2024-02-05-03-00-00", "latency": "73"}, {"date": "2024-02-05-03-00-00", "latency": "73"}, {"date": "2024-02-05-03-00-00", "latency": "73"}, {"date": "2024-02-05-03-00-00", "latency": "73"}, {"date": "2024-02-05-03-00-00", "latency": "73"}, {"date": "2024-02-05-03-00-00", "latency": "73"}, {"date": "2024-02-05-03-00-00", "latency": "73"}, {"date": "2024-02-05-03-00-00", "latency": "73"}, {"date": "2024-02-05-03-00-00", "latency": "73"}, {"date": "2024-02-05-03-00-00", "latency": "73"}, {"date": "2024-02-05-03-00-00", "latency": "73"}, {"date": "2024-02-05-03-00-00", "latency": "73"}, {"date": "2024-02-05-03-00-00", "latency": "73"}, {"date": "2024-02-05-03-00-00", "latency": "73"}]}, {"location": {"country_code": "es", "region": "Aragon"}, "game_id": "452439", "values": [{"date": "2024-02-05-03-00-00", "latency": "70"}, {"date": "2024-02-05-03-00-00", "latency": "70"}, {"date": "2024-02-05-03-00-00", "latency": "70"}, {"date": "2024-02-05-03-00-00", "latency": "70"}, {"date": "2024-02-05-03-00-00", "latency": "70"}, {"date": "2024-02-05-03-00-00", "latency": "70"}, {"date": "2024-02-05-03-00-00", "latency": "70"}]}, {"location": {"country_code": "it", "region": "Lombardy", "city": "Milan"}, "game_id": "452439", "values": [{"date": "2024-02-05-20-00-00", "latency": "23"}, {"date": "2024-02-05-20-00-00", "latency": "23"}, {"date": "2024-02-05-20-00-00", "latency": "23"}, {"date": "2024-02-05-20-00-00", "latency": "23"}, {"date": "2024-02-05-20-00-00", "latency": "23"}, {"date": "2024-02-05-20-00-00", "latency": "23"}, {"date": "2024-02-05-20-00-00", "latency": "23"}, {"date": "2024-02-05-20-00-00", "latency": "23"}, {"date": "2024-02-05-20-00-00", "latency": "23"}, {"date": "2024-02-05-20-00-00", "latency": "23"}, {"date": "2024-02-05-20-00-00", "latency": "23"}, {"date": "2024-02-05-20-00-00", "latency": "23"}]}, {"location": {"country_code": "ma"}, "game_id": "452439", "values": [{"date": "2024-02-05-22-00-00", "latency": "26"}, {"date": "2024-02-05-22-00-00", "latency": "26"}, {"date": "2024-02-05-22-00-00", "latency": "26"}, {"date": "2024-02-05-22-00-00", "latency": "26"}]}, {"location": {"country_code": "de", "region": "North Rhine-Westphalia", "city": "Essen"}, "game_id": "452439", "values": [{"date": "2024-02-05-22-00-00", "latency": "17"}]}, {"location": {"country_code": "tr", "region": "Trabzon Province", "city": "Trabzon"}, "game_id": "452439", "values": [{"date": "2024-02-06-01-00-00", "latency": "55"}, {"date": "2024-02-06-01-00-00", "latency": "55"}, {"date": "2024-02-06-01-00-00", "latency": "55"}, {"date": "2024-02-06-01-00-00", "latency": "55"}, {"date": "2024-02-06-01-00-00", "latency": "55"}]}, {"location": {"country_code": "be", "region": "Limburg Province", "city": "Lommel"}, "game_id": "452439", "values": [{"date": "2024-02-05-21-00-00", "latency": "26"}, {"date": "2024-02-05-21-00-00", "latency": "26"}, {"date": "2024-02-05-21-00-00", "latency": "26"}, {"date": "2024-02-05-21-00-00", "latency": "26"}, {"date": "2024-02-05-21-00-00", "latency": "26"}, {"date": "2024-02-05-21-00-00", "latency": "26"}, {"date": "2024-02-05-21-00-00", "latency": "26"}, {"date": "2024-02-05-21-00-00", "latency": "26"}, {"date": "2024-02-05-21-00-00", "latency": "26"}, {"date": "2024-02-05-21-00-00", "latency": "26"}, {"date": "2024-02-05-21-00-00", "latency": "26"}, {"date": "2024-02-05-21-00-00", "latency": "26"}, {"date": "2024-02-05-21-00-00", "latency": "26"}, {"date": "2024-02-05-21-00-00", "latency": "26"}, {"date": "2024-02-05-21-00-00", "latency": "26"}, {"date": "2024-02-05-21-00-00", "latency": "26"}, {"date": "2024-02-05-21-00-00", "latency": "26"}, {"date": "2024-02-05-21-00-00", "latency": "26"}]}, {"location": {"country_code": "nl", "region": "Drenthe", "city": "Coevorden"}, "game_id": "452439", "values": [{"date": "2024-02-05-21-00-00", "latency": "12"}, {"date": "2024-02-05-21-00-00", "latency": "12"}, {"date": "2024-02-05-21-00-00", "latency": "12"}, {"date": "2024-02-05-21-00-00", "latency": "12"}, {"date": "2024-02-05-21-00-00", "latency": "12"}, {"date": "2024-02-05-21-00-00", "latency": "12"}, {"date": "2024-02-05-21-00-00", "latency": "12"}, {"date": "2024-02-05-21-00-00", "latency": "12"}, {"date": "2024-02-05-21-00-00", "latency": "12"}, {"date": "2024-02-05-21-00-00", "latency": "12"}, {"date": "2024-02-05-21-00-00", "latency": "12"}, {"date": "2024-02-05-21-00-00", "latency": "12"}, {"date": "2024-02-05-21-00-00", "latency": "12"}, {"date": "2024-02-05-21-00-00", "latency": "12"}, {"date": "2024-02-05-21-00-00", "latency": "12"}, {"date": "2024-02-05-21-00-00", "latency": "12"}, {"date": "2024-02-05-21-00-00", "latency": "12"}]}, {"location": {"country_code": "de", "region": "Saxony", "city": "Zittau"}, "game_id": "452439", "values": [{"date": "2024-02-05-19-00-00", "latency": "15"}, {"date": "2024-02-05-19-00-00", "latency": "15"}, {"date": "2024-02-05-19-00-00", "latency": "15"}, {"date": "2024-02-05-19-00-00", "latency": "15"}, {"date": "2024-02-05-19-00-00", "latency": "15"}]}], "last_updated": 1719915067.973645}