{"data": [{"location": {"country_code": "gb"}, "game_id": "742409", "values": [{"date": "2024-03-06-16-00-00", "latency": "15"}, {"date": "2024-03-06-16-00-00", "latency": "15"}, {"date": "2024-03-06-16-00-00", "latency": "15"}, {"date": "2024-03-06-16-00-00", "latency": "15"}, {"date": "2024-03-06-16-00-00", "latency": "15"}, {"date": "2024-03-06-16-00-00", "latency": "15"}, {"date": "2024-03-06-16-00-00", "latency": "15"}, {"date": "2024-03-06-16-00-00", "latency": "15"}, {"date": "2024-03-06-16-00-00", "latency": "15"}, {"date": "2024-03-06-16-00-00", "latency": "15"}, {"date": "2024-03-06-16-00-00", "latency": "15"}]}, {"location": {"country_code": "ro"}, "game_id": "742409", "values": [{"date": "2024-03-06-23-00-00", "latency": "45"}, {"date": "2024-03-06-23-00-00", "latency": "45"}, {"date": "2024-03-06-23-00-00", "latency": "45"}]}, {"location": {"country_code": "ua"}, "game_id": "742409", "values": [{"date": "2024-03-06-22-00-00", "latency": "44"}, {"date": "2024-03-06-22-00-00", "latency": "44"}, {"date": "2024-03-06-22-00-00", "latency": "44"}, {"date": "2024-03-06-22-00-00", "latency": "44"}, {"date": "2024-03-06-22-00-00", "latency": "44"}, {"date": "2024-03-06-22-00-00", "latency": "44"}, {"date": "2024-03-06-22-00-00", "latency": "44"}, {"date": "2024-03-06-22-00-00", "latency": "44"}, {"date": "2024-03-06-22-00-00", "latency": "24"}, {"date": "2024-03-06-22-00-00", "latency": "24"}, {"date": "2024-03-06-22-00-00", "latency": "24"}, {"date": "2024-03-06-22-00-00", "latency": "24"}, {"date": "2024-03-06-22-00-00", "latency": "24"}, {"date": "2024-03-06-22-00-00", "latency": "24"}, {"date": "2024-03-06-22-00-00", "latency": "24"}, {"date": "2024-03-06-22-00-00", "latency": "24"}, {"date": "2024-03-06-22-00-00", "latency": "24"}, {"date": "2024-03-06-22-00-00", "latency": "24"}, {"date": "2024-03-06-22-00-00", "latency": "24"}]}, {"location": {"country_code": "sg"}, "game_id": "742409", "values": [{"date": "2024-03-06-07-00-00", "latency": "23"}]}, {"location": {"country_code": "hr"}, "game_id": "742409", "values": [{"date": "2024-03-06-14-00-00", "latency": "43"}, {"date": "2024-03-06-14-00-00", "latency": "43"}]}, {"location": {"country_code": "de", "region": "Saxony-Anhalt"}, "game_id": "742409", "values": [{"date": "2024-03-06-21-00-00", "latency": "39"}, {"date": "2024-03-06-21-00-00", "latency": "39"}, {"date": "2024-03-06-21-00-00", "latency": "39"}, {"date": "2024-03-06-21-00-00", "latency": "39"}, {"date": "2024-03-06-21-00-00", "latency": "39"}, {"date": "2024-03-06-21-00-00", "latency": "39"}, {"date": "2024-03-06-21-00-00", "latency": "39"}]}, {"location": {"country_code": "ua", "region": "Kharkiv Oblast"}, "game_id": "742409", "values": [{"date": "2024-03-06-21-00-00", "latency": "87"}]}, {"location": {"country_code": "mt"}, "game_id": "742409", "values": [{"date": "2024-03-06-22-00-00", "latency": "38"}, {"date": "2024-03-06-22-00-00", "latency": "38"}, {"date": "2024-03-06-22-00-00", "latency": "38"}, {"date": "2024-03-06-22-00-00", "latency": "38"}, {"date": "2024-03-06-22-00-00", "latency": "38"}, {"date": "2024-03-06-22-00-00", "latency": "38"}, {"date": "2024-03-06-22-00-00", "latency": "38"}, {"date": "2024-03-06-22-00-00", "latency": "38"}]}, {"location": {"country_code": "ro", "region": "Hunedoara County", "city": "Deva"}, "game_id": "742409", "values": [{"date": "2024-03-06-23-00-00", "latency": "59"}, {"date": "2024-03-06-23-00-00", "latency": "59"}, {"date": "2024-03-06-23-00-00", "latency": "59"}, {"date": "2024-03-06-23-00-00", "latency": "59"}, {"date": "2024-03-06-23-00-00", "latency": "59"}]}, {"location": {"country_code": "tr", "region": "Marmara Bolgesi", "city": "Tuzla"}, "game_id": "742409", "values": [{"date": "2024-03-06-17-00-00", "latency": "68"}, {"date": "2024-03-06-17-00-00", "latency": "68"}, {"date": "2024-03-06-17-00-00", "latency": "68"}, {"date": "2024-03-06-17-00-00", "latency": "68"}, {"date": "2024-03-06-17-00-00", "latency": "68"}]}], "last_updated": 1719915109.083285}