{"data": [{"location": {"country_code": "es", "region": "Canary Islands", "city": "Las Palmas de Gran Canaria"}, "game_id": "118849", "values": [{"date": "2022-04-12-22-00-00", "latency": "64"}]}, {"location": {"country_code": "nz"}, "game_id": "118849", "values": [{"date": "2022-04-12-17-00-00", "latency": "33"}, {"date": "2022-04-12-17-00-00", "latency": "33"}, {"date": "2022-04-12-17-00-00", "latency": "33"}, {"date": "2022-04-12-17-00-00", "latency": "33"}, {"date": "2022-04-12-17-00-00", "latency": "33"}]}, {"location": {"country_code": "us"}, "game_id": "118849", "values": [{"date": "2022-04-12-21-00-00", "latency": "55"}, {"date": "2022-04-12-21-00-00", "latency": "55"}, {"date": "2022-04-12-21-00-00", "latency": "55"}, {"date": "2022-04-12-21-00-00", "latency": "55"}, {"date": "2022-04-12-21-00-00", "latency": "55"}, {"date": "2022-04-12-21-00-00", "latency": "55"}, {"date": "2022-04-12-21-00-00", "latency": "55"}, {"date": "2022-04-12-21-00-00", "latency": "55"}, {"date": "2022-04-12-21-00-00", "latency": "55"}, {"date": "2022-04-12-21-00-00", "latency": "55"}, {"date": "2022-04-12-21-00-00", "latency": "55"}, {"date": "2022-04-12-21-00-00", "latency": "55"}, {"date": "2022-04-12-21-00-00", "latency": "55"}, {"date": "2022-04-12-21-00-00", "latency": "55"}, {"date": "2022-04-12-21-00-00", "latency": "55"}, {"date": "2022-04-12-21-00-00", "latency": "55"}, {"date": "2022-04-12-21-00-00", "latency": "55"}, {"date": "2022-04-12-21-00-00", "latency": "55"}, {"date": "2022-04-12-07-00-00", "latency": "57"}, {"date": "2022-04-12-07-00-00", "latency": "57"}, {"date": "2022-04-12-07-00-00", "latency": "57"}, {"date": "2022-04-12-07-00-00", "latency": "57"}, {"date": "2022-04-12-07-00-00", "latency": "57"}, {"date": "2022-04-12-07-00-00", "latency": "57"}, {"date": "2022-04-12-07-00-00", "latency": "57"}, {"date": "2022-04-12-07-00-00", "latency": "57"}, {"date": "2022-04-12-07-00-00", "latency": "57"}, {"date": "2022-04-12-07-00-00", "latency": "57"}, {"date": "2022-04-12-07-00-00", "latency": "57"}, {"date": "2022-04-12-07-00-00", "latency": "57"}, {"date": "2022-04-12-07-00-00", "latency": "57"}, {"date": "2022-04-12-07-00-00", "latency": "57"}, {"date": "2022-04-12-07-00-00", "latency": "57"}, {"date": "2022-04-12-07-00-00", "latency": "57"}, {"date": "2022-04-12-07-00-00", "latency": "57"}, {"date": "2022-04-12-07-00-00", "latency": "57"}, {"date": "2022-04-12-07-00-00", "latency": "57"}, {"date": "2022-04-12-07-00-00", "latency": "57"}, {"date": "2022-04-12-07-00-00", "latency": "57"}, {"date": "2022-04-12-07-00-00", "latency": "57"}, {"date": "2022-04-12-07-00-00", "latency": "57"}, {"date": "2022-04-12-18-00-00", "latency": "41"}, {"date": "2022-04-12-18-00-00", "latency": "41"}, {"date": "2022-04-12-18-00-00", "latency": "41"}, {"date": "2022-04-12-18-00-00", "latency": "41"}, {"date": "2022-04-12-18-00-00", "latency": "41"}, {"date": "2022-04-12-18-00-00", "latency": "41"}, {"date": "2022-04-12-18-00-00", "latency": "41"}, {"date": "2022-04-12-08-00-00", "latency": "65"}, {"date": "2022-04-12-08-00-00", "latency": "65"}, {"date": "2022-04-12-08-00-00", "latency": "65"}, {"date": "2022-04-12-08-00-00", "latency": "65"}, {"date": "2022-04-12-08-00-00", "latency": "65"}, {"date": "2022-04-12-08-00-00", "latency": "65"}, {"date": "2022-04-12-08-00-00", "latency": "65"}, {"date": "2022-04-12-08-00-00", "latency": "65"}, {"date": "2022-04-12-08-00-00", "latency": "65"}, {"date": "2022-04-12-08-00-00", "latency": "65"}, {"date": "2022-04-12-08-00-00", "latency": "65"}, {"date": "2022-04-12-08-00-00", "latency": "65"}, {"date": "2022-04-12-08-00-00", "latency": "65"}, {"date": "2022-04-12-08-00-00", "latency": "65"}, {"date": "2022-04-12-08-00-00", "latency": "65"}, {"date": "2022-04-12-08-00-00", "latency": "65"}, {"date": "2022-04-12-08-00-00", "latency": "65"}, {"date": "2022-04-12-08-00-00", "latency": "65"}, {"date": "2022-04-12-05-00-00", "latency": "87"}]}, {"location": {"country_code": "us", "region": "Texas"}, "game_id": "118849", "values": [{"date": "2022-04-13-00-00-00", "latency": "98"}, {"date": "2022-04-13-00-00-00", "latency": "98"}, {"date": "2022-04-13-00-00-00", "latency": "98"}, {"date": "2022-04-13-00-00-00", "latency": "98"}, {"date": "2022-04-13-00-00-00", "latency": "98"}, {"date": "2022-04-13-00-00-00", "latency": "98"}, {"date": "2022-04-13-00-00-00", "latency": "98"}, {"date": "2022-04-13-00-00-00", "latency": "98"}, {"date": "2022-04-13-00-00-00", "latency": "98"}, {"date": "2022-04-13-00-00-00", "latency": "98"}]}, {"location": {"country_code": "de", "region": "Berlin", "city": "Berlin"}, "game_id": "118849", "values": [{"date": "2022-04-12-17-00-00", "latency": "23"}, {"date": "2022-04-12-17-00-00", "latency": "23"}, {"date": "2022-04-12-17-00-00", "latency": "23"}, {"date": "2022-04-12-17-00-00", "latency": "23"}, {"date": "2022-04-12-17-00-00", "latency": "23"}, {"date": "2022-04-12-17-00-00", "latency": "23"}, {"date": "2022-04-12-17-00-00", "latency": "23"}, {"date": "2022-04-12-17-00-00", "latency": "23"}, {"date": "2022-04-12-17-00-00", "latency": "23"}, {"date": "2022-04-12-17-00-00", "latency": "23"}, {"date": "2022-04-12-17-00-00", "latency": "23"}, {"date": "2022-04-12-17-00-00", "latency": "23"}, {"date": "2022-04-12-17-00-00", "latency": "23"}, {"date": "2022-04-12-17-00-00", "latency": "23"}, {"date": "2022-04-12-17-00-00", "latency": "23"}, {"date": "2022-04-12-17-00-00", "latency": "23"}, {"date": "2022-04-12-17-00-00", "latency": "23"}, {"date": "2022-04-12-17-00-00", "latency": "23"}, {"date": "2022-04-12-17-00-00", "latency": "23"}, {"date": "2022-04-12-17-00-00", "latency": "23"}, {"date": "2022-04-12-17-00-00", "latency": "23"}, {"date": "2022-04-12-23-00-00", "latency": "23"}, {"date": "2022-04-12-23-00-00", "latency": "23"}, {"date": "2022-04-12-23-00-00", "latency": "23"}, {"date": "2022-04-12-23-00-00", "latency": "23"}, {"date": "2022-04-12-23-00-00", "latency": "23"}, {"date": "2022-04-12-23-00-00", "latency": "23"}, {"date": "2022-04-12-23-00-00", "latency": "23"}, {"date": "2022-04-12-23-00-00", "latency": "23"}, {"date": "2022-04-12-23-00-00", "latency": "23"}, {"date": "2022-04-12-23-00-00", "latency": "23"}, {"date": "2022-04-12-23-00-00", "latency": "23"}, {"date": "2022-04-12-23-00-00", "latency": "23"}, {"date": "2022-04-12-14-00-00", "latency": "31"}, {"date": "2022-04-12-14-00-00", "latency": "31"}, {"date": "2022-04-12-14-00-00", "latency": "31"}, {"date": "2022-04-12-14-00-00", "latency": "31"}, {"date": "2022-04-12-14-00-00", "latency": "31"}, {"date": "2022-04-12-14-00-00", "latency": "31"}, {"date": "2022-04-12-14-00-00", "latency": "31"}, {"date": "2022-04-12-14-00-00", "latency": "31"}, {"date": "2022-04-12-14-00-00", "latency": "31"}, {"date": "2022-04-12-14-00-00", "latency": "31"}, {"date": "2022-04-12-14-00-00", "latency": "31"}, {"date": "2022-04-12-14-00-00", "latency": "31"}, {"date": "2022-04-12-14-00-00", "latency": "31"}, {"date": "2022-04-12-14-00-00", "latency": "31"}, {"date": "2022-04-12-14-00-00", "latency": "31"}, {"date": "2022-04-12-14-00-00", "latency": "31"}, {"date": "2022-04-12-14-00-00", "latency": "31"}, {"date": "2022-04-12-14-00-00", "latency": "31"}, {"date": "2022-04-12-14-00-00", "latency": "31"}, {"date": "2022-04-12-14-00-00", "latency": "31"}, {"date": "2022-04-12-14-00-00", "latency": "31"}, {"date": "2022-04-12-14-00-00", "latency": "31"}, {"date": "2022-04-12-14-00-00", "latency": "31"}, {"date": "2022-04-12-14-00-00", "latency": "31"}]}, {"location": {"country_code": "us", "region": "New York", "city": "Jamestown"}, "game_id": "118849", "values": [{"date": "2022-04-12-03-00-00", "latency": "33"}, {"date": "2022-04-12-03-00-00", "latency": "33"}, {"date": "2022-04-12-03-00-00", "latency": "33"}, {"date": "2022-04-12-03-00-00", "latency": "33"}, {"date": "2022-04-12-03-00-00", "latency": "33"}, {"date": "2022-04-13-02-00-00", "latency": "89"}, {"date": "2022-04-13-02-00-00", "latency": "89"}, {"date": "2022-04-13-02-00-00", "latency": "89"}, {"date": "2022-04-13-02-00-00", "latency": "89"}, {"date": "2022-04-13-02-00-00", "latency": "89"}, {"date": "2022-04-13-02-00-00", "latency": "89"}, {"date": "2022-04-13-02-00-00", "latency": "89"}, {"date": "2022-04-13-02-00-00", "latency": "89"}, {"date": "2022-04-13-02-00-00", "latency": "89"}, {"date": "2022-04-13-02-00-00", "latency": "89"}, {"date": "2022-04-13-02-00-00", "latency": "89"}]}, {"location": {"country_code": "gb"}, "game_id": "118849", "values": [{"date": "2022-04-12-19-00-00", "latency": "20"}, {"date": "2022-04-12-19-00-00", "latency": "20"}, {"date": "2022-04-12-19-00-00", "latency": "20"}, {"date": "2022-04-12-22-00-00", "latency": "29"}, {"date": "2022-04-12-22-00-00", "latency": "29"}, {"date": "2022-04-12-22-00-00", "latency": "29"}, {"date": "2022-04-12-22-00-00", "latency": "29"}, {"date": "2022-04-12-22-00-00", "latency": "29"}, {"date": "2022-04-12-22-00-00", "latency": "29"}, {"date": "2022-04-12-22-00-00", "latency": "29"}, {"date": "2022-04-12-22-00-00", "latency": "29"}, {"date": "2022-04-12-22-00-00", "latency": "29"}]}, {"location": {"country_code": "nl"}, "game_id": "118849", "values": [{"date": "2022-04-12-22-00-00", "latency": "17"}, {"date": "2022-04-12-22-00-00", "latency": "19"}, {"date": "2022-04-12-22-00-00", "latency": "19"}, {"date": "2022-04-12-22-00-00", "latency": "19"}, {"date": "2022-04-12-22-00-00", "latency": "19"}]}, {"location": {"country_code": "it"}, "game_id": "118849", "values": [{"date": "2022-04-13-02-00-00", "latency": "18"}, {"date": "2022-04-13-02-00-00", "latency": "18"}, {"date": "2022-04-13-02-00-00", "latency": "18"}, {"date": "2022-04-12-18-00-00", "latency": "115"}, {"date": "2022-04-12-18-00-00", "latency": "115"}, {"date": "2022-04-12-18-00-00", "latency": "115"}, {"date": "2022-04-12-18-00-00", "latency": "115"}, {"date": "2022-04-12-18-00-00", "latency": "41"}, {"date": "2022-04-12-18-00-00", "latency": "41"}]}, {"location": {"country_code": "ro"}, "game_id": "118849", "values": [{"date": "2022-04-12-19-00-00", "latency": "47"}, {"date": "2022-04-12-19-00-00", "latency": "47"}, {"date": "2022-04-12-19-00-00", "latency": "47"}, {"date": "2022-04-12-19-00-00", "latency": "47"}, {"date": "2022-04-12-19-00-00", "latency": "47"}, {"date": "2022-04-12-19-00-00", "latency": "47"}]}, {"location": {"country_code": "za"}, "game_id": "118849", "values": [{"date": "2022-04-13-00-00-00", "latency": "172"}, {"date": "2022-04-13-00-00-00", "latency": "172"}, {"date": "2022-04-13-00-00-00", "latency": "172"}, {"date": "2022-04-13-00-00-00", "latency": "172"}, {"date": "2022-04-13-00-00-00", "latency": "172"}, {"date": "2022-04-13-00-00-00", "latency": "172"}, {"date": "2022-04-13-00-00-00", "latency": "172"}, {"date": "2022-04-13-00-00-00", "latency": "172"}, {"date": "2022-04-13-00-00-00", "latency": "172"}, {"date": "2022-04-13-00-00-00", "latency": "172"}, {"date": "2022-04-13-00-00-00", "latency": "172"}, {"date": "2022-04-13-00-00-00", "latency": "172"}, {"date": "2022-04-13-00-00-00", "latency": "172"}, {"date": "2022-04-13-00-00-00", "latency": "172"}, {"date": "2022-04-13-00-00-00", "latency": "172"}, {"date": "2022-04-13-00-00-00", "latency": "172"}, {"date": "2022-04-13-00-00-00", "latency": "172"}, {"date": "2022-04-13-00-00-00", "latency": "172"}, {"date": "2022-04-13-00-00-00", "latency": "172"}, {"date": "2022-04-13-00-00-00", "latency": "172"}]}, {"location": {"country_code": "jp"}, "game_id": "118849", "values": [{"date": "2022-04-12-15-00-00", "latency": "13"}, {"date": "2022-04-12-15-00-00", "latency": "13"}, {"date": "2022-04-12-15-00-00", "latency": "13"}, {"date": "2022-04-12-15-00-00", "latency": "13"}, {"date": "2022-04-12-15-00-00", "latency": "13"}, {"date": "2022-04-12-15-00-00", "latency": "13"}, {"date": "2022-04-12-15-00-00", "latency": "13"}, {"date": "2022-04-12-15-00-00", "latency": "13"}, {"date": "2022-04-12-15-00-00", "latency": "13"}, {"date": "2022-04-12-15-00-00", "latency": "13"}, {"date": "2022-04-12-15-00-00", "latency": "13"}, {"date": "2022-04-12-15-00-00", "latency": "13"}, {"date": "2022-04-12-15-00-00", "latency": "13"}]}, {"location": {"country_code": "ca"}, "game_id": "118849", "values": [{"date": "2022-04-13-02-00-00", "latency": "87"}, {"date": "2022-04-13-02-00-00", "latency": "87"}, {"date": "2022-04-13-02-00-00", "latency": "87"}, {"date": "2022-04-13-02-00-00", "latency": "87"}, {"date": "2022-04-13-01-00-00", "latency": "93"}, {"date": "2022-04-13-01-00-00", "latency": "93"}, {"date": "2022-04-13-01-00-00", "latency": "93"}]}, {"location": {"country_code": "de"}, "game_id": "118849", "values": [{"date": "2022-04-12-10-00-00", "latency": "30"}, {"date": "2022-04-12-10-00-00", "latency": "30"}, {"date": "2022-04-12-10-00-00", "latency": "30"}, {"date": "2022-04-12-10-00-00", "latency": "30"}, {"date": "2022-04-12-10-00-00", "latency": "30"}, {"date": "2022-04-12-23-00-00", "latency": "5"}, {"date": "2022-04-12-23-00-00", "latency": "5"}, {"date": "2022-04-12-23-00-00", "latency": "5"}, {"date": "2022-04-12-02-00-00", "latency": "35"}, {"date": "2022-04-12-02-00-00", "latency": "35"}, {"date": "2022-04-12-02-00-00", "latency": "35"}, {"date": "2022-04-12-02-00-00", "latency": "35"}, {"date": "2022-04-12-02-00-00", "latency": "35"}, {"date": "2022-04-12-02-00-00", "latency": "35"}, {"date": "2022-04-12-02-00-00", "latency": "35"}, {"date": "2022-04-12-09-00-00", "latency": "28"}, {"date": "2022-04-12-09-00-00", "latency": "28"}, {"date": "2022-04-12-09-00-00", "latency": "28"}, {"date": "2022-04-12-09-00-00", "latency": "28"}, {"date": "2022-04-12-09-00-00", "latency": "28"}, {"date": "2022-04-12-09-00-00", "latency": "28"}, {"date": "2022-04-12-09-00-00", "latency": "28"}]}, {"location": {"country_code": "de", "region": "Saxony", "city": "Leipzig"}, "game_id": "118849", "values": [{"date": "2022-04-12-20-00-00", "latency": "147"}, {"date": "2022-04-12-20-00-00", "latency": "147"}, {"date": "2022-04-12-20-00-00", "latency": "147"}, {"date": "2022-04-12-20-00-00", "latency": "147"}]}, {"location": {"country_code": "tw"}, "game_id": "118849", "values": [{"date": "2022-04-12-22-00-00", "latency": "12"}, {"date": "2022-04-12-22-00-00", "latency": "12"}, {"date": "2022-04-12-22-00-00", "latency": "12"}, {"date": "2022-04-12-22-00-00", "latency": "12"}]}, {"location": {"country_code": "br", "region": "Parana", "city": "Araucaria"}, "game_id": "118849", "values": [{"date": "2022-04-12-17-00-00", "latency": "20"}, {"date": "2022-04-12-17-00-00", "latency": "20"}, {"date": "2022-04-12-17-00-00", "latency": "20"}, {"date": "2022-04-12-17-00-00", "latency": "20"}, {"date": "2022-04-12-17-00-00", "latency": "20"}, {"date": "2022-04-12-17-00-00", "latency": "20"}, {"date": "2022-04-12-17-00-00", "latency": "20"}, {"date": "2022-04-12-17-00-00", "latency": "20"}, {"date": "2022-04-12-17-00-00", "latency": "20"}, {"date": "2022-04-12-17-00-00", "latency": "20"}, {"date": "2022-04-12-17-00-00", "latency": "20"}, {"date": "2022-04-12-17-00-00", "latency": "20"}, {"date": "2022-04-12-17-00-00", "latency": "20"}, {"date": "2022-04-12-17-00-00", "latency": "20"}, {"date": "2022-04-12-17-00-00", "latency": "20"}, {"date": "2022-04-12-17-00-00", "latency": "20"}, {"date": "2022-04-12-17-00-00", "latency": "20"}, {"date": "2022-04-13-02-00-00", "latency": "19"}, {"date": "2022-04-13-02-00-00", "latency": "19"}, {"date": "2022-04-13-02-00-00", "latency": "19"}]}, {"location": {"country_code": "gb", "region": "England"}, "game_id": "118849", "values": [{"date": "2022-04-12-23-00-00", "latency": "26"}, {"date": "2022-04-12-23-00-00", "latency": "26"}, {"date": "2022-04-12-23-00-00", "latency": "26"}, {"date": "2022-04-12-23-00-00", "latency": "26"}, {"date": "2022-04-12-23-00-00", "latency": "26"}, {"date": "2022-04-12-23-00-00", "latency": "26"}, {"date": "2022-04-12-23-00-00", "latency": "26"}, {"date": "2022-04-12-23-00-00", "latency": "26"}, {"date": "2022-04-12-23-00-00", "latency": "26"}, {"date": "2022-04-12-23-00-00", "latency": "26"}, {"date": "2022-04-12-23-00-00", "latency": "26"}, {"date": "2022-04-12-23-00-00", "latency": "26"}, {"date": "2022-04-12-20-00-00", "latency": "28"}]}, {"location": {"country_code": "gb", "region": "Scotland"}, "game_id": "118849", "values": [{"date": "2022-04-12-23-00-00", "latency": "34"}, {"date": "2022-04-12-23-00-00", "latency": "34"}]}, {"location": {"country_code": "au", "region": "New South Wales", "city": "Sydney"}, "game_id": "118849", "values": [{"date": "2022-04-12-16-00-00", "latency": "13"}, {"date": "2022-04-12-16-00-00", "latency": "13"}, {"date": "2022-04-12-16-00-00", "latency": "13"}, {"date": "2022-04-12-16-00-00", "latency": "13"}, {"date": "2022-04-12-16-00-00", "latency": "13"}, {"date": "2022-04-12-16-00-00", "latency": "13"}]}, {"location": {"country_code": "us", "region": "Florida"}, "game_id": "118849", "values": [{"date": "2022-04-13-00-00-00", "latency": "150"}]}, {"location": {"country_code": "us", "region": "Florida", "city": "Jacksonville Beach"}, "game_id": "118849", "values": [{"date": "2022-04-12-06-00-00", "latency": "5"}]}, {"location": {"country_code": "ph"}, "game_id": "118849", "values": [{"date": "2022-04-12-20-00-00", "latency": "10"}, {"date": "2022-04-12-20-00-00", "latency": "10"}, {"date": "2022-04-12-20-00-00", "latency": "10"}, {"date": "2022-04-12-20-00-00", "latency": "10"}, {"date": "2022-04-12-20-00-00", "latency": "10"}, {"date": "2022-04-12-20-00-00", "latency": "10"}, {"date": "2022-04-12-20-00-00", "latency": "10"}, {"date": "2022-04-12-20-00-00", "latency": "10"}, {"date": "2022-04-12-17-00-00", "latency": "48"}, {"date": "2022-04-12-17-00-00", "latency": "48"}, {"date": "2022-04-12-17-00-00", "latency": "48"}, {"date": "2022-04-12-17-00-00", "latency": "48"}, {"date": "2022-04-12-17-00-00", "latency": "48"}, {"date": "2022-04-12-17-00-00", "latency": "48"}, {"date": "2022-04-12-17-00-00", "latency": "48"}]}, {"location": {"country_code": "ph", "region": "CALABARZON", "city": "Cavite"}, "game_id": "118849", "values": [{"date": "2022-04-12-19-00-00", "latency": "216"}, {"date": "2022-04-12-19-00-00", "latency": "216"}, {"date": "2022-04-12-19-00-00", "latency": "216"}, {"date": "2022-04-12-19-00-00", "latency": "216"}, {"date": "2022-04-12-19-00-00", "latency": "216"}, {"date": "2022-04-12-19-00-00", "latency": "216"}, {"date": "2022-04-12-19-00-00", "latency": "216"}, {"date": "2022-04-12-19-00-00", "latency": "216"}, {"date": "2022-04-12-19-00-00", "latency": "216"}, {"date": "2022-04-12-19-00-00", "latency": "216"}, {"date": "2022-04-12-19-00-00", "latency": "216"}, {"date": "2022-04-12-19-00-00", "latency": "216"}, {"date": "2022-04-12-19-00-00", "latency": "216"}, {"date": "2022-04-12-19-00-00", "latency": "216"}, {"date": "2022-04-12-19-00-00", "latency": "216"}, {"date": "2022-04-12-19-00-00", "latency": "216"}, {"date": "2022-04-12-19-00-00", "latency": "216"}, {"date": "2022-04-12-19-00-00", "latency": "216"}, {"date": "2022-04-12-19-00-00", "latency": "216"}, {"date": "2022-04-12-19-00-00", "latency": "216"}, {"date": "2022-04-12-19-00-00", "latency": "216"}, {"date": "2022-04-12-19-00-00", "latency": "216"}, {"date": "2022-04-12-19-00-00", "latency": "216"}, {"date": "2022-04-12-19-00-00", "latency": "216"}, {"date": "2022-04-12-19-00-00", "latency": "216"}, {"date": "2022-04-12-19-00-00", "latency": "216"}, {"date": "2022-04-12-19-00-00", "latency": "216"}, {"date": "2022-04-12-19-00-00", "latency": "216"}, {"date": "2022-04-12-19-00-00", "latency": "216"}, {"date": "2022-04-12-19-00-00", "latency": "216"}]}, {"location": {"country_code": "fr"}, "game_id": "118849", "values": [{"date": "2022-04-13-00-00-00", "latency": "23"}, {"date": "2022-04-13-00-00-00", "latency": "23"}, {"date": "2022-04-13-00-00-00", "latency": "23"}, {"date": "2022-04-13-00-00-00", "latency": "23"}, {"date": "2022-04-13-00-00-00", "latency": "23"}, {"date": "2022-04-13-00-00-00", "latency": "23"}, {"date": "2022-04-13-00-00-00", "latency": "23"}, {"date": "2022-04-13-00-00-00", "latency": "23"}, {"date": "2022-04-13-00-00-00", "latency": "23"}, {"date": "2022-04-13-00-00-00", "latency": "23"}, {"date": "2022-04-13-00-00-00", "latency": "23"}, {"date": "2022-04-13-00-00-00", "latency": "23"}, {"date": "2022-04-13-00-00-00", "latency": "23"}, {"date": "2022-04-13-00-00-00", "latency": "23"}, {"date": "2022-04-13-00-00-00", "latency": "23"}, {"date": "2022-04-13-00-00-00", "latency": "23"}, {"date": "2022-04-13-00-00-00", "latency": "23"}, {"date": "2022-04-13-00-00-00", "latency": "23"}, {"date": "2022-04-13-00-00-00", "latency": "23"}, {"date": "2022-04-13-00-00-00", "latency": "23"}, {"date": "2022-04-13-00-00-00", "latency": "23"}, {"date": "2022-04-13-00-00-00", "latency": "23"}, {"date": "2022-04-13-00-00-00", "latency": "23"}, {"date": "2022-04-13-00-00-00", "latency": "23"}, {"date": "2022-04-13-00-00-00", "latency": "23"}, {"date": "2022-04-13-00-00-00", "latency": "23"}, {"date": "2022-04-13-00-00-00", "latency": "23"}, {"date": "2022-04-13-00-00-00", "latency": "23"}, {"date": "2022-04-13-00-00-00", "latency": "23"}, {"date": "2022-04-13-00-00-00", "latency": "23"}, {"date": "2022-04-13-00-00-00", "latency": "23"}, {"date": "2022-04-13-00-00-00", "latency": "23"}, {"date": "2022-04-13-00-00-00", "latency": "23"}, {"date": "2022-04-13-00-00-00", "latency": "23"}, {"date": "2022-04-13-00-00-00", "latency": "23"}, {"date": "2022-04-12-16-00-00", "latency": "54"}]}, {"location": {"country_code": "fr", "region": "Occitanie", "city": "Montpellier"}, "game_id": "118849", "values": [{"date": "2022-04-13-02-00-00", "latency": "31"}, {"date": "2022-04-13-02-00-00", "latency": "31"}, {"date": "2022-04-13-02-00-00", "latency": "31"}, {"date": "2022-04-13-02-00-00", "latency": "31"}, {"date": "2022-04-13-02-00-00", "latency": "31"}, {"date": "2022-04-13-02-00-00", "latency": "31"}, {"date": "2022-04-13-02-00-00", "latency": "31"}, {"date": "2022-04-13-02-00-00", "latency": "31"}, {"date": "2022-04-13-02-00-00", "latency": "31"}]}, {"location": {"country_code": "us", "region": "New Jersey"}, "game_id": "118849", "values": [{"date": "2022-04-12-12-00-00", "latency": "44"}]}, {"location": {"country_code": "mx"}, "game_id": "118849", "values": [{"date": "2022-04-13-01-00-00", "latency": "72"}, {"date": "2022-04-13-01-00-00", "latency": "72"}, {"date": "2022-04-12-06-00-00", "latency": "66"}]}, {"location": {"country_code": "mx", "region": "Jalisco", "city": "Guadalajara"}, "game_id": "118849", "values": [{"date": "2022-04-12-03-00-00", "latency": "64"}]}, {"location": {"country_code": "us", "region": "Ohio"}, "game_id": "118849", "values": [{"date": "2022-04-12-03-00-00", "latency": "108"}, {"date": "2022-04-12-03-00-00", "latency": "108"}, {"date": "2022-04-12-03-00-00", "latency": "108"}]}, {"location": {"country_code": "us", "region": "Ohio", "city": "Reynoldsburg"}, "game_id": "118849", "values": [{"date": "2022-04-12-23-00-00", "latency": "27"}, {"date": "2022-04-12-23-00-00", "latency": "27"}, {"date": "2022-04-12-23-00-00", "latency": "27"}, {"date": "2022-04-12-23-00-00", "latency": "27"}, {"date": "2022-04-12-23-00-00", "latency": "27"}, {"date": "2022-04-12-23-00-00", "latency": "27"}, {"date": "2022-04-12-23-00-00", "latency": "27"}]}, {"location": {"country_code": "mx", "region": "Mexico City"}, "game_id": "118849", "values": [{"date": "2022-04-13-00-00-00", "latency": "56"}]}, {"location": {"country_code": "us", "region": "California"}, "game_id": "118849", "values": [{"date": "2022-04-12-04-00-00", "latency": "55"}, {"date": "2022-04-12-04-00-00", "latency": "55"}, {"date": "2022-04-12-04-00-00", "latency": "55"}, {"date": "2022-04-12-04-00-00", "latency": "55"}, {"date": "2022-04-12-04-00-00", "latency": "55"}, {"date": "2022-04-12-04-00-00", "latency": "55"}, {"date": "2022-04-12-04-00-00", "latency": "55"}, {"date": "2022-04-12-04-00-00", "latency": "55"}, {"date": "2022-04-12-04-00-00", "latency": "55"}, {"date": "2022-04-12-04-00-00", "latency": "55"}, {"date": "2022-04-12-04-00-00", "latency": "55"}, {"date": "2022-04-12-04-00-00", "latency": "55"}, {"date": "2022-04-12-04-00-00", "latency": "55"}, {"date": "2022-04-12-04-00-00", "latency": "55"}]}, {"location": {"country_code": "br"}, "game_id": "118849", "values": [{"date": "2022-04-13-00-00-00", "latency": "22"}, {"date": "2022-04-13-00-00-00", "latency": "22"}, {"date": "2022-04-12-17-00-00", "latency": "31"}, {"date": "2022-04-12-17-00-00", "latency": "31"}, {"date": "2022-04-12-17-00-00", "latency": "31"}, {"date": "2022-04-12-17-00-00", "latency": "31"}, {"date": "2022-04-12-17-00-00", "latency": "31"}, {"date": "2022-04-12-17-00-00", "latency": "31"}, {"date": "2022-04-12-17-00-00", "latency": "31"}, {"date": "2022-04-12-17-00-00", "latency": "31"}, {"date": "2022-04-12-17-00-00", "latency": "31"}, {"date": "2022-04-12-17-00-00", "latency": "31"}, {"date": "2022-04-12-17-00-00", "latency": "31"}, {"date": "2022-04-12-17-00-00", "latency": "31"}, {"date": "2022-04-12-17-00-00", "latency": "31"}, {"date": "2022-04-12-17-00-00", "latency": "31"}, {"date": "2022-04-12-17-00-00", "latency": "31"}, {"date": "2022-04-12-17-00-00", "latency": "31"}, {"date": "2022-04-12-17-00-00", "latency": "31"}, {"date": "2022-04-12-17-00-00", "latency": "31"}, {"date": "2022-04-12-17-00-00", "latency": "31"}, {"date": "2022-04-13-02-00-00", "latency": "12"}, {"date": "2022-04-13-02-00-00", "latency": "12"}, {"date": "2022-04-13-02-00-00", "latency": "12"}, {"date": "2022-04-13-02-00-00", "latency": "12"}]}, {"location": {"country_code": "br", "region": "Espirito Santo", "city": "Colatina"}, "game_id": "118849", "values": [{"date": "2022-04-12-03-00-00", "latency": "32"}, {"date": "2022-04-12-03-00-00", "latency": "32"}, {"date": "2022-04-12-03-00-00", "latency": "32"}]}, {"location": {"country_code": "br", "region": "Sao Paulo", "city": "Apiai"}, "game_id": "118849", "values": [{"date": "2022-04-13-01-00-00", "latency": "2"}, {"date": "2022-04-13-01-00-00", "latency": "2"}, {"date": "2022-04-13-02-00-00", "latency": "28"}, {"date": "2022-04-13-02-00-00", "latency": "28"}, {"date": "2022-04-13-02-00-00", "latency": "28"}, {"date": "2022-04-13-02-00-00", "latency": "28"}, {"date": "2022-04-13-02-00-00", "latency": "28"}, {"date": "2022-04-13-02-00-00", "latency": "28"}, {"date": "2022-04-13-02-00-00", "latency": "28"}, {"date": "2022-04-13-02-00-00", "latency": "28"}, {"date": "2022-04-13-02-00-00", "latency": "28"}, {"date": "2022-04-12-05-00-00", "latency": "11"}, {"date": "2022-04-12-05-00-00", "latency": "11"}, {"date": "2022-04-12-05-00-00", "latency": "11"}, {"date": "2022-04-12-05-00-00", "latency": "11"}, {"date": "2022-04-12-05-00-00", "latency": "11"}, {"date": "2022-04-12-05-00-00", "latency": "11"}, {"date": "2022-04-12-05-00-00", "latency": "11"}, {"date": "2022-04-12-05-00-00", "latency": "11"}, {"date": "2022-04-12-05-00-00", "latency": "11"}, {"date": "2022-04-12-05-00-00", "latency": "11"}, {"date": "2022-04-12-05-00-00", "latency": "11"}, {"date": "2022-04-13-02-00-00", "latency": "11"}, {"date": "2022-04-13-02-00-00", "latency": "11"}, {"date": "2022-04-13-02-00-00", "latency": "11"}, {"date": "2022-04-13-02-00-00", "latency": "11"}, {"date": "2022-04-13-02-00-00", "latency": "11"}, {"date": "2022-04-13-02-00-00", "latency": "11"}, {"date": "2022-04-13-02-00-00", "latency": "11"}, {"date": "2022-04-13-02-00-00", "latency": "11"}, {"date": "2022-04-13-02-00-00", "latency": "11"}, {"date": "2022-04-13-02-00-00", "latency": "11"}, {"date": "2022-04-13-02-00-00", "latency": "11"}, {"date": "2022-04-13-02-00-00", "latency": "11"}, {"date": "2022-04-13-02-00-00", "latency": "11"}, {"date": "2022-04-13-02-00-00", "latency": "11"}, {"date": "2022-04-13-02-00-00", "latency": "11"}, {"date": "2022-04-13-02-00-00", "latency": "11"}, {"date": "2022-04-13-02-00-00", "latency": "11"}]}, {"location": {"country_code": "br", "region": "Maranhao", "city": "Balsas"}, "game_id": "118849", "values": [{"date": "2022-04-12-03-00-00", "latency": "26"}]}, {"location": {"country_code": "se", "region": "Dalarna County"}, "game_id": "118849", "values": [{"date": "2022-04-12-13-00-00", "latency": "31"}, {"date": "2022-04-12-13-00-00", "latency": "31"}, {"date": "2022-04-12-13-00-00", "latency": "31"}]}, {"location": {"country_code": "no"}, "game_id": "118849", "values": [{"date": "2022-04-12-17-00-00", "latency": "35"}, {"date": "2022-04-12-17-00-00", "latency": "35"}, {"date": "2022-04-12-17-00-00", "latency": "35"}, {"date": "2022-04-12-23-00-00", "latency": "35"}]}, {"location": {"country_code": "us", "region": "California", "city": "East Los Angeles"}, "game_id": "118849", "values": [{"date": "2022-04-12-09-00-00", "latency": "36"}, {"date": "2022-04-12-09-00-00", "latency": "36"}]}, {"location": {"country_code": "us", "region": "Maryland", "city": "Dundalk"}, "game_id": "118849", "values": [{"date": "2022-04-13-02-00-00", "latency": "7"}, {"date": "2022-04-13-02-00-00", "latency": "7"}, {"date": "2022-04-13-02-00-00", "latency": "7"}]}, {"location": {"country_code": "au"}, "game_id": "118849", "values": [{"date": "2022-04-12-15-00-00", "latency": "19"}, {"date": "2022-04-12-13-00-00", "latency": "26"}, {"date": "2022-04-12-13-00-00", "latency": "26"}, {"date": "2022-04-12-13-00-00", "latency": "26"}, {"date": "2022-04-12-13-00-00", "latency": "26"}]}, {"location": {"country_code": "us", "region": "Texas", "city": "Austin"}, "game_id": "118849", "values": [{"date": "2022-04-12-04-00-00", "latency": "68"}, {"date": "2022-04-12-04-00-00", "latency": "68"}]}, {"location": {"country_code": "es", "region": "Madrid", "city": "Parla"}, "game_id": "118849", "values": [{"date": "2022-04-13-01-00-00", "latency": "34"}]}, {"location": {"country_code": "dk"}, "game_id": "118849", "values": [{"date": "2022-04-12-12-00-00", "latency": "38"}]}, {"location": {"country_code": "us", "region": "Iowa"}, "game_id": "118849", "values": [{"date": "2022-04-12-13-00-00", "latency": "40"}, {"date": "2022-04-12-13-00-00", "latency": "40"}, {"date": "2022-04-12-13-00-00", "latency": "40"}, {"date": "2022-04-12-13-00-00", "latency": "40"}, {"date": "2022-04-12-13-00-00", "latency": "40"}, {"date": "2022-04-12-13-00-00", "latency": "40"}, {"date": "2022-04-12-13-00-00", "latency": "40"}, {"date": "2022-04-12-13-00-00", "latency": "40"}, {"date": "2022-04-12-13-00-00", "latency": "40"}, {"date": "2022-04-12-13-00-00", "latency": "40"}, {"date": "2022-04-12-13-00-00", "latency": "40"}, {"date": "2022-04-12-13-00-00", "latency": "40"}, {"date": "2022-04-12-13-00-00", "latency": "40"}, {"date": "2022-04-12-13-00-00", "latency": "40"}, {"date": "2022-04-12-13-00-00", "latency": "40"}, {"date": "2022-04-12-13-00-00", "latency": "40"}, {"date": "2022-04-12-13-00-00", "latency": "40"}]}, {"location": {"country_code": "tr"}, "game_id": "118849", "values": [{"date": "2022-04-13-02-00-00", "latency": "35"}, {"date": "2022-04-13-02-00-00", "latency": "35"}, {"date": "2022-04-13-02-00-00", "latency": "35"}, {"date": "2022-04-13-02-00-00", "latency": "35"}, {"date": "2022-04-13-02-00-00", "latency": "35"}, {"date": "2022-04-13-02-00-00", "latency": "35"}, {"date": "2022-04-13-02-00-00", "latency": "35"}]}, {"location": {"country_code": "tr", "region": "Ic Anadolu Bolgesi", "city": "Ankara"}, "game_id": "118849", "values": [{"date": "2022-04-13-01-00-00", "latency": "23"}, {"date": "2022-04-13-01-00-00", "latency": "23"}, {"date": "2022-04-13-01-00-00", "latency": "23"}, {"date": "2022-04-13-01-00-00", "latency": "23"}]}, {"location": {"country_code": "ca", "region": "Ontario"}, "game_id": "118849", "values": [{"date": "2022-04-12-17-00-00", "latency": "25"}]}, {"location": {"country_code": "us", "region": "Pennsylvania", "city": "Philadelphia"}, "game_id": "118849", "values": [{"date": "2022-04-12-22-00-00", "latency": "36"}, {"date": "2022-04-13-00-00-00", "latency": "83"}, {"date": "2022-04-13-00-00-00", "latency": "83"}, {"date": "2022-04-13-00-00-00", "latency": "83"}, {"date": "2022-04-13-00-00-00", "latency": "83"}, {"date": "2022-04-12-23-00-00", "latency": "99"}, {"date": "2022-04-12-23-00-00", "latency": "99"}, {"date": "2022-04-12-23-00-00", "latency": "99"}, {"date": "2022-04-12-23-00-00", "latency": "99"}, {"date": "2022-04-12-23-00-00", "latency": "99"}, {"date": "2022-04-12-23-00-00", "latency": "99"}, {"date": "2022-04-12-23-00-00", "latency": "99"}, {"date": "2022-04-12-23-00-00", "latency": "99"}, {"date": "2022-04-12-23-00-00", "latency": "99"}]}, {"location": {"country_code": "es"}, "game_id": "118849", "values": [{"date": "2022-04-12-19-00-00", "latency": "42"}, {"date": "2022-04-12-19-00-00", "latency": "42"}, {"date": "2022-04-12-19-00-00", "latency": "42"}, {"date": "2022-04-12-19-00-00", "latency": "42"}, {"date": "2022-04-12-19-00-00", "latency": "42"}, {"date": "2022-04-12-14-00-00", "latency": "41"}, {"date": "2022-04-12-14-00-00", "latency": "41"}, {"date": "2022-04-12-15-00-00", "latency": "51"}, {"date": "2022-04-12-15-00-00", "latency": "51"}, {"date": "2022-04-13-02-00-00", "latency": "36"}]}, {"location": {"country_code": "es", "region": "Andalusia", "city": "Granada"}, "game_id": "118849", "values": [{"date": "2022-04-12-19-00-00", "latency": "46"}, {"date": "2022-04-12-19-00-00", "latency": "46"}, {"date": "2022-04-12-19-00-00", "latency": "46"}, {"date": "2022-04-12-19-00-00", "latency": "46"}, {"date": "2022-04-12-19-00-00", "latency": "46"}, {"date": "2022-04-12-19-00-00", "latency": "46"}, {"date": "2022-04-12-19-00-00", "latency": "46"}, {"date": "2022-04-12-19-00-00", "latency": "46"}, {"date": "2022-04-12-19-00-00", "latency": "46"}, {"date": "2022-04-12-19-00-00", "latency": "46"}, {"date": "2022-04-12-19-00-00", "latency": "46"}, {"date": "2022-04-12-19-00-00", "latency": "46"}, {"date": "2022-04-12-19-00-00", "latency": "46"}, {"date": "2022-04-12-19-00-00", "latency": "46"}, {"date": "2022-04-12-19-00-00", "latency": "46"}, {"date": "2022-04-12-19-00-00", "latency": "46"}]}, {"location": {"country_code": "ar"}, "game_id": "118849", "values": [{"date": "2022-04-12-08-00-00", "latency": "44"}, {"date": "2022-04-12-08-00-00", "latency": "44"}, {"date": "2022-04-12-08-00-00", "latency": "44"}, {"date": "2022-04-12-08-00-00", "latency": "44"}, {"date": "2022-04-12-06-00-00", "latency": "42"}, {"date": "2022-04-12-06-00-00", "latency": "42"}, {"date": "2022-04-12-06-00-00", "latency": "42"}, {"date": "2022-04-12-06-00-00", "latency": "42"}, {"date": "2022-04-12-06-00-00", "latency": "42"}, {"date": "2022-04-12-06-00-00", "latency": "42"}, {"date": "2022-04-12-06-00-00", "latency": "42"}, {"date": "2022-04-12-22-00-00", "latency": "47"}, {"date": "2022-04-12-08-00-00", "latency": "64"}, {"date": "2022-04-12-08-00-00", "latency": "64"}, {"date": "2022-04-12-08-00-00", "latency": "64"}, {"date": "2022-04-12-08-00-00", "latency": "64"}, {"date": "2022-04-12-08-00-00", "latency": "64"}, {"date": "2022-04-12-08-00-00", "latency": "64"}, {"date": "2022-04-12-05-00-00", "latency": "40"}, {"date": "2022-04-12-05-00-00", "latency": "40"}, {"date": "2022-04-12-05-00-00", "latency": "40"}, {"date": "2022-04-12-05-00-00", "latency": "40"}, {"date": "2022-04-12-05-00-00", "latency": "40"}, {"date": "2022-04-12-05-00-00", "latency": "40"}, {"date": "2022-04-12-05-00-00", "latency": "40"}, {"date": "2022-04-12-05-00-00", "latency": "40"}, {"date": "2022-04-12-05-00-00", "latency": "40"}, {"date": "2022-04-12-05-00-00", "latency": "40"}, {"date": "2022-04-12-05-00-00", "latency": "40"}, {"date": "2022-04-12-04-00-00", "latency": "52"}]}, {"location": {"country_code": "gb", "region": "Northern Ireland"}, "game_id": "118849", "values": [{"date": "2022-04-12-21-00-00", "latency": "190"}, {"date": "2022-04-12-21-00-00", "latency": "190"}]}, {"location": {"country_code": "fi"}, "game_id": "118849", "values": [{"date": "2022-04-12-18-00-00", "latency": "30"}, {"date": "2022-04-12-18-00-00", "latency": "30"}, {"date": "2022-04-12-18-00-00", "latency": "30"}, {"date": "2022-04-12-18-00-00", "latency": "30"}, {"date": "2022-04-12-18-00-00", "latency": "30"}, {"date": "2022-04-12-18-00-00", "latency": "30"}, {"date": "2022-04-12-18-00-00", "latency": "30"}, {"date": "2022-04-12-18-00-00", "latency": "30"}, {"date": "2022-04-12-18-00-00", "latency": "30"}, {"date": "2022-04-12-18-00-00", "latency": "30"}, {"date": "2022-04-12-18-00-00", "latency": "30"}]}, {"location": {"country_code": "ru", "region": "Moscow", "city": "Zelenograd"}, "game_id": "118849", "values": [{"date": "2022-04-12-21-00-00", "latency": "48"}]}, {"location": {"country_code": "ar", "region": "Buenos Aires F.D.", "city": "Bahia Blanca"}, "game_id": "118849", "values": [{"date": "2022-04-13-01-00-00", "latency": "46"}, {"date": "2022-04-13-01-00-00", "latency": "46"}, {"date": "2022-04-13-01-00-00", "latency": "46"}, {"date": "2022-04-13-01-00-00", "latency": "46"}, {"date": "2022-04-13-01-00-00", "latency": "46"}, {"date": "2022-04-13-01-00-00", "latency": "46"}, {"date": "2022-04-13-01-00-00", "latency": "46"}, {"date": "2022-04-13-01-00-00", "latency": "46"}, {"date": "2022-04-13-01-00-00", "latency": "46"}, {"date": "2022-04-13-01-00-00", "latency": "46"}, {"date": "2022-04-13-01-00-00", "latency": "46"}, {"date": "2022-04-13-02-00-00", "latency": "1"}, {"date": "2022-04-12-03-00-00", "latency": "29"}, {"date": "2022-04-12-03-00-00", "latency": "29"}, {"date": "2022-04-12-03-00-00", "latency": "29"}, {"date": "2022-04-12-22-00-00", "latency": "42"}, {"date": "2022-04-12-22-00-00", "latency": "42"}, {"date": "2022-04-12-22-00-00", "latency": "42"}, {"date": "2022-04-12-22-00-00", "latency": "42"}, {"date": "2022-04-12-22-00-00", "latency": "42"}, {"date": "2022-04-12-22-00-00", "latency": "42"}]}, {"location": {"country_code": "us", "region": "Nevada", "city": "Las Vegas"}, "game_id": "118849", "values": [{"date": "2022-04-13-02-00-00", "latency": "43"}, {"date": "2022-04-13-02-00-00", "latency": "43"}, {"date": "2022-04-13-02-00-00", "latency": "43"}, {"date": "2022-04-13-02-00-00", "latency": "43"}, {"date": "2022-04-13-02-00-00", "latency": "43"}, {"date": "2022-04-12-18-00-00", "latency": "0"}, {"date": "2022-04-12-18-00-00", "latency": "0"}, {"date": "2022-04-12-18-00-00", "latency": "0"}, {"date": "2022-04-12-18-00-00", "latency": "0"}, {"date": "2022-04-12-18-00-00", "latency": "0"}, {"date": "2022-04-12-18-00-00", "latency": "0"}, {"date": "2022-04-12-18-00-00", "latency": "0"}, {"date": "2022-04-12-18-00-00", "latency": "0"}, {"date": "2022-04-12-18-00-00", "latency": "0"}, {"date": "2022-04-12-18-00-00", "latency": "0"}, {"date": "2022-04-12-18-00-00", "latency": "0"}, {"date": "2022-04-12-18-00-00", "latency": "0"}, {"date": "2022-04-12-06-00-00", "latency": "48"}, {"date": "2022-04-12-06-00-00", "latency": "48"}, {"date": "2022-04-12-06-00-00", "latency": "48"}, {"date": "2022-04-12-06-00-00", "latency": "48"}, {"date": "2022-04-12-06-00-00", "latency": "48"}, {"date": "2022-04-12-06-00-00", "latency": "48"}]}, {"location": {"country_code": "us", "region": "Texas", "city": "Houston"}, "game_id": "118849", "values": [{"date": "2022-04-12-23-00-00", "latency": "66"}, {"date": "2022-04-12-23-00-00", "latency": "66"}, {"date": "2022-04-12-23-00-00", "latency": "66"}, {"date": "2022-04-12-23-00-00", "latency": "66"}, {"date": "2022-04-12-23-00-00", "latency": "66"}, {"date": "2022-04-12-23-00-00", "latency": "66"}, {"date": "2022-04-12-23-00-00", "latency": "66"}]}, {"location": {"country_code": "br", "region": "Santa Catarina", "city": "Jaragua do Sul"}, "game_id": "118849", "values": [{"date": "2022-04-12-05-00-00", "latency": "24"}, {"date": "2022-04-12-05-00-00", "latency": "24"}, {"date": "2022-04-12-05-00-00", "latency": "24"}, {"date": "2022-04-12-05-00-00", "latency": "24"}, {"date": "2022-04-12-05-00-00", "latency": "24"}, {"date": "2022-04-12-05-00-00", "latency": "24"}, {"date": "2022-04-12-05-00-00", "latency": "24"}, {"date": "2022-04-12-05-00-00", "latency": "24"}]}, {"location": {"country_code": "us", "region": "Illinois", "city": "Chicago"}, "game_id": "118849", "values": [{"date": "2022-04-12-07-00-00", "latency": "48"}, {"date": "2022-04-12-07-00-00", "latency": "48"}, {"date": "2022-04-12-07-00-00", "latency": "48"}, {"date": "2022-04-12-07-00-00", "latency": "48"}, {"date": "2022-04-12-07-00-00", "latency": "48"}, {"date": "2022-04-12-07-00-00", "latency": "48"}, {"date": "2022-04-12-07-00-00", "latency": "48"}]}, {"location": {"country_code": "co"}, "game_id": "118849", "values": [{"date": "2022-04-12-22-00-00", "latency": "13"}, {"date": "2022-04-12-22-00-00", "latency": "13"}, {"date": "2022-04-12-22-00-00", "latency": "13"}, {"date": "2022-04-12-22-00-00", "latency": "13"}]}, {"location": {"country_code": "br", "region": "Estado de Bahia", "city": "Salvador"}, "game_id": "118849", "values": [{"date": "2022-04-12-02-00-00", "latency": "38"}, {"date": "2022-04-12-02-00-00", "latency": "38"}]}, {"location": {"country_code": "es", "region": "Catalonia", "city": "l'Hospitalet de Llobregat"}, "game_id": "118849", "values": [{"date": "2022-04-12-13-00-00", "latency": "44"}, {"date": "2022-04-12-13-00-00", "latency": "44"}, {"date": "2022-04-12-13-00-00", "latency": "44"}, {"date": "2022-04-12-13-00-00", "latency": "44"}, {"date": "2022-04-12-13-00-00", "latency": "44"}, {"date": "2022-04-12-13-00-00", "latency": "44"}, {"date": "2022-04-12-13-00-00", "latency": "44"}, {"date": "2022-04-12-13-00-00", "latency": "44"}]}, {"location": {"country_code": "pl"}, "game_id": "118849", "values": [{"date": "2022-04-12-15-00-00", "latency": "52"}, {"date": "2022-04-12-15-00-00", "latency": "52"}, {"date": "2022-04-12-15-00-00", "latency": "52"}, {"date": "2022-04-12-15-00-00", "latency": "52"}, {"date": "2022-04-13-01-00-00", "latency": "33"}, {"date": "2022-04-13-01-00-00", "latency": "33"}, {"date": "2022-04-12-17-00-00", "latency": "37"}, {"date": "2022-04-12-17-00-00", "latency": "37"}]}, {"location": {"country_code": "tr", "region": "Karadeniz Bolgesi"}, "game_id": "118849", "values": [{"date": "2022-04-12-05-00-00", "latency": "52"}, {"date": "2022-04-12-05-00-00", "latency": "52"}]}, {"location": {"country_code": "us", "region": "North Carolina"}, "game_id": "118849", "values": [{"date": "2022-04-12-16-00-00", "latency": "55"}, {"date": "2022-04-12-16-00-00", "latency": "55"}, {"date": "2022-04-12-16-00-00", "latency": "55"}, {"date": "2022-04-12-16-00-00", "latency": "55"}, {"date": "2022-04-12-16-00-00", "latency": "55"}, {"date": "2022-04-12-16-00-00", "latency": "55"}, {"date": "2022-04-12-16-00-00", "latency": "55"}, {"date": "2022-04-12-16-00-00", "latency": "55"}, {"date": "2022-04-12-16-00-00", "latency": "55"}, {"date": "2022-04-12-16-00-00", "latency": "55"}]}, {"location": {"country_code": "gb", "region": "England", "city": "London"}, "game_id": "118849", "values": [{"date": "2022-04-12-20-00-00", "latency": "50"}, {"date": "2022-04-12-20-00-00", "latency": "50"}, {"date": "2022-04-12-20-00-00", "latency": "50"}, {"date": "2022-04-12-20-00-00", "latency": "50"}, {"date": "2022-04-12-20-00-00", "latency": "50"}, {"date": "2022-04-12-20-00-00", "latency": "50"}, {"date": "2022-04-12-20-00-00", "latency": "50"}, {"date": "2022-04-12-20-00-00", "latency": "50"}, {"date": "2022-04-12-20-00-00", "latency": "50"}]}, {"location": {"country_code": "pe"}, "game_id": "118849", "values": [{"date": "2022-04-12-09-00-00", "latency": "101"}, {"date": "2022-04-12-09-00-00", "latency": "101"}, {"date": "2022-04-12-09-00-00", "latency": "101"}]}, {"location": {"country_code": "ua"}, "game_id": "118849", "values": [{"date": "2022-04-12-21-00-00", "latency": "51"}, {"date": "2022-04-12-21-00-00", "latency": "51"}, {"date": "2022-04-12-21-00-00", "latency": "51"}, {"date": "2022-04-12-21-00-00", "latency": "51"}, {"date": "2022-04-12-21-00-00", "latency": "51"}, {"date": "2022-04-12-21-00-00", "latency": "51"}, {"date": "2022-04-12-21-00-00", "latency": "51"}, {"date": "2022-04-12-21-00-00", "latency": "51"}, {"date": "2022-04-12-21-00-00", "latency": "51"}, {"date": "2022-04-12-21-00-00", "latency": "51"}, {"date": "2022-04-12-21-00-00", "latency": "51"}, {"date": "2022-04-12-21-00-00", "latency": "51"}, {"date": "2022-04-12-21-00-00", "latency": "51"}, {"date": "2022-04-12-21-00-00", "latency": "51"}, {"date": "2022-04-12-21-00-00", "latency": "51"}, {"date": "2022-04-12-21-00-00", "latency": "51"}]}, {"location": {"country_code": "sg"}, "game_id": "118849", "values": [{"date": "2022-04-13-01-00-00", "latency": "20"}, {"date": "2022-04-12-19-00-00", "latency": "105"}, {"date": "2022-04-12-19-00-00", "latency": "105"}, {"date": "2022-04-12-11-00-00", "latency": "226"}, {"date": "2022-04-12-11-00-00", "latency": "226"}, {"date": "2022-04-12-11-00-00", "latency": "226"}, {"date": "2022-04-12-11-00-00", "latency": "226"}, {"date": "2022-04-12-11-00-00", "latency": "226"}]}, {"location": {"country_code": "fr", "region": "Occitanie", "city": "Toulouse"}, "game_id": "118849", "values": [{"date": "2022-04-13-01-00-00", "latency": "26"}, {"date": "2022-04-13-01-00-00", "latency": "26"}]}, {"location": {"country_code": "tr", "region": "Marmara Bolgesi", "city": "Istanbul"}, "game_id": "118849", "values": [{"date": "2022-04-13-02-00-00", "latency": "11"}, {"date": "2022-04-13-02-00-00", "latency": "11"}, {"date": "2022-04-13-02-00-00", "latency": "11"}, {"date": "2022-04-13-02-00-00", "latency": "11"}, {"date": "2022-04-13-02-00-00", "latency": "11"}, {"date": "2022-04-13-02-00-00", "latency": "11"}, {"date": "2022-04-13-02-00-00", "latency": "11"}, {"date": "2022-04-13-02-00-00", "latency": "11"}, {"date": "2022-04-13-02-00-00", "latency": "11"}, {"date": "2022-04-13-02-00-00", "latency": "11"}]}, {"location": {"country_code": "ca", "region": "Ontario", "city": "Toronto"}, "game_id": "118849", "values": [{"date": "2022-04-13-02-00-00", "latency": "106"}, {"date": "2022-04-13-02-00-00", "latency": "106"}, {"date": "2022-04-13-02-00-00", "latency": "106"}, {"date": "2022-04-13-02-00-00", "latency": "106"}, {"date": "2022-04-13-02-00-00", "latency": "106"}, {"date": "2022-04-13-02-00-00", "latency": "106"}, {"date": "2022-04-13-02-00-00", "latency": "106"}, {"date": "2022-04-13-02-00-00", "latency": "106"}, {"date": "2022-04-13-02-00-00", "latency": "106"}, {"date": "2022-04-13-02-00-00", "latency": "106"}, {"date": "2022-04-13-02-00-00", "latency": "106"}, {"date": "2022-04-13-02-00-00", "latency": "70"}, {"date": "2022-04-13-02-00-00", "latency": "70"}, {"date": "2022-04-13-02-00-00", "latency": "70"}, {"date": "2022-04-13-02-00-00", "latency": "70"}, {"date": "2022-04-13-02-00-00", "latency": "70"}, {"date": "2022-04-13-02-00-00", "latency": "70"}, {"date": "2022-04-13-02-00-00", "latency": "70"}, {"date": "2022-04-13-02-00-00", "latency": "70"}, {"date": "2022-04-13-02-00-00", "latency": "70"}, {"date": "2022-04-13-02-00-00", "latency": "70"}, {"date": "2022-04-13-02-00-00", "latency": "70"}, {"date": "2022-04-13-02-00-00", "latency": "70"}, {"date": "2022-04-13-02-00-00", "latency": "70"}, {"date": "2022-04-13-02-00-00", "latency": "70"}, {"date": "2022-04-13-02-00-00", "latency": "70"}, {"date": "2022-04-13-02-00-00", "latency": "70"}, {"date": "2022-04-13-02-00-00", "latency": "70"}]}, {"location": {"country_code": "us", "region": "Illinois"}, "game_id": "118849", "values": [{"date": "2022-04-12-17-00-00", "latency": "42"}, {"date": "2022-04-12-17-00-00", "latency": "42"}]}, {"location": {"country_code": "us", "region": "Oklahoma"}, "game_id": "118849", "values": [{"date": "2022-04-12-03-00-00", "latency": "32"}, {"date": "2022-04-12-03-00-00", "latency": "32"}]}, {"location": {"country_code": "us", "region": "Missouri", "city": "St. Louis"}, "game_id": "118849", "values": [{"date": "2022-04-12-05-00-00", "latency": "32"}, {"date": "2022-04-12-05-00-00", "latency": "32"}]}, {"location": {"country_code": "ar", "region": "Buenos Aires", "city": "Lujan"}, "game_id": "118849", "values": [{"date": "2022-04-12-10-00-00", "latency": "37"}, {"date": "2022-04-12-10-00-00", "latency": "37"}, {"date": "2022-04-12-10-00-00", "latency": "37"}, {"date": "2022-04-12-10-00-00", "latency": "37"}, {"date": "2022-04-12-10-00-00", "latency": "37"}, {"date": "2022-04-12-10-00-00", "latency": "37"}, {"date": "2022-04-12-10-00-00", "latency": "37"}, {"date": "2022-04-12-10-00-00", "latency": "37"}, {"date": "2022-04-12-10-00-00", "latency": "37"}, {"date": "2022-04-12-10-00-00", "latency": "37"}, {"date": "2022-04-12-10-00-00", "latency": "37"}, {"date": "2022-04-12-10-00-00", "latency": "37"}]}, {"location": {"country_code": "us", "region": "Alabama", "city": "Troy"}, "game_id": "118849", "values": [{"date": "2022-04-12-12-00-00", "latency": "102"}, {"date": "2022-04-12-12-00-00", "latency": "102"}, {"date": "2022-04-12-12-00-00", "latency": "102"}, {"date": "2022-04-12-12-00-00", "latency": "102"}, {"date": "2022-04-12-12-00-00", "latency": "102"}]}, {"location": {"country_code": "us", "region": "Colorado"}, "game_id": "118849", "values": [{"date": "2022-04-12-03-00-00", "latency": "43"}]}, {"location": {"country_code": "us", "region": "Colorado", "city": "Colorado Springs"}, "game_id": "118849", "values": [{"date": "2022-04-12-12-00-00", "latency": "5"}, {"date": "2022-04-12-12-00-00", "latency": "5"}]}, {"location": {"country_code": "br", "region": "State of Rio de Janeiro", "city": "Angra dos Reis"}, "game_id": "118849", "values": [{"date": "2022-04-12-05-00-00", "latency": "24"}, {"date": "2022-04-12-05-00-00", "latency": "24"}, {"date": "2022-04-12-05-00-00", "latency": "24"}, {"date": "2022-04-12-05-00-00", "latency": "24"}, {"date": "2022-04-12-05-00-00", "latency": "24"}, {"date": "2022-04-12-05-00-00", "latency": "24"}, {"date": "2022-04-12-05-00-00", "latency": "24"}, {"date": "2022-04-12-08-00-00", "latency": "18"}, {"date": "2022-04-12-08-00-00", "latency": "18"}, {"date": "2022-04-12-10-00-00", "latency": "26"}, {"date": "2022-04-12-10-00-00", "latency": "26"}, {"date": "2022-04-12-10-00-00", "latency": "26"}, {"date": "2022-04-12-10-00-00", "latency": "26"}, {"date": "2022-04-12-10-00-00", "latency": "26"}, {"date": "2022-04-12-10-00-00", "latency": "26"}, {"date": "2022-04-12-10-00-00", "latency": "26"}]}, {"location": {"country_code": "cn", "region": "Hong Kong"}, "game_id": "118849", "values": [{"date": "2022-04-12-09-00-00", "latency": "208"}, {"date": "2022-04-12-09-00-00", "latency": "208"}, {"date": "2022-04-12-09-00-00", "latency": "208"}]}, {"location": {"country_code": "fr", "region": "Ile-de-France Region", "city": "Paris"}, "game_id": "118849", "values": [{"date": "2022-04-12-13-00-00", "latency": "23"}, {"date": "2022-04-13-00-00-00", "latency": "15"}, {"date": "2022-04-13-00-00-00", "latency": "15"}, {"date": "2022-04-13-00-00-00", "latency": "15"}, {"date": "2022-04-13-00-00-00", "latency": "15"}, {"date": "2022-04-13-00-00-00", "latency": "15"}, {"date": "2022-04-13-00-00-00", "latency": "16"}, {"date": "2022-04-13-00-00-00", "latency": "16"}, {"date": "2022-04-13-00-00-00", "latency": "16"}, {"date": "2022-04-13-00-00-00", "latency": "16"}, {"date": "2022-04-13-00-00-00", "latency": "16"}, {"date": "2022-04-13-00-00-00", "latency": "16"}, {"date": "2022-04-13-00-00-00", "latency": "16"}, {"date": "2022-04-13-00-00-00", "latency": "16"}, {"date": "2022-04-13-00-00-00", "latency": "16"}, {"date": "2022-04-13-00-00-00", "latency": "16"}, {"date": "2022-04-13-00-00-00", "latency": "16"}, {"date": "2022-04-13-00-00-00", "latency": "16"}, {"date": "2022-04-13-00-00-00", "latency": "16"}, {"date": "2022-04-13-00-00-00", "latency": "16"}, {"date": "2022-04-13-00-00-00", "latency": "16"}, {"date": "2022-04-13-00-00-00", "latency": "16"}, {"date": "2022-04-13-00-00-00", "latency": "16"}, {"date": "2022-04-13-00-00-00", "latency": "16"}, {"date": "2022-04-13-00-00-00", "latency": "16"}, {"date": "2022-04-13-00-00-00", "latency": "16"}, {"date": "2022-04-13-00-00-00", "latency": "16"}, {"date": "2022-04-13-00-00-00", "latency": "16"}, {"date": "2022-04-13-00-00-00", "latency": "16"}, {"date": "2022-04-13-00-00-00", "latency": "16"}]}, {"location": {"country_code": "de", "region": "Bremen", "city": "Bremen"}, "game_id": "118849", "values": [{"date": "2022-04-12-20-00-00", "latency": "25"}, {"date": "2022-04-12-20-00-00", "latency": "25"}]}, {"location": {"country_code": "de", "region": "Bavaria", "city": "Nuremberg"}, "game_id": "118849", "values": [{"date": "2022-04-13-02-00-00", "latency": "20"}, {"date": "2022-04-13-02-00-00", "latency": "20"}, {"date": "2022-04-13-02-00-00", "latency": "20"}, {"date": "2022-04-13-02-00-00", "latency": "20"}]}, {"location": {"country_code": "br", "region": "Parana"}, "game_id": "118849", "values": [{"date": "2022-04-12-21-00-00", "latency": "9"}, {"date": "2022-04-12-21-00-00", "latency": "9"}, {"date": "2022-04-12-21-00-00", "latency": "9"}, {"date": "2022-04-12-21-00-00", "latency": "9"}, {"date": "2022-04-12-21-00-00", "latency": "9"}, {"date": "2022-04-12-21-00-00", "latency": "9"}, {"date": "2022-04-12-21-00-00", "latency": "9"}, {"date": "2022-04-12-21-00-00", "latency": "9"}]}, {"location": {"country_code": "us", "region": "Maryland"}, "game_id": "118849", "values": [{"date": "2022-04-13-00-00-00", "latency": "42"}, {"date": "2022-04-13-00-00-00", "latency": "42"}, {"date": "2022-04-13-00-00-00", "latency": "42"}, {"date": "2022-04-13-00-00-00", "latency": "42"}, {"date": "2022-04-13-00-00-00", "latency": "42"}, {"date": "2022-04-13-00-00-00", "latency": "42"}, {"date": "2022-04-13-00-00-00", "latency": "42"}, {"date": "2022-04-13-00-00-00", "latency": "42"}, {"date": "2022-04-13-00-00-00", "latency": "42"}, {"date": "2022-04-13-00-00-00", "latency": "42"}, {"date": "2022-04-13-00-00-00", "latency": "42"}, {"date": "2022-04-13-00-00-00", "latency": "42"}, {"date": "2022-04-13-00-00-00", "latency": "42"}, {"date": "2022-04-13-00-00-00", "latency": "42"}, {"date": "2022-04-13-00-00-00", "latency": "42"}, {"date": "2022-04-13-00-00-00", "latency": "42"}, {"date": "2022-04-13-00-00-00", "latency": "42"}, {"date": "2022-04-13-00-00-00", "latency": "42"}, {"date": "2022-04-13-00-00-00", "latency": "42"}]}, {"location": {"country_code": "mx", "region": "Tamaulipas"}, "game_id": "118849", "values": [{"date": "2022-04-12-07-00-00", "latency": "69"}, {"date": "2022-04-12-07-00-00", "latency": "69"}, {"date": "2022-04-12-07-00-00", "latency": "69"}, {"date": "2022-04-12-07-00-00", "latency": "69"}, {"date": "2022-04-12-07-00-00", "latency": "69"}, {"date": "2022-04-12-07-00-00", "latency": "69"}, {"date": "2022-04-12-07-00-00", "latency": "69"}, {"date": "2022-04-12-07-00-00", "latency": "69"}, {"date": "2022-04-12-07-00-00", "latency": "69"}, {"date": "2022-04-12-07-00-00", "latency": "69"}, {"date": "2022-04-12-07-00-00", "latency": "69"}, {"date": "2022-04-12-07-00-00", "latency": "69"}]}, {"location": {"country_code": "us", "region": "Georgia", "city": "Atlanta"}, "game_id": "118849", "values": [{"date": "2022-04-12-03-00-00", "latency": "40"}, {"date": "2022-04-12-03-00-00", "latency": "40"}]}, {"location": {"country_code": "au", "region": "Victoria"}, "game_id": "118849", "values": [{"date": "2022-04-12-15-00-00", "latency": "221"}, {"date": "2022-04-12-15-00-00", "latency": "221"}, {"date": "2022-04-12-15-00-00", "latency": "221"}]}, {"location": {"country_code": "br", "region": "Federal District"}, "game_id": "118849", "values": [{"date": "2022-04-12-19-00-00", "latency": "43"}, {"date": "2022-04-12-19-00-00", "latency": "43"}, {"date": "2022-04-12-19-00-00", "latency": "43"}, {"date": "2022-04-12-19-00-00", "latency": "43"}, {"date": "2022-04-12-19-00-00", "latency": "43"}, {"date": "2022-04-12-19-00-00", "latency": "43"}, {"date": "2022-04-12-19-00-00", "latency": "43"}, {"date": "2022-04-12-19-00-00", "latency": "43"}, {"date": "2022-04-12-19-00-00", "latency": "43"}, {"date": "2022-04-12-19-00-00", "latency": "43"}, {"date": "2022-04-12-19-00-00", "latency": "43"}, {"date": "2022-04-12-19-00-00", "latency": "43"}, {"date": "2022-04-12-19-00-00", "latency": "43"}, {"date": "2022-04-12-19-00-00", "latency": "43"}, {"date": "2022-04-12-19-00-00", "latency": "43"}, {"date": "2022-04-12-19-00-00", "latency": "43"}]}, {"location": {"country_code": "ca", "region": "British Columbia"}, "game_id": "118849", "values": [{"date": "2022-04-12-15-00-00", "latency": "5"}, {"date": "2022-04-12-15-00-00", "latency": "5"}, {"date": "2022-04-12-15-00-00", "latency": "5"}, {"date": "2022-04-12-15-00-00", "latency": "5"}, {"date": "2022-04-12-15-00-00", "latency": "5"}, {"date": "2022-04-12-15-00-00", "latency": "5"}, {"date": "2022-04-12-15-00-00", "latency": "5"}]}, {"location": {"country_code": "us", "region": "Connecticut"}, "game_id": "118849", "values": [{"date": "2022-04-12-21-00-00", "latency": "98"}, {"date": "2022-04-12-21-00-00", "latency": "98"}, {"date": "2022-04-12-21-00-00", "latency": "98"}]}, {"location": {"country_code": "es", "region": "Madrid"}, "game_id": "118849", "values": [{"date": "2022-04-13-02-00-00", "latency": "33"}, {"date": "2022-04-13-02-00-00", "latency": "33"}, {"date": "2022-04-12-22-00-00", "latency": "47"}, {"date": "2022-04-12-22-00-00", "latency": "47"}, {"date": "2022-04-12-22-00-00", "latency": "47"}, {"date": "2022-04-12-22-00-00", "latency": "47"}]}, {"location": {"country_code": "br", "region": "Parana", "city": "Foz do Iguacu"}, "game_id": "118849", "values": [{"date": "2022-04-13-00-00-00", "latency": "24"}, {"date": "2022-04-13-00-00-00", "latency": "24"}]}, {"location": {"country_code": "br", "region": "Sao Paulo", "city": "Jacarei"}, "game_id": "118849", "values": [{"date": "2022-04-13-01-00-00", "latency": "18"}]}, {"location": {"country_code": "es", "region": "Valencia", "city": "Orihuela"}, "game_id": "118849", "values": [{"date": "2022-04-12-18-00-00", "latency": "45"}, {"date": "2022-04-12-18-00-00", "latency": "45"}, {"date": "2022-04-12-18-00-00", "latency": "45"}, {"date": "2022-04-12-18-00-00", "latency": "45"}, {"date": "2022-04-12-18-00-00", "latency": "45"}, {"date": "2022-04-12-18-00-00", "latency": "45"}]}, {"location": {"country_code": "ar", "region": "Cordoba Province", "city": "Rio Cuarto"}, "game_id": "118849", "values": [{"date": "2022-04-13-01-00-00", "latency": "221"}, {"date": "2022-04-13-01-00-00", "latency": "221"}, {"date": "2022-04-13-01-00-00", "latency": "221"}, {"date": "2022-04-13-01-00-00", "latency": "221"}, {"date": "2022-04-13-01-00-00", "latency": "221"}, {"date": "2022-04-13-01-00-00", "latency": "221"}, {"date": "2022-04-13-01-00-00", "latency": "221"}]}, {"location": {"country_code": "br", "region": "Sao Paulo", "city": "Varzea Paulista"}, "game_id": "118849", "values": [{"date": "2022-04-12-19-00-00", "latency": "15"}, {"date": "2022-04-12-19-00-00", "latency": "15"}, {"date": "2022-04-12-19-00-00", "latency": "15"}, {"date": "2022-04-12-19-00-00", "latency": "15"}, {"date": "2022-04-12-19-00-00", "latency": "15"}, {"date": "2022-04-12-19-00-00", "latency": "15"}, {"date": "2022-04-12-19-00-00", "latency": "15"}, {"date": "2022-04-12-19-00-00", "latency": "15"}, {"date": "2022-04-12-19-00-00", "latency": "15"}]}, {"location": {"country_code": "us", "region": "Ohio", "city": "Columbus"}, "game_id": "118849", "values": [{"date": "2022-04-12-03-00-00", "latency": "60"}]}, {"location": {"country_code": "ae", "region": "Dubai", "city": "Dubai"}, "game_id": "118849", "values": [{"date": "2022-04-13-02-00-00", "latency": "138"}, {"date": "2022-04-13-02-00-00", "latency": "138"}, {"date": "2022-04-13-02-00-00", "latency": "138"}, {"date": "2022-04-13-02-00-00", "latency": "138"}]}, {"location": {"country_code": "pt", "region": "Northern Mariana Islands", "city": "Porto"}, "game_id": "118849", "values": [{"date": "2022-04-12-18-00-00", "latency": "49"}, {"date": "2022-04-12-18-00-00", "latency": "49"}]}, {"location": {"country_code": "us", "region": "Oklahoma", "city": "Sand Springs"}, "game_id": "118849", "values": [{"date": "2022-04-12-06-00-00", "latency": "59"}, {"date": "2022-04-12-06-00-00", "latency": "59"}, {"date": "2022-04-12-06-00-00", "latency": "59"}]}, {"location": {"country_code": "tr", "region": "Ic Anadolu Bolgesi"}, "game_id": "118849", "values": [{"date": "2022-04-12-23-00-00", "latency": "58"}, {"date": "2022-04-12-23-00-00", "latency": "58"}]}, {"location": {"country_code": "ar", "region": "Buenos Aires", "city": "General Rodriguez"}, "game_id": "118849", "values": [{"date": "2022-04-12-10-00-00", "latency": "46"}, {"date": "2022-04-12-10-00-00", "latency": "46"}, {"date": "2022-04-12-10-00-00", "latency": "46"}]}, {"location": {"country_code": "pl", "region": "Masovian Voivodeship", "city": "Siedlce"}, "game_id": "118849", "values": [{"date": "2022-04-12-18-00-00", "latency": "346"}, {"date": "2022-04-12-18-00-00", "latency": "346"}, {"date": "2022-04-12-18-00-00", "latency": "346"}, {"date": "2022-04-12-18-00-00", "latency": "346"}, {"date": "2022-04-12-18-00-00", "latency": "346"}, {"date": "2022-04-12-18-00-00", "latency": "346"}]}, {"location": {"country_code": "de", "region": "North Rhine-Westphalia", "city": "Dusseldorf"}, "game_id": "118849", "values": [{"date": "2022-04-12-21-00-00", "latency": "17"}]}, {"location": {"country_code": "fr", "region": "Brittany Region", "city": "Guisseny"}, "game_id": "118849", "values": [{"date": "2022-04-12-16-00-00", "latency": "93"}]}, {"location": {"country_code": "br", "region": "State of Rio de Janeiro", "city": "Araruama"}, "game_id": "118849", "values": [{"date": "2022-04-12-17-00-00", "latency": "27"}, {"date": "2022-04-12-17-00-00", "latency": "27"}, {"date": "2022-04-12-17-00-00", "latency": "27"}, {"date": "2022-04-12-17-00-00", "latency": "27"}, {"date": "2022-04-12-17-00-00", "latency": "27"}, {"date": "2022-04-12-17-00-00", "latency": "27"}, {"date": "2022-04-12-17-00-00", "latency": "27"}, {"date": "2022-04-12-18-00-00", "latency": "147"}, {"date": "2022-04-12-18-00-00", "latency": "147"}, {"date": "2022-04-12-18-00-00", "latency": "147"}, {"date": "2022-04-12-18-00-00", "latency": "147"}, {"date": "2022-04-12-18-00-00", "latency": "147"}, {"date": "2022-04-12-18-00-00", "latency": "147"}, {"date": "2022-04-12-18-00-00", "latency": "147"}, {"date": "2022-04-12-18-00-00", "latency": "147"}, {"date": "2022-04-12-18-00-00", "latency": "147"}, {"date": "2022-04-12-18-00-00", "latency": "147"}, {"date": "2022-04-12-18-00-00", "latency": "147"}, {"date": "2022-04-12-18-00-00", "latency": "147"}, {"date": "2022-04-12-18-00-00", "latency": "147"}, {"date": "2022-04-12-18-00-00", "latency": "147"}, {"date": "2022-04-12-18-00-00", "latency": "147"}, {"date": "2022-04-12-18-00-00", "latency": "147"}, {"date": "2022-04-12-18-00-00", "latency": "147"}, {"date": "2022-04-13-00-00-00", "latency": "25"}, {"date": "2022-04-13-00-00-00", "latency": "25"}, {"date": "2022-04-13-00-00-00", "latency": "25"}, {"date": "2022-04-13-00-00-00", "latency": "25"}, {"date": "2022-04-13-00-00-00", "latency": "25"}, {"date": "2022-04-13-00-00-00", "latency": "25"}, {"date": "2022-04-13-00-00-00", "latency": "25"}, {"date": "2022-04-13-00-00-00", "latency": "25"}]}, {"location": {"country_code": "us", "region": "Tennessee", "city": "Chattanooga"}, "game_id": "118849", "values": [{"date": "2022-04-12-21-00-00", "latency": "79"}, {"date": "2022-04-12-21-00-00", "latency": "79"}, {"date": "2022-04-12-21-00-00", "latency": "79"}]}, {"location": {"country_code": "de", "region": "Schleswig-Holstein", "city": "Kiel"}, "game_id": "118849", "values": [{"date": "2022-04-12-19-00-00", "latency": "29"}, {"date": "2022-04-12-19-00-00", "latency": "29"}, {"date": "2022-04-12-19-00-00", "latency": "29"}, {"date": "2022-04-12-19-00-00", "latency": "29"}, {"date": "2022-04-12-19-00-00", "latency": "29"}, {"date": "2022-04-12-19-00-00", "latency": "29"}]}, {"location": {"country_code": "us", "region": "Iowa", "city": "Ankeny"}, "game_id": "118849", "values": [{"date": "2022-04-12-10-00-00", "latency": "86"}, {"date": "2022-04-12-10-00-00", "latency": "86"}, {"date": "2022-04-12-10-00-00", "latency": "86"}, {"date": "2022-04-12-10-00-00", "latency": "86"}, {"date": "2022-04-12-10-00-00", "latency": "86"}]}, {"location": {"country_code": "es", "region": "Canary Islands", "city": "Arrecife"}, "game_id": "118849", "values": [{"date": "2022-04-12-23-00-00", "latency": "68"}, {"date": "2022-04-12-23-00-00", "latency": "68"}, {"date": "2022-04-12-23-00-00", "latency": "68"}]}, {"location": {"country_code": "br", "region": "Santa Catarina", "city": "Balneario Gaivota"}, "game_id": "118849", "values": [{"date": "2022-04-13-02-00-00", "latency": "24"}, {"date": "2022-04-13-02-00-00", "latency": "24"}, {"date": "2022-04-13-02-00-00", "latency": "24"}, {"date": "2022-04-13-02-00-00", "latency": "24"}, {"date": "2022-04-13-02-00-00", "latency": "24"}, {"date": "2022-04-13-02-00-00", "latency": "24"}, {"date": "2022-04-13-02-00-00", "latency": "24"}, {"date": "2022-04-13-02-00-00", "latency": "24"}, {"date": "2022-04-13-02-00-00", "latency": "24"}, {"date": "2022-04-13-02-00-00", "latency": "24"}, {"date": "2022-04-13-02-00-00", "latency": "24"}, {"date": "2022-04-13-02-00-00", "latency": "24"}]}, {"location": {"country_code": "tr", "region": "Marmara Bolgesi", "city": "Yalova"}, "game_id": "118849", "values": [{"date": "2022-04-12-23-00-00", "latency": "66"}, {"date": "2022-04-12-23-00-00", "latency": "66"}, {"date": "2022-04-12-23-00-00", "latency": "66"}]}, {"location": {"country_code": "nl", "region": "Gelderland", "city": "Putten"}, "game_id": "118849", "values": [{"date": "2022-04-12-10-00-00", "latency": "13"}]}, {"location": {"country_code": "br", "region": "Estado de Bahia", "city": "Vitoria da Conquista"}, "game_id": "118849", "values": [{"date": "2022-04-12-18-00-00", "latency": "75"}, {"date": "2022-04-12-18-00-00", "latency": "75"}, {"date": "2022-04-12-18-00-00", "latency": "75"}]}, {"location": {"country_code": "us", "region": "Alaska", "city": "Juneau"}, "game_id": "118849", "values": [{"date": "2022-04-12-23-00-00", "latency": "98"}]}, {"location": {"country_code": "fr", "region": "Normandy", "city": "Auvers"}, "game_id": "118849", "values": [{"date": "2022-04-12-23-00-00", "latency": "32"}, {"date": "2022-04-12-23-00-00", "latency": "32"}, {"date": "2022-04-12-23-00-00", "latency": "32"}]}, {"location": {"country_code": "pt", "region": "Viana do Alentejo Municipality", "city": "Salvaterra de Magos"}, "game_id": "118849", "values": [{"date": "2022-04-13-01-00-00", "latency": "139"}, {"date": "2022-04-13-01-00-00", "latency": "139"}, {"date": "2022-04-13-01-00-00", "latency": "139"}, {"date": "2022-04-13-01-00-00", "latency": "139"}]}, {"location": {"country_code": "it", "region": "Veneto", "city": "Mogliano Veneto"}, "game_id": "118849", "values": [{"date": "2022-04-12-16-00-00", "latency": "17"}, {"date": "2022-04-12-16-00-00", "latency": "17"}, {"date": "2022-04-12-16-00-00", "latency": "17"}]}, {"location": {"country_code": "pl", "region": "Pomeranian Voivodeship", "city": "Gdynia"}, "game_id": "118849", "values": [{"date": "2022-04-13-00-00-00", "latency": "196"}, {"date": "2022-04-13-00-00-00", "latency": "196"}, {"date": "2022-04-13-00-00-00", "latency": "196"}, {"date": "2022-04-13-00-00-00", "latency": "196"}, {"date": "2022-04-13-00-00-00", "latency": "196"}, {"date": "2022-04-13-00-00-00", "latency": "196"}, {"date": "2022-04-13-00-00-00", "latency": "196"}, {"date": "2022-04-13-00-00-00", "latency": "196"}, {"date": "2022-04-13-00-00-00", "latency": "196"}, {"date": "2022-04-13-00-00-00", "latency": "196"}, {"date": "2022-04-13-00-00-00", "latency": "196"}, {"date": "2022-04-13-00-00-00", "latency": "196"}, {"date": "2022-04-13-00-00-00", "latency": "196"}, {"date": "2022-04-13-00-00-00", "latency": "196"}, {"date": "2022-04-13-00-00-00", "latency": "196"}, {"date": "2022-04-13-00-00-00", "latency": "196"}, {"date": "2022-04-13-00-00-00", "latency": "196"}, {"date": "2022-04-13-00-00-00", "latency": "196"}, {"date": "2022-04-13-00-00-00", "latency": "196"}, {"date": "2022-04-13-00-00-00", "latency": "196"}, {"date": "2022-04-13-00-00-00", "latency": "196"}, {"date": "2022-04-13-00-00-00", "latency": "196"}, {"date": "2022-04-13-00-00-00", "latency": "196"}, {"date": "2022-04-13-00-00-00", "latency": "196"}]}, {"location": {"country_code": "fr", "region": "Ile-de-France Region", "city": "Villeparisis"}, "game_id": "118849", "values": [{"date": "2022-04-12-20-00-00", "latency": "27"}, {"date": "2022-04-12-20-00-00", "latency": "27"}, {"date": "2022-04-12-20-00-00", "latency": "27"}, {"date": "2022-04-12-20-00-00", "latency": "27"}, {"date": "2022-04-12-20-00-00", "latency": "27"}, {"date": "2022-04-12-20-00-00", "latency": "27"}, {"date": "2022-04-12-20-00-00", "latency": "27"}, {"date": "2022-04-12-20-00-00", "latency": "27"}]}], "last_updated": 1719914997.727157}