{"data": [{"location": {"country_code": "gb"}, "game_id": "319965", "values": [{"date": "2024-05-21-23-00-00", "latency": "35"}, {"date": "2024-05-21-23-00-00", "latency": "35"}, {"date": "2024-05-21-23-00-00", "latency": "35"}, {"date": "2024-05-21-23-00-00", "latency": "35"}]}, {"location": {"country_code": "mx", "region": "Mexico City"}, "game_id": "319965", "values": [{"date": "2024-05-21-07-00-00", "latency": "1"}, {"date": "2024-05-21-07-00-00", "latency": "1"}, {"date": "2024-05-21-07-00-00", "latency": "1"}, {"date": "2024-05-21-07-00-00", "latency": "1"}, {"date": "2024-05-21-07-00-00", "latency": "1"}, {"date": "2024-05-21-07-00-00", "latency": "1"}, {"date": "2024-05-21-07-00-00", "latency": "1"}, {"date": "2024-05-21-07-00-00", "latency": "1"}]}, {"location": {"country_code": "us", "region": "Florida", "city": "Miami"}, "game_id": "319965", "values": [{"date": "2024-05-22-00-00-00", "latency": "71"}, {"date": "2024-05-22-00-00-00", "latency": "71"}]}], "last_updated": 1719915102.838838}