{"data": [{"location": {"country_code": "us"}, "game_id": "118849", "values": [{"date": "2022-02-25-01-00-00", "latency": 27}, {"date": "2022-02-25-01-00-00", "latency": 27}, {"date": "2022-02-25-01-00-00", "latency": 27}, {"date": "2022-02-25-01-00-00", "latency": 27}, {"date": "2022-02-25-01-00-00", "latency": 27}, {"date": "2022-02-25-01-00-00", "latency": 27}]}, {"location": {"country_code": "us", "region": "New York", "city": "Jamestown"}, "game_id": "118849", "values": [{"date": "2022-02-24-06-00-00", "latency": 1}, {"date": "2022-02-24-06-00-00", "latency": 1}, {"date": "2022-02-24-06-00-00", "latency": 1}, {"date": "2022-02-24-06-00-00", "latency": 1}, {"date": "2022-02-24-06-00-00", "latency": 1}, {"date": "2022-02-24-06-00-00", "latency": 1}, {"date": "2022-02-24-22-00-00", "latency": 39}, {"date": "2022-02-24-22-00-00", "latency": 39}, {"date": "2022-02-24-22-00-00", "latency": 39}, {"date": "2022-02-24-22-00-00", "latency": 39}, {"date": "2022-02-24-22-00-00", "latency": 39}]}, {"location": {"country_code": "gr"}, "game_id": "118849", "values": [{"date": "2022-02-24-10-00-00", "latency": 1}]}, {"location": {"country_code": "pa"}, "game_id": "118849", "values": [{"date": "2022-02-24-02-00-00", "latency": 45}]}, {"location": {"country_code": "jp"}, "game_id": "118849", "values": [{"date": "2022-02-24-07-00-00", "latency": 1}]}, {"location": {"country_code": "ca"}, "game_id": "118849", "values": [{"date": "2022-02-24-23-00-00", "latency": 53}, {"date": "2022-02-24-23-00-00", "latency": 53}, {"date": "2022-02-24-23-00-00", "latency": 53}, {"date": "2022-02-24-23-00-00", "latency": 53}, {"date": "2022-02-24-23-00-00", "latency": 53}, {"date": "2022-02-24-23-00-00", "latency": 53}, {"date": "2022-02-24-23-00-00", "latency": 53}, {"date": "2022-02-24-23-00-00", "latency": 53}, {"date": "2022-02-24-23-00-00", "latency": 53}, {"date": "2022-02-24-18-00-00", "latency": 23}]}, {"location": {"country_code": "de"}, "game_id": "118849", "values": [{"date": "2022-02-24-20-00-00", "latency": 1}]}, {"location": {"country_code": "us", "region": "Texas"}, "game_id": "118849", "values": [{"date": "2022-02-25-01-00-00", "latency": 38}, {"date": "2022-02-25-01-00-00", "latency": 38}, {"date": "2022-02-25-01-00-00", "latency": 38}]}, {"location": {"country_code": "ph", "region": "CALABARZON", "city": "Cavite"}, "game_id": "118849", "values": [{"date": "2022-02-24-16-00-00", "latency": 1}]}, {"location": {"country_code": "fr", "region": "Occitanie", "city": "Montpellier"}, "game_id": "118849", "values": [{"date": "2022-02-24-15-00-00", "latency": 3}]}, {"location": {"country_code": "mx"}, "game_id": "118849", "values": [{"date": "2022-02-24-03-00-00", "latency": 50}, {"date": "2022-02-24-03-00-00", "latency": 50}, {"date": "2022-02-24-03-00-00", "latency": 50}, {"date": "2022-02-24-03-00-00", "latency": 50}]}, {"location": {"country_code": "us", "region": "Ohio"}, "game_id": "118849", "values": [{"date": "2022-02-24-07-00-00", "latency": 31}, {"date": "2022-02-24-07-00-00", "latency": 31}, {"date": "2022-02-24-07-00-00", "latency": 31}, {"date": "2022-02-24-07-00-00", "latency": 31}, {"date": "2022-02-24-07-00-00", "latency": 31}]}, {"location": {"country_code": "us", "region": "California"}, "game_id": "118849", "values": [{"date": "2022-02-24-07-00-00", "latency": 43}, {"date": "2022-02-24-07-00-00", "latency": 43}, {"date": "2022-02-24-07-00-00", "latency": 43}, {"date": "2022-02-24-07-00-00", "latency": 43}, {"date": "2022-02-24-07-00-00", "latency": 43}, {"date": "2022-02-24-07-00-00", "latency": 43}, {"date": "2022-02-24-02-00-00", "latency": 2}]}, {"location": {"country_code": "br"}, "game_id": "118849", "values": [{"date": "2022-02-24-21-00-00", "latency": 6}]}, {"location": {"country_code": "se"}, "game_id": "118849", "values": [{"date": "2022-02-24-17-00-00", "latency": 0}]}, {"location": {"country_code": "us", "region": "California", "city": "East Los Angeles"}, "game_id": "118849", "values": [{"date": "2022-02-24-19-00-00", "latency": 38}, {"date": "2022-02-24-19-00-00", "latency": 38}, {"date": "2022-02-24-19-00-00", "latency": 38}, {"date": "2022-02-24-22-00-00", "latency": 25}, {"date": "2022-02-24-22-00-00", "latency": 25}, {"date": "2022-02-24-22-00-00", "latency": 25}, {"date": "2022-02-24-22-00-00", "latency": 25}, {"date": "2022-02-24-22-00-00", "latency": 25}]}, {"location": {"country_code": "us", "region": "Texas", "city": "Austin"}, "game_id": "118849", "values": [{"date": "2022-02-24-04-00-00", "latency": 3}]}, {"location": {"country_code": "tr"}, "game_id": "118849", "values": [{"date": "2022-02-25-00-00-00", "latency": 158}, {"date": "2022-02-25-00-00-00", "latency": 158}, {"date": "2022-02-25-00-00-00", "latency": 158}]}, {"location": {"country_code": "kr", "region": "Seoul"}, "game_id": "118849", "values": [{"date": "2022-02-24-19-00-00", "latency": 6}, {"date": "2022-02-24-19-00-00", "latency": 6}, {"date": "2022-02-24-19-00-00", "latency": 6}, {"date": "2022-02-24-19-00-00", "latency": 6}, {"date": "2022-02-24-19-00-00", "latency": 6}, {"date": "2022-02-24-19-00-00", "latency": 6}]}, {"location": {"country_code": "us", "region": "Pennsylvania", "city": "Philadelphia"}, "game_id": "118849", "values": [{"date": "2022-02-25-00-00-00", "latency": 6}]}, {"location": {"country_code": "es"}, "game_id": "118849", "values": [{"date": "2022-02-24-15-00-00", "latency": 5}]}, {"location": {"country_code": "ar"}, "game_id": "118849", "values": [{"date": "2022-02-24-05-00-00", "latency": 31}, {"date": "2022-02-24-05-00-00", "latency": 31}, {"date": "2022-02-24-05-00-00", "latency": 31}]}, {"location": {"country_code": "ar", "region": "Buenos Aires", "city": "Mar del Plata"}, "game_id": "118849", "values": [{"date": "2022-02-24-02-00-00", "latency": 4}]}, {"location": {"country_code": "ar", "region": "Buenos Aires F.D.", "city": "Bahia Blanca"}, "game_id": "118849", "values": [{"date": "2022-02-24-05-00-00", "latency": 6}]}, {"location": {"country_code": "us", "region": "Alaska"}, "game_id": "118849", "values": [{"date": "2022-02-25-00-00-00", "latency": 1}, {"date": "2022-02-25-00-00-00", "latency": 1}]}, {"location": {"country_code": "us", "region": "Michigan"}, "game_id": "118849", "values": [{"date": "2022-02-24-02-00-00", "latency": 6}, {"date": "2022-02-24-02-00-00", "latency": 6}, {"date": "2022-02-24-02-00-00", "latency": 6}, {"date": "2022-02-24-02-00-00", "latency": 6}, {"date": "2022-02-24-02-00-00", "latency": 6}, {"date": "2022-02-24-02-00-00", "latency": 6}, {"date": "2022-02-24-02-00-00", "latency": 6}, {"date": "2022-02-24-02-00-00", "latency": 6}, {"date": "2022-02-24-02-00-00", "latency": 6}, {"date": "2022-02-24-02-00-00", "latency": 6}]}, {"location": {"country_code": "us", "region": "Illinois", "city": "Chicago"}, "game_id": "118849", "values": [{"date": "2022-02-24-08-00-00", "latency": 5}]}, {"location": {"country_code": "pl"}, "game_id": "118849", "values": [{"date": "2022-02-24-21-00-00", "latency": 1}]}, {"location": {"country_code": "be"}, "game_id": "118849", "values": [{"date": "2022-02-25-00-00-00", "latency": 1}, {"date": "2022-02-24-22-00-00", "latency": 1}]}, {"location": {"country_code": "sg"}, "game_id": "118849", "values": [{"date": "2022-02-24-20-00-00", "latency": 5}]}, {"location": {"country_code": "ar", "region": "Buenos Aires", "city": "Lujan"}, "game_id": "118849", "values": [{"date": "2022-02-24-16-00-00", "latency": 3}, {"date": "2022-02-24-16-00-00", "latency": 3}, {"date": "2022-02-24-16-00-00", "latency": 3}, {"date": "2022-02-24-16-00-00", "latency": 3}, {"date": "2022-02-24-16-00-00", "latency": 3}]}, {"location": {"country_code": "us", "region": "Alabama", "city": "Troy"}, "game_id": "118849", "values": [{"date": "2022-02-24-08-00-00", "latency": 37}]}, {"location": {"country_code": "fr", "region": "Ile-de-France Region"}, "game_id": "118849", "values": [{"date": "2022-02-24-14-00-00", "latency": 1}]}, {"location": {"country_code": "hn", "region": "Francisco Morazan Department"}, "game_id": "118849", "values": [{"date": "2022-02-24-05-00-00", "latency": 80}, {"date": "2022-02-24-05-00-00", "latency": 80}]}, {"location": {"country_code": "br", "region": "Sao Paulo", "city": "Jacarei"}, "game_id": "118849", "values": [{"date": "2022-02-24-04-00-00", "latency": 3}]}, {"location": {"country_code": "de", "region": "North Rhine-Westphalia"}, "game_id": "118849", "values": [{"date": "2022-02-24-23-00-00", "latency": 4}]}, {"location": {"country_code": "br", "region": "Rio Grande do Norte", "city": "Natal"}, "game_id": "118849", "values": [{"date": "2022-02-24-23-00-00", "latency": 2}]}, {"location": {"country_code": "dk", "region": "Capital Region", "city": "Copenhagen"}, "game_id": "118849", "values": [{"date": "2022-02-24-21-00-00", "latency": 2}, {"date": "2022-02-24-21-00-00", "latency": 2}, {"date": "2022-02-24-21-00-00", "latency": 2}]}, {"location": {"country_code": "us", "region": "Utah", "city": "Salt Lake City"}, "game_id": "118849", "values": [{"date": "2022-02-24-18-00-00", "latency": 7}]}, {"location": {"country_code": "us", "region": "Iowa", "city": "West Des Moines"}, "game_id": "118849", "values": [{"date": "2022-02-24-10-00-00", "latency": 27}, {"date": "2022-02-24-10-00-00", "latency": 27}, {"date": "2022-02-24-10-00-00", "latency": 27}]}, {"location": {"country_code": "us", "region": "Mississippi"}, "game_id": "118849", "values": [{"date": "2022-02-24-01-00-00", "latency": 40}]}, {"location": {"country_code": "il"}, "game_id": "118849", "values": [{"date": "2022-02-24-15-00-00", "latency": 25}]}, {"location": {"country_code": "us", "region": "California", "city": "Sunnyvale"}, "game_id": "118849", "values": [{"date": "2022-02-24-08-00-00", "latency": 16918}, {"date": "2022-02-24-08-00-00", "latency": 16918}, {"date": "2022-02-24-08-00-00", "latency": 16918}, {"date": "2022-02-24-08-00-00", "latency": 16918}, {"date": "2022-02-24-08-00-00", "latency": 16918}]}, {"location": {"country_code": "fr", "region": "Provence-Alpes-Cote d'Azur Region", "city": "Nice"}, "game_id": "118849", "values": [{"date": "2022-02-24-18-00-00", "latency": 11}, {"date": "2022-02-24-18-00-00", "latency": 11}, {"date": "2022-02-24-18-00-00", "latency": 11}, {"date": "2022-02-24-18-00-00", "latency": 11}, {"date": "2022-02-24-18-00-00", "latency": 11}, {"date": "2022-02-24-18-00-00", "latency": 11}, {"date": "2022-02-24-18-00-00", "latency": 11}]}, {"location": {"country_code": "us", "region": "Virginia", "city": "Falls Church"}, "game_id": "118849", "values": [{"date": "2022-02-24-10-00-00", "latency": 33}, {"date": "2022-02-24-10-00-00", "latency": 33}, {"date": "2022-02-24-10-00-00", "latency": 33}]}, {"location": {"country_code": "ru", "region": "Primorskiy (Maritime) Kray", "city": "Vladivostok"}, "game_id": "118849", "values": [{"date": "2022-02-24-12-00-00", "latency": 38}, {"date": "2022-02-24-12-00-00", "latency": 38}, {"date": "2022-02-24-12-00-00", "latency": 38}, {"date": "2022-02-24-12-00-00", "latency": 38}, {"date": "2022-02-24-12-00-00", "latency": 38}, {"date": "2022-02-24-12-00-00", "latency": 38}, {"date": "2022-02-24-12-00-00", "latency": 38}, {"date": "2022-02-24-12-00-00", "latency": 38}, {"date": "2022-02-24-12-00-00", "latency": 38}, {"date": "2022-02-24-12-00-00", "latency": 38}]}, {"location": {"country_code": "us", "region": "North Carolina", "city": "Morganton"}, "game_id": "118849", "values": [{"date": "2022-02-24-21-00-00", "latency": 1}]}, {"location": {"country_code": "py", "region": "Asuncion"}, "game_id": "118849", "values": [{"date": "2022-02-24-19-00-00", "latency": 1}]}, {"location": {"country_code": "us", "region": "North Carolina", "city": "Matthews"}, "game_id": "118849", "values": [{"date": "2022-02-24-23-00-00", "latency": 99}, {"date": "2022-02-24-23-00-00", "latency": 99}, {"date": "2022-02-24-23-00-00", "latency": 99}, {"date": "2022-02-24-23-00-00", "latency": 99}, {"date": "2022-02-24-23-00-00", "latency": 99}]}], "last_updated": 1719919340.606097}