{"data": [{"location": {"country_code": "si"}, "game_id": "118849", "values": [{"date": "2022-02-10-21-00-00", "latency": 1}]}, {"location": {"country_code": "us"}, "game_id": "118849", "values": [{"date": "2022-02-10-23-00-00", "latency": 61}, {"date": "2022-02-10-23-00-00", "latency": 61}, {"date": "2022-02-10-23-00-00", "latency": 61}, {"date": "2022-02-10-23-00-00", "latency": 61}, {"date": "2022-02-10-23-00-00", "latency": 61}, {"date": "2022-02-10-23-00-00", "latency": 61}]}, {"location": {"country_code": "de", "region": "Berlin", "city": "Berlin"}, "game_id": "118849", "values": [{"date": "2022-02-10-20-00-00", "latency": 4}]}, {"location": {"country_code": "gr"}, "game_id": "118849", "values": [{"date": "2022-02-10-20-00-00", "latency": 3}]}, {"location": {"country_code": "it"}, "game_id": "118849", "values": [{"date": "2022-02-10-15-00-00", "latency": 4}]}, {"location": {"country_code": "us", "region": "Texas"}, "game_id": "118849", "values": [{"date": "2022-02-10-12-00-00", "latency": 38}, {"date": "2022-02-10-12-00-00", "latency": 38}]}, {"location": {"country_code": "ph", "region": "CALABARZON", "city": "Cavite"}, "game_id": "118849", "values": [{"date": "2022-02-10-17-00-00", "latency": 5}]}, {"location": {"country_code": "us", "region": "New Jersey"}, "game_id": "118849", "values": [{"date": "2022-02-10-19-00-00", "latency": 0}]}, {"location": {"country_code": "se"}, "game_id": "118849", "values": [{"date": "2022-02-10-19-00-00", "latency": 4}]}, {"location": {"country_code": "dk"}, "game_id": "118849", "values": [{"date": "2022-02-10-17-00-00", "latency": 1}, {"date": "2022-02-10-17-00-00", "latency": 1}, {"date": "2022-02-10-17-00-00", "latency": 1}]}, {"location": {"country_code": "kr", "region": "Seoul"}, "game_id": "118849", "values": [{"date": "2022-02-10-17-00-00", "latency": 0}, {"date": "2022-02-10-17-00-00", "latency": 0}, {"date": "2022-02-10-17-00-00", "latency": 0}, {"date": "2022-02-10-17-00-00", "latency": 0}, {"date": "2022-02-10-17-00-00", "latency": 0}, {"date": "2022-02-10-17-00-00", "latency": 0}, {"date": "2022-02-10-17-00-00", "latency": 0}, {"date": "2022-02-10-17-00-00", "latency": 0}, {"date": "2022-02-10-17-00-00", "latency": 0}, {"date": "2022-02-10-17-00-00", "latency": 0}, {"date": "2022-02-10-17-00-00", "latency": 0}, {"date": "2022-02-10-17-00-00", "latency": 0}, {"date": "2022-02-10-17-00-00", "latency": 0}, {"date": "2022-02-10-17-00-00", "latency": 0}]}, {"location": {"country_code": "us", "region": "Michigan"}, "game_id": "118849", "values": [{"date": "2022-02-10-13-00-00", "latency": 7}, {"date": "2022-02-10-13-00-00", "latency": 7}]}, {"location": {"country_code": "us", "region": "North Carolina"}, "game_id": "118849", "values": [{"date": "2022-02-10-19-00-00", "latency": 8}]}, {"location": {"country_code": "ca", "region": "Ontario", "city": "Toronto"}, "game_id": "118849", "values": [{"date": "2022-02-11-00-00-00", "latency": 36}, {"date": "2022-02-11-00-00-00", "latency": 36}, {"date": "2022-02-11-00-00-00", "latency": 36}, {"date": "2022-02-11-00-00-00", "latency": 36}]}, {"location": {"country_code": "pt"}, "game_id": "118849", "values": [{"date": "2022-02-11-00-00-00", "latency": 0}]}, {"location": {"country_code": "br", "region": "State of Rio de Janeiro", "city": "Angra dos Reis"}, "game_id": "118849", "values": [{"date": "2022-02-11-00-00-00", "latency": 2}]}, {"location": {"country_code": "es", "region": "Andalusia", "city": "Seville"}, "game_id": "118849", "values": [{"date": "2022-02-10-18-00-00", "latency": 2}]}, {"location": {"country_code": "fr", "region": "Ile-de-France Region", "city": "Paris"}, "game_id": "118849", "values": [{"date": "2022-02-11-00-00-00", "latency": 5}]}, {"location": {"country_code": "br", "region": "Parana"}, "game_id": "118849", "values": [{"date": "2022-02-11-01-00-00", "latency": 3}, {"date": "2022-02-11-01-00-00", "latency": 3}, {"date": "2022-02-11-01-00-00", "latency": 3}, {"date": "2022-02-11-01-00-00", "latency": 3}, {"date": "2022-02-11-01-00-00", "latency": 3}, {"date": "2022-02-11-01-00-00", "latency": 3}, {"date": "2022-02-11-01-00-00", "latency": 3}, {"date": "2022-02-11-01-00-00", "latency": 3}]}, {"location": {"country_code": "fr", "region": "Provence-Alpes-Cote d'Azur Region", "city": "Marseille"}, "game_id": "118849", "values": [{"date": "2022-02-10-23-00-00", "latency": 122}, {"date": "2022-02-10-23-00-00", "latency": 122}, {"date": "2022-02-10-23-00-00", "latency": 122}, {"date": "2022-02-10-23-00-00", "latency": 122}]}, {"location": {"country_code": "gb", "region": "Northern Ireland", "city": "Belfast"}, "game_id": "118849", "values": [{"date": "2022-02-10-13-00-00", "latency": 171}]}, {"location": {"country_code": "ar", "region": "Buenos Aires", "city": "Tandil"}, "game_id": "118849", "values": [{"date": "2022-02-10-16-00-00", "latency": 16}]}, {"location": {"country_code": "pl", "region": "West Pomeranian Voivodeship"}, "game_id": "118849", "values": [{"date": "2022-02-10-23-00-00", "latency": 1}]}, {"location": {"country_code": "ar", "region": "Buenos Aires", "city": "Monte Grande"}, "game_id": "118849", "values": [{"date": "2022-02-11-00-00-00", "latency": 2}]}, {"location": {"country_code": "gb", "region": "England", "city": "Andover"}, "game_id": "118849", "values": [{"date": "2022-02-10-16-00-00", "latency": 2}]}, {"location": {"country_code": "es", "region": "Galicia", "city": "Boiro"}, "game_id": "118849", "values": [{"date": "2022-02-10-20-00-00", "latency": 146}]}], "last_updated": 1719919337.916022}