{"data": [{"location": {"country_code": "us"}, "game_id": "295590", "values": [{"date": "2022-12-04-22-00-00", "latency": 9}, {"date": "2022-12-04-22-00-00", "latency": 9}, {"date": "2022-12-04-03-00-00", "latency": 88}, {"date": "2022-12-04-05-00-00", "latency": 3}, {"date": "2022-12-04-10-00-00", "latency": 2}, {"date": "2022-12-04-10-00-00", "latency": 2}, {"date": "2022-12-04-10-00-00", "latency": 2}, {"date": "2022-12-04-10-00-00", "latency": 2}, {"date": "2022-12-04-10-00-00", "latency": 2}, {"date": "2022-12-04-10-00-00", "latency": 2}, {"date": "2022-12-04-10-00-00", "latency": 2}, {"date": "2022-12-04-10-00-00", "latency": 2}, {"date": "2022-12-05-00-00-00", "latency": 6}, {"date": "2022-12-04-07-00-00", "latency": 9}, {"date": "2022-12-04-02-00-00", "latency": 14}, {"date": "2022-12-04-02-00-00", "latency": 14}, {"date": "2022-12-05-00-00-00", "latency": 1614}, {"date": "2022-12-05-00-00-00", "latency": 1614}, {"date": "2022-12-04-18-00-00", "latency": 4}, {"date": "2022-12-04-10-00-00", "latency": 9}, {"date": "2022-12-04-10-00-00", "latency": 9}]}, {"location": {"country_code": "us", "region": "Ohio"}, "game_id": "295590", "values": [{"date": "2022-12-04-04-00-00", "latency": 12}]}, {"location": {"country_code": "us", "region": "New York", "city": "Jamestown"}, "game_id": "295590", "values": [{"date": "2022-12-04-03-00-00", "latency": 9}, {"date": "2022-12-04-15-00-00", "latency": 0}]}, {"location": {"country_code": "gb"}, "game_id": "295590", "values": [{"date": "2022-12-04-23-00-00", "latency": 7}]}, {"location": {"country_code": "th"}, "game_id": "295590", "values": [{"date": "2022-12-04-15-00-00", "latency": 7}, {"date": "2022-12-04-15-00-00", "latency": 7}, {"date": "2022-12-04-15-00-00", "latency": 7}, {"date": "2022-12-04-15-00-00", "latency": 7}, {"date": "2022-12-04-15-00-00", "latency": 7}, {"date": "2022-12-04-15-00-00", "latency": 7}, {"date": "2022-12-04-15-00-00", "latency": 7}, {"date": "2022-12-04-15-00-00", "latency": 7}, {"date": "2022-12-04-15-00-00", "latency": 7}, {"date": "2022-12-04-15-00-00", "latency": 7}]}, {"location": {"country_code": "gr"}, "game_id": "295590", "values": [{"date": "2022-12-04-10-00-00", "latency": 51}, {"date": "2022-12-04-10-00-00", "latency": 51}, {"date": "2022-12-04-10-00-00", "latency": 51}, {"date": "2022-12-04-10-00-00", "latency": 51}, {"date": "2022-12-04-14-00-00", "latency": 14}, {"date": "2022-12-04-14-00-00", "latency": 14}]}, {"location": {"country_code": "cz"}, "game_id": "295590", "values": [{"date": "2022-12-05-00-00-00", "latency": 2}]}, {"location": {"country_code": "it"}, "game_id": "295590", "values": [{"date": "2022-12-04-17-00-00", "latency": 6}]}, {"location": {"country_code": "ro"}, "game_id": "295590", "values": [{"date": "2022-12-04-21-00-00", "latency": 2}, {"date": "2022-12-04-16-00-00", "latency": 30}]}, {"location": {"country_code": "za"}, "game_id": "295590", "values": [{"date": "2022-12-04-14-00-00", "latency": 8}]}, {"location": {"country_code": "jp"}, "game_id": "295590", "values": [{"date": "2022-12-05-01-00-00", "latency": 2700}, {"date": "2022-12-04-18-00-00", "latency": 7}, {"date": "2022-12-04-19-00-00", "latency": 2}, {"date": "2022-12-04-22-00-00", "latency": 7}]}, {"location": {"country_code": "ca"}, "game_id": "295590", "values": [{"date": "2022-12-04-08-00-00", "latency": 9}, {"date": "2022-12-04-08-00-00", "latency": 9}, {"date": "2022-12-04-08-00-00", "latency": 9}, {"date": "2022-12-05-00-00-00", "latency": 8}, {"date": "2022-12-04-20-00-00", "latency": 22}, {"date": "2022-12-04-23-00-00", "latency": 8}]}, {"location": {"country_code": "mx", "region": "Nuevo Leon", "city": "Monterrey"}, "game_id": "295590", "values": [{"date": "2022-12-04-09-00-00", "latency": 10}, {"date": "2022-12-04-09-00-00", "latency": 10}]}, {"location": {"country_code": "de"}, "game_id": "295590", "values": [{"date": "2022-12-04-12-00-00", "latency": 1}, {"date": "2022-12-04-23-00-00", "latency": 8}, {"date": "2022-12-04-18-00-00", "latency": 5}, {"date": "2022-12-04-15-00-00", "latency": 5}, {"date": "2022-12-04-15-00-00", "latency": 5}, {"date": "2022-12-04-23-00-00", "latency": 4}, {"date": "2022-12-04-23-00-00", "latency": 4}]}, {"location": {"country_code": "tw"}, "game_id": "295590", "values": [{"date": "2022-12-04-15-00-00", "latency": 4}, {"date": "2022-12-04-14-00-00", "latency": 0}]}, {"location": {"country_code": "br", "region": "Parana", "city": "Araucaria"}, "game_id": "295590", "values": [{"date": "2022-12-04-04-00-00", "latency": 3}]}, {"location": {"country_code": "cl"}, "game_id": "295590", "values": [{"date": "2022-12-04-07-00-00", "latency": 3}, {"date": "2022-12-04-09-00-00", "latency": 0}]}, {"location": {"country_code": "us", "region": "Florida"}, "game_id": "295590", "values": [{"date": "2022-12-04-08-00-00", "latency": 9}]}, {"location": {"country_code": "ph"}, "game_id": "295590", "values": [{"date": "2022-12-04-19-00-00", "latency": 5}, {"date": "2022-12-04-19-00-00", "latency": 5}, {"date": "2022-12-04-19-00-00", "latency": 5}, {"date": "2022-12-04-19-00-00", "latency": 5}, {"date": "2022-12-04-19-00-00", "latency": 5}]}, {"location": {"country_code": "fr"}, "game_id": "295590", "values": [{"date": "2022-12-04-23-00-00", "latency": 2}]}, {"location": {"country_code": "fr", "region": "Occitanie", "city": "Montpellier"}, "game_id": "295590", "values": [{"date": "2022-12-04-17-00-00", "latency": 1}, {"date": "2022-12-04-17-00-00", "latency": 1}]}, {"location": {"country_code": "us", "region": "New Jersey"}, "game_id": "295590", "values": [{"date": "2022-12-04-21-00-00", "latency": 2}]}, {"location": {"country_code": "mx"}, "game_id": "295590", "values": [{"date": "2022-12-04-07-00-00", "latency": 6}, {"date": "2022-12-04-08-00-00", "latency": 0}, {"date": "2022-12-04-05-00-00", "latency": 1}, {"date": "2022-12-04-05-00-00", "latency": 20}, {"date": "2022-12-04-05-00-00", "latency": 20}, {"date": "2022-12-04-05-00-00", "latency": 20}, {"date": "2022-12-04-05-00-00", "latency": 20}, {"date": "2022-12-04-05-00-00", "latency": 20}, {"date": "2022-12-04-23-00-00", "latency": 3}, {"date": "2022-12-04-12-00-00", "latency": 4}, {"date": "2022-12-04-04-00-00", "latency": 5}, {"date": "2022-12-04-04-00-00", "latency": 5}, {"date": "2022-12-04-23-00-00", "latency": 0}, {"date": "2022-12-04-05-00-00", "latency": 2847}, {"date": "2022-12-04-04-00-00", "latency": 7}]}, {"location": {"country_code": "mx", "region": "Mexico City"}, "game_id": "295590", "values": [{"date": "2022-12-04-06-00-00", "latency": 29}]}, {"location": {"country_code": "br"}, "game_id": "295590", "values": [{"date": "2022-12-04-20-00-00", "latency": 21}, {"date": "2022-12-04-20-00-00", "latency": 21}, {"date": "2022-12-04-02-00-00", "latency": 2}, {"date": "2022-12-04-23-00-00", "latency": 59}, {"date": "2022-12-04-20-00-00", "latency": 3}, {"date": "2022-12-04-07-00-00", "latency": 0}, {"date": "2022-12-04-09-00-00", "latency": 2}, {"date": "2022-12-04-21-00-00", "latency": 1}, {"date": "2022-12-04-21-00-00", "latency": 1}, {"date": "2022-12-04-21-00-00", "latency": 1}, {"date": "2022-12-04-21-00-00", "latency": 1}, {"date": "2022-12-04-14-00-00", "latency": 1}, {"date": "2022-12-04-14-00-00", "latency": 1}]}, {"location": {"country_code": "br", "region": "Santa Catarina", "city": "Palhoca"}, "game_id": "295590", "values": [{"date": "2022-12-04-01-00-00", "latency": 5}, {"date": "2022-12-04-04-00-00", "latency": 2}, {"date": "2022-12-04-04-00-00", "latency": 2}]}, {"location": {"country_code": "br", "region": "Sao Paulo", "city": "Fernandopolis"}, "game_id": "295590", "values": [{"date": "2022-12-04-16-00-00", "latency": 6}, {"date": "2022-12-04-16-00-00", "latency": 6}, {"date": "2022-12-04-16-00-00", "latency": 6}, {"date": "2022-12-04-16-00-00", "latency": 6}, {"date": "2022-12-04-16-00-00", "latency": 6}]}, {"location": {"country_code": "br", "region": "Sao Paulo", "city": "Apiai"}, "game_id": "295590", "values": [{"date": "2022-12-04-21-00-00", "latency": 0}, {"date": "2022-12-04-18-00-00", "latency": 11}, {"date": "2022-12-04-18-00-00", "latency": 11}]}, {"location": {"country_code": "se"}, "game_id": "295590", "values": [{"date": "2022-12-04-13-00-00", "latency": 4}, {"date": "2022-12-05-00-00-00", "latency": 2}, {"date": "2022-12-04-10-00-00", "latency": 7}]}, {"location": {"country_code": "no"}, "game_id": "295590", "values": [{"date": "2022-12-04-21-00-00", "latency": 9}]}, {"location": {"country_code": "us", "region": "California", "city": "East Los Angeles"}, "game_id": "295590", "values": [{"date": "2022-12-04-15-00-00", "latency": 3}, {"date": "2022-12-04-15-00-00", "latency": 3}, {"date": "2022-12-04-15-00-00", "latency": 3}, {"date": "2022-12-04-15-00-00", "latency": 3}, {"date": "2022-12-04-15-00-00", "latency": 3}, {"date": "2022-12-04-15-00-00", "latency": 3}, {"date": "2022-12-04-15-00-00", "latency": 3}, {"date": "2022-12-04-15-00-00", "latency": 3}, {"date": "2022-12-04-15-00-00", "latency": 3}, {"date": "2022-12-04-15-00-00", "latency": 3}, {"date": "2022-12-04-15-00-00", "latency": 3}, {"date": "2022-12-04-15-00-00", "latency": 3}, {"date": "2022-12-04-15-00-00", "latency": 3}, {"date": "2022-12-04-15-00-00", "latency": 3}, {"date": "2022-12-04-15-00-00", "latency": 3}, {"date": "2022-12-04-15-00-00", "latency": 3}, {"date": "2022-12-04-15-00-00", "latency": 3}, {"date": "2022-12-04-11-00-00", "latency": 8}, {"date": "2022-12-04-11-00-00", "latency": 8}, {"date": "2022-12-04-11-00-00", "latency": 8}, {"date": "2022-12-04-11-00-00", "latency": 8}, {"date": "2022-12-04-17-00-00", "latency": 5}]}, {"location": {"country_code": "ec"}, "game_id": "295590", "values": [{"date": "2022-12-04-20-00-00", "latency": 7}]}, {"location": {"country_code": "au"}, "game_id": "295590", "values": [{"date": "2022-12-04-11-00-00", "latency": 6}, {"date": "2022-12-04-18-00-00", "latency": 34}, {"date": "2022-12-04-18-00-00", "latency": 34}, {"date": "2022-12-04-06-00-00", "latency": 1}]}, {"location": {"country_code": "td"}, "game_id": "295590", "values": [{"date": "2022-12-04-14-00-00", "latency": 5}]}, {"location": {"country_code": "es", "region": "Catalonia", "city": "l'Hospitalet de Llobregat"}, "game_id": "295590", "values": [{"date": "2022-12-04-16-00-00", "latency": 1}, {"date": "2022-12-04-16-00-00", "latency": 1}, {"date": "2022-12-04-14-00-00", "latency": 2}, {"date": "2022-12-04-20-00-00", "latency": 5}, {"date": "2022-12-04-20-00-00", "latency": 5}, {"date": "2022-12-04-20-00-00", "latency": 5}, {"date": "2022-12-04-20-00-00", "latency": 5}, {"date": "2022-12-04-20-00-00", "latency": 5}, {"date": "2022-12-04-20-00-00", "latency": 5}, {"date": "2022-12-04-20-00-00", "latency": 5}, {"date": "2022-12-04-20-00-00", "latency": 5}, {"date": "2022-12-04-20-00-00", "latency": 5}, {"date": "2022-12-04-17-00-00", "latency": 6}]}, {"location": {"country_code": "tr"}, "game_id": "295590", "values": [{"date": "2022-12-04-20-00-00", "latency": 6}, {"date": "2022-12-04-22-00-00", "latency": 9}, {"date": "2022-12-04-16-00-00", "latency": 41}]}, {"location": {"country_code": "pl", "region": "Greater Poland Voivodeship"}, "game_id": "295590", "values": [{"date": "2022-12-04-23-00-00", "latency": 0}]}, {"location": {"country_code": "es"}, "game_id": "295590", "values": [{"date": "2022-12-04-05-00-00", "latency": 12}]}, {"location": {"country_code": "ar"}, "game_id": "295590", "values": [{"date": "2022-12-04-23-00-00", "latency": 6}, {"date": "2022-12-05-01-00-00", "latency": 5}, {"date": "2022-12-04-10-00-00", "latency": 5}, {"date": "2022-12-04-23-00-00", "latency": 4}, {"date": "2022-12-05-01-00-00", "latency": 25}, {"date": "2022-12-04-13-00-00", "latency": 4}, {"date": "2022-12-04-13-00-00", "latency": 4}, {"date": "2022-12-04-08-00-00", "latency": 0}, {"date": "2022-12-04-20-00-00", "latency": 14}, {"date": "2022-12-04-20-00-00", "latency": 14}, {"date": "2022-12-04-02-00-00", "latency": 58}, {"date": "2022-12-04-03-00-00", "latency": 6}, {"date": "2022-12-04-04-00-00", "latency": 85}, {"date": "2022-12-04-04-00-00", "latency": 85}, {"date": "2022-12-04-01-00-00", "latency": 4}, {"date": "2022-12-04-15-00-00", "latency": 9}, {"date": "2022-12-04-11-00-00", "latency": 4}]}, {"location": {"country_code": "fi"}, "game_id": "295590", "values": [{"date": "2022-12-04-16-00-00", "latency": 1}, {"date": "2022-12-04-16-00-00", "latency": 1}]}, {"location": {"country_code": "us", "region": "Hawaii"}, "game_id": "295590", "values": [{"date": "2022-12-04-11-00-00", "latency": 10}]}, {"location": {"country_code": "ar", "region": "Buenos Aires F.D.", "city": "Bahia Blanca"}, "game_id": "295590", "values": [{"date": "2022-12-04-06-00-00", "latency": 1}, {"date": "2022-12-04-21-00-00", "latency": 12}]}, {"location": {"country_code": "us", "region": "Alaska", "city": "Ketchikan"}, "game_id": "295590", "values": [{"date": "2022-12-04-03-00-00", "latency": 9}]}, {"location": {"country_code": "de", "region": "Bavaria", "city": "Nuremberg"}, "game_id": "295590", "values": [{"date": "2022-12-04-18-00-00", "latency": 2}]}, {"location": {"country_code": "co"}, "game_id": "295590", "values": [{"date": "2022-12-04-09-00-00", "latency": 7}, {"date": "2022-12-04-09-00-00", "latency": 7}, {"date": "2022-12-04-06-00-00", "latency": 7}, {"date": "2022-12-04-06-00-00", "latency": 7}, {"date": "2022-12-04-06-00-00", "latency": 7}, {"date": "2022-12-04-16-00-00", "latency": 4}, {"date": "2022-12-04-04-00-00", "latency": 0}, {"date": "2022-12-04-08-00-00", "latency": 4}, {"date": "2022-12-04-19-00-00", "latency": 8}, {"date": "2022-12-04-01-00-00", "latency": 5}, {"date": "2022-12-04-09-00-00", "latency": 6}, {"date": "2022-12-05-00-00-00", "latency": 19}]}, {"location": {"country_code": "ve"}, "game_id": "295590", "values": [{"date": "2022-12-04-04-00-00", "latency": 6}]}, {"location": {"country_code": "br", "region": "Rio Grande do Sul"}, "game_id": "295590", "values": [{"date": "2022-12-04-02-00-00", "latency": 9}]}, {"location": {"country_code": "es", "region": "Madrid", "city": "Las Rozas de Madrid"}, "game_id": "295590", "values": [{"date": "2022-12-05-00-00-00", "latency": 2}]}, {"location": {"country_code": "pl"}, "game_id": "295590", "values": [{"date": "2022-12-04-21-00-00", "latency": 3}, {"date": "2022-12-04-23-00-00", "latency": 0}, {"date": "2022-12-04-03-00-00", "latency": 15}, {"date": "2022-12-04-03-00-00", "latency": 15}]}, {"location": {"country_code": "tr", "region": "Karadeniz Bolgesi"}, "game_id": "295590", "values": [{"date": "2022-12-05-00-00-00", "latency": 8}, {"date": "2022-12-05-00-00-00", "latency": 8}]}, {"location": {"country_code": "pe"}, "game_id": "295590", "values": [{"date": "2022-12-04-04-00-00", "latency": 20}, {"date": "2022-12-04-04-00-00", "latency": 20}, {"date": "2022-12-04-19-00-00", "latency": 3}, {"date": "2022-12-04-19-00-00", "latency": 3}, {"date": "2022-12-04-19-00-00", "latency": 3}]}, {"location": {"country_code": "ua"}, "game_id": "295590", "values": [{"date": "2022-12-04-19-00-00", "latency": 0}]}, {"location": {"country_code": "tr", "region": "Marmara Bolgesi", "city": "Istanbul"}, "game_id": "295590", "values": [{"date": "2022-12-04-19-00-00", "latency": 3}]}, {"location": {"country_code": "ca", "region": "Ontario", "city": "Toronto"}, "game_id": "295590", "values": [{"date": "2022-12-04-21-00-00", "latency": 4}]}, {"location": {"country_code": "do"}, "game_id": "295590", "values": [{"date": "2022-12-04-02-00-00", "latency": 2}]}, {"location": {"country_code": "my"}, "game_id": "295590", "values": [{"date": "2022-12-04-11-00-00", "latency": 71}]}, {"location": {"country_code": "py"}, "game_id": "295590", "values": [{"date": "2022-12-05-00-00-00", "latency": 4}]}, {"location": {"country_code": "ba", "region": "Federation of Bosnia and Herzegovina", "city": "Mostar"}, "game_id": "295590", "values": [{"date": "2022-12-05-01-00-00", "latency": 36}, {"date": "2022-12-05-01-00-00", "latency": 36}]}, {"location": {"country_code": "us", "region": "Oklahoma"}, "game_id": "295590", "values": [{"date": "2022-12-04-03-00-00", "latency": 4}, {"date": "2022-12-04-03-00-00", "latency": 4}, {"date": "2022-12-04-03-00-00", "latency": 4}, {"date": "2022-12-04-03-00-00", "latency": 4}]}, {"location": {"country_code": "us", "region": "Wisconsin"}, "game_id": "295590", "values": [{"date": "2022-12-04-03-00-00", "latency": 0}]}, {"location": {"country_code": "es", "region": "Galicia", "city": "Santiago de Compostela"}, "game_id": "295590", "values": [{"date": "2022-12-04-06-00-00", "latency": 6}]}, {"location": {"country_code": "br", "region": "State of Rio de Janeiro", "city": "Angra dos Reis"}, "game_id": "295590", "values": [{"date": "2022-12-04-19-00-00", "latency": 0}]}, {"location": {"country_code": "cy"}, "game_id": "295590", "values": [{"date": "2022-12-04-17-00-00", "latency": 12}]}, {"location": {"country_code": "us", "region": "Kentucky"}, "game_id": "295590", "values": [{"date": "2022-12-04-19-00-00", "latency": 1}]}, {"location": {"country_code": "uy", "region": "Rivera Department", "city": "Rivera"}, "game_id": "295590", "values": [{"date": "2022-12-04-05-00-00", "latency": 4}]}, {"location": {"country_code": "ar", "region": "Central Chaco"}, "game_id": "295590", "values": [{"date": "2022-12-04-03-00-00", "latency": 4}, {"date": "2022-12-04-03-00-00", "latency": 4}, {"date": "2022-12-04-03-00-00", "latency": 4}, {"date": "2022-12-04-03-00-00", "latency": 4}]}, {"location": {"country_code": "us", "region": "Vermont"}, "game_id": "295590", "values": [{"date": "2022-12-04-12-00-00", "latency": 4}, {"date": "2022-12-04-12-00-00", "latency": 4}]}, {"location": {"country_code": "sv"}, "game_id": "295590", "values": [{"date": "2022-12-04-11-00-00", "latency": 3}]}, {"location": {"country_code": "fr", "region": "Alvernia-Rodano-Alpi", "city": "Mars"}, "game_id": "295590", "values": [{"date": "2022-12-04-23-00-00", "latency": 8}, {"date": "2022-12-04-23-00-00", "latency": 8}]}, {"location": {"country_code": "ca", "region": "Alberta", "city": "Edmonton"}, "game_id": "295590", "values": [{"date": "2022-12-04-22-00-00", "latency": 5}]}, {"location": {"country_code": "cl", "region": "Valparaiso", "city": "San Antonio"}, "game_id": "295590", "values": [{"date": "2022-12-04-05-00-00", "latency": 5}, {"date": "2022-12-04-05-00-00", "latency": 5}, {"date": "2022-12-04-05-00-00", "latency": 5}, {"date": "2022-12-04-05-00-00", "latency": 5}, {"date": "2022-12-04-05-00-00", "latency": 5}, {"date": "2022-12-04-05-00-00", "latency": 5}]}, {"location": {"country_code": "ar", "region": "Santa Fe Province", "city": "Rosario"}, "game_id": "295590", "values": [{"date": "2022-12-04-10-00-00", "latency": 3}, {"date": "2022-12-04-17-00-00", "latency": 8}]}, {"location": {"country_code": "us", "region": "Texas", "city": "Irving"}, "game_id": "295590", "values": [{"date": "2022-12-04-08-00-00", "latency": 5}]}, {"location": {"country_code": "hn"}, "game_id": "295590", "values": [{"date": "2022-12-04-23-00-00", "latency": 5}]}, {"location": {"country_code": "lv"}, "game_id": "295590", "values": [{"date": "2022-12-04-22-00-00", "latency": 29}, {"date": "2022-12-04-22-00-00", "latency": 29}, {"date": "2022-12-04-22-00-00", "latency": 29}, {"date": "2022-12-04-22-00-00", "latency": 29}, {"date": "2022-12-04-22-00-00", "latency": 29}, {"date": "2022-12-04-22-00-00", "latency": 29}, {"date": "2022-12-04-22-00-00", "latency": 29}]}, {"location": {"country_code": "us", "region": "Washington", "city": "Tacoma"}, "game_id": "295590", "values": [{"date": "2022-12-04-05-00-00", "latency": 6}]}, {"location": {"country_code": "sy"}, "game_id": "295590", "values": [{"date": "2022-12-04-21-00-00", "latency": 4}, {"date": "2022-12-04-21-00-00", "latency": 4}, {"date": "2022-12-04-21-00-00", "latency": 4}, {"date": "2022-12-04-21-00-00", "latency": 4}]}, {"location": {"country_code": "ar", "region": "Tucuman Province", "city": "San Miguel de Tucuman"}, "game_id": "295590", "values": [{"date": "2022-12-04-15-00-00", "latency": 4}, {"date": "2022-12-04-04-00-00", "latency": 4}, {"date": "2022-12-04-04-00-00", "latency": 4}]}, {"location": {"country_code": "es", "region": "Murcia", "city": "Lorca"}, "game_id": "295590", "values": [{"date": "2022-12-04-16-00-00", "latency": 10}]}, {"location": {"country_code": "de", "region": "Bavaria", "city": "Munich"}, "game_id": "295590", "values": [{"date": "2022-12-04-15-00-00", "latency": 1}]}, {"location": {"country_code": "us", "region": "Oregon", "city": "Portland"}, "game_id": "295590", "values": [{"date": "2022-12-04-10-00-00", "latency": 1}, {"date": "2022-12-04-10-00-00", "latency": 1}, {"date": "2022-12-04-10-00-00", "latency": 1}, {"date": "2022-12-04-10-00-00", "latency": 1}, {"date": "2022-12-04-10-00-00", "latency": 1}, {"date": "2022-12-04-10-00-00", "latency": 1}]}, {"location": {"country_code": "us", "region": "Ohio", "city": "Columbus"}, "game_id": "295590", "values": [{"date": "2022-12-04-06-00-00", "latency": 13}, {"date": "2022-12-04-06-00-00", "latency": 13}, {"date": "2022-12-04-06-00-00", "latency": 13}]}, {"location": {"country_code": "us", "region": "Montana"}, "game_id": "295590", "values": [{"date": "2022-12-04-10-00-00", "latency": 5}, {"date": "2022-12-04-10-00-00", "latency": 5}, {"date": "2022-12-04-10-00-00", "latency": 5}, {"date": "2022-12-04-10-00-00", "latency": 5}, {"date": "2022-12-04-10-00-00", "latency": 5}, {"date": "2022-12-04-10-00-00", "latency": 5}, {"date": "2022-12-04-10-00-00", "latency": 5}, {"date": "2022-12-04-10-00-00", "latency": 5}, {"date": "2022-12-04-10-00-00", "latency": 5}, {"date": "2022-12-04-10-00-00", "latency": 9}]}, {"location": {"country_code": "us", "region": "Louisiana"}, "game_id": "295590", "values": [{"date": "2022-12-04-11-00-00", "latency": 0}]}, {"location": {"country_code": "ee", "region": "Tartu", "city": "Tartu"}, "game_id": "295590", "values": [{"date": "2022-12-04-14-00-00", "latency": 1}, {"date": "2022-12-04-14-00-00", "latency": 1}, {"date": "2022-12-04-14-00-00", "latency": 1}]}, {"location": {"country_code": "tr", "region": "Marmara Bolgesi"}, "game_id": "295590", "values": [{"date": "2022-12-04-15-00-00", "latency": 31}, {"date": "2022-12-04-15-00-00", "latency": 31}]}, {"location": {"country_code": "pl", "region": "Masovian Voivodeship", "city": "Warsaw"}, "game_id": "295590", "values": [{"date": "2022-12-04-23-00-00", "latency": 3}, {"date": "2022-12-04-19-00-00", "latency": 31}, {"date": "2022-12-04-19-00-00", "latency": 31}, {"date": "2022-12-04-19-00-00", "latency": 31}, {"date": "2022-12-04-19-00-00", "latency": 31}, {"date": "2022-12-04-19-00-00", "latency": 31}]}, {"location": {"country_code": "mx", "region": "Queretaro", "city": "Queretaro"}, "game_id": "295590", "values": [{"date": "2022-12-04-07-00-00", "latency": 5}]}, {"location": {"country_code": "ae"}, "game_id": "295590", "values": [{"date": "2022-12-04-11-00-00", "latency": 3}]}, {"location": {"country_code": "sa", "region": "Mecca Region", "city": "Jeddah"}, "game_id": "295590", "values": [{"date": "2022-12-04-21-00-00", "latency": 32}, {"date": "2022-12-04-21-00-00", "latency": 32}, {"date": "2022-12-04-21-00-00", "latency": 32}, {"date": "2022-12-04-21-00-00", "latency": 32}, {"date": "2022-12-04-21-00-00", "latency": 32}]}, {"location": {"country_code": "is"}, "game_id": "295590", "values": [{"date": "2022-12-04-01-00-00", "latency": 56}]}, {"location": {"country_code": "jo"}, "game_id": "295590", "values": [{"date": "2022-12-05-00-00-00", "latency": 9}, {"date": "2022-12-05-00-00-00", "latency": 9}]}, {"location": {"country_code": "gb", "region": "Northern Ireland", "city": "Belfast"}, "game_id": "295590", "values": [{"date": "2022-12-04-14-00-00", "latency": 9}, {"date": "2022-12-04-14-00-00", "latency": 9}, {"date": "2022-12-04-14-00-00", "latency": 9}]}, {"location": {"country_code": "mx", "region": "Sinaloa", "city": "Mazatlan"}, "game_id": "295590", "values": [{"date": "2022-12-04-06-00-00", "latency": 6}, {"date": "2022-12-04-06-00-00", "latency": 6}, {"date": "2022-12-04-06-00-00", "latency": 6}]}, {"location": {"country_code": "br", "region": "Goias"}, "game_id": "295590", "values": [{"date": "2022-12-04-19-00-00", "latency": 2}]}, {"location": {"country_code": "es", "region": "Andalusia", "city": "Ayamonte"}, "game_id": "295590", "values": [{"date": "2022-12-04-21-00-00", "latency": 1}]}, {"location": {"country_code": "br", "region": "State of Rio de Janeiro", "city": "Campos dos Goytacazes"}, "game_id": "295590", "values": [{"date": "2022-12-04-22-00-00", "latency": 1844}]}, {"location": {"country_code": "tr", "region": "Ege Bolgesi"}, "game_id": "295590", "values": [{"date": "2022-12-04-23-00-00", "latency": 2}]}, {"location": {"country_code": "mx", "region": "Oaxaca"}, "game_id": "295590", "values": [{"date": "2022-12-04-09-00-00", "latency": 8}]}, {"location": {"country_code": "tm", "region": "Balkan"}, "game_id": "295590", "values": [{"date": "2022-12-04-14-00-00", "latency": 4}]}, {"location": {"country_code": "br", "region": "Paraiba"}, "game_id": "295590", "values": [{"date": "2022-12-04-14-00-00", "latency": 8}, {"date": "2022-12-04-14-00-00", "latency": 8}]}, {"location": {"country_code": "ar", "region": "Tierra del Fuego Province", "city": "Ushuaia"}, "game_id": "295590", "values": [{"date": "2022-12-04-15-00-00", "latency": 8}]}, {"location": {"country_code": "br", "region": "State of Rio de Janeiro", "city": "Itaguai"}, "game_id": "295590", "values": [{"date": "2022-12-04-08-00-00", "latency": 2}, {"date": "2022-12-04-08-00-00", "latency": 2}, {"date": "2022-12-04-08-00-00", "latency": 2}]}, {"location": {"country_code": "us", "region": "Washington", "city": "Carnation"}, "game_id": "295590", "values": [{"date": "2022-12-04-07-00-00", "latency": 9}]}, {"location": {"country_code": "us", "region": "Wisconsin", "city": "Menomonie"}, "game_id": "295590", "values": [{"date": "2022-12-04-06-00-00", "latency": 3}, {"date": "2022-12-04-06-00-00", "latency": 3}]}, {"location": {"country_code": "de", "region": "Berlin"}, "game_id": "295590", "values": [{"date": "2022-12-04-23-00-00", "latency": 5}]}, {"location": {"country_code": "br", "region": "State of Rio de Janeiro", "city": "Sao Joao de Meriti"}, "game_id": "295590", "values": [{"date": "2022-12-04-16-00-00", "latency": 0}]}, {"location": {"country_code": "br", "region": "Paraiba", "city": "Campina Grande"}, "game_id": "295590", "values": [{"date": "2022-12-04-07-00-00", "latency": 8}, {"date": "2022-12-04-07-00-00", "latency": 8}]}, {"location": {"country_code": "ar", "region": "Salta Province", "city": "Salta"}, "game_id": "295590", "values": [{"date": "2022-12-04-08-00-00", "latency": 1}]}, {"location": {"country_code": "es", "region": "Catalonia", "city": "la Carretera dels Reguers"}, "game_id": "295590", "values": [{"date": "2022-12-04-13-00-00", "latency": 4}]}, {"location": {"country_code": "us", "region": "Missouri", "city": "Chesterfield"}, "game_id": "295590", "values": [{"date": "2022-12-04-02-00-00", "latency": 3}, {"date": "2022-12-04-02-00-00", "latency": 3}]}, {"location": {"country_code": "br", "region": "Paraiba", "city": "Bonito de Santa Fe"}, "game_id": "295590", "values": [{"date": "2022-12-04-16-00-00", "latency": 13}, {"date": "2022-12-04-16-00-00", "latency": 13}]}, {"location": {"country_code": "pt", "region": "Northern Mariana Islands", "city": "Barcelos"}, "game_id": "295590", "values": [{"date": "2022-12-05-00-00-00", "latency": 4}]}, {"location": {"country_code": "br", "region": "Mato Grosso", "city": "Rondonopolis"}, "game_id": "295590", "values": [{"date": "2022-12-04-23-00-00", "latency": 1}]}, {"location": {"country_code": "es", "region": "Cantabria", "city": "Santona"}, "game_id": "295590", "values": [{"date": "2022-12-04-19-00-00", "latency": 6}]}, {"location": {"country_code": "cl", "region": "Biobio", "city": "Talcahuano"}, "game_id": "295590", "values": [{"date": "2022-12-05-00-00-00", "latency": 1}]}, {"location": {"country_code": "us", "region": "New Jersey", "city": "Pine Hill"}, "game_id": "295590", "values": [{"date": "2022-12-04-16-00-00", "latency": 8}]}], "last_updated": 1719919198.341197}