{"data": [{"location": {"country_code": "gb", "region": "England", "city": "London"}, "game_id": "116088", "values": [{"date": "2022-05-23-23-00-00", "latency": 42}]}, {"location": {"country_code": "it"}, "game_id": "116088", "values": [{"date": "2022-05-23-16-00-00", "latency": 210}, {"date": "2022-05-23-16-00-00", "latency": 210}, {"date": "2022-05-23-22-00-00", "latency": 57}, {"date": "2022-05-23-22-00-00", "latency": 57}, {"date": "2022-05-23-22-00-00", "latency": 57}, {"date": "2022-05-23-22-00-00", "latency": 57}, {"date": "2022-05-23-22-00-00", "latency": 57}, {"date": "2022-05-23-22-00-00", "latency": 57}, {"date": "2022-05-23-22-00-00", "latency": 57}]}, {"location": {"country_code": "jp"}, "game_id": "116088", "values": [{"date": "2022-05-23-18-00-00", "latency": 122}, {"date": "2022-05-23-18-00-00", "latency": 122}, {"date": "2022-05-23-18-00-00", "latency": 122}]}, {"location": {"country_code": "jp", "region": "Hiroshima", "city": "Hiroshima"}, "game_id": "116088", "values": [{"date": "2022-05-23-20-00-00", "latency": 52}]}, {"location": {"country_code": "ca"}, "game_id": "116088", "values": [{"date": "2022-05-24-01-00-00", "latency": 59}]}, {"location": {"country_code": "sg"}, "game_id": "116088", "values": [{"date": "2022-05-23-18-00-00", "latency": 47}, {"date": "2022-05-23-18-00-00", "latency": 47}, {"date": "2022-05-23-18-00-00", "latency": 47}, {"date": "2022-05-23-18-00-00", "latency": 47}]}, {"location": {"country_code": "de"}, "game_id": "116088", "values": [{"date": "2022-05-23-15-00-00", "latency": 38}]}, {"location": {"country_code": "ph"}, "game_id": "116088", "values": [{"date": "2022-05-23-10-00-00", "latency": 137}, {"date": "2022-05-23-10-00-00", "latency": 137}, {"date": "2022-05-23-10-00-00", "latency": 137}]}, {"location": {"country_code": "fr"}, "game_id": "116088", "values": [{"date": "2022-05-23-17-00-00", "latency": 67}]}, {"location": {"country_code": "in"}, "game_id": "116088", "values": [{"date": "2022-05-23-20-00-00", "latency": 83}, {"date": "2022-05-23-20-00-00", "latency": 83}]}, {"location": {"country_code": "no"}, "game_id": "116088", "values": [{"date": "2022-05-23-20-00-00", "latency": 139}, {"date": "2022-05-23-20-00-00", "latency": 139}]}, {"location": {"country_code": "au"}, "game_id": "116088", "values": [{"date": "2022-05-23-03-00-00", "latency": 54}, {"date": "2022-05-23-03-00-00", "latency": 54}, {"date": "2022-05-23-03-00-00", "latency": 54}, {"date": "2022-05-23-03-00-00", "latency": 54}, {"date": "2022-05-23-03-00-00", "latency": 54}, {"date": "2022-05-23-03-00-00", "latency": 54}]}, {"location": {"country_code": "au", "region": "Victoria", "city": "Melbourne"}, "game_id": "116088", "values": [{"date": "2022-05-23-12-00-00", "latency": 29}]}, {"location": {"country_code": "br", "region": "Goias", "city": "Catalao"}, "game_id": "116088", "values": [{"date": "2022-05-24-00-00-00", "latency": 53}, {"date": "2022-05-24-00-00-00", "latency": 53}, {"date": "2022-05-24-00-00-00", "latency": 53}, {"date": "2022-05-24-00-00-00", "latency": 53}, {"date": "2022-05-24-00-00-00", "latency": 53}, {"date": "2022-05-24-00-00-00", "latency": 53}, {"date": "2022-05-24-00-00-00", "latency": 53}, {"date": "2022-05-24-00-00-00", "latency": 53}]}, {"location": {"country_code": "ru", "region": "Moscow", "city": "Zelenograd"}, "game_id": "116088", "values": [{"date": "2022-05-23-20-00-00", "latency": 51}, {"date": "2022-05-23-20-00-00", "latency": 51}, {"date": "2022-05-23-20-00-00", "latency": 51}, {"date": "2022-05-23-20-00-00", "latency": 51}, {"date": "2022-05-23-20-00-00", "latency": 51}]}, {"location": {"country_code": "ar", "region": "Buenos Aires F.D.", "city": "Bahia Blanca"}, "game_id": "116088", "values": [{"date": "2022-05-23-19-00-00", "latency": 59}, {"date": "2022-05-23-19-00-00", "latency": 59}]}, {"location": {"country_code": "ua"}, "game_id": "116088", "values": [{"date": "2022-05-23-13-00-00", "latency": 63}, {"date": "2022-05-23-13-00-00", "latency": 63}, {"date": "2022-05-23-13-00-00", "latency": 63}, {"date": "2022-05-23-13-00-00", "latency": 63}, {"date": "2022-05-23-13-00-00", "latency": 63}, {"date": "2022-05-23-13-00-00", "latency": 63}]}, {"location": {"country_code": "kz", "region": " ", "city": ""}, "game_id": "116088", "values": [{"date": "2022-05-23-15-00-00", "latency": 137}, {"date": "2022-05-23-15-00-00", "latency": 137}, {"date": "2022-05-23-15-00-00", "latency": 137}, {"date": "2022-05-23-15-00-00", "latency": 137}]}, {"location": {"country_code": "ru"}, "game_id": "116088", "values": [{"date": "2022-05-23-08-00-00", "latency": 80}, {"date": "2022-05-23-19-00-00", "latency": 221}, {"date": "2022-05-23-11-00-00", "latency": 115}, {"date": "2022-05-23-15-00-00", "latency": 70}, {"date": "2022-05-23-15-00-00", "latency": 70}, {"date": "2022-05-23-15-00-00", "latency": 70}, {"date": "2022-05-23-15-00-00", "latency": 70}, {"date": "2022-05-23-15-00-00", "latency": 70}, {"date": "2022-05-23-15-00-00", "latency": 70}]}, {"location": {"country_code": "id"}, "game_id": "116088", "values": [{"date": "2022-05-23-19-00-00", "latency": 223}]}, {"location": {"country_code": "ir"}, "game_id": "116088", "values": [{"date": "2022-05-23-12-00-00", "latency": 138}, {"date": "2022-05-23-12-00-00", "latency": 138}, {"date": "2022-05-23-12-00-00", "latency": 138}, {"date": "2022-05-23-23-00-00", "latency": 319}]}, {"location": {"country_code": "au", "region": "Western Australia", "city": "Perth"}, "game_id": "116088", "values": [{"date": "2022-05-23-13-00-00", "latency": 115}, {"date": "2022-05-23-13-00-00", "latency": 115}, {"date": "2022-05-23-13-00-00", "latency": 115}, {"date": "2022-05-23-13-00-00", "latency": 115}, {"date": "2022-05-23-13-00-00", "latency": 115}, {"date": "2022-05-23-13-00-00", "latency": 115}, {"date": "2022-05-23-13-00-00", "latency": 115}]}, {"location": {"country_code": "br", "region": "State of Rio de Janeiro", "city": "Angra dos Reis"}, "game_id": "116088", "values": [{"date": "2022-05-23-18-00-00", "latency": 39}, {"date": "2022-05-23-18-00-00", "latency": 39}, {"date": "2022-05-23-18-00-00", "latency": 39}, {"date": "2022-05-23-18-00-00", "latency": 39}, {"date": "2022-05-23-18-00-00", "latency": 39}]}, {"location": {"country_code": "br", "region": "Amapa", "city": "Santana"}, "game_id": "116088", "values": [{"date": "2022-05-24-01-00-00", "latency": 83}, {"date": "2022-05-24-01-00-00", "latency": 83}]}, {"location": {"country_code": "ru", "region": "Tomsk Oblast"}, "game_id": "116088", "values": [{"date": "2022-05-23-15-00-00", "latency": 80}, {"date": "2022-05-23-15-00-00", "latency": 80}, {"date": "2022-05-23-15-00-00", "latency": 80}, {"date": "2022-05-23-15-00-00", "latency": 80}, {"date": "2022-05-23-15-00-00", "latency": 80}, {"date": "2022-05-23-19-00-00", "latency": 127}, {"date": "2022-05-23-19-00-00", "latency": 127}, {"date": "2022-05-23-19-00-00", "latency": 127}, {"date": "2022-05-23-19-00-00", "latency": 127}, {"date": "2022-05-23-19-00-00", "latency": 127}, {"date": "2022-05-23-19-00-00", "latency": 127}, {"date": "2022-05-23-19-00-00", "latency": 127}, {"date": "2022-05-23-19-00-00", "latency": 127}]}, {"location": {"country_code": "us", "region": "Arizona", "city": "Scottsdale"}, "game_id": "116088", "values": [{"date": "2022-05-24-01-00-00", "latency": 103}, {"date": "2022-05-24-01-00-00", "latency": 103}, {"date": "2022-05-24-01-00-00", "latency": 103}, {"date": "2022-05-24-01-00-00", "latency": 103}, {"date": "2022-05-24-01-00-00", "latency": 103}, {"date": "2022-05-24-01-00-00", "latency": 103}]}, {"location": {"country_code": "am", "region": "Yerevan"}, "game_id": "116088", "values": [{"date": "2022-05-24-00-00-00", "latency": 66}, {"date": "2022-05-24-00-00-00", "latency": 66}, {"date": "2022-05-24-00-00-00", "latency": 66}, {"date": "2022-05-24-00-00-00", "latency": 66}, {"date": "2022-05-24-00-00-00", "latency": 66}, {"date": "2022-05-24-00-00-00", "latency": 66}, {"date": "2022-05-24-00-00-00", "latency": 66}, {"date": "2022-05-24-00-00-00", "latency": 66}, {"date": "2022-05-24-00-00-00", "latency": 66}, {"date": "2022-05-24-00-00-00", "latency": 66}, {"date": "2022-05-24-00-00-00", "latency": 66}]}, {"location": {"country_code": "ru", "region": "Krasnodar Krai", "city": "Novorossiysk"}, "game_id": "116088", "values": [{"date": "2022-05-23-08-00-00", "latency": 77}, {"date": "2022-05-23-08-00-00", "latency": 77}, {"date": "2022-05-23-08-00-00", "latency": 77}, {"date": "2022-05-23-08-00-00", "latency": 77}, {"date": "2022-05-23-08-00-00", "latency": 77}, {"date": "2022-05-23-08-00-00", "latency": 77}, {"date": "2022-05-23-08-00-00", "latency": 77}, {"date": "2022-05-23-08-00-00", "latency": 77}, {"date": "2022-05-23-08-00-00", "latency": 77}]}, {"location": {"country_code": "ru", "region": "Samara Oblast", "city": "Samara"}, "game_id": "116088", "values": [{"date": "2022-05-23-09-00-00", "latency": 89}]}, {"location": {"country_code": "br", "region": "Rio Grande do Sul", "city": "Canoas"}, "game_id": "116088", "values": [{"date": "2022-05-23-13-00-00", "latency": 51}, {"date": "2022-05-23-13-00-00", "latency": 51}, {"date": "2022-05-23-13-00-00", "latency": 51}, {"date": "2022-05-23-13-00-00", "latency": 51}, {"date": "2022-05-23-13-00-00", "latency": 51}, {"date": "2022-05-23-13-00-00", "latency": 51}, {"date": "2022-05-23-13-00-00", "latency": 51}, {"date": "2022-05-23-13-00-00", "latency": 51}, {"date": "2022-05-23-13-00-00", "latency": 51}, {"date": "2022-05-23-13-00-00", "latency": 51}, {"date": "2022-05-23-13-00-00", "latency": 51}, {"date": "2022-05-23-13-00-00", "latency": 51}, {"date": "2022-05-23-13-00-00", "latency": 51}, {"date": "2022-05-23-13-00-00", "latency": 51}]}, {"location": {"country_code": "in", "region": "Maharashtra", "city": "Pune"}, "game_id": "116088", "values": [{"date": "2022-05-23-17-00-00", "latency": 215}, {"date": "2022-05-23-17-00-00", "latency": 215}]}, {"location": {"country_code": "jp", "region": "Fukuoka", "city": "Iizuka"}, "game_id": "116088", "values": [{"date": "2022-05-23-16-00-00", "latency": 36}]}, {"location": {"country_code": "ru", "region": "Novgorod Oblast"}, "game_id": "116088", "values": [{"date": "2022-05-24-01-00-00", "latency": 64}, {"date": "2022-05-24-01-00-00", "latency": 64}, {"date": "2022-05-24-01-00-00", "latency": 64}, {"date": "2022-05-24-01-00-00", "latency": 64}, {"date": "2022-05-24-01-00-00", "latency": 64}, {"date": "2022-05-24-01-00-00", "latency": 64}]}, {"location": {"country_code": "ao", "region": "Huila Province", "city": "Lubango"}, "game_id": "116088", "values": [{"date": "2022-05-23-23-00-00", "latency": 69}, {"date": "2022-05-23-23-00-00", "latency": 69}, {"date": "2022-05-23-23-00-00", "latency": 69}, {"date": "2022-05-23-23-00-00", "latency": 69}, {"date": "2022-05-23-23-00-00", "latency": 69}, {"date": "2022-05-23-23-00-00", "latency": 69}]}], "last_updated": 1719927613.384577}