{"data": [{"location": {"country_code": "nz"}, "game_id": "118849", "values": [{"date": "2024-01-25-11-00-00", "alternatives": ["26", "26", "206"]}, {"date": "2024-01-25-11-00-00", "alternatives": ["26", "26", "206"]}, {"date": "2024-01-25-03-00-00", "alternatives": ["96", "96", "06"]}, {"date": "2024-01-25-03-00-00", "alternatives": ["96", "96", "06"]}, {"date": "2024-01-25-08-00-00", "alternatives": ["76", "76", "16"]}, {"date": "2024-01-25-08-00-00", "alternatives": ["76", "76", "16"]}]}, {"location": {"country_code": "us"}, "game_id": "118849", "values": [{"date": "2024-01-25-22-00-00", "alternatives": ["121", "121", "123"]}, {"date": "2024-01-25-22-00-00", "alternatives": ["121", "121", "123"]}, {"date": "2024-01-25-02-00-00", "alternatives": ["31", "3", "31"]}, {"date": "2024-01-25-02-00-00", "alternatives": ["31", "3", "31"]}, {"date": "2024-01-25-02-00-00", "alternatives": ["31", "3", "31"]}, {"date": "2024-01-25-14-00-00", "alternatives": ["49", "6", "49"]}, {"date": "2024-01-25-14-00-00", "alternatives": ["49", "6", "49"]}, {"date": "2024-01-25-14-00-00", "alternatives": ["49", "6", "49"]}, {"date": "2024-01-25-14-00-00", "alternatives": ["49", "6", "49"]}, {"date": "2024-01-26-00-00-00", "alternatives": ["9", "47", "47"]}, {"date": "2024-01-26-00-00-00", "alternatives": ["9", "47", "47"]}, {"date": "2024-01-26-00-00-00", "alternatives": ["9", "47", "47"]}, {"date": "2024-01-26-00-00-00", "alternatives": ["9", "47", "47"]}, {"date": "2024-01-25-06-00-00", "alternatives": ["41", "81", "41"]}, {"date": "2024-01-25-06-00-00", "alternatives": ["41", "81", "41"]}, {"date": "2024-01-25-06-00-00", "alternatives": ["41", "81", "41"]}, {"date": "2024-01-25-06-00-00", "alternatives": ["41", "81", "41"]}]}, {"location": {"country_code": "de", "region": "Berlin", "city": "Berlin"}, "game_id": "118849", "values": [{"date": "2024-01-25-22-00-00", "alternatives": ["25", "25", "2"]}, {"date": "2024-01-25-22-00-00", "alternatives": ["25", "25", "2"]}, {"date": "2024-01-25-22-00-00", "alternatives": ["25", "25", "2"]}, {"date": "2024-01-25-22-00-00", "alternatives": ["25", "25", "2"]}, {"date": "2024-01-25-22-00-00", "alternatives": ["25", "25", "2"]}]}, {"location": {"country_code": "us", "region": "New York", "city": "Jamestown"}, "game_id": "118849", "values": [{"date": "2024-01-25-07-00-00", "alternatives": ["56", "56", "26"]}, {"date": "2024-01-25-07-00-00", "alternatives": ["56", "56", "26"]}, {"date": "2024-01-25-07-00-00", "alternatives": ["56", "56", "26"]}, {"date": "2024-01-25-07-00-00", "alternatives": ["56", "56", "26"]}, {"date": "2024-01-25-03-00-00", "alternatives": ["0", "0", "50"]}, {"date": "2024-01-26-00-00-00", "alternatives": ["0", "21", "21"]}, {"date": "2024-01-26-00-00-00", "alternatives": ["0", "21", "21"]}, {"date": "2024-01-26-00-00-00", "alternatives": ["0", "21", "21"]}, {"date": "2024-01-26-00-00-00", "alternatives": ["0", "21", "21"]}, {"date": "2024-01-26-00-00-00", "alternatives": ["0", "21", "21"]}, {"date": "2024-01-25-01-00-00", "alternatives": ["30", "3", "30"]}, {"date": "2024-01-25-01-00-00", "alternatives": ["30", "3", "30"]}]}, {"location": {"country_code": "gb"}, "game_id": "118849", "values": [{"date": "2024-01-25-15-00-00", "alternatives": ["37", "27", "37"]}, {"date": "2024-01-25-15-00-00", "alternatives": ["37", "27", "37"]}, {"date": "2024-01-25-15-00-00", "alternatives": ["37", "27", "37"]}, {"date": "2024-01-25-15-00-00", "alternatives": ["37", "27", "37"]}, {"date": "2024-01-25-15-00-00", "alternatives": ["37", "27", "37"]}, {"date": "2024-01-25-16-00-00", "alternatives": ["5", "115", "115"]}, {"date": "2024-01-25-21-00-00", "alternatives": ["36", "36", "56"]}, {"date": "2024-01-25-21-00-00", "alternatives": ["36", "36", "56"]}, {"date": "2024-01-25-21-00-00", "alternatives": ["36", "36", "56"]}]}, {"location": {"country_code": "th"}, "game_id": "118849", "values": [{"date": "2024-01-26-01-00-00", "alternatives": ["0", "26", "26"]}, {"date": "2024-01-26-01-00-00", "alternatives": ["0", "26", "26"]}, {"date": "2024-01-26-01-00-00", "alternatives": ["0", "26", "26"]}, {"date": "2024-01-25-17-00-00", "alternatives": ["5", "3", "5"]}, {"date": "2024-01-25-09-00-00", "alternatives": ["8", "9", "8"]}, {"date": "2024-01-25-09-00-00", "alternatives": ["8", "9", "8"]}, {"date": "2024-01-25-09-00-00", "alternatives": ["8", "9", "8"]}]}, {"location": {"country_code": "th", "region": "Bangkok", "city": "Bangkok"}, "game_id": "118849", "values": [{"date": "2024-01-25-17-00-00", "alternatives": ["28", "8", "28"]}, {"date": "2024-01-25-17-00-00", "alternatives": ["28", "8", "28"]}, {"date": "2024-01-25-09-00-00", "alternatives": ["43", "13", "13"]}, {"date": "2024-01-25-09-00-00", "alternatives": ["43", "13", "13"]}, {"date": "2024-01-25-09-00-00", "alternatives": ["43", "13", "13"]}, {"date": "2024-01-25-09-00-00", "alternatives": ["43", "13", "13"]}, {"date": "2024-01-25-09-00-00", "alternatives": ["43", "13", "13"]}, {"date": "2024-01-25-09-00-00", "alternatives": ["43", "13", "13"]}, {"date": "2024-01-25-09-00-00", "alternatives": ["43", "13", "13"]}, {"date": "2024-01-25-09-00-00", "alternatives": ["43", "13", "13"]}, {"date": "2024-01-25-09-00-00", "alternatives": ["43", "13", "13"]}, {"date": "2024-01-25-09-00-00", "alternatives": ["43", "13", "13"]}, {"date": "2024-01-25-09-00-00", "alternatives": ["43", "13", "13"]}]}, {"location": {"country_code": "gr"}, "game_id": "118849", "values": [{"date": "2024-01-26-01-00-00", "alternatives": ["48", "1", "48"]}, {"date": "2024-01-25-21-00-00", "alternatives": ["32", "32", "52"]}]}, {"location": {"country_code": "nl"}, "game_id": "118849", "values": [{"date": "2024-01-25-12-00-00", "alternatives": ["1", "12", "12"]}, {"date": "2024-01-25-12-00-00", "alternatives": ["1", "12", "12"]}, {"date": "2024-01-25-12-00-00", "alternatives": ["1", "12", "12"]}, {"date": "2024-01-25-12-00-00", "alternatives": ["1", "12", "12"]}, {"date": "2024-01-25-12-00-00", "alternatives": ["1", "12", "12"]}]}, {"location": {"country_code": "cz"}, "game_id": "118849", "values": [{"date": "2024-01-25-16-00-00", "alternatives": ["23", "23", "8"]}]}, {"location": {"country_code": "it"}, "game_id": "118849", "values": [{"date": "2024-01-25-20-00-00", "alternatives": ["3", "23", "023"]}, {"date": "2024-01-26-01-00-00", "alternatives": ["29", "291", "29"]}, {"date": "2024-01-26-01-00-00", "alternatives": ["29", "291", "29"]}]}, {"location": {"country_code": "ro"}, "game_id": "118849", "values": [{"date": "2024-01-25-03-00-00", "alternatives": ["1", "5", "01"]}]}, {"location": {"country_code": "za"}, "game_id": "118849", "values": [{"date": "2024-01-25-14-00-00", "alternatives": ["158", "158", "1"]}]}, {"location": {"country_code": "jp"}, "game_id": "118849", "values": [{"date": "2024-01-25-13-00-00", "alternatives": ["0", "23", "23"]}, {"date": "2024-01-25-13-00-00", "alternatives": ["0", "23", "23"]}, {"date": "2024-01-25-13-00-00", "alternatives": ["0", "23", "23"]}, {"date": "2024-01-25-13-00-00", "alternatives": ["0", "23", "23"]}, {"date": "2024-01-25-13-00-00", "alternatives": ["0", "23", "23"]}, {"date": "2024-01-25-13-00-00", "alternatives": ["0", "23", "23"]}, {"date": "2024-01-25-13-00-00", "alternatives": ["0", "23", "23"]}, {"date": "2024-01-25-13-00-00", "alternatives": ["0", "23", "23"]}, {"date": "2024-01-25-13-00-00", "alternatives": ["0", "23", "23"]}, {"date": "2024-01-25-10-00-00", "alternatives": ["11", "11", "1"]}, {"date": "2024-01-25-10-00-00", "alternatives": ["11", "11", "1"]}, {"date": "2024-01-25-10-00-00", "alternatives": ["11", "11", "1"]}, {"date": "2024-01-25-19-00-00", "alternatives": ["3", "13", "13"]}, {"date": "2024-01-25-19-00-00", "alternatives": ["3", "13", "13"]}, {"date": "2024-01-25-19-00-00", "alternatives": ["3", "13", "13"]}, {"date": "2024-01-25-19-00-00", "alternatives": ["3", "13", "13"]}, {"date": "2024-01-26-00-00-00", "alternatives": ["16", "0", "16"]}, {"date": "2024-01-26-00-00-00", "alternatives": ["16", "0", "16"]}, {"date": "2024-01-26-00-00-00", "alternatives": ["16", "0", "16"]}, {"date": "2024-01-25-03-00-00", "alternatives": ["13", "13", "15"]}, {"date": "2024-01-25-03-00-00", "alternatives": ["13", "13", "15"]}, {"date": "2024-01-25-03-00-00", "alternatives": ["13", "13", "15"]}, {"date": "2024-01-25-11-00-00", "alternatives": ["25", "95", "25"]}, {"date": "2024-01-25-11-00-00", "alternatives": ["25", "95", "25"]}, {"date": "2024-01-25-11-00-00", "alternatives": ["25", "95", "25"]}]}, {"location": {"country_code": "ca"}, "game_id": "118849", "values": [{"date": "2024-01-25-05-00-00", "alternatives": ["32", "321", "32"]}, {"date": "2024-01-25-05-00-00", "alternatives": ["32", "321", "32"]}, {"date": "2024-01-25-05-00-00", "alternatives": ["32", "321", "32"]}, {"date": "2024-01-25-05-00-00", "alternatives": ["32", "321", "32"]}, {"date": "2024-01-25-05-00-00", "alternatives": ["32", "321", "32"]}, {"date": "2024-01-25-05-00-00", "alternatives": ["32", "321", "32"]}, {"date": "2024-01-25-05-00-00", "alternatives": ["32", "321", "32"]}, {"date": "2024-01-25-05-00-00", "alternatives": ["32", "321", "32"]}, {"date": "2024-01-25-05-00-00", "alternatives": ["32", "321", "32"]}, {"date": "2024-01-25-05-00-00", "alternatives": ["32", "321", "32"]}, {"date": "2024-01-25-18-00-00", "alternatives": ["15", "15", "1"]}]}, {"location": {"country_code": "de"}, "game_id": "118849", "values": [{"date": "2024-01-25-02-00-00", "alternatives": ["12", "12", "1113"]}, {"date": "2024-01-25-23-00-00", "alternatives": ["52", "521", "52"]}, {"date": "2024-01-25-23-00-00", "alternatives": ["52", "521", "52"]}, {"date": "2024-01-25-23-00-00", "alternatives": ["52", "521", "52"]}, {"date": "2024-01-25-12-00-00", "alternatives": ["13", "13", "1"]}, {"date": "2024-01-25-12-00-00", "alternatives": ["13", "13", "1"]}, {"date": "2024-01-25-12-00-00", "alternatives": ["13", "13", "1"]}, {"date": "2024-01-25-12-00-00", "alternatives": ["13", "13", "1"]}, {"date": "2024-01-25-12-00-00", "alternatives": ["13", "13", "1"]}, {"date": "2024-01-25-15-00-00", "alternatives": ["19", "1", "19"]}, {"date": "2024-01-25-19-00-00", "alternatives": ["16", "8", "16"]}, {"date": "2024-01-25-19-00-00", "alternatives": ["16", "8", "16"]}, {"date": "2024-01-25-19-00-00", "alternatives": ["16", "8", "16"]}, {"date": "2024-01-25-19-00-00", "alternatives": ["11", "1", "11"]}, {"date": "2024-01-25-19-00-00", "alternatives": ["11", "1", "11"]}, {"date": "2024-01-25-16-00-00", "alternatives": ["1", "17", "17"]}, {"date": "2024-01-25-16-00-00", "alternatives": ["1", "17", "17"]}, {"date": "2024-01-25-16-00-00", "alternatives": ["1", "17", "17"]}, {"date": "2024-01-25-16-00-00", "alternatives": ["1", "17", "17"]}, {"date": "2024-01-25-16-00-00", "alternatives": ["1", "17", "17"]}, {"date": "2024-01-25-16-00-00", "alternatives": ["1", "17", "17"]}, {"date": "2024-01-25-22-00-00", "alternatives": ["24", "24", "294"]}, {"date": "2024-01-25-22-00-00", "alternatives": ["24", "24", "294"]}]}, {"location": {"country_code": "tw"}, "game_id": "118849", "values": [{"date": "2024-01-25-21-00-00", "alternatives": ["1", "0", "0"]}, {"date": "2024-01-25-21-00-00", "alternatives": ["1", "0", "0"]}, {"date": "2024-01-25-21-00-00", "alternatives": ["1", "0", "0"]}, {"date": "2024-01-25-08-00-00", "alternatives": ["5", "5334", "5"]}, {"date": "2024-01-25-08-00-00", "alternatives": ["5", "5334", "5"]}]}, {"location": {"country_code": "gb", "region": "Scotland"}, "game_id": "118849", "values": [{"date": "2024-01-25-17-00-00", "alternatives": ["1", "11", "11"]}]}, {"location": {"country_code": "cl"}, "game_id": "118849", "values": [{"date": "2024-01-25-03-00-00", "alternatives": ["19", "9", "19"]}, {"date": "2024-01-25-03-00-00", "alternatives": ["19", "9", "19"]}, {"date": "2024-01-25-03-00-00", "alternatives": ["19", "9", "19"]}, {"date": "2024-01-25-03-00-00", "alternatives": ["19", "9", "19"]}, {"date": "2024-01-25-03-00-00", "alternatives": ["19", "9", "19"]}, {"date": "2024-01-25-03-00-00", "alternatives": ["19", "9", "19"]}, {"date": "2024-01-25-03-00-00", "alternatives": ["19", "9", "19"]}, {"date": "2024-01-25-03-00-00", "alternatives": ["19", "9", "19"]}, {"date": "2024-01-25-03-00-00", "alternatives": ["19", "9", "19"]}, {"date": "2024-01-25-03-00-00", "alternatives": ["19", "9", "19"]}, {"date": "2024-01-25-03-00-00", "alternatives": ["19", "9", "19"]}, {"date": "2024-01-26-00-00-00", "alternatives": ["6", "6", "0"]}, {"date": "2024-01-25-03-00-00", "alternatives": ["530", "30", "30"]}, {"date": "2024-01-25-03-00-00", "alternatives": ["530", "30", "30"]}, {"date": "2024-01-25-03-00-00", "alternatives": ["530", "30", "30"]}, {"date": "2024-01-25-03-00-00", "alternatives": ["530", "30", "30"]}, {"date": "2024-01-25-06-00-00", "alternatives": ["45", "4", "4"]}, {"date": "2024-01-26-01-00-00", "alternatives": ["8", "3", "8"]}]}, {"location": {"country_code": "us", "region": "Texas"}, "game_id": "118849", "values": [{"date": "2024-01-26-01-00-00", "alternatives": ["93", "26", "93"]}, {"date": "2024-01-26-01-00-00", "alternatives": ["93", "26", "93"]}, {"date": "2024-01-26-01-00-00", "alternatives": ["93", "26", "93"]}, {"date": "2024-01-26-01-00-00", "alternatives": ["93", "26", "93"]}, {"date": "2024-01-26-01-00-00", "alternatives": ["93", "26", "93"]}, {"date": "2024-01-26-01-00-00", "alternatives": ["93", "26", "93"]}, {"date": "2024-01-26-01-00-00", "alternatives": ["93", "26", "93"]}, {"date": "2024-01-26-01-00-00", "alternatives": ["93", "26", "93"]}, {"date": "2024-01-26-01-00-00", "alternatives": ["93", "26", "93"]}, {"date": "2024-01-26-01-00-00", "alternatives": ["93", "26", "93"]}, {"date": "2024-01-26-01-00-00", "alternatives": ["93", "26", "93"]}, {"date": "2024-01-25-03-00-00", "alternatives": ["25", "25", "23"]}, {"date": "2024-01-25-03-00-00", "alternatives": ["25", "25", "23"]}, {"date": "2024-01-25-06-00-00", "alternatives": ["31", "91", "91"]}]}, {"location": {"country_code": "ph"}, "game_id": "118849", "values": [{"date": "2024-01-25-06-00-00", "alternatives": ["58", "58", "86"]}, {"date": "2024-01-25-06-00-00", "alternatives": ["58", "58", "86"]}, {"date": "2024-01-25-06-00-00", "alternatives": ["58", "58", "86"]}, {"date": "2024-01-25-06-00-00", "alternatives": ["58", "58", "86"]}, {"date": "2024-01-25-16-00-00", "alternatives": ["25", "2", "25"]}, {"date": "2024-01-25-16-00-00", "alternatives": ["25", "2", "25"]}, {"date": "2024-01-25-16-00-00", "alternatives": ["25", "2", "25"]}, {"date": "2024-01-25-15-00-00", "alternatives": ["39", "62", "39"]}, {"date": "2024-01-25-15-00-00", "alternatives": ["39", "62", "39"]}, {"date": "2024-01-25-15-00-00", "alternatives": ["39", "62", "39"]}, {"date": "2024-01-25-15-00-00", "alternatives": ["39", "62", "39"]}, {"date": "2024-01-25-15-00-00", "alternatives": ["19", "1", "19"]}, {"date": "2024-01-25-15-00-00", "alternatives": ["19", "1", "19"]}, {"date": "2024-01-25-15-00-00", "alternatives": ["19", "1", "19"]}, {"date": "2024-01-25-15-00-00", "alternatives": ["19", "1", "19"]}, {"date": "2024-01-25-15-00-00", "alternatives": ["19", "1", "19"]}, {"date": "2024-01-25-15-00-00", "alternatives": ["19", "1", "19"]}, {"date": "2024-01-25-15-00-00", "alternatives": ["19", "1", "19"]}, {"date": "2024-01-25-15-00-00", "alternatives": ["19", "1", "19"]}, {"date": "2024-01-25-15-00-00", "alternatives": ["19", "1", "19"]}, {"date": "2024-01-25-15-00-00", "alternatives": ["19", "1", "19"]}, {"date": "2024-01-25-14-00-00", "alternatives": ["18", "18", "1"]}, {"date": "2024-01-25-14-00-00", "alternatives": ["18", "18", "1"]}, {"date": "2024-01-25-14-00-00", "alternatives": ["18", "18", "1"]}, {"date": "2024-01-25-11-00-00", "alternatives": ["21", "211", "21"]}, {"date": "2024-01-25-11-00-00", "alternatives": ["21", "211", "21"]}, {"date": "2024-01-26-00-00-00", "alternatives": ["20", "20", "7"]}, {"date": "2024-01-26-00-00-00", "alternatives": ["20", "20", "7"]}, {"date": "2024-01-26-00-00-00", "alternatives": ["20", "20", "7"]}]}, {"location": {"country_code": "ph", "region": "CALABARZON", "city": "Cavite"}, "game_id": "118849", "values": [{"date": "2024-01-25-17-00-00", "alternatives": ["209", "700", "209"]}, {"date": "2024-01-25-17-00-00", "alternatives": ["209", "700", "209"]}, {"date": "2024-01-25-17-00-00", "alternatives": ["209", "700", "209"]}, {"date": "2024-01-25-17-00-00", "alternatives": ["209", "700", "209"]}, {"date": "2024-01-25-17-00-00", "alternatives": ["209", "700", "209"]}]}, {"location": {"country_code": "fr"}, "game_id": "118849", "values": [{"date": "2024-01-25-14-00-00", "alternatives": ["24", "2", "24"]}, {"date": "2024-01-25-14-00-00", "alternatives": ["24", "2", "24"]}, {"date": "2024-01-25-14-00-00", "alternatives": ["24", "2", "24"]}, {"date": "2024-01-25-14-00-00", "alternatives": ["24", "2", "24"]}, {"date": "2024-01-25-14-00-00", "alternatives": ["24", "2", "24"]}, {"date": "2024-01-25-14-00-00", "alternatives": ["24", "2", "24"]}, {"date": "2024-01-25-14-00-00", "alternatives": ["24", "2", "24"]}, {"date": "2024-01-25-13-00-00", "alternatives": ["22", "221", "22"]}, {"date": "2024-01-25-23-00-00", "alternatives": ["14", "141", "14"]}, {"date": "2024-01-26-00-00-00", "alternatives": ["1", "17", "17"]}, {"date": "2024-01-26-00-00-00", "alternatives": ["1", "17", "17"]}, {"date": "2024-01-26-00-00-00", "alternatives": ["1", "17", "17"]}, {"date": "2024-01-25-21-00-00", "alternatives": ["24", "2", "24"]}, {"date": "2024-01-25-22-00-00", "alternatives": ["19", "9", "19"]}, {"date": "2024-01-25-22-00-00", "alternatives": ["19", "9", "19"]}, {"date": "2024-01-25-19-00-00", "alternatives": ["17", "17", "177"]}, {"date": "2024-01-25-19-00-00", "alternatives": ["17", "17", "177"]}, {"date": "2024-01-25-19-00-00", "alternatives": ["17", "17", "177"]}, {"date": "2024-01-25-19-00-00", "alternatives": ["17", "17", "177"]}, {"date": "2024-01-25-17-00-00", "alternatives": ["17", "7", "7"]}, {"date": "2024-01-25-22-00-00", "alternatives": ["75", "1", "75"]}]}, {"location": {"country_code": "by", "region": "Brest Oblast", "city": "Brest"}, "game_id": "118849", "values": [{"date": "2024-01-25-17-00-00", "alternatives": ["23", "23", "165"]}, {"date": "2024-01-25-17-00-00", "alternatives": ["23", "23", "165"]}]}, {"location": {"country_code": "br", "region": "Minas Gerais", "city": "Betim"}, "game_id": "118849", "values": [{"date": "2024-01-25-04-00-00", "alternatives": ["37", "37", "27"]}, {"date": "2024-01-25-04-00-00", "alternatives": ["37", "37", "27"]}, {"date": "2024-01-25-04-00-00", "alternatives": ["37", "37", "27"]}]}, {"location": {"country_code": "mx"}, "game_id": "118849", "values": [{"date": "2024-01-25-06-00-00", "alternatives": ["62", "62", "621"]}, {"date": "2024-01-25-06-00-00", "alternatives": ["62", "62", "621"]}, {"date": "2024-01-25-06-00-00", "alternatives": ["62", "62", "621"]}, {"date": "2024-01-25-06-00-00", "alternatives": ["69", "69", "09"]}, {"date": "2024-01-25-06-00-00", "alternatives": ["69", "69", "09"]}, {"date": "2024-01-25-06-00-00", "alternatives": ["69", "69", "09"]}, {"date": "2024-01-25-06-00-00", "alternatives": ["69", "69", "09"]}, {"date": "2024-01-25-06-00-00", "alternatives": ["69", "69", "09"]}, {"date": "2024-01-25-06-00-00", "alternatives": ["69", "69", "09"]}, {"date": "2024-01-25-04-00-00", "alternatives": ["65", "6", "6"]}, {"date": "2024-01-25-04-00-00", "alternatives": ["65", "6", "6"]}, {"date": "2024-01-25-04-00-00", "alternatives": ["65", "6", "6"]}, {"date": "2024-01-25-08-00-00", "alternatives": ["94", "94", "194"]}, {"date": "2024-01-25-08-00-00", "alternatives": ["94", "94", "194"]}, {"date": "2024-01-25-08-00-00", "alternatives": ["94", "94", "194"]}, {"date": "2024-01-25-07-00-00", "alternatives": ["1", "3", "01"]}, {"date": "2024-01-25-19-00-00", "alternatives": ["57", "57", "7"]}, {"date": "2024-01-25-19-00-00", "alternatives": ["57", "57", "7"]}, {"date": "2024-01-25-04-00-00", "alternatives": ["49", "6", "49"]}, {"date": "2024-01-25-04-00-00", "alternatives": ["49", "6", "49"]}, {"date": "2024-01-25-04-00-00", "alternatives": ["49", "6", "49"]}, {"date": "2024-01-25-04-00-00", "alternatives": ["49", "6", "49"]}]}, {"location": {"country_code": "mx", "region": "Mexico City"}, "game_id": "118849", "values": [{"date": "2024-01-26-00-00-00", "alternatives": ["4", "4", "47"]}, {"date": "2024-01-26-00-00-00", "alternatives": ["4", "4", "47"]}, {"date": "2024-01-26-00-00-00", "alternatives": ["4", "4", "47"]}, {"date": "2024-01-26-00-00-00", "alternatives": ["4", "4", "47"]}, {"date": "2024-01-26-00-00-00", "alternatives": ["4", "4", "47"]}, {"date": "2024-01-26-00-00-00", "alternatives": ["4", "4", "47"]}, {"date": "2024-01-26-00-00-00", "alternatives": ["4", "4", "47"]}, {"date": "2024-01-26-00-00-00", "alternatives": ["4", "4", "47"]}, {"date": "2024-01-26-00-00-00", "alternatives": ["4", "4", "47"]}, {"date": "2024-01-26-00-00-00", "alternatives": ["4", "4", "47"]}, {"date": "2024-01-26-00-00-00", "alternatives": ["4", "4", "47"]}, {"date": "2024-01-26-00-00-00", "alternatives": ["4", "4", "47"]}]}, {"location": {"country_code": "us", "region": "California"}, "game_id": "118849", "values": [{"date": "2024-01-25-11-00-00", "alternatives": ["43", "2", "43"]}, {"date": "2024-01-25-11-00-00", "alternatives": ["43", "2", "43"]}, {"date": "2024-01-25-03-00-00", "alternatives": ["68", "89", "68"]}, {"date": "2024-01-25-03-00-00", "alternatives": ["68", "89", "68"]}, {"date": "2024-01-25-03-00-00", "alternatives": ["68", "89", "68"]}]}, {"location": {"country_code": "br"}, "game_id": "118849", "values": [{"date": "2024-01-25-19-00-00", "alternatives": ["3", "3", "103"]}, {"date": "2024-01-25-19-00-00", "alternatives": ["3", "3", "103"]}, {"date": "2024-01-25-19-00-00", "alternatives": ["3", "3", "103"]}, {"date": "2024-01-25-19-00-00", "alternatives": ["3", "3", "103"]}, {"date": "2024-01-25-19-00-00", "alternatives": ["3", "3", "103"]}, {"date": "2024-01-25-19-00-00", "alternatives": ["3", "3", "103"]}, {"date": "2024-01-25-19-00-00", "alternatives": ["3", "3", "103"]}]}, {"location": {"country_code": "br", "region": "Sao Paulo", "city": "Apiai"}, "game_id": "118849", "values": [{"date": "2024-01-25-02-00-00", "alternatives": ["3", "11", "11"]}, {"date": "2024-01-25-23-00-00", "alternatives": ["11", "11", "1"]}, {"date": "2024-01-25-23-00-00", "alternatives": ["11", "11", "1"]}, {"date": "2024-01-25-23-00-00", "alternatives": ["11", "11", "1"]}, {"date": "2024-01-25-23-00-00", "alternatives": ["11", "11", "1"]}, {"date": "2024-01-25-23-00-00", "alternatives": ["11", "11", "1"]}, {"date": "2024-01-25-23-00-00", "alternatives": ["11", "11", "1"]}, {"date": "2024-01-25-06-00-00", "alternatives": ["8", "8", "3"]}, {"date": "2024-01-25-06-00-00", "alternatives": ["8", "8", "3"]}]}, {"location": {"country_code": "se"}, "game_id": "118849", "values": [{"date": "2024-01-25-23-00-00", "alternatives": ["28", "28", "4"]}, {"date": "2024-01-25-18-00-00", "alternatives": ["20", "220", "20"]}, {"date": "2024-01-25-18-00-00", "alternatives": ["20", "220", "20"]}, {"date": "2024-01-25-18-00-00", "alternatives": ["20", "220", "20"]}, {"date": "2024-01-26-01-00-00", "alternatives": ["8", "48", "48"]}, {"date": "2024-01-26-01-00-00", "alternatives": ["8", "48", "48"]}, {"date": "2024-01-26-01-00-00", "alternatives": ["8", "48", "48"]}, {"date": "2024-01-25-18-00-00", "alternatives": ["52", "15", "52"]}, {"date": "2024-01-25-18-00-00", "alternatives": ["52", "15", "52"]}, {"date": "2024-01-25-18-00-00", "alternatives": ["52", "15", "52"]}, {"date": "2024-01-25-18-00-00", "alternatives": ["52", "15", "52"]}, {"date": "2024-01-25-18-00-00", "alternatives": ["52", "15", "52"]}, {"date": "2024-01-25-18-00-00", "alternatives": ["52", "15", "52"]}, {"date": "2024-01-25-18-00-00", "alternatives": ["52", "15", "52"]}, {"date": "2024-01-25-18-00-00", "alternatives": ["52", "15", "52"]}, {"date": "2024-01-25-18-00-00", "alternatives": ["52", "15", "52"]}, {"date": "2024-01-25-18-00-00", "alternatives": ["52", "15", "52"]}, {"date": "2024-01-25-18-00-00", "alternatives": ["52", "15", "52"]}, {"date": "2024-01-25-18-00-00", "alternatives": ["52", "15", "52"]}, {"date": "2024-01-25-18-00-00", "alternatives": ["52", "15", "52"]}]}, {"location": {"country_code": "us", "region": "California", "city": "East Los Angeles"}, "game_id": "118849", "values": [{"date": "2024-01-26-00-00-00", "alternatives": ["47", "234", "234"]}, {"date": "2024-01-26-00-00-00", "alternatives": ["47", "234", "234"]}, {"date": "2024-01-26-00-00-00", "alternatives": ["47", "234", "234"]}, {"date": "2024-01-26-00-00-00", "alternatives": ["47", "234", "234"]}, {"date": "2024-01-25-10-00-00", "alternatives": ["2001", "201", "201"]}, {"date": "2024-01-25-10-00-00", "alternatives": ["2001", "201", "201"]}, {"date": "2024-01-25-10-00-00", "alternatives": ["2001", "201", "201"]}, {"date": "2024-01-25-10-00-00", "alternatives": ["2001", "201", "201"]}, {"date": "2024-01-25-10-00-00", "alternatives": ["2001", "201", "201"]}, {"date": "2024-01-25-10-00-00", "alternatives": ["2001", "201", "201"]}, {"date": "2024-01-25-10-00-00", "alternatives": ["2001", "201", "201"]}, {"date": "2024-01-25-10-00-00", "alternatives": ["2001", "201", "201"]}, {"date": "2024-01-25-10-00-00", "alternatives": ["2001", "201", "201"]}, {"date": "2024-01-25-10-00-00", "alternatives": ["2001", "201", "201"]}, {"date": "2024-01-25-10-00-00", "alternatives": ["2001", "201", "201"]}, {"date": "2024-01-25-10-00-00", "alternatives": ["2001", "201", "201"]}, {"date": "2024-01-25-10-00-00", "alternatives": ["2001", "201", "201"]}, {"date": "2024-01-25-10-00-00", "alternatives": ["2001", "201", "201"]}, {"date": "2024-01-25-10-00-00", "alternatives": ["2001", "201", "201"]}, {"date": "2024-01-25-10-00-00", "alternatives": ["2001", "201", "201"]}, {"date": "2024-01-25-10-00-00", "alternatives": ["2001", "201", "201"]}, {"date": "2024-01-25-10-00-00", "alternatives": ["2001", "201", "201"]}, {"date": "2024-01-25-10-00-00", "alternatives": ["2001", "201", "201"]}, {"date": "2024-01-25-10-00-00", "alternatives": ["2001", "201", "201"]}, {"date": "2024-01-25-10-00-00", "alternatives": ["2001", "201", "201"]}, {"date": "2024-01-25-10-00-00", "alternatives": ["2001", "201", "201"]}, {"date": "2024-01-25-10-00-00", "alternatives": ["2001", "201", "201"]}, {"date": "2024-01-25-10-00-00", "alternatives": ["2001", "201", "201"]}, {"date": "2024-01-25-10-00-00", "alternatives": ["2001", "201", "201"]}, {"date": "2024-01-25-10-00-00", "alternatives": ["2001", "201", "201"]}, {"date": "2024-01-25-10-00-00", "alternatives": ["2001", "201", "201"]}, {"date": "2024-01-26-00-00-00", "alternatives": ["53", "3", "53"]}, {"date": "2024-01-26-00-00-00", "alternatives": ["53", "3", "53"]}, {"date": "2024-01-26-00-00-00", "alternatives": ["53", "3", "53"]}, {"date": "2024-01-26-00-00-00", "alternatives": ["53", "3", "53"]}, {"date": "2024-01-26-00-00-00", "alternatives": ["53", "3", "53"]}, {"date": "2024-01-26-00-00-00", "alternatives": ["53", "3", "53"]}, {"date": "2024-01-26-00-00-00", "alternatives": ["53", "3", "53"]}, {"date": "2024-01-26-00-00-00", "alternatives": ["53", "3", "53"]}, {"date": "2024-01-26-00-00-00", "alternatives": ["53", "3", "53"]}, {"date": "2024-01-26-00-00-00", "alternatives": ["53", "3", "53"]}, {"date": "2024-01-25-09-00-00", "alternatives": ["16", "16", "36"]}, {"date": "2024-01-25-09-00-00", "alternatives": ["16", "16", "36"]}, {"date": "2024-01-25-09-00-00", "alternatives": ["16", "16", "36"]}, {"date": "2024-01-25-09-00-00", "alternatives": ["16", "16", "36"]}, {"date": "2024-01-25-09-00-00", "alternatives": ["16", "16", "36"]}, {"date": "2024-01-25-09-00-00", "alternatives": ["16", "16", "36"]}]}, {"location": {"country_code": "ec"}, "game_id": "118849", "values": [{"date": "2024-01-25-20-00-00", "alternatives": ["88", "88", "388"]}, {"date": "2024-01-25-02-00-00", "alternatives": ["51", "51", "351"]}, {"date": "2024-01-25-02-00-00", "alternatives": ["51", "51", "351"]}]}, {"location": {"country_code": "au"}, "game_id": "118849", "values": [{"date": "2024-01-25-11-00-00", "alternatives": ["4", "4", "2"]}, {"date": "2024-01-25-15-00-00", "alternatives": ["19", "9", "19"]}, {"date": "2024-01-25-15-00-00", "alternatives": ["19", "9", "19"]}, {"date": "2024-01-25-15-00-00", "alternatives": ["19", "9", "19"]}, {"date": "2024-01-25-15-00-00", "alternatives": ["19", "9", "19"]}]}, {"location": {"country_code": "td"}, "game_id": "118849", "values": [{"date": "2024-01-25-10-00-00", "alternatives": ["46", "9", "46"]}]}, {"location": {"country_code": "us", "region": "Texas", "city": "Austin"}, "game_id": "118849", "values": [{"date": "2024-01-25-22-00-00", "alternatives": ["20", "1", "20"]}, {"date": "2024-01-25-22-00-00", "alternatives": ["20", "1", "20"]}, {"date": "2024-01-25-22-00-00", "alternatives": ["20", "1", "20"]}]}, {"location": {"country_code": "dk"}, "game_id": "118849", "values": [{"date": "2024-01-25-22-00-00", "alternatives": ["25", "29", "25"]}, {"date": "2024-01-25-22-00-00", "alternatives": ["25", "29", "25"]}, {"date": "2024-01-25-22-00-00", "alternatives": ["25", "29", "25"]}]}, {"location": {"country_code": "tr"}, "game_id": "118849", "values": [{"date": "2024-01-25-17-00-00", "alternatives": ["26", "26", "20"]}, {"date": "2024-01-25-17-00-00", "alternatives": ["26", "26", "20"]}, {"date": "2024-01-25-17-00-00", "alternatives": ["26", "26", "20"]}, {"date": "2024-01-25-18-00-00", "alternatives": ["72", "72", "2"]}, {"date": "2024-01-25-22-00-00", "alternatives": ["28", "15", "28"]}, {"date": "2024-01-25-10-00-00", "alternatives": ["51", "51", "21"]}, {"date": "2024-01-25-10-00-00", "alternatives": ["51", "51", "21"]}, {"date": "2024-01-25-23-00-00", "alternatives": ["59", "59", "50"]}, {"date": "2024-01-25-23-00-00", "alternatives": ["59", "59", "50"]}, {"date": "2024-01-25-23-00-00", "alternatives": ["59", "59", "50"]}, {"date": "2024-01-25-23-00-00", "alternatives": ["59", "59", "50"]}, {"date": "2024-01-25-23-00-00", "alternatives": ["59", "59", "50"]}, {"date": "2024-01-25-21-00-00", "alternatives": ["21", "23", "21"]}, {"date": "2024-01-25-21-00-00", "alternatives": ["21", "23", "21"]}, {"date": "2024-01-25-21-00-00", "alternatives": ["21", "23", "21"]}]}, {"location": {"country_code": "ca", "region": "Ontario"}, "game_id": "118849", "values": [{"date": "2024-01-25-16-00-00", "alternatives": ["20", "20", "8"]}, {"date": "2024-01-25-16-00-00", "alternatives": ["20", "20", "8"]}, {"date": "2024-01-25-16-00-00", "alternatives": ["20", "20", "8"]}]}, {"location": {"country_code": "de", "region": "Saxony"}, "game_id": "118849", "values": [{"date": "2024-01-25-20-00-00", "alternatives": ["10", "101", "10"]}, {"date": "2024-01-25-20-00-00", "alternatives": ["10", "101", "10"]}, {"date": "2024-01-25-20-00-00", "alternatives": ["10", "101", "10"]}, {"date": "2024-01-25-20-00-00", "alternatives": ["10", "101", "10"]}, {"date": "2024-01-25-20-00-00", "alternatives": ["10", "101", "10"]}, {"date": "2024-01-25-20-00-00", "alternatives": ["10", "101", "10"]}, {"date": "2024-01-25-20-00-00", "alternatives": ["10", "101", "10"]}, {"date": "2024-01-25-20-00-00", "alternatives": ["10", "101", "10"]}]}, {"location": {"country_code": "kr"}, "game_id": "118849", "values": [{"date": "2024-01-25-17-00-00", "alternatives": ["13", "3", "13"]}, {"date": "2024-01-25-17-00-00", "alternatives": ["13", "3", "13"]}, {"date": "2024-01-25-06-00-00", "alternatives": ["20", "23", "23"]}, {"date": "2024-01-25-06-00-00", "alternatives": ["20", "23", "23"]}, {"date": "2024-01-25-06-00-00", "alternatives": ["20", "23", "23"]}, {"date": "2024-01-25-06-00-00", "alternatives": ["20", "23", "23"]}, {"date": "2024-01-25-06-00-00", "alternatives": ["20", "23", "23"]}, {"date": "2024-01-25-06-00-00", "alternatives": ["20", "23", "23"]}, {"date": "2024-01-25-06-00-00", "alternatives": ["20", "23", "23"]}, {"date": "2024-01-25-06-00-00", "alternatives": ["20", "23", "23"]}]}, {"location": {"country_code": "us", "region": "California", "city": "Berkeley"}, "game_id": "118849", "values": [{"date": "2024-01-25-06-00-00", "alternatives": ["57", "57", "67"]}, {"date": "2024-01-25-06-00-00", "alternatives": ["57", "57", "67"]}, {"date": "2024-01-25-06-00-00", "alternatives": ["57", "57", "67"]}, {"date": "2024-01-25-06-00-00", "alternatives": ["57", "57", "67"]}, {"date": "2024-01-25-06-00-00", "alternatives": ["57", "57", "67"]}, {"date": "2024-01-25-06-00-00", "alternatives": ["57", "57", "67"]}, {"date": "2024-01-25-06-00-00", "alternatives": ["57", "57", "67"]}, {"date": "2024-01-25-06-00-00", "alternatives": ["57", "57", "67"]}, {"date": "2024-01-25-06-00-00", "alternatives": ["57", "57", "67"]}]}, {"location": {"country_code": "es"}, "game_id": "118849", "values": [{"date": "2024-01-25-13-00-00", "alternatives": ["43", "43", "2351113"]}, {"date": "2024-01-25-20-00-00", "alternatives": ["43", "43", "182"]}, {"date": "2024-01-25-20-00-00", "alternatives": ["43", "43", "182"]}, {"date": "2024-01-25-20-00-00", "alternatives": ["43", "43", "182"]}, {"date": "2024-01-25-23-00-00", "alternatives": ["57", "57", "21"]}, {"date": "2024-01-25-23-00-00", "alternatives": ["57", "57", "21"]}, {"date": "2024-01-25-23-00-00", "alternatives": ["57", "57", "21"]}, {"date": "2024-01-25-23-00-00", "alternatives": ["57", "57", "21"]}, {"date": "2024-01-25-23-00-00", "alternatives": ["57", "57", "21"]}, {"date": "2024-01-25-23-00-00", "alternatives": ["57", "57", "21"]}, {"date": "2024-01-25-23-00-00", "alternatives": ["57", "57", "21"]}, {"date": "2024-01-25-23-00-00", "alternatives": ["57", "57", "21"]}, {"date": "2024-01-25-23-00-00", "alternatives": ["57", "57", "21"]}, {"date": "2024-01-25-16-00-00", "alternatives": ["39", "39", "29"]}, {"date": "2024-01-25-16-00-00", "alternatives": ["39", "39", "29"]}, {"date": "2024-01-25-16-00-00", "alternatives": ["39", "39", "29"]}, {"date": "2024-01-25-16-00-00", "alternatives": ["39", "39", "29"]}, {"date": "2024-01-25-16-00-00", "alternatives": ["39", "39", "29"]}, {"date": "2024-01-25-16-00-00", "alternatives": ["39", "39", "29"]}, {"date": "2024-01-25-16-00-00", "alternatives": ["39", "39", "29"]}, {"date": "2024-01-25-16-00-00", "alternatives": ["39", "39", "29"]}, {"date": "2024-01-25-16-00-00", "alternatives": ["39", "39", "29"]}, {"date": "2024-01-25-16-00-00", "alternatives": ["39", "39", "29"]}, {"date": "2024-01-25-16-00-00", "alternatives": ["39", "39", "29"]}, {"date": "2024-01-25-16-00-00", "alternatives": ["39", "39", "29"]}, {"date": "2024-01-25-16-00-00", "alternatives": ["39", "39", "29"]}, {"date": "2024-01-25-16-00-00", "alternatives": ["39", "39", "29"]}, {"date": "2024-01-25-16-00-00", "alternatives": ["39", "39", "29"]}, {"date": "2024-01-25-16-00-00", "alternatives": ["39", "39", "29"]}, {"date": "2024-01-25-16-00-00", "alternatives": ["39", "39", "29"]}, {"date": "2024-01-25-16-00-00", "alternatives": ["39", "39", "29"]}, {"date": "2024-01-25-16-00-00", "alternatives": ["39", "39", "29"]}, {"date": "2024-01-25-16-00-00", "alternatives": ["39", "39", "29"]}, {"date": "2024-01-25-16-00-00", "alternatives": ["39", "39", "29"]}, {"date": "2024-01-25-16-00-00", "alternatives": ["39", "39", "29"]}, {"date": "2024-01-25-16-00-00", "alternatives": ["39", "39", "29"]}, {"date": "2024-01-25-16-00-00", "alternatives": ["39", "39", "29"]}]}, {"location": {"country_code": "es", "region": "Valencia", "city": "Orihuela"}, "game_id": "118849", "values": [{"date": "2024-01-25-22-00-00", "alternatives": ["38", "381", "38"]}, {"date": "2024-01-25-04-00-00", "alternatives": ["43", "43", "435"]}, {"date": "2024-01-25-04-00-00", "alternatives": ["43", "43", "435"]}, {"date": "2024-01-25-04-00-00", "alternatives": ["43", "43", "435"]}]}, {"location": {"country_code": "ar"}, "game_id": "118849", "values": [{"date": "2024-01-25-23-00-00", "alternatives": ["51", "3", "3"]}, {"date": "2024-01-25-23-00-00", "alternatives": ["51", "3", "3"]}, {"date": "2024-01-25-23-00-00", "alternatives": ["51", "3", "3"]}, {"date": "2024-01-25-23-00-00", "alternatives": ["51", "3", "3"]}, {"date": "2024-01-25-23-00-00", "alternatives": ["51", "3", "3"]}, {"date": "2024-01-25-23-00-00", "alternatives": ["51", "3", "3"]}, {"date": "2024-01-25-23-00-00", "alternatives": ["51", "3", "3"]}, {"date": "2024-01-26-01-00-00", "alternatives": ["0", "40", "40"]}, {"date": "2024-01-26-01-00-00", "alternatives": ["0", "40", "40"]}, {"date": "2024-01-25-13-00-00", "alternatives": ["47", "47", "37"]}, {"date": "2024-01-25-13-00-00", "alternatives": ["47", "47", "37"]}, {"date": "2024-01-25-13-00-00", "alternatives": ["47", "47", "37"]}, {"date": "2024-01-25-13-00-00", "alternatives": ["47", "47", "37"]}, {"date": "2024-01-25-01-00-00", "alternatives": ["41", "41", "11"]}, {"date": "2024-01-25-23-00-00", "alternatives": ["52", "52", "2"]}]}, {"location": {"country_code": "ar", "region": "Buenos Aires", "city": "Tandil"}, "game_id": "118849", "values": [{"date": "2024-01-25-08-00-00", "alternatives": ["47", "47", "37"]}, {"date": "2024-01-25-08-00-00", "alternatives": ["47", "47", "37"]}, {"date": "2024-01-25-08-00-00", "alternatives": ["47", "47", "37"]}, {"date": "2024-01-25-08-00-00", "alternatives": ["47", "47", "37"]}, {"date": "2024-01-25-08-00-00", "alternatives": ["47", "47", "37"]}, {"date": "2024-01-25-08-00-00", "alternatives": ["47", "47", "37"]}, {"date": "2024-01-25-08-00-00", "alternatives": ["47", "47", "37"]}, {"date": "2024-01-25-08-00-00", "alternatives": ["47", "47", "37"]}, {"date": "2024-01-25-08-00-00", "alternatives": ["47", "47", "37"]}, {"date": "2024-01-25-08-00-00", "alternatives": ["47", "47", "37"]}, {"date": "2024-01-25-08-00-00", "alternatives": ["47", "47", "37"]}, {"date": "2024-01-25-08-00-00", "alternatives": ["47", "47", "37"]}, {"date": "2024-01-25-08-00-00", "alternatives": ["47", "47", "37"]}, {"date": "2024-01-25-08-00-00", "alternatives": ["47", "47", "37"]}]}, {"location": {"country_code": "fi"}, "game_id": "118849", "values": [{"date": "2024-01-25-17-00-00", "alternatives": ["39", "6", "39"]}, {"date": "2024-01-25-17-00-00", "alternatives": ["39", "6", "39"]}, {"date": "2024-01-25-17-00-00", "alternatives": ["39", "6", "39"]}, {"date": "2024-01-25-17-00-00", "alternatives": ["39", "6", "39"]}, {"date": "2024-01-25-17-00-00", "alternatives": ["39", "6", "39"]}, {"date": "2024-01-25-19-00-00", "alternatives": ["36", "36", "30"]}, {"date": "2024-01-25-19-00-00", "alternatives": ["36", "36", "30"]}, {"date": "2024-01-25-19-00-00", "alternatives": ["36", "36", "30"]}, {"date": "2024-01-25-19-00-00", "alternatives": ["36", "36", "30"]}, {"date": "2024-01-25-19-00-00", "alternatives": ["36", "36", "30"]}, {"date": "2024-01-25-19-00-00", "alternatives": ["36", "36", "30"]}, {"date": "2024-01-25-19-00-00", "alternatives": ["36", "36", "30"]}, {"date": "2024-01-25-19-00-00", "alternatives": ["36", "36", "30"]}, {"date": "2024-01-25-19-00-00", "alternatives": ["36", "36", "30"]}, {"date": "2024-01-25-19-00-00", "alternatives": ["36", "36", "30"]}]}, {"location": {"country_code": "us", "region": "Massachusetts", "city": "Fall River"}, "game_id": "118849", "values": [{"date": "2024-01-25-06-00-00", "alternatives": ["3", "37", "37"]}, {"date": "2024-01-25-06-00-00", "alternatives": ["3", "37", "37"]}, {"date": "2024-01-25-06-00-00", "alternatives": ["3", "37", "37"]}, {"date": "2024-01-25-06-00-00", "alternatives": ["3", "37", "37"]}, {"date": "2024-01-25-06-00-00", "alternatives": ["3", "37", "37"]}]}, {"location": {"country_code": "ca", "region": "Alberta"}, "game_id": "118849", "values": [{"date": "2024-01-25-03-00-00", "alternatives": ["52", "2", "52"]}, {"date": "2024-01-25-03-00-00", "alternatives": ["52", "2", "52"]}]}, {"location": {"country_code": "ar", "region": "Buenos Aires F.D.", "city": "Bahia Blanca"}, "game_id": "118849", "values": [{"date": "2024-01-26-00-00-00", "alternatives": ["228", "223", "228"]}, {"date": "2024-01-26-00-00-00", "alternatives": ["228", "223", "228"]}, {"date": "2024-01-26-00-00-00", "alternatives": ["228", "223", "228"]}, {"date": "2024-01-26-00-00-00", "alternatives": ["228", "223", "228"]}, {"date": "2024-01-26-01-00-00", "alternatives": ["3", "35", "3"]}, {"date": "2024-01-26-01-00-00", "alternatives": ["3", "35", "3"]}]}, {"location": {"country_code": "gt", "region": "Guatemala Department", "city": "Guatemala City"}, "game_id": "118849", "values": [{"date": "2024-01-25-07-00-00", "alternatives": ["36", "36", "6"]}, {"date": "2024-01-25-07-00-00", "alternatives": ["36", "36", "6"]}, {"date": "2024-01-25-07-00-00", "alternatives": ["36", "36", "6"]}, {"date": "2024-01-25-07-00-00", "alternatives": ["36", "36", "6"]}, {"date": "2024-01-25-07-00-00", "alternatives": ["36", "36", "6"]}]}, {"location": {"country_code": "br", "region": "Santa Catarina", "city": "Jaragua do Sul"}, "game_id": "118849", "values": [{"date": "2024-01-25-18-00-00", "alternatives": ["14", "14", "12"]}, {"date": "2024-01-25-18-00-00", "alternatives": ["14", "14", "12"]}]}, {"location": {"country_code": "us", "region": "Arizona"}, "game_id": "118849", "values": [{"date": "2024-01-25-03-00-00", "alternatives": ["58", "8", "58"]}, {"date": "2024-01-25-03-00-00", "alternatives": ["58", "8", "58"]}, {"date": "2024-01-25-03-00-00", "alternatives": ["58", "8", "58"]}, {"date": "2024-01-25-03-00-00", "alternatives": ["58", "8", "58"]}, {"date": "2024-01-25-03-00-00", "alternatives": ["58", "8", "58"]}]}, {"location": {"country_code": "ve"}, "game_id": "118849", "values": [{"date": "2024-01-25-03-00-00", "alternatives": ["55", "55", "8"]}]}, {"location": {"country_code": "cn"}, "game_id": "118849", "values": [{"date": "2024-01-25-07-00-00", "alternatives": ["23", "3", "23"]}]}, {"location": {"country_code": "es", "region": "Catalonia", "city": "l'Hospitalet de Llobregat"}, "game_id": "118849", "values": [{"date": "2024-01-25-19-00-00", "alternatives": ["37", "7", "37"]}, {"date": "2024-01-25-19-00-00", "alternatives": ["37", "7", "37"]}, {"date": "2024-01-25-19-00-00", "alternatives": ["37", "7", "37"]}, {"date": "2024-01-25-19-00-00", "alternatives": ["37", "7", "37"]}, {"date": "2024-01-25-21-00-00", "alternatives": ["31", "31", "4"]}, {"date": "2024-01-25-21-00-00", "alternatives": ["31", "31", "4"]}, {"date": "2024-01-25-21-00-00", "alternatives": ["31", "31", "4"]}, {"date": "2024-01-25-21-00-00", "alternatives": ["31", "31", "4"]}, {"date": "2024-01-25-21-00-00", "alternatives": ["31", "31", "4"]}, {"date": "2024-01-25-21-00-00", "alternatives": ["31", "31", "4"]}]}, {"location": {"country_code": "pl"}, "game_id": "118849", "values": [{"date": "2024-01-25-02-00-00", "alternatives": ["430", "43", "43"]}, {"date": "2024-01-25-02-00-00", "alternatives": ["430", "43", "43"]}, {"date": "2024-01-25-22-00-00", "alternatives": ["0", "30", "30"]}, {"date": "2024-01-25-16-00-00", "alternatives": ["38", "38", "8"]}, {"date": "2024-01-25-16-00-00", "alternatives": ["38", "38", "8"]}, {"date": "2024-01-25-16-00-00", "alternatives": ["38", "38", "8"]}, {"date": "2024-01-25-16-00-00", "alternatives": ["38", "38", "8"]}, {"date": "2024-01-26-00-00-00", "alternatives": ["39", "3", "39"]}, {"date": "2024-01-26-00-00-00", "alternatives": ["39", "3", "39"]}, {"date": "2024-01-26-00-00-00", "alternatives": ["39", "3", "39"]}]}, {"location": {"country_code": "be"}, "game_id": "118849", "values": [{"date": "2024-01-25-20-00-00", "alternatives": ["15", "15", "1"]}, {"date": "2024-01-25-20-00-00", "alternatives": ["15", "15", "1"]}, {"date": "2024-01-25-20-00-00", "alternatives": ["15", "15", "1"]}, {"date": "2024-01-25-20-00-00", "alternatives": ["15", "15", "1"]}, {"date": "2024-01-25-14-00-00", "alternatives": ["34", "38", "34"]}, {"date": "2024-01-25-14-00-00", "alternatives": ["34", "38", "34"]}, {"date": "2024-01-25-18-00-00", "alternatives": ["19", "19", "3"]}, {"date": "2024-01-25-18-00-00", "alternatives": ["19", "19", "3"]}, {"date": "2024-01-25-18-00-00", "alternatives": ["19", "19", "3"]}, {"date": "2024-01-25-18-00-00", "alternatives": ["19", "19", "3"]}, {"date": "2024-01-25-18-00-00", "alternatives": ["19", "19", "3"]}, {"date": "2024-01-25-18-00-00", "alternatives": ["19", "19", "3"]}, {"date": "2024-01-25-18-00-00", "alternatives": ["19", "19", "3"]}, {"date": "2024-01-25-18-00-00", "alternatives": ["19", "19", "3"]}, {"date": "2024-01-25-18-00-00", "alternatives": ["19", "19", "3"]}, {"date": "2024-01-25-18-00-00", "alternatives": ["19", "19", "3"]}, {"date": "2024-01-25-18-00-00", "alternatives": ["19", "19", "3"]}, {"date": "2024-01-25-18-00-00", "alternatives": ["19", "19", "3"]}, {"date": "2024-01-25-18-00-00", "alternatives": ["19", "19", "3"]}, {"date": "2024-01-25-18-00-00", "alternatives": ["19", "19", "3"]}]}, {"location": {"country_code": "us", "region": "North Carolina"}, "game_id": "118849", "values": [{"date": "2024-01-25-18-00-00", "alternatives": ["28", "1", "28"]}, {"date": "2024-01-25-18-00-00", "alternatives": ["28", "1", "28"]}]}, {"location": {"country_code": "us", "region": "Nevada", "city": "Las Vegas"}, "game_id": "118849", "values": [{"date": "2024-01-25-21-00-00", "alternatives": ["522", "52", "52"]}, {"date": "2024-01-25-21-00-00", "alternatives": ["522", "52", "52"]}, {"date": "2024-01-25-21-00-00", "alternatives": ["522", "52", "52"]}, {"date": "2024-01-25-21-00-00", "alternatives": ["522", "52", "52"]}, {"date": "2024-01-25-21-00-00", "alternatives": ["522", "52", "52"]}, {"date": "2024-01-25-21-00-00", "alternatives": ["522", "52", "52"]}, {"date": "2024-01-25-21-00-00", "alternatives": ["522", "52", "52"]}, {"date": "2024-01-25-21-00-00", "alternatives": ["522", "52", "52"]}, {"date": "2024-01-25-21-00-00", "alternatives": ["522", "52", "52"]}, {"date": "2024-01-25-21-00-00", "alternatives": ["522", "52", "52"]}, {"date": "2024-01-25-21-00-00", "alternatives": ["522", "52", "52"]}, {"date": "2024-01-25-21-00-00", "alternatives": ["522", "52", "52"]}]}, {"location": {"country_code": "cr"}, "game_id": "118849", "values": [{"date": "2024-01-26-01-00-00", "alternatives": ["79", "79", "719"]}, {"date": "2024-01-25-01-00-00", "alternatives": ["3", "35", "3"]}]}, {"location": {"country_code": "gb", "region": "England", "city": "London"}, "game_id": "118849", "values": [{"date": "2024-01-26-01-00-00", "alternatives": ["25", "25", "95"]}]}, {"location": {"country_code": "us", "region": "Georgia"}, "game_id": "118849", "values": [{"date": "2024-01-25-21-00-00", "alternatives": ["27", "2", "27"]}, {"date": "2024-01-25-21-00-00", "alternatives": ["27", "2", "27"]}, {"date": "2024-01-25-21-00-00", "alternatives": ["27", "2", "27"]}, {"date": "2024-01-25-21-00-00", "alternatives": ["27", "2", "27"]}, {"date": "2024-01-25-15-00-00", "alternatives": ["3", "62", "62"]}]}, {"location": {"country_code": "pe"}, "game_id": "118849", "values": [{"date": "2024-01-25-23-00-00", "alternatives": ["63", "63", "62"]}]}, {"location": {"country_code": "ua"}, "game_id": "118849", "values": [{"date": "2024-01-25-12-00-00", "alternatives": ["46", "46", "406"]}, {"date": "2024-01-25-12-00-00", "alternatives": ["46", "46", "406"]}, {"date": "2024-01-25-19-00-00", "alternatives": ["28", "28", "2"]}, {"date": "2024-01-25-19-00-00", "alternatives": ["28", "28", "2"]}, {"date": "2024-01-25-19-00-00", "alternatives": ["28", "28", "2"]}, {"date": "2024-01-25-19-00-00", "alternatives": ["28", "28", "2"]}, {"date": "2024-01-25-19-00-00", "alternatives": ["28", "28", "2"]}, {"date": "2024-01-25-19-00-00", "alternatives": ["28", "28", "2"]}, {"date": "2024-01-25-19-00-00", "alternatives": ["28", "28", "2"]}, {"date": "2024-01-25-05-00-00", "alternatives": ["15", "15", "1915"]}, {"date": "2024-01-25-05-00-00", "alternatives": ["15", "15", "1915"]}, {"date": "2024-01-25-05-00-00", "alternatives": ["15", "15", "1915"]}, {"date": "2024-01-25-05-00-00", "alternatives": ["15", "15", "1915"]}, {"date": "2024-01-25-05-00-00", "alternatives": ["15", "15", "1915"]}]}, {"location": {"country_code": "tr", "region": "Marmara Bolgesi", "city": "Istanbul"}, "game_id": "118849", "values": [{"date": "2024-01-25-15-00-00", "alternatives": ["30", "30", "0"]}, {"date": "2024-01-25-15-00-00", "alternatives": ["30", "30", "0"]}, {"date": "2024-01-25-15-00-00", "alternatives": ["30", "30", "0"]}, {"date": "2024-01-25-15-00-00", "alternatives": ["30", "30", "0"]}, {"date": "2024-01-25-15-00-00", "alternatives": ["30", "30", "0"]}, {"date": "2024-01-25-15-00-00", "alternatives": ["30", "30", "0"]}, {"date": "2024-01-25-15-00-00", "alternatives": ["30", "30", "0"]}, {"date": "2024-01-25-15-00-00", "alternatives": ["30", "30", "0"]}, {"date": "2024-01-25-15-00-00", "alternatives": ["30", "30", "0"]}, {"date": "2024-01-25-15-00-00", "alternatives": ["30", "30", "0"]}, {"date": "2024-01-25-15-00-00", "alternatives": ["30", "30", "0"]}, {"date": "2024-01-25-15-00-00", "alternatives": ["30", "30", "0"]}]}, {"location": {"country_code": "us", "region": "District of Columbia", "city": "Washington"}, "game_id": "118849", "values": [{"date": "2024-01-25-06-00-00", "alternatives": ["58", "58", "28"]}, {"date": "2024-01-25-06-00-00", "alternatives": ["58", "58", "28"]}, {"date": "2024-01-25-06-00-00", "alternatives": ["58", "58", "28"]}, {"date": "2024-01-25-06-00-00", "alternatives": ["58", "58", "28"]}, {"date": "2024-01-25-06-00-00", "alternatives": ["58", "58", "28"]}, {"date": "2024-01-25-06-00-00", "alternatives": ["58", "58", "28"]}]}, {"location": {"country_code": "do"}, "game_id": "118849", "values": [{"date": "2024-01-25-09-00-00", "alternatives": ["56", "50", "56"]}]}, {"location": {"country_code": "ru"}, "game_id": "118849", "values": [{"date": "2024-01-25-16-00-00", "alternatives": ["30", "30", "4"]}]}, {"location": {"country_code": "id"}, "game_id": "118849", "values": [{"date": "2024-01-25-05-00-00", "alternatives": ["1", "105", "105"]}, {"date": "2024-01-25-05-00-00", "alternatives": ["1", "105", "105"]}, {"date": "2024-01-25-05-00-00", "alternatives": ["1", "105", "105"]}, {"date": "2024-01-25-05-00-00", "alternatives": ["1", "105", "105"]}, {"date": "2024-01-25-05-00-00", "alternatives": ["1", "105", "105"]}, {"date": "2024-01-25-05-00-00", "alternatives": ["1", "105", "105"]}, {"date": "2024-01-25-05-00-00", "alternatives": ["1", "105", "105"]}]}, {"location": {"country_code": "ba"}, "game_id": "118849", "values": [{"date": "2024-01-25-22-00-00", "alternatives": ["36", "95", "36"]}, {"date": "2024-01-25-22-00-00", "alternatives": ["36", "95", "36"]}, {"date": "2024-01-25-22-00-00", "alternatives": ["36", "95", "36"]}, {"date": "2024-01-25-22-00-00", "alternatives": ["36", "95", "36"]}, {"date": "2024-01-25-22-00-00", "alternatives": ["36", "95", "36"]}, {"date": "2024-01-25-22-00-00", "alternatives": ["36", "95", "36"]}, {"date": "2024-01-25-22-00-00", "alternatives": ["36", "95", "36"]}, {"date": "2024-01-25-22-00-00", "alternatives": ["36", "95", "36"]}, {"date": "2024-01-25-22-00-00", "alternatives": ["36", "95", "36"]}, {"date": "2024-01-25-22-00-00", "alternatives": ["36", "95", "36"]}, {"date": "2024-01-25-22-00-00", "alternatives": ["36", "95", "36"]}, {"date": "2024-01-25-22-00-00", "alternatives": ["36", "95", "36"]}, {"date": "2024-01-25-22-00-00", "alternatives": ["36", "95", "36"]}]}, {"location": {"country_code": "us", "region": "Illinois"}, "game_id": "118849", "values": [{"date": "2024-01-25-02-00-00", "alternatives": ["14", "1", "14"]}, {"date": "2024-01-25-02-00-00", "alternatives": ["14", "1", "14"]}]}, {"location": {"country_code": "us", "region": "Pennsylvania"}, "game_id": "118849", "values": [{"date": "2024-01-25-05-00-00", "alternatives": ["37", "37", "1"]}, {"date": "2024-01-25-05-00-00", "alternatives": ["37", "37", "1"]}, {"date": "2024-01-25-05-00-00", "alternatives": ["37", "37", "1"]}, {"date": "2024-01-25-05-00-00", "alternatives": ["37", "37", "1"]}]}, {"location": {"country_code": "mx", "region": "Nuevo Leon", "city": "Monterrey"}, "game_id": "118849", "values": [{"date": "2024-01-25-02-00-00", "alternatives": ["65", "65", "05"]}, {"date": "2024-01-25-02-00-00", "alternatives": ["65", "65", "05"]}]}, {"location": {"country_code": "cl", "region": "Santiago Metropolitan", "city": "Santiago"}, "game_id": "118849", "values": [{"date": "2024-01-25-03-00-00", "alternatives": ["5", "5", "1"]}]}, {"location": {"country_code": "br", "region": "Rio Grande do Sul", "city": "Porto Alegre"}, "game_id": "118849", "values": [{"date": "2024-01-25-08-00-00", "alternatives": ["2", "24", "24"]}, {"date": "2024-01-25-08-00-00", "alternatives": ["2", "24", "24"]}, {"date": "2024-01-25-08-00-00", "alternatives": ["2", "24", "24"]}, {"date": "2024-01-25-08-00-00", "alternatives": ["2", "24", "24"]}, {"date": "2024-01-25-08-00-00", "alternatives": ["2", "24", "24"]}]}, {"location": {"country_code": "br", "region": "State of Rio de Janeiro"}, "game_id": "118849", "values": [{"date": "2024-01-25-20-00-00", "alternatives": ["60", "60", "11"]}, {"date": "2024-01-25-20-00-00", "alternatives": ["60", "60", "11"]}, {"date": "2024-01-25-20-00-00", "alternatives": ["60", "60", "11"]}, {"date": "2024-01-25-20-00-00", "alternatives": ["60", "60", "11"]}, {"date": "2024-01-25-20-00-00", "alternatives": ["60", "60", "11"]}, {"date": "2024-01-25-20-00-00", "alternatives": ["60", "60", "11"]}]}, {"location": {"country_code": "us", "region": "Kentucky"}, "game_id": "118849", "values": [{"date": "2024-01-26-01-00-00", "alternatives": ["47", "47", "317"]}, {"date": "2024-01-26-01-00-00", "alternatives": ["47", "47", "317"]}, {"date": "2024-01-26-01-00-00", "alternatives": ["47", "47", "317"]}]}, {"location": {"country_code": "uy"}, "game_id": "118849", "values": [{"date": "2024-01-25-01-00-00", "alternatives": ["33", "2", "33"]}]}, {"location": {"country_code": "us", "region": "Florida", "city": "Miami"}, "game_id": "118849", "values": [{"date": "2024-01-26-00-00-00", "alternatives": ["45", "45", "113"]}, {"date": "2024-01-26-00-00-00", "alternatives": ["45", "45", "113"]}]}, {"location": {"country_code": "cn", "region": "Hong Kong"}, "game_id": "118849", "values": [{"date": "2024-01-25-11-00-00", "alternatives": ["18", "13", "18"]}, {"date": "2024-01-25-11-00-00", "alternatives": ["18", "13", "18"]}, {"date": "2024-01-25-11-00-00", "alternatives": ["18", "13", "18"]}, {"date": "2024-01-25-11-00-00", "alternatives": ["18", "13", "18"]}, {"date": "2024-01-25-11-00-00", "alternatives": ["18", "13", "18"]}, {"date": "2024-01-25-11-00-00", "alternatives": ["18", "13", "18"]}, {"date": "2024-01-25-11-00-00", "alternatives": ["18", "13", "18"]}]}, {"location": {"country_code": "fr", "region": "Ile-de-France Region", "city": "Paris"}, "game_id": "118849", "values": [{"date": "2024-01-25-12-00-00", "alternatives": ["20", "20", "81"]}, {"date": "2024-01-25-12-00-00", "alternatives": ["20", "20", "81"]}, {"date": "2024-01-25-12-00-00", "alternatives": ["20", "20", "81"]}, {"date": "2024-01-25-12-00-00", "alternatives": ["20", "20", "81"]}, {"date": "2024-01-25-02-00-00", "alternatives": ["1", "1", "11"]}]}, {"location": {"country_code": "es", "region": "Andalusia", "city": "Granada"}, "game_id": "118849", "values": [{"date": "2024-01-25-19-00-00", "alternatives": ["40", "1", "40"]}, {"date": "2024-01-25-19-00-00", "alternatives": ["40", "1", "40"]}, {"date": "2024-01-25-19-00-00", "alternatives": ["40", "1", "40"]}]}, {"location": {"country_code": "pe", "region": "Lima region", "city": "Lima"}, "game_id": "118849", "values": [{"date": "2024-01-25-04-00-00", "alternatives": ["32", "32", "2"]}]}, {"location": {"country_code": "mx", "region": "Jalisco", "city": "Guadalajara"}, "game_id": "118849", "values": [{"date": "2024-01-26-00-00-00", "alternatives": ["55", "99", "55"]}, {"date": "2024-01-26-00-00-00", "alternatives": ["55", "99", "55"]}, {"date": "2024-01-26-00-00-00", "alternatives": ["55", "99", "55"]}, {"date": "2024-01-26-00-00-00", "alternatives": ["55", "99", "55"]}, {"date": "2024-01-26-00-00-00", "alternatives": ["55", "99", "55"]}, {"date": "2024-01-26-00-00-00", "alternatives": ["55", "99", "55"]}, {"date": "2024-01-26-00-00-00", "alternatives": ["55", "99", "55"]}, {"date": "2024-01-26-00-00-00", "alternatives": ["55", "99", "55"]}, {"date": "2024-01-26-00-00-00", "alternatives": ["55", "99", "55"]}, {"date": "2024-01-26-00-00-00", "alternatives": ["55", "99", "55"]}, {"date": "2024-01-26-00-00-00", "alternatives": ["55", "99", "55"]}]}, {"location": {"country_code": "us", "region": "Texas", "city": "Irving"}, "game_id": "118849", "values": [{"date": "2024-01-25-05-00-00", "alternatives": ["34", "341", "34"]}]}, {"location": {"country_code": "ru", "region": "Astrakhan Oblast", "city": "Astrakhan"}, "game_id": "118849", "values": [{"date": "2024-01-25-20-00-00", "alternatives": ["74", "7", "74"]}, {"date": "2024-01-25-20-00-00", "alternatives": ["74", "7", "74"]}, {"date": "2024-01-25-20-00-00", "alternatives": ["74", "7", "74"]}]}, {"location": {"country_code": "br", "region": "Federal District"}, "game_id": "118849", "values": [{"date": "2024-01-25-15-00-00", "alternatives": ["22", "221", "22"]}, {"date": "2024-01-25-15-00-00", "alternatives": ["22", "221", "22"]}]}, {"location": {"country_code": "ca", "region": "British Columbia"}, "game_id": "118849", "values": [{"date": "2024-01-25-10-00-00", "alternatives": ["53", "53", "8103"]}, {"date": "2024-01-25-10-00-00", "alternatives": ["53", "53", "8103"]}, {"date": "2024-01-25-10-00-00", "alternatives": ["53", "53", "8103"]}, {"date": "2024-01-25-10-00-00", "alternatives": ["53", "53", "8103"]}, {"date": "2024-01-25-10-00-00", "alternatives": ["53", "53", "8103"]}, {"date": "2024-01-25-10-00-00", "alternatives": ["53", "53", "8103"]}]}, {"location": {"country_code": "de", "region": "North Rhine-Westphalia", "city": "Cologne"}, "game_id": "118849", "values": [{"date": "2024-01-25-20-00-00", "alternatives": ["10", "101", "10"]}, {"date": "2024-01-25-20-00-00", "alternatives": ["10", "101", "10"]}, {"date": "2024-01-25-20-00-00", "alternatives": ["10", "101", "10"]}, {"date": "2024-01-25-20-00-00", "alternatives": ["10", "101", "10"]}]}, {"location": {"country_code": "us", "region": "North Carolina", "city": "Greenville"}, "game_id": "118849", "values": [{"date": "2024-01-25-10-00-00", "alternatives": ["43", "43", "435"]}, {"date": "2024-01-25-10-00-00", "alternatives": ["43", "43", "435"]}, {"date": "2024-01-25-10-00-00", "alternatives": ["43", "43", "435"]}, {"date": "2024-01-25-10-00-00", "alternatives": ["43", "43", "435"]}, {"date": "2024-01-25-10-00-00", "alternatives": ["43", "43", "435"]}]}, {"location": {"country_code": "mx", "region": "Baja California", "city": "Ensenada"}, "game_id": "118849", "values": [{"date": "2024-01-25-11-00-00", "alternatives": ["5", "51", "51"]}, {"date": "2024-01-25-11-00-00", "alternatives": ["5", "51", "51"]}, {"date": "2024-01-25-11-00-00", "alternatives": ["5", "51", "51"]}, {"date": "2024-01-25-11-00-00", "alternatives": ["5", "51", "51"]}, {"date": "2024-01-25-11-00-00", "alternatives": ["5", "51", "51"]}, {"date": "2024-01-25-11-00-00", "alternatives": ["5", "51", "51"]}, {"date": "2024-01-25-11-00-00", "alternatives": ["5", "51", "51"]}]}, {"location": {"country_code": "ca", "region": "Alberta", "city": "Calgary"}, "game_id": "118849", "values": [{"date": "2024-01-25-15-00-00", "alternatives": ["54", "15", "54"]}, {"date": "2024-01-25-15-00-00", "alternatives": ["54", "15", "54"]}, {"date": "2024-01-25-15-00-00", "alternatives": ["54", "15", "54"]}, {"date": "2024-01-25-15-00-00", "alternatives": ["54", "15", "54"]}, {"date": "2024-01-25-15-00-00", "alternatives": ["54", "15", "54"]}, {"date": "2024-01-25-15-00-00", "alternatives": ["54", "15", "54"]}, {"date": "2024-01-25-15-00-00", "alternatives": ["54", "15", "54"]}, {"date": "2024-01-25-15-00-00", "alternatives": ["54", "15", "54"]}, {"date": "2024-01-25-15-00-00", "alternatives": ["54", "15", "54"]}, {"date": "2024-01-25-15-00-00", "alternatives": ["54", "15", "54"]}, {"date": "2024-01-25-15-00-00", "alternatives": ["54", "15", "54"]}, {"date": "2024-01-25-15-00-00", "alternatives": ["54", "15", "54"]}, {"date": "2024-01-25-15-00-00", "alternatives": ["54", "15", "54"]}, {"date": "2024-01-25-15-00-00", "alternatives": ["54", "15", "54"]}, {"date": "2024-01-25-15-00-00", "alternatives": ["54", "15", "54"]}, {"date": "2024-01-25-15-00-00", "alternatives": ["54", "15", "54"]}, {"date": "2024-01-25-15-00-00", "alternatives": ["54", "15", "54"]}, {"date": "2024-01-25-15-00-00", "alternatives": ["54", "15", "54"]}, {"date": "2024-01-25-15-00-00", "alternatives": ["54", "15", "54"]}, {"date": "2024-01-25-15-00-00", "alternatives": ["54", "15", "54"]}, {"date": "2024-01-25-15-00-00", "alternatives": ["54", "15", "54"]}]}, {"location": {"country_code": "bg"}, "game_id": "118849", "values": [{"date": "2024-01-25-13-00-00", "alternatives": ["35", "35", "3"]}]}, {"location": {"country_code": "us", "region": "Oregon"}, "game_id": "118849", "values": [{"date": "2024-01-25-12-00-00", "alternatives": ["68", "68", "08"]}, {"date": "2024-01-25-12-00-00", "alternatives": ["68", "68", "08"]}, {"date": "2024-01-25-12-00-00", "alternatives": ["68", "68", "08"]}, {"date": "2024-01-25-12-00-00", "alternatives": ["68", "68", "08"]}]}, {"location": {"country_code": "gb", "region": "England", "city": "Birmingham"}, "game_id": "118849", "values": [{"date": "2024-01-26-01-00-00", "alternatives": ["28", "28", "4"]}, {"date": "2024-01-26-01-00-00", "alternatives": ["28", "28", "4"]}, {"date": "2024-01-26-01-00-00", "alternatives": ["28", "28", "4"]}]}, {"location": {"country_code": "br", "region": "Minas Gerais", "city": "Ituiutaba"}, "game_id": "118849", "values": [{"date": "2024-01-25-04-00-00", "alternatives": ["2", "15", "15"]}, {"date": "2024-01-25-04-00-00", "alternatives": ["2", "15", "15"]}, {"date": "2024-01-25-04-00-00", "alternatives": ["2", "15", "15"]}, {"date": "2024-01-25-04-00-00", "alternatives": ["2", "15", "15"]}, {"date": "2024-01-25-04-00-00", "alternatives": ["2", "15", "15"]}, {"date": "2024-01-25-04-00-00", "alternatives": ["2", "15", "15"]}]}, {"location": {"country_code": "br", "region": "Sao Paulo", "city": "Varzea Paulista"}, "game_id": "118849", "values": [{"date": "2024-01-25-15-00-00", "alternatives": ["9", "9", "99"]}, {"date": "2024-01-25-15-00-00", "alternatives": ["9", "9", "99"]}, {"date": "2024-01-25-15-00-00", "alternatives": ["9", "9", "99"]}, {"date": "2024-01-25-15-00-00", "alternatives": ["9", "9", "99"]}]}, {"location": {"country_code": "de", "region": "Bavaria", "city": "Munich"}, "game_id": "118849", "values": [{"date": "2024-01-25-22-00-00", "alternatives": ["11", "111", "11"]}, {"date": "2024-01-25-22-00-00", "alternatives": ["11", "111", "11"]}, {"date": "2024-01-25-22-00-00", "alternatives": ["11", "111", "11"]}, {"date": "2024-01-25-22-00-00", "alternatives": ["11", "111", "11"]}]}, {"location": {"country_code": "es", "region": "Andalusia"}, "game_id": "118849", "values": [{"date": "2024-01-25-18-00-00", "alternatives": ["39", "62", "39"]}, {"date": "2024-01-25-18-00-00", "alternatives": ["39", "62", "39"]}, {"date": "2024-01-25-18-00-00", "alternatives": ["39", "62", "39"]}, {"date": "2024-01-25-18-00-00", "alternatives": ["39", "62", "39"]}]}, {"location": {"country_code": "us", "region": "Louisiana"}, "game_id": "118849", "values": [{"date": "2024-01-25-18-00-00", "alternatives": ["29", "29", "9"]}, {"date": "2024-01-25-18-00-00", "alternatives": ["29", "29", "9"]}, {"date": "2024-01-25-18-00-00", "alternatives": ["29", "29", "9"]}, {"date": "2024-01-25-18-00-00", "alternatives": ["29", "29", "9"]}, {"date": "2024-01-25-18-00-00", "alternatives": ["29", "29", "9"]}]}, {"location": {"country_code": "us", "region": "Mississippi"}, "game_id": "118849", "values": [{"date": "2024-01-26-01-00-00", "alternatives": ["29", "67", "29"]}]}, {"location": {"country_code": "br", "region": "Parana", "city": "Umuarama"}, "game_id": "118849", "values": [{"date": "2024-01-25-19-00-00", "alternatives": ["16", "16", "10"]}, {"date": "2024-01-25-19-00-00", "alternatives": ["16", "16", "10"]}, {"date": "2024-01-25-19-00-00", "alternatives": ["16", "16", "10"]}]}, {"location": {"country_code": "tr", "region": "Ic Anadolu Bolgesi"}, "game_id": "118849", "values": [{"date": "2024-01-25-21-00-00", "alternatives": ["45", "45", "115"]}, {"date": "2024-01-25-21-00-00", "alternatives": ["45", "45", "115"]}, {"date": "2024-01-25-21-00-00", "alternatives": ["45", "45", "115"]}]}, {"location": {"country_code": "us", "region": "New York"}, "game_id": "118849", "values": [{"date": "2024-01-26-00-00-00", "alternatives": ["21", "1", "21"]}, {"date": "2024-01-26-00-00-00", "alternatives": ["21", "1", "21"]}, {"date": "2024-01-26-00-00-00", "alternatives": ["21", "1", "21"]}, {"date": "2024-01-26-00-00-00", "alternatives": ["21", "1", "21"]}, {"date": "2024-01-26-00-00-00", "alternatives": ["21", "1", "21"]}, {"date": "2024-01-26-00-00-00", "alternatives": ["21", "1", "21"]}, {"date": "2024-01-26-00-00-00", "alternatives": ["21", "1", "21"]}, {"date": "2024-01-26-00-00-00", "alternatives": ["21", "1", "21"]}, {"date": "2024-01-26-00-00-00", "alternatives": ["21", "1", "21"]}, {"date": "2024-01-26-00-00-00", "alternatives": ["21", "1", "21"]}, {"date": "2024-01-26-00-00-00", "alternatives": ["21", "1", "21"]}, {"date": "2024-01-26-00-00-00", "alternatives": ["21", "1", "21"]}, {"date": "2024-01-26-00-00-00", "alternatives": ["21", "1", "21"]}, {"date": "2024-01-26-00-00-00", "alternatives": ["21", "1", "21"]}, {"date": "2024-01-26-00-00-00", "alternatives": ["21", "1", "21"]}, {"date": "2024-01-26-00-00-00", "alternatives": ["21", "1", "21"]}, {"date": "2024-01-26-00-00-00", "alternatives": ["21", "1", "21"]}, {"date": "2024-01-26-00-00-00", "alternatives": ["21", "1", "21"]}, {"date": "2024-01-26-00-00-00", "alternatives": ["21", "1", "21"]}, {"date": "2024-01-26-00-00-00", "alternatives": ["21", "1", "21"]}]}, {"location": {"country_code": "us", "region": "North Dakota"}, "game_id": "118849", "values": [{"date": "2024-01-25-05-00-00", "alternatives": ["27", "27", "37"]}, {"date": "2024-01-25-05-00-00", "alternatives": ["27", "27", "37"]}]}, {"location": {"country_code": "it", "region": "Tuscany"}, "game_id": "118849", "values": [{"date": "2024-01-25-07-00-00", "alternatives": ["94", "9", "94"]}, {"date": "2024-01-25-07-00-00", "alternatives": ["94", "9", "94"]}, {"date": "2024-01-25-07-00-00", "alternatives": ["94", "9", "94"]}]}, {"location": {"country_code": "us", "region": "Florida", "city": "West Palm Beach"}, "game_id": "118849", "values": [{"date": "2024-01-25-17-00-00", "alternatives": ["53", "53", "3"]}, {"date": "2024-01-25-17-00-00", "alternatives": ["53", "53", "3"]}]}, {"location": {"country_code": "br", "region": "Goias", "city": "Anapolis"}, "game_id": "118849", "values": [{"date": "2024-01-25-16-00-00", "alternatives": ["26", "26", "260"]}, {"date": "2024-01-25-16-00-00", "alternatives": ["26", "26", "260"]}]}, {"location": {"country_code": "jp", "region": "Nagano", "city": "Nagano"}, "game_id": "118849", "values": [{"date": "2024-01-25-19-00-00", "alternatives": ["168", "163", "168"]}, {"date": "2024-01-25-19-00-00", "alternatives": ["168", "163", "168"]}, {"date": "2024-01-25-19-00-00", "alternatives": ["168", "163", "168"]}, {"date": "2024-01-25-19-00-00", "alternatives": ["168", "163", "168"]}, {"date": "2024-01-25-19-00-00", "alternatives": ["168", "163", "168"]}, {"date": "2024-01-25-19-00-00", "alternatives": ["168", "163", "168"]}, {"date": "2024-01-25-19-00-00", "alternatives": ["168", "163", "168"]}, {"date": "2024-01-25-19-00-00", "alternatives": ["168", "163", "168"]}, {"date": "2024-01-25-19-00-00", "alternatives": ["168", "163", "168"]}, {"date": "2024-01-25-19-00-00", "alternatives": ["168", "163", "168"]}, {"date": "2024-01-25-19-00-00", "alternatives": ["168", "163", "168"]}, {"date": "2024-01-25-19-00-00", "alternatives": ["168", "163", "168"]}, {"date": "2024-01-25-19-00-00", "alternatives": ["168", "163", "168"]}, {"date": "2024-01-25-19-00-00", "alternatives": ["168", "163", "168"]}, {"date": "2024-01-25-19-00-00", "alternatives": ["168", "163", "168"]}]}, {"location": {"country_code": "us", "region": "Colorado", "city": "Colorado Springs"}, "game_id": "118849", "values": [{"date": "2024-01-25-02-00-00", "alternatives": ["40", "40", "1115"]}, {"date": "2024-01-25-02-00-00", "alternatives": ["40", "40", "1115"]}]}, {"location": {"country_code": "gb", "region": "England", "city": "Newcastle upon Tyne"}, "game_id": "118849", "values": [{"date": "2024-01-25-11-00-00", "alternatives": ["33", "33", "3"]}, {"date": "2024-01-25-11-00-00", "alternatives": ["33", "33", "3"]}, {"date": "2024-01-25-11-00-00", "alternatives": ["33", "33", "3"]}, {"date": "2024-01-25-11-00-00", "alternatives": ["33", "33", "3"]}, {"date": "2024-01-25-11-00-00", "alternatives": ["33", "33", "3"]}, {"date": "2024-01-25-11-00-00", "alternatives": ["33", "33", "3"]}, {"date": "2024-01-25-11-00-00", "alternatives": ["33", "33", "3"]}]}, {"location": {"country_code": "gb", "region": "Northern Ireland", "city": "Belfast"}, "game_id": "118849", "values": [{"date": "2024-01-25-20-00-00", "alternatives": ["128", "123", "128"]}, {"date": "2024-01-25-20-00-00", "alternatives": ["128", "123", "128"]}, {"date": "2024-01-25-20-00-00", "alternatives": ["128", "123", "128"]}, {"date": "2024-01-25-20-00-00", "alternatives": ["128", "123", "128"]}, {"date": "2024-01-25-20-00-00", "alternatives": ["128", "123", "128"]}, {"date": "2024-01-25-20-00-00", "alternatives": ["128", "123", "128"]}, {"date": "2024-01-25-20-00-00", "alternatives": ["128", "123", "128"]}, {"date": "2024-01-25-20-00-00", "alternatives": ["128", "123", "128"]}]}, {"location": {"country_code": "br", "region": "State of Rio de Janeiro", "city": "Araruama"}, "game_id": "118849", "values": [{"date": "2024-01-25-18-00-00", "alternatives": ["13", "13", "15"]}, {"date": "2024-01-25-18-00-00", "alternatives": ["13", "13", "15"]}, {"date": "2024-01-25-18-00-00", "alternatives": ["13", "13", "15"]}, {"date": "2024-01-25-18-00-00", "alternatives": ["13", "13", "15"]}, {"date": "2024-01-25-18-00-00", "alternatives": ["13", "13", "15"]}, {"date": "2024-01-25-18-00-00", "alternatives": ["13", "13", "15"]}]}, {"location": {"country_code": "es", "region": "Andalusia", "city": "El Ejido"}, "game_id": "118849", "values": [{"date": "2024-01-25-21-00-00", "alternatives": ["37", "3", "37"]}, {"date": "2024-01-25-21-00-00", "alternatives": ["37", "3", "37"]}]}, {"location": {"country_code": "us", "region": "Tennessee", "city": "Chattanooga"}, "game_id": "118849", "values": [{"date": "2024-01-25-07-00-00", "alternatives": ["38", "38", "130"]}, {"date": "2024-01-25-07-00-00", "alternatives": ["38", "38", "130"]}, {"date": "2024-01-25-07-00-00", "alternatives": ["38", "38", "130"]}, {"date": "2024-01-25-07-00-00", "alternatives": ["38", "38", "130"]}, {"date": "2024-01-25-07-00-00", "alternatives": ["38", "38", "130"]}, {"date": "2024-01-25-07-00-00", "alternatives": ["38", "38", "130"]}, {"date": "2024-01-25-07-00-00", "alternatives": ["38", "38", "130"]}, {"date": "2024-01-25-07-00-00", "alternatives": ["38", "38", "130"]}, {"date": "2024-01-25-07-00-00", "alternatives": ["38", "38", "130"]}, {"date": "2024-01-25-07-00-00", "alternatives": ["38", "38", "130"]}]}, {"location": {"country_code": "de", "region": "North Rhine-Westphalia", "city": "Essen"}, "game_id": "118849", "values": [{"date": "2024-01-25-21-00-00", "alternatives": ["1", "11", "11"]}]}, {"location": {"country_code": "pe", "region": "La Libertad", "city": "Trujillo"}, "game_id": "118849", "values": [{"date": "2024-01-25-02-00-00", "alternatives": ["1", "78", "1"]}, {"date": "2024-01-25-02-00-00", "alternatives": ["1", "78", "1"]}, {"date": "2024-01-25-02-00-00", "alternatives": ["1", "78", "1"]}]}, {"location": {"country_code": "br", "region": "Maranhao"}, "game_id": "118849", "values": [{"date": "2024-01-25-20-00-00", "alternatives": ["9", "68", "9"]}]}, {"location": {"country_code": "gr", "region": "Samothrace", "city": "Thessaloniki"}, "game_id": "118849", "values": [{"date": "2024-01-25-11-00-00", "alternatives": ["92", "76", "92"]}, {"date": "2024-01-25-11-00-00", "alternatives": ["92", "76", "92"]}, {"date": "2024-01-25-11-00-00", "alternatives": ["92", "76", "92"]}]}, {"location": {"country_code": "us", "region": "California", "city": "Irvine"}, "game_id": "118849", "values": [{"date": "2024-01-25-09-00-00", "alternatives": ["55", "55", "35"]}, {"date": "2024-01-25-09-00-00", "alternatives": ["55", "55", "35"]}, {"date": "2024-01-25-09-00-00", "alternatives": ["55", "55", "35"]}, {"date": "2024-01-25-09-00-00", "alternatives": ["55", "55", "35"]}, {"date": "2024-01-25-09-00-00", "alternatives": ["55", "55", "35"]}, {"date": "2024-01-25-09-00-00", "alternatives": ["55", "55", "35"]}, {"date": "2024-01-25-09-00-00", "alternatives": ["55", "55", "35"]}, {"date": "2024-01-25-09-00-00", "alternatives": ["55", "55", "35"]}, {"date": "2024-01-25-09-00-00", "alternatives": ["55", "55", "35"]}, {"date": "2024-01-25-09-00-00", "alternatives": ["55", "55", "35"]}, {"date": "2024-01-25-09-00-00", "alternatives": ["55", "55", "35"]}, {"date": "2024-01-25-09-00-00", "alternatives": ["55", "55", "35"]}, {"date": "2024-01-25-09-00-00", "alternatives": ["55", "55", "35"]}, {"date": "2024-01-25-09-00-00", "alternatives": ["55", "55", "35"]}, {"date": "2024-01-25-09-00-00", "alternatives": ["55", "55", "35"]}, {"date": "2024-01-25-09-00-00", "alternatives": ["55", "55", "35"]}, {"date": "2024-01-25-09-00-00", "alternatives": ["55", "55", "35"]}, {"date": "2024-01-25-09-00-00", "alternatives": ["55", "55", "35"]}, {"date": "2024-01-25-09-00-00", "alternatives": ["55", "55", "35"]}, {"date": "2024-01-25-09-00-00", "alternatives": ["55", "55", "35"]}, {"date": "2024-01-25-09-00-00", "alternatives": ["55", "55", "35"]}, {"date": "2024-01-25-09-00-00", "alternatives": ["55", "55", "35"]}, {"date": "2024-01-25-09-00-00", "alternatives": ["55", "55", "35"]}, {"date": "2024-01-25-09-00-00", "alternatives": ["55", "55", "35"]}]}, {"location": {"country_code": "ph", "region": "National Capital Region", "city": "Muntinlupa"}, "game_id": "118849", "values": [{"date": "2024-01-25-07-00-00", "alternatives": ["2", "15", "2"]}]}, {"location": {"country_code": "br", "region": "Mato Grosso"}, "game_id": "118849", "values": [{"date": "2024-01-25-23-00-00", "alternatives": ["34", "38", "34"]}, {"date": "2024-01-25-23-00-00", "alternatives": ["34", "38", "34"]}, {"date": "2024-01-25-23-00-00", "alternatives": ["34", "38", "34"]}, {"date": "2024-01-25-23-00-00", "alternatives": ["34", "38", "34"]}, {"date": "2024-01-25-23-00-00", "alternatives": ["34", "38", "34"]}, {"date": "2024-01-25-23-00-00", "alternatives": ["34", "38", "34"]}, {"date": "2024-01-25-23-00-00", "alternatives": ["34", "38", "34"]}, {"date": "2024-01-25-23-00-00", "alternatives": ["34", "38", "34"]}, {"date": "2024-01-25-23-00-00", "alternatives": ["34", "38", "34"]}, {"date": "2024-01-25-23-00-00", "alternatives": ["34", "38", "34"]}, {"date": "2024-01-25-23-00-00", "alternatives": ["34", "38", "34"]}, {"date": "2024-01-25-23-00-00", "alternatives": ["34", "38", "34"]}, {"date": "2024-01-25-23-00-00", "alternatives": ["34", "38", "34"]}, {"date": "2024-01-25-23-00-00", "alternatives": ["34", "38", "34"]}, {"date": "2024-01-25-23-00-00", "alternatives": ["34", "38", "34"]}]}, {"location": {"country_code": "cz", "region": "South Moravian"}, "game_id": "118849", "values": [{"date": "2024-01-25-19-00-00", "alternatives": ["2", "23", "2"]}, {"date": "2024-01-25-19-00-00", "alternatives": ["2", "23", "2"]}, {"date": "2024-01-25-19-00-00", "alternatives": ["2", "23", "2"]}, {"date": "2024-01-25-19-00-00", "alternatives": ["2", "23", "2"]}]}, {"location": {"country_code": "nl", "region": "Province of Groningen", "city": "Groningen"}, "game_id": "118849", "values": [{"date": "2024-01-26-00-00-00", "alternatives": ["20", "2", "20"]}, {"date": "2024-01-26-00-00-00", "alternatives": ["20", "2", "20"]}, {"date": "2024-01-26-00-00-00", "alternatives": ["20", "2", "20"]}]}, {"location": {"country_code": "br", "region": "Estado de Bahia", "city": "Eunapolis"}, "game_id": "118849", "values": [{"date": "2024-01-26-00-00-00", "alternatives": ["22", "3", "22"]}, {"date": "2024-01-26-00-00-00", "alternatives": ["22", "3", "22"]}]}, {"location": {"country_code": "sa", "region": "Eastern Province", "city": "Al Khubar"}, "game_id": "118849", "values": [{"date": "2024-01-26-01-00-00", "alternatives": ["90", "90", "0"]}, {"date": "2024-01-26-01-00-00", "alternatives": ["90", "90", "0"]}, {"date": "2024-01-26-01-00-00", "alternatives": ["90", "90", "0"]}, {"date": "2024-01-26-01-00-00", "alternatives": ["90", "90", "0"]}, {"date": "2024-01-26-01-00-00", "alternatives": ["90", "90", "0"]}]}, {"location": {"country_code": "dk", "region": "Central Jutland", "city": "Aarhus"}, "game_id": "118849", "values": [{"date": "2024-01-25-10-00-00", "alternatives": ["40", "40", "108"]}, {"date": "2024-01-25-10-00-00", "alternatives": ["40", "40", "108"]}, {"date": "2024-01-25-10-00-00", "alternatives": ["40", "40", "108"]}]}, {"location": {"country_code": "br", "region": "Rondonia", "city": "Rolim de Moura"}, "game_id": "118849", "values": [{"date": "2024-01-26-01-00-00", "alternatives": ["12", "121", "12"]}, {"date": "2024-01-26-01-00-00", "alternatives": ["12", "121", "12"]}]}, {"location": {"country_code": "us", "region": "Connecticut", "city": "Wallingford"}, "game_id": "118849", "values": [{"date": "2024-01-25-17-00-00", "alternatives": ["39", "62", "39"]}]}, {"location": {"country_code": "us", "region": "California", "city": "Downey"}, "game_id": "118849", "values": [{"date": "2024-01-25-05-00-00", "alternatives": ["58", "8", "58"]}, {"date": "2024-01-25-05-00-00", "alternatives": ["58", "8", "58"]}, {"date": "2024-01-25-05-00-00", "alternatives": ["58", "8", "58"]}, {"date": "2024-01-25-05-00-00", "alternatives": ["58", "8", "58"]}, {"date": "2024-01-25-05-00-00", "alternatives": ["58", "8", "58"]}, {"date": "2024-01-25-05-00-00", "alternatives": ["58", "8", "58"]}, {"date": "2024-01-25-05-00-00", "alternatives": ["58", "8", "58"]}, {"date": "2024-01-25-05-00-00", "alternatives": ["58", "8", "58"]}, {"date": "2024-01-25-05-00-00", "alternatives": ["58", "8", "58"]}, {"date": "2024-01-25-05-00-00", "alternatives": ["58", "8", "58"]}, {"date": "2024-01-25-05-00-00", "alternatives": ["58", "8", "58"]}, {"date": "2024-01-25-05-00-00", "alternatives": ["58", "8", "58"]}]}, {"location": {"country_code": "br", "region": "Rio Grande do Sul", "city": "Gramado"}, "game_id": "118849", "values": [{"date": "2024-01-26-01-00-00", "alternatives": ["2", "25", "25"]}, {"date": "2024-01-26-01-00-00", "alternatives": ["2", "25", "25"]}, {"date": "2024-01-26-01-00-00", "alternatives": ["2", "25", "25"]}, {"date": "2024-01-26-01-00-00", "alternatives": ["2", "25", "25"]}]}, {"location": {"country_code": "br", "region": "Minas Gerais", "city": "Passos"}, "game_id": "118849", "values": [{"date": "2024-01-25-20-00-00", "alternatives": ["9", "0", "9"]}]}, {"location": {"country_code": "us", "region": "Montana", "city": "Bozeman"}, "game_id": "118849", "values": [{"date": "2024-01-26-00-00-00", "alternatives": ["68", "3", "68"]}]}, {"location": {"country_code": "th", "region": "Nonthaburi", "city": "Pak Kret"}, "game_id": "118849", "values": [{"date": "2024-01-25-14-00-00", "alternatives": ["5", "2", "5"]}, {"date": "2024-01-25-14-00-00", "alternatives": ["5", "2", "5"]}, {"date": "2024-01-25-14-00-00", "alternatives": ["5", "2", "5"]}, {"date": "2024-01-25-14-00-00", "alternatives": ["5", "2", "5"]}, {"date": "2024-01-25-14-00-00", "alternatives": ["5", "2", "5"]}, {"date": "2024-01-25-14-00-00", "alternatives": ["5", "2", "5"]}, {"date": "2024-01-25-14-00-00", "alternatives": ["5", "2", "5"]}, {"date": "2024-01-25-14-00-00", "alternatives": ["5", "2", "5"]}, {"date": "2024-01-25-14-00-00", "alternatives": ["5", "2", "5"]}, {"date": "2024-01-25-14-00-00", "alternatives": ["5", "2", "5"]}, {"date": "2024-01-25-14-00-00", "alternatives": ["5", "2", "5"]}, {"date": "2024-01-25-14-00-00", "alternatives": ["5", "2", "5"]}, {"date": "2024-01-25-14-00-00", "alternatives": ["5", "2", "5"]}, {"date": "2024-01-25-14-00-00", "alternatives": ["5", "2", "5"]}, {"date": "2024-01-25-14-00-00", "alternatives": ["5", "2", "5"]}, {"date": "2024-01-25-14-00-00", "alternatives": ["5", "2", "5"]}, {"date": "2024-01-25-14-00-00", "alternatives": ["5", "2", "5"]}, {"date": "2024-01-25-14-00-00", "alternatives": ["5", "2", "5"]}, {"date": "2024-01-25-14-00-00", "alternatives": ["5", "2", "5"]}, {"date": "2024-01-25-14-00-00", "alternatives": ["5", "2", "5"]}, {"date": "2024-01-25-14-00-00", "alternatives": ["5", "2", "5"]}, {"date": "2024-01-25-14-00-00", "alternatives": ["5", "2", "5"]}]}, {"location": {"country_code": "ph", "region": "CALABARZON"}, "game_id": "118849", "values": [{"date": "2024-01-25-06-00-00", "alternatives": ["9", "29", "29"]}, {"date": "2024-01-25-06-00-00", "alternatives": ["9", "29", "29"]}, {"date": "2024-01-25-06-00-00", "alternatives": ["9", "29", "29"]}, {"date": "2024-01-25-06-00-00", "alternatives": ["9", "29", "29"]}]}], "last_updated": 1719918450.581272}