{"data": [{"location": {"country_code": "us"}, "game_id": "101342", "values": [{"date": "2023-12-05-00-00-00", "latency": 1}, {"date": "2023-12-04-05-00-00", "latency": 3}]}, {"location": {"country_code": "us", "region": "New York", "city": "Jamestown"}, "game_id": "101342", "values": [{"date": "2023-12-04-21-00-00", "latency": 7}]}, {"location": {"country_code": "gb"}, "game_id": "101342", "values": [{"date": "2023-12-04-17-00-00", "latency": 57}, {"date": "2023-12-04-17-00-00", "latency": 57}, {"date": "2023-12-04-17-00-00", "latency": 57}, {"date": "2023-12-04-17-00-00", "latency": 57}, {"date": "2023-12-04-17-00-00", "latency": 57}, {"date": "2023-12-04-17-00-00", "latency": 57}, {"date": "2023-12-04-17-00-00", "latency": 57}, {"date": "2023-12-04-17-00-00", "latency": 57}, {"date": "2023-12-04-17-00-00", "latency": 57}, {"date": "2023-12-04-17-00-00", "latency": 57}, {"date": "2023-12-04-17-00-00", "latency": 57}, {"date": "2023-12-04-17-00-00", "latency": 57}, {"date": "2023-12-04-17-00-00", "latency": 57}, {"date": "2023-12-04-17-00-00", "latency": 57}, {"date": "2023-12-04-17-00-00", "latency": 57}, {"date": "2023-12-04-17-00-00", "latency": 57}, {"date": "2023-12-04-17-00-00", "latency": 57}, {"date": "2023-12-04-17-00-00", "latency": 57}, {"date": "2023-12-04-17-00-00", "latency": 57}, {"date": "2023-12-04-17-00-00", "latency": 57}, {"date": "2023-12-04-17-00-00", "latency": 57}, {"date": "2023-12-04-17-00-00", "latency": 57}, {"date": "2023-12-04-17-00-00", "latency": 57}, {"date": "2023-12-05-00-00-00", "latency": 54}, {"date": "2023-12-05-00-00-00", "latency": 54}, {"date": "2023-12-05-00-00-00", "latency": 54}, {"date": "2023-12-04-01-00-00", "latency": 48}, {"date": "2023-12-04-13-00-00", "latency": 83}, {"date": "2023-12-04-13-00-00", "latency": 83}, {"date": "2023-12-04-13-00-00", "latency": 83}, {"date": "2023-12-04-13-00-00", "latency": 83}]}, {"location": {"country_code": "it"}, "game_id": "101342", "values": [{"date": "2023-12-04-13-00-00", "latency": 79}, {"date": "2023-12-04-13-00-00", "latency": 79}, {"date": "2023-12-04-13-00-00", "latency": 79}, {"date": "2023-12-04-13-00-00", "latency": 79}, {"date": "2023-12-04-13-00-00", "latency": 79}]}, {"location": {"country_code": "de"}, "game_id": "101342", "values": [{"date": "2023-12-04-01-00-00", "latency": 46}]}, {"location": {"country_code": "us", "region": "New Jersey"}, "game_id": "101342", "values": [{"date": "2023-12-04-07-00-00", "latency": 103}, {"date": "2023-12-04-07-00-00", "latency": 103}, {"date": "2023-12-04-07-00-00", "latency": 103}]}, {"location": {"country_code": "br", "region": "State of Rio de Janeiro", "city": "Angra dos Reis"}, "game_id": "101342", "values": [{"date": "2023-12-04-22-00-00", "latency": 37}, {"date": "2023-12-04-22-00-00", "latency": 37}, {"date": "2023-12-04-18-00-00", "latency": 100}, {"date": "2023-12-04-18-00-00", "latency": 100}, {"date": "2023-12-04-18-00-00", "latency": 100}, {"date": "2023-12-04-18-00-00", "latency": 100}, {"date": "2023-12-04-18-00-00", "latency": 100}, {"date": "2023-12-04-18-00-00", "latency": 100}, {"date": "2023-12-04-18-00-00", "latency": 100}, {"date": "2023-12-04-18-00-00", "latency": 100}, {"date": "2023-12-04-18-00-00", "latency": 100}, {"date": "2023-12-04-18-00-00", "latency": 100}, {"date": "2023-12-04-18-00-00", "latency": 100}, {"date": "2023-12-04-18-00-00", "latency": 100}, {"date": "2023-12-04-18-00-00", "latency": 100}]}, {"location": {"country_code": "se"}, "game_id": "101342", "values": [{"date": "2023-12-04-01-00-00", "latency": 54}, {"date": "2023-12-04-21-00-00", "latency": 159}, {"date": "2023-12-04-21-00-00", "latency": 159}, {"date": "2023-12-04-21-00-00", "latency": 159}, {"date": "2023-12-04-21-00-00", "latency": 159}, {"date": "2023-12-04-21-00-00", "latency": 159}, {"date": "2023-12-04-21-00-00", "latency": 159}, {"date": "2023-12-04-21-00-00", "latency": 159}]}, {"location": {"country_code": "kr", "region": "Seoul"}, "game_id": "101342", "values": [{"date": "2023-12-04-10-00-00", "latency": 75}, {"date": "2023-12-04-10-00-00", "latency": 75}, {"date": "2023-12-04-10-00-00", "latency": 75}]}, {"location": {"country_code": "us", "region": "Missouri", "city": "Downtown Kansas City"}, "game_id": "101342", "values": [{"date": "2023-12-05-00-00-00", "latency": 79}]}, {"location": {"country_code": "us", "region": "North Carolina"}, "game_id": "101342", "values": [{"date": "2023-12-04-16-00-00", "latency": 60}, {"date": "2023-12-04-16-00-00", "latency": 60}, {"date": "2023-12-04-16-00-00", "latency": 60}, {"date": "2023-12-04-16-00-00", "latency": 60}]}, {"location": {"country_code": "fr", "region": "Ile-de-France Region", "city": "Paris"}, "game_id": "101342", "values": [{"date": "2023-12-04-17-00-00", "latency": 43}, {"date": "2023-12-04-17-00-00", "latency": 43}, {"date": "2023-12-04-17-00-00", "latency": 43}, {"date": "2023-12-04-17-00-00", "latency": 43}, {"date": "2023-12-04-17-00-00", "latency": 43}, {"date": "2023-12-04-17-00-00", "latency": 43}, {"date": "2023-12-04-17-00-00", "latency": 43}, {"date": "2023-12-04-17-00-00", "latency": 43}, {"date": "2023-12-04-17-00-00", "latency": 43}, {"date": "2023-12-04-17-00-00", "latency": 43}, {"date": "2023-12-04-17-00-00", "latency": 43}, {"date": "2023-12-04-17-00-00", "latency": 43}, {"date": "2023-12-04-17-00-00", "latency": 43}, {"date": "2023-12-04-17-00-00", "latency": 43}]}, {"location": {"country_code": "it", "region": "Lombardy", "city": "Milan"}, "game_id": "101342", "values": [{"date": "2023-12-04-23-00-00", "latency": 61}]}, {"location": {"country_code": "gb", "region": "England", "city": "Rochester"}, "game_id": "101342", "values": [{"date": "2023-12-05-01-00-00", "latency": 74}, {"date": "2023-12-05-01-00-00", "latency": 74}, {"date": "2023-12-05-01-00-00", "latency": 74}]}], "last_updated": 1719919371.60234}