{"data": [{"location": {"country_code": "us"}, "game_id": "762836", "values": [{"date": "2023-11-22-02-00-00", "latency": 71}, {"date": "2023-11-22-02-00-00", "latency": 71}, {"date": "2023-11-22-02-00-00", "latency": 71}, {"date": "2023-11-22-02-00-00", "latency": 71}, {"date": "2023-11-22-02-00-00", "latency": 71}, {"date": "2023-11-22-02-00-00", "latency": 71}, {"date": "2023-11-22-02-00-00", "latency": 71}, {"date": "2023-11-22-02-00-00", "latency": 71}, {"date": "2023-11-22-02-00-00", "latency": 71}, {"date": "2023-11-22-02-00-00", "latency": 71}, {"date": "2023-11-22-02-00-00", "latency": 71}, {"date": "2023-11-22-02-00-00", "latency": 71}, {"date": "2023-11-22-03-00-00", "latency": 59}, {"date": "2023-11-22-03-00-00", "latency": 59}, {"date": "2023-11-22-03-00-00", "latency": 59}, {"date": "2023-11-22-03-00-00", "latency": 59}, {"date": "2023-11-22-03-00-00", "latency": 59}, {"date": "2023-11-22-03-00-00", "latency": 59}, {"date": "2023-11-22-03-00-00", "latency": 59}, {"date": "2023-11-22-03-00-00", "latency": 59}, {"date": "2023-11-22-03-00-00", "latency": 59}, {"date": "2023-11-22-03-00-00", "latency": 59}, {"date": "2023-11-22-03-00-00", "latency": 59}, {"date": "2023-11-22-03-00-00", "latency": 59}, {"date": "2023-11-22-03-00-00", "latency": 59}, {"date": "2023-11-22-03-00-00", "latency": 59}, {"date": "2023-11-22-03-00-00", "latency": 59}, {"date": "2023-11-22-03-00-00", "latency": 59}, {"date": "2023-11-22-03-00-00", "latency": 59}, {"date": "2023-11-22-03-00-00", "latency": 59}, {"date": "2023-11-22-18-00-00", "latency": 77}, {"date": "2023-11-22-18-00-00", "latency": 77}, {"date": "2023-11-22-18-00-00", "latency": 77}, {"date": "2023-11-22-18-00-00", "latency": 54}, {"date": "2023-11-22-18-00-00", "latency": 54}, {"date": "2023-11-22-18-00-00", "latency": 54}, {"date": "2023-11-22-18-00-00", "latency": 54}, {"date": "2023-11-22-18-00-00", "latency": 54}, {"date": "2023-11-22-18-00-00", "latency": 54}, {"date": "2023-11-22-18-00-00", "latency": 54}, {"date": "2023-11-22-23-00-00", "latency": 61}, {"date": "2023-11-22-01-00-00", "latency": 57}, {"date": "2023-11-22-03-00-00", "latency": 54}, {"date": "2023-11-22-03-00-00", "latency": 54}, {"date": "2023-11-22-03-00-00", "latency": 54}, {"date": "2023-11-22-03-00-00", "latency": 54}, {"date": "2023-11-22-04-00-00", "latency": 84}, {"date": "2023-11-22-04-00-00", "latency": 84}, {"date": "2023-11-22-04-00-00", "latency": 84}, {"date": "2023-11-22-04-00-00", "latency": 84}, {"date": "2023-11-22-23-00-00", "latency": 46}]}, {"location": {"country_code": "de", "region": "Berlin", "city": "Berlin"}, "game_id": "762836", "values": [{"date": "2023-11-22-18-00-00", "latency": 49}, {"date": "2023-11-22-18-00-00", "latency": 49}, {"date": "2023-11-22-18-00-00", "latency": 49}]}, {"location": {"country_code": "th"}, "game_id": "762836", "values": [{"date": "2023-11-22-16-00-00", "latency": 67}, {"date": "2023-11-22-16-00-00", "latency": 67}, {"date": "2023-11-22-17-00-00", "latency": 67}, {"date": "2023-11-22-17-00-00", "latency": 67}]}, {"location": {"country_code": "nl"}, "game_id": "762836", "values": [{"date": "2023-11-23-01-00-00", "latency": 209}, {"date": "2023-11-23-01-00-00", "latency": 209}, {"date": "2023-11-23-01-00-00", "latency": 209}]}, {"location": {"country_code": "it"}, "game_id": "762836", "values": [{"date": "2023-11-22-21-00-00", "latency": 45}, {"date": "2023-11-22-21-00-00", "latency": 45}, {"date": "2023-11-22-21-00-00", "latency": 45}, {"date": "2023-11-22-21-00-00", "latency": 45}, {"date": "2023-11-22-21-00-00", "latency": 45}, {"date": "2023-11-22-21-00-00", "latency": 45}, {"date": "2023-11-22-21-00-00", "latency": 45}, {"date": "2023-11-22-18-00-00", "latency": 55}, {"date": "2023-11-22-18-00-00", "latency": 55}, {"date": "2023-11-22-18-00-00", "latency": 55}, {"date": "2023-11-22-18-00-00", "latency": 55}, {"date": "2023-11-22-18-00-00", "latency": 55}, {"date": "2023-11-22-18-00-00", "latency": 55}, {"date": "2023-11-22-18-00-00", "latency": 55}, {"date": "2023-11-22-18-00-00", "latency": 55}, {"date": "2023-11-22-18-00-00", "latency": 55}, {"date": "2023-11-22-18-00-00", "latency": 55}, {"date": "2023-11-22-14-00-00", "latency": 67}, {"date": "2023-11-22-20-00-00", "latency": 54}, {"date": "2023-11-22-16-00-00", "latency": 60}, {"date": "2023-11-22-16-00-00", "latency": 60}, {"date": "2023-11-22-16-00-00", "latency": 60}, {"date": "2023-11-22-16-00-00", "latency": 60}, {"date": "2023-11-22-16-00-00", "latency": 60}, {"date": "2023-11-22-16-00-00", "latency": 60}, {"date": "2023-11-22-16-00-00", "latency": 60}, {"date": "2023-11-22-16-00-00", "latency": 60}]}, {"location": {"country_code": "ca"}, "game_id": "762836", "values": [{"date": "2023-11-22-06-00-00", "latency": 84}, {"date": "2023-11-22-06-00-00", "latency": 84}, {"date": "2023-11-22-06-00-00", "latency": 84}, {"date": "2023-11-22-06-00-00", "latency": 84}, {"date": "2023-11-22-06-00-00", "latency": 84}, {"date": "2023-11-22-06-00-00", "latency": 84}, {"date": "2023-11-22-06-00-00", "latency": 84}, {"date": "2023-11-22-06-00-00", "latency": 84}, {"date": "2023-11-22-06-00-00", "latency": 84}, {"date": "2023-11-22-02-00-00", "latency": 52}, {"date": "2023-11-22-03-00-00", "latency": 87}, {"date": "2023-11-22-03-00-00", "latency": 89}, {"date": "2023-11-22-03-00-00", "latency": 89}, {"date": "2023-11-22-03-00-00", "latency": 89}]}, {"location": {"country_code": "de"}, "game_id": "762836", "values": [{"date": "2023-11-22-10-00-00", "latency": 52}, {"date": "2023-11-22-10-00-00", "latency": 52}, {"date": "2023-11-22-16-00-00", "latency": 31}, {"date": "2023-11-22-16-00-00", "latency": 31}, {"date": "2023-11-22-16-00-00", "latency": 31}, {"date": "2023-11-22-16-00-00", "latency": 31}, {"date": "2023-11-22-16-00-00", "latency": 31}]}, {"location": {"country_code": "us", "region": "Florida"}, "game_id": "762836", "values": [{"date": "2023-11-22-22-00-00", "latency": 68}, {"date": "2023-11-22-22-00-00", "latency": 68}, {"date": "2023-11-22-22-00-00", "latency": 68}, {"date": "2023-11-22-22-00-00", "latency": 68}, {"date": "2023-11-22-22-00-00", "latency": 68}, {"date": "2023-11-22-22-00-00", "latency": 68}, {"date": "2023-11-22-22-00-00", "latency": 68}, {"date": "2023-11-22-22-00-00", "latency": 68}, {"date": "2023-11-22-02-00-00", "latency": 106}]}, {"location": {"country_code": "fr"}, "game_id": "762836", "values": [{"date": "2023-11-22-02-00-00", "latency": 50}]}, {"location": {"country_code": "mx"}, "game_id": "762836", "values": [{"date": "2023-11-22-22-00-00", "latency": 201}]}, {"location": {"country_code": "mx", "region": "Mexico City"}, "game_id": "762836", "values": [{"date": "2023-11-22-05-00-00", "latency": 77}, {"date": "2023-11-22-05-00-00", "latency": 77}]}, {"location": {"country_code": "in"}, "game_id": "762836", "values": [{"date": "2023-11-22-13-00-00", "latency": 71}, {"date": "2023-11-22-13-00-00", "latency": 71}, {"date": "2023-11-22-13-00-00", "latency": 71}, {"date": "2023-11-22-13-00-00", "latency": 71}, {"date": "2023-11-22-13-00-00", "latency": 71}, {"date": "2023-11-22-13-00-00", "latency": 71}, {"date": "2023-11-22-13-00-00", "latency": 71}, {"date": "2023-11-22-13-00-00", "latency": 71}, {"date": "2023-11-22-13-00-00", "latency": 71}, {"date": "2023-11-22-06-00-00", "latency": 108}, {"date": "2023-11-22-06-00-00", "latency": 108}, {"date": "2023-11-22-06-00-00", "latency": 108}, {"date": "2023-11-22-06-00-00", "latency": 108}]}, {"location": {"country_code": "rs"}, "game_id": "762836", "values": [{"date": "2023-11-22-22-00-00", "latency": 67}, {"date": "2023-11-22-22-00-00", "latency": 67}, {"date": "2023-11-22-22-00-00", "latency": 67}, {"date": "2023-11-22-22-00-00", "latency": 67}]}, {"location": {"country_code": "br"}, "game_id": "762836", "values": [{"date": "2023-11-23-01-00-00", "latency": 68}, {"date": "2023-11-22-16-00-00", "latency": 34}, {"date": "2023-11-22-16-00-00", "latency": 34}, {"date": "2023-11-22-16-00-00", "latency": 34}]}, {"location": {"country_code": "br", "region": "Ceara", "city": "Itapipoca"}, "game_id": "762836", "values": [{"date": "2023-11-22-19-00-00", "latency": 95}, {"date": "2023-11-22-19-00-00", "latency": 95}, {"date": "2023-11-22-19-00-00", "latency": 95}, {"date": "2023-11-22-19-00-00", "latency": 95}, {"date": "2023-11-22-19-00-00", "latency": 95}, {"date": "2023-11-22-19-00-00", "latency": 95}, {"date": "2023-11-22-19-00-00", "latency": 95}]}, {"location": {"country_code": "br", "region": "Minas Gerais"}, "game_id": "762836", "values": [{"date": "2023-11-22-16-00-00", "latency": 52}, {"date": "2023-11-22-16-00-00", "latency": 52}]}, {"location": {"country_code": "no"}, "game_id": "762836", "values": [{"date": "2023-11-22-22-00-00", "latency": 137}, {"date": "2023-11-22-22-00-00", "latency": 137}, {"date": "2023-11-22-22-00-00", "latency": 137}]}, {"location": {"country_code": "us", "region": "California", "city": "East Los Angeles"}, "game_id": "762836", "values": [{"date": "2023-11-22-20-00-00", "latency": 31}]}, {"location": {"country_code": "au"}, "game_id": "762836", "values": [{"date": "2023-11-22-12-00-00", "latency": 76}]}, {"location": {"country_code": "au", "region": "Victoria", "city": "Melbourne"}, "game_id": "762836", "values": [{"date": "2023-11-22-11-00-00", "latency": 44}, {"date": "2023-11-22-11-00-00", "latency": 44}]}, {"location": {"country_code": "us", "region": "Iowa"}, "game_id": "762836", "values": [{"date": "2023-11-22-17-00-00", "latency": 98}, {"date": "2023-11-22-06-00-00", "latency": 48}, {"date": "2023-11-22-06-00-00", "latency": 48}, {"date": "2023-11-22-06-00-00", "latency": 48}]}, {"location": {"country_code": "kr"}, "game_id": "762836", "values": [{"date": "2023-11-22-14-00-00", "latency": 51}, {"date": "2023-11-22-14-00-00", "latency": 51}]}, {"location": {"country_code": "us", "region": "Pennsylvania", "city": "Philadelphia"}, "game_id": "762836", "values": [{"date": "2023-11-22-08-00-00", "latency": 45}]}, {"location": {"country_code": "es"}, "game_id": "762836", "values": [{"date": "2023-11-22-18-00-00", "latency": 67}, {"date": "2023-11-22-18-00-00", "latency": 67}, {"date": "2023-11-22-18-00-00", "latency": 67}, {"date": "2023-11-22-18-00-00", "latency": 67}, {"date": "2023-11-22-18-00-00", "latency": 67}, {"date": "2023-11-22-18-00-00", "latency": 67}, {"date": "2023-11-22-18-00-00", "latency": 67}, {"date": "2023-11-22-18-00-00", "latency": 67}, {"date": "2023-11-22-18-00-00", "latency": 67}, {"date": "2023-11-22-18-00-00", "latency": 67}, {"date": "2023-11-22-18-00-00", "latency": 67}, {"date": "2023-11-22-18-00-00", "latency": 67}, {"date": "2023-11-22-18-00-00", "latency": 67}, {"date": "2023-11-22-18-00-00", "latency": 67}, {"date": "2023-11-22-18-00-00", "latency": 67}, {"date": "2023-11-22-18-00-00", "latency": 67}]}, {"location": {"country_code": "fi"}, "game_id": "762836", "values": [{"date": "2023-11-23-00-00-00", "latency": 45}, {"date": "2023-11-23-00-00-00", "latency": 45}, {"date": "2023-11-23-00-00-00", "latency": 45}, {"date": "2023-11-23-00-00-00", "latency": 45}, {"date": "2023-11-23-00-00-00", "latency": 45}, {"date": "2023-11-23-00-00-00", "latency": 45}]}, {"location": {"country_code": "fi", "region": "Satakunta Region", "city": "Pori"}, "game_id": "762836", "values": [{"date": "2023-11-22-20-00-00", "latency": 82}, {"date": "2023-11-22-20-00-00", "latency": 82}, {"date": "2023-11-22-20-00-00", "latency": 82}, {"date": "2023-11-22-20-00-00", "latency": 82}, {"date": "2023-11-22-20-00-00", "latency": 82}, {"date": "2023-11-22-20-00-00", "latency": 82}]}, {"location": {"country_code": "jp", "region": "Tokyo"}, "game_id": "762836", "values": [{"date": "2023-11-22-23-00-00", "latency": 34}]}, {"location": {"country_code": "us", "region": "Missouri", "city": "Downtown Kansas City"}, "game_id": "762836", "values": [{"date": "2023-11-22-03-00-00", "latency": 78}, {"date": "2023-11-22-03-00-00", "latency": 78}, {"date": "2023-11-22-03-00-00", "latency": 78}]}, {"location": {"country_code": "hu"}, "game_id": "762836", "values": [{"date": "2023-11-22-11-00-00", "latency": 37}, {"date": "2023-11-22-11-00-00", "latency": 37}, {"date": "2023-11-22-11-00-00", "latency": 37}, {"date": "2023-11-22-11-00-00", "latency": 37}]}, {"location": {"country_code": "at"}, "game_id": "762836", "values": [{"date": "2023-11-22-20-00-00", "latency": 147}, {"date": "2023-11-22-20-00-00", "latency": 147}, {"date": "2023-11-22-20-00-00", "latency": 147}, {"date": "2023-11-22-20-00-00", "latency": 147}, {"date": "2023-11-22-20-00-00", "latency": 147}, {"date": "2023-11-22-20-00-00", "latency": 147}, {"date": "2023-11-22-20-00-00", "latency": 147}, {"date": "2023-11-22-20-00-00", "latency": 147}, {"date": "2023-11-22-20-00-00", "latency": 147}]}, {"location": {"country_code": "us", "region": "Arizona"}, "game_id": "762836", "values": [{"date": "2023-11-23-00-00-00", "latency": 63}, {"date": "2023-11-22-07-00-00", "latency": 55}]}, {"location": {"country_code": "be"}, "game_id": "762836", "values": [{"date": "2023-11-22-22-00-00", "latency": 72}, {"date": "2023-11-22-22-00-00", "latency": 72}]}, {"location": {"country_code": "gb", "region": "England", "city": "London"}, "game_id": "762836", "values": [{"date": "2023-11-22-13-00-00", "latency": 28}, {"date": "2023-11-22-13-00-00", "latency": 28}, {"date": "2023-11-22-13-00-00", "latency": 28}, {"date": "2023-11-22-13-00-00", "latency": 28}, {"date": "2023-11-22-13-00-00", "latency": 28}, {"date": "2023-11-22-13-00-00", "latency": 28}, {"date": "2023-11-22-13-00-00", "latency": 28}, {"date": "2023-11-22-13-00-00", "latency": 28}, {"date": "2023-11-22-13-00-00", "latency": 28}, {"date": "2023-11-22-13-00-00", "latency": 28}, {"date": "2023-11-22-13-00-00", "latency": 28}, {"date": "2023-11-22-13-00-00", "latency": 28}, {"date": "2023-11-22-13-00-00", "latency": 28}, {"date": "2023-11-22-13-00-00", "latency": 28}]}, {"location": {"country_code": "us", "region": "Tennessee"}, "game_id": "762836", "values": [{"date": "2023-11-22-23-00-00", "latency": 64}]}, {"location": {"country_code": "fr", "region": "Ile-de-France Region"}, "game_id": "762836", "values": [{"date": "2023-11-23-01-00-00", "latency": 45}, {"date": "2023-11-23-01-00-00", "latency": 45}, {"date": "2023-11-23-01-00-00", "latency": 45}, {"date": "2023-11-23-01-00-00", "latency": 45}, {"date": "2023-11-23-01-00-00", "latency": 45}, {"date": "2023-11-23-01-00-00", "latency": 45}, {"date": "2023-11-23-01-00-00", "latency": 45}, {"date": "2023-11-23-01-00-00", "latency": 45}, {"date": "2023-11-23-01-00-00", "latency": 45}, {"date": "2023-11-23-01-00-00", "latency": 45}, {"date": "2023-11-23-01-00-00", "latency": 45}]}, {"location": {"country_code": "fr", "region": "Ile-de-France Region", "city": "Paris"}, "game_id": "762836", "values": [{"date": "2023-11-22-15-00-00", "latency": 56}, {"date": "2023-11-22-15-00-00", "latency": 56}]}, {"location": {"country_code": "kw"}, "game_id": "762836", "values": [{"date": "2023-11-22-18-00-00", "latency": 81}, {"date": "2023-11-22-18-00-00", "latency": 81}, {"date": "2023-11-22-18-00-00", "latency": 81}, {"date": "2023-11-22-18-00-00", "latency": 81}]}, {"location": {"country_code": "de", "region": "Lower Saxony"}, "game_id": "762836", "values": [{"date": "2023-11-22-18-00-00", "latency": 46}, {"date": "2023-11-22-18-00-00", "latency": 46}, {"date": "2023-11-22-18-00-00", "latency": 46}, {"date": "2023-11-22-18-00-00", "latency": 46}, {"date": "2023-11-22-18-00-00", "latency": 46}]}, {"location": {"country_code": "de", "region": "Hesse", "city": "Frankfurt"}, "game_id": "762836", "values": [{"date": "2023-11-22-22-00-00", "latency": 30}, {"date": "2023-11-22-22-00-00", "latency": 30}, {"date": "2023-11-22-22-00-00", "latency": 30}, {"date": "2023-11-22-22-00-00", "latency": 30}, {"date": "2023-11-22-22-00-00", "latency": 30}, {"date": "2023-11-22-22-00-00", "latency": 30}, {"date": "2023-11-22-22-00-00", "latency": 30}, {"date": "2023-11-22-22-00-00", "latency": 30}, {"date": "2023-11-22-22-00-00", "latency": 30}, {"date": "2023-11-22-22-00-00", "latency": 30}, {"date": "2023-11-22-22-00-00", "latency": 30}, {"date": "2023-11-22-22-00-00", "latency": 30}, {"date": "2023-11-22-22-00-00", "latency": 30}, {"date": "2023-11-22-22-00-00", "latency": 30}, {"date": "2023-11-22-22-00-00", "latency": 30}, {"date": "2023-11-22-22-00-00", "latency": 30}, {"date": "2023-11-22-22-00-00", "latency": 30}, {"date": "2023-11-22-22-00-00", "latency": 30}, {"date": "2023-11-22-22-00-00", "latency": 30}, {"date": "2023-11-22-22-00-00", "latency": 30}, {"date": "2023-11-22-22-00-00", "latency": 30}, {"date": "2023-11-22-22-00-00", "latency": 30}, {"date": "2023-11-22-22-00-00", "latency": 30}, {"date": "2023-11-22-22-00-00", "latency": 30}, {"date": "2023-11-22-22-00-00", "latency": 30}, {"date": "2023-11-22-22-00-00", "latency": 30}, {"date": "2023-11-22-22-00-00", "latency": 30}, {"date": "2023-11-22-22-00-00", "latency": 30}, {"date": "2023-11-22-22-00-00", "latency": 30}, {"date": "2023-11-22-22-00-00", "latency": 30}, {"date": "2023-11-22-22-00-00", "latency": 30}, {"date": "2023-11-22-22-00-00", "latency": 30}]}, {"location": {"country_code": "us", "region": "Florida", "city": "Tampa"}, "game_id": "762836", "values": [{"date": "2023-11-22-05-00-00", "latency": 62}, {"date": "2023-11-22-05-00-00", "latency": 62}, {"date": "2023-11-22-05-00-00", "latency": 62}, {"date": "2023-11-22-05-00-00", "latency": 62}, {"date": "2023-11-22-05-00-00", "latency": 62}, {"date": "2023-11-22-05-00-00", "latency": 62}, {"date": "2023-11-22-05-00-00", "latency": 62}, {"date": "2023-11-22-05-00-00", "latency": 62}, {"date": "2023-11-22-05-00-00", "latency": 62}, {"date": "2023-11-22-05-00-00", "latency": 62}, {"date": "2023-11-22-05-00-00", "latency": 62}, {"date": "2023-11-22-05-00-00", "latency": 62}, {"date": "2023-11-22-05-00-00", "latency": 62}, {"date": "2023-11-22-05-00-00", "latency": 62}, {"date": "2023-11-22-05-00-00", "latency": 62}, {"date": "2023-11-22-05-00-00", "latency": 62}, {"date": "2023-11-22-05-00-00", "latency": 62}, {"date": "2023-11-22-05-00-00", "latency": 62}]}, {"location": {"country_code": "bg"}, "game_id": "762836", "values": [{"date": "2023-11-22-14-00-00", "latency": 62}, {"date": "2023-11-22-14-00-00", "latency": 62}, {"date": "2023-11-22-14-00-00", "latency": 62}]}, {"location": {"country_code": "it", "region": "Lazio", "city": "Rome"}, "game_id": "762836", "values": [{"date": "2023-11-22-23-00-00", "latency": 47}, {"date": "2023-11-22-23-00-00", "latency": 47}, {"date": "2023-11-22-23-00-00", "latency": 47}, {"date": "2023-11-22-23-00-00", "latency": 47}, {"date": "2023-11-22-23-00-00", "latency": 47}, {"date": "2023-11-22-23-00-00", "latency": 47}, {"date": "2023-11-22-23-00-00", "latency": 47}]}, {"location": {"country_code": "br", "region": "Sao Paulo", "city": "Varzea Paulista"}, "game_id": "762836", "values": [{"date": "2023-11-22-01-00-00", "latency": 58}]}, {"location": {"country_code": "de", "region": "Bavaria", "city": "Munich"}, "game_id": "762836", "values": [{"date": "2023-11-22-17-00-00", "latency": 52}, {"date": "2023-11-22-17-00-00", "latency": 52}, {"date": "2023-11-22-17-00-00", "latency": 52}, {"date": "2023-11-22-17-00-00", "latency": 52}, {"date": "2023-11-22-17-00-00", "latency": 52}, {"date": "2023-11-22-17-00-00", "latency": 52}, {"date": "2023-11-22-17-00-00", "latency": 52}, {"date": "2023-11-22-17-00-00", "latency": 52}, {"date": "2023-11-22-17-00-00", "latency": 52}, {"date": "2023-11-22-17-00-00", "latency": 52}, {"date": "2023-11-22-17-00-00", "latency": 52}]}, {"location": {"country_code": "es", "region": "Andalusia"}, "game_id": "762836", "values": [{"date": "2023-11-22-18-00-00", "latency": 66}]}, {"location": {"country_code": "de", "region": "Free State of Thuringia"}, "game_id": "762836", "values": [{"date": "2023-11-22-07-00-00", "latency": 81}, {"date": "2023-11-22-07-00-00", "latency": 81}, {"date": "2023-11-22-07-00-00", "latency": 81}, {"date": "2023-11-22-07-00-00", "latency": 81}]}, {"location": {"country_code": "dz"}, "game_id": "762836", "values": [{"date": "2023-11-23-01-00-00", "latency": 75}, {"date": "2023-11-23-01-00-00", "latency": 75}, {"date": "2023-11-23-01-00-00", "latency": 75}, {"date": "2023-11-23-01-00-00", "latency": 75}, {"date": "2023-11-23-01-00-00", "latency": 75}, {"date": "2023-11-23-01-00-00", "latency": 75}, {"date": "2023-11-23-01-00-00", "latency": 75}, {"date": "2023-11-23-01-00-00", "latency": 75}, {"date": "2023-11-23-01-00-00", "latency": 75}, {"date": "2023-11-23-01-00-00", "latency": 75}, {"date": "2023-11-23-01-00-00", "latency": 75}, {"date": "2023-11-23-01-00-00", "latency": 75}, {"date": "2023-11-23-01-00-00", "latency": 75}, {"date": "2023-11-23-01-00-00", "latency": 75}, {"date": "2023-11-23-01-00-00", "latency": 75}, {"date": "2023-11-23-01-00-00", "latency": 75}, {"date": "2023-11-23-01-00-00", "latency": 75}, {"date": "2023-11-23-01-00-00", "latency": 75}]}, {"location": {"country_code": "us", "region": "Florida", "city": "West Palm Beach"}, "game_id": "762836", "values": [{"date": "2023-11-22-05-00-00", "latency": 132}, {"date": "2023-11-22-05-00-00", "latency": 132}, {"date": "2023-11-22-05-00-00", "latency": 132}, {"date": "2023-11-22-05-00-00", "latency": 132}]}, {"location": {"country_code": "be", "region": "Brussels Capital", "city": "Brussels"}, "game_id": "762836", "values": [{"date": "2023-11-22-05-00-00", "latency": 33}, {"date": "2023-11-22-05-00-00", "latency": 33}]}, {"location": {"country_code": "dk", "region": "Region South Denmark", "city": "Odense"}, "game_id": "762836", "values": [{"date": "2023-11-22-12-00-00", "latency": 40}]}, {"location": {"country_code": "us", "region": "State of Maine", "city": "Portland"}, "game_id": "762836", "values": [{"date": "2023-11-22-02-00-00", "latency": 84}]}, {"location": {"country_code": "us", "region": "Georgia", "city": "Fitzgerald"}, "game_id": "762836", "values": [{"date": "2023-11-22-19-00-00", "latency": 58}, {"date": "2023-11-22-19-00-00", "latency": 58}]}, {"location": {"country_code": "sa", "region": "Mecca Region", "city": "At Ta'if"}, "game_id": "762836", "values": [{"date": "2023-11-22-20-00-00", "latency": 88}, {"date": "2023-11-22-20-00-00", "latency": 88}, {"date": "2023-11-22-20-00-00", "latency": 88}]}], "last_updated": 1719927598.846049}