{"data": [{"location": {"country_code": "us"}, "game_id": "101342", "values": [{"date": "2024-05-16-01-00-00", "latency": 86}, {"date": "2024-05-16-01-00-00", "latency": 86}, {"date": "2024-05-15-18-00-00", "latency": 78}, {"date": "2024-05-15-18-00-00", "latency": 78}, {"date": "2024-05-15-18-00-00", "latency": 78}, {"date": "2024-05-15-18-00-00", "latency": 78}, {"date": "2024-05-15-18-00-00", "latency": 78}, {"date": "2024-05-15-18-00-00", "latency": 78}, {"date": "2024-05-15-18-00-00", "latency": 78}, {"date": "2024-05-15-18-00-00", "latency": 78}, {"date": "2024-05-15-18-00-00", "latency": 78}, {"date": "2024-05-15-18-00-00", "latency": 78}, {"date": "2024-05-15-18-00-00", "latency": 78}, {"date": "2024-05-15-18-00-00", "latency": 78}, {"date": "2024-05-15-18-00-00", "latency": 78}, {"date": "2024-05-15-18-00-00", "latency": 78}, {"date": "2024-05-15-09-00-00", "latency": 145}, {"date": "2024-05-15-09-00-00", "latency": 145}, {"date": "2024-05-15-09-00-00", "latency": 145}, {"date": "2024-05-15-09-00-00", "latency": 145}, {"date": "2024-05-15-09-00-00", "latency": 145}, {"date": "2024-05-15-09-00-00", "latency": 145}, {"date": "2024-05-15-09-00-00", "latency": 145}, {"date": "2024-05-15-09-00-00", "latency": 145}, {"date": "2024-05-15-03-00-00", "latency": 88}, {"date": "2024-05-15-03-00-00", "latency": 88}, {"date": "2024-05-15-03-00-00", "latency": 88}]}, {"location": {"country_code": "us", "region": "Iowa"}, "game_id": "101342", "values": [{"date": "2024-05-15-05-00-00", "latency": 122}, {"date": "2024-05-15-05-00-00", "latency": 122}]}, {"location": {"country_code": "gb"}, "game_id": "101342", "values": [{"date": "2024-05-15-20-00-00", "latency": 124}, {"date": "2024-05-15-23-00-00", "latency": 77}, {"date": "2024-05-15-23-00-00", "latency": 77}]}, {"location": {"country_code": "it"}, "game_id": "101342", "values": [{"date": "2024-05-16-00-00-00", "latency": 96}, {"date": "2024-05-16-00-00-00", "latency": 96}, {"date": "2024-05-16-00-00-00", "latency": 96}, {"date": "2024-05-16-00-00-00", "latency": 96}, {"date": "2024-05-16-00-00-00", "latency": 96}, {"date": "2024-05-16-00-00-00", "latency": 96}, {"date": "2024-05-16-00-00-00", "latency": 96}, {"date": "2024-05-16-00-00-00", "latency": 96}, {"date": "2024-05-15-15-00-00", "latency": 99}]}, {"location": {"country_code": "ca"}, "game_id": "101342", "values": [{"date": "2024-05-16-02-00-00", "latency": 109}, {"date": "2024-05-16-02-00-00", "latency": 109}, {"date": "2024-05-15-05-00-00", "latency": 113}, {"date": "2024-05-15-05-00-00", "latency": 113}]}, {"location": {"country_code": "ch"}, "game_id": "101342", "values": [{"date": "2024-05-16-00-00-00", "latency": 87}]}, {"location": {"country_code": "de"}, "game_id": "101342", "values": [{"date": "2024-05-16-01-00-00", "latency": 82}, {"date": "2024-05-16-01-00-00", "latency": 82}, {"date": "2024-05-16-01-00-00", "latency": 82}, {"date": "2024-05-16-01-00-00", "latency": 82}, {"date": "2024-05-15-20-00-00", "latency": 96}]}, {"location": {"country_code": "gb", "region": "England"}, "game_id": "101342", "values": [{"date": "2024-05-15-22-00-00", "latency": 502}]}, {"location": {"country_code": "gb", "region": "Scotland"}, "game_id": "101342", "values": [{"date": "2024-05-15-04-00-00", "latency": 150}, {"date": "2024-05-15-04-00-00", "latency": 150}, {"date": "2024-05-15-04-00-00", "latency": 150}, {"date": "2024-05-15-04-00-00", "latency": 150}, {"date": "2024-05-15-04-00-00", "latency": 150}, {"date": "2024-05-15-04-00-00", "latency": 150}, {"date": "2024-05-15-04-00-00", "latency": 150}, {"date": "2024-05-15-04-00-00", "latency": 150}, {"date": "2024-05-15-04-00-00", "latency": 150}, {"date": "2024-05-15-04-00-00", "latency": 150}, {"date": "2024-05-15-04-00-00", "latency": 150}, {"date": "2024-05-15-04-00-00", "latency": 150}, {"date": "2024-05-15-04-00-00", "latency": 150}, {"date": "2024-05-15-04-00-00", "latency": 150}, {"date": "2024-05-15-04-00-00", "latency": 150}, {"date": "2024-05-15-04-00-00", "latency": 150}, {"date": "2024-05-15-04-00-00", "latency": 150}, {"date": "2024-05-15-04-00-00", "latency": 150}, {"date": "2024-05-15-04-00-00", "latency": 150}]}, {"location": {"country_code": "fr"}, "game_id": "101342", "values": [{"date": "2024-05-15-04-00-00", "latency": 81}, {"date": "2024-05-15-04-00-00", "latency": 81}, {"date": "2024-05-15-04-00-00", "latency": 81}, {"date": "2024-05-15-04-00-00", "latency": 81}, {"date": "2024-05-16-01-00-00", "latency": 94}, {"date": "2024-05-16-01-00-00", "latency": 94}, {"date": "2024-05-16-01-00-00", "latency": 94}, {"date": "2024-05-16-01-00-00", "latency": 94}, {"date": "2024-05-16-01-00-00", "latency": 94}, {"date": "2024-05-16-01-00-00", "latency": 94}, {"date": "2024-05-16-01-00-00", "latency": 94}, {"date": "2024-05-16-01-00-00", "latency": 94}]}, {"location": {"country_code": "no", "region": "Oslo"}, "game_id": "101342", "values": [{"date": "2024-05-15-22-00-00", "latency": 68}, {"date": "2024-05-15-22-00-00", "latency": 68}]}, {"location": {"country_code": "au"}, "game_id": "101342", "values": [{"date": "2024-05-15-18-00-00", "latency": 88}, {"date": "2024-05-15-18-00-00", "latency": 88}, {"date": "2024-05-15-16-00-00", "latency": 60}, {"date": "2024-05-15-16-00-00", "latency": 60}]}, {"location": {"country_code": "ca", "region": "Ontario"}, "game_id": "101342", "values": [{"date": "2024-05-16-00-00-00", "latency": 96}, {"date": "2024-05-16-00-00-00", "latency": 96}, {"date": "2024-05-16-00-00-00", "latency": 96}]}, {"location": {"country_code": "es"}, "game_id": "101342", "values": [{"date": "2024-05-15-23-00-00", "latency": 136}, {"date": "2024-05-15-23-00-00", "latency": 136}, {"date": "2024-05-15-23-00-00", "latency": 136}, {"date": "2024-05-15-23-00-00", "latency": 136}, {"date": "2024-05-15-04-00-00", "latency": 86}, {"date": "2024-05-15-04-00-00", "latency": 86}, {"date": "2024-05-15-04-00-00", "latency": 86}]}, {"location": {"country_code": "ar"}, "game_id": "101342", "values": [{"date": "2024-05-15-04-00-00", "latency": 93}, {"date": "2024-05-15-04-00-00", "latency": 93}, {"date": "2024-05-15-04-00-00", "latency": 93}, {"date": "2024-05-15-04-00-00", "latency": 93}]}, {"location": {"country_code": "au", "region": "South Australia", "city": "Adelaide"}, "game_id": "101342", "values": [{"date": "2024-05-15-16-00-00", "latency": 288}, {"date": "2024-05-15-16-00-00", "latency": 288}, {"date": "2024-05-15-16-00-00", "latency": 288}, {"date": "2024-05-15-16-00-00", "latency": 288}, {"date": "2024-05-15-16-00-00", "latency": 288}, {"date": "2024-05-15-16-00-00", "latency": 288}]}, {"location": {"country_code": "us", "region": "Illinois", "city": "Chicago"}, "game_id": "101342", "values": [{"date": "2024-05-15-02-00-00", "latency": 84}, {"date": "2024-05-15-02-00-00", "latency": 84}]}, {"location": {"country_code": "be", "region": "Brussels Capital", "city": "Brussels"}, "game_id": "101342", "values": [{"date": "2024-05-15-21-00-00", "latency": 102}]}, {"location": {"country_code": "us", "region": "North Carolina"}, "game_id": "101342", "values": [{"date": "2024-05-15-16-00-00", "latency": 97}]}, {"location": {"country_code": "py"}, "game_id": "101342", "values": [{"date": "2024-05-15-05-00-00", "latency": 160}, {"date": "2024-05-15-05-00-00", "latency": 160}]}, {"location": {"country_code": "us", "region": "Pennsylvania"}, "game_id": "101342", "values": [{"date": "2024-05-15-05-00-00", "latency": 95}, {"date": "2024-05-15-05-00-00", "latency": 95}, {"date": "2024-05-15-05-00-00", "latency": 95}, {"date": "2024-05-15-05-00-00", "latency": 95}, {"date": "2024-05-15-05-00-00", "latency": 95}]}, {"location": {"country_code": "br", "region": "State of Rio de Janeiro", "city": "Angra dos Reis"}, "game_id": "101342", "values": [{"date": "2024-05-15-13-00-00", "latency": 260}, {"date": "2024-05-15-13-00-00", "latency": 260}]}, {"location": {"country_code": "de", "region": "Bremen", "city": "Bremen"}, "game_id": "101342", "values": [{"date": "2024-05-16-00-00-00", "latency": 178}]}, {"location": {"country_code": "br", "region": "Rio Grande do Sul"}, "game_id": "101342", "values": [{"date": "2024-05-16-01-00-00", "latency": 76}]}, {"location": {"country_code": "us", "region": "Georgia", "city": "Atlanta"}, "game_id": "101342", "values": [{"date": "2024-05-15-21-00-00", "latency": 68}, {"date": "2024-05-15-21-00-00", "latency": 68}, {"date": "2024-05-15-21-00-00", "latency": 68}]}, {"location": {"country_code": "us", "region": "Washington", "city": "Seattle"}, "game_id": "101342", "values": [{"date": "2024-05-15-07-00-00", "latency": 88}, {"date": "2024-05-16-00-00-00", "latency": 110}, {"date": "2024-05-16-00-00-00", "latency": 110}]}, {"location": {"country_code": "us", "region": "California", "city": "Fullerton"}, "game_id": "101342", "values": [{"date": "2024-05-15-08-00-00", "latency": 79}, {"date": "2024-05-15-08-00-00", "latency": 79}, {"date": "2024-05-15-08-00-00", "latency": 79}, {"date": "2024-05-15-08-00-00", "latency": 79}, {"date": "2024-05-15-08-00-00", "latency": 79}, {"date": "2024-05-15-08-00-00", "latency": 79}, {"date": "2024-05-15-08-00-00", "latency": 79}, {"date": "2024-05-15-08-00-00", "latency": 79}, {"date": "2024-05-15-08-00-00", "latency": 79}, {"date": "2024-05-15-08-00-00", "latency": 79}, {"date": "2024-05-15-08-00-00", "latency": 79}, {"date": "2024-05-15-08-00-00", "latency": 79}, {"date": "2024-05-15-08-00-00", "latency": 79}, {"date": "2024-05-15-08-00-00", "latency": 79}, {"date": "2024-05-15-08-00-00", "latency": 79}, {"date": "2024-05-15-08-00-00", "latency": 79}, {"date": "2024-05-15-08-00-00", "latency": 79}, {"date": "2024-05-15-08-00-00", "latency": 79}, {"date": "2024-05-15-08-00-00", "latency": 79}, {"date": "2024-05-15-08-00-00", "latency": 79}, {"date": "2024-05-15-08-00-00", "latency": 79}, {"date": "2024-05-15-08-00-00", "latency": 79}, {"date": "2024-05-15-08-00-00", "latency": 79}, {"date": "2024-05-15-08-00-00", "latency": 79}, {"date": "2024-05-15-08-00-00", "latency": 79}, {"date": "2024-05-15-08-00-00", "latency": 79}, {"date": "2024-05-15-08-00-00", "latency": 79}]}, {"location": {"country_code": "us", "region": "New York", "city": "Cortland"}, "game_id": "101342", "values": [{"date": "2024-05-16-02-00-00", "latency": 158}, {"date": "2024-05-16-02-00-00", "latency": 158}, {"date": "2024-05-16-02-00-00", "latency": 158}, {"date": "2024-05-16-02-00-00", "latency": 158}, {"date": "2024-05-16-02-00-00", "latency": 158}, {"date": "2024-05-16-02-00-00", "latency": 158}, {"date": "2024-05-16-02-00-00", "latency": 158}, {"date": "2024-05-16-02-00-00", "latency": 158}, {"date": "2024-05-16-02-00-00", "latency": 158}, {"date": "2024-05-16-02-00-00", "latency": 158}]}], "last_updated": 1719927604.351978}