{"data": [{"location": {"country_code": "gb"}, "game_id": "742409", "values": [{"date": "2023-09-17-17-00-00", "alternatives": ["59", "59", "53"]}, {"date": "2023-09-17-21-00-00", "alternatives": [64, 64, 64, 4]}, {"date": "2023-09-17-19-00-00", "alternatives": [31, 3, 31, 31, 31]}, {"date": "2023-09-17-19-00-00", "alternatives": [31, 3, 31, 31, 31]}, {"date": "2023-09-17-19-00-00", "alternatives": [31, 3, 31, 31, 31]}, {"date": "2023-09-17-19-00-00", "alternatives": [31, 3, 31, 31, 31]}, {"date": "2023-09-17-19-00-00", "alternatives": [31, 3, 31, 31, 31]}, {"date": "2023-09-17-19-00-00", "alternatives": [31, 3, 31, 31, 31]}, {"date": "2023-09-17-19-00-00", "alternatives": [31, 3, 31, 31, 31]}, {"date": "2023-09-17-21-00-00", "alternatives": ["6", "16", "16"]}, {"date": "2023-09-17-21-00-00", "alternatives": ["6", "16", "16"]}, {"date": "2023-09-17-21-00-00", "alternatives": ["6", "16", "16"]}]}, {"location": {"country_code": "nl"}, "game_id": "742409", "values": [{"date": "2023-09-17-21-00-00", "alternatives": [17, 17, 17, 17]}]}, {"location": {"country_code": "ro"}, "game_id": "742409", "values": [{"date": "2023-09-17-17-00-00", "alternatives": [35, 36, 3, 36, 36, 36]}, {"date": "2023-09-17-17-00-00", "alternatives": [35, 36, 3, 36, 36, 36]}, {"date": "2023-09-17-17-00-00", "alternatives": [43, 47, 47, 47, 47]}, {"date": "2023-09-17-17-00-00", "alternatives": [43, 47, 47, 47, 47]}, {"date": "2023-09-17-17-00-00", "alternatives": [43, 47, 47, 47, 47]}, {"date": "2023-09-17-17-00-00", "alternatives": [43, 47, 47, 47, 47]}, {"date": "2023-09-17-17-00-00", "alternatives": [43, 47, 47, 47, 47]}, {"date": "2023-09-17-17-00-00", "alternatives": [43, 47, 47, 47, 47]}]}, {"location": {"country_code": "jp"}, "game_id": "742409", "values": [{"date": "2023-09-17-16-00-00", "alternatives": [91, 91, 81, 91]}, {"date": "2023-09-17-08-00-00", "alternatives": [100, 1, 100, 100]}]}, {"location": {"country_code": "de"}, "game_id": "742409", "values": [{"date": "2023-09-17-05-00-00", "alternatives": [30, 0, 30, 30]}, {"date": "2023-09-17-05-00-00", "alternatives": [30, 0, 30, 30]}, {"date": "2023-09-17-05-00-00", "alternatives": [30, 0, 30, 30]}, {"date": "2023-09-17-19-00-00", "alternatives": [64, 64, 64, 64]}, {"date": "2023-09-17-19-00-00", "alternatives": [64, 64, 64, 64]}]}, {"location": {"country_code": "tw"}, "game_id": "742409", "values": [{"date": "2023-09-17-18-00-00", "alternatives": [62, 62, 62, 2]}, {"date": "2023-09-17-18-00-00", "alternatives": [62, 62, 62, 2]}, {"date": "2023-09-17-18-00-00", "alternatives": [62, 62, 62, 2]}, {"date": "2023-09-17-18-00-00", "alternatives": [62, 62, 62, 2]}]}, {"location": {"country_code": "fr"}, "game_id": "742409", "values": [{"date": "2023-09-17-18-00-00", "alternatives": [36, 38, 38, 38]}, {"date": "2023-09-17-18-00-00", "alternatives": [36, 38, 38, 38]}, {"date": "2023-09-17-18-00-00", "alternatives": [36, 38, 38, 38]}, {"date": "2023-09-17-18-00-00", "alternatives": [36, 38, 38, 38]}, {"date": "2023-09-17-18-00-00", "alternatives": [36, 38, 38, 38]}, {"date": "2023-09-17-18-00-00", "alternatives": [36, 38, 38, 38]}, {"date": "2023-09-17-18-00-00", "alternatives": [36, 38, 38, 38]}]}, {"location": {"country_code": "us", "region": "California"}, "game_id": "742409", "values": [{"date": "2023-09-17-06-00-00", "alternatives": ["79", "79", "73"]}]}, {"location": {"country_code": "rs"}, "game_id": "742409", "values": [{"date": "2023-09-17-11-00-00", "alternatives": [66, 66, 66]}, {"date": "2023-09-17-11-00-00", "alternatives": [66, 66, 66]}, {"date": "2023-09-17-11-00-00", "alternatives": [66, 66, 66]}, {"date": "2023-09-17-11-00-00", "alternatives": [66, 66, 66]}, {"date": "2023-09-17-11-00-00", "alternatives": [66, 66, 66]}]}, {"location": {"country_code": "au"}, "game_id": "742409", "values": [{"date": "2023-09-17-12-00-00", "alternatives": [42, 142, 142, 142]}]}, {"location": {"country_code": "es", "region": "Madrid", "city": "Parla"}, "game_id": "742409", "values": [{"date": "2023-09-17-19-00-00", "alternatives": [44, 44, 44, 44]}, {"date": "2023-09-17-19-00-00", "alternatives": [44, 44, 44, 44]}, {"date": "2023-09-17-19-00-00", "alternatives": [44, 44, 44, 44]}, {"date": "2023-09-17-19-00-00", "alternatives": [44, 44, 44, 44]}, {"date": "2023-09-17-19-00-00", "alternatives": [44, 44, 44, 44]}, {"date": "2023-09-17-19-00-00", "alternatives": [44, 44, 44, 44]}, {"date": "2023-09-17-19-00-00", "alternatives": [44, 44, 44, 44]}, {"date": "2023-09-17-19-00-00", "alternatives": [44, 44, 44, 44]}, {"date": "2023-09-17-19-00-00", "alternatives": [44, 44, 44, 44]}, {"date": "2023-09-17-19-00-00", "alternatives": [44, 44, 44, 44]}]}, {"location": {"country_code": "es"}, "game_id": "742409", "values": [{"date": "2023-09-17-23-00-00", "alternatives": ["6", "60", "60"]}, {"date": "2023-09-17-23-00-00", "alternatives": ["6", "60", "60"]}, {"date": "2023-09-17-23-00-00", "alternatives": ["6", "60", "60"]}]}, {"location": {"country_code": "pl"}, "game_id": "742409", "values": [{"date": "2023-09-17-19-00-00", "alternatives": [39, 39, 39, 33]}, {"date": "2023-09-17-19-00-00", "alternatives": [39, 39, 39, 33]}]}, {"location": {"country_code": "us", "region": "Georgia"}, "game_id": "742409", "values": [{"date": "2023-09-17-04-00-00", "alternatives": ["57", "57", "5"]}, {"date": "2023-09-17-04-00-00", "alternatives": ["57", "57", "5"]}]}, {"location": {"country_code": "ua"}, "game_id": "742409", "values": [{"date": "2023-09-17-16-00-00", "alternatives": [59, 53, 59, 59, 53]}, {"date": "2023-09-17-16-00-00", "alternatives": [59, 53, 59, 59, 53]}, {"date": "2023-09-17-16-00-00", "alternatives": [59, 53, 59, 59, 53]}, {"date": "2023-09-17-16-00-00", "alternatives": [59, 53, 59, 59, 53]}, {"date": "2023-09-17-16-00-00", "alternatives": [59, 53, 59, 59, 53]}, {"date": "2023-09-17-16-00-00", "alternatives": [59, 53, 59, 59, 53]}, {"date": "2023-09-17-15-00-00", "alternatives": [36, 36, 36, 36]}, {"date": "2023-09-17-15-00-00", "alternatives": [36, 36, 36, 36]}, {"date": "2023-09-17-22-00-00", "alternatives": ["8", "48", "48"]}, {"date": "2023-09-17-08-00-00", "alternatives": ["39", "39", "33"]}]}, {"location": {"country_code": "sg"}, "game_id": "742409", "values": [{"date": "2023-09-17-04-00-00", "alternatives": ["29", "23", "23"]}, {"date": "2023-09-17-04-00-00", "alternatives": ["29", "23", "23"]}, {"date": "2023-09-17-04-00-00", "alternatives": ["29", "23", "23"]}, {"date": "2023-09-17-14-00-00", "alternatives": [27, 27, 27, 27]}, {"date": "2023-09-17-14-00-00", "alternatives": [27, 27, 27, 27]}, {"date": "2023-09-17-14-00-00", "alternatives": [27, 27, 27, 27]}, {"date": "2023-09-17-14-00-00", "alternatives": [27, 27, 27, 27]}, {"date": "2023-09-17-14-00-00", "alternatives": [27, 27, 27, 27]}, {"date": "2023-09-17-14-00-00", "alternatives": [27, 27, 27, 27]}]}, {"location": {"country_code": "se", "region": "Stockholm County", "city": "Stockholm"}, "game_id": "742409", "values": [{"date": "2023-09-18-02-00-00", "alternatives": [57, 5, 57, 57, 57]}]}, {"location": {"country_code": "sk"}, "game_id": "742409", "values": [{"date": "2023-09-17-14-00-00", "alternatives": [45, 45, 0, 45]}]}, {"location": {"country_code": "fr", "region": "Ile-de-France Region"}, "game_id": "742409", "values": [{"date": "2023-09-17-18-00-00", "alternatives": [1, 17, 17, 17]}, {"date": "2023-09-17-18-00-00", "alternatives": [1, 17, 17, 17]}, {"date": "2023-09-17-18-00-00", "alternatives": [1, 17, 17, 17]}, {"date": "2023-09-17-18-00-00", "alternatives": [1, 17, 17, 17]}, {"date": "2023-09-17-18-00-00", "alternatives": [1, 17, 17, 17]}, {"date": "2023-09-17-18-00-00", "alternatives": [1, 17, 17, 17]}, {"date": "2023-09-17-18-00-00", "alternatives": [1, 17, 17, 17]}, {"date": "2023-09-17-18-00-00", "alternatives": [1, 17, 17, 17]}, {"date": "2023-09-17-18-00-00", "alternatives": [1, 17, 17, 17]}, {"date": "2023-09-17-18-00-00", "alternatives": [1, 17, 17, 17]}]}, {"location": {"country_code": "hr"}, "game_id": "742409", "values": [{"date": "2023-09-17-19-00-00", "alternatives": [40, 40, 40, 40]}, {"date": "2023-09-17-19-00-00", "alternatives": [40, 40, 40, 40]}, {"date": "2023-09-17-19-00-00", "alternatives": [40, 40, 40, 40]}, {"date": "2023-09-17-19-00-00", "alternatives": [40, 40, 40, 40]}, {"date": "2023-09-17-19-00-00", "alternatives": [40, 40, 40, 40]}]}, {"location": {"country_code": "ua", "region": "Kharkiv Oblast", "city": "Kharkiv"}, "game_id": "742409", "values": [{"date": "2023-09-17-15-00-00", "alternatives": [32, 32, 32, 32]}, {"date": "2023-09-17-15-00-00", "alternatives": [32, 32, 32, 32]}, {"date": "2023-09-17-15-00-00", "alternatives": [32, 32, 32, 32]}, {"date": "2023-09-17-15-00-00", "alternatives": [32, 32, 32, 32]}, {"date": "2023-09-17-15-00-00", "alternatives": [32, 32, 32, 32]}]}, {"location": {"country_code": "de", "region": "Hesse", "city": "Frankfurt"}, "game_id": "742409", "values": [{"date": "2023-09-17-22-00-00", "alternatives": [26, 26, 26, 26]}, {"date": "2023-09-17-22-00-00", "alternatives": [26, 26, 26, 26]}]}, {"location": {"country_code": "gb", "region": "England", "city": "Salford"}, "game_id": "742409", "values": [{"date": "2023-09-17-22-00-00", "alternatives": [29, 29, 29, 28]}, {"date": "2023-09-17-22-00-00", "alternatives": [29, 29, 29, 28]}]}, {"location": {"country_code": "bg"}, "game_id": "742409", "values": [{"date": "2023-09-17-12-00-00", "alternatives": [44, 44, 44, 44]}, {"date": "2023-09-17-12-00-00", "alternatives": [44, 44, 44, 44]}]}, {"location": {"country_code": "de", "region": "Brandenburg"}, "game_id": "742409", "values": [{"date": "2023-09-17-23-00-00", "alternatives": [2, 42, 42, 42]}, {"date": "2023-09-17-23-00-00", "alternatives": [2, 42, 42, 42]}]}, {"location": {"country_code": "mk"}, "game_id": "742409", "values": [{"date": "2023-09-17-10-00-00", "alternatives": [46, 46, 46, 46]}, {"date": "2023-09-17-10-00-00", "alternatives": [46, 46, 46, 46]}, {"date": "2023-09-17-10-00-00", "alternatives": [46, 46, 46, 46]}, {"date": "2023-09-17-10-00-00", "alternatives": [46, 46, 46, 46]}, {"date": "2023-09-17-10-00-00", "alternatives": [46, 46, 46, 46]}]}, {"location": {"country_code": "rs", "region": "Vojvodina", "city": "Novi Sad"}, "game_id": "742409", "values": [{"date": "2023-09-17-02-00-00", "alternatives": [60, 60, 60, 60]}]}, {"location": {"country_code": "sk", "region": "Bratislava Region", "city": "Bratislava"}, "game_id": "742409", "values": [{"date": "2023-09-17-03-00-00", "alternatives": [46, 46, 46]}, {"date": "2023-09-17-03-00-00", "alternatives": [46, 46, 46]}, {"date": "2023-09-17-03-00-00", "alternatives": [46, 46, 46]}, {"date": "2023-09-17-03-00-00", "alternatives": [46, 46, 46]}, {"date": "2023-09-17-03-00-00", "alternatives": [46, 46, 46]}, {"date": "2023-09-17-03-00-00", "alternatives": [46, 46, 46]}, {"date": "2023-09-17-03-00-00", "alternatives": [46, 46, 46]}, {"date": "2023-09-17-03-00-00", "alternatives": [46, 46, 46]}]}, {"location": {"country_code": "gb", "region": "England", "city": "Westhoughton"}, "game_id": "742409", "values": [{"date": "2023-09-17-17-00-00", "alternatives": [23, 23, 23, 23]}, {"date": "2023-09-17-17-00-00", "alternatives": [23, 23, 23, 23]}, {"date": "2023-09-17-17-00-00", "alternatives": [23, 23, 23, 23]}, {"date": "2023-09-17-17-00-00", "alternatives": [23, 23, 23, 23]}, {"date": "2023-09-17-17-00-00", "alternatives": [23, 23, 23, 23]}, {"date": "2023-09-17-17-00-00", "alternatives": [23, 23, 23, 23]}]}, {"location": {"country_code": "cz", "region": "Ustecky kraj", "city": "Decin"}, "game_id": "742409", "values": [{"date": "2023-09-17-14-00-00", "alternatives": [34, 3, 34, 34]}, {"date": "2023-09-17-14-00-00", "alternatives": [34, 3, 34, 34]}, {"date": "2023-09-17-14-00-00", "alternatives": [34, 3, 34, 34]}, {"date": "2023-09-17-14-00-00", "alternatives": [34, 3, 34, 34]}, {"date": "2023-09-17-14-00-00", "alternatives": [34, 3, 34, 34]}]}, {"location": {"country_code": "gb", "region": "England", "city": "Ryton"}, "game_id": "742409", "values": [{"date": "2023-09-17-16-00-00", "alternatives": [34, 34, 34, 34]}, {"date": "2023-09-17-16-00-00", "alternatives": [34, 34, 34, 34]}, {"date": "2023-09-17-16-00-00", "alternatives": [34, 34, 34, 34]}, {"date": "2023-09-17-16-00-00", "alternatives": [34, 34, 34, 34]}]}], "last_updated": 1719918473.42677}