{"data": [{"location": {"country_code": "gb"}, "game_id": "742409", "values": [{"date": "2023-09-03-20-00-00", "alternatives": [38, 38, 38, 38]}, {"date": "2023-09-03-20-00-00", "alternatives": [38, 38, 38, 38]}, {"date": "2023-09-03-20-00-00", "alternatives": [38, 38, 38, 38]}, {"date": "2023-09-03-20-00-00", "alternatives": [38, 38, 38, 38]}, {"date": "2023-09-03-20-00-00", "alternatives": [38, 38, 38, 38]}, {"date": "2023-09-03-20-00-00", "alternatives": [38, 38, 38, 38]}, {"date": "2023-09-03-17-00-00", "alternatives": [2, 23, 21, 21, 21]}, {"date": "2023-09-03-17-00-00", "alternatives": [2, 23, 21, 21, 21]}, {"date": "2023-09-03-17-00-00", "alternatives": [2, 23, 21, 21, 21]}]}, {"location": {"country_code": "nl"}, "game_id": "742409", "values": [{"date": "2023-09-03-14-00-00", "alternatives": [92, 92, 92, 92]}, {"date": "2023-09-03-14-00-00", "alternatives": [92, 92, 92, 92]}]}, {"location": {"country_code": "cz"}, "game_id": "742409", "values": [{"date": "2023-09-03-17-00-00", "alternatives": [39, 39, 39]}, {"date": "2023-09-03-17-00-00", "alternatives": [39, 39, 39]}, {"date": "2023-09-03-17-00-00", "alternatives": [39, 39, 39]}, {"date": "2023-09-03-17-00-00", "alternatives": [39, 39, 39]}]}, {"location": {"country_code": "it"}, "game_id": "742409", "values": [{"date": "2023-09-03-14-00-00", "alternatives": [38, 38, 38, 38]}, {"date": "2023-09-03-14-00-00", "alternatives": [38, 38, 38, 38]}, {"date": "2023-09-03-14-00-00", "alternatives": [38, 38, 38, 38]}, {"date": "2023-09-03-14-00-00", "alternatives": [38, 38, 38, 38]}, {"date": "2023-09-03-14-00-00", "alternatives": [38, 38, 38, 38]}, {"date": "2023-09-03-14-00-00", "alternatives": [38, 38, 38, 38]}, {"date": "2023-09-03-14-00-00", "alternatives": [38, 38, 38, 38]}, {"date": "2023-09-03-14-00-00", "alternatives": [38, 38, 38, 38]}, {"date": "2023-09-03-14-00-00", "alternatives": [38, 38, 38, 38]}, {"date": "2023-09-03-14-00-00", "alternatives": [38, 38, 38, 38]}]}, {"location": {"country_code": "ro"}, "game_id": "742409", "values": [{"date": "2023-09-03-18-00-00", "alternatives": [41, 4, 41, 41]}, {"date": "2023-09-03-18-00-00", "alternatives": [41, 4, 41, 41]}, {"date": "2023-09-03-18-00-00", "alternatives": [41, 4, 41, 41]}, {"date": "2023-09-03-18-00-00", "alternatives": [41, 4, 41, 41]}, {"date": "2023-09-03-18-00-00", "alternatives": [41, 4, 41, 41]}, {"date": "2023-09-03-18-00-00", "alternatives": [41, 4, 41, 41]}, {"date": "2023-09-03-18-00-00", "alternatives": [41, 4, 41, 41]}, {"date": "2023-09-03-18-00-00", "alternatives": [41, 4, 41, 41]}, {"date": "2023-09-03-18-00-00", "alternatives": [41, 4, 41, 41]}, {"date": "2023-09-03-18-00-00", "alternatives": [41, 4, 41, 41]}, {"date": "2023-09-03-18-00-00", "alternatives": [41, 4, 41, 41]}, {"date": "2023-09-03-13-00-00", "alternatives": [71, 71, 71]}, {"date": "2023-09-03-07-00-00", "alternatives": [44, 44, 44, 44]}, {"date": "2023-09-03-07-00-00", "alternatives": [44, 44, 44, 44]}, {"date": "2023-09-03-07-00-00", "alternatives": [44, 44, 44, 44]}]}, {"location": {"country_code": "jp"}, "game_id": "742409", "values": [{"date": "2023-09-03-10-00-00", "alternatives": [82, 32, 82, 82, 2]}, {"date": "2023-09-03-10-00-00", "alternatives": [82, 32, 82, 82, 2]}, {"date": "2023-09-03-10-00-00", "alternatives": [82, 32, 82, 82, 2]}, {"date": "2023-09-03-09-00-00", "alternatives": [146, 146, 146, 146]}, {"date": "2023-09-03-09-00-00", "alternatives": [146, 146, 146, 146]}, {"date": "2023-09-03-09-00-00", "alternatives": [146, 146, 146, 146]}, {"date": "2023-09-03-09-00-00", "alternatives": [146, 146, 146, 146]}]}, {"location": {"country_code": "ca"}, "game_id": "742409", "values": [{"date": "2023-09-03-03-00-00", "alternatives": [44, 44, 44, 44]}, {"date": "2023-09-03-03-00-00", "alternatives": [44, 44, 44, 44]}, {"date": "2023-09-03-03-00-00", "alternatives": [44, 44, 44, 44]}]}, {"location": {"country_code": "tw"}, "game_id": "742409", "values": [{"date": "2023-09-03-07-00-00", "alternatives": [215, 215, 215, 215]}, {"date": "2023-09-03-07-00-00", "alternatives": [215, 215, 215, 215]}, {"date": "2023-09-03-07-00-00", "alternatives": [215, 215, 215, 215]}, {"date": "2023-09-03-07-00-00", "alternatives": [215, 215, 215, 215]}, {"date": "2023-09-03-07-00-00", "alternatives": [215, 215, 215, 215]}, {"date": "2023-09-03-07-00-00", "alternatives": [215, 215, 215, 215]}, {"date": "2023-09-03-07-00-00", "alternatives": [215, 215, 215, 215]}, {"date": "2023-09-03-07-00-00", "alternatives": [215, 215, 215, 215]}, {"date": "2023-09-03-07-00-00", "alternatives": [215, 215, 215, 215]}, {"date": "2023-09-03-07-00-00", "alternatives": [215, 215, 215, 215]}, {"date": "2023-09-03-07-00-00", "alternatives": [215, 215, 215, 215]}]}, {"location": {"country_code": "us", "region": "Indiana"}, "game_id": "742409", "values": [{"date": "2023-09-03-04-00-00", "alternatives": [37, 37, 37, 37]}, {"date": "2023-09-03-04-00-00", "alternatives": [37, 37, 37, 37]}, {"date": "2023-09-03-04-00-00", "alternatives": [37, 37, 37, 37]}, {"date": "2023-09-03-04-00-00", "alternatives": [37, 37, 37, 37]}, {"date": "2023-09-03-04-00-00", "alternatives": [37, 37, 37, 37]}, {"date": "2023-09-03-04-00-00", "alternatives": [37, 37, 37, 37]}, {"date": "2023-09-03-04-00-00", "alternatives": [37, 37, 37, 37]}, {"date": "2023-09-03-04-00-00", "alternatives": [37, 37, 37, 37]}, {"date": "2023-09-03-04-00-00", "alternatives": [37, 37, 37, 37]}, {"date": "2023-09-03-04-00-00", "alternatives": [37, 37, 37, 37]}, {"date": "2023-09-03-04-00-00", "alternatives": [37, 37, 37, 37]}]}, {"location": {"country_code": "fr"}, "game_id": "742409", "values": [{"date": "2023-09-03-16-00-00", "alternatives": [32, 22, 32, 32]}, {"date": "2023-09-03-16-00-00", "alternatives": [32, 22, 32, 32]}, {"date": "2023-09-03-16-00-00", "alternatives": [32, 22, 32, 32]}, {"date": "2023-09-03-16-00-00", "alternatives": [32, 22, 32, 32]}, {"date": "2023-09-03-16-00-00", "alternatives": [32, 22, 32, 32]}, {"date": "2023-09-03-16-00-00", "alternatives": [32, 22, 32, 32]}, {"date": "2023-09-03-16-00-00", "alternatives": [32, 22, 32, 32]}, {"date": "2023-09-03-16-00-00", "alternatives": [32, 22, 32, 32]}, {"date": "2023-09-03-16-00-00", "alternatives": [32, 22, 32, 32]}, {"date": "2023-09-03-03-00-00", "alternatives": [39, 35, 35, 35]}, {"date": "2023-09-03-03-00-00", "alternatives": [39, 35, 35, 35]}, {"date": "2023-09-03-03-00-00", "alternatives": [39, 35, 35, 35]}, {"date": "2023-09-03-03-00-00", "alternatives": [39, 35, 35, 35]}, {"date": "2023-09-03-03-00-00", "alternatives": [39, 35, 35, 35]}, {"date": "2023-09-03-03-00-00", "alternatives": [39, 35, 35, 35]}, {"date": "2023-09-03-03-00-00", "alternatives": [39, 35, 35, 35]}, {"date": "2023-09-03-03-00-00", "alternatives": [39, 35, 35, 35]}, {"date": "2023-09-03-03-00-00", "alternatives": [39, 35, 35, 35]}, {"date": "2023-09-03-03-00-00", "alternatives": [39, 35, 35, 35]}, {"date": "2023-09-03-03-00-00", "alternatives": [39, 35, 35, 35]}, {"date": "2023-09-03-03-00-00", "alternatives": [39, 35, 35, 35]}, {"date": "2023-09-03-03-00-00", "alternatives": [39, 35, 35, 35]}, {"date": "2023-09-03-03-00-00", "alternatives": [39, 35, 35, 35]}, {"date": "2023-09-03-03-00-00", "alternatives": [39, 35, 35, 35]}, {"date": "2023-09-03-03-00-00", "alternatives": [39, 35, 35, 35]}, {"date": "2023-09-03-03-00-00", "alternatives": [39, 35, 35, 35]}, {"date": "2023-09-03-22-00-00", "alternatives": ["38", "38", "28"]}, {"date": "2023-09-03-21-00-00", "alternatives": ["39", "39", "32"]}, {"date": "2023-09-03-21-00-00", "alternatives": ["39", "39", "32"]}]}, {"location": {"country_code": "se"}, "game_id": "742409", "values": [{"date": "2023-09-03-19-00-00", "alternatives": [34, 34, 34, 34]}, {"date": "2023-09-03-19-00-00", "alternatives": [34, 34, 34, 34]}, {"date": "2023-09-03-19-00-00", "alternatives": [34, 34, 34, 34]}, {"date": "2023-09-03-19-00-00", "alternatives": [34, 34, 34, 34]}, {"date": "2023-09-03-19-00-00", "alternatives": [34, 34, 34, 34]}, {"date": "2023-09-03-19-00-00", "alternatives": [34, 34, 34, 34]}]}, {"location": {"country_code": "es", "region": "Madrid", "city": "Parla"}, "game_id": "742409", "values": [{"date": "2023-09-03-20-00-00", "alternatives": [29, 2, 29, 29]}, {"date": "2023-09-03-20-00-00", "alternatives": [29, 2, 29, 29]}, {"date": "2023-09-03-20-00-00", "alternatives": [29, 2, 29, 29]}, {"date": "2023-09-03-20-00-00", "alternatives": [29, 2, 29, 29]}, {"date": "2023-09-03-20-00-00", "alternatives": [29, 2, 29, 29]}, {"date": "2023-09-03-20-00-00", "alternatives": [29, 2, 29, 29]}, {"date": "2023-09-03-20-00-00", "alternatives": [29, 2, 29, 29]}, {"date": "2023-09-03-20-00-00", "alternatives": [29, 2, 29, 29]}, {"date": "2023-09-03-20-00-00", "alternatives": [29, 2, 29, 29]}, {"date": "2023-09-03-20-00-00", "alternatives": [29, 2, 29, 29]}]}, {"location": {"country_code": "ca", "region": "Ontario"}, "game_id": "742409", "values": [{"date": "2023-09-03-03-00-00", "alternatives": ["7", "7", "47"]}]}, {"location": {"country_code": "de", "region": "Saxony"}, "game_id": "742409", "values": [{"date": "2023-09-03-15-00-00", "alternatives": [30, 30, 30, 30]}, {"date": "2023-09-03-22-00-00", "alternatives": [36, 36, 36, 36]}, {"date": "2023-09-03-22-00-00", "alternatives": [36, 36, 36, 36]}, {"date": "2023-09-03-22-00-00", "alternatives": [36, 36, 36, 36]}, {"date": "2023-09-03-22-00-00", "alternatives": [36, 36, 36, 36]}, {"date": "2023-09-03-22-00-00", "alternatives": [36, 36, 36, 36]}, {"date": "2023-09-03-22-00-00", "alternatives": [36, 36, 36, 36]}, {"date": "2023-09-03-22-00-00", "alternatives": [36, 36, 36, 36]}]}, {"location": {"country_code": "es"}, "game_id": "742409", "values": [{"date": "2023-09-03-23-00-00", "alternatives": [57, 57, 57, 7]}, {"date": "2023-09-03-23-00-00", "alternatives": [57, 57, 57, 7]}, {"date": "2023-09-03-23-00-00", "alternatives": [57, 57, 57, 7]}, {"date": "2023-09-03-23-00-00", "alternatives": [57, 57, 57, 7]}]}, {"location": {"country_code": "us", "region": "Michigan"}, "game_id": "742409", "values": [{"date": "2023-09-03-22-00-00", "alternatives": [94, 94, 94, 84]}, {"date": "2023-09-03-22-00-00", "alternatives": [94, 94, 94, 84]}, {"date": "2023-09-03-22-00-00", "alternatives": [94, 94, 94, 84]}, {"date": "2023-09-03-22-00-00", "alternatives": [94, 94, 94, 84]}, {"date": "2023-09-03-22-00-00", "alternatives": [94, 94, 94, 84]}, {"date": "2023-09-03-22-00-00", "alternatives": [94, 94, 94, 84]}]}, {"location": {"country_code": "de", "region": "Bavaria"}, "game_id": "742409", "values": [{"date": "2023-09-03-16-00-00", "alternatives": [31, 3, 31, 31]}, {"date": "2023-09-03-16-00-00", "alternatives": [31, 3, 31, 31]}]}, {"location": {"country_code": "at"}, "game_id": "742409", "values": [{"date": "2023-09-03-15-00-00", "alternatives": [42, 42, 42, 42]}, {"date": "2023-09-03-15-00-00", "alternatives": [42, 42, 42, 42]}, {"date": "2023-09-03-15-00-00", "alternatives": [42, 42, 42, 42]}]}, {"location": {"country_code": "us", "region": "Utah"}, "game_id": "742409", "values": [{"date": "2023-09-03-07-00-00", "alternatives": [68, 68, 68, 68]}, {"date": "2023-09-03-07-00-00", "alternatives": [68, 68, 68, 68]}, {"date": "2023-09-03-07-00-00", "alternatives": [68, 68, 68, 68]}]}, {"location": {"country_code": "pl"}, "game_id": "742409", "values": [{"date": "2023-09-03-17-00-00", "alternatives": [27, 21, 27, 27]}, {"date": "2023-09-03-17-00-00", "alternatives": [27, 21, 27, 27]}, {"date": "2023-09-03-17-00-00", "alternatives": [27, 21, 27, 27]}]}, {"location": {"country_code": "us", "region": "Georgia"}, "game_id": "742409", "values": [{"date": "2023-09-03-04-00-00", "alternatives": [8, 68, 68, 68]}, {"date": "2023-09-03-04-00-00", "alternatives": [8, 68, 68, 68]}, {"date": "2023-09-03-04-00-00", "alternatives": [8, 68, 68, 68]}, {"date": "2023-09-03-04-00-00", "alternatives": [8, 68, 68, 68]}, {"date": "2023-09-03-04-00-00", "alternatives": [8, 68, 68, 68]}, {"date": "2023-09-03-04-00-00", "alternatives": [8, 68, 68, 68]}, {"date": "2023-09-03-04-00-00", "alternatives": [8, 68, 68, 68]}, {"date": "2023-09-03-04-00-00", "alternatives": [8, 68, 68, 68]}, {"date": "2023-09-03-04-00-00", "alternatives": [8, 68, 68, 68]}]}, {"location": {"country_code": "ua"}, "game_id": "742409", "values": [{"date": "2023-09-03-22-00-00", "alternatives": [1, 10, 10, 10]}, {"date": "2023-09-03-22-00-00", "alternatives": [1, 10, 10, 10]}, {"date": "2023-09-03-22-00-00", "alternatives": [1, 10, 10, 10]}, {"date": "2023-09-03-19-00-00", "alternatives": [53, 3, 53, 53]}, {"date": "2023-09-03-19-00-00", "alternatives": [53, 3, 53, 53]}, {"date": "2023-09-03-19-00-00", "alternatives": [53, 3, 53, 53]}, {"date": "2023-09-03-19-00-00", "alternatives": [53, 3, 53, 53]}, {"date": "2023-09-03-19-00-00", "alternatives": [53, 3, 53, 53]}, {"date": "2023-09-03-02-00-00", "alternatives": [36, 36, 36, 36]}, {"date": "2023-09-03-02-00-00", "alternatives": [36, 36, 36, 36]}, {"date": "2023-09-03-02-00-00", "alternatives": [36, 36, 36, 36]}, {"date": "2023-09-03-02-00-00", "alternatives": [36, 36, 36, 36]}, {"date": "2023-09-03-02-00-00", "alternatives": [36, 36, 36, 36]}, {"date": "2023-09-03-10-00-00", "alternatives": [47, 47, 47, 47]}, {"date": "2023-09-03-10-00-00", "alternatives": [47, 47, 47, 47]}, {"date": "2023-09-03-10-00-00", "alternatives": [47, 47, 47, 47]}, {"date": "2023-09-03-10-00-00", "alternatives": [47, 47, 47, 47]}, {"date": "2023-09-03-10-00-00", "alternatives": [47, 47, 47, 47]}, {"date": "2023-09-03-10-00-00", "alternatives": [47, 47, 47, 47]}, {"date": "2023-09-03-10-00-00", "alternatives": [47, 47, 47, 47]}, {"date": "2023-09-03-10-00-00", "alternatives": [47, 47, 47, 47]}]}, {"location": {"country_code": "sg"}, "game_id": "742409", "values": [{"date": "2023-09-03-16-00-00", "alternatives": ["0", "70", "70"]}]}, {"location": {"country_code": "se", "region": "Stockholm County", "city": "Stockholm"}, "game_id": "742409", "values": [{"date": "2023-09-04-01-00-00", "alternatives": [64, 64, 64, 64]}, {"date": "2023-09-04-01-00-00", "alternatives": [64, 64, 64, 64]}, {"date": "2023-09-04-01-00-00", "alternatives": [64, 64, 64, 64]}, {"date": "2023-09-04-01-00-00", "alternatives": [64, 64, 64, 64]}, {"date": "2023-09-04-01-00-00", "alternatives": [64, 64, 64, 64]}, {"date": "2023-09-04-01-00-00", "alternatives": [64, 64, 64, 64]}]}, {"location": {"country_code": "fr", "region": "Ile-de-France Region"}, "game_id": "742409", "values": [{"date": "2023-09-03-22-00-00", "alternatives": [17, 1, 17, 17]}, {"date": "2023-09-03-22-00-00", "alternatives": [17, 1, 17, 17]}, {"date": "2023-09-03-22-00-00", "alternatives": [17, 1, 17, 17]}, {"date": "2023-09-03-22-00-00", "alternatives": [17, 1, 17, 17]}, {"date": "2023-09-03-22-00-00", "alternatives": [17, 1, 17, 17]}, {"date": "2023-09-03-22-00-00", "alternatives": [17, 1, 17, 17]}]}, {"location": {"country_code": "hr"}, "game_id": "742409", "values": [{"date": "2023-09-03-03-00-00", "alternatives": [46, 46, 46]}, {"date": "2023-09-03-03-00-00", "alternatives": [46, 46, 46]}, {"date": "2023-09-03-03-00-00", "alternatives": [46, 46, 46]}, {"date": "2023-09-03-03-00-00", "alternatives": [46, 46, 46]}, {"date": "2023-09-03-03-00-00", "alternatives": [46, 46, 46]}, {"date": "2023-09-03-03-00-00", "alternatives": [46, 46, 46]}, {"date": "2023-09-03-03-00-00", "alternatives": [46, 46, 46]}, {"date": "2023-09-03-03-00-00", "alternatives": [46, 46, 46]}, {"date": "2023-09-03-03-00-00", "alternatives": [46, 46, 46]}, {"date": "2023-09-03-03-00-00", "alternatives": [46, 46, 46]}]}, {"location": {"country_code": "de", "region": "Brandenburg"}, "game_id": "742409", "values": [{"date": "2023-09-03-21-00-00", "alternatives": [40, 46, 40, 40, 40]}, {"date": "2023-09-03-21-00-00", "alternatives": [40, 46, 40, 40, 40]}, {"date": "2023-09-03-21-00-00", "alternatives": [40, 46, 40, 40, 40]}, {"date": "2023-09-03-21-00-00", "alternatives": [40, 46, 40, 40, 40]}, {"date": "2023-09-03-21-00-00", "alternatives": [40, 46, 40, 40, 40]}, {"date": "2023-09-03-21-00-00", "alternatives": [40, 46, 40, 40, 40]}, {"date": "2023-09-03-21-00-00", "alternatives": [40, 46, 40, 40, 40]}, {"date": "2023-09-03-21-00-00", "alternatives": [40, 46, 40, 40, 40]}, {"date": "2023-09-03-21-00-00", "alternatives": [40, 46, 40, 40, 40]}]}, {"location": {"country_code": "dj"}, "game_id": "742409", "values": [{"date": "2023-09-03-15-00-00", "alternatives": [29, 29, 29]}, {"date": "2023-09-03-15-00-00", "alternatives": [29, 29, 29]}, {"date": "2023-09-03-15-00-00", "alternatives": [29, 29, 29]}, {"date": "2023-09-03-15-00-00", "alternatives": [29, 29, 29]}, {"date": "2023-09-03-15-00-00", "alternatives": [29, 29, 29]}, {"date": "2023-09-03-15-00-00", "alternatives": [29, 29, 29]}, {"date": "2023-09-03-15-00-00", "alternatives": [29, 29, 29]}, {"date": "2023-09-03-15-00-00", "alternatives": [29, 29, 29]}, {"date": "2023-09-03-15-00-00", "alternatives": [29, 29, 29]}, {"date": "2023-09-03-15-00-00", "alternatives": [29, 29, 29]}, {"date": "2023-09-03-15-00-00", "alternatives": [29, 29, 29]}]}, {"location": {"country_code": "us", "region": "Virginia", "city": "Richmond"}, "game_id": "742409", "values": [{"date": "2023-09-03-20-00-00", "alternatives": [88, 8, 88, 88]}, {"date": "2023-09-03-20-00-00", "alternatives": [88, 8, 88, 88]}, {"date": "2023-09-03-20-00-00", "alternatives": [88, 8, 88, 88]}, {"date": "2023-09-03-20-00-00", "alternatives": [88, 8, 88, 88]}, {"date": "2023-09-03-20-00-00", "alternatives": [88, 8, 88, 88]}]}, {"location": {"country_code": "ee"}, "game_id": "742409", "values": [{"date": "2023-09-03-19-00-00", "alternatives": [85, 85, 85]}, {"date": "2023-09-03-19-00-00", "alternatives": [85, 85, 85]}, {"date": "2023-09-03-19-00-00", "alternatives": [85, 85, 85]}, {"date": "2023-09-03-21-00-00", "alternatives": [40, 40, 40, 40]}]}, {"location": {"country_code": "de", "region": "Schleswig-Holstein"}, "game_id": "742409", "values": [{"date": "2023-09-03-08-00-00", "alternatives": [28, 28, 28, 28]}]}, {"location": {"country_code": "rs", "region": "Vojvodina", "city": "Novi Sad"}, "game_id": "742409", "values": [{"date": "2023-09-03-02-00-00", "alternatives": [45, 45, 45, 45]}, {"date": "2023-09-03-02-00-00", "alternatives": [45, 45, 45, 45]}]}, {"location": {"country_code": "cz", "region": "Ustecky kraj", "city": "Decin"}, "game_id": "742409", "values": [{"date": "2023-09-03-16-00-00", "alternatives": [4, 44, 44, 44, 44]}, {"date": "2023-09-03-16-00-00", "alternatives": [4, 44, 44, 44, 44]}, {"date": "2023-09-03-16-00-00", "alternatives": [4, 44, 44, 44, 44]}]}, {"location": {"country_code": "gb", "region": "England", "city": "Ryton"}, "game_id": "742409", "values": [{"date": "2023-09-03-17-00-00", "alternatives": [6, 46, 46, 46]}, {"date": "2023-09-03-17-00-00", "alternatives": [6, 46, 46, 46]}, {"date": "2023-09-03-17-00-00", "alternatives": [6, 46, 46, 46]}, {"date": "2023-09-03-17-00-00", "alternatives": [6, 46, 46, 46]}]}, {"location": {"country_code": "tr", "region": "Marmara Bolgesi", "city": "Tuzla"}, "game_id": "742409", "values": [{"date": "2023-09-03-17-00-00", "alternatives": [77, 1, 77, 77]}]}], "last_updated": 1719918473.615068}