{"data": [{"location": {"country_code": "us"}, "game_id": "742409", "values": [{"date": "2023-06-08-01-00-00", "latency": 40}, {"date": "2023-06-08-01-00-00", "latency": 40}, {"date": "2023-06-08-01-00-00", "latency": 40}, {"date": "2023-06-08-02-00-00", "latency": 69}, {"date": "2023-06-08-02-00-00", "latency": 69}, {"date": "2023-06-08-02-00-00", "latency": 69}, {"date": "2023-06-08-02-00-00", "latency": 69}, {"date": "2023-06-08-02-00-00", "latency": 69}, {"date": "2023-06-08-02-00-00", "latency": 69}, {"date": "2023-06-08-02-00-00", "latency": 69}, {"date": "2023-06-08-02-00-00", "latency": 69}, {"date": "2023-06-08-02-00-00", "latency": 69}, {"date": "2023-06-08-02-00-00", "latency": 69}]}, {"location": {"country_code": "nl"}, "game_id": "742409", "values": [{"date": "2023-06-08-01-00-00", "latency": 26}, {"date": "2023-06-08-01-00-00", "latency": 26}, {"date": "2023-06-08-01-00-00", "latency": 26}, {"date": "2023-06-08-01-00-00", "latency": 26}, {"date": "2023-06-08-01-00-00", "latency": 26}, {"date": "2023-06-08-01-00-00", "latency": 26}, {"date": "2023-06-08-01-00-00", "latency": 26}, {"date": "2023-06-08-01-00-00", "latency": 26}]}, {"location": {"country_code": "ro"}, "game_id": "742409", "values": [{"date": "2023-06-07-23-00-00", "latency": 42}, {"date": "2023-06-07-23-00-00", "latency": 42}]}, {"location": {"country_code": "fr"}, "game_id": "742409", "values": [{"date": "2023-06-08-01-00-00", "latency": 19}, {"date": "2023-06-08-01-00-00", "latency": 19}, {"date": "2023-06-08-01-00-00", "latency": 19}]}, {"location": {"country_code": "rs"}, "game_id": "742409", "values": [{"date": "2023-06-08-00-00-00", "latency": 44}, {"date": "2023-06-08-00-00-00", "latency": 44}, {"date": "2023-06-08-00-00-00", "latency": 44}, {"date": "2023-06-08-00-00-00", "latency": 44}, {"date": "2023-06-08-00-00-00", "latency": 44}, {"date": "2023-06-08-00-00-00", "latency": 44}, {"date": "2023-06-08-00-00-00", "latency": 44}, {"date": "2023-06-08-00-00-00", "latency": 44}, {"date": "2023-06-08-00-00-00", "latency": 44}]}, {"location": {"country_code": "se"}, "game_id": "742409", "values": [{"date": "2023-06-08-01-00-00", "latency": 31}, {"date": "2023-06-08-01-00-00", "latency": 31}, {"date": "2023-06-08-01-00-00", "latency": 31}, {"date": "2023-06-08-01-00-00", "latency": 31}, {"date": "2023-06-08-01-00-00", "latency": 31}, {"date": "2023-06-08-01-00-00", "latency": 31}, {"date": "2023-06-08-01-00-00", "latency": 31}, {"date": "2023-06-08-01-00-00", "latency": 31}, {"date": "2023-06-08-01-00-00", "latency": 31}, {"date": "2023-06-08-01-00-00", "latency": 31}, {"date": "2023-06-08-01-00-00", "latency": 31}, {"date": "2023-06-08-01-00-00", "latency": 31}, {"date": "2023-06-08-01-00-00", "latency": 31}, {"date": "2023-06-08-01-00-00", "latency": 31}, {"date": "2023-06-08-01-00-00", "latency": 31}, {"date": "2023-06-08-01-00-00", "latency": 31}, {"date": "2023-06-08-01-00-00", "latency": 31}, {"date": "2023-06-08-01-00-00", "latency": 31}]}, {"location": {"country_code": "es", "region": "Madrid", "city": "Parla"}, "game_id": "742409", "values": [{"date": "2023-06-07-23-00-00", "latency": 24}, {"date": "2023-06-07-23-00-00", "latency": 24}, {"date": "2023-06-07-23-00-00", "latency": 24}]}, {"location": {"country_code": "de", "region": "Saxony"}, "game_id": "742409", "values": [{"date": "2023-06-08-02-00-00", "latency": 42}, {"date": "2023-06-08-02-00-00", "latency": 42}, {"date": "2023-06-08-02-00-00", "latency": 42}, {"date": "2023-06-08-02-00-00", "latency": 42}]}, {"location": {"country_code": "es"}, "game_id": "742409", "values": [{"date": "2023-06-08-01-00-00", "latency": 49}, {"date": "2023-06-08-01-00-00", "latency": 49}, {"date": "2023-06-08-01-00-00", "latency": 49}, {"date": "2023-06-08-01-00-00", "latency": 49}, {"date": "2023-06-08-01-00-00", "latency": 49}, {"date": "2023-06-08-01-00-00", "latency": 49}, {"date": "2023-06-08-01-00-00", "latency": 49}, {"date": "2023-06-08-01-00-00", "latency": 49}]}, {"location": {"country_code": "fi"}, "game_id": "742409", "values": [{"date": "2023-06-07-23-00-00", "latency": 90}, {"date": "2023-06-07-23-00-00", "latency": 90}, {"date": "2023-06-07-23-00-00", "latency": 90}, {"date": "2023-06-07-23-00-00", "latency": 90}]}, {"location": {"country_code": "at"}, "game_id": "742409", "values": [{"date": "2023-06-07-23-00-00", "latency": 43}, {"date": "2023-06-07-23-00-00", "latency": 43}]}, {"location": {"country_code": "pl"}, "game_id": "742409", "values": [{"date": "2023-06-08-00-00-00", "latency": 42}, {"date": "2023-06-08-00-00-00", "latency": 42}, {"date": "2023-06-08-00-00-00", "latency": 42}, {"date": "2023-06-08-00-00-00", "latency": 42}, {"date": "2023-06-08-00-00-00", "latency": 42}, {"date": "2023-06-08-00-00-00", "latency": 42}, {"date": "2023-06-08-00-00-00", "latency": 42}, {"date": "2023-06-08-00-00-00", "latency": 42}, {"date": "2023-06-08-00-00-00", "latency": 42}, {"date": "2023-06-08-00-00-00", "latency": 42}, {"date": "2023-06-08-00-00-00", "latency": 42}, {"date": "2023-06-08-00-00-00", "latency": 42}, {"date": "2023-06-08-00-00-00", "latency": 42}, {"date": "2023-06-08-00-00-00", "latency": 42}, {"date": "2023-06-08-00-00-00", "latency": 42}, {"date": "2023-06-08-01-00-00", "latency": 82}, {"date": "2023-06-08-01-00-00", "latency": 82}, {"date": "2023-06-08-01-00-00", "latency": 82}, {"date": "2023-06-08-01-00-00", "latency": 82}, {"date": "2023-06-08-01-00-00", "latency": 82}, {"date": "2023-06-08-01-00-00", "latency": 82}, {"date": "2023-06-08-01-00-00", "latency": 82}, {"date": "2023-06-08-01-00-00", "latency": 82}, {"date": "2023-06-08-01-00-00", "latency": 82}, {"date": "2023-06-08-01-00-00", "latency": 82}, {"date": "2023-06-08-01-00-00", "latency": 82}, {"date": "2023-06-08-01-00-00", "latency": 82}, {"date": "2023-06-08-01-00-00", "latency": 82}, {"date": "2023-06-08-01-00-00", "latency": 82}]}, {"location": {"country_code": "us", "region": "Nevada", "city": "Las Vegas"}, "game_id": "742409", "values": [{"date": "2023-06-08-02-00-00", "latency": 61}, {"date": "2023-06-08-02-00-00", "latency": 61}, {"date": "2023-06-08-02-00-00", "latency": 61}, {"date": "2023-06-08-02-00-00", "latency": 61}]}, {"location": {"country_code": "hr"}, "game_id": "742409", "values": [{"date": "2023-06-08-00-00-00", "latency": 30}, {"date": "2023-06-08-00-00-00", "latency": 30}, {"date": "2023-06-08-00-00-00", "latency": 30}, {"date": "2023-06-08-00-00-00", "latency": 30}]}, {"location": {"country_code": "de", "region": "North Rhine-Westphalia", "city": "Cologne"}, "game_id": "742409", "values": [{"date": "2023-06-08-00-00-00", "latency": 28}, {"date": "2023-06-08-00-00-00", "latency": 28}, {"date": "2023-06-08-00-00-00", "latency": 28}, {"date": "2023-06-08-00-00-00", "latency": 28}, {"date": "2023-06-08-00-00-00", "latency": 28}, {"date": "2023-06-08-00-00-00", "latency": 28}, {"date": "2023-06-08-00-00-00", "latency": 28}, {"date": "2023-06-08-00-00-00", "latency": 28}, {"date": "2023-06-08-00-00-00", "latency": 28}, {"date": "2023-06-08-00-00-00", "latency": 28}, {"date": "2023-06-08-00-00-00", "latency": 28}]}, {"location": {"country_code": "de", "region": "Baden-Wurttemberg", "city": "Stuttgart"}, "game_id": "742409", "values": [{"date": "2023-06-07-23-00-00", "latency": 23}, {"date": "2023-06-07-23-00-00", "latency": 23}, {"date": "2023-06-07-23-00-00", "latency": 23}]}, {"location": {"country_code": "mt"}, "game_id": "742409", "values": [{"date": "2023-06-07-23-00-00", "latency": 62}, {"date": "2023-06-07-23-00-00", "latency": 62}, {"date": "2023-06-07-23-00-00", "latency": 62}, {"date": "2023-06-07-23-00-00", "latency": 62}, {"date": "2023-06-07-23-00-00", "latency": 62}]}, {"location": {"country_code": "rs", "region": "Vojvodina", "city": "Novi Sad"}, "game_id": "742409", "values": [{"date": "2023-06-08-02-00-00", "latency": 70}, {"date": "2023-06-08-02-00-00", "latency": 70}, {"date": "2023-06-08-02-00-00", "latency": 70}, {"date": "2023-06-08-02-00-00", "latency": 70}, {"date": "2023-06-08-02-00-00", "latency": 70}, {"date": "2023-06-08-02-00-00", "latency": 70}, {"date": "2023-06-08-02-00-00", "latency": 70}, {"date": "2023-06-08-02-00-00", "latency": 70}, {"date": "2023-06-08-02-00-00", "latency": 70}, {"date": "2023-06-08-02-00-00", "latency": 70}, {"date": "2023-06-08-02-00-00", "latency": 70}, {"date": "2023-06-08-02-00-00", "latency": 70}, {"date": "2023-06-08-02-00-00", "latency": 70}]}, {"location": {"country_code": "de", "region": "Saxony-Anhalt", "city": "Halle (Saale)"}, "game_id": "742409", "values": [{"date": "2023-06-08-00-00-00", "latency": 45}, {"date": "2023-06-08-00-00-00", "latency": 45}, {"date": "2023-06-08-00-00-00", "latency": 45}, {"date": "2023-06-08-00-00-00", "latency": 45}, {"date": "2023-06-08-00-00-00", "latency": 45}, {"date": "2023-06-08-00-00-00", "latency": 45}, {"date": "2023-06-08-00-00-00", "latency": 45}, {"date": "2023-06-08-00-00-00", "latency": 45}]}], "last_updated": 1719926532.051169}