{"data": [{"location": {"country_code": "es", "region": "Canary Islands", "city": "Santa Cruz de Tenerife"}, "game_id": "319965", "values": [{"date": "2021-11-14-04-00-00", "latency": "72"}, {"date": "2021-11-14-04-00-00", "latency": "72"}, {"date": "2021-11-14-04-00-00", "latency": "72"}, {"date": "2021-11-14-04-00-00", "latency": "72"}, {"date": "2021-11-14-04-00-00", "latency": "72"}, {"date": "2021-11-14-04-00-00", "latency": "72"}, {"date": "2021-11-14-04-00-00", "latency": "72"}, {"date": "2021-11-14-04-00-00", "latency": "72"}]}, {"location": {"country_code": "us"}, "game_id": "319965", "values": [{"date": "2021-11-14-08-00-00", "latency": "51"}, {"date": "2021-11-14-08-00-00", "latency": "51"}, {"date": "2021-11-14-08-00-00", "latency": "51"}, {"date": "2021-11-14-08-00-00", "latency": "51"}, {"date": "2021-11-14-08-00-00", "latency": "51"}, {"date": "2021-11-14-08-00-00", "latency": "51"}, {"date": "2021-11-14-08-00-00", "latency": "51"}, {"date": "2021-11-14-08-00-00", "latency": "51"}, {"date": "2021-11-14-22-00-00", "latency": "63"}, {"date": "2021-11-14-22-00-00", "latency": "63"}, {"date": "2021-11-14-06-00-00", "latency": "50"}, {"date": "2021-11-14-06-00-00", "latency": "50"}, {"date": "2021-11-14-06-00-00", "latency": "50"}, {"date": "2021-11-14-06-00-00", "latency": "50"}, {"date": "2021-11-14-22-00-00", "latency": "69"}, {"date": "2021-11-14-22-00-00", "latency": "69"}, {"date": "2021-11-14-22-00-00", "latency": "69"}, {"date": "2021-11-14-22-00-00", "latency": "69"}, {"date": "2021-11-14-22-00-00", "latency": "69"}, {"date": "2021-11-14-23-00-00", "latency": "50"}, {"date": "2021-11-14-23-00-00", "latency": "50"}, {"date": "2021-11-14-23-00-00", "latency": "50"}, {"date": "2021-11-14-23-00-00", "latency": "50"}, {"date": "2021-11-14-23-00-00", "latency": "50"}, {"date": "2021-11-14-23-00-00", "latency": "50"}, {"date": "2021-11-14-09-00-00", "latency": "50"}, {"date": "2021-11-14-09-00-00", "latency": "50"}, {"date": "2021-11-14-09-00-00", "latency": "50"}, {"date": "2021-11-14-09-00-00", "latency": "50"}, {"date": "2021-11-14-09-00-00", "latency": "50"}, {"date": "2021-11-14-09-00-00", "latency": "50"}, {"date": "2021-11-14-09-00-00", "latency": "50"}, {"date": "2021-11-14-09-00-00", "latency": "50"}, {"date": "2021-11-14-09-00-00", "latency": "50"}, {"date": "2021-11-14-09-00-00", "latency": "50"}, {"date": "2021-11-14-09-00-00", "latency": "50"}, {"date": "2021-11-14-09-00-00", "latency": "50"}, {"date": "2021-11-14-09-00-00", "latency": "50"}, {"date": "2021-11-14-09-00-00", "latency": "50"}, {"date": "2021-11-14-09-00-00", "latency": "50"}, {"date": "2021-11-14-09-00-00", "latency": "50"}, {"date": "2021-11-14-09-00-00", "latency": "50"}, {"date": "2021-11-14-09-00-00", "latency": "50"}, {"date": "2021-11-14-09-00-00", "latency": "50"}, {"date": "2021-11-14-09-00-00", "latency": "50"}, {"date": "2021-11-14-09-00-00", "latency": "50"}, {"date": "2021-11-14-09-00-00", "latency": "50"}, {"date": "2021-11-14-09-00-00", "latency": "50"}]}, {"location": {"country_code": "us", "region": "Florida"}, "game_id": "319965", "values": [{"date": "2021-11-14-20-00-00", "latency": "68"}, {"date": "2021-11-14-20-00-00", "latency": "68"}, {"date": "2021-11-14-20-00-00", "latency": "68"}, {"date": "2021-11-14-20-00-00", "latency": "68"}, {"date": "2021-11-14-20-00-00", "latency": "68"}, {"date": "2021-11-14-20-00-00", "latency": "68"}, {"date": "2021-11-14-20-00-00", "latency": "68"}, {"date": "2021-11-14-20-00-00", "latency": "68"}, {"date": "2021-11-14-20-00-00", "latency": "68"}, {"date": "2021-11-14-20-00-00", "latency": "68"}, {"date": "2021-11-14-20-00-00", "latency": "68"}, {"date": "2021-11-14-20-00-00", "latency": "68"}, {"date": "2021-11-14-20-00-00", "latency": "68"}, {"date": "2021-11-14-20-00-00", "latency": "68"}, {"date": "2021-11-14-20-00-00", "latency": "68"}, {"date": "2021-11-14-20-00-00", "latency": "68"}, {"date": "2021-11-14-20-00-00", "latency": "68"}, {"date": "2021-11-14-20-00-00", "latency": "68"}, {"date": "2021-11-14-20-00-00", "latency": "68"}, {"date": "2021-11-14-20-00-00", "latency": "68"}, {"date": "2021-11-14-20-00-00", "latency": "68"}, {"date": "2021-11-14-20-00-00", "latency": "68"}, {"date": "2021-11-14-20-00-00", "latency": "68"}, {"date": "2021-11-14-20-00-00", "latency": "68"}, {"date": "2021-11-14-20-00-00", "latency": "68"}, {"date": "2021-11-14-20-00-00", "latency": "68"}, {"date": "2021-11-14-20-00-00", "latency": "68"}, {"date": "2021-11-14-20-00-00", "latency": "68"}, {"date": "2021-11-14-20-00-00", "latency": "68"}, {"date": "2021-11-14-20-00-00", "latency": "68"}, {"date": "2021-11-14-20-00-00", "latency": "68"}, {"date": "2021-11-14-20-00-00", "latency": "68"}, {"date": "2021-11-14-20-00-00", "latency": "68"}, {"date": "2021-11-14-20-00-00", "latency": "68"}, {"date": "2021-11-14-20-00-00", "latency": "68"}, {"date": "2021-11-14-20-00-00", "latency": "68"}, {"date": "2021-11-14-20-00-00", "latency": "68"}, {"date": "2021-11-14-20-00-00", "latency": "68"}, {"date": "2021-11-14-20-00-00", "latency": "68"}, {"date": "2021-11-14-20-00-00", "latency": "68"}, {"date": "2021-11-14-20-00-00", "latency": "68"}, {"date": "2021-11-14-20-00-00", "latency": "68"}, {"date": "2021-11-14-20-00-00", "latency": "68"}, {"date": "2021-11-14-20-00-00", "latency": "68"}, {"date": "2021-11-14-08-00-00", "latency": "53"}, {"date": "2021-11-14-08-00-00", "latency": "53"}, {"date": "2021-11-14-08-00-00", "latency": "53"}, {"date": "2021-11-14-08-00-00", "latency": "53"}]}, {"location": {"country_code": "de", "region": "Berlin", "city": "Berlin"}, "game_id": "319965", "values": [{"date": "2021-11-14-23-00-00", "latency": "50"}, {"date": "2021-11-15-01-00-00", "latency": "168"}, {"date": "2021-11-15-01-00-00", "latency": "168"}, {"date": "2021-11-15-01-00-00", "latency": "168"}, {"date": "2021-11-15-01-00-00", "latency": "168"}, {"date": "2021-11-15-01-00-00", "latency": "168"}, {"date": "2021-11-15-01-00-00", "latency": "168"}, {"date": "2021-11-15-01-00-00", "latency": "168"}, {"date": "2021-11-15-01-00-00", "latency": "168"}, {"date": "2021-11-15-01-00-00", "latency": "168"}, {"date": "2021-11-15-01-00-00", "latency": "168"}, {"date": "2021-11-15-01-00-00", "latency": "168"}, {"date": "2021-11-15-01-00-00", "latency": "168"}]}, {"location": {"country_code": "us", "region": "New York", "city": "Jamestown"}, "game_id": "319965", "values": [{"date": "2021-11-14-07-00-00", "latency": "50"}, {"date": "2021-11-14-07-00-00", "latency": "50"}, {"date": "2021-11-14-07-00-00", "latency": "50"}, {"date": "2021-11-14-07-00-00", "latency": "50"}, {"date": "2021-11-14-07-00-00", "latency": "50"}, {"date": "2021-11-14-07-00-00", "latency": "50"}, {"date": "2021-11-14-07-00-00", "latency": "50"}, {"date": "2021-11-14-07-00-00", "latency": "50"}, {"date": "2021-11-14-07-00-00", "latency": "50"}, {"date": "2021-11-14-05-00-00", "latency": "50"}, {"date": "2021-11-14-05-00-00", "latency": "50"}, {"date": "2021-11-15-00-00-00", "latency": "54"}, {"date": "2021-11-15-00-00-00", "latency": "54"}, {"date": "2021-11-15-00-00-00", "latency": "54"}, {"date": "2021-11-15-00-00-00", "latency": "54"}, {"date": "2021-11-15-00-00-00", "latency": "54"}, {"date": "2021-11-15-00-00-00", "latency": "54"}, {"date": "2021-11-15-00-00-00", "latency": "54"}]}, {"location": {"country_code": "gb"}, "game_id": "319965", "values": [{"date": "2021-11-15-01-00-00", "latency": "165"}, {"date": "2021-11-15-01-00-00", "latency": "165"}, {"date": "2021-11-15-01-00-00", "latency": "165"}, {"date": "2021-11-15-01-00-00", "latency": "165"}, {"date": "2021-11-14-21-00-00", "latency": "50"}, {"date": "2021-11-14-21-00-00", "latency": "50"}, {"date": "2021-11-14-21-00-00", "latency": "50"}, {"date": "2021-11-14-21-00-00", "latency": "50"}]}, {"location": {"country_code": "nl"}, "game_id": "319965", "values": [{"date": "2021-11-14-17-00-00", "latency": "50"}, {"date": "2021-11-14-17-00-00", "latency": "50"}, {"date": "2021-11-14-17-00-00", "latency": "50"}, {"date": "2021-11-14-17-00-00", "latency": "50"}, {"date": "2021-11-14-17-00-00", "latency": "50"}, {"date": "2021-11-14-17-00-00", "latency": "50"}, {"date": "2021-11-14-17-00-00", "latency": "50"}, {"date": "2021-11-14-17-00-00", "latency": "50"}, {"date": "2021-11-14-17-00-00", "latency": "50"}, {"date": "2021-11-14-17-00-00", "latency": "50"}]}, {"location": {"country_code": "cz"}, "game_id": "319965", "values": [{"date": "2021-11-14-22-00-00", "latency": "50"}, {"date": "2021-11-14-22-00-00", "latency": "50"}, {"date": "2021-11-14-22-00-00", "latency": "50"}, {"date": "2021-11-14-22-00-00", "latency": "50"}, {"date": "2021-11-14-22-00-00", "latency": "50"}, {"date": "2021-11-14-22-00-00", "latency": "50"}, {"date": "2021-11-14-22-00-00", "latency": "50"}, {"date": "2021-11-14-22-00-00", "latency": "50"}]}, {"location": {"country_code": "jp"}, "game_id": "319965", "values": [{"date": "2021-11-14-16-00-00", "latency": "85"}, {"date": "2021-11-14-16-00-00", "latency": "85"}, {"date": "2021-11-14-16-00-00", "latency": "85"}, {"date": "2021-11-14-16-00-00", "latency": "85"}, {"date": "2021-11-14-16-00-00", "latency": "85"}, {"date": "2021-11-14-16-00-00", "latency": "85"}, {"date": "2021-11-14-16-00-00", "latency": "85"}, {"date": "2021-11-14-16-00-00", "latency": "85"}, {"date": "2021-11-14-16-00-00", "latency": "85"}, {"date": "2021-11-14-16-00-00", "latency": "85"}, {"date": "2021-11-14-16-00-00", "latency": "85"}, {"date": "2021-11-14-16-00-00", "latency": "85"}, {"date": "2021-11-14-16-00-00", "latency": "85"}, {"date": "2021-11-14-16-00-00", "latency": "85"}, {"date": "2021-11-14-16-00-00", "latency": "85"}, {"date": "2021-11-14-16-00-00", "latency": "85"}, {"date": "2021-11-14-16-00-00", "latency": "85"}, {"date": "2021-11-14-16-00-00", "latency": "85"}]}, {"location": {"country_code": "jp", "region": "Nagoya"}, "game_id": "319965", "values": [{"date": "2021-11-14-15-00-00", "latency": "97"}, {"date": "2021-11-14-15-00-00", "latency": "97"}, {"date": "2021-11-14-15-00-00", "latency": "97"}, {"date": "2021-11-14-15-00-00", "latency": "97"}, {"date": "2021-11-14-15-00-00", "latency": "97"}, {"date": "2021-11-14-15-00-00", "latency": "97"}, {"date": "2021-11-14-15-00-00", "latency": "97"}, {"date": "2021-11-14-15-00-00", "latency": "97"}, {"date": "2021-11-14-15-00-00", "latency": "97"}, {"date": "2021-11-14-15-00-00", "latency": "97"}, {"date": "2021-11-14-15-00-00", "latency": "97"}, {"date": "2021-11-14-15-00-00", "latency": "97"}, {"date": "2021-11-14-15-00-00", "latency": "97"}]}, {"location": {"country_code": "ca"}, "game_id": "319965", "values": [{"date": "2021-11-15-01-00-00", "latency": "50"}, {"date": "2021-11-15-01-00-00", "latency": "50"}, {"date": "2021-11-15-01-00-00", "latency": "50"}, {"date": "2021-11-15-01-00-00", "latency": "50"}, {"date": "2021-11-15-01-00-00", "latency": "50"}, {"date": "2021-11-15-01-00-00", "latency": "50"}, {"date": "2021-11-15-01-00-00", "latency": "50"}, {"date": "2021-11-15-01-00-00", "latency": "50"}, {"date": "2021-11-15-01-00-00", "latency": "50"}, {"date": "2021-11-15-01-00-00", "latency": "50"}, {"date": "2021-11-14-11-00-00", "latency": "63"}, {"date": "2021-11-14-11-00-00", "latency": "63"}, {"date": "2021-11-14-07-00-00", "latency": "115"}, {"date": "2021-11-14-07-00-00", "latency": "115"}, {"date": "2021-11-14-07-00-00", "latency": "115"}, {"date": "2021-11-14-07-00-00", "latency": "115"}, {"date": "2021-11-14-07-00-00", "latency": "115"}, {"date": "2021-11-14-07-00-00", "latency": "115"}, {"date": "2021-11-14-07-00-00", "latency": "115"}, {"date": "2021-11-14-07-00-00", "latency": "115"}, {"date": "2021-11-14-22-00-00", "latency": "134"}, {"date": "2021-11-14-22-00-00", "latency": "134"}, {"date": "2021-11-14-22-00-00", "latency": "134"}, {"date": "2021-11-14-22-00-00", "latency": "134"}, {"date": "2021-11-14-22-00-00", "latency": "134"}, {"date": "2021-11-14-22-00-00", "latency": "134"}, {"date": "2021-11-14-22-00-00", "latency": "134"}, {"date": "2021-11-14-22-00-00", "latency": "134"}, {"date": "2021-11-14-22-00-00", "latency": "134"}, {"date": "2021-11-14-22-00-00", "latency": "134"}, {"date": "2021-11-14-22-00-00", "latency": "134"}, {"date": "2021-11-14-22-00-00", "latency": "134"}, {"date": "2021-11-14-22-00-00", "latency": "134"}, {"date": "2021-11-14-22-00-00", "latency": "134"}, {"date": "2021-11-14-22-00-00", "latency": "134"}, {"date": "2021-11-14-22-00-00", "latency": "134"}, {"date": "2021-11-14-22-00-00", "latency": "134"}, {"date": "2021-11-14-22-00-00", "latency": "134"}, {"date": "2021-11-14-22-00-00", "latency": "134"}]}, {"location": {"country_code": "gb", "region": "England"}, "game_id": "319965", "values": [{"date": "2021-11-14-22-00-00", "latency": "144"}, {"date": "2021-11-14-22-00-00", "latency": "144"}, {"date": "2021-11-14-22-00-00", "latency": "144"}, {"date": "2021-11-14-22-00-00", "latency": "144"}, {"date": "2021-11-14-18-00-00", "latency": "50"}, {"date": "2021-11-14-18-00-00", "latency": "50"}, {"date": "2021-11-14-18-00-00", "latency": "50"}, {"date": "2021-11-14-18-00-00", "latency": "50"}, {"date": "2021-11-14-18-00-00", "latency": "50"}, {"date": "2021-11-14-18-00-00", "latency": "50"}, {"date": "2021-11-14-18-00-00", "latency": "50"}]}, {"location": {"country_code": "de"}, "game_id": "319965", "values": [{"date": "2021-11-14-20-00-00", "latency": "167"}, {"date": "2021-11-14-20-00-00", "latency": "167"}, {"date": "2021-11-14-20-00-00", "latency": "167"}, {"date": "2021-11-14-20-00-00", "latency": "167"}, {"date": "2021-11-14-20-00-00", "latency": "167"}, {"date": "2021-11-14-20-00-00", "latency": "167"}, {"date": "2021-11-14-20-00-00", "latency": "167"}, {"date": "2021-11-14-20-00-00", "latency": "167"}, {"date": "2021-11-14-20-00-00", "latency": "167"}, {"date": "2021-11-14-20-00-00", "latency": "167"}, {"date": "2021-11-14-20-00-00", "latency": "167"}, {"date": "2021-11-14-20-00-00", "latency": "167"}, {"date": "2021-11-14-20-00-00", "latency": "167"}, {"date": "2021-11-14-20-00-00", "latency": "167"}, {"date": "2021-11-14-20-00-00", "latency": "167"}, {"date": "2021-11-14-20-00-00", "latency": "167"}, {"date": "2021-11-14-20-00-00", "latency": "167"}, {"date": "2021-11-14-20-00-00", "latency": "167"}, {"date": "2021-11-14-20-00-00", "latency": "167"}, {"date": "2021-11-14-20-00-00", "latency": "167"}, {"date": "2021-11-14-18-00-00", "latency": "50"}, {"date": "2021-11-14-18-00-00", "latency": "50"}, {"date": "2021-11-14-18-00-00", "latency": "50"}, {"date": "2021-11-14-18-00-00", "latency": "50"}, {"date": "2021-11-14-18-00-00", "latency": "50"}, {"date": "2021-11-14-18-00-00", "latency": "50"}, {"date": "2021-11-14-18-00-00", "latency": "50"}, {"date": "2021-11-14-18-00-00", "latency": "50"}, {"date": "2021-11-14-18-00-00", "latency": "50"}, {"date": "2021-11-14-18-00-00", "latency": "50"}, {"date": "2021-11-14-18-00-00", "latency": "50"}, {"date": "2021-11-14-18-00-00", "latency": "50"}, {"date": "2021-11-14-18-00-00", "latency": "50"}, {"date": "2021-11-14-18-00-00", "latency": "50"}, {"date": "2021-11-14-18-00-00", "latency": "50"}, {"date": "2021-11-15-00-00-00", "latency": "164"}, {"date": "2021-11-15-00-00-00", "latency": "164"}, {"date": "2021-11-15-00-00-00", "latency": "164"}, {"date": "2021-11-15-00-00-00", "latency": "164"}, {"date": "2021-11-15-00-00-00", "latency": "164"}, {"date": "2021-11-15-01-00-00", "latency": "50"}]}, {"location": {"country_code": "br", "region": "Parana", "city": "Araucaria"}, "game_id": "319965", "values": [{"date": "2021-11-14-21-00-00", "latency": "63"}, {"date": "2021-11-14-21-00-00", "latency": "63"}, {"date": "2021-11-14-21-00-00", "latency": "63"}, {"date": "2021-11-14-21-00-00", "latency": "63"}, {"date": "2021-11-14-21-00-00", "latency": "63"}]}, {"location": {"country_code": "us", "region": "Indiana"}, "game_id": "319965", "values": [{"date": "2021-11-14-07-00-00", "latency": "50"}, {"date": "2021-11-14-07-00-00", "latency": "50"}, {"date": "2021-11-14-07-00-00", "latency": "50"}, {"date": "2021-11-14-07-00-00", "latency": "50"}, {"date": "2021-11-14-07-00-00", "latency": "50"}, {"date": "2021-11-14-07-00-00", "latency": "50"}, {"date": "2021-11-14-07-00-00", "latency": "50"}, {"date": "2021-11-14-07-00-00", "latency": "50"}, {"date": "2021-11-14-07-00-00", "latency": "50"}]}, {"location": {"country_code": "cl", "region": "Tarapaca", "city": "Iquique"}, "game_id": "319965", "values": [{"date": "2021-11-14-02-00-00", "latency": "131"}]}, {"location": {"country_code": "au", "region": "New South Wales", "city": "Sydney"}, "game_id": "319965", "values": [{"date": "2021-11-14-09-00-00", "latency": "205"}]}, {"location": {"country_code": "fr"}, "game_id": "319965", "values": [{"date": "2021-11-14-23-00-00", "latency": "76"}, {"date": "2021-11-14-23-00-00", "latency": "76"}, {"date": "2021-11-14-23-00-00", "latency": "76"}, {"date": "2021-11-14-23-00-00", "latency": "76"}, {"date": "2021-11-14-23-00-00", "latency": "76"}, {"date": "2021-11-14-23-00-00", "latency": "76"}, {"date": "2021-11-14-23-00-00", "latency": "76"}, {"date": "2021-11-14-23-00-00", "latency": "76"}, {"date": "2021-11-14-23-00-00", "latency": "76"}, {"date": "2021-11-14-23-00-00", "latency": "76"}, {"date": "2021-11-14-23-00-00", "latency": "76"}, {"date": "2021-11-14-23-00-00", "latency": "76"}, {"date": "2021-11-14-23-00-00", "latency": "76"}, {"date": "2021-11-14-23-00-00", "latency": "76"}, {"date": "2021-11-14-23-00-00", "latency": "76"}]}, {"location": {"country_code": "us", "region": "New Jersey"}, "game_id": "319965", "values": [{"date": "2021-11-14-06-00-00", "latency": "50"}, {"date": "2021-11-14-06-00-00", "latency": "50"}, {"date": "2021-11-14-06-00-00", "latency": "50"}, {"date": "2021-11-14-06-00-00", "latency": "50"}, {"date": "2021-11-14-06-00-00", "latency": "50"}, {"date": "2021-11-14-06-00-00", "latency": "50"}]}, {"location": {"country_code": "mx"}, "game_id": "319965", "values": [{"date": "2021-11-14-11-00-00", "latency": "115"}, {"date": "2021-11-14-11-00-00", "latency": "115"}, {"date": "2021-11-14-11-00-00", "latency": "115"}, {"date": "2021-11-14-11-00-00", "latency": "115"}, {"date": "2021-11-14-11-00-00", "latency": "115"}, {"date": "2021-11-14-11-00-00", "latency": "115"}, {"date": "2021-11-14-11-00-00", "latency": "115"}, {"date": "2021-11-14-11-00-00", "latency": "115"}, {"date": "2021-11-14-06-00-00", "latency": "66"}, {"date": "2021-11-14-06-00-00", "latency": "66"}, {"date": "2021-11-14-06-00-00", "latency": "66"}, {"date": "2021-11-14-06-00-00", "latency": "66"}, {"date": "2021-11-14-06-00-00", "latency": "66"}, {"date": "2021-11-14-22-00-00", "latency": "62"}, {"date": "2021-11-14-22-00-00", "latency": "62"}, {"date": "2021-11-14-22-00-00", "latency": "62"}, {"date": "2021-11-14-22-00-00", "latency": "62"}, {"date": "2021-11-14-22-00-00", "latency": "62"}, {"date": "2021-11-14-22-00-00", "latency": "62"}, {"date": "2021-11-14-07-00-00", "latency": "61"}, {"date": "2021-11-14-07-00-00", "latency": "61"}, {"date": "2021-11-14-07-00-00", "latency": "61"}, {"date": "2021-11-14-07-00-00", "latency": "61"}, {"date": "2021-11-14-07-00-00", "latency": "61"}, {"date": "2021-11-14-07-00-00", "latency": "61"}, {"date": "2021-11-14-07-00-00", "latency": "61"}, {"date": "2021-11-14-05-00-00", "latency": "70"}, {"date": "2021-11-14-08-00-00", "latency": "64"}, {"date": "2021-11-14-08-00-00", "latency": "64"}, {"date": "2021-11-14-08-00-00", "latency": "64"}, {"date": "2021-11-14-08-00-00", "latency": "64"}, {"date": "2021-11-14-08-00-00", "latency": "64"}, {"date": "2021-11-14-08-00-00", "latency": "64"}, {"date": "2021-11-14-06-00-00", "latency": "66"}, {"date": "2021-11-14-06-00-00", "latency": "66"}, {"date": "2021-11-14-06-00-00", "latency": "66"}, {"date": "2021-11-14-06-00-00", "latency": "66"}, {"date": "2021-11-14-06-00-00", "latency": "66"}, {"date": "2021-11-14-06-00-00", "latency": "66"}, {"date": "2021-11-14-06-00-00", "latency": "66"}]}, {"location": {"country_code": "mx", "region": "Mexico City"}, "game_id": "319965", "values": [{"date": "2021-11-14-07-00-00", "latency": "59"}, {"date": "2021-11-14-07-00-00", "latency": "59"}, {"date": "2021-11-14-07-00-00", "latency": "59"}, {"date": "2021-11-14-07-00-00", "latency": "59"}, {"date": "2021-11-14-06-00-00", "latency": "50"}, {"date": "2021-11-14-06-00-00", "latency": "50"}, {"date": "2021-11-14-02-00-00", "latency": "50"}, {"date": "2021-11-14-05-00-00", "latency": "92"}, {"date": "2021-11-14-05-00-00", "latency": "92"}, {"date": "2021-11-14-05-00-00", "latency": "92"}, {"date": "2021-11-14-05-00-00", "latency": "92"}, {"date": "2021-11-14-05-00-00", "latency": "92"}, {"date": "2021-11-14-05-00-00", "latency": "92"}, {"date": "2021-11-14-05-00-00", "latency": "92"}]}, {"location": {"country_code": "us", "region": "California"}, "game_id": "319965", "values": [{"date": "2021-11-14-08-00-00", "latency": "94"}, {"date": "2021-11-14-08-00-00", "latency": "94"}, {"date": "2021-11-14-08-00-00", "latency": "94"}, {"date": "2021-11-14-08-00-00", "latency": "94"}, {"date": "2021-11-14-10-00-00", "latency": "167"}, {"date": "2021-11-14-10-00-00", "latency": "167"}, {"date": "2021-11-14-10-00-00", "latency": "167"}, {"date": "2021-11-14-10-00-00", "latency": "167"}, {"date": "2021-11-14-10-00-00", "latency": "167"}, {"date": "2021-11-14-10-00-00", "latency": "167"}, {"date": "2021-11-14-10-00-00", "latency": "167"}, {"date": "2021-11-14-10-00-00", "latency": "167"}, {"date": "2021-11-14-10-00-00", "latency": "167"}]}, {"location": {"country_code": "br", "region": "Sao Paulo", "city": "Apiai"}, "game_id": "319965", "values": [{"date": "2021-11-14-03-00-00", "latency": "180"}, {"date": "2021-11-14-03-00-00", "latency": "180"}, {"date": "2021-11-14-03-00-00", "latency": "180"}]}, {"location": {"country_code": "se"}, "game_id": "319965", "values": [{"date": "2021-11-14-02-00-00", "latency": "50"}, {"date": "2021-11-14-02-00-00", "latency": "50"}]}, {"location": {"country_code": "us", "region": "California", "city": "East Los Angeles"}, "game_id": "319965", "values": [{"date": "2021-11-14-07-00-00", "latency": "50"}, {"date": "2021-11-14-07-00-00", "latency": "50"}, {"date": "2021-11-14-22-00-00", "latency": "159"}, {"date": "2021-11-14-22-00-00", "latency": "159"}, {"date": "2021-11-14-22-00-00", "latency": "159"}, {"date": "2021-11-14-22-00-00", "latency": "159"}, {"date": "2021-11-14-22-00-00", "latency": "159"}, {"date": "2021-11-14-22-00-00", "latency": "159"}, {"date": "2021-11-14-22-00-00", "latency": "159"}, {"date": "2021-11-14-22-00-00", "latency": "159"}, {"date": "2021-11-14-22-00-00", "latency": "159"}, {"date": "2021-11-14-22-00-00", "latency": "159"}, {"date": "2021-11-14-22-00-00", "latency": "159"}, {"date": "2021-11-14-22-00-00", "latency": "159"}, {"date": "2021-11-14-22-00-00", "latency": "159"}, {"date": "2021-11-14-22-00-00", "latency": "159"}, {"date": "2021-11-14-22-00-00", "latency": "159"}]}, {"location": {"country_code": "ec"}, "game_id": "319965", "values": [{"date": "2021-11-14-07-00-00", "latency": "91"}, {"date": "2021-11-14-07-00-00", "latency": "91"}, {"date": "2021-11-14-07-00-00", "latency": "91"}, {"date": "2021-11-14-07-00-00", "latency": "91"}, {"date": "2021-11-14-07-00-00", "latency": "143"}, {"date": "2021-11-14-07-00-00", "latency": "143"}, {"date": "2021-11-14-07-00-00", "latency": "143"}, {"date": "2021-11-14-07-00-00", "latency": "143"}, {"date": "2021-11-14-07-00-00", "latency": "143"}]}, {"location": {"country_code": "au"}, "game_id": "319965", "values": [{"date": "2021-11-14-21-00-00", "latency": "235"}]}, {"location": {"country_code": "au", "region": "Victoria", "city": "Melbourne"}, "game_id": "319965", "values": [{"date": "2021-11-14-12-00-00", "latency": "114"}, {"date": "2021-11-14-12-00-00", "latency": "114"}, {"date": "2021-11-14-12-00-00", "latency": "114"}, {"date": "2021-11-14-12-00-00", "latency": "114"}, {"date": "2021-11-14-12-00-00", "latency": "114"}, {"date": "2021-11-14-12-00-00", "latency": "114"}, {"date": "2021-11-14-12-00-00", "latency": "114"}, {"date": "2021-11-14-12-00-00", "latency": "114"}, {"date": "2021-11-14-12-00-00", "latency": "114"}, {"date": "2021-11-14-12-00-00", "latency": "114"}, {"date": "2021-11-14-12-00-00", "latency": "114"}, {"date": "2021-11-14-12-00-00", "latency": "114"}]}, {"location": {"country_code": "es", "region": "Madrid", "city": "Parla"}, "game_id": "319965", "values": [{"date": "2021-11-14-22-00-00", "latency": "50"}, {"date": "2021-11-14-22-00-00", "latency": "50"}, {"date": "2021-11-14-22-00-00", "latency": "50"}, {"date": "2021-11-15-00-00-00", "latency": "50"}, {"date": "2021-11-15-00-00-00", "latency": "50"}]}, {"location": {"country_code": "dk"}, "game_id": "319965", "values": [{"date": "2021-11-14-23-00-00", "latency": "134"}]}, {"location": {"country_code": "tr"}, "game_id": "319965", "values": [{"date": "2021-11-14-15-00-00", "latency": "50"}, {"date": "2021-11-14-15-00-00", "latency": "50"}, {"date": "2021-11-14-15-00-00", "latency": "50"}, {"date": "2021-11-14-15-00-00", "latency": "50"}, {"date": "2021-11-14-15-00-00", "latency": "50"}, {"date": "2021-11-14-15-00-00", "latency": "50"}, {"date": "2021-11-14-15-00-00", "latency": "50"}, {"date": "2021-11-14-15-00-00", "latency": "50"}, {"date": "2021-11-14-15-00-00", "latency": "50"}, {"date": "2021-11-14-15-00-00", "latency": "50"}, {"date": "2021-11-14-15-00-00", "latency": "50"}, {"date": "2021-11-14-15-00-00", "latency": "50"}, {"date": "2021-11-14-15-00-00", "latency": "50"}, {"date": "2021-11-14-15-00-00", "latency": "50"}, {"date": "2021-11-14-15-00-00", "latency": "50"}, {"date": "2021-11-14-15-00-00", "latency": "50"}, {"date": "2021-11-14-15-00-00", "latency": "50"}]}, {"location": {"country_code": "de", "region": "Hesse"}, "game_id": "319965", "values": [{"date": "2021-11-14-22-00-00", "latency": "50"}, {"date": "2021-11-14-22-00-00", "latency": "50"}]}, {"location": {"country_code": "ca", "region": "Ontario"}, "game_id": "319965", "values": [{"date": "2021-11-14-21-00-00", "latency": "137"}, {"date": "2021-11-14-21-00-00", "latency": "137"}, {"date": "2021-11-14-21-00-00", "latency": "137"}, {"date": "2021-11-14-21-00-00", "latency": "137"}, {"date": "2021-11-14-21-00-00", "latency": "137"}, {"date": "2021-11-14-21-00-00", "latency": "137"}, {"date": "2021-11-14-21-00-00", "latency": "137"}, {"date": "2021-11-14-21-00-00", "latency": "137"}, {"date": "2021-11-14-21-00-00", "latency": "137"}]}, {"location": {"country_code": "kr"}, "game_id": "319965", "values": [{"date": "2021-11-14-13-00-00", "latency": "117"}, {"date": "2021-11-14-13-00-00", "latency": "117"}, {"date": "2021-11-14-13-00-00", "latency": "117"}, {"date": "2021-11-14-13-00-00", "latency": "117"}, {"date": "2021-11-14-13-00-00", "latency": "117"}, {"date": "2021-11-14-13-00-00", "latency": "117"}]}, {"location": {"country_code": "us", "region": "California", "city": "San Francisco"}, "game_id": "319965", "values": [{"date": "2021-11-14-07-00-00", "latency": "170"}, {"date": "2021-11-14-07-00-00", "latency": "170"}, {"date": "2021-11-14-07-00-00", "latency": "170"}, {"date": "2021-11-14-07-00-00", "latency": "170"}, {"date": "2021-11-14-07-00-00", "latency": "170"}, {"date": "2021-11-14-07-00-00", "latency": "170"}, {"date": "2021-11-14-07-00-00", "latency": "170"}, {"date": "2021-11-14-07-00-00", "latency": "170"}, {"date": "2021-11-14-07-00-00", "latency": "170"}, {"date": "2021-11-14-07-00-00", "latency": "170"}, {"date": "2021-11-14-07-00-00", "latency": "170"}, {"date": "2021-11-14-07-00-00", "latency": "170"}, {"date": "2021-11-14-07-00-00", "latency": "170"}, {"date": "2021-11-14-07-00-00", "latency": "170"}, {"date": "2021-11-14-07-00-00", "latency": "170"}, {"date": "2021-11-14-07-00-00", "latency": "170"}, {"date": "2021-11-14-07-00-00", "latency": "170"}, {"date": "2021-11-14-07-00-00", "latency": "170"}]}, {"location": {"country_code": "es"}, "game_id": "319965", "values": [{"date": "2021-11-14-21-00-00", "latency": "166"}, {"date": "2021-11-14-21-00-00", "latency": "166"}, {"date": "2021-11-14-20-00-00", "latency": "101"}, {"date": "2021-11-14-20-00-00", "latency": "101"}, {"date": "2021-11-15-00-00-00", "latency": "50"}, {"date": "2021-11-15-00-00-00", "latency": "50"}, {"date": "2021-11-15-00-00-00", "latency": "50"}, {"date": "2021-11-15-00-00-00", "latency": "50"}, {"date": "2021-11-14-22-00-00", "latency": "50"}, {"date": "2021-11-14-22-00-00", "latency": "50"}, {"date": "2021-11-14-22-00-00", "latency": "50"}, {"date": "2021-11-14-22-00-00", "latency": "50"}, {"date": "2021-11-14-22-00-00", "latency": "50"}, {"date": "2021-11-14-22-00-00", "latency": "50"}, {"date": "2021-11-14-22-00-00", "latency": "50"}, {"date": "2021-11-14-22-00-00", "latency": "50"}, {"date": "2021-11-14-22-00-00", "latency": "50"}, {"date": "2021-11-14-22-00-00", "latency": "50"}, {"date": "2021-11-14-22-00-00", "latency": "50"}]}, {"location": {"country_code": "ar"}, "game_id": "319965", "values": [{"date": "2021-11-15-00-00-00", "latency": "183"}, {"date": "2021-11-15-00-00-00", "latency": "183"}, {"date": "2021-11-15-00-00-00", "latency": "183"}, {"date": "2021-11-14-02-00-00", "latency": "145"}]}, {"location": {"country_code": "us", "region": "Michigan", "city": "Detroit"}, "game_id": "319965", "values": [{"date": "2021-11-14-08-00-00", "latency": "68"}]}, {"location": {"country_code": "us", "region": "Massachusetts"}, "game_id": "319965", "values": [{"date": "2021-11-14-02-00-00", "latency": "54"}, {"date": "2021-11-14-02-00-00", "latency": "54"}]}, {"location": {"country_code": "ca", "region": "Alberta"}, "game_id": "319965", "values": [{"date": "2021-11-14-08-00-00", "latency": "50"}, {"date": "2021-11-14-08-00-00", "latency": "50"}, {"date": "2021-11-14-08-00-00", "latency": "50"}, {"date": "2021-11-14-08-00-00", "latency": "50"}, {"date": "2021-11-14-08-00-00", "latency": "50"}, {"date": "2021-11-14-08-00-00", "latency": "50"}, {"date": "2021-11-14-08-00-00", "latency": "50"}, {"date": "2021-11-14-08-00-00", "latency": "50"}, {"date": "2021-11-14-08-00-00", "latency": "50"}, {"date": "2021-11-14-08-00-00", "latency": "50"}, {"date": "2021-11-14-08-00-00", "latency": "50"}, {"date": "2021-11-14-08-00-00", "latency": "50"}, {"date": "2021-11-14-08-00-00", "latency": "50"}, {"date": "2021-11-14-08-00-00", "latency": "50"}]}, {"location": {"country_code": "ru", "region": "Moscow", "city": "Zelenograd"}, "game_id": "319965", "values": [{"date": "2021-11-14-20-00-00", "latency": "153"}, {"date": "2021-11-14-20-00-00", "latency": "153"}, {"date": "2021-11-14-20-00-00", "latency": "153"}, {"date": "2021-11-14-20-00-00", "latency": "153"}, {"date": "2021-11-14-20-00-00", "latency": "153"}, {"date": "2021-11-14-20-00-00", "latency": "153"}, {"date": "2021-11-14-20-00-00", "latency": "153"}, {"date": "2021-11-14-20-00-00", "latency": "153"}, {"date": "2021-11-14-20-00-00", "latency": "153"}, {"date": "2021-11-14-20-00-00", "latency": "153"}, {"date": "2021-11-14-20-00-00", "latency": "153"}, {"date": "2021-11-14-20-00-00", "latency": "153"}, {"date": "2021-11-14-20-00-00", "latency": "153"}, {"date": "2021-11-14-20-00-00", "latency": "153"}]}, {"location": {"country_code": "us", "region": "Michigan"}, "game_id": "319965", "values": [{"date": "2021-11-14-03-00-00", "latency": "50"}, {"date": "2021-11-14-03-00-00", "latency": "50"}, {"date": "2021-11-14-03-00-00", "latency": "50"}, {"date": "2021-11-14-03-00-00", "latency": "50"}, {"date": "2021-11-14-03-00-00", "latency": "50"}]}, {"location": {"country_code": "us", "region": "Illinois", "city": "Chicago"}, "game_id": "319965", "values": [{"date": "2021-11-14-07-00-00", "latency": "50"}, {"date": "2021-11-14-07-00-00", "latency": "50"}, {"date": "2021-11-14-07-00-00", "latency": "50"}]}, {"location": {"country_code": "mx", "region": "Puebla"}, "game_id": "319965", "values": [{"date": "2021-11-14-06-00-00", "latency": "58"}, {"date": "2021-11-14-06-00-00", "latency": "58"}, {"date": "2021-11-14-06-00-00", "latency": "58"}, {"date": "2021-11-14-06-00-00", "latency": "58"}, {"date": "2021-11-14-06-00-00", "latency": "58"}]}, {"location": {"country_code": "us", "region": "Pennsylvania", "city": "Pittsburgh"}, "game_id": "319965", "values": [{"date": "2021-11-14-22-00-00", "latency": "50"}, {"date": "2021-11-14-22-00-00", "latency": "50"}, {"date": "2021-11-14-22-00-00", "latency": "50"}]}, {"location": {"country_code": "co"}, "game_id": "319965", "values": [{"date": "2021-11-14-22-00-00", "latency": "127"}, {"date": "2021-11-14-22-00-00", "latency": "127"}, {"date": "2021-11-14-22-00-00", "latency": "127"}, {"date": "2021-11-14-22-00-00", "latency": "127"}, {"date": "2021-11-14-22-00-00", "latency": "127"}, {"date": "2021-11-14-22-00-00", "latency": "127"}, {"date": "2021-11-14-22-00-00", "latency": "127"}, {"date": "2021-11-14-22-00-00", "latency": "127"}, {"date": "2021-11-14-22-00-00", "latency": "127"}, {"date": "2021-11-14-22-00-00", "latency": "127"}, {"date": "2021-11-14-22-00-00", "latency": "127"}, {"date": "2021-11-14-22-00-00", "latency": "127"}, {"date": "2021-11-14-22-00-00", "latency": "127"}]}, {"location": {"country_code": "mx", "region": "Nuevo Leon"}, "game_id": "319965", "values": [{"date": "2021-11-14-11-00-00", "latency": "50"}, {"date": "2021-11-14-11-00-00", "latency": "50"}, {"date": "2021-11-14-11-00-00", "latency": "50"}, {"date": "2021-11-14-11-00-00", "latency": "50"}, {"date": "2021-11-14-11-00-00", "latency": "50"}, {"date": "2021-11-14-11-00-00", "latency": "50"}, {"date": "2021-11-14-11-00-00", "latency": "50"}]}, {"location": {"country_code": "us", "region": "California", "city": "Chula Vista"}, "game_id": "319965", "values": [{"date": "2021-11-14-09-00-00", "latency": "50"}, {"date": "2021-11-14-09-00-00", "latency": "50"}, {"date": "2021-11-14-09-00-00", "latency": "50"}, {"date": "2021-11-14-09-00-00", "latency": "50"}, {"date": "2021-11-14-09-00-00", "latency": "50"}, {"date": "2021-11-14-09-00-00", "latency": "50"}, {"date": "2021-11-14-09-00-00", "latency": "50"}, {"date": "2021-11-14-09-00-00", "latency": "50"}, {"date": "2021-11-14-09-00-00", "latency": "50"}, {"date": "2021-11-14-09-00-00", "latency": "50"}, {"date": "2021-11-14-09-00-00", "latency": "50"}, {"date": "2021-11-14-09-00-00", "latency": "50"}, {"date": "2021-11-14-09-00-00", "latency": "50"}, {"date": "2021-11-14-09-00-00", "latency": "50"}, {"date": "2021-11-14-09-00-00", "latency": "50"}, {"date": "2021-11-14-09-00-00", "latency": "50"}, {"date": "2021-11-14-09-00-00", "latency": "50"}, {"date": "2021-11-14-09-00-00", "latency": "50"}, {"date": "2021-11-14-09-00-00", "latency": "50"}, {"date": "2021-11-14-09-00-00", "latency": "50"}, {"date": "2021-11-14-09-00-00", "latency": "50"}, {"date": "2021-11-14-09-00-00", "latency": "50"}]}, {"location": {"country_code": "es", "region": "Catalonia", "city": "l'Hospitalet de Llobregat"}, "game_id": "319965", "values": [{"date": "2021-11-15-01-00-00", "latency": "53"}, {"date": "2021-11-15-01-00-00", "latency": "53"}, {"date": "2021-11-15-01-00-00", "latency": "53"}, {"date": "2021-11-15-01-00-00", "latency": "53"}, {"date": "2021-11-15-01-00-00", "latency": "53"}, {"date": "2021-11-15-01-00-00", "latency": "53"}, {"date": "2021-11-15-01-00-00", "latency": "53"}, {"date": "2021-11-15-01-00-00", "latency": "53"}, {"date": "2021-11-14-21-00-00", "latency": "173"}, {"date": "2021-11-14-21-00-00", "latency": "173"}, {"date": "2021-11-14-21-00-00", "latency": "173"}, {"date": "2021-11-14-21-00-00", "latency": "173"}, {"date": "2021-11-14-21-00-00", "latency": "173"}, {"date": "2021-11-14-21-00-00", "latency": "173"}, {"date": "2021-11-14-21-00-00", "latency": "173"}, {"date": "2021-11-14-21-00-00", "latency": "173"}, {"date": "2021-11-14-21-00-00", "latency": "173"}, {"date": "2021-11-14-21-00-00", "latency": "173"}, {"date": "2021-11-14-21-00-00", "latency": "173"}, {"date": "2021-11-14-21-00-00", "latency": "173"}, {"date": "2021-11-14-21-00-00", "latency": "173"}, {"date": "2021-11-14-21-00-00", "latency": "173"}, {"date": "2021-11-14-21-00-00", "latency": "173"}, {"date": "2021-11-14-21-00-00", "latency": "173"}, {"date": "2021-11-14-21-00-00", "latency": "173"}, {"date": "2021-11-14-21-00-00", "latency": "173"}, {"date": "2021-11-14-21-00-00", "latency": "173"}, {"date": "2021-11-14-21-00-00", "latency": "173"}, {"date": "2021-11-14-21-00-00", "latency": "173"}, {"date": "2021-11-14-21-00-00", "latency": "173"}, {"date": "2021-11-14-21-00-00", "latency": "173"}, {"date": "2021-11-14-21-00-00", "latency": "173"}, {"date": "2021-11-14-21-00-00", "latency": "173"}]}, {"location": {"country_code": "us", "region": "North Carolina"}, "game_id": "319965", "values": [{"date": "2021-11-14-08-00-00", "latency": "88"}, {"date": "2021-11-14-08-00-00", "latency": "88"}, {"date": "2021-11-14-08-00-00", "latency": "88"}, {"date": "2021-11-14-08-00-00", "latency": "88"}]}, {"location": {"country_code": "us", "region": "Nevada", "city": "Las Vegas"}, "game_id": "319965", "values": [{"date": "2021-11-14-10-00-00", "latency": "50"}, {"date": "2021-11-14-10-00-00", "latency": "50"}, {"date": "2021-11-14-10-00-00", "latency": "50"}, {"date": "2021-11-14-10-00-00", "latency": "50"}, {"date": "2021-11-14-10-00-00", "latency": "50"}, {"date": "2021-11-14-10-00-00", "latency": "50"}, {"date": "2021-11-14-10-00-00", "latency": "50"}, {"date": "2021-11-14-10-00-00", "latency": "50"}, {"date": "2021-11-14-10-00-00", "latency": "50"}, {"date": "2021-11-14-10-00-00", "latency": "50"}, {"date": "2021-11-14-10-00-00", "latency": "50"}, {"date": "2021-11-14-10-00-00", "latency": "50"}, {"date": "2021-11-14-10-00-00", "latency": "50"}, {"date": "2021-11-14-10-00-00", "latency": "50"}, {"date": "2021-11-14-10-00-00", "latency": "50"}, {"date": "2021-11-14-10-00-00", "latency": "50"}, {"date": "2021-11-14-10-00-00", "latency": "50"}, {"date": "2021-11-14-10-00-00", "latency": "50"}, {"date": "2021-11-14-10-00-00", "latency": "50"}, {"date": "2021-11-14-10-00-00", "latency": "50"}, {"date": "2021-11-14-10-00-00", "latency": "50"}, {"date": "2021-11-14-10-00-00", "latency": "50"}, {"date": "2021-11-14-10-00-00", "latency": "50"}, {"date": "2021-11-14-10-00-00", "latency": "50"}, {"date": "2021-11-14-10-00-00", "latency": "50"}, {"date": "2021-11-14-10-00-00", "latency": "50"}, {"date": "2021-11-14-10-00-00", "latency": "50"}, {"date": "2021-11-14-10-00-00", "latency": "50"}, {"date": "2021-11-14-10-00-00", "latency": "50"}, {"date": "2021-11-14-10-00-00", "latency": "50"}, {"date": "2021-11-14-10-00-00", "latency": "50"}, {"date": "2021-11-14-10-00-00", "latency": "50"}, {"date": "2021-11-14-10-00-00", "latency": "50"}, {"date": "2021-11-14-10-00-00", "latency": "50"}, {"date": "2021-11-14-10-00-00", "latency": "50"}]}, {"location": {"country_code": "pe"}, "game_id": "319965", "values": [{"date": "2021-11-15-00-00-00", "latency": "222"}, {"date": "2021-11-15-00-00-00", "latency": "222"}, {"date": "2021-11-15-00-00-00", "latency": "222"}, {"date": "2021-11-15-00-00-00", "latency": "222"}, {"date": "2021-11-15-00-00-00", "latency": "222"}, {"date": "2021-11-15-00-00-00", "latency": "222"}, {"date": "2021-11-15-00-00-00", "latency": "222"}, {"date": "2021-11-15-00-00-00", "latency": "222"}, {"date": "2021-11-15-00-00-00", "latency": "222"}, {"date": "2021-11-15-00-00-00", "latency": "222"}, {"date": "2021-11-15-00-00-00", "latency": "222"}, {"date": "2021-11-15-00-00-00", "latency": "222"}, {"date": "2021-11-15-00-00-00", "latency": "222"}, {"date": "2021-11-14-06-00-00", "latency": "109"}, {"date": "2021-11-14-06-00-00", "latency": "109"}, {"date": "2021-11-14-06-00-00", "latency": "109"}, {"date": "2021-11-14-06-00-00", "latency": "109"}, {"date": "2021-11-14-06-00-00", "latency": "109"}, {"date": "2021-11-14-06-00-00", "latency": "109"}, {"date": "2021-11-14-06-00-00", "latency": "109"}, {"date": "2021-11-14-06-00-00", "latency": "109"}]}, {"location": {"country_code": "ca", "region": "Ontario", "city": "Toronto"}, "game_id": "319965", "values": [{"date": "2021-11-14-03-00-00", "latency": "50"}, {"date": "2021-11-14-03-00-00", "latency": "50"}, {"date": "2021-11-14-03-00-00", "latency": "50"}, {"date": "2021-11-14-03-00-00", "latency": "50"}, {"date": "2021-11-14-23-00-00", "latency": "151"}, {"date": "2021-11-14-23-00-00", "latency": "151"}]}, {"location": {"country_code": "mx", "region": "Nuevo Leon", "city": "Monterrey"}, "game_id": "319965", "values": [{"date": "2021-11-14-08-00-00", "latency": "50"}, {"date": "2021-11-14-08-00-00", "latency": "50"}, {"date": "2021-11-14-08-00-00", "latency": "50"}, {"date": "2021-11-14-08-00-00", "latency": "50"}]}, {"location": {"country_code": "cl", "region": "Santiago Metropolitan", "city": "Santiago"}, "game_id": "319965", "values": [{"date": "2021-11-14-03-00-00", "latency": "135"}, {"date": "2021-11-14-03-00-00", "latency": "135"}, {"date": "2021-11-14-03-00-00", "latency": "135"}, {"date": "2021-11-14-03-00-00", "latency": "135"}, {"date": "2021-11-14-03-00-00", "latency": "135"}]}, {"location": {"country_code": "sk"}, "game_id": "319965", "values": [{"date": "2021-11-14-18-00-00", "latency": "64"}, {"date": "2021-11-14-18-00-00", "latency": "64"}, {"date": "2021-11-14-18-00-00", "latency": "64"}, {"date": "2021-11-14-18-00-00", "latency": "64"}, {"date": "2021-11-14-18-00-00", "latency": "64"}, {"date": "2021-11-14-18-00-00", "latency": "64"}, {"date": "2021-11-14-18-00-00", "latency": "64"}, {"date": "2021-11-14-18-00-00", "latency": "64"}, {"date": "2021-11-14-18-00-00", "latency": "64"}, {"date": "2021-11-14-18-00-00", "latency": "64"}, {"date": "2021-11-14-18-00-00", "latency": "64"}, {"date": "2021-11-14-18-00-00", "latency": "64"}, {"date": "2021-11-14-18-00-00", "latency": "64"}]}, {"location": {"country_code": "au", "region": "Western Australia", "city": "Perth"}, "game_id": "319965", "values": [{"date": "2021-11-14-02-00-00", "latency": "281"}, {"date": "2021-11-14-02-00-00", "latency": "281"}]}, {"location": {"country_code": "br", "region": "Rio Grande do Sul", "city": "Porto Alegre"}, "game_id": "319965", "values": [{"date": "2021-11-14-06-00-00", "latency": "152"}, {"date": "2021-11-14-06-00-00", "latency": "152"}, {"date": "2021-11-14-06-00-00", "latency": "152"}, {"date": "2021-11-14-06-00-00", "latency": "152"}, {"date": "2021-11-14-06-00-00", "latency": "152"}]}, {"location": {"country_code": "pt"}, "game_id": "319965", "values": [{"date": "2021-11-14-03-00-00", "latency": "125"}, {"date": "2021-11-14-03-00-00", "latency": "125"}, {"date": "2021-11-14-03-00-00", "latency": "125"}, {"date": "2021-11-14-03-00-00", "latency": "125"}, {"date": "2021-11-14-03-00-00", "latency": "125"}]}, {"location": {"country_code": "us", "region": "Colorado"}, "game_id": "319965", "values": [{"date": "2021-11-14-06-00-00", "latency": "50"}, {"date": "2021-11-14-06-00-00", "latency": "50"}, {"date": "2021-11-14-06-00-00", "latency": "50"}, {"date": "2021-11-14-06-00-00", "latency": "50"}, {"date": "2021-11-14-06-00-00", "latency": "50"}, {"date": "2021-11-14-06-00-00", "latency": "50"}, {"date": "2021-11-14-06-00-00", "latency": "50"}, {"date": "2021-11-14-06-00-00", "latency": "50"}, {"date": "2021-11-14-06-00-00", "latency": "50"}, {"date": "2021-11-14-06-00-00", "latency": "50"}, {"date": "2021-11-14-06-00-00", "latency": "50"}]}, {"location": {"country_code": "mx", "region": "Baja California", "city": "Mexicali"}, "game_id": "319965", "values": [{"date": "2021-11-15-00-00-00", "latency": "50"}, {"date": "2021-11-15-00-00-00", "latency": "50"}, {"date": "2021-11-15-00-00-00", "latency": "50"}, {"date": "2021-11-14-10-00-00", "latency": "50"}, {"date": "2021-11-14-10-00-00", "latency": "50"}, {"date": "2021-11-14-10-00-00", "latency": "50"}, {"date": "2021-11-14-10-00-00", "latency": "50"}, {"date": "2021-11-14-10-00-00", "latency": "50"}, {"date": "2021-11-14-10-00-00", "latency": "50"}, {"date": "2021-11-14-10-00-00", "latency": "50"}, {"date": "2021-11-14-10-00-00", "latency": "50"}, {"date": "2021-11-14-10-00-00", "latency": "50"}, {"date": "2021-11-14-10-00-00", "latency": "50"}]}, {"location": {"country_code": "br", "region": "State of Rio de Janeiro", "city": "Angra dos Reis"}, "game_id": "319965", "values": [{"date": "2021-11-14-03-00-00", "latency": "191"}, {"date": "2021-11-14-03-00-00", "latency": "191"}, {"date": "2021-11-14-03-00-00", "latency": "191"}, {"date": "2021-11-14-03-00-00", "latency": "191"}]}, {"location": {"country_code": "uy"}, "game_id": "319965", "values": [{"date": "2021-11-14-07-00-00", "latency": "167"}, {"date": "2021-11-14-07-00-00", "latency": "167"}, {"date": "2021-11-14-07-00-00", "latency": "167"}, {"date": "2021-11-14-07-00-00", "latency": "167"}, {"date": "2021-11-14-07-00-00", "latency": "167"}, {"date": "2021-11-14-07-00-00", "latency": "167"}, {"date": "2021-11-14-07-00-00", "latency": "167"}, {"date": "2021-11-14-07-00-00", "latency": "167"}, {"date": "2021-11-14-07-00-00", "latency": "167"}, {"date": "2021-11-14-07-00-00", "latency": "167"}, {"date": "2021-11-14-07-00-00", "latency": "167"}, {"date": "2021-11-14-07-00-00", "latency": "167"}, {"date": "2021-11-14-07-00-00", "latency": "167"}, {"date": "2021-11-14-07-00-00", "latency": "167"}, {"date": "2021-11-14-07-00-00", "latency": "167"}, {"date": "2021-11-14-07-00-00", "latency": "167"}]}, {"location": {"country_code": "fr", "region": "Ile-de-France Region", "city": "Paris"}, "game_id": "319965", "values": [{"date": "2021-11-14-21-00-00", "latency": "81"}, {"date": "2021-11-14-21-00-00", "latency": "81"}, {"date": "2021-11-14-21-00-00", "latency": "81"}, {"date": "2021-11-14-21-00-00", "latency": "81"}, {"date": "2021-11-14-21-00-00", "latency": "81"}, {"date": "2021-11-14-21-00-00", "latency": "81"}, {"date": "2021-11-14-21-00-00", "latency": "81"}, {"date": "2021-11-14-21-00-00", "latency": "81"}, {"date": "2021-11-14-21-00-00", "latency": "81"}, {"date": "2021-11-14-21-00-00", "latency": "81"}, {"date": "2021-11-14-21-00-00", "latency": "81"}, {"date": "2021-11-14-21-00-00", "latency": "81"}, {"date": "2021-11-14-21-00-00", "latency": "81"}, {"date": "2021-11-14-21-00-00", "latency": "81"}, {"date": "2021-11-14-21-00-00", "latency": "81"}, {"date": "2021-11-14-21-00-00", "latency": "81"}, {"date": "2021-11-14-21-00-00", "latency": "81"}, {"date": "2021-11-14-21-00-00", "latency": "81"}, {"date": "2021-11-14-21-00-00", "latency": "81"}, {"date": "2021-11-14-21-00-00", "latency": "81"}, {"date": "2021-11-14-21-00-00", "latency": "81"}, {"date": "2021-11-14-21-00-00", "latency": "81"}, {"date": "2021-11-14-21-00-00", "latency": "81"}, {"date": "2021-11-14-21-00-00", "latency": "50"}, {"date": "2021-11-14-21-00-00", "latency": "50"}, {"date": "2021-11-14-21-00-00", "latency": "50"}, {"date": "2021-11-14-21-00-00", "latency": "50"}, {"date": "2021-11-14-21-00-00", "latency": "50"}, {"date": "2021-11-14-21-00-00", "latency": "50"}, {"date": "2021-11-14-21-00-00", "latency": "50"}, {"date": "2021-11-14-12-00-00", "latency": "130"}, {"date": "2021-11-14-12-00-00", "latency": "130"}, {"date": "2021-11-14-12-00-00", "latency": "130"}, {"date": "2021-11-14-12-00-00", "latency": "130"}, {"date": "2021-11-14-12-00-00", "latency": "130"}, {"date": "2021-11-14-12-00-00", "latency": "130"}, {"date": "2021-11-14-12-00-00", "latency": "130"}, {"date": "2021-11-14-12-00-00", "latency": "130"}, {"date": "2021-11-14-12-00-00", "latency": "130"}, {"date": "2021-11-14-12-00-00", "latency": "130"}, {"date": "2021-11-14-12-00-00", "latency": "130"}, {"date": "2021-11-14-12-00-00", "latency": "130"}, {"date": "2021-11-14-12-00-00", "latency": "130"}, {"date": "2021-11-14-12-00-00", "latency": "130"}, {"date": "2021-11-14-12-00-00", "latency": "130"}, {"date": "2021-11-14-12-00-00", "latency": "130"}, {"date": "2021-11-14-12-00-00", "latency": "130"}, {"date": "2021-11-14-12-00-00", "latency": "130"}, {"date": "2021-11-14-12-00-00", "latency": "130"}, {"date": "2021-11-14-12-00-00", "latency": "130"}, {"date": "2021-11-14-12-00-00", "latency": "130"}, {"date": "2021-11-14-12-00-00", "latency": "130"}, {"date": "2021-11-14-12-00-00", "latency": "130"}, {"date": "2021-11-14-12-00-00", "latency": "130"}, {"date": "2021-11-14-12-00-00", "latency": "130"}]}, {"location": {"country_code": "gb", "region": "England", "city": "Liverpool"}, "game_id": "319965", "values": [{"date": "2021-11-14-23-00-00", "latency": "50"}, {"date": "2021-11-14-23-00-00", "latency": "50"}, {"date": "2021-11-14-23-00-00", "latency": "50"}, {"date": "2021-11-14-23-00-00", "latency": "50"}, {"date": "2021-11-14-23-00-00", "latency": "50"}, {"date": "2021-11-14-23-00-00", "latency": "50"}, {"date": "2021-11-14-23-00-00", "latency": "50"}]}, {"location": {"country_code": "pe", "region": "Lima region", "city": "Lima"}, "game_id": "319965", "values": [{"date": "2021-11-14-05-00-00", "latency": "102"}, {"date": "2021-11-15-01-00-00", "latency": "115"}, {"date": "2021-11-15-01-00-00", "latency": "115"}]}, {"location": {"country_code": "mx", "region": "Jalisco", "city": "Guadalajara"}, "game_id": "319965", "values": [{"date": "2021-11-14-10-00-00", "latency": "56"}, {"date": "2021-11-14-10-00-00", "latency": "56"}, {"date": "2021-11-14-10-00-00", "latency": "56"}, {"date": "2021-11-14-10-00-00", "latency": "56"}, {"date": "2021-11-14-10-00-00", "latency": "56"}, {"date": "2021-11-14-10-00-00", "latency": "56"}, {"date": "2021-11-14-10-00-00", "latency": "56"}, {"date": "2021-11-14-10-00-00", "latency": "56"}]}, {"location": {"country_code": "ca", "region": "Manitoba", "city": "Winnipeg"}, "game_id": "319965", "values": [{"date": "2021-11-14-06-00-00", "latency": "92"}, {"date": "2021-11-14-06-00-00", "latency": "92"}, {"date": "2021-11-14-06-00-00", "latency": "92"}, {"date": "2021-11-14-06-00-00", "latency": "92"}, {"date": "2021-11-14-06-00-00", "latency": "92"}, {"date": "2021-11-14-06-00-00", "latency": "92"}, {"date": "2021-11-14-06-00-00", "latency": "92"}, {"date": "2021-11-14-06-00-00", "latency": "92"}]}, {"location": {"country_code": "ca", "region": "Quebec"}, "game_id": "319965", "values": [{"date": "2021-11-14-06-00-00", "latency": "50"}, {"date": "2021-11-14-06-00-00", "latency": "50"}, {"date": "2021-11-14-06-00-00", "latency": "50"}, {"date": "2021-11-14-06-00-00", "latency": "50"}, {"date": "2021-11-14-06-00-00", "latency": "50"}, {"date": "2021-11-14-06-00-00", "latency": "50"}, {"date": "2021-11-14-06-00-00", "latency": "50"}, {"date": "2021-11-14-06-00-00", "latency": "50"}, {"date": "2021-11-14-06-00-00", "latency": "50"}, {"date": "2021-11-14-02-00-00", "latency": "50"}, {"date": "2021-11-14-02-00-00", "latency": "50"}]}, {"location": {"country_code": "gb", "region": "England", "city": "Salford"}, "game_id": "319965", "values": [{"date": "2021-11-14-22-00-00", "latency": "50"}, {"date": "2021-11-14-22-00-00", "latency": "50"}, {"date": "2021-11-14-22-00-00", "latency": "50"}, {"date": "2021-11-14-22-00-00", "latency": "50"}, {"date": "2021-11-14-22-00-00", "latency": "50"}, {"date": "2021-11-14-22-00-00", "latency": "50"}]}, {"location": {"country_code": "mx", "region": "Sonora"}, "game_id": "319965", "values": [{"date": "2021-11-14-06-00-00", "latency": "50"}, {"date": "2021-11-14-06-00-00", "latency": "50"}]}, {"location": {"country_code": "de", "region": "North Rhine-Westphalia"}, "game_id": "319965", "values": [{"date": "2021-11-14-23-00-00", "latency": "50"}, {"date": "2021-11-14-23-00-00", "latency": "50"}, {"date": "2021-11-14-23-00-00", "latency": "50"}, {"date": "2021-11-14-23-00-00", "latency": "50"}, {"date": "2021-11-14-23-00-00", "latency": "50"}, {"date": "2021-11-14-23-00-00", "latency": "50"}, {"date": "2021-11-14-23-00-00", "latency": "50"}, {"date": "2021-11-14-23-00-00", "latency": "50"}, {"date": "2021-11-14-23-00-00", "latency": "50"}, {"date": "2021-11-14-23-00-00", "latency": "50"}, {"date": "2021-11-14-23-00-00", "latency": "50"}, {"date": "2021-11-14-23-00-00", "latency": "50"}, {"date": "2021-11-14-23-00-00", "latency": "50"}, {"date": "2021-11-14-23-00-00", "latency": "50"}, {"date": "2021-11-14-23-00-00", "latency": "50"}, {"date": "2021-11-14-23-00-00", "latency": "50"}]}, {"location": {"country_code": "us", "region": "Montana"}, "game_id": "319965", "values": [{"date": "2021-11-14-11-00-00", "latency": "74"}, {"date": "2021-11-14-11-00-00", "latency": "74"}]}, {"location": {"country_code": "es", "region": "Andalusia"}, "game_id": "319965", "values": [{"date": "2021-11-14-20-00-00", "latency": "0"}, {"date": "2021-11-14-20-00-00", "latency": "0"}, {"date": "2021-11-14-20-00-00", "latency": "0"}]}, {"location": {"country_code": "es", "region": "Andalusia", "city": "Marbella"}, "game_id": "319965", "values": [{"date": "2021-11-14-19-00-00", "latency": "50"}, {"date": "2021-11-14-19-00-00", "latency": "50"}, {"date": "2021-11-14-19-00-00", "latency": "50"}, {"date": "2021-11-14-19-00-00", "latency": "50"}, {"date": "2021-11-14-19-00-00", "latency": "50"}, {"date": "2021-11-14-19-00-00", "latency": "50"}, {"date": "2021-11-14-19-00-00", "latency": "50"}, {"date": "2021-11-14-19-00-00", "latency": "50"}, {"date": "2021-11-14-19-00-00", "latency": "50"}, {"date": "2021-11-14-19-00-00", "latency": "50"}, {"date": "2021-11-14-19-00-00", "latency": "50"}, {"date": "2021-11-14-19-00-00", "latency": "50"}, {"date": "2021-11-14-19-00-00", "latency": "50"}, {"date": "2021-11-14-19-00-00", "latency": "50"}, {"date": "2021-11-14-19-00-00", "latency": "50"}]}, {"location": {"country_code": "br", "region": "Sao Paulo", "city": "Botucatu"}, "game_id": "319965", "values": [{"date": "2021-11-15-00-00-00", "latency": "188"}, {"date": "2021-11-15-00-00-00", "latency": "188"}, {"date": "2021-11-15-00-00-00", "latency": "188"}]}, {"location": {"country_code": "br", "region": "Estado de Bahia"}, "game_id": "319965", "values": [{"date": "2021-11-14-07-00-00", "latency": "116"}]}, {"location": {"country_code": "es", "region": "Valencia", "city": "Gandia"}, "game_id": "319965", "values": [{"date": "2021-11-14-05-00-00", "latency": "50"}, {"date": "2021-11-14-05-00-00", "latency": "50"}, {"date": "2021-11-14-05-00-00", "latency": "50"}, {"date": "2021-11-14-05-00-00", "latency": "50"}, {"date": "2021-11-14-05-00-00", "latency": "50"}, {"date": "2021-11-14-05-00-00", "latency": "50"}, {"date": "2021-11-14-05-00-00", "latency": "50"}, {"date": "2021-11-14-05-00-00", "latency": "50"}]}, {"location": {"country_code": "us", "region": "Arizona", "city": "Chandler"}, "game_id": "319965", "values": [{"date": "2021-11-14-05-00-00", "latency": "50"}, {"date": "2021-11-14-05-00-00", "latency": "50"}]}, {"location": {"country_code": "mx", "region": "Queretaro", "city": "Queretaro"}, "game_id": "319965", "values": [{"date": "2021-11-14-07-00-00", "latency": "53"}, {"date": "2021-11-14-07-00-00", "latency": "53"}, {"date": "2021-11-14-07-00-00", "latency": "53"}, {"date": "2021-11-14-07-00-00", "latency": "53"}, {"date": "2021-11-14-07-00-00", "latency": "53"}, {"date": "2021-11-14-07-00-00", "latency": "53"}, {"date": "2021-11-14-07-00-00", "latency": "53"}, {"date": "2021-11-14-07-00-00", "latency": "53"}, {"date": "2021-11-14-07-00-00", "latency": "53"}, {"date": "2021-11-14-07-00-00", "latency": "53"}, {"date": "2021-11-14-07-00-00", "latency": "53"}, {"date": "2021-11-14-07-00-00", "latency": "53"}, {"date": "2021-11-14-07-00-00", "latency": "53"}, {"date": "2021-11-14-07-00-00", "latency": "53"}, {"date": "2021-11-14-07-00-00", "latency": "53"}, {"date": "2021-11-14-07-00-00", "latency": "53"}]}, {"location": {"country_code": "es", "region": "Principality of Asturias"}, "game_id": "319965", "values": [{"date": "2021-11-14-02-00-00", "latency": "157"}, {"date": "2021-11-14-02-00-00", "latency": "157"}, {"date": "2021-11-14-02-00-00", "latency": "157"}, {"date": "2021-11-14-02-00-00", "latency": "157"}]}, {"location": {"country_code": "us", "region": "New Mexico"}, "game_id": "319965", "values": [{"date": "2021-11-14-23-00-00", "latency": "195"}, {"date": "2021-11-14-23-00-00", "latency": "195"}, {"date": "2021-11-14-23-00-00", "latency": "195"}, {"date": "2021-11-14-23-00-00", "latency": "195"}, {"date": "2021-11-14-23-00-00", "latency": "195"}, {"date": "2021-11-14-23-00-00", "latency": "195"}, {"date": "2021-11-14-23-00-00", "latency": "195"}, {"date": "2021-11-14-23-00-00", "latency": "195"}, {"date": "2021-11-14-23-00-00", "latency": "195"}, {"date": "2021-11-14-23-00-00", "latency": "195"}, {"date": "2021-11-14-23-00-00", "latency": "195"}, {"date": "2021-11-14-23-00-00", "latency": "195"}, {"date": "2021-11-14-23-00-00", "latency": "195"}, {"date": "2021-11-14-23-00-00", "latency": "195"}, {"date": "2021-11-14-23-00-00", "latency": "195"}, {"date": "2021-11-14-23-00-00", "latency": "195"}, {"date": "2021-11-14-23-00-00", "latency": "195"}, {"date": "2021-11-14-23-00-00", "latency": "195"}]}, {"location": {"country_code": "ca", "region": "Newfoundland and Labrador"}, "game_id": "319965", "values": [{"date": "2021-11-14-02-00-00", "latency": "50"}]}, {"location": {"country_code": "us", "region": "Alabama", "city": "Auburn"}, "game_id": "319965", "values": [{"date": "2021-11-14-03-00-00", "latency": "50"}, {"date": "2021-11-14-03-00-00", "latency": "50"}, {"date": "2021-11-14-03-00-00", "latency": "50"}, {"date": "2021-11-14-03-00-00", "latency": "50"}]}, {"location": {"country_code": "es", "region": "Andalusia", "city": "La Linea de la Concepcion"}, "game_id": "319965", "values": [{"date": "2021-11-14-01-00-00", "latency": "50"}]}, {"location": {"country_code": "jp", "region": "Kyoto"}, "game_id": "319965", "values": [{"date": "2021-11-15-01-00-00", "latency": "52"}, {"date": "2021-11-15-01-00-00", "latency": "52"}, {"date": "2021-11-15-01-00-00", "latency": "52"}, {"date": "2021-11-15-01-00-00", "latency": "52"}, {"date": "2021-11-15-01-00-00", "latency": "52"}, {"date": "2021-11-15-01-00-00", "latency": "52"}, {"date": "2021-11-15-01-00-00", "latency": "52"}, {"date": "2021-11-15-01-00-00", "latency": "52"}]}, {"location": {"country_code": "mx", "region": "Jalisco"}, "game_id": "319965", "values": [{"date": "2021-11-14-06-00-00", "latency": "50"}, {"date": "2021-11-14-06-00-00", "latency": "50"}, {"date": "2021-11-14-06-00-00", "latency": "50"}, {"date": "2021-11-14-06-00-00", "latency": "50"}]}, {"location": {"country_code": "de", "region": "North Rhine-Westphalia", "city": "Dusseldorf"}, "game_id": "319965", "values": [{"date": "2021-11-14-21-00-00", "latency": "62"}, {"date": "2021-11-14-21-00-00", "latency": "62"}, {"date": "2021-11-14-21-00-00", "latency": "62"}]}, {"location": {"country_code": "ca", "region": "Ontario", "city": "Port Colborne"}, "game_id": "319965", "values": [{"date": "2021-11-14-20-00-00", "latency": "217"}, {"date": "2021-11-14-20-00-00", "latency": "217"}]}, {"location": {"country_code": "es", "region": "Basque Country", "city": "Bilbao"}, "game_id": "319965", "values": [{"date": "2021-11-14-02-00-00", "latency": "50"}]}, {"location": {"country_code": "us", "region": "New England Township"}, "game_id": "319965", "values": [{"date": "2021-11-14-06-00-00", "latency": "58"}, {"date": "2021-11-14-06-00-00", "latency": "58"}, {"date": "2021-11-14-06-00-00", "latency": "58"}, {"date": "2021-11-14-06-00-00", "latency": "58"}, {"date": "2021-11-14-06-00-00", "latency": "58"}, {"date": "2021-11-14-06-00-00", "latency": "58"}, {"date": "2021-11-14-06-00-00", "latency": "58"}]}, {"location": {"country_code": "us", "region": "Iowa", "city": "Cedar Rapids"}, "game_id": "319965", "values": [{"date": "2021-11-14-05-00-00", "latency": "59"}]}, {"location": {"country_code": "ca", "region": "Ontario", "city": "Mississauga"}, "game_id": "319965", "values": [{"date": "2021-11-14-05-00-00", "latency": "50"}, {"date": "2021-11-14-05-00-00", "latency": "50"}, {"date": "2021-11-14-05-00-00", "latency": "50"}, {"date": "2021-11-14-05-00-00", "latency": "50"}, {"date": "2021-11-14-05-00-00", "latency": "50"}, {"date": "2021-11-14-05-00-00", "latency": "50"}, {"date": "2021-11-14-05-00-00", "latency": "50"}, {"date": "2021-11-14-05-00-00", "latency": "50"}, {"date": "2021-11-14-05-00-00", "latency": "50"}, {"date": "2021-11-14-05-00-00", "latency": "50"}, {"date": "2021-11-14-05-00-00", "latency": "50"}]}, {"location": {"country_code": "us", "region": "Texas", "city": "Killeen"}, "game_id": "319965", "values": [{"date": "2021-11-14-09-00-00", "latency": "50"}, {"date": "2021-11-14-09-00-00", "latency": "50"}]}, {"location": {"country_code": "us", "region": "Virginia", "city": "Reston"}, "game_id": "319965", "values": [{"date": "2021-11-14-22-00-00", "latency": "94"}, {"date": "2021-11-14-22-00-00", "latency": "94"}, {"date": "2021-11-14-22-00-00", "latency": "94"}, {"date": "2021-11-14-22-00-00", "latency": "94"}, {"date": "2021-11-14-22-00-00", "latency": "94"}, {"date": "2021-11-14-22-00-00", "latency": "94"}, {"date": "2021-11-14-22-00-00", "latency": "94"}, {"date": "2021-11-14-22-00-00", "latency": "94"}, {"date": "2021-11-14-22-00-00", "latency": "94"}, {"date": "2021-11-14-22-00-00", "latency": "94"}, {"date": "2021-11-14-22-00-00", "latency": "94"}, {"date": "2021-11-14-22-00-00", "latency": "94"}, {"date": "2021-11-14-22-00-00", "latency": "94"}, {"date": "2021-11-14-22-00-00", "latency": "94"}, {"date": "2021-11-14-22-00-00", "latency": "94"}, {"date": "2021-11-14-22-00-00", "latency": "94"}, {"date": "2021-11-14-22-00-00", "latency": "94"}, {"date": "2021-11-14-22-00-00", "latency": "94"}, {"date": "2021-11-14-22-00-00", "latency": "94"}, {"date": "2021-11-14-22-00-00", "latency": "94"}, {"date": "2021-11-14-22-00-00", "latency": "94"}, {"date": "2021-11-14-22-00-00", "latency": "94"}, {"date": "2021-11-14-22-00-00", "latency": "94"}]}, {"location": {"country_code": "de", "region": "Berlin"}, "game_id": "319965", "values": [{"date": "2021-11-14-18-00-00", "latency": "50"}, {"date": "2021-11-14-18-00-00", "latency": "50"}, {"date": "2021-11-14-18-00-00", "latency": "50"}, {"date": "2021-11-14-18-00-00", "latency": "50"}, {"date": "2021-11-14-18-00-00", "latency": "50"}, {"date": "2021-11-14-18-00-00", "latency": "50"}, {"date": "2021-11-14-18-00-00", "latency": "50"}, {"date": "2021-11-14-18-00-00", "latency": "50"}, {"date": "2021-11-14-18-00-00", "latency": "50"}]}, {"location": {"country_code": "ca", "region": "Ontario", "city": "Stratford"}, "game_id": "319965", "values": [{"date": "2021-11-14-06-00-00", "latency": "80"}, {"date": "2021-11-14-06-00-00", "latency": "80"}, {"date": "2021-11-14-06-00-00", "latency": "80"}, {"date": "2021-11-14-06-00-00", "latency": "80"}, {"date": "2021-11-14-06-00-00", "latency": "80"}, {"date": "2021-11-14-06-00-00", "latency": "80"}, {"date": "2021-11-14-06-00-00", "latency": "80"}, {"date": "2021-11-14-06-00-00", "latency": "80"}]}, {"location": {"country_code": "es", "region": "Andalusia", "city": "Alcala del Valle"}, "game_id": "319965", "values": [{"date": "2021-11-15-00-00-00", "latency": "180"}, {"date": "2021-11-15-00-00-00", "latency": "180"}, {"date": "2021-11-15-00-00-00", "latency": "180"}, {"date": "2021-11-15-00-00-00", "latency": "180"}, {"date": "2021-11-15-00-00-00", "latency": "180"}, {"date": "2021-11-15-00-00-00", "latency": "180"}, {"date": "2021-11-15-00-00-00", "latency": "180"}]}, {"location": {"country_code": "bg", "region": "Yambol", "city": "Elhovo"}, "game_id": "319965", "values": [{"date": "2021-11-14-01-00-00", "latency": "3"}]}, {"location": {"country_code": "fr", "region": "Alvernia-Rodano-Alpi", "city": "Chamonix-Mont-Blanc"}, "game_id": "319965", "values": [{"date": "2021-11-14-18-00-00", "latency": "70"}, {"date": "2021-11-14-18-00-00", "latency": "70"}, {"date": "2021-11-14-18-00-00", "latency": "70"}, {"date": "2021-11-14-18-00-00", "latency": "70"}, {"date": "2021-11-14-18-00-00", "latency": "70"}, {"date": "2021-11-14-18-00-00", "latency": "70"}, {"date": "2021-11-14-18-00-00", "latency": "70"}, {"date": "2021-11-14-18-00-00", "latency": "70"}, {"date": "2021-11-14-18-00-00", "latency": "70"}, {"date": "2021-11-14-18-00-00", "latency": "70"}, {"date": "2021-11-14-18-00-00", "latency": "70"}, {"date": "2021-11-14-18-00-00", "latency": "70"}, {"date": "2021-11-14-18-00-00", "latency": "70"}, {"date": "2021-11-14-18-00-00", "latency": "70"}, {"date": "2021-11-14-18-00-00", "latency": "70"}]}, {"location": {"country_code": "es", "region": "Valencia", "city": "Alcoi / Alcoy"}, "game_id": "319965", "values": [{"date": "2021-11-14-19-00-00", "latency": "60"}, {"date": "2021-11-14-19-00-00", "latency": "60"}, {"date": "2021-11-14-19-00-00", "latency": "60"}, {"date": "2021-11-14-19-00-00", "latency": "60"}]}, {"location": {"country_code": "fr", "region": "Occitanie", "city": "Gardie"}, "game_id": "319965", "values": [{"date": "2021-11-14-08-00-00", "latency": "50"}, {"date": "2021-11-14-08-00-00", "latency": "50"}, {"date": "2021-11-14-08-00-00", "latency": "50"}, {"date": "2021-11-14-08-00-00", "latency": "50"}, {"date": "2021-11-14-08-00-00", "latency": "50"}, {"date": "2021-11-14-08-00-00", "latency": "50"}, {"date": "2021-11-14-08-00-00", "latency": "50"}, {"date": "2021-11-14-08-00-00", "latency": "50"}, {"date": "2021-11-14-08-00-00", "latency": "50"}, {"date": "2021-11-14-08-00-00", "latency": "50"}]}], "last_updated": 1719915096.246495}