{"data": [{"location": {"country_code": "us"}, "game_id": "101342", "values": [{"date": "2024-06-11-00-00-00", "latency": 7}, {"date": "2024-06-10-02-00-00", "latency": 67}, {"date": "2024-06-10-02-00-00", "latency": 67}, {"date": "2024-06-10-02-00-00", "latency": 67}, {"date": "2024-06-10-02-00-00", "latency": 67}, {"date": "2024-06-10-21-00-00", "latency": 84}, {"date": "2024-06-10-21-00-00", "latency": 84}, {"date": "2024-06-10-21-00-00", "latency": 84}, {"date": "2024-06-10-21-00-00", "latency": 84}, {"date": "2024-06-10-21-00-00", "latency": 84}, {"date": "2024-06-10-21-00-00", "latency": 84}, {"date": "2024-06-10-21-00-00", "latency": 84}, {"date": "2024-06-10-21-00-00", "latency": 84}, {"date": "2024-06-10-21-00-00", "latency": 84}, {"date": "2024-06-10-21-00-00", "latency": 84}, {"date": "2024-06-10-21-00-00", "latency": 84}, {"date": "2024-06-10-21-00-00", "latency": 84}, {"date": "2024-06-10-23-00-00", "latency": 61}, {"date": "2024-06-10-04-00-00", "latency": 38}, {"date": "2024-06-10-04-00-00", "latency": 38}]}, {"location": {"country_code": "it"}, "game_id": "101342", "values": [{"date": "2024-06-10-23-00-00", "latency": 69}, {"date": "2024-06-10-23-00-00", "latency": 69}, {"date": "2024-06-10-23-00-00", "latency": 69}, {"date": "2024-06-10-23-00-00", "latency": 69}]}, {"location": {"country_code": "za"}, "game_id": "101342", "values": [{"date": "2024-06-10-17-00-00", "latency": 203}, {"date": "2024-06-10-17-00-00", "latency": 203}, {"date": "2024-06-10-17-00-00", "latency": 203}]}, {"location": {"country_code": "ca"}, "game_id": "101342", "values": [{"date": "2024-06-10-04-00-00", "latency": 94}, {"date": "2024-06-10-04-00-00", "latency": 94}, {"date": "2024-06-10-04-00-00", "latency": 94}, {"date": "2024-06-10-04-00-00", "latency": 94}, {"date": "2024-06-10-04-00-00", "latency": 94}, {"date": "2024-06-10-04-00-00", "latency": 94}, {"date": "2024-06-10-04-00-00", "latency": 94}, {"date": "2024-06-10-04-00-00", "latency": 94}, {"date": "2024-06-10-04-00-00", "latency": 80}, {"date": "2024-06-10-04-00-00", "latency": 80}]}, {"location": {"country_code": "us", "region": "Indiana"}, "game_id": "101342", "values": [{"date": "2024-06-11-01-00-00", "latency": 85}, {"date": "2024-06-11-01-00-00", "latency": 85}, {"date": "2024-06-11-01-00-00", "latency": 85}, {"date": "2024-06-11-01-00-00", "latency": 85}, {"date": "2024-06-11-01-00-00", "latency": 85}, {"date": "2024-06-11-01-00-00", "latency": 85}]}, {"location": {"country_code": "gb", "region": "Scotland"}, "game_id": "101342", "values": [{"date": "2024-06-10-23-00-00", "latency": 124}, {"date": "2024-06-10-23-00-00", "latency": 124}, {"date": "2024-06-10-23-00-00", "latency": 124}]}, {"location": {"country_code": "us", "region": "Florida"}, "game_id": "101342", "values": [{"date": "2024-06-10-06-00-00", "latency": 8}, {"date": "2024-06-10-06-00-00", "latency": 8}, {"date": "2024-06-10-06-00-00", "latency": 8}, {"date": "2024-06-10-06-00-00", "latency": 8}, {"date": "2024-06-10-06-00-00", "latency": 8}]}, {"location": {"country_code": "ph"}, "game_id": "101342", "values": [{"date": "2024-06-10-15-00-00", "latency": 94}]}, {"location": {"country_code": "fr"}, "game_id": "101342", "values": [{"date": "2024-06-10-20-00-00", "latency": 9}, {"date": "2024-06-10-11-00-00", "latency": 49}, {"date": "2024-06-10-11-00-00", "latency": 49}, {"date": "2024-06-10-11-00-00", "latency": 49}, {"date": "2024-06-10-04-00-00", "latency": 67}, {"date": "2024-06-10-04-00-00", "latency": 67}, {"date": "2024-06-10-04-00-00", "latency": 67}, {"date": "2024-06-10-04-00-00", "latency": 67}, {"date": "2024-06-10-04-00-00", "latency": 67}, {"date": "2024-06-10-04-00-00", "latency": 67}, {"date": "2024-06-10-04-00-00", "latency": 67}, {"date": "2024-06-10-04-00-00", "latency": 67}, {"date": "2024-06-10-04-00-00", "latency": 67}, {"date": "2024-06-10-04-00-00", "latency": 67}, {"date": "2024-06-10-04-00-00", "latency": 67}, {"date": "2024-06-10-04-00-00", "latency": 67}, {"date": "2024-06-10-04-00-00", "latency": 67}]}, {"location": {"country_code": "us", "region": "New Jersey"}, "game_id": "101342", "values": [{"date": "2024-06-10-02-00-00", "latency": 47}, {"date": "2024-06-10-02-00-00", "latency": 47}, {"date": "2024-06-10-02-00-00", "latency": 47}, {"date": "2024-06-10-02-00-00", "latency": 47}, {"date": "2024-06-10-02-00-00", "latency": 47}, {"date": "2024-06-10-02-00-00", "latency": 47}, {"date": "2024-06-10-02-00-00", "latency": 47}, {"date": "2024-06-10-04-00-00", "latency": 68}, {"date": "2024-06-10-04-00-00", "latency": 68}, {"date": "2024-06-10-04-00-00", "latency": 68}, {"date": "2024-06-10-04-00-00", "latency": 68}]}, {"location": {"country_code": "br"}, "game_id": "101342", "values": [{"date": "2024-06-10-23-00-00", "latency": 225}, {"date": "2024-06-10-23-00-00", "latency": 225}, {"date": "2024-06-10-23-00-00", "latency": 225}, {"date": "2024-06-10-23-00-00", "latency": 225}, {"date": "2024-06-10-23-00-00", "latency": 225}]}, {"location": {"country_code": "au"}, "game_id": "101342", "values": [{"date": "2024-06-10-12-00-00", "latency": 9}]}, {"location": {"country_code": "es"}, "game_id": "101342", "values": [{"date": "2024-06-11-01-00-00", "latency": 36}, {"date": "2024-06-11-01-00-00", "latency": 36}]}, {"location": {"country_code": "us", "region": "Michigan"}, "game_id": "101342", "values": [{"date": "2024-06-10-16-00-00", "latency": 6}, {"date": "2024-06-10-16-00-00", "latency": 6}]}, {"location": {"country_code": "at"}, "game_id": "101342", "values": [{"date": "2024-06-10-21-00-00", "latency": 142}]}, {"location": {"country_code": "us", "region": "North Carolina"}, "game_id": "101342", "values": [{"date": "2024-06-10-15-00-00", "latency": 76}, {"date": "2024-06-10-15-00-00", "latency": 76}, {"date": "2024-06-10-15-00-00", "latency": 76}, {"date": "2024-06-10-15-00-00", "latency": 76}, {"date": "2024-06-10-15-00-00", "latency": 76}, {"date": "2024-06-10-15-00-00", "latency": 76}, {"date": "2024-06-10-15-00-00", "latency": 76}, {"date": "2024-06-10-15-00-00", "latency": 76}, {"date": "2024-06-10-15-00-00", "latency": 76}, {"date": "2024-06-10-15-00-00", "latency": 76}, {"date": "2024-06-10-15-00-00", "latency": 76}, {"date": "2024-06-10-15-00-00", "latency": 76}, {"date": "2024-06-10-15-00-00", "latency": 76}, {"date": "2024-06-10-15-00-00", "latency": 76}]}, {"location": {"country_code": "us", "region": "Wisconsin"}, "game_id": "101342", "values": [{"date": "2024-06-10-02-00-00", "latency": 89}, {"date": "2024-06-10-02-00-00", "latency": 89}, {"date": "2024-06-10-02-00-00", "latency": 89}, {"date": "2024-06-10-02-00-00", "latency": 89}, {"date": "2024-06-10-02-00-00", "latency": 89}, {"date": "2024-06-10-02-00-00", "latency": 89}]}, {"location": {"country_code": "us", "region": "Pennsylvania"}, "game_id": "101342", "values": [{"date": "2024-06-11-02-00-00", "latency": 156}, {"date": "2024-06-11-02-00-00", "latency": 156}]}, {"location": {"country_code": "pt"}, "game_id": "101342", "values": [{"date": "2024-06-10-03-00-00", "latency": 87}, {"date": "2024-06-10-03-00-00", "latency": 87}, {"date": "2024-06-10-03-00-00", "latency": 87}, {"date": "2024-06-10-03-00-00", "latency": 87}, {"date": "2024-06-10-03-00-00", "latency": 87}, {"date": "2024-06-10-03-00-00", "latency": 87}, {"date": "2024-06-10-03-00-00", "latency": 87}, {"date": "2024-06-10-03-00-00", "latency": 87}, {"date": "2024-06-10-03-00-00", "latency": 87}, {"date": "2024-06-10-03-00-00", "latency": 87}, {"date": "2024-06-10-03-00-00", "latency": 87}, {"date": "2024-06-10-03-00-00", "latency": 87}, {"date": "2024-06-10-03-00-00", "latency": 87}, {"date": "2024-06-10-03-00-00", "latency": 87}, {"date": "2024-06-10-03-00-00", "latency": 87}, {"date": "2024-06-10-03-00-00", "latency": 87}]}, {"location": {"country_code": "br", "region": "Rio Grande do Sul"}, "game_id": "101342", "values": [{"date": "2024-06-11-01-00-00", "latency": 68}]}, {"location": {"country_code": "us", "region": "State of Maine"}, "game_id": "101342", "values": [{"date": "2024-06-11-00-00-00", "latency": 164}]}, {"location": {"country_code": "us", "region": "Georgia", "city": "Atlanta"}, "game_id": "101342", "values": [{"date": "2024-06-10-23-00-00", "latency": 3}, {"date": "2024-06-10-23-00-00", "latency": 3}, {"date": "2024-06-10-23-00-00", "latency": 3}]}, {"location": {"country_code": "lv"}, "game_id": "101342", "values": [{"date": "2024-06-10-10-00-00", "latency": 48}, {"date": "2024-06-10-10-00-00", "latency": 48}]}, {"location": {"country_code": "gb", "region": "England", "city": "Reading"}, "game_id": "101342", "values": [{"date": "2024-06-11-00-00-00", "latency": 5}]}, {"location": {"country_code": "us", "region": "New York", "city": "East Syracuse"}, "game_id": "101342", "values": [{"date": "2024-06-10-09-00-00", "latency": 115}, {"date": "2024-06-10-09-00-00", "latency": 115}, {"date": "2024-06-10-09-00-00", "latency": 115}, {"date": "2024-06-10-09-00-00", "latency": 115}, {"date": "2024-06-10-09-00-00", "latency": 115}, {"date": "2024-06-10-09-00-00", "latency": 115}]}, {"location": {"country_code": "ru", "region": "Leningrad"}, "game_id": "101342", "values": [{"date": "2024-06-10-19-00-00", "latency": 106}]}], "last_updated": 1719919371.738585}