{"data": [{"location": {"country_code": "us"}, "game_id": "135305", "values": [{"date": "2024-01-17-18-00-00", "alternatives": ["39", "69", "39"]}, {"date": "2024-01-17-18-00-00", "alternatives": ["39", "69", "39"]}, {"date": "2024-01-17-18-00-00", "alternatives": ["39", "69", "39"]}, {"date": "2024-01-17-18-00-00", "alternatives": ["39", "69", "39"]}, {"date": "2024-01-17-17-00-00", "alternatives": ["189", "189", "100"]}, {"date": "2024-01-17-01-00-00", "alternatives": ["1635", "163", "163"]}, {"date": "2024-01-17-01-00-00", "alternatives": ["1635", "163", "163"]}, {"date": "2024-01-17-22-00-00", "alternatives": [42, 42, 42, 42]}, {"date": "2024-01-17-05-00-00", "alternatives": ["82", "82300", "82"]}, {"date": "2024-01-17-05-00-00", "alternatives": ["82", "82300", "82"]}, {"date": "2024-01-17-05-00-00", "alternatives": ["82", "82300", "82"]}, {"date": "2024-01-18-01-00-00", "alternatives": ["12", "2", "12"]}, {"date": "2024-01-18-01-00-00", "alternatives": ["12", "2", "12"]}, {"date": "2024-01-17-02-00-00", "alternatives": [1, 44, 44, 44]}, {"date": "2024-01-17-03-00-00", "alternatives": ["33", "33", "330"]}]}, {"location": {"country_code": "us", "region": "New York", "city": "Jamestown"}, "game_id": "135305", "values": [{"date": "2024-01-17-23-00-00", "alternatives": ["10", "0", "10"]}, {"date": "2024-01-17-23-00-00", "alternatives": ["10", "0", "10"]}, {"date": "2024-01-17-23-00-00", "alternatives": ["10", "0", "10"]}]}, {"location": {"country_code": "gb"}, "game_id": "135305", "values": [{"date": "2024-01-17-01-00-00", "alternatives": ["31", "31", "3"]}, {"date": "2024-01-17-07-00-00", "alternatives": [14, 4, 114, 114, 114]}, {"date": "2024-01-17-07-00-00", "alternatives": [14, 4, 114, 114, 114]}]}, {"location": {"country_code": "th"}, "game_id": "135305", "values": [{"date": "2024-01-17-11-00-00", "alternatives": ["117", "117", "17"]}, {"date": "2024-01-17-11-00-00", "alternatives": ["117", "117", "17"]}, {"date": "2024-01-17-11-00-00", "alternatives": ["117", "117", "17"]}]}, {"location": {"country_code": "gr"}, "game_id": "135305", "values": [{"date": "2024-01-17-19-00-00", "alternatives": [14, 44, 44, 44]}, {"date": "2024-01-17-19-00-00", "alternatives": [14, 44, 44, 44]}, {"date": "2024-01-17-19-00-00", "alternatives": [14, 44, 44, 44]}, {"date": "2024-01-17-19-00-00", "alternatives": [14, 44, 44, 44]}]}, {"location": {"country_code": "pa", "region": "Panama Oeste Province", "city": "La Chorrera"}, "game_id": "135305", "values": [{"date": "2024-01-17-03-00-00", "alternatives": ["86", "86", "6"]}]}, {"location": {"country_code": "nl"}, "game_id": "135305", "values": [{"date": "2024-01-17-22-00-00", "alternatives": ["101", "101", "10"]}]}, {"location": {"country_code": "it"}, "game_id": "135305", "values": [{"date": "2024-01-17-22-00-00", "alternatives": ["5", "45", "45"]}, {"date": "2024-01-17-02-00-00", "alternatives": ["7", "5", "5"]}, {"date": "2024-01-17-23-00-00", "alternatives": ["59", "59", "539"]}, {"date": "2024-01-17-23-00-00", "alternatives": ["59", "59", "539"]}, {"date": "2024-01-17-18-00-00", "alternatives": [94, 34, 34, 34]}, {"date": "2024-01-17-18-00-00", "alternatives": [94, 34, 34, 34]}, {"date": "2024-01-17-18-00-00", "alternatives": [94, 34, 34, 34]}, {"date": "2024-01-17-18-00-00", "alternatives": [94, 34, 34, 34]}, {"date": "2024-01-17-18-00-00", "alternatives": [94, 34, 34, 34]}, {"date": "2024-01-17-15-00-00", "alternatives": [13, 3, 43, 43, 43]}, {"date": "2024-01-17-15-00-00", "alternatives": [13, 3, 43, 43, 43]}, {"date": "2024-01-17-15-00-00", "alternatives": [13, 3, 43, 43, 43]}, {"date": "2024-01-17-15-00-00", "alternatives": [13, 3, 43, 43, 43]}, {"date": "2024-01-17-15-00-00", "alternatives": [13, 3, 43, 43, 43]}, {"date": "2024-01-17-15-00-00", "alternatives": [13, 3, 43, 43, 43]}, {"date": "2024-01-17-15-00-00", "alternatives": [13, 3, 43, 43, 43]}]}, {"location": {"country_code": "jp"}, "game_id": "135305", "values": [{"date": "2024-01-17-16-00-00", "alternatives": ["16", "6", "16"]}, {"date": "2024-01-17-16-00-00", "alternatives": ["16", "6", "16"]}, {"date": "2024-01-17-16-00-00", "alternatives": ["16", "6", "16"]}, {"date": "2024-01-18-00-00-00", "alternatives": ["258", "288", "258"]}, {"date": "2024-01-18-00-00-00", "alternatives": ["258", "288", "258"]}, {"date": "2024-01-18-00-00-00", "alternatives": ["258", "288", "258"]}, {"date": "2024-01-18-00-00-00", "alternatives": ["258", "288", "258"]}, {"date": "2024-01-18-00-00-00", "alternatives": ["258", "288", "258"]}, {"date": "2024-01-18-00-00-00", "alternatives": ["258", "288", "258"]}, {"date": "2024-01-17-13-00-00", "alternatives": ["15", "5", "15"]}, {"date": "2024-01-17-13-00-00", "alternatives": ["15", "5", "15"]}, {"date": "2024-01-17-16-00-00", "alternatives": ["14", "4", "14"]}, {"date": "2024-01-17-16-00-00", "alternatives": ["14", "4", "14"]}, {"date": "2024-01-17-16-00-00", "alternatives": ["14", "4", "14"]}, {"date": "2024-01-17-22-00-00", "alternatives": ["7", "7", "17"]}, {"date": "2024-01-17-22-00-00", "alternatives": ["7", "7", "17"]}, {"date": "2024-01-17-22-00-00", "alternatives": ["7", "7", "17"]}, {"date": "2024-01-17-22-00-00", "alternatives": ["7", "7", "17"]}, {"date": "2024-01-17-22-00-00", "alternatives": ["7", "7", "17"]}, {"date": "2024-01-17-22-00-00", "alternatives": ["7", "7", "17"]}, {"date": "2024-01-17-22-00-00", "alternatives": ["7", "7", "17"]}, {"date": "2024-01-17-22-00-00", "alternatives": ["7", "7", "17"]}, {"date": "2024-01-17-22-00-00", "alternatives": ["7", "7", "17"]}, {"date": "2024-01-17-22-00-00", "alternatives": ["7", "7", "17"]}, {"date": "2024-01-17-22-00-00", "alternatives": ["7", "7", "17"]}, {"date": "2024-01-17-22-00-00", "alternatives": ["7", "7", "17"]}, {"date": "2024-01-17-22-00-00", "alternatives": ["7", "7", "17"]}, {"date": "2024-01-17-22-00-00", "alternatives": ["7", "7", "17"]}, {"date": "2024-01-17-22-00-00", "alternatives": ["7", "7", "17"]}, {"date": "2024-01-17-22-00-00", "alternatives": ["7", "7", "17"]}, {"date": "2024-01-17-22-00-00", "alternatives": ["7", "7", "17"]}, {"date": "2024-01-17-22-00-00", "alternatives": ["7", "7", "17"]}, {"date": "2024-01-17-22-00-00", "alternatives": ["7", "7", "17"]}, {"date": "2024-01-17-22-00-00", "alternatives": ["7", "7", "17"]}, {"date": "2024-01-17-22-00-00", "alternatives": ["7", "7", "17"]}, {"date": "2024-01-17-22-00-00", "alternatives": ["7", "7", "17"]}, {"date": "2024-01-17-22-00-00", "alternatives": ["7", "7", "17"]}, {"date": "2024-01-17-22-00-00", "alternatives": ["7", "7", "17"]}, {"date": "2024-01-17-22-00-00", "alternatives": ["7", "7", "17"]}, {"date": "2024-01-17-22-00-00", "alternatives": ["7", "7", "17"]}, {"date": "2024-01-17-22-00-00", "alternatives": ["7", "7", "17"]}, {"date": "2024-01-17-22-00-00", "alternatives": ["7", "7", "17"]}, {"date": "2024-01-17-22-00-00", "alternatives": ["7", "7", "17"]}, {"date": "2024-01-17-23-00-00", "alternatives": ["25", "26", "25"]}, {"date": "2024-01-17-04-00-00", "alternatives": ["12", "2", "12"]}, {"date": "2024-01-17-17-00-00", "alternatives": ["9", "19", "19"]}, {"date": "2024-01-17-17-00-00", "alternatives": ["9", "19", "19"]}, {"date": "2024-01-17-17-00-00", "alternatives": ["9", "19", "19"]}, {"date": "2024-01-17-17-00-00", "alternatives": ["9", "19", "19"]}, {"date": "2024-01-17-17-00-00", "alternatives": ["9", "19", "19"]}, {"date": "2024-01-17-17-00-00", "alternatives": ["9", "19", "19"]}, {"date": "2024-01-17-05-00-00", "alternatives": ["15", "5", "15"]}, {"date": "2024-01-17-05-00-00", "alternatives": ["15", "5", "15"]}, {"date": "2024-01-17-05-00-00", "alternatives": ["15", "5", "15"]}, {"date": "2024-01-17-05-00-00", "alternatives": ["15", "5", "15"]}, {"date": "2024-01-17-05-00-00", "alternatives": ["15", "5", "15"]}, {"date": "2024-01-17-05-00-00", "alternatives": ["15", "5", "15"]}, {"date": "2024-01-17-05-00-00", "alternatives": ["15", "5", "15"]}, {"date": "2024-01-17-05-00-00", "alternatives": ["15", "5", "15"]}, {"date": "2024-01-17-18-00-00", "alternatives": ["12", "2", "12"]}, {"date": "2024-01-17-14-00-00", "alternatives": ["48", "48", "4"]}, {"date": "2024-01-18-01-00-00", "alternatives": [14, 144, 144, 144]}, {"date": "2024-01-18-01-00-00", "alternatives": [14, 144, 144, 144]}, {"date": "2024-01-17-23-00-00", "alternatives": [4, 14, 44, 44, 44]}, {"date": "2024-01-17-23-00-00", "alternatives": [4, 14, 44, 44, 44]}, {"date": "2024-01-17-23-00-00", "alternatives": [4, 14, 44, 44, 44]}, {"date": "2024-01-17-18-00-00", "alternatives": ["14", "4", "14"]}, {"date": "2024-01-17-18-00-00", "alternatives": ["14", "4", "14"]}, {"date": "2024-01-17-18-00-00", "alternatives": ["12", "2", "12"]}, {"date": "2024-01-17-18-00-00", "alternatives": ["12", "2", "12"]}, {"date": "2024-01-17-18-00-00", "alternatives": ["12", "2", "12"]}, {"date": "2024-01-18-00-00-00", "alternatives": ["270", "270", "210"]}, {"date": "2024-01-17-23-00-00", "alternatives": ["14", "4", "14"]}, {"date": "2024-01-17-23-00-00", "alternatives": ["14", "4", "14"]}, {"date": "2024-01-17-23-00-00", "alternatives": ["14", "4", "14"]}]}, {"location": {"country_code": "jp", "region": "Tokyo"}, "game_id": "135305", "values": [{"date": "2024-01-17-10-00-00", "alternatives": [16, 176, 76, 176, 176]}, {"date": "2024-01-17-10-00-00", "alternatives": [16, 176, 76, 176, 176]}, {"date": "2024-01-17-10-00-00", "alternatives": [16, 176, 76, 176, 176]}, {"date": "2024-01-17-10-00-00", "alternatives": [16, 176, 76, 176, 176]}]}, {"location": {"country_code": "ca"}, "game_id": "135305", "values": [{"date": "2024-01-17-18-00-00", "alternatives": [15, 115, 5, 115, 115]}, {"date": "2024-01-17-18-00-00", "alternatives": [15, 115, 5, 115, 115]}, {"date": "2024-01-17-18-00-00", "alternatives": [15, 115, 5, 115, 115]}, {"date": "2024-01-17-18-00-00", "alternatives": [15, 115, 5, 115, 115]}, {"date": "2024-01-17-18-00-00", "alternatives": [15, 115, 5, 115, 115]}, {"date": "2024-01-17-05-00-00", "alternatives": ["80", "08", "80"]}, {"date": "2024-01-17-05-00-00", "alternatives": ["80", "08", "80"]}, {"date": "2024-01-17-02-00-00", "alternatives": [49, 6, 39, 49, 49]}, {"date": "2024-01-17-02-00-00", "alternatives": [49, 6, 39, 49, 49]}, {"date": "2024-01-18-00-00-00", "alternatives": ["88", "88", "8"]}, {"date": "2024-01-18-00-00-00", "alternatives": ["88", "88", "8"]}, {"date": "2024-01-18-00-00-00", "alternatives": ["88", "88", "8"]}, {"date": "2024-01-18-00-00-00", "alternatives": ["88", "88", "8"]}, {"date": "2024-01-18-00-00-00", "alternatives": ["88", "88", "8"]}, {"date": "2024-01-18-00-00-00", "alternatives": ["88", "88", "8"]}, {"date": "2024-01-18-00-00-00", "alternatives": ["88", "88", "8"]}, {"date": "2024-01-18-00-00-00", "alternatives": ["88", "88", "8"]}, {"date": "2024-01-18-00-00-00", "alternatives": ["88", "88", "8"]}, {"date": "2024-01-18-00-00-00", "alternatives": ["88", "88", "8"]}]}, {"location": {"country_code": "ch"}, "game_id": "135305", "values": [{"date": "2024-01-17-21-00-00", "alternatives": ["38", "38", "18"]}]}, {"location": {"country_code": "de"}, "game_id": "135305", "values": [{"date": "2024-01-17-18-00-00", "alternatives": ["12", "12", "2"]}, {"date": "2024-01-17-20-00-00", "alternatives": ["15", "5", "15"]}, {"date": "2024-01-17-23-00-00", "alternatives": ["29", "26", "29"]}, {"date": "2024-01-17-23-00-00", "alternatives": ["29", "26", "29"]}, {"date": "2024-01-17-16-00-00", "alternatives": ["28", "28", "128"]}, {"date": "2024-01-17-16-00-00", "alternatives": ["28", "28", "128"]}, {"date": "2024-01-17-16-00-00", "alternatives": ["28", "28", "128"]}, {"date": "2024-01-17-16-00-00", "alternatives": ["28", "28", "128"]}, {"date": "2024-01-17-18-00-00", "alternatives": [2, 20, 20, 20]}, {"date": "2024-01-17-18-00-00", "alternatives": [2, 20, 20, 20]}, {"date": "2024-01-17-18-00-00", "alternatives": [2, 20, 20, 20]}, {"date": "2024-01-17-18-00-00", "alternatives": [2, 20, 20, 20]}, {"date": "2024-01-17-18-00-00", "alternatives": [2, 20, 20, 20]}, {"date": "2024-01-17-18-00-00", "alternatives": [2, 20, 20, 20]}, {"date": "2024-01-17-20-00-00", "alternatives": ["29", "9", "29"]}, {"date": "2024-01-17-20-00-00", "alternatives": ["29", "9", "29"]}, {"date": "2024-01-17-20-00-00", "alternatives": ["29", "9", "29"]}, {"date": "2024-01-17-20-00-00", "alternatives": ["29", "9", "29"]}, {"date": "2024-01-17-20-00-00", "alternatives": ["21", "21", "2"]}, {"date": "2024-01-17-12-00-00", "alternatives": ["53", "53", "7"]}]}, {"location": {"country_code": "de", "region": "Bavaria", "city": "Memmingen"}, "game_id": "135305", "values": [{"date": "2024-01-17-23-00-00", "alternatives": ["33", "3", "33"]}]}, {"location": {"country_code": "tw"}, "game_id": "135305", "values": [{"date": "2024-01-17-10-00-00", "alternatives": ["0", "50", "50"]}, {"date": "2024-01-17-09-00-00", "alternatives": ["7", "7", "51"]}, {"date": "2024-01-17-09-00-00", "alternatives": ["7", "7", "51"]}, {"date": "2024-01-17-09-00-00", "alternatives": ["7", "7", "51"]}, {"date": "2024-01-17-09-00-00", "alternatives": ["7", "7", "51"]}, {"date": "2024-01-17-18-00-00", "alternatives": [99, 66, 99, 99]}, {"date": "2024-01-17-18-00-00", "alternatives": [99, 66, 99, 99]}, {"date": "2024-01-17-18-00-00", "alternatives": [99, 66, 99, 99]}, {"date": "2024-01-17-18-00-00", "alternatives": [99, 66, 99, 99]}, {"date": "2024-01-17-18-00-00", "alternatives": [99, 66, 99, 99]}, {"date": "2024-01-17-18-00-00", "alternatives": [99, 66, 99, 99]}]}, {"location": {"country_code": "gb", "region": "England"}, "game_id": "135305", "values": [{"date": "2024-01-17-09-00-00", "alternatives": ["27", "21", "27"]}]}, {"location": {"country_code": "cl"}, "game_id": "135305", "values": [{"date": "2024-01-17-22-00-00", "alternatives": [49, 6, 149, 149, 149]}, {"date": "2024-01-17-22-00-00", "alternatives": [49, 6, 149, 149, 149]}, {"date": "2024-01-17-22-00-00", "alternatives": [49, 6, 149, 149, 149]}, {"date": "2024-01-17-22-00-00", "alternatives": [49, 6, 149, 149, 149]}, {"date": "2024-01-17-22-00-00", "alternatives": [49, 6, 149, 149, 149]}, {"date": "2024-01-17-22-00-00", "alternatives": [49, 6, 149, 149, 149]}, {"date": "2024-01-17-22-00-00", "alternatives": [49, 6, 149, 149, 149]}, {"date": "2024-01-17-22-00-00", "alternatives": [49, 6, 149, 149, 149]}, {"date": "2024-01-17-22-00-00", "alternatives": [49, 6, 149, 149, 149]}, {"date": "2024-01-17-22-00-00", "alternatives": [49, 6, 149, 149, 149]}, {"date": "2024-01-17-22-00-00", "alternatives": [49, 6, 149, 149, 149]}, {"date": "2024-01-17-22-00-00", "alternatives": [49, 6, 149, 149, 149]}, {"date": "2024-01-17-22-00-00", "alternatives": [49, 6, 149, 149, 149]}, {"date": "2024-01-17-22-00-00", "alternatives": [49, 6, 149, 149, 149]}, {"date": "2024-01-17-22-00-00", "alternatives": [49, 6, 149, 149, 149]}, {"date": "2024-01-17-22-00-00", "alternatives": [49, 6, 149, 149, 149]}, {"date": "2024-01-17-02-00-00", "alternatives": [44, 4, 144, 144, 144]}, {"date": "2024-01-17-02-00-00", "alternatives": [44, 4, 144, 144, 144]}, {"date": "2024-01-17-02-00-00", "alternatives": [44, 4, 144, 144, 144]}, {"date": "2024-01-17-02-00-00", "alternatives": [44, 4, 144, 144, 144]}, {"date": "2024-01-17-02-00-00", "alternatives": [44, 4, 144, 144, 144]}, {"date": "2024-01-17-06-00-00", "alternatives": [28, 1281, 128, 128, 128]}, {"date": "2024-01-17-06-00-00", "alternatives": [28, 1281, 128, 128, 128]}, {"date": "2024-01-17-06-00-00", "alternatives": [28, 1281, 128, 128, 128]}, {"date": "2024-01-17-05-00-00", "alternatives": [14, 174, 74, 174, 174]}, {"date": "2024-01-17-05-00-00", "alternatives": [14, 174, 74, 174, 174]}, {"date": "2024-01-17-05-00-00", "alternatives": [14, 174, 74, 174, 174]}, {"date": "2024-01-17-05-00-00", "alternatives": [14, 174, 74, 174, 174]}, {"date": "2024-01-17-05-00-00", "alternatives": [14, 174, 74, 174, 174]}, {"date": "2024-01-17-07-00-00", "alternatives": [1, 144, 144, 4, 144]}, {"date": "2024-01-17-07-00-00", "alternatives": [1, 144, 144, 4, 144]}, {"date": "2024-01-17-07-00-00", "alternatives": [1, 144, 144, 4, 144]}, {"date": "2024-01-17-07-00-00", "alternatives": [1, 144, 144, 4, 144]}]}, {"location": {"country_code": "us", "region": "Texas"}, "game_id": "135305", "values": [{"date": "2024-01-17-06-00-00", "alternatives": ["31", "3", "3"]}, {"date": "2024-01-17-06-00-00", "alternatives": ["31", "3", "3"]}, {"date": "2024-01-17-08-00-00", "alternatives": [3, 5, 54, 54, 54]}, {"date": "2024-01-17-08-00-00", "alternatives": [3, 5, 54, 54, 54]}, {"date": "2024-01-17-08-00-00", "alternatives": [3, 5, 54, 54, 54]}]}, {"location": {"country_code": "us", "region": "Florida"}, "game_id": "135305", "values": [{"date": "2024-01-17-18-00-00", "alternatives": ["39", "39", "30"]}]}, {"location": {"country_code": "ph"}, "game_id": "135305", "values": [{"date": "2024-01-17-20-00-00", "alternatives": ["40", "140", "140"]}, {"date": "2024-01-17-20-00-00", "alternatives": ["40", "140", "140"]}, {"date": "2024-01-17-20-00-00", "alternatives": ["40", "140", "140"]}, {"date": "2024-01-17-13-00-00", "alternatives": ["0", "3", "3"]}, {"date": "2024-01-17-13-00-00", "alternatives": ["0", "3", "3"]}, {"date": "2024-01-17-13-00-00", "alternatives": ["0", "3", "3"]}, {"date": "2024-01-17-20-00-00", "alternatives": ["11", "101", "101"]}, {"date": "2024-01-17-20-00-00", "alternatives": ["11", "101", "101"]}, {"date": "2024-01-17-14-00-00", "alternatives": [16, 76, 76, 76]}, {"date": "2024-01-17-14-00-00", "alternatives": [16, 76, 76, 76]}, {"date": "2024-01-17-14-00-00", "alternatives": [16, 76, 76, 76]}, {"date": "2024-01-17-14-00-00", "alternatives": [16, 76, 76, 76]}, {"date": "2024-01-17-14-00-00", "alternatives": [16, 76, 76, 76]}, {"date": "2024-01-17-14-00-00", "alternatives": [16, 76, 76, 76]}, {"date": "2024-01-18-01-00-00", "alternatives": ["72", "72", "77"]}, {"date": "2024-01-17-15-00-00", "alternatives": ["0", "76", "76"]}, {"date": "2024-01-17-15-00-00", "alternatives": ["0", "76", "76"]}, {"date": "2024-01-17-18-00-00", "alternatives": ["77", "22", "77"]}, {"date": "2024-01-17-18-00-00", "alternatives": ["106", "106", "06"]}, {"date": "2024-01-17-12-00-00", "alternatives": ["22", "122", "122"]}, {"date": "2024-01-17-20-00-00", "alternatives": ["7", "16", "7"]}, {"date": "2024-01-17-20-00-00", "alternatives": ["7", "16", "7"]}, {"date": "2024-01-17-20-00-00", "alternatives": ["7", "16", "7"]}, {"date": "2024-01-17-20-00-00", "alternatives": ["7", "16", "7"]}, {"date": "2024-01-17-20-00-00", "alternatives": ["7", "16", "7"]}, {"date": "2024-01-17-03-00-00", "alternatives": ["59", "59", "9"]}, {"date": "2024-01-17-10-00-00", "alternatives": ["57", "57", "37"]}, {"date": "2024-01-17-10-00-00", "alternatives": ["57", "57", "37"]}]}, {"location": {"country_code": "fr"}, "game_id": "135305", "values": [{"date": "2024-01-17-20-00-00", "alternatives": ["12", "2", "12"]}, {"date": "2024-01-17-20-00-00", "alternatives": ["12", "2", "12"]}, {"date": "2024-01-17-02-00-00", "alternatives": ["24", "2405", "24"]}, {"date": "2024-01-17-18-00-00", "alternatives": ["29", "29008", "29"]}, {"date": "2024-01-17-18-00-00", "alternatives": ["29", "29008", "29"]}, {"date": "2024-01-17-09-00-00", "alternatives": ["4", "2", "4"]}, {"date": "2024-01-17-09-00-00", "alternatives": ["4", "2", "4"]}, {"date": "2024-01-17-23-00-00", "alternatives": ["19", "9", "19"]}, {"date": "2024-01-17-23-00-00", "alternatives": ["19", "9", "19"]}, {"date": "2024-01-17-20-00-00", "alternatives": ["23", "28", "23"]}, {"date": "2024-01-17-22-00-00", "alternatives": ["18", "18", "1"]}]}, {"location": {"country_code": "us", "region": "New Jersey"}, "game_id": "135305", "values": [{"date": "2024-01-17-23-00-00", "alternatives": [12, 2, 812, 12, 12]}, {"date": "2024-01-17-23-00-00", "alternatives": [12, 2, 812, 12, 12]}, {"date": "2024-01-17-23-00-00", "alternatives": [12, 2, 812, 12, 12]}]}, {"location": {"country_code": "mx"}, "game_id": "135305", "values": [{"date": "2024-01-17-06-00-00", "alternatives": ["57", "57", "857"]}, {"date": "2024-01-17-06-00-00", "alternatives": ["57", "57", "857"]}, {"date": "2024-01-17-06-00-00", "alternatives": ["57", "57", "857"]}, {"date": "2024-01-17-06-00-00", "alternatives": ["57", "57", "857"]}, {"date": "2024-01-17-06-00-00", "alternatives": ["57", "57", "857"]}, {"date": "2024-01-17-06-00-00", "alternatives": ["57", "57", "857"]}, {"date": "2024-01-17-08-00-00", "alternatives": [0, 96, 96, 96]}, {"date": "2024-01-17-08-00-00", "alternatives": [0, 96, 96, 96]}, {"date": "2024-01-17-08-00-00", "alternatives": [0, 96, 96, 96]}, {"date": "2024-01-17-08-00-00", "alternatives": [0, 96, 96, 96]}, {"date": "2024-01-17-08-00-00", "alternatives": [0, 96, 96, 96]}, {"date": "2024-01-17-08-00-00", "alternatives": [0, 96, 96, 96]}, {"date": "2024-01-17-08-00-00", "alternatives": [0, 96, 96, 96]}, {"date": "2024-01-17-08-00-00", "alternatives": [0, 96, 96, 96]}, {"date": "2024-01-17-08-00-00", "alternatives": [0, 96, 96, 96]}, {"date": "2024-01-17-08-00-00", "alternatives": [0, 96, 96, 96]}, {"date": "2024-01-17-08-00-00", "alternatives": ["07", "107", "07"]}, {"date": "2024-01-17-08-00-00", "alternatives": ["07", "107", "07"]}, {"date": "2024-01-17-07-00-00", "alternatives": ["76", "6", "76"]}, {"date": "2024-01-17-03-00-00", "alternatives": ["76", "75", "76"]}, {"date": "2024-01-17-03-00-00", "alternatives": ["76", "75", "76"]}, {"date": "2024-01-17-08-00-00", "alternatives": ["66", "09", "66"]}, {"date": "2024-01-17-19-00-00", "alternatives": ["40", "5", "05"]}, {"date": "2024-01-17-19-00-00", "alternatives": ["40", "5", "05"]}, {"date": "2024-01-17-19-00-00", "alternatives": ["40", "5", "05"]}, {"date": "2024-01-17-19-00-00", "alternatives": ["40", "5", "05"]}, {"date": "2024-01-17-08-00-00", "alternatives": ["56", "0", "56"]}, {"date": "2024-01-17-08-00-00", "alternatives": ["56", "0", "56"]}, {"date": "2024-01-17-08-00-00", "alternatives": ["56", "0", "56"]}, {"date": "2024-01-17-03-00-00", "alternatives": [4, 144, 144, 144]}, {"date": "2024-01-17-03-00-00", "alternatives": [4, 144, 144, 144]}, {"date": "2024-01-17-03-00-00", "alternatives": [4, 144, 144, 144]}, {"date": "2024-01-17-03-00-00", "alternatives": [4, 144, 144, 144]}, {"date": "2024-01-17-03-00-00", "alternatives": [4, 144, 144, 144]}, {"date": "2024-01-17-06-00-00", "alternatives": ["68", "68", "6800"]}, {"date": "2024-01-17-06-00-00", "alternatives": ["68", "68", "6800"]}, {"date": "2024-01-17-06-00-00", "alternatives": ["89", "68", "89"]}, {"date": "2024-01-17-06-00-00", "alternatives": ["89", "68", "89"]}, {"date": "2024-01-17-06-00-00", "alternatives": ["89", "68", "89"]}]}, {"location": {"country_code": "mx", "region": "Mexico City"}, "game_id": "135305", "values": [{"date": "2024-01-17-04-00-00", "alternatives": ["78", "78", "8"]}, {"date": "2024-01-17-04-00-00", "alternatives": ["78", "78", "8"]}, {"date": "2024-01-17-04-00-00", "alternatives": ["78", "78", "8"]}, {"date": "2024-01-17-07-00-00", "alternatives": [58415, 6805, 58, 58, 58]}]}, {"location": {"country_code": "in"}, "game_id": "135305", "values": [{"date": "2024-01-17-11-00-00", "alternatives": [65, 165, 165, 165]}]}, {"location": {"country_code": "us", "region": "California"}, "game_id": "135305", "values": [{"date": "2024-01-17-07-00-00", "alternatives": ["92", "92", "72"]}, {"date": "2024-01-17-07-00-00", "alternatives": ["92", "92", "72"]}, {"date": "2024-01-18-01-00-00", "alternatives": ["85", "85", "5"]}, {"date": "2024-01-18-01-00-00", "alternatives": ["85", "85", "5"]}, {"date": "2024-01-17-07-00-00", "alternatives": ["87", "87", "7"]}, {"date": "2024-01-17-07-00-00", "alternatives": ["87", "87", "7"]}, {"date": "2024-01-17-22-00-00", "alternatives": ["74", "7", "74"]}]}, {"location": {"country_code": "br"}, "game_id": "135305", "values": [{"date": "2024-01-17-03-00-00", "alternatives": [137, 37, 137, 137]}, {"date": "2024-01-17-03-00-00", "alternatives": [137, 37, 137, 137]}, {"date": "2024-01-17-03-00-00", "alternatives": [137, 37, 137, 137]}, {"date": "2024-01-17-03-00-00", "alternatives": [137, 37, 137, 137]}, {"date": "2024-01-18-01-00-00", "alternatives": ["861", "3", "3"]}, {"date": "2024-01-18-01-00-00", "alternatives": ["861", "3", "3"]}, {"date": "2024-01-18-01-00-00", "alternatives": ["861", "3", "3"]}, {"date": "2024-01-18-01-00-00", "alternatives": ["861", "3", "3"]}, {"date": "2024-01-18-01-00-00", "alternatives": ["861", "3", "3"]}, {"date": "2024-01-17-19-00-00", "alternatives": ["72", "172", "172"]}, {"date": "2024-01-17-19-00-00", "alternatives": ["72", "172", "172"]}, {"date": "2024-01-17-19-00-00", "alternatives": ["72", "172", "172"]}, {"date": "2024-01-17-08-00-00", "alternatives": [54, 154, 154, 154]}, {"date": "2024-01-17-08-00-00", "alternatives": [54, 154, 154, 154]}, {"date": "2024-01-17-08-00-00", "alternatives": [54, 154, 154, 154]}, {"date": "2024-01-17-08-00-00", "alternatives": [54, 154, 154, 154]}, {"date": "2024-01-17-08-00-00", "alternatives": [54, 154, 154, 154]}, {"date": "2024-01-17-08-00-00", "alternatives": [54, 154, 154, 154]}, {"date": "2024-01-17-08-00-00", "alternatives": [54, 154, 154, 154]}, {"date": "2024-01-17-08-00-00", "alternatives": [54, 154, 154, 154]}, {"date": "2024-01-17-08-00-00", "alternatives": [54, 154, 154, 154]}, {"date": "2024-01-17-08-00-00", "alternatives": [54, 154, 154, 154]}, {"date": "2024-01-17-08-00-00", "alternatives": [54, 154, 154, 154]}, {"date": "2024-01-17-08-00-00", "alternatives": [54, 154, 154, 154]}, {"date": "2024-01-17-08-00-00", "alternatives": [54, 154, 154, 154]}, {"date": "2024-01-17-02-00-00", "alternatives": ["33", "133", "133"]}, {"date": "2024-01-17-02-00-00", "alternatives": ["33", "133", "133"]}, {"date": "2024-01-17-02-00-00", "alternatives": ["33", "133", "133"]}, {"date": "2024-01-17-01-00-00", "alternatives": ["157", "152", "157"]}, {"date": "2024-01-17-01-00-00", "alternatives": ["157", "152", "157"]}, {"date": "2024-01-17-01-00-00", "alternatives": ["157", "152", "157"]}, {"date": "2024-01-18-01-00-00", "alternatives": [13, 103, 103, 103]}, {"date": "2024-01-18-01-00-00", "alternatives": [13, 103, 103, 103]}, {"date": "2024-01-18-01-00-00", "alternatives": [13, 103, 103, 103]}, {"date": "2024-01-18-01-00-00", "alternatives": [13, 103, 103, 103]}, {"date": "2024-01-17-03-00-00", "alternatives": ["1", "15", "15"]}, {"date": "2024-01-17-03-00-00", "alternatives": ["1", "15", "15"]}]}, {"location": {"country_code": "br", "region": "Pernambuco", "city": "Olinda"}, "game_id": "135305", "values": [{"date": "2024-01-17-15-00-00", "alternatives": ["93", "3", "93"]}, {"date": "2024-01-17-15-00-00", "alternatives": ["93", "3", "93"]}, {"date": "2024-01-17-15-00-00", "alternatives": ["93", "3", "93"]}, {"date": "2024-01-17-15-00-00", "alternatives": ["93", "3", "93"]}]}, {"location": {"country_code": "br", "region": "Sao Paulo", "city": "Apiai"}, "game_id": "135305", "values": [{"date": "2024-01-18-00-00-00", "alternatives": [14, 4, 149, 149, 149]}, {"date": "2024-01-18-00-00-00", "alternatives": [14, 4, 149, 149, 149]}, {"date": "2024-01-18-00-00-00", "alternatives": [14, 4, 149, 149, 149]}, {"date": "2024-01-17-18-00-00", "alternatives": ["4", "140", "4"]}, {"date": "2024-01-17-03-00-00", "alternatives": ["126", "126", "16"]}, {"date": "2024-01-17-03-00-00", "alternatives": ["126", "126", "16"]}, {"date": "2024-01-17-11-00-00", "alternatives": ["9", "9", "129"]}, {"date": "2024-01-17-11-00-00", "alternatives": ["9", "9", "129"]}, {"date": "2024-01-17-23-00-00", "alternatives": ["156", "156", "15486"]}, {"date": "2024-01-17-23-00-00", "alternatives": ["156", "156", "15486"]}, {"date": "2024-01-17-05-00-00", "alternatives": [0, 150, 10, 15, 150, 150]}, {"date": "2024-01-17-05-00-00", "alternatives": [0, 150, 10, 15, 150, 150]}, {"date": "2024-01-17-05-00-00", "alternatives": [0, 150, 10, 15, 150, 150]}, {"date": "2024-01-17-05-00-00", "alternatives": [0, 150, 10, 15, 150, 150]}, {"date": "2024-01-17-05-00-00", "alternatives": [0, 150, 10, 15, 150, 150]}]}, {"location": {"country_code": "se"}, "game_id": "135305", "values": [{"date": "2024-01-17-17-00-00", "alternatives": [10, 40, 40, 40]}, {"date": "2024-01-17-17-00-00", "alternatives": [10, 40, 40, 40]}, {"date": "2024-01-17-17-00-00", "alternatives": [10, 40, 40, 40]}, {"date": "2024-01-17-17-00-00", "alternatives": [10, 40, 40, 40]}, {"date": "2024-01-17-17-00-00", "alternatives": [10, 40, 40, 40]}, {"date": "2024-01-17-17-00-00", "alternatives": [10, 40, 40, 40]}, {"date": "2024-01-17-17-00-00", "alternatives": [10, 40, 40, 40]}, {"date": "2024-01-17-17-00-00", "alternatives": [10, 40, 40, 40]}, {"date": "2024-01-17-17-00-00", "alternatives": [10, 40, 40, 40]}, {"date": "2024-01-17-17-00-00", "alternatives": [10, 40, 40, 40]}, {"date": "2024-01-17-17-00-00", "alternatives": [10, 40, 40, 40]}, {"date": "2024-01-17-17-00-00", "alternatives": [10, 40, 40, 40]}, {"date": "2024-01-17-17-00-00", "alternatives": [10, 40, 40, 40]}, {"date": "2024-01-17-17-00-00", "alternatives": [10, 40, 40, 40]}]}, {"location": {"country_code": "au"}, "game_id": "135305", "values": [{"date": "2024-01-17-01-00-00", "alternatives": ["50", "150", "150"]}, {"date": "2024-01-17-11-00-00", "alternatives": ["246", "246", "243"]}, {"date": "2024-01-17-11-00-00", "alternatives": ["246", "246", "243"]}, {"date": "2024-01-17-11-00-00", "alternatives": ["246", "246", "243"]}, {"date": "2024-01-17-15-00-00", "alternatives": ["1", "175", "175"]}, {"date": "2024-01-17-15-00-00", "alternatives": ["1", "175", "175"]}, {"date": "2024-01-17-15-00-00", "alternatives": ["1", "175", "175"]}, {"date": "2024-01-17-13-00-00", "alternatives": [167, 1673, 6, 167, 167]}, {"date": "2024-01-17-13-00-00", "alternatives": [167, 1673, 6, 167, 167]}, {"date": "2024-01-17-13-00-00", "alternatives": [167, 1673, 6, 167, 167]}, {"date": "2024-01-17-13-00-00", "alternatives": [167, 1673, 6, 167, 167]}, {"date": "2024-01-17-13-00-00", "alternatives": [167, 1673, 6, 167, 167]}, {"date": "2024-01-17-12-00-00", "alternatives": [246, 286, 236, 246, 246, 246]}, {"date": "2024-01-17-12-00-00", "alternatives": [246, 286, 236, 246, 246, 246]}, {"date": "2024-01-17-12-00-00", "alternatives": [246, 286, 236, 246, 246, 246]}, {"date": "2024-01-17-14-00-00", "alternatives": ["255", "255", "2595"]}, {"date": "2024-01-17-14-00-00", "alternatives": ["255", "255", "2595"]}, {"date": "2024-01-17-05-00-00", "alternatives": [252, 262, 252, 252, 252]}, {"date": "2024-01-17-05-00-00", "alternatives": [252, 262, 252, 252, 252]}, {"date": "2024-01-17-05-00-00", "alternatives": [252, 262, 252, 252, 252]}]}, {"location": {"country_code": "au", "region": "Victoria", "city": "Melbourne"}, "game_id": "135305", "values": [{"date": "2024-01-17-11-00-00", "alternatives": ["80", "180", "180"]}, {"date": "2024-01-17-11-00-00", "alternatives": ["80", "180", "180"]}, {"date": "2024-01-17-11-00-00", "alternatives": ["80", "180", "180"]}, {"date": "2024-01-17-11-00-00", "alternatives": ["80", "180", "180"]}, {"date": "2024-01-17-11-00-00", "alternatives": ["80", "180", "180"]}]}, {"location": {"country_code": "tr"}, "game_id": "135305", "values": [{"date": "2024-01-17-18-00-00", "alternatives": [77, 7, 77, 77]}, {"date": "2024-01-17-18-00-00", "alternatives": [77, 7, 77, 77]}, {"date": "2024-01-17-19-00-00", "alternatives": ["60", "60", "50"]}, {"date": "2024-01-17-19-00-00", "alternatives": ["60", "60", "50"]}, {"date": "2024-01-17-19-00-00", "alternatives": ["60", "60", "50"]}, {"date": "2024-01-17-19-00-00", "alternatives": ["60", "60", "50"]}]}, {"location": {"country_code": "de", "region": "Hesse"}, "game_id": "135305", "values": [{"date": "2024-01-17-19-00-00", "alternatives": ["16", "6", "16"]}]}, {"location": {"country_code": "ca", "region": "Ontario"}, "game_id": "135305", "values": [{"date": "2024-01-17-17-00-00", "alternatives": ["83", "33", "33"]}]}, {"location": {"country_code": "es"}, "game_id": "135305", "values": [{"date": "2024-01-18-00-00-00", "alternatives": ["54", "64", "64"]}, {"date": "2024-01-18-00-00-00", "alternatives": ["54", "64", "64"]}, {"date": "2024-01-18-00-00-00", "alternatives": ["54", "64", "64"]}, {"date": "2024-01-17-19-00-00", "alternatives": ["49", "48", "48"]}, {"date": "2024-01-17-14-00-00", "alternatives": ["5", "45", "45"]}]}, {"location": {"country_code": "ar"}, "game_id": "135305", "values": [{"date": "2024-01-17-17-00-00", "alternatives": ["70", "170", "170"]}, {"date": "2024-01-18-00-00-00", "alternatives": [68, 168, 168, 168]}, {"date": "2024-01-18-00-00-00", "alternatives": [68, 168, 168, 168]}, {"date": "2024-01-18-00-00-00", "alternatives": [68, 168, 168, 168]}, {"date": "2024-01-18-00-00-00", "alternatives": [68, 168, 168, 168]}, {"date": "2024-01-18-00-00-00", "alternatives": [68, 168, 168, 168]}, {"date": "2024-01-18-00-00-00", "alternatives": [68, 168, 168, 168]}, {"date": "2024-01-18-00-00-00", "alternatives": [68, 168, 168, 168]}, {"date": "2024-01-17-19-00-00", "alternatives": ["125", "135", "135"]}, {"date": "2024-01-17-19-00-00", "alternatives": ["125", "135", "135"]}, {"date": "2024-01-17-19-00-00", "alternatives": [189, 681, 19, 189, 189, 189]}, {"date": "2024-01-17-19-00-00", "alternatives": [189, 681, 19, 189, 189, 189]}]}, {"location": {"country_code": "vn"}, "game_id": "135305", "values": [{"date": "2024-01-17-14-00-00", "alternatives": ["89", "89", "9"]}, {"date": "2024-01-17-16-00-00", "alternatives": [116, 6, 116, 116, 16]}, {"date": "2024-01-17-20-00-00", "alternatives": [99, 66, 90, 99, 99]}, {"date": "2024-01-17-20-00-00", "alternatives": [99, 66, 90, 99, 99]}, {"date": "2024-01-17-20-00-00", "alternatives": [99, 66, 90, 99, 99]}, {"date": "2024-01-17-20-00-00", "alternatives": [99, 66, 90, 99, 99]}, {"date": "2024-01-17-18-00-00", "alternatives": ["19", "9", "9"]}, {"date": "2024-01-17-11-00-00", "alternatives": ["119", "119", "9"]}]}, {"location": {"country_code": "ru", "region": "Moscow", "city": "Zelenograd"}, "game_id": "135305", "values": [{"date": "2024-01-17-22-00-00", "alternatives": ["4", "43", "43"]}, {"date": "2024-01-17-22-00-00", "alternatives": ["4", "43", "43"]}]}, {"location": {"country_code": "ar", "region": "Buenos Aires"}, "game_id": "135305", "values": [{"date": "2024-01-17-15-00-00", "alternatives": ["171", "171", "17"]}, {"date": "2024-01-17-15-00-00", "alternatives": ["171", "171", "17"]}, {"date": "2024-01-17-15-00-00", "alternatives": ["171", "171", "17"]}, {"date": "2024-01-17-15-00-00", "alternatives": ["171", "171", "17"]}, {"date": "2024-01-17-15-00-00", "alternatives": ["171", "171", "17"]}, {"date": "2024-01-17-15-00-00", "alternatives": ["171", "171", "17"]}]}, {"location": {"country_code": "us", "region": "Ohio", "city": "Cleveland"}, "game_id": "135305", "values": [{"date": "2024-01-18-00-00-00", "alternatives": ["36", "36", "3"]}, {"date": "2024-01-18-00-00-00", "alternatives": ["36", "36", "3"]}, {"date": "2024-01-18-00-00-00", "alternatives": ["36", "36", "3"]}]}, {"location": {"country_code": "br", "region": "Federal District", "city": "Brasilia"}, "game_id": "135305", "values": [{"date": "2024-01-17-02-00-00", "alternatives": ["59", "59", "159"]}]}, {"location": {"country_code": "pe", "region": "Lima region", "city": "Nuevo Lince"}, "game_id": "135305", "values": [{"date": "2024-01-17-09-00-00", "alternatives": ["93", "86", "93"]}, {"date": "2024-01-17-09-00-00", "alternatives": ["93", "86", "93"]}, {"date": "2024-01-17-09-00-00", "alternatives": ["93", "86", "93"]}, {"date": "2024-01-17-09-00-00", "alternatives": ["93", "86", "93"]}]}, {"location": {"country_code": "co"}, "game_id": "135305", "values": [{"date": "2024-01-17-02-00-00", "alternatives": ["90", "06", "90"]}]}, {"location": {"country_code": "br", "region": "Estado de Bahia", "city": "Salvador"}, "game_id": "135305", "values": [{"date": "2024-01-17-02-00-00", "alternatives": ["7", "117", "117"]}]}, {"location": {"country_code": "mx", "region": "Veracruz"}, "game_id": "135305", "values": [{"date": "2024-01-17-09-00-00", "alternatives": ["92", "92", "99"]}, {"date": "2024-01-17-09-00-00", "alternatives": ["92", "92", "99"]}, {"date": "2024-01-17-09-00-00", "alternatives": ["92", "92", "99"]}, {"date": "2024-01-17-09-00-00", "alternatives": ["92", "92", "99"]}]}, {"location": {"country_code": "es", "region": "Catalonia", "city": "l'Hospitalet de Llobregat"}, "game_id": "135305", "values": [{"date": "2024-01-17-19-00-00", "alternatives": ["89", "68", "89"]}]}, {"location": {"country_code": "pl"}, "game_id": "135305", "values": [{"date": "2024-01-17-22-00-00", "alternatives": ["30", "30", "0"]}]}, {"location": {"country_code": "us", "region": "Puerto Rico"}, "game_id": "135305", "values": [{"date": "2024-01-17-22-00-00", "alternatives": [19, 601, 109, 109, 109, 109]}, {"date": "2024-01-17-22-00-00", "alternatives": [19, 601, 109, 109, 109, 109]}, {"date": "2024-01-17-22-00-00", "alternatives": [19, 601, 109, 109, 109, 109]}, {"date": "2024-01-17-22-00-00", "alternatives": [19, 601, 109, 109, 109, 109]}, {"date": "2024-01-17-22-00-00", "alternatives": [19, 601, 109, 109, 109, 109]}]}, {"location": {"country_code": "cr"}, "game_id": "135305", "values": [{"date": "2024-01-17-16-00-00", "alternatives": ["76", "16", "76"]}, {"date": "2024-01-17-16-00-00", "alternatives": ["76", "16", "76"]}, {"date": "2024-01-17-16-00-00", "alternatives": ["76", "16", "76"]}]}, {"location": {"country_code": "pe"}, "game_id": "135305", "values": [{"date": "2024-01-17-04-00-00", "alternatives": [40, 950, 250, 250, 250]}, {"date": "2024-01-17-04-00-00", "alternatives": [40, 950, 250, 250, 250]}, {"date": "2024-01-17-04-00-00", "alternatives": [40, 950, 250, 250, 250]}, {"date": "2024-01-17-04-00-00", "alternatives": [40, 950, 250, 250, 250]}, {"date": "2024-01-17-04-00-00", "alternatives": [40, 950, 250, 250, 250]}, {"date": "2024-01-17-03-00-00", "alternatives": ["0", "3", "03"]}, {"date": "2024-01-17-04-00-00", "alternatives": ["04", "104", "104"]}, {"date": "2024-01-17-04-00-00", "alternatives": ["04", "104", "104"]}, {"date": "2024-01-17-04-00-00", "alternatives": ["04", "104", "104"]}, {"date": "2024-01-18-01-00-00", "alternatives": [116, 115, 5, 115, 115]}, {"date": "2024-01-18-01-00-00", "alternatives": [116, 115, 5, 115, 115]}, {"date": "2024-01-18-01-00-00", "alternatives": [116, 115, 5, 115, 115]}, {"date": "2024-01-17-21-00-00", "alternatives": ["85", "85", "5"]}, {"date": "2024-01-17-21-00-00", "alternatives": ["85", "85", "5"]}, {"date": "2024-01-17-02-00-00", "alternatives": [9, 94, 94, 94]}, {"date": "2024-01-17-02-00-00", "alternatives": [9, 94, 94, 94]}, {"date": "2024-01-17-02-00-00", "alternatives": [9, 94, 94, 94]}, {"date": "2024-01-17-02-00-00", "alternatives": [9, 94, 94, 94]}, {"date": "2024-01-17-02-00-00", "alternatives": [9, 94, 94, 94]}, {"date": "2024-01-17-02-00-00", "alternatives": [9, 94, 94, 94]}, {"date": "2024-01-17-02-00-00", "alternatives": [9, 94, 94, 94]}, {"date": "2024-01-17-02-00-00", "alternatives": [9, 94, 94, 94]}, {"date": "2024-01-17-02-00-00", "alternatives": [9, 94, 94, 94]}, {"date": "2024-01-17-04-00-00", "alternatives": [102, 2, 2, 2]}, {"date": "2024-01-17-04-00-00", "alternatives": [102, 2, 2, 2]}]}, {"location": {"country_code": "ua"}, "game_id": "135305", "values": [{"date": "2024-01-17-23-00-00", "alternatives": ["33", "83", "33"]}, {"date": "2024-01-17-17-00-00", "alternatives": ["61", "6", "61"]}]}, {"location": {"country_code": "kz"}, "game_id": "135305", "values": [{"date": "2024-01-17-17-00-00", "alternatives": ["54", "4", "54"]}, {"date": "2024-01-17-17-00-00", "alternatives": ["54", "4", "54"]}, {"date": "2024-01-17-17-00-00", "alternatives": ["54", "4", "54"]}, {"date": "2024-01-17-17-00-00", "alternatives": ["54", "4", "54"]}, {"date": "2024-01-17-17-00-00", "alternatives": ["54", "4", "54"]}]}, {"location": {"country_code": "sg"}, "game_id": "135305", "values": [{"date": "2024-01-17-16-00-00", "alternatives": ["98", "98", "9"]}, {"date": "2024-01-17-16-00-00", "alternatives": ["98", "98", "9"]}, {"date": "2024-01-17-16-00-00", "alternatives": ["98", "98", "9"]}, {"date": "2024-01-17-10-00-00", "alternatives": ["84", "84", "4"]}, {"date": "2024-01-17-10-00-00", "alternatives": ["84", "84", "4"]}]}, {"location": {"country_code": "fr", "region": "Occitanie", "city": "Toulouse"}, "game_id": "135305", "values": [{"date": "2024-01-18-00-00-00", "alternatives": ["39", "39", "19"]}, {"date": "2024-01-18-00-00-00", "alternatives": ["39", "39", "19"]}]}, {"location": {"country_code": "fr", "region": "Ile-de-France Region", "city": "Asnieres-sur-Seine"}, "game_id": "135305", "values": [{"date": "2024-01-17-18-00-00", "alternatives": ["9", "0", "9"]}, {"date": "2024-01-17-18-00-00", "alternatives": ["9", "0", "9"]}, {"date": "2024-01-17-18-00-00", "alternatives": ["9", "0", "9"]}, {"date": "2024-01-17-18-00-00", "alternatives": ["9", "0", "9"]}]}, {"location": {"country_code": "ca", "region": "Ontario", "city": "Toronto"}, "game_id": "135305", "values": [{"date": "2024-01-17-05-00-00", "alternatives": ["7", "71", "71"]}]}, {"location": {"country_code": "ru"}, "game_id": "135305", "values": [{"date": "2024-01-17-16-00-00", "alternatives": ["19", "49", "49"]}, {"date": "2024-01-17-16-00-00", "alternatives": ["19", "49", "49"]}]}, {"location": {"country_code": "my"}, "game_id": "135305", "values": [{"date": "2024-01-17-17-00-00", "alternatives": ["215", "235", "235"]}, {"date": "2024-01-17-19-00-00", "alternatives": ["217", "217", "277"]}, {"date": "2024-01-17-19-00-00", "alternatives": ["217", "217", "277"]}, {"date": "2024-01-17-06-00-00", "alternatives": [7, 77, 77, 77]}, {"date": "2024-01-17-06-00-00", "alternatives": [7, 77, 77, 77]}, {"date": "2024-01-17-06-00-00", "alternatives": [7, 77, 77, 77]}, {"date": "2024-01-17-06-00-00", "alternatives": [7, 77, 77, 77]}, {"date": "2024-01-17-06-00-00", "alternatives": [7, 77, 77, 77]}, {"date": "2024-01-17-06-00-00", "alternatives": [7, 77, 77, 77]}, {"date": "2024-01-17-06-00-00", "alternatives": [7, 77, 77, 77]}, {"date": "2024-01-17-06-00-00", "alternatives": [7, 77, 77, 77]}, {"date": "2024-01-17-06-00-00", "alternatives": [7, 77, 77, 77]}, {"date": "2024-01-17-06-00-00", "alternatives": [7, 77, 77, 77]}, {"date": "2024-01-17-06-00-00", "alternatives": [7, 77, 77, 77]}, {"date": "2024-01-17-06-00-00", "alternatives": [7, 77, 77, 77]}, {"date": "2024-01-17-06-00-00", "alternatives": [7, 77, 77, 77]}, {"date": "2024-01-17-06-00-00", "alternatives": [7, 77, 77, 77]}, {"date": "2024-01-17-07-00-00", "alternatives": ["99", "66", "99"]}, {"date": "2024-01-17-07-00-00", "alternatives": ["99", "66", "99"]}, {"date": "2024-01-17-07-00-00", "alternatives": ["99", "66", "99"]}]}, {"location": {"country_code": "id"}, "game_id": "135305", "values": [{"date": "2024-01-17-14-00-00", "alternatives": ["92", "182", "182"]}, {"date": "2024-01-17-15-00-00", "alternatives": ["87", "87", "7"]}]}, {"location": {"country_code": "mx", "region": "Nuevo Leon", "city": "Monterrey"}, "game_id": "135305", "values": [{"date": "2024-01-17-04-00-00", "alternatives": ["67", "57", "57"]}, {"date": "2024-01-17-04-00-00", "alternatives": ["67", "57", "57"]}, {"date": "2024-01-17-04-00-00", "alternatives": ["67", "57", "57"]}]}, {"location": {"country_code": "cl", "region": "Santiago Metropolitan", "city": "Santiago"}, "game_id": "135305", "values": [{"date": "2024-01-18-00-00-00", "alternatives": [162, 62, 2, 162, 162, 162]}, {"date": "2024-01-18-00-00-00", "alternatives": [162, 62, 2, 162, 162, 162]}, {"date": "2024-01-18-00-00-00", "alternatives": [162, 62, 2, 162, 162, 162]}]}, {"location": {"country_code": "pt"}, "game_id": "135305", "values": [{"date": "2024-01-17-03-00-00", "alternatives": ["99", "866", "99"]}, {"date": "2024-01-17-03-00-00", "alternatives": ["99", "866", "99"]}, {"date": "2024-01-17-03-00-00", "alternatives": ["99", "866", "99"]}, {"date": "2024-01-17-03-00-00", "alternatives": ["99", "866", "99"]}, {"date": "2024-01-17-03-00-00", "alternatives": ["99", "866", "99"]}, {"date": "2024-01-17-03-00-00", "alternatives": ["99", "866", "99"]}, {"date": "2024-01-17-03-00-00", "alternatives": ["99", "866", "99"]}, {"date": "2024-01-17-15-00-00", "alternatives": [0, 50, 50, 0, 50]}, {"date": "2024-01-17-15-00-00", "alternatives": [0, 50, 50, 0, 50]}, {"date": "2024-01-17-15-00-00", "alternatives": [0, 50, 50, 0, 50]}, {"date": "2024-01-17-15-00-00", "alternatives": [0, 50, 50, 0, 50]}, {"date": "2024-01-17-15-00-00", "alternatives": [0, 50, 50, 0, 50]}, {"date": "2024-01-17-15-00-00", "alternatives": [0, 50, 50, 0, 50]}, {"date": "2024-01-17-15-00-00", "alternatives": [0, 50, 50, 0, 50]}, {"date": "2024-01-17-15-00-00", "alternatives": [0, 50, 50, 0, 50]}]}, {"location": {"country_code": "pt", "region": "Lisbon District", "city": "Amadora"}, "game_id": "135305", "values": [{"date": "2024-01-17-05-00-00", "alternatives": [14, 44, 44, 44]}, {"date": "2024-01-17-05-00-00", "alternatives": [14, 44, 44, 44]}, {"date": "2024-01-17-05-00-00", "alternatives": [14, 44, 44, 44]}, {"date": "2024-01-17-05-00-00", "alternatives": [14, 44, 44, 44]}, {"date": "2024-01-17-05-00-00", "alternatives": [14, 44, 44, 44]}, {"date": "2024-01-17-05-00-00", "alternatives": [14, 44, 44, 44]}, {"date": "2024-01-17-05-00-00", "alternatives": [14, 44, 44, 44]}, {"date": "2024-01-17-16-00-00", "alternatives": ["100", "1", "100"]}, {"date": "2024-01-17-16-00-00", "alternatives": ["100", "1", "100"]}, {"date": "2024-01-17-16-00-00", "alternatives": ["100", "1", "100"]}, {"date": "2024-01-17-16-00-00", "alternatives": ["100", "1", "100"]}, {"date": "2024-01-17-16-00-00", "alternatives": ["100", "1", "100"]}, {"date": "2024-01-17-16-00-00", "alternatives": ["100", "1", "100"]}, {"date": "2024-01-17-16-00-00", "alternatives": ["100", "1", "100"]}]}, {"location": {"country_code": "us", "region": "Colorado"}, "game_id": "135305", "values": [{"date": "2024-01-17-21-00-00", "alternatives": ["59", "69", "59"]}, {"date": "2024-01-17-21-00-00", "alternatives": ["59", "69", "59"]}, {"date": "2024-01-17-21-00-00", "alternatives": ["59", "69", "59"]}]}, {"location": {"country_code": "tr", "region": "Marmara Bolgesi", "city": "Bursa"}, "game_id": "135305", "values": [{"date": "2024-01-17-21-00-00", "alternatives": ["108", "08", "08"]}, {"date": "2024-01-17-21-00-00", "alternatives": ["108", "08", "08"]}]}, {"location": {"country_code": "sv"}, "game_id": "135305", "values": [{"date": "2024-01-17-07-00-00", "alternatives": ["86", "86", "3"]}, {"date": "2024-01-17-07-00-00", "alternatives": ["86", "86", "3"]}]}, {"location": {"country_code": "fr", "region": "Ile-de-France Region", "city": "Paris"}, "game_id": "135305", "values": [{"date": "2024-01-17-22-00-00", "alternatives": ["12", "2", "12"]}, {"date": "2024-01-17-22-00-00", "alternatives": ["12", "2", "12"]}, {"date": "2024-01-17-22-00-00", "alternatives": ["12", "2", "12"]}, {"date": "2024-01-17-22-00-00", "alternatives": ["12", "2", "12"]}, {"date": "2024-01-17-22-00-00", "alternatives": ["12", "2", "12"]}, {"date": "2024-01-17-22-00-00", "alternatives": ["12", "2", "12"]}]}, {"location": {"country_code": "ca", "region": "Quebec", "city": "Montreal"}, "game_id": "135305", "values": [{"date": "2024-01-17-22-00-00", "alternatives": ["29", "29", "20"]}, {"date": "2024-01-17-23-00-00", "alternatives": [3, 38, 38, 38]}, {"date": "2024-01-17-23-00-00", "alternatives": [3, 38, 38, 38]}, {"date": "2024-01-17-23-00-00", "alternatives": [3, 38, 38, 38]}]}, {"location": {"country_code": "tr", "region": "Ege Bolgesi", "city": "Denizli"}, "game_id": "135305", "values": [{"date": "2024-01-17-20-00-00", "alternatives": ["61", "6", "6"]}]}, {"location": {"country_code": "us", "region": "Massachusetts", "city": "Boston"}, "game_id": "135305", "values": [{"date": "2024-01-18-01-00-00", "alternatives": ["30", "30", "0"]}, {"date": "2024-01-18-01-00-00", "alternatives": ["30", "30", "0"]}]}, {"location": {"country_code": "us", "region": "Florida", "city": "Orlando"}, "game_id": "135305", "values": [{"date": "2024-01-17-02-00-00", "alternatives": ["39", "68", "39"]}, {"date": "2024-01-17-02-00-00", "alternatives": ["12", "42", "42"]}]}, {"location": {"country_code": "pe", "region": "Lima region", "city": "Lima"}, "game_id": "135305", "values": [{"date": "2024-01-17-05-00-00", "alternatives": ["93", "39", "93"]}, {"date": "2024-01-17-07-00-00", "alternatives": [90, 6, 90, 90, 90]}, {"date": "2024-01-17-07-00-00", "alternatives": [90, 6, 90, 90, 90]}, {"date": "2024-01-17-07-00-00", "alternatives": [90, 6, 90, 90, 90]}, {"date": "2024-01-17-07-00-00", "alternatives": [90, 6, 90, 90, 90]}]}, {"location": {"country_code": "mx", "region": "Jalisco", "city": "Guadalajara"}, "game_id": "135305", "values": [{"date": "2024-01-17-04-00-00", "alternatives": ["66", "66", "6"]}, {"date": "2024-01-17-10-00-00", "alternatives": ["74", "26", "74"]}, {"date": "2024-01-17-10-00-00", "alternatives": ["74", "26", "74"]}, {"date": "2024-01-17-10-00-00", "alternatives": ["74", "26", "74"]}, {"date": "2024-01-17-10-00-00", "alternatives": ["74", "26", "74"]}]}, {"location": {"country_code": "ca", "region": "British Columbia", "city": "Richmond"}, "game_id": "135305", "values": [{"date": "2024-01-17-09-00-00", "alternatives": ["82", "82", "2"]}, {"date": "2024-01-17-09-00-00", "alternatives": ["82", "82", "2"]}, {"date": "2024-01-17-09-00-00", "alternatives": ["82", "82", "2"]}, {"date": "2024-01-17-09-00-00", "alternatives": ["82", "82", "2"]}, {"date": "2024-01-17-09-00-00", "alternatives": ["82", "82", "2"]}, {"date": "2024-01-17-09-00-00", "alternatives": ["82", "82", "2"]}, {"date": "2024-01-18-01-00-00", "alternatives": [7, 74, 74, 4, 74]}, {"date": "2024-01-18-01-00-00", "alternatives": [7, 74, 74, 4, 74]}]}, {"location": {"country_code": "br", "region": "Mato Grosso do Sul", "city": "Campo Grande"}, "game_id": "135305", "values": [{"date": "2024-01-17-08-00-00", "alternatives": ["59", "59", "159"]}, {"date": "2024-01-17-08-00-00", "alternatives": ["59", "59", "159"]}, {"date": "2024-01-17-08-00-00", "alternatives": ["59", "59", "159"]}, {"date": "2024-01-17-08-00-00", "alternatives": ["59", "59", "159"]}]}, {"location": {"country_code": "br", "region": "Ceara", "city": "Itapipoca"}, "game_id": "135305", "values": [{"date": "2024-01-17-16-00-00", "alternatives": ["79", "79", "70"]}, {"date": "2024-01-17-16-00-00", "alternatives": ["79", "79", "70"]}]}, {"location": {"country_code": "ca", "region": "Ontario", "city": "Ottawa"}, "game_id": "135305", "values": [{"date": "2024-01-17-03-00-00", "alternatives": ["81", "81", "8"]}, {"date": "2024-01-17-03-00-00", "alternatives": ["81", "81", "8"]}, {"date": "2024-01-17-03-00-00", "alternatives": ["81", "81", "8"]}, {"date": "2024-01-17-03-00-00", "alternatives": ["81", "81", "8"]}]}, {"location": {"country_code": "au", "region": "Queensland", "city": "Brisbane"}, "game_id": "135305", "values": [{"date": "2024-01-17-14-00-00", "alternatives": ["19", "19", "119"]}, {"date": "2024-01-17-14-00-00", "alternatives": ["19", "19", "119"]}, {"date": "2024-01-17-14-00-00", "alternatives": ["19", "19", "119"]}, {"date": "2024-01-17-14-00-00", "alternatives": ["19", "19", "119"]}, {"date": "2024-01-17-14-00-00", "alternatives": ["19", "19", "119"]}]}, {"location": {"country_code": "hn"}, "game_id": "135305", "values": [{"date": "2024-01-17-01-00-00", "alternatives": ["119", "119", "19"]}]}, {"location": {"country_code": "es", "region": "Madrid"}, "game_id": "135305", "values": [{"date": "2024-01-17-03-00-00", "alternatives": ["10", "40", "40"]}, {"date": "2024-01-17-03-00-00", "alternatives": ["10", "40", "40"]}, {"date": "2024-01-17-03-00-00", "alternatives": ["10", "40", "40"]}]}, {"location": {"country_code": "za", "region": "Western Cape", "city": "Cape Town"}, "game_id": "135305", "values": [{"date": "2024-01-17-22-00-00", "alternatives": ["162", "62", "162"]}]}, {"location": {"country_code": "bg"}, "game_id": "135305", "values": [{"date": "2024-01-17-20-00-00", "alternatives": ["31", "31", "3"]}]}, {"location": {"country_code": "es", "region": "Valencia", "city": "Orihuela"}, "game_id": "135305", "values": [{"date": "2024-01-17-19-00-00", "alternatives": ["53", "53", "51"]}]}, {"location": {"country_code": "ar", "region": "Neuquen Province"}, "game_id": "135305", "values": [{"date": "2024-01-17-21-00-00", "alternatives": [16, 60, 164, 164, 164]}]}, {"location": {"country_code": "br", "region": "Parana", "city": "Umuarama"}, "game_id": "135305", "values": [{"date": "2024-01-17-13-00-00", "alternatives": ["151", "15", "151"]}, {"date": "2024-01-17-13-00-00", "alternatives": ["151", "15", "151"]}, {"date": "2024-01-17-01-00-00", "alternatives": ["17", "147", "147"]}]}, {"location": {"country_code": "us", "region": "New York"}, "game_id": "135305", "values": [{"date": "2024-01-17-02-00-00", "alternatives": ["12", "2", "12"]}]}, {"location": {"country_code": "es", "region": "Andalusia", "city": "Marbella"}, "game_id": "135305", "values": [{"date": "2024-01-17-18-00-00", "alternatives": [5, 65, 55, 55, 55]}, {"date": "2024-01-17-18-00-00", "alternatives": [5, 65, 55, 55, 55]}]}, {"location": {"country_code": "br", "region": "Sao Paulo", "city": "Sertaozinho"}, "game_id": "135305", "values": [{"date": "2024-01-17-18-00-00", "alternatives": [82, 132, 32, 1325, 132, 132]}, {"date": "2024-01-17-18-00-00", "alternatives": [82, 132, 32, 1325, 132, 132]}]}, {"location": {"country_code": "br", "region": "Espirito Santo", "city": "Vila Velha"}, "game_id": "135305", "values": [{"date": "2024-01-17-14-00-00", "alternatives": [127, 127015, 127, 127]}, {"date": "2024-01-17-14-00-00", "alternatives": [127, 127015, 127, 127]}, {"date": "2024-01-17-14-00-00", "alternatives": [127, 127015, 127, 127]}]}, {"location": {"country_code": "fr", "region": "Aquitania-Limosino-Poitou-Charentes", "city": "Bordeaux"}, "game_id": "135305", "values": [{"date": "2024-01-18-00-00-00", "alternatives": ["8", "18", "18"]}, {"date": "2024-01-18-00-00-00", "alternatives": ["26", "26", "25"]}, {"date": "2024-01-18-00-00-00", "alternatives": ["26", "26", "25"]}]}, {"location": {"country_code": "us", "region": "California", "city": "Santa Ana"}, "game_id": "135305", "values": [{"date": "2024-01-17-22-00-00", "alternatives": ["74", "7", "74"]}]}, {"location": {"country_code": "es", "region": "Principality of Asturias"}, "game_id": "135305", "values": [{"date": "2024-01-18-01-00-00", "alternatives": ["51", "51", "5"]}, {"date": "2024-01-18-01-00-00", "alternatives": ["51", "51", "5"]}]}, {"location": {"country_code": "it", "region": "Campania"}, "game_id": "135305", "values": [{"date": "2024-01-17-23-00-00", "alternatives": ["67", "67", "57"]}, {"date": "2024-01-17-23-00-00", "alternatives": ["67", "67", "57"]}]}, {"location": {"country_code": "ca", "region": "Nunavut"}, "game_id": "135305", "values": [{"date": "2024-01-17-22-00-00", "alternatives": ["6", "35", "35"]}]}, {"location": {"country_code": "co", "region": "Antioquia", "city": "Medellin"}, "game_id": "135305", "values": [{"date": "2024-01-17-05-00-00", "alternatives": ["68", "168", "168"]}, {"date": "2024-01-17-05-00-00", "alternatives": ["68", "168", "168"]}, {"date": "2024-01-17-05-00-00", "alternatives": ["68", "168", "168"]}, {"date": "2024-01-17-05-00-00", "alternatives": ["68", "168", "168"]}]}, {"location": {"country_code": "us", "region": "Texas", "city": "Pasadena"}, "game_id": "135305", "values": [{"date": "2024-01-17-08-00-00", "alternatives": [41, 4, 41, 41]}, {"date": "2024-01-17-08-00-00", "alternatives": [41, 4, 41, 41]}]}, {"location": {"country_code": "br", "region": "Paraiba", "city": "Santa Rita"}, "game_id": "135305", "values": [{"date": "2024-01-17-15-00-00", "alternatives": ["9", "90", "90"]}, {"date": "2024-01-17-15-00-00", "alternatives": ["9", "90", "90"]}, {"date": "2024-01-17-15-00-00", "alternatives": ["9", "90", "90"]}, {"date": "2024-01-17-15-00-00", "alternatives": ["9", "90", "90"]}]}, {"location": {"country_code": "br", "region": "Minas Gerais", "city": "Barbacena"}, "game_id": "135305", "values": [{"date": "2024-01-17-05-00-00", "alternatives": ["31", "13", "13"]}, {"date": "2024-01-17-05-00-00", "alternatives": ["31", "13", "13"]}]}, {"location": {"country_code": "tt"}, "game_id": "135305", "values": [{"date": "2024-01-17-05-00-00", "alternatives": ["5", "75", "75"]}, {"date": "2024-01-17-05-00-00", "alternatives": ["5", "75", "75"]}, {"date": "2024-01-17-05-00-00", "alternatives": ["5", "75", "75"]}]}, {"location": {"country_code": "us", "region": "New Jersey", "city": "Newark"}, "game_id": "135305", "values": [{"date": "2024-01-17-18-00-00", "alternatives": ["16", "6", "16"]}, {"date": "2024-01-17-18-00-00", "alternatives": ["16", "6", "16"]}]}, {"location": {"country_code": "ve", "region": "Miranda"}, "game_id": "135305", "values": [{"date": "2024-01-18-00-00-00", "alternatives": ["59", "65", "59"]}]}, {"location": {"country_code": "pe", "region": "Arequipa", "city": "Arequipa"}, "game_id": "135305", "values": [{"date": "2024-01-17-20-00-00", "alternatives": ["09", "109", "109"]}, {"date": "2024-01-17-20-00-00", "alternatives": ["09", "109", "109"]}, {"date": "2024-01-17-20-00-00", "alternatives": ["09", "109", "109"]}]}, {"location": {"country_code": "us", "region": "Pennsylvania", "city": "Wilkes-Barre"}, "game_id": "135305", "values": [{"date": "2024-01-17-23-00-00", "alternatives": ["1", "1", "10"]}, {"date": "2024-01-17-23-00-00", "alternatives": ["1", "1", "10"]}]}, {"location": {"country_code": "ph", "region": "National Capital Region", "city": "Muntinlupa"}, "game_id": "135305", "values": [{"date": "2024-01-17-14-00-00", "alternatives": ["773", "173", "173"]}]}, {"location": {"country_code": "mx", "region": "Morelos", "city": "Cuernavaca"}, "game_id": "135305", "values": [{"date": "2024-01-17-03-00-00", "alternatives": ["65", "65", "4"]}, {"date": "2024-01-17-03-00-00", "alternatives": ["65", "65", "4"]}]}, {"location": {"country_code": "it", "region": "Apulia"}, "game_id": "135305", "values": [{"date": "2024-01-18-00-00-00", "alternatives": ["5", "50", "50"]}, {"date": "2024-01-18-00-00-00", "alternatives": ["5", "50", "50"]}]}, {"location": {"country_code": "hu", "region": "Bacs-Kiskun county"}, "game_id": "135305", "values": [{"date": "2024-01-17-22-00-00", "alternatives": ["3", "36", "36"]}]}, {"location": {"country_code": "hu", "region": " ", "city": "Paks"}, "game_id": "135305", "values": [{"date": "2024-01-17-17-00-00", "alternatives": [34, 341, 33, 34, 34]}]}, {"location": {"country_code": "dz", "region": "Algiers Province"}, "game_id": "135305", "values": [{"date": "2024-01-17-17-00-00", "alternatives": ["68", "8", "68"]}, {"date": "2024-01-17-17-00-00", "alternatives": ["68", "8", "68"]}, {"date": "2024-01-17-17-00-00", "alternatives": ["68", "8", "68"]}, {"date": "2024-01-17-17-00-00", "alternatives": ["68", "8", "68"]}]}, {"location": {"country_code": "it", "region": "Lazio", "city": "Velletri"}, "game_id": "135305", "values": [{"date": "2024-01-17-22-00-00", "alternatives": ["1", "17", "1"]}, {"date": "2024-01-17-22-00-00", "alternatives": ["1", "17", "1"]}]}, {"location": {"country_code": "ph", "region": "National Capital Region"}, "game_id": "135305", "values": [{"date": "2024-01-17-11-00-00", "alternatives": ["76", "6", "76"]}]}, {"location": {"country_code": "br", "region": "Acre", "city": "Rio Branco"}, "game_id": "135305", "values": [{"date": "2024-01-17-23-00-00", "alternatives": ["87", "187", "187"]}, {"date": "2024-01-17-23-00-00", "alternatives": ["87", "187", "187"]}, {"date": "2024-01-17-23-00-00", "alternatives": ["87", "187", "187"]}, {"date": "2024-01-17-23-00-00", "alternatives": ["87", "187", "187"]}]}, {"location": {"country_code": "br", "region": "Sergipe", "city": "Lagarto"}, "game_id": "135305", "values": [{"date": "2024-01-17-21-00-00", "alternatives": ["13", "135", "135"]}]}, {"location": {"country_code": "us", "region": "Indiana", "city": "Greenwood"}, "game_id": "135305", "values": [{"date": "2024-01-17-21-00-00", "alternatives": ["56", "36", "56"]}]}], "last_updated": 1719918153.203339}