{"data": [{"location": {"country_code": "us"}, "game_id": "742409", "values": [{"date": "2023-10-15-16-00-00", "latency": 49}]}, {"location": {"country_code": "gb"}, "game_id": "742409", "values": [{"date": "2023-10-15-15-00-00", "latency": 16}, {"date": "2023-10-15-15-00-00", "latency": 16}, {"date": "2023-10-15-15-00-00", "latency": 16}, {"date": "2023-10-15-15-00-00", "latency": 16}, {"date": "2023-10-15-15-00-00", "latency": 16}, {"date": "2023-10-15-15-00-00", "latency": 16}, {"date": "2023-10-15-15-00-00", "latency": 16}, {"date": "2023-10-15-15-00-00", "latency": 16}, {"date": "2023-10-15-15-00-00", "latency": 16}, {"date": "2023-10-15-15-00-00", "latency": 16}, {"date": "2023-10-15-14-00-00", "latency": 5}]}, {"location": {"country_code": "cz"}, "game_id": "742409", "values": [{"date": "2023-10-15-13-00-00", "latency": 28}, {"date": "2023-10-15-13-00-00", "latency": 28}]}, {"location": {"country_code": "ro"}, "game_id": "742409", "values": [{"date": "2023-10-15-13-00-00", "latency": 47}, {"date": "2023-10-15-13-00-00", "latency": 47}, {"date": "2023-10-15-13-00-00", "latency": 47}, {"date": "2023-10-15-13-00-00", "latency": 47}, {"date": "2023-10-15-13-00-00", "latency": 47}, {"date": "2023-10-15-03-00-00", "latency": 13}]}, {"location": {"country_code": "ca"}, "game_id": "742409", "values": [{"date": "2023-10-16-00-00-00", "latency": 1}, {"date": "2023-10-16-00-00-00", "latency": 1}]}, {"location": {"country_code": "tw"}, "game_id": "742409", "values": [{"date": "2023-10-15-20-00-00", "latency": 62}]}, {"location": {"country_code": "fr"}, "game_id": "742409", "values": [{"date": "2023-10-16-00-00-00", "latency": 2}]}, {"location": {"country_code": "us", "region": "Georgia"}, "game_id": "742409", "values": [{"date": "2023-10-15-03-00-00", "latency": 30}, {"date": "2023-10-15-03-00-00", "latency": 30}, {"date": "2023-10-15-03-00-00", "latency": 30}]}, {"location": {"country_code": "ua"}, "game_id": "742409", "values": [{"date": "2023-10-15-14-00-00", "latency": 35}, {"date": "2023-10-15-14-00-00", "latency": 35}, {"date": "2023-10-15-14-00-00", "latency": 35}, {"date": "2023-10-15-14-00-00", "latency": 35}, {"date": "2023-10-15-14-00-00", "latency": 35}, {"date": "2023-10-15-19-00-00", "latency": 46}]}, {"location": {"country_code": "ru"}, "game_id": "742409", "values": [{"date": "2023-10-15-23-00-00", "latency": 36}]}, {"location": {"country_code": "fr", "region": "Ile-de-France Region"}, "game_id": "742409", "values": [{"date": "2023-10-15-20-00-00", "latency": 9}]}, {"location": {"country_code": "hr"}, "game_id": "742409", "values": [{"date": "2023-10-15-20-00-00", "latency": 7}]}, {"location": {"country_code": "ua", "region": "Kharkiv Oblast", "city": "Kharkiv"}, "game_id": "742409", "values": [{"date": "2023-10-15-19-00-00", "latency": 38}, {"date": "2023-10-15-19-00-00", "latency": 38}, {"date": "2023-10-15-19-00-00", "latency": 38}, {"date": "2023-10-15-19-00-00", "latency": 38}, {"date": "2023-10-15-19-00-00", "latency": 38}, {"date": "2023-10-15-19-00-00", "latency": 38}, {"date": "2023-10-15-19-00-00", "latency": 38}, {"date": "2023-10-15-19-00-00", "latency": 38}]}], "last_updated": 1719919351.943315}