{"data": [{"location": {"country_code": "nz"}, "game_id": "273486", "values": [{"date": "2024-05-15-11-00-00", "alternatives": ["25", "25", "29"]}, {"date": "2024-05-15-11-00-00", "alternatives": ["25", "25", "29"]}, {"date": "2024-05-15-11-00-00", "alternatives": ["25", "25", "29"]}, {"date": "2024-05-15-11-00-00", "alternatives": ["25", "25", "29"]}, {"date": "2024-05-15-11-00-00", "alternatives": ["25", "25", "29"]}]}, {"location": {"country_code": "us"}, "game_id": "273486", "values": [{"date": "2024-05-15-04-00-00", "alternatives": ["50", "50", "5"]}, {"date": "2024-05-15-04-00-00", "alternatives": ["50", "50", "5"]}]}, {"location": {"country_code": "gb", "region": "England"}, "game_id": "273486", "values": [{"date": "2024-05-15-22-00-00", "alternatives": ["1", "1", "18"]}, {"date": "2024-05-15-22-00-00", "alternatives": ["1", "1", "18"]}, {"date": "2024-05-15-22-00-00", "alternatives": ["1", "1", "18"]}, {"date": "2024-05-15-22-00-00", "alternatives": ["1", "1", "18"]}]}, {"location": {"country_code": "us", "region": "California", "city": "East Los Angeles"}, "game_id": "273486", "values": [{"date": "2024-05-15-08-00-00", "alternatives": ["63", "63", "83"]}, {"date": "2024-05-15-08-00-00", "alternatives": ["63", "63", "83"]}, {"date": "2024-05-15-08-00-00", "alternatives": ["63", "63", "83"]}, {"date": "2024-05-15-08-00-00", "alternatives": ["63", "63", "83"]}, {"date": "2024-05-15-08-00-00", "alternatives": ["63", "63", "83"]}, {"date": "2024-05-15-08-00-00", "alternatives": ["63", "63", "83"]}, {"date": "2024-05-15-08-00-00", "alternatives": ["63", "63", "83"]}, {"date": "2024-05-15-08-00-00", "alternatives": ["63", "63", "83"]}, {"date": "2024-05-15-08-00-00", "alternatives": ["63", "63", "83"]}]}, {"location": {"country_code": "au", "region": "Victoria", "city": "Melbourne"}, "game_id": "273486", "values": [{"date": "2024-05-15-17-00-00", "alternatives": ["21", "2", "21"]}, {"date": "2024-05-15-17-00-00", "alternatives": ["21", "2", "21"]}, {"date": "2024-05-15-17-00-00", "alternatives": ["21", "2", "21"]}, {"date": "2024-05-15-17-00-00", "alternatives": ["21", "2", "21"]}, {"date": "2024-05-15-17-00-00", "alternatives": ["21", "2", "21"]}, {"date": "2024-05-15-17-00-00", "alternatives": ["21", "2", "21"]}]}, {"location": {"country_code": "vn"}, "game_id": "273486", "values": [{"date": "2024-05-15-10-00-00", "alternatives": ["2", "28", "2"]}, {"date": "2024-05-15-10-00-00", "alternatives": ["2", "28", "2"]}, {"date": "2024-05-15-10-00-00", "alternatives": ["2", "28", "2"]}, {"date": "2024-05-15-10-00-00", "alternatives": ["2", "28", "2"]}]}, {"location": {"country_code": "us", "region": "Washington", "city": "Seattle"}, "game_id": "273486", "values": [{"date": "2024-05-15-10-00-00", "alternatives": ["54", "53", "54"]}]}], "last_updated": 1719918484.763498}