{"data": [{"location": {"country_code": "us"}, "game_id": "742409", "values": [{"date": "2024-01-26-01-00-00", "latency": 28}, {"date": "2024-01-26-01-00-00", "latency": 28}, {"date": "2024-01-26-01-00-00", "latency": 28}, {"date": "2024-01-26-01-00-00", "latency": 28}]}, {"location": {"country_code": "iq"}, "game_id": "742409", "values": [{"date": "2024-01-26-00-00-00", "latency": 39}, {"date": "2024-01-26-00-00-00", "latency": 39}, {"date": "2024-01-26-00-00-00", "latency": 39}]}, {"location": {"country_code": "gb"}, "game_id": "742409", "values": [{"date": "2024-01-25-18-00-00", "latency": 30}, {"date": "2024-01-25-18-00-00", "latency": 30}, {"date": "2024-01-25-18-00-00", "latency": 30}, {"date": "2024-01-25-18-00-00", "latency": 30}, {"date": "2024-01-25-18-00-00", "latency": 30}, {"date": "2024-01-25-18-00-00", "latency": 30}, {"date": "2024-01-25-18-00-00", "latency": 30}, {"date": "2024-01-25-18-00-00", "latency": 30}, {"date": "2024-01-25-18-00-00", "latency": 30}, {"date": "2024-01-25-12-00-00", "latency": 14}, {"date": "2024-01-25-12-00-00", "latency": 14}, {"date": "2024-01-25-12-00-00", "latency": 14}, {"date": "2024-01-25-12-00-00", "latency": 14}, {"date": "2024-01-25-12-00-00", "latency": 14}, {"date": "2024-01-25-12-00-00", "latency": 14}, {"date": "2024-01-25-12-00-00", "latency": 14}, {"date": "2024-01-25-12-00-00", "latency": 14}, {"date": "2024-01-25-12-00-00", "latency": 14}, {"date": "2024-01-25-12-00-00", "latency": 14}, {"date": "2024-01-25-12-00-00", "latency": 14}, {"date": "2024-01-25-12-00-00", "latency": 14}, {"date": "2024-01-25-12-00-00", "latency": 14}, {"date": "2024-01-25-12-00-00", "latency": 14}, {"date": "2024-01-25-12-00-00", "latency": 14}, {"date": "2024-01-25-12-00-00", "latency": 14}]}, {"location": {"country_code": "nl"}, "game_id": "742409", "values": [{"date": "2024-01-25-17-00-00", "latency": 19}, {"date": "2024-01-25-17-00-00", "latency": 19}, {"date": "2024-01-25-17-00-00", "latency": 19}, {"date": "2024-01-25-17-00-00", "latency": 19}]}, {"location": {"country_code": "it"}, "game_id": "742409", "values": [{"date": "2024-01-26-00-00-00", "latency": 37}, {"date": "2024-01-26-00-00-00", "latency": 37}]}, {"location": {"country_code": "ro"}, "game_id": "742409", "values": [{"date": "2024-01-25-12-00-00", "latency": 49}, {"date": "2024-01-25-12-00-00", "latency": 49}, {"date": "2024-01-25-12-00-00", "latency": 49}, {"date": "2024-01-25-12-00-00", "latency": 49}, {"date": "2024-01-25-12-00-00", "latency": 49}, {"date": "2024-01-25-12-00-00", "latency": 49}, {"date": "2024-01-25-12-00-00", "latency": 49}, {"date": "2024-01-25-12-00-00", "latency": 49}, {"date": "2024-01-25-12-00-00", "latency": 49}, {"date": "2024-01-25-12-00-00", "latency": 49}, {"date": "2024-01-25-12-00-00", "latency": 49}, {"date": "2024-01-25-12-00-00", "latency": 49}, {"date": "2024-01-25-12-00-00", "latency": 49}, {"date": "2024-01-25-12-00-00", "latency": 49}, {"date": "2024-01-25-12-00-00", "latency": 49}, {"date": "2024-01-25-12-00-00", "latency": 49}, {"date": "2024-01-25-12-00-00", "latency": 49}, {"date": "2024-01-25-12-00-00", "latency": 49}, {"date": "2024-01-25-12-00-00", "latency": 49}, {"date": "2024-01-25-12-00-00", "latency": 49}, {"date": "2024-01-25-12-00-00", "latency": 49}, {"date": "2024-01-25-12-00-00", "latency": 49}, {"date": "2024-01-25-12-00-00", "latency": 49}, {"date": "2024-01-25-12-00-00", "latency": 49}, {"date": "2024-01-25-12-00-00", "latency": 49}, {"date": "2024-01-25-12-00-00", "latency": 49}, {"date": "2024-01-25-12-00-00", "latency": 49}, {"date": "2024-01-25-12-00-00", "latency": 49}]}, {"location": {"country_code": "jp"}, "game_id": "742409", "values": [{"date": "2024-01-25-12-00-00", "latency": 95}]}, {"location": {"country_code": "de"}, "game_id": "742409", "values": [{"date": "2024-01-26-01-00-00", "latency": 22}]}, {"location": {"country_code": "tw"}, "game_id": "742409", "values": [{"date": "2024-01-25-18-00-00", "latency": 67}, {"date": "2024-01-25-18-00-00", "latency": 67}, {"date": "2024-01-25-18-00-00", "latency": 67}, {"date": "2024-01-25-18-00-00", "latency": 67}, {"date": "2024-01-25-18-00-00", "latency": 67}, {"date": "2024-01-25-18-00-00", "latency": 67}, {"date": "2024-01-25-18-00-00", "latency": 67}, {"date": "2024-01-25-18-00-00", "latency": 67}, {"date": "2024-01-25-18-00-00", "latency": 67}, {"date": "2024-01-25-18-00-00", "latency": 67}, {"date": "2024-01-25-18-00-00", "latency": 67}, {"date": "2024-01-25-18-00-00", "latency": 67}, {"date": "2024-01-25-18-00-00", "latency": 67}, {"date": "2024-01-25-18-00-00", "latency": 67}, {"date": "2024-01-25-07-00-00", "latency": 94}, {"date": "2024-01-25-07-00-00", "latency": 94}]}, {"location": {"country_code": "us", "region": "Florida"}, "game_id": "742409", "values": [{"date": "2024-01-25-03-00-00", "latency": 41}, {"date": "2024-01-25-03-00-00", "latency": 41}, {"date": "2024-01-25-03-00-00", "latency": 41}]}, {"location": {"country_code": "fr"}, "game_id": "742409", "values": [{"date": "2024-01-26-01-00-00", "latency": 20}, {"date": "2024-01-26-01-00-00", "latency": 20}, {"date": "2024-01-26-01-00-00", "latency": 20}, {"date": "2024-01-26-01-00-00", "latency": 20}, {"date": "2024-01-26-01-00-00", "latency": 20}, {"date": "2024-01-26-01-00-00", "latency": 20}, {"date": "2024-01-26-01-00-00", "latency": 20}, {"date": "2024-01-26-01-00-00", "latency": 20}, {"date": "2024-01-26-01-00-00", "latency": 20}, {"date": "2024-01-26-01-00-00", "latency": 20}, {"date": "2024-01-26-01-00-00", "latency": 20}, {"date": "2024-01-26-01-00-00", "latency": 20}, {"date": "2024-01-26-01-00-00", "latency": 20}, {"date": "2024-01-26-01-00-00", "latency": 20}]}, {"location": {"country_code": "rs"}, "game_id": "742409", "values": [{"date": "2024-01-25-18-00-00", "latency": 15}, {"date": "2024-01-25-18-00-00", "latency": 15}, {"date": "2024-01-25-18-00-00", "latency": 15}, {"date": "2024-01-25-18-00-00", "latency": 15}, {"date": "2024-01-25-18-00-00", "latency": 15}, {"date": "2024-01-25-18-00-00", "latency": 15}, {"date": "2024-01-25-18-00-00", "latency": 15}, {"date": "2024-01-25-18-00-00", "latency": 15}]}, {"location": {"country_code": "br"}, "game_id": "742409", "values": [{"date": "2024-01-25-22-00-00", "latency": 52}, {"date": "2024-01-25-22-00-00", "latency": 52}, {"date": "2024-01-25-22-00-00", "latency": 52}, {"date": "2024-01-25-22-00-00", "latency": 52}, {"date": "2024-01-25-22-00-00", "latency": 52}, {"date": "2024-01-25-22-00-00", "latency": 52}, {"date": "2024-01-25-22-00-00", "latency": 52}, {"date": "2024-01-25-22-00-00", "latency": 52}, {"date": "2024-01-25-22-00-00", "latency": 52}, {"date": "2024-01-25-22-00-00", "latency": 52}, {"date": "2024-01-25-22-00-00", "latency": 52}, {"date": "2024-01-25-22-00-00", "latency": 52}, {"date": "2024-01-25-22-00-00", "latency": 52}, {"date": "2024-01-25-22-00-00", "latency": 52}, {"date": "2024-01-25-22-00-00", "latency": 52}, {"date": "2024-01-25-22-00-00", "latency": 52}, {"date": "2024-01-25-22-00-00", "latency": 52}, {"date": "2024-01-25-22-00-00", "latency": 52}, {"date": "2024-01-25-22-00-00", "latency": 52}, {"date": "2024-01-25-22-00-00", "latency": 52}, {"date": "2024-01-25-22-00-00", "latency": 52}, {"date": "2024-01-25-22-00-00", "latency": 52}, {"date": "2024-01-25-22-00-00", "latency": 52}]}, {"location": {"country_code": "se"}, "game_id": "742409", "values": [{"date": "2024-01-25-20-00-00", "latency": 31}, {"date": "2024-01-25-20-00-00", "latency": 31}, {"date": "2024-01-25-20-00-00", "latency": 31}, {"date": "2024-01-25-20-00-00", "latency": 31}, {"date": "2024-01-25-20-00-00", "latency": 31}, {"date": "2024-01-25-20-00-00", "latency": 31}]}, {"location": {"country_code": "es", "region": "Madrid", "city": "Parla"}, "game_id": "742409", "values": [{"date": "2024-01-26-00-00-00", "latency": 41}, {"date": "2024-01-26-00-00-00", "latency": 41}, {"date": "2024-01-26-00-00-00", "latency": 41}, {"date": "2024-01-26-00-00-00", "latency": 41}, {"date": "2024-01-26-00-00-00", "latency": 41}, {"date": "2024-01-26-00-00-00", "latency": 41}, {"date": "2024-01-26-00-00-00", "latency": 41}, {"date": "2024-01-26-00-00-00", "latency": 41}, {"date": "2024-01-26-00-00-00", "latency": 41}, {"date": "2024-01-26-00-00-00", "latency": 41}, {"date": "2024-01-26-00-00-00", "latency": 41}, {"date": "2024-01-26-00-00-00", "latency": 41}, {"date": "2024-01-26-00-00-00", "latency": 41}, {"date": "2024-01-26-00-00-00", "latency": 41}, {"date": "2024-01-26-00-00-00", "latency": 41}, {"date": "2024-01-26-00-00-00", "latency": 41}, {"date": "2024-01-26-00-00-00", "latency": 41}, {"date": "2024-01-26-00-00-00", "latency": 41}, {"date": "2024-01-26-00-00-00", "latency": 41}, {"date": "2024-01-26-00-00-00", "latency": 41}, {"date": "2024-01-26-00-00-00", "latency": 41}, {"date": "2024-01-26-00-00-00", "latency": 41}, {"date": "2024-01-26-00-00-00", "latency": 41}]}, {"location": {"country_code": "us", "region": "Iowa"}, "game_id": "742409", "values": [{"date": "2024-01-25-23-00-00", "latency": 32}, {"date": "2024-01-25-23-00-00", "latency": 32}, {"date": "2024-01-25-23-00-00", "latency": 32}, {"date": "2024-01-25-23-00-00", "latency": 32}]}, {"location": {"country_code": "tr"}, "game_id": "742409", "values": [{"date": "2024-01-25-14-00-00", "latency": 65}, {"date": "2024-01-25-14-00-00", "latency": 65}]}, {"location": {"country_code": "es"}, "game_id": "742409", "values": [{"date": "2024-01-25-18-00-00", "latency": 59}, {"date": "2024-01-25-18-00-00", "latency": 59}, {"date": "2024-01-25-18-00-00", "latency": 59}, {"date": "2024-01-25-18-00-00", "latency": 59}, {"date": "2024-01-25-18-00-00", "latency": 59}, {"date": "2024-01-25-23-00-00", "latency": 54}, {"date": "2024-01-25-23-00-00", "latency": 54}, {"date": "2024-01-25-23-00-00", "latency": 54}, {"date": "2024-01-25-23-00-00", "latency": 54}, {"date": "2024-01-25-23-00-00", "latency": 54}, {"date": "2024-01-25-23-00-00", "latency": 54}, {"date": "2024-01-25-23-00-00", "latency": 54}, {"date": "2024-01-25-23-00-00", "latency": 54}, {"date": "2024-01-25-23-00-00", "latency": 54}, {"date": "2024-01-25-23-00-00", "latency": 54}, {"date": "2024-01-25-23-00-00", "latency": 54}, {"date": "2024-01-25-23-00-00", "latency": 54}, {"date": "2024-01-25-23-00-00", "latency": 54}, {"date": "2024-01-25-23-00-00", "latency": 54}, {"date": "2024-01-25-23-00-00", "latency": 54}, {"date": "2024-01-25-23-00-00", "latency": 54}, {"date": "2024-01-25-23-00-00", "latency": 54}, {"date": "2024-01-25-23-00-00", "latency": 54}, {"date": "2024-01-25-23-00-00", "latency": 54}, {"date": "2024-01-25-23-00-00", "latency": 54}]}, {"location": {"country_code": "at"}, "game_id": "742409", "values": [{"date": "2024-01-25-08-00-00", "latency": 49}, {"date": "2024-01-25-08-00-00", "latency": 49}]}, {"location": {"country_code": "pl"}, "game_id": "742409", "values": [{"date": "2024-01-26-00-00-00", "latency": 51}, {"date": "2024-01-26-00-00-00", "latency": 51}, {"date": "2024-01-26-00-00-00", "latency": 51}, {"date": "2024-01-26-00-00-00", "latency": 51}, {"date": "2024-01-26-00-00-00", "latency": 51}, {"date": "2024-01-26-00-00-00", "latency": 51}, {"date": "2024-01-26-00-00-00", "latency": 51}, {"date": "2024-01-26-00-00-00", "latency": 51}, {"date": "2024-01-26-00-00-00", "latency": 51}, {"date": "2024-01-26-00-00-00", "latency": 51}, {"date": "2024-01-26-00-00-00", "latency": 51}, {"date": "2024-01-25-21-00-00", "latency": 44}, {"date": "2024-01-25-21-00-00", "latency": 44}]}, {"location": {"country_code": "ua"}, "game_id": "742409", "values": [{"date": "2024-01-25-20-00-00", "latency": 44}, {"date": "2024-01-25-20-00-00", "latency": 44}, {"date": "2024-01-25-20-00-00", "latency": 44}, {"date": "2024-01-25-20-00-00", "latency": 44}, {"date": "2024-01-25-20-00-00", "latency": 44}, {"date": "2024-01-25-20-00-00", "latency": 44}, {"date": "2024-01-25-20-00-00", "latency": 44}, {"date": "2024-01-25-20-00-00", "latency": 44}, {"date": "2024-01-25-20-00-00", "latency": 44}, {"date": "2024-01-25-20-00-00", "latency": 44}, {"date": "2024-01-25-15-00-00", "latency": 95}, {"date": "2024-01-25-15-00-00", "latency": 95}, {"date": "2024-01-25-15-00-00", "latency": 95}, {"date": "2024-01-25-15-00-00", "latency": 95}, {"date": "2024-01-25-15-00-00", "latency": 95}, {"date": "2024-01-25-15-00-00", "latency": 95}, {"date": "2024-01-25-20-00-00", "latency": 54}, {"date": "2024-01-25-20-00-00", "latency": 54}, {"date": "2024-01-25-20-00-00", "latency": 54}, {"date": "2024-01-25-20-00-00", "latency": 54}, {"date": "2024-01-25-20-00-00", "latency": 54}, {"date": "2024-01-25-20-00-00", "latency": 54}, {"date": "2024-01-25-20-00-00", "latency": 54}, {"date": "2024-01-25-20-00-00", "latency": 54}, {"date": "2024-01-25-18-00-00", "latency": 52}, {"date": "2024-01-25-18-00-00", "latency": 52}, {"date": "2024-01-25-18-00-00", "latency": 52}, {"date": "2024-01-25-16-00-00", "latency": 27}, {"date": "2024-01-25-16-00-00", "latency": 27}, {"date": "2024-01-25-16-00-00", "latency": 27}, {"date": "2024-01-25-16-00-00", "latency": 27}, {"date": "2024-01-25-16-00-00", "latency": 27}, {"date": "2024-01-25-16-00-00", "latency": 27}, {"date": "2024-01-25-22-00-00", "latency": 43}, {"date": "2024-01-25-22-00-00", "latency": 43}, {"date": "2024-01-25-22-00-00", "latency": 43}, {"date": "2024-01-25-22-00-00", "latency": 43}, {"date": "2024-01-25-22-00-00", "latency": 43}, {"date": "2024-01-25-22-00-00", "latency": 43}, {"date": "2024-01-25-22-00-00", "latency": 43}, {"date": "2024-01-25-22-00-00", "latency": 43}, {"date": "2024-01-25-22-00-00", "latency": 43}, {"date": "2024-01-25-22-00-00", "latency": 43}]}, {"location": {"country_code": "ua", "region": "Vinnytsia Oblast"}, "game_id": "742409", "values": [{"date": "2024-01-26-00-00-00", "latency": 61}, {"date": "2024-01-26-00-00-00", "latency": 61}, {"date": "2024-01-26-00-00-00", "latency": 61}, {"date": "2024-01-26-00-00-00", "latency": 61}, {"date": "2024-01-26-00-00-00", "latency": 61}, {"date": "2024-01-26-00-00-00", "latency": 61}, {"date": "2024-01-26-00-00-00", "latency": 61}, {"date": "2024-01-26-00-00-00", "latency": 61}, {"date": "2024-01-26-00-00-00", "latency": 61}, {"date": "2024-01-26-00-00-00", "latency": 61}, {"date": "2024-01-26-00-00-00", "latency": 61}, {"date": "2024-01-26-00-00-00", "latency": 61}, {"date": "2024-01-26-00-00-00", "latency": 61}, {"date": "2024-01-26-00-00-00", "latency": 61}, {"date": "2024-01-26-00-00-00", "latency": 61}]}, {"location": {"country_code": "sg"}, "game_id": "742409", "values": [{"date": "2024-01-25-14-00-00", "latency": 26}, {"date": "2024-01-25-14-00-00", "latency": 26}, {"date": "2024-01-25-14-00-00", "latency": 26}, {"date": "2024-01-25-14-00-00", "latency": 26}, {"date": "2024-01-25-14-00-00", "latency": 26}]}, {"location": {"country_code": "es", "region": "Andalusia", "city": "Seville"}, "game_id": "742409", "values": [{"date": "2024-01-25-22-00-00", "latency": 56}, {"date": "2024-01-25-22-00-00", "latency": 56}, {"date": "2024-01-25-22-00-00", "latency": 56}, {"date": "2024-01-25-22-00-00", "latency": 56}, {"date": "2024-01-25-22-00-00", "latency": 56}, {"date": "2024-01-25-22-00-00", "latency": 56}, {"date": "2024-01-25-22-00-00", "latency": 56}, {"date": "2024-01-25-22-00-00", "latency": 56}, {"date": "2024-01-25-22-00-00", "latency": 56}]}, {"location": {"country_code": "us", "region": "Nebraska"}, "game_id": "742409", "values": [{"date": "2024-01-25-04-00-00", "latency": 67}]}, {"location": {"country_code": "hr"}, "game_id": "742409", "values": [{"date": "2024-01-25-17-00-00", "latency": 79}, {"date": "2024-01-26-01-00-00", "latency": 40}, {"date": "2024-01-26-01-00-00", "latency": 40}, {"date": "2024-01-26-01-00-00", "latency": 40}, {"date": "2024-01-26-01-00-00", "latency": 40}, {"date": "2024-01-26-01-00-00", "latency": 40}, {"date": "2024-01-26-01-00-00", "latency": 40}, {"date": "2024-01-26-01-00-00", "latency": 40}, {"date": "2024-01-26-01-00-00", "latency": 40}]}, {"location": {"country_code": "ua", "region": "Kharkiv Oblast", "city": "Kharkiv"}, "game_id": "742409", "values": [{"date": "2024-01-25-14-00-00", "latency": 62}, {"date": "2024-01-25-14-00-00", "latency": 62}]}, {"location": {"country_code": "lv"}, "game_id": "742409", "values": [{"date": "2024-01-25-06-00-00", "latency": 35}, {"date": "2024-01-25-06-00-00", "latency": 35}, {"date": "2024-01-25-06-00-00", "latency": 35}, {"date": "2024-01-25-06-00-00", "latency": 35}, {"date": "2024-01-25-06-00-00", "latency": 35}, {"date": "2024-01-25-06-00-00", "latency": 35}, {"date": "2024-01-25-06-00-00", "latency": 35}]}, {"location": {"country_code": "es", "region": "Madrid"}, "game_id": "742409", "values": [{"date": "2024-01-25-18-00-00", "latency": 47}, {"date": "2024-01-25-18-00-00", "latency": 47}, {"date": "2024-01-25-18-00-00", "latency": 47}, {"date": "2024-01-25-18-00-00", "latency": 47}, {"date": "2024-01-25-18-00-00", "latency": 47}, {"date": "2024-01-25-18-00-00", "latency": 47}, {"date": "2024-01-25-18-00-00", "latency": 47}, {"date": "2024-01-25-18-00-00", "latency": 47}, {"date": "2024-01-25-18-00-00", "latency": 47}, {"date": "2024-01-25-18-00-00", "latency": 47}, {"date": "2024-01-25-18-00-00", "latency": 47}, {"date": "2024-01-25-18-00-00", "latency": 47}, {"date": "2024-01-25-18-00-00", "latency": 47}]}, {"location": {"country_code": "ro", "region": "Iasi County"}, "game_id": "742409", "values": [{"date": "2024-01-25-23-00-00", "latency": 36}, {"date": "2024-01-25-23-00-00", "latency": 36}, {"date": "2024-01-25-23-00-00", "latency": 36}, {"date": "2024-01-25-23-00-00", "latency": 36}, {"date": "2024-01-25-23-00-00", "latency": 36}, {"date": "2024-01-25-23-00-00", "latency": 36}, {"date": "2024-01-25-23-00-00", "latency": 36}, {"date": "2024-01-25-23-00-00", "latency": 36}]}, {"location": {"country_code": "rs", "region": "Vojvodina", "city": "Novi Sad"}, "game_id": "742409", "values": [{"date": "2024-01-25-23-00-00", "latency": 32}, {"date": "2024-01-25-23-00-00", "latency": 32}, {"date": "2024-01-25-23-00-00", "latency": 32}, {"date": "2024-01-25-23-00-00", "latency": 32}, {"date": "2024-01-25-23-00-00", "latency": 32}, {"date": "2024-01-25-23-00-00", "latency": 32}, {"date": "2024-01-25-23-00-00", "latency": 32}, {"date": "2024-01-25-23-00-00", "latency": 32}, {"date": "2024-01-25-23-00-00", "latency": 32}]}, {"location": {"country_code": "de", "region": "North Rhine-Westphalia", "city": "Leverkusen"}, "game_id": "742409", "values": [{"date": "2024-01-26-00-00-00", "latency": 17}, {"date": "2024-01-26-00-00-00", "latency": 17}, {"date": "2024-01-26-00-00-00", "latency": 17}, {"date": "2024-01-26-00-00-00", "latency": 17}]}, {"location": {"country_code": "sk", "region": "Bratislava Region", "city": "Bratislava"}, "game_id": "742409", "values": [{"date": "2024-01-26-01-00-00", "latency": 19}, {"date": "2024-01-26-01-00-00", "latency": 19}, {"date": "2024-01-26-01-00-00", "latency": 19}, {"date": "2024-01-26-01-00-00", "latency": 19}, {"date": "2024-01-26-01-00-00", "latency": 19}]}, {"location": {"country_code": "es", "region": "Basque Country", "city": "Onati"}, "game_id": "742409", "values": [{"date": "2024-01-25-18-00-00", "latency": 57}, {"date": "2024-01-25-18-00-00", "latency": 57}, {"date": "2024-01-25-18-00-00", "latency": 57}, {"date": "2024-01-25-18-00-00", "latency": 57}, {"date": "2024-01-25-18-00-00", "latency": 57}]}], "last_updated": 1719926534.181615}