{"data": [{"location": {"country_code": "us"}, "game_id": "742409", "values": [{"date": "2023-10-07-16-00-00", "alternatives": [32, 32, 32, 32]}, {"date": "2023-10-07-06-00-00", "alternatives": ["29", "29", "293"]}, {"date": "2023-10-07-06-00-00", "alternatives": ["29", "29", "293"]}, {"date": "2023-10-07-06-00-00", "alternatives": ["29", "29", "293"]}, {"date": "2023-10-07-05-00-00", "alternatives": ["49", "49", "43"]}, {"date": "2023-10-07-05-00-00", "alternatives": ["49", "49", "43"]}, {"date": "2023-10-07-05-00-00", "alternatives": ["49", "49", "43"]}, {"date": "2023-10-07-05-00-00", "alternatives": ["49", "49", "43"]}]}, {"location": {"country_code": "gb"}, "game_id": "742409", "values": [{"date": "2023-10-07-20-00-00", "alternatives": ["59", "59", "58"]}, {"date": "2023-10-07-20-00-00", "alternatives": ["59", "59", "58"]}, {"date": "2023-10-07-02-00-00", "alternatives": ["3", "13", "13"]}, {"date": "2023-10-07-21-00-00", "alternatives": [97, 97, 97, 97]}, {"date": "2023-10-07-21-00-00", "alternatives": [97, 97, 97, 97]}, {"date": "2023-10-07-21-00-00", "alternatives": [97, 97, 97, 97]}, {"date": "2023-10-07-21-00-00", "alternatives": [97, 97, 97, 97]}, {"date": "2023-10-07-21-00-00", "alternatives": [97, 97, 97, 97]}, {"date": "2023-10-07-18-00-00", "alternatives": [28, 28, 28]}, {"date": "2023-10-07-18-00-00", "alternatives": [28, 28, 28]}, {"date": "2023-10-07-18-00-00", "alternatives": [28, 28, 28]}, {"date": "2023-10-07-18-00-00", "alternatives": [28, 28, 28]}, {"date": "2023-10-07-18-00-00", "alternatives": [28, 28, 28]}, {"date": "2023-10-07-18-00-00", "alternatives": [28, 28, 28]}, {"date": "2023-10-07-18-00-00", "alternatives": [28, 28, 28]}, {"date": "2023-10-07-18-00-00", "alternatives": [28, 28, 28]}]}, {"location": {"country_code": "ro"}, "game_id": "742409", "values": [{"date": "2023-10-07-08-00-00", "alternatives": [44, 44, 44, 44]}, {"date": "2023-10-07-08-00-00", "alternatives": [44, 44, 44, 44]}, {"date": "2023-10-07-08-00-00", "alternatives": [44, 44, 44, 44]}, {"date": "2023-10-07-08-00-00", "alternatives": [44, 44, 44, 44]}, {"date": "2023-10-07-08-00-00", "alternatives": [44, 44, 44, 44]}, {"date": "2023-10-07-08-00-00", "alternatives": [44, 44, 44, 44]}, {"date": "2023-10-07-08-00-00", "alternatives": [44, 44, 44, 44]}, {"date": "2023-10-07-08-00-00", "alternatives": [44, 44, 44, 44]}, {"date": "2023-10-07-08-00-00", "alternatives": [44, 44, 44, 44]}, {"date": "2023-10-07-16-00-00", "alternatives": [33, 3, 3, 33, 33]}, {"date": "2023-10-07-16-00-00", "alternatives": [33, 3, 3, 33, 33]}, {"date": "2023-10-08-00-00-00", "alternatives": [35, 35, 35, 35]}, {"date": "2023-10-08-00-00-00", "alternatives": [35, 35, 35, 35]}, {"date": "2023-10-08-00-00-00", "alternatives": [35, 35, 35, 35]}, {"date": "2023-10-08-00-00-00", "alternatives": [35, 35, 35, 35]}, {"date": "2023-10-08-00-00-00", "alternatives": [35, 35, 35, 35]}, {"date": "2023-10-08-00-00-00", "alternatives": [35, 35, 35, 35]}]}, {"location": {"country_code": "jp"}, "game_id": "742409", "values": [{"date": "2023-10-07-13-00-00", "alternatives": [99, 29, 99, 99, 99]}, {"date": "2023-10-07-13-00-00", "alternatives": [99, 29, 99, 99, 99]}, {"date": "2023-10-07-14-00-00", "alternatives": [139, 139, 139, 139]}, {"date": "2023-10-07-14-00-00", "alternatives": [139, 139, 139, 139]}, {"date": "2023-10-07-14-00-00", "alternatives": [139, 139, 139, 139]}, {"date": "2023-10-07-15-00-00", "alternatives": [120, 120, 120, 120]}, {"date": "2023-10-07-15-00-00", "alternatives": [120, 120, 120, 120]}, {"date": "2023-10-07-15-00-00", "alternatives": [120, 120, 120, 120]}]}, {"location": {"country_code": "ca"}, "game_id": "742409", "values": [{"date": "2023-10-07-07-00-00", "alternatives": [36, 3, 36, 36]}, {"date": "2023-10-07-07-00-00", "alternatives": [36, 3, 36, 36]}, {"date": "2023-10-07-07-00-00", "alternatives": [36, 3, 36, 36]}, {"date": "2023-10-07-07-00-00", "alternatives": [36, 3, 36, 36]}, {"date": "2023-10-07-07-00-00", "alternatives": [36, 3, 36, 36]}, {"date": "2023-10-07-07-00-00", "alternatives": [36, 3, 36, 36]}, {"date": "2023-10-07-07-00-00", "alternatives": [36, 3, 36, 36]}, {"date": "2023-10-07-07-00-00", "alternatives": [36, 3, 36, 36]}, {"date": "2023-10-07-07-00-00", "alternatives": [36, 3, 36, 36]}, {"date": "2023-10-07-07-00-00", "alternatives": [36, 3, 36, 36]}, {"date": "2023-10-07-07-00-00", "alternatives": [36, 3, 36, 36]}, {"date": "2023-10-07-07-00-00", "alternatives": [36, 3, 36, 36]}, {"date": "2023-10-07-07-00-00", "alternatives": [36, 3, 36, 36]}, {"date": "2023-10-07-07-00-00", "alternatives": [36, 3, 36, 36]}, {"date": "2023-10-07-07-00-00", "alternatives": [36, 3, 36, 36]}]}, {"location": {"country_code": "de"}, "game_id": "742409", "values": [{"date": "2023-10-07-17-00-00", "alternatives": [45, 46, 46, 46]}, {"date": "2023-10-07-17-00-00", "alternatives": [45, 46, 46, 46]}, {"date": "2023-10-07-17-00-00", "alternatives": [45, 46, 46, 46]}, {"date": "2023-10-07-17-00-00", "alternatives": [45, 46, 46, 46]}]}, {"location": {"country_code": "tw"}, "game_id": "742409", "values": [{"date": "2023-10-07-09-00-00", "alternatives": [89, 89, 89]}, {"date": "2023-10-07-09-00-00", "alternatives": [89, 89, 89]}, {"date": "2023-10-07-09-00-00", "alternatives": [89, 89, 89]}, {"date": "2023-10-07-09-00-00", "alternatives": [89, 89, 89]}, {"date": "2023-10-07-09-00-00", "alternatives": [89, 89, 89]}, {"date": "2023-10-07-09-00-00", "alternatives": [89, 89, 89]}, {"date": "2023-10-07-09-00-00", "alternatives": [89, 89, 89]}, {"date": "2023-10-07-09-00-00", "alternatives": [89, 89, 89]}, {"date": "2023-10-07-09-00-00", "alternatives": [89, 89, 89]}, {"date": "2023-10-07-09-00-00", "alternatives": [89, 89, 89]}, {"date": "2023-10-07-09-00-00", "alternatives": [89, 89, 89]}, {"date": "2023-10-07-07-00-00", "alternatives": [82, 82, 82, 82]}, {"date": "2023-10-07-07-00-00", "alternatives": [82, 82, 82, 82]}, {"date": "2023-10-07-07-00-00", "alternatives": [82, 82, 82, 82]}, {"date": "2023-10-07-07-00-00", "alternatives": [82, 82, 82, 82]}, {"date": "2023-10-07-07-00-00", "alternatives": [82, 82, 82, 82]}]}, {"location": {"country_code": "fr"}, "game_id": "742409", "values": [{"date": "2023-10-08-01-00-00", "alternatives": ["1", "17", "1"]}, {"date": "2023-10-08-01-00-00", "alternatives": ["1", "17", "1"]}, {"date": "2023-10-08-01-00-00", "alternatives": ["1", "17", "1"]}]}, {"location": {"country_code": "rs"}, "game_id": "742409", "values": [{"date": "2023-10-08-00-00-00", "alternatives": [63, 63, 63]}, {"date": "2023-10-08-00-00-00", "alternatives": [63, 63, 63]}, {"date": "2023-10-08-00-00-00", "alternatives": [38, 3, 3, 38, 38]}, {"date": "2023-10-08-00-00-00", "alternatives": [38, 3, 3, 38, 38]}]}, {"location": {"country_code": "es", "region": "Madrid", "city": "Parla"}, "game_id": "742409", "values": [{"date": "2023-10-08-00-00-00", "alternatives": [34, 34, 34, 34]}, {"date": "2023-10-08-00-00-00", "alternatives": [34, 34, 34, 34]}, {"date": "2023-10-08-00-00-00", "alternatives": [34, 34, 34, 34]}, {"date": "2023-10-08-00-00-00", "alternatives": [34, 34, 34, 34]}]}, {"location": {"country_code": "de", "region": "Saxony"}, "game_id": "742409", "values": [{"date": "2023-10-07-18-00-00", "alternatives": [20, 20, 20, 20]}, {"date": "2023-10-07-18-00-00", "alternatives": [20, 20, 20, 20]}]}, {"location": {"country_code": "es"}, "game_id": "742409", "values": [{"date": "2023-10-07-22-00-00", "alternatives": [75, 75, 75, 75]}, {"date": "2023-10-07-22-00-00", "alternatives": [75, 75, 75, 75]}, {"date": "2023-10-07-22-00-00", "alternatives": [75, 75, 75, 75]}, {"date": "2023-10-07-22-00-00", "alternatives": [75, 75, 75, 75]}, {"date": "2023-10-07-22-00-00", "alternatives": [75, 75, 75, 75]}]}, {"location": {"country_code": "hu"}, "game_id": "742409", "values": [{"date": "2023-10-07-18-00-00", "alternatives": [9, 39, 39, 39]}]}, {"location": {"country_code": "pl"}, "game_id": "742409", "values": [{"date": "2023-10-07-23-00-00", "alternatives": [24, 24, 24, 24]}, {"date": "2023-10-07-23-00-00", "alternatives": [24, 24, 24, 24]}]}, {"location": {"country_code": "us", "region": "Georgia"}, "game_id": "742409", "values": [{"date": "2023-10-07-05-00-00", "alternatives": [42, 42, 42]}, {"date": "2023-10-07-05-00-00", "alternatives": [42, 42, 42]}, {"date": "2023-10-07-05-00-00", "alternatives": [42, 42, 42]}, {"date": "2023-10-07-05-00-00", "alternatives": [42, 42, 42]}]}, {"location": {"country_code": "ua"}, "game_id": "742409", "values": [{"date": "2023-10-07-22-00-00", "alternatives": [24, 24, 24]}, {"date": "2023-10-07-22-00-00", "alternatives": [27, 27, 27, 27]}, {"date": "2023-10-07-17-00-00", "alternatives": ["0", "40", "40"]}, {"date": "2023-10-07-20-00-00", "alternatives": [32, 32, 32, 32]}, {"date": "2023-10-07-20-00-00", "alternatives": [32, 32, 32, 32]}, {"date": "2023-10-07-20-00-00", "alternatives": [32, 32, 32, 32]}, {"date": "2023-10-07-20-00-00", "alternatives": [32, 32, 32, 32]}, {"date": "2023-10-07-14-00-00", "alternatives": [59, 59, 59, 59]}, {"date": "2023-10-07-14-00-00", "alternatives": [59, 59, 59, 59]}, {"date": "2023-10-07-14-00-00", "alternatives": [59, 59, 59, 59]}, {"date": "2023-10-07-14-00-00", "alternatives": [59, 59, 59, 59]}, {"date": "2023-10-07-14-00-00", "alternatives": [59, 59, 59, 59]}, {"date": "2023-10-07-11-00-00", "alternatives": [44, 44, 44, 44]}, {"date": "2023-10-07-11-00-00", "alternatives": [44, 44, 44, 44]}, {"date": "2023-10-07-11-00-00", "alternatives": [44, 44, 44, 44]}, {"date": "2023-10-07-11-00-00", "alternatives": [44, 44, 44, 44]}, {"date": "2023-10-07-11-00-00", "alternatives": [44, 44, 44, 44]}, {"date": "2023-10-07-11-00-00", "alternatives": [44, 44, 44, 44]}]}, {"location": {"country_code": "ru"}, "game_id": "742409", "values": [{"date": "2023-10-07-22-00-00", "alternatives": [41, 41, 41, 41]}, {"date": "2023-10-07-22-00-00", "alternatives": [41, 41, 41, 41]}, {"date": "2023-10-07-22-00-00", "alternatives": [41, 41, 41, 41]}, {"date": "2023-10-07-22-00-00", "alternatives": [41, 41, 41, 41]}, {"date": "2023-10-07-04-00-00", "alternatives": [77, 77, 77, 77]}]}, {"location": {"country_code": "us", "region": "Pennsylvania"}, "game_id": "742409", "values": [{"date": "2023-10-08-01-00-00", "alternatives": [35, 35, 35, 35]}]}, {"location": {"country_code": "br", "region": "State of Rio de Janeiro", "city": "Angra dos Reis"}, "game_id": "742409", "values": [{"date": "2023-10-07-21-00-00", "alternatives": [47, 47, 47, 47]}, {"date": "2023-10-07-21-00-00", "alternatives": [47, 47, 47, 47]}, {"date": "2023-10-07-21-00-00", "alternatives": [47, 47, 47, 47]}]}, {"location": {"country_code": "ua", "region": "Kharkiv Oblast", "city": "Kharkiv"}, "game_id": "742409", "values": [{"date": "2023-10-07-07-00-00", "alternatives": [44, 44, 44]}, {"date": "2023-10-07-07-00-00", "alternatives": [44, 44, 44]}, {"date": "2023-10-07-07-00-00", "alternatives": [44, 44, 44]}, {"date": "2023-10-07-07-00-00", "alternatives": [44, 44, 44]}, {"date": "2023-10-07-07-00-00", "alternatives": [44, 44, 44]}, {"date": "2023-10-07-07-00-00", "alternatives": [44, 44, 44]}, {"date": "2023-10-07-07-00-00", "alternatives": [44, 44, 44]}, {"date": "2023-10-07-07-00-00", "alternatives": [44, 44, 44]}, {"date": "2023-10-07-07-00-00", "alternatives": [44, 44, 44]}]}, {"location": {"country_code": "bg"}, "game_id": "742409", "values": [{"date": "2023-10-07-22-00-00", "alternatives": [48, 48, 48, 48]}]}, {"location": {"country_code": "de", "region": "Saxony-Anhalt"}, "game_id": "742409", "values": [{"date": "2023-10-07-02-00-00", "alternatives": [44, 4, 44, 44, 44]}, {"date": "2023-10-07-02-00-00", "alternatives": [44, 4, 44, 44, 44]}, {"date": "2023-10-07-02-00-00", "alternatives": [44, 4, 44, 44, 44]}, {"date": "2023-10-07-02-00-00", "alternatives": [44, 4, 44, 44, 44]}, {"date": "2023-10-07-02-00-00", "alternatives": [44, 4, 44, 44, 44]}, {"date": "2023-10-07-02-00-00", "alternatives": [44, 4, 44, 44, 44]}, {"date": "2023-10-07-02-00-00", "alternatives": [44, 4, 44, 44, 44]}, {"date": "2023-10-07-02-00-00", "alternatives": [44, 4, 44, 44, 44]}, {"date": "2023-10-07-02-00-00", "alternatives": [44, 4, 44, 44, 44]}, {"date": "2023-10-07-02-00-00", "alternatives": [44, 4, 44, 44, 44]}, {"date": "2023-10-07-02-00-00", "alternatives": [44, 4, 44, 44, 44]}, {"date": "2023-10-07-02-00-00", "alternatives": [44, 4, 44, 44, 44]}, {"date": "2023-10-07-02-00-00", "alternatives": [44, 4, 44, 44, 44]}]}, {"location": {"country_code": "de", "region": "Brandenburg"}, "game_id": "742409", "values": [{"date": "2023-10-07-20-00-00", "alternatives": [49, 45, 49, 49, 43]}]}, {"location": {"country_code": "mt"}, "game_id": "742409", "values": [{"date": "2023-10-07-20-00-00", "alternatives": ["3", "43", "43"]}]}, {"location": {"country_code": "jp", "region": "Hiroshima"}, "game_id": "742409", "values": [{"date": "2023-10-07-15-00-00", "alternatives": ["3", "93", "3"]}]}, {"location": {"country_code": "ro", "region": "Iasi County"}, "game_id": "742409", "values": [{"date": "2023-10-07-22-00-00", "alternatives": [45, 45, 45, 45]}, {"date": "2023-10-07-22-00-00", "alternatives": [45, 45, 45, 45]}, {"date": "2023-10-07-22-00-00", "alternatives": [45, 45, 45, 45]}]}, {"location": {"country_code": "rs", "region": "Vojvodina", "city": "Novi Sad"}, "game_id": "742409", "values": [{"date": "2023-10-08-00-00-00", "alternatives": [6, 46, 4, 46, 46]}, {"date": "2023-10-08-00-00-00", "alternatives": [6, 46, 4, 46, 46]}, {"date": "2023-10-08-00-00-00", "alternatives": [6, 46, 4, 46, 46]}]}, {"location": {"country_code": "cz"}, "game_id": "742409", "values": [{"date": "2023-10-07-11-00-00", "alternatives": [40, 40, 40, 40]}, {"date": "2023-10-07-11-00-00", "alternatives": [40, 40, 40, 40]}, {"date": "2023-10-07-11-00-00", "alternatives": [40, 40, 40, 40]}, {"date": "2023-10-07-11-00-00", "alternatives": [40, 40, 40, 40]}, {"date": "2023-10-07-11-00-00", "alternatives": [40, 40, 40, 40]}, {"date": "2023-10-07-11-00-00", "alternatives": [40, 40, 40, 40]}, {"date": "2023-10-07-11-00-00", "alternatives": [40, 40, 40, 40]}, {"date": "2023-10-07-11-00-00", "alternatives": [40, 40, 40, 40]}]}, {"location": {"country_code": "de", "region": "Free State of Thuringia", "city": "Erfurt"}, "game_id": "742409", "values": [{"date": "2023-10-07-19-00-00", "alternatives": [25, 25, 25, 25]}, {"date": "2023-10-07-19-00-00", "alternatives": [25, 25, 25, 25]}, {"date": "2023-10-07-19-00-00", "alternatives": [25, 25, 25, 25]}, {"date": "2023-10-07-19-00-00", "alternatives": [25, 25, 25, 25]}, {"date": "2023-10-07-19-00-00", "alternatives": [25, 25, 25, 25]}, {"date": "2023-10-07-19-00-00", "alternatives": [25, 25, 25, 25]}, {"date": "2023-10-07-19-00-00", "alternatives": [25, 25, 25, 25]}, {"date": "2023-10-07-19-00-00", "alternatives": [25, 25, 25, 25]}, {"date": "2023-10-07-19-00-00", "alternatives": [25, 25, 25, 25]}, {"date": "2023-10-07-19-00-00", "alternatives": [25, 25, 25, 25]}, {"date": "2023-10-07-19-00-00", "alternatives": [25, 25, 25, 25]}]}, {"location": {"country_code": "sk", "region": "Bratislava Region", "city": "Bratislava"}, "game_id": "742409", "values": [{"date": "2023-10-08-00-00-00", "alternatives": [33, 33, 33, 33]}, {"date": "2023-10-08-00-00-00", "alternatives": [33, 33, 33, 33]}, {"date": "2023-10-08-00-00-00", "alternatives": [33, 33, 33, 33]}, {"date": "2023-10-08-00-00-00", "alternatives": [33, 33, 33, 33]}]}, {"location": {"country_code": "gb", "region": "England", "city": "Westhoughton"}, "game_id": "742409", "values": [{"date": "2023-10-07-15-00-00", "alternatives": [14, 1, 16, 4, 14, 14]}, {"date": "2023-10-07-15-00-00", "alternatives": [14, 1, 16, 4, 14, 14]}, {"date": "2023-10-07-15-00-00", "alternatives": [14, 1, 16, 4, 14, 14]}, {"date": "2023-10-07-15-00-00", "alternatives": [14, 1, 16, 4, 14, 14]}, {"date": "2023-10-07-15-00-00", "alternatives": [14, 1, 16, 4, 14, 14]}, {"date": "2023-10-07-15-00-00", "alternatives": [14, 1, 16, 4, 14, 14]}, {"date": "2023-10-07-15-00-00", "alternatives": [14, 1, 16, 4, 14, 14]}, {"date": "2023-10-07-15-00-00", "alternatives": [14, 1, 16, 4, 14, 14]}, {"date": "2023-10-07-15-00-00", "alternatives": [14, 1, 16, 4, 14, 14]}, {"date": "2023-10-07-15-00-00", "alternatives": [14, 1, 16, 4, 14, 14]}]}, {"location": {"country_code": "cz", "region": "Ustecky kraj", "city": "Decin"}, "game_id": "742409", "values": [{"date": "2023-10-07-19-00-00", "alternatives": [5, 45, 4, 45, 45]}, {"date": "2023-10-07-19-00-00", "alternatives": [5, 45, 4, 45, 45]}]}, {"location": {"country_code": "ro", "region": "Hunedoara County", "city": "Deva"}, "game_id": "742409", "values": [{"date": "2023-10-07-21-00-00", "alternatives": [57, 57, 57, 57]}, {"date": "2023-10-07-21-00-00", "alternatives": [57, 57, 57, 57]}, {"date": "2023-10-07-21-00-00", "alternatives": [57, 57, 57, 57]}, {"date": "2023-10-07-21-00-00", "alternatives": [57, 57, 57, 57]}, {"date": "2023-10-07-21-00-00", "alternatives": [57, 57, 57, 57]}, {"date": "2023-10-07-21-00-00", "alternatives": [57, 57, 57, 57]}]}], "last_updated": 1719918471.233632}