{"data": [{"location": {"country_code": "us"}, "game_id": "614266", "values": [{"date": "2024-01-01-04-00-00", "latency": 22}, {"date": "2024-01-01-04-00-00", "latency": 22}, {"date": "2024-01-01-08-00-00", "latency": 43}, {"date": "2024-01-02-01-00-00", "latency": 68}, {"date": "2024-01-02-01-00-00", "latency": 68}, {"date": "2024-01-02-01-00-00", "latency": 68}, {"date": "2024-01-02-01-00-00", "latency": 68}, {"date": "2024-01-02-01-00-00", "latency": 68}, {"date": "2024-01-02-01-00-00", "latency": 68}, {"date": "2024-01-02-01-00-00", "latency": 68}, {"date": "2024-01-02-01-00-00", "latency": 68}, {"date": "2024-01-02-01-00-00", "latency": 68}, {"date": "2024-01-02-01-00-00", "latency": 68}, {"date": "2024-01-02-01-00-00", "latency": 68}, {"date": "2024-01-02-01-00-00", "latency": 68}, {"date": "2024-01-02-01-00-00", "latency": 68}, {"date": "2024-01-02-01-00-00", "latency": 68}, {"date": "2024-01-02-01-00-00", "latency": 68}, {"date": "2024-01-02-01-00-00", "latency": 68}, {"date": "2024-01-02-01-00-00", "latency": 68}, {"date": "2024-01-02-01-00-00", "latency": 68}]}, {"location": {"country_code": "us", "region": "Virginia"}, "game_id": "614266", "values": [{"date": "2024-01-01-08-00-00", "latency": 119}, {"date": "2024-01-01-08-00-00", "latency": 119}, {"date": "2024-01-01-08-00-00", "latency": 119}, {"date": "2024-01-01-08-00-00", "latency": 119}, {"date": "2024-01-01-08-00-00", "latency": 119}, {"date": "2024-01-01-08-00-00", "latency": 119}, {"date": "2024-01-01-08-00-00", "latency": 119}, {"date": "2024-01-01-08-00-00", "latency": 119}]}, {"location": {"country_code": "fr"}, "game_id": "614266", "values": [{"date": "2024-01-02-01-00-00", "latency": 18}, {"date": "2024-01-02-01-00-00", "latency": 18}, {"date": "2024-01-02-01-00-00", "latency": 18}, {"date": "2024-01-02-01-00-00", "latency": 18}, {"date": "2024-01-02-01-00-00", "latency": 18}, {"date": "2024-01-02-01-00-00", "latency": 18}, {"date": "2024-01-02-01-00-00", "latency": 18}, {"date": "2024-01-02-01-00-00", "latency": 18}, {"date": "2024-01-02-01-00-00", "latency": 18}, {"date": "2024-01-02-01-00-00", "latency": 18}, {"date": "2024-01-02-01-00-00", "latency": 18}, {"date": "2024-01-02-01-00-00", "latency": 18}, {"date": "2024-01-02-01-00-00", "latency": 18}, {"date": "2024-01-02-01-00-00", "latency": 18}, {"date": "2024-01-02-01-00-00", "latency": 18}, {"date": "2024-01-02-01-00-00", "latency": 18}, {"date": "2024-01-02-01-00-00", "latency": 18}, {"date": "2024-01-02-01-00-00", "latency": 18}, {"date": "2024-01-02-01-00-00", "latency": 18}]}, {"location": {"country_code": "us", "region": "Michigan", "city": "Detroit"}, "game_id": "614266", "values": [{"date": "2024-01-01-21-00-00", "latency": 2}, {"date": "2024-01-01-21-00-00", "latency": 2}]}, {"location": {"country_code": "jm"}, "game_id": "614266", "values": [{"date": "2024-01-01-09-00-00", "latency": 34}, {"date": "2024-01-01-09-00-00", "latency": 34}, {"date": "2024-01-01-09-00-00", "latency": 34}, {"date": "2024-01-01-09-00-00", "latency": 34}, {"date": "2024-01-01-09-00-00", "latency": 34}]}, {"location": {"country_code": "us", "region": "California", "city": "Elk Grove"}, "game_id": "614266", "values": [{"date": "2024-01-01-11-00-00", "latency": 20}, {"date": "2024-01-01-11-00-00", "latency": 20}, {"date": "2024-01-01-11-00-00", "latency": 20}, {"date": "2024-01-01-11-00-00", "latency": 20}, {"date": "2024-01-01-11-00-00", "latency": 20}, {"date": "2024-01-01-11-00-00", "latency": 20}, {"date": "2024-01-01-11-00-00", "latency": 20}, {"date": "2024-01-01-11-00-00", "latency": 20}, {"date": "2024-01-01-11-00-00", "latency": 20}, {"date": "2024-01-01-11-00-00", "latency": 20}, {"date": "2024-01-01-11-00-00", "latency": 20}, {"date": "2024-01-01-11-00-00", "latency": 20}]}, {"location": {"country_code": "us", "region": "Missouri"}, "game_id": "614266", "values": [{"date": "2024-01-01-08-00-00", "latency": 21}, {"date": "2024-01-01-08-00-00", "latency": 21}, {"date": "2024-01-01-08-00-00", "latency": 21}, {"date": "2024-01-01-08-00-00", "latency": 21}, {"date": "2024-01-01-08-00-00", "latency": 21}, {"date": "2024-01-01-08-00-00", "latency": 21}, {"date": "2024-01-01-08-00-00", "latency": 21}, {"date": "2024-01-01-08-00-00", "latency": 21}, {"date": "2024-01-01-08-00-00", "latency": 21}, {"date": "2024-01-01-08-00-00", "latency": 21}, {"date": "2024-01-01-08-00-00", "latency": 21}, {"date": "2024-01-01-08-00-00", "latency": 21}, {"date": "2024-01-01-08-00-00", "latency": 21}, {"date": "2024-01-01-08-00-00", "latency": 21}, {"date": "2024-01-01-08-00-00", "latency": 21}, {"date": "2024-01-01-08-00-00", "latency": 21}, {"date": "2024-01-01-08-00-00", "latency": 21}, {"date": "2024-01-01-08-00-00", "latency": 21}, {"date": "2024-01-01-08-00-00", "latency": 21}, {"date": "2024-01-01-08-00-00", "latency": 21}, {"date": "2024-01-01-08-00-00", "latency": 21}, {"date": "2024-01-01-08-00-00", "latency": 21}, {"date": "2024-01-01-08-00-00", "latency": 21}, {"date": "2024-01-01-08-00-00", "latency": 21}, {"date": "2024-01-01-08-00-00", "latency": 21}, {"date": "2024-01-01-08-00-00", "latency": 21}]}, {"location": {"country_code": "us", "region": "Michigan"}, "game_id": "614266", "values": [{"date": "2024-01-01-09-00-00", "latency": 30}, {"date": "2024-01-01-09-00-00", "latency": 30}, {"date": "2024-01-01-09-00-00", "latency": 30}, {"date": "2024-01-01-09-00-00", "latency": 30}, {"date": "2024-01-01-09-00-00", "latency": 30}, {"date": "2024-01-01-09-00-00", "latency": 30}, {"date": "2024-01-01-09-00-00", "latency": 30}, {"date": "2024-01-01-09-00-00", "latency": 30}, {"date": "2024-01-01-09-00-00", "latency": 30}, {"date": "2024-01-01-09-00-00", "latency": 30}, {"date": "2024-01-01-09-00-00", "latency": 30}, {"date": "2024-01-01-09-00-00", "latency": 30}, {"date": "2024-01-01-09-00-00", "latency": 30}, {"date": "2024-01-01-09-00-00", "latency": 30}, {"date": "2024-01-01-09-00-00", "latency": 30}, {"date": "2024-01-01-09-00-00", "latency": 30}, {"date": "2024-01-01-09-00-00", "latency": 30}, {"date": "2024-01-01-09-00-00", "latency": 30}, {"date": "2024-01-01-09-00-00", "latency": 30}, {"date": "2024-01-01-09-00-00", "latency": 30}, {"date": "2024-01-01-09-00-00", "latency": 30}, {"date": "2024-01-01-09-00-00", "latency": 30}, {"date": "2024-01-01-09-00-00", "latency": 30}, {"date": "2024-01-01-09-00-00", "latency": 30}, {"date": "2024-01-01-09-00-00", "latency": 30}, {"date": "2024-01-01-09-00-00", "latency": 30}, {"date": "2024-01-01-09-00-00", "latency": 30}, {"date": "2024-01-01-09-00-00", "latency": 30}]}, {"location": {"country_code": "us", "region": "Pennsylvania", "city": "Pittsburgh"}, "game_id": "614266", "values": [{"date": "2024-01-01-23-00-00", "latency": 36}, {"date": "2024-01-01-23-00-00", "latency": 36}, {"date": "2024-01-01-23-00-00", "latency": 36}, {"date": "2024-01-01-23-00-00", "latency": 36}, {"date": "2024-01-01-23-00-00", "latency": 36}, {"date": "2024-01-01-23-00-00", "latency": 36}, {"date": "2024-01-01-23-00-00", "latency": 36}, {"date": "2024-01-01-23-00-00", "latency": 36}, {"date": "2024-01-01-23-00-00", "latency": 36}, {"date": "2024-01-01-23-00-00", "latency": 36}, {"date": "2024-01-01-23-00-00", "latency": 36}, {"date": "2024-01-01-23-00-00", "latency": 36}, {"date": "2024-01-01-23-00-00", "latency": 36}, {"date": "2024-01-01-23-00-00", "latency": 36}, {"date": "2024-01-01-23-00-00", "latency": 36}, {"date": "2024-01-01-23-00-00", "latency": 36}, {"date": "2024-01-01-23-00-00", "latency": 36}, {"date": "2024-01-01-23-00-00", "latency": 36}, {"date": "2024-01-01-23-00-00", "latency": 36}, {"date": "2024-01-01-23-00-00", "latency": 36}, {"date": "2024-01-01-23-00-00", "latency": 36}, {"date": "2024-01-01-23-00-00", "latency": 36}, {"date": "2024-01-01-23-00-00", "latency": 36}, {"date": "2024-01-01-23-00-00", "latency": 36}, {"date": "2024-01-01-23-00-00", "latency": 36}, {"date": "2024-01-01-23-00-00", "latency": 36}, {"date": "2024-01-01-23-00-00", "latency": 36}, {"date": "2024-01-01-23-00-00", "latency": 36}, {"date": "2024-01-01-23-00-00", "latency": 36}, {"date": "2024-01-01-23-00-00", "latency": 36}, {"date": "2024-01-01-23-00-00", "latency": 36}]}, {"location": {"country_code": "us", "region": "Alabama"}, "game_id": "614266", "values": [{"date": "2024-01-01-04-00-00", "latency": 40}, {"date": "2024-01-01-04-00-00", "latency": 40}]}, {"location": {"country_code": "ca", "region": "Manitoba", "city": "Winnipeg"}, "game_id": "614266", "values": [{"date": "2024-01-01-12-00-00", "latency": 33}, {"date": "2024-01-01-12-00-00", "latency": 33}, {"date": "2024-01-01-12-00-00", "latency": 33}, {"date": "2024-01-01-12-00-00", "latency": 33}, {"date": "2024-01-01-12-00-00", "latency": 33}, {"date": "2024-01-01-12-00-00", "latency": 33}, {"date": "2024-01-01-12-00-00", "latency": 33}, {"date": "2024-01-01-12-00-00", "latency": 33}, {"date": "2024-01-01-12-00-00", "latency": 33}, {"date": "2024-01-01-12-00-00", "latency": 33}, {"date": "2024-01-01-12-00-00", "latency": 33}, {"date": "2024-01-01-12-00-00", "latency": 33}, {"date": "2024-01-01-12-00-00", "latency": 33}, {"date": "2024-01-01-12-00-00", "latency": 33}, {"date": "2024-01-01-12-00-00", "latency": 33}, {"date": "2024-01-01-12-00-00", "latency": 33}, {"date": "2024-01-01-12-00-00", "latency": 33}, {"date": "2024-01-01-12-00-00", "latency": 33}, {"date": "2024-01-01-12-00-00", "latency": 33}, {"date": "2024-01-01-12-00-00", "latency": 33}, {"date": "2024-01-01-12-00-00", "latency": 33}, {"date": "2024-01-01-12-00-00", "latency": 33}, {"date": "2024-01-01-12-00-00", "latency": 33}, {"date": "2024-01-01-12-00-00", "latency": 33}, {"date": "2024-01-01-12-00-00", "latency": 33}, {"date": "2024-01-01-12-00-00", "latency": 33}]}, {"location": {"country_code": "us", "region": "Tennessee", "city": "Nashville"}, "game_id": "614266", "values": [{"date": "2024-01-01-23-00-00", "latency": 26}]}, {"location": {"country_code": "us", "region": "Tennessee", "city": "Chattanooga"}, "game_id": "614266", "values": [{"date": "2024-01-02-01-00-00", "latency": 26}]}], "last_updated": 1719926786.60094}