{"data": [{"location": {"country_code": "nz"}, "game_id": "747108", "values": [{"date": "2023-07-26-05-00-00", "latency": 13}]}, {"location": {"country_code": "us"}, "game_id": "747108", "values": [{"date": "2023-07-27-01-00-00", "latency": 62}, {"date": "2023-07-26-22-00-00", "latency": 31}, {"date": "2023-07-26-22-00-00", "latency": 31}]}, {"location": {"country_code": "pa"}, "game_id": "747108", "values": [{"date": "2023-07-26-13-00-00", "latency": 62}]}, {"location": {"country_code": "ro"}, "game_id": "747108", "values": [{"date": "2023-07-26-15-00-00", "latency": 16}, {"date": "2023-07-26-15-00-00", "latency": 16}, {"date": "2023-07-26-15-00-00", "latency": 16}, {"date": "2023-07-26-15-00-00", "latency": 16}, {"date": "2023-07-26-15-00-00", "latency": 16}, {"date": "2023-07-26-15-00-00", "latency": 16}, {"date": "2023-07-26-15-00-00", "latency": 16}, {"date": "2023-07-26-15-00-00", "latency": 16}, {"date": "2023-07-26-15-00-00", "latency": 16}, {"date": "2023-07-26-15-00-00", "latency": 16}, {"date": "2023-07-26-21-00-00", "latency": 16}]}, {"location": {"country_code": "ca"}, "game_id": "747108", "values": [{"date": "2023-07-26-03-00-00", "latency": 7}, {"date": "2023-07-26-03-00-00", "latency": 7}, {"date": "2023-07-26-03-00-00", "latency": 7}]}, {"location": {"country_code": "ca", "region": "Ontario"}, "game_id": "747108", "values": [{"date": "2023-07-26-03-00-00", "latency": 16}]}, {"location": {"country_code": "mx"}, "game_id": "747108", "values": [{"date": "2023-07-26-04-00-00", "latency": 108}, {"date": "2023-07-26-04-00-00", "latency": 108}, {"date": "2023-07-26-04-00-00", "latency": 108}]}, {"location": {"country_code": "br"}, "game_id": "747108", "values": [{"date": "2023-07-26-19-00-00", "latency": 1}, {"date": "2023-07-26-19-00-00", "latency": 1}, {"date": "2023-07-26-19-00-00", "latency": 1}, {"date": "2023-07-26-19-00-00", "latency": 1}, {"date": "2023-07-26-19-00-00", "latency": 1}, {"date": "2023-07-26-19-00-00", "latency": 1}, {"date": "2023-07-26-19-00-00", "latency": 1}, {"date": "2023-07-26-19-00-00", "latency": 1}, {"date": "2023-07-26-19-00-00", "latency": 1}, {"date": "2023-07-26-19-00-00", "latency": 1}, {"date": "2023-07-26-19-00-00", "latency": 1}, {"date": "2023-07-26-19-00-00", "latency": 1}, {"date": "2023-07-26-19-00-00", "latency": 1}, {"date": "2023-07-26-19-00-00", "latency": 1}, {"date": "2023-07-26-19-00-00", "latency": 1}, {"date": "2023-07-26-19-00-00", "latency": 1}, {"date": "2023-07-26-19-00-00", "latency": 1}, {"date": "2023-07-26-19-00-00", "latency": 1}, {"date": "2023-07-26-19-00-00", "latency": 1}]}, {"location": {"country_code": "us", "region": "Maryland", "city": "Dundalk"}, "game_id": "747108", "values": [{"date": "2023-07-26-19-00-00", "latency": 3}, {"date": "2023-07-26-19-00-00", "latency": 3}, {"date": "2023-07-26-19-00-00", "latency": 3}, {"date": "2023-07-26-19-00-00", "latency": 3}, {"date": "2023-07-26-19-00-00", "latency": 3}]}, {"location": {"country_code": "kr"}, "game_id": "747108", "values": [{"date": "2023-07-27-01-00-00", "latency": 9}, {"date": "2023-07-27-01-00-00", "latency": 9}]}, {"location": {"country_code": "ar"}, "game_id": "747108", "values": [{"date": "2023-07-27-01-00-00", "latency": 31}, {"date": "2023-07-27-01-00-00", "latency": 31}, {"date": "2023-07-27-01-00-00", "latency": 31}, {"date": "2023-07-27-01-00-00", "latency": 31}, {"date": "2023-07-27-01-00-00", "latency": 31}, {"date": "2023-07-27-01-00-00", "latency": 31}, {"date": "2023-07-27-01-00-00", "latency": 31}, {"date": "2023-07-27-01-00-00", "latency": 31}, {"date": "2023-07-26-16-00-00", "latency": 31}, {"date": "2023-07-26-16-00-00", "latency": 31}, {"date": "2023-07-26-16-00-00", "latency": 31}, {"date": "2023-07-26-16-00-00", "latency": 31}, {"date": "2023-07-26-16-00-00", "latency": 31}, {"date": "2023-07-26-16-00-00", "latency": 31}]}, {"location": {"country_code": "us", "region": "Texas", "city": "Houston"}, "game_id": "747108", "values": [{"date": "2023-07-26-17-00-00", "latency": 7}, {"date": "2023-07-26-17-00-00", "latency": 7}, {"date": "2023-07-26-17-00-00", "latency": 7}, {"date": "2023-07-26-17-00-00", "latency": 7}, {"date": "2023-07-26-17-00-00", "latency": 7}]}, {"location": {"country_code": "de", "region": "Bavaria"}, "game_id": "747108", "values": [{"date": "2023-07-26-22-00-00", "latency": 31}, {"date": "2023-07-26-22-00-00", "latency": 31}, {"date": "2023-07-26-22-00-00", "latency": 31}, {"date": "2023-07-26-22-00-00", "latency": 31}, {"date": "2023-07-26-22-00-00", "latency": 31}, {"date": "2023-07-26-22-00-00", "latency": 31}, {"date": "2023-07-26-22-00-00", "latency": 31}, {"date": "2023-07-26-22-00-00", "latency": 31}, {"date": "2023-07-26-22-00-00", "latency": 31}, {"date": "2023-07-26-22-00-00", "latency": 31}, {"date": "2023-07-26-22-00-00", "latency": 31}]}, {"location": {"country_code": "at"}, "game_id": "747108", "values": [{"date": "2023-07-26-15-00-00", "latency": 31}, {"date": "2023-07-26-15-00-00", "latency": 31}, {"date": "2023-07-26-15-00-00", "latency": 31}, {"date": "2023-07-26-15-00-00", "latency": 31}, {"date": "2023-07-26-15-00-00", "latency": 31}, {"date": "2023-07-26-15-00-00", "latency": 31}, {"date": "2023-07-26-15-00-00", "latency": 31}, {"date": "2023-07-26-15-00-00", "latency": 31}, {"date": "2023-07-26-15-00-00", "latency": 31}, {"date": "2023-07-26-15-00-00", "latency": 31}, {"date": "2023-07-26-15-00-00", "latency": 31}]}, {"location": {"country_code": "br", "region": "Estado de Bahia", "city": "Salvador"}, "game_id": "747108", "values": [{"date": "2023-07-26-23-00-00", "latency": 4}]}, {"location": {"country_code": "pl"}, "game_id": "747108", "values": [{"date": "2023-07-26-21-00-00", "latency": 31}]}, {"location": {"country_code": "mx", "region": "Sonora"}, "game_id": "747108", "values": [{"date": "2023-07-26-21-00-00", "latency": 46}, {"date": "2023-07-26-21-00-00", "latency": 46}, {"date": "2023-07-26-21-00-00", "latency": 46}, {"date": "2023-07-26-21-00-00", "latency": 46}]}, {"location": {"country_code": "bg"}, "game_id": "747108", "values": [{"date": "2023-07-27-02-00-00", "latency": 31}, {"date": "2023-07-27-02-00-00", "latency": 31}, {"date": "2023-07-27-02-00-00", "latency": 31}, {"date": "2023-07-27-02-00-00", "latency": 31}, {"date": "2023-07-27-02-00-00", "latency": 31}, {"date": "2023-07-27-02-00-00", "latency": 31}]}, {"location": {"country_code": "de", "region": "North Rhine-Westphalia"}, "game_id": "747108", "values": [{"date": "2023-07-26-23-00-00", "latency": 3}, {"date": "2023-07-26-23-00-00", "latency": 3}, {"date": "2023-07-26-23-00-00", "latency": 3}, {"date": "2023-07-26-23-00-00", "latency": 3}, {"date": "2023-07-26-23-00-00", "latency": 3}, {"date": "2023-07-26-23-00-00", "latency": 3}, {"date": "2023-07-26-23-00-00", "latency": 3}, {"date": "2023-07-26-23-00-00", "latency": 3}]}, {"location": {"country_code": "fr", "region": "Nord-Passo di Calais-Piccardia"}, "game_id": "747108", "values": [{"date": "2023-07-26-02-00-00", "latency": 16}, {"date": "2023-07-26-02-00-00", "latency": 16}, {"date": "2023-07-26-02-00-00", "latency": 16}, {"date": "2023-07-26-02-00-00", "latency": 16}, {"date": "2023-07-26-02-00-00", "latency": 16}]}, {"location": {"country_code": "co", "region": "Bogota"}, "game_id": "747108", "values": [{"date": "2023-07-26-07-00-00", "latency": 62}, {"date": "2023-07-26-07-00-00", "latency": 62}, {"date": "2023-07-26-07-00-00", "latency": 62}]}, {"location": {"country_code": "ee", "region": "Viljandimaa", "city": "Viljandi"}, "game_id": "747108", "values": [{"date": "2023-07-26-14-00-00", "latency": 27}, {"date": "2023-07-26-14-00-00", "latency": 27}, {"date": "2023-07-26-14-00-00", "latency": 27}, {"date": "2023-07-26-14-00-00", "latency": 27}]}], "last_updated": 1719919357.836131}