{"data": [{"location": {"country_code": "de", "region": "Berlin", "city": "Berlin"}, "game_id": "319965", "values": [{"date": "2023-05-01-13-00-00", "latency": 128}, {"date": "2023-05-01-13-00-00", "latency": 128}]}, {"location": {"country_code": "gb"}, "game_id": "319965", "values": [{"date": "2023-05-01-09-00-00", "latency": 190}]}, {"location": {"country_code": "es"}, "game_id": "319965", "values": [{"date": "2023-05-01-04-00-00", "latency": 228}, {"date": "2023-05-01-04-00-00", "latency": 228}, {"date": "2023-05-01-04-00-00", "latency": 228}]}], "last_updated": 1719927614.627733}