{"data": [{"location": {"country_code": "us"}, "game_id": "101342", "values": [{"date": "2024-03-02-09-00-00", "alternatives": [86, 6, 86, 86]}, {"date": "2024-03-02-09-00-00", "alternatives": [86, 6, 86, 86]}, {"date": "2024-03-02-09-00-00", "alternatives": [86, 6, 86, 86]}, {"date": "2024-03-02-09-00-00", "alternatives": [86, 6, 86, 86]}, {"date": "2024-03-02-09-00-00", "alternatives": [86, 6, 86, 86]}, {"date": "2024-03-02-09-00-00", "alternatives": [86, 6, 86, 86]}, {"date": "2024-03-02-09-00-00", "alternatives": [86, 6, 86, 86]}, {"date": "2024-03-02-09-00-00", "alternatives": [86, 6, 86, 86]}, {"date": "2024-03-02-09-00-00", "alternatives": [86, 6, 86, 86]}, {"date": "2024-03-02-09-00-00", "alternatives": [86, 6, 86, 86]}, {"date": "2024-03-02-09-00-00", "alternatives": [86, 6, 86, 86]}, {"date": "2024-03-02-09-00-00", "alternatives": [86, 6, 86, 86]}, {"date": "2024-03-02-09-00-00", "alternatives": [86, 6, 86, 86]}, {"date": "2024-03-02-09-00-00", "alternatives": [86, 6, 86, 86]}, {"date": "2024-03-02-09-00-00", "alternatives": [86, 6, 86, 86]}, {"date": "2024-03-02-09-00-00", "alternatives": [86, 6, 86, 86]}, {"date": "2024-03-02-06-00-00", "alternatives": ["17", "47", "47"]}, {"date": "2024-03-02-08-00-00", "alternatives": ["56", "56", "36"]}, {"date": "2024-03-02-08-00-00", "alternatives": ["56", "56", "36"]}, {"date": "2024-03-02-08-00-00", "alternatives": ["56", "56", "36"]}, {"date": "2024-03-02-08-00-00", "alternatives": ["56", "56", "36"]}, {"date": "2024-03-02-08-00-00", "alternatives": ["56", "56", "36"]}, {"date": "2024-03-02-08-00-00", "alternatives": ["56", "56", "36"]}, {"date": "2024-03-02-08-00-00", "alternatives": ["56", "56", "36"]}, {"date": "2024-03-02-08-00-00", "alternatives": ["56", "56", "36"]}, {"date": "2024-03-02-08-00-00", "alternatives": ["56", "56", "36"]}]}, {"location": {"country_code": "gb"}, "game_id": "101342", "values": [{"date": "2024-03-02-15-00-00", "alternatives": [0, 150, 156, 460, 150, 150]}, {"date": "2024-03-02-15-00-00", "alternatives": [0, 150, 156, 460, 150, 150]}, {"date": "2024-03-02-15-00-00", "alternatives": [0, 150, 156, 460, 150, 150]}, {"date": "2024-03-02-15-00-00", "alternatives": [0, 150, 156, 460, 150, 150]}, {"date": "2024-03-02-15-00-00", "alternatives": [0, 150, 156, 460, 150, 150]}, {"date": "2024-03-02-15-00-00", "alternatives": [0, 150, 156, 460, 150, 150]}, {"date": "2024-03-02-15-00-00", "alternatives": [0, 150, 156, 460, 150, 150]}, {"date": "2024-03-02-15-00-00", "alternatives": [0, 150, 156, 460, 150, 150]}, {"date": "2024-03-02-15-00-00", "alternatives": [0, 150, 156, 460, 150, 150]}, {"date": "2024-03-02-15-00-00", "alternatives": [0, 150, 156, 460, 150, 150]}, {"date": "2024-03-02-15-00-00", "alternatives": [0, 150, 156, 460, 150, 150]}, {"date": "2024-03-02-15-00-00", "alternatives": [0, 150, 156, 460, 150, 150]}, {"date": "2024-03-02-15-00-00", "alternatives": [0, 150, 156, 460, 150, 150]}]}, {"location": {"country_code": "nl"}, "game_id": "101342", "values": [{"date": "2024-03-02-22-00-00", "alternatives": ["8", "48", "48"]}, {"date": "2024-03-02-22-00-00", "alternatives": ["8", "48", "48"]}, {"date": "2024-03-02-22-00-00", "alternatives": ["8", "48", "48"]}]}, {"location": {"country_code": "jp"}, "game_id": "101342", "values": [{"date": "2024-03-02-17-00-00", "alternatives": ["46", "9", "46"]}, {"date": "2024-03-02-17-00-00", "alternatives": ["46", "9", "46"]}, {"date": "2024-03-02-17-00-00", "alternatives": ["46", "9", "46"]}, {"date": "2024-03-02-17-00-00", "alternatives": ["46", "9", "46"]}, {"date": "2024-03-02-17-00-00", "alternatives": ["46", "9", "46"]}]}, {"location": {"country_code": "us", "region": "Texas"}, "game_id": "101342", "values": [{"date": "2024-03-02-05-00-00", "alternatives": [53, 55, 55, 55]}, {"date": "2024-03-02-05-00-00", "alternatives": [53, 55, 55, 55]}, {"date": "2024-03-02-05-00-00", "alternatives": [53, 55, 55, 55]}]}, {"location": {"country_code": "se"}, "game_id": "101342", "values": [{"date": "2024-03-02-16-00-00", "alternatives": ["37", "87", "87"]}, {"date": "2024-03-02-16-00-00", "alternatives": ["37", "87", "87"]}, {"date": "2024-03-02-16-00-00", "alternatives": ["37", "87", "87"]}]}, {"location": {"country_code": "au"}, "game_id": "101342", "values": [{"date": "2024-03-02-12-00-00", "alternatives": ["57", "57", "7"]}, {"date": "2024-03-02-12-00-00", "alternatives": ["57", "57", "7"]}, {"date": "2024-03-02-12-00-00", "alternatives": ["57", "57", "7"]}, {"date": "2024-03-02-12-00-00", "alternatives": ["57", "57", "7"]}, {"date": "2024-03-02-12-00-00", "alternatives": ["57", "57", "7"]}, {"date": "2024-03-02-12-00-00", "alternatives": ["57", "57", "7"]}, {"date": "2024-03-02-12-00-00", "alternatives": ["57", "57", "7"]}, {"date": "2024-03-02-12-00-00", "alternatives": ["57", "57", "7"]}, {"date": "2024-03-02-12-00-00", "alternatives": ["57", "57", "7"]}, {"date": "2024-03-02-12-00-00", "alternatives": ["57", "57", "7"]}, {"date": "2024-03-02-12-00-00", "alternatives": ["57", "57", "7"]}]}, {"location": {"country_code": "sa"}, "game_id": "101342", "values": [{"date": "2024-03-02-19-00-00", "alternatives": [17, 8172, 172, 172, 172]}, {"date": "2024-03-02-19-00-00", "alternatives": [17, 8172, 172, 172, 172]}, {"date": "2024-03-02-19-00-00", "alternatives": [17, 8172, 172, 172, 172]}, {"date": "2024-03-02-19-00-00", "alternatives": [17, 8172, 172, 172, 172]}, {"date": "2024-03-02-19-00-00", "alternatives": [17, 8172, 172, 172, 172]}, {"date": "2024-03-02-19-00-00", "alternatives": [17, 8172, 172, 172, 172]}, {"date": "2024-03-02-19-00-00", "alternatives": [17, 8172, 172, 172, 172]}, {"date": "2024-03-02-19-00-00", "alternatives": [17, 8172, 172, 172, 172]}, {"date": "2024-03-02-19-00-00", "alternatives": [17, 8172, 172, 172, 172]}]}, {"location": {"country_code": "ar"}, "game_id": "101342", "values": [{"date": "2024-03-02-23-00-00", "alternatives": ["77", "77", "7"]}, {"date": "2024-03-02-23-00-00", "alternatives": ["77", "77", "7"]}, {"date": "2024-03-02-23-00-00", "alternatives": ["77", "77", "7"]}, {"date": "2024-03-02-23-00-00", "alternatives": ["77", "77", "7"]}, {"date": "2024-03-02-23-00-00", "alternatives": ["77", "77", "7"]}, {"date": "2024-03-02-23-00-00", "alternatives": ["77", "77", "7"]}, {"date": "2024-03-02-23-00-00", "alternatives": ["77", "77", "7"]}]}, {"location": {"country_code": "at"}, "game_id": "101342", "values": [{"date": "2024-03-02-02-00-00", "alternatives": [166, 1606, 760, 166, 166]}]}, {"location": {"country_code": "be"}, "game_id": "101342", "values": [{"date": "2024-03-02-22-00-00", "alternatives": [13, 19, 1, 1, 1]}, {"date": "2024-03-02-22-00-00", "alternatives": [13, 19, 1, 1, 1]}, {"date": "2024-03-02-22-00-00", "alternatives": [13, 19, 1, 1, 1]}, {"date": "2024-03-02-22-00-00", "alternatives": [13, 19, 1, 1, 1]}]}, {"location": {"country_code": "ua"}, "game_id": "101342", "values": [{"date": "2024-03-02-23-00-00", "alternatives": [7, 97, 9, 97, 97]}, {"date": "2024-03-02-23-00-00", "alternatives": [7, 97, 9, 97, 97]}, {"date": "2024-03-02-23-00-00", "alternatives": [7, 97, 9, 97, 97]}, {"date": "2024-03-02-23-00-00", "alternatives": [7, 97, 9, 97, 97]}, {"date": "2024-03-02-23-00-00", "alternatives": [7, 97, 9, 97, 97]}]}, {"location": {"country_code": "us", "region": "Wisconsin"}, "game_id": "101342", "values": [{"date": "2024-03-02-06-00-00", "alternatives": [80, 88, 86, 80, 80]}, {"date": "2024-03-02-06-00-00", "alternatives": [80, 88, 86, 80, 80]}]}, {"location": {"country_code": "br", "region": "State of Rio de Janeiro", "city": "Angra dos Reis"}, "game_id": "101342", "values": [{"date": "2024-03-02-15-00-00", "alternatives": [147, 7, 147, 147]}, {"date": "2024-03-02-15-00-00", "alternatives": [147, 7, 147, 147]}, {"date": "2024-03-02-15-00-00", "alternatives": [147, 7, 147, 147]}, {"date": "2024-03-02-15-00-00", "alternatives": [147, 7, 147, 147]}, {"date": "2024-03-02-15-00-00", "alternatives": [147, 7, 147, 147]}, {"date": "2024-03-02-15-00-00", "alternatives": [147, 7, 147, 147]}, {"date": "2024-03-02-15-00-00", "alternatives": [147, 7, 147, 147]}, {"date": "2024-03-02-15-00-00", "alternatives": [147, 7, 147, 147]}, {"date": "2024-03-02-15-00-00", "alternatives": [147, 7, 147, 147]}, {"date": "2024-03-02-15-00-00", "alternatives": [147, 7, 147, 147]}, {"date": "2024-03-02-15-00-00", "alternatives": [147, 7, 147, 147]}, {"date": "2024-03-02-15-00-00", "alternatives": [147, 7, 147, 147]}, {"date": "2024-03-02-15-00-00", "alternatives": [147, 7, 147, 147]}]}, {"location": {"country_code": "us", "region": "Kentucky"}, "game_id": "101342", "values": [{"date": "2024-03-02-13-00-00", "alternatives": ["1", "75", "75"]}]}, {"location": {"country_code": "us", "region": "Georgia", "city": "Atlanta"}, "game_id": "101342", "values": [{"date": "2024-03-02-20-00-00", "alternatives": [91, 1, 91, 91]}, {"date": "2024-03-02-20-00-00", "alternatives": [91, 1, 91, 91]}]}, {"location": {"country_code": "ca", "region": "British Columbia"}, "game_id": "101342", "values": [{"date": "2024-03-02-02-00-00", "alternatives": [77, 7, 77, 77, 77]}, {"date": "2024-03-02-02-00-00", "alternatives": [77, 7, 77, 77, 77]}, {"date": "2024-03-02-02-00-00", "alternatives": [77, 7, 77, 77, 77]}, {"date": "2024-03-02-02-00-00", "alternatives": [77, 7, 77, 77, 77]}, {"date": "2024-03-02-02-00-00", "alternatives": [77, 7, 77, 77, 77]}, {"date": "2024-03-02-02-00-00", "alternatives": [77, 7, 77, 77, 77]}, {"date": "2024-03-02-02-00-00", "alternatives": [77, 7, 77, 77, 77]}]}, {"location": {"country_code": "us", "region": "Louisiana"}, "game_id": "101342", "values": [{"date": "2024-03-02-21-00-00", "alternatives": ["90", "90", "960"]}, {"date": "2024-03-02-21-00-00", "alternatives": ["90", "90", "960"]}]}, {"location": {"country_code": "us", "region": "Michigan", "city": "Kalamazoo"}, "game_id": "101342", "values": [{"date": "2024-03-02-05-00-00", "alternatives": [67, 7, 67, 67]}, {"date": "2024-03-02-05-00-00", "alternatives": [67, 7, 67, 67]}]}, {"location": {"country_code": "gb", "region": "Wales", "city": "Skewen"}, "game_id": "101342", "values": [{"date": "2024-03-02-14-00-00", "alternatives": [16, 9, 49, 49, 49]}, {"date": "2024-03-02-14-00-00", "alternatives": [16, 9, 49, 49, 49]}, {"date": "2024-03-02-14-00-00", "alternatives": [16, 9, 49, 49, 49]}, {"date": "2024-03-02-14-00-00", "alternatives": [16, 9, 49, 49, 49]}, {"date": "2024-03-02-14-00-00", "alternatives": [16, 9, 49, 49, 49]}, {"date": "2024-03-02-14-00-00", "alternatives": [16, 9, 49, 49, 49]}, {"date": "2024-03-02-14-00-00", "alternatives": [16, 9, 49, 49, 49]}, {"date": "2024-03-02-14-00-00", "alternatives": [16, 9, 49, 49, 49]}, {"date": "2024-03-02-14-00-00", "alternatives": [16, 9, 49, 49, 49]}]}], "last_updated": 1719918480.393389}