{"data": [{"location": {"country_code": "us"}, "game_id": "464426", "values": [{"date": "2024-07-02-03-00-00", "latency": 9}, {"date": "2024-07-02-03-00-00", "latency": 9}, {"date": "2024-07-02-03-00-00", "latency": 9}, {"date": "2024-07-02-03-00-00", "latency": 9}, {"date": "2024-07-02-06-00-00", "latency": 75}, {"date": "2024-07-02-07-00-00", "latency": 11}, {"date": "2024-07-02-07-00-00", "latency": 11}, {"date": "2024-07-02-07-00-00", "latency": 11}, {"date": "2024-07-02-07-00-00", "latency": 11}, {"date": "2024-07-02-07-00-00", "latency": 11}, {"date": "2024-07-02-04-00-00", "latency": 2}, {"date": "2024-07-02-07-00-00", "latency": 54}, {"date": "2024-07-02-07-00-00", "latency": 54}, {"date": "2024-07-02-07-00-00", "latency": 54}, {"date": "2024-07-02-03-00-00", "latency": 29}, {"date": "2024-07-02-03-00-00", "latency": 29}, {"date": "2024-07-02-06-00-00", "latency": 28}, {"date": "2024-07-02-06-00-00", "latency": 38}, {"date": "2024-07-02-06-00-00", "latency": 38}, {"date": "2024-07-02-06-00-00", "latency": 38}, {"date": "2024-07-02-06-00-00", "latency": 14}, {"date": "2024-07-02-06-00-00", "latency": 14}, {"date": "2024-07-02-06-00-00", "latency": 14}, {"date": "2024-07-02-07-00-00", "latency": 33}, {"date": "2024-07-02-07-00-00", "latency": 33}, {"date": "2024-07-02-06-00-00", "latency": 38}, {"date": "2024-07-02-06-00-00", "latency": 38}, {"date": "2024-07-02-06-00-00", "latency": 38}, {"date": "2024-07-02-03-00-00", "latency": 13}, {"date": "2024-07-02-03-00-00", "latency": 13}]}, {"location": {"country_code": "us", "region": "California", "city": "East Los Angeles"}, "game_id": "464426", "values": [{"date": "2024-07-02-07-00-00", "latency": 19}, {"date": "2024-07-02-07-00-00", "latency": 19}]}, {"location": {"country_code": "us", "region": "New York", "city": "Jamestown"}, "game_id": "464426", "values": [{"date": "2024-07-02-07-00-00", "latency": 7}, {"date": "2024-07-02-04-00-00", "latency": 25}, {"date": "2024-07-02-04-00-00", "latency": 25}, {"date": "2024-07-02-07-00-00", "latency": 8}, {"date": "2024-07-02-07-00-00", "latency": 8}, {"date": "2024-07-02-07-00-00", "latency": 8}, {"date": "2024-07-02-07-00-00", "latency": 8}, {"date": "2024-07-02-07-00-00", "latency": 8}, {"date": "2024-07-02-07-00-00", "latency": 8}, {"date": "2024-07-02-07-00-00", "latency": 8}, {"date": "2024-07-02-07-00-00", "latency": 8}, {"date": "2024-07-02-07-00-00", "latency": 8}]}, {"location": {"country_code": "ca"}, "game_id": "464426", "values": [{"date": "2024-07-02-06-00-00", "latency": 2}, {"date": "2024-07-02-06-00-00", "latency": 2}]}, {"location": {"country_code": "de"}, "game_id": "464426", "values": [{"date": "2024-07-02-03-00-00", "latency": 19}, {"date": "2024-07-02-03-00-00", "latency": 19}, {"date": "2024-07-02-03-00-00", "latency": 19}, {"date": "2024-07-02-03-00-00", "latency": 19}, {"date": "2024-07-02-03-00-00", "latency": 19}, {"date": "2024-07-02-03-00-00", "latency": 19}, {"date": "2024-07-02-03-00-00", "latency": 19}, {"date": "2024-07-02-03-00-00", "latency": 19}, {"date": "2024-07-02-03-00-00", "latency": 19}, {"date": "2024-07-02-03-00-00", "latency": 19}]}, {"location": {"country_code": "cl"}, "game_id": "464426", "values": [{"date": "2024-07-02-06-00-00", "latency": 4}]}, {"location": {"country_code": "us", "region": "Texas"}, "game_id": "464426", "values": [{"date": "2024-07-02-06-00-00", "latency": 28}, {"date": "2024-07-02-06-00-00", "latency": 28}, {"date": "2024-07-02-06-00-00", "latency": 28}]}, {"location": {"country_code": "au", "region": "New South Wales", "city": "Sydney"}, "game_id": "464426", "values": [{"date": "2024-07-02-06-00-00", "latency": 9}, {"date": "2024-07-02-06-00-00", "latency": 9}, {"date": "2024-07-02-06-00-00", "latency": 9}, {"date": "2024-07-02-06-00-00", "latency": 9}, {"date": "2024-07-02-06-00-00", "latency": 9}, {"date": "2024-07-02-06-00-00", "latency": 9}, {"date": "2024-07-02-06-00-00", "latency": 9}, {"date": "2024-07-02-06-00-00", "latency": 9}, {"date": "2024-07-02-06-00-00", "latency": 9}, {"date": "2024-07-02-06-00-00", "latency": 9}, {"date": "2024-07-02-06-00-00", "latency": 9}, {"date": "2024-07-02-06-00-00", "latency": 9}]}, {"location": {"country_code": "us", "region": "Florida"}, "game_id": "464426", "values": [{"date": "2024-07-02-07-00-00", "latency": 14}, {"date": "2024-07-02-07-00-00", "latency": 14}, {"date": "2024-07-02-04-00-00", "latency": 42}, {"date": "2024-07-02-04-00-00", "latency": 42}]}, {"location": {"country_code": "fr", "region": "Normandy", "city": "Le Havre"}, "game_id": "464426", "values": [{"date": "2024-07-02-03-00-00", "latency": 39}, {"date": "2024-07-02-03-00-00", "latency": 39}, {"date": "2024-07-02-03-00-00", "latency": 39}, {"date": "2024-07-02-03-00-00", "latency": 39}, {"date": "2024-07-02-03-00-00", "latency": 39}, {"date": "2024-07-02-03-00-00", "latency": 39}, {"date": "2024-07-02-03-00-00", "latency": 39}, {"date": "2024-07-02-03-00-00", "latency": 39}, {"date": "2024-07-02-03-00-00", "latency": 39}, {"date": "2024-07-02-03-00-00", "latency": 39}, {"date": "2024-07-02-03-00-00", "latency": 39}, {"date": "2024-07-02-03-00-00", "latency": 39}]}, {"location": {"country_code": "mx"}, "game_id": "464426", "values": [{"date": "2024-07-02-03-00-00", "latency": 32}, {"date": "2024-07-02-03-00-00", "latency": 32}]}, {"location": {"country_code": "mx", "region": "Mexico City"}, "game_id": "464426", "values": [{"date": "2024-07-02-07-00-00", "latency": 28}, {"date": "2024-07-02-07-00-00", "latency": 28}, {"date": "2024-07-02-07-00-00", "latency": 28}, {"date": "2024-07-02-07-00-00", "latency": 28}, {"date": "2024-07-02-07-00-00", "latency": 28}, {"date": "2024-07-02-07-00-00", "latency": 28}, {"date": "2024-07-02-07-00-00", "latency": 28}, {"date": "2024-07-02-07-00-00", "latency": 28}]}, {"location": {"country_code": "us", "region": "Florida", "city": "Tampa"}, "game_id": "464426", "values": [{"date": "2024-07-02-03-00-00", "latency": 17}, {"date": "2024-07-02-04-00-00", "latency": 9}, {"date": "2024-07-02-04-00-00", "latency": 9}, {"date": "2024-07-02-03-00-00", "latency": 14}, {"date": "2024-07-02-03-00-00", "latency": 14}]}, {"location": {"country_code": "au", "region": "Western Australia", "city": "Perth"}, "game_id": "464426", "values": [{"date": "2024-07-02-07-00-00", "latency": 25}, {"date": "2024-07-02-07-00-00", "latency": 25}, {"date": "2024-07-02-07-00-00", "latency": 25}, {"date": "2024-07-02-07-00-00", "latency": 25}, {"date": "2024-07-02-07-00-00", "latency": 25}, {"date": "2024-07-02-07-00-00", "latency": 25}, {"date": "2024-07-02-07-00-00", "latency": 25}]}, {"location": {"country_code": "au", "region": "Victoria", "city": "Melbourne"}, "game_id": "464426", "values": [{"date": "2024-07-02-03-00-00", "latency": 31}]}, {"location": {"country_code": "es", "region": "Madrid", "city": "Parla"}, "game_id": "464426", "values": [{"date": "2024-07-02-04-00-00", "latency": 20}]}, {"location": {"country_code": "us", "region": "Illinois", "city": "Chicago"}, "game_id": "464426", "values": [{"date": "2024-07-02-07-00-00", "latency": 4}, {"date": "2024-07-02-07-00-00", "latency": 4}]}, {"location": {"country_code": "cr"}, "game_id": "464426", "values": [{"date": "2024-07-02-07-00-00", "latency": 3}]}, {"location": {"country_code": "py"}, "game_id": "464426", "values": [{"date": "2024-07-02-03-00-00", "latency": 4}, {"date": "2024-07-02-03-00-00", "latency": 36}, {"date": "2024-07-02-03-00-00", "latency": 36}]}, {"location": {"country_code": "us", "region": "Texas", "city": "Frisco"}, "game_id": "464426", "values": [{"date": "2024-07-02-03-00-00", "latency": 5}, {"date": "2024-07-02-03-00-00", "latency": 5}, {"date": "2024-07-02-03-00-00", "latency": 5}]}, {"location": {"country_code": "mx", "region": "Nuevo Leon", "city": "Monterrey"}, "game_id": "464426", "values": [{"date": "2024-07-02-07-00-00", "latency": 48}, {"date": "2024-07-02-07-00-00", "latency": 48}]}, {"location": {"country_code": "mx", "region": "Tamaulipas", "city": "Tampico"}, "game_id": "464426", "values": [{"date": "2024-07-02-03-00-00", "latency": 51}]}, {"location": {"country_code": "pt"}, "game_id": "464426", "values": [{"date": "2024-07-02-04-00-00", "latency": 15}, {"date": "2024-07-02-04-00-00", "latency": 15}]}, {"location": {"country_code": "us", "region": "Minnesota"}, "game_id": "464426", "values": [{"date": "2024-07-02-03-00-00", "latency": 22}, {"date": "2024-07-02-03-00-00", "latency": 22}, {"date": "2024-07-02-03-00-00", "latency": 22}, {"date": "2024-07-02-03-00-00", "latency": 22}]}, {"location": {"country_code": "us", "region": "State of Maine"}, "game_id": "464426", "values": [{"date": "2024-07-02-04-00-00", "latency": 15}]}, {"location": {"country_code": "pe", "region": "Lima region", "city": "Lima"}, "game_id": "464426", "values": [{"date": "2024-07-02-04-00-00", "latency": 68}, {"date": "2024-07-02-04-00-00", "latency": 68}, {"date": "2024-07-02-04-00-00", "latency": 68}, {"date": "2024-07-02-04-00-00", "latency": 68}]}, {"location": {"country_code": "ca", "region": "British Columbia", "city": "Richmond"}, "game_id": "464426", "values": [{"date": "2024-07-02-03-00-00", "latency": 49}, {"date": "2024-07-02-03-00-00", "latency": 49}]}, {"location": {"country_code": "us", "region": "Texas", "city": "Irving"}, "game_id": "464426", "values": [{"date": "2024-07-02-03-00-00", "latency": 15}, {"date": "2024-07-02-03-00-00", "latency": 15}, {"date": "2024-07-02-03-00-00", "latency": 15}, {"date": "2024-07-02-03-00-00", "latency": 15}, {"date": "2024-07-02-03-00-00", "latency": 15}]}, {"location": {"country_code": "us", "region": "Georgia", "city": "Atlanta"}, "game_id": "464426", "values": [{"date": "2024-07-02-03-00-00", "latency": 2}, {"date": "2024-07-02-06-00-00", "latency": 15}, {"date": "2024-07-02-06-00-00", "latency": 15}, {"date": "2024-07-02-06-00-00", "latency": 15}]}, {"location": {"country_code": "us", "region": "Illinois", "city": "Rockford"}, "game_id": "464426", "values": [{"date": "2024-07-02-06-00-00", "latency": 19}]}, {"location": {"country_code": "us", "region": "Rhode Island"}, "game_id": "464426", "values": [{"date": "2024-07-02-03-00-00", "latency": 10}, {"date": "2024-07-02-03-00-00", "latency": 10}, {"date": "2024-07-02-03-00-00", "latency": 10}]}, {"location": {"country_code": "us", "region": "Washington", "city": "Seattle"}, "game_id": "464426", "values": [{"date": "2024-07-02-03-00-00", "latency": 11}]}, {"location": {"country_code": "gd"}, "game_id": "464426", "values": [{"date": "2024-07-02-03-00-00", "latency": 41}, {"date": "2024-07-02-03-00-00", "latency": 41}, {"date": "2024-07-02-03-00-00", "latency": 41}]}, {"location": {"country_code": "us", "region": "Washington", "city": "Vancouver"}, "game_id": "464426", "values": [{"date": "2024-07-02-07-00-00", "latency": 18}, {"date": "2024-07-02-07-00-00", "latency": 18}, {"date": "2024-07-02-07-00-00", "latency": 18}]}, {"location": {"country_code": "us", "region": "North Dakota"}, "game_id": "464426", "values": [{"date": "2024-07-02-03-00-00", "latency": 2}, {"date": "2024-07-02-03-00-00", "latency": 2}, {"date": "2024-07-02-03-00-00", "latency": 2}, {"date": "2024-07-02-03-00-00", "latency": 2}, {"date": "2024-07-02-03-00-00", "latency": 2}, {"date": "2024-07-02-03-00-00", "latency": 2}, {"date": "2024-07-02-03-00-00", "latency": 2}]}, {"location": {"country_code": "co", "region": "Antioquia", "city": "Medellin"}, "game_id": "464426", "values": [{"date": "2024-07-02-07-00-00", "latency": 66}, {"date": "2024-07-02-07-00-00", "latency": 66}]}, {"location": {"country_code": "mx", "region": "Quintana Roo"}, "game_id": "464426", "values": [{"date": "2024-07-02-07-00-00", "latency": 53}, {"date": "2024-07-02-07-00-00", "latency": 53}, {"date": "2024-07-02-07-00-00", "latency": 53}]}, {"location": {"country_code": "us", "region": "Guam", "city": "Dededo"}, "game_id": "464426", "values": [{"date": "2024-07-02-07-00-00", "latency": 16}, {"date": "2024-07-02-07-00-00", "latency": 16}]}, {"location": {"country_code": "ca", "region": "British Columbia", "city": "West Kelowna"}, "game_id": "464426", "values": [{"date": "2024-07-02-03-00-00", "latency": 34}, {"date": "2024-07-02-03-00-00", "latency": 34}]}, {"location": {"country_code": "co", "region": "Atlantico", "city": "Barranquilla"}, "game_id": "464426", "values": [{"date": "2024-07-02-06-00-00", "latency": 44}, {"date": "2024-07-02-06-00-00", "latency": 44}]}, {"location": {"country_code": "br", "region": "Estado de Bahia", "city": "Simoes Filho"}, "game_id": "464426", "values": [{"date": "2024-07-02-03-00-00", "latency": 41}, {"date": "2024-07-02-03-00-00", "latency": 41}, {"date": "2024-07-02-03-00-00", "latency": 41}, {"date": "2024-07-02-03-00-00", "latency": 41}, {"date": "2024-07-02-03-00-00", "latency": 41}, {"date": "2024-07-02-03-00-00", "latency": 41}]}, {"location": {"country_code": "ar", "region": "Pampas", "city": "General Pico"}, "game_id": "464426", "values": [{"date": "2024-07-02-04-00-00", "latency": 12}]}, {"location": {"country_code": "us", "region": "Florida", "city": "Boynton Beach"}, "game_id": "464426", "values": [{"date": "2024-07-02-06-00-00", "latency": 34}, {"date": "2024-07-02-06-00-00", "latency": 34}, {"date": "2024-07-02-06-00-00", "latency": 34}, {"date": "2024-07-02-06-00-00", "latency": 34}, {"date": "2024-07-02-06-00-00", "latency": 34}, {"date": "2024-07-02-06-00-00", "latency": 34}]}], "last_updated": 1719919333.750003}