{"data": [{"location": {"country_code": "si"}, "game_id": "970338", "values": [{"date": "2024-07-01-18-00-00", "latency": 125}, {"date": "2024-07-01-18-00-00", "latency": 125}]}, {"location": {"country_code": "us"}, "game_id": "970338", "values": [{"date": "2024-07-01-21-00-00", "latency": 43}, {"date": "2024-07-01-21-00-00", "latency": 43}, {"date": "2024-07-01-21-00-00", "latency": 43}, {"date": "2024-07-01-21-00-00", "latency": 43}, {"date": "2024-07-01-21-00-00", "latency": 95}, {"date": "2024-07-01-21-00-00", "latency": 95}, {"date": "2024-07-01-21-00-00", "latency": 95}, {"date": "2024-07-01-21-00-00", "latency": 95}, {"date": "2024-07-01-21-00-00", "latency": 95}, {"date": "2024-07-01-21-00-00", "latency": 95}, {"date": "2024-07-01-21-00-00", "latency": 95}, {"date": "2024-07-01-21-00-00", "latency": 95}, {"date": "2024-07-01-21-00-00", "latency": 95}, {"date": "2024-07-01-21-00-00", "latency": 95}, {"date": "2024-07-01-21-00-00", "latency": 95}, {"date": "2024-07-01-18-00-00", "latency": 82}, {"date": "2024-07-01-18-00-00", "latency": 82}, {"date": "2024-07-01-18-00-00", "latency": 82}, {"date": "2024-07-01-18-00-00", "latency": 82}, {"date": "2024-07-01-20-00-00", "latency": 160}, {"date": "2024-07-01-02-00-00", "latency": 55}, {"date": "2024-07-02-02-00-00", "latency": 22}, {"date": "2024-07-01-11-00-00", "latency": 53}, {"date": "2024-07-01-11-00-00", "latency": 53}, {"date": "2024-07-01-11-00-00", "latency": 53}, {"date": "2024-07-01-11-00-00", "latency": 53}, {"date": "2024-07-01-11-00-00", "latency": 53}, {"date": "2024-07-01-11-00-00", "latency": 53}, {"date": "2024-07-01-11-00-00", "latency": 53}, {"date": "2024-07-01-11-00-00", "latency": 53}, {"date": "2024-07-01-11-00-00", "latency": 53}, {"date": "2024-07-01-18-00-00", "latency": 279}]}, {"location": {"country_code": "us", "region": "New York", "city": "Jamestown"}, "game_id": "970338", "values": [{"date": "2024-07-02-00-00-00", "latency": 123}, {"date": "2024-07-02-00-00-00", "latency": 123}, {"date": "2024-07-02-00-00-00", "latency": 123}, {"date": "2024-07-02-00-00-00", "latency": 123}, {"date": "2024-07-02-00-00-00", "latency": 123}, {"date": "2024-07-02-00-00-00", "latency": 123}]}, {"location": {"country_code": "gb"}, "game_id": "970338", "values": [{"date": "2024-07-01-19-00-00", "latency": 63}, {"date": "2024-07-01-19-00-00", "latency": 63}]}, {"location": {"country_code": "nl"}, "game_id": "970338", "values": [{"date": "2024-07-02-00-00-00", "latency": 22}, {"date": "2024-07-02-00-00-00", "latency": 22}]}, {"location": {"country_code": "za"}, "game_id": "970338", "values": [{"date": "2024-07-01-15-00-00", "latency": 194}, {"date": "2024-07-01-15-00-00", "latency": 194}, {"date": "2024-07-01-15-00-00", "latency": 194}, {"date": "2024-07-01-15-00-00", "latency": 194}, {"date": "2024-07-01-15-00-00", "latency": 194}, {"date": "2024-07-01-15-00-00", "latency": 194}, {"date": "2024-07-01-15-00-00", "latency": 194}, {"date": "2024-07-01-15-00-00", "latency": 194}, {"date": "2024-07-01-15-00-00", "latency": 194}, {"date": "2024-07-01-15-00-00", "latency": 194}, {"date": "2024-07-01-15-00-00", "latency": 194}]}, {"location": {"country_code": "jp"}, "game_id": "970338", "values": [{"date": "2024-07-01-21-00-00", "latency": 63}, {"date": "2024-07-01-21-00-00", "latency": 63}, {"date": "2024-07-01-21-00-00", "latency": 63}, {"date": "2024-07-01-21-00-00", "latency": 63}, {"date": "2024-07-01-21-00-00", "latency": 63}]}, {"location": {"country_code": "ch"}, "game_id": "970338", "values": [{"date": "2024-07-01-22-00-00", "latency": 23}, {"date": "2024-07-01-22-00-00", "latency": 23}, {"date": "2024-07-01-22-00-00", "latency": 23}, {"date": "2024-07-01-22-00-00", "latency": 23}, {"date": "2024-07-01-22-00-00", "latency": 23}, {"date": "2024-07-01-22-00-00", "latency": 23}, {"date": "2024-07-01-22-00-00", "latency": 23}, {"date": "2024-07-01-22-00-00", "latency": 23}, {"date": "2024-07-01-22-00-00", "latency": 23}, {"date": "2024-07-01-22-00-00", "latency": 23}]}, {"location": {"country_code": "de"}, "game_id": "970338", "values": [{"date": "2024-07-02-01-00-00", "latency": 30}, {"date": "2024-07-02-01-00-00", "latency": 30}, {"date": "2024-07-02-01-00-00", "latency": 30}, {"date": "2024-07-02-01-00-00", "latency": 30}, {"date": "2024-07-02-01-00-00", "latency": 30}, {"date": "2024-07-01-13-00-00", "latency": 30}, {"date": "2024-07-01-13-00-00", "latency": 30}, {"date": "2024-07-01-13-00-00", "latency": 30}, {"date": "2024-07-01-21-00-00", "latency": 62}, {"date": "2024-07-01-21-00-00", "latency": 62}, {"date": "2024-07-01-21-00-00", "latency": 62}, {"date": "2024-07-01-16-00-00", "latency": 35}, {"date": "2024-07-01-16-00-00", "latency": 35}, {"date": "2024-07-01-16-00-00", "latency": 35}, {"date": "2024-07-01-19-00-00", "latency": 22}]}, {"location": {"country_code": "tw"}, "game_id": "970338", "values": [{"date": "2024-07-01-14-00-00", "latency": 289}, {"date": "2024-07-01-14-00-00", "latency": 289}, {"date": "2024-07-01-14-00-00", "latency": 289}, {"date": "2024-07-01-14-00-00", "latency": 289}]}, {"location": {"country_code": "cl"}, "game_id": "970338", "values": [{"date": "2024-07-01-10-00-00", "latency": 142}, {"date": "2024-07-01-10-00-00", "latency": 142}, {"date": "2024-07-01-10-00-00", "latency": 142}, {"date": "2024-07-01-10-00-00", "latency": 142}, {"date": "2024-07-01-10-00-00", "latency": 142}, {"date": "2024-07-01-10-00-00", "latency": 142}, {"date": "2024-07-01-10-00-00", "latency": 142}]}, {"location": {"country_code": "us", "region": "Ohio"}, "game_id": "970338", "values": [{"date": "2024-07-01-06-00-00", "latency": 42}, {"date": "2024-07-01-06-00-00", "latency": 42}, {"date": "2024-07-01-06-00-00", "latency": 42}, {"date": "2024-07-01-06-00-00", "latency": 42}, {"date": "2024-07-01-06-00-00", "latency": 42}, {"date": "2024-07-01-06-00-00", "latency": 42}, {"date": "2024-07-01-06-00-00", "latency": 42}, {"date": "2024-07-01-06-00-00", "latency": 42}, {"date": "2024-07-01-06-00-00", "latency": 42}, {"date": "2024-07-01-06-00-00", "latency": 42}, {"date": "2024-07-01-06-00-00", "latency": 42}, {"date": "2024-07-01-06-00-00", "latency": 42}, {"date": "2024-07-01-06-00-00", "latency": 42}, {"date": "2024-07-01-06-00-00", "latency": 42}]}, {"location": {"country_code": "in"}, "game_id": "970338", "values": [{"date": "2024-07-01-20-00-00", "latency": 38}, {"date": "2024-07-01-20-00-00", "latency": 38}, {"date": "2024-07-01-20-00-00", "latency": 38}]}, {"location": {"country_code": "se"}, "game_id": "970338", "values": [{"date": "2024-07-01-15-00-00", "latency": 28}, {"date": "2024-07-01-15-00-00", "latency": 28}, {"date": "2024-07-01-15-00-00", "latency": 28}, {"date": "2024-07-01-15-00-00", "latency": 28}, {"date": "2024-07-01-15-00-00", "latency": 28}, {"date": "2024-07-01-15-00-00", "latency": 28}, {"date": "2024-07-01-15-00-00", "latency": 28}, {"date": "2024-07-01-15-00-00", "latency": 28}, {"date": "2024-07-01-15-00-00", "latency": 28}, {"date": "2024-07-01-15-00-00", "latency": 28}, {"date": "2024-07-01-22-00-00", "latency": 35}, {"date": "2024-07-01-22-00-00", "latency": 35}, {"date": "2024-07-01-22-00-00", "latency": 35}, {"date": "2024-07-01-22-00-00", "latency": 35}, {"date": "2024-07-01-22-00-00", "latency": 35}, {"date": "2024-07-01-22-00-00", "latency": 35}, {"date": "2024-07-01-22-00-00", "latency": 35}, {"date": "2024-07-01-22-00-00", "latency": 35}, {"date": "2024-07-01-22-00-00", "latency": 35}, {"date": "2024-07-02-00-00-00", "latency": 43}, {"date": "2024-07-02-00-00-00", "latency": 43}]}, {"location": {"country_code": "no"}, "game_id": "970338", "values": [{"date": "2024-07-01-23-00-00", "latency": 49}, {"date": "2024-07-01-23-00-00", "latency": 49}, {"date": "2024-07-01-23-00-00", "latency": 49}, {"date": "2024-07-01-23-00-00", "latency": 49}]}, {"location": {"country_code": "au"}, "game_id": "970338", "values": [{"date": "2024-07-01-12-00-00", "latency": 252}, {"date": "2024-07-01-12-00-00", "latency": 252}, {"date": "2024-07-01-12-00-00", "latency": 252}, {"date": "2024-07-01-12-00-00", "latency": 252}, {"date": "2024-07-01-12-00-00", "latency": 252}, {"date": "2024-07-01-12-00-00", "latency": 252}]}, {"location": {"country_code": "dk"}, "game_id": "970338", "values": [{"date": "2024-07-01-17-00-00", "latency": 23}]}, {"location": {"country_code": "us", "region": "Iowa"}, "game_id": "970338", "values": [{"date": "2024-07-02-01-00-00", "latency": 47}]}, {"location": {"country_code": "es"}, "game_id": "970338", "values": [{"date": "2024-07-01-21-00-00", "latency": 49}, {"date": "2024-07-01-21-00-00", "latency": 49}, {"date": "2024-07-01-21-00-00", "latency": 49}, {"date": "2024-07-01-21-00-00", "latency": 49}, {"date": "2024-07-01-21-00-00", "latency": 49}, {"date": "2024-07-01-21-00-00", "latency": 49}]}, {"location": {"country_code": "gb", "region": "Northern Ireland"}, "game_id": "970338", "values": [{"date": "2024-07-01-19-00-00", "latency": 55}]}, {"location": {"country_code": "us", "region": "North Carolina", "city": "Charlotte"}, "game_id": "970338", "values": [{"date": "2024-07-01-16-00-00", "latency": 107}, {"date": "2024-07-01-16-00-00", "latency": 107}, {"date": "2024-07-01-16-00-00", "latency": 107}, {"date": "2024-07-01-16-00-00", "latency": 107}, {"date": "2024-07-01-16-00-00", "latency": 107}, {"date": "2024-07-01-16-00-00", "latency": 107}, {"date": "2024-07-01-16-00-00", "latency": 107}, {"date": "2024-07-01-16-00-00", "latency": 107}, {"date": "2024-07-01-16-00-00", "latency": 107}, {"date": "2024-07-01-16-00-00", "latency": 107}, {"date": "2024-07-01-16-00-00", "latency": 107}, {"date": "2024-07-01-16-00-00", "latency": 107}, {"date": "2024-07-01-16-00-00", "latency": 107}]}, {"location": {"country_code": "us", "region": "Arizona"}, "game_id": "970338", "values": [{"date": "2024-07-02-02-00-00", "latency": 107}, {"date": "2024-07-02-02-00-00", "latency": 107}, {"date": "2024-07-02-02-00-00", "latency": 107}, {"date": "2024-07-02-02-00-00", "latency": 107}, {"date": "2024-07-02-02-00-00", "latency": 107}, {"date": "2024-07-02-02-00-00", "latency": 107}, {"date": "2024-07-02-02-00-00", "latency": 107}, {"date": "2024-07-02-02-00-00", "latency": 107}, {"date": "2024-07-02-02-00-00", "latency": 107}, {"date": "2024-07-02-02-00-00", "latency": 107}, {"date": "2024-07-02-02-00-00", "latency": 107}, {"date": "2024-07-02-02-00-00", "latency": 107}, {"date": "2024-07-02-02-00-00", "latency": 107}, {"date": "2024-07-02-02-00-00", "latency": 107}, {"date": "2024-07-02-02-00-00", "latency": 107}, {"date": "2024-07-02-02-00-00", "latency": 107}, {"date": "2024-07-02-02-00-00", "latency": 107}, {"date": "2024-07-02-02-00-00", "latency": 107}, {"date": "2024-07-02-02-00-00", "latency": 107}]}, {"location": {"country_code": "us", "region": "Arizona", "city": "Phoenix"}, "game_id": "970338", "values": [{"date": "2024-07-01-23-00-00", "latency": 78}, {"date": "2024-07-01-23-00-00", "latency": 78}, {"date": "2024-07-01-23-00-00", "latency": 78}, {"date": "2024-07-01-23-00-00", "latency": 78}, {"date": "2024-07-01-23-00-00", "latency": 78}, {"date": "2024-07-01-23-00-00", "latency": 78}, {"date": "2024-07-01-23-00-00", "latency": 78}, {"date": "2024-07-01-23-00-00", "latency": 78}, {"date": "2024-07-01-23-00-00", "latency": 78}, {"date": "2024-07-01-23-00-00", "latency": 78}, {"date": "2024-07-01-23-00-00", "latency": 78}, {"date": "2024-07-01-23-00-00", "latency": 78}, {"date": "2024-07-01-23-00-00", "latency": 78}]}, {"location": {"country_code": "pl"}, "game_id": "970338", "values": [{"date": "2024-07-01-21-00-00", "latency": 144}, {"date": "2024-07-01-21-00-00", "latency": 144}, {"date": "2024-07-01-21-00-00", "latency": 144}, {"date": "2024-07-01-21-00-00", "latency": 144}, {"date": "2024-07-01-21-00-00", "latency": 144}, {"date": "2024-07-01-21-00-00", "latency": 144}, {"date": "2024-07-01-21-00-00", "latency": 144}, {"date": "2024-07-01-21-00-00", "latency": 144}, {"date": "2024-07-01-21-00-00", "latency": 144}, {"date": "2024-07-01-21-00-00", "latency": 144}, {"date": "2024-07-01-21-00-00", "latency": 144}, {"date": "2024-07-01-18-00-00", "latency": 46}, {"date": "2024-07-01-18-00-00", "latency": 46}, {"date": "2024-07-01-18-00-00", "latency": 46}, {"date": "2024-07-01-18-00-00", "latency": 46}, {"date": "2024-07-01-18-00-00", "latency": 46}, {"date": "2024-07-01-18-00-00", "latency": 46}, {"date": "2024-07-01-18-00-00", "latency": 46}, {"date": "2024-07-01-18-00-00", "latency": 46}, {"date": "2024-07-01-18-00-00", "latency": 46}, {"date": "2024-07-01-18-00-00", "latency": 46}, {"date": "2024-07-01-18-00-00", "latency": 46}, {"date": "2024-07-01-18-00-00", "latency": 46}, {"date": "2024-07-01-18-00-00", "latency": 46}, {"date": "2024-07-01-18-00-00", "latency": 46}, {"date": "2024-07-01-18-00-00", "latency": 46}, {"date": "2024-07-01-18-00-00", "latency": 46}, {"date": "2024-07-01-18-00-00", "latency": 46}, {"date": "2024-07-01-18-00-00", "latency": 46}, {"date": "2024-07-01-18-00-00", "latency": 46}, {"date": "2024-07-01-18-00-00", "latency": 38}, {"date": "2024-07-01-18-00-00", "latency": 38}]}, {"location": {"country_code": "be"}, "game_id": "970338", "values": [{"date": "2024-07-01-13-00-00", "latency": 27}, {"date": "2024-07-01-13-00-00", "latency": 27}, {"date": "2024-07-01-13-00-00", "latency": 27}, {"date": "2024-07-01-13-00-00", "latency": 27}, {"date": "2024-07-01-13-00-00", "latency": 27}, {"date": "2024-07-01-13-00-00", "latency": 27}, {"date": "2024-07-01-13-00-00", "latency": 27}, {"date": "2024-07-01-13-00-00", "latency": 27}, {"date": "2024-07-01-13-00-00", "latency": 27}, {"date": "2024-07-01-13-00-00", "latency": 27}, {"date": "2024-07-01-13-00-00", "latency": 27}, {"date": "2024-07-01-13-00-00", "latency": 27}, {"date": "2024-07-01-13-00-00", "latency": 27}, {"date": "2024-07-01-13-00-00", "latency": 27}]}, {"location": {"country_code": "us", "region": "Nevada", "city": "Las Vegas"}, "game_id": "970338", "values": [{"date": "2024-07-01-19-00-00", "latency": 70}, {"date": "2024-07-01-19-00-00", "latency": 70}, {"date": "2024-07-01-19-00-00", "latency": 70}, {"date": "2024-07-01-19-00-00", "latency": 70}, {"date": "2024-07-01-19-00-00", "latency": 70}, {"date": "2024-07-01-19-00-00", "latency": 70}, {"date": "2024-07-02-01-00-00", "latency": 85}, {"date": "2024-07-02-01-00-00", "latency": 85}, {"date": "2024-07-02-01-00-00", "latency": 85}, {"date": "2024-07-02-01-00-00", "latency": 85}, {"date": "2024-07-02-01-00-00", "latency": 85}]}, {"location": {"country_code": "kz"}, "game_id": "970338", "values": [{"date": "2024-07-01-11-00-00", "latency": 72}, {"date": "2024-07-01-11-00-00", "latency": 72}, {"date": "2024-07-01-11-00-00", "latency": 72}, {"date": "2024-07-01-11-00-00", "latency": 72}, {"date": "2024-07-01-11-00-00", "latency": 72}, {"date": "2024-07-01-11-00-00", "latency": 72}, {"date": "2024-07-01-11-00-00", "latency": 72}, {"date": "2024-07-01-11-00-00", "latency": 72}, {"date": "2024-07-01-11-00-00", "latency": 72}]}, {"location": {"country_code": "ca", "region": "Ontario", "city": "Toronto"}, "game_id": "970338", "values": [{"date": "2024-07-01-21-00-00", "latency": 111}, {"date": "2024-07-01-21-00-00", "latency": 111}]}, {"location": {"country_code": "py"}, "game_id": "970338", "values": [{"date": "2024-07-01-07-00-00", "latency": 157}, {"date": "2024-07-01-07-00-00", "latency": 157}, {"date": "2024-07-01-07-00-00", "latency": 157}]}, {"location": {"country_code": "au", "region": "Queensland"}, "game_id": "970338", "values": [{"date": "2024-07-01-08-00-00", "latency": 283}, {"date": "2024-07-01-08-00-00", "latency": 283}, {"date": "2024-07-01-08-00-00", "latency": 283}, {"date": "2024-07-01-08-00-00", "latency": 283}, {"date": "2024-07-01-08-00-00", "latency": 283}]}, {"location": {"country_code": "us", "region": "Pennsylvania"}, "game_id": "970338", "values": [{"date": "2024-07-01-23-00-00", "latency": 40}, {"date": "2024-07-01-23-00-00", "latency": 40}, {"date": "2024-07-01-23-00-00", "latency": 40}, {"date": "2024-07-01-23-00-00", "latency": 40}, {"date": "2024-07-01-23-00-00", "latency": 40}, {"date": "2024-07-01-23-00-00", "latency": 40}, {"date": "2024-07-01-23-00-00", "latency": 40}, {"date": "2024-07-01-23-00-00", "latency": 40}, {"date": "2024-07-01-23-00-00", "latency": 40}, {"date": "2024-07-01-23-00-00", "latency": 40}, {"date": "2024-07-01-23-00-00", "latency": 40}, {"date": "2024-07-01-23-00-00", "latency": 40}]}, {"location": {"country_code": "us", "region": "Maryland"}, "game_id": "970338", "values": [{"date": "2024-07-01-12-00-00", "latency": 150}, {"date": "2024-07-01-12-00-00", "latency": 150}, {"date": "2024-07-01-12-00-00", "latency": 150}, {"date": "2024-07-01-12-00-00", "latency": 150}, {"date": "2024-07-01-12-00-00", "latency": 150}, {"date": "2024-07-01-12-00-00", "latency": 150}, {"date": "2024-07-01-12-00-00", "latency": 150}, {"date": "2024-07-01-12-00-00", "latency": 150}, {"date": "2024-07-01-12-00-00", "latency": 150}, {"date": "2024-07-01-12-00-00", "latency": 150}, {"date": "2024-07-01-12-00-00", "latency": 150}, {"date": "2024-07-01-12-00-00", "latency": 150}, {"date": "2024-07-01-12-00-00", "latency": 150}, {"date": "2024-07-01-12-00-00", "latency": 150}, {"date": "2024-07-01-12-00-00", "latency": 150}, {"date": "2024-07-01-12-00-00", "latency": 150}, {"date": "2024-07-01-12-00-00", "latency": 150}, {"date": "2024-07-01-12-00-00", "latency": 150}, {"date": "2024-07-01-12-00-00", "latency": 150}, {"date": "2024-07-01-12-00-00", "latency": 150}, {"date": "2024-07-01-12-00-00", "latency": 150}, {"date": "2024-07-01-12-00-00", "latency": 150}, {"date": "2024-07-01-12-00-00", "latency": 150}, {"date": "2024-07-01-12-00-00", "latency": 150}]}, {"location": {"country_code": "us", "region": "Colorado", "city": "Denver"}, "game_id": "970338", "values": [{"date": "2024-07-01-05-00-00", "latency": 158}, {"date": "2024-07-01-05-00-00", "latency": 158}, {"date": "2024-07-01-05-00-00", "latency": 158}, {"date": "2024-07-01-05-00-00", "latency": 158}]}, {"location": {"country_code": "by"}, "game_id": "970338", "values": [{"date": "2024-07-01-23-00-00", "latency": 48}, {"date": "2024-07-01-23-00-00", "latency": 48}, {"date": "2024-07-01-23-00-00", "latency": 48}, {"date": "2024-07-01-23-00-00", "latency": 48}, {"date": "2024-07-01-23-00-00", "latency": 48}, {"date": "2024-07-01-23-00-00", "latency": 48}, {"date": "2024-07-01-23-00-00", "latency": 48}, {"date": "2024-07-01-23-00-00", "latency": 48}, {"date": "2024-07-01-23-00-00", "latency": 48}, {"date": "2024-07-01-23-00-00", "latency": 48}, {"date": "2024-07-01-23-00-00", "latency": 48}, {"date": "2024-07-01-23-00-00", "latency": 48}, {"date": "2024-07-01-23-00-00", "latency": 48}, {"date": "2024-07-01-23-00-00", "latency": 48}, {"date": "2024-07-01-23-00-00", "latency": 48}, {"date": "2024-07-01-23-00-00", "latency": 48}, {"date": "2024-07-01-23-00-00", "latency": 48}, {"date": "2024-07-01-23-00-00", "latency": 48}, {"date": "2024-07-01-23-00-00", "latency": 48}, {"date": "2024-07-01-23-00-00", "latency": 48}, {"date": "2024-07-01-23-00-00", "latency": 48}, {"date": "2024-07-01-23-00-00", "latency": 48}, {"date": "2024-07-01-23-00-00", "latency": 48}, {"date": "2024-07-01-23-00-00", "latency": 48}, {"date": "2024-07-01-23-00-00", "latency": 48}, {"date": "2024-07-01-23-00-00", "latency": 48}, {"date": "2024-07-01-23-00-00", "latency": 48}, {"date": "2024-07-01-23-00-00", "latency": 48}, {"date": "2024-07-01-23-00-00", "latency": 48}, {"date": "2024-07-01-23-00-00", "latency": 48}, {"date": "2024-07-01-23-00-00", "latency": 48}, {"date": "2024-07-01-23-00-00", "latency": 48}, {"date": "2024-07-01-23-00-00", "latency": 48}, {"date": "2024-07-01-23-00-00", "latency": 48}, {"date": "2024-07-01-23-00-00", "latency": 48}]}, {"location": {"country_code": "us", "region": "Texas", "city": "Irving"}, "game_id": "970338", "values": [{"date": "2024-07-01-05-00-00", "latency": 49}, {"date": "2024-07-01-05-00-00", "latency": 49}, {"date": "2024-07-01-05-00-00", "latency": 49}, {"date": "2024-07-01-05-00-00", "latency": 49}]}, {"location": {"country_code": "de", "region": "Lower Saxony"}, "game_id": "970338", "values": [{"date": "2024-07-01-15-00-00", "latency": 22}, {"date": "2024-07-01-15-00-00", "latency": 22}, {"date": "2024-07-01-15-00-00", "latency": 22}, {"date": "2024-07-01-15-00-00", "latency": 22}, {"date": "2024-07-01-15-00-00", "latency": 22}, {"date": "2024-07-01-15-00-00", "latency": 22}, {"date": "2024-07-01-15-00-00", "latency": 22}, {"date": "2024-07-01-15-00-00", "latency": 22}, {"date": "2024-07-01-15-00-00", "latency": 22}, {"date": "2024-07-01-15-00-00", "latency": 22}]}, {"location": {"country_code": "de", "region": "Saxony-Anhalt"}, "game_id": "970338", "values": [{"date": "2024-07-01-21-00-00", "latency": 87}, {"date": "2024-07-01-21-00-00", "latency": 87}, {"date": "2024-07-01-21-00-00", "latency": 87}, {"date": "2024-07-01-21-00-00", "latency": 87}, {"date": "2024-07-01-21-00-00", "latency": 87}, {"date": "2024-07-01-21-00-00", "latency": 87}, {"date": "2024-07-01-21-00-00", "latency": 87}, {"date": "2024-07-01-21-00-00", "latency": 87}, {"date": "2024-07-01-21-00-00", "latency": 87}, {"date": "2024-07-01-21-00-00", "latency": 87}, {"date": "2024-07-01-21-00-00", "latency": 87}]}, {"location": {"country_code": "ar", "region": "Cordoba Province", "city": "Rio Cuarto"}, "game_id": "970338", "values": [{"date": "2024-07-01-04-00-00", "latency": 171}]}, {"location": {"country_code": "ee"}, "game_id": "970338", "values": [{"date": "2024-07-01-17-00-00", "latency": 42}, {"date": "2024-07-01-17-00-00", "latency": 42}, {"date": "2024-07-01-17-00-00", "latency": 42}, {"date": "2024-07-01-17-00-00", "latency": 42}, {"date": "2024-07-01-17-00-00", "latency": 42}, {"date": "2024-07-01-17-00-00", "latency": 42}, {"date": "2024-07-01-17-00-00", "latency": 42}, {"date": "2024-07-01-17-00-00", "latency": 42}]}, {"location": {"country_code": "de", "region": "Mecklenburg-Vorpommern"}, "game_id": "970338", "values": [{"date": "2024-07-01-11-00-00", "latency": 33}]}, {"location": {"country_code": "ca", "region": "British Columbia", "city": "Port Coquitlam"}, "game_id": "970338", "values": [{"date": "2024-07-01-03-00-00", "latency": 40}, {"date": "2024-07-01-03-00-00", "latency": 40}, {"date": "2024-07-01-03-00-00", "latency": 40}, {"date": "2024-07-01-03-00-00", "latency": 40}]}, {"location": {"country_code": "br", "region": "Santa Catarina", "city": "Chapeco"}, "game_id": "970338", "values": [{"date": "2024-07-01-02-00-00", "latency": 147}, {"date": "2024-07-01-02-00-00", "latency": 147}]}, {"location": {"country_code": "ch", "region": "Canton of Bern", "city": "Bern"}, "game_id": "970338", "values": [{"date": "2024-07-02-01-00-00", "latency": 43}, {"date": "2024-07-02-01-00-00", "latency": 43}, {"date": "2024-07-02-01-00-00", "latency": 43}, {"date": "2024-07-02-01-00-00", "latency": 43}, {"date": "2024-07-02-01-00-00", "latency": 43}]}, {"location": {"country_code": "cz", "region": "Olomoucky kraj", "city": "Olomouc"}, "game_id": "970338", "values": [{"date": "2024-07-01-18-00-00", "latency": 52}]}], "last_updated": 1719926522.279717}