{"data": [{"location": {"country_code": "nz"}, "game_id": "273486", "values": [{"date": "2023-01-13-12-00-00", "alternatives": ["05", "105", "105"]}, {"date": "2023-01-13-12-00-00", "alternatives": ["05", "105", "105"]}, {"date": "2023-01-13-12-00-00", "alternatives": ["05", "105", "105"]}, {"date": "2023-01-13-12-00-00", "alternatives": ["05", "105", "105"]}, {"date": "2023-01-13-12-00-00", "alternatives": ["05", "105", "105"]}, {"date": "2023-01-13-12-00-00", "alternatives": ["05", "105", "105"]}, {"date": "2023-01-13-12-00-00", "alternatives": ["05", "105", "105"]}]}, {"location": {"country_code": "us"}, "game_id": "273486", "values": [{"date": "2023-01-14-01-00-00", "alternatives": ["05", "0", "0"]}, {"date": "2023-01-14-01-00-00", "alternatives": ["05", "0", "0"]}, {"date": "2023-01-13-14-00-00", "alternatives": ["62", "62", "2"]}, {"date": "2023-01-13-08-00-00", "alternatives": [56, 561, 56, 56, 56]}, {"date": "2023-01-13-08-00-00", "alternatives": [56, 561, 56, 56, 56]}, {"date": "2023-01-13-08-00-00", "alternatives": [56, 561, 56, 56, 56]}, {"date": "2023-01-13-08-00-00", "alternatives": ["62", "32", "32"]}, {"date": "2023-01-13-05-00-00", "alternatives": ["39", "39", "3"]}, {"date": "2023-01-13-05-00-00", "alternatives": ["39", "39", "3"]}, {"date": "2023-01-13-03-00-00", "alternatives": [43, 48, 43, 43]}, {"date": "2023-01-13-03-00-00", "alternatives": [43, 48, 43, 43]}]}, {"location": {"country_code": "us", "region": "New York", "city": "Jamestown"}, "game_id": "273486", "values": [{"date": "2023-01-13-20-00-00", "alternatives": [19, 189, 19, 19]}, {"date": "2023-01-13-20-00-00", "alternatives": [19, 189, 19, 19]}, {"date": "2023-01-13-20-00-00", "alternatives": [19, 189, 19, 19]}, {"date": "2023-01-13-20-00-00", "alternatives": [19, 189, 19, 19]}, {"date": "2023-01-13-02-00-00", "alternatives": ["64", "64", "4"]}, {"date": "2023-01-13-02-00-00", "alternatives": ["64", "64", "4"]}, {"date": "2023-01-13-21-00-00", "alternatives": [54, 24, 54, 54]}, {"date": "2023-01-13-21-00-00", "alternatives": [54, 24, 54, 54]}, {"date": "2023-01-13-21-00-00", "alternatives": [54, 24, 54, 54]}, {"date": "2023-01-13-21-00-00", "alternatives": [54, 24, 54, 54]}, {"date": "2023-01-13-21-00-00", "alternatives": [54, 24, 54, 54]}]}, {"location": {"country_code": "gb", "region": "Wales", "city": "Swansea"}, "game_id": "273486", "values": [{"date": "2023-01-13-17-00-00", "alternatives": [59, 65, 39, 59, 59, 59]}, {"date": "2023-01-13-17-00-00", "alternatives": [59, 65, 39, 59, 59, 59]}, {"date": "2023-01-13-17-00-00", "alternatives": [59, 65, 39, 59, 59, 59]}, {"date": "2023-01-13-17-00-00", "alternatives": [59, 65, 39, 59, 59, 59]}, {"date": "2023-01-13-17-00-00", "alternatives": [59, 65, 39, 59, 59, 59]}, {"date": "2023-01-13-17-00-00", "alternatives": [59, 65, 39, 59, 59, 59]}]}, {"location": {"country_code": "za"}, "game_id": "273486", "values": [{"date": "2023-01-13-20-00-00", "alternatives": ["18", "16", "18"]}, {"date": "2023-01-13-20-00-00", "alternatives": ["18", "16", "18"]}, {"date": "2023-01-13-20-00-00", "alternatives": ["18", "16", "18"]}]}, {"location": {"country_code": "de"}, "game_id": "273486", "values": [{"date": "2023-01-13-23-00-00", "alternatives": ["23", "23", "223"]}, {"date": "2023-01-13-23-00-00", "alternatives": ["23", "23", "223"]}, {"date": "2023-01-13-23-00-00", "alternatives": ["23", "23", "223"]}]}, {"location": {"country_code": "us", "region": "South Carolina", "city": "Sumter"}, "game_id": "273486", "values": [{"date": "2023-01-13-23-00-00", "alternatives": ["43", "3", "43"]}, {"date": "2023-01-13-23-00-00", "alternatives": ["43", "3", "43"]}]}, {"location": {"country_code": "gb", "region": "England"}, "game_id": "273486", "values": [{"date": "2023-01-14-01-00-00", "alternatives": ["50", "50", "0"]}, {"date": "2023-01-14-01-00-00", "alternatives": ["50", "50", "0"]}]}, {"location": {"country_code": "us", "region": "California", "city": "East Los Angeles"}, "game_id": "273486", "values": [{"date": "2023-01-13-23-00-00", "alternatives": [701, 7, 70, 70, 70]}]}, {"location": {"country_code": "us", "region": "Pennsylvania", "city": "Philadelphia"}, "game_id": "273486", "values": [{"date": "2023-01-13-06-00-00", "alternatives": ["36", "361", "36"]}, {"date": "2023-01-13-06-00-00", "alternatives": ["36", "361", "36"]}, {"date": "2023-01-13-06-00-00", "alternatives": ["36", "361", "36"]}]}, {"location": {"country_code": "sa"}, "game_id": "273486", "values": [{"date": "2023-01-13-17-00-00", "alternatives": ["15", "15", "18"]}, {"date": "2023-01-13-17-00-00", "alternatives": ["15", "15", "18"]}, {"date": "2023-01-13-23-00-00", "alternatives": ["90", "90", "30"]}, {"date": "2023-01-13-23-00-00", "alternatives": ["90", "90", "30"]}, {"date": "2023-01-13-23-00-00", "alternatives": ["90", "90", "30"]}]}, {"location": {"country_code": "us", "region": "Michigan"}, "game_id": "273486", "values": [{"date": "2023-01-13-01-00-00", "alternatives": ["47", "7", "47"]}]}, {"location": {"country_code": "hu"}, "game_id": "273486", "values": [{"date": "2023-01-13-18-00-00", "alternatives": ["36", "36", "3"]}, {"date": "2023-01-13-18-00-00", "alternatives": ["36", "36", "3"]}, {"date": "2023-01-13-18-00-00", "alternatives": ["36", "36", "3"]}, {"date": "2023-01-13-18-00-00", "alternatives": ["36", "36", "3"]}, {"date": "2023-01-13-18-00-00", "alternatives": ["36", "36", "3"]}, {"date": "2023-01-13-18-00-00", "alternatives": ["36", "36", "3"]}, {"date": "2023-01-13-18-00-00", "alternatives": ["36", "36", "3"]}, {"date": "2023-01-13-18-00-00", "alternatives": ["36", "36", "3"]}, {"date": "2023-01-13-18-00-00", "alternatives": ["36", "36", "3"]}, {"date": "2023-01-13-18-00-00", "alternatives": ["36", "36", "3"]}, {"date": "2023-01-13-18-00-00", "alternatives": ["36", "36", "3"]}, {"date": "2023-01-13-18-00-00", "alternatives": ["36", "36", "3"]}, {"date": "2023-01-13-18-00-00", "alternatives": ["36", "36", "3"]}, {"date": "2023-01-13-18-00-00", "alternatives": ["36", "36", "3"]}]}, {"location": {"country_code": "ve"}, "game_id": "273486", "values": [{"date": "2023-01-13-22-00-00", "alternatives": ["63", "63", "3"]}]}, {"location": {"country_code": "be"}, "game_id": "273486", "values": [{"date": "2023-01-13-20-00-00", "alternatives": ["39", "39", "3"]}, {"date": "2023-01-13-20-00-00", "alternatives": ["39", "39", "3"]}, {"date": "2023-01-13-20-00-00", "alternatives": ["39", "39", "3"]}, {"date": "2023-01-13-20-00-00", "alternatives": ["39", "39", "3"]}, {"date": "2023-01-13-20-00-00", "alternatives": ["39", "39", "3"]}]}, {"location": {"country_code": "us", "region": "North Carolina"}, "game_id": "273486", "values": [{"date": "2023-01-13-07-00-00", "alternatives": ["54", "54", "04"]}, {"date": "2023-01-13-07-00-00", "alternatives": ["54", "54", "04"]}]}, {"location": {"country_code": "us", "region": "Nevada", "city": "Las Vegas"}, "game_id": "273486", "values": [{"date": "2023-01-13-03-00-00", "alternatives": [6, 54, 54, 54]}, {"date": "2023-01-13-03-00-00", "alternatives": [6, 54, 54, 54]}]}, {"location": {"country_code": "ie"}, "game_id": "273486", "values": [{"date": "2023-01-13-12-00-00", "alternatives": [74, 734, 74, 74]}, {"date": "2023-01-13-12-00-00", "alternatives": [74, 734, 74, 74]}, {"date": "2023-01-13-12-00-00", "alternatives": [74, 734, 74, 74]}, {"date": "2023-01-13-12-00-00", "alternatives": [74, 734, 74, 74]}, {"date": "2023-01-13-12-00-00", "alternatives": [74, 734, 74, 74]}, {"date": "2023-01-13-12-00-00", "alternatives": [74, 734, 74, 74]}]}, {"location": {"country_code": "ca", "region": "Ontario", "city": "Toronto"}, "game_id": "273486", "values": [{"date": "2023-01-13-13-00-00", "alternatives": ["2", "62", "2"]}, {"date": "2023-01-13-13-00-00", "alternatives": ["2", "62", "2"]}, {"date": "2023-01-13-13-00-00", "alternatives": ["2", "62", "2"]}, {"date": "2023-01-13-13-00-00", "alternatives": ["2", "62", "2"]}, {"date": "2023-01-13-13-00-00", "alternatives": ["2", "62", "2"]}, {"date": "2023-01-13-13-00-00", "alternatives": ["2", "62", "2"]}, {"date": "2023-01-13-13-00-00", "alternatives": ["2", "62", "2"]}, {"date": "2023-01-13-13-00-00", "alternatives": ["2", "62", "2"]}]}, {"location": {"country_code": "us", "region": "Massachusetts", "city": "Boston"}, "game_id": "273486", "values": [{"date": "2023-01-13-19-00-00", "alternatives": ["78", "6", "6"]}, {"date": "2023-01-13-19-00-00", "alternatives": ["78", "6", "6"]}, {"date": "2023-01-13-19-00-00", "alternatives": ["78", "6", "6"]}]}, {"location": {"country_code": "us", "region": "Louisiana"}, "game_id": "273486", "values": [{"date": "2023-01-13-22-00-00", "alternatives": [0, 40, 4, 40, 40]}, {"date": "2023-01-13-22-00-00", "alternatives": [0, 40, 4, 40, 40]}, {"date": "2023-01-13-22-00-00", "alternatives": [0, 40, 4, 40, 40]}, {"date": "2023-01-13-22-00-00", "alternatives": [0, 40, 4, 40, 40]}, {"date": "2023-01-13-22-00-00", "alternatives": [0, 40, 4, 40, 40]}, {"date": "2023-01-13-22-00-00", "alternatives": [0, 40, 4, 40, 40]}, {"date": "2023-01-13-22-00-00", "alternatives": [0, 40, 4, 40, 40]}]}, {"location": {"country_code": "us", "region": "State of Wyoming", "city": "Cheyenne"}, "game_id": "273486", "values": [{"date": "2023-01-13-12-00-00", "alternatives": ["50", "0", "50"]}, {"date": "2023-01-13-12-00-00", "alternatives": ["50", "0", "50"]}, {"date": "2023-01-13-12-00-00", "alternatives": ["50", "0", "50"]}]}, {"location": {"country_code": "to"}, "game_id": "273486", "values": [{"date": "2023-01-13-22-00-00", "alternatives": [31, 3, 31, 31]}, {"date": "2023-01-13-22-00-00", "alternatives": [31, 3, 31, 31]}, {"date": "2023-01-13-22-00-00", "alternatives": [31, 3, 31, 31]}, {"date": "2023-01-13-22-00-00", "alternatives": [31, 3, 31, 31]}, {"date": "2023-01-13-22-00-00", "alternatives": [31, 3, 31, 31]}, {"date": "2023-01-13-22-00-00", "alternatives": [31, 3, 31, 31]}, {"date": "2023-01-13-22-00-00", "alternatives": [31, 3, 31, 31]}, {"date": "2023-01-13-22-00-00", "alternatives": [31, 3, 31, 31]}, {"date": "2023-01-13-22-00-00", "alternatives": [31, 3, 31, 31]}, {"date": "2023-01-13-22-00-00", "alternatives": [31, 3, 31, 31]}, {"date": "2023-01-13-22-00-00", "alternatives": [31, 3, 31, 31]}, {"date": "2023-01-13-22-00-00", "alternatives": [31, 3, 31, 31]}, {"date": "2023-01-13-22-00-00", "alternatives": [31, 3, 31, 31]}, {"date": "2023-01-13-22-00-00", "alternatives": [31, 3, 31, 31]}, {"date": "2023-01-13-22-00-00", "alternatives": [31, 3, 31, 31]}]}, {"location": {"country_code": "us", "region": "New York", "city": "Auburn"}, "game_id": "273486", "values": [{"date": "2023-01-13-04-00-00", "alternatives": [225, 125, 325, 125, 125]}, {"date": "2023-01-13-04-00-00", "alternatives": [225, 125, 325, 125, 125]}]}, {"location": {"country_code": "us", "region": "Texas", "city": "Atascocita"}, "game_id": "273486", "values": [{"date": "2023-01-13-09-00-00", "alternatives": ["29", "28", "29"]}, {"date": "2023-01-13-09-00-00", "alternatives": ["29", "28", "29"]}]}, {"location": {"country_code": "us", "region": "New Hampshire", "city": "Littleton"}, "game_id": "273486", "values": [{"date": "2023-01-13-01-00-00", "alternatives": ["94", "9", "94"]}]}], "last_updated": 1719918483.223385}