{"data": [{"location": {"country_code": "si"}, "game_id": "295590", "values": [{"date": "2022-04-27-17-00-00", "latency": 63}, {"date": "2022-04-27-20-00-00", "latency": 39}, {"date": "2022-04-27-20-00-00", "latency": 39}]}, {"location": {"country_code": "us"}, "game_id": "295590", "values": [{"date": "2022-04-27-03-00-00", "latency": 71}, {"date": "2022-04-27-19-00-00", "latency": 657}, {"date": "2022-04-27-22-00-00", "latency": 641}, {"date": "2022-04-27-22-00-00", "latency": 641}, {"date": "2022-04-27-22-00-00", "latency": 641}, {"date": "2022-04-27-22-00-00", "latency": 641}, {"date": "2022-04-27-22-00-00", "latency": 641}, {"date": "2022-04-27-22-00-00", "latency": 641}, {"date": "2022-04-27-22-00-00", "latency": 641}, {"date": "2022-04-27-22-00-00", "latency": 641}, {"date": "2022-04-27-22-00-00", "latency": 641}, {"date": "2022-04-27-22-00-00", "latency": 641}, {"date": "2022-04-27-22-00-00", "latency": 641}, {"date": "2022-04-27-22-00-00", "latency": 641}, {"date": "2022-04-27-22-00-00", "latency": 641}, {"date": "2022-04-27-22-00-00", "latency": 641}, {"date": "2022-04-27-22-00-00", "latency": 641}, {"date": "2022-04-27-22-00-00", "latency": 641}, {"date": "2022-04-27-08-00-00", "latency": 69}, {"date": "2022-04-27-08-00-00", "latency": 69}, {"date": "2022-04-27-08-00-00", "latency": 69}, {"date": "2022-04-27-08-00-00", "latency": 69}, {"date": "2022-04-27-08-00-00", "latency": 69}, {"date": "2022-04-27-04-00-00", "latency": 149}]}, {"location": {"country_code": "de", "region": "Berlin", "city": "Berlin"}, "game_id": "295590", "values": [{"date": "2022-04-27-18-00-00", "latency": 41}]}, {"location": {"country_code": "eg"}, "game_id": "295590", "values": [{"date": "2022-04-27-03-00-00", "latency": 95}, {"date": "2022-04-27-03-00-00", "latency": 95}, {"date": "2022-04-27-03-00-00", "latency": 95}, {"date": "2022-04-27-03-00-00", "latency": 95}, {"date": "2022-04-27-03-00-00", "latency": 95}, {"date": "2022-04-28-00-00-00", "latency": 141}, {"date": "2022-04-28-00-00-00", "latency": 141}, {"date": "2022-04-28-00-00-00", "latency": 141}]}, {"location": {"country_code": "us", "region": "New York", "city": "Jamestown"}, "game_id": "295590", "values": [{"date": "2022-04-27-22-00-00", "latency": 116}, {"date": "2022-04-27-22-00-00", "latency": 116}, {"date": "2022-04-27-04-00-00", "latency": 65}, {"date": "2022-04-27-04-00-00", "latency": 55}, {"date": "2022-04-27-21-00-00", "latency": 353}]}, {"location": {"country_code": "gb"}, "game_id": "295590", "values": [{"date": "2022-04-27-22-00-00", "latency": 46}, {"date": "2022-04-27-22-00-00", "latency": 46}, {"date": "2022-04-28-00-00-00", "latency": 41}, {"date": "2022-04-28-00-00-00", "latency": 41}, {"date": "2022-04-28-00-00-00", "latency": 41}, {"date": "2022-04-28-00-00-00", "latency": 41}, {"date": "2022-04-28-00-00-00", "latency": 41}, {"date": "2022-04-28-00-00-00", "latency": 41}, {"date": "2022-04-27-21-00-00", "latency": 141}, {"date": "2022-04-27-21-00-00", "latency": 141}, {"date": "2022-04-27-21-00-00", "latency": 141}, {"date": "2022-04-27-21-00-00", "latency": 141}, {"date": "2022-04-27-21-00-00", "latency": 141}, {"date": "2022-04-27-21-00-00", "latency": 141}, {"date": "2022-04-27-21-00-00", "latency": 141}, {"date": "2022-04-27-21-00-00", "latency": 141}, {"date": "2022-04-28-01-00-00", "latency": 45}, {"date": "2022-04-28-01-00-00", "latency": 45}, {"date": "2022-04-28-01-00-00", "latency": 45}, {"date": "2022-04-28-01-00-00", "latency": 45}, {"date": "2022-04-28-01-00-00", "latency": 45}]}, {"location": {"country_code": "ro"}, "game_id": "295590", "values": [{"date": "2022-04-27-23-00-00", "latency": 60}, {"date": "2022-04-27-23-00-00", "latency": 60}, {"date": "2022-04-27-20-00-00", "latency": 103}, {"date": "2022-04-27-20-00-00", "latency": 103}, {"date": "2022-04-27-20-00-00", "latency": 103}, {"date": "2022-04-27-20-00-00", "latency": 103}, {"date": "2022-04-27-20-00-00", "latency": 103}, {"date": "2022-04-27-20-00-00", "latency": 103}, {"date": "2022-04-27-20-00-00", "latency": 103}, {"date": "2022-04-27-20-00-00", "latency": 103}, {"date": "2022-04-27-03-00-00", "latency": 65}, {"date": "2022-04-27-03-00-00", "latency": 65}, {"date": "2022-04-27-03-00-00", "latency": 65}]}, {"location": {"country_code": "th"}, "game_id": "295590", "values": [{"date": "2022-04-27-21-00-00", "latency": 238}, {"date": "2022-04-27-21-00-00", "latency": 238}, {"date": "2022-04-27-21-00-00", "latency": 238}, {"date": "2022-04-27-21-00-00", "latency": 238}, {"date": "2022-04-27-21-00-00", "latency": 238}, {"date": "2022-04-27-21-00-00", "latency": 238}]}, {"location": {"country_code": "gr"}, "game_id": "295590", "values": [{"date": "2022-04-27-14-00-00", "latency": 88}, {"date": "2022-04-27-14-00-00", "latency": 88}, {"date": "2022-04-27-14-00-00", "latency": 88}, {"date": "2022-04-27-14-00-00", "latency": 88}, {"date": "2022-04-27-14-00-00", "latency": 88}, {"date": "2022-04-27-14-00-00", "latency": 88}, {"date": "2022-04-27-14-00-00", "latency": 88}, {"date": "2022-04-27-14-00-00", "latency": 88}, {"date": "2022-04-28-01-00-00", "latency": 398}]}, {"location": {"country_code": "pa"}, "game_id": "295590", "values": [{"date": "2022-04-28-00-00-00", "latency": 167}, {"date": "2022-04-27-04-00-00", "latency": 100}]}, {"location": {"country_code": "nl"}, "game_id": "295590", "values": [{"date": "2022-04-27-17-00-00", "latency": 26}]}, {"location": {"country_code": "it"}, "game_id": "295590", "values": [{"date": "2022-04-27-14-00-00", "latency": 63}, {"date": "2022-04-27-14-00-00", "latency": 63}, {"date": "2022-04-27-14-00-00", "latency": 63}, {"date": "2022-04-27-14-00-00", "latency": 63}, {"date": "2022-04-27-22-00-00", "latency": 56}, {"date": "2022-04-27-22-00-00", "latency": 56}]}, {"location": {"country_code": "jp"}, "game_id": "295590", "values": [{"date": "2022-04-27-18-00-00", "latency": 32}]}, {"location": {"country_code": "ch"}, "game_id": "295590", "values": [{"date": "2022-04-27-10-00-00", "latency": 95}, {"date": "2022-04-27-10-00-00", "latency": 95}, {"date": "2022-04-27-21-00-00", "latency": 59}, {"date": "2022-04-27-21-00-00", "latency": 59}, {"date": "2022-04-27-21-00-00", "latency": 59}, {"date": "2022-04-27-21-00-00", "latency": 59}, {"date": "2022-04-27-21-00-00", "latency": 59}]}, {"location": {"country_code": "de"}, "game_id": "295590", "values": [{"date": "2022-04-27-15-00-00", "latency": 45}, {"date": "2022-04-27-15-00-00", "latency": 45}, {"date": "2022-04-27-21-00-00", "latency": 32}, {"date": "2022-04-27-22-00-00", "latency": 75}, {"date": "2022-04-27-22-00-00", "latency": 75}, {"date": "2022-04-27-22-00-00", "latency": 75}, {"date": "2022-04-27-22-00-00", "latency": 52}]}, {"location": {"country_code": "us", "region": "Indiana"}, "game_id": "295590", "values": [{"date": "2022-04-27-07-00-00", "latency": 91}, {"date": "2022-04-27-07-00-00", "latency": 91}, {"date": "2022-04-27-07-00-00", "latency": 91}, {"date": "2022-04-27-07-00-00", "latency": 91}, {"date": "2022-04-27-07-00-00", "latency": 91}, {"date": "2022-04-27-07-00-00", "latency": 91}, {"date": "2022-04-27-07-00-00", "latency": 91}, {"date": "2022-04-27-07-00-00", "latency": 91}, {"date": "2022-04-27-07-00-00", "latency": 91}, {"date": "2022-04-27-07-00-00", "latency": 91}, {"date": "2022-04-27-07-00-00", "latency": 91}, {"date": "2022-04-27-07-00-00", "latency": 91}, {"date": "2022-04-27-07-00-00", "latency": 91}, {"date": "2022-04-27-07-00-00", "latency": 91}, {"date": "2022-04-27-07-00-00", "latency": 91}, {"date": "2022-04-27-07-00-00", "latency": 91}, {"date": "2022-04-27-07-00-00", "latency": 91}, {"date": "2022-04-27-07-00-00", "latency": 91}, {"date": "2022-04-27-07-00-00", "latency": 91}, {"date": "2022-04-27-07-00-00", "latency": 91}, {"date": "2022-04-27-07-00-00", "latency": 91}, {"date": "2022-04-27-07-00-00", "latency": 91}]}, {"location": {"country_code": "gb", "region": "England"}, "game_id": "295590", "values": [{"date": "2022-04-27-20-00-00", "latency": 74}, {"date": "2022-04-27-20-00-00", "latency": 74}, {"date": "2022-04-27-22-00-00", "latency": 91}, {"date": "2022-04-27-22-00-00", "latency": 91}, {"date": "2022-04-27-22-00-00", "latency": 91}]}, {"location": {"country_code": "cl"}, "game_id": "295590", "values": [{"date": "2022-04-27-22-00-00", "latency": 173}, {"date": "2022-04-28-02-00-00", "latency": 24}, {"date": "2022-04-27-08-00-00", "latency": 51}, {"date": "2022-04-27-08-00-00", "latency": 51}, {"date": "2022-04-27-08-00-00", "latency": 51}, {"date": "2022-04-27-08-00-00", "latency": 51}, {"date": "2022-04-27-23-00-00", "latency": 38}]}, {"location": {"country_code": "us", "region": "Texas"}, "game_id": "295590", "values": [{"date": "2022-04-27-05-00-00", "latency": 133}, {"date": "2022-04-27-05-00-00", "latency": 133}, {"date": "2022-04-27-05-00-00", "latency": 133}, {"date": "2022-04-27-05-00-00", "latency": 133}, {"date": "2022-04-27-05-00-00", "latency": 133}]}, {"location": {"country_code": "au", "region": "New South Wales", "city": "Sydney"}, "game_id": "295590", "values": [{"date": "2022-04-27-12-00-00", "latency": 60}]}, {"location": {"country_code": "us", "region": "Florida"}, "game_id": "295590", "values": [{"date": "2022-04-28-00-00-00", "latency": 66}]}, {"location": {"country_code": "au"}, "game_id": "295590", "values": [{"date": "2022-04-27-16-00-00", "latency": 155}, {"date": "2022-04-27-16-00-00", "latency": 155}, {"date": "2022-04-27-16-00-00", "latency": 155}, {"date": "2022-04-27-16-00-00", "latency": 155}, {"date": "2022-04-27-16-00-00", "latency": 155}, {"date": "2022-04-27-14-00-00", "latency": 51}, {"date": "2022-04-27-12-00-00", "latency": 87}]}, {"location": {"country_code": "fr"}, "game_id": "295590", "values": [{"date": "2022-04-27-23-00-00", "latency": 75}, {"date": "2022-04-27-23-00-00", "latency": 75}, {"date": "2022-04-27-22-00-00", "latency": 78}, {"date": "2022-04-27-22-00-00", "latency": 78}, {"date": "2022-04-27-22-00-00", "latency": 78}, {"date": "2022-04-27-22-00-00", "latency": 78}, {"date": "2022-04-27-11-00-00", "latency": 107}, {"date": "2022-04-27-11-00-00", "latency": 107}, {"date": "2022-04-27-11-00-00", "latency": 107}, {"date": "2022-04-27-11-00-00", "latency": 107}]}, {"location": {"country_code": "fr", "region": "Ile-de-France Region", "city": "Paris"}, "game_id": "295590", "values": [{"date": "2022-04-27-04-00-00", "latency": 27}, {"date": "2022-04-27-04-00-00", "latency": 27}, {"date": "2022-04-27-04-00-00", "latency": 27}, {"date": "2022-04-27-11-00-00", "latency": 34}, {"date": "2022-04-27-17-00-00", "latency": 44}]}, {"location": {"country_code": "mx"}, "game_id": "295590", "values": [{"date": "2022-04-28-00-00-00", "latency": 71}]}, {"location": {"country_code": "mx", "region": "Mexico City"}, "game_id": "295590", "values": [{"date": "2022-04-27-04-00-00", "latency": 130}, {"date": "2022-04-27-07-00-00", "latency": 102}, {"date": "2022-04-27-07-00-00", "latency": 102}, {"date": "2022-04-27-07-00-00", "latency": 102}]}, {"location": {"country_code": "us", "region": "California"}, "game_id": "295590", "values": [{"date": "2022-04-28-02-00-00", "latency": 80}, {"date": "2022-04-28-02-00-00", "latency": 80}, {"date": "2022-04-28-02-00-00", "latency": 80}, {"date": "2022-04-28-02-00-00", "latency": 80}, {"date": "2022-04-28-02-00-00", "latency": 80}, {"date": "2022-04-28-02-00-00", "latency": 80}, {"date": "2022-04-28-02-00-00", "latency": 80}, {"date": "2022-04-27-08-00-00", "latency": 161}, {"date": "2022-04-27-08-00-00", "latency": 161}, {"date": "2022-04-28-01-00-00", "latency": 76}, {"date": "2022-04-28-01-00-00", "latency": 76}, {"date": "2022-04-28-01-00-00", "latency": 76}, {"date": "2022-04-28-01-00-00", "latency": 76}]}, {"location": {"country_code": "br"}, "game_id": "295590", "values": [{"date": "2022-04-27-03-00-00", "latency": 21}, {"date": "2022-04-28-02-00-00", "latency": 58}, {"date": "2022-04-27-02-00-00", "latency": 79}, {"date": "2022-04-27-02-00-00", "latency": 79}, {"date": "2022-04-27-02-00-00", "latency": 364}, {"date": "2022-04-27-02-00-00", "latency": 364}, {"date": "2022-04-27-08-00-00", "latency": 42}, {"date": "2022-04-27-16-00-00", "latency": 61}, {"date": "2022-04-27-16-00-00", "latency": 61}, {"date": "2022-04-27-16-00-00", "latency": 61}, {"date": "2022-04-27-20-00-00", "latency": 45}]}, {"location": {"country_code": "br", "region": "Paraiba"}, "game_id": "295590", "values": [{"date": "2022-04-27-04-00-00", "latency": 190}, {"date": "2022-04-27-04-00-00", "latency": 190}, {"date": "2022-04-27-04-00-00", "latency": 190}, {"date": "2022-04-27-04-00-00", "latency": 190}, {"date": "2022-04-27-04-00-00", "latency": 190}, {"date": "2022-04-27-04-00-00", "latency": 190}, {"date": "2022-04-27-04-00-00", "latency": 190}, {"date": "2022-04-27-04-00-00", "latency": 190}, {"date": "2022-04-27-04-00-00", "latency": 190}, {"date": "2022-04-27-04-00-00", "latency": 190}, {"date": "2022-04-27-04-00-00", "latency": 190}, {"date": "2022-04-27-04-00-00", "latency": 190}, {"date": "2022-04-27-04-00-00", "latency": 190}, {"date": "2022-04-27-04-00-00", "latency": 190}, {"date": "2022-04-27-04-00-00", "latency": 190}]}, {"location": {"country_code": "br", "region": "Sao Paulo", "city": "Apiai"}, "game_id": "295590", "values": [{"date": "2022-04-27-03-00-00", "latency": 184}, {"date": "2022-04-28-00-00-00", "latency": 163}]}, {"location": {"country_code": "se"}, "game_id": "295590", "values": [{"date": "2022-04-27-21-00-00", "latency": 56}, {"date": "2022-04-27-21-00-00", "latency": 56}, {"date": "2022-04-27-21-00-00", "latency": 56}, {"date": "2022-04-27-15-00-00", "latency": 102}]}, {"location": {"country_code": "us", "region": "California", "city": "East Los Angeles"}, "game_id": "295590", "values": [{"date": "2022-04-27-09-00-00", "latency": 151}, {"date": "2022-04-27-06-00-00", "latency": 176}]}, {"location": {"country_code": "ca", "region": "British Columbia", "city": "Richmond"}, "game_id": "295590", "values": [{"date": "2022-04-27-12-00-00", "latency": 34}, {"date": "2022-04-27-12-00-00", "latency": 34}, {"date": "2022-04-27-12-00-00", "latency": 34}, {"date": "2022-04-27-10-00-00", "latency": 129}]}, {"location": {"country_code": "ec"}, "game_id": "295590", "values": [{"date": "2022-04-27-05-00-00", "latency": 71}, {"date": "2022-04-27-05-00-00", "latency": 71}]}, {"location": {"country_code": "au", "region": "Western Australia", "city": "Perth"}, "game_id": "295590", "values": [{"date": "2022-04-27-12-00-00", "latency": 192}, {"date": "2022-04-27-15-00-00", "latency": 234}, {"date": "2022-04-27-15-00-00", "latency": 234}, {"date": "2022-04-27-15-00-00", "latency": 234}]}, {"location": {"country_code": "au", "region": "Victoria", "city": "Melbourne"}, "game_id": "295590", "values": [{"date": "2022-04-27-14-00-00", "latency": 49}]}, {"location": {"country_code": "fr", "region": "Alvernia-Rodano-Alpi", "city": "Annecy"}, "game_id": "295590", "values": [{"date": "2022-04-27-17-00-00", "latency": 56}, {"date": "2022-04-27-17-00-00", "latency": 56}]}, {"location": {"country_code": "dk"}, "game_id": "295590", "values": [{"date": "2022-04-27-19-00-00", "latency": 126}]}, {"location": {"country_code": "ca", "region": "Ontario"}, "game_id": "295590", "values": [{"date": "2022-04-27-20-00-00", "latency": 76}]}, {"location": {"country_code": "es"}, "game_id": "295590", "values": [{"date": "2022-04-27-20-00-00", "latency": 231}, {"date": "2022-04-27-20-00-00", "latency": 231}, {"date": "2022-04-27-10-00-00", "latency": 33}]}, {"location": {"country_code": "sa"}, "game_id": "295590", "values": [{"date": "2022-04-27-20-00-00", "latency": 89}, {"date": "2022-04-27-20-00-00", "latency": 89}, {"date": "2022-04-27-20-00-00", "latency": 89}, {"date": "2022-04-27-20-00-00", "latency": 89}, {"date": "2022-04-27-20-00-00", "latency": 89}, {"date": "2022-04-27-20-00-00", "latency": 89}]}, {"location": {"country_code": "ar"}, "game_id": "295590", "values": [{"date": "2022-04-28-01-00-00", "latency": 443}]}, {"location": {"country_code": "ar", "region": "Buenos Aires F.D.", "city": "Bahia Blanca"}, "game_id": "295590", "values": [{"date": "2022-04-28-01-00-00", "latency": 266}, {"date": "2022-04-28-01-00-00", "latency": 266}, {"date": "2022-04-28-01-00-00", "latency": 266}, {"date": "2022-04-28-01-00-00", "latency": 266}, {"date": "2022-04-28-01-00-00", "latency": 266}, {"date": "2022-04-28-01-00-00", "latency": 57}, {"date": "2022-04-28-01-00-00", "latency": 57}, {"date": "2022-04-28-01-00-00", "latency": 57}, {"date": "2022-04-28-01-00-00", "latency": 57}, {"date": "2022-04-27-02-00-00", "latency": 95}]}, {"location": {"country_code": "ar", "region": "Buenos Aires", "city": "Mar del Plata"}, "game_id": "295590", "values": [{"date": "2022-04-27-20-00-00", "latency": 70}, {"date": "2022-04-27-20-00-00", "latency": 70}, {"date": "2022-04-27-20-00-00", "latency": 70}]}, {"location": {"country_code": "jm"}, "game_id": "295590", "values": [{"date": "2022-04-27-20-00-00", "latency": 79}]}, {"location": {"country_code": "us", "region": "Hawaii"}, "game_id": "295590", "values": [{"date": "2022-04-27-03-00-00", "latency": 115}]}, {"location": {"country_code": "ca", "region": "Alberta"}, "game_id": "295590", "values": [{"date": "2022-04-27-05-00-00", "latency": 136}, {"date": "2022-04-27-05-00-00", "latency": 136}]}, {"location": {"country_code": "ru", "region": "Moscow", "city": "Zelenograd"}, "game_id": "295590", "values": [{"date": "2022-04-27-19-00-00", "latency": 132}, {"date": "2022-04-27-19-00-00", "latency": 132}, {"date": "2022-04-27-21-00-00", "latency": 68}]}, {"location": {"country_code": "us", "region": "Virginia"}, "game_id": "295590", "values": [{"date": "2022-04-27-05-00-00", "latency": 51}, {"date": "2022-04-27-05-00-00", "latency": 51}]}, {"location": {"country_code": "us", "region": "South Carolina"}, "game_id": "295590", "values": [{"date": "2022-04-28-00-00-00", "latency": 75}]}, {"location": {"country_code": "us", "region": "New Jersey", "city": "West Orange"}, "game_id": "295590", "values": [{"date": "2022-04-27-20-00-00", "latency": 85}, {"date": "2022-04-27-20-00-00", "latency": 85}, {"date": "2022-04-27-20-00-00", "latency": 85}]}, {"location": {"country_code": "co"}, "game_id": "295590", "values": [{"date": "2022-04-27-18-00-00", "latency": 155}, {"date": "2022-04-27-22-00-00", "latency": 152}, {"date": "2022-04-28-01-00-00", "latency": 112}]}, {"location": {"country_code": "us", "region": "Arizona"}, "game_id": "295590", "values": [{"date": "2022-04-27-04-00-00", "latency": 79}]}, {"location": {"country_code": "us", "region": "Utah"}, "game_id": "295590", "values": [{"date": "2022-04-27-07-00-00", "latency": 55}, {"date": "2022-04-27-07-00-00", "latency": 55}, {"date": "2022-04-27-07-00-00", "latency": 55}, {"date": "2022-04-27-07-00-00", "latency": 55}, {"date": "2022-04-27-07-00-00", "latency": 55}, {"date": "2022-04-27-07-00-00", "latency": 55}, {"date": "2022-04-27-07-00-00", "latency": 55}]}, {"location": {"country_code": "es", "region": "Catalonia", "city": "l'Hospitalet de Llobregat"}, "game_id": "295590", "values": [{"date": "2022-04-27-23-00-00", "latency": 69}, {"date": "2022-04-27-23-00-00", "latency": 69}, {"date": "2022-04-27-23-00-00", "latency": 69}, {"date": "2022-04-27-23-00-00", "latency": 69}, {"date": "2022-04-27-23-00-00", "latency": 69}, {"date": "2022-04-27-23-00-00", "latency": 69}, {"date": "2022-04-27-22-00-00", "latency": 72}]}, {"location": {"country_code": "pl"}, "game_id": "295590", "values": [{"date": "2022-04-27-14-00-00", "latency": 117}]}, {"location": {"country_code": "be"}, "game_id": "295590", "values": [{"date": "2022-04-27-14-00-00", "latency": 243}, {"date": "2022-04-27-22-00-00", "latency": 88}]}, {"location": {"country_code": "us", "region": "North Carolina"}, "game_id": "295590", "values": [{"date": "2022-04-28-00-00-00", "latency": 102}, {"date": "2022-04-28-00-00-00", "latency": 102}, {"date": "2022-04-28-00-00-00", "latency": 102}, {"date": "2022-04-28-00-00-00", "latency": 102}, {"date": "2022-04-28-00-00-00", "latency": 102}, {"date": "2022-04-28-00-00-00", "latency": 102}, {"date": "2022-04-28-02-00-00", "latency": 186}, {"date": "2022-04-27-15-00-00", "latency": 43}]}, {"location": {"country_code": "cr", "region": "Alajuela Province"}, "game_id": "295590", "values": [{"date": "2022-04-27-19-00-00", "latency": 89}, {"date": "2022-04-27-19-00-00", "latency": 89}, {"date": "2022-04-27-19-00-00", "latency": 89}, {"date": "2022-04-27-19-00-00", "latency": 89}]}, {"location": {"country_code": "us", "region": "Georgia"}, "game_id": "295590", "values": [{"date": "2022-04-28-00-00-00", "latency": 67}, {"date": "2022-04-28-00-00-00", "latency": 67}]}, {"location": {"country_code": "pe"}, "game_id": "295590", "values": [{"date": "2022-04-27-04-00-00", "latency": 78}, {"date": "2022-04-27-04-00-00", "latency": 78}, {"date": "2022-04-27-04-00-00", "latency": 78}, {"date": "2022-04-28-02-00-00", "latency": 157}, {"date": "2022-04-28-02-00-00", "latency": 157}, {"date": "2022-04-28-02-00-00", "latency": 157}]}, {"location": {"country_code": "fr", "region": "Occitanie", "city": "Toulouse"}, "game_id": "295590", "values": [{"date": "2022-04-27-07-00-00", "latency": 102}, {"date": "2022-04-27-07-00-00", "latency": 102}, {"date": "2022-04-27-07-00-00", "latency": 102}, {"date": "2022-04-27-07-00-00", "latency": 102}, {"date": "2022-04-27-07-00-00", "latency": 102}]}, {"location": {"country_code": "us", "region": "District of Columbia", "city": "Washington"}, "game_id": "295590", "values": [{"date": "2022-04-27-02-00-00", "latency": 734}]}, {"location": {"country_code": "ca", "region": "Ontario", "city": "Toronto"}, "game_id": "295590", "values": [{"date": "2022-04-27-05-00-00", "latency": 47}, {"date": "2022-04-27-05-00-00", "latency": 47}, {"date": "2022-04-27-23-00-00", "latency": 43}]}, {"location": {"country_code": "se", "region": "Stockholm County", "city": "Stockholm"}, "game_id": "295590", "values": [{"date": "2022-04-28-01-00-00", "latency": 43}]}, {"location": {"country_code": "us", "region": "Illinois"}, "game_id": "295590", "values": [{"date": "2022-04-27-03-00-00", "latency": 42}, {"date": "2022-04-27-03-00-00", "latency": 42}, {"date": "2022-04-27-03-00-00", "latency": 42}, {"date": "2022-04-27-03-00-00", "latency": 42}]}, {"location": {"country_code": "us", "region": "Oklahoma"}, "game_id": "295590", "values": [{"date": "2022-04-27-06-00-00", "latency": 88}, {"date": "2022-04-27-06-00-00", "latency": 88}, {"date": "2022-04-27-06-00-00", "latency": 88}]}, {"location": {"country_code": "ar", "region": "Buenos Aires", "city": "Lujan"}, "game_id": "295590", "values": [{"date": "2022-04-28-00-00-00", "latency": 186}]}, {"location": {"country_code": "br", "region": "Rio Grande do Sul", "city": "Porto Alegre"}, "game_id": "295590", "values": [{"date": "2022-04-27-06-00-00", "latency": 50}]}, {"location": {"country_code": "br", "region": "State of Rio de Janeiro", "city": "Angra dos Reis"}, "game_id": "295590", "values": [{"date": "2022-04-27-08-00-00", "latency": 31}, {"date": "2022-04-27-22-00-00", "latency": 33}, {"date": "2022-04-27-03-00-00", "latency": 40}, {"date": "2022-04-27-03-00-00", "latency": 40}, {"date": "2022-04-27-03-00-00", "latency": 40}, {"date": "2022-04-27-16-00-00", "latency": 44}, {"date": "2022-04-27-10-00-00", "latency": 151}, {"date": "2022-04-27-10-00-00", "latency": 151}, {"date": "2022-04-27-10-00-00", "latency": 151}, {"date": "2022-04-27-10-00-00", "latency": 151}]}, {"location": {"country_code": "us", "region": "New Hampshire"}, "game_id": "295590", "values": [{"date": "2022-04-27-11-00-00", "latency": 45}, {"date": "2022-04-27-11-00-00", "latency": 45}]}, {"location": {"country_code": "uy", "region": "Montevideo Department", "city": "Montevideo"}, "game_id": "295590", "values": [{"date": "2022-04-27-05-00-00", "latency": 56}]}, {"location": {"country_code": "de", "region": "Bavaria", "city": "Nuremberg"}, "game_id": "295590", "values": [{"date": "2022-04-27-22-00-00", "latency": 46}, {"date": "2022-04-27-22-00-00", "latency": 46}]}, {"location": {"country_code": "es", "region": "Andalusia", "city": "Granada"}, "game_id": "295590", "values": [{"date": "2022-04-27-18-00-00", "latency": 74}]}, {"location": {"country_code": "ca", "region": "Alberta", "city": "Edmonton"}, "game_id": "295590", "values": [{"date": "2022-04-27-08-00-00", "latency": 89}]}, {"location": {"country_code": "us", "region": "Massachusetts", "city": "Boston"}, "game_id": "295590", "values": [{"date": "2022-04-27-07-00-00", "latency": 54}]}, {"location": {"country_code": "au", "region": "Queensland", "city": "Gold Coast"}, "game_id": "295590", "values": [{"date": "2022-04-27-12-00-00", "latency": 40}]}, {"location": {"country_code": "br", "region": "Parana"}, "game_id": "295590", "values": [{"date": "2022-04-27-05-00-00", "latency": 69}, {"date": "2022-04-27-05-00-00", "latency": 69}, {"date": "2022-04-27-05-00-00", "latency": 69}, {"date": "2022-04-27-05-00-00", "latency": 69}, {"date": "2022-04-28-02-00-00", "latency": 74}]}, {"location": {"country_code": "kw"}, "game_id": "295590", "values": [{"date": "2022-04-27-21-00-00", "latency": 115}, {"date": "2022-04-27-21-00-00", "latency": 115}, {"date": "2022-04-27-21-00-00", "latency": 115}, {"date": "2022-04-27-21-00-00", "latency": 115}, {"date": "2022-04-27-21-00-00", "latency": 115}, {"date": "2022-04-27-19-00-00", "latency": 124}, {"date": "2022-04-27-19-00-00", "latency": 124}, {"date": "2022-04-27-19-00-00", "latency": 124}, {"date": "2022-04-27-19-00-00", "latency": 124}]}, {"location": {"country_code": "us", "region": "Colorado", "city": "Denver"}, "game_id": "295590", "values": [{"date": "2022-04-27-03-00-00", "latency": 61}, {"date": "2022-04-27-03-00-00", "latency": 61}, {"date": "2022-04-27-03-00-00", "latency": 61}, {"date": "2022-04-27-03-00-00", "latency": 61}]}, {"location": {"country_code": "us", "region": "State of Maine"}, "game_id": "295590", "values": [{"date": "2022-04-28-02-00-00", "latency": 66}, {"date": "2022-04-28-02-00-00", "latency": 66}]}, {"location": {"country_code": "hr"}, "game_id": "295590", "values": [{"date": "2022-04-28-02-00-00", "latency": 201}, {"date": "2022-04-27-23-00-00", "latency": 123}, {"date": "2022-04-27-23-00-00", "latency": 123}, {"date": "2022-04-27-23-00-00", "latency": 123}]}, {"location": {"country_code": "mx", "region": "Jalisco", "city": "Guadalajara"}, "game_id": "295590", "values": [{"date": "2022-04-28-00-00-00", "latency": 303}, {"date": "2022-04-28-00-00-00", "latency": 303}, {"date": "2022-04-28-00-00-00", "latency": 303}, {"date": "2022-04-28-00-00-00", "latency": 303}, {"date": "2022-04-28-00-00-00", "latency": 303}, {"date": "2022-04-28-00-00-00", "latency": 303}, {"date": "2022-04-28-00-00-00", "latency": 303}, {"date": "2022-04-28-00-00-00", "latency": 303}, {"date": "2022-04-28-00-00-00", "latency": 303}]}, {"location": {"country_code": "by"}, "game_id": "295590", "values": [{"date": "2022-04-27-11-00-00", "latency": 46}, {"date": "2022-04-27-11-00-00", "latency": 46}, {"date": "2022-04-27-11-00-00", "latency": 46}, {"date": "2022-04-27-11-00-00", "latency": 46}, {"date": "2022-04-27-11-00-00", "latency": 46}]}, {"location": {"country_code": "de", "region": "Lower Saxony", "city": "Hanover"}, "game_id": "295590", "values": [{"date": "2022-04-27-03-00-00", "latency": 77}]}, {"location": {"country_code": "us", "region": "Texas", "city": "Irving"}, "game_id": "295590", "values": [{"date": "2022-04-27-09-00-00", "latency": 56}, {"date": "2022-04-27-09-00-00", "latency": 56}, {"date": "2022-04-27-09-00-00", "latency": 56}]}, {"location": {"country_code": "hn", "region": "Francisco Morazan Department"}, "game_id": "295590", "values": [{"date": "2022-04-28-02-00-00", "latency": 49}, {"date": "2022-04-28-02-00-00", "latency": 49}]}, {"location": {"country_code": "br", "region": "State of Rio de Janeiro"}, "game_id": "295590", "values": [{"date": "2022-04-27-22-00-00", "latency": 47}]}, {"location": {"country_code": "br", "region": "Alagoas", "city": "Maceio"}, "game_id": "295590", "values": [{"date": "2022-04-28-00-00-00", "latency": 54}]}, {"location": {"country_code": "es", "region": "Madrid"}, "game_id": "295590", "values": [{"date": "2022-04-27-23-00-00", "latency": 56}, {"date": "2022-04-27-23-00-00", "latency": 56}]}, {"location": {"country_code": "bg"}, "game_id": "295590", "values": [{"date": "2022-04-28-01-00-00", "latency": 127}]}, {"location": {"country_code": "co", "region": "Magdalena", "city": "Santa Marta"}, "game_id": "295590", "values": [{"date": "2022-04-27-22-00-00", "latency": 111}, {"date": "2022-04-27-22-00-00", "latency": 111}, {"date": "2022-04-27-22-00-00", "latency": 111}]}, {"location": {"country_code": "us", "region": "Washington", "city": "Everett"}, "game_id": "295590", "values": [{"date": "2022-04-27-10-00-00", "latency": 46}, {"date": "2022-04-27-10-00-00", "latency": 46}, {"date": "2022-04-27-10-00-00", "latency": 46}, {"date": "2022-04-27-10-00-00", "latency": 46}, {"date": "2022-04-27-10-00-00", "latency": 46}, {"date": "2022-04-27-10-00-00", "latency": 46}]}, {"location": {"country_code": "us", "region": "Oregon"}, "game_id": "295590", "values": [{"date": "2022-04-27-14-00-00", "latency": 109}]}, {"location": {"country_code": "es", "region": "Murcia", "city": "Lorca"}, "game_id": "295590", "values": [{"date": "2022-04-27-20-00-00", "latency": 209}]}, {"location": {"country_code": "ec", "region": "Pichincha", "city": "Quito"}, "game_id": "295590", "values": [{"date": "2022-04-27-06-00-00", "latency": 84}]}, {"location": {"country_code": "us", "region": "Arkansas"}, "game_id": "295590", "values": [{"date": "2022-04-28-01-00-00", "latency": 70}, {"date": "2022-04-28-01-00-00", "latency": 70}, {"date": "2022-04-28-01-00-00", "latency": 70}]}, {"location": {"country_code": "gb", "region": "Wales"}, "game_id": "295590", "values": [{"date": "2022-04-27-19-00-00", "latency": 61}, {"date": "2022-04-27-19-00-00", "latency": 61}, {"date": "2022-04-27-19-00-00", "latency": 61}, {"date": "2022-04-27-19-00-00", "latency": 61}]}, {"location": {"country_code": "sa", "region": "Riyadh Region", "city": "Wadi Ad Dawasir"}, "game_id": "295590", "values": [{"date": "2022-04-27-20-00-00", "latency": 124}, {"date": "2022-04-27-20-00-00", "latency": 124}, {"date": "2022-04-27-20-00-00", "latency": 124}, {"date": "2022-04-27-20-00-00", "latency": 124}]}, {"location": {"country_code": "ar", "region": "Buenos Aires", "city": "La Plata"}, "game_id": "295590", "values": [{"date": "2022-04-27-05-00-00", "latency": 175}, {"date": "2022-04-27-05-00-00", "latency": 175}, {"date": "2022-04-27-05-00-00", "latency": 175}, {"date": "2022-04-27-05-00-00", "latency": 175}, {"date": "2022-04-27-05-00-00", "latency": 175}, {"date": "2022-04-27-05-00-00", "latency": 175}, {"date": "2022-04-27-05-00-00", "latency": 175}, {"date": "2022-04-27-05-00-00", "latency": 175}, {"date": "2022-04-27-05-00-00", "latency": 175}, {"date": "2022-04-27-05-00-00", "latency": 175}, {"date": "2022-04-27-05-00-00", "latency": 175}, {"date": "2022-04-27-05-00-00", "latency": 175}, {"date": "2022-04-27-05-00-00", "latency": 175}, {"date": "2022-04-27-05-00-00", "latency": 175}, {"date": "2022-04-27-05-00-00", "latency": 175}]}, {"location": {"country_code": "br", "region": "Amazonas", "city": "Manaus"}, "game_id": "295590", "values": [{"date": "2022-04-27-22-00-00", "latency": 79}, {"date": "2022-04-27-07-00-00", "latency": 93}]}, {"location": {"country_code": "tr", "region": "Ic Anadolu Bolgesi"}, "game_id": "295590", "values": [{"date": "2022-04-27-23-00-00", "latency": 52}, {"date": "2022-04-27-23-00-00", "latency": 52}, {"date": "2022-04-27-23-00-00", "latency": 52}, {"date": "2022-04-27-23-00-00", "latency": 52}, {"date": "2022-04-27-23-00-00", "latency": 52}, {"date": "2022-04-27-23-00-00", "latency": 52}, {"date": "2022-04-27-23-00-00", "latency": 52}, {"date": "2022-04-27-23-00-00", "latency": 52}, {"date": "2022-04-27-23-00-00", "latency": 52}, {"date": "2022-04-27-23-00-00", "latency": 52}]}, {"location": {"country_code": "es", "region": "Valencia", "city": "Elx / Elche"}, "game_id": "295590", "values": [{"date": "2022-04-27-22-00-00", "latency": 109}, {"date": "2022-04-27-22-00-00", "latency": 109}]}, {"location": {"country_code": "de", "region": "Schleswig-Holstein"}, "game_id": "295590", "values": [{"date": "2022-04-27-07-00-00", "latency": 109}, {"date": "2022-04-27-07-00-00", "latency": 109}, {"date": "2022-04-27-07-00-00", "latency": 109}, {"date": "2022-04-27-07-00-00", "latency": 109}, {"date": "2022-04-27-07-00-00", "latency": 109}, {"date": "2022-04-27-07-00-00", "latency": 109}]}, {"location": {"country_code": "ru", "region": "Vladimir Oblast", "city": "Vladimir"}, "game_id": "295590", "values": [{"date": "2022-04-27-19-00-00", "latency": 140}, {"date": "2022-04-27-19-00-00", "latency": 140}, {"date": "2022-04-27-19-00-00", "latency": 140}, {"date": "2022-04-27-19-00-00", "latency": 140}, {"date": "2022-04-27-19-00-00", "latency": 140}, {"date": "2022-04-27-19-00-00", "latency": 140}, {"date": "2022-04-27-19-00-00", "latency": 140}, {"date": "2022-04-27-19-00-00", "latency": 140}, {"date": "2022-04-27-19-00-00", "latency": 140}]}, {"location": {"country_code": "es", "region": "Andalusia", "city": "Marbella"}, "game_id": "295590", "values": [{"date": "2022-04-27-22-00-00", "latency": 86}]}, {"location": {"country_code": "br", "region": "Espirito Santo", "city": "Vila Velha"}, "game_id": "295590", "values": [{"date": "2022-04-28-01-00-00", "latency": 384}]}, {"location": {"country_code": "pl", "region": "Masovian Voivodeship", "city": "Warsaw"}, "game_id": "295590", "values": [{"date": "2022-04-27-22-00-00", "latency": 162}]}, {"location": {"country_code": "tr", "region": "Ege Bolgesi", "city": "Aydin"}, "game_id": "295590", "values": [{"date": "2022-04-28-02-00-00", "latency": 70}]}, {"location": {"country_code": "ru", "region": "Leningrad", "city": "Saint Petersburg"}, "game_id": "295590", "values": [{"date": "2022-04-27-19-00-00", "latency": 49}]}, {"location": {"country_code": "fr", "region": "Brittany Region"}, "game_id": "295590", "values": [{"date": "2022-04-27-22-00-00", "latency": 736}]}, {"location": {"country_code": "sa", "region": "Mecca Region", "city": "Jeddah"}, "game_id": "295590", "values": [{"date": "2022-04-27-22-00-00", "latency": 153}, {"date": "2022-04-27-22-00-00", "latency": 153}, {"date": "2022-04-27-22-00-00", "latency": 153}, {"date": "2022-04-27-22-00-00", "latency": 153}, {"date": "2022-04-27-22-00-00", "latency": 153}, {"date": "2022-04-27-22-00-00", "latency": 153}, {"date": "2022-04-27-22-00-00", "latency": 153}, {"date": "2022-04-27-22-00-00", "latency": 153}, {"date": "2022-04-27-22-00-00", "latency": 153}, {"date": "2022-04-27-22-00-00", "latency": 153}]}, {"location": {"country_code": "br", "region": "Rio Grande do Sul", "city": "Viamao"}, "game_id": "295590", "values": [{"date": "2022-04-28-02-00-00", "latency": 47}, {"date": "2022-04-28-02-00-00", "latency": 47}, {"date": "2022-04-28-02-00-00", "latency": 47}]}, {"location": {"country_code": "br", "region": "Sao Paulo", "city": "Sao Bernardo do Campo"}, "game_id": "295590", "values": [{"date": "2022-04-27-23-00-00", "latency": 103}]}, {"location": {"country_code": "ma"}, "game_id": "295590", "values": [{"date": "2022-04-28-00-00-00", "latency": 83}, {"date": "2022-04-28-02-00-00", "latency": 89}, {"date": "2022-04-28-02-00-00", "latency": 89}, {"date": "2022-04-28-02-00-00", "latency": 89}, {"date": "2022-04-28-02-00-00", "latency": 89}, {"date": "2022-04-28-02-00-00", "latency": 89}, {"date": "2022-04-28-01-00-00", "latency": 101}, {"date": "2022-04-28-01-00-00", "latency": 101}]}, {"location": {"country_code": "ad", "region": "Andorra la Vella", "city": "Andorra la Vella"}, "game_id": "295590", "values": [{"date": "2022-04-27-20-00-00", "latency": 55}, {"date": "2022-04-27-20-00-00", "latency": 55}]}, {"location": {"country_code": "fr", "region": "Aquitania-Limosino-Poitou-Charentes", "city": "La Rochelle"}, "game_id": "295590", "values": [{"date": "2022-04-27-07-00-00", "latency": 100}, {"date": "2022-04-27-07-00-00", "latency": 100}, {"date": "2022-04-27-07-00-00", "latency": 100}, {"date": "2022-04-27-07-00-00", "latency": 100}, {"date": "2022-04-27-07-00-00", "latency": 100}, {"date": "2022-04-27-07-00-00", "latency": 100}]}, {"location": {"country_code": "de", "region": "North Rhine-Westphalia", "city": "Dusseldorf"}, "game_id": "295590", "values": [{"date": "2022-04-27-21-00-00", "latency": 257}]}, {"location": {"country_code": "ec", "region": "Guayas"}, "game_id": "295590", "values": [{"date": "2022-04-27-22-00-00", "latency": 93}, {"date": "2022-04-27-22-00-00", "latency": 93}]}, {"location": {"country_code": "br", "region": "Sao Paulo", "city": "Peruibe"}, "game_id": "295590", "values": [{"date": "2022-04-27-19-00-00", "latency": 156}, {"date": "2022-04-27-19-00-00", "latency": 156}, {"date": "2022-04-27-19-00-00", "latency": 156}, {"date": "2022-04-27-19-00-00", "latency": 156}, {"date": "2022-04-27-19-00-00", "latency": 156}]}, {"location": {"country_code": "ar", "region": "Mendoza Province"}, "game_id": "295590", "values": [{"date": "2022-04-28-02-00-00", "latency": 57}, {"date": "2022-04-28-02-00-00", "latency": 57}]}, {"location": {"country_code": "us", "region": "Texas", "city": "McAllen"}, "game_id": "295590", "values": [{"date": "2022-04-27-06-00-00", "latency": 79}]}, {"location": {"country_code": "br", "region": "State of Rio de Janeiro", "city": "Campos dos Goytacazes"}, "game_id": "295590", "values": [{"date": "2022-04-27-05-00-00", "latency": 313}, {"date": "2022-04-27-05-00-00", "latency": 313}]}, {"location": {"country_code": "mx", "region": "Nayarit", "city": "Tepic"}, "game_id": "295590", "values": [{"date": "2022-04-27-06-00-00", "latency": 95}]}, {"location": {"country_code": "br", "region": "Rio Grande do Norte"}, "game_id": "295590", "values": [{"date": "2022-04-28-02-00-00", "latency": 184}, {"date": "2022-04-28-02-00-00", "latency": 184}, {"date": "2022-04-28-02-00-00", "latency": 184}, {"date": "2022-04-28-02-00-00", "latency": 184}]}, {"location": {"country_code": "fr", "region": "Provence-Alpes-Cote d'Azur Region", "city": "Toulon"}, "game_id": "295590", "values": [{"date": "2022-04-27-18-00-00", "latency": 50}, {"date": "2022-04-27-18-00-00", "latency": 50}]}, {"location": {"country_code": "de", "region": "Lower Saxony", "city": "Oldenburg"}, "game_id": "295590", "values": [{"date": "2022-04-27-15-00-00", "latency": 91}, {"date": "2022-04-27-15-00-00", "latency": 91}]}, {"location": {"country_code": "nl", "region": "Utrecht", "city": "Utrecht"}, "game_id": "295590", "values": [{"date": "2022-04-27-16-00-00", "latency": 303}, {"date": "2022-04-27-16-00-00", "latency": 303}, {"date": "2022-04-27-16-00-00", "latency": 303}]}, {"location": {"country_code": "ph", "region": "National Capital Region", "city": "Muntinlupa"}, "game_id": "295590", "values": [{"date": "2022-04-27-16-00-00", "latency": 46}]}, {"location": {"country_code": "eg", "region": "Cairo Governorate", "city": "15 de Maio, , "}, "game_id": "295590", "values": [{"date": "2022-04-27-18-00-00", "latency": 93}, {"date": "2022-04-27-18-00-00", "latency": 93}, {"date": "2022-04-27-18-00-00", "latency": 93}]}, {"location": {"country_code": "co", "region": "Atlantico", "city": "Barranquilla"}, "game_id": "295590", "values": [{"date": "2022-04-27-06-00-00", "latency": 463}]}, {"location": {"country_code": "br", "region": "Pernambuco", "city": "Sao Lourenco da Mata"}, "game_id": "295590", "values": [{"date": "2022-04-28-02-00-00", "latency": 65}]}, {"location": {"country_code": "gl"}, "game_id": "295590", "values": [{"date": "2022-04-28-00-00-00", "latency": 102}]}, {"location": {"country_code": "de", "region": "Hesse", "city": "Wiesbaden"}, "game_id": "295590", "values": [{"date": "2022-04-27-19-00-00", "latency": 94}]}, {"location": {"country_code": "co", "region": "Bolivar", "city": "Cartagena"}, "game_id": "295590", "values": [{"date": "2022-04-27-04-00-00", "latency": 189}]}, {"location": {"country_code": "it", "region": "Apulia"}, "game_id": "295590", "values": [{"date": "2022-04-27-22-00-00", "latency": 155}, {"date": "2022-04-27-22-00-00", "latency": 155}, {"date": "2022-04-27-22-00-00", "latency": 155}]}, {"location": {"country_code": "fi", "region": "Paijat-Hame", "city": "Lahti"}, "game_id": "295590", "values": [{"date": "2022-04-27-09-00-00", "latency": 443}]}, {"location": {"country_code": "de", "region": "Hesse", "city": "Darmstadt"}, "game_id": "295590", "values": [{"date": "2022-04-27-13-00-00", "latency": 297}]}, {"location": {"country_code": "it", "region": "Aosta Valley"}, "game_id": "295590", "values": [{"date": "2022-04-27-23-00-00", "latency": 45}, {"date": "2022-04-27-23-00-00", "latency": 45}, {"date": "2022-04-27-23-00-00", "latency": 45}]}, {"location": {"country_code": "us", "region": "U.S. Virgin Islands"}, "game_id": "295590", "values": [{"date": "2022-04-27-20-00-00", "latency": 62}]}, {"location": {"country_code": "br", "region": "Paraiba", "city": "Bonito de Santa Fe"}, "game_id": "295590", "values": [{"date": "2022-04-27-21-00-00", "latency": 119}, {"date": "2022-04-27-21-00-00", "latency": 119}, {"date": "2022-04-27-21-00-00", "latency": 119}, {"date": "2022-04-27-21-00-00", "latency": 119}, {"date": "2022-04-27-21-00-00", "latency": 119}]}, {"location": {"country_code": "fr", "region": "Ile-de-France Region", "city": "Cergy"}, "game_id": "295590", "values": [{"date": "2022-04-28-00-00-00", "latency": 41}]}, {"location": {"country_code": "br", "region": "State of Rio de Janeiro", "city": "Tangua"}, "game_id": "295590", "values": [{"date": "2022-04-27-06-00-00", "latency": 154}]}, {"location": {"country_code": "ro", "region": "Dolj County", "city": "Craiova"}, "game_id": "295590", "values": [{"date": "2022-04-27-09-00-00", "latency": 674}, {"date": "2022-04-27-09-00-00", "latency": 674}, {"date": "2022-04-27-09-00-00", "latency": 674}, {"date": "2022-04-27-09-00-00", "latency": 674}, {"date": "2022-04-27-09-00-00", "latency": 674}]}, {"location": {"country_code": "fr", "region": "Alsazia-Champagne-Ardenne-Lorena", "city": "Fismes"}, "game_id": "295590", "values": [{"date": "2022-04-28-01-00-00", "latency": 100}, {"date": "2022-04-28-01-00-00", "latency": 100}, {"date": "2022-04-28-01-00-00", "latency": 100}, {"date": "2022-04-28-01-00-00", "latency": 100}, {"date": "2022-04-28-01-00-00", "latency": 100}]}, {"location": {"country_code": "ch", "region": "Canton of Bern", "city": "Wiedlisbach"}, "game_id": "295590", "values": [{"date": "2022-04-27-21-00-00", "latency": 61}, {"date": "2022-04-27-21-00-00", "latency": 61}, {"date": "2022-04-27-21-00-00", "latency": 61}, {"date": "2022-04-27-21-00-00", "latency": 61}, {"date": "2022-04-27-21-00-00", "latency": 61}]}, {"location": {"country_code": "gl", "region": "Qeqqata Kommunia"}, "game_id": "295590", "values": [{"date": "2022-04-28-01-00-00", "latency": 125}, {"date": "2022-04-28-01-00-00", "latency": 125}, {"date": "2022-04-28-01-00-00", "latency": 125}]}, {"location": {"country_code": "br", "region": "Sao Paulo", "city": "Borborema"}, "game_id": "295590", "values": [{"date": "2022-04-27-17-00-00", "latency": 214}]}, {"location": {"country_code": "fr", "region": "Alsazia-Champagne-Ardenne-Lorena", "city": "Jarny"}, "game_id": "295590", "values": [{"date": "2022-04-27-22-00-00", "latency": 52}, {"date": "2022-04-27-22-00-00", "latency": 52}]}, {"location": {"country_code": "fr", "region": "Alvernia-Rodano-Alpi", "city": "Fontaines-sur-Saone"}, "game_id": "295590", "values": [{"date": "2022-04-27-23-00-00", "latency": 57}]}, {"location": {"country_code": "mz", "region": "Inhambane"}, "game_id": "295590", "values": [{"date": "2022-04-27-17-00-00", "latency": 44}, {"date": "2022-04-27-17-00-00", "latency": 44}, {"date": "2022-04-27-17-00-00", "latency": 44}, {"date": "2022-04-27-17-00-00", "latency": 44}]}, {"location": {"country_code": "it", "region": "Apulia", "city": "San Marco in Lamis"}, "game_id": "295590", "values": [{"date": "2022-04-27-23-00-00", "latency": 65}, {"date": "2022-04-27-23-00-00", "latency": 65}]}], "last_updated": 1719927543.451423}