{"data": [{"location": {"country_code": "us"}, "game_id": "295590", "values": [{"date": "2022-04-19-04-00-00", "latency": 70}, {"date": "2022-04-19-03-00-00", "latency": 46}, {"date": "2022-04-19-17-00-00", "latency": 36}, {"date": "2022-04-19-20-00-00", "latency": 117}, {"date": "2022-04-19-20-00-00", "latency": 117}, {"date": "2022-04-19-02-00-00", "latency": 573}]}, {"location": {"country_code": "us", "region": "Pennsylvania"}, "game_id": "295590", "values": [{"date": "2022-04-19-13-00-00", "latency": 118}, {"date": "2022-04-19-13-00-00", "latency": 118}, {"date": "2022-04-19-13-00-00", "latency": 118}, {"date": "2022-04-19-13-00-00", "latency": 118}, {"date": "2022-04-19-13-00-00", "latency": 118}, {"date": "2022-04-19-13-00-00", "latency": 118}, {"date": "2022-04-19-13-00-00", "latency": 118}, {"date": "2022-04-19-13-00-00", "latency": 118}, {"date": "2022-04-19-13-00-00", "latency": 118}, {"date": "2022-04-19-13-00-00", "latency": 118}, {"date": "2022-04-19-13-00-00", "latency": 118}]}, {"location": {"country_code": "de", "region": "Berlin", "city": "Berlin"}, "game_id": "295590", "values": [{"date": "2022-04-19-15-00-00", "latency": 44}, {"date": "2022-04-19-15-00-00", "latency": 44}, {"date": "2022-04-19-15-00-00", "latency": 44}, {"date": "2022-04-19-15-00-00", "latency": 44}, {"date": "2022-04-19-21-00-00", "latency": 31}, {"date": "2022-04-19-21-00-00", "latency": 31}, {"date": "2022-04-19-21-00-00", "latency": 31}, {"date": "2022-04-19-21-00-00", "latency": 31}, {"date": "2022-04-19-21-00-00", "latency": 31}, {"date": "2022-04-19-21-00-00", "latency": 31}, {"date": "2022-04-19-21-00-00", "latency": 31}]}, {"location": {"country_code": "eg"}, "game_id": "295590", "values": [{"date": "2022-04-19-17-00-00", "latency": 146}, {"date": "2022-04-19-17-00-00", "latency": 146}]}, {"location": {"country_code": "us", "region": "New York", "city": "Jamestown"}, "game_id": "295590", "values": [{"date": "2022-04-19-19-00-00", "latency": 82}, {"date": "2022-04-19-19-00-00", "latency": 82}, {"date": "2022-04-19-19-00-00", "latency": 82}, {"date": "2022-04-19-19-00-00", "latency": 82}, {"date": "2022-04-19-19-00-00", "latency": 82}, {"date": "2022-04-19-19-00-00", "latency": 82}, {"date": "2022-04-19-23-00-00", "latency": 66}, {"date": "2022-04-19-22-00-00", "latency": 59}, {"date": "2022-04-19-22-00-00", "latency": 59}]}, {"location": {"country_code": "gb"}, "game_id": "295590", "values": [{"date": "2022-04-19-20-00-00", "latency": 51}, {"date": "2022-04-19-17-00-00", "latency": 38}, {"date": "2022-04-19-12-00-00", "latency": 54}, {"date": "2022-04-19-12-00-00", "latency": 54}, {"date": "2022-04-19-05-00-00", "latency": 48}]}, {"location": {"country_code": "gr"}, "game_id": "295590", "values": [{"date": "2022-04-19-21-00-00", "latency": 164}, {"date": "2022-04-19-21-00-00", "latency": 164}, {"date": "2022-04-19-21-00-00", "latency": 164}, {"date": "2022-04-19-21-00-00", "latency": 164}, {"date": "2022-04-19-21-00-00", "latency": 164}]}, {"location": {"country_code": "nl"}, "game_id": "295590", "values": [{"date": "2022-04-19-22-00-00", "latency": 57}]}, {"location": {"country_code": "cz"}, "game_id": "295590", "values": [{"date": "2022-04-19-21-00-00", "latency": 44}]}, {"location": {"country_code": "ro"}, "game_id": "295590", "values": [{"date": "2022-04-19-21-00-00", "latency": 701}]}, {"location": {"country_code": "jp"}, "game_id": "295590", "values": [{"date": "2022-04-19-15-00-00", "latency": 42}, {"date": "2022-04-19-13-00-00", "latency": 101}]}, {"location": {"country_code": "jp", "region": "Tokyo"}, "game_id": "295590", "values": [{"date": "2022-04-19-17-00-00", "latency": 37}, {"date": "2022-04-19-17-00-00", "latency": 37}, {"date": "2022-04-19-15-00-00", "latency": 63}]}, {"location": {"country_code": "ca"}, "game_id": "295590", "values": [{"date": "2022-04-19-19-00-00", "latency": 131}, {"date": "2022-04-19-19-00-00", "latency": 131}, {"date": "2022-04-19-05-00-00", "latency": 75}, {"date": "2022-04-19-06-00-00", "latency": 148}, {"date": "2022-04-19-06-00-00", "latency": 148}, {"date": "2022-04-19-06-00-00", "latency": 148}, {"date": "2022-04-20-00-00-00", "latency": 101}]}, {"location": {"country_code": "de"}, "game_id": "295590", "values": [{"date": "2022-04-19-23-00-00", "latency": 44}, {"date": "2022-04-19-23-00-00", "latency": 39}, {"date": "2022-04-19-23-00-00", "latency": 39}, {"date": "2022-04-19-23-00-00", "latency": 39}, {"date": "2022-04-19-23-00-00", "latency": 39}, {"date": "2022-04-19-19-00-00", "latency": 43}, {"date": "2022-04-20-01-00-00", "latency": 131}, {"date": "2022-04-20-01-00-00", "latency": 131}, {"date": "2022-04-20-01-00-00", "latency": 131}, {"date": "2022-04-20-01-00-00", "latency": 131}, {"date": "2022-04-20-01-00-00", "latency": 131}, {"date": "2022-04-19-21-00-00", "latency": 89}, {"date": "2022-04-19-21-00-00", "latency": 89}, {"date": "2022-04-19-21-00-00", "latency": 89}, {"date": "2022-04-19-21-00-00", "latency": 89}, {"date": "2022-04-19-21-00-00", "latency": 89}, {"date": "2022-04-19-21-00-00", "latency": 36}, {"date": "2022-04-19-22-00-00", "latency": 45}]}, {"location": {"country_code": "us", "region": "Indiana"}, "game_id": "295590", "values": [{"date": "2022-04-20-02-00-00", "latency": 66}]}, {"location": {"country_code": "gb", "region": "England"}, "game_id": "295590", "values": [{"date": "2022-04-19-23-00-00", "latency": 60}, {"date": "2022-04-19-23-00-00", "latency": 60}, {"date": "2022-04-19-23-00-00", "latency": 60}, {"date": "2022-04-19-18-00-00", "latency": 51}]}, {"location": {"country_code": "cl"}, "game_id": "295590", "values": [{"date": "2022-04-19-06-00-00", "latency": 73}, {"date": "2022-04-19-06-00-00", "latency": 73}, {"date": "2022-04-19-06-00-00", "latency": 73}, {"date": "2022-04-19-06-00-00", "latency": 73}, {"date": "2022-04-19-06-00-00", "latency": 73}, {"date": "2022-04-19-02-00-00", "latency": 53}]}, {"location": {"country_code": "us", "region": "Texas"}, "game_id": "295590", "values": [{"date": "2022-04-19-04-00-00", "latency": 55}]}, {"location": {"country_code": "us", "region": "Florida"}, "game_id": "295590", "values": [{"date": "2022-04-19-18-00-00", "latency": 71}]}, {"location": {"country_code": "us", "region": "Wisconsin"}, "game_id": "295590", "values": [{"date": "2022-04-19-07-00-00", "latency": 101}, {"date": "2022-04-19-07-00-00", "latency": 101}, {"date": "2022-04-19-07-00-00", "latency": 101}, {"date": "2022-04-19-07-00-00", "latency": 101}, {"date": "2022-04-19-07-00-00", "latency": 101}]}, {"location": {"country_code": "us", "region": "Kansas"}, "game_id": "295590", "values": [{"date": "2022-04-19-07-00-00", "latency": 65}, {"date": "2022-04-19-07-00-00", "latency": 65}, {"date": "2022-04-19-07-00-00", "latency": 65}, {"date": "2022-04-19-07-00-00", "latency": 65}, {"date": "2022-04-19-07-00-00", "latency": 65}]}, {"location": {"country_code": "fr"}, "game_id": "295590", "values": [{"date": "2022-04-20-01-00-00", "latency": 41}, {"date": "2022-04-20-01-00-00", "latency": 41}, {"date": "2022-04-19-17-00-00", "latency": 45}, {"date": "2022-04-19-10-00-00", "latency": 101}, {"date": "2022-04-19-10-00-00", "latency": 101}]}, {"location": {"country_code": "us", "region": "New Jersey"}, "game_id": "295590", "values": [{"date": "2022-04-20-00-00-00", "latency": 373}]}, {"location": {"country_code": "mx"}, "game_id": "295590", "values": [{"date": "2022-04-19-07-00-00", "latency": 125}, {"date": "2022-04-19-07-00-00", "latency": 125}, {"date": "2022-04-19-07-00-00", "latency": 125}, {"date": "2022-04-19-07-00-00", "latency": 125}, {"date": "2022-04-19-07-00-00", "latency": 125}, {"date": "2022-04-19-07-00-00", "latency": 125}, {"date": "2022-04-19-07-00-00", "latency": 125}, {"date": "2022-04-19-07-00-00", "latency": 125}, {"date": "2022-04-19-07-00-00", "latency": 125}, {"date": "2022-04-19-07-00-00", "latency": 125}, {"date": "2022-04-19-07-00-00", "latency": 125}, {"date": "2022-04-19-07-00-00", "latency": 125}, {"date": "2022-04-19-07-00-00", "latency": 125}, {"date": "2022-04-19-07-00-00", "latency": 125}, {"date": "2022-04-19-07-00-00", "latency": 125}, {"date": "2022-04-19-07-00-00", "latency": 125}, {"date": "2022-04-19-07-00-00", "latency": 125}]}, {"location": {"country_code": "mx", "region": "Mexico City"}, "game_id": "295590", "values": [{"date": "2022-04-19-06-00-00", "latency": 574}]}, {"location": {"country_code": "us", "region": "Ohio"}, "game_id": "295590", "values": [{"date": "2022-04-19-06-00-00", "latency": 414}]}, {"location": {"country_code": "us", "region": "California"}, "game_id": "295590", "values": [{"date": "2022-04-19-21-00-00", "latency": 71}]}, {"location": {"country_code": "br"}, "game_id": "295590", "values": [{"date": "2022-04-19-12-00-00", "latency": 35}, {"date": "2022-04-19-12-00-00", "latency": 35}, {"date": "2022-04-19-03-00-00", "latency": 59}, {"date": "2022-04-19-03-00-00", "latency": 59}, {"date": "2022-04-20-01-00-00", "latency": 39}, {"date": "2022-04-20-01-00-00", "latency": 39}, {"date": "2022-04-20-01-00-00", "latency": 39}, {"date": "2022-04-20-01-00-00", "latency": 39}, {"date": "2022-04-19-23-00-00", "latency": 56}, {"date": "2022-04-19-03-00-00", "latency": 49}, {"date": "2022-04-19-03-00-00", "latency": 49}, {"date": "2022-04-20-02-00-00", "latency": 149}, {"date": "2022-04-20-02-00-00", "latency": 149}, {"date": "2022-04-20-02-00-00", "latency": 149}, {"date": "2022-04-20-02-00-00", "latency": 149}, {"date": "2022-04-20-02-00-00", "latency": 149}, {"date": "2022-04-20-00-00-00", "latency": 49}, {"date": "2022-04-20-01-00-00", "latency": 42}, {"date": "2022-04-20-01-00-00", "latency": 42}, {"date": "2022-04-20-01-00-00", "latency": 42}, {"date": "2022-04-20-01-00-00", "latency": 42}, {"date": "2022-04-20-01-00-00", "latency": 42}, {"date": "2022-04-20-01-00-00", "latency": 42}, {"date": "2022-04-20-01-00-00", "latency": 42}, {"date": "2022-04-20-01-00-00", "latency": 42}, {"date": "2022-04-20-01-00-00", "latency": 42}, {"date": "2022-04-20-01-00-00", "latency": 42}, {"date": "2022-04-20-01-00-00", "latency": 42}, {"date": "2022-04-20-01-00-00", "latency": 42}, {"date": "2022-04-20-01-00-00", "latency": 42}, {"date": "2022-04-20-01-00-00", "latency": 42}]}, {"location": {"country_code": "br", "region": "Sao Paulo", "city": "Apiai"}, "game_id": "295590", "values": [{"date": "2022-04-19-23-00-00", "latency": 73}, {"date": "2022-04-19-23-00-00", "latency": 73}, {"date": "2022-04-20-01-00-00", "latency": 29}, {"date": "2022-04-19-21-00-00", "latency": 63}]}, {"location": {"country_code": "br", "region": "Santa Catarina"}, "game_id": "295590", "values": [{"date": "2022-04-19-02-00-00", "latency": 38}]}, {"location": {"country_code": "se"}, "game_id": "295590", "values": [{"date": "2022-04-19-21-00-00", "latency": 65}]}, {"location": {"country_code": "se", "region": "Stockholm County", "city": "Stockholm"}, "game_id": "295590", "values": [{"date": "2022-04-19-15-00-00", "latency": 36}, {"date": "2022-04-19-15-00-00", "latency": 36}]}, {"location": {"country_code": "us", "region": "California", "city": "East Los Angeles"}, "game_id": "295590", "values": [{"date": "2022-04-19-11-00-00", "latency": 75}, {"date": "2022-04-20-01-00-00", "latency": 34}, {"date": "2022-04-20-01-00-00", "latency": 34}]}, {"location": {"country_code": "us", "region": "Ohio", "city": "Cincinnati"}, "game_id": "295590", "values": [{"date": "2022-04-19-04-00-00", "latency": 74}]}, {"location": {"country_code": "au"}, "game_id": "295590", "values": [{"date": "2022-04-19-14-00-00", "latency": 40}, {"date": "2022-04-19-15-00-00", "latency": 155}, {"date": "2022-04-19-15-00-00", "latency": 155}, {"date": "2022-04-19-15-00-00", "latency": 155}, {"date": "2022-04-19-15-00-00", "latency": 155}, {"date": "2022-04-19-15-00-00", "latency": 155}, {"date": "2022-04-19-15-00-00", "latency": 155}]}, {"location": {"country_code": "au", "region": "Victoria", "city": "Melbourne"}, "game_id": "295590", "values": [{"date": "2022-04-19-22-00-00", "latency": 88}, {"date": "2022-04-19-18-00-00", "latency": 44}]}, {"location": {"country_code": "dk"}, "game_id": "295590", "values": [{"date": "2022-04-19-17-00-00", "latency": 300}]}, {"location": {"country_code": "tr"}, "game_id": "295590", "values": [{"date": "2022-04-19-20-00-00", "latency": 80}, {"date": "2022-04-19-20-00-00", "latency": 80}, {"date": "2022-04-19-20-00-00", "latency": 80}, {"date": "2022-04-19-20-00-00", "latency": 80}]}, {"location": {"country_code": "de", "region": "Hesse"}, "game_id": "295590", "values": [{"date": "2022-04-19-20-00-00", "latency": 32}, {"date": "2022-04-19-20-00-00", "latency": 32}, {"date": "2022-04-19-20-00-00", "latency": 32}, {"date": "2022-04-19-20-00-00", "latency": 32}, {"date": "2022-04-19-20-00-00", "latency": 32}, {"date": "2022-04-19-20-00-00", "latency": 32}]}, {"location": {"country_code": "pl", "region": "Greater Poland Voivodeship"}, "game_id": "295590", "values": [{"date": "2022-04-19-14-00-00", "latency": 96}]}, {"location": {"country_code": "ca", "region": "Ontario"}, "game_id": "295590", "values": [{"date": "2022-04-19-03-00-00", "latency": 57}, {"date": "2022-04-19-03-00-00", "latency": 57}, {"date": "2022-04-19-03-00-00", "latency": 57}, {"date": "2022-04-19-03-00-00", "latency": 57}]}, {"location": {"country_code": "ar"}, "game_id": "295590", "values": [{"date": "2022-04-19-09-00-00", "latency": 73}, {"date": "2022-04-19-08-00-00", "latency": 84}, {"date": "2022-04-19-08-00-00", "latency": 84}, {"date": "2022-04-19-11-00-00", "latency": 138}]}, {"location": {"country_code": "ar", "region": "Buenos Aires F.D.", "city": "Bahia Blanca"}, "game_id": "295590", "values": [{"date": "2022-04-19-03-00-00", "latency": 143}, {"date": "2022-04-19-03-00-00", "latency": 143}]}, {"location": {"country_code": "fi"}, "game_id": "295590", "values": [{"date": "2022-04-20-00-00-00", "latency": 51}, {"date": "2022-04-19-19-00-00", "latency": 120}, {"date": "2022-04-19-19-00-00", "latency": 120}, {"date": "2022-04-19-19-00-00", "latency": 120}, {"date": "2022-04-19-19-00-00", "latency": 120}]}, {"location": {"country_code": "us", "region": "Hawaii"}, "game_id": "295590", "values": [{"date": "2022-04-19-21-00-00", "latency": 84}, {"date": "2022-04-19-21-00-00", "latency": 84}, {"date": "2022-04-19-21-00-00", "latency": 84}, {"date": "2022-04-19-21-00-00", "latency": 84}, {"date": "2022-04-19-21-00-00", "latency": 84}]}, {"location": {"country_code": "us", "region": "Missouri"}, "game_id": "295590", "values": [{"date": "2022-04-19-10-00-00", "latency": 79}, {"date": "2022-04-19-10-00-00", "latency": 79}]}, {"location": {"country_code": "au", "region": "South Australia", "city": "Adelaide"}, "game_id": "295590", "values": [{"date": "2022-04-19-14-00-00", "latency": 354}]}, {"location": {"country_code": "us", "region": "Michigan"}, "game_id": "295590", "values": [{"date": "2022-04-19-13-00-00", "latency": 165}]}, {"location": {"country_code": "it", "region": "Emilia-Romagna"}, "game_id": "295590", "values": [{"date": "2022-04-19-16-00-00", "latency": 35}]}, {"location": {"country_code": "co"}, "game_id": "295590", "values": [{"date": "2022-04-19-02-00-00", "latency": 202}]}, {"location": {"country_code": "br", "region": "Estado de Bahia", "city": "Salvador"}, "game_id": "295590", "values": [{"date": "2022-04-20-02-00-00", "latency": 52}, {"date": "2022-04-20-02-00-00", "latency": 52}, {"date": "2022-04-20-02-00-00", "latency": 52}, {"date": "2022-04-19-21-00-00", "latency": 217}]}, {"location": {"country_code": "es", "region": "Catalonia", "city": "l'Hospitalet de Llobregat"}, "game_id": "295590", "values": [{"date": "2022-04-19-18-00-00", "latency": 57}, {"date": "2022-04-19-18-00-00", "latency": 57}, {"date": "2022-04-19-18-00-00", "latency": 57}, {"date": "2022-04-19-18-00-00", "latency": 57}, {"date": "2022-04-19-18-00-00", "latency": 57}]}, {"location": {"country_code": "pl"}, "game_id": "295590", "values": [{"date": "2022-04-19-03-00-00", "latency": 226}]}, {"location": {"country_code": "cr"}, "game_id": "295590", "values": [{"date": "2022-04-19-05-00-00", "latency": 89}]}, {"location": {"country_code": "gb", "region": "England", "city": "London"}, "game_id": "295590", "values": [{"date": "2022-04-19-23-00-00", "latency": 89}, {"date": "2022-04-19-17-00-00", "latency": 79}, {"date": "2022-04-19-17-00-00", "latency": 79}, {"date": "2022-04-19-17-00-00", "latency": 79}, {"date": "2022-04-19-17-00-00", "latency": 79}, {"date": "2022-04-19-17-00-00", "latency": 79}, {"date": "2022-04-19-17-00-00", "latency": 79}, {"date": "2022-04-19-17-00-00", "latency": 79}, {"date": "2022-04-19-17-00-00", "latency": 79}, {"date": "2022-04-19-17-00-00", "latency": 79}, {"date": "2022-04-19-17-00-00", "latency": 79}, {"date": "2022-04-19-17-00-00", "latency": 79}, {"date": "2022-04-19-17-00-00", "latency": 79}, {"date": "2022-04-19-17-00-00", "latency": 79}, {"date": "2022-04-19-17-00-00", "latency": 79}, {"date": "2022-04-19-17-00-00", "latency": 79}, {"date": "2022-04-19-17-00-00", "latency": 79}, {"date": "2022-04-19-17-00-00", "latency": 79}, {"date": "2022-04-19-17-00-00", "latency": 79}, {"date": "2022-04-19-17-00-00", "latency": 79}, {"date": "2022-04-19-17-00-00", "latency": 79}, {"date": "2022-04-19-17-00-00", "latency": 79}, {"date": "2022-04-19-17-00-00", "latency": 79}, {"date": "2022-04-19-17-00-00", "latency": 79}, {"date": "2022-04-19-17-00-00", "latency": 79}, {"date": "2022-04-19-17-00-00", "latency": 79}]}, {"location": {"country_code": "pe"}, "game_id": "295590", "values": [{"date": "2022-04-19-03-00-00", "latency": 99}, {"date": "2022-04-19-03-00-00", "latency": 99}, {"date": "2022-04-19-03-00-00", "latency": 99}, {"date": "2022-04-20-01-00-00", "latency": 103}, {"date": "2022-04-20-01-00-00", "latency": 103}, {"date": "2022-04-20-01-00-00", "latency": 103}, {"date": "2022-04-20-01-00-00", "latency": 103}, {"date": "2022-04-20-01-00-00", "latency": 103}, {"date": "2022-04-20-01-00-00", "latency": 103}, {"date": "2022-04-19-03-00-00", "latency": 98}, {"date": "2022-04-19-03-00-00", "latency": 98}, {"date": "2022-04-19-03-00-00", "latency": 98}]}, {"location": {"country_code": "tr", "region": "Marmara Bolgesi", "city": "Istanbul"}, "game_id": "295590", "values": [{"date": "2022-04-19-14-00-00", "latency": 84}, {"date": "2022-04-19-18-00-00", "latency": 41}]}, {"location": {"country_code": "us", "region": "District of Columbia", "city": "Washington"}, "game_id": "295590", "values": [{"date": "2022-04-19-09-00-00", "latency": 394}, {"date": "2022-04-19-09-00-00", "latency": 394}]}, {"location": {"country_code": "ca", "region": "Ontario", "city": "Toronto"}, "game_id": "295590", "values": [{"date": "2022-04-19-04-00-00", "latency": 66}, {"date": "2022-04-19-03-00-00", "latency": 75}, {"date": "2022-04-19-03-00-00", "latency": 75}, {"date": "2022-04-19-03-00-00", "latency": 75}, {"date": "2022-04-19-03-00-00", "latency": 75}, {"date": "2022-04-19-03-00-00", "latency": 75}, {"date": "2022-04-19-03-00-00", "latency": 75}, {"date": "2022-04-19-03-00-00", "latency": 75}, {"date": "2022-04-19-04-00-00", "latency": 71}, {"date": "2022-04-19-06-00-00", "latency": 74}]}, {"location": {"country_code": "do"}, "game_id": "295590", "values": [{"date": "2022-04-19-04-00-00", "latency": 67}, {"date": "2022-04-19-04-00-00", "latency": 67}, {"date": "2022-04-19-04-00-00", "latency": 67}]}, {"location": {"country_code": "ru"}, "game_id": "295590", "values": [{"date": "2022-04-19-22-00-00", "latency": 118}, {"date": "2022-04-19-22-00-00", "latency": 118}, {"date": "2022-04-19-22-00-00", "latency": 118}]}, {"location": {"country_code": "br", "region": "Santa Catarina", "city": "Palhoca"}, "game_id": "295590", "values": [{"date": "2022-04-19-02-00-00", "latency": 54}, {"date": "2022-04-20-02-00-00", "latency": 250}]}, {"location": {"country_code": "br", "region": "Pernambuco", "city": "Pombos"}, "game_id": "295590", "values": [{"date": "2022-04-19-03-00-00", "latency": 97}, {"date": "2022-04-19-03-00-00", "latency": 97}, {"date": "2022-04-19-03-00-00", "latency": 97}]}, {"location": {"country_code": "us", "region": "Oklahoma"}, "game_id": "295590", "values": [{"date": "2022-04-20-01-00-00", "latency": 79}]}, {"location": {"country_code": "pt"}, "game_id": "295590", "values": [{"date": "2022-04-19-17-00-00", "latency": 81}]}, {"location": {"country_code": "us", "region": "Colorado"}, "game_id": "295590", "values": [{"date": "2022-04-19-06-00-00", "latency": 50}]}, {"location": {"country_code": "tr", "region": "Marmara Bolgesi", "city": "Bursa"}, "game_id": "295590", "values": [{"date": "2022-04-19-21-00-00", "latency": 62}, {"date": "2022-04-19-21-00-00", "latency": 62}, {"date": "2022-04-19-21-00-00", "latency": 62}, {"date": "2022-04-19-21-00-00", "latency": 62}]}, {"location": {"country_code": "br", "region": "State of Rio de Janeiro", "city": "Angra dos Reis"}, "game_id": "295590", "values": [{"date": "2022-04-20-00-00-00", "latency": 146}, {"date": "2022-04-19-06-00-00", "latency": 167}, {"date": "2022-04-19-06-00-00", "latency": 167}]}, {"location": {"country_code": "us", "region": "Nebraska"}, "game_id": "295590", "values": [{"date": "2022-04-19-04-00-00", "latency": 213}]}, {"location": {"country_code": "ca", "region": "Quebec", "city": "Montreal"}, "game_id": "295590", "values": [{"date": "2022-04-19-05-00-00", "latency": 209}]}, {"location": {"country_code": "us", "region": "Massachusetts", "city": "Boston"}, "game_id": "295590", "values": [{"date": "2022-04-19-08-00-00", "latency": 54}]}, {"location": {"country_code": "us", "region": "Arizona", "city": "Phoenix"}, "game_id": "295590", "values": [{"date": "2022-04-19-20-00-00", "latency": 574}]}, {"location": {"country_code": "us", "region": "Colorado", "city": "Denver"}, "game_id": "295590", "values": [{"date": "2022-04-19-02-00-00", "latency": 48}, {"date": "2022-04-19-06-00-00", "latency": 78}, {"date": "2022-04-19-06-00-00", "latency": 78}, {"date": "2022-04-19-06-00-00", "latency": 78}]}, {"location": {"country_code": "pe", "region": "Lima region", "city": "Lima"}, "game_id": "295590", "values": [{"date": "2022-04-19-19-00-00", "latency": 109}, {"date": "2022-04-19-19-00-00", "latency": 109}, {"date": "2022-04-19-19-00-00", "latency": 109}, {"date": "2022-04-19-19-00-00", "latency": 109}]}, {"location": {"country_code": "us", "region": "Texas", "city": "Irving"}, "game_id": "295590", "values": [{"date": "2022-04-19-05-00-00", "latency": 128}, {"date": "2022-04-19-05-00-00", "latency": 128}, {"date": "2022-04-19-05-00-00", "latency": 128}]}, {"location": {"country_code": "gt"}, "game_id": "295590", "values": [{"date": "2022-04-19-05-00-00", "latency": 66}]}, {"location": {"country_code": "au", "region": "Queensland", "city": "Brisbane"}, "game_id": "295590", "values": [{"date": "2022-04-19-17-00-00", "latency": 46}, {"date": "2022-04-19-17-00-00", "latency": 46}, {"date": "2022-04-19-17-00-00", "latency": 46}]}, {"location": {"country_code": "ca", "region": "Quebec"}, "game_id": "295590", "values": [{"date": "2022-04-19-23-00-00", "latency": 88}, {"date": "2022-04-19-23-00-00", "latency": 88}, {"date": "2022-04-19-23-00-00", "latency": 88}, {"date": "2022-04-19-23-00-00", "latency": 88}, {"date": "2022-04-19-23-00-00", "latency": 88}]}, {"location": {"country_code": "gb", "region": "England", "city": "Salford"}, "game_id": "295590", "values": [{"date": "2022-04-19-23-00-00", "latency": 304}]}, {"location": {"country_code": "mx", "region": "Sonora"}, "game_id": "295590", "values": [{"date": "2022-04-19-20-00-00", "latency": 733}]}, {"location": {"country_code": "br", "region": "State of Rio de Janeiro"}, "game_id": "295590", "values": [{"date": "2022-04-19-16-00-00", "latency": 40}, {"date": "2022-04-19-20-00-00", "latency": 196}, {"date": "2022-04-19-20-00-00", "latency": 196}, {"date": "2022-04-19-20-00-00", "latency": 196}, {"date": "2022-04-19-20-00-00", "latency": 196}, {"date": "2022-04-20-00-00-00", "latency": 36}]}, {"location": {"country_code": "us", "region": "Washington", "city": "Seattle"}, "game_id": "295590", "values": [{"date": "2022-04-19-10-00-00", "latency": 74}]}, {"location": {"country_code": "de", "region": "North Rhine-Westphalia"}, "game_id": "295590", "values": [{"date": "2022-04-19-18-00-00", "latency": 50}]}, {"location": {"country_code": "br", "region": "Espirito Santo", "city": "Guarapari"}, "game_id": "295590", "values": [{"date": "2022-04-19-13-00-00", "latency": 53}, {"date": "2022-04-19-13-00-00", "latency": 53}, {"date": "2022-04-19-13-00-00", "latency": 53}]}, {"location": {"country_code": "es", "region": "Valencia", "city": "Orihuela"}, "game_id": "295590", "values": [{"date": "2022-04-19-16-00-00", "latency": 430}]}, {"location": {"country_code": "br", "region": "Minas Gerais", "city": "Ituiutaba"}, "game_id": "295590", "values": [{"date": "2022-04-19-21-00-00", "latency": 87}]}, {"location": {"country_code": "ec", "region": "Pichincha", "city": "Quito"}, "game_id": "295590", "values": [{"date": "2022-04-19-07-00-00", "latency": 168}]}, {"location": {"country_code": "us", "region": "Ohio", "city": "Columbus"}, "game_id": "295590", "values": [{"date": "2022-04-19-05-00-00", "latency": 413}]}, {"location": {"country_code": "br", "region": "Sao Paulo", "city": "Presidente Prudente"}, "game_id": "295590", "values": [{"date": "2022-04-19-07-00-00", "latency": 43}, {"date": "2022-04-19-07-00-00", "latency": 43}, {"date": "2022-04-19-07-00-00", "latency": 43}, {"date": "2022-04-19-07-00-00", "latency": 43}]}, {"location": {"country_code": "us", "region": "Louisiana"}, "game_id": "295590", "values": [{"date": "2022-04-19-22-00-00", "latency": 28}, {"date": "2022-04-19-22-00-00", "latency": 28}]}, {"location": {"country_code": "ae", "region": "Dubai", "city": "Dubai"}, "game_id": "295590", "values": [{"date": "2022-04-19-23-00-00", "latency": 138}, {"date": "2022-04-19-23-00-00", "latency": 138}, {"date": "2022-04-19-23-00-00", "latency": 138}]}, {"location": {"country_code": "es", "region": "Valencia", "city": "Gandia"}, "game_id": "295590", "values": [{"date": "2022-04-19-18-00-00", "latency": 66}, {"date": "2022-04-19-18-00-00", "latency": 66}, {"date": "2022-04-19-18-00-00", "latency": 66}]}, {"location": {"country_code": "sa", "region": "Riyadh Region", "city": "Wadi Ad Dawasir"}, "game_id": "295590", "values": [{"date": "2022-04-19-19-00-00", "latency": 102}]}, {"location": {"country_code": "it", "region": "Veneto"}, "game_id": "295590", "values": [{"date": "2022-04-19-19-00-00", "latency": 59}]}, {"location": {"country_code": "pt", "region": "Leiria District", "city": "Peniche"}, "game_id": "295590", "values": [{"date": "2022-04-19-17-00-00", "latency": 44}]}, {"location": {"country_code": "br", "region": "Para", "city": "Tailandia"}, "game_id": "295590", "values": [{"date": "2022-04-19-09-00-00", "latency": 90}, {"date": "2022-04-19-09-00-00", "latency": 90}, {"date": "2022-04-19-09-00-00", "latency": 90}, {"date": "2022-04-19-09-00-00", "latency": 90}, {"date": "2022-04-19-09-00-00", "latency": 90}]}, {"location": {"country_code": "us", "region": "Florida", "city": "West Palm Beach"}, "game_id": "295590", "values": [{"date": "2022-04-20-00-00-00", "latency": 554}]}, {"location": {"country_code": "ru", "region": "Leningrad", "city": "Saint Petersburg"}, "game_id": "295590", "values": [{"date": "2022-04-19-17-00-00", "latency": 81}, {"date": "2022-04-19-17-00-00", "latency": 81}, {"date": "2022-04-19-17-00-00", "latency": 81}, {"date": "2022-04-19-17-00-00", "latency": 81}, {"date": "2022-04-19-17-00-00", "latency": 81}, {"date": "2022-04-19-17-00-00", "latency": 81}, {"date": "2022-04-19-17-00-00", "latency": 81}, {"date": "2022-04-19-17-00-00", "latency": 81}]}, {"location": {"country_code": "sa", "region": "Mecca Region", "city": "Jeddah"}, "game_id": "295590", "values": [{"date": "2022-04-20-00-00-00", "latency": 104}, {"date": "2022-04-20-00-00-00", "latency": 104}, {"date": "2022-04-20-00-00-00", "latency": 104}, {"date": "2022-04-20-00-00-00", "latency": 104}]}, {"location": {"country_code": "be", "region": "Brussels Capital", "city": "Brussels"}, "game_id": "295590", "values": [{"date": "2022-04-20-00-00-00", "latency": 42}, {"date": "2022-04-19-22-00-00", "latency": 45}]}, {"location": {"country_code": "de", "region": "Bavaria", "city": "Regensburg"}, "game_id": "295590", "values": [{"date": "2022-04-19-17-00-00", "latency": 66}, {"date": "2022-04-19-17-00-00", "latency": 66}]}, {"location": {"country_code": "mx", "region": "San Luis Potosi"}, "game_id": "295590", "values": [{"date": "2022-04-19-04-00-00", "latency": 946}, {"date": "2022-04-19-04-00-00", "latency": 946}]}, {"location": {"country_code": "es", "region": "Balearic Islands", "city": "Porreres"}, "game_id": "295590", "values": [{"date": "2022-04-20-00-00-00", "latency": 79}]}, {"location": {"country_code": "co", "region": "Antioquia", "city": "Medellin"}, "game_id": "295590", "values": [{"date": "2022-04-20-01-00-00", "latency": 68}, {"date": "2022-04-20-01-00-00", "latency": 68}, {"date": "2022-04-20-01-00-00", "latency": 68}]}, {"location": {"country_code": "fr", "region": "Normandy"}, "game_id": "295590", "values": [{"date": "2022-04-19-15-00-00", "latency": 67}]}, {"location": {"country_code": "tt"}, "game_id": "295590", "values": [{"date": "2022-04-19-03-00-00", "latency": 92}, {"date": "2022-04-19-03-00-00", "latency": 92}, {"date": "2022-04-19-03-00-00", "latency": 92}, {"date": "2022-04-19-03-00-00", "latency": 92}, {"date": "2022-04-19-03-00-00", "latency": 92}]}, {"location": {"country_code": "pl", "region": "West Pomeranian Voivodeship"}, "game_id": "295590", "values": [{"date": "2022-04-19-23-00-00", "latency": 157}]}, {"location": {"country_code": "il"}, "game_id": "295590", "values": [{"date": "2022-04-19-19-00-00", "latency": 91}, {"date": "2022-04-19-19-00-00", "latency": 91}, {"date": "2022-04-19-19-00-00", "latency": 91}, {"date": "2022-04-19-19-00-00", "latency": 91}, {"date": "2022-04-19-19-00-00", "latency": 91}]}, {"location": {"country_code": "br", "region": "State of Rio de Janeiro", "city": "Nilopolis"}, "game_id": "295590", "values": [{"date": "2022-04-19-20-00-00", "latency": 151}]}, {"location": {"country_code": "ar", "region": "Tucuman Province"}, "game_id": "295590", "values": [{"date": "2022-04-19-16-00-00", "latency": 68}, {"date": "2022-04-19-16-00-00", "latency": 68}, {"date": "2022-04-19-16-00-00", "latency": 68}, {"date": "2022-04-19-16-00-00", "latency": 68}]}, {"location": {"country_code": "br", "region": "Sao Paulo", "city": "Barueri"}, "game_id": "295590", "values": [{"date": "2022-04-20-00-00-00", "latency": 57}]}, {"location": {"country_code": "tn"}, "game_id": "295590", "values": [{"date": "2022-04-19-12-00-00", "latency": 54}, {"date": "2022-04-19-12-00-00", "latency": 54}]}, {"location": {"country_code": "fr", "region": "Aquitania-Limosino-Poitou-Charentes", "city": "Orthez"}, "game_id": "295590", "values": [{"date": "2022-04-19-23-00-00", "latency": 81}, {"date": "2022-04-19-23-00-00", "latency": 81}, {"date": "2022-04-19-23-00-00", "latency": 81}, {"date": "2022-04-19-23-00-00", "latency": 81}]}, {"location": {"country_code": "gb", "region": "Scotland", "city": "Dunfermline"}, "game_id": "295590", "values": [{"date": "2022-04-19-19-00-00", "latency": 60}, {"date": "2022-04-19-19-00-00", "latency": 60}, {"date": "2022-04-19-19-00-00", "latency": 60}]}, {"location": {"country_code": "gr", "region": "Samothrace", "city": "Thessaloniki"}, "game_id": "295590", "values": [{"date": "2022-04-19-14-00-00", "latency": 83}, {"date": "2022-04-19-14-00-00", "latency": 83}]}, {"location": {"country_code": "my", "region": "Sarawak"}, "game_id": "295590", "values": [{"date": "2022-04-19-19-00-00", "latency": 55}, {"date": "2022-04-19-19-00-00", "latency": 55}, {"date": "2022-04-19-19-00-00", "latency": 55}, {"date": "2022-04-19-19-00-00", "latency": 55}]}, {"location": {"country_code": "br", "region": "State of Rio de Janeiro", "city": "Campos dos Goytacazes"}, "game_id": "295590", "values": [{"date": "2022-04-19-08-00-00", "latency": 50}, {"date": "2022-04-19-08-00-00", "latency": 50}]}, {"location": {"country_code": "br", "region": "State of Rio de Janeiro", "city": "Nova Iguacu"}, "game_id": "295590", "values": [{"date": "2022-04-19-04-00-00", "latency": 29}]}, {"location": {"country_code": "tr", "region": "Ege Bolgesi"}, "game_id": "295590", "values": [{"date": "2022-04-19-19-00-00", "latency": 56}, {"date": "2022-04-19-19-00-00", "latency": 56}]}, {"location": {"country_code": "eg", "region": "Cairo Governorate", "city": "15 de Maio, , "}, "game_id": "295590", "values": [{"date": "2022-04-20-00-00-00", "latency": 99}, {"date": "2022-04-20-00-00-00", "latency": 99}, {"date": "2022-04-20-00-00-00", "latency": 99}, {"date": "2022-04-20-00-00-00", "latency": 99}, {"date": "2022-04-20-00-00-00", "latency": 99}, {"date": "2022-04-20-00-00-00", "latency": 99}, {"date": "2022-04-20-00-00-00", "latency": 99}, {"date": "2022-04-20-00-00-00", "latency": 99}, {"date": "2022-04-20-00-00-00", "latency": 99}, {"date": "2022-04-20-00-00-00", "latency": 99}, {"date": "2022-04-20-00-00-00", "latency": 99}]}, {"location": {"country_code": "ca", "region": "Ontario", "city": "Guelph"}, "game_id": "295590", "values": [{"date": "2022-04-20-01-00-00", "latency": 72}, {"date": "2022-04-20-01-00-00", "latency": 72}, {"date": "2022-04-20-01-00-00", "latency": 72}, {"date": "2022-04-20-01-00-00", "latency": 72}, {"date": "2022-04-20-01-00-00", "latency": 72}, {"date": "2022-04-20-01-00-00", "latency": 72}, {"date": "2022-04-20-01-00-00", "latency": 72}]}, {"location": {"country_code": "us", "region": "New York", "city": "Niagara Falls"}, "game_id": "295590", "values": [{"date": "2022-04-19-03-00-00", "latency": 63}, {"date": "2022-04-19-03-00-00", "latency": 63}]}, {"location": {"country_code": "de", "region": "North Rhine-Westphalia", "city": "Oberhausen"}, "game_id": "295590", "values": [{"date": "2022-04-19-11-00-00", "latency": 33}]}, {"location": {"country_code": "es", "region": "Castille-La Mancha", "city": "Albacete"}, "game_id": "295590", "values": [{"date": "2022-04-19-21-00-00", "latency": 76}]}, {"location": {"country_code": "br", "region": "Sao Paulo", "city": "Sao Simao"}, "game_id": "295590", "values": [{"date": "2022-04-19-02-00-00", "latency": 142}, {"date": "2022-04-19-02-00-00", "latency": 142}, {"date": "2022-04-19-02-00-00", "latency": 142}]}, {"location": {"country_code": "us", "region": "Texas", "city": "Brownsville"}, "game_id": "295590", "values": [{"date": "2022-04-19-11-00-00", "latency": 117}]}, {"location": {"country_code": "kr", "region": "Incheon"}, "game_id": "295590", "values": [{"date": "2022-04-19-16-00-00", "latency": 447}]}, {"location": {"country_code": "br", "region": "Rio Grande do Sul", "city": "Rio Grande"}, "game_id": "295590", "values": [{"date": "2022-04-20-02-00-00", "latency": 53}, {"date": "2022-04-20-02-00-00", "latency": 53}, {"date": "2022-04-20-02-00-00", "latency": 53}, {"date": "2022-04-20-02-00-00", "latency": 53}, {"date": "2022-04-20-02-00-00", "latency": 53}]}, {"location": {"country_code": "es", "region": "Basque Country", "city": "Errenteria"}, "game_id": "295590", "values": [{"date": "2022-04-20-00-00-00", "latency": 68}, {"date": "2022-04-20-00-00-00", "latency": 68}, {"date": "2022-04-20-00-00-00", "latency": 68}, {"date": "2022-04-20-00-00-00", "latency": 68}, {"date": "2022-04-20-00-00-00", "latency": 68}]}, {"location": {"country_code": "br", "region": "Sao Paulo", "city": "Limeira"}, "game_id": "295590", "values": [{"date": "2022-04-19-02-00-00", "latency": 39}]}, {"location": {"country_code": "br", "region": "Espirito Santo", "city": "Marataizes"}, "game_id": "295590", "values": [{"date": "2022-04-19-04-00-00", "latency": 40}]}, {"location": {"country_code": "se", "region": "Blekinge County"}, "game_id": "295590", "values": [{"date": "2022-04-19-15-00-00", "latency": 43}]}, {"location": {"country_code": "be", "region": "Hainaut Province", "city": "Mons"}, "game_id": "295590", "values": [{"date": "2022-04-19-20-00-00", "latency": 54}, {"date": "2022-04-19-20-00-00", "latency": 54}, {"date": "2022-04-19-20-00-00", "latency": 54}, {"date": "2022-04-19-20-00-00", "latency": 54}]}, {"location": {"country_code": "us", "region": "U.S. Virgin Islands"}, "game_id": "295590", "values": [{"date": "2022-04-19-02-00-00", "latency": 67}, {"date": "2022-04-19-02-00-00", "latency": 67}, {"date": "2022-04-19-02-00-00", "latency": 67}, {"date": "2022-04-19-02-00-00", "latency": 67}]}, {"location": {"country_code": "br", "region": "Paraiba", "city": "Bonito de Santa Fe"}, "game_id": "295590", "values": [{"date": "2022-04-19-21-00-00", "latency": 157}, {"date": "2022-04-19-21-00-00", "latency": 157}]}, {"location": {"country_code": "vn", "region": "Lam ong Province"}, "game_id": "295590", "values": [{"date": "2022-04-19-06-00-00", "latency": 137}]}, {"location": {"country_code": "br", "region": "Rio Grande do Sul", "city": "Sao Jose do Norte"}, "game_id": "295590", "values": [{"date": "2022-04-19-03-00-00", "latency": 45}]}], "last_updated": 1719927564.997538}