{"data": [{"location": {"country_code": "es", "region": "Canary Islands", "city": "Santa Cruz de Tenerife"}, "game_id": "118849", "values": [{"date": "2024-05-24-22-00-00", "latency": 33}]}, {"location": {"country_code": "us"}, "game_id": "118849", "values": [{"date": "2024-05-24-06-00-00", "latency": 2}, {"date": "2024-05-24-19-00-00", "latency": 0}, {"date": "2024-05-24-05-00-00", "latency": 5}, {"date": "2024-05-24-05-00-00", "latency": 5}, {"date": "2024-05-24-05-00-00", "latency": 5}, {"date": "2024-05-24-05-00-00", "latency": 5}, {"date": "2024-05-24-05-00-00", "latency": 5}, {"date": "2024-05-24-05-00-00", "latency": 5}, {"date": "2024-05-24-05-00-00", "latency": 5}]}, {"location": {"country_code": "nz", "region": "Auckland", "city": "Auckland"}, "game_id": "118849", "values": [{"date": "2024-05-24-15-00-00", "latency": 163}]}, {"location": {"country_code": "us", "region": "New York", "city": "Jamestown"}, "game_id": "118849", "values": [{"date": "2024-05-25-02-00-00", "latency": 5}, {"date": "2024-05-24-05-00-00", "latency": 9}]}, {"location": {"country_code": "gb", "region": "England"}, "game_id": "118849", "values": [{"date": "2024-05-25-02-00-00", "latency": 2}]}, {"location": {"country_code": "th"}, "game_id": "118849", "values": [{"date": "2024-05-24-18-00-00", "latency": 3}, {"date": "2024-05-24-18-00-00", "latency": 3}]}, {"location": {"country_code": "it"}, "game_id": "118849", "values": [{"date": "2024-05-24-17-00-00", "latency": 1}, {"date": "2024-05-24-17-00-00", "latency": 1}]}, {"location": {"country_code": "ro"}, "game_id": "118849", "values": [{"date": "2024-05-24-21-00-00", "latency": 34}, {"date": "2024-05-24-21-00-00", "latency": 34}, {"date": "2024-05-24-21-00-00", "latency": 34}]}, {"location": {"country_code": "de"}, "game_id": "118849", "values": [{"date": "2024-05-24-17-00-00", "latency": 3}]}, {"location": {"country_code": "tw"}, "game_id": "118849", "values": [{"date": "2024-05-24-05-00-00", "latency": 1}]}, {"location": {"country_code": "ph"}, "game_id": "118849", "values": [{"date": "2024-05-24-23-00-00", "latency": 17}, {"date": "2024-05-24-23-00-00", "latency": 17}, {"date": "2024-05-24-23-00-00", "latency": 17}, {"date": "2024-05-24-23-00-00", "latency": 17}, {"date": "2024-05-24-17-00-00", "latency": 21}, {"date": "2024-05-24-17-00-00", "latency": 21}]}, {"location": {"country_code": "fr"}, "game_id": "118849", "values": [{"date": "2024-05-24-18-00-00", "latency": 5}]}, {"location": {"country_code": "mx"}, "game_id": "118849", "values": [{"date": "2024-05-24-23-00-00", "latency": 6}]}, {"location": {"country_code": "br"}, "game_id": "118849", "values": [{"date": "2024-05-24-20-00-00", "latency": 12}, {"date": "2024-05-24-20-00-00", "latency": 12}]}, {"location": {"country_code": "us", "region": "California", "city": "East Los Angeles"}, "game_id": "118849", "values": [{"date": "2024-05-24-02-00-00", "latency": 6}]}, {"location": {"country_code": "au"}, "game_id": "118849", "values": [{"date": "2024-05-24-12-00-00", "latency": 0}]}, {"location": {"country_code": "us", "region": "Texas", "city": "Austin"}, "game_id": "118849", "values": [{"date": "2024-05-24-19-00-00", "latency": 2}, {"date": "2024-05-24-19-00-00", "latency": 2}]}, {"location": {"country_code": "es"}, "game_id": "118849", "values": [{"date": "2024-05-24-06-00-00", "latency": 3}, {"date": "2024-05-24-06-00-00", "latency": 3}, {"date": "2024-05-24-06-00-00", "latency": 3}]}, {"location": {"country_code": "es", "region": "Andalusia", "city": "Granada"}, "game_id": "118849", "values": [{"date": "2024-05-24-17-00-00", "latency": 2}]}, {"location": {"country_code": "ar"}, "game_id": "118849", "values": [{"date": "2024-05-24-08-00-00", "latency": 197}, {"date": "2024-05-24-02-00-00", "latency": 7}]}, {"location": {"country_code": "ar", "region": "Entre Rios Province", "city": "Concordia"}, "game_id": "118849", "values": [{"date": "2024-05-24-19-00-00", "latency": 12}, {"date": "2024-05-24-19-00-00", "latency": 12}]}, {"location": {"country_code": "ar", "region": "Buenos Aires F.D.", "city": "Bahia Blanca"}, "game_id": "118849", "values": [{"date": "2024-05-24-18-00-00", "latency": 3}, {"date": "2024-05-25-01-00-00", "latency": 2}, {"date": "2024-05-25-00-00-00", "latency": 121}, {"date": "2024-05-24-05-00-00", "latency": 2}]}, {"location": {"country_code": "pl"}, "game_id": "118849", "values": [{"date": "2024-05-24-18-00-00", "latency": 4}, {"date": "2024-05-24-18-00-00", "latency": 4}, {"date": "2024-05-24-18-00-00", "latency": 4}]}, {"location": {"country_code": "us", "region": "Nevada", "city": "Las Vegas"}, "game_id": "118849", "values": [{"date": "2024-05-24-05-00-00", "latency": 3}]}, {"location": {"country_code": "cr"}, "game_id": "118849", "values": [{"date": "2024-05-24-18-00-00", "latency": 32}]}, {"location": {"country_code": "ua"}, "game_id": "118849", "values": [{"date": "2024-05-24-20-00-00", "latency": 5}]}, {"location": {"country_code": "br", "region": "Rondonia"}, "game_id": "118849", "values": [{"date": "2024-05-24-21-00-00", "latency": 0}, {"date": "2024-05-24-21-00-00", "latency": 0}, {"date": "2024-05-24-21-00-00", "latency": 0}]}, {"location": {"country_code": "sg"}, "game_id": "118849", "values": [{"date": "2024-05-24-18-00-00", "latency": 2}, {"date": "2024-05-24-13-00-00", "latency": 53}]}, {"location": {"country_code": "ca", "region": "Ontario", "city": "Toronto"}, "game_id": "118849", "values": [{"date": "2024-05-24-20-00-00", "latency": 27}, {"date": "2024-05-24-20-00-00", "latency": 27}]}, {"location": {"country_code": "mx", "region": "Nuevo Leon", "city": "Monterrey"}, "game_id": "118849", "values": [{"date": "2024-05-25-01-00-00", "latency": 9}, {"date": "2024-05-25-01-00-00", "latency": 9}]}, {"location": {"country_code": "uy"}, "game_id": "118849", "values": [{"date": "2024-05-24-03-00-00", "latency": 5}]}, {"location": {"country_code": "br", "region": "Parana"}, "game_id": "118849", "values": [{"date": "2024-05-25-01-00-00", "latency": 0}]}, {"location": {"country_code": "us", "region": "Texas", "city": "Irving"}, "game_id": "118849", "values": [{"date": "2024-05-24-05-00-00", "latency": 5}]}, {"location": {"country_code": "lv"}, "game_id": "118849", "values": [{"date": "2024-05-24-15-00-00", "latency": 32}, {"date": "2024-05-24-15-00-00", "latency": 32}, {"date": "2024-05-24-15-00-00", "latency": 32}, {"date": "2024-05-24-15-00-00", "latency": 32}, {"date": "2024-05-24-15-00-00", "latency": 32}]}, {"location": {"country_code": "ca", "region": "Quebec"}, "game_id": "118849", "values": [{"date": "2024-05-24-18-00-00", "latency": 2}]}, {"location": {"country_code": "es", "region": "Madrid"}, "game_id": "118849", "values": [{"date": "2024-05-24-17-00-00", "latency": 1}, {"date": "2024-05-24-12-00-00", "latency": 4}]}, {"location": {"country_code": "us", "region": "Washington", "city": "Seattle"}, "game_id": "118849", "values": [{"date": "2024-05-25-02-00-00", "latency": 9}, {"date": "2024-05-25-02-00-00", "latency": 9}, {"date": "2024-05-25-02-00-00", "latency": 9}]}, {"location": {"country_code": "us", "region": "Washington"}, "game_id": "118849", "values": [{"date": "2024-05-24-03-00-00", "latency": 28}]}, {"location": {"country_code": "us", "region": "California", "city": "Long Beach"}, "game_id": "118849", "values": [{"date": "2024-05-24-07-00-00", "latency": 3}, {"date": "2024-05-24-07-00-00", "latency": 3}]}, {"location": {"country_code": "tr", "region": "Marmara Bolgesi"}, "game_id": "118849", "values": [{"date": "2024-05-24-20-00-00", "latency": 2}]}, {"location": {"country_code": "ae"}, "game_id": "118849", "values": [{"date": "2024-05-24-06-00-00", "latency": 14}]}, {"location": {"country_code": "vn", "region": "Ho Chi Minh City"}, "game_id": "118849", "values": [{"date": "2024-05-24-14-00-00", "latency": 328}, {"date": "2024-05-24-14-00-00", "latency": 328}, {"date": "2024-05-24-14-00-00", "latency": 328}, {"date": "2024-05-24-14-00-00", "latency": 328}, {"date": "2024-05-24-14-00-00", "latency": 328}, {"date": "2024-05-24-14-00-00", "latency": 328}, {"date": "2024-05-24-14-00-00", "latency": 328}, {"date": "2024-05-24-14-00-00", "latency": 328}, {"date": "2024-05-24-14-00-00", "latency": 328}]}, {"location": {"country_code": "br", "region": "Mato Grosso"}, "game_id": "118849", "values": [{"date": "2024-05-24-17-00-00", "latency": 3}]}, {"location": {"country_code": "br", "region": "Santa Catarina", "city": "Guaruja do Sul"}, "game_id": "118849", "values": [{"date": "2024-05-24-19-00-00", "latency": 4}]}], "last_updated": 1719919338.311649}