{"data": [{"location": {"country_code": "us"}, "game_id": "747108", "values": [{"date": "2023-05-19-00-00-00", "alternatives": ["16", "6", "16"]}, {"date": "2023-05-19-00-00-00", "alternatives": ["16", "6", "16"]}, {"date": "2023-05-19-00-00-00", "alternatives": ["16", "6", "16"]}, {"date": "2023-05-19-00-00-00", "alternatives": ["16", "6", "16"]}, {"date": "2023-05-19-00-00-00", "alternatives": ["16", "6", "16"]}, {"date": "2023-05-19-00-00-00", "alternatives": ["16", "6", "16"]}, {"date": "2023-05-18-06-00-00", "alternatives": ["16", "1", "16"]}, {"date": "2023-05-18-06-00-00", "alternatives": ["16", "1", "16"]}, {"date": "2023-05-18-06-00-00", "alternatives": ["16", "1", "16"]}, {"date": "2023-05-18-06-00-00", "alternatives": ["16", "1", "16"]}, {"date": "2023-05-18-06-00-00", "alternatives": ["16", "1", "16"]}, {"date": "2023-05-18-06-00-00", "alternatives": ["16", "1", "16"]}, {"date": "2023-05-18-06-00-00", "alternatives": ["16", "1", "16"]}, {"date": "2023-05-18-06-00-00", "alternatives": ["16", "1", "16"]}, {"date": "2023-05-18-06-00-00", "alternatives": ["16", "1", "16"]}, {"date": "2023-05-18-06-00-00", "alternatives": ["16", "1", "16"]}, {"date": "2023-05-18-06-00-00", "alternatives": ["16", "1", "16"]}, {"date": "2023-05-18-06-00-00", "alternatives": ["16", "1", "16"]}, {"date": "2023-05-18-07-00-00", "alternatives": ["1", "8", "8"]}, {"date": "2023-05-18-07-00-00", "alternatives": ["1", "8", "8"]}, {"date": "2023-05-18-07-00-00", "alternatives": ["1", "8", "8"]}, {"date": "2023-05-18-07-00-00", "alternatives": ["1", "8", "8"]}, {"date": "2023-05-18-07-00-00", "alternatives": ["1", "8", "8"]}, {"date": "2023-05-18-07-00-00", "alternatives": ["1", "8", "8"]}, {"date": "2023-05-18-07-00-00", "alternatives": ["1", "8", "8"]}, {"date": "2023-05-18-07-00-00", "alternatives": ["1", "8", "8"]}, {"date": "2023-05-18-05-00-00", "alternatives": ["8", "8", "78"]}, {"date": "2023-05-18-05-00-00", "alternatives": ["8", "8", "78"]}, {"date": "2023-05-18-05-00-00", "alternatives": ["8", "8", "78"]}, {"date": "2023-05-18-05-00-00", "alternatives": ["8", "8", "78"]}, {"date": "2023-05-18-05-00-00", "alternatives": ["8", "8", "78"]}, {"date": "2023-05-18-05-00-00", "alternatives": ["8", "8", "78"]}, {"date": "2023-05-18-05-00-00", "alternatives": ["8", "8", "78"]}, {"date": "2023-05-18-05-00-00", "alternatives": ["8", "8", "78"]}, {"date": "2023-05-18-05-00-00", "alternatives": ["8", "8", "78"]}, {"date": "2023-05-18-05-00-00", "alternatives": ["8", "8", "78"]}, {"date": "2023-05-18-05-00-00", "alternatives": ["8", "8", "78"]}, {"date": "2023-05-18-05-00-00", "alternatives": ["8", "8", "78"]}, {"date": "2023-05-18-05-00-00", "alternatives": ["8", "8", "78"]}, {"date": "2023-05-18-05-00-00", "alternatives": ["8", "8", "78"]}, {"date": "2023-05-18-05-00-00", "alternatives": ["8", "8", "78"]}, {"date": "2023-05-18-05-00-00", "alternatives": ["8", "8", "78"]}, {"date": "2023-05-18-05-00-00", "alternatives": ["8", "8", "78"]}, {"date": "2023-05-18-05-00-00", "alternatives": ["8", "8", "78"]}, {"date": "2023-05-18-20-00-00", "alternatives": ["17", "37", "17"]}, {"date": "2023-05-18-20-00-00", "alternatives": ["17", "37", "17"]}, {"date": "2023-05-19-00-00-00", "alternatives": ["47", "47", "7"]}, {"date": "2023-05-19-00-00-00", "alternatives": ["47", "47", "7"]}, {"date": "2023-05-19-00-00-00", "alternatives": ["47", "47", "7"]}, {"date": "2023-05-18-06-00-00", "alternatives": ["46", "46", "4"]}, {"date": "2023-05-18-06-00-00", "alternatives": ["46", "46", "4"]}]}, {"location": {"country_code": "us", "region": "Wisconsin"}, "game_id": "747108", "values": [{"date": "2023-05-18-22-00-00", "alternatives": ["44", "47", "47"]}, {"date": "2023-05-18-22-00-00", "alternatives": ["44", "47", "47"]}, {"date": "2023-05-18-22-00-00", "alternatives": ["44", "47", "47"]}, {"date": "2023-05-18-22-00-00", "alternatives": ["44", "47", "47"]}, {"date": "2023-05-18-22-00-00", "alternatives": ["44", "47", "47"]}, {"date": "2023-05-18-22-00-00", "alternatives": ["44", "47", "47"]}, {"date": "2023-05-18-22-00-00", "alternatives": ["44", "47", "47"]}, {"date": "2023-05-18-22-00-00", "alternatives": ["44", "47", "47"]}, {"date": "2023-05-18-22-00-00", "alternatives": ["44", "47", "47"]}, {"date": "2023-05-18-22-00-00", "alternatives": ["44", "47", "47"]}, {"date": "2023-05-18-22-00-00", "alternatives": ["44", "47", "47"]}, {"date": "2023-05-18-22-00-00", "alternatives": ["44", "47", "47"]}, {"date": "2023-05-18-22-00-00", "alternatives": ["44", "47", "47"]}, {"date": "2023-05-18-22-00-00", "alternatives": ["44", "47", "47"]}, {"date": "2023-05-18-22-00-00", "alternatives": ["44", "47", "47"]}, {"date": "2023-05-18-22-00-00", "alternatives": ["44", "47", "47"]}, {"date": "2023-05-18-22-00-00", "alternatives": ["44", "47", "47"]}, {"date": "2023-05-18-22-00-00", "alternatives": ["44", "47", "47"]}, {"date": "2023-05-18-22-00-00", "alternatives": ["44", "47", "47"]}, {"date": "2023-05-18-22-00-00", "alternatives": ["44", "47", "47"]}, {"date": "2023-05-18-22-00-00", "alternatives": ["44", "47", "47"]}, {"date": "2023-05-18-05-00-00", "alternatives": ["46", "46", "4"]}, {"date": "2023-05-18-05-00-00", "alternatives": ["46", "46", "4"]}, {"date": "2023-05-18-05-00-00", "alternatives": ["46", "46", "4"]}, {"date": "2023-05-18-05-00-00", "alternatives": ["46", "46", "4"]}, {"date": "2023-05-18-05-00-00", "alternatives": ["46", "46", "4"]}]}, {"location": {"country_code": "us", "region": "New York", "city": "Jamestown"}, "game_id": "747108", "values": [{"date": "2023-05-18-07-00-00", "alternatives": ["6", "6", "16"]}, {"date": "2023-05-18-07-00-00", "alternatives": ["6", "6", "16"]}, {"date": "2023-05-18-07-00-00", "alternatives": ["6", "6", "16"]}, {"date": "2023-05-18-07-00-00", "alternatives": ["6", "6", "16"]}, {"date": "2023-05-18-07-00-00", "alternatives": ["6", "6", "16"]}]}, {"location": {"country_code": "pa"}, "game_id": "747108", "values": [{"date": "2023-05-18-10-00-00", "alternatives": ["93", "6", "93"]}, {"date": "2023-05-18-10-00-00", "alternatives": ["93", "6", "93"]}, {"date": "2023-05-18-10-00-00", "alternatives": ["93", "6", "93"]}, {"date": "2023-05-18-10-00-00", "alternatives": ["93", "6", "93"]}, {"date": "2023-05-18-10-00-00", "alternatives": ["93", "6", "93"]}, {"date": "2023-05-18-10-00-00", "alternatives": ["93", "6", "93"]}, {"date": "2023-05-18-10-00-00", "alternatives": ["93", "6", "93"]}, {"date": "2023-05-18-10-00-00", "alternatives": ["93", "6", "93"]}]}, {"location": {"country_code": "cz"}, "game_id": "747108", "values": [{"date": "2023-05-18-19-00-00", "alternatives": ["16", "16", "1"]}, {"date": "2023-05-18-19-00-00", "alternatives": ["16", "16", "1"]}, {"date": "2023-05-18-19-00-00", "alternatives": ["16", "16", "1"]}, {"date": "2023-05-18-19-00-00", "alternatives": ["16", "16", "1"]}, {"date": "2023-05-18-19-00-00", "alternatives": ["16", "16", "1"]}, {"date": "2023-05-18-19-00-00", "alternatives": ["16", "16", "1"]}, {"date": "2023-05-18-19-00-00", "alternatives": ["16", "16", "1"]}, {"date": "2023-05-18-19-00-00", "alternatives": ["16", "16", "1"]}, {"date": "2023-05-18-19-00-00", "alternatives": ["16", "16", "1"]}]}, {"location": {"country_code": "ro"}, "game_id": "747108", "values": [{"date": "2023-05-18-19-00-00", "alternatives": ["32", "32015", "32"]}, {"date": "2023-05-18-19-00-00", "alternatives": ["32", "32015", "32"]}, {"date": "2023-05-18-19-00-00", "alternatives": ["32", "32015", "32"]}, {"date": "2023-05-18-19-00-00", "alternatives": ["47", "47", "470"]}, {"date": "2023-05-18-19-00-00", "alternatives": ["47", "47", "470"]}, {"date": "2023-05-18-19-00-00", "alternatives": ["47", "47", "470"]}, {"date": "2023-05-18-19-00-00", "alternatives": ["47", "47", "470"]}, {"date": "2023-05-18-19-00-00", "alternatives": ["47", "47", "470"]}, {"date": "2023-05-18-19-00-00", "alternatives": ["47", "47", "470"]}, {"date": "2023-05-18-19-00-00", "alternatives": ["47", "47", "470"]}, {"date": "2023-05-18-19-00-00", "alternatives": ["47", "47", "470"]}, {"date": "2023-05-18-19-00-00", "alternatives": ["47", "47", "470"]}, {"date": "2023-05-18-19-00-00", "alternatives": ["47", "47", "470"]}, {"date": "2023-05-18-19-00-00", "alternatives": ["47", "47", "470"]}, {"date": "2023-05-18-19-00-00", "alternatives": ["47", "47", "470"]}, {"date": "2023-05-18-19-00-00", "alternatives": ["47", "47", "470"]}, {"date": "2023-05-18-19-00-00", "alternatives": ["47", "47", "470"]}, {"date": "2023-05-18-19-00-00", "alternatives": ["47", "47", "470"]}, {"date": "2023-05-18-19-00-00", "alternatives": ["47", "47", "470"]}, {"date": "2023-05-18-19-00-00", "alternatives": ["47", "47", "470"]}, {"date": "2023-05-18-19-00-00", "alternatives": ["47", "47", "470"]}, {"date": "2023-05-18-19-00-00", "alternatives": ["47", "47", "470"]}, {"date": "2023-05-18-19-00-00", "alternatives": ["47", "47", "470"]}, {"date": "2023-05-18-19-00-00", "alternatives": ["47", "47", "470"]}, {"date": "2023-05-18-19-00-00", "alternatives": ["47", "47", "470"]}, {"date": "2023-05-18-19-00-00", "alternatives": ["47", "47", "470"]}, {"date": "2023-05-18-19-00-00", "alternatives": ["47", "47", "470"]}, {"date": "2023-05-18-19-00-00", "alternatives": ["47", "47", "470"]}, {"date": "2023-05-18-19-00-00", "alternatives": ["47", "47", "470"]}, {"date": "2023-05-18-19-00-00", "alternatives": ["47", "47", "470"]}, {"date": "2023-05-18-19-00-00", "alternatives": ["47", "47", "470"]}]}, {"location": {"country_code": "ca"}, "game_id": "747108", "values": [{"date": "2023-05-18-17-00-00", "alternatives": ["63", "3", "3"]}, {"date": "2023-05-18-17-00-00", "alternatives": ["63", "3", "3"]}, {"date": "2023-05-18-17-00-00", "alternatives": ["63", "3", "3"]}, {"date": "2023-05-18-17-00-00", "alternatives": ["63", "3", "3"]}, {"date": "2023-05-18-17-00-00", "alternatives": ["63", "3", "3"]}, {"date": "2023-05-18-17-00-00", "alternatives": ["63", "3", "3"]}, {"date": "2023-05-18-17-00-00", "alternatives": ["63", "3", "3"]}, {"date": "2023-05-18-17-00-00", "alternatives": ["63", "3", "3"]}, {"date": "2023-05-18-17-00-00", "alternatives": ["63", "3", "3"]}, {"date": "2023-05-18-17-00-00", "alternatives": ["63", "3", "3"]}, {"date": "2023-05-18-17-00-00", "alternatives": ["63", "3", "3"]}, {"date": "2023-05-18-17-00-00", "alternatives": ["63", "3", "3"]}, {"date": "2023-05-18-17-00-00", "alternatives": ["63", "3", "3"]}, {"date": "2023-05-18-17-00-00", "alternatives": ["63", "3", "3"]}, {"date": "2023-05-18-17-00-00", "alternatives": ["63", "3", "3"]}, {"date": "2023-05-18-17-00-00", "alternatives": ["63", "3", "3"]}, {"date": "2023-05-18-17-00-00", "alternatives": ["63", "3", "3"]}, {"date": "2023-05-18-17-00-00", "alternatives": ["63", "3", "3"]}, {"date": "2023-05-18-17-00-00", "alternatives": ["63", "3", "3"]}, {"date": "2023-05-18-17-00-00", "alternatives": ["63", "3", "3"]}, {"date": "2023-05-18-17-00-00", "alternatives": ["63", "3", "3"]}, {"date": "2023-05-18-17-00-00", "alternatives": ["63", "3", "3"]}, {"date": "2023-05-18-17-00-00", "alternatives": ["63", "3", "3"]}, {"date": "2023-05-18-17-00-00", "alternatives": ["63", "3", "3"]}, {"date": "2023-05-18-17-00-00", "alternatives": ["63", "3", "3"]}, {"date": "2023-05-18-17-00-00", "alternatives": ["63", "3", "3"]}]}, {"location": {"country_code": "ca", "region": "Ontario"}, "game_id": "747108", "values": [{"date": "2023-05-19-00-00-00", "alternatives": ["320", "32", "32"]}, {"date": "2023-05-19-00-00-00", "alternatives": ["320", "32", "32"]}, {"date": "2023-05-19-00-00-00", "alternatives": ["320", "32", "32"]}, {"date": "2023-05-19-00-00-00", "alternatives": ["320", "32", "32"]}, {"date": "2023-05-19-00-00-00", "alternatives": ["320", "32", "32"]}, {"date": "2023-05-19-00-00-00", "alternatives": ["320", "32", "32"]}, {"date": "2023-05-19-00-00-00", "alternatives": ["320", "32", "32"]}, {"date": "2023-05-19-00-00-00", "alternatives": ["320", "32", "32"]}, {"date": "2023-05-19-00-00-00", "alternatives": ["320", "32", "32"]}, {"date": "2023-05-19-00-00-00", "alternatives": ["320", "32", "32"]}, {"date": "2023-05-19-00-00-00", "alternatives": ["320", "32", "32"]}, {"date": "2023-05-19-00-00-00", "alternatives": ["320", "32", "32"]}, {"date": "2023-05-19-00-00-00", "alternatives": ["320", "32", "32"]}, {"date": "2023-05-19-00-00-00", "alternatives": ["320", "32", "32"]}, {"date": "2023-05-19-00-00-00", "alternatives": ["320", "32", "32"]}, {"date": "2023-05-19-00-00-00", "alternatives": ["320", "32", "32"]}, {"date": "2023-05-19-00-00-00", "alternatives": ["320", "32", "32"]}]}, {"location": {"country_code": "de"}, "game_id": "747108", "values": [{"date": "2023-05-18-20-00-00", "alternatives": ["7", "47", "47"]}, {"date": "2023-05-18-20-00-00", "alternatives": ["7", "47", "47"]}, {"date": "2023-05-18-20-00-00", "alternatives": ["7", "47", "47"]}, {"date": "2023-05-18-20-00-00", "alternatives": ["7", "47", "47"]}, {"date": "2023-05-18-20-00-00", "alternatives": ["7", "47", "47"]}, {"date": "2023-05-18-20-00-00", "alternatives": ["7", "47", "47"]}, {"date": "2023-05-18-20-00-00", "alternatives": ["7", "47", "47"]}, {"date": "2023-05-18-20-00-00", "alternatives": ["7", "47", "47"]}, {"date": "2023-05-18-20-00-00", "alternatives": ["7", "47", "47"]}, {"date": "2023-05-18-20-00-00", "alternatives": ["7", "47", "47"]}, {"date": "2023-05-18-20-00-00", "alternatives": ["7", "47", "47"]}, {"date": "2023-05-18-20-00-00", "alternatives": ["7", "47", "47"]}, {"date": "2023-05-18-20-00-00", "alternatives": ["7", "47", "47"]}, {"date": "2023-05-18-20-00-00", "alternatives": ["7", "47", "47"]}, {"date": "2023-05-18-20-00-00", "alternatives": ["7", "47", "47"]}, {"date": "2023-05-18-20-00-00", "alternatives": ["7", "47", "47"]}, {"date": "2023-05-18-20-00-00", "alternatives": ["7", "47", "47"]}, {"date": "2023-05-18-20-00-00", "alternatives": ["7", "47", "47"]}, {"date": "2023-05-18-20-00-00", "alternatives": ["7", "47", "47"]}, {"date": "2023-05-18-20-00-00", "alternatives": ["7", "47", "47"]}, {"date": "2023-05-18-20-00-00", "alternatives": ["7", "47", "47"]}, {"date": "2023-05-18-20-00-00", "alternatives": ["7", "47", "47"]}, {"date": "2023-05-18-20-00-00", "alternatives": ["7", "47", "47"]}, {"date": "2023-05-18-20-00-00", "alternatives": ["7", "47", "47"]}, {"date": "2023-05-18-20-00-00", "alternatives": ["7", "47", "47"]}, {"date": "2023-05-19-01-00-00", "alternatives": ["15", "15", "1"]}, {"date": "2023-05-19-01-00-00", "alternatives": ["15", "15", "1"]}, {"date": "2023-05-19-01-00-00", "alternatives": ["15", "15", "1"]}, {"date": "2023-05-19-01-00-00", "alternatives": ["15", "15", "1"]}, {"date": "2023-05-19-01-00-00", "alternatives": ["15", "15", "1"]}, {"date": "2023-05-19-01-00-00", "alternatives": ["15", "15", "1"]}, {"date": "2023-05-18-14-00-00", "alternatives": [6, 16, 16, 16]}]}, {"location": {"country_code": "tw"}, "game_id": "747108", "values": [{"date": "2023-05-18-19-00-00", "alternatives": ["141", "41", "141"]}, {"date": "2023-05-18-19-00-00", "alternatives": ["141", "41", "141"]}, {"date": "2023-05-18-19-00-00", "alternatives": ["141", "41", "141"]}, {"date": "2023-05-18-19-00-00", "alternatives": ["141", "41", "141"]}, {"date": "2023-05-18-19-00-00", "alternatives": ["141", "41", "141"]}, {"date": "2023-05-18-19-00-00", "alternatives": ["141", "41", "141"]}, {"date": "2023-05-18-19-00-00", "alternatives": ["141", "41", "141"]}, {"date": "2023-05-18-19-00-00", "alternatives": ["141", "41", "141"]}, {"date": "2023-05-18-19-00-00", "alternatives": ["141", "41", "141"]}, {"date": "2023-05-18-19-00-00", "alternatives": ["141", "41", "141"]}, {"date": "2023-05-18-19-00-00", "alternatives": ["141", "41", "141"]}, {"date": "2023-05-18-19-00-00", "alternatives": ["141", "41", "141"]}, {"date": "2023-05-18-19-00-00", "alternatives": ["141", "41", "141"]}, {"date": "2023-05-18-19-00-00", "alternatives": ["141", "41", "141"]}, {"date": "2023-05-18-19-00-00", "alternatives": ["141", "41", "141"]}, {"date": "2023-05-18-19-00-00", "alternatives": ["141", "41", "141"]}, {"date": "2023-05-18-19-00-00", "alternatives": ["141", "41", "141"]}, {"date": "2023-05-18-19-00-00", "alternatives": ["141", "41", "141"]}]}, {"location": {"country_code": "us", "region": "Texas"}, "game_id": "747108", "values": [{"date": "2023-05-18-10-00-00", "alternatives": ["31", "31", "3"]}]}, {"location": {"country_code": "us", "region": "Florida"}, "game_id": "747108", "values": [{"date": "2023-05-18-07-00-00", "alternatives": ["31", "3", "31"]}, {"date": "2023-05-18-07-00-00", "alternatives": ["31", "3", "31"]}, {"date": "2023-05-18-07-00-00", "alternatives": ["31", "3", "31"]}, {"date": "2023-05-18-07-00-00", "alternatives": ["31", "3", "31"]}, {"date": "2023-05-18-07-00-00", "alternatives": ["31", "3", "31"]}, {"date": "2023-05-18-07-00-00", "alternatives": ["31", "3", "31"]}, {"date": "2023-05-18-07-00-00", "alternatives": ["31", "3", "31"]}, {"date": "2023-05-18-07-00-00", "alternatives": ["31", "3", "31"]}, {"date": "2023-05-18-07-00-00", "alternatives": ["31", "3", "31"]}, {"date": "2023-05-18-07-00-00", "alternatives": ["31", "3", "31"]}, {"date": "2023-05-18-07-00-00", "alternatives": ["31", "3", "31"]}, {"date": "2023-05-18-07-00-00", "alternatives": ["31", "3", "31"]}, {"date": "2023-05-18-07-00-00", "alternatives": ["31", "3", "31"]}, {"date": "2023-05-18-07-00-00", "alternatives": ["31", "3", "31"]}, {"date": "2023-05-18-07-00-00", "alternatives": ["31", "3", "31"]}, {"date": "2023-05-18-07-00-00", "alternatives": ["31", "3", "31"]}, {"date": "2023-05-18-07-00-00", "alternatives": ["31", "3", "31"]}, {"date": "2023-05-18-07-00-00", "alternatives": ["31", "3", "31"]}, {"date": "2023-05-18-07-00-00", "alternatives": ["31", "3", "31"]}, {"date": "2023-05-18-07-00-00", "alternatives": ["31", "3", "31"]}, {"date": "2023-05-18-07-00-00", "alternatives": ["31", "3", "31"]}]}, {"location": {"country_code": "ph"}, "game_id": "747108", "values": [{"date": "2023-05-18-08-00-00", "alternatives": ["181", "187", "187"]}, {"date": "2023-05-18-22-00-00", "alternatives": [15673, 1, 156, 156, 156]}, {"date": "2023-05-18-22-00-00", "alternatives": [15673, 1, 156, 156, 156]}, {"date": "2023-05-18-22-00-00", "alternatives": [15673, 1, 156, 156, 156]}, {"date": "2023-05-18-22-00-00", "alternatives": [15673, 1, 156, 156, 156]}, {"date": "2023-05-18-22-00-00", "alternatives": [15673, 1, 156, 156, 156]}, {"date": "2023-05-18-22-00-00", "alternatives": [15673, 1, 156, 156, 156]}, {"date": "2023-05-18-22-00-00", "alternatives": [15673, 1, 156, 156, 156]}, {"date": "2023-05-18-22-00-00", "alternatives": [15673, 1, 156, 156, 156]}, {"date": "2023-05-18-22-00-00", "alternatives": [15673, 1, 156, 156, 156]}, {"date": "2023-05-18-22-00-00", "alternatives": [15673, 1, 156, 156, 156]}, {"date": "2023-05-18-22-00-00", "alternatives": [15673, 1, 156, 156, 156]}, {"date": "2023-05-18-22-00-00", "alternatives": [15673, 1, 156, 156, 156]}, {"date": "2023-05-18-22-00-00", "alternatives": [15673, 1, 156, 156, 156]}, {"date": "2023-05-18-22-00-00", "alternatives": [15673, 1, 156, 156, 156]}, {"date": "2023-05-18-22-00-00", "alternatives": [15673, 1, 156, 156, 156]}, {"date": "2023-05-18-22-00-00", "alternatives": [15673, 1, 156, 156, 156]}, {"date": "2023-05-18-22-00-00", "alternatives": [15673, 1, 156, 156, 156]}, {"date": "2023-05-18-22-00-00", "alternatives": [15673, 1, 156, 156, 156]}, {"date": "2023-05-18-22-00-00", "alternatives": [15673, 1, 156, 156, 156]}, {"date": "2023-05-18-22-00-00", "alternatives": [15673, 1, 156, 156, 156]}, {"date": "2023-05-18-22-00-00", "alternatives": [15673, 1, 156, 156, 156]}, {"date": "2023-05-18-22-00-00", "alternatives": [15673, 1, 156, 156, 156]}, {"date": "2023-05-18-22-00-00", "alternatives": [15673, 1, 156, 156, 156]}, {"date": "2023-05-18-22-00-00", "alternatives": [15673, 1, 156, 156, 156]}, {"date": "2023-05-18-22-00-00", "alternatives": [15673, 1, 156, 156, 156]}, {"date": "2023-05-18-22-00-00", "alternatives": [15673, 1, 156, 156, 156]}, {"date": "2023-05-18-22-00-00", "alternatives": [15673, 1, 156, 156, 156]}, {"date": "2023-05-18-22-00-00", "alternatives": [15673, 1, 156, 156, 156]}, {"date": "2023-05-18-22-00-00", "alternatives": [15673, 1, 156, 156, 156]}, {"date": "2023-05-18-22-00-00", "alternatives": [15673, 1, 156, 156, 156]}, {"date": "2023-05-18-22-00-00", "alternatives": [15673, 1, 156, 156, 156]}, {"date": "2023-05-18-22-00-00", "alternatives": [15673, 1, 156, 156, 156]}, {"date": "2023-05-18-22-00-00", "alternatives": [15673, 1, 156, 156, 156]}, {"date": "2023-05-18-22-00-00", "alternatives": [15673, 1, 156, 156, 156]}, {"date": "2023-05-18-22-00-00", "alternatives": [15673, 1, 156, 156, 156]}, {"date": "2023-05-18-22-00-00", "alternatives": [15673, 1, 156, 156, 156]}, {"date": "2023-05-18-09-00-00", "alternatives": ["140", "40", "140"]}, {"date": "2023-05-18-09-00-00", "alternatives": ["140", "40", "140"]}, {"date": "2023-05-18-09-00-00", "alternatives": ["140", "40", "140"]}, {"date": "2023-05-18-09-00-00", "alternatives": ["140", "40", "140"]}, {"date": "2023-05-18-09-00-00", "alternatives": ["140", "40", "140"]}, {"date": "2023-05-18-09-00-00", "alternatives": ["140", "40", "140"]}, {"date": "2023-05-18-09-00-00", "alternatives": ["140", "40", "140"]}, {"date": "2023-05-18-09-00-00", "alternatives": ["140", "40", "140"]}, {"date": "2023-05-18-09-00-00", "alternatives": ["140", "40", "140"]}, {"date": "2023-05-18-09-00-00", "alternatives": ["140", "40", "140"]}, {"date": "2023-05-18-09-00-00", "alternatives": ["140", "40", "140"]}, {"date": "2023-05-18-09-00-00", "alternatives": ["140", "40", "140"]}, {"date": "2023-05-18-09-00-00", "alternatives": ["140", "40", "140"]}, {"date": "2023-05-18-09-00-00", "alternatives": ["140", "40", "140"]}, {"date": "2023-05-18-09-00-00", "alternatives": ["140", "40", "140"]}, {"date": "2023-05-18-09-00-00", "alternatives": ["140", "40", "140"]}, {"date": "2023-05-18-09-00-00", "alternatives": ["140", "40", "140"]}, {"date": "2023-05-18-09-00-00", "alternatives": ["140", "40", "140"]}, {"date": "2023-05-18-09-00-00", "alternatives": ["140", "40", "140"]}, {"date": "2023-05-18-09-00-00", "alternatives": ["140", "40", "140"]}, {"date": "2023-05-18-09-00-00", "alternatives": ["140", "40", "140"]}, {"date": "2023-05-18-09-00-00", "alternatives": ["140", "40", "140"]}, {"date": "2023-05-18-09-00-00", "alternatives": ["140", "40", "140"]}]}, {"location": {"country_code": "mx"}, "game_id": "747108", "values": [{"date": "2023-05-18-06-00-00", "alternatives": ["781", "78", "78"]}, {"date": "2023-05-18-06-00-00", "alternatives": ["781", "78", "78"]}, {"date": "2023-05-18-06-00-00", "alternatives": ["781", "78", "78"]}, {"date": "2023-05-18-06-00-00", "alternatives": ["781", "78", "78"]}, {"date": "2023-05-18-06-00-00", "alternatives": ["781", "78", "78"]}, {"date": "2023-05-18-06-00-00", "alternatives": ["781", "78", "78"]}, {"date": "2023-05-18-06-00-00", "alternatives": ["781", "78", "78"]}, {"date": "2023-05-18-06-00-00", "alternatives": ["781", "78", "78"]}, {"date": "2023-05-18-06-00-00", "alternatives": ["781", "78", "78"]}, {"date": "2023-05-18-06-00-00", "alternatives": ["781", "78", "78"]}, {"date": "2023-05-18-06-00-00", "alternatives": ["781", "78", "78"]}, {"date": "2023-05-18-06-00-00", "alternatives": ["781", "78", "78"]}, {"date": "2023-05-18-06-00-00", "alternatives": ["781", "78", "78"]}, {"date": "2023-05-18-06-00-00", "alternatives": ["781", "78", "78"]}, {"date": "2023-05-18-06-00-00", "alternatives": ["781", "78", "78"]}, {"date": "2023-05-18-06-00-00", "alternatives": ["781", "78", "78"]}, {"date": "2023-05-18-06-00-00", "alternatives": ["781", "78", "78"]}, {"date": "2023-05-18-06-00-00", "alternatives": ["781", "78", "78"]}, {"date": "2023-05-18-06-00-00", "alternatives": ["781", "78", "78"]}, {"date": "2023-05-18-06-00-00", "alternatives": ["781", "78", "78"]}, {"date": "2023-05-18-06-00-00", "alternatives": ["781", "78", "78"]}, {"date": "2023-05-18-06-00-00", "alternatives": ["781", "78", "78"]}, {"date": "2023-05-18-23-00-00", "alternatives": ["62", "62", "2"]}, {"date": "2023-05-18-23-00-00", "alternatives": ["62", "62", "2"]}, {"date": "2023-05-18-23-00-00", "alternatives": ["62", "62", "2"]}, {"date": "2023-05-18-23-00-00", "alternatives": ["62", "62", "2"]}, {"date": "2023-05-18-23-00-00", "alternatives": ["62", "62", "2"]}, {"date": "2023-05-18-23-00-00", "alternatives": ["62", "62", "2"]}, {"date": "2023-05-18-23-00-00", "alternatives": ["62", "62", "2"]}, {"date": "2023-05-18-23-00-00", "alternatives": ["62", "62", "2"]}, {"date": "2023-05-18-23-00-00", "alternatives": ["62", "62", "2"]}, {"date": "2023-05-18-23-00-00", "alternatives": ["62", "62", "2"]}, {"date": "2023-05-18-23-00-00", "alternatives": ["62", "62", "2"]}, {"date": "2023-05-18-23-00-00", "alternatives": ["62", "62", "2"]}, {"date": "2023-05-18-23-00-00", "alternatives": ["62", "62", "2"]}, {"date": "2023-05-18-23-00-00", "alternatives": ["62", "62", "2"]}, {"date": "2023-05-19-01-00-00", "alternatives": ["78", "78", "781"]}, {"date": "2023-05-19-01-00-00", "alternatives": ["78", "78", "781"]}, {"date": "2023-05-19-01-00-00", "alternatives": ["78", "78", "781"]}, {"date": "2023-05-19-01-00-00", "alternatives": ["78", "78", "781"]}, {"date": "2023-05-19-01-00-00", "alternatives": ["78", "78", "781"]}, {"date": "2023-05-19-01-00-00", "alternatives": ["78", "78", "781"]}, {"date": "2023-05-19-01-00-00", "alternatives": ["78", "78", "781"]}, {"date": "2023-05-19-01-00-00", "alternatives": ["78", "78", "781"]}, {"date": "2023-05-19-01-00-00", "alternatives": ["78", "78", "781"]}, {"date": "2023-05-18-07-00-00", "alternatives": [40, 140, 140, 140]}, {"date": "2023-05-18-07-00-00", "alternatives": [40, 140, 140, 140]}, {"date": "2023-05-18-07-00-00", "alternatives": [40, 140, 140, 140]}, {"date": "2023-05-18-07-00-00", "alternatives": [40, 140, 140, 140]}, {"date": "2023-05-18-07-00-00", "alternatives": [40, 140, 140, 140]}, {"date": "2023-05-18-07-00-00", "alternatives": [40, 140, 140, 140]}, {"date": "2023-05-18-07-00-00", "alternatives": [40, 140, 140, 140]}, {"date": "2023-05-18-07-00-00", "alternatives": [40, 140, 140, 140]}, {"date": "2023-05-18-07-00-00", "alternatives": [40, 140, 140, 140]}, {"date": "2023-05-18-07-00-00", "alternatives": [40, 140, 140, 140]}, {"date": "2023-05-18-07-00-00", "alternatives": [40, 140, 140, 140]}, {"date": "2023-05-18-07-00-00", "alternatives": [40, 140, 140, 140]}, {"date": "2023-05-18-07-00-00", "alternatives": [40, 140, 140, 140]}, {"date": "2023-05-18-07-00-00", "alternatives": [40, 140, 140, 140]}, {"date": "2023-05-18-07-00-00", "alternatives": [40, 140, 140, 140]}, {"date": "2023-05-18-07-00-00", "alternatives": [40, 140, 140, 140]}, {"date": "2023-05-18-07-00-00", "alternatives": [40, 140, 140, 140]}, {"date": "2023-05-18-07-00-00", "alternatives": [40, 140, 140, 140]}, {"date": "2023-05-18-07-00-00", "alternatives": [40, 140, 140, 140]}]}, {"location": {"country_code": "in"}, "game_id": "747108", "values": [{"date": "2023-05-18-15-00-00", "alternatives": ["56", "156", "156"]}, {"date": "2023-05-18-15-00-00", "alternatives": ["56", "156", "156"]}, {"date": "2023-05-18-15-00-00", "alternatives": ["56", "156", "156"]}, {"date": "2023-05-18-15-00-00", "alternatives": ["56", "156", "156"]}, {"date": "2023-05-18-15-00-00", "alternatives": ["56", "156", "156"]}, {"date": "2023-05-18-15-00-00", "alternatives": ["56", "156", "156"]}, {"date": "2023-05-18-15-00-00", "alternatives": ["56", "156", "156"]}, {"date": "2023-05-18-15-00-00", "alternatives": ["56", "156", "156"]}, {"date": "2023-05-18-23-00-00", "alternatives": ["1", "188", "1"]}, {"date": "2023-05-18-23-00-00", "alternatives": ["1", "188", "1"]}, {"date": "2023-05-18-23-00-00", "alternatives": ["1", "188", "1"]}, {"date": "2023-05-18-23-00-00", "alternatives": ["1", "188", "1"]}, {"date": "2023-05-18-23-00-00", "alternatives": ["1", "188", "1"]}, {"date": "2023-05-18-23-00-00", "alternatives": ["1", "188", "1"]}, {"date": "2023-05-18-23-00-00", "alternatives": ["1", "188", "1"]}]}, {"location": {"country_code": "br"}, "game_id": "747108", "values": [{"date": "2023-05-18-17-00-00", "alternatives": ["16", "6", "16"]}, {"date": "2023-05-18-17-00-00", "alternatives": ["16", "6", "16"]}, {"date": "2023-05-18-17-00-00", "alternatives": ["16", "6", "16"]}, {"date": "2023-05-18-17-00-00", "alternatives": ["16", "6", "16"]}, {"date": "2023-05-18-17-00-00", "alternatives": ["16", "6", "16"]}, {"date": "2023-05-18-17-00-00", "alternatives": ["16", "6", "16"]}, {"date": "2023-05-18-17-00-00", "alternatives": ["16", "6", "16"]}, {"date": "2023-05-18-17-00-00", "alternatives": ["16", "6", "16"]}, {"date": "2023-05-18-17-00-00", "alternatives": ["16", "6", "16"]}, {"date": "2023-05-18-17-00-00", "alternatives": ["16", "6", "16"]}, {"date": "2023-05-18-17-00-00", "alternatives": ["16", "6", "16"]}, {"date": "2023-05-18-17-00-00", "alternatives": ["16", "6", "16"]}, {"date": "2023-05-18-17-00-00", "alternatives": ["16", "6", "16"]}, {"date": "2023-05-18-17-00-00", "alternatives": ["16", "6", "16"]}, {"date": "2023-05-18-17-00-00", "alternatives": ["16", "6", "16"]}, {"date": "2023-05-18-17-00-00", "alternatives": ["16", "6", "16"]}, {"date": "2023-05-18-17-00-00", "alternatives": ["16", "6", "16"]}, {"date": "2023-05-18-17-00-00", "alternatives": ["16", "6", "16"]}, {"date": "2023-05-18-17-00-00", "alternatives": ["16", "6", "16"]}, {"date": "2023-05-18-17-00-00", "alternatives": ["16", "6", "16"]}, {"date": "2023-05-18-17-00-00", "alternatives": ["16", "6", "16"]}, {"date": "2023-05-18-17-00-00", "alternatives": ["16", "6", "16"]}, {"date": "2023-05-18-17-00-00", "alternatives": ["16", "6", "16"]}, {"date": "2023-05-18-17-00-00", "alternatives": ["16", "6", "16"]}, {"date": "2023-05-18-17-00-00", "alternatives": ["16", "6", "16"]}, {"date": "2023-05-18-17-00-00", "alternatives": ["16", "6", "16"]}, {"date": "2023-05-18-17-00-00", "alternatives": ["16", "6", "16"]}, {"date": "2023-05-18-17-00-00", "alternatives": ["16", "6", "16"]}, {"date": "2023-05-18-17-00-00", "alternatives": ["16", "6", "16"]}, {"date": "2023-05-18-17-00-00", "alternatives": ["16", "6", "16"]}, {"date": "2023-05-18-17-00-00", "alternatives": ["16", "6", "16"]}, {"date": "2023-05-18-17-00-00", "alternatives": ["16", "6", "16"]}, {"date": "2023-05-18-17-00-00", "alternatives": ["16", "6", "16"]}, {"date": "2023-05-18-17-00-00", "alternatives": ["16", "6", "16"]}, {"date": "2023-05-18-17-00-00", "alternatives": ["16", "6", "16"]}, {"date": "2023-05-18-17-00-00", "alternatives": ["16", "6", "16"]}, {"date": "2023-05-18-17-00-00", "alternatives": ["16", "6", "16"]}, {"date": "2023-05-18-17-00-00", "alternatives": ["16", "6", "16"]}, {"date": "2023-05-18-23-00-00", "alternatives": ["32", "32", "3"]}, {"date": "2023-05-18-23-00-00", "alternatives": ["32", "32", "3"]}, {"date": "2023-05-18-23-00-00", "alternatives": ["32", "32", "3"]}, {"date": "2023-05-18-23-00-00", "alternatives": ["32", "32", "3"]}, {"date": "2023-05-18-23-00-00", "alternatives": ["32", "32", "3"]}, {"date": "2023-05-18-23-00-00", "alternatives": ["32", "32", "3"]}, {"date": "2023-05-18-23-00-00", "alternatives": ["32", "32", "3"]}, {"date": "2023-05-18-23-00-00", "alternatives": ["32", "32", "3"]}, {"date": "2023-05-18-23-00-00", "alternatives": ["32", "32", "3"]}, {"date": "2023-05-18-23-00-00", "alternatives": ["32", "32", "3"]}, {"date": "2023-05-18-23-00-00", "alternatives": ["32", "32", "3"]}, {"date": "2023-05-18-23-00-00", "alternatives": ["32", "32", "3"]}, {"date": "2023-05-18-23-00-00", "alternatives": ["32", "32", "3"]}, {"date": "2023-05-18-23-00-00", "alternatives": ["32", "32", "3"]}, {"date": "2023-05-18-23-00-00", "alternatives": ["32", "32", "3"]}, {"date": "2023-05-18-23-00-00", "alternatives": ["32", "32", "3"]}, {"date": "2023-05-18-23-00-00", "alternatives": ["32", "32", "3"]}, {"date": "2023-05-18-23-00-00", "alternatives": ["32", "32", "3"]}, {"date": "2023-05-18-23-00-00", "alternatives": ["32", "32", "3"]}, {"date": "2023-05-18-23-00-00", "alternatives": ["32", "32", "3"]}, {"date": "2023-05-18-22-00-00", "alternatives": ["47", "7", "47"]}, {"date": "2023-05-18-22-00-00", "alternatives": ["47", "7", "47"]}, {"date": "2023-05-18-22-00-00", "alternatives": ["47", "7", "47"]}, {"date": "2023-05-18-22-00-00", "alternatives": ["47", "7", "47"]}, {"date": "2023-05-18-22-00-00", "alternatives": ["47", "7", "47"]}, {"date": "2023-05-18-22-00-00", "alternatives": ["47", "7", "47"]}, {"date": "2023-05-18-22-00-00", "alternatives": ["47", "7", "47"]}, {"date": "2023-05-18-22-00-00", "alternatives": ["47", "7", "47"]}, {"date": "2023-05-18-22-00-00", "alternatives": ["47", "7", "47"]}, {"date": "2023-05-18-22-00-00", "alternatives": ["47", "7", "47"]}, {"date": "2023-05-18-22-00-00", "alternatives": ["47", "7", "47"]}, {"date": "2023-05-18-22-00-00", "alternatives": ["47", "7", "47"]}, {"date": "2023-05-18-22-00-00", "alternatives": ["47", "7", "47"]}, {"date": "2023-05-18-22-00-00", "alternatives": ["47", "7", "47"]}, {"date": "2023-05-18-22-00-00", "alternatives": ["47", "7", "47"]}, {"date": "2023-05-18-22-00-00", "alternatives": ["47", "7", "47"]}, {"date": "2023-05-18-22-00-00", "alternatives": ["47", "7", "47"]}, {"date": "2023-05-18-22-00-00", "alternatives": ["47", "7", "47"]}, {"date": "2023-05-18-22-00-00", "alternatives": ["47", "7", "47"]}, {"date": "2023-05-18-22-00-00", "alternatives": ["47", "7", "47"]}, {"date": "2023-05-18-22-00-00", "alternatives": ["47", "7", "47"]}, {"date": "2023-05-18-22-00-00", "alternatives": ["47", "7", "47"]}, {"date": "2023-05-18-22-00-00", "alternatives": ["47", "7", "47"]}, {"date": "2023-05-18-22-00-00", "alternatives": ["47", "7", "47"]}, {"date": "2023-05-18-22-00-00", "alternatives": ["47", "7", "47"]}, {"date": "2023-05-18-22-00-00", "alternatives": ["47", "7", "47"]}, {"date": "2023-05-18-22-00-00", "alternatives": ["47", "7", "47"]}, {"date": "2023-05-18-04-00-00", "alternatives": [3, 8, 31, 31, 31]}, {"date": "2023-05-18-04-00-00", "alternatives": [3, 8, 31, 31, 31]}, {"date": "2023-05-18-04-00-00", "alternatives": [3, 8, 31, 31, 31]}, {"date": "2023-05-18-04-00-00", "alternatives": [3, 8, 31, 31, 31]}, {"date": "2023-05-18-04-00-00", "alternatives": [3, 8, 31, 31, 31]}, {"date": "2023-05-18-04-00-00", "alternatives": [3, 8, 31, 31, 31]}, {"date": "2023-05-18-04-00-00", "alternatives": [3, 8, 31, 31, 31]}]}, {"location": {"country_code": "br", "region": "Sao Paulo", "city": "Apiai"}, "game_id": "747108", "values": [{"date": "2023-05-18-05-00-00", "alternatives": ["16", "6", "16"]}, {"date": "2023-05-18-05-00-00", "alternatives": ["16", "6", "16"]}, {"date": "2023-05-18-05-00-00", "alternatives": ["16", "6", "16"]}, {"date": "2023-05-18-05-00-00", "alternatives": ["16", "6", "16"]}, {"date": "2023-05-18-05-00-00", "alternatives": ["16", "6", "16"]}, {"date": "2023-05-18-05-00-00", "alternatives": ["16", "6", "16"]}, {"date": "2023-05-18-05-00-00", "alternatives": ["16", "6", "16"]}, {"date": "2023-05-18-05-00-00", "alternatives": ["16", "6", "16"]}, {"date": "2023-05-18-05-00-00", "alternatives": ["16", "6", "16"]}, {"date": "2023-05-18-05-00-00", "alternatives": ["16", "6", "16"]}, {"date": "2023-05-18-05-00-00", "alternatives": ["16", "6", "16"]}, {"date": "2023-05-19-00-00-00", "alternatives": ["31", "1", "1"]}, {"date": "2023-05-18-03-00-00", "alternatives": ["3", "3", "31"]}, {"date": "2023-05-18-03-00-00", "alternatives": ["3", "3", "31"]}, {"date": "2023-05-18-03-00-00", "alternatives": ["3", "3", "31"]}, {"date": "2023-05-18-03-00-00", "alternatives": ["3", "3", "31"]}, {"date": "2023-05-18-03-00-00", "alternatives": ["3", "3", "31"]}, {"date": "2023-05-18-03-00-00", "alternatives": ["3", "3", "31"]}, {"date": "2023-05-18-03-00-00", "alternatives": ["3", "3", "31"]}, {"date": "2023-05-18-03-00-00", "alternatives": ["3", "3", "31"]}, {"date": "2023-05-18-03-00-00", "alternatives": ["3", "3", "31"]}, {"date": "2023-05-18-03-00-00", "alternatives": ["3", "3", "31"]}, {"date": "2023-05-18-03-00-00", "alternatives": ["3", "3", "31"]}, {"date": "2023-05-18-03-00-00", "alternatives": ["3", "3", "31"]}, {"date": "2023-05-18-03-00-00", "alternatives": ["3", "3", "31"]}, {"date": "2023-05-18-03-00-00", "alternatives": ["3", "3", "31"]}, {"date": "2023-05-18-03-00-00", "alternatives": ["3", "3", "31"]}, {"date": "2023-05-18-03-00-00", "alternatives": ["3", "3", "31"]}, {"date": "2023-05-18-03-00-00", "alternatives": ["3", "3", "31"]}, {"date": "2023-05-18-03-00-00", "alternatives": ["3", "3", "31"]}, {"date": "2023-05-18-03-00-00", "alternatives": ["3", "3", "31"]}, {"date": "2023-05-18-03-00-00", "alternatives": ["3", "3", "31"]}, {"date": "2023-05-18-03-00-00", "alternatives": ["3", "3", "31"]}, {"date": "2023-05-18-03-00-00", "alternatives": ["3", "3", "31"]}, {"date": "2023-05-18-03-00-00", "alternatives": ["3", "3", "31"]}, {"date": "2023-05-18-03-00-00", "alternatives": ["3", "3", "31"]}, {"date": "2023-05-18-03-00-00", "alternatives": ["3", "3", "31"]}, {"date": "2023-05-18-03-00-00", "alternatives": ["3", "3", "31"]}, {"date": "2023-05-18-03-00-00", "alternatives": ["3", "3", "31"]}, {"date": "2023-05-18-03-00-00", "alternatives": ["3", "3", "31"]}, {"date": "2023-05-18-03-00-00", "alternatives": ["3", "3", "31"]}, {"date": "2023-05-18-03-00-00", "alternatives": ["3", "3", "31"]}, {"date": "2023-05-18-03-00-00", "alternatives": ["3", "3", "31"]}, {"date": "2023-05-18-03-00-00", "alternatives": ["3", "3", "31"]}, {"date": "2023-05-18-03-00-00", "alternatives": ["3", "3", "31"]}, {"date": "2023-05-18-03-00-00", "alternatives": ["3", "3", "31"]}, {"date": "2023-05-18-03-00-00", "alternatives": ["3", "3", "31"]}, {"date": "2023-05-18-03-00-00", "alternatives": ["3", "3", "31"]}, {"date": "2023-05-18-03-00-00", "alternatives": ["3", "3", "31"]}, {"date": "2023-05-18-03-00-00", "alternatives": ["3", "3", "31"]}]}, {"location": {"country_code": "se"}, "game_id": "747108", "values": [{"date": "2023-05-18-16-00-00", "alternatives": ["3", "31", "31"]}, {"date": "2023-05-18-16-00-00", "alternatives": ["3", "31", "31"]}, {"date": "2023-05-18-16-00-00", "alternatives": ["3", "31", "31"]}, {"date": "2023-05-18-16-00-00", "alternatives": ["3", "31", "31"]}, {"date": "2023-05-18-16-00-00", "alternatives": ["3", "31", "31"]}, {"date": "2023-05-18-16-00-00", "alternatives": ["3", "31", "31"]}, {"date": "2023-05-18-16-00-00", "alternatives": ["3", "31", "31"]}, {"date": "2023-05-18-16-00-00", "alternatives": ["3", "31", "31"]}, {"date": "2023-05-18-16-00-00", "alternatives": ["3", "31", "31"]}, {"date": "2023-05-18-16-00-00", "alternatives": ["3", "31", "31"]}, {"date": "2023-05-18-16-00-00", "alternatives": ["3", "31", "31"]}, {"date": "2023-05-18-16-00-00", "alternatives": ["3", "31", "31"]}, {"date": "2023-05-18-16-00-00", "alternatives": ["3", "31", "31"]}, {"date": "2023-05-18-16-00-00", "alternatives": ["3", "31", "31"]}, {"date": "2023-05-18-16-00-00", "alternatives": ["3", "31", "31"]}, {"date": "2023-05-18-16-00-00", "alternatives": ["3", "31", "31"]}, {"date": "2023-05-18-16-00-00", "alternatives": ["3", "31", "31"]}]}, {"location": {"country_code": "us", "region": "Texas", "city": "Austin"}, "game_id": "747108", "values": [{"date": "2023-05-18-03-00-00", "alternatives": ["7", "47", "7"]}]}, {"location": {"country_code": "tr"}, "game_id": "747108", "values": [{"date": "2023-05-18-20-00-00", "alternatives": ["63", "63", "3"]}, {"date": "2023-05-18-20-00-00", "alternatives": ["63", "63", "3"]}, {"date": "2023-05-18-20-00-00", "alternatives": ["63", "63", "3"]}, {"date": "2023-05-18-20-00-00", "alternatives": ["63", "63", "3"]}, {"date": "2023-05-18-20-00-00", "alternatives": ["63", "63", "3"]}, {"date": "2023-05-18-20-00-00", "alternatives": ["63", "63", "3"]}, {"date": "2023-05-18-20-00-00", "alternatives": ["63", "63", "3"]}, {"date": "2023-05-18-20-00-00", "alternatives": ["63", "63", "3"]}, {"date": "2023-05-18-20-00-00", "alternatives": ["63", "63", "3"]}, {"date": "2023-05-18-20-00-00", "alternatives": ["63", "63", "3"]}, {"date": "2023-05-18-20-00-00", "alternatives": ["63", "63", "3"]}, {"date": "2023-05-18-20-00-00", "alternatives": ["63", "63", "3"]}, {"date": "2023-05-18-20-00-00", "alternatives": ["63", "63", "3"]}, {"date": "2023-05-18-20-00-00", "alternatives": ["63", "63", "3"]}, {"date": "2023-05-18-20-00-00", "alternatives": ["63", "63", "3"]}, {"date": "2023-05-18-20-00-00", "alternatives": ["63", "63", "3"]}]}, {"location": {"country_code": "kr"}, "game_id": "747108", "values": [{"date": "2023-05-18-10-00-00", "alternatives": ["16", "1", "16"]}, {"date": "2023-05-18-10-00-00", "alternatives": ["16", "1", "16"]}, {"date": "2023-05-18-10-00-00", "alternatives": ["16", "1", "16"]}, {"date": "2023-05-18-10-00-00", "alternatives": ["16", "1", "16"]}, {"date": "2023-05-18-10-00-00", "alternatives": ["16", "1", "16"]}, {"date": "2023-05-18-10-00-00", "alternatives": ["16", "1", "16"]}, {"date": "2023-05-18-10-00-00", "alternatives": ["16", "1", "16"]}, {"date": "2023-05-18-10-00-00", "alternatives": ["16", "1", "16"]}, {"date": "2023-05-18-10-00-00", "alternatives": ["16", "1", "16"]}]}, {"location": {"country_code": "ar"}, "game_id": "747108", "values": [{"date": "2023-05-18-09-00-00", "alternatives": ["3", "31", "31"]}, {"date": "2023-05-18-09-00-00", "alternatives": ["3", "31", "31"]}, {"date": "2023-05-18-09-00-00", "alternatives": ["3", "31", "31"]}, {"date": "2023-05-18-09-00-00", "alternatives": ["3", "31", "31"]}, {"date": "2023-05-18-09-00-00", "alternatives": ["3", "31", "31"]}]}, {"location": {"country_code": "us", "region": "Texas", "city": "Houston"}, "game_id": "747108", "values": [{"date": "2023-05-18-08-00-00", "alternatives": ["635", "63", "63"]}, {"date": "2023-05-18-08-00-00", "alternatives": ["635", "63", "63"]}, {"date": "2023-05-18-08-00-00", "alternatives": ["635", "63", "63"]}, {"date": "2023-05-18-08-00-00", "alternatives": ["635", "63", "63"]}, {"date": "2023-05-18-08-00-00", "alternatives": ["635", "63", "63"]}, {"date": "2023-05-18-08-00-00", "alternatives": ["635", "63", "63"]}, {"date": "2023-05-18-08-00-00", "alternatives": ["635", "63", "63"]}, {"date": "2023-05-18-08-00-00", "alternatives": ["635", "63", "63"]}, {"date": "2023-05-18-08-00-00", "alternatives": ["635", "63", "63"]}, {"date": "2023-05-18-08-00-00", "alternatives": ["635", "63", "63"]}, {"date": "2023-05-18-08-00-00", "alternatives": ["635", "63", "63"]}, {"date": "2023-05-18-08-00-00", "alternatives": ["635", "63", "63"]}, {"date": "2023-05-18-08-00-00", "alternatives": ["635", "63", "63"]}, {"date": "2023-05-18-08-00-00", "alternatives": ["635", "63", "63"]}, {"date": "2023-05-18-08-00-00", "alternatives": ["635", "63", "63"]}, {"date": "2023-05-18-08-00-00", "alternatives": ["635", "63", "63"]}, {"date": "2023-05-18-08-00-00", "alternatives": ["635", "63", "63"]}, {"date": "2023-05-18-08-00-00", "alternatives": ["635", "63", "63"]}, {"date": "2023-05-18-08-00-00", "alternatives": ["635", "63", "63"]}]}, {"location": {"country_code": "mx", "region": "Puebla"}, "game_id": "747108", "values": [{"date": "2023-05-19-00-00-00", "alternatives": [9, 7, 79, 79, 79]}, {"date": "2023-05-19-00-00-00", "alternatives": [9, 7, 79, 79, 79]}, {"date": "2023-05-19-00-00-00", "alternatives": [9, 7, 79, 79, 79]}, {"date": "2023-05-19-00-00-00", "alternatives": [9, 7, 79, 79, 79]}, {"date": "2023-05-19-00-00-00", "alternatives": [9, 7, 79, 79, 79]}, {"date": "2023-05-19-00-00-00", "alternatives": [9, 7, 79, 79, 79]}, {"date": "2023-05-19-00-00-00", "alternatives": [9, 7, 79, 79, 79]}, {"date": "2023-05-19-00-00-00", "alternatives": [9, 7, 79, 79, 79]}, {"date": "2023-05-19-00-00-00", "alternatives": [9, 7, 79, 79, 79]}, {"date": "2023-05-19-00-00-00", "alternatives": [9, 7, 79, 79, 79]}, {"date": "2023-05-19-00-00-00", "alternatives": [9, 7, 79, 79, 79]}, {"date": "2023-05-19-00-00-00", "alternatives": [9, 7, 79, 79, 79]}, {"date": "2023-05-19-00-00-00", "alternatives": [9, 7, 79, 79, 79]}, {"date": "2023-05-19-00-00-00", "alternatives": [9, 7, 79, 79, 79]}, {"date": "2023-05-19-00-00-00", "alternatives": [9, 7, 79, 79, 79]}, {"date": "2023-05-19-00-00-00", "alternatives": [9, 7, 79, 79, 79]}, {"date": "2023-05-19-00-00-00", "alternatives": [9, 7, 79, 79, 79]}, {"date": "2023-05-19-00-00-00", "alternatives": [9, 7, 79, 79, 79]}, {"date": "2023-05-19-00-00-00", "alternatives": [9, 7, 79, 79, 79]}, {"date": "2023-05-19-00-00-00", "alternatives": [9, 7, 79, 79, 79]}, {"date": "2023-05-19-00-00-00", "alternatives": [9, 7, 79, 79, 79]}, {"date": "2023-05-19-00-00-00", "alternatives": [9, 7, 79, 79, 79]}, {"date": "2023-05-19-00-00-00", "alternatives": [9, 7, 79, 79, 79]}, {"date": "2023-05-19-00-00-00", "alternatives": [9, 7, 79, 79, 79]}, {"date": "2023-05-19-00-00-00", "alternatives": [9, 7, 79, 79, 79]}, {"date": "2023-05-19-00-00-00", "alternatives": [9, 7, 79, 79, 79]}, {"date": "2023-05-19-00-00-00", "alternatives": [9, 7, 79, 79, 79]}, {"date": "2023-05-19-00-00-00", "alternatives": [9, 7, 79, 79, 79]}, {"date": "2023-05-19-00-00-00", "alternatives": [9, 7, 79, 79, 79]}, {"date": "2023-05-19-00-00-00", "alternatives": [9, 7, 79, 79, 79]}, {"date": "2023-05-19-00-00-00", "alternatives": [9, 7, 79, 79, 79]}, {"date": "2023-05-19-00-00-00", "alternatives": [9, 7, 79, 79, 79]}, {"date": "2023-05-19-00-00-00", "alternatives": [9, 7, 79, 79, 79]}, {"date": "2023-05-19-00-00-00", "alternatives": [9, 7, 79, 79, 79]}, {"date": "2023-05-19-00-00-00", "alternatives": [9, 7, 79, 79, 79]}, {"date": "2023-05-19-00-00-00", "alternatives": [9, 7, 79, 79, 79]}, {"date": "2023-05-19-00-00-00", "alternatives": [9, 7, 79, 79, 79]}, {"date": "2023-05-19-00-00-00", "alternatives": [9, 7, 79, 79, 79]}, {"date": "2023-05-19-00-00-00", "alternatives": [9, 7, 79, 79, 79]}, {"date": "2023-05-19-00-00-00", "alternatives": [9, 7, 79, 79, 79]}]}, {"location": {"country_code": "de", "region": "Bavaria"}, "game_id": "747108", "values": [{"date": "2023-05-18-20-00-00", "alternatives": ["16", "16", "1"]}, {"date": "2023-05-18-20-00-00", "alternatives": ["16", "16", "1"]}, {"date": "2023-05-18-20-00-00", "alternatives": ["16", "16", "1"]}, {"date": "2023-05-18-20-00-00", "alternatives": ["16", "16", "1"]}, {"date": "2023-05-18-20-00-00", "alternatives": ["16", "16", "1"]}, {"date": "2023-05-18-20-00-00", "alternatives": ["16", "16", "1"]}]}, {"location": {"country_code": "pl"}, "game_id": "747108", "values": [{"date": "2023-05-18-16-00-00", "alternatives": ["16", "1", "1"]}, {"date": "2023-05-18-16-00-00", "alternatives": ["16", "1", "1"]}, {"date": "2023-05-18-16-00-00", "alternatives": ["16", "1", "1"]}, {"date": "2023-05-18-16-00-00", "alternatives": ["16", "1", "1"]}, {"date": "2023-05-18-16-00-00", "alternatives": ["16", "1", "1"]}, {"date": "2023-05-18-16-00-00", "alternatives": ["16", "1", "1"]}, {"date": "2023-05-18-16-00-00", "alternatives": ["16", "1", "1"]}, {"date": "2023-05-18-16-00-00", "alternatives": ["16", "1", "1"]}, {"date": "2023-05-18-16-00-00", "alternatives": ["16", "1", "1"]}, {"date": "2023-05-18-16-00-00", "alternatives": ["16", "1", "1"]}, {"date": "2023-05-18-16-00-00", "alternatives": ["16", "1", "1"]}, {"date": "2023-05-18-16-00-00", "alternatives": ["16", "1", "1"]}, {"date": "2023-05-19-00-00-00", "alternatives": ["63", "62", "63"]}, {"date": "2023-05-19-00-00-00", "alternatives": ["63", "62", "63"]}, {"date": "2023-05-19-00-00-00", "alternatives": ["63", "62", "63"]}, {"date": "2023-05-19-00-00-00", "alternatives": ["63", "62", "63"]}, {"date": "2023-05-19-00-00-00", "alternatives": ["63", "62", "63"]}, {"date": "2023-05-19-00-00-00", "alternatives": ["63", "62", "63"]}, {"date": "2023-05-19-00-00-00", "alternatives": ["63", "62", "63"]}, {"date": "2023-05-19-00-00-00", "alternatives": ["63", "62", "63"]}, {"date": "2023-05-19-00-00-00", "alternatives": ["63", "62", "63"]}, {"date": "2023-05-19-00-00-00", "alternatives": ["63", "62", "63"]}, {"date": "2023-05-19-00-00-00", "alternatives": ["63", "62", "63"]}]}, {"location": {"country_code": "ua"}, "game_id": "747108", "values": [{"date": "2023-05-18-18-00-00", "alternatives": ["3", "3", "31"]}, {"date": "2023-05-18-18-00-00", "alternatives": ["3", "3", "31"]}, {"date": "2023-05-18-18-00-00", "alternatives": ["3", "3", "31"]}, {"date": "2023-05-18-18-00-00", "alternatives": ["3", "3", "31"]}, {"date": "2023-05-18-18-00-00", "alternatives": ["3", "3", "31"]}, {"date": "2023-05-18-18-00-00", "alternatives": ["3", "3", "31"]}, {"date": "2023-05-18-18-00-00", "alternatives": ["3", "3", "31"]}, {"date": "2023-05-18-18-00-00", "alternatives": ["3", "3", "31"]}]}, {"location": {"country_code": "do"}, "game_id": "747108", "values": [{"date": "2023-05-18-04-00-00", "alternatives": ["3", "31", "3"]}, {"date": "2023-05-18-04-00-00", "alternatives": ["3", "31", "3"]}, {"date": "2023-05-18-04-00-00", "alternatives": ["3", "31", "3"]}, {"date": "2023-05-18-04-00-00", "alternatives": ["3", "31", "3"]}, {"date": "2023-05-18-04-00-00", "alternatives": ["3", "31", "3"]}, {"date": "2023-05-18-04-00-00", "alternatives": ["3", "31", "3"]}, {"date": "2023-05-18-04-00-00", "alternatives": ["3", "31", "3"]}, {"date": "2023-05-18-04-00-00", "alternatives": ["3", "31", "3"]}, {"date": "2023-05-18-04-00-00", "alternatives": ["3", "31", "3"]}, {"date": "2023-05-18-04-00-00", "alternatives": ["3", "31", "3"]}]}, {"location": {"country_code": "co", "region": "El Valle", "city": "Cali"}, "game_id": "747108", "values": [{"date": "2023-05-18-07-00-00", "alternatives": ["7", "7", "47"]}, {"date": "2023-05-18-07-00-00", "alternatives": ["7", "7", "47"]}, {"date": "2023-05-18-07-00-00", "alternatives": ["7", "7", "47"]}, {"date": "2023-05-18-07-00-00", "alternatives": ["7", "7", "47"]}]}, {"location": {"country_code": "cl", "region": "O'Higgins Region", "city": "Rancagua"}, "game_id": "747108", "values": [{"date": "2023-05-18-04-00-00", "alternatives": ["63", "83", "63"]}, {"date": "2023-05-18-04-00-00", "alternatives": ["63", "83", "63"]}, {"date": "2023-05-18-04-00-00", "alternatives": ["63", "83", "63"]}, {"date": "2023-05-18-04-00-00", "alternatives": ["63", "83", "63"]}, {"date": "2023-05-18-04-00-00", "alternatives": ["63", "83", "63"]}, {"date": "2023-05-18-04-00-00", "alternatives": ["63", "83", "63"]}, {"date": "2023-05-18-04-00-00", "alternatives": ["63", "83", "63"]}, {"date": "2023-05-18-04-00-00", "alternatives": ["63", "83", "63"]}]}, {"location": {"country_code": "es", "region": "Galicia"}, "game_id": "747108", "values": [{"date": "2023-05-19-01-00-00", "alternatives": ["47", "7", "47"]}, {"date": "2023-05-19-01-00-00", "alternatives": ["47", "7", "47"]}, {"date": "2023-05-19-01-00-00", "alternatives": ["47", "7", "47"]}, {"date": "2023-05-19-01-00-00", "alternatives": ["47", "7", "47"]}, {"date": "2023-05-19-01-00-00", "alternatives": ["47", "7", "47"]}, {"date": "2023-05-19-01-00-00", "alternatives": ["47", "7", "47"]}, {"date": "2023-05-19-01-00-00", "alternatives": ["47", "7", "47"]}, {"date": "2023-05-19-01-00-00", "alternatives": ["47", "7", "47"]}, {"date": "2023-05-19-01-00-00", "alternatives": ["47", "7", "47"]}, {"date": "2023-05-19-01-00-00", "alternatives": ["47", "7", "47"]}, {"date": "2023-05-19-01-00-00", "alternatives": ["47", "7", "47"]}, {"date": "2023-05-19-01-00-00", "alternatives": ["47", "7", "47"]}, {"date": "2023-05-19-01-00-00", "alternatives": ["47", "7", "47"]}, {"date": "2023-05-19-01-00-00", "alternatives": ["47", "7", "47"]}, {"date": "2023-05-19-01-00-00", "alternatives": ["47", "7", "47"]}, {"date": "2023-05-19-01-00-00", "alternatives": ["47", "7", "47"]}]}, {"location": {"country_code": "kw"}, "game_id": "747108", "values": [{"date": "2023-05-18-15-00-00", "alternatives": ["1", "1", "2"]}, {"date": "2023-05-18-15-00-00", "alternatives": ["1", "1", "2"]}, {"date": "2023-05-18-15-00-00", "alternatives": ["1", "1", "2"]}, {"date": "2023-05-18-15-00-00", "alternatives": ["1", "1", "2"]}, {"date": "2023-05-18-15-00-00", "alternatives": ["1", "1", "2"]}, {"date": "2023-05-18-15-00-00", "alternatives": ["1", "1", "2"]}, {"date": "2023-05-18-15-00-00", "alternatives": ["1", "1", "2"]}, {"date": "2023-05-18-15-00-00", "alternatives": ["1", "1", "2"]}, {"date": "2023-05-18-15-00-00", "alternatives": ["1", "1", "2"]}, {"date": "2023-05-18-15-00-00", "alternatives": ["1", "1", "2"]}]}, {"location": {"country_code": "mx", "region": "Sonora"}, "game_id": "747108", "values": [{"date": "2023-05-18-02-00-00", "alternatives": ["78", "18", "78"]}, {"date": "2023-05-18-02-00-00", "alternatives": ["78", "18", "78"]}, {"date": "2023-05-18-02-00-00", "alternatives": ["78", "18", "78"]}, {"date": "2023-05-18-02-00-00", "alternatives": ["78", "18", "78"]}, {"date": "2023-05-18-02-00-00", "alternatives": ["78", "18", "78"]}, {"date": "2023-05-18-02-00-00", "alternatives": ["78", "18", "78"]}, {"date": "2023-05-18-02-00-00", "alternatives": ["78", "18", "78"]}, {"date": "2023-05-18-02-00-00", "alternatives": ["78", "18", "78"]}, {"date": "2023-05-18-02-00-00", "alternatives": ["78", "18", "78"]}, {"date": "2023-05-18-02-00-00", "alternatives": ["78", "18", "78"]}, {"date": "2023-05-18-02-00-00", "alternatives": ["78", "18", "78"]}, {"date": "2023-05-18-02-00-00", "alternatives": ["78", "18", "78"]}, {"date": "2023-05-18-02-00-00", "alternatives": ["78", "18", "78"]}, {"date": "2023-05-18-02-00-00", "alternatives": ["78", "18", "78"]}, {"date": "2023-05-18-02-00-00", "alternatives": ["78", "18", "78"]}, {"date": "2023-05-18-02-00-00", "alternatives": ["78", "18", "78"]}, {"date": "2023-05-18-02-00-00", "alternatives": ["78", "18", "78"]}, {"date": "2023-05-18-02-00-00", "alternatives": ["78", "18", "78"]}, {"date": "2023-05-18-02-00-00", "alternatives": ["78", "18", "78"]}, {"date": "2023-05-18-02-00-00", "alternatives": ["78", "18", "78"]}, {"date": "2023-05-18-02-00-00", "alternatives": ["78", "18", "78"]}, {"date": "2023-05-18-02-00-00", "alternatives": ["78", "18", "78"]}, {"date": "2023-05-18-02-00-00", "alternatives": ["78", "18", "78"]}, {"date": "2023-05-18-02-00-00", "alternatives": ["78", "18", "78"]}, {"date": "2023-05-18-02-00-00", "alternatives": ["78", "18", "78"]}, {"date": "2023-05-18-02-00-00", "alternatives": ["78", "18", "78"]}, {"date": "2023-05-18-02-00-00", "alternatives": ["78", "18", "78"]}, {"date": "2023-05-18-02-00-00", "alternatives": ["78", "18", "78"]}, {"date": "2023-05-18-02-00-00", "alternatives": ["78", "18", "78"]}, {"date": "2023-05-18-02-00-00", "alternatives": ["78", "18", "78"]}, {"date": "2023-05-18-02-00-00", "alternatives": ["78", "18", "78"]}, {"date": "2023-05-18-02-00-00", "alternatives": ["78", "18", "78"]}, {"date": "2023-05-18-02-00-00", "alternatives": ["78", "18", "78"]}]}, {"location": {"country_code": "ar", "region": "Tucuman Province", "city": "San Miguel de Tucuman"}, "game_id": "747108", "values": [{"date": "2023-05-18-07-00-00", "alternatives": ["78", "78", "28"]}, {"date": "2023-05-18-07-00-00", "alternatives": ["78", "78", "28"]}, {"date": "2023-05-18-07-00-00", "alternatives": ["78", "78", "28"]}]}, {"location": {"country_code": "bg"}, "game_id": "747108", "values": [{"date": "2023-05-18-16-00-00", "alternatives": ["46", "46", "4"]}, {"date": "2023-05-18-16-00-00", "alternatives": ["46", "46", "4"]}, {"date": "2023-05-18-16-00-00", "alternatives": ["46", "46", "4"]}, {"date": "2023-05-18-16-00-00", "alternatives": ["46", "46", "4"]}, {"date": "2023-05-18-16-00-00", "alternatives": ["46", "46", "4"]}, {"date": "2023-05-18-16-00-00", "alternatives": ["46", "46", "4"]}]}, {"location": {"country_code": "de", "region": "North Rhine-Westphalia"}, "game_id": "747108", "values": [{"date": "2023-05-18-18-00-00", "alternatives": ["16", "16", "1"]}, {"date": "2023-05-18-18-00-00", "alternatives": ["16", "16", "1"]}, {"date": "2023-05-18-18-00-00", "alternatives": ["16", "16", "1"]}, {"date": "2023-05-18-18-00-00", "alternatives": ["16", "16", "1"]}, {"date": "2023-05-18-18-00-00", "alternatives": ["16", "16", "1"]}, {"date": "2023-05-18-18-00-00", "alternatives": ["16", "16", "1"]}, {"date": "2023-05-18-18-00-00", "alternatives": ["16", "16", "1"]}, {"date": "2023-05-18-18-00-00", "alternatives": ["16", "16", "1"]}, {"date": "2023-05-18-18-00-00", "alternatives": ["16", "16", "1"]}, {"date": "2023-05-18-18-00-00", "alternatives": ["16", "16", "1"]}, {"date": "2023-05-18-18-00-00", "alternatives": ["16", "16", "1"]}, {"date": "2023-05-18-18-00-00", "alternatives": ["16", "16", "1"]}, {"date": "2023-05-18-18-00-00", "alternatives": ["16", "16", "1"]}, {"date": "2023-05-18-18-00-00", "alternatives": ["16", "16", "1"]}, {"date": "2023-05-18-18-00-00", "alternatives": ["16", "16", "1"]}, {"date": "2023-05-18-18-00-00", "alternatives": ["16", "16", "1"]}, {"date": "2023-05-18-18-00-00", "alternatives": ["16", "16", "1"]}, {"date": "2023-05-18-18-00-00", "alternatives": ["16", "16", "1"]}, {"date": "2023-05-18-18-00-00", "alternatives": ["16", "16", "1"]}, {"date": "2023-05-18-18-00-00", "alternatives": ["16", "16", "1"]}, {"date": "2023-05-18-18-00-00", "alternatives": ["16", "16", "1"]}, {"date": "2023-05-18-18-00-00", "alternatives": ["16", "16", "1"]}]}, {"location": {"country_code": "es", "region": "Valencia", "city": "Orihuela"}, "game_id": "747108", "values": [{"date": "2023-05-18-21-00-00", "alternatives": ["31", "31", "3"]}]}, {"location": {"country_code": "de", "region": "Bavaria", "city": "Munich"}, "game_id": "747108", "values": [{"date": "2023-05-18-13-00-00", "alternatives": ["1", "15", "15"]}]}, {"location": {"country_code": "fr", "region": "Nord-Passo di Calais-Piccardia"}, "game_id": "747108", "values": [{"date": "2023-05-18-03-00-00", "alternatives": ["31", "31", "3"]}, {"date": "2023-05-18-03-00-00", "alternatives": ["31", "31", "3"]}, {"date": "2023-05-18-03-00-00", "alternatives": ["31", "31", "3"]}, {"date": "2023-05-18-03-00-00", "alternatives": ["31", "31", "3"]}, {"date": "2023-05-18-03-00-00", "alternatives": ["31", "31", "3"]}, {"date": "2023-05-18-03-00-00", "alternatives": ["31", "31", "3"]}]}, {"location": {"country_code": "es", "region": "Valencia", "city": "Gandia"}, "game_id": "747108", "values": [{"date": "2023-05-18-20-00-00", "alternatives": ["7", "7", "47"]}, {"date": "2023-05-18-20-00-00", "alternatives": ["7", "7", "47"]}, {"date": "2023-05-18-20-00-00", "alternatives": ["7", "7", "47"]}, {"date": "2023-05-18-20-00-00", "alternatives": ["7", "7", "47"]}, {"date": "2023-05-18-20-00-00", "alternatives": ["7", "7", "47"]}, {"date": "2023-05-18-20-00-00", "alternatives": ["7", "7", "47"]}, {"date": "2023-05-18-20-00-00", "alternatives": ["7", "7", "47"]}, {"date": "2023-05-18-20-00-00", "alternatives": ["7", "7", "47"]}]}, {"location": {"country_code": "us", "region": "New York"}, "game_id": "747108", "values": [{"date": "2023-05-18-20-00-00", "alternatives": ["1", "15", "15"]}, {"date": "2023-05-18-20-00-00", "alternatives": ["1", "15", "15"]}, {"date": "2023-05-18-20-00-00", "alternatives": ["1", "15", "15"]}, {"date": "2023-05-18-20-00-00", "alternatives": ["1", "15", "15"]}, {"date": "2023-05-18-20-00-00", "alternatives": ["1", "15", "15"]}, {"date": "2023-05-18-20-00-00", "alternatives": ["1", "15", "15"]}, {"date": "2023-05-18-20-00-00", "alternatives": ["1", "15", "15"]}, {"date": "2023-05-18-20-00-00", "alternatives": ["1", "15", "15"]}, {"date": "2023-05-18-20-00-00", "alternatives": ["1", "15", "15"]}, {"date": "2023-05-18-20-00-00", "alternatives": ["1", "15", "15"]}]}, {"location": {"country_code": "br", "region": "Santa Catarina", "city": "Balneario Camboriu"}, "game_id": "747108", "values": [{"date": "2023-05-18-03-00-00", "alternatives": ["645", "16", "16"]}, {"date": "2023-05-18-03-00-00", "alternatives": ["645", "16", "16"]}, {"date": "2023-05-18-03-00-00", "alternatives": ["645", "16", "16"]}, {"date": "2023-05-18-03-00-00", "alternatives": ["645", "16", "16"]}, {"date": "2023-05-18-03-00-00", "alternatives": ["645", "16", "16"]}, {"date": "2023-05-18-03-00-00", "alternatives": ["645", "16", "16"]}, {"date": "2023-05-18-03-00-00", "alternatives": ["645", "16", "16"]}, {"date": "2023-05-18-03-00-00", "alternatives": ["645", "16", "16"]}, {"date": "2023-05-18-03-00-00", "alternatives": ["645", "16", "16"]}, {"date": "2023-05-18-03-00-00", "alternatives": ["645", "16", "16"]}, {"date": "2023-05-18-03-00-00", "alternatives": ["645", "16", "16"]}, {"date": "2023-05-18-03-00-00", "alternatives": ["645", "16", "16"]}, {"date": "2023-05-18-03-00-00", "alternatives": ["645", "16", "16"]}, {"date": "2023-05-18-03-00-00", "alternatives": ["645", "16", "16"]}, {"date": "2023-05-18-03-00-00", "alternatives": ["645", "16", "16"]}, {"date": "2023-05-18-03-00-00", "alternatives": ["645", "16", "16"]}, {"date": "2023-05-18-03-00-00", "alternatives": ["645", "16", "16"]}]}, {"location": {"country_code": "tr", "region": "Marmara Bolgesi", "city": "Sakarya"}, "game_id": "747108", "values": [{"date": "2023-05-18-13-00-00", "alternatives": ["47", "7", "7"]}, {"date": "2023-05-18-13-00-00", "alternatives": ["47", "7", "7"]}, {"date": "2023-05-18-13-00-00", "alternatives": ["47", "7", "7"]}, {"date": "2023-05-18-13-00-00", "alternatives": ["47", "7", "7"]}, {"date": "2023-05-18-13-00-00", "alternatives": ["47", "7", "7"]}, {"date": "2023-05-18-13-00-00", "alternatives": ["47", "7", "7"]}, {"date": "2023-05-18-13-00-00", "alternatives": ["47", "7", "7"]}, {"date": "2023-05-18-13-00-00", "alternatives": ["47", "7", "7"]}, {"date": "2023-05-18-13-00-00", "alternatives": ["47", "7", "7"]}]}, {"location": {"country_code": "es", "region": "Andalusia", "city": "Cordoba"}, "game_id": "747108", "values": [{"date": "2023-05-18-22-00-00", "alternatives": ["47", "87", "47"]}, {"date": "2023-05-18-22-00-00", "alternatives": ["47", "87", "47"]}, {"date": "2023-05-18-22-00-00", "alternatives": ["47", "87", "47"]}, {"date": "2023-05-18-22-00-00", "alternatives": ["47", "87", "47"]}, {"date": "2023-05-18-22-00-00", "alternatives": ["47", "87", "47"]}, {"date": "2023-05-18-22-00-00", "alternatives": ["47", "87", "47"]}, {"date": "2023-05-18-22-00-00", "alternatives": ["47", "87", "47"]}, {"date": "2023-05-18-22-00-00", "alternatives": ["47", "87", "47"]}, {"date": "2023-05-18-22-00-00", "alternatives": ["47", "87", "47"]}, {"date": "2023-05-18-22-00-00", "alternatives": ["47", "87", "47"]}, {"date": "2023-05-18-22-00-00", "alternatives": ["47", "87", "47"]}, {"date": "2023-05-18-22-00-00", "alternatives": ["47", "87", "47"]}, {"date": "2023-05-18-22-00-00", "alternatives": ["47", "87", "47"]}, {"date": "2023-05-18-22-00-00", "alternatives": ["47", "87", "47"]}, {"date": "2023-05-18-22-00-00", "alternatives": ["47", "87", "47"]}, {"date": "2023-05-18-22-00-00", "alternatives": ["47", "87", "47"]}, {"date": "2023-05-18-22-00-00", "alternatives": ["47", "87", "47"]}]}, {"location": {"country_code": "gr", "region": "Samothrace", "city": "Thessaloniki"}, "game_id": "747108", "values": [{"date": "2023-05-18-16-00-00", "alternatives": ["62", "62", "2"]}, {"date": "2023-05-18-16-00-00", "alternatives": ["62", "62", "2"]}, {"date": "2023-05-18-16-00-00", "alternatives": ["62", "62", "2"]}, {"date": "2023-05-18-16-00-00", "alternatives": ["62", "62", "2"]}, {"date": "2023-05-18-16-00-00", "alternatives": ["62", "62", "2"]}, {"date": "2023-05-18-16-00-00", "alternatives": ["62", "62", "2"]}, {"date": "2023-05-18-16-00-00", "alternatives": ["62", "62", "2"]}, {"date": "2023-05-18-16-00-00", "alternatives": ["62", "62", "2"]}, {"date": "2023-05-18-16-00-00", "alternatives": ["62", "62", "2"]}, {"date": "2023-05-18-16-00-00", "alternatives": ["62", "62", "2"]}, {"date": "2023-05-18-16-00-00", "alternatives": ["62", "62", "2"]}, {"date": "2023-05-18-16-00-00", "alternatives": ["62", "62", "2"]}, {"date": "2023-05-18-16-00-00", "alternatives": ["62", "62", "2"]}, {"date": "2023-05-18-16-00-00", "alternatives": ["62", "62", "2"]}]}, {"location": {"country_code": "pt", "region": "Azores"}, "game_id": "747108", "values": [{"date": "2023-05-18-15-00-00", "alternatives": ["78", "78", "18"]}, {"date": "2023-05-18-15-00-00", "alternatives": ["78", "78", "18"]}, {"date": "2023-05-18-15-00-00", "alternatives": ["78", "78", "18"]}]}, {"location": {"country_code": "co", "region": "Bogota"}, "game_id": "747108", "values": [{"date": "2023-05-18-09-00-00", "alternatives": ["787", "78", "78"]}, {"date": "2023-05-18-09-00-00", "alternatives": ["787", "78", "78"]}, {"date": "2023-05-18-09-00-00", "alternatives": ["787", "78", "78"]}, {"date": "2023-05-18-09-00-00", "alternatives": ["787", "78", "78"]}, {"date": "2023-05-18-09-00-00", "alternatives": ["787", "78", "78"]}, {"date": "2023-05-18-09-00-00", "alternatives": ["787", "78", "78"]}, {"date": "2023-05-18-09-00-00", "alternatives": ["787", "78", "78"]}, {"date": "2023-05-18-09-00-00", "alternatives": ["787", "78", "78"]}, {"date": "2023-05-18-09-00-00", "alternatives": ["787", "78", "78"]}, {"date": "2023-05-18-09-00-00", "alternatives": ["787", "78", "78"]}, {"date": "2023-05-18-09-00-00", "alternatives": ["787", "78", "78"]}, {"date": "2023-05-18-09-00-00", "alternatives": ["787", "78", "78"]}, {"date": "2023-05-18-09-00-00", "alternatives": ["787", "78", "78"]}, {"date": "2023-05-18-09-00-00", "alternatives": ["787", "78", "78"]}, {"date": "2023-05-18-09-00-00", "alternatives": ["787", "78", "78"]}, {"date": "2023-05-18-09-00-00", "alternatives": ["787", "78", "78"]}, {"date": "2023-05-18-09-00-00", "alternatives": ["787", "78", "78"]}, {"date": "2023-05-18-09-00-00", "alternatives": ["787", "78", "78"]}, {"date": "2023-05-18-09-00-00", "alternatives": ["787", "78", "78"]}, {"date": "2023-05-18-09-00-00", "alternatives": ["787", "78", "78"]}, {"date": "2023-05-18-09-00-00", "alternatives": ["787", "78", "78"]}, {"date": "2023-05-18-09-00-00", "alternatives": ["787", "78", "78"]}, {"date": "2023-05-18-09-00-00", "alternatives": ["787", "78", "78"]}, {"date": "2023-05-18-09-00-00", "alternatives": ["787", "78", "78"]}, {"date": "2023-05-18-09-00-00", "alternatives": ["787", "78", "78"]}, {"date": "2023-05-18-09-00-00", "alternatives": ["787", "78", "78"]}, {"date": "2023-05-18-09-00-00", "alternatives": ["787", "78", "78"]}, {"date": "2023-05-18-09-00-00", "alternatives": ["787", "78", "78"]}, {"date": "2023-05-18-09-00-00", "alternatives": ["787", "78", "78"]}, {"date": "2023-05-18-09-00-00", "alternatives": ["787", "78", "78"]}, {"date": "2023-05-18-09-00-00", "alternatives": ["787", "78", "78"]}]}, {"location": {"country_code": "br", "region": "Parana", "city": "Barracao"}, "game_id": "747108", "values": [{"date": "2023-05-18-03-00-00", "alternatives": ["6", "16", "16"]}, {"date": "2023-05-18-03-00-00", "alternatives": ["6", "16", "16"]}, {"date": "2023-05-18-03-00-00", "alternatives": ["6", "16", "16"]}]}, {"location": {"country_code": "fr", "region": "Nord-Passo di Calais-Piccardia", "city": "Albert"}, "game_id": "747108", "values": [{"date": "2023-05-19-00-00-00", "alternatives": ["93", "89", "93"]}, {"date": "2023-05-19-00-00-00", "alternatives": ["93", "89", "93"]}, {"date": "2023-05-19-00-00-00", "alternatives": ["93", "89", "93"]}, {"date": "2023-05-19-00-00-00", "alternatives": ["93", "89", "93"]}, {"date": "2023-05-19-00-00-00", "alternatives": ["93", "89", "93"]}, {"date": "2023-05-19-00-00-00", "alternatives": ["93", "89", "93"]}, {"date": "2023-05-19-00-00-00", "alternatives": ["93", "89", "93"]}, {"date": "2023-05-19-00-00-00", "alternatives": ["93", "89", "93"]}, {"date": "2023-05-19-00-00-00", "alternatives": ["93", "89", "93"]}, {"date": "2023-05-19-00-00-00", "alternatives": ["93", "89", "93"]}, {"date": "2023-05-19-00-00-00", "alternatives": ["93", "89", "93"]}, {"date": "2023-05-19-00-00-00", "alternatives": ["93", "89", "93"]}, {"date": "2023-05-19-00-00-00", "alternatives": ["93", "89", "93"]}, {"date": "2023-05-19-00-00-00", "alternatives": ["93", "89", "93"]}, {"date": "2023-05-19-00-00-00", "alternatives": ["93", "89", "93"]}, {"date": "2023-05-19-00-00-00", "alternatives": ["93", "89", "93"]}, {"date": "2023-05-19-00-00-00", "alternatives": ["93", "89", "93"]}, {"date": "2023-05-19-00-00-00", "alternatives": ["93", "89", "93"]}, {"date": "2023-05-19-00-00-00", "alternatives": ["93", "89", "93"]}, {"date": "2023-05-19-00-00-00", "alternatives": ["93", "89", "93"]}, {"date": "2023-05-19-00-00-00", "alternatives": ["93", "89", "93"]}, {"date": "2023-05-19-00-00-00", "alternatives": ["93", "89", "93"]}, {"date": "2023-05-19-00-00-00", "alternatives": ["93", "89", "93"]}, {"date": "2023-05-19-00-00-00", "alternatives": ["93", "89", "93"]}, {"date": "2023-05-19-00-00-00", "alternatives": ["93", "89", "93"]}, {"date": "2023-05-19-00-00-00", "alternatives": ["93", "89", "93"]}, {"date": "2023-05-19-00-00-00", "alternatives": ["93", "89", "93"]}, {"date": "2023-05-19-00-00-00", "alternatives": ["93", "89", "93"]}, {"date": "2023-05-19-00-00-00", "alternatives": ["93", "89", "93"]}]}, {"location": {"country_code": "es", "region": "Cantabria", "city": "Torres"}, "game_id": "747108", "values": [{"date": "2023-05-18-16-00-00", "alternatives": ["47", "7", "47"]}, {"date": "2023-05-18-16-00-00", "alternatives": ["47", "7", "47"]}, {"date": "2023-05-18-16-00-00", "alternatives": ["47", "7", "47"]}, {"date": "2023-05-18-16-00-00", "alternatives": ["47", "7", "47"]}, {"date": "2023-05-18-16-00-00", "alternatives": ["47", "7", "47"]}, {"date": "2023-05-18-16-00-00", "alternatives": ["47", "7", "47"]}, {"date": "2023-05-18-16-00-00", "alternatives": ["47", "7", "47"]}, {"date": "2023-05-18-16-00-00", "alternatives": ["47", "7", "47"]}, {"date": "2023-05-18-16-00-00", "alternatives": ["47", "7", "47"]}, {"date": "2023-05-18-16-00-00", "alternatives": ["47", "7", "47"]}, {"date": "2023-05-18-16-00-00", "alternatives": ["47", "7", "47"]}, {"date": "2023-05-18-16-00-00", "alternatives": ["47", "7", "47"]}, {"date": "2023-05-18-16-00-00", "alternatives": ["47", "7", "47"]}, {"date": "2023-05-18-16-00-00", "alternatives": ["47", "7", "47"]}, {"date": "2023-05-18-16-00-00", "alternatives": ["47", "7", "47"]}, {"date": "2023-05-18-16-00-00", "alternatives": ["47", "7", "47"]}, {"date": "2023-05-18-16-00-00", "alternatives": ["47", "7", "47"]}, {"date": "2023-05-18-16-00-00", "alternatives": ["47", "7", "47"]}, {"date": "2023-05-18-16-00-00", "alternatives": ["47", "7", "47"]}, {"date": "2023-05-18-16-00-00", "alternatives": ["47", "7", "47"]}, {"date": "2023-05-18-16-00-00", "alternatives": ["47", "7", "47"]}, {"date": "2023-05-18-16-00-00", "alternatives": ["47", "7", "47"]}]}, {"location": {"country_code": "us", "region": "Arkansas", "city": "Newport"}, "game_id": "747108", "values": [{"date": "2023-05-18-16-00-00", "alternatives": ["3", "31", "31"]}, {"date": "2023-05-18-16-00-00", "alternatives": ["3", "31", "31"]}, {"date": "2023-05-18-16-00-00", "alternatives": ["3", "31", "31"]}, {"date": "2023-05-18-16-00-00", "alternatives": ["3", "31", "31"]}, {"date": "2023-05-18-16-00-00", "alternatives": ["3", "31", "31"]}, {"date": "2023-05-18-16-00-00", "alternatives": ["3", "31", "31"]}, {"date": "2023-05-18-16-00-00", "alternatives": ["3", "31", "31"]}, {"date": "2023-05-18-16-00-00", "alternatives": ["3", "31", "31"]}, {"date": "2023-05-18-16-00-00", "alternatives": ["3", "31", "31"]}, {"date": "2023-05-18-16-00-00", "alternatives": ["3", "31", "31"]}, {"date": "2023-05-18-16-00-00", "alternatives": ["3", "31", "31"]}, {"date": "2023-05-18-16-00-00", "alternatives": ["3", "31", "31"]}, {"date": "2023-05-18-16-00-00", "alternatives": ["3", "31", "31"]}, {"date": "2023-05-18-16-00-00", "alternatives": ["3", "31", "31"]}, {"date": "2023-05-18-16-00-00", "alternatives": ["3", "31", "31"]}, {"date": "2023-05-18-16-00-00", "alternatives": ["3", "31", "31"]}, {"date": "2023-05-18-16-00-00", "alternatives": ["3", "31", "31"]}, {"date": "2023-05-18-16-00-00", "alternatives": ["3", "31", "31"]}, {"date": "2023-05-18-16-00-00", "alternatives": ["3", "31", "31"]}, {"date": "2023-05-18-16-00-00", "alternatives": ["3", "31", "31"]}, {"date": "2023-05-18-16-00-00", "alternatives": ["3", "31", "31"]}, {"date": "2023-05-18-16-00-00", "alternatives": ["3", "31", "31"]}]}], "last_updated": 1719918521.690961}