{"data": [{"location": {"country_code": "de", "region": "Berlin", "city": "Berlin"}, "game_id": "118849", "values": [{"date": "2022-04-15-18-00-00", "latency": 53}]}, {"location": {"country_code": "us", "region": "New York", "city": "Jamestown"}, "game_id": "118849", "values": [{"date": "2022-04-15-03-00-00", "latency": 70}, {"date": "2022-04-15-03-00-00", "latency": 70}]}, {"location": {"country_code": "nl", "region": "Province of Groningen", "city": "Groningen"}, "game_id": "118849", "values": [{"date": "2022-04-15-14-00-00", "latency": 150}, {"date": "2022-04-15-14-00-00", "latency": 150}]}, {"location": {"country_code": "it"}, "game_id": "118849", "values": [{"date": "2022-04-15-15-00-00", "latency": 345}]}, {"location": {"country_code": "jp"}, "game_id": "118849", "values": [{"date": "2022-04-15-21-00-00", "latency": 121}]}, {"location": {"country_code": "mx", "region": "Mexico City"}, "game_id": "118849", "values": [{"date": "2022-04-15-05-00-00", "latency": 85}]}, {"location": {"country_code": "us", "region": "California", "city": "East Los Angeles"}, "game_id": "118849", "values": [{"date": "2022-04-15-05-00-00", "latency": 62}, {"date": "2022-04-15-05-00-00", "latency": 62}, {"date": "2022-04-15-05-00-00", "latency": 62}]}, {"location": {"country_code": "tr"}, "game_id": "118849", "values": [{"date": "2022-04-16-01-00-00", "latency": 60}]}, {"location": {"country_code": "tr", "region": "Ic Anadolu Bolgesi", "city": "Ankara"}, "game_id": "118849", "values": [{"date": "2022-04-16-02-00-00", "latency": 53}]}, {"location": {"country_code": "pl"}, "game_id": "118849", "values": [{"date": "2022-04-15-15-00-00", "latency": 79}, {"date": "2022-04-15-15-00-00", "latency": 79}]}, {"location": {"country_code": "pt", "region": "Northern Mariana Islands", "city": "Porto"}, "game_id": "118849", "values": [{"date": "2022-04-15-04-00-00", "latency": 178}]}, {"location": {"country_code": "mx", "region": "San Luis Potosi"}, "game_id": "118849", "values": [{"date": "2022-04-15-22-00-00", "latency": 66}]}, {"location": {"country_code": "us", "region": "Iowa", "city": "Ankeny"}, "game_id": "118849", "values": [{"date": "2022-04-15-09-00-00", "latency": 75}]}, {"location": {"country_code": "us", "region": "Georgia", "city": "Augusta"}, "game_id": "118849", "values": [{"date": "2022-04-15-05-00-00", "latency": 79}]}], "last_updated": 1719927581.69246}