{"data": [{"location": {"country_code": "us"}, "game_id": "116088", "values": [{"date": "2024-04-10-00-00-00", "latency": 132}, {"date": "2024-04-09-05-00-00", "latency": 75}, {"date": "2024-04-09-05-00-00", "latency": 75}, {"date": "2024-04-09-05-00-00", "latency": 75}, {"date": "2024-04-09-05-00-00", "latency": 75}]}, {"location": {"country_code": "ch"}, "game_id": "116088", "values": [{"date": "2024-04-09-14-00-00", "latency": 35}]}, {"location": {"country_code": "cl"}, "game_id": "116088", "values": [{"date": "2024-04-09-08-00-00", "latency": 52}, {"date": "2024-04-09-08-00-00", "latency": 52}, {"date": "2024-04-09-08-00-00", "latency": 52}]}, {"location": {"country_code": "ph"}, "game_id": "116088", "values": [{"date": "2024-04-09-05-00-00", "latency": 72}, {"date": "2024-04-09-05-00-00", "latency": 72}, {"date": "2024-04-09-05-00-00", "latency": 72}, {"date": "2024-04-09-05-00-00", "latency": 72}, {"date": "2024-04-09-05-00-00", "latency": 72}]}, {"location": {"country_code": "mx"}, "game_id": "116088", "values": [{"date": "2024-04-09-06-00-00", "latency": 140}]}, {"location": {"country_code": "rs"}, "game_id": "116088", "values": [{"date": "2024-04-10-01-00-00", "latency": 97}, {"date": "2024-04-10-01-00-00", "latency": 97}, {"date": "2024-04-10-01-00-00", "latency": 97}]}, {"location": {"country_code": "no"}, "game_id": "116088", "values": [{"date": "2024-04-09-03-00-00", "latency": 76}, {"date": "2024-04-09-03-00-00", "latency": 76}, {"date": "2024-04-09-03-00-00", "latency": 76}, {"date": "2024-04-09-03-00-00", "latency": 76}]}, {"location": {"country_code": "ec"}, "game_id": "116088", "values": [{"date": "2024-04-09-23-00-00", "latency": 245}]}, {"location": {"country_code": "au"}, "game_id": "116088", "values": [{"date": "2024-04-09-13-00-00", "latency": 64}, {"date": "2024-04-09-13-00-00", "latency": 64}, {"date": "2024-04-09-16-00-00", "latency": 75}]}, {"location": {"country_code": "ru", "region": "Moscow", "city": "Zelenograd"}, "game_id": "116088", "values": [{"date": "2024-04-09-22-00-00", "latency": 76}]}, {"location": {"country_code": "ar", "region": "Buenos Aires F.D.", "city": "Bahia Blanca"}, "game_id": "116088", "values": [{"date": "2024-04-09-06-00-00", "latency": 51}, {"date": "2024-04-09-06-00-00", "latency": 51}, {"date": "2024-04-09-06-00-00", "latency": 51}, {"date": "2024-04-09-06-00-00", "latency": 51}, {"date": "2024-04-09-06-00-00", "latency": 51}, {"date": "2024-04-09-06-00-00", "latency": 51}]}, {"location": {"country_code": "cn"}, "game_id": "116088", "values": [{"date": "2024-04-09-07-00-00", "latency": 95}, {"date": "2024-04-09-07-00-00", "latency": 95}, {"date": "2024-04-09-07-00-00", "latency": 95}]}, {"location": {"country_code": "pe"}, "game_id": "116088", "values": [{"date": "2024-04-09-06-00-00", "latency": 88}, {"date": "2024-04-09-06-00-00", "latency": 88}, {"date": "2024-04-09-06-00-00", "latency": 88}, {"date": "2024-04-09-06-00-00", "latency": 88}, {"date": "2024-04-09-06-00-00", "latency": 88}]}, {"location": {"country_code": "ua"}, "game_id": "116088", "values": [{"date": "2024-04-09-21-00-00", "latency": 58}]}, {"location": {"country_code": "kz"}, "game_id": "116088", "values": [{"date": "2024-04-09-18-00-00", "latency": 96}, {"date": "2024-04-09-18-00-00", "latency": 96}, {"date": "2024-04-09-18-00-00", "latency": 109}, {"date": "2024-04-09-18-00-00", "latency": 109}, {"date": "2024-04-09-18-00-00", "latency": 109}, {"date": "2024-04-09-18-00-00", "latency": 109}, {"date": "2024-04-09-18-00-00", "latency": 109}, {"date": "2024-04-09-18-00-00", "latency": 109}, {"date": "2024-04-09-18-00-00", "latency": 109}, {"date": "2024-04-09-18-00-00", "latency": 109}, {"date": "2024-04-09-18-00-00", "latency": 109}, {"date": "2024-04-09-18-00-00", "latency": 109}, {"date": "2024-04-09-18-00-00", "latency": 109}, {"date": "2024-04-09-18-00-00", "latency": 109}, {"date": "2024-04-09-18-00-00", "latency": 109}, {"date": "2024-04-09-18-00-00", "latency": 109}, {"date": "2024-04-09-18-00-00", "latency": 109}, {"date": "2024-04-09-18-00-00", "latency": 109}, {"date": "2024-04-09-18-00-00", "latency": 109}, {"date": "2024-04-09-18-00-00", "latency": 109}, {"date": "2024-04-09-18-00-00", "latency": 109}, {"date": "2024-04-09-18-00-00", "latency": 109}]}, {"location": {"country_code": "ru"}, "game_id": "116088", "values": [{"date": "2024-04-09-21-00-00", "latency": 160}, {"date": "2024-04-09-21-00-00", "latency": 160}, {"date": "2024-04-09-21-00-00", "latency": 160}, {"date": "2024-04-09-21-00-00", "latency": 160}, {"date": "2024-04-09-21-00-00", "latency": 160}, {"date": "2024-04-09-21-00-00", "latency": 160}, {"date": "2024-04-09-21-00-00", "latency": 160}, {"date": "2024-04-09-21-00-00", "latency": 160}, {"date": "2024-04-09-21-00-00", "latency": 160}, {"date": "2024-04-09-21-00-00", "latency": 160}, {"date": "2024-04-09-10-00-00", "latency": 88}]}, {"location": {"country_code": "ir"}, "game_id": "116088", "values": [{"date": "2024-04-10-00-00-00", "latency": 124}, {"date": "2024-04-10-00-00-00", "latency": 124}, {"date": "2024-04-10-00-00-00", "latency": 124}, {"date": "2024-04-10-00-00-00", "latency": 124}, {"date": "2024-04-10-00-00-00", "latency": 124}, {"date": "2024-04-10-00-00-00", "latency": 124}, {"date": "2024-04-10-00-00-00", "latency": 124}, {"date": "2024-04-10-00-00-00", "latency": 124}, {"date": "2024-04-10-00-00-00", "latency": 124}, {"date": "2024-04-10-00-00-00", "latency": 124}, {"date": "2024-04-10-00-00-00", "latency": 124}]}, {"location": {"country_code": "ne"}, "game_id": "116088", "values": [{"date": "2024-04-09-17-00-00", "latency": 137}, {"date": "2024-04-09-17-00-00", "latency": 137}, {"date": "2024-04-09-17-00-00", "latency": 137}, {"date": "2024-04-09-17-00-00", "latency": 137}]}, {"location": {"country_code": "ru", "region": "Primorskiy (Maritime) Kray", "city": "Vladivostok"}, "game_id": "116088", "values": [{"date": "2024-04-09-10-00-00", "latency": 89}]}, {"location": {"country_code": "ro", "region": "Arad County", "city": "Arad"}, "game_id": "116088", "values": [{"date": "2024-04-09-22-00-00", "latency": 34}, {"date": "2024-04-09-22-00-00", "latency": 34}, {"date": "2024-04-09-22-00-00", "latency": 34}]}, {"location": {"country_code": "us", "region": "Ohio", "city": "Streetsboro"}, "game_id": "116088", "values": [{"date": "2024-04-09-06-00-00", "latency": 124}, {"date": "2024-04-09-06-00-00", "latency": 124}]}, {"location": {"country_code": "bo", "region": "Tarija Department", "city": "Bermejo"}, "game_id": "116088", "values": [{"date": "2024-04-09-23-00-00", "latency": 88}]}, {"location": {"country_code": "jp", "region": "Mitaka"}, "game_id": "116088", "values": [{"date": "2024-04-09-15-00-00", "latency": 43}, {"date": "2024-04-09-15-00-00", "latency": 43}, {"date": "2024-04-09-15-00-00", "latency": 43}]}, {"location": {"country_code": "ru", "region": "Chelyabinsk Oblast", "city": "Miass"}, "game_id": "116088", "values": [{"date": "2024-04-09-19-00-00", "latency": 84}, {"date": "2024-04-09-19-00-00", "latency": 84}, {"date": "2024-04-09-19-00-00", "latency": 84}, {"date": "2024-04-09-19-00-00", "latency": 84}, {"date": "2024-04-09-19-00-00", "latency": 84}, {"date": "2024-04-09-19-00-00", "latency": 84}, {"date": "2024-04-09-19-00-00", "latency": 84}]}, {"location": {"country_code": "br", "region": "Parana", "city": "Barbosa Ferraz"}, "game_id": "116088", "values": [{"date": "2024-04-09-15-00-00", "latency": 100}, {"date": "2024-04-09-15-00-00", "latency": 100}, {"date": "2024-04-09-15-00-00", "latency": 100}, {"date": "2024-04-09-15-00-00", "latency": 100}, {"date": "2024-04-09-15-00-00", "latency": 100}, {"date": "2024-04-09-15-00-00", "latency": 100}, {"date": "2024-04-09-15-00-00", "latency": 100}, {"date": "2024-04-09-15-00-00", "latency": 100}]}], "last_updated": 1719927610.215052}