{"data": [{"location": {"country_code": "us"}, "game_id": "295590", "values": [{"date": "2022-08-25-00-00-00", "latency": 4}, {"date": "2022-08-24-23-00-00", "latency": 1}, {"date": "2022-08-24-23-00-00", "latency": 73}, {"date": "2022-08-24-23-00-00", "latency": 73}, {"date": "2022-08-24-23-00-00", "latency": 73}, {"date": "2022-08-24-23-00-00", "latency": 73}, {"date": "2022-08-24-23-00-00", "latency": 73}]}, {"location": {"country_code": "ml", "region": "Tombouctou", "city": "Niafunke"}, "game_id": "295590", "values": [{"date": "2022-08-25-01-00-00", "latency": 3}]}, {"location": {"country_code": "de", "region": "Berlin", "city": "Berlin"}, "game_id": "295590", "values": [{"date": "2022-08-24-17-00-00", "latency": 7}, {"date": "2022-08-24-17-00-00", "latency": 7}, {"date": "2022-08-24-17-00-00", "latency": 7}, {"date": "2022-08-24-17-00-00", "latency": 7}, {"date": "2022-08-24-17-00-00", "latency": 7}, {"date": "2022-08-24-17-00-00", "latency": 7}, {"date": "2022-08-24-17-00-00", "latency": 7}, {"date": "2022-08-24-17-00-00", "latency": 7}, {"date": "2022-08-24-17-00-00", "latency": 7}, {"date": "2022-08-24-17-00-00", "latency": 7}, {"date": "2022-08-24-17-00-00", "latency": 7}, {"date": "2022-08-24-20-00-00", "latency": 1}]}, {"location": {"country_code": "eg"}, "game_id": "295590", "values": [{"date": "2022-08-24-23-00-00", "latency": 86}, {"date": "2022-08-24-23-00-00", "latency": 86}, {"date": "2022-08-24-23-00-00", "latency": 86}]}, {"location": {"country_code": "gb"}, "game_id": "295590", "values": [{"date": "2022-08-24-18-00-00", "latency": 1}, {"date": "2022-08-24-18-00-00", "latency": 1}, {"date": "2022-08-24-22-00-00", "latency": 1}]}, {"location": {"country_code": "gr"}, "game_id": "295590", "values": [{"date": "2022-08-25-00-00-00", "latency": 12}, {"date": "2022-08-25-00-00-00", "latency": 12}, {"date": "2022-08-24-17-00-00", "latency": 5}, {"date": "2022-08-25-00-00-00", "latency": 38}, {"date": "2022-08-25-00-00-00", "latency": 38}]}, {"location": {"country_code": "cz"}, "game_id": "295590", "values": [{"date": "2022-08-24-15-00-00", "latency": 18}]}, {"location": {"country_code": "it"}, "game_id": "295590", "values": [{"date": "2022-08-24-19-00-00", "latency": 2}]}, {"location": {"country_code": "ro"}, "game_id": "295590", "values": [{"date": "2022-08-24-23-00-00", "latency": 5}]}, {"location": {"country_code": "za"}, "game_id": "295590", "values": [{"date": "2022-08-24-20-00-00", "latency": 9}]}, {"location": {"country_code": "jp"}, "game_id": "295590", "values": [{"date": "2022-08-24-16-00-00", "latency": 3624}, {"date": "2022-08-24-16-00-00", "latency": 3624}, {"date": "2022-08-25-01-00-00", "latency": 0}]}, {"location": {"country_code": "ca"}, "game_id": "295590", "values": [{"date": "2022-08-24-19-00-00", "latency": 4}, {"date": "2022-08-24-19-00-00", "latency": 4}, {"date": "2022-08-24-19-00-00", "latency": 4}, {"date": "2022-08-24-19-00-00", "latency": 4}]}, {"location": {"country_code": "de"}, "game_id": "295590", "values": [{"date": "2022-08-24-16-00-00", "latency": 8}, {"date": "2022-08-25-00-00-00", "latency": 45}, {"date": "2022-08-25-00-00-00", "latency": 45}]}, {"location": {"country_code": "us", "region": "Indiana"}, "game_id": "295590", "values": [{"date": "2022-08-25-02-00-00", "latency": 6}, {"date": "2022-08-25-02-00-00", "latency": 6}, {"date": "2022-08-25-02-00-00", "latency": 6}]}, {"location": {"country_code": "fr"}, "game_id": "295590", "values": [{"date": "2022-08-24-22-00-00", "latency": 4}]}, {"location": {"country_code": "mx"}, "game_id": "295590", "values": [{"date": "2022-08-25-02-00-00", "latency": 7}, {"date": "2022-08-25-00-00-00", "latency": 5}, {"date": "2022-08-25-00-00-00", "latency": 5}, {"date": "2022-08-24-22-00-00", "latency": 3}, {"date": "2022-08-25-02-00-00", "latency": 7}, {"date": "2022-08-25-02-00-00", "latency": 7}, {"date": "2022-08-24-20-00-00", "latency": 1}, {"date": "2022-08-24-23-00-00", "latency": 4}]}, {"location": {"country_code": "ar"}, "game_id": "295590", "values": [{"date": "2022-08-24-23-00-00", "latency": 14}, {"date": "2022-08-24-23-00-00", "latency": 14}, {"date": "2022-08-24-23-00-00", "latency": 14}, {"date": "2022-08-24-20-00-00", "latency": 49}, {"date": "2022-08-24-20-00-00", "latency": 49}, {"date": "2022-08-24-20-00-00", "latency": 49}, {"date": "2022-08-24-20-00-00", "latency": 49}, {"date": "2022-08-24-20-00-00", "latency": 49}, {"date": "2022-08-24-21-00-00", "latency": 2}, {"date": "2022-08-24-19-00-00", "latency": 2}]}, {"location": {"country_code": "us", "region": "California"}, "game_id": "295590", "values": [{"date": "2022-08-24-22-00-00", "latency": 7}]}, {"location": {"country_code": "br"}, "game_id": "295590", "values": [{"date": "2022-08-24-15-00-00", "latency": 4}, {"date": "2022-08-24-19-00-00", "latency": 4}, {"date": "2022-08-24-19-00-00", "latency": 4}, {"date": "2022-08-25-00-00-00", "latency": 2}, {"date": "2022-08-25-00-00-00", "latency": 2}, {"date": "2022-08-25-00-00-00", "latency": 2}]}, {"location": {"country_code": "br", "region": "Sao Paulo", "city": "Zona Leste (SBO)"}, "game_id": "295590", "values": [{"date": "2022-08-25-00-00-00", "latency": 4}]}, {"location": {"country_code": "br", "region": "Sao Paulo", "city": "Apiai"}, "game_id": "295590", "values": [{"date": "2022-08-24-23-00-00", "latency": 1}, {"date": "2022-08-24-20-00-00", "latency": 0}]}, {"location": {"country_code": "us", "region": "North Carolina", "city": "Charlotte"}, "game_id": "295590", "values": [{"date": "2022-08-24-23-00-00", "latency": 114}, {"date": "2022-08-24-23-00-00", "latency": 114}, {"date": "2022-08-24-23-00-00", "latency": 114}, {"date": "2022-08-24-23-00-00", "latency": 114}, {"date": "2022-08-24-23-00-00", "latency": 114}, {"date": "2022-08-24-23-00-00", "latency": 114}, {"date": "2022-08-24-23-00-00", "latency": 114}, {"date": "2022-08-24-23-00-00", "latency": 114}, {"date": "2022-08-24-23-00-00", "latency": 114}, {"date": "2022-08-24-23-00-00", "latency": 114}, {"date": "2022-08-24-23-00-00", "latency": 114}, {"date": "2022-08-24-23-00-00", "latency": 114}]}, {"location": {"country_code": "ec"}, "game_id": "295590", "values": [{"date": "2022-08-24-23-00-00", "latency": 0}]}, {"location": {"country_code": "tr"}, "game_id": "295590", "values": [{"date": "2022-08-24-15-00-00", "latency": 1}, {"date": "2022-08-25-02-00-00", "latency": 3}, {"date": "2022-08-25-02-00-00", "latency": 3}, {"date": "2022-08-24-20-00-00", "latency": 1}, {"date": "2022-08-24-20-00-00", "latency": 1}, {"date": "2022-08-24-20-00-00", "latency": 1}, {"date": "2022-08-24-20-00-00", "latency": 1}, {"date": "2022-08-24-18-00-00", "latency": 0}]}, {"location": {"country_code": "es"}, "game_id": "295590", "values": [{"date": "2022-08-24-23-00-00", "latency": 90}, {"date": "2022-08-24-20-00-00", "latency": 3}, {"date": "2022-08-25-02-00-00", "latency": 0}, {"date": "2022-08-24-20-00-00", "latency": 8}, {"date": "2022-08-24-20-00-00", "latency": 3}, {"date": "2022-08-24-20-00-00", "latency": 3}]}, {"location": {"country_code": "ar", "region": "Cordoba Province", "city": "Rio Cuarto"}, "game_id": "295590", "values": [{"date": "2022-08-25-00-00-00", "latency": 2}, {"date": "2022-08-25-00-00-00", "latency": 2}, {"date": "2022-08-25-00-00-00", "latency": 2}, {"date": "2022-08-25-00-00-00", "latency": 2}, {"date": "2022-08-25-00-00-00", "latency": 2}, {"date": "2022-08-25-00-00-00", "latency": 2}, {"date": "2022-08-25-00-00-00", "latency": 2}, {"date": "2022-08-25-00-00-00", "latency": 2}, {"date": "2022-08-25-00-00-00", "latency": 2}, {"date": "2022-08-25-00-00-00", "latency": 2}, {"date": "2022-08-25-00-00-00", "latency": 2}, {"date": "2022-08-25-00-00-00", "latency": 2}, {"date": "2022-08-25-00-00-00", "latency": 2}, {"date": "2022-08-25-00-00-00", "latency": 2}, {"date": "2022-08-25-00-00-00", "latency": 2}, {"date": "2022-08-25-00-00-00", "latency": 2}, {"date": "2022-08-25-00-00-00", "latency": 2}, {"date": "2022-08-25-00-00-00", "latency": 2}, {"date": "2022-08-25-00-00-00", "latency": 2}, {"date": "2022-08-25-00-00-00", "latency": 2}, {"date": "2022-08-25-00-00-00", "latency": 2}]}, {"location": {"country_code": "fi"}, "game_id": "295590", "values": [{"date": "2022-08-24-19-00-00", "latency": 15}, {"date": "2022-08-24-16-00-00", "latency": 2}]}, {"location": {"country_code": "ar", "region": "Buenos Aires F.D.", "city": "Bahia Blanca"}, "game_id": "295590", "values": [{"date": "2022-08-24-21-00-00", "latency": 0}]}, {"location": {"country_code": "ar", "region": "Buenos Aires"}, "game_id": "295590", "values": [{"date": "2022-08-24-17-00-00", "latency": 8}, {"date": "2022-08-24-17-00-00", "latency": 8}, {"date": "2022-08-24-17-00-00", "latency": 8}, {"date": "2022-08-24-17-00-00", "latency": 8}, {"date": "2022-08-24-17-00-00", "latency": 8}]}, {"location": {"country_code": "co"}, "game_id": "295590", "values": [{"date": "2022-08-25-01-00-00", "latency": 6}]}, {"location": {"country_code": "ve"}, "game_id": "295590", "values": [{"date": "2022-08-25-00-00-00", "latency": 2}, {"date": "2022-08-25-00-00-00", "latency": 2}, {"date": "2022-08-25-00-00-00", "latency": 2}, {"date": "2022-08-25-00-00-00", "latency": 2}, {"date": "2022-08-25-00-00-00", "latency": 2}]}, {"location": {"country_code": "es", "region": "Catalonia", "city": "l'Hospitalet de Llobregat"}, "game_id": "295590", "values": [{"date": "2022-08-25-00-00-00", "latency": 9}, {"date": "2022-08-24-18-00-00", "latency": 3}]}, {"location": {"country_code": "pl"}, "game_id": "295590", "values": [{"date": "2022-08-24-21-00-00", "latency": 6}, {"date": "2022-08-24-21-00-00", "latency": 6}, {"date": "2022-08-24-21-00-00", "latency": 6}]}, {"location": {"country_code": "ie"}, "game_id": "295590", "values": [{"date": "2022-08-25-02-00-00", "latency": 0}]}, {"location": {"country_code": "pe"}, "game_id": "295590", "values": [{"date": "2022-08-24-16-00-00", "latency": 3}, {"date": "2022-08-24-16-00-00", "latency": 3}, {"date": "2022-08-24-17-00-00", "latency": 111}]}, {"location": {"country_code": "us", "region": "Wisconsin"}, "game_id": "295590", "values": [{"date": "2022-08-24-22-00-00", "latency": 61}]}, {"location": {"country_code": "mx", "region": "Nuevo Leon", "city": "Monterrey"}, "game_id": "295590", "values": [{"date": "2022-08-25-00-00-00", "latency": 7}]}, {"location": {"country_code": "es", "region": "Galicia", "city": "Santiago de Compostela"}, "game_id": "295590", "values": [{"date": "2022-08-24-19-00-00", "latency": 20}, {"date": "2022-08-24-19-00-00", "latency": 20}]}, {"location": {"country_code": "au", "region": "Western Australia", "city": "Perth"}, "game_id": "295590", "values": [{"date": "2022-08-24-16-00-00", "latency": 31}, {"date": "2022-08-24-16-00-00", "latency": 31}, {"date": "2022-08-24-16-00-00", "latency": 31}, {"date": "2022-08-24-16-00-00", "latency": 31}, {"date": "2022-08-24-16-00-00", "latency": 31}]}, {"location": {"country_code": "pt"}, "game_id": "295590", "values": [{"date": "2022-08-24-23-00-00", "latency": 39}, {"date": "2022-08-24-23-00-00", "latency": 39}, {"date": "2022-08-24-23-00-00", "latency": 39}, {"date": "2022-08-24-23-00-00", "latency": 39}, {"date": "2022-08-24-15-00-00", "latency": 7}, {"date": "2022-08-24-19-00-00", "latency": 4}, {"date": "2022-08-24-19-00-00", "latency": 4}, {"date": "2022-08-24-19-00-00", "latency": 4}, {"date": "2022-08-24-19-00-00", "latency": 4}, {"date": "2022-08-24-19-00-00", "latency": 4}]}, {"location": {"country_code": "uy"}, "game_id": "295590", "values": [{"date": "2022-08-24-16-00-00", "latency": 2}]}, {"location": {"country_code": "sv"}, "game_id": "295590", "values": [{"date": "2022-08-24-23-00-00", "latency": 59}]}, {"location": {"country_code": "br", "region": "Rio Grande do Sul"}, "game_id": "295590", "values": [{"date": "2022-08-25-01-00-00", "latency": 4}, {"date": "2022-08-25-01-00-00", "latency": 4}, {"date": "2022-08-25-01-00-00", "latency": 4}, {"date": "2022-08-25-01-00-00", "latency": 4}, {"date": "2022-08-24-19-00-00", "latency": 3}, {"date": "2022-08-24-19-00-00", "latency": 3}, {"date": "2022-08-25-01-00-00", "latency": 2}]}, {"location": {"country_code": "pe", "region": "Lima region", "city": "Lima"}, "game_id": "295590", "values": [{"date": "2022-08-24-18-00-00", "latency": 11}, {"date": "2022-08-25-00-00-00", "latency": 30}]}, {"location": {"country_code": "ca", "region": "British Columbia", "city": "Richmond"}, "game_id": "295590", "values": [{"date": "2022-08-24-14-00-00", "latency": 16}]}, {"location": {"country_code": "md"}, "game_id": "295590", "values": [{"date": "2022-08-24-21-00-00", "latency": 1}]}, {"location": {"country_code": "ad"}, "game_id": "295590", "values": [{"date": "2022-08-24-14-00-00", "latency": 0}]}, {"location": {"country_code": "us", "region": "Tennessee", "city": "Nashville"}, "game_id": "295590", "values": [{"date": "2022-08-25-01-00-00", "latency": 0}, {"date": "2022-08-25-01-00-00", "latency": 0}]}, {"location": {"country_code": "rs", "region": "Central Serbia", "city": "Belgrade"}, "game_id": "295590", "values": [{"date": "2022-08-24-17-00-00", "latency": 3}]}, {"location": {"country_code": "bg"}, "game_id": "295590", "values": [{"date": "2022-08-25-02-00-00", "latency": 2}]}, {"location": {"country_code": "de", "region": "North Rhine-Westphalia"}, "game_id": "295590", "values": [{"date": "2022-08-24-15-00-00", "latency": 3}]}, {"location": {"country_code": "br", "region": "Rio Grande do Norte", "city": "Natal"}, "game_id": "295590", "values": [{"date": "2022-08-24-20-00-00", "latency": 1}]}, {"location": {"country_code": "es", "region": "Murcia", "city": "Lorca"}, "game_id": "295590", "values": [{"date": "2022-08-25-00-00-00", "latency": 3}]}, {"location": {"country_code": "dj"}, "game_id": "295590", "values": [{"date": "2022-08-24-21-00-00", "latency": 4}]}, {"location": {"country_code": "lb"}, "game_id": "295590", "values": [{"date": "2022-08-24-18-00-00", "latency": 9}]}, {"location": {"country_code": "de", "region": "Free State of Thuringia"}, "game_id": "295590", "values": [{"date": "2022-08-24-20-00-00", "latency": 3}]}, {"location": {"country_code": "ee"}, "game_id": "295590", "values": [{"date": "2022-08-25-00-00-00", "latency": 0}]}, {"location": {"country_code": "us", "region": "Nevada"}, "game_id": "295590", "values": [{"date": "2022-08-25-01-00-00", "latency": 8}]}, {"location": {"country_code": "tt"}, "game_id": "295590", "values": [{"date": "2022-08-25-00-00-00", "latency": 141}, {"date": "2022-08-25-00-00-00", "latency": 141}, {"date": "2022-08-25-00-00-00", "latency": 141}, {"date": "2022-08-25-00-00-00", "latency": 141}, {"date": "2022-08-25-00-00-00", "latency": 141}, {"date": "2022-08-25-00-00-00", "latency": 141}]}, {"location": {"country_code": "pl", "region": "Pomeranian Voivodeship"}, "game_id": "295590", "values": [{"date": "2022-08-25-02-00-00", "latency": 6}, {"date": "2022-08-25-02-00-00", "latency": 6}, {"date": "2022-08-25-02-00-00", "latency": 6}, {"date": "2022-08-25-02-00-00", "latency": 6}, {"date": "2022-08-25-02-00-00", "latency": 6}, {"date": "2022-08-25-02-00-00", "latency": 6}, {"date": "2022-08-25-02-00-00", "latency": 6}, {"date": "2022-08-25-02-00-00", "latency": 6}, {"date": "2022-08-25-02-00-00", "latency": 6}]}, {"location": {"country_code": "us", "region": "Georgia", "city": "Fort Stewart"}, "game_id": "295590", "values": [{"date": "2022-08-24-23-00-00", "latency": 0}]}, {"location": {"country_code": "br", "region": "Sao Paulo", "city": "Franca"}, "game_id": "295590", "values": [{"date": "2022-08-24-20-00-00", "latency": 3}, {"date": "2022-08-24-20-00-00", "latency": 3}]}, {"location": {"country_code": "ar", "region": "San Juan Province"}, "game_id": "295590", "values": [{"date": "2022-08-25-02-00-00", "latency": 4}]}, {"location": {"country_code": "pl", "region": "Lesser Poland Voivodeship", "city": "Krakow"}, "game_id": "295590", "values": [{"date": "2022-08-24-18-00-00", "latency": 11}, {"date": "2022-08-24-18-00-00", "latency": 11}, {"date": "2022-08-24-18-00-00", "latency": 11}, {"date": "2022-08-24-18-00-00", "latency": 11}]}, {"location": {"country_code": "es", "region": "Castille and Leon", "city": "Salamanca"}, "game_id": "295590", "values": [{"date": "2022-08-24-18-00-00", "latency": 73}]}, {"location": {"country_code": "gb", "region": "England", "city": "Westhoughton"}, "game_id": "295590", "values": [{"date": "2022-08-24-18-00-00", "latency": 4}]}, {"location": {"country_code": "br", "region": "Minas Gerais", "city": "Recreio"}, "game_id": "295590", "values": [{"date": "2022-08-24-16-00-00", "latency": 1}]}, {"location": {"country_code": "pt", "region": "Viana do Alentejo Municipality", "city": "Sines"}, "game_id": "295590", "values": [{"date": "2022-08-24-19-00-00", "latency": 9}]}, {"location": {"country_code": "ga"}, "game_id": "295590", "values": [{"date": "2022-08-24-23-00-00", "latency": 15}]}], "last_updated": 1719919202.65154}