{"data": [{"location": {"country_code": "us"}, "game_id": "461764", "values": [{"date": "2024-05-09-07-00-00", "latency": 35}, {"date": "2024-05-09-07-00-00", "latency": 35}, {"date": "2024-05-09-07-00-00", "latency": 35}, {"date": "2024-05-09-07-00-00", "latency": 35}, {"date": "2024-05-09-07-00-00", "latency": 35}, {"date": "2024-05-09-07-00-00", "latency": 35}, {"date": "2024-05-09-07-00-00", "latency": 35}, {"date": "2024-05-09-07-00-00", "latency": 35}, {"date": "2024-05-09-07-00-00", "latency": 35}, {"date": "2024-05-09-07-00-00", "latency": 35}, {"date": "2024-05-09-07-00-00", "latency": 35}, {"date": "2024-05-09-07-00-00", "latency": 35}, {"date": "2024-05-09-07-00-00", "latency": 35}, {"date": "2024-05-09-07-00-00", "latency": 35}, {"date": "2024-05-09-07-00-00", "latency": 35}, {"date": "2024-05-09-07-00-00", "latency": 35}, {"date": "2024-05-09-07-00-00", "latency": 35}, {"date": "2024-05-09-07-00-00", "latency": 35}, {"date": "2024-05-09-07-00-00", "latency": 35}, {"date": "2024-05-09-04-00-00", "latency": 38}, {"date": "2024-05-09-04-00-00", "latency": 38}, {"date": "2024-05-09-04-00-00", "latency": 38}, {"date": "2024-05-09-04-00-00", "latency": 38}, {"date": "2024-05-09-15-00-00", "latency": 35}, {"date": "2024-05-09-15-00-00", "latency": 35}, {"date": "2024-05-09-15-00-00", "latency": 35}, {"date": "2024-05-09-15-00-00", "latency": 35}, {"date": "2024-05-09-15-00-00", "latency": 35}, {"date": "2024-05-09-15-00-00", "latency": 35}, {"date": "2024-05-09-15-00-00", "latency": 35}, {"date": "2024-05-09-15-00-00", "latency": 35}, {"date": "2024-05-09-15-00-00", "latency": 35}, {"date": "2024-05-09-15-00-00", "latency": 35}, {"date": "2024-05-09-15-00-00", "latency": 35}]}, {"location": {"country_code": "gb"}, "game_id": "461764", "values": [{"date": "2024-05-10-00-00-00", "latency": 34}, {"date": "2024-05-10-00-00-00", "latency": 34}, {"date": "2024-05-10-00-00-00", "latency": 34}, {"date": "2024-05-10-00-00-00", "latency": 34}, {"date": "2024-05-10-00-00-00", "latency": 34}, {"date": "2024-05-10-00-00-00", "latency": 34}, {"date": "2024-05-10-00-00-00", "latency": 34}, {"date": "2024-05-10-00-00-00", "latency": 34}, {"date": "2024-05-10-00-00-00", "latency": 34}, {"date": "2024-05-10-00-00-00", "latency": 34}, {"date": "2024-05-10-00-00-00", "latency": 34}, {"date": "2024-05-10-00-00-00", "latency": 34}, {"date": "2024-05-10-00-00-00", "latency": 34}, {"date": "2024-05-10-00-00-00", "latency": 34}, {"date": "2024-05-10-00-00-00", "latency": 34}, {"date": "2024-05-10-00-00-00", "latency": 34}, {"date": "2024-05-10-00-00-00", "latency": 34}, {"date": "2024-05-10-00-00-00", "latency": 34}, {"date": "2024-05-10-00-00-00", "latency": 34}, {"date": "2024-05-10-00-00-00", "latency": 34}, {"date": "2024-05-10-00-00-00", "latency": 34}, {"date": "2024-05-10-00-00-00", "latency": 34}, {"date": "2024-05-10-00-00-00", "latency": 34}, {"date": "2024-05-10-00-00-00", "latency": 34}, {"date": "2024-05-10-00-00-00", "latency": 34}, {"date": "2024-05-10-00-00-00", "latency": 34}, {"date": "2024-05-10-00-00-00", "latency": 34}, {"date": "2024-05-10-00-00-00", "latency": 34}, {"date": "2024-05-10-00-00-00", "latency": 34}, {"date": "2024-05-10-00-00-00", "latency": 34}, {"date": "2024-05-10-00-00-00", "latency": 34}, {"date": "2024-05-10-00-00-00", "latency": 34}, {"date": "2024-05-10-00-00-00", "latency": 34}, {"date": "2024-05-10-00-00-00", "latency": 34}, {"date": "2024-05-10-00-00-00", "latency": 34}, {"date": "2024-05-10-00-00-00", "latency": 34}, {"date": "2024-05-10-00-00-00", "latency": 34}]}, {"location": {"country_code": "gr"}, "game_id": "461764", "values": [{"date": "2024-05-09-16-00-00", "latency": 33}, {"date": "2024-05-09-16-00-00", "latency": 33}]}, {"location": {"country_code": "it"}, "game_id": "461764", "values": [{"date": "2024-05-09-21-00-00", "latency": 35}, {"date": "2024-05-09-21-00-00", "latency": 35}, {"date": "2024-05-09-21-00-00", "latency": 35}, {"date": "2024-05-09-21-00-00", "latency": 35}, {"date": "2024-05-09-21-00-00", "latency": 35}, {"date": "2024-05-09-21-00-00", "latency": 35}, {"date": "2024-05-09-21-00-00", "latency": 35}, {"date": "2024-05-09-21-00-00", "latency": 35}, {"date": "2024-05-09-21-00-00", "latency": 35}, {"date": "2024-05-09-21-00-00", "latency": 35}]}, {"location": {"country_code": "jp"}, "game_id": "461764", "values": [{"date": "2024-05-09-08-00-00", "latency": 38}, {"date": "2024-05-09-08-00-00", "latency": 38}, {"date": "2024-05-09-08-00-00", "latency": 38}, {"date": "2024-05-09-08-00-00", "latency": 38}, {"date": "2024-05-09-08-00-00", "latency": 38}, {"date": "2024-05-09-04-00-00", "latency": 42}, {"date": "2024-05-09-04-00-00", "latency": 42}, {"date": "2024-05-09-04-00-00", "latency": 42}, {"date": "2024-05-09-04-00-00", "latency": 42}]}, {"location": {"country_code": "ca"}, "game_id": "461764", "values": [{"date": "2024-05-09-18-00-00", "latency": 32}, {"date": "2024-05-09-18-00-00", "latency": 32}, {"date": "2024-05-09-18-00-00", "latency": 32}, {"date": "2024-05-09-18-00-00", "latency": 32}, {"date": "2024-05-09-18-00-00", "latency": 32}, {"date": "2024-05-09-18-00-00", "latency": 32}, {"date": "2024-05-09-18-00-00", "latency": 32}, {"date": "2024-05-09-18-00-00", "latency": 32}, {"date": "2024-05-09-11-00-00", "latency": 36}, {"date": "2024-05-09-11-00-00", "latency": 36}, {"date": "2024-05-09-11-00-00", "latency": 36}, {"date": "2024-05-09-11-00-00", "latency": 36}, {"date": "2024-05-09-11-00-00", "latency": 36}, {"date": "2024-05-09-11-00-00", "latency": 36}, {"date": "2024-05-09-11-00-00", "latency": 36}, {"date": "2024-05-09-11-00-00", "latency": 36}, {"date": "2024-05-09-11-00-00", "latency": 36}, {"date": "2024-05-09-11-00-00", "latency": 36}, {"date": "2024-05-09-11-00-00", "latency": 36}, {"date": "2024-05-09-11-00-00", "latency": 36}, {"date": "2024-05-09-11-00-00", "latency": 36}, {"date": "2024-05-09-11-00-00", "latency": 36}, {"date": "2024-05-09-11-00-00", "latency": 36}, {"date": "2024-05-09-11-00-00", "latency": 36}, {"date": "2024-05-09-11-00-00", "latency": 36}, {"date": "2024-05-09-11-00-00", "latency": 36}, {"date": "2024-05-09-11-00-00", "latency": 36}, {"date": "2024-05-09-11-00-00", "latency": 36}, {"date": "2024-05-09-11-00-00", "latency": 36}, {"date": "2024-05-09-11-00-00", "latency": 36}, {"date": "2024-05-09-11-00-00", "latency": 36}, {"date": "2024-05-09-11-00-00", "latency": 36}, {"date": "2024-05-09-11-00-00", "latency": 36}, {"date": "2024-05-09-11-00-00", "latency": 36}, {"date": "2024-05-09-11-00-00", "latency": 36}, {"date": "2024-05-09-11-00-00", "latency": 36}, {"date": "2024-05-09-11-00-00", "latency": 36}, {"date": "2024-05-09-11-00-00", "latency": 36}, {"date": "2024-05-09-11-00-00", "latency": 36}, {"date": "2024-05-09-11-00-00", "latency": 36}, {"date": "2024-05-09-11-00-00", "latency": 36}, {"date": "2024-05-09-11-00-00", "latency": 36}, {"date": "2024-05-09-11-00-00", "latency": 36}, {"date": "2024-05-09-11-00-00", "latency": 36}, {"date": "2024-05-09-11-00-00", "latency": 36}, {"date": "2024-05-09-11-00-00", "latency": 36}, {"date": "2024-05-09-11-00-00", "latency": 36}, {"date": "2024-05-09-11-00-00", "latency": 36}, {"date": "2024-05-09-11-00-00", "latency": 36}, {"date": "2024-05-09-11-00-00", "latency": 36}, {"date": "2024-05-09-11-00-00", "latency": 36}, {"date": "2024-05-09-11-00-00", "latency": 36}, {"date": "2024-05-09-11-00-00", "latency": 36}, {"date": "2024-05-09-11-00-00", "latency": 36}, {"date": "2024-05-09-11-00-00", "latency": 36}, {"date": "2024-05-09-11-00-00", "latency": 36}, {"date": "2024-05-09-11-00-00", "latency": 36}, {"date": "2024-05-09-11-00-00", "latency": 36}, {"date": "2024-05-09-11-00-00", "latency": 36}, {"date": "2024-05-09-11-00-00", "latency": 36}, {"date": "2024-05-09-11-00-00", "latency": 36}, {"date": "2024-05-09-11-00-00", "latency": 36}, {"date": "2024-05-09-11-00-00", "latency": 36}, {"date": "2024-05-09-11-00-00", "latency": 36}, {"date": "2024-05-09-11-00-00", "latency": 36}, {"date": "2024-05-09-11-00-00", "latency": 36}, {"date": "2024-05-09-11-00-00", "latency": 36}, {"date": "2024-05-09-11-00-00", "latency": 36}]}, {"location": {"country_code": "de"}, "game_id": "461764", "values": [{"date": "2024-05-09-22-00-00", "latency": 35}, {"date": "2024-05-09-22-00-00", "latency": 35}, {"date": "2024-05-09-22-00-00", "latency": 35}, {"date": "2024-05-09-22-00-00", "latency": 35}, {"date": "2024-05-09-22-00-00", "latency": 35}, {"date": "2024-05-09-22-00-00", "latency": 35}, {"date": "2024-05-09-22-00-00", "latency": 35}, {"date": "2024-05-09-22-00-00", "latency": 35}, {"date": "2024-05-09-22-00-00", "latency": 35}]}, {"location": {"country_code": "us", "region": "Florida"}, "game_id": "461764", "values": [{"date": "2024-05-10-00-00-00", "latency": 35}, {"date": "2024-05-10-00-00-00", "latency": 35}, {"date": "2024-05-10-00-00-00", "latency": 35}, {"date": "2024-05-10-00-00-00", "latency": 35}, {"date": "2024-05-10-00-00-00", "latency": 35}, {"date": "2024-05-10-00-00-00", "latency": 35}]}, {"location": {"country_code": "fr"}, "game_id": "461764", "values": [{"date": "2024-05-09-11-00-00", "latency": 51}, {"date": "2024-05-09-11-00-00", "latency": 51}, {"date": "2024-05-09-11-00-00", "latency": 51}, {"date": "2024-05-09-11-00-00", "latency": 51}, {"date": "2024-05-09-11-00-00", "latency": 51}, {"date": "2024-05-09-11-00-00", "latency": 51}, {"date": "2024-05-09-11-00-00", "latency": 51}, {"date": "2024-05-09-11-00-00", "latency": 51}, {"date": "2024-05-09-11-00-00", "latency": 51}, {"date": "2024-05-09-11-00-00", "latency": 51}, {"date": "2024-05-09-11-00-00", "latency": 51}, {"date": "2024-05-09-11-00-00", "latency": 51}, {"date": "2024-05-09-11-00-00", "latency": 51}, {"date": "2024-05-09-11-00-00", "latency": 51}, {"date": "2024-05-09-11-00-00", "latency": 51}, {"date": "2024-05-09-11-00-00", "latency": 51}, {"date": "2024-05-09-11-00-00", "latency": 51}, {"date": "2024-05-09-11-00-00", "latency": 51}, {"date": "2024-05-09-11-00-00", "latency": 51}, {"date": "2024-05-09-11-00-00", "latency": 51}, {"date": "2024-05-09-11-00-00", "latency": 51}, {"date": "2024-05-09-11-00-00", "latency": 51}, {"date": "2024-05-09-11-00-00", "latency": 51}]}, {"location": {"country_code": "dk"}, "game_id": "461764", "values": [{"date": "2024-05-10-02-00-00", "latency": 35}, {"date": "2024-05-10-02-00-00", "latency": 35}, {"date": "2024-05-10-02-00-00", "latency": 35}]}, {"location": {"country_code": "tr"}, "game_id": "461764", "values": [{"date": "2024-05-09-22-00-00", "latency": 35}, {"date": "2024-05-09-22-00-00", "latency": 35}, {"date": "2024-05-09-22-00-00", "latency": 35}, {"date": "2024-05-09-22-00-00", "latency": 35}, {"date": "2024-05-09-22-00-00", "latency": 35}, {"date": "2024-05-09-22-00-00", "latency": 35}]}, {"location": {"country_code": "pl"}, "game_id": "461764", "values": [{"date": "2024-05-10-02-00-00", "latency": 36}, {"date": "2024-05-10-02-00-00", "latency": 36}, {"date": "2024-05-10-02-00-00", "latency": 36}, {"date": "2024-05-10-02-00-00", "latency": 36}, {"date": "2024-05-10-02-00-00", "latency": 36}, {"date": "2024-05-10-02-00-00", "latency": 36}, {"date": "2024-05-10-02-00-00", "latency": 36}, {"date": "2024-05-10-02-00-00", "latency": 36}, {"date": "2024-05-10-02-00-00", "latency": 36}, {"date": "2024-05-10-02-00-00", "latency": 36}, {"date": "2024-05-10-02-00-00", "latency": 36}, {"date": "2024-05-10-02-00-00", "latency": 36}, {"date": "2024-05-10-02-00-00", "latency": 36}, {"date": "2024-05-10-02-00-00", "latency": 36}, {"date": "2024-05-10-02-00-00", "latency": 36}, {"date": "2024-05-10-02-00-00", "latency": 36}, {"date": "2024-05-09-23-00-00", "latency": 104}, {"date": "2024-05-09-23-00-00", "latency": 104}, {"date": "2024-05-09-23-00-00", "latency": 104}, {"date": "2024-05-09-23-00-00", "latency": 104}, {"date": "2024-05-09-23-00-00", "latency": 104}, {"date": "2024-05-09-23-00-00", "latency": 104}, {"date": "2024-05-09-23-00-00", "latency": 104}, {"date": "2024-05-09-23-00-00", "latency": 104}, {"date": "2024-05-09-23-00-00", "latency": 104}, {"date": "2024-05-09-23-00-00", "latency": 104}, {"date": "2024-05-09-23-00-00", "latency": 104}, {"date": "2024-05-09-23-00-00", "latency": 104}, {"date": "2024-05-09-23-00-00", "latency": 104}, {"date": "2024-05-09-23-00-00", "latency": 104}, {"date": "2024-05-09-23-00-00", "latency": 104}, {"date": "2024-05-09-23-00-00", "latency": 104}, {"date": "2024-05-09-23-00-00", "latency": 104}, {"date": "2024-05-09-23-00-00", "latency": 104}, {"date": "2024-05-09-23-00-00", "latency": 104}, {"date": "2024-05-09-23-00-00", "latency": 104}]}, {"location": {"country_code": "ie"}, "game_id": "461764", "values": [{"date": "2024-05-09-23-00-00", "latency": 36}, {"date": "2024-05-09-23-00-00", "latency": 36}, {"date": "2024-05-09-23-00-00", "latency": 36}, {"date": "2024-05-09-23-00-00", "latency": 36}, {"date": "2024-05-09-23-00-00", "latency": 36}, {"date": "2024-05-09-23-00-00", "latency": 36}, {"date": "2024-05-09-23-00-00", "latency": 36}, {"date": "2024-05-09-23-00-00", "latency": 36}, {"date": "2024-05-09-23-00-00", "latency": 36}, {"date": "2024-05-09-23-00-00", "latency": 36}, {"date": "2024-05-09-23-00-00", "latency": 36}, {"date": "2024-05-09-23-00-00", "latency": 36}, {"date": "2024-05-09-23-00-00", "latency": 36}, {"date": "2024-05-09-23-00-00", "latency": 36}, {"date": "2024-05-09-23-00-00", "latency": 36}, {"date": "2024-05-09-23-00-00", "latency": 36}, {"date": "2024-05-09-23-00-00", "latency": 36}, {"date": "2024-05-09-23-00-00", "latency": 36}]}, {"location": {"country_code": "id"}, "game_id": "461764", "values": [{"date": "2024-05-09-15-00-00", "latency": 54}, {"date": "2024-05-09-15-00-00", "latency": 54}, {"date": "2024-05-09-15-00-00", "latency": 54}, {"date": "2024-05-09-15-00-00", "latency": 54}, {"date": "2024-05-09-15-00-00", "latency": 54}, {"date": "2024-05-09-15-00-00", "latency": 54}]}, {"location": {"country_code": "ca", "region": "British Columbia", "city": "Richmond"}, "game_id": "461764", "values": [{"date": "2024-05-09-06-00-00", "latency": 43}, {"date": "2024-05-09-06-00-00", "latency": 43}, {"date": "2024-05-09-06-00-00", "latency": 43}, {"date": "2024-05-09-06-00-00", "latency": 43}, {"date": "2024-05-09-06-00-00", "latency": 43}, {"date": "2024-05-09-06-00-00", "latency": 43}, {"date": "2024-05-09-06-00-00", "latency": 43}, {"date": "2024-05-09-06-00-00", "latency": 43}]}, {"location": {"country_code": "bg"}, "game_id": "461764", "values": [{"date": "2024-05-09-15-00-00", "latency": 33}, {"date": "2024-05-09-15-00-00", "latency": 33}, {"date": "2024-05-09-15-00-00", "latency": 33}, {"date": "2024-05-09-15-00-00", "latency": 33}, {"date": "2024-05-09-15-00-00", "latency": 33}, {"date": "2024-05-09-15-00-00", "latency": 33}, {"date": "2024-05-09-15-00-00", "latency": 33}, {"date": "2024-05-09-15-00-00", "latency": 33}, {"date": "2024-05-09-15-00-00", "latency": 33}, {"date": "2024-05-09-15-00-00", "latency": 33}, {"date": "2024-05-09-15-00-00", "latency": 33}, {"date": "2024-05-09-15-00-00", "latency": 33}, {"date": "2024-05-09-15-00-00", "latency": 33}, {"date": "2024-05-09-15-00-00", "latency": 33}, {"date": "2024-05-09-15-00-00", "latency": 33}, {"date": "2024-05-09-15-00-00", "latency": 33}, {"date": "2024-05-09-15-00-00", "latency": 33}, {"date": "2024-05-09-15-00-00", "latency": 33}, {"date": "2024-05-09-15-00-00", "latency": 33}, {"date": "2024-05-09-15-00-00", "latency": 33}, {"date": "2024-05-09-15-00-00", "latency": 33}, {"date": "2024-05-09-15-00-00", "latency": 33}, {"date": "2024-05-09-15-00-00", "latency": 33}, {"date": "2024-05-09-15-00-00", "latency": 33}, {"date": "2024-05-09-15-00-00", "latency": 33}, {"date": "2024-05-09-15-00-00", "latency": 33}, {"date": "2024-05-09-15-00-00", "latency": 33}, {"date": "2024-05-09-15-00-00", "latency": 33}, {"date": "2024-05-09-15-00-00", "latency": 33}, {"date": "2024-05-09-15-00-00", "latency": 33}, {"date": "2024-05-09-15-00-00", "latency": 33}, {"date": "2024-05-10-01-00-00", "latency": 36}, {"date": "2024-05-10-01-00-00", "latency": 36}, {"date": "2024-05-10-01-00-00", "latency": 36}, {"date": "2024-05-10-01-00-00", "latency": 36}, {"date": "2024-05-10-01-00-00", "latency": 36}, {"date": "2024-05-10-01-00-00", "latency": 36}, {"date": "2024-05-10-01-00-00", "latency": 36}, {"date": "2024-05-10-01-00-00", "latency": 36}, {"date": "2024-05-10-01-00-00", "latency": 36}, {"date": "2024-05-10-01-00-00", "latency": 36}, {"date": "2024-05-10-01-00-00", "latency": 36}, {"date": "2024-05-10-01-00-00", "latency": 36}, {"date": "2024-05-10-01-00-00", "latency": 36}, {"date": "2024-05-10-01-00-00", "latency": 36}, {"date": "2024-05-10-01-00-00", "latency": 36}, {"date": "2024-05-10-01-00-00", "latency": 36}, {"date": "2024-05-10-01-00-00", "latency": 36}, {"date": "2024-05-10-01-00-00", "latency": 36}]}, {"location": {"country_code": "us", "region": "Oregon", "city": "Portland"}, "game_id": "461764", "values": [{"date": "2024-05-10-01-00-00", "latency": 35}, {"date": "2024-05-10-01-00-00", "latency": 35}, {"date": "2024-05-10-01-00-00", "latency": 35}, {"date": "2024-05-10-01-00-00", "latency": 35}, {"date": "2024-05-10-01-00-00", "latency": 35}, {"date": "2024-05-10-01-00-00", "latency": 35}, {"date": "2024-05-10-01-00-00", "latency": 35}, {"date": "2024-05-10-01-00-00", "latency": 35}, {"date": "2024-05-10-01-00-00", "latency": 35}, {"date": "2024-05-10-01-00-00", "latency": 35}, {"date": "2024-05-10-01-00-00", "latency": 35}, {"date": "2024-05-10-01-00-00", "latency": 35}, {"date": "2024-05-10-01-00-00", "latency": 35}, {"date": "2024-05-10-01-00-00", "latency": 35}, {"date": "2024-05-10-01-00-00", "latency": 35}, {"date": "2024-05-10-01-00-00", "latency": 35}, {"date": "2024-05-10-01-00-00", "latency": 35}, {"date": "2024-05-10-01-00-00", "latency": 35}, {"date": "2024-05-10-01-00-00", "latency": 35}, {"date": "2024-05-10-01-00-00", "latency": 35}, {"date": "2024-05-10-01-00-00", "latency": 35}, {"date": "2024-05-10-01-00-00", "latency": 35}, {"date": "2024-05-10-01-00-00", "latency": 35}, {"date": "2024-05-10-01-00-00", "latency": 35}, {"date": "2024-05-10-01-00-00", "latency": 35}, {"date": "2024-05-10-01-00-00", "latency": 35}, {"date": "2024-05-10-01-00-00", "latency": 35}, {"date": "2024-05-10-01-00-00", "latency": 35}, {"date": "2024-05-10-01-00-00", "latency": 35}, {"date": "2024-05-10-01-00-00", "latency": 35}, {"date": "2024-05-10-01-00-00", "latency": 35}, {"date": "2024-05-10-01-00-00", "latency": 35}, {"date": "2024-05-10-01-00-00", "latency": 35}, {"date": "2024-05-10-01-00-00", "latency": 35}, {"date": "2024-05-10-01-00-00", "latency": 35}, {"date": "2024-05-10-01-00-00", "latency": 35}, {"date": "2024-05-10-01-00-00", "latency": 35}, {"date": "2024-05-10-01-00-00", "latency": 35}, {"date": "2024-05-10-01-00-00", "latency": 35}, {"date": "2024-05-10-01-00-00", "latency": 35}]}, {"location": {"country_code": "us", "region": "North Dakota"}, "game_id": "461764", "values": [{"date": "2024-05-09-05-00-00", "latency": 34}, {"date": "2024-05-09-05-00-00", "latency": 34}]}, {"location": {"country_code": "be", "region": "Antwerp Province", "city": "Mechelen"}, "game_id": "461764", "values": [{"date": "2024-05-09-21-00-00", "latency": 79}, {"date": "2024-05-09-21-00-00", "latency": 79}, {"date": "2024-05-09-21-00-00", "latency": 79}, {"date": "2024-05-09-21-00-00", "latency": 79}, {"date": "2024-05-09-21-00-00", "latency": 79}, {"date": "2024-05-09-21-00-00", "latency": 79}, {"date": "2024-05-09-21-00-00", "latency": 79}, {"date": "2024-05-09-21-00-00", "latency": 79}, {"date": "2024-05-09-21-00-00", "latency": 79}, {"date": "2024-05-09-21-00-00", "latency": 79}, {"date": "2024-05-09-21-00-00", "latency": 79}, {"date": "2024-05-09-21-00-00", "latency": 79}, {"date": "2024-05-09-21-00-00", "latency": 79}, {"date": "2024-05-09-21-00-00", "latency": 79}]}, {"location": {"country_code": "fr", "region": "Normandy", "city": "Rocheville"}, "game_id": "461764", "values": [{"date": "2024-05-09-18-00-00", "latency": 46}, {"date": "2024-05-09-18-00-00", "latency": 46}, {"date": "2024-05-09-18-00-00", "latency": 46}, {"date": "2024-05-09-18-00-00", "latency": 46}, {"date": "2024-05-09-18-00-00", "latency": 46}, {"date": "2024-05-09-18-00-00", "latency": 46}, {"date": "2024-05-09-18-00-00", "latency": 46}, {"date": "2024-05-09-18-00-00", "latency": 46}, {"date": "2024-05-09-18-00-00", "latency": 46}, {"date": "2024-05-09-18-00-00", "latency": 46}, {"date": "2024-05-09-18-00-00", "latency": 46}, {"date": "2024-05-09-18-00-00", "latency": 46}, {"date": "2024-05-09-18-00-00", "latency": 46}, {"date": "2024-05-09-18-00-00", "latency": 46}, {"date": "2024-05-09-18-00-00", "latency": 46}, {"date": "2024-05-09-18-00-00", "latency": 46}, {"date": "2024-05-09-18-00-00", "latency": 46}, {"date": "2024-05-09-18-00-00", "latency": 46}, {"date": "2024-05-09-18-00-00", "latency": 46}, {"date": "2024-05-09-18-00-00", "latency": 46}]}, {"location": {"country_code": "no", "region": "Rogaland", "city": "Sandnes"}, "game_id": "461764", "values": [{"date": "2024-05-09-21-00-00", "latency": 33}, {"date": "2024-05-09-21-00-00", "latency": 33}, {"date": "2024-05-09-21-00-00", "latency": 33}, {"date": "2024-05-09-21-00-00", "latency": 33}, {"date": "2024-05-09-21-00-00", "latency": 33}, {"date": "2024-05-09-21-00-00", "latency": 33}, {"date": "2024-05-09-21-00-00", "latency": 33}, {"date": "2024-05-09-21-00-00", "latency": 33}, {"date": "2024-05-09-21-00-00", "latency": 33}, {"date": "2024-05-09-21-00-00", "latency": 33}]}], "last_updated": 1719926792.692695}