{"data": [{"location": {"country_code": "us"}, "game_id": "295590", "values": [{"date": "2023-12-28-18-00-00", "latency": 121}, {"date": "2023-12-28-21-00-00", "latency": 86}, {"date": "2023-12-28-13-00-00", "latency": 53}, {"date": "2023-12-28-06-00-00", "latency": 75}, {"date": "2023-12-29-01-00-00", "latency": 417}, {"date": "2023-12-29-01-00-00", "latency": 417}, {"date": "2023-12-29-01-00-00", "latency": 417}, {"date": "2023-12-29-01-00-00", "latency": 417}, {"date": "2023-12-28-06-00-00", "latency": 97}]}, {"location": {"country_code": "us", "region": "New York", "city": "Jamestown"}, "game_id": "295590", "values": [{"date": "2023-12-28-03-00-00", "latency": 41}, {"date": "2023-12-28-05-00-00", "latency": 74}, {"date": "2023-12-28-05-00-00", "latency": 74}, {"date": "2023-12-28-23-00-00", "latency": 75}]}, {"location": {"country_code": "de", "region": "Berlin", "city": "Berlin"}, "game_id": "295590", "values": [{"date": "2023-12-28-22-00-00", "latency": 170}]}, {"location": {"country_code": "eg"}, "game_id": "295590", "values": [{"date": "2023-12-28-15-00-00", "latency": 86}, {"date": "2023-12-28-15-00-00", "latency": 86}, {"date": "2023-12-28-15-00-00", "latency": 86}, {"date": "2023-12-28-15-00-00", "latency": 86}, {"date": "2023-12-28-15-00-00", "latency": 86}, {"date": "2023-12-28-15-00-00", "latency": 86}, {"date": "2023-12-28-15-00-00", "latency": 86}, {"date": "2023-12-28-20-00-00", "latency": 157}, {"date": "2023-12-28-20-00-00", "latency": 157}, {"date": "2023-12-28-20-00-00", "latency": 157}, {"date": "2023-12-28-16-00-00", "latency": 174}]}, {"location": {"country_code": "gb"}, "game_id": "295590", "values": [{"date": "2023-12-28-12-00-00", "latency": 57}, {"date": "2023-12-28-22-00-00", "latency": 59}, {"date": "2023-12-28-22-00-00", "latency": 59}, {"date": "2023-12-28-19-00-00", "latency": 79}]}, {"location": {"country_code": "gb", "region": "Northern Ireland", "city": "Belfast"}, "game_id": "295590", "values": [{"date": "2023-12-28-21-00-00", "latency": 192}, {"date": "2023-12-28-21-00-00", "latency": 192}, {"date": "2023-12-28-21-00-00", "latency": 192}, {"date": "2023-12-28-21-00-00", "latency": 192}, {"date": "2023-12-28-21-00-00", "latency": 192}, {"date": "2023-12-28-21-00-00", "latency": 192}]}, {"location": {"country_code": "th"}, "game_id": "295590", "values": [{"date": "2023-12-28-15-00-00", "latency": 38}, {"date": "2023-12-28-16-00-00", "latency": 62}, {"date": "2023-12-28-16-00-00", "latency": 62}, {"date": "2023-12-28-16-00-00", "latency": 62}, {"date": "2023-12-28-16-00-00", "latency": 62}, {"date": "2023-12-28-16-00-00", "latency": 62}, {"date": "2023-12-28-16-00-00", "latency": 62}, {"date": "2023-12-28-16-00-00", "latency": 62}, {"date": "2023-12-28-16-00-00", "latency": 62}, {"date": "2023-12-28-14-00-00", "latency": 370}, {"date": "2023-12-28-14-00-00", "latency": 370}]}, {"location": {"country_code": "gr"}, "game_id": "295590", "values": [{"date": "2023-12-28-21-00-00", "latency": 77}, {"date": "2023-12-28-21-00-00", "latency": 77}, {"date": "2023-12-28-21-00-00", "latency": 77}, {"date": "2023-12-28-22-00-00", "latency": 79}, {"date": "2023-12-28-22-00-00", "latency": 79}, {"date": "2023-12-28-22-00-00", "latency": 79}, {"date": "2023-12-28-22-00-00", "latency": 79}, {"date": "2023-12-28-22-00-00", "latency": 79}, {"date": "2023-12-28-22-00-00", "latency": 79}, {"date": "2023-12-28-22-00-00", "latency": 79}, {"date": "2023-12-28-22-00-00", "latency": 79}, {"date": "2023-12-28-22-00-00", "latency": 79}, {"date": "2023-12-28-22-00-00", "latency": 79}, {"date": "2023-12-28-22-00-00", "latency": 79}, {"date": "2023-12-28-22-00-00", "latency": 79}, {"date": "2023-12-28-22-00-00", "latency": 79}, {"date": "2023-12-28-15-00-00", "latency": 82}, {"date": "2023-12-28-15-00-00", "latency": 82}, {"date": "2023-12-28-15-00-00", "latency": 82}, {"date": "2023-12-28-15-00-00", "latency": 82}, {"date": "2023-12-28-15-00-00", "latency": 82}]}, {"location": {"country_code": "nl"}, "game_id": "295590", "values": [{"date": "2023-12-28-18-00-00", "latency": 36}]}, {"location": {"country_code": "cz"}, "game_id": "295590", "values": [{"date": "2023-12-28-12-00-00", "latency": 159}, {"date": "2023-12-29-00-00-00", "latency": 187}, {"date": "2023-12-29-00-00-00", "latency": 187}, {"date": "2023-12-29-00-00-00", "latency": 187}, {"date": "2023-12-29-00-00-00", "latency": 187}, {"date": "2023-12-29-00-00-00", "latency": 187}, {"date": "2023-12-29-00-00-00", "latency": 187}, {"date": "2023-12-29-00-00-00", "latency": 187}, {"date": "2023-12-29-00-00-00", "latency": 187}, {"date": "2023-12-29-00-00-00", "latency": 187}, {"date": "2023-12-29-00-00-00", "latency": 187}, {"date": "2023-12-29-00-00-00", "latency": 187}, {"date": "2023-12-29-00-00-00", "latency": 187}, {"date": "2023-12-29-00-00-00", "latency": 187}, {"date": "2023-12-29-00-00-00", "latency": 187}, {"date": "2023-12-29-00-00-00", "latency": 187}, {"date": "2023-12-29-00-00-00", "latency": 187}, {"date": "2023-12-29-00-00-00", "latency": 187}, {"date": "2023-12-29-00-00-00", "latency": 187}, {"date": "2023-12-29-00-00-00", "latency": 187}, {"date": "2023-12-29-00-00-00", "latency": 187}, {"date": "2023-12-29-00-00-00", "latency": 187}, {"date": "2023-12-29-00-00-00", "latency": 187}, {"date": "2023-12-29-00-00-00", "latency": 187}, {"date": "2023-12-29-00-00-00", "latency": 187}, {"date": "2023-12-29-00-00-00", "latency": 187}, {"date": "2023-12-29-00-00-00", "latency": 187}, {"date": "2023-12-29-00-00-00", "latency": 187}, {"date": "2023-12-29-00-00-00", "latency": 187}, {"date": "2023-12-29-00-00-00", "latency": 187}, {"date": "2023-12-29-00-00-00", "latency": 187}, {"date": "2023-12-29-00-00-00", "latency": 187}, {"date": "2023-12-29-00-00-00", "latency": 187}, {"date": "2023-12-29-00-00-00", "latency": 187}, {"date": "2023-12-29-00-00-00", "latency": 187}, {"date": "2023-12-29-00-00-00", "latency": 187}, {"date": "2023-12-29-00-00-00", "latency": 187}, {"date": "2023-12-29-00-00-00", "latency": 187}, {"date": "2023-12-29-00-00-00", "latency": 187}, {"date": "2023-12-29-00-00-00", "latency": 187}, {"date": "2023-12-29-00-00-00", "latency": 187}, {"date": "2023-12-29-00-00-00", "latency": 187}, {"date": "2023-12-29-00-00-00", "latency": 187}]}, {"location": {"country_code": "it"}, "game_id": "295590", "values": [{"date": "2023-12-28-15-00-00", "latency": 51}, {"date": "2023-12-28-07-00-00", "latency": 197}, {"date": "2023-12-28-07-00-00", "latency": 197}, {"date": "2023-12-28-20-00-00", "latency": 50}, {"date": "2023-12-28-17-00-00", "latency": 62}, {"date": "2023-12-28-16-00-00", "latency": 65}, {"date": "2023-12-28-16-00-00", "latency": 65}]}, {"location": {"country_code": "za"}, "game_id": "295590", "values": [{"date": "2023-12-28-19-00-00", "latency": 276}]}, {"location": {"country_code": "jp"}, "game_id": "295590", "values": [{"date": "2023-12-28-16-00-00", "latency": 32}, {"date": "2023-12-28-16-00-00", "latency": 32}, {"date": "2023-12-28-16-00-00", "latency": 32}, {"date": "2023-12-28-03-00-00", "latency": 134}, {"date": "2023-12-28-13-00-00", "latency": 74}]}, {"location": {"country_code": "ca"}, "game_id": "295590", "values": [{"date": "2023-12-28-05-00-00", "latency": 54}, {"date": "2023-12-28-05-00-00", "latency": 54}, {"date": "2023-12-28-05-00-00", "latency": 54}, {"date": "2023-12-28-23-00-00", "latency": 86}, {"date": "2023-12-28-23-00-00", "latency": 86}, {"date": "2023-12-28-20-00-00", "latency": 70}, {"date": "2023-12-28-20-00-00", "latency": 70}, {"date": "2023-12-28-20-00-00", "latency": 70}, {"date": "2023-12-28-20-00-00", "latency": 70}, {"date": "2023-12-28-20-00-00", "latency": 70}]}, {"location": {"country_code": "mx", "region": "Nuevo Leon", "city": "Monterrey"}, "game_id": "295590", "values": [{"date": "2023-12-28-07-00-00", "latency": 94}, {"date": "2023-12-29-00-00-00", "latency": 87}, {"date": "2023-12-29-00-00-00", "latency": 87}, {"date": "2023-12-29-00-00-00", "latency": 87}, {"date": "2023-12-29-00-00-00", "latency": 87}, {"date": "2023-12-29-00-00-00", "latency": 87}, {"date": "2023-12-29-00-00-00", "latency": 87}]}, {"location": {"country_code": "de"}, "game_id": "295590", "values": [{"date": "2023-12-28-17-00-00", "latency": 40}, {"date": "2023-12-28-11-00-00", "latency": 33}, {"date": "2023-12-29-00-00-00", "latency": 213}, {"date": "2023-12-29-00-00-00", "latency": 213}, {"date": "2023-12-29-00-00-00", "latency": 213}, {"date": "2023-12-29-00-00-00", "latency": 213}, {"date": "2023-12-28-02-00-00", "latency": 68}, {"date": "2023-12-28-23-00-00", "latency": 29}]}, {"location": {"country_code": "tw"}, "game_id": "295590", "values": [{"date": "2023-12-28-18-00-00", "latency": 197}, {"date": "2023-12-28-18-00-00", "latency": 197}, {"date": "2023-12-28-18-00-00", "latency": 197}, {"date": "2023-12-28-18-00-00", "latency": 197}, {"date": "2023-12-28-11-00-00", "latency": 61}, {"date": "2023-12-28-11-00-00", "latency": 61}]}, {"location": {"country_code": "br", "region": "Parana", "city": "Araucaria"}, "game_id": "295590", "values": [{"date": "2023-12-28-01-00-00", "latency": 43}]}, {"location": {"country_code": "us", "region": "Indiana"}, "game_id": "295590", "values": [{"date": "2023-12-28-05-00-00", "latency": 69}, {"date": "2023-12-28-05-00-00", "latency": 69}, {"date": "2023-12-28-11-00-00", "latency": 41}]}, {"location": {"country_code": "gb", "region": "England"}, "game_id": "295590", "values": [{"date": "2023-12-28-04-00-00", "latency": 58}, {"date": "2023-12-28-04-00-00", "latency": 58}, {"date": "2023-12-28-04-00-00", "latency": 58}, {"date": "2023-12-28-04-00-00", "latency": 58}, {"date": "2023-12-28-04-00-00", "latency": 58}, {"date": "2023-12-28-04-00-00", "latency": 58}, {"date": "2023-12-28-04-00-00", "latency": 58}, {"date": "2023-12-28-04-00-00", "latency": 58}]}, {"location": {"country_code": "gb", "region": "Scotland"}, "game_id": "295590", "values": [{"date": "2023-12-29-00-00-00", "latency": 384}, {"date": "2023-12-29-00-00-00", "latency": 384}, {"date": "2023-12-29-00-00-00", "latency": 384}, {"date": "2023-12-29-00-00-00", "latency": 384}, {"date": "2023-12-29-00-00-00", "latency": 384}, {"date": "2023-12-29-00-00-00", "latency": 384}, {"date": "2023-12-29-00-00-00", "latency": 384}]}, {"location": {"country_code": "cl"}, "game_id": "295590", "values": [{"date": "2023-12-28-20-00-00", "latency": 280}, {"date": "2023-12-28-20-00-00", "latency": 280}, {"date": "2023-12-28-20-00-00", "latency": 280}, {"date": "2023-12-28-05-00-00", "latency": 264}]}, {"location": {"country_code": "us", "region": "Florida"}, "game_id": "295590", "values": [{"date": "2023-12-28-17-00-00", "latency": 121}, {"date": "2023-12-28-17-00-00", "latency": 121}, {"date": "2023-12-28-17-00-00", "latency": 121}, {"date": "2023-12-28-17-00-00", "latency": 121}, {"date": "2023-12-28-17-00-00", "latency": 121}, {"date": "2023-12-28-17-00-00", "latency": 121}]}, {"location": {"country_code": "ph"}, "game_id": "295590", "values": [{"date": "2023-12-28-05-00-00", "latency": 83}, {"date": "2023-12-28-05-00-00", "latency": 83}, {"date": "2023-12-28-05-00-00", "latency": 83}, {"date": "2023-12-28-11-00-00", "latency": 23}, {"date": "2023-12-28-11-00-00", "latency": 23}, {"date": "2023-12-28-11-00-00", "latency": 23}, {"date": "2023-12-28-11-00-00", "latency": 23}, {"date": "2023-12-28-11-00-00", "latency": 23}, {"date": "2023-12-28-12-00-00", "latency": 35}, {"date": "2023-12-28-12-00-00", "latency": 35}, {"date": "2023-12-28-12-00-00", "latency": 35}, {"date": "2023-12-28-12-00-00", "latency": 35}, {"date": "2023-12-28-12-00-00", "latency": 35}]}, {"location": {"country_code": "fr"}, "game_id": "295590", "values": [{"date": "2023-12-28-19-00-00", "latency": 57}, {"date": "2023-12-28-19-00-00", "latency": 57}, {"date": "2023-12-28-21-00-00", "latency": 36}, {"date": "2023-12-28-21-00-00", "latency": 36}, {"date": "2023-12-28-21-00-00", "latency": 36}, {"date": "2023-12-29-00-00-00", "latency": 116}]}, {"location": {"country_code": "fr", "region": "Ile-de-France Region", "city": "Paris"}, "game_id": "295590", "values": [{"date": "2023-12-28-08-00-00", "latency": 159}, {"date": "2023-12-28-08-00-00", "latency": 159}, {"date": "2023-12-28-08-00-00", "latency": 159}, {"date": "2023-12-28-08-00-00", "latency": 159}, {"date": "2023-12-28-08-00-00", "latency": 159}, {"date": "2023-12-28-08-00-00", "latency": 159}, {"date": "2023-12-28-08-00-00", "latency": 159}, {"date": "2023-12-28-08-00-00", "latency": 159}, {"date": "2023-12-28-08-00-00", "latency": 159}, {"date": "2023-12-28-08-00-00", "latency": 159}, {"date": "2023-12-28-08-00-00", "latency": 159}, {"date": "2023-12-28-08-00-00", "latency": 159}, {"date": "2023-12-28-08-00-00", "latency": 159}, {"date": "2023-12-28-08-00-00", "latency": 159}, {"date": "2023-12-28-08-00-00", "latency": 159}, {"date": "2023-12-28-08-00-00", "latency": 159}, {"date": "2023-12-28-08-00-00", "latency": 159}, {"date": "2023-12-28-08-00-00", "latency": 159}, {"date": "2023-12-28-08-00-00", "latency": 159}, {"date": "2023-12-28-08-00-00", "latency": 159}, {"date": "2023-12-28-08-00-00", "latency": 159}, {"date": "2023-12-28-08-00-00", "latency": 159}, {"date": "2023-12-28-08-00-00", "latency": 159}, {"date": "2023-12-28-08-00-00", "latency": 159}, {"date": "2023-12-28-08-00-00", "latency": 159}, {"date": "2023-12-28-08-00-00", "latency": 159}, {"date": "2023-12-28-08-00-00", "latency": 159}, {"date": "2023-12-28-08-00-00", "latency": 159}, {"date": "2023-12-28-08-00-00", "latency": 159}, {"date": "2023-12-28-08-00-00", "latency": 159}, {"date": "2023-12-28-08-00-00", "latency": 159}, {"date": "2023-12-28-08-00-00", "latency": 159}, {"date": "2023-12-28-08-00-00", "latency": 159}, {"date": "2023-12-28-08-00-00", "latency": 159}, {"date": "2023-12-28-08-00-00", "latency": 159}, {"date": "2023-12-28-08-00-00", "latency": 159}]}, {"location": {"country_code": "us", "region": "New Jersey"}, "game_id": "295590", "values": [{"date": "2023-12-28-06-00-00", "latency": 301}]}, {"location": {"country_code": "mx"}, "game_id": "295590", "values": [{"date": "2023-12-28-08-00-00", "latency": 111}, {"date": "2023-12-28-06-00-00", "latency": 81}, {"date": "2023-12-28-07-00-00", "latency": 93}, {"date": "2023-12-28-05-00-00", "latency": 36}, {"date": "2023-12-28-05-00-00", "latency": 86}, {"date": "2023-12-28-06-00-00", "latency": 82}, {"date": "2023-12-28-06-00-00", "latency": 82}, {"date": "2023-12-28-06-00-00", "latency": 82}, {"date": "2023-12-28-06-00-00", "latency": 82}, {"date": "2023-12-28-06-00-00", "latency": 82}, {"date": "2023-12-28-11-00-00", "latency": 80}, {"date": "2023-12-28-03-00-00", "latency": 62}, {"date": "2023-12-28-07-00-00", "latency": 99}, {"date": "2023-12-28-07-00-00", "latency": 99}, {"date": "2023-12-28-07-00-00", "latency": 99}, {"date": "2023-12-28-07-00-00", "latency": 99}, {"date": "2023-12-28-11-00-00", "latency": 241}, {"date": "2023-12-28-10-00-00", "latency": 123}, {"date": "2023-12-28-10-00-00", "latency": 123}, {"date": "2023-12-28-04-00-00", "latency": 114}, {"date": "2023-12-28-08-00-00", "latency": 101}, {"date": "2023-12-28-08-00-00", "latency": 101}]}, {"location": {"country_code": "us", "region": "Ohio"}, "game_id": "295590", "values": [{"date": "2023-12-29-00-00-00", "latency": 520}]}, {"location": {"country_code": "us", "region": "California"}, "game_id": "295590", "values": [{"date": "2023-12-28-05-00-00", "latency": 189}, {"date": "2023-12-28-05-00-00", "latency": 189}, {"date": "2023-12-29-01-00-00", "latency": 89}, {"date": "2023-12-28-09-00-00", "latency": 122}]}, {"location": {"country_code": "rs"}, "game_id": "295590", "values": [{"date": "2023-12-28-17-00-00", "latency": 75}, {"date": "2023-12-28-17-00-00", "latency": 75}, {"date": "2023-12-28-17-00-00", "latency": 75}, {"date": "2023-12-28-17-00-00", "latency": 75}, {"date": "2023-12-28-17-00-00", "latency": 75}, {"date": "2023-12-28-17-00-00", "latency": 75}, {"date": "2023-12-28-17-00-00", "latency": 75}]}, {"location": {"country_code": "br"}, "game_id": "295590", "values": [{"date": "2023-12-28-04-00-00", "latency": 39}, {"date": "2023-12-28-04-00-00", "latency": 39}, {"date": "2023-12-28-04-00-00", "latency": 39}, {"date": "2023-12-28-22-00-00", "latency": 73}, {"date": "2023-12-28-21-00-00", "latency": 36}, {"date": "2023-12-28-21-00-00", "latency": 129}, {"date": "2023-12-28-21-00-00", "latency": 129}, {"date": "2023-12-28-20-00-00", "latency": 120}, {"date": "2023-12-28-22-00-00", "latency": 39}, {"date": "2023-12-28-22-00-00", "latency": 39}, {"date": "2023-12-28-22-00-00", "latency": 39}, {"date": "2023-12-28-22-00-00", "latency": 39}, {"date": "2023-12-28-22-00-00", "latency": 39}, {"date": "2023-12-28-22-00-00", "latency": 39}, {"date": "2023-12-28-18-00-00", "latency": 61}, {"date": "2023-12-28-01-00-00", "latency": 51}]}, {"location": {"country_code": "se"}, "game_id": "295590", "values": [{"date": "2023-12-28-19-00-00", "latency": 54}, {"date": "2023-12-28-23-00-00", "latency": 64}, {"date": "2023-12-28-23-00-00", "latency": 64}, {"date": "2023-12-28-03-00-00", "latency": 361}]}, {"location": {"country_code": "no"}, "game_id": "295590", "values": [{"date": "2023-12-28-03-00-00", "latency": 64}]}, {"location": {"country_code": "us", "region": "California", "city": "East Los Angeles"}, "game_id": "295590", "values": [{"date": "2023-12-28-04-00-00", "latency": 51}]}, {"location": {"country_code": "ca", "region": "British Columbia", "city": "Richmond"}, "game_id": "295590", "values": [{"date": "2023-12-28-19-00-00", "latency": 126}, {"date": "2023-12-28-19-00-00", "latency": 126}, {"date": "2023-12-28-19-00-00", "latency": 126}, {"date": "2023-12-28-19-00-00", "latency": 126}, {"date": "2023-12-28-19-00-00", "latency": 126}, {"date": "2023-12-28-19-00-00", "latency": 126}, {"date": "2023-12-28-19-00-00", "latency": 126}, {"date": "2023-12-28-19-00-00", "latency": 126}]}, {"location": {"country_code": "us", "region": "Ohio", "city": "Cincinnati"}, "game_id": "295590", "values": [{"date": "2023-12-28-06-00-00", "latency": 77}]}, {"location": {"country_code": "us", "region": "Texas", "city": "Houston"}, "game_id": "295590", "values": [{"date": "2023-12-28-08-00-00", "latency": 221}]}, {"location": {"country_code": "ec"}, "game_id": "295590", "values": [{"date": "2023-12-28-09-00-00", "latency": 91}, {"date": "2023-12-28-09-00-00", "latency": 91}, {"date": "2023-12-28-09-00-00", "latency": 91}, {"date": "2023-12-28-17-00-00", "latency": 145}]}, {"location": {"country_code": "au"}, "game_id": "295590", "values": [{"date": "2023-12-28-13-00-00", "latency": 41}, {"date": "2023-12-28-09-00-00", "latency": 379}, {"date": "2023-12-28-13-00-00", "latency": 105}, {"date": "2023-12-28-07-00-00", "latency": 37}, {"date": "2023-12-28-07-00-00", "latency": 37}, {"date": "2023-12-28-07-00-00", "latency": 37}, {"date": "2023-12-28-07-00-00", "latency": 37}, {"date": "2023-12-28-10-00-00", "latency": 120}]}, {"location": {"country_code": "tr"}, "game_id": "295590", "values": [{"date": "2023-12-28-14-00-00", "latency": 51}, {"date": "2023-12-28-20-00-00", "latency": 76}, {"date": "2023-12-29-01-00-00", "latency": 46}, {"date": "2023-12-29-01-00-00", "latency": 46}, {"date": "2023-12-29-01-00-00", "latency": 46}, {"date": "2023-12-29-01-00-00", "latency": 46}, {"date": "2023-12-29-01-00-00", "latency": 46}, {"date": "2023-12-28-16-00-00", "latency": 68}]}, {"location": {"country_code": "ca", "region": "Ontario"}, "game_id": "295590", "values": [{"date": "2023-12-29-01-00-00", "latency": 61}]}, {"location": {"country_code": "ar"}, "game_id": "295590", "values": [{"date": "2023-12-28-06-00-00", "latency": 55}, {"date": "2023-12-28-01-00-00", "latency": 143}, {"date": "2023-12-28-01-00-00", "latency": 143}, {"date": "2023-12-28-01-00-00", "latency": 143}, {"date": "2023-12-28-01-00-00", "latency": 143}, {"date": "2023-12-28-22-00-00", "latency": 56}, {"date": "2023-12-28-15-00-00", "latency": 65}, {"date": "2023-12-28-03-00-00", "latency": 135}, {"date": "2023-12-28-03-00-00", "latency": 135}, {"date": "2023-12-28-03-00-00", "latency": 135}, {"date": "2023-12-28-03-00-00", "latency": 135}, {"date": "2023-12-28-22-00-00", "latency": 98}, {"date": "2023-12-28-22-00-00", "latency": 98}, {"date": "2023-12-28-04-00-00", "latency": 69}, {"date": "2023-12-28-04-00-00", "latency": 69}, {"date": "2023-12-28-04-00-00", "latency": 69}]}, {"location": {"country_code": "bo"}, "game_id": "295590", "values": [{"date": "2023-12-28-20-00-00", "latency": 988}]}, {"location": {"country_code": "vn"}, "game_id": "295590", "values": [{"date": "2023-12-28-05-00-00", "latency": 88}, {"date": "2023-12-28-04-00-00", "latency": 38}]}, {"location": {"country_code": "fi"}, "game_id": "295590", "values": [{"date": "2023-12-28-11-00-00", "latency": 177}, {"date": "2023-12-28-11-00-00", "latency": 177}, {"date": "2023-12-28-11-00-00", "latency": 177}, {"date": "2023-12-28-17-00-00", "latency": 54}]}, {"location": {"country_code": "ar", "region": "Buenos Aires"}, "game_id": "295590", "values": [{"date": "2023-12-28-01-00-00", "latency": 57}]}, {"location": {"country_code": "us", "region": "Virginia"}, "game_id": "295590", "values": [{"date": "2023-12-28-20-00-00", "latency": 39}]}, {"location": {"country_code": "us", "region": "Alaska", "city": "Ketchikan"}, "game_id": "295590", "values": [{"date": "2023-12-28-15-00-00", "latency": 102}, {"date": "2023-12-28-15-00-00", "latency": 102}, {"date": "2023-12-28-15-00-00", "latency": 102}]}, {"location": {"country_code": "us", "region": "Illinois", "city": "Chicago"}, "game_id": "295590", "values": [{"date": "2023-12-29-00-00-00", "latency": 200}]}, {"location": {"country_code": "de", "region": "Bavaria"}, "game_id": "295590", "values": [{"date": "2023-12-29-00-00-00", "latency": 86}, {"date": "2023-12-28-05-00-00", "latency": 37}, {"date": "2023-12-28-05-00-00", "latency": 37}, {"date": "2023-12-28-05-00-00", "latency": 37}, {"date": "2023-12-28-05-00-00", "latency": 37}, {"date": "2023-12-28-05-00-00", "latency": 37}, {"date": "2023-12-28-22-00-00", "latency": 55}, {"date": "2023-12-28-11-00-00", "latency": 106}, {"date": "2023-12-28-11-00-00", "latency": 106}, {"date": "2023-12-28-11-00-00", "latency": 106}, {"date": "2023-12-28-02-00-00", "latency": 144}, {"date": "2023-12-28-02-00-00", "latency": 144}]}, {"location": {"country_code": "co"}, "game_id": "295590", "values": [{"date": "2023-12-28-04-00-00", "latency": 139}, {"date": "2023-12-28-04-00-00", "latency": 139}, {"date": "2023-12-28-04-00-00", "latency": 139}, {"date": "2023-12-28-04-00-00", "latency": 139}, {"date": "2023-12-28-04-00-00", "latency": 139}, {"date": "2023-12-28-04-00-00", "latency": 139}, {"date": "2023-12-28-04-00-00", "latency": 139}, {"date": "2023-12-28-04-00-00", "latency": 139}, {"date": "2023-12-28-04-00-00", "latency": 139}, {"date": "2023-12-28-04-00-00", "latency": 139}, {"date": "2023-12-28-04-00-00", "latency": 139}, {"date": "2023-12-28-04-00-00", "latency": 139}, {"date": "2023-12-28-04-00-00", "latency": 139}, {"date": "2023-12-28-04-00-00", "latency": 139}, {"date": "2023-12-28-04-00-00", "latency": 139}, {"date": "2023-12-28-04-00-00", "latency": 139}, {"date": "2023-12-28-04-00-00", "latency": 139}, {"date": "2023-12-28-04-00-00", "latency": 139}, {"date": "2023-12-28-04-00-00", "latency": 139}, {"date": "2023-12-28-05-00-00", "latency": 81}, {"date": "2023-12-29-00-00-00", "latency": 88}, {"date": "2023-12-29-00-00-00", "latency": 88}, {"date": "2023-12-29-00-00-00", "latency": 88}, {"date": "2023-12-29-00-00-00", "latency": 88}, {"date": "2023-12-29-00-00-00", "latency": 88}, {"date": "2023-12-28-05-00-00", "latency": 501}, {"date": "2023-12-28-04-00-00", "latency": 169}, {"date": "2023-12-28-04-00-00", "latency": 142}, {"date": "2023-12-28-04-00-00", "latency": 210}, {"date": "2023-12-28-04-00-00", "latency": 210}, {"date": "2023-12-28-04-00-00", "latency": 210}, {"date": "2023-12-28-04-00-00", "latency": 210}, {"date": "2023-12-28-04-00-00", "latency": 210}]}, {"location": {"country_code": "es", "region": "Catalonia", "city": "l'Hospitalet de Llobregat"}, "game_id": "295590", "values": [{"date": "2023-12-28-21-00-00", "latency": 172}, {"date": "2023-12-28-21-00-00", "latency": 172}, {"date": "2023-12-28-21-00-00", "latency": 172}, {"date": "2023-12-28-21-00-00", "latency": 172}, {"date": "2023-12-28-21-00-00", "latency": 172}, {"date": "2023-12-28-21-00-00", "latency": 172}, {"date": "2023-12-28-21-00-00", "latency": 172}, {"date": "2023-12-28-21-00-00", "latency": 172}, {"date": "2023-12-28-21-00-00", "latency": 172}, {"date": "2023-12-28-21-00-00", "latency": 172}, {"date": "2023-12-28-21-00-00", "latency": 172}, {"date": "2023-12-28-21-00-00", "latency": 172}, {"date": "2023-12-28-21-00-00", "latency": 172}, {"date": "2023-12-28-21-00-00", "latency": 172}, {"date": "2023-12-28-21-00-00", "latency": 172}, {"date": "2023-12-28-21-00-00", "latency": 172}]}, {"location": {"country_code": "pl"}, "game_id": "295590", "values": [{"date": "2023-12-28-21-00-00", "latency": 92}, {"date": "2023-12-28-21-00-00", "latency": 57}, {"date": "2023-12-28-21-00-00", "latency": 57}, {"date": "2023-12-28-21-00-00", "latency": 57}, {"date": "2023-12-28-21-00-00", "latency": 57}, {"date": "2023-12-28-21-00-00", "latency": 57}, {"date": "2023-12-28-21-00-00", "latency": 57}, {"date": "2023-12-28-21-00-00", "latency": 57}, {"date": "2023-12-28-21-00-00", "latency": 57}, {"date": "2023-12-28-11-00-00", "latency": 111}]}, {"location": {"country_code": "us", "region": "Nevada", "city": "Las Vegas"}, "game_id": "295590", "values": [{"date": "2023-12-28-09-00-00", "latency": 61}]}, {"location": {"country_code": "cr"}, "game_id": "295590", "values": [{"date": "2023-12-28-03-00-00", "latency": 81}, {"date": "2023-12-28-03-00-00", "latency": 81}, {"date": "2023-12-28-03-00-00", "latency": 81}, {"date": "2023-12-28-03-00-00", "latency": 81}]}, {"location": {"country_code": "cr", "region": "Guanacaste Province"}, "game_id": "295590", "values": [{"date": "2023-12-28-05-00-00", "latency": 87}, {"date": "2023-12-28-05-00-00", "latency": 87}, {"date": "2023-12-28-05-00-00", "latency": 87}, {"date": "2023-12-28-05-00-00", "latency": 87}, {"date": "2023-12-28-05-00-00", "latency": 87}, {"date": "2023-12-28-05-00-00", "latency": 87}, {"date": "2023-12-28-05-00-00", "latency": 87}, {"date": "2023-12-28-05-00-00", "latency": 87}, {"date": "2023-12-28-05-00-00", "latency": 87}]}, {"location": {"country_code": "gb", "region": "England", "city": "London"}, "game_id": "295590", "values": [{"date": "2023-12-28-02-00-00", "latency": 36}, {"date": "2023-12-28-02-00-00", "latency": 36}, {"date": "2023-12-28-15-00-00", "latency": 252}]}, {"location": {"country_code": "ie"}, "game_id": "295590", "values": [{"date": "2023-12-28-22-00-00", "latency": 72}, {"date": "2023-12-28-03-00-00", "latency": 65}, {"date": "2023-12-29-01-00-00", "latency": 82}, {"date": "2023-12-29-01-00-00", "latency": 82}, {"date": "2023-12-29-01-00-00", "latency": 82}, {"date": "2023-12-29-01-00-00", "latency": 82}, {"date": "2023-12-29-01-00-00", "latency": 82}]}, {"location": {"country_code": "pe"}, "game_id": "295590", "values": [{"date": "2023-12-28-23-00-00", "latency": 228}, {"date": "2023-12-28-23-00-00", "latency": 228}, {"date": "2023-12-28-23-00-00", "latency": 228}, {"date": "2023-12-28-01-00-00", "latency": 289}, {"date": "2023-12-28-01-00-00", "latency": 289}, {"date": "2023-12-28-01-00-00", "latency": 289}]}, {"location": {"country_code": "ua"}, "game_id": "295590", "values": [{"date": "2023-12-28-21-00-00", "latency": 50}, {"date": "2023-12-28-21-00-00", "latency": 50}, {"date": "2023-12-28-21-00-00", "latency": 50}, {"date": "2023-12-28-15-00-00", "latency": 137}]}, {"location": {"country_code": "sg"}, "game_id": "295590", "values": [{"date": "2023-12-28-16-00-00", "latency": 215}]}, {"location": {"country_code": "us", "region": "District of Columbia", "city": "Washington"}, "game_id": "295590", "values": [{"date": "2023-12-28-02-00-00", "latency": 550}]}, {"location": {"country_code": "ca", "region": "Ontario", "city": "Toronto"}, "game_id": "295590", "values": [{"date": "2023-12-28-02-00-00", "latency": 102}, {"date": "2023-12-28-03-00-00", "latency": 48}, {"date": "2023-12-28-03-00-00", "latency": 48}, {"date": "2023-12-28-03-00-00", "latency": 48}, {"date": "2023-12-28-03-00-00", "latency": 48}, {"date": "2023-12-28-03-00-00", "latency": 48}]}, {"location": {"country_code": "do"}, "game_id": "295590", "values": [{"date": "2023-12-28-19-00-00", "latency": 79}, {"date": "2023-12-28-19-00-00", "latency": 79}, {"date": "2023-12-28-06-00-00", "latency": 58}, {"date": "2023-12-28-06-00-00", "latency": 58}, {"date": "2023-12-28-06-00-00", "latency": 58}]}, {"location": {"country_code": "us", "region": "Wisconsin"}, "game_id": "295590", "values": [{"date": "2023-12-28-22-00-00", "latency": 49}, {"date": "2023-12-28-22-00-00", "latency": 49}, {"date": "2023-12-28-22-00-00", "latency": 49}, {"date": "2023-12-28-22-00-00", "latency": 49}, {"date": "2023-12-28-22-00-00", "latency": 49}, {"date": "2023-12-28-22-00-00", "latency": 49}, {"date": "2023-12-28-22-00-00", "latency": 49}, {"date": "2023-12-28-22-00-00", "latency": 49}, {"date": "2023-12-28-22-00-00", "latency": 49}, {"date": "2023-12-28-22-00-00", "latency": 49}, {"date": "2023-12-28-22-00-00", "latency": 49}]}, {"location": {"country_code": "au", "region": "South Australia"}, "game_id": "295590", "values": [{"date": "2023-12-28-14-00-00", "latency": 74}, {"date": "2023-12-28-14-00-00", "latency": 74}]}, {"location": {"country_code": "sk"}, "game_id": "295590", "values": [{"date": "2023-12-28-19-00-00", "latency": 79}, {"date": "2023-12-28-19-00-00", "latency": 79}, {"date": "2023-12-28-19-00-00", "latency": 79}]}, {"location": {"country_code": "pt"}, "game_id": "295590", "values": [{"date": "2023-12-28-01-00-00", "latency": 133}]}, {"location": {"country_code": "br", "region": "State of Rio de Janeiro", "city": "Angra dos Reis"}, "game_id": "295590", "values": [{"date": "2023-12-28-01-00-00", "latency": 250}, {"date": "2023-12-28-04-00-00", "latency": 57}]}, {"location": {"country_code": "uy"}, "game_id": "295590", "values": [{"date": "2023-12-28-02-00-00", "latency": 78}, {"date": "2023-12-28-02-00-00", "latency": 78}, {"date": "2023-12-28-02-00-00", "latency": 78}, {"date": "2023-12-28-02-00-00", "latency": 78}, {"date": "2023-12-28-02-00-00", "latency": 78}, {"date": "2023-12-28-02-00-00", "latency": 78}, {"date": "2023-12-28-03-00-00", "latency": 100}, {"date": "2023-12-28-03-00-00", "latency": 100}, {"date": "2023-12-28-02-00-00", "latency": 59}, {"date": "2023-12-28-03-00-00", "latency": 78}, {"date": "2023-12-28-03-00-00", "latency": 78}, {"date": "2023-12-28-03-00-00", "latency": 78}, {"date": "2023-12-28-03-00-00", "latency": 78}]}, {"location": {"country_code": "ca", "region": "Quebec", "city": "Montreal"}, "game_id": "295590", "values": [{"date": "2023-12-29-01-00-00", "latency": 108}, {"date": "2023-12-29-01-00-00", "latency": 108}, {"date": "2023-12-29-01-00-00", "latency": 108}, {"date": "2023-12-29-01-00-00", "latency": 108}, {"date": "2023-12-29-01-00-00", "latency": 108}, {"date": "2023-12-29-01-00-00", "latency": 108}, {"date": "2023-12-29-01-00-00", "latency": 108}, {"date": "2023-12-29-01-00-00", "latency": 108}, {"date": "2023-12-29-01-00-00", "latency": 108}, {"date": "2023-12-29-01-00-00", "latency": 108}, {"date": "2023-12-29-01-00-00", "latency": 108}, {"date": "2023-12-29-01-00-00", "latency": 108}, {"date": "2023-12-29-01-00-00", "latency": 108}, {"date": "2023-12-29-01-00-00", "latency": 108}, {"date": "2023-12-28-17-00-00", "latency": 401}, {"date": "2023-12-28-17-00-00", "latency": 401}]}, {"location": {"country_code": "kw"}, "game_id": "295590", "values": [{"date": "2023-12-28-01-00-00", "latency": 173}, {"date": "2023-12-28-12-00-00", "latency": 163}]}, {"location": {"country_code": "us", "region": "Maryland"}, "game_id": "295590", "values": [{"date": "2023-12-28-10-00-00", "latency": 57}]}, {"location": {"country_code": "hr"}, "game_id": "295590", "values": [{"date": "2023-12-28-20-00-00", "latency": 49}, {"date": "2023-12-28-20-00-00", "latency": 49}, {"date": "2023-12-28-20-00-00", "latency": 49}, {"date": "2023-12-28-17-00-00", "latency": 56}, {"date": "2023-12-28-17-00-00", "latency": 56}, {"date": "2023-12-28-17-00-00", "latency": 56}, {"date": "2023-12-28-17-00-00", "latency": 56}, {"date": "2023-12-28-17-00-00", "latency": 56}, {"date": "2023-12-28-17-00-00", "latency": 56}, {"date": "2023-12-28-17-00-00", "latency": 56}, {"date": "2023-12-28-17-00-00", "latency": 56}, {"date": "2023-12-28-17-00-00", "latency": 56}, {"date": "2023-12-28-17-00-00", "latency": 56}, {"date": "2023-12-28-17-00-00", "latency": 56}, {"date": "2023-12-28-17-00-00", "latency": 56}]}, {"location": {"country_code": "gb", "region": "England", "city": "Liverpool"}, "game_id": "295590", "values": [{"date": "2023-12-28-21-00-00", "latency": 178}]}, {"location": {"country_code": "pt", "region": "Lisbon District", "city": "Amadora"}, "game_id": "295590", "values": [{"date": "2023-12-29-01-00-00", "latency": 60}]}, {"location": {"country_code": "de", "region": "Lower Saxony", "city": "Hanover"}, "game_id": "295590", "values": [{"date": "2023-12-29-01-00-00", "latency": 40}]}, {"location": {"country_code": "gt"}, "game_id": "295590", "values": [{"date": "2023-12-28-04-00-00", "latency": 82}, {"date": "2023-12-28-04-00-00", "latency": 82}]}, {"location": {"country_code": "br", "region": "Ceara", "city": "Itapipoca"}, "game_id": "295590", "values": [{"date": "2023-12-28-02-00-00", "latency": 66}]}, {"location": {"country_code": "lt"}, "game_id": "295590", "values": [{"date": "2023-12-29-00-00-00", "latency": 204}, {"date": "2023-12-28-15-00-00", "latency": 118}]}, {"location": {"country_code": "ca", "region": "Quebec"}, "game_id": "295590", "values": [{"date": "2023-12-28-11-00-00", "latency": 207}, {"date": "2023-12-28-11-00-00", "latency": 207}]}, {"location": {"country_code": "us", "region": "State of Wyoming"}, "game_id": "295590", "values": [{"date": "2023-12-28-09-00-00", "latency": 103}, {"date": "2023-12-28-09-00-00", "latency": 103}, {"date": "2023-12-28-09-00-00", "latency": 103}, {"date": "2023-12-28-09-00-00", "latency": 103}]}, {"location": {"country_code": "mx", "region": "Yucatan", "city": "Merida"}, "game_id": "295590", "values": [{"date": "2023-12-28-05-00-00", "latency": 98}, {"date": "2023-12-28-05-00-00", "latency": 98}, {"date": "2023-12-28-05-00-00", "latency": 98}, {"date": "2023-12-28-05-00-00", "latency": 98}]}, {"location": {"country_code": "ar", "region": "Tucuman Province", "city": "San Miguel de Tucuman"}, "game_id": "295590", "values": [{"date": "2023-12-28-03-00-00", "latency": 126}]}, {"location": {"country_code": "tr", "region": "Karadeniz Bolgesi", "city": "Samsun"}, "game_id": "295590", "values": [{"date": "2023-12-28-05-00-00", "latency": 43}, {"date": "2023-12-28-05-00-00", "latency": 43}, {"date": "2023-12-28-05-00-00", "latency": 43}, {"date": "2023-12-28-05-00-00", "latency": 43}, {"date": "2023-12-28-05-00-00", "latency": 43}, {"date": "2023-12-28-05-00-00", "latency": 43}, {"date": "2023-12-28-05-00-00", "latency": 43}]}, {"location": {"country_code": "es", "region": "Balearic Islands", "city": "Palma"}, "game_id": "295590", "values": [{"date": "2023-12-28-02-00-00", "latency": 172}]}, {"location": {"country_code": "us", "region": "California", "city": "Ojai"}, "game_id": "295590", "values": [{"date": "2023-12-28-09-00-00", "latency": 127}]}, {"location": {"country_code": "ec", "region": "Pichincha", "city": "Quito"}, "game_id": "295590", "values": [{"date": "2023-12-28-09-00-00", "latency": 114}, {"date": "2023-12-28-09-00-00", "latency": 114}, {"date": "2023-12-28-09-00-00", "latency": 114}]}, {"location": {"country_code": "gb", "region": "England", "city": "Blackpool"}, "game_id": "295590", "values": [{"date": "2023-12-28-15-00-00", "latency": 95}]}, {"location": {"country_code": "de", "region": "Saxony", "city": "Dresden"}, "game_id": "295590", "values": [{"date": "2023-12-28-19-00-00", "latency": 54}]}, {"location": {"country_code": "ro", "region": "Bucharest"}, "game_id": "295590", "values": [{"date": "2023-12-28-16-00-00", "latency": 46}, {"date": "2023-12-28-16-00-00", "latency": 46}, {"date": "2023-12-28-16-00-00", "latency": 46}, {"date": "2023-12-28-16-00-00", "latency": 46}]}, {"location": {"country_code": "us", "region": "Texas", "city": "San Antonio"}, "game_id": "295590", "values": [{"date": "2023-12-29-00-00-00", "latency": 64}, {"date": "2023-12-29-00-00-00", "latency": 64}]}, {"location": {"country_code": "tr", "region": "Marmara Bolgesi"}, "game_id": "295590", "values": [{"date": "2023-12-28-21-00-00", "latency": 62}]}, {"location": {"country_code": "br", "region": "Parana", "city": "Apucarana"}, "game_id": "295590", "values": [{"date": "2023-12-28-02-00-00", "latency": 42}, {"date": "2023-12-28-02-00-00", "latency": 42}]}, {"location": {"country_code": "au", "region": "Canberra"}, "game_id": "295590", "values": [{"date": "2023-12-28-11-00-00", "latency": 90}]}, {"location": {"country_code": "br", "region": "Espirito Santo"}, "game_id": "295590", "values": [{"date": "2023-12-29-01-00-00", "latency": 45}, {"date": "2023-12-29-01-00-00", "latency": 45}, {"date": "2023-12-29-01-00-00", "latency": 45}]}, {"location": {"country_code": "br", "region": "Para", "city": "Tailandia"}, "game_id": "295590", "values": [{"date": "2023-12-28-06-00-00", "latency": 75}, {"date": "2023-12-28-06-00-00", "latency": 75}, {"date": "2023-12-28-06-00-00", "latency": 75}, {"date": "2023-12-28-06-00-00", "latency": 75}, {"date": "2023-12-28-06-00-00", "latency": 75}]}, {"location": {"country_code": "fr", "region": "French Polynesia"}, "game_id": "295590", "values": [{"date": "2023-12-29-00-00-00", "latency": 165}, {"date": "2023-12-29-00-00-00", "latency": 165}, {"date": "2023-12-29-00-00-00", "latency": 165}]}, {"location": {"country_code": "es", "region": "Catalonia"}, "game_id": "295590", "values": [{"date": "2023-12-28-21-00-00", "latency": 75}, {"date": "2023-12-28-21-00-00", "latency": 75}, {"date": "2023-12-28-21-00-00", "latency": 75}, {"date": "2023-12-28-21-00-00", "latency": 75}, {"date": "2023-12-28-21-00-00", "latency": 75}, {"date": "2023-12-28-21-00-00", "latency": 75}, {"date": "2023-12-28-21-00-00", "latency": 75}, {"date": "2023-12-28-21-00-00", "latency": 75}, {"date": "2023-12-28-21-00-00", "latency": 75}]}, {"location": {"country_code": "sa", "region": "Mecca Region", "city": "Jeddah"}, "game_id": "295590", "values": [{"date": "2023-12-28-22-00-00", "latency": 116}, {"date": "2023-12-28-22-00-00", "latency": 116}]}, {"location": {"country_code": "is"}, "game_id": "295590", "values": [{"date": "2023-12-28-16-00-00", "latency": 187}]}, {"location": {"country_code": "bh"}, "game_id": "295590", "values": [{"date": "2023-12-28-18-00-00", "latency": 133}]}, {"location": {"country_code": "br", "region": "Sao Paulo", "city": "Peruibe"}, "game_id": "295590", "values": [{"date": "2023-12-28-23-00-00", "latency": 65}]}, {"location": {"country_code": "mx", "region": "State of Mexico", "city": "Ecatepec"}, "game_id": "295590", "values": [{"date": "2023-12-28-08-00-00", "latency": 657}]}, {"location": {"country_code": "br", "region": "Sao Paulo", "city": "Mogi das Cruzes"}, "game_id": "295590", "values": [{"date": "2023-12-28-21-00-00", "latency": 41}]}, {"location": {"country_code": "al"}, "game_id": "295590", "values": [{"date": "2023-12-28-04-00-00", "latency": 50}]}, {"location": {"country_code": "us", "region": "California", "city": "Anaheim"}, "game_id": "295590", "values": [{"date": "2023-12-28-02-00-00", "latency": 77}]}, {"location": {"country_code": "br", "region": "Sao Paulo", "city": "Taubate"}, "game_id": "295590", "values": [{"date": "2023-12-28-18-00-00", "latency": 58}]}, {"location": {"country_code": "pt", "region": "Lisbon District", "city": "Agualva-Cacem"}, "game_id": "295590", "values": [{"date": "2023-12-28-22-00-00", "latency": 107}]}, {"location": {"country_code": "ar", "region": "Buenos Aires", "city": "Berazategui"}, "game_id": "295590", "values": [{"date": "2023-12-28-02-00-00", "latency": 48}, {"date": "2023-12-28-02-00-00", "latency": 48}]}, {"location": {"country_code": "br", "region": "Paraiba", "city": "Campina Grande"}, "game_id": "295590", "values": [{"date": "2023-12-28-15-00-00", "latency": 57}, {"date": "2023-12-28-15-00-00", "latency": 57}, {"date": "2023-12-28-15-00-00", "latency": 57}]}, {"location": {"country_code": "us", "region": "Missouri", "city": "Chesterfield"}, "game_id": "295590", "values": [{"date": "2023-12-28-15-00-00", "latency": 131}, {"date": "2023-12-28-15-00-00", "latency": 131}, {"date": "2023-12-28-15-00-00", "latency": 131}, {"date": "2023-12-28-15-00-00", "latency": 131}, {"date": "2023-12-28-15-00-00", "latency": 131}, {"date": "2023-12-28-15-00-00", "latency": 131}, {"date": "2023-12-28-15-00-00", "latency": 131}, {"date": "2023-12-28-15-00-00", "latency": 131}, {"date": "2023-12-28-15-00-00", "latency": 131}]}, {"location": {"country_code": "rs", "region": "Vojvodina", "city": "Sombor"}, "game_id": "295590", "values": [{"date": "2023-12-28-21-00-00", "latency": 42}]}, {"location": {"country_code": "ph", "region": "Cordillera"}, "game_id": "295590", "values": [{"date": "2023-12-28-10-00-00", "latency": 59}]}, {"location": {"country_code": "it", "region": "Campania", "city": "Somma Vesuviana"}, "game_id": "295590", "values": [{"date": "2023-12-29-00-00-00", "latency": 48}]}, {"location": {"country_code": "br", "region": "Santa Catarina", "city": "Ascurra"}, "game_id": "295590", "values": [{"date": "2023-12-28-03-00-00", "latency": 150}]}, {"location": {"country_code": "er", "region": "Asmara"}, "game_id": "295590", "values": [{"date": "2023-12-28-18-00-00", "latency": 240}, {"date": "2023-12-28-18-00-00", "latency": 240}]}], "last_updated": 1719927565.833604}