{"data": [{"location": {"country_code": "it"}, "game_id": "970338", "values": [{"date": "2024-03-04-22-00-00", "latency": 37}, {"date": "2024-03-04-22-00-00", "latency": 37}, {"date": "2024-03-04-22-00-00", "latency": 37}]}, {"location": {"country_code": "ca", "region": "Alberta"}, "game_id": "970338", "values": [{"date": "2024-03-04-03-00-00", "latency": 84}, {"date": "2024-03-04-03-00-00", "latency": 84}, {"date": "2024-03-04-03-00-00", "latency": 84}, {"date": "2024-03-04-03-00-00", "latency": 84}, {"date": "2024-03-04-03-00-00", "latency": 84}, {"date": "2024-03-04-03-00-00", "latency": 84}, {"date": "2024-03-04-03-00-00", "latency": 84}, {"date": "2024-03-04-03-00-00", "latency": 84}]}, {"location": {"country_code": "mx"}, "game_id": "970338", "values": [{"date": "2024-03-04-06-00-00", "latency": 73}, {"date": "2024-03-04-06-00-00", "latency": 73}, {"date": "2024-03-04-06-00-00", "latency": 73}, {"date": "2024-03-04-06-00-00", "latency": 73}, {"date": "2024-03-04-06-00-00", "latency": 73}, {"date": "2024-03-04-06-00-00", "latency": 73}, {"date": "2024-03-04-06-00-00", "latency": 73}, {"date": "2024-03-04-06-00-00", "latency": 73}]}, {"location": {"country_code": "es"}, "game_id": "970338", "values": [{"date": "2024-03-05-01-00-00", "latency": 37}]}, {"location": {"country_code": "fi"}, "game_id": "970338", "values": [{"date": "2024-03-04-21-00-00", "latency": 74}, {"date": "2024-03-04-21-00-00", "latency": 74}, {"date": "2024-03-04-21-00-00", "latency": 74}, {"date": "2024-03-04-21-00-00", "latency": 74}, {"date": "2024-03-04-21-00-00", "latency": 74}, {"date": "2024-03-04-21-00-00", "latency": 74}, {"date": "2024-03-04-21-00-00", "latency": 74}]}, {"location": {"country_code": "us", "region": "Arizona", "city": "Phoenix"}, "game_id": "970338", "values": [{"date": "2024-03-05-00-00-00", "latency": 78}, {"date": "2024-03-05-00-00-00", "latency": 78}, {"date": "2024-03-05-00-00-00", "latency": 78}, {"date": "2024-03-05-00-00-00", "latency": 78}, {"date": "2024-03-05-00-00-00", "latency": 78}, {"date": "2024-03-05-00-00-00", "latency": 78}, {"date": "2024-03-05-00-00-00", "latency": 78}, {"date": "2024-03-05-00-00-00", "latency": 78}, {"date": "2024-03-05-00-00-00", "latency": 78}, {"date": "2024-03-05-00-00-00", "latency": 78}]}, {"location": {"country_code": "by"}, "game_id": "970338", "values": [{"date": "2024-03-05-00-00-00", "latency": 43}, {"date": "2024-03-05-00-00-00", "latency": 43}, {"date": "2024-03-05-00-00-00", "latency": 43}, {"date": "2024-03-05-00-00-00", "latency": 43}, {"date": "2024-03-05-00-00-00", "latency": 43}, {"date": "2024-03-05-00-00-00", "latency": 43}, {"date": "2024-03-05-00-00-00", "latency": 43}, {"date": "2024-03-05-00-00-00", "latency": 43}, {"date": "2024-03-05-00-00-00", "latency": 43}, {"date": "2024-03-05-00-00-00", "latency": 43}, {"date": "2024-03-05-00-00-00", "latency": 43}, {"date": "2024-03-05-00-00-00", "latency": 43}, {"date": "2024-03-05-00-00-00", "latency": 43}]}, {"location": {"country_code": "jm", "region": "Kingston", "city": "Kingston"}, "game_id": "970338", "values": [{"date": "2024-03-04-16-00-00", "latency": 44}, {"date": "2024-03-04-16-00-00", "latency": 44}, {"date": "2024-03-04-16-00-00", "latency": 44}, {"date": "2024-03-04-16-00-00", "latency": 44}, {"date": "2024-03-04-16-00-00", "latency": 44}, {"date": "2024-03-04-16-00-00", "latency": 44}, {"date": "2024-03-04-16-00-00", "latency": 44}, {"date": "2024-03-04-16-00-00", "latency": 44}, {"date": "2024-03-04-16-00-00", "latency": 44}, {"date": "2024-03-04-16-00-00", "latency": 44}, {"date": "2024-03-04-16-00-00", "latency": 44}, {"date": "2024-03-04-16-00-00", "latency": 44}, {"date": "2024-03-04-16-00-00", "latency": 44}, {"date": "2024-03-04-16-00-00", "latency": 44}]}, {"location": {"country_code": "fr", "region": "Normandy", "city": "Caen"}, "game_id": "970338", "values": [{"date": "2024-03-04-06-00-00", "latency": 97}]}], "last_updated": 1719926524.555189}