{"data": [{"location": {"country_code": "us", "region": "Wisconsin", "city": "Madison"}, "game_id": "116088", "values": [{"date": "2023-11-21-04-00-00", "latency": 27}, {"date": "2023-11-21-04-00-00", "latency": 27}, {"date": "2023-11-21-04-00-00", "latency": 27}, {"date": "2023-11-21-04-00-00", "latency": 27}, {"date": "2023-11-21-04-00-00", "latency": 27}, {"date": "2023-11-21-04-00-00", "latency": 27}]}, {"location": {"country_code": "us", "region": "New York", "city": "Jamestown"}, "game_id": "116088", "values": [{"date": "2023-11-21-06-00-00", "latency": 78}]}, {"location": {"country_code": "gb"}, "game_id": "116088", "values": [{"date": "2023-11-21-14-00-00", "latency": 0}, {"date": "2023-11-21-17-00-00", "latency": 2}, {"date": "2023-11-21-17-00-00", "latency": 2}]}, {"location": {"country_code": "nl"}, "game_id": "116088", "values": [{"date": "2023-11-21-03-00-00", "latency": 0}, {"date": "2023-11-21-03-00-00", "latency": 0}]}, {"location": {"country_code": "jp"}, "game_id": "116088", "values": [{"date": "2023-11-21-17-00-00", "latency": 114}, {"date": "2023-11-21-17-00-00", "latency": 114}, {"date": "2023-11-21-17-00-00", "latency": 114}, {"date": "2023-11-21-17-00-00", "latency": 114}, {"date": "2023-11-21-17-00-00", "latency": 114}, {"date": "2023-11-21-17-00-00", "latency": 114}, {"date": "2023-11-21-17-00-00", "latency": 114}, {"date": "2023-11-21-17-00-00", "latency": 114}, {"date": "2023-11-21-17-00-00", "latency": 114}, {"date": "2023-11-21-17-00-00", "latency": 114}, {"date": "2023-11-21-17-00-00", "latency": 114}, {"date": "2023-11-21-17-00-00", "latency": 114}, {"date": "2023-11-21-17-00-00", "latency": 114}, {"date": "2023-11-21-17-00-00", "latency": 114}, {"date": "2023-11-21-17-00-00", "latency": 114}, {"date": "2023-11-21-17-00-00", "latency": 114}, {"date": "2023-11-21-17-00-00", "latency": 114}, {"date": "2023-11-21-21-00-00", "latency": 43}, {"date": "2023-11-21-21-00-00", "latency": 43}, {"date": "2023-11-21-21-00-00", "latency": 43}, {"date": "2023-11-21-21-00-00", "latency": 43}, {"date": "2023-11-21-21-00-00", "latency": 43}, {"date": "2023-11-21-21-00-00", "latency": 43}, {"date": "2023-11-21-21-00-00", "latency": 43}, {"date": "2023-11-21-21-00-00", "latency": 43}, {"date": "2023-11-21-21-00-00", "latency": 43}, {"date": "2023-11-21-21-00-00", "latency": 43}, {"date": "2023-11-21-21-00-00", "latency": 43}, {"date": "2023-11-21-12-00-00", "latency": 94}, {"date": "2023-11-21-12-00-00", "latency": 94}, {"date": "2023-11-21-12-00-00", "latency": 94}, {"date": "2023-11-21-12-00-00", "latency": 94}, {"date": "2023-11-21-12-00-00", "latency": 94}]}, {"location": {"country_code": "ca", "region": "Ontario", "city": "Toronto"}, "game_id": "116088", "values": [{"date": "2023-11-21-09-00-00", "latency": 58}, {"date": "2023-11-21-09-00-00", "latency": 58}, {"date": "2023-11-21-09-00-00", "latency": 58}, {"date": "2023-11-21-09-00-00", "latency": 58}, {"date": "2023-11-21-09-00-00", "latency": 58}]}, {"location": {"country_code": "ph"}, "game_id": "116088", "values": [{"date": "2023-11-21-10-00-00", "latency": 12}, {"date": "2023-11-21-10-00-00", "latency": 12}, {"date": "2023-11-21-09-00-00", "latency": 99}, {"date": "2023-11-21-09-00-00", "latency": 99}, {"date": "2023-11-21-07-00-00", "latency": 0}]}, {"location": {"country_code": "br"}, "game_id": "116088", "values": [{"date": "2023-11-21-20-00-00", "latency": 10}, {"date": "2023-11-21-20-00-00", "latency": 10}, {"date": "2023-11-21-20-00-00", "latency": 10}, {"date": "2023-11-21-20-00-00", "latency": 10}]}, {"location": {"country_code": "se"}, "game_id": "116088", "values": [{"date": "2023-11-21-11-00-00", "latency": 9}]}, {"location": {"country_code": "us", "region": "California", "city": "East Los Angeles"}, "game_id": "116088", "values": [{"date": "2023-11-21-11-00-00", "latency": 1}, {"date": "2023-11-21-11-00-00", "latency": 1}, {"date": "2023-11-21-11-00-00", "latency": 1}]}, {"location": {"country_code": "ec"}, "game_id": "116088", "values": [{"date": "2023-11-22-01-00-00", "latency": 0}]}, {"location": {"country_code": "ar"}, "game_id": "116088", "values": [{"date": "2023-11-21-14-00-00", "latency": 8}, {"date": "2023-11-21-14-00-00", "latency": 8}, {"date": "2023-11-21-14-00-00", "latency": 8}]}, {"location": {"country_code": "vn"}, "game_id": "116088", "values": [{"date": "2023-11-21-15-00-00", "latency": 80}, {"date": "2023-11-21-15-00-00", "latency": 80}]}, {"location": {"country_code": "fi"}, "game_id": "116088", "values": [{"date": "2023-11-21-23-00-00", "latency": 3}, {"date": "2023-11-21-23-00-00", "latency": 3}, {"date": "2023-11-21-23-00-00", "latency": 3}]}, {"location": {"country_code": "us", "region": "Massachusetts"}, "game_id": "116088", "values": [{"date": "2023-11-21-18-00-00", "latency": 22}, {"date": "2023-11-21-18-00-00", "latency": 22}, {"date": "2023-11-21-18-00-00", "latency": 22}, {"date": "2023-11-21-18-00-00", "latency": 22}]}, {"location": {"country_code": "ve"}, "game_id": "116088", "values": [{"date": "2023-11-21-06-00-00", "latency": 2}, {"date": "2023-11-21-06-00-00", "latency": 2}, {"date": "2023-11-21-06-00-00", "latency": 2}, {"date": "2023-11-21-06-00-00", "latency": 2}]}, {"location": {"country_code": "us", "region": "Nevada", "city": "Las Vegas"}, "game_id": "116088", "values": [{"date": "2023-11-21-11-00-00", "latency": 7}]}, {"location": {"country_code": "cr"}, "game_id": "116088", "values": [{"date": "2023-11-21-22-00-00", "latency": 10}]}, {"location": {"country_code": "pe"}, "game_id": "116088", "values": [{"date": "2023-11-21-03-00-00", "latency": 0}]}, {"location": {"country_code": "ua"}, "game_id": "116088", "values": [{"date": "2023-11-21-13-00-00", "latency": 18}, {"date": "2023-11-21-13-00-00", "latency": 18}, {"date": "2023-11-21-13-00-00", "latency": 18}, {"date": "2023-11-21-12-00-00", "latency": 0}, {"date": "2023-11-21-12-00-00", "latency": 0}, {"date": "2023-11-21-17-00-00", "latency": 3}, {"date": "2023-11-22-00-00-00", "latency": 8}, {"date": "2023-11-22-00-00-00", "latency": 8}, {"date": "2023-11-22-00-00-00", "latency": 20}, {"date": "2023-11-22-00-00-00", "latency": 20}, {"date": "2023-11-22-00-00-00", "latency": 20}, {"date": "2023-11-22-00-00-00", "latency": 20}]}, {"location": {"country_code": "kz"}, "game_id": "116088", "values": [{"date": "2023-11-21-22-00-00", "latency": 73}, {"date": "2023-11-21-22-00-00", "latency": 73}, {"date": "2023-11-21-19-00-00", "latency": 6}]}, {"location": {"country_code": "sg"}, "game_id": "116088", "values": [{"date": "2023-11-21-08-00-00", "latency": 0}]}, {"location": {"country_code": "ru"}, "game_id": "116088", "values": [{"date": "2023-11-21-13-00-00", "latency": 80}, {"date": "2023-11-21-13-00-00", "latency": 80}, {"date": "2023-11-21-14-00-00", "latency": 7}, {"date": "2023-11-21-14-00-00", "latency": 7}, {"date": "2023-11-21-14-00-00", "latency": 7}, {"date": "2023-11-21-10-00-00", "latency": 4}]}, {"location": {"country_code": "my"}, "game_id": "116088", "values": [{"date": "2023-11-21-17-00-00", "latency": 1}, {"date": "2023-11-21-17-00-00", "latency": 1}]}, {"location": {"country_code": "ir"}, "game_id": "116088", "values": [{"date": "2023-11-21-18-00-00", "latency": 1}]}, {"location": {"country_code": "br", "region": "State of Rio de Janeiro", "city": "Angra dos Reis"}, "game_id": "116088", "values": [{"date": "2023-11-22-01-00-00", "latency": 15}, {"date": "2023-11-22-01-00-00", "latency": 15}, {"date": "2023-11-22-01-00-00", "latency": 15}, {"date": "2023-11-22-01-00-00", "latency": 15}, {"date": "2023-11-22-01-00-00", "latency": 15}, {"date": "2023-11-22-01-00-00", "latency": 15}, {"date": "2023-11-22-01-00-00", "latency": 15}, {"date": "2023-11-22-01-00-00", "latency": 15}, {"date": "2023-11-22-01-00-00", "latency": 15}, {"date": "2023-11-22-01-00-00", "latency": 15}, {"date": "2023-11-22-01-00-00", "latency": 15}, {"date": "2023-11-22-01-00-00", "latency": 15}, {"date": "2023-11-22-01-00-00", "latency": 15}, {"date": "2023-11-22-01-00-00", "latency": 15}, {"date": "2023-11-22-01-00-00", "latency": 15}, {"date": "2023-11-22-01-00-00", "latency": 15}, {"date": "2023-11-22-01-00-00", "latency": 15}, {"date": "2023-11-22-01-00-00", "latency": 15}, {"date": "2023-11-22-01-00-00", "latency": 15}, {"date": "2023-11-22-01-00-00", "latency": 15}, {"date": "2023-11-22-01-00-00", "latency": 15}, {"date": "2023-11-22-01-00-00", "latency": 15}, {"date": "2023-11-22-01-00-00", "latency": 15}, {"date": "2023-11-22-01-00-00", "latency": 15}, {"date": "2023-11-22-01-00-00", "latency": 15}, {"date": "2023-11-22-01-00-00", "latency": 15}, {"date": "2023-11-22-01-00-00", "latency": 15}, {"date": "2023-11-22-01-00-00", "latency": 15}, {"date": "2023-11-22-01-00-00", "latency": 15}, {"date": "2023-11-22-01-00-00", "latency": 15}, {"date": "2023-11-22-01-00-00", "latency": 15}, {"date": "2023-11-22-01-00-00", "latency": 15}]}, {"location": {"country_code": "us", "region": "Arizona", "city": "Phoenix"}, "game_id": "116088", "values": [{"date": "2023-11-21-19-00-00", "latency": 45}]}, {"location": {"country_code": "kw"}, "game_id": "116088", "values": [{"date": "2023-11-21-12-00-00", "latency": 79}, {"date": "2023-11-21-12-00-00", "latency": 79}, {"date": "2023-11-21-12-00-00", "latency": 79}]}, {"location": {"country_code": "us", "region": "Colorado", "city": "Denver"}, "game_id": "116088", "values": [{"date": "2023-11-21-08-00-00", "latency": 23}, {"date": "2023-11-21-08-00-00", "latency": 23}, {"date": "2023-11-21-08-00-00", "latency": 23}, {"date": "2023-11-21-08-00-00", "latency": 23}, {"date": "2023-11-21-08-00-00", "latency": 23}, {"date": "2023-11-21-08-00-00", "latency": 23}]}, {"location": {"country_code": "pe", "region": "Lima region", "city": "Lima"}, "game_id": "116088", "values": [{"date": "2023-11-21-02-00-00", "latency": 0}]}, {"location": {"country_code": "ca", "region": "Alberta", "city": "Calgary"}, "game_id": "116088", "values": [{"date": "2023-11-21-20-00-00", "latency": 4}]}, {"location": {"country_code": "lb"}, "game_id": "116088", "values": [{"date": "2023-11-21-16-00-00", "latency": 1}]}, {"location": {"country_code": "ne"}, "game_id": "116088", "values": [{"date": "2023-11-21-20-00-00", "latency": 97}, {"date": "2023-11-21-20-00-00", "latency": 97}]}, {"location": {"country_code": "at", "region": "Salzburg", "city": "Salzburg"}, "game_id": "116088", "values": [{"date": "2023-11-21-16-00-00", "latency": 15}, {"date": "2023-11-21-16-00-00", "latency": 15}]}, {"location": {"country_code": "ru", "region": "Tomsk Oblast"}, "game_id": "116088", "values": [{"date": "2023-11-21-15-00-00", "latency": 46}]}, {"location": {"country_code": "ec", "region": "Loja"}, "game_id": "116088", "values": [{"date": "2023-11-21-03-00-00", "latency": 61}, {"date": "2023-11-21-03-00-00", "latency": 61}, {"date": "2023-11-21-03-00-00", "latency": 61}, {"date": "2023-11-21-03-00-00", "latency": 61}, {"date": "2023-11-21-03-00-00", "latency": 61}]}, {"location": {"country_code": "br", "region": "Goias"}, "game_id": "116088", "values": [{"date": "2023-11-21-22-00-00", "latency": 11}, {"date": "2023-11-21-22-00-00", "latency": 11}]}, {"location": {"country_code": "uz"}, "game_id": "116088", "values": [{"date": "2023-11-21-05-00-00", "latency": 0}, {"date": "2023-11-21-05-00-00", "latency": 0}, {"date": "2023-11-21-17-00-00", "latency": 7}]}, {"location": {"country_code": "jp", "region": "Saitama"}, "game_id": "116088", "values": [{"date": "2023-11-21-12-00-00", "latency": 17}, {"date": "2023-11-21-12-00-00", "latency": 17}, {"date": "2023-11-21-12-00-00", "latency": 17}, {"date": "2023-11-21-12-00-00", "latency": 17}, {"date": "2023-11-21-12-00-00", "latency": 17}]}, {"location": {"country_code": "ru", "region": "Primorskiy (Maritime) Kray", "city": "Vladivostok"}, "game_id": "116088", "values": [{"date": "2023-11-21-04-00-00", "latency": 1}]}, {"location": {"country_code": "us", "region": "Ohio", "city": "Fairborn"}, "game_id": "116088", "values": [{"date": "2023-11-21-05-00-00", "latency": 19}, {"date": "2023-11-21-05-00-00", "latency": 19}, {"date": "2023-11-21-05-00-00", "latency": 19}]}, {"location": {"country_code": "ug", "region": "Central Region"}, "game_id": "116088", "values": [{"date": "2023-11-21-18-00-00", "latency": 38}, {"date": "2023-11-21-18-00-00", "latency": 38}, {"date": "2023-11-21-18-00-00", "latency": 38}, {"date": "2023-11-21-18-00-00", "latency": 38}, {"date": "2023-11-21-18-00-00", "latency": 38}]}, {"location": {"country_code": "mk", "region": "Kumanovo"}, "game_id": "116088", "values": [{"date": "2023-11-21-18-00-00", "latency": 1}]}, {"location": {"country_code": "se", "region": "Skane County"}, "game_id": "116088", "values": [{"date": "2023-11-21-05-00-00", "latency": 0}, {"date": "2023-11-21-05-00-00", "latency": 0}, {"date": "2023-11-21-05-00-00", "latency": 0}, {"date": "2023-11-21-05-00-00", "latency": 0}]}, {"location": {"country_code": "mx", "region": "Baja California Sur", "city": "Cabo San Lucas"}, "game_id": "116088", "values": [{"date": "2023-11-22-01-00-00", "latency": 7}]}, {"location": {"country_code": "ru", "region": "Leningrad"}, "game_id": "116088", "values": [{"date": "2023-11-21-13-00-00", "latency": 8}]}], "last_updated": 1719919369.757848}