{"data": [{"location": {"country_code": "us"}, "game_id": "101342", "values": [{"date": "2024-06-13-05-00-00", "latency": 93}, {"date": "2024-06-13-05-00-00", "latency": 93}, {"date": "2024-06-13-05-00-00", "latency": 93}, {"date": "2024-06-13-05-00-00", "latency": 93}, {"date": "2024-06-13-04-00-00", "latency": 92}, {"date": "2024-06-13-04-00-00", "latency": 92}, {"date": "2024-06-13-04-00-00", "latency": 92}, {"date": "2024-06-13-04-00-00", "latency": 92}, {"date": "2024-06-13-04-00-00", "latency": 92}, {"date": "2024-06-13-04-00-00", "latency": 92}, {"date": "2024-06-13-04-00-00", "latency": 92}, {"date": "2024-06-13-04-00-00", "latency": 92}, {"date": "2024-06-13-04-00-00", "latency": 92}, {"date": "2024-06-13-04-00-00", "latency": 92}, {"date": "2024-06-13-04-00-00", "latency": 92}, {"date": "2024-06-13-04-00-00", "latency": 92}, {"date": "2024-06-13-04-00-00", "latency": 92}, {"date": "2024-06-13-04-00-00", "latency": 92}, {"date": "2024-06-13-04-00-00", "latency": 92}]}, {"location": {"country_code": "us", "region": "New York", "city": "Jamestown"}, "game_id": "101342", "values": [{"date": "2024-06-13-04-00-00", "latency": 111}]}, {"location": {"country_code": "gb"}, "game_id": "101342", "values": [{"date": "2024-06-13-19-00-00", "latency": 183}, {"date": "2024-06-13-19-00-00", "latency": 183}, {"date": "2024-06-13-19-00-00", "latency": 183}, {"date": "2024-06-13-19-00-00", "latency": 183}, {"date": "2024-06-13-19-00-00", "latency": 183}, {"date": "2024-06-13-19-00-00", "latency": 183}, {"date": "2024-06-13-19-00-00", "latency": 183}, {"date": "2024-06-13-19-00-00", "latency": 183}, {"date": "2024-06-13-19-00-00", "latency": 183}, {"date": "2024-06-13-19-00-00", "latency": 183}, {"date": "2024-06-13-19-00-00", "latency": 183}, {"date": "2024-06-13-19-00-00", "latency": 183}, {"date": "2024-06-13-19-00-00", "latency": 183}, {"date": "2024-06-13-19-00-00", "latency": 183}, {"date": "2024-06-13-19-00-00", "latency": 183}, {"date": "2024-06-13-19-00-00", "latency": 183}, {"date": "2024-06-13-19-00-00", "latency": 183}, {"date": "2024-06-13-19-00-00", "latency": 183}, {"date": "2024-06-13-19-00-00", "latency": 183}, {"date": "2024-06-13-19-00-00", "latency": 183}, {"date": "2024-06-13-19-00-00", "latency": 183}, {"date": "2024-06-13-19-00-00", "latency": 183}, {"date": "2024-06-13-21-00-00", "latency": 68}, {"date": "2024-06-13-21-00-00", "latency": 68}]}, {"location": {"country_code": "gr"}, "game_id": "101342", "values": [{"date": "2024-06-13-21-00-00", "latency": 135}]}, {"location": {"country_code": "cz"}, "game_id": "101342", "values": [{"date": "2024-06-13-20-00-00", "latency": 83}]}, {"location": {"country_code": "it"}, "game_id": "101342", "values": [{"date": "2024-06-13-17-00-00", "latency": 182}, {"date": "2024-06-13-17-00-00", "latency": 182}, {"date": "2024-06-13-02-00-00", "latency": 132}]}, {"location": {"country_code": "gb", "region": "England"}, "game_id": "101342", "values": [{"date": "2024-06-13-20-00-00", "latency": 138}, {"date": "2024-06-13-20-00-00", "latency": 138}]}, {"location": {"country_code": "us", "region": "Texas"}, "game_id": "101342", "values": [{"date": "2024-06-13-02-00-00", "latency": 141}]}, {"location": {"country_code": "us", "region": "Florida"}, "game_id": "101342", "values": [{"date": "2024-06-13-19-00-00", "latency": 218}, {"date": "2024-06-13-19-00-00", "latency": 218}, {"date": "2024-06-13-19-00-00", "latency": 218}, {"date": "2024-06-13-19-00-00", "latency": 218}, {"date": "2024-06-13-19-00-00", "latency": 218}, {"date": "2024-06-13-19-00-00", "latency": 218}, {"date": "2024-06-13-19-00-00", "latency": 218}, {"date": "2024-06-13-19-00-00", "latency": 218}, {"date": "2024-06-13-19-00-00", "latency": 218}, {"date": "2024-06-13-19-00-00", "latency": 218}, {"date": "2024-06-13-19-00-00", "latency": 218}, {"date": "2024-06-13-19-00-00", "latency": 218}, {"date": "2024-06-13-19-00-00", "latency": 218}]}, {"location": {"country_code": "ph"}, "game_id": "101342", "values": [{"date": "2024-06-13-19-00-00", "latency": 187}]}, {"location": {"country_code": "fr"}, "game_id": "101342", "values": [{"date": "2024-06-13-18-00-00", "latency": 128}]}, {"location": {"country_code": "us", "region": "California"}, "game_id": "101342", "values": [{"date": "2024-06-14-01-00-00", "latency": 63}, {"date": "2024-06-14-01-00-00", "latency": 63}, {"date": "2024-06-14-01-00-00", "latency": 63}, {"date": "2024-06-14-01-00-00", "latency": 63}, {"date": "2024-06-14-01-00-00", "latency": 63}, {"date": "2024-06-14-01-00-00", "latency": 63}, {"date": "2024-06-14-01-00-00", "latency": 63}, {"date": "2024-06-14-01-00-00", "latency": 63}, {"date": "2024-06-14-01-00-00", "latency": 63}]}, {"location": {"country_code": "se"}, "game_id": "101342", "values": [{"date": "2024-06-13-17-00-00", "latency": 141}]}, {"location": {"country_code": "us", "region": "California", "city": "East Los Angeles"}, "game_id": "101342", "values": [{"date": "2024-06-13-07-00-00", "latency": 137}, {"date": "2024-06-13-07-00-00", "latency": 137}, {"date": "2024-06-13-07-00-00", "latency": 137}, {"date": "2024-06-13-07-00-00", "latency": 137}]}, {"location": {"country_code": "au"}, "game_id": "101342", "values": [{"date": "2024-06-13-06-00-00", "latency": 75}, {"date": "2024-06-13-06-00-00", "latency": 75}]}, {"location": {"country_code": "us", "region": "Michigan"}, "game_id": "101342", "values": [{"date": "2024-06-13-03-00-00", "latency": 83}, {"date": "2024-06-13-03-00-00", "latency": 83}, {"date": "2024-06-13-03-00-00", "latency": 83}]}, {"location": {"country_code": "co"}, "game_id": "101342", "values": [{"date": "2024-06-14-02-00-00", "latency": 187}]}, {"location": {"country_code": "at"}, "game_id": "101342", "values": [{"date": "2024-06-13-22-00-00", "latency": 97}]}, {"location": {"country_code": "us", "region": "North Carolina"}, "game_id": "101342", "values": [{"date": "2024-06-13-14-00-00", "latency": 71}, {"date": "2024-06-13-14-00-00", "latency": 71}, {"date": "2024-06-13-14-00-00", "latency": 71}, {"date": "2024-06-13-14-00-00", "latency": 71}, {"date": "2024-06-13-14-00-00", "latency": 71}, {"date": "2024-06-13-14-00-00", "latency": 71}, {"date": "2024-06-13-14-00-00", "latency": 71}, {"date": "2024-06-13-14-00-00", "latency": 71}, {"date": "2024-06-13-14-00-00", "latency": 71}, {"date": "2024-06-13-14-00-00", "latency": 71}, {"date": "2024-06-13-14-00-00", "latency": 71}, {"date": "2024-06-13-14-00-00", "latency": 71}, {"date": "2024-06-13-14-00-00", "latency": 71}, {"date": "2024-06-13-14-00-00", "latency": 71}, {"date": "2024-06-13-14-00-00", "latency": 71}, {"date": "2024-06-13-14-00-00", "latency": 71}, {"date": "2024-06-13-14-00-00", "latency": 71}]}, {"location": {"country_code": "gb", "region": "England", "city": "London"}, "game_id": "101342", "values": [{"date": "2024-06-14-00-00-00", "latency": 111}, {"date": "2024-06-14-00-00-00", "latency": 111}]}, {"location": {"country_code": "us", "region": "Pennsylvania"}, "game_id": "101342", "values": [{"date": "2024-06-14-02-00-00", "latency": 105}, {"date": "2024-06-14-02-00-00", "latency": 105}]}, {"location": {"country_code": "br", "region": "State of Rio de Janeiro", "city": "Angra dos Reis"}, "game_id": "101342", "values": [{"date": "2024-06-14-01-00-00", "latency": 128}, {"date": "2024-06-13-14-00-00", "latency": 84}, {"date": "2024-06-13-14-00-00", "latency": 84}, {"date": "2024-06-13-14-00-00", "latency": 84}, {"date": "2024-06-13-14-00-00", "latency": 84}, {"date": "2024-06-13-14-00-00", "latency": 84}, {"date": "2024-06-13-14-00-00", "latency": 84}]}, {"location": {"country_code": "us", "region": "Kentucky"}, "game_id": "101342", "values": [{"date": "2024-06-13-20-00-00", "latency": 123}]}, {"location": {"country_code": "br", "region": "Rio Grande do Sul"}, "game_id": "101342", "values": [{"date": "2024-06-14-02-00-00", "latency": 101}]}, {"location": {"country_code": "us", "region": "Georgia", "city": "Atlanta"}, "game_id": "101342", "values": [{"date": "2024-06-13-04-00-00", "latency": 77}, {"date": "2024-06-13-04-00-00", "latency": 77}, {"date": "2024-06-13-04-00-00", "latency": 77}, {"date": "2024-06-13-04-00-00", "latency": 77}, {"date": "2024-06-13-04-00-00", "latency": 77}, {"date": "2024-06-13-04-00-00", "latency": 77}, {"date": "2024-06-13-04-00-00", "latency": 77}, {"date": "2024-06-13-04-00-00", "latency": 77}]}, {"location": {"country_code": "gb", "region": "England", "city": "Salford"}, "game_id": "101342", "values": [{"date": "2024-06-13-22-00-00", "latency": 84}]}, {"location": {"country_code": "dk", "region": "Capital Region", "city": "Copenhagen"}, "game_id": "101342", "values": [{"date": "2024-06-13-22-00-00", "latency": 64}]}, {"location": {"country_code": "lb"}, "game_id": "101342", "values": [{"date": "2024-06-14-01-00-00", "latency": 167}]}, {"location": {"country_code": "fr", "region": "Pays de la Loire Region"}, "game_id": "101342", "values": [{"date": "2024-06-13-19-00-00", "latency": 85}]}, {"location": {"country_code": "fr", "region": "Occitanie", "city": "Nimes"}, "game_id": "101342", "values": [{"date": "2024-06-14-00-00-00", "latency": 95}]}, {"location": {"country_code": "us", "region": "California", "city": "Fullerton"}, "game_id": "101342", "values": [{"date": "2024-06-13-03-00-00", "latency": 119}, {"date": "2024-06-13-03-00-00", "latency": 119}, {"date": "2024-06-13-03-00-00", "latency": 119}, {"date": "2024-06-13-03-00-00", "latency": 119}, {"date": "2024-06-13-03-00-00", "latency": 119}, {"date": "2024-06-13-03-00-00", "latency": 119}, {"date": "2024-06-13-03-00-00", "latency": 119}, {"date": "2024-06-13-03-00-00", "latency": 119}, {"date": "2024-06-13-03-00-00", "latency": 119}]}, {"location": {"country_code": "us", "region": "California", "city": "Ramona"}, "game_id": "101342", "values": [{"date": "2024-06-13-11-00-00", "latency": 96}, {"date": "2024-06-13-11-00-00", "latency": 96}, {"date": "2024-06-13-11-00-00", "latency": 96}]}, {"location": {"country_code": "us", "region": "Wisconsin", "city": "Dakota"}, "game_id": "101342", "values": [{"date": "2024-06-13-10-00-00", "latency": 98}, {"date": "2024-06-13-10-00-00", "latency": 98}, {"date": "2024-06-13-10-00-00", "latency": 98}, {"date": "2024-06-13-10-00-00", "latency": 98}]}], "last_updated": 1719927605.80661}