{"data": [{"location": {"country_code": "nz"}, "game_id": "135305", "values": [{"date": "2023-01-18-23-00-00", "latency": 218}, {"date": "2023-01-18-23-00-00", "latency": 218}]}, {"location": {"country_code": "us"}, "game_id": "135305", "values": [{"date": "2023-01-18-06-00-00", "latency": 98}, {"date": "2023-01-18-06-00-00", "latency": 103}, {"date": "2023-01-18-05-00-00", "latency": 156}, {"date": "2023-01-18-05-00-00", "latency": 72}, {"date": "2023-01-18-07-00-00", "latency": 290}]}, {"location": {"country_code": "us", "region": "New York", "city": "Jamestown"}, "game_id": "135305", "values": [{"date": "2023-01-18-22-00-00", "latency": 114}, {"date": "2023-01-18-22-00-00", "latency": 114}, {"date": "2023-01-18-22-00-00", "latency": 114}, {"date": "2023-01-18-22-00-00", "latency": 114}, {"date": "2023-01-18-22-00-00", "latency": 114}]}, {"location": {"country_code": "th"}, "game_id": "135305", "values": [{"date": "2023-01-18-20-00-00", "latency": 129}, {"date": "2023-01-18-16-00-00", "latency": 128}]}, {"location": {"country_code": "pa"}, "game_id": "135305", "values": [{"date": "2023-01-18-09-00-00", "latency": 120}]}, {"location": {"country_code": "it"}, "game_id": "135305", "values": [{"date": "2023-01-18-19-00-00", "latency": 84}, {"date": "2023-01-18-19-00-00", "latency": 84}, {"date": "2023-01-18-19-00-00", "latency": 84}, {"date": "2023-01-18-19-00-00", "latency": 56}, {"date": "2023-01-18-19-00-00", "latency": 56}, {"date": "2023-01-18-19-00-00", "latency": 56}, {"date": "2023-01-18-19-00-00", "latency": 56}]}, {"location": {"country_code": "za", "region": "Western Cape", "city": "Cape Town"}, "game_id": "135305", "values": [{"date": "2023-01-18-15-00-00", "latency": 184}]}, {"location": {"country_code": "jp"}, "game_id": "135305", "values": [{"date": "2023-01-18-20-00-00", "latency": 57}, {"date": "2023-01-18-08-00-00", "latency": 74}, {"date": "2023-01-18-08-00-00", "latency": 74}, {"date": "2023-01-18-12-00-00", "latency": 70}, {"date": "2023-01-18-15-00-00", "latency": 30}, {"date": "2023-01-18-05-00-00", "latency": 46}, {"date": "2023-01-18-13-00-00", "latency": 159}, {"date": "2023-01-18-13-00-00", "latency": 159}, {"date": "2023-01-18-13-00-00", "latency": 159}, {"date": "2023-01-18-23-00-00", "latency": 46}, {"date": "2023-01-18-06-00-00", "latency": 266}, {"date": "2023-01-18-06-00-00", "latency": 266}, {"date": "2023-01-18-06-00-00", "latency": 46}, {"date": "2023-01-18-17-00-00", "latency": 74}, {"date": "2023-01-18-17-00-00", "latency": 74}, {"date": "2023-01-18-17-00-00", "latency": 74}, {"date": "2023-01-18-17-00-00", "latency": 74}, {"date": "2023-01-18-17-00-00", "latency": 74}, {"date": "2023-01-18-18-00-00", "latency": 60}, {"date": "2023-01-18-18-00-00", "latency": 60}, {"date": "2023-01-18-18-00-00", "latency": 60}, {"date": "2023-01-18-18-00-00", "latency": 60}, {"date": "2023-01-18-18-00-00", "latency": 60}, {"date": "2023-01-18-18-00-00", "latency": 60}]}, {"location": {"country_code": "ca"}, "game_id": "135305", "values": [{"date": "2023-01-18-07-00-00", "latency": 103}, {"date": "2023-01-18-22-00-00", "latency": 38}, {"date": "2023-01-18-22-00-00", "latency": 38}, {"date": "2023-01-18-16-00-00", "latency": 109}, {"date": "2023-01-18-09-00-00", "latency": 135}, {"date": "2023-01-18-09-00-00", "latency": 135}, {"date": "2023-01-18-09-00-00", "latency": 135}, {"date": "2023-01-18-09-00-00", "latency": 135}, {"date": "2023-01-18-14-00-00", "latency": 116}, {"date": "2023-01-18-14-00-00", "latency": 116}, {"date": "2023-01-18-14-00-00", "latency": 116}]}, {"location": {"country_code": "de"}, "game_id": "135305", "values": [{"date": "2023-01-18-11-00-00", "latency": 31}]}, {"location": {"country_code": "tw"}, "game_id": "135305", "values": [{"date": "2023-01-18-07-00-00", "latency": 88}, {"date": "2023-01-18-15-00-00", "latency": 106}, {"date": "2023-01-18-15-00-00", "latency": 106}, {"date": "2023-01-18-15-00-00", "latency": 106}, {"date": "2023-01-18-15-00-00", "latency": 106}, {"date": "2023-01-18-15-00-00", "latency": 106}, {"date": "2023-01-18-15-00-00", "latency": 106}, {"date": "2023-01-18-15-00-00", "latency": 106}, {"date": "2023-01-18-15-00-00", "latency": 106}, {"date": "2023-01-18-12-00-00", "latency": 71}, {"date": "2023-01-18-14-00-00", "latency": 96}, {"date": "2023-01-18-13-00-00", "latency": 67}]}, {"location": {"country_code": "gb", "region": "England"}, "game_id": "135305", "values": [{"date": "2023-01-18-20-00-00", "latency": 39}]}, {"location": {"country_code": "cl"}, "game_id": "135305", "values": [{"date": "2023-01-18-23-00-00", "latency": 177}, {"date": "2023-01-18-23-00-00", "latency": 158}, {"date": "2023-01-18-08-00-00", "latency": 214}, {"date": "2023-01-18-08-00-00", "latency": 214}, {"date": "2023-01-18-08-00-00", "latency": 214}, {"date": "2023-01-18-08-00-00", "latency": 214}, {"date": "2023-01-18-08-00-00", "latency": 214}]}, {"location": {"country_code": "au", "region": "New South Wales", "city": "Sydney"}, "game_id": "135305", "values": [{"date": "2023-01-18-10-00-00", "latency": 189}, {"date": "2023-01-18-12-00-00", "latency": 295}, {"date": "2023-01-18-12-00-00", "latency": 295}]}, {"location": {"country_code": "ph"}, "game_id": "135305", "values": [{"date": "2023-01-18-19-00-00", "latency": 150}, {"date": "2023-01-18-13-00-00", "latency": 259}, {"date": "2023-01-18-13-00-00", "latency": 259}, {"date": "2023-01-18-13-00-00", "latency": 259}, {"date": "2023-01-18-17-00-00", "latency": 88}, {"date": "2023-01-18-17-00-00", "latency": 88}, {"date": "2023-01-18-17-00-00", "latency": 88}, {"date": "2023-01-18-17-00-00", "latency": 88}, {"date": "2023-01-18-17-00-00", "latency": 88}, {"date": "2023-01-18-17-00-00", "latency": 88}, {"date": "2023-01-18-17-00-00", "latency": 88}, {"date": "2023-01-18-17-00-00", "latency": 88}, {"date": "2023-01-18-17-00-00", "latency": 88}, {"date": "2023-01-18-17-00-00", "latency": 88}, {"date": "2023-01-18-10-00-00", "latency": 153}, {"date": "2023-01-18-10-00-00", "latency": 153}, {"date": "2023-01-18-15-00-00", "latency": 297}, {"date": "2023-01-18-15-00-00", "latency": 297}, {"date": "2023-01-18-15-00-00", "latency": 297}, {"date": "2023-01-18-15-00-00", "latency": 297}, {"date": "2023-01-18-09-00-00", "latency": 159}, {"date": "2023-01-18-09-00-00", "latency": 159}, {"date": "2023-01-18-09-00-00", "latency": 159}, {"date": "2023-01-18-09-00-00", "latency": 159}, {"date": "2023-01-18-09-00-00", "latency": 159}, {"date": "2023-01-18-09-00-00", "latency": 159}, {"date": "2023-01-18-09-00-00", "latency": 159}, {"date": "2023-01-18-07-00-00", "latency": 90}, {"date": "2023-01-18-16-00-00", "latency": 179}, {"date": "2023-01-18-16-00-00", "latency": 179}, {"date": "2023-01-18-16-00-00", "latency": 179}, {"date": "2023-01-18-16-00-00", "latency": 179}, {"date": "2023-01-18-16-00-00", "latency": 179}, {"date": "2023-01-18-16-00-00", "latency": 179}, {"date": "2023-01-18-17-00-00", "latency": 152}, {"date": "2023-01-18-17-00-00", "latency": 152}, {"date": "2023-01-18-17-00-00", "latency": 152}, {"date": "2023-01-18-17-00-00", "latency": 152}, {"date": "2023-01-18-17-00-00", "latency": 152}, {"date": "2023-01-18-17-00-00", "latency": 152}, {"date": "2023-01-18-17-00-00", "latency": 152}, {"date": "2023-01-18-21-00-00", "latency": 108}, {"date": "2023-01-18-13-00-00", "latency": 176}, {"date": "2023-01-18-13-00-00", "latency": 176}, {"date": "2023-01-18-13-00-00", "latency": 176}, {"date": "2023-01-18-14-00-00", "latency": 644}]}, {"location": {"country_code": "ph", "region": "Balangas", "city": "Taal"}, "game_id": "135305", "values": [{"date": "2023-01-18-10-00-00", "latency": 267}, {"date": "2023-01-18-10-00-00", "latency": 267}]}, {"location": {"country_code": "fr"}, "game_id": "135305", "values": [{"date": "2023-01-18-23-00-00", "latency": 61}, {"date": "2023-01-18-23-00-00", "latency": 61}, {"date": "2023-01-18-14-00-00", "latency": 298}, {"date": "2023-01-18-14-00-00", "latency": 298}, {"date": "2023-01-18-14-00-00", "latency": 298}, {"date": "2023-01-18-14-00-00", "latency": 298}, {"date": "2023-01-18-20-00-00", "latency": 65}, {"date": "2023-01-18-20-00-00", "latency": 65}]}, {"location": {"country_code": "us", "region": "New Jersey"}, "game_id": "135305", "values": [{"date": "2023-01-18-07-00-00", "latency": 109}]}, {"location": {"country_code": "mx"}, "game_id": "135305", "values": [{"date": "2023-01-18-06-00-00", "latency": 105}, {"date": "2023-01-18-04-00-00", "latency": 158}]}, {"location": {"country_code": "in"}, "game_id": "135305", "values": [{"date": "2023-01-18-13-00-00", "latency": 181}, {"date": "2023-01-18-13-00-00", "latency": 181}, {"date": "2023-01-18-13-00-00", "latency": 181}, {"date": "2023-01-18-13-00-00", "latency": 181}]}, {"location": {"country_code": "us", "region": "California"}, "game_id": "135305", "values": [{"date": "2023-01-18-06-00-00", "latency": 155}, {"date": "2023-01-18-06-00-00", "latency": 155}, {"date": "2023-01-18-06-00-00", "latency": 155}, {"date": "2023-01-18-06-00-00", "latency": 155}, {"date": "2023-01-18-06-00-00", "latency": 155}, {"date": "2023-01-18-06-00-00", "latency": 155}, {"date": "2023-01-18-06-00-00", "latency": 155}, {"date": "2023-01-18-06-00-00", "latency": 155}, {"date": "2023-01-18-06-00-00", "latency": 155}]}, {"location": {"country_code": "br"}, "game_id": "135305", "values": [{"date": "2023-01-18-05-00-00", "latency": 173}, {"date": "2023-01-18-05-00-00", "latency": 173}, {"date": "2023-01-18-16-00-00", "latency": 139}, {"date": "2023-01-18-06-00-00", "latency": 186}, {"date": "2023-01-18-06-00-00", "latency": 186}, {"date": "2023-01-18-06-00-00", "latency": 186}, {"date": "2023-01-18-06-00-00", "latency": 186}]}, {"location": {"country_code": "au"}, "game_id": "135305", "values": [{"date": "2023-01-18-11-00-00", "latency": 189}, {"date": "2023-01-18-11-00-00", "latency": 189}, {"date": "2023-01-18-11-00-00", "latency": 305}, {"date": "2023-01-18-11-00-00", "latency": 305}, {"date": "2023-01-18-11-00-00", "latency": 305}, {"date": "2023-01-18-11-00-00", "latency": 305}, {"date": "2023-01-18-04-00-00", "latency": 357}, {"date": "2023-01-18-12-00-00", "latency": 203}, {"date": "2023-01-18-12-00-00", "latency": 203}, {"date": "2023-01-18-12-00-00", "latency": 203}, {"date": "2023-01-18-10-00-00", "latency": 221}, {"date": "2023-01-18-10-00-00", "latency": 221}, {"date": "2023-01-18-13-00-00", "latency": 279}, {"date": "2023-01-18-13-00-00", "latency": 279}, {"date": "2023-01-18-13-00-00", "latency": 279}, {"date": "2023-01-18-13-00-00", "latency": 279}, {"date": "2023-01-18-13-00-00", "latency": 279}]}, {"location": {"country_code": "kr"}, "game_id": "135305", "values": [{"date": "2023-01-18-03-00-00", "latency": 287}]}, {"location": {"country_code": "us", "region": "Pennsylvania", "city": "Philadelphia"}, "game_id": "135305", "values": [{"date": "2023-01-18-11-00-00", "latency": 35}]}, {"location": {"country_code": "es"}, "game_id": "135305", "values": [{"date": "2023-01-18-12-00-00", "latency": 42}, {"date": "2023-01-18-12-00-00", "latency": 42}]}, {"location": {"country_code": "sa"}, "game_id": "135305", "values": [{"date": "2023-01-18-19-00-00", "latency": 103}, {"date": "2023-01-18-19-00-00", "latency": 103}, {"date": "2023-01-18-19-00-00", "latency": 103}]}, {"location": {"country_code": "ar"}, "game_id": "135305", "values": [{"date": "2023-01-19-01-00-00", "latency": 183}]}, {"location": {"country_code": "vn"}, "game_id": "135305", "values": [{"date": "2023-01-18-15-00-00", "latency": 155}]}, {"location": {"country_code": "bn"}, "game_id": "135305", "values": [{"date": "2023-01-18-08-00-00", "latency": 122}, {"date": "2023-01-18-08-00-00", "latency": 122}, {"date": "2023-01-18-08-00-00", "latency": 122}, {"date": "2023-01-18-08-00-00", "latency": 122}, {"date": "2023-01-18-08-00-00", "latency": 122}, {"date": "2023-01-18-08-00-00", "latency": 122}, {"date": "2023-01-18-08-00-00", "latency": 122}, {"date": "2023-01-18-08-00-00", "latency": 122}, {"date": "2023-01-18-08-00-00", "latency": 122}, {"date": "2023-01-18-08-00-00", "latency": 122}, {"date": "2023-01-18-08-00-00", "latency": 122}, {"date": "2023-01-18-08-00-00", "latency": 122}, {"date": "2023-01-18-08-00-00", "latency": 122}, {"date": "2023-01-18-08-00-00", "latency": 122}, {"date": "2023-01-18-08-00-00", "latency": 122}, {"date": "2023-01-18-08-00-00", "latency": 122}, {"date": "2023-01-18-08-00-00", "latency": 122}, {"date": "2023-01-18-08-00-00", "latency": 122}, {"date": "2023-01-18-08-00-00", "latency": 122}, {"date": "2023-01-18-08-00-00", "latency": 122}, {"date": "2023-01-18-08-00-00", "latency": 122}, {"date": "2023-01-18-08-00-00", "latency": 122}, {"date": "2023-01-18-08-00-00", "latency": 122}, {"date": "2023-01-18-08-00-00", "latency": 122}, {"date": "2023-01-18-08-00-00", "latency": 122}, {"date": "2023-01-18-08-00-00", "latency": 122}, {"date": "2023-01-18-08-00-00", "latency": 122}, {"date": "2023-01-18-08-00-00", "latency": 122}, {"date": "2023-01-18-08-00-00", "latency": 122}, {"date": "2023-01-18-08-00-00", "latency": 122}, {"date": "2023-01-18-08-00-00", "latency": 122}, {"date": "2023-01-18-08-00-00", "latency": 122}, {"date": "2023-01-18-08-00-00", "latency": 122}, {"date": "2023-01-18-08-00-00", "latency": 122}, {"date": "2023-01-18-08-00-00", "latency": 122}, {"date": "2023-01-18-08-00-00", "latency": 122}, {"date": "2023-01-18-08-00-00", "latency": 122}, {"date": "2023-01-18-08-00-00", "latency": 122}, {"date": "2023-01-18-08-00-00", "latency": 122}, {"date": "2023-01-18-08-00-00", "latency": 122}, {"date": "2023-01-18-08-00-00", "latency": 122}, {"date": "2023-01-18-08-00-00", "latency": 122}, {"date": "2023-01-18-08-00-00", "latency": 122}]}, {"location": {"country_code": "gb", "region": "Northern Ireland"}, "game_id": "135305", "values": [{"date": "2023-01-18-06-00-00", "latency": 80}]}, {"location": {"country_code": "fi"}, "game_id": "135305", "values": [{"date": "2023-01-18-19-00-00", "latency": 149}]}, {"location": {"country_code": "de", "region": "Free and Hanseatic City of Hamburg", "city": "Hamburg"}, "game_id": "135305", "values": [{"date": "2023-01-18-22-00-00", "latency": 254}]}, {"location": {"country_code": "hu"}, "game_id": "135305", "values": [{"date": "2023-01-18-20-00-00", "latency": 63}, {"date": "2023-01-18-20-00-00", "latency": 63}, {"date": "2023-01-18-20-00-00", "latency": 63}]}, {"location": {"country_code": "us", "region": "California", "city": "Chula Vista"}, "game_id": "135305", "values": [{"date": "2023-01-18-23-00-00", "latency": 123}, {"date": "2023-01-18-23-00-00", "latency": 123}, {"date": "2023-01-18-23-00-00", "latency": 123}]}, {"location": {"country_code": "es", "region": "Catalonia", "city": "l'Hospitalet de Llobregat"}, "game_id": "135305", "values": [{"date": "2023-01-18-19-00-00", "latency": 100}, {"date": "2023-01-18-19-00-00", "latency": 53}]}, {"location": {"country_code": "pl"}, "game_id": "135305", "values": [{"date": "2023-01-18-20-00-00", "latency": 77}, {"date": "2023-01-18-22-00-00", "latency": 107}, {"date": "2023-01-18-22-00-00", "latency": 107}, {"date": "2023-01-18-19-00-00", "latency": 37}, {"date": "2023-01-18-19-00-00", "latency": 37}, {"date": "2023-01-18-19-00-00", "latency": 37}, {"date": "2023-01-18-21-00-00", "latency": 50}, {"date": "2023-01-18-21-00-00", "latency": 50}]}, {"location": {"country_code": "pe"}, "game_id": "135305", "values": [{"date": "2023-01-18-04-00-00", "latency": 187}]}, {"location": {"country_code": "ua"}, "game_id": "135305", "values": [{"date": "2023-01-18-17-00-00", "latency": 285}, {"date": "2023-01-18-17-00-00", "latency": 285}]}, {"location": {"country_code": "kz"}, "game_id": "135305", "values": [{"date": "2023-01-18-17-00-00", "latency": 109}]}, {"location": {"country_code": "sg"}, "game_id": "135305", "values": [{"date": "2023-01-18-14-00-00", "latency": 311}, {"date": "2023-01-18-15-00-00", "latency": 129}, {"date": "2023-01-18-15-00-00", "latency": 129}, {"date": "2023-01-18-15-00-00", "latency": 129}, {"date": "2023-01-18-15-00-00", "latency": 129}, {"date": "2023-01-18-15-00-00", "latency": 129}, {"date": "2023-01-18-15-00-00", "latency": 129}, {"date": "2023-01-18-15-00-00", "latency": 129}, {"date": "2023-01-18-15-00-00", "latency": 129}, {"date": "2023-01-18-15-00-00", "latency": 129}, {"date": "2023-01-18-15-00-00", "latency": 129}, {"date": "2023-01-18-15-00-00", "latency": 129}, {"date": "2023-01-18-15-00-00", "latency": 129}, {"date": "2023-01-18-15-00-00", "latency": 129}, {"date": "2023-01-18-15-00-00", "latency": 129}, {"date": "2023-01-18-15-00-00", "latency": 129}, {"date": "2023-01-18-15-00-00", "latency": 129}, {"date": "2023-01-18-15-00-00", "latency": 129}, {"date": "2023-01-18-15-00-00", "latency": 129}, {"date": "2023-01-18-15-00-00", "latency": 129}, {"date": "2023-01-18-15-00-00", "latency": 129}, {"date": "2023-01-18-15-00-00", "latency": 129}, {"date": "2023-01-18-15-00-00", "latency": 129}, {"date": "2023-01-18-15-00-00", "latency": 129}, {"date": "2023-01-18-15-00-00", "latency": 129}, {"date": "2023-01-18-15-00-00", "latency": 129}, {"date": "2023-01-18-15-00-00", "latency": 129}, {"date": "2023-01-18-15-00-00", "latency": 129}, {"date": "2023-01-18-15-00-00", "latency": 129}, {"date": "2023-01-18-15-00-00", "latency": 129}, {"date": "2023-01-18-16-00-00", "latency": 203}, {"date": "2023-01-18-16-00-00", "latency": 203}, {"date": "2023-01-18-11-00-00", "latency": 103}, {"date": "2023-01-18-11-00-00", "latency": 103}, {"date": "2023-01-18-11-00-00", "latency": 103}, {"date": "2023-01-18-18-00-00", "latency": 162}, {"date": "2023-01-18-18-00-00", "latency": 162}, {"date": "2023-01-18-18-00-00", "latency": 162}, {"date": "2023-01-18-18-00-00", "latency": 162}, {"date": "2023-01-18-18-00-00", "latency": 162}, {"date": "2023-01-18-15-00-00", "latency": 119}, {"date": "2023-01-18-15-00-00", "latency": 119}, {"date": "2023-01-18-15-00-00", "latency": 119}, {"date": "2023-01-18-09-00-00", "latency": 89}, {"date": "2023-01-18-10-00-00", "latency": 116}, {"date": "2023-01-18-15-00-00", "latency": 106}, {"date": "2023-01-18-15-00-00", "latency": 106}, {"date": "2023-01-18-15-00-00", "latency": 106}, {"date": "2023-01-18-15-00-00", "latency": 106}]}, {"location": {"country_code": "my"}, "game_id": "135305", "values": [{"date": "2023-01-18-15-00-00", "latency": 156}, {"date": "2023-01-18-12-00-00", "latency": 131}, {"date": "2023-01-18-12-00-00", "latency": 131}, {"date": "2023-01-18-12-00-00", "latency": 188}, {"date": "2023-01-18-12-00-00", "latency": 188}, {"date": "2023-01-18-12-00-00", "latency": 188}, {"date": "2023-01-18-12-00-00", "latency": 188}, {"date": "2023-01-18-17-00-00", "latency": 125}, {"date": "2023-01-18-17-00-00", "latency": 125}, {"date": "2023-01-18-17-00-00", "latency": 125}, {"date": "2023-01-18-17-00-00", "latency": 125}, {"date": "2023-01-18-17-00-00", "latency": 125}, {"date": "2023-01-18-17-00-00", "latency": 125}, {"date": "2023-01-18-15-00-00", "latency": 171}, {"date": "2023-01-18-16-00-00", "latency": 106}, {"date": "2023-01-18-16-00-00", "latency": 106}, {"date": "2023-01-18-14-00-00", "latency": 174}, {"date": "2023-01-18-14-00-00", "latency": 174}, {"date": "2023-01-18-16-00-00", "latency": 208}]}, {"location": {"country_code": "my", "region": "Sarawak"}, "game_id": "135305", "values": [{"date": "2023-01-18-13-00-00", "latency": 306}, {"date": "2023-01-18-13-00-00", "latency": 306}, {"date": "2023-01-18-13-00-00", "latency": 306}, {"date": "2023-01-18-13-00-00", "latency": 306}, {"date": "2023-01-18-13-00-00", "latency": 306}, {"date": "2023-01-18-13-00-00", "latency": 306}, {"date": "2023-01-18-13-00-00", "latency": 306}, {"date": "2023-01-18-13-00-00", "latency": 306}, {"date": "2023-01-18-13-00-00", "latency": 306}, {"date": "2023-01-18-13-00-00", "latency": 306}, {"date": "2023-01-18-13-00-00", "latency": 306}, {"date": "2023-01-18-13-00-00", "latency": 306}]}, {"location": {"country_code": "id"}, "game_id": "135305", "values": [{"date": "2023-01-18-04-00-00", "latency": 134}, {"date": "2023-01-18-04-00-00", "latency": 134}, {"date": "2023-01-18-19-00-00", "latency": 152}, {"date": "2023-01-18-07-00-00", "latency": 132}, {"date": "2023-01-18-13-00-00", "latency": 113}, {"date": "2023-01-18-14-00-00", "latency": 158}, {"date": "2023-01-18-14-00-00", "latency": 186}, {"date": "2023-01-18-15-00-00", "latency": 108}, {"date": "2023-01-18-15-00-00", "latency": 108}, {"date": "2023-01-18-10-00-00", "latency": 124}, {"date": "2023-01-18-10-00-00", "latency": 124}, {"date": "2023-01-18-10-00-00", "latency": 124}, {"date": "2023-01-18-10-00-00", "latency": 124}, {"date": "2023-01-18-10-00-00", "latency": 124}, {"date": "2023-01-18-10-00-00", "latency": 124}, {"date": "2023-01-18-12-00-00", "latency": 137}, {"date": "2023-01-18-12-00-00", "latency": 137}, {"date": "2023-01-18-15-00-00", "latency": 110}, {"date": "2023-01-18-15-00-00", "latency": 110}, {"date": "2023-01-18-15-00-00", "latency": 110}, {"date": "2023-01-18-15-00-00", "latency": 155}, {"date": "2023-01-18-15-00-00", "latency": 155}]}, {"location": {"country_code": "br", "region": "State of Rio de Janeiro", "city": "Angra dos Reis"}, "game_id": "135305", "values": [{"date": "2023-01-18-21-00-00", "latency": 134}, {"date": "2023-01-19-01-00-00", "latency": 162}]}, {"location": {"country_code": "sv"}, "game_id": "135305", "values": [{"date": "2023-01-18-08-00-00", "latency": 98}]}, {"location": {"country_code": "de", "region": "Bavaria", "city": "Nuremberg"}, "game_id": "135305", "values": [{"date": "2023-01-18-18-00-00", "latency": 39}]}, {"location": {"country_code": "ca", "region": "Alberta", "city": "Edmonton"}, "game_id": "135305", "values": [{"date": "2023-01-18-17-00-00", "latency": 104}]}, {"location": {"country_code": "mx", "region": "Jalisco", "city": "Guadalajara"}, "game_id": "135305", "values": [{"date": "2023-01-18-08-00-00", "latency": 124}, {"date": "2023-01-18-08-00-00", "latency": 124}, {"date": "2023-01-18-08-00-00", "latency": 124}, {"date": "2023-01-18-08-00-00", "latency": 124}, {"date": "2023-01-18-08-00-00", "latency": 124}, {"date": "2023-01-18-08-00-00", "latency": 124}, {"date": "2023-01-18-09-00-00", "latency": 85}]}, {"location": {"country_code": "at", "region": "Upper Austria"}, "game_id": "135305", "values": [{"date": "2023-01-18-20-00-00", "latency": 47}, {"date": "2023-01-18-20-00-00", "latency": 47}, {"date": "2023-01-18-20-00-00", "latency": 47}, {"date": "2023-01-18-20-00-00", "latency": 47}]}, {"location": {"country_code": "ca", "region": "British Columbia", "city": "Richmond"}, "game_id": "135305", "values": [{"date": "2023-01-18-08-00-00", "latency": 95}]}, {"location": {"country_code": "us", "region": "State of Wyoming"}, "game_id": "135305", "values": [{"date": "2023-01-18-21-00-00", "latency": 75}, {"date": "2023-01-18-21-00-00", "latency": 75}, {"date": "2023-01-18-21-00-00", "latency": 75}]}, {"location": {"country_code": "us", "region": "Tennessee", "city": "Nashville"}, "game_id": "135305", "values": [{"date": "2023-01-18-16-00-00", "latency": 143}, {"date": "2023-01-18-16-00-00", "latency": 143}, {"date": "2023-01-18-16-00-00", "latency": 143}, {"date": "2023-01-18-16-00-00", "latency": 143}, {"date": "2023-01-18-16-00-00", "latency": 143}, {"date": "2023-01-18-16-00-00", "latency": 143}, {"date": "2023-01-18-16-00-00", "latency": 143}, {"date": "2023-01-18-16-00-00", "latency": 143}, {"date": "2023-01-18-16-00-00", "latency": 143}]}, {"location": {"country_code": "it", "region": "Lazio", "city": "Rome"}, "game_id": "135305", "values": [{"date": "2023-01-18-11-00-00", "latency": 46}]}, {"location": {"country_code": "gd"}, "game_id": "135305", "values": [{"date": "2023-01-18-21-00-00", "latency": 131}]}, {"location": {"country_code": "gb", "region": "England", "city": "Leeds"}, "game_id": "135305", "values": [{"date": "2023-01-19-00-00-00", "latency": 62}, {"date": "2023-01-19-00-00-00", "latency": 62}]}, {"location": {"country_code": "gb", "region": "Scotland", "city": "Glasgow"}, "game_id": "135305", "values": [{"date": "2023-01-18-20-00-00", "latency": 60}, {"date": "2023-01-18-20-00-00", "latency": 60}]}, {"location": {"country_code": "gb", "region": "England", "city": "Sheffield"}, "game_id": "135305", "values": [{"date": "2023-01-18-15-00-00", "latency": 239}, {"date": "2023-01-18-15-00-00", "latency": 239}]}, {"location": {"country_code": "es", "region": "Valencia", "city": "Gandia"}, "game_id": "135305", "values": [{"date": "2023-01-18-20-00-00", "latency": 74}]}, {"location": {"country_code": "ru", "region": "Tomsk Oblast"}, "game_id": "135305", "values": [{"date": "2023-01-18-15-00-00", "latency": 204}, {"date": "2023-01-18-15-00-00", "latency": 204}, {"date": "2023-01-18-15-00-00", "latency": 204}, {"date": "2023-01-18-15-00-00", "latency": 204}]}, {"location": {"country_code": "ru", "region": "Vladimir Oblast", "city": "Vladimir"}, "game_id": "135305", "values": [{"date": "2023-01-18-16-00-00", "latency": 67}]}, {"location": {"country_code": "it", "region": "Tuscany"}, "game_id": "135305", "values": [{"date": "2023-01-18-11-00-00", "latency": 45}]}, {"location": {"country_code": "es", "region": "Principality of Asturias"}, "game_id": "135305", "values": [{"date": "2023-01-18-19-00-00", "latency": 87}]}, {"location": {"country_code": "ph", "region": "CALABARZON", "city": "Cavite"}, "game_id": "135305", "values": [{"date": "2023-01-18-15-00-00", "latency": 255}, {"date": "2023-01-18-15-00-00", "latency": 255}, {"date": "2023-01-18-15-00-00", "latency": 255}, {"date": "2023-01-18-15-00-00", "latency": 255}, {"date": "2023-01-18-15-00-00", "latency": 255}, {"date": "2023-01-18-15-00-00", "latency": 255}, {"date": "2023-01-18-15-00-00", "latency": 255}, {"date": "2023-01-18-15-00-00", "latency": 255}]}, {"location": {"country_code": "us", "region": "New Jersey", "city": "Newark"}, "game_id": "135305", "values": [{"date": "2023-01-18-05-00-00", "latency": 94}]}, {"location": {"country_code": "us", "region": "Pennsylvania", "city": "Wilkes-Barre"}, "game_id": "135305", "values": [{"date": "2023-01-18-23-00-00", "latency": 61}, {"date": "2023-01-18-23-00-00", "latency": 61}, {"date": "2023-01-18-23-00-00", "latency": 61}]}, {"location": {"country_code": "jp", "region": "Kanagawa", "city": "Yokohama"}, "game_id": "135305", "values": [{"date": "2023-01-18-17-00-00", "latency": 163}, {"date": "2023-01-18-17-00-00", "latency": 163}, {"date": "2023-01-18-17-00-00", "latency": 163}, {"date": "2023-01-18-17-00-00", "latency": 163}, {"date": "2023-01-18-17-00-00", "latency": 163}, {"date": "2023-01-18-17-00-00", "latency": 163}, {"date": "2023-01-18-17-00-00", "latency": 163}, {"date": "2023-01-18-17-00-00", "latency": 163}]}, {"location": {"country_code": "mx", "region": "Oaxaca"}, "game_id": "135305", "values": [{"date": "2023-01-18-05-00-00", "latency": 118}]}, {"location": {"country_code": "us", "region": "California", "city": "Lakewood"}, "game_id": "135305", "values": [{"date": "2023-01-18-04-00-00", "latency": 221}]}, {"location": {"country_code": "mx", "region": "Morelos", "city": "Cuernavaca"}, "game_id": "135305", "values": [{"date": "2023-01-18-03-00-00", "latency": 220}]}, {"location": {"country_code": "gl"}, "game_id": "135305", "values": [{"date": "2023-01-18-22-00-00", "latency": 95}]}, {"location": {"country_code": "br", "region": "State of Rio de Janeiro", "city": "Itaguai"}, "game_id": "135305", "values": [{"date": "2023-01-19-00-00-00", "latency": 33}]}, {"location": {"country_code": "ru", "region": "Kaliningrad Oblast", "city": "Kaliningrad"}, "game_id": "135305", "values": [{"date": "2023-01-18-20-00-00", "latency": 108}, {"date": "2023-01-18-20-00-00", "latency": 108}, {"date": "2023-01-18-20-00-00", "latency": 108}, {"date": "2023-01-18-20-00-00", "latency": 108}, {"date": "2023-01-18-20-00-00", "latency": 108}]}, {"location": {"country_code": "fr", "region": "Centre-Val de Loire", "city": "Villedieu-sur-Indre"}, "game_id": "135305", "values": [{"date": "2023-01-18-21-00-00", "latency": 40}, {"date": "2023-01-18-21-00-00", "latency": 40}]}, {"location": {"country_code": "us", "region": "Maryland", "city": "Montgomery Village"}, "game_id": "135305", "values": [{"date": "2023-01-18-21-00-00", "latency": 59}, {"date": "2023-01-18-21-00-00", "latency": 59}]}], "last_updated": 1719927535.835381}