{"data": [{"location": {"country_code": "it"}, "game_id": "461764", "values": [{"date": "2024-04-11-21-00-00", "latency": 82}]}, {"location": {"country_code": "jp"}, "game_id": "461764", "values": [{"date": "2024-04-11-19-00-00", "latency": 62}]}, {"location": {"country_code": "ca"}, "game_id": "461764", "values": [{"date": "2024-04-11-06-00-00", "latency": 62}]}, {"location": {"country_code": "de"}, "game_id": "461764", "values": [{"date": "2024-04-11-20-00-00", "latency": 344}, {"date": "2024-04-11-20-00-00", "latency": 344}]}, {"location": {"country_code": "fr"}, "game_id": "461764", "values": [{"date": "2024-04-11-09-00-00", "latency": 62}]}, {"location": {"country_code": "ie"}, "game_id": "461764", "values": [{"date": "2024-04-11-20-00-00", "latency": 67}]}, {"location": {"country_code": "bg"}, "game_id": "461764", "values": [{"date": "2024-04-11-10-00-00", "latency": 67}, {"date": "2024-04-11-10-00-00", "latency": 67}, {"date": "2024-04-12-01-00-00", "latency": 86}]}, {"location": {"country_code": "us", "region": "Oregon", "city": "Portland"}, "game_id": "461764", "values": [{"date": "2024-04-11-23-00-00", "latency": 66}]}, {"location": {"country_code": "us", "region": "Idaho"}, "game_id": "461764", "values": [{"date": "2024-04-11-04-00-00", "latency": 63}]}, {"location": {"country_code": "mt"}, "game_id": "461764", "values": [{"date": "2024-04-12-00-00-00", "latency": 66}]}, {"location": {"country_code": "jp", "region": "Hiroshima"}, "game_id": "461764", "values": [{"date": "2024-04-11-07-00-00", "latency": 60}, {"date": "2024-04-11-07-00-00", "latency": 60}, {"date": "2024-04-11-07-00-00", "latency": 60}, {"date": "2024-04-11-07-00-00", "latency": 60}, {"date": "2024-04-11-07-00-00", "latency": 60}]}, {"location": {"country_code": "be", "region": "Antwerp Province", "city": "Mechelen"}, "game_id": "461764", "values": [{"date": "2024-04-12-00-00-00", "latency": 78}, {"date": "2024-04-12-00-00-00", "latency": 78}, {"date": "2024-04-12-00-00-00", "latency": 78}, {"date": "2024-04-12-00-00-00", "latency": 78}]}], "last_updated": 1719927615.585374}