{"data": [{"location": {"country_code": "us"}, "game_id": "273486", "values": [{"date": "2022-08-27-02-00-00", "latency": 74}, {"date": "2022-08-27-02-00-00", "latency": 74}, {"date": "2022-08-27-00-00-00", "latency": 108}, {"date": "2022-08-26-03-00-00", "latency": 54}, {"date": "2022-08-26-10-00-00", "latency": 133}, {"date": "2022-08-26-10-00-00", "latency": 133}, {"date": "2022-08-26-10-00-00", "latency": 133}, {"date": "2022-08-27-00-00-00", "latency": 35}, {"date": "2022-08-27-00-00-00", "latency": 35}, {"date": "2022-08-26-02-00-00", "latency": 82}, {"date": "2022-08-26-02-00-00", "latency": 82}, {"date": "2022-08-26-12-00-00", "latency": 74}, {"date": "2022-08-26-12-00-00", "latency": 74}, {"date": "2022-08-27-02-00-00", "latency": 70}, {"date": "2022-08-26-07-00-00", "latency": 50}, {"date": "2022-08-26-07-00-00", "latency": 50}, {"date": "2022-08-26-07-00-00", "latency": 50}, {"date": "2022-08-26-13-00-00", "latency": 43}, {"date": "2022-08-26-13-00-00", "latency": 43}, {"date": "2022-08-26-13-00-00", "latency": 43}, {"date": "2022-08-26-13-00-00", "latency": 43}, {"date": "2022-08-26-13-00-00", "latency": 43}]}, {"location": {"country_code": "us", "region": "New York", "city": "Jamestown"}, "game_id": "273486", "values": [{"date": "2022-08-26-03-00-00", "latency": 43}, {"date": "2022-08-26-20-00-00", "latency": 101}, {"date": "2022-08-26-20-00-00", "latency": 101}, {"date": "2022-08-26-20-00-00", "latency": 101}, {"date": "2022-08-26-20-00-00", "latency": 101}, {"date": "2022-08-26-20-00-00", "latency": 101}, {"date": "2022-08-26-20-00-00", "latency": 101}]}, {"location": {"country_code": "us", "region": "California", "city": "East Los Angeles"}, "game_id": "273486", "values": [{"date": "2022-08-26-04-00-00", "latency": 54}, {"date": "2022-08-26-04-00-00", "latency": 54}, {"date": "2022-08-26-04-00-00", "latency": 54}, {"date": "2022-08-26-04-00-00", "latency": 54}, {"date": "2022-08-26-04-00-00", "latency": 54}, {"date": "2022-08-26-04-00-00", "latency": 54}, {"date": "2022-08-26-04-00-00", "latency": 54}, {"date": "2022-08-26-04-00-00", "latency": 54}, {"date": "2022-08-26-06-00-00", "latency": 39}, {"date": "2022-08-26-06-00-00", "latency": 39}, {"date": "2022-08-26-06-00-00", "latency": 39}, {"date": "2022-08-26-06-00-00", "latency": 39}, {"date": "2022-08-26-06-00-00", "latency": 39}, {"date": "2022-08-26-06-00-00", "latency": 39}, {"date": "2022-08-26-06-00-00", "latency": 39}, {"date": "2022-08-26-06-00-00", "latency": 39}, {"date": "2022-08-26-09-00-00", "latency": 117}, {"date": "2022-08-26-09-00-00", "latency": 117}, {"date": "2022-08-26-09-00-00", "latency": 54}, {"date": "2022-08-26-09-00-00", "latency": 54}, {"date": "2022-08-26-09-00-00", "latency": 78}]}, {"location": {"country_code": "gb"}, "game_id": "273486", "values": [{"date": "2022-08-27-02-00-00", "latency": 180}, {"date": "2022-08-27-02-00-00", "latency": 180}, {"date": "2022-08-27-02-00-00", "latency": 180}, {"date": "2022-08-27-02-00-00", "latency": 180}, {"date": "2022-08-27-02-00-00", "latency": 180}, {"date": "2022-08-27-02-00-00", "latency": 180}, {"date": "2022-08-27-02-00-00", "latency": 180}, {"date": "2022-08-27-02-00-00", "latency": 180}, {"date": "2022-08-27-02-00-00", "latency": 180}]}, {"location": {"country_code": "gb", "region": "England"}, "game_id": "273486", "values": [{"date": "2022-08-27-01-00-00", "latency": 39}, {"date": "2022-08-27-01-00-00", "latency": 39}, {"date": "2022-08-27-01-00-00", "latency": 39}, {"date": "2022-08-27-01-00-00", "latency": 39}, {"date": "2022-08-27-01-00-00", "latency": 39}, {"date": "2022-08-27-01-00-00", "latency": 39}, {"date": "2022-08-27-01-00-00", "latency": 39}, {"date": "2022-08-26-17-00-00", "latency": 82}]}, {"location": {"country_code": "gb", "region": "Wales", "city": "Swansea"}, "game_id": "273486", "values": [{"date": "2022-08-27-02-00-00", "latency": 82}, {"date": "2022-08-27-02-00-00", "latency": 82}, {"date": "2022-08-27-02-00-00", "latency": 82}]}, {"location": {"country_code": "sa", "region": "Eastern Province", "city": "Dhahran Compound"}, "game_id": "273486", "values": [{"date": "2022-08-26-22-00-00", "latency": 129}]}, {"location": {"country_code": "it"}, "game_id": "273486", "values": [{"date": "2022-08-26-15-00-00", "latency": 39}]}, {"location": {"country_code": "jp"}, "game_id": "273486", "values": [{"date": "2022-08-27-02-00-00", "latency": 35}, {"date": "2022-08-27-02-00-00", "latency": 35}, {"date": "2022-08-27-02-00-00", "latency": 35}, {"date": "2022-08-27-02-00-00", "latency": 35}, {"date": "2022-08-27-02-00-00", "latency": 35}, {"date": "2022-08-27-02-00-00", "latency": 35}, {"date": "2022-08-27-02-00-00", "latency": 35}, {"date": "2022-08-27-02-00-00", "latency": 35}, {"date": "2022-08-27-02-00-00", "latency": 35}, {"date": "2022-08-27-02-00-00", "latency": 35}, {"date": "2022-08-27-02-00-00", "latency": 35}]}, {"location": {"country_code": "ca"}, "game_id": "273486", "values": [{"date": "2022-08-26-16-00-00", "latency": 98}, {"date": "2022-08-27-01-00-00", "latency": 58}, {"date": "2022-08-27-01-00-00", "latency": 58}, {"date": "2022-08-27-01-00-00", "latency": 58}, {"date": "2022-08-27-01-00-00", "latency": 58}, {"date": "2022-08-26-10-00-00", "latency": 62}, {"date": "2022-08-26-10-00-00", "latency": 62}, {"date": "2022-08-26-10-00-00", "latency": 62}, {"date": "2022-08-26-10-00-00", "latency": 62}, {"date": "2022-08-26-10-00-00", "latency": 62}, {"date": "2022-08-26-03-00-00", "latency": 70}, {"date": "2022-08-26-10-00-00", "latency": 66}, {"date": "2022-08-26-10-00-00", "latency": 66}, {"date": "2022-08-26-10-00-00", "latency": 66}, {"date": "2022-08-26-10-00-00", "latency": 66}, {"date": "2022-08-26-10-00-00", "latency": 66}, {"date": "2022-08-26-10-00-00", "latency": 66}, {"date": "2022-08-26-10-00-00", "latency": 66}, {"date": "2022-08-26-10-00-00", "latency": 66}, {"date": "2022-08-26-10-00-00", "latency": 66}, {"date": "2022-08-26-10-00-00", "latency": 66}, {"date": "2022-08-26-10-00-00", "latency": 66}, {"date": "2022-08-26-10-00-00", "latency": 66}]}, {"location": {"country_code": "de"}, "game_id": "273486", "values": [{"date": "2022-08-26-19-00-00", "latency": 105}, {"date": "2022-08-26-21-00-00", "latency": 74}, {"date": "2022-08-26-21-00-00", "latency": 74}, {"date": "2022-08-26-21-00-00", "latency": 74}]}, {"location": {"country_code": "us", "region": "Texas"}, "game_id": "273486", "values": [{"date": "2022-08-26-04-00-00", "latency": 70}, {"date": "2022-08-26-02-00-00", "latency": 70}]}, {"location": {"country_code": "au", "region": "New South Wales", "city": "Sydney"}, "game_id": "273486", "values": [{"date": "2022-08-26-12-00-00", "latency": 258}]}, {"location": {"country_code": "us", "region": "Florida"}, "game_id": "273486", "values": [{"date": "2022-08-26-07-00-00", "latency": 78}, {"date": "2022-08-26-07-00-00", "latency": 78}, {"date": "2022-08-26-06-00-00", "latency": 66}]}, {"location": {"country_code": "fr"}, "game_id": "273486", "values": [{"date": "2022-08-26-15-00-00", "latency": 31}]}, {"location": {"country_code": "us", "region": "New Jersey"}, "game_id": "273486", "values": [{"date": "2022-08-26-03-00-00", "latency": 70}, {"date": "2022-08-26-03-00-00", "latency": 70}, {"date": "2022-08-26-03-00-00", "latency": 70}, {"date": "2022-08-26-03-00-00", "latency": 70}, {"date": "2022-08-26-05-00-00", "latency": 82}, {"date": "2022-08-26-05-00-00", "latency": 82}]}, {"location": {"country_code": "us", "region": "California"}, "game_id": "273486", "values": [{"date": "2022-08-26-06-00-00", "latency": 70}, {"date": "2022-08-26-06-00-00", "latency": 70}, {"date": "2022-08-26-06-00-00", "latency": 70}]}, {"location": {"country_code": "no"}, "game_id": "273486", "values": [{"date": "2022-08-26-03-00-00", "latency": 101}]}, {"location": {"country_code": "au"}, "game_id": "273486", "values": [{"date": "2022-08-26-13-00-00", "latency": 94}, {"date": "2022-08-26-13-00-00", "latency": 94}, {"date": "2022-08-26-13-00-00", "latency": 94}, {"date": "2022-08-26-14-00-00", "latency": 66}, {"date": "2022-08-26-14-00-00", "latency": 66}, {"date": "2022-08-26-14-00-00", "latency": 66}]}, {"location": {"country_code": "td"}, "game_id": "273486", "values": [{"date": "2022-08-26-10-00-00", "latency": 82}]}, {"location": {"country_code": "us", "region": "Texas", "city": "Austin"}, "game_id": "273486", "values": [{"date": "2022-08-26-07-00-00", "latency": 58}, {"date": "2022-08-26-07-00-00", "latency": 58}, {"date": "2022-08-26-07-00-00", "latency": 58}, {"date": "2022-08-26-07-00-00", "latency": 58}]}, {"location": {"country_code": "ca", "region": "Ontario", "city": "Hamilton"}, "game_id": "273486", "values": [{"date": "2022-08-27-01-00-00", "latency": 70}, {"date": "2022-08-27-01-00-00", "latency": 70}, {"date": "2022-08-27-01-00-00", "latency": 70}, {"date": "2022-08-27-01-00-00", "latency": 70}, {"date": "2022-08-27-01-00-00", "latency": 70}, {"date": "2022-08-27-01-00-00", "latency": 70}, {"date": "2022-08-27-01-00-00", "latency": 70}, {"date": "2022-08-27-01-00-00", "latency": 70}, {"date": "2022-08-27-01-00-00", "latency": 70}, {"date": "2022-08-27-01-00-00", "latency": 70}, {"date": "2022-08-27-01-00-00", "latency": 70}]}, {"location": {"country_code": "us", "region": "Pennsylvania", "city": "Philadelphia"}, "game_id": "273486", "values": [{"date": "2022-08-26-07-00-00", "latency": 47}, {"date": "2022-08-26-07-00-00", "latency": 47}]}, {"location": {"country_code": "sa"}, "game_id": "273486", "values": [{"date": "2022-08-26-19-00-00", "latency": 129}, {"date": "2022-08-26-19-00-00", "latency": 129}, {"date": "2022-08-27-02-00-00", "latency": 121}, {"date": "2022-08-27-02-00-00", "latency": 121}, {"date": "2022-08-27-02-00-00", "latency": 121}, {"date": "2022-08-27-02-00-00", "latency": 121}, {"date": "2022-08-27-01-00-00", "latency": 129}, {"date": "2022-08-27-01-00-00", "latency": 129}, {"date": "2022-08-27-01-00-00", "latency": 129}, {"date": "2022-08-27-01-00-00", "latency": 129}, {"date": "2022-08-27-01-00-00", "latency": 129}, {"date": "2022-08-27-01-00-00", "latency": 129}, {"date": "2022-08-26-05-00-00", "latency": 109}, {"date": "2022-08-26-05-00-00", "latency": 109}, {"date": "2022-08-26-05-00-00", "latency": 109}, {"date": "2022-08-27-01-00-00", "latency": 133}, {"date": "2022-08-27-01-00-00", "latency": 133}, {"date": "2022-08-26-06-00-00", "latency": 243}, {"date": "2022-08-26-06-00-00", "latency": 243}, {"date": "2022-08-26-08-00-00", "latency": 62}, {"date": "2022-08-26-08-00-00", "latency": 62}, {"date": "2022-08-26-08-00-00", "latency": 62}, {"date": "2022-08-27-00-00-00", "latency": 101}, {"date": "2022-08-27-00-00-00", "latency": 101}, {"date": "2022-08-27-00-00-00", "latency": 101}, {"date": "2022-08-27-00-00-00", "latency": 101}, {"date": "2022-08-27-00-00-00", "latency": 101}, {"date": "2022-08-27-00-00-00", "latency": 101}, {"date": "2022-08-26-15-00-00", "latency": 101}, {"date": "2022-08-26-15-00-00", "latency": 101}, {"date": "2022-08-26-15-00-00", "latency": 101}, {"date": "2022-08-26-15-00-00", "latency": 101}]}, {"location": {"country_code": "us", "region": "Michigan", "city": "Detroit"}, "game_id": "273486", "values": [{"date": "2022-08-26-03-00-00", "latency": 113}, {"date": "2022-08-26-03-00-00", "latency": 113}, {"date": "2022-08-26-03-00-00", "latency": 113}]}, {"location": {"country_code": "us", "region": "Massachusetts"}, "game_id": "273486", "values": [{"date": "2022-08-27-01-00-00", "latency": 105}]}, {"location": {"country_code": "us", "region": "Nevada", "city": "Las Vegas"}, "game_id": "273486", "values": [{"date": "2022-08-26-03-00-00", "latency": 70}, {"date": "2022-08-26-03-00-00", "latency": 70}]}, {"location": {"country_code": "us", "region": "Ohio", "city": "Cleveland"}, "game_id": "273486", "values": [{"date": "2022-08-26-04-00-00", "latency": 66}]}, {"location": {"country_code": "us", "region": "Texas", "city": "Houston"}, "game_id": "273486", "values": [{"date": "2022-08-26-07-00-00", "latency": 68}, {"date": "2022-08-26-05-00-00", "latency": 47}, {"date": "2022-08-26-05-00-00", "latency": 47}, {"date": "2022-08-26-05-00-00", "latency": 47}, {"date": "2022-08-26-20-00-00", "latency": 78}]}, {"location": {"country_code": "us", "region": "Alaska"}, "game_id": "273486", "values": [{"date": "2022-08-26-06-00-00", "latency": 113}]}, {"location": {"country_code": "us", "region": "South Carolina"}, "game_id": "273486", "values": [{"date": "2022-08-26-04-00-00", "latency": 66}]}, {"location": {"country_code": "us", "region": "Michigan"}, "game_id": "273486", "values": [{"date": "2022-08-26-20-00-00", "latency": 98}, {"date": "2022-08-26-20-00-00", "latency": 98}, {"date": "2022-08-26-20-00-00", "latency": 98}, {"date": "2022-08-26-20-00-00", "latency": 98}, {"date": "2022-08-26-10-00-00", "latency": 94}, {"date": "2022-08-26-10-00-00", "latency": 94}, {"date": "2022-08-26-10-00-00", "latency": 94}, {"date": "2022-08-26-10-00-00", "latency": 94}, {"date": "2022-08-26-10-00-00", "latency": 94}]}, {"location": {"country_code": "us", "region": "Illinois", "city": "Chicago"}, "game_id": "273486", "values": [{"date": "2022-08-26-08-00-00", "latency": 74}, {"date": "2022-08-26-08-00-00", "latency": 74}, {"date": "2022-08-26-08-00-00", "latency": 74}, {"date": "2022-08-26-08-00-00", "latency": 74}, {"date": "2022-08-26-07-00-00", "latency": 90}]}, {"location": {"country_code": "us", "region": "Arizona"}, "game_id": "273486", "values": [{"date": "2022-08-26-20-00-00", "latency": 70}]}, {"location": {"country_code": "gb", "region": "England", "city": "London"}, "game_id": "273486", "values": [{"date": "2022-08-27-00-00-00", "latency": 66}, {"date": "2022-08-27-00-00-00", "latency": 66}, {"date": "2022-08-27-00-00-00", "latency": 66}, {"date": "2022-08-27-00-00-00", "latency": 66}]}, {"location": {"country_code": "ie"}, "game_id": "273486", "values": [{"date": "2022-08-26-21-00-00", "latency": 98}, {"date": "2022-08-26-21-00-00", "latency": 98}]}, {"location": {"country_code": "us", "region": "Colorado"}, "game_id": "273486", "values": [{"date": "2022-08-26-06-00-00", "latency": 54}]}, {"location": {"country_code": "us", "region": "Minnesota"}, "game_id": "273486", "values": [{"date": "2022-08-26-07-00-00", "latency": 74}, {"date": "2022-08-26-07-00-00", "latency": 74}, {"date": "2022-08-26-07-00-00", "latency": 74}, {"date": "2022-08-26-07-00-00", "latency": 74}]}, {"location": {"country_code": "us", "region": "Massachusetts", "city": "Boston"}, "game_id": "273486", "values": [{"date": "2022-08-26-07-00-00", "latency": 43}, {"date": "2022-08-26-07-00-00", "latency": 43}, {"date": "2022-08-26-07-00-00", "latency": 43}, {"date": "2022-08-26-07-00-00", "latency": 43}, {"date": "2022-08-26-07-00-00", "latency": 43}, {"date": "2022-08-26-07-00-00", "latency": 43}, {"date": "2022-08-26-07-00-00", "latency": 43}, {"date": "2022-08-26-07-00-00", "latency": 43}, {"date": "2022-08-26-07-00-00", "latency": 43}, {"date": "2022-08-26-07-00-00", "latency": 43}]}, {"location": {"country_code": "us", "region": "West Virginia"}, "game_id": "273486", "values": [{"date": "2022-08-26-13-00-00", "latency": 62}, {"date": "2022-08-26-13-00-00", "latency": 62}, {"date": "2022-08-26-13-00-00", "latency": 62}, {"date": "2022-08-26-13-00-00", "latency": 62}, {"date": "2022-08-26-13-00-00", "latency": 62}, {"date": "2022-08-26-13-00-00", "latency": 62}, {"date": "2022-08-26-13-00-00", "latency": 62}, {"date": "2022-08-26-13-00-00", "latency": 62}, {"date": "2022-08-26-13-00-00", "latency": 62}, {"date": "2022-08-26-13-00-00", "latency": 62}, {"date": "2022-08-26-13-00-00", "latency": 62}, {"date": "2022-08-26-13-00-00", "latency": 62}, {"date": "2022-08-26-13-00-00", "latency": 62}]}, {"location": {"country_code": "kw"}, "game_id": "273486", "values": [{"date": "2022-08-26-06-00-00", "latency": 231}, {"date": "2022-08-26-06-00-00", "latency": 231}, {"date": "2022-08-26-06-00-00", "latency": 231}]}, {"location": {"country_code": "gb", "region": "England", "city": "Liverpool"}, "game_id": "273486", "values": [{"date": "2022-08-27-01-00-00", "latency": 105}]}, {"location": {"country_code": "us", "region": "Texas", "city": "Irving"}, "game_id": "273486", "values": [{"date": "2022-08-26-13-00-00", "latency": 133}, {"date": "2022-08-26-13-00-00", "latency": 133}]}, {"location": {"country_code": "us", "region": "Tennessee", "city": "Nashville"}, "game_id": "273486", "values": [{"date": "2022-08-26-21-00-00", "latency": 90}, {"date": "2022-08-26-21-00-00", "latency": 90}, {"date": "2022-08-26-21-00-00", "latency": 90}, {"date": "2022-08-26-21-00-00", "latency": 90}]}, {"location": {"country_code": "us", "region": "Oregon", "city": "Roseburg"}, "game_id": "273486", "values": [{"date": "2022-08-26-08-00-00", "latency": 94}, {"date": "2022-08-26-08-00-00", "latency": 94}]}, {"location": {"country_code": "us", "region": "Louisiana"}, "game_id": "273486", "values": [{"date": "2022-08-26-05-00-00", "latency": 50}, {"date": "2022-08-26-05-00-00", "latency": 50}, {"date": "2022-08-26-05-00-00", "latency": 50}, {"date": "2022-08-26-05-00-00", "latency": 50}]}, {"location": {"country_code": "sa", "region": "Riyadh Region", "city": "Wadi Ad Dawasir"}, "game_id": "273486", "values": [{"date": "2022-08-26-20-00-00", "latency": 121}, {"date": "2022-08-26-20-00-00", "latency": 121}, {"date": "2022-08-26-20-00-00", "latency": 121}, {"date": "2022-08-26-20-00-00", "latency": 121}, {"date": "2022-08-26-20-00-00", "latency": 121}, {"date": "2022-08-26-20-00-00", "latency": 121}, {"date": "2022-08-26-20-00-00", "latency": 121}, {"date": "2022-08-26-20-00-00", "latency": 121}, {"date": "2022-08-26-20-00-00", "latency": 121}]}, {"location": {"country_code": "us", "region": "Texas", "city": "Fort Worth"}, "game_id": "273486", "values": [{"date": "2022-08-26-06-00-00", "latency": 94}]}, {"location": {"country_code": "us", "region": "New York"}, "game_id": "273486", "values": [{"date": "2022-08-26-08-00-00", "latency": 35}]}, {"location": {"country_code": "us", "region": "Colorado", "city": "Colorado Springs"}, "game_id": "273486", "values": [{"date": "2022-08-26-09-00-00", "latency": 39}, {"date": "2022-08-26-09-00-00", "latency": 39}, {"date": "2022-08-26-09-00-00", "latency": 39}, {"date": "2022-08-26-09-00-00", "latency": 39}, {"date": "2022-08-26-09-00-00", "latency": 39}]}, {"location": {"country_code": "us", "region": "State of Wyoming", "city": "Cheyenne"}, "game_id": "273486", "values": [{"date": "2022-08-26-12-00-00", "latency": 82}]}, {"location": {"country_code": "bh"}, "game_id": "273486", "values": [{"date": "2022-08-26-23-00-00", "latency": 125}, {"date": "2022-08-26-23-00-00", "latency": 125}, {"date": "2022-08-26-23-00-00", "latency": 125}, {"date": "2022-08-26-23-00-00", "latency": 125}]}, {"location": {"country_code": "qa"}, "game_id": "273486", "values": [{"date": "2022-08-26-02-00-00", "latency": 141}, {"date": "2022-08-26-02-00-00", "latency": 141}]}, {"location": {"country_code": "nz", "region": "Wellington", "city": "Lower Hutt"}, "game_id": "273486", "values": [{"date": "2022-08-26-15-00-00", "latency": 172}, {"date": "2022-08-26-15-00-00", "latency": 172}, {"date": "2022-08-26-15-00-00", "latency": 172}, {"date": "2022-08-26-15-00-00", "latency": 172}, {"date": "2022-08-26-15-00-00", "latency": 172}, {"date": "2022-08-26-15-00-00", "latency": 172}]}, {"location": {"country_code": "to"}, "game_id": "273486", "values": [{"date": "2022-08-26-22-00-00", "latency": 66}]}, {"location": {"country_code": "us", "region": "Texas", "city": "Atascocita"}, "game_id": "273486", "values": [{"date": "2022-08-26-09-00-00", "latency": 66}]}, {"location": {"country_code": "us", "region": "Virginia", "city": "Suffolk"}, "game_id": "273486", "values": [{"date": "2022-08-26-04-00-00", "latency": 74}]}], "last_updated": 1719927586.421246}