{"data": [{"location": {"country_code": "us"}, "game_id": "273486", "values": [{"date": "2022-08-07-17-00-00", "latency": 121}, {"date": "2022-08-07-17-00-00", "latency": 121}, {"date": "2022-08-07-17-00-00", "latency": 121}, {"date": "2022-08-07-17-00-00", "latency": 121}, {"date": "2022-08-07-09-00-00", "latency": 43}, {"date": "2022-08-07-09-00-00", "latency": 43}, {"date": "2022-08-07-09-00-00", "latency": 43}, {"date": "2022-08-07-09-00-00", "latency": 43}, {"date": "2022-08-07-09-00-00", "latency": 43}, {"date": "2022-08-07-05-00-00", "latency": 62}, {"date": "2022-08-07-05-00-00", "latency": 62}, {"date": "2022-08-07-05-00-00", "latency": 62}, {"date": "2022-08-07-05-00-00", "latency": 62}, {"date": "2022-08-07-05-00-00", "latency": 62}, {"date": "2022-08-07-05-00-00", "latency": 62}, {"date": "2022-08-07-17-00-00", "latency": 94}, {"date": "2022-08-07-17-00-00", "latency": 94}, {"date": "2022-08-07-08-00-00", "latency": 70}, {"date": "2022-08-07-05-00-00", "latency": 66}, {"date": "2022-08-07-05-00-00", "latency": 66}, {"date": "2022-08-08-01-00-00", "latency": 129}, {"date": "2022-08-08-01-00-00", "latency": 129}, {"date": "2022-08-08-01-00-00", "latency": 129}, {"date": "2022-08-07-11-00-00", "latency": 82}, {"date": "2022-08-07-11-00-00", "latency": 82}, {"date": "2022-08-07-11-00-00", "latency": 82}, {"date": "2022-08-07-11-00-00", "latency": 82}, {"date": "2022-08-07-11-00-00", "latency": 82}, {"date": "2022-08-07-06-00-00", "latency": 172}, {"date": "2022-08-07-06-00-00", "latency": 172}, {"date": "2022-08-07-06-00-00", "latency": 172}, {"date": "2022-08-07-10-00-00", "latency": 90}, {"date": "2022-08-07-09-00-00", "latency": 70}, {"date": "2022-08-07-09-00-00", "latency": 70}, {"date": "2022-08-07-09-00-00", "latency": 70}, {"date": "2022-08-07-09-00-00", "latency": 62}, {"date": "2022-08-07-09-00-00", "latency": 62}, {"date": "2022-08-07-09-00-00", "latency": 62}, {"date": "2022-08-07-09-00-00", "latency": 62}, {"date": "2022-08-07-09-00-00", "latency": 62}, {"date": "2022-08-07-09-00-00", "latency": 62}, {"date": "2022-08-07-09-00-00", "latency": 62}, {"date": "2022-08-07-09-00-00", "latency": 62}, {"date": "2022-08-07-09-00-00", "latency": 62}, {"date": "2022-08-07-09-00-00", "latency": 62}, {"date": "2022-08-07-09-00-00", "latency": 62}, {"date": "2022-08-07-23-00-00", "latency": 39}]}, {"location": {"country_code": "us", "region": "New York", "city": "Jamestown"}, "game_id": "273486", "values": [{"date": "2022-08-07-02-00-00", "latency": 109}, {"date": "2022-08-07-21-00-00", "latency": 105}, {"date": "2022-08-07-21-00-00", "latency": 105}]}, {"location": {"country_code": "gb"}, "game_id": "273486", "values": [{"date": "2022-08-07-22-00-00", "latency": 43}, {"date": "2022-08-07-22-00-00", "latency": 43}, {"date": "2022-08-07-22-00-00", "latency": 43}, {"date": "2022-08-07-05-00-00", "latency": 117}, {"date": "2022-08-07-05-00-00", "latency": 117}, {"date": "2022-08-07-05-00-00", "latency": 117}, {"date": "2022-08-07-05-00-00", "latency": 117}, {"date": "2022-08-07-05-00-00", "latency": 117}]}, {"location": {"country_code": "jp"}, "game_id": "273486", "values": [{"date": "2022-08-07-05-00-00", "latency": 156}, {"date": "2022-08-07-05-00-00", "latency": 156}, {"date": "2022-08-07-05-00-00", "latency": 156}, {"date": "2022-08-07-05-00-00", "latency": 156}]}, {"location": {"country_code": "ca"}, "game_id": "273486", "values": [{"date": "2022-08-08-01-00-00", "latency": 94}, {"date": "2022-08-08-01-00-00", "latency": 94}, {"date": "2022-08-07-07-00-00", "latency": 74}, {"date": "2022-08-07-07-00-00", "latency": 74}, {"date": "2022-08-07-13-00-00", "latency": 78}, {"date": "2022-08-07-06-00-00", "latency": 152}]}, {"location": {"country_code": "de"}, "game_id": "273486", "values": [{"date": "2022-08-07-23-00-00", "latency": 105}, {"date": "2022-08-07-23-00-00", "latency": 105}]}, {"location": {"country_code": "us", "region": "South Carolina", "city": "Sumter"}, "game_id": "273486", "values": [{"date": "2022-08-08-01-00-00", "latency": 125}, {"date": "2022-08-08-01-00-00", "latency": 125}]}, {"location": {"country_code": "us", "region": "Indiana"}, "game_id": "273486", "values": [{"date": "2022-08-07-07-00-00", "latency": 50}, {"date": "2022-08-07-07-00-00", "latency": 50}, {"date": "2022-08-07-07-00-00", "latency": 50}, {"date": "2022-08-07-07-00-00", "latency": 50}, {"date": "2022-08-07-07-00-00", "latency": 50}, {"date": "2022-08-07-07-00-00", "latency": 50}, {"date": "2022-08-07-07-00-00", "latency": 50}, {"date": "2022-08-07-07-00-00", "latency": 50}, {"date": "2022-08-07-07-00-00", "latency": 50}, {"date": "2022-08-07-07-00-00", "latency": 50}, {"date": "2022-08-07-07-00-00", "latency": 50}, {"date": "2022-08-07-07-00-00", "latency": 50}, {"date": "2022-08-07-07-00-00", "latency": 50}]}, {"location": {"country_code": "gb", "region": "England"}, "game_id": "273486", "values": [{"date": "2022-08-07-18-00-00", "latency": 66}, {"date": "2022-08-07-18-00-00", "latency": 66}, {"date": "2022-08-07-18-00-00", "latency": 66}, {"date": "2022-08-07-03-00-00", "latency": 172}]}, {"location": {"country_code": "cl"}, "game_id": "273486", "values": [{"date": "2022-08-08-01-00-00", "latency": 74}, {"date": "2022-08-08-01-00-00", "latency": 74}, {"date": "2022-08-08-01-00-00", "latency": 74}, {"date": "2022-08-08-01-00-00", "latency": 74}, {"date": "2022-08-08-01-00-00", "latency": 74}, {"date": "2022-08-08-01-00-00", "latency": 74}, {"date": "2022-08-08-01-00-00", "latency": 74}, {"date": "2022-08-08-01-00-00", "latency": 74}]}, {"location": {"country_code": "us", "region": "Texas"}, "game_id": "273486", "values": [{"date": "2022-08-07-18-00-00", "latency": 58}, {"date": "2022-08-07-18-00-00", "latency": 58}, {"date": "2022-08-07-18-00-00", "latency": 58}, {"date": "2022-08-07-18-00-00", "latency": 58}, {"date": "2022-08-07-18-00-00", "latency": 58}, {"date": "2022-08-08-02-00-00", "latency": 82}, {"date": "2022-08-08-02-00-00", "latency": 82}, {"date": "2022-08-08-02-00-00", "latency": 54}, {"date": "2022-08-08-02-00-00", "latency": 54}, {"date": "2022-08-08-02-00-00", "latency": 54}, {"date": "2022-08-08-02-00-00", "latency": 54}]}, {"location": {"country_code": "au", "region": "New South Wales", "city": "Sydney"}, "game_id": "273486", "values": [{"date": "2022-08-07-11-00-00", "latency": 207}, {"date": "2022-08-07-11-00-00", "latency": 207}, {"date": "2022-08-07-11-00-00", "latency": 207}, {"date": "2022-08-07-14-00-00", "latency": 39}, {"date": "2022-08-07-14-00-00", "latency": 39}, {"date": "2022-08-07-14-00-00", "latency": 39}, {"date": "2022-08-07-14-00-00", "latency": 39}, {"date": "2022-08-07-14-00-00", "latency": 39}, {"date": "2022-08-07-14-00-00", "latency": 39}, {"date": "2022-08-07-14-00-00", "latency": 39}]}, {"location": {"country_code": "us", "region": "Florida"}, "game_id": "273486", "values": [{"date": "2022-08-08-02-00-00", "latency": 74}, {"date": "2022-08-08-02-00-00", "latency": 74}, {"date": "2022-08-08-02-00-00", "latency": 74}, {"date": "2022-08-08-02-00-00", "latency": 74}]}, {"location": {"country_code": "mx"}, "game_id": "273486", "values": [{"date": "2022-08-07-09-00-00", "latency": 101}, {"date": "2022-08-07-09-00-00", "latency": 101}, {"date": "2022-08-07-09-00-00", "latency": 101}, {"date": "2022-08-07-09-00-00", "latency": 101}, {"date": "2022-08-07-09-00-00", "latency": 101}]}, {"location": {"country_code": "us", "region": "Ohio"}, "game_id": "273486", "values": [{"date": "2022-08-07-06-00-00", "latency": 54}, {"date": "2022-08-07-06-00-00", "latency": 54}, {"date": "2022-08-07-06-00-00", "latency": 54}, {"date": "2022-08-07-06-00-00", "latency": 54}, {"date": "2022-08-07-06-00-00", "latency": 54}, {"date": "2022-08-07-06-00-00", "latency": 54}]}, {"location": {"country_code": "us", "region": "California"}, "game_id": "273486", "values": [{"date": "2022-08-07-09-00-00", "latency": 82}, {"date": "2022-08-07-09-00-00", "latency": 82}, {"date": "2022-08-07-09-00-00", "latency": 82}]}, {"location": {"country_code": "br", "region": "Sao Paulo", "city": "Apiai"}, "game_id": "273486", "values": [{"date": "2022-08-07-03-00-00", "latency": 39}]}, {"location": {"country_code": "us", "region": "California", "city": "East Los Angeles"}, "game_id": "273486", "values": [{"date": "2022-08-07-08-00-00", "latency": 38}, {"date": "2022-08-07-08-00-00", "latency": 38}, {"date": "2022-08-07-08-00-00", "latency": 38}, {"date": "2022-08-07-08-00-00", "latency": 38}, {"date": "2022-08-07-08-00-00", "latency": 38}, {"date": "2022-08-07-08-00-00", "latency": 38}, {"date": "2022-08-07-08-00-00", "latency": 38}, {"date": "2022-08-07-08-00-00", "latency": 38}, {"date": "2022-08-07-08-00-00", "latency": 38}, {"date": "2022-08-07-08-00-00", "latency": 38}, {"date": "2022-08-07-08-00-00", "latency": 38}, {"date": "2022-08-07-08-00-00", "latency": 38}, {"date": "2022-08-07-08-00-00", "latency": 38}, {"date": "2022-08-07-08-00-00", "latency": 38}, {"date": "2022-08-07-08-00-00", "latency": 38}, {"date": "2022-08-07-08-00-00", "latency": 38}, {"date": "2022-08-07-08-00-00", "latency": 38}, {"date": "2022-08-07-08-00-00", "latency": 38}, {"date": "2022-08-07-08-00-00", "latency": 38}]}, {"location": {"country_code": "au"}, "game_id": "273486", "values": [{"date": "2022-08-07-14-00-00", "latency": 172}, {"date": "2022-08-07-14-00-00", "latency": 172}, {"date": "2022-08-07-16-00-00", "latency": 62}, {"date": "2022-08-07-16-00-00", "latency": 62}, {"date": "2022-08-07-16-00-00", "latency": 62}, {"date": "2022-08-07-16-00-00", "latency": 62}, {"date": "2022-08-07-16-00-00", "latency": 62}, {"date": "2022-08-07-16-00-00", "latency": 62}, {"date": "2022-08-07-16-00-00", "latency": 62}, {"date": "2022-08-07-16-00-00", "latency": 62}, {"date": "2022-08-07-16-00-00", "latency": 62}, {"date": "2022-08-07-16-00-00", "latency": 62}, {"date": "2022-08-07-16-00-00", "latency": 62}, {"date": "2022-08-07-16-00-00", "latency": 62}, {"date": "2022-08-07-16-00-00", "latency": 62}, {"date": "2022-08-07-16-00-00", "latency": 62}, {"date": "2022-08-07-16-00-00", "latency": 62}, {"date": "2022-08-07-16-00-00", "latency": 62}, {"date": "2022-08-07-16-00-00", "latency": 62}, {"date": "2022-08-07-16-00-00", "latency": 62}, {"date": "2022-08-07-16-00-00", "latency": 82}, {"date": "2022-08-07-16-00-00", "latency": 82}, {"date": "2022-08-07-16-00-00", "latency": 82}, {"date": "2022-08-07-16-00-00", "latency": 82}, {"date": "2022-08-07-09-00-00", "latency": 109}, {"date": "2022-08-07-09-00-00", "latency": 109}, {"date": "2022-08-07-09-00-00", "latency": 109}]}, {"location": {"country_code": "ca", "region": "Ontario"}, "game_id": "273486", "values": [{"date": "2022-08-07-07-00-00", "latency": 62}, {"date": "2022-08-07-07-00-00", "latency": 62}]}, {"location": {"country_code": "sa"}, "game_id": "273486", "values": [{"date": "2022-08-07-20-00-00", "latency": 129}, {"date": "2022-08-07-20-00-00", "latency": 129}, {"date": "2022-08-07-20-00-00", "latency": 129}, {"date": "2022-08-07-20-00-00", "latency": 129}, {"date": "2022-08-07-20-00-00", "latency": 129}, {"date": "2022-08-07-08-00-00", "latency": 137}, {"date": "2022-08-07-08-00-00", "latency": 137}, {"date": "2022-08-07-08-00-00", "latency": 137}, {"date": "2022-08-07-05-00-00", "latency": 137}, {"date": "2022-08-07-05-00-00", "latency": 137}, {"date": "2022-08-07-05-00-00", "latency": 137}, {"date": "2022-08-07-07-00-00", "latency": 105}, {"date": "2022-08-07-07-00-00", "latency": 105}, {"date": "2022-08-07-16-00-00", "latency": 180}, {"date": "2022-08-07-16-00-00", "latency": 180}, {"date": "2022-08-07-16-00-00", "latency": 180}, {"date": "2022-08-07-16-00-00", "latency": 180}, {"date": "2022-08-07-16-00-00", "latency": 180}, {"date": "2022-08-07-16-00-00", "latency": 180}, {"date": "2022-08-07-16-00-00", "latency": 180}, {"date": "2022-08-07-16-00-00", "latency": 180}, {"date": "2022-08-07-16-00-00", "latency": 180}, {"date": "2022-08-07-16-00-00", "latency": 180}, {"date": "2022-08-07-16-00-00", "latency": 180}, {"date": "2022-08-07-16-00-00", "latency": 180}, {"date": "2022-08-07-16-00-00", "latency": 180}, {"date": "2022-08-07-14-00-00", "latency": 117}, {"date": "2022-08-07-14-00-00", "latency": 117}, {"date": "2022-08-08-01-00-00", "latency": 129}, {"date": "2022-08-08-01-00-00", "latency": 129}, {"date": "2022-08-07-14-00-00", "latency": 290}, {"date": "2022-08-07-14-00-00", "latency": 290}, {"date": "2022-08-07-10-00-00", "latency": 137}, {"date": "2022-08-07-10-00-00", "latency": 137}, {"date": "2022-08-07-16-00-00", "latency": 121}, {"date": "2022-08-07-21-00-00", "latency": 117}, {"date": "2022-08-07-21-00-00", "latency": 117}, {"date": "2022-08-07-21-00-00", "latency": 117}]}, {"location": {"country_code": "ar", "region": "Buenos Aires F.D.", "city": "Bahia Blanca"}, "game_id": "273486", "values": [{"date": "2022-08-07-07-00-00", "latency": 145}, {"date": "2022-08-07-07-00-00", "latency": 145}]}, {"location": {"country_code": "ca", "region": "Alberta"}, "game_id": "273486", "values": [{"date": "2022-08-07-06-00-00", "latency": 58}, {"date": "2022-08-07-06-00-00", "latency": 58}, {"date": "2022-08-07-06-00-00", "latency": 58}, {"date": "2022-08-07-06-00-00", "latency": 58}]}, {"location": {"country_code": "us", "region": "Missouri"}, "game_id": "273486", "values": [{"date": "2022-08-07-06-00-00", "latency": 73}]}, {"location": {"country_code": "us", "region": "Ohio", "city": "Cleveland"}, "game_id": "273486", "values": [{"date": "2022-08-07-07-00-00", "latency": 62}, {"date": "2022-08-07-07-00-00", "latency": 62}, {"date": "2022-08-07-07-00-00", "latency": 62}, {"date": "2022-08-07-07-00-00", "latency": 62}, {"date": "2022-08-07-07-00-00", "latency": 62}, {"date": "2022-08-07-07-00-00", "latency": 62}, {"date": "2022-08-07-07-00-00", "latency": 62}, {"date": "2022-08-07-07-00-00", "latency": 62}, {"date": "2022-08-07-07-00-00", "latency": 62}, {"date": "2022-08-07-07-00-00", "latency": 62}]}, {"location": {"country_code": "us", "region": "Texas", "city": "Houston"}, "game_id": "273486", "values": [{"date": "2022-08-07-03-00-00", "latency": 74}, {"date": "2022-08-08-01-00-00", "latency": 43}]}, {"location": {"country_code": "us", "region": "South Carolina"}, "game_id": "273486", "values": [{"date": "2022-08-07-04-00-00", "latency": 101}]}, {"location": {"country_code": "us", "region": "Illinois", "city": "Chicago"}, "game_id": "273486", "values": [{"date": "2022-08-07-20-00-00", "latency": 101}]}, {"location": {"country_code": "de", "region": "Bavaria"}, "game_id": "273486", "values": [{"date": "2022-08-07-16-00-00", "latency": 184}, {"date": "2022-08-07-16-00-00", "latency": 184}, {"date": "2022-08-07-16-00-00", "latency": 184}, {"date": "2022-08-07-16-00-00", "latency": 184}, {"date": "2022-08-07-16-00-00", "latency": 184}, {"date": "2022-08-07-16-00-00", "latency": 184}, {"date": "2022-08-07-16-00-00", "latency": 184}]}, {"location": {"country_code": "us", "region": "North Carolina"}, "game_id": "273486", "values": [{"date": "2022-08-07-21-00-00", "latency": 62}, {"date": "2022-08-07-21-00-00", "latency": 62}, {"date": "2022-08-07-21-00-00", "latency": 62}, {"date": "2022-08-07-21-00-00", "latency": 62}, {"date": "2022-08-07-21-00-00", "latency": 62}]}, {"location": {"country_code": "pe"}, "game_id": "273486", "values": [{"date": "2022-08-07-05-00-00", "latency": 117}]}, {"location": {"country_code": "us", "region": "District of Columbia", "city": "Washington"}, "game_id": "273486", "values": [{"date": "2022-08-07-02-00-00", "latency": 86}, {"date": "2022-08-07-02-00-00", "latency": 86}]}, {"location": {"country_code": "ca", "region": "Ontario", "city": "Toronto"}, "game_id": "273486", "values": [{"date": "2022-08-07-18-00-00", "latency": 54}, {"date": "2022-08-07-18-00-00", "latency": 54}]}, {"location": {"country_code": "do"}, "game_id": "273486", "values": [{"date": "2022-08-08-00-00-00", "latency": 101}]}, {"location": {"country_code": "us", "region": "Illinois"}, "game_id": "273486", "values": [{"date": "2022-08-07-11-00-00", "latency": 67}, {"date": "2022-08-07-11-00-00", "latency": 67}, {"date": "2022-08-07-11-00-00", "latency": 67}, {"date": "2022-08-07-11-00-00", "latency": 67}, {"date": "2022-08-07-11-00-00", "latency": 67}]}, {"location": {"country_code": "us", "region": "Wisconsin"}, "game_id": "273486", "values": [{"date": "2022-08-08-02-00-00", "latency": 86}]}, {"location": {"country_code": "us", "region": "Wisconsin", "city": "Green Bay"}, "game_id": "273486", "values": [{"date": "2022-08-07-05-00-00", "latency": 88}, {"date": "2022-08-07-05-00-00", "latency": 88}, {"date": "2022-08-07-05-00-00", "latency": 88}, {"date": "2022-08-07-05-00-00", "latency": 88}, {"date": "2022-08-07-05-00-00", "latency": 88}]}, {"location": {"country_code": "us", "region": "Minnesota"}, "game_id": "273486", "values": [{"date": "2022-08-07-15-00-00", "latency": 70}, {"date": "2022-08-07-15-00-00", "latency": 70}, {"date": "2022-08-07-15-00-00", "latency": 70}]}, {"location": {"country_code": "us", "region": "Tennessee"}, "game_id": "273486", "values": [{"date": "2022-08-07-22-00-00", "latency": 137}, {"date": "2022-08-07-22-00-00", "latency": 137}, {"date": "2022-08-07-22-00-00", "latency": 137}]}, {"location": {"country_code": "us", "region": "Massachusetts", "city": "Boston"}, "game_id": "273486", "values": [{"date": "2022-08-07-08-00-00", "latency": 54}, {"date": "2022-08-07-08-00-00", "latency": 54}, {"date": "2022-08-07-14-00-00", "latency": 74}, {"date": "2022-08-07-14-00-00", "latency": 74}, {"date": "2022-08-07-14-00-00", "latency": 74}]}, {"location": {"country_code": "us", "region": "Texas", "city": "Irving"}, "game_id": "273486", "values": [{"date": "2022-08-07-19-00-00", "latency": 125}, {"date": "2022-08-07-19-00-00", "latency": 125}, {"date": "2022-08-07-19-00-00", "latency": 125}, {"date": "2022-08-07-06-00-00", "latency": 62}, {"date": "2022-08-07-06-00-00", "latency": 62}]}, {"location": {"country_code": "dj"}, "game_id": "273486", "values": [{"date": "2022-08-07-09-00-00", "latency": 62}, {"date": "2022-08-07-09-00-00", "latency": 62}, {"date": "2022-08-07-09-00-00", "latency": 62}, {"date": "2022-08-07-09-00-00", "latency": 62}, {"date": "2022-08-07-09-00-00", "latency": 62}, {"date": "2022-08-07-09-00-00", "latency": 62}, {"date": "2022-08-07-09-00-00", "latency": 62}, {"date": "2022-08-07-09-00-00", "latency": 62}, {"date": "2022-08-07-09-00-00", "latency": 62}, {"date": "2022-08-07-09-00-00", "latency": 62}, {"date": "2022-08-07-09-00-00", "latency": 62}, {"date": "2022-08-07-09-00-00", "latency": 62}, {"date": "2022-08-07-09-00-00", "latency": 62}, {"date": "2022-08-07-09-00-00", "latency": 62}, {"date": "2022-08-07-09-00-00", "latency": 62}, {"date": "2022-08-07-09-00-00", "latency": 62}, {"date": "2022-08-07-09-00-00", "latency": 62}, {"date": "2022-08-07-09-00-00", "latency": 62}, {"date": "2022-08-07-09-00-00", "latency": 62}]}, {"location": {"country_code": "gb", "region": "England", "city": "Brighton"}, "game_id": "273486", "values": [{"date": "2022-08-07-17-00-00", "latency": 51}]}, {"location": {"country_code": "us", "region": "Louisiana"}, "game_id": "273486", "values": [{"date": "2022-08-07-21-00-00", "latency": 137}, {"date": "2022-08-07-21-00-00", "latency": 137}, {"date": "2022-08-07-21-00-00", "latency": 137}]}, {"location": {"country_code": "us", "region": "Texas", "city": "San Antonio"}, "game_id": "273486", "values": [{"date": "2022-08-07-02-00-00", "latency": 58}]}, {"location": {"country_code": "sa", "region": "Riyadh Region", "city": "Wadi Ad Dawasir"}, "game_id": "273486", "values": [{"date": "2022-08-07-14-00-00", "latency": 129}, {"date": "2022-08-07-14-00-00", "latency": 129}, {"date": "2022-08-08-01-00-00", "latency": 227}, {"date": "2022-08-08-01-00-00", "latency": 227}, {"date": "2022-08-08-01-00-00", "latency": 94}, {"date": "2022-08-08-01-00-00", "latency": 94}, {"date": "2022-08-08-01-00-00", "latency": 94}, {"date": "2022-08-08-01-00-00", "latency": 94}, {"date": "2022-08-08-01-00-00", "latency": 94}, {"date": "2022-08-07-19-00-00", "latency": 121}, {"date": "2022-08-07-19-00-00", "latency": 121}, {"date": "2022-08-07-19-00-00", "latency": 121}, {"date": "2022-08-07-19-00-00", "latency": 121}, {"date": "2022-08-07-06-00-00", "latency": 105}, {"date": "2022-08-07-06-00-00", "latency": 105}, {"date": "2022-08-07-06-00-00", "latency": 105}, {"date": "2022-08-07-06-00-00", "latency": 105}, {"date": "2022-08-07-06-00-00", "latency": 105}, {"date": "2022-08-07-06-00-00", "latency": 105}, {"date": "2022-08-07-06-00-00", "latency": 105}, {"date": "2022-08-07-06-00-00", "latency": 105}, {"date": "2022-08-07-06-00-00", "latency": 105}, {"date": "2022-08-07-06-00-00", "latency": 105}]}, {"location": {"country_code": "us", "region": "Texas", "city": "Fort Worth"}, "game_id": "273486", "values": [{"date": "2022-08-07-06-00-00", "latency": 98}, {"date": "2022-08-07-06-00-00", "latency": 98}]}, {"location": {"country_code": "us", "region": "New York"}, "game_id": "273486", "values": [{"date": "2022-08-07-07-00-00", "latency": 39}, {"date": "2022-08-07-07-00-00", "latency": 39}, {"date": "2022-08-07-07-00-00", "latency": 39}, {"date": "2022-08-07-07-00-00", "latency": 39}, {"date": "2022-08-07-07-00-00", "latency": 39}, {"date": "2022-08-07-07-00-00", "latency": 39}, {"date": "2022-08-07-07-00-00", "latency": 39}]}, {"location": {"country_code": "sa", "region": "Mecca Region", "city": "Jeddah"}, "game_id": "273486", "values": [{"date": "2022-08-07-15-00-00", "latency": 137}, {"date": "2022-08-07-15-00-00", "latency": 137}]}, {"location": {"country_code": "gb", "region": "Scotland", "city": "Edinburgh"}, "game_id": "273486", "values": [{"date": "2022-08-08-00-00-00", "latency": 158}, {"date": "2022-08-08-00-00-00", "latency": 158}, {"date": "2022-08-08-00-00-00", "latency": 158}]}, {"location": {"country_code": "us", "region": "State of Wyoming", "city": "Cheyenne"}, "game_id": "273486", "values": [{"date": "2022-08-07-09-00-00", "latency": 105}]}, {"location": {"country_code": "us", "region": "Guam", "city": "Dededo"}, "game_id": "273486", "values": [{"date": "2022-08-07-03-00-00", "latency": 70}, {"date": "2022-08-07-03-00-00", "latency": 70}]}, {"location": {"country_code": "us", "region": "New York", "city": "Roslyn Heights"}, "game_id": "273486", "values": [{"date": "2022-08-07-15-00-00", "latency": 54}, {"date": "2022-08-07-15-00-00", "latency": 54}, {"date": "2022-08-07-15-00-00", "latency": 54}, {"date": "2022-08-07-15-00-00", "latency": 54}, {"date": "2022-08-07-15-00-00", "latency": 54}, {"date": "2022-08-07-15-00-00", "latency": 54}, {"date": "2022-08-07-15-00-00", "latency": 54}, {"date": "2022-08-07-15-00-00", "latency": 54}, {"date": "2022-08-07-15-00-00", "latency": 54}, {"date": "2022-08-07-15-00-00", "latency": 54}, {"date": "2022-08-07-15-00-00", "latency": 54}, {"date": "2022-08-07-15-00-00", "latency": 54}]}, {"location": {"country_code": "nl", "region": "South Holland", "city": "The Hague"}, "game_id": "273486", "values": [{"date": "2022-08-07-03-00-00", "latency": 90}, {"date": "2022-08-07-03-00-00", "latency": 90}, {"date": "2022-08-07-03-00-00", "latency": 90}, {"date": "2022-08-07-03-00-00", "latency": 90}]}, {"location": {"country_code": "us", "region": "California", "city": "Redding"}, "game_id": "273486", "values": [{"date": "2022-08-07-03-00-00", "latency": 302}]}, {"location": {"country_code": "nz", "region": "Wellington", "city": "Lower Hutt"}, "game_id": "273486", "values": [{"date": "2022-08-07-09-00-00", "latency": 149}, {"date": "2022-08-07-09-00-00", "latency": 149}]}, {"location": {"country_code": "us", "region": "Kentucky", "city": "Bowling Green"}, "game_id": "273486", "values": [{"date": "2022-08-07-05-00-00", "latency": 74}]}, {"location": {"country_code": "us", "region": "California", "city": "Santa Clarita"}, "game_id": "273486", "values": [{"date": "2022-08-07-04-00-00", "latency": 86}]}, {"location": {"country_code": "us", "region": "Ohio", "city": "Canton"}, "game_id": "273486", "values": [{"date": "2022-08-07-04-00-00", "latency": 70}, {"date": "2022-08-07-04-00-00", "latency": 70}, {"date": "2022-08-07-04-00-00", "latency": 70}, {"date": "2022-08-07-04-00-00", "latency": 70}, {"date": "2022-08-07-04-00-00", "latency": 70}, {"date": "2022-08-07-04-00-00", "latency": 70}, {"date": "2022-08-07-04-00-00", "latency": 70}]}, {"location": {"country_code": "us", "region": "Ohio", "city": "Pataskala"}, "game_id": "273486", "values": [{"date": "2022-08-07-22-00-00", "latency": 105}, {"date": "2022-08-07-22-00-00", "latency": 105}]}, {"location": {"country_code": "us", "region": "Virginia", "city": "Martinsville"}, "game_id": "273486", "values": [{"date": "2022-08-07-15-00-00", "latency": 137}]}], "last_updated": 1719927586.974637}