{"data": [{"location": {"country_code": "us", "region": "New York", "city": "Jamestown"}, "game_id": "314852", "values": [{"date": "2023-07-29-11-00-00", "latency": 139}]}, {"location": {"country_code": "it"}, "game_id": "314852", "values": [{"date": "2023-07-29-23-00-00", "latency": 280}, {"date": "2023-07-29-23-00-00", "latency": 280}]}, {"location": {"country_code": "de"}, "game_id": "314852", "values": [{"date": "2023-07-29-22-00-00", "latency": 51}, {"date": "2023-07-29-17-00-00", "latency": 41}]}, {"location": {"country_code": "us", "region": "New Jersey"}, "game_id": "314852", "values": [{"date": "2023-07-29-23-00-00", "latency": 250}]}, {"location": {"country_code": "au"}, "game_id": "314852", "values": [{"date": "2023-07-29-09-00-00", "latency": 253}]}, {"location": {"country_code": "tr"}, "game_id": "314852", "values": [{"date": "2023-07-29-23-00-00", "latency": 170}, {"date": "2023-07-29-23-00-00", "latency": 170}]}, {"location": {"country_code": "us", "region": "Minnesota", "city": "Minneapolis"}, "game_id": "314852", "values": [{"date": "2023-07-29-18-00-00", "latency": 61}]}, {"location": {"country_code": "br", "region": "Espirito Santo", "city": "Guarapari"}, "game_id": "314852", "values": [{"date": "2023-07-29-05-00-00", "latency": 130}]}, {"location": {"country_code": "pt", "region": "Northern Mariana Islands", "city": "Porto"}, "game_id": "314852", "values": [{"date": "2023-07-29-09-00-00", "latency": 62}]}, {"location": {"country_code": "ru", "region": "Vladimir Oblast", "city": "Vladimir"}, "game_id": "314852", "values": [{"date": "2023-07-29-10-00-00", "latency": 175}, {"date": "2023-07-29-10-00-00", "latency": 175}, {"date": "2023-07-29-10-00-00", "latency": 175}, {"date": "2023-07-29-10-00-00", "latency": 175}]}, {"location": {"country_code": "us", "region": "New Jersey", "city": "West Orange"}, "game_id": "314852", "values": [{"date": "2023-07-29-16-00-00", "latency": 330}]}, {"location": {"country_code": "fr", "region": "Centre-Val de Loire", "city": "Villedieu-sur-Indre"}, "game_id": "314852", "values": [{"date": "2023-07-30-01-00-00", "latency": 296}]}, {"location": {"country_code": "es", "region": "Catalonia", "city": "Sant Celoni"}, "game_id": "314852", "values": [{"date": "2023-07-30-02-00-00", "latency": 67}]}], "last_updated": 1719927451.438889}