{"data": [{"location": {"country_code": "us"}, "game_id": "273486", "values": [{"date": "2023-11-04-06-00-00", "latency": 40}, {"date": "2023-11-04-06-00-00", "latency": 40}, {"date": "2023-11-04-06-00-00", "latency": 40}, {"date": "2023-11-04-06-00-00", "latency": 40}, {"date": "2023-11-04-06-00-00", "latency": 40}, {"date": "2023-11-04-06-00-00", "latency": 40}, {"date": "2023-11-04-06-00-00", "latency": 40}, {"date": "2023-11-04-06-00-00", "latency": 40}]}, {"location": {"country_code": "us", "region": "New York", "city": "Jamestown"}, "game_id": "273486", "values": [{"date": "2023-11-05-01-00-00", "latency": 10}, {"date": "2023-11-05-01-00-00", "latency": 10}, {"date": "2023-11-05-01-00-00", "latency": 10}, {"date": "2023-11-05-01-00-00", "latency": 10}]}, {"location": {"country_code": "gb", "region": "England"}, "game_id": "273486", "values": [{"date": "2023-11-04-13-00-00", "latency": 27}, {"date": "2023-11-04-13-00-00", "latency": 27}]}, {"location": {"country_code": "us", "region": "Texas"}, "game_id": "273486", "values": [{"date": "2023-11-05-01-00-00", "latency": 23}, {"date": "2023-11-05-01-00-00", "latency": 23}, {"date": "2023-11-05-01-00-00", "latency": 23}, {"date": "2023-11-05-01-00-00", "latency": 23}, {"date": "2023-11-05-01-00-00", "latency": 23}, {"date": "2023-11-05-01-00-00", "latency": 23}, {"date": "2023-11-05-01-00-00", "latency": 23}, {"date": "2023-11-05-01-00-00", "latency": 23}, {"date": "2023-11-05-01-00-00", "latency": 23}, {"date": "2023-11-05-01-00-00", "latency": 23}, {"date": "2023-11-05-01-00-00", "latency": 23}, {"date": "2023-11-05-01-00-00", "latency": 23}]}, {"location": {"country_code": "au", "region": "New South Wales", "city": "Sydney"}, "game_id": "273486", "values": [{"date": "2023-11-04-09-00-00", "latency": 20}, {"date": "2023-11-04-09-00-00", "latency": 20}, {"date": "2023-11-04-09-00-00", "latency": 20}, {"date": "2023-11-04-09-00-00", "latency": 20}, {"date": "2023-11-04-09-00-00", "latency": 20}, {"date": "2023-11-04-09-00-00", "latency": 20}, {"date": "2023-11-04-09-00-00", "latency": 20}, {"date": "2023-11-04-09-00-00", "latency": 20}, {"date": "2023-11-04-09-00-00", "latency": 20}, {"date": "2023-11-04-09-00-00", "latency": 20}, {"date": "2023-11-04-09-00-00", "latency": 20}, {"date": "2023-11-04-09-00-00", "latency": 20}, {"date": "2023-11-04-09-00-00", "latency": 20}, {"date": "2023-11-04-09-00-00", "latency": 20}, {"date": "2023-11-04-09-00-00", "latency": 20}, {"date": "2023-11-04-09-00-00", "latency": 20}, {"date": "2023-11-04-09-00-00", "latency": 20}, {"date": "2023-11-04-09-00-00", "latency": 20}, {"date": "2023-11-04-09-00-00", "latency": 20}, {"date": "2023-11-04-09-00-00", "latency": 20}, {"date": "2023-11-04-09-00-00", "latency": 20}, {"date": "2023-11-04-09-00-00", "latency": 20}]}, {"location": {"country_code": "us", "region": "California"}, "game_id": "273486", "values": [{"date": "2023-11-04-07-00-00", "latency": 996}, {"date": "2023-11-04-07-00-00", "latency": 996}, {"date": "2023-11-04-07-00-00", "latency": 996}, {"date": "2023-11-04-07-00-00", "latency": 996}, {"date": "2023-11-04-07-00-00", "latency": 996}, {"date": "2023-11-04-07-00-00", "latency": 996}, {"date": "2023-11-04-07-00-00", "latency": 996}, {"date": "2023-11-04-07-00-00", "latency": 996}]}, {"location": {"country_code": "no"}, "game_id": "273486", "values": [{"date": "2023-11-05-01-00-00", "latency": 35}, {"date": "2023-11-05-01-00-00", "latency": 35}, {"date": "2023-11-05-01-00-00", "latency": 35}, {"date": "2023-11-05-01-00-00", "latency": 35}, {"date": "2023-11-05-01-00-00", "latency": 35}, {"date": "2023-11-05-01-00-00", "latency": 35}, {"date": "2023-11-05-01-00-00", "latency": 35}, {"date": "2023-11-05-01-00-00", "latency": 35}, {"date": "2023-11-05-01-00-00", "latency": 35}, {"date": "2023-11-05-01-00-00", "latency": 35}, {"date": "2023-11-05-01-00-00", "latency": 35}, {"date": "2023-11-05-01-00-00", "latency": 35}, {"date": "2023-11-05-01-00-00", "latency": 35}]}, {"location": {"country_code": "us", "region": "California", "city": "San Francisco"}, "game_id": "273486", "values": [{"date": "2023-11-04-10-00-00", "latency": 56}, {"date": "2023-11-04-10-00-00", "latency": 56}, {"date": "2023-11-04-10-00-00", "latency": 56}, {"date": "2023-11-04-10-00-00", "latency": 56}, {"date": "2023-11-04-10-00-00", "latency": 56}, {"date": "2023-11-04-10-00-00", "latency": 56}, {"date": "2023-11-04-10-00-00", "latency": 56}, {"date": "2023-11-04-10-00-00", "latency": 56}, {"date": "2023-11-04-10-00-00", "latency": 56}, {"date": "2023-11-04-10-00-00", "latency": 56}, {"date": "2023-11-04-10-00-00", "latency": 56}, {"date": "2023-11-04-10-00-00", "latency": 56}, {"date": "2023-11-04-10-00-00", "latency": 56}, {"date": "2023-11-04-10-00-00", "latency": 56}, {"date": "2023-11-04-10-00-00", "latency": 56}, {"date": "2023-11-04-10-00-00", "latency": 56}, {"date": "2023-11-04-10-00-00", "latency": 56}, {"date": "2023-11-04-10-00-00", "latency": 56}, {"date": "2023-11-04-10-00-00", "latency": 56}, {"date": "2023-11-04-10-00-00", "latency": 56}, {"date": "2023-11-04-10-00-00", "latency": 56}, {"date": "2023-11-04-10-00-00", "latency": 56}, {"date": "2023-11-04-10-00-00", "latency": 56}, {"date": "2023-11-04-10-00-00", "latency": 56}, {"date": "2023-11-04-10-00-00", "latency": 56}, {"date": "2023-11-04-10-00-00", "latency": 56}, {"date": "2023-11-04-10-00-00", "latency": 56}, {"date": "2023-11-04-10-00-00", "latency": 56}, {"date": "2023-11-04-10-00-00", "latency": 56}, {"date": "2023-11-04-10-00-00", "latency": 56}, {"date": "2023-11-04-10-00-00", "latency": 56}, {"date": "2023-11-04-10-00-00", "latency": 56}, {"date": "2023-11-04-10-00-00", "latency": 56}, {"date": "2023-11-04-10-00-00", "latency": 56}, {"date": "2023-11-04-10-00-00", "latency": 56}, {"date": "2023-11-04-10-00-00", "latency": 56}, {"date": "2023-11-04-10-00-00", "latency": 56}, {"date": "2023-11-04-10-00-00", "latency": 56}, {"date": "2023-11-04-10-00-00", "latency": 56}, {"date": "2023-11-04-10-00-00", "latency": 56}, {"date": "2023-11-04-10-00-00", "latency": 56}, {"date": "2023-11-04-10-00-00", "latency": 56}, {"date": "2023-11-04-10-00-00", "latency": 56}, {"date": "2023-11-04-10-00-00", "latency": 56}, {"date": "2023-11-04-10-00-00", "latency": 56}, {"date": "2023-11-04-10-00-00", "latency": 56}, {"date": "2023-11-04-10-00-00", "latency": 56}, {"date": "2023-11-04-10-00-00", "latency": 56}, {"date": "2023-11-04-10-00-00", "latency": 56}, {"date": "2023-11-04-10-00-00", "latency": 56}, {"date": "2023-11-04-10-00-00", "latency": 56}]}, {"location": {"country_code": "ca", "region": "Alberta"}, "game_id": "273486", "values": [{"date": "2023-11-05-00-00-00", "latency": 58}, {"date": "2023-11-05-00-00-00", "latency": 58}, {"date": "2023-11-05-00-00-00", "latency": 58}, {"date": "2023-11-05-00-00-00", "latency": 58}, {"date": "2023-11-05-00-00-00", "latency": 58}, {"date": "2023-11-05-00-00-00", "latency": 58}, {"date": "2023-11-05-00-00-00", "latency": 58}, {"date": "2023-11-05-00-00-00", "latency": 58}, {"date": "2023-11-05-00-00-00", "latency": 58}, {"date": "2023-11-05-00-00-00", "latency": 58}, {"date": "2023-11-05-00-00-00", "latency": 58}, {"date": "2023-11-05-00-00-00", "latency": 58}, {"date": "2023-11-05-00-00-00", "latency": 58}, {"date": "2023-11-05-00-00-00", "latency": 58}, {"date": "2023-11-05-00-00-00", "latency": 58}, {"date": "2023-11-05-00-00-00", "latency": 58}, {"date": "2023-11-05-00-00-00", "latency": 58}]}, {"location": {"country_code": "us", "region": "Ohio", "city": "Cleveland"}, "game_id": "273486", "values": [{"date": "2023-11-05-01-00-00", "latency": 3}, {"date": "2023-11-05-01-00-00", "latency": 3}, {"date": "2023-11-05-01-00-00", "latency": 3}, {"date": "2023-11-05-01-00-00", "latency": 3}, {"date": "2023-11-05-01-00-00", "latency": 3}, {"date": "2023-11-05-01-00-00", "latency": 3}, {"date": "2023-11-05-01-00-00", "latency": 3}, {"date": "2023-11-05-01-00-00", "latency": 3}, {"date": "2023-11-05-01-00-00", "latency": 3}, {"date": "2023-11-05-01-00-00", "latency": 3}, {"date": "2023-11-05-01-00-00", "latency": 3}, {"date": "2023-11-05-01-00-00", "latency": 3}, {"date": "2023-11-05-01-00-00", "latency": 3}, {"date": "2023-11-05-01-00-00", "latency": 3}, {"date": "2023-11-05-01-00-00", "latency": 3}, {"date": "2023-11-05-01-00-00", "latency": 3}, {"date": "2023-11-05-01-00-00", "latency": 3}, {"date": "2023-11-05-01-00-00", "latency": 3}, {"date": "2023-11-05-01-00-00", "latency": 3}, {"date": "2023-11-05-01-00-00", "latency": 3}, {"date": "2023-11-05-01-00-00", "latency": 3}, {"date": "2023-11-05-01-00-00", "latency": 3}, {"date": "2023-11-05-01-00-00", "latency": 3}]}, {"location": {"country_code": "at"}, "game_id": "273486", "values": [{"date": "2023-11-05-01-00-00", "latency": 43}, {"date": "2023-11-05-01-00-00", "latency": 43}, {"date": "2023-11-05-01-00-00", "latency": 43}, {"date": "2023-11-05-01-00-00", "latency": 43}, {"date": "2023-11-05-01-00-00", "latency": 43}, {"date": "2023-11-05-01-00-00", "latency": 43}, {"date": "2023-11-05-01-00-00", "latency": 43}, {"date": "2023-11-05-01-00-00", "latency": 43}, {"date": "2023-11-05-01-00-00", "latency": 43}, {"date": "2023-11-05-01-00-00", "latency": 43}, {"date": "2023-11-05-01-00-00", "latency": 43}, {"date": "2023-11-05-01-00-00", "latency": 43}, {"date": "2023-11-05-01-00-00", "latency": 43}, {"date": "2023-11-05-01-00-00", "latency": 43}, {"date": "2023-11-05-01-00-00", "latency": 43}, {"date": "2023-11-05-01-00-00", "latency": 43}, {"date": "2023-11-05-01-00-00", "latency": 43}, {"date": "2023-11-05-01-00-00", "latency": 43}, {"date": "2023-11-05-01-00-00", "latency": 43}, {"date": "2023-11-05-01-00-00", "latency": 43}, {"date": "2023-11-05-01-00-00", "latency": 43}, {"date": "2023-11-05-01-00-00", "latency": 43}, {"date": "2023-11-05-01-00-00", "latency": 43}, {"date": "2023-11-05-01-00-00", "latency": 43}, {"date": "2023-11-05-01-00-00", "latency": 43}, {"date": "2023-11-05-01-00-00", "latency": 43}, {"date": "2023-11-05-01-00-00", "latency": 43}, {"date": "2023-11-05-01-00-00", "latency": 43}, {"date": "2023-11-05-01-00-00", "latency": 43}, {"date": "2023-11-05-01-00-00", "latency": 43}, {"date": "2023-11-05-01-00-00", "latency": 43}, {"date": "2023-11-05-01-00-00", "latency": 43}, {"date": "2023-11-05-01-00-00", "latency": 43}, {"date": "2023-11-05-01-00-00", "latency": 43}, {"date": "2023-11-05-01-00-00", "latency": 43}, {"date": "2023-11-05-01-00-00", "latency": 43}]}, {"location": {"country_code": "us", "region": "District of Columbia", "city": "Washington"}, "game_id": "273486", "values": [{"date": "2023-11-04-10-00-00", "latency": 38}, {"date": "2023-11-04-10-00-00", "latency": 38}, {"date": "2023-11-04-10-00-00", "latency": 38}, {"date": "2023-11-04-10-00-00", "latency": 38}, {"date": "2023-11-04-10-00-00", "latency": 38}, {"date": "2023-11-04-10-00-00", "latency": 38}, {"date": "2023-11-04-10-00-00", "latency": 38}, {"date": "2023-11-04-10-00-00", "latency": 38}, {"date": "2023-11-04-10-00-00", "latency": 38}, {"date": "2023-11-04-10-00-00", "latency": 38}, {"date": "2023-11-04-10-00-00", "latency": 38}]}, {"location": {"country_code": "us", "region": "California", "city": "Long Beach"}, "game_id": "273486", "values": [{"date": "2023-11-04-03-00-00", "latency": 56}, {"date": "2023-11-04-03-00-00", "latency": 56}, {"date": "2023-11-04-03-00-00", "latency": 56}, {"date": "2023-11-04-03-00-00", "latency": 56}, {"date": "2023-11-04-03-00-00", "latency": 56}, {"date": "2023-11-04-03-00-00", "latency": 56}, {"date": "2023-11-04-03-00-00", "latency": 56}, {"date": "2023-11-04-03-00-00", "latency": 56}, {"date": "2023-11-04-03-00-00", "latency": 56}, {"date": "2023-11-04-03-00-00", "latency": 56}, {"date": "2023-11-04-03-00-00", "latency": 56}, {"date": "2023-11-04-03-00-00", "latency": 56}, {"date": "2023-11-04-03-00-00", "latency": 56}, {"date": "2023-11-04-03-00-00", "latency": 56}, {"date": "2023-11-04-03-00-00", "latency": 56}, {"date": "2023-11-04-03-00-00", "latency": 56}, {"date": "2023-11-04-03-00-00", "latency": 56}, {"date": "2023-11-04-03-00-00", "latency": 56}, {"date": "2023-11-04-03-00-00", "latency": 56}, {"date": "2023-11-04-03-00-00", "latency": 56}, {"date": "2023-11-04-03-00-00", "latency": 56}, {"date": "2023-11-04-03-00-00", "latency": 56}, {"date": "2023-11-04-03-00-00", "latency": 56}, {"date": "2023-11-04-03-00-00", "latency": 56}, {"date": "2023-11-04-03-00-00", "latency": 56}, {"date": "2023-11-04-03-00-00", "latency": 56}, {"date": "2023-11-04-03-00-00", "latency": 56}, {"date": "2023-11-04-03-00-00", "latency": 56}, {"date": "2023-11-04-03-00-00", "latency": 56}, {"date": "2023-11-04-03-00-00", "latency": 56}, {"date": "2023-11-04-03-00-00", "latency": 56}, {"date": "2023-11-04-03-00-00", "latency": 56}, {"date": "2023-11-04-03-00-00", "latency": 56}, {"date": "2023-11-04-03-00-00", "latency": 56}, {"date": "2023-11-04-03-00-00", "latency": 56}, {"date": "2023-11-04-03-00-00", "latency": 56}]}], "last_updated": 1719926585.057834}