{"data": [{"location": {"country_code": "gb"}, "game_id": "970338", "values": [{"date": "2023-08-12-20-00-00", "latency": 6}, {"date": "2023-08-12-20-00-00", "latency": 6}]}, {"location": {"country_code": "it"}, "game_id": "970338", "values": [{"date": "2023-08-12-22-00-00", "latency": 9}]}, {"location": {"country_code": "ca"}, "game_id": "970338", "values": [{"date": "2023-08-13-02-00-00", "latency": 33}]}, {"location": {"country_code": "de"}, "game_id": "970338", "values": [{"date": "2023-08-12-16-00-00", "latency": 28}, {"date": "2023-08-12-16-00-00", "latency": 28}, {"date": "2023-08-13-01-00-00", "latency": 50}]}, {"location": {"country_code": "cl"}, "game_id": "970338", "values": [{"date": "2023-08-12-14-00-00", "latency": 13}, {"date": "2023-08-12-14-00-00", "latency": 13}]}, {"location": {"country_code": "fr"}, "game_id": "970338", "values": [{"date": "2023-08-12-23-00-00", "latency": 40}]}, {"location": {"country_code": "br"}, "game_id": "970338", "values": [{"date": "2023-08-12-22-00-00", "latency": 139}, {"date": "2023-08-13-02-00-00", "latency": 11}]}, {"location": {"country_code": "se"}, "game_id": "970338", "values": [{"date": "2023-08-12-02-00-00", "latency": 4}]}, {"location": {"country_code": "td"}, "game_id": "970338", "values": [{"date": "2023-08-12-13-00-00", "latency": 55}]}, {"location": {"country_code": "pl"}, "game_id": "970338", "values": [{"date": "2023-08-12-18-00-00", "latency": 49}, {"date": "2023-08-12-18-00-00", "latency": 49}, {"date": "2023-08-12-19-00-00", "latency": 64}]}, {"location": {"country_code": "us", "region": "Wisconsin"}, "game_id": "970338", "values": [{"date": "2023-08-12-05-00-00", "latency": 13}]}, {"location": {"country_code": "us", "region": "Pennsylvania"}, "game_id": "970338", "values": [{"date": "2023-08-12-07-00-00", "latency": 0}]}, {"location": {"country_code": "de", "region": "Baden-Wurttemberg"}, "game_id": "970338", "values": [{"date": "2023-08-12-16-00-00", "latency": 49}]}, {"location": {"country_code": "us", "region": "Washington", "city": "Seattle"}, "game_id": "970338", "values": [{"date": "2023-08-12-04-00-00", "latency": 97}, {"date": "2023-08-12-04-00-00", "latency": 97}]}, {"location": {"country_code": "ar", "region": "Cordoba Province", "city": "Rio Cuarto"}, "game_id": "970338", "values": [{"date": "2023-08-12-09-00-00", "latency": 158}]}, {"location": {"country_code": "ee"}, "game_id": "970338", "values": [{"date": "2023-08-12-11-00-00", "latency": 48}, {"date": "2023-08-12-11-00-00", "latency": 48}]}, {"location": {"country_code": "us", "region": "California", "city": "Lancaster"}, "game_id": "970338", "values": [{"date": "2023-08-12-03-00-00", "latency": 62}]}, {"location": {"country_code": "de", "region": "Baden-Wurttemberg", "city": "Tettnang"}, "game_id": "970338", "values": [{"date": "2023-08-12-21-00-00", "latency": 0}]}], "last_updated": 1719919345.456188}