{"data": [{"location": {"country_code": "nz"}, "game_id": "970338", "values": [{"date": "2023-06-15-03-00-00", "alternatives": ["225", "225", "226"]}]}, {"location": {"country_code": "us"}, "game_id": "970338", "values": [{"date": "2023-06-15-22-00-00", "alternatives": ["6", "165", "165"]}, {"date": "2023-06-15-22-00-00", "alternatives": ["6", "165", "165"]}]}, {"location": {"country_code": "us", "region": "Texas"}, "game_id": "970338", "values": [{"date": "2023-06-16-02-00-00", "alternatives": ["72", "72", "7"]}]}, {"location": {"country_code": "us", "region": "New York", "city": "Jamestown"}, "game_id": "970338", "values": [{"date": "2023-06-15-03-00-00", "alternatives": [145, 143, 145, 145]}, {"date": "2023-06-15-03-00-00", "alternatives": [145, 143, 145, 145]}]}, {"location": {"country_code": "gb"}, "game_id": "970338", "values": [{"date": "2023-06-15-19-00-00", "alternatives": ["35", "33", "33"]}, {"date": "2023-06-15-19-00-00", "alternatives": ["35", "33", "33"]}, {"date": "2023-06-15-19-00-00", "alternatives": ["35", "33", "33"]}]}, {"location": {"country_code": "gr"}, "game_id": "970338", "values": [{"date": "2023-06-15-19-00-00", "alternatives": ["81", "1", "1"]}, {"date": "2023-06-15-19-00-00", "alternatives": ["81", "1", "1"]}]}, {"location": {"country_code": "it"}, "game_id": "970338", "values": [{"date": "2023-06-16-00-00-00", "alternatives": ["65", "65", "63"]}, {"date": "2023-06-16-00-00-00", "alternatives": ["65", "65", "63"]}, {"date": "2023-06-16-00-00-00", "alternatives": ["65", "65", "63"]}, {"date": "2023-06-16-00-00-00", "alternatives": ["65", "65", "63"]}]}, {"location": {"country_code": "jp"}, "game_id": "970338", "values": [{"date": "2023-06-16-01-00-00", "alternatives": ["16", "16", "176"]}, {"date": "2023-06-16-01-00-00", "alternatives": ["16", "16", "176"]}, {"date": "2023-06-16-01-00-00", "alternatives": ["16", "16", "176"]}, {"date": "2023-06-16-01-00-00", "alternatives": ["16", "16", "176"]}]}, {"location": {"country_code": "de"}, "game_id": "970338", "values": [{"date": "2023-06-16-01-00-00", "alternatives": ["33", "33", "3"]}]}, {"location": {"country_code": "fr"}, "game_id": "970338", "values": [{"date": "2023-06-15-03-00-00", "alternatives": ["101", "101", "10"]}, {"date": "2023-06-15-21-00-00", "alternatives": ["52", "32", "32"]}, {"date": "2023-06-15-21-00-00", "alternatives": ["52", "32", "32"]}, {"date": "2023-06-15-21-00-00", "alternatives": ["52", "32", "32"]}, {"date": "2023-06-15-21-00-00", "alternatives": ["52", "32", "32"]}, {"date": "2023-06-15-21-00-00", "alternatives": ["52", "32", "32"]}]}, {"location": {"country_code": "no"}, "game_id": "970338", "values": [{"date": "2023-06-15-12-00-00", "alternatives": ["62", "62", "8"]}, {"date": "2023-06-15-12-00-00", "alternatives": ["62", "62", "8"]}, {"date": "2023-06-15-12-00-00", "alternatives": ["62", "62", "8"]}, {"date": "2023-06-15-12-00-00", "alternatives": ["62", "62", "8"]}, {"date": "2023-06-15-12-00-00", "alternatives": ["62", "62", "8"]}]}, {"location": {"country_code": "us", "region": "North Carolina", "city": "Charlotte"}, "game_id": "970338", "values": [{"date": "2023-06-15-15-00-00", "alternatives": ["101", "101", "1"]}, {"date": "2023-06-15-15-00-00", "alternatives": ["101", "101", "1"]}, {"date": "2023-06-15-15-00-00", "alternatives": ["101", "101", "1"]}, {"date": "2023-06-15-15-00-00", "alternatives": ["101", "101", "1"]}, {"date": "2023-06-15-15-00-00", "alternatives": ["101", "101", "1"]}, {"date": "2023-06-15-15-00-00", "alternatives": ["101", "101", "1"]}, {"date": "2023-06-15-15-00-00", "alternatives": ["101", "101", "1"]}, {"date": "2023-06-15-15-00-00", "alternatives": ["101", "101", "1"]}]}, {"location": {"country_code": "at"}, "game_id": "970338", "values": [{"date": "2023-06-15-18-00-00", "alternatives": ["59", "39", "39"]}, {"date": "2023-06-15-18-00-00", "alternatives": ["59", "39", "39"]}]}, {"location": {"country_code": "us", "region": "Utah"}, "game_id": "970338", "values": [{"date": "2023-06-15-04-00-00", "alternatives": ["8", "8", "3"]}]}, {"location": {"country_code": "ie"}, "game_id": "970338", "values": [{"date": "2023-06-15-16-00-00", "alternatives": ["4", "43", "4"]}, {"date": "2023-06-15-16-00-00", "alternatives": ["4", "43", "4"]}, {"date": "2023-06-15-16-00-00", "alternatives": ["4", "43", "4"]}, {"date": "2023-06-15-16-00-00", "alternatives": ["4", "43", "4"]}]}, {"location": {"country_code": "ua"}, "game_id": "970338", "values": [{"date": "2023-06-16-00-00-00", "alternatives": ["45", "43", "43"]}, {"date": "2023-06-16-00-00-00", "alternatives": ["45", "43", "43"]}, {"date": "2023-06-16-00-00-00", "alternatives": ["45", "43", "43"]}, {"date": "2023-06-15-21-00-00", "alternatives": ["55", "55", "58"]}]}, {"location": {"country_code": "ca", "region": "Ontario", "city": "Toronto"}, "game_id": "970338", "values": [{"date": "2023-06-16-02-00-00", "alternatives": ["4", "45", "45"]}]}, {"location": {"country_code": "us", "region": "Alabama"}, "game_id": "970338", "values": [{"date": "2023-06-15-05-00-00", "alternatives": ["468", "168", "168"]}]}, {"location": {"country_code": "by"}, "game_id": "970338", "values": [{"date": "2023-06-15-23-00-00", "alternatives": ["746", "46", "46"]}, {"date": "2023-06-15-23-00-00", "alternatives": ["746", "46", "46"]}, {"date": "2023-06-15-23-00-00", "alternatives": ["746", "46", "46"]}, {"date": "2023-06-15-23-00-00", "alternatives": ["746", "46", "46"]}]}, {"location": {"country_code": "ru", "region": "Krasnoyarsk Krai", "city": "Norilsk"}, "game_id": "970338", "values": [{"date": "2023-06-15-16-00-00", "alternatives": ["75", "73", "73"]}]}, {"location": {"country_code": "us", "region": "Texas", "city": "San Antonio"}, "game_id": "970338", "values": [{"date": "2023-06-15-09-00-00", "alternatives": ["4", "64", "64"]}, {"date": "2023-06-15-09-00-00", "alternatives": ["4", "64", "64"]}]}, {"location": {"country_code": "fi", "region": "Uusimaa", "city": "Helsinki"}, "game_id": "970338", "values": [{"date": "2023-06-15-15-00-00", "alternatives": ["55", "35", "35"]}, {"date": "2023-06-15-15-00-00", "alternatives": ["55", "35", "35"]}, {"date": "2023-06-15-15-00-00", "alternatives": ["55", "35", "35"]}, {"date": "2023-06-15-15-00-00", "alternatives": ["55", "35", "35"]}]}, {"location": {"country_code": "il"}, "game_id": "970338", "values": [{"date": "2023-06-15-11-00-00", "alternatives": ["73", "73", "75"]}, {"date": "2023-06-15-11-00-00", "alternatives": ["73", "73", "75"]}, {"date": "2023-06-15-11-00-00", "alternatives": ["73", "73", "75"]}, {"date": "2023-06-15-11-00-00", "alternatives": ["73", "73", "75"]}, {"date": "2023-06-15-11-00-00", "alternatives": ["73", "73", "75"]}, {"date": "2023-06-15-11-00-00", "alternatives": ["73", "73", "75"]}, {"date": "2023-06-15-11-00-00", "alternatives": ["73", "73", "75"]}, {"date": "2023-06-15-11-00-00", "alternatives": ["73", "73", "75"]}, {"date": "2023-06-15-11-00-00", "alternatives": ["73", "73", "75"]}, {"date": "2023-06-15-11-00-00", "alternatives": ["73", "73", "75"]}]}], "last_updated": 1719917563.455584}