{"data": [{"location": {"country_code": "nz"}, "game_id": "273195", "values": [{"date": "2021-08-11-07-00-00", "alternatives": ["121", "12", "12"]}, {"date": "2021-08-11-07-00-00", "alternatives": ["121", "12", "12"]}]}, {"location": {"country_code": "us"}, "game_id": "273195", "values": [{"date": "2021-08-12-01-00-00", "alternatives": ["43", "4303", "43"]}, {"date": "2021-08-11-06-00-00", "alternatives": ["47", "4701", "47"]}, {"date": "2021-08-12-00-00-00", "alternatives": ["43", "4308", "43"]}, {"date": "2021-08-11-06-00-00", "alternatives": ["61", "67", "61"]}, {"date": "2021-08-11-06-00-00", "alternatives": ["61", "67", "61"]}, {"date": "2021-08-11-06-00-00", "alternatives": ["61", "67", "61"]}, {"date": "2021-08-11-06-00-00", "alternatives": ["61", "67", "61"]}, {"date": "2021-08-11-06-00-00", "alternatives": ["61", "67", "61"]}, {"date": "2021-08-11-06-00-00", "alternatives": ["61", "67", "61"]}, {"date": "2021-08-11-06-00-00", "alternatives": ["61", "67", "61"]}, {"date": "2021-08-11-06-00-00", "alternatives": ["61", "67", "61"]}, {"date": "2021-08-11-03-00-00", "alternatives": ["4", "47", "4"]}, {"date": "2021-08-11-03-00-00", "alternatives": ["4", "47", "4"]}, {"date": "2021-08-11-11-00-00", "alternatives": ["61", "6", "6"]}, {"date": "2021-08-11-11-00-00", "alternatives": ["61", "6", "6"]}, {"date": "2021-08-11-11-00-00", "alternatives": ["61", "6", "6"]}]}, {"location": {"country_code": "us", "region": "Texas"}, "game_id": "273195", "values": [{"date": "2021-08-11-16-00-00", "alternatives": ["2", "25", "2"]}, {"date": "2021-08-11-16-00-00", "alternatives": ["2", "25", "2"]}, {"date": "2021-08-11-16-00-00", "alternatives": ["2", "25", "2"]}, {"date": "2021-08-11-16-00-00", "alternatives": ["2", "25", "2"]}, {"date": "2021-08-11-11-00-00", "alternatives": ["28", "2808", "28"]}, {"date": "2021-08-11-03-00-00", "alternatives": ["480", "48", "48"]}, {"date": "2021-08-11-03-00-00", "alternatives": ["480", "48", "48"]}, {"date": "2021-08-11-04-00-00", "alternatives": ["43", "43", "45"]}, {"date": "2021-08-11-04-00-00", "alternatives": ["43", "43", "45"]}, {"date": "2021-08-11-04-00-00", "alternatives": ["43", "43", "45"]}, {"date": "2021-08-11-04-00-00", "alternatives": ["43", "43", "45"]}]}, {"location": {"country_code": "nz", "region": "Auckland", "city": "Auckland"}, "game_id": "273195", "values": [{"date": "2021-08-11-15-00-00", "alternatives": ["3305", "33", "33"]}, {"date": "2021-08-11-15-00-00", "alternatives": ["3305", "33", "33"]}, {"date": "2021-08-11-15-00-00", "alternatives": ["3305", "33", "33"]}, {"date": "2021-08-11-15-00-00", "alternatives": ["3305", "33", "33"]}, {"date": "2021-08-11-15-00-00", "alternatives": ["3305", "33", "33"]}]}, {"location": {"country_code": "de", "region": "Berlin", "city": "Berlin"}, "game_id": "273195", "values": [{"date": "2021-08-12-01-00-00", "alternatives": ["200", "200", "1200"]}, {"date": "2021-08-12-01-00-00", "alternatives": ["200", "200", "1200"]}, {"date": "2021-08-12-01-00-00", "alternatives": ["200", "200", "1200"]}]}, {"location": {"country_code": "us", "region": "New York", "city": "Jamestown"}, "game_id": "273195", "values": [{"date": "2021-08-11-04-00-00", "alternatives": ["51", "61", "51"]}, {"date": "2021-08-11-04-00-00", "alternatives": ["51", "61", "51"]}, {"date": "2021-08-11-04-00-00", "alternatives": ["51", "61", "51"]}, {"date": "2021-08-11-08-00-00", "alternatives": ["38", "38", "28"]}, {"date": "2021-08-11-08-00-00", "alternatives": ["38", "38", "28"]}, {"date": "2021-08-11-08-00-00", "alternatives": ["38", "38", "28"]}]}, {"location": {"country_code": "gb"}, "game_id": "273195", "values": [{"date": "2021-08-12-02-00-00", "alternatives": ["2", "18", "18"]}, {"date": "2021-08-12-02-00-00", "alternatives": ["2", "18", "18"]}, {"date": "2021-08-12-00-00-00", "alternatives": ["8", "2", "2"]}, {"date": "2021-08-12-00-00-00", "alternatives": ["8", "2", "2"]}, {"date": "2021-08-12-00-00-00", "alternatives": ["8", "2", "2"]}, {"date": "2021-08-12-00-00-00", "alternatives": ["8", "2", "2"]}, {"date": "2021-08-12-00-00-00", "alternatives": ["8", "2", "2"]}, {"date": "2021-08-12-00-00-00", "alternatives": ["8", "2", "2"]}, {"date": "2021-08-12-00-00-00", "alternatives": ["8", "2", "2"]}, {"date": "2021-08-12-00-00-00", "alternatives": ["8", "2", "2"]}]}, {"location": {"country_code": "gb", "region": "England"}, "game_id": "273195", "values": [{"date": "2021-08-11-19-00-00", "alternatives": ["29", "29", "20"]}, {"date": "2021-08-11-21-00-00", "alternatives": ["21", "2", "2"]}, {"date": "2021-08-11-19-00-00", "alternatives": ["21", "4", "21"]}, {"date": "2021-08-11-19-00-00", "alternatives": ["21", "4", "21"]}]}, {"location": {"country_code": "th"}, "game_id": "273195", "values": [{"date": "2021-08-11-20-00-00", "alternatives": ["36", "3", "3"]}, {"date": "2021-08-11-19-00-00", "alternatives": ["26", "20", "26"]}, {"date": "2021-08-11-23-00-00", "alternatives": ["36", "9", "36"]}, {"date": "2021-08-11-23-00-00", "alternatives": ["36", "9", "36"]}, {"date": "2021-08-11-23-00-00", "alternatives": ["36", "9", "36"]}]}, {"location": {"country_code": "gr"}, "game_id": "273195", "values": [{"date": "2021-08-11-18-00-00", "alternatives": ["2", "921", "2"]}, {"date": "2021-08-11-22-00-00", "alternatives": ["8", "58", "8"]}, {"date": "2021-08-11-22-00-00", "alternatives": ["8", "58", "8"]}, {"date": "2021-08-11-22-00-00", "alternatives": ["8", "58", "8"]}, {"date": "2021-08-11-22-00-00", "alternatives": ["8", "58", "8"]}, {"date": "2021-08-11-22-00-00", "alternatives": ["8", "58", "8"]}]}, {"location": {"country_code": "nl"}, "game_id": "273195", "values": [{"date": "2021-08-12-01-00-00", "alternatives": ["16", "15003", "16"]}, {"date": "2021-08-12-01-00-00", "alternatives": ["16", "15003", "16"]}, {"date": "2021-08-12-01-00-00", "alternatives": ["16", "15003", "16"]}, {"date": "2021-08-12-01-00-00", "alternatives": ["16", "15003", "16"]}, {"date": "2021-08-12-01-00-00", "alternatives": ["16", "15003", "16"]}, {"date": "2021-08-12-01-00-00", "alternatives": ["16", "15003", "16"]}, {"date": "2021-08-11-19-00-00", "alternatives": ["1", "1", "127"]}, {"date": "2021-08-11-19-00-00", "alternatives": ["1", "1", "127"]}, {"date": "2021-08-11-19-00-00", "alternatives": ["1", "1", "127"]}, {"date": "2021-08-11-19-00-00", "alternatives": ["1", "1", "127"]}, {"date": "2021-08-11-19-00-00", "alternatives": ["1", "1", "127"]}, {"date": "2021-08-11-19-00-00", "alternatives": ["1", "1", "127"]}, {"date": "2021-08-11-19-00-00", "alternatives": ["1", "1", "127"]}, {"date": "2021-08-11-19-00-00", "alternatives": ["1", "1", "127"]}, {"date": "2021-08-11-14-00-00", "alternatives": ["1", "15", "1"]}, {"date": "2021-08-11-14-00-00", "alternatives": ["1", "15", "1"]}]}, {"location": {"country_code": "cz"}, "game_id": "273195", "values": [{"date": "2021-08-11-19-00-00", "alternatives": ["291", "29", "29"]}, {"date": "2021-08-11-19-00-00", "alternatives": ["291", "29", "29"]}, {"date": "2021-08-11-19-00-00", "alternatives": ["291", "29", "29"]}]}, {"location": {"country_code": "it"}, "game_id": "273195", "values": [{"date": "2021-08-11-18-00-00", "alternatives": ["26", "26", "20"]}, {"date": "2021-08-11-18-00-00", "alternatives": ["26", "26", "20"]}]}, {"location": {"country_code": "ro"}, "game_id": "273195", "values": [{"date": "2021-08-11-18-00-00", "alternatives": ["149", "149", "148"]}, {"date": "2021-08-11-18-00-00", "alternatives": ["149", "149", "148"]}, {"date": "2021-08-11-13-00-00", "alternatives": ["2", "45", "45"]}]}, {"location": {"country_code": "jp"}, "game_id": "273195", "values": [{"date": "2021-08-11-14-00-00", "alternatives": ["8", "8", "2"]}, {"date": "2021-08-11-14-00-00", "alternatives": ["8", "8", "2"]}, {"date": "2021-08-11-14-00-00", "alternatives": ["8", "8", "2"]}, {"date": "2021-08-11-14-00-00", "alternatives": ["8", "8", "2"]}, {"date": "2021-08-11-14-00-00", "alternatives": ["8", "8", "2"]}, {"date": "2021-08-11-14-00-00", "alternatives": ["8", "8", "2"]}]}, {"location": {"country_code": "ca"}, "game_id": "273195", "values": [{"date": "2021-08-11-05-00-00", "alternatives": ["72", "72", "12"]}, {"date": "2021-08-11-03-00-00", "alternatives": ["43", "43", "42"]}, {"date": "2021-08-11-03-00-00", "alternatives": ["2", "52", "2"]}, {"date": "2021-08-11-03-00-00", "alternatives": ["2", "52", "2"]}, {"date": "2021-08-11-03-00-00", "alternatives": ["2", "52", "2"]}, {"date": "2021-08-11-03-00-00", "alternatives": ["2", "52", "2"]}, {"date": "2021-08-11-15-00-00", "alternatives": ["42", "12", "42"]}, {"date": "2021-08-11-15-00-00", "alternatives": ["42", "12", "42"]}, {"date": "2021-08-11-05-00-00", "alternatives": ["76", "41", "41"]}, {"date": "2021-08-11-05-00-00", "alternatives": ["76", "41", "41"]}]}, {"location": {"country_code": "de"}, "game_id": "273195", "values": [{"date": "2021-08-11-21-00-00", "alternatives": ["2", "27", "2"]}, {"date": "2021-08-11-09-00-00", "alternatives": ["0", "0", "10"]}, {"date": "2021-08-11-09-00-00", "alternatives": ["0", "0", "10"]}, {"date": "2021-08-11-19-00-00", "alternatives": ["27", "27018", "27"]}, {"date": "2021-08-11-19-00-00", "alternatives": ["27", "27018", "27"]}, {"date": "2021-08-11-19-00-00", "alternatives": ["27", "27018", "27"]}, {"date": "2021-08-11-19-00-00", "alternatives": ["27", "27018", "27"]}, {"date": "2021-08-11-19-00-00", "alternatives": ["27", "27018", "27"]}, {"date": "2021-08-11-19-00-00", "alternatives": ["27", "27018", "27"]}]}, {"location": {"country_code": "de", "region": "Bavaria", "city": "Memmingen"}, "game_id": "273195", "values": [{"date": "2021-08-12-02-00-00", "alternatives": ["18", "13", "18"]}, {"date": "2021-08-12-02-00-00", "alternatives": ["18", "13", "18"]}, {"date": "2021-08-12-02-00-00", "alternatives": ["18", "13", "18"]}, {"date": "2021-08-12-02-00-00", "alternatives": ["18", "13", "18"]}, {"date": "2021-08-12-02-00-00", "alternatives": ["18", "13", "18"]}]}, {"location": {"country_code": "de", "region": "Baden-Wurttemberg", "city": "Hechingen"}, "game_id": "273195", "values": [{"date": "2021-08-11-13-00-00", "alternatives": ["16", "160", "16"]}, {"date": "2021-08-11-13-00-00", "alternatives": ["16", "160", "16"]}]}, {"location": {"country_code": "br", "region": "Parana", "city": "Araucaria"}, "game_id": "273195", "values": [{"date": "2021-08-12-02-00-00", "alternatives": ["26", "2", "2"]}, {"date": "2021-08-12-02-00-00", "alternatives": ["26", "2", "2"]}, {"date": "2021-08-12-02-00-00", "alternatives": ["26", "2", "2"]}]}, {"location": {"country_code": "us", "region": "Indiana"}, "game_id": "273195", "values": [{"date": "2021-08-11-03-00-00", "alternatives": ["26", "26", "261"]}, {"date": "2021-08-11-03-00-00", "alternatives": ["26", "26", "261"]}, {"date": "2021-08-11-03-00-00", "alternatives": ["26", "26", "261"]}, {"date": "2021-08-11-03-00-00", "alternatives": ["26", "26", "261"]}]}, {"location": {"country_code": "gb", "region": "Scotland"}, "game_id": "273195", "values": [{"date": "2021-08-11-13-00-00", "alternatives": ["21", "2", "2"]}, {"date": "2021-08-11-13-00-00", "alternatives": ["21", "2", "2"]}]}, {"location": {"country_code": "us", "region": "Texas", "city": "San Antonio"}, "game_id": "273195", "values": [{"date": "2021-08-11-18-00-00", "alternatives": ["6", "5", "6"]}, {"date": "2021-08-11-18-00-00", "alternatives": ["6", "5", "6"]}, {"date": "2021-08-11-18-00-00", "alternatives": ["6", "5", "6"]}, {"date": "2021-08-11-08-00-00", "alternatives": ["28", "28009", "28"]}, {"date": "2021-08-11-08-00-00", "alternatives": ["28", "28009", "28"]}]}, {"location": {"country_code": "us", "region": "Oregon"}, "game_id": "273195", "values": [{"date": "2021-08-11-07-00-00", "alternatives": ["6", "6", "60"]}, {"date": "2021-08-11-07-00-00", "alternatives": ["6", "6", "60"]}]}, {"location": {"country_code": "au", "region": "New South Wales", "city": "Sydney"}, "game_id": "273195", "values": [{"date": "2021-08-11-13-00-00", "alternatives": ["3", "3", "13"]}, {"date": "2021-08-11-13-00-00", "alternatives": ["1", "1", "10"]}, {"date": "2021-08-11-14-00-00", "alternatives": ["90", "19", "19"]}]}, {"location": {"country_code": "us", "region": "Florida"}, "game_id": "273195", "values": [{"date": "2021-08-11-07-00-00", "alternatives": ["4", "4", "54"]}, {"date": "2021-08-11-07-00-00", "alternatives": ["4", "4", "54"]}, {"date": "2021-08-11-07-00-00", "alternatives": ["4", "4", "54"]}, {"date": "2021-08-11-07-00-00", "alternatives": ["4", "4", "54"]}, {"date": "2021-08-11-23-00-00", "alternatives": ["56", "56", "36"]}, {"date": "2021-08-11-23-00-00", "alternatives": ["56", "56", "36"]}, {"date": "2021-08-11-23-00-00", "alternatives": ["56", "56", "36"]}, {"date": "2021-08-11-23-00-00", "alternatives": ["56", "56", "36"]}, {"date": "2021-08-11-23-00-00", "alternatives": ["56", "56", "36"]}, {"date": "2021-08-11-23-00-00", "alternatives": ["56", "56", "36"]}, {"date": "2021-08-11-06-00-00", "alternatives": ["57", "57", "9"]}, {"date": "2021-08-11-06-00-00", "alternatives": ["57", "57", "9"]}, {"date": "2021-08-11-06-00-00", "alternatives": ["57", "57", "9"]}, {"date": "2021-08-11-06-00-00", "alternatives": ["57", "57", "9"]}, {"date": "2021-08-11-06-00-00", "alternatives": ["57", "57", "9"]}, {"date": "2021-08-11-06-00-00", "alternatives": ["57", "57", "9"]}, {"date": "2021-08-11-06-00-00", "alternatives": ["57", "57", "9"]}, {"date": "2021-08-11-06-00-00", "alternatives": ["57", "57", "9"]}, {"date": "2021-08-11-06-00-00", "alternatives": ["57", "57", "9"]}, {"date": "2021-08-11-06-00-00", "alternatives": ["57", "57", "9"]}]}, {"location": {"country_code": "us", "region": "Florida", "city": "Fort Lauderdale"}, "game_id": "273195", "values": [{"date": "2021-08-12-02-00-00", "alternatives": ["137", "137", "127"]}]}, {"location": {"country_code": "fr"}, "game_id": "273195", "values": [{"date": "2021-08-12-00-00-00", "alternatives": ["3", "31", "3"]}, {"date": "2021-08-12-00-00-00", "alternatives": ["3", "31", "3"]}, {"date": "2021-08-12-00-00-00", "alternatives": ["3", "31", "3"]}, {"date": "2021-08-12-00-00-00", "alternatives": ["3", "31", "3"]}, {"date": "2021-08-12-00-00-00", "alternatives": ["3", "31", "3"]}, {"date": "2021-08-11-17-00-00", "alternatives": ["2", "27", "2"]}, {"date": "2021-08-11-17-00-00", "alternatives": ["2", "27", "2"]}]}, {"location": {"country_code": "br", "region": "Minas Gerais", "city": "Betim"}, "game_id": "273195", "values": [{"date": "2021-08-12-01-00-00", "alternatives": ["78", "7", "7"]}, {"date": "2021-08-12-01-00-00", "alternatives": ["78", "7", "7"]}]}, {"location": {"country_code": "us", "region": "New Jersey"}, "game_id": "273195", "values": [{"date": "2021-08-11-08-00-00", "alternatives": ["7", "57", "7"]}, {"date": "2021-08-11-08-00-00", "alternatives": ["7", "57", "7"]}, {"date": "2021-08-11-08-00-00", "alternatives": ["7", "57", "7"]}, {"date": "2021-08-11-08-00-00", "alternatives": ["7", "57", "7"]}, {"date": "2021-08-11-08-00-00", "alternatives": ["7", "57", "7"]}, {"date": "2021-08-11-08-00-00", "alternatives": ["7", "57", "7"]}, {"date": "2021-08-11-08-00-00", "alternatives": ["7", "57", "7"]}]}, {"location": {"country_code": "mx"}, "game_id": "273195", "values": [{"date": "2021-08-11-07-00-00", "alternatives": ["49", "49", "48"]}, {"date": "2021-08-11-10-00-00", "alternatives": ["8", "7", "8"]}, {"date": "2021-08-11-10-00-00", "alternatives": ["8", "7", "8"]}]}, {"location": {"country_code": "mx", "region": "Mexico City"}, "game_id": "273195", "values": [{"date": "2021-08-11-11-00-00", "alternatives": ["138", "138", "1383"]}, {"date": "2021-08-11-11-00-00", "alternatives": ["138", "138", "1383"]}, {"date": "2021-08-11-11-00-00", "alternatives": ["138", "138", "1383"]}, {"date": "2021-08-11-11-00-00", "alternatives": ["138", "138", "1383"]}, {"date": "2021-08-11-11-00-00", "alternatives": ["138", "138", "1383"]}, {"date": "2021-08-11-11-00-00", "alternatives": ["138", "138", "1383"]}, {"date": "2021-08-11-11-00-00", "alternatives": ["138", "138", "1383"]}, {"date": "2021-08-11-11-00-00", "alternatives": ["138", "138", "1383"]}]}, {"location": {"country_code": "us", "region": "California"}, "game_id": "273195", "values": [{"date": "2021-08-11-08-00-00", "alternatives": ["1", "178", "1"]}, {"date": "2021-08-11-08-00-00", "alternatives": ["1", "178", "1"]}, {"date": "2021-08-11-08-00-00", "alternatives": ["1", "178", "1"]}, {"date": "2021-08-11-08-00-00", "alternatives": ["1", "178", "1"]}, {"date": "2021-08-11-08-00-00", "alternatives": ["1", "178", "1"]}, {"date": "2021-08-11-08-00-00", "alternatives": ["1", "178", "1"]}, {"date": "2021-08-11-08-00-00", "alternatives": ["52", "526", "52"]}, {"date": "2021-08-11-08-00-00", "alternatives": ["52", "526", "52"]}, {"date": "2021-08-11-03-00-00", "alternatives": ["1", "5", "1"]}, {"date": "2021-08-11-03-00-00", "alternatives": ["1", "5", "1"]}, {"date": "2021-08-11-03-00-00", "alternatives": ["1", "5", "1"]}, {"date": "2021-08-11-03-00-00", "alternatives": ["1", "5", "1"]}, {"date": "2021-08-11-03-00-00", "alternatives": ["1", "5", "1"]}, {"date": "2021-08-11-02-00-00", "alternatives": ["4", "54", "4"]}, {"date": "2021-08-11-02-00-00", "alternatives": ["4", "54", "4"]}]}, {"location": {"country_code": "br"}, "game_id": "273195", "values": [{"date": "2021-08-11-03-00-00", "alternatives": ["47", "4", "4"]}, {"date": "2021-08-11-03-00-00", "alternatives": ["47", "4", "4"]}, {"date": "2021-08-11-03-00-00", "alternatives": ["47", "4", "4"]}, {"date": "2021-08-12-02-00-00", "alternatives": ["19", "6", "19"]}, {"date": "2021-08-11-23-00-00", "alternatives": ["3801", "38", "38"]}, {"date": "2021-08-11-02-00-00", "alternatives": ["19", "8", "19"]}, {"date": "2021-08-12-01-00-00", "alternatives": ["33", "13", "13"]}, {"date": "2021-08-11-04-00-00", "alternatives": ["3", "3", "13"]}]}, {"location": {"country_code": "br", "region": "Parana", "city": "Apucarana"}, "game_id": "273195", "values": [{"date": "2021-08-12-01-00-00", "alternatives": ["29", "29", "20"]}]}, {"location": {"country_code": "br", "region": "Sao Paulo", "city": "Apiai"}, "game_id": "273195", "values": [{"date": "2021-08-11-07-00-00", "alternatives": ["3", "83", "3"]}, {"date": "2021-08-11-07-00-00", "alternatives": ["3", "83", "3"]}, {"date": "2021-08-11-07-00-00", "alternatives": ["3", "83", "3"]}, {"date": "2021-08-11-07-00-00", "alternatives": ["3", "83", "3"]}, {"date": "2021-08-11-07-00-00", "alternatives": ["3", "83", "3"]}, {"date": "2021-08-11-07-00-00", "alternatives": ["3", "83", "3"]}, {"date": "2021-08-11-08-00-00", "alternatives": ["16", "16", "3"]}, {"date": "2021-08-11-08-00-00", "alternatives": ["16", "16", "3"]}, {"date": "2021-08-11-08-00-00", "alternatives": ["16", "16", "3"]}, {"date": "2021-08-11-07-00-00", "alternatives": ["2", "12", "2"]}, {"date": "2021-08-11-07-00-00", "alternatives": ["8", "8", "83"]}, {"date": "2021-08-11-07-00-00", "alternatives": ["8", "8", "83"]}, {"date": "2021-08-11-07-00-00", "alternatives": ["8", "8", "83"]}, {"date": "2021-08-11-07-00-00", "alternatives": ["8", "8", "83"]}, {"date": "2021-08-11-07-00-00", "alternatives": ["8", "8", "83"]}, {"date": "2021-08-11-07-00-00", "alternatives": ["8", "8", "83"]}, {"date": "2021-08-11-07-00-00", "alternatives": ["8", "8", "83"]}, {"date": "2021-08-11-07-00-00", "alternatives": ["8", "8", "83"]}, {"date": "2021-08-11-07-00-00", "alternatives": ["8", "8", "83"]}, {"date": "2021-08-11-07-00-00", "alternatives": ["8", "8", "83"]}, {"date": "2021-08-11-07-00-00", "alternatives": ["8", "8", "83"]}, {"date": "2021-08-11-05-00-00", "alternatives": ["265", "26", "26"]}, {"date": "2021-08-11-05-00-00", "alternatives": ["265", "26", "26"]}, {"date": "2021-08-11-05-00-00", "alternatives": ["265", "26", "26"]}, {"date": "2021-08-11-05-00-00", "alternatives": ["265", "26", "26"]}, {"date": "2021-08-11-05-00-00", "alternatives": ["265", "26", "26"]}]}, {"location": {"country_code": "se"}, "game_id": "273195", "values": [{"date": "2021-08-11-21-00-00", "alternatives": ["2305", "23", "23"]}, {"date": "2021-08-12-02-00-00", "alternatives": ["4305", "143", "143"]}, {"date": "2021-08-12-02-00-00", "alternatives": ["4305", "143", "143"]}, {"date": "2021-08-11-19-00-00", "alternatives": ["3", "35", "3"]}, {"date": "2021-08-11-19-00-00", "alternatives": ["3", "35", "3"]}, {"date": "2021-08-11-19-00-00", "alternatives": ["3", "35", "3"]}, {"date": "2021-08-11-22-00-00", "alternatives": ["39", "39", "20"]}]}, {"location": {"country_code": "no"}, "game_id": "273195", "values": [{"date": "2021-08-11-19-00-00", "alternatives": ["4", "40", "4"]}, {"date": "2021-08-11-19-00-00", "alternatives": ["4", "40", "4"]}, {"date": "2021-08-11-19-00-00", "alternatives": ["4", "40", "4"]}, {"date": "2021-08-11-19-00-00", "alternatives": ["4", "40", "4"]}]}, {"location": {"country_code": "us", "region": "California", "city": "East Los Angeles"}, "game_id": "273195", "values": [{"date": "2021-08-11-05-00-00", "alternatives": ["62", "6", "6"]}, {"date": "2021-08-11-05-00-00", "alternatives": ["62", "6", "6"]}]}, {"location": {"country_code": "us", "region": "Ohio", "city": "Cincinnati"}, "game_id": "273195", "values": [{"date": "2021-08-11-04-00-00", "alternatives": ["35", "35", "34"]}]}, {"location": {"country_code": "au"}, "game_id": "273195", "values": [{"date": "2021-08-11-05-00-00", "alternatives": ["30", "50", "30"]}, {"date": "2021-08-11-05-00-00", "alternatives": ["30", "50", "30"]}, {"date": "2021-08-11-05-00-00", "alternatives": ["30", "50", "30"]}, {"date": "2021-08-11-05-00-00", "alternatives": ["30", "50", "30"]}, {"date": "2021-08-11-14-00-00", "alternatives": ["3", "53", "3"]}, {"date": "2021-08-11-14-00-00", "alternatives": ["3", "53", "3"]}, {"date": "2021-08-11-13-00-00", "alternatives": ["1", "1", "14"]}]}, {"location": {"country_code": "us", "region": "Texas", "city": "Austin"}, "game_id": "273195", "values": [{"date": "2021-08-11-08-00-00", "alternatives": ["35", "85", "35"]}, {"date": "2021-08-11-08-00-00", "alternatives": ["35", "85", "35"]}, {"date": "2021-08-11-08-00-00", "alternatives": ["35", "85", "35"]}, {"date": "2021-08-11-08-00-00", "alternatives": ["35", "85", "35"]}, {"date": "2021-08-11-08-00-00", "alternatives": ["35", "85", "35"]}]}, {"location": {"country_code": "dk"}, "game_id": "273195", "values": [{"date": "2021-08-11-14-00-00", "alternatives": ["195", "195", "1085"]}, {"date": "2021-08-11-14-00-00", "alternatives": ["195", "195", "1085"]}, {"date": "2021-08-11-14-00-00", "alternatives": ["195", "195", "1085"]}]}, {"location": {"country_code": "us", "region": "Iowa"}, "game_id": "273195", "values": [{"date": "2021-08-11-08-00-00", "alternatives": ["25", "25", "725"]}, {"date": "2021-08-11-08-00-00", "alternatives": ["25", "25", "725"]}, {"date": "2021-08-11-08-00-00", "alternatives": ["25", "25", "725"]}, {"date": "2021-08-11-02-00-00", "alternatives": ["2", "22", "2"]}]}, {"location": {"country_code": "ca", "region": "Ontario"}, "game_id": "273195", "values": [{"date": "2021-08-11-19-00-00", "alternatives": ["3", "3", "131"]}, {"date": "2021-08-11-19-00-00", "alternatives": ["3", "3", "131"]}, {"date": "2021-08-11-19-00-00", "alternatives": ["3", "3", "131"]}, {"date": "2021-08-11-19-00-00", "alternatives": ["3", "3", "131"]}, {"date": "2021-08-11-19-00-00", "alternatives": ["3", "3", "131"]}, {"date": "2021-08-11-19-00-00", "alternatives": ["3", "3", "131"]}]}, {"location": {"country_code": "us", "region": "California", "city": "San Francisco"}, "game_id": "273195", "values": [{"date": "2021-08-11-07-00-00", "alternatives": ["1", "5", "5"]}, {"date": "2021-08-11-07-00-00", "alternatives": ["1", "5", "5"]}, {"date": "2021-08-11-07-00-00", "alternatives": ["1", "5", "5"]}, {"date": "2021-08-11-07-00-00", "alternatives": ["1", "5", "5"]}, {"date": "2021-08-11-07-00-00", "alternatives": ["1", "5", "5"]}, {"date": "2021-08-11-07-00-00", "alternatives": ["1", "5", "5"]}, {"date": "2021-08-11-07-00-00", "alternatives": ["1", "5", "5"]}]}, {"location": {"country_code": "us", "region": "Pennsylvania", "city": "Philadelphia"}, "game_id": "273195", "values": [{"date": "2021-08-11-22-00-00", "alternatives": ["42", "42", "472"]}]}, {"location": {"country_code": "es"}, "game_id": "273195", "values": [{"date": "2021-08-11-18-00-00", "alternatives": ["4", "8", "8"]}, {"date": "2021-08-11-18-00-00", "alternatives": ["4", "8", "8"]}, {"date": "2021-08-11-14-00-00", "alternatives": ["27", "271", "27"]}, {"date": "2021-08-11-14-00-00", "alternatives": ["27", "271", "27"]}, {"date": "2021-08-11-14-00-00", "alternatives": ["27", "271", "27"]}, {"date": "2021-08-11-14-00-00", "alternatives": ["27", "271", "27"]}, {"date": "2021-08-11-14-00-00", "alternatives": ["27", "271", "27"]}]}, {"location": {"country_code": "es", "region": "Basque Country"}, "game_id": "273195", "values": [{"date": "2021-08-11-19-00-00", "alternatives": ["9", "9", "2"]}, {"date": "2021-08-11-19-00-00", "alternatives": ["9", "9", "2"]}, {"date": "2021-08-11-19-00-00", "alternatives": ["9", "9", "2"]}, {"date": "2021-08-11-19-00-00", "alternatives": ["9", "9", "2"]}, {"date": "2021-08-11-19-00-00", "alternatives": ["9", "9", "2"]}]}, {"location": {"country_code": "ar"}, "game_id": "273195", "values": [{"date": "2021-08-11-04-00-00", "alternatives": ["18", "18", "184"]}, {"date": "2021-08-11-04-00-00", "alternatives": ["18", "18", "184"]}, {"date": "2021-08-11-04-00-00", "alternatives": ["18", "18", "184"]}, {"date": "2021-08-11-06-00-00", "alternatives": ["1351", "135", "135"]}, {"date": "2021-08-11-06-00-00", "alternatives": ["1351", "135", "135"]}, {"date": "2021-08-11-06-00-00", "alternatives": ["1351", "135", "135"]}]}, {"location": {"country_code": "bo"}, "game_id": "273195", "values": [{"date": "2021-08-11-07-00-00", "alternatives": ["107", "10", "10"]}]}, {"location": {"country_code": "us", "region": "Michigan", "city": "Detroit"}, "game_id": "273195", "values": [{"date": "2021-08-12-01-00-00", "alternatives": ["38", "38", "19"]}]}, {"location": {"country_code": "fi"}, "game_id": "273195", "values": [{"date": "2021-08-11-23-00-00", "alternatives": ["26", "20", "26"]}]}, {"location": {"country_code": "fi", "region": "Uusimaa", "city": "Espoo"}, "game_id": "273195", "values": [{"date": "2021-08-11-19-00-00", "alternatives": ["2", "21", "2"]}]}, {"location": {"country_code": "us", "region": "Hawaii"}, "game_id": "273195", "values": [{"date": "2021-08-11-07-00-00", "alternatives": ["97", "97", "37"]}, {"date": "2021-08-11-07-00-00", "alternatives": ["97", "97", "37"]}, {"date": "2021-08-11-07-00-00", "alternatives": ["97", "97", "37"]}, {"date": "2021-08-11-07-00-00", "alternatives": ["97", "97", "37"]}, {"date": "2021-08-11-07-00-00", "alternatives": ["97", "97", "37"]}, {"date": "2021-08-11-07-00-00", "alternatives": ["97", "97", "37"]}, {"date": "2021-08-11-07-00-00", "alternatives": ["97", "97", "37"]}]}, {"location": {"country_code": "ca", "region": "Alberta"}, "game_id": "273195", "values": [{"date": "2021-08-11-07-00-00", "alternatives": ["95", "95", "35"]}, {"date": "2021-08-11-07-00-00", "alternatives": ["95", "95", "35"]}, {"date": "2021-08-11-07-00-00", "alternatives": ["95", "95", "35"]}, {"date": "2021-08-11-07-00-00", "alternatives": ["95", "95", "35"]}, {"date": "2021-08-11-07-00-00", "alternatives": ["95", "95", "35"]}, {"date": "2021-08-11-07-00-00", "alternatives": ["95", "95", "35"]}, {"date": "2021-08-11-07-00-00", "alternatives": ["95", "95", "35"]}, {"date": "2021-08-11-07-00-00", "alternatives": ["95", "95", "35"]}, {"date": "2021-08-11-07-00-00", "alternatives": ["95", "95", "35"]}, {"date": "2021-08-11-07-00-00", "alternatives": ["95", "95", "35"]}, {"date": "2021-08-11-07-00-00", "alternatives": ["95", "95", "35"]}, {"date": "2021-08-11-07-00-00", "alternatives": ["95", "95", "35"]}, {"date": "2021-08-11-07-00-00", "alternatives": ["95", "95", "35"]}, {"date": "2021-08-11-07-00-00", "alternatives": ["95", "95", "35"]}, {"date": "2021-08-11-07-00-00", "alternatives": ["95", "95", "35"]}]}, {"location": {"country_code": "de", "region": "Free and Hanseatic City of Hamburg", "city": "Hamburg"}, "game_id": "273195", "values": [{"date": "2021-08-11-22-00-00", "alternatives": ["2", "21", "2"]}]}, {"location": {"country_code": "ru", "region": "Moscow", "city": "Zelenograd"}, "game_id": "273195", "values": [{"date": "2021-08-12-00-00-00", "alternatives": ["9", "0", "9"]}, {"date": "2021-08-12-00-00-00", "alternatives": ["9", "0", "9"]}]}, {"location": {"country_code": "ar", "region": "Buenos Aires F.D.", "city": "Bahia Blanca"}, "game_id": "273195", "values": [{"date": "2021-08-11-08-00-00", "alternatives": ["3759", "3759", "3750"]}, {"date": "2021-08-11-08-00-00", "alternatives": ["3759", "3759", "3750"]}, {"date": "2021-08-11-08-00-00", "alternatives": ["3759", "3759", "3750"]}, {"date": "2021-08-11-08-00-00", "alternatives": ["3759", "3759", "3750"]}, {"date": "2021-08-11-06-00-00", "alternatives": ["13", "139", "13"]}, {"date": "2021-08-11-06-00-00", "alternatives": ["13", "139", "13"]}, {"date": "2021-08-11-06-00-00", "alternatives": ["13", "139", "13"]}, {"date": "2021-08-11-06-00-00", "alternatives": ["13", "139", "13"]}, {"date": "2021-08-12-01-00-00", "alternatives": ["36", "3", "3"]}, {"date": "2021-08-12-01-00-00", "alternatives": ["36", "3", "3"]}]}, {"location": {"country_code": "us", "region": "Virginia"}, "game_id": "273195", "values": [{"date": "2021-08-11-21-00-00", "alternatives": ["99", "5066", "99"]}, {"date": "2021-08-11-21-00-00", "alternatives": ["99", "5066", "99"]}, {"date": "2021-08-11-21-00-00", "alternatives": ["99", "5066", "99"]}, {"date": "2021-08-11-21-00-00", "alternatives": ["99", "5066", "99"]}, {"date": "2021-08-11-21-00-00", "alternatives": ["99", "5066", "99"]}, {"date": "2021-08-11-21-00-00", "alternatives": ["99", "5066", "99"]}, {"date": "2021-08-11-21-00-00", "alternatives": ["99", "5066", "99"]}]}, {"location": {"country_code": "jp", "region": "Tokyo"}, "game_id": "273195", "values": [{"date": "2021-08-11-17-00-00", "alternatives": ["4", "44", "4"]}, {"date": "2021-08-11-17-00-00", "alternatives": ["4", "44", "4"]}, {"date": "2021-08-11-17-00-00", "alternatives": ["4", "44", "4"]}]}, {"location": {"country_code": "us", "region": "Missouri", "city": "Downtown Kansas City"}, "game_id": "273195", "values": [{"date": "2021-08-11-04-00-00", "alternatives": ["26", "26", "20"]}, {"date": "2021-08-11-04-00-00", "alternatives": ["26", "26", "20"]}, {"date": "2021-08-11-04-00-00", "alternatives": ["26", "26", "20"]}, {"date": "2021-08-11-04-00-00", "alternatives": ["26", "26", "20"]}, {"date": "2021-08-11-04-00-00", "alternatives": ["26", "26", "20"]}]}, {"location": {"country_code": "au", "region": "South Australia", "city": "Adelaide"}, "game_id": "273195", "values": [{"date": "2021-08-11-22-00-00", "alternatives": ["35", "35", "39"]}, {"date": "2021-08-11-22-00-00", "alternatives": ["35", "35", "39"]}, {"date": "2021-08-11-22-00-00", "alternatives": ["35", "35", "39"]}]}, {"location": {"country_code": "us", "region": "Michigan"}, "game_id": "273195", "values": [{"date": "2021-08-11-03-00-00", "alternatives": ["123", "12", "12"]}, {"date": "2021-08-11-03-00-00", "alternatives": ["123", "12", "12"]}, {"date": "2021-08-11-07-00-00", "alternatives": ["46", "40", "46"]}, {"date": "2021-08-11-07-00-00", "alternatives": ["46", "40", "46"]}, {"date": "2021-08-11-07-00-00", "alternatives": ["46", "40", "46"]}, {"date": "2021-08-11-02-00-00", "alternatives": ["35", "35", "39"]}]}, {"location": {"country_code": "us", "region": "Illinois", "city": "Chicago"}, "game_id": "273195", "values": [{"date": "2021-08-11-15-00-00", "alternatives": ["116", "110", "110"]}, {"date": "2021-08-11-15-00-00", "alternatives": ["116", "110", "110"]}, {"date": "2021-08-11-15-00-00", "alternatives": ["116", "110", "110"]}, {"date": "2021-08-11-15-00-00", "alternatives": ["116", "110", "110"]}]}, {"location": {"country_code": "hu"}, "game_id": "273195", "values": [{"date": "2021-08-12-01-00-00", "alternatives": ["29", "29", "24"]}, {"date": "2021-08-12-01-00-00", "alternatives": ["29", "29", "24"]}]}, {"location": {"country_code": "us", "region": "Pennsylvania", "city": "Pittsburgh"}, "game_id": "273195", "values": [{"date": "2021-08-11-09-00-00", "alternatives": ["36", "3", "3"]}]}, {"location": {"country_code": "de", "region": "Bavaria"}, "game_id": "273195", "values": [{"date": "2021-08-11-18-00-00", "alternatives": ["19", "19", "16"]}]}, {"location": {"country_code": "at"}, "game_id": "273195", "values": [{"date": "2021-08-12-02-00-00", "alternatives": ["2", "27", "2"]}, {"date": "2021-08-12-02-00-00", "alternatives": ["2", "27", "2"]}, {"date": "2021-08-12-02-00-00", "alternatives": ["2", "27", "2"]}, {"date": "2021-08-12-02-00-00", "alternatives": ["2", "27", "2"]}, {"date": "2021-08-12-02-00-00", "alternatives": ["2", "27", "2"]}, {"date": "2021-08-12-02-00-00", "alternatives": ["2", "27", "2"]}, {"date": "2021-08-12-02-00-00", "alternatives": ["2", "27", "2"]}, {"date": "2021-08-12-02-00-00", "alternatives": ["2", "27", "2"]}, {"date": "2021-08-12-02-00-00", "alternatives": ["2", "27", "2"]}, {"date": "2021-08-12-02-00-00", "alternatives": ["2", "27", "2"]}, {"date": "2021-08-12-02-00-00", "alternatives": ["2", "27", "2"]}, {"date": "2021-08-12-02-00-00", "alternatives": ["2", "27", "2"]}]}, {"location": {"country_code": "us", "region": "Arizona"}, "game_id": "273195", "values": [{"date": "2021-08-11-07-00-00", "alternatives": ["53", "53", "93"]}, {"date": "2021-08-11-07-00-00", "alternatives": ["53", "53", "93"]}, {"date": "2021-08-11-07-00-00", "alternatives": ["53", "53", "93"]}, {"date": "2021-08-11-07-00-00", "alternatives": ["53", "53", "93"]}, {"date": "2021-08-11-07-00-00", "alternatives": ["53", "53", "93"]}, {"date": "2021-08-11-06-00-00", "alternatives": ["2", "52", "2"]}, {"date": "2021-08-11-06-00-00", "alternatives": ["2", "52", "2"]}, {"date": "2021-08-11-06-00-00", "alternatives": ["2", "52", "2"]}, {"date": "2021-08-11-07-00-00", "alternatives": ["5", "55", "5"]}, {"date": "2021-08-11-07-00-00", "alternatives": ["5", "55", "5"]}, {"date": "2021-08-11-07-00-00", "alternatives": ["5", "55", "5"]}]}, {"location": {"country_code": "pl"}, "game_id": "273195", "values": [{"date": "2021-08-11-23-00-00", "alternatives": ["5", "5", "15"]}, {"date": "2021-08-11-23-00-00", "alternatives": ["5", "5", "15"]}, {"date": "2021-08-11-23-00-00", "alternatives": ["5", "5", "15"]}]}, {"location": {"country_code": "us", "region": "Nevada", "city": "Las Vegas"}, "game_id": "273195", "values": [{"date": "2021-08-11-04-00-00", "alternatives": ["69", "69", "60"]}, {"date": "2021-08-11-04-00-00", "alternatives": ["6", "6", "61"]}, {"date": "2021-08-11-04-00-00", "alternatives": ["6", "6", "61"]}, {"date": "2021-08-11-04-00-00", "alternatives": ["6", "6", "61"]}, {"date": "2021-08-11-04-00-00", "alternatives": ["6", "6", "61"]}, {"date": "2021-08-11-04-00-00", "alternatives": ["6", "6", "61"]}, {"date": "2021-08-11-04-00-00", "alternatives": ["6", "6", "61"]}, {"date": "2021-08-11-04-00-00", "alternatives": ["6", "6", "61"]}, {"date": "2021-08-11-04-00-00", "alternatives": ["6", "6", "61"]}, {"date": "2021-08-11-04-00-00", "alternatives": ["6", "6", "61"]}]}, {"location": {"country_code": "gb", "region": "England", "city": "London"}, "game_id": "273195", "values": [{"date": "2021-08-11-15-00-00", "alternatives": ["36", "36", "16"]}, {"date": "2021-08-11-17-00-00", "alternatives": ["15", "15", "19"]}, {"date": "2021-08-11-17-00-00", "alternatives": ["15", "15", "19"]}, {"date": "2021-08-11-17-00-00", "alternatives": ["15", "15", "19"]}, {"date": "2021-08-11-17-00-00", "alternatives": ["15", "15", "19"]}, {"date": "2021-08-11-17-00-00", "alternatives": ["15", "15", "19"]}, {"date": "2021-08-11-05-00-00", "alternatives": ["196", "194", "194"]}, {"date": "2021-08-11-05-00-00", "alternatives": ["196", "194", "194"]}, {"date": "2021-08-11-05-00-00", "alternatives": ["196", "194", "194"]}, {"date": "2021-08-11-05-00-00", "alternatives": ["196", "194", "194"]}]}, {"location": {"country_code": "br", "region": "Minas Gerais"}, "game_id": "273195", "values": [{"date": "2021-08-11-08-00-00", "alternatives": ["19", "19", "15"]}, {"date": "2021-08-11-08-00-00", "alternatives": ["19", "19", "15"]}, {"date": "2021-08-11-03-00-00", "alternatives": ["9", "10", "10"]}, {"date": "2021-08-11-03-00-00", "alternatives": ["9", "10", "10"]}, {"date": "2021-08-11-06-00-00", "alternatives": ["2", "17", "17"]}, {"date": "2021-08-11-06-00-00", "alternatives": ["2", "17", "17"]}, {"date": "2021-08-11-06-00-00", "alternatives": ["2", "17", "17"]}, {"date": "2021-08-11-06-00-00", "alternatives": ["2", "17", "17"]}, {"date": "2021-08-11-06-00-00", "alternatives": ["2", "17", "17"]}, {"date": "2021-08-11-06-00-00", "alternatives": ["2", "17", "17"]}, {"date": "2021-08-11-06-00-00", "alternatives": ["2", "17", "17"]}, {"date": "2021-08-11-06-00-00", "alternatives": ["2", "17", "17"]}, {"date": "2021-08-11-06-00-00", "alternatives": ["2", "17", "17"]}, {"date": "2021-08-11-06-00-00", "alternatives": ["2", "17", "17"]}, {"date": "2021-08-11-06-00-00", "alternatives": ["2", "17", "17"]}, {"date": "2021-08-11-06-00-00", "alternatives": ["2", "17", "17"]}, {"date": "2021-08-11-06-00-00", "alternatives": ["2", "17", "17"]}, {"date": "2021-08-11-06-00-00", "alternatives": ["2", "17", "17"]}, {"date": "2021-08-11-06-00-00", "alternatives": ["2", "17", "17"]}]}, {"location": {"country_code": "tr", "region": "Marmara Bolgesi", "city": "Istanbul"}, "game_id": "273195", "values": [{"date": "2021-08-11-14-00-00", "alternatives": ["68", "8", "8"]}]}, {"location": {"country_code": "ca", "region": "Ontario", "city": "Toronto"}, "game_id": "273195", "values": [{"date": "2021-08-11-22-00-00", "alternatives": ["39", "39", "38"]}, {"date": "2021-08-11-22-00-00", "alternatives": ["39", "39", "38"]}, {"date": "2021-08-11-22-00-00", "alternatives": ["39", "39", "38"]}]}, {"location": {"country_code": "my"}, "game_id": "273195", "values": [{"date": "2021-08-11-18-00-00", "alternatives": ["6", "13", "13"]}, {"date": "2021-08-11-18-00-00", "alternatives": ["6", "13", "13"]}, {"date": "2021-08-11-18-00-00", "alternatives": ["6", "13", "13"]}, {"date": "2021-08-11-16-00-00", "alternatives": ["11", "15", "15"]}]}, {"location": {"country_code": "au", "region": "New South Wales", "city": "Newcastle"}, "game_id": "273195", "values": [{"date": "2021-08-11-13-00-00", "alternatives": ["107", "107", "187"]}]}, {"location": {"country_code": "au", "region": "Western Australia", "city": "Perth"}, "game_id": "273195", "values": [{"date": "2021-08-11-16-00-00", "alternatives": ["23", "23", "723"]}, {"date": "2021-08-11-16-00-00", "alternatives": ["23", "23", "723"]}, {"date": "2021-08-11-16-00-00", "alternatives": ["23", "23", "723"]}]}, {"location": {"country_code": "pt"}, "game_id": "273195", "values": [{"date": "2021-08-11-02-00-00", "alternatives": ["234", "234", "233"]}]}, {"location": {"country_code": "us", "region": "Colorado"}, "game_id": "273195", "values": [{"date": "2021-08-11-19-00-00", "alternatives": ["3", "29", "29"]}]}, {"location": {"country_code": "br", "region": "State of Rio de Janeiro", "city": "Angra dos Reis"}, "game_id": "273195", "values": [{"date": "2021-08-11-05-00-00", "alternatives": ["14", "1400", "14"]}, {"date": "2021-08-11-05-00-00", "alternatives": ["14", "1400", "14"]}]}, {"location": {"country_code": "es", "region": "Andalusia", "city": "Seville"}, "game_id": "273195", "values": [{"date": "2021-08-11-20-00-00", "alternatives": ["3", "37", "3"]}, {"date": "2021-08-11-20-00-00", "alternatives": ["3", "37", "3"]}, {"date": "2021-08-11-20-00-00", "alternatives": ["3", "37", "3"]}, {"date": "2021-08-11-20-00-00", "alternatives": ["3", "37", "3"]}, {"date": "2021-08-11-20-00-00", "alternatives": ["3", "37", "3"]}]}, {"location": {"country_code": "us", "region": "Kentucky"}, "game_id": "273195", "values": [{"date": "2021-08-11-05-00-00", "alternatives": ["1", "4", "4"]}, {"date": "2021-08-11-05-00-00", "alternatives": ["1", "4", "4"]}, {"date": "2021-08-11-05-00-00", "alternatives": ["1", "4", "4"]}, {"date": "2021-08-11-05-00-00", "alternatives": ["1", "4", "4"]}, {"date": "2021-08-11-05-00-00", "alternatives": ["1", "4", "4"]}, {"date": "2021-08-11-05-00-00", "alternatives": ["1", "4", "4"]}, {"date": "2021-08-11-05-00-00", "alternatives": ["1", "4", "4"]}, {"date": "2021-08-11-05-00-00", "alternatives": ["1", "4", "4"]}, {"date": "2021-08-11-05-00-00", "alternatives": ["1", "4", "4"]}, {"date": "2021-08-11-05-00-00", "alternatives": ["1", "4", "4"]}]}, {"location": {"country_code": "us", "region": "California", "city": "Irvine"}, "game_id": "273195", "values": [{"date": "2021-08-11-13-00-00", "alternatives": ["1", "8", "1"]}, {"date": "2021-08-11-13-00-00", "alternatives": ["1", "8", "1"]}, {"date": "2021-08-11-13-00-00", "alternatives": ["1", "8", "1"]}, {"date": "2021-08-11-13-00-00", "alternatives": ["1", "8", "1"]}, {"date": "2021-08-11-13-00-00", "alternatives": ["1", "8", "1"]}, {"date": "2021-08-11-13-00-00", "alternatives": ["1", "8", "1"]}, {"date": "2021-08-11-13-00-00", "alternatives": ["1", "8", "1"]}]}, {"location": {"country_code": "us", "region": "Minnesota"}, "game_id": "273195", "values": [{"date": "2021-08-12-02-00-00", "alternatives": ["29", "29", "20"]}, {"date": "2021-08-12-02-00-00", "alternatives": ["29", "29", "20"]}, {"date": "2021-08-11-08-00-00", "alternatives": ["3", "37", "3"]}, {"date": "2021-08-11-08-00-00", "alternatives": ["3", "37", "3"]}, {"date": "2021-08-11-08-00-00", "alternatives": ["3", "37", "3"]}, {"date": "2021-08-12-01-00-00", "alternatives": ["31", "3", "3"]}, {"date": "2021-08-12-01-00-00", "alternatives": ["31", "3", "3"]}, {"date": "2021-08-12-01-00-00", "alternatives": ["31", "3", "3"]}]}, {"location": {"country_code": "us", "region": "Tennessee"}, "game_id": "273195", "values": [{"date": "2021-08-11-23-00-00", "alternatives": ["76", "7", "7"]}, {"date": "2021-08-11-23-00-00", "alternatives": ["76", "7", "7"]}, {"date": "2021-08-11-23-00-00", "alternatives": ["76", "7", "7"]}]}, {"location": {"country_code": "us", "region": "Florida", "city": "Miami"}, "game_id": "273195", "values": [{"date": "2021-08-12-01-00-00", "alternatives": ["43", "48", "43"]}]}, {"location": {"country_code": "fr", "region": "Ile-de-France Region", "city": "Paris"}, "game_id": "273195", "values": [{"date": "2021-08-11-17-00-00", "alternatives": ["13", "13", "12"]}]}, {"location": {"country_code": "fr", "region": "Aquitania-Limosino-Poitou-Charentes", "city": "Bordeaux"}, "game_id": "273195", "values": [{"date": "2021-08-11-12-00-00", "alternatives": ["1", "1", "11"]}]}, {"location": {"country_code": "br", "region": "Rio Grande do Sul"}, "game_id": "273195", "values": [{"date": "2021-08-11-22-00-00", "alternatives": ["9", "21", "21"]}, {"date": "2021-08-11-22-00-00", "alternatives": ["9", "21", "21"]}, {"date": "2021-08-11-22-00-00", "alternatives": ["9", "21", "21"]}, {"date": "2021-08-11-22-00-00", "alternatives": ["9", "21", "21"]}, {"date": "2021-08-12-02-00-00", "alternatives": ["9", "9", "39"]}, {"date": "2021-08-12-02-00-00", "alternatives": ["9", "9", "39"]}]}, {"location": {"country_code": "us", "region": "Arizona", "city": "Phoenix"}, "game_id": "273195", "values": [{"date": "2021-08-11-06-00-00", "alternatives": ["6", "6", "60"]}]}, {"location": {"country_code": "kw"}, "game_id": "273195", "values": [{"date": "2021-08-11-20-00-00", "alternatives": ["14", "14", "114"]}, {"date": "2021-08-11-20-00-00", "alternatives": ["14", "14", "114"]}, {"date": "2021-08-11-20-00-00", "alternatives": ["14", "14", "114"]}, {"date": "2021-08-11-20-00-00", "alternatives": ["14", "14", "114"]}]}, {"location": {"country_code": "us", "region": "State of Maine"}, "game_id": "273195", "values": [{"date": "2021-08-11-21-00-00", "alternatives": ["6", "56", "6"]}]}, {"location": {"country_code": "us", "region": "Georgia", "city": "Atlanta"}, "game_id": "273195", "values": [{"date": "2021-08-11-04-00-00", "alternatives": ["1", "1", "51"]}, {"date": "2021-08-11-04-00-00", "alternatives": ["1", "1", "51"]}, {"date": "2021-08-11-19-00-00", "alternatives": ["4", "4", "40"]}, {"date": "2021-08-11-19-00-00", "alternatives": ["4", "4", "40"]}, {"date": "2021-08-11-19-00-00", "alternatives": ["4", "4", "40"]}, {"date": "2021-08-11-06-00-00", "alternatives": ["370", "37", "37"]}, {"date": "2021-08-11-06-00-00", "alternatives": ["370", "37", "37"]}, {"date": "2021-08-11-06-00-00", "alternatives": ["370", "37", "37"]}, {"date": "2021-08-11-06-00-00", "alternatives": ["370", "37", "37"]}, {"date": "2021-08-11-06-00-00", "alternatives": ["370", "37", "37"]}, {"date": "2021-08-11-06-00-00", "alternatives": ["370", "37", "37"]}, {"date": "2021-08-11-06-00-00", "alternatives": ["370", "37", "37"]}]}, {"location": {"country_code": "hr", "region": "Zagreb"}, "game_id": "273195", "values": [{"date": "2021-08-11-18-00-00", "alternatives": ["29", "29", "20"]}, {"date": "2021-08-11-18-00-00", "alternatives": ["29", "29", "20"]}, {"date": "2021-08-11-18-00-00", "alternatives": ["29", "29", "20"]}, {"date": "2021-08-11-18-00-00", "alternatives": ["29", "29", "20"]}, {"date": "2021-08-11-18-00-00", "alternatives": ["29", "29", "20"]}, {"date": "2021-08-11-18-00-00", "alternatives": ["29", "29", "20"]}]}, {"location": {"country_code": "gb", "region": "England", "city": "Liverpool"}, "game_id": "273195", "values": [{"date": "2021-08-11-15-00-00", "alternatives": ["3", "3", "31"]}]}, {"location": {"country_code": "us", "region": "North Carolina", "city": "Raleigh"}, "game_id": "273195", "values": [{"date": "2021-08-11-22-00-00", "alternatives": ["60", "60", "1"]}, {"date": "2021-08-11-22-00-00", "alternatives": ["60", "60", "1"]}, {"date": "2021-08-11-22-00-00", "alternatives": ["60", "60", "1"]}, {"date": "2021-08-11-22-00-00", "alternatives": ["60", "60", "1"]}, {"date": "2021-08-11-22-00-00", "alternatives": ["60", "60", "1"]}, {"date": "2021-08-11-22-00-00", "alternatives": ["60", "60", "1"]}, {"date": "2021-08-11-22-00-00", "alternatives": ["60", "60", "1"]}, {"date": "2021-08-11-22-00-00", "alternatives": ["60", "60", "1"]}]}, {"location": {"country_code": "be", "region": "Liege Province", "city": "Liege"}, "game_id": "273195", "values": [{"date": "2021-08-11-23-00-00", "alternatives": ["2", "2", "22"]}, {"date": "2021-08-11-23-00-00", "alternatives": ["2", "2", "22"]}, {"date": "2021-08-11-23-00-00", "alternatives": ["2", "2", "22"]}]}, {"location": {"country_code": "ch", "region": "Canton of Zurich", "city": "Zurich"}, "game_id": "273195", "values": [{"date": "2021-08-11-19-00-00", "alternatives": ["6", "1", "1"]}, {"date": "2021-08-11-19-00-00", "alternatives": ["6", "1", "1"]}, {"date": "2021-08-11-19-00-00", "alternatives": ["6", "1", "1"]}]}, {"location": {"country_code": "us", "region": "Missouri", "city": "St. Louis"}, "game_id": "273195", "values": [{"date": "2021-08-11-05-00-00", "alternatives": ["25", "25", "29"]}]}, {"location": {"country_code": "fr", "region": "Nord-Passo di Calais-Piccardia", "city": "Lille"}, "game_id": "273195", "values": [{"date": "2021-08-11-16-00-00", "alternatives": ["220", "22", "22"]}]}, {"location": {"country_code": "us", "region": "Rhode Island"}, "game_id": "273195", "values": [{"date": "2021-08-11-15-00-00", "alternatives": ["3", "43", "3"]}, {"date": "2021-08-11-15-00-00", "alternatives": ["3", "43", "3"]}, {"date": "2021-08-11-15-00-00", "alternatives": ["3", "43", "3"]}, {"date": "2021-08-11-15-00-00", "alternatives": ["3", "43", "3"]}]}, {"location": {"country_code": "us", "region": "Washington", "city": "Seattle"}, "game_id": "273195", "values": [{"date": "2021-08-11-08-00-00", "alternatives": ["2", "52", "2"]}]}, {"location": {"country_code": "za", "region": "Western Cape", "city": "Cape Town"}, "game_id": "273195", "values": [{"date": "2021-08-11-23-00-00", "alternatives": ["61", "16", "16"]}, {"date": "2021-08-11-23-00-00", "alternatives": ["61", "16", "16"]}, {"date": "2021-08-11-23-00-00", "alternatives": ["61", "16", "16"]}, {"date": "2021-08-11-23-00-00", "alternatives": ["61", "16", "16"]}]}, {"location": {"country_code": "bg"}, "game_id": "273195", "values": [{"date": "2021-08-11-15-00-00", "alternatives": ["4", "4", "34"]}, {"date": "2021-08-11-15-00-00", "alternatives": ["4", "4", "34"]}]}, {"location": {"country_code": "us", "region": "South Carolina", "city": "Pawleys Island"}, "game_id": "273195", "values": [{"date": "2021-08-12-01-00-00", "alternatives": ["4", "4", "54"]}]}, {"location": {"country_code": "br", "region": "State of Rio de Janeiro", "city": "Barra Mansa"}, "game_id": "273195", "values": [{"date": "2021-08-11-18-00-00", "alternatives": ["20", "20", "70"]}, {"date": "2021-08-11-18-00-00", "alternatives": ["20", "20", "70"]}, {"date": "2021-08-11-18-00-00", "alternatives": ["20", "20", "70"]}]}, {"location": {"country_code": "es", "region": "Valencia", "city": "Novelda"}, "game_id": "273195", "values": [{"date": "2021-08-11-13-00-00", "alternatives": ["36", "3", "3"]}]}, {"location": {"country_code": "br", "region": "Minas Gerais", "city": "Ituiutaba"}, "game_id": "273195", "values": [{"date": "2021-08-11-06-00-00", "alternatives": ["1676", "1676", "1646"]}, {"date": "2021-08-11-06-00-00", "alternatives": ["1676", "1676", "1646"]}, {"date": "2021-08-11-06-00-00", "alternatives": ["1676", "1676", "1646"]}, {"date": "2021-08-11-06-00-00", "alternatives": ["1676", "1676", "1646"]}, {"date": "2021-08-11-06-00-00", "alternatives": ["1676", "1676", "1646"]}, {"date": "2021-08-11-06-00-00", "alternatives": ["1676", "1676", "1646"]}, {"date": "2021-08-11-06-00-00", "alternatives": ["1676", "1676", "1646"]}, {"date": "2021-08-11-06-00-00", "alternatives": ["1676", "1676", "1646"]}, {"date": "2021-08-11-06-00-00", "alternatives": ["1676", "1676", "1646"]}, {"date": "2021-08-11-06-00-00", "alternatives": ["1676", "1676", "1646"]}, {"date": "2021-08-11-06-00-00", "alternatives": ["1676", "1676", "1646"]}, {"date": "2021-08-11-06-00-00", "alternatives": ["1676", "1676", "1646"]}]}, {"location": {"country_code": "br", "region": "Santa Catarina"}, "game_id": "273195", "values": [{"date": "2021-08-11-08-00-00", "alternatives": ["1", "17", "1"]}, {"date": "2021-08-11-08-00-00", "alternatives": ["1", "17", "1"]}, {"date": "2021-08-11-08-00-00", "alternatives": ["1", "17", "1"]}, {"date": "2021-08-11-08-00-00", "alternatives": ["1", "17", "1"]}, {"date": "2021-08-12-02-00-00", "alternatives": ["9", "9", "15"]}, {"date": "2021-08-12-02-00-00", "alternatives": ["9", "9", "15"]}]}, {"location": {"country_code": "us", "region": "Arkansas"}, "game_id": "273195", "values": [{"date": "2021-08-11-23-00-00", "alternatives": ["24", "24003", "24"]}, {"date": "2021-08-11-23-00-00", "alternatives": ["24", "24003", "24"]}]}, {"location": {"country_code": "jp", "region": "Ishikari", "city": "Sapporo"}, "game_id": "273195", "values": [{"date": "2021-08-11-11-00-00", "alternatives": ["52", "52", "92"]}, {"date": "2021-08-11-11-00-00", "alternatives": ["52", "52", "92"]}, {"date": "2021-08-11-11-00-00", "alternatives": ["52", "52", "92"]}]}, {"location": {"country_code": "pt", "region": "Northern Mariana Islands", "city": "Porto"}, "game_id": "273195", "values": [{"date": "2021-08-12-00-00-00", "alternatives": ["43", "43", "943"]}]}, {"location": {"country_code": "us", "region": "Idaho"}, "game_id": "273195", "values": [{"date": "2021-08-11-02-00-00", "alternatives": ["18", "18", "184"]}, {"date": "2021-08-11-02-00-00", "alternatives": ["18", "18", "184"]}]}, {"location": {"country_code": "se", "region": "Vastra Gotaland County", "city": "Gothenburg"}, "game_id": "273195", "values": [{"date": "2021-08-12-02-00-00", "alternatives": ["9", "21", "21"]}, {"date": "2021-08-12-02-00-00", "alternatives": ["9", "21", "21"]}, {"date": "2021-08-12-02-00-00", "alternatives": ["9", "21", "21"]}, {"date": "2021-08-12-02-00-00", "alternatives": ["9", "21", "21"]}, {"date": "2021-08-12-02-00-00", "alternatives": ["9", "21", "21"]}, {"date": "2021-08-12-02-00-00", "alternatives": ["9", "21", "21"]}, {"date": "2021-08-12-00-00-00", "alternatives": ["23", "28", "28"]}, {"date": "2021-08-12-00-00-00", "alternatives": ["23", "28", "28"]}, {"date": "2021-08-12-00-00-00", "alternatives": ["23", "28", "28"]}, {"date": "2021-08-12-00-00-00", "alternatives": ["23", "28", "28"]}]}, {"location": {"country_code": "de", "region": "Schleswig-Holstein"}, "game_id": "273195", "values": [{"date": "2021-08-12-01-00-00", "alternatives": ["2", "20", "2"]}, {"date": "2021-08-12-01-00-00", "alternatives": ["2", "20", "2"]}, {"date": "2021-08-12-01-00-00", "alternatives": ["2", "20", "2"]}]}, {"location": {"country_code": "us", "region": "North Carolina", "city": "Winston-Salem"}, "game_id": "273195", "values": [{"date": "2021-08-12-01-00-00", "alternatives": ["8", "58", "8"]}, {"date": "2021-08-12-01-00-00", "alternatives": ["8", "58", "8"]}]}, {"location": {"country_code": "fr", "region": "Alsazia-Champagne-Ardenne-Lorena", "city": "Strasbourg"}, "game_id": "273195", "values": [{"date": "2021-08-11-20-00-00", "alternatives": ["7", "2", "2"]}]}, {"location": {"country_code": "ca", "region": "Ontario", "city": "Hamilton"}, "game_id": "273195", "values": [{"date": "2021-08-11-21-00-00", "alternatives": ["43", "4515", "43"]}]}, {"location": {"country_code": "us", "region": "Washington", "city": "Ocean Shores"}, "game_id": "273195", "values": [{"date": "2021-08-11-20-00-00", "alternatives": ["3", "73", "3"]}, {"date": "2021-08-11-20-00-00", "alternatives": ["3", "73", "3"]}]}, {"location": {"country_code": "jo"}, "game_id": "273195", "values": [{"date": "2021-08-11-02-00-00", "alternatives": ["875", "8", "8"]}, {"date": "2021-08-11-02-00-00", "alternatives": ["875", "8", "8"]}, {"date": "2021-08-11-02-00-00", "alternatives": ["875", "8", "8"]}, {"date": "2021-08-11-02-00-00", "alternatives": ["875", "8", "8"]}, {"date": "2021-08-11-02-00-00", "alternatives": ["875", "8", "8"]}, {"date": "2021-08-11-02-00-00", "alternatives": ["875", "8", "8"]}, {"date": "2021-08-11-02-00-00", "alternatives": ["875", "8", "8"]}]}, {"location": {"country_code": "ar", "region": "Santa Fe Province"}, "game_id": "273195", "values": [{"date": "2021-08-11-06-00-00", "alternatives": ["45", "9", "45"]}, {"date": "2021-08-11-06-00-00", "alternatives": ["45", "9", "45"]}, {"date": "2021-08-11-06-00-00", "alternatives": ["45", "9", "45"]}, {"date": "2021-08-11-06-00-00", "alternatives": ["45", "9", "45"]}, {"date": "2021-08-11-06-00-00", "alternatives": ["45", "9", "45"]}, {"date": "2021-08-11-06-00-00", "alternatives": ["45", "9", "45"]}, {"date": "2021-08-11-06-00-00", "alternatives": ["45", "9", "45"]}, {"date": "2021-08-11-06-00-00", "alternatives": ["45", "9", "45"]}, {"date": "2021-08-11-06-00-00", "alternatives": ["45", "9", "45"]}, {"date": "2021-08-11-06-00-00", "alternatives": ["45", "9", "45"]}, {"date": "2021-08-11-06-00-00", "alternatives": ["45", "9", "45"]}, {"date": "2021-08-11-06-00-00", "alternatives": ["45", "9", "45"]}, {"date": "2021-08-11-06-00-00", "alternatives": ["45", "9", "45"]}, {"date": "2021-08-11-06-00-00", "alternatives": ["45", "9", "45"]}, {"date": "2021-08-11-06-00-00", "alternatives": ["45", "9", "45"]}]}, {"location": {"country_code": "gb", "region": "England", "city": "Newcastle upon Tyne"}, "game_id": "273195", "values": [{"date": "2021-08-11-18-00-00", "alternatives": ["201", "20", "20"]}, {"date": "2021-08-11-18-00-00", "alternatives": ["201", "20", "20"]}, {"date": "2021-08-11-18-00-00", "alternatives": ["201", "20", "20"]}, {"date": "2021-08-11-18-00-00", "alternatives": ["201", "20", "20"]}]}, {"location": {"country_code": "jp", "region": "Kyoto"}, "game_id": "273195", "values": [{"date": "2021-08-11-09-00-00", "alternatives": ["39", "39", "38"]}]}, {"location": {"country_code": "br", "region": "Minas Gerais", "city": "Barbacena"}, "game_id": "273195", "values": [{"date": "2021-08-11-09-00-00", "alternatives": ["49", "49", "39"]}, {"date": "2021-08-11-09-00-00", "alternatives": ["49", "49", "39"]}, {"date": "2021-08-11-09-00-00", "alternatives": ["49", "49", "39"]}]}, {"location": {"country_code": "cl", "region": "Biobio", "city": "Coronel"}, "game_id": "273195", "values": [{"date": "2021-08-11-02-00-00", "alternatives": ["9", "59", "9"]}, {"date": "2021-08-11-02-00-00", "alternatives": ["9", "59", "9"]}, {"date": "2021-08-11-02-00-00", "alternatives": ["9", "59", "9"]}, {"date": "2021-08-11-02-00-00", "alternatives": ["9", "59", "9"]}, {"date": "2021-08-11-02-00-00", "alternatives": ["9", "59", "9"]}, {"date": "2021-08-11-02-00-00", "alternatives": ["9", "59", "9"]}]}, {"location": {"country_code": "de", "region": "Baden-Wurttemberg", "city": "Heidelberg"}, "game_id": "273195", "values": [{"date": "2021-08-11-11-00-00", "alternatives": ["85", "8", "8"]}, {"date": "2021-08-11-11-00-00", "alternatives": ["85", "8", "8"]}]}, {"location": {"country_code": "br", "region": "Santa Catarina", "city": "Brusque"}, "game_id": "273195", "values": [{"date": "2021-08-11-03-00-00", "alternatives": ["6", "1", "1"]}]}, {"location": {"country_code": "bg", "region": "Sofia-Capital", "city": "Sofia"}, "game_id": "273195", "values": [{"date": "2021-08-12-01-00-00", "alternatives": ["9", "27", "27"]}, {"date": "2021-08-12-01-00-00", "alternatives": ["9", "27", "27"]}, {"date": "2021-08-12-01-00-00", "alternatives": ["9", "27", "27"]}, {"date": "2021-08-12-01-00-00", "alternatives": ["9", "27", "27"]}, {"date": "2021-08-12-01-00-00", "alternatives": ["9", "27", "27"]}, {"date": "2021-08-12-01-00-00", "alternatives": ["9", "27", "27"]}]}, {"location": {"country_code": "ro", "region": "Iasi County"}, "game_id": "273195", "values": [{"date": "2021-08-12-01-00-00", "alternatives": ["38", "9", "38"]}, {"date": "2021-08-12-01-00-00", "alternatives": ["38", "9", "38"]}, {"date": "2021-08-12-01-00-00", "alternatives": ["38", "9", "38"]}, {"date": "2021-08-12-01-00-00", "alternatives": ["38", "9", "38"]}, {"date": "2021-08-12-01-00-00", "alternatives": ["38", "9", "38"]}, {"date": "2021-08-12-01-00-00", "alternatives": ["38", "9", "38"]}, {"date": "2021-08-12-01-00-00", "alternatives": ["38", "9", "38"]}]}, {"location": {"country_code": "pl", "region": "West Pomeranian Voivodeship"}, "game_id": "273195", "values": [{"date": "2021-08-11-19-00-00", "alternatives": ["26", "20", "26"]}, {"date": "2021-08-11-19-00-00", "alternatives": ["26", "20", "26"]}, {"date": "2021-08-11-19-00-00", "alternatives": ["26", "20", "26"]}]}, {"location": {"country_code": "us", "region": "Missouri", "city": "Columbia"}, "game_id": "273195", "values": [{"date": "2021-08-11-15-00-00", "alternatives": ["324", "32", "32"]}, {"date": "2021-08-11-15-00-00", "alternatives": ["324", "32", "32"]}, {"date": "2021-08-11-15-00-00", "alternatives": ["324", "32", "32"]}]}, {"location": {"country_code": "il"}, "game_id": "273195", "values": [{"date": "2021-08-11-23-00-00", "alternatives": ["31", "3", "3"]}, {"date": "2021-08-11-23-00-00", "alternatives": ["31", "3", "3"]}, {"date": "2021-08-11-23-00-00", "alternatives": ["31", "3", "3"]}, {"date": "2021-08-11-23-00-00", "alternatives": ["31", "3", "3"]}, {"date": "2021-08-11-23-00-00", "alternatives": ["31", "3", "3"]}, {"date": "2021-08-11-23-00-00", "alternatives": ["31", "3", "3"]}, {"date": "2021-08-11-23-00-00", "alternatives": ["31", "3", "3"]}]}, {"location": {"country_code": "nl", "region": "South Holland"}, "game_id": "273195", "values": [{"date": "2021-08-11-19-00-00", "alternatives": ["15", "15", "19"]}, {"date": "2021-08-11-19-00-00", "alternatives": ["15", "15", "19"]}]}, {"location": {"country_code": "pt", "region": "Lisbon District", "city": "Setubal"}, "game_id": "273195", "values": [{"date": "2021-08-12-00-00-00", "alternatives": ["49", "40", "40"]}]}, {"location": {"country_code": "se", "region": "Skane County", "city": "Malmo"}, "game_id": "273195", "values": [{"date": "2021-08-11-17-00-00", "alternatives": ["1", "2", "2"]}]}, {"location": {"country_code": "fr", "region": "Nord-Passo di Calais-Piccardia", "city": "Saint-Pol-sur-Ternoise"}, "game_id": "273195", "values": [{"date": "2021-08-12-01-00-00", "alternatives": ["18", "1305", "18"]}, {"date": "2021-08-12-01-00-00", "alternatives": ["18", "1305", "18"]}]}, {"location": {"country_code": "us", "region": "California", "city": "Visalia"}, "game_id": "273195", "values": [{"date": "2021-08-11-12-00-00", "alternatives": ["8", "73", "73"]}, {"date": "2021-08-11-12-00-00", "alternatives": ["8", "73", "73"]}, {"date": "2021-08-11-12-00-00", "alternatives": ["8", "73", "73"]}]}, {"location": {"country_code": "pt", "region": "Azores"}, "game_id": "273195", "values": [{"date": "2021-08-11-23-00-00", "alternatives": ["217", "213", "217"]}]}, {"location": {"country_code": "br", "region": "State of Rio de Janeiro", "city": "Belford Roxo"}, "game_id": "273195", "values": [{"date": "2021-08-11-14-00-00", "alternatives": ["19", "19", "191"]}, {"date": "2021-08-11-14-00-00", "alternatives": ["19", "19", "191"]}]}, {"location": {"country_code": "ar", "region": "Buenos Aires", "city": "Punta Alta"}, "game_id": "273195", "values": [{"date": "2021-08-12-01-00-00", "alternatives": ["4", "4", "47"]}, {"date": "2021-08-12-01-00-00", "alternatives": ["4", "4", "47"]}, {"date": "2021-08-12-01-00-00", "alternatives": ["4", "4", "47"]}, {"date": "2021-08-12-01-00-00", "alternatives": ["4", "4", "47"]}, {"date": "2021-08-12-01-00-00", "alternatives": ["4", "4", "47"]}, {"date": "2021-08-12-01-00-00", "alternatives": ["4", "4", "47"]}, {"date": "2021-08-12-01-00-00", "alternatives": ["4", "4", "47"]}, {"date": "2021-08-12-01-00-00", "alternatives": ["4", "4", "47"]}]}, {"location": {"country_code": "ru", "region": "Irkutsk Oblast", "city": "Angarsk"}, "game_id": "273195", "values": [{"date": "2021-08-11-15-00-00", "alternatives": ["68", "89", "68"]}, {"date": "2021-08-11-15-00-00", "alternatives": ["68", "89", "68"]}]}, {"location": {"country_code": "us", "region": "New Jersey", "city": "Burlington"}, "game_id": "273195", "values": [{"date": "2021-08-11-04-00-00", "alternatives": ["53", "63", "53"]}, {"date": "2021-08-11-04-00-00", "alternatives": ["53", "63", "53"]}]}, {"location": {"country_code": "au", "region": "New South Wales", "city": "Gosford"}, "game_id": "273195", "values": [{"date": "2021-08-11-13-00-00", "alternatives": ["2", "27", "2"]}]}, {"location": {"country_code": "co", "region": "Santander", "city": "Bucaramanga"}, "game_id": "273195", "values": [{"date": "2021-08-11-03-00-00", "alternatives": ["188", "1", "1"]}]}, {"location": {"country_code": "fr", "region": "Corsica", "city": "Ajaccio"}, "game_id": "273195", "values": [{"date": "2021-08-12-01-00-00", "alternatives": ["53", "53", "33"]}, {"date": "2021-08-12-01-00-00", "alternatives": ["53", "53", "33"]}, {"date": "2021-08-12-01-00-00", "alternatives": ["53", "53", "33"]}, {"date": "2021-08-12-01-00-00", "alternatives": ["53", "53", "33"]}]}, {"location": {"country_code": "uy", "region": "Paysandu Department", "city": "Paysandu"}, "game_id": "273195", "values": [{"date": "2021-08-11-23-00-00", "alternatives": ["48", "8", "8"]}, {"date": "2021-08-11-23-00-00", "alternatives": ["48", "8", "8"]}]}, {"location": {"country_code": "ca", "region": "New Brunswick", "city": "Saint John"}, "game_id": "273195", "values": [{"date": "2021-08-11-16-00-00", "alternatives": ["9", "9", "5"]}]}, {"location": {"country_code": "de", "region": "Rhineland-Palatinate", "city": "Monsheim"}, "game_id": "273195", "values": [{"date": "2021-08-11-18-00-00", "alternatives": ["2", "2", "27"]}, {"date": "2021-08-11-18-00-00", "alternatives": ["2", "2", "27"]}, {"date": "2021-08-11-18-00-00", "alternatives": ["2", "2", "27"]}, {"date": "2021-08-11-18-00-00", "alternatives": ["2", "2", "27"]}, {"date": "2021-08-11-18-00-00", "alternatives": ["2", "2", "27"]}]}, {"location": {"country_code": "de", "region": "Bavaria", "city": "Schlusselfeld"}, "game_id": "273195", "values": [{"date": "2021-08-11-23-00-00", "alternatives": ["1", "1", "10"]}, {"date": "2021-08-11-23-00-00", "alternatives": ["1", "1", "10"]}]}, {"location": {"country_code": "tw", "region": "Taoyuan"}, "game_id": "273195", "values": [{"date": "2021-08-12-00-00-00", "alternatives": ["53", "53", "52"]}, {"date": "2021-08-12-00-00-00", "alternatives": ["53", "53", "52"]}]}, {"location": {"country_code": "pt", "region": "Northern Mariana Islands", "city": "Casais Novas"}, "game_id": "273195", "values": [{"date": "2021-08-11-23-00-00", "alternatives": ["56", "5", "5"]}, {"date": "2021-08-11-23-00-00", "alternatives": ["56", "5", "5"]}, {"date": "2021-08-11-23-00-00", "alternatives": ["56", "5", "5"]}, {"date": "2021-08-11-23-00-00", "alternatives": ["56", "5", "5"]}]}, {"location": {"country_code": "de", "region": "Hesse", "city": "Bad Endbach"}, "game_id": "273195", "values": [{"date": "2021-08-11-19-00-00", "alternatives": ["180", "18", "18"]}, {"date": "2021-08-11-19-00-00", "alternatives": ["180", "18", "18"]}, {"date": "2021-08-11-19-00-00", "alternatives": ["180", "18", "18"]}]}, {"location": {"country_code": "br", "region": "Parana", "city": "Sao Jose dos Pinhais"}, "game_id": "273195", "values": [{"date": "2021-08-12-01-00-00", "alternatives": ["3", "3", "13"]}]}, {"location": {"country_code": "ae", "region": "Abu Dhabi Emirate", "city": "Abu Dhabi"}, "game_id": "273195", "values": [{"date": "2021-08-11-21-00-00", "alternatives": ["1", "1", "101"]}, {"date": "2021-08-11-21-00-00", "alternatives": ["1", "1", "101"]}, {"date": "2021-08-11-21-00-00", "alternatives": ["1", "1", "101"]}, {"date": "2021-08-11-21-00-00", "alternatives": ["1", "1", "101"]}, {"date": "2021-08-11-21-00-00", "alternatives": ["1", "1", "101"]}, {"date": "2021-08-11-21-00-00", "alternatives": ["1", "1", "101"]}]}, {"location": {"country_code": "br", "region": "Minas Gerais", "city": "Ouro Branco"}, "game_id": "273195", "values": [{"date": "2021-08-11-05-00-00", "alternatives": ["1", "11", "1"]}, {"date": "2021-08-11-05-00-00", "alternatives": ["1", "11", "1"]}, {"date": "2021-08-11-05-00-00", "alternatives": ["1", "11", "1"]}, {"date": "2021-08-11-05-00-00", "alternatives": ["1", "11", "1"]}]}, {"location": {"country_code": "br", "region": "State of Rio de Janeiro", "city": "Saquarema"}, "game_id": "273195", "values": [{"date": "2021-08-11-23-00-00", "alternatives": ["1", "6", "1"]}, {"date": "2021-08-11-23-00-00", "alternatives": ["1", "6", "1"]}, {"date": "2021-08-11-23-00-00", "alternatives": ["1", "6", "1"]}]}, {"location": {"country_code": "br", "region": "Parana", "city": "Sao Jeronimo da Serra"}, "game_id": "273195", "values": [{"date": "2021-08-11-07-00-00", "alternatives": ["9", "06", "9"]}, {"date": "2021-08-11-07-00-00", "alternatives": ["9", "06", "9"]}, {"date": "2021-08-11-07-00-00", "alternatives": ["9", "06", "9"]}, {"date": "2021-08-11-07-00-00", "alternatives": ["9", "06", "9"]}, {"date": "2021-08-11-07-00-00", "alternatives": ["9", "06", "9"]}, {"date": "2021-08-11-07-00-00", "alternatives": ["9", "06", "9"]}]}, {"location": {"country_code": "us", "region": "North Carolina", "city": "Marion"}, "game_id": "273195", "values": [{"date": "2021-08-11-04-00-00", "alternatives": ["4", "4", "5"]}, {"date": "2021-08-11-04-00-00", "alternatives": ["4", "4", "5"]}]}, {"location": {"country_code": "ar", "region": "Buenos Aires", "city": "Necochea"}, "game_id": "273195", "values": [{"date": "2021-08-11-05-00-00", "alternatives": ["4", "40", "4"]}]}, {"location": {"country_code": "us", "region": "Maryland", "city": "Havre de Grace"}, "game_id": "273195", "values": [{"date": "2021-08-11-09-00-00", "alternatives": ["31", "3", "3"]}, {"date": "2021-08-11-09-00-00", "alternatives": ["31", "3", "3"]}, {"date": "2021-08-11-09-00-00", "alternatives": ["31", "3", "3"]}]}, {"location": {"country_code": "br", "region": "Espirito Santo", "city": "Marataizes"}, "game_id": "273195", "values": [{"date": "2021-08-11-05-00-00", "alternatives": ["1", "31", "1"]}, {"date": "2021-08-11-05-00-00", "alternatives": ["1", "31", "1"]}, {"date": "2021-08-11-05-00-00", "alternatives": ["1", "31", "1"]}, {"date": "2021-08-11-05-00-00", "alternatives": ["1", "31", "1"]}]}, {"location": {"country_code": "at", "region": "Vorarlberg"}, "game_id": "273195", "values": [{"date": "2021-08-11-11-00-00", "alternatives": ["29", "29", "20"]}]}, {"location": {"country_code": "jp", "region": "Nagasaki", "city": "Nagasaki"}, "game_id": "273195", "values": [{"date": "2021-08-11-15-00-00", "alternatives": ["52", "2", "2"]}, {"date": "2021-08-11-15-00-00", "alternatives": ["52", "2", "2"]}, {"date": "2021-08-11-15-00-00", "alternatives": ["52", "2", "2"]}]}, {"location": {"country_code": "ar", "region": "Buenos Aires", "city": "Quilmes"}, "game_id": "273195", "values": [{"date": "2021-08-11-08-00-00", "alternatives": ["38", "0", "38"]}, {"date": "2021-08-11-08-00-00", "alternatives": ["38", "0", "38"]}, {"date": "2021-08-11-08-00-00", "alternatives": ["38", "0", "38"]}, {"date": "2021-08-11-08-00-00", "alternatives": ["38", "0", "38"]}, {"date": "2021-08-11-08-00-00", "alternatives": ["38", "0", "38"]}, {"date": "2021-08-11-08-00-00", "alternatives": ["38", "0", "38"]}]}, {"location": {"country_code": "de", "region": "Schleswig-Holstein", "city": "Flensburg"}, "game_id": "273195", "values": [{"date": "2021-08-11-19-00-00", "alternatives": ["180", "18", "18"]}]}, {"location": {"country_code": "us", "region": "California", "city": "Huntington Park"}, "game_id": "273195", "values": [{"date": "2021-08-11-09-00-00", "alternatives": ["72", "2", "2"]}, {"date": "2021-08-11-09-00-00", "alternatives": ["72", "2", "2"]}]}, {"location": {"country_code": "br", "region": "Santa Catarina", "city": "Indaial"}, "game_id": "273195", "values": [{"date": "2021-08-11-22-00-00", "alternatives": ["5", "5", "15"]}, {"date": "2021-08-11-22-00-00", "alternatives": ["5", "5", "15"]}, {"date": "2021-08-11-22-00-00", "alternatives": ["5", "5", "15"]}, {"date": "2021-08-11-22-00-00", "alternatives": ["5", "5", "15"]}]}, {"location": {"country_code": "us", "region": "Vermont", "city": "Burlington"}, "game_id": "273195", "values": [{"date": "2021-08-11-04-00-00", "alternatives": ["132", "72", "72"]}, {"date": "2021-08-11-04-00-00", "alternatives": ["132", "72", "72"]}, {"date": "2021-08-11-04-00-00", "alternatives": ["132", "72", "72"]}, {"date": "2021-08-11-04-00-00", "alternatives": ["132", "72", "72"]}, {"date": "2021-08-11-04-00-00", "alternatives": ["132", "72", "72"]}, {"date": "2021-08-11-04-00-00", "alternatives": ["132", "72", "72"]}]}, {"location": {"country_code": "us", "region": "New Mexico", "city": "Los Lunas"}, "game_id": "273195", "values": [{"date": "2021-08-11-09-00-00", "alternatives": ["42", "42", "472"]}]}, {"location": {"country_code": "ua", "region": "Vinnytsia Oblast"}, "game_id": "273195", "values": [{"date": "2021-08-11-20-00-00", "alternatives": ["341", "34", "34"]}, {"date": "2021-08-11-20-00-00", "alternatives": ["341", "34", "34"]}, {"date": "2021-08-11-20-00-00", "alternatives": ["341", "34", "34"]}, {"date": "2021-08-11-20-00-00", "alternatives": ["341", "34", "34"]}]}, {"location": {"country_code": "sk", "region": "Trnava Region", "city": "Dunajska Streda"}, "game_id": "273195", "values": [{"date": "2021-08-12-00-00-00", "alternatives": ["35", "3", "3"]}]}, {"location": {"country_code": "hu", "region": "Hajdu-Bihar", "city": "Puspokladany"}, "game_id": "273195", "values": [{"date": "2021-08-11-23-00-00", "alternatives": ["3", "3", "38"]}, {"date": "2021-08-11-23-00-00", "alternatives": ["3", "3", "38"]}, {"date": "2021-08-11-23-00-00", "alternatives": ["3", "3", "38"]}]}, {"location": {"country_code": "us", "region": "New York", "city": "South Valley Stream"}, "game_id": "273195", "values": [{"date": "2021-08-11-04-00-00", "alternatives": ["2", "32", "2"]}, {"date": "2021-08-11-04-00-00", "alternatives": ["2", "32", "2"]}, {"date": "2021-08-11-04-00-00", "alternatives": ["2", "32", "2"]}, {"date": "2021-08-11-04-00-00", "alternatives": ["2", "32", "2"]}, {"date": "2021-08-11-04-00-00", "alternatives": ["2", "32", "2"]}]}, {"location": {"country_code": "br", "region": "Rio Grande do Sul", "city": "Santo Angelo"}, "game_id": "273195", "values": [{"date": "2021-08-11-22-00-00", "alternatives": ["3", "37", "3"]}, {"date": "2021-08-11-22-00-00", "alternatives": ["3", "37", "3"]}, {"date": "2021-08-12-01-00-00", "alternatives": ["2", "22", "2"]}, {"date": "2021-08-12-01-00-00", "alternatives": ["2", "22", "2"]}]}, {"location": {"country_code": "py", "region": "Departamento de Ytapua", "city": "Encarnacion"}, "game_id": "273195", "values": [{"date": "2021-08-11-08-00-00", "alternatives": ["52", "5", "5"]}, {"date": "2021-08-11-08-00-00", "alternatives": ["52", "5", "5"]}]}, {"location": {"country_code": "us", "region": "Tennessee", "city": "LaFollette"}, "game_id": "273195", "values": [{"date": "2021-08-11-03-00-00", "alternatives": ["1", "4", "4"]}, {"date": "2021-08-11-03-00-00", "alternatives": ["1", "4", "4"]}, {"date": "2021-08-11-03-00-00", "alternatives": ["1", "4", "4"]}, {"date": "2021-08-11-03-00-00", "alternatives": ["1", "4", "4"]}]}, {"location": {"country_code": "fi", "region": "South Karelia", "city": "Imatra"}, "game_id": "273195", "values": [{"date": "2021-08-11-19-00-00", "alternatives": ["54", "54", "24"]}]}, {"location": {"country_code": "ru", "region": "Samara Oblast", "city": "Togliatti"}, "game_id": "273195", "values": [{"date": "2021-08-11-18-00-00", "alternatives": ["63", "89", "63"]}]}, {"location": {"country_code": "us", "region": "California", "city": "Pico Rivera"}, "game_id": "273195", "values": [{"date": "2021-08-11-11-00-00", "alternatives": ["2", "52", "2"]}, {"date": "2021-08-11-11-00-00", "alternatives": ["2", "52", "2"]}, {"date": "2021-08-11-11-00-00", "alternatives": ["2", "52", "2"]}, {"date": "2021-08-11-11-00-00", "alternatives": ["2", "52", "2"]}, {"date": "2021-08-11-11-00-00", "alternatives": ["2", "52", "2"]}, {"date": "2021-08-11-11-00-00", "alternatives": ["2", "52", "2"]}]}, {"location": {"country_code": "fr", "region": "Aquitania-Limosino-Poitou-Charentes", "city": "Aire-sur-l'Adour"}, "game_id": "273195", "values": [{"date": "2021-08-12-00-00-00", "alternatives": ["4215", "42", "42"]}]}, {"location": {"country_code": "br", "region": "Espirito Santo", "city": "Ibatiba"}, "game_id": "273195", "values": [{"date": "2021-08-11-05-00-00", "alternatives": ["33", "23", "23"]}, {"date": "2021-08-11-05-00-00", "alternatives": ["33", "23", "23"]}]}, {"location": {"country_code": "de", "region": "Bavaria", "city": "Erding"}, "game_id": "273195", "values": [{"date": "2021-08-11-14-00-00", "alternatives": ["180", "18", "18"]}, {"date": "2021-08-11-14-00-00", "alternatives": ["180", "18", "18"]}, {"date": "2021-08-11-14-00-00", "alternatives": ["180", "18", "18"]}]}], "last_updated": 1719917648.817919}