{"data": [{"location": {"country_code": "us"}, "game_id": "118849", "values": [{"date": "2023-10-11-05-00-00", "latency": 115}, {"date": "2023-10-11-05-00-00", "latency": 115}, {"date": "2023-10-11-05-00-00", "latency": 115}, {"date": "2023-10-11-05-00-00", "latency": 115}, {"date": "2023-10-11-05-00-00", "latency": 115}, {"date": "2023-10-11-12-00-00", "latency": 144}]}, {"location": {"country_code": "us", "region": "Tennessee", "city": "Jackson"}, "game_id": "118849", "values": [{"date": "2023-10-11-05-00-00", "latency": 91}]}, {"location": {"country_code": "cz"}, "game_id": "118849", "values": [{"date": "2023-10-11-10-00-00", "latency": 54}]}, {"location": {"country_code": "za"}, "game_id": "118849", "values": [{"date": "2023-10-11-15-00-00", "latency": 184}]}, {"location": {"country_code": "jp"}, "game_id": "118849", "values": [{"date": "2023-10-11-18-00-00", "latency": 57}]}, {"location": {"country_code": "ca"}, "game_id": "118849", "values": [{"date": "2023-10-11-09-00-00", "latency": 58}]}, {"location": {"country_code": "de"}, "game_id": "118849", "values": [{"date": "2023-10-11-20-00-00", "latency": 47}]}, {"location": {"country_code": "tw"}, "game_id": "118849", "values": [{"date": "2023-10-11-21-00-00", "latency": 60}]}, {"location": {"country_code": "cl"}, "game_id": "118849", "values": [{"date": "2023-10-11-08-00-00", "latency": 40}, {"date": "2023-10-12-01-00-00", "latency": 31}]}, {"location": {"country_code": "us", "region": "Florida"}, "game_id": "118849", "values": [{"date": "2023-10-11-04-00-00", "latency": 82}, {"date": "2023-10-11-04-00-00", "latency": 82}]}, {"location": {"country_code": "ph"}, "game_id": "118849", "values": [{"date": "2023-10-12-00-00-00", "latency": 114}, {"date": "2023-10-12-00-00-00", "latency": 114}, {"date": "2023-10-12-00-00-00", "latency": 114}, {"date": "2023-10-12-00-00-00", "latency": 114}, {"date": "2023-10-12-00-00-00", "latency": 114}]}, {"location": {"country_code": "br", "region": "Minas Gerais", "city": "Betim"}, "game_id": "118849", "values": [{"date": "2023-10-11-20-00-00", "latency": 80}, {"date": "2023-10-11-20-00-00", "latency": 80}]}, {"location": {"country_code": "us", "region": "New Jersey"}, "game_id": "118849", "values": [{"date": "2023-10-11-19-00-00", "latency": 48}]}, {"location": {"country_code": "mx"}, "game_id": "118849", "values": [{"date": "2023-10-11-19-00-00", "latency": 173}, {"date": "2023-10-11-07-00-00", "latency": 128}, {"date": "2023-10-11-08-00-00", "latency": 64}]}, {"location": {"country_code": "se"}, "game_id": "118849", "values": [{"date": "2023-10-11-23-00-00", "latency": 76}]}, {"location": {"country_code": "us", "region": "California", "city": "East Los Angeles"}, "game_id": "118849", "values": [{"date": "2023-10-11-04-00-00", "latency": 47}, {"date": "2023-10-11-04-00-00", "latency": 47}, {"date": "2023-10-11-04-00-00", "latency": 47}, {"date": "2023-10-11-04-00-00", "latency": 47}, {"date": "2023-10-11-17-00-00", "latency": 810}]}, {"location": {"country_code": "tr"}, "game_id": "118849", "values": [{"date": "2023-10-11-02-00-00", "latency": 52}, {"date": "2023-10-11-04-00-00", "latency": 182}]}, {"location": {"country_code": "ca", "region": "Ontario", "city": "Toronto"}, "game_id": "118849", "values": [{"date": "2023-10-11-04-00-00", "latency": 55}, {"date": "2023-10-11-04-00-00", "latency": 55}]}, {"location": {"country_code": "bg"}, "game_id": "118849", "values": [{"date": "2023-10-11-16-00-00", "latency": 234}]}, {"location": {"country_code": "gb", "region": "Northern Ireland", "city": "Belfast"}, "game_id": "118849", "values": [{"date": "2023-10-11-05-00-00", "latency": 115}, {"date": "2023-10-11-05-00-00", "latency": 115}, {"date": "2023-10-11-05-00-00", "latency": 115}]}, {"location": {"country_code": "fr", "region": "Brittany Region", "city": "Guisseny"}, "game_id": "118849", "values": [{"date": "2023-10-11-23-00-00", "latency": 168}]}, {"location": {"country_code": "vn", "region": "Ho Chi Minh City"}, "game_id": "118849", "values": [{"date": "2023-10-11-10-00-00", "latency": 92}, {"date": "2023-10-11-10-00-00", "latency": 92}, {"date": "2023-10-11-10-00-00", "latency": 92}, {"date": "2023-10-11-10-00-00", "latency": 92}]}, {"location": {"country_code": "fr", "region": "Pays de la Loire Region", "city": "Angers"}, "game_id": "118849", "values": [{"date": "2023-10-11-18-00-00", "latency": 308}]}, {"location": {"country_code": "us", "region": "California", "city": "Yucca Valley"}, "game_id": "118849", "values": [{"date": "2023-10-11-15-00-00", "latency": 80}]}], "last_updated": 1719927580.356327}