{"data": [{"location": {"country_code": "de"}, "game_id": "118849", "values": [{"date": "2023-10-13-02-00-00", "latency": 31}]}, {"location": {"country_code": "cl"}, "game_id": "118849", "values": [{"date": "2023-10-13-03-00-00", "latency": 146}]}, {"location": {"country_code": "ph"}, "game_id": "118849", "values": [{"date": "2023-10-14-00-00-00", "latency": 216}, {"date": "2023-10-14-00-00-00", "latency": 216}, {"date": "2023-10-14-00-00-00", "latency": 216}]}, {"location": {"country_code": "ph", "region": "CALABARZON", "city": "Cavite"}, "game_id": "118849", "values": [{"date": "2023-10-13-16-00-00", "latency": 60}, {"date": "2023-10-13-16-00-00", "latency": 60}]}, {"location": {"country_code": "mx"}, "game_id": "118849", "values": [{"date": "2023-10-13-09-00-00", "latency": 221}, {"date": "2023-10-13-05-00-00", "latency": 135}, {"date": "2023-10-13-05-00-00", "latency": 135}]}, {"location": {"country_code": "us", "region": "Ohio"}, "game_id": "118849", "values": [{"date": "2023-10-14-02-00-00", "latency": 51}]}, {"location": {"country_code": "us", "region": "California"}, "game_id": "118849", "values": [{"date": "2023-10-13-22-00-00", "latency": 210}, {"date": "2023-10-13-22-00-00", "latency": 210}]}, {"location": {"country_code": "us", "region": "California", "city": "East Los Angeles"}, "game_id": "118849", "values": [{"date": "2023-10-13-08-00-00", "latency": 86}]}, {"location": {"country_code": "de", "region": "Bavaria"}, "game_id": "118849", "values": [{"date": "2023-10-13-23-00-00", "latency": 30}]}, {"location": {"country_code": "at"}, "game_id": "118849", "values": [{"date": "2023-10-13-22-00-00", "latency": 97}]}, {"location": {"country_code": "pl"}, "game_id": "118849", "values": [{"date": "2023-10-14-00-00-00", "latency": 100}, {"date": "2023-10-14-00-00-00", "latency": 100}]}, {"location": {"country_code": "my"}, "game_id": "118849", "values": [{"date": "2023-10-13-20-00-00", "latency": 260}, {"date": "2023-10-13-20-00-00", "latency": 260}, {"date": "2023-10-13-20-00-00", "latency": 260}]}, {"location": {"country_code": "id"}, "game_id": "118849", "values": [{"date": "2023-10-13-15-00-00", "latency": 59}]}, {"location": {"country_code": "us", "region": "Washington", "city": "Seattle"}, "game_id": "118849", "values": [{"date": "2023-10-14-00-00-00", "latency": 554}]}, {"location": {"country_code": "tr", "region": "Ic Anadolu Bolgesi", "city": "Ankara"}, "game_id": "118849", "values": [{"date": "2023-10-13-18-00-00", "latency": 50}, {"date": "2023-10-13-18-00-00", "latency": 50}]}, {"location": {"country_code": "vn", "region": "Ho Chi Minh City"}, "game_id": "118849", "values": [{"date": "2023-10-13-13-00-00", "latency": 134}, {"date": "2023-10-13-13-00-00", "latency": 134}, {"date": "2023-10-13-13-00-00", "latency": 134}, {"date": "2023-10-13-13-00-00", "latency": 134}, {"date": "2023-10-13-13-00-00", "latency": 134}, {"date": "2023-10-13-13-00-00", "latency": 134}, {"date": "2023-10-13-13-00-00", "latency": 134}, {"date": "2023-10-13-13-00-00", "latency": 134}, {"date": "2023-10-13-13-00-00", "latency": 134}, {"date": "2023-10-13-13-00-00", "latency": 134}, {"date": "2023-10-13-13-00-00", "latency": 134}, {"date": "2023-10-13-13-00-00", "latency": 134}, {"date": "2023-10-13-13-00-00", "latency": 134}, {"date": "2023-10-13-13-00-00", "latency": 134}, {"date": "2023-10-13-13-00-00", "latency": 134}, {"date": "2023-10-13-13-00-00", "latency": 134}, {"date": "2023-10-13-13-00-00", "latency": 134}, {"date": "2023-10-13-13-00-00", "latency": 134}, {"date": "2023-10-13-13-00-00", "latency": 134}, {"date": "2023-10-13-13-00-00", "latency": 134}, {"date": "2023-10-13-13-00-00", "latency": 134}, {"date": "2023-10-13-13-00-00", "latency": 134}, {"date": "2023-10-13-13-00-00", "latency": 134}, {"date": "2023-10-13-13-00-00", "latency": 134}, {"date": "2023-10-13-13-00-00", "latency": 134}, {"date": "2023-10-13-13-00-00", "latency": 134}]}, {"location": {"country_code": "mx", "region": "Zacatecas"}, "game_id": "118849", "values": [{"date": "2023-10-13-03-00-00", "latency": 79}, {"date": "2023-10-13-03-00-00", "latency": 79}]}, {"location": {"country_code": "pl", "region": "Masovian Voivodeship"}, "game_id": "118849", "values": [{"date": "2023-10-14-01-00-00", "latency": 96}, {"date": "2023-10-14-01-00-00", "latency": 96}, {"date": "2023-10-14-01-00-00", "latency": 96}, {"date": "2023-10-14-01-00-00", "latency": 96}, {"date": "2023-10-14-01-00-00", "latency": 96}, {"date": "2023-10-14-01-00-00", "latency": 96}, {"date": "2023-10-14-01-00-00", "latency": 96}, {"date": "2023-10-14-01-00-00", "latency": 96}, {"date": "2023-10-14-01-00-00", "latency": 96}, {"date": "2023-10-14-01-00-00", "latency": 96}, {"date": "2023-10-14-01-00-00", "latency": 96}, {"date": "2023-10-14-01-00-00", "latency": 96}]}, {"location": {"country_code": "cz", "region": "South Moravian"}, "game_id": "118849", "values": [{"date": "2023-10-13-19-00-00", "latency": 51}, {"date": "2023-10-13-19-00-00", "latency": 51}]}, {"location": {"country_code": "fr", "region": "Alsazia-Champagne-Ardenne-Lorena", "city": "Troyes"}, "game_id": "118849", "values": [{"date": "2023-10-13-18-00-00", "latency": 62}]}], "last_updated": 1719927582.505274}