{"data": [{"location": {"country_code": "si"}, "game_id": "314852", "values": [{"date": "2024-04-27-16-00-00", "alternatives": ["3", "43", "43"]}, {"date": "2024-04-27-16-00-00", "alternatives": ["3", "43", "43"]}, {"date": "2024-04-27-16-00-00", "alternatives": ["3", "43", "43"]}]}, {"location": {"country_code": "us"}, "game_id": "314852", "values": [{"date": "2024-04-27-05-00-00", "alternatives": ["52", "52", "2"]}, {"date": "2024-04-27-05-00-00", "alternatives": ["52", "52", "2"]}, {"date": "2024-04-27-05-00-00", "alternatives": ["52", "52", "2"]}, {"date": "2024-04-27-05-00-00", "alternatives": ["52", "52", "2"]}, {"date": "2024-04-27-05-00-00", "alternatives": ["52", "52", "2"]}, {"date": "2024-04-28-00-00-00", "alternatives": [135, 35, 3, 35, 35]}, {"date": "2024-04-28-00-00-00", "alternatives": [135, 35, 3, 35, 35]}, {"date": "2024-04-27-21-00-00", "alternatives": [5, 1, 5, 185, 5]}, {"date": "2024-04-27-21-00-00", "alternatives": [5, 1, 5, 185, 5]}, {"date": "2024-04-27-23-00-00", "alternatives": ["75", "5", "75"]}, {"date": "2024-04-27-23-00-00", "alternatives": ["75", "5", "75"]}, {"date": "2024-04-27-23-00-00", "alternatives": ["75", "5", "75"]}, {"date": "2024-04-27-23-00-00", "alternatives": ["75", "5", "75"]}, {"date": "2024-04-27-23-00-00", "alternatives": ["75", "5", "75"]}, {"date": "2024-04-27-09-00-00", "alternatives": ["224", "224", "1224"]}, {"date": "2024-04-28-02-00-00", "alternatives": ["67", "61", "67"]}, {"date": "2024-04-27-06-00-00", "alternatives": ["87", "87", "7"]}, {"date": "2024-04-27-20-00-00", "alternatives": ["5", "55", "55"]}, {"date": "2024-04-27-20-00-00", "alternatives": ["5", "55", "55"]}, {"date": "2024-04-27-20-00-00", "alternatives": ["5", "55", "55"]}, {"date": "2024-04-27-17-00-00", "alternatives": ["77", "7", "77"]}, {"date": "2024-04-27-17-00-00", "alternatives": ["77", "7", "77"]}, {"date": "2024-04-27-17-00-00", "alternatives": ["77", "7", "77"]}, {"date": "2024-04-27-17-00-00", "alternatives": ["77", "7", "77"]}, {"date": "2024-04-27-17-00-00", "alternatives": ["77", "7", "77"]}, {"date": "2024-04-27-22-00-00", "alternatives": ["8", "18", "18"]}, {"date": "2024-04-27-22-00-00", "alternatives": ["8", "18", "18"]}, {"date": "2024-04-27-22-00-00", "alternatives": ["8", "18", "18"]}, {"date": "2024-04-27-07-00-00", "alternatives": ["4", "44", "44"]}, {"date": "2024-04-27-23-00-00", "alternatives": ["8", "8", "48"]}, {"date": "2024-04-27-23-00-00", "alternatives": ["8", "8", "48"]}, {"date": "2024-04-27-23-00-00", "alternatives": ["97", "7", "97"]}]}, {"location": {"country_code": "us", "region": "New York", "city": "Jamestown"}, "game_id": "314852", "values": [{"date": "2024-04-27-09-00-00", "alternatives": ["190", "190", "1190"]}, {"date": "2024-04-27-09-00-00", "alternatives": ["190", "190", "1190"]}]}, {"location": {"country_code": "gb"}, "game_id": "314852", "values": [{"date": "2024-04-27-20-00-00", "alternatives": ["1", "35", "35"]}, {"date": "2024-04-27-19-00-00", "alternatives": ["0", "100", "100"]}, {"date": "2024-04-27-19-00-00", "alternatives": ["0", "100", "100"]}, {"date": "2024-04-28-00-00-00", "alternatives": ["33", "33", "4"]}]}, {"location": {"country_code": "th"}, "game_id": "314852", "values": [{"date": "2024-04-27-21-00-00", "alternatives": [18, 118, 118, 118]}, {"date": "2024-04-27-21-00-00", "alternatives": [18, 118, 118, 118]}, {"date": "2024-04-27-21-00-00", "alternatives": [18, 118, 118, 118]}, {"date": "2024-04-27-15-00-00", "alternatives": [10, 110, 110, 110, 110]}, {"date": "2024-04-27-15-00-00", "alternatives": [10, 110, 110, 110, 110]}, {"date": "2024-04-27-15-00-00", "alternatives": [10, 110, 110, 110, 110]}, {"date": "2024-04-27-15-00-00", "alternatives": [10, 110, 110, 110, 110]}, {"date": "2024-04-27-16-00-00", "alternatives": ["125", "125", "4"]}, {"date": "2024-04-27-16-00-00", "alternatives": ["125", "125", "4"]}, {"date": "2024-04-27-16-00-00", "alternatives": ["125", "125", "4"]}, {"date": "2024-04-27-16-00-00", "alternatives": ["125", "125", "4"]}, {"date": "2024-04-27-15-00-00", "alternatives": ["1", "110", "110"]}]}, {"location": {"country_code": "nl"}, "game_id": "314852", "values": [{"date": "2024-04-27-23-00-00", "alternatives": [0, 11, 26, 26, 26]}, {"date": "2024-04-27-23-00-00", "alternatives": [0, 11, 26, 26, 26]}]}, {"location": {"country_code": "jp"}, "game_id": "314852", "values": [{"date": "2024-04-27-02-00-00", "alternatives": ["9", "19", "19"]}, {"date": "2024-04-27-02-00-00", "alternatives": ["9", "19", "19"]}, {"date": "2024-04-27-02-00-00", "alternatives": ["9", "19", "19"]}, {"date": "2024-04-27-02-00-00", "alternatives": ["9", "19", "19"]}, {"date": "2024-04-27-02-00-00", "alternatives": ["9", "19", "19"]}, {"date": "2024-04-27-21-00-00", "alternatives": ["3", "13", "3"]}, {"date": "2024-04-27-22-00-00", "alternatives": ["75", "75", "29414"]}, {"date": "2024-04-27-22-00-00", "alternatives": ["75", "75", "29414"]}, {"date": "2024-04-27-22-00-00", "alternatives": ["75", "75", "29414"]}, {"date": "2024-04-27-11-00-00", "alternatives": ["38", "38", "2"]}, {"date": "2024-04-27-12-00-00", "alternatives": ["19", "19", "2"]}, {"date": "2024-04-27-12-00-00", "alternatives": ["19", "19", "2"]}, {"date": "2024-04-27-07-00-00", "alternatives": ["16", "6", "6"]}, {"date": "2024-04-27-07-00-00", "alternatives": ["16", "6", "6"]}, {"date": "2024-04-27-07-00-00", "alternatives": ["16", "6", "6"]}, {"date": "2024-04-27-20-00-00", "alternatives": [1, 21, 2, 21, 21]}, {"date": "2024-04-27-20-00-00", "alternatives": [1, 21, 2, 21, 21]}, {"date": "2024-04-27-20-00-00", "alternatives": [1, 21, 2, 21, 21]}, {"date": "2024-04-27-22-00-00", "alternatives": [7, 23, 23, 23]}, {"date": "2024-04-27-22-00-00", "alternatives": [7, 23, 23, 23]}, {"date": "2024-04-27-22-00-00", "alternatives": [7, 23, 23, 23]}, {"date": "2024-04-27-22-00-00", "alternatives": [7, 23, 23, 23]}, {"date": "2024-04-27-22-00-00", "alternatives": [7, 23, 23, 23]}, {"date": "2024-04-27-22-00-00", "alternatives": [7, 23, 23, 23]}, {"date": "2024-04-27-22-00-00", "alternatives": [7, 23, 23, 23]}, {"date": "2024-04-27-22-00-00", "alternatives": [7, 23, 23, 23]}, {"date": "2024-04-27-11-00-00", "alternatives": ["2", "24", "24"]}, {"date": "2024-04-27-16-00-00", "alternatives": ["31", "31", "1"]}, {"date": "2024-04-27-16-00-00", "alternatives": ["31", "31", "1"]}, {"date": "2024-04-27-16-00-00", "alternatives": ["31", "31", "1"]}, {"date": "2024-04-27-19-00-00", "alternatives": ["24", "2", "24"]}, {"date": "2024-04-27-19-00-00", "alternatives": ["24", "2", "24"]}, {"date": "2024-04-27-10-00-00", "alternatives": ["23", "23", "2"]}, {"date": "2024-04-27-10-00-00", "alternatives": ["23", "23", "2"]}, {"date": "2024-04-27-10-00-00", "alternatives": ["23", "23", "2"]}, {"date": "2024-04-27-19-00-00", "alternatives": ["2750", "275", "275"]}, {"date": "2024-04-28-00-00-00", "alternatives": ["22", "22", "1"]}, {"date": "2024-04-27-19-00-00", "alternatives": [17, 17, 17, 17]}, {"date": "2024-04-27-19-00-00", "alternatives": [17, 17, 17, 17]}, {"date": "2024-04-27-19-00-00", "alternatives": [17, 17, 17, 17]}, {"date": "2024-04-27-04-00-00", "alternatives": ["102", "102", "10"]}, {"date": "2024-04-27-11-00-00", "alternatives": ["5", "25", "25"]}]}, {"location": {"country_code": "cn", "region": "Hong Kong"}, "game_id": "314852", "values": [{"date": "2024-04-27-10-00-00", "alternatives": ["64", "64", "2"]}]}, {"location": {"country_code": "ca"}, "game_id": "314852", "values": [{"date": "2024-04-27-23-00-00", "alternatives": ["135", "35", "35"]}, {"date": "2024-04-27-23-00-00", "alternatives": ["135", "35", "35"]}, {"date": "2024-04-27-23-00-00", "alternatives": ["135", "35", "35"]}, {"date": "2024-04-27-23-00-00", "alternatives": ["135", "35", "35"]}, {"date": "2024-04-27-23-00-00", "alternatives": ["4", "42", "42"]}, {"date": "2024-04-27-23-00-00", "alternatives": ["4", "42", "42"]}, {"date": "2024-04-27-23-00-00", "alternatives": ["4", "42", "42"]}, {"date": "2024-04-27-23-00-00", "alternatives": [166, 9911, 66, 66, 66, 1166]}, {"date": "2024-04-27-23-00-00", "alternatives": [166, 9911, 66, 66, 66, 1166]}, {"date": "2024-04-27-23-00-00", "alternatives": [166, 9911, 66, 66, 66, 1166]}, {"date": "2024-04-27-23-00-00", "alternatives": [166, 9911, 66, 66, 66, 1166]}, {"date": "2024-04-27-23-00-00", "alternatives": [166, 9911, 66, 66, 66, 1166]}, {"date": "2024-04-27-23-00-00", "alternatives": [166, 9911, 66, 66, 66, 1166]}, {"date": "2024-04-27-23-00-00", "alternatives": [166, 9911, 66, 66, 66, 1166]}, {"date": "2024-04-27-23-00-00", "alternatives": [166, 9911, 66, 66, 66, 1166]}, {"date": "2024-04-27-23-00-00", "alternatives": [166, 9911, 66, 66, 66, 1166]}, {"date": "2024-04-27-23-00-00", "alternatives": [166, 9911, 66, 66, 66, 1166]}, {"date": "2024-04-27-23-00-00", "alternatives": [166, 9911, 66, 66, 66, 1166]}, {"date": "2024-04-27-23-00-00", "alternatives": [166, 9911, 66, 66, 66, 1166]}, {"date": "2024-04-27-23-00-00", "alternatives": [166, 9911, 66, 66, 66, 1166]}, {"date": "2024-04-27-07-00-00", "alternatives": ["0", "10", "10"]}, {"date": "2024-04-27-09-00-00", "alternatives": ["72", "72", "77"]}, {"date": "2024-04-27-09-00-00", "alternatives": ["72", "72", "77"]}, {"date": "2024-04-27-21-00-00", "alternatives": [12, 1125, 125, 125, 125]}, {"date": "2024-04-27-21-00-00", "alternatives": [12, 1125, 125, 125, 125]}, {"date": "2024-04-27-21-00-00", "alternatives": [12, 1125, 125, 125, 125]}]}, {"location": {"country_code": "ca", "region": "Ontario"}, "game_id": "314852", "values": [{"date": "2024-04-27-21-00-00", "alternatives": [55, 1, 8, 55, 55]}, {"date": "2024-04-27-21-00-00", "alternatives": [55, 1, 8, 55, 55]}, {"date": "2024-04-27-21-00-00", "alternatives": [55, 1, 8, 55, 55]}, {"date": "2024-04-27-21-00-00", "alternatives": [55, 1, 8, 55, 55]}]}, {"location": {"country_code": "ca", "region": "Ontario", "city": "Windsor"}, "game_id": "314852", "values": [{"date": "2024-04-27-06-00-00", "alternatives": [1, 0, 50, 0, 50, 50]}, {"date": "2024-04-27-06-00-00", "alternatives": [1, 0, 50, 0, 50, 50]}, {"date": "2024-04-27-06-00-00", "alternatives": [1, 0, 50, 0, 50, 50]}, {"date": "2024-04-27-06-00-00", "alternatives": [1, 0, 50, 0, 50, 50]}, {"date": "2024-04-27-06-00-00", "alternatives": [1, 0, 50, 0, 50, 50]}]}, {"location": {"country_code": "de"}, "game_id": "314852", "values": [{"date": "2024-04-27-05-00-00", "alternatives": ["17756", "17756", "1556"]}, {"date": "2024-04-27-05-00-00", "alternatives": ["17756", "17756", "1556"]}, {"date": "2024-04-27-22-00-00", "alternatives": ["47", "47", "4"]}, {"date": "2024-04-27-22-00-00", "alternatives": ["47", "47", "4"]}]}, {"location": {"country_code": "tw"}, "game_id": "314852", "values": [{"date": "2024-04-27-10-00-00", "alternatives": [101, 1101, 101, 101, 11101]}, {"date": "2024-04-27-10-00-00", "alternatives": [101, 1101, 101, 101, 11101]}, {"date": "2024-04-27-10-00-00", "alternatives": [101, 1101, 101, 101, 11101]}, {"date": "2024-04-27-10-00-00", "alternatives": [101, 1101, 101, 101, 11101]}, {"date": "2024-04-27-10-00-00", "alternatives": [101, 1101, 101, 101, 11101]}, {"date": "2024-04-27-10-00-00", "alternatives": [101, 1101, 101, 101, 11101]}, {"date": "2024-04-27-10-00-00", "alternatives": [101, 1101, 101, 101, 11101]}, {"date": "2024-04-27-10-00-00", "alternatives": [101, 1101, 101, 101, 11101]}, {"date": "2024-04-27-10-00-00", "alternatives": [101, 1101, 101, 101, 11101]}, {"date": "2024-04-27-10-00-00", "alternatives": [101, 1101, 101, 101, 11101]}, {"date": "2024-04-27-10-00-00", "alternatives": [101, 1101, 101, 101, 11101]}, {"date": "2024-04-27-10-00-00", "alternatives": [101, 1101, 101, 101, 11101]}, {"date": "2024-04-27-10-00-00", "alternatives": [101, 1101, 101, 101, 11101]}, {"date": "2024-04-27-10-00-00", "alternatives": [101, 1101, 101, 101, 11101]}, {"date": "2024-04-27-10-00-00", "alternatives": [101, 1101, 101, 101, 11101]}, {"date": "2024-04-27-10-00-00", "alternatives": [101, 1101, 101, 101, 11101]}, {"date": "2024-04-27-10-00-00", "alternatives": [101, 1101, 101, 101, 11101]}, {"date": "2024-04-27-10-00-00", "alternatives": [101, 1101, 101, 101, 11101]}, {"date": "2024-04-27-10-00-00", "alternatives": [101, 1101, 101, 101, 11101]}, {"date": "2024-04-27-10-00-00", "alternatives": [101, 1101, 101, 101, 11101]}, {"date": "2024-04-27-10-00-00", "alternatives": [101, 1101, 101, 101, 11101]}, {"date": "2024-04-27-10-00-00", "alternatives": [101, 1101, 101, 101, 11101]}, {"date": "2024-04-27-10-00-00", "alternatives": [101, 1101, 101, 101, 11101]}, {"date": "2024-04-27-11-00-00", "alternatives": [11, 52, 2, 52, 52, 2]}]}, {"location": {"country_code": "cl"}, "game_id": "314852", "values": [{"date": "2024-04-27-07-00-00", "alternatives": ["1137", "1137", "137"]}, {"date": "2024-04-27-07-00-00", "alternatives": ["1137", "1137", "137"]}]}, {"location": {"country_code": "cl", "region": "Valparaiso", "city": "San Antonio"}, "game_id": "314852", "values": [{"date": "2024-04-27-06-00-00", "alternatives": ["267", "1267", "267"]}, {"date": "2024-04-27-06-00-00", "alternatives": ["267", "1267", "267"]}, {"date": "2024-04-27-06-00-00", "alternatives": ["267", "1267", "267"]}, {"date": "2024-04-27-06-00-00", "alternatives": ["267", "1267", "267"]}, {"date": "2024-04-27-06-00-00", "alternatives": ["267", "1267", "267"]}]}, {"location": {"country_code": "us", "region": "Texas"}, "game_id": "314852", "values": [{"date": "2024-04-27-07-00-00", "alternatives": ["163", "1163", "163"]}]}, {"location": {"country_code": "us", "region": "Florida"}, "game_id": "314852", "values": [{"date": "2024-04-28-00-00-00", "alternatives": [8, 2, 82, 82, 182, 82]}, {"date": "2024-04-28-00-00-00", "alternatives": [8, 2, 82, 82, 182, 82]}, {"date": "2024-04-28-00-00-00", "alternatives": [8, 2, 82, 82, 182, 82]}, {"date": "2024-04-28-00-00-00", "alternatives": [8, 2, 82, 82, 182, 82]}, {"date": "2024-04-27-04-00-00", "alternatives": [1, 55, 55, 55, 55]}, {"date": "2024-04-27-04-00-00", "alternatives": [1, 55, 55, 55, 55]}]}, {"location": {"country_code": "ph"}, "game_id": "314852", "values": [{"date": "2024-04-27-18-00-00", "alternatives": [90, 6, 90, 90]}, {"date": "2024-04-27-18-00-00", "alternatives": [90, 6, 90, 90]}, {"date": "2024-04-27-18-00-00", "alternatives": [90, 6, 90, 90]}, {"date": "2024-04-27-18-00-00", "alternatives": [90, 6, 90, 90]}, {"date": "2024-04-27-19-00-00", "alternatives": ["89349", "8934", "8934"]}, {"date": "2024-04-27-19-00-00", "alternatives": ["89349", "8934", "8934"]}, {"date": "2024-04-27-11-00-00", "alternatives": [826, 58726, 70, 826, 58726, 58726]}, {"date": "2024-04-27-11-00-00", "alternatives": [826, 58726, 70, 826, 58726, 58726]}, {"date": "2024-04-27-11-00-00", "alternatives": [826, 58726, 70, 826, 58726, 58726]}, {"date": "2024-04-27-04-00-00", "alternatives": ["110", "110", "10"]}, {"date": "2024-04-27-13-00-00", "alternatives": [1, 95, 9, 95, 95]}, {"date": "2024-04-27-13-00-00", "alternatives": [1, 95, 9, 95, 95]}, {"date": "2024-04-27-13-00-00", "alternatives": [1, 95, 9, 95, 95]}, {"date": "2024-04-27-13-00-00", "alternatives": [1, 95, 9, 95, 95]}, {"date": "2024-04-27-13-00-00", "alternatives": [1, 95, 9, 95, 95]}, {"date": "2024-04-27-13-00-00", "alternatives": [1, 95, 9, 95, 95]}, {"date": "2024-04-27-13-00-00", "alternatives": [1, 95, 9, 95, 95]}, {"date": "2024-04-27-13-00-00", "alternatives": [1, 95, 9, 95, 95]}, {"date": "2024-04-27-13-00-00", "alternatives": [1, 95, 9, 95, 95]}, {"date": "2024-04-27-13-00-00", "alternatives": [1, 95, 9, 95, 95]}, {"date": "2024-04-27-13-00-00", "alternatives": [1, 95, 9, 95, 95]}, {"date": "2024-04-27-13-00-00", "alternatives": [1, 95, 9, 95, 95]}, {"date": "2024-04-27-10-00-00", "alternatives": [116, 1116, 1116, 1116]}, {"date": "2024-04-27-10-00-00", "alternatives": [116, 1116, 1116, 1116]}, {"date": "2024-04-27-10-00-00", "alternatives": [116, 1116, 1116, 1116]}, {"date": "2024-04-27-10-00-00", "alternatives": [116, 1116, 1116, 1116]}, {"date": "2024-04-27-10-00-00", "alternatives": [116, 1116, 1116, 1116]}, {"date": "2024-04-27-10-00-00", "alternatives": [116, 1116, 1116, 1116]}, {"date": "2024-04-27-10-00-00", "alternatives": [116, 1116, 1116, 1116]}, {"date": "2024-04-27-10-00-00", "alternatives": [116, 1116, 1116, 1116]}, {"date": "2024-04-27-10-00-00", "alternatives": [116, 1116, 1116, 1116]}, {"date": "2024-04-27-15-00-00", "alternatives": ["19", "19", "119"]}, {"date": "2024-04-27-15-00-00", "alternatives": ["19", "19", "119"]}, {"date": "2024-04-27-15-00-00", "alternatives": ["19", "19", "119"]}, {"date": "2024-04-27-16-00-00", "alternatives": ["2", "11112", "2"]}, {"date": "2024-04-27-16-00-00", "alternatives": ["2", "11112", "2"]}, {"date": "2024-04-27-11-00-00", "alternatives": [12, 112, 112, 11112, 112]}]}, {"location": {"country_code": "fr"}, "game_id": "314852", "values": [{"date": "2024-04-27-21-00-00", "alternatives": ["21", "21", "1"]}, {"date": "2024-04-27-02-00-00", "alternatives": ["24", "124", "24"]}, {"date": "2024-04-27-02-00-00", "alternatives": ["24", "124", "24"]}, {"date": "2024-04-27-02-00-00", "alternatives": ["24", "124", "24"]}]}, {"location": {"country_code": "us", "region": "New Jersey"}, "game_id": "314852", "values": [{"date": "2024-04-27-06-00-00", "alternatives": [36, 3, 36, 36, 36]}]}, {"location": {"country_code": "mx"}, "game_id": "314852", "values": [{"date": "2024-04-27-05-00-00", "alternatives": ["85", "185", "85"]}, {"date": "2024-04-27-04-00-00", "alternatives": [135, 1351, 1357, 1351, 1351]}, {"date": "2024-04-27-04-00-00", "alternatives": [135, 1351, 1357, 1351, 1351]}, {"date": "2024-04-27-04-00-00", "alternatives": [135, 1351, 1357, 1351, 1351]}, {"date": "2024-04-27-04-00-00", "alternatives": [135, 1351, 1357, 1351, 1351]}, {"date": "2024-04-27-12-00-00", "alternatives": ["19", "198", "19"]}, {"date": "2024-04-27-12-00-00", "alternatives": ["19", "198", "19"]}, {"date": "2024-04-27-02-00-00", "alternatives": ["72", "12", "72"]}, {"date": "2024-04-27-02-00-00", "alternatives": ["72", "12", "72"]}]}, {"location": {"country_code": "mx", "region": "Mexico City"}, "game_id": "314852", "values": [{"date": "2024-04-27-07-00-00", "alternatives": ["82", "2", "2"]}, {"date": "2024-04-27-07-00-00", "alternatives": ["82", "2", "2"]}, {"date": "2024-04-27-07-00-00", "alternatives": ["82", "2", "2"]}]}, {"location": {"country_code": "in"}, "game_id": "314852", "values": [{"date": "2024-04-27-19-00-00", "alternatives": ["1", "15", "15"]}, {"date": "2024-04-27-18-00-00", "alternatives": ["185", "185", "105"]}, {"date": "2024-04-27-18-00-00", "alternatives": ["185", "185", "105"]}, {"date": "2024-04-27-18-00-00", "alternatives": ["185", "185", "105"]}]}, {"location": {"country_code": "us", "region": "California"}, "game_id": "314852", "values": [{"date": "2024-04-27-04-00-00", "alternatives": ["96", "9", "96"]}, {"date": "2024-04-27-02-00-00", "alternatives": [0, 1115, 115, 115, 115]}, {"date": "2024-04-27-02-00-00", "alternatives": [0, 1115, 115, 115, 115]}, {"date": "2024-04-27-02-00-00", "alternatives": [0, 1115, 115, 115, 115]}, {"date": "2024-04-27-02-00-00", "alternatives": [0, 1115, 115, 115, 115]}, {"date": "2024-04-27-02-00-00", "alternatives": [0, 1115, 115, 115, 115]}, {"date": "2024-04-27-11-00-00", "alternatives": [6, 11106, 106, 11106, 11106]}, {"date": "2024-04-27-11-00-00", "alternatives": [6, 11106, 106, 11106, 11106]}, {"date": "2024-04-27-09-00-00", "alternatives": ["93", "93", "3"]}]}, {"location": {"country_code": "br"}, "game_id": "314852", "values": [{"date": "2024-04-27-21-00-00", "alternatives": [1172, 11172, 172, 1172, 1172, 172]}, {"date": "2024-04-27-21-00-00", "alternatives": [1172, 11172, 172, 1172, 1172, 172]}, {"date": "2024-04-27-21-00-00", "alternatives": [1172, 11172, 172, 1172, 1172, 172]}, {"date": "2024-04-27-05-00-00", "alternatives": [8, 18, 4181, 18, 18]}, {"date": "2024-04-27-20-00-00", "alternatives": ["139", "139", "3"]}, {"date": "2024-04-27-20-00-00", "alternatives": ["139", "139", "3"]}, {"date": "2024-04-27-20-00-00", "alternatives": ["139", "139", "3"]}]}, {"location": {"country_code": "us", "region": "California", "city": "East Los Angeles"}, "game_id": "314852", "values": [{"date": "2024-04-27-08-00-00", "alternatives": [3, 89, 89, 89, 89]}, {"date": "2024-04-27-08-00-00", "alternatives": [3, 89, 89, 89, 89]}, {"date": "2024-04-27-08-00-00", "alternatives": [3, 89, 89, 89, 89]}, {"date": "2024-04-27-08-00-00", "alternatives": [3, 89, 89, 89, 89]}, {"date": "2024-04-27-08-00-00", "alternatives": [3, 89, 89, 89, 89]}, {"date": "2024-04-27-08-00-00", "alternatives": [3, 89, 89, 89, 89]}, {"date": "2024-04-27-08-00-00", "alternatives": [3, 89, 89, 89, 89]}, {"date": "2024-04-27-08-00-00", "alternatives": [3, 89, 89, 89, 89]}, {"date": "2024-04-27-08-00-00", "alternatives": [3, 89, 89, 89, 89]}, {"date": "2024-04-27-08-00-00", "alternatives": [3, 89, 89, 89, 89]}, {"date": "2024-04-27-04-00-00", "alternatives": ["91", "91", "1"]}, {"date": "2024-04-27-04-00-00", "alternatives": ["91", "91", "1"]}]}, {"location": {"country_code": "au"}, "game_id": "314852", "values": [{"date": "2024-04-27-07-00-00", "alternatives": [21, 251, 251, 251, 251]}, {"date": "2024-04-27-13-00-00", "alternatives": [1, 201, 20, 201, 201, 11201]}, {"date": "2024-04-27-13-00-00", "alternatives": [1, 201, 20, 201, 201, 11201]}, {"date": "2024-04-27-13-00-00", "alternatives": [1, 201, 20, 201, 201, 11201]}, {"date": "2024-04-27-13-00-00", "alternatives": [1, 201, 20, 201, 201, 11201]}, {"date": "2024-04-27-13-00-00", "alternatives": [1, 201, 20, 201, 201, 11201]}, {"date": "2024-04-27-13-00-00", "alternatives": [1, 201, 20, 201, 201, 11201]}, {"date": "2024-04-27-17-00-00", "alternatives": ["249", "249", "26"]}]}, {"location": {"country_code": "au", "region": "Victoria", "city": "Melbourne"}, "game_id": "314852", "values": [{"date": "2024-04-27-16-00-00", "alternatives": ["1251", "125", "1251"]}, {"date": "2024-04-27-16-00-00", "alternatives": ["1251", "125", "1251"]}]}, {"location": {"country_code": "es", "region": "Madrid", "city": "Parla"}, "game_id": "314852", "values": [{"date": "2024-04-27-19-00-00", "alternatives": ["144", "44", "144"]}]}, {"location": {"country_code": "es"}, "game_id": "314852", "values": [{"date": "2024-04-28-01-00-00", "alternatives": ["76", "76", "2"]}, {"date": "2024-04-28-01-00-00", "alternatives": ["76", "76", "2"]}, {"date": "2024-04-28-01-00-00", "alternatives": ["76", "76", "2"]}]}, {"location": {"country_code": "ar"}, "game_id": "314852", "values": [{"date": "2024-04-27-03-00-00", "alternatives": ["1985", "198", "198"]}]}, {"location": {"country_code": "ar", "region": "Buenos Aires F.D.", "city": "Bahia Blanca"}, "game_id": "314852", "values": [{"date": "2024-04-27-07-00-00", "alternatives": ["56", "11156", "56"]}]}, {"location": {"country_code": "vn"}, "game_id": "314852", "values": [{"date": "2024-04-27-04-00-00", "alternatives": ["109", "601", "109"]}, {"date": "2024-04-27-04-00-00", "alternatives": ["109", "601", "109"]}, {"date": "2024-04-27-04-00-00", "alternatives": ["109", "601", "109"]}]}, {"location": {"country_code": "jm"}, "game_id": "314852", "values": [{"date": "2024-04-27-08-00-00", "alternatives": ["202", "202", "3"]}, {"date": "2024-04-27-08-00-00", "alternatives": ["202", "202", "3"]}]}, {"location": {"country_code": "us", "region": "Massachusetts"}, "game_id": "314852", "values": [{"date": "2024-04-28-00-00-00", "alternatives": ["069", "869", "069"]}]}, {"location": {"country_code": "ru"}, "game_id": "314852", "values": [{"date": "2024-04-27-10-00-00", "alternatives": [7, 1, 1, 1]}]}, {"location": {"country_code": "us", "region": "Michigan"}, "game_id": "314852", "values": [{"date": "2024-04-27-02-00-00", "alternatives": [6, 4, 46, 4, 46, 46]}, {"date": "2024-04-27-02-00-00", "alternatives": [6, 4, 46, 4, 46, 46]}]}, {"location": {"country_code": "pe", "region": "Lima region", "city": "Nuevo Lince"}, "game_id": "314852", "values": [{"date": "2024-04-27-10-00-00", "alternatives": ["103", "103", "2"]}, {"date": "2024-04-27-10-00-00", "alternatives": ["103", "103", "2"]}, {"date": "2024-04-27-10-00-00", "alternatives": ["103", "103", "2"]}, {"date": "2024-04-27-10-00-00", "alternatives": ["103", "103", "2"]}, {"date": "2024-04-27-10-00-00", "alternatives": ["103", "103", "2"]}]}, {"location": {"country_code": "co"}, "game_id": "314852", "values": [{"date": "2024-04-28-00-00-00", "alternatives": ["0189", "11189", "189"]}, {"date": "2024-04-28-00-00-00", "alternatives": ["0189", "11189", "189"]}]}, {"location": {"country_code": "at"}, "game_id": "314852", "values": [{"date": "2024-04-28-00-00-00", "alternatives": ["38", "38", "2"]}]}, {"location": {"country_code": "us", "region": "Indiana", "city": "Indianapolis"}, "game_id": "314852", "values": [{"date": "2024-04-27-03-00-00", "alternatives": ["8", "8", "48"]}]}, {"location": {"country_code": "pl"}, "game_id": "314852", "values": [{"date": "2024-04-27-12-00-00", "alternatives": [4, 40, 40, 40]}, {"date": "2024-04-27-12-00-00", "alternatives": [4, 40, 40, 40]}, {"date": "2024-04-27-13-00-00", "alternatives": [62, 423, 42, 62, 42, 42]}, {"date": "2024-04-27-13-00-00", "alternatives": [62, 423, 42, 62, 42, 42]}]}, {"location": {"country_code": "be"}, "game_id": "314852", "values": [{"date": "2024-04-27-23-00-00", "alternatives": ["4", "40", "40"]}]}, {"location": {"country_code": "us", "region": "North Carolina", "city": "Cornelius"}, "game_id": "314852", "values": [{"date": "2024-04-27-23-00-00", "alternatives": ["19", "19", "10"]}, {"date": "2024-04-27-23-00-00", "alternatives": ["19", "19", "10"]}, {"date": "2024-04-27-23-00-00", "alternatives": ["19", "19", "10"]}]}, {"location": {"country_code": "gb", "region": "England", "city": "London"}, "game_id": "314852", "values": [{"date": "2024-04-27-02-00-00", "alternatives": [8, 80, 0, 80, 180, 80]}, {"date": "2024-04-27-02-00-00", "alternatives": [8, 80, 0, 80, 180, 80]}, {"date": "2024-04-27-02-00-00", "alternatives": [8, 80, 0, 80, 180, 80]}, {"date": "2024-04-27-02-00-00", "alternatives": [8, 80, 0, 80, 180, 80]}]}, {"location": {"country_code": "ua"}, "game_id": "314852", "values": [{"date": "2024-04-27-23-00-00", "alternatives": ["31", "31", "3"]}, {"date": "2024-04-27-23-00-00", "alternatives": ["31", "31", "3"]}, {"date": "2024-04-27-23-00-00", "alternatives": ["31", "31", "3"]}, {"date": "2024-04-27-23-00-00", "alternatives": ["31", "31", "3"]}]}, {"location": {"country_code": "sg"}, "game_id": "314852", "values": [{"date": "2024-04-27-17-00-00", "alternatives": ["97", "97", "7"]}, {"date": "2024-04-27-17-00-00", "alternatives": ["97", "97", "7"]}, {"date": "2024-04-27-17-00-00", "alternatives": ["97", "97", "7"]}, {"date": "2024-04-27-17-00-00", "alternatives": ["97", "97", "7"]}, {"date": "2024-04-27-16-00-00", "alternatives": ["91", "91", "9"]}, {"date": "2024-04-27-16-00-00", "alternatives": ["91", "91", "9"]}]}, {"location": {"country_code": "my"}, "game_id": "314852", "values": [{"date": "2024-04-27-17-00-00", "alternatives": ["108", "108", "2"]}, {"date": "2024-04-27-07-00-00", "alternatives": [92, 92, 92]}, {"date": "2024-04-27-07-00-00", "alternatives": [92, 92, 92]}, {"date": "2024-04-27-07-00-00", "alternatives": [92, 92, 92]}, {"date": "2024-04-27-11-00-00", "alternatives": ["46", "46", "11"]}, {"date": "2024-04-27-11-00-00", "alternatives": ["46", "46", "11"]}]}, {"location": {"country_code": "id"}, "game_id": "314852", "values": [{"date": "2024-04-27-19-00-00", "alternatives": ["1303", "130", "130"]}, {"date": "2024-04-27-19-00-00", "alternatives": ["1303", "130", "130"]}, {"date": "2024-04-27-09-00-00", "alternatives": [118, 1118, 118, 118, 1118]}, {"date": "2024-04-27-09-00-00", "alternatives": [118, 1118, 118, 118, 1118]}, {"date": "2024-04-27-09-00-00", "alternatives": [118, 1118, 118, 118, 1118]}, {"date": "2024-04-27-09-00-00", "alternatives": [118, 1118, 118, 118, 1118]}, {"date": "2024-04-27-16-00-00", "alternatives": ["288", "288", "11"]}, {"date": "2024-04-27-16-00-00", "alternatives": ["288", "288", "11"]}, {"date": "2024-04-27-10-00-00", "alternatives": ["1103", "11103", "11103"]}, {"date": "2024-04-27-10-00-00", "alternatives": ["1103", "11103", "11103"]}, {"date": "2024-04-27-18-00-00", "alternatives": [1, 103, 3, 103, 103]}, {"date": "2024-04-27-18-00-00", "alternatives": [1, 103, 3, 103, 103]}, {"date": "2024-04-27-18-00-00", "alternatives": [1, 103, 3, 103, 103]}]}, {"location": {"country_code": "us", "region": "Pennsylvania"}, "game_id": "314852", "values": [{"date": "2024-04-27-22-00-00", "alternatives": ["21", "21", "2"]}]}, {"location": {"country_code": "jp", "region": "Kyoto", "city": "Kyoto"}, "game_id": "314852", "values": [{"date": "2024-04-27-09-00-00", "alternatives": [76, 75, 76, 1176, 76]}]}, {"location": {"country_code": "us", "region": "Arizona", "city": "Tempe"}, "game_id": "314852", "values": [{"date": "2024-04-28-01-00-00", "alternatives": ["78015", "78", "78"]}, {"date": "2024-04-28-01-00-00", "alternatives": ["78015", "78", "78"]}]}, {"location": {"country_code": "us", "region": "West Virginia"}, "game_id": "314852", "values": [{"date": "2024-04-27-08-00-00", "alternatives": ["153", "53", "153"]}]}, {"location": {"country_code": "mx", "region": "Jalisco", "city": "Guadalajara"}, "game_id": "314852", "values": [{"date": "2024-04-27-11-00-00", "alternatives": ["76", "76", "174"]}, {"date": "2024-04-27-11-00-00", "alternatives": ["76", "76", "174"]}]}, {"location": {"country_code": "ca", "region": "British Columbia", "city": "Richmond"}, "game_id": "314852", "values": [{"date": "2024-04-27-19-00-00", "alternatives": [126, 1265, 265, 1265, 265, 1265]}, {"date": "2024-04-27-19-00-00", "alternatives": [126, 1265, 265, 1265, 265, 1265]}, {"date": "2024-04-27-19-00-00", "alternatives": [126, 1265, 265, 1265, 265, 1265]}, {"date": "2024-04-27-19-00-00", "alternatives": [126, 1265, 265, 1265, 265, 1265]}, {"date": "2024-04-27-19-00-00", "alternatives": [126, 1265, 265, 1265, 265, 1265]}, {"date": "2024-04-27-19-00-00", "alternatives": [126, 1265, 265, 1265, 265, 1265]}]}, {"location": {"country_code": "us", "region": "Texas", "city": "Irving"}, "game_id": "314852", "values": [{"date": "2024-04-27-04-00-00", "alternatives": ["92", "92", "4"]}, {"date": "2024-04-27-04-00-00", "alternatives": ["92", "92", "4"]}, {"date": "2024-04-27-04-00-00", "alternatives": ["92", "92", "4"]}]}, {"location": {"country_code": "gt"}, "game_id": "314852", "values": [{"date": "2024-04-27-06-00-00", "alternatives": ["0", "109", "109"]}]}, {"location": {"country_code": "ca", "region": "British Columbia"}, "game_id": "314852", "values": [{"date": "2024-04-27-12-00-00", "alternatives": [8205, 82, 82, 82, 82]}, {"date": "2024-04-27-12-00-00", "alternatives": [8205, 82, 82, 82, 82]}, {"date": "2024-04-27-12-00-00", "alternatives": [8205, 82, 82, 82, 82]}, {"date": "2024-04-27-12-00-00", "alternatives": [8205, 82, 82, 82, 82]}, {"date": "2024-04-27-12-00-00", "alternatives": [8205, 82, 82, 82, 82]}, {"date": "2024-04-27-12-00-00", "alternatives": [8205, 82, 82, 82, 82]}, {"date": "2024-04-27-12-00-00", "alternatives": [8205, 82, 82, 82, 82]}]}, {"location": {"country_code": "us", "region": "Washington", "city": "Everett"}, "game_id": "314852", "values": [{"date": "2024-04-27-19-00-00", "alternatives": ["6100", "01", "1"]}]}, {"location": {"country_code": "us", "region": "Oregon"}, "game_id": "314852", "values": [{"date": "2024-04-27-08-00-00", "alternatives": ["183", "83", "83"]}]}, {"location": {"country_code": "us", "region": "South Carolina", "city": "Charleston"}, "game_id": "314852", "values": [{"date": "2024-04-28-01-00-00", "alternatives": ["52", "52", "2"]}, {"date": "2024-04-28-01-00-00", "alternatives": ["52", "52", "2"]}]}, {"location": {"country_code": "us", "region": "Texas", "city": "San Antonio"}, "game_id": "314852", "values": [{"date": "2024-04-27-16-00-00", "alternatives": [491, 49, 49, 49, 49]}, {"date": "2024-04-27-16-00-00", "alternatives": [491, 49, 49, 49, 49]}, {"date": "2024-04-27-16-00-00", "alternatives": [491, 49, 49, 49, 49]}, {"date": "2024-04-27-16-00-00", "alternatives": [491, 49, 49, 49, 49]}]}, {"location": {"country_code": "us", "region": "New York"}, "game_id": "314852", "values": [{"date": "2024-04-27-03-00-00", "alternatives": ["05", "05", "7"]}]}, {"location": {"country_code": "it", "region": "Lombardy", "city": "Milan"}, "game_id": "314852", "values": [{"date": "2024-04-27-23-00-00", "alternatives": ["123", "23", "23"]}, {"date": "2024-04-27-23-00-00", "alternatives": ["123", "23", "23"]}, {"date": "2024-04-27-23-00-00", "alternatives": ["123", "23", "23"]}]}, {"location": {"country_code": "ca", "region": "Nunavut"}, "game_id": "314852", "values": [{"date": "2024-04-27-14-00-00", "alternatives": [3, 53, 33, 53, 53, 53]}, {"date": "2024-04-27-14-00-00", "alternatives": [3, 53, 33, 53, 53, 53]}, {"date": "2024-04-27-14-00-00", "alternatives": [3, 53, 33, 53, 53, 53]}, {"date": "2024-04-27-14-00-00", "alternatives": [3, 53, 33, 53, 53, 53]}]}, {"location": {"country_code": "es", "region": "Andalusia", "city": "La Linea de la Concepcion"}, "game_id": "314852", "values": [{"date": "2024-04-27-13-00-00", "alternatives": [152, 52, 1152, 152, 152, 1152]}, {"date": "2024-04-27-13-00-00", "alternatives": [152, 52, 1152, 152, 152, 1152]}, {"date": "2024-04-27-13-00-00", "alternatives": [152, 52, 1152, 152, 152, 1152]}, {"date": "2024-04-27-13-00-00", "alternatives": [152, 52, 1152, 152, 152, 1152]}, {"date": "2024-04-27-13-00-00", "alternatives": [152, 52, 1152, 152, 152, 1152]}, {"date": "2024-04-27-13-00-00", "alternatives": [152, 52, 1152, 152, 152, 1152]}]}, {"location": {"country_code": "us", "region": "New Jersey", "city": "West Orange"}, "game_id": "314852", "values": [{"date": "2024-04-28-00-00-00", "alternatives": [1186, 11186, 111846, 1865, 11186, 11186]}, {"date": "2024-04-28-00-00-00", "alternatives": [1186, 11186, 111846, 1865, 11186, 11186]}, {"date": "2024-04-28-00-00-00", "alternatives": [1186, 11186, 111846, 1865, 11186, 11186]}, {"date": "2024-04-28-00-00-00", "alternatives": [1186, 11186, 111846, 1865, 11186, 11186]}, {"date": "2024-04-28-00-00-00", "alternatives": [1186, 11186, 111846, 1865, 11186, 11186]}, {"date": "2024-04-28-00-00-00", "alternatives": [1186, 11186, 111846, 1865, 11186, 11186]}]}, {"location": {"country_code": "ph", "region": "National Capital Region", "city": "Makati"}, "game_id": "314852", "values": [{"date": "2024-04-27-07-00-00", "alternatives": [0, 256, 254, 4256, 256, 256]}, {"date": "2024-04-27-07-00-00", "alternatives": [0, 256, 254, 4256, 256, 256]}, {"date": "2024-04-27-07-00-00", "alternatives": [0, 256, 254, 4256, 256, 256]}, {"date": "2024-04-27-07-00-00", "alternatives": [0, 256, 254, 4256, 256, 256]}, {"date": "2024-04-27-07-00-00", "alternatives": [0, 256, 254, 4256, 256, 256]}, {"date": "2024-04-27-07-00-00", "alternatives": [0, 256, 254, 4256, 256, 256]}, {"date": "2024-04-27-07-00-00", "alternatives": [0, 256, 254, 4256, 256, 256]}, {"date": "2024-04-27-07-00-00", "alternatives": [0, 256, 254, 4256, 256, 256]}, {"date": "2024-04-27-07-00-00", "alternatives": [0, 256, 254, 4256, 256, 256]}, {"date": "2024-04-27-07-00-00", "alternatives": [0, 256, 254, 4256, 256, 256]}, {"date": "2024-04-27-07-00-00", "alternatives": [0, 256, 254, 4256, 256, 256]}]}, {"location": {"country_code": "id", "region": "East Java", "city": "Surabaya"}, "game_id": "314852", "values": [{"date": "2024-04-27-10-00-00", "alternatives": [8, 1, 118, 118, 118]}, {"date": "2024-04-27-10-00-00", "alternatives": [8, 1, 118, 118, 118]}, {"date": "2024-04-27-10-00-00", "alternatives": [8, 1, 118, 118, 118]}, {"date": "2024-04-27-10-00-00", "alternatives": [8, 1, 118, 118, 118]}, {"date": "2024-04-27-10-00-00", "alternatives": [8, 1, 118, 118, 118]}, {"date": "2024-04-27-10-00-00", "alternatives": [8, 1, 118, 118, 118]}, {"date": "2024-04-27-10-00-00", "alternatives": [8, 1, 118, 118, 118]}, {"date": "2024-04-27-10-00-00", "alternatives": [8, 1, 118, 118, 118]}, {"date": "2024-04-27-10-00-00", "alternatives": [8, 1, 118, 118, 118]}, {"date": "2024-04-27-10-00-00", "alternatives": [8, 1, 118, 118, 118]}, {"date": "2024-04-27-10-00-00", "alternatives": [8, 1, 118, 118, 118]}, {"date": "2024-04-27-10-00-00", "alternatives": [8, 1, 118, 118, 118]}, {"date": "2024-04-27-10-00-00", "alternatives": [8, 1, 118, 118, 118]}, {"date": "2024-04-27-10-00-00", "alternatives": [8, 1, 118, 118, 118]}, {"date": "2024-04-27-10-00-00", "alternatives": [8, 1, 118, 118, 118]}]}, {"location": {"country_code": "ru", "region": "Moscow Oblast", "city": "Voskresensk"}, "game_id": "314852", "values": [{"date": "2024-04-27-15-00-00", "alternatives": ["57", "57", "97"]}, {"date": "2024-04-27-15-00-00", "alternatives": ["57", "57", "97"]}, {"date": "2024-04-27-15-00-00", "alternatives": ["57", "57", "97"]}]}, {"location": {"country_code": "us", "region": "California", "city": "Desert Hot Springs"}, "game_id": "314852", "values": [{"date": "2024-04-27-04-00-00", "alternatives": ["1107", "0107", "107"]}]}], "last_updated": 1719918122.103601}