{"data": [{"location": {"country_code": "us"}, "game_id": "118849", "values": [{"date": "2022-06-05-12-00-00", "latency": 35}, {"date": "2022-06-05-12-00-00", "latency": 35}, {"date": "2022-06-05-04-00-00", "latency": 50}, {"date": "2022-06-05-04-00-00", "latency": 50}]}, {"location": {"country_code": "de", "region": "Berlin", "city": "Berlin"}, "game_id": "118849", "values": [{"date": "2022-06-05-23-00-00", "latency": 1}, {"date": "2022-06-05-23-00-00", "latency": 1}]}, {"location": {"country_code": "us", "region": "New York", "city": "Jamestown"}, "game_id": "118849", "values": [{"date": "2022-06-05-18-00-00", "latency": 4}, {"date": "2022-06-05-18-00-00", "latency": 4}, {"date": "2022-06-06-02-00-00", "latency": 2}, {"date": "2022-06-06-02-00-00", "latency": 2}]}, {"location": {"country_code": "gb"}, "game_id": "118849", "values": [{"date": "2022-06-05-20-00-00", "latency": 115}, {"date": "2022-06-05-20-00-00", "latency": 115}, {"date": "2022-06-05-20-00-00", "latency": 115}, {"date": "2022-06-05-20-00-00", "latency": 115}, {"date": "2022-06-05-20-00-00", "latency": 115}]}, {"location": {"country_code": "gr"}, "game_id": "118849", "values": [{"date": "2022-06-05-22-00-00", "latency": 71}, {"date": "2022-06-05-22-00-00", "latency": 71}]}, {"location": {"country_code": "pa"}, "game_id": "118849", "values": [{"date": "2022-06-05-05-00-00", "latency": 4}]}, {"location": {"country_code": "cz"}, "game_id": "118849", "values": [{"date": "2022-06-05-14-00-00", "latency": 1}, {"date": "2022-06-05-14-00-00", "latency": 1}, {"date": "2022-06-05-14-00-00", "latency": 1}, {"date": "2022-06-05-14-00-00", "latency": 1}]}, {"location": {"country_code": "it"}, "game_id": "118849", "values": [{"date": "2022-06-05-09-00-00", "latency": 4}]}, {"location": {"country_code": "br", "region": "Parana", "city": "Araucaria"}, "game_id": "118849", "values": [{"date": "2022-06-05-20-00-00", "latency": 88}, {"date": "2022-06-05-20-00-00", "latency": 88}, {"date": "2022-06-05-20-00-00", "latency": 88}, {"date": "2022-06-05-20-00-00", "latency": 88}, {"date": "2022-06-05-20-00-00", "latency": 88}]}, {"location": {"country_code": "cl", "region": "Los Rios Region", "city": "Valdivia"}, "game_id": "118849", "values": [{"date": "2022-06-05-04-00-00", "latency": 18}]}, {"location": {"country_code": "ph"}, "game_id": "118849", "values": [{"date": "2022-06-05-10-00-00", "latency": 0}]}, {"location": {"country_code": "fr"}, "game_id": "118849", "values": [{"date": "2022-06-05-10-00-00", "latency": 0}, {"date": "2022-06-05-17-00-00", "latency": 1}, {"date": "2022-06-05-23-00-00", "latency": 1}, {"date": "2022-06-05-14-00-00", "latency": 2}, {"date": "2022-06-05-14-00-00", "latency": 2}]}, {"location": {"country_code": "mx"}, "game_id": "118849", "values": [{"date": "2022-06-05-04-00-00", "latency": 3}, {"date": "2022-06-05-04-00-00", "latency": 3}]}, {"location": {"country_code": "us", "region": "California"}, "game_id": "118849", "values": [{"date": "2022-06-05-22-00-00", "latency": 29}, {"date": "2022-06-05-22-00-00", "latency": 29}, {"date": "2022-06-05-08-00-00", "latency": 7}]}, {"location": {"country_code": "br", "region": "Sao Paulo", "city": "Guarulhos"}, "game_id": "118849", "values": [{"date": "2022-06-06-01-00-00", "latency": 138}, {"date": "2022-06-06-01-00-00", "latency": 138}, {"date": "2022-06-06-01-00-00", "latency": 138}, {"date": "2022-06-06-01-00-00", "latency": 138}, {"date": "2022-06-06-01-00-00", "latency": 138}, {"date": "2022-06-06-01-00-00", "latency": 138}]}, {"location": {"country_code": "br", "region": "Sao Paulo", "city": "Apiai"}, "game_id": "118849", "values": [{"date": "2022-06-06-01-00-00", "latency": 155}, {"date": "2022-06-06-01-00-00", "latency": 155}, {"date": "2022-06-06-01-00-00", "latency": 155}, {"date": "2022-06-06-01-00-00", "latency": 155}, {"date": "2022-06-06-01-00-00", "latency": 155}, {"date": "2022-06-06-01-00-00", "latency": 155}, {"date": "2022-06-06-01-00-00", "latency": 155}, {"date": "2022-06-06-01-00-00", "latency": 155}]}, {"location": {"country_code": "se"}, "game_id": "118849", "values": [{"date": "2022-06-05-20-00-00", "latency": 3}, {"date": "2022-06-05-20-00-00", "latency": 3}, {"date": "2022-06-05-23-00-00", "latency": 7}, {"date": "2022-06-05-23-00-00", "latency": 7}]}, {"location": {"country_code": "us", "region": "California", "city": "East Los Angeles"}, "game_id": "118849", "values": [{"date": "2022-06-05-12-00-00", "latency": 1}, {"date": "2022-06-05-10-00-00", "latency": 6}]}, {"location": {"country_code": "au"}, "game_id": "118849", "values": [{"date": "2022-06-05-07-00-00", "latency": 7}, {"date": "2022-06-05-07-00-00", "latency": 7}, {"date": "2022-06-05-07-00-00", "latency": 7}, {"date": "2022-06-05-12-00-00", "latency": 1}]}, {"location": {"country_code": "us", "region": "Texas", "city": "Austin"}, "game_id": "118849", "values": [{"date": "2022-06-05-22-00-00", "latency": 58}, {"date": "2022-06-05-22-00-00", "latency": 58}]}, {"location": {"country_code": "tr"}, "game_id": "118849", "values": [{"date": "2022-06-05-19-00-00", "latency": 41}, {"date": "2022-06-05-19-00-00", "latency": 41}, {"date": "2022-06-05-19-00-00", "latency": 41}, {"date": "2022-06-05-19-00-00", "latency": 41}, {"date": "2022-06-05-04-00-00", "latency": 32}, {"date": "2022-06-05-21-00-00", "latency": 26}]}, {"location": {"country_code": "de", "region": "Hesse"}, "game_id": "118849", "values": [{"date": "2022-06-06-01-00-00", "latency": 18}]}, {"location": {"country_code": "kr", "region": "Seoul"}, "game_id": "118849", "values": [{"date": "2022-06-05-12-00-00", "latency": 125}]}, {"location": {"country_code": "fi"}, "game_id": "118849", "values": [{"date": "2022-06-05-07-00-00", "latency": 1}]}, {"location": {"country_code": "ar", "region": "Buenos Aires F.D.", "city": "Bahia Blanca"}, "game_id": "118849", "values": [{"date": "2022-06-05-18-00-00", "latency": 186}, {"date": "2022-06-05-18-00-00", "latency": 186}, {"date": "2022-06-05-18-00-00", "latency": 186}, {"date": "2022-06-05-18-00-00", "latency": 186}, {"date": "2022-06-05-18-00-00", "latency": 186}, {"date": "2022-06-05-10-00-00", "latency": 173}, {"date": "2022-06-05-10-00-00", "latency": 173}, {"date": "2022-06-05-10-00-00", "latency": 173}, {"date": "2022-06-05-10-00-00", "latency": 173}, {"date": "2022-06-05-10-00-00", "latency": 173}, {"date": "2022-06-05-10-00-00", "latency": 173}, {"date": "2022-06-05-10-00-00", "latency": 173}]}, {"location": {"country_code": "es", "region": "Catalonia", "city": "l'Hospitalet de Llobregat"}, "game_id": "118849", "values": [{"date": "2022-06-05-12-00-00", "latency": 121}, {"date": "2022-06-05-12-00-00", "latency": 121}, {"date": "2022-06-05-12-00-00", "latency": 121}]}, {"location": {"country_code": "be"}, "game_id": "118849", "values": [{"date": "2022-06-05-16-00-00", "latency": 4}]}, {"location": {"country_code": "us", "region": "Nevada", "city": "Las Vegas"}, "game_id": "118849", "values": [{"date": "2022-06-06-02-00-00", "latency": 1}, {"date": "2022-06-06-02-00-00", "latency": 1}]}, {"location": {"country_code": "sg"}, "game_id": "118849", "values": [{"date": "2022-06-05-22-00-00", "latency": 0}, {"date": "2022-06-05-11-00-00", "latency": 1}]}, {"location": {"country_code": "ca", "region": "Ontario", "city": "Toronto"}, "game_id": "118849", "values": [{"date": "2022-06-06-02-00-00", "latency": 8}, {"date": "2022-06-06-02-00-00", "latency": 8}, {"date": "2022-06-06-02-00-00", "latency": 8}, {"date": "2022-06-06-02-00-00", "latency": 8}, {"date": "2022-06-06-02-00-00", "latency": 8}, {"date": "2022-06-06-02-00-00", "latency": 8}, {"date": "2022-06-06-02-00-00", "latency": 8}, {"date": "2022-06-06-02-00-00", "latency": 8}, {"date": "2022-06-06-02-00-00", "latency": 8}, {"date": "2022-06-06-02-00-00", "latency": 8}, {"date": "2022-06-06-02-00-00", "latency": 8}, {"date": "2022-06-06-02-00-00", "latency": 8}, {"date": "2022-06-06-02-00-00", "latency": 8}, {"date": "2022-06-06-02-00-00", "latency": 8}, {"date": "2022-06-06-02-00-00", "latency": 8}, {"date": "2022-06-06-02-00-00", "latency": 8}, {"date": "2022-06-06-02-00-00", "latency": 8}, {"date": "2022-06-06-02-00-00", "latency": 8}, {"date": "2022-06-06-02-00-00", "latency": 8}, {"date": "2022-06-06-02-00-00", "latency": 8}, {"date": "2022-06-06-02-00-00", "latency": 8}, {"date": "2022-06-06-02-00-00", "latency": 8}, {"date": "2022-06-06-02-00-00", "latency": 8}, {"date": "2022-06-06-02-00-00", "latency": 8}, {"date": "2022-06-06-02-00-00", "latency": 8}, {"date": "2022-06-06-02-00-00", "latency": 8}, {"date": "2022-06-06-02-00-00", "latency": 8}, {"date": "2022-06-06-02-00-00", "latency": 8}, {"date": "2022-06-06-02-00-00", "latency": 8}, {"date": "2022-06-06-02-00-00", "latency": 8}, {"date": "2022-06-06-02-00-00", "latency": 8}, {"date": "2022-06-06-02-00-00", "latency": 8}]}, {"location": {"country_code": "us", "region": "Colorado", "city": "Colorado Springs"}, "game_id": "118849", "values": [{"date": "2022-06-05-23-00-00", "latency": 4}, {"date": "2022-06-05-23-00-00", "latency": 4}, {"date": "2022-06-05-23-00-00", "latency": 4}, {"date": "2022-06-05-23-00-00", "latency": 4}, {"date": "2022-06-05-23-00-00", "latency": 4}, {"date": "2022-06-05-23-00-00", "latency": 4}, {"date": "2022-06-05-23-00-00", "latency": 4}, {"date": "2022-06-05-23-00-00", "latency": 4}, {"date": "2022-06-05-23-00-00", "latency": 4}, {"date": "2022-06-05-23-00-00", "latency": 4}]}, {"location": {"country_code": "us", "region": "Tennessee", "city": "Nashville"}, "game_id": "118849", "values": [{"date": "2022-06-05-02-00-00", "latency": 3}]}, {"location": {"country_code": "br", "region": "Santa Catarina", "city": "Pouso Redondo"}, "game_id": "118849", "values": [{"date": "2022-06-05-18-00-00", "latency": 3}]}, {"location": {"country_code": "de", "region": "North Rhine-Westphalia"}, "game_id": "118849", "values": [{"date": "2022-06-05-19-00-00", "latency": 8}, {"date": "2022-06-05-19-00-00", "latency": 8}]}, {"location": {"country_code": "br", "region": "Amazonas", "city": "Manaus"}, "game_id": "118849", "values": [{"date": "2022-06-05-08-00-00", "latency": 2}, {"date": "2022-06-05-08-00-00", "latency": 2}]}, {"location": {"country_code": "mx", "region": "Tabasco"}, "game_id": "118849", "values": [{"date": "2022-06-05-05-00-00", "latency": 1}, {"date": "2022-06-05-05-00-00", "latency": 1}, {"date": "2022-06-05-05-00-00", "latency": 1}, {"date": "2022-06-05-05-00-00", "latency": 1}, {"date": "2022-06-05-05-00-00", "latency": 1}, {"date": "2022-06-05-05-00-00", "latency": 1}]}, {"location": {"country_code": "us", "region": "Nebraska", "city": "Omaha"}, "game_id": "118849", "values": [{"date": "2022-06-05-13-00-00", "latency": 2}, {"date": "2022-06-05-13-00-00", "latency": 2}]}, {"location": {"country_code": "br", "region": "Santa Catarina", "city": "Balneario Camboriu"}, "game_id": "118849", "values": [{"date": "2022-06-05-20-00-00", "latency": 159}, {"date": "2022-06-05-20-00-00", "latency": 159}, {"date": "2022-06-05-20-00-00", "latency": 159}, {"date": "2022-06-05-20-00-00", "latency": 159}, {"date": "2022-06-05-20-00-00", "latency": 159}, {"date": "2022-06-05-20-00-00", "latency": 159}, {"date": "2022-06-05-20-00-00", "latency": 159}]}, {"location": {"country_code": "de", "region": "Bavaria", "city": "Wurzburg"}, "game_id": "118849", "values": [{"date": "2022-06-05-19-00-00", "latency": 1}]}, {"location": {"country_code": "cz", "region": "South Moravian"}, "game_id": "118849", "values": [{"date": "2022-06-05-13-00-00", "latency": 143}, {"date": "2022-06-05-13-00-00", "latency": 143}, {"date": "2022-06-05-13-00-00", "latency": 143}, {"date": "2022-06-05-13-00-00", "latency": 143}, {"date": "2022-06-05-13-00-00", "latency": 143}, {"date": "2022-06-05-13-00-00", "latency": 143}, {"date": "2022-06-05-13-00-00", "latency": 143}, {"date": "2022-06-05-13-00-00", "latency": 143}, {"date": "2022-06-05-13-00-00", "latency": 143}, {"date": "2022-06-05-13-00-00", "latency": 143}, {"date": "2022-06-05-13-00-00", "latency": 143}, {"date": "2022-06-05-13-00-00", "latency": 143}, {"date": "2022-06-05-13-00-00", "latency": 143}]}, {"location": {"country_code": "ru", "region": "Altai Krai", "city": "Barnaul"}, "game_id": "118849", "values": [{"date": "2022-06-05-11-00-00", "latency": 127}]}, {"location": {"country_code": "ar", "region": "Buenos Aires", "city": "Berisso"}, "game_id": "118849", "values": [{"date": "2022-06-05-07-00-00", "latency": 29}, {"date": "2022-06-05-07-00-00", "latency": 29}, {"date": "2022-06-05-07-00-00", "latency": 29}, {"date": "2022-06-05-07-00-00", "latency": 29}, {"date": "2022-06-05-07-00-00", "latency": 29}, {"date": "2022-06-05-07-00-00", "latency": 29}, {"date": "2022-06-05-07-00-00", "latency": 29}]}, {"location": {"country_code": "br", "region": "Pernambuco", "city": "Jaboatao dos Guararapes"}, "game_id": "118849", "values": [{"date": "2022-06-05-18-00-00", "latency": 7}]}, {"location": {"country_code": "br", "region": "Tocantins", "city": "Presidente Kennedy"}, "game_id": "118849", "values": [{"date": "2022-06-05-22-00-00", "latency": 92}]}, {"location": {"country_code": "fr", "region": "Nord-Passo di Calais-Piccardia", "city": "Merlimont"}, "game_id": "118849", "values": [{"date": "2022-06-05-17-00-00", "latency": 5}, {"date": "2022-06-05-17-00-00", "latency": 5}, {"date": "2022-06-05-17-00-00", "latency": 5}]}, {"location": {"country_code": "gs"}, "game_id": "118849", "values": [{"date": "2022-06-05-22-00-00", "latency": 21}, {"date": "2022-06-05-22-00-00", "latency": 21}, {"date": "2022-06-05-22-00-00", "latency": 21}, {"date": "2022-06-05-22-00-00", "latency": 21}, {"date": "2022-06-05-22-00-00", "latency": 21}]}, {"location": {"country_code": "us", "region": "Pennsylvania", "city": "Carlisle"}, "game_id": "118849", "values": [{"date": "2022-06-05-16-00-00", "latency": 2}]}], "last_updated": 1719919341.562251}