{"data": [{"location": {"country_code": "us"}, "game_id": "273486", "values": [{"date": "2022-07-01-04-00-00", "latency": 0}, {"date": "2022-07-02-01-00-00", "latency": 14}, {"date": "2022-07-01-23-00-00", "latency": 0}, {"date": "2022-07-01-23-00-00", "latency": 0}, {"date": "2022-07-01-09-00-00", "latency": 0}, {"date": "2022-07-01-10-00-00", "latency": 2}, {"date": "2022-07-01-07-00-00", "latency": 23}, {"date": "2022-07-01-07-00-00", "latency": 23}, {"date": "2022-07-01-07-00-00", "latency": 23}, {"date": "2022-07-01-07-00-00", "latency": 23}, {"date": "2022-07-01-07-00-00", "latency": 23}, {"date": "2022-07-01-07-00-00", "latency": 23}, {"date": "2022-07-01-07-00-00", "latency": 23}, {"date": "2022-07-01-07-00-00", "latency": 23}, {"date": "2022-07-01-07-00-00", "latency": 23}, {"date": "2022-07-01-07-00-00", "latency": 23}, {"date": "2022-07-01-07-00-00", "latency": 23}, {"date": "2022-07-01-03-00-00", "latency": 15}, {"date": "2022-07-01-06-00-00", "latency": 0}, {"date": "2022-07-01-03-00-00", "latency": 19}]}, {"location": {"country_code": "us", "region": "New York", "city": "Jamestown"}, "game_id": "273486", "values": [{"date": "2022-07-01-09-00-00", "latency": 19}, {"date": "2022-07-01-10-00-00", "latency": 23}, {"date": "2022-07-01-10-00-00", "latency": 23}, {"date": "2022-07-01-10-00-00", "latency": 23}, {"date": "2022-07-01-10-00-00", "latency": 23}, {"date": "2022-07-01-10-00-00", "latency": 23}, {"date": "2022-07-01-10-00-00", "latency": 23}, {"date": "2022-07-01-10-00-00", "latency": 23}, {"date": "2022-07-01-10-00-00", "latency": 23}, {"date": "2022-07-01-18-00-00", "latency": 19}, {"date": "2022-07-01-18-00-00", "latency": 19}]}, {"location": {"country_code": "gb", "region": "England"}, "game_id": "273486", "values": [{"date": "2022-07-01-02-00-00", "latency": 0}, {"date": "2022-07-01-18-00-00", "latency": 0}, {"date": "2022-07-01-02-00-00", "latency": 0}]}, {"location": {"country_code": "gb", "region": "Wales", "city": "Swansea"}, "game_id": "273486", "values": [{"date": "2022-07-01-16-00-00", "latency": 19}, {"date": "2022-07-01-16-00-00", "latency": 19}]}, {"location": {"country_code": "jp"}, "game_id": "273486", "values": [{"date": "2022-07-01-05-00-00", "latency": 23}, {"date": "2022-07-01-05-00-00", "latency": 23}]}, {"location": {"country_code": "ca"}, "game_id": "273486", "values": [{"date": "2022-07-02-01-00-00", "latency": 15}, {"date": "2022-07-01-21-00-00", "latency": 39}, {"date": "2022-07-01-10-00-00", "latency": 0}, {"date": "2022-07-01-11-00-00", "latency": 0}]}, {"location": {"country_code": "de"}, "game_id": "273486", "values": [{"date": "2022-07-01-02-00-00", "latency": 23}, {"date": "2022-07-01-02-00-00", "latency": 23}, {"date": "2022-07-01-02-00-00", "latency": 23}]}, {"location": {"country_code": "us", "region": "Texas"}, "game_id": "273486", "values": [{"date": "2022-07-01-05-00-00", "latency": 15}, {"date": "2022-07-01-05-00-00", "latency": 15}, {"date": "2022-07-01-03-00-00", "latency": 2}, {"date": "2022-07-01-03-00-00", "latency": 2}]}, {"location": {"country_code": "us", "region": "Florida"}, "game_id": "273486", "values": [{"date": "2022-07-01-09-00-00", "latency": 35}, {"date": "2022-07-01-09-00-00", "latency": 35}, {"date": "2022-07-01-09-00-00", "latency": 35}, {"date": "2022-07-01-09-00-00", "latency": 35}, {"date": "2022-07-01-09-00-00", "latency": 35}, {"date": "2022-07-01-09-00-00", "latency": 35}, {"date": "2022-07-01-09-00-00", "latency": 35}, {"date": "2022-07-01-09-00-00", "latency": 35}, {"date": "2022-07-01-09-00-00", "latency": 35}, {"date": "2022-07-01-07-00-00", "latency": 11}, {"date": "2022-07-01-07-00-00", "latency": 11}, {"date": "2022-07-01-07-00-00", "latency": 11}]}, {"location": {"country_code": "fr"}, "game_id": "273486", "values": [{"date": "2022-07-01-03-00-00", "latency": 23}, {"date": "2022-07-01-03-00-00", "latency": 23}]}, {"location": {"country_code": "us", "region": "New Jersey"}, "game_id": "273486", "values": [{"date": "2022-07-01-09-00-00", "latency": 0}, {"date": "2022-07-01-07-00-00", "latency": 3}]}, {"location": {"country_code": "us", "region": "California"}, "game_id": "273486", "values": [{"date": "2022-07-01-07-00-00", "latency": 3}, {"date": "2022-07-01-08-00-00", "latency": 0}]}, {"location": {"country_code": "no"}, "game_id": "273486", "values": [{"date": "2022-07-01-02-00-00", "latency": 1}]}, {"location": {"country_code": "au"}, "game_id": "273486", "values": [{"date": "2022-07-01-18-00-00", "latency": 9}, {"date": "2022-07-01-20-00-00", "latency": 0}, {"date": "2022-07-01-12-00-00", "latency": 31}]}, {"location": {"country_code": "us", "region": "Texas", "city": "Austin"}, "game_id": "273486", "values": [{"date": "2022-07-01-08-00-00", "latency": 58}, {"date": "2022-07-01-08-00-00", "latency": 58}, {"date": "2022-07-01-08-00-00", "latency": 58}, {"date": "2022-07-01-08-00-00", "latency": 58}, {"date": "2022-07-01-08-00-00", "latency": 58}, {"date": "2022-07-01-08-00-00", "latency": 58}, {"date": "2022-07-01-08-00-00", "latency": 58}, {"date": "2022-07-01-08-00-00", "latency": 58}, {"date": "2022-07-01-08-00-00", "latency": 58}, {"date": "2022-07-01-08-00-00", "latency": 58}, {"date": "2022-07-01-08-00-00", "latency": 58}]}, {"location": {"country_code": "sa"}, "game_id": "273486", "values": [{"date": "2022-07-01-20-00-00", "latency": 0}, {"date": "2022-07-01-20-00-00", "latency": 0}, {"date": "2022-07-01-15-00-00", "latency": 86}, {"date": "2022-07-01-05-00-00", "latency": 47}, {"date": "2022-07-01-05-00-00", "latency": 0}, {"date": "2022-07-01-06-00-00", "latency": 0}, {"date": "2022-07-01-06-00-00", "latency": 70}, {"date": "2022-07-01-06-00-00", "latency": 70}, {"date": "2022-07-01-06-00-00", "latency": 70}, {"date": "2022-07-02-01-00-00", "latency": 6}, {"date": "2022-07-02-01-00-00", "latency": 6}, {"date": "2022-07-02-01-00-00", "latency": 6}, {"date": "2022-07-02-01-00-00", "latency": 6}, {"date": "2022-07-01-05-00-00", "latency": 82}, {"date": "2022-07-01-05-00-00", "latency": 82}, {"date": "2022-07-01-05-00-00", "latency": 82}, {"date": "2022-07-01-05-00-00", "latency": 82}, {"date": "2022-07-01-18-00-00", "latency": 70}, {"date": "2022-07-01-18-00-00", "latency": 70}, {"date": "2022-07-01-05-00-00", "latency": 54}, {"date": "2022-07-01-12-00-00", "latency": 90}, {"date": "2022-07-01-12-00-00", "latency": 90}, {"date": "2022-07-01-12-00-00", "latency": 90}, {"date": "2022-07-01-12-00-00", "latency": 90}, {"date": "2022-07-01-12-00-00", "latency": 90}, {"date": "2022-07-01-12-00-00", "latency": 90}, {"date": "2022-07-01-12-00-00", "latency": 90}, {"date": "2022-07-01-12-00-00", "latency": 90}, {"date": "2022-07-01-12-00-00", "latency": 90}, {"date": "2022-07-01-12-00-00", "latency": 90}, {"date": "2022-07-01-12-00-00", "latency": 90}, {"date": "2022-07-01-12-00-00", "latency": 90}, {"date": "2022-07-01-12-00-00", "latency": 90}, {"date": "2022-07-01-12-00-00", "latency": 90}, {"date": "2022-07-01-03-00-00", "latency": 54}, {"date": "2022-07-01-03-00-00", "latency": 54}, {"date": "2022-07-01-03-00-00", "latency": 23}, {"date": "2022-07-01-03-00-00", "latency": 23}, {"date": "2022-07-01-03-00-00", "latency": 23}, {"date": "2022-07-01-03-00-00", "latency": 23}, {"date": "2022-07-01-07-00-00", "latency": 43}, {"date": "2022-07-01-07-00-00", "latency": 43}, {"date": "2022-07-01-07-00-00", "latency": 43}]}, {"location": {"country_code": "us", "region": "Massachusetts"}, "game_id": "273486", "values": [{"date": "2022-07-01-21-00-00", "latency": 19}, {"date": "2022-07-01-21-00-00", "latency": 19}, {"date": "2022-07-01-21-00-00", "latency": 19}, {"date": "2022-07-01-21-00-00", "latency": 19}, {"date": "2022-07-01-21-00-00", "latency": 19}, {"date": "2022-07-01-21-00-00", "latency": 19}, {"date": "2022-07-01-21-00-00", "latency": 19}, {"date": "2022-07-01-21-00-00", "latency": 19}]}, {"location": {"country_code": "ca", "region": "Alberta"}, "game_id": "273486", "values": [{"date": "2022-07-01-07-00-00", "latency": 2}]}, {"location": {"country_code": "us", "region": "Texas", "city": "Houston"}, "game_id": "273486", "values": [{"date": "2022-07-02-02-00-00", "latency": 7}, {"date": "2022-07-02-02-00-00", "latency": 7}, {"date": "2022-07-02-02-00-00", "latency": 7}, {"date": "2022-07-02-02-00-00", "latency": 7}, {"date": "2022-07-02-02-00-00", "latency": 7}, {"date": "2022-07-02-02-00-00", "latency": 7}, {"date": "2022-07-02-02-00-00", "latency": 7}, {"date": "2022-07-02-02-00-00", "latency": 7}, {"date": "2022-07-02-02-00-00", "latency": 7}, {"date": "2022-07-02-02-00-00", "latency": 7}, {"date": "2022-07-02-02-00-00", "latency": 7}, {"date": "2022-07-02-02-00-00", "latency": 7}, {"date": "2022-07-02-02-00-00", "latency": 7}, {"date": "2022-07-02-02-00-00", "latency": 7}, {"date": "2022-07-02-02-00-00", "latency": 7}, {"date": "2022-07-02-02-00-00", "latency": 7}, {"date": "2022-07-02-02-00-00", "latency": 7}, {"date": "2022-07-02-02-00-00", "latency": 7}, {"date": "2022-07-02-02-00-00", "latency": 7}, {"date": "2022-07-02-02-00-00", "latency": 7}, {"date": "2022-07-02-02-00-00", "latency": 7}]}, {"location": {"country_code": "at"}, "game_id": "273486", "values": [{"date": "2022-07-01-23-00-00", "latency": 0}, {"date": "2022-07-01-23-00-00", "latency": 23}, {"date": "2022-07-01-23-00-00", "latency": 23}, {"date": "2022-07-01-23-00-00", "latency": 23}, {"date": "2022-07-01-23-00-00", "latency": 23}]}, {"location": {"country_code": "us", "region": "Puerto Rico"}, "game_id": "273486", "values": [{"date": "2022-07-01-12-00-00", "latency": 35}, {"date": "2022-07-01-12-00-00", "latency": 35}]}, {"location": {"country_code": "us", "region": "Oklahoma"}, "game_id": "273486", "values": [{"date": "2022-07-02-00-00-00", "latency": 35}]}, {"location": {"country_code": "us", "region": "Pennsylvania"}, "game_id": "273486", "values": [{"date": "2022-07-01-06-00-00", "latency": 23}]}, {"location": {"country_code": "us", "region": "Florida", "city": "Miami"}, "game_id": "273486", "values": [{"date": "2022-07-01-19-00-00", "latency": 0}]}, {"location": {"country_code": "us", "region": "Arizona", "city": "Phoenix"}, "game_id": "273486", "values": [{"date": "2022-07-01-15-00-00", "latency": 3}, {"date": "2022-07-01-15-00-00", "latency": 3}, {"date": "2022-07-01-15-00-00", "latency": 3}, {"date": "2022-07-01-15-00-00", "latency": 3}, {"date": "2022-07-01-15-00-00", "latency": 3}, {"date": "2022-07-01-15-00-00", "latency": 3}, {"date": "2022-07-01-15-00-00", "latency": 3}]}, {"location": {"country_code": "kw"}, "game_id": "273486", "values": [{"date": "2022-07-02-01-00-00", "latency": 109}, {"date": "2022-07-02-01-00-00", "latency": 109}, {"date": "2022-07-02-01-00-00", "latency": 109}, {"date": "2022-07-02-01-00-00", "latency": 109}, {"date": "2022-07-02-01-00-00", "latency": 109}, {"date": "2022-07-02-01-00-00", "latency": 109}]}, {"location": {"country_code": "us", "region": "Georgia", "city": "Atlanta"}, "game_id": "273486", "values": [{"date": "2022-07-01-05-00-00", "latency": 7}]}, {"location": {"country_code": "us", "region": "South Dakota"}, "game_id": "273486", "values": [{"date": "2022-07-02-01-00-00", "latency": 3}]}, {"location": {"country_code": "us", "region": "Washington", "city": "Seattle"}, "game_id": "273486", "values": [{"date": "2022-07-02-01-00-00", "latency": 15}, {"date": "2022-07-02-01-00-00", "latency": 15}]}, {"location": {"country_code": "de", "region": "Brandenburg"}, "game_id": "273486", "values": [{"date": "2022-07-02-01-00-00", "latency": 0}]}, {"location": {"country_code": "us", "region": "California", "city": "Oakland"}, "game_id": "273486", "values": [{"date": "2022-07-01-06-00-00", "latency": 2}]}, {"location": {"country_code": "us", "region": "Louisiana"}, "game_id": "273486", "values": [{"date": "2022-07-01-21-00-00", "latency": 0}]}, {"location": {"country_code": "us", "region": "California", "city": "Moorpark"}, "game_id": "273486", "values": [{"date": "2022-07-01-05-00-00", "latency": 23}, {"date": "2022-07-01-05-00-00", "latency": 23}, {"date": "2022-07-01-05-00-00", "latency": 23}, {"date": "2022-07-01-05-00-00", "latency": 23}, {"date": "2022-07-01-05-00-00", "latency": 23}, {"date": "2022-07-01-05-00-00", "latency": 23}]}, {"location": {"country_code": "us", "region": "Texas", "city": "San Antonio"}, "game_id": "273486", "values": [{"date": "2022-07-01-08-00-00", "latency": 0}]}, {"location": {"country_code": "sa", "region": "Riyadh Region", "city": "Wadi Ad Dawasir"}, "game_id": "273486", "values": [{"date": "2022-07-01-09-00-00", "latency": 70}, {"date": "2022-07-01-09-00-00", "latency": 70}, {"date": "2022-07-01-09-00-00", "latency": 70}, {"date": "2022-07-01-16-00-00", "latency": 62}, {"date": "2022-07-01-16-00-00", "latency": 62}, {"date": "2022-07-01-14-00-00", "latency": 31}, {"date": "2022-07-01-14-00-00", "latency": 31}]}, {"location": {"country_code": "us", "region": "New York"}, "game_id": "273486", "values": [{"date": "2022-07-01-07-00-00", "latency": 0}]}, {"location": {"country_code": "bs"}, "game_id": "273486", "values": [{"date": "2022-07-01-03-00-00", "latency": 31}]}, {"location": {"country_code": "us", "region": "Nebraska", "city": "Omaha"}, "game_id": "273486", "values": [{"date": "2022-07-01-12-00-00", "latency": 17}, {"date": "2022-07-01-12-00-00", "latency": 17}, {"date": "2022-07-01-12-00-00", "latency": 17}, {"date": "2022-07-01-12-00-00", "latency": 17}, {"date": "2022-07-01-12-00-00", "latency": 17}, {"date": "2022-07-01-12-00-00", "latency": 17}, {"date": "2022-07-01-12-00-00", "latency": 17}, {"date": "2022-07-01-12-00-00", "latency": 17}, {"date": "2022-07-01-12-00-00", "latency": 17}, {"date": "2022-07-01-12-00-00", "latency": 17}, {"date": "2022-07-01-12-00-00", "latency": 17}, {"date": "2022-07-01-12-00-00", "latency": 17}, {"date": "2022-07-01-12-00-00", "latency": 17}]}, {"location": {"country_code": "us", "region": "State of Wyoming", "city": "Cheyenne"}, "game_id": "273486", "values": [{"date": "2022-07-01-15-00-00", "latency": 5}, {"date": "2022-07-01-15-00-00", "latency": 5}, {"date": "2022-07-01-15-00-00", "latency": 5}, {"date": "2022-07-01-15-00-00", "latency": 5}, {"date": "2022-07-01-15-00-00", "latency": 5}, {"date": "2022-07-01-15-00-00", "latency": 5}, {"date": "2022-07-01-15-00-00", "latency": 5}, {"date": "2022-07-01-15-00-00", "latency": 5}, {"date": "2022-07-01-15-00-00", "latency": 5}, {"date": "2022-07-01-15-00-00", "latency": 5}, {"date": "2022-07-01-15-00-00", "latency": 5}, {"date": "2022-07-01-15-00-00", "latency": 5}, {"date": "2022-07-01-15-00-00", "latency": 5}, {"date": "2022-07-01-15-00-00", "latency": 5}, {"date": "2022-07-01-15-00-00", "latency": 5}]}, {"location": {"country_code": "ca", "region": "British Columbia", "city": "West Kelowna"}, "game_id": "273486", "values": [{"date": "2022-07-01-08-00-00", "latency": 1}]}, {"location": {"country_code": "us", "region": "California", "city": "Santa Clarita"}, "game_id": "273486", "values": [{"date": "2022-07-01-09-00-00", "latency": 35}, {"date": "2022-07-01-09-00-00", "latency": 35}, {"date": "2022-07-01-09-00-00", "latency": 35}]}, {"location": {"country_code": "us", "region": "Arizona", "city": "Bullhead City"}, "game_id": "273486", "values": [{"date": "2022-07-01-06-00-00", "latency": 0}]}, {"location": {"country_code": "us", "region": "Washington", "city": "Federal Way"}, "game_id": "273486", "values": [{"date": "2022-07-01-12-00-00", "latency": 31}, {"date": "2022-07-01-12-00-00", "latency": 31}]}], "last_updated": 1719919355.911408}