{"data": [{"location": {"country_code": "us"}, "game_id": "135305", "values": [{"date": "2023-10-08-00-00-00", "latency": 58}, {"date": "2023-10-08-00-00-00", "latency": 58}, {"date": "2023-10-08-00-00-00", "latency": 58}, {"date": "2023-10-08-00-00-00", "latency": 58}, {"date": "2023-10-08-00-00-00", "latency": 58}, {"date": "2023-10-07-14-00-00", "latency": 8}, {"date": "2023-10-07-14-00-00", "latency": 8}]}, {"location": {"country_code": "gb"}, "game_id": "135305", "values": [{"date": "2023-10-08-02-00-00", "latency": 2}]}, {"location": {"country_code": "th"}, "game_id": "135305", "values": [{"date": "2023-10-07-11-00-00", "latency": 12}, {"date": "2023-10-07-11-00-00", "latency": 12}, {"date": "2023-10-07-11-00-00", "latency": 12}, {"date": "2023-10-07-11-00-00", "latency": 12}, {"date": "2023-10-07-11-00-00", "latency": 12}, {"date": "2023-10-07-08-00-00", "latency": 19}, {"date": "2023-10-07-08-00-00", "latency": 19}, {"date": "2023-10-07-08-00-00", "latency": 19}, {"date": "2023-10-07-08-00-00", "latency": 19}]}, {"location": {"country_code": "pa"}, "game_id": "135305", "values": [{"date": "2023-10-07-04-00-00", "latency": 4}, {"date": "2023-10-07-04-00-00", "latency": 4}]}, {"location": {"country_code": "pa", "region": "Panama Oeste Province", "city": "La Chorrera"}, "game_id": "135305", "values": [{"date": "2023-10-08-00-00-00", "latency": 0}]}, {"location": {"country_code": "jp"}, "game_id": "135305", "values": [{"date": "2023-10-07-19-00-00", "latency": 6}, {"date": "2023-10-07-18-00-00", "latency": 47}, {"date": "2023-10-07-18-00-00", "latency": 47}, {"date": "2023-10-07-13-00-00", "latency": 3}, {"date": "2023-10-07-15-00-00", "latency": 7}]}, {"location": {"country_code": "ca"}, "game_id": "135305", "values": [{"date": "2023-10-07-23-00-00", "latency": 1}]}, {"location": {"country_code": "de"}, "game_id": "135305", "values": [{"date": "2023-10-07-20-00-00", "latency": 3}, {"date": "2023-10-08-01-00-00", "latency": 2}, {"date": "2023-10-08-01-00-00", "latency": 2}]}, {"location": {"country_code": "tw"}, "game_id": "135305", "values": [{"date": "2023-10-07-11-00-00", "latency": 24}, {"date": "2023-10-07-14-00-00", "latency": 0}, {"date": "2023-10-07-14-00-00", "latency": 0}, {"date": "2023-10-07-14-00-00", "latency": 0}, {"date": "2023-10-07-11-00-00", "latency": 4}, {"date": "2023-10-07-11-00-00", "latency": 4}, {"date": "2023-10-07-11-00-00", "latency": 4}, {"date": "2023-10-07-11-00-00", "latency": 4}, {"date": "2023-10-07-11-00-00", "latency": 4}, {"date": "2023-10-07-11-00-00", "latency": 4}, {"date": "2023-10-07-11-00-00", "latency": 4}]}, {"location": {"country_code": "br", "region": "Parana", "city": "Araucaria"}, "game_id": "135305", "values": [{"date": "2023-10-07-04-00-00", "latency": 13}]}, {"location": {"country_code": "gb", "region": "Scotland"}, "game_id": "135305", "values": [{"date": "2023-10-07-17-00-00", "latency": 3}]}, {"location": {"country_code": "cl"}, "game_id": "135305", "values": [{"date": "2023-10-08-01-00-00", "latency": 94}, {"date": "2023-10-07-03-00-00", "latency": 19}, {"date": "2023-10-07-23-00-00", "latency": 42}, {"date": "2023-10-07-23-00-00", "latency": 42}, {"date": "2023-10-07-23-00-00", "latency": 42}, {"date": "2023-10-07-23-00-00", "latency": 42}, {"date": "2023-10-07-23-00-00", "latency": 42}, {"date": "2023-10-07-23-00-00", "latency": 133}, {"date": "2023-10-08-01-00-00", "latency": 48}, {"date": "2023-10-08-01-00-00", "latency": 48}, {"date": "2023-10-08-01-00-00", "latency": 48}]}, {"location": {"country_code": "us", "region": "Texas"}, "game_id": "135305", "values": [{"date": "2023-10-07-22-00-00", "latency": 4}]}, {"location": {"country_code": "ph"}, "game_id": "135305", "values": [{"date": "2023-10-07-23-00-00", "latency": 3}, {"date": "2023-10-07-23-00-00", "latency": 3}, {"date": "2023-10-07-03-00-00", "latency": 2}, {"date": "2023-10-07-18-00-00", "latency": 77}, {"date": "2023-10-07-18-00-00", "latency": 77}, {"date": "2023-10-07-18-00-00", "latency": 77}, {"date": "2023-10-07-13-00-00", "latency": 26}, {"date": "2023-10-07-13-00-00", "latency": 26}, {"date": "2023-10-07-17-00-00", "latency": 95}, {"date": "2023-10-07-17-00-00", "latency": 95}, {"date": "2023-10-07-17-00-00", "latency": 95}, {"date": "2023-10-07-17-00-00", "latency": 95}, {"date": "2023-10-07-02-00-00", "latency": 74}, {"date": "2023-10-07-17-00-00", "latency": 16}, {"date": "2023-10-07-17-00-00", "latency": 16}, {"date": "2023-10-07-12-00-00", "latency": 9}, {"date": "2023-10-07-12-00-00", "latency": 9}, {"date": "2023-10-07-12-00-00", "latency": 9}, {"date": "2023-10-07-12-00-00", "latency": 9}, {"date": "2023-10-07-12-00-00", "latency": 9}, {"date": "2023-10-07-13-00-00", "latency": 6}, {"date": "2023-10-07-17-00-00", "latency": 120}, {"date": "2023-10-07-17-00-00", "latency": 120}, {"date": "2023-10-07-17-00-00", "latency": 120}]}, {"location": {"country_code": "br", "region": "Minas Gerais", "city": "Betim"}, "game_id": "135305", "values": [{"date": "2023-10-08-00-00-00", "latency": 15}, {"date": "2023-10-08-00-00-00", "latency": 15}]}, {"location": {"country_code": "mx"}, "game_id": "135305", "values": [{"date": "2023-10-07-05-00-00", "latency": 2}, {"date": "2023-10-07-21-00-00", "latency": 8}, {"date": "2023-10-07-21-00-00", "latency": 8}, {"date": "2023-10-07-02-00-00", "latency": 9}, {"date": "2023-10-07-05-00-00", "latency": 3}, {"date": "2023-10-07-07-00-00", "latency": 3}, {"date": "2023-10-07-16-00-00", "latency": 74}, {"date": "2023-10-08-01-00-00", "latency": 16}, {"date": "2023-10-07-08-00-00", "latency": 66}, {"date": "2023-10-07-08-00-00", "latency": 66}, {"date": "2023-10-07-08-00-00", "latency": 66}, {"date": "2023-10-07-08-00-00", "latency": 66}, {"date": "2023-10-07-08-00-00", "latency": 66}]}, {"location": {"country_code": "us", "region": "California"}, "game_id": "135305", "values": [{"date": "2023-10-07-09-00-00", "latency": 116}, {"date": "2023-10-07-09-00-00", "latency": 116}, {"date": "2023-10-07-09-00-00", "latency": 116}, {"date": "2023-10-07-09-00-00", "latency": 116}, {"date": "2023-10-07-23-00-00", "latency": 7}, {"date": "2023-10-07-06-00-00", "latency": 87}, {"date": "2023-10-07-06-00-00", "latency": 87}, {"date": "2023-10-07-06-00-00", "latency": 87}, {"date": "2023-10-07-06-00-00", "latency": 87}]}, {"location": {"country_code": "br"}, "game_id": "135305", "values": [{"date": "2023-10-08-01-00-00", "latency": 3}, {"date": "2023-10-08-01-00-00", "latency": 3}, {"date": "2023-10-08-01-00-00", "latency": 3}, {"date": "2023-10-07-06-00-00", "latency": 13}, {"date": "2023-10-07-06-00-00", "latency": 13}, {"date": "2023-10-07-06-00-00", "latency": 13}, {"date": "2023-10-07-06-00-00", "latency": 13}, {"date": "2023-10-07-06-00-00", "latency": 13}, {"date": "2023-10-07-06-00-00", "latency": 13}, {"date": "2023-10-07-06-00-00", "latency": 13}, {"date": "2023-10-07-21-00-00", "latency": 48}, {"date": "2023-10-07-22-00-00", "latency": 13}, {"date": "2023-10-08-00-00-00", "latency": 15}, {"date": "2023-10-07-04-00-00", "latency": 9}]}, {"location": {"country_code": "br", "region": "Estado de Bahia", "city": "Malhada"}, "game_id": "135305", "values": [{"date": "2023-10-07-20-00-00", "latency": 79}]}, {"location": {"country_code": "br", "region": "Sao Paulo", "city": "Apiai"}, "game_id": "135305", "values": [{"date": "2023-10-07-18-00-00", "latency": 25}, {"date": "2023-10-07-15-00-00", "latency": 33}, {"date": "2023-10-07-15-00-00", "latency": 33}, {"date": "2023-10-07-15-00-00", "latency": 33}]}, {"location": {"country_code": "se", "region": "Jonkoping County", "city": "Jonkoping"}, "game_id": "135305", "values": [{"date": "2023-10-07-03-00-00", "latency": 44}]}, {"location": {"country_code": "au"}, "game_id": "135305", "values": [{"date": "2023-10-07-16-00-00", "latency": 22}, {"date": "2023-10-07-10-00-00", "latency": 69}, {"date": "2023-10-07-06-00-00", "latency": 25}]}, {"location": {"country_code": "es", "region": "Canary Islands", "city": "Santa Cruz de Tenerife"}, "game_id": "135305", "values": [{"date": "2023-10-07-19-00-00", "latency": 6}]}, {"location": {"country_code": "sa"}, "game_id": "135305", "values": [{"date": "2023-10-07-20-00-00", "latency": 132}]}, {"location": {"country_code": "ar"}, "game_id": "135305", "values": [{"date": "2023-10-07-22-00-00", "latency": 45}]}, {"location": {"country_code": "bo"}, "game_id": "135305", "values": [{"date": "2023-10-07-06-00-00", "latency": 15000}, {"date": "2023-10-07-06-00-00", "latency": 15000}, {"date": "2023-10-07-06-00-00", "latency": 15000}, {"date": "2023-10-07-06-00-00", "latency": 15000}, {"date": "2023-10-07-06-00-00", "latency": 15000}, {"date": "2023-10-07-06-00-00", "latency": 15000}, {"date": "2023-10-07-06-00-00", "latency": 15000}, {"date": "2023-10-07-06-00-00", "latency": 15000}, {"date": "2023-10-07-06-00-00", "latency": 15000}, {"date": "2023-10-07-06-00-00", "latency": 15000}, {"date": "2023-10-07-06-00-00", "latency": 15000}, {"date": "2023-10-07-06-00-00", "latency": 15000}, {"date": "2023-10-07-06-00-00", "latency": 15000}, {"date": "2023-10-07-06-00-00", "latency": 15000}, {"date": "2023-10-07-06-00-00", "latency": 15000}, {"date": "2023-10-07-06-00-00", "latency": 15000}, {"date": "2023-10-07-06-00-00", "latency": 15000}, {"date": "2023-10-07-06-00-00", "latency": 15000}, {"date": "2023-10-07-06-00-00", "latency": 15000}, {"date": "2023-10-07-06-00-00", "latency": 15000}, {"date": "2023-10-07-06-00-00", "latency": 15000}, {"date": "2023-10-07-06-00-00", "latency": 15000}, {"date": "2023-10-07-06-00-00", "latency": 15000}, {"date": "2023-10-07-06-00-00", "latency": 15000}, {"date": "2023-10-07-06-00-00", "latency": 15000}, {"date": "2023-10-07-06-00-00", "latency": 15000}, {"date": "2023-10-07-06-00-00", "latency": 15000}, {"date": "2023-10-07-06-00-00", "latency": 15000}, {"date": "2023-10-07-06-00-00", "latency": 15000}, {"date": "2023-10-07-06-00-00", "latency": 15000}, {"date": "2023-10-07-06-00-00", "latency": 15000}, {"date": "2023-10-07-06-00-00", "latency": 15000}, {"date": "2023-10-07-06-00-00", "latency": 15000}, {"date": "2023-10-07-06-00-00", "latency": 15000}]}, {"location": {"country_code": "vn"}, "game_id": "135305", "values": [{"date": "2023-10-07-21-00-00", "latency": 7}, {"date": "2023-10-07-06-00-00", "latency": 8}, {"date": "2023-10-07-17-00-00", "latency": 16}]}, {"location": {"country_code": "us", "region": "Hawaii"}, "game_id": "135305", "values": [{"date": "2023-10-08-02-00-00", "latency": 67}, {"date": "2023-10-08-02-00-00", "latency": 67}, {"date": "2023-10-08-02-00-00", "latency": 67}]}, {"location": {"country_code": "ar", "region": "Buenos Aires F.D.", "city": "Bahia Blanca"}, "game_id": "135305", "values": [{"date": "2023-10-07-18-00-00", "latency": 48}]}, {"location": {"country_code": "us", "region": "Michigan"}, "game_id": "135305", "values": [{"date": "2023-10-07-16-00-00", "latency": 4}]}, {"location": {"country_code": "co"}, "game_id": "135305", "values": [{"date": "2023-10-08-02-00-00", "latency": 9}, {"date": "2023-10-07-23-00-00", "latency": 75}]}, {"location": {"country_code": "es", "region": "Catalonia", "city": "l'Hospitalet de Llobregat"}, "game_id": "135305", "values": [{"date": "2023-10-08-00-00-00", "latency": 0}]}, {"location": {"country_code": "br", "region": "Minas Gerais"}, "game_id": "135305", "values": [{"date": "2023-10-07-20-00-00", "latency": 18}]}, {"location": {"country_code": "kz"}, "game_id": "135305", "values": [{"date": "2023-10-07-02-00-00", "latency": 3}]}, {"location": {"country_code": "sg"}, "game_id": "135305", "values": [{"date": "2023-10-07-17-00-00", "latency": 7}]}, {"location": {"country_code": "ca", "region": "Ontario", "city": "Toronto"}, "game_id": "135305", "values": [{"date": "2023-10-07-02-00-00", "latency": 8}]}, {"location": {"country_code": "ru"}, "game_id": "135305", "values": [{"date": "2023-10-07-19-00-00", "latency": 16}]}, {"location": {"country_code": "my"}, "game_id": "135305", "values": [{"date": "2023-10-07-05-00-00", "latency": 10}, {"date": "2023-10-07-16-00-00", "latency": 8}, {"date": "2023-10-07-13-00-00", "latency": 4}, {"date": "2023-10-07-13-00-00", "latency": 4}]}, {"location": {"country_code": "br", "region": "Sergipe", "city": "Aracaju"}, "game_id": "135305", "values": [{"date": "2023-10-07-19-00-00", "latency": 0}]}, {"location": {"country_code": "us", "region": "Hawaii", "city": "Kapolei"}, "game_id": "135305", "values": [{"date": "2023-10-07-08-00-00", "latency": 12}, {"date": "2023-10-07-08-00-00", "latency": 12}]}, {"location": {"country_code": "id"}, "game_id": "135305", "values": [{"date": "2023-10-07-07-00-00", "latency": 19}, {"date": "2023-10-08-02-00-00", "latency": 5}, {"date": "2023-10-07-23-00-00", "latency": 3}, {"date": "2023-10-07-03-00-00", "latency": 0}, {"date": "2023-10-07-15-00-00", "latency": 0}]}, {"location": {"country_code": "au", "region": "Western Australia", "city": "Perth"}, "game_id": "135305", "values": [{"date": "2023-10-07-15-00-00", "latency": 16}]}, {"location": {"country_code": "pt"}, "game_id": "135305", "values": [{"date": "2023-10-07-13-00-00", "latency": 6}]}, {"location": {"country_code": "cn", "region": "Hong Kong"}, "game_id": "135305", "values": [{"date": "2023-10-07-12-00-00", "latency": 5}, {"date": "2023-10-07-12-00-00", "latency": 5}, {"date": "2023-10-07-12-00-00", "latency": 5}]}, {"location": {"country_code": "sv"}, "game_id": "135305", "values": [{"date": "2023-10-07-23-00-00", "latency": 95}, {"date": "2023-10-07-23-00-00", "latency": 95}]}, {"location": {"country_code": "us", "region": "Florida", "city": "Orlando"}, "game_id": "135305", "values": [{"date": "2023-10-07-03-00-00", "latency": 3}]}, {"location": {"country_code": "pt", "region": "Lisbon District", "city": "Amadora"}, "game_id": "135305", "values": [{"date": "2023-10-07-13-00-00", "latency": 47}]}, {"location": {"country_code": "by"}, "game_id": "135305", "values": [{"date": "2023-10-07-13-00-00", "latency": 0}]}, {"location": {"country_code": "ad"}, "game_id": "135305", "values": [{"date": "2023-10-07-06-00-00", "latency": 80}]}, {"location": {"country_code": "es", "region": "Madrid"}, "game_id": "135305", "values": [{"date": "2023-10-07-21-00-00", "latency": 3}]}, {"location": {"country_code": "br", "region": "Parana", "city": "Umuarama"}, "game_id": "135305", "values": [{"date": "2023-10-08-02-00-00", "latency": 14}]}, {"location": {"country_code": "br", "region": "Sao Paulo", "city": "Presidente Prudente"}, "game_id": "135305", "values": [{"date": "2023-10-07-03-00-00", "latency": 49}]}, {"location": {"country_code": "cl", "region": "Coquimbo Region", "city": "La Serena"}, "game_id": "135305", "values": [{"date": "2023-10-08-01-00-00", "latency": 44}]}, {"location": {"country_code": "mx", "region": "Sinaloa", "city": "Culiacan"}, "game_id": "135305", "values": [{"date": "2023-10-07-06-00-00", "latency": 7}]}, {"location": {"country_code": "br", "region": "Paraiba"}, "game_id": "135305", "values": [{"date": "2023-10-07-08-00-00", "latency": 47}, {"date": "2023-10-07-08-00-00", "latency": 47}]}, {"location": {"country_code": "br", "region": "Rio Grande do Norte", "city": "Parnamirim"}, "game_id": "135305", "values": [{"date": "2023-10-07-22-00-00", "latency": 10}]}, {"location": {"country_code": "br", "region": "Estado de Bahia", "city": "Juazeiro"}, "game_id": "135305", "values": [{"date": "2023-10-07-07-00-00", "latency": 8}, {"date": "2023-10-07-07-00-00", "latency": 8}]}], "last_updated": 1719919350.655051}