{"data": [{"location": {"country_code": "de", "region": "Berlin", "city": "Berlin"}, "game_id": "118849", "values": [{"date": "2024-03-04-16-00-00", "alternatives": ["170", "1", "170"]}, {"date": "2024-03-04-16-00-00", "alternatives": ["170", "1", "170"]}, {"date": "2024-03-04-16-00-00", "alternatives": ["170", "1", "170"]}]}, {"location": {"country_code": "it"}, "game_id": "118849", "values": [{"date": "2024-03-04-14-00-00", "alternatives": ["27", "27", "2"]}, {"date": "2024-03-04-14-00-00", "alternatives": ["27", "27", "2"]}]}, {"location": {"country_code": "jp"}, "game_id": "118849", "values": [{"date": "2024-03-04-12-00-00", "alternatives": ["2", "2", "12"]}, {"date": "2024-03-04-12-00-00", "alternatives": ["2", "2", "12"]}, {"date": "2024-03-04-12-00-00", "alternatives": ["2", "2", "12"]}, {"date": "2024-03-04-12-00-00", "alternatives": ["2", "2", "12"]}, {"date": "2024-03-04-12-00-00", "alternatives": ["2", "2", "12"]}, {"date": "2024-03-04-12-00-00", "alternatives": ["2", "2", "12"]}, {"date": "2024-03-04-12-00-00", "alternatives": ["2", "2", "12"]}, {"date": "2024-03-04-12-00-00", "alternatives": ["2", "2", "12"]}, {"date": "2024-03-04-12-00-00", "alternatives": ["2", "2", "12"]}, {"date": "2024-03-04-12-00-00", "alternatives": ["2", "2", "12"]}, {"date": "2024-03-04-12-00-00", "alternatives": ["2", "2", "12"]}, {"date": "2024-03-04-12-00-00", "alternatives": ["2", "2", "12"]}, {"date": "2024-03-04-12-00-00", "alternatives": ["2", "2", "12"]}, {"date": "2024-03-04-12-00-00", "alternatives": ["2", "2", "12"]}, {"date": "2024-03-04-12-00-00", "alternatives": ["2", "2", "12"]}, {"date": "2024-03-04-12-00-00", "alternatives": ["2", "2", "12"]}, {"date": "2024-03-04-12-00-00", "alternatives": ["2", "2", "12"]}, {"date": "2024-03-04-12-00-00", "alternatives": ["2", "2", "12"]}, {"date": "2024-03-04-12-00-00", "alternatives": ["2", "2", "12"]}]}, {"location": {"country_code": "ca"}, "game_id": "118849", "values": [{"date": "2024-03-04-09-00-00", "alternatives": ["59", "9", "59"]}, {"date": "2024-03-04-09-00-00", "alternatives": ["59", "9", "59"]}]}, {"location": {"country_code": "ca", "region": "Prince Edward Island", "city": "Summerside"}, "game_id": "118849", "values": [{"date": "2024-03-04-07-00-00", "alternatives": ["46", "9", "46"]}, {"date": "2024-03-04-07-00-00", "alternatives": ["46", "9", "46"]}, {"date": "2024-03-04-07-00-00", "alternatives": ["46", "9", "46"]}, {"date": "2024-03-04-07-00-00", "alternatives": ["46", "9", "46"]}]}, {"location": {"country_code": "de"}, "game_id": "118849", "values": [{"date": "2024-03-04-14-00-00", "alternatives": ["37", "7", "37"]}, {"date": "2024-03-04-14-00-00", "alternatives": ["37", "7", "37"]}]}, {"location": {"country_code": "tw"}, "game_id": "118849", "values": [{"date": "2024-03-04-19-00-00", "alternatives": ["70", "120", "120"]}]}, {"location": {"country_code": "us", "region": "Texas"}, "game_id": "118849", "values": [{"date": "2024-03-04-03-00-00", "alternatives": ["6", "46", "6"]}, {"date": "2024-03-04-03-00-00", "alternatives": ["6", "46", "6"]}]}, {"location": {"country_code": "ph"}, "game_id": "118849", "values": [{"date": "2024-03-04-14-00-00", "alternatives": ["35", "35", "3"]}, {"date": "2024-03-04-14-00-00", "alternatives": ["35", "35", "3"]}, {"date": "2024-03-04-14-00-00", "alternatives": ["35", "35", "3"]}, {"date": "2024-03-04-14-00-00", "alternatives": ["35", "35", "3"]}]}, {"location": {"country_code": "fr"}, "game_id": "118849", "values": [{"date": "2024-03-04-19-00-00", "alternatives": ["5", "13", "13"]}, {"date": "2024-03-04-19-00-00", "alternatives": ["5", "13", "13"]}, {"date": "2024-03-04-19-00-00", "alternatives": ["5", "13", "13"]}, {"date": "2024-03-04-19-00-00", "alternatives": ["5", "13", "13"]}, {"date": "2024-03-04-19-00-00", "alternatives": ["5", "13", "13"]}, {"date": "2024-03-04-09-00-00", "alternatives": ["12", "1", "12"]}, {"date": "2024-03-04-09-00-00", "alternatives": ["12", "1", "12"]}, {"date": "2024-03-04-09-00-00", "alternatives": ["12", "1", "12"]}]}, {"location": {"country_code": "mx"}, "game_id": "118849", "values": [{"date": "2024-03-04-04-00-00", "alternatives": ["57", "7", "7"]}]}, {"location": {"country_code": "br"}, "game_id": "118849", "values": [{"date": "2024-03-05-00-00-00", "alternatives": ["35", "35", "3"]}, {"date": "2024-03-05-00-00-00", "alternatives": ["35", "35", "3"]}, {"date": "2024-03-05-00-00-00", "alternatives": ["35", "35", "3"]}, {"date": "2024-03-05-00-00-00", "alternatives": ["35", "35", "3"]}, {"date": "2024-03-05-00-00-00", "alternatives": ["35", "35", "3"]}, {"date": "2024-03-05-00-00-00", "alternatives": ["35", "35", "3"]}, {"date": "2024-03-05-00-00-00", "alternatives": ["35", "35", "3"]}, {"date": "2024-03-05-00-00-00", "alternatives": ["35", "35", "3"]}, {"date": "2024-03-05-00-00-00", "alternatives": ["35", "35", "3"]}]}, {"location": {"country_code": "br", "region": "Sao Paulo", "city": "Apiai"}, "game_id": "118849", "values": [{"date": "2024-03-04-20-00-00", "alternatives": ["3", "3", "539"]}]}, {"location": {"country_code": "us", "region": "California", "city": "East Los Angeles"}, "game_id": "118849", "values": [{"date": "2024-03-04-05-00-00", "alternatives": ["3", "02", "2"]}, {"date": "2024-03-04-05-00-00", "alternatives": ["3", "02", "2"]}, {"date": "2024-03-04-05-00-00", "alternatives": ["3", "02", "2"]}, {"date": "2024-03-04-05-00-00", "alternatives": ["3", "02", "2"]}, {"date": "2024-03-04-05-00-00", "alternatives": ["3", "02", "2"]}, {"date": "2024-03-04-05-00-00", "alternatives": ["3", "02", "2"]}, {"date": "2024-03-04-23-00-00", "alternatives": ["55", "65", "55"]}, {"date": "2024-03-04-09-00-00", "alternatives": ["65", "65", "3"]}]}, {"location": {"country_code": "au"}, "game_id": "118849", "values": [{"date": "2024-03-04-01-00-00", "alternatives": ["48", "81", "48"]}]}, {"location": {"country_code": "us", "region": "Texas", "city": "Austin"}, "game_id": "118849", "values": [{"date": "2024-03-04-10-00-00", "alternatives": ["31", "31", "21"]}, {"date": "2024-03-04-10-00-00", "alternatives": ["31", "31", "21"]}, {"date": "2024-03-04-10-00-00", "alternatives": ["31", "31", "21"]}, {"date": "2024-03-04-10-00-00", "alternatives": ["31", "31", "21"]}, {"date": "2024-03-04-10-00-00", "alternatives": ["31", "31", "21"]}, {"date": "2024-03-04-10-00-00", "alternatives": ["31", "31", "21"]}, {"date": "2024-03-04-10-00-00", "alternatives": ["31", "31", "21"]}]}, {"location": {"country_code": "tr"}, "game_id": "118849", "values": [{"date": "2024-03-04-11-00-00", "alternatives": ["2", "0013", "2"]}]}, {"location": {"country_code": "es"}, "game_id": "118849", "values": [{"date": "2024-03-04-19-00-00", "alternatives": ["2", "42", "42"]}]}, {"location": {"country_code": "ar", "region": "Buenos Aires", "city": "Tandil"}, "game_id": "118849", "values": [{"date": "2024-03-04-06-00-00", "alternatives": ["45", "4", "45"]}, {"date": "2024-03-04-06-00-00", "alternatives": ["45", "4", "45"]}, {"date": "2024-03-04-06-00-00", "alternatives": ["45", "4", "45"]}, {"date": "2024-03-04-06-00-00", "alternatives": ["45", "4", "45"]}, {"date": "2024-03-04-06-00-00", "alternatives": ["45", "4", "45"]}, {"date": "2024-03-04-06-00-00", "alternatives": ["45", "4", "45"]}]}, {"location": {"country_code": "ar", "region": "Buenos Aires", "city": "Florencio Varela"}, "game_id": "118849", "values": [{"date": "2024-03-04-07-00-00", "alternatives": ["24", "2", "24"]}, {"date": "2024-03-04-07-00-00", "alternatives": ["24", "2", "24"]}, {"date": "2024-03-04-07-00-00", "alternatives": ["24", "2", "24"]}, {"date": "2024-03-04-07-00-00", "alternatives": ["24", "2", "24"]}]}, {"location": {"country_code": "gt", "region": "Guatemala Department", "city": "Guatemala City"}, "game_id": "118849", "values": [{"date": "2024-03-04-05-00-00", "alternatives": ["34", "34", "24"]}]}, {"location": {"country_code": "us", "region": "Virginia"}, "game_id": "118849", "values": [{"date": "2024-03-04-20-00-00", "alternatives": ["30", "30", "0"]}]}, {"location": {"country_code": "br", "region": "Santa Catarina", "city": "Jaragua do Sul"}, "game_id": "118849", "values": [{"date": "2024-03-04-11-00-00", "alternatives": ["18", "18", "1"]}]}, {"location": {"country_code": "us", "region": "Michigan"}, "game_id": "118849", "values": [{"date": "2024-03-04-20-00-00", "alternatives": ["1", "159", "1"]}, {"date": "2024-03-04-20-00-00", "alternatives": ["1", "159", "1"]}]}, {"location": {"country_code": "at", "region": "Vienna"}, "game_id": "118849", "values": [{"date": "2024-03-04-03-00-00", "alternatives": ["20", "20", "208"]}, {"date": "2024-03-04-03-00-00", "alternatives": ["20", "20", "208"]}]}, {"location": {"country_code": "be"}, "game_id": "118849", "values": [{"date": "2024-03-04-23-00-00", "alternatives": ["17", "17", "7"]}, {"date": "2024-03-04-23-00-00", "alternatives": ["17", "17", "7"]}, {"date": "2024-03-04-23-00-00", "alternatives": ["17", "17", "7"]}, {"date": "2024-03-04-23-00-00", "alternatives": ["17", "17", "7"]}, {"date": "2024-03-04-23-00-00", "alternatives": ["17", "17", "7"]}, {"date": "2024-03-04-23-00-00", "alternatives": ["17", "17", "7"]}, {"date": "2024-03-04-23-00-00", "alternatives": ["17", "17", "7"]}, {"date": "2024-03-04-23-00-00", "alternatives": ["17", "17", "7"]}, {"date": "2024-03-04-23-00-00", "alternatives": ["17", "17", "7"]}, {"date": "2024-03-04-23-00-00", "alternatives": ["17", "17", "7"]}]}, {"location": {"country_code": "gb", "region": "England", "city": "London"}, "game_id": "118849", "values": [{"date": "2024-03-05-01-00-00", "alternatives": ["25", "2", "25"]}, {"date": "2024-03-05-01-00-00", "alternatives": ["25", "2", "25"]}, {"date": "2024-03-05-01-00-00", "alternatives": ["25", "2", "25"]}, {"date": "2024-03-05-01-00-00", "alternatives": ["25", "2", "25"]}, {"date": "2024-03-05-01-00-00", "alternatives": ["25", "2", "25"]}, {"date": "2024-03-05-01-00-00", "alternatives": ["25", "2", "25"]}, {"date": "2024-03-05-01-00-00", "alternatives": ["25", "2", "25"]}]}, {"location": {"country_code": "pe"}, "game_id": "118849", "values": [{"date": "2024-03-04-05-00-00", "alternatives": ["5", "75", "75"]}, {"date": "2024-03-04-05-00-00", "alternatives": ["5", "75", "75"]}]}, {"location": {"country_code": "us", "region": "Wisconsin"}, "game_id": "118849", "values": [{"date": "2024-03-04-09-00-00", "alternatives": ["1", "10", "10"]}]}, {"location": {"country_code": "es", "region": "Galicia"}, "game_id": "118849", "values": [{"date": "2024-03-04-18-00-00", "alternatives": ["58", "85", "58"]}, {"date": "2024-03-04-18-00-00", "alternatives": ["58", "85", "58"]}]}, {"location": {"country_code": "pe", "region": "Lima region", "city": "Lima"}, "game_id": "118849", "values": [{"date": "2024-03-04-02-00-00", "alternatives": ["79", "6", "79"]}, {"date": "2024-03-04-03-00-00", "alternatives": ["1", "103", "1"]}]}, {"location": {"country_code": "us", "region": "Washington", "city": "Seattle"}, "game_id": "118849", "values": [{"date": "2024-03-04-07-00-00", "alternatives": ["5", "8", "5"]}, {"date": "2024-03-04-07-00-00", "alternatives": ["5", "8", "5"]}, {"date": "2024-03-04-07-00-00", "alternatives": ["5", "8", "5"]}]}, {"location": {"country_code": "bg"}, "game_id": "118849", "values": [{"date": "2024-03-04-16-00-00", "alternatives": ["36", "36", "30"]}, {"date": "2024-03-04-16-00-00", "alternatives": ["36", "36", "30"]}, {"date": "2024-03-04-16-00-00", "alternatives": ["36", "36", "30"]}, {"date": "2024-03-04-16-00-00", "alternatives": ["36", "36", "30"]}, {"date": "2024-03-04-16-00-00", "alternatives": ["36", "36", "30"]}, {"date": "2024-03-04-16-00-00", "alternatives": ["36", "36", "30"]}, {"date": "2024-03-04-16-00-00", "alternatives": ["36", "36", "30"]}, {"date": "2024-03-04-16-00-00", "alternatives": ["36", "36", "30"]}, {"date": "2024-03-04-16-00-00", "alternatives": ["36", "36", "30"]}]}, {"location": {"country_code": "th", "region": "Bangkok", "city": "Bangkok"}, "game_id": "118849", "values": [{"date": "2024-03-04-14-00-00", "alternatives": ["18", "18", "109"]}, {"date": "2024-03-04-14-00-00", "alternatives": ["18", "18", "109"]}, {"date": "2024-03-04-14-00-00", "alternatives": ["18", "18", "109"]}, {"date": "2024-03-04-14-00-00", "alternatives": ["18", "18", "109"]}]}, {"location": {"country_code": "br", "region": "Santa Catarina"}, "game_id": "118849", "values": [{"date": "2024-03-04-08-00-00", "alternatives": ["25", "5", "5"]}, {"date": "2024-03-04-08-00-00", "alternatives": ["25", "5", "5"]}, {"date": "2024-03-04-08-00-00", "alternatives": ["25", "5", "5"]}, {"date": "2024-03-04-08-00-00", "alternatives": ["25", "5", "5"]}, {"date": "2024-03-04-08-00-00", "alternatives": ["25", "5", "5"]}]}, {"location": {"country_code": "fr", "region": "Centre-Val de Loire"}, "game_id": "118849", "values": [{"date": "2024-03-04-15-00-00", "alternatives": ["59", "59", "29"]}, {"date": "2024-03-04-15-00-00", "alternatives": ["59", "59", "29"]}, {"date": "2024-03-04-15-00-00", "alternatives": ["59", "59", "29"]}]}, {"location": {"country_code": "gb", "region": "Northern Ireland", "city": "Belfast"}, "game_id": "118849", "values": [{"date": "2024-03-04-01-00-00", "alternatives": ["37", "01", "37"]}, {"date": "2024-03-04-01-00-00", "alternatives": ["37", "01", "37"]}, {"date": "2024-03-04-01-00-00", "alternatives": ["37", "01", "37"]}]}, {"location": {"country_code": "pl", "region": "odz Voivodeship", "city": "odz"}, "game_id": "118849", "values": [{"date": "2024-03-04-13-00-00", "alternatives": ["47", "47", "17"]}, {"date": "2024-03-04-13-00-00", "alternatives": ["47", "47", "17"]}, {"date": "2024-03-04-13-00-00", "alternatives": ["47", "47", "17"]}, {"date": "2024-03-04-13-00-00", "alternatives": ["47", "47", "17"]}]}, {"location": {"country_code": "cz", "region": "South Moravian"}, "game_id": "118849", "values": [{"date": "2024-03-04-18-00-00", "alternatives": ["163", "63", "163"]}]}], "last_updated": 1719918458.663382}