{"data": [{"location": {"country_code": "us"}, "game_id": "319965", "values": [{"date": "2023-01-15-04-00-00", "latency": 44}, {"date": "2023-01-15-04-00-00", "latency": 44}, {"date": "2023-01-15-04-00-00", "latency": 44}, {"date": "2023-01-15-04-00-00", "latency": 44}, {"date": "2023-01-15-04-00-00", "latency": 44}, {"date": "2023-01-15-04-00-00", "latency": 44}, {"date": "2023-01-15-04-00-00", "latency": 44}, {"date": "2023-01-15-04-00-00", "latency": 44}, {"date": "2023-01-15-04-00-00", "latency": 44}, {"date": "2023-01-15-04-00-00", "latency": 44}, {"date": "2023-01-15-04-00-00", "latency": 44}, {"date": "2023-01-15-04-00-00", "latency": 44}, {"date": "2023-01-15-04-00-00", "latency": 44}, {"date": "2023-01-15-04-00-00", "latency": 44}, {"date": "2023-01-15-04-00-00", "latency": 44}, {"date": "2023-01-15-04-00-00", "latency": 44}, {"date": "2023-01-15-04-00-00", "latency": 44}, {"date": "2023-01-15-04-00-00", "latency": 44}, {"date": "2023-01-15-04-00-00", "latency": 44}, {"date": "2023-01-15-04-00-00", "latency": 44}, {"date": "2023-01-15-04-00-00", "latency": 44}, {"date": "2023-01-15-04-00-00", "latency": 44}, {"date": "2023-01-15-04-00-00", "latency": 44}, {"date": "2023-01-15-04-00-00", "latency": 44}]}], "last_updated": 1719926528.877237}