{"data": [{"location": {"country_code": "nz"}, "game_id": "118849", "values": [{"date": "2022-07-20-11-00-00", "latency": 7}, {"date": "2022-07-20-11-00-00", "latency": 7}, {"date": "2022-07-20-11-00-00", "latency": 7}, {"date": "2022-07-20-11-00-00", "latency": 7}, {"date": "2022-07-20-11-00-00", "latency": 7}, {"date": "2022-07-20-08-00-00", "latency": 1}]}, {"location": {"country_code": "us"}, "game_id": "118849", "values": [{"date": "2022-07-20-05-00-00", "latency": 8}, {"date": "2022-07-20-05-00-00", "latency": 8}, {"date": "2022-07-20-05-00-00", "latency": 8}, {"date": "2022-07-20-05-00-00", "latency": 8}, {"date": "2022-07-20-05-00-00", "latency": 8}, {"date": "2022-07-20-05-00-00", "latency": 8}, {"date": "2022-07-20-05-00-00", "latency": 8}, {"date": "2022-07-20-05-00-00", "latency": 8}, {"date": "2022-07-20-05-00-00", "latency": 8}, {"date": "2022-07-20-05-00-00", "latency": 8}, {"date": "2022-07-20-05-00-00", "latency": 8}, {"date": "2022-07-20-05-00-00", "latency": 8}, {"date": "2022-07-20-05-00-00", "latency": 8}, {"date": "2022-07-20-08-00-00", "latency": 8}, {"date": "2022-07-20-08-00-00", "latency": 8}, {"date": "2022-07-20-08-00-00", "latency": 8}, {"date": "2022-07-20-08-00-00", "latency": 8}, {"date": "2022-07-20-08-00-00", "latency": 8}, {"date": "2022-07-20-09-00-00", "latency": 5}, {"date": "2022-07-20-09-00-00", "latency": 5}]}, {"location": {"country_code": "de", "region": "Berlin", "city": "Berlin"}, "game_id": "118849", "values": [{"date": "2022-07-21-02-00-00", "latency": 0}]}, {"location": {"country_code": "us", "region": "New York", "city": "Jamestown"}, "game_id": "118849", "values": [{"date": "2022-07-20-22-00-00", "latency": 4}, {"date": "2022-07-20-22-00-00", "latency": 4}]}, {"location": {"country_code": "us", "region": "Illinois", "city": "Chicago"}, "game_id": "118849", "values": [{"date": "2022-07-20-06-00-00", "latency": 8}, {"date": "2022-07-20-06-00-00", "latency": 7}]}, {"location": {"country_code": "gb"}, "game_id": "118849", "values": [{"date": "2022-07-21-00-00-00", "latency": 1}]}, {"location": {"country_code": "gr"}, "game_id": "118849", "values": [{"date": "2022-07-20-21-00-00", "latency": 7}]}, {"location": {"country_code": "it"}, "game_id": "118849", "values": [{"date": "2022-07-20-15-00-00", "latency": 1}, {"date": "2022-07-20-11-00-00", "latency": 0}, {"date": "2022-07-20-11-00-00", "latency": 0}]}, {"location": {"country_code": "ro"}, "game_id": "118849", "values": [{"date": "2022-07-20-15-00-00", "latency": 15}, {"date": "2022-07-20-15-00-00", "latency": 15}, {"date": "2022-07-20-15-00-00", "latency": 15}, {"date": "2022-07-20-15-00-00", "latency": 15}, {"date": "2022-07-20-15-00-00", "latency": 15}]}, {"location": {"country_code": "jp"}, "game_id": "118849", "values": [{"date": "2022-07-20-11-00-00", "latency": 1}]}, {"location": {"country_code": "ca"}, "game_id": "118849", "values": [{"date": "2022-07-20-21-00-00", "latency": 19}, {"date": "2022-07-20-21-00-00", "latency": 19}, {"date": "2022-07-20-21-00-00", "latency": 19}]}, {"location": {"country_code": "de"}, "game_id": "118849", "values": [{"date": "2022-07-20-12-00-00", "latency": 0}, {"date": "2022-07-20-09-00-00", "latency": 1}, {"date": "2022-07-20-18-00-00", "latency": 1}, {"date": "2022-07-20-08-00-00", "latency": 1}, {"date": "2022-07-20-08-00-00", "latency": 1}]}, {"location": {"country_code": "us", "region": "Colorado", "city": "Colorado Springs"}, "game_id": "118849", "values": [{"date": "2022-07-21-00-00-00", "latency": 4}, {"date": "2022-07-20-17-00-00", "latency": 5}]}, {"location": {"country_code": "ph"}, "game_id": "118849", "values": [{"date": "2022-07-20-12-00-00", "latency": 0}, {"date": "2022-07-20-14-00-00", "latency": 2}, {"date": "2022-07-20-14-00-00", "latency": 2}]}, {"location": {"country_code": "ph", "region": "CALABARZON", "city": "Cavite"}, "game_id": "118849", "values": [{"date": "2022-07-20-14-00-00", "latency": 9}, {"date": "2022-07-20-14-00-00", "latency": 9}, {"date": "2022-07-20-14-00-00", "latency": 9}]}, {"location": {"country_code": "fr"}, "game_id": "118849", "values": [{"date": "2022-07-20-20-00-00", "latency": 1}, {"date": "2022-07-20-20-00-00", "latency": 1}, {"date": "2022-07-20-20-00-00", "latency": 1}, {"date": "2022-07-20-18-00-00", "latency": 1}]}, {"location": {"country_code": "fr", "region": "Alvernia-Rodano-Alpi"}, "game_id": "118849", "values": [{"date": "2022-07-21-01-00-00", "latency": 0}]}, {"location": {"country_code": "mx"}, "game_id": "118849", "values": [{"date": "2022-07-20-03-00-00", "latency": 36}, {"date": "2022-07-20-03-00-00", "latency": 36}, {"date": "2022-07-20-12-00-00", "latency": 8}, {"date": "2022-07-20-12-00-00", "latency": 8}, {"date": "2022-07-20-12-00-00", "latency": 8}, {"date": "2022-07-20-12-00-00", "latency": 8}, {"date": "2022-07-20-12-00-00", "latency": 8}, {"date": "2022-07-20-12-00-00", "latency": 8}, {"date": "2022-07-20-12-00-00", "latency": 8}, {"date": "2022-07-20-12-00-00", "latency": 8}]}, {"location": {"country_code": "us", "region": "California"}, "game_id": "118849", "values": [{"date": "2022-07-20-06-00-00", "latency": 5}, {"date": "2022-07-20-07-00-00", "latency": 34}, {"date": "2022-07-20-07-00-00", "latency": 34}]}, {"location": {"country_code": "br"}, "game_id": "118849", "values": [{"date": "2022-07-21-00-00-00", "latency": 1}, {"date": "2022-07-20-20-00-00", "latency": 4}, {"date": "2022-07-20-20-00-00", "latency": 4}, {"date": "2022-07-20-20-00-00", "latency": 4}]}, {"location": {"country_code": "us", "region": "California", "city": "East Los Angeles"}, "game_id": "118849", "values": [{"date": "2022-07-20-22-00-00", "latency": 5}, {"date": "2022-07-20-07-00-00", "latency": 2}, {"date": "2022-07-20-10-00-00", "latency": 6}, {"date": "2022-07-20-10-00-00", "latency": 6}, {"date": "2022-07-20-10-00-00", "latency": 6}, {"date": "2022-07-20-10-00-00", "latency": 6}, {"date": "2022-07-20-10-00-00", "latency": 6}, {"date": "2022-07-20-10-00-00", "latency": 6}, {"date": "2022-07-20-10-00-00", "latency": 6}, {"date": "2022-07-20-10-00-00", "latency": 6}]}, {"location": {"country_code": "au"}, "game_id": "118849", "values": [{"date": "2022-07-20-05-00-00", "latency": 99}, {"date": "2022-07-21-02-00-00", "latency": 110}, {"date": "2022-07-21-02-00-00", "latency": 110}, {"date": "2022-07-21-02-00-00", "latency": 110}]}, {"location": {"country_code": "es", "region": "Madrid", "city": "Parla"}, "game_id": "118849", "values": [{"date": "2022-07-21-01-00-00", "latency": 3}]}, {"location": {"country_code": "dk"}, "game_id": "118849", "values": [{"date": "2022-07-20-23-00-00", "latency": 25}]}, {"location": {"country_code": "us", "region": "Iowa"}, "game_id": "118849", "values": [{"date": "2022-07-20-17-00-00", "latency": 73}, {"date": "2022-07-20-17-00-00", "latency": 73}, {"date": "2022-07-20-17-00-00", "latency": 73}, {"date": "2022-07-20-17-00-00", "latency": 73}, {"date": "2022-07-20-17-00-00", "latency": 73}, {"date": "2022-07-20-17-00-00", "latency": 73}]}, {"location": {"country_code": "tr"}, "game_id": "118849", "values": [{"date": "2022-07-20-18-00-00", "latency": 5}, {"date": "2022-07-21-02-00-00", "latency": 1}, {"date": "2022-07-21-02-00-00", "latency": 1}, {"date": "2022-07-21-02-00-00", "latency": 1}, {"date": "2022-07-21-02-00-00", "latency": 1}, {"date": "2022-07-21-02-00-00", "latency": 1}, {"date": "2022-07-21-02-00-00", "latency": 1}, {"date": "2022-07-21-02-00-00", "latency": 1}, {"date": "2022-07-20-14-00-00", "latency": 2}, {"date": "2022-07-20-14-00-00", "latency": 2}, {"date": "2022-07-20-14-00-00", "latency": 2}, {"date": "2022-07-20-14-00-00", "latency": 2}]}, {"location": {"country_code": "es"}, "game_id": "118849", "values": [{"date": "2022-07-20-20-00-00", "latency": 0}, {"date": "2022-07-20-12-00-00", "latency": 5}]}, {"location": {"country_code": "ar"}, "game_id": "118849", "values": [{"date": "2022-07-20-04-00-00", "latency": 3}, {"date": "2022-07-20-04-00-00", "latency": 3}, {"date": "2022-07-20-04-00-00", "latency": 3}, {"date": "2022-07-20-04-00-00", "latency": 3}]}, {"location": {"country_code": "ar", "region": "Buenos Aires", "city": "Mar del Plata"}, "game_id": "118849", "values": [{"date": "2022-07-20-10-00-00", "latency": 25}]}, {"location": {"country_code": "us", "region": "Hawaii"}, "game_id": "118849", "values": [{"date": "2022-07-20-16-00-00", "latency": 86}]}, {"location": {"country_code": "gt", "region": "Guatemala Department", "city": "Guatemala City"}, "game_id": "118849", "values": [{"date": "2022-07-20-08-00-00", "latency": 15}]}, {"location": {"country_code": "us", "region": "Texas", "city": "Houston"}, "game_id": "118849", "values": [{"date": "2022-07-20-03-00-00", "latency": 0}]}, {"location": {"country_code": "us", "region": "Michigan"}, "game_id": "118849", "values": [{"date": "2022-07-20-02-00-00", "latency": 3}]}, {"location": {"country_code": "co"}, "game_id": "118849", "values": [{"date": "2022-07-20-22-00-00", "latency": 1}]}, {"location": {"country_code": "ve"}, "game_id": "118849", "values": [{"date": "2022-07-20-06-00-00", "latency": 9}, {"date": "2022-07-20-06-00-00", "latency": 9}]}, {"location": {"country_code": "es", "region": "Catalonia", "city": "l'Hospitalet de Llobregat"}, "game_id": "118849", "values": [{"date": "2022-07-20-16-00-00", "latency": 2}]}, {"location": {"country_code": "gb", "region": "England", "city": "London"}, "game_id": "118849", "values": [{"date": "2022-07-20-23-00-00", "latency": 2}, {"date": "2022-07-20-23-00-00", "latency": 2}]}, {"location": {"country_code": "pe"}, "game_id": "118849", "values": [{"date": "2022-07-20-08-00-00", "latency": 1}]}, {"location": {"country_code": "tr", "region": "Marmara Bolgesi", "city": "Istanbul"}, "game_id": "118849", "values": [{"date": "2022-07-20-04-00-00", "latency": 12}, {"date": "2022-07-20-04-00-00", "latency": 12}, {"date": "2022-07-20-04-00-00", "latency": 12}, {"date": "2022-07-20-16-00-00", "latency": 9}, {"date": "2022-07-20-16-00-00", "latency": 9}, {"date": "2022-07-20-16-00-00", "latency": 9}, {"date": "2022-07-20-16-00-00", "latency": 9}, {"date": "2022-07-20-16-00-00", "latency": 9}, {"date": "2022-07-20-16-00-00", "latency": 9}, {"date": "2022-07-20-16-00-00", "latency": 9}, {"date": "2022-07-20-16-00-00", "latency": 9}, {"date": "2022-07-20-16-00-00", "latency": 9}]}, {"location": {"country_code": "ru"}, "game_id": "118849", "values": [{"date": "2022-07-20-17-00-00", "latency": 48}, {"date": "2022-07-20-17-00-00", "latency": 48}, {"date": "2022-07-20-17-00-00", "latency": 48}]}, {"location": {"country_code": "ar", "region": "Buenos Aires", "city": "Lujan"}, "game_id": "118849", "values": [{"date": "2022-07-20-08-00-00", "latency": 3}]}, {"location": {"country_code": "br", "region": "Rio Grande do Sul", "city": "Porto Alegre"}, "game_id": "118849", "values": [{"date": "2022-07-20-16-00-00", "latency": 1}]}, {"location": {"country_code": "us", "region": "Colorado"}, "game_id": "118849", "values": [{"date": "2022-07-20-06-00-00", "latency": 4}]}, {"location": {"country_code": "es", "region": "Andalusia", "city": "Seville"}, "game_id": "118849", "values": [{"date": "2022-07-20-23-00-00", "latency": 4}]}, {"location": {"country_code": "us", "region": "Minnesota", "city": "St. Paul"}, "game_id": "118849", "values": [{"date": "2022-07-20-10-00-00", "latency": 8}, {"date": "2022-07-20-10-00-00", "latency": 8}]}, {"location": {"country_code": "uy", "region": "Montevideo Department", "city": "Montevideo"}, "game_id": "118849", "values": [{"date": "2022-07-20-06-00-00", "latency": 5}]}, {"location": {"country_code": "uy"}, "game_id": "118849", "values": [{"date": "2022-07-20-03-00-00", "latency": 3}]}, {"location": {"country_code": "mx", "region": "Baja California", "city": "Tijuana"}, "game_id": "118849", "values": [{"date": "2022-07-20-06-00-00", "latency": 31}, {"date": "2022-07-20-06-00-00", "latency": 31}, {"date": "2022-07-20-06-00-00", "latency": 31}]}, {"location": {"country_code": "kw"}, "game_id": "118849", "values": [{"date": "2022-07-20-22-00-00", "latency": 5}, {"date": "2022-07-20-22-00-00", "latency": 5}, {"date": "2022-07-20-22-00-00", "latency": 5}]}, {"location": {"country_code": "hr"}, "game_id": "118849", "values": [{"date": "2022-07-20-18-00-00", "latency": 1}]}, {"location": {"country_code": "us", "region": "Texas", "city": "Irving"}, "game_id": "118849", "values": [{"date": "2022-07-20-23-00-00", "latency": 38}, {"date": "2022-07-20-23-00-00", "latency": 38}]}, {"location": {"country_code": "br", "region": "Federal District"}, "game_id": "118849", "values": [{"date": "2022-07-20-11-00-00", "latency": 5}]}, {"location": {"country_code": "de", "region": "North Rhine-Westphalia", "city": "Cologne"}, "game_id": "118849", "values": [{"date": "2022-07-20-23-00-00", "latency": 9}]}, {"location": {"country_code": "es", "region": "Madrid"}, "game_id": "118849", "values": [{"date": "2022-07-20-16-00-00", "latency": 4}, {"date": "2022-07-20-16-00-00", "latency": 4}, {"date": "2022-07-20-16-00-00", "latency": 4}]}, {"location": {"country_code": "dj"}, "game_id": "118849", "values": [{"date": "2022-07-20-04-00-00", "latency": 5}]}, {"location": {"country_code": "br", "region": "State of Rio de Janeiro", "city": "Araruama"}, "game_id": "118849", "values": [{"date": "2022-07-20-16-00-00", "latency": 1}, {"date": "2022-07-20-16-00-00", "latency": 1}, {"date": "2022-07-20-16-00-00", "latency": 1}, {"date": "2022-07-20-16-00-00", "latency": 1}]}, {"location": {"country_code": "pl", "region": "odz Voivodeship", "city": "odz"}, "game_id": "118849", "values": [{"date": "2022-07-20-19-00-00", "latency": 3}]}, {"location": {"country_code": "cz", "region": "South Moravian", "city": "Brno"}, "game_id": "118849", "values": [{"date": "2022-07-20-20-00-00", "latency": 1}]}, {"location": {"country_code": "es", "region": "Canary Islands", "city": "Telde"}, "game_id": "118849", "values": [{"date": "2022-07-20-19-00-00", "latency": 108}, {"date": "2022-07-20-19-00-00", "latency": 108}, {"date": "2022-07-20-19-00-00", "latency": 108}]}, {"location": {"country_code": "br", "region": "Tocantins", "city": "Presidente Kennedy"}, "game_id": "118849", "values": [{"date": "2022-07-20-20-00-00", "latency": 5}, {"date": "2022-07-20-20-00-00", "latency": 5}]}], "last_updated": 1719919339.413897}