{"data": [{"location": {"country_code": "mx", "region": "State of Mexico"}, "game_id": "295590", "values": [{"date": "2024-01-19-02-00-00", "latency": 5}]}, {"location": {"country_code": "us"}, "game_id": "295590", "values": [{"date": "2024-01-19-03-00-00", "latency": 11}, {"date": "2024-01-19-09-00-00", "latency": 3}, {"date": "2024-01-19-09-00-00", "latency": 3}, {"date": "2024-01-19-09-00-00", "latency": 3}, {"date": "2024-01-19-22-00-00", "latency": 4}, {"date": "2024-01-19-02-00-00", "latency": 0}, {"date": "2024-01-19-04-00-00", "latency": 8}, {"date": "2024-01-20-01-00-00", "latency": 9}, {"date": "2024-01-20-01-00-00", "latency": 9}, {"date": "2024-01-20-01-00-00", "latency": 9}, {"date": "2024-01-19-11-00-00", "latency": 55}, {"date": "2024-01-19-11-00-00", "latency": 55}, {"date": "2024-01-19-02-00-00", "latency": 3}, {"date": "2024-01-19-05-00-00", "latency": 8}, {"date": "2024-01-19-23-00-00", "latency": 4}, {"date": "2024-01-19-23-00-00", "latency": 4}, {"date": "2024-01-19-23-00-00", "latency": 4}, {"date": "2024-01-20-00-00-00", "latency": 4}, {"date": "2024-01-19-05-00-00", "latency": 1201}, {"date": "2024-01-19-14-00-00", "latency": 5}, {"date": "2024-01-19-14-00-00", "latency": 5}, {"date": "2024-01-19-14-00-00", "latency": 5}, {"date": "2024-01-19-14-00-00", "latency": 5}, {"date": "2024-01-19-19-00-00", "latency": 4}, {"date": "2024-01-19-10-00-00", "latency": 7}]}, {"location": {"country_code": "us", "region": "New Jersey"}, "game_id": "295590", "values": [{"date": "2024-01-19-03-00-00", "latency": 26}]}, {"location": {"country_code": "us", "region": "Texas", "city": "Irving"}, "game_id": "295590", "values": [{"date": "2024-01-19-03-00-00", "latency": 4}]}, {"location": {"country_code": "de", "region": "Berlin", "city": "Berlin"}, "game_id": "295590", "values": [{"date": "2024-01-20-00-00-00", "latency": 2}, {"date": "2024-01-20-00-00-00", "latency": 2}, {"date": "2024-01-20-00-00-00", "latency": 2}, {"date": "2024-01-19-18-00-00", "latency": 4}]}, {"location": {"country_code": "eg"}, "game_id": "295590", "values": [{"date": "2024-01-19-15-00-00", "latency": 5}, {"date": "2024-01-19-15-00-00", "latency": 5}]}, {"location": {"country_code": "us", "region": "New York", "city": "Jamestown"}, "game_id": "295590", "values": [{"date": "2024-01-19-03-00-00", "latency": 3}, {"date": "2024-01-19-07-00-00", "latency": 5}]}, {"location": {"country_code": "us", "region": "Tennessee", "city": "Jackson"}, "game_id": "295590", "values": [{"date": "2024-01-19-03-00-00", "latency": 16}, {"date": "2024-01-19-03-00-00", "latency": 16}]}, {"location": {"country_code": "gb"}, "game_id": "295590", "values": [{"date": "2024-01-20-00-00-00", "latency": 3}, {"date": "2024-01-19-04-00-00", "latency": 6}, {"date": "2024-01-19-04-00-00", "latency": 6}]}, {"location": {"country_code": "th"}, "game_id": "295590", "values": [{"date": "2024-01-19-12-00-00", "latency": 1}, {"date": "2024-01-19-12-00-00", "latency": 1}, {"date": "2024-01-19-12-00-00", "latency": 1}, {"date": "2024-01-19-12-00-00", "latency": 1}]}, {"location": {"country_code": "gr"}, "game_id": "295590", "values": [{"date": "2024-01-19-21-00-00", "latency": 6}, {"date": "2024-01-19-16-00-00", "latency": 8}, {"date": "2024-01-20-00-00-00", "latency": 3}, {"date": "2024-01-20-00-00-00", "latency": 3}, {"date": "2024-01-20-00-00-00", "latency": 3}, {"date": "2024-01-20-00-00-00", "latency": 3}, {"date": "2024-01-20-00-00-00", "latency": 3}, {"date": "2024-01-20-00-00-00", "latency": 3}, {"date": "2024-01-20-00-00-00", "latency": 3}, {"date": "2024-01-20-00-00-00", "latency": 3}, {"date": "2024-01-20-00-00-00", "latency": 3}, {"date": "2024-01-20-00-00-00", "latency": 3}, {"date": "2024-01-20-00-00-00", "latency": 3}, {"date": "2024-01-20-00-00-00", "latency": 3}, {"date": "2024-01-20-00-00-00", "latency": 3}, {"date": "2024-01-20-00-00-00", "latency": 3}, {"date": "2024-01-20-00-00-00", "latency": 3}, {"date": "2024-01-20-00-00-00", "latency": 3}, {"date": "2024-01-20-00-00-00", "latency": 3}, {"date": "2024-01-20-00-00-00", "latency": 3}, {"date": "2024-01-20-00-00-00", "latency": 3}, {"date": "2024-01-20-00-00-00", "latency": 3}, {"date": "2024-01-20-00-00-00", "latency": 3}, {"date": "2024-01-20-00-00-00", "latency": 3}, {"date": "2024-01-20-00-00-00", "latency": 3}, {"date": "2024-01-20-00-00-00", "latency": 3}, {"date": "2024-01-20-00-00-00", "latency": 3}, {"date": "2024-01-20-00-00-00", "latency": 3}, {"date": "2024-01-20-00-00-00", "latency": 3}, {"date": "2024-01-20-00-00-00", "latency": 3}, {"date": "2024-01-20-00-00-00", "latency": 3}, {"date": "2024-01-20-00-00-00", "latency": 3}, {"date": "2024-01-20-00-00-00", "latency": 3}, {"date": "2024-01-20-00-00-00", "latency": 3}, {"date": "2024-01-20-00-00-00", "latency": 3}, {"date": "2024-01-20-00-00-00", "latency": 3}, {"date": "2024-01-20-00-00-00", "latency": 3}, {"date": "2024-01-20-00-00-00", "latency": 3}, {"date": "2024-01-20-00-00-00", "latency": 3}, {"date": "2024-01-20-00-00-00", "latency": 3}, {"date": "2024-01-20-00-00-00", "latency": 3}, {"date": "2024-01-20-00-00-00", "latency": 3}, {"date": "2024-01-20-00-00-00", "latency": 3}, {"date": "2024-01-20-00-00-00", "latency": 3}, {"date": "2024-01-20-00-00-00", "latency": 3}, {"date": "2024-01-20-00-00-00", "latency": 3}, {"date": "2024-01-20-00-00-00", "latency": 3}, {"date": "2024-01-20-00-00-00", "latency": 3}, {"date": "2024-01-20-00-00-00", "latency": 3}, {"date": "2024-01-20-00-00-00", "latency": 3}, {"date": "2024-01-20-00-00-00", "latency": 3}, {"date": "2024-01-20-00-00-00", "latency": 3}, {"date": "2024-01-20-00-00-00", "latency": 3}, {"date": "2024-01-20-00-00-00", "latency": 3}, {"date": "2024-01-20-00-00-00", "latency": 3}, {"date": "2024-01-20-00-00-00", "latency": 3}, {"date": "2024-01-20-00-00-00", "latency": 3}, {"date": "2024-01-20-00-00-00", "latency": 3}, {"date": "2024-01-20-00-00-00", "latency": 3}, {"date": "2024-01-20-00-00-00", "latency": 3}, {"date": "2024-01-20-00-00-00", "latency": 3}, {"date": "2024-01-20-00-00-00", "latency": 3}, {"date": "2024-01-20-00-00-00", "latency": 3}, {"date": "2024-01-20-00-00-00", "latency": 3}, {"date": "2024-01-20-00-00-00", "latency": 3}, {"date": "2024-01-20-00-00-00", "latency": 3}, {"date": "2024-01-20-00-00-00", "latency": 3}, {"date": "2024-01-20-00-00-00", "latency": 3}, {"date": "2024-01-20-00-00-00", "latency": 3}, {"date": "2024-01-20-00-00-00", "latency": 3}, {"date": "2024-01-20-00-00-00", "latency": 3}, {"date": "2024-01-20-00-00-00", "latency": 3}, {"date": "2024-01-20-00-00-00", "latency": 3}, {"date": "2024-01-20-00-00-00", "latency": 3}, {"date": "2024-01-20-00-00-00", "latency": 3}, {"date": "2024-01-20-00-00-00", "latency": 3}]}, {"location": {"country_code": "pa"}, "game_id": "295590", "values": [{"date": "2024-01-19-17-00-00", "latency": 4}, {"date": "2024-01-19-17-00-00", "latency": 4}, {"date": "2024-01-19-07-00-00", "latency": 6}, {"date": "2024-01-19-02-00-00", "latency": 33}, {"date": "2024-01-19-02-00-00", "latency": 33}]}, {"location": {"country_code": "nl"}, "game_id": "295590", "values": [{"date": "2024-01-19-20-00-00", "latency": 0}]}, {"location": {"country_code": "cz"}, "game_id": "295590", "values": [{"date": "2024-01-19-21-00-00", "latency": 5}, {"date": "2024-01-19-21-00-00", "latency": 5}, {"date": "2024-01-19-21-00-00", "latency": 5}, {"date": "2024-01-20-01-00-00", "latency": 0}]}, {"location": {"country_code": "it"}, "game_id": "295590", "values": [{"date": "2024-01-19-17-00-00", "latency": 2}, {"date": "2024-01-19-21-00-00", "latency": 1}]}, {"location": {"country_code": "za"}, "game_id": "295590", "values": [{"date": "2024-01-19-21-00-00", "latency": 7}, {"date": "2024-01-19-21-00-00", "latency": 7}]}, {"location": {"country_code": "jp"}, "game_id": "295590", "values": [{"date": "2024-01-19-11-00-00", "latency": 40}, {"date": "2024-01-19-11-00-00", "latency": 40}, {"date": "2024-01-19-11-00-00", "latency": 40}, {"date": "2024-01-19-11-00-00", "latency": 40}, {"date": "2024-01-19-11-00-00", "latency": 40}, {"date": "2024-01-19-11-00-00", "latency": 40}, {"date": "2024-01-19-11-00-00", "latency": 40}, {"date": "2024-01-19-11-00-00", "latency": 40}, {"date": "2024-01-19-11-00-00", "latency": 40}, {"date": "2024-01-19-11-00-00", "latency": 40}, {"date": "2024-01-19-01-00-00", "latency": 4}, {"date": "2024-01-19-05-00-00", "latency": 1}, {"date": "2024-01-19-05-00-00", "latency": 1}, {"date": "2024-01-19-05-00-00", "latency": 1}, {"date": "2024-01-19-05-00-00", "latency": 1}, {"date": "2024-01-19-02-00-00", "latency": 3}]}, {"location": {"country_code": "ca"}, "game_id": "295590", "values": [{"date": "2024-01-19-04-00-00", "latency": 0}, {"date": "2024-01-19-03-00-00", "latency": 0}, {"date": "2024-01-19-03-00-00", "latency": 0}, {"date": "2024-01-19-03-00-00", "latency": 0}, {"date": "2024-01-19-07-00-00", "latency": 2}, {"date": "2024-01-19-18-00-00", "latency": 4}, {"date": "2024-01-19-16-00-00", "latency": 41}]}, {"location": {"country_code": "ch"}, "game_id": "295590", "values": [{"date": "2024-01-19-11-00-00", "latency": 28}, {"date": "2024-01-19-11-00-00", "latency": 28}, {"date": "2024-01-19-11-00-00", "latency": 28}]}, {"location": {"country_code": "de"}, "game_id": "295590", "values": [{"date": "2024-01-19-13-00-00", "latency": 2}, {"date": "2024-01-20-00-00-00", "latency": 10}]}, {"location": {"country_code": "tw"}, "game_id": "295590", "values": [{"date": "2024-01-19-07-00-00", "latency": 12}, {"date": "2024-01-19-07-00-00", "latency": 12}, {"date": "2024-01-19-07-00-00", "latency": 12}, {"date": "2024-01-19-07-00-00", "latency": 12}, {"date": "2024-01-19-07-00-00", "latency": 12}]}, {"location": {"country_code": "br", "region": "Parana", "city": "Araucaria"}, "game_id": "295590", "values": [{"date": "2024-01-19-04-00-00", "latency": 2}, {"date": "2024-01-19-17-00-00", "latency": 0}]}, {"location": {"country_code": "us", "region": "Indiana"}, "game_id": "295590", "values": [{"date": "2024-01-19-22-00-00", "latency": 4}]}, {"location": {"country_code": "es", "region": "Madrid"}, "game_id": "295590", "values": [{"date": "2024-01-19-15-00-00", "latency": 18}, {"date": "2024-01-19-15-00-00", "latency": 18}]}, {"location": {"country_code": "cl"}, "game_id": "295590", "values": [{"date": "2024-01-19-03-00-00", "latency": 2}, {"date": "2024-01-19-06-00-00", "latency": 3}]}, {"location": {"country_code": "us", "region": "Texas"}, "game_id": "295590", "values": [{"date": "2024-01-19-07-00-00", "latency": 35}]}, {"location": {"country_code": "au", "region": "New South Wales", "city": "Sydney"}, "game_id": "295590", "values": [{"date": "2024-01-19-14-00-00", "latency": 0}]}, {"location": {"country_code": "us", "region": "Florida"}, "game_id": "295590", "values": [{"date": "2024-01-19-20-00-00", "latency": 12}, {"date": "2024-01-19-03-00-00", "latency": 31}, {"date": "2024-01-19-03-00-00", "latency": 31}, {"date": "2024-01-19-03-00-00", "latency": 31}]}, {"location": {"country_code": "jp", "region": "Kanagawa", "city": "Kawasaki"}, "game_id": "295590", "values": [{"date": "2024-01-19-07-00-00", "latency": 6}, {"date": "2024-01-19-07-00-00", "latency": 6}, {"date": "2024-01-19-07-00-00", "latency": 6}]}, {"location": {"country_code": "ph"}, "game_id": "295590", "values": [{"date": "2024-01-19-19-00-00", "latency": 4}, {"date": "2024-01-19-19-00-00", "latency": 4}, {"date": "2024-01-19-19-00-00", "latency": 4}, {"date": "2024-01-19-19-00-00", "latency": 4}, {"date": "2024-01-19-19-00-00", "latency": 4}, {"date": "2024-01-19-19-00-00", "latency": 4}, {"date": "2024-01-19-19-00-00", "latency": 4}, {"date": "2024-01-19-18-00-00", "latency": 7}, {"date": "2024-01-19-18-00-00", "latency": 7}, {"date": "2024-01-19-21-00-00", "latency": 7}, {"date": "2024-01-19-21-00-00", "latency": 7}, {"date": "2024-01-19-08-00-00", "latency": 12}, {"date": "2024-01-19-08-00-00", "latency": 12}, {"date": "2024-01-19-08-00-00", "latency": 12}, {"date": "2024-01-19-08-00-00", "latency": 12}, {"date": "2024-01-19-08-00-00", "latency": 12}, {"date": "2024-01-19-17-00-00", "latency": 4}, {"date": "2024-01-19-14-00-00", "latency": 0}, {"date": "2024-01-19-14-00-00", "latency": 0}, {"date": "2024-01-19-14-00-00", "latency": 0}, {"date": "2024-01-19-14-00-00", "latency": 0}, {"date": "2024-01-19-14-00-00", "latency": 0}]}, {"location": {"country_code": "us", "region": "Kansas"}, "game_id": "295590", "values": [{"date": "2024-01-19-06-00-00", "latency": 4}]}, {"location": {"country_code": "us", "region": "Texas", "city": "Austin"}, "game_id": "295590", "values": [{"date": "2024-01-19-07-00-00", "latency": 4}, {"date": "2024-01-19-08-00-00", "latency": 6}]}, {"location": {"country_code": "fr"}, "game_id": "295590", "values": [{"date": "2024-01-19-16-00-00", "latency": 2}, {"date": "2024-01-20-00-00-00", "latency": 12}, {"date": "2024-01-20-00-00-00", "latency": 0}, {"date": "2024-01-19-02-00-00", "latency": 2}, {"date": "2024-01-19-02-00-00", "latency": 2}, {"date": "2024-01-19-02-00-00", "latency": 2}, {"date": "2024-01-19-02-00-00", "latency": 2}]}, {"location": {"country_code": "br", "region": "Minas Gerais", "city": "Betim"}, "game_id": "295590", "values": [{"date": "2024-01-20-01-00-00", "latency": 3}]}, {"location": {"country_code": "fr", "region": "Occitanie", "city": "Montpellier"}, "game_id": "295590", "values": [{"date": "2024-01-19-16-00-00", "latency": 4}, {"date": "2024-01-19-16-00-00", "latency": 4}, {"date": "2024-01-19-16-00-00", "latency": 4}]}, {"location": {"country_code": "mx"}, "game_id": "295590", "values": [{"date": "2024-01-19-05-00-00", "latency": 7}, {"date": "2024-01-19-05-00-00", "latency": 7}, {"date": "2024-01-19-05-00-00", "latency": 7}, {"date": "2024-01-19-03-00-00", "latency": 4}, {"date": "2024-01-19-06-00-00", "latency": 4}, {"date": "2024-01-19-03-00-00", "latency": 4}, {"date": "2024-01-19-03-00-00", "latency": 4}, {"date": "2024-01-19-05-00-00", "latency": 6}, {"date": "2024-01-19-05-00-00", "latency": 4}, {"date": "2024-01-19-11-00-00", "latency": 13}, {"date": "2024-01-19-11-00-00", "latency": 13}, {"date": "2024-01-19-11-00-00", "latency": 13}, {"date": "2024-01-19-11-00-00", "latency": 13}, {"date": "2024-01-19-10-00-00", "latency": 4}, {"date": "2024-01-19-23-00-00", "latency": 6}, {"date": "2024-01-19-23-00-00", "latency": 6}, {"date": "2024-01-19-23-00-00", "latency": 6}, {"date": "2024-01-19-23-00-00", "latency": 6}, {"date": "2024-01-19-23-00-00", "latency": 6}, {"date": "2024-01-19-23-00-00", "latency": 6}, {"date": "2024-01-19-23-00-00", "latency": 6}, {"date": "2024-01-19-23-00-00", "latency": 6}, {"date": "2024-01-19-23-00-00", "latency": 6}, {"date": "2024-01-19-23-00-00", "latency": 6}, {"date": "2024-01-19-23-00-00", "latency": 6}, {"date": "2024-01-19-23-00-00", "latency": 6}, {"date": "2024-01-19-23-00-00", "latency": 6}, {"date": "2024-01-19-23-00-00", "latency": 6}, {"date": "2024-01-19-23-00-00", "latency": 6}, {"date": "2024-01-19-23-00-00", "latency": 6}, {"date": "2024-01-19-23-00-00", "latency": 6}, {"date": "2024-01-19-07-00-00", "latency": 10}, {"date": "2024-01-19-07-00-00", "latency": 5}, {"date": "2024-01-19-06-00-00", "latency": 4}, {"date": "2024-01-20-00-00-00", "latency": 4}, {"date": "2024-01-20-00-00-00", "latency": 4}, {"date": "2024-01-19-01-00-00", "latency": 7}, {"date": "2024-01-19-05-00-00", "latency": 5}, {"date": "2024-01-19-05-00-00", "latency": 5}, {"date": "2024-01-19-07-00-00", "latency": 4}, {"date": "2024-01-19-21-00-00", "latency": 4}, {"date": "2024-01-19-21-00-00", "latency": 4}, {"date": "2024-01-19-05-00-00", "latency": 1}, {"date": "2024-01-19-06-00-00", "latency": 5}, {"date": "2024-01-19-06-00-00", "latency": 5}, {"date": "2024-01-19-06-00-00", "latency": 5}, {"date": "2024-01-19-06-00-00", "latency": 5}, {"date": "2024-01-19-06-00-00", "latency": 5}, {"date": "2024-01-19-03-00-00", "latency": 7}, {"date": "2024-01-20-00-00-00", "latency": 4}, {"date": "2024-01-20-00-00-00", "latency": 4}, {"date": "2024-01-20-00-00-00", "latency": 4}, {"date": "2024-01-19-05-00-00", "latency": 1}, {"date": "2024-01-19-04-00-00", "latency": 9}]}, {"location": {"country_code": "us", "region": "Ohio"}, "game_id": "295590", "values": [{"date": "2024-01-19-18-00-00", "latency": 31}, {"date": "2024-01-19-18-00-00", "latency": 31}, {"date": "2024-01-19-18-00-00", "latency": 31}, {"date": "2024-01-19-18-00-00", "latency": 31}, {"date": "2024-01-19-18-00-00", "latency": 31}, {"date": "2024-01-19-04-00-00", "latency": 7}, {"date": "2024-01-19-01-00-00", "latency": 9}, {"date": "2024-01-19-01-00-00", "latency": 9}]}, {"location": {"country_code": "mx", "region": "Mexico City"}, "game_id": "295590", "values": [{"date": "2024-01-19-08-00-00", "latency": 4}, {"date": "2024-01-19-03-00-00", "latency": 4}, {"date": "2024-01-19-03-00-00", "latency": 4}, {"date": "2024-01-19-08-00-00", "latency": 35}, {"date": "2024-01-19-06-00-00", "latency": 19}]}, {"location": {"country_code": "us", "region": "California"}, "game_id": "295590", "values": [{"date": "2024-01-19-23-00-00", "latency": 7}, {"date": "2024-01-20-01-00-00", "latency": 3}, {"date": "2024-01-19-05-00-00", "latency": 22}, {"date": "2024-01-20-00-00-00", "latency": 5}, {"date": "2024-01-20-00-00-00", "latency": 5}]}, {"location": {"country_code": "co", "region": "El Valle", "city": "Cali"}, "game_id": "295590", "values": [{"date": "2024-01-20-00-00-00", "latency": 6}, {"date": "2024-01-19-06-00-00", "latency": 3}]}, {"location": {"country_code": "rs"}, "game_id": "295590", "values": [{"date": "2024-01-19-18-00-00", "latency": 2}, {"date": "2024-01-19-18-00-00", "latency": 2}, {"date": "2024-01-19-01-00-00", "latency": 2}]}, {"location": {"country_code": "br"}, "game_id": "295590", "values": [{"date": "2024-01-19-23-00-00", "latency": 0}, {"date": "2024-01-19-22-00-00", "latency": 9}, {"date": "2024-01-20-01-00-00", "latency": 5}, {"date": "2024-01-20-01-00-00", "latency": 5}, {"date": "2024-01-20-01-00-00", "latency": 5}, {"date": "2024-01-19-12-00-00", "latency": 6}, {"date": "2024-01-19-07-00-00", "latency": 0}, {"date": "2024-01-19-07-00-00", "latency": 0}, {"date": "2024-01-19-20-00-00", "latency": 8}, {"date": "2024-01-19-11-00-00", "latency": 4}, {"date": "2024-01-19-11-00-00", "latency": 4}, {"date": "2024-01-19-11-00-00", "latency": 4}, {"date": "2024-01-19-06-00-00", "latency": 0}, {"date": "2024-01-19-21-00-00", "latency": 2}, {"date": "2024-01-19-21-00-00", "latency": 2}, {"date": "2024-01-19-21-00-00", "latency": 0}, {"date": "2024-01-19-21-00-00", "latency": 0}, {"date": "2024-01-19-21-00-00", "latency": 0}, {"date": "2024-01-19-21-00-00", "latency": 0}, {"date": "2024-01-19-15-00-00", "latency": 2}, {"date": "2024-01-19-03-00-00", "latency": 3}, {"date": "2024-01-19-19-00-00", "latency": 4}, {"date": "2024-01-19-19-00-00", "latency": 4}]}, {"location": {"country_code": "br", "region": "Ceara", "city": "Itapipoca"}, "game_id": "295590", "values": [{"date": "2024-01-19-06-00-00", "latency": 4}, {"date": "2024-01-19-06-00-00", "latency": 4}, {"date": "2024-01-19-06-00-00", "latency": 4}, {"date": "2024-01-19-06-00-00", "latency": 4}, {"date": "2024-01-19-06-00-00", "latency": 4}, {"date": "2024-01-19-04-00-00", "latency": 17}, {"date": "2024-01-19-04-00-00", "latency": 17}]}, {"location": {"country_code": "br", "region": "Sao Paulo", "city": "Sao Vicente"}, "game_id": "295590", "values": [{"date": "2024-01-19-18-00-00", "latency": 0}]}, {"location": {"country_code": "br", "region": "Sao Paulo", "city": "Apiai"}, "game_id": "295590", "values": [{"date": "2024-01-19-03-00-00", "latency": 7}, {"date": "2024-01-19-03-00-00", "latency": 7}, {"date": "2024-01-19-02-00-00", "latency": 0}, {"date": "2024-01-19-19-00-00", "latency": 1}, {"date": "2024-01-19-04-00-00", "latency": 0}, {"date": "2024-01-19-21-00-00", "latency": 0}]}, {"location": {"country_code": "se"}, "game_id": "295590", "values": [{"date": "2024-01-19-02-00-00", "latency": 2}, {"date": "2024-01-19-02-00-00", "latency": 2}, {"date": "2024-01-20-00-00-00", "latency": 2}]}, {"location": {"country_code": "no"}, "game_id": "295590", "values": [{"date": "2024-01-19-15-00-00", "latency": 3}, {"date": "2024-01-19-20-00-00", "latency": 5}]}, {"location": {"country_code": "us", "region": "California", "city": "East Los Angeles"}, "game_id": "295590", "values": [{"date": "2024-01-19-02-00-00", "latency": 15}, {"date": "2024-01-19-05-00-00", "latency": 4}, {"date": "2024-01-19-08-00-00", "latency": 6}, {"date": "2024-01-19-08-00-00", "latency": 6}, {"date": "2024-01-19-10-00-00", "latency": 2}]}, {"location": {"country_code": "us", "region": "Maryland", "city": "Dundalk"}, "game_id": "295590", "values": [{"date": "2024-01-19-19-00-00", "latency": 4}]}, {"location": {"country_code": "ec"}, "game_id": "295590", "values": [{"date": "2024-01-19-23-00-00", "latency": 6}, {"date": "2024-01-19-18-00-00", "latency": 5}, {"date": "2024-01-19-06-00-00", "latency": 6}, {"date": "2024-01-19-18-00-00", "latency": 18}, {"date": "2024-01-19-08-00-00", "latency": 6}, {"date": "2024-01-19-08-00-00", "latency": 6}, {"date": "2024-01-19-08-00-00", "latency": 6}, {"date": "2024-01-19-06-00-00", "latency": 5}]}, {"location": {"country_code": "au"}, "game_id": "295590", "values": [{"date": "2024-01-19-13-00-00", "latency": 2}, {"date": "2024-01-19-07-00-00", "latency": 6}, {"date": "2024-01-19-07-00-00", "latency": 6}, {"date": "2024-01-19-07-00-00", "latency": 6}, {"date": "2024-01-19-07-00-00", "latency": 6}, {"date": "2024-01-19-07-00-00", "latency": 6}, {"date": "2024-01-19-07-00-00", "latency": 6}, {"date": "2024-01-19-03-00-00", "latency": 6}, {"date": "2024-01-19-14-00-00", "latency": 2}, {"date": "2024-01-19-14-00-00", "latency": 2}, {"date": "2024-01-19-14-00-00", "latency": 2}]}, {"location": {"country_code": "td"}, "game_id": "295590", "values": [{"date": "2024-01-20-00-00-00", "latency": 1}, {"date": "2024-01-20-00-00-00", "latency": 1}]}, {"location": {"country_code": "es", "region": "Catalonia", "city": "l'Hospitalet de Llobregat"}, "game_id": "295590", "values": [{"date": "2024-01-19-22-00-00", "latency": 3}, {"date": "2024-01-19-22-00-00", "latency": 3}, {"date": "2024-01-19-22-00-00", "latency": 3}, {"date": "2024-01-19-15-00-00", "latency": 18}]}, {"location": {"country_code": "dk"}, "game_id": "295590", "values": [{"date": "2024-01-19-17-00-00", "latency": 5}]}, {"location": {"country_code": "tr", "region": "Ege Bolgesi", "city": "Buca"}, "game_id": "295590", "values": [{"date": "2024-01-19-15-00-00", "latency": 24}]}, {"location": {"country_code": "pl", "region": "Greater Poland Voivodeship"}, "game_id": "295590", "values": [{"date": "2024-01-19-21-00-00", "latency": 5}]}, {"location": {"country_code": "kr", "region": "Seoul"}, "game_id": "295590", "values": [{"date": "2024-01-19-22-00-00", "latency": 60}, {"date": "2024-01-19-22-00-00", "latency": 60}, {"date": "2024-01-19-22-00-00", "latency": 60}, {"date": "2024-01-19-22-00-00", "latency": 60}, {"date": "2024-01-19-22-00-00", "latency": 60}]}, {"location": {"country_code": "us", "region": "Pennsylvania", "city": "Philadelphia"}, "game_id": "295590", "values": [{"date": "2024-01-19-21-00-00", "latency": 2}, {"date": "2024-01-19-21-00-00", "latency": 2}]}, {"location": {"country_code": "es"}, "game_id": "295590", "values": [{"date": "2024-01-19-23-00-00", "latency": 12}, {"date": "2024-01-20-00-00-00", "latency": 5}, {"date": "2024-01-19-19-00-00", "latency": 3}, {"date": "2024-01-19-19-00-00", "latency": 3}, {"date": "2024-01-19-22-00-00", "latency": 35}, {"date": "2024-01-19-22-00-00", "latency": 35}, {"date": "2024-01-19-22-00-00", "latency": 35}, {"date": "2024-01-19-22-00-00", "latency": 35}, {"date": "2024-01-19-22-00-00", "latency": 35}, {"date": "2024-01-19-21-00-00", "latency": 3}, {"date": "2024-01-19-21-00-00", "latency": 3}, {"date": "2024-01-19-21-00-00", "latency": 3}, {"date": "2024-01-19-10-00-00", "latency": 7}, {"date": "2024-01-20-00-00-00", "latency": 8}, {"date": "2024-01-19-19-00-00", "latency": 3}, {"date": "2024-01-19-17-00-00", "latency": 3}, {"date": "2024-01-19-17-00-00", "latency": 3}, {"date": "2024-01-19-22-00-00", "latency": 3}, {"date": "2024-01-19-22-00-00", "latency": 3}, {"date": "2024-01-19-22-00-00", "latency": 3}, {"date": "2024-01-19-22-00-00", "latency": 3}]}, {"location": {"country_code": "es", "region": "La Rioja", "city": "Logrono"}, "game_id": "295590", "values": [{"date": "2024-01-19-21-00-00", "latency": 12}]}, {"location": {"country_code": "sa"}, "game_id": "295590", "values": [{"date": "2024-01-19-19-00-00", "latency": 19}, {"date": "2024-01-19-21-00-00", "latency": 19}, {"date": "2024-01-19-21-00-00", "latency": 19}, {"date": "2024-01-19-21-00-00", "latency": 19}, {"date": "2024-01-19-21-00-00", "latency": 19}]}, {"location": {"country_code": "ar"}, "game_id": "295590", "values": [{"date": "2024-01-19-23-00-00", "latency": 3}, {"date": "2024-01-19-22-00-00", "latency": 3}, {"date": "2024-01-19-02-00-00", "latency": 2}, {"date": "2024-01-19-03-00-00", "latency": 40}, {"date": "2024-01-19-05-00-00", "latency": 0}, {"date": "2024-01-19-20-00-00", "latency": 7}, {"date": "2024-01-20-00-00-00", "latency": 3}, {"date": "2024-01-19-04-00-00", "latency": 3}, {"date": "2024-01-19-04-00-00", "latency": 3}, {"date": "2024-01-19-04-00-00", "latency": 3}, {"date": "2024-01-19-03-00-00", "latency": 5}, {"date": "2024-01-19-17-00-00", "latency": 5}, {"date": "2024-01-19-17-00-00", "latency": 5}, {"date": "2024-01-19-17-00-00", "latency": 5}, {"date": "2024-01-19-08-00-00", "latency": 3}, {"date": "2024-01-19-19-00-00", "latency": 4}, {"date": "2024-01-19-02-00-00", "latency": 4}, {"date": "2024-01-19-04-00-00", "latency": 3}]}, {"location": {"country_code": "ar", "region": "Buenos Aires F.D.", "city": "Bahia Blanca"}, "game_id": "295590", "values": [{"date": "2024-01-19-02-00-00", "latency": 4}, {"date": "2024-01-19-02-00-00", "latency": 4}, {"date": "2024-01-19-02-00-00", "latency": 4}, {"date": "2024-01-19-20-00-00", "latency": 4}, {"date": "2024-01-19-13-00-00", "latency": 2}, {"date": "2024-01-19-22-00-00", "latency": 3}, {"date": "2024-01-19-06-00-00", "latency": 4}]}, {"location": {"country_code": "ar", "region": "Buenos Aires"}, "game_id": "295590", "values": [{"date": "2024-01-19-21-00-00", "latency": 9}, {"date": "2024-01-19-21-00-00", "latency": 9}, {"date": "2024-01-19-21-00-00", "latency": 9}, {"date": "2024-01-19-21-00-00", "latency": 9}, {"date": "2024-01-19-21-00-00", "latency": 9}, {"date": "2024-01-19-18-00-00", "latency": 7}]}, {"location": {"country_code": "ar", "region": "Mendoza Province"}, "game_id": "295590", "values": [{"date": "2024-01-19-05-00-00", "latency": 67}, {"date": "2024-01-19-05-00-00", "latency": 67}, {"date": "2024-01-19-05-00-00", "latency": 67}, {"date": "2024-01-19-05-00-00", "latency": 67}]}, {"location": {"country_code": "ar", "region": "Cordoba Province", "city": "Rio Cuarto"}, "game_id": "295590", "values": [{"date": "2024-01-19-13-00-00", "latency": 29}]}, {"location": {"country_code": "bo"}, "game_id": "295590", "values": [{"date": "2024-01-19-06-00-00", "latency": 0}, {"date": "2024-01-19-08-00-00", "latency": 1}, {"date": "2024-01-19-08-00-00", "latency": 1}]}, {"location": {"country_code": "fi"}, "game_id": "295590", "values": [{"date": "2024-01-19-10-00-00", "latency": 15}, {"date": "2024-01-19-12-00-00", "latency": 9}, {"date": "2024-01-19-15-00-00", "latency": 4}, {"date": "2024-01-19-14-00-00", "latency": 9}]}, {"location": {"country_code": "ca", "region": "Alberta"}, "game_id": "295590", "values": [{"date": "2024-01-20-01-00-00", "latency": 6}, {"date": "2024-01-20-01-00-00", "latency": 6}]}, {"location": {"country_code": "ru", "region": "Moscow", "city": "Zelenograd"}, "game_id": "295590", "values": [{"date": "2024-01-19-15-00-00", "latency": 6}]}, {"location": {"country_code": "ar", "region": "Buenos Aires", "city": "Monte Grande"}, "game_id": "295590", "values": [{"date": "2024-01-19-06-00-00", "latency": 3}]}, {"location": {"country_code": "au", "region": "South Australia", "city": "Adelaide"}, "game_id": "295590", "values": [{"date": "2024-01-19-11-00-00", "latency": 5}]}, {"location": {"country_code": "mx", "region": "Puebla"}, "game_id": "295590", "values": [{"date": "2024-01-19-05-00-00", "latency": 9}]}, {"location": {"country_code": "de", "region": "Bavaria"}, "game_id": "295590", "values": [{"date": "2024-01-20-01-00-00", "latency": 0}, {"date": "2024-01-19-21-00-00", "latency": 8}, {"date": "2024-01-19-21-00-00", "latency": 8}, {"date": "2024-01-19-21-00-00", "latency": 8}]}, {"location": {"country_code": "co"}, "game_id": "295590", "values": [{"date": "2024-01-19-21-00-00", "latency": 18}, {"date": "2024-01-19-21-00-00", "latency": 18}, {"date": "2024-01-19-05-00-00", "latency": 3}, {"date": "2024-01-19-05-00-00", "latency": 3}, {"date": "2024-01-19-05-00-00", "latency": 3}, {"date": "2024-01-19-05-00-00", "latency": 3}, {"date": "2024-01-19-05-00-00", "latency": 3}, {"date": "2024-01-19-05-00-00", "latency": 3}, {"date": "2024-01-19-04-00-00", "latency": 133}, {"date": "2024-01-19-04-00-00", "latency": 133}, {"date": "2024-01-19-04-00-00", "latency": 133}, {"date": "2024-01-19-04-00-00", "latency": 133}, {"date": "2024-01-19-04-00-00", "latency": 133}, {"date": "2024-01-19-04-00-00", "latency": 133}, {"date": "2024-01-19-04-00-00", "latency": 133}, {"date": "2024-01-19-06-00-00", "latency": 6}, {"date": "2024-01-19-06-00-00", "latency": 6}, {"date": "2024-01-19-06-00-00", "latency": 6}, {"date": "2024-01-19-01-00-00", "latency": 2}, {"date": "2024-01-19-09-00-00", "latency": 4}, {"date": "2024-01-19-05-00-00", "latency": 6}, {"date": "2024-01-19-02-00-00", "latency": 1}, {"date": "2024-01-19-07-00-00", "latency": 6}, {"date": "2024-01-20-00-00-00", "latency": 8}, {"date": "2024-01-19-17-00-00", "latency": 5}, {"date": "2024-01-19-03-00-00", "latency": 6}, {"date": "2024-01-19-03-00-00", "latency": 6}, {"date": "2024-01-19-03-00-00", "latency": 6}, {"date": "2024-01-19-21-00-00", "latency": 7}, {"date": "2024-01-19-21-00-00", "latency": 7}, {"date": "2024-01-19-21-00-00", "latency": 7}, {"date": "2024-01-19-21-00-00", "latency": 7}, {"date": "2024-01-19-04-00-00", "latency": 6}, {"date": "2024-01-19-10-00-00", "latency": 5}, {"date": "2024-01-19-10-00-00", "latency": 5}, {"date": "2024-01-19-10-00-00", "latency": 5}, {"date": "2024-01-19-10-00-00", "latency": 5}, {"date": "2024-01-19-10-00-00", "latency": 5}, {"date": "2024-01-19-10-00-00", "latency": 5}, {"date": "2024-01-19-10-00-00", "latency": 5}, {"date": "2024-01-19-01-00-00", "latency": 5}, {"date": "2024-01-19-02-00-00", "latency": 6}, {"date": "2024-01-19-02-00-00", "latency": 6}, {"date": "2024-01-19-19-00-00", "latency": 6}, {"date": "2024-01-19-19-00-00", "latency": 6}]}, {"location": {"country_code": "at"}, "game_id": "295590", "values": [{"date": "2024-01-20-00-00-00", "latency": 4}]}, {"location": {"country_code": "br", "region": "Estado de Bahia", "city": "Salvador"}, "game_id": "295590", "values": [{"date": "2024-01-19-07-00-00", "latency": 2}]}, {"location": {"country_code": "us", "region": "Indiana", "city": "Indianapolis"}, "game_id": "295590", "values": [{"date": "2024-01-20-00-00-00", "latency": 1}]}, {"location": {"country_code": "mx", "region": "Nuevo Leon"}, "game_id": "295590", "values": [{"date": "2024-01-19-05-00-00", "latency": 13}]}, {"location": {"country_code": "ve"}, "game_id": "295590", "values": [{"date": "2024-01-19-23-00-00", "latency": 6}]}, {"location": {"country_code": "us", "region": "California", "city": "Chula Vista"}, "game_id": "295590", "values": [{"date": "2024-01-19-07-00-00", "latency": 8}]}, {"location": {"country_code": "cn"}, "game_id": "295590", "values": [{"date": "2024-01-19-21-00-00", "latency": 4}]}, {"location": {"country_code": "pl"}, "game_id": "295590", "values": [{"date": "2024-01-20-00-00-00", "latency": 3}, {"date": "2024-01-20-01-00-00", "latency": 6}, {"date": "2024-01-19-21-00-00", "latency": 3}, {"date": "2024-01-19-02-00-00", "latency": 4}, {"date": "2024-01-19-22-00-00", "latency": 3}, {"date": "2024-01-19-22-00-00", "latency": 3}, {"date": "2024-01-19-22-00-00", "latency": 3}, {"date": "2024-01-19-18-00-00", "latency": 3}, {"date": "2024-01-19-18-00-00", "latency": 3}, {"date": "2024-01-20-01-00-00", "latency": 3}, {"date": "2024-01-20-01-00-00", "latency": 3}, {"date": "2024-01-20-01-00-00", "latency": 3}, {"date": "2024-01-20-01-00-00", "latency": 3}, {"date": "2024-01-20-01-00-00", "latency": 3}, {"date": "2024-01-20-01-00-00", "latency": 3}, {"date": "2024-01-20-01-00-00", "latency": 3}, {"date": "2024-01-20-01-00-00", "latency": 3}, {"date": "2024-01-19-21-00-00", "latency": 4}]}, {"location": {"country_code": "be"}, "game_id": "295590", "values": [{"date": "2024-01-19-16-00-00", "latency": 8}, {"date": "2024-01-20-01-00-00", "latency": 2}, {"date": "2024-01-20-01-00-00", "latency": 2}]}, {"location": {"country_code": "us", "region": "Nevada", "city": "Las Vegas"}, "game_id": "295590", "values": [{"date": "2024-01-19-15-00-00", "latency": 0}, {"date": "2024-01-19-15-00-00", "latency": 0}]}, {"location": {"country_code": "pe"}, "game_id": "295590", "values": [{"date": "2024-01-19-04-00-00", "latency": 2}, {"date": "2024-01-19-04-00-00", "latency": 2}, {"date": "2024-01-19-02-00-00", "latency": 0}, {"date": "2024-01-20-01-00-00", "latency": 0}, {"date": "2024-01-19-06-00-00", "latency": 0}, {"date": "2024-01-19-04-00-00", "latency": 2}, {"date": "2024-01-19-23-00-00", "latency": 6}]}, {"location": {"country_code": "es", "region": "Canary Islands", "city": "Santa Cruz de Tenerife"}, "game_id": "295590", "values": [{"date": "2024-01-20-00-00-00", "latency": 6}]}, {"location": {"country_code": "sg"}, "game_id": "295590", "values": [{"date": "2024-01-19-16-00-00", "latency": 12}]}, {"location": {"country_code": "tr", "region": "Marmara Bolgesi", "city": "Istanbul"}, "game_id": "295590", "values": [{"date": "2024-01-19-22-00-00", "latency": 16}, {"date": "2024-01-19-22-00-00", "latency": 16}, {"date": "2024-01-19-22-00-00", "latency": 16}, {"date": "2024-01-19-22-00-00", "latency": 16}, {"date": "2024-01-19-22-00-00", "latency": 16}, {"date": "2024-01-19-22-00-00", "latency": 16}, {"date": "2024-01-19-22-00-00", "latency": 16}, {"date": "2024-01-19-22-00-00", "latency": 16}, {"date": "2024-01-19-22-00-00", "latency": 16}, {"date": "2024-01-19-22-00-00", "latency": 16}, {"date": "2024-01-19-22-00-00", "latency": 16}, {"date": "2024-01-19-15-00-00", "latency": 8}, {"date": "2024-01-19-15-00-00", "latency": 8}, {"date": "2024-01-19-15-00-00", "latency": 8}, {"date": "2024-01-19-15-00-00", "latency": 8}, {"date": "2024-01-19-15-00-00", "latency": 8}, {"date": "2024-01-19-15-00-00", "latency": 8}, {"date": "2024-01-19-15-00-00", "latency": 8}, {"date": "2024-01-19-15-00-00", "latency": 8}, {"date": "2024-01-19-15-00-00", "latency": 8}]}, {"location": {"country_code": "us", "region": "District of Columbia", "city": "Washington"}, "game_id": "295590", "values": [{"date": "2024-01-19-22-00-00", "latency": 95151}, {"date": "2024-01-19-22-00-00", "latency": 95151}]}, {"location": {"country_code": "my"}, "game_id": "295590", "values": [{"date": "2024-01-19-18-00-00", "latency": 4}, {"date": "2024-01-19-16-00-00", "latency": 9}]}, {"location": {"country_code": "py"}, "game_id": "295590", "values": [{"date": "2024-01-19-22-00-00", "latency": 0}, {"date": "2024-01-19-22-00-00", "latency": 0}, {"date": "2024-01-19-14-00-00", "latency": 4}]}, {"location": {"country_code": "pt", "region": "Coimbra District", "city": "Figueira da Foz"}, "game_id": "295590", "values": [{"date": "2024-01-19-19-00-00", "latency": 5}]}, {"location": {"country_code": "br", "region": "Santa Catarina", "city": "Palhoca"}, "game_id": "295590", "values": [{"date": "2024-01-19-02-00-00", "latency": 2}]}, {"location": {"country_code": "us", "region": "Illinois"}, "game_id": "295590", "values": [{"date": "2024-01-19-04-00-00", "latency": 7}]}, {"location": {"country_code": "us", "region": "Pennsylvania"}, "game_id": "295590", "values": [{"date": "2024-01-19-23-00-00", "latency": 4}, {"date": "2024-01-19-23-00-00", "latency": 3}]}, {"location": {"country_code": "mx", "region": "Nuevo Leon", "city": "Monterrey"}, "game_id": "295590", "values": [{"date": "2024-01-19-08-00-00", "latency": 3}]}, {"location": {"country_code": "sk"}, "game_id": "295590", "values": [{"date": "2024-01-19-19-00-00", "latency": 5}, {"date": "2024-01-19-19-00-00", "latency": 5}]}, {"location": {"country_code": "br", "region": "Rio Grande do Sul", "city": "Porto Alegre"}, "game_id": "295590", "values": [{"date": "2024-01-19-17-00-00", "latency": 3}]}, {"location": {"country_code": "pt"}, "game_id": "295590", "values": [{"date": "2024-01-19-22-00-00", "latency": 2}, {"date": "2024-01-19-20-00-00", "latency": 3}, {"date": "2024-01-19-16-00-00", "latency": 4}]}, {"location": {"country_code": "mx", "region": "Durango"}, "game_id": "295590", "values": [{"date": "2024-01-19-09-00-00", "latency": 7}]}, {"location": {"country_code": "br", "region": "State of Rio de Janeiro", "city": "Angra dos Reis"}, "game_id": "295590", "values": [{"date": "2024-01-19-20-00-00", "latency": 2}, {"date": "2024-01-19-02-00-00", "latency": 1}]}, {"location": {"country_code": "es", "region": "Andalusia", "city": "Seville"}, "game_id": "295590", "values": [{"date": "2024-01-19-22-00-00", "latency": 3}]}, {"location": {"country_code": "us", "region": "New Hampshire"}, "game_id": "295590", "values": [{"date": "2024-01-19-04-00-00", "latency": 3}, {"date": "2024-01-19-04-00-00", "latency": 3}, {"date": "2024-01-19-04-00-00", "latency": 3}, {"date": "2024-01-19-04-00-00", "latency": 3}]}, {"location": {"country_code": "uy", "region": "Montevideo Department", "city": "Montevideo"}, "game_id": "295590", "values": [{"date": "2024-01-19-01-00-00", "latency": 4}]}, {"location": {"country_code": "uy"}, "game_id": "295590", "values": [{"date": "2024-01-19-15-00-00", "latency": 4}, {"date": "2024-01-19-11-00-00", "latency": 1}, {"date": "2024-01-19-03-00-00", "latency": 6}, {"date": "2024-01-20-01-00-00", "latency": 3}, {"date": "2024-01-19-16-00-00", "latency": 3}]}, {"location": {"country_code": "de", "region": "Rhineland-Palatinate"}, "game_id": "295590", "values": [{"date": "2024-01-20-00-00-00", "latency": 3}]}, {"location": {"country_code": "mx", "region": "Baja California", "city": "Tijuana"}, "game_id": "295590", "values": [{"date": "2024-01-20-00-00-00", "latency": 6}, {"date": "2024-01-20-00-00-00", "latency": 6}]}, {"location": {"country_code": "sv"}, "game_id": "295590", "values": [{"date": "2024-01-19-19-00-00", "latency": 4}, {"date": "2024-01-19-05-00-00", "latency": 2}, {"date": "2024-01-19-05-00-00", "latency": 2}]}, {"location": {"country_code": "ca", "region": "Quebec", "city": "Montreal"}, "game_id": "295590", "values": [{"date": "2024-01-19-06-00-00", "latency": 18}]}, {"location": {"country_code": "br", "region": "Mato Grosso", "city": "Tangara da Serra"}, "game_id": "295590", "values": [{"date": "2024-01-19-06-00-00", "latency": 3}]}, {"location": {"country_code": "us", "region": "Florida", "city": "Orlando"}, "game_id": "295590", "values": [{"date": "2024-01-19-19-00-00", "latency": 0}]}, {"location": {"country_code": "hr"}, "game_id": "295590", "values": [{"date": "2024-01-19-19-00-00", "latency": 3}, {"date": "2024-01-19-19-00-00", "latency": 3}, {"date": "2024-01-20-00-00-00", "latency": 15}]}, {"location": {"country_code": "mx", "region": "Jalisco", "city": "Guadalajara"}, "game_id": "295590", "values": [{"date": "2024-01-19-21-00-00", "latency": 13}, {"date": "2024-01-19-21-00-00", "latency": 13}, {"date": "2024-01-19-21-00-00", "latency": 13}]}, {"location": {"country_code": "us", "region": "Alabama"}, "game_id": "295590", "values": [{"date": "2024-01-19-02-00-00", "latency": 9}]}, {"location": {"country_code": "gt"}, "game_id": "295590", "values": [{"date": "2024-01-19-10-00-00", "latency": 3}]}, {"location": {"country_code": "mx", "region": "Yucatan", "city": "Merida"}, "game_id": "295590", "values": [{"date": "2024-01-19-08-00-00", "latency": 9}]}, {"location": {"country_code": "us", "region": "Wisconsin", "city": "Dakota"}, "game_id": "295590", "values": [{"date": "2024-01-19-05-00-00", "latency": 2}]}, {"location": {"country_code": "ar", "region": "Tucuman Province", "city": "San Miguel de Tucuman"}, "game_id": "295590", "values": [{"date": "2024-01-19-19-00-00", "latency": 4}, {"date": "2024-01-19-19-00-00", "latency": 4}]}, {"location": {"country_code": "us", "region": "Washington", "city": "Seattle"}, "game_id": "295590", "values": [{"date": "2024-01-19-11-00-00", "latency": 7}]}, {"location": {"country_code": "za", "region": "Western Cape", "city": "Cape Town"}, "game_id": "295590", "values": [{"date": "2024-01-19-22-00-00", "latency": 15}]}, {"location": {"country_code": "bg"}, "game_id": "295590", "values": [{"date": "2024-01-19-22-00-00", "latency": 3}, {"date": "2024-01-19-21-00-00", "latency": 5}, {"date": "2024-01-19-21-00-00", "latency": 5}]}, {"location": {"country_code": "co", "region": "Magdalena", "city": "Santa Marta"}, "game_id": "295590", "values": [{"date": "2024-01-19-01-00-00", "latency": 6}]}, {"location": {"country_code": "br", "region": "Rio Grande do Norte", "city": "Natal"}, "game_id": "295590", "values": [{"date": "2024-01-19-02-00-00", "latency": 3}]}, {"location": {"country_code": "dj"}, "game_id": "295590", "values": [{"date": "2024-01-19-12-00-00", "latency": 3}, {"date": "2024-01-19-05-00-00", "latency": 2}, {"date": "2024-01-19-18-00-00", "latency": 2}]}, {"location": {"country_code": "pw"}, "game_id": "295590", "values": [{"date": "2024-01-19-07-00-00", "latency": 4}]}, {"location": {"country_code": "fr", "region": "Nord-Passo di Calais-Piccardia"}, "game_id": "295590", "values": [{"date": "2024-01-20-00-00-00", "latency": 7}]}, {"location": {"country_code": "us", "region": "Arizona", "city": "Mesa"}, "game_id": "295590", "values": [{"date": "2024-01-19-10-00-00", "latency": 2}]}, {"location": {"country_code": "es", "region": "Valencia", "city": "Gandia"}, "game_id": "295590", "values": [{"date": "2024-01-19-20-00-00", "latency": 3}]}, {"location": {"country_code": "br", "region": "Parana", "city": "Umuarama"}, "game_id": "295590", "values": [{"date": "2024-01-19-06-00-00", "latency": 8}]}, {"location": {"country_code": "ar", "region": "Buenos Aires", "city": "La Plata"}, "game_id": "295590", "values": [{"date": "2024-01-19-10-00-00", "latency": 3}, {"date": "2024-01-19-05-00-00", "latency": 3}]}, {"location": {"country_code": "fr", "region": "Normandy", "city": "Rouen"}, "game_id": "295590", "values": [{"date": "2024-01-19-17-00-00", "latency": 6}]}, {"location": {"country_code": "ca", "region": "New Brunswick"}, "game_id": "295590", "values": [{"date": "2024-01-19-03-00-00", "latency": 1}, {"date": "2024-01-19-03-00-00", "latency": 1}, {"date": "2024-01-19-03-00-00", "latency": 1}]}, {"location": {"country_code": "au", "region": "Canberra"}, "game_id": "295590", "values": [{"date": "2024-01-19-08-00-00", "latency": 0}, {"date": "2024-01-19-08-00-00", "latency": 0}]}, {"location": {"country_code": "br", "region": "Amazonas", "city": "Manaus"}, "game_id": "295590", "values": [{"date": "2024-01-19-02-00-00", "latency": 7}]}, {"location": {"country_code": "cl", "region": "Region of Magallanes", "city": "Punta Arenas"}, "game_id": "295590", "values": [{"date": "2024-01-19-01-00-00", "latency": 4}]}, {"location": {"country_code": "br", "region": "Sao Paulo", "city": "Barretos"}, "game_id": "295590", "values": [{"date": "2024-01-19-21-00-00", "latency": 0}]}, {"location": {"country_code": "br", "region": "Espirito Santo", "city": "Vila Velha"}, "game_id": "295590", "values": [{"date": "2024-01-19-21-00-00", "latency": 2}]}, {"location": {"country_code": "pl", "region": "Masovian Voivodeship", "city": "Warsaw"}, "game_id": "295590", "values": [{"date": "2024-01-20-00-00-00", "latency": 3}, {"date": "2024-01-20-00-00-00", "latency": 3}, {"date": "2024-01-20-00-00-00", "latency": 3}, {"date": "2024-01-20-00-00-00", "latency": 3}, {"date": "2024-01-20-00-00-00", "latency": 3}, {"date": "2024-01-20-00-00-00", "latency": 3}, {"date": "2024-01-20-00-00-00", "latency": 3}, {"date": "2024-01-20-00-00-00", "latency": 3}, {"date": "2024-01-20-00-00-00", "latency": 3}, {"date": "2024-01-20-00-00-00", "latency": 3}, {"date": "2024-01-19-19-00-00", "latency": 22}, {"date": "2024-01-19-19-00-00", "latency": 22}, {"date": "2024-01-19-19-00-00", "latency": 22}]}, {"location": {"country_code": "pl", "region": "Greater Poland Voivodeship", "city": "Nedzerzew"}, "game_id": "295590", "values": [{"date": "2024-01-19-02-00-00", "latency": 4}, {"date": "2024-01-19-02-00-00", "latency": 4}]}, {"location": {"country_code": "mx", "region": "Jalisco", "city": "Zapopan"}, "game_id": "295590", "values": [{"date": "2024-01-19-04-00-00", "latency": 6}]}, {"location": {"country_code": "mx", "region": "Queretaro", "city": "Queretaro"}, "game_id": "295590", "values": [{"date": "2024-01-19-02-00-00", "latency": 18}]}, {"location": {"country_code": "us", "region": "Nevada"}, "game_id": "295590", "values": [{"date": "2024-01-20-01-00-00", "latency": 2}]}, {"location": {"country_code": "ca", "region": "Ontario", "city": "Barrie"}, "game_id": "295590", "values": [{"date": "2024-01-19-02-00-00", "latency": 6}]}, {"location": {"country_code": "mx", "region": "Baja California", "city": "Mexicali"}, "game_id": "295590", "values": [{"date": "2024-01-19-08-00-00", "latency": 3}]}, {"location": {"country_code": "ml"}, "game_id": "295590", "values": [{"date": "2024-01-19-22-00-00", "latency": 73}, {"date": "2024-01-19-22-00-00", "latency": 73}]}, {"location": {"country_code": "mx", "region": "Chihuahua"}, "game_id": "295590", "values": [{"date": "2024-01-19-04-00-00", "latency": 6}, {"date": "2024-01-19-04-00-00", "latency": 6}, {"date": "2024-01-19-04-00-00", "latency": 6}]}, {"location": {"country_code": "fr", "region": "Pays de la Loire Region"}, "game_id": "295590", "values": [{"date": "2024-01-19-05-00-00", "latency": 3}, {"date": "2024-01-19-05-00-00", "latency": 3}, {"date": "2024-01-19-05-00-00", "latency": 3}, {"date": "2024-01-19-05-00-00", "latency": 3}, {"date": "2024-01-19-05-00-00", "latency": 3}]}, {"location": {"country_code": "ar", "region": "Jujuy Province"}, "game_id": "295590", "values": [{"date": "2024-01-19-06-00-00", "latency": 33}]}, {"location": {"country_code": "es", "region": "Andalusia", "city": "La Linea de la Concepcion"}, "game_id": "295590", "values": [{"date": "2024-01-19-19-00-00", "latency": 4}, {"date": "2024-01-19-19-00-00", "latency": 4}]}, {"location": {"country_code": "br", "region": "Sao Paulo", "city": "Sao Carlos"}, "game_id": "295590", "values": [{"date": "2024-01-19-02-00-00", "latency": 2}]}, {"location": {"country_code": "br", "region": "Paraiba", "city": "Santa Rita"}, "game_id": "295590", "values": [{"date": "2024-01-19-17-00-00", "latency": 4}, {"date": "2024-01-19-17-00-00", "latency": 4}]}, {"location": {"country_code": "ae", "region": "Abu Dhabi Emirate"}, "game_id": "295590", "values": [{"date": "2024-01-19-18-00-00", "latency": 30}, {"date": "2024-01-19-18-00-00", "latency": 30}]}, {"location": {"country_code": "pt", "region": "Northern Mariana Islands", "city": "Povoa de Varzim"}, "game_id": "295590", "values": [{"date": "2024-01-19-15-00-00", "latency": 10}, {"date": "2024-01-19-15-00-00", "latency": 10}, {"date": "2024-01-19-15-00-00", "latency": 10}]}, {"location": {"country_code": "bg", "region": "Sofia-Capital", "city": "Sofia"}, "game_id": "295590", "values": [{"date": "2024-01-20-00-00-00", "latency": 3}, {"date": "2024-01-20-00-00-00", "latency": 3}, {"date": "2024-01-20-00-00-00", "latency": 3}, {"date": "2024-01-20-00-00-00", "latency": 3}, {"date": "2024-01-20-00-00-00", "latency": 3}, {"date": "2024-01-20-00-00-00", "latency": 3}, {"date": "2024-01-20-00-00-00", "latency": 3}, {"date": "2024-01-20-00-00-00", "latency": 3}, {"date": "2024-01-20-00-00-00", "latency": 3}, {"date": "2024-01-20-00-00-00", "latency": 3}]}, {"location": {"country_code": "om"}, "game_id": "295590", "values": [{"date": "2024-01-19-06-00-00", "latency": 120}, {"date": "2024-01-19-06-00-00", "latency": 120}, {"date": "2024-01-19-06-00-00", "latency": 120}]}, {"location": {"country_code": "il"}, "game_id": "295590", "values": [{"date": "2024-01-19-20-00-00", "latency": 5}]}, {"location": {"country_code": "ar", "region": "Tucuman Province"}, "game_id": "295590", "values": [{"date": "2024-01-19-02-00-00", "latency": 0}]}, {"location": {"country_code": "br", "region": "State of Rio de Janeiro", "city": "Bom Jesus do Itabapoana"}, "game_id": "295590", "values": [{"date": "2024-01-19-16-00-00", "latency": 2}]}, {"location": {"country_code": "br", "region": "Rio Grande do Sul", "city": "Alvorada"}, "game_id": "295590", "values": [{"date": "2024-01-19-22-00-00", "latency": 2}]}, {"location": {"country_code": "es", "region": "Catalonia", "city": "Lleida"}, "game_id": "295590", "values": [{"date": "2024-01-19-04-00-00", "latency": 18}, {"date": "2024-01-19-04-00-00", "latency": 18}, {"date": "2024-01-19-04-00-00", "latency": 18}]}, {"location": {"country_code": "mg"}, "game_id": "295590", "values": [{"date": "2024-01-19-22-00-00", "latency": 831}]}, {"location": {"country_code": "qa"}, "game_id": "295590", "values": [{"date": "2024-01-19-22-00-00", "latency": 11}]}, {"location": {"country_code": "ph", "region": "National Capital Region", "city": "Muntinlupa"}, "game_id": "295590", "values": [{"date": "2024-01-19-12-00-00", "latency": 3}, {"date": "2024-01-19-12-00-00", "latency": 3}, {"date": "2024-01-19-12-00-00", "latency": 3}, {"date": "2024-01-19-12-00-00", "latency": 3}, {"date": "2024-01-19-12-00-00", "latency": 3}, {"date": "2024-01-19-12-00-00", "latency": 3}, {"date": "2024-01-19-12-00-00", "latency": 3}, {"date": "2024-01-19-12-00-00", "latency": 3}, {"date": "2024-01-19-12-00-00", "latency": 3}, {"date": "2024-01-19-12-00-00", "latency": 3}, {"date": "2024-01-19-12-00-00", "latency": 3}]}, {"location": {"country_code": "mx", "region": "Sinaloa"}, "game_id": "295590", "values": [{"date": "2024-01-19-08-00-00", "latency": 1}]}, {"location": {"country_code": "hr", "region": "County of Osijek-Baranja", "city": "Osijek"}, "game_id": "295590", "values": [{"date": "2024-01-20-01-00-00", "latency": 28}, {"date": "2024-01-20-01-00-00", "latency": 28}]}, {"location": {"country_code": "br", "region": "Sao Paulo", "city": "Barrinha"}, "game_id": "295590", "values": [{"date": "2024-01-19-23-00-00", "latency": 0}, {"date": "2024-01-19-23-00-00", "latency": 0}]}, {"location": {"country_code": "ca", "region": "Ontario", "city": "Mississauga"}, "game_id": "295590", "values": [{"date": "2024-01-19-05-00-00", "latency": 2}, {"date": "2024-01-19-05-00-00", "latency": 2}]}, {"location": {"country_code": "es", "region": "Valencia", "city": "Rojales"}, "game_id": "295590", "values": [{"date": "2024-01-19-19-00-00", "latency": 5}]}, {"location": {"country_code": "es", "region": "Castille and Leon", "city": "Salamanca"}, "game_id": "295590", "values": [{"date": "2024-01-19-23-00-00", "latency": 4}, {"date": "2024-01-19-23-00-00", "latency": 4}, {"date": "2024-01-19-19-00-00", "latency": 9}, {"date": "2024-01-19-19-00-00", "latency": 9}]}, {"location": {"country_code": "mx", "region": "Quintana Roo", "city": "Cancun"}, "game_id": "295590", "values": [{"date": "2024-01-19-04-00-00", "latency": 43}, {"date": "2024-01-19-04-00-00", "latency": 43}, {"date": "2024-01-19-04-00-00", "latency": 43}]}, {"location": {"country_code": "us", "region": "Utah", "city": "South Jordan"}, "game_id": "295590", "values": [{"date": "2024-01-19-21-00-00", "latency": 5}]}, {"location": {"country_code": "br", "region": "Pernambuco", "city": "Paulista"}, "game_id": "295590", "values": [{"date": "2024-01-19-18-00-00", "latency": 3}]}, {"location": {"country_code": "cz", "region": "Moravskoslezsky kraj", "city": "Frydek-Mistek"}, "game_id": "295590", "values": [{"date": "2024-01-19-13-00-00", "latency": 9}]}, {"location": {"country_code": "ru", "region": "Perm Krai", "city": "Perm"}, "game_id": "295590", "values": [{"date": "2024-01-19-17-00-00", "latency": 4}]}, {"location": {"country_code": "ao"}, "game_id": "295590", "values": [{"date": "2024-01-20-00-00-00", "latency": 47}, {"date": "2024-01-20-00-00-00", "latency": 47}, {"date": "2024-01-20-00-00-00", "latency": 47}]}, {"location": {"country_code": "br", "region": "Paraiba", "city": "Bonito de Santa Fe"}, "game_id": "295590", "values": [{"date": "2024-01-19-17-00-00", "latency": 9}, {"date": "2024-01-19-17-00-00", "latency": 9}]}, {"location": {"country_code": "pl", "region": "Lower Silesian Voivodeship", "city": "Dzierzoniow"}, "game_id": "295590", "values": [{"date": "2024-01-19-10-00-00", "latency": 0}, {"date": "2024-01-19-10-00-00", "latency": 0}]}, {"location": {"country_code": "rs", "region": "Vojvodina", "city": "Sombor"}, "game_id": "295590", "values": [{"date": "2024-01-19-16-00-00", "latency": 2}]}, {"location": {"country_code": "br", "region": "Estado de Bahia", "city": "Cacule"}, "game_id": "295590", "values": [{"date": "2024-01-19-04-00-00", "latency": 2}]}, {"location": {"country_code": "us", "region": "Montana", "city": "Bozeman"}, "game_id": "295590", "values": [{"date": "2024-01-19-10-00-00", "latency": 7}]}, {"location": {"country_code": "br", "region": "Santa Catarina", "city": "Ascurra"}, "game_id": "295590", "values": [{"date": "2024-01-19-03-00-00", "latency": 4}]}, {"location": {"country_code": "no", "region": "Mre og Romsdal", "city": "Alesund"}, "game_id": "295590", "values": [{"date": "2024-01-19-22-00-00", "latency": 3}, {"date": "2024-01-19-22-00-00", "latency": 3}, {"date": "2024-01-19-22-00-00", "latency": 3}, {"date": "2024-01-19-22-00-00", "latency": 3}]}], "last_updated": 1719919181.84131}