{"data": [{"location": {"country_code": "nz"}, "game_id": "118849", "values": [{"date": "2023-09-27-18-00-00", "latency": 48}, {"date": "2023-09-27-18-00-00", "latency": 48}, {"date": "2023-09-27-18-00-00", "latency": 48}]}, {"location": {"country_code": "us"}, "game_id": "118849", "values": [{"date": "2023-09-27-07-00-00", "latency": 130}]}, {"location": {"country_code": "jp"}, "game_id": "118849", "values": [{"date": "2023-09-28-01-00-00", "latency": 89}, {"date": "2023-09-27-06-00-00", "latency": 146}, {"date": "2023-09-27-16-00-00", "latency": 133}]}, {"location": {"country_code": "ca"}, "game_id": "118849", "values": [{"date": "2023-09-27-23-00-00", "latency": 570}, {"date": "2023-09-27-23-00-00", "latency": 570}]}, {"location": {"country_code": "tw"}, "game_id": "118849", "values": [{"date": "2023-09-27-10-00-00", "latency": 189}, {"date": "2023-09-27-10-00-00", "latency": 189}, {"date": "2023-09-27-10-00-00", "latency": 189}, {"date": "2023-09-27-10-00-00", "latency": 189}, {"date": "2023-09-27-10-00-00", "latency": 189}, {"date": "2023-09-27-10-00-00", "latency": 189}, {"date": "2023-09-27-10-00-00", "latency": 189}, {"date": "2023-09-27-10-00-00", "latency": 189}, {"date": "2023-09-27-10-00-00", "latency": 189}, {"date": "2023-09-27-10-00-00", "latency": 189}, {"date": "2023-09-27-10-00-00", "latency": 189}, {"date": "2023-09-27-10-00-00", "latency": 189}, {"date": "2023-09-27-10-00-00", "latency": 189}, {"date": "2023-09-27-10-00-00", "latency": 189}, {"date": "2023-09-27-10-00-00", "latency": 189}, {"date": "2023-09-27-10-00-00", "latency": 189}, {"date": "2023-09-27-10-00-00", "latency": 189}, {"date": "2023-09-27-10-00-00", "latency": 189}, {"date": "2023-09-27-10-00-00", "latency": 189}, {"date": "2023-09-27-10-00-00", "latency": 189}, {"date": "2023-09-27-10-00-00", "latency": 189}, {"date": "2023-09-27-10-00-00", "latency": 189}, {"date": "2023-09-27-10-00-00", "latency": 189}, {"date": "2023-09-27-10-00-00", "latency": 189}, {"date": "2023-09-27-10-00-00", "latency": 189}, {"date": "2023-09-27-10-00-00", "latency": 189}, {"date": "2023-09-27-10-00-00", "latency": 189}, {"date": "2023-09-27-10-00-00", "latency": 189}, {"date": "2023-09-27-10-00-00", "latency": 189}, {"date": "2023-09-27-10-00-00", "latency": 189}, {"date": "2023-09-27-10-00-00", "latency": 189}, {"date": "2023-09-27-10-00-00", "latency": 189}, {"date": "2023-09-27-10-00-00", "latency": 189}, {"date": "2023-09-27-10-00-00", "latency": 189}, {"date": "2023-09-27-10-00-00", "latency": 189}, {"date": "2023-09-27-10-00-00", "latency": 189}, {"date": "2023-09-27-10-00-00", "latency": 189}, {"date": "2023-09-27-10-00-00", "latency": 189}, {"date": "2023-09-27-10-00-00", "latency": 189}, {"date": "2023-09-27-10-00-00", "latency": 189}, {"date": "2023-09-27-17-00-00", "latency": 215}]}, {"location": {"country_code": "ph"}, "game_id": "118849", "values": [{"date": "2023-09-27-19-00-00", "latency": 311}, {"date": "2023-09-27-19-00-00", "latency": 311}, {"date": "2023-09-27-19-00-00", "latency": 311}]}, {"location": {"country_code": "se", "region": "Gavleborg County"}, "game_id": "118849", "values": [{"date": "2023-09-27-02-00-00", "latency": 102}]}, {"location": {"country_code": "us", "region": "California", "city": "East Los Angeles"}, "game_id": "118849", "values": [{"date": "2023-09-28-00-00-00", "latency": 205}, {"date": "2023-09-27-11-00-00", "latency": 86}, {"date": "2023-09-27-11-00-00", "latency": 86}, {"date": "2023-09-27-11-00-00", "latency": 86}]}, {"location": {"country_code": "au"}, "game_id": "118849", "values": [{"date": "2023-09-27-12-00-00", "latency": 36}, {"date": "2023-09-27-12-00-00", "latency": 36}, {"date": "2023-09-27-14-00-00", "latency": 36}]}, {"location": {"country_code": "au", "region": "Victoria", "city": "Melbourne"}, "game_id": "118849", "values": [{"date": "2023-09-27-15-00-00", "latency": 69}]}, {"location": {"country_code": "us", "region": "Texas", "city": "Austin"}, "game_id": "118849", "values": [{"date": "2023-09-27-08-00-00", "latency": 960}, {"date": "2023-09-27-08-00-00", "latency": 960}, {"date": "2023-09-27-04-00-00", "latency": 70}, {"date": "2023-09-27-04-00-00", "latency": 70}, {"date": "2023-09-27-04-00-00", "latency": 70}, {"date": "2023-09-27-04-00-00", "latency": 70}, {"date": "2023-09-27-04-00-00", "latency": 70}]}, {"location": {"country_code": "tr"}, "game_id": "118849", "values": [{"date": "2023-09-27-23-00-00", "latency": 59}, {"date": "2023-09-27-23-00-00", "latency": 59}]}, {"location": {"country_code": "es"}, "game_id": "118849", "values": [{"date": "2023-09-28-02-00-00", "latency": 69}]}, {"location": {"country_code": "ar"}, "game_id": "118849", "values": [{"date": "2023-09-27-07-00-00", "latency": 56}]}, {"location": {"country_code": "de", "region": "Free and Hanseatic City of Hamburg", "city": "Hamburg"}, "game_id": "118849", "values": [{"date": "2023-09-27-23-00-00", "latency": 61}, {"date": "2023-09-27-23-00-00", "latency": 61}, {"date": "2023-09-27-23-00-00", "latency": 61}, {"date": "2023-09-27-23-00-00", "latency": 61}, {"date": "2023-09-27-23-00-00", "latency": 61}, {"date": "2023-09-27-23-00-00", "latency": 61}]}, {"location": {"country_code": "de", "region": "Bavaria"}, "game_id": "118849", "values": [{"date": "2023-09-27-02-00-00", "latency": 29}, {"date": "2023-09-27-02-00-00", "latency": 29}]}, {"location": {"country_code": "ve"}, "game_id": "118849", "values": [{"date": "2023-09-27-06-00-00", "latency": 75}]}, {"location": {"country_code": "pl"}, "game_id": "118849", "values": [{"date": "2023-09-27-09-00-00", "latency": 80}, {"date": "2023-09-27-09-00-00", "latency": 80}, {"date": "2023-09-27-21-00-00", "latency": 71}]}, {"location": {"country_code": "sg"}, "game_id": "118849", "values": [{"date": "2023-09-27-10-00-00", "latency": 35}]}, {"location": {"country_code": "pt"}, "game_id": "118849", "values": [{"date": "2023-09-27-18-00-00", "latency": 151}, {"date": "2023-09-27-18-00-00", "latency": 151}, {"date": "2023-09-27-18-00-00", "latency": 151}, {"date": "2023-09-27-18-00-00", "latency": 151}, {"date": "2023-09-27-18-00-00", "latency": 151}, {"date": "2023-09-27-18-00-00", "latency": 151}, {"date": "2023-09-27-18-00-00", "latency": 151}, {"date": "2023-09-27-18-00-00", "latency": 151}, {"date": "2023-09-27-18-00-00", "latency": 151}]}, {"location": {"country_code": "uy", "region": "Montevideo Department", "city": "Montevideo"}, "game_id": "118849", "values": [{"date": "2023-09-27-07-00-00", "latency": 57}]}, {"location": {"country_code": "de", "region": "Lower Saxony"}, "game_id": "118849", "values": [{"date": "2023-09-27-23-00-00", "latency": 56}]}, {"location": {"country_code": "ca", "region": "Alberta", "city": "Calgary"}, "game_id": "118849", "values": [{"date": "2023-09-27-13-00-00", "latency": 283}]}, {"location": {"country_code": "gb", "region": "Northern Ireland", "city": "Belfast"}, "game_id": "118849", "values": [{"date": "2023-09-27-20-00-00", "latency": 117}, {"date": "2023-09-27-20-00-00", "latency": 117}, {"date": "2023-09-27-20-00-00", "latency": 117}, {"date": "2023-09-27-20-00-00", "latency": 117}, {"date": "2023-09-27-20-00-00", "latency": 117}, {"date": "2023-09-27-20-00-00", "latency": 117}, {"date": "2023-09-27-20-00-00", "latency": 117}, {"date": "2023-09-27-20-00-00", "latency": 117}, {"date": "2023-09-27-20-00-00", "latency": 117}, {"date": "2023-09-27-20-00-00", "latency": 117}]}, {"location": {"country_code": "tn"}, "game_id": "118849", "values": [{"date": "2023-09-27-11-00-00", "latency": 82}, {"date": "2023-09-27-11-00-00", "latency": 82}, {"date": "2023-09-27-11-00-00", "latency": 82}, {"date": "2023-09-27-11-00-00", "latency": 82}, {"date": "2023-09-27-11-00-00", "latency": 82}]}, {"location": {"country_code": "gr", "region": "Samothrace", "city": "Thessaloniki"}, "game_id": "118849", "values": [{"date": "2023-09-27-20-00-00", "latency": 131}, {"date": "2023-09-27-20-00-00", "latency": 131}]}, {"location": {"country_code": "pl", "region": "Masovian Voivodeship"}, "game_id": "118849", "values": [{"date": "2023-09-27-21-00-00", "latency": 71}, {"date": "2023-09-27-21-00-00", "latency": 71}, {"date": "2023-09-27-21-00-00", "latency": 71}]}, {"location": {"country_code": "mn"}, "game_id": "118849", "values": [{"date": "2023-09-27-12-00-00", "latency": 159}, {"date": "2023-09-27-12-00-00", "latency": 159}]}], "last_updated": 1719927578.183997}