{"data": [{"location": {"country_code": "us"}, "game_id": "461764", "values": [{"date": "2024-04-09-08-00-00", "latency": 1}, {"date": "2024-04-09-04-00-00", "latency": 3}]}, {"location": {"country_code": "gr"}, "game_id": "461764", "values": [{"date": "2024-04-09-20-00-00", "latency": 7}, {"date": "2024-04-09-20-00-00", "latency": 7}]}, {"location": {"country_code": "de"}, "game_id": "461764", "values": [{"date": "2024-04-09-10-00-00", "latency": 6}, {"date": "2024-04-09-10-00-00", "latency": 6}]}, {"location": {"country_code": "tr"}, "game_id": "461764", "values": [{"date": "2024-04-09-14-00-00", "latency": 5}]}, {"location": {"country_code": "hu"}, "game_id": "461764", "values": [{"date": "2024-04-09-04-00-00", "latency": 0}]}, {"location": {"country_code": "pl"}, "game_id": "461764", "values": [{"date": "2024-04-10-00-00-00", "latency": 1}]}, {"location": {"country_code": "id"}, "game_id": "461764", "values": [{"date": "2024-04-09-11-00-00", "latency": 48}, {"date": "2024-04-09-11-00-00", "latency": 48}, {"date": "2024-04-09-11-00-00", "latency": 48}, {"date": "2024-04-09-15-00-00", "latency": 34}, {"date": "2024-04-09-15-00-00", "latency": 34}]}], "last_updated": 1719919372.97457}