{"data": [{"location": {"country_code": "si"}, "game_id": "128974", "values": [{"date": "2023-09-11-21-00-00", "latency": 61}]}, {"location": {"country_code": "nz"}, "game_id": "128974", "values": [{"date": "2023-09-11-12-00-00", "latency": 108}]}, {"location": {"country_code": "nz", "region": "Heretaunga", "city": "Napier"}, "game_id": "128974", "values": [{"date": "2023-09-11-04-00-00", "latency": 342}]}, {"location": {"country_code": "us"}, "game_id": "128974", "values": [{"date": "2023-09-11-05-00-00", "latency": 77}, {"date": "2023-09-11-21-00-00", "latency": 128}, {"date": "2023-09-12-01-00-00", "latency": 92}, {"date": "2023-09-11-08-00-00", "latency": 90}, {"date": "2023-09-11-10-00-00", "latency": 91}, {"date": "2023-09-11-04-00-00", "latency": 62}, {"date": "2023-09-11-23-00-00", "latency": 87}, {"date": "2023-09-11-10-00-00", "latency": 115}, {"date": "2023-09-11-10-00-00", "latency": 115}, {"date": "2023-09-12-00-00-00", "latency": 87}]}, {"location": {"country_code": "us", "region": "Colorado", "city": "Colorado Springs"}, "game_id": "128974", "values": [{"date": "2023-09-11-19-00-00", "latency": 85}, {"date": "2023-09-11-19-00-00", "latency": 85}, {"date": "2023-09-11-19-00-00", "latency": 85}, {"date": "2023-09-11-19-00-00", "latency": 85}]}, {"location": {"country_code": "us", "region": "New York", "city": "Jamestown"}, "game_id": "128974", "values": [{"date": "2023-09-11-06-00-00", "latency": 88}]}, {"location": {"country_code": "us", "region": "Florida", "city": "Orlando"}, "game_id": "128974", "values": [{"date": "2023-09-12-00-00-00", "latency": 162}]}, {"location": {"country_code": "ca", "region": "Ontario", "city": "Toronto"}, "game_id": "128974", "values": [{"date": "2023-09-12-02-00-00", "latency": 70}, {"date": "2023-09-12-02-00-00", "latency": 70}, {"date": "2023-09-12-02-00-00", "latency": 70}, {"date": "2023-09-12-02-00-00", "latency": 70}]}, {"location": {"country_code": "gb"}, "game_id": "128974", "values": [{"date": "2023-09-11-17-00-00", "latency": 148}, {"date": "2023-09-11-20-00-00", "latency": 72}, {"date": "2023-09-11-20-00-00", "latency": 72}, {"date": "2023-09-11-20-00-00", "latency": 72}, {"date": "2023-09-11-20-00-00", "latency": 72}, {"date": "2023-09-11-16-00-00", "latency": 75}, {"date": "2023-09-11-16-00-00", "latency": 75}, {"date": "2023-09-11-21-00-00", "latency": 68}, {"date": "2023-09-11-15-00-00", "latency": 66}]}, {"location": {"country_code": "th"}, "game_id": "128974", "values": [{"date": "2023-09-11-17-00-00", "latency": 69}, {"date": "2023-09-11-17-00-00", "latency": 69}, {"date": "2023-09-11-20-00-00", "latency": 80}, {"date": "2023-09-11-20-00-00", "latency": 80}]}, {"location": {"country_code": "nl"}, "game_id": "128974", "values": [{"date": "2023-09-11-21-00-00", "latency": 54}, {"date": "2023-09-11-21-00-00", "latency": 54}]}, {"location": {"country_code": "it"}, "game_id": "128974", "values": [{"date": "2023-09-11-16-00-00", "latency": 67}, {"date": "2023-09-11-16-00-00", "latency": 67}, {"date": "2023-09-11-16-00-00", "latency": 67}, {"date": "2023-09-11-16-00-00", "latency": 67}]}, {"location": {"country_code": "ca"}, "game_id": "128974", "values": [{"date": "2023-09-11-22-00-00", "latency": 133}, {"date": "2023-09-11-22-00-00", "latency": 133}, {"date": "2023-09-11-22-00-00", "latency": 133}, {"date": "2023-09-11-22-00-00", "latency": 133}, {"date": "2023-09-11-22-00-00", "latency": 133}, {"date": "2023-09-11-22-00-00", "latency": 133}, {"date": "2023-09-11-02-00-00", "latency": 102}, {"date": "2023-09-11-03-00-00", "latency": 69}, {"date": "2023-09-11-23-00-00", "latency": 99}]}, {"location": {"country_code": "id"}, "game_id": "128974", "values": [{"date": "2023-09-12-01-00-00", "latency": 210}, {"date": "2023-09-12-01-00-00", "latency": 210}, {"date": "2023-09-12-01-00-00", "latency": 210}]}, {"location": {"country_code": "de"}, "game_id": "128974", "values": [{"date": "2023-09-11-21-00-00", "latency": 191}, {"date": "2023-09-11-21-00-00", "latency": 191}, {"date": "2023-09-11-21-00-00", "latency": 191}, {"date": "2023-09-11-21-00-00", "latency": 191}, {"date": "2023-09-11-21-00-00", "latency": 191}, {"date": "2023-09-11-21-00-00", "latency": 191}, {"date": "2023-09-11-21-00-00", "latency": 191}, {"date": "2023-09-11-21-00-00", "latency": 191}, {"date": "2023-09-11-19-00-00", "latency": 52}, {"date": "2023-09-11-19-00-00", "latency": 52}, {"date": "2023-09-11-22-00-00", "latency": 78}, {"date": "2023-09-12-01-00-00", "latency": 65}]}, {"location": {"country_code": "us", "region": "Indiana"}, "game_id": "128974", "values": [{"date": "2023-09-11-19-00-00", "latency": 82}]}, {"location": {"country_code": "gb", "region": "England"}, "game_id": "128974", "values": [{"date": "2023-09-11-21-00-00", "latency": 66}]}, {"location": {"country_code": "us", "region": "Texas"}, "game_id": "128974", "values": [{"date": "2023-09-11-06-00-00", "latency": 81}, {"date": "2023-09-11-21-00-00", "latency": 95}]}, {"location": {"country_code": "us", "region": "Florida"}, "game_id": "128974", "values": [{"date": "2023-09-11-04-00-00", "latency": 68}, {"date": "2023-09-11-04-00-00", "latency": 68}, {"date": "2023-09-11-04-00-00", "latency": 68}, {"date": "2023-09-12-02-00-00", "latency": 109}, {"date": "2023-09-11-23-00-00", "latency": 98}, {"date": "2023-09-11-04-00-00", "latency": 89}]}, {"location": {"country_code": "us", "region": "Florida", "city": "Miami"}, "game_id": "128974", "values": [{"date": "2023-09-11-16-00-00", "latency": 89}, {"date": "2023-09-11-16-00-00", "latency": 89}, {"date": "2023-09-11-20-00-00", "latency": 80}, {"date": "2023-09-11-03-00-00", "latency": 36}, {"date": "2023-09-11-03-00-00", "latency": 36}, {"date": "2023-09-11-03-00-00", "latency": 36}]}, {"location": {"country_code": "fr"}, "game_id": "128974", "values": [{"date": "2023-09-11-17-00-00", "latency": 67}, {"date": "2023-09-11-17-00-00", "latency": 67}, {"date": "2023-09-11-17-00-00", "latency": 67}, {"date": "2023-09-11-13-00-00", "latency": 41}, {"date": "2023-09-11-13-00-00", "latency": 41}, {"date": "2023-09-11-13-00-00", "latency": 41}, {"date": "2023-09-11-13-00-00", "latency": 41}, {"date": "2023-09-11-05-00-00", "latency": 103}, {"date": "2023-09-11-18-00-00", "latency": 64}, {"date": "2023-09-11-18-00-00", "latency": 64}, {"date": "2023-09-11-18-00-00", "latency": 64}, {"date": "2023-09-11-18-00-00", "latency": 64}, {"date": "2023-09-11-18-00-00", "latency": 64}, {"date": "2023-09-11-18-00-00", "latency": 64}, {"date": "2023-09-11-18-00-00", "latency": 64}, {"date": "2023-09-11-18-00-00", "latency": 64}, {"date": "2023-09-11-18-00-00", "latency": 64}, {"date": "2023-09-11-18-00-00", "latency": 64}, {"date": "2023-09-11-18-00-00", "latency": 64}, {"date": "2023-09-11-18-00-00", "latency": 64}]}, {"location": {"country_code": "us", "region": "New Jersey"}, "game_id": "128974", "values": [{"date": "2023-09-12-00-00-00", "latency": 207}, {"date": "2023-09-12-00-00-00", "latency": 207}]}, {"location": {"country_code": "mx"}, "game_id": "128974", "values": [{"date": "2023-09-11-21-00-00", "latency": 166}, {"date": "2023-09-11-18-00-00", "latency": 73}]}, {"location": {"country_code": "us", "region": "California"}, "game_id": "128974", "values": [{"date": "2023-09-11-10-00-00", "latency": 89}, {"date": "2023-09-11-10-00-00", "latency": 89}, {"date": "2023-09-11-06-00-00", "latency": 142}, {"date": "2023-09-11-08-00-00", "latency": 101}, {"date": "2023-09-11-08-00-00", "latency": 101}, {"date": "2023-09-11-08-00-00", "latency": 101}, {"date": "2023-09-12-00-00-00", "latency": 81}]}, {"location": {"country_code": "br"}, "game_id": "128974", "values": [{"date": "2023-09-11-23-00-00", "latency": 219}, {"date": "2023-09-11-14-00-00", "latency": 182}, {"date": "2023-09-11-05-00-00", "latency": 40}]}, {"location": {"country_code": "se"}, "game_id": "128974", "values": [{"date": "2023-09-11-21-00-00", "latency": 53}, {"date": "2023-09-11-21-00-00", "latency": 53}, {"date": "2023-09-11-21-00-00", "latency": 53}, {"date": "2023-09-11-21-00-00", "latency": 53}, {"date": "2023-09-11-19-00-00", "latency": 53}, {"date": "2023-09-11-19-00-00", "latency": 53}]}, {"location": {"country_code": "no"}, "game_id": "128974", "values": [{"date": "2023-09-12-00-00-00", "latency": 130}, {"date": "2023-09-11-22-00-00", "latency": 84}]}, {"location": {"country_code": "us", "region": "California", "city": "East Los Angeles"}, "game_id": "128974", "values": [{"date": "2023-09-11-06-00-00", "latency": 63}, {"date": "2023-09-11-06-00-00", "latency": 63}, {"date": "2023-09-11-06-00-00", "latency": 63}, {"date": "2023-09-11-06-00-00", "latency": 63}, {"date": "2023-09-11-06-00-00", "latency": 63}, {"date": "2023-09-12-00-00-00", "latency": 77}, {"date": "2023-09-12-00-00-00", "latency": 77}, {"date": "2023-09-12-00-00-00", "latency": 77}]}, {"location": {"country_code": "au"}, "game_id": "128974", "values": [{"date": "2023-09-11-16-00-00", "latency": 337}, {"date": "2023-09-11-16-00-00", "latency": 337}, {"date": "2023-09-11-16-00-00", "latency": 337}, {"date": "2023-09-11-16-00-00", "latency": 337}, {"date": "2023-09-11-16-00-00", "latency": 138}, {"date": "2023-09-11-16-00-00", "latency": 138}, {"date": "2023-09-11-16-00-00", "latency": 138}, {"date": "2023-09-11-16-00-00", "latency": 305}, {"date": "2023-09-11-16-00-00", "latency": 305}, {"date": "2023-09-11-16-00-00", "latency": 305}, {"date": "2023-09-11-20-00-00", "latency": 73}, {"date": "2023-09-11-20-00-00", "latency": 73}, {"date": "2023-09-11-20-00-00", "latency": 73}, {"date": "2023-09-11-20-00-00", "latency": 73}, {"date": "2023-09-11-20-00-00", "latency": 73}, {"date": "2023-09-11-20-00-00", "latency": 73}, {"date": "2023-09-11-20-00-00", "latency": 73}, {"date": "2023-09-11-20-00-00", "latency": 73}, {"date": "2023-09-11-20-00-00", "latency": 73}, {"date": "2023-09-11-20-00-00", "latency": 73}, {"date": "2023-09-11-20-00-00", "latency": 73}]}, {"location": {"country_code": "td"}, "game_id": "128974", "values": [{"date": "2023-09-11-20-00-00", "latency": 87}, {"date": "2023-09-11-20-00-00", "latency": 87}, {"date": "2023-09-11-20-00-00", "latency": 87}, {"date": "2023-09-11-20-00-00", "latency": 87}, {"date": "2023-09-11-20-00-00", "latency": 87}, {"date": "2023-09-11-20-00-00", "latency": 87}, {"date": "2023-09-11-20-00-00", "latency": 87}, {"date": "2023-09-11-20-00-00", "latency": 87}, {"date": "2023-09-11-20-00-00", "latency": 87}, {"date": "2023-09-11-20-00-00", "latency": 87}, {"date": "2023-09-11-20-00-00", "latency": 87}]}, {"location": {"country_code": "us", "region": "Florida", "city": "Jacksonville"}, "game_id": "128974", "values": [{"date": "2023-09-11-04-00-00", "latency": 114}, {"date": "2023-09-11-04-00-00", "latency": 114}]}, {"location": {"country_code": "kr"}, "game_id": "128974", "values": [{"date": "2023-09-11-11-00-00", "latency": 53}]}, {"location": {"country_code": "es"}, "game_id": "128974", "values": [{"date": "2023-09-12-01-00-00", "latency": 63}, {"date": "2023-09-12-01-00-00", "latency": 63}, {"date": "2023-09-11-22-00-00", "latency": 76}, {"date": "2023-09-11-22-00-00", "latency": 76}]}, {"location": {"country_code": "sa"}, "game_id": "128974", "values": [{"date": "2023-09-11-22-00-00", "latency": 191}, {"date": "2023-09-11-10-00-00", "latency": 89}, {"date": "2023-09-11-10-00-00", "latency": 89}, {"date": "2023-09-11-10-00-00", "latency": 89}, {"date": "2023-09-11-10-00-00", "latency": 89}, {"date": "2023-09-11-10-00-00", "latency": 89}, {"date": "2023-09-11-10-00-00", "latency": 89}, {"date": "2023-09-11-10-00-00", "latency": 89}, {"date": "2023-09-11-10-00-00", "latency": 89}, {"date": "2023-09-11-10-00-00", "latency": 89}, {"date": "2023-09-12-01-00-00", "latency": 151}, {"date": "2023-09-12-01-00-00", "latency": 151}, {"date": "2023-09-11-22-00-00", "latency": 149}, {"date": "2023-09-11-22-00-00", "latency": 149}, {"date": "2023-09-11-22-00-00", "latency": 149}, {"date": "2023-09-11-19-00-00", "latency": 76}]}, {"location": {"country_code": "gb", "region": "Northern Ireland"}, "game_id": "128974", "values": [{"date": "2023-09-11-22-00-00", "latency": 62}]}, {"location": {"country_code": "fi"}, "game_id": "128974", "values": [{"date": "2023-09-11-15-00-00", "latency": 71}, {"date": "2023-09-11-15-00-00", "latency": 71}, {"date": "2023-09-11-15-00-00", "latency": 71}, {"date": "2023-09-11-15-00-00", "latency": 71}, {"date": "2023-09-11-15-00-00", "latency": 71}, {"date": "2023-09-11-15-00-00", "latency": 71}, {"date": "2023-09-11-15-00-00", "latency": 71}, {"date": "2023-09-11-15-00-00", "latency": 71}, {"date": "2023-09-11-15-00-00", "latency": 71}, {"date": "2023-09-11-15-00-00", "latency": 71}]}, {"location": {"country_code": "us", "region": "Massachusetts", "city": "Fall River"}, "game_id": "128974", "values": [{"date": "2023-09-11-04-00-00", "latency": 67}]}, {"location": {"country_code": "ru", "region": "Moscow", "city": "Zelenograd"}, "game_id": "128974", "values": [{"date": "2023-09-11-22-00-00", "latency": 49}, {"date": "2023-09-11-22-00-00", "latency": 49}, {"date": "2023-09-11-22-00-00", "latency": 49}, {"date": "2023-09-11-22-00-00", "latency": 49}, {"date": "2023-09-11-22-00-00", "latency": 49}, {"date": "2023-09-11-22-00-00", "latency": 49}, {"date": "2023-09-11-22-00-00", "latency": 49}, {"date": "2023-09-11-22-00-00", "latency": 49}, {"date": "2023-09-11-22-00-00", "latency": 49}, {"date": "2023-09-11-22-00-00", "latency": 49}]}, {"location": {"country_code": "us", "region": "North Carolina", "city": "Charlotte"}, "game_id": "128974", "values": [{"date": "2023-09-11-20-00-00", "latency": 124}, {"date": "2023-09-11-20-00-00", "latency": 124}]}, {"location": {"country_code": "us", "region": "Wisconsin", "city": "Milwaukee"}, "game_id": "128974", "values": [{"date": "2023-09-11-08-00-00", "latency": 62}]}, {"location": {"country_code": "us", "region": "Texas", "city": "Houston"}, "game_id": "128974", "values": [{"date": "2023-09-12-01-00-00", "latency": 39}, {"date": "2023-09-12-01-00-00", "latency": 39}, {"date": "2023-09-11-06-00-00", "latency": 162}]}, {"location": {"country_code": "us", "region": "Michigan"}, "game_id": "128974", "values": [{"date": "2023-09-12-01-00-00", "latency": 131}]}, {"location": {"country_code": "at"}, "game_id": "128974", "values": [{"date": "2023-09-11-14-00-00", "latency": 136}, {"date": "2023-09-11-14-00-00", "latency": 136}, {"date": "2023-09-11-14-00-00", "latency": 136}, {"date": "2023-09-11-14-00-00", "latency": 136}, {"date": "2023-09-11-14-00-00", "latency": 136}]}, {"location": {"country_code": "us", "region": "California", "city": "Chula Vista"}, "game_id": "128974", "values": [{"date": "2023-09-11-03-00-00", "latency": 82}]}, {"location": {"country_code": "gb", "region": "England", "city": "London"}, "game_id": "128974", "values": [{"date": "2023-09-11-14-00-00", "latency": 117}]}, {"location": {"country_code": "pe"}, "game_id": "128974", "values": [{"date": "2023-09-11-03-00-00", "latency": 207}]}, {"location": {"country_code": "ua"}, "game_id": "128974", "values": [{"date": "2023-09-11-19-00-00", "latency": 82}, {"date": "2023-09-11-19-00-00", "latency": 82}, {"date": "2023-09-11-19-00-00", "latency": 82}, {"date": "2023-09-11-22-00-00", "latency": 99}]}, {"location": {"country_code": "mx", "region": "Michoacan"}, "game_id": "128974", "values": [{"date": "2023-09-11-06-00-00", "latency": 113}]}, {"location": {"country_code": "sg"}, "game_id": "128974", "values": [{"date": "2023-09-11-18-00-00", "latency": 91}]}, {"location": {"country_code": "us", "region": "District of Columbia", "city": "Washington"}, "game_id": "128974", "values": [{"date": "2023-09-11-14-00-00", "latency": 77}, {"date": "2023-09-11-14-00-00", "latency": 77}, {"date": "2023-09-12-01-00-00", "latency": 70}]}, {"location": {"country_code": "do"}, "game_id": "128974", "values": [{"date": "2023-09-11-05-00-00", "latency": 92}, {"date": "2023-09-11-05-00-00", "latency": 92}, {"date": "2023-09-11-05-00-00", "latency": 92}, {"date": "2023-09-11-05-00-00", "latency": 92}]}, {"location": {"country_code": "my"}, "game_id": "128974", "values": [{"date": "2023-09-11-10-00-00", "latency": 105}, {"date": "2023-09-11-10-00-00", "latency": 105}, {"date": "2023-09-11-10-00-00", "latency": 105}]}, {"location": {"country_code": "pt"}, "game_id": "128974", "values": [{"date": "2023-09-12-00-00-00", "latency": 89}, {"date": "2023-09-12-00-00-00", "latency": 89}, {"date": "2023-09-12-00-00-00", "latency": 89}]}, {"location": {"country_code": "fr", "region": "Aquitania-Limosino-Poitou-Charentes"}, "game_id": "128974", "values": [{"date": "2023-09-11-07-00-00", "latency": 87}, {"date": "2023-09-11-07-00-00", "latency": 87}, {"date": "2023-09-11-07-00-00", "latency": 87}]}, {"location": {"country_code": "us", "region": "Minnesota"}, "game_id": "128974", "values": [{"date": "2023-09-11-06-00-00", "latency": 141}, {"date": "2023-09-11-07-00-00", "latency": 82}, {"date": "2023-09-11-07-00-00", "latency": 82}, {"date": "2023-09-11-07-00-00", "latency": 82}]}, {"location": {"country_code": "us", "region": "Tennessee"}, "game_id": "128974", "values": [{"date": "2023-09-11-18-00-00", "latency": 149}, {"date": "2023-09-11-18-00-00", "latency": 149}]}, {"location": {"country_code": "us", "region": "Massachusetts", "city": "Boston"}, "game_id": "128974", "values": [{"date": "2023-09-11-06-00-00", "latency": 79}]}, {"location": {"country_code": "us", "region": "Arizona", "city": "Phoenix"}, "game_id": "128974", "values": [{"date": "2023-09-11-06-00-00", "latency": 73}]}, {"location": {"country_code": "kw"}, "game_id": "128974", "values": [{"date": "2023-09-11-20-00-00", "latency": 133}, {"date": "2023-09-11-20-00-00", "latency": 133}]}, {"location": {"country_code": "us", "region": "Maryland"}, "game_id": "128974", "values": [{"date": "2023-09-12-02-00-00", "latency": 92}, {"date": "2023-09-12-02-00-00", "latency": 92}, {"date": "2023-09-12-02-00-00", "latency": 92}]}, {"location": {"country_code": "pt", "region": "Lisbon District", "city": "Amadora"}, "game_id": "128974", "values": [{"date": "2023-09-11-20-00-00", "latency": 201}]}, {"location": {"country_code": "us", "region": "Georgia", "city": "Atlanta"}, "game_id": "128974", "values": [{"date": "2023-09-11-22-00-00", "latency": 61}]}, {"location": {"country_code": "ca", "region": "Ontario", "city": "Ottawa"}, "game_id": "128974", "values": [{"date": "2023-09-11-22-00-00", "latency": 173}]}, {"location": {"country_code": "be", "region": "Liege Province", "city": "Liege"}, "game_id": "128974", "values": [{"date": "2023-09-11-22-00-00", "latency": 63}, {"date": "2023-09-11-22-00-00", "latency": 63}, {"date": "2023-09-11-22-00-00", "latency": 63}]}, {"location": {"country_code": "ca", "region": "British Columbia"}, "game_id": "128974", "values": [{"date": "2023-09-12-00-00-00", "latency": 93}, {"date": "2023-09-12-00-00-00", "latency": 93}, {"date": "2023-09-12-00-00-00", "latency": 93}, {"date": "2023-09-12-00-00-00", "latency": 93}, {"date": "2023-09-12-00-00-00", "latency": 93}, {"date": "2023-09-12-00-00-00", "latency": 93}, {"date": "2023-09-12-00-00-00", "latency": 93}, {"date": "2023-09-12-00-00-00", "latency": 93}, {"date": "2023-09-12-00-00-00", "latency": 93}, {"date": "2023-09-12-00-00-00", "latency": 93}]}, {"location": {"country_code": "gb", "region": "England", "city": "Salford"}, "game_id": "128974", "values": [{"date": "2023-09-11-17-00-00", "latency": 100}]}, {"location": {"country_code": "ht"}, "game_id": "128974", "values": [{"date": "2023-09-11-04-00-00", "latency": 102}, {"date": "2023-09-11-04-00-00", "latency": 102}]}, {"location": {"country_code": "es", "region": "Madrid"}, "game_id": "128974", "values": [{"date": "2023-09-11-22-00-00", "latency": 66}, {"date": "2023-09-11-22-00-00", "latency": 66}, {"date": "2023-09-11-22-00-00", "latency": 66}, {"date": "2023-09-11-22-00-00", "latency": 66}, {"date": "2023-09-11-22-00-00", "latency": 66}, {"date": "2023-09-11-22-00-00", "latency": 66}, {"date": "2023-09-11-22-00-00", "latency": 66}, {"date": "2023-09-11-22-00-00", "latency": 66}, {"date": "2023-09-11-22-00-00", "latency": 66}, {"date": "2023-09-11-22-00-00", "latency": 66}, {"date": "2023-09-11-22-00-00", "latency": 66}, {"date": "2023-09-11-22-00-00", "latency": 66}, {"date": "2023-09-11-22-00-00", "latency": 66}, {"date": "2023-09-11-22-00-00", "latency": 66}, {"date": "2023-09-11-22-00-00", "latency": 66}, {"date": "2023-09-11-22-00-00", "latency": 66}, {"date": "2023-09-11-22-00-00", "latency": 66}, {"date": "2023-09-11-22-00-00", "latency": 66}]}, {"location": {"country_code": "ca", "region": "Alberta", "city": "Calgary"}, "game_id": "128974", "values": [{"date": "2023-09-11-06-00-00", "latency": 110}]}, {"location": {"country_code": "ne"}, "game_id": "128974", "values": [{"date": "2023-09-11-23-00-00", "latency": 86}, {"date": "2023-09-11-23-00-00", "latency": 86}]}, {"location": {"country_code": "ro", "region": "Bucharest"}, "game_id": "128974", "values": [{"date": "2023-09-11-19-00-00", "latency": 68}, {"date": "2023-09-11-19-00-00", "latency": 68}, {"date": "2023-09-11-19-00-00", "latency": 68}, {"date": "2023-09-11-19-00-00", "latency": 68}, {"date": "2023-09-11-19-00-00", "latency": 68}]}, {"location": {"country_code": "es", "region": "Valencia", "city": "Gandia"}, "game_id": "128974", "values": [{"date": "2023-09-11-23-00-00", "latency": 147}, {"date": "2023-09-11-23-00-00", "latency": 147}]}, {"location": {"country_code": "sa", "region": "Riyadh Region", "city": "Wadi Ad Dawasir"}, "game_id": "128974", "values": [{"date": "2023-09-11-05-00-00", "latency": 68}]}, {"location": {"country_code": "us", "region": "Georgia", "city": "Fort Stewart"}, "game_id": "128974", "values": [{"date": "2023-09-11-04-00-00", "latency": 94}, {"date": "2023-09-11-04-00-00", "latency": 94}]}, {"location": {"country_code": "br", "region": "Sao Paulo", "city": "Peruibe"}, "game_id": "128974", "values": [{"date": "2023-09-11-03-00-00", "latency": 163}, {"date": "2023-09-11-03-00-00", "latency": 163}]}, {"location": {"country_code": "it", "region": "Sicily"}, "game_id": "128974", "values": [{"date": "2023-09-11-22-00-00", "latency": 67}, {"date": "2023-09-11-22-00-00", "latency": 67}]}, {"location": {"country_code": "fr", "region": "Occitanie", "city": "Nimes"}, "game_id": "128974", "values": [{"date": "2023-09-11-20-00-00", "latency": 69}]}, {"location": {"country_code": "us", "region": "California", "city": "Irvine"}, "game_id": "128974", "values": [{"date": "2023-09-11-06-00-00", "latency": 63}, {"date": "2023-09-11-06-00-00", "latency": 63}]}, {"location": {"country_code": "es", "region": "Catalonia", "city": "Mataro"}, "game_id": "128974", "values": [{"date": "2023-09-11-17-00-00", "latency": 61}]}, {"location": {"country_code": "sa", "region": "Mecca Region", "city": "Mecca"}, "game_id": "128974", "values": [{"date": "2023-09-11-05-00-00", "latency": 180}]}, {"location": {"country_code": "sa", "region": "'Asir Region", "city": "Abha"}, "game_id": "128974", "values": [{"date": "2023-09-11-22-00-00", "latency": 93}]}, {"location": {"country_code": "gg"}, "game_id": "128974", "values": [{"date": "2023-09-11-16-00-00", "latency": 69}, {"date": "2023-09-11-16-00-00", "latency": 69}]}, {"location": {"country_code": "us", "region": "California", "city": "Corona"}, "game_id": "128974", "values": [{"date": "2023-09-11-04-00-00", "latency": 86}]}, {"location": {"country_code": "mz", "region": "Zambezia"}, "game_id": "128974", "values": [{"date": "2023-09-11-03-00-00", "latency": 86}, {"date": "2023-09-11-03-00-00", "latency": 86}]}, {"location": {"country_code": "de", "region": "Free State of Thuringia", "city": "Jena"}, "game_id": "128974", "values": [{"date": "2023-09-11-09-00-00", "latency": 61}, {"date": "2023-09-11-09-00-00", "latency": 61}, {"date": "2023-09-11-09-00-00", "latency": 61}, {"date": "2023-09-11-09-00-00", "latency": 61}, {"date": "2023-09-11-09-00-00", "latency": 61}]}, {"location": {"country_code": "us", "region": "California", "city": "Paso Robles"}, "game_id": "128974", "values": [{"date": "2023-09-11-21-00-00", "latency": 97}]}, {"location": {"country_code": "fr", "region": "Ile-de-France Region", "city": "Mennecy"}, "game_id": "128974", "values": [{"date": "2023-09-11-10-00-00", "latency": 133}, {"date": "2023-09-11-10-00-00", "latency": 133}, {"date": "2023-09-11-10-00-00", "latency": 133}, {"date": "2023-09-11-10-00-00", "latency": 133}, {"date": "2023-09-11-10-00-00", "latency": 133}, {"date": "2023-09-11-10-00-00", "latency": 133}, {"date": "2023-09-11-10-00-00", "latency": 133}, {"date": "2023-09-11-10-00-00", "latency": 133}, {"date": "2023-09-11-10-00-00", "latency": 133}, {"date": "2023-09-11-10-00-00", "latency": 133}, {"date": "2023-09-11-10-00-00", "latency": 133}, {"date": "2023-09-11-10-00-00", "latency": 133}, {"date": "2023-09-11-10-00-00", "latency": 133}, {"date": "2023-09-11-10-00-00", "latency": 133}, {"date": "2023-09-11-10-00-00", "latency": 133}, {"date": "2023-09-11-10-00-00", "latency": 133}, {"date": "2023-09-11-10-00-00", "latency": 133}]}, {"location": {"country_code": "jp", "region": "Chiyoda"}, "game_id": "128974", "values": [{"date": "2023-09-12-01-00-00", "latency": 215}, {"date": "2023-09-12-01-00-00", "latency": 215}, {"date": "2023-09-12-01-00-00", "latency": 215}, {"date": "2023-09-12-01-00-00", "latency": 215}]}, {"location": {"country_code": "jp", "region": "Shizuoka", "city": "Hamamatsu"}, "game_id": "128974", "values": [{"date": "2023-09-11-11-00-00", "latency": 68}, {"date": "2023-09-11-11-00-00", "latency": 68}, {"date": "2023-09-11-11-00-00", "latency": 68}]}], "last_updated": 1719927445.660748}