{"data": [{"location": {"country_code": "cu"}, "game_id": "464426", "values": [{"date": "2024-04-07-21-00-00", "alternatives": ["42", "42", "142"]}, {"date": "2024-04-07-23-00-00", "alternatives": ["20", "20", "280"]}]}, {"location": {"country_code": "nz"}, "game_id": "464426", "values": [{"date": "2024-04-07-05-00-00", "alternatives": ["188", "188", "2188"]}, {"date": "2024-04-07-06-00-00", "alternatives": ["76", "78", "78"]}, {"date": "2024-04-07-06-00-00", "alternatives": ["76", "78", "78"]}, {"date": "2024-04-07-12-00-00", "alternatives": ["40", "48", "48"]}, {"date": "2024-04-07-12-00-00", "alternatives": ["40", "48", "48"]}, {"date": "2024-04-07-11-00-00", "alternatives": ["1", "44", "44"]}]}, {"location": {"country_code": "us"}, "game_id": "464426", "values": [{"date": "2024-04-08-02-00-00", "alternatives": ["40", "40", "48"]}, {"date": "2024-04-08-02-00-00", "alternatives": ["40", "40", "48"]}, {"date": "2024-04-07-20-00-00", "alternatives": ["20", "24", "24"]}, {"date": "2024-04-07-20-00-00", "alternatives": ["20", "24", "24"]}, {"date": "2024-04-07-05-00-00", "alternatives": ["35", "35", "15"]}, {"date": "2024-04-07-11-00-00", "alternatives": [45, 49, 45, 45]}, {"date": "2024-04-07-11-00-00", "alternatives": [45, 49, 45, 45]}, {"date": "2024-04-07-07-00-00", "alternatives": [47, 147, 37, 47, 47]}, {"date": "2024-04-07-07-00-00", "alternatives": [47, 147, 37, 47, 47]}, {"date": "2024-04-07-08-00-00", "alternatives": ["14", "1", "14"]}, {"date": "2024-04-07-05-00-00", "alternatives": ["19", "61", "19"]}, {"date": "2024-04-07-05-00-00", "alternatives": ["19", "61", "19"]}, {"date": "2024-04-07-05-00-00", "alternatives": ["19", "61", "19"]}, {"date": "2024-04-07-12-00-00", "alternatives": ["40", "40", "48"]}, {"date": "2024-04-07-20-00-00", "alternatives": ["38", "38", "8"]}, {"date": "2024-04-07-20-00-00", "alternatives": ["38", "38", "8"]}, {"date": "2024-04-07-20-00-00", "alternatives": ["38", "38", "8"]}, {"date": "2024-04-07-20-00-00", "alternatives": ["38", "38", "8"]}, {"date": "2024-04-07-20-00-00", "alternatives": ["38", "38", "8"]}, {"date": "2024-04-07-20-00-00", "alternatives": ["38", "38", "8"]}, {"date": "2024-04-07-20-00-00", "alternatives": ["38", "38", "8"]}, {"date": "2024-04-07-20-00-00", "alternatives": ["38", "38", "8"]}, {"date": "2024-04-07-07-00-00", "alternatives": ["14", "14", "18"]}, {"date": "2024-04-07-03-00-00", "alternatives": ["126", "126", "2126"]}, {"date": "2024-04-07-03-00-00", "alternatives": [36, 38, 386, 36, 36]}, {"date": "2024-04-07-20-00-00", "alternatives": ["26", "26", "28"]}, {"date": "2024-04-07-20-00-00", "alternatives": ["26", "26", "28"]}, {"date": "2024-04-07-20-00-00", "alternatives": ["26", "26", "28"]}, {"date": "2024-04-07-20-00-00", "alternatives": ["26", "26", "28"]}, {"date": "2024-04-07-20-00-00", "alternatives": ["26", "26", "28"]}, {"date": "2024-04-07-20-00-00", "alternatives": ["26", "26", "28"]}, {"date": "2024-04-07-04-00-00", "alternatives": ["87", "7", "7"]}, {"date": "2024-04-07-11-00-00", "alternatives": ["10", "10", "180"]}, {"date": "2024-04-07-03-00-00", "alternatives": ["39", "739", "39"]}, {"date": "2024-04-07-15-00-00", "alternatives": ["3", "2", "3"]}, {"date": "2024-04-07-15-00-00", "alternatives": ["3", "2", "3"]}, {"date": "2024-04-07-15-00-00", "alternatives": ["3", "2", "3"]}, {"date": "2024-04-07-15-00-00", "alternatives": ["3", "2", "3"]}, {"date": "2024-04-07-15-00-00", "alternatives": ["3", "2", "3"]}, {"date": "2024-04-07-15-00-00", "alternatives": ["3", "2", "3"]}, {"date": "2024-04-07-06-00-00", "alternatives": ["35", "98", "35"]}, {"date": "2024-04-07-09-00-00", "alternatives": ["76", "76", "6"]}, {"date": "2024-04-07-09-00-00", "alternatives": ["76", "76", "6"]}, {"date": "2024-04-07-09-00-00", "alternatives": ["76", "76", "6"]}, {"date": "2024-04-08-02-00-00", "alternatives": [3, 68, 39, 39, 39]}, {"date": "2024-04-07-23-00-00", "alternatives": ["52", "752", "52"]}, {"date": "2024-04-07-23-00-00", "alternatives": ["52", "752", "52"]}, {"date": "2024-04-07-23-00-00", "alternatives": ["52", "752", "52"]}, {"date": "2024-04-07-23-00-00", "alternatives": ["52", "752", "52"]}, {"date": "2024-04-07-23-00-00", "alternatives": ["52", "752", "52"]}, {"date": "2024-04-07-18-00-00", "alternatives": ["32", "32", "732"]}, {"date": "2024-04-07-18-00-00", "alternatives": ["32", "32", "732"]}, {"date": "2024-04-07-18-00-00", "alternatives": ["32", "32", "732"]}, {"date": "2024-04-07-03-00-00", "alternatives": ["1", "14", "14"]}, {"date": "2024-04-07-03-00-00", "alternatives": ["1", "14", "14"]}, {"date": "2024-04-07-22-00-00", "alternatives": [6, 2, 28, 28, 28]}, {"date": "2024-04-07-23-00-00", "alternatives": ["45", "45", "49"]}, {"date": "2024-04-07-16-00-00", "alternatives": ["73", "273", "73"]}, {"date": "2024-04-07-09-00-00", "alternatives": ["19", "19", "119"]}, {"date": "2024-04-07-09-00-00", "alternatives": ["19", "19", "119"]}, {"date": "2024-04-08-00-00-00", "alternatives": ["52", "52", "892"]}, {"date": "2024-04-07-21-00-00", "alternatives": ["40", "40", "480"]}, {"date": "2024-04-07-21-00-00", "alternatives": ["40", "40", "480"]}, {"date": "2024-04-07-19-00-00", "alternatives": ["29", "129", "29"]}, {"date": "2024-04-07-19-00-00", "alternatives": ["29", "129", "29"]}, {"date": "2024-04-07-21-00-00", "alternatives": ["107", "107", "187"]}, {"date": "2024-04-07-13-00-00", "alternatives": ["67", "67", "7"]}, {"date": "2024-04-07-13-00-00", "alternatives": ["67", "67", "7"]}, {"date": "2024-04-07-13-00-00", "alternatives": ["67", "67", "7"]}, {"date": "2024-04-07-13-00-00", "alternatives": ["67", "67", "7"]}, {"date": "2024-04-07-10-00-00", "alternatives": ["35", "35", "139"]}, {"date": "2024-04-07-20-00-00", "alternatives": ["20", "29", "20"]}, {"date": "2024-04-07-20-00-00", "alternatives": ["20", "29", "20"]}, {"date": "2024-04-08-02-00-00", "alternatives": ["26", "26", "20"]}, {"date": "2024-04-08-02-00-00", "alternatives": ["26", "26", "20"]}, {"date": "2024-04-08-02-00-00", "alternatives": ["26", "26", "20"]}, {"date": "2024-04-08-02-00-00", "alternatives": ["26", "26", "20"]}, {"date": "2024-04-08-02-00-00", "alternatives": ["26", "26", "20"]}, {"date": "2024-04-08-02-00-00", "alternatives": ["26", "26", "20"]}, {"date": "2024-04-08-02-00-00", "alternatives": ["26", "26", "20"]}, {"date": "2024-04-07-04-00-00", "alternatives": ["10", "18", "18"]}, {"date": "2024-04-07-06-00-00", "alternatives": ["8", "18", "18"]}, {"date": "2024-04-07-04-00-00", "alternatives": ["18", "18", "218"]}, {"date": "2024-04-07-23-00-00", "alternatives": ["63", "63", "3"]}, {"date": "2024-04-07-08-00-00", "alternatives": ["46", "46", "4"]}, {"date": "2024-04-07-23-00-00", "alternatives": ["31", "31", "8"]}, {"date": "2024-04-08-01-00-00", "alternatives": ["45", "45", "848"]}, {"date": "2024-04-07-22-00-00", "alternatives": ["27", "7", "7"]}, {"date": "2024-04-07-22-00-00", "alternatives": ["27", "7", "7"]}, {"date": "2024-04-08-02-00-00", "alternatives": ["20", "2", "20"]}, {"date": "2024-04-07-07-00-00", "alternatives": ["53", "53", "93"]}, {"date": "2024-04-08-00-00-00", "alternatives": ["30", "3", "3"]}]}, {"location": {"country_code": "us", "region": "Florida"}, "game_id": "464426", "values": [{"date": "2024-04-08-02-00-00", "alternatives": ["45", "45", "43"]}, {"date": "2024-04-07-09-00-00", "alternatives": ["62", "02", "2"]}, {"date": "2024-04-07-07-00-00", "alternatives": ["75", "75", "78"]}, {"date": "2024-04-07-07-00-00", "alternatives": ["6", "14", "14"]}, {"date": "2024-04-07-09-00-00", "alternatives": [25, 125, 729, 25, 25, 25]}, {"date": "2024-04-07-09-00-00", "alternatives": [25, 125, 729, 25, 25, 25]}, {"date": "2024-04-07-09-00-00", "alternatives": [25, 125, 729, 25, 25, 25]}, {"date": "2024-04-07-09-00-00", "alternatives": [25, 125, 729, 25, 25, 25]}, {"date": "2024-04-07-09-00-00", "alternatives": [25, 125, 729, 25, 25, 25]}, {"date": "2024-04-07-09-00-00", "alternatives": [25, 125, 729, 25, 25, 25]}, {"date": "2024-04-07-09-00-00", "alternatives": [25, 125, 729, 25, 25, 25]}, {"date": "2024-04-07-09-00-00", "alternatives": [25, 125, 729, 25, 25, 25]}, {"date": "2024-04-07-09-00-00", "alternatives": [25, 125, 729, 25, 25, 25]}, {"date": "2024-04-07-05-00-00", "alternatives": [59, 53, 93, 53, 53]}, {"date": "2024-04-07-22-00-00", "alternatives": ["11", "1", "11"]}, {"date": "2024-04-07-22-00-00", "alternatives": ["11", "1", "11"]}, {"date": "2024-04-07-18-00-00", "alternatives": ["18", "8", "18"]}, {"date": "2024-04-07-23-00-00", "alternatives": ["34", "3", "34"]}, {"date": "2024-04-07-23-00-00", "alternatives": ["34", "3", "34"]}, {"date": "2024-04-07-07-00-00", "alternatives": ["41", "1", "41"]}, {"date": "2024-04-07-15-00-00", "alternatives": ["67", "87", "87"]}, {"date": "2024-04-07-15-00-00", "alternatives": ["67", "87", "87"]}, {"date": "2024-04-07-04-00-00", "alternatives": ["48", "48", "88"]}, {"date": "2024-04-08-01-00-00", "alternatives": [57, 787, 57, 57]}, {"date": "2024-04-08-01-00-00", "alternatives": [57, 787, 57, 57]}]}, {"location": {"country_code": "us", "region": "California"}, "game_id": "464426", "values": [{"date": "2024-04-07-09-00-00", "alternatives": ["24", "24", "28"]}, {"date": "2024-04-07-12-00-00", "alternatives": ["2", "23", "23"]}, {"date": "2024-04-07-12-00-00", "alternatives": ["2", "23", "23"]}, {"date": "2024-04-07-03-00-00", "alternatives": ["59", "59", "798"]}, {"date": "2024-04-07-06-00-00", "alternatives": [20, 2, 28, 20, 20, 20]}, {"date": "2024-04-07-22-00-00", "alternatives": ["28", "20", "20"]}, {"date": "2024-04-07-22-00-00", "alternatives": ["28", "20", "20"]}, {"date": "2024-04-07-23-00-00", "alternatives": ["70", "74", "74"]}, {"date": "2024-04-07-23-00-00", "alternatives": ["70", "74", "74"]}, {"date": "2024-04-07-23-00-00", "alternatives": ["70", "74", "74"]}, {"date": "2024-04-07-23-00-00", "alternatives": ["70", "74", "74"]}, {"date": "2024-04-07-23-00-00", "alternatives": ["10", "10", "18"]}, {"date": "2024-04-07-23-00-00", "alternatives": ["10", "10", "18"]}, {"date": "2024-04-07-23-00-00", "alternatives": ["10", "10", "18"]}, {"date": "2024-04-07-23-00-00", "alternatives": ["10", "10", "18"]}, {"date": "2024-04-07-23-00-00", "alternatives": ["10", "10", "18"]}]}, {"location": {"country_code": "us", "region": "Ohio", "city": "Cleveland"}, "game_id": "464426", "values": [{"date": "2024-04-07-16-00-00", "alternatives": ["19", "19", "219"]}]}, {"location": {"country_code": "nz", "region": "Auckland", "city": "Auckland"}, "game_id": "464426", "values": [{"date": "2024-04-07-13-00-00", "alternatives": ["25", "25", "29"]}]}, {"location": {"country_code": "de", "region": "Berlin", "city": "Berlin"}, "game_id": "464426", "values": [{"date": "2024-04-07-18-00-00", "alternatives": ["0", "0", "3"]}, {"date": "2024-04-07-18-00-00", "alternatives": ["28", "28", "0728"]}, {"date": "2024-04-07-16-00-00", "alternatives": ["20", "20", "280"]}, {"date": "2024-04-07-14-00-00", "alternatives": ["52", "52", "92"]}]}, {"location": {"country_code": "us", "region": "New York", "city": "Jamestown"}, "game_id": "464426", "values": [{"date": "2024-04-07-18-00-00", "alternatives": ["5", "5", "1"]}, {"date": "2024-04-07-08-00-00", "alternatives": ["1", "21", "21"]}, {"date": "2024-04-07-02-00-00", "alternatives": [22, 122, 722, 22, 22]}, {"date": "2024-04-07-04-00-00", "alternatives": ["35", "35", "39"]}, {"date": "2024-04-07-21-00-00", "alternatives": ["5", "5", "4"]}, {"date": "2024-04-07-09-00-00", "alternatives": ["20", "2", "20"]}, {"date": "2024-04-07-06-00-00", "alternatives": ["5", "5", "9"]}, {"date": "2024-04-07-06-00-00", "alternatives": ["5", "5", "9"]}]}, {"location": {"country_code": "gb"}, "game_id": "464426", "values": [{"date": "2024-04-08-00-00-00", "alternatives": ["90", "90", "980"]}, {"date": "2024-04-08-00-00-00", "alternatives": ["90", "90", "980"]}, {"date": "2024-04-07-23-00-00", "alternatives": ["25", "25", "28"]}, {"date": "2024-04-07-21-00-00", "alternatives": ["158", "158", "188"]}, {"date": "2024-04-07-17-00-00", "alternatives": ["10", "10", "18"]}, {"date": "2024-04-08-01-00-00", "alternatives": ["99", "66", "99"]}, {"date": "2024-04-08-01-00-00", "alternatives": ["6", "6", "86"]}, {"date": "2024-04-08-01-00-00", "alternatives": ["6", "6", "86"]}, {"date": "2024-04-08-01-00-00", "alternatives": ["6", "6", "86"]}, {"date": "2024-04-08-01-00-00", "alternatives": ["6", "6", "86"]}, {"date": "2024-04-08-01-00-00", "alternatives": ["6", "6", "86"]}, {"date": "2024-04-08-01-00-00", "alternatives": ["6", "6", "86"]}, {"date": "2024-04-08-01-00-00", "alternatives": ["6", "6", "86"]}, {"date": "2024-04-08-01-00-00", "alternatives": ["6", "6", "86"]}, {"date": "2024-04-08-01-00-00", "alternatives": ["6", "6", "86"]}, {"date": "2024-04-07-23-00-00", "alternatives": ["19", "19", "219"]}, {"date": "2024-04-07-18-00-00", "alternatives": ["29", "29", "23"]}, {"date": "2024-04-07-03-00-00", "alternatives": ["19", "18", "18"]}, {"date": "2024-04-07-22-00-00", "alternatives": ["8", "8", "3"]}, {"date": "2024-04-07-22-00-00", "alternatives": ["8", "8", "3"]}, {"date": "2024-04-07-22-00-00", "alternatives": ["8", "8", "3"]}, {"date": "2024-04-07-22-00-00", "alternatives": ["8", "8", "3"]}, {"date": "2024-04-07-21-00-00", "alternatives": [9, 9, 9]}]}, {"location": {"country_code": "gb", "region": "Northern Ireland"}, "game_id": "464426", "values": [{"date": "2024-04-07-02-00-00", "alternatives": ["39", "38", "38"]}]}, {"location": {"country_code": "gr"}, "game_id": "464426", "values": [{"date": "2024-04-07-17-00-00", "alternatives": ["162", "152", "162"]}, {"date": "2024-04-07-17-00-00", "alternatives": ["162", "152", "162"]}]}, {"location": {"country_code": "pa"}, "game_id": "464426", "values": [{"date": "2024-04-07-20-00-00", "alternatives": ["103", "103", "183"]}, {"date": "2024-04-07-20-00-00", "alternatives": ["103", "103", "183"]}, {"date": "2024-04-07-20-00-00", "alternatives": ["103", "103", "183"]}, {"date": "2024-04-07-20-00-00", "alternatives": ["103", "103", "183"]}, {"date": "2024-04-07-20-00-00", "alternatives": ["103", "103", "183"]}]}, {"location": {"country_code": "nl"}, "game_id": "464426", "values": [{"date": "2024-04-07-03-00-00", "alternatives": ["1", "1", "18"]}, {"date": "2024-04-07-11-00-00", "alternatives": ["139", "139", "2139"]}, {"date": "2024-04-07-11-00-00", "alternatives": ["139", "139", "2139"]}, {"date": "2024-04-07-16-00-00", "alternatives": ["6", "6", "8"]}, {"date": "2024-04-07-16-00-00", "alternatives": ["6", "6", "8"]}, {"date": "2024-04-07-16-00-00", "alternatives": ["6", "6", "8"]}]}, {"location": {"country_code": "nl", "region": "Gelderland", "city": "Arnhem"}, "game_id": "464426", "values": [{"date": "2024-04-07-20-00-00", "alternatives": ["105", "105", "109"]}]}, {"location": {"country_code": "cz"}, "game_id": "464426", "values": [{"date": "2024-04-07-22-00-00", "alternatives": ["30", "30", "380"]}]}, {"location": {"country_code": "sk"}, "game_id": "464426", "values": [{"date": "2024-04-07-16-00-00", "alternatives": ["106", "106", "186"]}, {"date": "2024-04-07-16-00-00", "alternatives": ["106", "106", "186"]}, {"date": "2024-04-07-03-00-00", "alternatives": ["38", "3", "3"]}]}, {"location": {"country_code": "it"}, "game_id": "464426", "values": [{"date": "2024-04-08-00-00-00", "alternatives": [55, 455, 139, 55, 55, 55]}, {"date": "2024-04-07-19-00-00", "alternatives": [1, 4, 44, 44, 44]}, {"date": "2024-04-07-19-00-00", "alternatives": [1, 4, 44, 44, 44]}, {"date": "2024-04-07-23-00-00", "alternatives": [42436, 7, 36, 36, 36]}, {"date": "2024-04-07-19-00-00", "alternatives": ["112", "113", "112"]}, {"date": "2024-04-07-23-00-00", "alternatives": ["5", "5", "95"]}, {"date": "2024-04-07-17-00-00", "alternatives": ["102", "102", "182"]}, {"date": "2024-04-08-00-00-00", "alternatives": ["21", "21", "2"]}, {"date": "2024-04-08-00-00-00", "alternatives": [45, 2, 48, 45, 45]}, {"date": "2024-04-08-00-00-00", "alternatives": [45, 2, 48, 45, 45]}, {"date": "2024-04-07-17-00-00", "alternatives": ["419", "419", "19"]}, {"date": "2024-04-07-21-00-00", "alternatives": ["26", "2", "26"]}, {"date": "2024-04-07-22-00-00", "alternatives": ["15", "5", "15"]}, {"date": "2024-04-07-22-00-00", "alternatives": ["15", "5", "15"]}, {"date": "2024-04-07-22-00-00", "alternatives": ["15", "5", "15"]}, {"date": "2024-04-08-00-00-00", "alternatives": ["35", "35", "395"]}, {"date": "2024-04-08-00-00-00", "alternatives": ["35", "35", "395"]}, {"date": "2024-04-07-20-00-00", "alternatives": ["38", "38", "3"]}, {"date": "2024-04-07-16-00-00", "alternatives": ["416", "416", "116"]}, {"date": "2024-04-07-04-00-00", "alternatives": ["5", "5", "9"]}, {"date": "2024-04-07-22-00-00", "alternatives": [26, 426, 28, 26, 26]}, {"date": "2024-04-07-22-00-00", "alternatives": [26, 426, 28, 26, 26]}, {"date": "2024-04-07-22-00-00", "alternatives": [26, 426, 28, 26, 26]}, {"date": "2024-04-07-22-00-00", "alternatives": [26, 426, 28, 26, 26]}, {"date": "2024-04-07-22-00-00", "alternatives": ["0", "0", "18"]}, {"date": "2024-04-07-22-00-00", "alternatives": ["0", "0", "18"]}, {"date": "2024-04-07-22-00-00", "alternatives": ["0", "0", "18"]}]}, {"location": {"country_code": "ro"}, "game_id": "464426", "values": [{"date": "2024-04-07-21-00-00", "alternatives": ["10", "10", "18"]}, {"date": "2024-04-07-21-00-00", "alternatives": ["10", "10", "18"]}, {"date": "2024-04-07-16-00-00", "alternatives": ["35", "35", "39"]}, {"date": "2024-04-07-16-00-00", "alternatives": ["35", "35", "39"]}, {"date": "2024-04-07-23-00-00", "alternatives": ["44", "4", "44"]}, {"date": "2024-04-07-10-00-00", "alternatives": ["52", "52", "92"]}, {"date": "2024-04-07-10-00-00", "alternatives": ["52", "52", "92"]}, {"date": "2024-04-07-10-00-00", "alternatives": ["52", "52", "92"]}]}, {"location": {"country_code": "ca"}, "game_id": "464426", "values": [{"date": "2024-04-07-12-00-00", "alternatives": ["53", "53", "93"]}, {"date": "2024-04-07-18-00-00", "alternatives": ["35", "35", "389"]}, {"date": "2024-04-08-01-00-00", "alternatives": ["28", "2", "28"]}, {"date": "2024-04-08-00-00-00", "alternatives": ["40", "48", "48"]}, {"date": "2024-04-07-20-00-00", "alternatives": [26, 20, 28, 26, 26]}, {"date": "2024-04-07-04-00-00", "alternatives": ["19", "9", "19"]}, {"date": "2024-04-07-05-00-00", "alternatives": ["57", "57", "97"]}, {"date": "2024-04-07-04-00-00", "alternatives": ["24", "24", "28"]}, {"date": "2024-04-07-04-00-00", "alternatives": ["24", "24", "28"]}]}, {"location": {"country_code": "ch"}, "game_id": "464426", "values": [{"date": "2024-04-08-01-00-00", "alternatives": ["20", "2", "20"]}, {"date": "2024-04-07-16-00-00", "alternatives": ["35", "58", "35"]}, {"date": "2024-04-07-10-00-00", "alternatives": [814, 14, 14, 14]}, {"date": "2024-04-07-10-00-00", "alternatives": [814, 14, 14, 14]}]}, {"location": {"country_code": "de"}, "game_id": "464426", "values": [{"date": "2024-04-08-01-00-00", "alternatives": ["55", "55", "08"]}, {"date": "2024-04-08-01-00-00", "alternatives": ["55", "55", "08"]}, {"date": "2024-04-08-01-00-00", "alternatives": ["55", "55", "08"]}, {"date": "2024-04-07-17-00-00", "alternatives": ["29", "29", "729"]}, {"date": "2024-04-07-04-00-00", "alternatives": ["3", "3", "13"]}, {"date": "2024-04-07-06-00-00", "alternatives": ["20", "0228", "20"]}, {"date": "2024-04-07-18-00-00", "alternatives": ["25", "25", "29"]}, {"date": "2024-04-07-20-00-00", "alternatives": ["158", "158", "198"]}, {"date": "2024-04-07-21-00-00", "alternatives": ["11", "11", "201"]}, {"date": "2024-04-08-01-00-00", "alternatives": ["10", "0", "10"]}, {"date": "2024-04-07-13-00-00", "alternatives": ["26", "026", "1720"]}, {"date": "2024-04-07-13-00-00", "alternatives": ["26", "026", "1720"]}, {"date": "2024-04-07-13-00-00", "alternatives": ["26", "026", "1720"]}, {"date": "2024-04-07-13-00-00", "alternatives": ["26", "026", "1720"]}, {"date": "2024-04-07-23-00-00", "alternatives": ["55", "5", "5"]}, {"date": "2024-04-08-02-00-00", "alternatives": ["2", "2", "12"]}, {"date": "2024-04-07-21-00-00", "alternatives": ["15", "15", "19"]}, {"date": "2024-04-07-16-00-00", "alternatives": ["20", "020", "1220"]}, {"date": "2024-04-07-20-00-00", "alternatives": [22, 2, 12, 2, 2]}, {"date": "2024-04-07-14-00-00", "alternatives": ["18", "10", "10"]}, {"date": "2024-04-07-20-00-00", "alternatives": ["21", "221", "221"]}, {"date": "2024-04-07-19-00-00", "alternatives": [3, 13, 3, 3]}, {"date": "2024-04-07-20-00-00", "alternatives": ["10", "10", "180"]}, {"date": "2024-04-08-00-00-00", "alternatives": ["25", "25", "29"]}]}, {"location": {"country_code": "de", "region": "Lower Saxony", "city": "Nordhorn"}, "game_id": "464426", "values": [{"date": "2024-04-07-22-00-00", "alternatives": ["17", "7", "17"]}, {"date": "2024-04-07-22-00-00", "alternatives": ["17", "7", "17"]}]}, {"location": {"country_code": "gb", "region": "England"}, "game_id": "464426", "values": [{"date": "2024-04-07-11-00-00", "alternatives": ["78", "7", "78"]}, {"date": "2024-04-08-00-00-00", "alternatives": ["20", "20", "280"]}, {"date": "2024-04-07-14-00-00", "alternatives": ["21", "21", "721"]}]}, {"location": {"country_code": "gb", "region": "Scotland"}, "game_id": "464426", "values": [{"date": "2024-04-07-21-00-00", "alternatives": ["26", "28", "28"]}, {"date": "2024-04-07-22-00-00", "alternatives": ["108", "188", "188"]}]}, {"location": {"country_code": "cl"}, "game_id": "464426", "values": [{"date": "2024-04-08-02-00-00", "alternatives": ["154", "154", "158"]}, {"date": "2024-04-07-03-00-00", "alternatives": ["16", "16", "116"]}, {"date": "2024-04-07-04-00-00", "alternatives": ["170", "170", "178"]}, {"date": "2024-04-07-20-00-00", "alternatives": ["167", "167", "1167"]}]}, {"location": {"country_code": "us", "region": "Texas"}, "game_id": "464426", "values": [{"date": "2024-04-07-03-00-00", "alternatives": ["46", "46", "4"]}, {"date": "2024-04-08-01-00-00", "alternatives": ["59", "69", "59"]}, {"date": "2024-04-07-07-00-00", "alternatives": ["40", "40", "48"]}, {"date": "2024-04-07-08-00-00", "alternatives": ["34", "3", "34"]}, {"date": "2024-04-07-08-00-00", "alternatives": ["34", "3", "34"]}, {"date": "2024-04-07-18-00-00", "alternatives": ["26", "26", "286"]}, {"date": "2024-04-07-06-00-00", "alternatives": ["47", "47", "87"]}, {"date": "2024-04-07-06-00-00", "alternatives": ["59", "59", "99"]}, {"date": "2024-04-07-06-00-00", "alternatives": ["59", "59", "99"]}, {"date": "2024-04-07-06-00-00", "alternatives": ["32", "32", "34"]}, {"date": "2024-04-07-06-00-00", "alternatives": ["32", "32", "34"]}, {"date": "2024-04-07-08-00-00", "alternatives": [4, 5, 21, 21, 21]}, {"date": "2024-04-07-22-00-00", "alternatives": ["26", "26", "28"]}, {"date": "2024-04-07-22-00-00", "alternatives": ["26", "26", "28"]}, {"date": "2024-04-07-06-00-00", "alternatives": ["45", "45", "453"]}]}, {"location": {"country_code": "us", "region": "Texas", "city": "Irving"}, "game_id": "464426", "values": [{"date": "2024-04-07-09-00-00", "alternatives": ["41", "4", "41"]}, {"date": "2024-04-07-09-00-00", "alternatives": ["41", "4", "41"]}, {"date": "2024-04-07-20-00-00", "alternatives": ["45", "45", "48"]}, {"date": "2024-04-07-20-00-00", "alternatives": ["45", "45", "48"]}, {"date": "2024-04-07-05-00-00", "alternatives": ["54", "54", "548"]}, {"date": "2024-04-08-00-00-00", "alternatives": ["19", "19", "719"]}, {"date": "2024-04-08-00-00-00", "alternatives": ["19", "19", "719"]}, {"date": "2024-04-08-00-00-00", "alternatives": ["19", "19", "719"]}, {"date": "2024-04-07-14-00-00", "alternatives": ["20", "20", "28"]}, {"date": "2024-04-07-18-00-00", "alternatives": ["40", "40", "4"]}, {"date": "2024-04-07-18-00-00", "alternatives": ["40", "40", "4"]}]}, {"location": {"country_code": "au", "region": "New South Wales", "city": "Sydney"}, "game_id": "464426", "values": [{"date": "2024-04-07-15-00-00", "alternatives": ["16", "16", "18"]}, {"date": "2024-04-07-15-00-00", "alternatives": ["16", "16", "18"]}]}, {"location": {"country_code": "fr"}, "game_id": "464426", "values": [{"date": "2024-04-07-20-00-00", "alternatives": ["15", "15", "1"]}, {"date": "2024-04-07-22-00-00", "alternatives": ["14", "1", "14"]}, {"date": "2024-04-07-12-00-00", "alternatives": ["9", "9", "93"]}, {"date": "2024-04-07-16-00-00", "alternatives": [40, 4, 480, 40, 40]}, {"date": "2024-04-07-18-00-00", "alternatives": ["20", "20", "28"]}, {"date": "2024-04-07-18-00-00", "alternatives": ["20", "20", "28"]}, {"date": "2024-04-07-11-00-00", "alternatives": ["15", "15", "19"]}, {"date": "2024-04-07-06-00-00", "alternatives": ["98", "86", "98"]}, {"date": "2024-04-07-04-00-00", "alternatives": ["18", "18", "1"]}, {"date": "2024-04-07-05-00-00", "alternatives": ["28", "20", "28"]}, {"date": "2024-04-07-05-00-00", "alternatives": ["28", "20", "28"]}, {"date": "2024-04-07-05-00-00", "alternatives": ["28", "20", "28"]}, {"date": "2024-04-07-18-00-00", "alternatives": ["4", "0", "0"]}, {"date": "2024-04-07-19-00-00", "alternatives": ["7", "7", "1"]}, {"date": "2024-04-07-19-00-00", "alternatives": ["8", "8", "18"]}, {"date": "2024-04-07-20-00-00", "alternatives": ["16", "16", "18"]}]}, {"location": {"country_code": "fr", "region": "Normandy", "city": "Le Havre"}, "game_id": "464426", "values": [{"date": "2024-04-08-01-00-00", "alternatives": ["6", "6", "8"]}]}, {"location": {"country_code": "us", "region": "New Jersey"}, "game_id": "464426", "values": [{"date": "2024-04-07-20-00-00", "alternatives": [6, 52, 92, 52, 52]}, {"date": "2024-04-07-17-00-00", "alternatives": ["18", "1", "18"]}]}, {"location": {"country_code": "mx"}, "game_id": "464426", "values": [{"date": "2024-04-07-23-00-00", "alternatives": ["58", "58", "8"]}, {"date": "2024-04-07-23-00-00", "alternatives": ["58", "58", "8"]}, {"date": "2024-04-07-23-00-00", "alternatives": ["58", "58", "8"]}, {"date": "2024-04-07-23-00-00", "alternatives": ["58", "58", "8"]}, {"date": "2024-04-07-23-00-00", "alternatives": ["58", "58", "8"]}, {"date": "2024-04-07-04-00-00", "alternatives": ["83", "83", "3"]}, {"date": "2024-04-07-04-00-00", "alternatives": ["83", "83", "3"]}, {"date": "2024-04-08-00-00-00", "alternatives": ["73", "73", "173"]}, {"date": "2024-04-08-00-00-00", "alternatives": ["56", "56", "96"]}, {"date": "2024-04-08-00-00-00", "alternatives": ["56", "56", "96"]}, {"date": "2024-04-08-00-00-00", "alternatives": ["57", "57", "7"]}, {"date": "2024-04-08-00-00-00", "alternatives": ["57", "57", "7"]}, {"date": "2024-04-07-21-00-00", "alternatives": ["60", "80", "80"]}, {"date": "2024-04-07-21-00-00", "alternatives": ["60", "80", "80"]}, {"date": "2024-04-07-11-00-00", "alternatives": ["70", "70", "7"]}, {"date": "2024-04-07-05-00-00", "alternatives": ["51", "51", "91"]}, {"date": "2024-04-07-10-00-00", "alternatives": ["39", "39", "138"]}]}, {"location": {"country_code": "mx", "region": "Mexico City"}, "game_id": "464426", "values": [{"date": "2024-04-08-02-00-00", "alternatives": ["36", "38", "38"]}, {"date": "2024-04-08-02-00-00", "alternatives": ["36", "38", "38"]}, {"date": "2024-04-08-02-00-00", "alternatives": ["36", "38", "38"]}, {"date": "2024-04-07-04-00-00", "alternatives": ["4", "14", "14"]}]}, {"location": {"country_code": "mx", "region": "Chihuahua"}, "game_id": "464426", "values": [{"date": "2024-04-07-22-00-00", "alternatives": ["4", "25", "25"]}, {"date": "2024-04-07-22-00-00", "alternatives": ["4", "25", "25"]}]}, {"location": {"country_code": "us", "region": "Ohio"}, "game_id": "464426", "values": [{"date": "2024-04-08-01-00-00", "alternatives": ["15", "15", "19"]}, {"date": "2024-04-08-01-00-00", "alternatives": ["15", "15", "19"]}, {"date": "2024-04-07-04-00-00", "alternatives": [6, 41, 841, 41, 41]}, {"date": "2024-04-07-16-00-00", "alternatives": [30, 8, 380, 30, 30]}, {"date": "2024-04-07-16-00-00", "alternatives": [20, 26, 28, 26, 26]}]}, {"location": {"country_code": "rs"}, "game_id": "464426", "values": [{"date": "2024-04-08-00-00-00", "alternatives": ["40", "48", "48"]}]}, {"location": {"country_code": "br"}, "game_id": "464426", "values": [{"date": "2024-04-07-20-00-00", "alternatives": ["51", "51", "5"]}, {"date": "2024-04-07-20-00-00", "alternatives": ["51", "51", "5"]}, {"date": "2024-04-07-20-00-00", "alternatives": ["51", "51", "5"]}, {"date": "2024-04-07-20-00-00", "alternatives": ["51", "51", "5"]}, {"date": "2024-04-07-20-00-00", "alternatives": ["51", "51", "5"]}, {"date": "2024-04-07-20-00-00", "alternatives": ["51", "51", "5"]}, {"date": "2024-04-07-20-00-00", "alternatives": ["51", "51", "5"]}, {"date": "2024-04-07-20-00-00", "alternatives": ["51", "51", "5"]}, {"date": "2024-04-07-20-00-00", "alternatives": ["51", "51", "5"]}, {"date": "2024-04-07-20-00-00", "alternatives": ["51", "51", "5"]}, {"date": "2024-04-07-20-00-00", "alternatives": ["51", "51", "5"]}, {"date": "2024-04-07-20-00-00", "alternatives": ["51", "51", "5"]}, {"date": "2024-04-07-20-00-00", "alternatives": ["51", "51", "5"]}, {"date": "2024-04-07-20-00-00", "alternatives": ["51", "51", "5"]}, {"date": "2024-04-07-20-00-00", "alternatives": ["51", "51", "5"]}, {"date": "2024-04-07-20-00-00", "alternatives": ["51", "51", "5"]}, {"date": "2024-04-07-20-00-00", "alternatives": ["51", "51", "5"]}, {"date": "2024-04-07-20-00-00", "alternatives": ["51", "51", "5"]}, {"date": "2024-04-07-02-00-00", "alternatives": ["11", "11", "111"]}, {"date": "2024-04-07-08-00-00", "alternatives": ["25", "25", "2"]}, {"date": "2024-04-07-22-00-00", "alternatives": ["12", "112", "112"]}, {"date": "2024-04-07-22-00-00", "alternatives": ["12", "112", "112"]}, {"date": "2024-04-07-23-00-00", "alternatives": ["12", "12", "2"]}, {"date": "2024-04-07-03-00-00", "alternatives": ["12", "12", "112"]}, {"date": "2024-04-07-16-00-00", "alternatives": ["18", "18", "1"]}, {"date": "2024-04-07-20-00-00", "alternatives": ["10", "1432", "10"]}, {"date": "2024-04-07-20-00-00", "alternatives": ["10", "1432", "10"]}]}, {"location": {"country_code": "br", "region": "Sao Paulo", "city": "Apiai"}, "game_id": "464426", "values": [{"date": "2024-04-07-06-00-00", "alternatives": ["3", "3", "13"]}, {"date": "2024-04-07-07-00-00", "alternatives": ["3", "13", "13"]}, {"date": "2024-04-07-22-00-00", "alternatives": [3, 18, 13, 3, 3]}, {"date": "2024-04-07-07-00-00", "alternatives": ["2", "2", "12"]}]}, {"location": {"country_code": "se"}, "game_id": "464426", "values": [{"date": "2024-04-07-15-00-00", "alternatives": ["40", "40", "480"]}, {"date": "2024-04-07-05-00-00", "alternatives": ["89", "69", "89"]}]}, {"location": {"country_code": "no"}, "game_id": "464426", "values": [{"date": "2024-04-07-14-00-00", "alternatives": ["26", "26", "286"]}, {"date": "2024-04-07-15-00-00", "alternatives": ["42", "42", "82"]}, {"date": "2024-04-07-15-00-00", "alternatives": ["42", "42", "82"]}, {"date": "2024-04-07-22-00-00", "alternatives": ["28", "28", "20"]}]}, {"location": {"country_code": "us", "region": "California", "city": "East Los Angeles"}, "game_id": "464426", "values": [{"date": "2024-04-07-13-00-00", "alternatives": ["13", "3", "13"]}, {"date": "2024-04-07-13-00-00", "alternatives": ["13", "3", "13"]}, {"date": "2024-04-07-13-00-00", "alternatives": ["13", "3", "13"]}, {"date": "2024-04-07-06-00-00", "alternatives": ["25", "25", "29"]}, {"date": "2024-04-08-01-00-00", "alternatives": ["70", "70", "78"]}, {"date": "2024-04-08-01-00-00", "alternatives": ["70", "70", "78"]}, {"date": "2024-04-08-01-00-00", "alternatives": ["70", "70", "78"]}, {"date": "2024-04-08-01-00-00", "alternatives": ["70", "70", "78"]}, {"date": "2024-04-08-01-00-00", "alternatives": ["70", "70", "78"]}, {"date": "2024-04-08-01-00-00", "alternatives": ["70", "70", "78"]}, {"date": "2024-04-07-07-00-00", "alternatives": ["58", "58", "98"]}, {"date": "2024-04-07-07-00-00", "alternatives": ["58", "58", "98"]}, {"date": "2024-04-07-07-00-00", "alternatives": ["58", "58", "98"]}, {"date": "2024-04-07-07-00-00", "alternatives": ["58", "58", "98"]}, {"date": "2024-04-07-08-00-00", "alternatives": ["80", "80", "88"]}, {"date": "2024-04-07-07-00-00", "alternatives": ["73", "73", "13"]}, {"date": "2024-04-07-10-00-00", "alternatives": ["82", "2", "82"]}, {"date": "2024-04-07-10-00-00", "alternatives": ["82", "2", "82"]}, {"date": "2024-04-07-10-00-00", "alternatives": ["82", "2", "82"]}, {"date": "2024-04-07-10-00-00", "alternatives": ["82", "2", "82"]}, {"date": "2024-04-07-08-00-00", "alternatives": ["16", "16", "216"]}, {"date": "2024-04-07-05-00-00", "alternatives": [28, 128, 728, 28, 28]}, {"date": "2024-04-07-05-00-00", "alternatives": [28, 128, 728, 28, 28]}, {"date": "2024-04-07-14-00-00", "alternatives": ["10", "18", "10"]}, {"date": "2024-04-07-08-00-00", "alternatives": [5, 59, 58, 59, 59]}, {"date": "2024-04-07-08-00-00", "alternatives": [5, 59, 58, 59, 59]}]}, {"location": {"country_code": "us", "region": "New Mexico", "city": "Albuquerque"}, "game_id": "464426", "values": [{"date": "2024-04-07-05-00-00", "alternatives": ["28", "2", "2"]}, {"date": "2024-04-07-05-00-00", "alternatives": ["28", "2", "2"]}, {"date": "2024-04-08-02-00-00", "alternatives": ["19", "19", "219"]}, {"date": "2024-04-08-02-00-00", "alternatives": ["19", "19", "219"]}]}, {"location": {"country_code": "us", "region": "Florida", "city": "Tampa"}, "game_id": "464426", "values": [{"date": "2024-04-07-05-00-00", "alternatives": ["6", "18", "18"]}, {"date": "2024-04-07-05-00-00", "alternatives": ["6", "18", "18"]}, {"date": "2024-04-07-05-00-00", "alternatives": ["6", "18", "18"]}, {"date": "2024-04-08-02-00-00", "alternatives": ["25", "25", "23"]}, {"date": "2024-04-07-23-00-00", "alternatives": ["48", "48", "746"]}, {"date": "2024-04-08-01-00-00", "alternatives": [31, 3, 31, 31]}, {"date": "2024-04-07-04-00-00", "alternatives": ["25", "25", "2"]}]}, {"location": {"country_code": "ec"}, "game_id": "464426", "values": [{"date": "2024-04-07-05-00-00", "alternatives": ["66", "66", "6"]}, {"date": "2024-04-07-23-00-00", "alternatives": ["50", "50", "580"]}]}, {"location": {"country_code": "au"}, "game_id": "464426", "values": [{"date": "2024-04-07-17-00-00", "alternatives": ["40", "48", "48"]}, {"date": "2024-04-07-15-00-00", "alternatives": [4, 41, 41, 41]}, {"date": "2024-04-07-16-00-00", "alternatives": ["198", "198", "1386"]}]}, {"location": {"country_code": "au", "region": "Victoria", "city": "Melbourne"}, "game_id": "464426", "values": [{"date": "2024-04-07-11-00-00", "alternatives": ["15", "15", "19"]}]}, {"location": {"country_code": "us", "region": "Texas", "city": "Austin"}, "game_id": "464426", "values": [{"date": "2024-04-07-06-00-00", "alternatives": ["46", "46", "45"]}]}, {"location": {"country_code": "es", "region": "Madrid", "city": "Parla"}, "game_id": "464426", "values": [{"date": "2024-04-08-00-00-00", "alternatives": ["13", "13", "3"]}, {"date": "2024-04-07-21-00-00", "alternatives": ["123", "23", "023"]}, {"date": "2024-04-07-21-00-00", "alternatives": ["123", "23", "023"]}]}, {"location": {"country_code": "es"}, "game_id": "464426", "values": [{"date": "2024-04-07-17-00-00", "alternatives": [32, 432, 132, 32, 32, 32]}, {"date": "2024-04-07-03-00-00", "alternatives": ["413", "413", "113"]}, {"date": "2024-04-07-22-00-00", "alternatives": [51, 151, 1, 51, 51]}, {"date": "2024-04-07-23-00-00", "alternatives": ["3", "63", "3"]}, {"date": "2024-04-07-06-00-00", "alternatives": ["138", "138", "2138"]}, {"date": "2024-04-07-21-00-00", "alternatives": ["33", "33", "133"]}, {"date": "2024-04-08-01-00-00", "alternatives": ["12", "12", "412"]}, {"date": "2024-04-08-01-00-00", "alternatives": ["12", "12", "412"]}, {"date": "2024-04-08-01-00-00", "alternatives": ["12", "12", "412"]}, {"date": "2024-04-07-07-00-00", "alternatives": ["34", "34", "384"]}, {"date": "2024-04-07-07-00-00", "alternatives": ["34", "34", "384"]}, {"date": "2024-04-07-07-00-00", "alternatives": ["34", "34", "384"]}, {"date": "2024-04-07-13-00-00", "alternatives": ["36", "36", "368"]}, {"date": "2024-04-07-13-00-00", "alternatives": ["36", "36", "368"]}, {"date": "2024-04-07-19-00-00", "alternatives": ["30", "30", "38"]}, {"date": "2024-04-07-18-00-00", "alternatives": ["50", "50", "38"]}, {"date": "2024-04-07-18-00-00", "alternatives": ["50", "50", "38"]}, {"date": "2024-04-07-14-00-00", "alternatives": ["40", "4", "40"]}, {"date": "2024-04-07-14-00-00", "alternatives": ["40", "4", "40"]}, {"date": "2024-04-07-14-00-00", "alternatives": ["40", "4", "40"]}]}, {"location": {"country_code": "us", "region": "Florida", "city": "Jacksonville"}, "game_id": "464426", "values": [{"date": "2024-04-07-02-00-00", "alternatives": ["62", "82", "82"]}]}, {"location": {"country_code": "us", "region": "Iowa"}, "game_id": "464426", "values": [{"date": "2024-04-07-03-00-00", "alternatives": ["25", "25", "259"]}, {"date": "2024-04-07-03-00-00", "alternatives": ["25", "25", "259"]}]}, {"location": {"country_code": "tr"}, "game_id": "464426", "values": [{"date": "2024-04-07-03-00-00", "alternatives": ["3", "3", "13"]}]}, {"location": {"country_code": "de", "region": "Saxony"}, "game_id": "464426", "values": [{"date": "2024-04-07-17-00-00", "alternatives": ["22", "22", "11722"]}, {"date": "2024-04-07-22-00-00", "alternatives": ["18", "18", "1"]}]}, {"location": {"country_code": "us", "region": "Ohio", "city": "Columbus"}, "game_id": "464426", "values": [{"date": "2024-04-07-22-00-00", "alternatives": ["45", "45", "43"]}, {"date": "2024-04-07-22-00-00", "alternatives": ["45", "45", "43"]}, {"date": "2024-04-07-22-00-00", "alternatives": ["45", "45", "43"]}, {"date": "2024-04-07-22-00-00", "alternatives": ["45", "45", "43"]}, {"date": "2024-04-07-22-00-00", "alternatives": ["45", "45", "43"]}]}, {"location": {"country_code": "us", "region": "Pennsylvania", "city": "Philadelphia"}, "game_id": "464426", "values": [{"date": "2024-04-07-08-00-00", "alternatives": ["66", "86", "86"]}, {"date": "2024-04-07-08-00-00", "alternatives": ["66", "86", "86"]}, {"date": "2024-04-07-08-00-00", "alternatives": ["66", "86", "86"]}, {"date": "2024-04-07-21-00-00", "alternatives": ["10", "10", "180"]}, {"date": "2024-04-07-21-00-00", "alternatives": ["10", "10", "180"]}, {"date": "2024-04-07-21-00-00", "alternatives": ["10", "10", "180"]}, {"date": "2024-04-07-21-00-00", "alternatives": ["10", "10", "180"]}]}, {"location": {"country_code": "sa"}, "game_id": "464426", "values": [{"date": "2024-04-08-00-00-00", "alternatives": ["135", "135", "133"]}, {"date": "2024-04-08-00-00-00", "alternatives": ["135", "135", "133"]}, {"date": "2024-04-08-00-00-00", "alternatives": ["135", "135", "133"]}]}, {"location": {"country_code": "ar"}, "game_id": "464426", "values": [{"date": "2024-04-07-03-00-00", "alternatives": ["39", "39", "20"]}, {"date": "2024-04-07-07-00-00", "alternatives": ["53", "53", "853"]}, {"date": "2024-04-07-07-00-00", "alternatives": ["53", "53", "853"]}, {"date": "2024-04-07-05-00-00", "alternatives": ["31", "131", "31"]}, {"date": "2024-04-07-05-00-00", "alternatives": ["31", "131", "31"]}, {"date": "2024-04-07-08-00-00", "alternatives": ["43", "43", "143"]}, {"date": "2024-04-07-08-00-00", "alternatives": ["43", "43", "143"]}]}, {"location": {"country_code": "vn"}, "game_id": "464426", "values": [{"date": "2024-04-07-09-00-00", "alternatives": ["43", "3", "3"]}, {"date": "2024-04-07-09-00-00", "alternatives": ["43", "3", "3"]}, {"date": "2024-04-07-09-00-00", "alternatives": ["43", "3", "3"]}, {"date": "2024-04-07-09-00-00", "alternatives": ["43", "3", "3"]}, {"date": "2024-04-07-09-00-00", "alternatives": ["43", "3", "3"]}, {"date": "2024-04-07-09-00-00", "alternatives": ["43", "3", "3"]}, {"date": "2024-04-07-09-00-00", "alternatives": ["43", "3", "3"]}, {"date": "2024-04-07-09-00-00", "alternatives": ["43", "3", "3"]}, {"date": "2024-04-07-09-00-00", "alternatives": ["43", "3", "3"]}, {"date": "2024-04-07-09-00-00", "alternatives": ["43", "3", "3"]}, {"date": "2024-04-07-09-00-00", "alternatives": ["43", "3", "3"]}, {"date": "2024-04-07-09-00-00", "alternatives": ["43", "3", "3"]}, {"date": "2024-04-07-09-00-00", "alternatives": ["43", "3", "3"]}]}, {"location": {"country_code": "us", "region": "Michigan", "city": "Detroit"}, "game_id": "464426", "values": [{"date": "2024-04-07-03-00-00", "alternatives": ["32", "32", "37"]}]}, {"location": {"country_code": "jm"}, "game_id": "464426", "values": [{"date": "2024-04-07-05-00-00", "alternatives": [56, 58, 86, 56, 56]}, {"date": "2024-04-07-05-00-00", "alternatives": [56, 58, 86, 56, 56]}, {"date": "2024-04-07-07-00-00", "alternatives": ["52", "52", "192"]}, {"date": "2024-04-07-05-00-00", "alternatives": ["48", "4", "48"]}, {"date": "2024-04-07-05-00-00", "alternatives": ["48", "4", "48"]}]}, {"location": {"country_code": "fi"}, "game_id": "464426", "values": [{"date": "2024-04-07-13-00-00", "alternatives": ["53", "53", "93"]}, {"date": "2024-04-07-16-00-00", "alternatives": ["34", "34", "734"]}]}, {"location": {"country_code": "us", "region": "Hawaii"}, "game_id": "464426", "values": [{"date": "2024-04-07-12-00-00", "alternatives": ["58", "58", "598"]}, {"date": "2024-04-07-12-00-00", "alternatives": ["58", "58", "598"]}, {"date": "2024-04-08-01-00-00", "alternatives": ["64", "4", "4"]}, {"date": "2024-04-08-01-00-00", "alternatives": ["64", "4", "4"]}, {"date": "2024-04-07-10-00-00", "alternatives": ["82", "2", "82"]}]}, {"location": {"country_code": "us", "region": "Massachusetts"}, "game_id": "464426", "values": [{"date": "2024-04-07-04-00-00", "alternatives": ["1", "41", "41"]}, {"date": "2024-04-07-04-00-00", "alternatives": ["1", "41", "41"]}]}, {"location": {"country_code": "us", "region": "Connecticut"}, "game_id": "464426", "values": [{"date": "2024-04-08-01-00-00", "alternatives": ["19", "9", "19"]}]}, {"location": {"country_code": "de", "region": "Free and Hanseatic City of Hamburg", "city": "Hamburg"}, "game_id": "464426", "values": [{"date": "2024-04-07-17-00-00", "alternatives": ["106", "106", "186"]}, {"date": "2024-04-07-17-00-00", "alternatives": ["106", "106", "186"]}, {"date": "2024-04-07-05-00-00", "alternatives": ["7", "510", "7"]}, {"date": "2024-04-07-16-00-00", "alternatives": ["15", "15", "19"]}]}, {"location": {"country_code": "ar", "region": "Buenos Aires F.D.", "city": "Bahia Blanca"}, "game_id": "464426", "values": [{"date": "2024-04-08-00-00-00", "alternatives": ["30", "30", "3"]}, {"date": "2024-04-08-00-00-00", "alternatives": ["30", "30", "3"]}]}, {"location": {"country_code": "us", "region": "California", "city": "Elk Grove"}, "game_id": "464426", "values": [{"date": "2024-04-07-14-00-00", "alternatives": ["7", "7", "71"]}]}, {"location": {"country_code": "us", "region": "Missouri"}, "game_id": "464426", "values": [{"date": "2024-04-08-01-00-00", "alternatives": ["19", "19", "18"]}]}, {"location": {"country_code": "us", "region": "Wisconsin", "city": "Milwaukee"}, "game_id": "464426", "values": [{"date": "2024-04-07-19-00-00", "alternatives": ["5", "6", "5"]}]}, {"location": {"country_code": "us", "region": "Texas", "city": "Houston"}, "game_id": "464426", "values": [{"date": "2024-04-07-20-00-00", "alternatives": [113, 13, 113, 113, 3]}, {"date": "2024-04-07-05-00-00", "alternatives": ["25", "25", "259"]}, {"date": "2024-04-07-14-00-00", "alternatives": ["36", "36", "38"]}, {"date": "2024-04-07-10-00-00", "alternatives": ["30", "30", "38"]}, {"date": "2024-04-07-06-00-00", "alternatives": ["43", "43", "843"]}]}, {"location": {"country_code": "us", "region": "Massachusetts", "city": "Boston"}, "game_id": "464426", "values": [{"date": "2024-04-07-05-00-00", "alternatives": ["45", "45", "85"]}, {"date": "2024-04-08-01-00-00", "alternatives": ["25", "25", "280"]}]}, {"location": {"country_code": "us", "region": "Michigan"}, "game_id": "464426", "values": [{"date": "2024-04-07-05-00-00", "alternatives": ["24", "24", "28"]}, {"date": "2024-04-07-05-00-00", "alternatives": ["24", "24", "28"]}, {"date": "2024-04-07-07-00-00", "alternatives": [6, 13, 213, 5, 13, 13]}, {"date": "2024-04-07-23-00-00", "alternatives": ["57", "57", "87"]}, {"date": "2024-04-07-23-00-00", "alternatives": ["57", "57", "87"]}, {"date": "2024-04-07-23-00-00", "alternatives": ["57", "57", "87"]}, {"date": "2024-04-07-23-00-00", "alternatives": ["57", "57", "87"]}, {"date": "2024-04-07-23-00-00", "alternatives": ["57", "57", "87"]}, {"date": "2024-04-07-23-00-00", "alternatives": ["57", "57", "87"]}, {"date": "2024-04-07-23-00-00", "alternatives": ["57", "57", "87"]}, {"date": "2024-04-07-23-00-00", "alternatives": ["57", "57", "87"]}, {"date": "2024-04-07-23-00-00", "alternatives": ["57", "57", "87"]}]}, {"location": {"country_code": "it", "region": "Emilia-Romagna"}, "game_id": "464426", "values": [{"date": "2024-04-07-23-00-00", "alternatives": ["38", "36", "38"]}]}, {"location": {"country_code": "us", "region": "Illinois", "city": "Chicago"}, "game_id": "464426", "values": [{"date": "2024-04-07-07-00-00", "alternatives": [56, 55, 50, 55, 55]}, {"date": "2024-04-07-07-00-00", "alternatives": [56, 55, 50, 55, 55]}, {"date": "2024-04-07-15-00-00", "alternatives": [57, 157, 57, 57]}, {"date": "2024-04-07-14-00-00", "alternatives": ["16", "16", "216"]}, {"date": "2024-04-07-14-00-00", "alternatives": ["16", "16", "216"]}, {"date": "2024-04-07-14-00-00", "alternatives": ["16", "16", "216"]}, {"date": "2024-04-07-14-00-00", "alternatives": ["16", "16", "216"]}, {"date": "2024-04-07-04-00-00", "alternatives": ["15", "15", "19"]}, {"date": "2024-04-07-22-00-00", "alternatives": ["40", "40", "48"]}, {"date": "2024-04-07-22-00-00", "alternatives": ["40", "40", "48"]}, {"date": "2024-04-07-22-00-00", "alternatives": ["40", "40", "48"]}, {"date": "2024-04-07-22-00-00", "alternatives": ["40", "40", "48"]}, {"date": "2024-04-07-22-00-00", "alternatives": ["40", "40", "48"]}, {"date": "2024-04-07-04-00-00", "alternatives": [35, 735, 39, 35, 35]}, {"date": "2024-04-08-02-00-00", "alternatives": ["15", "5", "15"]}, {"date": "2024-04-07-19-00-00", "alternatives": ["63", "83", "63"]}, {"date": "2024-04-07-19-00-00", "alternatives": ["63", "83", "63"]}, {"date": "2024-04-07-19-00-00", "alternatives": ["63", "83", "63"]}, {"date": "2024-04-07-03-00-00", "alternatives": ["59", "59", "89"]}]}, {"location": {"country_code": "hu"}, "game_id": "464426", "values": [{"date": "2024-04-07-10-00-00", "alternatives": ["49", "49", "749"]}, {"date": "2024-04-07-22-00-00", "alternatives": [24, 124, 28, 24, 24]}, {"date": "2024-04-07-22-00-00", "alternatives": [24, 124, 28, 24, 24]}, {"date": "2024-04-07-22-00-00", "alternatives": [24, 124, 28, 24, 24]}, {"date": "2024-04-07-22-00-00", "alternatives": ["28", "28", "128"]}, {"date": "2024-04-07-22-00-00", "alternatives": ["28", "28", "128"]}]}, {"location": {"country_code": "de", "region": "Bavaria"}, "game_id": "464426", "values": [{"date": "2024-04-07-23-00-00", "alternatives": ["27", "27", "117227"]}, {"date": "2024-04-07-22-00-00", "alternatives": [45, 245, 459, 45, 45]}, {"date": "2024-04-07-22-00-00", "alternatives": [45, 245, 459, 45, 45]}]}, {"location": {"country_code": "co"}, "game_id": "464426", "values": [{"date": "2024-04-07-08-00-00", "alternatives": ["89", "89", "88"]}, {"date": "2024-04-07-20-00-00", "alternatives": ["80", "80", "180"]}, {"date": "2024-04-07-04-00-00", "alternatives": ["119", "119", "19"]}, {"date": "2024-04-08-02-00-00", "alternatives": [85, 485, 385, 85, 85, 5]}, {"date": "2024-04-08-01-00-00", "alternatives": ["84", "84", "4"]}]}, {"location": {"country_code": "at"}, "game_id": "464426", "values": [{"date": "2024-04-07-23-00-00", "alternatives": ["40", "40", "7"]}, {"date": "2024-04-07-22-00-00", "alternatives": [59, 259, 89, 59, 59, 58]}, {"date": "2024-04-08-00-00-00", "alternatives": ["58", "58", "298"]}, {"date": "2024-04-08-00-00-00", "alternatives": ["58", "58", "298"]}]}, {"location": {"country_code": "at", "region": "Tyrol"}, "game_id": "464426", "values": [{"date": "2024-04-08-02-00-00", "alternatives": ["38", "38", "8"]}, {"date": "2024-04-07-17-00-00", "alternatives": ["160", "160", "1680"]}, {"date": "2024-04-07-17-00-00", "alternatives": ["160", "160", "1680"]}, {"date": "2024-04-07-17-00-00", "alternatives": ["160", "160", "1680"]}, {"date": "2024-04-07-17-00-00", "alternatives": ["160", "160", "1680"]}]}, {"location": {"country_code": "br", "region": "Estado de Bahia", "city": "Salvador"}, "game_id": "464426", "values": [{"date": "2024-04-07-08-00-00", "alternatives": ["45", "45", "49"]}]}, {"location": {"country_code": "us", "region": "Arizona"}, "game_id": "464426", "values": [{"date": "2024-04-08-02-00-00", "alternatives": ["8", "58", "8"]}, {"date": "2024-04-08-02-00-00", "alternatives": ["8", "58", "8"]}, {"date": "2024-04-08-02-00-00", "alternatives": ["8", "58", "8"]}, {"date": "2024-04-07-05-00-00", "alternatives": ["63", "63", "3"]}, {"date": "2024-04-07-05-00-00", "alternatives": ["63", "63", "3"]}, {"date": "2024-04-08-01-00-00", "alternatives": ["51", "51", "91"]}, {"date": "2024-04-07-22-00-00", "alternatives": ["8", "18", "18"]}, {"date": "2024-04-08-01-00-00", "alternatives": ["26", "26", "20"]}, {"date": "2024-04-08-01-00-00", "alternatives": ["26", "26", "20"]}]}, {"location": {"country_code": "us", "region": "Utah", "city": "Salt Lake City"}, "game_id": "464426", "values": [{"date": "2024-04-07-11-00-00", "alternatives": ["40", "40", "48"]}, {"date": "2024-04-07-19-00-00", "alternatives": ["58", "58", "98"]}]}, {"location": {"country_code": "us", "region": "Colorado"}, "game_id": "464426", "values": [{"date": "2024-04-07-20-00-00", "alternatives": ["15", "15", "19"]}, {"date": "2024-04-07-14-00-00", "alternatives": ["85", "85", "4"]}, {"date": "2024-04-07-05-00-00", "alternatives": [15, 5, 18, 15, 15]}, {"date": "2024-04-07-05-00-00", "alternatives": [15, 5, 18, 15, 15]}, {"date": "2024-04-07-22-00-00", "alternatives": [44, 4, 744, 44, 44, 44]}, {"date": "2024-04-07-04-00-00", "alternatives": ["57", "57", "87"]}]}, {"location": {"country_code": "pl"}, "game_id": "464426", "values": [{"date": "2024-04-07-11-00-00", "alternatives": ["44", "8", "44"]}, {"date": "2024-04-07-11-00-00", "alternatives": ["44", "8", "44"]}, {"date": "2024-04-08-00-00-00", "alternatives": ["14", "14", "18"]}, {"date": "2024-04-08-00-00-00", "alternatives": ["14", "14", "18"]}, {"date": "2024-04-07-09-00-00", "alternatives": ["17", "7", "17"]}, {"date": "2024-04-07-17-00-00", "alternatives": ["16", "16", "168"]}]}, {"location": {"country_code": "us", "region": "Puerto Rico"}, "game_id": "464426", "values": [{"date": "2024-04-07-05-00-00", "alternatives": ["76", "76", "78"]}, {"date": "2024-04-07-04-00-00", "alternatives": ["84", "84", "4"]}]}, {"location": {"country_code": "be"}, "game_id": "464426", "values": [{"date": "2024-04-08-01-00-00", "alternatives": ["150", "150", "158"]}, {"date": "2024-04-08-01-00-00", "alternatives": ["150", "150", "158"]}, {"date": "2024-04-07-22-00-00", "alternatives": ["15", "15", "18"]}]}, {"location": {"country_code": "us", "region": "North Carolina"}, "game_id": "464426", "values": [{"date": "2024-04-07-06-00-00", "alternatives": ["20", "120", "120"]}]}, {"location": {"country_code": "us", "region": "Nevada", "city": "Las Vegas"}, "game_id": "464426", "values": [{"date": "2024-04-07-07-00-00", "alternatives": ["25", "25", "23"]}, {"date": "2024-04-08-00-00-00", "alternatives": ["57", "57", "97"]}, {"date": "2024-04-07-07-00-00", "alternatives": ["42", "42", "82"]}, {"date": "2024-04-07-04-00-00", "alternatives": ["16", "16", "18"]}]}, {"location": {"country_code": "cr"}, "game_id": "464426", "values": [{"date": "2024-04-07-03-00-00", "alternatives": ["440", "440", "48"]}]}, {"location": {"country_code": "gb", "region": "England", "city": "London"}, "game_id": "464426", "values": [{"date": "2024-04-07-20-00-00", "alternatives": ["25", "25", "20"]}, {"date": "2024-04-07-20-00-00", "alternatives": ["25", "25", "20"]}]}, {"location": {"country_code": "gb", "region": "England", "city": "Salford"}, "game_id": "464426", "values": [{"date": "2024-04-07-17-00-00", "alternatives": ["109", "109", "189"]}]}, {"location": {"country_code": "us", "region": "Georgia"}, "game_id": "464426", "values": [{"date": "2024-04-08-01-00-00", "alternatives": ["15", "15", "19"]}, {"date": "2024-04-08-01-00-00", "alternatives": ["15", "15", "19"]}]}, {"location": {"country_code": "ge"}, "game_id": "464426", "values": [{"date": "2024-04-07-20-00-00", "alternatives": ["15", "15", "218"]}, {"date": "2024-04-07-20-00-00", "alternatives": ["15", "15", "218"]}]}, {"location": {"country_code": "ie"}, "game_id": "464426", "values": [{"date": "2024-04-07-04-00-00", "alternatives": ["26", "26", "20"]}]}, {"location": {"country_code": "ua"}, "game_id": "464426", "values": [{"date": "2024-04-07-23-00-00", "alternatives": ["6", "23", "23"]}, {"date": "2024-04-07-23-00-00", "alternatives": ["6", "23", "23"]}]}, {"location": {"country_code": "us", "region": "District of Columbia", "city": "Washington"}, "game_id": "464426", "values": [{"date": "2024-04-07-19-00-00", "alternatives": ["70", "70", "780"]}, {"date": "2024-04-08-00-00-00", "alternatives": [3, 3, 3]}, {"date": "2024-04-08-00-00-00", "alternatives": [3, 3, 3]}, {"date": "2024-04-07-10-00-00", "alternatives": [24, 2, 28, 24, 24]}]}, {"location": {"country_code": "ca", "region": "Ontario", "city": "Toronto"}, "game_id": "464426", "values": [{"date": "2024-04-07-10-00-00", "alternatives": ["16", "16", "18"]}, {"date": "2024-04-07-07-00-00", "alternatives": ["25", "25", "28"]}, {"date": "2024-04-07-05-00-00", "alternatives": ["67", "67", "87"]}, {"date": "2024-04-07-05-00-00", "alternatives": ["67", "67", "87"]}, {"date": "2024-04-07-23-00-00", "alternatives": ["24", "24", "28"]}, {"date": "2024-04-07-14-00-00", "alternatives": ["23", "23", "223"]}, {"date": "2024-04-07-10-00-00", "alternatives": ["26", "26", "28"]}, {"date": "2024-04-07-10-00-00", "alternatives": ["26", "26", "28"]}, {"date": "2024-04-07-10-00-00", "alternatives": ["26", "26", "28"]}]}, {"location": {"country_code": "do"}, "game_id": "464426", "values": [{"date": "2024-04-07-09-00-00", "alternatives": ["90", "90", "98"]}, {"date": "2024-04-07-21-00-00", "alternatives": ["51", "451", "051"]}, {"date": "2024-04-07-07-00-00", "alternatives": ["83", "83", "3"]}, {"date": "2024-04-07-07-00-00", "alternatives": ["83", "83", "3"]}, {"date": "2024-04-07-07-00-00", "alternatives": ["83", "83", "3"]}]}, {"location": {"country_code": "py"}, "game_id": "464426", "values": [{"date": "2024-04-07-07-00-00", "alternatives": ["201", "201", "281"]}]}, {"location": {"country_code": "us", "region": "Minnesota"}, "game_id": "464426", "values": [{"date": "2024-04-07-08-00-00", "alternatives": [59, 65, 99, 59, 59, 59]}, {"date": "2024-04-08-00-00-00", "alternatives": ["25", "25", "29"]}, {"date": "2024-04-07-20-00-00", "alternatives": ["40", "40", "48"]}, {"date": "2024-04-08-01-00-00", "alternatives": ["29", "29", "2"]}]}, {"location": {"country_code": "us", "region": "Texas", "city": "Frisco"}, "game_id": "464426", "values": [{"date": "2024-04-07-22-00-00", "alternatives": ["91", "91", "81"]}, {"date": "2024-04-07-22-00-00", "alternatives": ["91", "91", "81"]}, {"date": "2024-04-07-22-00-00", "alternatives": ["91", "91", "81"]}, {"date": "2024-04-07-22-00-00", "alternatives": ["91", "91", "81"]}, {"date": "2024-04-07-22-00-00", "alternatives": ["91", "91", "81"]}]}, {"location": {"country_code": "br", "region": "Santa Catarina", "city": "Palhoca"}, "game_id": "464426", "values": [{"date": "2024-04-07-17-00-00", "alternatives": ["123", "123", "1123"]}]}, {"location": {"country_code": "us", "region": "Hawaii", "city": "Kapolei"}, "game_id": "464426", "values": [{"date": "2024-04-07-07-00-00", "alternatives": ["25", "25", "28"]}]}, {"location": {"country_code": "au", "region": "Queensland"}, "game_id": "464426", "values": [{"date": "2024-04-07-07-00-00", "alternatives": ["41", "4", "41"]}]}, {"location": {"country_code": "us", "region": "Illinois"}, "game_id": "464426", "values": [{"date": "2024-04-07-08-00-00", "alternatives": [44, 84, 44, 44]}, {"date": "2024-04-07-06-00-00", "alternatives": ["17", "17", "37"]}]}, {"location": {"country_code": "us", "region": "Pennsylvania"}, "game_id": "464426", "values": [{"date": "2024-04-08-01-00-00", "alternatives": ["11", "11", "6"]}, {"date": "2024-04-07-03-00-00", "alternatives": ["58", "5", "58"]}]}, {"location": {"country_code": "mx", "region": "Nuevo Leon", "city": "Monterrey"}, "game_id": "464426", "values": [{"date": "2024-04-07-08-00-00", "alternatives": [25, 125, 129, 25, 25, 125]}, {"date": "2024-04-07-08-00-00", "alternatives": [25, 125, 129, 25, 25, 125]}, {"date": "2024-04-07-08-00-00", "alternatives": [25, 125, 129, 25, 25, 125]}, {"date": "2024-04-08-02-00-00", "alternatives": ["38", "38", "438"]}, {"date": "2024-04-07-20-00-00", "alternatives": ["22", "22", "122"]}, {"date": "2024-04-07-20-00-00", "alternatives": ["22", "22", "122"]}, {"date": "2024-04-07-20-00-00", "alternatives": ["22", "22", "122"]}, {"date": "2024-04-07-20-00-00", "alternatives": ["22", "22", "122"]}]}, {"location": {"country_code": "au", "region": "South Australia"}, "game_id": "464426", "values": [{"date": "2024-04-07-10-00-00", "alternatives": ["30", "30", "38"]}]}, {"location": {"country_code": "br", "region": "State of Rio de Janeiro", "city": "Angra dos Reis"}, "game_id": "464426", "values": [{"date": "2024-04-07-03-00-00", "alternatives": ["11", "0", "11"]}, {"date": "2024-04-07-09-00-00", "alternatives": ["14", "184", "14"]}]}, {"location": {"country_code": "cy"}, "game_id": "464426", "values": [{"date": "2024-04-07-20-00-00", "alternatives": ["64", "4", "64"]}, {"date": "2024-04-07-20-00-00", "alternatives": ["64", "4", "64"]}, {"date": "2024-04-07-19-00-00", "alternatives": [54, 5, 84, 54, 54, 8]}, {"date": "2024-04-07-19-00-00", "alternatives": [54, 5, 84, 54, 54, 8]}]}, {"location": {"country_code": "es", "region": "Andalusia", "city": "Seville"}, "game_id": "464426", "values": [{"date": "2024-04-08-02-00-00", "alternatives": ["31", "31", "131"]}]}, {"location": {"country_code": "uy", "region": "Montevideo Department", "city": "Montevideo"}, "game_id": "464426", "values": [{"date": "2024-04-07-03-00-00", "alternatives": [429, 29, 283, 29, 29, 129]}]}, {"location": {"country_code": "us", "region": "Tennessee"}, "game_id": "464426", "values": [{"date": "2024-04-07-21-00-00", "alternatives": [62, 2, 82, 62, 62]}, {"date": "2024-04-07-21-00-00", "alternatives": [62, 2, 82, 62, 62]}, {"date": "2024-04-07-21-00-00", "alternatives": [62, 2, 82, 62, 62]}, {"date": "2024-04-07-21-00-00", "alternatives": [62, 2, 82, 62, 62]}, {"date": "2024-04-07-21-00-00", "alternatives": [62, 2, 82, 62, 62]}, {"date": "2024-04-07-21-00-00", "alternatives": [62, 2, 82, 62, 62]}]}, {"location": {"country_code": "us", "region": "Florida", "city": "Miami"}, "game_id": "464426", "values": [{"date": "2024-04-07-05-00-00", "alternatives": ["89", "89", "9"]}]}, {"location": {"country_code": "us", "region": "Louisiana", "city": "New Orleans"}, "game_id": "464426", "values": [{"date": "2024-04-07-20-00-00", "alternatives": ["7", "28", "28"]}, {"date": "2024-04-08-02-00-00", "alternatives": ["40", "48", "40"]}, {"date": "2024-04-08-02-00-00", "alternatives": ["40", "48", "40"]}]}, {"location": {"country_code": "mx", "region": "Aguascalientes"}, "game_id": "464426", "values": [{"date": "2024-04-07-08-00-00", "alternatives": ["49", "49", "149"]}]}, {"location": {"country_code": "mx", "region": "Baja California", "city": "Tijuana"}, "game_id": "464426", "values": [{"date": "2024-04-07-04-00-00", "alternatives": ["59", "159", "159"]}, {"date": "2024-04-07-04-00-00", "alternatives": ["59", "159", "159"]}]}, {"location": {"country_code": "sv"}, "game_id": "464426", "values": [{"date": "2024-04-07-09-00-00", "alternatives": ["9", "19", "19"]}]}, {"location": {"country_code": "fr", "region": "Alvernia-Rodano-Alpi", "city": "Mars"}, "game_id": "464426", "values": [{"date": "2024-04-07-20-00-00", "alternatives": [35, 85, 738, 35, 35, 35]}, {"date": "2024-04-07-20-00-00", "alternatives": [35, 85, 738, 35, 35, 35]}]}, {"location": {"country_code": "fr", "region": "Ile-de-France Region", "city": "Paris"}, "game_id": "464426", "values": [{"date": "2024-04-07-18-00-00", "alternatives": ["25", "25", "29"]}]}, {"location": {"country_code": "ca", "region": "Quebec", "city": "Montreal"}, "game_id": "464426", "values": [{"date": "2024-04-08-00-00-00", "alternatives": ["36", "36", "6"]}, {"date": "2024-04-07-07-00-00", "alternatives": [30, 38, 30, 30]}]}, {"location": {"country_code": "de", "region": "Bavaria", "city": "Nuremberg"}, "game_id": "464426", "values": [{"date": "2024-04-08-02-00-00", "alternatives": ["26", "26", "28"]}]}, {"location": {"country_code": "us", "region": "Arizona", "city": "Phoenix"}, "game_id": "464426", "values": [{"date": "2024-04-08-01-00-00", "alternatives": [69, 9, 89, 69, 69]}, {"date": "2024-04-07-23-00-00", "alternatives": ["60", "68", "68"]}, {"date": "2024-04-07-23-00-00", "alternatives": ["60", "68", "68"]}, {"date": "2024-04-07-23-00-00", "alternatives": ["60", "68", "68"]}, {"date": "2024-04-07-23-00-00", "alternatives": ["60", "68", "68"]}]}, {"location": {"country_code": "kw"}, "game_id": "464426", "values": [{"date": "2024-04-07-06-00-00", "alternatives": ["94", "16", "94"]}]}, {"location": {"country_code": "us", "region": "Maryland"}, "game_id": "464426", "values": [{"date": "2024-04-07-03-00-00", "alternatives": ["10", "10", "18"]}]}, {"location": {"country_code": "us", "region": "California", "city": "San Jose"}, "game_id": "464426", "values": [{"date": "2024-04-07-19-00-00", "alternatives": ["25", "25", "29"]}, {"date": "2024-04-07-22-00-00", "alternatives": ["75", "75", "78"]}]}, {"location": {"country_code": "us", "region": "Florida", "city": "Orlando"}, "game_id": "464426", "values": [{"date": "2024-04-08-01-00-00", "alternatives": ["331", "31", "31"]}]}, {"location": {"country_code": "hr"}, "game_id": "464426", "values": [{"date": "2024-04-07-23-00-00", "alternatives": [59, 69, 59, 59]}]}, {"location": {"country_code": "ca", "region": "Manitoba", "city": "Winnipeg"}, "game_id": "464426", "values": [{"date": "2024-04-07-16-00-00", "alternatives": ["90", "90", "96"]}]}, {"location": {"country_code": "ca", "region": "British Columbia", "city": "Richmond"}, "game_id": "464426", "values": [{"date": "2024-04-07-08-00-00", "alternatives": ["34", "3", "34"]}]}, {"location": {"country_code": "ca", "region": "British Columbia"}, "game_id": "464426", "values": [{"date": "2024-04-08-01-00-00", "alternatives": ["72", "12", "12"]}]}, {"location": {"country_code": "us", "region": "Georgia", "city": "Atlanta"}, "game_id": "464426", "values": [{"date": "2024-04-07-20-00-00", "alternatives": ["58", "58", "858"]}, {"date": "2024-04-07-02-00-00", "alternatives": ["1", "11", "11"]}]}, {"location": {"country_code": "fr", "region": "Alvernia-Rodano-Alpi", "city": "Lyon"}, "game_id": "464426", "values": [{"date": "2024-04-07-22-00-00", "alternatives": ["15", "15", "218"]}, {"date": "2024-04-07-22-00-00", "alternatives": ["15", "15", "218"]}, {"date": "2024-04-07-22-00-00", "alternatives": ["15", "15", "218"]}, {"date": "2024-04-07-22-00-00", "alternatives": ["15", "15", "218"]}]}, {"location": {"country_code": "ca", "region": "Ontario", "city": "Ottawa"}, "game_id": "464426", "values": [{"date": "2024-04-07-19-00-00", "alternatives": ["20", "20", "28"]}]}, {"location": {"country_code": "lt"}, "game_id": "464426", "values": [{"date": "2024-04-07-18-00-00", "alternatives": ["15", "15", "18"]}]}, {"location": {"country_code": "ca", "region": "Quebec"}, "game_id": "464426", "values": [{"date": "2024-04-07-03-00-00", "alternatives": ["29", "29", "229"]}]}, {"location": {"country_code": "us", "region": "State of Wyoming"}, "game_id": "464426", "values": [{"date": "2024-04-07-02-00-00", "alternatives": ["35", "35", "395"]}]}, {"location": {"country_code": "us", "region": "Washington", "city": "Seattle"}, "game_id": "464426", "values": [{"date": "2024-04-07-20-00-00", "alternatives": ["41", "1", "41"]}, {"date": "2024-04-07-20-00-00", "alternatives": ["41", "1", "41"]}, {"date": "2024-04-07-20-00-00", "alternatives": ["41", "1", "41"]}]}, {"location": {"country_code": "ie", "region": "", "city": "Dublin"}, "game_id": "464426", "values": [{"date": "2024-04-07-15-00-00", "alternatives": ["20", "20", "720"]}, {"date": "2024-04-07-15-00-00", "alternatives": ["20", "20", "720"]}]}, {"location": {"country_code": "ca", "region": "Alberta", "city": "Calgary"}, "game_id": "464426", "values": [{"date": "2024-04-07-21-00-00", "alternatives": ["63", "63", "83"]}]}, {"location": {"country_code": "bg"}, "game_id": "464426", "values": [{"date": "2024-04-07-23-00-00", "alternatives": ["35", "35", "39"]}, {"date": "2024-04-07-23-00-00", "alternatives": ["35", "35", "39"]}, {"date": "2024-04-07-23-00-00", "alternatives": ["35", "35", "39"]}]}, {"location": {"country_code": "es", "region": "Balearic Islands", "city": "Palma"}, "game_id": "464426", "values": [{"date": "2024-04-07-21-00-00", "alternatives": ["42", "2", "42"]}, {"date": "2024-04-07-21-00-00", "alternatives": ["42", "2", "42"]}]}, {"location": {"country_code": "us", "region": "Oregon"}, "game_id": "464426", "values": [{"date": "2024-04-07-05-00-00", "alternatives": ["38", "38", "3"]}]}, {"location": {"country_code": "es", "region": "Murcia", "city": "Lorca"}, "game_id": "464426", "values": [{"date": "2024-04-07-19-00-00", "alternatives": ["9", "6", "9"]}]}, {"location": {"country_code": "dj"}, "game_id": "464426", "values": [{"date": "2024-04-07-03-00-00", "alternatives": ["413", "13", "413"]}]}, {"location": {"country_code": "nl", "region": "Flevoland", "city": "Almere"}, "game_id": "464426", "values": [{"date": "2024-04-07-15-00-00", "alternatives": ["96", "96", "968"]}]}, {"location": {"country_code": "us", "region": "California", "city": "Oakland"}, "game_id": "464426", "values": [{"date": "2024-04-07-02-00-00", "alternatives": ["64", "84", "84"]}, {"date": "2024-04-07-03-00-00", "alternatives": ["56", "56", "568"]}]}, {"location": {"country_code": "fr", "region": "Pays de la Loire Region", "city": "Nantes"}, "game_id": "464426", "values": [{"date": "2024-04-08-02-00-00", "alternatives": [6, 8, 6, 6]}]}, {"location": {"country_code": "us", "region": "California", "city": "Long Beach"}, "game_id": "464426", "values": [{"date": "2024-04-07-23-00-00", "alternatives": [26, 28, 20, 26, 26]}, {"date": "2024-04-07-23-00-00", "alternatives": [26, 28, 20, 26, 26]}]}, {"location": {"country_code": "it", "region": "Piedmont", "city": "Turin"}, "game_id": "464426", "values": [{"date": "2024-04-07-16-00-00", "alternatives": ["19", "19", "119"]}]}, {"location": {"country_code": "us", "region": "Louisiana"}, "game_id": "464426", "values": [{"date": "2024-04-07-04-00-00", "alternatives": ["53", "53", "753"]}, {"date": "2024-04-07-07-00-00", "alternatives": ["20", "20", "28"]}, {"date": "2024-04-07-07-00-00", "alternatives": ["20", "20", "28"]}, {"date": "2024-04-07-07-00-00", "alternatives": ["20", "20", "28"]}, {"date": "2024-04-07-07-00-00", "alternatives": ["20", "20", "28"]}, {"date": "2024-04-07-05-00-00", "alternatives": ["21", "2", "21"]}]}, {"location": {"country_code": "us", "region": "Arkansas"}, "game_id": "464426", "values": [{"date": "2024-04-08-00-00-00", "alternatives": ["84", "4", "4"]}]}, {"location": {"country_code": "fr", "region": "Centre-Val de Loire"}, "game_id": "464426", "values": [{"date": "2024-04-08-01-00-00", "alternatives": ["12", "2", "12"]}]}, {"location": {"country_code": "ua", "region": "Kyiv"}, "game_id": "464426", "values": [{"date": "2024-04-07-22-00-00", "alternatives": ["38", "36", "38"]}, {"date": "2024-04-07-22-00-00", "alternatives": ["38", "36", "38"]}]}, {"location": {"country_code": "at", "region": "Salzburg", "city": "Salzburg"}, "game_id": "464426", "values": [{"date": "2024-04-08-00-00-00", "alternatives": ["1", "10", "10"]}, {"date": "2024-04-08-00-00-00", "alternatives": ["1", "10", "10"]}]}, {"location": {"country_code": "us", "region": "Texas", "city": "San Antonio"}, "game_id": "464426", "values": [{"date": "2024-04-07-22-00-00", "alternatives": ["38", "38", "3"]}, {"date": "2024-04-07-22-00-00", "alternatives": ["38", "38", "3"]}]}, {"location": {"country_code": "us", "region": "Oklahoma", "city": "Shawnee"}, "game_id": "464426", "values": [{"date": "2024-04-07-17-00-00", "alternatives": ["23", "23", "723"]}]}, {"location": {"country_code": "es", "region": "Valencia", "city": "Gandia"}, "game_id": "464426", "values": [{"date": "2024-04-07-03-00-00", "alternatives": ["35", "35", "139"]}]}, {"location": {"country_code": "us", "region": "Florida", "city": "Boca Raton"}, "game_id": "464426", "values": [{"date": "2024-04-07-08-00-00", "alternatives": ["52", "62", "62"]}]}, {"location": {"country_code": "de", "region": "Baden-Wurttemberg", "city": "Stuttgart"}, "game_id": "464426", "values": [{"date": "2024-04-08-02-00-00", "alternatives": ["146", "148", "148"]}, {"date": "2024-04-08-02-00-00", "alternatives": ["146", "148", "148"]}, {"date": "2024-04-08-02-00-00", "alternatives": ["146", "148", "148"]}, {"date": "2024-04-08-02-00-00", "alternatives": ["146", "148", "148"]}]}, {"location": {"country_code": "us", "region": "Idaho", "city": "Boise"}, "game_id": "464426", "values": [{"date": "2024-04-07-04-00-00", "alternatives": ["58", "58", "98"]}]}, {"location": {"country_code": "pt", "region": "Viseu District", "city": "Santa Comba Dao"}, "game_id": "464426", "values": [{"date": "2024-04-07-21-00-00", "alternatives": ["20", "28", "28"]}]}, {"location": {"country_code": "it", "region": "Tuscany", "city": "Florence"}, "game_id": "464426", "values": [{"date": "2024-04-07-20-00-00", "alternatives": ["42", "142", "42"]}]}, {"location": {"country_code": "ec", "region": "Loja"}, "game_id": "464426", "values": [{"date": "2024-04-07-23-00-00", "alternatives": ["2", "42", "02"]}]}, {"location": {"country_code": "us", "region": "North Dakota"}, "game_id": "464426", "values": [{"date": "2024-04-07-05-00-00", "alternatives": ["68", "768", "768"]}, {"date": "2024-04-07-05-00-00", "alternatives": ["68", "768", "768"]}, {"date": "2024-04-07-06-00-00", "alternatives": ["50", "50", "58"]}, {"date": "2024-04-07-06-00-00", "alternatives": ["50", "50", "58"]}]}, {"location": {"country_code": "fr", "region": "Aquitania-Limosino-Poitou-Charentes", "city": "Bordeaux"}, "game_id": "464426", "values": [{"date": "2024-04-07-17-00-00", "alternatives": [20, 24, 28, 24, 24]}]}, {"location": {"country_code": "ae"}, "game_id": "464426", "values": [{"date": "2024-04-07-08-00-00", "alternatives": ["19", "19", "719"]}, {"date": "2024-04-07-08-00-00", "alternatives": ["19", "19", "719"]}]}, {"location": {"country_code": "it", "region": "Lombardy", "city": "Milan"}, "game_id": "464426", "values": [{"date": "2024-04-07-13-00-00", "alternatives": [1106, 106, 186, 106, 106, 186]}]}, {"location": {"country_code": "co", "region": "Antioquia", "city": "Medellin"}, "game_id": "464426", "values": [{"date": "2024-04-07-07-00-00", "alternatives": ["60", "60", "68"]}, {"date": "2024-04-07-07-00-00", "alternatives": ["60", "60", "68"]}, {"date": "2024-04-07-22-00-00", "alternatives": ["60", "60", "80"]}, {"date": "2024-04-07-22-00-00", "alternatives": ["60", "60", "80"]}, {"date": "2024-04-08-01-00-00", "alternatives": ["1", "22", "22"]}, {"date": "2024-04-08-01-00-00", "alternatives": ["1", "22", "22"]}, {"date": "2024-04-07-07-00-00", "alternatives": ["85", "85", "89"]}, {"date": "2024-04-07-09-00-00", "alternatives": ["96", "96", "98"]}]}, {"location": {"country_code": "us", "region": "Delaware"}, "game_id": "464426", "values": [{"date": "2024-04-07-23-00-00", "alternatives": ["76", "76", "78"]}, {"date": "2024-04-07-23-00-00", "alternatives": ["76", "76", "78"]}, {"date": "2024-04-07-23-00-00", "alternatives": ["76", "76", "78"]}, {"date": "2024-04-07-23-00-00", "alternatives": ["76", "76", "78"]}]}, {"location": {"country_code": "us", "region": "Texas", "city": "Pasadena"}, "game_id": "464426", "values": [{"date": "2024-04-07-03-00-00", "alternatives": ["31", "3", "31"]}, {"date": "2024-04-07-03-00-00", "alternatives": ["31", "3", "31"]}]}, {"location": {"country_code": "us", "region": "Florida", "city": "Gainesville"}, "game_id": "464426", "values": [{"date": "2024-04-07-18-00-00", "alternatives": ["20", "20", "728"]}]}, {"location": {"country_code": "us", "region": "Virginia", "city": "Newport News"}, "game_id": "464426", "values": [{"date": "2024-04-07-08-00-00", "alternatives": [16, 8, 18, 16, 16]}]}, {"location": {"country_code": "tt"}, "game_id": "464426", "values": [{"date": "2024-04-07-10-00-00", "alternatives": ["7", "7", "78"]}]}, {"location": {"country_code": "us", "region": "Puerto Rico", "city": "Mayaguez"}, "game_id": "464426", "values": [{"date": "2024-04-07-07-00-00", "alternatives": ["55", "55", "595"]}]}, {"location": {"country_code": "us", "region": "California", "city": "Pomona"}, "game_id": "464426", "values": [{"date": "2024-04-08-01-00-00", "alternatives": [6, 5, 6, 6]}]}, {"location": {"country_code": "br", "region": "Sao Paulo", "city": "Peruibe"}, "game_id": "464426", "values": [{"date": "2024-04-07-20-00-00", "alternatives": ["5", "5", "19"]}, {"date": "2024-04-07-20-00-00", "alternatives": ["5", "5", "19"]}]}, {"location": {"country_code": "es", "region": "Castille and Leon", "city": "Valladolid"}, "game_id": "464426", "values": [{"date": "2024-04-08-01-00-00", "alternatives": [151, 4151, 151, 151]}, {"date": "2024-04-08-01-00-00", "alternatives": [151, 4151, 151, 151]}]}, {"location": {"country_code": "it", "region": "Sicily"}, "game_id": "464426", "values": [{"date": "2024-04-07-18-00-00", "alternatives": ["25", "25", "7025"]}, {"date": "2024-04-07-18-00-00", "alternatives": ["25", "25", "7025"]}, {"date": "2024-04-07-18-00-00", "alternatives": ["25", "25", "7025"]}]}, {"location": {"country_code": "us", "region": "Michigan", "city": "Grand Rapids"}, "game_id": "464426", "values": [{"date": "2024-04-07-10-00-00", "alternatives": [85, 55, 655, 55, 55]}, {"date": "2024-04-07-10-00-00", "alternatives": [85, 55, 655, 55, 55]}]}, {"location": {"country_code": "es", "region": "Castille-La Mancha", "city": "Cuenca"}, "game_id": "464426", "values": [{"date": "2024-04-07-20-00-00", "alternatives": ["6", "3", "6"]}]}, {"location": {"country_code": "us", "region": "Tennessee", "city": "Chattanooga"}, "game_id": "464426", "values": [{"date": "2024-04-07-18-00-00", "alternatives": ["6", "6", "8"]}, {"date": "2024-04-07-05-00-00", "alternatives": ["21", "2", "21"]}]}, {"location": {"country_code": "es", "region": "Andalusia", "city": "Cordoba"}, "game_id": "464426", "values": [{"date": "2024-04-07-18-00-00", "alternatives": ["30", "30", "38"]}]}, {"location": {"country_code": "es", "region": "Castille and Leon"}, "game_id": "464426", "values": [{"date": "2024-04-08-02-00-00", "alternatives": ["35", "135", "135"]}]}, {"location": {"country_code": "mx", "region": "Michoacan", "city": "Morelia"}, "game_id": "464426", "values": [{"date": "2024-04-07-17-00-00", "alternatives": ["0", "39", "0"]}]}, {"location": {"country_code": "gb", "region": "England", "city": "Nottingham"}, "game_id": "464426", "values": [{"date": "2024-04-07-21-00-00", "alternatives": ["26", "26", "260"]}, {"date": "2024-04-07-21-00-00", "alternatives": ["26", "26", "260"]}]}, {"location": {"country_code": "us", "region": "Pennsylvania", "city": "Allentown"}, "game_id": "464426", "values": [{"date": "2024-04-07-04-00-00", "alternatives": ["10", "10", "18"]}, {"date": "2024-04-07-04-00-00", "alternatives": ["10", "10", "18"]}]}, {"location": {"country_code": "us", "region": "Iowa", "city": "Cedar Rapids"}, "game_id": "464426", "values": [{"date": "2024-04-07-06-00-00", "alternatives": ["16", "18", "18"]}]}, {"location": {"country_code": "it", "region": "Lazio"}, "game_id": "464426", "values": [{"date": "2024-04-07-17-00-00", "alternatives": ["36", "36", "38"]}, {"date": "2024-04-07-17-00-00", "alternatives": ["36", "36", "38"]}]}, {"location": {"country_code": "us", "region": "South Carolina", "city": "Mauldin"}, "game_id": "464426", "values": [{"date": "2024-04-07-03-00-00", "alternatives": [606, 5, 5, 5]}]}, {"location": {"country_code": "sy", "region": "Aleppo Governorate", "city": "Qarah Mazra`ah"}, "game_id": "464426", "values": [{"date": "2024-04-07-23-00-00", "alternatives": ["88", "86", "86"]}, {"date": "2024-04-07-23-00-00", "alternatives": ["88", "86", "86"]}]}, {"location": {"country_code": "ar", "region": "Buenos Aires", "city": "Avellaneda"}, "game_id": "464426", "values": [{"date": "2024-04-07-07-00-00", "alternatives": ["158", "158", "1598"]}, {"date": "2024-04-07-07-00-00", "alternatives": ["158", "158", "1598"]}, {"date": "2024-04-07-07-00-00", "alternatives": ["158", "158", "1598"]}]}, {"location": {"country_code": "gb", "region": "England", "city": "Leicester"}, "game_id": "464426", "values": [{"date": "2024-04-07-22-00-00", "alternatives": ["21", "2", "21"]}]}, {"location": {"country_code": "us", "region": "Florida", "city": "Fort Lauderdale"}, "game_id": "464426", "values": [{"date": "2024-04-07-23-00-00", "alternatives": ["86", "188", "86"]}, {"date": "2024-04-07-23-00-00", "alternatives": ["86", "188", "86"]}, {"date": "2024-04-07-23-00-00", "alternatives": ["86", "188", "86"]}, {"date": "2024-04-07-23-00-00", "alternatives": ["86", "188", "86"]}, {"date": "2024-04-07-23-00-00", "alternatives": ["86", "188", "86"]}, {"date": "2024-04-07-23-00-00", "alternatives": ["86", "188", "86"]}]}, {"location": {"country_code": "mx", "region": "Coahuila"}, "game_id": "464426", "values": [{"date": "2024-04-08-01-00-00", "alternatives": ["88", "88", "188"]}, {"date": "2024-04-08-01-00-00", "alternatives": ["88", "88", "188"]}, {"date": "2024-04-08-01-00-00", "alternatives": ["88", "88", "188"]}]}, {"location": {"country_code": "sa", "region": "Al-Qassim Region"}, "game_id": "464426", "values": [{"date": "2024-04-07-07-00-00", "alternatives": ["97", "97", "87"]}]}, {"location": {"country_code": "fr", "region": "Nord-Passo di Calais-Piccardia", "city": "Bully-les-Mines"}, "game_id": "464426", "values": [{"date": "2024-04-07-18-00-00", "alternatives": ["8", "18", "18"]}]}, {"location": {"country_code": "us", "region": "California", "city": "Hayward"}, "game_id": "464426", "values": [{"date": "2024-04-08-01-00-00", "alternatives": [56, 86, 56, 6, 56]}]}, {"location": {"country_code": "us", "region": "Washington", "city": "Bellevue"}, "game_id": "464426", "values": [{"date": "2024-04-07-06-00-00", "alternatives": ["34", "1", "34"]}]}, {"location": {"country_code": "sa", "region": "Eastern Province", "city": "Al Khubar"}, "game_id": "464426", "values": [{"date": "2024-04-07-15-00-00", "alternatives": ["7", "7", "71"]}]}, {"location": {"country_code": "ie", "region": "", "city": "Cork"}, "game_id": "464426", "values": [{"date": "2024-04-07-23-00-00", "alternatives": ["30", "36", "30"]}]}, {"location": {"country_code": "co", "region": "Cundinamarca"}, "game_id": "464426", "values": [{"date": "2024-04-07-21-00-00", "alternatives": ["432", "132", "132"]}]}, {"location": {"country_code": "us", "region": "Wisconsin", "city": "Eau Claire"}, "game_id": "464426", "values": [{"date": "2024-04-07-05-00-00", "alternatives": ["26", "26", "28"]}]}, {"location": {"country_code": "us", "region": "Texas", "city": "Humble"}, "game_id": "464426", "values": [{"date": "2024-04-07-04-00-00", "alternatives": ["25", "25", "29"]}]}, {"location": {"country_code": "us", "region": "Texas", "city": "Pearland"}, "game_id": "464426", "values": [{"date": "2024-04-07-04-00-00", "alternatives": ["58", "58", "98"]}]}, {"location": {"country_code": "us", "region": "Hawaii", "city": "Pearl City"}, "game_id": "464426", "values": [{"date": "2024-04-08-00-00-00", "alternatives": ["62", "62", "262"]}]}, {"location": {"country_code": "us", "region": "Washington", "city": "Auburn"}, "game_id": "464426", "values": [{"date": "2024-04-07-21-00-00", "alternatives": ["25", "25", "285"]}]}, {"location": {"country_code": "us", "region": "Ohio", "city": "Defiance"}, "game_id": "464426", "values": [{"date": "2024-04-07-22-00-00", "alternatives": ["28", "28", "2"]}]}, {"location": {"country_code": "fr", "region": "Ile-de-France Region", "city": "Roissy-en-France"}, "game_id": "464426", "values": [{"date": "2024-04-07-02-00-00", "alternatives": ["20", "20", "28"]}]}, {"location": {"country_code": "cz", "region": "Plzen Region"}, "game_id": "464426", "values": [{"date": "2024-04-07-20-00-00", "alternatives": ["19", "6", "19"]}]}, {"location": {"country_code": "it", "region": "Sicily", "city": "San Gregorio di Catania"}, "game_id": "464426", "values": [{"date": "2024-04-07-16-00-00", "alternatives": ["15", "15", "19"]}, {"date": "2024-04-07-16-00-00", "alternatives": ["15", "15", "19"]}]}, {"location": {"country_code": "us", "region": "Texas", "city": "Beaumont"}, "game_id": "464426", "values": [{"date": "2024-04-07-20-00-00", "alternatives": ["12", "2", "12"]}, {"date": "2024-04-07-20-00-00", "alternatives": ["12", "2", "12"]}]}, {"location": {"country_code": "us", "region": "South Carolina", "city": "Sumter"}, "game_id": "464426", "values": [{"date": "2024-04-08-00-00-00", "alternatives": ["38", "38", "3"]}]}, {"location": {"country_code": "us", "region": "Georgia", "city": "Marietta"}, "game_id": "464426", "values": [{"date": "2024-04-07-09-00-00", "alternatives": ["1", "11", "11"]}, {"date": "2024-04-07-09-00-00", "alternatives": ["1", "11", "11"]}]}, {"location": {"country_code": "it", "region": "Tuscany", "city": "Altopascio"}, "game_id": "464426", "values": [{"date": "2024-04-07-17-00-00", "alternatives": ["19", "19", "18"]}]}, {"location": {"country_code": "tr", "region": "Akdeniz Bolgesi"}, "game_id": "464426", "values": [{"date": "2024-04-07-20-00-00", "alternatives": ["58", "58", "88"]}]}, {"location": {"country_code": "ar", "region": "Buenos Aires", "city": "Monte Grande"}, "game_id": "464426", "values": [{"date": "2024-04-07-23-00-00", "alternatives": ["162", "4162", "162"]}]}, {"location": {"country_code": "mx", "region": "State of Mexico", "city": "Nezahualcoyotl"}, "game_id": "464426", "values": [{"date": "2024-04-07-22-00-00", "alternatives": ["43", "43", "83"]}]}, {"location": {"country_code": "us", "region": "North Carolina", "city": "Lenoir"}, "game_id": "464426", "values": [{"date": "2024-04-07-20-00-00", "alternatives": ["67", "67", "87"]}, {"date": "2024-04-07-20-00-00", "alternatives": ["67", "67", "87"]}]}, {"location": {"country_code": "us", "region": "Missouri", "city": "Kirksville"}, "game_id": "464426", "values": [{"date": "2024-04-07-03-00-00", "alternatives": ["30", "30", "38"]}]}, {"location": {"country_code": "us", "region": "Illinois", "city": "Ridge Farm"}, "game_id": "464426", "values": [{"date": "2024-04-07-03-00-00", "alternatives": ["27", "27", "21"]}]}, {"location": {"country_code": "fi", "region": "Aland Islands", "city": "Mariehamn"}, "game_id": "464426", "values": [{"date": "2024-04-07-21-00-00", "alternatives": ["15", "15", "715"]}]}], "last_updated": 1719918289.355729}