{"data": [{"location": {"country_code": "cu"}, "game_id": "135305", "values": [{"date": "2023-05-16-20-00-00", "alternatives": [54, 15, 154, 154, 154]}]}, {"location": {"country_code": "nz"}, "game_id": "135305", "values": [{"date": "2023-05-16-04-00-00", "alternatives": ["199", "661", "199"]}, {"date": "2023-05-16-04-00-00", "alternatives": ["199", "661", "199"]}, {"date": "2023-05-16-04-00-00", "alternatives": ["199", "661", "199"]}]}, {"location": {"country_code": "us"}, "game_id": "135305", "values": [{"date": "2023-05-17-02-00-00", "alternatives": ["99", "39", "39"]}, {"date": "2023-05-17-02-00-00", "alternatives": ["99", "39", "39"]}, {"date": "2023-05-17-02-00-00", "alternatives": ["99", "39", "39"]}, {"date": "2023-05-17-02-00-00", "alternatives": ["99", "39", "39"]}, {"date": "2023-05-17-01-00-00", "alternatives": ["66", "66", "46"]}, {"date": "2023-05-16-03-00-00", "alternatives": ["07", "92", "7"]}, {"date": "2023-05-16-20-00-00", "alternatives": ["25", "25", "0"]}, {"date": "2023-05-16-20-00-00", "alternatives": ["25", "25", "0"]}, {"date": "2023-05-16-20-00-00", "alternatives": ["25", "25", "0"]}, {"date": "2023-05-17-02-00-00", "alternatives": ["30", "30", "3"]}, {"date": "2023-05-16-22-00-00", "alternatives": ["22", "2", "22"]}, {"date": "2023-05-16-22-00-00", "alternatives": ["22", "2", "22"]}, {"date": "2023-05-17-02-00-00", "alternatives": ["75", "75", "751"]}, {"date": "2023-05-17-01-00-00", "alternatives": ["12", "2", "12"]}, {"date": "2023-05-17-01-00-00", "alternatives": ["12", "2", "12"]}, {"date": "2023-05-17-01-00-00", "alternatives": ["12", "2", "12"]}, {"date": "2023-05-16-19-00-00", "alternatives": ["2", "2", "82"]}, {"date": "2023-05-16-19-00-00", "alternatives": ["2", "2", "82"]}, {"date": "2023-05-16-19-00-00", "alternatives": ["2", "2", "82"]}, {"date": "2023-05-16-19-00-00", "alternatives": ["2", "2", "82"]}, {"date": "2023-05-16-19-00-00", "alternatives": ["2", "2", "82"]}, {"date": "2023-05-16-19-00-00", "alternatives": ["2", "2", "82"]}, {"date": "2023-05-16-19-00-00", "alternatives": ["2", "2", "82"]}, {"date": "2023-05-16-19-00-00", "alternatives": ["2", "2", "82"]}, {"date": "2023-05-16-19-00-00", "alternatives": ["2", "2", "82"]}, {"date": "2023-05-16-19-00-00", "alternatives": ["91", "9", "91"]}, {"date": "2023-05-16-19-00-00", "alternatives": ["91", "9", "91"]}, {"date": "2023-05-16-06-00-00", "alternatives": ["59", "69", "59"]}, {"date": "2023-05-16-11-00-00", "alternatives": ["8", "81", "8"]}, {"date": "2023-05-16-11-00-00", "alternatives": ["8", "81", "8"]}]}, {"location": {"country_code": "us", "region": "New York", "city": "Jamestown"}, "game_id": "135305", "values": [{"date": "2023-05-16-22-00-00", "alternatives": ["15", "5", "15"]}, {"date": "2023-05-16-22-00-00", "alternatives": ["15", "5", "15"]}, {"date": "2023-05-16-22-00-00", "alternatives": ["15", "5", "15"]}, {"date": "2023-05-16-22-00-00", "alternatives": ["15", "5", "15"]}, {"date": "2023-05-16-22-00-00", "alternatives": ["15", "5", "15"]}, {"date": "2023-05-16-22-00-00", "alternatives": ["15", "5", "15"]}]}, {"location": {"country_code": "gb"}, "game_id": "135305", "values": [{"date": "2023-05-16-16-00-00", "alternatives": ["28", "28", "2"]}, {"date": "2023-05-16-16-00-00", "alternatives": ["28", "28", "2"]}, {"date": "2023-05-17-00-00-00", "alternatives": ["90", "06", "90"]}, {"date": "2023-05-17-00-00-00", "alternatives": ["90", "06", "90"]}, {"date": "2023-05-17-00-00-00", "alternatives": ["90", "06", "90"]}, {"date": "2023-05-16-18-00-00", "alternatives": ["53", "53", "3"]}, {"date": "2023-05-16-18-00-00", "alternatives": ["53", "53", "3"]}, {"date": "2023-05-16-20-00-00", "alternatives": ["09", "109", "109"]}, {"date": "2023-05-16-20-00-00", "alternatives": ["2", "24", "24"]}, {"date": "2023-05-16-20-00-00", "alternatives": ["2", "24", "24"]}, {"date": "2023-05-16-20-00-00", "alternatives": ["2", "24", "24"]}, {"date": "2023-05-16-20-00-00", "alternatives": ["2", "24", "24"]}, {"date": "2023-05-16-20-00-00", "alternatives": ["2", "24", "24"]}]}, {"location": {"country_code": "gb", "region": "England", "city": "London"}, "game_id": "135305", "values": [{"date": "2023-05-16-05-00-00", "alternatives": ["84", "84", "4"]}, {"date": "2023-05-16-05-00-00", "alternatives": ["84", "84", "4"]}, {"date": "2023-05-16-05-00-00", "alternatives": ["84", "84", "4"]}, {"date": "2023-05-16-21-00-00", "alternatives": ["50", "50018", "50"]}, {"date": "2023-05-16-21-00-00", "alternatives": ["50", "50018", "50"]}]}, {"location": {"country_code": "gb", "region": "Northern Ireland"}, "game_id": "135305", "values": [{"date": "2023-05-16-22-00-00", "alternatives": ["116", "110", "110"]}, {"date": "2023-05-16-22-00-00", "alternatives": ["116", "110", "110"]}]}, {"location": {"country_code": "th"}, "game_id": "135305", "values": [{"date": "2023-05-16-11-00-00", "alternatives": ["05", "105", "105"]}, {"date": "2023-05-16-11-00-00", "alternatives": ["05", "105", "105"]}, {"date": "2023-05-16-14-00-00", "alternatives": ["0", "0", "107"]}, {"date": "2023-05-16-14-00-00", "alternatives": ["0", "0", "107"]}, {"date": "2023-05-16-14-00-00", "alternatives": ["0", "0", "107"]}, {"date": "2023-05-16-14-00-00", "alternatives": ["0", "0", "107"]}, {"date": "2023-05-16-14-00-00", "alternatives": ["0", "0", "107"]}, {"date": "2023-05-16-14-00-00", "alternatives": ["0", "0", "107"]}, {"date": "2023-05-16-17-00-00", "alternatives": ["29", "19", "29"]}, {"date": "2023-05-16-17-00-00", "alternatives": ["29", "19", "29"]}, {"date": "2023-05-16-17-00-00", "alternatives": ["29", "19", "29"]}, {"date": "2023-05-16-17-00-00", "alternatives": ["29", "19", "29"]}, {"date": "2023-05-16-17-00-00", "alternatives": ["29", "19", "29"]}, {"date": "2023-05-16-17-00-00", "alternatives": ["29", "19", "29"]}, {"date": "2023-05-16-17-00-00", "alternatives": ["29", "19", "29"]}, {"date": "2023-05-16-17-00-00", "alternatives": ["29", "19", "29"]}, {"date": "2023-05-16-17-00-00", "alternatives": ["29", "19", "29"]}, {"date": "2023-05-16-15-00-00", "alternatives": ["10", "110", "110"]}, {"date": "2023-05-16-05-00-00", "alternatives": ["109", "100", "109"]}, {"date": "2023-05-16-09-00-00", "alternatives": ["108", "108", "08"]}, {"date": "2023-05-16-09-00-00", "alternatives": ["108", "108", "08"]}, {"date": "2023-05-16-09-00-00", "alternatives": ["108", "108", "08"]}, {"date": "2023-05-16-09-00-00", "alternatives": ["108", "108", "08"]}, {"date": "2023-05-16-09-00-00", "alternatives": ["108", "108", "08"]}, {"date": "2023-05-16-09-00-00", "alternatives": ["108", "108", "08"]}, {"date": "2023-05-16-09-00-00", "alternatives": ["108", "108", "08"]}, {"date": "2023-05-16-09-00-00", "alternatives": ["108", "108", "08"]}, {"date": "2023-05-16-09-00-00", "alternatives": ["108", "108", "08"]}, {"date": "2023-05-16-09-00-00", "alternatives": ["108", "108", "08"]}, {"date": "2023-05-16-09-00-00", "alternatives": ["108", "108", "08"]}, {"date": "2023-05-16-09-00-00", "alternatives": ["108", "108", "08"]}, {"date": "2023-05-16-16-00-00", "alternatives": ["18", "18", "108"]}]}, {"location": {"country_code": "gr"}, "game_id": "135305", "values": [{"date": "2023-05-16-19-00-00", "alternatives": ["68", "68", "8"]}]}, {"location": {"country_code": "pa"}, "game_id": "135305", "values": [{"date": "2023-05-16-04-00-00", "alternatives": ["110", "110", "10"]}]}, {"location": {"country_code": "nl"}, "game_id": "135305", "values": [{"date": "2023-05-16-18-00-00", "alternatives": ["15", "5", "15"]}, {"date": "2023-05-16-18-00-00", "alternatives": ["15", "5", "15"]}, {"date": "2023-05-16-18-00-00", "alternatives": ["15", "5", "15"]}, {"date": "2023-05-16-18-00-00", "alternatives": ["15", "5", "15"]}, {"date": "2023-05-16-17-00-00", "alternatives": ["90", "06", "90"]}, {"date": "2023-05-16-03-00-00", "alternatives": ["25", "257", "257"]}, {"date": "2023-05-16-03-00-00", "alternatives": ["25", "257", "257"]}, {"date": "2023-05-16-03-00-00", "alternatives": ["25", "257", "257"]}, {"date": "2023-05-17-01-00-00", "alternatives": ["08", "108", "108"]}, {"date": "2023-05-17-01-00-00", "alternatives": ["08", "108", "108"]}, {"date": "2023-05-17-01-00-00", "alternatives": ["08", "108", "108"]}, {"date": "2023-05-17-01-00-00", "alternatives": ["08", "108", "108"]}]}, {"location": {"country_code": "it"}, "game_id": "135305", "values": [{"date": "2023-05-16-19-00-00", "alternatives": ["39", "68", "39"]}, {"date": "2023-05-16-19-00-00", "alternatives": ["39", "68", "39"]}, {"date": "2023-05-16-19-00-00", "alternatives": ["39", "68", "39"]}, {"date": "2023-05-16-15-00-00", "alternatives": ["3", "36", "36"]}, {"date": "2023-05-16-18-00-00", "alternatives": ["38", "88", "38"]}]}, {"location": {"country_code": "ro"}, "game_id": "135305", "values": [{"date": "2023-05-16-21-00-00", "alternatives": ["10", "40", "40"]}, {"date": "2023-05-16-21-00-00", "alternatives": ["10", "40", "40"]}, {"date": "2023-05-16-21-00-00", "alternatives": ["10", "40", "40"]}, {"date": "2023-05-16-21-00-00", "alternatives": ["10", "40", "40"]}]}, {"location": {"country_code": "za"}, "game_id": "135305", "values": [{"date": "2023-05-16-21-00-00", "alternatives": ["72", "2", "72"]}, {"date": "2023-05-16-21-00-00", "alternatives": ["57", "157", "157"]}, {"date": "2023-05-16-21-00-00", "alternatives": ["57", "157", "157"]}, {"date": "2023-05-16-21-00-00", "alternatives": ["57", "157", "157"]}, {"date": "2023-05-16-21-00-00", "alternatives": ["57", "157", "157"]}, {"date": "2023-05-16-21-00-00", "alternatives": ["57", "157", "157"]}, {"date": "2023-05-16-21-00-00", "alternatives": ["57", "157", "157"]}, {"date": "2023-05-16-21-00-00", "alternatives": ["57", "157", "157"]}, {"date": "2023-05-16-21-00-00", "alternatives": ["57", "157", "157"]}, {"date": "2023-05-16-16-00-00", "alternatives": ["256", "236", "256"]}]}, {"location": {"country_code": "jp"}, "game_id": "135305", "values": [{"date": "2023-05-16-16-00-00", "alternatives": ["0", "0", "10"]}, {"date": "2023-05-16-16-00-00", "alternatives": ["0", "0", "10"]}, {"date": "2023-05-16-15-00-00", "alternatives": ["12", "12", "2"]}, {"date": "2023-05-16-15-00-00", "alternatives": ["12", "12", "2"]}, {"date": "2023-05-16-15-00-00", "alternatives": ["12", "12", "2"]}, {"date": "2023-05-16-15-00-00", "alternatives": ["12", "12", "2"]}, {"date": "2023-05-16-13-00-00", "alternatives": ["12", "2", "12"]}, {"date": "2023-05-16-13-00-00", "alternatives": ["12", "2", "12"]}, {"date": "2023-05-16-13-00-00", "alternatives": ["12", "2", "12"]}, {"date": "2023-05-16-13-00-00", "alternatives": ["12", "2", "12"]}, {"date": "2023-05-16-07-00-00", "alternatives": [6, 6, 6]}, {"date": "2023-05-16-07-00-00", "alternatives": [6, 6, 6]}, {"date": "2023-05-17-02-00-00", "alternatives": ["1", "10", "1"]}, {"date": "2023-05-17-02-00-00", "alternatives": ["1", "10", "1"]}, {"date": "2023-05-17-02-00-00", "alternatives": ["1", "10", "1"]}, {"date": "2023-05-16-16-00-00", "alternatives": ["24", "28", "24"]}, {"date": "2023-05-16-16-00-00", "alternatives": ["24", "28", "24"]}, {"date": "2023-05-16-16-00-00", "alternatives": ["24", "28", "24"]}, {"date": "2023-05-16-19-00-00", "alternatives": ["15", "5", "15"]}, {"date": "2023-05-16-19-00-00", "alternatives": ["15", "5", "15"]}, {"date": "2023-05-16-19-00-00", "alternatives": ["15", "5", "15"]}, {"date": "2023-05-16-19-00-00", "alternatives": ["15", "5", "15"]}, {"date": "2023-05-16-19-00-00", "alternatives": ["15", "5", "15"]}, {"date": "2023-05-16-19-00-00", "alternatives": ["15", "5", "15"]}, {"date": "2023-05-16-19-00-00", "alternatives": ["15", "5", "15"]}, {"date": "2023-05-16-19-00-00", "alternatives": ["15", "5", "15"]}, {"date": "2023-05-16-21-00-00", "alternatives": ["261", "261", "26"]}, {"date": "2023-05-16-23-00-00", "alternatives": ["23", "20", "23"]}, {"date": "2023-05-16-23-00-00", "alternatives": ["23", "20", "23"]}, {"date": "2023-05-16-18-00-00", "alternatives": [6, 66, 6, 6]}, {"date": "2023-05-16-12-00-00", "alternatives": ["1", "13", "13"]}, {"date": "2023-05-16-12-00-00", "alternatives": ["1", "13", "13"]}, {"date": "2023-05-16-14-00-00", "alternatives": ["16", "6", "16"]}, {"date": "2023-05-16-14-00-00", "alternatives": ["16", "6", "16"]}, {"date": "2023-05-16-14-00-00", "alternatives": ["16", "6", "16"]}, {"date": "2023-05-16-14-00-00", "alternatives": ["16", "6", "16"]}, {"date": "2023-05-16-14-00-00", "alternatives": ["16", "6", "16"]}, {"date": "2023-05-16-14-00-00", "alternatives": ["16", "6", "16"]}, {"date": "2023-05-16-14-00-00", "alternatives": ["16", "6", "16"]}, {"date": "2023-05-16-14-00-00", "alternatives": ["16", "6", "16"]}, {"date": "2023-05-16-08-00-00", "alternatives": ["12", "2", "12"]}, {"date": "2023-05-16-18-00-00", "alternatives": ["68", "89", "68"]}, {"date": "2023-05-16-18-00-00", "alternatives": ["68", "89", "68"]}, {"date": "2023-05-16-18-00-00", "alternatives": ["68", "89", "68"]}, {"date": "2023-05-16-18-00-00", "alternatives": ["68", "89", "68"]}, {"date": "2023-05-16-18-00-00", "alternatives": ["68", "89", "68"]}, {"date": "2023-05-16-18-00-00", "alternatives": ["68", "89", "68"]}]}, {"location": {"country_code": "jp", "region": "Hiroshima"}, "game_id": "135305", "values": [{"date": "2023-05-16-14-00-00", "alternatives": ["21", "2", "2"]}, {"date": "2023-05-16-14-00-00", "alternatives": ["21", "2", "2"]}, {"date": "2023-05-16-14-00-00", "alternatives": ["21", "2", "2"]}, {"date": "2023-05-16-14-00-00", "alternatives": ["21", "2", "2"]}]}, {"location": {"country_code": "jp", "region": "Tokyo"}, "game_id": "135305", "values": [{"date": "2023-05-16-17-00-00", "alternatives": ["4", "4", "14"]}, {"date": "2023-05-16-17-00-00", "alternatives": ["4", "4", "14"]}, {"date": "2023-05-16-17-00-00", "alternatives": ["4", "4", "14"]}, {"date": "2023-05-16-20-00-00", "alternatives": ["12", "2", "12"]}, {"date": "2023-05-16-20-00-00", "alternatives": ["12", "2", "12"]}, {"date": "2023-05-16-20-00-00", "alternatives": ["12", "2", "12"]}, {"date": "2023-05-16-20-00-00", "alternatives": ["12", "2", "12"]}, {"date": "2023-05-16-20-00-00", "alternatives": ["12", "2", "12"]}, {"date": "2023-05-16-03-00-00", "alternatives": ["219", "213", "213"]}, {"date": "2023-05-16-15-00-00", "alternatives": ["25", "245", "245"]}, {"date": "2023-05-16-15-00-00", "alternatives": ["25", "245", "245"]}]}, {"location": {"country_code": "ca"}, "game_id": "135305", "values": [{"date": "2023-05-16-05-00-00", "alternatives": ["85", "85", "5"]}, {"date": "2023-05-17-00-00-00", "alternatives": ["152", "152", "12"]}, {"date": "2023-05-17-00-00-00", "alternatives": ["152", "152", "12"]}, {"date": "2023-05-17-00-00-00", "alternatives": ["152", "152", "12"]}, {"date": "2023-05-17-00-00-00", "alternatives": ["152", "152", "12"]}, {"date": "2023-05-17-01-00-00", "alternatives": ["12", "12", "42"]}, {"date": "2023-05-16-18-00-00", "alternatives": ["49", "6", "49"]}, {"date": "2023-05-16-12-00-00", "alternatives": ["86", "86", "6"]}, {"date": "2023-05-16-12-00-00", "alternatives": ["86", "86", "6"]}, {"date": "2023-05-16-12-00-00", "alternatives": ["86", "86", "6"]}, {"date": "2023-05-16-12-00-00", "alternatives": ["86", "86", "6"]}, {"date": "2023-05-16-12-00-00", "alternatives": ["86", "86", "6"]}, {"date": "2023-05-16-12-00-00", "alternatives": ["86", "86", "6"]}, {"date": "2023-05-16-12-00-00", "alternatives": ["86", "86", "6"]}, {"date": "2023-05-16-12-00-00", "alternatives": ["86", "86", "6"]}, {"date": "2023-05-16-12-00-00", "alternatives": ["86", "86", "6"]}, {"date": "2023-05-16-12-00-00", "alternatives": ["86", "86", "6"]}, {"date": "2023-05-16-12-00-00", "alternatives": ["86", "86", "6"]}, {"date": "2023-05-16-12-00-00", "alternatives": ["86", "86", "6"]}, {"date": "2023-05-16-12-00-00", "alternatives": ["86", "86", "6"]}, {"date": "2023-05-17-02-00-00", "alternatives": ["3", "35", "3"]}, {"date": "2023-05-16-16-00-00", "alternatives": ["9", "109", "109"]}, {"date": "2023-05-16-16-00-00", "alternatives": ["9", "109", "109"]}, {"date": "2023-05-16-16-00-00", "alternatives": ["9", "109", "109"]}, {"date": "2023-05-16-16-00-00", "alternatives": ["9", "109", "109"]}, {"date": "2023-05-16-16-00-00", "alternatives": ["9", "109", "109"]}, {"date": "2023-05-17-01-00-00", "alternatives": ["38", "38", "3"]}, {"date": "2023-05-17-01-00-00", "alternatives": ["38", "38", "3"]}, {"date": "2023-05-16-04-00-00", "alternatives": ["38", "38", "3"]}, {"date": "2023-05-16-04-00-00", "alternatives": ["38", "38", "3"]}]}, {"location": {"country_code": "ch"}, "game_id": "135305", "values": [{"date": "2023-05-16-22-00-00", "alternatives": ["59", "598", "59"]}, {"date": "2023-05-16-22-00-00", "alternatives": ["59", "598", "59"]}]}, {"location": {"country_code": "de"}, "game_id": "135305", "values": [{"date": "2023-05-16-22-00-00", "alternatives": ["3", "37", "3"]}, {"date": "2023-05-16-22-00-00", "alternatives": ["3", "37", "3"]}, {"date": "2023-05-16-22-00-00", "alternatives": ["3", "37", "3"]}, {"date": "2023-05-16-22-00-00", "alternatives": ["3", "37", "3"]}, {"date": "2023-05-16-21-00-00", "alternatives": ["9", "22", "22"]}, {"date": "2023-05-16-19-00-00", "alternatives": [4, 14, 4, 4]}, {"date": "2023-05-16-19-00-00", "alternatives": [4, 14, 4, 4]}, {"date": "2023-05-16-19-00-00", "alternatives": [4, 14, 4, 4]}, {"date": "2023-05-16-19-00-00", "alternatives": [4, 14, 4, 4]}, {"date": "2023-05-16-19-00-00", "alternatives": [4, 14, 4, 4]}, {"date": "2023-05-16-19-00-00", "alternatives": [4, 14, 4, 4]}, {"date": "2023-05-16-19-00-00", "alternatives": [4, 14, 4, 4]}, {"date": "2023-05-16-13-00-00", "alternatives": [215, 42, 2, 42, 42]}, {"date": "2023-05-16-13-00-00", "alternatives": [215, 42, 2, 42, 42]}, {"date": "2023-05-16-13-00-00", "alternatives": [215, 42, 2, 42, 42]}, {"date": "2023-05-16-13-00-00", "alternatives": [215, 42, 2, 42, 42]}, {"date": "2023-05-16-13-00-00", "alternatives": [215, 42, 2, 42, 42]}, {"date": "2023-05-16-18-00-00", "alternatives": ["1", "10", "10"]}, {"date": "2023-05-16-18-00-00", "alternatives": ["1", "10", "10"]}]}, {"location": {"country_code": "tw"}, "game_id": "135305", "values": [{"date": "2023-05-16-16-00-00", "alternatives": ["58", "58", "5"]}, {"date": "2023-05-16-16-00-00", "alternatives": ["58", "58", "5"]}, {"date": "2023-05-16-16-00-00", "alternatives": ["58", "58", "5"]}, {"date": "2023-05-16-18-00-00", "alternatives": ["53", "53", "3"]}, {"date": "2023-05-16-18-00-00", "alternatives": ["53", "53", "3"]}, {"date": "2023-05-16-14-00-00", "alternatives": ["15", "45", "45"]}, {"date": "2023-05-16-14-00-00", "alternatives": ["15", "45", "45"]}, {"date": "2023-05-16-14-00-00", "alternatives": ["15", "45", "45"]}, {"date": "2023-05-16-14-00-00", "alternatives": ["15", "45", "45"]}, {"date": "2023-05-16-14-00-00", "alternatives": ["15", "45", "45"]}, {"date": "2023-05-16-11-00-00", "alternatives": ["87", "87", "7"]}, {"date": "2023-05-16-11-00-00", "alternatives": ["87", "87", "7"]}, {"date": "2023-05-16-11-00-00", "alternatives": ["87", "87", "7"]}, {"date": "2023-05-16-11-00-00", "alternatives": ["87", "87", "7"]}, {"date": "2023-05-16-11-00-00", "alternatives": ["87", "87", "7"]}, {"date": "2023-05-16-14-00-00", "alternatives": ["63", "03", "63"]}, {"date": "2023-05-16-15-00-00", "alternatives": ["21", "214", "214"]}, {"date": "2023-05-16-11-00-00", "alternatives": ["53", "53", "3"]}, {"date": "2023-05-16-11-00-00", "alternatives": ["53", "53", "3"]}, {"date": "2023-05-16-11-00-00", "alternatives": ["53", "53", "3"]}, {"date": "2023-05-16-16-00-00", "alternatives": ["39", "22", "39"]}, {"date": "2023-05-16-16-00-00", "alternatives": ["39", "22", "39"]}, {"date": "2023-05-16-15-00-00", "alternatives": [17, 7, 47, 47, 47]}, {"date": "2023-05-16-15-00-00", "alternatives": [17, 7, 47, 47, 47]}, {"date": "2023-05-16-15-00-00", "alternatives": [17, 7, 47, 47, 47]}, {"date": "2023-05-16-15-00-00", "alternatives": [17, 7, 47, 47, 47]}, {"date": "2023-05-16-15-00-00", "alternatives": [17, 7, 47, 47, 47]}, {"date": "2023-05-16-15-00-00", "alternatives": [17, 7, 47, 47, 47]}, {"date": "2023-05-16-15-00-00", "alternatives": [17, 7, 47, 47, 47]}, {"date": "2023-05-16-15-00-00", "alternatives": [17, 7, 47, 47, 47]}, {"date": "2023-05-16-15-00-00", "alternatives": [17, 7, 47, 47, 47]}, {"date": "2023-05-16-15-00-00", "alternatives": [17, 7, 47, 47, 47]}, {"date": "2023-05-16-15-00-00", "alternatives": [17, 7, 47, 47, 47]}, {"date": "2023-05-16-15-00-00", "alternatives": [17, 7, 47, 47, 47]}, {"date": "2023-05-16-15-00-00", "alternatives": [17, 7, 47, 47, 47]}, {"date": "2023-05-16-15-00-00", "alternatives": [17, 7, 47, 47, 47]}, {"date": "2023-05-16-15-00-00", "alternatives": [17, 7, 47, 47, 47]}, {"date": "2023-05-16-15-00-00", "alternatives": [17, 7, 47, 47, 47]}, {"date": "2023-05-16-15-00-00", "alternatives": [17, 7, 47, 47, 47]}, {"date": "2023-05-16-15-00-00", "alternatives": [17, 7, 47, 47, 47]}, {"date": "2023-05-16-15-00-00", "alternatives": [17, 7, 47, 47, 47]}, {"date": "2023-05-16-15-00-00", "alternatives": [17, 7, 47, 47, 47]}, {"date": "2023-05-16-15-00-00", "alternatives": [17, 7, 47, 47, 47]}, {"date": "2023-05-16-15-00-00", "alternatives": [17, 7, 47, 47, 47]}, {"date": "2023-05-16-15-00-00", "alternatives": [17, 7, 47, 47, 47]}, {"date": "2023-05-16-15-00-00", "alternatives": [17, 7, 47, 47, 47]}, {"date": "2023-05-16-15-00-00", "alternatives": [17, 7, 47, 47, 47]}, {"date": "2023-05-16-15-00-00", "alternatives": [17, 7, 47, 47, 47]}, {"date": "2023-05-16-15-00-00", "alternatives": [17, 7, 47, 47, 47]}, {"date": "2023-05-16-15-00-00", "alternatives": [17, 7, 47, 47, 47]}, {"date": "2023-05-16-15-00-00", "alternatives": [17, 7, 47, 47, 47]}, {"date": "2023-05-16-15-00-00", "alternatives": [17, 7, 47, 47, 47]}, {"date": "2023-05-16-15-00-00", "alternatives": [17, 7, 47, 47, 47]}, {"date": "2023-05-16-15-00-00", "alternatives": [17, 7, 47, 47, 47]}, {"date": "2023-05-16-15-00-00", "alternatives": [17, 7, 47, 47, 47]}, {"date": "2023-05-16-15-00-00", "alternatives": [17, 7, 47, 47, 47]}, {"date": "2023-05-16-15-00-00", "alternatives": [17, 7, 47, 47, 47]}, {"date": "2023-05-16-15-00-00", "alternatives": [17, 7, 47, 47, 47]}, {"date": "2023-05-16-15-00-00", "alternatives": [17, 7, 47, 47, 47]}, {"date": "2023-05-16-15-00-00", "alternatives": [17, 7, 47, 47, 47]}, {"date": "2023-05-16-15-00-00", "alternatives": [17, 7, 47, 47, 47]}, {"date": "2023-05-16-15-00-00", "alternatives": [17, 7, 47, 47, 47]}, {"date": "2023-05-16-15-00-00", "alternatives": [17, 7, 47, 47, 47]}, {"date": "2023-05-16-15-00-00", "alternatives": [17, 7, 47, 47, 47]}, {"date": "2023-05-16-15-00-00", "alternatives": [17, 7, 47, 47, 47]}, {"date": "2023-05-16-15-00-00", "alternatives": [17, 7, 47, 47, 47]}, {"date": "2023-05-16-15-00-00", "alternatives": [17, 7, 47, 47, 47]}, {"date": "2023-05-16-15-00-00", "alternatives": [17, 7, 47, 47, 47]}, {"date": "2023-05-16-15-00-00", "alternatives": [17, 7, 47, 47, 47]}, {"date": "2023-05-16-15-00-00", "alternatives": [17, 7, 47, 47, 47]}, {"date": "2023-05-16-15-00-00", "alternatives": [17, 7, 47, 47, 47]}, {"date": "2023-05-16-15-00-00", "alternatives": [17, 7, 47, 47, 47]}, {"date": "2023-05-16-15-00-00", "alternatives": [17, 7, 47, 47, 47]}, {"date": "2023-05-16-15-00-00", "alternatives": [17, 7, 47, 47, 47]}, {"date": "2023-05-16-15-00-00", "alternatives": [17, 7, 47, 47, 47]}, {"date": "2023-05-16-15-00-00", "alternatives": [17, 7, 47, 47, 47]}, {"date": "2023-05-16-15-00-00", "alternatives": [17, 7, 47, 47, 47]}, {"date": "2023-05-16-15-00-00", "alternatives": [17, 7, 47, 47, 47]}, {"date": "2023-05-16-15-00-00", "alternatives": [17, 7, 47, 47, 47]}, {"date": "2023-05-16-15-00-00", "alternatives": [17, 7, 47, 47, 47]}, {"date": "2023-05-16-15-00-00", "alternatives": [17, 7, 47, 47, 47]}, {"date": "2023-05-16-15-00-00", "alternatives": [17, 7, 47, 47, 47]}, {"date": "2023-05-16-15-00-00", "alternatives": [17, 7, 47, 47, 47]}, {"date": "2023-05-16-15-00-00", "alternatives": [17, 7, 47, 47, 47]}, {"date": "2023-05-16-15-00-00", "alternatives": [17, 7, 47, 47, 47]}, {"date": "2023-05-16-18-00-00", "alternatives": ["59", "59", "39"]}, {"date": "2023-05-16-18-00-00", "alternatives": ["59", "59", "39"]}]}, {"location": {"country_code": "br", "region": "Parana", "city": "Araucaria"}, "game_id": "135305", "values": [{"date": "2023-05-16-06-00-00", "alternatives": ["155", "9", "155"]}, {"date": "2023-05-16-21-00-00", "alternatives": ["131", "131", "13"]}, {"date": "2023-05-16-21-00-00", "alternatives": ["131", "131", "13"]}, {"date": "2023-05-16-21-00-00", "alternatives": ["131", "131", "13"]}, {"date": "2023-05-17-00-00-00", "alternatives": ["55", "155", "155"]}, {"date": "2023-05-17-00-00-00", "alternatives": ["55", "155", "155"]}, {"date": "2023-05-17-00-00-00", "alternatives": ["55", "155", "155"]}, {"date": "2023-05-17-00-00-00", "alternatives": ["55", "155", "155"]}]}, {"location": {"country_code": "gb", "region": "England"}, "game_id": "135305", "values": [{"date": "2023-05-17-01-00-00", "alternatives": ["58", "5805", "58"]}]}, {"location": {"country_code": "cl"}, "game_id": "135305", "values": [{"date": "2023-05-16-02-00-00", "alternatives": ["0", "130", "130"]}, {"date": "2023-05-16-02-00-00", "alternatives": ["0", "130", "130"]}, {"date": "2023-05-16-02-00-00", "alternatives": ["0", "130", "130"]}]}, {"location": {"country_code": "us", "region": "Texas"}, "game_id": "135305", "values": [{"date": "2023-05-17-01-00-00", "alternatives": ["18", "48", "48"]}, {"date": "2023-05-17-01-00-00", "alternatives": ["18", "48", "48"]}, {"date": "2023-05-17-01-00-00", "alternatives": ["18", "48", "48"]}, {"date": "2023-05-17-01-00-00", "alternatives": ["18", "48", "48"]}, {"date": "2023-05-17-01-00-00", "alternatives": ["18", "48", "48"]}, {"date": "2023-05-17-01-00-00", "alternatives": ["18", "48", "48"]}, {"date": "2023-05-17-01-00-00", "alternatives": ["18", "48", "48"]}, {"date": "2023-05-17-01-00-00", "alternatives": ["18", "48", "48"]}]}, {"location": {"country_code": "us", "region": "Florida"}, "game_id": "135305", "values": [{"date": "2023-05-16-21-00-00", "alternatives": ["88", "38", "38"]}, {"date": "2023-05-16-21-00-00", "alternatives": ["88", "38", "38"]}, {"date": "2023-05-16-21-00-00", "alternatives": ["88", "38", "38"]}, {"date": "2023-05-16-21-00-00", "alternatives": ["88", "38", "38"]}, {"date": "2023-05-16-21-00-00", "alternatives": ["88", "38", "38"]}, {"date": "2023-05-16-21-00-00", "alternatives": ["88", "38", "38"]}, {"date": "2023-05-16-21-00-00", "alternatives": ["88", "38", "38"]}, {"date": "2023-05-17-00-00-00", "alternatives": ["54", "4", "54"]}, {"date": "2023-05-17-00-00-00", "alternatives": ["54", "4", "54"]}, {"date": "2023-05-17-00-00-00", "alternatives": ["54", "4", "54"]}, {"date": "2023-05-17-00-00-00", "alternatives": ["54", "4", "54"]}]}, {"location": {"country_code": "ph"}, "game_id": "135305", "values": [{"date": "2023-05-16-21-00-00", "alternatives": ["90", "06", "90"]}, {"date": "2023-05-16-21-00-00", "alternatives": ["90", "06", "90"]}, {"date": "2023-05-16-21-00-00", "alternatives": ["90", "06", "90"]}, {"date": "2023-05-16-21-00-00", "alternatives": ["86", "86", "6"]}, {"date": "2023-05-16-21-00-00", "alternatives": ["86", "86", "6"]}, {"date": "2023-05-16-21-00-00", "alternatives": ["86", "86", "6"]}, {"date": "2023-05-16-20-00-00", "alternatives": ["80", "8", "80"]}, {"date": "2023-05-16-20-00-00", "alternatives": ["80", "8", "80"]}, {"date": "2023-05-16-20-00-00", "alternatives": ["80", "8", "80"]}, {"date": "2023-05-16-20-00-00", "alternatives": ["80", "8", "80"]}, {"date": "2023-05-16-18-00-00", "alternatives": ["82", "82", "2"]}, {"date": "2023-05-16-15-00-00", "alternatives": ["45", "45", "145"]}, {"date": "2023-05-16-15-00-00", "alternatives": ["45", "45", "145"]}, {"date": "2023-05-16-15-00-00", "alternatives": ["45", "45", "145"]}, {"date": "2023-05-16-15-00-00", "alternatives": ["45", "45", "145"]}, {"date": "2023-05-16-15-00-00", "alternatives": ["45", "45", "145"]}, {"date": "2023-05-16-15-00-00", "alternatives": ["257", "267", "257"]}, {"date": "2023-05-16-15-00-00", "alternatives": ["257", "267", "257"]}, {"date": "2023-05-16-15-00-00", "alternatives": ["257", "267", "257"]}, {"date": "2023-05-16-16-00-00", "alternatives": ["82", "82", "2"]}, {"date": "2023-05-16-16-00-00", "alternatives": ["82", "82", "2"]}, {"date": "2023-05-16-16-00-00", "alternatives": ["82", "82", "2"]}, {"date": "2023-05-16-17-00-00", "alternatives": ["98", "283", "98"]}, {"date": "2023-05-16-17-00-00", "alternatives": ["98", "283", "98"]}, {"date": "2023-05-16-15-00-00", "alternatives": ["87", "87", "7"]}, {"date": "2023-05-16-15-00-00", "alternatives": ["87", "87", "7"]}, {"date": "2023-05-16-15-00-00", "alternatives": ["87", "87", "7"]}, {"date": "2023-05-16-15-00-00", "alternatives": ["87", "87", "7"]}, {"date": "2023-05-16-15-00-00", "alternatives": ["87", "87", "7"]}, {"date": "2023-05-16-15-00-00", "alternatives": ["87", "87", "7"]}, {"date": "2023-05-16-15-00-00", "alternatives": ["87", "87", "7"]}, {"date": "2023-05-16-18-00-00", "alternatives": ["84", "4", "4"]}, {"date": "2023-05-16-18-00-00", "alternatives": ["84", "4", "4"]}, {"date": "2023-05-16-18-00-00", "alternatives": ["84", "4", "4"]}]}, {"location": {"country_code": "fr"}, "game_id": "135305", "values": [{"date": "2023-05-16-18-00-00", "alternatives": ["15", "15", "1"]}, {"date": "2023-05-16-18-00-00", "alternatives": ["15", "15", "1"]}, {"date": "2023-05-16-18-00-00", "alternatives": ["15", "15", "1"]}, {"date": "2023-05-16-18-00-00", "alternatives": ["15", "15", "1"]}, {"date": "2023-05-16-18-00-00", "alternatives": ["15", "15", "1"]}, {"date": "2023-05-16-18-00-00", "alternatives": ["15", "15", "1"]}, {"date": "2023-05-16-18-00-00", "alternatives": ["15", "15", "1"]}, {"date": "2023-05-16-06-00-00", "alternatives": ["2", "23", "23"]}, {"date": "2023-05-16-06-00-00", "alternatives": ["2", "23", "23"]}, {"date": "2023-05-16-06-00-00", "alternatives": ["2", "23", "23"]}, {"date": "2023-05-16-06-00-00", "alternatives": ["2", "23", "23"]}, {"date": "2023-05-16-23-00-00", "alternatives": ["703", "70", "70"]}]}, {"location": {"country_code": "mx"}, "game_id": "135305", "values": [{"date": "2023-05-16-07-00-00", "alternatives": ["92", "92", "2"]}, {"date": "2023-05-16-07-00-00", "alternatives": ["92", "92", "2"]}, {"date": "2023-05-17-02-00-00", "alternatives": ["90", "06", "90"]}, {"date": "2023-05-17-02-00-00", "alternatives": ["90", "06", "90"]}, {"date": "2023-05-16-07-00-00", "alternatives": ["6", "1000", "1000"]}, {"date": "2023-05-17-00-00-00", "alternatives": ["09", "109", "109"]}, {"date": "2023-05-17-00-00-00", "alternatives": ["09", "109", "109"]}, {"date": "2023-05-17-01-00-00", "alternatives": [7, 77, 77, 77]}, {"date": "2023-05-17-01-00-00", "alternatives": [7, 77, 77, 77]}, {"date": "2023-05-17-01-00-00", "alternatives": [7, 77, 77, 77]}, {"date": "2023-05-16-18-00-00", "alternatives": ["59", "69", "59"]}]}, {"location": {"country_code": "in"}, "game_id": "135305", "values": [{"date": "2023-05-16-18-00-00", "alternatives": ["42", "142", "142"]}]}, {"location": {"country_code": "us", "region": "California"}, "game_id": "135305", "values": [{"date": "2023-05-16-11-00-00", "alternatives": ["1", "110", "110"]}, {"date": "2023-05-16-11-00-00", "alternatives": ["1", "110", "110"]}]}, {"location": {"country_code": "br"}, "game_id": "135305", "values": [{"date": "2023-05-17-01-00-00", "alternatives": ["1591", "159", "159"]}, {"date": "2023-05-17-01-00-00", "alternatives": ["1591", "159", "159"]}, {"date": "2023-05-17-01-00-00", "alternatives": ["1591", "159", "159"]}, {"date": "2023-05-16-04-00-00", "alternatives": ["14", "14", "141"]}, {"date": "2023-05-16-04-00-00", "alternatives": ["14", "14", "141"]}, {"date": "2023-05-16-04-00-00", "alternatives": ["14", "14", "141"]}, {"date": "2023-05-16-04-00-00", "alternatives": ["14", "14", "141"]}, {"date": "2023-05-16-04-00-00", "alternatives": ["14", "14", "141"]}, {"date": "2023-05-16-04-00-00", "alternatives": ["14", "14", "141"]}, {"date": "2023-05-16-04-00-00", "alternatives": ["14", "14", "141"]}, {"date": "2023-05-16-04-00-00", "alternatives": ["14", "14", "141"]}, {"date": "2023-05-16-04-00-00", "alternatives": ["14", "14", "141"]}, {"date": "2023-05-16-04-00-00", "alternatives": ["14", "14", "141"]}, {"date": "2023-05-16-04-00-00", "alternatives": ["14", "14", "141"]}, {"date": "2023-05-16-04-00-00", "alternatives": ["14", "14", "141"]}, {"date": "2023-05-16-04-00-00", "alternatives": ["14", "14", "141"]}, {"date": "2023-05-16-04-00-00", "alternatives": ["14", "14", "141"]}, {"date": "2023-05-17-02-00-00", "alternatives": ["5", "150", "150"]}, {"date": "2023-05-17-02-00-00", "alternatives": ["5", "150", "150"]}, {"date": "2023-05-17-02-00-00", "alternatives": ["5", "150", "150"]}, {"date": "2023-05-17-02-00-00", "alternatives": ["5", "150", "150"]}, {"date": "2023-05-17-02-00-00", "alternatives": ["5", "150", "150"]}, {"date": "2023-05-17-02-00-00", "alternatives": ["5", "150", "150"]}, {"date": "2023-05-17-02-00-00", "alternatives": ["5", "150", "150"]}, {"date": "2023-05-17-02-00-00", "alternatives": ["5", "150", "150"]}, {"date": "2023-05-17-02-00-00", "alternatives": ["5", "150", "150"]}, {"date": "2023-05-17-02-00-00", "alternatives": ["5", "150", "150"]}, {"date": "2023-05-17-02-00-00", "alternatives": ["5", "150", "150"]}, {"date": "2023-05-17-00-00-00", "alternatives": ["45", "145", "145"]}, {"date": "2023-05-17-00-00-00", "alternatives": ["45", "145", "145"]}, {"date": "2023-05-17-01-00-00", "alternatives": ["135", "35", "135"]}, {"date": "2023-05-17-02-00-00", "alternatives": ["142", "142", "252"]}, {"date": "2023-05-17-02-00-00", "alternatives": ["142", "142", "252"]}, {"date": "2023-05-17-02-00-00", "alternatives": ["163", "3", "163"]}, {"date": "2023-05-17-02-00-00", "alternatives": ["163", "3", "163"]}, {"date": "2023-05-17-02-00-00", "alternatives": ["163", "3", "163"]}, {"date": "2023-05-17-02-00-00", "alternatives": ["163", "3", "163"]}, {"date": "2023-05-17-02-00-00", "alternatives": ["163", "3", "163"]}, {"date": "2023-05-17-02-00-00", "alternatives": ["163", "3", "163"]}, {"date": "2023-05-17-02-00-00", "alternatives": ["163", "3", "163"]}, {"date": "2023-05-17-02-00-00", "alternatives": ["163", "3", "163"]}, {"date": "2023-05-17-02-00-00", "alternatives": ["163", "3", "163"]}, {"date": "2023-05-17-02-00-00", "alternatives": ["163", "3", "163"]}, {"date": "2023-05-17-02-00-00", "alternatives": ["163", "3", "163"]}, {"date": "2023-05-17-02-00-00", "alternatives": ["163", "3", "163"]}, {"date": "2023-05-16-05-00-00", "alternatives": ["9", "39", "9"]}, {"date": "2023-05-17-02-00-00", "alternatives": ["46", "146", "146"]}, {"date": "2023-05-17-02-00-00", "alternatives": ["46", "146", "146"]}, {"date": "2023-05-16-16-00-00", "alternatives": ["126", "2", "126"]}, {"date": "2023-05-16-16-00-00", "alternatives": ["126", "2", "126"]}]}, {"location": {"country_code": "br", "region": "Pernambuco", "city": "Olinda"}, "game_id": "135305", "values": [{"date": "2023-05-16-16-00-00", "alternatives": ["1", "120", "120"]}]}, {"location": {"country_code": "br", "region": "Estado de Bahia", "city": "Malhada"}, "game_id": "135305", "values": [{"date": "2023-05-16-20-00-00", "alternatives": ["176", "17", "176"]}, {"date": "2023-05-16-20-00-00", "alternatives": ["176", "17", "176"]}, {"date": "2023-05-16-20-00-00", "alternatives": ["176", "17", "176"]}, {"date": "2023-05-16-20-00-00", "alternatives": ["176", "17", "176"]}]}, {"location": {"country_code": "br", "region": "Rio Grande do Sul", "city": "Sao Leopoldo"}, "game_id": "135305", "values": [{"date": "2023-05-16-22-00-00", "alternatives": ["1380", "138", "138"]}, {"date": "2023-05-16-22-00-00", "alternatives": ["1380", "138", "138"]}]}, {"location": {"country_code": "br", "region": "Sao Paulo", "city": "Apiai"}, "game_id": "135305", "values": [{"date": "2023-05-16-22-00-00", "alternatives": ["133", "133", "33"]}, {"date": "2023-05-17-01-00-00", "alternatives": ["2", "125", "125"]}, {"date": "2023-05-17-01-00-00", "alternatives": ["136", "13", "136"]}, {"date": "2023-05-17-01-00-00", "alternatives": ["136", "13", "136"]}, {"date": "2023-05-17-01-00-00", "alternatives": ["136", "13", "136"]}, {"date": "2023-05-17-01-00-00", "alternatives": ["136", "13", "136"]}, {"date": "2023-05-17-01-00-00", "alternatives": ["136", "13", "136"]}, {"date": "2023-05-17-01-00-00", "alternatives": ["136", "13", "136"]}, {"date": "2023-05-16-23-00-00", "alternatives": ["43", "143", "143"]}, {"date": "2023-05-16-23-00-00", "alternatives": ["43", "143", "143"]}, {"date": "2023-05-16-23-00-00", "alternatives": ["43", "143", "143"]}, {"date": "2023-05-16-23-00-00", "alternatives": ["43", "143", "143"]}, {"date": "2023-05-16-23-00-00", "alternatives": ["43", "143", "143"]}, {"date": "2023-05-16-23-00-00", "alternatives": ["43", "143", "143"]}, {"date": "2023-05-16-23-00-00", "alternatives": ["43", "143", "143"]}, {"date": "2023-05-16-21-00-00", "alternatives": ["136", "13", "136"]}, {"date": "2023-05-16-21-00-00", "alternatives": ["136", "13", "136"]}, {"date": "2023-05-16-21-00-00", "alternatives": ["136", "13", "136"]}, {"date": "2023-05-16-21-00-00", "alternatives": ["136", "13", "136"]}, {"date": "2023-05-16-21-00-00", "alternatives": ["136", "13", "136"]}, {"date": "2023-05-16-04-00-00", "alternatives": [17, 47, 147, 147, 147]}, {"date": "2023-05-16-04-00-00", "alternatives": [17, 47, 147, 147, 147]}, {"date": "2023-05-17-01-00-00", "alternatives": ["128", "128", "1"]}, {"date": "2023-05-17-01-00-00", "alternatives": ["128", "128", "1"]}, {"date": "2023-05-17-01-00-00", "alternatives": ["128", "128", "1"]}, {"date": "2023-05-17-01-00-00", "alternatives": ["128", "128", "1"]}, {"date": "2023-05-17-01-00-00", "alternatives": ["128", "128", "1"]}, {"date": "2023-05-17-01-00-00", "alternatives": ["128", "128", "1"]}, {"date": "2023-05-17-01-00-00", "alternatives": ["128", "128", "1"]}, {"date": "2023-05-17-01-00-00", "alternatives": ["128", "128", "1"]}, {"date": "2023-05-17-01-00-00", "alternatives": ["128", "128", "1"]}, {"date": "2023-05-16-05-00-00", "alternatives": ["127", "27", "27"]}]}, {"location": {"country_code": "se"}, "game_id": "135305", "values": [{"date": "2023-05-16-14-00-00", "alternatives": ["7", "70", "70"]}]}, {"location": {"country_code": "us", "region": "California", "city": "East Los Angeles"}, "game_id": "135305", "values": [{"date": "2023-05-16-05-00-00", "alternatives": ["81", "81", "8"]}, {"date": "2023-05-16-05-00-00", "alternatives": ["81", "81", "8"]}, {"date": "2023-05-16-05-00-00", "alternatives": ["81", "81", "8"]}, {"date": "2023-05-16-05-00-00", "alternatives": ["81", "81", "8"]}, {"date": "2023-05-16-05-00-00", "alternatives": ["81", "81", "8"]}]}, {"location": {"country_code": "ec"}, "game_id": "135305", "values": [{"date": "2023-05-17-00-00-00", "alternatives": ["0", "100", "100"]}, {"date": "2023-05-17-00-00-00", "alternatives": ["0", "100", "100"]}, {"date": "2023-05-16-04-00-00", "alternatives": ["88", "88", "8"]}, {"date": "2023-05-16-04-00-00", "alternatives": ["88", "88", "8"]}, {"date": "2023-05-16-20-00-00", "alternatives": ["87", "87", "7"]}, {"date": "2023-05-16-20-00-00", "alternatives": ["87", "87", "7"]}]}, {"location": {"country_code": "au"}, "game_id": "135305", "values": [{"date": "2023-05-17-01-00-00", "alternatives": ["277", "237", "237"]}, {"date": "2023-05-16-12-00-00", "alternatives": ["840", "340", "340"]}, {"date": "2023-05-16-12-00-00", "alternatives": ["1207", "202", "1207"]}, {"date": "2023-05-16-12-00-00", "alternatives": ["1207", "202", "1207"]}]}, {"location": {"country_code": "td"}, "game_id": "135305", "values": [{"date": "2023-05-16-17-00-00", "alternatives": ["54", "4", "54"]}, {"date": "2023-05-16-17-00-00", "alternatives": ["54", "4", "54"]}, {"date": "2023-05-16-17-00-00", "alternatives": ["54", "4", "54"]}, {"date": "2023-05-16-17-00-00", "alternatives": ["54", "4", "54"]}, {"date": "2023-05-16-17-00-00", "alternatives": ["54", "4", "54"]}]}, {"location": {"country_code": "es", "region": "Madrid", "city": "Parla"}, "game_id": "135305", "values": [{"date": "2023-05-16-22-00-00", "alternatives": ["4", "44", "44"]}]}, {"location": {"country_code": "dk"}, "game_id": "135305", "values": [{"date": "2023-05-16-22-00-00", "alternatives": ["26", "20", "26"]}, {"date": "2023-05-16-22-00-00", "alternatives": ["26", "20", "26"]}, {"date": "2023-05-16-22-00-00", "alternatives": ["26", "20", "26"]}]}, {"location": {"country_code": "de", "region": "Hesse"}, "game_id": "135305", "values": [{"date": "2023-05-16-21-00-00", "alternatives": ["2", "25", "25"]}, {"date": "2023-05-16-21-00-00", "alternatives": ["2", "25", "25"]}]}, {"location": {"country_code": "es"}, "game_id": "135305", "values": [{"date": "2023-05-16-14-00-00", "alternatives": ["39", "60", "39"]}, {"date": "2023-05-16-16-00-00", "alternatives": ["13", "13", "43"]}, {"date": "2023-05-17-01-00-00", "alternatives": ["50", "60", "50"]}, {"date": "2023-05-16-18-00-00", "alternatives": ["35", "36", "35"]}, {"date": "2023-05-16-19-00-00", "alternatives": ["49", "6", "49"]}, {"date": "2023-05-16-19-00-00", "alternatives": ["49", "6", "49"]}]}, {"location": {"country_code": "sa"}, "game_id": "135305", "values": [{"date": "2023-05-16-14-00-00", "alternatives": ["54", "154", "154"]}, {"date": "2023-05-16-14-00-00", "alternatives": ["82", "82", "2"]}, {"date": "2023-05-16-16-00-00", "alternatives": ["00", "100", "100"]}, {"date": "2023-05-16-16-00-00", "alternatives": ["00", "100", "100"]}, {"date": "2023-05-16-16-00-00", "alternatives": ["00", "100", "100"]}, {"date": "2023-05-16-16-00-00", "alternatives": ["00", "100", "100"]}, {"date": "2023-05-16-16-00-00", "alternatives": ["00", "100", "100"]}, {"date": "2023-05-16-16-00-00", "alternatives": ["00", "100", "100"]}, {"date": "2023-05-16-16-00-00", "alternatives": ["00", "100", "100"]}, {"date": "2023-05-16-16-00-00", "alternatives": ["00", "100", "100"]}, {"date": "2023-05-16-16-00-00", "alternatives": ["00", "100", "100"]}, {"date": "2023-05-16-16-00-00", "alternatives": ["00", "100", "100"]}, {"date": "2023-05-16-20-00-00", "alternatives": ["102", "102", "2"]}, {"date": "2023-05-16-21-00-00", "alternatives": [163, 153, 183, 153, 153]}, {"date": "2023-05-16-13-00-00", "alternatives": ["72", "2", "72"]}]}, {"location": {"country_code": "ar"}, "game_id": "135305", "values": [{"date": "2023-05-16-05-00-00", "alternatives": ["7", "157", "157"]}, {"date": "2023-05-16-05-00-00", "alternatives": ["7", "157", "157"]}, {"date": "2023-05-16-05-00-00", "alternatives": ["7", "157", "157"]}, {"date": "2023-05-16-05-00-00", "alternatives": ["7", "157", "157"]}, {"date": "2023-05-16-05-00-00", "alternatives": ["7", "157", "157"]}, {"date": "2023-05-16-05-00-00", "alternatives": ["7", "157", "157"]}, {"date": "2023-05-16-05-00-00", "alternatives": ["7", "157", "157"]}, {"date": "2023-05-16-05-00-00", "alternatives": ["7", "157", "157"]}, {"date": "2023-05-17-02-00-00", "alternatives": ["199", "661", "199"]}, {"date": "2023-05-17-01-00-00", "alternatives": ["165", "165", "105"]}, {"date": "2023-05-16-22-00-00", "alternatives": ["40", "140", "140"]}, {"date": "2023-05-16-22-00-00", "alternatives": ["40", "140", "140"]}, {"date": "2023-05-16-22-00-00", "alternatives": ["40", "140", "140"]}, {"date": "2023-05-16-22-00-00", "alternatives": ["40", "140", "140"]}, {"date": "2023-05-16-22-00-00", "alternatives": ["40", "140", "140"]}, {"date": "2023-05-16-08-00-00", "alternatives": [77, 177, 177, 177]}]}, {"location": {"country_code": "bo"}, "game_id": "135305", "values": [{"date": "2023-05-16-06-00-00", "alternatives": ["9", "179", "179"]}, {"date": "2023-05-16-06-00-00", "alternatives": ["9", "179", "179"]}]}, {"location": {"country_code": "vn"}, "game_id": "135305", "values": [{"date": "2023-05-16-16-00-00", "alternatives": ["109", "601", "109"]}, {"date": "2023-05-16-16-00-00", "alternatives": ["109", "601", "109"]}, {"date": "2023-05-16-16-00-00", "alternatives": ["109", "601", "109"]}, {"date": "2023-05-16-17-00-00", "alternatives": ["15", "1", "15"]}, {"date": "2023-05-16-17-00-00", "alternatives": ["15", "1", "15"]}, {"date": "2023-05-16-17-00-00", "alternatives": ["15", "1", "15"]}, {"date": "2023-05-16-19-00-00", "alternatives": ["10", "102", "102"]}, {"date": "2023-05-16-19-00-00", "alternatives": ["10", "102", "102"]}, {"date": "2023-05-16-17-00-00", "alternatives": ["83", "83", "3"]}, {"date": "2023-05-16-17-00-00", "alternatives": ["83", "83", "3"]}, {"date": "2023-05-16-17-00-00", "alternatives": ["83", "83", "3"]}, {"date": "2023-05-16-17-00-00", "alternatives": ["83", "83", "3"]}]}, {"location": {"country_code": "bn"}, "game_id": "135305", "values": [{"date": "2023-05-16-12-00-00", "alternatives": ["01", "101", "101"]}, {"date": "2023-05-16-07-00-00", "alternatives": [2, 94, 94, 94]}, {"date": "2023-05-16-07-00-00", "alternatives": [2, 94, 94, 94]}]}, {"location": {"country_code": "ru", "region": "Moscow", "city": "Zelenograd"}, "game_id": "135305", "values": [{"date": "2023-05-16-22-00-00", "alternatives": ["3", "43", "43"]}, {"date": "2023-05-16-22-00-00", "alternatives": ["3", "43", "43"]}, {"date": "2023-05-16-22-00-00", "alternatives": ["3", "43", "43"]}, {"date": "2023-05-16-22-00-00", "alternatives": ["3", "43", "43"]}, {"date": "2023-05-16-22-00-00", "alternatives": ["3", "43", "43"]}]}, {"location": {"country_code": "ar", "region": "Buenos Aires F.D.", "city": "Bahia Blanca"}, "game_id": "135305", "values": [{"date": "2023-05-16-19-00-00", "alternatives": [5, 63, 165, 165, 165]}, {"date": "2023-05-16-19-00-00", "alternatives": [5, 63, 165, 165, 165]}]}, {"location": {"country_code": "us", "region": "Virginia"}, "game_id": "135305", "values": [{"date": "2023-05-16-07-00-00", "alternatives": ["18", "8", "18"]}, {"date": "2023-05-16-07-00-00", "alternatives": ["18", "8", "18"]}, {"date": "2023-05-16-07-00-00", "alternatives": ["18", "8", "18"]}, {"date": "2023-05-16-07-00-00", "alternatives": ["18", "8", "18"]}, {"date": "2023-05-16-07-00-00", "alternatives": ["18", "8", "18"]}]}, {"location": {"country_code": "br", "region": "Maranhao", "city": "Paco do Lumiar"}, "game_id": "135305", "values": [{"date": "2023-05-16-03-00-00", "alternatives": [28, 98, 98, 98]}, {"date": "2023-05-16-03-00-00", "alternatives": [28, 98, 98, 98]}, {"date": "2023-05-16-03-00-00", "alternatives": [28, 98, 98, 98]}, {"date": "2023-05-16-03-00-00", "alternatives": [28, 98, 98, 98]}, {"date": "2023-05-16-03-00-00", "alternatives": [28, 98, 98, 98]}, {"date": "2023-05-16-03-00-00", "alternatives": [28, 98, 98, 98]}, {"date": "2023-05-16-03-00-00", "alternatives": [28, 98, 98, 98]}, {"date": "2023-05-16-03-00-00", "alternatives": [28, 98, 98, 98]}]}, {"location": {"country_code": "us", "region": "Texas", "city": "Ennis"}, "game_id": "135305", "values": [{"date": "2023-05-16-03-00-00", "alternatives": ["63", "65", "65"]}]}, {"location": {"country_code": "au", "region": "South Australia", "city": "Adelaide"}, "game_id": "135305", "values": [{"date": "2023-05-16-13-00-00", "alternatives": ["256", "256", "258"]}, {"date": "2023-05-16-13-00-00", "alternatives": ["256", "256", "258"]}]}, {"location": {"country_code": "us", "region": "Illinois", "city": "Chicago"}, "game_id": "135305", "values": [{"date": "2023-05-16-17-00-00", "alternatives": ["1", "101", "101"]}, {"date": "2023-05-16-17-00-00", "alternatives": ["1", "101", "101"]}, {"date": "2023-05-16-17-00-00", "alternatives": ["1", "101", "101"]}]}, {"location": {"country_code": "hu"}, "game_id": "135305", "values": [{"date": "2023-05-16-19-00-00", "alternatives": ["4", "4", "14"]}, {"date": "2023-05-16-19-00-00", "alternatives": ["4", "4", "14"]}, {"date": "2023-05-16-19-00-00", "alternatives": ["4", "4", "14"]}, {"date": "2023-05-16-19-00-00", "alternatives": ["4", "4", "14"]}, {"date": "2023-05-16-14-00-00", "alternatives": ["4", "44", "44"]}, {"date": "2023-05-16-14-00-00", "alternatives": ["4", "44", "44"]}]}, {"location": {"country_code": "at"}, "game_id": "135305", "values": [{"date": "2023-05-17-00-00-00", "alternatives": ["38", "88", "38"]}, {"date": "2023-05-17-01-00-00", "alternatives": ["26", "26", "206"]}]}, {"location": {"country_code": "br", "region": "Estado de Bahia", "city": "Salvador"}, "game_id": "135305", "values": [{"date": "2023-05-16-21-00-00", "alternatives": ["7", "107", "107"]}, {"date": "2023-05-16-21-00-00", "alternatives": ["7", "107", "107"]}]}, {"location": {"country_code": "us", "region": "Indiana", "city": "Indianapolis"}, "game_id": "135305", "values": [{"date": "2023-05-16-06-00-00", "alternatives": ["48", "4", "4"]}]}, {"location": {"country_code": "mx", "region": "Veracruz"}, "game_id": "135305", "values": [{"date": "2023-05-16-05-00-00", "alternatives": ["71", "71", "7"]}]}, {"location": {"country_code": "cn"}, "game_id": "135305", "values": [{"date": "2023-05-16-18-00-00", "alternatives": ["82", "82", "2"]}]}, {"location": {"country_code": "es", "region": "Catalonia", "city": "l'Hospitalet de Llobregat"}, "game_id": "135305", "values": [{"date": "2023-05-16-17-00-00", "alternatives": ["35", "36", "35"]}]}, {"location": {"country_code": "pl"}, "game_id": "135305", "values": [{"date": "2023-05-16-21-00-00", "alternatives": [0, 30, 30, 30]}, {"date": "2023-05-16-20-00-00", "alternatives": ["24", "20", "24"]}, {"date": "2023-05-16-20-00-00", "alternatives": ["24", "20", "24"]}, {"date": "2023-05-16-20-00-00", "alternatives": ["24", "20", "24"]}, {"date": "2023-05-16-22-00-00", "alternatives": [628, 4209, 42, 2, 42, 42]}]}, {"location": {"country_code": "be"}, "game_id": "135305", "values": [{"date": "2023-05-16-06-00-00", "alternatives": ["24", "24", "23"]}, {"date": "2023-05-16-06-00-00", "alternatives": ["24", "24", "23"]}, {"date": "2023-05-16-06-00-00", "alternatives": ["24", "24", "23"]}, {"date": "2023-05-16-06-00-00", "alternatives": ["24", "24", "23"]}, {"date": "2023-05-16-06-00-00", "alternatives": ["24", "24", "23"]}]}, {"location": {"country_code": "us", "region": "Nevada", "city": "Las Vegas"}, "game_id": "135305", "values": [{"date": "2023-05-16-04-00-00", "alternatives": ["8", "89", "89"]}, {"date": "2023-05-16-04-00-00", "alternatives": ["8", "89", "89"]}]}, {"location": {"country_code": "us", "region": "Georgia"}, "game_id": "135305", "values": [{"date": "2023-05-16-14-00-00", "alternatives": ["2861", "28", "28"]}]}, {"location": {"country_code": "pe"}, "game_id": "135305", "values": [{"date": "2023-05-16-02-00-00", "alternatives": ["06", "106", "106"]}, {"date": "2023-05-16-05-00-00", "alternatives": ["91", "191", "191"]}, {"date": "2023-05-16-05-00-00", "alternatives": ["91", "191", "191"]}, {"date": "2023-05-17-00-00-00", "alternatives": ["16", "116", "116"]}, {"date": "2023-05-17-00-00-00", "alternatives": ["16", "116", "116"]}, {"date": "2023-05-17-00-00-00", "alternatives": ["16", "116", "116"]}, {"date": "2023-05-17-00-00-00", "alternatives": ["16", "116", "116"]}, {"date": "2023-05-17-00-00-00", "alternatives": ["16", "116", "116"]}, {"date": "2023-05-17-00-00-00", "alternatives": ["16", "116", "116"]}, {"date": "2023-05-17-00-00-00", "alternatives": ["16", "116", "116"]}, {"date": "2023-05-17-02-00-00", "alternatives": ["01", "101", "101"]}, {"date": "2023-05-17-02-00-00", "alternatives": ["01", "101", "101"]}, {"date": "2023-05-17-02-00-00", "alternatives": ["01", "101", "101"]}, {"date": "2023-05-17-02-00-00", "alternatives": ["01", "101", "101"]}, {"date": "2023-05-17-02-00-00", "alternatives": ["01", "101", "101"]}]}, {"location": {"country_code": "ua"}, "game_id": "135305", "values": [{"date": "2023-05-16-02-00-00", "alternatives": ["19", "9", "19"]}, {"date": "2023-05-16-02-00-00", "alternatives": ["19", "9", "19"]}, {"date": "2023-05-16-02-00-00", "alternatives": ["19", "9", "19"]}, {"date": "2023-05-16-02-00-00", "alternatives": ["19", "9", "19"]}, {"date": "2023-05-16-05-00-00", "alternatives": ["31", "31", "3"]}, {"date": "2023-05-16-19-00-00", "alternatives": ["19", "9", "19"]}, {"date": "2023-05-16-19-00-00", "alternatives": ["19", "9", "19"]}, {"date": "2023-05-16-19-00-00", "alternatives": ["19", "9", "19"]}, {"date": "2023-05-16-08-00-00", "alternatives": ["26", "20", "26"]}, {"date": "2023-05-16-08-00-00", "alternatives": ["26", "20", "26"]}, {"date": "2023-05-16-08-00-00", "alternatives": ["26", "20", "26"]}, {"date": "2023-05-16-23-00-00", "alternatives": ["0", "10", "10"]}]}, {"location": {"country_code": "sg"}, "game_id": "135305", "values": [{"date": "2023-05-16-17-00-00", "alternatives": ["90", "06", "90"]}, {"date": "2023-05-16-17-00-00", "alternatives": ["90", "06", "90"]}, {"date": "2023-05-16-09-00-00", "alternatives": ["7", "71", "71"]}, {"date": "2023-05-16-09-00-00", "alternatives": ["7", "71", "71"]}, {"date": "2023-05-16-09-00-00", "alternatives": ["7", "71", "71"]}, {"date": "2023-05-16-09-00-00", "alternatives": ["7", "71", "71"]}, {"date": "2023-05-16-09-00-00", "alternatives": ["7", "71", "71"]}, {"date": "2023-05-16-17-00-00", "alternatives": ["74", "7", "74"]}, {"date": "2023-05-16-17-00-00", "alternatives": ["74", "7", "74"]}, {"date": "2023-05-16-17-00-00", "alternatives": ["74", "7", "74"]}, {"date": "2023-05-16-17-00-00", "alternatives": ["74", "7", "74"]}, {"date": "2023-05-16-16-00-00", "alternatives": ["163", "1633", "163"]}, {"date": "2023-05-16-15-00-00", "alternatives": ["89", "68", "89"]}, {"date": "2023-05-16-07-00-00", "alternatives": ["1", "96", "96"]}, {"date": "2023-05-16-07-00-00", "alternatives": ["1", "96", "96"]}]}, {"location": {"country_code": "fr", "region": "Occitanie", "city": "Toulouse"}, "game_id": "135305", "values": [{"date": "2023-05-17-01-00-00", "alternatives": ["42", "142", "142"]}, {"date": "2023-05-17-01-00-00", "alternatives": ["42", "142", "142"]}]}, {"location": {"country_code": "us", "region": "District of Columbia", "city": "Washington"}, "game_id": "135305", "values": [{"date": "2023-05-16-19-00-00", "alternatives": ["86", "86", "6"]}]}, {"location": {"country_code": "ca", "region": "Ontario", "city": "Toronto"}, "game_id": "135305", "values": [{"date": "2023-05-16-21-00-00", "alternatives": ["30", "23", "30"]}]}, {"location": {"country_code": "ru"}, "game_id": "135305", "values": [{"date": "2023-05-16-10-00-00", "alternatives": ["66", "66", "60"]}, {"date": "2023-05-16-22-00-00", "alternatives": ["48", "48", "45"]}, {"date": "2023-05-16-22-00-00", "alternatives": ["48", "48", "45"]}, {"date": "2023-05-16-22-00-00", "alternatives": ["48", "48", "45"]}, {"date": "2023-05-16-22-00-00", "alternatives": ["48", "48", "45"]}, {"date": "2023-05-16-21-00-00", "alternatives": ["36", "46", "36"]}, {"date": "2023-05-16-21-00-00", "alternatives": ["36", "46", "36"]}]}, {"location": {"country_code": "my"}, "game_id": "135305", "values": [{"date": "2023-05-16-17-00-00", "alternatives": [96, 6, 90, 90, 0, 90]}, {"date": "2023-05-16-17-00-00", "alternatives": [96, 6, 90, 90, 0, 90]}, {"date": "2023-05-16-17-00-00", "alternatives": [96, 6, 90, 90, 0, 90]}, {"date": "2023-05-16-17-00-00", "alternatives": [96, 6, 90, 90, 0, 90]}, {"date": "2023-05-16-18-00-00", "alternatives": ["90", "06", "90"]}, {"date": "2023-05-16-18-00-00", "alternatives": ["90", "06", "90"]}, {"date": "2023-05-16-18-00-00", "alternatives": ["83", "83", "834"]}, {"date": "2023-05-16-18-00-00", "alternatives": ["83", "83", "834"]}, {"date": "2023-05-16-18-00-00", "alternatives": ["83", "83", "834"]}, {"date": "2023-05-16-18-00-00", "alternatives": ["83", "83", "834"]}, {"date": "2023-05-16-19-00-00", "alternatives": ["84", "84", "4"]}, {"date": "2023-05-16-19-00-00", "alternatives": ["84", "84", "4"]}, {"date": "2023-05-16-19-00-00", "alternatives": ["84", "84", "4"]}, {"date": "2023-05-16-19-00-00", "alternatives": ["84", "84", "4"]}, {"date": "2023-05-16-19-00-00", "alternatives": ["84", "84", "4"]}, {"date": "2023-05-16-19-00-00", "alternatives": ["84", "84", "4"]}, {"date": "2023-05-16-19-00-00", "alternatives": ["84", "84", "4"]}, {"date": "2023-05-16-04-00-00", "alternatives": [2, 217, 277, 217, 217]}, {"date": "2023-05-16-04-00-00", "alternatives": [2, 217, 277, 217, 217]}, {"date": "2023-05-16-09-00-00", "alternatives": ["94", "9", "94"]}, {"date": "2023-05-16-09-00-00", "alternatives": ["94", "9", "94"]}, {"date": "2023-05-16-09-00-00", "alternatives": ["94", "9", "94"]}, {"date": "2023-05-16-15-00-00", "alternatives": ["53", "153", "153"]}, {"date": "2023-05-17-00-00-00", "alternatives": ["93", "89", "93"]}, {"date": "2023-05-17-00-00-00", "alternatives": ["93", "89", "93"]}, {"date": "2023-05-17-00-00-00", "alternatives": ["93", "89", "93"]}, {"date": "2023-05-17-00-00-00", "alternatives": ["93", "89", "93"]}, {"date": "2023-05-17-00-00-00", "alternatives": ["93", "89", "93"]}, {"date": "2023-05-17-00-00-00", "alternatives": ["93", "89", "93"]}, {"date": "2023-05-17-00-00-00", "alternatives": ["93", "89", "93"]}, {"date": "2023-05-17-00-00-00", "alternatives": ["93", "89", "93"]}, {"date": "2023-05-17-00-00-00", "alternatives": ["93", "89", "93"]}, {"date": "2023-05-17-00-00-00", "alternatives": ["93", "89", "93"]}]}, {"location": {"country_code": "py"}, "game_id": "135305", "values": [{"date": "2023-05-16-22-00-00", "alternatives": ["38", "138", "138"]}, {"date": "2023-05-16-22-00-00", "alternatives": ["38", "138", "138"]}, {"date": "2023-05-16-22-00-00", "alternatives": ["38", "138", "138"]}]}, {"location": {"country_code": "id"}, "game_id": "135305", "values": [{"date": "2023-05-16-14-00-00", "alternatives": ["6", "87", "87"]}, {"date": "2023-05-16-14-00-00", "alternatives": ["6", "87", "87"]}, {"date": "2023-05-16-17-00-00", "alternatives": [88, 8, 88, 88]}, {"date": "2023-05-16-17-00-00", "alternatives": [88, 8, 88, 88]}, {"date": "2023-05-16-17-00-00", "alternatives": [88, 8, 88, 88]}, {"date": "2023-05-16-17-00-00", "alternatives": ["94", "6", "94"]}, {"date": "2023-05-16-17-00-00", "alternatives": ["94", "6", "94"]}, {"date": "2023-05-16-17-00-00", "alternatives": ["94", "6", "94"]}, {"date": "2023-05-16-17-00-00", "alternatives": ["94", "6", "94"]}]}, {"location": {"country_code": "sk"}, "game_id": "135305", "values": [{"date": "2023-05-16-22-00-00", "alternatives": ["7", "07", "47"]}, {"date": "2023-05-16-22-00-00", "alternatives": ["7", "07", "47"]}, {"date": "2023-05-16-22-00-00", "alternatives": ["7", "07", "47"]}, {"date": "2023-05-16-22-00-00", "alternatives": ["7", "07", "47"]}]}, {"location": {"country_code": "pt"}, "game_id": "135305", "values": [{"date": "2023-05-16-22-00-00", "alternatives": ["13", "43", "43"]}, {"date": "2023-05-17-01-00-00", "alternatives": ["39", "39", "392"]}]}, {"location": {"country_code": "pt", "region": "Lisbon District", "city": "Amadora"}, "game_id": "135305", "values": [{"date": "2023-05-16-03-00-00", "alternatives": ["16", "46", "46"]}, {"date": "2023-05-16-03-00-00", "alternatives": ["16", "46", "46"]}, {"date": "2023-05-16-14-00-00", "alternatives": ["95", "9", "95"]}, {"date": "2023-05-16-14-00-00", "alternatives": ["95", "9", "95"]}]}, {"location": {"country_code": "br", "region": "State of Rio de Janeiro", "city": "Angra dos Reis"}, "game_id": "135305", "values": [{"date": "2023-05-16-21-00-00", "alternatives": ["120", "12", "120"]}, {"date": "2023-05-16-03-00-00", "alternatives": ["118", "18", "118"]}, {"date": "2023-05-16-03-00-00", "alternatives": ["118", "18", "118"]}, {"date": "2023-05-16-03-00-00", "alternatives": ["118", "18", "118"]}, {"date": "2023-05-16-03-00-00", "alternatives": ["118", "18", "118"]}]}, {"location": {"country_code": "es", "region": "Andalusia", "city": "Seville"}, "game_id": "135305", "values": [{"date": "2023-05-16-15-00-00", "alternatives": ["87", "37", "37"]}, {"date": "2023-05-16-15-00-00", "alternatives": ["87", "37", "37"]}, {"date": "2023-05-16-15-00-00", "alternatives": ["87", "37", "37"]}, {"date": "2023-05-16-15-00-00", "alternatives": ["87", "37", "37"]}, {"date": "2023-05-16-15-00-00", "alternatives": ["87", "37", "37"]}, {"date": "2023-05-16-15-00-00", "alternatives": ["87", "37", "37"]}]}, {"location": {"country_code": "uy"}, "game_id": "135305", "values": [{"date": "2023-05-17-01-00-00", "alternatives": ["15", "5", "5"]}, {"date": "2023-05-16-04-00-00", "alternatives": ["58", "38", "38"]}]}, {"location": {"country_code": "de", "region": "Rhineland-Palatinate"}, "game_id": "135305", "values": [{"date": "2023-05-16-18-00-00", "alternatives": ["18", "8", "18"]}, {"date": "2023-05-16-18-00-00", "alternatives": ["18", "8", "18"]}]}, {"location": {"country_code": "cn", "region": "Hong Kong"}, "game_id": "135305", "values": [{"date": "2023-05-16-07-00-00", "alternatives": ["561", "56", "56"]}, {"date": "2023-05-16-07-00-00", "alternatives": ["561", "56", "56"]}, {"date": "2023-05-16-17-00-00", "alternatives": ["57", "7", "57"]}, {"date": "2023-05-16-17-00-00", "alternatives": ["57", "7", "57"]}, {"date": "2023-05-16-17-00-00", "alternatives": ["57", "7", "57"]}]}, {"location": {"country_code": "fr", "region": "Ile-de-France Region", "city": "Paris"}, "game_id": "135305", "values": [{"date": "2023-05-16-22-00-00", "alternatives": ["37", "37", "3"]}, {"date": "2023-05-16-22-00-00", "alternatives": ["37", "37", "3"]}, {"date": "2023-05-16-22-00-00", "alternatives": ["37", "37", "3"]}]}, {"location": {"country_code": "jp", "region": "Kyoto", "city": "Kyoto"}, "game_id": "135305", "values": [{"date": "2023-05-16-20-00-00", "alternatives": ["62", "02", "62"]}]}, {"location": {"country_code": "mx", "region": "Jalisco", "city": "Guadalajara"}, "game_id": "135305", "values": [{"date": "2023-05-16-20-00-00", "alternatives": ["58", "58", "8"]}, {"date": "2023-05-16-08-00-00", "alternatives": ["727", "72", "72"]}, {"date": "2023-05-16-08-00-00", "alternatives": ["83", "83", "3"]}]}, {"location": {"country_code": "ca", "region": "Manitoba", "city": "Winnipeg"}, "game_id": "135305", "values": [{"date": "2023-05-16-05-00-00", "alternatives": ["4", "44", "44"]}, {"date": "2023-05-16-05-00-00", "alternatives": ["4", "44", "44"]}, {"date": "2023-05-16-05-00-00", "alternatives": ["4", "44", "44"]}, {"date": "2023-05-16-05-00-00", "alternatives": ["4", "44", "44"]}, {"date": "2023-05-16-05-00-00", "alternatives": ["4", "44", "44"]}]}, {"location": {"country_code": "ca", "region": "British Columbia", "city": "Richmond"}, "game_id": "135305", "values": [{"date": "2023-05-16-13-00-00", "alternatives": ["0", "70", "70"]}, {"date": "2023-05-16-13-00-00", "alternatives": ["0", "70", "70"]}, {"date": "2023-05-16-13-00-00", "alternatives": ["0", "70", "70"]}, {"date": "2023-05-16-13-00-00", "alternatives": ["0", "70", "70"]}, {"date": "2023-05-16-13-00-00", "alternatives": ["0", "70", "70"]}, {"date": "2023-05-16-13-00-00", "alternatives": ["0", "70", "70"]}, {"date": "2023-05-16-13-00-00", "alternatives": ["0", "70", "70"]}, {"date": "2023-05-16-11-00-00", "alternatives": ["67", "67", "6"]}, {"date": "2023-05-16-11-00-00", "alternatives": ["67", "67", "6"]}, {"date": "2023-05-16-11-00-00", "alternatives": ["67", "67", "6"]}, {"date": "2023-05-16-11-00-00", "alternatives": ["67", "67", "6"]}, {"date": "2023-05-16-11-00-00", "alternatives": ["67", "67", "6"]}, {"date": "2023-05-16-11-00-00", "alternatives": ["67", "67", "6"]}, {"date": "2023-05-16-11-00-00", "alternatives": ["67", "67", "6"]}]}, {"location": {"country_code": "br", "region": "Mato Grosso do Sul", "city": "Campo Grande"}, "game_id": "135305", "values": [{"date": "2023-05-17-02-00-00", "alternatives": ["1", "9", "9"]}]}, {"location": {"country_code": "br", "region": "Ceara", "city": "Itapipoca"}, "game_id": "135305", "values": [{"date": "2023-05-16-03-00-00", "alternatives": ["76", "76", "6"]}, {"date": "2023-05-16-22-00-00", "alternatives": ["89", "89", "9"]}, {"date": "2023-05-16-22-00-00", "alternatives": ["89", "89", "9"]}, {"date": "2023-05-16-22-00-00", "alternatives": ["89", "89", "9"]}, {"date": "2023-05-16-22-00-00", "alternatives": ["89", "89", "9"]}, {"date": "2023-05-16-22-00-00", "alternatives": ["89", "89", "9"]}, {"date": "2023-05-16-22-00-00", "alternatives": ["89", "89", "9"]}, {"date": "2023-05-16-22-00-00", "alternatives": ["89", "89", "9"]}, {"date": "2023-05-16-22-00-00", "alternatives": ["89", "89", "9"]}, {"date": "2023-05-16-16-00-00", "alternatives": ["12", "102", "102"]}, {"date": "2023-05-16-16-00-00", "alternatives": ["12", "102", "102"]}, {"date": "2023-05-16-16-00-00", "alternatives": ["12", "102", "102"]}, {"date": "2023-05-16-06-00-00", "alternatives": ["91", "9", "9"]}, {"date": "2023-05-16-06-00-00", "alternatives": ["91", "9", "9"]}]}, {"location": {"country_code": "lt"}, "game_id": "135305", "values": [{"date": "2023-05-16-17-00-00", "alternatives": [33, 88, 3, 33, 33, 83]}]}, {"location": {"country_code": "ru", "region": "Rostov Oblast", "city": "Rostov-on-Don"}, "game_id": "135305", "values": [{"date": "2023-05-16-16-00-00", "alternatives": ["77", "37", "77"]}]}, {"location": {"country_code": "mx", "region": "Sonora"}, "game_id": "135305", "values": [{"date": "2023-05-16-10-00-00", "alternatives": ["7", "77", "77"]}]}, {"location": {"country_code": "za", "region": "Western Cape", "city": "Cape Town"}, "game_id": "135305", "values": [{"date": "2023-05-16-21-00-00", "alternatives": [183, 81, 1830, 183, 183]}]}, {"location": {"country_code": "de", "region": "North Rhine-Westphalia"}, "game_id": "135305", "values": [{"date": "2023-05-16-13-00-00", "alternatives": ["29", "29", "20"]}]}, {"location": {"country_code": "th", "region": "Bangkok", "city": "Bangkok"}, "game_id": "135305", "values": [{"date": "2023-05-16-16-00-00", "alternatives": [99, 66, 99, 99]}, {"date": "2023-05-16-16-00-00", "alternatives": [99, 66, 99, 99]}]}, {"location": {"country_code": "es", "region": "Valencia", "city": "Orihuela"}, "game_id": "135305", "values": [{"date": "2023-05-16-13-00-00", "alternatives": ["18", "18", "48"]}, {"date": "2023-05-16-13-00-00", "alternatives": ["18", "18", "48"]}, {"date": "2023-05-16-13-00-00", "alternatives": ["18", "18", "48"]}, {"date": "2023-05-16-13-00-00", "alternatives": ["18", "18", "48"]}]}, {"location": {"country_code": "ne"}, "game_id": "135305", "values": [{"date": "2023-05-17-00-00-00", "alternatives": ["10", "40", "40"]}, {"date": "2023-05-17-00-00-00", "alternatives": ["10", "40", "40"]}]}, {"location": {"country_code": "dz"}, "game_id": "135305", "values": [{"date": "2023-05-16-20-00-00", "alternatives": ["53", "63", "63"]}]}, {"location": {"country_code": "ar", "region": "Neuquen Province"}, "game_id": "135305", "values": [{"date": "2023-05-16-21-00-00", "alternatives": ["72", "172", "72"]}, {"date": "2023-05-16-21-00-00", "alternatives": ["72", "172", "72"]}, {"date": "2023-05-16-21-00-00", "alternatives": ["72", "172", "72"]}]}, {"location": {"country_code": "br", "region": "Parana", "city": "Umuarama"}, "game_id": "135305", "values": [{"date": "2023-05-16-23-00-00", "alternatives": ["45", "45", "145"]}]}, {"location": {"country_code": "br", "region": "Parana", "city": "Apucarana"}, "game_id": "135305", "values": [{"date": "2023-05-16-04-00-00", "alternatives": ["156", "150", "156"]}, {"date": "2023-05-16-04-00-00", "alternatives": ["156", "150", "156"]}]}, {"location": {"country_code": "es", "region": "Andalusia", "city": "Marbella"}, "game_id": "135305", "values": [{"date": "2023-05-16-22-00-00", "alternatives": ["1", "47", "47"]}, {"date": "2023-05-16-22-00-00", "alternatives": ["1", "47", "47"]}, {"date": "2023-05-16-22-00-00", "alternatives": ["1", "47", "47"]}, {"date": "2023-05-16-22-00-00", "alternatives": ["1", "47", "47"]}, {"date": "2023-05-16-22-00-00", "alternatives": ["1", "47", "47"]}]}, {"location": {"country_code": "de", "region": "Rhineland-Palatinate", "city": "Koblenz"}, "game_id": "135305", "values": [{"date": "2023-05-16-14-00-00", "alternatives": ["27", "274", "27"]}, {"date": "2023-05-16-14-00-00", "alternatives": ["27", "274", "27"]}, {"date": "2023-05-16-14-00-00", "alternatives": ["27", "274", "27"]}]}, {"location": {"country_code": "br", "region": "Espirito Santo", "city": "Vila Velha"}, "game_id": "135305", "values": [{"date": "2023-05-16-14-00-00", "alternatives": ["141", "14", "141"]}, {"date": "2023-05-16-14-00-00", "alternatives": ["141", "14", "141"]}, {"date": "2023-05-16-14-00-00", "alternatives": ["141", "14", "141"]}]}, {"location": {"country_code": "fr", "region": "Aquitania-Limosino-Poitou-Charentes", "city": "Bordeaux"}, "game_id": "135305", "values": [{"date": "2023-05-16-18-00-00", "alternatives": ["24", "2", "24"]}, {"date": "2023-05-16-18-00-00", "alternatives": ["24", "2", "24"]}, {"date": "2023-05-16-18-00-00", "alternatives": ["24", "2", "24"]}, {"date": "2023-05-16-18-00-00", "alternatives": ["24", "2", "24"]}, {"date": "2023-05-16-18-00-00", "alternatives": ["24", "2", "24"]}, {"date": "2023-05-16-18-00-00", "alternatives": ["24", "2", "24"]}, {"date": "2023-05-16-18-00-00", "alternatives": ["24", "2", "24"]}, {"date": "2023-05-16-18-00-00", "alternatives": ["24", "2", "24"]}]}, {"location": {"country_code": "cn", "region": "Anhui", "city": "Dongzhi"}, "game_id": "135305", "values": [{"date": "2023-05-16-16-00-00", "alternatives": ["06", "66", "6"]}]}, {"location": {"country_code": "br", "region": "Parana", "city": "Ponta Grossa"}, "game_id": "135305", "values": [{"date": "2023-05-16-21-00-00", "alternatives": ["54", "154", "154"]}]}, {"location": {"country_code": "br", "region": "Paraiba", "city": "Santa Rita"}, "game_id": "135305", "values": [{"date": "2023-05-16-16-00-00", "alternatives": ["91", "91", "9"]}, {"date": "2023-05-16-16-00-00", "alternatives": ["91", "91", "9"]}, {"date": "2023-05-16-16-00-00", "alternatives": ["91", "91", "9"]}, {"date": "2023-05-16-16-00-00", "alternatives": ["91", "91", "9"]}, {"date": "2023-05-16-16-00-00", "alternatives": ["91", "91", "9"]}, {"date": "2023-05-16-16-00-00", "alternatives": ["91", "91", "9"]}, {"date": "2023-05-16-16-00-00", "alternatives": ["91", "91", "9"]}]}, {"location": {"country_code": "br", "region": "Sao Paulo", "city": "Peruibe"}, "game_id": "135305", "values": [{"date": "2023-05-16-07-00-00", "alternatives": ["1563", "156", "156"]}, {"date": "2023-05-16-07-00-00", "alternatives": ["1563", "156", "156"]}, {"date": "2023-05-16-07-00-00", "alternatives": ["1563", "156", "156"]}, {"date": "2023-05-16-07-00-00", "alternatives": ["1563", "156", "156"]}, {"date": "2023-05-16-07-00-00", "alternatives": ["1563", "156", "156"]}, {"date": "2023-05-16-07-00-00", "alternatives": ["1563", "156", "156"]}, {"date": "2023-05-16-07-00-00", "alternatives": ["1563", "156", "156"]}, {"date": "2023-05-16-07-00-00", "alternatives": ["1563", "156", "156"]}, {"date": "2023-05-16-07-00-00", "alternatives": ["1563", "156", "156"]}, {"date": "2023-05-16-07-00-00", "alternatives": ["1563", "156", "156"]}, {"date": "2023-05-16-07-00-00", "alternatives": ["1563", "156", "156"]}, {"date": "2023-05-16-07-00-00", "alternatives": ["1563", "156", "156"]}, {"date": "2023-05-16-07-00-00", "alternatives": ["1563", "156", "156"]}, {"date": "2023-05-16-07-00-00", "alternatives": ["1563", "156", "156"]}, {"date": "2023-05-16-07-00-00", "alternatives": ["1563", "156", "156"]}, {"date": "2023-05-16-07-00-00", "alternatives": ["1563", "156", "156"]}, {"date": "2023-05-16-07-00-00", "alternatives": ["1563", "156", "156"]}, {"date": "2023-05-16-07-00-00", "alternatives": ["1563", "156", "156"]}, {"date": "2023-05-16-07-00-00", "alternatives": ["1563", "156", "156"]}, {"date": "2023-05-16-07-00-00", "alternatives": ["1563", "156", "156"]}, {"date": "2023-05-16-07-00-00", "alternatives": ["1563", "156", "156"]}, {"date": "2023-05-16-07-00-00", "alternatives": ["1563", "156", "156"]}, {"date": "2023-05-16-07-00-00", "alternatives": ["1563", "156", "156"]}]}, {"location": {"country_code": "us", "region": "New Jersey", "city": "Newark"}, "game_id": "135305", "values": [{"date": "2023-05-17-01-00-00", "alternatives": ["18", "18", "1"]}, {"date": "2023-05-17-01-00-00", "alternatives": ["18", "18", "1"]}, {"date": "2023-05-17-01-00-00", "alternatives": ["18", "18", "1"]}, {"date": "2023-05-17-01-00-00", "alternatives": ["18", "18", "1"]}]}, {"location": {"country_code": "br", "region": "Rio Grande do Sul", "city": "Sapiranga"}, "game_id": "135305", "values": [{"date": "2023-05-16-19-00-00", "alternatives": ["138", "138", "13"]}, {"date": "2023-05-16-19-00-00", "alternatives": ["138", "138", "13"]}, {"date": "2023-05-16-19-00-00", "alternatives": ["138", "138", "13"]}, {"date": "2023-05-16-19-00-00", "alternatives": ["138", "138", "13"]}]}, {"location": {"country_code": "ec", "region": "Pichincha"}, "game_id": "135305", "values": [{"date": "2023-05-16-05-00-00", "alternatives": ["90", "06", "90"]}]}, {"location": {"country_code": "br", "region": "Rio Grande do Sul", "city": "Carlos Barbosa"}, "game_id": "135305", "values": [{"date": "2023-05-16-06-00-00", "alternatives": ["136", "13", "136"]}, {"date": "2023-05-16-06-00-00", "alternatives": ["136", "13", "136"]}]}, {"location": {"country_code": "br", "region": "Sao Paulo", "city": "Mogi das Cruzes"}, "game_id": "135305", "values": [{"date": "2023-05-16-14-00-00", "alternatives": ["137", "3", "137"]}, {"date": "2023-05-16-14-00-00", "alternatives": ["137", "3", "137"]}, {"date": "2023-05-16-14-00-00", "alternatives": ["137", "3", "137"]}, {"date": "2023-05-16-14-00-00", "alternatives": ["137", "3", "137"]}]}, {"location": {"country_code": "th", "region": "Chiang Mai", "city": "Chiang Mai"}, "game_id": "135305", "values": [{"date": "2023-05-16-10-00-00", "alternatives": [139, 39, 39, 39]}]}, {"location": {"country_code": "es", "region": "Andalusia", "city": "Ayamonte"}, "game_id": "135305", "values": [{"date": "2023-05-16-21-00-00", "alternatives": ["39", "68", "39"]}, {"date": "2023-05-16-21-00-00", "alternatives": ["39", "68", "39"]}, {"date": "2023-05-16-21-00-00", "alternatives": ["39", "68", "39"]}]}, {"location": {"country_code": "br", "region": "Rio Grande do Norte"}, "game_id": "135305", "values": [{"date": "2023-05-16-21-00-00", "alternatives": ["7", "7", "13"]}, {"date": "2023-05-16-21-00-00", "alternatives": ["7", "7", "13"]}]}, {"location": {"country_code": "de", "region": "North Rhine-Westphalia", "city": "Bochum"}, "game_id": "135305", "values": [{"date": "2023-05-16-22-00-00", "alternatives": ["16", "6", "16"]}, {"date": "2023-05-16-22-00-00", "alternatives": ["16", "6", "16"]}, {"date": "2023-05-16-22-00-00", "alternatives": ["16", "6", "16"]}]}, {"location": {"country_code": "fr", "region": "Provence-Alpes-Cote d'Azur Region"}, "game_id": "135305", "values": [{"date": "2023-05-16-22-00-00", "alternatives": ["38", "38", "3"]}, {"date": "2023-05-16-22-00-00", "alternatives": ["38", "38", "3"]}, {"date": "2023-05-16-22-00-00", "alternatives": ["38", "38", "3"]}, {"date": "2023-05-16-22-00-00", "alternatives": ["38", "38", "3"]}]}, {"location": {"country_code": "ph", "region": "National Capital Region", "city": "Muntinlupa"}, "game_id": "135305", "values": [{"date": "2023-05-16-09-00-00", "alternatives": ["90", "0", "90"]}, {"date": "2023-05-16-09-00-00", "alternatives": ["90", "0", "90"]}, {"date": "2023-05-16-09-00-00", "alternatives": ["90", "0", "90"]}]}, {"location": {"country_code": "cl", "region": "Coquimbo Region", "city": "La Serena"}, "game_id": "135305", "values": [{"date": "2023-05-17-00-00-00", "alternatives": ["40", "140", "140"]}, {"date": "2023-05-17-00-00-00", "alternatives": ["40", "140", "140"]}, {"date": "2023-05-17-00-00-00", "alternatives": ["40", "140", "140"]}, {"date": "2023-05-17-00-00-00", "alternatives": ["40", "140", "140"]}]}, {"location": {"country_code": "fr", "region": "Centre-Val de Loire", "city": "Argenton-sur-Creuse"}, "game_id": "135305", "values": [{"date": "2023-05-16-18-00-00", "alternatives": ["21", "2", "21"]}]}, {"location": {"country_code": "it", "region": "Sardinia"}, "game_id": "135305", "values": [{"date": "2023-05-16-18-00-00", "alternatives": ["5", "3", "3"]}, {"date": "2023-05-16-18-00-00", "alternatives": ["5", "3", "3"]}]}, {"location": {"country_code": "br", "region": "Ceara", "city": "Maracanau"}, "game_id": "135305", "values": [{"date": "2023-05-17-00-00-00", "alternatives": ["81", "8", "8"]}, {"date": "2023-05-17-00-00-00", "alternatives": ["81", "8", "8"]}]}, {"location": {"country_code": "us", "region": "Illinois", "city": "Naperville"}, "game_id": "135305", "values": [{"date": "2023-05-16-07-00-00", "alternatives": ["5", "55", "55"]}, {"date": "2023-05-16-07-00-00", "alternatives": ["5", "55", "55"]}]}, {"location": {"country_code": "br", "region": "Rio Grande do Sul", "city": "Gravatai"}, "game_id": "135305", "values": [{"date": "2023-05-16-03-00-00", "alternatives": ["157", "15", "157"]}, {"date": "2023-05-16-03-00-00", "alternatives": ["157", "15", "157"]}, {"date": "2023-05-16-03-00-00", "alternatives": ["157", "15", "157"]}]}, {"location": {"country_code": "br", "region": "Paraiba", "city": "Campina Grande"}, "game_id": "135305", "values": [{"date": "2023-05-16-18-00-00", "alternatives": ["99", "9", "99"]}, {"date": "2023-05-16-18-00-00", "alternatives": ["99", "9", "99"]}, {"date": "2023-05-16-18-00-00", "alternatives": ["99", "9", "99"]}, {"date": "2023-05-16-18-00-00", "alternatives": ["99", "9", "99"]}]}, {"location": {"country_code": "ph", "region": "National Capital Region"}, "game_id": "135305", "values": [{"date": "2023-05-16-11-00-00", "alternatives": ["15", "15", "154"]}]}, {"location": {"country_code": "br", "region": "Amazonas"}, "game_id": "135305", "values": [{"date": "2023-05-17-00-00-00", "alternatives": ["201", "204", "204"]}]}, {"location": {"country_code": "id", "region": "East Java"}, "game_id": "135305", "values": [{"date": "2023-05-16-06-00-00", "alternatives": ["3", "103", "103"]}, {"date": "2023-05-16-06-00-00", "alternatives": ["3", "103", "103"]}, {"date": "2023-05-16-06-00-00", "alternatives": ["3", "103", "103"]}, {"date": "2023-05-16-06-00-00", "alternatives": ["3", "103", "103"]}, {"date": "2023-05-16-06-00-00", "alternatives": ["3", "103", "103"]}]}, {"location": {"country_code": "id", "region": "East Java", "city": "Surabaya"}, "game_id": "135305", "values": [{"date": "2023-05-16-16-00-00", "alternatives": ["98", "9", "98"]}]}, {"location": {"country_code": "ru", "region": "Ulyanovsk Oblast", "city": "Ulyanovsk"}, "game_id": "135305", "values": [{"date": "2023-05-16-08-00-00", "alternatives": ["08", "88", "88"]}, {"date": "2023-05-16-08-00-00", "alternatives": ["08", "88", "88"]}]}], "last_updated": 1719918136.475477}