{"data": [{"location": {"country_code": "us"}, "game_id": "135305", "values": [{"date": "2024-04-11-02-00-00", "alternatives": ["21", "2", "21"]}, {"date": "2024-04-12-02-00-00", "alternatives": ["4", "30", "30"]}, {"date": "2024-04-12-02-00-00", "alternatives": ["4", "30", "30"]}, {"date": "2024-04-11-03-00-00", "alternatives": ["3", "31", "3"]}]}, {"location": {"country_code": "it"}, "game_id": "135305", "values": [{"date": "2024-04-11-17-00-00", "alternatives": ["38", "33", "33"]}, {"date": "2024-04-11-17-00-00", "alternatives": ["38", "33", "33"]}, {"date": "2024-04-11-17-00-00", "alternatives": ["38", "33", "33"]}]}, {"location": {"country_code": "za"}, "game_id": "135305", "values": [{"date": "2024-04-12-01-00-00", "alternatives": ["201", "201", "20"]}, {"date": "2024-04-12-01-00-00", "alternatives": ["201", "201", "20"]}, {"date": "2024-04-12-01-00-00", "alternatives": ["201", "201", "20"]}, {"date": "2024-04-12-01-00-00", "alternatives": ["201", "201", "20"]}, {"date": "2024-04-12-01-00-00", "alternatives": ["201", "201", "20"]}, {"date": "2024-04-12-01-00-00", "alternatives": ["201", "201", "20"]}]}, {"location": {"country_code": "jp"}, "game_id": "135305", "values": [{"date": "2024-04-11-12-00-00", "alternatives": ["12", "2", "12"]}, {"date": "2024-04-11-12-00-00", "alternatives": ["12", "2", "12"]}, {"date": "2024-04-11-12-00-00", "alternatives": ["12", "2", "12"]}, {"date": "2024-04-11-12-00-00", "alternatives": ["12", "2", "12"]}, {"date": "2024-04-11-12-00-00", "alternatives": ["12", "2", "12"]}, {"date": "2024-04-11-12-00-00", "alternatives": ["12", "2", "12"]}, {"date": "2024-04-11-12-00-00", "alternatives": ["12", "2", "12"]}, {"date": "2024-04-11-12-00-00", "alternatives": ["12", "2", "12"]}, {"date": "2024-04-11-12-00-00", "alternatives": ["12", "2", "12"]}, {"date": "2024-04-11-12-00-00", "alternatives": ["12", "2", "12"]}, {"date": "2024-04-11-12-00-00", "alternatives": ["12", "2", "12"]}, {"date": "2024-04-11-10-00-00", "alternatives": ["24", "2", "24"]}, {"date": "2024-04-12-01-00-00", "alternatives": [225, 25, 25, 25]}, {"date": "2024-04-12-01-00-00", "alternatives": [225, 25, 25, 25]}, {"date": "2024-04-12-01-00-00", "alternatives": [225, 25, 25, 25]}, {"date": "2024-04-11-14-00-00", "alternatives": ["20", "2005", "20"]}, {"date": "2024-04-11-09-00-00", "alternatives": ["8", "18", "18"]}, {"date": "2024-04-11-09-00-00", "alternatives": ["8", "18", "18"]}, {"date": "2024-04-11-09-00-00", "alternatives": ["8", "18", "18"]}, {"date": "2024-04-11-09-00-00", "alternatives": ["8", "18", "18"]}, {"date": "2024-04-11-09-00-00", "alternatives": ["8", "18", "18"]}, {"date": "2024-04-11-19-00-00", "alternatives": ["8", "13", "13"]}, {"date": "2024-04-11-19-00-00", "alternatives": ["8", "13", "13"]}, {"date": "2024-04-11-19-00-00", "alternatives": ["8", "13", "13"]}, {"date": "2024-04-11-19-00-00", "alternatives": ["8", "13", "13"]}, {"date": "2024-04-11-19-00-00", "alternatives": ["8", "13", "13"]}, {"date": "2024-04-11-15-00-00", "alternatives": [4, 9, 9, 9]}, {"date": "2024-04-11-15-00-00", "alternatives": [4, 9, 9, 9]}, {"date": "2024-04-11-15-00-00", "alternatives": ["16", "6", "16"]}, {"date": "2024-04-11-15-00-00", "alternatives": ["16", "6", "16"]}, {"date": "2024-04-11-15-00-00", "alternatives": ["16", "6", "16"]}, {"date": "2024-04-11-15-00-00", "alternatives": ["16", "6", "16"]}, {"date": "2024-04-11-15-00-00", "alternatives": ["16", "6", "16"]}, {"date": "2024-04-11-15-00-00", "alternatives": ["16", "6", "16"]}, {"date": "2024-04-11-15-00-00", "alternatives": ["16", "6", "16"]}, {"date": "2024-04-11-15-00-00", "alternatives": ["16", "6", "16"]}, {"date": "2024-04-11-15-00-00", "alternatives": ["16", "6", "16"]}, {"date": "2024-04-11-05-00-00", "alternatives": ["3", "30", "30"]}, {"date": "2024-04-11-05-00-00", "alternatives": ["3", "30", "30"]}, {"date": "2024-04-11-05-00-00", "alternatives": ["3", "30", "30"]}, {"date": "2024-04-11-05-00-00", "alternatives": ["3", "30", "30"]}, {"date": "2024-04-11-05-00-00", "alternatives": ["3", "30", "30"]}, {"date": "2024-04-11-11-00-00", "alternatives": ["9", "0", "9"]}, {"date": "2024-04-11-11-00-00", "alternatives": ["9", "0", "9"]}, {"date": "2024-04-11-11-00-00", "alternatives": ["9", "0", "9"]}, {"date": "2024-04-11-11-00-00", "alternatives": ["9", "0", "9"]}, {"date": "2024-04-11-11-00-00", "alternatives": ["9", "0", "9"]}, {"date": "2024-04-11-17-00-00", "alternatives": ["9", "0", "9"]}, {"date": "2024-04-11-17-00-00", "alternatives": ["9", "0", "9"]}, {"date": "2024-04-11-11-00-00", "alternatives": ["75", "35", "35"]}, {"date": "2024-04-11-11-00-00", "alternatives": ["75", "35", "35"]}, {"date": "2024-04-11-03-00-00", "alternatives": ["9", "0", "9"]}, {"date": "2024-04-11-23-00-00", "alternatives": ["16", "6", "16"]}, {"date": "2024-04-11-23-00-00", "alternatives": ["16", "6", "16"]}, {"date": "2024-04-11-17-00-00", "alternatives": ["39", "68", "39"]}]}, {"location": {"country_code": "ca"}, "game_id": "135305", "values": [{"date": "2024-04-11-05-00-00", "alternatives": ["31", "31", "3"]}, {"date": "2024-04-11-05-00-00", "alternatives": ["31", "31", "3"]}]}, {"location": {"country_code": "ch"}, "game_id": "135305", "values": [{"date": "2024-04-11-20-00-00", "alternatives": ["27", "27", "97"]}]}, {"location": {"country_code": "de"}, "game_id": "135305", "values": [{"date": "2024-04-12-00-00-00", "alternatives": ["12", "2", "12"]}, {"date": "2024-04-11-22-00-00", "alternatives": ["101", "11", "101"]}]}, {"location": {"country_code": "tw"}, "game_id": "135305", "values": [{"date": "2024-04-11-07-00-00", "alternatives": ["42", "42", "425"]}, {"date": "2024-04-11-14-00-00", "alternatives": ["24", "241", "241"]}]}, {"location": {"country_code": "gb", "region": "England"}, "game_id": "135305", "values": [{"date": "2024-04-11-22-00-00", "alternatives": ["46", "4", "46"]}, {"date": "2024-04-11-22-00-00", "alternatives": ["46", "4", "46"]}, {"date": "2024-04-11-22-00-00", "alternatives": ["46", "4", "46"]}, {"date": "2024-04-11-22-00-00", "alternatives": ["46", "4", "46"]}, {"date": "2024-04-11-22-00-00", "alternatives": ["46", "4", "46"]}]}, {"location": {"country_code": "cl"}, "game_id": "135305", "values": [{"date": "2024-04-12-01-00-00", "alternatives": ["40", "40", "140"]}, {"date": "2024-04-11-22-00-00", "alternatives": ["169", "691", "169"]}]}, {"location": {"country_code": "us", "region": "Florida"}, "game_id": "135305", "values": [{"date": "2024-04-11-18-00-00", "alternatives": ["41", "47", "41"]}]}, {"location": {"country_code": "ph"}, "game_id": "135305", "values": [{"date": "2024-04-11-19-00-00", "alternatives": [10, 104, 104, 104]}, {"date": "2024-04-11-19-00-00", "alternatives": [10, 104, 104, 104]}, {"date": "2024-04-11-19-00-00", "alternatives": [10, 104, 104, 104]}, {"date": "2024-04-12-01-00-00", "alternatives": ["79", "79", "20"]}, {"date": "2024-04-12-01-00-00", "alternatives": ["79", "79", "20"]}, {"date": "2024-04-12-01-00-00", "alternatives": ["79", "79", "20"]}, {"date": "2024-04-11-15-00-00", "alternatives": [18, 158, 158, 158]}, {"date": "2024-04-11-15-00-00", "alternatives": [18, 158, 158, 158]}, {"date": "2024-04-11-15-00-00", "alternatives": [18, 158, 158, 158]}, {"date": "2024-04-11-15-00-00", "alternatives": [18, 158, 158, 158]}, {"date": "2024-04-11-15-00-00", "alternatives": [18, 158, 158, 158]}, {"date": "2024-04-11-15-00-00", "alternatives": [18, 158, 158, 158]}, {"date": "2024-04-11-15-00-00", "alternatives": [18, 158, 158, 158]}, {"date": "2024-04-11-15-00-00", "alternatives": [18, 158, 158, 158]}]}, {"location": {"country_code": "fr"}, "game_id": "135305", "values": [{"date": "2024-04-11-23-00-00", "alternatives": ["21", "21", "2"]}, {"date": "2024-04-11-11-00-00", "alternatives": ["67", "67", "7"]}, {"date": "2024-04-11-19-00-00", "alternatives": ["34", "3", "3"]}, {"date": "2024-04-11-19-00-00", "alternatives": ["34", "3", "3"]}]}, {"location": {"country_code": "mx"}, "game_id": "135305", "values": [{"date": "2024-04-11-10-00-00", "alternatives": ["60", "69", "60"]}, {"date": "2024-04-11-10-00-00", "alternatives": ["60", "69", "60"]}, {"date": "2024-04-11-10-00-00", "alternatives": ["60", "69", "60"]}, {"date": "2024-04-12-01-00-00", "alternatives": ["95", "96", "95"]}, {"date": "2024-04-12-01-00-00", "alternatives": ["95", "96", "95"]}, {"date": "2024-04-11-04-00-00", "alternatives": ["57", "67", "67"]}, {"date": "2024-04-11-04-00-00", "alternatives": ["57", "67", "67"]}, {"date": "2024-04-11-04-00-00", "alternatives": ["57", "67", "67"]}, {"date": "2024-04-11-04-00-00", "alternatives": ["57", "67", "67"]}, {"date": "2024-04-11-05-00-00", "alternatives": ["85", "85", "5"]}, {"date": "2024-04-11-11-00-00", "alternatives": ["49", "49", "69"]}, {"date": "2024-04-11-11-00-00", "alternatives": ["49", "49", "69"]}, {"date": "2024-04-11-11-00-00", "alternatives": ["49", "49", "69"]}]}, {"location": {"country_code": "mx", "region": "Mexico City"}, "game_id": "135305", "values": [{"date": "2024-04-11-21-00-00", "alternatives": ["65", "165", "165"]}]}, {"location": {"country_code": "in"}, "game_id": "135305", "values": [{"date": "2024-04-11-21-00-00", "alternatives": ["38", "38", "33"]}]}, {"location": {"country_code": "us", "region": "California"}, "game_id": "135305", "values": [{"date": "2024-04-11-06-00-00", "alternatives": ["92", "92", "992"]}, {"date": "2024-04-11-06-00-00", "alternatives": ["92", "92", "992"]}, {"date": "2024-04-11-23-00-00", "alternatives": ["82", "82", "2"]}, {"date": "2024-04-11-23-00-00", "alternatives": ["82", "82", "2"]}, {"date": "2024-04-11-12-00-00", "alternatives": ["42", "42", "142"]}]}, {"location": {"country_code": "br"}, "game_id": "135305", "values": [{"date": "2024-04-12-01-00-00", "alternatives": ["136", "13", "136"]}, {"date": "2024-04-12-01-00-00", "alternatives": ["136", "13", "136"]}, {"date": "2024-04-12-01-00-00", "alternatives": ["136", "13", "136"]}, {"date": "2024-04-12-01-00-00", "alternatives": ["136", "13", "136"]}, {"date": "2024-04-12-01-00-00", "alternatives": ["136", "13", "136"]}, {"date": "2024-04-12-01-00-00", "alternatives": ["136", "13", "136"]}, {"date": "2024-04-12-01-00-00", "alternatives": ["136", "13", "136"]}, {"date": "2024-04-12-00-00-00", "alternatives": ["40", "140", "140"]}, {"date": "2024-04-12-00-00-00", "alternatives": ["40", "140", "140"]}, {"date": "2024-04-11-18-00-00", "alternatives": ["49", "149", "149"]}, {"date": "2024-04-11-18-00-00", "alternatives": ["49", "149", "149"]}, {"date": "2024-04-11-02-00-00", "alternatives": ["123", "23", "123"]}, {"date": "2024-04-12-01-00-00", "alternatives": ["131", "13", "131"]}, {"date": "2024-04-12-01-00-00", "alternatives": ["131", "13", "131"]}, {"date": "2024-04-12-01-00-00", "alternatives": ["131", "13", "131"]}, {"date": "2024-04-12-01-00-00", "alternatives": ["131", "13", "131"]}, {"date": "2024-04-12-01-00-00", "alternatives": ["4", "140", "140"]}, {"date": "2024-04-12-01-00-00", "alternatives": ["4", "140", "140"]}, {"date": "2024-04-12-00-00-00", "alternatives": ["9", "91", "91"]}, {"date": "2024-04-12-00-00-00", "alternatives": ["103", "03", "103"]}, {"date": "2024-04-12-00-00-00", "alternatives": ["103", "03", "103"]}, {"date": "2024-04-12-00-00-00", "alternatives": ["103", "03", "103"]}, {"date": "2024-04-12-00-00-00", "alternatives": ["103", "03", "103"]}, {"date": "2024-04-12-00-00-00", "alternatives": ["103", "03", "103"]}, {"date": "2024-04-12-00-00-00", "alternatives": ["103", "03", "103"]}, {"date": "2024-04-12-00-00-00", "alternatives": ["103", "03", "103"]}, {"date": "2024-04-12-00-00-00", "alternatives": ["103", "03", "103"]}, {"date": "2024-04-12-00-00-00", "alternatives": ["103", "03", "103"]}]}, {"location": {"country_code": "br", "region": "Sao Paulo", "city": "Apiai"}, "game_id": "135305", "values": [{"date": "2024-04-11-05-00-00", "alternatives": ["130", "30", "130"]}, {"date": "2024-04-11-05-00-00", "alternatives": ["130", "30", "130"]}, {"date": "2024-04-12-02-00-00", "alternatives": ["126", "12", "126"]}, {"date": "2024-04-12-02-00-00", "alternatives": ["126", "12", "126"]}]}, {"location": {"country_code": "se"}, "game_id": "135305", "values": [{"date": "2024-04-12-00-00-00", "alternatives": ["7", "47", "47"]}, {"date": "2024-04-12-00-00-00", "alternatives": ["7", "47", "47"]}, {"date": "2024-04-12-00-00-00", "alternatives": ["7", "47", "47"]}, {"date": "2024-04-12-00-00-00", "alternatives": ["7", "47", "47"]}, {"date": "2024-04-12-00-00-00", "alternatives": ["7", "47", "47"]}, {"date": "2024-04-12-00-00-00", "alternatives": ["7", "47", "47"]}, {"date": "2024-04-12-00-00-00", "alternatives": ["7", "47", "47"]}, {"date": "2024-04-12-00-00-00", "alternatives": ["7", "47", "47"]}, {"date": "2024-04-12-00-00-00", "alternatives": ["7", "47", "47"]}, {"date": "2024-04-12-00-00-00", "alternatives": ["7", "47", "47"]}, {"date": "2024-04-12-00-00-00", "alternatives": ["7", "47", "47"]}, {"date": "2024-04-12-00-00-00", "alternatives": ["7", "47", "47"]}]}, {"location": {"country_code": "au"}, "game_id": "135305", "values": [{"date": "2024-04-11-14-00-00", "alternatives": ["43", "43", "143"]}, {"date": "2024-04-11-07-00-00", "alternatives": ["1", "115", "115"]}, {"date": "2024-04-11-10-00-00", "alternatives": [28, 280, 280, 280]}, {"date": "2024-04-11-10-00-00", "alternatives": [28, 280, 280, 280]}, {"date": "2024-04-11-10-00-00", "alternatives": [28, 280, 280, 280]}]}, {"location": {"country_code": "es", "region": "Madrid", "city": "Parla"}, "game_id": "135305", "values": [{"date": "2024-04-12-00-00-00", "alternatives": ["57", "57", "87"]}, {"date": "2024-04-12-00-00-00", "alternatives": ["57", "57", "87"]}, {"date": "2024-04-12-00-00-00", "alternatives": ["57", "57", "87"]}, {"date": "2024-04-12-00-00-00", "alternatives": ["57", "57", "87"]}, {"date": "2024-04-12-00-00-00", "alternatives": ["57", "57", "87"]}, {"date": "2024-04-12-00-00-00", "alternatives": ["57", "57", "87"]}]}, {"location": {"country_code": "tr"}, "game_id": "135305", "values": [{"date": "2024-04-11-23-00-00", "alternatives": [4, 44, 44, 44]}]}, {"location": {"country_code": "ca", "region": "Ontario"}, "game_id": "135305", "values": [{"date": "2024-04-11-17-00-00", "alternatives": ["91", "16", "91"]}]}, {"location": {"country_code": "es"}, "game_id": "135305", "values": [{"date": "2024-04-11-22-00-00", "alternatives": ["0", "50", "50"]}, {"date": "2024-04-12-02-00-00", "alternatives": ["01", "1", "101"]}, {"date": "2024-04-12-02-00-00", "alternatives": ["01", "1", "101"]}, {"date": "2024-04-12-02-00-00", "alternatives": ["01", "1", "101"]}, {"date": "2024-04-12-02-00-00", "alternatives": ["01", "1", "101"]}, {"date": "2024-04-12-02-00-00", "alternatives": ["01", "1", "101"]}]}, {"location": {"country_code": "ar", "region": "Buenos Aires"}, "game_id": "135305", "values": [{"date": "2024-04-11-18-00-00", "alternatives": ["158", "158", "18"]}, {"date": "2024-04-11-18-00-00", "alternatives": ["158", "158", "18"]}, {"date": "2024-04-11-18-00-00", "alternatives": ["158", "158", "18"]}, {"date": "2024-04-11-18-00-00", "alternatives": ["158", "158", "18"]}, {"date": "2024-04-11-18-00-00", "alternatives": ["158", "158", "18"]}, {"date": "2024-04-11-18-00-00", "alternatives": ["158", "158", "18"]}, {"date": "2024-04-11-18-00-00", "alternatives": ["158", "158", "18"]}, {"date": "2024-04-11-18-00-00", "alternatives": ["158", "158", "18"]}, {"date": "2024-04-11-18-00-00", "alternatives": ["158", "158", "18"]}, {"date": "2024-04-11-18-00-00", "alternatives": ["158", "158", "18"]}, {"date": "2024-04-11-18-00-00", "alternatives": ["158", "158", "18"]}, {"date": "2024-04-11-18-00-00", "alternatives": ["158", "158", "18"]}]}, {"location": {"country_code": "br", "region": "Federal District", "city": "Brasilia"}, "game_id": "135305", "values": [{"date": "2024-04-11-06-00-00", "alternatives": ["1509", "150", "150"]}, {"date": "2024-04-11-06-00-00", "alternatives": ["1509", "150", "150"]}, {"date": "2024-04-11-06-00-00", "alternatives": ["1509", "150", "150"]}, {"date": "2024-04-11-06-00-00", "alternatives": ["1509", "150", "150"]}]}, {"location": {"country_code": "hu"}, "game_id": "135305", "values": [{"date": "2024-04-11-21-00-00", "alternatives": [29, 129, 129, 129]}, {"date": "2024-04-11-21-00-00", "alternatives": [29, 129, 129, 129]}]}, {"location": {"country_code": "co"}, "game_id": "135305", "values": [{"date": "2024-04-11-03-00-00", "alternatives": ["72", "12", "72"]}, {"date": "2024-04-11-19-00-00", "alternatives": [174, 7, 74, 74, 74]}, {"date": "2024-04-11-19-00-00", "alternatives": [174, 7, 74, 74, 74]}]}, {"location": {"country_code": "es", "region": "Catalonia", "city": "l'Hospitalet de Llobregat"}, "game_id": "135305", "values": [{"date": "2024-04-11-18-00-00", "alternatives": ["99", "66", "99"]}, {"date": "2024-04-11-18-00-00", "alternatives": ["99", "66", "99"]}]}, {"location": {"country_code": "pl"}, "game_id": "135305", "values": [{"date": "2024-04-11-22-00-00", "alternatives": ["34", "34", "26"]}, {"date": "2024-04-11-22-00-00", "alternatives": ["34", "34", "26"]}, {"date": "2024-04-11-22-00-00", "alternatives": ["34", "34", "26"]}]}, {"location": {"country_code": "be"}, "game_id": "135305", "values": [{"date": "2024-04-12-02-00-00", "alternatives": ["19", "119", "119"]}]}, {"location": {"country_code": "us", "region": "Nevada", "city": "Las Vegas"}, "game_id": "135305", "values": [{"date": "2024-04-11-06-00-00", "alternatives": ["99", "66", "99"]}, {"date": "2024-04-11-06-00-00", "alternatives": ["99", "66", "99"]}, {"date": "2024-04-11-06-00-00", "alternatives": ["99", "66", "99"]}, {"date": "2024-04-11-06-00-00", "alternatives": ["99", "66", "99"]}, {"date": "2024-04-11-06-00-00", "alternatives": ["99", "66", "99"]}]}, {"location": {"country_code": "gb", "region": "England", "city": "London"}, "game_id": "135305", "values": [{"date": "2024-04-11-23-00-00", "alternatives": ["24", "2", "24"]}, {"date": "2024-04-11-23-00-00", "alternatives": ["24", "2", "24"]}]}, {"location": {"country_code": "pe"}, "game_id": "135305", "values": [{"date": "2024-04-11-22-00-00", "alternatives": ["92", "2", "92"]}, {"date": "2024-04-11-22-00-00", "alternatives": ["92", "2", "92"]}, {"date": "2024-04-12-02-00-00", "alternatives": [4, 14, 104, 104, 104]}, {"date": "2024-04-12-02-00-00", "alternatives": [4, 14, 104, 104, 104]}, {"date": "2024-04-12-02-00-00", "alternatives": [4, 14, 104, 104, 104]}, {"date": "2024-04-11-06-00-00", "alternatives": ["112", "112", "12"]}, {"date": "2024-04-11-06-00-00", "alternatives": ["102", "102", "02"]}, {"date": "2024-04-11-07-00-00", "alternatives": ["99", "66", "99"]}, {"date": "2024-04-11-03-00-00", "alternatives": [90, 90, 90]}, {"date": "2024-04-11-03-00-00", "alternatives": [90, 90, 90]}, {"date": "2024-04-11-03-00-00", "alternatives": [90, 90, 90]}, {"date": "2024-04-11-03-00-00", "alternatives": [90, 90, 90]}]}, {"location": {"country_code": "br", "region": "Rondonia"}, "game_id": "135305", "values": [{"date": "2024-04-12-01-00-00", "alternatives": ["48", "48", "148"]}, {"date": "2024-04-12-01-00-00", "alternatives": ["48", "48", "148"]}, {"date": "2024-04-12-01-00-00", "alternatives": ["48", "48", "148"]}, {"date": "2024-04-12-01-00-00", "alternatives": ["48", "48", "148"]}]}, {"location": {"country_code": "my"}, "game_id": "135305", "values": [{"date": "2024-04-11-16-00-00", "alternatives": [982, 182, 182, 182]}, {"date": "2024-04-11-16-00-00", "alternatives": [982, 182, 182, 182]}, {"date": "2024-04-11-16-00-00", "alternatives": [982, 182, 182, 182]}, {"date": "2024-04-11-20-00-00", "alternatives": ["10", "110", "110"]}, {"date": "2024-04-11-20-00-00", "alternatives": ["10", "110", "110"]}, {"date": "2024-04-11-20-00-00", "alternatives": ["10", "110", "110"]}, {"date": "2024-04-11-20-00-00", "alternatives": ["10", "110", "110"]}, {"date": "2024-04-11-20-00-00", "alternatives": ["10", "110", "110"]}, {"date": "2024-04-11-07-00-00", "alternatives": [30, 80, 80, 80]}, {"date": "2024-04-11-07-00-00", "alternatives": [30, 80, 80, 80]}]}, {"location": {"country_code": "id"}, "game_id": "135305", "values": [{"date": "2024-04-11-10-00-00", "alternatives": ["87", "87", "7"]}, {"date": "2024-04-11-10-00-00", "alternatives": ["87", "87", "7"]}, {"date": "2024-04-11-16-00-00", "alternatives": ["2", "92", "92"]}, {"date": "2024-04-11-16-00-00", "alternatives": [0, 100, 0, 0]}, {"date": "2024-04-11-16-00-00", "alternatives": [0, 100, 0, 0]}, {"date": "2024-04-11-16-00-00", "alternatives": [0, 100, 0, 0]}, {"date": "2024-04-11-16-00-00", "alternatives": [0, 100, 0, 0]}, {"date": "2024-04-11-16-00-00", "alternatives": [0, 100, 0, 0]}, {"date": "2024-04-11-16-00-00", "alternatives": [0, 100, 0, 0]}, {"date": "2024-04-11-16-00-00", "alternatives": [0, 100, 0, 0]}, {"date": "2024-04-11-16-00-00", "alternatives": [0, 100, 0, 0]}, {"date": "2024-04-11-16-00-00", "alternatives": [0, 100, 0, 0]}, {"date": "2024-04-11-16-00-00", "alternatives": [0, 100, 0, 0]}, {"date": "2024-04-11-16-00-00", "alternatives": [0, 100, 0, 0]}, {"date": "2024-04-11-16-00-00", "alternatives": [0, 100, 0, 0]}, {"date": "2024-04-11-16-00-00", "alternatives": [0, 100, 0, 0]}, {"date": "2024-04-11-16-00-00", "alternatives": [0, 100, 0, 0]}, {"date": "2024-04-11-16-00-00", "alternatives": [0, 100, 0, 0]}, {"date": "2024-04-11-14-00-00", "alternatives": ["256", "255", "255"]}, {"date": "2024-04-11-18-00-00", "alternatives": ["88", "88", "8"]}, {"date": "2024-04-11-18-00-00", "alternatives": ["88", "88", "8"]}, {"date": "2024-04-11-18-00-00", "alternatives": ["88", "88", "8"]}, {"date": "2024-04-11-15-00-00", "alternatives": ["98", "98", "9"]}]}, {"location": {"country_code": "es", "region": "Andalusia", "city": "Seville"}, "game_id": "135305", "values": [{"date": "2024-04-11-14-00-00", "alternatives": ["44", "4", "44"]}]}, {"location": {"country_code": "fr", "region": "Ile-de-France Region"}, "game_id": "135305", "values": [{"date": "2024-04-11-22-00-00", "alternatives": ["3", "31", "3"]}, {"date": "2024-04-11-22-00-00", "alternatives": ["3", "31", "3"]}, {"date": "2024-04-11-22-00-00", "alternatives": ["3", "31", "3"]}, {"date": "2024-04-11-22-00-00", "alternatives": ["3", "31", "3"]}, {"date": "2024-04-11-22-00-00", "alternatives": ["3", "31", "3"]}, {"date": "2024-04-11-22-00-00", "alternatives": ["3", "31", "3"]}, {"date": "2024-04-11-22-00-00", "alternatives": ["3", "31", "3"]}]}, {"location": {"country_code": "cn", "region": "Hong Kong"}, "game_id": "135305", "values": [{"date": "2024-04-11-18-00-00", "alternatives": ["59", "6", "59"]}, {"date": "2024-04-11-18-00-00", "alternatives": ["59", "6", "59"]}]}, {"location": {"country_code": "fr", "region": "Ile-de-France Region", "city": "Paris"}, "game_id": "135305", "values": [{"date": "2024-04-11-23-00-00", "alternatives": ["112", "12", "12"]}, {"date": "2024-04-11-23-00-00", "alternatives": ["112", "12", "12"]}]}, {"location": {"country_code": "pt", "region": "Lisbon District", "city": "Amadora"}, "game_id": "135305", "values": [{"date": "2024-04-11-16-00-00", "alternatives": [6, 9, 9, 9]}, {"date": "2024-04-11-16-00-00", "alternatives": [6, 9, 9, 9]}, {"date": "2024-04-11-16-00-00", "alternatives": [6, 9, 9, 9]}]}, {"location": {"country_code": "br", "region": "Ceara", "city": "Itapipoca"}, "game_id": "135305", "values": [{"date": "2024-04-12-01-00-00", "alternatives": [91, 9, 9, 9]}, {"date": "2024-04-12-01-00-00", "alternatives": [91, 9, 9, 9]}]}, {"location": {"country_code": "hn"}, "game_id": "135305", "values": [{"date": "2024-04-11-03-00-00", "alternatives": ["79", "793", "79"]}]}, {"location": {"country_code": "ru", "region": "Rostov Oblast", "city": "Rostov-on-Don"}, "game_id": "135305", "values": [{"date": "2024-04-11-16-00-00", "alternatives": [0, 0, 0]}]}, {"location": {"country_code": "de", "region": "North Rhine-Westphalia"}, "game_id": "135305", "values": [{"date": "2024-04-11-10-00-00", "alternatives": ["31", "31", "3"]}]}, {"location": {"country_code": "es", "region": "Valencia", "city": "Orihuela"}, "game_id": "135305", "values": [{"date": "2024-04-11-18-00-00", "alternatives": ["6", "46", "46"]}]}, {"location": {"country_code": "us", "region": "New York", "city": "Buffalo"}, "game_id": "135305", "values": [{"date": "2024-04-11-09-00-00", "alternatives": ["39", "8", "39"]}]}, {"location": {"country_code": "fr", "region": "Aquitania-Limosino-Poitou-Charentes", "city": "Bordeaux"}, "game_id": "135305", "values": [{"date": "2024-04-11-20-00-00", "alternatives": ["30", "08", "30"]}, {"date": "2024-04-11-20-00-00", "alternatives": ["30", "08", "30"]}]}, {"location": {"country_code": "br", "region": "Paraiba", "city": "Santa Rita"}, "game_id": "135305", "values": [{"date": "2024-04-11-16-00-00", "alternatives": ["9", "90", "90"]}, {"date": "2024-04-11-16-00-00", "alternatives": ["9", "90", "90"]}, {"date": "2024-04-11-16-00-00", "alternatives": ["9", "90", "90"]}, {"date": "2024-04-11-16-00-00", "alternatives": ["9", "90", "90"]}, {"date": "2024-04-11-16-00-00", "alternatives": ["9", "90", "90"]}]}, {"location": {"country_code": "ru", "region": "Kaliningrad Oblast", "city": "Kaliningrad"}, "game_id": "135305", "values": [{"date": "2024-04-11-07-00-00", "alternatives": ["65", "65", "45"]}, {"date": "2024-04-11-07-00-00", "alternatives": ["65", "65", "45"]}, {"date": "2024-04-11-07-00-00", "alternatives": ["65", "65", "45"]}, {"date": "2024-04-11-07-00-00", "alternatives": ["65", "65", "45"]}, {"date": "2024-04-11-07-00-00", "alternatives": ["65", "65", "45"]}, {"date": "2024-04-11-07-00-00", "alternatives": ["65", "65", "45"]}, {"date": "2024-04-11-07-00-00", "alternatives": ["65", "65", "45"]}, {"date": "2024-04-11-07-00-00", "alternatives": ["65", "65", "45"]}]}, {"location": {"country_code": "gr", "region": "Apokentromeni Dioikisi Kritis"}, "game_id": "135305", "values": [{"date": "2024-04-11-20-00-00", "alternatives": ["41", "47", "47"]}, {"date": "2024-04-11-20-00-00", "alternatives": ["41", "47", "47"]}, {"date": "2024-04-11-20-00-00", "alternatives": ["41", "47", "47"]}, {"date": "2024-04-11-20-00-00", "alternatives": ["41", "47", "47"]}]}, {"location": {"country_code": "fr", "region": "Ile-de-France Region", "city": "Issy-les-Moulineaux"}, "game_id": "135305", "values": [{"date": "2024-04-11-20-00-00", "alternatives": ["16", "6", "16"]}, {"date": "2024-04-11-20-00-00", "alternatives": ["16", "6", "16"]}]}, {"location": {"country_code": "br", "region": "Acre", "city": "Rio Branco"}, "game_id": "135305", "values": [{"date": "2024-04-11-20-00-00", "alternatives": ["78", "178", "178"]}, {"date": "2024-04-11-20-00-00", "alternatives": ["78", "178", "178"]}, {"date": "2024-04-11-20-00-00", "alternatives": ["78", "178", "178"]}, {"date": "2024-04-11-20-00-00", "alternatives": ["78", "178", "178"]}]}, {"location": {"country_code": "sv", "region": "Sonsonate", "city": "Acajutla"}, "game_id": "135305", "values": [{"date": "2024-04-11-17-00-00", "alternatives": ["81", "81", "8"]}, {"date": "2024-04-11-17-00-00", "alternatives": ["81", "81", "8"]}]}, {"location": {"country_code": "eg", "region": "Qalyubia Governorate", "city": "Banha"}, "game_id": "135305", "values": [{"date": "2024-04-12-00-00-00", "alternatives": ["63", "9", "63"]}]}, {"location": {"country_code": "ng", "region": "Kebbi", "city": "Tungan Sumaru"}, "game_id": "135305", "values": [{"date": "2024-04-11-20-00-00", "alternatives": ["8", "48", "8"]}]}, {"location": {"country_code": "ph", "region": "National Capital Region", "city": "Mandaluyong"}, "game_id": "135305", "values": [{"date": "2024-04-11-04-00-00", "alternatives": ["36", "250", "250"]}, {"date": "2024-04-11-04-00-00", "alternatives": ["36", "250", "250"]}]}], "last_updated": 1719918157.316189}