{"data": [{"location": {"country_code": "us"}, "game_id": "452439", "values": [{"date": "2024-05-19-15-00-00", "latency": "40"}, {"date": "2024-05-19-15-00-00", "latency": "40"}, {"date": "2024-05-19-15-00-00", "latency": "40"}, {"date": "2024-05-19-15-00-00", "latency": "40"}, {"date": "2024-05-19-15-00-00", "latency": "40"}, {"date": "2024-05-19-15-00-00", "latency": "40"}, {"date": "2024-05-19-15-00-00", "latency": "40"}, {"date": "2024-05-19-15-00-00", "latency": "40"}, {"date": "2024-05-19-15-00-00", "latency": "40"}, {"date": "2024-05-19-15-00-00", "latency": "40"}, {"date": "2024-05-19-15-00-00", "latency": "40"}, {"date": "2024-05-19-23-00-00", "latency": "81"}, {"date": "2024-05-19-23-00-00", "latency": "81"}, {"date": "2024-05-19-23-00-00", "latency": "81"}, {"date": "2024-05-19-23-00-00", "latency": "81"}, {"date": "2024-05-19-23-00-00", "latency": "81"}, {"date": "2024-05-19-23-00-00", "latency": "81"}, {"date": "2024-05-19-23-00-00", "latency": "81"}, {"date": "2024-05-19-23-00-00", "latency": "81"}, {"date": "2024-05-19-23-00-00", "latency": "81"}, {"date": "2024-05-19-23-00-00", "latency": "81"}, {"date": "2024-05-19-23-00-00", "latency": "81"}, {"date": "2024-05-19-23-00-00", "latency": "81"}, {"date": "2024-05-19-23-00-00", "latency": "81"}, {"date": "2024-05-19-23-00-00", "latency": "81"}, {"date": "2024-05-19-23-00-00", "latency": "81"}, {"date": "2024-05-19-23-00-00", "latency": "81"}, {"date": "2024-05-19-23-00-00", "latency": "81"}, {"date": "2024-05-19-23-00-00", "latency": "81"}, {"date": "2024-05-19-23-00-00", "latency": "81"}, {"date": "2024-05-19-23-00-00", "latency": "81"}, {"date": "2024-05-19-23-00-00", "latency": "81"}, {"date": "2024-05-19-23-00-00", "latency": "81"}, {"date": "2024-05-19-23-00-00", "latency": "81"}, {"date": "2024-05-19-23-00-00", "latency": "81"}, {"date": "2024-05-19-23-00-00", "latency": "81"}, {"date": "2024-05-19-21-00-00", "latency": "67"}, {"date": "2024-05-19-21-00-00", "latency": "67"}, {"date": "2024-05-19-21-00-00", "latency": "67"}, {"date": "2024-05-19-21-00-00", "latency": "67"}, {"date": "2024-05-19-21-00-00", "latency": "67"}, {"date": "2024-05-19-21-00-00", "latency": "67"}, {"date": "2024-05-19-21-00-00", "latency": "67"}, {"date": "2024-05-19-21-00-00", "latency": "67"}, {"date": "2024-05-19-21-00-00", "latency": "67"}, {"date": "2024-05-19-21-00-00", "latency": "67"}, {"date": "2024-05-19-23-00-00", "latency": "5"}, {"date": "2024-05-19-23-00-00", "latency": "5"}, {"date": "2024-05-19-23-00-00", "latency": "5"}, {"date": "2024-05-19-23-00-00", "latency": "5"}, {"date": "2024-05-19-23-00-00", "latency": "5"}, {"date": "2024-05-19-23-00-00", "latency": "5"}, {"date": "2024-05-19-23-00-00", "latency": "5"}, {"date": "2024-05-19-23-00-00", "latency": "5"}, {"date": "2024-05-19-23-00-00", "latency": "5"}, {"date": "2024-05-19-23-00-00", "latency": "5"}, {"date": "2024-05-19-23-00-00", "latency": "5"}, {"date": "2024-05-19-23-00-00", "latency": "5"}, {"date": "2024-05-19-23-00-00", "latency": "5"}, {"date": "2024-05-19-23-00-00", "latency": "5"}, {"date": "2024-05-19-23-00-00", "latency": "5"}, {"date": "2024-05-19-23-00-00", "latency": "5"}, {"date": "2024-05-19-23-00-00", "latency": "5"}, {"date": "2024-05-19-23-00-00", "latency": "5"}, {"date": "2024-05-19-23-00-00", "latency": "5"}, {"date": "2024-05-19-23-00-00", "latency": "5"}]}, {"location": {"country_code": "de", "region": "Berlin", "city": "Berlin"}, "game_id": "452439", "values": [{"date": "2024-05-19-23-00-00", "latency": "25"}, {"date": "2024-05-19-23-00-00", "latency": "25"}, {"date": "2024-05-19-23-00-00", "latency": "25"}, {"date": "2024-05-19-23-00-00", "latency": "25"}, {"date": "2024-05-19-23-00-00", "latency": "25"}, {"date": "2024-05-19-23-00-00", "latency": "25"}, {"date": "2024-05-19-23-00-00", "latency": "25"}, {"date": "2024-05-19-23-00-00", "latency": "25"}, {"date": "2024-05-19-23-00-00", "latency": "25"}, {"date": "2024-05-19-23-00-00", "latency": "25"}, {"date": "2024-05-19-23-00-00", "latency": "25"}, {"date": "2024-05-19-23-00-00", "latency": "25"}, {"date": "2024-05-19-23-00-00", "latency": "25"}, {"date": "2024-05-19-23-00-00", "latency": "25"}, {"date": "2024-05-19-23-00-00", "latency": "25"}, {"date": "2024-05-19-23-00-00", "latency": "25"}, {"date": "2024-05-19-23-00-00", "latency": "25"}, {"date": "2024-05-19-23-00-00", "latency": "25"}, {"date": "2024-05-19-23-00-00", "latency": "25"}, {"date": "2024-05-19-23-00-00", "latency": "25"}, {"date": "2024-05-19-23-00-00", "latency": "25"}, {"date": "2024-05-19-23-00-00", "latency": "25"}, {"date": "2024-05-19-23-00-00", "latency": "25"}, {"date": "2024-05-19-23-00-00", "latency": "25"}, {"date": "2024-05-19-14-00-00", "latency": "27"}, {"date": "2024-05-19-14-00-00", "latency": "27"}, {"date": "2024-05-19-14-00-00", "latency": "27"}, {"date": "2024-05-19-14-00-00", "latency": "27"}, {"date": "2024-05-19-14-00-00", "latency": "27"}, {"date": "2024-05-19-14-00-00", "latency": "27"}, {"date": "2024-05-19-14-00-00", "latency": "27"}, {"date": "2024-05-19-14-00-00", "latency": "27"}, {"date": "2024-05-19-14-00-00", "latency": "27"}, {"date": "2024-05-19-14-00-00", "latency": "27"}, {"date": "2024-05-19-14-00-00", "latency": "27"}, {"date": "2024-05-19-14-00-00", "latency": "27"}, {"date": "2024-05-19-14-00-00", "latency": "27"}, {"date": "2024-05-19-14-00-00", "latency": "27"}, {"date": "2024-05-19-14-00-00", "latency": "27"}, {"date": "2024-05-19-14-00-00", "latency": "27"}, {"date": "2024-05-19-14-00-00", "latency": "27"}, {"date": "2024-05-19-14-00-00", "latency": "27"}, {"date": "2024-05-19-14-00-00", "latency": "27"}, {"date": "2024-05-19-14-00-00", "latency": "27"}, {"date": "2024-05-19-14-00-00", "latency": "27"}, {"date": "2024-05-19-14-00-00", "latency": "27"}, {"date": "2024-05-19-14-00-00", "latency": "27"}, {"date": "2024-05-19-14-00-00", "latency": "27"}]}, {"location": {"country_code": "gb"}, "game_id": "452439", "values": [{"date": "2024-05-19-19-00-00", "latency": "32"}, {"date": "2024-05-19-19-00-00", "latency": "32"}, {"date": "2024-05-19-19-00-00", "latency": "32"}, {"date": "2024-05-19-19-00-00", "latency": "32"}]}, {"location": {"country_code": "nl"}, "game_id": "452439", "values": [{"date": "2024-05-19-17-00-00", "latency": "20"}, {"date": "2024-05-19-17-00-00", "latency": "20"}, {"date": "2024-05-19-17-00-00", "latency": "20"}, {"date": "2024-05-19-17-00-00", "latency": "20"}, {"date": "2024-05-19-17-00-00", "latency": "20"}, {"date": "2024-05-19-17-00-00", "latency": "20"}, {"date": "2024-05-19-17-00-00", "latency": "20"}, {"date": "2024-05-19-17-00-00", "latency": "20"}, {"date": "2024-05-19-17-00-00", "latency": "20"}, {"date": "2024-05-19-17-00-00", "latency": "20"}, {"date": "2024-05-19-17-00-00", "latency": "20"}, {"date": "2024-05-19-17-00-00", "latency": "20"}, {"date": "2024-05-19-17-00-00", "latency": "20"}, {"date": "2024-05-19-17-00-00", "latency": "20"}, {"date": "2024-05-19-17-00-00", "latency": "20"}, {"date": "2024-05-19-17-00-00", "latency": "20"}, {"date": "2024-05-19-17-00-00", "latency": "20"}, {"date": "2024-05-19-17-00-00", "latency": "20"}, {"date": "2024-05-19-17-00-00", "latency": "20"}]}, {"location": {"country_code": "cz"}, "game_id": "452439", "values": [{"date": "2024-05-19-22-00-00", "latency": "18"}, {"date": "2024-05-19-22-00-00", "latency": "18"}, {"date": "2024-05-19-22-00-00", "latency": "18"}, {"date": "2024-05-19-22-00-00", "latency": "18"}, {"date": "2024-05-19-22-00-00", "latency": "18"}, {"date": "2024-05-19-22-00-00", "latency": "18"}, {"date": "2024-05-19-22-00-00", "latency": "18"}, {"date": "2024-05-19-22-00-00", "latency": "18"}, {"date": "2024-05-19-22-00-00", "latency": "18"}, {"date": "2024-05-19-22-00-00", "latency": "18"}, {"date": "2024-05-19-22-00-00", "latency": "18"}, {"date": "2024-05-19-22-00-00", "latency": "18"}, {"date": "2024-05-19-22-00-00", "latency": "18"}, {"date": "2024-05-19-22-00-00", "latency": "18"}, {"date": "2024-05-19-22-00-00", "latency": "18"}, {"date": "2024-05-19-22-00-00", "latency": "18"}, {"date": "2024-05-19-22-00-00", "latency": "18"}, {"date": "2024-05-19-22-00-00", "latency": "18"}, {"date": "2024-05-19-22-00-00", "latency": "18"}, {"date": "2024-05-19-22-00-00", "latency": "18"}]}, {"location": {"country_code": "ca"}, "game_id": "452439", "values": [{"date": "2024-05-19-03-00-00", "latency": "80"}, {"date": "2024-05-19-03-00-00", "latency": "80"}, {"date": "2024-05-19-03-00-00", "latency": "80"}, {"date": "2024-05-19-03-00-00", "latency": "80"}, {"date": "2024-05-19-03-00-00", "latency": "80"}, {"date": "2024-05-19-03-00-00", "latency": "80"}, {"date": "2024-05-19-03-00-00", "latency": "80"}, {"date": "2024-05-19-03-00-00", "latency": "80"}, {"date": "2024-05-19-03-00-00", "latency": "80"}, {"date": "2024-05-19-21-00-00", "latency": "44"}, {"date": "2024-05-19-21-00-00", "latency": "44"}, {"date": "2024-05-19-21-00-00", "latency": "44"}, {"date": "2024-05-19-21-00-00", "latency": "44"}, {"date": "2024-05-19-21-00-00", "latency": "44"}, {"date": "2024-05-19-21-00-00", "latency": "44"}, {"date": "2024-05-19-21-00-00", "latency": "44"}, {"date": "2024-05-19-21-00-00", "latency": "44"}, {"date": "2024-05-19-21-00-00", "latency": "44"}, {"date": "2024-05-19-21-00-00", "latency": "44"}, {"date": "2024-05-19-21-00-00", "latency": "44"}, {"date": "2024-05-19-21-00-00", "latency": "44"}, {"date": "2024-05-19-21-00-00", "latency": "44"}, {"date": "2024-05-19-21-00-00", "latency": "44"}, {"date": "2024-05-19-21-00-00", "latency": "44"}, {"date": "2024-05-19-21-00-00", "latency": "44"}, {"date": "2024-05-19-21-00-00", "latency": "44"}, {"date": "2024-05-19-21-00-00", "latency": "44"}, {"date": "2024-05-19-21-00-00", "latency": "44"}, {"date": "2024-05-19-21-00-00", "latency": "44"}, {"date": "2024-05-19-22-00-00", "latency": "38"}, {"date": "2024-05-19-22-00-00", "latency": "38"}, {"date": "2024-05-19-22-00-00", "latency": "38"}, {"date": "2024-05-19-22-00-00", "latency": "38"}, {"date": "2024-05-19-22-00-00", "latency": "38"}, {"date": "2024-05-19-22-00-00", "latency": "38"}, {"date": "2024-05-19-22-00-00", "latency": "38"}, {"date": "2024-05-19-22-00-00", "latency": "38"}, {"date": "2024-05-19-22-00-00", "latency": "38"}, {"date": "2024-05-19-22-00-00", "latency": "38"}, {"date": "2024-05-19-22-00-00", "latency": "38"}, {"date": "2024-05-19-22-00-00", "latency": "38"}, {"date": "2024-05-19-22-00-00", "latency": "38"}, {"date": "2024-05-19-22-00-00", "latency": "38"}, {"date": "2024-05-19-22-00-00", "latency": "38"}, {"date": "2024-05-19-22-00-00", "latency": "38"}, {"date": "2024-05-19-22-00-00", "latency": "38"}]}, {"location": {"country_code": "de"}, "game_id": "452439", "values": [{"date": "2024-05-20-00-00-00", "latency": "26"}, {"date": "2024-05-20-00-00-00", "latency": "26"}, {"date": "2024-05-20-00-00-00", "latency": "26"}, {"date": "2024-05-20-00-00-00", "latency": "26"}, {"date": "2024-05-20-00-00-00", "latency": "26"}, {"date": "2024-05-19-21-00-00", "latency": "50"}, {"date": "2024-05-19-21-00-00", "latency": "50"}, {"date": "2024-05-19-21-00-00", "latency": "50"}, {"date": "2024-05-19-21-00-00", "latency": "50"}, {"date": "2024-05-19-21-00-00", "latency": "50"}, {"date": "2024-05-19-21-00-00", "latency": "50"}, {"date": "2024-05-19-21-00-00", "latency": "50"}, {"date": "2024-05-19-21-00-00", "latency": "50"}, {"date": "2024-05-19-21-00-00", "latency": "50"}, {"date": "2024-05-19-21-00-00", "latency": "50"}, {"date": "2024-05-19-21-00-00", "latency": "50"}, {"date": "2024-05-19-17-00-00", "latency": "34"}, {"date": "2024-05-19-17-00-00", "latency": "34"}, {"date": "2024-05-19-17-00-00", "latency": "34"}, {"date": "2024-05-19-17-00-00", "latency": "34"}, {"date": "2024-05-19-17-00-00", "latency": "34"}, {"date": "2024-05-19-17-00-00", "latency": "34"}, {"date": "2024-05-19-17-00-00", "latency": "34"}, {"date": "2024-05-19-17-00-00", "latency": "34"}, {"date": "2024-05-19-17-00-00", "latency": "34"}, {"date": "2024-05-19-17-00-00", "latency": "34"}, {"date": "2024-05-19-17-00-00", "latency": "34"}, {"date": "2024-05-19-17-00-00", "latency": "34"}, {"date": "2024-05-19-17-00-00", "latency": "34"}, {"date": "2024-05-19-17-00-00", "latency": "34"}, {"date": "2024-05-19-17-00-00", "latency": "34"}, {"date": "2024-05-19-17-00-00", "latency": "34"}, {"date": "2024-05-19-17-00-00", "latency": "34"}, {"date": "2024-05-19-17-00-00", "latency": "34"}, {"date": "2024-05-19-17-00-00", "latency": "34"}, {"date": "2024-05-19-17-00-00", "latency": "34"}, {"date": "2024-05-19-17-00-00", "latency": "34"}, {"date": "2024-05-19-17-00-00", "latency": "34"}, {"date": "2024-05-19-17-00-00", "latency": "34"}, {"date": "2024-05-19-17-00-00", "latency": "34"}, {"date": "2024-05-19-17-00-00", "latency": "34"}, {"date": "2024-05-19-17-00-00", "latency": "34"}, {"date": "2024-05-19-17-00-00", "latency": "34"}, {"date": "2024-05-19-17-00-00", "latency": "34"}, {"date": "2024-05-19-17-00-00", "latency": "34"}, {"date": "2024-05-19-17-00-00", "latency": "34"}, {"date": "2024-05-19-17-00-00", "latency": "34"}, {"date": "2024-05-19-17-00-00", "latency": "34"}, {"date": "2024-05-19-17-00-00", "latency": "34"}, {"date": "2024-05-19-17-00-00", "latency": "34"}, {"date": "2024-05-19-17-00-00", "latency": "34"}, {"date": "2024-05-19-17-00-00", "latency": "34"}, {"date": "2024-05-19-17-00-00", "latency": "34"}, {"date": "2024-05-19-17-00-00", "latency": "34"}, {"date": "2024-05-19-17-00-00", "latency": "34"}, {"date": "2024-05-19-17-00-00", "latency": "34"}, {"date": "2024-05-19-17-00-00", "latency": "34"}, {"date": "2024-05-19-14-00-00", "latency": "15"}, {"date": "2024-05-19-14-00-00", "latency": "15"}, {"date": "2024-05-19-14-00-00", "latency": "15"}, {"date": "2024-05-19-14-00-00", "latency": "15"}, {"date": "2024-05-19-14-00-00", "latency": "15"}, {"date": "2024-05-19-14-00-00", "latency": "15"}, {"date": "2024-05-19-14-00-00", "latency": "15"}, {"date": "2024-05-19-14-00-00", "latency": "15"}, {"date": "2024-05-19-14-00-00", "latency": "15"}, {"date": "2024-05-19-14-00-00", "latency": "15"}, {"date": "2024-05-19-14-00-00", "latency": "15"}, {"date": "2024-05-19-14-00-00", "latency": "15"}, {"date": "2024-05-19-14-00-00", "latency": "15"}, {"date": "2024-05-19-14-00-00", "latency": "15"}, {"date": "2024-05-19-14-00-00", "latency": "15"}, {"date": "2024-05-19-14-00-00", "latency": "15"}, {"date": "2024-05-19-23-00-00", "latency": "21"}, {"date": "2024-05-19-23-00-00", "latency": "21"}, {"date": "2024-05-19-23-00-00", "latency": "21"}, {"date": "2024-05-19-23-00-00", "latency": "21"}, {"date": "2024-05-19-23-00-00", "latency": "21"}, {"date": "2024-05-19-23-00-00", "latency": "21"}, {"date": "2024-05-19-16-00-00", "latency": "29"}, {"date": "2024-05-19-16-00-00", "latency": "29"}, {"date": "2024-05-19-16-00-00", "latency": "29"}, {"date": "2024-05-19-16-00-00", "latency": "29"}, {"date": "2024-05-19-16-00-00", "latency": "29"}, {"date": "2024-05-19-16-00-00", "latency": "29"}, {"date": "2024-05-19-16-00-00", "latency": "29"}, {"date": "2024-05-19-16-00-00", "latency": "29"}, {"date": "2024-05-19-16-00-00", "latency": "29"}, {"date": "2024-05-19-16-00-00", "latency": "29"}, {"date": "2024-05-19-16-00-00", "latency": "29"}, {"date": "2024-05-19-16-00-00", "latency": "29"}, {"date": "2024-05-19-16-00-00", "latency": "29"}, {"date": "2024-05-19-16-00-00", "latency": "29"}, {"date": "2024-05-19-16-00-00", "latency": "29"}, {"date": "2024-05-19-16-00-00", "latency": "29"}, {"date": "2024-05-19-16-00-00", "latency": "29"}, {"date": "2024-05-19-16-00-00", "latency": "29"}, {"date": "2024-05-19-16-00-00", "latency": "29"}, {"date": "2024-05-19-16-00-00", "latency": "29"}, {"date": "2024-05-19-16-00-00", "latency": "29"}, {"date": "2024-05-19-16-00-00", "latency": "29"}, {"date": "2024-05-19-16-00-00", "latency": "29"}, {"date": "2024-05-19-16-00-00", "latency": "29"}, {"date": "2024-05-19-16-00-00", "latency": "29"}, {"date": "2024-05-19-16-00-00", "latency": "29"}, {"date": "2024-05-19-16-00-00", "latency": "29"}, {"date": "2024-05-19-16-00-00", "latency": "29"}, {"date": "2024-05-19-16-00-00", "latency": "29"}, {"date": "2024-05-19-16-00-00", "latency": "29"}, {"date": "2024-05-19-16-00-00", "latency": "29"}, {"date": "2024-05-19-21-00-00", "latency": "22"}, {"date": "2024-05-19-21-00-00", "latency": "22"}, {"date": "2024-05-19-21-00-00", "latency": "22"}, {"date": "2024-05-19-21-00-00", "latency": "22"}, {"date": "2024-05-19-21-00-00", "latency": "22"}, {"date": "2024-05-19-21-00-00", "latency": "22"}, {"date": "2024-05-19-21-00-00", "latency": "22"}, {"date": "2024-05-19-21-00-00", "latency": "22"}, {"date": "2024-05-19-21-00-00", "latency": "22"}, {"date": "2024-05-19-16-00-00", "latency": "13"}, {"date": "2024-05-19-16-00-00", "latency": "13"}, {"date": "2024-05-19-16-00-00", "latency": "13"}, {"date": "2024-05-19-16-00-00", "latency": "13"}, {"date": "2024-05-19-16-00-00", "latency": "13"}, {"date": "2024-05-19-16-00-00", "latency": "13"}, {"date": "2024-05-19-16-00-00", "latency": "13"}, {"date": "2024-05-19-16-00-00", "latency": "13"}, {"date": "2024-05-19-16-00-00", "latency": "13"}, {"date": "2024-05-19-16-00-00", "latency": "13"}, {"date": "2024-05-19-16-00-00", "latency": "13"}, {"date": "2024-05-19-16-00-00", "latency": "13"}, {"date": "2024-05-19-16-00-00", "latency": "13"}, {"date": "2024-05-19-16-00-00", "latency": "13"}, {"date": "2024-05-19-16-00-00", "latency": "13"}]}, {"location": {"country_code": "tw"}, "game_id": "452439", "values": [{"date": "2024-05-19-15-00-00", "latency": "95"}, {"date": "2024-05-19-15-00-00", "latency": "95"}, {"date": "2024-05-19-15-00-00", "latency": "95"}]}, {"location": {"country_code": "us", "region": "Indiana"}, "game_id": "452439", "values": [{"date": "2024-05-19-04-00-00", "latency": "1"}, {"date": "2024-05-19-04-00-00", "latency": "1"}, {"date": "2024-05-19-04-00-00", "latency": "1"}]}, {"location": {"country_code": "gb", "region": "England"}, "game_id": "452439", "values": [{"date": "2024-05-19-20-00-00", "latency": "22"}, {"date": "2024-05-19-20-00-00", "latency": "22"}, {"date": "2024-05-19-20-00-00", "latency": "22"}, {"date": "2024-05-19-20-00-00", "latency": "22"}, {"date": "2024-05-19-20-00-00", "latency": "22"}, {"date": "2024-05-19-20-00-00", "latency": "22"}, {"date": "2024-05-19-20-00-00", "latency": "22"}, {"date": "2024-05-19-20-00-00", "latency": "22"}, {"date": "2024-05-19-20-00-00", "latency": "22"}, {"date": "2024-05-19-20-00-00", "latency": "22"}, {"date": "2024-05-19-20-00-00", "latency": "22"}, {"date": "2024-05-19-20-00-00", "latency": "22"}, {"date": "2024-05-19-20-00-00", "latency": "22"}, {"date": "2024-05-19-20-00-00", "latency": "22"}, {"date": "2024-05-19-20-00-00", "latency": "22"}]}, {"location": {"country_code": "gb", "region": "Scotland"}, "game_id": "452439", "values": [{"date": "2024-05-19-23-00-00", "latency": "95"}]}, {"location": {"country_code": "us", "region": "Texas"}, "game_id": "452439", "values": [{"date": "2024-05-19-21-00-00", "latency": "46"}, {"date": "2024-05-19-21-00-00", "latency": "46"}, {"date": "2024-05-19-21-00-00", "latency": "46"}, {"date": "2024-05-19-21-00-00", "latency": "46"}, {"date": "2024-05-19-21-00-00", "latency": "46"}, {"date": "2024-05-19-21-00-00", "latency": "46"}, {"date": "2024-05-19-21-00-00", "latency": "46"}, {"date": "2024-05-19-21-00-00", "latency": "46"}, {"date": "2024-05-19-21-00-00", "latency": "46"}, {"date": "2024-05-19-21-00-00", "latency": "46"}, {"date": "2024-05-19-21-00-00", "latency": "46"}, {"date": "2024-05-19-21-00-00", "latency": "46"}]}, {"location": {"country_code": "au", "region": "New South Wales", "city": "Sydney"}, "game_id": "452439", "values": [{"date": "2024-05-19-07-00-00", "latency": "26"}, {"date": "2024-05-19-07-00-00", "latency": "26"}]}, {"location": {"country_code": "ph"}, "game_id": "452439", "values": [{"date": "2024-05-19-18-00-00", "latency": "37"}, {"date": "2024-05-19-18-00-00", "latency": "37"}, {"date": "2024-05-19-18-00-00", "latency": "37"}, {"date": "2024-05-19-18-00-00", "latency": "37"}, {"date": "2024-05-19-18-00-00", "latency": "37"}, {"date": "2024-05-19-18-00-00", "latency": "37"}, {"date": "2024-05-19-18-00-00", "latency": "37"}, {"date": "2024-05-19-18-00-00", "latency": "37"}, {"date": "2024-05-19-18-00-00", "latency": "37"}]}, {"location": {"country_code": "mx"}, "game_id": "452439", "values": [{"date": "2024-05-19-05-00-00", "latency": "107"}, {"date": "2024-05-19-05-00-00", "latency": "107"}, {"date": "2024-05-19-05-00-00", "latency": "107"}]}, {"location": {"country_code": "br"}, "game_id": "452439", "values": [{"date": "2024-05-19-03-00-00", "latency": "15"}, {"date": "2024-05-19-03-00-00", "latency": "15"}, {"date": "2024-05-19-03-00-00", "latency": "15"}, {"date": "2024-05-19-03-00-00", "latency": "15"}, {"date": "2024-05-19-03-00-00", "latency": "15"}, {"date": "2024-05-19-03-00-00", "latency": "15"}, {"date": "2024-05-19-03-00-00", "latency": "15"}, {"date": "2024-05-19-03-00-00", "latency": "15"}, {"date": "2024-05-19-03-00-00", "latency": "15"}]}, {"location": {"country_code": "br", "region": "Sao Paulo", "city": "Apiai"}, "game_id": "452439", "values": [{"date": "2024-05-19-03-00-00", "latency": "7"}, {"date": "2024-05-19-03-00-00", "latency": "7"}, {"date": "2024-05-19-03-00-00", "latency": "7"}, {"date": "2024-05-19-03-00-00", "latency": "7"}, {"date": "2024-05-19-03-00-00", "latency": "7"}, {"date": "2024-05-19-03-00-00", "latency": "7"}, {"date": "2024-05-19-03-00-00", "latency": "7"}]}, {"location": {"country_code": "se"}, "game_id": "452439", "values": [{"date": "2024-05-19-20-00-00", "latency": "23"}, {"date": "2024-05-19-20-00-00", "latency": "23"}, {"date": "2024-05-19-20-00-00", "latency": "23"}, {"date": "2024-05-19-20-00-00", "latency": "23"}, {"date": "2024-05-19-20-00-00", "latency": "23"}, {"date": "2024-05-19-20-00-00", "latency": "23"}, {"date": "2024-05-19-20-00-00", "latency": "23"}, {"date": "2024-05-19-20-00-00", "latency": "23"}, {"date": "2024-05-19-20-00-00", "latency": "23"}, {"date": "2024-05-19-20-00-00", "latency": "23"}, {"date": "2024-05-19-20-00-00", "latency": "23"}, {"date": "2024-05-19-20-00-00", "latency": "23"}, {"date": "2024-05-19-20-00-00", "latency": "23"}, {"date": "2024-05-19-20-00-00", "latency": "23"}, {"date": "2024-05-19-20-00-00", "latency": "23"}, {"date": "2024-05-19-20-00-00", "latency": "23"}, {"date": "2024-05-19-20-00-00", "latency": "23"}]}, {"location": {"country_code": "au"}, "game_id": "452439", "values": [{"date": "2024-05-19-07-00-00", "latency": "172"}, {"date": "2024-05-19-07-00-00", "latency": "172"}, {"date": "2024-05-19-07-00-00", "latency": "172"}, {"date": "2024-05-19-07-00-00", "latency": "172"}, {"date": "2024-05-19-07-00-00", "latency": "172"}, {"date": "2024-05-19-07-00-00", "latency": "172"}, {"date": "2024-05-19-07-00-00", "latency": "172"}]}, {"location": {"country_code": "dk"}, "game_id": "452439", "values": [{"date": "2024-05-19-16-00-00", "latency": "100"}, {"date": "2024-05-19-16-00-00", "latency": "100"}, {"date": "2024-05-19-16-00-00", "latency": "100"}, {"date": "2024-05-19-16-00-00", "latency": "100"}, {"date": "2024-05-19-16-00-00", "latency": "100"}, {"date": "2024-05-19-16-00-00", "latency": "100"}, {"date": "2024-05-19-16-00-00", "latency": "100"}, {"date": "2024-05-19-16-00-00", "latency": "100"}, {"date": "2024-05-19-16-00-00", "latency": "100"}, {"date": "2024-05-19-16-00-00", "latency": "100"}, {"date": "2024-05-19-16-00-00", "latency": "100"}, {"date": "2024-05-19-16-00-00", "latency": "100"}, {"date": "2024-05-19-16-00-00", "latency": "100"}, {"date": "2024-05-19-16-00-00", "latency": "100"}, {"date": "2024-05-19-16-00-00", "latency": "100"}, {"date": "2024-05-19-16-00-00", "latency": "100"}, {"date": "2024-05-19-16-00-00", "latency": "100"}, {"date": "2024-05-19-16-00-00", "latency": "100"}, {"date": "2024-05-19-16-00-00", "latency": "100"}, {"date": "2024-05-19-16-00-00", "latency": "100"}, {"date": "2024-05-19-16-00-00", "latency": "100"}, {"date": "2024-05-19-16-00-00", "latency": "100"}, {"date": "2024-05-19-16-00-00", "latency": "100"}, {"date": "2024-05-19-16-00-00", "latency": "100"}, {"date": "2024-05-19-16-00-00", "latency": "100"}, {"date": "2024-05-19-16-00-00", "latency": "100"}, {"date": "2024-05-19-16-00-00", "latency": "100"}, {"date": "2024-05-19-16-00-00", "latency": "100"}, {"date": "2024-05-19-16-00-00", "latency": "100"}, {"date": "2024-05-19-16-00-00", "latency": "100"}, {"date": "2024-05-19-16-00-00", "latency": "30"}, {"date": "2024-05-19-16-00-00", "latency": "30"}, {"date": "2024-05-19-16-00-00", "latency": "30"}, {"date": "2024-05-19-16-00-00", "latency": "30"}, {"date": "2024-05-19-16-00-00", "latency": "30"}, {"date": "2024-05-19-16-00-00", "latency": "30"}]}, {"location": {"country_code": "de", "region": "Hesse"}, "game_id": "452439", "values": [{"date": "2024-05-19-19-00-00", "latency": "13"}]}, {"location": {"country_code": "es", "region": "Madrid"}, "game_id": "452439", "values": [{"date": "2024-05-19-21-00-00", "latency": "102"}, {"date": "2024-05-19-21-00-00", "latency": "102"}, {"date": "2024-05-19-21-00-00", "latency": "102"}, {"date": "2024-05-19-21-00-00", "latency": "102"}, {"date": "2024-05-19-21-00-00", "latency": "102"}, {"date": "2024-05-19-21-00-00", "latency": "102"}, {"date": "2024-05-19-21-00-00", "latency": "102"}, {"date": "2024-05-19-21-00-00", "latency": "102"}, {"date": "2024-05-19-21-00-00", "latency": "102"}, {"date": "2024-05-19-21-00-00", "latency": "102"}, {"date": "2024-05-19-21-00-00", "latency": "102"}, {"date": "2024-05-19-21-00-00", "latency": "102"}, {"date": "2024-05-19-21-00-00", "latency": "102"}, {"date": "2024-05-19-21-00-00", "latency": "102"}, {"date": "2024-05-19-21-00-00", "latency": "102"}, {"date": "2024-05-19-21-00-00", "latency": "102"}, {"date": "2024-05-19-21-00-00", "latency": "102"}, {"date": "2024-05-19-21-00-00", "latency": "102"}, {"date": "2024-05-19-21-00-00", "latency": "102"}, {"date": "2024-05-19-21-00-00", "latency": "102"}, {"date": "2024-05-19-21-00-00", "latency": "102"}, {"date": "2024-05-19-21-00-00", "latency": "102"}, {"date": "2024-05-19-21-00-00", "latency": "102"}, {"date": "2024-05-19-21-00-00", "latency": "102"}, {"date": "2024-05-19-21-00-00", "latency": "102"}, {"date": "2024-05-19-21-00-00", "latency": "102"}, {"date": "2024-05-19-21-00-00", "latency": "102"}, {"date": "2024-05-19-21-00-00", "latency": "102"}, {"date": "2024-05-19-21-00-00", "latency": "102"}, {"date": "2024-05-19-21-00-00", "latency": "102"}, {"date": "2024-05-19-21-00-00", "latency": "102"}, {"date": "2024-05-19-21-00-00", "latency": "102"}, {"date": "2024-05-19-21-00-00", "latency": "102"}, {"date": "2024-05-19-21-00-00", "latency": "102"}, {"date": "2024-05-19-21-00-00", "latency": "102"}, {"date": "2024-05-19-21-00-00", "latency": "102"}, {"date": "2024-05-19-21-00-00", "latency": "102"}, {"date": "2024-05-19-21-00-00", "latency": "102"}, {"date": "2024-05-19-21-00-00", "latency": "102"}, {"date": "2024-05-19-21-00-00", "latency": "102"}, {"date": "2024-05-19-21-00-00", "latency": "102"}, {"date": "2024-05-19-21-00-00", "latency": "102"}, {"date": "2024-05-19-21-00-00", "latency": "102"}, {"date": "2024-05-19-21-00-00", "latency": "102"}, {"date": "2024-05-19-21-00-00", "latency": "102"}, {"date": "2024-05-19-21-00-00", "latency": "102"}, {"date": "2024-05-19-21-00-00", "latency": "102"}, {"date": "2024-05-19-21-00-00", "latency": "102"}, {"date": "2024-05-19-21-00-00", "latency": "102"}]}, {"location": {"country_code": "ar"}, "game_id": "452439", "values": [{"date": "2024-05-19-02-00-00", "latency": "55"}, {"date": "2024-05-19-02-00-00", "latency": "55"}, {"date": "2024-05-19-02-00-00", "latency": "55"}, {"date": "2024-05-19-02-00-00", "latency": "55"}, {"date": "2024-05-19-02-00-00", "latency": "55"}, {"date": "2024-05-19-02-00-00", "latency": "55"}, {"date": "2024-05-19-02-00-00", "latency": "55"}, {"date": "2024-05-19-02-00-00", "latency": "55"}, {"date": "2024-05-19-02-00-00", "latency": "55"}, {"date": "2024-05-19-02-00-00", "latency": "55"}, {"date": "2024-05-19-02-00-00", "latency": "55"}, {"date": "2024-05-19-02-00-00", "latency": "55"}, {"date": "2024-05-19-02-00-00", "latency": "55"}, {"date": "2024-05-19-02-00-00", "latency": "55"}, {"date": "2024-05-19-03-00-00", "latency": "32"}, {"date": "2024-05-19-03-00-00", "latency": "32"}, {"date": "2024-05-19-03-00-00", "latency": "32"}, {"date": "2024-05-19-03-00-00", "latency": "32"}, {"date": "2024-05-19-02-00-00", "latency": "33"}, {"date": "2024-05-19-02-00-00", "latency": "33"}, {"date": "2024-05-19-02-00-00", "latency": "33"}, {"date": "2024-05-19-02-00-00", "latency": "33"}, {"date": "2024-05-19-02-00-00", "latency": "33"}]}, {"location": {"country_code": "fi"}, "game_id": "452439", "values": [{"date": "2024-05-19-23-00-00", "latency": "37"}, {"date": "2024-05-19-23-00-00", "latency": "37"}, {"date": "2024-05-19-23-00-00", "latency": "37"}, {"date": "2024-05-19-23-00-00", "latency": "37"}, {"date": "2024-05-19-23-00-00", "latency": "37"}, {"date": "2024-05-19-23-00-00", "latency": "37"}, {"date": "2024-05-19-23-00-00", "latency": "37"}, {"date": "2024-05-19-23-00-00", "latency": "37"}, {"date": "2024-05-19-23-00-00", "latency": "37"}, {"date": "2024-05-19-23-00-00", "latency": "37"}]}, {"location": {"country_code": "us", "region": "Wisconsin", "city": "Milwaukee"}, "game_id": "452439", "values": [{"date": "2024-05-19-06-00-00", "latency": "35"}, {"date": "2024-05-19-06-00-00", "latency": "35"}, {"date": "2024-05-19-06-00-00", "latency": "35"}, {"date": "2024-05-19-06-00-00", "latency": "35"}, {"date": "2024-05-19-06-00-00", "latency": "35"}, {"date": "2024-05-19-06-00-00", "latency": "35"}, {"date": "2024-05-19-06-00-00", "latency": "35"}, {"date": "2024-05-19-06-00-00", "latency": "35"}, {"date": "2024-05-19-06-00-00", "latency": "35"}, {"date": "2024-05-19-06-00-00", "latency": "35"}, {"date": "2024-05-19-06-00-00", "latency": "35"}, {"date": "2024-05-19-06-00-00", "latency": "35"}, {"date": "2024-05-19-06-00-00", "latency": "35"}, {"date": "2024-05-19-06-00-00", "latency": "35"}]}, {"location": {"country_code": "hu"}, "game_id": "452439", "values": [{"date": "2024-05-19-19-00-00", "latency": "27"}, {"date": "2024-05-19-19-00-00", "latency": "27"}, {"date": "2024-05-19-19-00-00", "latency": "27"}, {"date": "2024-05-19-19-00-00", "latency": "27"}, {"date": "2024-05-19-19-00-00", "latency": "27"}, {"date": "2024-05-19-19-00-00", "latency": "27"}, {"date": "2024-05-19-19-00-00", "latency": "27"}, {"date": "2024-05-19-19-00-00", "latency": "27"}, {"date": "2024-05-19-19-00-00", "latency": "27"}, {"date": "2024-05-19-19-00-00", "latency": "27"}, {"date": "2024-05-19-19-00-00", "latency": "27"}, {"date": "2024-05-19-19-00-00", "latency": "27"}, {"date": "2024-05-19-19-00-00", "latency": "27"}, {"date": "2024-05-19-19-00-00", "latency": "27"}, {"date": "2024-05-19-19-00-00", "latency": "27"}, {"date": "2024-05-19-19-00-00", "latency": "27"}, {"date": "2024-05-19-19-00-00", "latency": "27"}, {"date": "2024-05-19-19-00-00", "latency": "27"}, {"date": "2024-05-19-19-00-00", "latency": "27"}, {"date": "2024-05-19-19-00-00", "latency": "27"}, {"date": "2024-05-19-19-00-00", "latency": "27"}, {"date": "2024-05-19-19-00-00", "latency": "27"}, {"date": "2024-05-19-19-00-00", "latency": "27"}, {"date": "2024-05-19-19-00-00", "latency": "27"}, {"date": "2024-05-19-19-00-00", "latency": "27"}, {"date": "2024-05-19-19-00-00", "latency": "27"}]}, {"location": {"country_code": "us", "region": "Pennsylvania", "city": "Pittsburgh"}, "game_id": "452439", "values": [{"date": "2024-05-19-06-00-00", "latency": "139"}, {"date": "2024-05-19-06-00-00", "latency": "139"}, {"date": "2024-05-19-06-00-00", "latency": "139"}, {"date": "2024-05-19-06-00-00", "latency": "139"}, {"date": "2024-05-19-06-00-00", "latency": "139"}, {"date": "2024-05-19-06-00-00", "latency": "139"}, {"date": "2024-05-19-06-00-00", "latency": "139"}, {"date": "2024-05-19-06-00-00", "latency": "139"}, {"date": "2024-05-19-06-00-00", "latency": "139"}, {"date": "2024-05-19-06-00-00", "latency": "139"}, {"date": "2024-05-19-06-00-00", "latency": "139"}, {"date": "2024-05-19-06-00-00", "latency": "139"}, {"date": "2024-05-19-06-00-00", "latency": "139"}, {"date": "2024-05-19-06-00-00", "latency": "139"}, {"date": "2024-05-19-06-00-00", "latency": "139"}, {"date": "2024-05-19-06-00-00", "latency": "139"}, {"date": "2024-05-19-06-00-00", "latency": "139"}, {"date": "2024-05-19-06-00-00", "latency": "139"}, {"date": "2024-05-19-06-00-00", "latency": "139"}, {"date": "2024-05-19-06-00-00", "latency": "139"}, {"date": "2024-05-19-06-00-00", "latency": "139"}]}, {"location": {"country_code": "de", "region": "Bavaria"}, "game_id": "452439", "values": [{"date": "2024-05-20-01-00-00", "latency": "26"}, {"date": "2024-05-20-01-00-00", "latency": "26"}, {"date": "2024-05-20-01-00-00", "latency": "26"}, {"date": "2024-05-20-01-00-00", "latency": "26"}, {"date": "2024-05-20-01-00-00", "latency": "26"}, {"date": "2024-05-20-01-00-00", "latency": "26"}, {"date": "2024-05-20-01-00-00", "latency": "26"}]}, {"location": {"country_code": "at"}, "game_id": "452439", "values": [{"date": "2024-05-19-23-00-00", "latency": "40"}, {"date": "2024-05-19-23-00-00", "latency": "40"}, {"date": "2024-05-19-23-00-00", "latency": "40"}, {"date": "2024-05-19-23-00-00", "latency": "40"}, {"date": "2024-05-19-23-00-00", "latency": "40"}, {"date": "2024-05-19-23-00-00", "latency": "40"}, {"date": "2024-05-19-23-00-00", "latency": "40"}, {"date": "2024-05-19-23-00-00", "latency": "40"}, {"date": "2024-05-19-23-00-00", "latency": "40"}, {"date": "2024-05-19-23-00-00", "latency": "40"}, {"date": "2024-05-19-23-00-00", "latency": "40"}, {"date": "2024-05-19-23-00-00", "latency": "40"}, {"date": "2024-05-19-23-00-00", "latency": "40"}, {"date": "2024-05-19-23-00-00", "latency": "40"}, {"date": "2024-05-19-14-00-00", "latency": "43"}, {"date": "2024-05-19-14-00-00", "latency": "43"}, {"date": "2024-05-19-14-00-00", "latency": "43"}, {"date": "2024-05-19-14-00-00", "latency": "43"}, {"date": "2024-05-19-14-00-00", "latency": "43"}]}, {"location": {"country_code": "us", "region": "Arizona"}, "game_id": "452439", "values": [{"date": "2024-05-19-07-00-00", "latency": "26"}, {"date": "2024-05-19-07-00-00", "latency": "26"}, {"date": "2024-05-19-07-00-00", "latency": "26"}, {"date": "2024-05-19-07-00-00", "latency": "26"}, {"date": "2024-05-19-07-00-00", "latency": "26"}, {"date": "2024-05-19-07-00-00", "latency": "26"}, {"date": "2024-05-19-07-00-00", "latency": "26"}, {"date": "2024-05-19-07-00-00", "latency": "26"}, {"date": "2024-05-19-07-00-00", "latency": "26"}, {"date": "2024-05-19-07-00-00", "latency": "26"}, {"date": "2024-05-19-07-00-00", "latency": "26"}]}, {"location": {"country_code": "es", "region": "Catalonia", "city": "l'Hospitalet de Llobregat"}, "game_id": "452439", "values": [{"date": "2024-05-19-05-00-00", "latency": "115"}, {"date": "2024-05-19-05-00-00", "latency": "115"}, {"date": "2024-05-19-05-00-00", "latency": "115"}, {"date": "2024-05-19-05-00-00", "latency": "115"}, {"date": "2024-05-19-05-00-00", "latency": "115"}, {"date": "2024-05-19-05-00-00", "latency": "115"}, {"date": "2024-05-19-05-00-00", "latency": "115"}, {"date": "2024-05-19-05-00-00", "latency": "115"}, {"date": "2024-05-19-05-00-00", "latency": "115"}, {"date": "2024-05-19-05-00-00", "latency": "115"}, {"date": "2024-05-19-05-00-00", "latency": "115"}, {"date": "2024-05-19-05-00-00", "latency": "115"}, {"date": "2024-05-19-05-00-00", "latency": "115"}, {"date": "2024-05-19-05-00-00", "latency": "115"}, {"date": "2024-05-19-05-00-00", "latency": "115"}, {"date": "2024-05-19-05-00-00", "latency": "115"}, {"date": "2024-05-19-05-00-00", "latency": "115"}, {"date": "2024-05-19-05-00-00", "latency": "115"}, {"date": "2024-05-19-05-00-00", "latency": "115"}, {"date": "2024-05-19-05-00-00", "latency": "115"}]}, {"location": {"country_code": "pl"}, "game_id": "452439", "values": [{"date": "2024-05-19-17-00-00", "latency": "34"}, {"date": "2024-05-19-17-00-00", "latency": "34"}, {"date": "2024-05-19-17-00-00", "latency": "34"}, {"date": "2024-05-19-17-00-00", "latency": "34"}, {"date": "2024-05-19-17-00-00", "latency": "34"}, {"date": "2024-05-19-17-00-00", "latency": "34"}, {"date": "2024-05-19-12-00-00", "latency": "62"}, {"date": "2024-05-19-12-00-00", "latency": "62"}]}, {"location": {"country_code": "us", "region": "North Carolina"}, "game_id": "452439", "values": [{"date": "2024-05-19-22-00-00", "latency": "84"}, {"date": "2024-05-19-22-00-00", "latency": "84"}, {"date": "2024-05-19-22-00-00", "latency": "84"}, {"date": "2024-05-19-22-00-00", "latency": "84"}, {"date": "2024-05-19-22-00-00", "latency": "84"}, {"date": "2024-05-19-22-00-00", "latency": "84"}, {"date": "2024-05-19-22-00-00", "latency": "84"}, {"date": "2024-05-19-22-00-00", "latency": "84"}, {"date": "2024-05-19-22-00-00", "latency": "84"}, {"date": "2024-05-19-22-00-00", "latency": "84"}, {"date": "2024-05-19-22-00-00", "latency": "84"}, {"date": "2024-05-19-22-00-00", "latency": "84"}, {"date": "2024-05-19-22-00-00", "latency": "84"}, {"date": "2024-05-19-22-00-00", "latency": "84"}]}, {"location": {"country_code": "cr"}, "game_id": "452439", "values": [{"date": "2024-05-19-04-00-00", "latency": "92"}, {"date": "2024-05-19-04-00-00", "latency": "92"}, {"date": "2024-05-19-04-00-00", "latency": "92"}, {"date": "2024-05-19-04-00-00", "latency": "92"}, {"date": "2024-05-19-04-00-00", "latency": "92"}, {"date": "2024-05-19-04-00-00", "latency": "92"}, {"date": "2024-05-19-04-00-00", "latency": "92"}, {"date": "2024-05-19-04-00-00", "latency": "92"}, {"date": "2024-05-19-04-00-00", "latency": "92"}]}, {"location": {"country_code": "us", "region": "District of Columbia", "city": "Washington"}, "game_id": "452439", "values": [{"date": "2024-05-19-05-00-00", "latency": "42"}, {"date": "2024-05-19-05-00-00", "latency": "42"}]}, {"location": {"country_code": "do"}, "game_id": "452439", "values": [{"date": "2024-05-20-00-00-00", "latency": "48"}, {"date": "2024-05-20-00-00-00", "latency": "48"}, {"date": "2024-05-20-00-00-00", "latency": "48"}, {"date": "2024-05-20-00-00-00", "latency": "48"}, {"date": "2024-05-20-00-00-00", "latency": "48"}, {"date": "2024-05-20-00-00-00", "latency": "48"}, {"date": "2024-05-20-00-00-00", "latency": "48"}, {"date": "2024-05-20-00-00-00", "latency": "48"}, {"date": "2024-05-20-00-00-00", "latency": "48"}, {"date": "2024-05-20-00-00-00", "latency": "48"}, {"date": "2024-05-20-00-00-00", "latency": "48"}, {"date": "2024-05-20-00-00-00", "latency": "48"}, {"date": "2024-05-20-00-00-00", "latency": "48"}, {"date": "2024-05-20-00-00-00", "latency": "48"}, {"date": "2024-05-20-00-00-00", "latency": "48"}]}, {"location": {"country_code": "ru"}, "game_id": "452439", "values": [{"date": "2024-05-19-15-00-00", "latency": "52"}, {"date": "2024-05-19-15-00-00", "latency": "52"}, {"date": "2024-05-19-15-00-00", "latency": "52"}, {"date": "2024-05-19-15-00-00", "latency": "52"}, {"date": "2024-05-19-15-00-00", "latency": "52"}, {"date": "2024-05-19-15-00-00", "latency": "52"}, {"date": "2024-05-19-15-00-00", "latency": "52"}, {"date": "2024-05-19-15-00-00", "latency": "52"}, {"date": "2024-05-19-15-00-00", "latency": "52"}, {"date": "2024-05-19-15-00-00", "latency": "52"}, {"date": "2024-05-19-15-00-00", "latency": "52"}, {"date": "2024-05-19-15-00-00", "latency": "52"}, {"date": "2024-05-19-15-00-00", "latency": "52"}, {"date": "2024-05-19-15-00-00", "latency": "52"}, {"date": "2024-05-19-15-00-00", "latency": "52"}, {"date": "2024-05-19-15-00-00", "latency": "52"}, {"date": "2024-05-19-15-00-00", "latency": "52"}, {"date": "2024-05-19-15-00-00", "latency": "52"}, {"date": "2024-05-19-15-00-00", "latency": "52"}, {"date": "2024-05-19-15-00-00", "latency": "52"}, {"date": "2024-05-19-15-00-00", "latency": "52"}, {"date": "2024-05-19-15-00-00", "latency": "52"}, {"date": "2024-05-19-15-00-00", "latency": "52"}, {"date": "2024-05-19-15-00-00", "latency": "52"}, {"date": "2024-05-19-15-00-00", "latency": "52"}, {"date": "2024-05-19-15-00-00", "latency": "52"}, {"date": "2024-05-19-15-00-00", "latency": "52"}, {"date": "2024-05-19-15-00-00", "latency": "52"}, {"date": "2024-05-19-15-00-00", "latency": "52"}, {"date": "2024-05-19-15-00-00", "latency": "52"}, {"date": "2024-05-19-15-00-00", "latency": "52"}, {"date": "2024-05-19-15-00-00", "latency": "52"}, {"date": "2024-05-19-21-00-00", "latency": "24"}, {"date": "2024-05-19-21-00-00", "latency": "24"}, {"date": "2024-05-19-21-00-00", "latency": "24"}, {"date": "2024-05-19-21-00-00", "latency": "24"}, {"date": "2024-05-19-21-00-00", "latency": "24"}, {"date": "2024-05-19-21-00-00", "latency": "24"}, {"date": "2024-05-19-21-00-00", "latency": "24"}, {"date": "2024-05-19-21-00-00", "latency": "24"}, {"date": "2024-05-19-21-00-00", "latency": "24"}]}, {"location": {"country_code": "sk"}, "game_id": "452439", "values": [{"date": "2024-05-19-16-00-00", "latency": "24"}, {"date": "2024-05-19-16-00-00", "latency": "24"}, {"date": "2024-05-19-16-00-00", "latency": "24"}, {"date": "2024-05-19-16-00-00", "latency": "24"}, {"date": "2024-05-19-16-00-00", "latency": "24"}, {"date": "2024-05-19-16-00-00", "latency": "24"}, {"date": "2024-05-19-16-00-00", "latency": "24"}, {"date": "2024-05-19-16-00-00", "latency": "24"}, {"date": "2024-05-19-16-00-00", "latency": "24"}, {"date": "2024-05-19-16-00-00", "latency": "24"}, {"date": "2024-05-19-16-00-00", "latency": "24"}, {"date": "2024-05-19-16-00-00", "latency": "24"}, {"date": "2024-05-19-16-00-00", "latency": "24"}, {"date": "2024-05-19-16-00-00", "latency": "24"}, {"date": "2024-05-19-16-00-00", "latency": "24"}, {"date": "2024-05-19-16-00-00", "latency": "24"}, {"date": "2024-05-19-16-00-00", "latency": "24"}, {"date": "2024-05-19-16-00-00", "latency": "24"}, {"date": "2024-05-19-16-00-00", "latency": "24"}, {"date": "2024-05-19-16-00-00", "latency": "24"}, {"date": "2024-05-19-16-00-00", "latency": "24"}, {"date": "2024-05-19-16-00-00", "latency": "24"}, {"date": "2024-05-19-16-00-00", "latency": "24"}, {"date": "2024-05-19-16-00-00", "latency": "24"}, {"date": "2024-05-19-16-00-00", "latency": "24"}]}, {"location": {"country_code": "us", "region": "Nebraska"}, "game_id": "452439", "values": [{"date": "2024-05-20-00-00-00", "latency": "47"}, {"date": "2024-05-20-00-00-00", "latency": "47"}, {"date": "2024-05-20-00-00-00", "latency": "47"}, {"date": "2024-05-20-00-00-00", "latency": "47"}, {"date": "2024-05-20-00-00-00", "latency": "47"}, {"date": "2024-05-20-00-00-00", "latency": "47"}, {"date": "2024-05-20-00-00-00", "latency": "47"}, {"date": "2024-05-20-00-00-00", "latency": "47"}, {"date": "2024-05-20-00-00-00", "latency": "47"}, {"date": "2024-05-20-00-00-00", "latency": "47"}]}, {"location": {"country_code": "uy"}, "game_id": "452439", "values": [{"date": "2024-05-19-22-00-00", "latency": "36"}]}, {"location": {"country_code": "us", "region": "Massachusetts", "city": "Boston"}, "game_id": "452439", "values": [{"date": "2024-05-19-02-00-00", "latency": "72"}]}, {"location": {"country_code": "ar", "region": "Santa Fe Province", "city": "Rosario"}, "game_id": "452439", "values": [{"date": "2024-05-19-05-00-00", "latency": "40"}, {"date": "2024-05-19-05-00-00", "latency": "40"}, {"date": "2024-05-19-05-00-00", "latency": "40"}, {"date": "2024-05-19-05-00-00", "latency": "40"}, {"date": "2024-05-19-05-00-00", "latency": "40"}, {"date": "2024-05-19-05-00-00", "latency": "40"}, {"date": "2024-05-19-05-00-00", "latency": "40"}, {"date": "2024-05-19-05-00-00", "latency": "40"}, {"date": "2024-05-19-05-00-00", "latency": "40"}, {"date": "2024-05-19-05-00-00", "latency": "40"}, {"date": "2024-05-19-05-00-00", "latency": "40"}, {"date": "2024-05-19-05-00-00", "latency": "40"}]}, {"location": {"country_code": "by"}, "game_id": "452439", "values": [{"date": "2024-05-19-17-00-00", "latency": "35"}]}, {"location": {"country_code": "br", "region": "Mato Grosso do Sul", "city": "Campo Grande"}, "game_id": "452439", "values": [{"date": "2024-05-19-19-00-00", "latency": "1"}]}, {"location": {"country_code": "ca", "region": "British Columbia"}, "game_id": "452439", "values": [{"date": "2024-05-20-01-00-00", "latency": "72"}, {"date": "2024-05-20-01-00-00", "latency": "72"}, {"date": "2024-05-20-01-00-00", "latency": "72"}, {"date": "2024-05-20-01-00-00", "latency": "72"}, {"date": "2024-05-20-01-00-00", "latency": "72"}, {"date": "2024-05-20-01-00-00", "latency": "72"}, {"date": "2024-05-20-01-00-00", "latency": "72"}, {"date": "2024-05-20-01-00-00", "latency": "72"}]}, {"location": {"country_code": "us", "region": "Washington", "city": "Tacoma"}, "game_id": "452439", "values": [{"date": "2024-05-19-09-00-00", "latency": "35"}, {"date": "2024-05-19-09-00-00", "latency": "35"}, {"date": "2024-05-19-09-00-00", "latency": "35"}, {"date": "2024-05-19-09-00-00", "latency": "35"}, {"date": "2024-05-19-09-00-00", "latency": "35"}, {"date": "2024-05-19-09-00-00", "latency": "35"}, {"date": "2024-05-19-09-00-00", "latency": "35"}, {"date": "2024-05-19-09-00-00", "latency": "35"}, {"date": "2024-05-19-09-00-00", "latency": "35"}, {"date": "2024-05-19-09-00-00", "latency": "35"}, {"date": "2024-05-19-09-00-00", "latency": "35"}, {"date": "2024-05-19-09-00-00", "latency": "35"}, {"date": "2024-05-19-09-00-00", "latency": "35"}, {"date": "2024-05-19-09-00-00", "latency": "35"}, {"date": "2024-05-19-09-00-00", "latency": "35"}, {"date": "2024-05-19-09-00-00", "latency": "35"}, {"date": "2024-05-19-09-00-00", "latency": "35"}, {"date": "2024-05-19-09-00-00", "latency": "35"}, {"date": "2024-05-19-09-00-00", "latency": "35"}, {"date": "2024-05-19-09-00-00", "latency": "35"}, {"date": "2024-05-19-09-00-00", "latency": "35"}, {"date": "2024-05-19-09-00-00", "latency": "35"}, {"date": "2024-05-19-09-00-00", "latency": "35"}, {"date": "2024-05-19-09-00-00", "latency": "35"}, {"date": "2024-05-19-09-00-00", "latency": "35"}]}, {"location": {"country_code": "us", "region": "Oregon"}, "game_id": "452439", "values": [{"date": "2024-05-20-00-00-00", "latency": "65"}, {"date": "2024-05-20-00-00-00", "latency": "65"}, {"date": "2024-05-20-00-00-00", "latency": "65"}, {"date": "2024-05-20-00-00-00", "latency": "65"}, {"date": "2024-05-20-00-00-00", "latency": "65"}, {"date": "2024-05-20-00-00-00", "latency": "65"}, {"date": "2024-05-20-00-00-00", "latency": "65"}, {"date": "2024-05-20-00-00-00", "latency": "65"}, {"date": "2024-05-20-00-00-00", "latency": "65"}, {"date": "2024-05-20-00-00-00", "latency": "65"}, {"date": "2024-05-20-00-00-00", "latency": "65"}, {"date": "2024-05-20-00-00-00", "latency": "65"}]}, {"location": {"country_code": "gb", "region": "Wales"}, "game_id": "452439", "values": [{"date": "2024-05-19-17-00-00", "latency": "45"}, {"date": "2024-05-19-17-00-00", "latency": "45"}, {"date": "2024-05-19-17-00-00", "latency": "45"}, {"date": "2024-05-19-17-00-00", "latency": "45"}, {"date": "2024-05-19-17-00-00", "latency": "45"}, {"date": "2024-05-19-17-00-00", "latency": "45"}, {"date": "2024-05-19-17-00-00", "latency": "45"}, {"date": "2024-05-19-17-00-00", "latency": "45"}, {"date": "2024-05-19-17-00-00", "latency": "45"}, {"date": "2024-05-19-17-00-00", "latency": "45"}, {"date": "2024-05-19-17-00-00", "latency": "45"}, {"date": "2024-05-19-17-00-00", "latency": "45"}, {"date": "2024-05-19-17-00-00", "latency": "45"}, {"date": "2024-05-19-17-00-00", "latency": "45"}, {"date": "2024-05-19-17-00-00", "latency": "45"}, {"date": "2024-05-19-17-00-00", "latency": "45"}, {"date": "2024-05-19-17-00-00", "latency": "45"}, {"date": "2024-05-19-17-00-00", "latency": "45"}, {"date": "2024-05-19-17-00-00", "latency": "45"}, {"date": "2024-05-19-17-00-00", "latency": "45"}, {"date": "2024-05-19-17-00-00", "latency": "45"}, {"date": "2024-05-19-17-00-00", "latency": "45"}, {"date": "2024-05-19-17-00-00", "latency": "45"}, {"date": "2024-05-19-17-00-00", "latency": "45"}, {"date": "2024-05-19-17-00-00", "latency": "45"}, {"date": "2024-05-19-17-00-00", "latency": "45"}, {"date": "2024-05-19-17-00-00", "latency": "45"}, {"date": "2024-05-19-17-00-00", "latency": "45"}]}, {"location": {"country_code": "gb", "region": "England", "city": "Ely"}, "game_id": "452439", "values": [{"date": "2024-05-19-16-00-00", "latency": "28"}, {"date": "2024-05-19-16-00-00", "latency": "28"}, {"date": "2024-05-19-16-00-00", "latency": "28"}, {"date": "2024-05-19-16-00-00", "latency": "28"}, {"date": "2024-05-19-16-00-00", "latency": "28"}, {"date": "2024-05-19-16-00-00", "latency": "28"}, {"date": "2024-05-19-16-00-00", "latency": "28"}, {"date": "2024-05-19-16-00-00", "latency": "28"}, {"date": "2024-05-19-16-00-00", "latency": "28"}, {"date": "2024-05-19-16-00-00", "latency": "28"}, {"date": "2024-05-19-16-00-00", "latency": "28"}, {"date": "2024-05-19-16-00-00", "latency": "28"}, {"date": "2024-05-19-16-00-00", "latency": "28"}, {"date": "2024-05-19-16-00-00", "latency": "28"}, {"date": "2024-05-19-16-00-00", "latency": "28"}, {"date": "2024-05-19-16-00-00", "latency": "28"}, {"date": "2024-05-19-16-00-00", "latency": "28"}, {"date": "2024-05-19-16-00-00", "latency": "28"}, {"date": "2024-05-19-16-00-00", "latency": "28"}]}, {"location": {"country_code": "bz"}, "game_id": "452439", "values": [{"date": "2024-05-20-02-00-00", "latency": "126"}, {"date": "2024-05-20-02-00-00", "latency": "126"}, {"date": "2024-05-20-02-00-00", "latency": "126"}, {"date": "2024-05-20-02-00-00", "latency": "126"}, {"date": "2024-05-20-02-00-00", "latency": "126"}, {"date": "2024-05-20-02-00-00", "latency": "126"}, {"date": "2024-05-20-02-00-00", "latency": "126"}]}, {"location": {"country_code": "at", "region": "Tyrol"}, "game_id": "452439", "values": [{"date": "2024-05-19-12-00-00", "latency": "30"}, {"date": "2024-05-19-12-00-00", "latency": "30"}, {"date": "2024-05-19-12-00-00", "latency": "30"}, {"date": "2024-05-19-12-00-00", "latency": "30"}, {"date": "2024-05-19-12-00-00", "latency": "30"}, {"date": "2024-05-19-12-00-00", "latency": "30"}]}, {"location": {"country_code": "tr", "region": "Akdeniz Bolgesi", "city": "Antalya"}, "game_id": "452439", "values": [{"date": "2024-05-19-23-00-00", "latency": "59"}, {"date": "2024-05-19-23-00-00", "latency": "59"}, {"date": "2024-05-19-23-00-00", "latency": "59"}, {"date": "2024-05-19-23-00-00", "latency": "59"}]}, {"location": {"country_code": "de", "region": "North Rhine-Westphalia", "city": "Essen"}, "game_id": "452439", "values": [{"date": "2024-05-19-22-00-00", "latency": "21"}, {"date": "2024-05-19-22-00-00", "latency": "21"}, {"date": "2024-05-19-22-00-00", "latency": "21"}, {"date": "2024-05-19-22-00-00", "latency": "21"}, {"date": "2024-05-19-22-00-00", "latency": "21"}, {"date": "2024-05-19-22-00-00", "latency": "21"}, {"date": "2024-05-19-22-00-00", "latency": "21"}, {"date": "2024-05-19-22-00-00", "latency": "21"}, {"date": "2024-05-19-22-00-00", "latency": "21"}, {"date": "2024-05-19-22-00-00", "latency": "21"}, {"date": "2024-05-19-22-00-00", "latency": "21"}, {"date": "2024-05-19-22-00-00", "latency": "21"}, {"date": "2024-05-19-22-00-00", "latency": "21"}, {"date": "2024-05-19-22-00-00", "latency": "21"}, {"date": "2024-05-19-22-00-00", "latency": "21"}, {"date": "2024-05-19-22-00-00", "latency": "21"}, {"date": "2024-05-19-22-00-00", "latency": "21"}, {"date": "2024-05-19-22-00-00", "latency": "21"}]}, {"location": {"country_code": "gr", "region": "Samothrace", "city": "Kavala"}, "game_id": "452439", "values": [{"date": "2024-05-19-20-00-00", "latency": "35"}, {"date": "2024-05-19-20-00-00", "latency": "35"}, {"date": "2024-05-19-20-00-00", "latency": "35"}, {"date": "2024-05-19-20-00-00", "latency": "35"}, {"date": "2024-05-19-20-00-00", "latency": "35"}, {"date": "2024-05-19-20-00-00", "latency": "35"}, {"date": "2024-05-19-20-00-00", "latency": "35"}, {"date": "2024-05-19-20-00-00", "latency": "35"}]}, {"location": {"country_code": "de", "region": "Berlin"}, "game_id": "452439", "values": [{"date": "2024-05-19-12-00-00", "latency": "21"}, {"date": "2024-05-19-12-00-00", "latency": "21"}, {"date": "2024-05-19-12-00-00", "latency": "21"}, {"date": "2024-05-19-12-00-00", "latency": "21"}, {"date": "2024-05-19-12-00-00", "latency": "21"}, {"date": "2024-05-19-12-00-00", "latency": "21"}, {"date": "2024-05-19-12-00-00", "latency": "21"}, {"date": "2024-05-19-12-00-00", "latency": "21"}, {"date": "2024-05-19-12-00-00", "latency": "21"}, {"date": "2024-05-19-12-00-00", "latency": "21"}, {"date": "2024-05-19-12-00-00", "latency": "21"}, {"date": "2024-05-19-12-00-00", "latency": "21"}, {"date": "2024-05-19-12-00-00", "latency": "21"}, {"date": "2024-05-19-12-00-00", "latency": "21"}, {"date": "2024-05-19-12-00-00", "latency": "21"}, {"date": "2024-05-19-12-00-00", "latency": "21"}, {"date": "2024-05-19-12-00-00", "latency": "21"}, {"date": "2024-05-19-12-00-00", "latency": "21"}]}, {"location": {"country_code": "ru", "region": "Krasnodar Krai"}, "game_id": "452439", "values": [{"date": "2024-05-19-14-00-00", "latency": "77"}, {"date": "2024-05-19-14-00-00", "latency": "77"}, {"date": "2024-05-19-14-00-00", "latency": "77"}, {"date": "2024-05-19-14-00-00", "latency": "77"}, {"date": "2024-05-19-14-00-00", "latency": "77"}, {"date": "2024-05-19-14-00-00", "latency": "77"}, {"date": "2024-05-19-14-00-00", "latency": "77"}, {"date": "2024-05-19-14-00-00", "latency": "77"}, {"date": "2024-05-19-14-00-00", "latency": "77"}, {"date": "2024-05-19-14-00-00", "latency": "77"}, {"date": "2024-05-19-14-00-00", "latency": "77"}, {"date": "2024-05-19-14-00-00", "latency": "77"}, {"date": "2024-05-19-14-00-00", "latency": "77"}, {"date": "2024-05-19-14-00-00", "latency": "77"}, {"date": "2024-05-19-14-00-00", "latency": "77"}, {"date": "2024-05-19-14-00-00", "latency": "77"}, {"date": "2024-05-19-14-00-00", "latency": "77"}, {"date": "2024-05-19-14-00-00", "latency": "77"}, {"date": "2024-05-19-14-00-00", "latency": "77"}]}, {"location": {"country_code": "us", "region": "California", "city": "Taft"}, "game_id": "452439", "values": [{"date": "2024-05-19-04-00-00", "latency": "187"}]}, {"location": {"country_code": "us", "region": "U.S. Virgin Islands"}, "game_id": "452439", "values": [{"date": "2024-05-20-02-00-00", "latency": "20"}, {"date": "2024-05-20-02-00-00", "latency": "20"}, {"date": "2024-05-20-02-00-00", "latency": "20"}, {"date": "2024-05-20-02-00-00", "latency": "20"}, {"date": "2024-05-20-02-00-00", "latency": "20"}, {"date": "2024-05-20-02-00-00", "latency": "20"}, {"date": "2024-05-20-02-00-00", "latency": "20"}, {"date": "2024-05-20-02-00-00", "latency": "20"}, {"date": "2024-05-20-02-00-00", "latency": "20"}, {"date": "2024-05-20-02-00-00", "latency": "20"}, {"date": "2024-05-20-02-00-00", "latency": "20"}, {"date": "2024-05-20-02-00-00", "latency": "20"}, {"date": "2024-05-20-02-00-00", "latency": "20"}, {"date": "2024-05-20-02-00-00", "latency": "20"}, {"date": "2024-05-20-02-00-00", "latency": "20"}, {"date": "2024-05-20-02-00-00", "latency": "20"}, {"date": "2024-05-20-02-00-00", "latency": "20"}, {"date": "2024-05-20-02-00-00", "latency": "20"}, {"date": "2024-05-20-02-00-00", "latency": "20"}, {"date": "2024-05-20-02-00-00", "latency": "20"}, {"date": "2024-05-20-02-00-00", "latency": "20"}, {"date": "2024-05-20-02-00-00", "latency": "20"}, {"date": "2024-05-20-02-00-00", "latency": "20"}, {"date": "2024-05-20-02-00-00", "latency": "20"}, {"date": "2024-05-20-02-00-00", "latency": "20"}]}, {"location": {"country_code": "de", "region": "Bavaria", "city": "Freising"}, "game_id": "452439", "values": [{"date": "2024-05-19-15-00-00", "latency": "22"}, {"date": "2024-05-19-15-00-00", "latency": "22"}, {"date": "2024-05-19-15-00-00", "latency": "22"}, {"date": "2024-05-19-15-00-00", "latency": "22"}, {"date": "2024-05-19-15-00-00", "latency": "22"}, {"date": "2024-05-19-15-00-00", "latency": "22"}, {"date": "2024-05-19-15-00-00", "latency": "22"}, {"date": "2024-05-19-15-00-00", "latency": "22"}, {"date": "2024-05-19-15-00-00", "latency": "22"}, {"date": "2024-05-19-15-00-00", "latency": "22"}, {"date": "2024-05-19-15-00-00", "latency": "22"}, {"date": "2024-05-19-15-00-00", "latency": "22"}, {"date": "2024-05-19-15-00-00", "latency": "22"}, {"date": "2024-05-19-15-00-00", "latency": "22"}, {"date": "2024-05-19-15-00-00", "latency": "22"}, {"date": "2024-05-19-15-00-00", "latency": "22"}]}], "last_updated": 1719915074.746273}