{"data": [{"location": {"country_code": "nz"}, "game_id": "135305", "values": [{"date": "2024-04-20-04-00-00", "latency": 188}, {"date": "2024-04-20-04-00-00", "latency": 188}, {"date": "2024-04-20-04-00-00", "latency": 188}, {"date": "2024-04-20-04-00-00", "latency": 188}, {"date": "2024-04-20-04-00-00", "latency": 188}, {"date": "2024-04-20-04-00-00", "latency": 188}, {"date": "2024-04-20-04-00-00", "latency": 188}, {"date": "2024-04-20-04-00-00", "latency": 188}]}, {"location": {"country_code": "us"}, "game_id": "135305", "values": [{"date": "2024-04-20-06-00-00", "latency": 19}, {"date": "2024-04-20-06-00-00", "latency": 19}, {"date": "2024-04-20-06-00-00", "latency": 19}, {"date": "2024-04-21-01-00-00", "latency": 146}, {"date": "2024-04-21-01-00-00", "latency": 146}, {"date": "2024-04-21-01-00-00", "latency": 146}, {"date": "2024-04-21-01-00-00", "latency": 146}, {"date": "2024-04-21-01-00-00", "latency": 146}, {"date": "2024-04-21-01-00-00", "latency": 146}, {"date": "2024-04-21-01-00-00", "latency": 146}, {"date": "2024-04-21-01-00-00", "latency": 146}, {"date": "2024-04-21-01-00-00", "latency": 146}, {"date": "2024-04-21-01-00-00", "latency": 146}, {"date": "2024-04-21-01-00-00", "latency": 146}, {"date": "2024-04-21-01-00-00", "latency": 146}, {"date": "2024-04-21-01-00-00", "latency": 146}, {"date": "2024-04-21-01-00-00", "latency": 146}, {"date": "2024-04-21-01-00-00", "latency": 146}, {"date": "2024-04-21-01-00-00", "latency": 146}, {"date": "2024-04-21-01-00-00", "latency": 146}, {"date": "2024-04-20-21-00-00", "latency": 28}, {"date": "2024-04-20-08-00-00", "latency": 70}, {"date": "2024-04-20-08-00-00", "latency": 70}, {"date": "2024-04-20-08-00-00", "latency": 70}, {"date": "2024-04-20-08-00-00", "latency": 70}, {"date": "2024-04-20-08-00-00", "latency": 70}, {"date": "2024-04-20-08-00-00", "latency": 70}, {"date": "2024-04-20-04-00-00", "latency": 20}, {"date": "2024-04-20-03-00-00", "latency": 100}, {"date": "2024-04-20-03-00-00", "latency": 100}, {"date": "2024-04-20-03-00-00", "latency": 100}, {"date": "2024-04-20-03-00-00", "latency": 100}, {"date": "2024-04-20-03-00-00", "latency": 100}, {"date": "2024-04-20-03-00-00", "latency": 100}, {"date": "2024-04-20-03-00-00", "latency": 100}, {"date": "2024-04-20-03-00-00", "latency": 26}, {"date": "2024-04-20-03-00-00", "latency": 26}, {"date": "2024-04-20-03-00-00", "latency": 26}, {"date": "2024-04-20-03-00-00", "latency": 26}, {"date": "2024-04-20-03-00-00", "latency": 26}, {"date": "2024-04-20-03-00-00", "latency": 26}, {"date": "2024-04-20-03-00-00", "latency": 26}, {"date": "2024-04-20-03-00-00", "latency": 26}, {"date": "2024-04-20-05-00-00", "latency": 37}, {"date": "2024-04-21-00-00-00", "latency": 10}, {"date": "2024-04-21-00-00-00", "latency": 10}, {"date": "2024-04-21-00-00-00", "latency": 10}, {"date": "2024-04-20-06-00-00", "latency": 14}, {"date": "2024-04-20-11-00-00", "latency": 29}, {"date": "2024-04-20-11-00-00", "latency": 29}, {"date": "2024-04-20-11-00-00", "latency": 29}, {"date": "2024-04-20-11-00-00", "latency": 29}, {"date": "2024-04-20-11-00-00", "latency": 29}, {"date": "2024-04-20-11-00-00", "latency": 29}, {"date": "2024-04-20-11-00-00", "latency": 29}, {"date": "2024-04-20-11-00-00", "latency": 29}, {"date": "2024-04-20-11-00-00", "latency": 29}, {"date": "2024-04-20-11-00-00", "latency": 29}, {"date": "2024-04-20-11-00-00", "latency": 29}, {"date": "2024-04-20-11-00-00", "latency": 29}, {"date": "2024-04-20-11-00-00", "latency": 29}, {"date": "2024-04-20-11-00-00", "latency": 29}, {"date": "2024-04-20-11-00-00", "latency": 29}, {"date": "2024-04-20-11-00-00", "latency": 29}, {"date": "2024-04-20-11-00-00", "latency": 29}, {"date": "2024-04-20-11-00-00", "latency": 29}, {"date": "2024-04-20-11-00-00", "latency": 29}, {"date": "2024-04-20-11-00-00", "latency": 29}, {"date": "2024-04-20-11-00-00", "latency": 29}, {"date": "2024-04-20-11-00-00", "latency": 29}, {"date": "2024-04-20-11-00-00", "latency": 29}, {"date": "2024-04-20-11-00-00", "latency": 29}, {"date": "2024-04-20-11-00-00", "latency": 29}, {"date": "2024-04-20-11-00-00", "latency": 29}, {"date": "2024-04-20-11-00-00", "latency": 29}, {"date": "2024-04-20-11-00-00", "latency": 29}, {"date": "2024-04-20-11-00-00", "latency": 29}, {"date": "2024-04-20-11-00-00", "latency": 29}, {"date": "2024-04-20-11-00-00", "latency": 29}, {"date": "2024-04-20-11-00-00", "latency": 29}, {"date": "2024-04-20-11-00-00", "latency": 29}, {"date": "2024-04-20-11-00-00", "latency": 29}, {"date": "2024-04-20-11-00-00", "latency": 29}, {"date": "2024-04-20-11-00-00", "latency": 29}, {"date": "2024-04-20-11-00-00", "latency": 29}, {"date": "2024-04-20-11-00-00", "latency": 29}, {"date": "2024-04-20-11-00-00", "latency": 29}, {"date": "2024-04-20-11-00-00", "latency": 29}, {"date": "2024-04-20-11-00-00", "latency": 29}, {"date": "2024-04-20-11-00-00", "latency": 29}, {"date": "2024-04-20-11-00-00", "latency": 29}, {"date": "2024-04-20-11-00-00", "latency": 29}, {"date": "2024-04-20-11-00-00", "latency": 29}, {"date": "2024-04-20-11-00-00", "latency": 29}, {"date": "2024-04-20-11-00-00", "latency": 29}, {"date": "2024-04-20-11-00-00", "latency": 29}, {"date": "2024-04-20-11-00-00", "latency": 29}, {"date": "2024-04-20-11-00-00", "latency": 29}, {"date": "2024-04-20-11-00-00", "latency": 29}, {"date": "2024-04-20-11-00-00", "latency": 29}, {"date": "2024-04-20-11-00-00", "latency": 29}, {"date": "2024-04-20-11-00-00", "latency": 29}, {"date": "2024-04-20-11-00-00", "latency": 29}, {"date": "2024-04-20-11-00-00", "latency": 29}, {"date": "2024-04-20-11-00-00", "latency": 29}, {"date": "2024-04-20-11-00-00", "latency": 29}, {"date": "2024-04-20-11-00-00", "latency": 29}, {"date": "2024-04-20-11-00-00", "latency": 29}, {"date": "2024-04-20-11-00-00", "latency": 29}]}, {"location": {"country_code": "th"}, "game_id": "135305", "values": [{"date": "2024-04-20-22-00-00", "latency": 131}, {"date": "2024-04-20-22-00-00", "latency": 131}, {"date": "2024-04-20-22-00-00", "latency": 131}, {"date": "2024-04-20-22-00-00", "latency": 131}, {"date": "2024-04-20-22-00-00", "latency": 131}, {"date": "2024-04-20-22-00-00", "latency": 131}, {"date": "2024-04-20-22-00-00", "latency": 131}, {"date": "2024-04-20-22-00-00", "latency": 131}, {"date": "2024-04-20-22-00-00", "latency": 131}, {"date": "2024-04-20-22-00-00", "latency": 131}, {"date": "2024-04-20-22-00-00", "latency": 131}, {"date": "2024-04-20-22-00-00", "latency": 131}, {"date": "2024-04-20-22-00-00", "latency": 131}, {"date": "2024-04-20-22-00-00", "latency": 131}, {"date": "2024-04-20-22-00-00", "latency": 131}, {"date": "2024-04-20-12-00-00", "latency": 128}, {"date": "2024-04-20-12-00-00", "latency": 128}, {"date": "2024-04-20-12-00-00", "latency": 128}, {"date": "2024-04-20-12-00-00", "latency": 128}, {"date": "2024-04-20-17-00-00", "latency": 109}, {"date": "2024-04-20-17-00-00", "latency": 109}, {"date": "2024-04-20-17-00-00", "latency": 109}]}, {"location": {"country_code": "my"}, "game_id": "135305", "values": [{"date": "2024-04-21-00-00-00", "latency": 257}, {"date": "2024-04-20-11-00-00", "latency": 119}, {"date": "2024-04-20-11-00-00", "latency": 119}, {"date": "2024-04-20-11-00-00", "latency": 119}, {"date": "2024-04-20-11-00-00", "latency": 119}, {"date": "2024-04-20-11-00-00", "latency": 119}, {"date": "2024-04-20-11-00-00", "latency": 119}, {"date": "2024-04-20-11-00-00", "latency": 119}, {"date": "2024-04-20-11-00-00", "latency": 119}, {"date": "2024-04-20-11-00-00", "latency": 119}, {"date": "2024-04-20-11-00-00", "latency": 119}, {"date": "2024-04-20-11-00-00", "latency": 119}, {"date": "2024-04-20-11-00-00", "latency": 119}, {"date": "2024-04-20-11-00-00", "latency": 119}, {"date": "2024-04-20-11-00-00", "latency": 119}, {"date": "2024-04-20-11-00-00", "latency": 119}, {"date": "2024-04-20-11-00-00", "latency": 119}, {"date": "2024-04-20-11-00-00", "latency": 119}, {"date": "2024-04-20-11-00-00", "latency": 119}, {"date": "2024-04-20-09-00-00", "latency": 82}, {"date": "2024-04-20-09-00-00", "latency": 82}, {"date": "2024-04-20-09-00-00", "latency": 82}, {"date": "2024-04-20-09-00-00", "latency": 82}, {"date": "2024-04-20-09-00-00", "latency": 82}, {"date": "2024-04-20-09-00-00", "latency": 82}, {"date": "2024-04-20-09-00-00", "latency": 82}, {"date": "2024-04-20-09-00-00", "latency": 82}, {"date": "2024-04-20-09-00-00", "latency": 82}, {"date": "2024-04-20-09-00-00", "latency": 82}, {"date": "2024-04-20-09-00-00", "latency": 82}, {"date": "2024-04-20-09-00-00", "latency": 82}, {"date": "2024-04-20-09-00-00", "latency": 82}, {"date": "2024-04-20-09-00-00", "latency": 82}, {"date": "2024-04-20-09-00-00", "latency": 82}, {"date": "2024-04-20-09-00-00", "latency": 82}, {"date": "2024-04-20-09-00-00", "latency": 82}, {"date": "2024-04-20-09-00-00", "latency": 82}, {"date": "2024-04-20-09-00-00", "latency": 82}, {"date": "2024-04-20-09-00-00", "latency": 82}, {"date": "2024-04-20-09-00-00", "latency": 82}]}, {"location": {"country_code": "it"}, "game_id": "135305", "values": [{"date": "2024-04-20-15-00-00", "latency": 21}, {"date": "2024-04-20-15-00-00", "latency": 21}, {"date": "2024-04-20-15-00-00", "latency": 21}, {"date": "2024-04-20-15-00-00", "latency": 21}, {"date": "2024-04-20-15-00-00", "latency": 21}, {"date": "2024-04-20-17-00-00", "latency": 44}]}, {"location": {"country_code": "za"}, "game_id": "135305", "values": [{"date": "2024-04-20-04-00-00", "latency": 200}]}, {"location": {"country_code": "jp"}, "game_id": "135305", "values": [{"date": "2024-04-20-11-00-00", "latency": 16}, {"date": "2024-04-20-11-00-00", "latency": 16}, {"date": "2024-04-20-11-00-00", "latency": 16}, {"date": "2024-04-20-11-00-00", "latency": 16}, {"date": "2024-04-20-11-00-00", "latency": 16}, {"date": "2024-04-20-11-00-00", "latency": 16}, {"date": "2024-04-20-11-00-00", "latency": 16}, {"date": "2024-04-20-11-00-00", "latency": 16}, {"date": "2024-04-20-11-00-00", "latency": 16}, {"date": "2024-04-20-11-00-00", "latency": 16}, {"date": "2024-04-20-11-00-00", "latency": 16}, {"date": "2024-04-20-11-00-00", "latency": 16}, {"date": "2024-04-20-11-00-00", "latency": 16}, {"date": "2024-04-20-11-00-00", "latency": 16}, {"date": "2024-04-20-11-00-00", "latency": 16}, {"date": "2024-04-20-11-00-00", "latency": 16}, {"date": "2024-04-20-11-00-00", "latency": 16}, {"date": "2024-04-20-11-00-00", "latency": 16}, {"date": "2024-04-20-11-00-00", "latency": 16}, {"date": "2024-04-20-11-00-00", "latency": 16}, {"date": "2024-04-20-11-00-00", "latency": 16}, {"date": "2024-04-20-11-00-00", "latency": 16}, {"date": "2024-04-20-11-00-00", "latency": 16}, {"date": "2024-04-20-11-00-00", "latency": 16}, {"date": "2024-04-20-11-00-00", "latency": 16}, {"date": "2024-04-20-11-00-00", "latency": 16}, {"date": "2024-04-20-11-00-00", "latency": 16}, {"date": "2024-04-20-11-00-00", "latency": 16}, {"date": "2024-04-20-11-00-00", "latency": 16}, {"date": "2024-04-20-11-00-00", "latency": 16}, {"date": "2024-04-20-11-00-00", "latency": 16}, {"date": "2024-04-20-11-00-00", "latency": 16}, {"date": "2024-04-20-11-00-00", "latency": 16}, {"date": "2024-04-20-11-00-00", "latency": 16}, {"date": "2024-04-20-11-00-00", "latency": 16}, {"date": "2024-04-20-11-00-00", "latency": 16}, {"date": "2024-04-20-11-00-00", "latency": 16}, {"date": "2024-04-20-11-00-00", "latency": 16}, {"date": "2024-04-20-17-00-00", "latency": 11}, {"date": "2024-04-20-17-00-00", "latency": 11}, {"date": "2024-04-20-17-00-00", "latency": 8}, {"date": "2024-04-20-17-00-00", "latency": 8}, {"date": "2024-04-20-17-00-00", "latency": 8}, {"date": "2024-04-20-17-00-00", "latency": 8}, {"date": "2024-04-20-17-00-00", "latency": 8}, {"date": "2024-04-20-17-00-00", "latency": 8}, {"date": "2024-04-20-17-00-00", "latency": 8}, {"date": "2024-04-20-17-00-00", "latency": 8}, {"date": "2024-04-20-17-00-00", "latency": 8}, {"date": "2024-04-20-17-00-00", "latency": 8}, {"date": "2024-04-20-11-00-00", "latency": 12}, {"date": "2024-04-20-11-00-00", "latency": 12}, {"date": "2024-04-20-11-00-00", "latency": 12}, {"date": "2024-04-20-11-00-00", "latency": 12}, {"date": "2024-04-20-11-00-00", "latency": 12}, {"date": "2024-04-20-11-00-00", "latency": 12}, {"date": "2024-04-20-11-00-00", "latency": 12}, {"date": "2024-04-20-11-00-00", "latency": 12}, {"date": "2024-04-20-11-00-00", "latency": 12}, {"date": "2024-04-20-11-00-00", "latency": 12}, {"date": "2024-04-20-11-00-00", "latency": 12}, {"date": "2024-04-20-11-00-00", "latency": 12}, {"date": "2024-04-20-11-00-00", "latency": 8}, {"date": "2024-04-20-11-00-00", "latency": 8}, {"date": "2024-04-20-11-00-00", "latency": 8}, {"date": "2024-04-20-11-00-00", "latency": 8}, {"date": "2024-04-20-11-00-00", "latency": 8}, {"date": "2024-04-20-11-00-00", "latency": 8}, {"date": "2024-04-20-11-00-00", "latency": 8}, {"date": "2024-04-20-11-00-00", "latency": 8}, {"date": "2024-04-20-11-00-00", "latency": 8}, {"date": "2024-04-20-11-00-00", "latency": 8}, {"date": "2024-04-20-11-00-00", "latency": 8}, {"date": "2024-04-20-11-00-00", "latency": 8}, {"date": "2024-04-20-11-00-00", "latency": 8}, {"date": "2024-04-20-11-00-00", "latency": 8}, {"date": "2024-04-20-11-00-00", "latency": 8}, {"date": "2024-04-20-11-00-00", "latency": 8}, {"date": "2024-04-20-11-00-00", "latency": 8}, {"date": "2024-04-20-11-00-00", "latency": 8}, {"date": "2024-04-20-11-00-00", "latency": 8}, {"date": "2024-04-20-11-00-00", "latency": 8}, {"date": "2024-04-20-11-00-00", "latency": 8}, {"date": "2024-04-20-11-00-00", "latency": 8}, {"date": "2024-04-20-11-00-00", "latency": 8}, {"date": "2024-04-20-11-00-00", "latency": 8}, {"date": "2024-04-20-11-00-00", "latency": 8}, {"date": "2024-04-20-11-00-00", "latency": 8}, {"date": "2024-04-20-11-00-00", "latency": 8}, {"date": "2024-04-20-11-00-00", "latency": 8}, {"date": "2024-04-20-11-00-00", "latency": 8}, {"date": "2024-04-20-11-00-00", "latency": 8}, {"date": "2024-04-20-11-00-00", "latency": 8}, {"date": "2024-04-20-11-00-00", "latency": 8}, {"date": "2024-04-20-11-00-00", "latency": 8}, {"date": "2024-04-20-11-00-00", "latency": 8}, {"date": "2024-04-20-11-00-00", "latency": 8}, {"date": "2024-04-20-11-00-00", "latency": 8}, {"date": "2024-04-20-11-00-00", "latency": 8}, {"date": "2024-04-20-11-00-00", "latency": 8}, {"date": "2024-04-20-11-00-00", "latency": 8}, {"date": "2024-04-20-11-00-00", "latency": 8}, {"date": "2024-04-20-11-00-00", "latency": 8}, {"date": "2024-04-20-11-00-00", "latency": 8}, {"date": "2024-04-20-11-00-00", "latency": 8}, {"date": "2024-04-20-11-00-00", "latency": 8}, {"date": "2024-04-20-11-00-00", "latency": 8}, {"date": "2024-04-20-11-00-00", "latency": 8}, {"date": "2024-04-20-11-00-00", "latency": 8}, {"date": "2024-04-20-11-00-00", "latency": 8}, {"date": "2024-04-20-11-00-00", "latency": 8}, {"date": "2024-04-20-11-00-00", "latency": 8}, {"date": "2024-04-20-11-00-00", "latency": 8}, {"date": "2024-04-20-11-00-00", "latency": 8}, {"date": "2024-04-20-11-00-00", "latency": 8}, {"date": "2024-04-20-11-00-00", "latency": 8}, {"date": "2024-04-20-11-00-00", "latency": 8}, {"date": "2024-04-20-11-00-00", "latency": 8}, {"date": "2024-04-20-11-00-00", "latency": 8}, {"date": "2024-04-20-11-00-00", "latency": 8}, {"date": "2024-04-20-11-00-00", "latency": 8}, {"date": "2024-04-20-11-00-00", "latency": 8}, {"date": "2024-04-20-11-00-00", "latency": 8}, {"date": "2024-04-20-11-00-00", "latency": 8}, {"date": "2024-04-20-11-00-00", "latency": 8}, {"date": "2024-04-20-14-00-00", "latency": 51}, {"date": "2024-04-20-14-00-00", "latency": 51}, {"date": "2024-04-20-14-00-00", "latency": 8}, {"date": "2024-04-20-14-00-00", "latency": 8}, {"date": "2024-04-20-14-00-00", "latency": 8}, {"date": "2024-04-20-14-00-00", "latency": 8}, {"date": "2024-04-20-14-00-00", "latency": 8}, {"date": "2024-04-20-14-00-00", "latency": 8}, {"date": "2024-04-20-14-00-00", "latency": 8}, {"date": "2024-04-20-14-00-00", "latency": 8}, {"date": "2024-04-20-14-00-00", "latency": 8}, {"date": "2024-04-20-14-00-00", "latency": 8}, {"date": "2024-04-20-14-00-00", "latency": 8}, {"date": "2024-04-20-14-00-00", "latency": 8}, {"date": "2024-04-20-14-00-00", "latency": 8}, {"date": "2024-04-20-14-00-00", "latency": 8}, {"date": "2024-04-20-14-00-00", "latency": 8}, {"date": "2024-04-20-14-00-00", "latency": 8}, {"date": "2024-04-20-14-00-00", "latency": 8}, {"date": "2024-04-20-09-00-00", "latency": 14}, {"date": "2024-04-20-09-00-00", "latency": 14}, {"date": "2024-04-20-09-00-00", "latency": 14}, {"date": "2024-04-20-09-00-00", "latency": 14}, {"date": "2024-04-20-09-00-00", "latency": 14}, {"date": "2024-04-20-09-00-00", "latency": 14}, {"date": "2024-04-20-09-00-00", "latency": 14}, {"date": "2024-04-20-09-00-00", "latency": 14}, {"date": "2024-04-20-09-00-00", "latency": 14}, {"date": "2024-04-20-09-00-00", "latency": 14}, {"date": "2024-04-20-09-00-00", "latency": 14}, {"date": "2024-04-20-09-00-00", "latency": 14}, {"date": "2024-04-20-09-00-00", "latency": 14}, {"date": "2024-04-20-09-00-00", "latency": 14}, {"date": "2024-04-20-09-00-00", "latency": 14}, {"date": "2024-04-20-09-00-00", "latency": 14}, {"date": "2024-04-20-09-00-00", "latency": 14}, {"date": "2024-04-20-13-00-00", "latency": 10}, {"date": "2024-04-20-13-00-00", "latency": 10}, {"date": "2024-04-20-13-00-00", "latency": 10}, {"date": "2024-04-20-13-00-00", "latency": 10}, {"date": "2024-04-20-13-00-00", "latency": 10}, {"date": "2024-04-20-13-00-00", "latency": 10}, {"date": "2024-04-20-13-00-00", "latency": 10}, {"date": "2024-04-20-13-00-00", "latency": 10}, {"date": "2024-04-20-13-00-00", "latency": 10}, {"date": "2024-04-20-13-00-00", "latency": 10}, {"date": "2024-04-20-13-00-00", "latency": 10}, {"date": "2024-04-20-13-00-00", "latency": 10}, {"date": "2024-04-20-13-00-00", "latency": 10}, {"date": "2024-04-20-13-00-00", "latency": 10}, {"date": "2024-04-20-13-00-00", "latency": 10}, {"date": "2024-04-20-13-00-00", "latency": 10}, {"date": "2024-04-20-13-00-00", "latency": 10}, {"date": "2024-04-20-13-00-00", "latency": 10}, {"date": "2024-04-20-13-00-00", "latency": 10}, {"date": "2024-04-20-13-00-00", "latency": 10}, {"date": "2024-04-20-13-00-00", "latency": 10}, {"date": "2024-04-20-13-00-00", "latency": 10}, {"date": "2024-04-20-13-00-00", "latency": 10}, {"date": "2024-04-20-13-00-00", "latency": 10}, {"date": "2024-04-20-19-00-00", "latency": 7}, {"date": "2024-04-20-19-00-00", "latency": 7}, {"date": "2024-04-20-19-00-00", "latency": 7}, {"date": "2024-04-20-19-00-00", "latency": 7}, {"date": "2024-04-20-19-00-00", "latency": 7}, {"date": "2024-04-20-19-00-00", "latency": 7}, {"date": "2024-04-20-19-00-00", "latency": 7}, {"date": "2024-04-20-19-00-00", "latency": 7}, {"date": "2024-04-20-19-00-00", "latency": 7}, {"date": "2024-04-20-19-00-00", "latency": 7}, {"date": "2024-04-20-19-00-00", "latency": 7}, {"date": "2024-04-20-19-00-00", "latency": 7}, {"date": "2024-04-20-19-00-00", "latency": 7}, {"date": "2024-04-20-19-00-00", "latency": 7}, {"date": "2024-04-20-06-00-00", "latency": 127}, {"date": "2024-04-20-03-00-00", "latency": 50}, {"date": "2024-04-20-16-00-00", "latency": 28}, {"date": "2024-04-20-16-00-00", "latency": 28}, {"date": "2024-04-20-16-00-00", "latency": 28}, {"date": "2024-04-20-16-00-00", "latency": 28}, {"date": "2024-04-20-16-00-00", "latency": 28}, {"date": "2024-04-20-16-00-00", "latency": 28}, {"date": "2024-04-20-22-00-00", "latency": 25}, {"date": "2024-04-20-22-00-00", "latency": 25}, {"date": "2024-04-20-22-00-00", "latency": 25}, {"date": "2024-04-20-22-00-00", "latency": 25}, {"date": "2024-04-20-22-00-00", "latency": 25}, {"date": "2024-04-20-22-00-00", "latency": 25}, {"date": "2024-04-20-22-00-00", "latency": 25}, {"date": "2024-04-20-22-00-00", "latency": 25}, {"date": "2024-04-20-22-00-00", "latency": 25}, {"date": "2024-04-20-22-00-00", "latency": 25}, {"date": "2024-04-20-22-00-00", "latency": 25}, {"date": "2024-04-20-22-00-00", "latency": 25}, {"date": "2024-04-20-22-00-00", "latency": 25}, {"date": "2024-04-20-22-00-00", "latency": 25}, {"date": "2024-04-20-22-00-00", "latency": 25}, {"date": "2024-04-20-22-00-00", "latency": 25}, {"date": "2024-04-20-22-00-00", "latency": 25}, {"date": "2024-04-20-22-00-00", "latency": 25}, {"date": "2024-04-20-22-00-00", "latency": 25}, {"date": "2024-04-20-22-00-00", "latency": 25}, {"date": "2024-04-20-22-00-00", "latency": 25}, {"date": "2024-04-20-22-00-00", "latency": 25}, {"date": "2024-04-20-22-00-00", "latency": 25}, {"date": "2024-04-20-22-00-00", "latency": 25}, {"date": "2024-04-20-22-00-00", "latency": 25}, {"date": "2024-04-20-22-00-00", "latency": 25}, {"date": "2024-04-20-22-00-00", "latency": 25}]}, {"location": {"country_code": "ca"}, "game_id": "135305", "values": [{"date": "2024-04-20-19-00-00", "latency": 119}, {"date": "2024-04-20-18-00-00", "latency": 154}, {"date": "2024-04-20-18-00-00", "latency": 154}, {"date": "2024-04-20-18-00-00", "latency": 154}, {"date": "2024-04-20-18-00-00", "latency": 154}, {"date": "2024-04-20-18-00-00", "latency": 154}, {"date": "2024-04-20-18-00-00", "latency": 154}, {"date": "2024-04-20-18-00-00", "latency": 154}, {"date": "2024-04-20-18-00-00", "latency": 154}, {"date": "2024-04-20-18-00-00", "latency": 154}, {"date": "2024-04-20-18-00-00", "latency": 154}, {"date": "2024-04-20-18-00-00", "latency": 154}, {"date": "2024-04-20-18-00-00", "latency": 154}, {"date": "2024-04-20-11-00-00", "latency": 73}, {"date": "2024-04-20-11-00-00", "latency": 73}, {"date": "2024-04-20-11-00-00", "latency": 73}, {"date": "2024-04-20-11-00-00", "latency": 73}, {"date": "2024-04-20-11-00-00", "latency": 73}, {"date": "2024-04-20-11-00-00", "latency": 73}, {"date": "2024-04-20-11-00-00", "latency": 73}, {"date": "2024-04-20-11-00-00", "latency": 73}, {"date": "2024-04-20-11-00-00", "latency": 73}, {"date": "2024-04-20-11-00-00", "latency": 73}, {"date": "2024-04-20-11-00-00", "latency": 73}, {"date": "2024-04-20-11-00-00", "latency": 73}, {"date": "2024-04-20-11-00-00", "latency": 73}, {"date": "2024-04-20-11-00-00", "latency": 73}, {"date": "2024-04-20-11-00-00", "latency": 73}, {"date": "2024-04-20-11-00-00", "latency": 73}, {"date": "2024-04-20-11-00-00", "latency": 73}, {"date": "2024-04-20-11-00-00", "latency": 73}, {"date": "2024-04-20-11-00-00", "latency": 73}, {"date": "2024-04-20-11-00-00", "latency": 73}, {"date": "2024-04-20-11-00-00", "latency": 73}, {"date": "2024-04-20-11-00-00", "latency": 73}, {"date": "2024-04-20-11-00-00", "latency": 73}, {"date": "2024-04-20-11-00-00", "latency": 73}, {"date": "2024-04-20-11-00-00", "latency": 73}, {"date": "2024-04-20-11-00-00", "latency": 73}, {"date": "2024-04-20-11-00-00", "latency": 73}, {"date": "2024-04-20-11-00-00", "latency": 73}, {"date": "2024-04-20-11-00-00", "latency": 73}, {"date": "2024-04-20-11-00-00", "latency": 73}, {"date": "2024-04-20-11-00-00", "latency": 73}, {"date": "2024-04-20-11-00-00", "latency": 73}, {"date": "2024-04-20-11-00-00", "latency": 73}, {"date": "2024-04-20-11-00-00", "latency": 73}, {"date": "2024-04-20-11-00-00", "latency": 73}, {"date": "2024-04-20-11-00-00", "latency": 73}, {"date": "2024-04-20-11-00-00", "latency": 73}, {"date": "2024-04-20-11-00-00", "latency": 73}, {"date": "2024-04-20-11-00-00", "latency": 73}, {"date": "2024-04-20-11-00-00", "latency": 73}, {"date": "2024-04-20-11-00-00", "latency": 73}, {"date": "2024-04-20-09-00-00", "latency": 75}, {"date": "2024-04-20-09-00-00", "latency": 75}, {"date": "2024-04-20-09-00-00", "latency": 75}, {"date": "2024-04-20-09-00-00", "latency": 75}, {"date": "2024-04-20-09-00-00", "latency": 75}, {"date": "2024-04-20-09-00-00", "latency": 75}, {"date": "2024-04-20-09-00-00", "latency": 75}, {"date": "2024-04-20-09-00-00", "latency": 75}, {"date": "2024-04-20-09-00-00", "latency": 75}, {"date": "2024-04-20-09-00-00", "latency": 75}, {"date": "2024-04-20-09-00-00", "latency": 75}, {"date": "2024-04-20-09-00-00", "latency": 75}, {"date": "2024-04-20-09-00-00", "latency": 75}, {"date": "2024-04-20-09-00-00", "latency": 75}, {"date": "2024-04-20-09-00-00", "latency": 75}, {"date": "2024-04-20-09-00-00", "latency": 75}, {"date": "2024-04-20-09-00-00", "latency": 75}, {"date": "2024-04-20-09-00-00", "latency": 75}, {"date": "2024-04-20-09-00-00", "latency": 75}, {"date": "2024-04-20-09-00-00", "latency": 75}, {"date": "2024-04-20-09-00-00", "latency": 75}, {"date": "2024-04-20-09-00-00", "latency": 75}, {"date": "2024-04-20-09-00-00", "latency": 75}, {"date": "2024-04-20-09-00-00", "latency": 75}, {"date": "2024-04-20-09-00-00", "latency": 75}, {"date": "2024-04-20-09-00-00", "latency": 75}, {"date": "2024-04-20-09-00-00", "latency": 75}, {"date": "2024-04-20-09-00-00", "latency": 75}, {"date": "2024-04-20-09-00-00", "latency": 75}, {"date": "2024-04-20-09-00-00", "latency": 75}, {"date": "2024-04-20-03-00-00", "latency": 29}, {"date": "2024-04-20-03-00-00", "latency": 29}, {"date": "2024-04-20-03-00-00", "latency": 29}, {"date": "2024-04-20-03-00-00", "latency": 29}, {"date": "2024-04-20-03-00-00", "latency": 29}, {"date": "2024-04-20-03-00-00", "latency": 29}, {"date": "2024-04-20-03-00-00", "latency": 29}, {"date": "2024-04-20-03-00-00", "latency": 29}, {"date": "2024-04-20-20-00-00", "latency": 84}, {"date": "2024-04-20-20-00-00", "latency": 84}, {"date": "2024-04-20-20-00-00", "latency": 84}, {"date": "2024-04-20-20-00-00", "latency": 84}, {"date": "2024-04-20-20-00-00", "latency": 84}, {"date": "2024-04-20-20-00-00", "latency": 84}, {"date": "2024-04-20-20-00-00", "latency": 84}, {"date": "2024-04-20-20-00-00", "latency": 84}, {"date": "2024-04-20-20-00-00", "latency": 84}, {"date": "2024-04-20-20-00-00", "latency": 84}, {"date": "2024-04-20-20-00-00", "latency": 84}, {"date": "2024-04-20-20-00-00", "latency": 84}, {"date": "2024-04-20-05-00-00", "latency": 85}, {"date": "2024-04-20-05-00-00", "latency": 85}, {"date": "2024-04-20-05-00-00", "latency": 85}, {"date": "2024-04-20-05-00-00", "latency": 85}, {"date": "2024-04-20-05-00-00", "latency": 85}, {"date": "2024-04-20-20-00-00", "latency": 54}, {"date": "2024-04-20-20-00-00", "latency": 54}, {"date": "2024-04-20-20-00-00", "latency": 54}, {"date": "2024-04-20-20-00-00", "latency": 54}, {"date": "2024-04-20-20-00-00", "latency": 54}, {"date": "2024-04-20-20-00-00", "latency": 54}, {"date": "2024-04-20-20-00-00", "latency": 54}, {"date": "2024-04-20-20-00-00", "latency": 54}, {"date": "2024-04-20-20-00-00", "latency": 54}, {"date": "2024-04-20-20-00-00", "latency": 54}, {"date": "2024-04-20-20-00-00", "latency": 54}, {"date": "2024-04-20-20-00-00", "latency": 54}, {"date": "2024-04-20-02-00-00", "latency": 28}, {"date": "2024-04-20-02-00-00", "latency": 28}, {"date": "2024-04-20-02-00-00", "latency": 28}, {"date": "2024-04-20-07-00-00", "latency": 75}, {"date": "2024-04-20-07-00-00", "latency": 75}, {"date": "2024-04-20-07-00-00", "latency": 75}, {"date": "2024-04-20-07-00-00", "latency": 75}]}, {"location": {"country_code": "ch"}, "game_id": "135305", "values": [{"date": "2024-04-20-21-00-00", "latency": 32}, {"date": "2024-04-20-21-00-00", "latency": 32}, {"date": "2024-04-20-21-00-00", "latency": 32}, {"date": "2024-04-20-21-00-00", "latency": 32}]}, {"location": {"country_code": "de"}, "game_id": "135305", "values": [{"date": "2024-04-20-18-00-00", "latency": 14}, {"date": "2024-04-20-18-00-00", "latency": 14}, {"date": "2024-04-20-18-00-00", "latency": 14}, {"date": "2024-04-20-18-00-00", "latency": 14}, {"date": "2024-04-20-18-00-00", "latency": 14}, {"date": "2024-04-20-18-00-00", "latency": 14}, {"date": "2024-04-20-18-00-00", "latency": 14}, {"date": "2024-04-20-18-00-00", "latency": 14}, {"date": "2024-04-20-20-00-00", "latency": 13}, {"date": "2024-04-20-20-00-00", "latency": 13}, {"date": "2024-04-20-20-00-00", "latency": 13}, {"date": "2024-04-20-20-00-00", "latency": 13}, {"date": "2024-04-20-20-00-00", "latency": 13}, {"date": "2024-04-20-20-00-00", "latency": 13}, {"date": "2024-04-20-20-00-00", "latency": 13}, {"date": "2024-04-20-23-00-00", "latency": 33}, {"date": "2024-04-20-23-00-00", "latency": 33}, {"date": "2024-04-20-23-00-00", "latency": 33}, {"date": "2024-04-20-23-00-00", "latency": 33}, {"date": "2024-04-20-23-00-00", "latency": 33}, {"date": "2024-04-20-23-00-00", "latency": 33}, {"date": "2024-04-20-23-00-00", "latency": 33}, {"date": "2024-04-20-23-00-00", "latency": 33}, {"date": "2024-04-20-23-00-00", "latency": 33}, {"date": "2024-04-20-23-00-00", "latency": 33}, {"date": "2024-04-20-23-00-00", "latency": 33}, {"date": "2024-04-20-23-00-00", "latency": 33}, {"date": "2024-04-20-23-00-00", "latency": 33}, {"date": "2024-04-20-23-00-00", "latency": 33}, {"date": "2024-04-20-17-00-00", "latency": 25}, {"date": "2024-04-20-17-00-00", "latency": 25}, {"date": "2024-04-20-17-00-00", "latency": 25}, {"date": "2024-04-20-17-00-00", "latency": 25}, {"date": "2024-04-20-17-00-00", "latency": 25}, {"date": "2024-04-20-17-00-00", "latency": 25}, {"date": "2024-04-20-17-00-00", "latency": 25}, {"date": "2024-04-20-18-00-00", "latency": 17}, {"date": "2024-04-20-18-00-00", "latency": 17}, {"date": "2024-04-20-20-00-00", "latency": 84}, {"date": "2024-04-20-20-00-00", "latency": 84}, {"date": "2024-04-20-20-00-00", "latency": 84}, {"date": "2024-04-20-20-00-00", "latency": 84}, {"date": "2024-04-20-20-00-00", "latency": 84}, {"date": "2024-04-20-20-00-00", "latency": 84}, {"date": "2024-04-20-20-00-00", "latency": 84}, {"date": "2024-04-20-20-00-00", "latency": 84}, {"date": "2024-04-20-20-00-00", "latency": 84}, {"date": "2024-04-20-20-00-00", "latency": 84}, {"date": "2024-04-20-20-00-00", "latency": 84}, {"date": "2024-04-20-20-00-00", "latency": 84}]}, {"location": {"country_code": "tw"}, "game_id": "135305", "values": [{"date": "2024-04-20-15-00-00", "latency": 50}, {"date": "2024-04-20-14-00-00", "latency": 43}, {"date": "2024-04-20-16-00-00", "latency": 43}, {"date": "2024-04-20-16-00-00", "latency": 43}, {"date": "2024-04-20-16-00-00", "latency": 43}, {"date": "2024-04-20-16-00-00", "latency": 43}, {"date": "2024-04-20-16-00-00", "latency": 43}, {"date": "2024-04-20-16-00-00", "latency": 43}, {"date": "2024-04-20-16-00-00", "latency": 43}, {"date": "2024-04-20-16-00-00", "latency": 43}, {"date": "2024-04-20-16-00-00", "latency": 43}, {"date": "2024-04-20-16-00-00", "latency": 43}, {"date": "2024-04-20-16-00-00", "latency": 43}, {"date": "2024-04-20-16-00-00", "latency": 43}, {"date": "2024-04-20-19-00-00", "latency": 96}, {"date": "2024-04-20-19-00-00", "latency": 96}]}, {"location": {"country_code": "cl"}, "game_id": "135305", "values": [{"date": "2024-04-20-03-00-00", "latency": 132}, {"date": "2024-04-20-03-00-00", "latency": 132}, {"date": "2024-04-20-03-00-00", "latency": 132}, {"date": "2024-04-20-04-00-00", "latency": 137}, {"date": "2024-04-20-04-00-00", "latency": 137}, {"date": "2024-04-20-04-00-00", "latency": 137}, {"date": "2024-04-20-07-00-00", "latency": 142}, {"date": "2024-04-20-07-00-00", "latency": 142}, {"date": "2024-04-20-07-00-00", "latency": 142}]}, {"location": {"country_code": "us", "region": "Texas"}, "game_id": "135305", "values": [{"date": "2024-04-20-03-00-00", "latency": 43}, {"date": "2024-04-20-03-00-00", "latency": 43}, {"date": "2024-04-20-03-00-00", "latency": 43}, {"date": "2024-04-21-02-00-00", "latency": 45}, {"date": "2024-04-21-02-00-00", "latency": 45}, {"date": "2024-04-21-02-00-00", "latency": 45}, {"date": "2024-04-21-02-00-00", "latency": 45}, {"date": "2024-04-21-02-00-00", "latency": 45}, {"date": "2024-04-21-02-00-00", "latency": 45}, {"date": "2024-04-21-02-00-00", "latency": 45}]}, {"location": {"country_code": "fr", "region": "Aquitania-Limosino-Poitou-Charentes"}, "game_id": "135305", "values": [{"date": "2024-04-20-10-00-00", "latency": 48}, {"date": "2024-04-20-10-00-00", "latency": 48}, {"date": "2024-04-20-10-00-00", "latency": 48}, {"date": "2024-04-20-10-00-00", "latency": 48}, {"date": "2024-04-20-10-00-00", "latency": 48}, {"date": "2024-04-20-10-00-00", "latency": 48}, {"date": "2024-04-20-10-00-00", "latency": 48}, {"date": "2024-04-20-10-00-00", "latency": 48}, {"date": "2024-04-20-10-00-00", "latency": 48}]}, {"location": {"country_code": "ph"}, "game_id": "135305", "values": [{"date": "2024-04-20-11-00-00", "latency": 84}, {"date": "2024-04-20-11-00-00", "latency": 84}, {"date": "2024-04-20-18-00-00", "latency": 87}, {"date": "2024-04-20-18-00-00", "latency": 87}, {"date": "2024-04-20-18-00-00", "latency": 87}, {"date": "2024-04-20-18-00-00", "latency": 87}, {"date": "2024-04-20-18-00-00", "latency": 87}, {"date": "2024-04-20-18-00-00", "latency": 87}, {"date": "2024-04-20-18-00-00", "latency": 87}, {"date": "2024-04-20-18-00-00", "latency": 87}, {"date": "2024-04-20-18-00-00", "latency": 87}, {"date": "2024-04-20-22-00-00", "latency": 75}, {"date": "2024-04-20-19-00-00", "latency": 88}, {"date": "2024-04-20-14-00-00", "latency": 102}, {"date": "2024-04-20-14-00-00", "latency": 102}, {"date": "2024-04-20-14-00-00", "latency": 102}, {"date": "2024-04-20-14-00-00", "latency": 102}, {"date": "2024-04-20-14-00-00", "latency": 102}, {"date": "2024-04-20-11-00-00", "latency": 98}, {"date": "2024-04-20-11-00-00", "latency": 98}, {"date": "2024-04-20-11-00-00", "latency": 98}, {"date": "2024-04-20-11-00-00", "latency": 98}, {"date": "2024-04-20-11-00-00", "latency": 98}, {"date": "2024-04-20-11-00-00", "latency": 98}, {"date": "2024-04-20-11-00-00", "latency": 98}, {"date": "2024-04-20-10-00-00", "latency": 101}, {"date": "2024-04-20-10-00-00", "latency": 101}, {"date": "2024-04-20-17-00-00", "latency": 111}, {"date": "2024-04-20-18-00-00", "latency": 22}, {"date": "2024-04-20-18-00-00", "latency": 22}, {"date": "2024-04-20-18-00-00", "latency": 22}, {"date": "2024-04-20-18-00-00", "latency": 22}]}, {"location": {"country_code": "fr"}, "game_id": "135305", "values": [{"date": "2024-04-20-04-00-00", "latency": 17}, {"date": "2024-04-20-04-00-00", "latency": 17}, {"date": "2024-04-20-04-00-00", "latency": 17}, {"date": "2024-04-20-04-00-00", "latency": 17}, {"date": "2024-04-20-04-00-00", "latency": 17}, {"date": "2024-04-20-04-00-00", "latency": 17}, {"date": "2024-04-20-04-00-00", "latency": 17}, {"date": "2024-04-20-04-00-00", "latency": 17}, {"date": "2024-04-20-04-00-00", "latency": 17}, {"date": "2024-04-20-13-00-00", "latency": 8}, {"date": "2024-04-20-15-00-00", "latency": 29}, {"date": "2024-04-20-15-00-00", "latency": 29}, {"date": "2024-04-20-15-00-00", "latency": 29}, {"date": "2024-04-20-15-00-00", "latency": 29}, {"date": "2024-04-20-15-00-00", "latency": 29}, {"date": "2024-04-20-15-00-00", "latency": 29}, {"date": "2024-04-20-16-00-00", "latency": 25}, {"date": "2024-04-20-16-00-00", "latency": 25}, {"date": "2024-04-20-16-00-00", "latency": 25}, {"date": "2024-04-20-16-00-00", "latency": 25}, {"date": "2024-04-20-16-00-00", "latency": 25}, {"date": "2024-04-20-16-00-00", "latency": 25}, {"date": "2024-04-20-16-00-00", "latency": 25}, {"date": "2024-04-20-16-00-00", "latency": 25}, {"date": "2024-04-20-16-00-00", "latency": 25}]}, {"location": {"country_code": "us", "region": "New Jersey"}, "game_id": "135305", "values": [{"date": "2024-04-20-23-00-00", "latency": 90}, {"date": "2024-04-20-23-00-00", "latency": 90}, {"date": "2024-04-20-23-00-00", "latency": 90}]}, {"location": {"country_code": "mx"}, "game_id": "135305", "values": [{"date": "2024-04-20-08-00-00", "latency": 57}, {"date": "2024-04-20-08-00-00", "latency": 57}, {"date": "2024-04-20-09-00-00", "latency": 72}, {"date": "2024-04-20-09-00-00", "latency": 72}, {"date": "2024-04-20-09-00-00", "latency": 72}, {"date": "2024-04-20-09-00-00", "latency": 72}, {"date": "2024-04-20-23-00-00", "latency": 193}, {"date": "2024-04-20-23-00-00", "latency": 193}, {"date": "2024-04-20-06-00-00", "latency": 57}, {"date": "2024-04-20-06-00-00", "latency": 57}, {"date": "2024-04-20-09-00-00", "latency": 115}, {"date": "2024-04-20-09-00-00", "latency": 115}, {"date": "2024-04-20-09-00-00", "latency": 115}, {"date": "2024-04-20-09-00-00", "latency": 115}, {"date": "2024-04-20-09-00-00", "latency": 115}, {"date": "2024-04-20-09-00-00", "latency": 115}, {"date": "2024-04-20-09-00-00", "latency": 115}, {"date": "2024-04-20-05-00-00", "latency": 77}, {"date": "2024-04-20-05-00-00", "latency": 77}, {"date": "2024-04-20-05-00-00", "latency": 77}, {"date": "2024-04-20-05-00-00", "latency": 77}, {"date": "2024-04-20-05-00-00", "latency": 77}, {"date": "2024-04-20-05-00-00", "latency": 77}, {"date": "2024-04-20-05-00-00", "latency": 77}, {"date": "2024-04-20-06-00-00", "latency": 88}, {"date": "2024-04-20-06-00-00", "latency": 88}, {"date": "2024-04-20-06-00-00", "latency": 88}, {"date": "2024-04-20-06-00-00", "latency": 88}, {"date": "2024-04-20-06-00-00", "latency": 88}, {"date": "2024-04-20-06-00-00", "latency": 88}, {"date": "2024-04-20-06-00-00", "latency": 88}, {"date": "2024-04-20-06-00-00", "latency": 88}, {"date": "2024-04-20-06-00-00", "latency": 88}, {"date": "2024-04-20-06-00-00", "latency": 88}, {"date": "2024-04-20-06-00-00", "latency": 88}, {"date": "2024-04-20-06-00-00", "latency": 88}, {"date": "2024-04-20-06-00-00", "latency": 88}, {"date": "2024-04-20-06-00-00", "latency": 88}, {"date": "2024-04-20-06-00-00", "latency": 88}, {"date": "2024-04-20-06-00-00", "latency": 88}, {"date": "2024-04-20-06-00-00", "latency": 88}, {"date": "2024-04-20-06-00-00", "latency": 88}, {"date": "2024-04-21-01-00-00", "latency": 89}, {"date": "2024-04-21-01-00-00", "latency": 89}, {"date": "2024-04-21-01-00-00", "latency": 89}, {"date": "2024-04-21-01-00-00", "latency": 89}, {"date": "2024-04-20-04-00-00", "latency": 113}]}, {"location": {"country_code": "in"}, "game_id": "135305", "values": [{"date": "2024-04-20-13-00-00", "latency": 146}, {"date": "2024-04-20-13-00-00", "latency": 146}, {"date": "2024-04-20-13-00-00", "latency": 146}, {"date": "2024-04-20-13-00-00", "latency": 146}, {"date": "2024-04-20-13-00-00", "latency": 146}, {"date": "2024-04-20-22-00-00", "latency": 27}, {"date": "2024-04-20-22-00-00", "latency": 27}, {"date": "2024-04-20-22-00-00", "latency": 27}, {"date": "2024-04-20-22-00-00", "latency": 27}, {"date": "2024-04-20-22-00-00", "latency": 27}, {"date": "2024-04-20-22-00-00", "latency": 27}, {"date": "2024-04-20-22-00-00", "latency": 27}, {"date": "2024-04-20-22-00-00", "latency": 27}, {"date": "2024-04-20-22-00-00", "latency": 27}, {"date": "2024-04-20-22-00-00", "latency": 27}, {"date": "2024-04-20-22-00-00", "latency": 27}, {"date": "2024-04-20-22-00-00", "latency": 27}, {"date": "2024-04-20-22-00-00", "latency": 27}, {"date": "2024-04-20-22-00-00", "latency": 27}, {"date": "2024-04-20-22-00-00", "latency": 27}, {"date": "2024-04-20-22-00-00", "latency": 27}, {"date": "2024-04-20-22-00-00", "latency": 27}, {"date": "2024-04-20-22-00-00", "latency": 27}, {"date": "2024-04-20-22-00-00", "latency": 27}, {"date": "2024-04-20-22-00-00", "latency": 27}, {"date": "2024-04-20-22-00-00", "latency": 27}, {"date": "2024-04-20-22-00-00", "latency": 27}, {"date": "2024-04-20-22-00-00", "latency": 27}, {"date": "2024-04-20-22-00-00", "latency": 27}, {"date": "2024-04-20-22-00-00", "latency": 27}, {"date": "2024-04-20-22-00-00", "latency": 27}, {"date": "2024-04-20-22-00-00", "latency": 27}, {"date": "2024-04-20-22-00-00", "latency": 27}, {"date": "2024-04-20-22-00-00", "latency": 27}, {"date": "2024-04-20-22-00-00", "latency": 27}, {"date": "2024-04-20-22-00-00", "latency": 27}, {"date": "2024-04-20-22-00-00", "latency": 27}, {"date": "2024-04-20-22-00-00", "latency": 27}, {"date": "2024-04-20-22-00-00", "latency": 27}, {"date": "2024-04-20-22-00-00", "latency": 27}, {"date": "2024-04-20-22-00-00", "latency": 27}, {"date": "2024-04-20-22-00-00", "latency": 27}, {"date": "2024-04-20-22-00-00", "latency": 27}, {"date": "2024-04-20-22-00-00", "latency": 27}, {"date": "2024-04-20-22-00-00", "latency": 27}, {"date": "2024-04-20-22-00-00", "latency": 27}, {"date": "2024-04-20-22-00-00", "latency": 27}, {"date": "2024-04-20-22-00-00", "latency": 27}, {"date": "2024-04-20-22-00-00", "latency": 27}, {"date": "2024-04-20-22-00-00", "latency": 27}, {"date": "2024-04-20-22-00-00", "latency": 27}, {"date": "2024-04-20-22-00-00", "latency": 27}, {"date": "2024-04-20-22-00-00", "latency": 27}]}, {"location": {"country_code": "us", "region": "California"}, "game_id": "135305", "values": [{"date": "2024-04-20-18-00-00", "latency": 72}, {"date": "2024-04-20-05-00-00", "latency": 91}, {"date": "2024-04-20-09-00-00", "latency": 67}, {"date": "2024-04-20-09-00-00", "latency": 67}, {"date": "2024-04-20-09-00-00", "latency": 67}, {"date": "2024-04-20-09-00-00", "latency": 67}, {"date": "2024-04-20-09-00-00", "latency": 67}, {"date": "2024-04-20-09-00-00", "latency": 67}, {"date": "2024-04-20-09-00-00", "latency": 67}, {"date": "2024-04-20-09-00-00", "latency": 67}, {"date": "2024-04-20-09-00-00", "latency": 67}, {"date": "2024-04-20-09-00-00", "latency": 67}, {"date": "2024-04-20-09-00-00", "latency": 67}, {"date": "2024-04-20-07-00-00", "latency": 69}, {"date": "2024-04-20-07-00-00", "latency": 69}, {"date": "2024-04-20-07-00-00", "latency": 69}, {"date": "2024-04-20-10-00-00", "latency": 130}, {"date": "2024-04-20-10-00-00", "latency": 130}, {"date": "2024-04-20-10-00-00", "latency": 130}, {"date": "2024-04-20-10-00-00", "latency": 130}, {"date": "2024-04-20-10-00-00", "latency": 130}, {"date": "2024-04-20-10-00-00", "latency": 130}, {"date": "2024-04-20-10-00-00", "latency": 130}, {"date": "2024-04-20-10-00-00", "latency": 130}, {"date": "2024-04-20-10-00-00", "latency": 130}, {"date": "2024-04-20-10-00-00", "latency": 130}, {"date": "2024-04-20-10-00-00", "latency": 130}, {"date": "2024-04-20-10-00-00", "latency": 130}, {"date": "2024-04-20-10-00-00", "latency": 130}, {"date": "2024-04-20-10-00-00", "latency": 130}, {"date": "2024-04-20-10-00-00", "latency": 130}, {"date": "2024-04-20-10-00-00", "latency": 130}, {"date": "2024-04-20-10-00-00", "latency": 130}]}, {"location": {"country_code": "rs"}, "game_id": "135305", "values": [{"date": "2024-04-20-14-00-00", "latency": 41}, {"date": "2024-04-20-14-00-00", "latency": 41}, {"date": "2024-04-20-14-00-00", "latency": 41}, {"date": "2024-04-20-14-00-00", "latency": 41}, {"date": "2024-04-20-14-00-00", "latency": 41}, {"date": "2024-04-20-14-00-00", "latency": 41}]}, {"location": {"country_code": "br"}, "game_id": "135305", "values": [{"date": "2024-04-21-01-00-00", "latency": 163}, {"date": "2024-04-21-01-00-00", "latency": 163}, {"date": "2024-04-21-01-00-00", "latency": 163}, {"date": "2024-04-21-01-00-00", "latency": 163}, {"date": "2024-04-21-01-00-00", "latency": 163}, {"date": "2024-04-21-01-00-00", "latency": 163}, {"date": "2024-04-21-01-00-00", "latency": 163}, {"date": "2024-04-21-01-00-00", "latency": 163}, {"date": "2024-04-21-01-00-00", "latency": 163}, {"date": "2024-04-21-01-00-00", "latency": 163}, {"date": "2024-04-20-18-00-00", "latency": 153}, {"date": "2024-04-21-01-00-00", "latency": 154}, {"date": "2024-04-21-01-00-00", "latency": 154}, {"date": "2024-04-21-01-00-00", "latency": 154}, {"date": "2024-04-21-01-00-00", "latency": 154}, {"date": "2024-04-21-01-00-00", "latency": 154}, {"date": "2024-04-21-01-00-00", "latency": 154}, {"date": "2024-04-21-01-00-00", "latency": 154}, {"date": "2024-04-21-01-00-00", "latency": 154}, {"date": "2024-04-21-01-00-00", "latency": 154}, {"date": "2024-04-21-01-00-00", "latency": 154}, {"date": "2024-04-21-01-00-00", "latency": 154}, {"date": "2024-04-20-04-00-00", "latency": 127}, {"date": "2024-04-20-04-00-00", "latency": 127}, {"date": "2024-04-20-04-00-00", "latency": 127}, {"date": "2024-04-20-04-00-00", "latency": 127}, {"date": "2024-04-20-04-00-00", "latency": 127}, {"date": "2024-04-20-04-00-00", "latency": 127}, {"date": "2024-04-20-04-00-00", "latency": 127}, {"date": "2024-04-20-04-00-00", "latency": 127}, {"date": "2024-04-20-04-00-00", "latency": 127}, {"date": "2024-04-20-04-00-00", "latency": 127}, {"date": "2024-04-21-02-00-00", "latency": 123}, {"date": "2024-04-21-02-00-00", "latency": 123}, {"date": "2024-04-21-02-00-00", "latency": 123}, {"date": "2024-04-21-02-00-00", "latency": 123}, {"date": "2024-04-21-02-00-00", "latency": 123}, {"date": "2024-04-21-02-00-00", "latency": 123}, {"date": "2024-04-21-02-00-00", "latency": 123}, {"date": "2024-04-21-01-00-00", "latency": 134}, {"date": "2024-04-21-01-00-00", "latency": 134}, {"date": "2024-04-21-01-00-00", "latency": 134}, {"date": "2024-04-21-01-00-00", "latency": 134}, {"date": "2024-04-21-01-00-00", "latency": 134}, {"date": "2024-04-21-01-00-00", "latency": 134}, {"date": "2024-04-21-01-00-00", "latency": 134}, {"date": "2024-04-21-01-00-00", "latency": 134}, {"date": "2024-04-21-01-00-00", "latency": 134}, {"date": "2024-04-21-01-00-00", "latency": 134}, {"date": "2024-04-21-01-00-00", "latency": 134}, {"date": "2024-04-21-01-00-00", "latency": 134}, {"date": "2024-04-21-01-00-00", "latency": 134}, {"date": "2024-04-21-01-00-00", "latency": 134}, {"date": "2024-04-21-01-00-00", "latency": 134}, {"date": "2024-04-21-01-00-00", "latency": 134}, {"date": "2024-04-20-04-00-00", "latency": 87}, {"date": "2024-04-20-04-00-00", "latency": 87}, {"date": "2024-04-21-01-00-00", "latency": 130}, {"date": "2024-04-21-01-00-00", "latency": 130}, {"date": "2024-04-21-01-00-00", "latency": 130}, {"date": "2024-04-21-01-00-00", "latency": 130}, {"date": "2024-04-20-03-00-00", "latency": 129}]}, {"location": {"country_code": "br", "region": "Estado de Bahia", "city": "Malhada"}, "game_id": "135305", "values": [{"date": "2024-04-20-20-00-00", "latency": 143}, {"date": "2024-04-20-20-00-00", "latency": 143}]}, {"location": {"country_code": "br", "region": "Sao Paulo", "city": "Apiai"}, "game_id": "135305", "values": [{"date": "2024-04-20-15-00-00", "latency": 134}]}, {"location": {"country_code": "se"}, "game_id": "135305", "values": [{"date": "2024-04-20-11-00-00", "latency": 293}, {"date": "2024-04-20-11-00-00", "latency": 293}, {"date": "2024-04-20-11-00-00", "latency": 293}, {"date": "2024-04-20-11-00-00", "latency": 293}, {"date": "2024-04-20-11-00-00", "latency": 293}, {"date": "2024-04-20-11-00-00", "latency": 293}, {"date": "2024-04-20-11-00-00", "latency": 293}, {"date": "2024-04-20-11-00-00", "latency": 293}, {"date": "2024-04-20-11-00-00", "latency": 293}, {"date": "2024-04-20-11-00-00", "latency": 293}, {"date": "2024-04-20-22-00-00", "latency": 30}, {"date": "2024-04-20-22-00-00", "latency": 30}]}, {"location": {"country_code": "se", "region": "Jonkoping County", "city": "Jonkoping"}, "game_id": "135305", "values": [{"date": "2024-04-20-03-00-00", "latency": 113}, {"date": "2024-04-20-03-00-00", "latency": 113}, {"date": "2024-04-20-03-00-00", "latency": 113}, {"date": "2024-04-20-03-00-00", "latency": 113}]}, {"location": {"country_code": "us", "region": "California", "city": "East Los Angeles"}, "game_id": "135305", "values": [{"date": "2024-04-20-09-00-00", "latency": 76}, {"date": "2024-04-20-09-00-00", "latency": 76}, {"date": "2024-04-20-09-00-00", "latency": 76}, {"date": "2024-04-20-09-00-00", "latency": 76}, {"date": "2024-04-20-09-00-00", "latency": 76}, {"date": "2024-04-20-09-00-00", "latency": 76}, {"date": "2024-04-20-09-00-00", "latency": 76}, {"date": "2024-04-20-06-00-00", "latency": 93}, {"date": "2024-04-20-06-00-00", "latency": 93}]}, {"location": {"country_code": "ec"}, "game_id": "135305", "values": [{"date": "2024-04-20-06-00-00", "latency": 90}, {"date": "2024-04-20-06-00-00", "latency": 90}, {"date": "2024-04-20-06-00-00", "latency": 90}, {"date": "2024-04-20-06-00-00", "latency": 90}]}, {"location": {"country_code": "au"}, "game_id": "135305", "values": [{"date": "2024-04-20-15-00-00", "latency": 156}, {"date": "2024-04-20-15-00-00", "latency": 156}, {"date": "2024-04-20-15-00-00", "latency": 156}, {"date": "2024-04-20-15-00-00", "latency": 156}, {"date": "2024-04-20-15-00-00", "latency": 156}, {"date": "2024-04-20-15-00-00", "latency": 156}, {"date": "2024-04-20-12-00-00", "latency": 145}, {"date": "2024-04-20-21-00-00", "latency": 46}, {"date": "2024-04-20-12-00-00", "latency": 160}, {"date": "2024-04-20-12-00-00", "latency": 160}, {"date": "2024-04-20-12-00-00", "latency": 160}, {"date": "2024-04-20-12-00-00", "latency": 160}, {"date": "2024-04-20-12-00-00", "latency": 160}, {"date": "2024-04-20-10-00-00", "latency": 273}, {"date": "2024-04-20-10-00-00", "latency": 273}, {"date": "2024-04-20-10-00-00", "latency": 273}, {"date": "2024-04-20-10-00-00", "latency": 273}]}, {"location": {"country_code": "au", "region": "Victoria", "city": "Melbourne"}, "game_id": "135305", "values": [{"date": "2024-04-20-06-00-00", "latency": 263}, {"date": "2024-04-20-15-00-00", "latency": 136}, {"date": "2024-04-20-15-00-00", "latency": 136}, {"date": "2024-04-20-15-00-00", "latency": 136}, {"date": "2024-04-20-15-00-00", "latency": 136}, {"date": "2024-04-20-15-00-00", "latency": 136}, {"date": "2024-04-20-15-00-00", "latency": 136}, {"date": "2024-04-20-15-00-00", "latency": 136}, {"date": "2024-04-20-15-00-00", "latency": 136}, {"date": "2024-04-20-15-00-00", "latency": 136}]}, {"location": {"country_code": "td"}, "game_id": "135305", "values": [{"date": "2024-04-20-15-00-00", "latency": 50}]}, {"location": {"country_code": "es", "region": "Madrid", "city": "Parla"}, "game_id": "135305", "values": [{"date": "2024-04-20-22-00-00", "latency": 43}, {"date": "2024-04-20-22-00-00", "latency": 43}, {"date": "2024-04-20-22-00-00", "latency": 43}, {"date": "2024-04-20-22-00-00", "latency": 43}, {"date": "2024-04-20-22-00-00", "latency": 43}, {"date": "2024-04-20-22-00-00", "latency": 43}, {"date": "2024-04-20-22-00-00", "latency": 43}, {"date": "2024-04-20-22-00-00", "latency": 43}, {"date": "2024-04-20-22-00-00", "latency": 43}, {"date": "2024-04-20-22-00-00", "latency": 43}, {"date": "2024-04-20-22-00-00", "latency": 43}, {"date": "2024-04-20-22-00-00", "latency": 43}, {"date": "2024-04-20-22-00-00", "latency": 43}, {"date": "2024-04-20-22-00-00", "latency": 43}, {"date": "2024-04-20-22-00-00", "latency": 43}, {"date": "2024-04-20-22-00-00", "latency": 43}, {"date": "2024-04-20-22-00-00", "latency": 43}, {"date": "2024-04-20-22-00-00", "latency": 43}, {"date": "2024-04-20-22-00-00", "latency": 43}, {"date": "2024-04-20-22-00-00", "latency": 43}, {"date": "2024-04-20-22-00-00", "latency": 43}, {"date": "2024-04-20-22-00-00", "latency": 43}, {"date": "2024-04-20-22-00-00", "latency": 43}, {"date": "2024-04-20-22-00-00", "latency": 43}]}, {"location": {"country_code": "us", "region": "Iowa"}, "game_id": "135305", "values": [{"date": "2024-04-20-03-00-00", "latency": 33}, {"date": "2024-04-20-03-00-00", "latency": 33}, {"date": "2024-04-20-03-00-00", "latency": 33}, {"date": "2024-04-20-03-00-00", "latency": 33}, {"date": "2024-04-20-03-00-00", "latency": 33}]}, {"location": {"country_code": "ca", "region": "Ontario"}, "game_id": "135305", "values": [{"date": "2024-04-20-21-00-00", "latency": 90}, {"date": "2024-04-20-21-00-00", "latency": 90}, {"date": "2024-04-20-21-00-00", "latency": 90}, {"date": "2024-04-20-21-00-00", "latency": 90}, {"date": "2024-04-20-21-00-00", "latency": 90}, {"date": "2024-04-20-21-00-00", "latency": 90}, {"date": "2024-04-20-21-00-00", "latency": 90}, {"date": "2024-04-20-21-00-00", "latency": 90}, {"date": "2024-04-20-21-00-00", "latency": 90}, {"date": "2024-04-20-21-00-00", "latency": 90}, {"date": "2024-04-20-21-00-00", "latency": 90}, {"date": "2024-04-20-23-00-00", "latency": 27}]}, {"location": {"country_code": "kr"}, "game_id": "135305", "values": [{"date": "2024-04-20-08-00-00", "latency": 55}, {"date": "2024-04-20-08-00-00", "latency": 55}, {"date": "2024-04-20-08-00-00", "latency": 55}, {"date": "2024-04-20-08-00-00", "latency": 55}, {"date": "2024-04-20-08-00-00", "latency": 55}]}, {"location": {"country_code": "es"}, "game_id": "135305", "values": [{"date": "2024-04-20-21-00-00", "latency": 46}, {"date": "2024-04-20-21-00-00", "latency": 46}, {"date": "2024-04-20-21-00-00", "latency": 46}, {"date": "2024-04-20-21-00-00", "latency": 46}, {"date": "2024-04-20-21-00-00", "latency": 46}, {"date": "2024-04-20-17-00-00", "latency": 35}, {"date": "2024-04-20-17-00-00", "latency": 35}, {"date": "2024-04-20-17-00-00", "latency": 35}]}, {"location": {"country_code": "ar"}, "game_id": "135305", "values": [{"date": "2024-04-20-07-00-00", "latency": 155}, {"date": "2024-04-20-07-00-00", "latency": 155}, {"date": "2024-04-20-07-00-00", "latency": 155}, {"date": "2024-04-20-04-00-00", "latency": 169}, {"date": "2024-04-20-04-00-00", "latency": 169}, {"date": "2024-04-20-04-00-00", "latency": 169}, {"date": "2024-04-20-08-00-00", "latency": 12}]}, {"location": {"country_code": "vn"}, "game_id": "135305", "values": [{"date": "2024-04-20-15-00-00", "latency": 107}, {"date": "2024-04-20-15-00-00", "latency": 107}, {"date": "2024-04-20-15-00-00", "latency": 107}, {"date": "2024-04-20-15-00-00", "latency": 107}, {"date": "2024-04-20-15-00-00", "latency": 107}, {"date": "2024-04-20-15-00-00", "latency": 107}]}, {"location": {"country_code": "de", "region": "Saarland"}, "game_id": "135305", "values": [{"date": "2024-04-20-23-00-00", "latency": 13}]}, {"location": {"country_code": "ca", "region": "Alberta"}, "game_id": "135305", "values": [{"date": "2024-04-20-23-00-00", "latency": 82}]}, {"location": {"country_code": "us", "region": "Missouri"}, "game_id": "135305", "values": [{"date": "2024-04-20-07-00-00", "latency": 30}, {"date": "2024-04-20-07-00-00", "latency": 30}, {"date": "2024-04-20-07-00-00", "latency": 30}, {"date": "2024-04-20-07-00-00", "latency": 30}, {"date": "2024-04-20-07-00-00", "latency": 30}, {"date": "2024-04-20-07-00-00", "latency": 30}]}, {"location": {"country_code": "jp", "region": "Tokyo"}, "game_id": "135305", "values": [{"date": "2024-04-20-09-00-00", "latency": 141}, {"date": "2024-04-20-09-00-00", "latency": 141}, {"date": "2024-04-20-09-00-00", "latency": 141}, {"date": "2024-04-20-09-00-00", "latency": 141}, {"date": "2024-04-20-09-00-00", "latency": 141}, {"date": "2024-04-20-09-00-00", "latency": 141}, {"date": "2024-04-20-09-00-00", "latency": 141}, {"date": "2024-04-20-09-00-00", "latency": 141}, {"date": "2024-04-20-09-00-00", "latency": 141}, {"date": "2024-04-20-09-00-00", "latency": 141}, {"date": "2024-04-20-09-00-00", "latency": 141}, {"date": "2024-04-20-09-00-00", "latency": 141}, {"date": "2024-04-20-09-00-00", "latency": 141}, {"date": "2024-04-20-13-00-00", "latency": 343}, {"date": "2024-04-20-13-00-00", "latency": 343}, {"date": "2024-04-20-13-00-00", "latency": 343}, {"date": "2024-04-20-13-00-00", "latency": 343}, {"date": "2024-04-20-13-00-00", "latency": 343}, {"date": "2024-04-20-13-00-00", "latency": 343}]}, {"location": {"country_code": "us", "region": "Illinois", "city": "Chicago"}, "game_id": "135305", "values": [{"date": "2024-04-20-21-00-00", "latency": 115}, {"date": "2024-04-20-21-00-00", "latency": 115}, {"date": "2024-04-20-21-00-00", "latency": 115}, {"date": "2024-04-20-21-00-00", "latency": 115}, {"date": "2024-04-20-21-00-00", "latency": 115}, {"date": "2024-04-20-21-00-00", "latency": 115}, {"date": "2024-04-20-21-00-00", "latency": 115}, {"date": "2024-04-20-21-00-00", "latency": 115}, {"date": "2024-04-20-21-00-00", "latency": 115}, {"date": "2024-04-20-21-00-00", "latency": 115}, {"date": "2024-04-20-21-00-00", "latency": 115}, {"date": "2024-04-20-21-00-00", "latency": 115}, {"date": "2024-04-20-21-00-00", "latency": 115}, {"date": "2024-04-20-21-00-00", "latency": 115}, {"date": "2024-04-20-21-00-00", "latency": 115}]}, {"location": {"country_code": "pe", "region": "Lima region", "city": "Nuevo Lince"}, "game_id": "135305", "values": [{"date": "2024-04-20-07-00-00", "latency": 102}, {"date": "2024-04-20-07-00-00", "latency": 102}, {"date": "2024-04-20-07-00-00", "latency": 102}, {"date": "2024-04-20-07-00-00", "latency": 102}, {"date": "2024-04-20-07-00-00", "latency": 102}]}, {"location": {"country_code": "co"}, "game_id": "135305", "values": [{"date": "2024-04-21-02-00-00", "latency": 187}, {"date": "2024-04-21-02-00-00", "latency": 187}, {"date": "2024-04-21-02-00-00", "latency": 187}, {"date": "2024-04-21-02-00-00", "latency": 187}, {"date": "2024-04-21-02-00-00", "latency": 187}, {"date": "2024-04-20-07-00-00", "latency": 83}, {"date": "2024-04-20-07-00-00", "latency": 83}]}, {"location": {"country_code": "es", "region": "Catalonia", "city": "l'Hospitalet de Llobregat"}, "game_id": "135305", "values": [{"date": "2024-04-21-00-00-00", "latency": 41}, {"date": "2024-04-21-00-00-00", "latency": 41}, {"date": "2024-04-21-00-00-00", "latency": 41}, {"date": "2024-04-21-00-00-00", "latency": 41}]}, {"location": {"country_code": "pl"}, "game_id": "135305", "values": [{"date": "2024-04-20-16-00-00", "latency": 30}, {"date": "2024-04-20-16-00-00", "latency": 30}, {"date": "2024-04-20-16-00-00", "latency": 30}, {"date": "2024-04-20-16-00-00", "latency": 30}, {"date": "2024-04-20-22-00-00", "latency": 43}, {"date": "2024-04-20-22-00-00", "latency": 43}, {"date": "2024-04-20-22-00-00", "latency": 43}, {"date": "2024-04-20-22-00-00", "latency": 43}]}, {"location": {"country_code": "be"}, "game_id": "135305", "values": [{"date": "2024-04-21-02-00-00", "latency": 38}, {"date": "2024-04-21-02-00-00", "latency": 38}, {"date": "2024-04-21-02-00-00", "latency": 38}, {"date": "2024-04-21-02-00-00", "latency": 38}, {"date": "2024-04-21-02-00-00", "latency": 38}, {"date": "2024-04-21-02-00-00", "latency": 38}, {"date": "2024-04-21-02-00-00", "latency": 38}, {"date": "2024-04-21-02-00-00", "latency": 38}, {"date": "2024-04-21-02-00-00", "latency": 38}, {"date": "2024-04-21-02-00-00", "latency": 38}, {"date": "2024-04-21-02-00-00", "latency": 38}]}, {"location": {"country_code": "gb", "region": "England", "city": "London"}, "game_id": "135305", "values": [{"date": "2024-04-20-21-00-00", "latency": 247}, {"date": "2024-04-20-21-00-00", "latency": 247}, {"date": "2024-04-20-21-00-00", "latency": 247}, {"date": "2024-04-20-21-00-00", "latency": 247}, {"date": "2024-04-20-21-00-00", "latency": 247}, {"date": "2024-04-20-21-00-00", "latency": 247}, {"date": "2024-04-20-21-00-00", "latency": 247}, {"date": "2024-04-20-21-00-00", "latency": 247}, {"date": "2024-04-20-21-00-00", "latency": 247}, {"date": "2024-04-20-21-00-00", "latency": 247}, {"date": "2024-04-20-21-00-00", "latency": 247}, {"date": "2024-04-20-21-00-00", "latency": 247}, {"date": "2024-04-20-21-00-00", "latency": 247}, {"date": "2024-04-20-21-00-00", "latency": 247}, {"date": "2024-04-20-21-00-00", "latency": 247}, {"date": "2024-04-20-21-00-00", "latency": 247}, {"date": "2024-04-20-21-00-00", "latency": 247}]}, {"location": {"country_code": "pe"}, "game_id": "135305", "values": [{"date": "2024-04-20-03-00-00", "latency": 112}, {"date": "2024-04-20-03-00-00", "latency": 112}, {"date": "2024-04-20-07-00-00", "latency": 96}, {"date": "2024-04-20-07-00-00", "latency": 96}, {"date": "2024-04-20-07-00-00", "latency": 96}, {"date": "2024-04-20-07-00-00", "latency": 96}, {"date": "2024-04-20-07-00-00", "latency": 96}, {"date": "2024-04-20-07-00-00", "latency": 96}, {"date": "2024-04-20-07-00-00", "latency": 96}, {"date": "2024-04-21-01-00-00", "latency": 108}, {"date": "2024-04-21-01-00-00", "latency": 108}, {"date": "2024-04-21-01-00-00", "latency": 108}, {"date": "2024-04-21-01-00-00", "latency": 108}, {"date": "2024-04-20-05-00-00", "latency": 93}, {"date": "2024-04-20-05-00-00", "latency": 93}, {"date": "2024-04-20-05-00-00", "latency": 93}, {"date": "2024-04-20-05-00-00", "latency": 93}, {"date": "2024-04-20-05-00-00", "latency": 93}, {"date": "2024-04-20-05-00-00", "latency": 93}, {"date": "2024-04-20-05-00-00", "latency": 93}, {"date": "2024-04-20-05-00-00", "latency": 93}, {"date": "2024-04-20-05-00-00", "latency": 93}, {"date": "2024-04-20-05-00-00", "latency": 93}, {"date": "2024-04-20-05-00-00", "latency": 93}, {"date": "2024-04-20-05-00-00", "latency": 93}, {"date": "2024-04-20-05-00-00", "latency": 93}, {"date": "2024-04-20-08-00-00", "latency": 248}, {"date": "2024-04-20-08-00-00", "latency": 248}, {"date": "2024-04-20-08-00-00", "latency": 248}, {"date": "2024-04-20-08-00-00", "latency": 248}, {"date": "2024-04-20-08-00-00", "latency": 248}, {"date": "2024-04-20-08-00-00", "latency": 248}, {"date": "2024-04-21-02-00-00", "latency": 92}, {"date": "2024-04-21-02-00-00", "latency": 92}, {"date": "2024-04-21-02-00-00", "latency": 92}, {"date": "2024-04-21-02-00-00", "latency": 92}, {"date": "2024-04-21-02-00-00", "latency": 92}, {"date": "2024-04-21-02-00-00", "latency": 92}, {"date": "2024-04-21-02-00-00", "latency": 92}, {"date": "2024-04-21-02-00-00", "latency": 92}, {"date": "2024-04-20-06-00-00", "latency": 99}, {"date": "2024-04-20-06-00-00", "latency": 99}, {"date": "2024-04-20-06-00-00", "latency": 99}, {"date": "2024-04-20-06-00-00", "latency": 99}, {"date": "2024-04-20-06-00-00", "latency": 99}, {"date": "2024-04-20-06-00-00", "latency": 99}, {"date": "2024-04-20-06-00-00", "latency": 99}, {"date": "2024-04-20-06-00-00", "latency": 99}, {"date": "2024-04-20-06-00-00", "latency": 99}, {"date": "2024-04-20-06-00-00", "latency": 99}, {"date": "2024-04-20-06-00-00", "latency": 99}, {"date": "2024-04-20-06-00-00", "latency": 99}, {"date": "2024-04-20-06-00-00", "latency": 99}, {"date": "2024-04-20-06-00-00", "latency": 99}, {"date": "2024-04-20-06-00-00", "latency": 99}, {"date": "2024-04-20-06-00-00", "latency": 99}, {"date": "2024-04-20-06-00-00", "latency": 99}, {"date": "2024-04-20-06-00-00", "latency": 99}, {"date": "2024-04-20-06-00-00", "latency": 99}, {"date": "2024-04-20-06-00-00", "latency": 99}, {"date": "2024-04-20-06-00-00", "latency": 99}, {"date": "2024-04-20-06-00-00", "latency": 99}, {"date": "2024-04-20-06-00-00", "latency": 99}, {"date": "2024-04-20-06-00-00", "latency": 99}, {"date": "2024-04-21-02-00-00", "latency": 87}, {"date": "2024-04-21-02-00-00", "latency": 87}, {"date": "2024-04-21-02-00-00", "latency": 87}, {"date": "2024-04-21-02-00-00", "latency": 87}]}, {"location": {"country_code": "kr", "region": "Seoul"}, "game_id": "135305", "values": [{"date": "2024-04-20-08-00-00", "latency": 39}, {"date": "2024-04-20-08-00-00", "latency": 39}, {"date": "2024-04-20-08-00-00", "latency": 39}]}, {"location": {"country_code": "sg"}, "game_id": "135305", "values": [{"date": "2024-04-20-23-00-00", "latency": 88}, {"date": "2024-04-20-23-00-00", "latency": 88}, {"date": "2024-04-20-23-00-00", "latency": 88}, {"date": "2024-04-20-23-00-00", "latency": 88}, {"date": "2024-04-20-23-00-00", "latency": 88}, {"date": "2024-04-20-23-00-00", "latency": 88}, {"date": "2024-04-20-06-00-00", "latency": 77}, {"date": "2024-04-20-06-00-00", "latency": 77}, {"date": "2024-04-20-06-00-00", "latency": 77}, {"date": "2024-04-20-06-00-00", "latency": 77}, {"date": "2024-04-20-06-00-00", "latency": 77}, {"date": "2024-04-20-06-00-00", "latency": 77}, {"date": "2024-04-20-06-00-00", "latency": 77}, {"date": "2024-04-20-06-00-00", "latency": 77}, {"date": "2024-04-20-06-00-00", "latency": 77}, {"date": "2024-04-20-06-00-00", "latency": 77}, {"date": "2024-04-20-06-00-00", "latency": 77}, {"date": "2024-04-20-06-00-00", "latency": 77}, {"date": "2024-04-20-06-00-00", "latency": 77}, {"date": "2024-04-20-06-00-00", "latency": 77}, {"date": "2024-04-20-06-00-00", "latency": 77}, {"date": "2024-04-20-06-00-00", "latency": 77}, {"date": "2024-04-20-06-00-00", "latency": 77}, {"date": "2024-04-20-14-00-00", "latency": 77}, {"date": "2024-04-20-14-00-00", "latency": 77}, {"date": "2024-04-20-14-00-00", "latency": 77}, {"date": "2024-04-20-14-00-00", "latency": 77}, {"date": "2024-04-20-14-00-00", "latency": 77}, {"date": "2024-04-20-14-00-00", "latency": 77}, {"date": "2024-04-20-14-00-00", "latency": 77}, {"date": "2024-04-20-14-00-00", "latency": 77}, {"date": "2024-04-20-14-00-00", "latency": 77}, {"date": "2024-04-20-14-00-00", "latency": 77}, {"date": "2024-04-20-18-00-00", "latency": 79}, {"date": "2024-04-20-18-00-00", "latency": 79}, {"date": "2024-04-20-18-00-00", "latency": 79}, {"date": "2024-04-20-18-00-00", "latency": 79}]}, {"location": {"country_code": "fr", "region": "Occitanie", "city": "Toulouse"}, "game_id": "135305", "values": [{"date": "2024-04-21-00-00-00", "latency": 130}, {"date": "2024-04-21-00-00-00", "latency": 130}, {"date": "2024-04-21-00-00-00", "latency": 130}, {"date": "2024-04-21-00-00-00", "latency": 130}, {"date": "2024-04-21-00-00-00", "latency": 130}, {"date": "2024-04-21-00-00-00", "latency": 130}, {"date": "2024-04-21-00-00-00", "latency": 130}]}, {"location": {"country_code": "ru"}, "game_id": "135305", "values": [{"date": "2024-04-20-10-00-00", "latency": 42}, {"date": "2024-04-20-10-00-00", "latency": 42}, {"date": "2024-04-20-10-00-00", "latency": 42}, {"date": "2024-04-20-10-00-00", "latency": 42}, {"date": "2024-04-20-10-00-00", "latency": 42}, {"date": "2024-04-20-10-00-00", "latency": 42}, {"date": "2024-04-20-10-00-00", "latency": 42}, {"date": "2024-04-20-10-00-00", "latency": 42}, {"date": "2024-04-20-10-00-00", "latency": 42}, {"date": "2024-04-20-10-00-00", "latency": 42}]}, {"location": {"country_code": "br", "region": "Sergipe", "city": "Aracaju"}, "game_id": "135305", "values": [{"date": "2024-04-20-21-00-00", "latency": 1}]}, {"location": {"country_code": "py"}, "game_id": "135305", "values": [{"date": "2024-04-20-03-00-00", "latency": 202}, {"date": "2024-04-20-03-00-00", "latency": 202}, {"date": "2024-04-20-03-00-00", "latency": 202}, {"date": "2024-04-20-03-00-00", "latency": 202}, {"date": "2024-04-20-03-00-00", "latency": 202}, {"date": "2024-04-20-03-00-00", "latency": 202}, {"date": "2024-04-20-03-00-00", "latency": 202}, {"date": "2024-04-20-03-00-00", "latency": 202}, {"date": "2024-04-20-03-00-00", "latency": 202}, {"date": "2024-04-20-03-00-00", "latency": 202}, {"date": "2024-04-20-03-00-00", "latency": 202}, {"date": "2024-04-20-03-00-00", "latency": 202}, {"date": "2024-04-20-03-00-00", "latency": 202}, {"date": "2024-04-20-03-00-00", "latency": 202}, {"date": "2024-04-20-03-00-00", "latency": 202}, {"date": "2024-04-20-03-00-00", "latency": 202}, {"date": "2024-04-20-03-00-00", "latency": 202}, {"date": "2024-04-20-03-00-00", "latency": 202}]}, {"location": {"country_code": "id"}, "game_id": "135305", "values": [{"date": "2024-04-20-18-00-00", "latency": 129}, {"date": "2024-04-20-17-00-00", "latency": 304}, {"date": "2024-04-20-17-00-00", "latency": 304}, {"date": "2024-04-20-17-00-00", "latency": 304}, {"date": "2024-04-20-17-00-00", "latency": 304}, {"date": "2024-04-20-17-00-00", "latency": 304}, {"date": "2024-04-20-17-00-00", "latency": 304}, {"date": "2024-04-20-17-00-00", "latency": 304}, {"date": "2024-04-20-17-00-00", "latency": 304}, {"date": "2024-04-20-17-00-00", "latency": 304}, {"date": "2024-04-20-17-00-00", "latency": 304}, {"date": "2024-04-20-17-00-00", "latency": 304}, {"date": "2024-04-20-17-00-00", "latency": 304}, {"date": "2024-04-20-17-00-00", "latency": 304}, {"date": "2024-04-20-17-00-00", "latency": 304}, {"date": "2024-04-20-17-00-00", "latency": 304}, {"date": "2024-04-20-17-00-00", "latency": 304}, {"date": "2024-04-20-17-00-00", "latency": 304}, {"date": "2024-04-20-17-00-00", "latency": 304}, {"date": "2024-04-20-17-00-00", "latency": 304}, {"date": "2024-04-20-11-00-00", "latency": 139}, {"date": "2024-04-20-11-00-00", "latency": 139}, {"date": "2024-04-20-11-00-00", "latency": 139}, {"date": "2024-04-20-15-00-00", "latency": 125}, {"date": "2024-04-20-15-00-00", "latency": 125}, {"date": "2024-04-20-16-00-00", "latency": 129}, {"date": "2024-04-20-16-00-00", "latency": 129}, {"date": "2024-04-20-16-00-00", "latency": 129}]}, {"location": {"country_code": "mx", "region": "Nuevo Leon", "city": "Monterrey"}, "game_id": "135305", "values": [{"date": "2024-04-20-06-00-00", "latency": 96}, {"date": "2024-04-20-06-00-00", "latency": 96}, {"date": "2024-04-20-06-00-00", "latency": 96}, {"date": "2024-04-20-06-00-00", "latency": 96}, {"date": "2024-04-20-06-00-00", "latency": 96}, {"date": "2024-04-20-06-00-00", "latency": 96}, {"date": "2024-04-20-06-00-00", "latency": 96}, {"date": "2024-04-20-06-00-00", "latency": 96}, {"date": "2024-04-20-06-00-00", "latency": 96}]}, {"location": {"country_code": "sk"}, "game_id": "135305", "values": [{"date": "2024-04-20-20-00-00", "latency": 45}, {"date": "2024-04-20-20-00-00", "latency": 45}, {"date": "2024-04-20-20-00-00", "latency": 45}, {"date": "2024-04-20-20-00-00", "latency": 45}, {"date": "2024-04-20-20-00-00", "latency": 45}, {"date": "2024-04-20-20-00-00", "latency": 45}, {"date": "2024-04-20-20-00-00", "latency": 45}, {"date": "2024-04-20-20-00-00", "latency": 45}, {"date": "2024-04-20-20-00-00", "latency": 45}, {"date": "2024-04-20-20-00-00", "latency": 45}, {"date": "2024-04-20-20-00-00", "latency": 45}, {"date": "2024-04-20-20-00-00", "latency": 45}, {"date": "2024-04-20-20-00-00", "latency": 45}, {"date": "2024-04-20-20-00-00", "latency": 45}, {"date": "2024-04-20-20-00-00", "latency": 45}, {"date": "2024-04-20-20-00-00", "latency": 45}, {"date": "2024-04-20-20-00-00", "latency": 45}, {"date": "2024-04-20-20-00-00", "latency": 45}, {"date": "2024-04-20-20-00-00", "latency": 45}, {"date": "2024-04-20-20-00-00", "latency": 45}, {"date": "2024-04-20-20-00-00", "latency": 45}, {"date": "2024-04-20-20-00-00", "latency": 45}, {"date": "2024-04-20-20-00-00", "latency": 45}]}, {"location": {"country_code": "pt"}, "game_id": "135305", "values": [{"date": "2024-04-20-17-00-00", "latency": 69}, {"date": "2024-04-20-17-00-00", "latency": 69}, {"date": "2024-04-20-17-00-00", "latency": 69}, {"date": "2024-04-20-17-00-00", "latency": 69}, {"date": "2024-04-20-17-00-00", "latency": 69}, {"date": "2024-04-20-17-00-00", "latency": 69}, {"date": "2024-04-20-17-00-00", "latency": 69}, {"date": "2024-04-20-17-00-00", "latency": 69}, {"date": "2024-04-20-17-00-00", "latency": 69}, {"date": "2024-04-20-17-00-00", "latency": 69}, {"date": "2024-04-20-17-00-00", "latency": 69}, {"date": "2024-04-20-17-00-00", "latency": 69}, {"date": "2024-04-20-17-00-00", "latency": 69}, {"date": "2024-04-20-17-00-00", "latency": 69}, {"date": "2024-04-20-20-00-00", "latency": 112}, {"date": "2024-04-20-20-00-00", "latency": 112}, {"date": "2024-04-20-20-00-00", "latency": 112}, {"date": "2024-04-20-20-00-00", "latency": 112}, {"date": "2024-04-20-20-00-00", "latency": 112}, {"date": "2024-04-20-20-00-00", "latency": 112}, {"date": "2024-04-20-20-00-00", "latency": 112}, {"date": "2024-04-20-20-00-00", "latency": 112}, {"date": "2024-04-20-20-00-00", "latency": 112}, {"date": "2024-04-20-20-00-00", "latency": 112}, {"date": "2024-04-20-20-00-00", "latency": 112}, {"date": "2024-04-20-20-00-00", "latency": 112}, {"date": "2024-04-20-20-00-00", "latency": 112}, {"date": "2024-04-20-20-00-00", "latency": 112}, {"date": "2024-04-20-20-00-00", "latency": 112}, {"date": "2024-04-20-20-00-00", "latency": 112}, {"date": "2024-04-20-20-00-00", "latency": 112}, {"date": "2024-04-20-20-00-00", "latency": 112}, {"date": "2024-04-20-20-00-00", "latency": 112}, {"date": "2024-04-20-20-00-00", "latency": 112}]}, {"location": {"country_code": "br", "region": "State of Rio de Janeiro", "city": "Angra dos Reis"}, "game_id": "135305", "values": [{"date": "2024-04-20-04-00-00", "latency": 128}, {"date": "2024-04-20-04-00-00", "latency": 128}, {"date": "2024-04-20-04-00-00", "latency": 128}, {"date": "2024-04-20-04-00-00", "latency": 128}]}, {"location": {"country_code": "br", "region": "State of Rio de Janeiro"}, "game_id": "135305", "values": [{"date": "2024-04-20-02-00-00", "latency": 124}, {"date": "2024-04-20-02-00-00", "latency": 124}]}, {"location": {"country_code": "fr", "region": "Ile-de-France Region"}, "game_id": "135305", "values": [{"date": "2024-04-20-21-00-00", "latency": 15}, {"date": "2024-04-20-21-00-00", "latency": 15}, {"date": "2024-04-20-21-00-00", "latency": 15}, {"date": "2024-04-20-21-00-00", "latency": 15}, {"date": "2024-04-20-21-00-00", "latency": 15}, {"date": "2024-04-20-21-00-00", "latency": 15}, {"date": "2024-04-20-21-00-00", "latency": 15}, {"date": "2024-04-20-21-00-00", "latency": 15}, {"date": "2024-04-20-21-00-00", "latency": 15}, {"date": "2024-04-20-21-00-00", "latency": 15}, {"date": "2024-04-20-21-00-00", "latency": 15}, {"date": "2024-04-20-21-00-00", "latency": 15}, {"date": "2024-04-20-21-00-00", "latency": 15}, {"date": "2024-04-20-21-00-00", "latency": 15}, {"date": "2024-04-20-21-00-00", "latency": 15}]}, {"location": {"country_code": "uy"}, "game_id": "135305", "values": [{"date": "2024-04-20-21-00-00", "latency": 140}, {"date": "2024-04-20-21-00-00", "latency": 140}, {"date": "2024-04-20-21-00-00", "latency": 140}, {"date": "2024-04-20-21-00-00", "latency": 140}, {"date": "2024-04-20-21-00-00", "latency": 140}, {"date": "2024-04-20-21-00-00", "latency": 140}, {"date": "2024-04-20-21-00-00", "latency": 140}, {"date": "2024-04-20-21-00-00", "latency": 140}, {"date": "2024-04-20-21-00-00", "latency": 140}, {"date": "2024-04-20-21-00-00", "latency": 140}, {"date": "2024-04-20-21-00-00", "latency": 140}, {"date": "2024-04-20-21-00-00", "latency": 140}, {"date": "2024-04-20-21-00-00", "latency": 140}, {"date": "2024-04-20-21-00-00", "latency": 140}, {"date": "2024-04-20-21-00-00", "latency": 140}, {"date": "2024-04-20-21-00-00", "latency": 140}, {"date": "2024-04-20-21-00-00", "latency": 140}, {"date": "2024-04-20-21-00-00", "latency": 140}, {"date": "2024-04-20-21-00-00", "latency": 140}, {"date": "2024-04-20-21-00-00", "latency": 140}, {"date": "2024-04-20-21-00-00", "latency": 140}, {"date": "2024-04-20-21-00-00", "latency": 140}, {"date": "2024-04-20-21-00-00", "latency": 140}, {"date": "2024-04-20-21-00-00", "latency": 140}, {"date": "2024-04-20-21-00-00", "latency": 140}, {"date": "2024-04-20-21-00-00", "latency": 140}, {"date": "2024-04-20-21-00-00", "latency": 140}, {"date": "2024-04-20-21-00-00", "latency": 140}, {"date": "2024-04-20-21-00-00", "latency": 140}, {"date": "2024-04-20-21-00-00", "latency": 140}, {"date": "2024-04-20-21-00-00", "latency": 140}, {"date": "2024-04-20-21-00-00", "latency": 140}, {"date": "2024-04-20-21-00-00", "latency": 140}, {"date": "2024-04-20-21-00-00", "latency": 140}, {"date": "2024-04-20-21-00-00", "latency": 140}, {"date": "2024-04-20-21-00-00", "latency": 140}, {"date": "2024-04-20-21-00-00", "latency": 140}]}, {"location": {"country_code": "fr", "region": "Ile-de-France Region", "city": "Paris"}, "game_id": "135305", "values": [{"date": "2024-04-20-17-00-00", "latency": 26}]}, {"location": {"country_code": "tr", "region": "Ege Bolgesi", "city": "Denizli"}, "game_id": "135305", "values": [{"date": "2024-04-20-22-00-00", "latency": 72}, {"date": "2024-04-20-22-00-00", "latency": 72}, {"date": "2024-04-20-22-00-00", "latency": 72}]}, {"location": {"country_code": "mx", "region": "Jalisco", "city": "Guadalajara"}, "game_id": "135305", "values": [{"date": "2024-04-20-08-00-00", "latency": 81}, {"date": "2024-04-20-08-00-00", "latency": 81}, {"date": "2024-04-20-08-00-00", "latency": 81}, {"date": "2024-04-20-08-00-00", "latency": 81}, {"date": "2024-04-20-08-00-00", "latency": 81}, {"date": "2024-04-20-08-00-00", "latency": 81}, {"date": "2024-04-20-08-00-00", "latency": 81}, {"date": "2024-04-20-08-00-00", "latency": 81}]}, {"location": {"country_code": "by"}, "game_id": "135305", "values": [{"date": "2024-04-20-14-00-00", "latency": 39}, {"date": "2024-04-20-14-00-00", "latency": 39}, {"date": "2024-04-20-14-00-00", "latency": 39}, {"date": "2024-04-20-14-00-00", "latency": 39}, {"date": "2024-04-20-14-00-00", "latency": 39}, {"date": "2024-04-20-14-00-00", "latency": 39}, {"date": "2024-04-20-14-00-00", "latency": 39}, {"date": "2024-04-20-14-00-00", "latency": 39}, {"date": "2024-04-20-14-00-00", "latency": 39}, {"date": "2024-04-20-14-00-00", "latency": 39}, {"date": "2024-04-20-14-00-00", "latency": 39}, {"date": "2024-04-20-14-00-00", "latency": 39}, {"date": "2024-04-20-14-00-00", "latency": 39}, {"date": "2024-04-20-14-00-00", "latency": 39}, {"date": "2024-04-20-14-00-00", "latency": 39}, {"date": "2024-04-20-14-00-00", "latency": 39}, {"date": "2024-04-20-14-00-00", "latency": 39}, {"date": "2024-04-20-14-00-00", "latency": 39}, {"date": "2024-04-20-14-00-00", "latency": 39}, {"date": "2024-04-20-14-00-00", "latency": 39}, {"date": "2024-04-20-14-00-00", "latency": 39}, {"date": "2024-04-20-14-00-00", "latency": 39}, {"date": "2024-04-20-14-00-00", "latency": 39}, {"date": "2024-04-20-14-00-00", "latency": 39}, {"date": "2024-04-20-14-00-00", "latency": 39}, {"date": "2024-04-20-09-00-00", "latency": 33}, {"date": "2024-04-20-09-00-00", "latency": 33}, {"date": "2024-04-20-09-00-00", "latency": 33}, {"date": "2024-04-20-09-00-00", "latency": 33}, {"date": "2024-04-20-09-00-00", "latency": 33}, {"date": "2024-04-20-09-00-00", "latency": 33}, {"date": "2024-04-20-09-00-00", "latency": 33}, {"date": "2024-04-20-09-00-00", "latency": 33}, {"date": "2024-04-20-09-00-00", "latency": 33}, {"date": "2024-04-20-09-00-00", "latency": 33}, {"date": "2024-04-20-09-00-00", "latency": 33}, {"date": "2024-04-20-09-00-00", "latency": 33}]}, {"location": {"country_code": "ca", "region": "British Columbia", "city": "Richmond"}, "game_id": "135305", "values": [{"date": "2024-04-20-23-00-00", "latency": 88}, {"date": "2024-04-20-23-00-00", "latency": 88}, {"date": "2024-04-20-23-00-00", "latency": 88}, {"date": "2024-04-20-23-00-00", "latency": 88}, {"date": "2024-04-21-02-00-00", "latency": 84}, {"date": "2024-04-21-02-00-00", "latency": 84}, {"date": "2024-04-21-02-00-00", "latency": 84}, {"date": "2024-04-21-02-00-00", "latency": 84}, {"date": "2024-04-21-02-00-00", "latency": 84}, {"date": "2024-04-21-02-00-00", "latency": 84}, {"date": "2024-04-21-02-00-00", "latency": 84}]}, {"location": {"country_code": "md"}, "game_id": "135305", "values": [{"date": "2024-04-21-00-00-00", "latency": 41}, {"date": "2024-04-21-00-00-00", "latency": 41}, {"date": "2024-04-21-00-00-00", "latency": 41}, {"date": "2024-04-21-00-00-00", "latency": 41}, {"date": "2024-04-21-00-00-00", "latency": 41}, {"date": "2024-04-21-00-00-00", "latency": 41}, {"date": "2024-04-21-00-00-00", "latency": 41}, {"date": "2024-04-21-00-00-00", "latency": 41}, {"date": "2024-04-21-00-00-00", "latency": 41}, {"date": "2024-04-21-00-00-00", "latency": 41}]}, {"location": {"country_code": "au", "region": "Victoria"}, "game_id": "135305", "values": [{"date": "2024-04-20-16-00-00", "latency": 239}, {"date": "2024-04-20-16-00-00", "latency": 239}, {"date": "2024-04-20-16-00-00", "latency": 239}, {"date": "2024-04-20-16-00-00", "latency": 239}, {"date": "2024-04-20-16-00-00", "latency": 239}]}, {"location": {"country_code": "lt"}, "game_id": "135305", "values": [{"date": "2024-04-20-15-00-00", "latency": 35}, {"date": "2024-04-20-15-00-00", "latency": 35}, {"date": "2024-04-20-15-00-00", "latency": 35}, {"date": "2024-04-20-15-00-00", "latency": 35}, {"date": "2024-04-20-15-00-00", "latency": 35}, {"date": "2024-04-20-15-00-00", "latency": 35}, {"date": "2024-04-20-15-00-00", "latency": 35}, {"date": "2024-04-20-15-00-00", "latency": 35}, {"date": "2024-04-20-15-00-00", "latency": 35}, {"date": "2024-04-20-15-00-00", "latency": 35}, {"date": "2024-04-20-15-00-00", "latency": 35}]}, {"location": {"country_code": "de", "region": "Baden-Wurttemberg"}, "game_id": "135305", "values": [{"date": "2024-04-20-04-00-00", "latency": 20}, {"date": "2024-04-20-04-00-00", "latency": 20}, {"date": "2024-04-20-04-00-00", "latency": 20}, {"date": "2024-04-20-04-00-00", "latency": 20}, {"date": "2024-04-20-04-00-00", "latency": 20}, {"date": "2024-04-20-04-00-00", "latency": 20}, {"date": "2024-04-20-04-00-00", "latency": 20}, {"date": "2024-04-20-04-00-00", "latency": 20}, {"date": "2024-04-20-23-00-00", "latency": 26}, {"date": "2024-04-20-23-00-00", "latency": 26}, {"date": "2024-04-20-23-00-00", "latency": 26}, {"date": "2024-04-20-23-00-00", "latency": 26}, {"date": "2024-04-20-23-00-00", "latency": 26}, {"date": "2024-04-20-23-00-00", "latency": 26}, {"date": "2024-04-20-23-00-00", "latency": 26}, {"date": "2024-04-20-23-00-00", "latency": 26}, {"date": "2024-04-20-23-00-00", "latency": 26}, {"date": "2024-04-20-23-00-00", "latency": 26}, {"date": "2024-04-20-23-00-00", "latency": 26}, {"date": "2024-04-20-23-00-00", "latency": 26}, {"date": "2024-04-20-23-00-00", "latency": 26}, {"date": "2024-04-20-23-00-00", "latency": 26}, {"date": "2024-04-20-23-00-00", "latency": 26}, {"date": "2024-04-20-23-00-00", "latency": 26}, {"date": "2024-04-20-23-00-00", "latency": 26}]}, {"location": {"country_code": "es", "region": "Madrid"}, "game_id": "135305", "values": [{"date": "2024-04-20-21-00-00", "latency": 47}, {"date": "2024-04-20-21-00-00", "latency": 47}, {"date": "2024-04-20-21-00-00", "latency": 47}, {"date": "2024-04-20-21-00-00", "latency": 47}, {"date": "2024-04-20-21-00-00", "latency": 47}, {"date": "2024-04-20-21-00-00", "latency": 47}, {"date": "2024-04-20-21-00-00", "latency": 47}, {"date": "2024-04-20-21-00-00", "latency": 47}, {"date": "2024-04-20-21-00-00", "latency": 47}, {"date": "2024-04-20-21-00-00", "latency": 47}, {"date": "2024-04-20-21-00-00", "latency": 47}, {"date": "2024-04-20-21-00-00", "latency": 47}, {"date": "2024-04-20-21-00-00", "latency": 47}, {"date": "2024-04-20-21-00-00", "latency": 47}, {"date": "2024-04-20-21-00-00", "latency": 47}, {"date": "2024-04-20-21-00-00", "latency": 47}, {"date": "2024-04-20-21-00-00", "latency": 47}, {"date": "2024-04-20-21-00-00", "latency": 47}]}, {"location": {"country_code": "za", "region": "Western Cape", "city": "Cape Town"}, "game_id": "135305", "values": [{"date": "2024-04-20-20-00-00", "latency": 170}, {"date": "2024-04-20-20-00-00", "latency": 170}, {"date": "2024-04-20-20-00-00", "latency": 170}, {"date": "2024-04-20-20-00-00", "latency": 170}, {"date": "2024-04-20-20-00-00", "latency": 170}, {"date": "2024-04-20-20-00-00", "latency": 170}, {"date": "2024-04-20-20-00-00", "latency": 170}, {"date": "2024-04-20-20-00-00", "latency": 170}, {"date": "2024-04-20-20-00-00", "latency": 170}, {"date": "2024-04-20-20-00-00", "latency": 170}, {"date": "2024-04-20-20-00-00", "latency": 170}, {"date": "2024-04-20-20-00-00", "latency": 170}, {"date": "2024-04-20-20-00-00", "latency": 170}, {"date": "2024-04-20-20-00-00", "latency": 170}, {"date": "2024-04-20-20-00-00", "latency": 170}, {"date": "2024-04-20-20-00-00", "latency": 170}, {"date": "2024-04-20-20-00-00", "latency": 170}, {"date": "2024-04-20-20-00-00", "latency": 170}, {"date": "2024-04-20-20-00-00", "latency": 170}, {"date": "2024-04-20-20-00-00", "latency": 170}, {"date": "2024-04-20-20-00-00", "latency": 170}]}, {"location": {"country_code": "us", "region": "Washington"}, "game_id": "135305", "values": [{"date": "2024-04-20-07-00-00", "latency": 80}]}, {"location": {"country_code": "de", "region": "North Rhine-Westphalia"}, "game_id": "135305", "values": [{"date": "2024-04-20-16-00-00", "latency": 58}, {"date": "2024-04-20-16-00-00", "latency": 58}, {"date": "2024-04-20-16-00-00", "latency": 58}, {"date": "2024-04-20-16-00-00", "latency": 58}, {"date": "2024-04-20-16-00-00", "latency": 58}, {"date": "2024-04-20-16-00-00", "latency": 58}, {"date": "2024-04-20-16-00-00", "latency": 58}, {"date": "2024-04-20-16-00-00", "latency": 58}]}, {"location": {"country_code": "br", "region": "Rio Grande do Norte", "city": "Natal"}, "game_id": "135305", "values": [{"date": "2024-04-20-06-00-00", "latency": 88}, {"date": "2024-04-20-06-00-00", "latency": 88}, {"date": "2024-04-20-06-00-00", "latency": 88}, {"date": "2024-04-20-06-00-00", "latency": 88}, {"date": "2024-04-20-06-00-00", "latency": 88}]}, {"location": {"country_code": "de", "region": "Brandenburg"}, "game_id": "135305", "values": [{"date": "2024-04-20-13-00-00", "latency": 32}, {"date": "2024-04-20-13-00-00", "latency": 32}]}, {"location": {"country_code": "us", "region": "Virginia", "city": "Richmond"}, "game_id": "135305", "values": [{"date": "2024-04-20-08-00-00", "latency": 15}]}, {"location": {"country_code": "ar", "region": "Neuquen Province"}, "game_id": "135305", "values": [{"date": "2024-04-21-02-00-00", "latency": 162}, {"date": "2024-04-21-02-00-00", "latency": 162}, {"date": "2024-04-21-02-00-00", "latency": 162}]}, {"location": {"country_code": "br", "region": "Parana", "city": "Umuarama"}, "game_id": "135305", "values": [{"date": "2024-04-20-14-00-00", "latency": 143}, {"date": "2024-04-21-02-00-00", "latency": 134}, {"date": "2024-04-21-02-00-00", "latency": 134}, {"date": "2024-04-21-02-00-00", "latency": 134}, {"date": "2024-04-21-02-00-00", "latency": 134}, {"date": "2024-04-21-02-00-00", "latency": 134}, {"date": "2024-04-21-02-00-00", "latency": 134}, {"date": "2024-04-21-02-00-00", "latency": 134}, {"date": "2024-04-21-02-00-00", "latency": 134}, {"date": "2024-04-21-02-00-00", "latency": 134}, {"date": "2024-04-21-02-00-00", "latency": 134}, {"date": "2024-04-21-02-00-00", "latency": 134}, {"date": "2024-04-21-02-00-00", "latency": 134}, {"date": "2024-04-21-02-00-00", "latency": 134}]}, {"location": {"country_code": "es", "region": "Andalusia", "city": "Marbella"}, "game_id": "135305", "values": [{"date": "2024-04-20-22-00-00", "latency": 43}, {"date": "2024-04-20-22-00-00", "latency": 43}, {"date": "2024-04-20-22-00-00", "latency": 43}]}, {"location": {"country_code": "fr", "region": "Aquitania-Limosino-Poitou-Charentes", "city": "Bordeaux"}, "game_id": "135305", "values": [{"date": "2024-04-20-20-00-00", "latency": 31}, {"date": "2024-04-20-20-00-00", "latency": 31}, {"date": "2024-04-20-20-00-00", "latency": 31}, {"date": "2024-04-20-20-00-00", "latency": 31}, {"date": "2024-04-20-20-00-00", "latency": 31}, {"date": "2024-04-20-20-00-00", "latency": 31}, {"date": "2024-04-20-20-00-00", "latency": 31}, {"date": "2024-04-20-20-00-00", "latency": 31}, {"date": "2024-04-20-20-00-00", "latency": 31}, {"date": "2024-04-20-20-00-00", "latency": 31}, {"date": "2024-04-20-20-00-00", "latency": 31}, {"date": "2024-04-20-20-00-00", "latency": 31}, {"date": "2024-04-20-20-00-00", "latency": 31}, {"date": "2024-04-20-20-00-00", "latency": 31}, {"date": "2024-04-20-20-00-00", "latency": 31}, {"date": "2024-04-20-20-00-00", "latency": 31}, {"date": "2024-04-20-20-00-00", "latency": 31}, {"date": "2024-04-20-20-00-00", "latency": 31}, {"date": "2024-04-20-20-00-00", "latency": 31}, {"date": "2024-04-20-20-00-00", "latency": 31}, {"date": "2024-04-20-20-00-00", "latency": 31}, {"date": "2024-04-20-20-00-00", "latency": 31}, {"date": "2024-04-20-20-00-00", "latency": 31}, {"date": "2024-04-20-20-00-00", "latency": 31}, {"date": "2024-04-20-20-00-00", "latency": 31}, {"date": "2024-04-20-20-00-00", "latency": 31}, {"date": "2024-04-20-20-00-00", "latency": 31}, {"date": "2024-04-20-20-00-00", "latency": 31}, {"date": "2024-04-20-20-00-00", "latency": 31}, {"date": "2024-04-20-20-00-00", "latency": 31}, {"date": "2024-04-20-20-00-00", "latency": 31}, {"date": "2024-04-20-20-00-00", "latency": 31}]}, {"location": {"country_code": "ru", "region": "Leningrad", "city": "Saint Petersburg"}, "game_id": "135305", "values": [{"date": "2024-04-20-20-00-00", "latency": 40}, {"date": "2024-04-20-20-00-00", "latency": 40}, {"date": "2024-04-20-20-00-00", "latency": 40}, {"date": "2024-04-20-20-00-00", "latency": 40}, {"date": "2024-04-20-20-00-00", "latency": 40}, {"date": "2024-04-20-20-00-00", "latency": 40}]}, {"location": {"country_code": "es", "region": "Principality of Asturias"}, "game_id": "135305", "values": [{"date": "2024-04-21-02-00-00", "latency": 56}, {"date": "2024-04-21-02-00-00", "latency": 56}, {"date": "2024-04-21-02-00-00", "latency": 56}, {"date": "2024-04-21-02-00-00", "latency": 56}, {"date": "2024-04-21-02-00-00", "latency": 56}, {"date": "2024-04-21-02-00-00", "latency": 56}, {"date": "2024-04-21-02-00-00", "latency": 56}, {"date": "2024-04-21-02-00-00", "latency": 56}, {"date": "2024-04-21-02-00-00", "latency": 56}, {"date": "2024-04-21-02-00-00", "latency": 56}, {"date": "2024-04-21-02-00-00", "latency": 56}, {"date": "2024-04-21-02-00-00", "latency": 56}, {"date": "2024-04-21-02-00-00", "latency": 56}, {"date": "2024-04-21-02-00-00", "latency": 56}, {"date": "2024-04-21-02-00-00", "latency": 56}]}, {"location": {"country_code": "ma"}, "game_id": "135305", "values": [{"date": "2024-04-21-01-00-00", "latency": 103}, {"date": "2024-04-21-01-00-00", "latency": 103}, {"date": "2024-04-21-01-00-00", "latency": 103}, {"date": "2024-04-21-01-00-00", "latency": 103}, {"date": "2024-04-21-01-00-00", "latency": 103}, {"date": "2024-04-21-01-00-00", "latency": 103}]}, {"location": {"country_code": "br", "region": "Paraiba", "city": "Santa Rita"}, "game_id": "135305", "values": [{"date": "2024-04-20-14-00-00", "latency": 91}, {"date": "2024-04-20-14-00-00", "latency": 91}, {"date": "2024-04-20-14-00-00", "latency": 91}, {"date": "2024-04-20-14-00-00", "latency": 91}, {"date": "2024-04-20-14-00-00", "latency": 91}, {"date": "2024-04-20-14-00-00", "latency": 91}, {"date": "2024-04-20-14-00-00", "latency": 91}, {"date": "2024-04-20-14-00-00", "latency": 91}, {"date": "2024-04-20-14-00-00", "latency": 91}, {"date": "2024-04-20-14-00-00", "latency": 91}, {"date": "2024-04-20-14-00-00", "latency": 91}, {"date": "2024-04-20-14-00-00", "latency": 91}, {"date": "2024-04-20-14-00-00", "latency": 91}, {"date": "2024-04-20-14-00-00", "latency": 91}, {"date": "2024-04-20-14-00-00", "latency": 91}, {"date": "2024-04-20-14-00-00", "latency": 91}, {"date": "2024-04-20-14-00-00", "latency": 91}, {"date": "2024-04-20-14-00-00", "latency": 91}, {"date": "2024-04-20-14-00-00", "latency": 91}, {"date": "2024-04-20-14-00-00", "latency": 91}, {"date": "2024-04-20-14-00-00", "latency": 91}, {"date": "2024-04-20-14-00-00", "latency": 91}, {"date": "2024-04-20-14-00-00", "latency": 91}, {"date": "2024-04-20-14-00-00", "latency": 91}, {"date": "2024-04-20-14-00-00", "latency": 91}, {"date": "2024-04-20-14-00-00", "latency": 91}, {"date": "2024-04-20-14-00-00", "latency": 91}, {"date": "2024-04-20-14-00-00", "latency": 91}, {"date": "2024-04-20-14-00-00", "latency": 91}, {"date": "2024-04-20-14-00-00", "latency": 91}, {"date": "2024-04-20-14-00-00", "latency": 91}, {"date": "2024-04-20-14-00-00", "latency": 91}, {"date": "2024-04-20-14-00-00", "latency": 91}, {"date": "2024-04-20-14-00-00", "latency": 91}]}, {"location": {"country_code": "ec", "region": "Pichincha"}, "game_id": "135305", "values": [{"date": "2024-04-20-07-00-00", "latency": 104}, {"date": "2024-04-20-07-00-00", "latency": 104}, {"date": "2024-04-20-07-00-00", "latency": 104}, {"date": "2024-04-20-07-00-00", "latency": 104}, {"date": "2024-04-20-07-00-00", "latency": 104}, {"date": "2024-04-20-07-00-00", "latency": 104}, {"date": "2024-04-20-07-00-00", "latency": 104}, {"date": "2024-04-20-07-00-00", "latency": 104}]}, {"location": {"country_code": "es", "region": "Andalusia", "city": "Ayamonte"}, "game_id": "135305", "values": [{"date": "2024-04-20-16-00-00", "latency": 114}, {"date": "2024-04-20-16-00-00", "latency": 114}, {"date": "2024-04-20-16-00-00", "latency": 114}, {"date": "2024-04-20-16-00-00", "latency": 114}]}, {"location": {"country_code": "mx", "region": "Oaxaca"}, "game_id": "135305", "values": [{"date": "2024-04-20-18-00-00", "latency": 83}, {"date": "2024-04-20-18-00-00", "latency": 83}, {"date": "2024-04-20-18-00-00", "latency": 83}, {"date": "2024-04-20-18-00-00", "latency": 83}, {"date": "2024-04-20-18-00-00", "latency": 83}, {"date": "2024-04-20-18-00-00", "latency": 83}, {"date": "2024-04-20-18-00-00", "latency": 83}, {"date": "2024-04-20-18-00-00", "latency": 83}, {"date": "2024-04-20-18-00-00", "latency": 83}]}, {"location": {"country_code": "ph", "region": "National Capital Region", "city": "Muntinlupa"}, "game_id": "135305", "values": [{"date": "2024-04-20-16-00-00", "latency": 106}, {"date": "2024-04-20-16-00-00", "latency": 106}, {"date": "2024-04-20-16-00-00", "latency": 106}, {"date": "2024-04-20-16-00-00", "latency": 106}, {"date": "2024-04-20-16-00-00", "latency": 106}, {"date": "2024-04-20-16-00-00", "latency": 106}]}, {"location": {"country_code": "br", "region": "Paraiba"}, "game_id": "135305", "values": [{"date": "2024-04-21-00-00-00", "latency": 138}, {"date": "2024-04-21-00-00-00", "latency": 138}, {"date": "2024-04-21-00-00-00", "latency": 138}, {"date": "2024-04-21-00-00-00", "latency": 138}, {"date": "2024-04-21-00-00-00", "latency": 138}, {"date": "2024-04-21-00-00-00", "latency": 138}, {"date": "2024-04-21-00-00-00", "latency": 138}, {"date": "2024-04-21-00-00-00", "latency": 138}]}, {"location": {"country_code": "bd", "region": "Dhaka", "city": "Gopalganj"}, "game_id": "135305", "values": [{"date": "2024-04-20-19-00-00", "latency": 140}]}, {"location": {"country_code": "mx", "region": "Morelos", "city": "Cuernavaca"}, "game_id": "135305", "values": [{"date": "2024-04-21-02-00-00", "latency": 75}, {"date": "2024-04-21-02-00-00", "latency": 75}, {"date": "2024-04-21-02-00-00", "latency": 75}, {"date": "2024-04-21-02-00-00", "latency": 75}, {"date": "2024-04-21-02-00-00", "latency": 75}, {"date": "2024-04-21-02-00-00", "latency": 75}, {"date": "2024-04-21-02-00-00", "latency": 75}]}, {"location": {"country_code": "ru", "region": "Kaliningrad Oblast", "city": "Kaliningrad"}, "game_id": "135305", "values": [{"date": "2024-04-20-20-00-00", "latency": 59}, {"date": "2024-04-20-20-00-00", "latency": 59}, {"date": "2024-04-20-20-00-00", "latency": 59}, {"date": "2024-04-20-20-00-00", "latency": 59}]}, {"location": {"country_code": "ph", "region": "National Capital Region"}, "game_id": "135305", "values": [{"date": "2024-04-20-16-00-00", "latency": 72}, {"date": "2024-04-20-16-00-00", "latency": 72}, {"date": "2024-04-20-16-00-00", "latency": 72}, {"date": "2024-04-20-16-00-00", "latency": 72}, {"date": "2024-04-20-16-00-00", "latency": 72}, {"date": "2024-04-20-16-00-00", "latency": 72}, {"date": "2024-04-20-16-00-00", "latency": 72}, {"date": "2024-04-20-16-00-00", "latency": 72}, {"date": "2024-04-20-16-00-00", "latency": 72}, {"date": "2024-04-20-16-00-00", "latency": 72}, {"date": "2024-04-20-16-00-00", "latency": 72}, {"date": "2024-04-20-16-00-00", "latency": 72}, {"date": "2024-04-20-16-00-00", "latency": 72}, {"date": "2024-04-20-16-00-00", "latency": 72}, {"date": "2024-04-20-16-00-00", "latency": 72}, {"date": "2024-04-20-16-00-00", "latency": 72}, {"date": "2024-04-20-16-00-00", "latency": 72}, {"date": "2024-04-20-16-00-00", "latency": 72}, {"date": "2024-04-20-08-00-00", "latency": 60}]}, {"location": {"country_code": "fr", "region": "Centre-Val de Loire", "city": "Villedieu-sur-Indre"}, "game_id": "135305", "values": [{"date": "2024-04-21-02-00-00", "latency": 19}, {"date": "2024-04-21-02-00-00", "latency": 19}, {"date": "2024-04-21-02-00-00", "latency": 19}]}], "last_updated": 1719924472.518513}