{"data": [{"location": {"country_code": "us"}, "game_id": "116088", "values": [{"date": "2023-02-11-02-00-00", "latency": 17}, {"date": "2023-02-11-02-00-00", "latency": 17}]}, {"location": {"country_code": "th"}, "game_id": "116088", "values": [{"date": "2023-02-11-08-00-00", "latency": 0}, {"date": "2023-02-11-08-00-00", "latency": 0}]}, {"location": {"country_code": "gr"}, "game_id": "116088", "values": [{"date": "2023-02-11-18-00-00", "latency": 8}, {"date": "2023-02-11-21-00-00", "latency": 49}, {"date": "2023-02-11-21-00-00", "latency": 49}]}, {"location": {"country_code": "it"}, "game_id": "116088", "values": [{"date": "2023-02-11-19-00-00", "latency": 126}, {"date": "2023-02-11-19-00-00", "latency": 126}, {"date": "2023-02-11-19-00-00", "latency": 126}, {"date": "2023-02-11-19-00-00", "latency": 126}, {"date": "2023-02-11-19-00-00", "latency": 126}, {"date": "2023-02-11-19-00-00", "latency": 126}, {"date": "2023-02-11-19-00-00", "latency": 126}, {"date": "2023-02-11-19-00-00", "latency": 126}, {"date": "2023-02-11-19-00-00", "latency": 126}, {"date": "2023-02-11-19-00-00", "latency": 126}, {"date": "2023-02-11-19-00-00", "latency": 126}, {"date": "2023-02-11-19-00-00", "latency": 126}, {"date": "2023-02-11-19-00-00", "latency": 126}, {"date": "2023-02-11-19-00-00", "latency": 126}, {"date": "2023-02-11-19-00-00", "latency": 126}]}, {"location": {"country_code": "za"}, "game_id": "116088", "values": [{"date": "2023-02-11-22-00-00", "latency": 5}, {"date": "2023-02-11-22-00-00", "latency": 5}]}, {"location": {"country_code": "jp"}, "game_id": "116088", "values": [{"date": "2023-02-11-15-00-00", "latency": 77}, {"date": "2023-02-11-15-00-00", "latency": 77}, {"date": "2023-02-11-15-00-00", "latency": 77}, {"date": "2023-02-11-15-00-00", "latency": 77}, {"date": "2023-02-11-15-00-00", "latency": 77}, {"date": "2023-02-11-15-00-00", "latency": 77}, {"date": "2023-02-11-15-00-00", "latency": 77}]}, {"location": {"country_code": "tr"}, "game_id": "116088", "values": [{"date": "2023-02-11-06-00-00", "latency": 0}]}, {"location": {"country_code": "lv"}, "game_id": "116088", "values": [{"date": "2023-02-11-12-00-00", "latency": 0}]}, {"location": {"country_code": "tw"}, "game_id": "116088", "values": [{"date": "2023-02-11-13-00-00", "latency": 38}, {"date": "2023-02-11-13-00-00", "latency": 38}, {"date": "2023-02-11-13-00-00", "latency": 38}, {"date": "2023-02-11-13-00-00", "latency": 38}, {"date": "2023-02-11-13-00-00", "latency": 38}]}, {"location": {"country_code": "cl"}, "game_id": "116088", "values": [{"date": "2023-02-11-21-00-00", "latency": 4}, {"date": "2023-02-11-21-00-00", "latency": 4}, {"date": "2023-02-11-21-00-00", "latency": 4}, {"date": "2023-02-11-21-00-00", "latency": 4}, {"date": "2023-02-11-21-00-00", "latency": 4}, {"date": "2023-02-11-21-00-00", "latency": 4}, {"date": "2023-02-11-21-00-00", "latency": 4}]}, {"location": {"country_code": "ph"}, "game_id": "116088", "values": [{"date": "2023-02-11-14-00-00", "latency": 3}, {"date": "2023-02-11-13-00-00", "latency": 18}, {"date": "2023-02-11-13-00-00", "latency": 18}]}, {"location": {"country_code": "in"}, "game_id": "116088", "values": [{"date": "2023-02-11-13-00-00", "latency": 33}, {"date": "2023-02-11-23-00-00", "latency": 34}, {"date": "2023-02-11-23-00-00", "latency": 34}, {"date": "2023-02-11-23-00-00", "latency": 34}, {"date": "2023-02-11-23-00-00", "latency": 34}, {"date": "2023-02-11-23-00-00", "latency": 34}]}, {"location": {"country_code": "br"}, "game_id": "116088", "values": [{"date": "2023-02-11-02-00-00", "latency": 0}, {"date": "2023-02-12-00-00-00", "latency": 1}]}, {"location": {"country_code": "se"}, "game_id": "116088", "values": [{"date": "2023-02-11-12-00-00", "latency": 10}, {"date": "2023-02-11-12-00-00", "latency": 10}, {"date": "2023-02-11-12-00-00", "latency": 10}, {"date": "2023-02-11-12-00-00", "latency": 10}, {"date": "2023-02-11-12-00-00", "latency": 10}, {"date": "2023-02-11-12-00-00", "latency": 10}, {"date": "2023-02-11-12-00-00", "latency": 10}]}, {"location": {"country_code": "no"}, "game_id": "116088", "values": [{"date": "2023-02-11-14-00-00", "latency": 2}]}, {"location": {"country_code": "au"}, "game_id": "116088", "values": [{"date": "2023-02-11-09-00-00", "latency": 36}]}, {"location": {"country_code": "ca", "region": "Ontario"}, "game_id": "116088", "values": [{"date": "2023-02-11-23-00-00", "latency": 6}]}, {"location": {"country_code": "es"}, "game_id": "116088", "values": [{"date": "2023-02-12-01-00-00", "latency": 29}]}, {"location": {"country_code": "ar"}, "game_id": "116088", "values": [{"date": "2023-02-11-07-00-00", "latency": 3}]}, {"location": {"country_code": "vn"}, "game_id": "116088", "values": [{"date": "2023-02-11-16-00-00", "latency": 2}]}, {"location": {"country_code": "fi"}, "game_id": "116088", "values": [{"date": "2023-02-11-19-00-00", "latency": 38}, {"date": "2023-02-11-19-00-00", "latency": 38}, {"date": "2023-02-11-19-00-00", "latency": 38}, {"date": "2023-02-11-19-00-00", "latency": 38}, {"date": "2023-02-11-19-00-00", "latency": 38}, {"date": "2023-02-11-19-00-00", "latency": 38}, {"date": "2023-02-11-19-00-00", "latency": 38}, {"date": "2023-02-11-19-00-00", "latency": 38}]}, {"location": {"country_code": "jp", "region": "Tokyo"}, "game_id": "116088", "values": [{"date": "2023-02-11-12-00-00", "latency": 0}, {"date": "2023-02-11-12-00-00", "latency": 0}, {"date": "2023-02-11-12-00-00", "latency": 0}, {"date": "2023-02-11-12-00-00", "latency": 0}, {"date": "2023-02-11-12-00-00", "latency": 0}]}, {"location": {"country_code": "ua"}, "game_id": "116088", "values": [{"date": "2023-02-11-15-00-00", "latency": 3}, {"date": "2023-02-11-23-00-00", "latency": 3}, {"date": "2023-02-11-23-00-00", "latency": 3}, {"date": "2023-02-11-11-00-00", "latency": 8}, {"date": "2023-02-11-11-00-00", "latency": 0}, {"date": "2023-02-11-11-00-00", "latency": 0}, {"date": "2023-02-11-11-00-00", "latency": 0}, {"date": "2023-02-11-11-00-00", "latency": 0}, {"date": "2023-02-11-04-00-00", "latency": 37}, {"date": "2023-02-11-04-00-00", "latency": 37}, {"date": "2023-02-11-04-00-00", "latency": 37}, {"date": "2023-02-11-04-00-00", "latency": 37}, {"date": "2023-02-11-04-00-00", "latency": 37}, {"date": "2023-02-11-02-00-00", "latency": 0}, {"date": "2023-02-11-19-00-00", "latency": 0}, {"date": "2023-02-11-22-00-00", "latency": 3}, {"date": "2023-02-11-13-00-00", "latency": 20}, {"date": "2023-02-11-13-00-00", "latency": 20}, {"date": "2023-02-11-13-00-00", "latency": 20}, {"date": "2023-02-11-13-00-00", "latency": 20}, {"date": "2023-02-11-20-00-00", "latency": 17}, {"date": "2023-02-11-02-00-00", "latency": 28}, {"date": "2023-02-11-02-00-00", "latency": 28}, {"date": "2023-02-11-02-00-00", "latency": 28}, {"date": "2023-02-11-02-00-00", "latency": 28}, {"date": "2023-02-11-02-00-00", "latency": 28}]}, {"location": {"country_code": "kz"}, "game_id": "116088", "values": [{"date": "2023-02-11-14-00-00", "latency": 2}]}, {"location": {"country_code": "ru"}, "game_id": "116088", "values": [{"date": "2023-02-11-16-00-00", "latency": 8}, {"date": "2023-02-11-16-00-00", "latency": 3}]}, {"location": {"country_code": "my"}, "game_id": "116088", "values": [{"date": "2023-02-11-18-00-00", "latency": 0}, {"date": "2023-02-11-18-00-00", "latency": 0}, {"date": "2023-02-11-18-00-00", "latency": 0}]}, {"location": {"country_code": "id"}, "game_id": "116088", "values": [{"date": "2023-02-11-08-00-00", "latency": 2}, {"date": "2023-02-11-19-00-00", "latency": 15}, {"date": "2023-02-11-09-00-00", "latency": 29}, {"date": "2023-02-11-09-00-00", "latency": 29}]}, {"location": {"country_code": "cy"}, "game_id": "116088", "values": [{"date": "2023-02-11-20-00-00", "latency": 16}, {"date": "2023-02-11-20-00-00", "latency": 16}]}, {"location": {"country_code": "pk"}, "game_id": "116088", "values": [{"date": "2023-02-11-19-00-00", "latency": 114}, {"date": "2023-02-11-19-00-00", "latency": 114}]}, {"location": {"country_code": "by"}, "game_id": "116088", "values": [{"date": "2023-02-11-12-00-00", "latency": 7}]}, {"location": {"country_code": "ru", "region": "Rostov Oblast", "city": "Rostov-on-Don"}, "game_id": "116088", "values": [{"date": "2023-02-11-21-00-00", "latency": 65}, {"date": "2023-02-11-21-00-00", "latency": 65}]}, {"location": {"country_code": "in", "region": "National Capital Territory of Delhi", "city": "New Delhi"}, "game_id": "116088", "values": [{"date": "2023-02-11-19-00-00", "latency": 8}, {"date": "2023-02-11-19-00-00", "latency": 8}]}, {"location": {"country_code": "pe", "region": "Arequipa", "city": "Arequipa"}, "game_id": "116088", "values": [{"date": "2023-02-11-22-00-00", "latency": 1}, {"date": "2023-02-11-22-00-00", "latency": 1}]}, {"location": {"country_code": "in", "region": "Maharashtra", "city": "Pune"}, "game_id": "116088", "values": [{"date": "2023-02-11-17-00-00", "latency": 8}]}, {"location": {"country_code": "se", "region": "Skane County"}, "game_id": "116088", "values": [{"date": "2023-02-11-07-00-00", "latency": 0}]}, {"location": {"country_code": "us", "region": "Indiana", "city": "New Albany"}, "game_id": "116088", "values": [{"date": "2023-02-11-07-00-00", "latency": 3}]}], "last_updated": 1719919369.597524}