{"data": [{"location": {"country_code": "us"}, "game_id": "116088", "values": [{"date": "2023-02-03-04-00-00", "latency": 26}, {"date": "2023-02-03-04-00-00", "latency": 26}, {"date": "2023-02-03-06-00-00", "latency": 5}, {"date": "2023-02-03-06-00-00", "latency": 5}, {"date": "2023-02-04-00-00-00", "latency": 7}, {"date": "2023-02-04-00-00-00", "latency": 7}, {"date": "2023-02-04-00-00-00", "latency": 7}, {"date": "2023-02-04-00-00-00", "latency": 7}, {"date": "2023-02-04-00-00-00", "latency": 7}, {"date": "2023-02-04-00-00-00", "latency": 7}]}, {"location": {"country_code": "th"}, "game_id": "116088", "values": [{"date": "2023-02-03-06-00-00", "latency": 3}]}, {"location": {"country_code": "it"}, "game_id": "116088", "values": [{"date": "2023-02-03-23-00-00", "latency": 38}, {"date": "2023-02-03-17-00-00", "latency": 126}, {"date": "2023-02-03-17-00-00", "latency": 126}, {"date": "2023-02-03-17-00-00", "latency": 126}, {"date": "2023-02-03-17-00-00", "latency": 126}, {"date": "2023-02-03-17-00-00", "latency": 126}, {"date": "2023-02-03-17-00-00", "latency": 126}, {"date": "2023-02-03-17-00-00", "latency": 126}, {"date": "2023-02-03-17-00-00", "latency": 126}, {"date": "2023-02-03-17-00-00", "latency": 126}, {"date": "2023-02-03-17-00-00", "latency": 126}, {"date": "2023-02-03-17-00-00", "latency": 126}, {"date": "2023-02-03-17-00-00", "latency": 126}, {"date": "2023-02-03-17-00-00", "latency": 126}, {"date": "2023-02-03-17-00-00", "latency": 126}, {"date": "2023-02-03-17-00-00", "latency": 126}, {"date": "2023-02-03-17-00-00", "latency": 126}]}, {"location": {"country_code": "ro"}, "game_id": "116088", "values": [{"date": "2023-02-04-00-00-00", "latency": 9}]}, {"location": {"country_code": "de"}, "game_id": "116088", "values": [{"date": "2023-02-03-15-00-00", "latency": 49}, {"date": "2023-02-03-15-00-00", "latency": 49}]}, {"location": {"country_code": "tw"}, "game_id": "116088", "values": [{"date": "2023-02-03-17-00-00", "latency": 37}, {"date": "2023-02-03-17-00-00", "latency": 37}, {"date": "2023-02-03-17-00-00", "latency": 37}, {"date": "2023-02-03-17-00-00", "latency": 37}, {"date": "2023-02-03-17-00-00", "latency": 37}, {"date": "2023-02-03-17-00-00", "latency": 37}, {"date": "2023-02-03-17-00-00", "latency": 37}]}, {"location": {"country_code": "ph"}, "game_id": "116088", "values": [{"date": "2023-02-03-13-00-00", "latency": 34}, {"date": "2023-02-03-13-00-00", "latency": 34}, {"date": "2023-02-03-13-00-00", "latency": 34}, {"date": "2023-02-03-13-00-00", "latency": 34}]}, {"location": {"country_code": "br"}, "game_id": "116088", "values": [{"date": "2023-02-03-08-00-00", "latency": 0}, {"date": "2023-02-03-22-00-00", "latency": 1}, {"date": "2023-02-03-22-00-00", "latency": 1}]}, {"location": {"country_code": "br", "region": "Paraiba"}, "game_id": "116088", "values": [{"date": "2023-02-03-20-00-00", "latency": 58}]}, {"location": {"country_code": "us", "region": "California", "city": "East Los Angeles"}, "game_id": "116088", "values": [{"date": "2023-02-03-14-00-00", "latency": 32}, {"date": "2023-02-03-14-00-00", "latency": 32}, {"date": "2023-02-03-14-00-00", "latency": 32}, {"date": "2023-02-03-14-00-00", "latency": 32}, {"date": "2023-02-03-14-00-00", "latency": 32}, {"date": "2023-02-03-14-00-00", "latency": 32}, {"date": "2023-02-03-14-00-00", "latency": 32}, {"date": "2023-02-03-14-00-00", "latency": 32}, {"date": "2023-02-03-14-00-00", "latency": 32}, {"date": "2023-02-03-14-00-00", "latency": 32}, {"date": "2023-02-03-14-00-00", "latency": 32}, {"date": "2023-02-03-14-00-00", "latency": 32}]}, {"location": {"country_code": "tr"}, "game_id": "116088", "values": [{"date": "2023-02-03-11-00-00", "latency": 55}, {"date": "2023-02-03-11-00-00", "latency": 55}, {"date": "2023-02-03-11-00-00", "latency": 55}, {"date": "2023-02-03-11-00-00", "latency": 55}]}, {"location": {"country_code": "ca", "region": "Ontario"}, "game_id": "116088", "values": [{"date": "2023-02-03-02-00-00", "latency": 7}]}, {"location": {"country_code": "bo"}, "game_id": "116088", "values": [{"date": "2023-02-03-04-00-00", "latency": 3}]}, {"location": {"country_code": "fi"}, "game_id": "116088", "values": [{"date": "2023-02-03-13-00-00", "latency": 8}, {"date": "2023-02-03-13-00-00", "latency": 8}, {"date": "2023-02-03-23-00-00", "latency": 37}, {"date": "2023-02-03-23-00-00", "latency": 37}, {"date": "2023-02-03-23-00-00", "latency": 37}, {"date": "2023-02-03-23-00-00", "latency": 37}, {"date": "2023-02-03-23-00-00", "latency": 37}, {"date": "2023-02-03-23-00-00", "latency": 37}, {"date": "2023-02-03-23-00-00", "latency": 37}, {"date": "2023-02-03-23-00-00", "latency": 37}]}, {"location": {"country_code": "us", "region": "Nevada", "city": "Las Vegas"}, "game_id": "116088", "values": [{"date": "2023-02-03-21-00-00", "latency": 74}]}, {"location": {"country_code": "ua"}, "game_id": "116088", "values": [{"date": "2023-02-03-04-00-00", "latency": 36}, {"date": "2023-02-03-04-00-00", "latency": 36}, {"date": "2023-02-03-04-00-00", "latency": 36}, {"date": "2023-02-03-04-00-00", "latency": 36}, {"date": "2023-02-03-04-00-00", "latency": 36}, {"date": "2023-02-03-04-00-00", "latency": 36}, {"date": "2023-02-03-10-00-00", "latency": 1}, {"date": "2023-02-03-10-00-00", "latency": 1}, {"date": "2023-02-03-10-00-00", "latency": 1}, {"date": "2023-02-03-10-00-00", "latency": 1}, {"date": "2023-02-03-10-00-00", "latency": 1}, {"date": "2023-02-03-02-00-00", "latency": 2}, {"date": "2023-02-04-01-00-00", "latency": 1}, {"date": "2023-02-03-11-00-00", "latency": 0}, {"date": "2023-02-03-19-00-00", "latency": 105}, {"date": "2023-02-03-19-00-00", "latency": 105}, {"date": "2023-02-03-19-00-00", "latency": 105}, {"date": "2023-02-03-19-00-00", "latency": 105}, {"date": "2023-02-03-12-00-00", "latency": 53}, {"date": "2023-02-03-12-00-00", "latency": 53}]}, {"location": {"country_code": "kz"}, "game_id": "116088", "values": [{"date": "2023-02-03-23-00-00", "latency": 6}]}, {"location": {"country_code": "ru", "region": "Leningrad", "city": "Saint Petersburg"}, "game_id": "116088", "values": [{"date": "2023-02-03-19-00-00", "latency": 81}, {"date": "2023-02-03-19-00-00", "latency": 81}]}, {"location": {"country_code": "ru"}, "game_id": "116088", "values": [{"date": "2023-02-03-13-00-00", "latency": 42}, {"date": "2023-02-03-13-00-00", "latency": 42}]}, {"location": {"country_code": "id"}, "game_id": "116088", "values": [{"date": "2023-02-03-20-00-00", "latency": 8}, {"date": "2023-02-03-20-00-00", "latency": 8}, {"date": "2023-02-03-20-00-00", "latency": 8}, {"date": "2023-02-03-20-00-00", "latency": 8}, {"date": "2023-02-03-20-00-00", "latency": 8}]}, {"location": {"country_code": "ir"}, "game_id": "116088", "values": [{"date": "2023-02-03-12-00-00", "latency": 111}, {"date": "2023-02-03-12-00-00", "latency": 111}, {"date": "2023-02-03-12-00-00", "latency": 111}]}, {"location": {"country_code": "au", "region": "Western Australia", "city": "Perth"}, "game_id": "116088", "values": [{"date": "2023-02-03-13-00-00", "latency": 5}, {"date": "2023-02-03-13-00-00", "latency": 5}, {"date": "2023-02-03-13-00-00", "latency": 5}, {"date": "2023-02-03-13-00-00", "latency": 5}, {"date": "2023-02-03-13-00-00", "latency": 5}]}, {"location": {"country_code": "by"}, "game_id": "116088", "values": [{"date": "2023-02-03-23-00-00", "latency": 0}, {"date": "2023-02-03-23-00-00", "latency": 0}]}, {"location": {"country_code": "ee"}, "game_id": "116088", "values": [{"date": "2023-02-03-21-00-00", "latency": 5}]}, {"location": {"country_code": "ru", "region": "Novosibirsk Oblast", "city": "Novosibirsk"}, "game_id": "116088", "values": [{"date": "2023-02-03-14-00-00", "latency": 89}, {"date": "2023-02-03-14-00-00", "latency": 89}, {"date": "2023-02-03-14-00-00", "latency": 89}, {"date": "2023-02-03-14-00-00", "latency": 89}, {"date": "2023-02-03-14-00-00", "latency": 89}]}, {"location": {"country_code": "pe", "region": "Arequipa", "city": "Arequipa"}, "game_id": "116088", "values": [{"date": "2023-02-03-19-00-00", "latency": 1}]}, {"location": {"country_code": "br", "region": "Goias"}, "game_id": "116088", "values": [{"date": "2023-02-03-05-00-00", "latency": 0}]}, {"location": {"country_code": "mg"}, "game_id": "116088", "values": [{"date": "2023-02-03-18-00-00", "latency": 0}, {"date": "2023-02-03-18-00-00", "latency": 0}, {"date": "2023-02-03-18-00-00", "latency": 0}, {"date": "2023-02-03-18-00-00", "latency": 0}, {"date": "2023-02-03-18-00-00", "latency": 0}, {"date": "2023-02-03-18-00-00", "latency": 0}, {"date": "2023-02-03-18-00-00", "latency": 0}]}, {"location": {"country_code": "be", "region": "East Flanders Province", "city": "Ghent"}, "game_id": "116088", "values": [{"date": "2023-02-03-14-00-00", "latency": 3}]}, {"location": {"country_code": "bo", "region": "La Paz Department", "city": "Patacamaya"}, "game_id": "116088", "values": [{"date": "2023-02-03-04-00-00", "latency": 53}]}, {"location": {"country_code": "gr", "region": "Apokentromeni Dioikisi Kritis"}, "game_id": "116088", "values": [{"date": "2023-02-03-22-00-00", "latency": 0}]}, {"location": {"country_code": "ua", "region": "Volyn Oblast", "city": "Lutsk"}, "game_id": "116088", "values": [{"date": "2023-02-03-20-00-00", "latency": 0}]}, {"location": {"country_code": "tj", "region": "Dushanbe"}, "game_id": "116088", "values": [{"date": "2023-02-03-22-00-00", "latency": 7}, {"date": "2023-02-03-22-00-00", "latency": 7}]}], "last_updated": 1719919367.520038}