{"data": [{"location": {"country_code": "us"}, "game_id": "116088", "values": [{"date": "2023-02-24-14-00-00", "latency": 0}]}, {"location": {"country_code": "jp"}, "game_id": "116088", "values": [{"date": "2023-02-24-04-00-00", "latency": 26}, {"date": "2023-02-24-04-00-00", "latency": 26}, {"date": "2023-02-24-04-00-00", "latency": 26}, {"date": "2023-02-24-04-00-00", "latency": 26}]}, {"location": {"country_code": "cl"}, "game_id": "116088", "values": [{"date": "2023-02-24-03-00-00", "latency": 39}, {"date": "2023-02-24-03-00-00", "latency": 39}, {"date": "2023-02-24-03-00-00", "latency": 39}, {"date": "2023-02-24-03-00-00", "latency": 39}, {"date": "2023-02-24-03-00-00", "latency": 39}]}, {"location": {"country_code": "ph"}, "game_id": "116088", "values": [{"date": "2023-02-24-15-00-00", "latency": 52}, {"date": "2023-02-24-15-00-00", "latency": 52}, {"date": "2023-02-24-15-00-00", "latency": 52}, {"date": "2023-02-24-15-00-00", "latency": 52}, {"date": "2023-02-24-20-00-00", "latency": 122}, {"date": "2023-02-24-20-00-00", "latency": 122}, {"date": "2023-02-24-05-00-00", "latency": 0}, {"date": "2023-02-24-03-00-00", "latency": 70}, {"date": "2023-02-24-03-00-00", "latency": 70}]}, {"location": {"country_code": "in"}, "game_id": "116088", "values": [{"date": "2023-02-24-12-00-00", "latency": 43}]}, {"location": {"country_code": "us", "region": "California"}, "game_id": "116088", "values": [{"date": "2023-02-24-07-00-00", "latency": 47}]}, {"location": {"country_code": "br"}, "game_id": "116088", "values": [{"date": "2023-02-24-08-00-00", "latency": 0}, {"date": "2023-02-24-08-00-00", "latency": 0}, {"date": "2023-02-24-08-00-00", "latency": 0}]}, {"location": {"country_code": "se"}, "game_id": "116088", "values": [{"date": "2023-02-24-14-00-00", "latency": 9}, {"date": "2023-02-24-14-00-00", "latency": 9}, {"date": "2023-02-24-14-00-00", "latency": 9}, {"date": "2023-02-24-14-00-00", "latency": 9}, {"date": "2023-02-24-14-00-00", "latency": 9}, {"date": "2023-02-24-14-00-00", "latency": 9}, {"date": "2023-02-24-14-00-00", "latency": 9}, {"date": "2023-02-24-14-00-00", "latency": 9}, {"date": "2023-02-24-14-00-00", "latency": 9}]}, {"location": {"country_code": "ca", "region": "Ontario"}, "game_id": "116088", "values": [{"date": "2023-02-24-19-00-00", "latency": 37}, {"date": "2023-02-24-19-00-00", "latency": 37}, {"date": "2023-02-24-19-00-00", "latency": 37}, {"date": "2023-02-24-19-00-00", "latency": 37}, {"date": "2023-02-24-19-00-00", "latency": 37}, {"date": "2023-02-24-19-00-00", "latency": 37}, {"date": "2023-02-24-19-00-00", "latency": 37}, {"date": "2023-02-24-19-00-00", "latency": 37}, {"date": "2023-02-24-19-00-00", "latency": 37}, {"date": "2023-02-24-19-00-00", "latency": 37}, {"date": "2023-02-24-19-00-00", "latency": 37}, {"date": "2023-02-24-19-00-00", "latency": 37}, {"date": "2023-02-24-19-00-00", "latency": 37}]}, {"location": {"country_code": "vn"}, "game_id": "116088", "values": [{"date": "2023-02-24-09-00-00", "latency": 4}]}, {"location": {"country_code": "in", "region": "Maharashtra", "city": "Navi Mumbai"}, "game_id": "116088", "values": [{"date": "2023-02-24-20-00-00", "latency": 12}]}, {"location": {"country_code": "cn"}, "game_id": "116088", "values": [{"date": "2023-02-24-07-00-00", "latency": 0}]}, {"location": {"country_code": "ua"}, "game_id": "116088", "values": [{"date": "2023-02-24-18-00-00", "latency": 1}, {"date": "2023-02-24-18-00-00", "latency": 1}, {"date": "2023-02-24-18-00-00", "latency": 1}, {"date": "2023-02-24-18-00-00", "latency": 1}, {"date": "2023-02-24-18-00-00", "latency": 1}, {"date": "2023-02-24-18-00-00", "latency": 1}, {"date": "2023-02-24-22-00-00", "latency": 80}, {"date": "2023-02-24-22-00-00", "latency": 80}, {"date": "2023-02-24-22-00-00", "latency": 80}, {"date": "2023-02-24-22-00-00", "latency": 80}, {"date": "2023-02-24-22-00-00", "latency": 80}, {"date": "2023-02-24-22-00-00", "latency": 80}, {"date": "2023-02-24-07-00-00", "latency": 36}, {"date": "2023-02-24-07-00-00", "latency": 36}, {"date": "2023-02-24-07-00-00", "latency": 36}, {"date": "2023-02-24-07-00-00", "latency": 36}, {"date": "2023-02-24-07-00-00", "latency": 36}]}, {"location": {"country_code": "ua", "region": "Kyiv"}, "game_id": "116088", "values": [{"date": "2023-02-24-15-00-00", "latency": 15}, {"date": "2023-02-24-21-00-00", "latency": 2}, {"date": "2023-02-24-21-00-00", "latency": 2}, {"date": "2023-02-24-21-00-00", "latency": 2}]}, {"location": {"country_code": "ru"}, "game_id": "116088", "values": [{"date": "2023-02-24-20-00-00", "latency": 63}, {"date": "2023-02-24-20-00-00", "latency": 63}, {"date": "2023-02-24-20-00-00", "latency": 63}, {"date": "2023-02-24-20-00-00", "latency": 63}, {"date": "2023-02-24-07-00-00", "latency": 2126}, {"date": "2023-02-24-02-00-00", "latency": 43}, {"date": "2023-02-24-02-00-00", "latency": 43}, {"date": "2023-02-24-02-00-00", "latency": 43}, {"date": "2023-02-24-02-00-00", "latency": 43}, {"date": "2023-02-24-20-00-00", "latency": 3}]}, {"location": {"country_code": "id"}, "game_id": "116088", "values": [{"date": "2023-02-24-13-00-00", "latency": 2}, {"date": "2023-02-24-13-00-00", "latency": 2}]}, {"location": {"country_code": "ir"}, "game_id": "116088", "values": [{"date": "2023-02-24-12-00-00", "latency": 0}, {"date": "2023-02-24-12-00-00", "latency": 0}]}, {"location": {"country_code": "by"}, "game_id": "116088", "values": [{"date": "2023-02-24-04-00-00", "latency": 74}]}, {"location": {"country_code": "us", "region": "California", "city": "Irvine"}, "game_id": "116088", "values": [{"date": "2023-02-25-01-00-00", "latency": 45}, {"date": "2023-02-25-01-00-00", "latency": 45}, {"date": "2023-02-25-01-00-00", "latency": 45}, {"date": "2023-02-25-01-00-00", "latency": 45}, {"date": "2023-02-25-01-00-00", "latency": 45}]}, {"location": {"country_code": "mg"}, "game_id": "116088", "values": [{"date": "2023-02-24-10-00-00", "latency": 3}]}, {"location": {"country_code": "in", "region": "National Capital Territory of Delhi", "city": "New Delhi"}, "game_id": "116088", "values": [{"date": "2023-02-24-18-00-00", "latency": 7}]}, {"location": {"country_code": "ru", "region": "Novosibirsk Oblast", "city": "Novosibirsk"}, "game_id": "116088", "values": [{"date": "2023-02-24-12-00-00", "latency": 87}, {"date": "2023-02-24-12-00-00", "latency": 87}, {"date": "2023-02-24-12-00-00", "latency": 87}, {"date": "2023-02-24-12-00-00", "latency": 87}, {"date": "2023-02-24-12-00-00", "latency": 87}, {"date": "2023-02-24-12-00-00", "latency": 87}, {"date": "2023-02-24-12-00-00", "latency": 87}, {"date": "2023-02-24-12-00-00", "latency": 87}, {"date": "2023-02-24-12-00-00", "latency": 87}, {"date": "2023-02-24-12-00-00", "latency": 87}, {"date": "2023-02-24-12-00-00", "latency": 87}]}, {"location": {"country_code": "us", "region": "Colorado", "city": "Colorado Springs"}, "game_id": "116088", "values": [{"date": "2023-02-24-04-00-00", "latency": 52}, {"date": "2023-02-24-04-00-00", "latency": 52}, {"date": "2023-02-24-04-00-00", "latency": 52}, {"date": "2023-02-24-04-00-00", "latency": 52}, {"date": "2023-02-24-04-00-00", "latency": 52}, {"date": "2023-02-24-04-00-00", "latency": 52}]}], "last_updated": 1719919369.664981}