{"data": [{"location": {"country_code": "mx", "region": "State of Mexico"}, "game_id": "295590", "values": [{"date": "2023-02-20-04-00-00", "latency": 9}]}, {"location": {"country_code": "mx"}, "game_id": "295590", "values": [{"date": "2023-02-20-03-00-00", "latency": 0}, {"date": "2023-02-20-11-00-00", "latency": 6}, {"date": "2023-02-20-11-00-00", "latency": 6}, {"date": "2023-02-20-06-00-00", "latency": 6}, {"date": "2023-02-20-05-00-00", "latency": 7}, {"date": "2023-02-20-02-00-00", "latency": 1}, {"date": "2023-02-20-02-00-00", "latency": 1}, {"date": "2023-02-20-06-00-00", "latency": 2}, {"date": "2023-02-20-05-00-00", "latency": 2}, {"date": "2023-02-20-05-00-00", "latency": 2}, {"date": "2023-02-20-10-00-00", "latency": 8}, {"date": "2023-02-20-06-00-00", "latency": 12}, {"date": "2023-02-20-06-00-00", "latency": 1}, {"date": "2023-02-20-06-00-00", "latency": 1}, {"date": "2023-02-20-06-00-00", "latency": 1}, {"date": "2023-02-20-04-00-00", "latency": 7}, {"date": "2023-02-20-04-00-00", "latency": 7}, {"date": "2023-02-20-04-00-00", "latency": 5}, {"date": "2023-02-20-06-00-00", "latency": 7}, {"date": "2023-02-20-08-00-00", "latency": 9}, {"date": "2023-02-20-08-00-00", "latency": 9}, {"date": "2023-02-20-08-00-00", "latency": 9}, {"date": "2023-02-20-04-00-00", "latency": 1}, {"date": "2023-02-20-04-00-00", "latency": 1}, {"date": "2023-02-20-04-00-00", "latency": 1}, {"date": "2023-02-20-22-00-00", "latency": 5}, {"date": "2023-02-20-22-00-00", "latency": 5}, {"date": "2023-02-20-22-00-00", "latency": 5}, {"date": "2023-02-20-09-00-00", "latency": 9}, {"date": "2023-02-21-00-00-00", "latency": 3}, {"date": "2023-02-20-07-00-00", "latency": 13}]}, {"location": {"country_code": "us"}, "game_id": "295590", "values": [{"date": "2023-02-20-22-00-00", "latency": 4}, {"date": "2023-02-20-17-00-00", "latency": 14}, {"date": "2023-02-20-06-00-00", "latency": 21}, {"date": "2023-02-20-06-00-00", "latency": 21}, {"date": "2023-02-20-04-00-00", "latency": 6}, {"date": "2023-02-20-04-00-00", "latency": 6}, {"date": "2023-02-20-18-00-00", "latency": 5}]}, {"location": {"country_code": "us", "region": "California", "city": "East Los Angeles"}, "game_id": "295590", "values": [{"date": "2023-02-21-00-00-00", "latency": 5}, {"date": "2023-02-20-03-00-00", "latency": 6}, {"date": "2023-02-20-03-00-00", "latency": 6}]}, {"location": {"country_code": "nz", "region": "Auckland", "city": "Auckland"}, "game_id": "295590", "values": [{"date": "2023-02-20-05-00-00", "latency": 3}]}, {"location": {"country_code": "de", "region": "Berlin", "city": "Berlin"}, "game_id": "295590", "values": [{"date": "2023-02-20-02-00-00", "latency": 1}]}, {"location": {"country_code": "us", "region": "New York", "city": "Jamestown"}, "game_id": "295590", "values": [{"date": "2023-02-20-02-00-00", "latency": 9}, {"date": "2023-02-20-08-00-00", "latency": 23}, {"date": "2023-02-20-08-00-00", "latency": 23}, {"date": "2023-02-20-08-00-00", "latency": 23}, {"date": "2023-02-20-08-00-00", "latency": 23}, {"date": "2023-02-20-08-00-00", "latency": 23}]}, {"location": {"country_code": "gb"}, "game_id": "295590", "values": [{"date": "2023-02-21-00-00-00", "latency": 3}, {"date": "2023-02-20-12-00-00", "latency": 71}, {"date": "2023-02-20-12-00-00", "latency": 71}, {"date": "2023-02-20-12-00-00", "latency": 71}, {"date": "2023-02-20-12-00-00", "latency": 71}]}, {"location": {"country_code": "th"}, "game_id": "295590", "values": [{"date": "2023-02-20-17-00-00", "latency": 0}]}, {"location": {"country_code": "gr"}, "game_id": "295590", "values": [{"date": "2023-02-21-01-00-00", "latency": 0}, {"date": "2023-02-21-01-00-00", "latency": 0}, {"date": "2023-02-20-20-00-00", "latency": 3}]}, {"location": {"country_code": "bg", "region": "Sofia-Capital", "city": "Sofia"}, "game_id": "295590", "values": [{"date": "2023-02-20-13-00-00", "latency": 54}]}, {"location": {"country_code": "it"}, "game_id": "295590", "values": [{"date": "2023-02-20-22-00-00", "latency": 5}, {"date": "2023-02-20-17-00-00", "latency": 0}, {"date": "2023-02-20-17-00-00", "latency": 0}, {"date": "2023-02-20-17-00-00", "latency": 0}, {"date": "2023-02-20-17-00-00", "latency": 0}]}, {"location": {"country_code": "ph"}, "game_id": "295590", "values": [{"date": "2023-02-21-01-00-00", "latency": 294}, {"date": "2023-02-21-01-00-00", "latency": 294}, {"date": "2023-02-21-01-00-00", "latency": 294}, {"date": "2023-02-21-01-00-00", "latency": 294}, {"date": "2023-02-21-01-00-00", "latency": 294}, {"date": "2023-02-20-07-00-00", "latency": 2}, {"date": "2023-02-20-19-00-00", "latency": 20}, {"date": "2023-02-20-19-00-00", "latency": 20}, {"date": "2023-02-20-18-00-00", "latency": 15}, {"date": "2023-02-20-18-00-00", "latency": 15}, {"date": "2023-02-20-18-00-00", "latency": 26}, {"date": "2023-02-20-18-00-00", "latency": 26}, {"date": "2023-02-20-10-00-00", "latency": 7}, {"date": "2023-02-20-20-00-00", "latency": 1}, {"date": "2023-02-20-08-00-00", "latency": 25}, {"date": "2023-02-20-08-00-00", "latency": 25}, {"date": "2023-02-20-08-00-00", "latency": 25}, {"date": "2023-02-20-08-00-00", "latency": 25}, {"date": "2023-02-20-09-00-00", "latency": 57}, {"date": "2023-02-20-09-00-00", "latency": 57}, {"date": "2023-02-20-09-00-00", "latency": 57}, {"date": "2023-02-20-09-00-00", "latency": 57}]}, {"location": {"country_code": "ro"}, "game_id": "295590", "values": [{"date": "2023-02-20-11-00-00", "latency": 19}, {"date": "2023-02-20-11-00-00", "latency": 19}, {"date": "2023-02-20-11-00-00", "latency": 19}, {"date": "2023-02-20-11-00-00", "latency": 19}, {"date": "2023-02-20-11-00-00", "latency": 19}]}, {"location": {"country_code": "za"}, "game_id": "295590", "values": [{"date": "2023-02-20-19-00-00", "latency": 11}, {"date": "2023-02-20-19-00-00", "latency": 11}, {"date": "2023-02-20-19-00-00", "latency": 11}, {"date": "2023-02-20-19-00-00", "latency": 11}, {"date": "2023-02-20-19-00-00", "latency": 11}, {"date": "2023-02-20-19-00-00", "latency": 11}, {"date": "2023-02-20-10-00-00", "latency": 1}]}, {"location": {"country_code": "jp"}, "game_id": "295590", "values": [{"date": "2023-02-20-05-00-00", "latency": 3051}, {"date": "2023-02-20-13-00-00", "latency": 9}, {"date": "2023-02-20-03-00-00", "latency": 0}]}, {"location": {"country_code": "ca"}, "game_id": "295590", "values": [{"date": "2023-02-20-12-00-00", "latency": 8}, {"date": "2023-02-20-22-00-00", "latency": 5}, {"date": "2023-02-20-18-00-00", "latency": 4}, {"date": "2023-02-20-18-00-00", "latency": 4}, {"date": "2023-02-20-23-00-00", "latency": 8}, {"date": "2023-02-20-23-00-00", "latency": 8}, {"date": "2023-02-20-23-00-00", "latency": 8}, {"date": "2023-02-20-23-00-00", "latency": 8}, {"date": "2023-02-20-23-00-00", "latency": 8}, {"date": "2023-02-20-23-00-00", "latency": 8}, {"date": "2023-02-20-23-00-00", "latency": 8}, {"date": "2023-02-21-01-00-00", "latency": 5}, {"date": "2023-02-21-01-00-00", "latency": 5}]}, {"location": {"country_code": "de"}, "game_id": "295590", "values": [{"date": "2023-02-20-01-00-00", "latency": 3}, {"date": "2023-02-20-23-00-00", "latency": 5}, {"date": "2023-02-20-23-00-00", "latency": 4}, {"date": "2023-02-20-15-00-00", "latency": 1}, {"date": "2023-02-21-01-00-00", "latency": 37}, {"date": "2023-02-21-01-00-00", "latency": 37}]}, {"location": {"country_code": "tw"}, "game_id": "295590", "values": [{"date": "2023-02-20-18-00-00", "latency": 20}, {"date": "2023-02-20-18-00-00", "latency": 20}]}, {"location": {"country_code": "br", "region": "Parana", "city": "Araucaria"}, "game_id": "295590", "values": [{"date": "2023-02-20-22-00-00", "latency": 11}]}, {"location": {"country_code": "us", "region": "Indiana"}, "game_id": "295590", "values": [{"date": "2023-02-20-22-00-00", "latency": 21}, {"date": "2023-02-20-22-00-00", "latency": 21}, {"date": "2023-02-20-22-00-00", "latency": 21}, {"date": "2023-02-20-22-00-00", "latency": 21}, {"date": "2023-02-20-22-00-00", "latency": 21}, {"date": "2023-02-20-22-00-00", "latency": 21}, {"date": "2023-02-20-22-00-00", "latency": 21}, {"date": "2023-02-20-22-00-00", "latency": 21}, {"date": "2023-02-20-22-00-00", "latency": 21}, {"date": "2023-02-20-22-00-00", "latency": 21}, {"date": "2023-02-20-22-00-00", "latency": 21}, {"date": "2023-02-20-22-00-00", "latency": 21}, {"date": "2023-02-20-22-00-00", "latency": 21}]}, {"location": {"country_code": "cl"}, "game_id": "295590", "values": [{"date": "2023-02-20-07-00-00", "latency": 18}, {"date": "2023-02-20-07-00-00", "latency": 18}, {"date": "2023-02-20-07-00-00", "latency": 18}, {"date": "2023-02-20-02-00-00", "latency": 2}]}, {"location": {"country_code": "us", "region": "Texas"}, "game_id": "295590", "values": [{"date": "2023-02-20-06-00-00", "latency": 4}, {"date": "2023-02-20-17-00-00", "latency": 0}, {"date": "2023-02-20-04-00-00", "latency": 3}, {"date": "2023-02-20-06-00-00", "latency": 7}]}, {"location": {"country_code": "us", "region": "Florida"}, "game_id": "295590", "values": [{"date": "2023-02-20-05-00-00", "latency": 5}, {"date": "2023-02-20-23-00-00", "latency": 8}, {"date": "2023-02-20-06-00-00", "latency": 4}]}, {"location": {"country_code": "fr"}, "game_id": "295590", "values": [{"date": "2023-02-20-16-00-00", "latency": 0}, {"date": "2023-02-20-12-00-00", "latency": 5}, {"date": "2023-02-20-04-00-00", "latency": 4}, {"date": "2023-02-20-22-00-00", "latency": 5}, {"date": "2023-02-20-01-00-00", "latency": 4}, {"date": "2023-02-20-15-00-00", "latency": 0}, {"date": "2023-02-20-15-00-00", "latency": 0}, {"date": "2023-02-21-00-00-00", "latency": 2}]}, {"location": {"country_code": "mx", "region": "Mexico City"}, "game_id": "295590", "values": [{"date": "2023-02-20-06-00-00", "latency": 2}, {"date": "2023-02-20-05-00-00", "latency": 4}, {"date": "2023-02-20-05-00-00", "latency": 4}, {"date": "2023-02-20-05-00-00", "latency": 4}, {"date": "2023-02-20-09-00-00", "latency": 1}, {"date": "2023-02-20-09-00-00", "latency": 1}, {"date": "2023-02-20-09-00-00", "latency": 1}, {"date": "2023-02-20-09-00-00", "latency": 1}, {"date": "2023-02-20-09-00-00", "latency": 1}, {"date": "2023-02-20-09-00-00", "latency": 1}]}, {"location": {"country_code": "us", "region": "California"}, "game_id": "295590", "values": [{"date": "2023-02-21-00-00-00", "latency": 7}, {"date": "2023-02-21-00-00-00", "latency": 7}, {"date": "2023-02-21-00-00-00", "latency": 7}, {"date": "2023-02-21-00-00-00", "latency": 7}, {"date": "2023-02-21-00-00-00", "latency": 7}, {"date": "2023-02-21-00-00-00", "latency": 6}]}, {"location": {"country_code": "us", "region": "Arizona", "city": "Phoenix"}, "game_id": "295590", "values": [{"date": "2023-02-20-17-00-00", "latency": 27}, {"date": "2023-02-20-17-00-00", "latency": 27}, {"date": "2023-02-20-17-00-00", "latency": 27}]}, {"location": {"country_code": "rs"}, "game_id": "295590", "values": [{"date": "2023-02-20-23-00-00", "latency": 1}, {"date": "2023-02-20-23-00-00", "latency": 1}]}, {"location": {"country_code": "br"}, "game_id": "295590", "values": [{"date": "2023-02-20-06-00-00", "latency": 2}, {"date": "2023-02-20-17-00-00", "latency": 2}, {"date": "2023-02-20-18-00-00", "latency": 3}, {"date": "2023-02-20-18-00-00", "latency": 3}, {"date": "2023-02-20-18-00-00", "latency": 3}, {"date": "2023-02-21-00-00-00", "latency": 5}, {"date": "2023-02-20-18-00-00", "latency": 1}, {"date": "2023-02-20-04-00-00", "latency": 4}, {"date": "2023-02-20-02-00-00", "latency": 7}, {"date": "2023-02-20-02-00-00", "latency": 7}, {"date": "2023-02-20-02-00-00", "latency": 7}, {"date": "2023-02-21-01-00-00", "latency": 2}]}, {"location": {"country_code": "br", "region": "Sao Paulo", "city": "Apiai"}, "game_id": "295590", "values": [{"date": "2023-02-20-08-00-00", "latency": 1}]}, {"location": {"country_code": "se"}, "game_id": "295590", "values": [{"date": "2023-02-20-16-00-00", "latency": 0}, {"date": "2023-02-20-22-00-00", "latency": 2}]}, {"location": {"country_code": "no"}, "game_id": "295590", "values": [{"date": "2023-02-20-13-00-00", "latency": 4}, {"date": "2023-02-20-13-00-00", "latency": 4}]}, {"location": {"country_code": "ec"}, "game_id": "295590", "values": [{"date": "2023-02-20-11-00-00", "latency": 6}, {"date": "2023-02-20-19-00-00", "latency": 2}, {"date": "2023-02-20-07-00-00", "latency": 12}, {"date": "2023-02-20-07-00-00", "latency": 12}, {"date": "2023-02-20-07-00-00", "latency": 12}]}, {"location": {"country_code": "au"}, "game_id": "295590", "values": [{"date": "2023-02-20-12-00-00", "latency": 27}, {"date": "2023-02-20-12-00-00", "latency": 27}, {"date": "2023-02-20-12-00-00", "latency": 27}, {"date": "2023-02-20-16-00-00", "latency": 6}, {"date": "2023-02-20-08-00-00", "latency": 2}, {"date": "2023-02-20-20-00-00", "latency": 9}]}, {"location": {"country_code": "td"}, "game_id": "295590", "values": [{"date": "2023-02-20-05-00-00", "latency": 12}]}, {"location": {"country_code": "tr"}, "game_id": "295590", "values": [{"date": "2023-02-20-22-00-00", "latency": 2}, {"date": "2023-02-20-22-00-00", "latency": 2}, {"date": "2023-02-20-22-00-00", "latency": 2}, {"date": "2023-02-21-00-00-00", "latency": 2}]}, {"location": {"country_code": "ca", "region": "Ontario"}, "game_id": "295590", "values": [{"date": "2023-02-20-19-00-00", "latency": 49}]}, {"location": {"country_code": "es"}, "game_id": "295590", "values": [{"date": "2023-02-20-19-00-00", "latency": 3}, {"date": "2023-02-20-22-00-00", "latency": 1}, {"date": "2023-02-20-22-00-00", "latency": 1}]}, {"location": {"country_code": "ar"}, "game_id": "295590", "values": [{"date": "2023-02-20-10-00-00", "latency": 7}, {"date": "2023-02-20-05-00-00", "latency": 0}, {"date": "2023-02-20-22-00-00", "latency": 2}, {"date": "2023-02-20-22-00-00", "latency": 2}, {"date": "2023-02-20-04-00-00", "latency": 8}, {"date": "2023-02-20-04-00-00", "latency": 8}, {"date": "2023-02-20-07-00-00", "latency": 1}, {"date": "2023-02-20-05-00-00", "latency": 4}, {"date": "2023-02-20-05-00-00", "latency": 4}, {"date": "2023-02-20-05-00-00", "latency": 4}, {"date": "2023-02-20-07-00-00", "latency": 5}, {"date": "2023-02-20-07-00-00", "latency": 5}, {"date": "2023-02-20-07-00-00", "latency": 5}, {"date": "2023-02-20-07-00-00", "latency": 5}, {"date": "2023-02-20-07-00-00", "latency": 5}, {"date": "2023-02-20-07-00-00", "latency": 5}, {"date": "2023-02-20-07-00-00", "latency": 5}, {"date": "2023-02-20-11-00-00", "latency": 1}, {"date": "2023-02-20-06-00-00", "latency": 9}, {"date": "2023-02-20-06-00-00", "latency": 9}, {"date": "2023-02-20-21-00-00", "latency": 10}, {"date": "2023-02-20-21-00-00", "latency": 10}, {"date": "2023-02-20-21-00-00", "latency": 10}, {"date": "2023-02-20-21-00-00", "latency": 10}, {"date": "2023-02-20-21-00-00", "latency": 10}, {"date": "2023-02-20-21-00-00", "latency": 3}, {"date": "2023-02-20-18-00-00", "latency": 50}, {"date": "2023-02-20-18-00-00", "latency": 50}, {"date": "2023-02-20-03-00-00", "latency": 47}, {"date": "2023-02-20-03-00-00", "latency": 47}, {"date": "2023-02-20-03-00-00", "latency": 47}, {"date": "2023-02-20-02-00-00", "latency": 8}, {"date": "2023-02-20-02-00-00", "latency": 12}]}, {"location": {"country_code": "ar", "region": "Cordoba Province", "city": "Rio Cuarto"}, "game_id": "295590", "values": [{"date": "2023-02-21-01-00-00", "latency": 3}, {"date": "2023-02-21-01-00-00", "latency": 3}, {"date": "2023-02-21-01-00-00", "latency": 3}, {"date": "2023-02-21-01-00-00", "latency": 3}, {"date": "2023-02-21-01-00-00", "latency": 3}, {"date": "2023-02-21-01-00-00", "latency": 3}, {"date": "2023-02-21-01-00-00", "latency": 3}, {"date": "2023-02-21-01-00-00", "latency": 3}, {"date": "2023-02-21-01-00-00", "latency": 3}, {"date": "2023-02-21-01-00-00", "latency": 3}, {"date": "2023-02-21-01-00-00", "latency": 3}, {"date": "2023-02-21-01-00-00", "latency": 3}, {"date": "2023-02-21-01-00-00", "latency": 3}, {"date": "2023-02-21-01-00-00", "latency": 3}, {"date": "2023-02-21-01-00-00", "latency": 3}, {"date": "2023-02-21-01-00-00", "latency": 3}, {"date": "2023-02-21-01-00-00", "latency": 3}, {"date": "2023-02-20-10-00-00", "latency": 3}, {"date": "2023-02-20-06-00-00", "latency": 15}, {"date": "2023-02-20-22-00-00", "latency": 0}]}, {"location": {"country_code": "bo"}, "game_id": "295590", "values": [{"date": "2023-02-20-05-00-00", "latency": 3}, {"date": "2023-02-20-19-00-00", "latency": 1701}, {"date": "2023-02-20-19-00-00", "latency": 1701}]}, {"location": {"country_code": "us", "region": "Michigan", "city": "Detroit"}, "game_id": "295590", "values": [{"date": "2023-02-20-22-00-00", "latency": 4}]}, {"location": {"country_code": "fi"}, "game_id": "295590", "values": [{"date": "2023-02-20-22-00-00", "latency": 3}, {"date": "2023-02-20-22-00-00", "latency": 3}]}, {"location": {"country_code": "us", "region": "Hawaii"}, "game_id": "295590", "values": [{"date": "2023-02-20-13-00-00", "latency": 33}]}, {"location": {"country_code": "ar", "region": "Buenos Aires F.D.", "city": "Bahia Blanca"}, "game_id": "295590", "values": [{"date": "2023-02-20-09-00-00", "latency": 7}, {"date": "2023-02-21-00-00-00", "latency": 4}]}, {"location": {"country_code": "ar", "region": "Buenos Aires"}, "game_id": "295590", "values": [{"date": "2023-02-20-08-00-00", "latency": 0}]}, {"location": {"country_code": "us", "region": "Missouri"}, "game_id": "295590", "values": [{"date": "2023-02-20-07-00-00", "latency": 7}]}, {"location": {"country_code": "jp", "region": "Tokyo"}, "game_id": "295590", "values": [{"date": "2023-02-20-17-00-00", "latency": 1}, {"date": "2023-02-20-17-00-00", "latency": 1}, {"date": "2023-02-20-17-00-00", "latency": 1}, {"date": "2023-02-20-17-00-00", "latency": 1}, {"date": "2023-02-20-17-00-00", "latency": 1}, {"date": "2023-02-20-17-00-00", "latency": 1}, {"date": "2023-02-20-17-00-00", "latency": 1}, {"date": "2023-02-20-17-00-00", "latency": 1}, {"date": "2023-02-20-17-00-00", "latency": 1}, {"date": "2023-02-20-17-00-00", "latency": 1}]}, {"location": {"country_code": "us", "region": "Texas", "city": "Houston"}, "game_id": "295590", "values": [{"date": "2023-02-20-10-00-00", "latency": 9}, {"date": "2023-02-20-10-00-00", "latency": 9}, {"date": "2023-02-20-10-00-00", "latency": 9}, {"date": "2023-02-20-10-00-00", "latency": 9}, {"date": "2023-02-20-10-00-00", "latency": 9}]}, {"location": {"country_code": "us", "region": "Alaska"}, "game_id": "295590", "values": [{"date": "2023-02-20-15-00-00", "latency": 9}, {"date": "2023-02-20-15-00-00", "latency": 9}, {"date": "2023-02-20-15-00-00", "latency": 9}]}, {"location": {"country_code": "co"}, "game_id": "295590", "values": [{"date": "2023-02-20-02-00-00", "latency": 30}, {"date": "2023-02-20-02-00-00", "latency": 30}, {"date": "2023-02-20-06-00-00", "latency": 0}, {"date": "2023-02-20-07-00-00", "latency": 66}, {"date": "2023-02-20-07-00-00", "latency": 66}, {"date": "2023-02-20-07-00-00", "latency": 66}, {"date": "2023-02-20-07-00-00", "latency": 66}, {"date": "2023-02-20-07-00-00", "latency": 66}, {"date": "2023-02-20-06-00-00", "latency": 5}, {"date": "2023-02-21-01-00-00", "latency": 5}, {"date": "2023-02-20-20-00-00", "latency": 2}, {"date": "2023-02-20-05-00-00", "latency": 49}]}, {"location": {"country_code": "co", "region": "Tolima", "city": "Espinal"}, "game_id": "295590", "values": [{"date": "2023-02-20-06-00-00", "latency": 6}, {"date": "2023-02-20-06-00-00", "latency": 6}, {"date": "2023-02-20-06-00-00", "latency": 6}]}, {"location": {"country_code": "mx", "region": "Veracruz"}, "game_id": "295590", "values": [{"date": "2023-02-20-09-00-00", "latency": 9}, {"date": "2023-02-20-05-00-00", "latency": 6}]}, {"location": {"country_code": "us", "region": "Utah"}, "game_id": "295590", "values": [{"date": "2023-02-20-10-00-00", "latency": 8}, {"date": "2023-02-20-10-00-00", "latency": 8}, {"date": "2023-02-20-10-00-00", "latency": 8}, {"date": "2023-02-20-10-00-00", "latency": 8}, {"date": "2023-02-20-10-00-00", "latency": 8}, {"date": "2023-02-20-10-00-00", "latency": 8}]}, {"location": {"country_code": "cn"}, "game_id": "295590", "values": [{"date": "2023-02-20-05-00-00", "latency": 39}, {"date": "2023-02-20-05-00-00", "latency": 39}, {"date": "2023-02-20-05-00-00", "latency": 39}, {"date": "2023-02-20-05-00-00", "latency": 39}, {"date": "2023-02-20-05-00-00", "latency": 39}, {"date": "2023-02-20-05-00-00", "latency": 39}, {"date": "2023-02-20-05-00-00", "latency": 39}, {"date": "2023-02-20-05-00-00", "latency": 39}, {"date": "2023-02-20-05-00-00", "latency": 39}]}, {"location": {"country_code": "es", "region": "Catalonia", "city": "l'Hospitalet de Llobregat"}, "game_id": "295590", "values": [{"date": "2023-02-20-02-00-00", "latency": 2}]}, {"location": {"country_code": "pl"}, "game_id": "295590", "values": [{"date": "2023-02-20-22-00-00", "latency": 7}, {"date": "2023-02-20-10-00-00", "latency": 1}, {"date": "2023-02-20-14-00-00", "latency": 1}, {"date": "2023-02-20-01-00-00", "latency": 3}, {"date": "2023-02-20-20-00-00", "latency": 8}, {"date": "2023-02-20-20-00-00", "latency": 8}, {"date": "2023-02-20-22-00-00", "latency": 5}]}, {"location": {"country_code": "be"}, "game_id": "295590", "values": [{"date": "2023-02-21-01-00-00", "latency": 4}]}, {"location": {"country_code": "cr"}, "game_id": "295590", "values": [{"date": "2023-02-20-21-00-00", "latency": 4}, {"date": "2023-02-20-21-00-00", "latency": 4}]}, {"location": {"country_code": "ua"}, "game_id": "295590", "values": [{"date": "2023-02-20-23-00-00", "latency": 5}, {"date": "2023-02-20-12-00-00", "latency": 2}, {"date": "2023-02-20-12-00-00", "latency": 2}, {"date": "2023-02-20-12-00-00", "latency": 2}, {"date": "2023-02-20-15-00-00", "latency": 12}, {"date": "2023-02-20-15-00-00", "latency": 12}]}, {"location": {"country_code": "tr", "region": "Marmara Bolgesi", "city": "Istanbul"}, "game_id": "295590", "values": [{"date": "2023-02-20-10-00-00", "latency": 1}]}, {"location": {"country_code": "us", "region": "District of Columbia", "city": "Washington"}, "game_id": "295590", "values": [{"date": "2023-02-20-09-00-00", "latency": 9}, {"date": "2023-02-20-10-00-00", "latency": 7}, {"date": "2023-02-20-10-00-00", "latency": 7}]}, {"location": {"country_code": "ca", "region": "Ontario", "city": "Toronto"}, "game_id": "295590", "values": [{"date": "2023-02-20-12-00-00", "latency": 4}]}, {"location": {"country_code": "do"}, "game_id": "295590", "values": [{"date": "2023-02-20-16-00-00", "latency": 4}]}, {"location": {"country_code": "ru"}, "game_id": "295590", "values": [{"date": "2023-02-20-15-00-00", "latency": 4}, {"date": "2023-02-20-15-00-00", "latency": 4}, {"date": "2023-02-20-15-00-00", "latency": 4}]}, {"location": {"country_code": "us", "region": "Minnesota", "city": "Minneapolis"}, "game_id": "295590", "values": [{"date": "2023-02-20-20-00-00", "latency": 1}]}, {"location": {"country_code": "br", "region": "Santa Catarina", "city": "Palhoca"}, "game_id": "295590", "values": [{"date": "2023-02-20-02-00-00", "latency": 0}]}, {"location": {"country_code": "id"}, "game_id": "295590", "values": [{"date": "2023-02-20-15-00-00", "latency": 10}]}, {"location": {"country_code": "ba", "region": "Federation of Bosnia and Herzegovina", "city": "Mostar"}, "game_id": "295590", "values": [{"date": "2023-02-20-21-00-00", "latency": 26}]}, {"location": {"country_code": "us", "region": "Illinois"}, "game_id": "295590", "values": [{"date": "2023-02-20-23-00-00", "latency": 3}]}, {"location": {"country_code": "mx", "region": "Nuevo Leon", "city": "Monterrey"}, "game_id": "295590", "values": [{"date": "2023-02-21-01-00-00", "latency": 1}, {"date": "2023-02-20-04-00-00", "latency": 212}, {"date": "2023-02-20-04-00-00", "latency": 212}, {"date": "2023-02-20-04-00-00", "latency": 212}, {"date": "2023-02-20-04-00-00", "latency": 212}, {"date": "2023-02-20-04-00-00", "latency": 212}, {"date": "2023-02-20-04-00-00", "latency": 212}, {"date": "2023-02-20-04-00-00", "latency": 212}, {"date": "2023-02-20-04-00-00", "latency": 212}, {"date": "2023-02-20-01-00-00", "latency": 9}]}, {"location": {"country_code": "co", "region": "El Valle", "city": "Cali"}, "game_id": "295590", "values": [{"date": "2023-02-20-23-00-00", "latency": 7}, {"date": "2023-02-20-23-00-00", "latency": 7}, {"date": "2023-02-20-23-00-00", "latency": 7}]}, {"location": {"country_code": "pt"}, "game_id": "295590", "values": [{"date": "2023-02-21-00-00-00", "latency": 5}, {"date": "2023-02-20-13-00-00", "latency": 2}]}, {"location": {"country_code": "br", "region": "State of Rio de Janeiro", "city": "Angra dos Reis"}, "game_id": "295590", "values": [{"date": "2023-02-20-03-00-00", "latency": 0}, {"date": "2023-02-20-03-00-00", "latency": 0}, {"date": "2023-02-20-03-00-00", "latency": 0}]}, {"location": {"country_code": "uy"}, "game_id": "295590", "values": [{"date": "2023-02-21-01-00-00", "latency": 13}, {"date": "2023-02-20-16-00-00", "latency": 3}]}, {"location": {"country_code": "mx", "region": "Baja California", "city": "Tijuana"}, "game_id": "295590", "values": [{"date": "2023-02-20-06-00-00", "latency": 8}]}, {"location": {"country_code": "jp", "region": "Kyoto", "city": "Kyoto"}, "game_id": "295590", "values": [{"date": "2023-02-20-13-00-00", "latency": 0}]}, {"location": {"country_code": "mx", "region": "Jalisco", "city": "Guadalajara"}, "game_id": "295590", "values": [{"date": "2023-02-21-00-00-00", "latency": 5}]}, {"location": {"country_code": "us", "region": "Alabama"}, "game_id": "295590", "values": [{"date": "2023-02-21-00-00-00", "latency": 0}, {"date": "2023-02-20-11-00-00", "latency": 0}]}, {"location": {"country_code": "ca", "region": "British Columbia", "city": "Richmond"}, "game_id": "295590", "values": [{"date": "2023-02-20-03-00-00", "latency": 8}, {"date": "2023-02-20-03-00-00", "latency": 8}, {"date": "2023-02-20-03-00-00", "latency": 8}]}, {"location": {"country_code": "br", "region": "Ceara", "city": "Itapipoca"}, "game_id": "295590", "values": [{"date": "2023-02-20-16-00-00", "latency": 4}, {"date": "2023-02-20-16-00-00", "latency": 4}]}, {"location": {"country_code": "ad"}, "game_id": "295590", "values": [{"date": "2023-02-20-18-00-00", "latency": 4}]}, {"location": {"country_code": "ca", "region": "British Columbia"}, "game_id": "295590", "values": [{"date": "2023-02-20-23-00-00", "latency": 4}]}, {"location": {"country_code": "us", "region": "Connecticut"}, "game_id": "295590", "values": [{"date": "2023-02-20-15-00-00", "latency": 4}]}, {"location": {"country_code": "us", "region": "Washington", "city": "Seattle"}, "game_id": "295590", "values": [{"date": "2023-02-20-09-00-00", "latency": 4}, {"date": "2023-02-20-09-00-00", "latency": 4}, {"date": "2023-02-20-09-00-00", "latency": 4}, {"date": "2023-02-20-09-00-00", "latency": 4}, {"date": "2023-02-20-09-00-00", "latency": 4}, {"date": "2023-02-20-09-00-00", "latency": 4}, {"date": "2023-02-20-15-00-00", "latency": 10}, {"date": "2023-02-20-15-00-00", "latency": 10}, {"date": "2023-02-20-15-00-00", "latency": 10}, {"date": "2023-02-20-15-00-00", "latency": 10}, {"date": "2023-02-20-12-00-00", "latency": 6}, {"date": "2023-02-20-12-00-00", "latency": 6}]}, {"location": {"country_code": "bg"}, "game_id": "295590", "values": [{"date": "2023-02-20-18-00-00", "latency": 1}]}, {"location": {"country_code": "it", "region": "Lazio", "city": "Rome"}, "game_id": "295590", "values": [{"date": "2023-02-20-21-00-00", "latency": 8}]}, {"location": {"country_code": "dj"}, "game_id": "295590", "values": [{"date": "2023-02-20-18-00-00", "latency": 2}, {"date": "2023-02-20-18-00-00", "latency": 2}, {"date": "2023-02-20-22-00-00", "latency": 8}]}, {"location": {"country_code": "br", "region": "Minas Gerais", "city": "Ituiutaba"}, "game_id": "295590", "values": [{"date": "2023-02-20-12-00-00", "latency": 2}, {"date": "2023-02-20-12-00-00", "latency": 2}, {"date": "2023-02-20-12-00-00", "latency": 2}]}, {"location": {"country_code": "br", "region": "Santa Catarina"}, "game_id": "295590", "values": [{"date": "2023-02-20-03-00-00", "latency": 2}]}, {"location": {"country_code": "ar", "region": "Neuquen Province"}, "game_id": "295590", "values": [{"date": "2023-02-20-01-00-00", "latency": 4}]}, {"location": {"country_code": "es", "region": "Valencia", "city": "Gandia"}, "game_id": "295590", "values": [{"date": "2023-02-20-01-00-00", "latency": 13}]}, {"location": {"country_code": "es", "region": "Valencia", "city": "Elx / Elche"}, "game_id": "295590", "values": [{"date": "2023-02-21-00-00-00", "latency": 8}, {"date": "2023-02-20-17-00-00", "latency": 4}]}, {"location": {"country_code": "ar", "region": "Mendoza Province", "city": "Mendoza"}, "game_id": "295590", "values": [{"date": "2023-02-20-23-00-00", "latency": 1}]}, {"location": {"country_code": "br", "region": "Para", "city": "Tailandia"}, "game_id": "295590", "values": [{"date": "2023-02-20-06-00-00", "latency": 7}]}, {"location": {"country_code": "br", "region": "Sao Paulo", "city": "Birigui"}, "game_id": "295590", "values": [{"date": "2023-02-20-22-00-00", "latency": 4}]}, {"location": {"country_code": "sa", "region": "Mecca Region", "city": "Jeddah"}, "game_id": "295590", "values": [{"date": "2023-02-20-08-00-00", "latency": 33}]}, {"location": {"country_code": "us", "region": "Colorado", "city": "Colorado Springs"}, "game_id": "295590", "values": [{"date": "2023-02-20-21-00-00", "latency": 4}, {"date": "2023-02-20-21-00-00", "latency": 4}]}, {"location": {"country_code": "is"}, "game_id": "295590", "values": [{"date": "2023-02-20-19-00-00", "latency": 23}]}, {"location": {"country_code": "co", "region": "Antioquia", "city": "Medellin"}, "game_id": "295590", "values": [{"date": "2023-02-20-23-00-00", "latency": 7}]}, {"location": {"country_code": "tt"}, "game_id": "295590", "values": [{"date": "2023-02-20-05-00-00", "latency": 2}]}, {"location": {"country_code": "ec", "region": "Guayas"}, "game_id": "295590", "values": [{"date": "2023-02-20-05-00-00", "latency": 4}]}, {"location": {"country_code": "ar", "region": "Tucuman Province"}, "game_id": "295590", "values": [{"date": "2023-02-20-22-00-00", "latency": 4}]}, {"location": {"country_code": "al"}, "game_id": "295590", "values": [{"date": "2023-02-20-22-00-00", "latency": 0}]}, {"location": {"country_code": "mx", "region": "Sinaloa", "city": "Culiacan"}, "game_id": "295590", "values": [{"date": "2023-02-20-06-00-00", "latency": 7}]}, {"location": {"country_code": "br", "region": "Paraiba"}, "game_id": "295590", "values": [{"date": "2023-02-20-02-00-00", "latency": 8}]}, {"location": {"country_code": "us", "region": "California", "city": "Anaheim"}, "game_id": "295590", "values": [{"date": "2023-02-21-00-00-00", "latency": 6}]}, {"location": {"country_code": "ar", "region": "Tierra del Fuego Province", "city": "Ushuaia"}, "game_id": "295590", "values": [{"date": "2023-02-20-07-00-00", "latency": 8}]}, {"location": {"country_code": "br", "region": "Sao Paulo", "city": "Taubate"}, "game_id": "295590", "values": [{"date": "2023-02-20-21-00-00", "latency": 2010}]}, {"location": {"country_code": "us", "region": "California", "city": "Culver City"}, "game_id": "295590", "values": [{"date": "2023-02-20-14-00-00", "latency": 8}]}, {"location": {"country_code": "br", "region": "Sao Paulo", "city": "Limeira"}, "game_id": "295590", "values": [{"date": "2023-02-21-01-00-00", "latency": 0}]}, {"location": {"country_code": "co", "region": "Caqueta"}, "game_id": "295590", "values": [{"date": "2023-02-20-05-00-00", "latency": 7}]}, {"location": {"country_code": "ec", "region": "El Oro"}, "game_id": "295590", "values": [{"date": "2023-02-20-17-00-00", "latency": 2}]}, {"location": {"country_code": "ar", "region": "Santa Fe Province", "city": "Constanza"}, "game_id": "295590", "values": [{"date": "2023-02-20-07-00-00", "latency": 0}]}, {"location": {"country_code": "ro", "region": "Dolj County", "city": "Craiova"}, "game_id": "295590", "values": [{"date": "2023-02-20-11-00-00", "latency": 1}, {"date": "2023-02-20-11-00-00", "latency": 1}]}, {"location": {"country_code": "us", "region": "California", "city": "Murrieta"}, "game_id": "295590", "values": [{"date": "2023-02-20-09-00-00", "latency": 5}, {"date": "2023-02-20-09-00-00", "latency": 5}]}, {"location": {"country_code": "se", "region": "Jamtland County"}, "game_id": "295590", "values": [{"date": "2023-02-20-22-00-00", "latency": 6}]}, {"location": {"country_code": "us", "region": "Connecticut", "city": "East Hartford"}, "game_id": "295590", "values": [{"date": "2023-02-20-10-00-00", "latency": 86}, {"date": "2023-02-20-10-00-00", "latency": 86}, {"date": "2023-02-20-10-00-00", "latency": 86}]}], "last_updated": 1719919179.214666}