{"data": [{"location": {"country_code": "us"}, "game_id": "461764", "values": [{"date": "2023-08-15-03-00-00", "latency": 33}, {"date": "2023-08-15-03-00-00", "latency": 33}, {"date": "2023-08-15-03-00-00", "latency": 33}, {"date": "2023-08-15-03-00-00", "latency": 33}, {"date": "2023-08-15-03-00-00", "latency": 33}]}, {"location": {"country_code": "gb"}, "game_id": "461764", "values": [{"date": "2023-08-16-02-00-00", "latency": 33}, {"date": "2023-08-16-02-00-00", "latency": 33}, {"date": "2023-08-16-02-00-00", "latency": 33}, {"date": "2023-08-16-02-00-00", "latency": 33}, {"date": "2023-08-16-02-00-00", "latency": 33}, {"date": "2023-08-16-02-00-00", "latency": 33}, {"date": "2023-08-16-02-00-00", "latency": 33}, {"date": "2023-08-16-02-00-00", "latency": 33}, {"date": "2023-08-16-02-00-00", "latency": 33}, {"date": "2023-08-16-02-00-00", "latency": 33}, {"date": "2023-08-16-02-00-00", "latency": 33}, {"date": "2023-08-16-02-00-00", "latency": 33}, {"date": "2023-08-16-02-00-00", "latency": 33}, {"date": "2023-08-16-02-00-00", "latency": 33}, {"date": "2023-08-16-02-00-00", "latency": 33}, {"date": "2023-08-16-02-00-00", "latency": 33}, {"date": "2023-08-16-02-00-00", "latency": 33}, {"date": "2023-08-16-02-00-00", "latency": 33}, {"date": "2023-08-16-02-00-00", "latency": 33}, {"date": "2023-08-16-02-00-00", "latency": 33}, {"date": "2023-08-16-02-00-00", "latency": 33}, {"date": "2023-08-16-02-00-00", "latency": 33}, {"date": "2023-08-16-02-00-00", "latency": 33}, {"date": "2023-08-16-02-00-00", "latency": 33}, {"date": "2023-08-16-02-00-00", "latency": 33}, {"date": "2023-08-16-02-00-00", "latency": 33}]}, {"location": {"country_code": "gr"}, "game_id": "461764", "values": [{"date": "2023-08-15-20-00-00", "latency": 31}, {"date": "2023-08-15-20-00-00", "latency": 31}]}, {"location": {"country_code": "jp", "region": "Chiba"}, "game_id": "461764", "values": [{"date": "2023-08-15-11-00-00", "latency": 100}, {"date": "2023-08-15-11-00-00", "latency": 100}, {"date": "2023-08-15-11-00-00", "latency": 100}, {"date": "2023-08-15-11-00-00", "latency": 100}, {"date": "2023-08-15-11-00-00", "latency": 100}]}, {"location": {"country_code": "de"}, "game_id": "461764", "values": [{"date": "2023-08-16-01-00-00", "latency": 47}, {"date": "2023-08-16-01-00-00", "latency": 47}, {"date": "2023-08-16-01-00-00", "latency": 47}, {"date": "2023-08-16-01-00-00", "latency": 47}, {"date": "2023-08-16-01-00-00", "latency": 47}, {"date": "2023-08-16-01-00-00", "latency": 47}, {"date": "2023-08-16-01-00-00", "latency": 47}, {"date": "2023-08-16-01-00-00", "latency": 47}, {"date": "2023-08-16-01-00-00", "latency": 47}, {"date": "2023-08-16-01-00-00", "latency": 47}, {"date": "2023-08-16-01-00-00", "latency": 47}, {"date": "2023-08-16-01-00-00", "latency": 47}, {"date": "2023-08-16-01-00-00", "latency": 47}, {"date": "2023-08-16-01-00-00", "latency": 47}, {"date": "2023-08-16-01-00-00", "latency": 47}, {"date": "2023-08-15-23-00-00", "latency": 35}, {"date": "2023-08-15-23-00-00", "latency": 35}, {"date": "2023-08-15-23-00-00", "latency": 35}, {"date": "2023-08-15-23-00-00", "latency": 35}, {"date": "2023-08-15-23-00-00", "latency": 35}, {"date": "2023-08-15-23-00-00", "latency": 35}, {"date": "2023-08-15-23-00-00", "latency": 35}, {"date": "2023-08-15-23-00-00", "latency": 35}, {"date": "2023-08-15-23-00-00", "latency": 35}, {"date": "2023-08-15-23-00-00", "latency": 35}, {"date": "2023-08-15-23-00-00", "latency": 35}, {"date": "2023-08-15-23-00-00", "latency": 35}, {"date": "2023-08-15-21-00-00", "latency": 35}, {"date": "2023-08-15-21-00-00", "latency": 35}, {"date": "2023-08-15-21-00-00", "latency": 35}, {"date": "2023-08-15-21-00-00", "latency": 35}, {"date": "2023-08-15-21-00-00", "latency": 35}, {"date": "2023-08-15-21-00-00", "latency": 35}, {"date": "2023-08-15-21-00-00", "latency": 35}, {"date": "2023-08-15-21-00-00", "latency": 35}, {"date": "2023-08-15-21-00-00", "latency": 35}, {"date": "2023-08-15-21-00-00", "latency": 35}, {"date": "2023-08-15-21-00-00", "latency": 35}, {"date": "2023-08-15-21-00-00", "latency": 35}, {"date": "2023-08-15-21-00-00", "latency": 35}, {"date": "2023-08-15-21-00-00", "latency": 35}, {"date": "2023-08-15-21-00-00", "latency": 35}, {"date": "2023-08-15-21-00-00", "latency": 35}, {"date": "2023-08-15-21-00-00", "latency": 35}]}, {"location": {"country_code": "cl"}, "game_id": "461764", "values": [{"date": "2023-08-15-09-00-00", "latency": 107}, {"date": "2023-08-15-09-00-00", "latency": 107}, {"date": "2023-08-15-09-00-00", "latency": 107}, {"date": "2023-08-15-09-00-00", "latency": 107}, {"date": "2023-08-15-09-00-00", "latency": 107}, {"date": "2023-08-15-09-00-00", "latency": 107}, {"date": "2023-08-15-09-00-00", "latency": 107}, {"date": "2023-08-15-09-00-00", "latency": 107}]}, {"location": {"country_code": "fr"}, "game_id": "461764", "values": [{"date": "2023-08-15-12-00-00", "latency": 35}, {"date": "2023-08-15-12-00-00", "latency": 35}, {"date": "2023-08-15-12-00-00", "latency": 35}, {"date": "2023-08-15-12-00-00", "latency": 35}, {"date": "2023-08-15-12-00-00", "latency": 35}, {"date": "2023-08-15-12-00-00", "latency": 35}, {"date": "2023-08-15-12-00-00", "latency": 35}, {"date": "2023-08-15-12-00-00", "latency": 35}, {"date": "2023-08-15-12-00-00", "latency": 35}, {"date": "2023-08-15-12-00-00", "latency": 35}, {"date": "2023-08-15-12-00-00", "latency": 35}, {"date": "2023-08-15-12-00-00", "latency": 35}, {"date": "2023-08-15-12-00-00", "latency": 35}, {"date": "2023-08-15-12-00-00", "latency": 35}, {"date": "2023-08-15-12-00-00", "latency": 35}, {"date": "2023-08-15-12-00-00", "latency": 35}, {"date": "2023-08-15-12-00-00", "latency": 35}, {"date": "2023-08-15-12-00-00", "latency": 35}, {"date": "2023-08-15-12-00-00", "latency": 35}, {"date": "2023-08-15-12-00-00", "latency": 35}, {"date": "2023-08-15-12-00-00", "latency": 35}, {"date": "2023-08-15-12-00-00", "latency": 35}, {"date": "2023-08-15-12-00-00", "latency": 35}, {"date": "2023-08-15-12-00-00", "latency": 35}]}, {"location": {"country_code": "gm", "region": "Western"}, "game_id": "461764", "values": [{"date": "2023-08-15-09-00-00", "latency": 35}, {"date": "2023-08-15-09-00-00", "latency": 35}, {"date": "2023-08-15-09-00-00", "latency": 35}, {"date": "2023-08-15-09-00-00", "latency": 35}, {"date": "2023-08-15-09-00-00", "latency": 35}]}, {"location": {"country_code": "au"}, "game_id": "461764", "values": [{"date": "2023-08-15-17-00-00", "latency": 98}, {"date": "2023-08-15-17-00-00", "latency": 98}, {"date": "2023-08-15-17-00-00", "latency": 98}, {"date": "2023-08-15-17-00-00", "latency": 98}, {"date": "2023-08-15-17-00-00", "latency": 98}, {"date": "2023-08-15-17-00-00", "latency": 98}, {"date": "2023-08-15-17-00-00", "latency": 98}, {"date": "2023-08-15-17-00-00", "latency": 98}, {"date": "2023-08-15-17-00-00", "latency": 98}, {"date": "2023-08-15-17-00-00", "latency": 98}, {"date": "2023-08-15-17-00-00", "latency": 98}, {"date": "2023-08-15-17-00-00", "latency": 98}, {"date": "2023-08-15-17-00-00", "latency": 98}, {"date": "2023-08-15-17-00-00", "latency": 98}, {"date": "2023-08-15-17-00-00", "latency": 98}, {"date": "2023-08-15-17-00-00", "latency": 98}, {"date": "2023-08-15-17-00-00", "latency": 98}, {"date": "2023-08-15-17-00-00", "latency": 98}, {"date": "2023-08-15-17-00-00", "latency": 98}, {"date": "2023-08-15-17-00-00", "latency": 98}, {"date": "2023-08-15-17-00-00", "latency": 98}, {"date": "2023-08-15-17-00-00", "latency": 98}, {"date": "2023-08-15-17-00-00", "latency": 98}, {"date": "2023-08-15-17-00-00", "latency": 98}]}, {"location": {"country_code": "de", "region": "Hesse"}, "game_id": "461764", "values": [{"date": "2023-08-15-19-00-00", "latency": 37}, {"date": "2023-08-15-19-00-00", "latency": 37}, {"date": "2023-08-15-19-00-00", "latency": 37}, {"date": "2023-08-15-19-00-00", "latency": 37}, {"date": "2023-08-15-19-00-00", "latency": 37}, {"date": "2023-08-15-19-00-00", "latency": 37}, {"date": "2023-08-15-19-00-00", "latency": 37}, {"date": "2023-08-15-19-00-00", "latency": 37}, {"date": "2023-08-15-19-00-00", "latency": 37}, {"date": "2023-08-15-19-00-00", "latency": 37}, {"date": "2023-08-15-19-00-00", "latency": 37}, {"date": "2023-08-15-19-00-00", "latency": 37}, {"date": "2023-08-15-19-00-00", "latency": 37}, {"date": "2023-08-15-19-00-00", "latency": 37}, {"date": "2023-08-15-19-00-00", "latency": 37}, {"date": "2023-08-15-19-00-00", "latency": 37}]}, {"location": {"country_code": "hu"}, "game_id": "461764", "values": [{"date": "2023-08-15-05-00-00", "latency": 106}, {"date": "2023-08-15-05-00-00", "latency": 106}, {"date": "2023-08-15-05-00-00", "latency": 106}, {"date": "2023-08-15-05-00-00", "latency": 106}, {"date": "2023-08-15-05-00-00", "latency": 106}]}, {"location": {"country_code": "ie"}, "game_id": "461764", "values": [{"date": "2023-08-15-19-00-00", "latency": 34}, {"date": "2023-08-15-19-00-00", "latency": 34}, {"date": "2023-08-15-19-00-00", "latency": 34}, {"date": "2023-08-15-19-00-00", "latency": 34}, {"date": "2023-08-15-19-00-00", "latency": 34}, {"date": "2023-08-15-19-00-00", "latency": 34}, {"date": "2023-08-15-19-00-00", "latency": 34}, {"date": "2023-08-15-19-00-00", "latency": 34}, {"date": "2023-08-15-19-00-00", "latency": 34}, {"date": "2023-08-15-19-00-00", "latency": 34}, {"date": "2023-08-15-19-00-00", "latency": 34}]}, {"location": {"country_code": "my"}, "game_id": "461764", "values": [{"date": "2023-08-15-17-00-00", "latency": 36}, {"date": "2023-08-15-17-00-00", "latency": 36}, {"date": "2023-08-15-17-00-00", "latency": 36}, {"date": "2023-08-15-17-00-00", "latency": 36}, {"date": "2023-08-15-17-00-00", "latency": 36}, {"date": "2023-08-15-17-00-00", "latency": 36}, {"date": "2023-08-15-17-00-00", "latency": 36}, {"date": "2023-08-15-17-00-00", "latency": 36}, {"date": "2023-08-15-17-00-00", "latency": 36}, {"date": "2023-08-15-17-00-00", "latency": 36}, {"date": "2023-08-15-17-00-00", "latency": 36}, {"date": "2023-08-15-17-00-00", "latency": 36}, {"date": "2023-08-15-17-00-00", "latency": 36}, {"date": "2023-08-15-17-00-00", "latency": 36}, {"date": "2023-08-15-17-00-00", "latency": 36}, {"date": "2023-08-15-17-00-00", "latency": 36}]}, {"location": {"country_code": "de", "region": "Lower Saxony"}, "game_id": "461764", "values": [{"date": "2023-08-15-19-00-00", "latency": 35}, {"date": "2023-08-15-19-00-00", "latency": 35}, {"date": "2023-08-15-19-00-00", "latency": 35}, {"date": "2023-08-15-19-00-00", "latency": 35}, {"date": "2023-08-15-19-00-00", "latency": 35}, {"date": "2023-08-15-19-00-00", "latency": 35}, {"date": "2023-08-15-19-00-00", "latency": 35}, {"date": "2023-08-15-19-00-00", "latency": 35}, {"date": "2023-08-15-19-00-00", "latency": 35}, {"date": "2023-08-15-19-00-00", "latency": 35}, {"date": "2023-08-15-19-00-00", "latency": 35}, {"date": "2023-08-15-19-00-00", "latency": 35}, {"date": "2023-08-15-19-00-00", "latency": 35}, {"date": "2023-08-15-19-00-00", "latency": 35}, {"date": "2023-08-15-19-00-00", "latency": 35}, {"date": "2023-08-15-19-00-00", "latency": 35}, {"date": "2023-08-15-19-00-00", "latency": 35}, {"date": "2023-08-15-19-00-00", "latency": 35}]}, {"location": {"country_code": "ro", "region": "Bucharest"}, "game_id": "461764", "values": [{"date": "2023-08-15-21-00-00", "latency": 35}, {"date": "2023-08-15-21-00-00", "latency": 35}, {"date": "2023-08-15-21-00-00", "latency": 35}, {"date": "2023-08-15-21-00-00", "latency": 35}, {"date": "2023-08-15-21-00-00", "latency": 35}, {"date": "2023-08-15-21-00-00", "latency": 35}]}, {"location": {"country_code": "de", "region": "Baden-Wurttemberg", "city": "Stuttgart"}, "game_id": "461764", "values": [{"date": "2023-08-15-19-00-00", "latency": 35}, {"date": "2023-08-15-19-00-00", "latency": 35}, {"date": "2023-08-15-19-00-00", "latency": 35}, {"date": "2023-08-15-19-00-00", "latency": 35}, {"date": "2023-08-15-19-00-00", "latency": 35}, {"date": "2023-08-15-19-00-00", "latency": 35}, {"date": "2023-08-15-19-00-00", "latency": 35}, {"date": "2023-08-15-19-00-00", "latency": 35}, {"date": "2023-08-15-19-00-00", "latency": 35}, {"date": "2023-08-15-19-00-00", "latency": 35}, {"date": "2023-08-15-19-00-00", "latency": 35}, {"date": "2023-08-15-19-00-00", "latency": 35}, {"date": "2023-08-15-19-00-00", "latency": 35}, {"date": "2023-08-15-19-00-00", "latency": 35}, {"date": "2023-08-15-19-00-00", "latency": 35}, {"date": "2023-08-15-19-00-00", "latency": 35}, {"date": "2023-08-15-19-00-00", "latency": 35}, {"date": "2023-08-15-19-00-00", "latency": 35}, {"date": "2023-08-15-19-00-00", "latency": 35}, {"date": "2023-08-15-19-00-00", "latency": 35}, {"date": "2023-08-15-19-00-00", "latency": 35}, {"date": "2023-08-15-19-00-00", "latency": 35}]}, {"location": {"country_code": "mt"}, "game_id": "461764", "values": [{"date": "2023-08-15-22-00-00", "latency": 36}, {"date": "2023-08-15-22-00-00", "latency": 36}, {"date": "2023-08-15-22-00-00", "latency": 36}, {"date": "2023-08-15-22-00-00", "latency": 36}, {"date": "2023-08-15-22-00-00", "latency": 36}, {"date": "2023-08-15-22-00-00", "latency": 36}, {"date": "2023-08-15-22-00-00", "latency": 36}, {"date": "2023-08-15-22-00-00", "latency": 36}, {"date": "2023-08-15-22-00-00", "latency": 36}, {"date": "2023-08-15-22-00-00", "latency": 36}, {"date": "2023-08-15-22-00-00", "latency": 36}, {"date": "2023-08-15-22-00-00", "latency": 36}, {"date": "2023-08-15-22-00-00", "latency": 36}, {"date": "2023-08-15-22-00-00", "latency": 36}, {"date": "2023-08-15-22-00-00", "latency": 36}, {"date": "2023-08-15-22-00-00", "latency": 36}, {"date": "2023-08-15-22-00-00", "latency": 36}, {"date": "2023-08-15-22-00-00", "latency": 36}, {"date": "2023-08-15-22-00-00", "latency": 36}, {"date": "2023-08-15-22-00-00", "latency": 36}, {"date": "2023-08-15-22-00-00", "latency": 36}, {"date": "2023-08-15-22-00-00", "latency": 36}, {"date": "2023-08-15-22-00-00", "latency": 36}, {"date": "2023-08-15-22-00-00", "latency": 36}]}, {"location": {"country_code": "gb", "region": "England", "city": "Newcastle upon Tyne"}, "game_id": "461764", "values": [{"date": "2023-08-15-16-00-00", "latency": 33}, {"date": "2023-08-15-16-00-00", "latency": 33}, {"date": "2023-08-15-16-00-00", "latency": 33}, {"date": "2023-08-15-16-00-00", "latency": 33}, {"date": "2023-08-15-16-00-00", "latency": 33}, {"date": "2023-08-15-16-00-00", "latency": 33}, {"date": "2023-08-15-16-00-00", "latency": 33}, {"date": "2023-08-15-16-00-00", "latency": 33}, {"date": "2023-08-15-16-00-00", "latency": 33}, {"date": "2023-08-15-16-00-00", "latency": 33}, {"date": "2023-08-15-16-00-00", "latency": 33}, {"date": "2023-08-15-16-00-00", "latency": 33}, {"date": "2023-08-15-16-00-00", "latency": 33}, {"date": "2023-08-15-16-00-00", "latency": 33}, {"date": "2023-08-15-16-00-00", "latency": 33}]}, {"location": {"country_code": "jp", "region": "Kyoto"}, "game_id": "461764", "values": [{"date": "2023-08-15-04-00-00", "latency": 3}]}, {"location": {"country_code": "be", "region": "Antwerp Province", "city": "Mechelen"}, "game_id": "461764", "values": [{"date": "2023-08-16-00-00-00", "latency": 78}, {"date": "2023-08-16-00-00-00", "latency": 78}, {"date": "2023-08-16-00-00-00", "latency": 78}, {"date": "2023-08-16-00-00-00", "latency": 78}, {"date": "2023-08-16-00-00-00", "latency": 78}, {"date": "2023-08-16-00-00-00", "latency": 78}, {"date": "2023-08-16-00-00-00", "latency": 78}, {"date": "2023-08-16-00-00-00", "latency": 78}, {"date": "2023-08-16-00-00-00", "latency": 78}, {"date": "2023-08-16-00-00-00", "latency": 78}, {"date": "2023-08-16-00-00-00", "latency": 78}, {"date": "2023-08-16-00-00-00", "latency": 78}, {"date": "2023-08-16-00-00-00", "latency": 78}, {"date": "2023-08-16-00-00-00", "latency": 78}, {"date": "2023-08-16-00-00-00", "latency": 78}]}, {"location": {"country_code": "us", "region": "Tennessee", "city": "Knoxville"}, "game_id": "461764", "values": [{"date": "2023-08-15-19-00-00", "latency": 34}, {"date": "2023-08-15-19-00-00", "latency": 34}, {"date": "2023-08-15-19-00-00", "latency": 34}]}, {"location": {"country_code": "na"}, "game_id": "461764", "values": [{"date": "2023-08-15-22-00-00", "latency": 106}, {"date": "2023-08-15-22-00-00", "latency": 106}, {"date": "2023-08-15-22-00-00", "latency": 106}, {"date": "2023-08-15-22-00-00", "latency": 106}, {"date": "2023-08-15-22-00-00", "latency": 106}, {"date": "2023-08-15-22-00-00", "latency": 106}, {"date": "2023-08-15-22-00-00", "latency": 106}, {"date": "2023-08-15-22-00-00", "latency": 106}, {"date": "2023-08-15-22-00-00", "latency": 106}, {"date": "2023-08-15-22-00-00", "latency": 106}]}, {"location": {"country_code": "cz", "region": "Kralovehradecky kraj"}, "game_id": "461764", "values": [{"date": "2023-08-15-11-00-00", "latency": 34}, {"date": "2023-08-15-11-00-00", "latency": 34}, {"date": "2023-08-15-11-00-00", "latency": 34}, {"date": "2023-08-15-11-00-00", "latency": 34}, {"date": "2023-08-15-11-00-00", "latency": 34}, {"date": "2023-08-15-11-00-00", "latency": 34}, {"date": "2023-08-15-11-00-00", "latency": 34}, {"date": "2023-08-15-11-00-00", "latency": 34}, {"date": "2023-08-15-11-00-00", "latency": 34}, {"date": "2023-08-15-11-00-00", "latency": 34}, {"date": "2023-08-15-11-00-00", "latency": 34}, {"date": "2023-08-15-11-00-00", "latency": 34}, {"date": "2023-08-15-11-00-00", "latency": 34}, {"date": "2023-08-15-11-00-00", "latency": 34}, {"date": "2023-08-15-11-00-00", "latency": 34}, {"date": "2023-08-15-11-00-00", "latency": 34}, {"date": "2023-08-15-11-00-00", "latency": 34}, {"date": "2023-08-15-11-00-00", "latency": 34}, {"date": "2023-08-15-11-00-00", "latency": 34}, {"date": "2023-08-15-11-00-00", "latency": 34}, {"date": "2023-08-15-11-00-00", "latency": 34}, {"date": "2023-08-15-11-00-00", "latency": 34}, {"date": "2023-08-15-11-00-00", "latency": 34}, {"date": "2023-08-15-11-00-00", "latency": 34}, {"date": "2023-08-15-11-00-00", "latency": 34}, {"date": "2023-08-15-11-00-00", "latency": 34}]}], "last_updated": 1719926789.848543}