{"data": [{"location": {"country_code": "us"}, "game_id": "118849", "values": [{"date": "2022-12-13-05-00-00", "latency": 174}, {"date": "2022-12-13-05-00-00", "latency": 174}, {"date": "2022-12-13-05-00-00", "latency": 174}]}, {"location": {"country_code": "de", "region": "Berlin", "city": "Berlin"}, "game_id": "118849", "values": [{"date": "2022-12-13-16-00-00", "latency": 765}, {"date": "2022-12-13-16-00-00", "latency": 765}, {"date": "2022-12-13-16-00-00", "latency": 765}]}, {"location": {"country_code": "it"}, "game_id": "118849", "values": [{"date": "2022-12-13-06-00-00", "latency": 44}, {"date": "2022-12-13-06-00-00", "latency": 44}, {"date": "2022-12-13-06-00-00", "latency": 44}, {"date": "2022-12-13-06-00-00", "latency": 44}]}, {"location": {"country_code": "de"}, "game_id": "118849", "values": [{"date": "2022-12-13-13-00-00", "latency": 165}, {"date": "2022-12-13-16-00-00", "latency": 52}, {"date": "2022-12-13-05-00-00", "latency": 37}, {"date": "2022-12-13-21-00-00", "latency": 400}]}, {"location": {"country_code": "tw"}, "game_id": "118849", "values": [{"date": "2022-12-13-18-00-00", "latency": 168}]}, {"location": {"country_code": "au", "region": "New South Wales", "city": "Sydney"}, "game_id": "118849", "values": [{"date": "2022-12-13-06-00-00", "latency": 53}]}, {"location": {"country_code": "ph"}, "game_id": "118849", "values": [{"date": "2022-12-13-20-00-00", "latency": 45}]}, {"location": {"country_code": "fr"}, "game_id": "118849", "values": [{"date": "2022-12-13-19-00-00", "latency": 101}, {"date": "2022-12-13-02-00-00", "latency": 57}]}, {"location": {"country_code": "mx"}, "game_id": "118849", "values": [{"date": "2022-12-13-11-00-00", "latency": 76}, {"date": "2022-12-14-01-00-00", "latency": 635}]}, {"location": {"country_code": "us", "region": "Ohio"}, "game_id": "118849", "values": [{"date": "2022-12-13-04-00-00", "latency": 330}]}, {"location": {"country_code": "br"}, "game_id": "118849", "values": [{"date": "2022-12-13-06-00-00", "latency": 467}]}, {"location": {"country_code": "br", "region": "Sao Paulo", "city": "Apiai"}, "game_id": "118849", "values": [{"date": "2022-12-13-04-00-00", "latency": 20}, {"date": "2022-12-13-04-00-00", "latency": 20}, {"date": "2022-12-13-04-00-00", "latency": 20}]}, {"location": {"country_code": "us", "region": "California", "city": "East Los Angeles"}, "game_id": "118849", "values": [{"date": "2022-12-14-01-00-00", "latency": 330}]}, {"location": {"country_code": "au"}, "game_id": "118849", "values": [{"date": "2022-12-13-11-00-00", "latency": 52}]}, {"location": {"country_code": "br", "region": "Goias", "city": "Catalao"}, "game_id": "118849", "values": [{"date": "2022-12-14-01-00-00", "latency": 75}]}, {"location": {"country_code": "tr"}, "game_id": "118849", "values": [{"date": "2022-12-13-22-00-00", "latency": 71}]}, {"location": {"country_code": "ar", "region": "Buenos Aires F.D.", "city": "Bahia Blanca"}, "game_id": "118849", "values": [{"date": "2022-12-13-06-00-00", "latency": 58}]}, {"location": {"country_code": "fi"}, "game_id": "118849", "values": [{"date": "2022-12-13-15-00-00", "latency": 70}]}, {"location": {"country_code": "co"}, "game_id": "118849", "values": [{"date": "2022-12-13-03-00-00", "latency": 112}, {"date": "2022-12-13-03-00-00", "latency": 112}, {"date": "2022-12-13-03-00-00", "latency": 112}, {"date": "2022-12-13-18-00-00", "latency": 157}, {"date": "2022-12-13-18-00-00", "latency": 157}, {"date": "2022-12-13-18-00-00", "latency": 157}, {"date": "2022-12-13-18-00-00", "latency": 157}, {"date": "2022-12-13-18-00-00", "latency": 157}, {"date": "2022-12-13-18-00-00", "latency": 157}, {"date": "2022-12-13-18-00-00", "latency": 157}, {"date": "2022-12-13-18-00-00", "latency": 157}, {"date": "2022-12-13-18-00-00", "latency": 157}, {"date": "2022-12-13-18-00-00", "latency": 157}, {"date": "2022-12-13-18-00-00", "latency": 157}, {"date": "2022-12-13-18-00-00", "latency": 157}, {"date": "2022-12-13-18-00-00", "latency": 157}, {"date": "2022-12-13-18-00-00", "latency": 157}, {"date": "2022-12-13-18-00-00", "latency": 157}, {"date": "2022-12-13-18-00-00", "latency": 157}, {"date": "2022-12-13-18-00-00", "latency": 157}, {"date": "2022-12-13-18-00-00", "latency": 157}, {"date": "2022-12-13-18-00-00", "latency": 157}, {"date": "2022-12-13-18-00-00", "latency": 157}, {"date": "2022-12-13-18-00-00", "latency": 157}, {"date": "2022-12-13-18-00-00", "latency": 157}, {"date": "2022-12-13-18-00-00", "latency": 157}, {"date": "2022-12-13-18-00-00", "latency": 157}, {"date": "2022-12-13-18-00-00", "latency": 157}, {"date": "2022-12-13-18-00-00", "latency": 157}, {"date": "2022-12-13-18-00-00", "latency": 157}, {"date": "2022-12-13-18-00-00", "latency": 157}]}, {"location": {"country_code": "at"}, "game_id": "118849", "values": [{"date": "2022-12-13-21-00-00", "latency": 218}, {"date": "2022-12-13-21-00-00", "latency": 218}]}, {"location": {"country_code": "pl"}, "game_id": "118849", "values": [{"date": "2022-12-13-13-00-00", "latency": 100}]}, {"location": {"country_code": "us", "region": "Nevada", "city": "Las Vegas"}, "game_id": "118849", "values": [{"date": "2022-12-13-07-00-00", "latency": 100}]}, {"location": {"country_code": "cr"}, "game_id": "118849", "values": [{"date": "2022-12-13-07-00-00", "latency": 124}, {"date": "2022-12-13-07-00-00", "latency": 124}, {"date": "2022-12-13-07-00-00", "latency": 124}, {"date": "2022-12-13-07-00-00", "latency": 124}, {"date": "2022-12-13-07-00-00", "latency": 124}]}, {"location": {"country_code": "gb", "region": "England", "city": "London"}, "game_id": "118849", "values": [{"date": "2022-12-13-17-00-00", "latency": 34}, {"date": "2022-12-13-17-00-00", "latency": 34}, {"date": "2022-12-13-17-00-00", "latency": 34}]}, {"location": {"country_code": "br", "region": "State of Rio de Janeiro", "city": "Angra dos Reis"}, "game_id": "118849", "values": [{"date": "2022-12-13-20-00-00", "latency": 289}, {"date": "2022-12-13-20-00-00", "latency": 289}, {"date": "2022-12-13-20-00-00", "latency": 289}, {"date": "2022-12-13-20-00-00", "latency": 289}, {"date": "2022-12-13-20-00-00", "latency": 289}, {"date": "2022-12-13-20-00-00", "latency": 289}, {"date": "2022-12-13-20-00-00", "latency": 289}]}, {"location": {"country_code": "br", "region": "State of Rio de Janeiro"}, "game_id": "118849", "values": [{"date": "2022-12-13-21-00-00", "latency": 120}, {"date": "2022-12-13-21-00-00", "latency": 120}]}, {"location": {"country_code": "us", "region": "Minnesota"}, "game_id": "118849", "values": [{"date": "2022-12-14-00-00-00", "latency": 42}, {"date": "2022-12-14-00-00-00", "latency": 42}, {"date": "2022-12-14-00-00-00", "latency": 42}]}, {"location": {"country_code": "us", "region": "Massachusetts", "city": "Boston"}, "game_id": "118849", "values": [{"date": "2022-12-13-04-00-00", "latency": 56}, {"date": "2022-12-13-04-00-00", "latency": 56}]}, {"location": {"country_code": "pe", "region": "Lima region", "city": "Lima"}, "game_id": "118849", "values": [{"date": "2022-12-13-05-00-00", "latency": 87}]}, {"location": {"country_code": "br", "region": "Ceara", "city": "Itapipoca"}, "game_id": "118849", "values": [{"date": "2022-12-14-01-00-00", "latency": 144}, {"date": "2022-12-14-01-00-00", "latency": 144}, {"date": "2022-12-14-01-00-00", "latency": 144}]}, {"location": {"country_code": "fr", "region": "Nord-Passo di Calais-Piccardia", "city": "Lille"}, "game_id": "118849", "values": [{"date": "2022-12-13-04-00-00", "latency": 55}, {"date": "2022-12-13-04-00-00", "latency": 55}, {"date": "2022-12-13-04-00-00", "latency": 55}]}, {"location": {"country_code": "br", "region": "Parana", "city": "Foz do Iguacu"}, "game_id": "118849", "values": [{"date": "2022-12-13-02-00-00", "latency": 110}, {"date": "2022-12-13-02-00-00", "latency": 110}]}, {"location": {"country_code": "es", "region": "Balearic Islands", "city": "Palma"}, "game_id": "118849", "values": [{"date": "2022-12-13-14-00-00", "latency": 58}]}, {"location": {"country_code": "us", "region": "South Carolina", "city": "Columbia"}, "game_id": "118849", "values": [{"date": "2022-12-13-04-00-00", "latency": 79}, {"date": "2022-12-13-04-00-00", "latency": 79}, {"date": "2022-12-13-04-00-00", "latency": 79}, {"date": "2022-12-13-04-00-00", "latency": 79}, {"date": "2022-12-13-04-00-00", "latency": 79}]}, {"location": {"country_code": "br", "region": "Parana", "city": "Umuarama"}, "game_id": "118849", "values": [{"date": "2022-12-13-14-00-00", "latency": 152}, {"date": "2022-12-13-14-00-00", "latency": 152}, {"date": "2022-12-13-14-00-00", "latency": 152}, {"date": "2022-12-13-14-00-00", "latency": 152}, {"date": "2022-12-13-14-00-00", "latency": 152}]}, {"location": {"country_code": "br", "region": "State of Rio de Janeiro", "city": "Araruama"}, "game_id": "118849", "values": [{"date": "2022-12-13-17-00-00", "latency": 161}]}, {"location": {"country_code": "ws"}, "game_id": "118849", "values": [{"date": "2022-12-13-09-00-00", "latency": 78}]}, {"location": {"country_code": "cz", "region": "South Moravian"}, "game_id": "118849", "values": [{"date": "2022-12-13-18-00-00", "latency": 51}]}, {"location": {"country_code": "de", "region": "Hesse", "city": "Darmstadt"}, "game_id": "118849", "values": [{"date": "2022-12-13-18-00-00", "latency": 48}]}, {"location": {"country_code": "us", "region": "Arizona", "city": "Gilbert"}, "game_id": "118849", "values": [{"date": "2022-12-13-01-00-00", "latency": 97}]}, {"location": {"country_code": "pl", "region": "Greater Poland Voivodeship", "city": "Dopiewo"}, "game_id": "118849", "values": [{"date": "2022-12-13-12-00-00", "latency": 136}, {"date": "2022-12-13-12-00-00", "latency": 136}, {"date": "2022-12-13-12-00-00", "latency": 136}, {"date": "2022-12-13-12-00-00", "latency": 136}, {"date": "2022-12-13-12-00-00", "latency": 136}, {"date": "2022-12-13-12-00-00", "latency": 136}, {"date": "2022-12-13-12-00-00", "latency": 136}, {"date": "2022-12-13-12-00-00", "latency": 136}]}, {"location": {"country_code": "br", "region": "Minas Gerais", "city": "Visconde do Rio Branco"}, "game_id": "118849", "values": [{"date": "2022-12-13-03-00-00", "latency": 113}]}, {"location": {"country_code": "us", "region": "Maryland", "city": "Bethesda"}, "game_id": "118849", "values": [{"date": "2022-12-13-03-00-00", "latency": 83}, {"date": "2022-12-13-03-00-00", "latency": 83}, {"date": "2022-12-13-03-00-00", "latency": 83}, {"date": "2022-12-13-03-00-00", "latency": 83}, {"date": "2022-12-13-03-00-00", "latency": 83}]}], "last_updated": 1719927580.747899}