{"data": [{"location": {"country_code": "us"}, "game_id": "118849", "values": [{"date": "2022-12-17-08-00-00", "latency": 107}, {"date": "2022-12-17-08-00-00", "latency": 107}, {"date": "2022-12-17-08-00-00", "latency": 107}, {"date": "2022-12-17-08-00-00", "latency": 107}, {"date": "2022-12-17-08-00-00", "latency": 107}]}, {"location": {"country_code": "us", "region": "New York", "city": "Jamestown"}, "game_id": "118849", "values": [{"date": "2022-12-17-04-00-00", "latency": 53}]}, {"location": {"country_code": "th"}, "game_id": "118849", "values": [{"date": "2022-12-17-13-00-00", "latency": 25}]}, {"location": {"country_code": "gr"}, "game_id": "118849", "values": [{"date": "2022-12-17-19-00-00", "latency": 193}, {"date": "2022-12-17-19-00-00", "latency": 193}]}, {"location": {"country_code": "jp"}, "game_id": "118849", "values": [{"date": "2022-12-17-18-00-00", "latency": 92}, {"date": "2022-12-17-17-00-00", "latency": 30}]}, {"location": {"country_code": "de"}, "game_id": "118849", "values": [{"date": "2022-12-17-16-00-00", "latency": 80}, {"date": "2022-12-17-16-00-00", "latency": 80}, {"date": "2022-12-17-16-00-00", "latency": 80}, {"date": "2022-12-17-11-00-00", "latency": 50}]}, {"location": {"country_code": "tw"}, "game_id": "118849", "values": [{"date": "2022-12-17-08-00-00", "latency": 123}]}, {"location": {"country_code": "fr"}, "game_id": "118849", "values": [{"date": "2022-12-18-01-00-00", "latency": 35}]}, {"location": {"country_code": "au"}, "game_id": "118849", "values": [{"date": "2022-12-17-12-00-00", "latency": 256}, {"date": "2022-12-17-12-00-00", "latency": 82}, {"date": "2022-12-17-12-00-00", "latency": 82}, {"date": "2022-12-17-12-00-00", "latency": 82}]}, {"location": {"country_code": "dk"}, "game_id": "118849", "values": [{"date": "2022-12-17-15-00-00", "latency": 261}]}, {"location": {"country_code": "tr"}, "game_id": "118849", "values": [{"date": "2022-12-17-20-00-00", "latency": 169}]}, {"location": {"country_code": "us", "region": "Hawaii"}, "game_id": "118849", "values": [{"date": "2022-12-17-09-00-00", "latency": 155}]}, {"location": {"country_code": "ar", "region": "Buenos Aires F.D.", "city": "Bahia Blanca"}, "game_id": "118849", "values": [{"date": "2022-12-17-22-00-00", "latency": 325}]}, {"location": {"country_code": "jp", "region": "Tokyo"}, "game_id": "118849", "values": [{"date": "2022-12-17-12-00-00", "latency": 32}, {"date": "2022-12-17-12-00-00", "latency": 32}, {"date": "2022-12-17-12-00-00", "latency": 32}, {"date": "2022-12-17-12-00-00", "latency": 32}, {"date": "2022-12-17-12-00-00", "latency": 32}, {"date": "2022-12-17-12-00-00", "latency": 32}, {"date": "2022-12-17-12-00-00", "latency": 32}, {"date": "2022-12-17-12-00-00", "latency": 32}, {"date": "2022-12-17-12-00-00", "latency": 32}, {"date": "2022-12-17-12-00-00", "latency": 32}]}, {"location": {"country_code": "us", "region": "Alaska"}, "game_id": "118849", "values": [{"date": "2022-12-17-08-00-00", "latency": 113}]}, {"location": {"country_code": "us", "region": "Pennsylvania", "city": "Pittsburgh"}, "game_id": "118849", "values": [{"date": "2022-12-17-07-00-00", "latency": 161}]}, {"location": {"country_code": "co"}, "game_id": "118849", "values": [{"date": "2022-12-17-18-00-00", "latency": 121}, {"date": "2022-12-17-18-00-00", "latency": 121}, {"date": "2022-12-17-18-00-00", "latency": 121}, {"date": "2022-12-17-18-00-00", "latency": 121}, {"date": "2022-12-17-18-00-00", "latency": 121}, {"date": "2022-12-17-18-00-00", "latency": 121}, {"date": "2022-12-17-18-00-00", "latency": 121}, {"date": "2022-12-17-18-00-00", "latency": 121}, {"date": "2022-12-17-18-00-00", "latency": 121}, {"date": "2022-12-17-18-00-00", "latency": 121}]}, {"location": {"country_code": "pl"}, "game_id": "118849", "values": [{"date": "2022-12-17-18-00-00", "latency": 74}, {"date": "2022-12-17-04-00-00", "latency": 163}, {"date": "2022-12-17-04-00-00", "latency": 163}, {"date": "2022-12-17-04-00-00", "latency": 163}]}, {"location": {"country_code": "sg"}, "game_id": "118849", "values": [{"date": "2022-12-17-23-00-00", "latency": 195}]}, {"location": {"country_code": "tr", "region": "Marmara Bolgesi", "city": "Istanbul"}, "game_id": "118849", "values": [{"date": "2022-12-17-20-00-00", "latency": 40}, {"date": "2022-12-17-20-00-00", "latency": 40}, {"date": "2022-12-17-20-00-00", "latency": 40}]}, {"location": {"country_code": "my"}, "game_id": "118849", "values": [{"date": "2022-12-17-04-00-00", "latency": 334}, {"date": "2022-12-17-17-00-00", "latency": 54}, {"date": "2022-12-17-17-00-00", "latency": 54}]}, {"location": {"country_code": "br", "region": "Santa Catarina", "city": "Palhoca"}, "game_id": "118849", "values": [{"date": "2022-12-17-20-00-00", "latency": 265}]}, {"location": {"country_code": "br", "region": "Alagoas", "city": "Maceio"}, "game_id": "118849", "values": [{"date": "2022-12-17-01-00-00", "latency": 81}, {"date": "2022-12-17-01-00-00", "latency": 81}]}, {"location": {"country_code": "pl", "region": "Masovian Voivodeship", "city": "Warsaw"}, "game_id": "118849", "values": [{"date": "2022-12-17-18-00-00", "latency": 58}]}, {"location": {"country_code": "gb", "region": "Northern Ireland", "city": "Belfast"}, "game_id": "118849", "values": [{"date": "2022-12-18-00-00-00", "latency": 195}, {"date": "2022-12-18-00-00-00", "latency": 195}, {"date": "2022-12-18-00-00-00", "latency": 195}, {"date": "2022-12-18-00-00-00", "latency": 195}, {"date": "2022-12-18-00-00-00", "latency": 195}, {"date": "2022-12-18-00-00-00", "latency": 195}, {"date": "2022-12-18-00-00-00", "latency": 195}, {"date": "2022-12-18-00-00-00", "latency": 195}]}, {"location": {"country_code": "co", "region": "Bogota"}, "game_id": "118849", "values": [{"date": "2022-12-17-01-00-00", "latency": 100}, {"date": "2022-12-17-01-00-00", "latency": 100}, {"date": "2022-12-17-01-00-00", "latency": 100}]}, {"location": {"country_code": "gb", "region": "England", "city": "Milton Keynes"}, "game_id": "118849", "values": [{"date": "2022-12-17-15-00-00", "latency": 51}, {"date": "2022-12-17-15-00-00", "latency": 51}, {"date": "2022-12-17-15-00-00", "latency": 51}]}, {"location": {"country_code": "gs"}, "game_id": "118849", "values": [{"date": "2022-12-17-22-00-00", "latency": 56}]}], "last_updated": 1719927579.09273}