{"data": [{"location": {"country_code": "rs"}, "game_id": "742409", "values": [{"date": "2024-03-13-03-00-00", "latency": 75}]}, {"location": {"country_code": "es", "region": "Madrid", "city": "Parla"}, "game_id": "742409", "values": [{"date": "2024-03-13-22-00-00", "latency": 66}, {"date": "2024-03-13-22-00-00", "latency": 66}]}, {"location": {"country_code": "ua"}, "game_id": "742409", "values": [{"date": "2024-03-13-17-00-00", "latency": 46}, {"date": "2024-03-13-17-00-00", "latency": 46}]}, {"location": {"country_code": "es", "region": "Madrid"}, "game_id": "742409", "values": [{"date": "2024-03-13-19-00-00", "latency": 82}]}, {"location": {"country_code": "ro", "region": "Hunedoara County", "city": "Deva"}, "game_id": "742409", "values": [{"date": "2024-03-13-21-00-00", "latency": 87}]}], "last_updated": 1719927583.806421}