{"data": [{"location": {"country_code": "us"}, "game_id": "273486", "values": [{"date": "2023-05-27-01-00-00", "latency": 15}, {"date": "2023-05-27-01-00-00", "latency": 15}, {"date": "2023-05-26-07-00-00", "latency": 0}]}, {"location": {"country_code": "us", "region": "South Carolina", "city": "Sumter"}, "game_id": "273486", "values": [{"date": "2023-05-27-01-00-00", "latency": 27}, {"date": "2023-05-27-01-00-00", "latency": 27}, {"date": "2023-05-27-01-00-00", "latency": 27}]}, {"location": {"country_code": "gb", "region": "England"}, "game_id": "273486", "values": [{"date": "2023-05-26-20-00-00", "latency": 2}]}, {"location": {"country_code": "us", "region": "Texas"}, "game_id": "273486", "values": [{"date": "2023-05-26-04-00-00", "latency": 0}, {"date": "2023-05-26-07-00-00", "latency": 18}, {"date": "2023-05-26-07-00-00", "latency": 18}, {"date": "2023-05-26-07-00-00", "latency": 18}, {"date": "2023-05-26-07-00-00", "latency": 18}, {"date": "2023-05-26-07-00-00", "latency": 18}, {"date": "2023-05-26-07-00-00", "latency": 18}, {"date": "2023-05-26-07-00-00", "latency": 18}, {"date": "2023-05-26-07-00-00", "latency": 18}, {"date": "2023-05-26-07-00-00", "latency": 18}]}, {"location": {"country_code": "us", "region": "Ohio"}, "game_id": "273486", "values": [{"date": "2023-05-26-07-00-00", "latency": 0}, {"date": "2023-05-26-07-00-00", "latency": 0}, {"date": "2023-05-26-07-00-00", "latency": 0}]}, {"location": {"country_code": "us", "region": "California"}, "game_id": "273486", "values": [{"date": "2023-05-27-02-00-00", "latency": 30}, {"date": "2023-05-27-02-00-00", "latency": 30}, {"date": "2023-05-27-02-00-00", "latency": 30}, {"date": "2023-05-27-02-00-00", "latency": 30}, {"date": "2023-05-27-02-00-00", "latency": 30}, {"date": "2023-05-27-02-00-00", "latency": 30}, {"date": "2023-05-27-02-00-00", "latency": 30}, {"date": "2023-05-27-02-00-00", "latency": 30}, {"date": "2023-05-27-02-00-00", "latency": 30}, {"date": "2023-05-27-02-00-00", "latency": 30}]}, {"location": {"country_code": "se"}, "game_id": "273486", "values": [{"date": "2023-05-26-19-00-00", "latency": 23}]}, {"location": {"country_code": "sa"}, "game_id": "273486", "values": [{"date": "2023-05-26-03-00-00", "latency": 0}, {"date": "2023-05-26-03-00-00", "latency": 0}, {"date": "2023-05-26-03-00-00", "latency": 0}, {"date": "2023-05-26-03-00-00", "latency": 0}, {"date": "2023-05-26-03-00-00", "latency": 0}, {"date": "2023-05-26-16-00-00", "latency": 78}]}, {"location": {"country_code": "us", "region": "Massachusetts"}, "game_id": "273486", "values": [{"date": "2023-05-26-12-00-00", "latency": 39}, {"date": "2023-05-26-12-00-00", "latency": 39}, {"date": "2023-05-26-12-00-00", "latency": 39}, {"date": "2023-05-26-12-00-00", "latency": 39}, {"date": "2023-05-26-12-00-00", "latency": 39}, {"date": "2023-05-26-12-00-00", "latency": 39}, {"date": "2023-05-26-12-00-00", "latency": 39}]}, {"location": {"country_code": "us", "region": "Texas", "city": "Houston"}, "game_id": "273486", "values": [{"date": "2023-05-26-22-00-00", "latency": 23}, {"date": "2023-05-26-22-00-00", "latency": 23}, {"date": "2023-05-26-22-00-00", "latency": 23}]}, {"location": {"country_code": "ie"}, "game_id": "273486", "values": [{"date": "2023-05-26-20-00-00", "latency": 50}, {"date": "2023-05-26-20-00-00", "latency": 50}, {"date": "2023-05-26-20-00-00", "latency": 50}, {"date": "2023-05-26-20-00-00", "latency": 50}, {"date": "2023-05-26-20-00-00", "latency": 50}, {"date": "2023-05-26-20-00-00", "latency": 50}]}, {"location": {"country_code": "us", "region": "Arkansas"}, "game_id": "273486", "values": [{"date": "2023-05-26-08-00-00", "latency": 2}, {"date": "2023-05-26-08-00-00", "latency": 2}]}, {"location": {"country_code": "bb"}, "game_id": "273486", "values": [{"date": "2023-05-26-07-00-00", "latency": 33}]}, {"location": {"country_code": "gb", "region": "Scotland", "city": "Edinburgh"}, "game_id": "273486", "values": [{"date": "2023-05-27-00-00-00", "latency": 70}, {"date": "2023-05-27-00-00-00", "latency": 70}]}, {"location": {"country_code": "us", "region": "Ohio", "city": "Mansfield"}, "game_id": "273486", "values": [{"date": "2023-05-26-08-00-00", "latency": 0}, {"date": "2023-05-26-08-00-00", "latency": 0}, {"date": "2023-05-26-08-00-00", "latency": 0}, {"date": "2023-05-26-08-00-00", "latency": 0}, {"date": "2023-05-26-08-00-00", "latency": 0}]}, {"location": {"country_code": "us", "region": "Washington", "city": "Silverdale"}, "game_id": "273486", "values": [{"date": "2023-05-26-06-00-00", "latency": 0}]}], "last_updated": 1719919356.443022}