{"data": [{"location": {"country_code": "nz"}, "game_id": "273486", "values": [{"date": "2022-04-03-09-00-00", "latency": 0}]}, {"location": {"country_code": "us"}, "game_id": "273486", "values": [{"date": "2022-04-03-04-00-00", "latency": 15}]}, {"location": {"country_code": "us", "region": "New York", "city": "Jamestown"}, "game_id": "273486", "values": [{"date": "2022-04-03-06-00-00", "latency": 54}, {"date": "2022-04-03-06-00-00", "latency": 54}, {"date": "2022-04-03-06-00-00", "latency": 54}, {"date": "2022-04-03-06-00-00", "latency": 5}]}, {"location": {"country_code": "gb"}, "game_id": "273486", "values": [{"date": "2022-04-03-20-00-00", "latency": 0}, {"date": "2022-04-03-20-00-00", "latency": 0}, {"date": "2022-04-03-20-00-00", "latency": 0}, {"date": "2022-04-03-22-00-00", "latency": 0}]}, {"location": {"country_code": "gb", "region": "England"}, "game_id": "273486", "values": [{"date": "2022-04-03-05-00-00", "latency": 5}, {"date": "2022-04-03-05-00-00", "latency": 5}, {"date": "2022-04-03-05-00-00", "latency": 5}]}, {"location": {"country_code": "nl"}, "game_id": "273486", "values": [{"date": "2022-04-03-17-00-00", "latency": 0}]}, {"location": {"country_code": "ca", "region": "Alberta", "city": "Edmonton"}, "game_id": "273486", "values": [{"date": "2022-04-03-06-00-00", "latency": 19}, {"date": "2022-04-03-06-00-00", "latency": 19}]}, {"location": {"country_code": "ca", "region": "British Columbia"}, "game_id": "273486", "values": [{"date": "2022-04-03-11-00-00", "latency": 27}, {"date": "2022-04-03-11-00-00", "latency": 27}, {"date": "2022-04-03-11-00-00", "latency": 27}, {"date": "2022-04-03-11-00-00", "latency": 27}, {"date": "2022-04-03-11-00-00", "latency": 27}, {"date": "2022-04-03-11-00-00", "latency": 27}, {"date": "2022-04-03-11-00-00", "latency": 27}, {"date": "2022-04-03-11-00-00", "latency": 27}]}, {"location": {"country_code": "de"}, "game_id": "273486", "values": [{"date": "2022-04-03-20-00-00", "latency": 4}, {"date": "2022-04-03-20-00-00", "latency": 4}]}, {"location": {"country_code": "us", "region": "Indiana"}, "game_id": "273486", "values": [{"date": "2022-04-03-07-00-00", "latency": 0}, {"date": "2022-04-03-07-00-00", "latency": 0}]}, {"location": {"country_code": "gb", "region": "Scotland"}, "game_id": "273486", "values": [{"date": "2022-04-04-00-00-00", "latency": 0}, {"date": "2022-04-03-18-00-00", "latency": 3}]}, {"location": {"country_code": "us", "region": "Texas"}, "game_id": "273486", "values": [{"date": "2022-04-03-13-00-00", "latency": 19}, {"date": "2022-04-03-13-00-00", "latency": 19}, {"date": "2022-04-03-13-00-00", "latency": 19}]}, {"location": {"country_code": "us", "region": "California"}, "game_id": "273486", "values": [{"date": "2022-04-03-23-00-00", "latency": 23}, {"date": "2022-04-03-23-00-00", "latency": 23}, {"date": "2022-04-03-11-00-00", "latency": 0}, {"date": "2022-04-03-11-00-00", "latency": 0}]}, {"location": {"country_code": "us", "region": "California", "city": "East Los Angeles"}, "game_id": "273486", "values": [{"date": "2022-04-04-00-00-00", "latency": 7}, {"date": "2022-04-04-00-00-00", "latency": 7}, {"date": "2022-04-04-00-00-00", "latency": 7}, {"date": "2022-04-04-00-00-00", "latency": 7}, {"date": "2022-04-04-00-00-00", "latency": 7}, {"date": "2022-04-04-00-00-00", "latency": 7}, {"date": "2022-04-04-00-00-00", "latency": 7}, {"date": "2022-04-04-00-00-00", "latency": 7}, {"date": "2022-04-04-00-00-00", "latency": 7}, {"date": "2022-04-04-00-00-00", "latency": 7}, {"date": "2022-04-04-00-00-00", "latency": 7}, {"date": "2022-04-04-00-00-00", "latency": 7}, {"date": "2022-04-04-00-00-00", "latency": 7}, {"date": "2022-04-04-00-00-00", "latency": 7}, {"date": "2022-04-04-00-00-00", "latency": 7}, {"date": "2022-04-04-00-00-00", "latency": 7}, {"date": "2022-04-04-00-00-00", "latency": 7}, {"date": "2022-04-04-00-00-00", "latency": 7}, {"date": "2022-04-04-00-00-00", "latency": 7}, {"date": "2022-04-04-00-00-00", "latency": 7}, {"date": "2022-04-04-00-00-00", "latency": 7}, {"date": "2022-04-04-00-00-00", "latency": 7}, {"date": "2022-04-04-00-00-00", "latency": 7}, {"date": "2022-04-04-00-00-00", "latency": 7}]}, {"location": {"country_code": "au"}, "game_id": "273486", "values": [{"date": "2022-04-03-20-00-00", "latency": 0}]}, {"location": {"country_code": "us", "region": "Texas", "city": "Austin"}, "game_id": "273486", "values": [{"date": "2022-04-03-09-00-00", "latency": 27}, {"date": "2022-04-03-09-00-00", "latency": 27}]}, {"location": {"country_code": "us", "region": "Iowa"}, "game_id": "273486", "values": [{"date": "2022-04-03-20-00-00", "latency": 7}]}, {"location": {"country_code": "us", "region": "California", "city": "San Francisco"}, "game_id": "273486", "values": [{"date": "2022-04-03-11-00-00", "latency": 23}]}, {"location": {"country_code": "us", "region": "Pennsylvania", "city": "Philadelphia"}, "game_id": "273486", "values": [{"date": "2022-04-03-08-00-00", "latency": 0}, {"date": "2022-04-03-08-00-00", "latency": 0}]}, {"location": {"country_code": "us", "region": "Hawaii"}, "game_id": "273486", "values": [{"date": "2022-04-03-13-00-00", "latency": 117}, {"date": "2022-04-03-13-00-00", "latency": 117}]}, {"location": {"country_code": "ca", "region": "Alberta"}, "game_id": "273486", "values": [{"date": "2022-04-04-02-00-00", "latency": 43}]}, {"location": {"country_code": "us", "region": "Virginia"}, "game_id": "273486", "values": [{"date": "2022-04-03-22-00-00", "latency": 33}, {"date": "2022-04-03-22-00-00", "latency": 33}]}, {"location": {"country_code": "us", "region": "North Carolina", "city": "Charlotte"}, "game_id": "273486", "values": [{"date": "2022-04-03-08-00-00", "latency": 15}]}, {"location": {"country_code": "us", "region": "Ohio", "city": "Cleveland"}, "game_id": "273486", "values": [{"date": "2022-04-03-13-00-00", "latency": 66}, {"date": "2022-04-03-13-00-00", "latency": 66}, {"date": "2022-04-03-13-00-00", "latency": 66}, {"date": "2022-04-03-13-00-00", "latency": 66}, {"date": "2022-04-03-13-00-00", "latency": 66}, {"date": "2022-04-03-13-00-00", "latency": 66}, {"date": "2022-04-03-13-00-00", "latency": 66}, {"date": "2022-04-03-13-00-00", "latency": 66}, {"date": "2022-04-03-13-00-00", "latency": 66}, {"date": "2022-04-03-13-00-00", "latency": 66}]}, {"location": {"country_code": "us", "region": "Wisconsin", "city": "Milwaukee"}, "game_id": "273486", "values": [{"date": "2022-04-03-03-00-00", "latency": 1}]}, {"location": {"country_code": "us", "region": "Texas", "city": "Houston"}, "game_id": "273486", "values": [{"date": "2022-04-03-04-00-00", "latency": 9}, {"date": "2022-04-03-04-00-00", "latency": 9}]}, {"location": {"country_code": "us", "region": "Alaska"}, "game_id": "273486", "values": [{"date": "2022-04-03-08-00-00", "latency": 4}]}, {"location": {"country_code": "us", "region": "California", "city": "Chula Vista"}, "game_id": "273486", "values": [{"date": "2022-04-03-04-00-00", "latency": 27}, {"date": "2022-04-03-04-00-00", "latency": 27}]}, {"location": {"country_code": "gb", "region": "England", "city": "London"}, "game_id": "273486", "values": [{"date": "2022-04-03-18-00-00", "latency": 0}]}, {"location": {"country_code": "us", "region": "Georgia"}, "game_id": "273486", "values": [{"date": "2022-04-03-08-00-00", "latency": 0}]}, {"location": {"country_code": "sg"}, "game_id": "273486", "values": [{"date": "2022-04-03-18-00-00", "latency": 0}]}, {"location": {"country_code": "ca", "region": "Ontario", "city": "Toronto"}, "game_id": "273486", "values": [{"date": "2022-04-03-21-00-00", "latency": 0}]}, {"location": {"country_code": "us", "region": "Illinois"}, "game_id": "273486", "values": [{"date": "2022-04-03-03-00-00", "latency": 39}]}, {"location": {"country_code": "us", "region": "Oklahoma"}, "game_id": "273486", "values": [{"date": "2022-04-03-02-00-00", "latency": 23}]}, {"location": {"country_code": "us", "region": "Pennsylvania"}, "game_id": "273486", "values": [{"date": "2022-04-03-06-00-00", "latency": 31}, {"date": "2022-04-03-06-00-00", "latency": 31}]}, {"location": {"country_code": "us", "region": "Kentucky", "city": "Madisonville"}, "game_id": "273486", "values": [{"date": "2022-04-03-07-00-00", "latency": 27}]}, {"location": {"country_code": "us", "region": "Minnesota"}, "game_id": "273486", "values": [{"date": "2022-04-03-07-00-00", "latency": 3}, {"date": "2022-04-03-07-00-00", "latency": 3}]}, {"location": {"country_code": "ca", "region": "Quebec", "city": "Montreal"}, "game_id": "273486", "values": [{"date": "2022-04-03-09-00-00", "latency": 0}]}, {"location": {"country_code": "us", "region": "Massachusetts", "city": "Boston"}, "game_id": "273486", "values": [{"date": "2022-04-03-08-00-00", "latency": 8}, {"date": "2022-04-03-08-00-00", "latency": 8}, {"date": "2022-04-03-08-00-00", "latency": 8}, {"date": "2022-04-03-08-00-00", "latency": 8}, {"date": "2022-04-03-04-00-00", "latency": 54}, {"date": "2022-04-03-04-00-00", "latency": 54}, {"date": "2022-04-03-04-00-00", "latency": 54}, {"date": "2022-04-03-04-00-00", "latency": 54}, {"date": "2022-04-03-04-00-00", "latency": 54}, {"date": "2022-04-03-04-00-00", "latency": 54}, {"date": "2022-04-03-04-00-00", "latency": 54}, {"date": "2022-04-03-04-00-00", "latency": 54}, {"date": "2022-04-03-04-00-00", "latency": 54}, {"date": "2022-04-03-04-00-00", "latency": 54}, {"date": "2022-04-03-04-00-00", "latency": 54}]}, {"location": {"country_code": "au", "region": "Queensland", "city": "Gold Coast"}, "game_id": "273486", "values": [{"date": "2022-04-04-00-00-00", "latency": 0}]}, {"location": {"country_code": "kw"}, "game_id": "273486", "values": [{"date": "2022-04-03-21-00-00", "latency": 0}, {"date": "2022-04-04-00-00-00", "latency": 23}, {"date": "2022-04-04-00-00-00", "latency": 23}, {"date": "2022-04-04-00-00-00", "latency": 23}, {"date": "2022-04-04-00-00-00", "latency": 23}, {"date": "2022-04-04-00-00-00", "latency": 23}]}, {"location": {"country_code": "gb", "region": "England", "city": "Liverpool"}, "game_id": "273486", "values": [{"date": "2022-04-03-19-00-00", "latency": 0}]}, {"location": {"country_code": "us", "region": "South Dakota"}, "game_id": "273486", "values": [{"date": "2022-04-03-05-00-00", "latency": 0}]}, {"location": {"country_code": "gb", "region": "England", "city": "Salford"}, "game_id": "273486", "values": [{"date": "2022-04-03-22-00-00", "latency": 0}]}, {"location": {"country_code": "us", "region": "Connecticut"}, "game_id": "273486", "values": [{"date": "2022-04-03-04-00-00", "latency": 247}, {"date": "2022-04-03-04-00-00", "latency": 247}, {"date": "2022-04-03-04-00-00", "latency": 247}, {"date": "2022-04-03-04-00-00", "latency": 247}]}, {"location": {"country_code": "us", "region": "Washington", "city": "Seattle"}, "game_id": "273486", "values": [{"date": "2022-04-03-09-00-00", "latency": 15}, {"date": "2022-04-03-09-00-00", "latency": 15}, {"date": "2022-04-03-06-00-00", "latency": 11}]}, {"location": {"country_code": "gb", "region": "England", "city": "Birmingham"}, "game_id": "273486", "values": [{"date": "2022-04-03-14-00-00", "latency": 23}]}, {"location": {"country_code": "sa", "region": "Riyadh Region", "city": "Wadi Ad Dawasir"}, "game_id": "273486", "values": [{"date": "2022-04-04-02-00-00", "latency": 0}, {"date": "2022-04-03-22-00-00", "latency": 0}]}, {"location": {"country_code": "us", "region": "Texas", "city": "Fort Worth"}, "game_id": "273486", "values": [{"date": "2022-04-03-06-00-00", "latency": 15}, {"date": "2022-04-03-06-00-00", "latency": 15}, {"date": "2022-04-03-06-00-00", "latency": 15}, {"date": "2022-04-03-06-00-00", "latency": 15}]}, {"location": {"country_code": "us", "region": "North Dakota"}, "game_id": "273486", "values": [{"date": "2022-04-03-12-00-00", "latency": 27}]}, {"location": {"country_code": "sa", "region": "Mecca Region", "city": "Jeddah"}, "game_id": "273486", "values": [{"date": "2022-04-04-02-00-00", "latency": 23}, {"date": "2022-04-04-02-00-00", "latency": 23}, {"date": "2022-04-04-02-00-00", "latency": 23}, {"date": "2022-04-04-02-00-00", "latency": 23}, {"date": "2022-04-04-02-00-00", "latency": 23}]}, {"location": {"country_code": "es", "region": "Andalusia", "city": "Jerez"}, "game_id": "273486", "values": [{"date": "2022-04-03-17-00-00", "latency": 19}, {"date": "2022-04-03-17-00-00", "latency": 19}, {"date": "2022-04-03-17-00-00", "latency": 19}, {"date": "2022-04-03-17-00-00", "latency": 19}, {"date": "2022-04-03-17-00-00", "latency": 19}, {"date": "2022-04-03-17-00-00", "latency": 19}, {"date": "2022-04-03-17-00-00", "latency": 19}, {"date": "2022-04-03-17-00-00", "latency": 19}, {"date": "2022-04-03-17-00-00", "latency": 19}]}, {"location": {"country_code": "us", "region": "South Carolina", "city": "Florence"}, "game_id": "273486", "values": [{"date": "2022-04-03-22-00-00", "latency": 27}, {"date": "2022-04-03-22-00-00", "latency": 27}]}, {"location": {"country_code": "us", "region": "Kentucky", "city": "Bowling Green"}, "game_id": "273486", "values": [{"date": "2022-04-03-06-00-00", "latency": 19}, {"date": "2022-04-03-06-00-00", "latency": 19}]}, {"location": {"country_code": "us", "region": "Alaska", "city": "Eagle River"}, "game_id": "273486", "values": [{"date": "2022-04-03-13-00-00", "latency": 39}, {"date": "2022-04-03-13-00-00", "latency": 39}, {"date": "2022-04-03-13-00-00", "latency": 39}, {"date": "2022-04-03-13-00-00", "latency": 39}, {"date": "2022-04-03-13-00-00", "latency": 39}, {"date": "2022-04-03-13-00-00", "latency": 39}, {"date": "2022-04-03-13-00-00", "latency": 39}, {"date": "2022-04-03-13-00-00", "latency": 39}, {"date": "2022-04-03-13-00-00", "latency": 39}, {"date": "2022-04-03-13-00-00", "latency": 39}]}, {"location": {"country_code": "br", "region": "Santa Catarina", "city": "Criciuma"}, "game_id": "273486", "values": [{"date": "2022-04-03-04-00-00", "latency": 6}, {"date": "2022-04-03-04-00-00", "latency": 6}, {"date": "2022-04-03-04-00-00", "latency": 6}, {"date": "2022-04-03-04-00-00", "latency": 6}]}, {"location": {"country_code": "us", "region": "New York", "city": "Elmira"}, "game_id": "273486", "values": [{"date": "2022-04-03-19-00-00", "latency": 0}]}], "last_updated": 1719919354.009406}