{"data": [{"location": {"country_code": "nz"}, "game_id": "273486", "values": [{"date": "2022-04-20-19-00-00", "latency": 117}]}, {"location": {"country_code": "us"}, "game_id": "273486", "values": [{"date": "2022-04-20-06-00-00", "latency": 7}, {"date": "2022-04-20-05-00-00", "latency": 15}, {"date": "2022-04-20-09-00-00", "latency": 0}, {"date": "2022-04-20-05-00-00", "latency": 19}, {"date": "2022-04-20-05-00-00", "latency": 19}, {"date": "2022-04-20-05-00-00", "latency": 19}, {"date": "2022-04-21-02-00-00", "latency": 11}, {"date": "2022-04-21-02-00-00", "latency": 11}, {"date": "2022-04-21-02-00-00", "latency": 11}]}, {"location": {"country_code": "gb"}, "game_id": "273486", "values": [{"date": "2022-04-21-00-00-00", "latency": 7}]}, {"location": {"country_code": "sa", "region": "Eastern Province", "city": "Dhahran Compound"}, "game_id": "273486", "values": [{"date": "2022-04-20-05-00-00", "latency": 7}, {"date": "2022-04-20-05-00-00", "latency": 7}, {"date": "2022-04-20-05-00-00", "latency": 7}, {"date": "2022-04-20-23-00-00", "latency": 0}]}, {"location": {"country_code": "ca"}, "game_id": "273486", "values": [{"date": "2022-04-20-12-00-00", "latency": 0}]}, {"location": {"country_code": "us", "region": "Indiana"}, "game_id": "273486", "values": [{"date": "2022-04-20-20-00-00", "latency": 0}]}, {"location": {"country_code": "gb", "region": "England"}, "game_id": "273486", "values": [{"date": "2022-04-20-15-00-00", "latency": 3}]}, {"location": {"country_code": "gb", "region": "Scotland"}, "game_id": "273486", "values": [{"date": "2022-04-20-22-00-00", "latency": 0}]}, {"location": {"country_code": "us", "region": "Texas"}, "game_id": "273486", "values": [{"date": "2022-04-20-13-00-00", "latency": 0}]}, {"location": {"country_code": "us", "region": "New Jersey"}, "game_id": "273486", "values": [{"date": "2022-04-20-06-00-00", "latency": 27}, {"date": "2022-04-20-06-00-00", "latency": 27}, {"date": "2022-04-21-00-00-00", "latency": 19}, {"date": "2022-04-21-00-00-00", "latency": 19}, {"date": "2022-04-21-00-00-00", "latency": 19}, {"date": "2022-04-21-00-00-00", "latency": 19}, {"date": "2022-04-21-00-00-00", "latency": 19}]}, {"location": {"country_code": "us", "region": "California"}, "game_id": "273486", "values": [{"date": "2022-04-20-12-00-00", "latency": 48}, {"date": "2022-04-20-12-00-00", "latency": 48}, {"date": "2022-04-20-12-00-00", "latency": 48}, {"date": "2022-04-20-12-00-00", "latency": 48}, {"date": "2022-04-20-12-00-00", "latency": 48}, {"date": "2022-04-20-12-00-00", "latency": 48}, {"date": "2022-04-20-12-00-00", "latency": 48}, {"date": "2022-04-20-12-00-00", "latency": 48}, {"date": "2022-04-20-12-00-00", "latency": 48}, {"date": "2022-04-20-12-00-00", "latency": 48}, {"date": "2022-04-20-12-00-00", "latency": 48}, {"date": "2022-04-20-12-00-00", "latency": 48}, {"date": "2022-04-20-12-00-00", "latency": 48}, {"date": "2022-04-20-12-00-00", "latency": 48}, {"date": "2022-04-20-03-00-00", "latency": 54}, {"date": "2022-04-20-15-00-00", "latency": 0}]}, {"location": {"country_code": "us", "region": "California", "city": "East Los Angeles"}, "game_id": "273486", "values": [{"date": "2022-04-21-02-00-00", "latency": 3}, {"date": "2022-04-21-02-00-00", "latency": 3}]}, {"location": {"country_code": "us", "region": "Iowa"}, "game_id": "273486", "values": [{"date": "2022-04-20-03-00-00", "latency": 0}]}, {"location": {"country_code": "kr"}, "game_id": "273486", "values": [{"date": "2022-04-20-14-00-00", "latency": 11}, {"date": "2022-04-20-14-00-00", "latency": 11}, {"date": "2022-04-20-14-00-00", "latency": 11}, {"date": "2022-04-20-14-00-00", "latency": 11}]}, {"location": {"country_code": "es", "region": "Andalusia", "city": "Granada"}, "game_id": "273486", "values": [{"date": "2022-04-20-20-00-00", "latency": 19}, {"date": "2022-04-20-20-00-00", "latency": 19}]}, {"location": {"country_code": "fi"}, "game_id": "273486", "values": [{"date": "2022-04-20-17-00-00", "latency": 35}]}, {"location": {"country_code": "us", "region": "Hawaii"}, "game_id": "273486", "values": [{"date": "2022-04-20-04-00-00", "latency": 39}, {"date": "2022-04-20-04-00-00", "latency": 39}]}, {"location": {"country_code": "us", "region": "Massachusetts"}, "game_id": "273486", "values": [{"date": "2022-04-20-22-00-00", "latency": 15}, {"date": "2022-04-20-22-00-00", "latency": 15}, {"date": "2022-04-20-22-00-00", "latency": 15}, {"date": "2022-04-20-22-00-00", "latency": 15}, {"date": "2022-04-20-22-00-00", "latency": 15}]}, {"location": {"country_code": "ca", "region": "Alberta"}, "game_id": "273486", "values": [{"date": "2022-04-21-00-00-00", "latency": 31}, {"date": "2022-04-21-00-00-00", "latency": 31}, {"date": "2022-04-21-00-00-00", "latency": 31}, {"date": "2022-04-21-00-00-00", "latency": 31}, {"date": "2022-04-20-07-00-00", "latency": 2}]}, {"location": {"country_code": "us", "region": "Ohio", "city": "Cleveland"}, "game_id": "273486", "values": [{"date": "2022-04-20-09-00-00", "latency": 0}]}, {"location": {"country_code": "us", "region": "District of Columbia", "city": "Washington"}, "game_id": "273486", "values": [{"date": "2022-04-20-08-00-00", "latency": 31}, {"date": "2022-04-20-08-00-00", "latency": 31}, {"date": "2022-04-20-08-00-00", "latency": 31}, {"date": "2022-04-20-08-00-00", "latency": 31}, {"date": "2022-04-20-08-00-00", "latency": 31}]}, {"location": {"country_code": "us", "region": "Kentucky"}, "game_id": "273486", "values": [{"date": "2022-04-20-05-00-00", "latency": 0}]}, {"location": {"country_code": "us", "region": "Kentucky", "city": "Madisonville"}, "game_id": "273486", "values": [{"date": "2022-04-20-08-00-00", "latency": 0}]}, {"location": {"country_code": "us", "region": "Massachusetts", "city": "Boston"}, "game_id": "273486", "values": [{"date": "2022-04-20-03-00-00", "latency": 0}]}, {"location": {"country_code": "us", "region": "Maryland"}, "game_id": "273486", "values": [{"date": "2022-04-20-10-00-00", "latency": 27}, {"date": "2022-04-20-10-00-00", "latency": 27}]}, {"location": {"country_code": "au", "region": "Queensland", "city": "Brisbane"}, "game_id": "273486", "values": [{"date": "2022-04-20-16-00-00", "latency": 78}, {"date": "2022-04-20-16-00-00", "latency": 78}, {"date": "2022-04-20-16-00-00", "latency": 78}, {"date": "2022-04-20-16-00-00", "latency": 78}]}, {"location": {"country_code": "us", "region": "Tennessee", "city": "Nashville"}, "game_id": "273486", "values": [{"date": "2022-04-21-01-00-00", "latency": 0}]}, {"location": {"country_code": "us", "region": "Missouri", "city": "Joplin"}, "game_id": "273486", "values": [{"date": "2022-04-20-08-00-00", "latency": 27}, {"date": "2022-04-20-08-00-00", "latency": 27}]}, {"location": {"country_code": "ae", "region": "Dubai", "city": "Dubai"}, "game_id": "273486", "values": [{"date": "2022-04-20-23-00-00", "latency": 15}, {"date": "2022-04-20-23-00-00", "latency": 15}]}, {"location": {"country_code": "us", "region": "California", "city": "Moorpark"}, "game_id": "273486", "values": [{"date": "2022-04-20-08-00-00", "latency": 23}, {"date": "2022-04-20-08-00-00", "latency": 23}]}, {"location": {"country_code": "gb", "region": "Wales"}, "game_id": "273486", "values": [{"date": "2022-04-20-21-00-00", "latency": 31}]}, {"location": {"country_code": "sa", "region": "Riyadh Region", "city": "Wadi Ad Dawasir"}, "game_id": "273486", "values": [{"date": "2022-04-20-21-00-00", "latency": 0}]}, {"location": {"country_code": "us", "region": "State of Wyoming", "city": "Cheyenne"}, "game_id": "273486", "values": [{"date": "2022-04-20-13-00-00", "latency": 50}, {"date": "2022-04-20-13-00-00", "latency": 50}, {"date": "2022-04-20-13-00-00", "latency": 50}, {"date": "2022-04-20-13-00-00", "latency": 50}, {"date": "2022-04-20-13-00-00", "latency": 50}]}, {"location": {"country_code": "us", "region": "Kentucky", "city": "Louisville"}, "game_id": "273486", "values": [{"date": "2022-04-20-08-00-00", "latency": 31}, {"date": "2022-04-20-08-00-00", "latency": 31}, {"date": "2022-04-20-08-00-00", "latency": 31}, {"date": "2022-04-20-08-00-00", "latency": 31}, {"date": "2022-04-20-08-00-00", "latency": 31}, {"date": "2022-04-20-08-00-00", "latency": 31}, {"date": "2022-04-20-08-00-00", "latency": 31}, {"date": "2022-04-20-08-00-00", "latency": 31}, {"date": "2022-04-20-08-00-00", "latency": 31}, {"date": "2022-04-20-08-00-00", "latency": 31}, {"date": "2022-04-20-07-00-00", "latency": 19}]}, {"location": {"country_code": "us", "region": "Texas", "city": "Laredo"}, "game_id": "273486", "values": [{"date": "2022-04-20-03-00-00", "latency": 37}, {"date": "2022-04-20-03-00-00", "latency": 37}]}, {"location": {"country_code": "us", "region": "Minnesota", "city": "Saint Michael"}, "game_id": "273486", "values": [{"date": "2022-04-20-02-00-00", "latency": 45}, {"date": "2022-04-20-02-00-00", "latency": 45}, {"date": "2022-04-20-02-00-00", "latency": 45}, {"date": "2022-04-20-02-00-00", "latency": 45}, {"date": "2022-04-20-02-00-00", "latency": 45}]}, {"location": {"country_code": "us", "region": "New York", "city": "Elmira"}, "game_id": "273486", "values": [{"date": "2022-04-21-00-00-00", "latency": 31}, {"date": "2022-04-21-00-00-00", "latency": 31}, {"date": "2022-04-21-00-00-00", "latency": 31}, {"date": "2022-04-21-00-00-00", "latency": 31}]}], "last_updated": 1719919354.147663}