{"data": [{"location": {"country_code": "us"}, "game_id": "101342", "values": [{"date": "2024-06-10-22-00-00", "latency": "100"}, {"date": "2024-06-10-03-00-00", "latency": "75"}, {"date": "2024-06-10-03-00-00", "latency": "75"}, {"date": "2024-06-10-03-00-00", "latency": "75"}, {"date": "2024-06-10-03-00-00", "latency": "75"}, {"date": "2024-06-10-03-00-00", "latency": "75"}, {"date": "2024-06-10-03-00-00", "latency": "75"}, {"date": "2024-06-10-03-00-00", "latency": "75"}, {"date": "2024-06-10-03-00-00", "latency": "75"}, {"date": "2024-06-10-21-00-00", "latency": "65"}, {"date": "2024-06-10-21-00-00", "latency": "65"}, {"date": "2024-06-10-21-00-00", "latency": "65"}, {"date": "2024-06-10-21-00-00", "latency": "65"}, {"date": "2024-06-10-21-00-00", "latency": "65"}, {"date": "2024-06-10-21-00-00", "latency": "65"}, {"date": "2024-06-10-21-00-00", "latency": "65"}, {"date": "2024-06-10-21-00-00", "latency": "65"}, {"date": "2024-06-10-21-00-00", "latency": "65"}, {"date": "2024-06-10-21-00-00", "latency": "65"}, {"date": "2024-06-10-21-00-00", "latency": "65"}, {"date": "2024-06-10-21-00-00", "latency": "65"}, {"date": "2024-06-10-21-00-00", "latency": "65"}, {"date": "2024-06-10-21-00-00", "latency": "65"}, {"date": "2024-06-10-21-00-00", "latency": "65"}, {"date": "2024-06-10-21-00-00", "latency": "65"}, {"date": "2024-06-10-21-00-00", "latency": "65"}, {"date": "2024-06-10-21-00-00", "latency": "65"}, {"date": "2024-06-10-21-00-00", "latency": "65"}, {"date": "2024-06-10-21-00-00", "latency": "65"}, {"date": "2024-06-10-21-00-00", "latency": "65"}, {"date": "2024-06-10-21-00-00", "latency": "65"}, {"date": "2024-06-10-21-00-00", "latency": "65"}, {"date": "2024-06-10-21-00-00", "latency": "65"}, {"date": "2024-06-10-09-00-00", "latency": "71"}, {"date": "2024-06-10-09-00-00", "latency": "71"}, {"date": "2024-06-10-09-00-00", "latency": "71"}, {"date": "2024-06-10-03-00-00", "latency": "81"}, {"date": "2024-06-10-03-00-00", "latency": "81"}, {"date": "2024-06-10-03-00-00", "latency": "81"}, {"date": "2024-06-10-03-00-00", "latency": "81"}, {"date": "2024-06-10-03-00-00", "latency": "81"}, {"date": "2024-06-10-03-00-00", "latency": "81"}, {"date": "2024-06-10-03-00-00", "latency": "81"}, {"date": "2024-06-10-03-00-00", "latency": "81"}, {"date": "2024-06-10-03-00-00", "latency": "81"}, {"date": "2024-06-10-03-00-00", "latency": "81"}, {"date": "2024-06-10-03-00-00", "latency": "81"}, {"date": "2024-06-10-03-00-00", "latency": "81"}, {"date": "2024-06-10-03-00-00", "latency": "81"}, {"date": "2024-06-10-03-00-00", "latency": "81"}, {"date": "2024-06-10-03-00-00", "latency": "81"}, {"date": "2024-06-10-03-00-00", "latency": "81"}, {"date": "2024-06-10-03-00-00", "latency": "81"}, {"date": "2024-06-10-03-00-00", "latency": "81"}, {"date": "2024-06-10-03-00-00", "latency": "81"}, {"date": "2024-06-10-03-00-00", "latency": "81"}, {"date": "2024-06-10-03-00-00", "latency": "81"}, {"date": "2024-06-10-03-00-00", "latency": "81"}, {"date": "2024-06-10-03-00-00", "latency": "81"}, {"date": "2024-06-10-03-00-00", "latency": "81"}, {"date": "2024-06-10-03-00-00", "latency": "81"}, {"date": "2024-06-10-03-00-00", "latency": "81"}, {"date": "2024-06-10-03-00-00", "latency": "81"}, {"date": "2024-06-10-03-00-00", "latency": "81"}, {"date": "2024-06-11-00-00-00", "latency": "64"}, {"date": "2024-06-11-00-00-00", "latency": "64"}, {"date": "2024-06-11-00-00-00", "latency": "64"}, {"date": "2024-06-11-00-00-00", "latency": "64"}, {"date": "2024-06-11-00-00-00", "latency": "64"}, {"date": "2024-06-11-00-00-00", "latency": "64"}, {"date": "2024-06-11-00-00-00", "latency": "64"}, {"date": "2024-06-11-00-00-00", "latency": "64"}, {"date": "2024-06-11-00-00-00", "latency": "64"}, {"date": "2024-06-11-00-00-00", "latency": "64"}, {"date": "2024-06-11-00-00-00", "latency": "64"}, {"date": "2024-06-11-00-00-00", "latency": "64"}, {"date": "2024-06-11-00-00-00", "latency": "64"}, {"date": "2024-06-11-00-00-00", "latency": "64"}, {"date": "2024-06-10-03-00-00", "latency": "64"}, {"date": "2024-06-10-03-00-00", "latency": "64"}, {"date": "2024-06-10-03-00-00", "latency": "64"}, {"date": "2024-06-10-03-00-00", "latency": "64"}, {"date": "2024-06-10-03-00-00", "latency": "64"}, {"date": "2024-06-10-03-00-00", "latency": "64"}, {"date": "2024-06-10-03-00-00", "latency": "64"}, {"date": "2024-06-10-03-00-00", "latency": "64"}, {"date": "2024-06-10-03-00-00", "latency": "64"}, {"date": "2024-06-10-03-00-00", "latency": "64"}, {"date": "2024-06-10-03-00-00", "latency": "64"}, {"date": "2024-06-10-03-00-00", "latency": "64"}, {"date": "2024-06-10-03-00-00", "latency": "64"}, {"date": "2024-06-10-03-00-00", "latency": "64"}, {"date": "2024-06-10-03-00-00", "latency": "64"}, {"date": "2024-06-10-03-00-00", "latency": "64"}, {"date": "2024-06-10-03-00-00", "latency": "64"}, {"date": "2024-06-10-03-00-00", "latency": "64"}, {"date": "2024-06-10-03-00-00", "latency": "64"}, {"date": "2024-06-10-03-00-00", "latency": "64"}, {"date": "2024-06-10-03-00-00", "latency": "64"}, {"date": "2024-06-10-03-00-00", "latency": "64"}, {"date": "2024-06-10-03-00-00", "latency": "64"}, {"date": "2024-06-10-03-00-00", "latency": "64"}, {"date": "2024-06-10-03-00-00", "latency": "64"}, {"date": "2024-06-10-03-00-00", "latency": "64"}, {"date": "2024-06-10-03-00-00", "latency": "64"}, {"date": "2024-06-10-03-00-00", "latency": "64"}]}, {"location": {"country_code": "us", "region": "New York", "city": "Jamestown"}, "game_id": "101342", "values": [{"date": "2024-06-10-02-00-00", "latency": "147"}, {"date": "2024-06-10-02-00-00", "latency": "147"}, {"date": "2024-06-10-02-00-00", "latency": "147"}, {"date": "2024-06-10-02-00-00", "latency": "147"}, {"date": "2024-06-10-02-00-00", "latency": "147"}, {"date": "2024-06-10-02-00-00", "latency": "147"}, {"date": "2024-06-10-02-00-00", "latency": "147"}, {"date": "2024-06-10-02-00-00", "latency": "147"}, {"date": "2024-06-10-02-00-00", "latency": "55"}, {"date": "2024-06-10-02-00-00", "latency": "55"}]}, {"location": {"country_code": "gb"}, "game_id": "101342", "values": [{"date": "2024-06-11-01-00-00", "latency": "56"}, {"date": "2024-06-11-01-00-00", "latency": "56"}, {"date": "2024-06-11-01-00-00", "latency": "56"}, {"date": "2024-06-11-01-00-00", "latency": "56"}, {"date": "2024-06-11-01-00-00", "latency": "56"}, {"date": "2024-06-11-01-00-00", "latency": "56"}, {"date": "2024-06-11-01-00-00", "latency": "56"}, {"date": "2024-06-11-01-00-00", "latency": "56"}, {"date": "2024-06-11-01-00-00", "latency": "56"}, {"date": "2024-06-11-01-00-00", "latency": "56"}, {"date": "2024-06-11-01-00-00", "latency": "56"}, {"date": "2024-06-11-01-00-00", "latency": "56"}, {"date": "2024-06-11-01-00-00", "latency": "56"}, {"date": "2024-06-11-01-00-00", "latency": "56"}, {"date": "2024-06-11-01-00-00", "latency": "56"}, {"date": "2024-06-11-01-00-00", "latency": "56"}, {"date": "2024-06-11-01-00-00", "latency": "56"}, {"date": "2024-06-11-01-00-00", "latency": "56"}, {"date": "2024-06-11-01-00-00", "latency": "56"}, {"date": "2024-06-11-01-00-00", "latency": "56"}, {"date": "2024-06-11-01-00-00", "latency": "56"}, {"date": "2024-06-11-01-00-00", "latency": "56"}, {"date": "2024-06-11-01-00-00", "latency": "56"}, {"date": "2024-06-11-01-00-00", "latency": "56"}, {"date": "2024-06-11-01-00-00", "latency": "56"}, {"date": "2024-06-11-01-00-00", "latency": "56"}, {"date": "2024-06-11-01-00-00", "latency": "56"}, {"date": "2024-06-11-01-00-00", "latency": "56"}, {"date": "2024-06-11-01-00-00", "latency": "56"}, {"date": "2024-06-11-01-00-00", "latency": "56"}, {"date": "2024-06-11-01-00-00", "latency": "56"}, {"date": "2024-06-11-01-00-00", "latency": "56"}, {"date": "2024-06-11-01-00-00", "latency": "56"}, {"date": "2024-06-11-01-00-00", "latency": "56"}, {"date": "2024-06-11-01-00-00", "latency": "56"}]}, {"location": {"country_code": "gb", "region": "Scotland"}, "game_id": "101342", "values": [{"date": "2024-06-10-21-00-00", "latency": "58"}, {"date": "2024-06-10-21-00-00", "latency": "58"}, {"date": "2024-06-10-21-00-00", "latency": "58"}, {"date": "2024-06-10-21-00-00", "latency": "58"}, {"date": "2024-06-10-21-00-00", "latency": "58"}, {"date": "2024-06-10-21-00-00", "latency": "58"}, {"date": "2024-06-10-21-00-00", "latency": "58"}, {"date": "2024-06-10-21-00-00", "latency": "58"}, {"date": "2024-06-10-21-00-00", "latency": "58"}, {"date": "2024-06-10-21-00-00", "latency": "58"}, {"date": "2024-06-10-21-00-00", "latency": "58"}, {"date": "2024-06-10-21-00-00", "latency": "58"}, {"date": "2024-06-10-21-00-00", "latency": "58"}, {"date": "2024-06-10-21-00-00", "latency": "58"}, {"date": "2024-06-10-21-00-00", "latency": "58"}, {"date": "2024-06-10-21-00-00", "latency": "58"}, {"date": "2024-06-10-21-00-00", "latency": "58"}, {"date": "2024-06-10-21-00-00", "latency": "58"}, {"date": "2024-06-10-21-00-00", "latency": "100"}, {"date": "2024-06-10-21-00-00", "latency": "100"}, {"date": "2024-06-10-21-00-00", "latency": "100"}, {"date": "2024-06-10-21-00-00", "latency": "100"}, {"date": "2024-06-10-21-00-00", "latency": "100"}, {"date": "2024-06-10-21-00-00", "latency": "100"}, {"date": "2024-06-10-21-00-00", "latency": "100"}, {"date": "2024-06-10-21-00-00", "latency": "100"}, {"date": "2024-06-10-21-00-00", "latency": "100"}, {"date": "2024-06-10-21-00-00", "latency": "100"}, {"date": "2024-06-10-21-00-00", "latency": "100"}, {"date": "2024-06-10-21-00-00", "latency": "100"}, {"date": "2024-06-10-21-00-00", "latency": "100"}, {"date": "2024-06-10-21-00-00", "latency": "100"}, {"date": "2024-06-10-21-00-00", "latency": "100"}, {"date": "2024-06-10-21-00-00", "latency": "100"}]}, {"location": {"country_code": "it"}, "game_id": "101342", "values": [{"date": "2024-06-10-22-00-00", "latency": "96"}, {"date": "2024-06-10-22-00-00", "latency": "96"}, {"date": "2024-06-10-22-00-00", "latency": "96"}, {"date": "2024-06-10-22-00-00", "latency": "96"}, {"date": "2024-06-10-22-00-00", "latency": "96"}, {"date": "2024-06-10-22-00-00", "latency": "96"}, {"date": "2024-06-10-22-00-00", "latency": "91"}, {"date": "2024-06-10-22-00-00", "latency": "91"}, {"date": "2024-06-10-22-00-00", "latency": "91"}, {"date": "2024-06-10-22-00-00", "latency": "91"}, {"date": "2024-06-10-22-00-00", "latency": "91"}, {"date": "2024-06-10-22-00-00", "latency": "91"}, {"date": "2024-06-10-22-00-00", "latency": "91"}, {"date": "2024-06-10-22-00-00", "latency": "91"}, {"date": "2024-06-10-22-00-00", "latency": "91"}, {"date": "2024-06-10-22-00-00", "latency": "91"}, {"date": "2024-06-10-22-00-00", "latency": "91"}, {"date": "2024-06-10-22-00-00", "latency": "91"}, {"date": "2024-06-10-22-00-00", "latency": "91"}, {"date": "2024-06-10-22-00-00", "latency": "91"}, {"date": "2024-06-10-22-00-00", "latency": "91"}, {"date": "2024-06-10-22-00-00", "latency": "91"}, {"date": "2024-06-10-22-00-00", "latency": "91"}, {"date": "2024-06-10-22-00-00", "latency": "91"}, {"date": "2024-06-10-22-00-00", "latency": "91"}, {"date": "2024-06-10-22-00-00", "latency": "91"}, {"date": "2024-06-10-22-00-00", "latency": "91"}]}, {"location": {"country_code": "za"}, "game_id": "101342", "values": [{"date": "2024-06-10-20-00-00", "latency": "272"}, {"date": "2024-06-10-20-00-00", "latency": "272"}, {"date": "2024-06-10-20-00-00", "latency": "272"}, {"date": "2024-06-10-20-00-00", "latency": "272"}, {"date": "2024-06-10-20-00-00", "latency": "272"}, {"date": "2024-06-10-20-00-00", "latency": "272"}, {"date": "2024-06-10-20-00-00", "latency": "272"}, {"date": "2024-06-10-20-00-00", "latency": "272"}, {"date": "2024-06-10-20-00-00", "latency": "272"}, {"date": "2024-06-10-20-00-00", "latency": "272"}, {"date": "2024-06-10-20-00-00", "latency": "272"}, {"date": "2024-06-10-20-00-00", "latency": "272"}, {"date": "2024-06-10-20-00-00", "latency": "272"}, {"date": "2024-06-10-20-00-00", "latency": "272"}, {"date": "2024-06-10-20-00-00", "latency": "272"}, {"date": "2024-06-10-20-00-00", "latency": "272"}, {"date": "2024-06-10-20-00-00", "latency": "272"}, {"date": "2024-06-10-20-00-00", "latency": "272"}]}, {"location": {"country_code": "ca"}, "game_id": "101342", "values": [{"date": "2024-06-10-04-00-00", "latency": "94"}, {"date": "2024-06-10-04-00-00", "latency": "94"}, {"date": "2024-06-10-04-00-00", "latency": "94"}, {"date": "2024-06-10-04-00-00", "latency": "94"}, {"date": "2024-06-10-04-00-00", "latency": "94"}, {"date": "2024-06-10-04-00-00", "latency": "94"}, {"date": "2024-06-10-04-00-00", "latency": "94"}, {"date": "2024-06-10-04-00-00", "latency": "94"}, {"date": "2024-06-10-04-00-00", "latency": "94"}, {"date": "2024-06-10-04-00-00", "latency": "94"}, {"date": "2024-06-10-04-00-00", "latency": "94"}, {"date": "2024-06-10-04-00-00", "latency": "94"}, {"date": "2024-06-10-04-00-00", "latency": "94"}, {"date": "2024-06-10-04-00-00", "latency": "94"}, {"date": "2024-06-10-04-00-00", "latency": "94"}, {"date": "2024-06-10-04-00-00", "latency": "94"}, {"date": "2024-06-10-03-00-00", "latency": "115"}, {"date": "2024-06-10-03-00-00", "latency": "115"}, {"date": "2024-06-10-03-00-00", "latency": "115"}, {"date": "2024-06-10-03-00-00", "latency": "115"}, {"date": "2024-06-10-03-00-00", "latency": "115"}, {"date": "2024-06-10-03-00-00", "latency": "115"}, {"date": "2024-06-10-03-00-00", "latency": "115"}, {"date": "2024-06-10-03-00-00", "latency": "115"}, {"date": "2024-06-10-03-00-00", "latency": "115"}, {"date": "2024-06-10-03-00-00", "latency": "115"}, {"date": "2024-06-10-03-00-00", "latency": "115"}, {"date": "2024-06-10-03-00-00", "latency": "115"}, {"date": "2024-06-10-03-00-00", "latency": "115"}, {"date": "2024-06-10-03-00-00", "latency": "115"}, {"date": "2024-06-10-03-00-00", "latency": "115"}, {"date": "2024-06-10-03-00-00", "latency": "115"}, {"date": "2024-06-10-03-00-00", "latency": "115"}, {"date": "2024-06-10-03-00-00", "latency": "115"}, {"date": "2024-06-10-03-00-00", "latency": "115"}, {"date": "2024-06-10-03-00-00", "latency": "115"}, {"date": "2024-06-10-03-00-00", "latency": "115"}, {"date": "2024-06-10-03-00-00", "latency": "115"}, {"date": "2024-06-10-03-00-00", "latency": "115"}, {"date": "2024-06-10-03-00-00", "latency": "115"}, {"date": "2024-06-10-03-00-00", "latency": "115"}, {"date": "2024-06-10-03-00-00", "latency": "115"}]}, {"location": {"country_code": "de"}, "game_id": "101342", "values": [{"date": "2024-06-10-21-00-00", "latency": "57"}, {"date": "2024-06-10-21-00-00", "latency": "57"}, {"date": "2024-06-10-21-00-00", "latency": "57"}, {"date": "2024-06-10-21-00-00", "latency": "57"}, {"date": "2024-06-10-21-00-00", "latency": "57"}, {"date": "2024-06-10-21-00-00", "latency": "57"}, {"date": "2024-06-10-21-00-00", "latency": "57"}, {"date": "2024-06-10-21-00-00", "latency": "57"}, {"date": "2024-06-10-21-00-00", "latency": "57"}, {"date": "2024-06-10-21-00-00", "latency": "57"}, {"date": "2024-06-10-23-00-00", "latency": "70"}, {"date": "2024-06-10-23-00-00", "latency": "70"}, {"date": "2024-06-10-23-00-00", "latency": "70"}, {"date": "2024-06-10-23-00-00", "latency": "70"}, {"date": "2024-06-10-23-00-00", "latency": "70"}]}, {"location": {"country_code": "us", "region": "Indiana"}, "game_id": "101342", "values": [{"date": "2024-06-11-01-00-00", "latency": "85"}, {"date": "2024-06-11-01-00-00", "latency": "85"}, {"date": "2024-06-11-01-00-00", "latency": "85"}, {"date": "2024-06-11-01-00-00", "latency": "85"}, {"date": "2024-06-11-01-00-00", "latency": "85"}, {"date": "2024-06-11-01-00-00", "latency": "85"}, {"date": "2024-06-11-01-00-00", "latency": "85"}, {"date": "2024-06-11-01-00-00", "latency": "85"}]}, {"location": {"country_code": "us", "region": "Texas"}, "game_id": "101342", "values": [{"date": "2024-06-11-02-00-00", "latency": "64"}, {"date": "2024-06-11-02-00-00", "latency": "64"}, {"date": "2024-06-11-02-00-00", "latency": "64"}, {"date": "2024-06-11-02-00-00", "latency": "64"}, {"date": "2024-06-11-02-00-00", "latency": "64"}, {"date": "2024-06-11-02-00-00", "latency": "64"}, {"date": "2024-06-11-02-00-00", "latency": "64"}, {"date": "2024-06-11-02-00-00", "latency": "64"}, {"date": "2024-06-11-02-00-00", "latency": "64"}, {"date": "2024-06-11-02-00-00", "latency": "64"}, {"date": "2024-06-11-02-00-00", "latency": "64"}]}, {"location": {"country_code": "us", "region": "Florida"}, "game_id": "101342", "values": [{"date": "2024-06-10-04-00-00", "latency": "129"}, {"date": "2024-06-10-04-00-00", "latency": "129"}, {"date": "2024-06-10-04-00-00", "latency": "129"}, {"date": "2024-06-10-04-00-00", "latency": "129"}, {"date": "2024-06-10-04-00-00", "latency": "129"}, {"date": "2024-06-10-04-00-00", "latency": "129"}, {"date": "2024-06-10-04-00-00", "latency": "129"}, {"date": "2024-06-10-04-00-00", "latency": "129"}, {"date": "2024-06-10-04-00-00", "latency": "129"}, {"date": "2024-06-10-04-00-00", "latency": "129"}, {"date": "2024-06-10-04-00-00", "latency": "129"}, {"date": "2024-06-10-04-00-00", "latency": "129"}, {"date": "2024-06-10-04-00-00", "latency": "129"}, {"date": "2024-06-10-04-00-00", "latency": "129"}, {"date": "2024-06-10-04-00-00", "latency": "129"}, {"date": "2024-06-10-04-00-00", "latency": "129"}, {"date": "2024-06-10-04-00-00", "latency": "129"}, {"date": "2024-06-10-04-00-00", "latency": "129"}, {"date": "2024-06-10-04-00-00", "latency": "129"}, {"date": "2024-06-10-04-00-00", "latency": "129"}, {"date": "2024-06-10-04-00-00", "latency": "129"}, {"date": "2024-06-10-04-00-00", "latency": "129"}, {"date": "2024-06-10-04-00-00", "latency": "129"}, {"date": "2024-06-10-04-00-00", "latency": "129"}, {"date": "2024-06-10-10-00-00", "latency": "87"}, {"date": "2024-06-10-10-00-00", "latency": "87"}, {"date": "2024-06-10-10-00-00", "latency": "87"}, {"date": "2024-06-10-10-00-00", "latency": "87"}, {"date": "2024-06-10-10-00-00", "latency": "87"}, {"date": "2024-06-10-10-00-00", "latency": "87"}, {"date": "2024-06-10-10-00-00", "latency": "87"}, {"date": "2024-06-10-10-00-00", "latency": "87"}, {"date": "2024-06-10-10-00-00", "latency": "87"}, {"date": "2024-06-10-10-00-00", "latency": "87"}, {"date": "2024-06-10-10-00-00", "latency": "87"}, {"date": "2024-06-10-10-00-00", "latency": "87"}]}, {"location": {"country_code": "ph"}, "game_id": "101342", "values": [{"date": "2024-06-10-13-00-00", "latency": "60"}, {"date": "2024-06-10-13-00-00", "latency": "60"}, {"date": "2024-06-10-13-00-00", "latency": "60"}, {"date": "2024-06-10-13-00-00", "latency": "60"}, {"date": "2024-06-10-13-00-00", "latency": "60"}, {"date": "2024-06-10-13-00-00", "latency": "60"}, {"date": "2024-06-10-13-00-00", "latency": "60"}, {"date": "2024-06-10-13-00-00", "latency": "60"}, {"date": "2024-06-10-13-00-00", "latency": "60"}, {"date": "2024-06-10-13-00-00", "latency": "60"}, {"date": "2024-06-10-13-00-00", "latency": "60"}, {"date": "2024-06-10-13-00-00", "latency": "60"}, {"date": "2024-06-10-13-00-00", "latency": "60"}, {"date": "2024-06-10-13-00-00", "latency": "60"}, {"date": "2024-06-10-13-00-00", "latency": "60"}, {"date": "2024-06-10-13-00-00", "latency": "60"}, {"date": "2024-06-10-13-00-00", "latency": "60"}, {"date": "2024-06-10-13-00-00", "latency": "60"}, {"date": "2024-06-10-13-00-00", "latency": "60"}, {"date": "2024-06-10-13-00-00", "latency": "60"}, {"date": "2024-06-10-13-00-00", "latency": "60"}, {"date": "2024-06-10-13-00-00", "latency": "60"}, {"date": "2024-06-10-13-00-00", "latency": "60"}, {"date": "2024-06-10-13-00-00", "latency": "60"}, {"date": "2024-06-10-13-00-00", "latency": "60"}, {"date": "2024-06-10-13-00-00", "latency": "60"}, {"date": "2024-06-10-13-00-00", "latency": "60"}, {"date": "2024-06-10-13-00-00", "latency": "60"}, {"date": "2024-06-10-13-00-00", "latency": "60"}, {"date": "2024-06-10-13-00-00", "latency": "60"}, {"date": "2024-06-10-13-00-00", "latency": "60"}]}, {"location": {"country_code": "fr"}, "game_id": "101342", "values": [{"date": "2024-06-10-21-00-00", "latency": "107"}, {"date": "2024-06-10-21-00-00", "latency": "107"}, {"date": "2024-06-10-21-00-00", "latency": "107"}, {"date": "2024-06-10-21-00-00", "latency": "107"}, {"date": "2024-06-10-21-00-00", "latency": "107"}, {"date": "2024-06-10-21-00-00", "latency": "107"}, {"date": "2024-06-10-21-00-00", "latency": "107"}, {"date": "2024-06-10-21-00-00", "latency": "107"}, {"date": "2024-06-10-21-00-00", "latency": "107"}, {"date": "2024-06-10-21-00-00", "latency": "107"}, {"date": "2024-06-10-21-00-00", "latency": "107"}, {"date": "2024-06-10-21-00-00", "latency": "107"}, {"date": "2024-06-10-21-00-00", "latency": "107"}, {"date": "2024-06-10-21-00-00", "latency": "107"}, {"date": "2024-06-10-21-00-00", "latency": "107"}, {"date": "2024-06-10-21-00-00", "latency": "107"}, {"date": "2024-06-10-21-00-00", "latency": "107"}, {"date": "2024-06-10-10-00-00", "latency": "75"}, {"date": "2024-06-10-10-00-00", "latency": "75"}, {"date": "2024-06-10-10-00-00", "latency": "75"}, {"date": "2024-06-10-10-00-00", "latency": "75"}, {"date": "2024-06-10-10-00-00", "latency": "75"}, {"date": "2024-06-10-10-00-00", "latency": "75"}, {"date": "2024-06-10-10-00-00", "latency": "75"}, {"date": "2024-06-10-06-00-00", "latency": "89"}, {"date": "2024-06-10-06-00-00", "latency": "89"}, {"date": "2024-06-10-06-00-00", "latency": "89"}, {"date": "2024-06-10-06-00-00", "latency": "89"}, {"date": "2024-06-10-06-00-00", "latency": "89"}, {"date": "2024-06-10-06-00-00", "latency": "89"}, {"date": "2024-06-10-06-00-00", "latency": "89"}, {"date": "2024-06-10-06-00-00", "latency": "89"}, {"date": "2024-06-10-06-00-00", "latency": "89"}, {"date": "2024-06-10-06-00-00", "latency": "89"}, {"date": "2024-06-10-06-00-00", "latency": "89"}, {"date": "2024-06-10-06-00-00", "latency": "89"}, {"date": "2024-06-10-06-00-00", "latency": "89"}, {"date": "2024-06-10-06-00-00", "latency": "89"}, {"date": "2024-06-10-06-00-00", "latency": "89"}, {"date": "2024-06-10-06-00-00", "latency": "89"}, {"date": "2024-06-10-06-00-00", "latency": "89"}, {"date": "2024-06-10-06-00-00", "latency": "89"}, {"date": "2024-06-10-06-00-00", "latency": "89"}, {"date": "2024-06-10-06-00-00", "latency": "89"}, {"date": "2024-06-10-06-00-00", "latency": "89"}, {"date": "2024-06-10-06-00-00", "latency": "89"}, {"date": "2024-06-10-06-00-00", "latency": "89"}, {"date": "2024-06-10-06-00-00", "latency": "89"}, {"date": "2024-06-10-06-00-00", "latency": "89"}, {"date": "2024-06-10-06-00-00", "latency": "89"}, {"date": "2024-06-10-06-00-00", "latency": "89"}, {"date": "2024-06-10-06-00-00", "latency": "89"}, {"date": "2024-06-10-06-00-00", "latency": "89"}, {"date": "2024-06-10-06-00-00", "latency": "89"}, {"date": "2024-06-10-06-00-00", "latency": "89"}, {"date": "2024-06-10-06-00-00", "latency": "89"}, {"date": "2024-06-10-06-00-00", "latency": "89"}, {"date": "2024-06-10-06-00-00", "latency": "89"}, {"date": "2024-06-10-06-00-00", "latency": "89"}, {"date": "2024-06-10-06-00-00", "latency": "89"}, {"date": "2024-06-10-06-00-00", "latency": "89"}, {"date": "2024-06-10-06-00-00", "latency": "89"}, {"date": "2024-06-10-06-00-00", "latency": "89"}, {"date": "2024-06-10-06-00-00", "latency": "89"}, {"date": "2024-06-10-06-00-00", "latency": "89"}, {"date": "2024-06-10-06-00-00", "latency": "89"}]}, {"location": {"country_code": "us", "region": "New Jersey"}, "game_id": "101342", "values": [{"date": "2024-06-11-02-00-00", "latency": "52"}, {"date": "2024-06-11-02-00-00", "latency": "52"}, {"date": "2024-06-11-02-00-00", "latency": "52"}, {"date": "2024-06-11-02-00-00", "latency": "52"}, {"date": "2024-06-11-02-00-00", "latency": "52"}, {"date": "2024-06-11-02-00-00", "latency": "52"}, {"date": "2024-06-11-02-00-00", "latency": "52"}, {"date": "2024-06-11-02-00-00", "latency": "52"}, {"date": "2024-06-11-02-00-00", "latency": "52"}, {"date": "2024-06-11-02-00-00", "latency": "52"}, {"date": "2024-06-11-02-00-00", "latency": "52"}, {"date": "2024-06-11-02-00-00", "latency": "52"}, {"date": "2024-06-11-02-00-00", "latency": "52"}, {"date": "2024-06-11-02-00-00", "latency": "52"}, {"date": "2024-06-11-02-00-00", "latency": "52"}, {"date": "2024-06-11-02-00-00", "latency": "52"}, {"date": "2024-06-11-02-00-00", "latency": "52"}, {"date": "2024-06-11-02-00-00", "latency": "52"}, {"date": "2024-06-10-03-00-00", "latency": "63"}, {"date": "2024-06-10-03-00-00", "latency": "63"}, {"date": "2024-06-10-03-00-00", "latency": "63"}, {"date": "2024-06-10-03-00-00", "latency": "63"}, {"date": "2024-06-10-03-00-00", "latency": "63"}, {"date": "2024-06-10-03-00-00", "latency": "63"}, {"date": "2024-06-10-03-00-00", "latency": "63"}, {"date": "2024-06-10-03-00-00", "latency": "63"}, {"date": "2024-06-10-03-00-00", "latency": "63"}, {"date": "2024-06-10-03-00-00", "latency": "63"}, {"date": "2024-06-10-03-00-00", "latency": "63"}, {"date": "2024-06-10-03-00-00", "latency": "63"}, {"date": "2024-06-10-03-00-00", "latency": "63"}, {"date": "2024-06-10-03-00-00", "latency": "63"}, {"date": "2024-06-10-03-00-00", "latency": "63"}, {"date": "2024-06-10-03-00-00", "latency": "63"}, {"date": "2024-06-10-03-00-00", "latency": "63"}, {"date": "2024-06-10-03-00-00", "latency": "63"}, {"date": "2024-06-10-03-00-00", "latency": "63"}, {"date": "2024-06-10-03-00-00", "latency": "63"}, {"date": "2024-06-10-03-00-00", "latency": "63"}, {"date": "2024-06-10-03-00-00", "latency": "63"}, {"date": "2024-06-10-03-00-00", "latency": "63"}, {"date": "2024-06-10-03-00-00", "latency": "63"}, {"date": "2024-06-10-03-00-00", "latency": "63"}, {"date": "2024-06-10-03-00-00", "latency": "63"}, {"date": "2024-06-10-03-00-00", "latency": "63"}, {"date": "2024-06-10-03-00-00", "latency": "63"}, {"date": "2024-06-10-03-00-00", "latency": "63"}, {"date": "2024-06-10-03-00-00", "latency": "63"}, {"date": "2024-06-10-03-00-00", "latency": "63"}, {"date": "2024-06-10-03-00-00", "latency": "63"}, {"date": "2024-06-10-03-00-00", "latency": "63"}, {"date": "2024-06-10-03-00-00", "latency": "63"}, {"date": "2024-06-10-03-00-00", "latency": "63"}, {"date": "2024-06-10-03-00-00", "latency": "63"}, {"date": "2024-06-10-03-00-00", "latency": "63"}, {"date": "2024-06-10-03-00-00", "latency": "63"}, {"date": "2024-06-10-03-00-00", "latency": "63"}, {"date": "2024-06-10-03-00-00", "latency": "63"}, {"date": "2024-06-10-03-00-00", "latency": "91"}, {"date": "2024-06-10-03-00-00", "latency": "91"}, {"date": "2024-06-10-03-00-00", "latency": "91"}, {"date": "2024-06-10-03-00-00", "latency": "91"}, {"date": "2024-06-10-03-00-00", "latency": "91"}, {"date": "2024-06-10-03-00-00", "latency": "91"}, {"date": "2024-06-10-03-00-00", "latency": "91"}, {"date": "2024-06-10-03-00-00", "latency": "91"}, {"date": "2024-06-10-03-00-00", "latency": "91"}, {"date": "2024-06-10-03-00-00", "latency": "91"}, {"date": "2024-06-10-03-00-00", "latency": "91"}, {"date": "2024-06-10-03-00-00", "latency": "91"}, {"date": "2024-06-10-03-00-00", "latency": "91"}, {"date": "2024-06-10-03-00-00", "latency": "91"}, {"date": "2024-06-10-03-00-00", "latency": "91"}, {"date": "2024-06-10-03-00-00", "latency": "91"}, {"date": "2024-06-10-03-00-00", "latency": "91"}, {"date": "2024-06-10-03-00-00", "latency": "91"}]}, {"location": {"country_code": "br"}, "game_id": "101342", "values": [{"date": "2024-06-10-23-00-00", "latency": "225"}, {"date": "2024-06-10-23-00-00", "latency": "225"}, {"date": "2024-06-10-23-00-00", "latency": "225"}, {"date": "2024-06-10-23-00-00", "latency": "225"}, {"date": "2024-06-10-23-00-00", "latency": "225"}, {"date": "2024-06-10-23-00-00", "latency": "225"}, {"date": "2024-06-10-23-00-00", "latency": "225"}, {"date": "2024-06-10-23-00-00", "latency": "225"}, {"date": "2024-06-10-23-00-00", "latency": "225"}, {"date": "2024-06-10-23-00-00", "latency": "225"}, {"date": "2024-06-10-23-00-00", "latency": "225"}, {"date": "2024-06-10-23-00-00", "latency": "225"}]}, {"location": {"country_code": "au"}, "game_id": "101342", "values": [{"date": "2024-06-10-12-00-00", "latency": "65"}, {"date": "2024-06-10-12-00-00", "latency": "65"}, {"date": "2024-06-10-12-00-00", "latency": "65"}, {"date": "2024-06-10-12-00-00", "latency": "65"}, {"date": "2024-06-10-12-00-00", "latency": "65"}, {"date": "2024-06-10-12-00-00", "latency": "65"}, {"date": "2024-06-10-12-00-00", "latency": "65"}, {"date": "2024-06-10-12-00-00", "latency": "65"}, {"date": "2024-06-10-12-00-00", "latency": "65"}, {"date": "2024-06-10-12-00-00", "latency": "65"}, {"date": "2024-06-10-12-00-00", "latency": "65"}, {"date": "2024-06-10-08-00-00", "latency": "57"}, {"date": "2024-06-10-08-00-00", "latency": "57"}, {"date": "2024-06-10-08-00-00", "latency": "57"}, {"date": "2024-06-10-08-00-00", "latency": "57"}, {"date": "2024-06-10-08-00-00", "latency": "57"}, {"date": "2024-06-10-08-00-00", "latency": "57"}, {"date": "2024-06-10-08-00-00", "latency": "57"}, {"date": "2024-06-10-08-00-00", "latency": "57"}, {"date": "2024-06-10-08-00-00", "latency": "57"}, {"date": "2024-06-10-08-00-00", "latency": "57"}, {"date": "2024-06-10-08-00-00", "latency": "57"}, {"date": "2024-06-10-08-00-00", "latency": "57"}, {"date": "2024-06-10-08-00-00", "latency": "57"}, {"date": "2024-06-10-08-00-00", "latency": "57"}, {"date": "2024-06-10-08-00-00", "latency": "57"}, {"date": "2024-06-10-08-00-00", "latency": "57"}, {"date": "2024-06-10-08-00-00", "latency": "57"}, {"date": "2024-06-10-08-00-00", "latency": "57"}, {"date": "2024-06-10-08-00-00", "latency": "57"}, {"date": "2024-06-10-08-00-00", "latency": "57"}, {"date": "2024-06-10-08-00-00", "latency": "57"}]}, {"location": {"country_code": "td"}, "game_id": "101342", "values": [{"date": "2024-06-10-22-00-00", "latency": "70"}, {"date": "2024-06-10-22-00-00", "latency": "70"}, {"date": "2024-06-10-22-00-00", "latency": "70"}, {"date": "2024-06-10-22-00-00", "latency": "70"}, {"date": "2024-06-10-22-00-00", "latency": "70"}, {"date": "2024-06-10-22-00-00", "latency": "70"}, {"date": "2024-06-10-22-00-00", "latency": "70"}, {"date": "2024-06-10-22-00-00", "latency": "70"}]}, {"location": {"country_code": "dk"}, "game_id": "101342", "values": [{"date": "2024-06-10-12-00-00", "latency": "194"}, {"date": "2024-06-10-12-00-00", "latency": "194"}, {"date": "2024-06-10-12-00-00", "latency": "194"}, {"date": "2024-06-10-12-00-00", "latency": "194"}, {"date": "2024-06-10-12-00-00", "latency": "194"}, {"date": "2024-06-10-12-00-00", "latency": "194"}, {"date": "2024-06-10-12-00-00", "latency": "194"}, {"date": "2024-06-10-12-00-00", "latency": "194"}, {"date": "2024-06-10-12-00-00", "latency": "194"}, {"date": "2024-06-10-12-00-00", "latency": "194"}, {"date": "2024-06-10-12-00-00", "latency": "194"}, {"date": "2024-06-10-12-00-00", "latency": "194"}, {"date": "2024-06-10-12-00-00", "latency": "194"}, {"date": "2024-06-10-12-00-00", "latency": "194"}, {"date": "2024-06-10-12-00-00", "latency": "194"}, {"date": "2024-06-10-12-00-00", "latency": "194"}, {"date": "2024-06-10-12-00-00", "latency": "194"}, {"date": "2024-06-10-12-00-00", "latency": "194"}, {"date": "2024-06-10-12-00-00", "latency": "194"}]}, {"location": {"country_code": "es"}, "game_id": "101342", "values": [{"date": "2024-06-11-02-00-00", "latency": "1"}, {"date": "2024-06-11-02-00-00", "latency": "1"}, {"date": "2024-06-11-02-00-00", "latency": "1"}, {"date": "2024-06-11-02-00-00", "latency": "1"}, {"date": "2024-06-11-02-00-00", "latency": "1"}]}, {"location": {"country_code": "jm"}, "game_id": "101342", "values": [{"date": "2024-06-11-00-00-00", "latency": "76"}, {"date": "2024-06-11-00-00-00", "latency": "76"}, {"date": "2024-06-11-00-00-00", "latency": "76"}, {"date": "2024-06-11-00-00-00", "latency": "76"}, {"date": "2024-06-11-00-00-00", "latency": "76"}, {"date": "2024-06-11-00-00-00", "latency": "76"}, {"date": "2024-06-11-00-00-00", "latency": "76"}, {"date": "2024-06-11-00-00-00", "latency": "76"}, {"date": "2024-06-11-00-00-00", "latency": "76"}, {"date": "2024-06-11-00-00-00", "latency": "76"}, {"date": "2024-06-11-00-00-00", "latency": "76"}, {"date": "2024-06-11-00-00-00", "latency": "76"}, {"date": "2024-06-11-00-00-00", "latency": "76"}, {"date": "2024-06-11-00-00-00", "latency": "76"}, {"date": "2024-06-11-00-00-00", "latency": "76"}, {"date": "2024-06-11-00-00-00", "latency": "76"}, {"date": "2024-06-11-00-00-00", "latency": "76"}]}, {"location": {"country_code": "us", "region": "North Carolina", "city": "Charlotte"}, "game_id": "101342", "values": [{"date": "2024-06-10-03-00-00", "latency": "62"}, {"date": "2024-06-10-03-00-00", "latency": "62"}, {"date": "2024-06-10-03-00-00", "latency": "62"}, {"date": "2024-06-10-03-00-00", "latency": "62"}, {"date": "2024-06-10-03-00-00", "latency": "62"}, {"date": "2024-06-10-03-00-00", "latency": "62"}, {"date": "2024-06-10-03-00-00", "latency": "62"}, {"date": "2024-06-10-03-00-00", "latency": "62"}, {"date": "2024-06-10-03-00-00", "latency": "62"}, {"date": "2024-06-10-03-00-00", "latency": "62"}, {"date": "2024-06-10-03-00-00", "latency": "62"}, {"date": "2024-06-10-03-00-00", "latency": "62"}, {"date": "2024-06-10-03-00-00", "latency": "62"}, {"date": "2024-06-10-03-00-00", "latency": "62"}, {"date": "2024-06-10-03-00-00", "latency": "62"}, {"date": "2024-06-10-03-00-00", "latency": "62"}, {"date": "2024-06-10-03-00-00", "latency": "62"}, {"date": "2024-06-10-03-00-00", "latency": "62"}]}, {"location": {"country_code": "us", "region": "Michigan"}, "game_id": "101342", "values": [{"date": "2024-06-10-03-00-00", "latency": "79"}, {"date": "2024-06-10-03-00-00", "latency": "79"}, {"date": "2024-06-10-03-00-00", "latency": "79"}, {"date": "2024-06-10-03-00-00", "latency": "79"}, {"date": "2024-06-10-03-00-00", "latency": "79"}, {"date": "2024-06-10-03-00-00", "latency": "79"}, {"date": "2024-06-10-03-00-00", "latency": "79"}, {"date": "2024-06-10-03-00-00", "latency": "79"}, {"date": "2024-06-10-03-00-00", "latency": "79"}, {"date": "2024-06-10-03-00-00", "latency": "79"}, {"date": "2024-06-10-15-00-00", "latency": "273"}, {"date": "2024-06-10-15-00-00", "latency": "273"}, {"date": "2024-06-10-15-00-00", "latency": "273"}, {"date": "2024-06-10-15-00-00", "latency": "273"}, {"date": "2024-06-10-15-00-00", "latency": "273"}, {"date": "2024-06-10-15-00-00", "latency": "273"}, {"date": "2024-06-10-15-00-00", "latency": "273"}, {"date": "2024-06-10-15-00-00", "latency": "273"}, {"date": "2024-06-10-15-00-00", "latency": "273"}, {"date": "2024-06-10-15-00-00", "latency": "273"}, {"date": "2024-06-10-15-00-00", "latency": "273"}, {"date": "2024-06-10-15-00-00", "latency": "273"}, {"date": "2024-06-10-15-00-00", "latency": "273"}, {"date": "2024-06-10-15-00-00", "latency": "273"}, {"date": "2024-06-10-15-00-00", "latency": "273"}, {"date": "2024-06-10-15-00-00", "latency": "273"}, {"date": "2024-06-10-15-00-00", "latency": "273"}, {"date": "2024-06-10-15-00-00", "latency": "273"}, {"date": "2024-06-10-15-00-00", "latency": "273"}, {"date": "2024-06-10-15-00-00", "latency": "273"}, {"date": "2024-06-10-15-00-00", "latency": "273"}, {"date": "2024-06-10-15-00-00", "latency": "273"}, {"date": "2024-06-10-15-00-00", "latency": "273"}, {"date": "2024-06-10-15-00-00", "latency": "273"}, {"date": "2024-06-10-15-00-00", "latency": "273"}, {"date": "2024-06-10-15-00-00", "latency": "273"}, {"date": "2024-06-11-01-00-00", "latency": "76"}, {"date": "2024-06-11-01-00-00", "latency": "76"}, {"date": "2024-06-11-01-00-00", "latency": "76"}, {"date": "2024-06-11-01-00-00", "latency": "76"}, {"date": "2024-06-11-01-00-00", "latency": "76"}, {"date": "2024-06-11-01-00-00", "latency": "76"}, {"date": "2024-06-11-01-00-00", "latency": "76"}, {"date": "2024-06-11-01-00-00", "latency": "76"}, {"date": "2024-06-11-01-00-00", "latency": "76"}, {"date": "2024-06-11-01-00-00", "latency": "76"}, {"date": "2024-06-11-01-00-00", "latency": "76"}, {"date": "2024-06-11-01-00-00", "latency": "76"}, {"date": "2024-06-11-01-00-00", "latency": "76"}, {"date": "2024-06-11-01-00-00", "latency": "76"}, {"date": "2024-06-11-01-00-00", "latency": "76"}, {"date": "2024-06-11-01-00-00", "latency": "76"}, {"date": "2024-06-11-01-00-00", "latency": "76"}, {"date": "2024-06-11-01-00-00", "latency": "76"}, {"date": "2024-06-11-01-00-00", "latency": "76"}]}, {"location": {"country_code": "at"}, "game_id": "101342", "values": [{"date": "2024-06-10-20-00-00", "latency": "107"}, {"date": "2024-06-10-20-00-00", "latency": "107"}, {"date": "2024-06-10-20-00-00", "latency": "107"}, {"date": "2024-06-10-20-00-00", "latency": "107"}, {"date": "2024-06-10-20-00-00", "latency": "107"}, {"date": "2024-06-10-20-00-00", "latency": "107"}, {"date": "2024-06-10-20-00-00", "latency": "107"}, {"date": "2024-06-10-20-00-00", "latency": "107"}, {"date": "2024-06-10-20-00-00", "latency": "107"}, {"date": "2024-06-10-20-00-00", "latency": "107"}, {"date": "2024-06-10-20-00-00", "latency": "107"}]}, {"location": {"country_code": "us", "region": "North Carolina"}, "game_id": "101342", "values": [{"date": "2024-06-10-21-00-00", "latency": "92"}, {"date": "2024-06-10-21-00-00", "latency": "92"}, {"date": "2024-06-10-21-00-00", "latency": "92"}, {"date": "2024-06-10-21-00-00", "latency": "92"}, {"date": "2024-06-10-21-00-00", "latency": "92"}, {"date": "2024-06-10-21-00-00", "latency": "92"}, {"date": "2024-06-10-21-00-00", "latency": "92"}, {"date": "2024-06-10-21-00-00", "latency": "92"}, {"date": "2024-06-10-21-00-00", "latency": "92"}, {"date": "2024-06-10-21-00-00", "latency": "92"}, {"date": "2024-06-10-21-00-00", "latency": "92"}, {"date": "2024-06-10-21-00-00", "latency": "92"}, {"date": "2024-06-10-21-00-00", "latency": "92"}, {"date": "2024-06-10-21-00-00", "latency": "92"}, {"date": "2024-06-10-21-00-00", "latency": "92"}, {"date": "2024-06-10-21-00-00", "latency": "92"}, {"date": "2024-06-10-21-00-00", "latency": "92"}, {"date": "2024-06-10-21-00-00", "latency": "92"}, {"date": "2024-06-10-21-00-00", "latency": "92"}, {"date": "2024-06-10-21-00-00", "latency": "92"}, {"date": "2024-06-10-21-00-00", "latency": "92"}, {"date": "2024-06-10-21-00-00", "latency": "92"}, {"date": "2024-06-10-21-00-00", "latency": "92"}, {"date": "2024-06-10-21-00-00", "latency": "92"}, {"date": "2024-06-10-21-00-00", "latency": "92"}, {"date": "2024-06-10-21-00-00", "latency": "92"}, {"date": "2024-06-10-21-00-00", "latency": "92"}, {"date": "2024-06-10-21-00-00", "latency": "92"}, {"date": "2024-06-10-21-00-00", "latency": "92"}, {"date": "2024-06-10-21-00-00", "latency": "92"}, {"date": "2024-06-10-21-00-00", "latency": "92"}, {"date": "2024-06-10-21-00-00", "latency": "92"}, {"date": "2024-06-10-21-00-00", "latency": "92"}, {"date": "2024-06-10-21-00-00", "latency": "92"}, {"date": "2024-06-10-21-00-00", "latency": "92"}, {"date": "2024-06-10-21-00-00", "latency": "92"}, {"date": "2024-06-10-21-00-00", "latency": "92"}, {"date": "2024-06-10-21-00-00", "latency": "92"}]}, {"location": {"country_code": "us", "region": "Wisconsin"}, "game_id": "101342", "values": [{"date": "2024-06-10-03-00-00", "latency": "113"}, {"date": "2024-06-10-03-00-00", "latency": "113"}, {"date": "2024-06-10-03-00-00", "latency": "113"}, {"date": "2024-06-10-03-00-00", "latency": "113"}, {"date": "2024-06-10-03-00-00", "latency": "113"}, {"date": "2024-06-10-03-00-00", "latency": "113"}, {"date": "2024-06-10-03-00-00", "latency": "113"}, {"date": "2024-06-10-03-00-00", "latency": "113"}, {"date": "2024-06-10-03-00-00", "latency": "113"}, {"date": "2024-06-10-03-00-00", "latency": "113"}, {"date": "2024-06-10-03-00-00", "latency": "113"}, {"date": "2024-06-10-03-00-00", "latency": "113"}, {"date": "2024-06-10-03-00-00", "latency": "113"}, {"date": "2024-06-10-03-00-00", "latency": "113"}]}, {"location": {"country_code": "us", "region": "Pennsylvania"}, "game_id": "101342", "values": [{"date": "2024-06-11-01-00-00", "latency": "156"}, {"date": "2024-06-11-01-00-00", "latency": "156"}, {"date": "2024-06-11-01-00-00", "latency": "156"}, {"date": "2024-06-11-01-00-00", "latency": "156"}, {"date": "2024-06-11-01-00-00", "latency": "156"}, {"date": "2024-06-11-02-00-00", "latency": "62"}, {"date": "2024-06-11-02-00-00", "latency": "62"}, {"date": "2024-06-11-02-00-00", "latency": "62"}, {"date": "2024-06-11-02-00-00", "latency": "62"}, {"date": "2024-06-11-02-00-00", "latency": "62"}]}, {"location": {"country_code": "pt"}, "game_id": "101342", "values": [{"date": "2024-06-10-22-00-00", "latency": "169"}, {"date": "2024-06-10-22-00-00", "latency": "169"}, {"date": "2024-06-10-22-00-00", "latency": "169"}, {"date": "2024-06-10-22-00-00", "latency": "169"}, {"date": "2024-06-10-22-00-00", "latency": "169"}, {"date": "2024-06-10-22-00-00", "latency": "169"}, {"date": "2024-06-10-22-00-00", "latency": "169"}, {"date": "2024-06-10-22-00-00", "latency": "169"}, {"date": "2024-06-10-22-00-00", "latency": "169"}, {"date": "2024-06-10-22-00-00", "latency": "169"}, {"date": "2024-06-10-22-00-00", "latency": "169"}, {"date": "2024-06-10-22-00-00", "latency": "169"}, {"date": "2024-06-10-22-00-00", "latency": "169"}, {"date": "2024-06-10-22-00-00", "latency": "169"}, {"date": "2024-06-10-22-00-00", "latency": "169"}, {"date": "2024-06-10-22-00-00", "latency": "169"}, {"date": "2024-06-10-22-00-00", "latency": "169"}, {"date": "2024-06-10-22-00-00", "latency": "169"}, {"date": "2024-06-10-22-00-00", "latency": "169"}, {"date": "2024-06-10-22-00-00", "latency": "169"}, {"date": "2024-06-10-22-00-00", "latency": "169"}, {"date": "2024-06-10-22-00-00", "latency": "169"}, {"date": "2024-06-10-22-00-00", "latency": "169"}, {"date": "2024-06-10-22-00-00", "latency": "169"}, {"date": "2024-06-10-22-00-00", "latency": "169"}, {"date": "2024-06-10-22-00-00", "latency": "169"}, {"date": "2024-06-10-22-00-00", "latency": "169"}, {"date": "2024-06-10-22-00-00", "latency": "169"}, {"date": "2024-06-10-22-00-00", "latency": "169"}, {"date": "2024-06-10-22-00-00", "latency": "169"}, {"date": "2024-06-10-22-00-00", "latency": "169"}, {"date": "2024-06-10-22-00-00", "latency": "169"}, {"date": "2024-06-10-22-00-00", "latency": "169"}, {"date": "2024-06-10-22-00-00", "latency": "169"}, {"date": "2024-06-10-22-00-00", "latency": "169"}, {"date": "2024-06-10-22-00-00", "latency": "169"}, {"date": "2024-06-10-22-00-00", "latency": "169"}, {"date": "2024-06-10-22-00-00", "latency": "169"}, {"date": "2024-06-10-22-00-00", "latency": "169"}]}, {"location": {"country_code": "br", "region": "State of Rio de Janeiro", "city": "Angra dos Reis"}, "game_id": "101342", "values": [{"date": "2024-06-11-02-00-00", "latency": "84"}, {"date": "2024-06-11-02-00-00", "latency": "84"}, {"date": "2024-06-11-02-00-00", "latency": "84"}, {"date": "2024-06-11-02-00-00", "latency": "84"}, {"date": "2024-06-11-02-00-00", "latency": "84"}, {"date": "2024-06-11-02-00-00", "latency": "84"}, {"date": "2024-06-11-02-00-00", "latency": "84"}, {"date": "2024-06-11-02-00-00", "latency": "84"}, {"date": "2024-06-11-02-00-00", "latency": "84"}, {"date": "2024-06-11-02-00-00", "latency": "84"}, {"date": "2024-06-10-17-00-00", "latency": "55"}, {"date": "2024-06-10-17-00-00", "latency": "55"}, {"date": "2024-06-10-17-00-00", "latency": "55"}, {"date": "2024-06-10-17-00-00", "latency": "55"}, {"date": "2024-06-10-17-00-00", "latency": "55"}, {"date": "2024-06-10-17-00-00", "latency": "55"}, {"date": "2024-06-10-17-00-00", "latency": "55"}, {"date": "2024-06-10-17-00-00", "latency": "55"}, {"date": "2024-06-10-17-00-00", "latency": "55"}, {"date": "2024-06-10-17-00-00", "latency": "55"}, {"date": "2024-06-10-17-00-00", "latency": "55"}, {"date": "2024-06-10-17-00-00", "latency": "55"}, {"date": "2024-06-10-17-00-00", "latency": "55"}, {"date": "2024-06-10-17-00-00", "latency": "55"}, {"date": "2024-06-10-17-00-00", "latency": "55"}, {"date": "2024-06-10-17-00-00", "latency": "55"}, {"date": "2024-06-10-17-00-00", "latency": "55"}, {"date": "2024-06-10-17-00-00", "latency": "55"}, {"date": "2024-06-10-17-00-00", "latency": "55"}, {"date": "2024-06-10-17-00-00", "latency": "55"}, {"date": "2024-06-10-17-00-00", "latency": "55"}, {"date": "2024-06-10-17-00-00", "latency": "55"}, {"date": "2024-06-10-17-00-00", "latency": "55"}, {"date": "2024-06-10-17-00-00", "latency": "55"}, {"date": "2024-06-10-17-00-00", "latency": "55"}, {"date": "2024-06-10-17-00-00", "latency": "55"}, {"date": "2024-06-10-17-00-00", "latency": "55"}, {"date": "2024-06-10-17-00-00", "latency": "55"}, {"date": "2024-06-10-17-00-00", "latency": "55"}, {"date": "2024-06-10-17-00-00", "latency": "55"}, {"date": "2024-06-10-17-00-00", "latency": "55"}]}, {"location": {"country_code": "br", "region": "Rio Grande do Sul"}, "game_id": "101342", "values": [{"date": "2024-06-11-01-00-00", "latency": "68"}, {"date": "2024-06-11-01-00-00", "latency": "68"}, {"date": "2024-06-11-01-00-00", "latency": "68"}, {"date": "2024-06-11-01-00-00", "latency": "68"}, {"date": "2024-06-11-01-00-00", "latency": "68"}, {"date": "2024-06-11-01-00-00", "latency": "68"}, {"date": "2024-06-11-01-00-00", "latency": "68"}, {"date": "2024-06-11-01-00-00", "latency": "68"}, {"date": "2024-06-11-01-00-00", "latency": "68"}, {"date": "2024-06-11-01-00-00", "latency": "68"}, {"date": "2024-06-11-01-00-00", "latency": "68"}, {"date": "2024-06-11-01-00-00", "latency": "68"}, {"date": "2024-06-11-01-00-00", "latency": "68"}, {"date": "2024-06-11-01-00-00", "latency": "68"}, {"date": "2024-06-11-01-00-00", "latency": "68"}, {"date": "2024-06-11-01-00-00", "latency": "68"}, {"date": "2024-06-11-01-00-00", "latency": "68"}, {"date": "2024-06-11-01-00-00", "latency": "68"}, {"date": "2024-06-11-01-00-00", "latency": "68"}, {"date": "2024-06-11-01-00-00", "latency": "68"}, {"date": "2024-06-11-01-00-00", "latency": "68"}, {"date": "2024-06-11-01-00-00", "latency": "68"}, {"date": "2024-06-11-01-00-00", "latency": "68"}, {"date": "2024-06-11-01-00-00", "latency": "68"}, {"date": "2024-06-11-01-00-00", "latency": "68"}, {"date": "2024-06-11-01-00-00", "latency": "68"}, {"date": "2024-06-11-01-00-00", "latency": "68"}, {"date": "2024-06-11-01-00-00", "latency": "68"}, {"date": "2024-06-11-01-00-00", "latency": "68"}, {"date": "2024-06-11-01-00-00", "latency": "68"}, {"date": "2024-06-11-01-00-00", "latency": "68"}, {"date": "2024-06-11-01-00-00", "latency": "68"}, {"date": "2024-06-11-01-00-00", "latency": "68"}, {"date": "2024-06-11-01-00-00", "latency": "68"}]}, {"location": {"country_code": "br", "region": "Parana"}, "game_id": "101342", "values": [{"date": "2024-06-10-03-00-00", "latency": "4"}, {"date": "2024-06-10-03-00-00", "latency": "4"}, {"date": "2024-06-10-03-00-00", "latency": "4"}]}, {"location": {"country_code": "kw"}, "game_id": "101342", "values": [{"date": "2024-06-10-04-00-00", "latency": "191"}, {"date": "2024-06-10-15-00-00", "latency": "128"}, {"date": "2024-06-10-15-00-00", "latency": "128"}, {"date": "2024-06-10-15-00-00", "latency": "128"}, {"date": "2024-06-10-15-00-00", "latency": "128"}, {"date": "2024-06-10-15-00-00", "latency": "128"}, {"date": "2024-06-10-15-00-00", "latency": "128"}, {"date": "2024-06-10-15-00-00", "latency": "128"}, {"date": "2024-06-10-15-00-00", "latency": "128"}, {"date": "2024-06-10-15-00-00", "latency": "128"}]}, {"location": {"country_code": "us", "region": "State of Maine"}, "game_id": "101342", "values": [{"date": "2024-06-10-22-00-00", "latency": "154"}, {"date": "2024-06-10-22-00-00", "latency": "154"}, {"date": "2024-06-10-22-00-00", "latency": "154"}, {"date": "2024-06-10-22-00-00", "latency": "154"}, {"date": "2024-06-10-22-00-00", "latency": "154"}, {"date": "2024-06-10-22-00-00", "latency": "154"}, {"date": "2024-06-10-22-00-00", "latency": "154"}, {"date": "2024-06-10-22-00-00", "latency": "154"}, {"date": "2024-06-10-22-00-00", "latency": "154"}, {"date": "2024-06-10-22-00-00", "latency": "154"}, {"date": "2024-06-10-22-00-00", "latency": "154"}, {"date": "2024-06-10-22-00-00", "latency": "154"}, {"date": "2024-06-10-22-00-00", "latency": "154"}, {"date": "2024-06-10-22-00-00", "latency": "154"}, {"date": "2024-06-10-22-00-00", "latency": "154"}, {"date": "2024-06-10-22-00-00", "latency": "154"}]}, {"location": {"country_code": "us", "region": "Georgia", "city": "Atlanta"}, "game_id": "101342", "values": [{"date": "2024-06-10-22-00-00", "latency": "56"}, {"date": "2024-06-10-22-00-00", "latency": "56"}, {"date": "2024-06-10-22-00-00", "latency": "56"}, {"date": "2024-06-10-22-00-00", "latency": "56"}, {"date": "2024-06-10-22-00-00", "latency": "56"}, {"date": "2024-06-10-22-00-00", "latency": "56"}, {"date": "2024-06-10-22-00-00", "latency": "56"}, {"date": "2024-06-10-22-00-00", "latency": "56"}, {"date": "2024-06-10-22-00-00", "latency": "56"}, {"date": "2024-06-10-22-00-00", "latency": "56"}, {"date": "2024-06-10-22-00-00", "latency": "56"}, {"date": "2024-06-10-22-00-00", "latency": "56"}, {"date": "2024-06-10-22-00-00", "latency": "56"}, {"date": "2024-06-10-22-00-00", "latency": "56"}, {"date": "2024-06-10-22-00-00", "latency": "56"}, {"date": "2024-06-10-22-00-00", "latency": "56"}, {"date": "2024-06-10-22-00-00", "latency": "56"}, {"date": "2024-06-10-22-00-00", "latency": "56"}, {"date": "2024-06-10-22-00-00", "latency": "56"}, {"date": "2024-06-10-22-00-00", "latency": "56"}, {"date": "2024-06-10-22-00-00", "latency": "56"}, {"date": "2024-06-10-22-00-00", "latency": "56"}, {"date": "2024-06-10-22-00-00", "latency": "56"}, {"date": "2024-06-10-22-00-00", "latency": "56"}, {"date": "2024-06-10-22-00-00", "latency": "56"}, {"date": "2024-06-10-22-00-00", "latency": "56"}, {"date": "2024-06-10-22-00-00", "latency": "56"}, {"date": "2024-06-10-22-00-00", "latency": "56"}, {"date": "2024-06-10-22-00-00", "latency": "56"}, {"date": "2024-06-10-22-00-00", "latency": "56"}, {"date": "2024-06-10-22-00-00", "latency": "56"}, {"date": "2024-06-10-22-00-00", "latency": "56"}, {"date": "2024-06-10-22-00-00", "latency": "56"}, {"date": "2024-06-10-22-00-00", "latency": "56"}, {"date": "2024-06-10-22-00-00", "latency": "56"}, {"date": "2024-06-10-22-00-00", "latency": "56"}, {"date": "2024-06-10-22-00-00", "latency": "56"}, {"date": "2024-06-10-22-00-00", "latency": "56"}, {"date": "2024-06-10-22-00-00", "latency": "56"}, {"date": "2024-06-10-22-00-00", "latency": "56"}, {"date": "2024-06-10-22-00-00", "latency": "56"}, {"date": "2024-06-10-22-00-00", "latency": "56"}, {"date": "2024-06-10-22-00-00", "latency": "56"}, {"date": "2024-06-10-22-00-00", "latency": "56"}, {"date": "2024-06-10-22-00-00", "latency": "56"}, {"date": "2024-06-10-22-00-00", "latency": "56"}, {"date": "2024-06-10-22-00-00", "latency": "56"}, {"date": "2024-06-10-22-00-00", "latency": "56"}, {"date": "2024-06-10-22-00-00", "latency": "56"}, {"date": "2024-06-10-22-00-00", "latency": "56"}, {"date": "2024-06-10-22-00-00", "latency": "56"}, {"date": "2024-06-10-22-00-00", "latency": "56"}, {"date": "2024-06-10-22-00-00", "latency": "56"}, {"date": "2024-06-10-22-00-00", "latency": "56"}, {"date": "2024-06-10-22-00-00", "latency": "56"}, {"date": "2024-06-10-22-00-00", "latency": "56"}, {"date": "2024-06-10-22-00-00", "latency": "56"}, {"date": "2024-06-10-22-00-00", "latency": "56"}, {"date": "2024-06-10-22-00-00", "latency": "56"}, {"date": "2024-06-10-22-00-00", "latency": "56"}, {"date": "2024-06-10-22-00-00", "latency": "56"}, {"date": "2024-06-10-22-00-00", "latency": "56"}, {"date": "2024-06-10-22-00-00", "latency": "56"}, {"date": "2024-06-10-22-00-00", "latency": "56"}, {"date": "2024-06-10-22-00-00", "latency": "56"}, {"date": "2024-06-10-22-00-00", "latency": "56"}, {"date": "2024-06-10-22-00-00", "latency": "56"}, {"date": "2024-06-10-22-00-00", "latency": "56"}, {"date": "2024-06-10-22-00-00", "latency": "56"}, {"date": "2024-06-10-22-00-00", "latency": "56"}, {"date": "2024-06-10-22-00-00", "latency": "56"}, {"date": "2024-06-10-22-00-00", "latency": "56"}, {"date": "2024-06-10-22-00-00", "latency": "56"}, {"date": "2024-06-10-22-00-00", "latency": "56"}, {"date": "2024-06-10-22-00-00", "latency": "56"}, {"date": "2024-06-10-22-00-00", "latency": "56"}, {"date": "2024-06-10-22-00-00", "latency": "56"}, {"date": "2024-06-10-22-00-00", "latency": "56"}, {"date": "2024-06-10-22-00-00", "latency": "56"}, {"date": "2024-06-10-22-00-00", "latency": "56"}, {"date": "2024-06-10-22-00-00", "latency": "56"}, {"date": "2024-06-10-22-00-00", "latency": "56"}, {"date": "2024-06-10-22-00-00", "latency": "56"}]}, {"location": {"country_code": "lv"}, "game_id": "101342", "values": [{"date": "2024-06-10-10-00-00", "latency": "56"}, {"date": "2024-06-10-10-00-00", "latency": "56"}, {"date": "2024-06-10-10-00-00", "latency": "56"}, {"date": "2024-06-10-10-00-00", "latency": "56"}, {"date": "2024-06-10-10-00-00", "latency": "56"}, {"date": "2024-06-10-10-00-00", "latency": "56"}, {"date": "2024-06-10-10-00-00", "latency": "56"}, {"date": "2024-06-10-10-00-00", "latency": "56"}, {"date": "2024-06-10-10-00-00", "latency": "56"}, {"date": "2024-06-10-10-00-00", "latency": "56"}, {"date": "2024-06-10-10-00-00", "latency": "56"}, {"date": "2024-06-10-10-00-00", "latency": "56"}, {"date": "2024-06-10-10-00-00", "latency": "56"}, {"date": "2024-06-10-10-00-00", "latency": "56"}, {"date": "2024-06-10-10-00-00", "latency": "56"}, {"date": "2024-06-10-10-00-00", "latency": "56"}, {"date": "2024-06-10-10-00-00", "latency": "56"}, {"date": "2024-06-10-10-00-00", "latency": "56"}, {"date": "2024-06-10-10-00-00", "latency": "56"}, {"date": "2024-06-10-10-00-00", "latency": "56"}, {"date": "2024-06-10-10-00-00", "latency": "56"}, {"date": "2024-06-10-10-00-00", "latency": "56"}]}, {"location": {"country_code": "ru", "region": "Rostov Oblast", "city": "Rostov-on-Don"}, "game_id": "101342", "values": [{"date": "2024-06-10-17-00-00", "latency": "87"}, {"date": "2024-06-10-17-00-00", "latency": "87"}, {"date": "2024-06-10-17-00-00", "latency": "87"}, {"date": "2024-06-10-17-00-00", "latency": "87"}, {"date": "2024-06-10-17-00-00", "latency": "87"}, {"date": "2024-06-10-17-00-00", "latency": "87"}, {"date": "2024-06-10-17-00-00", "latency": "87"}, {"date": "2024-06-10-17-00-00", "latency": "87"}, {"date": "2024-06-10-17-00-00", "latency": "87"}, {"date": "2024-06-10-17-00-00", "latency": "87"}, {"date": "2024-06-10-17-00-00", "latency": "87"}, {"date": "2024-06-10-17-00-00", "latency": "87"}, {"date": "2024-06-10-17-00-00", "latency": "87"}, {"date": "2024-06-10-17-00-00", "latency": "87"}]}, {"location": {"country_code": "fr", "region": "Brittany Region"}, "game_id": "101342", "values": [{"date": "2024-06-10-22-00-00", "latency": "86"}, {"date": "2024-06-10-22-00-00", "latency": "86"}, {"date": "2024-06-10-22-00-00", "latency": "86"}, {"date": "2024-06-10-22-00-00", "latency": "86"}, {"date": "2024-06-10-22-00-00", "latency": "86"}, {"date": "2024-06-10-22-00-00", "latency": "86"}, {"date": "2024-06-10-22-00-00", "latency": "86"}, {"date": "2024-06-10-22-00-00", "latency": "86"}, {"date": "2024-06-10-22-00-00", "latency": "86"}, {"date": "2024-06-10-22-00-00", "latency": "86"}, {"date": "2024-06-10-22-00-00", "latency": "86"}, {"date": "2024-06-10-22-00-00", "latency": "86"}, {"date": "2024-06-10-22-00-00", "latency": "86"}, {"date": "2024-06-10-22-00-00", "latency": "86"}, {"date": "2024-06-10-22-00-00", "latency": "86"}]}, {"location": {"country_code": "tr", "region": "Ic Anadolu Bolgesi", "city": "Ankara"}, "game_id": "101342", "values": [{"date": "2024-06-10-22-00-00", "latency": "89"}, {"date": "2024-06-10-22-00-00", "latency": "89"}, {"date": "2024-06-10-22-00-00", "latency": "89"}, {"date": "2024-06-10-22-00-00", "latency": "89"}, {"date": "2024-06-10-22-00-00", "latency": "89"}, {"date": "2024-06-10-22-00-00", "latency": "89"}, {"date": "2024-06-10-22-00-00", "latency": "89"}, {"date": "2024-06-10-22-00-00", "latency": "89"}, {"date": "2024-06-10-22-00-00", "latency": "89"}, {"date": "2024-06-10-22-00-00", "latency": "89"}, {"date": "2024-06-10-22-00-00", "latency": "89"}, {"date": "2024-06-10-22-00-00", "latency": "89"}, {"date": "2024-06-10-22-00-00", "latency": "89"}, {"date": "2024-06-10-22-00-00", "latency": "89"}, {"date": "2024-06-10-22-00-00", "latency": "89"}, {"date": "2024-06-10-22-00-00", "latency": "89"}, {"date": "2024-06-10-22-00-00", "latency": "89"}, {"date": "2024-06-10-22-00-00", "latency": "89"}, {"date": "2024-06-10-22-00-00", "latency": "89"}, {"date": "2024-06-10-22-00-00", "latency": "89"}, {"date": "2024-06-10-22-00-00", "latency": "89"}, {"date": "2024-06-10-22-00-00", "latency": "89"}, {"date": "2024-06-10-22-00-00", "latency": "89"}, {"date": "2024-06-10-22-00-00", "latency": "89"}, {"date": "2024-06-10-22-00-00", "latency": "89"}, {"date": "2024-06-10-22-00-00", "latency": "89"}, {"date": "2024-06-10-22-00-00", "latency": "89"}, {"date": "2024-06-10-22-00-00", "latency": "89"}]}, {"location": {"country_code": "gb", "region": "England", "city": "Corby"}, "game_id": "101342", "values": [{"date": "2024-06-10-22-00-00", "latency": "69"}, {"date": "2024-06-10-22-00-00", "latency": "69"}, {"date": "2024-06-10-22-00-00", "latency": "69"}, {"date": "2024-06-10-22-00-00", "latency": "69"}, {"date": "2024-06-10-22-00-00", "latency": "69"}, {"date": "2024-06-10-22-00-00", "latency": "69"}, {"date": "2024-06-10-22-00-00", "latency": "69"}, {"date": "2024-06-10-22-00-00", "latency": "69"}, {"date": "2024-06-10-22-00-00", "latency": "69"}, {"date": "2024-06-10-22-00-00", "latency": "69"}, {"date": "2024-06-10-22-00-00", "latency": "69"}, {"date": "2024-06-10-22-00-00", "latency": "69"}, {"date": "2024-06-10-22-00-00", "latency": "69"}, {"date": "2024-06-10-22-00-00", "latency": "69"}, {"date": "2024-06-10-22-00-00", "latency": "69"}, {"date": "2024-06-10-22-00-00", "latency": "69"}, {"date": "2024-06-10-22-00-00", "latency": "69"}, {"date": "2024-06-10-22-00-00", "latency": "69"}, {"date": "2024-06-10-22-00-00", "latency": "69"}, {"date": "2024-06-10-22-00-00", "latency": "69"}, {"date": "2024-06-10-22-00-00", "latency": "69"}, {"date": "2024-06-10-22-00-00", "latency": "69"}, {"date": "2024-06-10-22-00-00", "latency": "69"}, {"date": "2024-06-10-22-00-00", "latency": "69"}, {"date": "2024-06-10-22-00-00", "latency": "69"}, {"date": "2024-06-10-22-00-00", "latency": "69"}, {"date": "2024-06-10-22-00-00", "latency": "69"}, {"date": "2024-06-10-22-00-00", "latency": "69"}, {"date": "2024-06-10-22-00-00", "latency": "69"}, {"date": "2024-06-10-22-00-00", "latency": "69"}, {"date": "2024-06-10-22-00-00", "latency": "69"}, {"date": "2024-06-10-22-00-00", "latency": "69"}, {"date": "2024-06-10-22-00-00", "latency": "69"}, {"date": "2024-06-10-22-00-00", "latency": "69"}, {"date": "2024-06-10-22-00-00", "latency": "69"}, {"date": "2024-06-10-22-00-00", "latency": "69"}, {"date": "2024-06-10-22-00-00", "latency": "69"}, {"date": "2024-06-10-22-00-00", "latency": "69"}, {"date": "2024-06-10-22-00-00", "latency": "69"}, {"date": "2024-06-10-22-00-00", "latency": "69"}, {"date": "2024-06-10-22-00-00", "latency": "69"}, {"date": "2024-06-10-22-00-00", "latency": "69"}, {"date": "2024-06-10-22-00-00", "latency": "69"}, {"date": "2024-06-10-22-00-00", "latency": "69"}, {"date": "2024-06-10-22-00-00", "latency": "69"}, {"date": "2024-06-10-22-00-00", "latency": "69"}, {"date": "2024-06-10-22-00-00", "latency": "69"}]}, {"location": {"country_code": "gb", "region": "England", "city": "Reading"}, "game_id": "101342", "values": [{"date": "2024-06-10-22-00-00", "latency": "41"}, {"date": "2024-06-10-22-00-00", "latency": "41"}, {"date": "2024-06-10-22-00-00", "latency": "41"}, {"date": "2024-06-10-22-00-00", "latency": "41"}, {"date": "2024-06-10-22-00-00", "latency": "41"}, {"date": "2024-06-10-22-00-00", "latency": "41"}, {"date": "2024-06-10-22-00-00", "latency": "41"}, {"date": "2024-06-10-22-00-00", "latency": "41"}, {"date": "2024-06-10-22-00-00", "latency": "41"}, {"date": "2024-06-10-22-00-00", "latency": "41"}, {"date": "2024-06-10-22-00-00", "latency": "41"}, {"date": "2024-06-10-22-00-00", "latency": "41"}, {"date": "2024-06-10-22-00-00", "latency": "41"}, {"date": "2024-06-10-22-00-00", "latency": "41"}, {"date": "2024-06-10-22-00-00", "latency": "41"}, {"date": "2024-06-10-22-00-00", "latency": "41"}, {"date": "2024-06-10-22-00-00", "latency": "41"}, {"date": "2024-06-10-22-00-00", "latency": "41"}, {"date": "2024-06-10-22-00-00", "latency": "41"}, {"date": "2024-06-10-22-00-00", "latency": "41"}, {"date": "2024-06-10-22-00-00", "latency": "41"}, {"date": "2024-06-10-22-00-00", "latency": "41"}, {"date": "2024-06-10-22-00-00", "latency": "41"}, {"date": "2024-06-10-22-00-00", "latency": "41"}, {"date": "2024-06-10-22-00-00", "latency": "41"}, {"date": "2024-06-10-22-00-00", "latency": "41"}, {"date": "2024-06-10-22-00-00", "latency": "41"}, {"date": "2024-06-10-22-00-00", "latency": "41"}, {"date": "2024-06-10-22-00-00", "latency": "41"}, {"date": "2024-06-10-22-00-00", "latency": "41"}, {"date": "2024-06-10-22-00-00", "latency": "41"}, {"date": "2024-06-10-22-00-00", "latency": "41"}, {"date": "2024-06-10-22-00-00", "latency": "41"}, {"date": "2024-06-10-22-00-00", "latency": "41"}, {"date": "2024-06-10-22-00-00", "latency": "41"}]}, {"location": {"country_code": "br", "region": "Santa Catarina", "city": "Imbituba"}, "game_id": "101342", "values": [{"date": "2024-06-10-17-00-00", "latency": "41"}, {"date": "2024-06-10-17-00-00", "latency": "41"}, {"date": "2024-06-10-17-00-00", "latency": "41"}, {"date": "2024-06-10-17-00-00", "latency": "41"}, {"date": "2024-06-10-17-00-00", "latency": "41"}, {"date": "2024-06-10-17-00-00", "latency": "41"}, {"date": "2024-06-10-17-00-00", "latency": "41"}]}, {"location": {"country_code": "gl"}, "game_id": "101342", "values": [{"date": "2024-06-10-04-00-00", "latency": "137"}, {"date": "2024-06-10-04-00-00", "latency": "137"}]}, {"location": {"country_code": "de", "region": "Bavaria", "city": "Geiselhoring"}, "game_id": "101342", "values": [{"date": "2024-06-10-16-00-00", "latency": "16"}, {"date": "2024-06-10-16-00-00", "latency": "16"}, {"date": "2024-06-10-16-00-00", "latency": "16"}, {"date": "2024-06-10-16-00-00", "latency": "16"}, {"date": "2024-06-10-16-00-00", "latency": "16"}, {"date": "2024-06-10-16-00-00", "latency": "16"}, {"date": "2024-06-10-16-00-00", "latency": "16"}]}, {"location": {"country_code": "gb", "region": "England", "city": "Rochester"}, "game_id": "101342", "values": [{"date": "2024-06-11-00-00-00", "latency": "54"}, {"date": "2024-06-11-00-00-00", "latency": "54"}, {"date": "2024-06-11-00-00-00", "latency": "54"}, {"date": "2024-06-11-00-00-00", "latency": "54"}, {"date": "2024-06-11-00-00-00", "latency": "54"}]}, {"location": {"country_code": "us", "region": "New York", "city": "East Syracuse"}, "game_id": "101342", "values": [{"date": "2024-06-10-09-00-00", "latency": "75"}, {"date": "2024-06-10-09-00-00", "latency": "75"}, {"date": "2024-06-10-09-00-00", "latency": "75"}, {"date": "2024-06-10-09-00-00", "latency": "75"}, {"date": "2024-06-10-09-00-00", "latency": "75"}, {"date": "2024-06-10-09-00-00", "latency": "75"}, {"date": "2024-06-10-09-00-00", "latency": "75"}, {"date": "2024-06-10-09-00-00", "latency": "75"}, {"date": "2024-06-10-09-00-00", "latency": "75"}, {"date": "2024-06-10-09-00-00", "latency": "75"}, {"date": "2024-06-10-09-00-00", "latency": "75"}]}, {"location": {"country_code": "ru", "region": "Leningrad"}, "game_id": "101342", "values": [{"date": "2024-06-10-19-00-00", "latency": "114"}, {"date": "2024-06-10-19-00-00", "latency": "114"}, {"date": "2024-06-10-19-00-00", "latency": "114"}, {"date": "2024-06-10-19-00-00", "latency": "114"}, {"date": "2024-06-10-19-00-00", "latency": "114"}]}], "last_updated": 1719915142.209562}