{"data": [{"location": {"country_code": "us"}, "game_id": "101342", "values": [{"date": "2024-07-01-00-00-00", "latency": "9"}, {"date": "2024-07-01-00-00-00", "latency": "9"}, {"date": "2024-07-01-00-00-00", "latency": "9"}, {"date": "2024-07-01-00-00-00", "latency": "9"}, {"date": "2024-07-01-00-00-00", "latency": "9"}, {"date": "2024-07-01-01-00-00", "latency": "64"}, {"date": "2024-07-01-01-00-00", "latency": "64"}, {"date": "2024-07-01-01-00-00", "latency": "64"}, {"date": "2024-07-01-01-00-00", "latency": "64"}, {"date": "2024-07-01-01-00-00", "latency": "64"}, {"date": "2024-07-01-01-00-00", "latency": "64"}, {"date": "2024-07-01-01-00-00", "latency": "64"}, {"date": "2024-07-01-01-00-00", "latency": "64"}, {"date": "2024-07-01-01-00-00", "latency": "64"}, {"date": "2024-07-01-01-00-00", "latency": "64"}, {"date": "2024-07-01-01-00-00", "latency": "64"}, {"date": "2024-07-01-01-00-00", "latency": "64"}, {"date": "2024-07-01-01-00-00", "latency": "64"}, {"date": "2024-07-01-01-00-00", "latency": "64"}, {"date": "2024-07-01-01-00-00", "latency": "64"}, {"date": "2024-07-01-01-00-00", "latency": "64"}, {"date": "2024-07-01-01-00-00", "latency": "64"}, {"date": "2024-07-01-01-00-00", "latency": "64"}, {"date": "2024-07-01-01-00-00", "latency": "64"}, {"date": "2024-07-01-01-00-00", "latency": "64"}, {"date": "2024-07-01-01-00-00", "latency": "64"}, {"date": "2024-07-01-01-00-00", "latency": "64"}, {"date": "2024-07-01-01-00-00", "latency": "64"}, {"date": "2024-07-01-01-00-00", "latency": "64"}, {"date": "2024-07-01-01-00-00", "latency": "64"}, {"date": "2024-07-01-01-00-00", "latency": "64"}, {"date": "2024-07-01-01-00-00", "latency": "64"}, {"date": "2024-07-01-01-00-00", "latency": "64"}, {"date": "2024-06-30-12-00-00", "latency": "77"}, {"date": "2024-06-30-12-00-00", "latency": "77"}, {"date": "2024-06-30-12-00-00", "latency": "77"}, {"date": "2024-06-30-12-00-00", "latency": "77"}, {"date": "2024-06-30-12-00-00", "latency": "77"}, {"date": "2024-06-30-12-00-00", "latency": "77"}, {"date": "2024-06-30-12-00-00", "latency": "77"}, {"date": "2024-06-30-12-00-00", "latency": "77"}, {"date": "2024-06-30-12-00-00", "latency": "77"}, {"date": "2024-06-30-12-00-00", "latency": "77"}, {"date": "2024-06-30-12-00-00", "latency": "77"}, {"date": "2024-06-30-12-00-00", "latency": "77"}, {"date": "2024-06-30-12-00-00", "latency": "77"}, {"date": "2024-06-30-12-00-00", "latency": "77"}, {"date": "2024-06-30-12-00-00", "latency": "77"}, {"date": "2024-06-30-12-00-00", "latency": "77"}, {"date": "2024-06-30-12-00-00", "latency": "77"}, {"date": "2024-06-30-12-00-00", "latency": "77"}, {"date": "2024-06-30-12-00-00", "latency": "77"}, {"date": "2024-06-30-12-00-00", "latency": "77"}, {"date": "2024-06-30-12-00-00", "latency": "77"}, {"date": "2024-06-30-12-00-00", "latency": "77"}, {"date": "2024-06-30-12-00-00", "latency": "77"}, {"date": "2024-06-30-12-00-00", "latency": "77"}, {"date": "2024-06-30-12-00-00", "latency": "77"}, {"date": "2024-06-30-12-00-00", "latency": "77"}, {"date": "2024-06-30-12-00-00", "latency": "77"}, {"date": "2024-06-30-12-00-00", "latency": "77"}, {"date": "2024-06-30-12-00-00", "latency": "77"}, {"date": "2024-06-30-12-00-00", "latency": "77"}, {"date": "2024-06-30-12-00-00", "latency": "77"}, {"date": "2024-06-30-12-00-00", "latency": "77"}, {"date": "2024-06-30-12-00-00", "latency": "77"}, {"date": "2024-06-30-12-00-00", "latency": "77"}, {"date": "2024-06-30-12-00-00", "latency": "77"}, {"date": "2024-06-30-12-00-00", "latency": "77"}, {"date": "2024-06-30-12-00-00", "latency": "77"}, {"date": "2024-06-30-12-00-00", "latency": "77"}, {"date": "2024-06-30-12-00-00", "latency": "77"}, {"date": "2024-06-30-12-00-00", "latency": "77"}, {"date": "2024-06-30-12-00-00", "latency": "77"}, {"date": "2024-06-30-12-00-00", "latency": "77"}, {"date": "2024-06-30-12-00-00", "latency": "77"}, {"date": "2024-06-30-12-00-00", "latency": "77"}, {"date": "2024-06-30-12-00-00", "latency": "77"}, {"date": "2024-06-30-12-00-00", "latency": "77"}, {"date": "2024-06-30-12-00-00", "latency": "77"}, {"date": "2024-06-30-12-00-00", "latency": "77"}, {"date": "2024-06-30-12-00-00", "latency": "77"}, {"date": "2024-06-30-12-00-00", "latency": "77"}, {"date": "2024-06-30-12-00-00", "latency": "77"}, {"date": "2024-06-30-12-00-00", "latency": "77"}, {"date": "2024-06-30-12-00-00", "latency": "77"}, {"date": "2024-06-30-12-00-00", "latency": "77"}, {"date": "2024-06-30-12-00-00", "latency": "77"}, {"date": "2024-06-30-12-00-00", "latency": "77"}, {"date": "2024-06-30-12-00-00", "latency": "77"}, {"date": "2024-06-30-12-00-00", "latency": "77"}, {"date": "2024-06-30-12-00-00", "latency": "77"}, {"date": "2024-06-30-12-00-00", "latency": "77"}, {"date": "2024-06-30-12-00-00", "latency": "77"}, {"date": "2024-06-30-12-00-00", "latency": "77"}, {"date": "2024-06-30-12-00-00", "latency": "77"}, {"date": "2024-06-30-12-00-00", "latency": "77"}, {"date": "2024-06-30-12-00-00", "latency": "77"}, {"date": "2024-06-30-12-00-00", "latency": "77"}, {"date": "2024-06-30-12-00-00", "latency": "77"}, {"date": "2024-06-30-12-00-00", "latency": "77"}, {"date": "2024-06-30-12-00-00", "latency": "77"}, {"date": "2024-06-30-12-00-00", "latency": "77"}, {"date": "2024-06-30-12-00-00", "latency": "77"}, {"date": "2024-06-30-12-00-00", "latency": "77"}, {"date": "2024-06-30-12-00-00", "latency": "77"}, {"date": "2024-06-30-12-00-00", "latency": "77"}, {"date": "2024-06-30-12-00-00", "latency": "77"}, {"date": "2024-06-30-12-00-00", "latency": "77"}, {"date": "2024-06-30-12-00-00", "latency": "77"}, {"date": "2024-06-30-12-00-00", "latency": "77"}, {"date": "2024-06-30-12-00-00", "latency": "77"}, {"date": "2024-07-01-01-00-00", "latency": "87"}, {"date": "2024-07-01-01-00-00", "latency": "87"}, {"date": "2024-07-01-01-00-00", "latency": "87"}, {"date": "2024-07-01-01-00-00", "latency": "87"}, {"date": "2024-07-01-01-00-00", "latency": "87"}, {"date": "2024-07-01-01-00-00", "latency": "87"}, {"date": "2024-07-01-01-00-00", "latency": "87"}, {"date": "2024-07-01-01-00-00", "latency": "87"}, {"date": "2024-07-01-01-00-00", "latency": "87"}, {"date": "2024-07-01-01-00-00", "latency": "87"}, {"date": "2024-07-01-01-00-00", "latency": "87"}, {"date": "2024-07-01-01-00-00", "latency": "87"}, {"date": "2024-07-01-01-00-00", "latency": "87"}, {"date": "2024-07-01-01-00-00", "latency": "87"}, {"date": "2024-07-01-01-00-00", "latency": "87"}, {"date": "2024-07-01-01-00-00", "latency": "87"}, {"date": "2024-07-01-01-00-00", "latency": "87"}, {"date": "2024-07-01-01-00-00", "latency": "87"}, {"date": "2024-07-01-01-00-00", "latency": "87"}, {"date": "2024-07-01-01-00-00", "latency": "87"}, {"date": "2024-07-01-01-00-00", "latency": "87"}, {"date": "2024-07-01-01-00-00", "latency": "87"}, {"date": "2024-07-01-01-00-00", "latency": "87"}, {"date": "2024-07-01-01-00-00", "latency": "87"}, {"date": "2024-07-01-01-00-00", "latency": "87"}, {"date": "2024-07-01-01-00-00", "latency": "87"}, {"date": "2024-07-01-01-00-00", "latency": "87"}, {"date": "2024-07-01-01-00-00", "latency": "87"}, {"date": "2024-07-01-01-00-00", "latency": "87"}, {"date": "2024-07-01-01-00-00", "latency": "87"}, {"date": "2024-07-01-01-00-00", "latency": "87"}, {"date": "2024-07-01-01-00-00", "latency": "87"}, {"date": "2024-07-01-01-00-00", "latency": "87"}, {"date": "2024-07-01-01-00-00", "latency": "87"}, {"date": "2024-07-01-01-00-00", "latency": "87"}, {"date": "2024-07-01-01-00-00", "latency": "87"}, {"date": "2024-07-01-01-00-00", "latency": "87"}, {"date": "2024-07-01-01-00-00", "latency": "87"}, {"date": "2024-07-01-01-00-00", "latency": "87"}, {"date": "2024-07-01-01-00-00", "latency": "87"}, {"date": "2024-07-01-01-00-00", "latency": "87"}, {"date": "2024-07-01-01-00-00", "latency": "87"}, {"date": "2024-06-30-06-00-00", "latency": "96"}, {"date": "2024-06-30-06-00-00", "latency": "96"}, {"date": "2024-06-30-06-00-00", "latency": "96"}, {"date": "2024-06-30-06-00-00", "latency": "96"}, {"date": "2024-06-30-06-00-00", "latency": "96"}, {"date": "2024-06-30-06-00-00", "latency": "96"}, {"date": "2024-06-30-06-00-00", "latency": "96"}, {"date": "2024-06-30-06-00-00", "latency": "96"}, {"date": "2024-06-30-06-00-00", "latency": "96"}, {"date": "2024-06-30-06-00-00", "latency": "96"}, {"date": "2024-06-30-06-00-00", "latency": "96"}, {"date": "2024-06-30-06-00-00", "latency": "96"}, {"date": "2024-06-30-06-00-00", "latency": "96"}, {"date": "2024-06-30-06-00-00", "latency": "96"}, {"date": "2024-06-30-06-00-00", "latency": "96"}, {"date": "2024-06-30-06-00-00", "latency": "96"}, {"date": "2024-06-30-06-00-00", "latency": "96"}, {"date": "2024-06-30-06-00-00", "latency": "96"}, {"date": "2024-06-30-06-00-00", "latency": "96"}, {"date": "2024-06-30-06-00-00", "latency": "96"}, {"date": "2024-06-30-06-00-00", "latency": "96"}, {"date": "2024-06-30-06-00-00", "latency": "96"}, {"date": "2024-06-30-06-00-00", "latency": "96"}, {"date": "2024-06-30-06-00-00", "latency": "96"}, {"date": "2024-06-30-06-00-00", "latency": "96"}, {"date": "2024-06-30-06-00-00", "latency": "96"}, {"date": "2024-06-30-06-00-00", "latency": "96"}, {"date": "2024-06-30-06-00-00", "latency": "96"}, {"date": "2024-06-30-06-00-00", "latency": "96"}, {"date": "2024-06-30-06-00-00", "latency": "96"}, {"date": "2024-06-30-06-00-00", "latency": "96"}, {"date": "2024-06-30-06-00-00", "latency": "96"}, {"date": "2024-06-30-06-00-00", "latency": "96"}, {"date": "2024-06-30-06-00-00", "latency": "96"}]}, {"location": {"country_code": "us", "region": "New York", "city": "Jamestown"}, "game_id": "101342", "values": [{"date": "2024-07-01-02-00-00", "latency": "62"}, {"date": "2024-07-01-02-00-00", "latency": "62"}, {"date": "2024-07-01-02-00-00", "latency": "62"}, {"date": "2024-07-01-02-00-00", "latency": "62"}, {"date": "2024-07-01-02-00-00", "latency": "62"}, {"date": "2024-07-01-02-00-00", "latency": "62"}, {"date": "2024-07-01-02-00-00", "latency": "62"}, {"date": "2024-07-01-02-00-00", "latency": "62"}, {"date": "2024-07-01-02-00-00", "latency": "62"}, {"date": "2024-07-01-02-00-00", "latency": "62"}, {"date": "2024-07-01-02-00-00", "latency": "62"}, {"date": "2024-07-01-02-00-00", "latency": "62"}, {"date": "2024-07-01-02-00-00", "latency": "62"}, {"date": "2024-07-01-02-00-00", "latency": "62"}, {"date": "2024-07-01-02-00-00", "latency": "62"}, {"date": "2024-07-01-02-00-00", "latency": "62"}, {"date": "2024-07-01-02-00-00", "latency": "62"}, {"date": "2024-07-01-02-00-00", "latency": "62"}, {"date": "2024-07-01-02-00-00", "latency": "62"}, {"date": "2024-07-01-02-00-00", "latency": "62"}, {"date": "2024-07-01-02-00-00", "latency": "62"}, {"date": "2024-07-01-02-00-00", "latency": "62"}, {"date": "2024-07-01-02-00-00", "latency": "62"}, {"date": "2024-07-01-02-00-00", "latency": "62"}, {"date": "2024-07-01-02-00-00", "latency": "62"}, {"date": "2024-07-01-02-00-00", "latency": "62"}, {"date": "2024-07-01-02-00-00", "latency": "62"}, {"date": "2024-07-01-02-00-00", "latency": "62"}, {"date": "2024-07-01-02-00-00", "latency": "62"}, {"date": "2024-07-01-02-00-00", "latency": "62"}, {"date": "2024-07-01-02-00-00", "latency": "62"}, {"date": "2024-07-01-02-00-00", "latency": "62"}, {"date": "2024-07-01-02-00-00", "latency": "62"}, {"date": "2024-07-01-02-00-00", "latency": "62"}, {"date": "2024-07-01-02-00-00", "latency": "62"}, {"date": "2024-07-01-02-00-00", "latency": "62"}, {"date": "2024-07-01-02-00-00", "latency": "62"}, {"date": "2024-07-01-02-00-00", "latency": "62"}, {"date": "2024-07-01-02-00-00", "latency": "62"}, {"date": "2024-07-01-02-00-00", "latency": "62"}, {"date": "2024-07-01-02-00-00", "latency": "62"}, {"date": "2024-07-01-02-00-00", "latency": "62"}, {"date": "2024-07-01-02-00-00", "latency": "62"}, {"date": "2024-07-01-02-00-00", "latency": "62"}, {"date": "2024-07-01-02-00-00", "latency": "62"}, {"date": "2024-07-01-02-00-00", "latency": "62"}, {"date": "2024-07-01-02-00-00", "latency": "62"}, {"date": "2024-07-01-02-00-00", "latency": "62"}, {"date": "2024-07-01-02-00-00", "latency": "62"}, {"date": "2024-07-01-02-00-00", "latency": "62"}, {"date": "2024-07-01-02-00-00", "latency": "62"}, {"date": "2024-07-01-02-00-00", "latency": "62"}, {"date": "2024-07-01-02-00-00", "latency": "62"}, {"date": "2024-07-01-02-00-00", "latency": "62"}, {"date": "2024-07-01-02-00-00", "latency": "62"}, {"date": "2024-07-01-02-00-00", "latency": "62"}, {"date": "2024-07-01-02-00-00", "latency": "62"}, {"date": "2024-07-01-02-00-00", "latency": "62"}, {"date": "2024-07-01-02-00-00", "latency": "62"}, {"date": "2024-07-01-02-00-00", "latency": "62"}, {"date": "2024-07-01-02-00-00", "latency": "62"}, {"date": "2024-07-01-02-00-00", "latency": "62"}, {"date": "2024-07-01-02-00-00", "latency": "62"}, {"date": "2024-07-01-02-00-00", "latency": "62"}, {"date": "2024-07-01-02-00-00", "latency": "62"}, {"date": "2024-07-01-02-00-00", "latency": "62"}, {"date": "2024-07-01-02-00-00", "latency": "62"}, {"date": "2024-07-01-02-00-00", "latency": "62"}, {"date": "2024-07-01-02-00-00", "latency": "62"}, {"date": "2024-07-01-02-00-00", "latency": "62"}, {"date": "2024-07-01-02-00-00", "latency": "62"}, {"date": "2024-07-01-02-00-00", "latency": "62"}, {"date": "2024-07-01-02-00-00", "latency": "62"}, {"date": "2024-07-01-02-00-00", "latency": "62"}, {"date": "2024-07-01-02-00-00", "latency": "62"}]}, {"location": {"country_code": "gb"}, "game_id": "101342", "values": [{"date": "2024-07-01-02-00-00", "latency": "143"}, {"date": "2024-07-01-02-00-00", "latency": "143"}, {"date": "2024-07-01-02-00-00", "latency": "143"}, {"date": "2024-07-01-02-00-00", "latency": "143"}, {"date": "2024-07-01-02-00-00", "latency": "143"}, {"date": "2024-07-01-02-00-00", "latency": "143"}, {"date": "2024-07-01-02-00-00", "latency": "143"}, {"date": "2024-07-01-02-00-00", "latency": "143"}, {"date": "2024-07-01-02-00-00", "latency": "143"}, {"date": "2024-07-01-02-00-00", "latency": "143"}, {"date": "2024-07-01-02-00-00", "latency": "143"}, {"date": "2024-07-01-02-00-00", "latency": "143"}, {"date": "2024-07-01-02-00-00", "latency": "143"}, {"date": "2024-07-01-02-00-00", "latency": "143"}, {"date": "2024-07-01-02-00-00", "latency": "143"}, {"date": "2024-07-01-02-00-00", "latency": "143"}, {"date": "2024-07-01-02-00-00", "latency": "143"}, {"date": "2024-07-01-02-00-00", "latency": "143"}, {"date": "2024-07-01-02-00-00", "latency": "143"}, {"date": "2024-07-01-02-00-00", "latency": "143"}, {"date": "2024-07-01-02-00-00", "latency": "143"}, {"date": "2024-07-01-02-00-00", "latency": "143"}, {"date": "2024-07-01-02-00-00", "latency": "143"}, {"date": "2024-07-01-02-00-00", "latency": "143"}, {"date": "2024-07-01-02-00-00", "latency": "143"}, {"date": "2024-07-01-02-00-00", "latency": "143"}, {"date": "2024-07-01-02-00-00", "latency": "143"}, {"date": "2024-07-01-02-00-00", "latency": "143"}, {"date": "2024-07-01-02-00-00", "latency": "143"}, {"date": "2024-07-01-02-00-00", "latency": "143"}, {"date": "2024-07-01-02-00-00", "latency": "143"}, {"date": "2024-07-01-02-00-00", "latency": "143"}, {"date": "2024-07-01-02-00-00", "latency": "143"}, {"date": "2024-07-01-02-00-00", "latency": "143"}, {"date": "2024-07-01-02-00-00", "latency": "143"}, {"date": "2024-07-01-02-00-00", "latency": "143"}, {"date": "2024-06-30-21-00-00", "latency": "61"}, {"date": "2024-06-30-21-00-00", "latency": "61"}, {"date": "2024-06-30-21-00-00", "latency": "61"}, {"date": "2024-06-30-21-00-00", "latency": "61"}, {"date": "2024-06-30-21-00-00", "latency": "61"}, {"date": "2024-06-30-21-00-00", "latency": "61"}, {"date": "2024-06-30-21-00-00", "latency": "61"}, {"date": "2024-06-30-21-00-00", "latency": "61"}, {"date": "2024-06-30-21-00-00", "latency": "61"}, {"date": "2024-06-30-21-00-00", "latency": "61"}, {"date": "2024-06-30-21-00-00", "latency": "61"}, {"date": "2024-06-30-21-00-00", "latency": "61"}, {"date": "2024-06-30-21-00-00", "latency": "61"}, {"date": "2024-06-30-21-00-00", "latency": "61"}, {"date": "2024-06-30-21-00-00", "latency": "61"}, {"date": "2024-06-30-21-00-00", "latency": "61"}, {"date": "2024-06-30-21-00-00", "latency": "61"}, {"date": "2024-06-30-21-00-00", "latency": "61"}, {"date": "2024-06-30-21-00-00", "latency": "61"}, {"date": "2024-06-30-21-00-00", "latency": "61"}, {"date": "2024-06-30-21-00-00", "latency": "61"}, {"date": "2024-06-30-21-00-00", "latency": "61"}, {"date": "2024-06-30-21-00-00", "latency": "61"}, {"date": "2024-06-30-21-00-00", "latency": "61"}, {"date": "2024-06-30-21-00-00", "latency": "61"}, {"date": "2024-06-30-21-00-00", "latency": "61"}, {"date": "2024-06-30-21-00-00", "latency": "61"}, {"date": "2024-06-30-21-00-00", "latency": "61"}, {"date": "2024-06-30-21-00-00", "latency": "61"}, {"date": "2024-06-30-21-00-00", "latency": "61"}, {"date": "2024-06-30-21-00-00", "latency": "61"}, {"date": "2024-06-30-21-00-00", "latency": "61"}, {"date": "2024-06-30-21-00-00", "latency": "61"}, {"date": "2024-06-30-21-00-00", "latency": "61"}, {"date": "2024-06-30-21-00-00", "latency": "61"}, {"date": "2024-06-30-21-00-00", "latency": "61"}, {"date": "2024-06-30-21-00-00", "latency": "61"}, {"date": "2024-06-30-21-00-00", "latency": "61"}, {"date": "2024-06-30-21-00-00", "latency": "61"}, {"date": "2024-06-30-21-00-00", "latency": "61"}, {"date": "2024-06-30-21-00-00", "latency": "61"}, {"date": "2024-06-30-21-00-00", "latency": "61"}, {"date": "2024-06-30-21-00-00", "latency": "61"}, {"date": "2024-06-30-18-00-00", "latency": "2"}, {"date": "2024-06-30-18-00-00", "latency": "2"}, {"date": "2024-06-30-18-00-00", "latency": "2"}, {"date": "2024-06-30-18-00-00", "latency": "2"}, {"date": "2024-06-30-18-00-00", "latency": "2"}, {"date": "2024-06-30-18-00-00", "latency": "2"}, {"date": "2024-06-30-18-00-00", "latency": "2"}, {"date": "2024-06-30-18-00-00", "latency": "2"}, {"date": "2024-06-30-18-00-00", "latency": "2"}, {"date": "2024-06-30-18-00-00", "latency": "2"}, {"date": "2024-06-30-18-00-00", "latency": "2"}, {"date": "2024-06-30-18-00-00", "latency": "2"}, {"date": "2024-06-30-18-00-00", "latency": "2"}, {"date": "2024-06-30-18-00-00", "latency": "2"}, {"date": "2024-06-30-18-00-00", "latency": "2"}, {"date": "2024-06-30-18-00-00", "latency": "2"}, {"date": "2024-06-30-18-00-00", "latency": "2"}, {"date": "2024-06-30-18-00-00", "latency": "2"}, {"date": "2024-06-30-18-00-00", "latency": "2"}, {"date": "2024-06-30-18-00-00", "latency": "2"}, {"date": "2024-06-30-18-00-00", "latency": "2"}, {"date": "2024-06-30-18-00-00", "latency": "2"}, {"date": "2024-06-30-18-00-00", "latency": "2"}, {"date": "2024-06-30-18-00-00", "latency": "2"}, {"date": "2024-06-30-18-00-00", "latency": "2"}, {"date": "2024-06-30-18-00-00", "latency": "2"}, {"date": "2024-06-30-18-00-00", "latency": "2"}, {"date": "2024-06-30-18-00-00", "latency": "2"}, {"date": "2024-06-30-18-00-00", "latency": "2"}, {"date": "2024-06-30-18-00-00", "latency": "2"}, {"date": "2024-06-30-18-00-00", "latency": "2"}, {"date": "2024-06-30-18-00-00", "latency": "2"}, {"date": "2024-06-30-18-00-00", "latency": "2"}, {"date": "2024-06-30-18-00-00", "latency": "2"}, {"date": "2024-06-30-18-00-00", "latency": "2"}, {"date": "2024-06-30-18-00-00", "latency": "2"}, {"date": "2024-06-30-18-00-00", "latency": "2"}, {"date": "2024-06-30-18-00-00", "latency": "2"}, {"date": "2024-06-30-18-00-00", "latency": "2"}, {"date": "2024-06-30-18-00-00", "latency": "2"}, {"date": "2024-06-30-18-00-00", "latency": "2"}, {"date": "2024-06-30-18-00-00", "latency": "2"}, {"date": "2024-06-30-18-00-00", "latency": "2"}, {"date": "2024-06-30-18-00-00", "latency": "2"}, {"date": "2024-06-30-18-00-00", "latency": "2"}, {"date": "2024-06-30-18-00-00", "latency": "2"}, {"date": "2024-06-30-18-00-00", "latency": "2"}, {"date": "2024-06-30-18-00-00", "latency": "2"}, {"date": "2024-06-30-18-00-00", "latency": "2"}, {"date": "2024-06-30-18-00-00", "latency": "2"}, {"date": "2024-06-30-18-00-00", "latency": "2"}, {"date": "2024-06-30-18-00-00", "latency": "2"}, {"date": "2024-06-30-18-00-00", "latency": "2"}, {"date": "2024-06-30-18-00-00", "latency": "2"}, {"date": "2024-07-01-02-00-00", "latency": "48"}, {"date": "2024-07-01-02-00-00", "latency": "48"}, {"date": "2024-07-01-02-00-00", "latency": "48"}, {"date": "2024-07-01-02-00-00", "latency": "48"}, {"date": "2024-07-01-02-00-00", "latency": "48"}, {"date": "2024-07-01-02-00-00", "latency": "48"}, {"date": "2024-07-01-02-00-00", "latency": "48"}, {"date": "2024-07-01-02-00-00", "latency": "48"}, {"date": "2024-07-01-02-00-00", "latency": "48"}, {"date": "2024-07-01-02-00-00", "latency": "48"}, {"date": "2024-07-01-02-00-00", "latency": "48"}, {"date": "2024-07-01-02-00-00", "latency": "48"}, {"date": "2024-07-01-02-00-00", "latency": "48"}, {"date": "2024-07-01-02-00-00", "latency": "48"}, {"date": "2024-07-01-02-00-00", "latency": "48"}, {"date": "2024-07-01-02-00-00", "latency": "48"}, {"date": "2024-07-01-02-00-00", "latency": "48"}, {"date": "2024-07-01-02-00-00", "latency": "48"}, {"date": "2024-07-01-02-00-00", "latency": "48"}, {"date": "2024-07-01-02-00-00", "latency": "48"}, {"date": "2024-07-01-02-00-00", "latency": "48"}, {"date": "2024-07-01-02-00-00", "latency": "48"}, {"date": "2024-07-01-02-00-00", "latency": "48"}, {"date": "2024-07-01-02-00-00", "latency": "48"}, {"date": "2024-07-01-02-00-00", "latency": "48"}, {"date": "2024-07-01-02-00-00", "latency": "48"}, {"date": "2024-07-01-02-00-00", "latency": "48"}, {"date": "2024-07-01-02-00-00", "latency": "48"}, {"date": "2024-07-01-02-00-00", "latency": "48"}, {"date": "2024-07-01-02-00-00", "latency": "48"}, {"date": "2024-07-01-02-00-00", "latency": "48"}, {"date": "2024-07-01-02-00-00", "latency": "48"}, {"date": "2024-07-01-02-00-00", "latency": "48"}, {"date": "2024-07-01-02-00-00", "latency": "48"}, {"date": "2024-07-01-02-00-00", "latency": "48"}, {"date": "2024-07-01-02-00-00", "latency": "48"}, {"date": "2024-07-01-02-00-00", "latency": "48"}, {"date": "2024-07-01-02-00-00", "latency": "48"}, {"date": "2024-07-01-02-00-00", "latency": "48"}, {"date": "2024-07-01-02-00-00", "latency": "48"}, {"date": "2024-07-01-02-00-00", "latency": "48"}, {"date": "2024-07-01-02-00-00", "latency": "48"}, {"date": "2024-07-01-02-00-00", "latency": "48"}, {"date": "2024-07-01-02-00-00", "latency": "48"}, {"date": "2024-07-01-02-00-00", "latency": "48"}, {"date": "2024-07-01-02-00-00", "latency": "48"}, {"date": "2024-07-01-02-00-00", "latency": "48"}, {"date": "2024-07-01-02-00-00", "latency": "48"}, {"date": "2024-07-01-02-00-00", "latency": "48"}, {"date": "2024-06-30-09-00-00", "latency": "4"}, {"date": "2024-06-30-09-00-00", "latency": "4"}, {"date": "2024-06-30-09-00-00", "latency": "4"}, {"date": "2024-06-30-09-00-00", "latency": "4"}, {"date": "2024-06-30-09-00-00", "latency": "4"}, {"date": "2024-06-30-09-00-00", "latency": "4"}, {"date": "2024-06-30-09-00-00", "latency": "4"}, {"date": "2024-06-30-09-00-00", "latency": "4"}, {"date": "2024-06-30-09-00-00", "latency": "4"}, {"date": "2024-06-30-09-00-00", "latency": "4"}, {"date": "2024-06-30-09-00-00", "latency": "4"}, {"date": "2024-06-30-09-00-00", "latency": "4"}, {"date": "2024-06-30-09-00-00", "latency": "4"}, {"date": "2024-06-30-09-00-00", "latency": "4"}, {"date": "2024-06-30-09-00-00", "latency": "4"}, {"date": "2024-06-30-09-00-00", "latency": "4"}, {"date": "2024-06-30-09-00-00", "latency": "4"}, {"date": "2024-06-30-09-00-00", "latency": "4"}, {"date": "2024-06-30-09-00-00", "latency": "4"}, {"date": "2024-06-30-09-00-00", "latency": "4"}, {"date": "2024-06-30-09-00-00", "latency": "4"}, {"date": "2024-06-30-09-00-00", "latency": "4"}]}, {"location": {"country_code": "it"}, "game_id": "101342", "values": [{"date": "2024-07-01-00-00-00", "latency": "116"}, {"date": "2024-07-01-00-00-00", "latency": "116"}, {"date": "2024-07-01-00-00-00", "latency": "116"}, {"date": "2024-07-01-00-00-00", "latency": "116"}, {"date": "2024-07-01-00-00-00", "latency": "116"}, {"date": "2024-07-01-00-00-00", "latency": "116"}, {"date": "2024-07-01-00-00-00", "latency": "116"}, {"date": "2024-07-01-00-00-00", "latency": "116"}, {"date": "2024-07-01-00-00-00", "latency": "116"}, {"date": "2024-07-01-00-00-00", "latency": "116"}, {"date": "2024-07-01-00-00-00", "latency": "116"}, {"date": "2024-07-01-00-00-00", "latency": "116"}, {"date": "2024-07-01-00-00-00", "latency": "116"}, {"date": "2024-07-01-00-00-00", "latency": "116"}, {"date": "2024-07-01-00-00-00", "latency": "116"}, {"date": "2024-07-01-00-00-00", "latency": "116"}, {"date": "2024-07-01-00-00-00", "latency": "116"}, {"date": "2024-07-01-00-00-00", "latency": "116"}, {"date": "2024-07-01-00-00-00", "latency": "116"}, {"date": "2024-07-01-00-00-00", "latency": "116"}, {"date": "2024-07-01-00-00-00", "latency": "116"}, {"date": "2024-07-01-00-00-00", "latency": "116"}, {"date": "2024-07-01-00-00-00", "latency": "116"}, {"date": "2024-07-01-00-00-00", "latency": "116"}, {"date": "2024-07-01-00-00-00", "latency": "116"}, {"date": "2024-07-01-00-00-00", "latency": "116"}, {"date": "2024-06-30-19-00-00", "latency": "116"}, {"date": "2024-06-30-19-00-00", "latency": "116"}, {"date": "2024-06-30-19-00-00", "latency": "116"}, {"date": "2024-06-30-19-00-00", "latency": "116"}, {"date": "2024-06-30-19-00-00", "latency": "116"}, {"date": "2024-06-30-19-00-00", "latency": "116"}, {"date": "2024-06-30-19-00-00", "latency": "116"}, {"date": "2024-06-30-19-00-00", "latency": "116"}, {"date": "2024-06-30-19-00-00", "latency": "116"}, {"date": "2024-06-30-19-00-00", "latency": "116"}, {"date": "2024-06-30-19-00-00", "latency": "116"}, {"date": "2024-06-30-19-00-00", "latency": "116"}, {"date": "2024-06-30-19-00-00", "latency": "116"}, {"date": "2024-06-30-19-00-00", "latency": "116"}, {"date": "2024-06-30-19-00-00", "latency": "116"}, {"date": "2024-06-30-19-00-00", "latency": "116"}, {"date": "2024-06-30-19-00-00", "latency": "116"}, {"date": "2024-06-30-19-00-00", "latency": "116"}, {"date": "2024-06-30-19-00-00", "latency": "116"}, {"date": "2024-06-30-19-00-00", "latency": "116"}, {"date": "2024-06-30-19-00-00", "latency": "116"}, {"date": "2024-06-30-19-00-00", "latency": "116"}, {"date": "2024-06-30-19-00-00", "latency": "116"}, {"date": "2024-06-30-19-00-00", "latency": "116"}, {"date": "2024-06-30-19-00-00", "latency": "116"}, {"date": "2024-06-30-19-00-00", "latency": "116"}, {"date": "2024-06-30-19-00-00", "latency": "116"}, {"date": "2024-06-30-19-00-00", "latency": "116"}, {"date": "2024-06-30-19-00-00", "latency": "116"}, {"date": "2024-06-30-19-00-00", "latency": "116"}, {"date": "2024-06-30-19-00-00", "latency": "116"}, {"date": "2024-06-30-19-00-00", "latency": "116"}, {"date": "2024-06-30-23-00-00", "latency": "182"}, {"date": "2024-06-30-23-00-00", "latency": "182"}, {"date": "2024-06-30-23-00-00", "latency": "182"}, {"date": "2024-06-30-23-00-00", "latency": "182"}, {"date": "2024-06-30-23-00-00", "latency": "182"}, {"date": "2024-06-30-23-00-00", "latency": "182"}, {"date": "2024-06-30-23-00-00", "latency": "182"}, {"date": "2024-06-30-23-00-00", "latency": "182"}, {"date": "2024-06-30-23-00-00", "latency": "182"}, {"date": "2024-06-30-23-00-00", "latency": "182"}, {"date": "2024-06-30-23-00-00", "latency": "182"}, {"date": "2024-06-30-23-00-00", "latency": "182"}, {"date": "2024-06-30-23-00-00", "latency": "182"}, {"date": "2024-06-30-23-00-00", "latency": "182"}, {"date": "2024-06-30-23-00-00", "latency": "182"}, {"date": "2024-06-30-23-00-00", "latency": "182"}, {"date": "2024-06-30-23-00-00", "latency": "182"}, {"date": "2024-06-30-23-00-00", "latency": "182"}, {"date": "2024-06-30-23-00-00", "latency": "182"}, {"date": "2024-06-30-23-00-00", "latency": "182"}, {"date": "2024-06-30-23-00-00", "latency": "182"}, {"date": "2024-06-30-23-00-00", "latency": "182"}, {"date": "2024-06-30-23-00-00", "latency": "182"}, {"date": "2024-06-30-23-00-00", "latency": "182"}, {"date": "2024-06-30-23-00-00", "latency": "182"}, {"date": "2024-06-30-23-00-00", "latency": "182"}, {"date": "2024-06-30-23-00-00", "latency": "182"}, {"date": "2024-06-30-23-00-00", "latency": "182"}, {"date": "2024-06-30-23-00-00", "latency": "182"}, {"date": "2024-06-30-23-00-00", "latency": "182"}, {"date": "2024-06-30-23-00-00", "latency": "182"}, {"date": "2024-06-30-23-00-00", "latency": "182"}, {"date": "2024-06-30-23-00-00", "latency": "182"}, {"date": "2024-06-30-23-00-00", "latency": "182"}, {"date": "2024-06-30-23-00-00", "latency": "182"}, {"date": "2024-06-30-23-00-00", "latency": "182"}, {"date": "2024-06-30-23-00-00", "latency": "182"}, {"date": "2024-06-30-23-00-00", "latency": "182"}, {"date": "2024-06-30-23-00-00", "latency": "182"}, {"date": "2024-06-30-23-00-00", "latency": "182"}, {"date": "2024-06-30-23-00-00", "latency": "182"}, {"date": "2024-06-30-23-00-00", "latency": "182"}, {"date": "2024-06-30-23-00-00", "latency": "182"}, {"date": "2024-06-30-23-00-00", "latency": "182"}, {"date": "2024-06-30-23-00-00", "latency": "182"}, {"date": "2024-06-30-23-00-00", "latency": "182"}, {"date": "2024-06-30-23-00-00", "latency": "182"}, {"date": "2024-06-30-23-00-00", "latency": "182"}, {"date": "2024-06-30-23-00-00", "latency": "182"}, {"date": "2024-06-30-23-00-00", "latency": "182"}, {"date": "2024-06-30-23-00-00", "latency": "182"}, {"date": "2024-06-30-23-00-00", "latency": "182"}, {"date": "2024-06-30-23-00-00", "latency": "182"}, {"date": "2024-06-30-23-00-00", "latency": "182"}, {"date": "2024-06-30-23-00-00", "latency": "182"}, {"date": "2024-06-30-23-00-00", "latency": "182"}, {"date": "2024-06-30-23-00-00", "latency": "182"}, {"date": "2024-06-30-23-00-00", "latency": "182"}, {"date": "2024-06-30-23-00-00", "latency": "182"}, {"date": "2024-06-30-23-00-00", "latency": "182"}, {"date": "2024-06-30-23-00-00", "latency": "182"}, {"date": "2024-06-30-23-00-00", "latency": "182"}, {"date": "2024-06-30-13-00-00", "latency": "89"}, {"date": "2024-06-30-13-00-00", "latency": "89"}, {"date": "2024-06-30-13-00-00", "latency": "89"}, {"date": "2024-06-30-13-00-00", "latency": "89"}, {"date": "2024-06-30-13-00-00", "latency": "89"}, {"date": "2024-06-30-13-00-00", "latency": "89"}, {"date": "2024-06-30-13-00-00", "latency": "89"}, {"date": "2024-06-30-13-00-00", "latency": "89"}, {"date": "2024-06-30-13-00-00", "latency": "89"}, {"date": "2024-06-30-13-00-00", "latency": "89"}, {"date": "2024-06-30-13-00-00", "latency": "89"}, {"date": "2024-06-30-13-00-00", "latency": "89"}, {"date": "2024-06-30-13-00-00", "latency": "89"}, {"date": "2024-06-30-13-00-00", "latency": "89"}, {"date": "2024-06-30-13-00-00", "latency": "89"}]}, {"location": {"country_code": "jp"}, "game_id": "101342", "values": [{"date": "2024-06-30-19-00-00", "latency": "33"}, {"date": "2024-06-30-19-00-00", "latency": "33"}, {"date": "2024-06-30-19-00-00", "latency": "33"}, {"date": "2024-06-30-19-00-00", "latency": "33"}, {"date": "2024-06-30-19-00-00", "latency": "33"}, {"date": "2024-06-30-19-00-00", "latency": "33"}, {"date": "2024-06-30-19-00-00", "latency": "33"}, {"date": "2024-06-30-19-00-00", "latency": "33"}, {"date": "2024-06-30-19-00-00", "latency": "33"}, {"date": "2024-06-30-19-00-00", "latency": "33"}, {"date": "2024-06-30-19-00-00", "latency": "33"}, {"date": "2024-06-30-19-00-00", "latency": "33"}, {"date": "2024-06-30-19-00-00", "latency": "33"}, {"date": "2024-06-30-19-00-00", "latency": "33"}, {"date": "2024-06-30-19-00-00", "latency": "33"}, {"date": "2024-06-30-19-00-00", "latency": "33"}, {"date": "2024-06-30-19-00-00", "latency": "33"}, {"date": "2024-06-30-19-00-00", "latency": "33"}, {"date": "2024-06-30-19-00-00", "latency": "33"}, {"date": "2024-06-30-19-00-00", "latency": "33"}, {"date": "2024-06-30-19-00-00", "latency": "33"}, {"date": "2024-06-30-19-00-00", "latency": "33"}, {"date": "2024-06-30-19-00-00", "latency": "33"}, {"date": "2024-06-30-19-00-00", "latency": "33"}, {"date": "2024-06-30-19-00-00", "latency": "33"}]}, {"location": {"country_code": "ca"}, "game_id": "101342", "values": [{"date": "2024-06-30-15-00-00", "latency": "149"}, {"date": "2024-06-30-15-00-00", "latency": "149"}, {"date": "2024-06-30-15-00-00", "latency": "149"}, {"date": "2024-06-30-15-00-00", "latency": "149"}, {"date": "2024-06-30-15-00-00", "latency": "149"}, {"date": "2024-06-30-15-00-00", "latency": "149"}, {"date": "2024-06-30-15-00-00", "latency": "149"}, {"date": "2024-06-30-08-00-00", "latency": "84"}, {"date": "2024-06-30-08-00-00", "latency": "84"}, {"date": "2024-06-30-08-00-00", "latency": "84"}, {"date": "2024-06-30-08-00-00", "latency": "84"}, {"date": "2024-06-30-08-00-00", "latency": "84"}, {"date": "2024-06-30-08-00-00", "latency": "84"}, {"date": "2024-06-30-08-00-00", "latency": "84"}, {"date": "2024-06-30-08-00-00", "latency": "84"}, {"date": "2024-06-30-08-00-00", "latency": "84"}, {"date": "2024-06-30-08-00-00", "latency": "84"}, {"date": "2024-06-30-08-00-00", "latency": "84"}, {"date": "2024-06-30-08-00-00", "latency": "84"}, {"date": "2024-06-30-08-00-00", "latency": "84"}, {"date": "2024-06-30-08-00-00", "latency": "84"}, {"date": "2024-06-30-08-00-00", "latency": "84"}, {"date": "2024-06-30-08-00-00", "latency": "84"}, {"date": "2024-06-30-08-00-00", "latency": "84"}, {"date": "2024-06-30-08-00-00", "latency": "84"}, {"date": "2024-06-30-08-00-00", "latency": "84"}, {"date": "2024-06-30-08-00-00", "latency": "84"}, {"date": "2024-06-30-08-00-00", "latency": "84"}, {"date": "2024-06-30-08-00-00", "latency": "84"}, {"date": "2024-06-30-08-00-00", "latency": "84"}, {"date": "2024-06-30-08-00-00", "latency": "84"}, {"date": "2024-06-30-08-00-00", "latency": "84"}, {"date": "2024-06-30-08-00-00", "latency": "84"}, {"date": "2024-06-30-08-00-00", "latency": "84"}, {"date": "2024-06-30-08-00-00", "latency": "84"}, {"date": "2024-06-30-08-00-00", "latency": "84"}, {"date": "2024-06-30-08-00-00", "latency": "84"}, {"date": "2024-06-30-08-00-00", "latency": "84"}, {"date": "2024-06-30-08-00-00", "latency": "84"}, {"date": "2024-06-30-08-00-00", "latency": "84"}, {"date": "2024-06-30-08-00-00", "latency": "84"}, {"date": "2024-06-30-08-00-00", "latency": "84"}]}, {"location": {"country_code": "us", "region": "Indiana"}, "game_id": "101342", "values": [{"date": "2024-06-30-07-00-00", "latency": "117"}, {"date": "2024-06-30-07-00-00", "latency": "117"}, {"date": "2024-06-30-07-00-00", "latency": "117"}, {"date": "2024-06-30-07-00-00", "latency": "117"}, {"date": "2024-06-30-07-00-00", "latency": "117"}, {"date": "2024-06-30-07-00-00", "latency": "117"}, {"date": "2024-06-30-07-00-00", "latency": "117"}, {"date": "2024-06-30-07-00-00", "latency": "117"}, {"date": "2024-06-30-07-00-00", "latency": "117"}, {"date": "2024-06-30-07-00-00", "latency": "117"}, {"date": "2024-06-30-07-00-00", "latency": "117"}, {"date": "2024-06-30-07-00-00", "latency": "117"}, {"date": "2024-06-30-07-00-00", "latency": "117"}, {"date": "2024-06-30-07-00-00", "latency": "117"}, {"date": "2024-06-30-07-00-00", "latency": "117"}, {"date": "2024-06-30-07-00-00", "latency": "117"}, {"date": "2024-06-30-07-00-00", "latency": "117"}, {"date": "2024-06-30-07-00-00", "latency": "117"}, {"date": "2024-06-30-07-00-00", "latency": "117"}, {"date": "2024-06-30-07-00-00", "latency": "117"}, {"date": "2024-06-30-07-00-00", "latency": "117"}, {"date": "2024-06-30-07-00-00", "latency": "117"}, {"date": "2024-06-30-07-00-00", "latency": "117"}, {"date": "2024-06-30-07-00-00", "latency": "117"}, {"date": "2024-06-30-07-00-00", "latency": "117"}, {"date": "2024-06-30-07-00-00", "latency": "117"}]}, {"location": {"country_code": "us", "region": "Texas"}, "game_id": "101342", "values": [{"date": "2024-06-30-08-00-00", "latency": "45"}, {"date": "2024-06-30-08-00-00", "latency": "45"}, {"date": "2024-06-30-08-00-00", "latency": "45"}, {"date": "2024-06-30-08-00-00", "latency": "45"}, {"date": "2024-06-30-08-00-00", "latency": "45"}, {"date": "2024-06-30-08-00-00", "latency": "45"}, {"date": "2024-06-30-08-00-00", "latency": "45"}, {"date": "2024-06-30-08-00-00", "latency": "45"}, {"date": "2024-06-30-08-00-00", "latency": "45"}, {"date": "2024-06-30-08-00-00", "latency": "45"}, {"date": "2024-06-30-08-00-00", "latency": "45"}, {"date": "2024-06-30-08-00-00", "latency": "45"}, {"date": "2024-06-30-08-00-00", "latency": "45"}, {"date": "2024-06-30-08-00-00", "latency": "45"}, {"date": "2024-06-30-08-00-00", "latency": "45"}, {"date": "2024-06-30-08-00-00", "latency": "45"}, {"date": "2024-06-30-08-00-00", "latency": "45"}, {"date": "2024-06-30-08-00-00", "latency": "45"}, {"date": "2024-06-30-08-00-00", "latency": "45"}, {"date": "2024-06-30-08-00-00", "latency": "45"}, {"date": "2024-06-30-08-00-00", "latency": "45"}, {"date": "2024-06-30-08-00-00", "latency": "45"}, {"date": "2024-06-30-08-00-00", "latency": "45"}, {"date": "2024-06-30-08-00-00", "latency": "45"}, {"date": "2024-06-30-08-00-00", "latency": "45"}, {"date": "2024-06-30-08-00-00", "latency": "45"}, {"date": "2024-06-30-08-00-00", "latency": "45"}, {"date": "2024-06-30-08-00-00", "latency": "45"}, {"date": "2024-06-30-08-00-00", "latency": "45"}, {"date": "2024-06-30-08-00-00", "latency": "45"}, {"date": "2024-06-30-08-00-00", "latency": "45"}, {"date": "2024-06-30-08-00-00", "latency": "45"}, {"date": "2024-06-30-08-00-00", "latency": "45"}, {"date": "2024-06-30-07-00-00", "latency": "108"}, {"date": "2024-06-30-07-00-00", "latency": "108"}, {"date": "2024-06-30-07-00-00", "latency": "108"}, {"date": "2024-06-30-07-00-00", "latency": "108"}, {"date": "2024-06-30-07-00-00", "latency": "108"}, {"date": "2024-06-30-07-00-00", "latency": "108"}, {"date": "2024-06-30-07-00-00", "latency": "108"}, {"date": "2024-06-30-07-00-00", "latency": "108"}, {"date": "2024-06-30-07-00-00", "latency": "108"}, {"date": "2024-06-30-07-00-00", "latency": "108"}, {"date": "2024-06-30-07-00-00", "latency": "108"}, {"date": "2024-06-30-07-00-00", "latency": "108"}, {"date": "2024-06-30-07-00-00", "latency": "108"}, {"date": "2024-06-30-07-00-00", "latency": "108"}, {"date": "2024-06-30-07-00-00", "latency": "108"}, {"date": "2024-06-30-07-00-00", "latency": "108"}, {"date": "2024-06-30-07-00-00", "latency": "108"}, {"date": "2024-06-30-07-00-00", "latency": "108"}, {"date": "2024-06-30-07-00-00", "latency": "108"}, {"date": "2024-06-30-07-00-00", "latency": "108"}, {"date": "2024-06-30-07-00-00", "latency": "108"}, {"date": "2024-06-30-07-00-00", "latency": "108"}, {"date": "2024-06-30-07-00-00", "latency": "108"}, {"date": "2024-06-30-07-00-00", "latency": "108"}, {"date": "2024-06-30-07-00-00", "latency": "108"}, {"date": "2024-06-30-07-00-00", "latency": "108"}, {"date": "2024-06-30-07-00-00", "latency": "108"}, {"date": "2024-06-30-07-00-00", "latency": "108"}, {"date": "2024-06-30-07-00-00", "latency": "108"}, {"date": "2024-06-30-07-00-00", "latency": "108"}, {"date": "2024-06-30-07-00-00", "latency": "108"}, {"date": "2024-06-30-07-00-00", "latency": "108"}, {"date": "2024-06-30-07-00-00", "latency": "108"}, {"date": "2024-06-30-07-00-00", "latency": "108"}, {"date": "2024-06-30-07-00-00", "latency": "108"}, {"date": "2024-06-30-07-00-00", "latency": "108"}, {"date": "2024-06-30-07-00-00", "latency": "108"}, {"date": "2024-06-30-07-00-00", "latency": "108"}, {"date": "2024-06-30-07-00-00", "latency": "108"}]}, {"location": {"country_code": "us", "region": "Florida"}, "game_id": "101342", "values": [{"date": "2024-06-30-04-00-00", "latency": "78"}, {"date": "2024-06-30-04-00-00", "latency": "78"}, {"date": "2024-06-30-04-00-00", "latency": "78"}, {"date": "2024-06-30-04-00-00", "latency": "78"}, {"date": "2024-06-30-04-00-00", "latency": "78"}, {"date": "2024-06-30-04-00-00", "latency": "78"}, {"date": "2024-06-30-04-00-00", "latency": "78"}, {"date": "2024-06-30-04-00-00", "latency": "78"}, {"date": "2024-06-30-04-00-00", "latency": "78"}, {"date": "2024-06-30-04-00-00", "latency": "78"}, {"date": "2024-06-30-04-00-00", "latency": "78"}, {"date": "2024-06-30-04-00-00", "latency": "78"}, {"date": "2024-06-30-04-00-00", "latency": "78"}, {"date": "2024-06-30-04-00-00", "latency": "78"}, {"date": "2024-06-30-04-00-00", "latency": "78"}, {"date": "2024-06-30-04-00-00", "latency": "78"}]}, {"location": {"country_code": "fr"}, "game_id": "101342", "values": [{"date": "2024-06-30-18-00-00", "latency": "83"}, {"date": "2024-06-30-18-00-00", "latency": "83"}, {"date": "2024-06-30-18-00-00", "latency": "83"}, {"date": "2024-06-30-18-00-00", "latency": "83"}, {"date": "2024-06-30-18-00-00", "latency": "83"}, {"date": "2024-06-30-18-00-00", "latency": "83"}, {"date": "2024-06-30-18-00-00", "latency": "83"}, {"date": "2024-06-30-18-00-00", "latency": "83"}, {"date": "2024-06-30-18-00-00", "latency": "83"}, {"date": "2024-06-30-18-00-00", "latency": "83"}, {"date": "2024-06-30-18-00-00", "latency": "83"}, {"date": "2024-06-30-18-00-00", "latency": "83"}, {"date": "2024-06-30-18-00-00", "latency": "83"}, {"date": "2024-06-30-18-00-00", "latency": "83"}, {"date": "2024-06-30-18-00-00", "latency": "83"}, {"date": "2024-06-30-18-00-00", "latency": "83"}, {"date": "2024-06-30-18-00-00", "latency": "83"}, {"date": "2024-06-30-18-00-00", "latency": "83"}, {"date": "2024-06-30-18-00-00", "latency": "83"}, {"date": "2024-06-30-18-00-00", "latency": "83"}, {"date": "2024-06-30-18-00-00", "latency": "83"}, {"date": "2024-06-30-18-00-00", "latency": "83"}, {"date": "2024-06-30-18-00-00", "latency": "83"}, {"date": "2024-06-30-18-00-00", "latency": "83"}, {"date": "2024-06-30-18-00-00", "latency": "83"}, {"date": "2024-06-30-18-00-00", "latency": "83"}, {"date": "2024-06-30-18-00-00", "latency": "83"}, {"date": "2024-06-30-18-00-00", "latency": "83"}, {"date": "2024-06-30-18-00-00", "latency": "83"}, {"date": "2024-06-30-18-00-00", "latency": "83"}, {"date": "2024-06-30-18-00-00", "latency": "83"}, {"date": "2024-06-30-18-00-00", "latency": "83"}, {"date": "2024-06-30-18-00-00", "latency": "83"}, {"date": "2024-06-30-18-00-00", "latency": "83"}, {"date": "2024-06-30-18-00-00", "latency": "83"}, {"date": "2024-06-30-18-00-00", "latency": "83"}, {"date": "2024-07-01-02-00-00", "latency": "57"}, {"date": "2024-07-01-02-00-00", "latency": "57"}, {"date": "2024-07-01-02-00-00", "latency": "57"}, {"date": "2024-07-01-02-00-00", "latency": "57"}, {"date": "2024-07-01-02-00-00", "latency": "57"}, {"date": "2024-07-01-02-00-00", "latency": "57"}, {"date": "2024-07-01-02-00-00", "latency": "57"}, {"date": "2024-07-01-02-00-00", "latency": "57"}, {"date": "2024-07-01-02-00-00", "latency": "57"}, {"date": "2024-07-01-02-00-00", "latency": "57"}, {"date": "2024-07-01-02-00-00", "latency": "57"}, {"date": "2024-07-01-02-00-00", "latency": "57"}, {"date": "2024-07-01-02-00-00", "latency": "57"}, {"date": "2024-07-01-02-00-00", "latency": "57"}, {"date": "2024-07-01-02-00-00", "latency": "57"}, {"date": "2024-07-01-02-00-00", "latency": "57"}, {"date": "2024-07-01-02-00-00", "latency": "57"}, {"date": "2024-07-01-02-00-00", "latency": "57"}, {"date": "2024-07-01-02-00-00", "latency": "57"}, {"date": "2024-07-01-02-00-00", "latency": "57"}, {"date": "2024-07-01-02-00-00", "latency": "57"}, {"date": "2024-07-01-02-00-00", "latency": "57"}, {"date": "2024-07-01-02-00-00", "latency": "57"}]}, {"location": {"country_code": "us", "region": "California"}, "game_id": "101342", "values": [{"date": "2024-06-30-23-00-00", "latency": "111"}, {"date": "2024-06-30-23-00-00", "latency": "111"}, {"date": "2024-06-30-23-00-00", "latency": "111"}, {"date": "2024-06-30-23-00-00", "latency": "111"}, {"date": "2024-06-30-23-00-00", "latency": "111"}, {"date": "2024-06-30-23-00-00", "latency": "111"}, {"date": "2024-06-30-23-00-00", "latency": "111"}, {"date": "2024-06-30-23-00-00", "latency": "111"}, {"date": "2024-06-30-23-00-00", "latency": "111"}, {"date": "2024-06-30-23-00-00", "latency": "111"}, {"date": "2024-06-30-23-00-00", "latency": "111"}, {"date": "2024-06-30-23-00-00", "latency": "111"}, {"date": "2024-06-30-23-00-00", "latency": "111"}, {"date": "2024-06-30-23-00-00", "latency": "111"}, {"date": "2024-06-30-23-00-00", "latency": "111"}, {"date": "2024-06-30-23-00-00", "latency": "111"}, {"date": "2024-06-30-23-00-00", "latency": "111"}, {"date": "2024-06-30-23-00-00", "latency": "111"}, {"date": "2024-06-30-23-00-00", "latency": "111"}, {"date": "2024-06-30-23-00-00", "latency": "111"}, {"date": "2024-06-30-23-00-00", "latency": "111"}, {"date": "2024-06-30-23-00-00", "latency": "111"}, {"date": "2024-06-30-23-00-00", "latency": "111"}, {"date": "2024-06-30-23-00-00", "latency": "111"}, {"date": "2024-06-30-23-00-00", "latency": "111"}, {"date": "2024-06-30-23-00-00", "latency": "111"}, {"date": "2024-06-30-23-00-00", "latency": "111"}, {"date": "2024-06-30-23-00-00", "latency": "111"}, {"date": "2024-06-30-23-00-00", "latency": "111"}, {"date": "2024-06-30-23-00-00", "latency": "111"}, {"date": "2024-06-30-23-00-00", "latency": "111"}, {"date": "2024-06-30-23-00-00", "latency": "111"}, {"date": "2024-06-30-23-00-00", "latency": "111"}, {"date": "2024-06-30-23-00-00", "latency": "111"}, {"date": "2024-06-30-23-00-00", "latency": "111"}, {"date": "2024-06-30-23-00-00", "latency": "111"}, {"date": "2024-06-30-23-00-00", "latency": "111"}, {"date": "2024-06-30-23-00-00", "latency": "111"}, {"date": "2024-06-30-23-00-00", "latency": "111"}, {"date": "2024-06-30-23-00-00", "latency": "111"}, {"date": "2024-06-30-23-00-00", "latency": "111"}, {"date": "2024-06-30-23-00-00", "latency": "111"}, {"date": "2024-06-30-12-00-00", "latency": "55"}, {"date": "2024-06-30-12-00-00", "latency": "55"}, {"date": "2024-06-30-12-00-00", "latency": "55"}, {"date": "2024-06-30-12-00-00", "latency": "55"}, {"date": "2024-06-30-12-00-00", "latency": "55"}, {"date": "2024-06-30-12-00-00", "latency": "55"}, {"date": "2024-06-30-12-00-00", "latency": "55"}, {"date": "2024-06-30-12-00-00", "latency": "55"}, {"date": "2024-06-30-12-00-00", "latency": "55"}, {"date": "2024-06-30-12-00-00", "latency": "55"}, {"date": "2024-06-30-12-00-00", "latency": "55"}, {"date": "2024-06-30-12-00-00", "latency": "55"}, {"date": "2024-06-30-12-00-00", "latency": "55"}, {"date": "2024-06-30-12-00-00", "latency": "55"}, {"date": "2024-06-30-12-00-00", "latency": "55"}, {"date": "2024-06-30-12-00-00", "latency": "55"}, {"date": "2024-06-30-12-00-00", "latency": "55"}, {"date": "2024-06-30-12-00-00", "latency": "55"}, {"date": "2024-06-30-12-00-00", "latency": "55"}, {"date": "2024-06-30-12-00-00", "latency": "55"}, {"date": "2024-06-30-12-00-00", "latency": "55"}, {"date": "2024-06-30-12-00-00", "latency": "55"}, {"date": "2024-06-30-12-00-00", "latency": "55"}, {"date": "2024-06-30-12-00-00", "latency": "55"}, {"date": "2024-06-30-12-00-00", "latency": "55"}, {"date": "2024-06-30-12-00-00", "latency": "55"}, {"date": "2024-06-30-12-00-00", "latency": "55"}, {"date": "2024-06-30-12-00-00", "latency": "55"}, {"date": "2024-06-30-12-00-00", "latency": "55"}, {"date": "2024-06-30-12-00-00", "latency": "55"}, {"date": "2024-06-30-12-00-00", "latency": "55"}, {"date": "2024-06-30-12-00-00", "latency": "55"}, {"date": "2024-06-30-12-00-00", "latency": "55"}, {"date": "2024-06-30-12-00-00", "latency": "55"}, {"date": "2024-06-30-12-00-00", "latency": "55"}, {"date": "2024-06-30-12-00-00", "latency": "55"}, {"date": "2024-06-30-12-00-00", "latency": "55"}, {"date": "2024-06-30-12-00-00", "latency": "55"}, {"date": "2024-07-01-02-00-00", "latency": "63"}, {"date": "2024-07-01-02-00-00", "latency": "63"}, {"date": "2024-07-01-02-00-00", "latency": "63"}, {"date": "2024-07-01-02-00-00", "latency": "63"}, {"date": "2024-07-01-02-00-00", "latency": "63"}, {"date": "2024-07-01-02-00-00", "latency": "63"}, {"date": "2024-07-01-02-00-00", "latency": "63"}, {"date": "2024-07-01-02-00-00", "latency": "63"}, {"date": "2024-07-01-02-00-00", "latency": "63"}, {"date": "2024-07-01-02-00-00", "latency": "63"}, {"date": "2024-07-01-02-00-00", "latency": "63"}, {"date": "2024-07-01-02-00-00", "latency": "63"}]}, {"location": {"country_code": "au"}, "game_id": "101342", "values": [{"date": "2024-06-30-12-00-00", "latency": "56"}, {"date": "2024-06-30-12-00-00", "latency": "56"}, {"date": "2024-06-30-12-00-00", "latency": "56"}, {"date": "2024-06-30-12-00-00", "latency": "56"}, {"date": "2024-06-30-12-00-00", "latency": "56"}, {"date": "2024-06-30-12-00-00", "latency": "56"}, {"date": "2024-06-30-12-00-00", "latency": "56"}, {"date": "2024-06-30-12-00-00", "latency": "56"}, {"date": "2024-06-30-12-00-00", "latency": "56"}, {"date": "2024-06-30-12-00-00", "latency": "56"}, {"date": "2024-06-30-12-00-00", "latency": "56"}, {"date": "2024-06-30-12-00-00", "latency": "56"}, {"date": "2024-06-30-12-00-00", "latency": "56"}, {"date": "2024-06-30-12-00-00", "latency": "56"}, {"date": "2024-06-30-12-00-00", "latency": "56"}, {"date": "2024-06-30-12-00-00", "latency": "56"}, {"date": "2024-06-30-12-00-00", "latency": "56"}, {"date": "2024-06-30-12-00-00", "latency": "56"}, {"date": "2024-06-30-12-00-00", "latency": "56"}, {"date": "2024-06-30-12-00-00", "latency": "56"}, {"date": "2024-06-30-12-00-00", "latency": "56"}, {"date": "2024-06-30-12-00-00", "latency": "56"}, {"date": "2024-06-30-12-00-00", "latency": "56"}, {"date": "2024-06-30-12-00-00", "latency": "56"}, {"date": "2024-06-30-12-00-00", "latency": "56"}, {"date": "2024-06-30-12-00-00", "latency": "56"}, {"date": "2024-06-30-12-00-00", "latency": "56"}, {"date": "2024-06-30-12-00-00", "latency": "56"}, {"date": "2024-06-30-12-00-00", "latency": "56"}, {"date": "2024-06-30-12-00-00", "latency": "56"}, {"date": "2024-06-30-12-00-00", "latency": "56"}, {"date": "2024-06-30-12-00-00", "latency": "56"}, {"date": "2024-06-30-12-00-00", "latency": "56"}]}, {"location": {"country_code": "ar"}, "game_id": "101342", "values": [{"date": "2024-06-30-03-00-00", "latency": "69"}, {"date": "2024-06-30-03-00-00", "latency": "69"}, {"date": "2024-06-30-03-00-00", "latency": "69"}, {"date": "2024-06-30-03-00-00", "latency": "69"}, {"date": "2024-06-30-03-00-00", "latency": "69"}, {"date": "2024-06-30-03-00-00", "latency": "69"}, {"date": "2024-06-30-03-00-00", "latency": "69"}, {"date": "2024-06-30-03-00-00", "latency": "69"}, {"date": "2024-06-30-03-00-00", "latency": "69"}]}, {"location": {"country_code": "us", "region": "Michigan"}, "game_id": "101342", "values": [{"date": "2024-07-01-02-00-00", "latency": "80"}, {"date": "2024-07-01-02-00-00", "latency": "80"}, {"date": "2024-07-01-02-00-00", "latency": "80"}, {"date": "2024-07-01-02-00-00", "latency": "80"}, {"date": "2024-07-01-02-00-00", "latency": "80"}, {"date": "2024-07-01-02-00-00", "latency": "80"}, {"date": "2024-07-01-02-00-00", "latency": "80"}, {"date": "2024-07-01-02-00-00", "latency": "80"}, {"date": "2024-07-01-02-00-00", "latency": "80"}, {"date": "2024-07-01-02-00-00", "latency": "80"}, {"date": "2024-07-01-02-00-00", "latency": "80"}, {"date": "2024-07-01-02-00-00", "latency": "80"}, {"date": "2024-07-01-02-00-00", "latency": "80"}, {"date": "2024-07-01-02-00-00", "latency": "80"}, {"date": "2024-07-01-02-00-00", "latency": "80"}, {"date": "2024-07-01-02-00-00", "latency": "80"}, {"date": "2024-07-01-02-00-00", "latency": "80"}, {"date": "2024-07-01-02-00-00", "latency": "80"}, {"date": "2024-07-01-02-00-00", "latency": "80"}, {"date": "2024-07-01-02-00-00", "latency": "80"}, {"date": "2024-07-01-02-00-00", "latency": "80"}, {"date": "2024-07-01-02-00-00", "latency": "80"}, {"date": "2024-07-01-02-00-00", "latency": "80"}, {"date": "2024-07-01-02-00-00", "latency": "80"}, {"date": "2024-07-01-02-00-00", "latency": "80"}, {"date": "2024-07-01-02-00-00", "latency": "80"}, {"date": "2024-07-01-02-00-00", "latency": "80"}, {"date": "2024-07-01-02-00-00", "latency": "80"}, {"date": "2024-07-01-02-00-00", "latency": "80"}, {"date": "2024-07-01-02-00-00", "latency": "80"}, {"date": "2024-07-01-02-00-00", "latency": "80"}, {"date": "2024-07-01-02-00-00", "latency": "80"}, {"date": "2024-07-01-02-00-00", "latency": "80"}, {"date": "2024-07-01-02-00-00", "latency": "80"}, {"date": "2024-07-01-02-00-00", "latency": "80"}, {"date": "2024-07-01-02-00-00", "latency": "80"}, {"date": "2024-07-01-02-00-00", "latency": "80"}, {"date": "2024-07-01-02-00-00", "latency": "80"}, {"date": "2024-07-01-02-00-00", "latency": "80"}, {"date": "2024-07-01-02-00-00", "latency": "80"}, {"date": "2024-07-01-02-00-00", "latency": "80"}, {"date": "2024-07-01-02-00-00", "latency": "80"}, {"date": "2024-07-01-02-00-00", "latency": "80"}, {"date": "2024-07-01-02-00-00", "latency": "80"}, {"date": "2024-07-01-02-00-00", "latency": "80"}, {"date": "2024-07-01-02-00-00", "latency": "80"}, {"date": "2024-07-01-02-00-00", "latency": "80"}, {"date": "2024-07-01-02-00-00", "latency": "80"}, {"date": "2024-07-01-02-00-00", "latency": "80"}, {"date": "2024-07-01-02-00-00", "latency": "80"}, {"date": "2024-07-01-02-00-00", "latency": "80"}, {"date": "2024-07-01-02-00-00", "latency": "80"}, {"date": "2024-07-01-02-00-00", "latency": "80"}, {"date": "2024-07-01-02-00-00", "latency": "80"}, {"date": "2024-07-01-02-00-00", "latency": "80"}, {"date": "2024-07-01-02-00-00", "latency": "80"}, {"date": "2024-07-01-02-00-00", "latency": "80"}, {"date": "2024-07-01-02-00-00", "latency": "80"}, {"date": "2024-07-01-02-00-00", "latency": "80"}, {"date": "2024-07-01-02-00-00", "latency": "80"}, {"date": "2024-07-01-02-00-00", "latency": "80"}, {"date": "2024-07-01-02-00-00", "latency": "80"}, {"date": "2024-07-01-02-00-00", "latency": "80"}, {"date": "2024-07-01-02-00-00", "latency": "80"}, {"date": "2024-07-01-02-00-00", "latency": "80"}, {"date": "2024-07-01-02-00-00", "latency": "80"}, {"date": "2024-07-01-02-00-00", "latency": "80"}, {"date": "2024-07-01-02-00-00", "latency": "80"}, {"date": "2024-07-01-02-00-00", "latency": "80"}]}, {"location": {"country_code": "at"}, "game_id": "101342", "values": [{"date": "2024-07-01-02-00-00", "latency": "67"}, {"date": "2024-07-01-02-00-00", "latency": "67"}, {"date": "2024-07-01-02-00-00", "latency": "67"}, {"date": "2024-07-01-02-00-00", "latency": "67"}, {"date": "2024-07-01-02-00-00", "latency": "67"}, {"date": "2024-07-01-02-00-00", "latency": "67"}, {"date": "2024-07-01-02-00-00", "latency": "67"}, {"date": "2024-07-01-02-00-00", "latency": "67"}, {"date": "2024-07-01-02-00-00", "latency": "67"}, {"date": "2024-07-01-02-00-00", "latency": "67"}, {"date": "2024-07-01-02-00-00", "latency": "67"}, {"date": "2024-07-01-02-00-00", "latency": "67"}, {"date": "2024-07-01-02-00-00", "latency": "67"}, {"date": "2024-07-01-02-00-00", "latency": "67"}, {"date": "2024-07-01-02-00-00", "latency": "67"}, {"date": "2024-07-01-02-00-00", "latency": "67"}, {"date": "2024-07-01-02-00-00", "latency": "67"}, {"date": "2024-07-01-02-00-00", "latency": "67"}, {"date": "2024-07-01-02-00-00", "latency": "67"}, {"date": "2024-07-01-02-00-00", "latency": "67"}, {"date": "2024-07-01-02-00-00", "latency": "67"}, {"date": "2024-07-01-02-00-00", "latency": "67"}, {"date": "2024-07-01-02-00-00", "latency": "67"}, {"date": "2024-07-01-02-00-00", "latency": "67"}, {"date": "2024-07-01-02-00-00", "latency": "67"}, {"date": "2024-07-01-02-00-00", "latency": "67"}, {"date": "2024-07-01-02-00-00", "latency": "67"}, {"date": "2024-07-01-02-00-00", "latency": "67"}, {"date": "2024-07-01-02-00-00", "latency": "67"}, {"date": "2024-07-01-02-00-00", "latency": "67"}, {"date": "2024-07-01-02-00-00", "latency": "67"}, {"date": "2024-07-01-02-00-00", "latency": "67"}, {"date": "2024-07-01-02-00-00", "latency": "67"}, {"date": "2024-07-01-02-00-00", "latency": "67"}, {"date": "2024-07-01-02-00-00", "latency": "67"}, {"date": "2024-07-01-02-00-00", "latency": "67"}, {"date": "2024-07-01-02-00-00", "latency": "67"}, {"date": "2024-07-01-02-00-00", "latency": "67"}, {"date": "2024-07-01-02-00-00", "latency": "67"}, {"date": "2024-07-01-02-00-00", "latency": "67"}, {"date": "2024-07-01-02-00-00", "latency": "67"}, {"date": "2024-07-01-02-00-00", "latency": "67"}, {"date": "2024-07-01-02-00-00", "latency": "67"}, {"date": "2024-07-01-02-00-00", "latency": "67"}, {"date": "2024-07-01-02-00-00", "latency": "67"}, {"date": "2024-07-01-02-00-00", "latency": "67"}, {"date": "2024-07-01-02-00-00", "latency": "67"}, {"date": "2024-07-01-02-00-00", "latency": "67"}, {"date": "2024-07-01-02-00-00", "latency": "67"}, {"date": "2024-07-01-02-00-00", "latency": "67"}, {"date": "2024-07-01-02-00-00", "latency": "67"}, {"date": "2024-07-01-02-00-00", "latency": "67"}, {"date": "2024-07-01-02-00-00", "latency": "67"}, {"date": "2024-07-01-02-00-00", "latency": "67"}, {"date": "2024-07-01-02-00-00", "latency": "67"}]}, {"location": {"country_code": "mx", "region": "Nuevo Leon"}, "game_id": "101342", "values": [{"date": "2024-07-01-00-00-00", "latency": "72"}, {"date": "2024-07-01-00-00-00", "latency": "72"}]}, {"location": {"country_code": "mx", "region": "Veracruz"}, "game_id": "101342", "values": [{"date": "2024-06-30-10-00-00", "latency": "191"}, {"date": "2024-06-30-10-00-00", "latency": "191"}, {"date": "2024-06-30-10-00-00", "latency": "191"}, {"date": "2024-06-30-10-00-00", "latency": "191"}, {"date": "2024-06-30-10-00-00", "latency": "191"}, {"date": "2024-06-30-10-00-00", "latency": "191"}, {"date": "2024-06-30-10-00-00", "latency": "191"}, {"date": "2024-06-30-10-00-00", "latency": "191"}, {"date": "2024-06-30-10-00-00", "latency": "191"}, {"date": "2024-06-30-10-00-00", "latency": "191"}, {"date": "2024-06-30-10-00-00", "latency": "191"}, {"date": "2024-06-30-10-00-00", "latency": "191"}, {"date": "2024-06-30-10-00-00", "latency": "191"}, {"date": "2024-06-30-10-00-00", "latency": "191"}, {"date": "2024-06-30-10-00-00", "latency": "191"}, {"date": "2024-06-30-10-00-00", "latency": "191"}, {"date": "2024-06-30-10-00-00", "latency": "191"}, {"date": "2024-06-30-10-00-00", "latency": "191"}, {"date": "2024-06-30-10-00-00", "latency": "191"}, {"date": "2024-06-30-10-00-00", "latency": "191"}, {"date": "2024-06-30-10-00-00", "latency": "191"}, {"date": "2024-06-30-10-00-00", "latency": "191"}, {"date": "2024-06-30-10-00-00", "latency": "191"}]}, {"location": {"country_code": "pl"}, "game_id": "101342", "values": [{"date": "2024-06-30-16-00-00", "latency": "55"}, {"date": "2024-06-30-16-00-00", "latency": "55"}, {"date": "2024-06-30-16-00-00", "latency": "55"}, {"date": "2024-06-30-16-00-00", "latency": "55"}, {"date": "2024-06-30-16-00-00", "latency": "55"}, {"date": "2024-06-30-16-00-00", "latency": "55"}, {"date": "2024-06-30-16-00-00", "latency": "55"}, {"date": "2024-06-30-16-00-00", "latency": "55"}, {"date": "2024-06-30-16-00-00", "latency": "55"}, {"date": "2024-06-30-16-00-00", "latency": "55"}, {"date": "2024-06-30-16-00-00", "latency": "55"}, {"date": "2024-06-30-16-00-00", "latency": "55"}, {"date": "2024-06-30-16-00-00", "latency": "55"}, {"date": "2024-06-30-16-00-00", "latency": "55"}, {"date": "2024-06-30-16-00-00", "latency": "55"}, {"date": "2024-06-30-16-00-00", "latency": "55"}, {"date": "2024-06-30-16-00-00", "latency": "55"}, {"date": "2024-06-30-16-00-00", "latency": "55"}, {"date": "2024-06-30-16-00-00", "latency": "55"}, {"date": "2024-06-30-16-00-00", "latency": "55"}, {"date": "2024-06-30-16-00-00", "latency": "55"}, {"date": "2024-06-30-16-00-00", "latency": "55"}, {"date": "2024-06-30-16-00-00", "latency": "55"}, {"date": "2024-06-30-16-00-00", "latency": "55"}, {"date": "2024-06-30-16-00-00", "latency": "55"}, {"date": "2024-06-30-16-00-00", "latency": "55"}, {"date": "2024-06-30-16-00-00", "latency": "55"}, {"date": "2024-06-30-16-00-00", "latency": "55"}, {"date": "2024-06-30-16-00-00", "latency": "55"}, {"date": "2024-06-30-16-00-00", "latency": "55"}, {"date": "2024-06-30-16-00-00", "latency": "55"}, {"date": "2024-06-30-16-00-00", "latency": "55"}, {"date": "2024-06-30-16-00-00", "latency": "55"}, {"date": "2024-06-30-16-00-00", "latency": "55"}, {"date": "2024-06-30-16-00-00", "latency": "55"}, {"date": "2024-06-30-16-00-00", "latency": "55"}, {"date": "2024-06-30-16-00-00", "latency": "55"}, {"date": "2024-06-30-16-00-00", "latency": "55"}, {"date": "2024-06-30-16-00-00", "latency": "55"}, {"date": "2024-06-30-16-00-00", "latency": "55"}, {"date": "2024-06-30-16-00-00", "latency": "55"}, {"date": "2024-06-30-16-00-00", "latency": "55"}, {"date": "2024-06-30-22-00-00", "latency": "54"}, {"date": "2024-06-30-22-00-00", "latency": "54"}, {"date": "2024-06-30-22-00-00", "latency": "54"}, {"date": "2024-06-30-22-00-00", "latency": "54"}, {"date": "2024-06-30-22-00-00", "latency": "54"}, {"date": "2024-06-30-22-00-00", "latency": "54"}, {"date": "2024-06-30-22-00-00", "latency": "54"}, {"date": "2024-06-30-22-00-00", "latency": "54"}, {"date": "2024-06-30-22-00-00", "latency": "54"}, {"date": "2024-06-30-22-00-00", "latency": "54"}, {"date": "2024-06-30-22-00-00", "latency": "54"}, {"date": "2024-06-30-22-00-00", "latency": "54"}, {"date": "2024-06-30-22-00-00", "latency": "54"}, {"date": "2024-06-30-22-00-00", "latency": "54"}, {"date": "2024-06-30-22-00-00", "latency": "54"}, {"date": "2024-06-30-22-00-00", "latency": "54"}]}, {"location": {"country_code": "us", "region": "Wisconsin"}, "game_id": "101342", "values": [{"date": "2024-07-01-02-00-00", "latency": "84"}, {"date": "2024-07-01-02-00-00", "latency": "84"}, {"date": "2024-07-01-02-00-00", "latency": "84"}, {"date": "2024-07-01-02-00-00", "latency": "84"}, {"date": "2024-07-01-02-00-00", "latency": "84"}, {"date": "2024-07-01-02-00-00", "latency": "84"}, {"date": "2024-07-01-02-00-00", "latency": "84"}, {"date": "2024-07-01-02-00-00", "latency": "84"}, {"date": "2024-07-01-02-00-00", "latency": "84"}, {"date": "2024-07-01-02-00-00", "latency": "84"}, {"date": "2024-07-01-02-00-00", "latency": "84"}, {"date": "2024-07-01-02-00-00", "latency": "84"}, {"date": "2024-07-01-02-00-00", "latency": "84"}, {"date": "2024-07-01-02-00-00", "latency": "84"}, {"date": "2024-07-01-02-00-00", "latency": "84"}, {"date": "2024-07-01-02-00-00", "latency": "84"}, {"date": "2024-07-01-02-00-00", "latency": "84"}, {"date": "2024-07-01-02-00-00", "latency": "84"}, {"date": "2024-07-01-02-00-00", "latency": "84"}, {"date": "2024-07-01-02-00-00", "latency": "84"}, {"date": "2024-07-01-02-00-00", "latency": "84"}, {"date": "2024-07-01-02-00-00", "latency": "84"}, {"date": "2024-07-01-02-00-00", "latency": "84"}, {"date": "2024-07-01-02-00-00", "latency": "84"}, {"date": "2024-07-01-02-00-00", "latency": "84"}, {"date": "2024-07-01-02-00-00", "latency": "84"}, {"date": "2024-07-01-02-00-00", "latency": "84"}, {"date": "2024-07-01-02-00-00", "latency": "84"}, {"date": "2024-07-01-02-00-00", "latency": "84"}, {"date": "2024-07-01-02-00-00", "latency": "84"}, {"date": "2024-07-01-02-00-00", "latency": "84"}, {"date": "2024-07-01-02-00-00", "latency": "84"}, {"date": "2024-07-01-02-00-00", "latency": "84"}, {"date": "2024-07-01-02-00-00", "latency": "84"}, {"date": "2024-07-01-02-00-00", "latency": "84"}, {"date": "2024-07-01-02-00-00", "latency": "84"}, {"date": "2024-07-01-02-00-00", "latency": "84"}, {"date": "2024-07-01-02-00-00", "latency": "84"}, {"date": "2024-07-01-02-00-00", "latency": "84"}, {"date": "2024-07-01-02-00-00", "latency": "84"}, {"date": "2024-07-01-02-00-00", "latency": "84"}, {"date": "2024-07-01-02-00-00", "latency": "84"}, {"date": "2024-07-01-02-00-00", "latency": "84"}, {"date": "2024-07-01-02-00-00", "latency": "84"}, {"date": "2024-07-01-02-00-00", "latency": "84"}, {"date": "2024-07-01-02-00-00", "latency": "84"}, {"date": "2024-07-01-02-00-00", "latency": "84"}, {"date": "2024-07-01-02-00-00", "latency": "84"}, {"date": "2024-07-01-02-00-00", "latency": "84"}, {"date": "2024-07-01-02-00-00", "latency": "84"}, {"date": "2024-07-01-02-00-00", "latency": "84"}, {"date": "2024-07-01-02-00-00", "latency": "84"}, {"date": "2024-07-01-02-00-00", "latency": "84"}, {"date": "2024-07-01-02-00-00", "latency": "84"}, {"date": "2024-07-01-02-00-00", "latency": "84"}, {"date": "2024-07-01-02-00-00", "latency": "84"}, {"date": "2024-07-01-02-00-00", "latency": "84"}, {"date": "2024-07-01-02-00-00", "latency": "84"}, {"date": "2024-07-01-02-00-00", "latency": "84"}, {"date": "2024-07-01-02-00-00", "latency": "84"}, {"date": "2024-07-01-02-00-00", "latency": "84"}, {"date": "2024-07-01-02-00-00", "latency": "84"}, {"date": "2024-07-01-02-00-00", "latency": "84"}, {"date": "2024-07-01-02-00-00", "latency": "84"}, {"date": "2024-07-01-02-00-00", "latency": "84"}, {"date": "2024-07-01-02-00-00", "latency": "84"}, {"date": "2024-07-01-02-00-00", "latency": "84"}, {"date": "2024-07-01-02-00-00", "latency": "84"}, {"date": "2024-07-01-02-00-00", "latency": "84"}, {"date": "2024-07-01-02-00-00", "latency": "84"}, {"date": "2024-07-01-02-00-00", "latency": "84"}, {"date": "2024-07-01-02-00-00", "latency": "84"}, {"date": "2024-07-01-02-00-00", "latency": "84"}, {"date": "2024-07-01-02-00-00", "latency": "84"}, {"date": "2024-07-01-02-00-00", "latency": "84"}, {"date": "2024-07-01-02-00-00", "latency": "84"}, {"date": "2024-07-01-02-00-00", "latency": "84"}, {"date": "2024-07-01-02-00-00", "latency": "84"}, {"date": "2024-07-01-02-00-00", "latency": "84"}, {"date": "2024-07-01-02-00-00", "latency": "84"}, {"date": "2024-07-01-02-00-00", "latency": "84"}, {"date": "2024-07-01-02-00-00", "latency": "84"}, {"date": "2024-07-01-02-00-00", "latency": "84"}, {"date": "2024-07-01-02-00-00", "latency": "84"}, {"date": "2024-07-01-02-00-00", "latency": "84"}, {"date": "2024-07-01-02-00-00", "latency": "84"}, {"date": "2024-07-01-02-00-00", "latency": "84"}, {"date": "2024-06-30-08-00-00", "latency": "136"}, {"date": "2024-06-30-08-00-00", "latency": "136"}, {"date": "2024-06-30-08-00-00", "latency": "136"}, {"date": "2024-06-30-08-00-00", "latency": "136"}, {"date": "2024-06-30-08-00-00", "latency": "136"}, {"date": "2024-06-30-08-00-00", "latency": "136"}, {"date": "2024-06-30-08-00-00", "latency": "136"}, {"date": "2024-06-30-08-00-00", "latency": "136"}, {"date": "2024-06-30-08-00-00", "latency": "136"}, {"date": "2024-06-30-08-00-00", "latency": "136"}, {"date": "2024-06-30-08-00-00", "latency": "136"}, {"date": "2024-06-30-08-00-00", "latency": "136"}, {"date": "2024-06-30-08-00-00", "latency": "136"}, {"date": "2024-06-30-08-00-00", "latency": "136"}, {"date": "2024-06-30-08-00-00", "latency": "136"}, {"date": "2024-06-30-08-00-00", "latency": "136"}, {"date": "2024-06-30-08-00-00", "latency": "136"}, {"date": "2024-06-30-08-00-00", "latency": "136"}, {"date": "2024-06-30-08-00-00", "latency": "136"}, {"date": "2024-06-30-08-00-00", "latency": "136"}, {"date": "2024-06-30-08-00-00", "latency": "136"}, {"date": "2024-06-30-08-00-00", "latency": "136"}, {"date": "2024-06-30-08-00-00", "latency": "136"}, {"date": "2024-06-30-08-00-00", "latency": "136"}, {"date": "2024-06-30-08-00-00", "latency": "136"}, {"date": "2024-06-30-08-00-00", "latency": "136"}, {"date": "2024-06-30-08-00-00", "latency": "136"}, {"date": "2024-06-30-08-00-00", "latency": "136"}, {"date": "2024-06-30-08-00-00", "latency": "136"}]}, {"location": {"country_code": "br", "region": "State of Rio de Janeiro", "city": "Angra dos Reis"}, "game_id": "101342", "values": [{"date": "2024-07-01-02-00-00", "latency": "74"}, {"date": "2024-07-01-02-00-00", "latency": "74"}, {"date": "2024-07-01-02-00-00", "latency": "74"}, {"date": "2024-07-01-02-00-00", "latency": "74"}, {"date": "2024-07-01-02-00-00", "latency": "74"}, {"date": "2024-07-01-02-00-00", "latency": "74"}, {"date": "2024-07-01-02-00-00", "latency": "74"}, {"date": "2024-07-01-02-00-00", "latency": "74"}, {"date": "2024-07-01-02-00-00", "latency": "74"}, {"date": "2024-07-01-02-00-00", "latency": "74"}, {"date": "2024-07-01-02-00-00", "latency": "74"}, {"date": "2024-07-01-02-00-00", "latency": "74"}]}, {"location": {"country_code": "br", "region": "Parana"}, "game_id": "101342", "values": [{"date": "2024-06-30-05-00-00", "latency": "4"}, {"date": "2024-06-30-05-00-00", "latency": "4"}, {"date": "2024-06-30-05-00-00", "latency": "4"}, {"date": "2024-06-30-05-00-00", "latency": "4"}, {"date": "2024-06-30-05-00-00", "latency": "4"}, {"date": "2024-06-30-05-00-00", "latency": "4"}, {"date": "2024-06-30-05-00-00", "latency": "4"}, {"date": "2024-06-30-05-00-00", "latency": "4"}, {"date": "2024-06-30-05-00-00", "latency": "4"}, {"date": "2024-06-30-05-00-00", "latency": "4"}, {"date": "2024-06-30-05-00-00", "latency": "4"}, {"date": "2024-06-30-05-00-00", "latency": "4"}, {"date": "2024-06-30-05-00-00", "latency": "4"}, {"date": "2024-06-30-05-00-00", "latency": "4"}]}, {"location": {"country_code": "pt", "region": "Lisbon District", "city": "Amadora"}, "game_id": "101342", "values": [{"date": "2024-06-30-20-00-00", "latency": "187"}, {"date": "2024-06-30-20-00-00", "latency": "187"}, {"date": "2024-06-30-20-00-00", "latency": "187"}, {"date": "2024-06-30-20-00-00", "latency": "187"}, {"date": "2024-06-30-20-00-00", "latency": "187"}, {"date": "2024-06-30-20-00-00", "latency": "187"}, {"date": "2024-06-30-20-00-00", "latency": "187"}, {"date": "2024-06-30-20-00-00", "latency": "187"}, {"date": "2024-06-30-20-00-00", "latency": "187"}, {"date": "2024-06-30-20-00-00", "latency": "187"}, {"date": "2024-06-30-20-00-00", "latency": "187"}, {"date": "2024-06-30-20-00-00", "latency": "187"}, {"date": "2024-06-30-20-00-00", "latency": "187"}, {"date": "2024-06-30-20-00-00", "latency": "187"}, {"date": "2024-06-30-20-00-00", "latency": "187"}, {"date": "2024-06-30-20-00-00", "latency": "187"}, {"date": "2024-06-30-20-00-00", "latency": "187"}, {"date": "2024-06-30-20-00-00", "latency": "187"}, {"date": "2024-06-30-20-00-00", "latency": "187"}, {"date": "2024-06-30-20-00-00", "latency": "187"}, {"date": "2024-06-30-20-00-00", "latency": "187"}, {"date": "2024-06-30-20-00-00", "latency": "187"}, {"date": "2024-06-30-20-00-00", "latency": "187"}, {"date": "2024-06-30-20-00-00", "latency": "187"}, {"date": "2024-06-30-20-00-00", "latency": "187"}, {"date": "2024-06-30-20-00-00", "latency": "187"}, {"date": "2024-06-30-20-00-00", "latency": "187"}, {"date": "2024-06-30-20-00-00", "latency": "187"}, {"date": "2024-06-30-20-00-00", "latency": "187"}]}, {"location": {"country_code": "us", "region": "Georgia", "city": "Atlanta"}, "game_id": "101342", "values": [{"date": "2024-06-30-19-00-00", "latency": "83"}, {"date": "2024-06-30-19-00-00", "latency": "83"}, {"date": "2024-06-30-19-00-00", "latency": "83"}, {"date": "2024-06-30-19-00-00", "latency": "83"}, {"date": "2024-06-30-19-00-00", "latency": "83"}, {"date": "2024-06-30-19-00-00", "latency": "83"}, {"date": "2024-06-30-19-00-00", "latency": "83"}, {"date": "2024-06-30-19-00-00", "latency": "83"}, {"date": "2024-06-30-19-00-00", "latency": "83"}, {"date": "2024-06-30-19-00-00", "latency": "83"}, {"date": "2024-06-30-19-00-00", "latency": "83"}, {"date": "2024-06-30-19-00-00", "latency": "83"}, {"date": "2024-06-30-19-00-00", "latency": "83"}, {"date": "2024-06-30-19-00-00", "latency": "83"}, {"date": "2024-06-30-19-00-00", "latency": "83"}, {"date": "2024-06-30-19-00-00", "latency": "83"}, {"date": "2024-06-30-19-00-00", "latency": "83"}, {"date": "2024-06-30-19-00-00", "latency": "83"}, {"date": "2024-06-30-19-00-00", "latency": "83"}, {"date": "2024-06-30-19-00-00", "latency": "83"}, {"date": "2024-06-30-19-00-00", "latency": "83"}, {"date": "2024-06-30-19-00-00", "latency": "83"}, {"date": "2024-06-30-19-00-00", "latency": "83"}, {"date": "2024-06-30-19-00-00", "latency": "83"}, {"date": "2024-06-30-19-00-00", "latency": "83"}, {"date": "2024-06-30-19-00-00", "latency": "83"}, {"date": "2024-06-30-19-00-00", "latency": "83"}, {"date": "2024-06-30-19-00-00", "latency": "83"}, {"date": "2024-06-30-19-00-00", "latency": "83"}, {"date": "2024-06-30-19-00-00", "latency": "83"}, {"date": "2024-06-30-19-00-00", "latency": "83"}, {"date": "2024-06-30-19-00-00", "latency": "83"}, {"date": "2024-06-30-19-00-00", "latency": "83"}, {"date": "2024-06-30-19-00-00", "latency": "83"}, {"date": "2024-06-30-19-00-00", "latency": "83"}, {"date": "2024-06-30-19-00-00", "latency": "83"}, {"date": "2024-06-30-19-00-00", "latency": "83"}, {"date": "2024-06-30-19-00-00", "latency": "83"}, {"date": "2024-06-30-19-00-00", "latency": "83"}, {"date": "2024-06-30-19-00-00", "latency": "83"}, {"date": "2024-06-30-19-00-00", "latency": "83"}, {"date": "2024-06-30-19-00-00", "latency": "83"}, {"date": "2024-06-30-19-00-00", "latency": "83"}, {"date": "2024-06-30-19-00-00", "latency": "83"}, {"date": "2024-06-30-19-00-00", "latency": "83"}, {"date": "2024-06-30-19-00-00", "latency": "83"}, {"date": "2024-06-30-19-00-00", "latency": "83"}, {"date": "2024-06-30-19-00-00", "latency": "83"}, {"date": "2024-06-30-19-00-00", "latency": "83"}, {"date": "2024-06-30-19-00-00", "latency": "83"}, {"date": "2024-06-30-19-00-00", "latency": "83"}, {"date": "2024-06-30-19-00-00", "latency": "83"}, {"date": "2024-06-30-19-00-00", "latency": "83"}, {"date": "2024-06-30-19-00-00", "latency": "83"}, {"date": "2024-06-30-19-00-00", "latency": "83"}, {"date": "2024-06-30-19-00-00", "latency": "83"}, {"date": "2024-06-30-19-00-00", "latency": "83"}, {"date": "2024-06-30-19-00-00", "latency": "83"}, {"date": "2024-06-30-19-00-00", "latency": "83"}, {"date": "2024-06-30-19-00-00", "latency": "83"}, {"date": "2024-06-30-19-00-00", "latency": "83"}, {"date": "2024-06-30-19-00-00", "latency": "83"}, {"date": "2024-06-30-19-00-00", "latency": "83"}, {"date": "2024-06-30-19-00-00", "latency": "83"}, {"date": "2024-06-30-19-00-00", "latency": "83"}, {"date": "2024-06-30-19-00-00", "latency": "83"}, {"date": "2024-06-30-19-00-00", "latency": "83"}, {"date": "2024-06-30-19-00-00", "latency": "83"}, {"date": "2024-06-30-19-00-00", "latency": "83"}, {"date": "2024-06-30-19-00-00", "latency": "83"}, {"date": "2024-06-30-19-00-00", "latency": "83"}, {"date": "2024-06-30-19-00-00", "latency": "83"}, {"date": "2024-06-30-19-00-00", "latency": "83"}, {"date": "2024-06-30-19-00-00", "latency": "83"}, {"date": "2024-06-30-19-00-00", "latency": "83"}, {"date": "2024-06-30-19-00-00", "latency": "83"}, {"date": "2024-06-30-19-00-00", "latency": "83"}, {"date": "2024-06-30-19-00-00", "latency": "83"}, {"date": "2024-06-30-19-00-00", "latency": "83"}, {"date": "2024-06-30-19-00-00", "latency": "83"}, {"date": "2024-06-30-19-00-00", "latency": "83"}, {"date": "2024-06-30-19-00-00", "latency": "83"}, {"date": "2024-06-30-19-00-00", "latency": "83"}, {"date": "2024-06-30-19-00-00", "latency": "83"}, {"date": "2024-06-30-19-00-00", "latency": "83"}, {"date": "2024-06-30-19-00-00", "latency": "83"}, {"date": "2024-06-30-19-00-00", "latency": "83"}, {"date": "2024-06-30-19-00-00", "latency": "83"}, {"date": "2024-06-30-19-00-00", "latency": "83"}, {"date": "2024-06-30-19-00-00", "latency": "83"}, {"date": "2024-06-30-19-00-00", "latency": "83"}, {"date": "2024-06-30-19-00-00", "latency": "83"}, {"date": "2024-06-30-19-00-00", "latency": "83"}, {"date": "2024-06-30-19-00-00", "latency": "83"}, {"date": "2024-06-30-19-00-00", "latency": "83"}, {"date": "2024-06-30-19-00-00", "latency": "83"}, {"date": "2024-06-30-19-00-00", "latency": "83"}, {"date": "2024-06-30-19-00-00", "latency": "83"}, {"date": "2024-06-30-19-00-00", "latency": "83"}, {"date": "2024-06-30-19-00-00", "latency": "83"}, {"date": "2024-06-30-19-00-00", "latency": "83"}, {"date": "2024-06-30-19-00-00", "latency": "83"}, {"date": "2024-06-30-19-00-00", "latency": "83"}, {"date": "2024-06-30-19-00-00", "latency": "83"}, {"date": "2024-06-30-19-00-00", "latency": "83"}, {"date": "2024-06-30-19-00-00", "latency": "83"}, {"date": "2024-06-30-19-00-00", "latency": "83"}, {"date": "2024-06-30-19-00-00", "latency": "83"}, {"date": "2024-06-30-19-00-00", "latency": "83"}, {"date": "2024-06-30-19-00-00", "latency": "83"}, {"date": "2024-06-30-19-00-00", "latency": "83"}, {"date": "2024-06-30-19-00-00", "latency": "83"}, {"date": "2024-06-30-19-00-00", "latency": "83"}, {"date": "2024-06-30-19-00-00", "latency": "83"}, {"date": "2024-06-30-19-00-00", "latency": "83"}, {"date": "2024-06-30-19-00-00", "latency": "83"}, {"date": "2024-06-30-19-00-00", "latency": "83"}, {"date": "2024-06-30-19-00-00", "latency": "83"}, {"date": "2024-06-30-19-00-00", "latency": "83"}, {"date": "2024-06-30-19-00-00", "latency": "83"}, {"date": "2024-06-30-19-00-00", "latency": "83"}, {"date": "2024-06-30-19-00-00", "latency": "83"}, {"date": "2024-06-30-19-00-00", "latency": "83"}, {"date": "2024-06-30-19-00-00", "latency": "83"}, {"date": "2024-06-30-19-00-00", "latency": "83"}, {"date": "2024-06-30-19-00-00", "latency": "83"}]}, {"location": {"country_code": "ca", "region": "Ontario", "city": "Ottawa"}, "game_id": "101342", "values": [{"date": "2024-06-30-23-00-00", "latency": "155"}, {"date": "2024-06-30-23-00-00", "latency": "155"}, {"date": "2024-06-30-23-00-00", "latency": "155"}, {"date": "2024-06-30-23-00-00", "latency": "155"}, {"date": "2024-06-30-23-00-00", "latency": "155"}, {"date": "2024-06-30-23-00-00", "latency": "155"}, {"date": "2024-06-30-23-00-00", "latency": "155"}, {"date": "2024-06-30-23-00-00", "latency": "155"}, {"date": "2024-06-30-23-00-00", "latency": "155"}, {"date": "2024-06-30-23-00-00", "latency": "155"}, {"date": "2024-06-30-23-00-00", "latency": "155"}, {"date": "2024-06-30-23-00-00", "latency": "155"}, {"date": "2024-06-30-23-00-00", "latency": "155"}, {"date": "2024-06-30-23-00-00", "latency": "155"}, {"date": "2024-06-30-23-00-00", "latency": "155"}, {"date": "2024-06-30-23-00-00", "latency": "155"}, {"date": "2024-06-30-23-00-00", "latency": "155"}, {"date": "2024-06-30-23-00-00", "latency": "155"}, {"date": "2024-06-30-23-00-00", "latency": "155"}, {"date": "2024-06-30-23-00-00", "latency": "155"}, {"date": "2024-06-30-23-00-00", "latency": "155"}, {"date": "2024-06-30-23-00-00", "latency": "155"}, {"date": "2024-06-30-23-00-00", "latency": "155"}]}, {"location": {"country_code": "br", "region": "Federal District"}, "game_id": "101342", "values": [{"date": "2024-07-01-02-00-00", "latency": "62"}, {"date": "2024-07-01-02-00-00", "latency": "62"}, {"date": "2024-07-01-02-00-00", "latency": "62"}, {"date": "2024-07-01-02-00-00", "latency": "62"}, {"date": "2024-07-01-02-00-00", "latency": "62"}, {"date": "2024-07-01-02-00-00", "latency": "62"}, {"date": "2024-07-01-02-00-00", "latency": "62"}, {"date": "2024-07-01-02-00-00", "latency": "62"}, {"date": "2024-07-01-02-00-00", "latency": "62"}]}, {"location": {"country_code": "es", "region": "Madrid"}, "game_id": "101342", "values": [{"date": "2024-06-30-18-00-00", "latency": "73"}, {"date": "2024-06-30-18-00-00", "latency": "73"}, {"date": "2024-06-30-18-00-00", "latency": "73"}, {"date": "2024-06-30-18-00-00", "latency": "73"}, {"date": "2024-06-30-18-00-00", "latency": "73"}, {"date": "2024-06-30-18-00-00", "latency": "73"}, {"date": "2024-06-30-18-00-00", "latency": "73"}, {"date": "2024-06-30-18-00-00", "latency": "73"}, {"date": "2024-06-30-18-00-00", "latency": "73"}, {"date": "2024-06-30-18-00-00", "latency": "73"}, {"date": "2024-06-30-18-00-00", "latency": "73"}, {"date": "2024-06-30-18-00-00", "latency": "73"}, {"date": "2024-06-30-18-00-00", "latency": "73"}, {"date": "2024-06-30-18-00-00", "latency": "73"}, {"date": "2024-06-30-18-00-00", "latency": "73"}, {"date": "2024-06-30-18-00-00", "latency": "73"}, {"date": "2024-06-30-18-00-00", "latency": "73"}, {"date": "2024-06-30-18-00-00", "latency": "73"}, {"date": "2024-06-30-18-00-00", "latency": "73"}, {"date": "2024-06-30-18-00-00", "latency": "73"}, {"date": "2024-06-30-18-00-00", "latency": "73"}, {"date": "2024-06-30-18-00-00", "latency": "73"}, {"date": "2024-06-30-18-00-00", "latency": "73"}, {"date": "2024-06-30-18-00-00", "latency": "73"}, {"date": "2024-06-30-18-00-00", "latency": "73"}, {"date": "2024-06-30-18-00-00", "latency": "73"}, {"date": "2024-06-30-18-00-00", "latency": "73"}, {"date": "2024-06-30-18-00-00", "latency": "73"}, {"date": "2024-06-30-18-00-00", "latency": "73"}, {"date": "2024-06-30-18-00-00", "latency": "73"}, {"date": "2024-06-30-18-00-00", "latency": "73"}, {"date": "2024-06-30-18-00-00", "latency": "73"}, {"date": "2024-06-30-18-00-00", "latency": "73"}, {"date": "2024-06-30-18-00-00", "latency": "73"}, {"date": "2024-06-30-18-00-00", "latency": "73"}, {"date": "2024-06-30-18-00-00", "latency": "73"}, {"date": "2024-06-30-18-00-00", "latency": "73"}, {"date": "2024-06-30-18-00-00", "latency": "73"}, {"date": "2024-06-30-18-00-00", "latency": "73"}]}, {"location": {"country_code": "bg"}, "game_id": "101342", "values": [{"date": "2024-06-30-15-00-00", "latency": "68"}, {"date": "2024-06-30-15-00-00", "latency": "68"}, {"date": "2024-06-30-15-00-00", "latency": "68"}]}, {"location": {"country_code": "gb", "region": "England", "city": "Bristol"}, "game_id": "101342", "values": [{"date": "2024-06-30-16-00-00", "latency": "50"}, {"date": "2024-06-30-16-00-00", "latency": "50"}, {"date": "2024-06-30-16-00-00", "latency": "50"}, {"date": "2024-06-30-16-00-00", "latency": "50"}, {"date": "2024-06-30-16-00-00", "latency": "50"}, {"date": "2024-06-30-16-00-00", "latency": "50"}, {"date": "2024-06-30-16-00-00", "latency": "50"}, {"date": "2024-06-30-16-00-00", "latency": "50"}, {"date": "2024-06-30-16-00-00", "latency": "50"}, {"date": "2024-06-30-16-00-00", "latency": "50"}, {"date": "2024-06-30-16-00-00", "latency": "50"}, {"date": "2024-06-30-16-00-00", "latency": "50"}, {"date": "2024-06-30-16-00-00", "latency": "50"}, {"date": "2024-06-30-16-00-00", "latency": "50"}, {"date": "2024-06-30-16-00-00", "latency": "50"}, {"date": "2024-06-30-16-00-00", "latency": "50"}, {"date": "2024-06-30-16-00-00", "latency": "50"}, {"date": "2024-06-30-16-00-00", "latency": "50"}, {"date": "2024-06-30-16-00-00", "latency": "50"}, {"date": "2024-06-30-16-00-00", "latency": "50"}, {"date": "2024-06-30-16-00-00", "latency": "50"}, {"date": "2024-06-30-16-00-00", "latency": "50"}, {"date": "2024-06-30-16-00-00", "latency": "50"}]}, {"location": {"country_code": "tr", "region": "Ic Anadolu Bolgesi", "city": "Ankara"}, "game_id": "101342", "values": [{"date": "2024-07-01-02-00-00", "latency": "98"}, {"date": "2024-07-01-02-00-00", "latency": "98"}, {"date": "2024-07-01-02-00-00", "latency": "98"}, {"date": "2024-07-01-02-00-00", "latency": "98"}, {"date": "2024-07-01-02-00-00", "latency": "98"}, {"date": "2024-07-01-02-00-00", "latency": "98"}, {"date": "2024-07-01-02-00-00", "latency": "98"}, {"date": "2024-07-01-02-00-00", "latency": "98"}, {"date": "2024-07-01-02-00-00", "latency": "98"}, {"date": "2024-07-01-02-00-00", "latency": "98"}, {"date": "2024-07-01-02-00-00", "latency": "98"}, {"date": "2024-07-01-02-00-00", "latency": "98"}, {"date": "2024-07-01-02-00-00", "latency": "98"}, {"date": "2024-07-01-02-00-00", "latency": "98"}, {"date": "2024-07-01-02-00-00", "latency": "98"}, {"date": "2024-07-01-02-00-00", "latency": "98"}, {"date": "2024-07-01-02-00-00", "latency": "98"}, {"date": "2024-07-01-02-00-00", "latency": "98"}, {"date": "2024-07-01-02-00-00", "latency": "98"}, {"date": "2024-07-01-02-00-00", "latency": "98"}, {"date": "2024-07-01-02-00-00", "latency": "98"}, {"date": "2024-07-01-02-00-00", "latency": "98"}, {"date": "2024-07-01-02-00-00", "latency": "98"}, {"date": "2024-07-01-02-00-00", "latency": "98"}, {"date": "2024-07-01-02-00-00", "latency": "98"}, {"date": "2024-07-01-02-00-00", "latency": "98"}]}, {"location": {"country_code": "fr", "region": "Pays de la Loire Region"}, "game_id": "101342", "values": [{"date": "2024-07-01-01-00-00", "latency": "70"}, {"date": "2024-07-01-01-00-00", "latency": "70"}, {"date": "2024-07-01-01-00-00", "latency": "70"}, {"date": "2024-07-01-01-00-00", "latency": "70"}, {"date": "2024-07-01-01-00-00", "latency": "70"}, {"date": "2024-07-01-01-00-00", "latency": "70"}, {"date": "2024-07-01-01-00-00", "latency": "70"}, {"date": "2024-07-01-01-00-00", "latency": "70"}, {"date": "2024-07-01-01-00-00", "latency": "70"}, {"date": "2024-07-01-01-00-00", "latency": "70"}, {"date": "2024-07-01-01-00-00", "latency": "70"}, {"date": "2024-07-01-01-00-00", "latency": "70"}, {"date": "2024-07-01-01-00-00", "latency": "70"}, {"date": "2024-07-01-01-00-00", "latency": "70"}, {"date": "2024-07-01-01-00-00", "latency": "70"}, {"date": "2024-07-01-01-00-00", "latency": "70"}, {"date": "2024-07-01-01-00-00", "latency": "70"}, {"date": "2024-07-01-01-00-00", "latency": "70"}, {"date": "2024-07-01-01-00-00", "latency": "70"}, {"date": "2024-07-01-01-00-00", "latency": "70"}, {"date": "2024-07-01-01-00-00", "latency": "70"}, {"date": "2024-07-01-01-00-00", "latency": "70"}]}, {"location": {"country_code": "us", "region": "California", "city": "Fullerton"}, "game_id": "101342", "values": [{"date": "2024-07-01-02-00-00", "latency": "62"}, {"date": "2024-07-01-02-00-00", "latency": "62"}, {"date": "2024-07-01-02-00-00", "latency": "62"}, {"date": "2024-07-01-02-00-00", "latency": "62"}, {"date": "2024-07-01-02-00-00", "latency": "62"}, {"date": "2024-07-01-02-00-00", "latency": "62"}, {"date": "2024-07-01-02-00-00", "latency": "62"}, {"date": "2024-07-01-02-00-00", "latency": "62"}, {"date": "2024-07-01-02-00-00", "latency": "62"}, {"date": "2024-07-01-02-00-00", "latency": "62"}, {"date": "2024-07-01-02-00-00", "latency": "62"}, {"date": "2024-07-01-02-00-00", "latency": "62"}, {"date": "2024-07-01-02-00-00", "latency": "62"}, {"date": "2024-07-01-02-00-00", "latency": "62"}, {"date": "2024-07-01-02-00-00", "latency": "62"}, {"date": "2024-07-01-02-00-00", "latency": "62"}, {"date": "2024-07-01-02-00-00", "latency": "62"}, {"date": "2024-07-01-02-00-00", "latency": "62"}, {"date": "2024-07-01-02-00-00", "latency": "62"}, {"date": "2024-07-01-02-00-00", "latency": "62"}, {"date": "2024-07-01-02-00-00", "latency": "62"}, {"date": "2024-07-01-02-00-00", "latency": "62"}, {"date": "2024-07-01-02-00-00", "latency": "62"}, {"date": "2024-07-01-02-00-00", "latency": "62"}, {"date": "2024-07-01-02-00-00", "latency": "62"}, {"date": "2024-07-01-02-00-00", "latency": "62"}, {"date": "2024-07-01-02-00-00", "latency": "62"}, {"date": "2024-07-01-02-00-00", "latency": "62"}, {"date": "2024-07-01-02-00-00", "latency": "62"}, {"date": "2024-07-01-02-00-00", "latency": "62"}, {"date": "2024-07-01-02-00-00", "latency": "62"}, {"date": "2024-07-01-02-00-00", "latency": "62"}, {"date": "2024-07-01-02-00-00", "latency": "62"}, {"date": "2024-07-01-02-00-00", "latency": "62"}, {"date": "2024-07-01-02-00-00", "latency": "62"}, {"date": "2024-07-01-02-00-00", "latency": "62"}, {"date": "2024-07-01-02-00-00", "latency": "62"}, {"date": "2024-07-01-02-00-00", "latency": "62"}, {"date": "2024-07-01-02-00-00", "latency": "62"}, {"date": "2024-07-01-02-00-00", "latency": "62"}, {"date": "2024-07-01-02-00-00", "latency": "62"}, {"date": "2024-07-01-02-00-00", "latency": "62"}, {"date": "2024-07-01-02-00-00", "latency": "62"}, {"date": "2024-07-01-02-00-00", "latency": "62"}, {"date": "2024-07-01-02-00-00", "latency": "62"}, {"date": "2024-07-01-02-00-00", "latency": "62"}, {"date": "2024-07-01-02-00-00", "latency": "62"}, {"date": "2024-07-01-02-00-00", "latency": "62"}, {"date": "2024-07-01-02-00-00", "latency": "62"}, {"date": "2024-07-01-02-00-00", "latency": "62"}, {"date": "2024-07-01-02-00-00", "latency": "62"}, {"date": "2024-07-01-02-00-00", "latency": "62"}, {"date": "2024-07-01-02-00-00", "latency": "62"}, {"date": "2024-07-01-02-00-00", "latency": "62"}, {"date": "2024-07-01-02-00-00", "latency": "62"}, {"date": "2024-07-01-02-00-00", "latency": "62"}, {"date": "2024-07-01-02-00-00", "latency": "62"}, {"date": "2024-07-01-02-00-00", "latency": "62"}, {"date": "2024-07-01-02-00-00", "latency": "62"}, {"date": "2024-07-01-02-00-00", "latency": "62"}, {"date": "2024-07-01-02-00-00", "latency": "62"}, {"date": "2024-07-01-02-00-00", "latency": "62"}, {"date": "2024-07-01-02-00-00", "latency": "62"}, {"date": "2024-07-01-02-00-00", "latency": "62"}, {"date": "2024-07-01-02-00-00", "latency": "62"}, {"date": "2024-07-01-02-00-00", "latency": "62"}, {"date": "2024-07-01-02-00-00", "latency": "62"}, {"date": "2024-07-01-02-00-00", "latency": "62"}, {"date": "2024-07-01-02-00-00", "latency": "62"}, {"date": "2024-07-01-02-00-00", "latency": "62"}, {"date": "2024-07-01-02-00-00", "latency": "62"}]}, {"location": {"country_code": "us", "region": "Florida", "city": "Largo"}, "game_id": "101342", "values": [{"date": "2024-06-30-04-00-00", "latency": "125"}, {"date": "2024-06-30-04-00-00", "latency": "125"}, {"date": "2024-06-30-04-00-00", "latency": "125"}, {"date": "2024-06-30-04-00-00", "latency": "125"}, {"date": "2024-06-30-04-00-00", "latency": "125"}, {"date": "2024-06-30-04-00-00", "latency": "125"}, {"date": "2024-06-30-04-00-00", "latency": "125"}, {"date": "2024-06-30-04-00-00", "latency": "125"}, {"date": "2024-06-30-04-00-00", "latency": "125"}, {"date": "2024-06-30-04-00-00", "latency": "125"}, {"date": "2024-06-30-04-00-00", "latency": "125"}, {"date": "2024-06-30-04-00-00", "latency": "125"}, {"date": "2024-06-30-04-00-00", "latency": "125"}, {"date": "2024-06-30-04-00-00", "latency": "125"}, {"date": "2024-06-30-04-00-00", "latency": "125"}, {"date": "2024-06-30-04-00-00", "latency": "125"}]}, {"location": {"country_code": "gb", "region": "England", "city": "Rochester"}, "game_id": "101342", "values": [{"date": "2024-06-30-03-00-00", "latency": "59"}, {"date": "2024-06-30-03-00-00", "latency": "59"}, {"date": "2024-06-30-03-00-00", "latency": "59"}, {"date": "2024-06-30-03-00-00", "latency": "59"}, {"date": "2024-06-30-03-00-00", "latency": "59"}, {"date": "2024-06-30-03-00-00", "latency": "59"}]}], "last_updated": 1719915142.459198}