{"data": [{"location": {"country_code": "si"}, "game_id": "314852", "values": [{"date": "2023-12-25-20-00-00", "alternatives": ["35", "5", "35"]}]}, {"location": {"country_code": "us"}, "game_id": "314852", "values": [{"date": "2023-12-25-05-00-00", "alternatives": ["10295", "11295", "11295"]}, {"date": "2023-12-25-05-00-00", "alternatives": ["10295", "11295", "11295"]}, {"date": "2023-12-25-05-00-00", "alternatives": ["10295", "11295", "11295"]}, {"date": "2023-12-25-05-00-00", "alternatives": ["10295", "11295", "11295"]}, {"date": "2023-12-25-05-00-00", "alternatives": ["10295", "11295", "11295"]}, {"date": "2023-12-25-10-00-00", "alternatives": ["70", "70", "4"]}, {"date": "2023-12-25-10-00-00", "alternatives": ["70", "70", "4"]}]}, {"location": {"country_code": "us", "region": "New York", "city": "Jamestown"}, "game_id": "314852", "values": [{"date": "2023-12-26-00-00-00", "alternatives": ["2", "24", "24"]}, {"date": "2023-12-26-00-00-00", "alternatives": ["2", "24", "24"]}, {"date": "2023-12-25-06-00-00", "alternatives": ["186", "8", "186"]}, {"date": "2023-12-25-06-00-00", "alternatives": ["186", "8", "186"]}]}, {"location": {"country_code": "th"}, "game_id": "314852", "values": [{"date": "2023-12-25-05-00-00", "alternatives": ["11", "115", "115"]}, {"date": "2023-12-25-05-00-00", "alternatives": ["11", "115", "115"]}, {"date": "2023-12-25-09-00-00", "alternatives": ["115", "115", "15"]}, {"date": "2023-12-25-18-00-00", "alternatives": ["113", "1", "1"]}]}, {"location": {"country_code": "cz"}, "game_id": "314852", "values": [{"date": "2023-12-25-23-00-00", "alternatives": ["1", "23", "23"]}, {"date": "2023-12-25-23-00-00", "alternatives": ["1", "23", "23"]}, {"date": "2023-12-25-23-00-00", "alternatives": ["1", "23", "23"]}, {"date": "2023-12-25-23-00-00", "alternatives": ["1", "23", "23"]}, {"date": "2023-12-25-23-00-00", "alternatives": ["1", "23", "23"]}, {"date": "2023-12-25-23-00-00", "alternatives": ["1", "23", "23"]}]}, {"location": {"country_code": "it"}, "game_id": "314852", "values": [{"date": "2023-12-26-01-00-00", "alternatives": ["69", "69", "9"]}, {"date": "2023-12-25-15-00-00", "alternatives": ["1", "43", "43"]}, {"date": "2023-12-25-15-00-00", "alternatives": ["1", "43", "43"]}, {"date": "2023-12-25-15-00-00", "alternatives": ["1", "43", "43"]}]}, {"location": {"country_code": "it", "region": "Tuscany", "city": "Florence"}, "game_id": "314852", "values": [{"date": "2023-12-25-18-00-00", "alternatives": ["29", "29", "4"]}, {"date": "2023-12-25-18-00-00", "alternatives": ["29", "29", "4"]}, {"date": "2023-12-25-18-00-00", "alternatives": ["29", "29", "4"]}, {"date": "2023-12-25-18-00-00", "alternatives": ["29", "29", "4"]}, {"date": "2023-12-25-18-00-00", "alternatives": ["29", "29", "4"]}]}, {"location": {"country_code": "jp"}, "game_id": "314852", "values": [{"date": "2023-12-25-12-00-00", "alternatives": ["16", "1", "16"]}, {"date": "2023-12-25-12-00-00", "alternatives": ["16", "1", "16"]}, {"date": "2023-12-25-12-00-00", "alternatives": ["16", "1", "16"]}, {"date": "2023-12-25-12-00-00", "alternatives": ["16", "1", "16"]}, {"date": "2023-12-25-12-00-00", "alternatives": ["16", "1", "16"]}, {"date": "2023-12-25-12-00-00", "alternatives": ["16", "1", "16"]}, {"date": "2023-12-25-19-00-00", "alternatives": ["4", "14", "4"]}, {"date": "2023-12-25-19-00-00", "alternatives": ["4", "14", "4"]}, {"date": "2023-12-25-19-00-00", "alternatives": ["4", "14", "4"]}, {"date": "2023-12-25-19-00-00", "alternatives": ["4", "14", "4"]}, {"date": "2023-12-25-19-00-00", "alternatives": ["4", "14", "4"]}, {"date": "2023-12-25-05-00-00", "alternatives": ["19", "19", "15"]}, {"date": "2023-12-25-05-00-00", "alternatives": ["19", "19", "15"]}, {"date": "2023-12-25-05-00-00", "alternatives": ["19", "19", "15"]}, {"date": "2023-12-25-15-00-00", "alternatives": ["181", "18", "18"]}, {"date": "2023-12-25-13-00-00", "alternatives": [1, 9, 19, 19, 19]}, {"date": "2023-12-25-13-00-00", "alternatives": [1, 9, 19, 19, 19]}, {"date": "2023-12-25-13-00-00", "alternatives": [1, 9, 19, 19, 19]}, {"date": "2023-12-25-13-00-00", "alternatives": [1, 9, 19, 19, 19]}, {"date": "2023-12-25-13-00-00", "alternatives": [1, 9, 19, 19, 19]}, {"date": "2023-12-25-13-00-00", "alternatives": [1, 9, 19, 19, 19]}, {"date": "2023-12-25-08-00-00", "alternatives": ["7", "17", "17"]}, {"date": "2023-12-25-08-00-00", "alternatives": ["7", "17", "17"]}, {"date": "2023-12-25-22-00-00", "alternatives": ["30", "30", "4"]}]}, {"location": {"country_code": "ca"}, "game_id": "314852", "values": [{"date": "2023-12-26-00-00-00", "alternatives": ["65", "45", "45"]}, {"date": "2023-12-26-00-00-00", "alternatives": ["65", "45", "45"]}, {"date": "2023-12-25-07-00-00", "alternatives": [1, 52, 52, 1152, 52]}, {"date": "2023-12-25-07-00-00", "alternatives": [1, 52, 52, 1152, 52]}, {"date": "2023-12-25-07-00-00", "alternatives": [1, 52, 52, 1152, 52]}, {"date": "2023-12-25-07-00-00", "alternatives": [1, 52, 52, 1152, 52]}, {"date": "2023-12-25-01-00-00", "alternatives": ["3", "43", "43"]}, {"date": "2023-12-26-00-00-00", "alternatives": ["112", "112", "12"]}, {"date": "2023-12-26-00-00-00", "alternatives": ["112", "112", "12"]}, {"date": "2023-12-26-00-00-00", "alternatives": ["112", "112", "12"]}, {"date": "2023-12-25-03-00-00", "alternatives": [9, 610, 49, 49, 1149, 49]}, {"date": "2023-12-25-03-00-00", "alternatives": [9, 610, 49, 49, 1149, 49]}, {"date": "2023-12-25-03-00-00", "alternatives": [9, 610, 49, 49, 1149, 49]}, {"date": "2023-12-25-03-00-00", "alternatives": [9, 610, 49, 49, 1149, 49]}, {"date": "2023-12-25-03-00-00", "alternatives": [9, 610, 49, 49, 1149, 49]}, {"date": "2023-12-25-03-00-00", "alternatives": [9, 610, 49, 49, 1149, 49]}, {"date": "2023-12-25-03-00-00", "alternatives": [9, 610, 49, 49, 1149, 49]}, {"date": "2023-12-25-03-00-00", "alternatives": [9, 610, 49, 49, 1149, 49]}, {"date": "2023-12-25-03-00-00", "alternatives": [9, 610, 49, 49, 1149, 49]}, {"date": "2023-12-25-03-00-00", "alternatives": [9, 610, 49, 49, 1149, 49]}, {"date": "2023-12-25-03-00-00", "alternatives": [9, 610, 49, 49, 1149, 49]}, {"date": "2023-12-25-03-00-00", "alternatives": [9, 610, 49, 49, 1149, 49]}, {"date": "2023-12-25-03-00-00", "alternatives": [9, 610, 49, 49, 1149, 49]}, {"date": "2023-12-25-03-00-00", "alternatives": [9, 610, 49, 49, 1149, 49]}, {"date": "2023-12-25-03-00-00", "alternatives": [9, 610, 49, 49, 1149, 49]}, {"date": "2023-12-25-11-00-00", "alternatives": [6, 46, 1, 4, 46, 46]}, {"date": "2023-12-25-11-00-00", "alternatives": [6, 46, 1, 4, 46, 46]}, {"date": "2023-12-25-11-00-00", "alternatives": [6, 46, 1, 4, 46, 46]}, {"date": "2023-12-25-11-00-00", "alternatives": [6, 46, 1, 4, 46, 46]}, {"date": "2023-12-25-11-00-00", "alternatives": [6, 46, 1, 4, 46, 46]}, {"date": "2023-12-25-11-00-00", "alternatives": [6, 46, 1, 4, 46, 46]}, {"date": "2023-12-25-11-00-00", "alternatives": [6, 46, 1, 4, 46, 46]}, {"date": "2023-12-25-11-00-00", "alternatives": [6, 46, 1, 4, 46, 46]}, {"date": "2023-12-25-11-00-00", "alternatives": [6, 46, 1, 4, 46, 46]}, {"date": "2023-12-25-11-00-00", "alternatives": [6, 46, 1, 4, 46, 46]}, {"date": "2023-12-25-11-00-00", "alternatives": [6, 46, 1, 4, 46, 46]}, {"date": "2023-12-25-11-00-00", "alternatives": [6, 46, 1, 4, 46, 46]}, {"date": "2023-12-25-11-00-00", "alternatives": [6, 46, 1, 4, 46, 46]}, {"date": "2023-12-25-11-00-00", "alternatives": [6, 46, 1, 4, 46, 46]}, {"date": "2023-12-25-11-00-00", "alternatives": [6, 46, 1, 4, 46, 46]}, {"date": "2023-12-25-11-00-00", "alternatives": [6, 46, 1, 4, 46, 46]}]}, {"location": {"country_code": "ch"}, "game_id": "314852", "values": [{"date": "2023-12-25-22-00-00", "alternatives": ["34", "34", "3"]}, {"date": "2023-12-25-22-00-00", "alternatives": ["34", "34", "3"]}]}, {"location": {"country_code": "de"}, "game_id": "314852", "values": [{"date": "2023-12-25-01-00-00", "alternatives": ["10", "01", "10"]}, {"date": "2023-12-25-16-00-00", "alternatives": ["109", "109", "09"]}, {"date": "2023-12-25-16-00-00", "alternatives": ["109", "109", "09"]}]}, {"location": {"country_code": "tw"}, "game_id": "314852", "values": [{"date": "2023-12-25-16-00-00", "alternatives": [6, 54, 1, 54, 54]}]}, {"location": {"country_code": "cl"}, "game_id": "314852", "values": [{"date": "2023-12-25-04-00-00", "alternatives": ["151", "151", "2"]}, {"date": "2023-12-25-04-00-00", "alternatives": ["151", "151", "2"]}, {"date": "2023-12-25-04-00-00", "alternatives": ["151", "151", "2"]}]}, {"location": {"country_code": "us", "region": "Florida"}, "game_id": "314852", "values": [{"date": "2023-12-25-22-00-00", "alternatives": ["59", "59", "4"]}, {"date": "2023-12-25-22-00-00", "alternatives": ["59", "59", "4"]}, {"date": "2023-12-25-22-00-00", "alternatives": ["59", "59", "4"]}, {"date": "2023-12-25-22-00-00", "alternatives": ["59", "59", "4"]}]}, {"location": {"country_code": "ph"}, "game_id": "314852", "values": [{"date": "2023-12-25-08-00-00", "alternatives": [980015, 8, 98, 981115, 98, 98]}, {"date": "2023-12-25-08-00-00", "alternatives": [980015, 8, 98, 981115, 98, 98]}]}, {"location": {"country_code": "fr"}, "game_id": "314852", "values": [{"date": "2023-12-26-00-00-00", "alternatives": ["34", "1", "34"]}]}, {"location": {"country_code": "us", "region": "New Jersey"}, "game_id": "314852", "values": [{"date": "2023-12-26-00-00-00", "alternatives": [1, 2, 25, 25, 1125, 25]}, {"date": "2023-12-26-00-00-00", "alternatives": [1, 2, 25, 25, 1125, 25]}]}, {"location": {"country_code": "in"}, "game_id": "314852", "values": [{"date": "2023-12-25-16-00-00", "alternatives": ["26", "268", "268"]}]}, {"location": {"country_code": "us", "region": "California"}, "game_id": "314852", "values": [{"date": "2023-12-25-05-00-00", "alternatives": ["26", "26", "40"]}, {"date": "2023-12-25-13-00-00", "alternatives": [1, 89, 9, 89, 189, 89]}, {"date": "2023-12-25-13-00-00", "alternatives": [1, 89, 9, 89, 189, 89]}, {"date": "2023-12-25-13-00-00", "alternatives": [1, 89, 9, 89, 189, 89]}, {"date": "2023-12-25-13-00-00", "alternatives": [1, 89, 9, 89, 189, 89]}, {"date": "2023-12-25-13-00-00", "alternatives": [1, 89, 9, 89, 189, 89]}, {"date": "2023-12-25-11-00-00", "alternatives": ["33", "23", "23"]}, {"date": "2023-12-25-11-00-00", "alternatives": ["33", "23", "23"]}, {"date": "2023-12-25-11-00-00", "alternatives": ["33", "23", "23"]}, {"date": "2023-12-25-11-00-00", "alternatives": ["33", "23", "23"]}]}, {"location": {"country_code": "br"}, "game_id": "314852", "values": [{"date": "2023-12-26-00-00-00", "alternatives": ["137", "137", "4"]}, {"date": "2023-12-26-00-00-00", "alternatives": ["137", "137", "4"]}]}, {"location": {"country_code": "au"}, "game_id": "314852", "values": [{"date": "2023-12-25-14-00-00", "alternatives": ["3", "113", "113"]}]}, {"location": {"country_code": "es", "region": "Madrid", "city": "Parla"}, "game_id": "314852", "values": [{"date": "2023-12-25-14-00-00", "alternatives": [159, 59, 59, 59]}, {"date": "2023-12-25-14-00-00", "alternatives": [159, 59, 59, 59]}, {"date": "2023-12-25-14-00-00", "alternatives": [159, 59, 59, 59]}, {"date": "2023-12-25-14-00-00", "alternatives": [159, 59, 59, 59]}, {"date": "2023-12-25-14-00-00", "alternatives": [159, 59, 59, 59]}]}, {"location": {"country_code": "es", "region": "Castille-La Mancha", "city": "Talavera de la Reina"}, "game_id": "314852", "values": [{"date": "2023-12-25-14-00-00", "alternatives": ["053", "1153", "53"]}, {"date": "2023-12-25-14-00-00", "alternatives": ["053", "1153", "53"]}]}, {"location": {"country_code": "ar"}, "game_id": "314852", "values": [{"date": "2023-12-25-09-00-00", "alternatives": ["1171", "1171", "11171"]}, {"date": "2023-12-25-09-00-00", "alternatives": ["1171", "1171", "11171"]}, {"date": "2023-12-25-09-00-00", "alternatives": ["1171", "1171", "11171"]}, {"date": "2023-12-25-09-00-00", "alternatives": ["1171", "1171", "11171"]}]}, {"location": {"country_code": "us", "region": "Hawaii"}, "game_id": "314852", "values": [{"date": "2023-12-25-04-00-00", "alternatives": [174, 17, 174, 174]}, {"date": "2023-12-25-04-00-00", "alternatives": [174, 17, 174, 174]}, {"date": "2023-12-25-04-00-00", "alternatives": [174, 17, 174, 174]}, {"date": "2023-12-25-04-00-00", "alternatives": [174, 17, 174, 174]}, {"date": "2023-12-25-04-00-00", "alternatives": [174, 17, 174, 174]}, {"date": "2023-12-25-04-00-00", "alternatives": [174, 17, 174, 174]}, {"date": "2023-12-25-04-00-00", "alternatives": [174, 17, 174, 174]}]}, {"location": {"country_code": "ru", "region": "Moscow", "city": "Zelenograd"}, "game_id": "314852", "values": [{"date": "2023-12-26-00-00-00", "alternatives": ["48", "8", "48"]}, {"date": "2023-12-26-00-00-00", "alternatives": ["48", "8", "48"]}]}, {"location": {"country_code": "us", "region": "Texas", "city": "Ennis"}, "game_id": "314852", "values": [{"date": "2023-12-26-01-00-00", "alternatives": ["850", "49", "49"]}]}, {"location": {"country_code": "it", "region": "Emilia-Romagna"}, "game_id": "314852", "values": [{"date": "2023-12-25-06-00-00", "alternatives": ["89", "89", "8"]}]}, {"location": {"country_code": "co"}, "game_id": "314852", "values": [{"date": "2023-12-25-01-00-00", "alternatives": [160, 1160, 160, 160, 1160]}]}, {"location": {"country_code": "at"}, "game_id": "314852", "values": [{"date": "2023-12-25-21-00-00", "alternatives": ["33", "33", "2"]}]}, {"location": {"country_code": "us", "region": "Arizona"}, "game_id": "314852", "values": [{"date": "2023-12-25-02-00-00", "alternatives": [111, 1, 111, 111]}, {"date": "2023-12-25-02-00-00", "alternatives": [111, 1, 111, 111]}, {"date": "2023-12-25-02-00-00", "alternatives": [111, 1, 111, 111]}, {"date": "2023-12-25-02-00-00", "alternatives": [111, 1, 111, 111]}, {"date": "2023-12-25-02-00-00", "alternatives": [111, 1, 111, 111]}, {"date": "2023-12-25-02-00-00", "alternatives": [111, 1, 111, 111]}, {"date": "2023-12-25-02-00-00", "alternatives": [111, 1, 111, 111]}]}, {"location": {"country_code": "gb", "region": "England", "city": "London"}, "game_id": "314852", "values": [{"date": "2023-12-26-00-00-00", "alternatives": [41, 41, 41, 41]}, {"date": "2023-12-26-00-00-00", "alternatives": [41, 41, 41, 41]}, {"date": "2023-12-26-00-00-00", "alternatives": [41, 41, 41, 41]}, {"date": "2023-12-26-00-00-00", "alternatives": [41, 41, 41, 41]}, {"date": "2023-12-26-00-00-00", "alternatives": [41, 41, 41, 41]}]}, {"location": {"country_code": "ua"}, "game_id": "314852", "values": [{"date": "2023-12-25-20-00-00", "alternatives": [46, 146, 46, 146, 46]}, {"date": "2023-12-25-20-00-00", "alternatives": [46, 146, 46, 146, 46]}, {"date": "2023-12-25-20-00-00", "alternatives": [46, 146, 46, 146, 46]}]}, {"location": {"country_code": "sg"}, "game_id": "314852", "values": [{"date": "2023-12-25-17-00-00", "alternatives": ["38", "43", "38"]}, {"date": "2023-12-25-17-00-00", "alternatives": ["38", "43", "38"]}, {"date": "2023-12-25-17-00-00", "alternatives": ["38", "43", "38"]}, {"date": "2023-12-25-04-00-00", "alternatives": ["87", "87", "7"]}, {"date": "2023-12-25-04-00-00", "alternatives": ["87", "87", "7"]}]}, {"location": {"country_code": "my"}, "game_id": "314852", "values": [{"date": "2023-12-25-15-00-00", "alternatives": ["113", "113", "4"]}, {"date": "2023-12-25-15-00-00", "alternatives": ["113", "113", "4"]}, {"date": "2023-12-25-15-00-00", "alternatives": ["113", "113", "4"]}, {"date": "2023-12-25-20-00-00", "alternatives": ["10", "110", "110"]}, {"date": "2023-12-25-20-00-00", "alternatives": ["10", "110", "110"]}]}, {"location": {"country_code": "id"}, "game_id": "314852", "values": [{"date": "2023-12-25-05-00-00", "alternatives": [1121, 121, 12, 121, 121]}, {"date": "2023-12-25-05-00-00", "alternatives": [1121, 121, 12, 121, 121]}, {"date": "2023-12-25-05-00-00", "alternatives": [1121, 121, 12, 121, 121]}, {"date": "2023-12-25-05-00-00", "alternatives": [1121, 121, 12, 121, 121]}, {"date": "2023-12-25-05-00-00", "alternatives": [1121, 121, 12, 121, 121]}, {"date": "2023-12-25-05-00-00", "alternatives": [1121, 121, 12, 121, 121]}, {"date": "2023-12-25-05-00-00", "alternatives": [1121, 121, 12, 121, 121]}, {"date": "2023-12-25-05-00-00", "alternatives": [1121, 121, 12, 121, 121]}, {"date": "2023-12-25-05-00-00", "alternatives": [1121, 121, 12, 121, 121]}, {"date": "2023-12-25-05-00-00", "alternatives": [1121, 121, 12, 121, 121]}, {"date": "2023-12-25-11-00-00", "alternatives": ["237", "237", "37"]}, {"date": "2023-12-25-11-00-00", "alternatives": ["237", "237", "37"]}, {"date": "2023-12-25-11-00-00", "alternatives": ["237", "237", "37"]}, {"date": "2023-12-25-07-00-00", "alternatives": ["112", "112", "12"]}, {"date": "2023-12-25-07-00-00", "alternatives": ["112", "112", "12"]}, {"date": "2023-12-25-07-00-00", "alternatives": ["112", "112", "12"]}, {"date": "2023-12-25-07-00-00", "alternatives": ["112", "112", "12"]}, {"date": "2023-12-25-07-00-00", "alternatives": ["112", "112", "12"]}]}, {"location": {"country_code": "us", "region": "Colorado"}, "game_id": "314852", "values": [{"date": "2023-12-25-02-00-00", "alternatives": ["6", "65", "6"]}, {"date": "2023-12-25-02-00-00", "alternatives": ["6", "65", "6"]}, {"date": "2023-12-25-02-00-00", "alternatives": ["6", "65", "6"]}]}, {"location": {"country_code": "fr", "region": "Aquitania-Limosino-Poitou-Charentes"}, "game_id": "314852", "values": [{"date": "2023-12-25-10-00-00", "alternatives": [2, 92, 2, 92, 92]}, {"date": "2023-12-25-10-00-00", "alternatives": [2, 92, 2, 92, 92]}, {"date": "2023-12-25-10-00-00", "alternatives": [2, 92, 2, 92, 92]}, {"date": "2023-12-25-10-00-00", "alternatives": [2, 92, 2, 92, 92]}]}, {"location": {"country_code": "us", "region": "Maryland"}, "game_id": "314852", "values": [{"date": "2023-12-25-08-00-00", "alternatives": ["2", "2", "1"]}]}, {"location": {"country_code": "us", "region": "Colorado", "city": "Denver"}, "game_id": "314852", "values": [{"date": "2023-12-25-23-00-00", "alternatives": [6, 64, 64, 164, 64]}, {"date": "2023-12-25-23-00-00", "alternatives": [6, 64, 64, 164, 64]}]}, {"location": {"country_code": "ca", "region": "Manitoba", "city": "Winnipeg"}, "game_id": "314852", "values": [{"date": "2023-12-26-00-00-00", "alternatives": ["63", "63", "11"]}]}, {"location": {"country_code": "br", "region": "Espirito Santo", "city": "Guarapari"}, "game_id": "314852", "values": [{"date": "2023-12-25-04-00-00", "alternatives": ["228172", "228172", "278177"]}]}, {"location": {"country_code": "us", "region": "Oregon"}, "game_id": "314852", "values": [{"date": "2023-12-25-13-00-00", "alternatives": [90, 0, 1, 90, 190, 90]}, {"date": "2023-12-25-13-00-00", "alternatives": [90, 0, 1, 90, 190, 90]}]}, {"location": {"country_code": "us", "region": "Louisiana"}, "game_id": "314852", "values": [{"date": "2023-12-25-04-00-00", "alternatives": [5, 65, 45, 65, 65, 65]}, {"date": "2023-12-25-04-00-00", "alternatives": [5, 65, 45, 65, 65, 65]}, {"date": "2023-12-25-04-00-00", "alternatives": [5, 65, 45, 65, 65, 65]}]}, {"location": {"country_code": "br", "region": "Minas Gerais", "city": "Itabirito"}, "game_id": "314852", "values": [{"date": "2023-12-25-19-00-00", "alternatives": [19, 199, 39, 139, 139, 139]}, {"date": "2023-12-25-19-00-00", "alternatives": [19, 199, 39, 139, 139, 139]}]}, {"location": {"country_code": "us", "region": "Texas", "city": "San Antonio"}, "game_id": "314852", "values": [{"date": "2023-12-25-19-00-00", "alternatives": [1, 51, 1, 51, 51]}, {"date": "2023-12-25-19-00-00", "alternatives": [1, 51, 1, 51, 51]}, {"date": "2023-12-25-19-00-00", "alternatives": [1, 51, 1, 51, 51]}, {"date": "2023-12-25-19-00-00", "alternatives": [1, 51, 1, 51, 51]}, {"date": "2023-12-25-19-00-00", "alternatives": [1, 51, 1, 51, 51]}]}, {"location": {"country_code": "mx", "region": "Baja California"}, "game_id": "314852", "values": [{"date": "2023-12-25-14-00-00", "alternatives": [677, 177, 1177, 177, 1177, 177]}, {"date": "2023-12-25-14-00-00", "alternatives": [677, 177, 1177, 177, 1177, 177]}, {"date": "2023-12-25-14-00-00", "alternatives": [677, 177, 1177, 177, 1177, 177]}, {"date": "2023-12-25-14-00-00", "alternatives": [677, 177, 1177, 177, 1177, 177]}, {"date": "2023-12-25-14-00-00", "alternatives": [677, 177, 1177, 177, 1177, 177]}, {"date": "2023-12-25-14-00-00", "alternatives": [677, 177, 1177, 177, 1177, 177]}, {"date": "2023-12-25-14-00-00", "alternatives": [677, 177, 1177, 177, 1177, 177]}]}, {"location": {"country_code": "br", "region": "Parana", "city": "Ponta Grossa"}, "game_id": "314852", "values": [{"date": "2023-12-25-20-00-00", "alternatives": ["136", "136", "11136"]}, {"date": "2023-12-25-20-00-00", "alternatives": ["136", "136", "11136"]}, {"date": "2023-12-25-20-00-00", "alternatives": ["136", "136", "11136"]}, {"date": "2023-12-25-20-00-00", "alternatives": ["136", "136", "11136"]}, {"date": "2023-12-25-20-00-00", "alternatives": ["136", "136", "11136"]}, {"date": "2023-12-25-20-00-00", "alternatives": ["136", "136", "11136"]}, {"date": "2023-12-25-20-00-00", "alternatives": ["136", "136", "11136"]}]}, {"location": {"country_code": "id", "region": "West Java"}, "game_id": "314852", "values": [{"date": "2023-12-25-15-00-00", "alternatives": [111, 1, 111, 111]}, {"date": "2023-12-25-15-00-00", "alternatives": [111, 1, 111, 111]}]}, {"location": {"country_code": "es", "region": "Catalonia", "city": "Lleida"}, "game_id": "314852", "values": [{"date": "2023-12-25-14-00-00", "alternatives": [147, 47, 1147, 14, 1147, 1147]}, {"date": "2023-12-25-14-00-00", "alternatives": [147, 47, 1147, 14, 1147, 1147]}, {"date": "2023-12-25-14-00-00", "alternatives": [147, 47, 1147, 14, 1147, 1147]}]}, {"location": {"country_code": "us", "region": "Texas", "city": "Lubbock"}, "game_id": "314852", "values": [{"date": "2023-12-25-13-00-00", "alternatives": ["172", "72", "72"]}, {"date": "2023-12-25-13-00-00", "alternatives": ["172", "72", "72"]}, {"date": "2023-12-25-13-00-00", "alternatives": ["172", "72", "72"]}, {"date": "2023-12-25-13-00-00", "alternatives": ["172", "72", "72"]}, {"date": "2023-12-25-13-00-00", "alternatives": ["172", "72", "72"]}, {"date": "2023-12-25-13-00-00", "alternatives": ["172", "72", "72"]}, {"date": "2023-12-25-13-00-00", "alternatives": ["172", "72", "72"]}, {"date": "2023-12-25-13-00-00", "alternatives": ["172", "72", "72"]}, {"date": "2023-12-25-13-00-00", "alternatives": ["172", "72", "72"]}]}, {"location": {"country_code": "fr", "region": "Provence-Alpes-Cote d'Azur Region", "city": "Nice"}, "game_id": "314852", "values": [{"date": "2023-12-26-00-00-00", "alternatives": ["1", "32", "32"]}, {"date": "2023-12-26-00-00-00", "alternatives": ["1", "32", "32"]}, {"date": "2023-12-26-00-00-00", "alternatives": ["1", "32", "32"]}, {"date": "2023-12-26-00-00-00", "alternatives": ["1", "32", "32"]}, {"date": "2023-12-26-00-00-00", "alternatives": ["1", "32", "32"]}, {"date": "2023-12-26-00-00-00", "alternatives": ["1", "32", "32"]}, {"date": "2023-12-26-00-00-00", "alternatives": ["1", "32", "32"]}]}, {"location": {"country_code": "us", "region": "West Virginia", "city": "Ravenswood"}, "game_id": "314852", "values": [{"date": "2023-12-25-06-00-00", "alternatives": ["33", "33", "27"]}, {"date": "2023-12-25-06-00-00", "alternatives": ["33", "33", "27"]}, {"date": "2023-12-25-06-00-00", "alternatives": ["33", "33", "27"]}, {"date": "2023-12-25-06-00-00", "alternatives": ["33", "33", "27"]}, {"date": "2023-12-25-06-00-00", "alternatives": ["33", "33", "27"]}, {"date": "2023-12-25-06-00-00", "alternatives": ["33", "33", "27"]}, {"date": "2023-12-25-06-00-00", "alternatives": ["33", "33", "27"]}, {"date": "2023-12-25-06-00-00", "alternatives": ["33", "33", "27"]}]}, {"location": {"country_code": "tm", "region": "Balkan"}, "game_id": "314852", "values": [{"date": "2023-12-25-13-00-00", "alternatives": ["1", "38", "38"]}, {"date": "2023-12-25-13-00-00", "alternatives": ["1", "38", "38"]}, {"date": "2023-12-25-13-00-00", "alternatives": ["1", "38", "38"]}]}, {"location": {"country_code": "es", "region": "Canary Islands", "city": "Telde"}, "game_id": "314852", "values": [{"date": "2023-12-25-16-00-00", "alternatives": ["60", "09", "60"]}, {"date": "2023-12-25-16-00-00", "alternatives": ["60", "09", "60"]}, {"date": "2023-12-25-16-00-00", "alternatives": ["60", "09", "60"]}, {"date": "2023-12-25-16-00-00", "alternatives": ["60", "09", "60"]}, {"date": "2023-12-25-16-00-00", "alternatives": ["60", "09", "60"]}, {"date": "2023-12-25-16-00-00", "alternatives": ["60", "09", "60"]}]}, {"location": {"country_code": "us", "region": "Georgia", "city": "Austell"}, "game_id": "314852", "values": [{"date": "2023-12-25-01-00-00", "alternatives": [4, 34, 34, 34]}, {"date": "2023-12-25-01-00-00", "alternatives": [4, 34, 34, 34]}, {"date": "2023-12-25-01-00-00", "alternatives": [4, 34, 34, 34]}, {"date": "2023-12-25-01-00-00", "alternatives": [4, 34, 34, 34]}, {"date": "2023-12-25-01-00-00", "alternatives": [4, 34, 34, 34]}, {"date": "2023-12-25-01-00-00", "alternatives": [4, 34, 34, 34]}]}, {"location": {"country_code": "ro", "region": "Mures County"}, "game_id": "314852", "values": [{"date": "2023-12-25-22-00-00", "alternatives": ["4", "40", "40"]}, {"date": "2023-12-25-22-00-00", "alternatives": ["4", "40", "40"]}]}, {"location": {"country_code": "ng", "region": "Kebbi", "city": "Tungan Sumaru"}, "game_id": "314852", "values": [{"date": "2023-12-26-00-00-00", "alternatives": ["63", "63", "3"]}]}], "last_updated": 1719918119.676583}