{"data": [{"location": {"country_code": "si"}, "game_id": "970338", "values": [{"date": "2024-01-04-18-00-00", "latency": 54}]}, {"location": {"country_code": "us"}, "game_id": "970338", "values": [{"date": "2024-01-04-19-00-00", "latency": 55}, {"date": "2024-01-04-19-00-00", "latency": 55}]}, {"location": {"country_code": "it"}, "game_id": "970338", "values": [{"date": "2024-01-04-20-00-00", "latency": 4}, {"date": "2024-01-04-20-00-00", "latency": 4}]}, {"location": {"country_code": "se"}, "game_id": "970338", "values": [{"date": "2024-01-05-00-00-00", "latency": 3}]}, {"location": {"country_code": "au"}, "game_id": "970338", "values": [{"date": "2024-01-04-13-00-00", "latency": 28}]}, {"location": {"country_code": "us", "region": "Michigan"}, "game_id": "970338", "values": [{"date": "2024-01-04-11-00-00", "latency": 2}]}, {"location": {"country_code": "es", "region": "Madrid"}, "game_id": "970338", "values": [{"date": "2024-01-04-22-00-00", "latency": 2}]}, {"location": {"country_code": "ru", "region": "Moscow Oblast", "city": "Dolgoprudny"}, "game_id": "970338", "values": [{"date": "2024-01-04-12-00-00", "latency": 7}]}], "last_updated": 1719919344.853114}