{"data": [{"location": {"country_code": "nz"}, "game_id": "135305", "values": [{"date": "2023-03-11-09-00-00", "latency": 238}, {"date": "2023-03-11-09-00-00", "latency": 238}]}, {"location": {"country_code": "us"}, "game_id": "135305", "values": [{"date": "2023-03-11-03-00-00", "latency": 3}, {"date": "2023-03-11-19-00-00", "latency": 1}, {"date": "2023-03-11-23-00-00", "latency": 25}, {"date": "2023-03-11-17-00-00", "latency": 278}, {"date": "2023-03-11-17-00-00", "latency": 278}]}, {"location": {"country_code": "us", "region": "New York", "city": "Jamestown"}, "game_id": "135305", "values": [{"date": "2023-03-11-23-00-00", "latency": 3}]}, {"location": {"country_code": "th"}, "game_id": "135305", "values": [{"date": "2023-03-11-17-00-00", "latency": 10}]}, {"location": {"country_code": "nl"}, "game_id": "135305", "values": [{"date": "2023-03-11-08-00-00", "latency": 9}, {"date": "2023-03-11-08-00-00", "latency": 9}]}, {"location": {"country_code": "za"}, "game_id": "135305", "values": [{"date": "2023-03-11-19-00-00", "latency": 18}]}, {"location": {"country_code": "jp"}, "game_id": "135305", "values": [{"date": "2023-03-11-21-00-00", "latency": 27}, {"date": "2023-03-11-21-00-00", "latency": 27}, {"date": "2023-03-11-21-00-00", "latency": 27}, {"date": "2023-03-11-11-00-00", "latency": 133}, {"date": "2023-03-11-17-00-00", "latency": 2}, {"date": "2023-03-11-17-00-00", "latency": 2}, {"date": "2023-03-11-09-00-00", "latency": 7}, {"date": "2023-03-11-05-00-00", "latency": 7}]}, {"location": {"country_code": "ca"}, "game_id": "135305", "values": [{"date": "2023-03-11-03-00-00", "latency": 2}, {"date": "2023-03-11-16-00-00", "latency": 105}, {"date": "2023-03-11-16-00-00", "latency": 105}, {"date": "2023-03-11-16-00-00", "latency": 105}]}, {"location": {"country_code": "de"}, "game_id": "135305", "values": [{"date": "2023-03-11-19-00-00", "latency": 8}, {"date": "2023-03-11-19-00-00", "latency": 8}, {"date": "2023-03-11-21-00-00", "latency": 6}, {"date": "2023-03-11-02-00-00", "latency": 14}, {"date": "2023-03-11-02-00-00", "latency": 14}, {"date": "2023-03-11-20-00-00", "latency": 1}]}, {"location": {"country_code": "tw"}, "game_id": "135305", "values": [{"date": "2023-03-11-08-00-00", "latency": 40}, {"date": "2023-03-11-08-00-00", "latency": 40}, {"date": "2023-03-11-08-00-00", "latency": 40}, {"date": "2023-03-11-12-00-00", "latency": 42}, {"date": "2023-03-11-12-00-00", "latency": 42}, {"date": "2023-03-11-12-00-00", "latency": 42}, {"date": "2023-03-11-12-00-00", "latency": 42}, {"date": "2023-03-11-05-00-00", "latency": 8}, {"date": "2023-03-11-05-00-00", "latency": 8}, {"date": "2023-03-11-21-00-00", "latency": 14}, {"date": "2023-03-11-21-00-00", "latency": 14}, {"date": "2023-03-11-21-00-00", "latency": 14}, {"date": "2023-03-11-21-00-00", "latency": 14}, {"date": "2023-03-11-21-00-00", "latency": 14}]}, {"location": {"country_code": "gb", "region": "England"}, "game_id": "135305", "values": [{"date": "2023-03-11-19-00-00", "latency": 16}]}, {"location": {"country_code": "cl"}, "game_id": "135305", "values": [{"date": "2023-03-11-22-00-00", "latency": 186}, {"date": "2023-03-11-22-00-00", "latency": 186}, {"date": "2023-03-11-02-00-00", "latency": 30}, {"date": "2023-03-11-03-00-00", "latency": 6}, {"date": "2023-03-11-04-00-00", "latency": 12}]}, {"location": {"country_code": "cl", "region": "Santiago Metropolitan", "city": "Santiago"}, "game_id": "135305", "values": [{"date": "2023-03-11-01-00-00", "latency": 118}]}, {"location": {"country_code": "us", "region": "Texas"}, "game_id": "135305", "values": [{"date": "2023-03-11-11-00-00", "latency": 3}]}, {"location": {"country_code": "au"}, "game_id": "135305", "values": [{"date": "2023-03-11-13-00-00", "latency": 177}, {"date": "2023-03-11-13-00-00", "latency": 177}, {"date": "2023-03-11-13-00-00", "latency": 177}, {"date": "2023-03-11-11-00-00", "latency": 176}]}, {"location": {"country_code": "ph"}, "game_id": "135305", "values": [{"date": "2023-03-11-12-00-00", "latency": 2}, {"date": "2023-03-11-12-00-00", "latency": 2}, {"date": "2023-03-11-18-00-00", "latency": 80}, {"date": "2023-03-11-18-00-00", "latency": 80}, {"date": "2023-03-11-18-00-00", "latency": 80}, {"date": "2023-03-11-18-00-00", "latency": 80}, {"date": "2023-03-11-17-00-00", "latency": 7}, {"date": "2023-03-11-17-00-00", "latency": 7}, {"date": "2023-03-11-07-00-00", "latency": 42}, {"date": "2023-03-11-06-00-00", "latency": 169}, {"date": "2023-03-11-17-00-00", "latency": 1}, {"date": "2023-03-11-13-00-00", "latency": 176}]}, {"location": {"country_code": "mx"}, "game_id": "135305", "values": [{"date": "2023-03-11-06-00-00", "latency": 7}, {"date": "2023-03-11-05-00-00", "latency": 12}, {"date": "2023-03-11-04-00-00", "latency": 36}, {"date": "2023-03-11-04-00-00", "latency": 36}, {"date": "2023-03-11-04-00-00", "latency": 7}, {"date": "2023-03-11-05-00-00", "latency": 0}, {"date": "2023-03-11-05-00-00", "latency": 107}, {"date": "2023-03-11-05-00-00", "latency": 107}, {"date": "2023-03-11-05-00-00", "latency": 107}]}, {"location": {"country_code": "us", "region": "California"}, "game_id": "135305", "values": [{"date": "2023-03-11-09-00-00", "latency": 11}]}, {"location": {"country_code": "us", "region": "California", "city": "San Francisco"}, "game_id": "135305", "values": [{"date": "2023-03-11-09-00-00", "latency": 35}, {"date": "2023-03-11-09-00-00", "latency": 35}]}, {"location": {"country_code": "br"}, "game_id": "135305", "values": [{"date": "2023-03-12-01-00-00", "latency": 14}, {"date": "2023-03-12-01-00-00", "latency": 14}, {"date": "2023-03-12-01-00-00", "latency": 14}, {"date": "2023-03-11-02-00-00", "latency": 19}, {"date": "2023-03-11-02-00-00", "latency": 9}, {"date": "2023-03-11-02-00-00", "latency": 9}, {"date": "2023-03-11-02-00-00", "latency": 9}, {"date": "2023-03-11-02-00-00", "latency": 9}, {"date": "2023-03-11-18-00-00", "latency": 53}, {"date": "2023-03-11-12-00-00", "latency": 14}, {"date": "2023-03-11-12-00-00", "latency": 14}, {"date": "2023-03-11-12-00-00", "latency": 14}, {"date": "2023-03-11-06-00-00", "latency": 14}]}, {"location": {"country_code": "se"}, "game_id": "135305", "values": [{"date": "2023-03-12-00-00-00", "latency": 11}]}, {"location": {"country_code": "ec"}, "game_id": "135305", "values": [{"date": "2023-03-11-10-00-00", "latency": 7}]}, {"location": {"country_code": "es"}, "game_id": "135305", "values": [{"date": "2023-03-11-20-00-00", "latency": 4}]}, {"location": {"country_code": "ar"}, "game_id": "135305", "values": [{"date": "2023-03-11-18-00-00", "latency": 74}]}, {"location": {"country_code": "br", "region": "Maranhao", "city": "Paco do Lumiar"}, "game_id": "135305", "values": [{"date": "2023-03-11-22-00-00", "latency": 106}]}, {"location": {"country_code": "br", "region": "Federal District", "city": "Brasilia"}, "game_id": "135305", "values": [{"date": "2023-03-12-01-00-00", "latency": 13}, {"date": "2023-03-12-01-00-00", "latency": 13}]}, {"location": {"country_code": "us", "region": "Nevada", "city": "Las Vegas"}, "game_id": "135305", "values": [{"date": "2023-03-11-09-00-00", "latency": 8}]}, {"location": {"country_code": "gb", "region": "England", "city": "London"}, "game_id": "135305", "values": [{"date": "2023-03-11-17-00-00", "latency": 3}]}, {"location": {"country_code": "pe"}, "game_id": "135305", "values": [{"date": "2023-03-11-03-00-00", "latency": 19}]}, {"location": {"country_code": "ua"}, "game_id": "135305", "values": [{"date": "2023-03-11-17-00-00", "latency": 92}, {"date": "2023-03-11-17-00-00", "latency": 92}]}, {"location": {"country_code": "sg"}, "game_id": "135305", "values": [{"date": "2023-03-11-11-00-00", "latency": 30}]}, {"location": {"country_code": "my"}, "game_id": "135305", "values": [{"date": "2023-03-11-20-00-00", "latency": 3}, {"date": "2023-03-11-17-00-00", "latency": 3}, {"date": "2023-03-11-16-00-00", "latency": 281}, {"date": "2023-03-11-16-00-00", "latency": 281}, {"date": "2023-03-11-16-00-00", "latency": 281}, {"date": "2023-03-11-16-00-00", "latency": 281}, {"date": "2023-03-11-16-00-00", "latency": 281}, {"date": "2023-03-11-16-00-00", "latency": 281}, {"date": "2023-03-11-16-00-00", "latency": 281}, {"date": "2023-03-11-17-00-00", "latency": 268}, {"date": "2023-03-11-17-00-00", "latency": 268}, {"date": "2023-03-11-17-00-00", "latency": 268}, {"date": "2023-03-11-17-00-00", "latency": 268}, {"date": "2023-03-11-17-00-00", "latency": 268}, {"date": "2023-03-11-17-00-00", "latency": 268}, {"date": "2023-03-11-17-00-00", "latency": 268}, {"date": "2023-03-11-16-00-00", "latency": 2}]}, {"location": {"country_code": "id"}, "game_id": "135305", "values": [{"date": "2023-03-11-11-00-00", "latency": 4}, {"date": "2023-03-11-11-00-00", "latency": 4}, {"date": "2023-03-11-19-00-00", "latency": 7}, {"date": "2023-03-11-12-00-00", "latency": 46}, {"date": "2023-03-11-06-00-00", "latency": 10}, {"date": "2023-03-11-06-00-00", "latency": 10}]}, {"location": {"country_code": "br", "region": "State of Rio de Janeiro", "city": "Angra dos Reis"}, "game_id": "135305", "values": [{"date": "2023-03-11-01-00-00", "latency": 5}]}, {"location": {"country_code": "cn", "region": "Hong Kong"}, "game_id": "135305", "values": [{"date": "2023-03-11-14-00-00", "latency": 46}]}, {"location": {"country_code": "pe", "region": "Lima region", "city": "Lima"}, "game_id": "135305", "values": [{"date": "2023-03-11-02-00-00", "latency": 9}]}, {"location": {"country_code": "ca", "region": "British Columbia", "city": "Richmond"}, "game_id": "135305", "values": [{"date": "2023-03-11-13-00-00", "latency": 69}]}, {"location": {"country_code": "br", "region": "Mato Grosso do Sul", "city": "Campo Grande"}, "game_id": "135305", "values": [{"date": "2023-03-12-01-00-00", "latency": 69}]}, {"location": {"country_code": "br", "region": "Ceara", "city": "Itapipoca"}, "game_id": "135305", "values": [{"date": "2023-03-11-02-00-00", "latency": 9}]}, {"location": {"country_code": "za", "region": "Western Cape", "city": "Cape Town"}, "game_id": "135305", "values": [{"date": "2023-03-11-20-00-00", "latency": 82}]}, {"location": {"country_code": "th", "region": "Bangkok", "city": "Bangkok"}, "game_id": "135305", "values": [{"date": "2023-03-11-15-00-00", "latency": 7}]}, {"location": {"country_code": "mu"}, "game_id": "135305", "values": [{"date": "2023-03-11-16-00-00", "latency": 28}]}, {"location": {"country_code": "br", "region": "Paraiba", "city": "Santa Rita"}, "game_id": "135305", "values": [{"date": "2023-03-11-20-00-00", "latency": 9}, {"date": "2023-03-11-20-00-00", "latency": 9}, {"date": "2023-03-11-20-00-00", "latency": 9}, {"date": "2023-03-11-20-00-00", "latency": 9}]}, {"location": {"country_code": "us", "region": "California", "city": "Moreno Valley"}, "game_id": "135305", "values": [{"date": "2023-03-11-06-00-00", "latency": 8}, {"date": "2023-03-11-06-00-00", "latency": 8}]}, {"location": {"country_code": "br", "region": "Rio Grande do Sul", "city": "Gravatai"}, "game_id": "135305", "values": [{"date": "2023-03-12-00-00-00", "latency": 15}]}, {"location": {"country_code": "es", "region": "Canary Islands", "city": "Telde"}, "game_id": "135305", "values": [{"date": "2023-03-11-16-00-00", "latency": 11}]}, {"location": {"country_code": "fi", "region": "Southwest Finland", "city": "Laitila"}, "game_id": "135305", "values": [{"date": "2023-03-11-23-00-00", "latency": 6}]}, {"location": {"country_code": "id", "region": "East Java", "city": "Surabaya"}, "game_id": "135305", "values": [{"date": "2023-03-11-15-00-00", "latency": 8}, {"date": "2023-03-11-15-00-00", "latency": 8}]}], "last_updated": 1719919346.680977}