{"data": [{"location": {"country_code": "us"}, "game_id": "135305", "values": [{"date": "2022-11-26-07-00-00", "latency": 0}]}, {"location": {"country_code": "gb"}, "game_id": "135305", "values": [{"date": "2022-11-26-21-00-00", "latency": 8}]}, {"location": {"country_code": "th"}, "game_id": "135305", "values": [{"date": "2022-11-26-11-00-00", "latency": 4}, {"date": "2022-11-26-14-00-00", "latency": 11}]}, {"location": {"country_code": "jp"}, "game_id": "135305", "values": [{"date": "2022-11-26-12-00-00", "latency": 4}]}, {"location": {"country_code": "ca"}, "game_id": "135305", "values": [{"date": "2022-11-26-05-00-00", "latency": 7}]}, {"location": {"country_code": "de"}, "game_id": "135305", "values": [{"date": "2022-11-26-08-00-00", "latency": 20}, {"date": "2022-11-26-19-00-00", "latency": 21}, {"date": "2022-11-26-21-00-00", "latency": 6}, {"date": "2022-11-26-21-00-00", "latency": 6}, {"date": "2022-11-26-21-00-00", "latency": 6}, {"date": "2022-11-26-21-00-00", "latency": 6}, {"date": "2022-11-26-21-00-00", "latency": 6}]}, {"location": {"country_code": "tw"}, "game_id": "135305", "values": [{"date": "2022-11-26-18-00-00", "latency": 8}, {"date": "2022-11-26-19-00-00", "latency": 4}]}, {"location": {"country_code": "br", "region": "Parana", "city": "Araucaria"}, "game_id": "135305", "values": [{"date": "2022-11-26-21-00-00", "latency": 1}]}, {"location": {"country_code": "gb", "region": "England"}, "game_id": "135305", "values": [{"date": "2022-11-26-21-00-00", "latency": 43}, {"date": "2022-11-26-10-00-00", "latency": 37}]}, {"location": {"country_code": "gb", "region": "Scotland"}, "game_id": "135305", "values": [{"date": "2022-11-26-13-00-00", "latency": 2}]}, {"location": {"country_code": "cl"}, "game_id": "135305", "values": [{"date": "2022-11-27-01-00-00", "latency": 4}, {"date": "2022-11-27-01-00-00", "latency": 4}]}, {"location": {"country_code": "ph"}, "game_id": "135305", "values": [{"date": "2022-11-26-12-00-00", "latency": 6}, {"date": "2022-11-26-12-00-00", "latency": 6}, {"date": "2022-11-26-08-00-00", "latency": 1}, {"date": "2022-11-26-20-00-00", "latency": 61}, {"date": "2022-11-26-20-00-00", "latency": 61}, {"date": "2022-11-26-20-00-00", "latency": 61}, {"date": "2022-11-26-20-00-00", "latency": 61}]}, {"location": {"country_code": "mx"}, "game_id": "135305", "values": [{"date": "2022-11-26-08-00-00", "latency": 9}]}, {"location": {"country_code": "in"}, "game_id": "135305", "values": [{"date": "2022-11-26-11-00-00", "latency": 50}]}, {"location": {"country_code": "us", "region": "California"}, "game_id": "135305", "values": [{"date": "2022-11-26-07-00-00", "latency": 84}, {"date": "2022-11-26-07-00-00", "latency": 84}, {"date": "2022-11-26-07-00-00", "latency": 84}]}, {"location": {"country_code": "br"}, "game_id": "135305", "values": [{"date": "2022-11-26-20-00-00", "latency": 14}, {"date": "2022-11-26-04-00-00", "latency": 4}, {"date": "2022-11-26-05-00-00", "latency": 16}, {"date": "2022-11-26-22-00-00", "latency": 44}, {"date": "2022-11-26-19-00-00", "latency": 1}, {"date": "2022-11-26-06-00-00", "latency": 57}]}, {"location": {"country_code": "br", "region": "Sao Paulo", "city": "Apiai"}, "game_id": "135305", "values": [{"date": "2022-11-26-19-00-00", "latency": 14}, {"date": "2022-11-26-19-00-00", "latency": 14}]}, {"location": {"country_code": "au"}, "game_id": "135305", "values": [{"date": "2022-11-26-15-00-00", "latency": 2}]}, {"location": {"country_code": "dk"}, "game_id": "135305", "values": [{"date": "2022-11-26-20-00-00", "latency": 24}, {"date": "2022-11-26-20-00-00", "latency": 24}]}, {"location": {"country_code": "es"}, "game_id": "135305", "values": [{"date": "2022-11-26-02-00-00", "latency": 4}]}, {"location": {"country_code": "ar"}, "game_id": "135305", "values": [{"date": "2022-11-26-07-00-00", "latency": 68}, {"date": "2022-11-26-06-00-00", "latency": 32}]}, {"location": {"country_code": "us", "region": "Hawaii"}, "game_id": "135305", "values": [{"date": "2022-11-26-10-00-00", "latency": 14}]}, {"location": {"country_code": "ar", "region": "Buenos Aires F.D.", "city": "Bahia Blanca"}, "game_id": "135305", "values": [{"date": "2022-11-26-11-00-00", "latency": 9}]}, {"location": {"country_code": "pe"}, "game_id": "135305", "values": [{"date": "2022-11-26-17-00-00", "latency": 6}]}, {"location": {"country_code": "ua"}, "game_id": "135305", "values": [{"date": "2022-11-26-19-00-00", "latency": 7}]}, {"location": {"country_code": "sg"}, "game_id": "135305", "values": [{"date": "2022-11-26-14-00-00", "latency": 8}, {"date": "2022-11-26-14-00-00", "latency": 8}]}, {"location": {"country_code": "my"}, "game_id": "135305", "values": [{"date": "2022-11-26-12-00-00", "latency": 8}, {"date": "2022-11-26-12-00-00", "latency": 6}, {"date": "2022-11-26-18-00-00", "latency": 5}]}, {"location": {"country_code": "id"}, "game_id": "135305", "values": [{"date": "2022-11-26-02-00-00", "latency": 2}, {"date": "2022-11-26-14-00-00", "latency": 70}, {"date": "2022-11-26-21-00-00", "latency": 13}]}, {"location": {"country_code": "pt"}, "game_id": "135305", "values": [{"date": "2022-11-26-17-00-00", "latency": 5}, {"date": "2022-11-26-17-00-00", "latency": 5}]}, {"location": {"country_code": "us", "region": "Tennessee"}, "game_id": "135305", "values": [{"date": "2022-11-26-05-00-00", "latency": 79}, {"date": "2022-11-26-05-00-00", "latency": 79}, {"date": "2022-11-26-05-00-00", "latency": 79}, {"date": "2022-11-26-05-00-00", "latency": 79}]}, {"location": {"country_code": "pe", "region": "Lima region", "city": "Lima"}, "game_id": "135305", "values": [{"date": "2022-11-26-05-00-00", "latency": 12}]}, {"location": {"country_code": "ca", "region": "British Columbia", "city": "Richmond"}, "game_id": "135305", "values": [{"date": "2022-11-26-07-00-00", "latency": 30}]}, {"location": {"country_code": "br", "region": "Mato Grosso do Sul", "city": "Campo Grande"}, "game_id": "135305", "values": [{"date": "2022-11-26-03-00-00", "latency": 4}]}, {"location": {"country_code": "gb", "region": "England", "city": "Sheffield"}, "game_id": "135305", "values": [{"date": "2022-11-26-15-00-00", "latency": 229}]}, {"location": {"country_code": "es", "region": "Andalusia", "city": "Marbella"}, "game_id": "135305", "values": [{"date": "2022-11-26-15-00-00", "latency": 4}]}, {"location": {"country_code": "za", "region": "Gauteng"}, "game_id": "135305", "values": [{"date": "2022-11-26-08-00-00", "latency": 55}]}, {"location": {"country_code": "gl"}, "game_id": "135305", "values": [{"date": "2022-11-26-10-00-00", "latency": 9}]}, {"location": {"country_code": "br", "region": "Estado de Bahia", "city": "Juazeiro"}, "game_id": "135305", "values": [{"date": "2022-11-26-16-00-00", "latency": 10}]}], "last_updated": 1719919349.182752}