{"data": [{"location": {"country_code": "us"}, "game_id": "295590", "values": [{"date": "2021-07-04-07-00-00", "latency": 483}]}, {"location": {"country_code": "gb"}, "game_id": "295590", "values": [{"date": "2021-07-04-20-00-00", "latency": 48}]}, {"location": {"country_code": "ro"}, "game_id": "295590", "values": [{"date": "2021-07-04-21-00-00", "latency": 42}, {"date": "2021-07-04-14-00-00", "latency": 210}, {"date": "2021-07-04-14-00-00", "latency": 210}, {"date": "2021-07-04-14-00-00", "latency": 210}, {"date": "2021-07-04-23-00-00", "latency": 83}, {"date": "2021-07-04-23-00-00", "latency": 83}, {"date": "2021-07-04-23-00-00", "latency": 83}]}, {"location": {"country_code": "th"}, "game_id": "295590", "values": [{"date": "2021-07-04-09-00-00", "latency": 163}]}, {"location": {"country_code": "ca"}, "game_id": "295590", "values": [{"date": "2021-07-05-01-00-00", "latency": 118}]}, {"location": {"country_code": "ch"}, "game_id": "295590", "values": [{"date": "2021-07-04-17-00-00", "latency": 131}, {"date": "2021-07-04-17-00-00", "latency": 131}, {"date": "2021-07-04-17-00-00", "latency": 131}, {"date": "2021-07-04-17-00-00", "latency": 131}, {"date": "2021-07-04-17-00-00", "latency": 131}, {"date": "2021-07-04-17-00-00", "latency": 131}, {"date": "2021-07-04-17-00-00", "latency": 131}, {"date": "2021-07-04-17-00-00", "latency": 131}, {"date": "2021-07-04-17-00-00", "latency": 131}, {"date": "2021-07-04-17-00-00", "latency": 131}, {"date": "2021-07-04-17-00-00", "latency": 131}, {"date": "2021-07-04-17-00-00", "latency": 131}, {"date": "2021-07-04-17-00-00", "latency": 131}, {"date": "2021-07-04-17-00-00", "latency": 131}, {"date": "2021-07-04-17-00-00", "latency": 131}, {"date": "2021-07-04-17-00-00", "latency": 131}, {"date": "2021-07-04-17-00-00", "latency": 131}, {"date": "2021-07-04-17-00-00", "latency": 131}, {"date": "2021-07-04-17-00-00", "latency": 131}, {"date": "2021-07-04-17-00-00", "latency": 131}, {"date": "2021-07-04-17-00-00", "latency": 131}, {"date": "2021-07-04-17-00-00", "latency": 131}, {"date": "2021-07-04-17-00-00", "latency": 131}, {"date": "2021-07-04-17-00-00", "latency": 131}, {"date": "2021-07-04-17-00-00", "latency": 131}]}, {"location": {"country_code": "de"}, "game_id": "295590", "values": [{"date": "2021-07-04-18-00-00", "latency": 180}]}, {"location": {"country_code": "gb", "region": "England"}, "game_id": "295590", "values": [{"date": "2021-07-04-02-00-00", "latency": 50}]}, {"location": {"country_code": "cl"}, "game_id": "295590", "values": [{"date": "2021-07-04-08-00-00", "latency": 56}, {"date": "2021-07-04-08-00-00", "latency": 56}, {"date": "2021-07-04-08-00-00", "latency": 56}, {"date": "2021-07-04-08-00-00", "latency": 56}, {"date": "2021-07-04-08-00-00", "latency": 56}, {"date": "2021-07-04-08-00-00", "latency": 56}, {"date": "2021-07-04-08-00-00", "latency": 56}, {"date": "2021-07-04-08-00-00", "latency": 56}, {"date": "2021-07-04-08-00-00", "latency": 56}, {"date": "2021-07-04-08-00-00", "latency": 56}, {"date": "2021-07-04-08-00-00", "latency": 56}, {"date": "2021-07-04-08-00-00", "latency": 56}, {"date": "2021-07-04-08-00-00", "latency": 56}, {"date": "2021-07-04-08-00-00", "latency": 56}, {"date": "2021-07-04-08-00-00", "latency": 56}, {"date": "2021-07-04-08-00-00", "latency": 56}, {"date": "2021-07-04-08-00-00", "latency": 56}, {"date": "2021-07-04-08-00-00", "latency": 56}, {"date": "2021-07-04-08-00-00", "latency": 56}, {"date": "2021-07-04-04-00-00", "latency": 41}, {"date": "2021-07-04-11-00-00", "latency": 613}, {"date": "2021-07-04-11-00-00", "latency": 613}, {"date": "2021-07-04-11-00-00", "latency": 613}, {"date": "2021-07-04-11-00-00", "latency": 613}, {"date": "2021-07-04-11-00-00", "latency": 613}, {"date": "2021-07-04-11-00-00", "latency": 613}, {"date": "2021-07-04-11-00-00", "latency": 613}]}, {"location": {"country_code": "us", "region": "Florida"}, "game_id": "295590", "values": [{"date": "2021-07-04-07-00-00", "latency": 64}]}, {"location": {"country_code": "ph"}, "game_id": "295590", "values": [{"date": "2021-07-04-12-00-00", "latency": 113}, {"date": "2021-07-04-12-00-00", "latency": 113}, {"date": "2021-07-04-12-00-00", "latency": 113}]}, {"location": {"country_code": "fr"}, "game_id": "295590", "values": [{"date": "2021-07-04-22-00-00", "latency": 163}, {"date": "2021-07-04-21-00-00", "latency": 75}]}, {"location": {"country_code": "us", "region": "New Jersey"}, "game_id": "295590", "values": [{"date": "2021-07-05-01-00-00", "latency": 400}]}, {"location": {"country_code": "mx"}, "game_id": "295590", "values": [{"date": "2021-07-05-01-00-00", "latency": 533}, {"date": "2021-07-04-06-00-00", "latency": 563}, {"date": "2021-07-04-03-00-00", "latency": 643}, {"date": "2021-07-04-06-00-00", "latency": 126}, {"date": "2021-07-04-03-00-00", "latency": 95}]}, {"location": {"country_code": "mx", "region": "Mexico City"}, "game_id": "295590", "values": [{"date": "2021-07-05-00-00-00", "latency": 664}, {"date": "2021-07-05-00-00-00", "latency": 664}]}, {"location": {"country_code": "us", "region": "California"}, "game_id": "295590", "values": [{"date": "2021-07-04-12-00-00", "latency": 88}, {"date": "2021-07-04-12-00-00", "latency": 88}, {"date": "2021-07-04-02-00-00", "latency": 744}]}, {"location": {"country_code": "br"}, "game_id": "295590", "values": [{"date": "2021-07-05-01-00-00", "latency": 56}, {"date": "2021-07-04-03-00-00", "latency": 123}, {"date": "2021-07-04-02-00-00", "latency": 133}]}, {"location": {"country_code": "br", "region": "Sao Paulo", "city": "Apiai"}, "game_id": "295590", "values": [{"date": "2021-07-05-02-00-00", "latency": 294}, {"date": "2021-07-05-02-00-00", "latency": 294}, {"date": "2021-07-05-02-00-00", "latency": 294}, {"date": "2021-07-04-09-00-00", "latency": 113}, {"date": "2021-07-04-06-00-00", "latency": 133}]}, {"location": {"country_code": "br", "region": "Santa Catarina"}, "game_id": "295590", "values": [{"date": "2021-07-04-02-00-00", "latency": 151}]}, {"location": {"country_code": "se"}, "game_id": "295590", "values": [{"date": "2021-07-04-21-00-00", "latency": 195}]}, {"location": {"country_code": "no"}, "game_id": "295590", "values": [{"date": "2021-07-04-16-00-00", "latency": 190}]}, {"location": {"country_code": "us", "region": "California", "city": "East Los Angeles"}, "game_id": "295590", "values": [{"date": "2021-07-04-04-00-00", "latency": 654}]}, {"location": {"country_code": "ec"}, "game_id": "295590", "values": [{"date": "2021-07-04-08-00-00", "latency": 91}, {"date": "2021-07-04-08-00-00", "latency": 91}, {"date": "2021-07-04-14-00-00", "latency": 151}, {"date": "2021-07-04-14-00-00", "latency": 151}, {"date": "2021-07-04-14-00-00", "latency": 151}, {"date": "2021-07-04-20-00-00", "latency": 323}]}, {"location": {"country_code": "au"}, "game_id": "295590", "values": [{"date": "2021-07-04-21-00-00", "latency": 354}, {"date": "2021-07-04-21-00-00", "latency": 354}, {"date": "2021-07-04-21-00-00", "latency": 354}, {"date": "2021-07-04-21-00-00", "latency": 354}, {"date": "2021-07-04-10-00-00", "latency": 61}, {"date": "2021-07-04-10-00-00", "latency": 61}, {"date": "2021-07-04-14-00-00", "latency": 283}]}, {"location": {"country_code": "au", "region": "Victoria", "city": "Melbourne"}, "game_id": "295590", "values": [{"date": "2021-07-04-13-00-00", "latency": 38}, {"date": "2021-07-04-13-00-00", "latency": 38}]}, {"location": {"country_code": "ca", "region": "Ontario"}, "game_id": "295590", "values": [{"date": "2021-07-04-07-00-00", "latency": 64}, {"date": "2021-07-04-07-00-00", "latency": 64}, {"date": "2021-07-04-07-00-00", "latency": 64}, {"date": "2021-07-04-07-00-00", "latency": 64}, {"date": "2021-07-04-07-00-00", "latency": 64}, {"date": "2021-07-04-07-00-00", "latency": 64}]}, {"location": {"country_code": "es"}, "game_id": "295590", "values": [{"date": "2021-07-04-19-00-00", "latency": 85}]}, {"location": {"country_code": "ar"}, "game_id": "295590", "values": [{"date": "2021-07-04-09-00-00", "latency": 53}, {"date": "2021-07-04-09-00-00", "latency": 53}, {"date": "2021-07-04-09-00-00", "latency": 53}, {"date": "2021-07-04-08-00-00", "latency": 86}, {"date": "2021-07-04-08-00-00", "latency": 86}, {"date": "2021-07-04-15-00-00", "latency": 78}, {"date": "2021-07-04-04-00-00", "latency": 130}]}, {"location": {"country_code": "fi"}, "game_id": "295590", "values": [{"date": "2021-07-04-14-00-00", "latency": 58}, {"date": "2021-07-04-14-00-00", "latency": 58}]}, {"location": {"country_code": "ar", "region": "Buenos Aires F.D.", "city": "Bahia Blanca"}, "game_id": "295590", "values": [{"date": "2021-07-04-11-00-00", "latency": 67}, {"date": "2021-07-04-11-00-00", "latency": 67}, {"date": "2021-07-04-11-00-00", "latency": 67}, {"date": "2021-07-04-11-00-00", "latency": 67}, {"date": "2021-07-04-11-00-00", "latency": 67}, {"date": "2021-07-04-11-00-00", "latency": 67}, {"date": "2021-07-04-11-00-00", "latency": 67}]}, {"location": {"country_code": "au", "region": "South Australia", "city": "Adelaide"}, "game_id": "295590", "values": [{"date": "2021-07-04-12-00-00", "latency": 413}]}, {"location": {"country_code": "co"}, "game_id": "295590", "values": [{"date": "2021-07-04-06-00-00", "latency": 95}, {"date": "2021-07-04-06-00-00", "latency": 95}, {"date": "2021-07-04-11-00-00", "latency": 138}, {"date": "2021-07-04-11-00-00", "latency": 138}, {"date": "2021-07-04-11-00-00", "latency": 138}, {"date": "2021-07-04-11-00-00", "latency": 138}, {"date": "2021-07-04-11-00-00", "latency": 138}, {"date": "2021-07-04-11-00-00", "latency": 138}, {"date": "2021-07-04-11-00-00", "latency": 138}]}, {"location": {"country_code": "us", "region": "Nevada", "city": "Las Vegas"}, "game_id": "295590", "values": [{"date": "2021-07-04-07-00-00", "latency": 73}]}, {"location": {"country_code": "ca", "region": "Ontario", "city": "Toronto"}, "game_id": "295590", "values": [{"date": "2021-07-04-06-00-00", "latency": 103}, {"date": "2021-07-04-06-00-00", "latency": 103}, {"date": "2021-07-04-06-00-00", "latency": 103}, {"date": "2021-07-04-06-00-00", "latency": 103}, {"date": "2021-07-04-06-00-00", "latency": 103}, {"date": "2021-07-04-06-00-00", "latency": 103}]}, {"location": {"country_code": "br", "region": "Santa Catarina", "city": "Palhoca"}, "game_id": "295590", "values": [{"date": "2021-07-04-04-00-00", "latency": 73}]}, {"location": {"country_code": "cl", "region": "Santiago Metropolitan", "city": "Santiago"}, "game_id": "295590", "values": [{"date": "2021-07-04-07-00-00", "latency": 343}]}, {"location": {"country_code": "pt"}, "game_id": "295590", "values": [{"date": "2021-07-04-22-00-00", "latency": 69}, {"date": "2021-07-04-22-00-00", "latency": 69}]}, {"location": {"country_code": "us", "region": "Colorado"}, "game_id": "295590", "values": [{"date": "2021-07-04-20-00-00", "latency": 49}]}, {"location": {"country_code": "uy"}, "game_id": "295590", "values": [{"date": "2021-07-05-01-00-00", "latency": 254}, {"date": "2021-07-05-01-00-00", "latency": 254}, {"date": "2021-07-05-01-00-00", "latency": 254}]}, {"location": {"country_code": "jp", "region": "Kyoto", "city": "Kyoto"}, "game_id": "295590", "values": [{"date": "2021-07-04-21-00-00", "latency": 444}]}, {"location": {"country_code": "us", "region": "Arizona", "city": "Phoenix"}, "game_id": "295590", "values": [{"date": "2021-07-04-06-00-00", "latency": 72}, {"date": "2021-07-04-06-00-00", "latency": 72}, {"date": "2021-07-04-06-00-00", "latency": 72}, {"date": "2021-07-04-06-00-00", "latency": 72}]}, {"location": {"country_code": "us", "region": "Maryland"}, "game_id": "295590", "values": [{"date": "2021-07-04-19-00-00", "latency": 324}]}, {"location": {"country_code": "ar", "region": "Buenos Aires", "city": "Mar del Plata"}, "game_id": "295590", "values": [{"date": "2021-07-04-06-00-00", "latency": 443}]}, {"location": {"country_code": "pe", "region": "Lima region", "city": "Lima"}, "game_id": "295590", "values": [{"date": "2021-07-04-05-00-00", "latency": 984}, {"date": "2021-07-05-00-00-00", "latency": 134}]}, {"location": {"country_code": "mx", "region": "Jalisco", "city": "Guadalajara"}, "game_id": "295590", "values": [{"date": "2021-07-04-08-00-00", "latency": 640}, {"date": "2021-07-04-06-00-00", "latency": 173}, {"date": "2021-07-04-06-00-00", "latency": 173}]}, {"location": {"country_code": "ar", "region": "Santa Fe Province", "city": "Rosario"}, "game_id": "295590", "values": [{"date": "2021-07-05-02-00-00", "latency": 58}, {"date": "2021-07-05-02-00-00", "latency": 58}, {"date": "2021-07-05-02-00-00", "latency": 58}, {"date": "2021-07-05-02-00-00", "latency": 58}]}, {"location": {"country_code": "br", "region": "Ceara", "city": "Itapipoca"}, "game_id": "295590", "values": [{"date": "2021-07-04-02-00-00", "latency": 122}]}, {"location": {"country_code": "lt"}, "game_id": "295590", "values": [{"date": "2021-07-04-03-00-00", "latency": 122}, {"date": "2021-07-04-03-00-00", "latency": 122}, {"date": "2021-07-04-03-00-00", "latency": 122}, {"date": "2021-07-04-03-00-00", "latency": 122}, {"date": "2021-07-04-03-00-00", "latency": 122}, {"date": "2021-07-04-03-00-00", "latency": 122}]}, {"location": {"country_code": "de", "region": "Rhineland-Palatinate", "city": "Trier"}, "game_id": "295590", "values": [{"date": "2021-07-04-18-00-00", "latency": 190}]}, {"location": {"country_code": "br", "region": "Rio Grande do Norte", "city": "Natal"}, "game_id": "295590", "values": [{"date": "2021-07-04-03-00-00", "latency": 98}, {"date": "2021-07-04-03-00-00", "latency": 98}, {"date": "2021-07-04-03-00-00", "latency": 98}, {"date": "2021-07-04-03-00-00", "latency": 98}]}, {"location": {"country_code": "ec", "region": "Pichincha", "city": "Quito"}, "game_id": "295590", "values": [{"date": "2021-07-04-08-00-00", "latency": 131}]}, {"location": {"country_code": "az"}, "game_id": "295590", "values": [{"date": "2021-07-04-17-00-00", "latency": 108}, {"date": "2021-07-04-17-00-00", "latency": 108}, {"date": "2021-07-04-17-00-00", "latency": 108}, {"date": "2021-07-04-17-00-00", "latency": 108}, {"date": "2021-07-04-17-00-00", "latency": 108}]}, {"location": {"country_code": "us", "region": "Arkansas"}, "game_id": "295590", "values": [{"date": "2021-07-04-04-00-00", "latency": 69}, {"date": "2021-07-04-04-00-00", "latency": 69}, {"date": "2021-07-04-04-00-00", "latency": 69}, {"date": "2021-07-04-04-00-00", "latency": 69}, {"date": "2021-07-04-04-00-00", "latency": 69}]}, {"location": {"country_code": "it", "region": "Veneto"}, "game_id": "295590", "values": [{"date": "2021-07-04-22-00-00", "latency": 414}]}, {"location": {"country_code": "tr", "region": "Ic Anadolu Bolgesi"}, "game_id": "295590", "values": [{"date": "2021-07-04-19-00-00", "latency": 45}, {"date": "2021-07-04-19-00-00", "latency": 45}, {"date": "2021-07-04-19-00-00", "latency": 45}, {"date": "2021-07-04-19-00-00", "latency": 45}]}, {"location": {"country_code": "be", "region": "Brussels Capital", "city": "Brussels"}, "game_id": "295590", "values": [{"date": "2021-07-04-18-00-00", "latency": 65}, {"date": "2021-07-04-18-00-00", "latency": 65}]}, {"location": {"country_code": "fr", "region": "Centre-Val de Loire", "city": "Tours"}, "game_id": "295590", "values": [{"date": "2021-07-04-18-00-00", "latency": 57}]}, {"location": {"country_code": "mx", "region": "San Luis Potosi"}, "game_id": "295590", "values": [{"date": "2021-07-04-08-00-00", "latency": 94}, {"date": "2021-07-04-08-00-00", "latency": 94}, {"date": "2021-07-04-08-00-00", "latency": 94}]}, {"location": {"country_code": "br", "region": "Santa Catarina", "city": "Balneario Camboriu"}, "game_id": "295590", "values": [{"date": "2021-07-04-11-00-00", "latency": 304}]}, {"location": {"country_code": "br", "region": "Sao Paulo", "city": "Guaruja"}, "game_id": "295590", "values": [{"date": "2021-07-04-15-00-00", "latency": 38}]}, {"location": {"country_code": "es", "region": "Catalonia", "city": "Tarragona"}, "game_id": "295590", "values": [{"date": "2021-07-04-17-00-00", "latency": 444}]}, {"location": {"country_code": "gl"}, "game_id": "295590", "values": [{"date": "2021-07-04-22-00-00", "latency": 165}, {"date": "2021-07-04-22-00-00", "latency": 165}, {"date": "2021-07-04-22-00-00", "latency": 165}, {"date": "2021-07-04-22-00-00", "latency": 165}, {"date": "2021-07-04-22-00-00", "latency": 165}, {"date": "2021-07-04-22-00-00", "latency": 165}]}, {"location": {"country_code": "br", "region": "Sao Paulo", "city": "Taubate"}, "game_id": "295590", "values": [{"date": "2021-07-04-03-00-00", "latency": 204}, {"date": "2021-07-04-03-00-00", "latency": 204}]}, {"location": {"country_code": "us", "region": "Northern Mariana Islands", "city": "Capitol Hill"}, "game_id": "295590", "values": [{"date": "2021-07-04-10-00-00", "latency": 513}]}, {"location": {"country_code": "br", "region": "Sao Paulo", "city": "Limeira"}, "game_id": "295590", "values": [{"date": "2021-07-04-21-00-00", "latency": 114}]}, {"location": {"country_code": "br", "region": "Estado de Bahia", "city": "Almadina"}, "game_id": "295590", "values": [{"date": "2021-07-04-03-00-00", "latency": 314}]}, {"location": {"country_code": "ar", "region": "Buenos Aires", "city": "Quilmes"}, "game_id": "295590", "values": [{"date": "2021-07-04-09-00-00", "latency": 44}]}, {"location": {"country_code": "us", "region": "U.S. Virgin Islands"}, "game_id": "295590", "values": [{"date": "2021-07-04-07-00-00", "latency": 62}, {"date": "2021-07-04-02-00-00", "latency": 53}, {"date": "2021-07-04-02-00-00", "latency": 53}]}, {"location": {"country_code": "us", "region": "Texas", "city": "Gainesville"}, "game_id": "295590", "values": [{"date": "2021-07-04-22-00-00", "latency": 66}, {"date": "2021-07-04-22-00-00", "latency": 66}, {"date": "2021-07-04-22-00-00", "latency": 66}, {"date": "2021-07-04-22-00-00", "latency": 66}, {"date": "2021-07-04-22-00-00", "latency": 66}]}, {"location": {"country_code": "us", "region": "Connecticut", "city": "Ansonia"}, "game_id": "295590", "values": [{"date": "2021-07-04-07-00-00", "latency": 60}]}, {"location": {"country_code": "us", "region": "California", "city": "Murrieta"}, "game_id": "295590", "values": [{"date": "2021-07-04-05-00-00", "latency": 88}, {"date": "2021-07-04-05-00-00", "latency": 88}]}], "last_updated": 1719927573.362111}