{"data": [{"location": {"country_code": "si"}, "game_id": "135305", "values": [{"date": "2022-12-15-17-00-00", "latency": 70}, {"date": "2022-12-15-17-00-00", "latency": 70}, {"date": "2022-12-15-17-00-00", "latency": 70}, {"date": "2022-12-15-17-00-00", "latency": 70}, {"date": "2022-12-15-17-00-00", "latency": 70}]}, {"location": {"country_code": "us", "region": "Florida", "city": "Lakeland"}, "game_id": "135305", "values": [{"date": "2022-12-15-17-00-00", "latency": 66}, {"date": "2022-12-15-17-00-00", "latency": 66}]}, {"location": {"country_code": "gb"}, "game_id": "135305", "values": [{"date": "2022-12-15-03-00-00", "latency": 530}, {"date": "2022-12-15-03-00-00", "latency": 530}, {"date": "2022-12-15-03-00-00", "latency": 530}, {"date": "2022-12-15-03-00-00", "latency": 530}, {"date": "2022-12-15-03-00-00", "latency": 530}, {"date": "2022-12-15-03-00-00", "latency": 530}, {"date": "2022-12-15-03-00-00", "latency": 530}, {"date": "2022-12-15-23-00-00", "latency": 52}, {"date": "2022-12-15-23-00-00", "latency": 52}, {"date": "2022-12-15-23-00-00", "latency": 52}]}, {"location": {"country_code": "th"}, "game_id": "135305", "values": [{"date": "2022-12-15-15-00-00", "latency": 126}, {"date": "2022-12-15-15-00-00", "latency": 126}, {"date": "2022-12-15-15-00-00", "latency": 126}, {"date": "2022-12-15-15-00-00", "latency": 126}, {"date": "2022-12-15-15-00-00", "latency": 126}, {"date": "2022-12-15-15-00-00", "latency": 118}]}, {"location": {"country_code": "it"}, "game_id": "135305", "values": [{"date": "2022-12-15-18-00-00", "latency": 60}, {"date": "2022-12-15-18-00-00", "latency": 60}, {"date": "2022-12-15-15-00-00", "latency": 50}]}, {"location": {"country_code": "jp"}, "game_id": "135305", "values": [{"date": "2022-12-15-23-00-00", "latency": 177}, {"date": "2022-12-15-23-00-00", "latency": 177}, {"date": "2022-12-15-13-00-00", "latency": 42}, {"date": "2022-12-15-06-00-00", "latency": 70}, {"date": "2022-12-15-15-00-00", "latency": 68}, {"date": "2022-12-15-15-00-00", "latency": 68}, {"date": "2022-12-15-04-00-00", "latency": 152}, {"date": "2022-12-15-04-00-00", "latency": 152}]}, {"location": {"country_code": "ca"}, "game_id": "135305", "values": [{"date": "2022-12-15-09-00-00", "latency": 77}, {"date": "2022-12-15-08-00-00", "latency": 53}, {"date": "2022-12-15-08-00-00", "latency": 53}]}, {"location": {"country_code": "tw"}, "game_id": "135305", "values": [{"date": "2022-12-15-03-00-00", "latency": 94}, {"date": "2022-12-15-03-00-00", "latency": 94}, {"date": "2022-12-15-03-00-00", "latency": 94}, {"date": "2022-12-15-12-00-00", "latency": 112}, {"date": "2022-12-15-12-00-00", "latency": 112}, {"date": "2022-12-15-12-00-00", "latency": 112}, {"date": "2022-12-15-12-00-00", "latency": 112}, {"date": "2022-12-15-12-00-00", "latency": 112}, {"date": "2022-12-15-12-00-00", "latency": 112}, {"date": "2022-12-15-16-00-00", "latency": 211}, {"date": "2022-12-15-16-00-00", "latency": 84}]}, {"location": {"country_code": "gb", "region": "England"}, "game_id": "135305", "values": [{"date": "2022-12-15-21-00-00", "latency": 92}]}, {"location": {"country_code": "cl"}, "game_id": "135305", "values": [{"date": "2022-12-15-02-00-00", "latency": 147}, {"date": "2022-12-15-02-00-00", "latency": 147}, {"date": "2022-12-15-01-00-00", "latency": 655}, {"date": "2022-12-15-01-00-00", "latency": 655}, {"date": "2022-12-15-01-00-00", "latency": 655}]}, {"location": {"country_code": "ph"}, "game_id": "135305", "values": [{"date": "2022-12-15-17-00-00", "latency": 90}, {"date": "2022-12-15-15-00-00", "latency": 155}, {"date": "2022-12-15-15-00-00", "latency": 155}, {"date": "2022-12-15-15-00-00", "latency": 155}, {"date": "2022-12-15-15-00-00", "latency": 155}, {"date": "2022-12-15-09-00-00", "latency": 106}, {"date": "2022-12-15-09-00-00", "latency": 106}, {"date": "2022-12-15-20-00-00", "latency": 122}, {"date": "2022-12-15-10-00-00", "latency": 175}, {"date": "2022-12-15-19-00-00", "latency": 297}]}, {"location": {"country_code": "fr"}, "game_id": "135305", "values": [{"date": "2022-12-15-21-00-00", "latency": 65}, {"date": "2022-12-15-21-00-00", "latency": 65}, {"date": "2022-12-15-04-00-00", "latency": 65}]}, {"location": {"country_code": "us", "region": "New Jersey"}, "game_id": "135305", "values": [{"date": "2022-12-15-06-00-00", "latency": 163}, {"date": "2022-12-15-06-00-00", "latency": 163}]}, {"location": {"country_code": "mx"}, "game_id": "135305", "values": [{"date": "2022-12-15-08-00-00", "latency": 179}, {"date": "2022-12-15-08-00-00", "latency": 179}, {"date": "2022-12-15-08-00-00", "latency": 179}, {"date": "2022-12-15-07-00-00", "latency": 219}]}, {"location": {"country_code": "mx", "region": "Mexico City"}, "game_id": "135305", "values": [{"date": "2022-12-15-02-00-00", "latency": 105}, {"date": "2022-12-15-02-00-00", "latency": 105}, {"date": "2022-12-15-05-00-00", "latency": 109}]}, {"location": {"country_code": "br"}, "game_id": "135305", "values": [{"date": "2022-12-15-21-00-00", "latency": 140}]}, {"location": {"country_code": "br", "region": "State of Rio de Janeiro", "city": "Angra dos Reis"}, "game_id": "135305", "values": [{"date": "2022-12-15-18-00-00", "latency": 153}, {"date": "2022-12-15-18-00-00", "latency": 153}, {"date": "2022-12-15-18-00-00", "latency": 153}, {"date": "2022-12-15-18-00-00", "latency": 153}]}, {"location": {"country_code": "br", "region": "Sao Paulo", "city": "Apiai"}, "game_id": "135305", "values": [{"date": "2022-12-15-03-00-00", "latency": 157}]}, {"location": {"country_code": "au"}, "game_id": "135305", "values": [{"date": "2022-12-15-11-00-00", "latency": 280}, {"date": "2022-12-15-11-00-00", "latency": 280}, {"date": "2022-12-15-02-00-00", "latency": 268}, {"date": "2022-12-15-11-00-00", "latency": 197}]}, {"location": {"country_code": "es", "region": "Madrid", "city": "Parla"}, "game_id": "135305", "values": [{"date": "2022-12-15-13-00-00", "latency": 56}, {"date": "2022-12-15-13-00-00", "latency": 56}]}, {"location": {"country_code": "es"}, "game_id": "135305", "values": [{"date": "2022-12-15-23-00-00", "latency": 58}, {"date": "2022-12-15-23-00-00", "latency": 58}, {"date": "2022-12-15-23-00-00", "latency": 63}, {"date": "2022-12-15-23-00-00", "latency": 63}, {"date": "2022-12-16-01-00-00", "latency": 118}, {"date": "2022-12-16-01-00-00", "latency": 118}, {"date": "2022-12-16-01-00-00", "latency": 118}, {"date": "2022-12-16-01-00-00", "latency": 118}, {"date": "2022-12-16-01-00-00", "latency": 118}, {"date": "2022-12-16-01-00-00", "latency": 118}, {"date": "2022-12-16-01-00-00", "latency": 118}, {"date": "2022-12-16-01-00-00", "latency": 122}, {"date": "2022-12-16-01-00-00", "latency": 122}, {"date": "2022-12-16-01-00-00", "latency": 122}, {"date": "2022-12-16-01-00-00", "latency": 122}, {"date": "2022-12-15-18-00-00", "latency": 130}, {"date": "2022-12-15-18-00-00", "latency": 130}]}, {"location": {"country_code": "sa"}, "game_id": "135305", "values": [{"date": "2022-12-15-18-00-00", "latency": 157}, {"date": "2022-12-15-18-00-00", "latency": 157}, {"date": "2022-12-15-18-00-00", "latency": 157}, {"date": "2022-12-15-18-00-00", "latency": 157}, {"date": "2022-12-15-18-00-00", "latency": 157}, {"date": "2022-12-15-18-00-00", "latency": 157}, {"date": "2022-12-15-18-00-00", "latency": 157}, {"date": "2022-12-15-09-00-00", "latency": 264}]}, {"location": {"country_code": "ar"}, "game_id": "135305", "values": [{"date": "2022-12-15-02-00-00", "latency": 223}, {"date": "2022-12-15-02-00-00", "latency": 223}, {"date": "2022-12-15-15-00-00", "latency": 230}]}, {"location": {"country_code": "vn"}, "game_id": "135305", "values": [{"date": "2022-12-15-10-00-00", "latency": 121}, {"date": "2022-12-15-10-00-00", "latency": 121}]}, {"location": {"country_code": "es", "region": "Catalonia", "city": "l'Hospitalet de Llobregat"}, "game_id": "135305", "values": [{"date": "2022-12-15-18-00-00", "latency": 167}]}, {"location": {"country_code": "sg"}, "game_id": "135305", "values": [{"date": "2022-12-15-16-00-00", "latency": 113}, {"date": "2022-12-15-16-00-00", "latency": 113}, {"date": "2022-12-15-16-00-00", "latency": 241}, {"date": "2022-12-15-14-00-00", "latency": 140}]}, {"location": {"country_code": "ru"}, "game_id": "135305", "values": [{"date": "2022-12-15-05-00-00", "latency": 201}]}, {"location": {"country_code": "my"}, "game_id": "135305", "values": [{"date": "2022-12-15-17-00-00", "latency": 197}, {"date": "2022-12-15-17-00-00", "latency": 197}, {"date": "2022-12-15-17-00-00", "latency": 197}, {"date": "2022-12-15-15-00-00", "latency": 119}, {"date": "2022-12-15-02-00-00", "latency": 168}, {"date": "2022-12-15-14-00-00", "latency": 131}]}, {"location": {"country_code": "id"}, "game_id": "135305", "values": [{"date": "2022-12-15-16-00-00", "latency": 183}, {"date": "2022-12-15-16-00-00", "latency": 183}, {"date": "2022-12-15-16-00-00", "latency": 183}, {"date": "2022-12-15-17-00-00", "latency": 225}, {"date": "2022-12-15-17-00-00", "latency": 225}, {"date": "2022-12-15-17-00-00", "latency": 225}, {"date": "2022-12-15-17-00-00", "latency": 225}, {"date": "2022-12-15-17-00-00", "latency": 225}, {"date": "2022-12-15-17-00-00", "latency": 225}, {"date": "2022-12-15-17-00-00", "latency": 225}, {"date": "2022-12-15-17-00-00", "latency": 225}, {"date": "2022-12-15-16-00-00", "latency": 113}, {"date": "2022-12-15-16-00-00", "latency": 113}]}, {"location": {"country_code": "fr", "region": "Ile-de-France Region", "city": "Paris"}, "game_id": "135305", "values": [{"date": "2022-12-15-21-00-00", "latency": 29}, {"date": "2022-12-15-21-00-00", "latency": 29}, {"date": "2022-12-15-21-00-00", "latency": 29}, {"date": "2022-12-15-21-00-00", "latency": 29}]}, {"location": {"country_code": "mx", "region": "Tamaulipas"}, "game_id": "135305", "values": [{"date": "2022-12-15-21-00-00", "latency": 178}, {"date": "2022-12-15-21-00-00", "latency": 178}]}, {"location": {"country_code": "br", "region": "Ceara", "city": "Itapipoca"}, "game_id": "135305", "values": [{"date": "2022-12-15-04-00-00", "latency": 185}, {"date": "2022-12-15-04-00-00", "latency": 185}]}, {"location": {"country_code": "ph", "region": "CALABARZON", "city": "Cavite"}, "game_id": "135305", "values": [{"date": "2022-12-15-17-00-00", "latency": 186}, {"date": "2022-12-15-17-00-00", "latency": 186}, {"date": "2022-12-15-17-00-00", "latency": 186}, {"date": "2022-12-15-17-00-00", "latency": 186}]}, {"location": {"country_code": "ma"}, "game_id": "135305", "values": [{"date": "2022-12-16-00-00-00", "latency": 105}, {"date": "2022-12-16-00-00-00", "latency": 105}]}, {"location": {"country_code": "br", "region": "State of Rio de Janeiro", "city": "Campos dos Goytacazes"}, "game_id": "135305", "values": [{"date": "2022-12-15-23-00-00", "latency": 119}]}, {"location": {"country_code": "pl", "region": "Masovian Voivodeship"}, "game_id": "135305", "values": [{"date": "2022-12-15-22-00-00", "latency": 64}, {"date": "2022-12-15-22-00-00", "latency": 64}]}, {"location": {"country_code": "mx", "region": "Oaxaca"}, "game_id": "135305", "values": [{"date": "2022-12-15-05-00-00", "latency": 94}, {"date": "2022-12-15-05-00-00", "latency": 94}, {"date": "2022-12-15-05-00-00", "latency": 94}, {"date": "2022-12-15-05-00-00", "latency": 94}]}, {"location": {"country_code": "es", "region": "Canary Islands", "city": "Telde"}, "game_id": "135305", "values": [{"date": "2022-12-15-16-00-00", "latency": 113}, {"date": "2022-12-15-16-00-00", "latency": 113}]}, {"location": {"country_code": "de", "region": "Rhineland-Palatinate", "city": "Hoheinod"}, "game_id": "135305", "values": [{"date": "2022-12-16-01-00-00", "latency": 48}, {"date": "2022-12-16-01-00-00", "latency": 48}]}], "last_updated": 1719927534.633095}