{"data": [{"location": {"country_code": "si"}, "game_id": "295590", "values": [{"date": "2021-09-02-22-00-00", "latency": 44}]}, {"location": {"country_code": "us"}, "game_id": "295590", "values": [{"date": "2021-09-02-11-00-00", "latency": 527}, {"date": "2021-09-03-01-00-00", "latency": 424}, {"date": "2021-09-02-08-00-00", "latency": 54}, {"date": "2021-09-02-08-00-00", "latency": 54}, {"date": "2021-09-02-08-00-00", "latency": 54}, {"date": "2021-09-02-03-00-00", "latency": 91}, {"date": "2021-09-02-03-00-00", "latency": 91}, {"date": "2021-09-02-03-00-00", "latency": 91}, {"date": "2021-09-02-20-00-00", "latency": 114}, {"date": "2021-09-02-20-00-00", "latency": 114}, {"date": "2021-09-02-20-00-00", "latency": 114}, {"date": "2021-09-02-04-00-00", "latency": 42}, {"date": "2021-09-02-10-00-00", "latency": 99}, {"date": "2021-09-02-10-00-00", "latency": 99}]}, {"location": {"country_code": "us", "region": "Texas"}, "game_id": "295590", "values": [{"date": "2021-09-02-06-00-00", "latency": 81}, {"date": "2021-09-02-18-00-00", "latency": 59}, {"date": "2021-09-02-05-00-00", "latency": 66}, {"date": "2021-09-02-03-00-00", "latency": 70}, {"date": "2021-09-02-03-00-00", "latency": 70}]}, {"location": {"country_code": "au"}, "game_id": "295590", "values": [{"date": "2021-09-02-09-00-00", "latency": 202}, {"date": "2021-09-02-09-00-00", "latency": 202}, {"date": "2021-09-02-09-00-00", "latency": 202}, {"date": "2021-09-02-09-00-00", "latency": 202}, {"date": "2021-09-02-09-00-00", "latency": 202}, {"date": "2021-09-02-09-00-00", "latency": 202}, {"date": "2021-09-02-09-00-00", "latency": 202}, {"date": "2021-09-02-09-00-00", "latency": 202}, {"date": "2021-09-02-09-00-00", "latency": 202}, {"date": "2021-09-02-09-00-00", "latency": 202}, {"date": "2021-09-02-09-00-00", "latency": 202}, {"date": "2021-09-02-09-00-00", "latency": 202}, {"date": "2021-09-02-09-00-00", "latency": 202}, {"date": "2021-09-02-16-00-00", "latency": 28}, {"date": "2021-09-02-16-00-00", "latency": 28}, {"date": "2021-09-02-07-00-00", "latency": 193}, {"date": "2021-09-02-07-00-00", "latency": 193}, {"date": "2021-09-02-16-00-00", "latency": 90}]}, {"location": {"country_code": "us", "region": "New York", "city": "Jamestown"}, "game_id": "295590", "values": [{"date": "2021-09-02-17-00-00", "latency": 374}, {"date": "2021-09-02-17-00-00", "latency": 374}, {"date": "2021-09-02-17-00-00", "latency": 374}, {"date": "2021-09-02-17-00-00", "latency": 374}, {"date": "2021-09-03-02-00-00", "latency": 604}]}, {"location": {"country_code": "gb"}, "game_id": "295590", "values": [{"date": "2021-09-02-22-00-00", "latency": 254}, {"date": "2021-09-03-01-00-00", "latency": 51}, {"date": "2021-09-02-18-00-00", "latency": 66}, {"date": "2021-09-02-18-00-00", "latency": 66}, {"date": "2021-09-02-18-00-00", "latency": 66}, {"date": "2021-09-02-18-00-00", "latency": 66}, {"date": "2021-09-02-17-00-00", "latency": 29}, {"date": "2021-09-02-17-00-00", "latency": 29}, {"date": "2021-09-02-17-00-00", "latency": 29}, {"date": "2021-09-02-17-00-00", "latency": 29}, {"date": "2021-09-02-17-00-00", "latency": 29}, {"date": "2021-09-02-17-00-00", "latency": 29}, {"date": "2021-09-02-21-00-00", "latency": 41}, {"date": "2021-09-02-21-00-00", "latency": 41}, {"date": "2021-09-02-21-00-00", "latency": 41}, {"date": "2021-09-02-21-00-00", "latency": 41}, {"date": "2021-09-02-21-00-00", "latency": 41}, {"date": "2021-09-02-12-00-00", "latency": 674}, {"date": "2021-09-02-12-00-00", "latency": 674}, {"date": "2021-09-02-18-00-00", "latency": 474}]}, {"location": {"country_code": "gb", "region": "England", "city": "Salford"}, "game_id": "295590", "values": [{"date": "2021-09-02-22-00-00", "latency": 54}, {"date": "2021-09-02-22-00-00", "latency": 54}]}, {"location": {"country_code": "gr"}, "game_id": "295590", "values": [{"date": "2021-09-02-19-00-00", "latency": 93}, {"date": "2021-09-02-19-00-00", "latency": 93}, {"date": "2021-09-02-19-00-00", "latency": 93}, {"date": "2021-09-02-19-00-00", "latency": 93}, {"date": "2021-09-02-19-00-00", "latency": 93}]}, {"location": {"country_code": "pa"}, "game_id": "295590", "values": [{"date": "2021-09-02-04-00-00", "latency": 700}, {"date": "2021-09-02-04-00-00", "latency": 700}]}, {"location": {"country_code": "nl"}, "game_id": "295590", "values": [{"date": "2021-09-02-18-00-00", "latency": 45}, {"date": "2021-09-03-01-00-00", "latency": 164}]}, {"location": {"country_code": "it"}, "game_id": "295590", "values": [{"date": "2021-09-02-23-00-00", "latency": 298}, {"date": "2021-09-02-23-00-00", "latency": 298}, {"date": "2021-09-02-23-00-00", "latency": 298}, {"date": "2021-09-02-23-00-00", "latency": 298}, {"date": "2021-09-02-23-00-00", "latency": 298}, {"date": "2021-09-02-23-00-00", "latency": 298}, {"date": "2021-09-02-23-00-00", "latency": 298}, {"date": "2021-09-02-23-00-00", "latency": 298}, {"date": "2021-09-02-23-00-00", "latency": 298}, {"date": "2021-09-02-23-00-00", "latency": 298}, {"date": "2021-09-02-23-00-00", "latency": 298}, {"date": "2021-09-02-23-00-00", "latency": 298}, {"date": "2021-09-02-23-00-00", "latency": 298}, {"date": "2021-09-02-23-00-00", "latency": 298}, {"date": "2021-09-02-22-00-00", "latency": 323}]}, {"location": {"country_code": "jp"}, "game_id": "295590", "values": [{"date": "2021-09-02-18-00-00", "latency": 44}, {"date": "2021-09-02-18-00-00", "latency": 44}, {"date": "2021-09-02-18-00-00", "latency": 44}, {"date": "2021-09-02-18-00-00", "latency": 44}]}, {"location": {"country_code": "ca"}, "game_id": "295590", "values": [{"date": "2021-09-02-06-00-00", "latency": 84}]}, {"location": {"country_code": "ca", "region": "Ontario", "city": "Ottawa"}, "game_id": "295590", "values": [{"date": "2021-09-02-23-00-00", "latency": 49}]}, {"location": {"country_code": "de"}, "game_id": "295590", "values": [{"date": "2021-09-03-00-00-00", "latency": 223}, {"date": "2021-09-03-00-00-00", "latency": 223}, {"date": "2021-09-02-17-00-00", "latency": 34}, {"date": "2021-09-03-01-00-00", "latency": 151}, {"date": "2021-09-03-01-00-00", "latency": 151}, {"date": "2021-09-03-01-00-00", "latency": 151}, {"date": "2021-09-03-01-00-00", "latency": 151}, {"date": "2021-09-03-01-00-00", "latency": 151}, {"date": "2021-09-03-01-00-00", "latency": 151}, {"date": "2021-09-02-22-00-00", "latency": 224}, {"date": "2021-09-02-23-00-00", "latency": 154}, {"date": "2021-09-02-23-00-00", "latency": 154}, {"date": "2021-09-02-23-00-00", "latency": 154}, {"date": "2021-09-02-23-00-00", "latency": 154}, {"date": "2021-09-03-00-00-00", "latency": 72}, {"date": "2021-09-02-03-00-00", "latency": 48}, {"date": "2021-09-02-19-00-00", "latency": 79}]}, {"location": {"country_code": "de", "region": "Bavaria", "city": "Nuremberg"}, "game_id": "295590", "values": [{"date": "2021-09-02-17-00-00", "latency": 224}]}, {"location": {"country_code": "br", "region": "Parana", "city": "Araucaria"}, "game_id": "295590", "values": [{"date": "2021-09-02-03-00-00", "latency": 177}, {"date": "2021-09-02-22-00-00", "latency": 78}, {"date": "2021-09-02-22-00-00", "latency": 78}, {"date": "2021-09-02-22-00-00", "latency": 78}, {"date": "2021-09-02-22-00-00", "latency": 78}, {"date": "2021-09-02-22-00-00", "latency": 78}, {"date": "2021-09-02-22-00-00", "latency": 78}, {"date": "2021-09-02-22-00-00", "latency": 78}, {"date": "2021-09-02-22-00-00", "latency": 78}, {"date": "2021-09-02-22-00-00", "latency": 78}, {"date": "2021-09-02-22-00-00", "latency": 78}]}, {"location": {"country_code": "gb", "region": "England"}, "game_id": "295590", "values": [{"date": "2021-09-02-14-00-00", "latency": 49}, {"date": "2021-09-02-14-00-00", "latency": 49}, {"date": "2021-09-02-21-00-00", "latency": 85}, {"date": "2021-09-02-22-00-00", "latency": 61}, {"date": "2021-09-02-22-00-00", "latency": 61}, {"date": "2021-09-02-22-00-00", "latency": 61}, {"date": "2021-09-02-22-00-00", "latency": 61}, {"date": "2021-09-02-22-00-00", "latency": 61}, {"date": "2021-09-02-22-00-00", "latency": 61}, {"date": "2021-09-02-05-00-00", "latency": 80}]}, {"location": {"country_code": "gb", "region": "Scotland"}, "game_id": "295590", "values": [{"date": "2021-09-03-02-00-00", "latency": 53}]}, {"location": {"country_code": "cl"}, "game_id": "295590", "values": [{"date": "2021-09-02-03-00-00", "latency": 31}]}, {"location": {"country_code": "us", "region": "Florida"}, "game_id": "295590", "values": [{"date": "2021-09-02-06-00-00", "latency": 484}, {"date": "2021-09-03-01-00-00", "latency": 70}, {"date": "2021-09-03-01-00-00", "latency": 70}, {"date": "2021-09-02-19-00-00", "latency": 92}]}, {"location": {"country_code": "fr"}, "game_id": "295590", "values": [{"date": "2021-09-03-00-00-00", "latency": 119}, {"date": "2021-09-03-00-00-00", "latency": 119}, {"date": "2021-09-03-00-00-00", "latency": 119}, {"date": "2021-09-03-00-00-00", "latency": 119}, {"date": "2021-09-03-00-00-00", "latency": 119}, {"date": "2021-09-02-15-00-00", "latency": 37}, {"date": "2021-09-03-00-00-00", "latency": 37}, {"date": "2021-09-03-00-00-00", "latency": 37}]}, {"location": {"country_code": "us", "region": "New Jersey"}, "game_id": "295590", "values": [{"date": "2021-09-03-01-00-00", "latency": 55}, {"date": "2021-09-03-01-00-00", "latency": 55}, {"date": "2021-09-03-02-00-00", "latency": 50}, {"date": "2021-09-03-02-00-00", "latency": 50}, {"date": "2021-09-02-18-00-00", "latency": 56}]}, {"location": {"country_code": "mx"}, "game_id": "295590", "values": [{"date": "2021-09-03-02-00-00", "latency": 80}, {"date": "2021-09-03-01-00-00", "latency": 124}, {"date": "2021-09-02-23-00-00", "latency": 96}, {"date": "2021-09-03-00-00-00", "latency": 91}, {"date": "2021-09-03-00-00-00", "latency": 91}, {"date": "2021-09-03-00-00-00", "latency": 91}, {"date": "2021-09-02-06-00-00", "latency": 315}, {"date": "2021-09-02-03-00-00", "latency": 684}, {"date": "2021-09-02-07-00-00", "latency": 90}, {"date": "2021-09-02-07-00-00", "latency": 90}, {"date": "2021-09-02-07-00-00", "latency": 90}, {"date": "2021-09-02-07-00-00", "latency": 90}, {"date": "2021-09-02-07-00-00", "latency": 90}, {"date": "2021-09-02-07-00-00", "latency": 90}, {"date": "2021-09-02-07-00-00", "latency": 90}, {"date": "2021-09-02-07-00-00", "latency": 90}]}, {"location": {"country_code": "mx", "region": "Mexico City"}, "game_id": "295590", "values": [{"date": "2021-09-02-07-00-00", "latency": 944}]}, {"location": {"country_code": "us", "region": "Ohio"}, "game_id": "295590", "values": [{"date": "2021-09-02-03-00-00", "latency": 64}]}, {"location": {"country_code": "mx", "region": "Nuevo Leon", "city": "Monterrey"}, "game_id": "295590", "values": [{"date": "2021-09-02-05-00-00", "latency": 148}, {"date": "2021-09-02-05-00-00", "latency": 148}, {"date": "2021-09-02-05-00-00", "latency": 148}, {"date": "2021-09-02-05-00-00", "latency": 148}, {"date": "2021-09-02-05-00-00", "latency": 148}, {"date": "2021-09-02-05-00-00", "latency": 148}, {"date": "2021-09-02-05-00-00", "latency": 148}, {"date": "2021-09-02-05-00-00", "latency": 148}, {"date": "2021-09-02-08-00-00", "latency": 76}, {"date": "2021-09-02-08-00-00", "latency": 76}, {"date": "2021-09-02-05-00-00", "latency": 88}]}, {"location": {"country_code": "us", "region": "California"}, "game_id": "295590", "values": [{"date": "2021-09-02-20-00-00", "latency": 733}]}, {"location": {"country_code": "us", "region": "Maryland"}, "game_id": "295590", "values": [{"date": "2021-09-02-10-00-00", "latency": 634}]}, {"location": {"country_code": "br"}, "game_id": "295590", "values": [{"date": "2021-09-03-02-00-00", "latency": 114}, {"date": "2021-09-03-02-00-00", "latency": 114}, {"date": "2021-09-02-20-00-00", "latency": 98}, {"date": "2021-09-02-20-00-00", "latency": 98}, {"date": "2021-09-02-19-00-00", "latency": 53}, {"date": "2021-09-03-00-00-00", "latency": 50}, {"date": "2021-09-03-00-00-00", "latency": 50}, {"date": "2021-09-02-16-00-00", "latency": 45}, {"date": "2021-09-02-03-00-00", "latency": 323}, {"date": "2021-09-03-00-00-00", "latency": 53}, {"date": "2021-09-03-00-00-00", "latency": 473}, {"date": "2021-09-02-17-00-00", "latency": 203}, {"date": "2021-09-02-10-00-00", "latency": 162}, {"date": "2021-09-02-07-00-00", "latency": 94}, {"date": "2021-09-02-07-00-00", "latency": 94}, {"date": "2021-09-02-07-00-00", "latency": 94}, {"date": "2021-09-02-05-00-00", "latency": 283}, {"date": "2021-09-02-05-00-00", "latency": 283}]}, {"location": {"country_code": "br", "region": "Sao Paulo", "city": "Fernandopolis"}, "game_id": "295590", "values": [{"date": "2021-09-02-18-00-00", "latency": 230}]}, {"location": {"country_code": "br", "region": "Sao Paulo", "city": "Apiai"}, "game_id": "295590", "values": [{"date": "2021-09-02-05-00-00", "latency": 22}, {"date": "2021-09-02-05-00-00", "latency": 22}, {"date": "2021-09-02-19-00-00", "latency": 79}, {"date": "2021-09-02-19-00-00", "latency": 79}, {"date": "2021-09-02-19-00-00", "latency": 79}, {"date": "2021-09-02-19-00-00", "latency": 79}, {"date": "2021-09-02-19-00-00", "latency": 79}, {"date": "2021-09-02-19-00-00", "latency": 163}, {"date": "2021-09-02-04-00-00", "latency": 183}, {"date": "2021-09-02-07-00-00", "latency": 494}, {"date": "2021-09-02-11-00-00", "latency": 104}, {"date": "2021-09-02-22-00-00", "latency": 223}, {"date": "2021-09-02-03-00-00", "latency": 113}, {"date": "2021-09-02-03-00-00", "latency": 113}, {"date": "2021-09-02-22-00-00", "latency": 150}]}, {"location": {"country_code": "br", "region": "Sao Paulo", "city": "Buritama"}, "game_id": "295590", "values": [{"date": "2021-09-02-05-00-00", "latency": 163}]}, {"location": {"country_code": "br", "region": "Santa Catarina"}, "game_id": "295590", "values": [{"date": "2021-09-02-16-00-00", "latency": 31}, {"date": "2021-09-02-03-00-00", "latency": 70}, {"date": "2021-09-02-06-00-00", "latency": 23}, {"date": "2021-09-02-02-00-00", "latency": 214}]}, {"location": {"country_code": "br", "region": "Sao Paulo", "city": "Santa Cruz das Palmeiras"}, "game_id": "295590", "values": [{"date": "2021-09-02-23-00-00", "latency": 34}, {"date": "2021-09-02-23-00-00", "latency": 34}, {"date": "2021-09-02-23-00-00", "latency": 34}]}, {"location": {"country_code": "se"}, "game_id": "295590", "values": [{"date": "2021-09-02-18-00-00", "latency": 280}, {"date": "2021-09-03-00-00-00", "latency": 39}, {"date": "2021-09-03-00-00-00", "latency": 39}, {"date": "2021-09-03-00-00-00", "latency": 39}, {"date": "2021-09-03-00-00-00", "latency": 39}, {"date": "2021-09-03-00-00-00", "latency": 39}, {"date": "2021-09-03-00-00-00", "latency": 39}]}, {"location": {"country_code": "no"}, "game_id": "295590", "values": [{"date": "2021-09-02-22-00-00", "latency": 133}]}, {"location": {"country_code": "us", "region": "California", "city": "East Los Angeles"}, "game_id": "295590", "values": [{"date": "2021-09-02-11-00-00", "latency": 484}, {"date": "2021-09-02-08-00-00", "latency": 66}]}, {"location": {"country_code": "au", "region": "Western Australia", "city": "Perth"}, "game_id": "295590", "values": [{"date": "2021-09-02-16-00-00", "latency": 244}, {"date": "2021-09-02-16-00-00", "latency": 244}, {"date": "2021-09-02-16-00-00", "latency": 244}, {"date": "2021-09-02-16-00-00", "latency": 244}, {"date": "2021-09-02-16-00-00", "latency": 244}, {"date": "2021-09-02-16-00-00", "latency": 244}, {"date": "2021-09-02-16-00-00", "latency": 244}, {"date": "2021-09-02-16-00-00", "latency": 244}, {"date": "2021-09-02-16-00-00", "latency": 244}, {"date": "2021-09-02-16-00-00", "latency": 244}, {"date": "2021-09-02-16-00-00", "latency": 244}, {"date": "2021-09-02-16-00-00", "latency": 244}, {"date": "2021-09-02-16-00-00", "latency": 244}, {"date": "2021-09-02-16-00-00", "latency": 244}, {"date": "2021-09-02-16-00-00", "latency": 244}, {"date": "2021-09-02-16-00-00", "latency": 244}, {"date": "2021-09-02-13-00-00", "latency": 113}, {"date": "2021-09-02-13-00-00", "latency": 113}]}, {"location": {"country_code": "au", "region": "Victoria", "city": "Melbourne"}, "game_id": "295590", "values": [{"date": "2021-09-02-15-00-00", "latency": 243}, {"date": "2021-09-02-15-00-00", "latency": 243}]}, {"location": {"country_code": "dk"}, "game_id": "295590", "values": [{"date": "2021-09-02-20-00-00", "latency": 333}]}, {"location": {"country_code": "us", "region": "Iowa"}, "game_id": "295590", "values": [{"date": "2021-09-02-22-00-00", "latency": 333}]}, {"location": {"country_code": "tr"}, "game_id": "295590", "values": [{"date": "2021-09-02-14-00-00", "latency": 300}]}, {"location": {"country_code": "tr", "region": "Ege Bolgesi", "city": "Izmir"}, "game_id": "295590", "values": [{"date": "2021-09-02-23-00-00", "latency": 75}, {"date": "2021-09-02-23-00-00", "latency": 75}, {"date": "2021-09-02-23-00-00", "latency": 75}, {"date": "2021-09-02-23-00-00", "latency": 75}]}, {"location": {"country_code": "es"}, "game_id": "295590", "values": [{"date": "2021-09-02-20-00-00", "latency": 76}, {"date": "2021-09-02-12-00-00", "latency": 76}, {"date": "2021-09-02-04-00-00", "latency": 132}, {"date": "2021-09-02-04-00-00", "latency": 132}]}, {"location": {"country_code": "es", "region": "Murcia", "city": "Cartagena"}, "game_id": "295590", "values": [{"date": "2021-09-02-21-00-00", "latency": 78}, {"date": "2021-09-02-21-00-00", "latency": 78}, {"date": "2021-09-02-21-00-00", "latency": 78}]}, {"location": {"country_code": "es", "region": "Andalusia", "city": "Fernan Nunez"}, "game_id": "295590", "values": [{"date": "2021-09-02-21-00-00", "latency": 44}, {"date": "2021-09-02-21-00-00", "latency": 44}, {"date": "2021-09-02-21-00-00", "latency": 44}]}, {"location": {"country_code": "ar"}, "game_id": "295590", "values": [{"date": "2021-09-03-01-00-00", "latency": 77}, {"date": "2021-09-03-01-00-00", "latency": 77}, {"date": "2021-09-03-01-00-00", "latency": 77}, {"date": "2021-09-02-03-00-00", "latency": 77}, {"date": "2021-09-02-03-00-00", "latency": 77}, {"date": "2021-09-03-01-00-00", "latency": 54}, {"date": "2021-09-02-23-00-00", "latency": 353}]}, {"location": {"country_code": "ar", "region": "Santa Fe Province", "city": "Casilda"}, "game_id": "295590", "values": [{"date": "2021-09-02-16-00-00", "latency": 494}]}, {"location": {"country_code": "bo"}, "game_id": "295590", "values": [{"date": "2021-09-02-17-00-00", "latency": 112}, {"date": "2021-09-02-17-00-00", "latency": 112}, {"date": "2021-09-02-17-00-00", "latency": 112}, {"date": "2021-09-02-17-00-00", "latency": 112}]}, {"location": {"country_code": "bn"}, "game_id": "295590", "values": [{"date": "2021-09-02-19-00-00", "latency": 47}]}, {"location": {"country_code": "fi"}, "game_id": "295590", "values": [{"date": "2021-09-03-00-00-00", "latency": 83}, {"date": "2021-09-03-00-00-00", "latency": 83}, {"date": "2021-09-03-00-00-00", "latency": 83}, {"date": "2021-09-02-22-00-00", "latency": 148}, {"date": "2021-09-02-22-00-00", "latency": 148}, {"date": "2021-09-02-22-00-00", "latency": 148}, {"date": "2021-09-02-22-00-00", "latency": 148}, {"date": "2021-09-02-22-00-00", "latency": 148}, {"date": "2021-09-02-22-00-00", "latency": 148}, {"date": "2021-09-02-22-00-00", "latency": 148}, {"date": "2021-09-02-22-00-00", "latency": 148}, {"date": "2021-09-02-22-00-00", "latency": 148}]}, {"location": {"country_code": "us", "region": "Hawaii"}, "game_id": "295590", "values": [{"date": "2021-09-02-14-00-00", "latency": 133}]}, {"location": {"country_code": "ru", "region": "Moscow", "city": "Zelenograd"}, "game_id": "295590", "values": [{"date": "2021-09-02-21-00-00", "latency": 824}, {"date": "2021-09-02-21-00-00", "latency": 824}]}, {"location": {"country_code": "ar", "region": "Buenos Aires F.D.", "city": "Bahia Blanca"}, "game_id": "295590", "values": [{"date": "2021-09-02-02-00-00", "latency": 84}, {"date": "2021-09-02-20-00-00", "latency": 132}, {"date": "2021-09-02-20-00-00", "latency": 50}, {"date": "2021-09-02-03-00-00", "latency": 72}, {"date": "2021-09-02-13-00-00", "latency": 51}]}, {"location": {"country_code": "us", "region": "Missouri"}, "game_id": "295590", "values": [{"date": "2021-09-03-02-00-00", "latency": 44}, {"date": "2021-09-03-02-00-00", "latency": 44}, {"date": "2021-09-03-02-00-00", "latency": 44}]}, {"location": {"country_code": "us", "region": "Texas", "city": "Houston"}, "game_id": "295590", "values": [{"date": "2021-09-02-22-00-00", "latency": 443}]}, {"location": {"country_code": "us", "region": "South Carolina"}, "game_id": "295590", "values": [{"date": "2021-09-02-21-00-00", "latency": 84}]}, {"location": {"country_code": "us", "region": "Illinois", "city": "Chicago"}, "game_id": "295590", "values": [{"date": "2021-09-02-08-00-00", "latency": 314}, {"date": "2021-09-02-08-00-00", "latency": 314}]}, {"location": {"country_code": "hu"}, "game_id": "295590", "values": [{"date": "2021-09-02-13-00-00", "latency": 74}]}, {"location": {"country_code": "co"}, "game_id": "295590", "values": [{"date": "2021-09-02-05-00-00", "latency": 112}, {"date": "2021-09-03-00-00-00", "latency": 728}]}, {"location": {"country_code": "at"}, "game_id": "295590", "values": [{"date": "2021-09-02-12-00-00", "latency": 703}]}, {"location": {"country_code": "br", "region": "Estado de Bahia", "city": "Salvador"}, "game_id": "295590", "values": [{"date": "2021-09-03-02-00-00", "latency": 58}, {"date": "2021-09-03-02-00-00", "latency": 58}, {"date": "2021-09-03-02-00-00", "latency": 58}, {"date": "2021-09-03-02-00-00", "latency": 58}, {"date": "2021-09-03-02-00-00", "latency": 58}]}, {"location": {"country_code": "ve", "region": "Anzoategui", "city": "Barcelona"}, "game_id": "295590", "values": [{"date": "2021-09-02-22-00-00", "latency": 112}]}, {"location": {"country_code": "es", "region": "Catalonia", "city": "l'Hospitalet de Llobregat"}, "game_id": "295590", "values": [{"date": "2021-09-02-18-00-00", "latency": 403}]}, {"location": {"country_code": "pl", "region": "Kujawsko-Pomorskie Voivodship"}, "game_id": "295590", "values": [{"date": "2021-09-02-18-00-00", "latency": 115}, {"date": "2021-09-02-18-00-00", "latency": 115}, {"date": "2021-09-02-18-00-00", "latency": 115}]}, {"location": {"country_code": "be"}, "game_id": "295590", "values": [{"date": "2021-09-02-22-00-00", "latency": 173}, {"date": "2021-09-02-17-00-00", "latency": 49}]}, {"location": {"country_code": "us", "region": "North Carolina"}, "game_id": "295590", "values": [{"date": "2021-09-02-04-00-00", "latency": 65}, {"date": "2021-09-02-04-00-00", "latency": 65}]}, {"location": {"country_code": "gb", "region": "England", "city": "London"}, "game_id": "295590", "values": [{"date": "2021-09-03-02-00-00", "latency": 29}, {"date": "2021-09-03-02-00-00", "latency": 29}]}, {"location": {"country_code": "us", "region": "Georgia"}, "game_id": "295590", "values": [{"date": "2021-09-02-03-00-00", "latency": 49}]}, {"location": {"country_code": "pe"}, "game_id": "295590", "values": [{"date": "2021-09-02-02-00-00", "latency": 132}, {"date": "2021-09-02-02-00-00", "latency": 132}, {"date": "2021-09-02-02-00-00", "latency": 132}, {"date": "2021-09-02-07-00-00", "latency": 103}, {"date": "2021-09-02-07-00-00", "latency": 103}, {"date": "2021-09-02-07-00-00", "latency": 103}, {"date": "2021-09-02-07-00-00", "latency": 107}, {"date": "2021-09-02-07-00-00", "latency": 107}, {"date": "2021-09-02-07-00-00", "latency": 107}, {"date": "2021-09-02-07-00-00", "latency": 107}, {"date": "2021-09-02-07-00-00", "latency": 107}, {"date": "2021-09-02-07-00-00", "latency": 107}, {"date": "2021-09-02-07-00-00", "latency": 107}, {"date": "2021-09-02-19-00-00", "latency": 100}, {"date": "2021-09-02-19-00-00", "latency": 100}]}, {"location": {"country_code": "sg"}, "game_id": "295590", "values": [{"date": "2021-09-02-19-00-00", "latency": 43}]}, {"location": {"country_code": "tr", "region": "Marmara Bolgesi", "city": "Istanbul"}, "game_id": "295590", "values": [{"date": "2021-09-03-02-00-00", "latency": 65}, {"date": "2021-09-03-02-00-00", "latency": 65}, {"date": "2021-09-03-02-00-00", "latency": 65}]}, {"location": {"country_code": "ca", "region": "Ontario", "city": "Toronto"}, "game_id": "295590", "values": [{"date": "2021-09-02-04-00-00", "latency": 233}, {"date": "2021-09-02-03-00-00", "latency": 113}, {"date": "2021-09-02-03-00-00", "latency": 113}, {"date": "2021-09-02-03-00-00", "latency": 113}, {"date": "2021-09-02-03-00-00", "latency": 113}]}, {"location": {"country_code": "br", "region": "Rio Grande do Sul", "city": "Porto Alegre"}, "game_id": "295590", "values": [{"date": "2021-09-02-05-00-00", "latency": 40}, {"date": "2021-09-02-05-00-00", "latency": 40}, {"date": "2021-09-02-05-00-00", "latency": 40}, {"date": "2021-09-02-05-00-00", "latency": 40}, {"date": "2021-09-02-02-00-00", "latency": 87}, {"date": "2021-09-02-02-00-00", "latency": 87}, {"date": "2021-09-03-01-00-00", "latency": 56}, {"date": "2021-09-03-01-00-00", "latency": 56}]}, {"location": {"country_code": "br", "region": "Santa Catarina", "city": "Palhoca"}, "game_id": "295590", "values": [{"date": "2021-09-02-03-00-00", "latency": 41}]}, {"location": {"country_code": "br", "region": "Pernambuco", "city": "Pombos"}, "game_id": "295590", "values": [{"date": "2021-09-02-08-00-00", "latency": 98}]}, {"location": {"country_code": "cl", "region": "Santiago Metropolitan", "city": "Santiago"}, "game_id": "295590", "values": [{"date": "2021-09-02-05-00-00", "latency": 78}]}, {"location": {"country_code": "br", "region": "Rio Grande do Sul", "city": "Gravatai"}, "game_id": "295590", "values": [{"date": "2021-09-02-22-00-00", "latency": 563}]}, {"location": {"country_code": "pt"}, "game_id": "295590", "values": [{"date": "2021-09-02-17-00-00", "latency": 513}]}, {"location": {"country_code": "us", "region": "Colorado"}, "game_id": "295590", "values": [{"date": "2021-09-02-06-00-00", "latency": 67}, {"date": "2021-09-02-06-00-00", "latency": 67}, {"date": "2021-09-02-06-00-00", "latency": 67}, {"date": "2021-09-02-06-00-00", "latency": 67}, {"date": "2021-09-02-06-00-00", "latency": 67}, {"date": "2021-09-02-22-00-00", "latency": 64}]}, {"location": {"country_code": "br", "region": "State of Rio de Janeiro", "city": "Angra dos Reis"}, "game_id": "295590", "values": [{"date": "2021-09-02-09-00-00", "latency": 213}, {"date": "2021-09-03-02-00-00", "latency": 273}, {"date": "2021-09-02-22-00-00", "latency": 49}, {"date": "2021-09-02-06-00-00", "latency": 735}, {"date": "2021-09-02-02-00-00", "latency": 213}]}, {"location": {"country_code": "es", "region": "Galicia"}, "game_id": "295590", "values": [{"date": "2021-09-02-11-00-00", "latency": 514}]}, {"location": {"country_code": "es", "region": "Andalusia", "city": "Almeria"}, "game_id": "295590", "values": [{"date": "2021-09-03-00-00-00", "latency": 131}]}, {"location": {"country_code": "uy"}, "game_id": "295590", "values": [{"date": "2021-09-02-17-00-00", "latency": 85}, {"date": "2021-09-03-02-00-00", "latency": 224}, {"date": "2021-09-03-02-00-00", "latency": 224}, {"date": "2021-09-03-02-00-00", "latency": 224}, {"date": "2021-09-03-02-00-00", "latency": 224}]}, {"location": {"country_code": "us", "region": "Florida", "city": "Miami"}, "game_id": "295590", "values": [{"date": "2021-09-02-03-00-00", "latency": 74}, {"date": "2021-09-02-03-00-00", "latency": 74}, {"date": "2021-09-02-03-00-00", "latency": 74}]}, {"location": {"country_code": "mx", "region": "Baja California", "city": "Tijuana"}, "game_id": "295590", "values": [{"date": "2021-09-02-10-00-00", "latency": 101}]}, {"location": {"country_code": "fr", "region": "Ile-de-France Region", "city": "Paris"}, "game_id": "295590", "values": [{"date": "2021-09-02-21-00-00", "latency": 88}, {"date": "2021-09-02-16-00-00", "latency": 154}]}, {"location": {"country_code": "fr", "region": "Borgogna-Franca Contea", "city": "Besancon"}, "game_id": "295590", "values": [{"date": "2021-09-03-00-00-00", "latency": 197}, {"date": "2021-09-02-03-00-00", "latency": 35}, {"date": "2021-09-02-03-00-00", "latency": 35}]}, {"location": {"country_code": "tr", "region": "Ege Bolgesi", "city": "Denizli"}, "game_id": "295590", "values": [{"date": "2021-09-02-23-00-00", "latency": 72}, {"date": "2021-09-02-23-00-00", "latency": 72}, {"date": "2021-09-02-23-00-00", "latency": 72}]}, {"location": {"country_code": "kw"}, "game_id": "295590", "values": [{"date": "2021-09-02-07-00-00", "latency": 150}]}, {"location": {"country_code": "us", "region": "Florida", "city": "Orlando"}, "game_id": "295590", "values": [{"date": "2021-09-03-02-00-00", "latency": 98}, {"date": "2021-09-03-02-00-00", "latency": 98}, {"date": "2021-09-03-02-00-00", "latency": 98}, {"date": "2021-09-03-02-00-00", "latency": 98}]}, {"location": {"country_code": "pe", "region": "Lima region", "city": "Lima"}, "game_id": "295590", "values": [{"date": "2021-09-02-02-00-00", "latency": 100}]}, {"location": {"country_code": "ar", "region": "Santa Fe Province", "city": "Rosario"}, "game_id": "295590", "values": [{"date": "2021-09-02-21-00-00", "latency": 543}]}, {"location": {"country_code": "mx", "region": "Tamaulipas"}, "game_id": "295590", "values": [{"date": "2021-09-02-07-00-00", "latency": 81}, {"date": "2021-09-03-00-00-00", "latency": 74}, {"date": "2021-09-03-00-00-00", "latency": 74}, {"date": "2021-09-03-00-00-00", "latency": 74}]}, {"location": {"country_code": "us", "region": "Georgia", "city": "Atlanta"}, "game_id": "295590", "values": [{"date": "2021-09-02-04-00-00", "latency": 354}]}, {"location": {"country_code": "us", "region": "Florida", "city": "Bradenton"}, "game_id": "295590", "values": [{"date": "2021-09-02-03-00-00", "latency": 67}, {"date": "2021-09-02-03-00-00", "latency": 67}, {"date": "2021-09-02-03-00-00", "latency": 67}, {"date": "2021-09-02-03-00-00", "latency": 67}, {"date": "2021-09-02-03-00-00", "latency": 67}, {"date": "2021-09-02-03-00-00", "latency": 67}, {"date": "2021-09-02-03-00-00", "latency": 67}, {"date": "2021-09-02-03-00-00", "latency": 67}, {"date": "2021-09-02-03-00-00", "latency": 67}, {"date": "2021-09-02-03-00-00", "latency": 67}, {"date": "2021-09-02-03-00-00", "latency": 67}, {"date": "2021-09-02-03-00-00", "latency": 67}, {"date": "2021-09-02-03-00-00", "latency": 67}, {"date": "2021-09-02-03-00-00", "latency": 67}, {"date": "2021-09-02-03-00-00", "latency": 67}]}, {"location": {"country_code": "br", "region": "Ceara", "city": "Itapipoca"}, "game_id": "295590", "values": [{"date": "2021-09-02-03-00-00", "latency": 91}]}, {"location": {"country_code": "fr", "region": "Alvernia-Rodano-Alpi", "city": "Lyon"}, "game_id": "295590", "values": [{"date": "2021-09-02-19-00-00", "latency": 85}, {"date": "2021-09-02-17-00-00", "latency": 46}, {"date": "2021-09-02-17-00-00", "latency": 46}, {"date": "2021-09-03-01-00-00", "latency": 233}]}, {"location": {"country_code": "ad"}, "game_id": "295590", "values": [{"date": "2021-09-03-02-00-00", "latency": 363}]}, {"location": {"country_code": "br", "region": "Federal District"}, "game_id": "295590", "values": [{"date": "2021-09-02-07-00-00", "latency": 403}]}, {"location": {"country_code": "de", "region": "North Rhine-Westphalia", "city": "Cologne"}, "game_id": "295590", "values": [{"date": "2021-09-02-18-00-00", "latency": 243}]}, {"location": {"country_code": "br", "region": "State of Rio de Janeiro"}, "game_id": "295590", "values": [{"date": "2021-09-02-18-00-00", "latency": 183}]}, {"location": {"country_code": "ar", "region": "Pampas"}, "game_id": "295590", "values": [{"date": "2021-09-02-20-00-00", "latency": 563}]}, {"location": {"country_code": "ng", "region": "Lagos", "city": "Lagos"}, "game_id": "295590", "values": [{"date": "2021-09-02-19-00-00", "latency": 214}]}, {"location": {"country_code": "pl", "region": "Silesian Voivodeship"}, "game_id": "295590", "values": [{"date": "2021-09-02-23-00-00", "latency": 50}]}, {"location": {"country_code": "ie", "region": "", "city": "Dublin"}, "game_id": "295590", "values": [{"date": "2021-09-02-19-00-00", "latency": 37}, {"date": "2021-09-02-19-00-00", "latency": 37}, {"date": "2021-09-02-19-00-00", "latency": 37}, {"date": "2021-09-02-19-00-00", "latency": 37}]}, {"location": {"country_code": "ca", "region": "Alberta", "city": "Calgary"}, "game_id": "295590", "values": [{"date": "2021-09-02-05-00-00", "latency": 77}, {"date": "2021-09-02-05-00-00", "latency": 77}, {"date": "2021-09-02-05-00-00", "latency": 77}, {"date": "2021-09-02-05-00-00", "latency": 77}]}, {"location": {"country_code": "br", "region": "Sao Paulo", "city": "Guarulhos"}, "game_id": "295590", "values": [{"date": "2021-09-02-09-00-00", "latency": 113}, {"date": "2021-09-02-09-00-00", "latency": 113}, {"date": "2021-09-02-09-00-00", "latency": 113}, {"date": "2021-09-03-00-00-00", "latency": 113}]}, {"location": {"country_code": "us", "region": "Oregon"}, "game_id": "295590", "values": [{"date": "2021-09-03-01-00-00", "latency": 79}]}, {"location": {"country_code": "es", "region": "Murcia", "city": "Lorca"}, "game_id": "295590", "values": [{"date": "2021-09-02-21-00-00", "latency": 494}]}, {"location": {"country_code": "es", "region": "Valencia", "city": "Orihuela"}, "game_id": "295590", "values": [{"date": "2021-09-03-01-00-00", "latency": 195}, {"date": "2021-09-03-01-00-00", "latency": 195}, {"date": "2021-09-03-01-00-00", "latency": 195}]}, {"location": {"country_code": "us", "region": "California", "city": "Whittier"}, "game_id": "295590", "values": [{"date": "2021-09-02-04-00-00", "latency": 101}, {"date": "2021-09-02-04-00-00", "latency": 101}]}, {"location": {"country_code": "br", "region": "Sao Paulo", "city": "Varzea Paulista"}, "game_id": "295590", "values": [{"date": "2021-09-02-15-00-00", "latency": 38}, {"date": "2021-09-02-15-00-00", "latency": 38}, {"date": "2021-09-02-22-00-00", "latency": 770}]}, {"location": {"country_code": "br", "region": "Sao Paulo", "city": "Jaboticabal"}, "game_id": "295590", "values": [{"date": "2021-09-02-21-00-00", "latency": 113}]}, {"location": {"country_code": "us", "region": "Arkansas"}, "game_id": "295590", "values": [{"date": "2021-09-02-02-00-00", "latency": 68}, {"date": "2021-09-02-02-00-00", "latency": 68}, {"date": "2021-09-02-02-00-00", "latency": 68}]}, {"location": {"country_code": "fr", "region": "Centre-Val de Loire"}, "game_id": "295590", "values": [{"date": "2021-09-02-18-00-00", "latency": 223}, {"date": "2021-09-02-18-00-00", "latency": 223}, {"date": "2021-09-02-18-00-00", "latency": 223}]}, {"location": {"country_code": "pt", "region": "Northern Mariana Islands", "city": "Porto"}, "game_id": "295590", "values": [{"date": "2021-09-02-18-00-00", "latency": 433}]}, {"location": {"country_code": "us", "region": "New York", "city": "Buffalo"}, "game_id": "295590", "values": [{"date": "2021-09-02-20-00-00", "latency": 443}]}, {"location": {"country_code": "es", "region": "Valencia", "city": "Gandia"}, "game_id": "295590", "values": [{"date": "2021-09-02-20-00-00", "latency": 433}]}, {"location": {"country_code": "de", "region": "Baden-Wurttemberg", "city": "Stuttgart"}, "game_id": "295590", "values": [{"date": "2021-09-02-19-00-00", "latency": 95}]}, {"location": {"country_code": "br", "region": "Amazonas", "city": "Manaus"}, "game_id": "295590", "values": [{"date": "2021-09-02-03-00-00", "latency": 92}, {"date": "2021-09-02-03-00-00", "latency": 92}, {"date": "2021-09-02-03-00-00", "latency": 92}]}, {"location": {"country_code": "fr", "region": "Provence-Alpes-Cote d'Azur Region", "city": "Aix-en-Provence"}, "game_id": "295590", "values": [{"date": "2021-09-02-22-00-00", "latency": 333}]}, {"location": {"country_code": "br", "region": "Espirito Santo"}, "game_id": "295590", "values": [{"date": "2021-09-02-04-00-00", "latency": 24}]}, {"location": {"country_code": "br", "region": "Para", "city": "Tailandia"}, "game_id": "295590", "values": [{"date": "2021-09-02-23-00-00", "latency": 83}, {"date": "2021-09-02-23-00-00", "latency": 83}, {"date": "2021-09-02-23-00-00", "latency": 83}]}, {"location": {"country_code": "fr", "region": "Normandy", "city": "Caen"}, "game_id": "295590", "values": [{"date": "2021-09-03-02-00-00", "latency": 333}]}, {"location": {"country_code": "de", "region": "Rhineland-Palatinate", "city": "Koblenz"}, "game_id": "295590", "values": [{"date": "2021-09-02-16-00-00", "latency": 363}]}, {"location": {"country_code": "es", "region": "Catalonia"}, "game_id": "295590", "values": [{"date": "2021-09-03-01-00-00", "latency": 69}, {"date": "2021-09-03-01-00-00", "latency": 69}]}, {"location": {"country_code": "za", "region": "Gauteng", "city": "Roodepoort"}, "game_id": "295590", "values": [{"date": "2021-09-02-21-00-00", "latency": 260}]}, {"location": {"country_code": "fr", "region": "Pays de la Loire Region", "city": "Le Mans"}, "game_id": "295590", "values": [{"date": "2021-09-02-19-00-00", "latency": 213}, {"date": "2021-09-02-19-00-00", "latency": 213}]}, {"location": {"country_code": "mx", "region": "Chihuahua"}, "game_id": "295590", "values": [{"date": "2021-09-02-06-00-00", "latency": 104}, {"date": "2021-09-02-06-00-00", "latency": 104}, {"date": "2021-09-02-06-00-00", "latency": 104}, {"date": "2021-09-02-06-00-00", "latency": 104}, {"date": "2021-09-02-06-00-00", "latency": 104}, {"date": "2021-09-02-06-00-00", "latency": 104}, {"date": "2021-09-02-06-00-00", "latency": 104}, {"date": "2021-09-02-06-00-00", "latency": 104}, {"date": "2021-09-02-06-00-00", "latency": 104}, {"date": "2021-09-02-06-00-00", "latency": 104}]}, {"location": {"country_code": "it", "region": "Lombardy", "city": "Milan"}, "game_id": "295590", "values": [{"date": "2021-09-02-22-00-00", "latency": 58}, {"date": "2021-09-02-22-00-00", "latency": 58}, {"date": "2021-09-02-22-00-00", "latency": 58}]}, {"location": {"country_code": "br", "region": "Sao Paulo", "city": "Sao Bernardo do Campo"}, "game_id": "295590", "values": [{"date": "2021-09-02-22-00-00", "latency": 113}]}, {"location": {"country_code": "my", "region": "Sabah", "city": "Kota Kinabalu"}, "game_id": "295590", "values": [{"date": "2021-09-02-17-00-00", "latency": 93}]}, {"location": {"country_code": "ma"}, "game_id": "295590", "values": [{"date": "2021-09-02-22-00-00", "latency": 194}]}, {"location": {"country_code": "es", "region": "Andalusia", "city": "La Linea de la Concepcion"}, "game_id": "295590", "values": [{"date": "2021-09-02-20-00-00", "latency": 51}, {"date": "2021-09-02-20-00-00", "latency": 51}]}, {"location": {"country_code": "br", "region": "Santa Catarina", "city": "Balneario Camboriu"}, "game_id": "295590", "values": [{"date": "2021-09-02-04-00-00", "latency": 27}]}, {"location": {"country_code": "br", "region": "Paraiba", "city": "Santa Rita"}, "game_id": "295590", "values": [{"date": "2021-09-02-18-00-00", "latency": 95}]}, {"location": {"country_code": "us", "region": "Nevada", "city": "Reno"}, "game_id": "295590", "values": [{"date": "2021-09-02-11-00-00", "latency": 733}]}, {"location": {"country_code": "br", "region": "Sao Paulo", "city": "Guaruja"}, "game_id": "295590", "values": [{"date": "2021-09-02-03-00-00", "latency": 39}]}, {"location": {"country_code": "ar", "region": "Mendoza Province"}, "game_id": "295590", "values": [{"date": "2021-09-03-00-00-00", "latency": 45}, {"date": "2021-09-03-00-00-00", "latency": 45}]}, {"location": {"country_code": "br", "region": "Roraima", "city": "Boa Vista"}, "game_id": "295590", "values": [{"date": "2021-09-02-03-00-00", "latency": 104}, {"date": "2021-09-02-03-00-00", "latency": 104}, {"date": "2021-09-02-03-00-00", "latency": 104}]}, {"location": {"country_code": "br", "region": "Santa Catarina", "city": "Brusque"}, "game_id": "295590", "values": [{"date": "2021-09-02-12-00-00", "latency": 46}]}, {"location": {"country_code": "br", "region": "Sao Paulo", "city": "Praia Grande"}, "game_id": "295590", "values": [{"date": "2021-09-03-02-00-00", "latency": 153}, {"date": "2021-09-03-02-00-00", "latency": 153}, {"date": "2021-09-03-02-00-00", "latency": 153}]}, {"location": {"country_code": "br", "region": "Minas Gerais", "city": "Itabira"}, "game_id": "295590", "values": [{"date": "2021-09-03-02-00-00", "latency": 63}]}, {"location": {"country_code": "fr", "region": "Provence-Alpes-Cote d'Azur Region", "city": "Nice"}, "game_id": "295590", "values": [{"date": "2021-09-02-19-00-00", "latency": 49}, {"date": "2021-09-02-19-00-00", "latency": 49}, {"date": "2021-09-02-19-00-00", "latency": 49}]}, {"location": {"country_code": "ru", "region": "Moscow", "city": "Moskovskiy"}, "game_id": "295590", "values": [{"date": "2021-09-02-19-00-00", "latency": 514}]}, {"location": {"country_code": "us", "region": "Kentucky", "city": "Lexington"}, "game_id": "295590", "values": [{"date": "2021-09-02-11-00-00", "latency": 56}]}, {"location": {"country_code": "us", "region": "Iowa", "city": "Storm Lake"}, "game_id": "295590", "values": [{"date": "2021-09-03-01-00-00", "latency": 176}, {"date": "2021-09-03-01-00-00", "latency": 176}]}, {"location": {"country_code": "ro", "region": "Arad County", "city": "Arad"}, "game_id": "295590", "values": [{"date": "2021-09-03-00-00-00", "latency": 64}, {"date": "2021-09-03-00-00-00", "latency": 64}, {"date": "2021-09-03-00-00-00", "latency": 64}, {"date": "2021-09-03-00-00-00", "latency": 64}, {"date": "2021-09-03-00-00-00", "latency": 64}, {"date": "2021-09-03-00-00-00", "latency": 64}]}, {"location": {"country_code": "us", "region": "District of Columbia"}, "game_id": "295590", "values": [{"date": "2021-09-02-09-00-00", "latency": 120}]}, {"location": {"country_code": "pl", "region": "Lesser Poland Voivodeship", "city": "Krakow"}, "game_id": "295590", "values": [{"date": "2021-09-02-15-00-00", "latency": 374}]}, {"location": {"country_code": "de", "region": "North Rhine-Westphalia", "city": "Duisburg"}, "game_id": "295590", "values": [{"date": "2021-09-02-20-00-00", "latency": 57}]}, {"location": {"country_code": "es", "region": "Galicia", "city": "Moana"}, "game_id": "295590", "values": [{"date": "2021-09-02-23-00-00", "latency": 160}, {"date": "2021-09-02-23-00-00", "latency": 160}, {"date": "2021-09-02-23-00-00", "latency": 160}, {"date": "2021-09-02-23-00-00", "latency": 160}, {"date": "2021-09-02-23-00-00", "latency": 160}, {"date": "2021-09-02-23-00-00", "latency": 160}]}, {"location": {"country_code": "es", "region": "Castille and Leon", "city": "Salamanca"}, "game_id": "295590", "values": [{"date": "2021-09-02-20-00-00", "latency": 85}]}, {"location": {"country_code": "pt", "region": "Lisbon District", "city": "Agualva-Cacem"}, "game_id": "295590", "values": [{"date": "2021-09-02-20-00-00", "latency": 444}]}, {"location": {"country_code": "au", "region": "Victoria", "city": "Geelong"}, "game_id": "295590", "values": [{"date": "2021-09-02-13-00-00", "latency": 564}, {"date": "2021-09-02-13-00-00", "latency": 564}]}, {"location": {"country_code": "gb", "region": "England", "city": "Hull"}, "game_id": "295590", "values": [{"date": "2021-09-02-15-00-00", "latency": 184}]}, {"location": {"country_code": "cl", "region": "Valparaiso", "city": "Vina del Mar"}, "game_id": "295590", "values": [{"date": "2021-09-02-21-00-00", "latency": 53}]}, {"location": {"country_code": "us", "region": "California", "city": "Fremont"}, "game_id": "295590", "values": [{"date": "2021-09-02-05-00-00", "latency": 413}]}, {"location": {"country_code": "ru", "region": "Lipetsk Oblast", "city": "Yelets"}, "game_id": "295590", "values": [{"date": "2021-09-02-23-00-00", "latency": 76}]}, {"location": {"country_code": "br", "region": "Pernambuco", "city": "Camaragibe"}, "game_id": "295590", "values": [{"date": "2021-09-02-15-00-00", "latency": 39}]}, {"location": {"country_code": "br", "region": "Sao Paulo", "city": "Ilhabela"}, "game_id": "295590", "values": [{"date": "2021-09-03-01-00-00", "latency": 79}, {"date": "2021-09-03-01-00-00", "latency": 79}, {"date": "2021-09-03-01-00-00", "latency": 79}]}, {"location": {"country_code": "ar", "region": "Buenos Aires", "city": "Florencio Varela"}, "game_id": "295590", "values": [{"date": "2021-09-02-17-00-00", "latency": 73}]}, {"location": {"country_code": "it", "region": "Liguria"}, "game_id": "295590", "values": [{"date": "2021-09-02-18-00-00", "latency": 52}, {"date": "2021-09-02-18-00-00", "latency": 52}, {"date": "2021-09-02-18-00-00", "latency": 52}, {"date": "2021-09-02-18-00-00", "latency": 52}, {"date": "2021-09-02-18-00-00", "latency": 52}, {"date": "2021-09-02-18-00-00", "latency": 52}, {"date": "2021-09-02-18-00-00", "latency": 52}, {"date": "2021-09-02-18-00-00", "latency": 52}, {"date": "2021-09-02-18-00-00", "latency": 52}, {"date": "2021-09-02-18-00-00", "latency": 52}]}, {"location": {"country_code": "us", "region": "Florida", "city": "Marathon"}, "game_id": "295590", "values": [{"date": "2021-09-02-23-00-00", "latency": 74}]}, {"location": {"country_code": "ar", "region": "Buenos Aires", "city": "Villa Adelina"}, "game_id": "295590", "values": [{"date": "2021-09-02-05-00-00", "latency": 403}]}, {"location": {"country_code": "pt", "region": "Viseu District", "city": "Castro Daire"}, "game_id": "295590", "values": [{"date": "2021-09-02-14-00-00", "latency": 41}, {"date": "2021-09-02-14-00-00", "latency": 41}]}, {"location": {"country_code": "nl", "region": "North Brabant", "city": "Helmond"}, "game_id": "295590", "values": [{"date": "2021-09-02-22-00-00", "latency": 61}, {"date": "2021-09-02-22-00-00", "latency": 61}]}, {"location": {"country_code": "cz", "region": "Olomoucky kraj", "city": "Zabreh"}, "game_id": "295590", "values": [{"date": "2021-09-02-20-00-00", "latency": 117}, {"date": "2021-09-02-20-00-00", "latency": 117}, {"date": "2021-09-02-20-00-00", "latency": 117}]}, {"location": {"country_code": "cl", "region": "Biobio", "city": "Contulmo"}, "game_id": "295590", "values": [{"date": "2021-09-02-06-00-00", "latency": 84}]}, {"location": {"country_code": "us", "region": "New York", "city": "Olean"}, "game_id": "295590", "values": [{"date": "2021-09-02-17-00-00", "latency": 544}]}, {"location": {"country_code": "gb", "region": "Wales", "city": "Kidwelly"}, "game_id": "295590", "values": [{"date": "2021-09-02-19-00-00", "latency": 140}, {"date": "2021-09-02-19-00-00", "latency": 140}]}, {"location": {"country_code": "fr", "region": "Nord-Passo di Calais-Piccardia", "city": "Rumegies"}, "game_id": "295590", "values": [{"date": "2021-09-02-15-00-00", "latency": 243}]}, {"location": {"country_code": "au", "region": "New South Wales", "city": "Liverpool"}, "game_id": "295590", "values": [{"date": "2021-09-02-06-00-00", "latency": 31}]}, {"location": {"country_code": "hu", "region": "Fejer", "city": "Lepseny"}, "game_id": "295590", "values": [{"date": "2021-09-02-12-00-00", "latency": 533}]}, {"location": {"country_code": "br", "region": "Parana", "city": "Quedas do Iguacu"}, "game_id": "295590", "values": [{"date": "2021-09-02-16-00-00", "latency": 68}, {"date": "2021-09-02-16-00-00", "latency": 68}]}, {"location": {"country_code": "ar", "region": "Santa Fe Province", "city": "Arroyo Seco"}, "game_id": "295590", "values": [{"date": "2021-09-02-04-00-00", "latency": 96}]}], "last_updated": 1719927544.465516}