{"data": [{"location": {"country_code": "mx", "region": "State of Mexico"}, "game_id": "295590", "values": [{"date": "2021-09-28-04-00-00", "latency": 101}, {"date": "2021-09-28-04-00-00", "latency": 101}]}, {"location": {"country_code": "us"}, "game_id": "295590", "values": [{"date": "2021-09-28-07-00-00", "latency": 68}, {"date": "2021-09-28-07-00-00", "latency": 68}, {"date": "2021-09-28-23-00-00", "latency": 363}, {"date": "2021-09-28-23-00-00", "latency": 363}, {"date": "2021-09-28-07-00-00", "latency": 98}, {"date": "2021-09-28-23-00-00", "latency": 203}, {"date": "2021-09-28-18-00-00", "latency": 128}, {"date": "2021-09-28-18-00-00", "latency": 128}, {"date": "2021-09-28-18-00-00", "latency": 128}, {"date": "2021-09-28-09-00-00", "latency": 70}, {"date": "2021-09-28-09-00-00", "latency": 70}, {"date": "2021-09-28-09-00-00", "latency": 70}, {"date": "2021-09-28-09-00-00", "latency": 70}]}, {"location": {"country_code": "us", "region": "California", "city": "East Los Angeles"}, "game_id": "295590", "values": [{"date": "2021-09-28-07-00-00", "latency": 78}, {"date": "2021-09-28-05-00-00", "latency": 83}, {"date": "2021-09-28-10-00-00", "latency": 90}]}, {"location": {"country_code": "us", "region": "New York", "city": "Jamestown"}, "game_id": "295590", "values": [{"date": "2021-09-29-01-00-00", "latency": 424}, {"date": "2021-09-28-03-00-00", "latency": 37}, {"date": "2021-09-28-02-00-00", "latency": 394}, {"date": "2021-09-29-01-00-00", "latency": 118}]}, {"location": {"country_code": "gb"}, "game_id": "295590", "values": [{"date": "2021-09-29-00-00-00", "latency": 98}, {"date": "2021-09-29-00-00-00", "latency": 98}, {"date": "2021-09-29-00-00-00", "latency": 98}, {"date": "2021-09-29-00-00-00", "latency": 98}, {"date": "2021-09-29-00-00-00", "latency": 98}, {"date": "2021-09-28-13-00-00", "latency": 27}, {"date": "2021-09-28-13-00-00", "latency": 27}, {"date": "2021-09-28-13-00-00", "latency": 27}, {"date": "2021-09-28-23-00-00", "latency": 116}]}, {"location": {"country_code": "pa"}, "game_id": "295590", "values": [{"date": "2021-09-28-21-00-00", "latency": 713}]}, {"location": {"country_code": "nl"}, "game_id": "295590", "values": [{"date": "2021-09-28-23-00-00", "latency": 100}]}, {"location": {"country_code": "cz"}, "game_id": "295590", "values": [{"date": "2021-09-28-22-00-00", "latency": 70}, {"date": "2021-09-28-22-00-00", "latency": 70}, {"date": "2021-09-28-22-00-00", "latency": 70}, {"date": "2021-09-28-22-00-00", "latency": 70}, {"date": "2021-09-28-22-00-00", "latency": 70}, {"date": "2021-09-28-22-00-00", "latency": 70}, {"date": "2021-09-28-22-00-00", "latency": 70}, {"date": "2021-09-28-22-00-00", "latency": 70}, {"date": "2021-09-28-22-00-00", "latency": 70}, {"date": "2021-09-28-22-00-00", "latency": 70}, {"date": "2021-09-28-19-00-00", "latency": 424}, {"date": "2021-09-28-19-00-00", "latency": 424}]}, {"location": {"country_code": "it"}, "game_id": "295590", "values": [{"date": "2021-09-28-21-00-00", "latency": 270}, {"date": "2021-09-28-21-00-00", "latency": 270}, {"date": "2021-09-28-21-00-00", "latency": 270}, {"date": "2021-09-28-21-00-00", "latency": 270}, {"date": "2021-09-28-21-00-00", "latency": 270}, {"date": "2021-09-28-21-00-00", "latency": 270}]}, {"location": {"country_code": "ro"}, "game_id": "295590", "values": [{"date": "2021-09-28-22-00-00", "latency": 413}]}, {"location": {"country_code": "jp", "region": "Okinawa"}, "game_id": "295590", "values": [{"date": "2021-09-28-16-00-00", "latency": 302}, {"date": "2021-09-28-16-00-00", "latency": 302}]}, {"location": {"country_code": "ca"}, "game_id": "295590", "values": [{"date": "2021-09-28-11-00-00", "latency": 151}, {"date": "2021-09-28-11-00-00", "latency": 151}, {"date": "2021-09-28-11-00-00", "latency": 151}, {"date": "2021-09-28-11-00-00", "latency": 151}, {"date": "2021-09-28-11-00-00", "latency": 94}, {"date": "2021-09-28-11-00-00", "latency": 94}, {"date": "2021-09-28-11-00-00", "latency": 94}, {"date": "2021-09-28-11-00-00", "latency": 94}, {"date": "2021-09-28-08-00-00", "latency": 66}, {"date": "2021-09-28-22-00-00", "latency": 44}]}, {"location": {"country_code": "de"}, "game_id": "295590", "values": [{"date": "2021-09-28-23-00-00", "latency": 48}, {"date": "2021-09-28-23-00-00", "latency": 48}, {"date": "2021-09-28-12-00-00", "latency": 40}, {"date": "2021-09-28-13-00-00", "latency": 264}, {"date": "2021-09-28-19-00-00", "latency": 84}]}, {"location": {"country_code": "tw"}, "game_id": "295590", "values": [{"date": "2021-09-28-12-00-00", "latency": 135}]}, {"location": {"country_code": "br", "region": "Parana", "city": "Araucaria"}, "game_id": "295590", "values": [{"date": "2021-09-28-23-00-00", "latency": 183}]}, {"location": {"country_code": "us", "region": "Indiana"}, "game_id": "295590", "values": [{"date": "2021-09-28-22-00-00", "latency": 60}]}, {"location": {"country_code": "gb", "region": "England"}, "game_id": "295590", "values": [{"date": "2021-09-28-12-00-00", "latency": 45}]}, {"location": {"country_code": "cl"}, "game_id": "295590", "values": [{"date": "2021-09-28-03-00-00", "latency": 113}, {"date": "2021-09-29-02-00-00", "latency": 113}, {"date": "2021-09-28-03-00-00", "latency": 101}, {"date": "2021-09-28-03-00-00", "latency": 101}, {"date": "2021-09-28-03-00-00", "latency": 101}, {"date": "2021-09-28-03-00-00", "latency": 101}, {"date": "2021-09-28-03-00-00", "latency": 101}, {"date": "2021-09-28-03-00-00", "latency": 101}, {"date": "2021-09-28-03-00-00", "latency": 101}, {"date": "2021-09-28-03-00-00", "latency": 101}, {"date": "2021-09-28-03-00-00", "latency": 101}]}, {"location": {"country_code": "us", "region": "Texas"}, "game_id": "295590", "values": [{"date": "2021-09-28-22-00-00", "latency": 43}, {"date": "2021-09-28-22-00-00", "latency": 43}, {"date": "2021-09-28-22-00-00", "latency": 43}, {"date": "2021-09-28-22-00-00", "latency": 43}, {"date": "2021-09-28-22-00-00", "latency": 43}, {"date": "2021-09-28-22-00-00", "latency": 43}, {"date": "2021-09-28-22-00-00", "latency": 43}, {"date": "2021-09-28-22-00-00", "latency": 43}, {"date": "2021-09-28-22-00-00", "latency": 43}, {"date": "2021-09-28-22-00-00", "latency": 43}, {"date": "2021-09-28-22-00-00", "latency": 43}, {"date": "2021-09-28-21-00-00", "latency": 146}, {"date": "2021-09-28-11-00-00", "latency": 54}]}, {"location": {"country_code": "au", "region": "New South Wales", "city": "Sydney"}, "game_id": "295590", "values": [{"date": "2021-09-28-08-00-00", "latency": 124}, {"date": "2021-09-28-04-00-00", "latency": 203}, {"date": "2021-09-28-08-00-00", "latency": 27}, {"date": "2021-09-28-08-00-00", "latency": 27}, {"date": "2021-09-28-08-00-00", "latency": 27}]}, {"location": {"country_code": "us", "region": "Florida"}, "game_id": "295590", "values": [{"date": "2021-09-28-22-00-00", "latency": 83}, {"date": "2021-09-28-22-00-00", "latency": 83}, {"date": "2021-09-28-22-00-00", "latency": 83}]}, {"location": {"country_code": "fr"}, "game_id": "295590", "values": [{"date": "2021-09-29-01-00-00", "latency": 334}, {"date": "2021-09-28-18-00-00", "latency": 198}, {"date": "2021-09-28-18-00-00", "latency": 198}, {"date": "2021-09-28-18-00-00", "latency": 198}, {"date": "2021-09-28-18-00-00", "latency": 198}, {"date": "2021-09-28-18-00-00", "latency": 198}]}, {"location": {"country_code": "fr", "region": "Ile-de-France Region", "city": "Paris"}, "game_id": "295590", "values": [{"date": "2021-09-28-03-00-00", "latency": 39}, {"date": "2021-09-29-01-00-00", "latency": 49}, {"date": "2021-09-29-01-00-00", "latency": 49}, {"date": "2021-09-29-01-00-00", "latency": 49}, {"date": "2021-09-29-01-00-00", "latency": 49}, {"date": "2021-09-29-00-00-00", "latency": 163}]}, {"location": {"country_code": "br", "region": "Minas Gerais", "city": "Betim"}, "game_id": "295590", "values": [{"date": "2021-09-28-05-00-00", "latency": 223}]}, {"location": {"country_code": "us", "region": "New Jersey"}, "game_id": "295590", "values": [{"date": "2021-09-29-00-00-00", "latency": 344}, {"date": "2021-09-28-12-00-00", "latency": 283}]}, {"location": {"country_code": "mx"}, "game_id": "295590", "values": [{"date": "2021-09-28-07-00-00", "latency": 713}, {"date": "2021-09-28-04-00-00", "latency": 633}, {"date": "2021-09-28-06-00-00", "latency": 86}, {"date": "2021-09-28-09-00-00", "latency": 100}, {"date": "2021-09-28-06-00-00", "latency": 533}]}, {"location": {"country_code": "mx", "region": "Mexico City"}, "game_id": "295590", "values": [{"date": "2021-09-28-07-00-00", "latency": 138}, {"date": "2021-09-28-07-00-00", "latency": 138}, {"date": "2021-09-28-07-00-00", "latency": 138}, {"date": "2021-09-28-07-00-00", "latency": 138}, {"date": "2021-09-28-07-00-00", "latency": 138}, {"date": "2021-09-28-07-00-00", "latency": 138}, {"date": "2021-09-28-07-00-00", "latency": 138}, {"date": "2021-09-28-07-00-00", "latency": 138}, {"date": "2021-09-28-04-00-00", "latency": 82}, {"date": "2021-09-28-04-00-00", "latency": 82}, {"date": "2021-09-28-04-00-00", "latency": 82}, {"date": "2021-09-28-04-00-00", "latency": 82}, {"date": "2021-09-28-04-00-00", "latency": 82}, {"date": "2021-09-28-21-00-00", "latency": 554}]}, {"location": {"country_code": "us", "region": "Ohio"}, "game_id": "295590", "values": [{"date": "2021-09-28-07-00-00", "latency": 73}, {"date": "2021-09-28-07-00-00", "latency": 73}, {"date": "2021-09-28-05-00-00", "latency": 83}, {"date": "2021-09-28-05-00-00", "latency": 83}, {"date": "2021-09-28-05-00-00", "latency": 83}]}, {"location": {"country_code": "us", "region": "Iowa", "city": "Cincinnati"}, "game_id": "295590", "values": [{"date": "2021-09-29-02-00-00", "latency": 51}, {"date": "2021-09-29-02-00-00", "latency": 51}]}, {"location": {"country_code": "us", "region": "California"}, "game_id": "295590", "values": [{"date": "2021-09-28-10-00-00", "latency": 733}]}, {"location": {"country_code": "br"}, "game_id": "295590", "values": [{"date": "2021-09-28-03-00-00", "latency": 82}, {"date": "2021-09-28-22-00-00", "latency": 123}, {"date": "2021-09-28-22-00-00", "latency": 123}, {"date": "2021-09-28-22-00-00", "latency": 123}, {"date": "2021-09-28-22-00-00", "latency": 123}, {"date": "2021-09-28-22-00-00", "latency": 123}, {"date": "2021-09-28-18-00-00", "latency": 39}, {"date": "2021-09-28-07-00-00", "latency": 233}, {"date": "2021-09-28-05-00-00", "latency": 344}, {"date": "2021-09-28-05-00-00", "latency": 344}, {"date": "2021-09-28-03-00-00", "latency": 113}, {"date": "2021-09-28-18-00-00", "latency": 31}, {"date": "2021-09-28-18-00-00", "latency": 31}, {"date": "2021-09-28-18-00-00", "latency": 31}, {"date": "2021-09-28-18-00-00", "latency": 214}]}, {"location": {"country_code": "br", "region": "Sao Paulo", "city": "Barueri"}, "game_id": "295590", "values": [{"date": "2021-09-28-06-00-00", "latency": 25}]}, {"location": {"country_code": "br", "region": "Santa Catarina", "city": "Palhoca"}, "game_id": "295590", "values": [{"date": "2021-09-28-05-00-00", "latency": 713}, {"date": "2021-09-28-05-00-00", "latency": 713}, {"date": "2021-09-28-05-00-00", "latency": 713}, {"date": "2021-09-28-05-00-00", "latency": 713}, {"date": "2021-09-28-05-00-00", "latency": 713}, {"date": "2021-09-28-21-00-00", "latency": 414}, {"date": "2021-09-28-21-00-00", "latency": 414}, {"date": "2021-09-28-20-00-00", "latency": 344}]}, {"location": {"country_code": "br", "region": "Sao Paulo", "city": "Apiai"}, "game_id": "295590", "values": [{"date": "2021-09-28-05-00-00", "latency": 27}, {"date": "2021-09-28-05-00-00", "latency": 27}, {"date": "2021-09-28-05-00-00", "latency": 27}, {"date": "2021-09-28-05-00-00", "latency": 27}, {"date": "2021-09-28-05-00-00", "latency": 27}, {"date": "2021-09-28-05-00-00", "latency": 27}, {"date": "2021-09-28-20-00-00", "latency": 123}, {"date": "2021-09-29-00-00-00", "latency": 143}, {"date": "2021-09-28-05-00-00", "latency": 28}, {"date": "2021-09-28-05-00-00", "latency": 28}, {"date": "2021-09-28-05-00-00", "latency": 28}, {"date": "2021-09-28-05-00-00", "latency": 28}, {"date": "2021-09-28-05-00-00", "latency": 59}, {"date": "2021-09-28-05-00-00", "latency": 59}, {"date": "2021-09-28-04-00-00", "latency": 113}, {"date": "2021-09-28-04-00-00", "latency": 113}]}, {"location": {"country_code": "br", "region": "Sao Paulo", "city": "Piracicaba"}, "game_id": "295590", "values": [{"date": "2021-09-28-09-00-00", "latency": 103}]}, {"location": {"country_code": "se"}, "game_id": "295590", "values": [{"date": "2021-09-28-21-00-00", "latency": 317}]}, {"location": {"country_code": "no"}, "game_id": "295590", "values": [{"date": "2021-09-28-20-00-00", "latency": 59}]}, {"location": {"country_code": "au"}, "game_id": "295590", "values": [{"date": "2021-09-28-08-00-00", "latency": 125}, {"date": "2021-09-28-08-00-00", "latency": 125}, {"date": "2021-09-28-08-00-00", "latency": 125}, {"date": "2021-09-28-08-00-00", "latency": 125}, {"date": "2021-09-28-08-00-00", "latency": 125}, {"date": "2021-09-28-08-00-00", "latency": 125}, {"date": "2021-09-28-08-00-00", "latency": 125}, {"date": "2021-09-28-08-00-00", "latency": 125}, {"date": "2021-09-28-08-00-00", "latency": 125}, {"date": "2021-09-28-08-00-00", "latency": 125}, {"date": "2021-09-28-08-00-00", "latency": 125}, {"date": "2021-09-28-16-00-00", "latency": 134}, {"date": "2021-09-28-11-00-00", "latency": 63}, {"date": "2021-09-28-07-00-00", "latency": 399}, {"date": "2021-09-28-08-00-00", "latency": 488}, {"date": "2021-09-28-08-00-00", "latency": 488}, {"date": "2021-09-28-08-00-00", "latency": 488}, {"date": "2021-09-28-08-00-00", "latency": 488}, {"date": "2021-09-28-08-00-00", "latency": 488}, {"date": "2021-09-28-08-00-00", "latency": 488}, {"date": "2021-09-28-08-00-00", "latency": 488}, {"date": "2021-09-28-08-00-00", "latency": 488}, {"date": "2021-09-28-08-00-00", "latency": 488}, {"date": "2021-09-28-08-00-00", "latency": 488}, {"date": "2021-09-28-08-00-00", "latency": 488}, {"date": "2021-09-28-08-00-00", "latency": 488}, {"date": "2021-09-28-10-00-00", "latency": 58}, {"date": "2021-09-28-10-00-00", "latency": 58}, {"date": "2021-09-28-10-00-00", "latency": 58}]}, {"location": {"country_code": "au", "region": "Victoria", "city": "Melbourne"}, "game_id": "295590", "values": [{"date": "2021-09-28-08-00-00", "latency": 98}, {"date": "2021-09-28-08-00-00", "latency": 98}, {"date": "2021-09-28-08-00-00", "latency": 98}, {"date": "2021-09-28-08-00-00", "latency": 98}, {"date": "2021-09-28-13-00-00", "latency": 39}, {"date": "2021-09-28-13-00-00", "latency": 39}]}, {"location": {"country_code": "br", "region": "Goias", "city": "Catalao"}, "game_id": "295590", "values": [{"date": "2021-09-28-17-00-00", "latency": 343}]}, {"location": {"country_code": "us", "region": "Texas", "city": "Austin"}, "game_id": "295590", "values": [{"date": "2021-09-28-06-00-00", "latency": 75}, {"date": "2021-09-28-06-00-00", "latency": 75}]}, {"location": {"country_code": "es", "region": "Galicia", "city": "Vilagarcia de Arousa"}, "game_id": "295590", "values": [{"date": "2021-09-29-01-00-00", "latency": 34}, {"date": "2021-09-29-01-00-00", "latency": 34}]}, {"location": {"country_code": "dk"}, "game_id": "295590", "values": [{"date": "2021-09-28-18-00-00", "latency": 269}, {"date": "2021-09-28-13-00-00", "latency": 233}]}, {"location": {"country_code": "us", "region": "Iowa"}, "game_id": "295590", "values": [{"date": "2021-09-28-06-00-00", "latency": 333}]}, {"location": {"country_code": "tr"}, "game_id": "295590", "values": [{"date": "2021-09-28-19-00-00", "latency": 32}, {"date": "2021-09-28-19-00-00", "latency": 32}]}, {"location": {"country_code": "pl", "region": "Greater Poland Voivodeship"}, "game_id": "295590", "values": [{"date": "2021-09-28-18-00-00", "latency": 81}]}, {"location": {"country_code": "ca", "region": "Ontario"}, "game_id": "295590", "values": [{"date": "2021-09-28-04-00-00", "latency": 314}]}, {"location": {"country_code": "es"}, "game_id": "295590", "values": [{"date": "2021-09-28-18-00-00", "latency": 463}, {"date": "2021-09-28-18-00-00", "latency": 463}, {"date": "2021-09-28-18-00-00", "latency": 463}]}, {"location": {"country_code": "ar"}, "game_id": "295590", "values": [{"date": "2021-09-28-07-00-00", "latency": 265}, {"date": "2021-09-29-01-00-00", "latency": 363}, {"date": "2021-09-28-18-00-00", "latency": 75}, {"date": "2021-09-28-16-00-00", "latency": 97}, {"date": "2021-09-29-02-00-00", "latency": 50}]}, {"location": {"country_code": "vn"}, "game_id": "295590", "values": [{"date": "2021-09-28-07-00-00", "latency": 118}]}, {"location": {"country_code": "jm"}, "game_id": "295590", "values": [{"date": "2021-09-28-09-00-00", "latency": 100}, {"date": "2021-09-28-09-00-00", "latency": 100}]}, {"location": {"country_code": "ar", "region": "Buenos Aires F.D.", "city": "Bahia Blanca"}, "game_id": "295590", "values": [{"date": "2021-09-28-22-00-00", "latency": 53}, {"date": "2021-09-28-22-00-00", "latency": 363}, {"date": "2021-09-28-22-00-00", "latency": 363}, {"date": "2021-09-29-00-00-00", "latency": 68}, {"date": "2021-09-29-00-00-00", "latency": 68}, {"date": "2021-09-28-15-00-00", "latency": 180}, {"date": "2021-09-28-02-00-00", "latency": 75}, {"date": "2021-09-28-03-00-00", "latency": 50}, {"date": "2021-09-28-11-00-00", "latency": 140}, {"date": "2021-09-29-01-00-00", "latency": 50}]}, {"location": {"country_code": "ar", "region": "Buenos Aires", "city": "Ricardo Rojas"}, "game_id": "295590", "values": [{"date": "2021-09-29-02-00-00", "latency": 50}]}, {"location": {"country_code": "us", "region": "Texas", "city": "Houston"}, "game_id": "295590", "values": [{"date": "2021-09-28-09-00-00", "latency": 92}, {"date": "2021-09-28-09-00-00", "latency": 92}]}, {"location": {"country_code": "br", "region": "Santa Catarina", "city": "Jaragua do Sul"}, "game_id": "295590", "values": [{"date": "2021-09-28-03-00-00", "latency": 40}]}, {"location": {"country_code": "co"}, "game_id": "295590", "values": [{"date": "2021-09-28-06-00-00", "latency": 114}, {"date": "2021-09-29-02-00-00", "latency": 77}, {"date": "2021-09-29-02-00-00", "latency": 77}]}, {"location": {"country_code": "br", "region": "Estado de Bahia", "city": "Salvador"}, "game_id": "295590", "values": [{"date": "2021-09-29-00-00-00", "latency": 55}, {"date": "2021-09-28-03-00-00", "latency": 53}]}, {"location": {"country_code": "us", "region": "Arizona"}, "game_id": "295590", "values": [{"date": "2021-09-28-03-00-00", "latency": 623}, {"date": "2021-09-28-09-00-00", "latency": 150}, {"date": "2021-09-28-09-00-00", "latency": 150}, {"date": "2021-09-28-09-00-00", "latency": 150}, {"date": "2021-09-28-09-00-00", "latency": 150}, {"date": "2021-09-28-09-00-00", "latency": 150}, {"date": "2021-09-28-09-00-00", "latency": 150}, {"date": "2021-09-28-09-00-00", "latency": 150}, {"date": "2021-09-28-07-00-00", "latency": 713}]}, {"location": {"country_code": "mx", "region": "Veracruz"}, "game_id": "295590", "values": [{"date": "2021-09-28-08-00-00", "latency": 159}]}, {"location": {"country_code": "pl"}, "game_id": "295590", "values": [{"date": "2021-09-28-21-00-00", "latency": 82}]}, {"location": {"country_code": "be"}, "game_id": "295590", "values": [{"date": "2021-09-28-03-00-00", "latency": 127}]}, {"location": {"country_code": "gb", "region": "England", "city": "London"}, "game_id": "295590", "values": [{"date": "2021-09-28-23-00-00", "latency": 40}, {"date": "2021-09-28-18-00-00", "latency": 314}, {"date": "2021-09-28-23-00-00", "latency": 48}, {"date": "2021-09-28-23-00-00", "latency": 48}]}, {"location": {"country_code": "us", "region": "Georgia"}, "game_id": "295590", "values": [{"date": "2021-09-28-05-00-00", "latency": 574}]}, {"location": {"country_code": "pe"}, "game_id": "295590", "values": [{"date": "2021-09-28-09-00-00", "latency": 186}, {"date": "2021-09-28-05-00-00", "latency": 293}, {"date": "2021-09-28-05-00-00", "latency": 293}, {"date": "2021-09-28-05-00-00", "latency": 293}, {"date": "2021-09-28-05-00-00", "latency": 293}, {"date": "2021-09-28-03-00-00", "latency": 96}]}, {"location": {"country_code": "ua"}, "game_id": "295590", "values": [{"date": "2021-09-28-10-00-00", "latency": 614}]}, {"location": {"country_code": "br", "region": "Minas Gerais"}, "game_id": "295590", "values": [{"date": "2021-09-28-02-00-00", "latency": 214}]}, {"location": {"country_code": "es", "region": "Canary Islands", "city": "Santa Cruz de Tenerife"}, "game_id": "295590", "values": [{"date": "2021-09-28-04-00-00", "latency": 94}, {"date": "2021-09-28-04-00-00", "latency": 94}, {"date": "2021-09-28-04-00-00", "latency": 94}, {"date": "2021-09-28-04-00-00", "latency": 94}, {"date": "2021-09-28-04-00-00", "latency": 94}, {"date": "2021-09-28-04-00-00", "latency": 94}, {"date": "2021-09-28-04-00-00", "latency": 94}, {"date": "2021-09-28-04-00-00", "latency": 94}, {"date": "2021-09-28-04-00-00", "latency": 94}, {"date": "2021-09-28-04-00-00", "latency": 94}, {"date": "2021-09-28-04-00-00", "latency": 94}, {"date": "2021-09-28-04-00-00", "latency": 94}, {"date": "2021-09-28-04-00-00", "latency": 94}, {"date": "2021-09-28-04-00-00", "latency": 94}]}, {"location": {"country_code": "sg"}, "game_id": "295590", "values": [{"date": "2021-09-28-02-00-00", "latency": 19}]}, {"location": {"country_code": "fr", "region": "Occitanie", "city": "Toulouse"}, "game_id": "295590", "values": [{"date": "2021-09-28-10-00-00", "latency": 284}]}, {"location": {"country_code": "ca", "region": "Ontario", "city": "Toronto"}, "game_id": "295590", "values": [{"date": "2021-09-29-02-00-00", "latency": 115}, {"date": "2021-09-29-02-00-00", "latency": 115}, {"date": "2021-09-29-02-00-00", "latency": 115}, {"date": "2021-09-28-09-00-00", "latency": 57}]}, {"location": {"country_code": "br", "region": "Pernambuco", "city": "Pombos"}, "game_id": "295590", "values": [{"date": "2021-09-28-12-00-00", "latency": 83}, {"date": "2021-09-28-12-00-00", "latency": 83}, {"date": "2021-09-28-12-00-00", "latency": 83}, {"date": "2021-09-28-12-00-00", "latency": 83}, {"date": "2021-09-28-12-00-00", "latency": 83}]}, {"location": {"country_code": "ar", "region": "Buenos Aires", "city": "Lujan"}, "game_id": "295590", "values": [{"date": "2021-09-28-04-00-00", "latency": 50}, {"date": "2021-09-28-04-00-00", "latency": 50}]}, {"location": {"country_code": "mx", "region": "Nuevo Leon", "city": "Monterrey"}, "game_id": "295590", "values": [{"date": "2021-09-28-04-00-00", "latency": 42}, {"date": "2021-09-28-04-00-00", "latency": 42}, {"date": "2021-09-28-06-00-00", "latency": 85}, {"date": "2021-09-28-06-00-00", "latency": 85}, {"date": "2021-09-28-06-00-00", "latency": 85}, {"date": "2021-09-28-06-00-00", "latency": 85}, {"date": "2021-09-28-06-00-00", "latency": 85}, {"date": "2021-09-28-06-00-00", "latency": 85}, {"date": "2021-09-28-06-00-00", "latency": 85}, {"date": "2021-09-28-06-00-00", "latency": 85}]}, {"location": {"country_code": "cl", "region": "Santiago Metropolitan", "city": "Santiago"}, "game_id": "295590", "values": [{"date": "2021-09-28-06-00-00", "latency": 143}, {"date": "2021-09-28-05-00-00", "latency": 213}]}, {"location": {"country_code": "br", "region": "Rio Grande do Sul", "city": "Porto Alegre"}, "game_id": "295590", "values": [{"date": "2021-09-29-00-00-00", "latency": 75}, {"date": "2021-09-28-07-00-00", "latency": 370}, {"date": "2021-09-28-07-00-00", "latency": 370}, {"date": "2021-09-28-07-00-00", "latency": 370}, {"date": "2021-09-28-07-00-00", "latency": 370}, {"date": "2021-09-28-13-00-00", "latency": 274}]}, {"location": {"country_code": "cl", "region": "O'Higgins Region", "city": "Rancagua"}, "game_id": "295590", "values": [{"date": "2021-09-28-05-00-00", "latency": 55}, {"date": "2021-09-28-05-00-00", "latency": 55}, {"date": "2021-09-28-05-00-00", "latency": 55}]}, {"location": {"country_code": "us", "region": "Colorado"}, "game_id": "295590", "values": [{"date": "2021-09-29-01-00-00", "latency": 754}]}, {"location": {"country_code": "tr", "region": "Marmara Bolgesi", "city": "Bursa"}, "game_id": "295590", "values": [{"date": "2021-09-29-00-00-00", "latency": 78}, {"date": "2021-09-29-00-00-00", "latency": 78}, {"date": "2021-09-29-00-00-00", "latency": 78}]}, {"location": {"country_code": "br", "region": "State of Rio de Janeiro", "city": "Angra dos Reis"}, "game_id": "295590", "values": [{"date": "2021-09-28-02-00-00", "latency": 40}, {"date": "2021-09-28-06-00-00", "latency": 46}, {"date": "2021-09-28-03-00-00", "latency": 163}, {"date": "2021-09-29-00-00-00", "latency": 183}]}, {"location": {"country_code": "us", "region": "New Hampshire"}, "game_id": "295590", "values": [{"date": "2021-09-28-06-00-00", "latency": 113}, {"date": "2021-09-28-06-00-00", "latency": 113}, {"date": "2021-09-28-06-00-00", "latency": 113}, {"date": "2021-09-28-06-00-00", "latency": 113}, {"date": "2021-09-28-06-00-00", "latency": 113}, {"date": "2021-09-28-06-00-00", "latency": 113}, {"date": "2021-09-28-06-00-00", "latency": 113}]}, {"location": {"country_code": "us", "region": "Kentucky"}, "game_id": "295590", "values": [{"date": "2021-09-29-00-00-00", "latency": 504}]}, {"location": {"country_code": "fr", "region": "Ile-de-France Region"}, "game_id": "295590", "values": [{"date": "2021-09-28-06-00-00", "latency": 154}, {"date": "2021-09-28-06-00-00", "latency": 154}, {"date": "2021-09-28-06-00-00", "latency": 154}, {"date": "2021-09-28-06-00-00", "latency": 154}, {"date": "2021-09-28-23-00-00", "latency": 163}]}, {"location": {"country_code": "uy"}, "game_id": "295590", "values": [{"date": "2021-09-28-03-00-00", "latency": 58}]}, {"location": {"country_code": "br", "region": "Sao Paulo", "city": "Indaiatuba"}, "game_id": "295590", "values": [{"date": "2021-09-28-23-00-00", "latency": 36}]}, {"location": {"country_code": "br", "region": "Rio Grande do Sul"}, "game_id": "295590", "values": [{"date": "2021-09-28-05-00-00", "latency": 513}]}, {"location": {"country_code": "de", "region": "Bavaria", "city": "Nuremberg"}, "game_id": "295590", "values": [{"date": "2021-09-28-22-00-00", "latency": 49}]}, {"location": {"country_code": "kw"}, "game_id": "295590", "values": [{"date": "2021-09-28-07-00-00", "latency": 141}, {"date": "2021-09-28-07-00-00", "latency": 141}, {"date": "2021-09-28-07-00-00", "latency": 141}, {"date": "2021-09-28-07-00-00", "latency": 141}, {"date": "2021-09-28-07-00-00", "latency": 141}, {"date": "2021-09-28-07-00-00", "latency": 141}, {"date": "2021-09-28-07-00-00", "latency": 141}, {"date": "2021-09-28-07-00-00", "latency": 141}, {"date": "2021-09-28-07-00-00", "latency": 141}, {"date": "2021-09-28-07-00-00", "latency": 141}, {"date": "2021-09-28-07-00-00", "latency": 141}, {"date": "2021-09-29-01-00-00", "latency": 131}, {"date": "2021-09-29-01-00-00", "latency": 131}, {"date": "2021-09-29-01-00-00", "latency": 131}, {"date": "2021-09-29-01-00-00", "latency": 131}, {"date": "2021-09-29-01-00-00", "latency": 131}]}, {"location": {"country_code": "pe", "region": "Lima region", "city": "Lima"}, "game_id": "295590", "values": [{"date": "2021-09-28-05-00-00", "latency": 269}, {"date": "2021-09-28-05-00-00", "latency": 269}, {"date": "2021-09-28-07-00-00", "latency": 95}, {"date": "2021-09-28-07-00-00", "latency": 95}, {"date": "2021-09-28-07-00-00", "latency": 95}, {"date": "2021-09-28-07-00-00", "latency": 95}, {"date": "2021-09-28-07-00-00", "latency": 95}, {"date": "2021-09-28-07-00-00", "latency": 95}, {"date": "2021-09-28-07-00-00", "latency": 95}, {"date": "2021-09-28-07-00-00", "latency": 95}, {"date": "2021-09-28-07-00-00", "latency": 95}, {"date": "2021-09-28-07-00-00", "latency": 95}, {"date": "2021-09-28-07-00-00", "latency": 95}, {"date": "2021-09-28-07-00-00", "latency": 95}, {"date": "2021-09-28-07-00-00", "latency": 95}, {"date": "2021-09-28-07-00-00", "latency": 95}, {"date": "2021-09-28-12-00-00", "latency": 114}, {"date": "2021-09-28-12-00-00", "latency": 114}, {"date": "2021-09-28-12-00-00", "latency": 114}, {"date": "2021-09-28-12-00-00", "latency": 114}, {"date": "2021-09-28-12-00-00", "latency": 114}, {"date": "2021-09-28-12-00-00", "latency": 114}, {"date": "2021-09-28-12-00-00", "latency": 114}, {"date": "2021-09-28-12-00-00", "latency": 114}, {"date": "2021-09-28-12-00-00", "latency": 114}, {"date": "2021-09-29-02-00-00", "latency": 355}, {"date": "2021-09-29-02-00-00", "latency": 355}]}, {"location": {"country_code": "mx", "region": "Jalisco", "city": "Guadalajara"}, "game_id": "295590", "values": [{"date": "2021-09-28-05-00-00", "latency": 73}]}, {"location": {"country_code": "ar", "region": "Santa Fe Province", "city": "Rosario"}, "game_id": "295590", "values": [{"date": "2021-09-28-06-00-00", "latency": 57}, {"date": "2021-09-28-06-00-00", "latency": 57}, {"date": "2021-09-28-06-00-00", "latency": 57}]}, {"location": {"country_code": "br", "region": "Ceara", "city": "Itapipoca"}, "game_id": "295590", "values": [{"date": "2021-09-29-00-00-00", "latency": 574}]}, {"location": {"country_code": "fr", "region": "Alvernia-Rodano-Alpi", "city": "Lyon"}, "game_id": "295590", "values": [{"date": "2021-09-28-19-00-00", "latency": 81}, {"date": "2021-09-28-18-00-00", "latency": 243}]}, {"location": {"country_code": "au", "region": "Queensland", "city": "Brisbane"}, "game_id": "295590", "values": [{"date": "2021-09-28-12-00-00", "latency": 85}]}, {"location": {"country_code": "fr", "region": "Alvernia-Rodano-Alpi", "city": "Grenoble"}, "game_id": "295590", "values": [{"date": "2021-09-28-22-00-00", "latency": 313}]}, {"location": {"country_code": "us", "region": "Tennessee", "city": "Memphis"}, "game_id": "295590", "values": [{"date": "2021-09-29-00-00-00", "latency": 500}]}, {"location": {"country_code": "gb", "region": "England", "city": "Salford"}, "game_id": "295590", "values": [{"date": "2021-09-28-22-00-00", "latency": 42}]}, {"location": {"country_code": "us", "region": "New York", "city": "Long Island"}, "game_id": "295590", "values": [{"date": "2021-09-28-06-00-00", "latency": 39}]}, {"location": {"country_code": "us", "region": "Connecticut"}, "game_id": "295590", "values": [{"date": "2021-09-28-10-00-00", "latency": 76}, {"date": "2021-09-28-10-00-00", "latency": 76}]}, {"location": {"country_code": "de", "region": "North Rhine-Westphalia", "city": "Cologne"}, "game_id": "295590", "values": [{"date": "2021-09-28-19-00-00", "latency": 53}, {"date": "2021-09-28-19-00-00", "latency": 53}, {"date": "2021-09-28-19-00-00", "latency": 53}, {"date": "2021-09-28-10-00-00", "latency": 65}]}, {"location": {"country_code": "es", "region": "Madrid"}, "game_id": "295590", "values": [{"date": "2021-09-28-11-00-00", "latency": 423}]}, {"location": {"country_code": "us", "region": "Washington", "city": "Seattle"}, "game_id": "295590", "values": [{"date": "2021-09-28-07-00-00", "latency": 87}]}, {"location": {"country_code": "br", "region": "Rio Grande do Norte", "city": "Natal"}, "game_id": "295590", "values": [{"date": "2021-09-28-04-00-00", "latency": 113}]}, {"location": {"country_code": "ar", "region": "Cordoba Province", "city": "Rio Cuarto"}, "game_id": "295590", "values": [{"date": "2021-09-28-03-00-00", "latency": 75}, {"date": "2021-09-28-08-00-00", "latency": 109}, {"date": "2021-09-29-01-00-00", "latency": 148}, {"date": "2021-09-29-01-00-00", "latency": 148}]}, {"location": {"country_code": "br", "region": "Minas Gerais", "city": "Ituiutaba"}, "game_id": "295590", "values": [{"date": "2021-09-28-20-00-00", "latency": 33}, {"date": "2021-09-28-20-00-00", "latency": 33}]}, {"location": {"country_code": "br", "region": "Sao Paulo", "city": "Santo Andre"}, "game_id": "295590", "values": [{"date": "2021-09-28-03-00-00", "latency": 233}, {"date": "2021-09-28-03-00-00", "latency": 233}]}, {"location": {"country_code": "br", "region": "Santa Catarina"}, "game_id": "295590", "values": [{"date": "2021-09-28-18-00-00", "latency": 56}]}, {"location": {"country_code": "fr", "region": "Nord-Passo di Calais-Piccardia"}, "game_id": "295590", "values": [{"date": "2021-09-29-00-00-00", "latency": 197}]}, {"location": {"country_code": "us", "region": "Iowa", "city": "West Des Moines"}, "game_id": "295590", "values": [{"date": "2021-09-28-04-00-00", "latency": 283}]}, {"location": {"country_code": "ar", "region": "Buenos Aires", "city": "La Plata"}, "game_id": "295590", "values": [{"date": "2021-09-28-04-00-00", "latency": 324}]}, {"location": {"country_code": "br", "region": "Amazonas", "city": "Manaus"}, "game_id": "295590", "values": [{"date": "2021-09-28-02-00-00", "latency": 159}]}, {"location": {"country_code": "br", "region": "Espirito Santo"}, "game_id": "295590", "values": [{"date": "2021-09-28-04-00-00", "latency": 45}]}, {"location": {"country_code": "ar", "region": "Mendoza Province"}, "game_id": "295590", "values": [{"date": "2021-09-28-23-00-00", "latency": 123}]}, {"location": {"country_code": "br", "region": "Sao Paulo", "city": "Barretos"}, "game_id": "295590", "values": [{"date": "2021-09-28-03-00-00", "latency": 32}]}, {"location": {"country_code": "us", "region": "New Mexico"}, "game_id": "295590", "values": [{"date": "2021-09-28-22-00-00", "latency": 64}, {"date": "2021-09-28-22-00-00", "latency": 64}, {"date": "2021-09-28-22-00-00", "latency": 64}]}, {"location": {"country_code": "ch", "region": "Canton of Geneva", "city": "Geneva"}, "game_id": "295590", "values": [{"date": "2021-09-28-20-00-00", "latency": 38}]}, {"location": {"country_code": "fr", "region": "Centre-Val de Loire", "city": "Orleans"}, "game_id": "295590", "values": [{"date": "2021-09-29-00-00-00", "latency": 373}]}, {"location": {"country_code": "es", "region": "Andalusia", "city": "La Linea de la Concepcion"}, "game_id": "295590", "values": [{"date": "2021-09-29-00-00-00", "latency": 72}, {"date": "2021-09-29-00-00-00", "latency": 72}]}, {"location": {"country_code": "ad", "region": "Andorra la Vella", "city": "Andorra la Vella"}, "game_id": "295590", "values": [{"date": "2021-09-28-19-00-00", "latency": 94}]}, {"location": {"country_code": "br", "region": "Paraiba", "city": "Santa Rita"}, "game_id": "295590", "values": [{"date": "2021-09-28-21-00-00", "latency": 353}]}, {"location": {"country_code": "mx", "region": "Jalisco"}, "game_id": "295590", "values": [{"date": "2021-09-28-03-00-00", "latency": 82}, {"date": "2021-09-28-03-00-00", "latency": 82}, {"date": "2021-09-28-03-00-00", "latency": 82}]}, {"location": {"country_code": "fr", "region": "Aquitania-Limosino-Poitou-Charentes", "city": "La Rochelle"}, "game_id": "295590", "values": [{"date": "2021-09-28-12-00-00", "latency": 91}, {"date": "2021-09-28-12-00-00", "latency": 91}]}, {"location": {"country_code": "br", "region": "Sao Paulo", "city": "Peruibe"}, "game_id": "295590", "values": [{"date": "2021-09-28-04-00-00", "latency": 214}]}, {"location": {"country_code": "de", "region": "North Rhine-Westphalia", "city": "Dortmund"}, "game_id": "295590", "values": [{"date": "2021-09-28-22-00-00", "latency": 48}, {"date": "2021-09-28-22-00-00", "latency": 48}]}, {"location": {"country_code": "br", "region": "State of Rio de Janeiro", "city": "Araruama"}, "game_id": "295590", "values": [{"date": "2021-09-28-03-00-00", "latency": 51}]}, {"location": {"country_code": "br", "region": "Santa Catarina", "city": "Brusque"}, "game_id": "295590", "values": [{"date": "2021-09-28-07-00-00", "latency": 32}, {"date": "2021-09-28-07-00-00", "latency": 32}, {"date": "2021-09-28-07-00-00", "latency": 32}]}, {"location": {"country_code": "us", "region": "Michigan", "city": "Grand Rapids"}, "game_id": "295590", "values": [{"date": "2021-09-28-06-00-00", "latency": 64}]}, {"location": {"country_code": "ar", "region": "Tucuman Province"}, "game_id": "295590", "values": [{"date": "2021-09-28-03-00-00", "latency": 533}]}, {"location": {"country_code": "cl", "region": "Tarapaca", "city": "Iquique"}, "game_id": "295590", "values": [{"date": "2021-09-28-03-00-00", "latency": 56}]}, {"location": {"country_code": "cl", "region": "Coquimbo Region", "city": "Illapel"}, "game_id": "295590", "values": [{"date": "2021-09-28-03-00-00", "latency": 55}]}, {"location": {"country_code": "us", "region": "California", "city": "Healdsburg"}, "game_id": "295590", "values": [{"date": "2021-09-28-09-00-00", "latency": 89}, {"date": "2021-09-28-09-00-00", "latency": 89}, {"date": "2021-09-28-09-00-00", "latency": 89}, {"date": "2021-09-28-09-00-00", "latency": 89}]}, {"location": {"country_code": "us", "region": "Kentucky", "city": "Lexington"}, "game_id": "295590", "values": [{"date": "2021-09-28-02-00-00", "latency": 424}]}, {"location": {"country_code": "br", "region": "State of Rio de Janeiro", "city": "Petropolis"}, "game_id": "295590", "values": [{"date": "2021-09-28-06-00-00", "latency": 46}]}, {"location": {"country_code": "ar", "region": "Corrientes Province"}, "game_id": "295590", "values": [{"date": "2021-09-29-01-00-00", "latency": 95}]}, {"location": {"country_code": "cr", "region": "San Jose", "city": "San Jose"}, "game_id": "295590", "values": [{"date": "2021-09-28-05-00-00", "latency": 92}, {"date": "2021-09-28-05-00-00", "latency": 92}, {"date": "2021-09-29-00-00-00", "latency": 124}]}, {"location": {"country_code": "br", "region": "Sao Paulo", "city": "Votorantim"}, "game_id": "295590", "values": [{"date": "2021-09-28-02-00-00", "latency": 32}, {"date": "2021-09-28-02-00-00", "latency": 32}, {"date": "2021-09-28-02-00-00", "latency": 32}]}, {"location": {"country_code": "ua", "region": "Kyiv Oblast", "city": "Chernobyl"}, "game_id": "295590", "values": [{"date": "2021-09-28-03-00-00", "latency": 102}, {"date": "2021-09-28-03-00-00", "latency": 102}, {"date": "2021-09-28-03-00-00", "latency": 102}, {"date": "2021-09-28-03-00-00", "latency": 102}, {"date": "2021-09-28-03-00-00", "latency": 102}]}, {"location": {"country_code": "us", "region": "Ohio", "city": "Shelby"}, "game_id": "295590", "values": [{"date": "2021-09-29-00-00-00", "latency": 63}]}, {"location": {"country_code": "at", "region": "Styria", "city": "Graz"}, "game_id": "295590", "values": [{"date": "2021-09-28-13-00-00", "latency": 90}]}, {"location": {"country_code": "us", "region": "California", "city": "Compton"}, "game_id": "295590", "values": [{"date": "2021-09-28-06-00-00", "latency": 87}, {"date": "2021-09-28-06-00-00", "latency": 87}, {"date": "2021-09-28-06-00-00", "latency": 87}, {"date": "2021-09-28-06-00-00", "latency": 87}, {"date": "2021-09-28-06-00-00", "latency": 87}, {"date": "2021-09-28-06-00-00", "latency": 87}, {"date": "2021-09-28-06-00-00", "latency": 87}]}, {"location": {"country_code": "br", "region": "Sao Paulo", "city": "Suzano"}, "game_id": "295590", "values": [{"date": "2021-09-28-11-00-00", "latency": 118}]}, {"location": {"country_code": "us", "region": "Arkansas", "city": "Jonesboro"}, "game_id": "295590", "values": [{"date": "2021-09-28-02-00-00", "latency": 206}]}, {"location": {"country_code": "br", "region": "Rio Grande do Sul", "city": "Bage"}, "game_id": "295590", "values": [{"date": "2021-09-29-01-00-00", "latency": 59}]}, {"location": {"country_code": "us", "region": "California", "city": "Fremont"}, "game_id": "295590", "values": [{"date": "2021-09-28-10-00-00", "latency": 111}, {"date": "2021-09-28-10-00-00", "latency": 111}, {"date": "2021-09-28-10-00-00", "latency": 111}, {"date": "2021-09-28-10-00-00", "latency": 111}]}, {"location": {"country_code": "br", "region": "Rio Grande do Sul", "city": "Santa Cruz do Sul"}, "game_id": "295590", "values": [{"date": "2021-09-28-06-00-00", "latency": 413}]}, {"location": {"country_code": "br", "region": "Santa Catarina", "city": "Sao Jose"}, "game_id": "295590", "values": [{"date": "2021-09-29-02-00-00", "latency": 63}, {"date": "2021-09-29-02-00-00", "latency": 63}, {"date": "2021-09-29-02-00-00", "latency": 63}, {"date": "2021-09-29-02-00-00", "latency": 63}, {"date": "2021-09-29-02-00-00", "latency": 63}, {"date": "2021-09-29-02-00-00", "latency": 63}]}, {"location": {"country_code": "us", "region": "North Carolina", "city": "Waynesville"}, "game_id": "295590", "values": [{"date": "2021-09-28-06-00-00", "latency": 313}]}, {"location": {"country_code": "sk", "region": "Nitra Region", "city": "Nitra"}, "game_id": "295590", "values": [{"date": "2021-09-28-20-00-00", "latency": 533}]}, {"location": {"country_code": "fi", "region": "Central Finland Region", "city": "Jyvaskyla"}, "game_id": "295590", "values": [{"date": "2021-09-29-02-00-00", "latency": 111}, {"date": "2021-09-29-02-00-00", "latency": 111}, {"date": "2021-09-29-02-00-00", "latency": 111}, {"date": "2021-09-29-02-00-00", "latency": 111}, {"date": "2021-09-29-02-00-00", "latency": 111}]}, {"location": {"country_code": "ar", "region": "Buenos Aires", "city": "Villa Adelina"}, "game_id": "295590", "values": [{"date": "2021-09-28-06-00-00", "latency": 363}]}, {"location": {"country_code": "us", "region": "North Dakota", "city": "Minot"}, "game_id": "295590", "values": [{"date": "2021-09-28-13-00-00", "latency": 333}, {"date": "2021-09-28-13-00-00", "latency": 333}]}, {"location": {"country_code": "fr", "region": "Aquitania-Limosino-Poitou-Charentes", "city": "Riberac"}, "game_id": "295590", "values": [{"date": "2021-09-28-18-00-00", "latency": 96}]}, {"location": {"country_code": "br", "region": "Espirito Santo", "city": "Conceicao do Castelo"}, "game_id": "295590", "values": [{"date": "2021-09-29-01-00-00", "latency": 84}]}, {"location": {"country_code": "br", "region": "Rio Grande do Sul", "city": "Sao Jose do Norte"}, "game_id": "295590", "values": [{"date": "2021-09-28-03-00-00", "latency": 47}]}, {"location": {"country_code": "br", "region": "Sao Paulo", "city": "Igarapava"}, "game_id": "295590", "values": [{"date": "2021-09-28-20-00-00", "latency": 37}]}], "last_updated": 1719927546.212028}