{"data": [{"location": {"country_code": "us"}, "game_id": "101342", "values": [{"date": "2024-01-19-01-00-00", "latency": "172"}, {"date": "2024-01-19-01-00-00", "latency": "172"}, {"date": "2024-01-19-01-00-00", "latency": "172"}, {"date": "2024-01-19-01-00-00", "latency": "172"}, {"date": "2024-01-19-01-00-00", "latency": "172"}, {"date": "2024-01-19-01-00-00", "latency": "172"}, {"date": "2024-01-18-07-00-00", "latency": "80"}, {"date": "2024-01-18-07-00-00", "latency": "80"}, {"date": "2024-01-18-07-00-00", "latency": "80"}, {"date": "2024-01-18-07-00-00", "latency": "80"}, {"date": "2024-01-18-07-00-00", "latency": "80"}, {"date": "2024-01-18-07-00-00", "latency": "80"}, {"date": "2024-01-18-07-00-00", "latency": "80"}, {"date": "2024-01-18-07-00-00", "latency": "80"}, {"date": "2024-01-18-07-00-00", "latency": "80"}, {"date": "2024-01-18-07-00-00", "latency": "80"}, {"date": "2024-01-18-07-00-00", "latency": "80"}, {"date": "2024-01-18-07-00-00", "latency": "80"}, {"date": "2024-01-18-07-00-00", "latency": "80"}, {"date": "2024-01-18-07-00-00", "latency": "80"}, {"date": "2024-01-18-07-00-00", "latency": "80"}, {"date": "2024-01-18-07-00-00", "latency": "80"}, {"date": "2024-01-18-07-00-00", "latency": "80"}, {"date": "2024-01-18-07-00-00", "latency": "80"}, {"date": "2024-01-18-07-00-00", "latency": "80"}, {"date": "2024-01-18-07-00-00", "latency": "80"}, {"date": "2024-01-18-07-00-00", "latency": "80"}, {"date": "2024-01-18-07-00-00", "latency": "80"}, {"date": "2024-01-18-07-00-00", "latency": "80"}, {"date": "2024-01-18-07-00-00", "latency": "80"}, {"date": "2024-01-18-07-00-00", "latency": "80"}, {"date": "2024-01-18-07-00-00", "latency": "80"}, {"date": "2024-01-18-07-00-00", "latency": "80"}, {"date": "2024-01-18-07-00-00", "latency": "80"}, {"date": "2024-01-18-07-00-00", "latency": "80"}, {"date": "2024-01-18-07-00-00", "latency": "80"}, {"date": "2024-01-18-07-00-00", "latency": "80"}, {"date": "2024-01-18-07-00-00", "latency": "80"}, {"date": "2024-01-18-07-00-00", "latency": "80"}, {"date": "2024-01-18-07-00-00", "latency": "80"}, {"date": "2024-01-18-07-00-00", "latency": "80"}, {"date": "2024-01-18-07-00-00", "latency": "80"}, {"date": "2024-01-18-07-00-00", "latency": "80"}, {"date": "2024-01-18-07-00-00", "latency": "80"}, {"date": "2024-01-18-07-00-00", "latency": "80"}, {"date": "2024-01-18-03-00-00", "latency": "13"}, {"date": "2024-01-18-03-00-00", "latency": "13"}, {"date": "2024-01-18-03-00-00", "latency": "13"}, {"date": "2024-01-18-03-00-00", "latency": "13"}, {"date": "2024-01-18-03-00-00", "latency": "13"}, {"date": "2024-01-18-03-00-00", "latency": "13"}, {"date": "2024-01-18-03-00-00", "latency": "13"}, {"date": "2024-01-18-03-00-00", "latency": "13"}, {"date": "2024-01-18-03-00-00", "latency": "13"}, {"date": "2024-01-18-01-00-00", "latency": "50"}, {"date": "2024-01-18-01-00-00", "latency": "50"}, {"date": "2024-01-18-01-00-00", "latency": "50"}, {"date": "2024-01-18-01-00-00", "latency": "50"}, {"date": "2024-01-18-01-00-00", "latency": "50"}, {"date": "2024-01-18-01-00-00", "latency": "50"}, {"date": "2024-01-18-01-00-00", "latency": "50"}, {"date": "2024-01-18-01-00-00", "latency": "50"}, {"date": "2024-01-18-01-00-00", "latency": "50"}, {"date": "2024-01-18-01-00-00", "latency": "50"}, {"date": "2024-01-18-01-00-00", "latency": "50"}, {"date": "2024-01-18-01-00-00", "latency": "50"}, {"date": "2024-01-18-01-00-00", "latency": "50"}, {"date": "2024-01-18-01-00-00", "latency": "50"}, {"date": "2024-01-18-01-00-00", "latency": "50"}, {"date": "2024-01-18-01-00-00", "latency": "50"}, {"date": "2024-01-18-01-00-00", "latency": "50"}, {"date": "2024-01-18-01-00-00", "latency": "50"}, {"date": "2024-01-18-01-00-00", "latency": "50"}, {"date": "2024-01-18-01-00-00", "latency": "50"}, {"date": "2024-01-18-01-00-00", "latency": "50"}, {"date": "2024-01-18-01-00-00", "latency": "50"}, {"date": "2024-01-18-01-00-00", "latency": "50"}, {"date": "2024-01-18-01-00-00", "latency": "50"}, {"date": "2024-01-18-01-00-00", "latency": "50"}, {"date": "2024-01-18-01-00-00", "latency": "50"}, {"date": "2024-01-18-01-00-00", "latency": "50"}, {"date": "2024-01-18-01-00-00", "latency": "50"}, {"date": "2024-01-18-01-00-00", "latency": "50"}, {"date": "2024-01-18-01-00-00", "latency": "50"}, {"date": "2024-01-18-01-00-00", "latency": "50"}, {"date": "2024-01-18-01-00-00", "latency": "50"}, {"date": "2024-01-18-01-00-00", "latency": "50"}, {"date": "2024-01-18-01-00-00", "latency": "50"}, {"date": "2024-01-18-01-00-00", "latency": "50"}, {"date": "2024-01-18-01-00-00", "latency": "50"}, {"date": "2024-01-18-01-00-00", "latency": "50"}, {"date": "2024-01-18-01-00-00", "latency": "50"}, {"date": "2024-01-18-01-00-00", "latency": "50"}, {"date": "2024-01-18-01-00-00", "latency": "50"}, {"date": "2024-01-18-01-00-00", "latency": "50"}, {"date": "2024-01-18-01-00-00", "latency": "50"}, {"date": "2024-01-18-01-00-00", "latency": "50"}, {"date": "2024-01-18-01-00-00", "latency": "50"}, {"date": "2024-01-18-01-00-00", "latency": "50"}, {"date": "2024-01-18-01-00-00", "latency": "50"}, {"date": "2024-01-18-01-00-00", "latency": "50"}, {"date": "2024-01-18-01-00-00", "latency": "50"}, {"date": "2024-01-18-01-00-00", "latency": "50"}, {"date": "2024-01-18-01-00-00", "latency": "50"}, {"date": "2024-01-18-01-00-00", "latency": "50"}, {"date": "2024-01-18-01-00-00", "latency": "50"}, {"date": "2024-01-18-01-00-00", "latency": "50"}, {"date": "2024-01-18-01-00-00", "latency": "50"}, {"date": "2024-01-18-01-00-00", "latency": "50"}, {"date": "2024-01-18-01-00-00", "latency": "50"}, {"date": "2024-01-18-01-00-00", "latency": "50"}, {"date": "2024-01-18-03-00-00", "latency": "152"}, {"date": "2024-01-18-03-00-00", "latency": "152"}, {"date": "2024-01-18-03-00-00", "latency": "152"}, {"date": "2024-01-18-03-00-00", "latency": "152"}, {"date": "2024-01-18-03-00-00", "latency": "152"}, {"date": "2024-01-18-03-00-00", "latency": "152"}, {"date": "2024-01-18-03-00-00", "latency": "152"}, {"date": "2024-01-18-03-00-00", "latency": "152"}, {"date": "2024-01-18-05-00-00", "latency": "51"}, {"date": "2024-01-18-05-00-00", "latency": "51"}, {"date": "2024-01-18-05-00-00", "latency": "51"}, {"date": "2024-01-18-05-00-00", "latency": "51"}, {"date": "2024-01-18-05-00-00", "latency": "51"}, {"date": "2024-01-18-05-00-00", "latency": "51"}, {"date": "2024-01-18-05-00-00", "latency": "51"}, {"date": "2024-01-18-05-00-00", "latency": "51"}, {"date": "2024-01-18-05-00-00", "latency": "51"}, {"date": "2024-01-18-05-00-00", "latency": "51"}, {"date": "2024-01-18-05-00-00", "latency": "51"}, {"date": "2024-01-18-05-00-00", "latency": "51"}, {"date": "2024-01-18-05-00-00", "latency": "51"}, {"date": "2024-01-18-05-00-00", "latency": "51"}, {"date": "2024-01-18-05-00-00", "latency": "51"}, {"date": "2024-01-18-05-00-00", "latency": "51"}, {"date": "2024-01-18-05-00-00", "latency": "51"}, {"date": "2024-01-18-05-00-00", "latency": "51"}, {"date": "2024-01-18-05-00-00", "latency": "51"}, {"date": "2024-01-18-05-00-00", "latency": "51"}, {"date": "2024-01-18-05-00-00", "latency": "51"}, {"date": "2024-01-18-05-00-00", "latency": "51"}, {"date": "2024-01-18-05-00-00", "latency": "51"}, {"date": "2024-01-18-05-00-00", "latency": "51"}, {"date": "2024-01-18-05-00-00", "latency": "51"}, {"date": "2024-01-18-05-00-00", "latency": "51"}, {"date": "2024-01-18-05-00-00", "latency": "51"}, {"date": "2024-01-18-05-00-00", "latency": "51"}, {"date": "2024-01-18-05-00-00", "latency": "51"}, {"date": "2024-01-18-05-00-00", "latency": "51"}, {"date": "2024-01-18-05-00-00", "latency": "51"}, {"date": "2024-01-18-05-00-00", "latency": "51"}, {"date": "2024-01-18-05-00-00", "latency": "51"}, {"date": "2024-01-18-05-00-00", "latency": "51"}, {"date": "2024-01-18-05-00-00", "latency": "51"}, {"date": "2024-01-18-05-00-00", "latency": "51"}, {"date": "2024-01-18-05-00-00", "latency": "51"}]}, {"location": {"country_code": "us", "region": "Pennsylvania"}, "game_id": "101342", "values": [{"date": "2024-01-18-03-00-00", "latency": "65"}, {"date": "2024-01-18-03-00-00", "latency": "65"}, {"date": "2024-01-18-03-00-00", "latency": "65"}, {"date": "2024-01-18-03-00-00", "latency": "65"}, {"date": "2024-01-18-03-00-00", "latency": "65"}, {"date": "2024-01-18-03-00-00", "latency": "65"}, {"date": "2024-01-18-03-00-00", "latency": "65"}, {"date": "2024-01-18-03-00-00", "latency": "65"}, {"date": "2024-01-18-03-00-00", "latency": "65"}, {"date": "2024-01-18-03-00-00", "latency": "65"}, {"date": "2024-01-18-03-00-00", "latency": "65"}, {"date": "2024-01-18-03-00-00", "latency": "65"}, {"date": "2024-01-18-03-00-00", "latency": "65"}, {"date": "2024-01-18-03-00-00", "latency": "65"}, {"date": "2024-01-18-03-00-00", "latency": "65"}, {"date": "2024-01-18-03-00-00", "latency": "65"}, {"date": "2024-01-18-03-00-00", "latency": "65"}, {"date": "2024-01-18-03-00-00", "latency": "65"}, {"date": "2024-01-18-03-00-00", "latency": "65"}, {"date": "2024-01-18-03-00-00", "latency": "65"}, {"date": "2024-01-18-03-00-00", "latency": "65"}, {"date": "2024-01-18-03-00-00", "latency": "65"}, {"date": "2024-01-18-03-00-00", "latency": "65"}, {"date": "2024-01-18-03-00-00", "latency": "65"}, {"date": "2024-01-18-03-00-00", "latency": "65"}, {"date": "2024-01-18-03-00-00", "latency": "65"}, {"date": "2024-01-18-03-00-00", "latency": "65"}, {"date": "2024-01-18-03-00-00", "latency": "65"}]}, {"location": {"country_code": "us", "region": "Illinois", "city": "Chicago"}, "game_id": "101342", "values": [{"date": "2024-01-18-06-00-00", "latency": "57"}, {"date": "2024-01-18-06-00-00", "latency": "57"}, {"date": "2024-01-18-06-00-00", "latency": "57"}, {"date": "2024-01-18-06-00-00", "latency": "57"}, {"date": "2024-01-18-06-00-00", "latency": "57"}, {"date": "2024-01-18-06-00-00", "latency": "57"}, {"date": "2024-01-18-06-00-00", "latency": "57"}, {"date": "2024-01-18-05-00-00", "latency": "99"}, {"date": "2024-01-18-05-00-00", "latency": "99"}, {"date": "2024-01-18-05-00-00", "latency": "99"}, {"date": "2024-01-18-05-00-00", "latency": "99"}, {"date": "2024-01-18-05-00-00", "latency": "99"}, {"date": "2024-01-18-05-00-00", "latency": "99"}, {"date": "2024-01-18-05-00-00", "latency": "99"}, {"date": "2024-01-18-05-00-00", "latency": "99"}, {"date": "2024-01-18-05-00-00", "latency": "99"}, {"date": "2024-01-18-05-00-00", "latency": "99"}, {"date": "2024-01-18-05-00-00", "latency": "99"}, {"date": "2024-01-18-05-00-00", "latency": "99"}, {"date": "2024-01-18-05-00-00", "latency": "99"}, {"date": "2024-01-18-05-00-00", "latency": "99"}, {"date": "2024-01-18-05-00-00", "latency": "99"}, {"date": "2024-01-18-05-00-00", "latency": "99"}, {"date": "2024-01-18-05-00-00", "latency": "99"}, {"date": "2024-01-18-05-00-00", "latency": "99"}, {"date": "2024-01-18-05-00-00", "latency": "99"}, {"date": "2024-01-18-05-00-00", "latency": "99"}, {"date": "2024-01-18-05-00-00", "latency": "99"}, {"date": "2024-01-18-05-00-00", "latency": "99"}, {"date": "2024-01-18-05-00-00", "latency": "99"}, {"date": "2024-01-18-05-00-00", "latency": "99"}, {"date": "2024-01-18-05-00-00", "latency": "99"}, {"date": "2024-01-18-05-00-00", "latency": "99"}, {"date": "2024-01-18-05-00-00", "latency": "99"}]}, {"location": {"country_code": "us", "region": "New York", "city": "Jamestown"}, "game_id": "101342", "values": [{"date": "2024-01-19-01-00-00", "latency": "54"}, {"date": "2024-01-19-01-00-00", "latency": "54"}, {"date": "2024-01-19-01-00-00", "latency": "54"}, {"date": "2024-01-19-01-00-00", "latency": "54"}, {"date": "2024-01-19-01-00-00", "latency": "54"}, {"date": "2024-01-19-01-00-00", "latency": "54"}, {"date": "2024-01-19-01-00-00", "latency": "54"}, {"date": "2024-01-19-01-00-00", "latency": "54"}, {"date": "2024-01-19-01-00-00", "latency": "54"}, {"date": "2024-01-19-01-00-00", "latency": "54"}, {"date": "2024-01-19-01-00-00", "latency": "54"}, {"date": "2024-01-19-01-00-00", "latency": "54"}, {"date": "2024-01-19-01-00-00", "latency": "54"}, {"date": "2024-01-19-01-00-00", "latency": "54"}, {"date": "2024-01-19-01-00-00", "latency": "54"}, {"date": "2024-01-19-01-00-00", "latency": "54"}, {"date": "2024-01-19-01-00-00", "latency": "54"}, {"date": "2024-01-19-01-00-00", "latency": "54"}, {"date": "2024-01-19-01-00-00", "latency": "54"}, {"date": "2024-01-19-01-00-00", "latency": "54"}, {"date": "2024-01-19-01-00-00", "latency": "54"}, {"date": "2024-01-19-01-00-00", "latency": "54"}, {"date": "2024-01-18-06-00-00", "latency": "79"}, {"date": "2024-01-18-06-00-00", "latency": "79"}, {"date": "2024-01-18-06-00-00", "latency": "79"}, {"date": "2024-01-18-06-00-00", "latency": "79"}, {"date": "2024-01-18-06-00-00", "latency": "79"}, {"date": "2024-01-18-06-00-00", "latency": "79"}, {"date": "2024-01-18-06-00-00", "latency": "79"}, {"date": "2024-01-18-06-00-00", "latency": "79"}, {"date": "2024-01-18-06-00-00", "latency": "79"}, {"date": "2024-01-18-06-00-00", "latency": "79"}, {"date": "2024-01-18-06-00-00", "latency": "79"}, {"date": "2024-01-18-06-00-00", "latency": "79"}, {"date": "2024-01-18-06-00-00", "latency": "79"}, {"date": "2024-01-18-06-00-00", "latency": "79"}, {"date": "2024-01-18-06-00-00", "latency": "79"}, {"date": "2024-01-18-06-00-00", "latency": "79"}, {"date": "2024-01-18-06-00-00", "latency": "79"}, {"date": "2024-01-18-06-00-00", "latency": "79"}]}, {"location": {"country_code": "gb"}, "game_id": "101342", "values": [{"date": "2024-01-19-00-00-00", "latency": "86"}, {"date": "2024-01-19-00-00-00", "latency": "86"}, {"date": "2024-01-19-00-00-00", "latency": "86"}, {"date": "2024-01-19-00-00-00", "latency": "86"}, {"date": "2024-01-19-00-00-00", "latency": "86"}, {"date": "2024-01-19-00-00-00", "latency": "86"}, {"date": "2024-01-19-00-00-00", "latency": "86"}, {"date": "2024-01-19-00-00-00", "latency": "86"}, {"date": "2024-01-19-00-00-00", "latency": "86"}, {"date": "2024-01-19-00-00-00", "latency": "86"}, {"date": "2024-01-19-00-00-00", "latency": "86"}, {"date": "2024-01-19-00-00-00", "latency": "86"}, {"date": "2024-01-19-00-00-00", "latency": "86"}, {"date": "2024-01-19-00-00-00", "latency": "86"}, {"date": "2024-01-19-00-00-00", "latency": "86"}, {"date": "2024-01-19-00-00-00", "latency": "86"}, {"date": "2024-01-19-00-00-00", "latency": "86"}, {"date": "2024-01-19-00-00-00", "latency": "86"}, {"date": "2024-01-19-00-00-00", "latency": "86"}, {"date": "2024-01-18-19-00-00", "latency": "143"}, {"date": "2024-01-18-19-00-00", "latency": "143"}, {"date": "2024-01-18-19-00-00", "latency": "143"}, {"date": "2024-01-18-19-00-00", "latency": "143"}, {"date": "2024-01-18-19-00-00", "latency": "143"}, {"date": "2024-01-18-19-00-00", "latency": "143"}, {"date": "2024-01-18-19-00-00", "latency": "143"}, {"date": "2024-01-18-19-00-00", "latency": "143"}, {"date": "2024-01-18-19-00-00", "latency": "143"}, {"date": "2024-01-18-19-00-00", "latency": "143"}, {"date": "2024-01-18-19-00-00", "latency": "143"}, {"date": "2024-01-18-19-00-00", "latency": "143"}, {"date": "2024-01-18-19-00-00", "latency": "143"}, {"date": "2024-01-18-19-00-00", "latency": "143"}, {"date": "2024-01-18-19-00-00", "latency": "143"}, {"date": "2024-01-18-19-00-00", "latency": "143"}, {"date": "2024-01-18-19-00-00", "latency": "143"}, {"date": "2024-01-18-19-00-00", "latency": "143"}, {"date": "2024-01-18-19-00-00", "latency": "143"}, {"date": "2024-01-18-19-00-00", "latency": "143"}, {"date": "2024-01-18-19-00-00", "latency": "143"}, {"date": "2024-01-18-19-00-00", "latency": "143"}, {"date": "2024-01-18-19-00-00", "latency": "143"}, {"date": "2024-01-18-19-00-00", "latency": "143"}, {"date": "2024-01-18-19-00-00", "latency": "143"}, {"date": "2024-01-18-19-00-00", "latency": "143"}, {"date": "2024-01-18-19-00-00", "latency": "143"}, {"date": "2024-01-18-19-00-00", "latency": "143"}, {"date": "2024-01-18-19-00-00", "latency": "143"}, {"date": "2024-01-18-19-00-00", "latency": "143"}, {"date": "2024-01-18-19-00-00", "latency": "143"}, {"date": "2024-01-18-19-00-00", "latency": "143"}, {"date": "2024-01-18-19-00-00", "latency": "143"}, {"date": "2024-01-18-19-00-00", "latency": "143"}, {"date": "2024-01-18-19-00-00", "latency": "143"}, {"date": "2024-01-18-19-00-00", "latency": "143"}, {"date": "2024-01-18-19-00-00", "latency": "143"}, {"date": "2024-01-18-19-00-00", "latency": "143"}, {"date": "2024-01-18-19-00-00", "latency": "143"}, {"date": "2024-01-18-19-00-00", "latency": "143"}, {"date": "2024-01-18-19-00-00", "latency": "143"}, {"date": "2024-01-18-19-00-00", "latency": "143"}, {"date": "2024-01-18-19-00-00", "latency": "143"}, {"date": "2024-01-18-19-00-00", "latency": "143"}, {"date": "2024-01-18-19-00-00", "latency": "143"}, {"date": "2024-01-18-19-00-00", "latency": "143"}, {"date": "2024-01-18-19-00-00", "latency": "143"}, {"date": "2024-01-18-19-00-00", "latency": "143"}, {"date": "2024-01-18-19-00-00", "latency": "143"}, {"date": "2024-01-18-19-00-00", "latency": "143"}, {"date": "2024-01-18-19-00-00", "latency": "143"}, {"date": "2024-01-18-19-00-00", "latency": "143"}, {"date": "2024-01-18-19-00-00", "latency": "143"}, {"date": "2024-01-18-19-00-00", "latency": "143"}, {"date": "2024-01-18-19-00-00", "latency": "143"}, {"date": "2024-01-18-19-00-00", "latency": "143"}, {"date": "2024-01-18-19-00-00", "latency": "143"}, {"date": "2024-01-18-19-00-00", "latency": "143"}, {"date": "2024-01-18-19-00-00", "latency": "143"}, {"date": "2024-01-18-19-00-00", "latency": "143"}, {"date": "2024-01-18-18-00-00", "latency": "54"}, {"date": "2024-01-18-18-00-00", "latency": "54"}, {"date": "2024-01-18-18-00-00", "latency": "54"}, {"date": "2024-01-18-18-00-00", "latency": "54"}, {"date": "2024-01-18-18-00-00", "latency": "54"}, {"date": "2024-01-18-18-00-00", "latency": "54"}, {"date": "2024-01-18-18-00-00", "latency": "54"}, {"date": "2024-01-18-18-00-00", "latency": "54"}, {"date": "2024-01-18-18-00-00", "latency": "54"}, {"date": "2024-01-19-01-00-00", "latency": "55"}, {"date": "2024-01-19-01-00-00", "latency": "55"}, {"date": "2024-01-19-01-00-00", "latency": "55"}, {"date": "2024-01-19-01-00-00", "latency": "55"}, {"date": "2024-01-19-01-00-00", "latency": "55"}, {"date": "2024-01-19-01-00-00", "latency": "55"}, {"date": "2024-01-19-01-00-00", "latency": "55"}, {"date": "2024-01-19-01-00-00", "latency": "55"}, {"date": "2024-01-19-01-00-00", "latency": "55"}, {"date": "2024-01-19-01-00-00", "latency": "55"}, {"date": "2024-01-19-01-00-00", "latency": "55"}, {"date": "2024-01-19-01-00-00", "latency": "55"}, {"date": "2024-01-19-01-00-00", "latency": "55"}, {"date": "2024-01-19-01-00-00", "latency": "55"}, {"date": "2024-01-19-01-00-00", "latency": "55"}, {"date": "2024-01-19-01-00-00", "latency": "55"}, {"date": "2024-01-19-01-00-00", "latency": "55"}, {"date": "2024-01-19-01-00-00", "latency": "55"}, {"date": "2024-01-19-01-00-00", "latency": "55"}, {"date": "2024-01-19-01-00-00", "latency": "55"}, {"date": "2024-01-19-01-00-00", "latency": "55"}, {"date": "2024-01-19-01-00-00", "latency": "55"}, {"date": "2024-01-19-01-00-00", "latency": "55"}, {"date": "2024-01-19-01-00-00", "latency": "55"}, {"date": "2024-01-19-01-00-00", "latency": "55"}, {"date": "2024-01-18-04-00-00", "latency": "55"}, {"date": "2024-01-18-04-00-00", "latency": "55"}, {"date": "2024-01-18-04-00-00", "latency": "55"}, {"date": "2024-01-18-04-00-00", "latency": "55"}, {"date": "2024-01-18-04-00-00", "latency": "55"}, {"date": "2024-01-18-04-00-00", "latency": "55"}, {"date": "2024-01-18-04-00-00", "latency": "55"}, {"date": "2024-01-18-04-00-00", "latency": "55"}, {"date": "2024-01-18-04-00-00", "latency": "55"}, {"date": "2024-01-18-04-00-00", "latency": "55"}, {"date": "2024-01-18-04-00-00", "latency": "55"}, {"date": "2024-01-18-04-00-00", "latency": "55"}, {"date": "2024-01-18-04-00-00", "latency": "55"}, {"date": "2024-01-18-04-00-00", "latency": "55"}, {"date": "2024-01-18-04-00-00", "latency": "55"}, {"date": "2024-01-18-04-00-00", "latency": "55"}, {"date": "2024-01-18-04-00-00", "latency": "55"}, {"date": "2024-01-18-04-00-00", "latency": "55"}, {"date": "2024-01-18-04-00-00", "latency": "55"}, {"date": "2024-01-18-04-00-00", "latency": "55"}]}, {"location": {"country_code": "it"}, "game_id": "101342", "values": [{"date": "2024-01-18-01-00-00", "latency": "70"}, {"date": "2024-01-18-01-00-00", "latency": "70"}, {"date": "2024-01-18-01-00-00", "latency": "70"}, {"date": "2024-01-18-01-00-00", "latency": "70"}, {"date": "2024-01-18-01-00-00", "latency": "70"}, {"date": "2024-01-18-01-00-00", "latency": "70"}, {"date": "2024-01-18-01-00-00", "latency": "70"}, {"date": "2024-01-18-01-00-00", "latency": "70"}, {"date": "2024-01-18-01-00-00", "latency": "70"}, {"date": "2024-01-18-01-00-00", "latency": "70"}, {"date": "2024-01-18-01-00-00", "latency": "70"}, {"date": "2024-01-18-01-00-00", "latency": "70"}, {"date": "2024-01-18-01-00-00", "latency": "70"}, {"date": "2024-01-18-01-00-00", "latency": "70"}, {"date": "2024-01-18-01-00-00", "latency": "70"}, {"date": "2024-01-18-01-00-00", "latency": "70"}, {"date": "2024-01-18-01-00-00", "latency": "70"}, {"date": "2024-01-18-01-00-00", "latency": "70"}, {"date": "2024-01-18-21-00-00", "latency": "74"}, {"date": "2024-01-18-21-00-00", "latency": "74"}, {"date": "2024-01-18-21-00-00", "latency": "74"}, {"date": "2024-01-18-21-00-00", "latency": "74"}, {"date": "2024-01-18-21-00-00", "latency": "74"}, {"date": "2024-01-18-21-00-00", "latency": "74"}, {"date": "2024-01-18-21-00-00", "latency": "74"}, {"date": "2024-01-18-21-00-00", "latency": "74"}, {"date": "2024-01-18-21-00-00", "latency": "74"}, {"date": "2024-01-18-21-00-00", "latency": "74"}, {"date": "2024-01-18-21-00-00", "latency": "74"}, {"date": "2024-01-18-21-00-00", "latency": "74"}, {"date": "2024-01-18-21-00-00", "latency": "74"}, {"date": "2024-01-18-21-00-00", "latency": "74"}, {"date": "2024-01-18-21-00-00", "latency": "74"}, {"date": "2024-01-18-21-00-00", "latency": "74"}, {"date": "2024-01-18-21-00-00", "latency": "74"}, {"date": "2024-01-18-21-00-00", "latency": "74"}, {"date": "2024-01-18-21-00-00", "latency": "74"}, {"date": "2024-01-18-21-00-00", "latency": "74"}, {"date": "2024-01-18-13-00-00", "latency": "160"}, {"date": "2024-01-18-13-00-00", "latency": "160"}, {"date": "2024-01-18-13-00-00", "latency": "160"}, {"date": "2024-01-18-13-00-00", "latency": "160"}, {"date": "2024-01-18-13-00-00", "latency": "160"}, {"date": "2024-01-18-13-00-00", "latency": "160"}, {"date": "2024-01-18-13-00-00", "latency": "160"}, {"date": "2024-01-18-13-00-00", "latency": "160"}, {"date": "2024-01-18-13-00-00", "latency": "160"}, {"date": "2024-01-18-13-00-00", "latency": "160"}, {"date": "2024-01-18-13-00-00", "latency": "160"}, {"date": "2024-01-18-13-00-00", "latency": "160"}, {"date": "2024-01-18-13-00-00", "latency": "160"}, {"date": "2024-01-18-13-00-00", "latency": "160"}, {"date": "2024-01-18-13-00-00", "latency": "160"}, {"date": "2024-01-18-13-00-00", "latency": "160"}, {"date": "2024-01-18-13-00-00", "latency": "160"}, {"date": "2024-01-18-13-00-00", "latency": "160"}, {"date": "2024-01-18-13-00-00", "latency": "160"}, {"date": "2024-01-18-13-00-00", "latency": "160"}, {"date": "2024-01-18-13-00-00", "latency": "160"}, {"date": "2024-01-18-13-00-00", "latency": "160"}, {"date": "2024-01-18-13-00-00", "latency": "160"}, {"date": "2024-01-18-13-00-00", "latency": "160"}, {"date": "2024-01-18-13-00-00", "latency": "160"}, {"date": "2024-01-18-13-00-00", "latency": "160"}, {"date": "2024-01-18-13-00-00", "latency": "160"}, {"date": "2024-01-18-13-00-00", "latency": "160"}, {"date": "2024-01-18-13-00-00", "latency": "160"}, {"date": "2024-01-18-13-00-00", "latency": "160"}, {"date": "2024-01-18-13-00-00", "latency": "160"}, {"date": "2024-01-18-13-00-00", "latency": "160"}, {"date": "2024-01-18-13-00-00", "latency": "160"}, {"date": "2024-01-18-23-00-00", "latency": "81"}, {"date": "2024-01-18-23-00-00", "latency": "81"}, {"date": "2024-01-18-23-00-00", "latency": "81"}, {"date": "2024-01-18-23-00-00", "latency": "81"}, {"date": "2024-01-18-23-00-00", "latency": "81"}, {"date": "2024-01-18-23-00-00", "latency": "81"}, {"date": "2024-01-18-23-00-00", "latency": "81"}, {"date": "2024-01-18-23-00-00", "latency": "81"}, {"date": "2024-01-18-23-00-00", "latency": "81"}, {"date": "2024-01-18-23-00-00", "latency": "81"}, {"date": "2024-01-18-23-00-00", "latency": "81"}, {"date": "2024-01-18-23-00-00", "latency": "81"}, {"date": "2024-01-18-23-00-00", "latency": "81"}, {"date": "2024-01-18-23-00-00", "latency": "81"}, {"date": "2024-01-18-23-00-00", "latency": "81"}, {"date": "2024-01-18-23-00-00", "latency": "81"}, {"date": "2024-01-18-23-00-00", "latency": "81"}, {"date": "2024-01-18-23-00-00", "latency": "81"}, {"date": "2024-01-18-23-00-00", "latency": "81"}]}, {"location": {"country_code": "jp"}, "game_id": "101342", "values": [{"date": "2024-01-18-10-00-00", "latency": "68"}, {"date": "2024-01-18-10-00-00", "latency": "68"}, {"date": "2024-01-18-10-00-00", "latency": "68"}, {"date": "2024-01-18-10-00-00", "latency": "68"}, {"date": "2024-01-18-10-00-00", "latency": "68"}, {"date": "2024-01-18-10-00-00", "latency": "68"}, {"date": "2024-01-18-10-00-00", "latency": "68"}, {"date": "2024-01-18-10-00-00", "latency": "68"}, {"date": "2024-01-18-10-00-00", "latency": "68"}, {"date": "2024-01-18-03-00-00", "latency": "37"}, {"date": "2024-01-18-03-00-00", "latency": "37"}, {"date": "2024-01-18-03-00-00", "latency": "37"}, {"date": "2024-01-18-03-00-00", "latency": "37"}, {"date": "2024-01-18-03-00-00", "latency": "37"}, {"date": "2024-01-18-03-00-00", "latency": "37"}, {"date": "2024-01-18-03-00-00", "latency": "37"}, {"date": "2024-01-18-03-00-00", "latency": "37"}, {"date": "2024-01-18-03-00-00", "latency": "37"}, {"date": "2024-01-18-03-00-00", "latency": "37"}, {"date": "2024-01-18-03-00-00", "latency": "37"}, {"date": "2024-01-18-03-00-00", "latency": "37"}, {"date": "2024-01-18-03-00-00", "latency": "37"}, {"date": "2024-01-18-03-00-00", "latency": "37"}, {"date": "2024-01-18-03-00-00", "latency": "37"}, {"date": "2024-01-18-03-00-00", "latency": "37"}, {"date": "2024-01-18-03-00-00", "latency": "37"}, {"date": "2024-01-18-03-00-00", "latency": "37"}, {"date": "2024-01-18-03-00-00", "latency": "37"}, {"date": "2024-01-18-03-00-00", "latency": "37"}, {"date": "2024-01-18-03-00-00", "latency": "37"}, {"date": "2024-01-18-03-00-00", "latency": "37"}, {"date": "2024-01-18-03-00-00", "latency": "37"}, {"date": "2024-01-18-03-00-00", "latency": "37"}, {"date": "2024-01-18-03-00-00", "latency": "37"}, {"date": "2024-01-18-03-00-00", "latency": "37"}, {"date": "2024-01-18-03-00-00", "latency": "37"}, {"date": "2024-01-18-03-00-00", "latency": "37"}, {"date": "2024-01-18-03-00-00", "latency": "37"}, {"date": "2024-01-18-03-00-00", "latency": "37"}, {"date": "2024-01-18-03-00-00", "latency": "37"}, {"date": "2024-01-18-03-00-00", "latency": "37"}, {"date": "2024-01-18-03-00-00", "latency": "37"}, {"date": "2024-01-18-03-00-00", "latency": "37"}, {"date": "2024-01-18-03-00-00", "latency": "37"}, {"date": "2024-01-18-03-00-00", "latency": "37"}, {"date": "2024-01-18-03-00-00", "latency": "37"}, {"date": "2024-01-18-03-00-00", "latency": "37"}, {"date": "2024-01-18-03-00-00", "latency": "37"}, {"date": "2024-01-18-03-00-00", "latency": "37"}, {"date": "2024-01-18-03-00-00", "latency": "37"}, {"date": "2024-01-18-03-00-00", "latency": "37"}, {"date": "2024-01-18-03-00-00", "latency": "37"}, {"date": "2024-01-18-03-00-00", "latency": "37"}]}, {"location": {"country_code": "ca"}, "game_id": "101342", "values": [{"date": "2024-01-18-03-00-00", "latency": "66"}, {"date": "2024-01-18-03-00-00", "latency": "66"}, {"date": "2024-01-18-03-00-00", "latency": "66"}, {"date": "2024-01-18-03-00-00", "latency": "66"}, {"date": "2024-01-18-03-00-00", "latency": "66"}, {"date": "2024-01-18-03-00-00", "latency": "66"}, {"date": "2024-01-18-03-00-00", "latency": "66"}, {"date": "2024-01-18-03-00-00", "latency": "66"}, {"date": "2024-01-18-03-00-00", "latency": "66"}, {"date": "2024-01-18-03-00-00", "latency": "66"}, {"date": "2024-01-18-03-00-00", "latency": "66"}, {"date": "2024-01-18-03-00-00", "latency": "66"}, {"date": "2024-01-18-03-00-00", "latency": "66"}, {"date": "2024-01-18-03-00-00", "latency": "66"}, {"date": "2024-01-18-03-00-00", "latency": "66"}, {"date": "2024-01-18-03-00-00", "latency": "66"}, {"date": "2024-01-18-03-00-00", "latency": "66"}, {"date": "2024-01-18-03-00-00", "latency": "66"}, {"date": "2024-01-18-03-00-00", "latency": "66"}, {"date": "2024-01-18-03-00-00", "latency": "66"}, {"date": "2024-01-18-03-00-00", "latency": "66"}, {"date": "2024-01-18-03-00-00", "latency": "66"}, {"date": "2024-01-18-03-00-00", "latency": "66"}, {"date": "2024-01-18-03-00-00", "latency": "66"}, {"date": "2024-01-18-03-00-00", "latency": "66"}, {"date": "2024-01-18-02-00-00", "latency": "69"}, {"date": "2024-01-18-02-00-00", "latency": "69"}, {"date": "2024-01-18-02-00-00", "latency": "69"}, {"date": "2024-01-18-02-00-00", "latency": "69"}, {"date": "2024-01-18-02-00-00", "latency": "69"}, {"date": "2024-01-18-02-00-00", "latency": "69"}, {"date": "2024-01-18-02-00-00", "latency": "69"}, {"date": "2024-01-18-02-00-00", "latency": "69"}, {"date": "2024-01-18-02-00-00", "latency": "69"}, {"date": "2024-01-18-02-00-00", "latency": "69"}, {"date": "2024-01-18-02-00-00", "latency": "69"}, {"date": "2024-01-18-02-00-00", "latency": "69"}, {"date": "2024-01-18-02-00-00", "latency": "69"}, {"date": "2024-01-18-02-00-00", "latency": "69"}, {"date": "2024-01-18-02-00-00", "latency": "69"}, {"date": "2024-01-18-02-00-00", "latency": "69"}, {"date": "2024-01-18-02-00-00", "latency": "69"}, {"date": "2024-01-18-02-00-00", "latency": "69"}, {"date": "2024-01-18-02-00-00", "latency": "69"}, {"date": "2024-01-18-02-00-00", "latency": "69"}, {"date": "2024-01-18-02-00-00", "latency": "69"}, {"date": "2024-01-18-02-00-00", "latency": "69"}, {"date": "2024-01-18-02-00-00", "latency": "69"}, {"date": "2024-01-18-02-00-00", "latency": "69"}, {"date": "2024-01-18-02-00-00", "latency": "69"}, {"date": "2024-01-18-02-00-00", "latency": "69"}, {"date": "2024-01-18-02-00-00", "latency": "69"}, {"date": "2024-01-18-02-00-00", "latency": "69"}, {"date": "2024-01-18-02-00-00", "latency": "69"}, {"date": "2024-01-18-02-00-00", "latency": "69"}, {"date": "2024-01-18-02-00-00", "latency": "69"}, {"date": "2024-01-18-02-00-00", "latency": "69"}, {"date": "2024-01-18-02-00-00", "latency": "69"}, {"date": "2024-01-18-02-00-00", "latency": "69"}, {"date": "2024-01-18-02-00-00", "latency": "69"}, {"date": "2024-01-18-02-00-00", "latency": "69"}, {"date": "2024-01-18-02-00-00", "latency": "69"}, {"date": "2024-01-18-02-00-00", "latency": "69"}, {"date": "2024-01-18-02-00-00", "latency": "69"}, {"date": "2024-01-18-02-00-00", "latency": "69"}, {"date": "2024-01-18-02-00-00", "latency": "69"}, {"date": "2024-01-18-02-00-00", "latency": "69"}, {"date": "2024-01-18-02-00-00", "latency": "69"}, {"date": "2024-01-18-02-00-00", "latency": "69"}, {"date": "2024-01-18-02-00-00", "latency": "69"}, {"date": "2024-01-18-02-00-00", "latency": "69"}, {"date": "2024-01-18-02-00-00", "latency": "69"}, {"date": "2024-01-18-02-00-00", "latency": "69"}, {"date": "2024-01-18-02-00-00", "latency": "69"}, {"date": "2024-01-18-02-00-00", "latency": "69"}, {"date": "2024-01-18-02-00-00", "latency": "69"}, {"date": "2024-01-18-02-00-00", "latency": "69"}]}, {"location": {"country_code": "de"}, "game_id": "101342", "values": [{"date": "2024-01-18-23-00-00", "latency": "80"}, {"date": "2024-01-18-23-00-00", "latency": "80"}, {"date": "2024-01-18-23-00-00", "latency": "80"}, {"date": "2024-01-18-23-00-00", "latency": "80"}, {"date": "2024-01-18-23-00-00", "latency": "80"}, {"date": "2024-01-18-23-00-00", "latency": "80"}, {"date": "2024-01-18-23-00-00", "latency": "80"}, {"date": "2024-01-18-23-00-00", "latency": "80"}, {"date": "2024-01-18-23-00-00", "latency": "80"}, {"date": "2024-01-18-23-00-00", "latency": "80"}, {"date": "2024-01-18-23-00-00", "latency": "80"}, {"date": "2024-01-18-23-00-00", "latency": "80"}, {"date": "2024-01-18-23-00-00", "latency": "80"}, {"date": "2024-01-18-23-00-00", "latency": "80"}, {"date": "2024-01-18-23-00-00", "latency": "80"}, {"date": "2024-01-18-23-00-00", "latency": "80"}, {"date": "2024-01-18-23-00-00", "latency": "80"}, {"date": "2024-01-18-23-00-00", "latency": "80"}, {"date": "2024-01-18-23-00-00", "latency": "80"}, {"date": "2024-01-18-23-00-00", "latency": "80"}, {"date": "2024-01-18-23-00-00", "latency": "80"}, {"date": "2024-01-18-23-00-00", "latency": "80"}, {"date": "2024-01-18-23-00-00", "latency": "80"}, {"date": "2024-01-18-23-00-00", "latency": "80"}, {"date": "2024-01-18-23-00-00", "latency": "80"}, {"date": "2024-01-18-23-00-00", "latency": "80"}, {"date": "2024-01-18-23-00-00", "latency": "80"}, {"date": "2024-01-18-23-00-00", "latency": "80"}, {"date": "2024-01-18-23-00-00", "latency": "80"}, {"date": "2024-01-18-23-00-00", "latency": "80"}, {"date": "2024-01-18-23-00-00", "latency": "80"}, {"date": "2024-01-18-23-00-00", "latency": "80"}, {"date": "2024-01-18-23-00-00", "latency": "80"}, {"date": "2024-01-18-23-00-00", "latency": "80"}, {"date": "2024-01-18-23-00-00", "latency": "80"}, {"date": "2024-01-18-23-00-00", "latency": "80"}, {"date": "2024-01-18-23-00-00", "latency": "80"}, {"date": "2024-01-18-23-00-00", "latency": "80"}, {"date": "2024-01-18-23-00-00", "latency": "80"}, {"date": "2024-01-18-23-00-00", "latency": "80"}, {"date": "2024-01-18-23-00-00", "latency": "80"}, {"date": "2024-01-18-23-00-00", "latency": "80"}, {"date": "2024-01-18-22-00-00", "latency": "83"}, {"date": "2024-01-18-22-00-00", "latency": "83"}, {"date": "2024-01-18-22-00-00", "latency": "83"}, {"date": "2024-01-18-22-00-00", "latency": "83"}, {"date": "2024-01-18-22-00-00", "latency": "83"}, {"date": "2024-01-18-22-00-00", "latency": "83"}, {"date": "2024-01-18-22-00-00", "latency": "83"}, {"date": "2024-01-18-23-00-00", "latency": "59"}, {"date": "2024-01-18-23-00-00", "latency": "59"}, {"date": "2024-01-18-23-00-00", "latency": "59"}, {"date": "2024-01-18-23-00-00", "latency": "59"}, {"date": "2024-01-18-23-00-00", "latency": "59"}, {"date": "2024-01-18-23-00-00", "latency": "59"}, {"date": "2024-01-18-23-00-00", "latency": "59"}, {"date": "2024-01-18-23-00-00", "latency": "59"}, {"date": "2024-01-18-23-00-00", "latency": "59"}, {"date": "2024-01-18-23-00-00", "latency": "59"}, {"date": "2024-01-18-23-00-00", "latency": "59"}, {"date": "2024-01-18-23-00-00", "latency": "59"}, {"date": "2024-01-18-23-00-00", "latency": "59"}, {"date": "2024-01-18-23-00-00", "latency": "59"}, {"date": "2024-01-18-23-00-00", "latency": "59"}, {"date": "2024-01-18-23-00-00", "latency": "59"}, {"date": "2024-01-18-23-00-00", "latency": "59"}, {"date": "2024-01-18-23-00-00", "latency": "59"}, {"date": "2024-01-18-23-00-00", "latency": "59"}, {"date": "2024-01-18-23-00-00", "latency": "59"}, {"date": "2024-01-18-23-00-00", "latency": "59"}]}, {"location": {"country_code": "gb", "region": "Scotland"}, "game_id": "101342", "values": [{"date": "2024-01-19-01-00-00", "latency": "142"}, {"date": "2024-01-19-01-00-00", "latency": "142"}, {"date": "2024-01-19-01-00-00", "latency": "142"}, {"date": "2024-01-19-01-00-00", "latency": "142"}, {"date": "2024-01-19-01-00-00", "latency": "142"}, {"date": "2024-01-18-20-00-00", "latency": "111"}, {"date": "2024-01-18-20-00-00", "latency": "111"}, {"date": "2024-01-18-20-00-00", "latency": "111"}, {"date": "2024-01-18-20-00-00", "latency": "111"}, {"date": "2024-01-18-20-00-00", "latency": "111"}, {"date": "2024-01-18-20-00-00", "latency": "111"}, {"date": "2024-01-18-20-00-00", "latency": "111"}, {"date": "2024-01-18-20-00-00", "latency": "111"}, {"date": "2024-01-18-20-00-00", "latency": "111"}, {"date": "2024-01-18-20-00-00", "latency": "111"}, {"date": "2024-01-18-20-00-00", "latency": "111"}, {"date": "2024-01-18-20-00-00", "latency": "111"}, {"date": "2024-01-18-20-00-00", "latency": "111"}, {"date": "2024-01-18-20-00-00", "latency": "111"}, {"date": "2024-01-18-20-00-00", "latency": "111"}, {"date": "2024-01-18-20-00-00", "latency": "111"}, {"date": "2024-01-18-20-00-00", "latency": "111"}, {"date": "2024-01-18-20-00-00", "latency": "111"}, {"date": "2024-01-18-20-00-00", "latency": "111"}, {"date": "2024-01-18-20-00-00", "latency": "111"}, {"date": "2024-01-18-20-00-00", "latency": "111"}, {"date": "2024-01-18-20-00-00", "latency": "111"}, {"date": "2024-01-18-20-00-00", "latency": "111"}, {"date": "2024-01-18-20-00-00", "latency": "111"}, {"date": "2024-01-18-20-00-00", "latency": "111"}, {"date": "2024-01-18-20-00-00", "latency": "111"}, {"date": "2024-01-18-20-00-00", "latency": "111"}, {"date": "2024-01-18-20-00-00", "latency": "111"}, {"date": "2024-01-18-20-00-00", "latency": "111"}, {"date": "2024-01-18-20-00-00", "latency": "111"}, {"date": "2024-01-18-20-00-00", "latency": "111"}, {"date": "2024-01-18-20-00-00", "latency": "111"}, {"date": "2024-01-18-20-00-00", "latency": "111"}, {"date": "2024-01-18-20-00-00", "latency": "111"}, {"date": "2024-01-18-20-00-00", "latency": "111"}, {"date": "2024-01-18-20-00-00", "latency": "111"}, {"date": "2024-01-18-20-00-00", "latency": "111"}, {"date": "2024-01-18-20-00-00", "latency": "111"}, {"date": "2024-01-18-20-00-00", "latency": "111"}, {"date": "2024-01-18-20-00-00", "latency": "111"}, {"date": "2024-01-18-20-00-00", "latency": "111"}, {"date": "2024-01-18-20-00-00", "latency": "111"}, {"date": "2024-01-18-20-00-00", "latency": "111"}, {"date": "2024-01-18-20-00-00", "latency": "111"}, {"date": "2024-01-18-20-00-00", "latency": "111"}, {"date": "2024-01-18-20-00-00", "latency": "111"}, {"date": "2024-01-18-20-00-00", "latency": "111"}, {"date": "2024-01-18-20-00-00", "latency": "111"}, {"date": "2024-01-18-20-00-00", "latency": "111"}, {"date": "2024-01-18-20-00-00", "latency": "111"}]}, {"location": {"country_code": "us", "region": "Texas"}, "game_id": "101342", "values": [{"date": "2024-01-19-00-00-00", "latency": "73"}, {"date": "2024-01-19-00-00-00", "latency": "73"}, {"date": "2024-01-19-00-00-00", "latency": "73"}, {"date": "2024-01-18-07-00-00", "latency": "57"}, {"date": "2024-01-18-07-00-00", "latency": "57"}, {"date": "2024-01-18-07-00-00", "latency": "57"}, {"date": "2024-01-18-07-00-00", "latency": "57"}, {"date": "2024-01-18-07-00-00", "latency": "57"}, {"date": "2024-01-18-07-00-00", "latency": "57"}, {"date": "2024-01-18-07-00-00", "latency": "57"}, {"date": "2024-01-18-07-00-00", "latency": "57"}, {"date": "2024-01-18-07-00-00", "latency": "57"}, {"date": "2024-01-18-07-00-00", "latency": "57"}, {"date": "2024-01-18-07-00-00", "latency": "57"}, {"date": "2024-01-18-07-00-00", "latency": "57"}, {"date": "2024-01-18-07-00-00", "latency": "57"}, {"date": "2024-01-18-07-00-00", "latency": "57"}, {"date": "2024-01-18-07-00-00", "latency": "57"}, {"date": "2024-01-18-07-00-00", "latency": "57"}, {"date": "2024-01-18-07-00-00", "latency": "57"}, {"date": "2024-01-18-07-00-00", "latency": "57"}, {"date": "2024-01-18-07-00-00", "latency": "57"}, {"date": "2024-01-18-07-00-00", "latency": "57"}, {"date": "2024-01-18-07-00-00", "latency": "57"}, {"date": "2024-01-18-07-00-00", "latency": "57"}, {"date": "2024-01-18-07-00-00", "latency": "57"}, {"date": "2024-01-18-07-00-00", "latency": "57"}, {"date": "2024-01-18-07-00-00", "latency": "57"}]}, {"location": {"country_code": "us", "region": "Florida"}, "game_id": "101342", "values": [{"date": "2024-01-18-07-00-00", "latency": "96"}, {"date": "2024-01-18-07-00-00", "latency": "96"}, {"date": "2024-01-18-07-00-00", "latency": "96"}, {"date": "2024-01-18-07-00-00", "latency": "96"}, {"date": "2024-01-18-07-00-00", "latency": "96"}, {"date": "2024-01-18-07-00-00", "latency": "96"}, {"date": "2024-01-18-07-00-00", "latency": "96"}, {"date": "2024-01-18-07-00-00", "latency": "96"}, {"date": "2024-01-18-07-00-00", "latency": "96"}, {"date": "2024-01-18-07-00-00", "latency": "96"}, {"date": "2024-01-18-07-00-00", "latency": "96"}, {"date": "2024-01-18-07-00-00", "latency": "96"}, {"date": "2024-01-18-07-00-00", "latency": "96"}, {"date": "2024-01-18-07-00-00", "latency": "96"}, {"date": "2024-01-18-07-00-00", "latency": "96"}, {"date": "2024-01-18-07-00-00", "latency": "96"}, {"date": "2024-01-18-07-00-00", "latency": "96"}, {"date": "2024-01-18-07-00-00", "latency": "96"}, {"date": "2024-01-18-07-00-00", "latency": "96"}, {"date": "2024-01-18-07-00-00", "latency": "96"}, {"date": "2024-01-18-07-00-00", "latency": "96"}, {"date": "2024-01-18-07-00-00", "latency": "96"}, {"date": "2024-01-18-07-00-00", "latency": "96"}, {"date": "2024-01-18-07-00-00", "latency": "96"}, {"date": "2024-01-18-07-00-00", "latency": "96"}, {"date": "2024-01-18-07-00-00", "latency": "96"}, {"date": "2024-01-18-07-00-00", "latency": "96"}, {"date": "2024-01-18-07-00-00", "latency": "96"}, {"date": "2024-01-18-07-00-00", "latency": "96"}, {"date": "2024-01-18-07-00-00", "latency": "96"}, {"date": "2024-01-18-07-00-00", "latency": "96"}, {"date": "2024-01-18-07-00-00", "latency": "96"}, {"date": "2024-01-18-07-00-00", "latency": "96"}, {"date": "2024-01-18-07-00-00", "latency": "96"}, {"date": "2024-01-18-07-00-00", "latency": "96"}, {"date": "2024-01-18-07-00-00", "latency": "96"}, {"date": "2024-01-18-07-00-00", "latency": "96"}, {"date": "2024-01-18-07-00-00", "latency": "96"}, {"date": "2024-01-18-07-00-00", "latency": "96"}, {"date": "2024-01-18-07-00-00", "latency": "96"}, {"date": "2024-01-18-07-00-00", "latency": "96"}, {"date": "2024-01-18-07-00-00", "latency": "96"}, {"date": "2024-01-18-07-00-00", "latency": "96"}, {"date": "2024-01-18-07-00-00", "latency": "96"}, {"date": "2024-01-18-07-00-00", "latency": "96"}, {"date": "2024-01-18-07-00-00", "latency": "96"}, {"date": "2024-01-18-07-00-00", "latency": "96"}, {"date": "2024-01-18-07-00-00", "latency": "96"}, {"date": "2024-01-18-07-00-00", "latency": "96"}, {"date": "2024-01-18-07-00-00", "latency": "96"}, {"date": "2024-01-18-07-00-00", "latency": "96"}, {"date": "2024-01-18-07-00-00", "latency": "96"}, {"date": "2024-01-18-07-00-00", "latency": "96"}]}, {"location": {"country_code": "fr", "region": "Occitanie", "city": "Montpellier"}, "game_id": "101342", "values": [{"date": "2024-01-18-19-00-00", "latency": "96"}, {"date": "2024-01-18-19-00-00", "latency": "96"}, {"date": "2024-01-18-19-00-00", "latency": "96"}, {"date": "2024-01-18-19-00-00", "latency": "96"}, {"date": "2024-01-18-19-00-00", "latency": "96"}, {"date": "2024-01-18-19-00-00", "latency": "96"}, {"date": "2024-01-18-19-00-00", "latency": "96"}, {"date": "2024-01-18-19-00-00", "latency": "96"}, {"date": "2024-01-18-19-00-00", "latency": "96"}]}, {"location": {"country_code": "us", "region": "Ohio"}, "game_id": "101342", "values": [{"date": "2024-01-18-06-00-00", "latency": "49"}, {"date": "2024-01-18-06-00-00", "latency": "49"}, {"date": "2024-01-18-06-00-00", "latency": "49"}, {"date": "2024-01-18-06-00-00", "latency": "49"}, {"date": "2024-01-18-06-00-00", "latency": "49"}, {"date": "2024-01-18-06-00-00", "latency": "49"}, {"date": "2024-01-18-06-00-00", "latency": "49"}, {"date": "2024-01-18-06-00-00", "latency": "49"}, {"date": "2024-01-18-06-00-00", "latency": "49"}, {"date": "2024-01-18-06-00-00", "latency": "49"}, {"date": "2024-01-18-06-00-00", "latency": "49"}, {"date": "2024-01-18-06-00-00", "latency": "49"}, {"date": "2024-01-18-06-00-00", "latency": "49"}, {"date": "2024-01-18-06-00-00", "latency": "49"}, {"date": "2024-01-18-06-00-00", "latency": "49"}, {"date": "2024-01-18-06-00-00", "latency": "49"}, {"date": "2024-01-18-06-00-00", "latency": "49"}, {"date": "2024-01-18-06-00-00", "latency": "49"}, {"date": "2024-01-18-06-00-00", "latency": "49"}, {"date": "2024-01-18-06-00-00", "latency": "49"}, {"date": "2024-01-18-06-00-00", "latency": "49"}, {"date": "2024-01-18-06-00-00", "latency": "49"}, {"date": "2024-01-18-06-00-00", "latency": "49"}, {"date": "2024-01-18-06-00-00", "latency": "49"}, {"date": "2024-01-18-06-00-00", "latency": "49"}, {"date": "2024-01-18-06-00-00", "latency": "49"}, {"date": "2024-01-18-06-00-00", "latency": "49"}, {"date": "2024-01-18-06-00-00", "latency": "49"}, {"date": "2024-01-18-06-00-00", "latency": "49"}, {"date": "2024-01-18-06-00-00", "latency": "49"}, {"date": "2024-01-18-06-00-00", "latency": "49"}, {"date": "2024-01-18-06-00-00", "latency": "49"}, {"date": "2024-01-18-06-00-00", "latency": "49"}, {"date": "2024-01-18-06-00-00", "latency": "49"}, {"date": "2024-01-18-18-00-00", "latency": "56"}, {"date": "2024-01-18-18-00-00", "latency": "56"}, {"date": "2024-01-18-18-00-00", "latency": "56"}, {"date": "2024-01-18-18-00-00", "latency": "56"}, {"date": "2024-01-18-18-00-00", "latency": "56"}, {"date": "2024-01-18-18-00-00", "latency": "56"}, {"date": "2024-01-18-18-00-00", "latency": "56"}, {"date": "2024-01-18-18-00-00", "latency": "56"}, {"date": "2024-01-18-18-00-00", "latency": "56"}, {"date": "2024-01-18-18-00-00", "latency": "56"}, {"date": "2024-01-18-18-00-00", "latency": "56"}, {"date": "2024-01-18-18-00-00", "latency": "56"}, {"date": "2024-01-18-18-00-00", "latency": "56"}, {"date": "2024-01-18-18-00-00", "latency": "56"}, {"date": "2024-01-18-18-00-00", "latency": "56"}, {"date": "2024-01-18-18-00-00", "latency": "56"}, {"date": "2024-01-18-18-00-00", "latency": "56"}, {"date": "2024-01-18-18-00-00", "latency": "56"}, {"date": "2024-01-18-18-00-00", "latency": "56"}, {"date": "2024-01-18-18-00-00", "latency": "56"}, {"date": "2024-01-18-18-00-00", "latency": "56"}, {"date": "2024-01-18-18-00-00", "latency": "56"}, {"date": "2024-01-18-18-00-00", "latency": "56"}, {"date": "2024-01-18-18-00-00", "latency": "56"}, {"date": "2024-01-18-18-00-00", "latency": "56"}, {"date": "2024-01-18-18-00-00", "latency": "56"}, {"date": "2024-01-18-18-00-00", "latency": "56"}, {"date": "2024-01-18-18-00-00", "latency": "56"}, {"date": "2024-01-18-18-00-00", "latency": "56"}, {"date": "2024-01-18-18-00-00", "latency": "56"}, {"date": "2024-01-18-18-00-00", "latency": "56"}, {"date": "2024-01-18-18-00-00", "latency": "56"}, {"date": "2024-01-18-18-00-00", "latency": "56"}, {"date": "2024-01-18-18-00-00", "latency": "56"}, {"date": "2024-01-18-18-00-00", "latency": "56"}, {"date": "2024-01-18-18-00-00", "latency": "56"}, {"date": "2024-01-18-18-00-00", "latency": "56"}]}, {"location": {"country_code": "mx", "region": "Mexico City"}, "game_id": "101342", "values": [{"date": "2024-01-18-23-00-00", "latency": "61"}, {"date": "2024-01-18-23-00-00", "latency": "61"}, {"date": "2024-01-18-23-00-00", "latency": "61"}, {"date": "2024-01-18-23-00-00", "latency": "61"}, {"date": "2024-01-18-23-00-00", "latency": "61"}, {"date": "2024-01-18-23-00-00", "latency": "61"}, {"date": "2024-01-18-23-00-00", "latency": "61"}, {"date": "2024-01-18-23-00-00", "latency": "61"}, {"date": "2024-01-18-23-00-00", "latency": "61"}, {"date": "2024-01-18-23-00-00", "latency": "61"}, {"date": "2024-01-18-23-00-00", "latency": "61"}, {"date": "2024-01-18-23-00-00", "latency": "61"}, {"date": "2024-01-18-23-00-00", "latency": "61"}, {"date": "2024-01-18-23-00-00", "latency": "61"}, {"date": "2024-01-18-23-00-00", "latency": "61"}, {"date": "2024-01-18-23-00-00", "latency": "61"}, {"date": "2024-01-18-23-00-00", "latency": "61"}, {"date": "2024-01-18-23-00-00", "latency": "61"}]}, {"location": {"country_code": "us", "region": "California"}, "game_id": "101342", "values": [{"date": "2024-01-18-01-00-00", "latency": "63"}, {"date": "2024-01-18-01-00-00", "latency": "63"}, {"date": "2024-01-18-01-00-00", "latency": "63"}, {"date": "2024-01-18-01-00-00", "latency": "63"}]}, {"location": {"country_code": "br"}, "game_id": "101342", "values": [{"date": "2024-01-19-01-00-00", "latency": "59"}, {"date": "2024-01-19-01-00-00", "latency": "59"}, {"date": "2024-01-19-01-00-00", "latency": "59"}, {"date": "2024-01-19-01-00-00", "latency": "59"}, {"date": "2024-01-19-01-00-00", "latency": "59"}, {"date": "2024-01-19-01-00-00", "latency": "59"}, {"date": "2024-01-19-01-00-00", "latency": "59"}, {"date": "2024-01-19-01-00-00", "latency": "59"}, {"date": "2024-01-19-01-00-00", "latency": "59"}, {"date": "2024-01-19-01-00-00", "latency": "59"}, {"date": "2024-01-19-01-00-00", "latency": "59"}, {"date": "2024-01-19-01-00-00", "latency": "59"}, {"date": "2024-01-19-01-00-00", "latency": "59"}, {"date": "2024-01-19-01-00-00", "latency": "59"}, {"date": "2024-01-19-01-00-00", "latency": "59"}, {"date": "2024-01-19-01-00-00", "latency": "59"}, {"date": "2024-01-19-01-00-00", "latency": "59"}, {"date": "2024-01-19-01-00-00", "latency": "59"}, {"date": "2024-01-19-01-00-00", "latency": "59"}, {"date": "2024-01-19-01-00-00", "latency": "59"}, {"date": "2024-01-19-01-00-00", "latency": "59"}, {"date": "2024-01-19-01-00-00", "latency": "59"}, {"date": "2024-01-19-01-00-00", "latency": "59"}]}, {"location": {"country_code": "br", "region": "Sao Paulo", "city": "Apiai"}, "game_id": "101342", "values": [{"date": "2024-01-19-00-00-00", "latency": "54"}, {"date": "2024-01-19-00-00-00", "latency": "54"}, {"date": "2024-01-19-00-00-00", "latency": "54"}, {"date": "2024-01-19-00-00-00", "latency": "54"}, {"date": "2024-01-19-00-00-00", "latency": "54"}, {"date": "2024-01-19-00-00-00", "latency": "54"}, {"date": "2024-01-19-00-00-00", "latency": "54"}, {"date": "2024-01-19-00-00-00", "latency": "54"}, {"date": "2024-01-19-00-00-00", "latency": "54"}, {"date": "2024-01-19-00-00-00", "latency": "54"}, {"date": "2024-01-19-00-00-00", "latency": "54"}, {"date": "2024-01-19-00-00-00", "latency": "54"}, {"date": "2024-01-19-00-00-00", "latency": "54"}, {"date": "2024-01-19-00-00-00", "latency": "54"}, {"date": "2024-01-19-00-00-00", "latency": "54"}, {"date": "2024-01-19-00-00-00", "latency": "54"}, {"date": "2024-01-19-00-00-00", "latency": "54"}, {"date": "2024-01-19-00-00-00", "latency": "54"}, {"date": "2024-01-19-00-00-00", "latency": "54"}, {"date": "2024-01-19-00-00-00", "latency": "54"}, {"date": "2024-01-19-00-00-00", "latency": "54"}, {"date": "2024-01-19-00-00-00", "latency": "54"}, {"date": "2024-01-19-00-00-00", "latency": "54"}, {"date": "2024-01-19-00-00-00", "latency": "54"}, {"date": "2024-01-19-00-00-00", "latency": "54"}, {"date": "2024-01-19-00-00-00", "latency": "54"}, {"date": "2024-01-19-00-00-00", "latency": "54"}, {"date": "2024-01-19-00-00-00", "latency": "54"}, {"date": "2024-01-19-00-00-00", "latency": "54"}, {"date": "2024-01-19-00-00-00", "latency": "54"}, {"date": "2024-01-19-00-00-00", "latency": "54"}, {"date": "2024-01-19-00-00-00", "latency": "54"}, {"date": "2024-01-19-00-00-00", "latency": "54"}, {"date": "2024-01-19-00-00-00", "latency": "54"}, {"date": "2024-01-19-00-00-00", "latency": "54"}, {"date": "2024-01-19-00-00-00", "latency": "54"}, {"date": "2024-01-19-00-00-00", "latency": "54"}, {"date": "2024-01-19-00-00-00", "latency": "54"}, {"date": "2024-01-19-00-00-00", "latency": "54"}]}, {"location": {"country_code": "se"}, "game_id": "101342", "values": [{"date": "2024-01-18-18-00-00", "latency": "71"}, {"date": "2024-01-18-18-00-00", "latency": "71"}, {"date": "2024-01-18-18-00-00", "latency": "71"}, {"date": "2024-01-18-18-00-00", "latency": "71"}, {"date": "2024-01-18-18-00-00", "latency": "71"}, {"date": "2024-01-18-18-00-00", "latency": "71"}, {"date": "2024-01-18-18-00-00", "latency": "71"}, {"date": "2024-01-18-18-00-00", "latency": "71"}, {"date": "2024-01-18-18-00-00", "latency": "71"}, {"date": "2024-01-18-19-00-00", "latency": "53"}, {"date": "2024-01-18-20-00-00", "latency": "90"}, {"date": "2024-01-18-20-00-00", "latency": "90"}, {"date": "2024-01-18-20-00-00", "latency": "90"}, {"date": "2024-01-18-20-00-00", "latency": "90"}, {"date": "2024-01-18-20-00-00", "latency": "90"}, {"date": "2024-01-18-20-00-00", "latency": "90"}, {"date": "2024-01-18-20-00-00", "latency": "90"}, {"date": "2024-01-18-20-00-00", "latency": "90"}, {"date": "2024-01-18-20-00-00", "latency": "90"}, {"date": "2024-01-18-20-00-00", "latency": "90"}, {"date": "2024-01-18-20-00-00", "latency": "90"}, {"date": "2024-01-18-20-00-00", "latency": "90"}, {"date": "2024-01-18-20-00-00", "latency": "90"}, {"date": "2024-01-18-20-00-00", "latency": "90"}, {"date": "2024-01-18-20-00-00", "latency": "90"}, {"date": "2024-01-18-20-00-00", "latency": "90"}, {"date": "2024-01-18-20-00-00", "latency": "90"}, {"date": "2024-01-18-20-00-00", "latency": "90"}, {"date": "2024-01-18-20-00-00", "latency": "90"}, {"date": "2024-01-18-20-00-00", "latency": "90"}, {"date": "2024-01-18-20-00-00", "latency": "90"}, {"date": "2024-01-18-20-00-00", "latency": "90"}, {"date": "2024-01-18-20-00-00", "latency": "90"}, {"date": "2024-01-18-20-00-00", "latency": "90"}, {"date": "2024-01-18-20-00-00", "latency": "90"}, {"date": "2024-01-18-20-00-00", "latency": "90"}, {"date": "2024-01-18-20-00-00", "latency": "90"}, {"date": "2024-01-18-20-00-00", "latency": "90"}, {"date": "2024-01-18-20-00-00", "latency": "90"}, {"date": "2024-01-18-20-00-00", "latency": "90"}, {"date": "2024-01-18-20-00-00", "latency": "90"}, {"date": "2024-01-18-20-00-00", "latency": "90"}, {"date": "2024-01-18-20-00-00", "latency": "90"}, {"date": "2024-01-18-20-00-00", "latency": "90"}, {"date": "2024-01-18-20-00-00", "latency": "90"}, {"date": "2024-01-18-20-00-00", "latency": "90"}, {"date": "2024-01-18-20-00-00", "latency": "90"}, {"date": "2024-01-18-20-00-00", "latency": "90"}]}, {"location": {"country_code": "no"}, "game_id": "101342", "values": [{"date": "2024-01-18-02-00-00", "latency": "75"}, {"date": "2024-01-18-02-00-00", "latency": "75"}, {"date": "2024-01-18-02-00-00", "latency": "75"}, {"date": "2024-01-18-02-00-00", "latency": "75"}, {"date": "2024-01-18-02-00-00", "latency": "75"}, {"date": "2024-01-18-02-00-00", "latency": "75"}, {"date": "2024-01-18-02-00-00", "latency": "75"}, {"date": "2024-01-18-02-00-00", "latency": "75"}, {"date": "2024-01-18-02-00-00", "latency": "75"}, {"date": "2024-01-18-02-00-00", "latency": "75"}, {"date": "2024-01-18-02-00-00", "latency": "75"}, {"date": "2024-01-18-02-00-00", "latency": "75"}, {"date": "2024-01-18-02-00-00", "latency": "75"}]}, {"location": {"country_code": "au"}, "game_id": "101342", "values": [{"date": "2024-01-18-10-00-00", "latency": "78"}, {"date": "2024-01-18-10-00-00", "latency": "78"}, {"date": "2024-01-18-10-00-00", "latency": "78"}, {"date": "2024-01-18-10-00-00", "latency": "78"}, {"date": "2024-01-18-10-00-00", "latency": "78"}, {"date": "2024-01-18-10-00-00", "latency": "78"}, {"date": "2024-01-18-10-00-00", "latency": "78"}, {"date": "2024-01-18-10-00-00", "latency": "78"}, {"date": "2024-01-18-10-00-00", "latency": "78"}, {"date": "2024-01-18-10-00-00", "latency": "78"}, {"date": "2024-01-18-10-00-00", "latency": "78"}, {"date": "2024-01-18-10-00-00", "latency": "78"}, {"date": "2024-01-18-10-00-00", "latency": "78"}, {"date": "2024-01-18-10-00-00", "latency": "78"}, {"date": "2024-01-18-10-00-00", "latency": "78"}, {"date": "2024-01-18-10-00-00", "latency": "78"}, {"date": "2024-01-18-10-00-00", "latency": "78"}, {"date": "2024-01-18-10-00-00", "latency": "78"}, {"date": "2024-01-18-10-00-00", "latency": "78"}, {"date": "2024-01-18-10-00-00", "latency": "78"}, {"date": "2024-01-18-10-00-00", "latency": "78"}, {"date": "2024-01-18-10-00-00", "latency": "78"}, {"date": "2024-01-18-10-00-00", "latency": "78"}, {"date": "2024-01-18-10-00-00", "latency": "78"}, {"date": "2024-01-18-10-00-00", "latency": "78"}, {"date": "2024-01-18-10-00-00", "latency": "78"}, {"date": "2024-01-18-10-00-00", "latency": "78"}, {"date": "2024-01-18-10-00-00", "latency": "78"}, {"date": "2024-01-18-10-00-00", "latency": "78"}, {"date": "2024-01-18-10-00-00", "latency": "78"}, {"date": "2024-01-18-10-00-00", "latency": "78"}, {"date": "2024-01-18-10-00-00", "latency": "78"}, {"date": "2024-01-18-10-00-00", "latency": "78"}, {"date": "2024-01-18-10-00-00", "latency": "78"}, {"date": "2024-01-18-10-00-00", "latency": "78"}, {"date": "2024-01-18-10-00-00", "latency": "78"}, {"date": "2024-01-18-10-00-00", "latency": "78"}, {"date": "2024-01-18-10-00-00", "latency": "78"}, {"date": "2024-01-18-10-00-00", "latency": "78"}, {"date": "2024-01-18-10-00-00", "latency": "78"}, {"date": "2024-01-18-10-00-00", "latency": "78"}, {"date": "2024-01-18-10-00-00", "latency": "78"}, {"date": "2024-01-18-10-00-00", "latency": "78"}, {"date": "2024-01-18-10-00-00", "latency": "78"}, {"date": "2024-01-18-10-00-00", "latency": "78"}, {"date": "2024-01-18-10-00-00", "latency": "78"}, {"date": "2024-01-18-10-00-00", "latency": "78"}, {"date": "2024-01-18-10-00-00", "latency": "78"}, {"date": "2024-01-18-10-00-00", "latency": "78"}, {"date": "2024-01-18-10-00-00", "latency": "78"}, {"date": "2024-01-18-10-00-00", "latency": "78"}, {"date": "2024-01-18-10-00-00", "latency": "78"}, {"date": "2024-01-18-10-00-00", "latency": "78"}, {"date": "2024-01-18-10-00-00", "latency": "78"}, {"date": "2024-01-18-10-00-00", "latency": "78"}, {"date": "2024-01-18-10-00-00", "latency": "78"}, {"date": "2024-01-18-10-00-00", "latency": "78"}, {"date": "2024-01-18-15-00-00", "latency": "62"}, {"date": "2024-01-18-15-00-00", "latency": "62"}, {"date": "2024-01-18-15-00-00", "latency": "62"}, {"date": "2024-01-18-15-00-00", "latency": "62"}, {"date": "2024-01-18-15-00-00", "latency": "62"}, {"date": "2024-01-18-15-00-00", "latency": "62"}, {"date": "2024-01-18-15-00-00", "latency": "62"}, {"date": "2024-01-18-15-00-00", "latency": "62"}, {"date": "2024-01-18-15-00-00", "latency": "62"}, {"date": "2024-01-18-15-00-00", "latency": "62"}, {"date": "2024-01-18-15-00-00", "latency": "62"}, {"date": "2024-01-18-15-00-00", "latency": "62"}, {"date": "2024-01-18-15-00-00", "latency": "62"}, {"date": "2024-01-18-15-00-00", "latency": "62"}, {"date": "2024-01-18-15-00-00", "latency": "62"}, {"date": "2024-01-18-15-00-00", "latency": "62"}, {"date": "2024-01-18-15-00-00", "latency": "62"}, {"date": "2024-01-18-15-00-00", "latency": "62"}, {"date": "2024-01-18-15-00-00", "latency": "62"}, {"date": "2024-01-18-15-00-00", "latency": "62"}, {"date": "2024-01-18-15-00-00", "latency": "62"}, {"date": "2024-01-18-15-00-00", "latency": "62"}, {"date": "2024-01-18-15-00-00", "latency": "62"}, {"date": "2024-01-18-15-00-00", "latency": "62"}, {"date": "2024-01-18-15-00-00", "latency": "62"}, {"date": "2024-01-18-15-00-00", "latency": "62"}, {"date": "2024-01-18-15-00-00", "latency": "62"}, {"date": "2024-01-18-15-00-00", "latency": "62"}, {"date": "2024-01-18-15-00-00", "latency": "62"}, {"date": "2024-01-18-15-00-00", "latency": "62"}, {"date": "2024-01-18-15-00-00", "latency": "62"}, {"date": "2024-01-18-15-00-00", "latency": "62"}, {"date": "2024-01-18-15-00-00", "latency": "62"}, {"date": "2024-01-18-15-00-00", "latency": "62"}]}, {"location": {"country_code": "au", "region": "Victoria", "city": "Melbourne"}, "game_id": "101342", "values": [{"date": "2024-01-18-18-00-00", "latency": "58"}]}, {"location": {"country_code": "br", "region": "Goias", "city": "Catalao"}, "game_id": "101342", "values": [{"date": "2024-01-18-07-00-00", "latency": "60"}, {"date": "2024-01-18-07-00-00", "latency": "60"}, {"date": "2024-01-18-07-00-00", "latency": "60"}, {"date": "2024-01-18-07-00-00", "latency": "60"}, {"date": "2024-01-18-07-00-00", "latency": "60"}, {"date": "2024-01-18-07-00-00", "latency": "60"}, {"date": "2024-01-18-07-00-00", "latency": "60"}, {"date": "2024-01-18-07-00-00", "latency": "60"}, {"date": "2024-01-18-07-00-00", "latency": "60"}, {"date": "2024-01-18-07-00-00", "latency": "60"}, {"date": "2024-01-18-07-00-00", "latency": "60"}, {"date": "2024-01-18-07-00-00", "latency": "60"}, {"date": "2024-01-18-07-00-00", "latency": "60"}, {"date": "2024-01-18-07-00-00", "latency": "60"}, {"date": "2024-01-18-07-00-00", "latency": "60"}, {"date": "2024-01-18-07-00-00", "latency": "60"}, {"date": "2024-01-18-07-00-00", "latency": "60"}, {"date": "2024-01-18-07-00-00", "latency": "60"}, {"date": "2024-01-18-07-00-00", "latency": "60"}, {"date": "2024-01-18-07-00-00", "latency": "60"}, {"date": "2024-01-18-07-00-00", "latency": "60"}, {"date": "2024-01-18-07-00-00", "latency": "60"}, {"date": "2024-01-18-07-00-00", "latency": "60"}, {"date": "2024-01-18-07-00-00", "latency": "60"}, {"date": "2024-01-18-07-00-00", "latency": "60"}, {"date": "2024-01-18-07-00-00", "latency": "60"}, {"date": "2024-01-18-07-00-00", "latency": "60"}, {"date": "2024-01-18-07-00-00", "latency": "60"}, {"date": "2024-01-18-07-00-00", "latency": "60"}, {"date": "2024-01-18-07-00-00", "latency": "60"}, {"date": "2024-01-18-07-00-00", "latency": "60"}, {"date": "2024-01-18-07-00-00", "latency": "60"}, {"date": "2024-01-18-07-00-00", "latency": "60"}, {"date": "2024-01-18-07-00-00", "latency": "60"}, {"date": "2024-01-18-07-00-00", "latency": "60"}, {"date": "2024-01-18-07-00-00", "latency": "60"}]}, {"location": {"country_code": "ar"}, "game_id": "101342", "values": [{"date": "2024-01-18-06-00-00", "latency": "77"}, {"date": "2024-01-18-06-00-00", "latency": "77"}, {"date": "2024-01-18-06-00-00", "latency": "77"}, {"date": "2024-01-18-06-00-00", "latency": "77"}, {"date": "2024-01-18-03-00-00", "latency": "70"}, {"date": "2024-01-18-03-00-00", "latency": "70"}, {"date": "2024-01-18-03-00-00", "latency": "70"}, {"date": "2024-01-18-03-00-00", "latency": "70"}, {"date": "2024-01-18-03-00-00", "latency": "70"}, {"date": "2024-01-18-03-00-00", "latency": "70"}, {"date": "2024-01-18-03-00-00", "latency": "70"}, {"date": "2024-01-18-03-00-00", "latency": "70"}, {"date": "2024-01-18-03-00-00", "latency": "70"}, {"date": "2024-01-18-03-00-00", "latency": "70"}, {"date": "2024-01-18-03-00-00", "latency": "70"}, {"date": "2024-01-18-03-00-00", "latency": "70"}, {"date": "2024-01-18-03-00-00", "latency": "70"}, {"date": "2024-01-18-03-00-00", "latency": "70"}, {"date": "2024-01-18-03-00-00", "latency": "70"}, {"date": "2024-01-18-03-00-00", "latency": "70"}, {"date": "2024-01-18-03-00-00", "latency": "70"}, {"date": "2024-01-18-03-00-00", "latency": "70"}, {"date": "2024-01-18-03-00-00", "latency": "70"}, {"date": "2024-01-18-03-00-00", "latency": "70"}, {"date": "2024-01-18-03-00-00", "latency": "70"}, {"date": "2024-01-18-03-00-00", "latency": "70"}, {"date": "2024-01-18-03-00-00", "latency": "70"}, {"date": "2024-01-18-03-00-00", "latency": "70"}, {"date": "2024-01-18-03-00-00", "latency": "70"}, {"date": "2024-01-18-03-00-00", "latency": "70"}, {"date": "2024-01-18-03-00-00", "latency": "70"}, {"date": "2024-01-18-03-00-00", "latency": "70"}, {"date": "2024-01-18-03-00-00", "latency": "70"}, {"date": "2024-01-18-03-00-00", "latency": "70"}, {"date": "2024-01-18-03-00-00", "latency": "70"}, {"date": "2024-01-18-03-00-00", "latency": "70"}, {"date": "2024-01-18-03-00-00", "latency": "70"}, {"date": "2024-01-18-03-00-00", "latency": "70"}]}, {"location": {"country_code": "at"}, "game_id": "101342", "values": [{"date": "2024-01-18-23-00-00", "latency": "60"}, {"date": "2024-01-18-23-00-00", "latency": "60"}, {"date": "2024-01-18-23-00-00", "latency": "60"}, {"date": "2024-01-18-23-00-00", "latency": "60"}, {"date": "2024-01-18-23-00-00", "latency": "60"}, {"date": "2024-01-18-23-00-00", "latency": "60"}, {"date": "2024-01-18-23-00-00", "latency": "60"}, {"date": "2024-01-18-23-00-00", "latency": "60"}, {"date": "2024-01-18-23-00-00", "latency": "60"}, {"date": "2024-01-18-23-00-00", "latency": "60"}, {"date": "2024-01-18-23-00-00", "latency": "60"}, {"date": "2024-01-18-23-00-00", "latency": "60"}, {"date": "2024-01-18-23-00-00", "latency": "60"}, {"date": "2024-01-18-23-00-00", "latency": "60"}, {"date": "2024-01-18-23-00-00", "latency": "60"}, {"date": "2024-01-18-23-00-00", "latency": "60"}, {"date": "2024-01-18-23-00-00", "latency": "60"}, {"date": "2024-01-18-23-00-00", "latency": "60"}, {"date": "2024-01-18-23-00-00", "latency": "60"}, {"date": "2024-01-18-23-00-00", "latency": "60"}, {"date": "2024-01-18-23-00-00", "latency": "60"}, {"date": "2024-01-18-23-00-00", "latency": "60"}, {"date": "2024-01-18-23-00-00", "latency": "60"}, {"date": "2024-01-18-23-00-00", "latency": "60"}, {"date": "2024-01-18-23-00-00", "latency": "60"}, {"date": "2024-01-18-23-00-00", "latency": "60"}, {"date": "2024-01-18-23-00-00", "latency": "60"}, {"date": "2024-01-18-23-00-00", "latency": "60"}, {"date": "2024-01-18-23-00-00", "latency": "60"}, {"date": "2024-01-18-23-00-00", "latency": "60"}, {"date": "2024-01-18-23-00-00", "latency": "60"}, {"date": "2024-01-18-23-00-00", "latency": "60"}, {"date": "2024-01-18-23-00-00", "latency": "60"}, {"date": "2024-01-18-23-00-00", "latency": "60"}, {"date": "2024-01-18-23-00-00", "latency": "60"}, {"date": "2024-01-18-23-00-00", "latency": "60"}, {"date": "2024-01-18-23-00-00", "latency": "60"}]}, {"location": {"country_code": "us", "region": "Arizona"}, "game_id": "101342", "values": [{"date": "2024-01-18-04-00-00", "latency": "86"}, {"date": "2024-01-18-04-00-00", "latency": "86"}, {"date": "2024-01-18-04-00-00", "latency": "86"}, {"date": "2024-01-18-04-00-00", "latency": "86"}, {"date": "2024-01-18-04-00-00", "latency": "86"}, {"date": "2024-01-18-04-00-00", "latency": "86"}, {"date": "2024-01-18-04-00-00", "latency": "86"}, {"date": "2024-01-18-04-00-00", "latency": "86"}, {"date": "2024-01-18-04-00-00", "latency": "86"}, {"date": "2024-01-18-04-00-00", "latency": "86"}, {"date": "2024-01-18-04-00-00", "latency": "86"}, {"date": "2024-01-18-04-00-00", "latency": "86"}, {"date": "2024-01-18-04-00-00", "latency": "86"}, {"date": "2024-01-18-04-00-00", "latency": "86"}, {"date": "2024-01-18-04-00-00", "latency": "86"}, {"date": "2024-01-18-04-00-00", "latency": "86"}, {"date": "2024-01-18-04-00-00", "latency": "86"}, {"date": "2024-01-18-04-00-00", "latency": "86"}, {"date": "2024-01-18-04-00-00", "latency": "86"}, {"date": "2024-01-18-04-00-00", "latency": "86"}, {"date": "2024-01-18-04-00-00", "latency": "86"}, {"date": "2024-01-18-04-00-00", "latency": "86"}, {"date": "2024-01-18-04-00-00", "latency": "86"}, {"date": "2024-01-18-04-00-00", "latency": "86"}, {"date": "2024-01-18-04-00-00", "latency": "86"}, {"date": "2024-01-18-04-00-00", "latency": "86"}, {"date": "2024-01-18-04-00-00", "latency": "86"}, {"date": "2024-01-18-04-00-00", "latency": "86"}, {"date": "2024-01-18-04-00-00", "latency": "86"}]}, {"location": {"country_code": "us", "region": "North Carolina"}, "game_id": "101342", "values": [{"date": "2024-01-18-15-00-00", "latency": "53"}, {"date": "2024-01-18-15-00-00", "latency": "53"}, {"date": "2024-01-18-15-00-00", "latency": "53"}, {"date": "2024-01-18-15-00-00", "latency": "53"}, {"date": "2024-01-18-15-00-00", "latency": "53"}, {"date": "2024-01-18-15-00-00", "latency": "53"}, {"date": "2024-01-18-15-00-00", "latency": "53"}, {"date": "2024-01-18-15-00-00", "latency": "53"}, {"date": "2024-01-18-15-00-00", "latency": "53"}, {"date": "2024-01-18-15-00-00", "latency": "53"}, {"date": "2024-01-18-15-00-00", "latency": "53"}, {"date": "2024-01-18-15-00-00", "latency": "53"}, {"date": "2024-01-18-15-00-00", "latency": "53"}, {"date": "2024-01-18-15-00-00", "latency": "53"}, {"date": "2024-01-18-15-00-00", "latency": "53"}, {"date": "2024-01-18-15-00-00", "latency": "53"}, {"date": "2024-01-18-15-00-00", "latency": "53"}, {"date": "2024-01-18-15-00-00", "latency": "53"}, {"date": "2024-01-18-15-00-00", "latency": "53"}, {"date": "2024-01-18-15-00-00", "latency": "53"}, {"date": "2024-01-18-15-00-00", "latency": "53"}, {"date": "2024-01-18-15-00-00", "latency": "53"}, {"date": "2024-01-18-15-00-00", "latency": "53"}, {"date": "2024-01-18-15-00-00", "latency": "53"}, {"date": "2024-01-18-15-00-00", "latency": "53"}, {"date": "2024-01-18-15-00-00", "latency": "53"}, {"date": "2024-01-18-15-00-00", "latency": "53"}, {"date": "2024-01-18-15-00-00", "latency": "53"}, {"date": "2024-01-18-15-00-00", "latency": "53"}, {"date": "2024-01-18-15-00-00", "latency": "53"}, {"date": "2024-01-18-15-00-00", "latency": "53"}, {"date": "2024-01-18-15-00-00", "latency": "53"}, {"date": "2024-01-18-15-00-00", "latency": "53"}, {"date": "2024-01-18-15-00-00", "latency": "53"}, {"date": "2024-01-18-15-00-00", "latency": "53"}, {"date": "2024-01-18-15-00-00", "latency": "53"}, {"date": "2024-01-18-15-00-00", "latency": "53"}, {"date": "2024-01-18-15-00-00", "latency": "53"}, {"date": "2024-01-18-15-00-00", "latency": "53"}, {"date": "2024-01-18-15-00-00", "latency": "53"}, {"date": "2024-01-18-15-00-00", "latency": "53"}, {"date": "2024-01-18-15-00-00", "latency": "53"}, {"date": "2024-01-18-15-00-00", "latency": "53"}, {"date": "2024-01-18-15-00-00", "latency": "53"}, {"date": "2024-01-18-15-00-00", "latency": "53"}, {"date": "2024-01-18-15-00-00", "latency": "53"}, {"date": "2024-01-18-15-00-00", "latency": "53"}, {"date": "2024-01-18-15-00-00", "latency": "53"}, {"date": "2024-01-18-15-00-00", "latency": "53"}, {"date": "2024-01-18-15-00-00", "latency": "53"}, {"date": "2024-01-18-15-00-00", "latency": "53"}, {"date": "2024-01-18-15-00-00", "latency": "53"}, {"date": "2024-01-18-15-00-00", "latency": "53"}, {"date": "2024-01-18-15-00-00", "latency": "53"}, {"date": "2024-01-18-15-00-00", "latency": "53"}, {"date": "2024-01-18-15-00-00", "latency": "53"}, {"date": "2024-01-18-15-00-00", "latency": "53"}, {"date": "2024-01-18-15-00-00", "latency": "53"}, {"date": "2024-01-18-15-00-00", "latency": "53"}, {"date": "2024-01-18-15-00-00", "latency": "53"}, {"date": "2024-01-18-15-00-00", "latency": "53"}, {"date": "2024-01-18-15-00-00", "latency": "53"}, {"date": "2024-01-18-15-00-00", "latency": "53"}, {"date": "2024-01-18-15-00-00", "latency": "53"}, {"date": "2024-01-18-15-00-00", "latency": "53"}, {"date": "2024-01-18-15-00-00", "latency": "53"}, {"date": "2024-01-18-15-00-00", "latency": "53"}, {"date": "2024-01-18-15-00-00", "latency": "53"}, {"date": "2024-01-18-15-00-00", "latency": "53"}, {"date": "2024-01-18-15-00-00", "latency": "53"}]}, {"location": {"country_code": "us", "region": "Colorado"}, "game_id": "101342", "values": [{"date": "2024-01-18-04-00-00", "latency": "65"}, {"date": "2024-01-18-04-00-00", "latency": "65"}, {"date": "2024-01-18-04-00-00", "latency": "65"}, {"date": "2024-01-18-04-00-00", "latency": "65"}, {"date": "2024-01-18-04-00-00", "latency": "65"}, {"date": "2024-01-18-04-00-00", "latency": "65"}, {"date": "2024-01-18-04-00-00", "latency": "65"}, {"date": "2024-01-18-04-00-00", "latency": "65"}, {"date": "2024-01-18-04-00-00", "latency": "65"}, {"date": "2024-01-18-04-00-00", "latency": "65"}, {"date": "2024-01-18-04-00-00", "latency": "65"}]}, {"location": {"country_code": "br", "region": "State of Rio de Janeiro", "city": "Angra dos Reis"}, "game_id": "101342", "values": [{"date": "2024-01-18-13-00-00", "latency": "38"}, {"date": "2024-01-18-13-00-00", "latency": "38"}, {"date": "2024-01-18-13-00-00", "latency": "38"}, {"date": "2024-01-18-13-00-00", "latency": "38"}, {"date": "2024-01-18-13-00-00", "latency": "38"}, {"date": "2024-01-18-13-00-00", "latency": "38"}, {"date": "2024-01-18-13-00-00", "latency": "38"}, {"date": "2024-01-18-13-00-00", "latency": "38"}, {"date": "2024-01-18-13-00-00", "latency": "38"}, {"date": "2024-01-18-13-00-00", "latency": "38"}, {"date": "2024-01-18-13-00-00", "latency": "38"}, {"date": "2024-01-18-13-00-00", "latency": "38"}, {"date": "2024-01-18-13-00-00", "latency": "38"}, {"date": "2024-01-18-13-00-00", "latency": "38"}, {"date": "2024-01-18-13-00-00", "latency": "38"}, {"date": "2024-01-18-13-00-00", "latency": "38"}, {"date": "2024-01-18-13-00-00", "latency": "38"}, {"date": "2024-01-18-13-00-00", "latency": "38"}, {"date": "2024-01-18-13-00-00", "latency": "38"}, {"date": "2024-01-18-13-00-00", "latency": "38"}, {"date": "2024-01-18-13-00-00", "latency": "38"}, {"date": "2024-01-18-13-00-00", "latency": "38"}, {"date": "2024-01-18-13-00-00", "latency": "38"}, {"date": "2024-01-18-13-00-00", "latency": "38"}, {"date": "2024-01-18-13-00-00", "latency": "38"}, {"date": "2024-01-18-13-00-00", "latency": "38"}, {"date": "2024-01-18-13-00-00", "latency": "38"}, {"date": "2024-01-18-13-00-00", "latency": "38"}, {"date": "2024-01-18-13-00-00", "latency": "38"}, {"date": "2024-01-18-13-00-00", "latency": "38"}, {"date": "2024-01-18-13-00-00", "latency": "38"}, {"date": "2024-01-18-13-00-00", "latency": "38"}, {"date": "2024-01-18-13-00-00", "latency": "38"}, {"date": "2024-01-18-13-00-00", "latency": "38"}, {"date": "2024-01-18-13-00-00", "latency": "38"}, {"date": "2024-01-18-13-00-00", "latency": "38"}, {"date": "2024-01-18-13-00-00", "latency": "38"}, {"date": "2024-01-18-13-00-00", "latency": "38"}, {"date": "2024-01-18-13-00-00", "latency": "38"}, {"date": "2024-01-18-13-00-00", "latency": "38"}, {"date": "2024-01-18-13-00-00", "latency": "38"}, {"date": "2024-01-18-13-00-00", "latency": "38"}, {"date": "2024-01-18-13-00-00", "latency": "38"}, {"date": "2024-01-18-13-00-00", "latency": "38"}, {"date": "2024-01-18-13-00-00", "latency": "38"}, {"date": "2024-01-18-13-00-00", "latency": "38"}, {"date": "2024-01-18-13-00-00", "latency": "38"}, {"date": "2024-01-18-13-00-00", "latency": "38"}, {"date": "2024-01-18-13-00-00", "latency": "38"}, {"date": "2024-01-18-13-00-00", "latency": "38"}, {"date": "2024-01-18-13-00-00", "latency": "38"}, {"date": "2024-01-18-13-00-00", "latency": "38"}, {"date": "2024-01-18-13-00-00", "latency": "38"}, {"date": "2024-01-18-13-00-00", "latency": "38"}, {"date": "2024-01-18-13-00-00", "latency": "38"}, {"date": "2024-01-18-13-00-00", "latency": "38"}, {"date": "2024-01-18-13-00-00", "latency": "38"}, {"date": "2024-01-18-16-00-00", "latency": "116"}]}, {"location": {"country_code": "us", "region": "Kentucky"}, "game_id": "101342", "values": [{"date": "2024-01-18-18-00-00", "latency": "155"}, {"date": "2024-01-18-18-00-00", "latency": "155"}, {"date": "2024-01-18-18-00-00", "latency": "155"}, {"date": "2024-01-18-18-00-00", "latency": "155"}, {"date": "2024-01-18-18-00-00", "latency": "155"}, {"date": "2024-01-18-18-00-00", "latency": "155"}, {"date": "2024-01-18-18-00-00", "latency": "155"}, {"date": "2024-01-18-18-00-00", "latency": "155"}, {"date": "2024-01-18-18-00-00", "latency": "155"}, {"date": "2024-01-18-18-00-00", "latency": "155"}, {"date": "2024-01-18-18-00-00", "latency": "155"}, {"date": "2024-01-18-18-00-00", "latency": "155"}, {"date": "2024-01-18-18-00-00", "latency": "155"}, {"date": "2024-01-18-18-00-00", "latency": "155"}, {"date": "2024-01-18-18-00-00", "latency": "155"}, {"date": "2024-01-18-18-00-00", "latency": "155"}]}, {"location": {"country_code": "gb", "region": "England", "city": "Liverpool"}, "game_id": "101342", "values": [{"date": "2024-01-18-19-00-00", "latency": "65"}, {"date": "2024-01-18-19-00-00", "latency": "65"}, {"date": "2024-01-18-19-00-00", "latency": "65"}, {"date": "2024-01-18-19-00-00", "latency": "65"}, {"date": "2024-01-18-19-00-00", "latency": "65"}, {"date": "2024-01-18-19-00-00", "latency": "65"}, {"date": "2024-01-18-19-00-00", "latency": "65"}, {"date": "2024-01-18-19-00-00", "latency": "65"}, {"date": "2024-01-18-19-00-00", "latency": "65"}, {"date": "2024-01-18-19-00-00", "latency": "65"}, {"date": "2024-01-18-19-00-00", "latency": "65"}, {"date": "2024-01-18-19-00-00", "latency": "65"}, {"date": "2024-01-18-19-00-00", "latency": "65"}, {"date": "2024-01-18-19-00-00", "latency": "65"}, {"date": "2024-01-18-19-00-00", "latency": "65"}, {"date": "2024-01-18-19-00-00", "latency": "65"}, {"date": "2024-01-18-19-00-00", "latency": "65"}, {"date": "2024-01-18-19-00-00", "latency": "65"}, {"date": "2024-01-18-19-00-00", "latency": "65"}, {"date": "2024-01-18-19-00-00", "latency": "65"}, {"date": "2024-01-18-19-00-00", "latency": "65"}, {"date": "2024-01-18-19-00-00", "latency": "65"}, {"date": "2024-01-18-19-00-00", "latency": "65"}, {"date": "2024-01-18-19-00-00", "latency": "65"}, {"date": "2024-01-18-19-00-00", "latency": "65"}, {"date": "2024-01-18-19-00-00", "latency": "65"}, {"date": "2024-01-18-19-00-00", "latency": "65"}, {"date": "2024-01-18-19-00-00", "latency": "65"}, {"date": "2024-01-18-19-00-00", "latency": "65"}, {"date": "2024-01-18-19-00-00", "latency": "65"}, {"date": "2024-01-18-19-00-00", "latency": "65"}, {"date": "2024-01-18-19-00-00", "latency": "65"}]}, {"location": {"country_code": "us", "region": "Georgia", "city": "Atlanta"}, "game_id": "101342", "values": [{"date": "2024-01-18-20-00-00", "latency": "70"}, {"date": "2024-01-18-20-00-00", "latency": "70"}, {"date": "2024-01-18-20-00-00", "latency": "70"}, {"date": "2024-01-18-20-00-00", "latency": "70"}, {"date": "2024-01-18-20-00-00", "latency": "70"}, {"date": "2024-01-18-20-00-00", "latency": "70"}, {"date": "2024-01-18-20-00-00", "latency": "70"}, {"date": "2024-01-18-20-00-00", "latency": "70"}, {"date": "2024-01-18-20-00-00", "latency": "70"}, {"date": "2024-01-18-20-00-00", "latency": "70"}, {"date": "2024-01-18-20-00-00", "latency": "70"}, {"date": "2024-01-18-20-00-00", "latency": "70"}, {"date": "2024-01-18-20-00-00", "latency": "70"}, {"date": "2024-01-18-20-00-00", "latency": "70"}, {"date": "2024-01-18-20-00-00", "latency": "70"}, {"date": "2024-01-18-20-00-00", "latency": "70"}, {"date": "2024-01-18-20-00-00", "latency": "70"}, {"date": "2024-01-18-20-00-00", "latency": "70"}, {"date": "2024-01-18-20-00-00", "latency": "70"}, {"date": "2024-01-18-20-00-00", "latency": "70"}, {"date": "2024-01-18-20-00-00", "latency": "70"}, {"date": "2024-01-18-20-00-00", "latency": "70"}, {"date": "2024-01-18-20-00-00", "latency": "70"}, {"date": "2024-01-18-20-00-00", "latency": "70"}, {"date": "2024-01-18-20-00-00", "latency": "70"}, {"date": "2024-01-18-20-00-00", "latency": "70"}, {"date": "2024-01-18-20-00-00", "latency": "70"}, {"date": "2024-01-18-20-00-00", "latency": "70"}, {"date": "2024-01-18-20-00-00", "latency": "70"}, {"date": "2024-01-18-20-00-00", "latency": "70"}, {"date": "2024-01-18-20-00-00", "latency": "70"}, {"date": "2024-01-18-20-00-00", "latency": "70"}, {"date": "2024-01-18-20-00-00", "latency": "70"}, {"date": "2024-01-18-20-00-00", "latency": "70"}, {"date": "2024-01-18-20-00-00", "latency": "70"}, {"date": "2024-01-18-20-00-00", "latency": "70"}, {"date": "2024-01-18-20-00-00", "latency": "70"}, {"date": "2024-01-18-20-00-00", "latency": "70"}, {"date": "2024-01-18-20-00-00", "latency": "70"}, {"date": "2024-01-18-20-00-00", "latency": "70"}, {"date": "2024-01-18-20-00-00", "latency": "70"}]}, {"location": {"country_code": "ca", "region": "British Columbia"}, "game_id": "101342", "values": [{"date": "2024-01-18-21-00-00", "latency": "75"}, {"date": "2024-01-18-21-00-00", "latency": "75"}, {"date": "2024-01-18-21-00-00", "latency": "75"}, {"date": "2024-01-18-21-00-00", "latency": "75"}, {"date": "2024-01-18-21-00-00", "latency": "75"}, {"date": "2024-01-18-21-00-00", "latency": "75"}, {"date": "2024-01-18-21-00-00", "latency": "75"}, {"date": "2024-01-18-21-00-00", "latency": "75"}, {"date": "2024-01-18-21-00-00", "latency": "75"}, {"date": "2024-01-18-21-00-00", "latency": "75"}, {"date": "2024-01-18-21-00-00", "latency": "75"}, {"date": "2024-01-18-21-00-00", "latency": "75"}, {"date": "2024-01-18-21-00-00", "latency": "75"}, {"date": "2024-01-18-21-00-00", "latency": "75"}, {"date": "2024-01-18-21-00-00", "latency": "75"}, {"date": "2024-01-18-21-00-00", "latency": "75"}, {"date": "2024-01-18-21-00-00", "latency": "75"}, {"date": "2024-01-18-21-00-00", "latency": "75"}, {"date": "2024-01-18-21-00-00", "latency": "75"}, {"date": "2024-01-18-21-00-00", "latency": "75"}, {"date": "2024-01-18-21-00-00", "latency": "75"}, {"date": "2024-01-18-21-00-00", "latency": "75"}, {"date": "2024-01-18-21-00-00", "latency": "75"}, {"date": "2024-01-18-21-00-00", "latency": "75"}, {"date": "2024-01-18-21-00-00", "latency": "75"}, {"date": "2024-01-18-21-00-00", "latency": "75"}, {"date": "2024-01-18-21-00-00", "latency": "75"}, {"date": "2024-01-18-21-00-00", "latency": "75"}, {"date": "2024-01-18-21-00-00", "latency": "75"}, {"date": "2024-01-18-21-00-00", "latency": "75"}, {"date": "2024-01-18-21-00-00", "latency": "75"}, {"date": "2024-01-18-21-00-00", "latency": "75"}, {"date": "2024-01-18-21-00-00", "latency": "75"}, {"date": "2024-01-18-21-00-00", "latency": "75"}, {"date": "2024-01-18-21-00-00", "latency": "75"}, {"date": "2024-01-18-21-00-00", "latency": "75"}, {"date": "2024-01-18-21-00-00", "latency": "75"}, {"date": "2024-01-18-21-00-00", "latency": "75"}, {"date": "2024-01-18-21-00-00", "latency": "75"}, {"date": "2024-01-18-21-00-00", "latency": "75"}, {"date": "2024-01-18-21-00-00", "latency": "75"}, {"date": "2024-01-18-21-00-00", "latency": "75"}, {"date": "2024-01-18-21-00-00", "latency": "75"}, {"date": "2024-01-18-21-00-00", "latency": "75"}, {"date": "2024-01-18-21-00-00", "latency": "75"}, {"date": "2024-01-18-21-00-00", "latency": "75"}, {"date": "2024-01-18-21-00-00", "latency": "75"}, {"date": "2024-01-18-21-00-00", "latency": "75"}, {"date": "2024-01-18-21-00-00", "latency": "75"}, {"date": "2024-01-18-21-00-00", "latency": "75"}, {"date": "2024-01-18-21-00-00", "latency": "75"}, {"date": "2024-01-18-21-00-00", "latency": "75"}, {"date": "2024-01-18-21-00-00", "latency": "75"}, {"date": "2024-01-18-21-00-00", "latency": "75"}, {"date": "2024-01-18-21-00-00", "latency": "75"}, {"date": "2024-01-18-21-00-00", "latency": "75"}, {"date": "2024-01-18-21-00-00", "latency": "75"}, {"date": "2024-01-18-21-00-00", "latency": "75"}, {"date": "2024-01-18-21-00-00", "latency": "75"}, {"date": "2024-01-18-21-00-00", "latency": "75"}, {"date": "2024-01-18-21-00-00", "latency": "75"}, {"date": "2024-01-18-21-00-00", "latency": "75"}, {"date": "2024-01-18-21-00-00", "latency": "75"}, {"date": "2024-01-18-21-00-00", "latency": "75"}, {"date": "2024-01-18-21-00-00", "latency": "75"}, {"date": "2024-01-18-21-00-00", "latency": "75"}, {"date": "2024-01-18-21-00-00", "latency": "75"}]}, {"location": {"country_code": "gb", "region": "England", "city": "Salford"}, "game_id": "101342", "values": [{"date": "2024-01-18-23-00-00", "latency": "53"}, {"date": "2024-01-18-23-00-00", "latency": "53"}, {"date": "2024-01-18-23-00-00", "latency": "53"}, {"date": "2024-01-18-23-00-00", "latency": "53"}, {"date": "2024-01-18-23-00-00", "latency": "53"}, {"date": "2024-01-18-23-00-00", "latency": "53"}, {"date": "2024-01-18-23-00-00", "latency": "53"}, {"date": "2024-01-18-23-00-00", "latency": "53"}, {"date": "2024-01-18-23-00-00", "latency": "53"}, {"date": "2024-01-18-23-00-00", "latency": "53"}, {"date": "2024-01-18-23-00-00", "latency": "53"}, {"date": "2024-01-18-23-00-00", "latency": "53"}, {"date": "2024-01-18-23-00-00", "latency": "53"}, {"date": "2024-01-18-23-00-00", "latency": "53"}, {"date": "2024-01-18-23-00-00", "latency": "53"}, {"date": "2024-01-18-23-00-00", "latency": "53"}, {"date": "2024-01-18-23-00-00", "latency": "53"}, {"date": "2024-01-18-23-00-00", "latency": "53"}, {"date": "2024-01-18-23-00-00", "latency": "53"}, {"date": "2024-01-18-23-00-00", "latency": "53"}, {"date": "2024-01-18-23-00-00", "latency": "53"}, {"date": "2024-01-18-23-00-00", "latency": "53"}, {"date": "2024-01-18-23-00-00", "latency": "53"}, {"date": "2024-01-18-23-00-00", "latency": "53"}, {"date": "2024-01-18-23-00-00", "latency": "53"}, {"date": "2024-01-18-23-00-00", "latency": "53"}, {"date": "2024-01-18-23-00-00", "latency": "53"}, {"date": "2024-01-18-23-00-00", "latency": "53"}, {"date": "2024-01-18-23-00-00", "latency": "53"}, {"date": "2024-01-18-23-00-00", "latency": "53"}, {"date": "2024-01-18-23-00-00", "latency": "53"}, {"date": "2024-01-18-23-00-00", "latency": "53"}, {"date": "2024-01-18-23-00-00", "latency": "53"}, {"date": "2024-01-18-23-00-00", "latency": "53"}, {"date": "2024-01-18-23-00-00", "latency": "53"}]}, {"location": {"country_code": "fr", "region": "Nord-Passo di Calais-Piccardia", "city": "Lille"}, "game_id": "101342", "values": [{"date": "2024-01-18-18-00-00", "latency": "68"}, {"date": "2024-01-18-18-00-00", "latency": "68"}, {"date": "2024-01-18-18-00-00", "latency": "68"}]}, {"location": {"country_code": "br", "region": "Parana", "city": "Foz do Iguacu"}, "game_id": "101342", "values": [{"date": "2024-01-18-04-00-00", "latency": "61"}, {"date": "2024-01-18-04-00-00", "latency": "61"}, {"date": "2024-01-18-04-00-00", "latency": "61"}, {"date": "2024-01-18-04-00-00", "latency": "61"}, {"date": "2024-01-18-04-00-00", "latency": "61"}, {"date": "2024-01-18-04-00-00", "latency": "61"}, {"date": "2024-01-18-04-00-00", "latency": "61"}, {"date": "2024-01-18-04-00-00", "latency": "61"}, {"date": "2024-01-18-04-00-00", "latency": "61"}, {"date": "2024-01-18-04-00-00", "latency": "61"}, {"date": "2024-01-18-04-00-00", "latency": "61"}, {"date": "2024-01-18-04-00-00", "latency": "61"}, {"date": "2024-01-18-04-00-00", "latency": "61"}, {"date": "2024-01-18-04-00-00", "latency": "61"}]}, {"location": {"country_code": "de", "region": "North Rhine-Westphalia"}, "game_id": "101342", "values": [{"date": "2024-01-18-23-00-00", "latency": "48"}, {"date": "2024-01-18-23-00-00", "latency": "48"}, {"date": "2024-01-18-23-00-00", "latency": "48"}, {"date": "2024-01-18-23-00-00", "latency": "48"}, {"date": "2024-01-18-23-00-00", "latency": "48"}, {"date": "2024-01-18-23-00-00", "latency": "48"}, {"date": "2024-01-18-23-00-00", "latency": "48"}]}, {"location": {"country_code": "us", "region": "Oregon", "city": "Portland"}, "game_id": "101342", "values": [{"date": "2024-01-19-00-00-00", "latency": "51"}, {"date": "2024-01-19-00-00-00", "latency": "51"}, {"date": "2024-01-19-00-00-00", "latency": "51"}, {"date": "2024-01-19-00-00-00", "latency": "51"}, {"date": "2024-01-19-00-00-00", "latency": "51"}, {"date": "2024-01-19-00-00-00", "latency": "51"}, {"date": "2024-01-19-00-00-00", "latency": "51"}, {"date": "2024-01-19-00-00-00", "latency": "51"}, {"date": "2024-01-19-00-00-00", "latency": "51"}, {"date": "2024-01-19-00-00-00", "latency": "51"}, {"date": "2024-01-19-00-00-00", "latency": "51"}, {"date": "2024-01-19-00-00-00", "latency": "51"}]}, {"location": {"country_code": "us", "region": "Mississippi"}, "game_id": "101342", "values": [{"date": "2024-01-18-06-00-00", "latency": "73"}, {"date": "2024-01-18-06-00-00", "latency": "73"}, {"date": "2024-01-18-06-00-00", "latency": "73"}, {"date": "2024-01-18-06-00-00", "latency": "73"}, {"date": "2024-01-18-06-00-00", "latency": "73"}, {"date": "2024-01-18-06-00-00", "latency": "73"}, {"date": "2024-01-18-06-00-00", "latency": "73"}, {"date": "2024-01-18-06-00-00", "latency": "73"}, {"date": "2024-01-18-06-00-00", "latency": "73"}, {"date": "2024-01-18-06-00-00", "latency": "73"}, {"date": "2024-01-18-06-00-00", "latency": "73"}, {"date": "2024-01-18-06-00-00", "latency": "73"}, {"date": "2024-01-18-06-00-00", "latency": "73"}, {"date": "2024-01-18-06-00-00", "latency": "73"}, {"date": "2024-01-18-06-00-00", "latency": "73"}, {"date": "2024-01-18-06-00-00", "latency": "73"}, {"date": "2024-01-18-06-00-00", "latency": "73"}, {"date": "2024-01-18-06-00-00", "latency": "73"}, {"date": "2024-01-18-06-00-00", "latency": "73"}, {"date": "2024-01-18-06-00-00", "latency": "73"}, {"date": "2024-01-18-06-00-00", "latency": "73"}, {"date": "2024-01-18-06-00-00", "latency": "73"}, {"date": "2024-01-18-06-00-00", "latency": "73"}, {"date": "2024-01-18-06-00-00", "latency": "73"}, {"date": "2024-01-18-06-00-00", "latency": "73"}, {"date": "2024-01-18-06-00-00", "latency": "73"}, {"date": "2024-01-18-06-00-00", "latency": "73"}, {"date": "2024-01-18-06-00-00", "latency": "73"}, {"date": "2024-01-18-06-00-00", "latency": "73"}, {"date": "2024-01-18-06-00-00", "latency": "73"}, {"date": "2024-01-18-06-00-00", "latency": "73"}, {"date": "2024-01-18-06-00-00", "latency": "73"}, {"date": "2024-01-18-06-00-00", "latency": "73"}, {"date": "2024-01-18-06-00-00", "latency": "73"}, {"date": "2024-01-18-06-00-00", "latency": "73"}, {"date": "2024-01-18-06-00-00", "latency": "73"}, {"date": "2024-01-18-06-00-00", "latency": "73"}, {"date": "2024-01-18-06-00-00", "latency": "73"}]}, {"location": {"country_code": "it", "region": "Lombardy", "city": "Milan"}, "game_id": "101342", "values": [{"date": "2024-01-18-23-00-00", "latency": "65"}, {"date": "2024-01-18-23-00-00", "latency": "65"}, {"date": "2024-01-18-23-00-00", "latency": "65"}, {"date": "2024-01-18-23-00-00", "latency": "65"}, {"date": "2024-01-18-23-00-00", "latency": "65"}, {"date": "2024-01-18-23-00-00", "latency": "65"}, {"date": "2024-01-18-23-00-00", "latency": "65"}, {"date": "2024-01-18-23-00-00", "latency": "65"}, {"date": "2024-01-18-23-00-00", "latency": "65"}, {"date": "2024-01-18-23-00-00", "latency": "65"}, {"date": "2024-01-18-23-00-00", "latency": "65"}, {"date": "2024-01-18-23-00-00", "latency": "65"}, {"date": "2024-01-18-23-00-00", "latency": "65"}, {"date": "2024-01-18-23-00-00", "latency": "65"}, {"date": "2024-01-18-23-00-00", "latency": "65"}]}, {"location": {"country_code": "br", "region": "Paraiba", "city": "Santa Rita"}, "game_id": "101342", "values": [{"date": "2024-01-18-21-00-00", "latency": "2"}, {"date": "2024-01-18-21-00-00", "latency": "2"}]}, {"location": {"country_code": "ar", "region": "Buenos Aires", "city": "Bahia Blanca"}, "game_id": "101342", "values": [{"date": "2024-01-18-21-00-00", "latency": "96"}, {"date": "2024-01-18-21-00-00", "latency": "96"}, {"date": "2024-01-18-21-00-00", "latency": "96"}, {"date": "2024-01-18-21-00-00", "latency": "96"}, {"date": "2024-01-18-21-00-00", "latency": "96"}, {"date": "2024-01-18-21-00-00", "latency": "96"}, {"date": "2024-01-18-21-00-00", "latency": "96"}, {"date": "2024-01-18-21-00-00", "latency": "96"}, {"date": "2024-01-18-21-00-00", "latency": "96"}, {"date": "2024-01-18-21-00-00", "latency": "96"}, {"date": "2024-01-18-21-00-00", "latency": "96"}, {"date": "2024-01-18-21-00-00", "latency": "96"}, {"date": "2024-01-18-21-00-00", "latency": "96"}, {"date": "2024-01-18-21-00-00", "latency": "96"}, {"date": "2024-01-18-21-00-00", "latency": "96"}, {"date": "2024-01-18-21-00-00", "latency": "96"}, {"date": "2024-01-18-21-00-00", "latency": "96"}, {"date": "2024-01-18-21-00-00", "latency": "96"}, {"date": "2024-01-18-21-00-00", "latency": "96"}, {"date": "2024-01-18-21-00-00", "latency": "96"}, {"date": "2024-01-18-21-00-00", "latency": "96"}, {"date": "2024-01-18-21-00-00", "latency": "96"}]}, {"location": {"country_code": "fr", "region": "Normandy"}, "game_id": "101342", "values": [{"date": "2024-01-18-22-00-00", "latency": "79"}, {"date": "2024-01-18-22-00-00", "latency": "79"}, {"date": "2024-01-18-22-00-00", "latency": "79"}, {"date": "2024-01-18-22-00-00", "latency": "79"}, {"date": "2024-01-18-22-00-00", "latency": "79"}, {"date": "2024-01-18-22-00-00", "latency": "79"}, {"date": "2024-01-18-22-00-00", "latency": "79"}, {"date": "2024-01-18-22-00-00", "latency": "79"}, {"date": "2024-01-18-22-00-00", "latency": "79"}, {"date": "2024-01-18-22-00-00", "latency": "79"}, {"date": "2024-01-18-22-00-00", "latency": "79"}]}, {"location": {"country_code": "at", "region": "Lower Austria", "city": "St. Valentin"}, "game_id": "101342", "values": [{"date": "2024-01-18-21-00-00", "latency": "78"}, {"date": "2024-01-18-21-00-00", "latency": "78"}, {"date": "2024-01-18-21-00-00", "latency": "78"}, {"date": "2024-01-18-21-00-00", "latency": "78"}, {"date": "2024-01-18-21-00-00", "latency": "78"}, {"date": "2024-01-18-21-00-00", "latency": "78"}, {"date": "2024-01-18-21-00-00", "latency": "78"}, {"date": "2024-01-18-21-00-00", "latency": "78"}, {"date": "2024-01-18-21-00-00", "latency": "78"}, {"date": "2024-01-18-21-00-00", "latency": "78"}, {"date": "2024-01-18-21-00-00", "latency": "78"}, {"date": "2024-01-18-21-00-00", "latency": "78"}, {"date": "2024-01-18-21-00-00", "latency": "78"}, {"date": "2024-01-18-21-00-00", "latency": "78"}, {"date": "2024-01-18-21-00-00", "latency": "78"}, {"date": "2024-01-18-21-00-00", "latency": "78"}, {"date": "2024-01-18-21-00-00", "latency": "78"}, {"date": "2024-01-18-21-00-00", "latency": "78"}, {"date": "2024-01-18-21-00-00", "latency": "78"}, {"date": "2024-01-18-21-00-00", "latency": "78"}, {"date": "2024-01-18-21-00-00", "latency": "78"}, {"date": "2024-01-18-21-00-00", "latency": "78"}, {"date": "2024-01-18-21-00-00", "latency": "78"}, {"date": "2024-01-18-21-00-00", "latency": "78"}, {"date": "2024-01-18-21-00-00", "latency": "78"}, {"date": "2024-01-18-21-00-00", "latency": "78"}, {"date": "2024-01-18-21-00-00", "latency": "78"}, {"date": "2024-01-18-21-00-00", "latency": "78"}]}, {"location": {"country_code": "gb", "region": "Wales", "city": "Wrexham"}, "game_id": "101342", "values": [{"date": "2024-01-18-01-00-00", "latency": "62"}]}, {"location": {"country_code": "de", "region": "Brandenburg", "city": "Brandenburg an der Havel"}, "game_id": "101342", "values": [{"date": "2024-01-18-09-00-00", "latency": "83"}, {"date": "2024-01-18-09-00-00", "latency": "83"}, {"date": "2024-01-18-09-00-00", "latency": "83"}, {"date": "2024-01-18-09-00-00", "latency": "83"}, {"date": "2024-01-18-09-00-00", "latency": "83"}]}, {"location": {"country_code": "de", "region": "Rhineland-Palatinate", "city": "Lambsborn"}, "game_id": "101342", "values": [{"date": "2024-01-18-04-00-00", "latency": "70"}, {"date": "2024-01-18-04-00-00", "latency": "70"}, {"date": "2024-01-18-04-00-00", "latency": "70"}, {"date": "2024-01-18-04-00-00", "latency": "70"}, {"date": "2024-01-18-04-00-00", "latency": "70"}, {"date": "2024-01-18-04-00-00", "latency": "70"}, {"date": "2024-01-18-04-00-00", "latency": "70"}, {"date": "2024-01-18-04-00-00", "latency": "70"}, {"date": "2024-01-18-04-00-00", "latency": "70"}, {"date": "2024-01-18-04-00-00", "latency": "70"}, {"date": "2024-01-18-04-00-00", "latency": "70"}, {"date": "2024-01-18-04-00-00", "latency": "70"}, {"date": "2024-01-18-04-00-00", "latency": "70"}, {"date": "2024-01-18-04-00-00", "latency": "70"}, {"date": "2024-01-18-04-00-00", "latency": "70"}, {"date": "2024-01-18-04-00-00", "latency": "70"}]}], "last_updated": 1719915141.389738}