{"data": [{"location": {"country_code": "gr"}, "game_id": "461764", "values": [{"date": "2023-12-23-19-00-00", "latency": 10}, {"date": "2023-12-23-19-00-00", "latency": 10}, {"date": "2023-12-23-19-00-00", "latency": 10}, {"date": "2023-12-23-19-00-00", "latency": 10}]}, {"location": {"country_code": "jp"}, "game_id": "461764", "values": [{"date": "2023-12-23-06-00-00", "latency": 105}, {"date": "2023-12-23-06-00-00", "latency": 105}, {"date": "2023-12-23-06-00-00", "latency": 105}, {"date": "2023-12-23-14-00-00", "latency": 110}, {"date": "2023-12-23-14-00-00", "latency": 110}]}, {"location": {"country_code": "de"}, "game_id": "461764", "values": [{"date": "2023-12-23-13-00-00", "latency": 0}, {"date": "2023-12-23-22-00-00", "latency": 1}, {"date": "2023-12-23-14-00-00", "latency": 8}, {"date": "2023-12-23-14-00-00", "latency": 8}]}, {"location": {"country_code": "gb", "region": "England"}, "game_id": "461764", "values": [{"date": "2023-12-23-02-00-00", "latency": 1800}, {"date": "2023-12-23-02-00-00", "latency": 1800}]}, {"location": {"country_code": "fr", "region": "Pays de la Loire Region"}, "game_id": "461764", "values": [{"date": "2023-12-23-21-00-00", "latency": 27492}]}, {"location": {"country_code": "au"}, "game_id": "461764", "values": [{"date": "2023-12-23-18-00-00", "latency": 107}, {"date": "2023-12-23-18-00-00", "latency": 107}, {"date": "2023-12-23-18-00-00", "latency": 107}, {"date": "2023-12-23-18-00-00", "latency": 107}, {"date": "2023-12-23-18-00-00", "latency": 107}, {"date": "2023-12-23-18-00-00", "latency": 107}, {"date": "2023-12-23-18-00-00", "latency": 107}, {"date": "2023-12-23-18-00-00", "latency": 107}, {"date": "2023-12-23-18-00-00", "latency": 107}, {"date": "2023-12-23-18-00-00", "latency": 107}, {"date": "2023-12-23-18-00-00", "latency": 107}]}, {"location": {"country_code": "es"}, "game_id": "461764", "values": [{"date": "2023-12-23-23-00-00", "latency": 15}]}, {"location": {"country_code": "be", "region": "Antwerp Province", "city": "Mechelen"}, "game_id": "461764", "values": [{"date": "2023-12-23-22-00-00", "latency": 38}]}, {"location": {"country_code": "cz", "region": "Kralovehradecky kraj"}, "game_id": "461764", "values": [{"date": "2023-12-23-16-00-00", "latency": 7}]}], "last_updated": 1719919373.097665}