{"data": [{"location": {"country_code": "nz"}, "game_id": "273486", "values": [{"date": "2022-05-04-11-00-00", "latency": 141}]}, {"location": {"country_code": "us"}, "game_id": "273486", "values": [{"date": "2022-05-04-05-00-00", "latency": 62}, {"date": "2022-05-04-05-00-00", "latency": 62}, {"date": "2022-05-04-05-00-00", "latency": 62}, {"date": "2022-05-04-05-00-00", "latency": 62}, {"date": "2022-05-04-05-00-00", "latency": 62}, {"date": "2022-05-04-05-00-00", "latency": 62}, {"date": "2022-05-04-05-00-00", "latency": 62}, {"date": "2022-05-04-05-00-00", "latency": 62}]}, {"location": {"country_code": "us", "region": "New Hampshire"}, "game_id": "273486", "values": [{"date": "2022-05-04-04-00-00", "latency": 62}, {"date": "2022-05-04-04-00-00", "latency": 62}, {"date": "2022-05-04-04-00-00", "latency": 62}]}, {"location": {"country_code": "gb", "region": "England"}, "game_id": "273486", "values": [{"date": "2022-05-05-01-00-00", "latency": 35}, {"date": "2022-05-05-01-00-00", "latency": 35}, {"date": "2022-05-05-01-00-00", "latency": 35}, {"date": "2022-05-05-01-00-00", "latency": 35}, {"date": "2022-05-05-01-00-00", "latency": 35}, {"date": "2022-05-05-01-00-00", "latency": 35}, {"date": "2022-05-05-01-00-00", "latency": 35}, {"date": "2022-05-05-00-00-00", "latency": 113}, {"date": "2022-05-05-00-00-00", "latency": 113}, {"date": "2022-05-05-00-00-00", "latency": 113}, {"date": "2022-05-05-00-00-00", "latency": 113}, {"date": "2022-05-04-22-00-00", "latency": 39}, {"date": "2022-05-04-22-00-00", "latency": 39}]}, {"location": {"country_code": "sa", "region": "Eastern Province", "city": "Dhahran Compound"}, "game_id": "273486", "values": [{"date": "2022-05-04-07-00-00", "latency": 200}, {"date": "2022-05-04-07-00-00", "latency": 200}]}, {"location": {"country_code": "za"}, "game_id": "273486", "values": [{"date": "2022-05-04-21-00-00", "latency": 176}]}, {"location": {"country_code": "ca"}, "game_id": "273486", "values": [{"date": "2022-05-04-21-00-00", "latency": 105}, {"date": "2022-05-04-21-00-00", "latency": 105}, {"date": "2022-05-04-21-00-00", "latency": 105}, {"date": "2022-05-04-21-00-00", "latency": 105}, {"date": "2022-05-04-21-00-00", "latency": 105}, {"date": "2022-05-04-21-00-00", "latency": 105}, {"date": "2022-05-04-06-00-00", "latency": 54}, {"date": "2022-05-04-06-00-00", "latency": 54}, {"date": "2022-05-04-06-00-00", "latency": 54}, {"date": "2022-05-04-06-00-00", "latency": 54}, {"date": "2022-05-04-06-00-00", "latency": 54}, {"date": "2022-05-04-06-00-00", "latency": 54}, {"date": "2022-05-04-06-00-00", "latency": 54}, {"date": "2022-05-04-06-00-00", "latency": 54}, {"date": "2022-05-04-06-00-00", "latency": 54}, {"date": "2022-05-04-06-00-00", "latency": 54}, {"date": "2022-05-04-06-00-00", "latency": 54}, {"date": "2022-05-04-06-00-00", "latency": 54}, {"date": "2022-05-04-06-00-00", "latency": 54}, {"date": "2022-05-04-06-00-00", "latency": 54}, {"date": "2022-05-04-06-00-00", "latency": 54}, {"date": "2022-05-04-06-00-00", "latency": 54}, {"date": "2022-05-04-03-00-00", "latency": 62}, {"date": "2022-05-04-03-00-00", "latency": 62}, {"date": "2022-05-04-03-00-00", "latency": 62}]}, {"location": {"country_code": "us", "region": "Texas"}, "game_id": "273486", "values": [{"date": "2022-05-04-13-00-00", "latency": 133}]}, {"location": {"country_code": "us", "region": "New Jersey"}, "game_id": "273486", "values": [{"date": "2022-05-04-03-00-00", "latency": 31}, {"date": "2022-05-04-03-00-00", "latency": 31}, {"date": "2022-05-04-03-00-00", "latency": 31}, {"date": "2022-05-04-23-00-00", "latency": 50}, {"date": "2022-05-04-23-00-00", "latency": 50}, {"date": "2022-05-04-23-00-00", "latency": 50}, {"date": "2022-05-04-23-00-00", "latency": 50}, {"date": "2022-05-04-23-00-00", "latency": 50}, {"date": "2022-05-04-23-00-00", "latency": 50}, {"date": "2022-05-04-23-00-00", "latency": 50}, {"date": "2022-05-04-23-00-00", "latency": 50}, {"date": "2022-05-04-23-00-00", "latency": 50}, {"date": "2022-05-04-23-00-00", "latency": 50}, {"date": "2022-05-04-23-00-00", "latency": 50}, {"date": "2022-05-04-23-00-00", "latency": 50}, {"date": "2022-05-04-23-00-00", "latency": 50}, {"date": "2022-05-04-23-00-00", "latency": 50}, {"date": "2022-05-04-23-00-00", "latency": 50}]}, {"location": {"country_code": "mx"}, "game_id": "273486", "values": [{"date": "2022-05-04-05-00-00", "latency": 58}]}, {"location": {"country_code": "us", "region": "California"}, "game_id": "273486", "values": [{"date": "2022-05-04-21-00-00", "latency": 188}, {"date": "2022-05-04-21-00-00", "latency": 188}]}, {"location": {"country_code": "no"}, "game_id": "273486", "values": [{"date": "2022-05-04-03-00-00", "latency": 70}, {"date": "2022-05-04-03-00-00", "latency": 70}, {"date": "2022-05-04-03-00-00", "latency": 70}, {"date": "2022-05-04-03-00-00", "latency": 70}, {"date": "2022-05-05-01-00-00", "latency": 47}, {"date": "2022-05-05-01-00-00", "latency": 47}]}, {"location": {"country_code": "us", "region": "California", "city": "East Los Angeles"}, "game_id": "273486", "values": [{"date": "2022-05-04-09-00-00", "latency": 58}, {"date": "2022-05-04-09-00-00", "latency": 58}, {"date": "2022-05-04-09-00-00", "latency": 58}, {"date": "2022-05-04-09-00-00", "latency": 58}, {"date": "2022-05-04-09-00-00", "latency": 58}, {"date": "2022-05-04-09-00-00", "latency": 58}, {"date": "2022-05-04-20-00-00", "latency": 90}]}, {"location": {"country_code": "us", "region": "Iowa"}, "game_id": "273486", "values": [{"date": "2022-05-04-04-00-00", "latency": 101}, {"date": "2022-05-04-04-00-00", "latency": 101}]}, {"location": {"country_code": "us", "region": "Ohio", "city": "Cleveland"}, "game_id": "273486", "values": [{"date": "2022-05-04-04-00-00", "latency": 62}, {"date": "2022-05-04-04-00-00", "latency": 62}, {"date": "2022-05-04-04-00-00", "latency": 62}, {"date": "2022-05-04-04-00-00", "latency": 62}, {"date": "2022-05-04-04-00-00", "latency": 62}, {"date": "2022-05-04-04-00-00", "latency": 62}, {"date": "2022-05-04-04-00-00", "latency": 62}, {"date": "2022-05-04-04-00-00", "latency": 62}, {"date": "2022-05-04-04-00-00", "latency": 62}, {"date": "2022-05-04-04-00-00", "latency": 62}, {"date": "2022-05-04-04-00-00", "latency": 62}, {"date": "2022-05-04-04-00-00", "latency": 62}, {"date": "2022-05-04-04-00-00", "latency": 62}, {"date": "2022-05-04-04-00-00", "latency": 62}, {"date": "2022-05-04-04-00-00", "latency": 62}]}, {"location": {"country_code": "us", "region": "Texas", "city": "Houston"}, "game_id": "273486", "values": [{"date": "2022-05-04-07-00-00", "latency": 62}, {"date": "2022-05-04-07-00-00", "latency": 62}]}, {"location": {"country_code": "us", "region": "Alaska"}, "game_id": "273486", "values": [{"date": "2022-05-04-08-00-00", "latency": 82}]}, {"location": {"country_code": "us", "region": "South Carolina"}, "game_id": "273486", "values": [{"date": "2022-05-04-05-00-00", "latency": 35}, {"date": "2022-05-04-05-00-00", "latency": 35}, {"date": "2022-05-04-05-00-00", "latency": 35}, {"date": "2022-05-04-05-00-00", "latency": 35}, {"date": "2022-05-04-05-00-00", "latency": 35}, {"date": "2022-05-04-05-00-00", "latency": 35}, {"date": "2022-05-04-05-00-00", "latency": 35}, {"date": "2022-05-04-05-00-00", "latency": 35}]}, {"location": {"country_code": "us", "region": "Illinois", "city": "Chicago"}, "game_id": "273486", "values": [{"date": "2022-05-04-05-00-00", "latency": 50}, {"date": "2022-05-04-05-00-00", "latency": 50}]}, {"location": {"country_code": "us", "region": "North Carolina"}, "game_id": "273486", "values": [{"date": "2022-05-04-05-00-00", "latency": 109}]}, {"location": {"country_code": "gb", "region": "England", "city": "London"}, "game_id": "273486", "values": [{"date": "2022-05-04-12-00-00", "latency": 35}, {"date": "2022-05-05-01-00-00", "latency": 78}, {"date": "2022-05-05-01-00-00", "latency": 78}, {"date": "2022-05-05-01-00-00", "latency": 78}, {"date": "2022-05-05-01-00-00", "latency": 78}, {"date": "2022-05-05-01-00-00", "latency": 78}, {"date": "2022-05-05-01-00-00", "latency": 78}, {"date": "2022-05-05-01-00-00", "latency": 78}]}, {"location": {"country_code": "us", "region": "Georgia"}, "game_id": "273486", "values": [{"date": "2022-05-04-08-00-00", "latency": 78}, {"date": "2022-05-04-08-00-00", "latency": 78}]}, {"location": {"country_code": "us", "region": "District of Columbia", "city": "Washington"}, "game_id": "273486", "values": [{"date": "2022-05-04-07-00-00", "latency": 125}]}, {"location": {"country_code": "us", "region": "Massachusetts", "city": "Boston"}, "game_id": "273486", "values": [{"date": "2022-05-04-20-00-00", "latency": 121}]}, {"location": {"country_code": "kw"}, "game_id": "273486", "values": [{"date": "2022-05-05-01-00-00", "latency": 82}, {"date": "2022-05-04-19-00-00", "latency": 35}, {"date": "2022-05-04-19-00-00", "latency": 35}, {"date": "2022-05-04-19-00-00", "latency": 35}]}, {"location": {"country_code": "us", "region": "Texas", "city": "Irving"}, "game_id": "273486", "values": [{"date": "2022-05-04-04-00-00", "latency": 54}, {"date": "2022-05-04-04-00-00", "latency": 54}, {"date": "2022-05-04-04-00-00", "latency": 54}]}, {"location": {"country_code": "us", "region": "Georgia", "city": "Atlanta"}, "game_id": "273486", "values": [{"date": "2022-05-04-20-00-00", "latency": 129}, {"date": "2022-05-04-20-00-00", "latency": 129}, {"date": "2022-05-04-20-00-00", "latency": 129}, {"date": "2022-05-04-20-00-00", "latency": 129}, {"date": "2022-05-04-20-00-00", "latency": 129}, {"date": "2022-05-04-20-00-00", "latency": 129}, {"date": "2022-05-04-20-00-00", "latency": 129}, {"date": "2022-05-04-20-00-00", "latency": 129}]}, {"location": {"country_code": "us", "region": "Washington", "city": "Seattle"}, "game_id": "273486", "values": [{"date": "2022-05-04-04-00-00", "latency": 70}, {"date": "2022-05-04-04-00-00", "latency": 70}]}, {"location": {"country_code": "es", "region": "Valencia", "city": "Gandia"}, "game_id": "273486", "values": [{"date": "2022-05-04-20-00-00", "latency": 50}]}, {"location": {"country_code": "gb", "region": "Wales"}, "game_id": "273486", "values": [{"date": "2022-05-04-22-00-00", "latency": 78}]}, {"location": {"country_code": "sa", "region": "Riyadh Region", "city": "Wadi Ad Dawasir"}, "game_id": "273486", "values": [{"date": "2022-05-04-10-00-00", "latency": 58}, {"date": "2022-05-04-10-00-00", "latency": 58}, {"date": "2022-05-04-10-00-00", "latency": 58}, {"date": "2022-05-05-02-00-00", "latency": 145}, {"date": "2022-05-05-02-00-00", "latency": 145}]}, {"location": {"country_code": "us", "region": "New York"}, "game_id": "273486", "values": [{"date": "2022-05-04-08-00-00", "latency": 43}]}, {"location": {"country_code": "us", "region": "North Dakota"}, "game_id": "273486", "values": [{"date": "2022-05-05-02-00-00", "latency": 86}, {"date": "2022-05-05-02-00-00", "latency": 86}, {"date": "2022-05-05-02-00-00", "latency": 86}]}, {"location": {"country_code": "bh"}, "game_id": "273486", "values": [{"date": "2022-05-04-12-00-00", "latency": 43}, {"date": "2022-05-04-12-00-00", "latency": 43}]}, {"location": {"country_code": "il"}, "game_id": "273486", "values": [{"date": "2022-05-04-17-00-00", "latency": 164}, {"date": "2022-05-04-17-00-00", "latency": 164}]}, {"location": {"country_code": "us", "region": "California", "city": "Huntington Beach"}, "game_id": "273486", "values": [{"date": "2022-05-04-09-00-00", "latency": 125}, {"date": "2022-05-04-09-00-00", "latency": 125}]}, {"location": {"country_code": "gb", "region": "England", "city": "Hull"}, "game_id": "273486", "values": [{"date": "2022-05-04-23-00-00", "latency": 82}]}, {"location": {"country_code": "us", "region": "Maryland", "city": "Cumberland"}, "game_id": "273486", "values": [{"date": "2022-05-04-11-00-00", "latency": 192}, {"date": "2022-05-04-11-00-00", "latency": 192}, {"date": "2022-05-04-11-00-00", "latency": 192}, {"date": "2022-05-04-11-00-00", "latency": 192}, {"date": "2022-05-04-11-00-00", "latency": 192}, {"date": "2022-05-04-11-00-00", "latency": 192}]}, {"location": {"country_code": "us", "region": "Ohio", "city": "Pataskala"}, "game_id": "273486", "values": [{"date": "2022-05-04-02-00-00", "latency": 62}]}], "last_updated": 1719927584.502094}