{"data": [{"location": {"country_code": "us"}, "game_id": "464426", "values": [{"date": "2024-03-30-16-00-00", "latency": 48}, {"date": "2024-03-30-07-00-00", "latency": 101}, {"date": "2024-03-30-04-00-00", "latency": 21}, {"date": "2024-03-31-00-00-00", "latency": 54}, {"date": "2024-03-30-04-00-00", "latency": 35}, {"date": "2024-03-30-08-00-00", "latency": 78}, {"date": "2024-03-30-08-00-00", "latency": 67}, {"date": "2024-03-30-04-00-00", "latency": 52}, {"date": "2024-03-30-21-00-00", "latency": 40}, {"date": "2024-03-30-10-00-00", "latency": 48}, {"date": "2024-03-30-10-00-00", "latency": 57}, {"date": "2024-03-30-07-00-00", "latency": 44}, {"date": "2024-03-30-07-00-00", "latency": 44}]}, {"location": {"country_code": "us", "region": "Texas", "city": "San Antonio"}, "game_id": "464426", "values": [{"date": "2024-03-30-05-00-00", "latency": 110}, {"date": "2024-03-30-23-00-00", "latency": 55}]}, {"location": {"country_code": "gb"}, "game_id": "464426", "values": [{"date": "2024-03-30-20-00-00", "latency": 108}, {"date": "2024-03-30-20-00-00", "latency": 108}]}, {"location": {"country_code": "it"}, "game_id": "464426", "values": [{"date": "2024-03-30-03-00-00", "latency": 49}]}, {"location": {"country_code": "ca"}, "game_id": "464426", "values": [{"date": "2024-03-30-09-00-00", "latency": 59}, {"date": "2024-03-30-01-00-00", "latency": 115}, {"date": "2024-03-30-12-00-00", "latency": 65}, {"date": "2024-03-30-12-00-00", "latency": 65}]}, {"location": {"country_code": "ch"}, "game_id": "464426", "values": [{"date": "2024-03-30-22-00-00", "latency": 90}]}, {"location": {"country_code": "de"}, "game_id": "464426", "values": [{"date": "2024-03-30-19-00-00", "latency": 70}, {"date": "2024-03-30-18-00-00", "latency": 710}]}, {"location": {"country_code": "us", "region": "Texas"}, "game_id": "464426", "values": [{"date": "2024-03-30-05-00-00", "latency": 22}, {"date": "2024-03-30-03-00-00", "latency": 19}]}, {"location": {"country_code": "us", "region": "Florida"}, "game_id": "464426", "values": [{"date": "2024-03-30-02-00-00", "latency": 75}, {"date": "2024-03-30-08-00-00", "latency": 53}, {"date": "2024-03-30-06-00-00", "latency": 49}, {"date": "2024-03-30-06-00-00", "latency": 49}, {"date": "2024-03-30-12-00-00", "latency": 61}]}, {"location": {"country_code": "us", "region": "New York", "city": "Long Island"}, "game_id": "464426", "values": [{"date": "2024-03-30-20-00-00", "latency": 29}]}, {"location": {"country_code": "us", "region": "Kansas"}, "game_id": "464426", "values": [{"date": "2024-03-30-02-00-00", "latency": 62}, {"date": "2024-03-30-02-00-00", "latency": 62}]}, {"location": {"country_code": "fr"}, "game_id": "464426", "values": [{"date": "2024-03-30-13-00-00", "latency": 117}, {"date": "2024-03-30-13-00-00", "latency": 117}, {"date": "2024-03-31-01-00-00", "latency": 94}]}, {"location": {"country_code": "mx"}, "game_id": "464426", "values": [{"date": "2024-03-30-03-00-00", "latency": 74}, {"date": "2024-03-30-03-00-00", "latency": 37}, {"date": "2024-03-30-09-00-00", "latency": 51}, {"date": "2024-03-30-08-00-00", "latency": 48}, {"date": "2024-03-30-05-00-00", "latency": 48}, {"date": "2024-03-30-09-00-00", "latency": 58}]}, {"location": {"country_code": "mx", "region": "Mexico City"}, "game_id": "464426", "values": [{"date": "2024-03-30-09-00-00", "latency": 73}]}, {"location": {"country_code": "us", "region": "California"}, "game_id": "464426", "values": [{"date": "2024-03-30-06-00-00", "latency": 79}, {"date": "2024-03-30-19-00-00", "latency": 53}, {"date": "2024-03-30-19-00-00", "latency": 53}, {"date": "2024-03-30-17-00-00", "latency": 62}]}, {"location": {"country_code": "br"}, "game_id": "464426", "values": [{"date": "2024-03-30-05-00-00", "latency": 131}, {"date": "2024-03-30-05-00-00", "latency": 131}, {"date": "2024-03-30-05-00-00", "latency": 131}, {"date": "2024-03-31-01-00-00", "latency": 118}, {"date": "2024-03-30-03-00-00", "latency": 59}]}, {"location": {"country_code": "br", "region": "Sao Paulo", "city": "Apiai"}, "game_id": "464426", "values": [{"date": "2024-03-30-13-00-00", "latency": 51}, {"date": "2024-03-31-00-00-00", "latency": 54}]}, {"location": {"country_code": "no"}, "game_id": "464426", "values": [{"date": "2024-03-30-04-00-00", "latency": 109}, {"date": "2024-03-30-04-00-00", "latency": 109}, {"date": "2024-03-30-04-00-00", "latency": 109}]}, {"location": {"country_code": "us", "region": "California", "city": "East Los Angeles"}, "game_id": "464426", "values": [{"date": "2024-03-30-04-00-00", "latency": 74}, {"date": "2024-03-30-12-00-00", "latency": 34}, {"date": "2024-03-30-11-00-00", "latency": 47}]}, {"location": {"country_code": "us", "region": "Maryland"}, "game_id": "464426", "values": [{"date": "2024-03-30-20-00-00", "latency": 138}, {"date": "2024-03-30-20-00-00", "latency": 138}]}, {"location": {"country_code": "au"}, "game_id": "464426", "values": [{"date": "2024-03-30-23-00-00", "latency": 46}]}, {"location": {"country_code": "au", "region": "Victoria", "city": "Melbourne"}, "game_id": "464426", "values": [{"date": "2024-03-30-11-00-00", "latency": 85}]}, {"location": {"country_code": "br", "region": "Goias", "city": "Catalao"}, "game_id": "464426", "values": [{"date": "2024-03-30-02-00-00", "latency": 45}]}, {"location": {"country_code": "us", "region": "Florida", "city": "Jacksonville"}, "game_id": "464426", "values": [{"date": "2024-03-30-02-00-00", "latency": 30}]}, {"location": {"country_code": "es"}, "game_id": "464426", "values": [{"date": "2024-03-30-19-00-00", "latency": 146}, {"date": "2024-03-30-18-00-00", "latency": 50}, {"date": "2024-03-30-18-00-00", "latency": 50}, {"date": "2024-03-30-18-00-00", "latency": 50}, {"date": "2024-03-30-18-00-00", "latency": 50}]}, {"location": {"country_code": "us", "region": "Michigan", "city": "Detroit"}, "game_id": "464426", "values": [{"date": "2024-03-30-07-00-00", "latency": 113}]}, {"location": {"country_code": "fi"}, "game_id": "464426", "values": [{"date": "2024-03-30-21-00-00", "latency": 71}, {"date": "2024-03-30-21-00-00", "latency": 71}]}, {"location": {"country_code": "us", "region": "Hawaii"}, "game_id": "464426", "values": [{"date": "2024-03-30-11-00-00", "latency": 98}]}, {"location": {"country_code": "us", "region": "Missouri"}, "game_id": "464426", "values": [{"date": "2024-03-30-06-00-00", "latency": 51}]}, {"location": {"country_code": "us", "region": "Michigan"}, "game_id": "464426", "values": [{"date": "2024-03-30-15-00-00", "latency": 37}, {"date": "2024-03-30-15-00-00", "latency": 37}, {"date": "2024-03-30-15-00-00", "latency": 37}]}, {"location": {"country_code": "us", "region": "Illinois", "city": "Chicago"}, "game_id": "464426", "values": [{"date": "2024-03-30-11-00-00", "latency": 66}, {"date": "2024-03-30-06-00-00", "latency": 68}]}, {"location": {"country_code": "de", "region": "Bavaria"}, "game_id": "464426", "values": [{"date": "2024-03-30-08-00-00", "latency": 34}]}, {"location": {"country_code": "co"}, "game_id": "464426", "values": [{"date": "2024-03-31-00-00-00", "latency": 158}]}, {"location": {"country_code": "ve"}, "game_id": "464426", "values": [{"date": "2024-03-31-00-00-00", "latency": 66}, {"date": "2024-03-31-00-00-00", "latency": 66}]}, {"location": {"country_code": "be"}, "game_id": "464426", "values": [{"date": "2024-03-31-00-00-00", "latency": 87}]}, {"location": {"country_code": "ge"}, "game_id": "464426", "values": [{"date": "2024-03-30-02-00-00", "latency": 73}]}, {"location": {"country_code": "ie"}, "game_id": "464426", "values": [{"date": "2024-03-30-18-00-00", "latency": 102}, {"date": "2024-03-30-18-00-00", "latency": 102}]}, {"location": {"country_code": "ua"}, "game_id": "464426", "values": [{"date": "2024-03-30-12-00-00", "latency": 145}]}, {"location": {"country_code": "us", "region": "District of Columbia", "city": "Washington"}, "game_id": "464426", "values": [{"date": "2024-03-30-08-00-00", "latency": 45}]}, {"location": {"country_code": "ca", "region": "Ontario", "city": "Toronto"}, "game_id": "464426", "values": [{"date": "2024-03-30-19-00-00", "latency": 42}]}, {"location": {"country_code": "au", "region": "Queensland"}, "game_id": "464426", "values": [{"date": "2024-03-30-17-00-00", "latency": 213}, {"date": "2024-03-30-17-00-00", "latency": 213}]}, {"location": {"country_code": "us", "region": "Illinois"}, "game_id": "464426", "values": [{"date": "2024-03-30-05-00-00", "latency": 35}]}, {"location": {"country_code": "mx", "region": "Nuevo Leon", "city": "Monterrey"}, "game_id": "464426", "values": [{"date": "2024-03-30-17-00-00", "latency": 77}, {"date": "2024-03-30-17-00-00", "latency": 77}, {"date": "2024-03-30-21-00-00", "latency": 41}]}, {"location": {"country_code": "cl", "region": "Santiago Metropolitan", "city": "Santiago"}, "game_id": "464426", "values": [{"date": "2024-03-30-06-00-00", "latency": 52}]}, {"location": {"country_code": "hr"}, "game_id": "464426", "values": [{"date": "2024-03-30-17-00-00", "latency": 62}]}, {"location": {"country_code": "ar", "region": "Santa Fe Province", "city": "Rosario"}, "game_id": "464426", "values": [{"date": "2024-03-30-21-00-00", "latency": 49}]}, {"location": {"country_code": "us", "region": "North Carolina", "city": "Raleigh"}, "game_id": "464426", "values": [{"date": "2024-03-30-22-00-00", "latency": 39}]}, {"location": {"country_code": "us", "region": "Texas", "city": "Irving"}, "game_id": "464426", "values": [{"date": "2024-03-30-10-00-00", "latency": 174}, {"date": "2024-03-30-10-00-00", "latency": 174}, {"date": "2024-03-30-10-00-00", "latency": 174}, {"date": "2024-03-30-10-00-00", "latency": 174}, {"date": "2024-03-30-10-00-00", "latency": 174}, {"date": "2024-03-30-10-00-00", "latency": 174}]}, {"location": {"country_code": "us", "region": "Georgia", "city": "Atlanta"}, "game_id": "464426", "values": [{"date": "2024-03-30-21-00-00", "latency": 68}, {"date": "2024-03-30-21-00-00", "latency": 68}, {"date": "2024-03-30-21-00-00", "latency": 68}, {"date": "2024-03-30-21-00-00", "latency": 68}]}, {"location": {"country_code": "gt"}, "game_id": "464426", "values": [{"date": "2024-03-30-20-00-00", "latency": 45}]}, {"location": {"country_code": "fr", "region": "Alvernia-Rodano-Alpi", "city": "Lyon"}, "game_id": "464426", "values": [{"date": "2024-03-30-17-00-00", "latency": 38}]}, {"location": {"country_code": "hn"}, "game_id": "464426", "values": [{"date": "2024-03-30-05-00-00", "latency": 148}, {"date": "2024-03-30-02-00-00", "latency": 69}]}, {"location": {"country_code": "ca", "region": "Quebec"}, "game_id": "464426", "values": [{"date": "2024-03-30-22-00-00", "latency": 21}]}, {"location": {"country_code": "de", "region": "Lower Saxony"}, "game_id": "464426", "values": [{"date": "2024-03-30-20-00-00", "latency": 70}]}, {"location": {"country_code": "de", "region": "Hesse", "city": "Frankfurt"}, "game_id": "464426", "values": [{"date": "2024-03-30-14-00-00", "latency": 39}]}, {"location": {"country_code": "gb", "region": "England", "city": "Oxford"}, "game_id": "464426", "values": [{"date": "2024-03-30-03-00-00", "latency": 96}]}, {"location": {"country_code": "us", "region": "Washington", "city": "Seattle"}, "game_id": "464426", "values": [{"date": "2024-03-30-09-00-00", "latency": 52}]}, {"location": {"country_code": "za", "region": "Western Cape", "city": "Cape Town"}, "game_id": "464426", "values": [{"date": "2024-03-30-20-00-00", "latency": 96}]}, {"location": {"country_code": "it", "region": "Lazio", "city": "Rome"}, "game_id": "464426", "values": [{"date": "2024-03-30-19-00-00", "latency": 56}]}, {"location": {"country_code": "us", "region": "Oregon", "city": "Portland"}, "game_id": "464426", "values": [{"date": "2024-03-30-14-00-00", "latency": 67}]}, {"location": {"country_code": "us", "region": "Ohio", "city": "Youngstown"}, "game_id": "464426", "values": [{"date": "2024-03-30-20-00-00", "latency": 58}]}, {"location": {"country_code": "gb", "region": "Wales"}, "game_id": "464426", "values": [{"date": "2024-03-30-05-00-00", "latency": 125}, {"date": "2024-03-30-05-00-00", "latency": 125}]}, {"location": {"country_code": "br", "region": "Rio Grande do Sul", "city": "Santa Maria"}, "game_id": "464426", "values": [{"date": "2024-03-30-01-00-00", "latency": 137}]}, {"location": {"country_code": "mt"}, "game_id": "464426", "values": [{"date": "2024-03-30-16-00-00", "latency": 94}, {"date": "2024-03-30-16-00-00", "latency": 94}]}, {"location": {"country_code": "us", "region": "New York", "city": "Rochester"}, "game_id": "464426", "values": [{"date": "2024-03-30-10-00-00", "latency": 48}]}, {"location": {"country_code": "bs"}, "game_id": "464426", "values": [{"date": "2024-03-30-06-00-00", "latency": 80}]}, {"location": {"country_code": "co", "region": "Antioquia", "city": "Medellin"}, "game_id": "464426", "values": [{"date": "2024-03-30-07-00-00", "latency": 80}]}, {"location": {"country_code": "us", "region": "Texas", "city": "Pasadena"}, "game_id": "464426", "values": [{"date": "2024-03-31-00-00-00", "latency": 48}]}, {"location": {"country_code": "us", "region": "Iowa", "city": "Cedar Rapids"}, "game_id": "464426", "values": [{"date": "2024-03-30-06-00-00", "latency": 34}, {"date": "2024-03-30-08-00-00", "latency": 39}]}, {"location": {"country_code": "mz"}, "game_id": "464426", "values": [{"date": "2024-03-30-10-00-00", "latency": 73}]}, {"location": {"country_code": "mx", "region": "Coahuila"}, "game_id": "464426", "values": [{"date": "2024-03-30-03-00-00", "latency": 98}]}, {"location": {"country_code": "ca", "region": "Ontario", "city": "Kingston"}, "game_id": "464426", "values": [{"date": "2024-03-30-02-00-00", "latency": 38}]}, {"location": {"country_code": "es", "region": "Andalusia", "city": "Albolote"}, "game_id": "464426", "values": [{"date": "2024-03-30-02-00-00", "latency": 127}]}, {"location": {"country_code": "it", "region": "Umbria"}, "game_id": "464426", "values": [{"date": "2024-03-30-19-00-00", "latency": 52}]}, {"location": {"country_code": "tr", "region": "Akdeniz Bolgesi"}, "game_id": "464426", "values": [{"date": "2024-03-30-12-00-00", "latency": 56}, {"date": "2024-03-30-12-00-00", "latency": 56}]}, {"location": {"country_code": "ar", "region": "Buenos Aires", "city": "Monte Grande"}, "game_id": "464426", "values": [{"date": "2024-03-31-00-00-00", "latency": 180}]}, {"location": {"country_code": "qa", "region": "Al Rayyan"}, "game_id": "464426", "values": [{"date": "2024-03-31-00-00-00", "latency": 170}, {"date": "2024-03-31-00-00-00", "latency": 170}]}, {"location": {"country_code": "us", "region": "North Carolina", "city": "Lenoir"}, "game_id": "464426", "values": [{"date": "2024-03-30-02-00-00", "latency": 127}, {"date": "2024-03-30-02-00-00", "latency": 127}]}, {"location": {"country_code": "de", "region": "Rhineland-Palatinate", "city": "Schwedelbach"}, "game_id": "464426", "values": [{"date": "2024-03-30-06-00-00", "latency": 39}]}], "last_updated": 1719927531.466361}