{"data": [{"location": {"country_code": "nz"}, "game_id": "118849", "values": [{"date": "2024-06-05-07-00-00", "latency": 2}]}, {"location": {"country_code": "us"}, "game_id": "118849", "values": [{"date": "2024-06-05-20-00-00", "latency": 8}, {"date": "2024-06-05-20-00-00", "latency": 8}]}, {"location": {"country_code": "in", "region": "Tamil Nadu"}, "game_id": "118849", "values": [{"date": "2024-06-06-02-00-00", "latency": 3}]}, {"location": {"country_code": "gb"}, "game_id": "118849", "values": [{"date": "2024-06-05-19-00-00", "latency": 5}, {"date": "2024-06-05-19-00-00", "latency": 5}, {"date": "2024-06-05-19-00-00", "latency": 5}, {"date": "2024-06-06-00-00-00", "latency": 3}]}, {"location": {"country_code": "gb", "region": "England"}, "game_id": "118849", "values": [{"date": "2024-06-05-20-00-00", "latency": 0}]}, {"location": {"country_code": "it"}, "game_id": "118849", "values": [{"date": "2024-06-05-11-00-00", "latency": 2}, {"date": "2024-06-05-09-00-00", "latency": 41}]}, {"location": {"country_code": "jp", "region": "Tokyo"}, "game_id": "118849", "values": [{"date": "2024-06-05-09-00-00", "latency": 7}]}, {"location": {"country_code": "tw"}, "game_id": "118849", "values": [{"date": "2024-06-05-13-00-00", "latency": 8}, {"date": "2024-06-05-09-00-00", "latency": 63}]}, {"location": {"country_code": "ph"}, "game_id": "118849", "values": [{"date": "2024-06-05-18-00-00", "latency": 27}, {"date": "2024-06-05-18-00-00", "latency": 27}, {"date": "2024-06-05-15-00-00", "latency": 33}, {"date": "2024-06-05-15-00-00", "latency": 33}]}, {"location": {"country_code": "fr"}, "game_id": "118849", "values": [{"date": "2024-06-05-22-00-00", "latency": 5}, {"date": "2024-06-05-22-00-00", "latency": 5}]}, {"location": {"country_code": "mx", "region": "Chihuahua", "city": "Ciudad Juarez"}, "game_id": "118849", "values": [{"date": "2024-06-05-09-00-00", "latency": 1}]}, {"location": {"country_code": "rs"}, "game_id": "118849", "values": [{"date": "2024-06-05-17-00-00", "latency": 5}]}, {"location": {"country_code": "br"}, "game_id": "118849", "values": [{"date": "2024-06-05-19-00-00", "latency": 2}]}, {"location": {"country_code": "se", "region": "Gavleborg County"}, "game_id": "118849", "values": [{"date": "2024-06-05-22-00-00", "latency": 0}, {"date": "2024-06-05-22-00-00", "latency": 0}, {"date": "2024-06-05-22-00-00", "latency": 0}, {"date": "2024-06-05-22-00-00", "latency": 0}, {"date": "2024-06-05-22-00-00", "latency": 0}, {"date": "2024-06-05-22-00-00", "latency": 0}]}, {"location": {"country_code": "us", "region": "California", "city": "East Los Angeles"}, "game_id": "118849", "values": [{"date": "2024-06-06-01-00-00", "latency": 0}]}, {"location": {"country_code": "pl", "region": "Greater Poland Voivodeship"}, "game_id": "118849", "values": [{"date": "2024-06-05-16-00-00", "latency": 0}, {"date": "2024-06-05-16-00-00", "latency": 0}, {"date": "2024-06-05-16-00-00", "latency": 0}]}, {"location": {"country_code": "es"}, "game_id": "118849", "values": [{"date": "2024-06-06-00-00-00", "latency": 6}, {"date": "2024-06-05-02-00-00", "latency": 4}]}, {"location": {"country_code": "es", "region": "Andalusia", "city": "Granada"}, "game_id": "118849", "values": [{"date": "2024-06-05-15-00-00", "latency": 0}, {"date": "2024-06-05-15-00-00", "latency": 0}]}, {"location": {"country_code": "ar"}, "game_id": "118849", "values": [{"date": "2024-06-05-23-00-00", "latency": 24}, {"date": "2024-06-05-23-00-00", "latency": 24}, {"date": "2024-06-05-23-00-00", "latency": 24}, {"date": "2024-06-05-22-00-00", "latency": 25}, {"date": "2024-06-05-22-00-00", "latency": 25}]}, {"location": {"country_code": "ar", "region": "Buenos Aires F.D.", "city": "Bahia Blanca"}, "game_id": "118849", "values": [{"date": "2024-06-05-23-00-00", "latency": 31}]}, {"location": {"country_code": "ar", "region": "Buenos Aires"}, "game_id": "118849", "values": [{"date": "2024-06-05-20-00-00", "latency": 2}, {"date": "2024-06-05-20-00-00", "latency": 2}]}, {"location": {"country_code": "co"}, "game_id": "118849", "values": [{"date": "2024-06-05-19-00-00", "latency": 4}, {"date": "2024-06-05-19-00-00", "latency": 4}]}, {"location": {"country_code": "pe", "region": "Lima region", "city": "Lima"}, "game_id": "118849", "values": [{"date": "2024-06-05-06-00-00", "latency": 3}, {"date": "2024-06-05-06-00-00", "latency": 3}]}, {"location": {"country_code": "kr", "region": "Seoul"}, "game_id": "118849", "values": [{"date": "2024-06-05-06-00-00", "latency": 5}, {"date": "2024-06-05-06-00-00", "latency": 5}, {"date": "2024-06-05-06-00-00", "latency": 5}]}, {"location": {"country_code": "tr", "region": "Marmara Bolgesi", "city": "Istanbul"}, "game_id": "118849", "values": [{"date": "2024-06-05-21-00-00", "latency": 4}]}, {"location": {"country_code": "us", "region": "District of Columbia", "city": "Washington"}, "game_id": "118849", "values": [{"date": "2024-06-05-04-00-00", "latency": 14}]}, {"location": {"country_code": "ca", "region": "Ontario", "city": "Toronto"}, "game_id": "118849", "values": [{"date": "2024-06-05-05-00-00", "latency": 3}, {"date": "2024-06-05-02-00-00", "latency": 42}]}, {"location": {"country_code": "br", "region": "State of Rio de Janeiro", "city": "Angra dos Reis"}, "game_id": "118849", "values": [{"date": "2024-06-05-15-00-00", "latency": 2}, {"date": "2024-06-05-15-00-00", "latency": 2}]}, {"location": {"country_code": "cn", "region": "Hong Kong"}, "game_id": "118849", "values": [{"date": "2024-06-05-19-00-00", "latency": 205}, {"date": "2024-06-05-19-00-00", "latency": 205}, {"date": "2024-06-05-19-00-00", "latency": 205}, {"date": "2024-06-05-19-00-00", "latency": 205}, {"date": "2024-06-05-19-00-00", "latency": 205}, {"date": "2024-06-05-19-00-00", "latency": 205}]}, {"location": {"country_code": "us", "region": "State of Wyoming"}, "game_id": "118849", "values": [{"date": "2024-06-05-03-00-00", "latency": 4}]}, {"location": {"country_code": "sy"}, "game_id": "118849", "values": [{"date": "2024-06-05-23-00-00", "latency": 13}]}, {"location": {"country_code": "th", "region": "Bangkok", "city": "Bangkok"}, "game_id": "118849", "values": [{"date": "2024-06-05-15-00-00", "latency": 12}]}, {"location": {"country_code": "tr", "region": "Marmara Bolgesi"}, "game_id": "118849", "values": [{"date": "2024-06-05-19-00-00", "latency": 2}]}, {"location": {"country_code": "us", "region": "North Carolina", "city": "Winston-Salem"}, "game_id": "118849", "values": [{"date": "2024-06-05-09-00-00", "latency": 2024}, {"date": "2024-06-05-09-00-00", "latency": 2024}, {"date": "2024-06-05-09-00-00", "latency": 2024}, {"date": "2024-06-05-09-00-00", "latency": 2024}, {"date": "2024-06-05-09-00-00", "latency": 2024}, {"date": "2024-06-05-09-00-00", "latency": 2024}, {"date": "2024-06-05-09-00-00", "latency": 2024}, {"date": "2024-06-05-09-00-00", "latency": 2024}, {"date": "2024-06-05-09-00-00", "latency": 2024}, {"date": "2024-06-05-09-00-00", "latency": 2024}]}, {"location": {"country_code": "us", "region": "New Mexico"}, "game_id": "118849", "values": [{"date": "2024-06-05-06-00-00", "latency": 36}]}, {"location": {"country_code": "gm", "region": "Western"}, "game_id": "118849", "values": [{"date": "2024-06-06-01-00-00", "latency": 0}, {"date": "2024-06-06-01-00-00", "latency": 0}, {"date": "2024-06-06-01-00-00", "latency": 0}, {"date": "2024-06-06-01-00-00", "latency": 0}, {"date": "2024-06-06-01-00-00", "latency": 0}, {"date": "2024-06-06-01-00-00", "latency": 0}, {"date": "2024-06-06-01-00-00", "latency": 0}, {"date": "2024-06-06-01-00-00", "latency": 0}, {"date": "2024-06-06-01-00-00", "latency": 0}, {"date": "2024-06-06-01-00-00", "latency": 0}, {"date": "2024-06-06-01-00-00", "latency": 0}, {"date": "2024-06-06-01-00-00", "latency": 0}, {"date": "2024-06-06-01-00-00", "latency": 0}, {"date": "2024-06-06-01-00-00", "latency": 0}, {"date": "2024-06-06-01-00-00", "latency": 0}, {"date": "2024-06-06-01-00-00", "latency": 0}, {"date": "2024-06-06-01-00-00", "latency": 0}, {"date": "2024-06-06-01-00-00", "latency": 0}, {"date": "2024-06-06-01-00-00", "latency": 0}, {"date": "2024-06-06-01-00-00", "latency": 0}, {"date": "2024-06-06-01-00-00", "latency": 0}, {"date": "2024-06-06-01-00-00", "latency": 0}, {"date": "2024-06-06-01-00-00", "latency": 0}, {"date": "2024-06-06-01-00-00", "latency": 0}, {"date": "2024-06-06-01-00-00", "latency": 0}, {"date": "2024-06-06-01-00-00", "latency": 0}, {"date": "2024-06-06-01-00-00", "latency": 0}, {"date": "2024-06-06-01-00-00", "latency": 0}, {"date": "2024-06-06-01-00-00", "latency": 0}, {"date": "2024-06-06-01-00-00", "latency": 0}]}, {"location": {"country_code": "vn", "region": "Ho Chi Minh City"}, "game_id": "118849", "values": [{"date": "2024-06-05-18-00-00", "latency": 31}, {"date": "2024-06-05-18-00-00", "latency": 31}, {"date": "2024-06-05-14-00-00", "latency": 1}, {"date": "2024-06-05-14-00-00", "latency": 1}, {"date": "2024-06-05-14-00-00", "latency": 1}, {"date": "2024-06-05-14-00-00", "latency": 1}, {"date": "2024-06-05-14-00-00", "latency": 1}]}, {"location": {"country_code": "ph", "region": "Davao Region", "city": "Davao City"}, "game_id": "118849", "values": [{"date": "2024-06-05-06-00-00", "latency": 15}, {"date": "2024-06-05-06-00-00", "latency": 15}]}, {"location": {"country_code": "mx", "region": "Sinaloa"}, "game_id": "118849", "values": [{"date": "2024-06-05-06-00-00", "latency": 3}, {"date": "2024-06-05-06-00-00", "latency": 3}]}, {"location": {"country_code": "uz", "region": "Tashkent"}, "game_id": "118849", "values": [{"date": "2024-06-05-12-00-00", "latency": 26}, {"date": "2024-06-05-12-00-00", "latency": 26}, {"date": "2024-06-05-12-00-00", "latency": 26}]}, {"location": {"country_code": "br", "region": "Mato Grosso"}, "game_id": "118849", "values": [{"date": "2024-06-05-03-00-00", "latency": 3}]}, {"location": {"country_code": "br", "region": "Santa Catarina", "city": "Balneario Gaivota"}, "game_id": "118849", "values": [{"date": "2024-06-05-06-00-00", "latency": 3}, {"date": "2024-06-05-06-00-00", "latency": 3}]}, {"location": {"country_code": "fr", "region": "Alsazia-Champagne-Ardenne-Lorena", "city": "Pargny-sur-Saulx"}, "game_id": "118849", "values": [{"date": "2024-06-05-22-00-00", "latency": 2}]}, {"location": {"country_code": "us", "region": "South Carolina", "city": "Simpsonville"}, "game_id": "118849", "values": [{"date": "2024-06-05-05-00-00", "latency": 7}]}, {"location": {"country_code": "mx", "region": "Chihuahua", "city": "Nuevo Casas Grandes"}, "game_id": "118849", "values": [{"date": "2024-06-06-00-00-00", "latency": 1}]}, {"location": {"country_code": "ph", "region": "CALABARZON"}, "game_id": "118849", "values": [{"date": "2024-06-05-11-00-00", "latency": 7}, {"date": "2024-06-05-11-00-00", "latency": 7}]}], "last_updated": 1719919338.351225}