{"data": [{"location": {"country_code": "iq"}, "game_id": "742409", "values": [{"date": "2023-09-12-21-00-00", "latency": 62}, {"date": "2023-09-12-21-00-00", "latency": 62}, {"date": "2023-09-12-21-00-00", "latency": 62}, {"date": "2023-09-12-21-00-00", "latency": 62}, {"date": "2023-09-12-21-00-00", "latency": 62}, {"date": "2023-09-12-21-00-00", "latency": 62}, {"date": "2023-09-12-21-00-00", "latency": 62}, {"date": "2023-09-12-21-00-00", "latency": 62}, {"date": "2023-09-12-21-00-00", "latency": 62}, {"date": "2023-09-12-21-00-00", "latency": 62}, {"date": "2023-09-12-21-00-00", "latency": 62}, {"date": "2023-09-12-21-00-00", "latency": 62}, {"date": "2023-09-12-21-00-00", "latency": 62}, {"date": "2023-09-12-21-00-00", "latency": 62}, {"date": "2023-09-12-21-00-00", "latency": 62}, {"date": "2023-09-12-21-00-00", "latency": 62}, {"date": "2023-09-12-21-00-00", "latency": 62}, {"date": "2023-09-12-21-00-00", "latency": 62}, {"date": "2023-09-12-21-00-00", "latency": 62}, {"date": "2023-09-12-21-00-00", "latency": 62}]}, {"location": {"country_code": "gb"}, "game_id": "742409", "values": [{"date": "2023-09-12-18-00-00", "latency": 18}, {"date": "2023-09-12-13-00-00", "latency": 23}, {"date": "2023-09-12-13-00-00", "latency": 23}, {"date": "2023-09-12-13-00-00", "latency": 23}, {"date": "2023-09-12-13-00-00", "latency": 23}, {"date": "2023-09-12-13-00-00", "latency": 23}, {"date": "2023-09-12-13-00-00", "latency": 23}, {"date": "2023-09-12-13-00-00", "latency": 23}, {"date": "2023-09-12-13-00-00", "latency": 23}, {"date": "2023-09-12-13-00-00", "latency": 23}, {"date": "2023-09-12-13-00-00", "latency": 23}, {"date": "2023-09-12-13-00-00", "latency": 23}, {"date": "2023-09-12-13-00-00", "latency": 23}, {"date": "2023-09-12-13-00-00", "latency": 23}, {"date": "2023-09-12-13-00-00", "latency": 23}, {"date": "2023-09-12-13-00-00", "latency": 23}, {"date": "2023-09-12-13-00-00", "latency": 23}, {"date": "2023-09-12-13-00-00", "latency": 23}, {"date": "2023-09-12-13-00-00", "latency": 23}, {"date": "2023-09-12-13-00-00", "latency": 23}, {"date": "2023-09-12-13-00-00", "latency": 23}, {"date": "2023-09-12-13-00-00", "latency": 23}, {"date": "2023-09-12-13-00-00", "latency": 23}, {"date": "2023-09-12-13-00-00", "latency": 23}, {"date": "2023-09-12-13-00-00", "latency": 23}, {"date": "2023-09-12-13-00-00", "latency": 23}, {"date": "2023-09-12-13-00-00", "latency": 23}, {"date": "2023-09-12-13-00-00", "latency": 23}, {"date": "2023-09-12-13-00-00", "latency": 23}, {"date": "2023-09-12-13-00-00", "latency": 23}, {"date": "2023-09-12-13-00-00", "latency": 23}, {"date": "2023-09-12-13-00-00", "latency": 23}, {"date": "2023-09-12-13-00-00", "latency": 23}, {"date": "2023-09-12-13-00-00", "latency": 23}, {"date": "2023-09-12-13-00-00", "latency": 23}, {"date": "2023-09-12-13-00-00", "latency": 23}, {"date": "2023-09-12-13-00-00", "latency": 23}, {"date": "2023-09-12-13-00-00", "latency": 23}, {"date": "2023-09-12-13-00-00", "latency": 23}, {"date": "2023-09-12-13-00-00", "latency": 23}, {"date": "2023-09-12-13-00-00", "latency": 23}, {"date": "2023-09-12-13-00-00", "latency": 23}, {"date": "2023-09-12-13-00-00", "latency": 23}, {"date": "2023-09-12-13-00-00", "latency": 23}, {"date": "2023-09-12-13-00-00", "latency": 23}, {"date": "2023-09-12-13-00-00", "latency": 23}, {"date": "2023-09-12-13-00-00", "latency": 23}, {"date": "2023-09-12-13-00-00", "latency": 23}, {"date": "2023-09-12-13-00-00", "latency": 23}, {"date": "2023-09-12-13-00-00", "latency": 23}]}, {"location": {"country_code": "gr"}, "game_id": "742409", "values": [{"date": "2023-09-12-19-00-00", "latency": 64}, {"date": "2023-09-12-19-00-00", "latency": 64}, {"date": "2023-09-12-19-00-00", "latency": 64}, {"date": "2023-09-12-19-00-00", "latency": 64}, {"date": "2023-09-12-19-00-00", "latency": 64}, {"date": "2023-09-12-19-00-00", "latency": 64}, {"date": "2023-09-12-19-00-00", "latency": 64}, {"date": "2023-09-12-19-00-00", "latency": 64}, {"date": "2023-09-12-19-00-00", "latency": 64}, {"date": "2023-09-12-19-00-00", "latency": 64}, {"date": "2023-09-12-19-00-00", "latency": 64}, {"date": "2023-09-12-19-00-00", "latency": 64}]}, {"location": {"country_code": "nl"}, "game_id": "742409", "values": [{"date": "2023-09-13-01-00-00", "latency": 15}, {"date": "2023-09-13-01-00-00", "latency": 15}, {"date": "2023-09-13-01-00-00", "latency": 15}, {"date": "2023-09-13-01-00-00", "latency": 15}, {"date": "2023-09-13-01-00-00", "latency": 15}, {"date": "2023-09-13-01-00-00", "latency": 15}, {"date": "2023-09-13-01-00-00", "latency": 15}]}, {"location": {"country_code": "cz"}, "game_id": "742409", "values": [{"date": "2023-09-12-22-00-00", "latency": 39}, {"date": "2023-09-12-22-00-00", "latency": 39}, {"date": "2023-09-12-22-00-00", "latency": 39}, {"date": "2023-09-13-01-00-00", "latency": 43}, {"date": "2023-09-13-01-00-00", "latency": 43}, {"date": "2023-09-13-01-00-00", "latency": 43}, {"date": "2023-09-13-01-00-00", "latency": 43}, {"date": "2023-09-13-01-00-00", "latency": 43}]}, {"location": {"country_code": "ro"}, "game_id": "742409", "values": [{"date": "2023-09-12-19-00-00", "latency": 46}, {"date": "2023-09-12-19-00-00", "latency": 46}]}, {"location": {"country_code": "jp"}, "game_id": "742409", "values": [{"date": "2023-09-12-11-00-00", "latency": 113}, {"date": "2023-09-12-11-00-00", "latency": 113}, {"date": "2023-09-12-05-00-00", "latency": 86}, {"date": "2023-09-12-05-00-00", "latency": 86}, {"date": "2023-09-12-05-00-00", "latency": 86}, {"date": "2023-09-12-05-00-00", "latency": 86}]}, {"location": {"country_code": "de"}, "game_id": "742409", "values": [{"date": "2023-09-12-20-00-00", "latency": 34}, {"date": "2023-09-12-20-00-00", "latency": 34}, {"date": "2023-09-12-20-00-00", "latency": 34}, {"date": "2023-09-12-20-00-00", "latency": 34}, {"date": "2023-09-12-20-00-00", "latency": 34}, {"date": "2023-09-12-20-00-00", "latency": 34}, {"date": "2023-09-12-20-00-00", "latency": 34}, {"date": "2023-09-12-20-00-00", "latency": 34}, {"date": "2023-09-12-20-00-00", "latency": 34}, {"date": "2023-09-12-20-00-00", "latency": 34}, {"date": "2023-09-12-20-00-00", "latency": 34}, {"date": "2023-09-12-20-00-00", "latency": 34}, {"date": "2023-09-12-20-00-00", "latency": 34}, {"date": "2023-09-12-20-00-00", "latency": 34}]}, {"location": {"country_code": "fr"}, "game_id": "742409", "values": [{"date": "2023-09-12-13-00-00", "latency": 38}, {"date": "2023-09-12-13-00-00", "latency": 38}, {"date": "2023-09-12-13-00-00", "latency": 38}, {"date": "2023-09-12-13-00-00", "latency": 38}, {"date": "2023-09-12-13-00-00", "latency": 38}, {"date": "2023-09-12-13-00-00", "latency": 38}, {"date": "2023-09-12-13-00-00", "latency": 38}, {"date": "2023-09-12-13-00-00", "latency": 38}, {"date": "2023-09-12-23-00-00", "latency": 32}, {"date": "2023-09-12-23-00-00", "latency": 32}, {"date": "2023-09-12-23-00-00", "latency": 32}, {"date": "2023-09-12-23-00-00", "latency": 32}, {"date": "2023-09-12-23-00-00", "latency": 32}, {"date": "2023-09-12-23-00-00", "latency": 32}, {"date": "2023-09-12-23-00-00", "latency": 32}, {"date": "2023-09-12-23-00-00", "latency": 32}, {"date": "2023-09-12-23-00-00", "latency": 32}, {"date": "2023-09-12-23-00-00", "latency": 32}, {"date": "2023-09-12-23-00-00", "latency": 32}, {"date": "2023-09-12-23-00-00", "latency": 32}, {"date": "2023-09-12-23-00-00", "latency": 32}, {"date": "2023-09-12-23-00-00", "latency": 32}, {"date": "2023-09-12-23-00-00", "latency": 32}, {"date": "2023-09-12-23-00-00", "latency": 32}, {"date": "2023-09-12-23-00-00", "latency": 32}, {"date": "2023-09-12-23-00-00", "latency": 32}, {"date": "2023-09-12-23-00-00", "latency": 32}, {"date": "2023-09-12-23-00-00", "latency": 32}, {"date": "2023-09-12-23-00-00", "latency": 32}, {"date": "2023-09-12-23-00-00", "latency": 32}]}, {"location": {"country_code": "rs"}, "game_id": "742409", "values": [{"date": "2023-09-12-02-00-00", "latency": 62}, {"date": "2023-09-12-02-00-00", "latency": 62}, {"date": "2023-09-12-02-00-00", "latency": 62}, {"date": "2023-09-12-02-00-00", "latency": 62}, {"date": "2023-09-12-02-00-00", "latency": 62}, {"date": "2023-09-12-02-00-00", "latency": 62}, {"date": "2023-09-12-02-00-00", "latency": 62}, {"date": "2023-09-12-02-00-00", "latency": 62}, {"date": "2023-09-12-02-00-00", "latency": 62}, {"date": "2023-09-12-02-00-00", "latency": 62}, {"date": "2023-09-12-02-00-00", "latency": 62}, {"date": "2023-09-12-02-00-00", "latency": 62}]}, {"location": {"country_code": "es", "region": "Madrid", "city": "Parla"}, "game_id": "742409", "values": [{"date": "2023-09-12-21-00-00", "latency": 27}, {"date": "2023-09-12-21-00-00", "latency": 27}, {"date": "2023-09-12-21-00-00", "latency": 27}, {"date": "2023-09-12-21-00-00", "latency": 27}, {"date": "2023-09-12-21-00-00", "latency": 27}, {"date": "2023-09-12-21-00-00", "latency": 27}, {"date": "2023-09-12-21-00-00", "latency": 27}, {"date": "2023-09-12-21-00-00", "latency": 27}, {"date": "2023-09-12-21-00-00", "latency": 27}, {"date": "2023-09-12-21-00-00", "latency": 27}, {"date": "2023-09-12-21-00-00", "latency": 27}, {"date": "2023-09-12-21-00-00", "latency": 27}, {"date": "2023-09-12-21-00-00", "latency": 27}, {"date": "2023-09-12-21-00-00", "latency": 27}, {"date": "2023-09-12-21-00-00", "latency": 27}, {"date": "2023-09-12-21-00-00", "latency": 27}, {"date": "2023-09-12-21-00-00", "latency": 27}, {"date": "2023-09-12-21-00-00", "latency": 27}, {"date": "2023-09-12-21-00-00", "latency": 27}, {"date": "2023-09-12-21-00-00", "latency": 27}, {"date": "2023-09-12-21-00-00", "latency": 27}, {"date": "2023-09-12-21-00-00", "latency": 27}, {"date": "2023-09-12-21-00-00", "latency": 27}, {"date": "2023-09-12-21-00-00", "latency": 27}, {"date": "2023-09-12-21-00-00", "latency": 27}, {"date": "2023-09-12-21-00-00", "latency": 27}]}, {"location": {"country_code": "de", "region": "Hesse"}, "game_id": "742409", "values": [{"date": "2023-09-12-21-00-00", "latency": 30}, {"date": "2023-09-12-21-00-00", "latency": 30}, {"date": "2023-09-12-21-00-00", "latency": 30}, {"date": "2023-09-12-21-00-00", "latency": 30}, {"date": "2023-09-12-21-00-00", "latency": 30}]}, {"location": {"country_code": "de", "region": "Saxony"}, "game_id": "742409", "values": [{"date": "2023-09-12-08-00-00", "latency": 20}, {"date": "2023-09-12-08-00-00", "latency": 20}]}, {"location": {"country_code": "vn"}, "game_id": "742409", "values": [{"date": "2023-09-12-19-00-00", "latency": 62}, {"date": "2023-09-12-19-00-00", "latency": 62}, {"date": "2023-09-12-19-00-00", "latency": 62}, {"date": "2023-09-12-19-00-00", "latency": 62}]}, {"location": {"country_code": "hu"}, "game_id": "742409", "values": [{"date": "2023-09-12-09-00-00", "latency": 50}]}, {"location": {"country_code": "at"}, "game_id": "742409", "values": [{"date": "2023-09-12-17-00-00", "latency": 48}, {"date": "2023-09-12-17-00-00", "latency": 48}, {"date": "2023-09-12-17-00-00", "latency": 48}, {"date": "2023-09-12-17-00-00", "latency": 48}, {"date": "2023-09-12-17-00-00", "latency": 48}, {"date": "2023-09-12-17-00-00", "latency": 48}, {"date": "2023-09-12-17-00-00", "latency": 48}, {"date": "2023-09-12-17-00-00", "latency": 48}, {"date": "2023-09-12-17-00-00", "latency": 48}, {"date": "2023-09-12-17-00-00", "latency": 48}, {"date": "2023-09-12-17-00-00", "latency": 48}, {"date": "2023-09-12-17-00-00", "latency": 48}, {"date": "2023-09-12-17-00-00", "latency": 48}, {"date": "2023-09-12-17-00-00", "latency": 48}, {"date": "2023-09-12-17-00-00", "latency": 48}, {"date": "2023-09-12-17-00-00", "latency": 48}]}, {"location": {"country_code": "pl"}, "game_id": "742409", "values": [{"date": "2023-09-12-21-00-00", "latency": 44}, {"date": "2023-09-12-21-00-00", "latency": 44}, {"date": "2023-09-12-21-00-00", "latency": 44}, {"date": "2023-09-12-21-00-00", "latency": 44}, {"date": "2023-09-12-21-00-00", "latency": 44}, {"date": "2023-09-12-21-00-00", "latency": 44}, {"date": "2023-09-12-21-00-00", "latency": 44}, {"date": "2023-09-12-21-00-00", "latency": 44}, {"date": "2023-09-12-21-00-00", "latency": 44}, {"date": "2023-09-12-21-00-00", "latency": 44}, {"date": "2023-09-12-21-00-00", "latency": 44}, {"date": "2023-09-12-21-00-00", "latency": 44}, {"date": "2023-09-12-21-00-00", "latency": 44}]}, {"location": {"country_code": "us", "region": "Georgia"}, "game_id": "742409", "values": [{"date": "2023-09-12-09-00-00", "latency": 35}, {"date": "2023-09-12-09-00-00", "latency": 35}, {"date": "2023-09-12-09-00-00", "latency": 35}, {"date": "2023-09-12-09-00-00", "latency": 35}, {"date": "2023-09-12-09-00-00", "latency": 35}, {"date": "2023-09-12-09-00-00", "latency": 35}, {"date": "2023-09-12-09-00-00", "latency": 35}, {"date": "2023-09-12-09-00-00", "latency": 35}, {"date": "2023-09-12-09-00-00", "latency": 35}, {"date": "2023-09-12-09-00-00", "latency": 35}, {"date": "2023-09-12-09-00-00", "latency": 35}, {"date": "2023-09-12-09-00-00", "latency": 35}, {"date": "2023-09-12-09-00-00", "latency": 35}, {"date": "2023-09-12-09-00-00", "latency": 35}]}, {"location": {"country_code": "ua"}, "game_id": "742409", "values": [{"date": "2023-09-12-21-00-00", "latency": 35}, {"date": "2023-09-12-21-00-00", "latency": 35}, {"date": "2023-09-12-21-00-00", "latency": 35}, {"date": "2023-09-12-21-00-00", "latency": 35}, {"date": "2023-09-12-21-00-00", "latency": 35}, {"date": "2023-09-12-21-00-00", "latency": 35}, {"date": "2023-09-12-21-00-00", "latency": 35}, {"date": "2023-09-12-21-00-00", "latency": 35}, {"date": "2023-09-12-15-00-00", "latency": 44}, {"date": "2023-09-12-15-00-00", "latency": 44}, {"date": "2023-09-12-15-00-00", "latency": 44}, {"date": "2023-09-12-15-00-00", "latency": 44}, {"date": "2023-09-12-15-00-00", "latency": 44}, {"date": "2023-09-12-15-00-00", "latency": 44}, {"date": "2023-09-12-15-00-00", "latency": 44}, {"date": "2023-09-12-15-00-00", "latency": 44}, {"date": "2023-09-12-15-00-00", "latency": 44}, {"date": "2023-09-12-15-00-00", "latency": 44}, {"date": "2023-09-12-15-00-00", "latency": 44}, {"date": "2023-09-12-15-00-00", "latency": 44}, {"date": "2023-09-12-15-00-00", "latency": 44}, {"date": "2023-09-12-15-00-00", "latency": 44}, {"date": "2023-09-12-15-00-00", "latency": 44}, {"date": "2023-09-12-15-00-00", "latency": 44}, {"date": "2023-09-12-15-00-00", "latency": 44}, {"date": "2023-09-12-15-00-00", "latency": 44}, {"date": "2023-09-12-15-00-00", "latency": 44}, {"date": "2023-09-12-15-00-00", "latency": 44}, {"date": "2023-09-12-15-00-00", "latency": 44}, {"date": "2023-09-12-15-00-00", "latency": 44}, {"date": "2023-09-12-15-00-00", "latency": 44}, {"date": "2023-09-12-15-00-00", "latency": 44}, {"date": "2023-09-12-15-00-00", "latency": 44}, {"date": "2023-09-12-15-00-00", "latency": 44}, {"date": "2023-09-12-15-00-00", "latency": 44}, {"date": "2023-09-12-15-00-00", "latency": 44}, {"date": "2023-09-12-15-00-00", "latency": 44}, {"date": "2023-09-12-15-00-00", "latency": 44}, {"date": "2023-09-12-20-00-00", "latency": 50}, {"date": "2023-09-12-20-00-00", "latency": 50}, {"date": "2023-09-12-20-00-00", "latency": 50}, {"date": "2023-09-12-20-00-00", "latency": 50}]}, {"location": {"country_code": "sg"}, "game_id": "742409", "values": [{"date": "2023-09-12-12-00-00", "latency": 74}, {"date": "2023-09-12-12-00-00", "latency": 74}, {"date": "2023-09-12-12-00-00", "latency": 74}, {"date": "2023-09-12-12-00-00", "latency": 74}, {"date": "2023-09-12-12-00-00", "latency": 74}, {"date": "2023-09-12-12-00-00", "latency": 74}, {"date": "2023-09-12-12-00-00", "latency": 74}, {"date": "2023-09-12-12-00-00", "latency": 74}, {"date": "2023-09-12-12-00-00", "latency": 74}, {"date": "2023-09-12-12-00-00", "latency": 74}, {"date": "2023-09-12-12-00-00", "latency": 74}, {"date": "2023-09-12-12-00-00", "latency": 74}, {"date": "2023-09-12-12-00-00", "latency": 74}]}, {"location": {"country_code": "se", "region": "Stockholm County", "city": "Stockholm"}, "game_id": "742409", "values": [{"date": "2023-09-12-13-00-00", "latency": 56}, {"date": "2023-09-12-13-00-00", "latency": 56}, {"date": "2023-09-12-13-00-00", "latency": 56}, {"date": "2023-09-12-13-00-00", "latency": 56}, {"date": "2023-09-12-13-00-00", "latency": 56}, {"date": "2023-09-12-13-00-00", "latency": 56}, {"date": "2023-09-12-13-00-00", "latency": 56}, {"date": "2023-09-12-13-00-00", "latency": 56}, {"date": "2023-09-12-13-00-00", "latency": 56}, {"date": "2023-09-12-13-00-00", "latency": 56}, {"date": "2023-09-12-13-00-00", "latency": 56}, {"date": "2023-09-12-13-00-00", "latency": 56}, {"date": "2023-09-12-13-00-00", "latency": 56}, {"date": "2023-09-12-13-00-00", "latency": 56}, {"date": "2023-09-12-13-00-00", "latency": 56}, {"date": "2023-09-12-13-00-00", "latency": 56}, {"date": "2023-09-12-13-00-00", "latency": 56}, {"date": "2023-09-12-13-00-00", "latency": 56}, {"date": "2023-09-12-13-00-00", "latency": 56}, {"date": "2023-09-12-13-00-00", "latency": 56}, {"date": "2023-09-12-13-00-00", "latency": 56}, {"date": "2023-09-12-13-00-00", "latency": 56}, {"date": "2023-09-12-13-00-00", "latency": 56}]}, {"location": {"country_code": "br", "region": "State of Rio de Janeiro", "city": "Angra dos Reis"}, "game_id": "742409", "values": [{"date": "2023-09-12-06-00-00", "latency": 22}, {"date": "2023-09-12-06-00-00", "latency": 22}]}, {"location": {"country_code": "fr", "region": "Ile-de-France Region"}, "game_id": "742409", "values": [{"date": "2023-09-12-21-00-00", "latency": 27}, {"date": "2023-09-12-21-00-00", "latency": 27}, {"date": "2023-09-12-21-00-00", "latency": 27}, {"date": "2023-09-12-21-00-00", "latency": 27}, {"date": "2023-09-12-21-00-00", "latency": 27}, {"date": "2023-09-12-21-00-00", "latency": 27}, {"date": "2023-09-12-21-00-00", "latency": 27}, {"date": "2023-09-12-21-00-00", "latency": 27}, {"date": "2023-09-12-21-00-00", "latency": 27}]}, {"location": {"country_code": "us", "region": "Maryland"}, "game_id": "742409", "values": [{"date": "2023-09-12-05-00-00", "latency": 37}, {"date": "2023-09-12-05-00-00", "latency": 37}, {"date": "2023-09-12-05-00-00", "latency": 37}, {"date": "2023-09-12-05-00-00", "latency": 37}, {"date": "2023-09-12-05-00-00", "latency": 37}, {"date": "2023-09-12-05-00-00", "latency": 37}]}, {"location": {"country_code": "hr"}, "game_id": "742409", "values": [{"date": "2023-09-12-21-00-00", "latency": 33}, {"date": "2023-09-12-21-00-00", "latency": 33}, {"date": "2023-09-12-21-00-00", "latency": 33}, {"date": "2023-09-12-21-00-00", "latency": 33}, {"date": "2023-09-12-21-00-00", "latency": 33}]}, {"location": {"country_code": "ua", "region": "Kharkiv Oblast", "city": "Kharkiv"}, "game_id": "742409", "values": [{"date": "2023-09-12-17-00-00", "latency": 54}, {"date": "2023-09-12-17-00-00", "latency": 54}, {"date": "2023-09-12-17-00-00", "latency": 54}, {"date": "2023-09-12-17-00-00", "latency": 54}, {"date": "2023-09-12-17-00-00", "latency": 54}, {"date": "2023-09-12-17-00-00", "latency": 54}, {"date": "2023-09-12-17-00-00", "latency": 54}, {"date": "2023-09-12-17-00-00", "latency": 54}, {"date": "2023-09-12-17-00-00", "latency": 54}, {"date": "2023-09-12-17-00-00", "latency": 54}, {"date": "2023-09-12-17-00-00", "latency": 54}, {"date": "2023-09-12-17-00-00", "latency": 54}, {"date": "2023-09-12-17-00-00", "latency": 54}, {"date": "2023-09-12-17-00-00", "latency": 54}, {"date": "2023-09-12-17-00-00", "latency": 54}, {"date": "2023-09-12-17-00-00", "latency": 54}, {"date": "2023-09-12-17-00-00", "latency": 54}, {"date": "2023-09-12-17-00-00", "latency": 54}, {"date": "2023-09-12-17-00-00", "latency": 54}]}, {"location": {"country_code": "de", "region": "Hesse", "city": "Frankfurt"}, "game_id": "742409", "values": [{"date": "2023-09-12-15-00-00", "latency": 113}, {"date": "2023-09-12-15-00-00", "latency": 113}, {"date": "2023-09-12-15-00-00", "latency": 113}, {"date": "2023-09-12-15-00-00", "latency": 113}, {"date": "2023-09-12-15-00-00", "latency": 113}, {"date": "2023-09-12-15-00-00", "latency": 113}, {"date": "2023-09-12-15-00-00", "latency": 113}, {"date": "2023-09-12-15-00-00", "latency": 113}, {"date": "2023-09-12-15-00-00", "latency": 113}, {"date": "2023-09-12-15-00-00", "latency": 113}, {"date": "2023-09-12-15-00-00", "latency": 113}, {"date": "2023-09-12-15-00-00", "latency": 113}, {"date": "2023-09-12-15-00-00", "latency": 113}, {"date": "2023-09-12-15-00-00", "latency": 113}, {"date": "2023-09-12-15-00-00", "latency": 113}, {"date": "2023-09-12-15-00-00", "latency": 113}, {"date": "2023-09-12-15-00-00", "latency": 113}, {"date": "2023-09-12-15-00-00", "latency": 113}, {"date": "2023-09-12-15-00-00", "latency": 113}, {"date": "2023-09-12-15-00-00", "latency": 113}, {"date": "2023-09-12-15-00-00", "latency": 113}, {"date": "2023-09-12-15-00-00", "latency": 113}]}, {"location": {"country_code": "de", "region": "Saxony-Anhalt"}, "game_id": "742409", "values": [{"date": "2023-09-12-21-00-00", "latency": 25}, {"date": "2023-09-12-21-00-00", "latency": 25}, {"date": "2023-09-12-21-00-00", "latency": 25}, {"date": "2023-09-12-21-00-00", "latency": 25}, {"date": "2023-09-12-21-00-00", "latency": 25}, {"date": "2023-09-12-21-00-00", "latency": 25}, {"date": "2023-09-12-21-00-00", "latency": 25}, {"date": "2023-09-12-21-00-00", "latency": 25}, {"date": "2023-09-12-21-00-00", "latency": 25}, {"date": "2023-09-12-21-00-00", "latency": 25}, {"date": "2023-09-12-21-00-00", "latency": 25}, {"date": "2023-09-12-21-00-00", "latency": 25}, {"date": "2023-09-12-21-00-00", "latency": 25}, {"date": "2023-09-12-21-00-00", "latency": 25}, {"date": "2023-09-12-21-00-00", "latency": 25}, {"date": "2023-09-12-21-00-00", "latency": 25}, {"date": "2023-09-12-21-00-00", "latency": 25}, {"date": "2023-09-12-21-00-00", "latency": 25}, {"date": "2023-09-12-21-00-00", "latency": 25}]}, {"location": {"country_code": "de", "region": "Schleswig-Holstein"}, "game_id": "742409", "values": [{"date": "2023-09-12-12-00-00", "latency": 21}, {"date": "2023-09-12-12-00-00", "latency": 21}, {"date": "2023-09-12-12-00-00", "latency": 21}, {"date": "2023-09-12-12-00-00", "latency": 21}, {"date": "2023-09-12-12-00-00", "latency": 21}]}, {"location": {"country_code": "pl", "region": "Lublin Voivodeship", "city": "Lublin"}, "game_id": "742409", "values": [{"date": "2023-09-12-13-00-00", "latency": 9}, {"date": "2023-09-12-13-00-00", "latency": 9}, {"date": "2023-09-12-13-00-00", "latency": 9}, {"date": "2023-09-12-13-00-00", "latency": 9}, {"date": "2023-09-12-13-00-00", "latency": 9}, {"date": "2023-09-12-13-00-00", "latency": 9}, {"date": "2023-09-12-13-00-00", "latency": 9}, {"date": "2023-09-12-13-00-00", "latency": 9}, {"date": "2023-09-12-13-00-00", "latency": 9}, {"date": "2023-09-12-13-00-00", "latency": 9}, {"date": "2023-09-12-13-00-00", "latency": 9}, {"date": "2023-09-12-13-00-00", "latency": 9}, {"date": "2023-09-12-13-00-00", "latency": 9}, {"date": "2023-09-12-13-00-00", "latency": 9}]}, {"location": {"country_code": "ru", "region": "Krasnodar Krai", "city": "Bryukhovetskaya"}, "game_id": "742409", "values": [{"date": "2023-09-13-00-00-00", "latency": 79}, {"date": "2023-09-13-00-00-00", "latency": 79}]}, {"location": {"country_code": "rs", "region": "Vojvodina", "city": "Novi Sad"}, "game_id": "742409", "values": [{"date": "2023-09-12-23-00-00", "latency": 51}, {"date": "2023-09-12-23-00-00", "latency": 51}, {"date": "2023-09-12-23-00-00", "latency": 51}]}, {"location": {"country_code": "pl", "region": "Masovian Voivodeship"}, "game_id": "742409", "values": [{"date": "2023-09-12-22-00-00", "latency": 36}, {"date": "2023-09-12-22-00-00", "latency": 36}, {"date": "2023-09-12-22-00-00", "latency": 36}, {"date": "2023-09-12-22-00-00", "latency": 36}, {"date": "2023-09-12-22-00-00", "latency": 36}, {"date": "2023-09-12-22-00-00", "latency": 36}, {"date": "2023-09-12-22-00-00", "latency": 36}, {"date": "2023-09-12-22-00-00", "latency": 36}, {"date": "2023-09-12-22-00-00", "latency": 36}, {"date": "2023-09-12-22-00-00", "latency": 36}, {"date": "2023-09-12-22-00-00", "latency": 36}, {"date": "2023-09-12-22-00-00", "latency": 36}, {"date": "2023-09-12-22-00-00", "latency": 36}, {"date": "2023-09-12-22-00-00", "latency": 36}, {"date": "2023-09-12-22-00-00", "latency": 36}, {"date": "2023-09-12-22-00-00", "latency": 36}, {"date": "2023-09-12-22-00-00", "latency": 36}, {"date": "2023-09-12-22-00-00", "latency": 36}, {"date": "2023-09-12-22-00-00", "latency": 36}, {"date": "2023-09-12-22-00-00", "latency": 36}, {"date": "2023-09-12-22-00-00", "latency": 36}, {"date": "2023-09-12-22-00-00", "latency": 36}, {"date": "2023-09-12-22-00-00", "latency": 36}, {"date": "2023-09-12-22-00-00", "latency": 36}, {"date": "2023-09-12-22-00-00", "latency": 36}, {"date": "2023-09-12-22-00-00", "latency": 36}, {"date": "2023-09-12-22-00-00", "latency": 36}, {"date": "2023-09-12-22-00-00", "latency": 36}, {"date": "2023-09-12-22-00-00", "latency": 36}, {"date": "2023-09-12-22-00-00", "latency": 36}, {"date": "2023-09-12-22-00-00", "latency": 36}]}, {"location": {"country_code": "ua", "region": "Donetsk Oblast", "city": "Kramatorsk"}, "game_id": "742409", "values": [{"date": "2023-09-12-21-00-00", "latency": 46}, {"date": "2023-09-12-21-00-00", "latency": 46}, {"date": "2023-09-12-21-00-00", "latency": 46}]}, {"location": {"country_code": "gb", "region": "England", "city": "Westhoughton"}, "game_id": "742409", "values": [{"date": "2023-09-12-15-00-00", "latency": 23}, {"date": "2023-09-12-15-00-00", "latency": 23}, {"date": "2023-09-12-15-00-00", "latency": 23}, {"date": "2023-09-12-15-00-00", "latency": 23}, {"date": "2023-09-12-15-00-00", "latency": 23}, {"date": "2023-09-12-15-00-00", "latency": 23}, {"date": "2023-09-12-15-00-00", "latency": 23}, {"date": "2023-09-12-15-00-00", "latency": 23}, {"date": "2023-09-12-15-00-00", "latency": 23}, {"date": "2023-09-12-15-00-00", "latency": 23}, {"date": "2023-09-12-15-00-00", "latency": 23}, {"date": "2023-09-12-15-00-00", "latency": 23}, {"date": "2023-09-12-15-00-00", "latency": 23}, {"date": "2023-09-12-15-00-00", "latency": 23}, {"date": "2023-09-12-15-00-00", "latency": 23}, {"date": "2023-09-12-15-00-00", "latency": 23}, {"date": "2023-09-12-15-00-00", "latency": 23}, {"date": "2023-09-12-15-00-00", "latency": 23}]}, {"location": {"country_code": "gb", "region": "England", "city": "Ryton"}, "game_id": "742409", "values": [{"date": "2023-09-12-18-00-00", "latency": 34}, {"date": "2023-09-12-18-00-00", "latency": 34}, {"date": "2023-09-12-18-00-00", "latency": 34}, {"date": "2023-09-12-18-00-00", "latency": 34}, {"date": "2023-09-12-18-00-00", "latency": 34}, {"date": "2023-09-12-18-00-00", "latency": 34}]}, {"location": {"country_code": "tr", "region": "Marmara Bolgesi", "city": "Tuzla"}, "game_id": "742409", "values": [{"date": "2023-09-12-19-00-00", "latency": 79}]}, {"location": {"country_code": "es", "region": "Basque Country", "city": "Onati"}, "game_id": "742409", "values": [{"date": "2023-09-12-16-00-00", "latency": 44}, {"date": "2023-09-12-16-00-00", "latency": 44}, {"date": "2023-09-12-16-00-00", "latency": 44}, {"date": "2023-09-12-16-00-00", "latency": 44}, {"date": "2023-09-12-16-00-00", "latency": 44}, {"date": "2023-09-12-16-00-00", "latency": 44}, {"date": "2023-09-12-16-00-00", "latency": 44}, {"date": "2023-09-12-16-00-00", "latency": 44}]}], "last_updated": 1719926535.053048}