{"data": [{"location": {"country_code": "us"}, "game_id": "742409", "values": [{"date": "2023-09-30-05-00-00", "latency": 50}, {"date": "2023-09-30-05-00-00", "latency": 50}, {"date": "2023-09-30-05-00-00", "latency": 37}, {"date": "2023-09-30-05-00-00", "latency": 37}, {"date": "2023-09-30-05-00-00", "latency": 37}, {"date": "2023-09-30-05-00-00", "latency": 37}, {"date": "2023-09-30-05-00-00", "latency": 37}, {"date": "2023-09-30-05-00-00", "latency": 37}, {"date": "2023-09-30-05-00-00", "latency": 37}, {"date": "2023-09-30-05-00-00", "latency": 37}, {"date": "2023-09-30-05-00-00", "latency": 37}, {"date": "2023-09-30-05-00-00", "latency": 37}, {"date": "2023-09-30-05-00-00", "latency": 37}, {"date": "2023-09-30-05-00-00", "latency": 37}, {"date": "2023-09-30-05-00-00", "latency": 37}, {"date": "2023-09-30-05-00-00", "latency": 37}, {"date": "2023-09-30-03-00-00", "latency": 46}]}, {"location": {"country_code": "de", "region": "Schleswig-Holstein", "city": "Travemunde"}, "game_id": "742409", "values": [{"date": "2023-09-30-23-00-00", "latency": 26}, {"date": "2023-09-30-23-00-00", "latency": 26}, {"date": "2023-09-30-23-00-00", "latency": 26}, {"date": "2023-09-30-23-00-00", "latency": 26}, {"date": "2023-09-30-23-00-00", "latency": 26}, {"date": "2023-09-30-23-00-00", "latency": 26}, {"date": "2023-09-30-23-00-00", "latency": 26}, {"date": "2023-09-30-23-00-00", "latency": 26}, {"date": "2023-09-30-23-00-00", "latency": 26}, {"date": "2023-09-30-23-00-00", "latency": 26}, {"date": "2023-09-30-23-00-00", "latency": 26}, {"date": "2023-09-30-23-00-00", "latency": 26}]}, {"location": {"country_code": "gb"}, "game_id": "742409", "values": [{"date": "2023-09-30-21-00-00", "latency": 48}, {"date": "2023-09-30-14-00-00", "latency": 21}, {"date": "2023-09-30-14-00-00", "latency": 21}, {"date": "2023-09-30-14-00-00", "latency": 21}, {"date": "2023-09-30-14-00-00", "latency": 21}, {"date": "2023-09-30-14-00-00", "latency": 21}, {"date": "2023-09-30-14-00-00", "latency": 21}, {"date": "2023-09-30-15-00-00", "latency": 23}, {"date": "2023-09-30-15-00-00", "latency": 23}, {"date": "2023-09-30-15-00-00", "latency": 23}, {"date": "2023-09-30-15-00-00", "latency": 23}, {"date": "2023-09-30-15-00-00", "latency": 23}, {"date": "2023-09-30-15-00-00", "latency": 23}, {"date": "2023-09-30-15-00-00", "latency": 23}, {"date": "2023-09-30-15-00-00", "latency": 23}, {"date": "2023-09-30-15-00-00", "latency": 23}, {"date": "2023-09-30-15-00-00", "latency": 23}, {"date": "2023-09-30-15-00-00", "latency": 23}, {"date": "2023-09-30-15-00-00", "latency": 23}, {"date": "2023-09-30-15-00-00", "latency": 23}, {"date": "2023-09-30-15-00-00", "latency": 23}, {"date": "2023-09-30-15-00-00", "latency": 23}, {"date": "2023-09-30-15-00-00", "latency": 23}, {"date": "2023-09-30-15-00-00", "latency": 23}, {"date": "2023-09-30-15-00-00", "latency": 23}, {"date": "2023-09-30-15-00-00", "latency": 23}, {"date": "2023-09-30-15-00-00", "latency": 23}, {"date": "2023-09-30-15-00-00", "latency": 23}, {"date": "2023-09-30-15-00-00", "latency": 23}, {"date": "2023-09-30-15-00-00", "latency": 23}, {"date": "2023-09-30-15-00-00", "latency": 23}, {"date": "2023-09-30-15-00-00", "latency": 23}, {"date": "2023-09-30-15-00-00", "latency": 23}, {"date": "2023-09-30-15-00-00", "latency": 23}, {"date": "2023-09-30-15-00-00", "latency": 23}, {"date": "2023-09-30-15-00-00", "latency": 23}, {"date": "2023-09-30-15-00-00", "latency": 23}, {"date": "2023-09-30-15-00-00", "latency": 23}, {"date": "2023-09-30-15-00-00", "latency": 23}, {"date": "2023-09-30-15-00-00", "latency": 23}, {"date": "2023-09-30-15-00-00", "latency": 23}, {"date": "2023-09-30-15-00-00", "latency": 23}, {"date": "2023-09-30-15-00-00", "latency": 23}, {"date": "2023-09-30-15-00-00", "latency": 23}, {"date": "2023-09-30-15-00-00", "latency": 23}, {"date": "2023-09-30-15-00-00", "latency": 23}, {"date": "2023-09-30-15-00-00", "latency": 23}, {"date": "2023-09-30-15-00-00", "latency": 23}, {"date": "2023-09-30-15-00-00", "latency": 23}, {"date": "2023-09-30-15-00-00", "latency": 23}, {"date": "2023-09-30-15-00-00", "latency": 23}, {"date": "2023-09-30-15-00-00", "latency": 23}, {"date": "2023-09-30-15-00-00", "latency": 23}]}, {"location": {"country_code": "gr"}, "game_id": "742409", "values": [{"date": "2023-09-30-10-00-00", "latency": 49}, {"date": "2023-09-30-10-00-00", "latency": 49}]}, {"location": {"country_code": "cz"}, "game_id": "742409", "values": [{"date": "2023-09-30-11-00-00", "latency": 34}, {"date": "2023-09-30-11-00-00", "latency": 34}, {"date": "2023-09-30-11-00-00", "latency": 34}, {"date": "2023-09-30-11-00-00", "latency": 34}, {"date": "2023-09-30-11-00-00", "latency": 34}, {"date": "2023-09-30-11-00-00", "latency": 34}, {"date": "2023-09-30-11-00-00", "latency": 34}]}, {"location": {"country_code": "ro"}, "game_id": "742409", "values": [{"date": "2023-09-30-19-00-00", "latency": 36}, {"date": "2023-09-30-19-00-00", "latency": 36}, {"date": "2023-09-30-19-00-00", "latency": 36}, {"date": "2023-09-30-19-00-00", "latency": 36}, {"date": "2023-09-30-19-00-00", "latency": 36}, {"date": "2023-10-01-02-00-00", "latency": 26}, {"date": "2023-10-01-02-00-00", "latency": 26}, {"date": "2023-10-01-02-00-00", "latency": 26}, {"date": "2023-10-01-02-00-00", "latency": 26}, {"date": "2023-10-01-02-00-00", "latency": 26}, {"date": "2023-10-01-02-00-00", "latency": 26}]}, {"location": {"country_code": "jp"}, "game_id": "742409", "values": [{"date": "2023-09-30-06-00-00", "latency": 85}]}, {"location": {"country_code": "ca"}, "game_id": "742409", "values": [{"date": "2023-10-01-02-00-00", "latency": 55}, {"date": "2023-10-01-02-00-00", "latency": 55}, {"date": "2023-10-01-02-00-00", "latency": 55}, {"date": "2023-10-01-02-00-00", "latency": 55}, {"date": "2023-10-01-02-00-00", "latency": 55}, {"date": "2023-10-01-02-00-00", "latency": 55}]}, {"location": {"country_code": "de"}, "game_id": "742409", "values": [{"date": "2023-10-01-01-00-00", "latency": 36}, {"date": "2023-10-01-02-00-00", "latency": 67}, {"date": "2023-10-01-02-00-00", "latency": 67}]}, {"location": {"country_code": "tw"}, "game_id": "742409", "values": [{"date": "2023-09-30-11-00-00", "latency": 58}, {"date": "2023-09-30-11-00-00", "latency": 58}, {"date": "2023-09-30-11-00-00", "latency": 58}, {"date": "2023-09-30-11-00-00", "latency": 58}, {"date": "2023-09-30-11-00-00", "latency": 58}, {"date": "2023-09-30-11-00-00", "latency": 58}, {"date": "2023-09-30-11-00-00", "latency": 58}, {"date": "2023-09-30-11-00-00", "latency": 58}, {"date": "2023-09-30-11-00-00", "latency": 58}, {"date": "2023-09-30-11-00-00", "latency": 58}, {"date": "2023-09-30-11-00-00", "latency": 58}, {"date": "2023-09-30-11-00-00", "latency": 58}, {"date": "2023-09-30-11-00-00", "latency": 58}, {"date": "2023-09-30-11-00-00", "latency": 58}, {"date": "2023-09-30-11-00-00", "latency": 58}, {"date": "2023-09-30-11-00-00", "latency": 58}, {"date": "2023-09-30-07-00-00", "latency": 95}, {"date": "2023-09-30-07-00-00", "latency": 95}, {"date": "2023-09-30-07-00-00", "latency": 95}, {"date": "2023-09-30-07-00-00", "latency": 95}, {"date": "2023-09-30-07-00-00", "latency": 95}, {"date": "2023-09-30-07-00-00", "latency": 95}, {"date": "2023-09-30-07-00-00", "latency": 95}, {"date": "2023-09-30-07-00-00", "latency": 95}]}, {"location": {"country_code": "fr"}, "game_id": "742409", "values": [{"date": "2023-09-30-04-00-00", "latency": 23}, {"date": "2023-09-30-04-00-00", "latency": 23}, {"date": "2023-09-30-04-00-00", "latency": 23}, {"date": "2023-09-30-04-00-00", "latency": 23}, {"date": "2023-09-30-04-00-00", "latency": 23}, {"date": "2023-09-30-04-00-00", "latency": 23}, {"date": "2023-09-30-04-00-00", "latency": 23}, {"date": "2023-09-30-04-00-00", "latency": 23}, {"date": "2023-09-30-04-00-00", "latency": 23}, {"date": "2023-09-30-04-00-00", "latency": 23}, {"date": "2023-09-30-04-00-00", "latency": 23}, {"date": "2023-09-30-04-00-00", "latency": 23}, {"date": "2023-09-30-04-00-00", "latency": 23}, {"date": "2023-09-30-04-00-00", "latency": 23}, {"date": "2023-09-30-04-00-00", "latency": 23}, {"date": "2023-09-30-04-00-00", "latency": 23}, {"date": "2023-09-30-04-00-00", "latency": 23}, {"date": "2023-09-30-04-00-00", "latency": 23}, {"date": "2023-09-30-04-00-00", "latency": 23}, {"date": "2023-09-30-04-00-00", "latency": 23}, {"date": "2023-09-30-04-00-00", "latency": 23}, {"date": "2023-09-30-04-00-00", "latency": 23}, {"date": "2023-09-30-04-00-00", "latency": 23}, {"date": "2023-09-30-04-00-00", "latency": 23}, {"date": "2023-09-30-04-00-00", "latency": 23}, {"date": "2023-09-30-04-00-00", "latency": 23}]}, {"location": {"country_code": "us", "region": "California"}, "game_id": "742409", "values": [{"date": "2023-09-30-06-00-00", "latency": 84}, {"date": "2023-09-30-06-00-00", "latency": 84}]}, {"location": {"country_code": "rs"}, "game_id": "742409", "values": [{"date": "2023-09-30-04-00-00", "latency": 85}]}, {"location": {"country_code": "se"}, "game_id": "742409", "values": [{"date": "2023-09-30-03-00-00", "latency": 35}, {"date": "2023-09-30-03-00-00", "latency": 35}]}, {"location": {"country_code": "jp", "region": "Fukuoka"}, "game_id": "742409", "values": [{"date": "2023-09-30-15-00-00", "latency": 93}, {"date": "2023-09-30-15-00-00", "latency": 93}]}, {"location": {"country_code": "tr"}, "game_id": "742409", "values": [{"date": "2023-09-30-02-00-00", "latency": 59}]}, {"location": {"country_code": "de", "region": "Saxony"}, "game_id": "742409", "values": [{"date": "2023-09-30-17-00-00", "latency": 31}, {"date": "2023-09-30-17-00-00", "latency": 31}, {"date": "2023-09-30-17-00-00", "latency": 31}]}, {"location": {"country_code": "hu"}, "game_id": "742409", "values": [{"date": "2023-09-30-19-00-00", "latency": 59}, {"date": "2023-09-30-19-00-00", "latency": 59}]}, {"location": {"country_code": "de", "region": "Bavaria"}, "game_id": "742409", "values": [{"date": "2023-09-30-12-00-00", "latency": 24}, {"date": "2023-09-30-12-00-00", "latency": 24}, {"date": "2023-09-30-12-00-00", "latency": 24}, {"date": "2023-09-30-12-00-00", "latency": 24}, {"date": "2023-09-30-12-00-00", "latency": 24}, {"date": "2023-09-30-12-00-00", "latency": 24}, {"date": "2023-09-30-12-00-00", "latency": 24}, {"date": "2023-09-30-12-00-00", "latency": 24}, {"date": "2023-09-30-12-00-00", "latency": 24}, {"date": "2023-09-30-12-00-00", "latency": 24}, {"date": "2023-09-30-12-00-00", "latency": 24}, {"date": "2023-09-30-12-00-00", "latency": 24}, {"date": "2023-09-30-12-00-00", "latency": 24}, {"date": "2023-09-30-12-00-00", "latency": 24}, {"date": "2023-09-30-12-00-00", "latency": 24}, {"date": "2023-09-30-12-00-00", "latency": 24}, {"date": "2023-09-30-12-00-00", "latency": 24}, {"date": "2023-09-30-12-00-00", "latency": 24}, {"date": "2023-09-30-23-00-00", "latency": 44}, {"date": "2023-09-30-23-00-00", "latency": 44}, {"date": "2023-09-30-23-00-00", "latency": 44}]}, {"location": {"country_code": "us", "region": "Utah"}, "game_id": "742409", "values": [{"date": "2023-09-30-08-00-00", "latency": 38}, {"date": "2023-09-30-08-00-00", "latency": 38}, {"date": "2023-09-30-08-00-00", "latency": 38}, {"date": "2023-09-30-08-00-00", "latency": 38}]}, {"location": {"country_code": "pl"}, "game_id": "742409", "values": [{"date": "2023-09-30-23-00-00", "latency": 44}, {"date": "2023-09-30-23-00-00", "latency": 44}, {"date": "2023-09-30-23-00-00", "latency": 44}, {"date": "2023-09-30-23-00-00", "latency": 44}, {"date": "2023-09-30-23-00-00", "latency": 44}, {"date": "2023-09-30-23-00-00", "latency": 44}, {"date": "2023-09-30-23-00-00", "latency": 44}, {"date": "2023-09-30-23-00-00", "latency": 44}, {"date": "2023-09-30-23-00-00", "latency": 44}, {"date": "2023-09-30-23-00-00", "latency": 44}, {"date": "2023-09-30-23-00-00", "latency": 44}, {"date": "2023-09-30-04-00-00", "latency": 34}, {"date": "2023-09-30-04-00-00", "latency": 34}, {"date": "2023-09-30-04-00-00", "latency": 34}, {"date": "2023-09-30-04-00-00", "latency": 34}, {"date": "2023-09-30-04-00-00", "latency": 34}, {"date": "2023-09-30-04-00-00", "latency": 34}, {"date": "2023-09-30-04-00-00", "latency": 34}]}, {"location": {"country_code": "us", "region": "Georgia"}, "game_id": "742409", "values": [{"date": "2023-09-30-07-00-00", "latency": 33}, {"date": "2023-09-30-07-00-00", "latency": 33}, {"date": "2023-09-30-07-00-00", "latency": 33}, {"date": "2023-09-30-07-00-00", "latency": 33}, {"date": "2023-09-30-07-00-00", "latency": 33}, {"date": "2023-09-30-07-00-00", "latency": 33}, {"date": "2023-09-30-07-00-00", "latency": 33}, {"date": "2023-09-30-07-00-00", "latency": 33}, {"date": "2023-09-30-07-00-00", "latency": 33}, {"date": "2023-09-30-07-00-00", "latency": 33}, {"date": "2023-09-30-07-00-00", "latency": 33}, {"date": "2023-09-30-07-00-00", "latency": 33}, {"date": "2023-09-30-07-00-00", "latency": 33}, {"date": "2023-09-30-07-00-00", "latency": 33}, {"date": "2023-09-30-07-00-00", "latency": 33}, {"date": "2023-09-30-07-00-00", "latency": 33}, {"date": "2023-09-30-07-00-00", "latency": 33}]}, {"location": {"country_code": "ua"}, "game_id": "742409", "values": [{"date": "2023-09-30-17-00-00", "latency": 49}, {"date": "2023-09-30-17-00-00", "latency": 49}, {"date": "2023-09-30-17-00-00", "latency": 49}, {"date": "2023-09-30-17-00-00", "latency": 45}, {"date": "2023-09-30-17-00-00", "latency": 45}, {"date": "2023-09-30-17-00-00", "latency": 45}, {"date": "2023-09-30-17-00-00", "latency": 45}, {"date": "2023-09-30-17-00-00", "latency": 45}, {"date": "2023-09-30-17-00-00", "latency": 45}, {"date": "2023-09-30-17-00-00", "latency": 45}, {"date": "2023-09-30-15-00-00", "latency": 59}, {"date": "2023-09-30-15-00-00", "latency": 59}, {"date": "2023-09-30-15-00-00", "latency": 59}, {"date": "2023-09-30-15-00-00", "latency": 59}, {"date": "2023-09-30-15-00-00", "latency": 59}, {"date": "2023-09-30-15-00-00", "latency": 59}, {"date": "2023-09-30-15-00-00", "latency": 59}, {"date": "2023-09-30-15-00-00", "latency": 59}, {"date": "2023-09-30-15-00-00", "latency": 59}, {"date": "2023-09-30-15-00-00", "latency": 59}, {"date": "2023-09-30-15-00-00", "latency": 59}, {"date": "2023-09-30-15-00-00", "latency": 59}, {"date": "2023-09-30-08-00-00", "latency": 36}, {"date": "2023-09-30-08-00-00", "latency": 36}, {"date": "2023-09-30-08-00-00", "latency": 36}, {"date": "2023-09-30-08-00-00", "latency": 36}, {"date": "2023-09-30-08-00-00", "latency": 36}, {"date": "2023-09-30-08-00-00", "latency": 36}, {"date": "2023-09-30-08-00-00", "latency": 36}, {"date": "2023-09-30-08-00-00", "latency": 36}, {"date": "2023-09-30-08-00-00", "latency": 36}, {"date": "2023-09-30-08-00-00", "latency": 36}, {"date": "2023-09-30-08-00-00", "latency": 36}, {"date": "2023-09-30-08-00-00", "latency": 36}, {"date": "2023-09-30-08-00-00", "latency": 36}, {"date": "2023-09-30-08-00-00", "latency": 36}, {"date": "2023-09-30-08-00-00", "latency": 36}, {"date": "2023-09-30-15-00-00", "latency": 44}, {"date": "2023-09-30-15-00-00", "latency": 44}, {"date": "2023-09-30-15-00-00", "latency": 44}, {"date": "2023-09-30-15-00-00", "latency": 44}, {"date": "2023-09-30-15-00-00", "latency": 44}, {"date": "2023-09-30-15-00-00", "latency": 44}, {"date": "2023-09-30-15-00-00", "latency": 44}, {"date": "2023-09-30-15-00-00", "latency": 44}, {"date": "2023-09-30-15-00-00", "latency": 44}, {"date": "2023-09-30-15-00-00", "latency": 44}, {"date": "2023-09-30-15-00-00", "latency": 44}, {"date": "2023-09-30-15-00-00", "latency": 44}, {"date": "2023-09-30-15-00-00", "latency": 44}, {"date": "2023-09-30-08-00-00", "latency": 40}, {"date": "2023-09-30-08-00-00", "latency": 40}, {"date": "2023-09-30-08-00-00", "latency": 40}, {"date": "2023-09-30-08-00-00", "latency": 40}, {"date": "2023-09-30-08-00-00", "latency": 40}, {"date": "2023-09-30-08-00-00", "latency": 40}, {"date": "2023-09-30-08-00-00", "latency": 40}, {"date": "2023-09-30-08-00-00", "latency": 40}, {"date": "2023-09-30-08-00-00", "latency": 40}, {"date": "2023-09-30-08-00-00", "latency": 40}, {"date": "2023-09-30-08-00-00", "latency": 40}, {"date": "2023-09-30-08-00-00", "latency": 40}, {"date": "2023-09-30-08-00-00", "latency": 40}, {"date": "2023-09-30-08-00-00", "latency": 40}, {"date": "2023-09-30-08-00-00", "latency": 40}, {"date": "2023-09-30-08-00-00", "latency": 40}]}, {"location": {"country_code": "sg"}, "game_id": "742409", "values": [{"date": "2023-09-30-23-00-00", "latency": 24}, {"date": "2023-09-30-23-00-00", "latency": 24}, {"date": "2023-09-30-23-00-00", "latency": 24}, {"date": "2023-09-30-12-00-00", "latency": 23}, {"date": "2023-09-30-12-00-00", "latency": 23}, {"date": "2023-09-30-12-00-00", "latency": 23}, {"date": "2023-09-30-12-00-00", "latency": 23}, {"date": "2023-09-30-12-00-00", "latency": 23}, {"date": "2023-09-30-12-00-00", "latency": 23}, {"date": "2023-09-30-12-00-00", "latency": 23}, {"date": "2023-09-30-12-00-00", "latency": 23}, {"date": "2023-09-30-12-00-00", "latency": 23}, {"date": "2023-09-30-12-00-00", "latency": 23}]}, {"location": {"country_code": "ru"}, "game_id": "742409", "values": [{"date": "2023-09-30-05-00-00", "latency": 77}, {"date": "2023-09-30-05-00-00", "latency": 77}]}, {"location": {"country_code": "my"}, "game_id": "742409", "values": [{"date": "2023-09-30-15-00-00", "latency": 23}, {"date": "2023-09-30-15-00-00", "latency": 23}, {"date": "2023-09-30-15-00-00", "latency": 23}, {"date": "2023-09-30-15-00-00", "latency": 23}, {"date": "2023-09-30-15-00-00", "latency": 23}, {"date": "2023-09-30-15-00-00", "latency": 23}, {"date": "2023-09-30-15-00-00", "latency": 23}, {"date": "2023-09-30-15-00-00", "latency": 23}, {"date": "2023-09-30-15-00-00", "latency": 23}, {"date": "2023-09-30-15-00-00", "latency": 23}, {"date": "2023-09-30-15-00-00", "latency": 23}]}, {"location": {"country_code": "br", "region": "State of Rio de Janeiro", "city": "Angra dos Reis"}, "game_id": "742409", "values": [{"date": "2023-09-30-04-00-00", "latency": 43}]}, {"location": {"country_code": "hr"}, "game_id": "742409", "values": [{"date": "2023-09-30-21-00-00", "latency": 26}, {"date": "2023-09-30-21-00-00", "latency": 26}, {"date": "2023-09-30-21-00-00", "latency": 26}, {"date": "2023-09-30-21-00-00", "latency": 26}, {"date": "2023-09-30-21-00-00", "latency": 26}, {"date": "2023-09-30-21-00-00", "latency": 26}, {"date": "2023-09-30-21-00-00", "latency": 26}, {"date": "2023-09-30-21-00-00", "latency": 26}, {"date": "2023-09-30-21-00-00", "latency": 26}, {"date": "2023-09-30-21-00-00", "latency": 26}, {"date": "2023-09-30-21-00-00", "latency": 26}, {"date": "2023-09-30-21-00-00", "latency": 26}, {"date": "2023-09-30-21-00-00", "latency": 26}, {"date": "2023-09-30-21-00-00", "latency": 26}, {"date": "2023-09-30-21-00-00", "latency": 26}, {"date": "2023-09-30-21-00-00", "latency": 26}, {"date": "2023-09-30-21-00-00", "latency": 26}, {"date": "2023-09-30-21-00-00", "latency": 26}, {"date": "2023-09-30-21-00-00", "latency": 26}, {"date": "2023-09-30-21-00-00", "latency": 26}, {"date": "2023-09-30-21-00-00", "latency": 26}, {"date": "2023-09-30-21-00-00", "latency": 26}, {"date": "2023-09-30-21-00-00", "latency": 26}, {"date": "2023-09-30-21-00-00", "latency": 26}, {"date": "2023-09-30-21-00-00", "latency": 26}, {"date": "2023-09-30-21-00-00", "latency": 26}, {"date": "2023-09-30-21-00-00", "latency": 26}, {"date": "2023-09-30-21-00-00", "latency": 26}, {"date": "2023-09-30-21-00-00", "latency": 26}, {"date": "2023-09-30-21-00-00", "latency": 26}, {"date": "2023-09-30-21-00-00", "latency": 26}, {"date": "2023-09-30-21-00-00", "latency": 26}, {"date": "2023-09-30-21-00-00", "latency": 26}, {"date": "2023-09-30-21-00-00", "latency": 26}, {"date": "2023-09-30-21-00-00", "latency": 26}, {"date": "2023-09-30-21-00-00", "latency": 26}, {"date": "2023-09-30-21-00-00", "latency": 26}, {"date": "2023-09-30-21-00-00", "latency": 26}, {"date": "2023-09-30-21-00-00", "latency": 34}, {"date": "2023-09-30-21-00-00", "latency": 34}, {"date": "2023-09-30-21-00-00", "latency": 34}, {"date": "2023-09-30-21-00-00", "latency": 34}, {"date": "2023-09-30-21-00-00", "latency": 34}, {"date": "2023-09-30-21-00-00", "latency": 34}, {"date": "2023-09-30-21-00-00", "latency": 34}, {"date": "2023-09-30-21-00-00", "latency": 34}, {"date": "2023-09-30-21-00-00", "latency": 34}]}, {"location": {"country_code": "ua", "region": "Kharkiv Oblast", "city": "Kharkiv"}, "game_id": "742409", "values": [{"date": "2023-09-30-21-00-00", "latency": 45}, {"date": "2023-09-30-21-00-00", "latency": 45}, {"date": "2023-09-30-21-00-00", "latency": 45}, {"date": "2023-09-30-21-00-00", "latency": 45}, {"date": "2023-09-30-21-00-00", "latency": 45}, {"date": "2023-09-30-21-00-00", "latency": 45}, {"date": "2023-09-30-21-00-00", "latency": 45}]}, {"location": {"country_code": "de", "region": "Hesse", "city": "Frankfurt"}, "game_id": "742409", "values": [{"date": "2023-09-30-21-00-00", "latency": 14}, {"date": "2023-09-30-21-00-00", "latency": 14}, {"date": "2023-09-30-21-00-00", "latency": 14}]}, {"location": {"country_code": "rs", "region": "Central Serbia", "city": "Belgrade"}, "game_id": "742409", "values": [{"date": "2023-10-01-01-00-00", "latency": 42}, {"date": "2023-10-01-01-00-00", "latency": 42}, {"date": "2023-10-01-01-00-00", "latency": 42}, {"date": "2023-10-01-01-00-00", "latency": 42}]}, {"location": {"country_code": "de", "region": "Saxony-Anhalt"}, "game_id": "742409", "values": [{"date": "2023-09-30-10-00-00", "latency": 44}, {"date": "2023-09-30-10-00-00", "latency": 44}, {"date": "2023-09-30-10-00-00", "latency": 44}, {"date": "2023-09-30-10-00-00", "latency": 44}, {"date": "2023-09-30-10-00-00", "latency": 44}, {"date": "2023-09-30-10-00-00", "latency": 44}, {"date": "2023-09-30-10-00-00", "latency": 44}, {"date": "2023-09-30-10-00-00", "latency": 44}, {"date": "2023-09-30-10-00-00", "latency": 44}, {"date": "2023-09-30-10-00-00", "latency": 44}, {"date": "2023-09-30-10-00-00", "latency": 44}, {"date": "2023-09-30-10-00-00", "latency": 44}, {"date": "2023-09-30-10-00-00", "latency": 44}, {"date": "2023-09-30-10-00-00", "latency": 44}, {"date": "2023-09-30-10-00-00", "latency": 44}, {"date": "2023-09-30-10-00-00", "latency": 44}, {"date": "2023-09-30-10-00-00", "latency": 44}, {"date": "2023-09-30-10-00-00", "latency": 44}, {"date": "2023-09-30-10-00-00", "latency": 44}, {"date": "2023-09-30-10-00-00", "latency": 44}, {"date": "2023-09-30-10-00-00", "latency": 44}, {"date": "2023-09-30-10-00-00", "latency": 44}, {"date": "2023-09-30-10-00-00", "latency": 44}, {"date": "2023-09-30-10-00-00", "latency": 44}, {"date": "2023-09-30-10-00-00", "latency": 44}]}, {"location": {"country_code": "br", "region": "Sao Paulo", "city": "Botucatu"}, "game_id": "742409", "values": [{"date": "2023-09-30-07-00-00", "latency": 41}]}, {"location": {"country_code": "ro", "region": "Bucharest"}, "game_id": "742409", "values": [{"date": "2023-09-30-10-00-00", "latency": 52}, {"date": "2023-09-30-10-00-00", "latency": 52}, {"date": "2023-09-30-10-00-00", "latency": 52}, {"date": "2023-09-30-10-00-00", "latency": 52}, {"date": "2023-09-30-10-00-00", "latency": 52}, {"date": "2023-09-30-10-00-00", "latency": 52}, {"date": "2023-09-30-10-00-00", "latency": 52}, {"date": "2023-09-30-10-00-00", "latency": 52}]}, {"location": {"country_code": "es", "region": "Valencia", "city": "Gandia"}, "game_id": "742409", "values": [{"date": "2023-10-01-00-00-00", "latency": 36}, {"date": "2023-10-01-00-00-00", "latency": 36}, {"date": "2023-10-01-00-00-00", "latency": 36}, {"date": "2023-10-01-00-00-00", "latency": 36}, {"date": "2023-10-01-00-00-00", "latency": 36}]}, {"location": {"country_code": "mt"}, "game_id": "742409", "values": [{"date": "2023-09-30-20-00-00", "latency": 37}, {"date": "2023-09-30-20-00-00", "latency": 37}, {"date": "2023-09-30-20-00-00", "latency": 37}, {"date": "2023-09-30-20-00-00", "latency": 37}, {"date": "2023-09-30-20-00-00", "latency": 37}, {"date": "2023-09-30-20-00-00", "latency": 37}, {"date": "2023-09-30-20-00-00", "latency": 37}, {"date": "2023-09-30-20-00-00", "latency": 37}, {"date": "2023-09-30-20-00-00", "latency": 37}, {"date": "2023-09-30-20-00-00", "latency": 37}, {"date": "2023-09-30-20-00-00", "latency": 37}]}, {"location": {"country_code": "se", "region": "Uppsala County", "city": "Uppsala"}, "game_id": "742409", "values": [{"date": "2023-09-30-19-00-00", "latency": 26}, {"date": "2023-09-30-19-00-00", "latency": 26}]}, {"location": {"country_code": "jp", "region": "Hiroshima"}, "game_id": "742409", "values": [{"date": "2023-09-30-09-00-00", "latency": 103}, {"date": "2023-09-30-09-00-00", "latency": 103}, {"date": "2023-09-30-09-00-00", "latency": 103}, {"date": "2023-09-30-09-00-00", "latency": 103}, {"date": "2023-09-30-09-00-00", "latency": 103}, {"date": "2023-09-30-09-00-00", "latency": 103}, {"date": "2023-09-30-09-00-00", "latency": 103}, {"date": "2023-09-30-09-00-00", "latency": 103}]}, {"location": {"country_code": "ar", "region": "Mendoza Province"}, "game_id": "742409", "values": [{"date": "2023-09-30-05-00-00", "latency": 59}, {"date": "2023-09-30-05-00-00", "latency": 59}, {"date": "2023-09-30-05-00-00", "latency": 59}, {"date": "2023-09-30-05-00-00", "latency": 59}, {"date": "2023-09-30-05-00-00", "latency": 59}]}, {"location": {"country_code": "mk"}, "game_id": "742409", "values": [{"date": "2023-09-30-14-00-00", "latency": 47}, {"date": "2023-09-30-14-00-00", "latency": 47}]}, {"location": {"country_code": "rs", "region": "Vojvodina", "city": "Novi Sad"}, "game_id": "742409", "values": [{"date": "2023-09-30-23-00-00", "latency": 49}, {"date": "2023-09-30-23-00-00", "latency": 49}, {"date": "2023-09-30-23-00-00", "latency": 49}, {"date": "2023-09-30-23-00-00", "latency": 49}, {"date": "2023-09-30-23-00-00", "latency": 49}, {"date": "2023-09-30-23-00-00", "latency": 49}, {"date": "2023-09-30-23-00-00", "latency": 49}, {"date": "2023-09-30-23-00-00", "latency": 49}, {"date": "2023-09-30-23-00-00", "latency": 49}, {"date": "2023-09-30-23-00-00", "latency": 49}, {"date": "2023-09-30-23-00-00", "latency": 49}, {"date": "2023-09-30-23-00-00", "latency": 49}]}, {"location": {"country_code": "sk", "region": "Bratislava Region", "city": "Bratislava"}, "game_id": "742409", "values": [{"date": "2023-09-30-23-00-00", "latency": 15}, {"date": "2023-09-30-23-00-00", "latency": 15}, {"date": "2023-09-30-23-00-00", "latency": 15}, {"date": "2023-09-30-23-00-00", "latency": 15}, {"date": "2023-09-30-23-00-00", "latency": 15}, {"date": "2023-09-30-23-00-00", "latency": 15}, {"date": "2023-09-30-23-00-00", "latency": 15}, {"date": "2023-09-30-23-00-00", "latency": 15}, {"date": "2023-09-30-23-00-00", "latency": 15}, {"date": "2023-09-30-23-00-00", "latency": 15}, {"date": "2023-09-30-23-00-00", "latency": 15}, {"date": "2023-09-30-23-00-00", "latency": 15}, {"date": "2023-09-30-23-00-00", "latency": 15}]}, {"location": {"country_code": "gb", "region": "England", "city": "Westhoughton"}, "game_id": "742409", "values": [{"date": "2023-09-30-23-00-00", "latency": 21}, {"date": "2023-09-30-23-00-00", "latency": 21}, {"date": "2023-09-30-23-00-00", "latency": 21}, {"date": "2023-09-30-23-00-00", "latency": 21}, {"date": "2023-09-30-23-00-00", "latency": 21}, {"date": "2023-09-30-23-00-00", "latency": 21}, {"date": "2023-09-30-23-00-00", "latency": 21}, {"date": "2023-09-30-23-00-00", "latency": 21}, {"date": "2023-09-30-23-00-00", "latency": 21}, {"date": "2023-09-30-23-00-00", "latency": 21}, {"date": "2023-09-30-23-00-00", "latency": 21}, {"date": "2023-09-30-23-00-00", "latency": 21}, {"date": "2023-09-30-23-00-00", "latency": 21}, {"date": "2023-09-30-23-00-00", "latency": 21}, {"date": "2023-09-30-23-00-00", "latency": 21}, {"date": "2023-09-30-23-00-00", "latency": 21}, {"date": "2023-09-30-23-00-00", "latency": 21}, {"date": "2023-09-30-23-00-00", "latency": 21}, {"date": "2023-09-30-23-00-00", "latency": 21}, {"date": "2023-09-30-23-00-00", "latency": 21}, {"date": "2023-09-30-23-00-00", "latency": 21}, {"date": "2023-09-30-23-00-00", "latency": 21}]}, {"location": {"country_code": "ro", "region": "Hunedoara County", "city": "Deva"}, "game_id": "742409", "values": [{"date": "2023-09-30-21-00-00", "latency": 59}, {"date": "2023-09-30-21-00-00", "latency": 59}, {"date": "2023-09-30-21-00-00", "latency": 59}, {"date": "2023-09-30-21-00-00", "latency": 59}, {"date": "2023-09-30-21-00-00", "latency": 59}]}], "last_updated": 1719926532.403924}