{"data": [{"location": {"country_code": "nz"}, "game_id": "118849", "values": [{"date": "2023-08-12-02-00-00", "alternatives": ["30", "301", "30"]}]}, {"location": {"country_code": "us"}, "game_id": "118849", "values": [{"date": "2023-08-12-20-00-00", "alternatives": ["122", "1221", "122"]}, {"date": "2023-08-12-20-00-00", "alternatives": ["122", "1221", "122"]}, {"date": "2023-08-12-20-00-00", "alternatives": ["122", "1221", "122"]}, {"date": "2023-08-12-03-00-00", "alternatives": ["26", "26", "20"]}, {"date": "2023-08-12-18-00-00", "alternatives": ["77", "37", "37"]}, {"date": "2023-08-12-18-00-00", "alternatives": ["77", "37", "37"]}, {"date": "2023-08-12-07-00-00", "alternatives": ["54", "1", "54"]}, {"date": "2023-08-12-10-00-00", "alternatives": ["47", "47", "347"]}, {"date": "2023-08-12-10-00-00", "alternatives": ["47", "47", "347"]}, {"date": "2023-08-12-10-00-00", "alternatives": ["47", "47", "347"]}, {"date": "2023-08-12-10-00-00", "alternatives": ["47", "47", "347"]}, {"date": "2023-08-12-10-00-00", "alternatives": ["47", "47", "347"]}, {"date": "2023-08-12-10-00-00", "alternatives": ["47", "47", "347"]}, {"date": "2023-08-12-10-00-00", "alternatives": ["47", "47", "347"]}, {"date": "2023-08-12-10-00-00", "alternatives": ["47", "47", "347"]}, {"date": "2023-08-12-10-00-00", "alternatives": ["47", "47", "347"]}, {"date": "2023-08-12-10-00-00", "alternatives": ["47", "47", "347"]}, {"date": "2023-08-12-10-00-00", "alternatives": ["47", "47", "347"]}, {"date": "2023-08-12-10-00-00", "alternatives": ["47", "47", "347"]}, {"date": "2023-08-12-10-00-00", "alternatives": ["47", "47", "347"]}, {"date": "2023-08-12-10-00-00", "alternatives": ["47", "47", "347"]}, {"date": "2023-08-12-10-00-00", "alternatives": ["47", "47", "347"]}, {"date": "2023-08-12-21-00-00", "alternatives": ["31", "15", "31"]}, {"date": "2023-08-12-10-00-00", "alternatives": ["60", "60", "00"]}, {"date": "2023-08-12-10-00-00", "alternatives": ["60", "60", "00"]}, {"date": "2023-08-12-10-00-00", "alternatives": ["60", "60", "00"]}, {"date": "2023-08-12-10-00-00", "alternatives": ["60", "60", "00"]}, {"date": "2023-08-12-08-00-00", "alternatives": ["58", "58", "8"]}, {"date": "2023-08-12-06-00-00", "alternatives": ["9", "9", "240"]}, {"date": "2023-08-12-06-00-00", "alternatives": ["9", "9", "240"]}, {"date": "2023-08-12-06-00-00", "alternatives": ["9", "9", "240"]}, {"date": "2023-08-12-06-00-00", "alternatives": ["9", "9", "240"]}, {"date": "2023-08-12-06-00-00", "alternatives": ["9", "9", "240"]}, {"date": "2023-08-12-06-00-00", "alternatives": ["9", "9", "240"]}, {"date": "2023-08-12-06-00-00", "alternatives": ["9", "9", "240"]}, {"date": "2023-08-12-06-00-00", "alternatives": ["9", "9", "240"]}, {"date": "2023-08-12-06-00-00", "alternatives": ["9", "9", "240"]}]}, {"location": {"country_code": "br", "region": "Minas Gerais", "city": "Ituiutaba"}, "game_id": "118849", "values": [{"date": "2023-08-12-19-00-00", "alternatives": ["18", "181", "18"]}, {"date": "2023-08-12-19-00-00", "alternatives": ["18", "181", "18"]}, {"date": "2023-08-12-19-00-00", "alternatives": ["18", "181", "18"]}, {"date": "2023-08-12-19-00-00", "alternatives": ["18", "181", "18"]}, {"date": "2023-08-12-19-00-00", "alternatives": ["18", "181", "18"]}, {"date": "2023-08-12-19-00-00", "alternatives": ["18", "181", "18"]}, {"date": "2023-08-12-19-00-00", "alternatives": ["18", "181", "18"]}, {"date": "2023-08-12-19-00-00", "alternatives": ["18", "181", "18"]}, {"date": "2023-08-12-19-00-00", "alternatives": ["18", "181", "18"]}, {"date": "2023-08-12-19-00-00", "alternatives": ["18", "181", "18"]}, {"date": "2023-08-12-19-00-00", "alternatives": ["18", "181", "18"]}, {"date": "2023-08-12-19-00-00", "alternatives": ["18", "181", "18"]}]}, {"location": {"country_code": "us", "region": "California", "city": "East Los Angeles"}, "game_id": "118849", "values": [{"date": "2023-08-12-06-00-00", "alternatives": [54, 54, 54]}, {"date": "2023-08-12-06-00-00", "alternatives": [54, 54, 54]}, {"date": "2023-08-12-06-00-00", "alternatives": [54, 54, 54]}, {"date": "2023-08-12-06-00-00", "alternatives": [54, 54, 54]}, {"date": "2023-08-12-06-00-00", "alternatives": [54, 54, 54]}, {"date": "2023-08-12-06-00-00", "alternatives": [54, 54, 54]}, {"date": "2023-08-12-06-00-00", "alternatives": [54, 54, 54]}, {"date": "2023-08-12-06-00-00", "alternatives": [54, 54, 54]}, {"date": "2023-08-12-06-00-00", "alternatives": [54, 54, 54]}, {"date": "2023-08-12-06-00-00", "alternatives": [54, 54, 54]}, {"date": "2023-08-12-06-00-00", "alternatives": [54, 54, 54]}, {"date": "2023-08-12-06-00-00", "alternatives": [54, 54, 54]}, {"date": "2023-08-12-06-00-00", "alternatives": [54, 54, 54]}, {"date": "2023-08-13-02-00-00", "alternatives": ["17", "47", "47"]}, {"date": "2023-08-13-02-00-00", "alternatives": ["17", "47", "47"]}, {"date": "2023-08-13-02-00-00", "alternatives": ["17", "47", "47"]}, {"date": "2023-08-12-06-00-00", "alternatives": ["78", "81", "78"]}, {"date": "2023-08-12-06-00-00", "alternatives": ["78", "81", "78"]}, {"date": "2023-08-12-06-00-00", "alternatives": ["78", "81", "78"]}, {"date": "2023-08-12-06-00-00", "alternatives": ["78", "81", "78"]}, {"date": "2023-08-12-06-00-00", "alternatives": ["78", "81", "78"]}, {"date": "2023-08-12-06-00-00", "alternatives": ["78", "81", "78"]}, {"date": "2023-08-12-06-00-00", "alternatives": ["78", "81", "78"]}, {"date": "2023-08-12-06-00-00", "alternatives": ["78", "81", "78"]}, {"date": "2023-08-12-06-00-00", "alternatives": ["78", "81", "78"]}, {"date": "2023-08-12-06-00-00", "alternatives": ["78", "81", "78"]}, {"date": "2023-08-12-06-00-00", "alternatives": ["8", "60", "60"]}, {"date": "2023-08-12-06-00-00", "alternatives": ["8", "60", "60"]}, {"date": "2023-08-12-06-00-00", "alternatives": ["8", "60", "60"]}, {"date": "2023-08-12-06-00-00", "alternatives": ["8", "60", "60"]}, {"date": "2023-08-12-06-00-00", "alternatives": ["8", "60", "60"]}, {"date": "2023-08-12-09-00-00", "alternatives": ["79", "79", "12"]}, {"date": "2023-08-12-09-00-00", "alternatives": ["79", "79", "12"]}, {"date": "2023-08-12-09-00-00", "alternatives": ["79", "79", "12"]}, {"date": "2023-08-12-09-00-00", "alternatives": ["79", "79", "12"]}, {"date": "2023-08-12-09-00-00", "alternatives": ["79", "79", "12"]}, {"date": "2023-08-12-09-00-00", "alternatives": ["79", "79", "12"]}]}, {"location": {"country_code": "us", "region": "Colorado", "city": "Colorado Springs"}, "game_id": "118849", "values": [{"date": "2023-08-13-01-00-00", "alternatives": ["35", "35", "3"]}, {"date": "2023-08-13-01-00-00", "alternatives": ["35", "35", "3"]}, {"date": "2023-08-13-01-00-00", "alternatives": ["35", "35", "3"]}, {"date": "2023-08-13-01-00-00", "alternatives": ["35", "35", "3"]}, {"date": "2023-08-13-01-00-00", "alternatives": ["35", "35", "3"]}, {"date": "2023-08-13-01-00-00", "alternatives": ["35", "35", "3"]}, {"date": "2023-08-13-01-00-00", "alternatives": ["35", "35", "3"]}, {"date": "2023-08-13-01-00-00", "alternatives": ["35", "35", "3"]}, {"date": "2023-08-13-01-00-00", "alternatives": ["35", "35", "3"]}, {"date": "2023-08-13-01-00-00", "alternatives": ["35", "35", "3"]}, {"date": "2023-08-13-01-00-00", "alternatives": ["35", "35", "3"]}, {"date": "2023-08-13-01-00-00", "alternatives": ["35", "35", "3"]}, {"date": "2023-08-13-01-00-00", "alternatives": ["35", "35", "3"]}, {"date": "2023-08-13-01-00-00", "alternatives": ["35", "35", "3"]}, {"date": "2023-08-13-01-00-00", "alternatives": ["35", "35", "3"]}, {"date": "2023-08-13-01-00-00", "alternatives": ["35", "35", "3"]}, {"date": "2023-08-13-01-00-00", "alternatives": ["35", "35", "3"]}, {"date": "2023-08-13-01-00-00", "alternatives": ["35", "35", "3"]}, {"date": "2023-08-13-01-00-00", "alternatives": ["35", "35", "3"]}, {"date": "2023-08-13-01-00-00", "alternatives": ["35", "35", "3"]}, {"date": "2023-08-13-01-00-00", "alternatives": ["35", "35", "3"]}, {"date": "2023-08-13-01-00-00", "alternatives": ["35", "35", "3"]}, {"date": "2023-08-13-01-00-00", "alternatives": ["35", "35", "3"]}, {"date": "2023-08-13-01-00-00", "alternatives": ["35", "35", "3"]}, {"date": "2023-08-13-01-00-00", "alternatives": ["35", "35", "3"]}, {"date": "2023-08-13-01-00-00", "alternatives": ["35", "35", "3"]}, {"date": "2023-08-13-01-00-00", "alternatives": ["35", "35", "3"]}, {"date": "2023-08-13-01-00-00", "alternatives": ["35", "35", "3"]}, {"date": "2023-08-13-01-00-00", "alternatives": ["35", "35", "3"]}, {"date": "2023-08-13-01-00-00", "alternatives": ["35", "35", "3"]}, {"date": "2023-08-13-01-00-00", "alternatives": ["35", "35", "3"]}, {"date": "2023-08-13-01-00-00", "alternatives": ["35", "35", "3"]}, {"date": "2023-08-13-01-00-00", "alternatives": ["35", "35", "3"]}, {"date": "2023-08-13-01-00-00", "alternatives": ["35", "35", "3"]}, {"date": "2023-08-13-01-00-00", "alternatives": ["35", "35", "3"]}, {"date": "2023-08-13-01-00-00", "alternatives": ["35", "35", "3"]}, {"date": "2023-08-13-01-00-00", "alternatives": ["35", "35", "3"]}, {"date": "2023-08-13-01-00-00", "alternatives": ["35", "35", "3"]}]}, {"location": {"country_code": "de", "region": "Berlin", "city": "Berlin"}, "game_id": "118849", "values": [{"date": "2023-08-12-20-00-00", "alternatives": ["13", "61", "13"]}, {"date": "2023-08-12-20-00-00", "alternatives": ["13", "61", "13"]}, {"date": "2023-08-12-20-00-00", "alternatives": ["13", "61", "13"]}, {"date": "2023-08-12-20-00-00", "alternatives": ["13", "61", "13"]}, {"date": "2023-08-12-20-00-00", "alternatives": ["13", "61", "13"]}]}, {"location": {"country_code": "eg"}, "game_id": "118849", "values": [{"date": "2023-08-13-01-00-00", "alternatives": ["58", "8", "58"]}]}, {"location": {"country_code": "us", "region": "New York", "city": "Jamestown"}, "game_id": "118849", "values": [{"date": "2023-08-12-22-00-00", "alternatives": ["41", "411", "41"]}, {"date": "2023-08-12-22-00-00", "alternatives": ["41", "411", "41"]}, {"date": "2023-08-12-22-00-00", "alternatives": ["41", "411", "41"]}, {"date": "2023-08-12-22-00-00", "alternatives": ["41", "411", "41"]}, {"date": "2023-08-12-22-00-00", "alternatives": ["41", "411", "41"]}, {"date": "2023-08-12-22-00-00", "alternatives": ["41", "411", "41"]}, {"date": "2023-08-12-22-00-00", "alternatives": ["41", "411", "41"]}, {"date": "2023-08-12-22-00-00", "alternatives": ["41", "411", "41"]}, {"date": "2023-08-12-22-00-00", "alternatives": ["41", "411", "41"]}, {"date": "2023-08-12-22-00-00", "alternatives": ["41", "411", "41"]}, {"date": "2023-08-12-22-00-00", "alternatives": ["41", "411", "41"]}, {"date": "2023-08-12-22-00-00", "alternatives": ["41", "411", "41"]}, {"date": "2023-08-12-22-00-00", "alternatives": ["41", "411", "41"]}, {"date": "2023-08-12-22-00-00", "alternatives": ["41", "411", "41"]}, {"date": "2023-08-12-22-00-00", "alternatives": ["41", "411", "41"]}, {"date": "2023-08-13-02-00-00", "alternatives": ["45", "45", "1"]}, {"date": "2023-08-13-02-00-00", "alternatives": ["45", "45", "1"]}, {"date": "2023-08-13-02-00-00", "alternatives": ["45", "45", "1"]}, {"date": "2023-08-13-02-00-00", "alternatives": ["45", "45", "1"]}, {"date": "2023-08-13-02-00-00", "alternatives": ["45", "45", "1"]}, {"date": "2023-08-13-02-00-00", "alternatives": ["45", "45", "1"]}, {"date": "2023-08-13-02-00-00", "alternatives": ["3", "21", "21"]}, {"date": "2023-08-13-02-00-00", "alternatives": ["3", "21", "21"]}, {"date": "2023-08-13-02-00-00", "alternatives": ["3", "21", "21"]}, {"date": "2023-08-12-04-00-00", "alternatives": ["31", "1", "31"]}, {"date": "2023-08-12-19-00-00", "alternatives": ["46", "46", "36"]}, {"date": "2023-08-12-19-00-00", "alternatives": ["46", "46", "36"]}, {"date": "2023-08-12-19-00-00", "alternatives": ["46", "46", "36"]}, {"date": "2023-08-12-19-00-00", "alternatives": ["46", "46", "36"]}]}, {"location": {"country_code": "gb"}, "game_id": "118849", "values": [{"date": "2023-08-13-00-00-00", "alternatives": ["29", "39", "29"]}, {"date": "2023-08-13-00-00-00", "alternatives": ["29", "39", "29"]}]}, {"location": {"country_code": "gb", "region": "England"}, "game_id": "118849", "values": [{"date": "2023-08-12-15-00-00", "alternatives": ["5", "5", "7"]}]}, {"location": {"country_code": "th"}, "game_id": "118849", "values": [{"date": "2023-08-12-19-00-00", "alternatives": ["1", "27", "27"]}, {"date": "2023-08-12-19-00-00", "alternatives": ["1", "27", "27"]}, {"date": "2023-08-12-19-00-00", "alternatives": ["1", "27", "27"]}]}, {"location": {"country_code": "pa"}, "game_id": "118849", "values": [{"date": "2023-08-12-02-00-00", "alternatives": ["61", "61", "01"]}]}, {"location": {"country_code": "nl"}, "game_id": "118849", "values": [{"date": "2023-08-12-23-00-00", "alternatives": ["0", "0", "4"]}, {"date": "2023-08-12-23-00-00", "alternatives": ["0", "0", "4"]}, {"date": "2023-08-12-23-00-00", "alternatives": ["0", "0", "4"]}]}, {"location": {"country_code": "cz"}, "game_id": "118849", "values": [{"date": "2023-08-12-23-00-00", "alternatives": ["21", "21", "5"]}, {"date": "2023-08-12-23-00-00", "alternatives": ["21", "21", "5"]}, {"date": "2023-08-12-23-00-00", "alternatives": ["21", "21", "5"]}, {"date": "2023-08-12-23-00-00", "alternatives": ["21", "21", "5"]}, {"date": "2023-08-12-23-00-00", "alternatives": ["21", "21", "5"]}, {"date": "2023-08-12-23-00-00", "alternatives": ["21", "21", "5"]}]}, {"location": {"country_code": "it"}, "game_id": "118849", "values": [{"date": "2023-08-12-03-00-00", "alternatives": ["18", "8", "18"]}]}, {"location": {"country_code": "jp"}, "game_id": "118849", "values": [{"date": "2023-08-12-11-00-00", "alternatives": ["1", "12", "12"]}, {"date": "2023-08-12-11-00-00", "alternatives": ["1", "12", "12"]}, {"date": "2023-08-12-11-00-00", "alternatives": ["1", "12", "12"]}, {"date": "2023-08-12-11-00-00", "alternatives": ["1", "12", "12"]}, {"date": "2023-08-12-09-00-00", "alternatives": ["1", "105", "1"]}, {"date": "2023-08-12-09-00-00", "alternatives": ["1", "105", "1"]}, {"date": "2023-08-12-14-00-00", "alternatives": ["1", "11", "1"]}, {"date": "2023-08-12-14-00-00", "alternatives": ["1", "11", "1"]}, {"date": "2023-08-12-13-00-00", "alternatives": ["25", "25", "8"]}, {"date": "2023-08-12-13-00-00", "alternatives": ["25", "25", "8"]}]}, {"location": {"country_code": "ca"}, "game_id": "118849", "values": [{"date": "2023-08-12-07-00-00", "alternatives": ["4", "34", "34"]}, {"date": "2023-08-12-07-00-00", "alternatives": ["4", "34", "34"]}, {"date": "2023-08-12-07-00-00", "alternatives": ["4", "34", "34"]}, {"date": "2023-08-12-07-00-00", "alternatives": ["4", "34", "34"]}, {"date": "2023-08-12-18-00-00", "alternatives": ["50", "50", "30"]}, {"date": "2023-08-12-18-00-00", "alternatives": ["50", "50", "30"]}, {"date": "2023-08-12-18-00-00", "alternatives": ["50", "50", "30"]}, {"date": "2023-08-12-18-00-00", "alternatives": ["50", "50", "30"]}, {"date": "2023-08-12-18-00-00", "alternatives": ["50", "50", "30"]}, {"date": "2023-08-12-18-00-00", "alternatives": ["50", "50", "30"]}, {"date": "2023-08-12-18-00-00", "alternatives": ["50", "50", "30"]}, {"date": "2023-08-12-18-00-00", "alternatives": ["50", "50", "30"]}, {"date": "2023-08-12-18-00-00", "alternatives": ["50", "50", "30"]}, {"date": "2023-08-12-18-00-00", "alternatives": ["50", "50", "30"]}, {"date": "2023-08-12-18-00-00", "alternatives": ["50", "50", "30"]}, {"date": "2023-08-12-18-00-00", "alternatives": ["50", "50", "30"]}, {"date": "2023-08-12-11-00-00", "alternatives": ["22", "22", "27"]}, {"date": "2023-08-12-11-00-00", "alternatives": ["22", "22", "27"]}, {"date": "2023-08-12-11-00-00", "alternatives": ["22", "22", "27"]}, {"date": "2023-08-12-04-00-00", "alternatives": ["24", "24", "29"]}, {"date": "2023-08-12-04-00-00", "alternatives": ["24", "24", "29"]}, {"date": "2023-08-12-04-00-00", "alternatives": ["24", "24", "29"]}, {"date": "2023-08-12-04-00-00", "alternatives": ["24", "24", "29"]}, {"date": "2023-08-12-04-00-00", "alternatives": ["24", "24", "29"]}, {"date": "2023-08-12-04-00-00", "alternatives": ["24", "24", "29"]}, {"date": "2023-08-12-04-00-00", "alternatives": ["24", "24", "29"]}, {"date": "2023-08-12-04-00-00", "alternatives": ["24", "24", "29"]}]}, {"location": {"country_code": "ca", "region": "Prince Edward Island", "city": "Summerside"}, "game_id": "118849", "values": [{"date": "2023-08-12-03-00-00", "alternatives": ["475", "47", "47"]}]}, {"location": {"country_code": "de"}, "game_id": "118849", "values": [{"date": "2023-08-12-22-00-00", "alternatives": ["14", "14", "1"]}, {"date": "2023-08-13-01-00-00", "alternatives": ["1", "11", "11"]}, {"date": "2023-08-13-01-00-00", "alternatives": ["1", "11", "11"]}, {"date": "2023-08-13-00-00-00", "alternatives": ["23", "23", "25"]}, {"date": "2023-08-12-07-00-00", "alternatives": ["1", "01", "41"]}, {"date": "2023-08-12-07-00-00", "alternatives": ["1", "01", "41"]}, {"date": "2023-08-12-14-00-00", "alternatives": ["5", "15", "15"]}, {"date": "2023-08-12-18-00-00", "alternatives": ["2", "20", "20"]}, {"date": "2023-08-12-19-00-00", "alternatives": ["25", "25", "8"]}, {"date": "2023-08-13-02-00-00", "alternatives": ["14", "14", "1065"]}, {"date": "2023-08-13-02-00-00", "alternatives": ["14", "14", "1065"]}, {"date": "2023-08-13-00-00-00", "alternatives": ["17", "37", "37"]}, {"date": "2023-08-13-00-00-00", "alternatives": ["17", "37", "37"]}, {"date": "2023-08-12-15-00-00", "alternatives": ["17", "17", "135"]}, {"date": "2023-08-12-15-00-00", "alternatives": ["17", "17", "135"]}, {"date": "2023-08-12-15-00-00", "alternatives": ["17", "17", "135"]}, {"date": "2023-08-12-21-00-00", "alternatives": ["13", "13", "135"]}]}, {"location": {"country_code": "tw"}, "game_id": "118849", "values": [{"date": "2023-08-12-09-00-00", "alternatives": ["16", "16", "168"]}, {"date": "2023-08-12-13-00-00", "alternatives": ["2", "6", "6"]}, {"date": "2023-08-12-13-00-00", "alternatives": ["2", "6", "6"]}, {"date": "2023-08-12-13-00-00", "alternatives": ["2", "6", "6"]}, {"date": "2023-08-12-19-00-00", "alternatives": ["1", "1", "4"]}, {"date": "2023-08-12-19-00-00", "alternatives": ["1", "1", "4"]}, {"date": "2023-08-12-19-00-00", "alternatives": ["1", "1", "4"]}, {"date": "2023-08-12-19-00-00", "alternatives": ["1", "1", "4"]}, {"date": "2023-08-12-19-00-00", "alternatives": ["1", "1", "4"]}, {"date": "2023-08-12-19-00-00", "alternatives": ["1", "1", "4"]}, {"date": "2023-08-12-19-00-00", "alternatives": ["1", "1", "4"]}, {"date": "2023-08-12-19-00-00", "alternatives": ["1", "1", "4"]}, {"date": "2023-08-12-19-00-00", "alternatives": ["1", "1", "4"]}, {"date": "2023-08-12-19-00-00", "alternatives": ["1", "1", "4"]}, {"date": "2023-08-12-19-00-00", "alternatives": ["1", "1", "4"]}, {"date": "2023-08-12-19-00-00", "alternatives": ["1", "1", "4"]}, {"date": "2023-08-12-12-00-00", "alternatives": ["28", "28", "2"]}, {"date": "2023-08-12-12-00-00", "alternatives": ["28", "28", "2"]}, {"date": "2023-08-12-15-00-00", "alternatives": ["4", "7", "7"]}, {"date": "2023-08-12-15-00-00", "alternatives": ["4", "7", "7"]}]}, {"location": {"country_code": "cl"}, "game_id": "118849", "values": [{"date": "2023-08-13-01-00-00", "alternatives": ["51", "0", "00"]}]}, {"location": {"country_code": "us", "region": "Texas"}, "game_id": "118849", "values": [{"date": "2023-08-13-01-00-00", "alternatives": ["72", "12", "72"]}, {"date": "2023-08-13-01-00-00", "alternatives": ["72", "12", "72"]}, {"date": "2023-08-13-01-00-00", "alternatives": ["72", "12", "72"]}, {"date": "2023-08-13-01-00-00", "alternatives": ["72", "12", "72"]}, {"date": "2023-08-13-01-00-00", "alternatives": ["72", "12", "72"]}, {"date": "2023-08-13-01-00-00", "alternatives": ["72", "12", "72"]}, {"date": "2023-08-13-01-00-00", "alternatives": ["72", "12", "72"]}, {"date": "2023-08-13-01-00-00", "alternatives": ["72", "12", "72"]}, {"date": "2023-08-12-22-00-00", "alternatives": ["57", "37", "37"]}, {"date": "2023-08-12-22-00-00", "alternatives": ["57", "37", "37"]}, {"date": "2023-08-12-22-00-00", "alternatives": ["57", "37", "37"]}, {"date": "2023-08-12-22-00-00", "alternatives": ["57", "37", "37"]}]}, {"location": {"country_code": "ph"}, "game_id": "118849", "values": [{"date": "2023-08-12-11-00-00", "alternatives": ["8", "3", "8"]}, {"date": "2023-08-12-09-00-00", "alternatives": ["31", "31", "11"]}, {"date": "2023-08-12-09-00-00", "alternatives": ["31", "31", "11"]}, {"date": "2023-08-12-09-00-00", "alternatives": ["31", "31", "11"]}, {"date": "2023-08-12-09-00-00", "alternatives": ["31", "31", "11"]}, {"date": "2023-08-12-09-00-00", "alternatives": ["31", "31", "11"]}, {"date": "2023-08-12-09-00-00", "alternatives": ["31", "31", "11"]}, {"date": "2023-08-12-09-00-00", "alternatives": ["31", "31", "11"]}, {"date": "2023-08-12-09-00-00", "alternatives": ["31", "31", "11"]}, {"date": "2023-08-12-19-00-00", "alternatives": ["88", "188", "188"]}, {"date": "2023-08-12-19-00-00", "alternatives": ["88", "188", "188"]}, {"date": "2023-08-12-19-00-00", "alternatives": ["88", "188", "188"]}, {"date": "2023-08-12-19-00-00", "alternatives": ["88", "188", "188"]}, {"date": "2023-08-12-19-00-00", "alternatives": ["88", "188", "188"]}, {"date": "2023-08-12-19-00-00", "alternatives": ["88", "188", "188"]}, {"date": "2023-08-12-19-00-00", "alternatives": ["88", "188", "188"]}, {"date": "2023-08-12-19-00-00", "alternatives": ["88", "188", "188"]}, {"date": "2023-08-12-19-00-00", "alternatives": ["88", "188", "188"]}, {"date": "2023-08-12-19-00-00", "alternatives": ["88", "188", "188"]}]}, {"location": {"country_code": "ph", "region": "CALABARZON", "city": "Cavite"}, "game_id": "118849", "values": [{"date": "2023-08-12-13-00-00", "alternatives": ["38", "38", "28"]}, {"date": "2023-08-12-13-00-00", "alternatives": ["38", "38", "28"]}, {"date": "2023-08-12-13-00-00", "alternatives": ["38", "38", "28"]}, {"date": "2023-08-12-13-00-00", "alternatives": ["38", "38", "28"]}, {"date": "2023-08-12-13-00-00", "alternatives": ["38", "38", "28"]}]}, {"location": {"country_code": "fr"}, "game_id": "118849", "values": [{"date": "2023-08-12-23-00-00", "alternatives": ["124", "12", "12"]}, {"date": "2023-08-12-18-00-00", "alternatives": ["16", "16", "6"]}, {"date": "2023-08-12-20-00-00", "alternatives": ["4", "149", "149"]}, {"date": "2023-08-12-17-00-00", "alternatives": ["7", "7", "47"]}]}, {"location": {"country_code": "fr", "region": "Ile-de-France Region", "city": "Paris"}, "game_id": "118849", "values": [{"date": "2023-08-12-11-00-00", "alternatives": ["11", "1", "11"]}, {"date": "2023-08-12-11-00-00", "alternatives": ["11", "1", "11"]}]}, {"location": {"country_code": "fr", "region": "Alvernia-Rodano-Alpi", "city": "Lyon"}, "game_id": "118849", "values": [{"date": "2023-08-13-02-00-00", "alternatives": ["18", "18", "144"]}, {"date": "2023-08-13-02-00-00", "alternatives": ["18", "18", "144"]}, {"date": "2023-08-13-02-00-00", "alternatives": ["18", "18", "144"]}, {"date": "2023-08-13-02-00-00", "alternatives": ["18", "18", "144"]}, {"date": "2023-08-12-17-00-00", "alternatives": ["15", "15", "1"]}, {"date": "2023-08-12-17-00-00", "alternatives": ["15", "15", "1"]}]}, {"location": {"country_code": "mx"}, "game_id": "118849", "values": [{"date": "2023-08-12-06-00-00", "alternatives": ["62", "62", "6"]}, {"date": "2023-08-12-06-00-00", "alternatives": ["62", "62", "6"]}, {"date": "2023-08-12-06-00-00", "alternatives": ["62", "62", "6"]}, {"date": "2023-08-12-06-00-00", "alternatives": ["49", "49", "39"]}, {"date": "2023-08-13-02-00-00", "alternatives": ["80", "08", "80"]}, {"date": "2023-08-13-02-00-00", "alternatives": ["80", "08", "80"]}, {"date": "2023-08-12-08-00-00", "alternatives": ["62", "62", "02"]}, {"date": "2023-08-12-08-00-00", "alternatives": ["62", "62", "02"]}, {"date": "2023-08-13-01-00-00", "alternatives": ["80", "8", "80"]}, {"date": "2023-08-13-01-00-00", "alternatives": ["80", "8", "80"]}, {"date": "2023-08-13-01-00-00", "alternatives": ["80", "8", "80"]}, {"date": "2023-08-13-01-00-00", "alternatives": ["80", "8", "80"]}, {"date": "2023-08-12-06-00-00", "alternatives": ["53", "53", "3"]}]}, {"location": {"country_code": "mx", "region": "Chihuahua", "city": "Ciudad Juarez"}, "game_id": "118849", "values": [{"date": "2023-08-12-09-00-00", "alternatives": ["50", "0", "50"]}, {"date": "2023-08-12-09-00-00", "alternatives": ["50", "0", "50"]}, {"date": "2023-08-12-09-00-00", "alternatives": ["50", "0", "50"]}]}, {"location": {"country_code": "us", "region": "California"}, "game_id": "118849", "values": [{"date": "2023-08-12-09-00-00", "alternatives": ["1", "0", "00"]}, {"date": "2023-08-12-09-00-00", "alternatives": ["1", "0", "00"]}, {"date": "2023-08-13-02-00-00", "alternatives": ["72", "72", "2"]}, {"date": "2023-08-12-03-00-00", "alternatives": ["53", "53", "113"]}, {"date": "2023-08-12-16-00-00", "alternatives": ["53", "33", "53"]}, {"date": "2023-08-12-16-00-00", "alternatives": ["53", "33", "53"]}, {"date": "2023-08-12-16-00-00", "alternatives": ["53", "33", "53"]}, {"date": "2023-08-12-16-00-00", "alternatives": ["53", "33", "53"]}, {"date": "2023-08-12-16-00-00", "alternatives": ["53", "33", "53"]}, {"date": "2023-08-12-16-00-00", "alternatives": ["53", "33", "53"]}, {"date": "2023-08-12-16-00-00", "alternatives": ["53", "33", "53"]}, {"date": "2023-08-12-16-00-00", "alternatives": ["53", "33", "53"]}, {"date": "2023-08-12-16-00-00", "alternatives": ["53", "33", "53"]}, {"date": "2023-08-12-16-00-00", "alternatives": ["53", "33", "53"]}, {"date": "2023-08-12-16-00-00", "alternatives": ["53", "33", "53"]}, {"date": "2023-08-12-16-00-00", "alternatives": ["53", "33", "53"]}, {"date": "2023-08-12-16-00-00", "alternatives": ["53", "33", "53"]}, {"date": "2023-08-12-16-00-00", "alternatives": ["53", "33", "53"]}, {"date": "2023-08-13-01-00-00", "alternatives": ["48", "86", "48"]}, {"date": "2023-08-13-01-00-00", "alternatives": ["48", "86", "48"]}, {"date": "2023-08-13-01-00-00", "alternatives": ["48", "86", "48"]}, {"date": "2023-08-13-01-00-00", "alternatives": ["48", "86", "48"]}, {"date": "2023-08-13-01-00-00", "alternatives": ["48", "86", "48"]}, {"date": "2023-08-12-22-00-00", "alternatives": ["52", "52", "22"]}]}, {"location": {"country_code": "br"}, "game_id": "118849", "values": [{"date": "2023-08-12-18-00-00", "alternatives": ["24", "24", "294"]}, {"date": "2023-08-12-18-00-00", "alternatives": ["24", "24", "294"]}, {"date": "2023-08-12-18-00-00", "alternatives": ["24", "24", "294"]}, {"date": "2023-08-12-18-00-00", "alternatives": ["24", "24", "294"]}, {"date": "2023-08-13-00-00-00", "alternatives": ["1", "51", "51"]}, {"date": "2023-08-12-04-00-00", "alternatives": ["8", "9", "8"]}, {"date": "2023-08-12-16-00-00", "alternatives": ["35", "35", "3"]}, {"date": "2023-08-12-16-00-00", "alternatives": ["35", "35", "3"]}, {"date": "2023-08-12-16-00-00", "alternatives": ["35", "35", "3"]}, {"date": "2023-08-12-16-00-00", "alternatives": ["35", "35", "3"]}, {"date": "2023-08-12-16-00-00", "alternatives": ["35", "35", "3"]}, {"date": "2023-08-12-18-00-00", "alternatives": ["7", "2", "7"]}, {"date": "2023-08-12-18-00-00", "alternatives": ["7", "2", "7"]}, {"date": "2023-08-12-19-00-00", "alternatives": ["24", "94", "24"]}, {"date": "2023-08-12-19-00-00", "alternatives": ["24", "94", "24"]}, {"date": "2023-08-12-19-00-00", "alternatives": ["24", "94", "24"]}, {"date": "2023-08-12-19-00-00", "alternatives": ["19", "19", "1"]}, {"date": "2023-08-12-19-00-00", "alternatives": ["19", "19", "1"]}, {"date": "2023-08-12-23-00-00", "alternatives": ["2", "21", "21"]}, {"date": "2023-08-12-23-00-00", "alternatives": ["2", "21", "21"]}, {"date": "2023-08-12-23-00-00", "alternatives": ["2", "21", "21"]}, {"date": "2023-08-12-03-00-00", "alternatives": ["1", "21", "21"]}]}, {"location": {"country_code": "br", "region": "Sao Paulo", "city": "Apiai"}, "game_id": "118849", "values": [{"date": "2023-08-13-01-00-00", "alternatives": ["10", "10", "0"]}, {"date": "2023-08-13-01-00-00", "alternatives": ["10", "10", "0"]}, {"date": "2023-08-13-01-00-00", "alternatives": ["10", "10", "0"]}, {"date": "2023-08-13-01-00-00", "alternatives": ["10", "10", "0"]}, {"date": "2023-08-12-05-00-00", "alternatives": ["0", "10", "0"]}, {"date": "2023-08-12-05-00-00", "alternatives": ["0", "10", "0"]}, {"date": "2023-08-12-23-00-00", "alternatives": ["10", "105", "10"]}, {"date": "2023-08-13-02-00-00", "alternatives": ["11", "11", "1"]}, {"date": "2023-08-13-00-00-00", "alternatives": ["12", "121", "12"]}, {"date": "2023-08-13-00-00-00", "alternatives": ["12", "121", "12"]}, {"date": "2023-08-13-00-00-00", "alternatives": ["12", "121", "12"]}, {"date": "2023-08-13-00-00-00", "alternatives": ["12", "121", "12"]}, {"date": "2023-08-13-00-00-00", "alternatives": ["12", "121", "12"]}, {"date": "2023-08-13-00-00-00", "alternatives": ["12", "121", "12"]}, {"date": "2023-08-13-00-00-00", "alternatives": ["12", "121", "12"]}, {"date": "2023-08-13-00-00-00", "alternatives": ["12", "121", "12"]}, {"date": "2023-08-13-00-00-00", "alternatives": ["12", "121", "12"]}, {"date": "2023-08-13-00-00-00", "alternatives": ["12", "121", "12"]}, {"date": "2023-08-13-00-00-00", "alternatives": ["12", "121", "12"]}, {"date": "2023-08-13-00-00-00", "alternatives": ["12", "121", "12"]}, {"date": "2023-08-13-00-00-00", "alternatives": ["12", "121", "12"]}, {"date": "2023-08-13-00-00-00", "alternatives": ["12", "121", "12"]}, {"date": "2023-08-13-00-00-00", "alternatives": ["12", "121", "12"]}]}, {"location": {"country_code": "se"}, "game_id": "118849", "values": [{"date": "2023-08-12-23-00-00", "alternatives": ["4", "4", "12"]}, {"date": "2023-08-12-23-00-00", "alternatives": ["4", "4", "12"]}, {"date": "2023-08-12-23-00-00", "alternatives": ["4", "4", "12"]}, {"date": "2023-08-12-23-00-00", "alternatives": ["4", "4", "12"]}, {"date": "2023-08-12-23-00-00", "alternatives": ["4", "4", "12"]}, {"date": "2023-08-12-23-00-00", "alternatives": ["4", "4", "12"]}, {"date": "2023-08-12-23-00-00", "alternatives": ["4", "4", "12"]}, {"date": "2023-08-12-23-00-00", "alternatives": ["4", "4", "12"]}, {"date": "2023-08-12-23-00-00", "alternatives": ["4", "4", "12"]}, {"date": "2023-08-12-23-00-00", "alternatives": ["4", "4", "12"]}, {"date": "2023-08-12-23-00-00", "alternatives": ["4", "4", "12"]}, {"date": "2023-08-12-23-00-00", "alternatives": ["4", "4", "12"]}, {"date": "2023-08-12-16-00-00", "alternatives": ["22", "02", "22"]}, {"date": "2023-08-12-16-00-00", "alternatives": ["22", "02", "22"]}, {"date": "2023-08-12-16-00-00", "alternatives": ["22", "02", "22"]}, {"date": "2023-08-12-16-00-00", "alternatives": ["22", "02", "22"]}, {"date": "2023-08-12-16-00-00", "alternatives": ["22", "02", "22"]}, {"date": "2023-08-12-23-00-00", "alternatives": ["39", "039", "239"]}, {"date": "2023-08-12-23-00-00", "alternatives": ["39", "039", "239"]}]}, {"location": {"country_code": "us", "region": "Washington", "city": "Seattle"}, "game_id": "118849", "values": [{"date": "2023-08-12-05-00-00", "alternatives": ["1", "1000", "1"]}, {"date": "2023-08-12-05-00-00", "alternatives": ["1", "1000", "1"]}]}, {"location": {"country_code": "ec"}, "game_id": "118849", "values": [{"date": "2023-08-12-18-00-00", "alternatives": ["6", "6", "8"]}, {"date": "2023-08-12-18-00-00", "alternatives": ["6", "6", "8"]}, {"date": "2023-08-13-02-00-00", "alternatives": ["72", "72", "2"]}, {"date": "2023-08-13-02-00-00", "alternatives": ["72", "72", "2"]}, {"date": "2023-08-13-02-00-00", "alternatives": ["72", "72", "2"]}, {"date": "2023-08-13-02-00-00", "alternatives": ["72", "72", "2"]}, {"date": "2023-08-13-02-00-00", "alternatives": ["72", "72", "2"]}, {"date": "2023-08-13-02-00-00", "alternatives": ["72", "72", "2"]}, {"date": "2023-08-13-02-00-00", "alternatives": ["72", "72", "2"]}, {"date": "2023-08-13-02-00-00", "alternatives": ["72", "72", "2"]}, {"date": "2023-08-13-02-00-00", "alternatives": ["72", "72", "2"]}, {"date": "2023-08-13-02-00-00", "alternatives": ["72", "72", "2"]}, {"date": "2023-08-13-02-00-00", "alternatives": ["72", "72", "2"]}, {"date": "2023-08-13-02-00-00", "alternatives": ["72", "72", "2"]}, {"date": "2023-08-13-02-00-00", "alternatives": ["72", "72", "2"]}, {"date": "2023-08-13-02-00-00", "alternatives": ["72", "72", "2"]}, {"date": "2023-08-13-02-00-00", "alternatives": ["72", "72", "2"]}, {"date": "2023-08-13-02-00-00", "alternatives": ["72", "72", "2"]}, {"date": "2023-08-13-02-00-00", "alternatives": ["72", "72", "2"]}, {"date": "2023-08-13-02-00-00", "alternatives": ["72", "72", "2"]}, {"date": "2023-08-13-02-00-00", "alternatives": ["72", "72", "2"]}, {"date": "2023-08-13-02-00-00", "alternatives": ["72", "72", "2"]}, {"date": "2023-08-13-02-00-00", "alternatives": ["72", "72", "2"]}, {"date": "2023-08-13-02-00-00", "alternatives": ["72", "72", "2"]}]}, {"location": {"country_code": "au"}, "game_id": "118849", "values": [{"date": "2023-08-12-21-00-00", "alternatives": ["22", "221", "22"]}, {"date": "2023-08-12-21-00-00", "alternatives": ["22", "221", "22"]}, {"date": "2023-08-12-21-00-00", "alternatives": ["22", "221", "22"]}, {"date": "2023-08-12-21-00-00", "alternatives": ["22", "221", "22"]}, {"date": "2023-08-12-10-00-00", "alternatives": ["4", "14", "14"]}, {"date": "2023-08-12-10-00-00", "alternatives": ["4", "14", "14"]}, {"date": "2023-08-12-10-00-00", "alternatives": ["4", "14", "14"]}, {"date": "2023-08-12-10-00-00", "alternatives": ["4", "14", "14"]}, {"date": "2023-08-12-10-00-00", "alternatives": ["4", "14", "14"]}, {"date": "2023-08-12-10-00-00", "alternatives": ["4", "14", "14"]}, {"date": "2023-08-12-17-00-00", "alternatives": ["59", "59", "50"]}]}, {"location": {"country_code": "au", "region": "Victoria", "city": "Melbourne"}, "game_id": "118849", "values": [{"date": "2023-08-12-16-00-00", "alternatives": ["25", "25", "29"]}, {"date": "2023-08-12-16-00-00", "alternatives": ["25", "25", "29"]}, {"date": "2023-08-12-15-00-00", "alternatives": ["25", "3", "25"]}, {"date": "2023-08-12-15-00-00", "alternatives": ["25", "3", "25"]}, {"date": "2023-08-12-15-00-00", "alternatives": ["25", "3", "25"]}, {"date": "2023-08-12-15-00-00", "alternatives": ["25", "3", "25"]}, {"date": "2023-08-12-15-00-00", "alternatives": ["25", "3", "25"]}, {"date": "2023-08-12-15-00-00", "alternatives": ["25", "3", "25"]}, {"date": "2023-08-12-15-00-00", "alternatives": ["25", "3", "25"]}, {"date": "2023-08-12-15-00-00", "alternatives": ["25", "3", "25"]}, {"date": "2023-08-12-15-00-00", "alternatives": ["25", "3", "25"]}]}, {"location": {"country_code": "dk"}, "game_id": "118849", "values": [{"date": "2023-08-13-01-00-00", "alternatives": ["1", "17", "17"]}, {"date": "2023-08-13-01-00-00", "alternatives": ["1", "17", "17"]}, {"date": "2023-08-12-14-00-00", "alternatives": ["17", "171", "17"]}]}, {"location": {"country_code": "us", "region": "Iowa"}, "game_id": "118849", "values": [{"date": "2023-08-12-23-00-00", "alternatives": ["22", "02", "22"]}]}, {"location": {"country_code": "tr"}, "game_id": "118849", "values": [{"date": "2023-08-12-20-00-00", "alternatives": ["1", "11", "11"]}, {"date": "2023-08-12-20-00-00", "alternatives": ["1", "11", "11"]}, {"date": "2023-08-12-03-00-00", "alternatives": ["17", "2", "17"]}, {"date": "2023-08-12-03-00-00", "alternatives": ["17", "2", "17"]}, {"date": "2023-08-12-03-00-00", "alternatives": ["17", "2", "17"]}, {"date": "2023-08-12-03-00-00", "alternatives": ["17", "2", "17"]}, {"date": "2023-08-12-13-00-00", "alternatives": ["152", "152", "169"]}, {"date": "2023-08-12-13-00-00", "alternatives": ["152", "152", "169"]}, {"date": "2023-08-12-13-00-00", "alternatives": ["152", "152", "169"]}, {"date": "2023-08-12-13-00-00", "alternatives": ["152", "152", "169"]}, {"date": "2023-08-12-13-00-00", "alternatives": ["152", "152", "169"]}, {"date": "2023-08-12-14-00-00", "alternatives": ["41", "41", "117"]}, {"date": "2023-08-12-14-00-00", "alternatives": ["41", "41", "117"]}, {"date": "2023-08-12-16-00-00", "alternatives": ["3", "3", "32"]}]}, {"location": {"country_code": "ca", "region": "Ontario"}, "game_id": "118849", "values": [{"date": "2023-08-12-15-00-00", "alternatives": ["1", "15", "15"]}, {"date": "2023-08-12-15-00-00", "alternatives": ["1", "15", "15"]}, {"date": "2023-08-12-15-00-00", "alternatives": ["1", "15", "15"]}, {"date": "2023-08-12-15-00-00", "alternatives": ["1", "15", "15"]}, {"date": "2023-08-12-15-00-00", "alternatives": ["1", "15", "15"]}, {"date": "2023-08-12-15-00-00", "alternatives": ["1", "15", "15"]}, {"date": "2023-08-12-15-00-00", "alternatives": ["1", "15", "15"]}]}, {"location": {"country_code": "kr"}, "game_id": "118849", "values": [{"date": "2023-08-12-17-00-00", "alternatives": ["0", "10", "10"]}, {"date": "2023-08-12-17-00-00", "alternatives": ["0", "10", "10"]}, {"date": "2023-08-12-17-00-00", "alternatives": ["0", "10", "10"]}, {"date": "2023-08-12-17-00-00", "alternatives": ["0", "10", "10"]}, {"date": "2023-08-12-17-00-00", "alternatives": ["0", "10", "10"]}, {"date": "2023-08-12-07-00-00", "alternatives": ["4", "9", "4"]}]}, {"location": {"country_code": "us", "region": "California", "city": "San Francisco"}, "game_id": "118849", "values": [{"date": "2023-08-13-01-00-00", "alternatives": ["57", "57", "7"]}]}, {"location": {"country_code": "es"}, "game_id": "118849", "values": [{"date": "2023-08-13-01-00-00", "alternatives": ["38", "38", "3"]}, {"date": "2023-08-13-01-00-00", "alternatives": ["38", "38", "3"]}, {"date": "2023-08-12-03-00-00", "alternatives": ["39", "39", "9"]}, {"date": "2023-08-12-03-00-00", "alternatives": ["39", "39", "9"]}, {"date": "2023-08-12-15-00-00", "alternatives": ["3", "3", "35"]}, {"date": "2023-08-12-15-00-00", "alternatives": ["3", "3", "35"]}, {"date": "2023-08-12-15-00-00", "alternatives": ["3", "3", "35"]}, {"date": "2023-08-12-15-00-00", "alternatives": ["3", "3", "35"]}, {"date": "2023-08-12-16-00-00", "alternatives": ["32", "32", "2"]}, {"date": "2023-08-12-16-00-00", "alternatives": ["32", "32", "2"]}, {"date": "2023-08-12-16-00-00", "alternatives": ["32", "32", "2"]}, {"date": "2023-08-12-16-00-00", "alternatives": ["32", "32", "2"]}, {"date": "2023-08-12-16-00-00", "alternatives": ["32", "32", "2"]}, {"date": "2023-08-12-16-00-00", "alternatives": ["32", "32", "2"]}, {"date": "2023-08-12-16-00-00", "alternatives": ["32", "32", "2"]}, {"date": "2023-08-12-16-00-00", "alternatives": ["32", "32", "2"]}, {"date": "2023-08-12-16-00-00", "alternatives": ["32", "32", "2"]}, {"date": "2023-08-12-16-00-00", "alternatives": ["32", "32", "2"]}, {"date": "2023-08-12-16-00-00", "alternatives": ["32", "32", "2"]}, {"date": "2023-08-12-16-00-00", "alternatives": ["32", "32", "2"]}, {"date": "2023-08-12-16-00-00", "alternatives": ["32", "32", "2"]}, {"date": "2023-08-12-16-00-00", "alternatives": ["32", "32", "2"]}, {"date": "2023-08-12-16-00-00", "alternatives": ["32", "32", "2"]}, {"date": "2023-08-12-16-00-00", "alternatives": ["32", "32", "2"]}, {"date": "2023-08-12-16-00-00", "alternatives": ["32", "32", "2"]}, {"date": "2023-08-12-16-00-00", "alternatives": ["32", "32", "2"]}, {"date": "2023-08-12-16-00-00", "alternatives": ["32", "32", "2"]}, {"date": "2023-08-12-16-00-00", "alternatives": ["32", "32", "2"]}, {"date": "2023-08-12-16-00-00", "alternatives": ["32", "32", "2"]}, {"date": "2023-08-12-16-00-00", "alternatives": ["32", "32", "2"]}, {"date": "2023-08-12-16-00-00", "alternatives": ["32", "32", "2"]}]}, {"location": {"country_code": "ar"}, "game_id": "118849", "values": [{"date": "2023-08-12-03-00-00", "alternatives": ["9", "6", "9"]}, {"date": "2023-08-12-03-00-00", "alternatives": ["9", "6", "9"]}, {"date": "2023-08-12-03-00-00", "alternatives": ["9", "6", "9"]}, {"date": "2023-08-12-03-00-00", "alternatives": ["9", "6", "9"]}, {"date": "2023-08-12-17-00-00", "alternatives": ["39", "69", "39"]}, {"date": "2023-08-12-17-00-00", "alternatives": ["39", "69", "39"]}, {"date": "2023-08-12-17-00-00", "alternatives": ["39", "69", "39"]}, {"date": "2023-08-12-17-00-00", "alternatives": ["39", "69", "39"]}, {"date": "2023-08-12-17-00-00", "alternatives": ["39", "69", "39"]}, {"date": "2023-08-12-06-00-00", "alternatives": ["1", "3", "3"]}, {"date": "2023-08-12-23-00-00", "alternatives": ["38", "38", "1013"]}, {"date": "2023-08-12-23-00-00", "alternatives": ["38", "38", "1013"]}, {"date": "2023-08-12-23-00-00", "alternatives": ["38", "38", "1013"]}, {"date": "2023-08-12-23-00-00", "alternatives": ["38", "38", "1013"]}, {"date": "2023-08-12-23-00-00", "alternatives": ["38", "38", "1013"]}, {"date": "2023-08-12-23-00-00", "alternatives": ["38", "38", "1013"]}, {"date": "2023-08-13-02-00-00", "alternatives": ["30", "30", "0"]}, {"date": "2023-08-13-02-00-00", "alternatives": ["30", "30", "0"]}, {"date": "2023-08-13-02-00-00", "alternatives": ["30", "30", "0"]}, {"date": "2023-08-13-02-00-00", "alternatives": ["30", "30", "0"]}, {"date": "2023-08-13-02-00-00", "alternatives": ["30", "30", "0"]}, {"date": "2023-08-13-01-00-00", "alternatives": ["22", "22", "272"]}, {"date": "2023-08-13-01-00-00", "alternatives": ["22", "22", "272"]}, {"date": "2023-08-13-02-00-00", "alternatives": ["25", "25", "307"]}, {"date": "2023-08-13-02-00-00", "alternatives": ["25", "25", "307"]}, {"date": "2023-08-13-02-00-00", "alternatives": ["25", "25", "307"]}, {"date": "2023-08-13-02-00-00", "alternatives": ["25", "25", "307"]}, {"date": "2023-08-13-02-00-00", "alternatives": ["25", "25", "307"]}, {"date": "2023-08-13-02-00-00", "alternatives": ["25", "25", "307"]}, {"date": "2023-08-13-02-00-00", "alternatives": ["25", "25", "307"]}, {"date": "2023-08-13-02-00-00", "alternatives": ["25", "25", "307"]}, {"date": "2023-08-12-03-00-00", "alternatives": ["30", "30", "0"]}, {"date": "2023-08-12-03-00-00", "alternatives": ["30", "30", "0"]}]}, {"location": {"country_code": "bn"}, "game_id": "118849", "values": [{"date": "2023-08-12-18-00-00", "alternatives": ["30", "30", "0"]}]}, {"location": {"country_code": "fi"}, "game_id": "118849", "values": [{"date": "2023-08-13-01-00-00", "alternatives": ["41", "41", "21"]}, {"date": "2023-08-13-01-00-00", "alternatives": ["41", "41", "21"]}, {"date": "2023-08-13-01-00-00", "alternatives": ["41", "41", "21"]}, {"date": "2023-08-13-01-00-00", "alternatives": ["41", "41", "21"]}, {"date": "2023-08-13-01-00-00", "alternatives": ["41", "41", "21"]}, {"date": "2023-08-13-01-00-00", "alternatives": ["41", "41", "21"]}, {"date": "2023-08-13-01-00-00", "alternatives": ["41", "41", "21"]}, {"date": "2023-08-13-01-00-00", "alternatives": ["41", "41", "21"]}, {"date": "2023-08-13-01-00-00", "alternatives": ["41", "41", "21"]}, {"date": "2023-08-13-01-00-00", "alternatives": ["41", "41", "21"]}, {"date": "2023-08-13-01-00-00", "alternatives": ["41", "41", "21"]}, {"date": "2023-08-13-01-00-00", "alternatives": ["41", "41", "21"]}, {"date": "2023-08-13-01-00-00", "alternatives": ["41", "41", "21"]}, {"date": "2023-08-13-01-00-00", "alternatives": ["41", "41", "21"]}, {"date": "2023-08-13-01-00-00", "alternatives": ["41", "41", "21"]}, {"date": "2023-08-13-01-00-00", "alternatives": ["41", "41", "21"]}, {"date": "2023-08-13-01-00-00", "alternatives": ["41", "41", "21"]}]}, {"location": {"country_code": "us", "region": "Hawaii"}, "game_id": "118849", "values": [{"date": "2023-08-12-11-00-00", "alternatives": ["136", "136", "60"]}, {"date": "2023-08-12-11-00-00", "alternatives": ["136", "136", "60"]}, {"date": "2023-08-12-11-00-00", "alternatives": ["136", "136", "60"]}]}, {"location": {"country_code": "de", "region": "Free and Hanseatic City of Hamburg", "city": "Hamburg"}, "game_id": "118849", "values": [{"date": "2023-08-12-23-00-00", "alternatives": ["31", "1", "31"]}, {"date": "2023-08-12-23-00-00", "alternatives": ["31", "1", "31"]}, {"date": "2023-08-12-23-00-00", "alternatives": ["31", "1", "31"]}, {"date": "2023-08-12-23-00-00", "alternatives": ["31", "1", "31"]}, {"date": "2023-08-12-23-00-00", "alternatives": ["31", "1", "31"]}, {"date": "2023-08-12-23-00-00", "alternatives": ["31", "1", "31"]}]}, {"location": {"country_code": "ar", "region": "Buenos Aires F.D.", "city": "Bahia Blanca"}, "game_id": "118849", "values": [{"date": "2023-08-12-05-00-00", "alternatives": ["22", "221", "22"]}]}, {"location": {"country_code": "ar", "region": "Buenos Aires"}, "game_id": "118849", "values": [{"date": "2023-08-12-23-00-00", "alternatives": ["9", "115", "115"]}, {"date": "2023-08-12-23-00-00", "alternatives": ["9", "115", "115"]}]}, {"location": {"country_code": "us", "region": "Missouri", "city": "Downtown Kansas City"}, "game_id": "118849", "values": [{"date": "2023-08-12-18-00-00", "alternatives": ["9", "115", "115"]}, {"date": "2023-08-12-18-00-00", "alternatives": ["9", "115", "115"]}]}, {"location": {"country_code": "us", "region": "Michigan"}, "game_id": "118849", "values": [{"date": "2023-08-12-20-00-00", "alternatives": ["30", "0", "30"]}, {"date": "2023-08-12-20-00-00", "alternatives": ["30", "0", "30"]}, {"date": "2023-08-12-20-00-00", "alternatives": ["30", "0", "30"]}, {"date": "2023-08-12-20-00-00", "alternatives": ["30", "0", "30"]}, {"date": "2023-08-12-20-00-00", "alternatives": ["30", "0", "30"]}]}, {"location": {"country_code": "mx", "region": "Puebla"}, "game_id": "118849", "values": [{"date": "2023-08-12-06-00-00", "alternatives": ["3", "53", "3"]}, {"date": "2023-08-12-06-00-00", "alternatives": ["3", "53", "3"]}, {"date": "2023-08-12-06-00-00", "alternatives": ["3", "53", "3"]}, {"date": "2023-08-12-06-00-00", "alternatives": ["3", "53", "3"]}, {"date": "2023-08-12-06-00-00", "alternatives": ["3", "53", "3"]}]}, {"location": {"country_code": "hu"}, "game_id": "118849", "values": [{"date": "2023-08-12-18-00-00", "alternatives": ["24", "2", "24"]}, {"date": "2023-08-12-18-00-00", "alternatives": ["24", "2", "24"]}, {"date": "2023-08-12-18-00-00", "alternatives": ["24", "2", "24"]}, {"date": "2023-08-12-18-00-00", "alternatives": ["24", "2", "24"]}, {"date": "2023-08-12-18-00-00", "alternatives": ["24", "2", "24"]}, {"date": "2023-08-12-18-00-00", "alternatives": ["24", "2", "24"]}, {"date": "2023-08-12-18-00-00", "alternatives": ["24", "2", "24"]}, {"date": "2023-08-12-11-00-00", "alternatives": ["23", "231", "23"]}, {"date": "2023-08-12-11-00-00", "alternatives": ["23", "231", "23"]}, {"date": "2023-08-12-11-00-00", "alternatives": ["23", "231", "23"]}, {"date": "2023-08-12-11-00-00", "alternatives": ["23", "231", "23"]}]}, {"location": {"country_code": "at"}, "game_id": "118849", "values": [{"date": "2023-08-13-00-00-00", "alternatives": ["39", "39", "9"]}]}, {"location": {"country_code": "mx", "region": "Nuevo Leon"}, "game_id": "118849", "values": [{"date": "2023-08-12-07-00-00", "alternatives": ["1", "1115", "1"]}, {"date": "2023-08-12-07-00-00", "alternatives": ["1", "1115", "1"]}]}, {"location": {"country_code": "mx", "region": "Nayarit"}, "game_id": "118849", "values": [{"date": "2023-08-12-11-00-00", "alternatives": ["52", "52", "22"]}, {"date": "2023-08-12-11-00-00", "alternatives": ["52", "52", "22"]}]}, {"location": {"country_code": "us", "region": "California", "city": "Chula Vista"}, "game_id": "118849", "values": [{"date": "2023-08-13-02-00-00", "alternatives": ["57", "57", "7"]}, {"date": "2023-08-13-02-00-00", "alternatives": ["57", "57", "7"]}]}, {"location": {"country_code": "es", "region": "Catalonia", "city": "l'Hospitalet de Llobregat"}, "game_id": "118849", "values": [{"date": "2023-08-12-15-00-00", "alternatives": ["42", "42", "4245"]}, {"date": "2023-08-12-15-00-00", "alternatives": ["42", "42", "4245"]}, {"date": "2023-08-12-15-00-00", "alternatives": ["42", "42", "4245"]}, {"date": "2023-08-12-15-00-00", "alternatives": ["42", "42", "4245"]}, {"date": "2023-08-12-15-00-00", "alternatives": ["42", "42", "4245"]}, {"date": "2023-08-12-15-00-00", "alternatives": ["42", "42", "4245"]}, {"date": "2023-08-12-15-00-00", "alternatives": ["42", "42", "4245"]}, {"date": "2023-08-12-15-00-00", "alternatives": ["42", "42", "4245"]}, {"date": "2023-08-12-15-00-00", "alternatives": ["42", "42", "4245"]}, {"date": "2023-08-12-19-00-00", "alternatives": ["52", "52", "1"]}, {"date": "2023-08-12-19-00-00", "alternatives": ["52", "52", "1"]}, {"date": "2023-08-12-19-00-00", "alternatives": ["52", "52", "1"]}]}, {"location": {"country_code": "pl"}, "game_id": "118849", "values": [{"date": "2023-08-12-22-00-00", "alternatives": ["39", "39", "2"]}, {"date": "2023-08-12-22-00-00", "alternatives": ["39", "39", "2"]}, {"date": "2023-08-12-06-00-00", "alternatives": ["16", "16", "15"]}, {"date": "2023-08-12-06-00-00", "alternatives": ["16", "16", "15"]}, {"date": "2023-08-12-06-00-00", "alternatives": ["16", "16", "15"]}, {"date": "2023-08-12-23-00-00", "alternatives": ["18", "81", "18"]}, {"date": "2023-08-12-23-00-00", "alternatives": ["18", "81", "18"]}, {"date": "2023-08-12-23-00-00", "alternatives": ["18", "81", "18"]}, {"date": "2023-08-12-19-00-00", "alternatives": ["46", "6", "6"]}, {"date": "2023-08-12-19-00-00", "alternatives": ["46", "6", "6"]}, {"date": "2023-08-12-19-00-00", "alternatives": ["46", "6", "6"]}, {"date": "2023-08-13-00-00-00", "alternatives": ["31", "37", "31"]}, {"date": "2023-08-13-00-00-00", "alternatives": ["107", "107", "2"]}, {"date": "2023-08-13-00-00-00", "alternatives": ["107", "107", "2"]}, {"date": "2023-08-13-00-00-00", "alternatives": ["107", "107", "2"]}, {"date": "2023-08-13-00-00-00", "alternatives": ["107", "107", "2"]}, {"date": "2023-08-13-00-00-00", "alternatives": ["107", "107", "2"]}, {"date": "2023-08-12-22-00-00", "alternatives": ["32", "1", "32"]}, {"date": "2023-08-12-22-00-00", "alternatives": ["32", "1", "32"]}, {"date": "2023-08-12-04-00-00", "alternatives": ["38", "38", "8"]}, {"date": "2023-08-12-04-00-00", "alternatives": ["38", "38", "8"]}]}, {"location": {"country_code": "be"}, "game_id": "118849", "values": [{"date": "2023-08-12-20-00-00", "alternatives": ["2", "20", "20"]}, {"date": "2023-08-12-20-00-00", "alternatives": ["2", "20", "20"]}, {"date": "2023-08-12-20-00-00", "alternatives": ["2", "20", "20"]}]}, {"location": {"country_code": "us", "region": "Nevada", "city": "Las Vegas"}, "game_id": "118849", "values": [{"date": "2023-08-12-10-00-00", "alternatives": ["52", "52", "2"]}, {"date": "2023-08-12-11-00-00", "alternatives": ["51", "1", "1"]}, {"date": "2023-08-12-11-00-00", "alternatives": ["51", "1", "1"]}, {"date": "2023-08-12-11-00-00", "alternatives": ["51", "1", "1"]}, {"date": "2023-08-12-11-00-00", "alternatives": ["51", "1", "1"]}, {"date": "2023-08-12-11-00-00", "alternatives": ["51", "1", "1"]}, {"date": "2023-08-12-11-00-00", "alternatives": ["51", "1", "1"]}, {"date": "2023-08-12-11-00-00", "alternatives": ["51", "1", "1"]}, {"date": "2023-08-12-11-00-00", "alternatives": ["51", "1", "1"]}]}, {"location": {"country_code": "cr"}, "game_id": "118849", "values": [{"date": "2023-08-12-13-00-00", "alternatives": ["5", "5", "55"]}, {"date": "2023-08-12-13-00-00", "alternatives": ["5", "5", "55"]}, {"date": "2023-08-12-13-00-00", "alternatives": ["5", "5", "55"]}, {"date": "2023-08-12-13-00-00", "alternatives": ["5", "5", "55"]}, {"date": "2023-08-12-13-00-00", "alternatives": ["5", "5", "55"]}, {"date": "2023-08-12-13-00-00", "alternatives": ["5", "5", "55"]}, {"date": "2023-08-12-13-00-00", "alternatives": ["5", "5", "55"]}, {"date": "2023-08-12-13-00-00", "alternatives": ["5", "5", "55"]}, {"date": "2023-08-12-13-00-00", "alternatives": ["5", "5", "55"]}]}, {"location": {"country_code": "gb", "region": "England", "city": "London"}, "game_id": "118849", "values": [{"date": "2023-08-12-23-00-00", "alternatives": ["15", "015", "01"]}, {"date": "2023-08-12-23-00-00", "alternatives": ["15", "015", "01"]}, {"date": "2023-08-12-22-00-00", "alternatives": ["1", "14", "14"]}]}, {"location": {"country_code": "pe"}, "game_id": "118849", "values": [{"date": "2023-08-12-07-00-00", "alternatives": ["37", "87", "87"]}, {"date": "2023-08-12-07-00-00", "alternatives": ["37", "87", "87"]}, {"date": "2023-08-12-07-00-00", "alternatives": ["37", "87", "87"]}, {"date": "2023-08-12-07-00-00", "alternatives": ["37", "87", "87"]}, {"date": "2023-08-12-07-00-00", "alternatives": ["37", "87", "87"]}, {"date": "2023-08-12-07-00-00", "alternatives": ["37", "87", "87"]}, {"date": "2023-08-12-07-00-00", "alternatives": ["37", "87", "87"]}, {"date": "2023-08-12-07-00-00", "alternatives": ["37", "87", "87"]}, {"date": "2023-08-12-07-00-00", "alternatives": ["37", "87", "87"]}, {"date": "2023-08-12-07-00-00", "alternatives": ["37", "87", "87"]}, {"date": "2023-08-12-07-00-00", "alternatives": ["37", "87", "87"]}, {"date": "2023-08-12-07-00-00", "alternatives": ["37", "87", "87"]}, {"date": "2023-08-12-07-00-00", "alternatives": ["37", "87", "87"]}, {"date": "2023-08-12-07-00-00", "alternatives": ["37", "87", "87"]}, {"date": "2023-08-12-07-00-00", "alternatives": ["37", "87", "87"]}, {"date": "2023-08-12-07-00-00", "alternatives": ["37", "87", "87"]}, {"date": "2023-08-12-07-00-00", "alternatives": ["37", "87", "87"]}]}, {"location": {"country_code": "sg"}, "game_id": "118849", "values": [{"date": "2023-08-12-12-00-00", "alternatives": ["49", "66", "49"]}, {"date": "2023-08-12-12-00-00", "alternatives": ["49", "66", "49"]}, {"date": "2023-08-12-12-00-00", "alternatives": ["49", "66", "49"]}, {"date": "2023-08-12-12-00-00", "alternatives": ["49", "66", "49"]}, {"date": "2023-08-12-12-00-00", "alternatives": ["49", "66", "49"]}, {"date": "2023-08-12-11-00-00", "alternatives": ["3", "6", "3"]}, {"date": "2023-08-12-11-00-00", "alternatives": ["3", "6", "3"]}]}, {"location": {"country_code": "tr", "region": "Marmara Bolgesi", "city": "Istanbul"}, "game_id": "118849", "values": [{"date": "2023-08-12-17-00-00", "alternatives": ["3", "6", "3"]}, {"date": "2023-08-12-20-00-00", "alternatives": ["7", "15", "7"]}, {"date": "2023-08-12-20-00-00", "alternatives": ["7", "15", "7"]}, {"date": "2023-08-12-19-00-00", "alternatives": ["15", "1", "15"]}, {"date": "2023-08-12-19-00-00", "alternatives": ["15", "1", "15"]}, {"date": "2023-08-12-19-00-00", "alternatives": ["15", "1", "15"]}, {"date": "2023-08-12-19-00-00", "alternatives": ["15", "1", "15"]}, {"date": "2023-08-12-19-00-00", "alternatives": ["15", "1", "15"]}]}, {"location": {"country_code": "us", "region": "District of Columbia", "city": "Washington"}, "game_id": "118849", "values": [{"date": "2023-08-12-21-00-00", "alternatives": ["62", "62", "2"]}, {"date": "2023-08-12-21-00-00", "alternatives": ["62", "62", "2"]}, {"date": "2023-08-12-21-00-00", "alternatives": ["62", "62", "2"]}, {"date": "2023-08-12-21-00-00", "alternatives": ["62", "62", "2"]}, {"date": "2023-08-12-21-00-00", "alternatives": ["62", "62", "2"]}, {"date": "2023-08-12-21-00-00", "alternatives": ["62", "62", "2"]}, {"date": "2023-08-12-21-00-00", "alternatives": ["62", "62", "2"]}, {"date": "2023-08-12-21-00-00", "alternatives": ["62", "62", "2"]}, {"date": "2023-08-12-21-00-00", "alternatives": ["62", "62", "2"]}, {"date": "2023-08-12-21-00-00", "alternatives": ["62", "62", "2"]}, {"date": "2023-08-12-21-00-00", "alternatives": ["62", "62", "2"]}, {"date": "2023-08-12-21-00-00", "alternatives": ["62", "62", "2"]}, {"date": "2023-08-12-21-00-00", "alternatives": ["62", "62", "2"]}, {"date": "2023-08-12-21-00-00", "alternatives": ["62", "62", "2"]}, {"date": "2023-08-12-21-00-00", "alternatives": ["62", "62", "2"]}, {"date": "2023-08-12-21-00-00", "alternatives": ["62", "62", "2"]}, {"date": "2023-08-12-21-00-00", "alternatives": ["62", "62", "2"]}, {"date": "2023-08-12-21-00-00", "alternatives": ["62", "62", "2"]}, {"date": "2023-08-12-21-00-00", "alternatives": ["62", "62", "2"]}, {"date": "2023-08-12-21-00-00", "alternatives": ["62", "62", "2"]}, {"date": "2023-08-12-21-00-00", "alternatives": ["62", "62", "2"]}]}, {"location": {"country_code": "ca", "region": "Ontario", "city": "Toronto"}, "game_id": "118849", "values": [{"date": "2023-08-12-05-00-00", "alternatives": ["36", "36", "6"]}, {"date": "2023-08-13-01-00-00", "alternatives": ["13", "13", "3"]}, {"date": "2023-08-13-01-00-00", "alternatives": ["13", "13", "3"]}, {"date": "2023-08-13-01-00-00", "alternatives": ["13", "13", "3"]}, {"date": "2023-08-13-01-00-00", "alternatives": ["15", "15", "1"]}, {"date": "2023-08-13-01-00-00", "alternatives": ["15", "15", "1"]}, {"date": "2023-08-13-01-00-00", "alternatives": ["15", "15", "1"]}, {"date": "2023-08-13-01-00-00", "alternatives": ["15", "15", "1"]}, {"date": "2023-08-13-01-00-00", "alternatives": ["15", "15", "1"]}, {"date": "2023-08-13-01-00-00", "alternatives": ["15", "15", "1"]}, {"date": "2023-08-13-01-00-00", "alternatives": ["15", "15", "1"]}, {"date": "2023-08-13-01-00-00", "alternatives": ["15", "15", "1"]}, {"date": "2023-08-13-01-00-00", "alternatives": ["15", "15", "1"]}, {"date": "2023-08-13-02-00-00", "alternatives": ["15", "1", "1"]}, {"date": "2023-08-13-02-00-00", "alternatives": ["15", "1", "1"]}, {"date": "2023-08-13-02-00-00", "alternatives": ["15", "1", "1"]}, {"date": "2023-08-13-02-00-00", "alternatives": ["15", "1", "1"]}, {"date": "2023-08-13-02-00-00", "alternatives": ["15", "1", "1"]}, {"date": "2023-08-13-02-00-00", "alternatives": ["15", "1", "1"]}, {"date": "2023-08-13-00-00-00", "alternatives": ["51", "51", "5"]}, {"date": "2023-08-13-00-00-00", "alternatives": ["51", "51", "5"]}, {"date": "2023-08-13-00-00-00", "alternatives": ["51", "51", "5"]}, {"date": "2023-08-13-00-00-00", "alternatives": ["51", "51", "5"]}]}, {"location": {"country_code": "my", "region": "Selangor"}, "game_id": "118849", "values": [{"date": "2023-08-12-17-00-00", "alternatives": ["15", "15", "1"]}, {"date": "2023-08-12-17-00-00", "alternatives": ["15", "15", "1"]}, {"date": "2023-08-12-17-00-00", "alternatives": ["15", "15", "1"]}]}, {"location": {"country_code": "us", "region": "Wisconsin"}, "game_id": "118849", "values": [{"date": "2023-08-12-05-00-00", "alternatives": ["3", "13", "13"]}, {"date": "2023-08-12-05-00-00", "alternatives": ["3", "13", "13"]}]}, {"location": {"country_code": "us", "region": "Pennsylvania"}, "game_id": "118849", "values": [{"date": "2023-08-12-11-00-00", "alternatives": ["33", "33", "1"]}, {"date": "2023-08-12-11-00-00", "alternatives": ["33", "33", "1"]}]}, {"location": {"country_code": "es", "region": "Galicia", "city": "Santiago de Compostela"}, "game_id": "118849", "values": [{"date": "2023-08-12-19-00-00", "alternatives": ["45", "4", "45"]}, {"date": "2023-08-12-19-00-00", "alternatives": ["45", "4", "45"]}, {"date": "2023-08-12-19-00-00", "alternatives": ["45", "4", "45"]}]}, {"location": {"country_code": "au", "region": "Western Australia", "city": "Perth"}, "game_id": "118849", "values": [{"date": "2023-08-12-11-00-00", "alternatives": ["58", "58", "28"]}, {"date": "2023-08-12-11-00-00", "alternatives": ["58", "58", "28"]}, {"date": "2023-08-12-11-00-00", "alternatives": ["58", "58", "28"]}, {"date": "2023-08-12-11-00-00", "alternatives": ["58", "58", "28"]}, {"date": "2023-08-12-11-00-00", "alternatives": ["58", "58", "28"]}, {"date": "2023-08-12-11-00-00", "alternatives": ["58", "58", "28"]}, {"date": "2023-08-12-11-00-00", "alternatives": ["58", "58", "28"]}, {"date": "2023-08-12-11-00-00", "alternatives": ["58", "58", "28"]}, {"date": "2023-08-12-11-00-00", "alternatives": ["58", "58", "28"]}, {"date": "2023-08-12-11-00-00", "alternatives": ["58", "58", "28"]}, {"date": "2023-08-12-11-00-00", "alternatives": ["58", "58", "28"]}, {"date": "2023-08-12-11-00-00", "alternatives": ["58", "58", "28"]}, {"date": "2023-08-12-11-00-00", "alternatives": ["58", "58", "28"]}, {"date": "2023-08-12-11-00-00", "alternatives": ["58", "58", "28"]}, {"date": "2023-08-12-11-00-00", "alternatives": ["58", "58", "28"]}, {"date": "2023-08-12-11-00-00", "alternatives": ["58", "58", "28"]}]}, {"location": {"country_code": "br", "region": "Rio Grande do Sul", "city": "Porto Alegre"}, "game_id": "118849", "values": [{"date": "2023-08-12-07-00-00", "alternatives": ["29", "2", "29"]}, {"date": "2023-08-12-07-00-00", "alternatives": ["29", "2", "29"]}, {"date": "2023-08-12-07-00-00", "alternatives": ["29", "2", "29"]}, {"date": "2023-08-12-08-00-00", "alternatives": ["26", "26", "60"]}, {"date": "2023-08-12-08-00-00", "alternatives": ["26", "26", "60"]}, {"date": "2023-08-12-08-00-00", "alternatives": ["26", "26", "60"]}, {"date": "2023-08-12-08-00-00", "alternatives": ["26", "26", "60"]}]}, {"location": {"country_code": "pt"}, "game_id": "118849", "values": [{"date": "2023-08-12-19-00-00", "alternatives": ["29", "139", "139"]}, {"date": "2023-08-12-19-00-00", "alternatives": ["29", "139", "139"]}, {"date": "2023-08-12-19-00-00", "alternatives": ["29", "139", "139"]}, {"date": "2023-08-12-19-00-00", "alternatives": ["29", "139", "139"]}, {"date": "2023-08-12-19-00-00", "alternatives": ["29", "139", "139"]}, {"date": "2023-08-12-19-00-00", "alternatives": ["29", "139", "139"]}, {"date": "2023-08-12-19-00-00", "alternatives": ["29", "139", "139"]}, {"date": "2023-08-12-19-00-00", "alternatives": ["29", "139", "139"]}, {"date": "2023-08-12-19-00-00", "alternatives": ["29", "139", "139"]}]}, {"location": {"country_code": "cn", "region": "Hong Kong"}, "game_id": "118849", "values": [{"date": "2023-08-12-16-00-00", "alternatives": ["8", "18", "18"]}]}, {"location": {"country_code": "ca", "region": "Quebec", "city": "Montreal"}, "game_id": "118849", "values": [{"date": "2023-08-12-16-00-00", "alternatives": ["36", "36", "060"]}]}, {"location": {"country_code": "es", "region": "Andalusia", "city": "Granada"}, "game_id": "118849", "values": [{"date": "2023-08-12-16-00-00", "alternatives": ["0", "40", "40"]}, {"date": "2023-08-12-16-00-00", "alternatives": ["0", "40", "40"]}, {"date": "2023-08-12-16-00-00", "alternatives": ["0", "40", "40"]}, {"date": "2023-08-12-16-00-00", "alternatives": ["0", "40", "40"]}, {"date": "2023-08-12-16-00-00", "alternatives": ["0", "40", "40"]}]}, {"location": {"country_code": "us", "region": "Arizona", "city": "Phoenix"}, "game_id": "118849", "values": [{"date": "2023-08-12-08-00-00", "alternatives": ["58", "58", "8"]}, {"date": "2023-08-12-08-00-00", "alternatives": ["58", "58", "8"]}]}, {"location": {"country_code": "pe", "region": "Lima region", "city": "Lima"}, "game_id": "118849", "values": [{"date": "2023-08-12-18-00-00", "alternatives": ["48", "48", "38"]}]}, {"location": {"country_code": "ca", "region": "British Columbia", "city": "Richmond"}, "game_id": "118849", "values": [{"date": "2023-08-13-02-00-00", "alternatives": ["47", "47", "37"]}, {"date": "2023-08-13-02-00-00", "alternatives": ["47", "47", "37"]}, {"date": "2023-08-13-02-00-00", "alternatives": ["47", "47", "37"]}, {"date": "2023-08-13-02-00-00", "alternatives": ["47", "47", "37"]}, {"date": "2023-08-13-02-00-00", "alternatives": ["47", "47", "37"]}]}, {"location": {"country_code": "us", "region": "Georgia", "city": "Atlanta"}, "game_id": "118849", "values": [{"date": "2023-08-12-08-00-00", "alternatives": ["31", "105", "31"]}, {"date": "2023-08-12-08-00-00", "alternatives": ["31", "105", "31"]}, {"date": "2023-08-12-08-00-00", "alternatives": ["31", "105", "31"]}, {"date": "2023-08-12-08-00-00", "alternatives": ["31", "105", "31"]}, {"date": "2023-08-12-08-00-00", "alternatives": ["31", "105", "31"]}]}, {"location": {"country_code": "br", "region": "Ceara", "city": "Itapipoca"}, "game_id": "118849", "values": [{"date": "2023-08-12-15-00-00", "alternatives": ["47", "47", "37"]}, {"date": "2023-08-12-15-00-00", "alternatives": ["47", "47", "37"]}, {"date": "2023-08-12-15-00-00", "alternatives": ["47", "47", "37"]}, {"date": "2023-08-12-15-00-00", "alternatives": ["47", "47", "37"]}, {"date": "2023-08-12-15-00-00", "alternatives": ["47", "47", "37"]}, {"date": "2023-08-12-15-00-00", "alternatives": ["47", "47", "37"]}, {"date": "2023-08-12-15-00-00", "alternatives": ["47", "47", "37"]}]}, {"location": {"country_code": "ad"}, "game_id": "118849", "values": [{"date": "2023-08-12-07-00-00", "alternatives": ["04", "94", "4"]}]}, {"location": {"country_code": "lt"}, "game_id": "118849", "values": [{"date": "2023-08-12-13-00-00", "alternatives": ["32", "32", "1015"]}, {"date": "2023-08-12-13-00-00", "alternatives": ["32", "32", "1015"]}]}, {"location": {"country_code": "fr", "region": "Occitanie", "city": "Montauban"}, "game_id": "118849", "values": [{"date": "2023-08-12-11-00-00", "alternatives": ["25", "23", "25"]}, {"date": "2023-08-12-11-00-00", "alternatives": ["25", "23", "25"]}]}, {"location": {"country_code": "ca", "region": "British Columbia"}, "game_id": "118849", "values": [{"date": "2023-08-13-01-00-00", "alternatives": ["62", "62", "234"]}]}, {"location": {"country_code": "fr", "region": "Provence-Alpes-Cote d'Azur Region", "city": "Marseille"}, "game_id": "118849", "values": [{"date": "2023-08-12-22-00-00", "alternatives": ["22", "221", "22"]}, {"date": "2023-08-13-02-00-00", "alternatives": ["21", "1", "21"]}, {"date": "2023-08-13-02-00-00", "alternatives": ["21", "1", "21"]}]}, {"location": {"country_code": "fr", "region": "Nord-Passo di Calais-Piccardia", "city": "Lille"}, "game_id": "118849", "values": [{"date": "2023-08-12-12-00-00", "alternatives": ["14", "4", "14"]}, {"date": "2023-08-12-12-00-00", "alternatives": ["14", "4", "14"]}, {"date": "2023-08-12-12-00-00", "alternatives": ["14", "4", "14"]}]}, {"location": {"country_code": "es", "region": "Madrid"}, "game_id": "118849", "values": [{"date": "2023-08-12-20-00-00", "alternatives": ["23", "3", "23"]}, {"date": "2023-08-12-20-00-00", "alternatives": ["23", "3", "23"]}]}, {"location": {"country_code": "de", "region": "North Rhine-Westphalia"}, "game_id": "118849", "values": [{"date": "2023-08-12-17-00-00", "alternatives": ["9", "0", "9"]}, {"date": "2023-08-12-17-00-00", "alternatives": ["9", "0", "9"]}, {"date": "2023-08-12-17-00-00", "alternatives": ["9", "0", "9"]}]}, {"location": {"country_code": "th", "region": "Bangkok", "city": "Bangkok"}, "game_id": "118849", "values": [{"date": "2023-08-12-11-00-00", "alternatives": ["16", "15", "16"]}, {"date": "2023-08-12-11-00-00", "alternatives": ["16", "15", "16"]}, {"date": "2023-08-12-11-00-00", "alternatives": ["16", "15", "16"]}, {"date": "2023-08-12-11-00-00", "alternatives": ["16", "15", "16"]}, {"date": "2023-08-12-11-00-00", "alternatives": ["16", "15", "16"]}]}, {"location": {"country_code": "es", "region": "Murcia", "city": "Lorca"}, "game_id": "118849", "values": [{"date": "2023-08-13-01-00-00", "alternatives": ["39", "39", "29"]}, {"date": "2023-08-13-01-00-00", "alternatives": ["39", "39", "29"]}]}, {"location": {"country_code": "dj"}, "game_id": "118849", "values": [{"date": "2023-08-12-21-00-00", "alternatives": ["24", "2", "24"]}, {"date": "2023-08-12-21-00-00", "alternatives": ["24", "2", "24"]}]}, {"location": {"country_code": "es", "region": "Galicia", "city": "Vigo"}, "game_id": "118849", "values": [{"date": "2023-08-12-20-00-00", "alternatives": ["40", "40", "10"]}, {"date": "2023-08-12-20-00-00", "alternatives": ["40", "40", "10"]}]}, {"location": {"country_code": "us", "region": "California", "city": "Oakland"}, "game_id": "118849", "values": [{"date": "2023-08-12-04-00-00", "alternatives": ["56", "56", "6"]}, {"date": "2023-08-12-04-00-00", "alternatives": ["56", "56", "6"]}, {"date": "2023-08-12-04-00-00", "alternatives": ["56", "56", "6"]}, {"date": "2023-08-12-04-00-00", "alternatives": ["56", "56", "6"]}, {"date": "2023-08-12-04-00-00", "alternatives": ["56", "56", "6"]}, {"date": "2023-08-12-04-00-00", "alternatives": ["56", "56", "6"]}, {"date": "2023-08-12-04-00-00", "alternatives": ["56", "56", "6"]}, {"date": "2023-08-12-04-00-00", "alternatives": ["56", "56", "6"]}, {"date": "2023-08-12-04-00-00", "alternatives": ["56", "56", "6"]}]}, {"location": {"country_code": "de", "region": "Free State of Thuringia"}, "game_id": "118849", "values": [{"date": "2023-08-12-04-00-00", "alternatives": ["24", "2", "24"]}]}, {"location": {"country_code": "br", "region": "Parana", "city": "Umuarama"}, "game_id": "118849", "values": [{"date": "2023-08-12-18-00-00", "alternatives": ["20", "02", "20"]}, {"date": "2023-08-12-18-00-00", "alternatives": ["20", "02", "20"]}, {"date": "2023-08-12-18-00-00", "alternatives": ["20", "02", "20"]}, {"date": "2023-08-12-18-00-00", "alternatives": ["20", "02", "20"]}, {"date": "2023-08-12-18-00-00", "alternatives": ["20", "02", "20"]}]}, {"location": {"country_code": "us", "region": "New York"}, "game_id": "118849", "values": [{"date": "2023-08-13-01-00-00", "alternatives": ["24", "24", "29"]}, {"date": "2023-08-13-01-00-00", "alternatives": ["24", "24", "29"]}]}, {"location": {"country_code": "fr", "region": "Alsazia-Champagne-Ardenne-Lorena", "city": "Strasbourg"}, "game_id": "118849", "values": [{"date": "2023-08-12-23-00-00", "alternatives": ["19", "5", "19"]}]}, {"location": {"country_code": "pl", "region": "Masovian Voivodeship", "city": "Siedlce"}, "game_id": "118849", "values": [{"date": "2023-08-12-17-00-00", "alternatives": ["4", "04", "14"]}, {"date": "2023-08-12-17-00-00", "alternatives": ["4", "04", "14"]}]}, {"location": {"country_code": "tr", "region": "Ic Anadolu Bolgesi", "city": "Ankara"}, "game_id": "118849", "values": [{"date": "2023-08-12-20-00-00", "alternatives": ["15", "15", "1"]}]}, {"location": {"country_code": "it", "region": "Lombardy", "city": "Milan"}, "game_id": "118849", "values": [{"date": "2023-08-12-14-00-00", "alternatives": ["1", "0", "1"]}]}, {"location": {"country_code": "ca", "region": "Saskatchewan"}, "game_id": "118849", "values": [{"date": "2023-08-12-08-00-00", "alternatives": ["43", "3", "43"]}, {"date": "2023-08-12-08-00-00", "alternatives": ["43", "3", "43"]}, {"date": "2023-08-12-08-00-00", "alternatives": ["43", "3", "43"]}, {"date": "2023-08-12-08-00-00", "alternatives": ["43", "3", "43"]}, {"date": "2023-08-12-08-00-00", "alternatives": ["43", "3", "43"]}, {"date": "2023-08-12-08-00-00", "alternatives": ["43", "3", "43"]}]}, {"location": {"country_code": "ar", "region": "Buenos Aires", "city": "Temperley"}, "game_id": "118849", "values": [{"date": "2023-08-13-01-00-00", "alternatives": ["30", "0", "30"]}, {"date": "2023-08-13-01-00-00", "alternatives": ["30", "0", "30"]}, {"date": "2023-08-13-01-00-00", "alternatives": ["30", "0", "30"]}, {"date": "2023-08-13-01-00-00", "alternatives": ["30", "0", "30"]}]}, {"location": {"country_code": "fr", "region": "Brittany Region", "city": "Guisseny"}, "game_id": "118849", "values": [{"date": "2023-08-12-19-00-00", "alternatives": ["68", "68", "08"]}]}, {"location": {"country_code": "br", "region": "State of Rio de Janeiro", "city": "Araruama"}, "game_id": "118849", "values": [{"date": "2023-08-13-00-00-00", "alternatives": ["15", "13", "15"]}]}, {"location": {"country_code": "cn", "region": "Macao"}, "game_id": "118849", "values": [{"date": "2023-08-12-14-00-00", "alternatives": ["31", "31", "1"]}, {"date": "2023-08-12-14-00-00", "alternatives": ["31", "31", "1"]}, {"date": "2023-08-12-14-00-00", "alternatives": ["31", "31", "1"]}]}, {"location": {"country_code": "se", "region": "Norrbotten County", "city": "Lulea"}, "game_id": "118849", "values": [{"date": "2023-08-13-00-00-00", "alternatives": ["32", "321", "32"]}, {"date": "2023-08-13-00-00-00", "alternatives": ["32", "321", "32"]}, {"date": "2023-08-13-00-00-00", "alternatives": ["32", "321", "32"]}, {"date": "2023-08-13-00-00-00", "alternatives": ["32", "321", "32"]}, {"date": "2023-08-13-00-00-00", "alternatives": ["32", "321", "32"]}]}, {"location": {"country_code": "us", "region": "Tennessee", "city": "Chattanooga"}, "game_id": "118849", "values": [{"date": "2023-08-12-08-00-00", "alternatives": ["8", "38", "38"]}]}, {"location": {"country_code": "ar", "region": "Salta Province"}, "game_id": "118849", "values": [{"date": "2023-08-12-23-00-00", "alternatives": ["51", "51", "1"]}, {"date": "2023-08-12-23-00-00", "alternatives": ["51", "51", "1"]}, {"date": "2023-08-12-23-00-00", "alternatives": ["51", "51", "1"]}, {"date": "2023-08-12-23-00-00", "alternatives": ["51", "51", "1"]}, {"date": "2023-08-12-23-00-00", "alternatives": ["51", "51", "1"]}]}, {"location": {"country_code": "au", "region": "New South Wales"}, "game_id": "118849", "values": [{"date": "2023-08-12-18-00-00", "alternatives": ["1", "15", "1"]}, {"date": "2023-08-12-18-00-00", "alternatives": ["1", "15", "1"]}]}, {"location": {"country_code": "mk"}, "game_id": "118849", "values": [{"date": "2023-08-12-14-00-00", "alternatives": ["58", "58", "8"]}, {"date": "2023-08-12-14-00-00", "alternatives": ["58", "58", "8"]}]}, {"location": {"country_code": "br", "region": "State of Rio de Janeiro", "city": "Campos dos Goytacazes"}, "game_id": "118849", "values": [{"date": "2023-08-12-03-00-00", "alternatives": ["12", "22", "22"]}]}, {"location": {"country_code": "br", "region": "Rio Grande do Norte"}, "game_id": "118849", "values": [{"date": "2023-08-13-02-00-00", "alternatives": ["51", "1", "51"]}, {"date": "2023-08-13-02-00-00", "alternatives": ["51", "1", "51"]}, {"date": "2023-08-13-02-00-00", "alternatives": ["51", "1", "51"]}, {"date": "2023-08-13-02-00-00", "alternatives": ["51", "1", "51"]}]}, {"location": {"country_code": "pl", "region": "Masovian Voivodeship"}, "game_id": "118849", "values": [{"date": "2023-08-13-00-00-00", "alternatives": ["60", "09", "60"]}, {"date": "2023-08-13-00-00-00", "alternatives": ["60", "09", "60"]}, {"date": "2023-08-13-00-00-00", "alternatives": ["60", "09", "60"]}, {"date": "2023-08-13-00-00-00", "alternatives": ["60", "09", "60"]}, {"date": "2023-08-13-00-00-00", "alternatives": ["60", "09", "60"]}, {"date": "2023-08-13-00-00-00", "alternatives": ["60", "09", "60"]}, {"date": "2023-08-13-00-00-00", "alternatives": ["60", "09", "60"]}, {"date": "2023-08-13-00-00-00", "alternatives": ["60", "09", "60"]}]}, {"location": {"country_code": "de", "region": "Saxony", "city": "Chemnitz"}, "game_id": "118849", "values": [{"date": "2023-08-13-02-00-00", "alternatives": ["1", "11", "11"]}, {"date": "2023-08-13-02-00-00", "alternatives": ["1", "11", "11"]}, {"date": "2023-08-13-02-00-00", "alternatives": ["1", "11", "11"]}, {"date": "2023-08-13-02-00-00", "alternatives": ["1", "11", "11"]}, {"date": "2023-08-13-02-00-00", "alternatives": ["1", "11", "11"]}, {"date": "2023-08-13-02-00-00", "alternatives": ["1", "11", "11"]}, {"date": "2023-08-13-02-00-00", "alternatives": ["1", "11", "11"]}, {"date": "2023-08-13-02-00-00", "alternatives": ["1", "11", "11"]}]}, {"location": {"country_code": "gl"}, "game_id": "118849", "values": [{"date": "2023-08-12-03-00-00", "alternatives": ["104", "5", "104"]}, {"date": "2023-08-12-03-00-00", "alternatives": ["104", "5", "104"]}, {"date": "2023-08-12-03-00-00", "alternatives": ["104", "5", "104"]}, {"date": "2023-08-12-03-00-00", "alternatives": ["104", "5", "104"]}, {"date": "2023-08-12-03-00-00", "alternatives": ["104", "5", "104"]}, {"date": "2023-08-12-03-00-00", "alternatives": ["104", "5", "104"]}]}, {"location": {"country_code": "cz", "region": "South Moravian"}, "game_id": "118849", "values": [{"date": "2023-08-12-20-00-00", "alternatives": ["28", "28", "23"]}, {"date": "2023-08-12-20-00-00", "alternatives": ["28", "28", "23"]}, {"date": "2023-08-12-20-00-00", "alternatives": ["28", "28", "23"]}, {"date": "2023-08-12-20-00-00", "alternatives": ["28", "28", "23"]}, {"date": "2023-08-12-20-00-00", "alternatives": ["28", "28", "23"]}]}, {"location": {"country_code": "cz", "region": "South Moravian", "city": "Brno"}, "game_id": "118849", "values": [{"date": "2023-08-12-21-00-00", "alternatives": ["12", "121", "12"]}, {"date": "2023-08-12-21-00-00", "alternatives": ["12", "121", "12"]}, {"date": "2023-08-12-21-00-00", "alternatives": ["12", "121", "12"]}]}, {"location": {"country_code": "br", "region": "Paraiba", "city": "Brejo do Cruz"}, "game_id": "118849", "values": [{"date": "2023-08-13-01-00-00", "alternatives": ["58", "58", "8"]}]}, {"location": {"country_code": "br", "region": "Santa Catarina", "city": "Balneario Gaivota"}, "game_id": "118849", "values": [{"date": "2023-08-12-03-00-00", "alternatives": ["19", "61", "19"]}, {"date": "2023-08-12-03-00-00", "alternatives": ["19", "61", "19"]}]}, {"location": {"country_code": "hu", "region": "Bacs-Kiskun county", "city": "Kecskemet"}, "game_id": "118849", "values": [{"date": "2023-08-12-20-00-00", "alternatives": ["21", "21", "1"]}, {"date": "2023-08-12-20-00-00", "alternatives": ["21", "21", "1"]}]}, {"location": {"country_code": "fr", "region": "Alsazia-Champagne-Ardenne-Lorena", "city": "Berg-sur-Moselle"}, "game_id": "118849", "values": [{"date": "2023-08-12-15-00-00", "alternatives": ["10", "10", "4"]}]}, {"location": {"country_code": "us", "region": "California", "city": "Tustin"}, "game_id": "118849", "values": [{"date": "2023-08-12-13-00-00", "alternatives": ["28", "87", "28"]}]}, {"location": {"country_code": "es", "region": "Andalusia", "city": "Rincon de la Victoria"}, "game_id": "118849", "values": [{"date": "2023-08-12-12-00-00", "alternatives": ["50", "0", "0"]}]}, {"location": {"country_code": "us", "region": "California", "city": "San Fernando"}, "game_id": "118849", "values": [{"date": "2023-08-12-12-00-00", "alternatives": ["55", "55", "65"]}]}, {"location": {"country_code": "pl", "region": "Silesian Voivodeship", "city": "Tarnowskie Gory"}, "game_id": "118849", "values": [{"date": "2023-08-13-02-00-00", "alternatives": ["39", "39", "3"]}, {"date": "2023-08-13-02-00-00", "alternatives": ["39", "39", "3"]}, {"date": "2023-08-13-02-00-00", "alternatives": ["39", "39", "3"]}, {"date": "2023-08-13-02-00-00", "alternatives": ["39", "39", "3"]}, {"date": "2023-08-13-02-00-00", "alternatives": ["39", "39", "3"]}, {"date": "2023-08-13-02-00-00", "alternatives": ["39", "39", "3"]}, {"date": "2023-08-13-02-00-00", "alternatives": ["39", "39", "3"]}]}, {"location": {"country_code": "tr", "region": "Marmara Bolgesi", "city": "Atasehir"}, "game_id": "118849", "values": [{"date": "2023-08-12-02-00-00", "alternatives": ["59", "59", "9"]}]}, {"location": {"country_code": "gs"}, "game_id": "118849", "values": [{"date": "2023-08-12-02-00-00", "alternatives": ["30", "30", "0"]}]}, {"location": {"country_code": "ph", "region": "Western Visayas", "city": "Iloilo City"}, "game_id": "118849", "values": [{"date": "2023-08-12-08-00-00", "alternatives": ["1", "11", "11"]}, {"date": "2023-08-12-08-00-00", "alternatives": ["1", "11", "11"]}, {"date": "2023-08-12-08-00-00", "alternatives": ["1", "11", "11"]}, {"date": "2023-08-12-08-00-00", "alternatives": ["1", "11", "11"]}, {"date": "2023-08-12-08-00-00", "alternatives": ["1", "11", "11"]}, {"date": "2023-08-12-08-00-00", "alternatives": ["1", "11", "11"]}]}, {"location": {"country_code": "pl", "region": "Pomeranian Voivodeship", "city": "Gdynia"}, "game_id": "118849", "values": [{"date": "2023-08-12-20-00-00", "alternatives": ["48", "48", "25"]}]}], "last_updated": 1719918451.234722}