{"data": [{"location": {"country_code": "us"}, "game_id": "295590", "values": [{"date": "2024-04-01-08-00-00", "latency": 85}, {"date": "2024-04-01-08-00-00", "latency": 82}, {"date": "2024-04-01-04-00-00", "latency": 51}, {"date": "2024-04-01-04-00-00", "latency": 51}]}, {"location": {"country_code": "us", "region": "Texas"}, "game_id": "295590", "values": [{"date": "2024-04-01-10-00-00", "latency": 55}, {"date": "2024-04-01-10-00-00", "latency": 55}, {"date": "2024-04-01-10-00-00", "latency": 55}, {"date": "2024-04-01-10-00-00", "latency": 55}, {"date": "2024-04-01-10-00-00", "latency": 55}, {"date": "2024-04-01-10-00-00", "latency": 55}, {"date": "2024-04-01-10-00-00", "latency": 55}, {"date": "2024-04-01-10-00-00", "latency": 55}, {"date": "2024-04-01-10-00-00", "latency": 55}, {"date": "2024-04-01-10-00-00", "latency": 55}, {"date": "2024-04-01-10-00-00", "latency": 55}, {"date": "2024-04-01-10-00-00", "latency": 55}, {"date": "2024-04-01-10-00-00", "latency": 55}, {"date": "2024-04-01-10-00-00", "latency": 55}, {"date": "2024-04-01-10-00-00", "latency": 55}, {"date": "2024-04-01-10-00-00", "latency": 55}, {"date": "2024-04-01-10-00-00", "latency": 55}, {"date": "2024-04-01-10-00-00", "latency": 55}, {"date": "2024-04-01-10-00-00", "latency": 55}, {"date": "2024-04-01-18-00-00", "latency": 330}]}, {"location": {"country_code": "eg"}, "game_id": "295590", "values": [{"date": "2024-04-01-12-00-00", "latency": 156}, {"date": "2024-04-02-01-00-00", "latency": 93}, {"date": "2024-04-02-01-00-00", "latency": 93}, {"date": "2024-04-01-05-00-00", "latency": 87}, {"date": "2024-04-01-05-00-00", "latency": 87}, {"date": "2024-04-01-05-00-00", "latency": 87}, {"date": "2024-04-01-05-00-00", "latency": 87}]}, {"location": {"country_code": "gb"}, "game_id": "295590", "values": [{"date": "2024-04-01-20-00-00", "latency": 55}, {"date": "2024-04-02-02-00-00", "latency": 103}, {"date": "2024-04-01-16-00-00", "latency": 44}, {"date": "2024-04-01-16-00-00", "latency": 44}, {"date": "2024-04-01-16-00-00", "latency": 44}]}, {"location": {"country_code": "nl"}, "game_id": "295590", "values": [{"date": "2024-04-01-17-00-00", "latency": 20}, {"date": "2024-04-01-11-00-00", "latency": 41}, {"date": "2024-04-01-11-00-00", "latency": 41}, {"date": "2024-04-01-17-00-00", "latency": 127}]}, {"location": {"country_code": "cz"}, "game_id": "295590", "values": [{"date": "2024-04-01-13-00-00", "latency": 74}, {"date": "2024-04-01-21-00-00", "latency": 49}, {"date": "2024-04-01-13-00-00", "latency": 44}]}, {"location": {"country_code": "it"}, "game_id": "295590", "values": [{"date": "2024-04-01-22-00-00", "latency": 101}, {"date": "2024-04-01-22-00-00", "latency": 101}, {"date": "2024-04-01-22-00-00", "latency": 101}, {"date": "2024-04-01-22-00-00", "latency": 101}]}, {"location": {"country_code": "ro"}, "game_id": "295590", "values": [{"date": "2024-04-01-17-00-00", "latency": 43}, {"date": "2024-04-01-17-00-00", "latency": 43}, {"date": "2024-04-01-17-00-00", "latency": 43}, {"date": "2024-04-01-17-00-00", "latency": 43}, {"date": "2024-04-01-17-00-00", "latency": 43}, {"date": "2024-04-01-17-00-00", "latency": 43}, {"date": "2024-04-02-00-00-00", "latency": 58}, {"date": "2024-04-01-03-00-00", "latency": 317}]}, {"location": {"country_code": "za"}, "game_id": "295590", "values": [{"date": "2024-04-01-07-00-00", "latency": 344}, {"date": "2024-04-01-07-00-00", "latency": 344}, {"date": "2024-04-01-07-00-00", "latency": 344}, {"date": "2024-04-01-07-00-00", "latency": 344}, {"date": "2024-04-01-07-00-00", "latency": 344}, {"date": "2024-04-01-07-00-00", "latency": 344}, {"date": "2024-04-01-07-00-00", "latency": 344}, {"date": "2024-04-01-07-00-00", "latency": 344}, {"date": "2024-04-01-07-00-00", "latency": 344}, {"date": "2024-04-01-07-00-00", "latency": 344}, {"date": "2024-04-01-07-00-00", "latency": 344}, {"date": "2024-04-01-07-00-00", "latency": 344}, {"date": "2024-04-01-07-00-00", "latency": 344}, {"date": "2024-04-01-07-00-00", "latency": 344}, {"date": "2024-04-01-07-00-00", "latency": 344}, {"date": "2024-04-01-07-00-00", "latency": 344}]}, {"location": {"country_code": "jp"}, "game_id": "295590", "values": [{"date": "2024-04-01-19-00-00", "latency": 44}, {"date": "2024-04-01-13-00-00", "latency": 94}, {"date": "2024-04-01-13-00-00", "latency": 94}, {"date": "2024-04-01-20-00-00", "latency": 175}, {"date": "2024-04-01-20-00-00", "latency": 175}, {"date": "2024-04-01-20-00-00", "latency": 175}, {"date": "2024-04-01-20-00-00", "latency": 175}, {"date": "2024-04-01-20-00-00", "latency": 175}, {"date": "2024-04-01-20-00-00", "latency": 175}, {"date": "2024-04-01-20-00-00", "latency": 175}, {"date": "2024-04-01-20-00-00", "latency": 175}, {"date": "2024-04-01-20-00-00", "latency": 175}, {"date": "2024-04-01-20-00-00", "latency": 175}, {"date": "2024-04-01-20-00-00", "latency": 175}, {"date": "2024-04-01-20-00-00", "latency": 175}, {"date": "2024-04-01-20-00-00", "latency": 175}, {"date": "2024-04-01-20-00-00", "latency": 175}, {"date": "2024-04-01-20-00-00", "latency": 175}, {"date": "2024-04-01-20-00-00", "latency": 175}, {"date": "2024-04-01-20-00-00", "latency": 175}, {"date": "2024-04-01-20-00-00", "latency": 175}, {"date": "2024-04-01-20-00-00", "latency": 175}, {"date": "2024-04-01-20-00-00", "latency": 175}, {"date": "2024-04-01-20-00-00", "latency": 175}, {"date": "2024-04-01-20-00-00", "latency": 175}, {"date": "2024-04-01-20-00-00", "latency": 175}, {"date": "2024-04-01-19-00-00", "latency": 29}, {"date": "2024-04-01-14-00-00", "latency": 167}]}, {"location": {"country_code": "ca"}, "game_id": "295590", "values": [{"date": "2024-04-02-01-00-00", "latency": 758}, {"date": "2024-04-02-00-00-00", "latency": 120}, {"date": "2024-04-02-00-00-00", "latency": 120}, {"date": "2024-04-02-00-00-00", "latency": 120}, {"date": "2024-04-02-00-00-00", "latency": 120}, {"date": "2024-04-02-00-00-00", "latency": 120}, {"date": "2024-04-02-00-00-00", "latency": 120}, {"date": "2024-04-01-03-00-00", "latency": 85}]}, {"location": {"country_code": "ch"}, "game_id": "295590", "values": [{"date": "2024-04-01-21-00-00", "latency": 85}, {"date": "2024-04-01-21-00-00", "latency": 85}, {"date": "2024-04-01-21-00-00", "latency": 85}, {"date": "2024-04-01-21-00-00", "latency": 85}, {"date": "2024-04-01-21-00-00", "latency": 85}, {"date": "2024-04-01-21-00-00", "latency": 85}, {"date": "2024-04-01-21-00-00", "latency": 85}, {"date": "2024-04-01-21-00-00", "latency": 85}, {"date": "2024-04-01-21-00-00", "latency": 85}, {"date": "2024-04-01-21-00-00", "latency": 85}, {"date": "2024-04-01-21-00-00", "latency": 85}, {"date": "2024-04-01-21-00-00", "latency": 85}, {"date": "2024-04-01-21-00-00", "latency": 85}, {"date": "2024-04-01-21-00-00", "latency": 85}, {"date": "2024-04-01-21-00-00", "latency": 85}, {"date": "2024-04-01-21-00-00", "latency": 85}, {"date": "2024-04-01-21-00-00", "latency": 85}, {"date": "2024-04-01-21-00-00", "latency": 85}, {"date": "2024-04-01-21-00-00", "latency": 85}, {"date": "2024-04-01-21-00-00", "latency": 85}, {"date": "2024-04-01-21-00-00", "latency": 85}, {"date": "2024-04-01-21-00-00", "latency": 85}, {"date": "2024-04-01-21-00-00", "latency": 85}]}, {"location": {"country_code": "de"}, "game_id": "295590", "values": [{"date": "2024-04-01-14-00-00", "latency": 147}, {"date": "2024-04-01-15-00-00", "latency": 49}, {"date": "2024-04-01-23-00-00", "latency": 42}, {"date": "2024-04-01-23-00-00", "latency": 42}, {"date": "2024-04-01-22-00-00", "latency": 48}, {"date": "2024-04-01-22-00-00", "latency": 48}, {"date": "2024-04-01-22-00-00", "latency": 48}, {"date": "2024-04-01-22-00-00", "latency": 48}, {"date": "2024-04-01-22-00-00", "latency": 48}, {"date": "2024-04-01-22-00-00", "latency": 48}, {"date": "2024-04-01-22-00-00", "latency": 48}, {"date": "2024-04-01-21-00-00", "latency": 240}, {"date": "2024-04-01-21-00-00", "latency": 240}]}, {"location": {"country_code": "tw"}, "game_id": "295590", "values": [{"date": "2024-04-01-18-00-00", "latency": 122}, {"date": "2024-04-01-10-00-00", "latency": 108}, {"date": "2024-04-01-10-00-00", "latency": 108}, {"date": "2024-04-01-10-00-00", "latency": 108}]}, {"location": {"country_code": "gb", "region": "England"}, "game_id": "295590", "values": [{"date": "2024-04-01-23-00-00", "latency": 46}]}, {"location": {"country_code": "gb", "region": "Scotland"}, "game_id": "295590", "values": [{"date": "2024-04-01-23-00-00", "latency": 171}]}, {"location": {"country_code": "cl"}, "game_id": "295590", "values": [{"date": "2024-04-01-04-00-00", "latency": 82}, {"date": "2024-04-01-04-00-00", "latency": 82}, {"date": "2024-04-01-08-00-00", "latency": 74}, {"date": "2024-04-01-08-00-00", "latency": 74}]}, {"location": {"country_code": "au", "region": "New South Wales", "city": "Sydney"}, "game_id": "295590", "values": [{"date": "2024-04-01-06-00-00", "latency": 22}, {"date": "2024-04-01-08-00-00", "latency": 52}, {"date": "2024-04-01-08-00-00", "latency": 52}]}, {"location": {"country_code": "au"}, "game_id": "295590", "values": [{"date": "2024-04-01-03-00-00", "latency": 29}, {"date": "2024-04-01-03-00-00", "latency": 29}, {"date": "2024-04-01-03-00-00", "latency": 29}, {"date": "2024-04-01-15-00-00", "latency": 63}]}, {"location": {"country_code": "ph"}, "game_id": "295590", "values": [{"date": "2024-04-01-09-00-00", "latency": 52}, {"date": "2024-04-01-09-00-00", "latency": 52}, {"date": "2024-04-01-09-00-00", "latency": 52}]}, {"location": {"country_code": "fr"}, "game_id": "295590", "values": [{"date": "2024-04-01-19-00-00", "latency": 34}, {"date": "2024-04-01-19-00-00", "latency": 34}, {"date": "2024-04-01-14-00-00", "latency": 375}, {"date": "2024-04-01-14-00-00", "latency": 375}, {"date": "2024-04-01-14-00-00", "latency": 375}, {"date": "2024-04-01-23-00-00", "latency": 31}, {"date": "2024-04-01-03-00-00", "latency": 109}]}, {"location": {"country_code": "mx"}, "game_id": "295590", "values": [{"date": "2024-04-02-00-00-00", "latency": 65}, {"date": "2024-04-02-00-00-00", "latency": 65}, {"date": "2024-04-02-00-00-00", "latency": 65}, {"date": "2024-04-02-00-00-00", "latency": 65}, {"date": "2024-04-02-00-00-00", "latency": 65}, {"date": "2024-04-02-00-00-00", "latency": 65}, {"date": "2024-04-02-00-00-00", "latency": 65}, {"date": "2024-04-02-00-00-00", "latency": 65}, {"date": "2024-04-02-00-00-00", "latency": 65}, {"date": "2024-04-02-00-00-00", "latency": 65}, {"date": "2024-04-01-06-00-00", "latency": 96}, {"date": "2024-04-01-05-00-00", "latency": 118}, {"date": "2024-04-01-22-00-00", "latency": 67}, {"date": "2024-04-01-22-00-00", "latency": 67}, {"date": "2024-04-01-12-00-00", "latency": 955}]}, {"location": {"country_code": "ve"}, "game_id": "295590", "values": [{"date": "2024-04-02-01-00-00", "latency": 146}, {"date": "2024-04-02-01-00-00", "latency": 146}, {"date": "2024-04-01-05-00-00", "latency": 55}, {"date": "2024-04-01-05-00-00", "latency": 55}, {"date": "2024-04-01-05-00-00", "latency": 55}, {"date": "2024-04-01-05-00-00", "latency": 55}]}, {"location": {"country_code": "us", "region": "Ohio"}, "game_id": "295590", "values": [{"date": "2024-04-01-11-00-00", "latency": 41}, {"date": "2024-04-01-11-00-00", "latency": 41}, {"date": "2024-04-01-11-00-00", "latency": 41}, {"date": "2024-04-01-11-00-00", "latency": 41}]}, {"location": {"country_code": "us", "region": "California"}, "game_id": "295590", "values": [{"date": "2024-04-02-02-00-00", "latency": 71}, {"date": "2024-04-01-19-00-00", "latency": 87}, {"date": "2024-04-01-19-00-00", "latency": 87}, {"date": "2024-04-01-19-00-00", "latency": 87}]}, {"location": {"country_code": "co", "region": "El Valle", "city": "Cali"}, "game_id": "295590", "values": [{"date": "2024-04-01-03-00-00", "latency": 550}]}, {"location": {"country_code": "br"}, "game_id": "295590", "values": [{"date": "2024-04-02-01-00-00", "latency": 160}, {"date": "2024-04-02-01-00-00", "latency": 120}, {"date": "2024-04-02-01-00-00", "latency": 120}, {"date": "2024-04-02-01-00-00", "latency": 120}, {"date": "2024-04-02-01-00-00", "latency": 120}, {"date": "2024-04-02-01-00-00", "latency": 120}, {"date": "2024-04-02-01-00-00", "latency": 120}, {"date": "2024-04-02-01-00-00", "latency": 120}, {"date": "2024-04-02-02-00-00", "latency": 60}, {"date": "2024-04-02-02-00-00", "latency": 60}]}, {"location": {"country_code": "pt"}, "game_id": "295590", "values": [{"date": "2024-04-02-00-00-00", "latency": 127}, {"date": "2024-04-02-00-00-00", "latency": 127}, {"date": "2024-04-01-18-00-00", "latency": 87}, {"date": "2024-04-02-01-00-00", "latency": 109}]}, {"location": {"country_code": "se"}, "game_id": "295590", "values": [{"date": "2024-04-01-15-00-00", "latency": 45}, {"date": "2024-04-01-21-00-00", "latency": 55}]}, {"location": {"country_code": "no"}, "game_id": "295590", "values": [{"date": "2024-04-01-19-00-00", "latency": 71}, {"date": "2024-04-01-19-00-00", "latency": 71}, {"date": "2024-04-01-19-00-00", "latency": 71}]}, {"location": {"country_code": "us", "region": "California", "city": "East Los Angeles"}, "game_id": "295590", "values": [{"date": "2024-04-01-06-00-00", "latency": 73}]}, {"location": {"country_code": "au", "region": "South Australia", "city": "Adelaide"}, "game_id": "295590", "values": [{"date": "2024-04-01-15-00-00", "latency": 401}]}, {"location": {"country_code": "au", "region": "Victoria", "city": "Melbourne"}, "game_id": "295590", "values": [{"date": "2024-04-01-09-00-00", "latency": 44}, {"date": "2024-04-01-17-00-00", "latency": 52}, {"date": "2024-04-01-17-00-00", "latency": 52}, {"date": "2024-04-01-06-00-00", "latency": 260}]}, {"location": {"country_code": "td"}, "game_id": "295590", "values": [{"date": "2024-04-01-21-00-00", "latency": 44}]}, {"location": {"country_code": "us", "region": "Texas", "city": "Austin"}, "game_id": "295590", "values": [{"date": "2024-04-01-19-00-00", "latency": 44}]}, {"location": {"country_code": "tr"}, "game_id": "295590", "values": [{"date": "2024-04-01-03-00-00", "latency": 56}]}, {"location": {"country_code": "ar"}, "game_id": "295590", "values": [{"date": "2024-04-01-07-00-00", "latency": 57}, {"date": "2024-04-02-01-00-00", "latency": 89}, {"date": "2024-04-02-01-00-00", "latency": 89}, {"date": "2024-04-01-05-00-00", "latency": 57}, {"date": "2024-04-01-02-00-00", "latency": 57}, {"date": "2024-04-01-07-00-00", "latency": 51}, {"date": "2024-04-02-01-00-00", "latency": 68}, {"date": "2024-04-02-01-00-00", "latency": 68}, {"date": "2024-04-02-01-00-00", "latency": 68}, {"date": "2024-04-02-01-00-00", "latency": 68}, {"date": "2024-04-02-01-00-00", "latency": 68}]}, {"location": {"country_code": "ar", "region": "Buenos Aires F.D.", "city": "Bahia Blanca"}, "game_id": "295590", "values": [{"date": "2024-04-01-12-00-00", "latency": 39}, {"date": "2024-04-01-12-00-00", "latency": 39}, {"date": "2024-04-01-12-00-00", "latency": 39}, {"date": "2024-04-01-12-00-00", "latency": 39}, {"date": "2024-04-02-02-00-00", "latency": 88}, {"date": "2024-04-01-08-00-00", "latency": 50}, {"date": "2024-04-02-01-00-00", "latency": 87}]}, {"location": {"country_code": "bo"}, "game_id": "295590", "values": [{"date": "2024-04-02-01-00-00", "latency": 128}, {"date": "2024-04-02-01-00-00", "latency": 128}, {"date": "2024-04-02-01-00-00", "latency": 128}, {"date": "2024-04-02-01-00-00", "latency": 128}, {"date": "2024-04-01-11-00-00", "latency": 122}, {"date": "2024-04-01-11-00-00", "latency": 122}, {"date": "2024-04-01-11-00-00", "latency": 122}]}, {"location": {"country_code": "vn"}, "game_id": "295590", "values": [{"date": "2024-04-02-02-00-00", "latency": 63}, {"date": "2024-04-02-02-00-00", "latency": 63}]}, {"location": {"country_code": "fi"}, "game_id": "295590", "values": [{"date": "2024-04-01-08-00-00", "latency": 60}, {"date": "2024-04-01-18-00-00", "latency": 70}, {"date": "2024-04-01-18-00-00", "latency": 70}, {"date": "2024-04-01-18-00-00", "latency": 70}]}, {"location": {"country_code": "ar", "region": "Buenos Aires"}, "game_id": "295590", "values": [{"date": "2024-04-01-11-00-00", "latency": 53}, {"date": "2024-04-01-11-00-00", "latency": 53}, {"date": "2024-04-01-11-00-00", "latency": 53}]}, {"location": {"country_code": "us", "region": "Alaska"}, "game_id": "295590", "values": [{"date": "2024-04-01-08-00-00", "latency": 107}]}, {"location": {"country_code": "mx", "region": "Puebla"}, "game_id": "295590", "values": [{"date": "2024-04-01-06-00-00", "latency": 76}, {"date": "2024-04-01-06-00-00", "latency": 76}, {"date": "2024-04-01-06-00-00", "latency": 76}, {"date": "2024-04-01-06-00-00", "latency": 76}, {"date": "2024-04-01-06-00-00", "latency": 76}, {"date": "2024-04-01-06-00-00", "latency": 76}, {"date": "2024-04-01-06-00-00", "latency": 76}, {"date": "2024-04-01-06-00-00", "latency": 76}]}, {"location": {"country_code": "hu"}, "game_id": "295590", "values": [{"date": "2024-04-01-13-00-00", "latency": 47}]}, {"location": {"country_code": "co"}, "game_id": "295590", "values": [{"date": "2024-04-01-04-00-00", "latency": 78}, {"date": "2024-04-01-04-00-00", "latency": 78}, {"date": "2024-04-01-04-00-00", "latency": 78}, {"date": "2024-04-01-04-00-00", "latency": 78}, {"date": "2024-04-01-04-00-00", "latency": 97}, {"date": "2024-04-01-04-00-00", "latency": 97}, {"date": "2024-04-01-04-00-00", "latency": 97}, {"date": "2024-04-01-18-00-00", "latency": 100}, {"date": "2024-04-01-18-00-00", "latency": 100}, {"date": "2024-04-01-04-00-00", "latency": 80}, {"date": "2024-04-01-20-00-00", "latency": 178}, {"date": "2024-04-01-08-00-00", "latency": 105}, {"date": "2024-04-01-08-00-00", "latency": 105}, {"date": "2024-04-01-08-00-00", "latency": 105}, {"date": "2024-04-01-08-00-00", "latency": 105}, {"date": "2024-04-01-08-00-00", "latency": 105}, {"date": "2024-04-01-08-00-00", "latency": 105}, {"date": "2024-04-01-08-00-00", "latency": 105}, {"date": "2024-04-01-08-00-00", "latency": 105}, {"date": "2024-04-01-08-00-00", "latency": 105}, {"date": "2024-04-01-04-00-00", "latency": 147}, {"date": "2024-04-01-04-00-00", "latency": 147}, {"date": "2024-04-01-04-00-00", "latency": 147}, {"date": "2024-04-01-04-00-00", "latency": 147}, {"date": "2024-04-01-04-00-00", "latency": 147}, {"date": "2024-04-01-04-00-00", "latency": 147}, {"date": "2024-04-01-04-00-00", "latency": 147}, {"date": "2024-04-01-04-00-00", "latency": 147}, {"date": "2024-04-01-04-00-00", "latency": 147}, {"date": "2024-04-01-04-00-00", "latency": 147}, {"date": "2024-04-01-04-00-00", "latency": 147}, {"date": "2024-04-01-04-00-00", "latency": 147}, {"date": "2024-04-01-04-00-00", "latency": 147}, {"date": "2024-04-01-04-00-00", "latency": 147}, {"date": "2024-04-01-04-00-00", "latency": 147}]}, {"location": {"country_code": "us", "region": "Arizona"}, "game_id": "295590", "values": [{"date": "2024-04-01-23-00-00", "latency": 81}, {"date": "2024-04-01-23-00-00", "latency": 81}, {"date": "2024-04-02-01-00-00", "latency": 112}, {"date": "2024-04-02-01-00-00", "latency": 112}, {"date": "2024-04-02-01-00-00", "latency": 112}, {"date": "2024-04-02-01-00-00", "latency": 112}, {"date": "2024-04-02-01-00-00", "latency": 112}, {"date": "2024-04-02-01-00-00", "latency": 112}, {"date": "2024-04-02-01-00-00", "latency": 112}, {"date": "2024-04-02-01-00-00", "latency": 112}, {"date": "2024-04-02-01-00-00", "latency": 112}, {"date": "2024-04-02-01-00-00", "latency": 112}, {"date": "2024-04-02-01-00-00", "latency": 112}, {"date": "2024-04-02-01-00-00", "latency": 112}, {"date": "2024-04-02-01-00-00", "latency": 112}, {"date": "2024-04-02-02-00-00", "latency": 111}, {"date": "2024-04-02-02-00-00", "latency": 111}, {"date": "2024-04-02-02-00-00", "latency": 111}]}, {"location": {"country_code": "us", "region": "Utah"}, "game_id": "295590", "values": [{"date": "2024-04-01-23-00-00", "latency": 75}]}, {"location": {"country_code": "cn"}, "game_id": "295590", "values": [{"date": "2024-04-01-06-00-00", "latency": 80}]}, {"location": {"country_code": "pl"}, "game_id": "295590", "values": [{"date": "2024-04-02-01-00-00", "latency": 86}, {"date": "2024-04-02-01-00-00", "latency": 86}, {"date": "2024-04-02-01-00-00", "latency": 86}, {"date": "2024-04-02-01-00-00", "latency": 86}, {"date": "2024-04-01-16-00-00", "latency": 70}]}, {"location": {"country_code": "be"}, "game_id": "295590", "values": [{"date": "2024-04-01-17-00-00", "latency": 39}, {"date": "2024-04-02-01-00-00", "latency": 48}]}, {"location": {"country_code": "us", "region": "North Carolina"}, "game_id": "295590", "values": [{"date": "2024-04-01-23-00-00", "latency": 50}]}, {"location": {"country_code": "cr"}, "game_id": "295590", "values": [{"date": "2024-04-01-06-00-00", "latency": 105}]}, {"location": {"country_code": "pe"}, "game_id": "295590", "values": [{"date": "2024-04-01-06-00-00", "latency": 61}, {"date": "2024-04-01-18-00-00", "latency": 99}, {"date": "2024-04-01-18-00-00", "latency": 99}, {"date": "2024-04-01-18-00-00", "latency": 99}, {"date": "2024-04-01-18-00-00", "latency": 99}, {"date": "2024-04-01-18-00-00", "latency": 99}]}, {"location": {"country_code": "es", "region": "Canary Islands", "city": "Santa Cruz de Tenerife"}, "game_id": "295590", "values": [{"date": "2024-04-01-23-00-00", "latency": 85}]}, {"location": {"country_code": "ru"}, "game_id": "295590", "values": [{"date": "2024-04-01-20-00-00", "latency": 321}]}, {"location": {"country_code": "mx", "region": "Nuevo Leon", "city": "Monterrey"}, "game_id": "295590", "values": [{"date": "2024-04-01-07-00-00", "latency": 311}, {"date": "2024-04-01-07-00-00", "latency": 311}]}, {"location": {"country_code": "br", "region": "Rio Grande do Sul", "city": "Porto Alegre"}, "game_id": "295590", "values": [{"date": "2024-04-01-03-00-00", "latency": 70}, {"date": "2024-04-01-03-00-00", "latency": 70}]}, {"location": {"country_code": "br", "region": "State of Rio de Janeiro", "city": "Angra dos Reis"}, "game_id": "295590", "values": [{"date": "2024-04-01-03-00-00", "latency": 120}, {"date": "2024-04-01-23-00-00", "latency": 147}, {"date": "2024-04-01-23-00-00", "latency": 147}, {"date": "2024-04-01-23-00-00", "latency": 147}]}, {"location": {"country_code": "us", "region": "Minnesota"}, "game_id": "295590", "values": [{"date": "2024-04-01-04-00-00", "latency": 30}]}, {"location": {"country_code": "fr", "region": "Ile-de-France Region"}, "game_id": "295590", "values": [{"date": "2024-04-01-10-00-00", "latency": 67}, {"date": "2024-04-01-10-00-00", "latency": 67}, {"date": "2024-04-01-10-00-00", "latency": 67}, {"date": "2024-04-01-10-00-00", "latency": 67}]}, {"location": {"country_code": "fr", "region": "Ile-de-France Region", "city": "Paris"}, "game_id": "295590", "values": [{"date": "2024-04-02-02-00-00", "latency": 51}]}, {"location": {"country_code": "us", "region": "Arizona", "city": "Phoenix"}, "game_id": "295590", "values": [{"date": "2024-04-01-22-00-00", "latency": 84}]}, {"location": {"country_code": "kw"}, "game_id": "295590", "values": [{"date": "2024-04-02-01-00-00", "latency": 206}]}, {"location": {"country_code": "us", "region": "State of Maine"}, "game_id": "295590", "values": [{"date": "2024-04-01-20-00-00", "latency": 64}]}, {"location": {"country_code": "hr"}, "game_id": "295590", "values": [{"date": "2024-04-02-00-00-00", "latency": 52}]}, {"location": {"country_code": "ca", "region": "Manitoba", "city": "Winnipeg"}, "game_id": "295590", "values": [{"date": "2024-04-01-08-00-00", "latency": 42}, {"date": "2024-04-01-08-00-00", "latency": 42}, {"date": "2024-04-01-08-00-00", "latency": 42}]}, {"location": {"country_code": "ca", "region": "British Columbia", "city": "Richmond"}, "game_id": "295590", "values": [{"date": "2024-04-01-09-00-00", "latency": 69}, {"date": "2024-04-01-09-00-00", "latency": 69}]}, {"location": {"country_code": "br", "region": "Ceara", "city": "Itapipoca"}, "game_id": "295590", "values": [{"date": "2024-04-01-03-00-00", "latency": 451}]}, {"location": {"country_code": "ca", "region": "Ontario", "city": "Ottawa"}, "game_id": "295590", "values": [{"date": "2024-04-01-06-00-00", "latency": 51}, {"date": "2024-04-01-06-00-00", "latency": 51}, {"date": "2024-04-01-06-00-00", "latency": 51}, {"date": "2024-04-01-06-00-00", "latency": 51}, {"date": "2024-04-01-06-00-00", "latency": 51}, {"date": "2024-04-01-06-00-00", "latency": 51}]}, {"location": {"country_code": "de", "region": "Baden-Wurttemberg"}, "game_id": "295590", "values": [{"date": "2024-04-01-21-00-00", "latency": 183}]}, {"location": {"country_code": "de", "region": "Lower Saxony"}, "game_id": "295590", "values": [{"date": "2024-04-01-19-00-00", "latency": 98}, {"date": "2024-04-01-19-00-00", "latency": 98}]}, {"location": {"country_code": "bg"}, "game_id": "295590", "values": [{"date": "2024-04-01-12-00-00", "latency": 51}]}, {"location": {"country_code": "dj"}, "game_id": "295590", "values": [{"date": "2024-04-01-19-00-00", "latency": 35}]}, {"location": {"country_code": "us", "region": "Ohio", "city": "Columbus"}, "game_id": "295590", "values": [{"date": "2024-04-02-02-00-00", "latency": 134}, {"date": "2024-04-02-02-00-00", "latency": 134}, {"date": "2024-04-02-02-00-00", "latency": 134}, {"date": "2024-04-02-02-00-00", "latency": 134}]}, {"location": {"country_code": "br", "region": "Parana", "city": "Umuarama"}, "game_id": "295590", "values": [{"date": "2024-04-01-18-00-00", "latency": 59}]}, {"location": {"country_code": "tr", "region": "Marmara Bolgesi"}, "game_id": "295590", "values": [{"date": "2024-04-01-23-00-00", "latency": 70}]}, {"location": {"country_code": "ml"}, "game_id": "295590", "values": [{"date": "2024-04-01-20-00-00", "latency": 35}, {"date": "2024-04-01-20-00-00", "latency": 35}]}, {"location": {"country_code": "tr", "region": "Akdeniz Bolgesi", "city": "Antalya"}, "game_id": "295590", "values": [{"date": "2024-04-01-14-00-00", "latency": 72}, {"date": "2024-04-01-14-00-00", "latency": 72}, {"date": "2024-04-01-14-00-00", "latency": 72}, {"date": "2024-04-01-14-00-00", "latency": 72}, {"date": "2024-04-01-14-00-00", "latency": 72}, {"date": "2024-04-01-14-00-00", "latency": 72}, {"date": "2024-04-01-14-00-00", "latency": 72}, {"date": "2024-04-01-14-00-00", "latency": 72}, {"date": "2024-04-01-14-00-00", "latency": 72}, {"date": "2024-04-01-14-00-00", "latency": 72}, {"date": "2024-04-01-14-00-00", "latency": 72}, {"date": "2024-04-01-14-00-00", "latency": 72}]}, {"location": {"country_code": "tr", "region": "Ic Anadolu Bolgesi", "city": "Ankara"}, "game_id": "295590", "values": [{"date": "2024-04-01-21-00-00", "latency": 274}]}, {"location": {"country_code": "zw"}, "game_id": "295590", "values": [{"date": "2024-04-01-18-00-00", "latency": 44}]}, {"location": {"country_code": "us", "region": "Alabama", "city": "Auburn"}, "game_id": "295590", "values": [{"date": "2024-04-01-05-00-00", "latency": 65}]}, {"location": {"country_code": "ma"}, "game_id": "295590", "values": [{"date": "2024-04-01-23-00-00", "latency": 111}, {"date": "2024-04-01-23-00-00", "latency": 111}, {"date": "2024-04-01-23-00-00", "latency": 111}, {"date": "2024-04-01-23-00-00", "latency": 111}]}, {"location": {"country_code": "de", "region": "North Rhine-Westphalia", "city": "Dusseldorf"}, "game_id": "295590", "values": [{"date": "2024-04-01-18-00-00", "latency": 99}, {"date": "2024-04-01-18-00-00", "latency": 99}]}, {"location": {"country_code": "br", "region": "Sao Paulo", "city": "Peruibe"}, "game_id": "295590", "values": [{"date": "2024-04-01-03-00-00", "latency": 27}]}, {"location": {"country_code": "il"}, "game_id": "295590", "values": [{"date": "2024-04-02-00-00-00", "latency": 109}]}, {"location": {"country_code": "us", "region": "Illinois", "city": "Zion"}, "game_id": "295590", "values": [{"date": "2024-04-01-08-00-00", "latency": 66}, {"date": "2024-04-01-08-00-00", "latency": 66}, {"date": "2024-04-01-08-00-00", "latency": 66}, {"date": "2024-04-01-08-00-00", "latency": 66}, {"date": "2024-04-01-08-00-00", "latency": 66}, {"date": "2024-04-01-08-00-00", "latency": 66}, {"date": "2024-04-01-08-00-00", "latency": 66}]}, {"location": {"country_code": "fr", "region": "Pays de la Loire Region", "city": "Angers"}, "game_id": "295590", "values": [{"date": "2024-04-02-01-00-00", "latency": 231}]}, {"location": {"country_code": "pe", "region": "Lima region", "city": "San Miguel"}, "game_id": "295590", "values": [{"date": "2024-04-01-09-00-00", "latency": 89}, {"date": "2024-04-01-09-00-00", "latency": 89}, {"date": "2024-04-01-09-00-00", "latency": 89}, {"date": "2024-04-01-09-00-00", "latency": 89}, {"date": "2024-04-01-09-00-00", "latency": 89}, {"date": "2024-04-01-09-00-00", "latency": 89}, {"date": "2024-04-01-09-00-00", "latency": 89}, {"date": "2024-04-01-09-00-00", "latency": 89}, {"date": "2024-04-01-09-00-00", "latency": 89}]}, {"location": {"country_code": "co", "region": "Caldas Department", "city": "Manizales"}, "game_id": "295590", "values": [{"date": "2024-04-01-07-00-00", "latency": 94}]}, {"location": {"country_code": "co", "region": "Huila", "city": "Neiva"}, "game_id": "295590", "values": [{"date": "2024-04-02-00-00-00", "latency": 77}, {"date": "2024-04-02-00-00-00", "latency": 77}, {"date": "2024-04-02-00-00-00", "latency": 77}, {"date": "2024-04-02-00-00-00", "latency": 77}, {"date": "2024-04-02-00-00-00", "latency": 77}]}, {"location": {"country_code": "ru", "region": "Lipetsk Oblast", "city": "Yelets"}, "game_id": "295590", "values": [{"date": "2024-04-01-21-00-00", "latency": 501}]}, {"location": {"country_code": "ar", "region": "Chubut Province", "city": "Trelew"}, "game_id": "295590", "values": [{"date": "2024-04-01-04-00-00", "latency": 53}]}, {"location": {"country_code": "lt", "region": "Siauliai County", "city": "Siauliai"}, "game_id": "295590", "values": [{"date": "2024-04-01-23-00-00", "latency": 35}, {"date": "2024-04-01-23-00-00", "latency": 35}]}, {"location": {"country_code": "de", "region": "Bavaria", "city": "Erding"}, "game_id": "295590", "values": [{"date": "2024-04-01-10-00-00", "latency": 67}, {"date": "2024-04-01-10-00-00", "latency": 67}, {"date": "2024-04-01-10-00-00", "latency": 67}]}], "last_updated": 1719927567.552711}