{"data": [{"location": {"country_code": "de", "region": "Berlin", "city": "Berlin"}, "game_id": "747108", "values": [{"date": "2023-05-23-21-00-00", "latency": 15}, {"date": "2023-05-23-21-00-00", "latency": 15}]}, {"location": {"country_code": "pa"}, "game_id": "747108", "values": [{"date": "2023-05-23-10-00-00", "latency": 94}, {"date": "2023-05-23-10-00-00", "latency": 94}, {"date": "2023-05-23-10-00-00", "latency": 94}, {"date": "2023-05-23-07-00-00", "latency": 78}, {"date": "2023-05-23-07-00-00", "latency": 78}]}, {"location": {"country_code": "cz"}, "game_id": "747108", "values": [{"date": "2023-05-23-20-00-00", "latency": 3}, {"date": "2023-05-23-20-00-00", "latency": 3}, {"date": "2023-05-23-20-00-00", "latency": 3}]}, {"location": {"country_code": "ca"}, "game_id": "747108", "values": [{"date": "2023-05-24-01-00-00", "latency": 3}, {"date": "2023-05-24-01-00-00", "latency": 3}, {"date": "2023-05-23-04-00-00", "latency": 1}]}, {"location": {"country_code": "ca", "region": "Ontario"}, "game_id": "747108", "values": [{"date": "2023-05-24-02-00-00", "latency": 3}, {"date": "2023-05-24-02-00-00", "latency": 3}, {"date": "2023-05-24-02-00-00", "latency": 3}, {"date": "2023-05-24-02-00-00", "latency": 3}, {"date": "2023-05-24-02-00-00", "latency": 3}, {"date": "2023-05-24-02-00-00", "latency": 3}, {"date": "2023-05-24-02-00-00", "latency": 3}, {"date": "2023-05-24-02-00-00", "latency": 3}, {"date": "2023-05-24-02-00-00", "latency": 3}]}, {"location": {"country_code": "de"}, "game_id": "747108", "values": [{"date": "2023-05-23-18-00-00", "latency": 0}]}, {"location": {"country_code": "ph"}, "game_id": "747108", "values": [{"date": "2023-05-23-21-00-00", "latency": 41}, {"date": "2023-05-23-21-00-00", "latency": 41}, {"date": "2023-05-23-21-00-00", "latency": 41}, {"date": "2023-05-23-21-00-00", "latency": 41}]}, {"location": {"country_code": "us", "region": "New Jersey"}, "game_id": "747108", "values": [{"date": "2023-05-23-09-00-00", "latency": 0}, {"date": "2023-05-23-09-00-00", "latency": 0}]}, {"location": {"country_code": "mx"}, "game_id": "747108", "values": [{"date": "2023-05-23-07-00-00", "latency": 62}, {"date": "2023-05-23-07-00-00", "latency": 62}, {"date": "2023-05-23-22-00-00", "latency": 62}, {"date": "2023-05-23-22-00-00", "latency": 62}, {"date": "2023-05-23-22-00-00", "latency": 62}]}, {"location": {"country_code": "br"}, "game_id": "747108", "values": [{"date": "2023-05-23-19-00-00", "latency": 15}, {"date": "2023-05-23-19-00-00", "latency": 15}]}, {"location": {"country_code": "us", "region": "Maryland", "city": "Dundalk"}, "game_id": "747108", "values": [{"date": "2023-05-23-10-00-00", "latency": 6}, {"date": "2023-05-23-10-00-00", "latency": 6}, {"date": "2023-05-23-10-00-00", "latency": 6}, {"date": "2023-05-23-10-00-00", "latency": 6}, {"date": "2023-05-23-10-00-00", "latency": 6}, {"date": "2023-05-23-10-00-00", "latency": 6}, {"date": "2023-05-23-10-00-00", "latency": 6}]}, {"location": {"country_code": "ar"}, "game_id": "747108", "values": [{"date": "2023-05-23-09-00-00", "latency": 7}, {"date": "2023-05-23-09-00-00", "latency": 7}, {"date": "2023-05-23-09-00-00", "latency": 7}]}, {"location": {"country_code": "mx", "region": "Puebla"}, "game_id": "747108", "values": [{"date": "2023-05-24-01-00-00", "latency": 62}, {"date": "2023-05-24-01-00-00", "latency": 62}]}, {"location": {"country_code": "pl"}, "game_id": "747108", "values": [{"date": "2023-05-23-23-00-00", "latency": 47}, {"date": "2023-05-23-23-00-00", "latency": 47}, {"date": "2023-05-23-23-00-00", "latency": 47}, {"date": "2023-05-23-23-00-00", "latency": 47}]}, {"location": {"country_code": "co", "region": "El Valle", "city": "Cali"}, "game_id": "747108", "values": [{"date": "2023-05-23-06-00-00", "latency": 31}, {"date": "2023-05-23-06-00-00", "latency": 31}]}, {"location": {"country_code": "mx", "region": "Sonora"}, "game_id": "747108", "values": [{"date": "2023-05-23-05-00-00", "latency": 47}, {"date": "2023-05-23-05-00-00", "latency": 47}, {"date": "2023-05-23-05-00-00", "latency": 47}]}, {"location": {"country_code": "bg"}, "game_id": "747108", "values": [{"date": "2023-05-24-00-00-00", "latency": 31}, {"date": "2023-05-24-00-00-00", "latency": 31}, {"date": "2023-05-24-00-00-00", "latency": 31}]}, {"location": {"country_code": "fr", "region": "Nord-Passo di Calais-Piccardia"}, "game_id": "747108", "values": [{"date": "2023-05-24-01-00-00", "latency": 16}, {"date": "2023-05-24-01-00-00", "latency": 16}, {"date": "2023-05-24-01-00-00", "latency": 16}, {"date": "2023-05-24-01-00-00", "latency": 16}, {"date": "2023-05-24-01-00-00", "latency": 16}, {"date": "2023-05-24-01-00-00", "latency": 16}, {"date": "2023-05-24-01-00-00", "latency": 16}]}, {"location": {"country_code": "tr", "region": "Marmara Bolgesi", "city": "Sakarya"}, "game_id": "747108", "values": [{"date": "2023-05-23-08-00-00", "latency": 7}, {"date": "2023-05-23-08-00-00", "latency": 7}, {"date": "2023-05-23-08-00-00", "latency": 7}, {"date": "2023-05-23-08-00-00", "latency": 7}, {"date": "2023-05-23-08-00-00", "latency": 7}, {"date": "2023-05-23-08-00-00", "latency": 7}, {"date": "2023-05-23-08-00-00", "latency": 7}]}, {"location": {"country_code": "es", "region": "Andalusia", "city": "Cordoba"}, "game_id": "747108", "values": [{"date": "2023-05-23-15-00-00", "latency": 1}]}, {"location": {"country_code": "us", "region": "Arkansas", "city": "Newport"}, "game_id": "747108", "values": [{"date": "2023-05-23-19-00-00", "latency": 15}, {"date": "2023-05-23-19-00-00", "latency": 15}, {"date": "2023-05-23-19-00-00", "latency": 15}, {"date": "2023-05-23-19-00-00", "latency": 15}]}], "last_updated": 1719919363.123354}