{"data": [{"location": {"country_code": "us"}, "game_id": "747108", "values": [{"date": "2023-05-17-14-00-00", "latency": 3}, {"date": "2023-05-18-02-00-00", "latency": 8}, {"date": "2023-05-18-02-00-00", "latency": 8}, {"date": "2023-05-18-02-00-00", "latency": 8}, {"date": "2023-05-17-18-00-00", "latency": 31}, {"date": "2023-05-17-18-00-00", "latency": 31}, {"date": "2023-05-17-18-00-00", "latency": 31}, {"date": "2023-05-17-18-00-00", "latency": 31}, {"date": "2023-05-17-18-00-00", "latency": 31}, {"date": "2023-05-17-18-00-00", "latency": 31}, {"date": "2023-05-17-18-00-00", "latency": 31}, {"date": "2023-05-17-18-00-00", "latency": 31}]}, {"location": {"country_code": "nl"}, "game_id": "747108", "values": [{"date": "2023-05-17-21-00-00", "latency": 62}, {"date": "2023-05-17-21-00-00", "latency": 62}, {"date": "2023-05-17-21-00-00", "latency": 62}, {"date": "2023-05-17-21-00-00", "latency": 62}, {"date": "2023-05-17-21-00-00", "latency": 62}, {"date": "2023-05-17-21-00-00", "latency": 62}, {"date": "2023-05-17-21-00-00", "latency": 62}, {"date": "2023-05-17-21-00-00", "latency": 62}, {"date": "2023-05-17-21-00-00", "latency": 62}]}, {"location": {"country_code": "ro"}, "game_id": "747108", "values": [{"date": "2023-05-17-19-00-00", "latency": 7}, {"date": "2023-05-17-19-00-00", "latency": 7}, {"date": "2023-05-17-19-00-00", "latency": 7}, {"date": "2023-05-17-19-00-00", "latency": 7}, {"date": "2023-05-17-19-00-00", "latency": 7}]}, {"location": {"country_code": "ca"}, "game_id": "747108", "values": [{"date": "2023-05-17-07-00-00", "latency": 17}, {"date": "2023-05-17-07-00-00", "latency": 17}, {"date": "2023-05-17-07-00-00", "latency": 17}, {"date": "2023-05-17-07-00-00", "latency": 17}, {"date": "2023-05-17-07-00-00", "latency": 17}, {"date": "2023-05-17-07-00-00", "latency": 17}, {"date": "2023-05-17-03-00-00", "latency": 15}]}, {"location": {"country_code": "de"}, "game_id": "747108", "values": [{"date": "2023-05-17-23-00-00", "latency": 6}, {"date": "2023-05-17-23-00-00", "latency": 6}, {"date": "2023-05-17-23-00-00", "latency": 6}, {"date": "2023-05-17-23-00-00", "latency": 6}, {"date": "2023-05-17-23-00-00", "latency": 6}, {"date": "2023-05-17-23-00-00", "latency": 6}]}, {"location": {"country_code": "us", "region": "Florida"}, "game_id": "747108", "values": [{"date": "2023-05-17-05-00-00", "latency": 7}, {"date": "2023-05-17-05-00-00", "latency": 7}, {"date": "2023-05-17-05-00-00", "latency": 7}, {"date": "2023-05-17-04-00-00", "latency": 3}, {"date": "2023-05-17-04-00-00", "latency": 3}]}, {"location": {"country_code": "ph"}, "game_id": "747108", "values": [{"date": "2023-05-17-16-00-00", "latency": 3}, {"date": "2023-05-17-21-00-00", "latency": 1}, {"date": "2023-05-17-21-00-00", "latency": 1}, {"date": "2023-05-17-21-00-00", "latency": 1}, {"date": "2023-05-17-21-00-00", "latency": 1}, {"date": "2023-05-17-21-00-00", "latency": 1}, {"date": "2023-05-17-21-00-00", "latency": 1}, {"date": "2023-05-17-21-00-00", "latency": 1}, {"date": "2023-05-17-21-00-00", "latency": 1}, {"date": "2023-05-17-21-00-00", "latency": 1}, {"date": "2023-05-17-21-00-00", "latency": 1}, {"date": "2023-05-17-21-00-00", "latency": 1}]}, {"location": {"country_code": "mx"}, "game_id": "747108", "values": [{"date": "2023-05-17-08-00-00", "latency": 62}, {"date": "2023-05-17-08-00-00", "latency": 62}, {"date": "2023-05-17-08-00-00", "latency": 62}, {"date": "2023-05-17-08-00-00", "latency": 62}, {"date": "2023-05-17-08-00-00", "latency": 62}, {"date": "2023-05-17-08-00-00", "latency": 62}, {"date": "2023-05-17-08-00-00", "latency": 62}, {"date": "2023-05-17-21-00-00", "latency": 62}, {"date": "2023-05-17-21-00-00", "latency": 62}, {"date": "2023-05-17-21-00-00", "latency": 62}, {"date": "2023-05-17-02-00-00", "latency": 62}, {"date": "2023-05-17-02-00-00", "latency": 62}, {"date": "2023-05-18-00-00-00", "latency": 9}, {"date": "2023-05-18-00-00-00", "latency": 9}]}, {"location": {"country_code": "br"}, "game_id": "747108", "values": [{"date": "2023-05-17-15-00-00", "latency": 16}, {"date": "2023-05-17-15-00-00", "latency": 16}, {"date": "2023-05-17-15-00-00", "latency": 16}, {"date": "2023-05-17-15-00-00", "latency": 16}, {"date": "2023-05-17-15-00-00", "latency": 16}, {"date": "2023-05-17-15-00-00", "latency": 16}, {"date": "2023-05-17-15-00-00", "latency": 16}, {"date": "2023-05-17-15-00-00", "latency": 16}, {"date": "2023-05-17-15-00-00", "latency": 16}, {"date": "2023-05-17-15-00-00", "latency": 16}, {"date": "2023-05-17-15-00-00", "latency": 16}, {"date": "2023-05-17-15-00-00", "latency": 16}, {"date": "2023-05-17-15-00-00", "latency": 16}, {"date": "2023-05-17-21-00-00", "latency": 46}, {"date": "2023-05-17-21-00-00", "latency": 46}, {"date": "2023-05-17-21-00-00", "latency": 46}, {"date": "2023-05-17-18-00-00", "latency": 16}, {"date": "2023-05-17-18-00-00", "latency": 16}, {"date": "2023-05-17-18-00-00", "latency": 16}, {"date": "2023-05-17-18-00-00", "latency": 16}, {"date": "2023-05-17-18-00-00", "latency": 16}]}, {"location": {"country_code": "se"}, "game_id": "747108", "values": [{"date": "2023-05-17-16-00-00", "latency": 15}, {"date": "2023-05-17-16-00-00", "latency": 15}]}, {"location": {"country_code": "tr"}, "game_id": "747108", "values": [{"date": "2023-05-17-17-00-00", "latency": 4}]}, {"location": {"country_code": "se", "region": "Gavleborg County", "city": "Gavle"}, "game_id": "747108", "values": [{"date": "2023-05-17-15-00-00", "latency": 3}, {"date": "2023-05-17-15-00-00", "latency": 3}, {"date": "2023-05-17-15-00-00", "latency": 3}, {"date": "2023-05-17-15-00-00", "latency": 3}]}, {"location": {"country_code": "ar"}, "game_id": "747108", "values": [{"date": "2023-05-17-05-00-00", "latency": 7}]}, {"location": {"country_code": "mx", "region": "Puebla"}, "game_id": "747108", "values": [{"date": "2023-05-18-02-00-00", "latency": 62}, {"date": "2023-05-18-02-00-00", "latency": 62}, {"date": "2023-05-18-02-00-00", "latency": 62}, {"date": "2023-05-18-02-00-00", "latency": 62}, {"date": "2023-05-18-02-00-00", "latency": 62}, {"date": "2023-05-18-02-00-00", "latency": 62}]}, {"location": {"country_code": "br", "region": "Estado de Bahia", "city": "Salvador"}, "game_id": "747108", "values": [{"date": "2023-05-17-20-00-00", "latency": 32}, {"date": "2023-05-17-20-00-00", "latency": 32}, {"date": "2023-05-17-20-00-00", "latency": 32}, {"date": "2023-05-17-20-00-00", "latency": 32}]}, {"location": {"country_code": "es", "region": "Catalonia", "city": "l'Hospitalet de Llobregat"}, "game_id": "747108", "values": [{"date": "2023-05-18-01-00-00", "latency": 31}, {"date": "2023-05-18-01-00-00", "latency": 31}, {"date": "2023-05-18-01-00-00", "latency": 31}, {"date": "2023-05-18-01-00-00", "latency": 31}, {"date": "2023-05-18-01-00-00", "latency": 31}, {"date": "2023-05-18-01-00-00", "latency": 31}, {"date": "2023-05-18-01-00-00", "latency": 31}]}, {"location": {"country_code": "pl"}, "game_id": "747108", "values": [{"date": "2023-05-17-20-00-00", "latency": 5}, {"date": "2023-05-17-20-00-00", "latency": 5}]}, {"location": {"country_code": "ua"}, "game_id": "747108", "values": [{"date": "2023-05-17-12-00-00", "latency": 3}, {"date": "2023-05-17-12-00-00", "latency": 3}, {"date": "2023-05-17-12-00-00", "latency": 3}, {"date": "2023-05-17-12-00-00", "latency": 3}, {"date": "2023-05-17-12-00-00", "latency": 3}, {"date": "2023-05-17-12-00-00", "latency": 3}, {"date": "2023-05-17-12-00-00", "latency": 3}, {"date": "2023-05-17-12-00-00", "latency": 3}, {"date": "2023-05-17-12-00-00", "latency": 3}]}, {"location": {"country_code": "do"}, "game_id": "747108", "values": [{"date": "2023-05-18-00-00-00", "latency": 15}, {"date": "2023-05-18-00-00-00", "latency": 15}, {"date": "2023-05-18-00-00-00", "latency": 15}, {"date": "2023-05-18-00-00-00", "latency": 15}, {"date": "2023-05-18-00-00-00", "latency": 15}, {"date": "2023-05-18-00-00-00", "latency": 15}, {"date": "2023-05-18-00-00-00", "latency": 15}]}, {"location": {"country_code": "es", "region": "Galicia"}, "game_id": "747108", "values": [{"date": "2023-05-18-00-00-00", "latency": 31}, {"date": "2023-05-18-00-00-00", "latency": 31}]}, {"location": {"country_code": "kw"}, "game_id": "747108", "values": [{"date": "2023-05-17-21-00-00", "latency": 40}, {"date": "2023-05-17-21-00-00", "latency": 40}, {"date": "2023-05-17-21-00-00", "latency": 40}, {"date": "2023-05-17-21-00-00", "latency": 40}]}, {"location": {"country_code": "mx", "region": "Sonora"}, "game_id": "747108", "values": [{"date": "2023-05-17-03-00-00", "latency": 47}, {"date": "2023-05-17-03-00-00", "latency": 47}, {"date": "2023-05-17-03-00-00", "latency": 47}, {"date": "2023-05-17-03-00-00", "latency": 47}]}, {"location": {"country_code": "fr", "region": "Nord-Passo di Calais-Piccardia"}, "game_id": "747108", "values": [{"date": "2023-05-17-23-00-00", "latency": 15}, {"date": "2023-05-17-23-00-00", "latency": 15}, {"date": "2023-05-17-23-00-00", "latency": 15}, {"date": "2023-05-17-23-00-00", "latency": 15}, {"date": "2023-05-17-23-00-00", "latency": 15}, {"date": "2023-05-17-23-00-00", "latency": 15}, {"date": "2023-05-17-23-00-00", "latency": 15}, {"date": "2023-05-17-23-00-00", "latency": 15}]}, {"location": {"country_code": "us", "region": "Arizona", "city": "Mesa"}, "game_id": "747108", "values": [{"date": "2023-05-17-06-00-00", "latency": 62}, {"date": "2023-05-17-06-00-00", "latency": 62}, {"date": "2023-05-17-06-00-00", "latency": 62}, {"date": "2023-05-17-06-00-00", "latency": 62}, {"date": "2023-05-17-06-00-00", "latency": 62}]}, {"location": {"country_code": "gr", "region": "Samothrace", "city": "Thessaloniki"}, "game_id": "747108", "values": [{"date": "2023-05-17-16-00-00", "latency": 31}, {"date": "2023-05-17-16-00-00", "latency": 31}]}, {"location": {"country_code": "es", "region": "Cantabria", "city": "Torres"}, "game_id": "747108", "values": [{"date": "2023-05-17-20-00-00", "latency": 31}, {"date": "2023-05-17-20-00-00", "latency": 31}, {"date": "2023-05-17-20-00-00", "latency": 31}, {"date": "2023-05-17-20-00-00", "latency": 31}, {"date": "2023-05-17-20-00-00", "latency": 31}, {"date": "2023-05-17-20-00-00", "latency": 31}, {"date": "2023-05-17-20-00-00", "latency": 31}, {"date": "2023-05-17-20-00-00", "latency": 31}]}, {"location": {"country_code": "us", "region": "Arkansas", "city": "Newport"}, "game_id": "747108", "values": [{"date": "2023-05-17-22-00-00", "latency": 3}, {"date": "2023-05-17-22-00-00", "latency": 3}, {"date": "2023-05-17-22-00-00", "latency": 3}, {"date": "2023-05-17-22-00-00", "latency": 3}, {"date": "2023-05-17-22-00-00", "latency": 3}]}], "last_updated": 1719919358.822041}