{"data": [{"location": {"country_code": "gb"}, "game_id": "742409", "values": [{"date": "2023-08-29-20-00-00", "latency": 6}, {"date": "2023-08-29-20-00-00", "latency": 6}, {"date": "2023-08-29-20-00-00", "latency": 6}, {"date": "2023-08-30-00-00-00", "latency": 1}, {"date": "2023-08-29-21-00-00", "latency": 4}, {"date": "2023-08-29-21-00-00", "latency": 4}, {"date": "2023-08-29-21-00-00", "latency": 4}, {"date": "2023-08-29-21-00-00", "latency": 1}, {"date": "2023-08-29-21-00-00", "latency": 1}, {"date": "2023-08-29-21-00-00", "latency": 1}, {"date": "2023-08-29-21-00-00", "latency": 1}, {"date": "2023-08-29-21-00-00", "latency": 1}]}, {"location": {"country_code": "nl"}, "game_id": "742409", "values": [{"date": "2023-08-30-00-00-00", "latency": 9}, {"date": "2023-08-29-20-00-00", "latency": 5}, {"date": "2023-08-29-20-00-00", "latency": 5}]}, {"location": {"country_code": "it"}, "game_id": "742409", "values": [{"date": "2023-08-29-18-00-00", "latency": 19}, {"date": "2023-08-29-18-00-00", "latency": 19}]}, {"location": {"country_code": "ro"}, "game_id": "742409", "values": [{"date": "2023-08-30-01-00-00", "latency": 4}, {"date": "2023-08-29-14-00-00", "latency": 0}, {"date": "2023-08-29-14-00-00", "latency": 0}]}, {"location": {"country_code": "jp"}, "game_id": "742409", "values": [{"date": "2023-08-29-09-00-00", "latency": 132}, {"date": "2023-08-29-09-00-00", "latency": 132}, {"date": "2023-08-29-18-00-00", "latency": 9}]}, {"location": {"country_code": "de"}, "game_id": "742409", "values": [{"date": "2023-08-29-08-00-00", "latency": 9}, {"date": "2023-08-29-08-00-00", "latency": 9}, {"date": "2023-08-29-23-00-00", "latency": 3}]}, {"location": {"country_code": "tw"}, "game_id": "742409", "values": [{"date": "2023-08-29-17-00-00", "latency": 2}]}, {"location": {"country_code": "fr"}, "game_id": "742409", "values": [{"date": "2023-08-29-07-00-00", "latency": 18}]}, {"location": {"country_code": "es", "region": "Madrid", "city": "Parla"}, "game_id": "742409", "values": [{"date": "2023-08-30-00-00-00", "latency": 2}]}, {"location": {"country_code": "de", "region": "Saxony"}, "game_id": "742409", "values": [{"date": "2023-08-29-20-00-00", "latency": 1}]}, {"location": {"country_code": "de", "region": "Bavaria"}, "game_id": "742409", "values": [{"date": "2023-08-29-22-00-00", "latency": 26}]}, {"location": {"country_code": "us", "region": "Utah"}, "game_id": "742409", "values": [{"date": "2023-08-29-06-00-00", "latency": 1}]}, {"location": {"country_code": "pl"}, "game_id": "742409", "values": [{"date": "2023-08-29-20-00-00", "latency": 35}]}, {"location": {"country_code": "us", "region": "Georgia"}, "game_id": "742409", "values": [{"date": "2023-08-29-09-00-00", "latency": 32}, {"date": "2023-08-29-09-00-00", "latency": 32}, {"date": "2023-08-29-09-00-00", "latency": 32}, {"date": "2023-08-29-09-00-00", "latency": 32}, {"date": "2023-08-29-09-00-00", "latency": 32}]}, {"location": {"country_code": "ua"}, "game_id": "742409", "values": [{"date": "2023-08-29-14-00-00", "latency": 44}, {"date": "2023-08-29-14-00-00", "latency": 44}, {"date": "2023-08-29-14-00-00", "latency": 44}, {"date": "2023-08-29-19-00-00", "latency": 62}, {"date": "2023-08-29-16-00-00", "latency": 29}, {"date": "2023-08-29-16-00-00", "latency": 29}, {"date": "2023-08-29-10-00-00", "latency": 37}, {"date": "2023-08-29-10-00-00", "latency": 37}, {"date": "2023-08-29-15-00-00", "latency": 41}, {"date": "2023-08-29-15-00-00", "latency": 41}, {"date": "2023-08-29-15-00-00", "latency": 41}, {"date": "2023-08-29-19-00-00", "latency": 29}]}, {"location": {"country_code": "us", "region": "Colorado"}, "game_id": "742409", "values": [{"date": "2023-08-29-09-00-00", "latency": 0}, {"date": "2023-08-29-09-00-00", "latency": 0}]}, {"location": {"country_code": "fr", "region": "Ile-de-France Region"}, "game_id": "742409", "values": [{"date": "2023-08-29-20-00-00", "latency": 6}]}, {"location": {"country_code": "us", "region": "Arizona", "city": "Phoenix"}, "game_id": "742409", "values": [{"date": "2023-08-29-06-00-00", "latency": 62}]}, {"location": {"country_code": "ua", "region": "Kharkiv Oblast", "city": "Kharkiv"}, "game_id": "742409", "values": [{"date": "2023-08-29-17-00-00", "latency": 25}, {"date": "2023-08-29-17-00-00", "latency": 25}, {"date": "2023-08-29-17-00-00", "latency": 25}]}, {"location": {"country_code": "de", "region": "Saxony-Anhalt"}, "game_id": "742409", "values": [{"date": "2023-08-29-19-00-00", "latency": 13}]}, {"location": {"country_code": "de", "region": "Brandenburg"}, "game_id": "742409", "values": [{"date": "2023-08-29-22-00-00", "latency": 3}, {"date": "2023-08-29-19-00-00", "latency": 26}, {"date": "2023-08-29-19-00-00", "latency": 26}]}, {"location": {"country_code": "de", "region": "Baden-Wurttemberg", "city": "Stuttgart"}, "game_id": "742409", "values": [{"date": "2023-08-29-21-00-00", "latency": 2}]}, {"location": {"country_code": "ro", "region": "Iasi County"}, "game_id": "742409", "values": [{"date": "2023-08-29-23-00-00", "latency": 36}]}], "last_updated": 1719919352.1003}