{"data": [{"location": {"country_code": "us"}, "game_id": "319965", "values": [{"date": "2022-04-27-03-00-00", "latency": 50}]}, {"location": {"country_code": "us", "region": "New York", "city": "Jamestown"}, "game_id": "319965", "values": [{"date": "2022-04-28-00-00-00", "latency": 0}]}, {"location": {"country_code": "gb"}, "game_id": "319965", "values": [{"date": "2022-04-27-22-00-00", "latency": 19}, {"date": "2022-04-27-22-00-00", "latency": 19}, {"date": "2022-04-27-22-00-00", "latency": 19}, {"date": "2022-04-27-22-00-00", "latency": 19}, {"date": "2022-04-27-22-00-00", "latency": 19}, {"date": "2022-04-27-22-00-00", "latency": 19}, {"date": "2022-04-27-22-00-00", "latency": 19}, {"date": "2022-04-27-22-00-00", "latency": 19}]}, {"location": {"country_code": "nl"}, "game_id": "319965", "values": [{"date": "2022-04-27-23-00-00", "latency": 0}]}, {"location": {"country_code": "ca"}, "game_id": "319965", "values": [{"date": "2022-04-28-01-00-00", "latency": 3}]}, {"location": {"country_code": "gb", "region": "England"}, "game_id": "319965", "values": [{"date": "2022-04-27-17-00-00", "latency": 132}, {"date": "2022-04-27-17-00-00", "latency": 132}, {"date": "2022-04-27-17-00-00", "latency": 132}]}, {"location": {"country_code": "au", "region": "Victoria", "city": "Melbourne"}, "game_id": "319965", "values": [{"date": "2022-04-27-15-00-00", "latency": 7}, {"date": "2022-04-27-15-00-00", "latency": 7}]}, {"location": {"country_code": "de", "region": "Saarland"}, "game_id": "319965", "values": [{"date": "2022-04-27-22-00-00", "latency": 0}]}, {"location": {"country_code": "us", "region": "South Carolina"}, "game_id": "319965", "values": [{"date": "2022-04-28-02-00-00", "latency": 2}]}], "last_updated": 1719919352.462261}