{"data": [{"location": {"country_code": "us", "region": "Colorado"}, "game_id": "319965", "values": [{"date": "2022-04-17-01-00-00", "latency": 0}, {"date": "2022-04-16-19-00-00", "latency": 0}]}, {"location": {"country_code": "ie", "region": "", "city": "Limerick"}, "game_id": "319965", "values": [{"date": "2022-04-16-04-00-00", "latency": 35}, {"date": "2022-04-16-04-00-00", "latency": 35}, {"date": "2022-04-16-04-00-00", "latency": 35}, {"date": "2022-04-16-04-00-00", "latency": 35}, {"date": "2022-04-16-04-00-00", "latency": 35}]}, {"location": {"country_code": "ca", "region": "Quebec"}, "game_id": "319965", "values": [{"date": "2022-04-16-22-00-00", "latency": 2}, {"date": "2022-04-16-22-00-00", "latency": 2}, {"date": "2022-04-16-22-00-00", "latency": 2}, {"date": "2022-04-16-22-00-00", "latency": 2}, {"date": "2022-04-16-22-00-00", "latency": 2}]}], "last_updated": 1719919352.875115}