{"data": [{"location": {"country_code": "es", "region": "Canary Islands", "city": "Santa Cruz de Tenerife"}, "game_id": "118849", "values": [{"date": "2024-02-02-22-00-00", "latency": 71}, {"date": "2024-02-02-22-00-00", "latency": 71}]}, {"location": {"country_code": "us"}, "game_id": "118849", "values": [{"date": "2024-02-02-03-00-00", "latency": 79}]}, {"location": {"country_code": "th"}, "game_id": "118849", "values": [{"date": "2024-02-02-17-00-00", "latency": 27}, {"date": "2024-02-02-17-00-00", "latency": 27}, {"date": "2024-02-02-16-00-00", "latency": 42}]}, {"location": {"country_code": "ro"}, "game_id": "118849", "values": [{"date": "2024-02-02-19-00-00", "latency": 167}, {"date": "2024-02-02-19-00-00", "latency": 167}]}, {"location": {"country_code": "jp"}, "game_id": "118849", "values": [{"date": "2024-02-02-17-00-00", "latency": 28}, {"date": "2024-02-02-17-00-00", "latency": 28}]}, {"location": {"country_code": "tw"}, "game_id": "118849", "values": [{"date": "2024-02-02-17-00-00", "latency": 240}, {"date": "2024-02-02-17-00-00", "latency": 240}, {"date": "2024-02-02-17-00-00", "latency": 240}]}, {"location": {"country_code": "us", "region": "Florida"}, "game_id": "118849", "values": [{"date": "2024-02-03-01-00-00", "latency": 71}]}, {"location": {"country_code": "ph"}, "game_id": "118849", "values": [{"date": "2024-02-02-16-00-00", "latency": 104}]}, {"location": {"country_code": "fr"}, "game_id": "118849", "values": [{"date": "2024-02-02-13-00-00", "latency": 44}, {"date": "2024-02-02-13-00-00", "latency": 44}, {"date": "2024-02-02-19-00-00", "latency": 83}]}, {"location": {"country_code": "us", "region": "California"}, "game_id": "118849", "values": [{"date": "2024-02-03-01-00-00", "latency": 81}, {"date": "2024-02-03-01-00-00", "latency": 81}, {"date": "2024-02-03-01-00-00", "latency": 81}, {"date": "2024-02-03-01-00-00", "latency": 81}]}, {"location": {"country_code": "br", "region": "Sao Paulo", "city": "Apiai"}, "game_id": "118849", "values": [{"date": "2024-02-02-18-00-00", "latency": 170}]}, {"location": {"country_code": "us", "region": "California", "city": "East Los Angeles"}, "game_id": "118849", "values": [{"date": "2024-02-02-04-00-00", "latency": 237}, {"date": "2024-02-02-04-00-00", "latency": 237}]}, {"location": {"country_code": "ar", "region": "Buenos Aires F.D.", "city": "Bahia Blanca"}, "game_id": "118849", "values": [{"date": "2024-02-02-07-00-00", "latency": 56}]}, {"location": {"country_code": "us", "region": "Nevada", "city": "Las Vegas"}, "game_id": "118849", "values": [{"date": "2024-02-02-23-00-00", "latency": 551}, {"date": "2024-02-02-23-00-00", "latency": 551}]}, {"location": {"country_code": "gb", "region": "England", "city": "London"}, "game_id": "118849", "values": [{"date": "2024-02-03-00-00-00", "latency": 44}]}, {"location": {"country_code": "pe", "region": "Lima region", "city": "Lima"}, "game_id": "118849", "values": [{"date": "2024-02-02-11-00-00", "latency": 51}]}, {"location": {"country_code": "gm", "region": "Western"}, "game_id": "118849", "values": [{"date": "2024-02-02-04-00-00", "latency": 100}]}, {"location": {"country_code": "gr", "region": "Samothrace", "city": "Thessaloniki"}, "game_id": "118849", "values": [{"date": "2024-02-02-17-00-00", "latency": 93}, {"date": "2024-02-02-17-00-00", "latency": 93}]}, {"location": {"country_code": "us", "region": "California", "city": "Irvine"}, "game_id": "118849", "values": [{"date": "2024-02-02-04-00-00", "latency": 82}]}], "last_updated": 1719927577.794885}