{"data": [{"location": {"country_code": "it"}, "game_id": "118849", "values": [{"date": "2022-06-20-09-00-00", "alternatives": [0, 12, 12, 12]}, {"date": "2022-06-20-09-00-00", "alternatives": [0, 12, 12, 12]}]}, {"location": {"country_code": "fr"}, "game_id": "118849", "values": [{"date": "2022-06-20-09-00-00", "alternatives": [60, 5, 60, 60]}]}, {"location": {"country_code": "pl", "region": "Masovian Voivodeship", "city": "Siedlce"}, "game_id": "118849", "values": [{"date": "2022-06-20-09-00-00", "alternatives": [398, 898, 398, 398]}, {"date": "2022-06-20-09-00-00", "alternatives": [398, 898, 398, 398]}, {"date": "2022-06-20-09-00-00", "alternatives": [398, 898, 398, 398]}, {"date": "2022-06-20-09-00-00", "alternatives": [398, 898, 398, 398]}, {"date": "2022-06-20-09-00-00", "alternatives": [398, 898, 398, 398]}, {"date": "2022-06-20-09-00-00", "alternatives": [398, 898, 398, 398]}]}], "last_updated": 1719918458.743915}