{"data": [{"location": {"country_code": "it"}, "game_id": "116088", "values": [{"date": "2024-03-11-01-00-00", "latency": 3}]}, {"location": {"country_code": "ph"}, "game_id": "116088", "values": [{"date": "2024-03-10-19-00-00", "latency": 3}]}, {"location": {"country_code": "be"}, "game_id": "116088", "values": [{"date": "2024-03-10-13-00-00", "latency": 39}, {"date": "2024-03-10-13-00-00", "latency": 39}]}, {"location": {"country_code": "dj"}, "game_id": "116088", "values": [{"date": "2024-03-10-19-00-00", "latency": 10}]}], "last_updated": 1719919371.169483}