{"data": [{"location": {"country_code": "mx"}, "game_id": "295590", "values": [{"date": "2023-01-31-06-00-00", "latency": 0}, {"date": "2023-01-31-06-00-00", "latency": 0}, {"date": "2023-01-31-10-00-00", "latency": 7}, {"date": "2023-01-31-10-00-00", "latency": 7}, {"date": "2023-01-31-10-00-00", "latency": 7}, {"date": "2023-01-31-06-00-00", "latency": 15}, {"date": "2023-01-31-10-00-00", "latency": 10}, {"date": "2023-01-31-07-00-00", "latency": 6}, {"date": "2023-01-31-07-00-00", "latency": 6}, {"date": "2023-01-31-07-00-00", "latency": 6}, {"date": "2023-01-31-06-00-00", "latency": 2}, {"date": "2023-01-31-08-00-00", "latency": 7}, {"date": "2023-01-31-08-00-00", "latency": 7}, {"date": "2023-01-31-08-00-00", "latency": 7}, {"date": "2023-01-31-08-00-00", "latency": 7}, {"date": "2023-01-31-06-00-00", "latency": 18}, {"date": "2023-01-31-06-00-00", "latency": 18}, {"date": "2023-01-31-05-00-00", "latency": 4}, {"date": "2023-01-31-05-00-00", "latency": 4}, {"date": "2023-01-31-05-00-00", "latency": 4}, {"date": "2023-01-31-05-00-00", "latency": 4}, {"date": "2023-01-31-09-00-00", "latency": 5}, {"date": "2023-01-31-06-00-00", "latency": 4}, {"date": "2023-01-31-06-00-00", "latency": 4}, {"date": "2023-01-31-06-00-00", "latency": 4}, {"date": "2023-01-31-06-00-00", "latency": 4}, {"date": "2023-02-01-00-00-00", "latency": 7}, {"date": "2023-01-31-04-00-00", "latency": 3}, {"date": "2023-01-31-22-00-00", "latency": 7}, {"date": "2023-01-31-06-00-00", "latency": 5}, {"date": "2023-01-31-05-00-00", "latency": 7}, {"date": "2023-01-31-01-00-00", "latency": 7}, {"date": "2023-01-31-01-00-00", "latency": 7}, {"date": "2023-01-31-01-00-00", "latency": 7}, {"date": "2023-01-31-07-00-00", "latency": 0}, {"date": "2023-01-31-21-00-00", "latency": 4}, {"date": "2023-01-31-21-00-00", "latency": 4}, {"date": "2023-01-31-09-00-00", "latency": 0}, {"date": "2023-01-31-22-00-00", "latency": 5}, {"date": "2023-02-01-01-00-00", "latency": 17}, {"date": "2023-02-01-01-00-00", "latency": 17}, {"date": "2023-01-31-06-00-00", "latency": 1247}, {"date": "2023-01-31-06-00-00", "latency": 1247}, {"date": "2023-01-31-06-00-00", "latency": 1247}, {"date": "2023-01-31-07-00-00", "latency": 2}, {"date": "2023-01-31-07-00-00", "latency": 2}, {"date": "2023-01-31-05-00-00", "latency": 61}, {"date": "2023-02-01-00-00-00", "latency": 10}, {"date": "2023-02-01-00-00-00", "latency": 10}, {"date": "2023-01-31-12-00-00", "latency": 1}, {"date": "2023-01-31-21-00-00", "latency": 5}, {"date": "2023-01-31-21-00-00", "latency": 5}, {"date": "2023-01-31-02-00-00", "latency": 5}]}, {"location": {"country_code": "nz"}, "game_id": "295590", "values": [{"date": "2023-01-31-09-00-00", "latency": 6}]}, {"location": {"country_code": "us"}, "game_id": "295590", "values": [{"date": "2023-01-31-08-00-00", "latency": 35}, {"date": "2023-01-31-22-00-00", "latency": 8}, {"date": "2023-01-31-21-00-00", "latency": 6}, {"date": "2023-01-31-21-00-00", "latency": 6}, {"date": "2023-01-31-21-00-00", "latency": 14}, {"date": "2023-01-31-21-00-00", "latency": 14}, {"date": "2023-01-31-21-00-00", "latency": 14}, {"date": "2023-01-31-21-00-00", "latency": 14}, {"date": "2023-01-31-21-00-00", "latency": 14}, {"date": "2023-01-31-02-00-00", "latency": 3}, {"date": "2023-01-31-03-00-00", "latency": 1}, {"date": "2023-01-31-23-00-00", "latency": 2}]}, {"location": {"country_code": "us", "region": "Texas"}, "game_id": "295590", "values": [{"date": "2023-01-31-10-00-00", "latency": 2}, {"date": "2023-01-31-10-00-00", "latency": 2}, {"date": "2023-01-31-10-00-00", "latency": 2}, {"date": "2023-01-31-10-00-00", "latency": 2}]}, {"location": {"country_code": "nz", "region": "Auckland", "city": "Auckland"}, "game_id": "295590", "values": [{"date": "2023-01-31-07-00-00", "latency": 3}]}, {"location": {"country_code": "eg"}, "game_id": "295590", "values": [{"date": "2023-02-01-01-00-00", "latency": 1}, {"date": "2023-01-31-13-00-00", "latency": 105}, {"date": "2023-01-31-13-00-00", "latency": 105}, {"date": "2023-01-31-22-00-00", "latency": 81}]}, {"location": {"country_code": "th"}, "game_id": "295590", "values": [{"date": "2023-01-31-22-00-00", "latency": 169}, {"date": "2023-01-31-22-00-00", "latency": 169}, {"date": "2023-01-31-22-00-00", "latency": 169}, {"date": "2023-01-31-22-00-00", "latency": 169}, {"date": "2023-01-31-22-00-00", "latency": 169}, {"date": "2023-01-31-22-00-00", "latency": 169}, {"date": "2023-01-31-22-00-00", "latency": 169}, {"date": "2023-01-31-22-00-00", "latency": 169}, {"date": "2023-01-31-22-00-00", "latency": 169}, {"date": "2023-01-31-22-00-00", "latency": 169}, {"date": "2023-01-31-22-00-00", "latency": 169}, {"date": "2023-01-31-22-00-00", "latency": 169}, {"date": "2023-01-31-22-00-00", "latency": 169}]}, {"location": {"country_code": "gr"}, "game_id": "295590", "values": [{"date": "2023-01-31-18-00-00", "latency": 8}, {"date": "2023-01-31-18-00-00", "latency": 8}, {"date": "2023-01-31-23-00-00", "latency": 5}]}, {"location": {"country_code": "nl"}, "game_id": "295590", "values": [{"date": "2023-01-31-02-00-00", "latency": 0}, {"date": "2023-01-31-02-00-00", "latency": 0}, {"date": "2023-01-31-02-00-00", "latency": 0}]}, {"location": {"country_code": "it"}, "game_id": "295590", "values": [{"date": "2023-01-31-21-00-00", "latency": 8}]}, {"location": {"country_code": "za"}, "game_id": "295590", "values": [{"date": "2023-01-31-14-00-00", "latency": 176}, {"date": "2023-01-31-14-00-00", "latency": 176}, {"date": "2023-01-31-14-00-00", "latency": 176}, {"date": "2023-01-31-14-00-00", "latency": 176}, {"date": "2023-01-31-07-00-00", "latency": 9}, {"date": "2023-01-31-20-00-00", "latency": 142}, {"date": "2023-01-31-20-00-00", "latency": 142}, {"date": "2023-01-31-20-00-00", "latency": 142}, {"date": "2023-01-31-20-00-00", "latency": 142}, {"date": "2023-01-31-20-00-00", "latency": 142}]}, {"location": {"country_code": "jp"}, "game_id": "295590", "values": [{"date": "2023-01-31-22-00-00", "latency": 2}, {"date": "2023-01-31-22-00-00", "latency": 1}, {"date": "2023-01-31-21-00-00", "latency": 38}, {"date": "2023-01-31-21-00-00", "latency": 38}, {"date": "2023-01-31-21-00-00", "latency": 38}, {"date": "2023-01-31-21-00-00", "latency": 38}, {"date": "2023-01-31-21-00-00", "latency": 38}, {"date": "2023-01-31-07-00-00", "latency": 0}, {"date": "2023-01-31-07-00-00", "latency": 0}, {"date": "2023-01-31-07-00-00", "latency": 0}, {"date": "2023-01-31-18-00-00", "latency": 5}, {"date": "2023-01-31-18-00-00", "latency": 5}, {"date": "2023-01-31-18-00-00", "latency": 5}, {"date": "2023-01-31-18-00-00", "latency": 5}, {"date": "2023-01-31-18-00-00", "latency": 5}]}, {"location": {"country_code": "ca"}, "game_id": "295590", "values": [{"date": "2023-01-31-06-00-00", "latency": 2}, {"date": "2023-01-31-06-00-00", "latency": 2}, {"date": "2023-01-31-06-00-00", "latency": 2}, {"date": "2023-01-31-06-00-00", "latency": 2}, {"date": "2023-01-31-06-00-00", "latency": 2}, {"date": "2023-01-31-06-00-00", "latency": 2}, {"date": "2023-01-31-21-00-00", "latency": 14}, {"date": "2023-01-31-21-00-00", "latency": 14}, {"date": "2023-01-31-06-00-00", "latency": 8}, {"date": "2023-01-31-06-00-00", "latency": 8}]}, {"location": {"country_code": "ch"}, "game_id": "295590", "values": [{"date": "2023-01-31-21-00-00", "latency": 40}, {"date": "2023-01-31-21-00-00", "latency": 40}, {"date": "2023-01-31-21-00-00", "latency": 40}, {"date": "2023-01-31-21-00-00", "latency": 40}]}, {"location": {"country_code": "de"}, "game_id": "295590", "values": [{"date": "2023-01-31-21-00-00", "latency": 16}, {"date": "2023-01-31-21-00-00", "latency": 16}, {"date": "2023-01-31-21-00-00", "latency": 16}, {"date": "2023-01-31-21-00-00", "latency": 16}, {"date": "2023-01-31-21-00-00", "latency": 16}, {"date": "2023-01-31-21-00-00", "latency": 16}, {"date": "2023-01-31-09-00-00", "latency": 0}, {"date": "2023-01-31-09-00-00", "latency": 0}, {"date": "2023-01-31-19-00-00", "latency": 9}, {"date": "2023-01-31-18-00-00", "latency": 6}, {"date": "2023-01-31-18-00-00", "latency": 6}, {"date": "2023-01-31-21-00-00", "latency": 3}, {"date": "2023-01-31-22-00-00", "latency": 5}, {"date": "2023-01-31-22-00-00", "latency": 5}, {"date": "2023-01-31-22-00-00", "latency": 5}]}, {"location": {"country_code": "tw"}, "game_id": "295590", "values": [{"date": "2023-01-31-06-00-00", "latency": 0}, {"date": "2023-01-31-06-00-00", "latency": 0}, {"date": "2023-01-31-13-00-00", "latency": 9}, {"date": "2023-01-31-03-00-00", "latency": 8}, {"date": "2023-01-31-03-00-00", "latency": 8}, {"date": "2023-01-31-03-00-00", "latency": 8}, {"date": "2023-01-31-03-00-00", "latency": 8}, {"date": "2023-01-31-03-00-00", "latency": 8}, {"date": "2023-01-31-03-00-00", "latency": 8}, {"date": "2023-01-31-03-00-00", "latency": 8}, {"date": "2023-01-31-03-00-00", "latency": 8}, {"date": "2023-01-31-03-00-00", "latency": 8}, {"date": "2023-01-31-03-00-00", "latency": 8}, {"date": "2023-01-31-03-00-00", "latency": 8}, {"date": "2023-01-31-03-00-00", "latency": 8}, {"date": "2023-01-31-03-00-00", "latency": 8}, {"date": "2023-01-31-03-00-00", "latency": 8}, {"date": "2023-01-31-03-00-00", "latency": 8}, {"date": "2023-01-31-03-00-00", "latency": 8}, {"date": "2023-01-31-03-00-00", "latency": 8}, {"date": "2023-01-31-03-00-00", "latency": 8}]}, {"location": {"country_code": "br", "region": "Parana", "city": "Araucaria"}, "game_id": "295590", "values": [{"date": "2023-01-31-13-00-00", "latency": 28}]}, {"location": {"country_code": "gb", "region": "England"}, "game_id": "295590", "values": [{"date": "2023-01-31-22-00-00", "latency": 4}, {"date": "2023-01-31-04-00-00", "latency": 9}, {"date": "2023-01-31-20-00-00", "latency": 2}]}, {"location": {"country_code": "es", "region": "Madrid"}, "game_id": "295590", "values": [{"date": "2023-01-31-16-00-00", "latency": 2}]}, {"location": {"country_code": "cl"}, "game_id": "295590", "values": [{"date": "2023-01-31-03-00-00", "latency": 2}, {"date": "2023-01-31-05-00-00", "latency": 8}, {"date": "2023-02-01-01-00-00", "latency": 0}, {"date": "2023-01-31-02-00-00", "latency": 2}, {"date": "2023-01-31-10-00-00", "latency": 3}, {"date": "2023-01-31-10-00-00", "latency": 3}]}, {"location": {"country_code": "au", "region": "New South Wales", "city": "Sydney"}, "game_id": "295590", "values": [{"date": "2023-01-31-11-00-00", "latency": 17}, {"date": "2023-01-31-11-00-00", "latency": 17}, {"date": "2023-01-31-11-00-00", "latency": 17}]}, {"location": {"country_code": "us", "region": "Florida"}, "game_id": "295590", "values": [{"date": "2023-02-01-00-00-00", "latency": 1}, {"date": "2023-02-01-00-00-00", "latency": 1}, {"date": "2023-02-01-00-00-00", "latency": 1}, {"date": "2023-01-31-04-00-00", "latency": 5}, {"date": "2023-01-31-04-00-00", "latency": 5}, {"date": "2023-01-31-20-00-00", "latency": 3}, {"date": "2023-01-31-20-00-00", "latency": 3}]}, {"location": {"country_code": "ph"}, "game_id": "295590", "values": [{"date": "2023-01-31-16-00-00", "latency": 0}, {"date": "2023-01-31-08-00-00", "latency": 1}, {"date": "2023-01-31-08-00-00", "latency": 1}]}, {"location": {"country_code": "us", "region": "Kansas"}, "game_id": "295590", "values": [{"date": "2023-01-31-22-00-00", "latency": 3}]}, {"location": {"country_code": "fr"}, "game_id": "295590", "values": [{"date": "2023-01-31-23-00-00", "latency": 11}, {"date": "2023-01-31-14-00-00", "latency": 14}, {"date": "2023-01-31-14-00-00", "latency": 14}, {"date": "2023-01-31-02-00-00", "latency": 8}, {"date": "2023-01-31-02-00-00", "latency": 1}]}, {"location": {"country_code": "us", "region": "Ohio"}, "game_id": "295590", "values": [{"date": "2023-02-01-01-00-00", "latency": 3}, {"date": "2023-02-01-01-00-00", "latency": 3}]}, {"location": {"country_code": "mx", "region": "Mexico City"}, "game_id": "295590", "values": [{"date": "2023-01-31-07-00-00", "latency": 3}, {"date": "2023-01-31-07-00-00", "latency": 3}, {"date": "2023-01-31-06-00-00", "latency": 5}, {"date": "2023-01-31-23-00-00", "latency": 1}]}, {"location": {"country_code": "us", "region": "California"}, "game_id": "295590", "values": [{"date": "2023-01-31-04-00-00", "latency": 3}, {"date": "2023-01-31-04-00-00", "latency": 1283}, {"date": "2023-01-31-10-00-00", "latency": 0}, {"date": "2023-01-31-10-00-00", "latency": 0}, {"date": "2023-01-31-10-00-00", "latency": 0}, {"date": "2023-01-31-14-00-00", "latency": 0}, {"date": "2023-01-31-22-00-00", "latency": 3}, {"date": "2023-01-31-23-00-00", "latency": 12}, {"date": "2023-01-31-23-00-00", "latency": 12}, {"date": "2023-01-31-02-00-00", "latency": 8}]}, {"location": {"country_code": "rs"}, "game_id": "295590", "values": [{"date": "2023-01-31-14-00-00", "latency": 5}]}, {"location": {"country_code": "br"}, "game_id": "295590", "values": [{"date": "2023-01-31-06-00-00", "latency": 1}, {"date": "2023-01-31-20-00-00", "latency": 9}, {"date": "2023-01-31-21-00-00", "latency": 2}, {"date": "2023-01-31-10-00-00", "latency": 0}, {"date": "2023-01-31-16-00-00", "latency": 3}, {"date": "2023-02-01-00-00-00", "latency": 1}, {"date": "2023-01-31-13-00-00", "latency": 3}, {"date": "2023-01-31-22-00-00", "latency": 0}, {"date": "2023-01-31-22-00-00", "latency": 0}, {"date": "2023-01-31-02-00-00", "latency": 3}, {"date": "2023-01-31-14-00-00", "latency": 4}, {"date": "2023-01-31-05-00-00", "latency": 7}, {"date": "2023-01-31-02-00-00", "latency": 4}, {"date": "2023-01-31-05-00-00", "latency": 0}, {"date": "2023-01-31-03-00-00", "latency": 0}, {"date": "2023-02-01-00-00-00", "latency": 3}, {"date": "2023-01-31-02-00-00", "latency": 20}, {"date": "2023-01-31-02-00-00", "latency": 20}, {"date": "2023-01-31-02-00-00", "latency": 20}]}, {"location": {"country_code": "br", "region": "Sao Paulo", "city": "Apiai"}, "game_id": "295590", "values": [{"date": "2023-01-31-21-00-00", "latency": 1}, {"date": "2023-01-31-01-00-00", "latency": 19}, {"date": "2023-01-31-21-00-00", "latency": 0}]}, {"location": {"country_code": "se"}, "game_id": "295590", "values": [{"date": "2023-02-01-00-00-00", "latency": 7}, {"date": "2023-01-31-22-00-00", "latency": 2}]}, {"location": {"country_code": "no"}, "game_id": "295590", "values": [{"date": "2023-01-31-20-00-00", "latency": 2}]}, {"location": {"country_code": "us", "region": "California", "city": "East Los Angeles"}, "game_id": "295590", "values": [{"date": "2023-01-31-07-00-00", "latency": 7}, {"date": "2023-01-31-07-00-00", "latency": 7}, {"date": "2023-01-31-10-00-00", "latency": 4}, {"date": "2023-01-31-08-00-00", "latency": 10}]}, {"location": {"country_code": "ca", "region": "British Columbia", "city": "Richmond"}, "game_id": "295590", "values": [{"date": "2023-01-31-22-00-00", "latency": 5}]}, {"location": {"country_code": "ec"}, "game_id": "295590", "values": [{"date": "2023-01-31-06-00-00", "latency": 63}, {"date": "2023-01-31-06-00-00", "latency": 63}, {"date": "2023-01-31-06-00-00", "latency": 63}, {"date": "2023-01-31-08-00-00", "latency": 62}, {"date": "2023-01-31-08-00-00", "latency": 62}, {"date": "2023-01-31-08-00-00", "latency": 62}, {"date": "2023-01-31-08-00-00", "latency": 62}]}, {"location": {"country_code": "au"}, "game_id": "295590", "values": [{"date": "2023-01-31-11-00-00", "latency": 3}, {"date": "2023-01-31-15-00-00", "latency": 1}]}, {"location": {"country_code": "br", "region": "Rio Grande do Sul", "city": "Porto Alegre"}, "game_id": "295590", "values": [{"date": "2023-02-01-01-00-00", "latency": 6}]}, {"location": {"country_code": "td"}, "game_id": "295590", "values": [{"date": "2023-01-31-07-00-00", "latency": 4}]}, {"location": {"country_code": "us", "region": "Texas", "city": "Austin"}, "game_id": "295590", "values": [{"date": "2023-01-31-13-00-00", "latency": 1}]}, {"location": {"country_code": "dk"}, "game_id": "295590", "values": [{"date": "2023-01-31-02-00-00", "latency": 4}, {"date": "2023-01-31-17-00-00", "latency": 6}]}, {"location": {"country_code": "tr"}, "game_id": "295590", "values": [{"date": "2023-01-31-13-00-00", "latency": 4}, {"date": "2023-01-31-22-00-00", "latency": 2}, {"date": "2023-01-31-20-00-00", "latency": 6}]}, {"location": {"country_code": "ca", "region": "Ontario"}, "game_id": "295590", "values": [{"date": "2023-01-31-08-00-00", "latency": 1}, {"date": "2023-01-31-08-00-00", "latency": 1}]}, {"location": {"country_code": "kr"}, "game_id": "295590", "values": [{"date": "2023-02-01-00-00-00", "latency": 1539}]}, {"location": {"country_code": "us", "region": "Pennsylvania", "city": "Philadelphia"}, "game_id": "295590", "values": [{"date": "2023-01-31-01-00-00", "latency": 8}, {"date": "2023-01-31-01-00-00", "latency": 8}]}, {"location": {"country_code": "es"}, "game_id": "295590", "values": [{"date": "2023-01-31-01-00-00", "latency": 0}, {"date": "2023-01-31-16-00-00", "latency": 4}, {"date": "2023-01-31-16-00-00", "latency": 4}, {"date": "2023-02-01-00-00-00", "latency": 3}, {"date": "2023-01-31-21-00-00", "latency": 4}]}, {"location": {"country_code": "ar"}, "game_id": "295590", "values": [{"date": "2023-01-31-09-00-00", "latency": 62}, {"date": "2023-01-31-09-00-00", "latency": 62}, {"date": "2023-01-31-07-00-00", "latency": 3}, {"date": "2023-01-31-08-00-00", "latency": 31}, {"date": "2023-01-31-08-00-00", "latency": 31}, {"date": "2023-01-31-22-00-00", "latency": 2}, {"date": "2023-01-31-20-00-00", "latency": 2}, {"date": "2023-01-31-22-00-00", "latency": 7}, {"date": "2023-01-31-22-00-00", "latency": 7}, {"date": "2023-01-31-22-00-00", "latency": 7}, {"date": "2023-01-31-12-00-00", "latency": 3}, {"date": "2023-01-31-12-00-00", "latency": 3}, {"date": "2023-01-31-12-00-00", "latency": 3}, {"date": "2023-01-31-12-00-00", "latency": 3}, {"date": "2023-01-31-07-00-00", "latency": 3}, {"date": "2023-01-31-04-00-00", "latency": 3}, {"date": "2023-01-31-21-00-00", "latency": 2}, {"date": "2023-01-31-21-00-00", "latency": 2}, {"date": "2023-01-31-19-00-00", "latency": 1}, {"date": "2023-01-31-04-00-00", "latency": 4}]}, {"location": {"country_code": "ar", "region": "Cordoba Province", "city": "Rio Cuarto"}, "game_id": "295590", "values": [{"date": "2023-01-31-14-00-00", "latency": 3}, {"date": "2023-01-31-14-00-00", "latency": 3}, {"date": "2023-01-31-14-00-00", "latency": 3}, {"date": "2023-01-31-14-00-00", "latency": 3}, {"date": "2023-01-31-14-00-00", "latency": 3}, {"date": "2023-01-31-14-00-00", "latency": 3}, {"date": "2023-01-31-14-00-00", "latency": 3}, {"date": "2023-01-31-09-00-00", "latency": 3}, {"date": "2023-01-31-09-00-00", "latency": 3}]}, {"location": {"country_code": "ar", "region": "Buenos Aires", "city": "Berazategui"}, "game_id": "295590", "values": [{"date": "2023-01-31-04-00-00", "latency": 3}]}, {"location": {"country_code": "ar", "region": "Buenos Aires F.D.", "city": "Bahia Blanca"}, "game_id": "295590", "values": [{"date": "2023-01-31-06-00-00", "latency": 8}, {"date": "2023-01-31-19-00-00", "latency": 15}, {"date": "2023-01-31-19-00-00", "latency": 15}, {"date": "2023-01-31-19-00-00", "latency": 15}, {"date": "2023-01-31-03-00-00", "latency": 4}, {"date": "2023-01-31-18-00-00", "latency": 4}, {"date": "2023-01-31-09-00-00", "latency": 1}]}, {"location": {"country_code": "us", "region": "Hawaii"}, "game_id": "295590", "values": [{"date": "2023-01-31-09-00-00", "latency": 5}]}, {"location": {"country_code": "us", "region": "Texas", "city": "Houston"}, "game_id": "295590", "values": [{"date": "2023-02-01-01-00-00", "latency": 89}]}, {"location": {"country_code": "us", "region": "Alaska"}, "game_id": "295590", "values": [{"date": "2023-01-31-07-00-00", "latency": 10}, {"date": "2023-01-31-07-00-00", "latency": 10}]}, {"location": {"country_code": "us", "region": "South Carolina", "city": "Rock Hill"}, "game_id": "295590", "values": [{"date": "2023-01-31-03-00-00", "latency": 0}]}, {"location": {"country_code": "mx", "region": "Puebla"}, "game_id": "295590", "values": [{"date": "2023-01-31-04-00-00", "latency": 6}]}, {"location": {"country_code": "co"}, "game_id": "295590", "values": [{"date": "2023-01-31-03-00-00", "latency": 4}, {"date": "2023-01-31-20-00-00", "latency": 1}, {"date": "2023-01-31-02-00-00", "latency": 10}, {"date": "2023-02-01-00-00-00", "latency": 61}, {"date": "2023-02-01-00-00-00", "latency": 61}, {"date": "2023-02-01-00-00-00", "latency": 61}, {"date": "2023-02-01-00-00-00", "latency": 61}, {"date": "2023-02-01-00-00-00", "latency": 61}, {"date": "2023-02-01-00-00-00", "latency": 61}, {"date": "2023-01-31-01-00-00", "latency": 5}, {"date": "2023-01-31-01-00-00", "latency": 6}, {"date": "2023-02-01-01-00-00", "latency": 6}, {"date": "2023-02-01-01-00-00", "latency": 6}, {"date": "2023-02-01-01-00-00", "latency": 6}, {"date": "2023-02-01-01-00-00", "latency": 6}, {"date": "2023-02-01-01-00-00", "latency": 6}]}, {"location": {"country_code": "co", "region": "Huila", "city": "Neiva"}, "game_id": "295590", "values": [{"date": "2023-01-31-04-00-00", "latency": 6}]}, {"location": {"country_code": "at"}, "game_id": "295590", "values": [{"date": "2023-01-31-13-00-00", "latency": 5}, {"date": "2023-01-31-13-00-00", "latency": 5}]}, {"location": {"country_code": "us", "region": "Arizona"}, "game_id": "295590", "values": [{"date": "2023-01-31-19-00-00", "latency": 3}]}, {"location": {"country_code": "ve"}, "game_id": "295590", "values": [{"date": "2023-01-31-23-00-00", "latency": 36}, {"date": "2023-01-31-01-00-00", "latency": 8}]}, {"location": {"country_code": "pl"}, "game_id": "295590", "values": [{"date": "2023-01-31-20-00-00", "latency": 5}, {"date": "2023-01-31-22-00-00", "latency": 4}, {"date": "2023-01-31-20-00-00", "latency": 1}, {"date": "2023-01-31-21-00-00", "latency": 4}, {"date": "2023-01-31-21-00-00", "latency": 4}, {"date": "2023-01-31-21-00-00", "latency": 4}, {"date": "2023-01-31-21-00-00", "latency": 4}, {"date": "2023-01-31-21-00-00", "latency": 4}, {"date": "2023-01-31-21-00-00", "latency": 4}, {"date": "2023-01-31-21-00-00", "latency": 4}, {"date": "2023-01-31-18-00-00", "latency": 4}, {"date": "2023-01-31-18-00-00", "latency": 4}, {"date": "2023-01-31-21-00-00", "latency": 0}, {"date": "2023-01-31-02-00-00", "latency": 0}, {"date": "2023-01-31-07-00-00", "latency": 1}, {"date": "2023-02-01-01-00-00", "latency": 2}, {"date": "2023-02-01-01-00-00", "latency": 2}]}, {"location": {"country_code": "gb", "region": "England", "city": "London"}, "game_id": "295590", "values": [{"date": "2023-01-31-23-00-00", "latency": 1}]}, {"location": {"country_code": "ie"}, "game_id": "295590", "values": [{"date": "2023-01-31-22-00-00", "latency": 11}]}, {"location": {"country_code": "br", "region": "Minas Gerais"}, "game_id": "295590", "values": [{"date": "2023-01-31-01-00-00", "latency": 10}, {"date": "2023-01-31-01-00-00", "latency": 10}]}, {"location": {"country_code": "fr", "region": "Occitanie", "city": "Toulouse"}, "game_id": "295590", "values": [{"date": "2023-01-31-17-00-00", "latency": 4}, {"date": "2023-01-31-22-00-00", "latency": 0}]}, {"location": {"country_code": "tr", "region": "Marmara Bolgesi", "city": "Istanbul"}, "game_id": "295590", "values": [{"date": "2023-01-31-19-00-00", "latency": 3}, {"date": "2023-01-31-19-00-00", "latency": 3}, {"date": "2023-01-31-19-00-00", "latency": 3}, {"date": "2023-01-31-19-00-00", "latency": 3}, {"date": "2023-01-31-19-00-00", "latency": 3}, {"date": "2023-01-31-19-00-00", "latency": 3}, {"date": "2023-01-31-19-00-00", "latency": 3}, {"date": "2023-01-31-19-00-00", "latency": 3}, {"date": "2023-01-31-19-00-00", "latency": 3}, {"date": "2023-01-31-19-00-00", "latency": 3}, {"date": "2023-01-31-19-00-00", "latency": 3}, {"date": "2023-01-31-19-00-00", "latency": 3}, {"date": "2023-01-31-19-00-00", "latency": 3}, {"date": "2023-01-31-19-00-00", "latency": 3}, {"date": "2023-01-31-19-00-00", "latency": 3}, {"date": "2023-01-31-19-00-00", "latency": 0}]}, {"location": {"country_code": "do"}, "game_id": "295590", "values": [{"date": "2023-01-31-23-00-00", "latency": 48}, {"date": "2023-01-31-23-00-00", "latency": 48}, {"date": "2023-01-31-23-00-00", "latency": 48}, {"date": "2023-01-31-23-00-00", "latency": 48}, {"date": "2023-01-31-23-00-00", "latency": 48}, {"date": "2023-01-31-23-00-00", "latency": 48}]}, {"location": {"country_code": "br", "region": "Santa Catarina", "city": "Palhoca"}, "game_id": "295590", "values": [{"date": "2023-01-31-14-00-00", "latency": 4}]}, {"location": {"country_code": "id"}, "game_id": "295590", "values": [{"date": "2023-01-31-19-00-00", "latency": 41}]}, {"location": {"country_code": "us", "region": "Illinois"}, "game_id": "295590", "values": [{"date": "2023-01-31-08-00-00", "latency": 1646}]}, {"location": {"country_code": "us", "region": "Wisconsin"}, "game_id": "295590", "values": [{"date": "2023-01-31-12-00-00", "latency": 0}]}, {"location": {"country_code": "us", "region": "Pennsylvania"}, "game_id": "295590", "values": [{"date": "2023-01-31-07-00-00", "latency": 1207}]}, {"location": {"country_code": "mx", "region": "Nuevo Leon", "city": "Monterrey"}, "game_id": "295590", "values": [{"date": "2023-01-31-06-00-00", "latency": 5}]}, {"location": {"country_code": "mx", "region": "Tabasco", "city": "Villahermosa"}, "game_id": "295590", "values": [{"date": "2023-01-31-19-00-00", "latency": 2}]}, {"location": {"country_code": "sk"}, "game_id": "295590", "values": [{"date": "2023-01-31-16-00-00", "latency": 22}, {"date": "2023-01-31-16-00-00", "latency": 22}, {"date": "2023-01-31-16-00-00", "latency": 22}, {"date": "2023-01-31-16-00-00", "latency": 22}]}, {"location": {"country_code": "co", "region": "El Valle", "city": "Cali"}, "game_id": "295590", "values": [{"date": "2023-01-31-06-00-00", "latency": 0}]}, {"location": {"country_code": "tr", "region": "Marmara Bolgesi", "city": "Bursa"}, "game_id": "295590", "values": [{"date": "2023-01-31-14-00-00", "latency": 17}, {"date": "2023-01-31-21-00-00", "latency": 38}, {"date": "2023-01-31-21-00-00", "latency": 38}, {"date": "2023-01-31-21-00-00", "latency": 38}]}, {"location": {"country_code": "us", "region": "New Hampshire"}, "game_id": "295590", "values": [{"date": "2023-01-31-07-00-00", "latency": 3}]}, {"location": {"country_code": "us", "region": "Kentucky"}, "game_id": "295590", "values": [{"date": "2023-01-31-18-00-00", "latency": 3}]}, {"location": {"country_code": "uy", "region": "Montevideo Department", "city": "Montevideo"}, "game_id": "295590", "values": [{"date": "2023-02-01-00-00-00", "latency": 3}]}, {"location": {"country_code": "uy"}, "game_id": "295590", "values": [{"date": "2023-01-31-22-00-00", "latency": 3}]}, {"location": {"country_code": "uy", "region": "Rivera Department", "city": "Rivera"}, "game_id": "295590", "values": [{"date": "2023-01-31-19-00-00", "latency": 15}]}, {"location": {"country_code": "us", "region": "Louisiana", "city": "New Orleans"}, "game_id": "295590", "values": [{"date": "2023-01-31-15-00-00", "latency": 14}, {"date": "2023-01-31-15-00-00", "latency": 14}, {"date": "2023-01-31-15-00-00", "latency": 14}, {"date": "2023-01-31-15-00-00", "latency": 14}, {"date": "2023-01-31-15-00-00", "latency": 14}]}, {"location": {"country_code": "sv"}, "game_id": "295590", "values": [{"date": "2023-01-31-02-00-00", "latency": 4}, {"date": "2023-01-31-21-00-00", "latency": 2}]}, {"location": {"country_code": "fr", "region": "Ile-de-France Region", "city": "Paris"}, "game_id": "295590", "values": [{"date": "2023-01-31-22-00-00", "latency": 0}]}, {"location": {"country_code": "ca", "region": "Quebec", "city": "Montreal"}, "game_id": "295590", "values": [{"date": "2023-01-31-15-00-00", "latency": 5}]}, {"location": {"country_code": "br", "region": "Parana"}, "game_id": "295590", "values": [{"date": "2023-01-31-03-00-00", "latency": 2}]}, {"location": {"country_code": "us", "region": "Colorado", "city": "Denver"}, "game_id": "295590", "values": [{"date": "2023-01-31-06-00-00", "latency": 3}]}, {"location": {"country_code": "pe", "region": "Lima region", "city": "Lima"}, "game_id": "295590", "values": [{"date": "2023-01-31-07-00-00", "latency": 9}]}, {"location": {"country_code": "pt", "region": "Lisbon District", "city": "Amadora"}, "game_id": "295590", "values": [{"date": "2023-01-31-21-00-00", "latency": 6}, {"date": "2023-01-31-21-00-00", "latency": 6}]}, {"location": {"country_code": "us", "region": "Texas", "city": "Irving"}, "game_id": "295590", "values": [{"date": "2023-01-31-03-00-00", "latency": 6}, {"date": "2023-01-31-03-00-00", "latency": 6}, {"date": "2023-01-31-03-00-00", "latency": 6}, {"date": "2023-01-31-03-00-00", "latency": 6}, {"date": "2023-01-31-03-00-00", "latency": 6}]}, {"location": {"country_code": "fr", "region": "Alvernia-Rodano-Alpi", "city": "Lyon"}, "game_id": "295590", "values": [{"date": "2023-01-31-12-00-00", "latency": 1}]}, {"location": {"country_code": "au", "region": "Queensland", "city": "Brisbane"}, "game_id": "295590", "values": [{"date": "2023-01-31-15-00-00", "latency": 9}]}, {"location": {"country_code": "de", "region": "Lower Saxony"}, "game_id": "295590", "values": [{"date": "2023-02-01-00-00-00", "latency": 5}, {"date": "2023-02-01-00-00-00", "latency": 5}]}, {"location": {"country_code": "us", "region": "State of Wyoming"}, "game_id": "295590", "values": [{"date": "2023-01-31-21-00-00", "latency": 61}]}, {"location": {"country_code": "fr", "region": "Nord-Passo di Calais-Piccardia", "city": "Lille"}, "game_id": "295590", "values": [{"date": "2023-01-31-23-00-00", "latency": 1}]}, {"location": {"country_code": "ca", "region": "Alberta", "city": "Calgary"}, "game_id": "295590", "values": [{"date": "2023-01-31-10-00-00", "latency": 5}]}, {"location": {"country_code": "br", "region": "Rio Grande do Norte", "city": "Natal"}, "game_id": "295590", "values": [{"date": "2023-02-01-00-00-00", "latency": 4}]}, {"location": {"country_code": "us", "region": "Oregon", "city": "Eugene"}, "game_id": "295590", "values": [{"date": "2023-01-31-03-00-00", "latency": 8}]}, {"location": {"country_code": "es", "region": "Castille-La Mancha", "city": "Puertollano"}, "game_id": "295590", "values": [{"date": "2023-01-31-22-00-00", "latency": 17}]}, {"location": {"country_code": "dj"}, "game_id": "295590", "values": [{"date": "2023-01-31-21-00-00", "latency": 0}]}, {"location": {"country_code": "br", "region": "Minas Gerais", "city": "Ituiutaba"}, "game_id": "295590", "values": [{"date": "2023-01-31-18-00-00", "latency": 7}, {"date": "2023-01-31-18-00-00", "latency": 7}]}, {"location": {"country_code": "de", "region": "Bavaria", "city": "Munich"}, "game_id": "295590", "values": [{"date": "2023-01-31-17-00-00", "latency": 1}]}, {"location": {"country_code": "br", "region": "Sao Paulo", "city": "Santa Cruz das Palmeiras"}, "game_id": "295590", "values": [{"date": "2023-01-31-02-00-00", "latency": 18}, {"date": "2023-01-31-02-00-00", "latency": 18}, {"date": "2023-01-31-02-00-00", "latency": 18}, {"date": "2023-01-31-17-00-00", "latency": 5}]}, {"location": {"country_code": "us", "region": "Montana"}, "game_id": "295590", "values": [{"date": "2023-01-31-01-00-00", "latency": 64}, {"date": "2023-01-31-01-00-00", "latency": 64}, {"date": "2023-01-31-01-00-00", "latency": 64}, {"date": "2023-01-31-01-00-00", "latency": 64}, {"date": "2023-01-31-01-00-00", "latency": 64}]}, {"location": {"country_code": "es", "region": "Valencia", "city": "Gandia"}, "game_id": "295590", "values": [{"date": "2023-01-31-22-00-00", "latency": 3}]}, {"location": {"country_code": "br", "region": "Amazonas", "city": "Manaus"}, "game_id": "295590", "values": [{"date": "2023-01-31-02-00-00", "latency": 1}, {"date": "2023-02-01-01-00-00", "latency": 7}]}, {"location": {"country_code": "es", "region": "Valencia", "city": "Elx / Elche"}, "game_id": "295590", "values": [{"date": "2023-01-31-13-00-00", "latency": 4}]}, {"location": {"country_code": "cl", "region": "Region of Magallanes", "city": "Punta Arenas"}, "game_id": "295590", "values": [{"date": "2023-01-31-20-00-00", "latency": 4}]}, {"location": {"country_code": "es", "region": "Andalusia", "city": "Marbella"}, "game_id": "295590", "values": [{"date": "2023-01-31-20-00-00", "latency": 3}, {"date": "2023-01-31-20-00-00", "latency": 4}, {"date": "2023-01-31-20-00-00", "latency": 4}]}, {"location": {"country_code": "br", "region": "Sao Paulo", "city": "Barretos"}, "game_id": "295590", "values": [{"date": "2023-01-31-02-00-00", "latency": 32}]}, {"location": {"country_code": "pl", "region": "Masovian Voivodeship", "city": "Warsaw"}, "game_id": "295590", "values": [{"date": "2023-01-31-21-00-00", "latency": 8}]}, {"location": {"country_code": "se", "region": "Uppsala County", "city": "Uppsala"}, "game_id": "295590", "values": [{"date": "2023-01-31-17-00-00", "latency": 2}, {"date": "2023-01-31-17-00-00", "latency": 2}, {"date": "2023-01-31-17-00-00", "latency": 2}, {"date": "2023-01-31-17-00-00", "latency": 2}, {"date": "2023-01-31-17-00-00", "latency": 2}]}, {"location": {"country_code": "br", "region": "Sao Paulo", "city": "Birigui"}, "game_id": "295590", "values": [{"date": "2023-01-31-20-00-00", "latency": 4}]}, {"location": {"country_code": "br", "region": "Minas Gerais", "city": "Uba"}, "game_id": "295590", "values": [{"date": "2023-02-01-01-00-00", "latency": 1}]}, {"location": {"country_code": "tr", "region": "Akdeniz Bolgesi", "city": "Antalya"}, "game_id": "295590", "values": [{"date": "2023-01-31-06-00-00", "latency": 3}]}, {"location": {"country_code": "it", "region": "Lombardy", "city": "Milan"}, "game_id": "295590", "values": [{"date": "2023-01-31-12-00-00", "latency": 13}, {"date": "2023-01-31-12-00-00", "latency": 13}, {"date": "2023-01-31-12-00-00", "latency": 13}, {"date": "2023-01-31-12-00-00", "latency": 13}, {"date": "2023-01-31-12-00-00", "latency": 13}, {"date": "2023-01-31-12-00-00", "latency": 13}]}, {"location": {"country_code": "pt", "region": "Viseu District", "city": "Santa Comba Dao"}, "game_id": "295590", "values": [{"date": "2023-01-31-22-00-00", "latency": 3}]}, {"location": {"country_code": "jo"}, "game_id": "295590", "values": [{"date": "2023-01-31-14-00-00", "latency": 50}, {"date": "2023-01-31-14-00-00", "latency": 50}, {"date": "2023-01-31-14-00-00", "latency": 50}]}, {"location": {"country_code": "uy", "region": "Salto Department", "city": "Salto"}, "game_id": "295590", "values": [{"date": "2023-01-31-03-00-00", "latency": 0}]}, {"location": {"country_code": "fr", "region": "Centre-Val de Loire", "city": "Orleans"}, "game_id": "295590", "values": [{"date": "2023-01-31-01-00-00", "latency": 2}]}, {"location": {"country_code": "ma"}, "game_id": "295590", "values": [{"date": "2023-02-01-00-00-00", "latency": 3}, {"date": "2023-02-01-00-00-00", "latency": 3}]}, {"location": {"country_code": "br", "region": "Paraiba", "city": "Santa Rita"}, "game_id": "295590", "values": [{"date": "2023-01-31-16-00-00", "latency": 8}, {"date": "2023-01-31-16-00-00", "latency": 8}]}, {"location": {"country_code": "tt"}, "game_id": "295590", "values": [{"date": "2023-01-31-04-00-00", "latency": 8}]}, {"location": {"country_code": "fr", "region": "Alsazia-Champagne-Ardenne-Lorena", "city": "Nancy"}, "game_id": "295590", "values": [{"date": "2023-01-31-23-00-00", "latency": 2}]}, {"location": {"country_code": "ar", "region": "Salta Province"}, "game_id": "295590", "values": [{"date": "2023-01-31-07-00-00", "latency": 5}, {"date": "2023-01-31-07-00-00", "latency": 5}, {"date": "2023-01-31-07-00-00", "latency": 5}]}, {"location": {"country_code": "mx", "region": "State of Mexico", "city": "Ecatepec"}, "game_id": "295590", "values": [{"date": "2023-01-31-06-00-00", "latency": 0}, {"date": "2023-01-31-06-00-00", "latency": 0}]}, {"location": {"country_code": "pl", "region": "Masovian Voivodeship"}, "game_id": "295590", "values": [{"date": "2023-01-31-16-00-00", "latency": 7}]}, {"location": {"country_code": "br", "region": "Paraiba"}, "game_id": "295590", "values": [{"date": "2023-01-31-04-00-00", "latency": 5}]}, {"location": {"country_code": "us", "region": "New Jersey", "city": "Jersey City"}, "game_id": "295590", "values": [{"date": "2023-01-31-07-00-00", "latency": 2}]}, {"location": {"country_code": "us", "region": "Alabama", "city": "Montgomery"}, "game_id": "295590", "values": [{"date": "2023-01-31-04-00-00", "latency": 29}, {"date": "2023-01-31-04-00-00", "latency": 29}, {"date": "2023-01-31-04-00-00", "latency": 29}, {"date": "2023-01-31-04-00-00", "latency": 29}, {"date": "2023-01-31-04-00-00", "latency": 29}, {"date": "2023-01-31-04-00-00", "latency": 29}]}, {"location": {"country_code": "br", "region": "Goias", "city": "Luziania"}, "game_id": "295590", "values": [{"date": "2023-02-01-00-00-00", "latency": 2}]}, {"location": {"country_code": "ar", "region": "Pampas", "city": "General Pico"}, "game_id": "295590", "values": [{"date": "2023-01-31-18-00-00", "latency": 3300}, {"date": "2023-01-31-18-00-00", "latency": 3300}, {"date": "2023-01-31-18-00-00", "latency": 3300}, {"date": "2023-01-31-18-00-00", "latency": 3300}, {"date": "2023-01-31-18-00-00", "latency": 3300}, {"date": "2023-01-31-18-00-00", "latency": 3300}, {"date": "2023-01-31-18-00-00", "latency": 3300}]}, {"location": {"country_code": "br", "region": "Estado de Bahia", "city": "Lauro de Freitas"}, "game_id": "295590", "values": [{"date": "2023-01-31-22-00-00", "latency": 3}]}, {"location": {"country_code": "us", "region": "Alabama", "city": "Hanceville"}, "game_id": "295590", "values": [{"date": "2023-01-31-03-00-00", "latency": 9}]}, {"location": {"country_code": "lv", "region": "Vidzeme", "city": "Jurmala"}, "game_id": "295590", "values": [{"date": "2023-01-31-07-00-00", "latency": 7}]}, {"location": {"country_code": "ar", "region": "Santa Fe Province", "city": "Constanza"}, "game_id": "295590", "values": [{"date": "2023-01-31-20-00-00", "latency": 9}]}, {"location": {"country_code": "ro", "region": "Dolj County", "city": "Craiova"}, "game_id": "295590", "values": [{"date": "2023-01-31-03-00-00", "latency": 2}, {"date": "2023-01-31-03-00-00", "latency": 2}]}, {"location": {"country_code": "de", "region": "Hesse", "city": "Ruckingen"}, "game_id": "295590", "values": [{"date": "2023-01-31-16-00-00", "latency": 2}]}, {"location": {"country_code": "za", "region": "Gauteng", "city": "Boksburg"}, "game_id": "295590", "values": [{"date": "2023-02-01-00-00-00", "latency": 170}, {"date": "2023-02-01-00-00-00", "latency": 170}, {"date": "2023-02-01-00-00-00", "latency": 170}]}, {"location": {"country_code": "gb", "region": "England", "city": "Petersfield"}, "game_id": "295590", "values": [{"date": "2023-02-01-00-00-00", "latency": 5}]}, {"location": {"country_code": "de", "region": "Lower Saxony", "city": "Schoningen"}, "game_id": "295590", "values": [{"date": "2023-01-31-02-00-00", "latency": 2}]}], "last_updated": 1719919183.050748}