{"data": [{"location": {"country_code": "mx"}, "game_id": "295590", "values": [{"date": "2023-01-17-05-00-00", "latency": 0}, {"date": "2023-01-17-03-00-00", "latency": 6}, {"date": "2023-01-17-03-00-00", "latency": 6}, {"date": "2023-01-17-02-00-00", "latency": 9}, {"date": "2023-01-17-18-00-00", "latency": 3}, {"date": "2023-01-17-18-00-00", "latency": 3}, {"date": "2023-01-17-15-00-00", "latency": 59}, {"date": "2023-01-17-08-00-00", "latency": 6}, {"date": "2023-01-17-08-00-00", "latency": 6}, {"date": "2023-01-17-04-00-00", "latency": 0}, {"date": "2023-01-17-10-00-00", "latency": 6}, {"date": "2023-01-17-23-00-00", "latency": 3}, {"date": "2023-01-17-22-00-00", "latency": 2}, {"date": "2023-01-17-04-00-00", "latency": 7}, {"date": "2023-01-17-05-00-00", "latency": 8}, {"date": "2023-01-17-04-00-00", "latency": 8}, {"date": "2023-01-17-07-00-00", "latency": 7}, {"date": "2023-01-17-07-00-00", "latency": 7}, {"date": "2023-01-17-07-00-00", "latency": 7}, {"date": "2023-01-17-08-00-00", "latency": 1}, {"date": "2023-01-17-09-00-00", "latency": 1}, {"date": "2023-01-17-05-00-00", "latency": 1}, {"date": "2023-01-17-05-00-00", "latency": 1}, {"date": "2023-01-17-05-00-00", "latency": 1}, {"date": "2023-01-17-07-00-00", "latency": 6}, {"date": "2023-01-17-08-00-00", "latency": 5}, {"date": "2023-01-17-04-00-00", "latency": 8}, {"date": "2023-01-17-11-00-00", "latency": 4}, {"date": "2023-01-17-02-00-00", "latency": 0}, {"date": "2023-01-17-10-00-00", "latency": 24}, {"date": "2023-01-17-03-00-00", "latency": 1}, {"date": "2023-01-17-03-00-00", "latency": 135}]}, {"location": {"country_code": "us"}, "game_id": "295590", "values": [{"date": "2023-01-18-00-00-00", "latency": 58}, {"date": "2023-01-18-00-00-00", "latency": 58}, {"date": "2023-01-18-00-00-00", "latency": 58}, {"date": "2023-01-17-04-00-00", "latency": 9}, {"date": "2023-01-17-12-00-00", "latency": 6}, {"date": "2023-01-17-22-00-00", "latency": 33}, {"date": "2023-01-17-22-00-00", "latency": 33}, {"date": "2023-01-17-22-00-00", "latency": 33}, {"date": "2023-01-17-22-00-00", "latency": 33}, {"date": "2023-01-17-18-00-00", "latency": 4}, {"date": "2023-01-17-22-00-00", "latency": 4}, {"date": "2023-01-17-22-00-00", "latency": 4}, {"date": "2023-01-17-01-00-00", "latency": 3705}, {"date": "2023-01-17-15-00-00", "latency": 2}, {"date": "2023-01-17-20-00-00", "latency": 5}, {"date": "2023-01-17-20-00-00", "latency": 0}, {"date": "2023-01-18-00-00-00", "latency": 3}, {"date": "2023-01-17-06-00-00", "latency": 1}, {"date": "2023-01-17-06-00-00", "latency": 1}, {"date": "2023-01-17-06-00-00", "latency": 1}, {"date": "2023-01-17-06-00-00", "latency": 1}, {"date": "2023-01-17-06-00-00", "latency": 1}, {"date": "2023-01-17-06-00-00", "latency": 1}]}, {"location": {"country_code": "de", "region": "Berlin", "city": "Berlin"}, "game_id": "295590", "values": [{"date": "2023-01-18-00-00-00", "latency": 1}]}, {"location": {"country_code": "us", "region": "California", "city": "East Los Angeles"}, "game_id": "295590", "values": [{"date": "2023-01-18-00-00-00", "latency": 8}, {"date": "2023-01-17-12-00-00", "latency": 2}, {"date": "2023-01-17-12-00-00", "latency": 2}, {"date": "2023-01-17-12-00-00", "latency": 2}, {"date": "2023-01-17-12-00-00", "latency": 2}, {"date": "2023-01-17-07-00-00", "latency": 4}, {"date": "2023-01-17-07-00-00", "latency": 4}]}, {"location": {"country_code": "eg"}, "game_id": "295590", "values": [{"date": "2023-01-17-03-00-00", "latency": 2}, {"date": "2023-01-18-00-00-00", "latency": 110}, {"date": "2023-01-18-00-00-00", "latency": 110}, {"date": "2023-01-18-00-00-00", "latency": 110}, {"date": "2023-01-17-20-00-00", "latency": 1128}]}, {"location": {"country_code": "gr"}, "game_id": "295590", "values": [{"date": "2023-01-17-20-00-00", "latency": 7}, {"date": "2023-01-17-20-00-00", "latency": 7}, {"date": "2023-01-17-20-00-00", "latency": 7}]}, {"location": {"country_code": "bg", "region": "Sofia-Capital", "city": "Sofia"}, "game_id": "295590", "values": [{"date": "2023-01-17-13-00-00", "latency": 9}]}, {"location": {"country_code": "it"}, "game_id": "295590", "values": [{"date": "2023-01-17-14-00-00", "latency": 7}, {"date": "2023-01-17-14-00-00", "latency": 7}, {"date": "2023-01-18-00-00-00", "latency": 48}, {"date": "2023-01-18-00-00-00", "latency": 1}]}, {"location": {"country_code": "ro"}, "game_id": "295590", "values": [{"date": "2023-01-17-21-00-00", "latency": 5}]}, {"location": {"country_code": "za"}, "game_id": "295590", "values": [{"date": "2023-01-17-06-00-00", "latency": 4}, {"date": "2023-01-17-06-00-00", "latency": 4}, {"date": "2023-01-17-06-00-00", "latency": 4}, {"date": "2023-01-17-06-00-00", "latency": 4}, {"date": "2023-01-17-06-00-00", "latency": 4}, {"date": "2023-01-17-15-00-00", "latency": 11}, {"date": "2023-01-17-15-00-00", "latency": 11}]}, {"location": {"country_code": "jp"}, "game_id": "295590", "values": [{"date": "2023-01-17-15-00-00", "latency": 18}, {"date": "2023-01-17-15-00-00", "latency": 18}, {"date": "2023-01-17-15-00-00", "latency": 18}, {"date": "2023-01-17-15-00-00", "latency": 18}, {"date": "2023-01-17-15-00-00", "latency": 18}, {"date": "2023-01-17-09-00-00", "latency": 3}, {"date": "2023-01-17-15-00-00", "latency": 2}, {"date": "2023-01-17-05-00-00", "latency": 1}, {"date": "2023-01-17-05-00-00", "latency": 1}, {"date": "2023-01-17-05-00-00", "latency": 1}, {"date": "2023-01-17-05-00-00", "latency": 1}, {"date": "2023-01-17-05-00-00", "latency": 1}, {"date": "2023-01-17-05-00-00", "latency": 1}]}, {"location": {"country_code": "es"}, "game_id": "295590", "values": [{"date": "2023-01-17-08-00-00", "latency": 2}, {"date": "2023-01-17-01-00-00", "latency": 6}, {"date": "2023-01-17-23-00-00", "latency": 3}, {"date": "2023-01-17-04-00-00", "latency": 21}, {"date": "2023-01-17-17-00-00", "latency": 21}, {"date": "2023-01-17-17-00-00", "latency": 21}, {"date": "2023-01-17-05-00-00", "latency": 5}, {"date": "2023-01-17-05-00-00", "latency": 5}]}, {"location": {"country_code": "ca"}, "game_id": "295590", "values": [{"date": "2023-01-17-18-00-00", "latency": 1}, {"date": "2023-01-17-07-00-00", "latency": 77}, {"date": "2023-01-17-07-00-00", "latency": 77}, {"date": "2023-01-17-05-00-00", "latency": 0}, {"date": "2023-01-17-05-00-00", "latency": 0}, {"date": "2023-01-17-05-00-00", "latency": 0}, {"date": "2023-01-17-06-00-00", "latency": 5}, {"date": "2023-01-17-02-00-00", "latency": 5}, {"date": "2023-01-17-10-00-00", "latency": 10}, {"date": "2023-01-17-21-00-00", "latency": 5}, {"date": "2023-01-17-04-00-00", "latency": 4}]}, {"location": {"country_code": "ch"}, "game_id": "295590", "values": [{"date": "2023-01-17-17-00-00", "latency": 9}]}, {"location": {"country_code": "de"}, "game_id": "295590", "values": [{"date": "2023-01-17-23-00-00", "latency": 1}, {"date": "2023-01-17-22-00-00", "latency": 12}, {"date": "2023-01-17-15-00-00", "latency": 2}]}, {"location": {"country_code": "de", "region": "Saxony"}, "game_id": "295590", "values": [{"date": "2023-01-17-22-00-00", "latency": 15}, {"date": "2023-01-17-22-00-00", "latency": 15}]}, {"location": {"country_code": "tw"}, "game_id": "295590", "values": [{"date": "2023-01-17-03-00-00", "latency": 8}, {"date": "2023-01-17-03-00-00", "latency": 8}, {"date": "2023-01-17-03-00-00", "latency": 8}, {"date": "2023-01-17-03-00-00", "latency": 8}, {"date": "2023-01-17-03-00-00", "latency": 8}, {"date": "2023-01-17-03-00-00", "latency": 8}, {"date": "2023-01-17-03-00-00", "latency": 8}, {"date": "2023-01-17-03-00-00", "latency": 8}, {"date": "2023-01-17-03-00-00", "latency": 8}, {"date": "2023-01-17-03-00-00", "latency": 8}, {"date": "2023-01-17-03-00-00", "latency": 8}, {"date": "2023-01-17-03-00-00", "latency": 8}, {"date": "2023-01-17-03-00-00", "latency": 8}, {"date": "2023-01-17-03-00-00", "latency": 8}, {"date": "2023-01-17-03-00-00", "latency": 8}, {"date": "2023-01-17-03-00-00", "latency": 8}, {"date": "2023-01-17-03-00-00", "latency": 8}, {"date": "2023-01-17-03-00-00", "latency": 8}, {"date": "2023-01-17-03-00-00", "latency": 8}, {"date": "2023-01-17-03-00-00", "latency": 8}, {"date": "2023-01-17-03-00-00", "latency": 8}, {"date": "2023-01-17-03-00-00", "latency": 8}, {"date": "2023-01-17-03-00-00", "latency": 8}, {"date": "2023-01-17-03-00-00", "latency": 8}]}, {"location": {"country_code": "br", "region": "Parana", "city": "Araucaria"}, "game_id": "295590", "values": [{"date": "2023-01-17-15-00-00", "latency": 23}, {"date": "2023-01-17-15-00-00", "latency": 23}]}, {"location": {"country_code": "cl"}, "game_id": "295590", "values": [{"date": "2023-01-17-02-00-00", "latency": 2115}, {"date": "2023-01-17-05-00-00", "latency": 4}, {"date": "2023-01-17-04-00-00", "latency": 1}]}, {"location": {"country_code": "us", "region": "Texas"}, "game_id": "295590", "values": [{"date": "2023-01-17-03-00-00", "latency": 3}]}, {"location": {"country_code": "ph"}, "game_id": "295590", "values": [{"date": "2023-01-17-04-00-00", "latency": 1}, {"date": "2023-01-17-14-00-00", "latency": 4}, {"date": "2023-01-17-20-00-00", "latency": 2}, {"date": "2023-01-17-18-00-00", "latency": 1}, {"date": "2023-01-17-15-00-00", "latency": 2}]}, {"location": {"country_code": "fr"}, "game_id": "295590", "values": [{"date": "2023-01-17-21-00-00", "latency": 2}, {"date": "2023-01-17-22-00-00", "latency": 2}, {"date": "2023-01-18-01-00-00", "latency": 7}, {"date": "2023-01-17-18-00-00", "latency": 2}, {"date": "2023-01-17-02-00-00", "latency": 9}, {"date": "2023-01-17-02-00-00", "latency": 0}, {"date": "2023-01-18-01-00-00", "latency": 0}]}, {"location": {"country_code": "fr", "region": "Nord-Passo di Calais-Piccardia"}, "game_id": "295590", "values": [{"date": "2023-01-17-18-00-00", "latency": 2}, {"date": "2023-01-17-16-00-00", "latency": 2}]}, {"location": {"country_code": "mx", "region": "Chiapas"}, "game_id": "295590", "values": [{"date": "2023-01-17-04-00-00", "latency": 9}]}, {"location": {"country_code": "mx", "region": "Mexico City"}, "game_id": "295590", "values": [{"date": "2023-01-17-06-00-00", "latency": 16}, {"date": "2023-01-17-07-00-00", "latency": 8}]}, {"location": {"country_code": "br"}, "game_id": "295590", "values": [{"date": "2023-01-17-20-00-00", "latency": 1}, {"date": "2023-01-17-08-00-00", "latency": 6}, {"date": "2023-01-17-17-00-00", "latency": 0}, {"date": "2023-01-17-04-00-00", "latency": 9}, {"date": "2023-01-17-01-00-00", "latency": 2}, {"date": "2023-01-18-00-00-00", "latency": 2}, {"date": "2023-01-18-00-00-00", "latency": 2}, {"date": "2023-01-17-21-00-00", "latency": 9}, {"date": "2023-01-17-21-00-00", "latency": 9}, {"date": "2023-01-17-21-00-00", "latency": 9}, {"date": "2023-01-17-21-00-00", "latency": 9}, {"date": "2023-01-17-21-00-00", "latency": 9}, {"date": "2023-01-17-21-00-00", "latency": 9}, {"date": "2023-01-17-21-00-00", "latency": 9}, {"date": "2023-01-17-21-00-00", "latency": 9}, {"date": "2023-01-17-21-00-00", "latency": 9}, {"date": "2023-01-17-21-00-00", "latency": 9}, {"date": "2023-01-17-21-00-00", "latency": 9}, {"date": "2023-01-17-21-00-00", "latency": 9}, {"date": "2023-01-17-21-00-00", "latency": 9}, {"date": "2023-01-17-21-00-00", "latency": 9}, {"date": "2023-01-17-21-00-00", "latency": 9}, {"date": "2023-01-17-21-00-00", "latency": 9}, {"date": "2023-01-17-22-00-00", "latency": 2}, {"date": "2023-01-17-22-00-00", "latency": 2}, {"date": "2023-01-17-22-00-00", "latency": 2}, {"date": "2023-01-17-03-00-00", "latency": 2}, {"date": "2023-01-17-10-00-00", "latency": 5}, {"date": "2023-01-17-23-00-00", "latency": 1}, {"date": "2023-01-17-02-00-00", "latency": 5}]}, {"location": {"country_code": "br", "region": "Santa Catarina", "city": "Sao Francisco do Sul"}, "game_id": "295590", "values": [{"date": "2023-01-17-12-00-00", "latency": 2}, {"date": "2023-01-17-12-00-00", "latency": 2}, {"date": "2023-01-17-12-00-00", "latency": 2}]}, {"location": {"country_code": "br", "region": "Sao Paulo", "city": "Apiai"}, "game_id": "295590", "values": [{"date": "2023-01-17-16-00-00", "latency": 0}, {"date": "2023-01-17-02-00-00", "latency": 2851}, {"date": "2023-01-17-02-00-00", "latency": 1}]}, {"location": {"country_code": "se"}, "game_id": "295590", "values": [{"date": "2023-01-17-01-00-00", "latency": 1}, {"date": "2023-01-17-01-00-00", "latency": 1}, {"date": "2023-01-17-13-00-00", "latency": 3}, {"date": "2023-01-17-06-00-00", "latency": 3}]}, {"location": {"country_code": "us", "region": "California", "city": "Chula Vista"}, "game_id": "295590", "values": [{"date": "2023-01-17-08-00-00", "latency": 5}]}, {"location": {"country_code": "ca", "region": "British Columbia", "city": "Richmond"}, "game_id": "295590", "values": [{"date": "2023-01-17-22-00-00", "latency": 6}]}, {"location": {"country_code": "ec"}, "game_id": "295590", "values": [{"date": "2023-01-17-02-00-00", "latency": 61}, {"date": "2023-01-17-02-00-00", "latency": 61}, {"date": "2023-01-17-04-00-00", "latency": 64}, {"date": "2023-01-17-04-00-00", "latency": 64}, {"date": "2023-01-17-04-00-00", "latency": 64}, {"date": "2023-01-17-04-00-00", "latency": 64}, {"date": "2023-01-17-04-00-00", "latency": 64}, {"date": "2023-01-17-04-00-00", "latency": 64}, {"date": "2023-01-17-04-00-00", "latency": 64}, {"date": "2023-01-17-04-00-00", "latency": 64}, {"date": "2023-01-17-04-00-00", "latency": 64}, {"date": "2023-01-17-04-00-00", "latency": 64}]}, {"location": {"country_code": "au"}, "game_id": "295590", "values": [{"date": "2023-01-17-05-00-00", "latency": 18}]}, {"location": {"country_code": "es", "region": "Madrid", "city": "Parla"}, "game_id": "295590", "values": [{"date": "2023-01-17-19-00-00", "latency": 2}]}, {"location": {"country_code": "es", "region": "Catalonia", "city": "l'Hospitalet de Llobregat"}, "game_id": "295590", "values": [{"date": "2023-01-17-20-00-00", "latency": 5}, {"date": "2023-01-17-01-00-00", "latency": 4}, {"date": "2023-01-17-12-00-00", "latency": 24683}, {"date": "2023-01-17-12-00-00", "latency": 24683}]}, {"location": {"country_code": "tr"}, "game_id": "295590", "values": [{"date": "2023-01-17-19-00-00", "latency": 4}, {"date": "2023-01-17-20-00-00", "latency": 7}, {"date": "2023-01-17-14-00-00", "latency": 6}, {"date": "2023-01-17-14-00-00", "latency": 6}, {"date": "2023-01-17-01-00-00", "latency": 8}]}, {"location": {"country_code": "ar"}, "game_id": "295590", "values": [{"date": "2023-01-17-04-00-00", "latency": 2}, {"date": "2023-01-18-01-00-00", "latency": 13}, {"date": "2023-01-18-01-00-00", "latency": 13}, {"date": "2023-01-17-20-00-00", "latency": 3}, {"date": "2023-01-17-04-00-00", "latency": 8}, {"date": "2023-01-17-04-00-00", "latency": 8}, {"date": "2023-01-18-00-00-00", "latency": 3}, {"date": "2023-01-17-17-00-00", "latency": 3}, {"date": "2023-01-17-17-00-00", "latency": 3}, {"date": "2023-01-17-17-00-00", "latency": 3}, {"date": "2023-01-17-17-00-00", "latency": 3}, {"date": "2023-01-17-17-00-00", "latency": 3}, {"date": "2023-01-17-17-00-00", "latency": 3}, {"date": "2023-01-17-08-00-00", "latency": 7}, {"date": "2023-01-17-08-00-00", "latency": 7}, {"date": "2023-01-17-02-00-00", "latency": 3}, {"date": "2023-01-17-02-00-00", "latency": 3}, {"date": "2023-01-17-21-00-00", "latency": 2}, {"date": "2023-01-17-21-00-00", "latency": 2}, {"date": "2023-01-17-21-00-00", "latency": 2}, {"date": "2023-01-17-21-00-00", "latency": 2}, {"date": "2023-01-17-21-00-00", "latency": 2}, {"date": "2023-01-17-21-00-00", "latency": 2}, {"date": "2023-01-17-21-00-00", "latency": 2}, {"date": "2023-01-17-22-00-00", "latency": 3}, {"date": "2023-01-17-04-00-00", "latency": 4}, {"date": "2023-01-17-22-00-00", "latency": 24}, {"date": "2023-01-17-04-00-00", "latency": 25}, {"date": "2023-01-17-05-00-00", "latency": 3}, {"date": "2023-01-18-01-00-00", "latency": 17}]}, {"location": {"country_code": "ar", "region": "Buenos Aires"}, "game_id": "295590", "values": [{"date": "2023-01-17-15-00-00", "latency": 7}, {"date": "2023-01-17-04-00-00", "latency": 2}]}, {"location": {"country_code": "ar", "region": "Cordoba Province", "city": "Rio Cuarto"}, "game_id": "295590", "values": [{"date": "2023-01-17-19-00-00", "latency": 5}, {"date": "2023-01-17-19-00-00", "latency": 5}, {"date": "2023-01-17-19-00-00", "latency": 5}, {"date": "2023-01-17-19-00-00", "latency": 5}, {"date": "2023-01-17-19-00-00", "latency": 5}, {"date": "2023-01-17-19-00-00", "latency": 5}, {"date": "2023-01-17-19-00-00", "latency": 5}]}, {"location": {"country_code": "bo"}, "game_id": "295590", "values": [{"date": "2023-01-17-01-00-00", "latency": 8}, {"date": "2023-01-17-02-00-00", "latency": 3}]}, {"location": {"country_code": "fi"}, "game_id": "295590", "values": [{"date": "2023-01-17-19-00-00", "latency": 8}, {"date": "2023-01-17-19-00-00", "latency": 8}, {"date": "2023-01-17-19-00-00", "latency": 8}]}, {"location": {"country_code": "ar", "region": "Buenos Aires F.D.", "city": "Bahia Blanca"}, "game_id": "295590", "values": [{"date": "2023-01-17-04-00-00", "latency": 7}, {"date": "2023-01-17-17-00-00", "latency": 4}, {"date": "2023-01-17-03-00-00", "latency": 3}, {"date": "2023-01-17-20-00-00", "latency": 3}, {"date": "2023-01-17-20-00-00", "latency": 3}, {"date": "2023-01-17-20-00-00", "latency": 3}, {"date": "2023-01-17-20-00-00", "latency": 3}]}, {"location": {"country_code": "us", "region": "Michigan"}, "game_id": "295590", "values": [{"date": "2023-01-17-02-00-00", "latency": 2}]}, {"location": {"country_code": "at", "region": "Vienna"}, "game_id": "295590", "values": [{"date": "2023-01-17-19-00-00", "latency": 2}]}, {"location": {"country_code": "mx", "region": "Puebla"}, "game_id": "295590", "values": [{"date": "2023-01-18-00-00-00", "latency": 6}]}, {"location": {"country_code": "de", "region": "Bavaria", "city": "Nuremberg"}, "game_id": "295590", "values": [{"date": "2023-01-17-19-00-00", "latency": 2}]}, {"location": {"country_code": "co"}, "game_id": "295590", "values": [{"date": "2023-01-17-02-00-00", "latency": 0}, {"date": "2023-01-18-00-00-00", "latency": 6}, {"date": "2023-01-17-02-00-00", "latency": 3}, {"date": "2023-01-18-01-00-00", "latency": 7}, {"date": "2023-01-18-01-00-00", "latency": 7}]}, {"location": {"country_code": "mx", "region": "Nuevo Leon"}, "game_id": "295590", "values": [{"date": "2023-01-17-04-00-00", "latency": 6}, {"date": "2023-01-17-04-00-00", "latency": 6}, {"date": "2023-01-17-04-00-00", "latency": 6}]}, {"location": {"country_code": "us", "region": "Arizona"}, "game_id": "295590", "values": [{"date": "2023-01-17-02-00-00", "latency": 6}]}, {"location": {"country_code": "us", "region": "Utah"}, "game_id": "295590", "values": [{"date": "2023-01-17-05-00-00", "latency": 0}]}, {"location": {"country_code": "es", "region": "Madrid", "city": "Las Rozas de Madrid"}, "game_id": "295590", "values": [{"date": "2023-01-17-13-00-00", "latency": 6}]}, {"location": {"country_code": "pl"}, "game_id": "295590", "values": [{"date": "2023-01-17-02-00-00", "latency": 6}, {"date": "2023-01-17-06-00-00", "latency": 9}, {"date": "2023-01-17-19-00-00", "latency": 5}]}, {"location": {"country_code": "us", "region": "Nevada", "city": "Las Vegas"}, "game_id": "295590", "values": [{"date": "2023-01-17-05-00-00", "latency": 2}]}, {"location": {"country_code": "cr"}, "game_id": "295590", "values": [{"date": "2023-01-17-09-00-00", "latency": 5}]}, {"location": {"country_code": "cr", "region": "Guanacaste Province"}, "game_id": "295590", "values": [{"date": "2023-01-17-04-00-00", "latency": 5}]}, {"location": {"country_code": "pe"}, "game_id": "295590", "values": [{"date": "2023-01-17-05-00-00", "latency": 7}, {"date": "2023-01-17-21-00-00", "latency": 28}, {"date": "2023-01-17-21-00-00", "latency": 28}, {"date": "2023-01-17-07-00-00", "latency": 31}, {"date": "2023-01-17-21-00-00", "latency": 6}]}, {"location": {"country_code": "ua"}, "game_id": "295590", "values": [{"date": "2023-01-17-02-00-00", "latency": 1}]}, {"location": {"country_code": "tr", "region": "Marmara Bolgesi", "city": "Istanbul"}, "game_id": "295590", "values": [{"date": "2023-01-17-18-00-00", "latency": 3}, {"date": "2023-01-17-18-00-00", "latency": 3}, {"date": "2023-01-17-18-00-00", "latency": 3}, {"date": "2023-01-17-18-00-00", "latency": 3}, {"date": "2023-01-17-18-00-00", "latency": 3}, {"date": "2023-01-17-18-00-00", "latency": 3}]}, {"location": {"country_code": "ca", "region": "Ontario", "city": "Toronto"}, "game_id": "295590", "values": [{"date": "2023-01-17-01-00-00", "latency": 29}]}, {"location": {"country_code": "do"}, "game_id": "295590", "values": [{"date": "2023-01-17-05-00-00", "latency": 48}]}, {"location": {"country_code": "my"}, "game_id": "295590", "values": [{"date": "2023-01-17-20-00-00", "latency": 60}, {"date": "2023-01-17-20-00-00", "latency": 60}]}, {"location": {"country_code": "ba", "region": "Federation of Bosnia and Herzegovina", "city": "Mostar"}, "game_id": "295590", "values": [{"date": "2023-01-17-20-00-00", "latency": 20}]}, {"location": {"country_code": "us", "region": "Illinois"}, "game_id": "295590", "values": [{"date": "2023-01-17-20-00-00", "latency": 7}, {"date": "2023-01-17-20-00-00", "latency": 7}, {"date": "2023-01-17-20-00-00", "latency": 7}, {"date": "2023-01-17-20-00-00", "latency": 7}]}, {"location": {"country_code": "us", "region": "Oklahoma"}, "game_id": "295590", "values": [{"date": "2023-01-17-06-00-00", "latency": 0}]}, {"location": {"country_code": "mx", "region": "Nuevo Leon", "city": "Monterrey"}, "game_id": "295590", "values": [{"date": "2023-01-17-03-00-00", "latency": 2603}, {"date": "2023-01-17-05-00-00", "latency": 1}]}, {"location": {"country_code": "pt"}, "game_id": "295590", "values": [{"date": "2023-01-17-01-00-00", "latency": 38}, {"date": "2023-01-17-01-00-00", "latency": 38}]}, {"location": {"country_code": "br", "region": "State of Rio de Janeiro", "city": "Angra dos Reis"}, "game_id": "295590", "values": [{"date": "2023-01-17-04-00-00", "latency": 0}, {"date": "2023-01-17-04-00-00", "latency": 0}, {"date": "2023-01-17-02-00-00", "latency": 3}, {"date": "2023-01-17-20-00-00", "latency": 2}, {"date": "2023-01-17-20-00-00", "latency": 2}, {"date": "2023-01-17-21-00-00", "latency": 1}, {"date": "2023-01-17-05-00-00", "latency": 0}, {"date": "2023-01-17-05-00-00", "latency": 0}, {"date": "2023-01-17-05-00-00", "latency": 0}, {"date": "2023-01-17-05-00-00", "latency": 0}, {"date": "2023-01-18-00-00-00", "latency": 1}, {"date": "2023-01-17-03-00-00", "latency": 0}, {"date": "2023-01-17-03-00-00", "latency": 0}]}, {"location": {"country_code": "fr", "region": "Aquitania-Limosino-Poitou-Charentes"}, "game_id": "295590", "values": [{"date": "2023-01-17-22-00-00", "latency": 2}]}, {"location": {"country_code": "us", "region": "Minnesota"}, "game_id": "295590", "values": [{"date": "2023-01-17-06-00-00", "latency": 26}, {"date": "2023-01-17-06-00-00", "latency": 26}, {"date": "2023-01-17-06-00-00", "latency": 26}]}, {"location": {"country_code": "uy"}, "game_id": "295590", "values": [{"date": "2023-01-17-16-00-00", "latency": 3}, {"date": "2023-01-17-08-00-00", "latency": 4}]}, {"location": {"country_code": "us", "region": "Nebraska"}, "game_id": "295590", "values": [{"date": "2023-01-17-03-00-00", "latency": 27}]}, {"location": {"country_code": "us", "region": "Florida", "city": "Miami"}, "game_id": "295590", "values": [{"date": "2023-01-17-16-00-00", "latency": 7}]}, {"location": {"country_code": "mx", "region": "Baja California", "city": "Tijuana"}, "game_id": "295590", "values": [{"date": "2023-01-17-12-00-00", "latency": 6}, {"date": "2023-01-18-01-00-00", "latency": 3}, {"date": "2023-01-18-01-00-00", "latency": 3}, {"date": "2023-01-18-01-00-00", "latency": 3}]}, {"location": {"country_code": "br", "region": "Mato Grosso", "city": "Tangara da Serra"}, "game_id": "295590", "values": [{"date": "2023-01-17-08-00-00", "latency": 3}]}, {"location": {"country_code": "br", "region": "Parana"}, "game_id": "295590", "values": [{"date": "2023-01-18-00-00-00", "latency": 0}]}, {"location": {"country_code": "us", "region": "Arizona", "city": "Phoenix"}, "game_id": "295590", "values": [{"date": "2023-01-17-06-00-00", "latency": 7}, {"date": "2023-01-17-06-00-00", "latency": 7}]}, {"location": {"country_code": "us", "region": "Colorado", "city": "Denver"}, "game_id": "295590", "values": [{"date": "2023-01-17-08-00-00", "latency": 0}, {"date": "2023-01-17-08-00-00", "latency": 0}, {"date": "2023-01-17-08-00-00", "latency": 0}, {"date": "2023-01-17-08-00-00", "latency": 0}]}, {"location": {"country_code": "ar", "region": "Buenos Aires", "city": "Mar del Plata"}, "game_id": "295590", "values": [{"date": "2023-01-17-05-00-00", "latency": 6}]}, {"location": {"country_code": "us", "region": "State of Maine"}, "game_id": "295590", "values": [{"date": "2023-01-17-03-00-00", "latency": 7}]}, {"location": {"country_code": "pe", "region": "Lima region", "city": "Lima"}, "game_id": "295590", "values": [{"date": "2023-01-17-06-00-00", "latency": 47}]}, {"location": {"country_code": "mx", "region": "Jalisco", "city": "Guadalajara"}, "game_id": "295590", "values": [{"date": "2023-01-17-09-00-00", "latency": 108}]}, {"location": {"country_code": "ec", "region": "Guayas", "city": "Guayaquil"}, "game_id": "295590", "values": [{"date": "2023-01-17-03-00-00", "latency": 9}]}, {"location": {"country_code": "br", "region": "Ceara", "city": "Itapipoca"}, "game_id": "295590", "values": [{"date": "2023-01-17-05-00-00", "latency": 5}]}, {"location": {"country_code": "ro", "region": "Transylvania", "city": "Band"}, "game_id": "295590", "values": [{"date": "2023-01-17-04-00-00", "latency": 7}, {"date": "2023-01-17-04-00-00", "latency": 7}, {"date": "2023-01-17-23-00-00", "latency": 0}]}, {"location": {"country_code": "au", "region": "Queensland", "city": "Brisbane"}, "game_id": "295590", "values": [{"date": "2023-01-17-12-00-00", "latency": 5}]}, {"location": {"country_code": "br", "region": "Federal District"}, "game_id": "295590", "values": [{"date": "2023-01-17-22-00-00", "latency": 0}]}, {"location": {"country_code": "us", "region": "Washington", "city": "Tacoma"}, "game_id": "295590", "values": [{"date": "2023-01-17-14-00-00", "latency": 19}, {"date": "2023-01-17-14-00-00", "latency": 19}]}, {"location": {"country_code": "mx", "region": "Sonora"}, "game_id": "295590", "values": [{"date": "2023-01-17-06-00-00", "latency": 7}, {"date": "2023-01-17-22-00-00", "latency": 7}]}, {"location": {"country_code": "br", "region": "State of Rio de Janeiro"}, "game_id": "295590", "values": [{"date": "2023-01-17-20-00-00", "latency": 2}]}, {"location": {"country_code": "ht"}, "game_id": "295590", "values": [{"date": "2023-01-17-11-00-00", "latency": 100}, {"date": "2023-01-17-11-00-00", "latency": 100}]}, {"location": {"country_code": "es", "region": "Madrid"}, "game_id": "295590", "values": [{"date": "2023-01-17-23-00-00", "latency": 9}]}, {"location": {"country_code": "ar", "region": "Tucuman Province", "city": "San Miguel de Tucuman"}, "game_id": "295590", "values": [{"date": "2023-01-17-22-00-00", "latency": 4}]}, {"location": {"country_code": "us", "region": "Washington", "city": "Seattle"}, "game_id": "295590", "values": [{"date": "2023-01-17-02-00-00", "latency": 17}, {"date": "2023-01-17-02-00-00", "latency": 17}, {"date": "2023-01-17-07-00-00", "latency": 5}, {"date": "2023-01-17-07-00-00", "latency": 5}]}, {"location": {"country_code": "br", "region": "Rio Grande do Norte", "city": "Natal"}, "game_id": "295590", "values": [{"date": "2023-01-17-19-00-00", "latency": 4}, {"date": "2023-01-17-04-00-00", "latency": 2}, {"date": "2023-01-17-04-00-00", "latency": 2}, {"date": "2023-01-17-04-00-00", "latency": 2}]}, {"location": {"country_code": "br", "region": "Minas Gerais", "city": "Ituiutaba"}, "game_id": "295590", "values": [{"date": "2023-01-17-05-00-00", "latency": 9}]}, {"location": {"country_code": "br", "region": "Santa Catarina"}, "game_id": "295590", "values": [{"date": "2023-01-17-01-00-00", "latency": 7}]}, {"location": {"country_code": "de", "region": "Bavaria", "city": "Munich"}, "game_id": "295590", "values": [{"date": "2023-01-17-04-00-00", "latency": 2}]}, {"location": {"country_code": "ec", "region": "Pichincha", "city": "Quito"}, "game_id": "295590", "values": [{"date": "2023-01-17-02-00-00", "latency": 38}, {"date": "2023-01-17-02-00-00", "latency": 38}, {"date": "2023-01-17-02-00-00", "latency": 38}, {"date": "2023-01-17-02-00-00", "latency": 38}, {"date": "2023-01-17-02-00-00", "latency": 38}]}, {"location": {"country_code": "us", "region": "Oregon", "city": "Portland"}, "game_id": "295590", "values": [{"date": "2023-01-17-08-00-00", "latency": 8}, {"date": "2023-01-17-07-00-00", "latency": 5}, {"date": "2023-01-17-07-00-00", "latency": 5}]}, {"location": {"country_code": "us", "region": "Montana"}, "game_id": "295590", "values": [{"date": "2023-01-17-02-00-00", "latency": 37}]}, {"location": {"country_code": "us", "region": "Louisiana"}, "game_id": "295590", "values": [{"date": "2023-01-17-03-00-00", "latency": 2}, {"date": "2023-01-17-03-00-00", "latency": 2}]}, {"location": {"country_code": "ae", "region": "Dubai", "city": "Dubai"}, "game_id": "295590", "values": [{"date": "2023-01-17-19-00-00", "latency": 21}, {"date": "2023-01-17-19-00-00", "latency": 21}, {"date": "2023-01-17-19-00-00", "latency": 21}, {"date": "2023-01-17-19-00-00", "latency": 21}, {"date": "2023-01-17-19-00-00", "latency": 21}, {"date": "2023-01-17-19-00-00", "latency": 21}, {"date": "2023-01-17-19-00-00", "latency": 21}, {"date": "2023-01-17-19-00-00", "latency": 21}, {"date": "2023-01-17-19-00-00", "latency": 21}]}, {"location": {"country_code": "br", "region": "Sao Paulo", "city": "Piracicaba"}, "game_id": "295590", "values": [{"date": "2023-01-17-04-00-00", "latency": 7}]}, {"location": {"country_code": "gb", "region": "Wales"}, "game_id": "295590", "values": [{"date": "2023-01-17-02-00-00", "latency": 9}]}, {"location": {"country_code": "ru", "region": "Tomsk Oblast"}, "game_id": "295590", "values": [{"date": "2023-01-17-12-00-00", "latency": 3}]}, {"location": {"country_code": "fr", "region": "Provence-Alpes-Cote d'Azur Region", "city": "Aix-en-Provence"}, "game_id": "295590", "values": [{"date": "2023-01-17-11-00-00", "latency": 8}]}, {"location": {"country_code": "pl", "region": "Masovian Voivodeship", "city": "Warsaw"}, "game_id": "295590", "values": [{"date": "2023-01-17-22-00-00", "latency": 26}, {"date": "2023-01-17-22-00-00", "latency": 26}, {"date": "2023-01-17-22-00-00", "latency": 26}, {"date": "2023-01-17-22-00-00", "latency": 26}, {"date": "2023-01-17-22-00-00", "latency": 26}, {"date": "2023-01-17-22-00-00", "latency": 26}, {"date": "2023-01-17-22-00-00", "latency": 26}, {"date": "2023-01-17-22-00-00", "latency": 26}, {"date": "2023-01-17-22-00-00", "latency": 26}, {"date": "2023-01-17-22-00-00", "latency": 26}, {"date": "2023-01-17-22-00-00", "latency": 26}, {"date": "2023-01-17-22-00-00", "latency": 26}, {"date": "2023-01-17-22-00-00", "latency": 26}, {"date": "2023-01-17-22-00-00", "latency": 26}]}, {"location": {"country_code": "se", "region": "Uppsala County", "city": "Uppsala"}, "game_id": "295590", "values": [{"date": "2023-01-17-16-00-00", "latency": 2}]}, {"location": {"country_code": "fr", "region": "Aquitania-Limosino-Poitou-Charentes", "city": "Bordeaux"}, "game_id": "295590", "values": [{"date": "2023-01-17-15-00-00", "latency": 4}]}, {"location": {"country_code": "tr", "region": "Akdeniz Bolgesi", "city": "Antalya"}, "game_id": "295590", "values": [{"date": "2023-01-17-19-00-00", "latency": 7}, {"date": "2023-01-17-19-00-00", "latency": 7}]}, {"location": {"country_code": "ar", "region": "Santa Fe Province"}, "game_id": "295590", "values": [{"date": "2023-01-17-19-00-00", "latency": 5}]}, {"location": {"country_code": "es", "region": "Andalusia", "city": "Jerez"}, "game_id": "295590", "values": [{"date": "2023-01-17-18-00-00", "latency": 30}, {"date": "2023-01-17-18-00-00", "latency": 30}, {"date": "2023-01-17-18-00-00", "latency": 30}]}, {"location": {"country_code": "ar", "region": "Jujuy Province"}, "game_id": "295590", "values": [{"date": "2023-01-17-04-00-00", "latency": 83}, {"date": "2023-01-17-04-00-00", "latency": 83}]}, {"location": {"country_code": "fr", "region": "Centre-Val de Loire", "city": "Orleans"}, "game_id": "295590", "values": [{"date": "2023-01-18-00-00-00", "latency": 9}]}, {"location": {"country_code": "ma"}, "game_id": "295590", "values": [{"date": "2023-01-17-16-00-00", "latency": 5}, {"date": "2023-01-17-20-00-00", "latency": 4}]}, {"location": {"country_code": "ph", "region": "Central Luzon", "city": "Bulacan"}, "game_id": "295590", "values": [{"date": "2023-01-17-15-00-00", "latency": 2}]}, {"location": {"country_code": "eg", "region": "Alexandria Governorate", "city": "New Borj El Arab"}, "game_id": "295590", "values": [{"date": "2023-01-18-00-00-00", "latency": 7}]}, {"location": {"country_code": "tt"}, "game_id": "295590", "values": [{"date": "2023-01-17-02-00-00", "latency": 62}]}, {"location": {"country_code": "il"}, "game_id": "295590", "values": [{"date": "2023-01-18-00-00-00", "latency": 0}]}, {"location": {"country_code": "ca", "region": "Ontario", "city": "London"}, "game_id": "295590", "values": [{"date": "2023-01-18-00-00-00", "latency": 0}]}, {"location": {"country_code": "pl", "region": "West Pomeranian Voivodeship", "city": "Szczecin"}, "game_id": "295590", "values": [{"date": "2023-01-17-02-00-00", "latency": 5}]}, {"location": {"country_code": "mx", "region": "State of Mexico", "city": "Ecatepec"}, "game_id": "295590", "values": [{"date": "2023-01-17-07-00-00", "latency": 0}]}, {"location": {"country_code": "cr", "region": "Heredia Province"}, "game_id": "295590", "values": [{"date": "2023-01-17-06-00-00", "latency": 54}, {"date": "2023-01-17-06-00-00", "latency": 54}]}, {"location": {"country_code": "gn"}, "game_id": "295590", "values": [{"date": "2023-01-17-20-00-00", "latency": 4}]}, {"location": {"country_code": "gr", "region": "Samothrace", "city": "Thessaloniki"}, "game_id": "295590", "values": [{"date": "2023-01-17-22-00-00", "latency": 7}]}, {"location": {"country_code": "us", "region": "California", "city": "Anaheim"}, "game_id": "295590", "values": [{"date": "2023-01-17-05-00-00", "latency": 3}]}, {"location": {"country_code": "br", "region": "Santa Catarina", "city": "Imbituba"}, "game_id": "295590", "values": [{"date": "2023-01-17-01-00-00", "latency": 38}]}, {"location": {"country_code": "br", "region": "State of Rio de Janeiro", "city": "Itaguai"}, "game_id": "295590", "values": [{"date": "2023-01-17-07-00-00", "latency": 32}]}, {"location": {"country_code": "de", "region": "North Rhine-Westphalia", "city": "Duisburg"}, "game_id": "295590", "values": [{"date": "2023-01-17-20-00-00", "latency": 1}]}, {"location": {"country_code": "ro", "region": "Timis County", "city": "Timisoara"}, "game_id": "295590", "values": [{"date": "2023-01-17-17-00-00", "latency": 4}, {"date": "2023-01-17-17-00-00", "latency": 4}, {"date": "2023-01-17-17-00-00", "latency": 4}]}, {"location": {"country_code": "ar", "region": "Buenos Aires", "city": "Berazategui"}, "game_id": "295590", "values": [{"date": "2023-01-17-15-00-00", "latency": 2}]}, {"location": {"country_code": "br", "region": "Estado de Bahia", "city": "Juazeiro"}, "game_id": "295590", "values": [{"date": "2023-01-17-06-00-00", "latency": 9}]}, {"location": {"country_code": "ae", "region": "Ajman"}, "game_id": "295590", "values": [{"date": "2023-01-17-16-00-00", "latency": 42}]}, {"location": {"country_code": "ee", "region": "Viljandimaa", "city": "Viljandi"}, "game_id": "295590", "values": [{"date": "2023-01-17-14-00-00", "latency": 0}]}, {"location": {"country_code": "br", "region": "Mato Grosso", "city": "Rondonopolis"}, "game_id": "295590", "values": [{"date": "2023-01-17-12-00-00", "latency": 5}, {"date": "2023-01-17-12-00-00", "latency": 5}, {"date": "2023-01-17-12-00-00", "latency": 5}]}, {"location": {"country_code": "ro", "region": "Dolj County", "city": "Craiova"}, "game_id": "295590", "values": [{"date": "2023-01-17-06-00-00", "latency": 9}, {"date": "2023-01-17-06-00-00", "latency": 9}]}], "last_updated": 1719919182.996292}