{"data": [{"location": {"country_code": "cu"}, "game_id": "135305", "values": [{"date": "2023-09-21-17-00-00", "alternatives": ["175", "175", "75"]}]}, {"location": {"country_code": "nz"}, "game_id": "135305", "values": [{"date": "2023-09-21-04-00-00", "alternatives": ["228", "228", "22"]}, {"date": "2023-09-21-04-00-00", "alternatives": ["228", "228", "22"]}]}, {"location": {"country_code": "us"}, "game_id": "135305", "values": [{"date": "2023-09-21-07-00-00", "alternatives": ["16", "6", "16"]}, {"date": "2023-09-21-07-00-00", "alternatives": ["16", "6", "16"]}, {"date": "2023-09-21-07-00-00", "alternatives": ["16", "6", "16"]}, {"date": "2023-09-21-07-00-00", "alternatives": ["16", "6", "16"]}, {"date": "2023-09-21-19-00-00", "alternatives": ["42", "42", "32"]}, {"date": "2023-09-21-19-00-00", "alternatives": ["42", "42", "32"]}, {"date": "2023-09-21-19-00-00", "alternatives": ["42", "42", "32"]}, {"date": "2023-09-21-19-00-00", "alternatives": ["42", "42", "32"]}, {"date": "2023-09-21-11-00-00", "alternatives": [5, 45, 35, 45, 45]}, {"date": "2023-09-21-11-00-00", "alternatives": [5, 45, 35, 45, 45]}, {"date": "2023-09-21-11-00-00", "alternatives": [5, 45, 35, 45, 45]}, {"date": "2023-09-22-01-00-00", "alternatives": [10, 0, 0, 10, 10]}, {"date": "2023-09-21-07-00-00", "alternatives": ["2", "3", "2"]}, {"date": "2023-09-21-17-00-00", "alternatives": ["36", "36", "35"]}, {"date": "2023-09-21-17-00-00", "alternatives": ["36", "36", "35"]}, {"date": "2023-09-21-11-00-00", "alternatives": [0, 6, 6, 6]}, {"date": "2023-09-21-11-00-00", "alternatives": [0, 6, 6, 6]}, {"date": "2023-09-21-08-00-00", "alternatives": ["86", "86", "6"]}, {"date": "2023-09-21-08-00-00", "alternatives": ["86", "86", "6"]}]}, {"location": {"country_code": "us", "region": "New York", "city": "Jamestown"}, "game_id": "135305", "values": [{"date": "2023-09-21-15-00-00", "alternatives": [6, 0, 46, 46, 46]}, {"date": "2023-09-21-15-00-00", "alternatives": [6, 0, 46, 46, 46]}, {"date": "2023-09-21-15-00-00", "alternatives": [6, 0, 46, 46, 46]}, {"date": "2023-09-21-15-00-00", "alternatives": [6, 0, 46, 46, 46]}, {"date": "2023-09-21-15-00-00", "alternatives": [6, 0, 46, 46, 46]}, {"date": "2023-09-21-15-00-00", "alternatives": [6, 0, 46, 46, 46]}, {"date": "2023-09-21-15-00-00", "alternatives": [6, 0, 46, 46, 46]}]}, {"location": {"country_code": "gb"}, "game_id": "135305", "values": [{"date": "2023-09-22-00-00-00", "alternatives": ["13", "13", "3"]}, {"date": "2023-09-22-00-00-00", "alternatives": ["13", "13", "3"]}]}, {"location": {"country_code": "th"}, "game_id": "135305", "values": [{"date": "2023-09-21-18-00-00", "alternatives": ["113", "13", "113"]}, {"date": "2023-09-21-18-00-00", "alternatives": ["113", "13", "113"]}, {"date": "2023-09-21-18-00-00", "alternatives": ["113", "13", "113"]}, {"date": "2023-09-21-18-00-00", "alternatives": ["113", "13", "113"]}, {"date": "2023-09-21-18-00-00", "alternatives": ["113", "13", "113"]}, {"date": "2023-09-21-18-00-00", "alternatives": ["113", "13", "113"]}, {"date": "2023-09-21-18-00-00", "alternatives": ["113", "13", "113"]}, {"date": "2023-09-21-18-00-00", "alternatives": ["113", "13", "113"]}, {"date": "2023-09-21-18-00-00", "alternatives": ["113", "13", "113"]}, {"date": "2023-09-21-18-00-00", "alternatives": ["113", "13", "113"]}, {"date": "2023-09-21-18-00-00", "alternatives": ["113", "13", "113"]}, {"date": "2023-09-21-18-00-00", "alternatives": ["113", "13", "113"]}, {"date": "2023-09-21-18-00-00", "alternatives": ["113", "13", "113"]}, {"date": "2023-09-21-08-00-00", "alternatives": ["168", "68", "168"]}]}, {"location": {"country_code": "th", "region": "Bangkok", "city": "Bangkok"}, "game_id": "135305", "values": [{"date": "2023-09-21-08-00-00", "alternatives": [14, 4, 114, 114, 114]}, {"date": "2023-09-21-08-00-00", "alternatives": [14, 4, 114, 114, 114]}, {"date": "2023-09-21-08-00-00", "alternatives": [14, 4, 114, 114, 114]}, {"date": "2023-09-21-08-00-00", "alternatives": [14, 4, 114, 114, 114]}, {"date": "2023-09-21-08-00-00", "alternatives": [14, 4, 114, 114, 114]}, {"date": "2023-09-21-08-00-00", "alternatives": [14, 4, 114, 114, 114]}, {"date": "2023-09-21-08-00-00", "alternatives": [14, 4, 114, 114, 114]}, {"date": "2023-09-21-08-00-00", "alternatives": [14, 4, 114, 114, 114]}, {"date": "2023-09-21-08-00-00", "alternatives": [14, 4, 114, 114, 114]}, {"date": "2023-09-21-08-00-00", "alternatives": [14, 4, 114, 114, 114]}, {"date": "2023-09-21-08-00-00", "alternatives": [14, 4, 114, 114, 114]}]}, {"location": {"country_code": "it"}, "game_id": "135305", "values": [{"date": "2023-09-21-18-00-00", "alternatives": ["15", "5", "15"]}, {"date": "2023-09-21-18-00-00", "alternatives": ["39", "68", "39"]}, {"date": "2023-09-21-18-00-00", "alternatives": ["39", "68", "39"]}, {"date": "2023-09-21-18-00-00", "alternatives": ["39", "68", "39"]}, {"date": "2023-09-21-18-00-00", "alternatives": ["39", "68", "39"]}]}, {"location": {"country_code": "ro"}, "game_id": "135305", "values": [{"date": "2023-09-21-21-00-00", "alternatives": ["1", "7", "7"]}, {"date": "2023-09-21-21-00-00", "alternatives": ["1", "7", "7"]}]}, {"location": {"country_code": "jp"}, "game_id": "135305", "values": [{"date": "2023-09-21-10-00-00", "alternatives": ["4", "14", "14"]}, {"date": "2023-09-21-05-00-00", "alternatives": [59, 159, 1591715, 159, 159]}, {"date": "2023-09-21-05-00-00", "alternatives": [59, 159, 1591715, 159, 159]}, {"date": "2023-09-21-05-00-00", "alternatives": [59, 159, 1591715, 159, 159]}, {"date": "2023-09-21-05-00-00", "alternatives": [59, 159, 1591715, 159, 159]}, {"date": "2023-09-21-05-00-00", "alternatives": [59, 159, 1591715, 159, 159]}, {"date": "2023-09-21-05-00-00", "alternatives": [59, 159, 1591715, 159, 159]}, {"date": "2023-09-21-05-00-00", "alternatives": [59, 159, 1591715, 159, 159]}, {"date": "2023-09-21-05-00-00", "alternatives": [59, 159, 1591715, 159, 159]}, {"date": "2023-09-21-05-00-00", "alternatives": [59, 159, 1591715, 159, 159]}, {"date": "2023-09-21-05-00-00", "alternatives": [59, 159, 1591715, 159, 159]}, {"date": "2023-09-21-05-00-00", "alternatives": [59, 159, 1591715, 159, 159]}, {"date": "2023-09-21-05-00-00", "alternatives": [59, 159, 1591715, 159, 159]}, {"date": "2023-09-21-05-00-00", "alternatives": [59, 159, 1591715, 159, 159]}, {"date": "2023-09-21-05-00-00", "alternatives": [59, 159, 1591715, 159, 159]}, {"date": "2023-09-21-05-00-00", "alternatives": [59, 159, 1591715, 159, 159]}, {"date": "2023-09-21-05-00-00", "alternatives": [59, 159, 1591715, 159, 159]}, {"date": "2023-09-21-05-00-00", "alternatives": [59, 159, 1591715, 159, 159]}, {"date": "2023-09-21-05-00-00", "alternatives": [59, 159, 1591715, 159, 159]}, {"date": "2023-09-21-05-00-00", "alternatives": [59, 159, 1591715, 159, 159]}, {"date": "2023-09-21-05-00-00", "alternatives": [59, 159, 1591715, 159, 159]}, {"date": "2023-09-21-05-00-00", "alternatives": [59, 159, 1591715, 159, 159]}, {"date": "2023-09-21-05-00-00", "alternatives": [59, 159, 1591715, 159, 159]}, {"date": "2023-09-21-05-00-00", "alternatives": [59, 159, 1591715, 159, 159]}, {"date": "2023-09-21-05-00-00", "alternatives": [59, 159, 1591715, 159, 159]}, {"date": "2023-09-21-15-00-00", "alternatives": ["27", "27", "7"]}, {"date": "2023-09-21-19-00-00", "alternatives": ["77", "7788", "77"]}, {"date": "2023-09-21-19-00-00", "alternatives": ["77", "7788", "77"]}, {"date": "2023-09-22-01-00-00", "alternatives": ["16", "6", "16"]}, {"date": "2023-09-21-17-00-00", "alternatives": ["22", "26", "26"]}, {"date": "2023-09-21-17-00-00", "alternatives": ["22", "26", "26"]}, {"date": "2023-09-21-17-00-00", "alternatives": ["22", "26", "26"]}, {"date": "2023-09-21-07-00-00", "alternatives": ["19", "9", "19"]}, {"date": "2023-09-21-07-00-00", "alternatives": ["19", "9", "19"]}, {"date": "2023-09-21-13-00-00", "alternatives": ["37", "37", "17"]}, {"date": "2023-09-21-04-00-00", "alternatives": ["13", "3", "13"]}, {"date": "2023-09-21-04-00-00", "alternatives": ["13", "3", "13"]}, {"date": "2023-09-21-04-00-00", "alternatives": ["13", "3", "13"]}, {"date": "2023-09-21-04-00-00", "alternatives": ["13", "3", "13"]}, {"date": "2023-09-21-04-00-00", "alternatives": ["13", "3", "13"]}, {"date": "2023-09-21-04-00-00", "alternatives": ["13", "3", "13"]}, {"date": "2023-09-21-17-00-00", "alternatives": ["9", "0", "9"]}, {"date": "2023-09-21-05-00-00", "alternatives": ["10", "104", "104"]}, {"date": "2023-09-21-10-00-00", "alternatives": [6, 15, 16, 15, 15]}, {"date": "2023-09-21-10-00-00", "alternatives": [6, 15, 16, 15, 15]}, {"date": "2023-09-21-10-00-00", "alternatives": [6, 15, 16, 15, 15]}, {"date": "2023-09-21-04-00-00", "alternatives": ["0", "10", "10"]}, {"date": "2023-09-21-11-00-00", "alternatives": ["12", "2", "12"]}, {"date": "2023-09-21-11-00-00", "alternatives": ["12", "2", "12"]}, {"date": "2023-09-22-01-00-00", "alternatives": ["93", "29", "93"]}, {"date": "2023-09-22-01-00-00", "alternatives": ["93", "29", "93"]}]}, {"location": {"country_code": "jp", "region": "Hiroshima", "city": "Hiroshima"}, "game_id": "135305", "values": [{"date": "2023-09-21-12-00-00", "alternatives": ["12", "2", "12"]}]}, {"location": {"country_code": "ca"}, "game_id": "135305", "values": [{"date": "2023-09-21-11-00-00", "alternatives": [5, 75, 75, 75]}, {"date": "2023-09-21-11-00-00", "alternatives": [5, 75, 75, 75]}, {"date": "2023-09-21-11-00-00", "alternatives": [5, 75, 75, 75]}, {"date": "2023-09-21-11-00-00", "alternatives": [5, 75, 75, 75]}, {"date": "2023-09-21-11-00-00", "alternatives": [5, 75, 75, 75]}, {"date": "2023-09-21-11-00-00", "alternatives": [5, 75, 75, 75]}, {"date": "2023-09-21-11-00-00", "alternatives": [5, 75, 75, 75]}, {"date": "2023-09-21-11-00-00", "alternatives": [5, 75, 75, 75]}, {"date": "2023-09-21-11-00-00", "alternatives": [5, 75, 75, 75]}, {"date": "2023-09-21-11-00-00", "alternatives": [5, 75, 75, 75]}, {"date": "2023-09-22-01-00-00", "alternatives": ["31", "3", "3"]}, {"date": "2023-09-21-05-00-00", "alternatives": ["31", "31", "3"]}, {"date": "2023-09-21-03-00-00", "alternatives": ["36", "316", "36"]}, {"date": "2023-09-21-21-00-00", "alternatives": [14, 44, 44, 44]}, {"date": "2023-09-21-21-00-00", "alternatives": [14, 44, 44, 44]}, {"date": "2023-09-21-21-00-00", "alternatives": [14, 44, 44, 44]}, {"date": "2023-09-21-21-00-00", "alternatives": [14, 44, 44, 44]}, {"date": "2023-09-21-21-00-00", "alternatives": [14, 44, 44, 44]}, {"date": "2023-09-21-21-00-00", "alternatives": [14, 44, 44, 44]}, {"date": "2023-09-21-21-00-00", "alternatives": [14, 44, 44, 44]}, {"date": "2023-09-22-00-00-00", "alternatives": ["28", "28", "2"]}, {"date": "2023-09-22-00-00-00", "alternatives": ["28", "28", "2"]}, {"date": "2023-09-22-00-00-00", "alternatives": ["28", "28", "2"]}]}, {"location": {"country_code": "ch"}, "game_id": "135305", "values": [{"date": "2023-09-21-21-00-00", "alternatives": [24, 24, 24]}, {"date": "2023-09-21-21-00-00", "alternatives": [24, 24, 24]}, {"date": "2023-09-21-21-00-00", "alternatives": [24, 24, 24]}]}, {"location": {"country_code": "de"}, "game_id": "135305", "values": [{"date": "2023-09-21-19-00-00", "alternatives": ["7", "17", "17"]}, {"date": "2023-09-21-19-00-00", "alternatives": ["7", "17", "17"]}, {"date": "2023-09-21-23-00-00", "alternatives": ["14", "4", "14"]}, {"date": "2023-09-21-23-00-00", "alternatives": ["14", "4", "14"]}, {"date": "2023-09-21-07-00-00", "alternatives": ["28", "28", "2"]}, {"date": "2023-09-21-15-00-00", "alternatives": ["26", "26", "26005"]}]}, {"location": {"country_code": "tw"}, "game_id": "135305", "values": [{"date": "2023-09-21-18-00-00", "alternatives": ["195", "901", "195"]}, {"date": "2023-09-21-18-00-00", "alternatives": ["195", "901", "195"]}, {"date": "2023-09-21-14-00-00", "alternatives": [2, 72, 2, 2]}, {"date": "2023-09-21-14-00-00", "alternatives": [2, 72, 2, 2]}, {"date": "2023-09-21-14-00-00", "alternatives": [2, 72, 2, 2]}, {"date": "2023-09-21-04-00-00", "alternatives": ["81", "818", "81"]}, {"date": "2023-09-21-16-00-00", "alternatives": ["59", "59", "9"]}, {"date": "2023-09-21-17-00-00", "alternatives": ["24", "241", "241"]}, {"date": "2023-09-21-17-00-00", "alternatives": ["24", "241", "241"]}, {"date": "2023-09-21-16-00-00", "alternatives": [16, 4, 46, 46, 46]}, {"date": "2023-09-21-16-00-00", "alternatives": [16, 4, 46, 46, 46]}, {"date": "2023-09-21-16-00-00", "alternatives": [16, 4, 46, 46, 46]}, {"date": "2023-09-21-16-00-00", "alternatives": [16, 4, 46, 46, 46]}, {"date": "2023-09-21-16-00-00", "alternatives": [16, 4, 46, 46, 46]}, {"date": "2023-09-21-16-00-00", "alternatives": [16, 4, 46, 46, 46]}, {"date": "2023-09-21-16-00-00", "alternatives": [16, 4, 46, 46, 46]}, {"date": "2023-09-21-16-00-00", "alternatives": [16, 4, 46, 46, 46]}, {"date": "2023-09-21-16-00-00", "alternatives": [16, 4, 46, 46, 46]}, {"date": "2023-09-21-16-00-00", "alternatives": [16, 4, 46, 46, 46]}, {"date": "2023-09-21-16-00-00", "alternatives": [16, 4, 46, 46, 46]}, {"date": "2023-09-21-16-00-00", "alternatives": [16, 4, 46, 46, 46]}, {"date": "2023-09-21-16-00-00", "alternatives": [16, 4, 46, 46, 46]}, {"date": "2023-09-21-16-00-00", "alternatives": [16, 4, 46, 46, 46]}, {"date": "2023-09-21-16-00-00", "alternatives": [16, 4, 46, 46, 46]}, {"date": "2023-09-21-16-00-00", "alternatives": [16, 4, 46, 46, 46]}, {"date": "2023-09-21-16-00-00", "alternatives": [16, 4, 46, 46, 46]}, {"date": "2023-09-21-16-00-00", "alternatives": [16, 4, 46, 46, 46]}, {"date": "2023-09-21-16-00-00", "alternatives": [16, 4, 46, 46, 46]}, {"date": "2023-09-21-16-00-00", "alternatives": [16, 4, 46, 46, 46]}, {"date": "2023-09-21-16-00-00", "alternatives": [16, 4, 46, 46, 46]}, {"date": "2023-09-21-16-00-00", "alternatives": [16, 4, 46, 46, 46]}, {"date": "2023-09-21-16-00-00", "alternatives": [16, 4, 46, 46, 46]}, {"date": "2023-09-21-16-00-00", "alternatives": [16, 4, 46, 46, 46]}, {"date": "2023-09-21-16-00-00", "alternatives": [16, 4, 46, 46, 46]}, {"date": "2023-09-21-16-00-00", "alternatives": [16, 4, 46, 46, 46]}, {"date": "2023-09-21-16-00-00", "alternatives": [16, 4, 46, 46, 46]}, {"date": "2023-09-21-16-00-00", "alternatives": [16, 4, 46, 46, 46]}, {"date": "2023-09-21-16-00-00", "alternatives": [16, 4, 46, 46, 46]}, {"date": "2023-09-21-16-00-00", "alternatives": [16, 4, 46, 46, 46]}, {"date": "2023-09-21-16-00-00", "alternatives": [16, 4, 46, 46, 46]}, {"date": "2023-09-21-16-00-00", "alternatives": [16, 4, 46, 46, 46]}, {"date": "2023-09-21-16-00-00", "alternatives": [16, 4, 46, 46, 46]}, {"date": "2023-09-21-16-00-00", "alternatives": [16, 4, 46, 46, 46]}, {"date": "2023-09-21-16-00-00", "alternatives": [16, 4, 46, 46, 46]}, {"date": "2023-09-21-16-00-00", "alternatives": [16, 4, 46, 46, 46]}, {"date": "2023-09-21-16-00-00", "alternatives": [16, 4, 46, 46, 46]}, {"date": "2023-09-21-16-00-00", "alternatives": [16, 4, 46, 46, 46]}, {"date": "2023-09-21-16-00-00", "alternatives": [16, 4, 46, 46, 46]}, {"date": "2023-09-21-16-00-00", "alternatives": [16, 4, 46, 46, 46]}, {"date": "2023-09-21-16-00-00", "alternatives": [16, 4, 46, 46, 46]}, {"date": "2023-09-21-16-00-00", "alternatives": [16, 4, 46, 46, 46]}, {"date": "2023-09-21-16-00-00", "alternatives": [16, 4, 46, 46, 46]}, {"date": "2023-09-21-16-00-00", "alternatives": [16, 4, 46, 46, 46]}, {"date": "2023-09-21-16-00-00", "alternatives": [16, 4, 46, 46, 46]}, {"date": "2023-09-21-16-00-00", "alternatives": [16, 4, 46, 46, 46]}, {"date": "2023-09-21-16-00-00", "alternatives": [16, 4, 46, 46, 46]}, {"date": "2023-09-21-16-00-00", "alternatives": [16, 4, 46, 46, 46]}, {"date": "2023-09-21-16-00-00", "alternatives": [16, 4, 46, 46, 46]}, {"date": "2023-09-21-16-00-00", "alternatives": [16, 4, 46, 46, 46]}, {"date": "2023-09-21-16-00-00", "alternatives": [16, 4, 46, 46, 46]}, {"date": "2023-09-21-16-00-00", "alternatives": [16, 4, 46, 46, 46]}, {"date": "2023-09-21-16-00-00", "alternatives": [16, 4, 46, 46, 46]}, {"date": "2023-09-21-16-00-00", "alternatives": [16, 4, 46, 46, 46]}, {"date": "2023-09-21-16-00-00", "alternatives": ["82", "82", "2"]}]}, {"location": {"country_code": "br", "region": "Parana", "city": "Araucaria"}, "game_id": "135305", "values": [{"date": "2023-09-21-18-00-00", "alternatives": ["42", "142", "142"]}, {"date": "2023-09-21-18-00-00", "alternatives": ["42", "142", "142"]}]}, {"location": {"country_code": "cl"}, "game_id": "135305", "values": [{"date": "2023-09-21-03-00-00", "alternatives": [7, 147, 147, 147]}, {"date": "2023-09-22-02-00-00", "alternatives": ["120", "120", "20"]}, {"date": "2023-09-22-00-00-00", "alternatives": ["187", "187", "7"]}, {"date": "2023-09-22-00-00-00", "alternatives": ["187", "187", "7"]}, {"date": "2023-09-21-06-00-00", "alternatives": ["59", "39", "39"]}, {"date": "2023-09-21-06-00-00", "alternatives": ["59", "39", "39"]}, {"date": "2023-09-21-06-00-00", "alternatives": ["59", "39", "39"]}, {"date": "2023-09-21-06-00-00", "alternatives": ["59", "39", "39"]}, {"date": "2023-09-21-06-00-00", "alternatives": ["59", "39", "39"]}]}, {"location": {"country_code": "ph"}, "game_id": "135305", "values": [{"date": "2023-09-21-13-00-00", "alternatives": ["61", "61", "6"]}, {"date": "2023-09-21-16-00-00", "alternatives": [8, 208, 208, 208]}, {"date": "2023-09-21-16-00-00", "alternatives": [8, 208, 208, 208]}, {"date": "2023-09-21-13-00-00", "alternatives": ["38", "138", "138"]}, {"date": "2023-09-21-13-00-00", "alternatives": ["38", "138", "138"]}, {"date": "2023-09-21-15-00-00", "alternatives": ["69", "69", "5"]}, {"date": "2023-09-21-15-00-00", "alternatives": ["69", "69", "5"]}, {"date": "2023-09-21-15-00-00", "alternatives": ["69", "69", "5"]}, {"date": "2023-09-21-15-00-00", "alternatives": ["69", "69", "59"]}, {"date": "2023-09-21-13-00-00", "alternatives": ["54", "4", "54"]}, {"date": "2023-09-21-16-00-00", "alternatives": [51, 1, 51, 51]}, {"date": "2023-09-21-16-00-00", "alternatives": [51, 1, 51, 51]}, {"date": "2023-09-21-16-00-00", "alternatives": [51, 1, 51, 51]}, {"date": "2023-09-21-16-00-00", "alternatives": [51, 1, 51, 51]}, {"date": "2023-09-21-16-00-00", "alternatives": [51, 1, 51, 51]}, {"date": "2023-09-21-13-00-00", "alternatives": [6, 194, 194, 194]}, {"date": "2023-09-21-13-00-00", "alternatives": [6, 194, 194, 194]}, {"date": "2023-09-21-13-00-00", "alternatives": [6, 194, 194, 194]}, {"date": "2023-09-21-23-00-00", "alternatives": ["53", "53", "9"]}, {"date": "2023-09-21-15-00-00", "alternatives": [7, 9, 9, 9]}, {"date": "2023-09-21-15-00-00", "alternatives": [7, 9, 9, 9]}, {"date": "2023-09-21-15-00-00", "alternatives": [7, 9, 9, 9]}, {"date": "2023-09-21-15-00-00", "alternatives": [7, 9, 9, 9]}, {"date": "2023-09-21-15-00-00", "alternatives": [7, 9, 9, 9]}, {"date": "2023-09-21-09-00-00", "alternatives": [60, 60, 60, 60]}, {"date": "2023-09-21-09-00-00", "alternatives": [60, 60, 60, 60]}, {"date": "2023-09-21-09-00-00", "alternatives": [60, 60, 60, 60]}, {"date": "2023-09-21-17-00-00", "alternatives": ["61", "61", "6"]}, {"date": "2023-09-21-17-00-00", "alternatives": ["61", "61", "6"]}, {"date": "2023-09-21-06-00-00", "alternatives": ["194", "94", "194"]}, {"date": "2023-09-21-06-00-00", "alternatives": ["194", "94", "194"]}, {"date": "2023-09-21-16-00-00", "alternatives": ["112", "112", "2"]}, {"date": "2023-09-21-16-00-00", "alternatives": ["112", "112", "2"]}]}, {"location": {"country_code": "fr"}, "game_id": "135305", "values": [{"date": "2023-09-21-22-00-00", "alternatives": ["3", "13", "13"]}, {"date": "2023-09-21-22-00-00", "alternatives": ["3", "13", "13"]}, {"date": "2023-09-21-22-00-00", "alternatives": ["3", "13", "13"]}, {"date": "2023-09-21-22-00-00", "alternatives": ["3", "13", "13"]}, {"date": "2023-09-21-22-00-00", "alternatives": ["4", "4", "14"]}, {"date": "2023-09-21-22-00-00", "alternatives": ["4", "4", "14"]}, {"date": "2023-09-21-14-00-00", "alternatives": ["51", "51", "5"]}, {"date": "2023-09-21-14-00-00", "alternatives": ["51", "51", "5"]}, {"date": "2023-09-21-14-00-00", "alternatives": ["51", "51", "5"]}, {"date": "2023-09-21-14-00-00", "alternatives": ["51", "51", "5"]}, {"date": "2023-09-21-14-00-00", "alternatives": ["51", "51", "5"]}, {"date": "2023-09-21-14-00-00", "alternatives": ["51", "51", "5"]}, {"date": "2023-09-21-14-00-00", "alternatives": ["51", "51", "5"]}, {"date": "2023-09-21-14-00-00", "alternatives": ["51", "51", "5"]}, {"date": "2023-09-21-14-00-00", "alternatives": ["51", "51", "5"]}, {"date": "2023-09-21-14-00-00", "alternatives": ["51", "51", "5"]}, {"date": "2023-09-21-21-00-00", "alternatives": [18, 8, 1, 1, 1]}, {"date": "2023-09-21-21-00-00", "alternatives": [18, 8, 1, 1, 1]}, {"date": "2023-09-21-21-00-00", "alternatives": [18, 8, 1, 1, 1]}, {"date": "2023-09-21-21-00-00", "alternatives": [18, 8, 1, 1, 1]}, {"date": "2023-09-21-20-00-00", "alternatives": [93, 33, 0, 93, 93]}, {"date": "2023-09-21-20-00-00", "alternatives": [93, 33, 0, 93, 93]}, {"date": "2023-09-21-20-00-00", "alternatives": [93, 33, 0, 93, 93]}, {"date": "2023-09-21-20-00-00", "alternatives": [93, 33, 0, 93, 93]}, {"date": "2023-09-21-16-00-00", "alternatives": ["31", "31", "3"]}, {"date": "2023-09-22-00-00-00", "alternatives": [24, 34, 24, 24]}, {"date": "2023-09-22-00-00-00", "alternatives": [24, 34, 24, 24]}, {"date": "2023-09-22-00-00-00", "alternatives": [24, 34, 24, 24]}, {"date": "2023-09-22-00-00-00", "alternatives": [24, 34, 24, 24]}, {"date": "2023-09-22-00-00-00", "alternatives": [24, 34, 24, 24]}, {"date": "2023-09-21-12-00-00", "alternatives": ["31", "31", "3"]}, {"date": "2023-09-21-12-00-00", "alternatives": ["31", "31", "3"]}, {"date": "2023-09-21-04-00-00", "alternatives": ["26", "26", "24"]}, {"date": "2023-09-21-04-00-00", "alternatives": ["26", "26", "24"]}]}, {"location": {"country_code": "us", "region": "New Jersey"}, "game_id": "135305", "values": [{"date": "2023-09-21-09-00-00", "alternatives": ["4", "4", "14"]}]}, {"location": {"country_code": "mx"}, "game_id": "135305", "values": [{"date": "2023-09-21-04-00-00", "alternatives": ["91", "91", "9"]}, {"date": "2023-09-22-00-00-00", "alternatives": ["87", "87", "7"]}, {"date": "2023-09-22-00-00-00", "alternatives": ["87", "87", "7"]}]}, {"location": {"country_code": "mx", "region": "Mexico City"}, "game_id": "135305", "values": [{"date": "2023-09-21-06-00-00", "alternatives": ["56", "55", "56"]}, {"date": "2023-09-21-06-00-00", "alternatives": ["56", "55", "56"]}, {"date": "2023-09-21-06-00-00", "alternatives": ["56", "55", "56"]}, {"date": "2023-09-21-10-00-00", "alternatives": [8, 5, 58, 58, 58]}, {"date": "2023-09-21-10-00-00", "alternatives": [8, 5, 58, 58, 58]}, {"date": "2023-09-21-10-00-00", "alternatives": [8, 5, 58, 58, 58]}]}, {"location": {"country_code": "in"}, "game_id": "135305", "values": [{"date": "2023-09-21-13-00-00", "alternatives": ["16", "6", "16"]}, {"date": "2023-09-21-13-00-00", "alternatives": ["16", "6", "16"]}, {"date": "2023-09-21-13-00-00", "alternatives": ["16", "6", "16"]}, {"date": "2023-09-21-13-00-00", "alternatives": ["16", "6", "16"]}, {"date": "2023-09-21-13-00-00", "alternatives": ["16", "6", "16"]}, {"date": "2023-09-21-13-00-00", "alternatives": ["16", "6", "16"]}, {"date": "2023-09-21-13-00-00", "alternatives": ["16", "6", "16"]}, {"date": "2023-09-21-13-00-00", "alternatives": ["16", "6", "16"]}, {"date": "2023-09-21-13-00-00", "alternatives": ["16", "6", "16"]}, {"date": "2023-09-21-20-00-00", "alternatives": ["74", "174", "174"]}]}, {"location": {"country_code": "br"}, "game_id": "135305", "values": [{"date": "2023-09-22-02-00-00", "alternatives": ["136", "13", "136"]}, {"date": "2023-09-22-02-00-00", "alternatives": ["136", "13", "136"]}, {"date": "2023-09-22-02-00-00", "alternatives": ["136", "13", "136"]}, {"date": "2023-09-22-02-00-00", "alternatives": ["136", "13", "136"]}, {"date": "2023-09-22-02-00-00", "alternatives": ["136", "13", "136"]}, {"date": "2023-09-22-02-00-00", "alternatives": ["9", "9", "149"]}, {"date": "2023-09-22-02-00-00", "alternatives": ["9", "9", "149"]}, {"date": "2023-09-22-02-00-00", "alternatives": ["9", "9", "149"]}, {"date": "2023-09-22-02-00-00", "alternatives": ["9", "9", "149"]}, {"date": "2023-09-22-02-00-00", "alternatives": ["9", "9", "149"]}, {"date": "2023-09-21-16-00-00", "alternatives": [50, 150, 1590, 50, 50, 150]}, {"date": "2023-09-21-16-00-00", "alternatives": [50, 150, 1590, 50, 50, 150]}, {"date": "2023-09-21-16-00-00", "alternatives": [50, 150, 1590, 50, 50, 150]}, {"date": "2023-09-21-16-00-00", "alternatives": [50, 150, 1590, 50, 50, 150]}, {"date": "2023-09-21-16-00-00", "alternatives": [50, 150, 1590, 50, 50, 150]}, {"date": "2023-09-21-16-00-00", "alternatives": [50, 150, 1590, 50, 50, 150]}, {"date": "2023-09-21-16-00-00", "alternatives": [50, 150, 1590, 50, 50, 150]}, {"date": "2023-09-21-16-00-00", "alternatives": [50, 150, 1590, 50, 50, 150]}, {"date": "2023-09-21-16-00-00", "alternatives": [50, 150, 1590, 50, 50, 150]}, {"date": "2023-09-21-04-00-00", "alternatives": [2, 129, 129, 129]}, {"date": "2023-09-21-04-00-00", "alternatives": [2, 129, 129, 129]}, {"date": "2023-09-21-04-00-00", "alternatives": [2, 129, 129, 129]}, {"date": "2023-09-21-04-00-00", "alternatives": [2, 129, 129, 129]}, {"date": "2023-09-21-04-00-00", "alternatives": [2, 129, 129, 129]}, {"date": "2023-09-22-00-00-00", "alternatives": [14, 4, 141, 4, 4]}, {"date": "2023-09-22-00-00-00", "alternatives": [14, 4, 141, 4, 4]}, {"date": "2023-09-22-00-00-00", "alternatives": [14, 4, 141, 4, 4]}, {"date": "2023-09-22-01-00-00", "alternatives": ["65", "165", "165"]}, {"date": "2023-09-22-01-00-00", "alternatives": ["65", "165", "165"]}, {"date": "2023-09-21-02-00-00", "alternatives": [96, 9, 90, 9, 9]}, {"date": "2023-09-21-02-00-00", "alternatives": [96, 9, 90, 9, 9]}, {"date": "2023-09-21-02-00-00", "alternatives": [96, 9, 90, 9, 9]}, {"date": "2023-09-21-02-00-00", "alternatives": [96, 9, 90, 9, 9]}, {"date": "2023-09-21-02-00-00", "alternatives": [96, 9, 90, 9, 9]}, {"date": "2023-09-21-02-00-00", "alternatives": [96, 9, 90, 9, 9]}, {"date": "2023-09-21-02-00-00", "alternatives": [96, 9, 90, 9, 9]}, {"date": "2023-09-21-02-00-00", "alternatives": [96, 9, 90, 9, 9]}, {"date": "2023-09-21-22-00-00", "alternatives": ["44", "144", "144"]}, {"date": "2023-09-21-22-00-00", "alternatives": ["44", "144", "144"]}]}, {"location": {"country_code": "pt"}, "game_id": "135305", "values": [{"date": "2023-09-21-05-00-00", "alternatives": ["106", "1", "106"]}]}, {"location": {"country_code": "br", "region": "Sao Paulo", "city": "Apiai"}, "game_id": "135305", "values": [{"date": "2023-09-21-05-00-00", "alternatives": ["17", "171", "17"]}, {"date": "2023-09-21-05-00-00", "alternatives": ["17", "171", "17"]}, {"date": "2023-09-21-05-00-00", "alternatives": ["17", "171", "17"]}, {"date": "2023-09-21-05-00-00", "alternatives": ["17", "171", "17"]}, {"date": "2023-09-21-16-00-00", "alternatives": [13415, 134, 138, 134, 134]}, {"date": "2023-09-21-16-00-00", "alternatives": [13415, 134, 138, 134, 134]}, {"date": "2023-09-21-16-00-00", "alternatives": [13415, 134, 138, 134, 134]}, {"date": "2023-09-21-16-00-00", "alternatives": [13415, 134, 138, 134, 134]}, {"date": "2023-09-21-16-00-00", "alternatives": [13415, 134, 138, 134, 134]}, {"date": "2023-09-21-16-00-00", "alternatives": [13415, 134, 138, 134, 134]}, {"date": "2023-09-21-16-00-00", "alternatives": [13415, 134, 138, 134, 134]}, {"date": "2023-09-22-01-00-00", "alternatives": ["729", "129", "129"]}, {"date": "2023-09-22-01-00-00", "alternatives": ["729", "129", "129"]}, {"date": "2023-09-22-01-00-00", "alternatives": ["729", "129", "129"]}, {"date": "2023-09-21-03-00-00", "alternatives": ["14", "4", "14"]}, {"date": "2023-09-21-03-00-00", "alternatives": ["14", "4", "14"]}]}, {"location": {"country_code": "se", "region": "Jonkoping County", "city": "Jonkoping"}, "game_id": "135305", "values": [{"date": "2023-09-21-03-00-00", "alternatives": [3, 44, 144, 144, 144]}, {"date": "2023-09-21-03-00-00", "alternatives": [3, 44, 144, 144, 144]}, {"date": "2023-09-21-03-00-00", "alternatives": [3, 44, 144, 144, 144]}, {"date": "2023-09-21-03-00-00", "alternatives": [3, 44, 144, 144, 144]}, {"date": "2023-09-21-03-00-00", "alternatives": [3, 44, 144, 144, 144]}, {"date": "2023-09-21-03-00-00", "alternatives": [3, 44, 144, 144, 144]}, {"date": "2023-09-21-03-00-00", "alternatives": [3, 44, 144, 144, 144]}, {"date": "2023-09-21-03-00-00", "alternatives": [3, 44, 144, 144, 144]}, {"date": "2023-09-21-03-00-00", "alternatives": [3, 44, 144, 144, 144]}]}, {"location": {"country_code": "no"}, "game_id": "135305", "values": [{"date": "2023-09-21-17-00-00", "alternatives": ["12", "2", "12"]}, {"date": "2023-09-21-17-00-00", "alternatives": ["12", "2", "12"]}, {"date": "2023-09-21-17-00-00", "alternatives": ["12", "2", "12"]}, {"date": "2023-09-21-17-00-00", "alternatives": ["12", "2", "12"]}, {"date": "2023-09-21-17-00-00", "alternatives": ["12", "2", "12"]}, {"date": "2023-09-21-17-00-00", "alternatives": ["12", "2", "12"]}, {"date": "2023-09-21-17-00-00", "alternatives": ["12", "2", "12"]}, {"date": "2023-09-21-17-00-00", "alternatives": ["12", "2", "12"]}, {"date": "2023-09-21-17-00-00", "alternatives": ["12", "2", "12"]}, {"date": "2023-09-21-17-00-00", "alternatives": ["12", "2", "12"]}, {"date": "2023-09-21-17-00-00", "alternatives": ["12", "2", "12"]}]}, {"location": {"country_code": "us", "region": "California", "city": "East Los Angeles"}, "game_id": "135305", "values": [{"date": "2023-09-21-06-00-00", "alternatives": ["84", "8", "84"]}, {"date": "2023-09-21-06-00-00", "alternatives": ["84", "8", "84"]}, {"date": "2023-09-21-06-00-00", "alternatives": ["84", "8", "84"]}, {"date": "2023-09-21-06-00-00", "alternatives": ["84", "8", "84"]}, {"date": "2023-09-21-06-00-00", "alternatives": ["84", "8", "84"]}, {"date": "2023-09-21-06-00-00", "alternatives": ["84", "8", "84"]}, {"date": "2023-09-21-18-00-00", "alternatives": [3, 143, 143, 143]}, {"date": "2023-09-21-18-00-00", "alternatives": [3, 143, 143, 143]}, {"date": "2023-09-21-18-00-00", "alternatives": [3, 143, 143, 143]}]}, {"location": {"country_code": "ec"}, "game_id": "135305", "values": [{"date": "2023-09-21-18-00-00", "alternatives": ["2", "132", "132"]}, {"date": "2023-09-21-18-00-00", "alternatives": ["2", "132", "132"]}, {"date": "2023-09-21-07-00-00", "alternatives": ["02", "102", "102"]}, {"date": "2023-09-21-07-00-00", "alternatives": ["02", "102", "102"]}]}, {"location": {"country_code": "au"}, "game_id": "135305", "values": [{"date": "2023-09-21-11-00-00", "alternatives": [0, 150, 150, 150, 150]}, {"date": "2023-09-21-11-00-00", "alternatives": [0, 150, 150, 150, 150]}, {"date": "2023-09-21-15-00-00", "alternatives": ["199", "661", "199"]}, {"date": "2023-09-21-16-00-00", "alternatives": ["285", "235", "235"]}, {"date": "2023-09-21-16-00-00", "alternatives": ["285", "235", "235"]}, {"date": "2023-09-21-16-00-00", "alternatives": ["285", "235", "235"]}, {"date": "2023-09-21-16-00-00", "alternatives": ["285", "235", "235"]}, {"date": "2023-09-21-13-00-00", "alternatives": ["369", "690", "369"]}, {"date": "2023-09-21-13-00-00", "alternatives": ["369", "690", "369"]}, {"date": "2023-09-21-10-00-00", "alternatives": [25, 24, 254, 254, 254, 254]}, {"date": "2023-09-21-10-00-00", "alternatives": [25, 24, 254, 254, 254, 254]}, {"date": "2023-09-21-10-00-00", "alternatives": [25, 24, 254, 254, 254, 254]}, {"date": "2023-09-21-10-00-00", "alternatives": [25, 24, 254, 254, 254, 254]}, {"date": "2023-09-21-10-00-00", "alternatives": [25, 24, 254, 254, 254, 254]}, {"date": "2023-09-21-10-00-00", "alternatives": [25, 24, 254, 254, 254, 254]}, {"date": "2023-09-21-10-00-00", "alternatives": ["271", "271", "211"]}, {"date": "2023-09-21-10-00-00", "alternatives": ["271", "271", "211"]}]}, {"location": {"country_code": "es", "region": "Madrid", "city": "Parla"}, "game_id": "135305", "values": [{"date": "2023-09-21-23-00-00", "alternatives": ["39", "62", "39"]}]}, {"location": {"country_code": "tr"}, "game_id": "135305", "values": [{"date": "2023-09-21-16-00-00", "alternatives": ["86", "86", "6"]}, {"date": "2023-09-21-16-00-00", "alternatives": ["86", "86", "6"]}, {"date": "2023-09-21-17-00-00", "alternatives": ["53", "53", "533"]}, {"date": "2023-09-21-17-00-00", "alternatives": ["53", "53", "533"]}]}, {"location": {"country_code": "kr"}, "game_id": "135305", "values": [{"date": "2023-09-21-09-00-00", "alternatives": ["3", "43", "43"]}, {"date": "2023-09-21-09-00-00", "alternatives": ["3", "43", "43"]}]}, {"location": {"country_code": "es"}, "game_id": "135305", "values": [{"date": "2023-09-21-17-00-00", "alternatives": ["4", "44", "44"]}]}, {"location": {"country_code": "sa"}, "game_id": "135305", "values": [{"date": "2023-09-21-17-00-00", "alternatives": [80, 0, 80, 80]}, {"date": "2023-09-21-17-00-00", "alternatives": [80, 0, 80, 80]}, {"date": "2023-09-21-17-00-00", "alternatives": [80, 0, 80, 80]}, {"date": "2023-09-21-17-00-00", "alternatives": [80, 0, 80, 80]}, {"date": "2023-09-21-16-00-00", "alternatives": ["141", "4", "141"]}]}, {"location": {"country_code": "ar"}, "game_id": "135305", "values": [{"date": "2023-09-21-23-00-00", "alternatives": ["16", "164", "164"]}, {"date": "2023-09-21-23-00-00", "alternatives": ["16", "164", "164"]}, {"date": "2023-09-21-23-00-00", "alternatives": ["16", "164", "164"]}, {"date": "2023-09-21-23-00-00", "alternatives": ["16", "164", "164"]}, {"date": "2023-09-21-23-00-00", "alternatives": ["16", "164", "164"]}, {"date": "2023-09-21-23-00-00", "alternatives": ["16", "164", "164"]}, {"date": "2023-09-21-23-00-00", "alternatives": ["16", "164", "164"]}, {"date": "2023-09-21-23-00-00", "alternatives": ["16", "164", "164"]}, {"date": "2023-09-21-10-00-00", "alternatives": ["16", "161", "161"]}, {"date": "2023-09-21-08-00-00", "alternatives": ["52", "152", "152"]}, {"date": "2023-09-21-08-00-00", "alternatives": ["52", "152", "152"]}, {"date": "2023-09-21-08-00-00", "alternatives": ["52", "152", "152"]}, {"date": "2023-09-21-08-00-00", "alternatives": ["52", "152", "152"]}, {"date": "2023-09-21-08-00-00", "alternatives": ["52", "152", "152"]}, {"date": "2023-09-21-05-00-00", "alternatives": ["161", "1", "161"]}, {"date": "2023-09-21-05-00-00", "alternatives": ["161", "1", "161"]}, {"date": "2023-09-21-05-00-00", "alternatives": ["161", "1", "161"]}, {"date": "2023-09-21-05-00-00", "alternatives": ["161", "1", "161"]}, {"date": "2023-09-21-05-00-00", "alternatives": ["161", "1", "161"]}, {"date": "2023-09-21-05-00-00", "alternatives": ["161", "1", "161"]}]}, {"location": {"country_code": "vn"}, "game_id": "135305", "values": [{"date": "2023-09-21-17-00-00", "alternatives": ["85", "85", "5"]}, {"date": "2023-09-21-15-00-00", "alternatives": [17, 77, 77, 77]}]}, {"location": {"country_code": "de", "region": "Free and Hanseatic City of Hamburg", "city": "Hamburg"}, "game_id": "135305", "values": [{"date": "2023-09-21-23-00-00", "alternatives": ["0", "40", "40"]}]}, {"location": {"country_code": "ar", "region": "Buenos Aires F.D.", "city": "Bahia Blanca"}, "game_id": "135305", "values": [{"date": "2023-09-22-01-00-00", "alternatives": [53, 153, 153, 153]}, {"date": "2023-09-22-01-00-00", "alternatives": [53, 153, 153, 153]}, {"date": "2023-09-22-01-00-00", "alternatives": [53, 153, 153, 153]}, {"date": "2023-09-22-01-00-00", "alternatives": [53, 153, 153, 153]}, {"date": "2023-09-22-01-00-00", "alternatives": [53, 153, 153, 153]}, {"date": "2023-09-22-01-00-00", "alternatives": [53, 153, 153, 153]}, {"date": "2023-09-22-01-00-00", "alternatives": [53, 153, 153, 153]}]}, {"location": {"country_code": "jp", "region": "Tokyo"}, "game_id": "135305", "values": [{"date": "2023-09-21-20-00-00", "alternatives": ["14", "4", "14"]}, {"date": "2023-09-21-20-00-00", "alternatives": ["14", "4", "14"]}, {"date": "2023-09-21-20-00-00", "alternatives": ["14", "4", "14"]}, {"date": "2023-09-21-20-00-00", "alternatives": ["14", "4", "14"]}, {"date": "2023-09-21-10-00-00", "alternatives": ["10", "10", "0"]}, {"date": "2023-09-21-19-00-00", "alternatives": ["48", "48", "148"]}, {"date": "2023-09-21-03-00-00", "alternatives": ["22", "212", "212"]}]}, {"location": {"country_code": "us", "region": "Texas", "city": "Houston"}, "game_id": "135305", "values": [{"date": "2023-09-21-05-00-00", "alternatives": ["142", "42", "142"]}, {"date": "2023-09-21-05-00-00", "alternatives": ["142", "42", "142"]}, {"date": "2023-09-21-05-00-00", "alternatives": ["142", "42", "142"]}, {"date": "2023-09-21-05-00-00", "alternatives": ["142", "42", "142"]}, {"date": "2023-09-21-05-00-00", "alternatives": ["142", "42", "142"]}]}, {"location": {"country_code": "pe", "region": "Lima region", "city": "Nuevo Lince"}, "game_id": "135305", "values": [{"date": "2023-09-21-09-00-00", "alternatives": [4, 94, 94, 94]}, {"date": "2023-09-21-09-00-00", "alternatives": [4, 94, 94, 94]}, {"date": "2023-09-21-09-00-00", "alternatives": [4, 94, 94, 94]}, {"date": "2023-09-21-09-00-00", "alternatives": [4, 94, 94, 94]}, {"date": "2023-09-21-09-00-00", "alternatives": [4, 94, 94, 94]}, {"date": "2023-09-21-09-00-00", "alternatives": [4, 94, 94, 94]}, {"date": "2023-09-21-09-00-00", "alternatives": [4, 94, 94, 94]}]}, {"location": {"country_code": "co"}, "game_id": "135305", "values": [{"date": "2023-09-21-07-00-00", "alternatives": [7, 2451, 245, 245, 245]}, {"date": "2023-09-21-07-00-00", "alternatives": [7, 2451, 245, 245, 245]}, {"date": "2023-09-21-07-00-00", "alternatives": [7, 2451, 245, 245, 245]}, {"date": "2023-09-21-07-00-00", "alternatives": [7, 2451, 245, 245, 245]}, {"date": "2023-09-21-07-00-00", "alternatives": [7, 2451, 245, 245, 245]}, {"date": "2023-09-21-07-00-00", "alternatives": [7, 2451, 245, 245, 245]}, {"date": "2023-09-22-02-00-00", "alternatives": ["91", "91", "9"]}, {"date": "2023-09-21-04-00-00", "alternatives": ["9", "94", "94"]}, {"date": "2023-09-21-04-00-00", "alternatives": ["9", "94", "94"]}, {"date": "2023-09-21-04-00-00", "alternatives": ["9", "94", "94"]}]}, {"location": {"country_code": "cn"}, "game_id": "135305", "values": [{"date": "2023-09-21-18-00-00", "alternatives": [9, 84, 84, 4, 84]}, {"date": "2023-09-21-18-00-00", "alternatives": [9, 84, 84, 4, 84]}, {"date": "2023-09-21-18-00-00", "alternatives": [9, 84, 84, 4, 84]}, {"date": "2023-09-21-18-00-00", "alternatives": [9, 84, 84, 4, 84]}, {"date": "2023-09-21-18-00-00", "alternatives": [9, 84, 84, 4, 84]}, {"date": "2023-09-21-18-00-00", "alternatives": [9, 84, 84, 4, 84]}]}, {"location": {"country_code": "es", "region": "Catalonia", "city": "l'Hospitalet de Llobregat"}, "game_id": "135305", "values": [{"date": "2023-09-21-14-00-00", "alternatives": ["99", "66", "99"]}]}, {"location": {"country_code": "pl"}, "game_id": "135305", "values": [{"date": "2023-09-21-19-00-00", "alternatives": ["28", "28", "2"]}, {"date": "2023-09-21-22-00-00", "alternatives": ["32", "32", "0"]}, {"date": "2023-09-21-22-00-00", "alternatives": ["32", "32", "0"]}]}, {"location": {"country_code": "us", "region": "North Carolina"}, "game_id": "135305", "values": [{"date": "2023-09-21-06-00-00", "alternatives": ["4", "4", "14"]}, {"date": "2023-09-21-06-00-00", "alternatives": ["4", "4", "14"]}, {"date": "2023-09-21-06-00-00", "alternatives": ["4", "4", "14"]}]}, {"location": {"country_code": "us", "region": "Nevada", "city": "Las Vegas"}, "game_id": "135305", "values": [{"date": "2023-09-21-05-00-00", "alternatives": [1, 101, 101, 101]}, {"date": "2023-09-21-05-00-00", "alternatives": [1, 101, 101, 101]}, {"date": "2023-09-21-05-00-00", "alternatives": [1, 101, 101, 101]}, {"date": "2023-09-21-05-00-00", "alternatives": [1, 101, 101, 101]}, {"date": "2023-09-21-05-00-00", "alternatives": [1, 101, 101, 101]}, {"date": "2023-09-21-05-00-00", "alternatives": [1, 101, 101, 101]}, {"date": "2023-09-21-05-00-00", "alternatives": [1, 101, 101, 101]}, {"date": "2023-09-21-05-00-00", "alternatives": [1, 101, 101, 101]}, {"date": "2023-09-21-05-00-00", "alternatives": [1, 101, 101, 101]}, {"date": "2023-09-21-05-00-00", "alternatives": [1, 101, 101, 101]}, {"date": "2023-09-21-16-00-00", "alternatives": ["7", "74", "74"]}]}, {"location": {"country_code": "gb", "region": "England", "city": "London"}, "game_id": "135305", "values": [{"date": "2023-09-22-00-00-00", "alternatives": ["25", "287", "25"]}]}, {"location": {"country_code": "pe"}, "game_id": "135305", "values": [{"date": "2023-09-21-03-00-00", "alternatives": ["16", "116", "116"]}, {"date": "2023-09-21-03-00-00", "alternatives": ["16", "116", "116"]}, {"date": "2023-09-21-04-00-00", "alternatives": ["90", "06", "90"]}, {"date": "2023-09-21-04-00-00", "alternatives": ["90", "06", "90"]}, {"date": "2023-09-21-06-00-00", "alternatives": [10, 108, 108, 108]}, {"date": "2023-09-21-05-00-00", "alternatives": ["89", "89", "97"]}, {"date": "2023-09-21-13-00-00", "alternatives": [5, 20, 90, 90, 90]}, {"date": "2023-09-21-21-00-00", "alternatives": [91, 1, 9, 91, 91]}, {"date": "2023-09-21-21-00-00", "alternatives": [91, 1, 9, 91, 91]}, {"date": "2023-09-21-21-00-00", "alternatives": [91, 1, 9, 91, 91]}, {"date": "2023-09-21-21-00-00", "alternatives": [91, 1, 9, 91, 91]}, {"date": "2023-09-21-21-00-00", "alternatives": [91, 1, 9, 91, 91]}, {"date": "2023-09-21-21-00-00", "alternatives": [91, 1, 9, 91, 91]}, {"date": "2023-09-21-07-00-00", "alternatives": ["02", "102", "102"]}, {"date": "2023-09-22-02-00-00", "alternatives": ["90", "06", "90"]}, {"date": "2023-09-22-02-00-00", "alternatives": ["90", "06", "90"]}, {"date": "2023-09-22-02-00-00", "alternatives": ["90", "06", "90"]}]}, {"location": {"country_code": "sg"}, "game_id": "135305", "values": [{"date": "2023-09-21-23-00-00", "alternatives": ["93", "89", "93"]}, {"date": "2023-09-21-23-00-00", "alternatives": ["93", "89", "93"]}, {"date": "2023-09-21-18-00-00", "alternatives": ["83", "83", "22"]}, {"date": "2023-09-21-13-00-00", "alternatives": [77, 7, 77, 77]}, {"date": "2023-09-21-13-00-00", "alternatives": [77, 7, 77, 77]}, {"date": "2023-09-21-13-00-00", "alternatives": [77, 7, 77, 77]}, {"date": "2023-09-21-13-00-00", "alternatives": [77, 7, 77, 77]}, {"date": "2023-09-21-13-00-00", "alternatives": [77, 7, 77, 77]}, {"date": "2023-09-21-13-00-00", "alternatives": [77, 7, 77, 77]}, {"date": "2023-09-21-20-00-00", "alternatives": ["86", "86", "6"]}, {"date": "2023-09-21-20-00-00", "alternatives": ["86", "86", "6"]}, {"date": "2023-09-21-20-00-00", "alternatives": ["86", "86", "6"]}, {"date": "2023-09-21-20-00-00", "alternatives": ["86", "86", "6"]}, {"date": "2023-09-21-20-00-00", "alternatives": ["86", "86", "6"]}, {"date": "2023-09-21-20-00-00", "alternatives": ["86", "86", "6"]}, {"date": "2023-09-21-20-00-00", "alternatives": ["86", "86", "6"]}, {"date": "2023-09-21-20-00-00", "alternatives": ["86", "86", "6"]}, {"date": "2023-09-21-20-00-00", "alternatives": ["86", "86", "6"]}, {"date": "2023-09-21-13-00-00", "alternatives": [6, 84, 4, 84, 84, 4]}, {"date": "2023-09-21-13-00-00", "alternatives": [6, 84, 4, 84, 84, 4]}, {"date": "2023-09-21-13-00-00", "alternatives": [6, 84, 4, 84, 84, 4]}, {"date": "2023-09-21-13-00-00", "alternatives": [6, 84, 4, 84, 84, 4]}, {"date": "2023-09-21-13-00-00", "alternatives": [6, 84, 4, 84, 84, 4]}, {"date": "2023-09-21-13-00-00", "alternatives": [6, 84, 4, 84, 84, 4]}, {"date": "2023-09-21-13-00-00", "alternatives": [6, 84, 4, 84, 84, 4]}]}, {"location": {"country_code": "fr", "region": "Occitanie", "city": "Toulouse"}, "game_id": "135305", "values": [{"date": "2023-09-22-01-00-00", "alternatives": ["130", "130", "30"]}]}, {"location": {"country_code": "us", "region": "District of Columbia", "city": "Washington"}, "game_id": "135305", "values": [{"date": "2023-09-22-02-00-00", "alternatives": ["88", "83", "83"]}, {"date": "2023-09-22-02-00-00", "alternatives": ["88", "83", "83"]}, {"date": "2023-09-22-02-00-00", "alternatives": ["88", "83", "83"]}]}, {"location": {"country_code": "ca", "region": "Ontario", "city": "Toronto"}, "game_id": "135305", "values": [{"date": "2023-09-22-00-00-00", "alternatives": ["10", "40", "40"]}, {"date": "2023-09-22-00-00-00", "alternatives": ["10", "40", "40"]}, {"date": "2023-09-22-00-00-00", "alternatives": ["10", "40", "40"]}]}, {"location": {"country_code": "ru"}, "game_id": "135305", "values": [{"date": "2023-09-21-20-00-00", "alternatives": ["56", "510", "56"]}, {"date": "2023-09-22-00-00-00", "alternatives": [13, 43, 43, 43]}, {"date": "2023-09-22-00-00-00", "alternatives": [13, 43, 43, 43]}]}, {"location": {"country_code": "my"}, "game_id": "135305", "values": [{"date": "2023-09-21-10-00-00", "alternatives": ["6", "136", "136"]}, {"date": "2023-09-21-10-00-00", "alternatives": ["6", "136", "136"]}, {"date": "2023-09-21-10-00-00", "alternatives": ["6", "136", "136"]}, {"date": "2023-09-21-10-00-00", "alternatives": ["6", "136", "136"]}, {"date": "2023-09-21-10-00-00", "alternatives": ["6", "136", "136"]}, {"date": "2023-09-21-10-00-00", "alternatives": ["6", "136", "136"]}, {"date": "2023-09-21-10-00-00", "alternatives": ["6", "136", "136"]}, {"date": "2023-09-21-12-00-00", "alternatives": ["7", "249", "249"]}, {"date": "2023-09-21-05-00-00", "alternatives": ["97", "97", "7"]}, {"date": "2023-09-21-19-00-00", "alternatives": ["96", "96", "95"]}, {"date": "2023-09-21-19-00-00", "alternatives": ["96", "96", "95"]}, {"date": "2023-09-21-07-00-00", "alternatives": [259, 2589, 259, 259]}, {"date": "2023-09-21-07-00-00", "alternatives": [259, 2589, 259, 259]}, {"date": "2023-09-21-07-00-00", "alternatives": [259, 2589, 259, 259]}, {"date": "2023-09-21-07-00-00", "alternatives": [259, 2589, 259, 259]}, {"date": "2023-09-21-07-00-00", "alternatives": [259, 2589, 259, 259]}, {"date": "2023-09-21-07-00-00", "alternatives": [259, 2589, 259, 259]}, {"date": "2023-09-21-16-00-00", "alternatives": ["0", "243", "243"]}, {"date": "2023-09-21-16-00-00", "alternatives": ["0", "243", "243"]}, {"date": "2023-09-21-16-00-00", "alternatives": ["0", "243", "243"]}]}, {"location": {"country_code": "id"}, "game_id": "135305", "values": [{"date": "2023-09-21-11-00-00", "alternatives": ["05", "105", "105"]}, {"date": "2023-09-21-11-00-00", "alternatives": ["05", "105", "105"]}, {"date": "2023-09-21-11-00-00", "alternatives": ["05", "105", "105"]}, {"date": "2023-09-21-11-00-00", "alternatives": ["05", "105", "105"]}, {"date": "2023-09-21-15-00-00", "alternatives": ["257", "2", "257"]}, {"date": "2023-09-21-15-00-00", "alternatives": ["257", "2", "257"]}, {"date": "2023-09-21-15-00-00", "alternatives": ["257", "2", "257"]}, {"date": "2023-09-21-20-00-00", "alternatives": ["1", "1", "104"]}]}, {"location": {"country_code": "mx", "region": "Nuevo Leon", "city": "Monterrey"}, "game_id": "135305", "values": [{"date": "2023-09-21-09-00-00", "alternatives": ["65", "65", "48"]}]}, {"location": {"country_code": "br", "region": "Rio Grande do Sul", "city": "Porto Alegre"}, "game_id": "135305", "values": [{"date": "2023-09-22-01-00-00", "alternatives": ["48", "148", "148"]}, {"date": "2023-09-22-01-00-00", "alternatives": ["48", "148", "148"]}, {"date": "2023-09-22-01-00-00", "alternatives": ["48", "148", "148"]}, {"date": "2023-09-22-01-00-00", "alternatives": ["48", "148", "148"]}, {"date": "2023-09-22-01-00-00", "alternatives": ["48", "148", "148"]}, {"date": "2023-09-22-01-00-00", "alternatives": ["48", "148", "148"]}, {"date": "2023-09-22-01-00-00", "alternatives": ["48", "148", "148"]}, {"date": "2023-09-22-01-00-00", "alternatives": ["48", "148", "148"]}, {"date": "2023-09-22-01-00-00", "alternatives": ["48", "148", "148"]}, {"date": "2023-09-22-01-00-00", "alternatives": ["48", "148", "148"]}]}, {"location": {"country_code": "tr", "region": "Marmara Bolgesi", "city": "Bursa"}, "game_id": "135305", "values": [{"date": "2023-09-21-21-00-00", "alternatives": ["106", "106", "104"]}]}, {"location": {"country_code": "br", "region": "State of Rio de Janeiro", "city": "Angra dos Reis"}, "game_id": "135305", "values": [{"date": "2023-09-21-05-00-00", "alternatives": ["134", "13", "134"]}, {"date": "2023-09-21-05-00-00", "alternatives": ["134", "13", "134"]}, {"date": "2023-09-21-22-00-00", "alternatives": ["119", "119", "9"]}, {"date": "2023-09-21-22-00-00", "alternatives": ["119", "119", "9"]}, {"date": "2023-09-21-22-00-00", "alternatives": ["119", "119", "9"]}, {"date": "2023-09-21-22-00-00", "alternatives": ["119", "119", "9"]}, {"date": "2023-09-21-22-00-00", "alternatives": ["119", "119", "9"]}, {"date": "2023-09-21-22-00-00", "alternatives": ["119", "119", "9"]}]}, {"location": {"country_code": "us", "region": "Florida", "city": "Miami"}, "game_id": "135305", "values": [{"date": "2023-09-21-03-00-00", "alternatives": [28, 28, 28]}, {"date": "2023-09-21-03-00-00", "alternatives": [28, 28, 28]}, {"date": "2023-09-21-03-00-00", "alternatives": [28, 28, 28]}]}, {"location": {"country_code": "cn", "region": "Hong Kong"}, "game_id": "135305", "values": [{"date": "2023-09-21-12-00-00", "alternatives": ["58", "58", "534"]}, {"date": "2023-09-21-15-00-00", "alternatives": ["55", "55", "5"]}]}, {"location": {"country_code": "fr", "region": "Ile-de-France Region", "city": "Paris"}, "game_id": "135305", "values": [{"date": "2023-09-21-20-00-00", "alternatives": [1, 4, 14, 14, 14]}, {"date": "2023-09-21-20-00-00", "alternatives": [1, 4, 14, 14, 14]}, {"date": "2023-09-21-20-00-00", "alternatives": [1, 4, 14, 14, 14]}, {"date": "2023-09-21-20-00-00", "alternatives": [1, 4, 14, 14, 14]}, {"date": "2023-09-21-20-00-00", "alternatives": [1, 4, 14, 14, 14]}, {"date": "2023-09-21-20-00-00", "alternatives": [1, 4, 14, 14, 14]}, {"date": "2023-09-21-20-00-00", "alternatives": [1, 4, 14, 14, 14]}, {"date": "2023-09-21-20-00-00", "alternatives": [1, 4, 14, 14, 14]}, {"date": "2023-09-21-20-00-00", "alternatives": [1, 4, 14, 14, 14]}, {"date": "2023-09-21-20-00-00", "alternatives": [1, 4, 14, 14, 14]}, {"date": "2023-09-21-23-00-00", "alternatives": ["2", "24", "24"]}]}, {"location": {"country_code": "cl", "region": "Valparaiso", "city": "San Antonio"}, "game_id": "135305", "values": [{"date": "2023-09-21-05-00-00", "alternatives": [10, 130, 30, 130, 130, 1]}, {"date": "2023-09-21-05-00-00", "alternatives": [10, 130, 30, 130, 130, 1]}, {"date": "2023-09-21-05-00-00", "alternatives": [10, 130, 30, 130, 130, 1]}, {"date": "2023-09-21-05-00-00", "alternatives": [10, 130, 30, 130, 130, 1]}, {"date": "2023-09-21-05-00-00", "alternatives": [10, 130, 30, 130, 130, 1]}, {"date": "2023-09-21-05-00-00", "alternatives": [10, 130, 30, 130, 130, 1]}]}, {"location": {"country_code": "mx", "region": "Jalisco", "city": "Guadalajara"}, "game_id": "135305", "values": [{"date": "2023-09-21-07-00-00", "alternatives": ["80", "0", "80"]}, {"date": "2023-09-21-07-00-00", "alternatives": ["80", "0", "80"]}, {"date": "2023-09-21-07-00-00", "alternatives": ["80", "0", "80"]}]}, {"location": {"country_code": "hn"}, "game_id": "135305", "values": [{"date": "2023-09-21-23-00-00", "alternatives": ["6", "68", "68"]}]}, {"location": {"country_code": "gb", "region": "England", "city": "Salford"}, "game_id": "135305", "values": [{"date": "2023-09-21-19-00-00", "alternatives": ["31", "31", "3"]}, {"date": "2023-09-21-19-00-00", "alternatives": ["31", "31", "3"]}, {"date": "2023-09-21-19-00-00", "alternatives": ["31", "31", "3"]}]}, {"location": {"country_code": "de", "region": "North Rhine-Westphalia", "city": "Cologne"}, "game_id": "135305", "values": [{"date": "2023-09-21-02-00-00", "alternatives": ["21", "21", "2"]}]}, {"location": {"country_code": "es", "region": "Madrid"}, "game_id": "135305", "values": [{"date": "2023-09-21-21-00-00", "alternatives": ["51", "1", "51"]}]}, {"location": {"country_code": "dj"}, "game_id": "135305", "values": [{"date": "2023-09-21-20-00-00", "alternatives": [1, 46, 46, 46]}, {"date": "2023-09-21-20-00-00", "alternatives": [1, 46, 46, 46]}, {"date": "2023-09-21-20-00-00", "alternatives": [1, 46, 46, 46]}, {"date": "2023-09-21-20-00-00", "alternatives": [1, 46, 46, 46]}, {"date": "2023-09-21-20-00-00", "alternatives": [1, 46, 46, 46]}]}, {"location": {"country_code": "us", "region": "Virginia", "city": "Richmond"}, "game_id": "135305", "values": [{"date": "2023-09-22-01-00-00", "alternatives": [2, 12, 12, 12]}, {"date": "2023-09-22-01-00-00", "alternatives": [2, 12, 12, 12]}, {"date": "2023-09-22-01-00-00", "alternatives": [2, 12, 12, 12]}, {"date": "2023-09-22-01-00-00", "alternatives": [2, 12, 12, 12]}, {"date": "2023-09-22-01-00-00", "alternatives": [2, 12, 12, 12]}, {"date": "2023-09-22-01-00-00", "alternatives": [2, 12, 12, 12]}]}, {"location": {"country_code": "us", "region": "Oregon", "city": "Portland"}, "game_id": "135305", "values": [{"date": "2023-09-21-04-00-00", "alternatives": ["81", "81", "8"]}]}, {"location": {"country_code": "br", "region": "Sao Paulo", "city": "Botucatu"}, "game_id": "135305", "values": [{"date": "2023-09-21-18-00-00", "alternatives": ["137", "1377", "137"]}]}, {"location": {"country_code": "jp", "region": "Osaka"}, "game_id": "135305", "values": [{"date": "2023-09-21-15-00-00", "alternatives": [4, 6, 6, 6]}, {"date": "2023-09-21-15-00-00", "alternatives": [4, 6, 6, 6]}, {"date": "2023-09-21-15-00-00", "alternatives": [4, 6, 6, 6]}, {"date": "2023-09-21-15-00-00", "alternatives": [4, 6, 6, 6]}, {"date": "2023-09-21-15-00-00", "alternatives": [4, 6, 6, 6]}, {"date": "2023-09-21-15-00-00", "alternatives": [4, 6, 6, 6]}]}, {"location": {"country_code": "br", "region": "Sao Paulo", "city": "Osasco"}, "game_id": "135305", "values": [{"date": "2023-09-22-02-00-00", "alternatives": ["15", "15", "159"]}]}, {"location": {"country_code": "br", "region": "Parana", "city": "Umuarama"}, "game_id": "135305", "values": [{"date": "2023-09-21-14-00-00", "alternatives": ["17", "17", "174"]}, {"date": "2023-09-21-14-00-00", "alternatives": ["17", "17", "174"]}, {"date": "2023-09-22-02-00-00", "alternatives": ["15515", "155", "155"]}, {"date": "2023-09-22-02-00-00", "alternatives": ["15515", "155", "155"]}]}, {"location": {"country_code": "us", "region": "New York"}, "game_id": "135305", "values": [{"date": "2023-09-21-04-00-00", "alternatives": ["13", "3", "13"]}]}, {"location": {"country_code": "mt"}, "game_id": "135305", "values": [{"date": "2023-09-21-21-00-00", "alternatives": [5, 50, 0, 50, 50]}, {"date": "2023-09-21-21-00-00", "alternatives": [5, 50, 0, 50, 50]}, {"date": "2023-09-21-21-00-00", "alternatives": [5, 50, 0, 50, 50]}]}, {"location": {"country_code": "fr", "region": "Aquitania-Limosino-Poitou-Charentes", "city": "Bordeaux"}, "game_id": "135305", "values": [{"date": "2023-09-21-23-00-00", "alternatives": ["21", "21", "2"]}, {"date": "2023-09-21-23-00-00", "alternatives": ["21", "21", "2"]}, {"date": "2023-09-21-23-00-00", "alternatives": ["21", "21", "2"]}, {"date": "2023-09-21-23-00-00", "alternatives": ["21", "21", "2"]}, {"date": "2023-09-21-23-00-00", "alternatives": ["21", "21", "2"]}]}, {"location": {"country_code": "ng"}, "game_id": "135305", "values": [{"date": "2023-09-21-04-00-00", "alternatives": ["7", "246", "246"]}]}, {"location": {"country_code": "us", "region": "Colorado", "city": "Colorado Springs"}, "game_id": "135305", "values": [{"date": "2023-09-21-12-00-00", "alternatives": [7, 57, 57, 57]}, {"date": "2023-09-21-12-00-00", "alternatives": [7, 57, 57, 57]}, {"date": "2023-09-21-12-00-00", "alternatives": [7, 57, 57, 57]}]}, {"location": {"country_code": "br", "region": "Rio Grande do Sul", "city": "Sapiranga"}, "game_id": "135305", "values": [{"date": "2023-09-22-02-00-00", "alternatives": ["13", "135", "135"]}, {"date": "2023-09-22-02-00-00", "alternatives": ["13", "135", "135"]}, {"date": "2023-09-22-02-00-00", "alternatives": ["13", "135", "135"]}, {"date": "2023-09-22-02-00-00", "alternatives": ["13", "135", "135"]}, {"date": "2023-09-22-02-00-00", "alternatives": ["13", "135", "135"]}]}, {"location": {"country_code": "ve", "region": "Miranda"}, "game_id": "135305", "values": [{"date": "2023-09-22-00-00-00", "alternatives": ["61", "61", "6"]}, {"date": "2023-09-22-00-00-00", "alternatives": ["61", "61", "6"]}]}, {"location": {"country_code": "ec", "region": "Manabi"}, "game_id": "135305", "values": [{"date": "2023-09-21-18-00-00", "alternatives": ["89", "89", "9"]}]}, {"location": {"country_code": "us", "region": "Guam", "city": "Dededo"}, "game_id": "135305", "values": [{"date": "2023-09-21-14-00-00", "alternatives": [201, 20, 2, 201, 201]}, {"date": "2023-09-21-14-00-00", "alternatives": [201, 20, 2, 201, 201]}, {"date": "2023-09-21-14-00-00", "alternatives": [201, 20, 2, 201, 201]}, {"date": "2023-09-21-14-00-00", "alternatives": [201, 20, 2, 201, 201]}]}, {"location": {"country_code": "id", "region": "West Java"}, "game_id": "135305", "values": [{"date": "2023-09-21-20-00-00", "alternatives": ["97", "9", "97"]}]}, {"location": {"country_code": "br", "region": "Sao Paulo", "city": "Mogi das Cruzes"}, "game_id": "135305", "values": [{"date": "2023-09-21-19-00-00", "alternatives": ["144", "44", "144"]}, {"date": "2023-09-21-19-00-00", "alternatives": ["144", "44", "144"]}, {"date": "2023-09-21-19-00-00", "alternatives": ["144", "44", "144"]}]}, {"location": {"country_code": "mx", "region": "Oaxaca"}, "game_id": "135305", "values": [{"date": "2023-09-21-04-00-00", "alternatives": [83, 834, 831, 83, 83]}, {"date": "2023-09-21-04-00-00", "alternatives": [83, 834, 831, 83, 83]}]}, {"location": {"country_code": "kr", "region": "Mokpo-si"}, "game_id": "135305", "values": [{"date": "2023-09-21-04-00-00", "alternatives": ["10", "40", "40"]}, {"date": "2023-09-21-04-00-00", "alternatives": ["10", "40", "40"]}]}, {"location": {"country_code": "br", "region": "Ceara", "city": "Maracanau"}, "game_id": "135305", "values": [{"date": "2023-09-22-02-00-00", "alternatives": ["2", "82", "2"]}, {"date": "2023-09-22-02-00-00", "alternatives": ["2", "82", "2"]}]}, {"location": {"country_code": "jp", "region": "Okayama"}, "game_id": "135305", "values": [{"date": "2023-09-21-11-00-00", "alternatives": ["18", "8", "18"]}, {"date": "2023-09-21-11-00-00", "alternatives": ["18", "8", "18"]}]}, {"location": {"country_code": "br", "region": "Rio Grande do Sul", "city": "Gravatai"}, "game_id": "135305", "values": [{"date": "2023-09-21-05-00-00", "alternatives": [150, 10, 50, 150, 150]}, {"date": "2023-09-21-05-00-00", "alternatives": [150, 10, 50, 150, 150]}, {"date": "2023-09-21-05-00-00", "alternatives": [150, 10, 50, 150, 150]}, {"date": "2023-09-21-05-00-00", "alternatives": [150, 10, 50, 150, 150]}, {"date": "2023-09-21-05-00-00", "alternatives": [150, 10, 50, 150, 150]}, {"date": "2023-09-21-05-00-00", "alternatives": [150, 10, 50, 150, 150]}, {"date": "2023-09-21-05-00-00", "alternatives": [150, 10, 50, 150, 150]}, {"date": "2023-09-21-05-00-00", "alternatives": [150, 10, 50, 150, 150]}, {"date": "2023-09-21-05-00-00", "alternatives": [150, 10, 50, 150, 150]}]}, {"location": {"country_code": "ru", "region": "Tomsk Oblast", "city": "Tomsk"}, "game_id": "135305", "values": [{"date": "2023-09-21-19-00-00", "alternatives": ["84", "84", "34"]}, {"date": "2023-09-21-19-00-00", "alternatives": ["84", "84", "34"]}]}, {"location": {"country_code": "br", "region": "Santa Catarina", "city": "Balneario Gaivota"}, "game_id": "135305", "values": [{"date": "2023-09-21-06-00-00", "alternatives": ["127", "7", "127"]}, {"date": "2023-09-21-06-00-00", "alternatives": ["127", "7", "127"]}]}, {"location": {"country_code": "jp", "region": "Miyagi", "city": "Sendai"}, "game_id": "135305", "values": [{"date": "2023-09-22-01-00-00", "alternatives": ["2", "12", "12"]}]}, {"location": {"country_code": "hu", "region": "Vas", "city": "Nick"}, "game_id": "135305", "values": [{"date": "2023-09-21-03-00-00", "alternatives": ["126", "126", "120"]}, {"date": "2023-09-21-03-00-00", "alternatives": ["126", "126", "120"]}]}, {"location": {"country_code": "es", "region": "Canary Islands", "city": "Telde"}, "game_id": "135305", "values": [{"date": "2023-09-21-15-00-00", "alternatives": ["55", "95", "55"]}]}, {"location": {"country_code": "br", "region": "Pernambuco", "city": "Petrolina"}, "game_id": "135305", "values": [{"date": "2023-09-21-04-00-00", "alternatives": ["48", "148", "148"]}, {"date": "2023-09-21-04-00-00", "alternatives": ["48", "148", "148"]}, {"date": "2023-09-21-04-00-00", "alternatives": ["48", "148", "148"]}]}, {"location": {"country_code": "co", "region": "Meta", "city": "Villavicencio"}, "game_id": "135305", "values": [{"date": "2023-09-22-02-00-00", "alternatives": ["72", "2", "72"]}]}, {"location": {"country_code": "id", "region": "East Java", "city": "Surabaya"}, "game_id": "135305", "values": [{"date": "2023-09-21-14-00-00", "alternatives": ["09", "109", "109"]}, {"date": "2023-09-21-14-00-00", "alternatives": ["09", "109", "109"]}]}, {"location": {"country_code": "us", "region": "Oklahoma", "city": "Broken Arrow"}, "game_id": "135305", "values": [{"date": "2023-09-21-08-00-00", "alternatives": ["54", "64", "54"]}]}, {"location": {"country_code": "us", "region": "Georgia", "city": "Clarkston"}, "game_id": "135305", "values": [{"date": "2023-09-21-08-00-00", "alternatives": ["62", "42", "42"]}]}, {"location": {"country_code": "ng", "region": "Kebbi", "city": "Tungan Sumaru"}, "game_id": "135305", "values": [{"date": "2023-09-21-22-00-00", "alternatives": ["63", "63", "43"]}, {"date": "2023-09-21-22-00-00", "alternatives": ["63", "63", "43"]}, {"date": "2023-09-21-22-00-00", "alternatives": ["63", "63", "43"]}, {"date": "2023-09-21-22-00-00", "alternatives": ["63", "63", "43"]}]}], "last_updated": 1719918137.040201}