{"data": [{"location": {"country_code": "si"}, "game_id": "135305", "values": [{"date": "2023-09-11-04-00-00", "alternatives": ["44", "4", "44"]}]}, {"location": {"country_code": "cu"}, "game_id": "135305", "values": [{"date": "2023-09-11-15-00-00", "alternatives": ["170", "17", "170"]}, {"date": "2023-09-11-15-00-00", "alternatives": ["170", "17", "170"]}]}, {"location": {"country_code": "nz"}, "game_id": "135305", "values": [{"date": "2023-09-11-12-00-00", "alternatives": ["158", "158", "18"]}, {"date": "2023-09-11-12-00-00", "alternatives": ["158", "158", "18"]}, {"date": "2023-09-11-12-00-00", "alternatives": ["158", "158", "18"]}, {"date": "2023-09-11-12-00-00", "alternatives": ["158", "158", "18"]}, {"date": "2023-09-11-12-00-00", "alternatives": ["158", "158", "18"]}]}, {"location": {"country_code": "us"}, "game_id": "135305", "values": [{"date": "2023-09-11-03-00-00", "alternatives": ["89", "88", "88"]}, {"date": "2023-09-11-07-00-00", "alternatives": ["15", "15", "1"]}, {"date": "2023-09-11-07-00-00", "alternatives": ["15", "15", "1"]}, {"date": "2023-09-11-07-00-00", "alternatives": ["15", "15", "1"]}, {"date": "2023-09-11-07-00-00", "alternatives": ["15", "15", "1"]}, {"date": "2023-09-11-07-00-00", "alternatives": ["15", "15", "1"]}, {"date": "2023-09-11-07-00-00", "alternatives": ["15", "15", "1"]}, {"date": "2023-09-11-07-00-00", "alternatives": ["15", "15", "1"]}, {"date": "2023-09-11-07-00-00", "alternatives": ["15", "15", "1"]}, {"date": "2023-09-11-07-00-00", "alternatives": ["15", "15", "1"]}, {"date": "2023-09-11-07-00-00", "alternatives": ["15", "15", "1"]}, {"date": "2023-09-11-07-00-00", "alternatives": ["15", "15", "1"]}, {"date": "2023-09-11-07-00-00", "alternatives": ["15", "15", "1"]}, {"date": "2023-09-11-04-00-00", "alternatives": [85, 86, 85, 85]}, {"date": "2023-09-11-04-00-00", "alternatives": [85, 86, 85, 85]}, {"date": "2023-09-11-02-00-00", "alternatives": ["55", "20", "55"]}, {"date": "2023-09-11-02-00-00", "alternatives": ["55", "20", "55"]}, {"date": "2023-09-11-02-00-00", "alternatives": ["55", "20", "55"]}, {"date": "2023-09-11-05-00-00", "alternatives": ["21", "21", "2"]}, {"date": "2023-09-11-05-00-00", "alternatives": ["21", "21", "2"]}, {"date": "2023-09-11-05-00-00", "alternatives": ["21", "21", "2"]}, {"date": "2023-09-11-05-00-00", "alternatives": ["21", "21", "2"]}, {"date": "2023-09-11-05-00-00", "alternatives": ["21", "21", "2"]}, {"date": "2023-09-11-05-00-00", "alternatives": ["21", "21", "2"]}, {"date": "2023-09-11-18-00-00", "alternatives": [4, 48, 43, 43, 43]}, {"date": "2023-09-11-18-00-00", "alternatives": [4, 48, 43, 43, 43]}, {"date": "2023-09-11-18-00-00", "alternatives": [4, 48, 43, 43, 43]}, {"date": "2023-09-11-18-00-00", "alternatives": [4, 48, 43, 43, 43]}, {"date": "2023-09-11-04-00-00", "alternatives": ["14", "44", "44"]}, {"date": "2023-09-11-04-00-00", "alternatives": ["14", "44", "44"]}, {"date": "2023-09-11-04-00-00", "alternatives": ["14", "44", "44"]}, {"date": "2023-09-11-07-00-00", "alternatives": ["39", "62", "39"]}, {"date": "2023-09-11-07-00-00", "alternatives": ["39", "62", "39"]}, {"date": "2023-09-11-07-00-00", "alternatives": ["39", "62", "39"]}, {"date": "2023-09-11-07-00-00", "alternatives": ["39", "62", "39"]}, {"date": "2023-09-11-18-00-00", "alternatives": ["89", "89", "9"]}, {"date": "2023-09-11-18-00-00", "alternatives": ["89", "89", "9"]}, {"date": "2023-09-11-18-00-00", "alternatives": ["89", "89", "9"]}, {"date": "2023-09-11-18-00-00", "alternatives": ["89", "89", "9"]}, {"date": "2023-09-11-18-00-00", "alternatives": ["89", "89", "9"]}, {"date": "2023-09-12-01-00-00", "alternatives": [33, 330, 33, 33]}, {"date": "2023-09-12-01-00-00", "alternatives": [33, 330, 33, 33]}, {"date": "2023-09-12-01-00-00", "alternatives": [33, 330, 33, 33]}, {"date": "2023-09-12-01-00-00", "alternatives": [33, 330, 33, 33]}, {"date": "2023-09-12-01-00-00", "alternatives": [33, 330, 33, 33]}, {"date": "2023-09-12-01-00-00", "alternatives": [33, 330, 33, 33]}, {"date": "2023-09-12-01-00-00", "alternatives": [33, 330, 33, 33]}, {"date": "2023-09-12-01-00-00", "alternatives": [33, 330, 33, 33]}, {"date": "2023-09-12-01-00-00", "alternatives": [33, 330, 33, 33]}, {"date": "2023-09-12-01-00-00", "alternatives": [33, 330, 33, 33]}, {"date": "2023-09-12-01-00-00", "alternatives": [33, 330, 33, 33]}, {"date": "2023-09-12-01-00-00", "alternatives": [33, 330, 33, 33]}, {"date": "2023-09-12-01-00-00", "alternatives": [33, 330, 33, 33]}, {"date": "2023-09-12-01-00-00", "alternatives": [33, 330, 33, 33]}, {"date": "2023-09-12-01-00-00", "alternatives": [33, 330, 33, 33]}, {"date": "2023-09-12-01-00-00", "alternatives": [33, 330, 33, 33]}, {"date": "2023-09-12-01-00-00", "alternatives": [33, 330, 33, 33]}, {"date": "2023-09-12-01-00-00", "alternatives": [33, 330, 33, 33]}, {"date": "2023-09-12-01-00-00", "alternatives": [33, 330, 33, 33]}, {"date": "2023-09-12-01-00-00", "alternatives": [33, 330, 33, 33]}, {"date": "2023-09-12-01-00-00", "alternatives": [33, 330, 33, 33]}, {"date": "2023-09-12-01-00-00", "alternatives": [33, 330, 33, 33]}, {"date": "2023-09-12-01-00-00", "alternatives": [33, 330, 33, 33]}, {"date": "2023-09-12-01-00-00", "alternatives": [33, 330, 33, 33]}, {"date": "2023-09-12-01-00-00", "alternatives": [33, 330, 33, 33]}]}, {"location": {"country_code": "us", "region": "Illinois", "city": "Chicago"}, "game_id": "135305", "values": [{"date": "2023-09-12-00-00-00", "alternatives": ["33", "38", "38"]}]}, {"location": {"country_code": "gb"}, "game_id": "135305", "values": [{"date": "2023-09-11-22-00-00", "alternatives": ["10", "40", "40"]}, {"date": "2023-09-11-22-00-00", "alternatives": ["10", "40", "40"]}, {"date": "2023-09-11-22-00-00", "alternatives": ["10", "40", "40"]}, {"date": "2023-09-11-23-00-00", "alternatives": ["10", "40", "40"]}, {"date": "2023-09-11-23-00-00", "alternatives": ["10", "40", "40"]}, {"date": "2023-09-11-23-00-00", "alternatives": ["10", "40", "40"]}]}, {"location": {"country_code": "th"}, "game_id": "135305", "values": [{"date": "2023-09-11-16-00-00", "alternatives": ["06", "106", "106"]}, {"date": "2023-09-11-15-00-00", "alternatives": [33, 133, 133, 133, 133]}, {"date": "2023-09-11-15-00-00", "alternatives": [33, 133, 133, 133, 133]}, {"date": "2023-09-11-15-00-00", "alternatives": [33, 133, 133, 133, 133]}, {"date": "2023-09-11-15-00-00", "alternatives": [33, 133, 133, 133, 133]}, {"date": "2023-09-11-17-00-00", "alternatives": ["112", "12", "112"]}, {"date": "2023-09-11-17-00-00", "alternatives": ["112", "12", "112"]}, {"date": "2023-09-11-17-00-00", "alternatives": ["112", "12", "112"]}, {"date": "2023-09-11-17-00-00", "alternatives": ["112", "12", "112"]}, {"date": "2023-09-11-17-00-00", "alternatives": ["112", "12", "112"]}, {"date": "2023-09-11-17-00-00", "alternatives": ["112", "12", "112"]}, {"date": "2023-09-11-14-00-00", "alternatives": ["2", "102", "102"]}, {"date": "2023-09-11-12-00-00", "alternatives": ["109", "601", "109"]}, {"date": "2023-09-11-12-00-00", "alternatives": ["109", "601", "109"]}, {"date": "2023-09-11-12-00-00", "alternatives": ["109", "601", "109"]}, {"date": "2023-09-11-12-00-00", "alternatives": ["109", "601", "109"]}, {"date": "2023-09-11-12-00-00", "alternatives": ["109", "601", "109"]}, {"date": "2023-09-11-12-00-00", "alternatives": ["109", "601", "109"]}, {"date": "2023-09-11-12-00-00", "alternatives": ["109", "601", "109"]}, {"date": "2023-09-11-12-00-00", "alternatives": ["109", "601", "109"]}, {"date": "2023-09-11-12-00-00", "alternatives": ["109", "601", "109"]}, {"date": "2023-09-11-12-00-00", "alternatives": ["109", "601", "109"]}, {"date": "2023-09-11-12-00-00", "alternatives": ["109", "601", "109"]}, {"date": "2023-09-11-12-00-00", "alternatives": ["109", "601", "109"]}, {"date": "2023-09-11-12-00-00", "alternatives": ["109", "601", "109"]}, {"date": "2023-09-11-12-00-00", "alternatives": ["109", "601", "109"]}, {"date": "2023-09-11-12-00-00", "alternatives": ["109", "601", "109"]}]}, {"location": {"country_code": "th", "region": "Bangkok", "city": "Bangkok"}, "game_id": "135305", "values": [{"date": "2023-09-12-00-00-00", "alternatives": [1104, 104, 104, 104]}, {"date": "2023-09-12-00-00-00", "alternatives": [1104, 104, 104, 104]}, {"date": "2023-09-12-00-00-00", "alternatives": [1104, 104, 104, 104]}, {"date": "2023-09-12-00-00-00", "alternatives": [1104, 104, 104, 104]}, {"date": "2023-09-12-00-00-00", "alternatives": [1104, 104, 104, 104]}, {"date": "2023-09-12-00-00-00", "alternatives": [1104, 104, 104, 104]}, {"date": "2023-09-12-00-00-00", "alternatives": [1104, 104, 104, 104]}, {"date": "2023-09-12-00-00-00", "alternatives": [1104, 104, 104, 104]}, {"date": "2023-09-12-00-00-00", "alternatives": [1104, 104, 104, 104]}, {"date": "2023-09-12-00-00-00", "alternatives": [1104, 104, 104, 104]}, {"date": "2023-09-11-14-00-00", "alternatives": [5, 105, 5, 105, 105]}]}, {"location": {"country_code": "gr"}, "game_id": "135305", "values": [{"date": "2023-09-11-23-00-00", "alternatives": ["83", "33", "33"]}, {"date": "2023-09-11-23-00-00", "alternatives": ["83", "33", "33"]}, {"date": "2023-09-11-23-00-00", "alternatives": ["83", "33", "33"]}]}, {"location": {"country_code": "pa"}, "game_id": "135305", "values": [{"date": "2023-09-12-02-00-00", "alternatives": ["2", "06", "6"]}, {"date": "2023-09-11-06-00-00", "alternatives": [91, 16, 9, 91, 91]}, {"date": "2023-09-11-06-00-00", "alternatives": [91, 16, 9, 91, 91]}]}, {"location": {"country_code": "cz"}, "game_id": "135305", "values": [{"date": "2023-09-11-19-00-00", "alternatives": ["14", "1", "1"]}, {"date": "2023-09-11-19-00-00", "alternatives": ["14", "1", "1"]}, {"date": "2023-09-11-19-00-00", "alternatives": ["14", "1", "1"]}, {"date": "2023-09-11-19-00-00", "alternatives": ["14", "1", "1"]}]}, {"location": {"country_code": "it"}, "game_id": "135305", "values": [{"date": "2023-09-11-18-00-00", "alternatives": ["47", "47", "37"]}, {"date": "2023-09-11-23-00-00", "alternatives": ["4", "63", "63"]}, {"date": "2023-09-11-23-00-00", "alternatives": ["4", "63", "63"]}, {"date": "2023-09-11-19-00-00", "alternatives": ["39", "3", "39"]}, {"date": "2023-09-11-19-00-00", "alternatives": ["39", "3", "39"]}, {"date": "2023-09-11-19-00-00", "alternatives": ["39", "3", "39"]}, {"date": "2023-09-11-19-00-00", "alternatives": ["39", "3", "39"]}, {"date": "2023-09-11-22-00-00", "alternatives": ["28", "28", "2"]}, {"date": "2023-09-11-22-00-00", "alternatives": ["28", "28", "2"]}, {"date": "2023-09-11-22-00-00", "alternatives": ["28", "28", "2"]}, {"date": "2023-09-11-22-00-00", "alternatives": ["28", "28", "2"]}]}, {"location": {"country_code": "za"}, "game_id": "135305", "values": [{"date": "2023-09-11-19-00-00", "alternatives": ["679", "179", "179"]}, {"date": "2023-09-11-19-00-00", "alternatives": ["679", "179", "179"]}, {"date": "2023-09-11-19-00-00", "alternatives": ["679", "179", "179"]}, {"date": "2023-09-11-19-00-00", "alternatives": ["679", "179", "179"]}, {"date": "2023-09-11-19-00-00", "alternatives": ["679", "179", "179"]}]}, {"location": {"country_code": "jp"}, "game_id": "135305", "values": [{"date": "2023-09-11-23-00-00", "alternatives": ["32", "82", "32"]}, {"date": "2023-09-11-23-00-00", "alternatives": ["32", "82", "32"]}, {"date": "2023-09-11-17-00-00", "alternatives": ["12", "2", "12"]}, {"date": "2023-09-11-17-00-00", "alternatives": ["12", "2", "12"]}, {"date": "2023-09-11-17-00-00", "alternatives": ["12", "2", "12"]}, {"date": "2023-09-11-17-00-00", "alternatives": ["12", "2", "12"]}, {"date": "2023-09-11-19-00-00", "alternatives": ["1", "10", "10"]}, {"date": "2023-09-11-19-00-00", "alternatives": ["1", "10", "10"]}, {"date": "2023-09-11-19-00-00", "alternatives": ["1", "10", "10"]}, {"date": "2023-09-11-19-00-00", "alternatives": ["1", "10", "10"]}, {"date": "2023-09-11-19-00-00", "alternatives": ["1", "10", "10"]}, {"date": "2023-09-11-18-00-00", "alternatives": ["16", "6", "16"]}, {"date": "2023-09-11-18-00-00", "alternatives": ["16", "6", "16"]}, {"date": "2023-09-11-18-00-00", "alternatives": ["16", "6", "16"]}, {"date": "2023-09-11-18-00-00", "alternatives": ["16", "6", "16"]}, {"date": "2023-09-11-18-00-00", "alternatives": ["16", "6", "16"]}, {"date": "2023-09-11-18-00-00", "alternatives": ["16", "6", "16"]}, {"date": "2023-09-11-18-00-00", "alternatives": ["52", "52", "59"]}, {"date": "2023-09-11-20-00-00", "alternatives": ["74", "7", "74"]}, {"date": "2023-09-11-11-00-00", "alternatives": ["21", "21", "2"]}, {"date": "2023-09-11-07-00-00", "alternatives": [3, 13, 13, 13]}, {"date": "2023-09-11-07-00-00", "alternatives": [3, 13, 13, 13]}, {"date": "2023-09-11-07-00-00", "alternatives": [3, 13, 13, 13]}, {"date": "2023-09-11-07-00-00", "alternatives": [3, 13, 13, 13]}, {"date": "2023-09-11-07-00-00", "alternatives": [3, 13, 13, 13]}, {"date": "2023-09-11-07-00-00", "alternatives": [3, 13, 13, 13]}, {"date": "2023-09-12-02-00-00", "alternatives": ["146", "14", "146"]}, {"date": "2023-09-12-02-00-00", "alternatives": ["146", "14", "146"]}, {"date": "2023-09-12-02-00-00", "alternatives": ["146", "14", "146"]}, {"date": "2023-09-12-02-00-00", "alternatives": ["146", "14", "146"]}, {"date": "2023-09-12-02-00-00", "alternatives": ["146", "14", "146"]}, {"date": "2023-09-12-02-00-00", "alternatives": ["146", "14", "146"]}, {"date": "2023-09-12-02-00-00", "alternatives": ["146", "14", "146"]}, {"date": "2023-09-12-02-00-00", "alternatives": ["146", "14", "146"]}, {"date": "2023-09-11-18-00-00", "alternatives": ["27", "271", "27"]}, {"date": "2023-09-11-18-00-00", "alternatives": ["27", "271", "27"]}, {"date": "2023-09-11-18-00-00", "alternatives": ["27", "271", "27"]}, {"date": "2023-09-11-16-00-00", "alternatives": ["15", "5", "15"]}, {"date": "2023-09-11-16-00-00", "alternatives": ["15", "5", "15"]}, {"date": "2023-09-11-16-00-00", "alternatives": ["15", "5", "15"]}, {"date": "2023-09-11-04-00-00", "alternatives": [4, 14, 4, 4]}, {"date": "2023-09-11-04-00-00", "alternatives": [4, 14, 4, 4]}, {"date": "2023-09-11-04-00-00", "alternatives": [4, 14, 4, 4]}, {"date": "2023-09-11-04-00-00", "alternatives": [4, 14, 4, 4]}, {"date": "2023-09-11-04-00-00", "alternatives": [4, 14, 4, 4]}, {"date": "2023-09-11-04-00-00", "alternatives": [4, 14, 4, 4]}, {"date": "2023-09-11-04-00-00", "alternatives": [4, 14, 4, 4]}, {"date": "2023-09-11-04-00-00", "alternatives": [4, 14, 4, 4]}, {"date": "2023-09-11-16-00-00", "alternatives": [90, 6, 90, 0, 90]}, {"date": "2023-09-11-16-00-00", "alternatives": [90, 6, 90, 0, 90]}, {"date": "2023-09-11-16-00-00", "alternatives": [90, 6, 90, 0, 90]}, {"date": "2023-09-11-16-00-00", "alternatives": [90, 6, 90, 0, 90]}, {"date": "2023-09-11-07-00-00", "alternatives": ["16", "6", "16"]}, {"date": "2023-09-11-07-00-00", "alternatives": ["16", "6", "16"]}, {"date": "2023-09-11-07-00-00", "alternatives": ["16", "6", "16"]}, {"date": "2023-09-11-07-00-00", "alternatives": ["16", "6", "16"]}, {"date": "2023-09-12-00-00-00", "alternatives": [18, 8, 1, 18, 18]}, {"date": "2023-09-12-00-00-00", "alternatives": [18, 8, 1, 18, 18]}, {"date": "2023-09-12-00-00-00", "alternatives": [18, 8, 1, 18, 18]}, {"date": "2023-09-12-00-00-00", "alternatives": [18, 8, 1, 18, 18]}, {"date": "2023-09-12-00-00-00", "alternatives": [18, 8, 1, 18, 18]}, {"date": "2023-09-12-00-00-00", "alternatives": [18, 8, 1, 18, 18]}, {"date": "2023-09-12-00-00-00", "alternatives": [18, 8, 1, 18, 18]}, {"date": "2023-09-12-00-00-00", "alternatives": [18, 8, 1, 18, 18]}, {"date": "2023-09-12-00-00-00", "alternatives": [18, 8, 1, 18, 18]}, {"date": "2023-09-12-00-00-00", "alternatives": [18, 8, 1, 18, 18]}, {"date": "2023-09-12-00-00-00", "alternatives": [18, 8, 1, 18, 18]}, {"date": "2023-09-11-14-00-00", "alternatives": ["1", "1", "15"]}, {"date": "2023-09-11-14-00-00", "alternatives": ["12", "2", "12"]}, {"date": "2023-09-11-14-00-00", "alternatives": ["12", "2", "12"]}, {"date": "2023-09-11-14-00-00", "alternatives": ["12", "2", "12"]}, {"date": "2023-09-11-15-00-00", "alternatives": ["1", "8", "1"]}, {"date": "2023-09-11-15-00-00", "alternatives": ["1", "8", "1"]}, {"date": "2023-09-11-15-00-00", "alternatives": ["1", "8", "1"]}, {"date": "2023-09-11-15-00-00", "alternatives": ["1", "8", "1"]}, {"date": "2023-09-11-06-00-00", "alternatives": ["87", "87", "2"]}, {"date": "2023-09-11-15-00-00", "alternatives": ["12", "2", "12"]}, {"date": "2023-09-11-15-00-00", "alternatives": ["12", "2", "12"]}, {"date": "2023-09-11-15-00-00", "alternatives": ["12", "2", "12"]}, {"date": "2023-09-11-15-00-00", "alternatives": ["12", "2", "12"]}, {"date": "2023-09-11-04-00-00", "alternatives": ["6", "0", "6"]}, {"date": "2023-09-11-04-00-00", "alternatives": ["6", "0", "6"]}, {"date": "2023-09-11-04-00-00", "alternatives": ["6", "0", "6"]}, {"date": "2023-09-11-09-00-00", "alternatives": ["21", "2", "2"]}, {"date": "2023-09-11-09-00-00", "alternatives": ["21", "2", "2"]}, {"date": "2023-09-11-11-00-00", "alternatives": ["33", "33", "13"]}, {"date": "2023-09-11-03-00-00", "alternatives": ["21", "21", "2"]}, {"date": "2023-09-11-03-00-00", "alternatives": ["21", "21", "2"]}, {"date": "2023-09-11-18-00-00", "alternatives": ["0", "30", "30"]}, {"date": "2023-09-11-18-00-00", "alternatives": ["0", "30", "30"]}, {"date": "2023-09-11-18-00-00", "alternatives": ["0", "30", "30"]}, {"date": "2023-09-11-18-00-00", "alternatives": ["0", "30", "30"]}, {"date": "2023-09-11-18-00-00", "alternatives": ["0", "30", "30"]}, {"date": "2023-09-12-01-00-00", "alternatives": ["28", "28", "2"]}, {"date": "2023-09-12-01-00-00", "alternatives": ["28", "28", "2"]}, {"date": "2023-09-12-01-00-00", "alternatives": ["28", "28", "2"]}, {"date": "2023-09-12-01-00-00", "alternatives": ["28", "28", "2"]}, {"date": "2023-09-12-01-00-00", "alternatives": ["28", "28", "2"]}, {"date": "2023-09-12-01-00-00", "alternatives": ["28", "28", "2"]}, {"date": "2023-09-11-11-00-00", "alternatives": ["8", "8", "88"]}, {"date": "2023-09-11-11-00-00", "alternatives": ["8", "8", "88"]}, {"date": "2023-09-12-02-00-00", "alternatives": ["96", "36", "96"]}, {"date": "2023-09-12-02-00-00", "alternatives": ["96", "36", "96"]}, {"date": "2023-09-12-02-00-00", "alternatives": ["96", "36", "96"]}]}, {"location": {"country_code": "jp", "region": "Nagoya"}, "game_id": "135305", "values": [{"date": "2023-09-11-18-00-00", "alternatives": ["184", "184", "4"]}, {"date": "2023-09-11-18-00-00", "alternatives": ["184", "184", "4"]}, {"date": "2023-09-11-18-00-00", "alternatives": ["184", "184", "4"]}]}, {"location": {"country_code": "ca"}, "game_id": "135305", "values": [{"date": "2023-09-12-01-00-00", "alternatives": ["164", "4", "164"]}, {"date": "2023-09-11-18-00-00", "alternatives": ["302", "30", "30"]}, {"date": "2023-09-11-18-00-00", "alternatives": ["302", "30", "30"]}, {"date": "2023-09-11-04-00-00", "alternatives": ["19", "19", "9"]}, {"date": "2023-09-11-16-00-00", "alternatives": ["0", "103", "103"]}, {"date": "2023-09-11-14-00-00", "alternatives": ["116", "116", "6"]}, {"date": "2023-09-11-14-00-00", "alternatives": ["116", "116", "6"]}, {"date": "2023-09-11-14-00-00", "alternatives": ["116", "116", "6"]}, {"date": "2023-09-11-14-00-00", "alternatives": ["116", "116", "6"]}, {"date": "2023-09-11-14-00-00", "alternatives": ["116", "116", "6"]}, {"date": "2023-09-11-14-00-00", "alternatives": ["116", "116", "6"]}, {"date": "2023-09-11-09-00-00", "alternatives": ["43", "43", "33"]}, {"date": "2023-09-11-09-00-00", "alternatives": ["43", "43", "33"]}, {"date": "2023-09-11-09-00-00", "alternatives": ["43", "43", "33"]}]}, {"location": {"country_code": "ch"}, "game_id": "135305", "values": [{"date": "2023-09-11-21-00-00", "alternatives": ["36", "36", "2"]}, {"date": "2023-09-11-21-00-00", "alternatives": ["36", "36", "2"]}, {"date": "2023-09-11-21-00-00", "alternatives": ["36", "36", "2"]}]}, {"location": {"country_code": "de"}, "game_id": "135305", "values": [{"date": "2023-09-11-19-00-00", "alternatives": ["18", "18", "1"]}, {"date": "2023-09-11-19-00-00", "alternatives": [4, 14, 14, 14]}, {"date": "2023-09-11-19-00-00", "alternatives": [4, 14, 14, 14]}, {"date": "2023-09-11-19-00-00", "alternatives": [4, 14, 14, 14]}, {"date": "2023-09-11-19-00-00", "alternatives": [4, 14, 14, 14]}, {"date": "2023-09-11-19-00-00", "alternatives": [4, 14, 14, 14]}, {"date": "2023-09-11-14-00-00", "alternatives": ["18", "18", "8"]}, {"date": "2023-09-11-13-00-00", "alternatives": ["7", "17", "17"]}, {"date": "2023-09-11-13-00-00", "alternatives": ["7", "17", "17"]}, {"date": "2023-09-11-13-00-00", "alternatives": ["7", "17", "17"]}, {"date": "2023-09-11-13-00-00", "alternatives": ["7", "17", "17"]}, {"date": "2023-09-11-13-00-00", "alternatives": ["7", "17", "17"]}, {"date": "2023-09-11-12-00-00", "alternatives": ["224", "22", "22"]}, {"date": "2023-09-11-17-00-00", "alternatives": ["24", "2", "24"]}, {"date": "2023-09-11-17-00-00", "alternatives": ["24", "2", "24"]}, {"date": "2023-09-11-17-00-00", "alternatives": ["24", "2", "24"]}, {"date": "2023-09-11-17-00-00", "alternatives": ["24", "2", "24"]}, {"date": "2023-09-11-17-00-00", "alternatives": ["24", "2", "24"]}, {"date": "2023-09-11-17-00-00", "alternatives": ["24", "2", "24"]}, {"date": "2023-09-11-17-00-00", "alternatives": ["24", "2", "24"]}, {"date": "2023-09-11-17-00-00", "alternatives": ["24", "2", "24"]}, {"date": "2023-09-11-17-00-00", "alternatives": ["24", "2", "24"]}, {"date": "2023-09-11-17-00-00", "alternatives": ["24", "2", "24"]}, {"date": "2023-09-11-17-00-00", "alternatives": ["24", "2", "24"]}]}, {"location": {"country_code": "ng", "region": "Kano"}, "game_id": "135305", "values": [{"date": "2023-09-11-12-00-00", "alternatives": ["63", "43", "43"]}, {"date": "2023-09-11-12-00-00", "alternatives": ["63", "43", "43"]}]}, {"location": {"country_code": "tw"}, "game_id": "135305", "values": [{"date": "2023-09-11-18-00-00", "alternatives": ["38", "88", "38"]}, {"date": "2023-09-11-14-00-00", "alternatives": ["6", "68", "68"]}, {"date": "2023-09-11-18-00-00", "alternatives": [0, 50, 50, 50]}, {"date": "2023-09-11-18-00-00", "alternatives": [0, 50, 50, 50]}, {"date": "2023-09-11-18-00-00", "alternatives": [0, 50, 50, 50]}, {"date": "2023-09-11-18-00-00", "alternatives": [0, 50, 50, 50]}, {"date": "2023-09-11-18-00-00", "alternatives": [0, 50, 50, 50]}, {"date": "2023-09-11-18-00-00", "alternatives": [0, 50, 50, 50]}, {"date": "2023-09-11-18-00-00", "alternatives": [0, 50, 50, 50]}, {"date": "2023-09-11-18-00-00", "alternatives": [0, 50, 50, 50]}, {"date": "2023-09-11-18-00-00", "alternatives": [0, 50, 50, 50]}, {"date": "2023-09-11-18-00-00", "alternatives": [0, 50, 50, 50]}, {"date": "2023-09-11-18-00-00", "alternatives": [0, 50, 50, 50]}, {"date": "2023-09-11-18-00-00", "alternatives": [0, 50, 50, 50]}, {"date": "2023-09-11-18-00-00", "alternatives": [0, 50, 50, 50]}, {"date": "2023-09-11-18-00-00", "alternatives": [0, 50, 50, 50]}, {"date": "2023-09-11-18-00-00", "alternatives": [0, 50, 50, 50]}, {"date": "2023-09-11-18-00-00", "alternatives": [0, 50, 50, 50]}, {"date": "2023-09-11-18-00-00", "alternatives": [0, 50, 50, 50]}, {"date": "2023-09-11-18-00-00", "alternatives": [0, 50, 50, 50]}, {"date": "2023-09-11-18-00-00", "alternatives": [0, 50, 50, 50]}, {"date": "2023-09-11-18-00-00", "alternatives": [0, 50, 50, 50]}, {"date": "2023-09-11-18-00-00", "alternatives": [0, 50, 50, 50]}, {"date": "2023-09-11-18-00-00", "alternatives": [0, 50, 50, 50]}, {"date": "2023-09-11-18-00-00", "alternatives": [0, 50, 50, 50]}, {"date": "2023-09-11-18-00-00", "alternatives": [0, 50, 50, 50]}, {"date": "2023-09-11-18-00-00", "alternatives": [0, 50, 50, 50]}, {"date": "2023-09-11-18-00-00", "alternatives": [0, 50, 50, 50]}, {"date": "2023-09-11-18-00-00", "alternatives": [0, 50, 50, 50]}, {"date": "2023-09-11-18-00-00", "alternatives": [0, 50, 50, 50]}, {"date": "2023-09-11-18-00-00", "alternatives": [0, 50, 50, 50]}, {"date": "2023-09-11-18-00-00", "alternatives": [0, 50, 50, 50]}, {"date": "2023-09-11-18-00-00", "alternatives": [0, 50, 50, 50]}, {"date": "2023-09-11-18-00-00", "alternatives": [0, 50, 50, 50]}, {"date": "2023-09-11-18-00-00", "alternatives": [0, 50, 50, 50]}, {"date": "2023-09-11-18-00-00", "alternatives": [0, 50, 50, 50]}, {"date": "2023-09-11-18-00-00", "alternatives": [0, 50, 50, 50]}, {"date": "2023-09-11-18-00-00", "alternatives": [0, 50, 50, 50]}, {"date": "2023-09-11-18-00-00", "alternatives": [0, 50, 50, 50]}, {"date": "2023-09-11-18-00-00", "alternatives": [0, 50, 50, 50]}, {"date": "2023-09-11-18-00-00", "alternatives": [0, 50, 50, 50]}, {"date": "2023-09-11-18-00-00", "alternatives": [0, 50, 50, 50]}, {"date": "2023-09-11-18-00-00", "alternatives": [0, 50, 50, 50]}, {"date": "2023-09-11-18-00-00", "alternatives": [0, 50, 50, 50]}, {"date": "2023-09-11-18-00-00", "alternatives": [0, 50, 50, 50]}, {"date": "2023-09-11-18-00-00", "alternatives": [0, 50, 50, 50]}, {"date": "2023-09-11-18-00-00", "alternatives": [0, 50, 50, 50]}, {"date": "2023-09-11-18-00-00", "alternatives": [0, 50, 50, 50]}, {"date": "2023-09-11-18-00-00", "alternatives": [0, 50, 50, 50]}, {"date": "2023-09-11-18-00-00", "alternatives": [0, 50, 50, 50]}, {"date": "2023-09-11-18-00-00", "alternatives": [0, 50, 50, 50]}, {"date": "2023-09-11-18-00-00", "alternatives": [0, 50, 50, 50]}, {"date": "2023-09-11-18-00-00", "alternatives": [0, 50, 50, 50]}, {"date": "2023-09-11-18-00-00", "alternatives": [0, 50, 50, 50]}, {"date": "2023-09-11-18-00-00", "alternatives": [0, 50, 50, 50]}, {"date": "2023-09-11-18-00-00", "alternatives": [0, 50, 50, 50]}, {"date": "2023-09-11-18-00-00", "alternatives": [0, 50, 50, 50]}, {"date": "2023-09-11-18-00-00", "alternatives": [0, 50, 50, 50]}, {"date": "2023-09-11-18-00-00", "alternatives": [0, 50, 50, 50]}, {"date": "2023-09-11-18-00-00", "alternatives": [0, 50, 50, 50]}, {"date": "2023-09-11-18-00-00", "alternatives": [0, 50, 50, 50]}, {"date": "2023-09-11-18-00-00", "alternatives": [0, 50, 50, 50]}, {"date": "2023-09-11-18-00-00", "alternatives": [0, 50, 50, 50]}, {"date": "2023-09-11-18-00-00", "alternatives": [0, 50, 50, 50]}, {"date": "2023-09-11-18-00-00", "alternatives": [0, 50, 50, 50]}, {"date": "2023-09-11-18-00-00", "alternatives": [0, 50, 50, 50]}, {"date": "2023-09-11-18-00-00", "alternatives": [0, 50, 50, 50]}, {"date": "2023-09-11-18-00-00", "alternatives": [0, 50, 50, 50]}, {"date": "2023-09-11-18-00-00", "alternatives": [0, 50, 50, 50]}, {"date": "2023-09-11-18-00-00", "alternatives": [0, 50, 50, 50]}, {"date": "2023-09-11-18-00-00", "alternatives": [0, 50, 50, 50]}, {"date": "2023-09-11-18-00-00", "alternatives": [0, 50, 50, 50]}, {"date": "2023-09-11-18-00-00", "alternatives": [0, 50, 50, 50]}, {"date": "2023-09-11-18-00-00", "alternatives": [0, 50, 50, 50]}, {"date": "2023-09-11-18-00-00", "alternatives": [0, 50, 50, 50]}, {"date": "2023-09-11-18-00-00", "alternatives": [0, 50, 50, 50]}, {"date": "2023-09-11-18-00-00", "alternatives": [0, 50, 50, 50]}, {"date": "2023-09-11-18-00-00", "alternatives": [0, 50, 50, 50]}, {"date": "2023-09-11-18-00-00", "alternatives": [0, 50, 50, 50]}, {"date": "2023-09-11-18-00-00", "alternatives": [0, 50, 50, 50]}, {"date": "2023-09-11-18-00-00", "alternatives": [0, 50, 50, 50]}, {"date": "2023-09-11-18-00-00", "alternatives": [0, 50, 50, 50]}, {"date": "2023-09-11-18-00-00", "alternatives": [0, 50, 50, 50]}, {"date": "2023-09-11-18-00-00", "alternatives": [0, 50, 50, 50]}, {"date": "2023-09-11-18-00-00", "alternatives": [0, 50, 50, 50]}, {"date": "2023-09-11-18-00-00", "alternatives": [0, 50, 50, 50]}, {"date": "2023-09-11-13-00-00", "alternatives": ["87", "87", "7"]}, {"date": "2023-09-11-13-00-00", "alternatives": ["87", "87", "7"]}, {"date": "2023-09-11-13-00-00", "alternatives": ["87", "87", "7"]}, {"date": "2023-09-11-13-00-00", "alternatives": ["87", "87", "7"]}]}, {"location": {"country_code": "gb", "region": "England"}, "game_id": "135305", "values": [{"date": "2023-09-11-20-00-00", "alternatives": ["39", "68", "39"]}]}, {"location": {"country_code": "cl"}, "game_id": "135305", "values": [{"date": "2023-09-12-02-00-00", "alternatives": ["36", "136", "36"]}, {"date": "2023-09-12-02-00-00", "alternatives": ["36", "136", "36"]}, {"date": "2023-09-12-02-00-00", "alternatives": ["36", "136", "36"]}, {"date": "2023-09-12-02-00-00", "alternatives": ["36", "136", "36"]}, {"date": "2023-09-12-02-00-00", "alternatives": ["36", "136", "36"]}, {"date": "2023-09-12-02-00-00", "alternatives": ["36", "136", "36"]}, {"date": "2023-09-12-02-00-00", "alternatives": ["36", "136", "36"]}, {"date": "2023-09-12-02-00-00", "alternatives": ["36", "136", "36"]}, {"date": "2023-09-12-02-00-00", "alternatives": ["36", "136", "36"]}, {"date": "2023-09-11-03-00-00", "alternatives": ["1225", "125", "125"]}, {"date": "2023-09-11-03-00-00", "alternatives": ["1225", "125", "125"]}, {"date": "2023-09-11-03-00-00", "alternatives": [40, 11, 140, 140, 140]}, {"date": "2023-09-11-03-00-00", "alternatives": [40, 11, 140, 140, 140]}, {"date": "2023-09-11-03-00-00", "alternatives": [40, 11, 140, 140, 140]}, {"date": "2023-09-11-03-00-00", "alternatives": [40, 11, 140, 140, 140]}, {"date": "2023-09-11-03-00-00", "alternatives": [40, 11, 140, 140, 140]}, {"date": "2023-09-12-01-00-00", "alternatives": ["187", "187", "17"]}, {"date": "2023-09-11-03-00-00", "alternatives": ["131", "131", "13"]}, {"date": "2023-09-11-05-00-00", "alternatives": ["16", "136", "136"]}]}, {"location": {"country_code": "us", "region": "Texas"}, "game_id": "135305", "values": [{"date": "2023-09-11-08-00-00", "alternatives": ["28", "28", "2"]}, {"date": "2023-09-11-08-00-00", "alternatives": ["28", "28", "2"]}, {"date": "2023-09-11-03-00-00", "alternatives": ["5", "45", "45"]}, {"date": "2023-09-11-03-00-00", "alternatives": ["5", "45", "45"]}, {"date": "2023-09-11-03-00-00", "alternatives": ["5", "45", "45"]}]}, {"location": {"country_code": "us", "region": "Texas", "city": "San Antonio"}, "game_id": "135305", "values": [{"date": "2023-09-12-02-00-00", "alternatives": ["49", "61", "49"]}]}, {"location": {"country_code": "au", "region": "New South Wales", "city": "Sydney"}, "game_id": "135305", "values": [{"date": "2023-09-11-13-00-00", "alternatives": [214, 2, 2, 2]}]}, {"location": {"country_code": "au"}, "game_id": "135305", "values": [{"date": "2023-09-11-14-00-00", "alternatives": ["7", "227", "227"]}, {"date": "2023-09-11-14-00-00", "alternatives": ["7", "227", "227"]}, {"date": "2023-09-11-08-00-00", "alternatives": ["89", "189", "189"]}, {"date": "2023-09-11-08-00-00", "alternatives": ["89", "189", "189"]}, {"date": "2023-09-11-08-00-00", "alternatives": ["89", "189", "189"]}, {"date": "2023-09-11-08-00-00", "alternatives": ["89", "189", "189"]}, {"date": "2023-09-11-06-00-00", "alternatives": ["196", "196015", "196"]}, {"date": "2023-09-11-06-00-00", "alternatives": ["196", "196015", "196"]}, {"date": "2023-09-11-13-00-00", "alternatives": ["219", "22", "219"]}, {"date": "2023-09-11-13-00-00", "alternatives": ["219", "22", "219"]}]}, {"location": {"country_code": "ph"}, "game_id": "135305", "values": [{"date": "2023-09-11-17-00-00", "alternatives": ["174", "174", "74"]}, {"date": "2023-09-11-17-00-00", "alternatives": ["174", "174", "74"]}, {"date": "2023-09-11-12-00-00", "alternatives": ["9", "9", "94"]}, {"date": "2023-09-11-12-00-00", "alternatives": ["9", "9", "94"]}, {"date": "2023-09-11-16-00-00", "alternatives": ["113", "113", "3"]}, {"date": "2023-09-11-16-00-00", "alternatives": ["113", "113", "3"]}, {"date": "2023-09-11-16-00-00", "alternatives": ["113", "113", "3"]}, {"date": "2023-09-11-14-00-00", "alternatives": ["56", "56", "6"]}, {"date": "2023-09-11-14-00-00", "alternatives": ["56", "56", "6"]}, {"date": "2023-09-11-14-00-00", "alternatives": ["56", "56", "6"]}, {"date": "2023-09-11-13-00-00", "alternatives": ["57", "7", "7"]}, {"date": "2023-09-11-15-00-00", "alternatives": ["57", "67", "67"]}, {"date": "2023-09-11-18-00-00", "alternatives": ["77", "17", "77"]}, {"date": "2023-09-11-18-00-00", "alternatives": ["77", "17", "77"]}, {"date": "2023-09-11-18-00-00", "alternatives": ["77", "17", "77"]}, {"date": "2023-09-11-18-00-00", "alternatives": ["77", "17", "77"]}, {"date": "2023-09-11-18-00-00", "alternatives": ["77", "17", "77"]}, {"date": "2023-09-11-17-00-00", "alternatives": ["89", "89", "9"]}, {"date": "2023-09-11-20-00-00", "alternatives": ["68", "68", "687"]}, {"date": "2023-09-11-20-00-00", "alternatives": ["68", "68", "687"]}, {"date": "2023-09-11-20-00-00", "alternatives": ["68", "68", "687"]}, {"date": "2023-09-11-20-00-00", "alternatives": ["68", "68", "687"]}, {"date": "2023-09-11-04-00-00", "alternatives": [8, 4, 84, 84, 84]}, {"date": "2023-09-11-04-00-00", "alternatives": [8, 4, 84, 84, 84]}, {"date": "2023-09-11-04-00-00", "alternatives": [8, 4, 84, 84, 84]}, {"date": "2023-09-11-04-00-00", "alternatives": [8, 4, 84, 84, 84]}, {"date": "2023-09-11-15-00-00", "alternatives": ["06", "106", "6"]}, {"date": "2023-09-11-15-00-00", "alternatives": ["06", "106", "6"]}, {"date": "2023-09-11-15-00-00", "alternatives": ["06", "106", "6"]}, {"date": "2023-09-11-15-00-00", "alternatives": ["06", "106", "6"]}, {"date": "2023-09-11-15-00-00", "alternatives": ["06", "106", "6"]}, {"date": "2023-09-11-20-00-00", "alternatives": ["74", "73", "73"]}, {"date": "2023-09-11-20-00-00", "alternatives": ["74", "73", "73"]}, {"date": "2023-09-11-20-00-00", "alternatives": ["74", "73", "73"]}, {"date": "2023-09-11-16-00-00", "alternatives": ["212", "20", "212"]}, {"date": "2023-09-11-13-00-00", "alternatives": ["112", "12", "112"]}, {"date": "2023-09-11-13-00-00", "alternatives": ["112", "12", "112"]}, {"date": "2023-09-11-20-00-00", "alternatives": ["75", "7", "75"]}, {"date": "2023-09-11-20-00-00", "alternatives": ["75", "7", "75"]}, {"date": "2023-09-11-20-00-00", "alternatives": ["75", "7", "75"]}, {"date": "2023-09-11-20-00-00", "alternatives": ["75", "7", "75"]}, {"date": "2023-09-11-20-00-00", "alternatives": ["75", "7", "75"]}, {"date": "2023-09-11-20-00-00", "alternatives": ["75", "7", "75"]}]}, {"location": {"country_code": "fr"}, "game_id": "135305", "values": [{"date": "2023-09-11-21-00-00", "alternatives": ["79", "62", "79"]}, {"date": "2023-09-11-19-00-00", "alternatives": ["24", "2", "24"]}, {"date": "2023-09-11-19-00-00", "alternatives": ["24", "2", "24"]}, {"date": "2023-09-11-19-00-00", "alternatives": ["24", "2", "24"]}, {"date": "2023-09-11-15-00-00", "alternatives": ["34", "343", "34"]}, {"date": "2023-09-11-21-00-00", "alternatives": ["15", "15", "1"]}, {"date": "2023-09-11-21-00-00", "alternatives": ["15", "15", "1"]}, {"date": "2023-09-11-21-00-00", "alternatives": ["15", "15", "1"]}, {"date": "2023-09-12-00-00-00", "alternatives": ["12", "2", "12"]}]}, {"location": {"country_code": "mx"}, "game_id": "135305", "values": [{"date": "2023-09-11-06-00-00", "alternatives": ["59", "9", "9"]}, {"date": "2023-09-11-06-00-00", "alternatives": ["59", "9", "9"]}, {"date": "2023-09-11-05-00-00", "alternatives": ["9", "149", "149"]}, {"date": "2023-09-11-05-00-00", "alternatives": ["9", "149", "149"]}, {"date": "2023-09-12-01-00-00", "alternatives": [74, 4, 74, 74]}, {"date": "2023-09-12-01-00-00", "alternatives": [74, 4, 74, 74]}, {"date": "2023-09-12-01-00-00", "alternatives": [74, 4, 74, 74]}, {"date": "2023-09-12-01-00-00", "alternatives": ["54", "64", "64"]}, {"date": "2023-09-11-05-00-00", "alternatives": ["71", "1", "71"]}, {"date": "2023-09-11-11-00-00", "alternatives": ["03", "103", "103"]}, {"date": "2023-09-11-10-00-00", "alternatives": ["88", "88", "8"]}, {"date": "2023-09-11-10-00-00", "alternatives": ["88", "88", "8"]}, {"date": "2023-09-11-10-00-00", "alternatives": ["88", "88", "8"]}, {"date": "2023-09-11-10-00-00", "alternatives": ["88", "88", "8"]}, {"date": "2023-09-11-10-00-00", "alternatives": ["88", "88", "8"]}, {"date": "2023-09-11-10-00-00", "alternatives": ["88", "88", "8"]}, {"date": "2023-09-11-10-00-00", "alternatives": ["88", "88", "8"]}, {"date": "2023-09-11-03-00-00", "alternatives": ["69", "69", "09"]}, {"date": "2023-09-11-06-00-00", "alternatives": ["4", "64", "64"]}, {"date": "2023-09-11-05-00-00", "alternatives": [8, 108, 108, 108]}, {"date": "2023-09-11-05-00-00", "alternatives": [8, 108, 108, 108]}, {"date": "2023-09-11-05-00-00", "alternatives": [8, 108, 108, 108]}, {"date": "2023-09-11-05-00-00", "alternatives": [8, 108, 108, 108]}, {"date": "2023-09-11-05-00-00", "alternatives": [8, 108, 108, 108]}]}, {"location": {"country_code": "mx", "region": "Mexico City"}, "game_id": "135305", "values": [{"date": "2023-09-11-08-00-00", "alternatives": ["53", "53", "83"]}]}, {"location": {"country_code": "in"}, "game_id": "135305", "values": [{"date": "2023-09-11-22-00-00", "alternatives": ["5", "153", "153"]}, {"date": "2023-09-11-22-00-00", "alternatives": ["5", "153", "153"]}, {"date": "2023-09-11-22-00-00", "alternatives": ["5", "153", "153"]}, {"date": "2023-09-11-22-00-00", "alternatives": ["5", "153", "153"]}]}, {"location": {"country_code": "us", "region": "California"}, "game_id": "135305", "values": [{"date": "2023-09-11-13-00-00", "alternatives": ["85", "83", "85"]}, {"date": "2023-09-11-13-00-00", "alternatives": ["85", "83", "85"]}, {"date": "2023-09-11-13-00-00", "alternatives": ["85", "83", "85"]}, {"date": "2023-09-11-13-00-00", "alternatives": ["85", "83", "85"]}, {"date": "2023-09-11-13-00-00", "alternatives": ["85", "83", "85"]}, {"date": "2023-09-11-13-00-00", "alternatives": ["85", "83", "85"]}]}, {"location": {"country_code": "br"}, "game_id": "135305", "values": [{"date": "2023-09-11-23-00-00", "alternatives": [435, 14, 143, 143, 143]}, {"date": "2023-09-11-23-00-00", "alternatives": [435, 14, 143, 143, 143]}, {"date": "2023-09-11-23-00-00", "alternatives": [435, 14, 143, 143, 143]}, {"date": "2023-09-11-23-00-00", "alternatives": [435, 14, 143, 143, 143]}, {"date": "2023-09-11-23-00-00", "alternatives": [435, 14, 143, 143, 143]}, {"date": "2023-09-11-23-00-00", "alternatives": [435, 14, 143, 143, 143]}, {"date": "2023-09-11-23-00-00", "alternatives": [435, 14, 143, 143, 143]}, {"date": "2023-09-11-23-00-00", "alternatives": [435, 14, 143, 143, 143]}, {"date": "2023-09-11-23-00-00", "alternatives": [435, 14, 143, 143, 143]}, {"date": "2023-09-11-23-00-00", "alternatives": [435, 14, 143, 143, 143]}, {"date": "2023-09-11-23-00-00", "alternatives": [435, 14, 143, 143, 143]}, {"date": "2023-09-11-23-00-00", "alternatives": [435, 14, 143, 143, 143]}, {"date": "2023-09-11-03-00-00", "alternatives": [1301, 13, 130, 130, 130]}, {"date": "2023-09-11-03-00-00", "alternatives": [1301, 13, 130, 130, 130]}, {"date": "2023-09-12-01-00-00", "alternatives": ["27", "2", "2"]}, {"date": "2023-09-12-01-00-00", "alternatives": ["27", "2", "2"]}, {"date": "2023-09-12-01-00-00", "alternatives": ["27", "2", "2"]}, {"date": "2023-09-12-01-00-00", "alternatives": ["27", "2", "2"]}, {"date": "2023-09-12-01-00-00", "alternatives": ["27", "2", "2"]}, {"date": "2023-09-12-01-00-00", "alternatives": ["27", "2", "2"]}, {"date": "2023-09-12-01-00-00", "alternatives": ["27", "2", "2"]}, {"date": "2023-09-12-01-00-00", "alternatives": ["27", "2", "2"]}, {"date": "2023-09-12-01-00-00", "alternatives": ["27", "2", "2"]}, {"date": "2023-09-11-17-00-00", "alternatives": [51, 15, 151, 151, 151]}, {"date": "2023-09-11-17-00-00", "alternatives": [51, 15, 151, 151, 151]}, {"date": "2023-09-11-17-00-00", "alternatives": [51, 15, 151, 151, 151]}, {"date": "2023-09-11-17-00-00", "alternatives": [51, 15, 151, 151, 151]}, {"date": "2023-09-11-17-00-00", "alternatives": [51, 15, 151, 151, 151]}, {"date": "2023-09-11-17-00-00", "alternatives": [51, 15, 151, 151, 151]}, {"date": "2023-09-11-17-00-00", "alternatives": [51, 15, 151, 151, 151]}, {"date": "2023-09-11-17-00-00", "alternatives": [51, 15, 151, 151, 151]}, {"date": "2023-09-12-02-00-00", "alternatives": ["8", "98", "8"]}, {"date": "2023-09-12-02-00-00", "alternatives": ["8", "98", "8"]}, {"date": "2023-09-12-02-00-00", "alternatives": ["94", "6", "94"]}, {"date": "2023-09-11-03-00-00", "alternatives": [126, 120, 12, 126, 126]}, {"date": "2023-09-11-03-00-00", "alternatives": [126, 120, 12, 126, 126]}, {"date": "2023-09-11-09-00-00", "alternatives": ["45", "145", "145"]}, {"date": "2023-09-11-09-00-00", "alternatives": ["45", "145", "145"]}, {"date": "2023-09-12-00-00-00", "alternatives": ["14", "147", "147"]}]}, {"location": {"country_code": "br", "region": "Pernambuco", "city": "Olinda"}, "game_id": "135305", "values": [{"date": "2023-09-11-16-00-00", "alternatives": [98, 9, 98, 98]}, {"date": "2023-09-11-16-00-00", "alternatives": [98, 9, 98, 98]}, {"date": "2023-09-11-16-00-00", "alternatives": [98, 9, 98, 98]}, {"date": "2023-09-11-16-00-00", "alternatives": [98, 9, 98, 98]}]}, {"location": {"country_code": "br", "region": "Sao Paulo", "city": "Apiai"}, "game_id": "135305", "values": [{"date": "2023-09-11-03-00-00", "alternatives": ["48", "148", "148"]}, {"date": "2023-09-11-03-00-00", "alternatives": ["48", "148", "148"]}, {"date": "2023-09-11-22-00-00", "alternatives": ["50", "150", "150"]}, {"date": "2023-09-11-22-00-00", "alternatives": ["50", "150", "150"]}, {"date": "2023-09-11-22-00-00", "alternatives": ["50", "150", "150"]}, {"date": "2023-09-11-22-00-00", "alternatives": ["50", "150", "150"]}, {"date": "2023-09-11-22-00-00", "alternatives": ["50", "150", "150"]}, {"date": "2023-09-11-22-00-00", "alternatives": ["50", "150", "150"]}, {"date": "2023-09-11-22-00-00", "alternatives": ["50", "150", "150"]}, {"date": "2023-09-11-22-00-00", "alternatives": ["50", "150", "150"]}, {"date": "2023-09-11-22-00-00", "alternatives": ["50", "150", "150"]}, {"date": "2023-09-11-22-00-00", "alternatives": ["50", "150", "150"]}, {"date": "2023-09-11-22-00-00", "alternatives": ["50", "150", "150"]}, {"date": "2023-09-11-22-00-00", "alternatives": ["50", "150", "150"]}, {"date": "2023-09-11-22-00-00", "alternatives": ["50", "150", "150"]}, {"date": "2023-09-11-22-00-00", "alternatives": ["50", "150", "150"]}, {"date": "2023-09-12-02-00-00", "alternatives": ["125", "125", "1256"]}, {"date": "2023-09-12-02-00-00", "alternatives": ["125", "125", "1256"]}, {"date": "2023-09-12-02-00-00", "alternatives": ["125", "125", "1256"]}]}, {"location": {"country_code": "se"}, "game_id": "135305", "values": [{"date": "2023-09-12-02-00-00", "alternatives": ["266", "206", "266"]}, {"date": "2023-09-12-02-00-00", "alternatives": ["266", "206", "266"]}, {"date": "2023-09-12-02-00-00", "alternatives": ["266", "206", "266"]}]}, {"location": {"country_code": "us", "region": "California", "city": "East Los Angeles"}, "game_id": "135305", "values": [{"date": "2023-09-11-09-00-00", "alternatives": ["42", "142", "142"]}, {"date": "2023-09-11-09-00-00", "alternatives": ["42", "142", "142"]}, {"date": "2023-09-11-09-00-00", "alternatives": ["42", "142", "142"]}, {"date": "2023-09-11-09-00-00", "alternatives": ["42", "142", "142"]}, {"date": "2023-09-11-09-00-00", "alternatives": ["42", "142", "142"]}, {"date": "2023-09-11-09-00-00", "alternatives": ["42", "142", "142"]}, {"date": "2023-09-11-09-00-00", "alternatives": ["42", "142", "142"]}]}, {"location": {"country_code": "ec"}, "game_id": "135305", "values": [{"date": "2023-09-11-06-00-00", "alternatives": ["91", "16", "91"]}, {"date": "2023-09-11-08-00-00", "alternatives": ["92", "92", "99"]}, {"date": "2023-09-11-08-00-00", "alternatives": ["92", "92", "99"]}, {"date": "2023-09-11-08-00-00", "alternatives": ["92", "92", "99"]}, {"date": "2023-09-11-08-00-00", "alternatives": ["92", "92", "99"]}, {"date": "2023-09-11-08-00-00", "alternatives": ["92", "92", "99"]}]}, {"location": {"country_code": "es", "region": "Madrid", "city": "Parla"}, "game_id": "135305", "values": [{"date": "2023-09-11-22-00-00", "alternatives": ["31", "31", "3"]}, {"date": "2023-09-11-22-00-00", "alternatives": ["31", "31", "3"]}, {"date": "2023-09-11-21-00-00", "alternatives": ["15", "5", "15"]}]}, {"location": {"country_code": "kr"}, "game_id": "135305", "values": [{"date": "2023-09-11-07-00-00", "alternatives": ["19", "197", "197"]}]}, {"location": {"country_code": "es"}, "game_id": "135305", "values": [{"date": "2023-09-11-20-00-00", "alternatives": ["54", "5", "54"]}, {"date": "2023-09-11-20-00-00", "alternatives": ["54", "5", "54"]}, {"date": "2023-09-11-13-00-00", "alternatives": ["29", "29", "99"]}, {"date": "2023-09-12-00-00-00", "alternatives": ["65", "65", "6510"]}, {"date": "2023-09-12-00-00-00", "alternatives": ["65", "65", "6510"]}, {"date": "2023-09-12-00-00-00", "alternatives": ["65", "65", "6510"]}, {"date": "2023-09-11-17-00-00", "alternatives": [40, 40, 40]}, {"date": "2023-09-11-19-00-00", "alternatives": ["49", "6", "49"]}, {"date": "2023-09-11-19-00-00", "alternatives": ["49", "6", "49"]}, {"date": "2023-09-11-13-00-00", "alternatives": ["74", "7", "74"]}, {"date": "2023-09-12-01-00-00", "alternatives": [14, 44, 44, 44]}, {"date": "2023-09-12-01-00-00", "alternatives": [14, 44, 44, 44]}, {"date": "2023-09-11-18-00-00", "alternatives": ["39", "68", "39"]}, {"date": "2023-09-11-18-00-00", "alternatives": ["39", "68", "39"]}, {"date": "2023-09-11-18-00-00", "alternatives": ["39", "68", "39"]}, {"date": "2023-09-11-18-00-00", "alternatives": ["39", "68", "39"]}]}, {"location": {"country_code": "sa"}, "game_id": "135305", "values": [{"date": "2023-09-11-21-00-00", "alternatives": ["100", "10", "100"]}, {"date": "2023-09-11-21-00-00", "alternatives": ["100", "10", "100"]}, {"date": "2023-09-11-21-00-00", "alternatives": ["100", "10", "100"]}, {"date": "2023-09-11-21-00-00", "alternatives": ["100", "10", "100"]}, {"date": "2023-09-11-03-00-00", "alternatives": ["003", "103", "103"]}, {"date": "2023-09-11-03-00-00", "alternatives": ["003", "103", "103"]}, {"date": "2023-09-11-03-00-00", "alternatives": ["003", "103", "103"]}, {"date": "2023-09-11-03-00-00", "alternatives": ["003", "103", "103"]}, {"date": "2023-09-11-03-00-00", "alternatives": ["003", "103", "103"]}, {"date": "2023-09-11-12-00-00", "alternatives": ["46", "146", "146"]}]}, {"location": {"country_code": "ar"}, "game_id": "135305", "values": [{"date": "2023-09-11-21-00-00", "alternatives": [6, 64, 164, 164, 164, 164]}, {"date": "2023-09-11-09-00-00", "alternatives": ["957", "157", "157"]}, {"date": "2023-09-11-05-00-00", "alternatives": [5, 6, 165, 165, 165]}, {"date": "2023-09-11-05-00-00", "alternatives": [5, 6, 165, 165, 165]}, {"date": "2023-09-11-05-00-00", "alternatives": [5, 6, 165, 165, 165]}, {"date": "2023-09-11-05-00-00", "alternatives": [5, 6, 165, 165, 165]}]}, {"location": {"country_code": "vn"}, "game_id": "135305", "values": [{"date": "2023-09-11-16-00-00", "alternatives": ["08", "108", "108"]}]}, {"location": {"country_code": "us", "region": "Hawaii"}, "game_id": "135305", "values": [{"date": "2023-09-11-13-00-00", "alternatives": ["07", "107", "107"]}, {"date": "2023-09-11-13-00-00", "alternatives": ["07", "107", "107"]}, {"date": "2023-09-11-13-00-00", "alternatives": ["07", "107", "107"]}, {"date": "2023-09-11-13-00-00", "alternatives": ["07", "107", "107"]}, {"date": "2023-09-11-13-00-00", "alternatives": ["07", "107", "107"]}]}, {"location": {"country_code": "ar", "region": "Buenos Aires F.D.", "city": "Bahia Blanca"}, "game_id": "135305", "values": [{"date": "2023-09-11-20-00-00", "alternatives": ["157", "157", "17"]}, {"date": "2023-09-11-20-00-00", "alternatives": ["157", "157", "17"]}, {"date": "2023-09-11-20-00-00", "alternatives": ["157", "157", "17"]}]}, {"location": {"country_code": "jp", "region": "Tokyo"}, "game_id": "135305", "values": [{"date": "2023-09-11-18-00-00", "alternatives": ["4", "14", "14"]}, {"date": "2023-09-11-18-00-00", "alternatives": ["4", "14", "14"]}, {"date": "2023-09-11-18-00-00", "alternatives": ["4", "14", "14"]}, {"date": "2023-09-11-18-00-00", "alternatives": ["4", "14", "14"]}, {"date": "2023-09-11-18-00-00", "alternatives": ["4", "14", "14"]}, {"date": "2023-09-11-18-00-00", "alternatives": ["4", "14", "14"]}]}, {"location": {"country_code": "it", "region": "Emilia-Romagna"}, "game_id": "135305", "values": [{"date": "2023-09-11-23-00-00", "alternatives": ["21", "29", "29"]}, {"date": "2023-09-11-23-00-00", "alternatives": ["21", "29", "29"]}]}, {"location": {"country_code": "at", "region": "Vienna"}, "game_id": "135305", "values": [{"date": "2023-09-11-14-00-00", "alternatives": ["5", "15", "15"]}]}, {"location": {"country_code": "hu"}, "game_id": "135305", "values": [{"date": "2023-09-11-21-00-00", "alternatives": ["6", "46", "46"]}]}, {"location": {"country_code": "pe", "region": "Lima region", "city": "Nuevo Lince"}, "game_id": "135305", "values": [{"date": "2023-09-11-07-00-00", "alternatives": ["90", "06", "90"]}]}, {"location": {"country_code": "co"}, "game_id": "135305", "values": [{"date": "2023-09-11-02-00-00", "alternatives": [24, 29, 24, 24]}, {"date": "2023-09-11-23-00-00", "alternatives": ["90", "06", "90"]}, {"date": "2023-09-11-23-00-00", "alternatives": ["90", "06", "90"]}, {"date": "2023-09-11-23-00-00", "alternatives": ["90", "06", "90"]}]}, {"location": {"country_code": "at"}, "game_id": "135305", "values": [{"date": "2023-09-11-19-00-00", "alternatives": [0, 40, 30, 40, 40]}]}, {"location": {"country_code": "us", "region": "Utah"}, "game_id": "135305", "values": [{"date": "2023-09-11-09-00-00", "alternatives": ["58", "58", "5"]}]}, {"location": {"country_code": "cn"}, "game_id": "135305", "values": [{"date": "2023-09-11-20-00-00", "alternatives": ["84", "84", "834"]}, {"date": "2023-09-11-20-00-00", "alternatives": ["84", "84", "834"]}]}, {"location": {"country_code": "es", "region": "Catalonia", "city": "l'Hospitalet de Llobregat"}, "game_id": "135305", "values": [{"date": "2023-09-11-10-00-00", "alternatives": [39, 130, 39, 39, 39]}, {"date": "2023-09-11-10-00-00", "alternatives": [39, 130, 39, 39, 39]}]}, {"location": {"country_code": "pl"}, "game_id": "135305", "values": [{"date": "2023-09-12-01-00-00", "alternatives": ["21", "21", "1"]}, {"date": "2023-09-12-01-00-00", "alternatives": ["21", "21", "1"]}, {"date": "2023-09-12-01-00-00", "alternatives": ["21", "21", "1"]}, {"date": "2023-09-12-01-00-00", "alternatives": ["21", "21", "1"]}, {"date": "2023-09-12-01-00-00", "alternatives": ["21", "21", "1"]}, {"date": "2023-09-12-01-00-00", "alternatives": ["21", "21", "1"]}]}, {"location": {"country_code": "us", "region": "Nevada", "city": "Las Vegas"}, "game_id": "135305", "values": [{"date": "2023-09-11-06-00-00", "alternatives": [91, 16, 91, 91]}, {"date": "2023-09-11-06-00-00", "alternatives": [91, 16, 91, 91]}, {"date": "2023-09-11-06-00-00", "alternatives": [91, 16, 91, 91]}, {"date": "2023-09-11-06-00-00", "alternatives": [91, 16, 91, 91]}, {"date": "2023-09-11-06-00-00", "alternatives": [91, 16, 91, 91]}, {"date": "2023-09-11-06-00-00", "alternatives": [91, 16, 91, 91]}, {"date": "2023-09-11-06-00-00", "alternatives": [91, 16, 91, 91]}]}, {"location": {"country_code": "cr"}, "game_id": "135305", "values": [{"date": "2023-09-11-20-00-00", "alternatives": ["87", "87", "7"]}, {"date": "2023-09-11-20-00-00", "alternatives": ["87", "87", "7"]}]}, {"location": {"country_code": "gb", "region": "England", "city": "London"}, "game_id": "135305", "values": [{"date": "2023-09-11-23-00-00", "alternatives": ["26", "26", "20"]}, {"date": "2023-09-11-23-00-00", "alternatives": ["26", "26", "20"]}, {"date": "2023-09-11-23-00-00", "alternatives": ["26", "26", "20"]}]}, {"location": {"country_code": "pe"}, "game_id": "135305", "values": [{"date": "2023-09-11-04-00-00", "alternatives": ["112", "112", "12"]}, {"date": "2023-09-11-04-00-00", "alternatives": ["112", "112", "12"]}, {"date": "2023-09-11-04-00-00", "alternatives": ["112", "112", "12"]}, {"date": "2023-09-11-05-00-00", "alternatives": [0, 6, 90, 90, 90]}, {"date": "2023-09-11-05-00-00", "alternatives": [0, 6, 90, 90, 90]}, {"date": "2023-09-11-08-00-00", "alternatives": ["132", "192", "132"]}]}, {"location": {"country_code": "ua"}, "game_id": "135305", "values": [{"date": "2023-09-11-21-00-00", "alternatives": ["53", "53", "52"]}, {"date": "2023-09-11-14-00-00", "alternatives": ["57", "157", "157"]}, {"date": "2023-09-11-14-00-00", "alternatives": ["57", "157", "157"]}, {"date": "2023-09-11-21-00-00", "alternatives": ["03", "3", "93"]}]}, {"location": {"country_code": "kz"}, "game_id": "135305", "values": [{"date": "2023-09-11-17-00-00", "alternatives": ["55", "5", "55"]}]}, {"location": {"country_code": "sg"}, "game_id": "135305", "values": [{"date": "2023-09-11-17-00-00", "alternatives": ["93", "93", "83"]}, {"date": "2023-09-11-18-00-00", "alternatives": [33, 3, 33, 33]}, {"date": "2023-09-11-18-00-00", "alternatives": [33, 3, 33, 33]}, {"date": "2023-09-11-18-00-00", "alternatives": [33, 3, 33, 33]}, {"date": "2023-09-11-18-00-00", "alternatives": [33, 3, 33, 33]}, {"date": "2023-09-11-18-00-00", "alternatives": [33, 3, 33, 33]}, {"date": "2023-09-11-18-00-00", "alternatives": [33, 3, 33, 33]}, {"date": "2023-09-11-15-00-00", "alternatives": ["84", "84", "4"]}, {"date": "2023-09-11-15-00-00", "alternatives": ["84", "84", "4"]}, {"date": "2023-09-11-14-00-00", "alternatives": ["82", "89", "89"]}, {"date": "2023-09-11-14-00-00", "alternatives": ["82", "89", "89"]}, {"date": "2023-09-11-14-00-00", "alternatives": ["82", "89", "89"]}, {"date": "2023-09-11-14-00-00", "alternatives": ["82", "89", "89"]}]}, {"location": {"country_code": "fr", "region": "Occitanie", "city": "Toulouse"}, "game_id": "135305", "values": [{"date": "2023-09-12-02-00-00", "alternatives": ["132", "1323", "132"]}, {"date": "2023-09-12-02-00-00", "alternatives": ["132", "1323", "132"]}, {"date": "2023-09-12-02-00-00", "alternatives": ["132", "1323", "132"]}]}, {"location": {"country_code": "ca", "region": "Ontario", "city": "Toronto"}, "game_id": "135305", "values": [{"date": "2023-09-12-01-00-00", "alternatives": ["37", "7", "37"]}]}, {"location": {"country_code": "ru"}, "game_id": "135305", "values": [{"date": "2023-09-11-19-00-00", "alternatives": ["54", "2", "54"]}]}, {"location": {"country_code": "my"}, "game_id": "135305", "values": [{"date": "2023-09-11-16-00-00", "alternatives": [10, 100, 100, 100]}, {"date": "2023-09-11-16-00-00", "alternatives": [10, 100, 100, 100]}, {"date": "2023-09-11-12-00-00", "alternatives": ["06", "106", "106"]}, {"date": "2023-09-11-15-00-00", "alternatives": [71, 77, 77, 77]}, {"date": "2023-09-11-15-00-00", "alternatives": [71, 77, 77, 77]}, {"date": "2023-09-11-15-00-00", "alternatives": [71, 77, 77, 77]}, {"date": "2023-09-11-15-00-00", "alternatives": [71, 77, 77, 77]}, {"date": "2023-09-11-15-00-00", "alternatives": [71, 77, 77, 77]}, {"date": "2023-09-11-15-00-00", "alternatives": [71, 77, 77, 77]}, {"date": "2023-09-11-15-00-00", "alternatives": [71, 77, 77, 77]}, {"date": "2023-09-11-15-00-00", "alternatives": [71, 77, 77, 77]}, {"date": "2023-09-11-15-00-00", "alternatives": [71, 77, 77, 77]}, {"date": "2023-09-11-15-00-00", "alternatives": [71, 77, 77, 77]}, {"date": "2023-09-11-15-00-00", "alternatives": [71, 77, 77, 77]}, {"date": "2023-09-11-15-00-00", "alternatives": [71, 77, 77, 77]}, {"date": "2023-09-11-15-00-00", "alternatives": [71, 77, 77, 77]}, {"date": "2023-09-11-15-00-00", "alternatives": [71, 77, 77, 77]}, {"date": "2023-09-11-15-00-00", "alternatives": [71, 77, 77, 77]}, {"date": "2023-09-11-15-00-00", "alternatives": [71, 77, 77, 77]}, {"date": "2023-09-11-15-00-00", "alternatives": [71, 77, 77, 77]}, {"date": "2023-09-11-18-00-00", "alternatives": ["78", "78", "780"]}, {"date": "2023-09-11-18-00-00", "alternatives": ["78", "78", "780"]}, {"date": "2023-09-11-18-00-00", "alternatives": ["78", "78", "780"]}, {"date": "2023-09-11-18-00-00", "alternatives": ["78", "78", "780"]}, {"date": "2023-09-11-18-00-00", "alternatives": ["78", "78", "780"]}, {"date": "2023-09-11-18-00-00", "alternatives": ["78", "78", "780"]}, {"date": "2023-09-11-18-00-00", "alternatives": ["78", "78", "780"]}, {"date": "2023-09-11-18-00-00", "alternatives": ["78", "78", "780"]}, {"date": "2023-09-11-18-00-00", "alternatives": ["78", "78", "780"]}, {"date": "2023-09-11-18-00-00", "alternatives": ["78", "78", "780"]}, {"date": "2023-09-11-18-00-00", "alternatives": [7, 77, 77, 77]}, {"date": "2023-09-11-18-00-00", "alternatives": [7, 77, 77, 77]}, {"date": "2023-09-11-18-00-00", "alternatives": [7, 77, 77, 77]}, {"date": "2023-09-11-18-00-00", "alternatives": [7, 77, 77, 77]}, {"date": "2023-09-11-18-00-00", "alternatives": [7, 77, 77, 77]}, {"date": "2023-09-11-18-00-00", "alternatives": [7, 77, 77, 77]}, {"date": "2023-09-11-18-00-00", "alternatives": [7, 77, 77, 77]}, {"date": "2023-09-11-18-00-00", "alternatives": [7, 77, 77, 77]}, {"date": "2023-09-11-18-00-00", "alternatives": [7, 77, 77, 77]}, {"date": "2023-09-11-18-00-00", "alternatives": [7, 77, 77, 77]}, {"date": "2023-09-11-18-00-00", "alternatives": [7, 77, 77, 77]}, {"date": "2023-09-11-18-00-00", "alternatives": [7, 77, 77, 77]}, {"date": "2023-09-11-18-00-00", "alternatives": [7, 77, 77, 77]}, {"date": "2023-09-11-18-00-00", "alternatives": [7, 77, 77, 77]}, {"date": "2023-09-11-18-00-00", "alternatives": [7, 77, 77, 77]}, {"date": "2023-09-11-18-00-00", "alternatives": [7, 77, 77, 77]}, {"date": "2023-09-11-18-00-00", "alternatives": [7, 77, 77, 77]}, {"date": "2023-09-11-18-00-00", "alternatives": [7, 77, 77, 77]}, {"date": "2023-09-11-18-00-00", "alternatives": [7, 77, 77, 77]}, {"date": "2023-09-11-18-00-00", "alternatives": [7, 77, 77, 77]}, {"date": "2023-09-11-18-00-00", "alternatives": [7, 77, 77, 77]}, {"date": "2023-09-11-18-00-00", "alternatives": [7, 77, 77, 77]}, {"date": "2023-09-11-18-00-00", "alternatives": [7, 77, 77, 77]}, {"date": "2023-09-11-18-00-00", "alternatives": [7, 77, 77, 77]}, {"date": "2023-09-11-18-00-00", "alternatives": [7, 77, 77, 77]}, {"date": "2023-09-11-18-00-00", "alternatives": [7, 77, 77, 77]}, {"date": "2023-09-11-18-00-00", "alternatives": [7, 77, 77, 77]}, {"date": "2023-09-11-18-00-00", "alternatives": [7, 77, 77, 77]}, {"date": "2023-09-11-18-00-00", "alternatives": [7, 77, 77, 77]}, {"date": "2023-09-11-18-00-00", "alternatives": [7, 77, 77, 77]}, {"date": "2023-09-11-18-00-00", "alternatives": [7, 77, 77, 77]}, {"date": "2023-09-11-09-00-00", "alternatives": ["6", "3", "3"]}, {"date": "2023-09-11-09-00-00", "alternatives": ["6", "3", "3"]}, {"date": "2023-09-11-09-00-00", "alternatives": ["6", "3", "3"]}, {"date": "2023-09-11-17-00-00", "alternatives": ["9", "94", "94"]}, {"date": "2023-09-11-17-00-00", "alternatives": ["9", "94", "94"]}, {"date": "2023-09-11-17-00-00", "alternatives": ["9", "94", "94"]}, {"date": "2023-09-11-17-00-00", "alternatives": ["9", "94", "94"]}, {"date": "2023-09-11-17-00-00", "alternatives": ["9", "94", "94"]}, {"date": "2023-09-11-10-00-00", "alternatives": [109, 12, 0, 109, 109]}, {"date": "2023-09-11-10-00-00", "alternatives": [109, 12, 0, 109, 109]}, {"date": "2023-09-11-10-00-00", "alternatives": [109, 12, 0, 109, 109]}, {"date": "2023-09-11-10-00-00", "alternatives": [109, 12, 0, 109, 109]}, {"date": "2023-09-11-10-00-00", "alternatives": [109, 12, 0, 109, 109]}, {"date": "2023-09-11-10-00-00", "alternatives": [109, 12, 0, 109, 109]}, {"date": "2023-09-11-10-00-00", "alternatives": [109, 12, 0, 109, 109]}, {"date": "2023-09-11-10-00-00", "alternatives": [109, 12, 0, 109, 109]}, {"date": "2023-09-11-10-00-00", "alternatives": [109, 12, 0, 109, 109]}, {"date": "2023-09-11-17-00-00", "alternatives": ["127", "127", "27"]}, {"date": "2023-09-11-17-00-00", "alternatives": ["127", "127", "27"]}, {"date": "2023-09-11-17-00-00", "alternatives": ["127", "127", "27"]}, {"date": "2023-09-11-17-00-00", "alternatives": ["127", "127", "27"]}, {"date": "2023-09-11-17-00-00", "alternatives": ["1019", "109", "109"]}, {"date": "2023-09-11-17-00-00", "alternatives": ["1019", "109", "109"]}, {"date": "2023-09-11-03-00-00", "alternatives": [242, 242, 242, 242]}]}, {"location": {"country_code": "py"}, "game_id": "135305", "values": [{"date": "2023-09-11-22-00-00", "alternatives": ["192", "92", "192"]}]}, {"location": {"country_code": "us", "region": "Minnesota", "city": "Minneapolis"}, "game_id": "135305", "values": [{"date": "2023-09-12-02-00-00", "alternatives": [2, 22, 42, 42, 42]}, {"date": "2023-09-12-02-00-00", "alternatives": [2, 22, 42, 42, 42]}]}, {"location": {"country_code": "id"}, "game_id": "135305", "values": [{"date": "2023-09-11-16-00-00", "alternatives": [219, 2193, 2119, 219, 219]}, {"date": "2023-09-11-13-00-00", "alternatives": ["116", "16", "16"]}, {"date": "2023-09-11-16-00-00", "alternatives": ["22", "222", "22"]}, {"date": "2023-09-11-19-00-00", "alternatives": ["109", "601", "109"]}, {"date": "2023-09-11-17-00-00", "alternatives": [6, 94, 94, 94]}, {"date": "2023-09-11-17-00-00", "alternatives": [6, 94, 94, 94]}, {"date": "2023-09-11-17-00-00", "alternatives": [6, 94, 94, 94]}, {"date": "2023-09-11-17-00-00", "alternatives": [6, 94, 94, 94]}, {"date": "2023-09-11-12-00-00", "alternatives": ["91", "97", "97"]}]}, {"location": {"country_code": "cl", "region": "Santiago Metropolitan", "city": "Santiago"}, "game_id": "135305", "values": [{"date": "2023-09-11-03-00-00", "alternatives": [3, 123, 123, 123]}, {"date": "2023-09-11-03-00-00", "alternatives": [3, 123, 123, 123]}, {"date": "2023-09-11-03-00-00", "alternatives": [3, 123, 123, 123]}, {"date": "2023-09-11-03-00-00", "alternatives": [3, 123, 123, 123]}]}, {"location": {"country_code": "sk"}, "game_id": "135305", "values": [{"date": "2023-09-11-15-00-00", "alternatives": [38, 48, 48, 48]}, {"date": "2023-09-11-19-00-00", "alternatives": ["3", "13", "3"]}]}, {"location": {"country_code": "br", "region": "State of Rio de Janeiro", "city": "Angra dos Reis"}, "game_id": "135305", "values": [{"date": "2023-09-11-05-00-00", "alternatives": ["135", "135", "136"]}, {"date": "2023-09-11-05-00-00", "alternatives": ["135", "135", "136"]}, {"date": "2023-09-11-05-00-00", "alternatives": ["135", "135", "136"]}, {"date": "2023-09-11-05-00-00", "alternatives": ["135", "135", "136"]}, {"date": "2023-09-11-05-00-00", "alternatives": ["135", "135", "136"]}, {"date": "2023-09-11-05-00-00", "alternatives": ["135", "135", "136"]}, {"date": "2023-09-11-05-00-00", "alternatives": ["135", "135", "136"]}, {"date": "2023-09-11-21-00-00", "alternatives": ["135", "13", "135"]}, {"date": "2023-09-11-21-00-00", "alternatives": ["135", "13", "135"]}, {"date": "2023-09-11-21-00-00", "alternatives": ["135", "13", "135"]}, {"date": "2023-09-11-21-00-00", "alternatives": ["135", "13", "135"]}, {"date": "2023-09-11-21-00-00", "alternatives": ["135", "13", "135"]}, {"date": "2023-09-11-21-00-00", "alternatives": ["135", "13", "135"]}, {"date": "2023-09-11-21-00-00", "alternatives": ["135", "13", "135"]}, {"date": "2023-09-11-21-00-00", "alternatives": ["135", "13", "135"]}]}, {"location": {"country_code": "uy"}, "game_id": "135305", "values": [{"date": "2023-09-12-01-00-00", "alternatives": ["38", "138", "138"]}]}, {"location": {"country_code": "cn", "region": "Hong Kong"}, "game_id": "135305", "values": [{"date": "2023-09-11-18-00-00", "alternatives": ["58", "58", "88"]}, {"date": "2023-09-11-18-00-00", "alternatives": ["58", "58", "88"]}]}, {"location": {"country_code": "fr", "region": "Ile-de-France Region", "city": "Paris"}, "game_id": "135305", "values": [{"date": "2023-09-11-23-00-00", "alternatives": [13, 3, 13, 13]}, {"date": "2023-09-11-23-00-00", "alternatives": [13, 3, 13, 13]}]}, {"location": {"country_code": "jp", "region": "Kyoto", "city": "Kyoto"}, "game_id": "135305", "values": [{"date": "2023-09-11-22-00-00", "alternatives": ["7", "47", "47"]}, {"date": "2023-09-11-22-00-00", "alternatives": ["7", "47", "47"]}, {"date": "2023-09-11-22-00-00", "alternatives": ["7", "47", "47"]}]}, {"location": {"country_code": "ca", "region": "Quebec", "city": "Montreal"}, "game_id": "135305", "values": [{"date": "2023-09-12-01-00-00", "alternatives": ["155", "15", "15"]}, {"date": "2023-09-12-01-00-00", "alternatives": ["155", "15", "15"]}, {"date": "2023-09-12-01-00-00", "alternatives": ["155", "15", "15"]}, {"date": "2023-09-12-01-00-00", "alternatives": ["155", "15", "15"]}, {"date": "2023-09-12-01-00-00", "alternatives": ["155", "15", "15"]}, {"date": "2023-09-12-01-00-00", "alternatives": ["155", "15", "15"]}, {"date": "2023-09-12-01-00-00", "alternatives": ["155", "15", "15"]}, {"date": "2023-09-12-01-00-00", "alternatives": ["155", "15", "15"]}, {"date": "2023-09-12-01-00-00", "alternatives": ["155", "15", "15"]}, {"date": "2023-09-12-01-00-00", "alternatives": ["155", "15", "15"]}]}, {"location": {"country_code": "us", "region": "Florida", "city": "Orlando"}, "game_id": "135305", "values": [{"date": "2023-09-11-02-00-00", "alternatives": [39, 39, 39]}]}, {"location": {"country_code": "mx", "region": "Jalisco", "city": "Guadalajara"}, "game_id": "135305", "values": [{"date": "2023-09-11-09-00-00", "alternatives": ["1", "71", "71"]}, {"date": "2023-09-11-09-00-00", "alternatives": ["1", "71", "71"]}]}, {"location": {"country_code": "pt", "region": "Lisbon District", "city": "Amadora"}, "game_id": "135305", "values": [{"date": "2023-09-11-14-00-00", "alternatives": ["1", "107", "107"]}, {"date": "2023-09-11-14-00-00", "alternatives": ["1", "107", "107"]}, {"date": "2023-09-11-14-00-00", "alternatives": ["1", "107", "107"]}, {"date": "2023-09-11-14-00-00", "alternatives": ["1", "107", "107"]}, {"date": "2023-09-11-14-00-00", "alternatives": ["1", "107", "107"]}]}, {"location": {"country_code": "ca", "region": "British Columbia", "city": "Richmond"}, "game_id": "135305", "values": [{"date": "2023-09-11-10-00-00", "alternatives": ["105", "105", "10"]}, {"date": "2023-09-11-10-00-00", "alternatives": ["65", "6", "65"]}, {"date": "2023-09-11-10-00-00", "alternatives": ["65", "6", "65"]}, {"date": "2023-09-11-10-00-00", "alternatives": ["65", "6", "65"]}, {"date": "2023-09-11-10-00-00", "alternatives": ["65", "6", "65"]}, {"date": "2023-09-11-10-00-00", "alternatives": ["65", "6", "65"]}, {"date": "2023-09-11-10-00-00", "alternatives": ["65", "6", "65"]}, {"date": "2023-09-11-10-00-00", "alternatives": ["65", "6", "65"]}, {"date": "2023-09-11-10-00-00", "alternatives": ["65", "6", "65"]}, {"date": "2023-09-11-10-00-00", "alternatives": ["65", "6", "65"]}]}, {"location": {"country_code": "ec", "region": "Guayas", "city": "Guayaquil"}, "game_id": "135305", "values": [{"date": "2023-09-11-08-00-00", "alternatives": ["83", "83", "3"]}, {"date": "2023-09-11-08-00-00", "alternatives": ["83", "83", "3"]}]}, {"location": {"country_code": "us", "region": "North Carolina", "city": "Raleigh"}, "game_id": "135305", "values": [{"date": "2023-09-12-02-00-00", "alternatives": ["19", "9", "19"]}]}, {"location": {"country_code": "br", "region": "Mato Grosso do Sul", "city": "Campo Grande"}, "game_id": "135305", "values": [{"date": "2023-09-12-02-00-00", "alternatives": ["156", "15", "156"]}, {"date": "2023-09-12-02-00-00", "alternatives": ["156", "15", "156"]}, {"date": "2023-09-12-02-00-00", "alternatives": ["156", "15", "156"]}, {"date": "2023-09-11-03-00-00", "alternatives": ["134", "134", "133"]}, {"date": "2023-09-11-03-00-00", "alternatives": ["134", "134", "133"]}]}, {"location": {"country_code": "br", "region": "Ceara", "city": "Itapipoca"}, "game_id": "135305", "values": [{"date": "2023-09-11-03-00-00", "alternatives": ["9", "79", "9"]}, {"date": "2023-09-11-03-00-00", "alternatives": ["9", "79", "9"]}, {"date": "2023-09-11-03-00-00", "alternatives": ["9", "79", "9"]}, {"date": "2023-09-12-01-00-00", "alternatives": ["82", "82", "2"]}]}, {"location": {"country_code": "es", "region": "Madrid"}, "game_id": "135305", "values": [{"date": "2023-09-11-22-00-00", "alternatives": ["38", "38", "3"]}, {"date": "2023-09-11-20-00-00", "alternatives": ["11", "41", "41"]}]}, {"location": {"country_code": "ar", "region": "Tucuman Province", "city": "San Miguel de Tucuman"}, "game_id": "135305", "values": [{"date": "2023-09-12-01-00-00", "alternatives": ["1", "242", "242"]}, {"date": "2023-09-12-01-00-00", "alternatives": ["1", "242", "242"]}, {"date": "2023-09-12-01-00-00", "alternatives": ["1", "242", "242"]}, {"date": "2023-09-12-01-00-00", "alternatives": ["1", "242", "242"]}]}, {"location": {"country_code": "za", "region": "Western Cape", "city": "Cape Town"}, "game_id": "135305", "values": [{"date": "2023-09-11-09-00-00", "alternatives": [667, 167, 7, 167, 167]}, {"date": "2023-09-11-09-00-00", "alternatives": [667, 167, 7, 167, 167]}, {"date": "2023-09-11-09-00-00", "alternatives": [667, 167, 7, 167, 167]}, {"date": "2023-09-11-09-00-00", "alternatives": [667, 167, 7, 167, 167]}]}, {"location": {"country_code": "us", "region": "Tennessee", "city": "Clarksville"}, "game_id": "135305", "values": [{"date": "2023-09-11-04-00-00", "alternatives": ["67", "167", "167"]}]}, {"location": {"country_code": "us", "region": "Virginia", "city": "Richmond"}, "game_id": "135305", "values": [{"date": "2023-09-11-21-00-00", "alternatives": [16, 5, 15, 15, 15]}, {"date": "2023-09-11-21-00-00", "alternatives": [16, 5, 15, 15, 15]}, {"date": "2023-09-11-21-00-00", "alternatives": [16, 5, 15, 15, 15]}, {"date": "2023-09-11-21-00-00", "alternatives": [16, 5, 15, 15, 15]}, {"date": "2023-09-11-21-00-00", "alternatives": [16, 5, 15, 15, 15]}, {"date": "2023-09-11-21-00-00", "alternatives": [16, 5, 15, 15, 15]}, {"date": "2023-09-11-21-00-00", "alternatives": [16, 5, 15, 15, 15]}, {"date": "2023-09-11-21-00-00", "alternatives": [16, 5, 15, 15, 15]}]}, {"location": {"country_code": "gb", "region": "Scotland", "city": "Glasgow"}, "game_id": "135305", "values": [{"date": "2023-09-11-19-00-00", "alternatives": [0, 70, 70, 70]}, {"date": "2023-09-11-19-00-00", "alternatives": [0, 70, 70, 70]}, {"date": "2023-09-11-19-00-00", "alternatives": [0, 70, 70, 70]}, {"date": "2023-09-11-19-00-00", "alternatives": [0, 70, 70, 70]}]}, {"location": {"country_code": "br", "region": "Parana", "city": "Umuarama"}, "game_id": "135305", "values": [{"date": "2023-09-11-14-00-00", "alternatives": ["19", "194", "194"]}, {"date": "2023-09-11-14-00-00", "alternatives": ["19", "194", "194"]}, {"date": "2023-09-11-14-00-00", "alternatives": ["19", "194", "194"]}, {"date": "2023-09-11-14-00-00", "alternatives": ["19", "194", "194"]}, {"date": "2023-09-11-23-00-00", "alternatives": ["155", "155", "15"]}, {"date": "2023-09-11-23-00-00", "alternatives": ["155", "155", "15"]}, {"date": "2023-09-11-23-00-00", "alternatives": ["155", "155", "15"]}, {"date": "2023-09-11-23-00-00", "alternatives": ["155", "155", "15"]}, {"date": "2023-09-11-23-00-00", "alternatives": ["155", "155", "15"]}, {"date": "2023-09-11-23-00-00", "alternatives": ["155", "155", "15"]}, {"date": "2023-09-11-23-00-00", "alternatives": ["155", "155", "15"]}]}, {"location": {"country_code": "us", "region": "New York", "city": "Albany"}, "game_id": "135305", "values": [{"date": "2023-09-11-04-00-00", "alternatives": ["39", "89", "39"]}]}, {"location": {"country_code": "mx", "region": "Baja California"}, "game_id": "135305", "values": [{"date": "2023-09-11-09-00-00", "alternatives": ["26", "78", "78"]}]}, {"location": {"country_code": "it", "region": "Liguria", "city": "Genoa"}, "game_id": "135305", "values": [{"date": "2023-09-12-01-00-00", "alternatives": ["59", "69", "69"]}, {"date": "2023-09-12-01-00-00", "alternatives": ["59", "69", "69"]}]}, {"location": {"country_code": "br", "region": "Espirito Santo", "city": "Vila Velha"}, "game_id": "135305", "values": [{"date": "2023-09-11-17-00-00", "alternatives": ["198", "199", "198"]}]}, {"location": {"country_code": "fr", "region": "Aquitania-Limosino-Poitou-Charentes", "city": "Bordeaux"}, "game_id": "135305", "values": [{"date": "2023-09-11-19-00-00", "alternatives": ["19", "9", "19"]}, {"date": "2023-09-11-19-00-00", "alternatives": ["19", "9", "19"]}]}, {"location": {"country_code": "it", "region": "Campania"}, "game_id": "135305", "values": [{"date": "2023-09-11-20-00-00", "alternatives": ["35", "58", "35"]}, {"date": "2023-09-11-20-00-00", "alternatives": ["35", "58", "35"]}]}, {"location": {"country_code": "co", "region": "Antioquia", "city": "Medellin"}, "game_id": "135305", "values": [{"date": "2023-09-11-07-00-00", "alternatives": ["74", "7", "74"]}, {"date": "2023-09-11-07-00-00", "alternatives": ["74", "7", "74"]}]}, {"location": {"country_code": "br", "region": "Sao Paulo", "city": "Presidente Prudente"}, "game_id": "135305", "values": [{"date": "2023-09-12-02-00-00", "alternatives": ["45", "145", "145"]}, {"date": "2023-09-12-02-00-00", "alternatives": ["45", "145", "145"]}, {"date": "2023-09-12-02-00-00", "alternatives": ["45", "145", "145"]}, {"date": "2023-09-12-02-00-00", "alternatives": ["45", "145", "145"]}, {"date": "2023-09-12-02-00-00", "alternatives": ["45", "145", "145"]}, {"date": "2023-09-12-02-00-00", "alternatives": ["45", "145", "145"]}]}, {"location": {"country_code": "mx", "region": "Jalisco"}, "game_id": "135305", "values": [{"date": "2023-09-11-22-00-00", "alternatives": ["74", "7", "74"]}]}, {"location": {"country_code": "ve", "region": "Miranda"}, "game_id": "135305", "values": [{"date": "2023-09-12-01-00-00", "alternatives": ["54", "64", "64"]}, {"date": "2023-09-12-01-00-00", "alternatives": ["54", "64", "64"]}, {"date": "2023-09-12-01-00-00", "alternatives": ["54", "64", "64"]}, {"date": "2023-09-12-01-00-00", "alternatives": ["54", "64", "64"]}, {"date": "2023-09-12-01-00-00", "alternatives": ["54", "64", "64"]}]}, {"location": {"country_code": "ec", "region": "Manabi"}, "game_id": "135305", "values": [{"date": "2023-09-11-17-00-00", "alternatives": ["96", "96", "95"]}]}, {"location": {"country_code": "br", "region": "Sao Paulo", "city": "Mogi das Cruzes"}, "game_id": "135305", "values": [{"date": "2023-09-11-17-00-00", "alternatives": ["146", "140", "146"]}, {"date": "2023-09-11-17-00-00", "alternatives": ["146", "140", "146"]}, {"date": "2023-09-11-17-00-00", "alternatives": ["146", "140", "146"]}, {"date": "2023-09-11-17-00-00", "alternatives": ["146", "140", "146"]}]}, {"location": {"country_code": "es", "region": "Andalusia", "city": "Ayamonte"}, "game_id": "135305", "values": [{"date": "2023-09-11-18-00-00", "alternatives": ["15", "45", "45"]}, {"date": "2023-09-11-18-00-00", "alternatives": ["15", "45", "45"]}, {"date": "2023-09-11-21-00-00", "alternatives": [16, 40, 40, 40]}, {"date": "2023-09-11-21-00-00", "alternatives": [16, 40, 40, 40]}]}, {"location": {"country_code": "uz"}, "game_id": "135305", "values": [{"date": "2023-09-11-14-00-00", "alternatives": [2, 202, 2102, 202, 202]}, {"date": "2023-09-11-14-00-00", "alternatives": [2, 202, 2102, 202, 202]}]}, {"location": {"country_code": "de", "region": "North Rhine-Westphalia", "city": "Bochum"}, "game_id": "135305", "values": [{"date": "2023-09-12-00-00-00", "alternatives": ["21", "21", "2"]}, {"date": "2023-09-12-00-00-00", "alternatives": ["21", "21", "2"]}, {"date": "2023-09-12-00-00-00", "alternatives": ["21", "21", "2"]}, {"date": "2023-09-12-00-00-00", "alternatives": ["21", "21", "2"]}]}, {"location": {"country_code": "mx", "region": "Oaxaca"}, "game_id": "135305", "values": [{"date": "2023-09-11-04-00-00", "alternatives": ["80", "0", "80"]}, {"date": "2023-09-11-04-00-00", "alternatives": ["80", "0", "80"]}, {"date": "2023-09-11-04-00-00", "alternatives": ["80", "0", "80"]}, {"date": "2023-09-11-04-00-00", "alternatives": ["80", "0", "80"]}, {"date": "2023-09-11-04-00-00", "alternatives": ["80", "0", "80"]}]}, {"location": {"country_code": "us", "region": "South Carolina", "city": "Mauldin"}, "game_id": "135305", "values": [{"date": "2023-09-11-20-00-00", "alternatives": ["72", "57", "57"]}, {"date": "2023-09-11-20-00-00", "alternatives": ["72", "57", "57"]}]}, {"location": {"country_code": "kr", "region": "Mokpo-si"}, "game_id": "135305", "values": [{"date": "2023-09-11-08-00-00", "alternatives": ["0", "40", "40"]}, {"date": "2023-09-11-08-00-00", "alternatives": ["0", "40", "40"]}, {"date": "2023-09-11-08-00-00", "alternatives": ["0", "40", "40"]}, {"date": "2023-09-11-08-00-00", "alternatives": ["0", "40", "40"]}, {"date": "2023-09-11-08-00-00", "alternatives": ["0", "40", "40"]}, {"date": "2023-09-11-08-00-00", "alternatives": ["0", "40", "40"]}, {"date": "2023-09-11-08-00-00", "alternatives": ["0", "40", "40"]}, {"date": "2023-09-11-08-00-00", "alternatives": ["0", "40", "40"]}, {"date": "2023-09-11-08-00-00", "alternatives": ["0", "40", "40"]}, {"date": "2023-09-11-08-00-00", "alternatives": ["0", "40", "40"]}, {"date": "2023-09-11-08-00-00", "alternatives": ["0", "40", "40"]}, {"date": "2023-09-11-08-00-00", "alternatives": ["0", "40", "40"]}, {"date": "2023-09-11-08-00-00", "alternatives": ["0", "40", "40"]}]}, {"location": {"country_code": "cr", "region": "San Jose", "city": "San Jose"}, "game_id": "135305", "values": [{"date": "2023-09-11-03-00-00", "alternatives": [91, 1, 9, 91, 91]}]}, {"location": {"country_code": "mx", "region": "Morelos", "city": "Cuernavaca"}, "game_id": "135305", "values": [{"date": "2023-09-11-05-00-00", "alternatives": ["67", "67", "657"]}, {"date": "2023-09-11-05-00-00", "alternatives": ["67", "67", "657"]}]}, {"location": {"country_code": "br", "region": "Rio Grande do Norte", "city": "Parnamirim"}, "game_id": "135305", "values": [{"date": "2023-09-11-02-00-00", "alternatives": [91, 9, 9, 9]}, {"date": "2023-09-11-02-00-00", "alternatives": [91, 9, 9, 9]}, {"date": "2023-09-11-02-00-00", "alternatives": [91, 9, 9, 9]}, {"date": "2023-09-11-02-00-00", "alternatives": [91, 9, 9, 9]}, {"date": "2023-09-11-02-00-00", "alternatives": [91, 9, 9, 9]}, {"date": "2023-09-11-02-00-00", "alternatives": [91, 9, 9, 9]}, {"date": "2023-09-11-02-00-00", "alternatives": [91, 9, 9, 9]}]}, {"location": {"country_code": "it", "region": "Apulia"}, "game_id": "135305", "values": [{"date": "2023-09-12-00-00-00", "alternatives": ["33", "83", "33"]}, {"date": "2023-09-12-00-00-00", "alternatives": ["33", "83", "33"]}]}, {"location": {"country_code": "ru", "region": "Kaliningrad Oblast", "city": "Kaliningrad"}, "game_id": "135305", "values": [{"date": "2023-09-12-01-00-00", "alternatives": [5, 54, 54, 54]}, {"date": "2023-09-12-01-00-00", "alternatives": [5, 54, 54, 54]}, {"date": "2023-09-12-01-00-00", "alternatives": [5, 54, 54, 54]}, {"date": "2023-09-12-01-00-00", "alternatives": [5, 54, 54, 54]}]}, {"location": {"country_code": "br", "region": "Rio Grande do Sul", "city": "Gravatai"}, "game_id": "135305", "values": [{"date": "2023-09-11-05-00-00", "alternatives": ["49", "149", "149"]}, {"date": "2023-09-11-05-00-00", "alternatives": ["49", "149", "149"]}, {"date": "2023-09-11-05-00-00", "alternatives": ["49", "149", "149"]}, {"date": "2023-09-11-05-00-00", "alternatives": ["49", "149", "149"]}, {"date": "2023-09-11-05-00-00", "alternatives": ["49", "149", "149"]}, {"date": "2023-09-11-05-00-00", "alternatives": ["49", "149", "149"]}]}, {"location": {"country_code": "cl", "region": "Valparaiso", "city": "Vina del Mar"}, "game_id": "135305", "values": [{"date": "2023-09-11-06-00-00", "alternatives": ["137", "137", "137175"]}, {"date": "2023-09-11-06-00-00", "alternatives": ["137", "137", "137175"]}, {"date": "2023-09-11-06-00-00", "alternatives": ["137", "137", "137175"]}]}, {"location": {"country_code": "br", "region": "Santa Catarina", "city": "Balneario Gaivota"}, "game_id": "135305", "values": [{"date": "2023-09-11-06-00-00", "alternatives": ["31", "13", "13"]}]}, {"location": {"country_code": "es", "region": "Canary Islands", "city": "Telde"}, "game_id": "135305", "values": [{"date": "2023-09-11-17-00-00", "alternatives": ["7", "7", "4"]}, {"date": "2023-09-11-17-00-00", "alternatives": ["7", "7", "4"]}]}, {"location": {"country_code": "br", "region": "Pernambuco", "city": "Petrolina"}, "game_id": "135305", "values": [{"date": "2023-09-11-07-00-00", "alternatives": ["15", "155", "155"]}, {"date": "2023-09-11-07-00-00", "alternatives": ["15", "155", "155"]}, {"date": "2023-09-11-07-00-00", "alternatives": ["15", "155", "155"]}, {"date": "2023-09-11-07-00-00", "alternatives": ["15", "155", "155"]}]}, {"location": {"country_code": "fr", "region": "Centre-Val de Loire", "city": "Villedieu-sur-Indre"}, "game_id": "135305", "values": [{"date": "2023-09-11-22-00-00", "alternatives": ["1", "14", "14"]}, {"date": "2023-09-11-22-00-00", "alternatives": ["1", "14", "14"]}]}, {"location": {"country_code": "pk", "region": "Sindh Province", "city": "Karachi"}, "game_id": "135305", "values": [{"date": "2023-09-11-18-00-00", "alternatives": ["116", "16", "116"]}]}, {"location": {"country_code": "ng", "region": "Kebbi", "city": "Tungan Sumaru"}, "game_id": "135305", "values": [{"date": "2023-09-11-20-00-00", "alternatives": ["6", "36", "36"]}, {"date": "2023-09-11-20-00-00", "alternatives": ["6", "36", "36"]}, {"date": "2023-09-11-20-00-00", "alternatives": ["6", "36", "36"]}]}], "last_updated": 1719918130.376508}