{"data": [{"location": {"country_code": "nz"}, "game_id": "273486", "values": [{"date": "2023-03-01-09-00-00", "latency": "0"}, {"date": "2023-03-01-09-00-00", "latency": "0"}]}, {"location": {"country_code": "us"}, "game_id": "273486", "values": [{"date": "2023-03-02-01-00-00", "latency": "54"}, {"date": "2023-03-02-01-00-00", "latency": "54"}, {"date": "2023-03-02-01-00-00", "latency": "54"}, {"date": "2023-03-02-01-00-00", "latency": "54"}, {"date": "2023-03-02-01-00-00", "latency": "68"}, {"date": "2023-03-02-01-00-00", "latency": "68"}, {"date": "2023-03-02-01-00-00", "latency": "68"}, {"date": "2023-03-02-01-00-00", "latency": "68"}, {"date": "2023-03-02-01-00-00", "latency": "68"}, {"date": "2023-03-02-01-00-00", "latency": "68"}, {"date": "2023-03-02-01-00-00", "latency": "68"}, {"date": "2023-03-02-01-00-00", "latency": "68"}, {"date": "2023-03-02-01-00-00", "latency": "68"}, {"date": "2023-03-02-01-00-00", "latency": "68"}, {"date": "2023-03-02-01-00-00", "latency": "68"}, {"date": "2023-03-02-01-00-00", "latency": "68"}, {"date": "2023-03-02-01-00-00", "latency": "68"}, {"date": "2023-03-02-01-00-00", "latency": "68"}, {"date": "2023-03-02-01-00-00", "latency": "68"}, {"date": "2023-03-02-01-00-00", "latency": "68"}, {"date": "2023-03-02-01-00-00", "latency": "68"}, {"date": "2023-03-02-01-00-00", "latency": "68"}, {"date": "2023-03-02-01-00-00", "latency": "68"}, {"date": "2023-03-02-01-00-00", "latency": "68"}, {"date": "2023-03-02-01-00-00", "latency": "68"}, {"date": "2023-03-02-01-00-00", "latency": "68"}, {"date": "2023-03-02-01-00-00", "latency": "68"}, {"date": "2023-03-02-01-00-00", "latency": "68"}, {"date": "2023-03-02-01-00-00", "latency": "68"}, {"date": "2023-03-02-01-00-00", "latency": "68"}, {"date": "2023-03-02-01-00-00", "latency": "68"}, {"date": "2023-03-02-01-00-00", "latency": "68"}, {"date": "2023-03-02-01-00-00", "latency": "68"}, {"date": "2023-03-02-01-00-00", "latency": "68"}, {"date": "2023-03-02-01-00-00", "latency": "68"}, {"date": "2023-03-02-01-00-00", "latency": "68"}, {"date": "2023-03-02-01-00-00", "latency": "68"}, {"date": "2023-03-02-01-00-00", "latency": "68"}, {"date": "2023-03-02-01-00-00", "latency": "68"}, {"date": "2023-03-02-01-00-00", "latency": "68"}, {"date": "2023-03-02-01-00-00", "latency": "68"}, {"date": "2023-03-02-01-00-00", "latency": "68"}, {"date": "2023-03-02-01-00-00", "latency": "68"}, {"date": "2023-03-02-01-00-00", "latency": "68"}, {"date": "2023-03-02-01-00-00", "latency": "68"}, {"date": "2023-03-02-01-00-00", "latency": "68"}, {"date": "2023-03-02-01-00-00", "latency": "68"}, {"date": "2023-03-02-01-00-00", "latency": "68"}, {"date": "2023-03-02-01-00-00", "latency": "68"}, {"date": "2023-03-02-01-00-00", "latency": "68"}, {"date": "2023-03-02-01-00-00", "latency": "68"}, {"date": "2023-03-02-01-00-00", "latency": "68"}, {"date": "2023-03-02-01-00-00", "latency": "68"}, {"date": "2023-03-02-01-00-00", "latency": "68"}, {"date": "2023-03-02-01-00-00", "latency": "68"}, {"date": "2023-03-02-01-00-00", "latency": "68"}, {"date": "2023-03-02-01-00-00", "latency": "68"}, {"date": "2023-03-02-01-00-00", "latency": "68"}, {"date": "2023-03-02-01-00-00", "latency": "68"}, {"date": "2023-03-02-01-00-00", "latency": "68"}, {"date": "2023-03-02-01-00-00", "latency": "68"}, {"date": "2023-03-02-01-00-00", "latency": "68"}, {"date": "2023-03-02-01-00-00", "latency": "68"}, {"date": "2023-03-02-01-00-00", "latency": "68"}, {"date": "2023-03-02-01-00-00", "latency": "68"}, {"date": "2023-03-02-01-00-00", "latency": "49"}, {"date": "2023-03-02-01-00-00", "latency": "49"}, {"date": "2023-03-02-01-00-00", "latency": "49"}, {"date": "2023-03-02-01-00-00", "latency": "49"}, {"date": "2023-03-02-01-00-00", "latency": "49"}, {"date": "2023-03-02-01-00-00", "latency": "49"}, {"date": "2023-03-02-01-00-00", "latency": "49"}, {"date": "2023-03-02-01-00-00", "latency": "49"}, {"date": "2023-03-02-01-00-00", "latency": "49"}, {"date": "2023-03-02-01-00-00", "latency": "49"}, {"date": "2023-03-02-01-00-00", "latency": "49"}, {"date": "2023-03-02-01-00-00", "latency": "49"}, {"date": "2023-03-02-01-00-00", "latency": "49"}, {"date": "2023-03-01-13-00-00", "latency": "64"}, {"date": "2023-03-01-13-00-00", "latency": "64"}, {"date": "2023-03-01-13-00-00", "latency": "64"}, {"date": "2023-03-01-13-00-00", "latency": "64"}, {"date": "2023-03-01-13-00-00", "latency": "64"}, {"date": "2023-03-01-13-00-00", "latency": "64"}, {"date": "2023-03-01-13-00-00", "latency": "64"}, {"date": "2023-03-01-13-00-00", "latency": "64"}, {"date": "2023-03-01-13-00-00", "latency": "64"}, {"date": "2023-03-01-13-00-00", "latency": "64"}, {"date": "2023-03-01-13-00-00", "latency": "64"}, {"date": "2023-03-01-13-00-00", "latency": "64"}, {"date": "2023-03-01-13-00-00", "latency": "64"}, {"date": "2023-03-01-13-00-00", "latency": "64"}, {"date": "2023-03-01-13-00-00", "latency": "64"}, {"date": "2023-03-01-13-00-00", "latency": "64"}, {"date": "2023-03-01-13-00-00", "latency": "64"}, {"date": "2023-03-01-13-00-00", "latency": "64"}, {"date": "2023-03-01-13-00-00", "latency": "64"}, {"date": "2023-03-01-13-00-00", "latency": "64"}, {"date": "2023-03-01-13-00-00", "latency": "64"}, {"date": "2023-03-01-13-00-00", "latency": "64"}, {"date": "2023-03-01-13-00-00", "latency": "64"}, {"date": "2023-03-01-13-00-00", "latency": "64"}, {"date": "2023-03-01-13-00-00", "latency": "64"}, {"date": "2023-03-01-13-00-00", "latency": "64"}, {"date": "2023-03-01-13-00-00", "latency": "64"}, {"date": "2023-03-01-13-00-00", "latency": "64"}, {"date": "2023-03-01-13-00-00", "latency": "64"}, {"date": "2023-03-01-13-00-00", "latency": "64"}, {"date": "2023-03-01-13-00-00", "latency": "64"}, {"date": "2023-03-01-13-00-00", "latency": "64"}, {"date": "2023-03-01-13-00-00", "latency": "64"}, {"date": "2023-03-01-13-00-00", "latency": "64"}, {"date": "2023-03-01-13-00-00", "latency": "64"}, {"date": "2023-03-01-13-00-00", "latency": "64"}, {"date": "2023-03-01-13-00-00", "latency": "64"}, {"date": "2023-03-01-13-00-00", "latency": "64"}, {"date": "2023-03-01-13-00-00", "latency": "64"}, {"date": "2023-03-01-13-00-00", "latency": "64"}, {"date": "2023-03-01-13-00-00", "latency": "64"}, {"date": "2023-03-01-05-00-00", "latency": "47"}, {"date": "2023-03-01-05-00-00", "latency": "47"}, {"date": "2023-03-01-05-00-00", "latency": "47"}, {"date": "2023-03-01-05-00-00", "latency": "47"}, {"date": "2023-03-01-05-00-00", "latency": "47"}, {"date": "2023-03-01-05-00-00", "latency": "47"}, {"date": "2023-03-01-05-00-00", "latency": "47"}, {"date": "2023-03-01-05-00-00", "latency": "47"}, {"date": "2023-03-01-05-00-00", "latency": "47"}, {"date": "2023-03-01-05-00-00", "latency": "47"}, {"date": "2023-03-01-05-00-00", "latency": "47"}, {"date": "2023-03-01-05-00-00", "latency": "47"}, {"date": "2023-03-01-05-00-00", "latency": "47"}, {"date": "2023-03-01-05-00-00", "latency": "47"}, {"date": "2023-03-01-05-00-00", "latency": "47"}, {"date": "2023-03-01-01-00-00", "latency": "39"}, {"date": "2023-03-01-01-00-00", "latency": "39"}, {"date": "2023-03-01-01-00-00", "latency": "39"}, {"date": "2023-03-01-01-00-00", "latency": "39"}, {"date": "2023-03-01-01-00-00", "latency": "39"}, {"date": "2023-03-01-01-00-00", "latency": "39"}, {"date": "2023-03-01-01-00-00", "latency": "39"}, {"date": "2023-03-01-01-00-00", "latency": "39"}, {"date": "2023-03-01-01-00-00", "latency": "39"}, {"date": "2023-03-01-01-00-00", "latency": "39"}, {"date": "2023-03-01-01-00-00", "latency": "39"}, {"date": "2023-03-01-01-00-00", "latency": "39"}, {"date": "2023-03-01-01-00-00", "latency": "39"}, {"date": "2023-03-01-01-00-00", "latency": "39"}, {"date": "2023-03-01-01-00-00", "latency": "39"}, {"date": "2023-03-01-01-00-00", "latency": "39"}, {"date": "2023-03-01-01-00-00", "latency": "39"}, {"date": "2023-03-01-01-00-00", "latency": "39"}, {"date": "2023-03-01-01-00-00", "latency": "39"}, {"date": "2023-03-01-01-00-00", "latency": "39"}, {"date": "2023-03-01-01-00-00", "latency": "39"}, {"date": "2023-03-01-01-00-00", "latency": "39"}, {"date": "2023-03-01-01-00-00", "latency": "39"}]}, {"location": {"country_code": "gb"}, "game_id": "273486", "values": [{"date": "2023-03-02-00-00-00", "latency": "58"}, {"date": "2023-03-02-00-00-00", "latency": "58"}]}, {"location": {"country_code": "gr"}, "game_id": "273486", "values": [{"date": "2023-03-01-11-00-00", "latency": "69"}, {"date": "2023-03-01-11-00-00", "latency": "69"}, {"date": "2023-03-01-11-00-00", "latency": "69"}, {"date": "2023-03-01-11-00-00", "latency": "69"}, {"date": "2023-03-01-11-00-00", "latency": "69"}, {"date": "2023-03-01-11-00-00", "latency": "69"}, {"date": "2023-03-01-11-00-00", "latency": "69"}, {"date": "2023-03-01-11-00-00", "latency": "69"}, {"date": "2023-03-01-11-00-00", "latency": "69"}, {"date": "2023-03-01-11-00-00", "latency": "69"}, {"date": "2023-03-01-11-00-00", "latency": "69"}, {"date": "2023-03-01-11-00-00", "latency": "69"}, {"date": "2023-03-01-11-00-00", "latency": "69"}, {"date": "2023-03-01-11-00-00", "latency": "69"}, {"date": "2023-03-01-11-00-00", "latency": "69"}, {"date": "2023-03-01-11-00-00", "latency": "69"}, {"date": "2023-03-01-11-00-00", "latency": "69"}, {"date": "2023-03-01-11-00-00", "latency": "69"}, {"date": "2023-03-01-11-00-00", "latency": "69"}, {"date": "2023-03-01-11-00-00", "latency": "69"}, {"date": "2023-03-01-11-00-00", "latency": "69"}, {"date": "2023-03-01-11-00-00", "latency": "69"}, {"date": "2023-03-01-11-00-00", "latency": "69"}, {"date": "2023-03-01-11-00-00", "latency": "69"}, {"date": "2023-03-01-11-00-00", "latency": "69"}, {"date": "2023-03-01-11-00-00", "latency": "69"}, {"date": "2023-03-01-11-00-00", "latency": "69"}, {"date": "2023-03-01-11-00-00", "latency": "69"}, {"date": "2023-03-01-11-00-00", "latency": "69"}, {"date": "2023-03-01-11-00-00", "latency": "69"}, {"date": "2023-03-01-11-00-00", "latency": "69"}, {"date": "2023-03-01-11-00-00", "latency": "69"}, {"date": "2023-03-01-11-00-00", "latency": "69"}, {"date": "2023-03-01-11-00-00", "latency": "69"}, {"date": "2023-03-01-11-00-00", "latency": "69"}, {"date": "2023-03-01-11-00-00", "latency": "69"}, {"date": "2023-03-01-11-00-00", "latency": "69"}, {"date": "2023-03-01-11-00-00", "latency": "69"}, {"date": "2023-03-01-11-00-00", "latency": "69"}, {"date": "2023-03-01-11-00-00", "latency": "69"}, {"date": "2023-03-01-11-00-00", "latency": "69"}, {"date": "2023-03-01-11-00-00", "latency": "69"}, {"date": "2023-03-01-11-00-00", "latency": "69"}, {"date": "2023-03-01-11-00-00", "latency": "69"}, {"date": "2023-03-01-11-00-00", "latency": "69"}, {"date": "2023-03-01-11-00-00", "latency": "69"}, {"date": "2023-03-01-11-00-00", "latency": "69"}, {"date": "2023-03-01-11-00-00", "latency": "69"}, {"date": "2023-03-01-11-00-00", "latency": "69"}, {"date": "2023-03-01-11-00-00", "latency": "69"}, {"date": "2023-03-01-11-00-00", "latency": "69"}, {"date": "2023-03-01-11-00-00", "latency": "69"}, {"date": "2023-03-01-11-00-00", "latency": "69"}, {"date": "2023-03-01-11-00-00", "latency": "69"}, {"date": "2023-03-01-11-00-00", "latency": "69"}, {"date": "2023-03-01-11-00-00", "latency": "69"}, {"date": "2023-03-01-11-00-00", "latency": "69"}, {"date": "2023-03-01-11-00-00", "latency": "69"}, {"date": "2023-03-01-11-00-00", "latency": "69"}, {"date": "2023-03-01-11-00-00", "latency": "69"}, {"date": "2023-03-01-11-00-00", "latency": "69"}, {"date": "2023-03-01-11-00-00", "latency": "69"}, {"date": "2023-03-01-11-00-00", "latency": "69"}, {"date": "2023-03-01-11-00-00", "latency": "69"}, {"date": "2023-03-01-11-00-00", "latency": "69"}, {"date": "2023-03-01-11-00-00", "latency": "69"}, {"date": "2023-03-01-11-00-00", "latency": "69"}, {"date": "2023-03-01-11-00-00", "latency": "69"}, {"date": "2023-03-01-11-00-00", "latency": "69"}, {"date": "2023-03-01-11-00-00", "latency": "69"}, {"date": "2023-03-01-11-00-00", "latency": "69"}, {"date": "2023-03-01-11-00-00", "latency": "69"}, {"date": "2023-03-01-11-00-00", "latency": "69"}, {"date": "2023-03-01-11-00-00", "latency": "69"}, {"date": "2023-03-01-11-00-00", "latency": "69"}, {"date": "2023-03-01-11-00-00", "latency": "69"}]}, {"location": {"country_code": "it"}, "game_id": "273486", "values": [{"date": "2023-03-01-18-00-00", "latency": "101"}, {"date": "2023-03-01-18-00-00", "latency": "101"}, {"date": "2023-03-01-18-00-00", "latency": "101"}, {"date": "2023-03-01-18-00-00", "latency": "101"}, {"date": "2023-03-01-18-00-00", "latency": "101"}, {"date": "2023-03-01-18-00-00", "latency": "101"}, {"date": "2023-03-01-18-00-00", "latency": "101"}, {"date": "2023-03-01-18-00-00", "latency": "101"}, {"date": "2023-03-01-18-00-00", "latency": "101"}, {"date": "2023-03-01-18-00-00", "latency": "101"}, {"date": "2023-03-01-18-00-00", "latency": "101"}, {"date": "2023-03-01-18-00-00", "latency": "101"}, {"date": "2023-03-01-18-00-00", "latency": "101"}, {"date": "2023-03-01-18-00-00", "latency": "101"}, {"date": "2023-03-01-18-00-00", "latency": "101"}]}, {"location": {"country_code": "ro"}, "game_id": "273486", "values": [{"date": "2023-03-01-22-00-00", "latency": "52"}, {"date": "2023-03-01-22-00-00", "latency": "52"}, {"date": "2023-03-01-22-00-00", "latency": "52"}, {"date": "2023-03-01-22-00-00", "latency": "52"}, {"date": "2023-03-01-22-00-00", "latency": "52"}, {"date": "2023-03-01-22-00-00", "latency": "52"}, {"date": "2023-03-01-22-00-00", "latency": "52"}, {"date": "2023-03-01-22-00-00", "latency": "52"}, {"date": "2023-03-01-22-00-00", "latency": "52"}, {"date": "2023-03-01-22-00-00", "latency": "52"}, {"date": "2023-03-01-22-00-00", "latency": "52"}, {"date": "2023-03-01-22-00-00", "latency": "52"}, {"date": "2023-03-01-22-00-00", "latency": "52"}, {"date": "2023-03-01-09-00-00", "latency": "38"}, {"date": "2023-03-01-09-00-00", "latency": "38"}, {"date": "2023-03-01-09-00-00", "latency": "38"}]}, {"location": {"country_code": "ca"}, "game_id": "273486", "values": [{"date": "2023-03-01-08-00-00", "latency": "70"}, {"date": "2023-03-01-08-00-00", "latency": "70"}, {"date": "2023-03-01-08-00-00", "latency": "70"}, {"date": "2023-03-01-08-00-00", "latency": "70"}, {"date": "2023-03-01-08-00-00", "latency": "70"}, {"date": "2023-03-01-08-00-00", "latency": "70"}, {"date": "2023-03-01-08-00-00", "latency": "70"}, {"date": "2023-03-01-08-00-00", "latency": "70"}, {"date": "2023-03-01-08-00-00", "latency": "70"}, {"date": "2023-03-01-08-00-00", "latency": "70"}, {"date": "2023-03-01-08-00-00", "latency": "70"}, {"date": "2023-03-01-08-00-00", "latency": "70"}, {"date": "2023-03-01-08-00-00", "latency": "70"}, {"date": "2023-03-01-08-00-00", "latency": "70"}, {"date": "2023-03-01-08-00-00", "latency": "70"}, {"date": "2023-03-01-08-00-00", "latency": "70"}, {"date": "2023-03-01-08-00-00", "latency": "70"}, {"date": "2023-03-01-08-00-00", "latency": "70"}, {"date": "2023-03-01-08-00-00", "latency": "70"}, {"date": "2023-03-01-08-00-00", "latency": "70"}, {"date": "2023-03-01-08-00-00", "latency": "70"}, {"date": "2023-03-01-08-00-00", "latency": "70"}, {"date": "2023-03-01-08-00-00", "latency": "70"}, {"date": "2023-03-01-08-00-00", "latency": "70"}, {"date": "2023-03-01-08-00-00", "latency": "70"}, {"date": "2023-03-01-08-00-00", "latency": "70"}, {"date": "2023-03-01-08-00-00", "latency": "70"}, {"date": "2023-03-01-08-00-00", "latency": "70"}, {"date": "2023-03-01-08-00-00", "latency": "70"}, {"date": "2023-03-01-08-00-00", "latency": "70"}, {"date": "2023-03-01-08-00-00", "latency": "70"}, {"date": "2023-03-01-08-00-00", "latency": "70"}, {"date": "2023-03-01-08-00-00", "latency": "70"}, {"date": "2023-03-01-08-00-00", "latency": "70"}, {"date": "2023-03-01-08-00-00", "latency": "70"}, {"date": "2023-03-02-00-00-00", "latency": "78"}, {"date": "2023-03-02-00-00-00", "latency": "78"}]}, {"location": {"country_code": "ch"}, "game_id": "273486", "values": [{"date": "2023-03-01-19-00-00", "latency": "39"}, {"date": "2023-03-01-19-00-00", "latency": "39"}, {"date": "2023-03-01-19-00-00", "latency": "39"}, {"date": "2023-03-01-19-00-00", "latency": "39"}, {"date": "2023-03-01-19-00-00", "latency": "39"}, {"date": "2023-03-01-19-00-00", "latency": "39"}, {"date": "2023-03-01-19-00-00", "latency": "39"}, {"date": "2023-03-01-19-00-00", "latency": "39"}, {"date": "2023-03-01-19-00-00", "latency": "39"}, {"date": "2023-03-01-19-00-00", "latency": "39"}, {"date": "2023-03-01-19-00-00", "latency": "39"}, {"date": "2023-03-01-19-00-00", "latency": "39"}, {"date": "2023-03-01-19-00-00", "latency": "39"}]}, {"location": {"country_code": "de"}, "game_id": "273486", "values": [{"date": "2023-03-01-13-00-00", "latency": "27"}, {"date": "2023-03-01-13-00-00", "latency": "27"}, {"date": "2023-03-01-13-00-00", "latency": "27"}, {"date": "2023-03-01-13-00-00", "latency": "27"}, {"date": "2023-03-01-13-00-00", "latency": "27"}, {"date": "2023-03-01-13-00-00", "latency": "27"}, {"date": "2023-03-01-13-00-00", "latency": "27"}, {"date": "2023-03-01-13-00-00", "latency": "27"}]}, {"location": {"country_code": "us", "region": "South Carolina", "city": "Sumter"}, "game_id": "273486", "values": [{"date": "2023-03-02-00-00-00", "latency": "43"}, {"date": "2023-03-02-00-00-00", "latency": "43"}, {"date": "2023-03-02-00-00-00", "latency": "43"}, {"date": "2023-03-02-00-00-00", "latency": "43"}, {"date": "2023-03-02-00-00-00", "latency": "43"}, {"date": "2023-03-02-00-00-00", "latency": "43"}, {"date": "2023-03-02-00-00-00", "latency": "43"}, {"date": "2023-03-02-00-00-00", "latency": "43"}, {"date": "2023-03-02-00-00-00", "latency": "43"}, {"date": "2023-03-02-00-00-00", "latency": "43"}, {"date": "2023-03-02-00-00-00", "latency": "43"}, {"date": "2023-03-02-00-00-00", "latency": "43"}, {"date": "2023-03-02-00-00-00", "latency": "43"}, {"date": "2023-03-02-00-00-00", "latency": "43"}, {"date": "2023-03-02-00-00-00", "latency": "43"}, {"date": "2023-03-02-00-00-00", "latency": "43"}, {"date": "2023-03-02-00-00-00", "latency": "43"}, {"date": "2023-03-02-00-00-00", "latency": "43"}, {"date": "2023-03-02-00-00-00", "latency": "43"}, {"date": "2023-03-02-00-00-00", "latency": "43"}, {"date": "2023-03-02-00-00-00", "latency": "43"}, {"date": "2023-03-02-00-00-00", "latency": "43"}, {"date": "2023-03-02-00-00-00", "latency": "43"}, {"date": "2023-03-02-00-00-00", "latency": "43"}, {"date": "2023-03-02-00-00-00", "latency": "43"}, {"date": "2023-03-02-00-00-00", "latency": "43"}, {"date": "2023-03-02-00-00-00", "latency": "43"}, {"date": "2023-03-02-00-00-00", "latency": "43"}, {"date": "2023-03-02-00-00-00", "latency": "43"}, {"date": "2023-03-02-00-00-00", "latency": "43"}, {"date": "2023-03-02-00-00-00", "latency": "43"}]}, {"location": {"country_code": "gb", "region": "England"}, "game_id": "273486", "values": [{"date": "2023-03-02-01-00-00", "latency": "124"}, {"date": "2023-03-02-01-00-00", "latency": "124"}, {"date": "2023-03-02-01-00-00", "latency": "124"}, {"date": "2023-03-02-01-00-00", "latency": "124"}, {"date": "2023-03-02-01-00-00", "latency": "124"}, {"date": "2023-03-02-01-00-00", "latency": "124"}, {"date": "2023-03-02-01-00-00", "latency": "124"}, {"date": "2023-03-02-01-00-00", "latency": "124"}, {"date": "2023-03-02-01-00-00", "latency": "124"}]}, {"location": {"country_code": "us", "region": "Texas"}, "game_id": "273486", "values": [{"date": "2023-03-02-01-00-00", "latency": "57"}, {"date": "2023-03-02-01-00-00", "latency": "57"}, {"date": "2023-03-02-01-00-00", "latency": "57"}, {"date": "2023-03-02-01-00-00", "latency": "57"}, {"date": "2023-03-02-01-00-00", "latency": "57"}, {"date": "2023-03-02-01-00-00", "latency": "57"}, {"date": "2023-03-01-05-00-00", "latency": "39"}, {"date": "2023-03-01-05-00-00", "latency": "39"}, {"date": "2023-03-01-05-00-00", "latency": "39"}, {"date": "2023-03-01-05-00-00", "latency": "39"}, {"date": "2023-03-01-05-00-00", "latency": "39"}, {"date": "2023-03-01-05-00-00", "latency": "39"}, {"date": "2023-03-01-05-00-00", "latency": "39"}, {"date": "2023-03-01-05-00-00", "latency": "39"}, {"date": "2023-03-01-05-00-00", "latency": "39"}, {"date": "2023-03-01-05-00-00", "latency": "39"}]}, {"location": {"country_code": "us", "region": "Kansas"}, "game_id": "273486", "values": [{"date": "2023-03-01-10-00-00", "latency": "0"}]}, {"location": {"country_code": "us", "region": "New Jersey"}, "game_id": "273486", "values": [{"date": "2023-03-01-06-00-00", "latency": "2"}, {"date": "2023-03-01-06-00-00", "latency": "2"}]}, {"location": {"country_code": "us", "region": "California", "city": "East Los Angeles"}, "game_id": "273486", "values": [{"date": "2023-03-01-04-00-00", "latency": "30"}, {"date": "2023-03-01-04-00-00", "latency": "30"}, {"date": "2023-03-01-04-00-00", "latency": "30"}, {"date": "2023-03-01-04-00-00", "latency": "30"}, {"date": "2023-03-01-04-00-00", "latency": "30"}, {"date": "2023-03-01-04-00-00", "latency": "30"}, {"date": "2023-03-01-04-00-00", "latency": "30"}, {"date": "2023-03-01-04-00-00", "latency": "30"}, {"date": "2023-03-01-04-00-00", "latency": "0"}, {"date": "2023-03-01-04-00-00", "latency": "0"}, {"date": "2023-03-01-04-00-00", "latency": "0"}, {"date": "2023-03-01-04-00-00", "latency": "0"}, {"date": "2023-03-01-04-00-00", "latency": "0"}, {"date": "2023-03-01-04-00-00", "latency": "0"}, {"date": "2023-03-01-04-00-00", "latency": "0"}, {"date": "2023-03-01-04-00-00", "latency": "0"}, {"date": "2023-03-01-04-00-00", "latency": "0"}, {"date": "2023-03-01-04-00-00", "latency": "0"}, {"date": "2023-03-01-04-00-00", "latency": "0"}]}, {"location": {"country_code": "br", "region": "Goias", "city": "Catalao"}, "game_id": "273486", "values": [{"date": "2023-03-01-02-00-00", "latency": "38"}, {"date": "2023-03-01-02-00-00", "latency": "38"}, {"date": "2023-03-01-02-00-00", "latency": "38"}, {"date": "2023-03-01-02-00-00", "latency": "38"}, {"date": "2023-03-01-02-00-00", "latency": "38"}, {"date": "2023-03-01-02-00-00", "latency": "38"}, {"date": "2023-03-01-02-00-00", "latency": "38"}, {"date": "2023-03-01-02-00-00", "latency": "38"}, {"date": "2023-03-01-02-00-00", "latency": "38"}, {"date": "2023-03-01-02-00-00", "latency": "38"}, {"date": "2023-03-01-02-00-00", "latency": "38"}, {"date": "2023-03-01-02-00-00", "latency": "38"}]}, {"location": {"country_code": "us", "region": "Pennsylvania", "city": "Philadelphia"}, "game_id": "273486", "values": [{"date": "2023-03-01-11-00-00", "latency": "29"}, {"date": "2023-03-01-11-00-00", "latency": "29"}, {"date": "2023-03-01-11-00-00", "latency": "29"}, {"date": "2023-03-01-11-00-00", "latency": "29"}, {"date": "2023-03-01-11-00-00", "latency": "29"}, {"date": "2023-03-01-11-00-00", "latency": "29"}, {"date": "2023-03-01-11-00-00", "latency": "29"}, {"date": "2023-03-01-11-00-00", "latency": "29"}, {"date": "2023-03-01-11-00-00", "latency": "29"}, {"date": "2023-03-01-11-00-00", "latency": "29"}, {"date": "2023-03-01-11-00-00", "latency": "29"}, {"date": "2023-03-01-11-00-00", "latency": "29"}, {"date": "2023-03-01-11-00-00", "latency": "29"}, {"date": "2023-03-01-11-00-00", "latency": "29"}, {"date": "2023-03-01-11-00-00", "latency": "29"}, {"date": "2023-03-01-11-00-00", "latency": "29"}, {"date": "2023-03-01-11-00-00", "latency": "29"}, {"date": "2023-03-01-11-00-00", "latency": "29"}, {"date": "2023-03-01-11-00-00", "latency": "29"}]}, {"location": {"country_code": "sa"}, "game_id": "273486", "values": [{"date": "2023-03-01-02-00-00", "latency": "23"}, {"date": "2023-03-01-02-00-00", "latency": "23"}, {"date": "2023-03-01-02-00-00", "latency": "23"}, {"date": "2023-03-01-02-00-00", "latency": "23"}, {"date": "2023-03-01-02-00-00", "latency": "23"}, {"date": "2023-03-01-02-00-00", "latency": "23"}, {"date": "2023-03-01-02-00-00", "latency": "23"}, {"date": "2023-03-01-02-00-00", "latency": "23"}, {"date": "2023-03-01-02-00-00", "latency": "23"}, {"date": "2023-03-01-02-00-00", "latency": "23"}, {"date": "2023-03-01-02-00-00", "latency": "23"}, {"date": "2023-03-01-02-00-00", "latency": "23"}, {"date": "2023-03-01-02-00-00", "latency": "23"}, {"date": "2023-03-01-02-00-00", "latency": "23"}]}, {"location": {"country_code": "us", "region": "Michigan", "city": "Detroit"}, "game_id": "273486", "values": [{"date": "2023-03-01-04-00-00", "latency": "50"}, {"date": "2023-03-01-04-00-00", "latency": "50"}, {"date": "2023-03-01-04-00-00", "latency": "50"}, {"date": "2023-03-01-04-00-00", "latency": "50"}, {"date": "2023-03-01-04-00-00", "latency": "50"}, {"date": "2023-03-01-04-00-00", "latency": "50"}, {"date": "2023-03-01-04-00-00", "latency": "50"}, {"date": "2023-03-01-04-00-00", "latency": "50"}, {"date": "2023-03-01-04-00-00", "latency": "50"}, {"date": "2023-03-01-04-00-00", "latency": "50"}, {"date": "2023-03-01-04-00-00", "latency": "50"}, {"date": "2023-03-01-04-00-00", "latency": "50"}, {"date": "2023-03-01-04-00-00", "latency": "50"}, {"date": "2023-03-01-04-00-00", "latency": "50"}, {"date": "2023-03-01-04-00-00", "latency": "50"}, {"date": "2023-03-01-04-00-00", "latency": "50"}, {"date": "2023-03-01-04-00-00", "latency": "50"}, {"date": "2023-03-01-04-00-00", "latency": "50"}, {"date": "2023-03-01-04-00-00", "latency": "50"}, {"date": "2023-03-01-04-00-00", "latency": "50"}, {"date": "2023-03-01-04-00-00", "latency": "50"}]}, {"location": {"country_code": "us", "region": "Missouri", "city": "Downtown Kansas City"}, "game_id": "273486", "values": [{"date": "2023-03-01-06-00-00", "latency": "0"}, {"date": "2023-03-01-06-00-00", "latency": "0"}, {"date": "2023-03-01-06-00-00", "latency": "0"}, {"date": "2023-03-01-06-00-00", "latency": "0"}, {"date": "2023-03-01-06-00-00", "latency": "0"}, {"date": "2023-03-01-06-00-00", "latency": "0"}, {"date": "2023-03-01-06-00-00", "latency": "0"}, {"date": "2023-03-01-06-00-00", "latency": "0"}, {"date": "2023-03-01-06-00-00", "latency": "0"}, {"date": "2023-03-01-06-00-00", "latency": "0"}, {"date": "2023-03-01-06-00-00", "latency": "0"}, {"date": "2023-03-01-06-00-00", "latency": "0"}, {"date": "2023-03-01-06-00-00", "latency": "0"}, {"date": "2023-03-01-06-00-00", "latency": "0"}, {"date": "2023-03-01-06-00-00", "latency": "0"}, {"date": "2023-03-01-06-00-00", "latency": "0"}, {"date": "2023-03-01-06-00-00", "latency": "0"}, {"date": "2023-03-01-06-00-00", "latency": "0"}]}, {"location": {"country_code": "us", "region": "Ohio", "city": "Cleveland"}, "game_id": "273486", "values": [{"date": "2023-03-02-01-00-00", "latency": "64"}, {"date": "2023-03-02-01-00-00", "latency": "64"}, {"date": "2023-03-02-01-00-00", "latency": "64"}, {"date": "2023-03-02-01-00-00", "latency": "64"}, {"date": "2023-03-02-01-00-00", "latency": "64"}, {"date": "2023-03-02-01-00-00", "latency": "64"}, {"date": "2023-03-02-01-00-00", "latency": "64"}, {"date": "2023-03-02-01-00-00", "latency": "64"}, {"date": "2023-03-02-01-00-00", "latency": "64"}, {"date": "2023-03-02-01-00-00", "latency": "64"}, {"date": "2023-03-02-01-00-00", "latency": "64"}, {"date": "2023-03-02-01-00-00", "latency": "64"}, {"date": "2023-03-02-01-00-00", "latency": "64"}, {"date": "2023-03-02-01-00-00", "latency": "64"}]}, {"location": {"country_code": "de", "region": "Bremen", "city": "Bremen"}, "game_id": "273486", "values": [{"date": "2023-03-01-22-00-00", "latency": "31"}, {"date": "2023-03-01-22-00-00", "latency": "31"}, {"date": "2023-03-01-22-00-00", "latency": "31"}, {"date": "2023-03-01-22-00-00", "latency": "31"}, {"date": "2023-03-01-22-00-00", "latency": "31"}]}, {"location": {"country_code": "us", "region": "Washington", "city": "Seattle"}, "game_id": "273486", "values": [{"date": "2023-03-01-04-00-00", "latency": "86"}, {"date": "2023-03-01-04-00-00", "latency": "86"}, {"date": "2023-03-01-04-00-00", "latency": "86"}, {"date": "2023-03-01-04-00-00", "latency": "86"}, {"date": "2023-03-01-04-00-00", "latency": "86"}, {"date": "2023-03-01-04-00-00", "latency": "86"}, {"date": "2023-03-01-04-00-00", "latency": "86"}, {"date": "2023-03-01-04-00-00", "latency": "86"}, {"date": "2023-03-01-04-00-00", "latency": "86"}, {"date": "2023-03-01-04-00-00", "latency": "86"}, {"date": "2023-03-01-04-00-00", "latency": "86"}, {"date": "2023-03-01-04-00-00", "latency": "86"}, {"date": "2023-03-01-04-00-00", "latency": "86"}, {"date": "2023-03-01-04-00-00", "latency": "86"}, {"date": "2023-03-01-04-00-00", "latency": "86"}]}, {"location": {"country_code": "ca", "region": "Alberta", "city": "Calgary"}, "game_id": "273486", "values": [{"date": "2023-03-01-02-00-00", "latency": "50"}, {"date": "2023-03-01-02-00-00", "latency": "50"}, {"date": "2023-03-01-02-00-00", "latency": "50"}, {"date": "2023-03-01-02-00-00", "latency": "50"}, {"date": "2023-03-01-02-00-00", "latency": "50"}, {"date": "2023-03-01-02-00-00", "latency": "50"}, {"date": "2023-03-01-02-00-00", "latency": "50"}, {"date": "2023-03-01-02-00-00", "latency": "50"}, {"date": "2023-03-01-02-00-00", "latency": "50"}, {"date": "2023-03-01-02-00-00", "latency": "50"}]}, {"location": {"country_code": "us", "region": "Oregon"}, "game_id": "273486", "values": [{"date": "2023-03-01-23-00-00", "latency": "31"}]}, {"location": {"country_code": "gb", "region": "England", "city": "Brighton"}, "game_id": "273486", "values": [{"date": "2023-03-01-22-00-00", "latency": "27"}, {"date": "2023-03-01-22-00-00", "latency": "27"}, {"date": "2023-03-01-22-00-00", "latency": "27"}, {"date": "2023-03-01-22-00-00", "latency": "27"}, {"date": "2023-03-01-22-00-00", "latency": "27"}, {"date": "2023-03-01-22-00-00", "latency": "27"}, {"date": "2023-03-01-22-00-00", "latency": "27"}, {"date": "2023-03-01-22-00-00", "latency": "27"}, {"date": "2023-03-01-22-00-00", "latency": "27"}, {"date": "2023-03-01-22-00-00", "latency": "27"}, {"date": "2023-03-01-22-00-00", "latency": "27"}, {"date": "2023-03-01-22-00-00", "latency": "27"}, {"date": "2023-03-01-22-00-00", "latency": "27"}, {"date": "2023-03-01-22-00-00", "latency": "27"}, {"date": "2023-03-01-22-00-00", "latency": "27"}, {"date": "2023-03-01-22-00-00", "latency": "27"}, {"date": "2023-03-01-22-00-00", "latency": "27"}, {"date": "2023-03-01-22-00-00", "latency": "27"}, {"date": "2023-03-01-22-00-00", "latency": "27"}]}, {"location": {"country_code": "gb", "region": "Wales"}, "game_id": "273486", "values": [{"date": "2023-03-02-00-00-00", "latency": "26"}, {"date": "2023-03-02-00-00-00", "latency": "26"}, {"date": "2023-03-02-00-00-00", "latency": "26"}, {"date": "2023-03-02-00-00-00", "latency": "26"}, {"date": "2023-03-02-00-00-00", "latency": "26"}, {"date": "2023-03-02-00-00-00", "latency": "26"}, {"date": "2023-03-02-00-00-00", "latency": "26"}, {"date": "2023-03-02-00-00-00", "latency": "26"}, {"date": "2023-03-02-00-00-00", "latency": "26"}, {"date": "2023-03-02-00-00-00", "latency": "26"}, {"date": "2023-03-02-00-00-00", "latency": "26"}, {"date": "2023-03-02-00-00-00", "latency": "26"}, {"date": "2023-03-02-00-00-00", "latency": "26"}, {"date": "2023-03-02-00-00-00", "latency": "26"}, {"date": "2023-03-02-00-00-00", "latency": "26"}, {"date": "2023-03-02-00-00-00", "latency": "26"}, {"date": "2023-03-02-00-00-00", "latency": "26"}, {"date": "2023-03-02-00-00-00", "latency": "26"}, {"date": "2023-03-02-00-00-00", "latency": "26"}, {"date": "2023-03-02-00-00-00", "latency": "26"}, {"date": "2023-03-02-00-00-00", "latency": "26"}, {"date": "2023-03-02-00-00-00", "latency": "26"}, {"date": "2023-03-02-00-00-00", "latency": "26"}, {"date": "2023-03-02-00-00-00", "latency": "26"}, {"date": "2023-03-02-00-00-00", "latency": "26"}, {"date": "2023-03-02-00-00-00", "latency": "26"}, {"date": "2023-03-02-00-00-00", "latency": "26"}, {"date": "2023-03-02-00-00-00", "latency": "26"}, {"date": "2023-03-02-00-00-00", "latency": "26"}, {"date": "2023-03-02-00-00-00", "latency": "26"}, {"date": "2023-03-02-00-00-00", "latency": "26"}, {"date": "2023-03-02-00-00-00", "latency": "26"}, {"date": "2023-03-02-00-00-00", "latency": "26"}, {"date": "2023-03-02-00-00-00", "latency": "26"}, {"date": "2023-03-02-00-00-00", "latency": "26"}]}, {"location": {"country_code": "za", "region": "Gauteng", "city": "Roodepoort"}, "game_id": "273486", "values": [{"date": "2023-03-01-10-00-00", "latency": "211"}, {"date": "2023-03-01-10-00-00", "latency": "211"}, {"date": "2023-03-01-10-00-00", "latency": "211"}, {"date": "2023-03-01-10-00-00", "latency": "211"}, {"date": "2023-03-01-10-00-00", "latency": "211"}, {"date": "2023-03-01-10-00-00", "latency": "211"}, {"date": "2023-03-01-10-00-00", "latency": "211"}, {"date": "2023-03-01-10-00-00", "latency": "211"}, {"date": "2023-03-01-10-00-00", "latency": "211"}]}, {"location": {"country_code": "bb"}, "game_id": "273486", "values": [{"date": "2023-03-01-06-00-00", "latency": "74"}, {"date": "2023-03-01-06-00-00", "latency": "74"}, {"date": "2023-03-01-06-00-00", "latency": "74"}, {"date": "2023-03-01-06-00-00", "latency": "74"}]}, {"location": {"country_code": "gb", "region": "Scotland", "city": "Edinburgh"}, "game_id": "273486", "values": [{"date": "2023-03-01-13-00-00", "latency": "39"}, {"date": "2023-03-01-13-00-00", "latency": "39"}, {"date": "2023-03-01-13-00-00", "latency": "39"}, {"date": "2023-03-01-13-00-00", "latency": "39"}, {"date": "2023-03-01-13-00-00", "latency": "39"}, {"date": "2023-03-01-13-00-00", "latency": "39"}, {"date": "2023-03-01-13-00-00", "latency": "39"}, {"date": "2023-03-01-13-00-00", "latency": "39"}, {"date": "2023-03-01-13-00-00", "latency": "39"}, {"date": "2023-03-01-13-00-00", "latency": "39"}, {"date": "2023-03-01-13-00-00", "latency": "39"}, {"date": "2023-03-01-13-00-00", "latency": "39"}, {"date": "2023-03-01-13-00-00", "latency": "39"}]}, {"location": {"country_code": "us", "region": "State of Wyoming", "city": "Cheyenne"}, "game_id": "273486", "values": [{"date": "2023-03-01-14-00-00", "latency": "31"}, {"date": "2023-03-01-14-00-00", "latency": "31"}, {"date": "2023-03-01-14-00-00", "latency": "31"}, {"date": "2023-03-01-14-00-00", "latency": "31"}, {"date": "2023-03-01-14-00-00", "latency": "31"}, {"date": "2023-03-01-14-00-00", "latency": "31"}, {"date": "2023-03-01-14-00-00", "latency": "31"}, {"date": "2023-03-01-14-00-00", "latency": "31"}, {"date": "2023-03-01-14-00-00", "latency": "31"}, {"date": "2023-03-01-14-00-00", "latency": "31"}, {"date": "2023-03-01-14-00-00", "latency": "31"}, {"date": "2023-03-01-14-00-00", "latency": "31"}, {"date": "2023-03-01-14-00-00", "latency": "31"}]}, {"location": {"country_code": "de", "region": "Saarland", "city": "Saarlouis"}, "game_id": "273486", "values": [{"date": "2023-03-01-23-00-00", "latency": "33"}, {"date": "2023-03-01-23-00-00", "latency": "33"}, {"date": "2023-03-01-23-00-00", "latency": "33"}, {"date": "2023-03-01-23-00-00", "latency": "33"}, {"date": "2023-03-01-23-00-00", "latency": "33"}, {"date": "2023-03-01-23-00-00", "latency": "33"}]}, {"location": {"country_code": "to"}, "game_id": "273486", "values": [{"date": "2023-03-01-04-00-00", "latency": "44"}, {"date": "2023-03-01-04-00-00", "latency": "44"}, {"date": "2023-03-01-04-00-00", "latency": "44"}]}, {"location": {"country_code": "us", "region": "Texas", "city": "Atascocita"}, "game_id": "273486", "values": [{"date": "2023-03-01-09-00-00", "latency": "35"}, {"date": "2023-03-01-09-00-00", "latency": "35"}, {"date": "2023-03-01-09-00-00", "latency": "35"}, {"date": "2023-03-01-09-00-00", "latency": "35"}, {"date": "2023-03-01-09-00-00", "latency": "35"}, {"date": "2023-03-01-09-00-00", "latency": "35"}, {"date": "2023-03-01-09-00-00", "latency": "35"}, {"date": "2023-03-01-09-00-00", "latency": "35"}, {"date": "2023-03-01-09-00-00", "latency": "35"}, {"date": "2023-03-01-09-00-00", "latency": "35"}, {"date": "2023-03-01-09-00-00", "latency": "35"}]}, {"location": {"country_code": "us", "region": "New Hampshire", "city": "Littleton"}, "game_id": "273486", "values": [{"date": "2023-03-02-01-00-00", "latency": "49"}, {"date": "2023-03-02-01-00-00", "latency": "49"}, {"date": "2023-03-02-01-00-00", "latency": "49"}, {"date": "2023-03-02-01-00-00", "latency": "49"}, {"date": "2023-03-02-01-00-00", "latency": "49"}, {"date": "2023-03-02-01-00-00", "latency": "49"}, {"date": "2023-03-02-01-00-00", "latency": "49"}, {"date": "2023-03-02-01-00-00", "latency": "49"}, {"date": "2023-03-02-01-00-00", "latency": "49"}, {"date": "2023-03-02-01-00-00", "latency": "49"}, {"date": "2023-03-02-01-00-00", "latency": "49"}, {"date": "2023-03-02-01-00-00", "latency": "49"}, {"date": "2023-03-02-01-00-00", "latency": "49"}, {"date": "2023-03-02-01-00-00", "latency": "49"}, {"date": "2023-03-02-01-00-00", "latency": "49"}]}, {"location": {"country_code": "us", "region": "California", "city": "Daly City"}, "game_id": "273486", "values": [{"date": "2023-03-01-05-00-00", "latency": "32"}, {"date": "2023-03-01-05-00-00", "latency": "32"}, {"date": "2023-03-01-05-00-00", "latency": "32"}, {"date": "2023-03-01-05-00-00", "latency": "32"}, {"date": "2023-03-01-05-00-00", "latency": "32"}, {"date": "2023-03-01-05-00-00", "latency": "32"}, {"date": "2023-03-01-05-00-00", "latency": "32"}, {"date": "2023-03-01-05-00-00", "latency": "32"}, {"date": "2023-03-01-05-00-00", "latency": "32"}, {"date": "2023-03-01-05-00-00", "latency": "32"}, {"date": "2023-03-01-05-00-00", "latency": "32"}, {"date": "2023-03-01-05-00-00", "latency": "32"}, {"date": "2023-03-01-05-00-00", "latency": "32"}, {"date": "2023-03-01-05-00-00", "latency": "32"}, {"date": "2023-03-01-05-00-00", "latency": "32"}, {"date": "2023-03-01-05-00-00", "latency": "32"}, {"date": "2023-03-01-05-00-00", "latency": "32"}, {"date": "2023-03-01-05-00-00", "latency": "32"}, {"date": "2023-03-01-05-00-00", "latency": "32"}, {"date": "2023-03-01-05-00-00", "latency": "32"}, {"date": "2023-03-01-05-00-00", "latency": "32"}, {"date": "2023-03-01-05-00-00", "latency": "32"}, {"date": "2023-03-01-05-00-00", "latency": "32"}, {"date": "2023-03-01-05-00-00", "latency": "32"}, {"date": "2023-03-01-05-00-00", "latency": "32"}, {"date": "2023-03-01-05-00-00", "latency": "32"}]}], "last_updated": 1719915088.622788}