{"data": [{"location": {"country_code": "us"}, "game_id": "273486", "values": [{"date": "2022-03-08-06-00-00", "latency": 23}, {"date": "2022-03-08-06-00-00", "latency": 23}, {"date": "2022-03-08-06-00-00", "latency": 23}, {"date": "2022-03-08-06-00-00", "latency": 23}, {"date": "2022-03-08-06-00-00", "latency": 23}, {"date": "2022-03-08-06-00-00", "latency": 23}]}, {"location": {"country_code": "nz", "region": "Auckland", "city": "Auckland"}, "game_id": "273486", "values": [{"date": "2022-03-08-09-00-00", "latency": 54}]}, {"location": {"country_code": "us", "region": "New York", "city": "Jamestown"}, "game_id": "273486", "values": [{"date": "2022-03-08-05-00-00", "latency": 133}, {"date": "2022-03-08-05-00-00", "latency": 133}, {"date": "2022-03-08-13-00-00", "latency": 39}, {"date": "2022-03-08-11-00-00", "latency": 27}, {"date": "2022-03-08-11-00-00", "latency": 27}, {"date": "2022-03-08-11-00-00", "latency": 27}, {"date": "2022-03-08-11-00-00", "latency": 27}, {"date": "2022-03-08-11-00-00", "latency": 27}, {"date": "2022-03-08-11-00-00", "latency": 27}, {"date": "2022-03-08-11-00-00", "latency": 27}, {"date": "2022-03-08-11-00-00", "latency": 27}, {"date": "2022-03-08-11-00-00", "latency": 27}, {"date": "2022-03-08-11-00-00", "latency": 27}, {"date": "2022-03-08-11-00-00", "latency": 27}, {"date": "2022-03-08-11-00-00", "latency": 27}, {"date": "2022-03-08-11-00-00", "latency": 27}, {"date": "2022-03-08-11-00-00", "latency": 27}, {"date": "2022-03-08-11-00-00", "latency": 27}, {"date": "2022-03-08-11-00-00", "latency": 27}, {"date": "2022-03-08-11-00-00", "latency": 27}, {"date": "2022-03-08-11-00-00", "latency": 27}, {"date": "2022-03-08-11-00-00", "latency": 27}, {"date": "2022-03-08-11-00-00", "latency": 27}, {"date": "2022-03-08-11-00-00", "latency": 27}, {"date": "2022-03-08-11-00-00", "latency": 27}, {"date": "2022-03-08-11-00-00", "latency": 27}, {"date": "2022-03-08-11-00-00", "latency": 27}, {"date": "2022-03-08-11-00-00", "latency": 27}, {"date": "2022-03-08-11-00-00", "latency": 27}, {"date": "2022-03-08-11-00-00", "latency": 27}, {"date": "2022-03-08-11-00-00", "latency": 27}, {"date": "2022-03-08-11-00-00", "latency": 27}, {"date": "2022-03-08-11-00-00", "latency": 27}, {"date": "2022-03-08-11-00-00", "latency": 27}, {"date": "2022-03-08-11-00-00", "latency": 27}, {"date": "2022-03-08-11-00-00", "latency": 27}, {"date": "2022-03-08-11-00-00", "latency": 27}, {"date": "2022-03-08-11-00-00", "latency": 27}, {"date": "2022-03-08-11-00-00", "latency": 27}, {"date": "2022-03-08-11-00-00", "latency": 27}, {"date": "2022-03-08-11-00-00", "latency": 43}, {"date": "2022-03-08-11-00-00", "latency": 43}, {"date": "2022-03-08-11-00-00", "latency": 43}, {"date": "2022-03-08-11-00-00", "latency": 43}, {"date": "2022-03-08-23-00-00", "latency": 43}, {"date": "2022-03-08-23-00-00", "latency": 43}, {"date": "2022-03-08-23-00-00", "latency": 43}, {"date": "2022-03-08-23-00-00", "latency": 43}, {"date": "2022-03-08-23-00-00", "latency": 43}, {"date": "2022-03-08-23-00-00", "latency": 43}, {"date": "2022-03-08-23-00-00", "latency": 43}, {"date": "2022-03-08-23-00-00", "latency": 43}, {"date": "2022-03-08-23-00-00", "latency": 43}, {"date": "2022-03-08-23-00-00", "latency": 43}, {"date": "2022-03-08-23-00-00", "latency": 43}, {"date": "2022-03-08-23-00-00", "latency": 43}, {"date": "2022-03-08-23-00-00", "latency": 43}, {"date": "2022-03-08-23-00-00", "latency": 43}, {"date": "2022-03-08-23-00-00", "latency": 43}, {"date": "2022-03-08-23-00-00", "latency": 43}, {"date": "2022-03-08-23-00-00", "latency": 43}, {"date": "2022-03-08-23-00-00", "latency": 43}, {"date": "2022-03-08-23-00-00", "latency": 43}, {"date": "2022-03-08-23-00-00", "latency": 43}, {"date": "2022-03-08-23-00-00", "latency": 43}, {"date": "2022-03-08-23-00-00", "latency": 43}, {"date": "2022-03-08-23-00-00", "latency": 43}, {"date": "2022-03-08-23-00-00", "latency": 43}, {"date": "2022-03-08-23-00-00", "latency": 43}, {"date": "2022-03-08-23-00-00", "latency": 43}, {"date": "2022-03-08-23-00-00", "latency": 43}, {"date": "2022-03-08-23-00-00", "latency": 43}, {"date": "2022-03-08-23-00-00", "latency": 43}, {"date": "2022-03-08-23-00-00", "latency": 43}, {"date": "2022-03-08-23-00-00", "latency": 43}, {"date": "2022-03-08-23-00-00", "latency": 43}, {"date": "2022-03-08-23-00-00", "latency": 43}, {"date": "2022-03-08-23-00-00", "latency": 43}, {"date": "2022-03-08-23-00-00", "latency": 43}, {"date": "2022-03-08-23-00-00", "latency": 43}, {"date": "2022-03-08-23-00-00", "latency": 43}, {"date": "2022-03-08-23-00-00", "latency": 43}, {"date": "2022-03-08-23-00-00", "latency": 43}, {"date": "2022-03-08-23-00-00", "latency": 43}, {"date": "2022-03-08-23-00-00", "latency": 43}, {"date": "2022-03-08-23-00-00", "latency": 43}, {"date": "2022-03-08-23-00-00", "latency": 43}, {"date": "2022-03-08-23-00-00", "latency": 43}, {"date": "2022-03-08-23-00-00", "latency": 43}, {"date": "2022-03-08-23-00-00", "latency": 43}, {"date": "2022-03-08-23-00-00", "latency": 43}, {"date": "2022-03-08-23-00-00", "latency": 43}, {"date": "2022-03-08-23-00-00", "latency": 43}, {"date": "2022-03-08-23-00-00", "latency": 43}, {"date": "2022-03-08-23-00-00", "latency": 43}, {"date": "2022-03-08-23-00-00", "latency": 43}, {"date": "2022-03-08-23-00-00", "latency": 43}, {"date": "2022-03-08-23-00-00", "latency": 43}, {"date": "2022-03-08-23-00-00", "latency": 43}, {"date": "2022-03-08-23-00-00", "latency": 43}, {"date": "2022-03-08-23-00-00", "latency": 43}, {"date": "2022-03-08-23-00-00", "latency": 43}, {"date": "2022-03-08-23-00-00", "latency": 43}, {"date": "2022-03-08-23-00-00", "latency": 43}, {"date": "2022-03-08-23-00-00", "latency": 43}, {"date": "2022-03-08-23-00-00", "latency": 43}, {"date": "2022-03-08-23-00-00", "latency": 43}, {"date": "2022-03-08-23-00-00", "latency": 43}, {"date": "2022-03-08-23-00-00", "latency": 43}, {"date": "2022-03-08-23-00-00", "latency": 43}, {"date": "2022-03-08-23-00-00", "latency": 43}, {"date": "2022-03-08-04-00-00", "latency": 23}, {"date": "2022-03-08-04-00-00", "latency": 23}, {"date": "2022-03-08-04-00-00", "latency": 23}, {"date": "2022-03-08-04-00-00", "latency": 23}, {"date": "2022-03-08-04-00-00", "latency": 23}, {"date": "2022-03-08-04-00-00", "latency": 23}, {"date": "2022-03-08-04-00-00", "latency": 23}, {"date": "2022-03-08-04-00-00", "latency": 23}, {"date": "2022-03-08-04-00-00", "latency": 23}]}, {"location": {"country_code": "gb"}, "game_id": "273486", "values": [{"date": "2022-03-08-23-00-00", "latency": 50}, {"date": "2022-03-08-23-00-00", "latency": 50}, {"date": "2022-03-08-23-00-00", "latency": 50}, {"date": "2022-03-08-23-00-00", "latency": 50}, {"date": "2022-03-08-23-00-00", "latency": 50}, {"date": "2022-03-08-23-00-00", "latency": 50}, {"date": "2022-03-08-23-00-00", "latency": 50}, {"date": "2022-03-08-23-00-00", "latency": 50}, {"date": "2022-03-08-23-00-00", "latency": 50}, {"date": "2022-03-08-23-00-00", "latency": 50}, {"date": "2022-03-08-23-00-00", "latency": 50}, {"date": "2022-03-08-23-00-00", "latency": 50}, {"date": "2022-03-08-23-00-00", "latency": 50}, {"date": "2022-03-08-23-00-00", "latency": 50}, {"date": "2022-03-08-23-00-00", "latency": 50}, {"date": "2022-03-08-21-00-00", "latency": 35}, {"date": "2022-03-08-21-00-00", "latency": 35}]}, {"location": {"country_code": "gb", "region": "England"}, "game_id": "273486", "values": [{"date": "2022-03-09-01-00-00", "latency": 184}, {"date": "2022-03-09-01-00-00", "latency": 184}, {"date": "2022-03-09-01-00-00", "latency": 184}, {"date": "2022-03-09-01-00-00", "latency": 184}, {"date": "2022-03-09-01-00-00", "latency": 184}, {"date": "2022-03-09-01-00-00", "latency": 184}, {"date": "2022-03-09-01-00-00", "latency": 184}, {"date": "2022-03-09-01-00-00", "latency": 184}, {"date": "2022-03-09-01-00-00", "latency": 184}, {"date": "2022-03-09-01-00-00", "latency": 184}, {"date": "2022-03-09-01-00-00", "latency": 184}, {"date": "2022-03-09-01-00-00", "latency": 184}, {"date": "2022-03-09-01-00-00", "latency": 184}, {"date": "2022-03-09-01-00-00", "latency": 184}, {"date": "2022-03-09-01-00-00", "latency": 184}, {"date": "2022-03-09-01-00-00", "latency": 184}, {"date": "2022-03-08-02-00-00", "latency": 47}, {"date": "2022-03-08-02-00-00", "latency": 47}, {"date": "2022-03-08-02-00-00", "latency": 47}, {"date": "2022-03-08-02-00-00", "latency": 47}]}, {"location": {"country_code": "ca"}, "game_id": "273486", "values": [{"date": "2022-03-09-01-00-00", "latency": 47}, {"date": "2022-03-09-01-00-00", "latency": 47}, {"date": "2022-03-09-01-00-00", "latency": 47}, {"date": "2022-03-09-01-00-00", "latency": 47}, {"date": "2022-03-09-01-00-00", "latency": 47}, {"date": "2022-03-09-01-00-00", "latency": 47}, {"date": "2022-03-09-01-00-00", "latency": 47}, {"date": "2022-03-09-01-00-00", "latency": 47}, {"date": "2022-03-09-01-00-00", "latency": 47}, {"date": "2022-03-09-01-00-00", "latency": 47}, {"date": "2022-03-09-01-00-00", "latency": 47}, {"date": "2022-03-09-01-00-00", "latency": 47}, {"date": "2022-03-09-01-00-00", "latency": 47}, {"date": "2022-03-09-01-00-00", "latency": 47}, {"date": "2022-03-09-01-00-00", "latency": 47}, {"date": "2022-03-09-01-00-00", "latency": 47}, {"date": "2022-03-09-01-00-00", "latency": 47}, {"date": "2022-03-09-01-00-00", "latency": 47}, {"date": "2022-03-09-01-00-00", "latency": 47}, {"date": "2022-03-09-01-00-00", "latency": 47}, {"date": "2022-03-09-01-00-00", "latency": 47}, {"date": "2022-03-09-01-00-00", "latency": 47}, {"date": "2022-03-09-01-00-00", "latency": 47}, {"date": "2022-03-09-01-00-00", "latency": 47}, {"date": "2022-03-08-08-00-00", "latency": 54}, {"date": "2022-03-08-08-00-00", "latency": 54}, {"date": "2022-03-08-08-00-00", "latency": 54}, {"date": "2022-03-08-08-00-00", "latency": 54}, {"date": "2022-03-08-08-00-00", "latency": 54}, {"date": "2022-03-08-08-00-00", "latency": 54}, {"date": "2022-03-08-08-00-00", "latency": 54}, {"date": "2022-03-08-08-00-00", "latency": 54}, {"date": "2022-03-08-08-00-00", "latency": 54}, {"date": "2022-03-08-08-00-00", "latency": 54}, {"date": "2022-03-08-08-00-00", "latency": 54}, {"date": "2022-03-08-08-00-00", "latency": 54}, {"date": "2022-03-08-08-00-00", "latency": 54}, {"date": "2022-03-08-08-00-00", "latency": 54}, {"date": "2022-03-08-08-00-00", "latency": 54}]}, {"location": {"country_code": "ca", "region": "British Columbia"}, "game_id": "273486", "values": [{"date": "2022-03-08-12-00-00", "latency": 90}, {"date": "2022-03-08-12-00-00", "latency": 90}, {"date": "2022-03-08-12-00-00", "latency": 90}, {"date": "2022-03-08-12-00-00", "latency": 90}, {"date": "2022-03-08-12-00-00", "latency": 90}, {"date": "2022-03-08-12-00-00", "latency": 90}]}, {"location": {"country_code": "ca", "region": "Ontario"}, "game_id": "273486", "values": [{"date": "2022-03-09-00-00-00", "latency": 47}, {"date": "2022-03-09-00-00-00", "latency": 47}, {"date": "2022-03-09-00-00-00", "latency": 47}, {"date": "2022-03-09-00-00-00", "latency": 47}, {"date": "2022-03-09-00-00-00", "latency": 47}, {"date": "2022-03-09-00-00-00", "latency": 47}]}, {"location": {"country_code": "de"}, "game_id": "273486", "values": [{"date": "2022-03-09-00-00-00", "latency": 19}, {"date": "2022-03-09-00-00-00", "latency": 19}, {"date": "2022-03-09-00-00-00", "latency": 19}, {"date": "2022-03-09-00-00-00", "latency": 19}, {"date": "2022-03-09-00-00-00", "latency": 19}, {"date": "2022-03-09-00-00-00", "latency": 19}, {"date": "2022-03-09-00-00-00", "latency": 19}, {"date": "2022-03-09-00-00-00", "latency": 19}, {"date": "2022-03-09-00-00-00", "latency": 19}, {"date": "2022-03-09-00-00-00", "latency": 19}, {"date": "2022-03-09-00-00-00", "latency": 19}, {"date": "2022-03-09-00-00-00", "latency": 19}, {"date": "2022-03-09-00-00-00", "latency": 19}, {"date": "2022-03-09-00-00-00", "latency": 19}, {"date": "2022-03-09-00-00-00", "latency": 19}, {"date": "2022-03-09-00-00-00", "latency": 19}, {"date": "2022-03-09-00-00-00", "latency": 19}, {"date": "2022-03-09-00-00-00", "latency": 19}, {"date": "2022-03-09-00-00-00", "latency": 19}, {"date": "2022-03-09-00-00-00", "latency": 19}]}, {"location": {"country_code": "kr"}, "game_id": "273486", "values": [{"date": "2022-03-08-10-00-00", "latency": 245}, {"date": "2022-03-08-10-00-00", "latency": 245}, {"date": "2022-03-08-13-00-00", "latency": 192}, {"date": "2022-03-08-13-00-00", "latency": 192}, {"date": "2022-03-08-13-00-00", "latency": 192}, {"date": "2022-03-08-13-00-00", "latency": 192}]}, {"location": {"country_code": "us", "region": "Texas"}, "game_id": "273486", "values": [{"date": "2022-03-08-12-00-00", "latency": 66}, {"date": "2022-03-08-12-00-00", "latency": 66}, {"date": "2022-03-08-12-00-00", "latency": 66}, {"date": "2022-03-08-12-00-00", "latency": 66}, {"date": "2022-03-08-12-00-00", "latency": 66}, {"date": "2022-03-08-12-00-00", "latency": 66}, {"date": "2022-03-08-12-00-00", "latency": 66}, {"date": "2022-03-08-12-00-00", "latency": 66}, {"date": "2022-03-08-12-00-00", "latency": 66}, {"date": "2022-03-08-12-00-00", "latency": 66}, {"date": "2022-03-08-12-00-00", "latency": 66}, {"date": "2022-03-08-12-00-00", "latency": 66}, {"date": "2022-03-08-12-00-00", "latency": 66}, {"date": "2022-03-09-00-00-00", "latency": 39}]}, {"location": {"country_code": "us", "region": "Florida"}, "game_id": "273486", "values": [{"date": "2022-03-09-01-00-00", "latency": 35}, {"date": "2022-03-09-01-00-00", "latency": 35}, {"date": "2022-03-09-01-00-00", "latency": 35}, {"date": "2022-03-09-01-00-00", "latency": 35}, {"date": "2022-03-09-01-00-00", "latency": 35}, {"date": "2022-03-09-01-00-00", "latency": 35}, {"date": "2022-03-09-01-00-00", "latency": 35}, {"date": "2022-03-09-01-00-00", "latency": 35}, {"date": "2022-03-09-01-00-00", "latency": 35}, {"date": "2022-03-09-01-00-00", "latency": 35}, {"date": "2022-03-08-06-00-00", "latency": 74}, {"date": "2022-03-08-05-00-00", "latency": 23}, {"date": "2022-03-08-05-00-00", "latency": 23}, {"date": "2022-03-08-05-00-00", "latency": 23}, {"date": "2022-03-08-05-00-00", "latency": 23}, {"date": "2022-03-08-05-00-00", "latency": 23}, {"date": "2022-03-08-05-00-00", "latency": 23}]}, {"location": {"country_code": "us", "region": "New Jersey"}, "game_id": "273486", "values": [{"date": "2022-03-08-22-00-00", "latency": 74}, {"date": "2022-03-08-22-00-00", "latency": 74}, {"date": "2022-03-08-22-00-00", "latency": 74}, {"date": "2022-03-08-22-00-00", "latency": 74}, {"date": "2022-03-08-22-00-00", "latency": 74}, {"date": "2022-03-08-22-00-00", "latency": 74}, {"date": "2022-03-08-22-00-00", "latency": 74}, {"date": "2022-03-08-22-00-00", "latency": 74}, {"date": "2022-03-08-22-00-00", "latency": 74}, {"date": "2022-03-08-22-00-00", "latency": 74}, {"date": "2022-03-08-22-00-00", "latency": 74}, {"date": "2022-03-08-22-00-00", "latency": 74}, {"date": "2022-03-08-22-00-00", "latency": 74}, {"date": "2022-03-08-22-00-00", "latency": 74}, {"date": "2022-03-08-22-00-00", "latency": 74}, {"date": "2022-03-08-22-00-00", "latency": 74}, {"date": "2022-03-08-22-00-00", "latency": 74}, {"date": "2022-03-08-22-00-00", "latency": 74}, {"date": "2022-03-08-22-00-00", "latency": 74}, {"date": "2022-03-08-22-00-00", "latency": 74}, {"date": "2022-03-08-22-00-00", "latency": 74}, {"date": "2022-03-08-22-00-00", "latency": 74}, {"date": "2022-03-08-22-00-00", "latency": 74}, {"date": "2022-03-08-22-00-00", "latency": 74}, {"date": "2022-03-08-22-00-00", "latency": 74}, {"date": "2022-03-08-22-00-00", "latency": 74}]}, {"location": {"country_code": "us", "region": "Ohio"}, "game_id": "273486", "values": [{"date": "2022-03-08-04-00-00", "latency": 54}, {"date": "2022-03-08-04-00-00", "latency": 54}, {"date": "2022-03-08-04-00-00", "latency": 54}, {"date": "2022-03-08-04-00-00", "latency": 54}, {"date": "2022-03-08-04-00-00", "latency": 54}, {"date": "2022-03-08-04-00-00", "latency": 54}, {"date": "2022-03-08-04-00-00", "latency": 54}, {"date": "2022-03-08-04-00-00", "latency": 54}, {"date": "2022-03-08-04-00-00", "latency": 54}, {"date": "2022-03-08-04-00-00", "latency": 54}, {"date": "2022-03-08-04-00-00", "latency": 54}]}, {"location": {"country_code": "us", "region": "California"}, "game_id": "273486", "values": [{"date": "2022-03-08-09-00-00", "latency": 62}, {"date": "2022-03-08-09-00-00", "latency": 62}, {"date": "2022-03-08-09-00-00", "latency": 62}, {"date": "2022-03-08-09-00-00", "latency": 62}, {"date": "2022-03-08-09-00-00", "latency": 62}, {"date": "2022-03-08-09-00-00", "latency": 62}, {"date": "2022-03-08-09-00-00", "latency": 62}, {"date": "2022-03-08-09-00-00", "latency": 62}, {"date": "2022-03-08-09-00-00", "latency": 62}, {"date": "2022-03-08-09-00-00", "latency": 62}, {"date": "2022-03-08-09-00-00", "latency": 62}, {"date": "2022-03-08-09-00-00", "latency": 62}, {"date": "2022-03-08-13-00-00", "latency": 23}, {"date": "2022-03-08-13-00-00", "latency": 23}, {"date": "2022-03-08-13-00-00", "latency": 23}, {"date": "2022-03-08-13-00-00", "latency": 23}]}, {"location": {"country_code": "us", "region": "California", "city": "East Los Angeles"}, "game_id": "273486", "values": [{"date": "2022-03-08-05-00-00", "latency": 23}, {"date": "2022-03-08-05-00-00", "latency": 23}, {"date": "2022-03-08-05-00-00", "latency": 23}, {"date": "2022-03-08-05-00-00", "latency": 23}, {"date": "2022-03-08-05-00-00", "latency": 23}, {"date": "2022-03-08-05-00-00", "latency": 23}, {"date": "2022-03-08-05-00-00", "latency": 23}, {"date": "2022-03-08-05-00-00", "latency": 23}, {"date": "2022-03-08-05-00-00", "latency": 23}, {"date": "2022-03-08-05-00-00", "latency": 23}, {"date": "2022-03-08-05-00-00", "latency": 23}]}, {"location": {"country_code": "sr"}, "game_id": "273486", "values": [{"date": "2022-03-08-22-00-00", "latency": 121}]}, {"location": {"country_code": "au"}, "game_id": "273486", "values": [{"date": "2022-03-08-14-00-00", "latency": 78}]}, {"location": {"country_code": "us", "region": "Texas", "city": "Austin"}, "game_id": "273486", "values": [{"date": "2022-03-08-01-00-00", "latency": 50}, {"date": "2022-03-08-01-00-00", "latency": 50}]}, {"location": {"country_code": "us", "region": "Iowa"}, "game_id": "273486", "values": [{"date": "2022-03-08-11-00-00", "latency": 27}, {"date": "2022-03-08-11-00-00", "latency": 27}, {"date": "2022-03-08-11-00-00", "latency": 27}, {"date": "2022-03-08-11-00-00", "latency": 27}, {"date": "2022-03-08-11-00-00", "latency": 27}, {"date": "2022-03-08-11-00-00", "latency": 27}, {"date": "2022-03-08-11-00-00", "latency": 27}, {"date": "2022-03-08-11-00-00", "latency": 27}, {"date": "2022-03-08-11-00-00", "latency": 27}, {"date": "2022-03-08-11-00-00", "latency": 27}, {"date": "2022-03-08-11-00-00", "latency": 27}, {"date": "2022-03-08-11-00-00", "latency": 27}, {"date": "2022-03-08-11-00-00", "latency": 27}, {"date": "2022-03-08-11-00-00", "latency": 27}, {"date": "2022-03-08-11-00-00", "latency": 27}, {"date": "2022-03-08-11-00-00", "latency": 27}, {"date": "2022-03-08-11-00-00", "latency": 27}, {"date": "2022-03-08-11-00-00", "latency": 27}, {"date": "2022-03-08-11-00-00", "latency": 27}, {"date": "2022-03-08-11-00-00", "latency": 27}, {"date": "2022-03-08-11-00-00", "latency": 27}, {"date": "2022-03-08-11-00-00", "latency": 27}, {"date": "2022-03-08-11-00-00", "latency": 27}, {"date": "2022-03-08-11-00-00", "latency": 27}, {"date": "2022-03-08-11-00-00", "latency": 27}, {"date": "2022-03-08-11-00-00", "latency": 27}, {"date": "2022-03-08-11-00-00", "latency": 27}, {"date": "2022-03-08-11-00-00", "latency": 27}, {"date": "2022-03-08-11-00-00", "latency": 27}, {"date": "2022-03-08-11-00-00", "latency": 27}, {"date": "2022-03-08-11-00-00", "latency": 27}, {"date": "2022-03-08-11-00-00", "latency": 27}, {"date": "2022-03-08-11-00-00", "latency": 27}, {"date": "2022-03-08-11-00-00", "latency": 27}, {"date": "2022-03-08-11-00-00", "latency": 27}, {"date": "2022-03-08-11-00-00", "latency": 27}]}, {"location": {"country_code": "us", "region": "California", "city": "San Francisco"}, "game_id": "273486", "values": [{"date": "2022-03-08-09-00-00", "latency": 54}, {"date": "2022-03-08-09-00-00", "latency": 54}]}, {"location": {"country_code": "de", "region": "Saarland"}, "game_id": "273486", "values": [{"date": "2022-03-09-00-00-00", "latency": 35}, {"date": "2022-03-09-00-00-00", "latency": 35}, {"date": "2022-03-09-00-00-00", "latency": 35}, {"date": "2022-03-09-00-00-00", "latency": 35}, {"date": "2022-03-09-00-00-00", "latency": 35}, {"date": "2022-03-09-00-00-00", "latency": 35}, {"date": "2022-03-09-00-00-00", "latency": 35}]}, {"location": {"country_code": "us", "region": "Hawaii"}, "game_id": "273486", "values": [{"date": "2022-03-08-21-00-00", "latency": 70}]}, {"location": {"country_code": "us", "region": "Massachusetts"}, "game_id": "273486", "values": [{"date": "2022-03-08-02-00-00", "latency": 58}, {"date": "2022-03-08-02-00-00", "latency": 58}]}, {"location": {"country_code": "ca", "region": "Alberta"}, "game_id": "273486", "values": [{"date": "2022-03-08-23-00-00", "latency": 66}, {"date": "2022-03-08-23-00-00", "latency": 66}, {"date": "2022-03-08-23-00-00", "latency": 66}, {"date": "2022-03-08-23-00-00", "latency": 66}, {"date": "2022-03-08-23-00-00", "latency": 66}, {"date": "2022-03-08-23-00-00", "latency": 66}, {"date": "2022-03-08-23-00-00", "latency": 66}, {"date": "2022-03-08-23-00-00", "latency": 66}, {"date": "2022-03-08-23-00-00", "latency": 66}, {"date": "2022-03-08-23-00-00", "latency": 66}, {"date": "2022-03-08-23-00-00", "latency": 66}, {"date": "2022-03-08-23-00-00", "latency": 66}, {"date": "2022-03-08-23-00-00", "latency": 66}, {"date": "2022-03-08-23-00-00", "latency": 66}, {"date": "2022-03-08-23-00-00", "latency": 66}, {"date": "2022-03-08-23-00-00", "latency": 66}, {"date": "2022-03-08-23-00-00", "latency": 66}]}, {"location": {"country_code": "jp", "region": "Tokyo"}, "game_id": "273486", "values": [{"date": "2022-03-08-14-00-00", "latency": 54}, {"date": "2022-03-08-14-00-00", "latency": 54}, {"date": "2022-03-08-14-00-00", "latency": 54}, {"date": "2022-03-08-14-00-00", "latency": 54}, {"date": "2022-03-08-14-00-00", "latency": 54}, {"date": "2022-03-08-14-00-00", "latency": 54}, {"date": "2022-03-08-14-00-00", "latency": 54}, {"date": "2022-03-08-14-00-00", "latency": 54}]}, {"location": {"country_code": "us", "region": "Ohio", "city": "Cleveland"}, "game_id": "273486", "values": [{"date": "2022-03-08-04-00-00", "latency": 23}, {"date": "2022-03-08-04-00-00", "latency": 23}, {"date": "2022-03-08-04-00-00", "latency": 23}, {"date": "2022-03-08-04-00-00", "latency": 23}]}, {"location": {"country_code": "us", "region": "Texas", "city": "Houston"}, "game_id": "273486", "values": [{"date": "2022-03-08-23-00-00", "latency": 109}, {"date": "2022-03-08-23-00-00", "latency": 109}, {"date": "2022-03-08-23-00-00", "latency": 109}, {"date": "2022-03-08-23-00-00", "latency": 109}, {"date": "2022-03-08-05-00-00", "latency": 27}, {"date": "2022-03-08-05-00-00", "latency": 27}, {"date": "2022-03-08-05-00-00", "latency": 27}]}, {"location": {"country_code": "us", "region": "Alaska"}, "game_id": "273486", "values": [{"date": "2022-03-08-08-00-00", "latency": 74}, {"date": "2022-03-08-08-00-00", "latency": 74}]}, {"location": {"country_code": "us", "region": "Puerto Rico", "city": "Carolina"}, "game_id": "273486", "values": [{"date": "2022-03-09-01-00-00", "latency": 62}, {"date": "2022-03-09-01-00-00", "latency": 62}, {"date": "2022-03-09-01-00-00", "latency": 62}]}, {"location": {"country_code": "at"}, "game_id": "273486", "values": [{"date": "2022-03-08-22-00-00", "latency": 74}, {"date": "2022-03-08-22-00-00", "latency": 74}, {"date": "2022-03-08-22-00-00", "latency": 74}, {"date": "2022-03-08-22-00-00", "latency": 74}, {"date": "2022-03-08-22-00-00", "latency": 74}]}, {"location": {"country_code": "gb", "region": "England", "city": "London"}, "game_id": "273486", "values": [{"date": "2022-03-08-21-00-00", "latency": 27}, {"date": "2022-03-08-21-00-00", "latency": 27}, {"date": "2022-03-08-21-00-00", "latency": 27}, {"date": "2022-03-08-20-00-00", "latency": 113}, {"date": "2022-03-08-20-00-00", "latency": 113}, {"date": "2022-03-08-20-00-00", "latency": 113}]}, {"location": {"country_code": "us", "region": "Oklahoma"}, "game_id": "273486", "values": [{"date": "2022-03-08-03-00-00", "latency": 105}, {"date": "2022-03-08-03-00-00", "latency": 105}, {"date": "2022-03-08-03-00-00", "latency": 105}, {"date": "2022-03-08-03-00-00", "latency": 105}, {"date": "2022-03-08-03-00-00", "latency": 105}, {"date": "2022-03-08-03-00-00", "latency": 105}, {"date": "2022-03-08-03-00-00", "latency": 105}, {"date": "2022-03-08-03-00-00", "latency": 105}, {"date": "2022-03-08-03-00-00", "latency": 105}, {"date": "2022-03-08-03-00-00", "latency": 105}, {"date": "2022-03-08-03-00-00", "latency": 105}]}, {"location": {"country_code": "es", "region": "Galicia", "city": "Santiago de Compostela"}, "game_id": "273486", "values": [{"date": "2022-03-08-18-00-00", "latency": 58}, {"date": "2022-03-08-18-00-00", "latency": 58}]}, {"location": {"country_code": "us", "region": "Colorado"}, "game_id": "273486", "values": [{"date": "2022-03-08-20-00-00", "latency": 43}]}, {"location": {"country_code": "es", "region": "Galicia"}, "game_id": "273486", "values": [{"date": "2022-03-09-00-00-00", "latency": 39}, {"date": "2022-03-09-00-00-00", "latency": 39}, {"date": "2022-03-09-00-00-00", "latency": 39}, {"date": "2022-03-09-00-00-00", "latency": 39}, {"date": "2022-03-09-00-00-00", "latency": 39}, {"date": "2022-03-09-00-00-00", "latency": 39}, {"date": "2022-03-09-00-00-00", "latency": 39}, {"date": "2022-03-09-00-00-00", "latency": 39}]}, {"location": {"country_code": "us", "region": "Kentucky"}, "game_id": "273486", "values": [{"date": "2022-03-08-05-00-00", "latency": 39}, {"date": "2022-03-08-05-00-00", "latency": 39}, {"date": "2022-03-08-05-00-00", "latency": 39}, {"date": "2022-03-08-05-00-00", "latency": 39}, {"date": "2022-03-08-05-00-00", "latency": 39}, {"date": "2022-03-08-05-00-00", "latency": 39}]}, {"location": {"country_code": "us", "region": "Minnesota"}, "game_id": "273486", "values": [{"date": "2022-03-08-10-00-00", "latency": 31}, {"date": "2022-03-08-10-00-00", "latency": 31}, {"date": "2022-03-08-10-00-00", "latency": 31}, {"date": "2022-03-08-10-00-00", "latency": 31}, {"date": "2022-03-08-10-00-00", "latency": 31}, {"date": "2022-03-08-10-00-00", "latency": 31}, {"date": "2022-03-08-10-00-00", "latency": 31}, {"date": "2022-03-08-10-00-00", "latency": 31}, {"date": "2022-03-08-10-00-00", "latency": 31}, {"date": "2022-03-08-10-00-00", "latency": 31}]}, {"location": {"country_code": "fr", "region": "Ile-de-France Region"}, "game_id": "273486", "values": [{"date": "2022-03-09-00-00-00", "latency": 23}, {"date": "2022-03-09-00-00-00", "latency": 23}, {"date": "2022-03-09-00-00-00", "latency": 23}, {"date": "2022-03-09-00-00-00", "latency": 23}, {"date": "2022-03-09-00-00-00", "latency": 23}, {"date": "2022-03-09-00-00-00", "latency": 23}, {"date": "2022-03-09-00-00-00", "latency": 23}, {"date": "2022-03-09-00-00-00", "latency": 23}, {"date": "2022-03-09-00-00-00", "latency": 23}, {"date": "2022-03-09-00-00-00", "latency": 23}, {"date": "2022-03-09-00-00-00", "latency": 23}, {"date": "2022-03-09-00-00-00", "latency": 23}]}, {"location": {"country_code": "ca", "region": "Quebec", "city": "Montreal"}, "game_id": "273486", "values": [{"date": "2022-03-09-00-00-00", "latency": 43}, {"date": "2022-03-09-00-00-00", "latency": 43}]}, {"location": {"country_code": "us", "region": "Massachusetts", "city": "Boston"}, "game_id": "273486", "values": [{"date": "2022-03-09-01-00-00", "latency": 82}, {"date": "2022-03-09-01-00-00", "latency": 82}, {"date": "2022-03-09-01-00-00", "latency": 82}, {"date": "2022-03-09-01-00-00", "latency": 82}, {"date": "2022-03-09-01-00-00", "latency": 82}, {"date": "2022-03-09-01-00-00", "latency": 82}, {"date": "2022-03-09-01-00-00", "latency": 82}, {"date": "2022-03-09-00-00-00", "latency": 50}, {"date": "2022-03-09-00-00-00", "latency": 50}, {"date": "2022-03-09-00-00-00", "latency": 50}, {"date": "2022-03-09-00-00-00", "latency": 50}, {"date": "2022-03-09-00-00-00", "latency": 50}, {"date": "2022-03-09-00-00-00", "latency": 50}, {"date": "2022-03-09-00-00-00", "latency": 50}, {"date": "2022-03-09-00-00-00", "latency": 50}, {"date": "2022-03-09-00-00-00", "latency": 50}, {"date": "2022-03-09-00-00-00", "latency": 50}, {"date": "2022-03-09-00-00-00", "latency": 50}, {"date": "2022-03-09-00-00-00", "latency": 50}, {"date": "2022-03-09-00-00-00", "latency": 50}, {"date": "2022-03-09-00-00-00", "latency": 50}, {"date": "2022-03-09-00-00-00", "latency": 50}, {"date": "2022-03-09-00-00-00", "latency": 50}, {"date": "2022-03-09-00-00-00", "latency": 50}, {"date": "2022-03-09-00-00-00", "latency": 50}, {"date": "2022-03-09-00-00-00", "latency": 50}]}, {"location": {"country_code": "kw"}, "game_id": "273486", "values": [{"date": "2022-03-08-19-00-00", "latency": 23}, {"date": "2022-03-08-19-00-00", "latency": 23}, {"date": "2022-03-08-19-00-00", "latency": 23}, {"date": "2022-03-08-19-00-00", "latency": 23}, {"date": "2022-03-08-19-00-00", "latency": 23}, {"date": "2022-03-08-19-00-00", "latency": 23}, {"date": "2022-03-08-19-00-00", "latency": 23}, {"date": "2022-03-08-19-00-00", "latency": 23}, {"date": "2022-03-08-19-00-00", "latency": 23}, {"date": "2022-03-08-19-00-00", "latency": 23}, {"date": "2022-03-08-19-00-00", "latency": 23}, {"date": "2022-03-08-19-00-00", "latency": 23}, {"date": "2022-03-08-19-00-00", "latency": 23}, {"date": "2022-03-08-19-00-00", "latency": 23}]}, {"location": {"country_code": "us", "region": "Colorado", "city": "Denver"}, "game_id": "273486", "values": [{"date": "2022-03-08-06-00-00", "latency": 622}, {"date": "2022-03-08-06-00-00", "latency": 622}]}, {"location": {"country_code": "us", "region": "Texas", "city": "Irving"}, "game_id": "273486", "values": [{"date": "2022-03-08-06-00-00", "latency": 31}, {"date": "2022-03-08-06-00-00", "latency": 31}, {"date": "2022-03-08-06-00-00", "latency": 31}, {"date": "2022-03-08-06-00-00", "latency": 31}, {"date": "2022-03-08-06-00-00", "latency": 31}, {"date": "2022-03-08-06-00-00", "latency": 31}, {"date": "2022-03-08-06-00-00", "latency": 31}, {"date": "2022-03-08-06-00-00", "latency": 31}, {"date": "2022-03-08-06-00-00", "latency": 31}, {"date": "2022-03-08-06-00-00", "latency": 31}, {"date": "2022-03-08-06-00-00", "latency": 31}, {"date": "2022-03-08-06-00-00", "latency": 31}, {"date": "2022-03-08-06-00-00", "latency": 31}, {"date": "2022-03-08-06-00-00", "latency": 31}, {"date": "2022-03-08-06-00-00", "latency": 31}, {"date": "2022-03-08-06-00-00", "latency": 31}, {"date": "2022-03-08-06-00-00", "latency": 31}, {"date": "2022-03-08-06-00-00", "latency": 31}, {"date": "2022-03-08-06-00-00", "latency": 31}]}, {"location": {"country_code": "us", "region": "Washington", "city": "Seattle"}, "game_id": "273486", "values": [{"date": "2022-03-08-03-00-00", "latency": 39}, {"date": "2022-03-08-03-00-00", "latency": 39}, {"date": "2022-03-08-03-00-00", "latency": 39}, {"date": "2022-03-08-03-00-00", "latency": 39}, {"date": "2022-03-08-03-00-00", "latency": 39}, {"date": "2022-03-08-03-00-00", "latency": 39}, {"date": "2022-03-08-03-00-00", "latency": 39}]}, {"location": {"country_code": "us", "region": "Oregon"}, "game_id": "273486", "values": [{"date": "2022-03-08-07-00-00", "latency": 39}, {"date": "2022-03-08-07-00-00", "latency": 39}]}, {"location": {"country_code": "gb", "region": "England", "city": "Brighton"}, "game_id": "273486", "values": [{"date": "2022-03-09-00-00-00", "latency": 31}, {"date": "2022-03-09-00-00-00", "latency": 31}, {"date": "2022-03-09-00-00-00", "latency": 31}, {"date": "2022-03-09-00-00-00", "latency": 31}, {"date": "2022-03-09-00-00-00", "latency": 31}, {"date": "2022-03-09-00-00-00", "latency": 31}, {"date": "2022-03-09-00-00-00", "latency": 31}, {"date": "2022-03-09-00-00-00", "latency": 31}, {"date": "2022-03-09-00-00-00", "latency": 31}, {"date": "2022-03-09-00-00-00", "latency": 31}, {"date": "2022-03-09-00-00-00", "latency": 31}, {"date": "2022-03-09-00-00-00", "latency": 31}, {"date": "2022-03-09-00-00-00", "latency": 31}, {"date": "2022-03-09-00-00-00", "latency": 31}]}, {"location": {"country_code": "us", "region": "Ohio", "city": "Columbus"}, "game_id": "273486", "values": [{"date": "2022-03-08-04-00-00", "latency": 54}, {"date": "2022-03-08-04-00-00", "latency": 54}, {"date": "2022-03-08-04-00-00", "latency": 54}, {"date": "2022-03-08-04-00-00", "latency": 54}, {"date": "2022-03-08-04-00-00", "latency": 54}, {"date": "2022-03-08-04-00-00", "latency": 54}, {"date": "2022-03-08-04-00-00", "latency": 54}, {"date": "2022-03-08-04-00-00", "latency": 54}, {"date": "2022-03-08-04-00-00", "latency": 54}, {"date": "2022-03-08-04-00-00", "latency": 54}, {"date": "2022-03-08-04-00-00", "latency": 54}]}, {"location": {"country_code": "us", "region": "Ohio", "city": "Youngstown"}, "game_id": "273486", "values": [{"date": "2022-03-08-04-00-00", "latency": 47}]}, {"location": {"country_code": "us", "region": "California", "city": "Long Beach"}, "game_id": "273486", "values": [{"date": "2022-03-08-08-00-00", "latency": 39}, {"date": "2022-03-08-08-00-00", "latency": 39}, {"date": "2022-03-08-08-00-00", "latency": 39}]}, {"location": {"country_code": "us", "region": "Texas", "city": "San Antonio"}, "game_id": "273486", "values": [{"date": "2022-03-08-05-00-00", "latency": 82}]}, {"location": {"country_code": "sa", "region": "Riyadh Region", "city": "Wadi Ad Dawasir"}, "game_id": "273486", "values": [{"date": "2022-03-09-01-00-00", "latency": 15}, {"date": "2022-03-09-01-00-00", "latency": 15}, {"date": "2022-03-09-01-00-00", "latency": 15}, {"date": "2022-03-09-01-00-00", "latency": 15}, {"date": "2022-03-09-01-00-00", "latency": 15}, {"date": "2022-03-09-01-00-00", "latency": 15}, {"date": "2022-03-09-01-00-00", "latency": 15}, {"date": "2022-03-09-01-00-00", "latency": 15}, {"date": "2022-03-08-04-00-00", "latency": 82}, {"date": "2022-03-08-04-00-00", "latency": 82}, {"date": "2022-03-08-04-00-00", "latency": 82}, {"date": "2022-03-08-04-00-00", "latency": 82}, {"date": "2022-03-08-04-00-00", "latency": 82}, {"date": "2022-03-08-04-00-00", "latency": 82}, {"date": "2022-03-08-21-00-00", "latency": 23}, {"date": "2022-03-08-21-00-00", "latency": 23}, {"date": "2022-03-08-21-00-00", "latency": 23}, {"date": "2022-03-08-21-00-00", "latency": 23}, {"date": "2022-03-08-21-00-00", "latency": 23}, {"date": "2022-03-08-21-00-00", "latency": 23}, {"date": "2022-03-08-21-00-00", "latency": 23}, {"date": "2022-03-08-21-00-00", "latency": 23}]}, {"location": {"country_code": "gb", "region": "England", "city": "Ely"}, "game_id": "273486", "values": [{"date": "2022-03-08-03-00-00", "latency": 35}, {"date": "2022-03-08-03-00-00", "latency": 35}, {"date": "2022-03-08-03-00-00", "latency": 35}, {"date": "2022-03-08-03-00-00", "latency": 35}, {"date": "2022-03-08-03-00-00", "latency": 35}]}, {"location": {"country_code": "us", "region": "Idaho", "city": "Boise"}, "game_id": "273486", "values": [{"date": "2022-03-08-11-00-00", "latency": 47}, {"date": "2022-03-08-11-00-00", "latency": 47}, {"date": "2022-03-08-11-00-00", "latency": 47}, {"date": "2022-03-08-11-00-00", "latency": 47}, {"date": "2022-03-08-11-00-00", "latency": 47}, {"date": "2022-03-08-11-00-00", "latency": 47}, {"date": "2022-03-08-11-00-00", "latency": 47}, {"date": "2022-03-08-11-00-00", "latency": 47}]}, {"location": {"country_code": "us", "region": "North Dakota"}, "game_id": "273486", "values": [{"date": "2022-03-08-12-00-00", "latency": 39}, {"date": "2022-03-08-12-00-00", "latency": 39}, {"date": "2022-03-08-12-00-00", "latency": 39}, {"date": "2022-03-08-12-00-00", "latency": 39}, {"date": "2022-03-08-12-00-00", "latency": 39}, {"date": "2022-03-08-12-00-00", "latency": 39}, {"date": "2022-03-08-12-00-00", "latency": 39}]}, {"location": {"country_code": "nz", "region": "Wellington", "city": "Lower Hutt"}, "game_id": "273486", "values": [{"date": "2022-03-08-08-00-00", "latency": 50}, {"date": "2022-03-08-08-00-00", "latency": 50}, {"date": "2022-03-08-08-00-00", "latency": 50}, {"date": "2022-03-08-08-00-00", "latency": 50}, {"date": "2022-03-08-08-00-00", "latency": 50}, {"date": "2022-03-08-08-00-00", "latency": 50}, {"date": "2022-03-08-08-00-00", "latency": 50}, {"date": "2022-03-08-08-00-00", "latency": 50}, {"date": "2022-03-08-08-00-00", "latency": 50}, {"date": "2022-03-08-08-00-00", "latency": 50}]}, {"location": {"country_code": "fr", "region": "Normandy", "city": "Dieppe"}, "game_id": "273486", "values": [{"date": "2022-03-08-20-00-00", "latency": 43}, {"date": "2022-03-08-20-00-00", "latency": 43}, {"date": "2022-03-08-20-00-00", "latency": 43}, {"date": "2022-03-08-20-00-00", "latency": 43}, {"date": "2022-03-08-20-00-00", "latency": 43}, {"date": "2022-03-08-20-00-00", "latency": 43}, {"date": "2022-03-08-20-00-00", "latency": 43}, {"date": "2022-03-08-20-00-00", "latency": 43}, {"date": "2022-03-08-20-00-00", "latency": 43}, {"date": "2022-03-08-20-00-00", "latency": 43}, {"date": "2022-03-08-20-00-00", "latency": 43}, {"date": "2022-03-08-20-00-00", "latency": 43}, {"date": "2022-03-08-20-00-00", "latency": 43}, {"date": "2022-03-08-20-00-00", "latency": 43}, {"date": "2022-03-08-20-00-00", "latency": 43}, {"date": "2022-03-08-20-00-00", "latency": 43}, {"date": "2022-03-08-20-00-00", "latency": 43}, {"date": "2022-03-08-20-00-00", "latency": 43}, {"date": "2022-03-08-20-00-00", "latency": 43}, {"date": "2022-03-08-20-00-00", "latency": 43}, {"date": "2022-03-08-20-00-00", "latency": 43}, {"date": "2022-03-08-20-00-00", "latency": 43}, {"date": "2022-03-08-20-00-00", "latency": 43}, {"date": "2022-03-08-20-00-00", "latency": 43}, {"date": "2022-03-08-20-00-00", "latency": 43}, {"date": "2022-03-08-20-00-00", "latency": 43}, {"date": "2022-03-08-20-00-00", "latency": 43}, {"date": "2022-03-08-20-00-00", "latency": 43}, {"date": "2022-03-08-20-00-00", "latency": 43}, {"date": "2022-03-08-20-00-00", "latency": 43}, {"date": "2022-03-08-20-00-00", "latency": 43}, {"date": "2022-03-08-20-00-00", "latency": 43}, {"date": "2022-03-08-20-00-00", "latency": 43}, {"date": "2022-03-08-20-00-00", "latency": 43}, {"date": "2022-03-08-20-00-00", "latency": 43}, {"date": "2022-03-08-20-00-00", "latency": 43}]}, {"location": {"country_code": "us", "region": "Texas", "city": "Atascocita"}, "game_id": "273486", "values": [{"date": "2022-03-08-09-00-00", "latency": 31}, {"date": "2022-03-08-09-00-00", "latency": 31}, {"date": "2022-03-08-09-00-00", "latency": 31}, {"date": "2022-03-08-09-00-00", "latency": 31}, {"date": "2022-03-08-09-00-00", "latency": 31}, {"date": "2022-03-08-09-00-00", "latency": 31}]}, {"location": {"country_code": "es", "region": "Valencia", "city": "Villarreal"}, "game_id": "273486", "values": [{"date": "2022-03-08-23-00-00", "latency": 19}, {"date": "2022-03-08-23-00-00", "latency": 19}, {"date": "2022-03-08-23-00-00", "latency": 19}, {"date": "2022-03-08-23-00-00", "latency": 19}, {"date": "2022-03-08-23-00-00", "latency": 19}]}], "last_updated": 1719926586.037896}