{"data": [{"location": {"country_code": "nz"}, "game_id": "273486", "values": [{"date": "2022-08-18-14-00-00", "latency": 35}, {"date": "2022-08-18-14-00-00", "latency": 35}, {"date": "2022-08-18-14-00-00", "latency": 35}, {"date": "2022-08-18-14-00-00", "latency": 35}, {"date": "2022-08-18-14-00-00", "latency": 35}, {"date": "2022-08-18-14-00-00", "latency": 35}, {"date": "2022-08-18-14-00-00", "latency": 35}, {"date": "2022-08-18-14-00-00", "latency": 35}, {"date": "2022-08-18-14-00-00", "latency": 35}, {"date": "2022-08-18-14-00-00", "latency": 35}, {"date": "2022-08-18-14-00-00", "latency": 35}, {"date": "2022-08-18-14-00-00", "latency": 35}, {"date": "2022-08-18-14-00-00", "latency": 35}, {"date": "2022-08-18-14-00-00", "latency": 35}, {"date": "2022-08-18-14-00-00", "latency": 35}, {"date": "2022-08-18-14-00-00", "latency": 35}, {"date": "2022-08-18-14-00-00", "latency": 35}, {"date": "2022-08-18-14-00-00", "latency": 35}, {"date": "2022-08-18-14-00-00", "latency": 35}, {"date": "2022-08-18-14-00-00", "latency": 35}, {"date": "2022-08-18-14-00-00", "latency": 35}, {"date": "2022-08-18-14-00-00", "latency": 35}, {"date": "2022-08-18-14-00-00", "latency": 35}, {"date": "2022-08-18-04-00-00", "latency": 2}, {"date": "2022-08-18-04-00-00", "latency": 2}]}, {"location": {"country_code": "us"}, "game_id": "273486", "values": [{"date": "2022-08-18-04-00-00", "latency": 125}, {"date": "2022-08-18-04-00-00", "latency": 125}, {"date": "2022-08-18-04-00-00", "latency": 125}, {"date": "2022-08-18-04-00-00", "latency": 125}, {"date": "2022-08-18-04-00-00", "latency": 125}, {"date": "2022-08-18-04-00-00", "latency": 125}, {"date": "2022-08-18-04-00-00", "latency": 125}, {"date": "2022-08-18-04-00-00", "latency": 125}, {"date": "2022-08-18-04-00-00", "latency": 125}, {"date": "2022-08-18-04-00-00", "latency": 125}, {"date": "2022-08-19-00-00-00", "latency": 90}, {"date": "2022-08-19-00-00-00", "latency": 90}, {"date": "2022-08-19-00-00-00", "latency": 90}, {"date": "2022-08-19-00-00-00", "latency": 90}, {"date": "2022-08-19-00-00-00", "latency": 90}, {"date": "2022-08-19-00-00-00", "latency": 90}, {"date": "2022-08-19-00-00-00", "latency": 90}, {"date": "2022-08-19-00-00-00", "latency": 90}, {"date": "2022-08-19-00-00-00", "latency": 90}, {"date": "2022-08-18-20-00-00", "latency": 23}, {"date": "2022-08-18-20-00-00", "latency": 23}, {"date": "2022-08-18-20-00-00", "latency": 23}, {"date": "2022-08-18-20-00-00", "latency": 23}, {"date": "2022-08-18-20-00-00", "latency": 23}, {"date": "2022-08-18-20-00-00", "latency": 23}, {"date": "2022-08-18-20-00-00", "latency": 23}, {"date": "2022-08-18-20-00-00", "latency": 23}, {"date": "2022-08-18-20-00-00", "latency": 23}, {"date": "2022-08-18-20-00-00", "latency": 23}, {"date": "2022-08-18-20-00-00", "latency": 23}, {"date": "2022-08-18-20-00-00", "latency": 23}, {"date": "2022-08-18-20-00-00", "latency": 23}, {"date": "2022-08-18-20-00-00", "latency": 23}, {"date": "2022-08-18-20-00-00", "latency": 23}, {"date": "2022-08-18-20-00-00", "latency": 23}, {"date": "2022-08-18-20-00-00", "latency": 23}, {"date": "2022-08-18-20-00-00", "latency": 23}, {"date": "2022-08-18-20-00-00", "latency": 23}, {"date": "2022-08-18-20-00-00", "latency": 23}, {"date": "2022-08-18-20-00-00", "latency": 23}, {"date": "2022-08-19-00-00-00", "latency": 43}, {"date": "2022-08-19-00-00-00", "latency": 43}, {"date": "2022-08-19-00-00-00", "latency": 43}, {"date": "2022-08-19-00-00-00", "latency": 43}, {"date": "2022-08-19-00-00-00", "latency": 43}, {"date": "2022-08-19-00-00-00", "latency": 43}, {"date": "2022-08-19-00-00-00", "latency": 43}, {"date": "2022-08-19-00-00-00", "latency": 43}, {"date": "2022-08-19-00-00-00", "latency": 43}, {"date": "2022-08-19-00-00-00", "latency": 43}, {"date": "2022-08-19-00-00-00", "latency": 43}, {"date": "2022-08-19-02-00-00", "latency": 54}, {"date": "2022-08-18-08-00-00", "latency": 5}, {"date": "2022-08-18-08-00-00", "latency": 5}, {"date": "2022-08-18-08-00-00", "latency": 5}, {"date": "2022-08-18-08-00-00", "latency": 5}, {"date": "2022-08-18-08-00-00", "latency": 5}, {"date": "2022-08-18-08-00-00", "latency": 5}, {"date": "2022-08-18-08-00-00", "latency": 5}, {"date": "2022-08-18-08-00-00", "latency": 5}, {"date": "2022-08-18-08-00-00", "latency": 5}, {"date": "2022-08-18-14-00-00", "latency": 86}, {"date": "2022-08-18-14-00-00", "latency": 86}, {"date": "2022-08-18-14-00-00", "latency": 86}, {"date": "2022-08-18-14-00-00", "latency": 86}, {"date": "2022-08-18-14-00-00", "latency": 86}, {"date": "2022-08-18-14-00-00", "latency": 86}, {"date": "2022-08-18-14-00-00", "latency": 86}, {"date": "2022-08-18-14-00-00", "latency": 86}, {"date": "2022-08-18-14-00-00", "latency": 86}, {"date": "2022-08-18-14-00-00", "latency": 86}, {"date": "2022-08-18-14-00-00", "latency": 86}, {"date": "2022-08-18-14-00-00", "latency": 86}, {"date": "2022-08-18-14-00-00", "latency": 86}, {"date": "2022-08-18-14-00-00", "latency": 86}, {"date": "2022-08-18-14-00-00", "latency": 86}, {"date": "2022-08-18-14-00-00", "latency": 86}, {"date": "2022-08-18-05-00-00", "latency": 31}, {"date": "2022-08-18-05-00-00", "latency": 31}, {"date": "2022-08-18-04-00-00", "latency": 54}, {"date": "2022-08-19-02-00-00", "latency": 50}, {"date": "2022-08-19-02-00-00", "latency": 50}, {"date": "2022-08-19-02-00-00", "latency": 50}, {"date": "2022-08-19-02-00-00", "latency": 50}, {"date": "2022-08-18-07-00-00", "latency": 82}, {"date": "2022-08-18-07-00-00", "latency": 82}, {"date": "2022-08-18-07-00-00", "latency": 82}, {"date": "2022-08-18-07-00-00", "latency": 82}, {"date": "2022-08-18-07-00-00", "latency": 82}, {"date": "2022-08-18-07-00-00", "latency": 82}, {"date": "2022-08-18-07-00-00", "latency": 54}, {"date": "2022-08-18-07-00-00", "latency": 54}, {"date": "2022-08-18-07-00-00", "latency": 54}, {"date": "2022-08-18-07-00-00", "latency": 54}, {"date": "2022-08-18-07-00-00", "latency": 54}, {"date": "2022-08-18-07-00-00", "latency": 54}, {"date": "2022-08-18-07-00-00", "latency": 54}, {"date": "2022-08-18-07-00-00", "latency": 54}, {"date": "2022-08-18-07-00-00", "latency": 54}, {"date": "2022-08-18-07-00-00", "latency": 54}, {"date": "2022-08-18-10-00-00", "latency": 39}, {"date": "2022-08-18-10-00-00", "latency": 39}, {"date": "2022-08-18-10-00-00", "latency": 39}, {"date": "2022-08-18-10-00-00", "latency": 39}, {"date": "2022-08-18-10-00-00", "latency": 39}, {"date": "2022-08-18-10-00-00", "latency": 39}, {"date": "2022-08-18-10-00-00", "latency": 39}, {"date": "2022-08-18-10-00-00", "latency": 39}, {"date": "2022-08-18-10-00-00", "latency": 39}, {"date": "2022-08-18-10-00-00", "latency": 39}, {"date": "2022-08-18-10-00-00", "latency": 39}, {"date": "2022-08-18-10-00-00", "latency": 39}, {"date": "2022-08-18-06-00-00", "latency": 74}, {"date": "2022-08-18-06-00-00", "latency": 74}, {"date": "2022-08-18-06-00-00", "latency": 74}, {"date": "2022-08-18-06-00-00", "latency": 74}, {"date": "2022-08-18-06-00-00", "latency": 74}, {"date": "2022-08-18-06-00-00", "latency": 74}, {"date": "2022-08-18-06-00-00", "latency": 74}, {"date": "2022-08-18-06-00-00", "latency": 74}, {"date": "2022-08-18-06-00-00", "latency": 74}, {"date": "2022-08-18-06-00-00", "latency": 74}, {"date": "2022-08-18-06-00-00", "latency": 74}, {"date": "2022-08-18-06-00-00", "latency": 74}, {"date": "2022-08-18-06-00-00", "latency": 74}, {"date": "2022-08-18-06-00-00", "latency": 74}, {"date": "2022-08-18-06-00-00", "latency": 74}, {"date": "2022-08-18-06-00-00", "latency": 74}, {"date": "2022-08-18-06-00-00", "latency": 74}, {"date": "2022-08-18-05-00-00", "latency": 54}, {"date": "2022-08-18-05-00-00", "latency": 27}, {"date": "2022-08-18-05-00-00", "latency": 27}, {"date": "2022-08-18-10-00-00", "latency": 47}, {"date": "2022-08-18-10-00-00", "latency": 47}, {"date": "2022-08-18-10-00-00", "latency": 47}, {"date": "2022-08-18-10-00-00", "latency": 47}, {"date": "2022-08-18-10-00-00", "latency": 47}, {"date": "2022-08-18-10-00-00", "latency": 47}, {"date": "2022-08-18-10-00-00", "latency": 47}, {"date": "2022-08-18-10-00-00", "latency": 47}, {"date": "2022-08-18-10-00-00", "latency": 47}, {"date": "2022-08-18-10-00-00", "latency": 47}, {"date": "2022-08-18-10-00-00", "latency": 47}, {"date": "2022-08-18-10-00-00", "latency": 47}, {"date": "2022-08-18-10-00-00", "latency": 47}, {"date": "2022-08-18-10-00-00", "latency": 47}, {"date": "2022-08-18-10-00-00", "latency": 47}, {"date": "2022-08-18-10-00-00", "latency": 47}, {"date": "2022-08-18-10-00-00", "latency": 47}, {"date": "2022-08-18-10-00-00", "latency": 47}, {"date": "2022-08-18-10-00-00", "latency": 47}, {"date": "2022-08-19-01-00-00", "latency": 54}, {"date": "2022-08-19-01-00-00", "latency": 54}, {"date": "2022-08-19-01-00-00", "latency": 54}, {"date": "2022-08-19-01-00-00", "latency": 54}, {"date": "2022-08-19-01-00-00", "latency": 54}, {"date": "2022-08-19-01-00-00", "latency": 54}, {"date": "2022-08-19-01-00-00", "latency": 54}, {"date": "2022-08-19-01-00-00", "latency": 54}, {"date": "2022-08-19-01-00-00", "latency": 54}, {"date": "2022-08-19-01-00-00", "latency": 54}, {"date": "2022-08-18-22-00-00", "latency": 50}, {"date": "2022-08-18-22-00-00", "latency": 50}, {"date": "2022-08-18-22-00-00", "latency": 50}, {"date": "2022-08-18-22-00-00", "latency": 50}, {"date": "2022-08-18-22-00-00", "latency": 50}, {"date": "2022-08-18-22-00-00", "latency": 50}]}, {"location": {"country_code": "us", "region": "New York", "city": "Jamestown"}, "game_id": "273486", "values": [{"date": "2022-08-18-23-00-00", "latency": 35}, {"date": "2022-08-18-23-00-00", "latency": 35}, {"date": "2022-08-18-23-00-00", "latency": 35}, {"date": "2022-08-18-23-00-00", "latency": 35}, {"date": "2022-08-18-23-00-00", "latency": 35}, {"date": "2022-08-18-23-00-00", "latency": 35}, {"date": "2022-08-18-23-00-00", "latency": 35}, {"date": "2022-08-18-23-00-00", "latency": 35}, {"date": "2022-08-18-23-00-00", "latency": 35}, {"date": "2022-08-18-23-00-00", "latency": 35}, {"date": "2022-08-18-23-00-00", "latency": 35}, {"date": "2022-08-18-23-00-00", "latency": 35}, {"date": "2022-08-18-23-00-00", "latency": 35}, {"date": "2022-08-18-23-00-00", "latency": 35}, {"date": "2022-08-18-23-00-00", "latency": 35}, {"date": "2022-08-18-23-00-00", "latency": 35}, {"date": "2022-08-18-23-00-00", "latency": 35}, {"date": "2022-08-18-23-00-00", "latency": 35}, {"date": "2022-08-18-23-00-00", "latency": 35}, {"date": "2022-08-18-23-00-00", "latency": 35}, {"date": "2022-08-18-23-00-00", "latency": 35}, {"date": "2022-08-18-20-00-00", "latency": 50}, {"date": "2022-08-18-20-00-00", "latency": 50}, {"date": "2022-08-18-20-00-00", "latency": 50}, {"date": "2022-08-18-20-00-00", "latency": 50}, {"date": "2022-08-18-20-00-00", "latency": 50}, {"date": "2022-08-18-20-00-00", "latency": 50}, {"date": "2022-08-18-20-00-00", "latency": 50}, {"date": "2022-08-18-20-00-00", "latency": 50}, {"date": "2022-08-18-20-00-00", "latency": 50}]}, {"location": {"country_code": "gb"}, "game_id": "273486", "values": [{"date": "2022-08-19-02-00-00", "latency": 137}, {"date": "2022-08-19-02-00-00", "latency": 137}, {"date": "2022-08-19-02-00-00", "latency": 137}, {"date": "2022-08-19-02-00-00", "latency": 137}, {"date": "2022-08-19-02-00-00", "latency": 137}, {"date": "2022-08-19-02-00-00", "latency": 137}, {"date": "2022-08-19-02-00-00", "latency": 137}, {"date": "2022-08-19-02-00-00", "latency": 137}, {"date": "2022-08-19-02-00-00", "latency": 137}, {"date": "2022-08-19-02-00-00", "latency": 137}, {"date": "2022-08-19-02-00-00", "latency": 137}, {"date": "2022-08-19-02-00-00", "latency": 137}, {"date": "2022-08-19-02-00-00", "latency": 137}, {"date": "2022-08-19-02-00-00", "latency": 137}, {"date": "2022-08-19-02-00-00", "latency": 137}, {"date": "2022-08-19-02-00-00", "latency": 137}, {"date": "2022-08-19-02-00-00", "latency": 137}, {"date": "2022-08-19-02-00-00", "latency": 137}, {"date": "2022-08-19-02-00-00", "latency": 137}, {"date": "2022-08-19-02-00-00", "latency": 137}, {"date": "2022-08-19-02-00-00", "latency": 137}, {"date": "2022-08-19-02-00-00", "latency": 137}, {"date": "2022-08-19-02-00-00", "latency": 137}, {"date": "2022-08-19-02-00-00", "latency": 137}, {"date": "2022-08-19-02-00-00", "latency": 137}, {"date": "2022-08-19-02-00-00", "latency": 137}, {"date": "2022-08-19-02-00-00", "latency": 137}, {"date": "2022-08-19-02-00-00", "latency": 137}, {"date": "2022-08-19-02-00-00", "latency": 137}, {"date": "2022-08-19-02-00-00", "latency": 137}, {"date": "2022-08-19-00-00-00", "latency": 35}, {"date": "2022-08-19-00-00-00", "latency": 35}, {"date": "2022-08-19-00-00-00", "latency": 35}, {"date": "2022-08-19-00-00-00", "latency": 35}, {"date": "2022-08-19-00-00-00", "latency": 35}, {"date": "2022-08-19-00-00-00", "latency": 35}, {"date": "2022-08-19-00-00-00", "latency": 35}, {"date": "2022-08-19-00-00-00", "latency": 35}, {"date": "2022-08-19-00-00-00", "latency": 35}, {"date": "2022-08-19-00-00-00", "latency": 35}, {"date": "2022-08-19-00-00-00", "latency": 35}, {"date": "2022-08-19-00-00-00", "latency": 35}, {"date": "2022-08-19-00-00-00", "latency": 35}, {"date": "2022-08-19-00-00-00", "latency": 35}]}, {"location": {"country_code": "gb", "region": "England"}, "game_id": "273486", "values": [{"date": "2022-08-19-02-00-00", "latency": 62}, {"date": "2022-08-19-02-00-00", "latency": 62}, {"date": "2022-08-19-02-00-00", "latency": 62}, {"date": "2022-08-19-02-00-00", "latency": 62}, {"date": "2022-08-19-02-00-00", "latency": 62}, {"date": "2022-08-19-02-00-00", "latency": 62}, {"date": "2022-08-19-02-00-00", "latency": 62}, {"date": "2022-08-19-02-00-00", "latency": 62}, {"date": "2022-08-19-02-00-00", "latency": 62}, {"date": "2022-08-19-02-00-00", "latency": 62}, {"date": "2022-08-19-02-00-00", "latency": 62}, {"date": "2022-08-19-02-00-00", "latency": 62}, {"date": "2022-08-18-23-00-00", "latency": 43}, {"date": "2022-08-18-23-00-00", "latency": 43}, {"date": "2022-08-18-23-00-00", "latency": 43}, {"date": "2022-08-18-17-00-00", "latency": 23}, {"date": "2022-08-18-17-00-00", "latency": 23}, {"date": "2022-08-18-17-00-00", "latency": 23}, {"date": "2022-08-18-17-00-00", "latency": 23}, {"date": "2022-08-18-17-00-00", "latency": 23}, {"date": "2022-08-18-17-00-00", "latency": 23}, {"date": "2022-08-18-17-00-00", "latency": 23}, {"date": "2022-08-18-17-00-00", "latency": 23}, {"date": "2022-08-18-17-00-00", "latency": 23}, {"date": "2022-08-19-01-00-00", "latency": 43}, {"date": "2022-08-19-01-00-00", "latency": 43}, {"date": "2022-08-19-01-00-00", "latency": 43}, {"date": "2022-08-19-01-00-00", "latency": 43}, {"date": "2022-08-19-01-00-00", "latency": 43}, {"date": "2022-08-19-01-00-00", "latency": 43}, {"date": "2022-08-19-01-00-00", "latency": 43}, {"date": "2022-08-19-01-00-00", "latency": 43}, {"date": "2022-08-19-01-00-00", "latency": 43}]}, {"location": {"country_code": "za"}, "game_id": "273486", "values": [{"date": "2022-08-19-01-00-00", "latency": 11}, {"date": "2022-08-19-01-00-00", "latency": 11}, {"date": "2022-08-19-01-00-00", "latency": 11}, {"date": "2022-08-19-01-00-00", "latency": 11}, {"date": "2022-08-19-01-00-00", "latency": 11}, {"date": "2022-08-19-01-00-00", "latency": 11}, {"date": "2022-08-19-01-00-00", "latency": 11}, {"date": "2022-08-19-01-00-00", "latency": 11}, {"date": "2022-08-19-01-00-00", "latency": 11}, {"date": "2022-08-19-01-00-00", "latency": 11}, {"date": "2022-08-19-01-00-00", "latency": 11}, {"date": "2022-08-19-01-00-00", "latency": 11}, {"date": "2022-08-19-01-00-00", "latency": 11}, {"date": "2022-08-18-20-00-00", "latency": 27}, {"date": "2022-08-18-20-00-00", "latency": 27}]}, {"location": {"country_code": "jp"}, "game_id": "273486", "values": [{"date": "2022-08-18-14-00-00", "latency": 2}, {"date": "2022-08-18-14-00-00", "latency": 2}, {"date": "2022-08-18-14-00-00", "latency": 2}, {"date": "2022-08-18-15-00-00", "latency": 9}, {"date": "2022-08-18-15-00-00", "latency": 9}, {"date": "2022-08-18-15-00-00", "latency": 9}, {"date": "2022-08-18-15-00-00", "latency": 9}, {"date": "2022-08-18-15-00-00", "latency": 9}, {"date": "2022-08-18-15-00-00", "latency": 9}]}, {"location": {"country_code": "ca"}, "game_id": "273486", "values": [{"date": "2022-08-18-09-00-00", "latency": 47}, {"date": "2022-08-18-09-00-00", "latency": 47}, {"date": "2022-08-18-09-00-00", "latency": 47}, {"date": "2022-08-18-09-00-00", "latency": 47}, {"date": "2022-08-18-09-00-00", "latency": 47}, {"date": "2022-08-18-09-00-00", "latency": 47}, {"date": "2022-08-18-09-00-00", "latency": 47}, {"date": "2022-08-18-09-00-00", "latency": 47}, {"date": "2022-08-18-09-00-00", "latency": 47}, {"date": "2022-08-18-09-00-00", "latency": 47}, {"date": "2022-08-18-09-00-00", "latency": 47}, {"date": "2022-08-18-09-00-00", "latency": 47}, {"date": "2022-08-18-09-00-00", "latency": 47}, {"date": "2022-08-18-09-00-00", "latency": 47}, {"date": "2022-08-18-09-00-00", "latency": 47}, {"date": "2022-08-18-09-00-00", "latency": 47}, {"date": "2022-08-18-09-00-00", "latency": 47}, {"date": "2022-08-19-02-00-00", "latency": 62}, {"date": "2022-08-19-02-00-00", "latency": 62}, {"date": "2022-08-19-02-00-00", "latency": 62}, {"date": "2022-08-19-02-00-00", "latency": 62}, {"date": "2022-08-19-02-00-00", "latency": 62}, {"date": "2022-08-19-02-00-00", "latency": 62}, {"date": "2022-08-19-02-00-00", "latency": 62}, {"date": "2022-08-19-02-00-00", "latency": 62}, {"date": "2022-08-19-02-00-00", "latency": 62}, {"date": "2022-08-19-02-00-00", "latency": 62}, {"date": "2022-08-18-04-00-00", "latency": 62}, {"date": "2022-08-18-04-00-00", "latency": 62}, {"date": "2022-08-18-04-00-00", "latency": 62}, {"date": "2022-08-18-04-00-00", "latency": 62}, {"date": "2022-08-18-04-00-00", "latency": 62}, {"date": "2022-08-18-04-00-00", "latency": 62}, {"date": "2022-08-18-04-00-00", "latency": 62}]}, {"location": {"country_code": "ca", "region": "Quebec"}, "game_id": "273486", "values": [{"date": "2022-08-18-08-00-00", "latency": 23}, {"date": "2022-08-18-08-00-00", "latency": 23}, {"date": "2022-08-18-08-00-00", "latency": 23}, {"date": "2022-08-18-08-00-00", "latency": 23}, {"date": "2022-08-18-08-00-00", "latency": 23}, {"date": "2022-08-18-08-00-00", "latency": 23}, {"date": "2022-08-18-08-00-00", "latency": 23}, {"date": "2022-08-18-08-00-00", "latency": 23}, {"date": "2022-08-18-08-00-00", "latency": 23}, {"date": "2022-08-18-08-00-00", "latency": 23}, {"date": "2022-08-18-08-00-00", "latency": 23}, {"date": "2022-08-18-08-00-00", "latency": 23}, {"date": "2022-08-18-08-00-00", "latency": 23}, {"date": "2022-08-18-08-00-00", "latency": 23}, {"date": "2022-08-18-08-00-00", "latency": 23}, {"date": "2022-08-18-08-00-00", "latency": 23}, {"date": "2022-08-18-08-00-00", "latency": 23}]}, {"location": {"country_code": "ca", "region": "British Columbia", "city": "Richmond"}, "game_id": "273486", "values": [{"date": "2022-08-19-02-00-00", "latency": 27}, {"date": "2022-08-19-02-00-00", "latency": 27}, {"date": "2022-08-19-02-00-00", "latency": 27}, {"date": "2022-08-19-02-00-00", "latency": 27}, {"date": "2022-08-19-02-00-00", "latency": 27}, {"date": "2022-08-19-02-00-00", "latency": 27}, {"date": "2022-08-19-02-00-00", "latency": 27}, {"date": "2022-08-19-02-00-00", "latency": 27}, {"date": "2022-08-19-02-00-00", "latency": 27}, {"date": "2022-08-19-02-00-00", "latency": 27}, {"date": "2022-08-19-02-00-00", "latency": 27}, {"date": "2022-08-19-02-00-00", "latency": 27}, {"date": "2022-08-19-02-00-00", "latency": 27}]}, {"location": {"country_code": "ca", "region": "British Columbia"}, "game_id": "273486", "values": [{"date": "2022-08-18-10-00-00", "latency": 70}, {"date": "2022-08-18-10-00-00", "latency": 70}, {"date": "2022-08-18-10-00-00", "latency": 70}, {"date": "2022-08-18-10-00-00", "latency": 70}, {"date": "2022-08-18-10-00-00", "latency": 70}, {"date": "2022-08-18-10-00-00", "latency": 70}, {"date": "2022-08-18-10-00-00", "latency": 70}, {"date": "2022-08-18-10-00-00", "latency": 70}]}, {"location": {"country_code": "ca", "region": "Ontario"}, "game_id": "273486", "values": [{"date": "2022-08-18-03-00-00", "latency": 19}]}, {"location": {"country_code": "de"}, "game_id": "273486", "values": [{"date": "2022-08-18-21-00-00", "latency": 35}, {"date": "2022-08-18-21-00-00", "latency": 35}, {"date": "2022-08-18-21-00-00", "latency": 35}, {"date": "2022-08-18-21-00-00", "latency": 35}, {"date": "2022-08-18-21-00-00", "latency": 35}, {"date": "2022-08-18-21-00-00", "latency": 35}, {"date": "2022-08-18-21-00-00", "latency": 35}, {"date": "2022-08-18-21-00-00", "latency": 35}, {"date": "2022-08-18-21-00-00", "latency": 35}, {"date": "2022-08-18-21-00-00", "latency": 35}, {"date": "2022-08-18-21-00-00", "latency": 35}, {"date": "2022-08-18-21-00-00", "latency": 35}, {"date": "2022-08-18-21-00-00", "latency": 35}, {"date": "2022-08-18-21-00-00", "latency": 35}, {"date": "2022-08-18-21-00-00", "latency": 35}, {"date": "2022-08-18-21-00-00", "latency": 35}, {"date": "2022-08-18-21-00-00", "latency": 35}, {"date": "2022-08-18-21-00-00", "latency": 35}, {"date": "2022-08-18-21-00-00", "latency": 35}, {"date": "2022-08-18-21-00-00", "latency": 35}, {"date": "2022-08-18-21-00-00", "latency": 35}, {"date": "2022-08-18-21-00-00", "latency": 35}, {"date": "2022-08-18-21-00-00", "latency": 35}, {"date": "2022-08-18-23-00-00", "latency": 35}, {"date": "2022-08-18-23-00-00", "latency": 35}]}, {"location": {"country_code": "us", "region": "South Carolina", "city": "Sumter"}, "game_id": "273486", "values": [{"date": "2022-08-18-21-00-00", "latency": 43}, {"date": "2022-08-18-21-00-00", "latency": 43}, {"date": "2022-08-18-21-00-00", "latency": 43}, {"date": "2022-08-18-21-00-00", "latency": 43}, {"date": "2022-08-18-21-00-00", "latency": 43}, {"date": "2022-08-18-21-00-00", "latency": 43}, {"date": "2022-08-18-21-00-00", "latency": 43}]}, {"location": {"country_code": "us", "region": "Indiana"}, "game_id": "273486", "values": [{"date": "2022-08-18-05-00-00", "latency": 66}, {"date": "2022-08-18-05-00-00", "latency": 66}, {"date": "2022-08-18-05-00-00", "latency": 66}, {"date": "2022-08-18-05-00-00", "latency": 66}, {"date": "2022-08-18-05-00-00", "latency": 66}, {"date": "2022-08-18-05-00-00", "latency": 66}, {"date": "2022-08-18-05-00-00", "latency": 66}, {"date": "2022-08-18-05-00-00", "latency": 66}, {"date": "2022-08-18-05-00-00", "latency": 66}, {"date": "2022-08-18-05-00-00", "latency": 66}, {"date": "2022-08-18-05-00-00", "latency": 66}, {"date": "2022-08-18-05-00-00", "latency": 66}, {"date": "2022-08-18-05-00-00", "latency": 66}]}, {"location": {"country_code": "gb", "region": "Scotland"}, "game_id": "273486", "values": [{"date": "2022-08-19-02-00-00", "latency": 47}, {"date": "2022-08-19-02-00-00", "latency": 47}, {"date": "2022-08-19-02-00-00", "latency": 47}, {"date": "2022-08-19-02-00-00", "latency": 47}, {"date": "2022-08-19-02-00-00", "latency": 47}]}, {"location": {"country_code": "us", "region": "Texas"}, "game_id": "273486", "values": [{"date": "2022-08-19-01-00-00", "latency": 54}, {"date": "2022-08-19-01-00-00", "latency": 54}, {"date": "2022-08-19-01-00-00", "latency": 54}, {"date": "2022-08-19-01-00-00", "latency": 54}, {"date": "2022-08-19-01-00-00", "latency": 54}, {"date": "2022-08-19-01-00-00", "latency": 54}, {"date": "2022-08-19-01-00-00", "latency": 54}, {"date": "2022-08-19-01-00-00", "latency": 54}, {"date": "2022-08-19-01-00-00", "latency": 54}, {"date": "2022-08-19-01-00-00", "latency": 54}, {"date": "2022-08-19-01-00-00", "latency": 54}, {"date": "2022-08-19-01-00-00", "latency": 54}, {"date": "2022-08-19-01-00-00", "latency": 54}, {"date": "2022-08-18-10-00-00", "latency": 31}, {"date": "2022-08-18-10-00-00", "latency": 31}, {"date": "2022-08-18-10-00-00", "latency": 31}, {"date": "2022-08-18-10-00-00", "latency": 31}, {"date": "2022-08-18-10-00-00", "latency": 31}, {"date": "2022-08-18-10-00-00", "latency": 31}, {"date": "2022-08-18-10-00-00", "latency": 31}, {"date": "2022-08-19-02-00-00", "latency": 31}, {"date": "2022-08-19-02-00-00", "latency": 31}, {"date": "2022-08-19-02-00-00", "latency": 31}, {"date": "2022-08-19-02-00-00", "latency": 31}, {"date": "2022-08-19-02-00-00", "latency": 31}, {"date": "2022-08-19-02-00-00", "latency": 31}, {"date": "2022-08-19-02-00-00", "latency": 31}, {"date": "2022-08-19-01-00-00", "latency": 39}, {"date": "2022-08-19-01-00-00", "latency": 39}, {"date": "2022-08-19-01-00-00", "latency": 39}, {"date": "2022-08-19-01-00-00", "latency": 39}, {"date": "2022-08-19-01-00-00", "latency": 39}, {"date": "2022-08-19-01-00-00", "latency": 39}, {"date": "2022-08-19-01-00-00", "latency": 39}]}, {"location": {"country_code": "au", "region": "New South Wales", "city": "Sydney"}, "game_id": "273486", "values": [{"date": "2022-08-18-13-00-00", "latency": 74}, {"date": "2022-08-18-13-00-00", "latency": 74}, {"date": "2022-08-18-12-00-00", "latency": 27}, {"date": "2022-08-18-12-00-00", "latency": 27}, {"date": "2022-08-18-12-00-00", "latency": 27}, {"date": "2022-08-18-12-00-00", "latency": 27}, {"date": "2022-08-18-12-00-00", "latency": 27}, {"date": "2022-08-18-12-00-00", "latency": 27}, {"date": "2022-08-18-12-00-00", "latency": 27}, {"date": "2022-08-18-12-00-00", "latency": 27}, {"date": "2022-08-18-12-00-00", "latency": 27}, {"date": "2022-08-18-12-00-00", "latency": 27}, {"date": "2022-08-18-12-00-00", "latency": 27}]}, {"location": {"country_code": "us", "region": "Florida"}, "game_id": "273486", "values": [{"date": "2022-08-18-07-00-00", "latency": 70}, {"date": "2022-08-18-07-00-00", "latency": 70}, {"date": "2022-08-18-07-00-00", "latency": 70}, {"date": "2022-08-18-07-00-00", "latency": 70}, {"date": "2022-08-18-07-00-00", "latency": 70}, {"date": "2022-08-18-07-00-00", "latency": 70}, {"date": "2022-08-18-07-00-00", "latency": 70}, {"date": "2022-08-18-07-00-00", "latency": 70}, {"date": "2022-08-18-07-00-00", "latency": 70}, {"date": "2022-08-18-07-00-00", "latency": 70}, {"date": "2022-08-18-07-00-00", "latency": 70}, {"date": "2022-08-18-07-00-00", "latency": 70}, {"date": "2022-08-19-02-00-00", "latency": 58}, {"date": "2022-08-19-02-00-00", "latency": 58}, {"date": "2022-08-19-02-00-00", "latency": 58}, {"date": "2022-08-19-02-00-00", "latency": 58}, {"date": "2022-08-18-06-00-00", "latency": 39}, {"date": "2022-08-18-06-00-00", "latency": 39}, {"date": "2022-08-18-06-00-00", "latency": 39}, {"date": "2022-08-18-06-00-00", "latency": 39}, {"date": "2022-08-18-06-00-00", "latency": 39}, {"date": "2022-08-18-06-00-00", "latency": 39}, {"date": "2022-08-18-06-00-00", "latency": 39}, {"date": "2022-08-18-06-00-00", "latency": 39}, {"date": "2022-08-18-06-00-00", "latency": 39}, {"date": "2022-08-18-06-00-00", "latency": 39}, {"date": "2022-08-18-06-00-00", "latency": 39}, {"date": "2022-08-19-01-00-00", "latency": 62}, {"date": "2022-08-19-01-00-00", "latency": 62}, {"date": "2022-08-19-01-00-00", "latency": 62}, {"date": "2022-08-19-01-00-00", "latency": 62}, {"date": "2022-08-19-01-00-00", "latency": 62}, {"date": "2022-08-19-01-00-00", "latency": 62}]}, {"location": {"country_code": "fr"}, "game_id": "273486", "values": [{"date": "2022-08-19-00-00-00", "latency": 50}, {"date": "2022-08-18-23-00-00", "latency": 11}, {"date": "2022-08-18-23-00-00", "latency": 11}, {"date": "2022-08-18-23-00-00", "latency": 11}, {"date": "2022-08-18-23-00-00", "latency": 11}, {"date": "2022-08-18-23-00-00", "latency": 11}, {"date": "2022-08-18-23-00-00", "latency": 11}, {"date": "2022-08-18-23-00-00", "latency": 11}, {"date": "2022-08-18-23-00-00", "latency": 11}]}, {"location": {"country_code": "fr", "region": "Aquitania-Limosino-Poitou-Charentes", "city": "Bordeaux"}, "game_id": "273486", "values": [{"date": "2022-08-18-16-00-00", "latency": 23}, {"date": "2022-08-18-16-00-00", "latency": 23}, {"date": "2022-08-18-16-00-00", "latency": 23}, {"date": "2022-08-18-16-00-00", "latency": 23}]}, {"location": {"country_code": "us", "region": "New Jersey"}, "game_id": "273486", "values": [{"date": "2022-08-19-01-00-00", "latency": 47}, {"date": "2022-08-19-01-00-00", "latency": 47}, {"date": "2022-08-19-01-00-00", "latency": 47}, {"date": "2022-08-19-01-00-00", "latency": 47}, {"date": "2022-08-19-01-00-00", "latency": 47}, {"date": "2022-08-19-01-00-00", "latency": 47}, {"date": "2022-08-19-01-00-00", "latency": 47}, {"date": "2022-08-19-01-00-00", "latency": 47}, {"date": "2022-08-19-01-00-00", "latency": 47}, {"date": "2022-08-19-01-00-00", "latency": 47}, {"date": "2022-08-19-01-00-00", "latency": 47}, {"date": "2022-08-18-03-00-00", "latency": 35}, {"date": "2022-08-18-03-00-00", "latency": 35}, {"date": "2022-08-18-03-00-00", "latency": 35}]}, {"location": {"country_code": "mx"}, "game_id": "273486", "values": [{"date": "2022-08-18-05-00-00", "latency": 58}, {"date": "2022-08-18-05-00-00", "latency": 58}]}, {"location": {"country_code": "us", "region": "Ohio"}, "game_id": "273486", "values": [{"date": "2022-08-18-07-00-00", "latency": 31}, {"date": "2022-08-18-07-00-00", "latency": 31}, {"date": "2022-08-18-07-00-00", "latency": 31}, {"date": "2022-08-18-07-00-00", "latency": 31}, {"date": "2022-08-18-07-00-00", "latency": 31}, {"date": "2022-08-18-07-00-00", "latency": 31}, {"date": "2022-08-18-07-00-00", "latency": 31}]}, {"location": {"country_code": "us", "region": "California"}, "game_id": "273486", "values": [{"date": "2022-08-18-21-00-00", "latency": 8}, {"date": "2022-08-18-21-00-00", "latency": 8}, {"date": "2022-08-18-21-00-00", "latency": 8}, {"date": "2022-08-18-21-00-00", "latency": 8}, {"date": "2022-08-18-21-00-00", "latency": 8}, {"date": "2022-08-18-21-00-00", "latency": 8}, {"date": "2022-08-18-21-00-00", "latency": 8}, {"date": "2022-08-18-21-00-00", "latency": 8}, {"date": "2022-08-18-21-00-00", "latency": 8}, {"date": "2022-08-18-07-00-00", "latency": 58}, {"date": "2022-08-18-07-00-00", "latency": 58}, {"date": "2022-08-18-07-00-00", "latency": 58}, {"date": "2022-08-18-07-00-00", "latency": 58}, {"date": "2022-08-18-07-00-00", "latency": 58}, {"date": "2022-08-18-07-00-00", "latency": 58}, {"date": "2022-08-18-07-00-00", "latency": 58}, {"date": "2022-08-18-07-00-00", "latency": 58}, {"date": "2022-08-18-07-00-00", "latency": 58}, {"date": "2022-08-18-07-00-00", "latency": 58}, {"date": "2022-08-18-07-00-00", "latency": 58}, {"date": "2022-08-18-07-00-00", "latency": 58}, {"date": "2022-08-18-14-00-00", "latency": 35}, {"date": "2022-08-18-14-00-00", "latency": 35}, {"date": "2022-08-18-14-00-00", "latency": 35}, {"date": "2022-08-18-14-00-00", "latency": 35}, {"date": "2022-08-18-14-00-00", "latency": 35}, {"date": "2022-08-18-14-00-00", "latency": 35}]}, {"location": {"country_code": "no"}, "game_id": "273486", "values": [{"date": "2022-08-19-02-00-00", "latency": 35}, {"date": "2022-08-19-02-00-00", "latency": 35}, {"date": "2022-08-19-02-00-00", "latency": 35}]}, {"location": {"country_code": "us", "region": "California", "city": "East Los Angeles"}, "game_id": "273486", "values": [{"date": "2022-08-18-08-00-00", "latency": 11}, {"date": "2022-08-18-08-00-00", "latency": 11}, {"date": "2022-08-18-08-00-00", "latency": 11}, {"date": "2022-08-18-08-00-00", "latency": 11}, {"date": "2022-08-18-08-00-00", "latency": 11}, {"date": "2022-08-18-08-00-00", "latency": 11}, {"date": "2022-08-18-08-00-00", "latency": 11}, {"date": "2022-08-18-08-00-00", "latency": 11}, {"date": "2022-08-18-08-00-00", "latency": 11}, {"date": "2022-08-18-08-00-00", "latency": 11}, {"date": "2022-08-18-08-00-00", "latency": 11}, {"date": "2022-08-18-08-00-00", "latency": 11}, {"date": "2022-08-18-08-00-00", "latency": 11}, {"date": "2022-08-18-08-00-00", "latency": 11}, {"date": "2022-08-18-08-00-00", "latency": 11}, {"date": "2022-08-18-08-00-00", "latency": 11}, {"date": "2022-08-18-08-00-00", "latency": 11}, {"date": "2022-08-18-08-00-00", "latency": 11}, {"date": "2022-08-18-08-00-00", "latency": 11}, {"date": "2022-08-18-08-00-00", "latency": 11}, {"date": "2022-08-18-08-00-00", "latency": 11}, {"date": "2022-08-18-08-00-00", "latency": 11}, {"date": "2022-08-18-08-00-00", "latency": 11}, {"date": "2022-08-18-08-00-00", "latency": 11}, {"date": "2022-08-18-08-00-00", "latency": 11}, {"date": "2022-08-18-08-00-00", "latency": 11}]}, {"location": {"country_code": "au"}, "game_id": "273486", "values": [{"date": "2022-08-18-14-00-00", "latency": 27}, {"date": "2022-08-18-14-00-00", "latency": 27}, {"date": "2022-08-18-14-00-00", "latency": 27}, {"date": "2022-08-18-14-00-00", "latency": 27}, {"date": "2022-08-18-16-00-00", "latency": 54}, {"date": "2022-08-18-16-00-00", "latency": 54}, {"date": "2022-08-18-16-00-00", "latency": 54}, {"date": "2022-08-18-16-00-00", "latency": 54}, {"date": "2022-08-18-13-00-00", "latency": 19}, {"date": "2022-08-18-13-00-00", "latency": 19}, {"date": "2022-08-18-13-00-00", "latency": 19}, {"date": "2022-08-18-13-00-00", "latency": 19}, {"date": "2022-08-18-13-00-00", "latency": 19}, {"date": "2022-08-18-13-00-00", "latency": 19}, {"date": "2022-08-18-13-00-00", "latency": 19}, {"date": "2022-08-18-13-00-00", "latency": 19}, {"date": "2022-08-18-13-00-00", "latency": 19}, {"date": "2022-08-18-13-00-00", "latency": 19}, {"date": "2022-08-18-13-00-00", "latency": 19}, {"date": "2022-08-18-13-00-00", "latency": 19}]}, {"location": {"country_code": "us", "region": "Texas", "city": "Austin"}, "game_id": "273486", "values": [{"date": "2022-08-18-08-00-00", "latency": 50}, {"date": "2022-08-18-08-00-00", "latency": 50}, {"date": "2022-08-18-08-00-00", "latency": 50}, {"date": "2022-08-18-08-00-00", "latency": 50}, {"date": "2022-08-18-08-00-00", "latency": 50}, {"date": "2022-08-18-08-00-00", "latency": 50}, {"date": "2022-08-18-08-00-00", "latency": 50}, {"date": "2022-08-18-08-00-00", "latency": 50}, {"date": "2022-08-18-08-00-00", "latency": 50}, {"date": "2022-08-18-08-00-00", "latency": 50}, {"date": "2022-08-18-08-00-00", "latency": 50}, {"date": "2022-08-18-08-00-00", "latency": 50}]}, {"location": {"country_code": "ca", "region": "Ontario", "city": "Hamilton"}, "game_id": "273486", "values": [{"date": "2022-08-18-05-00-00", "latency": 39}, {"date": "2022-08-18-05-00-00", "latency": 39}, {"date": "2022-08-18-05-00-00", "latency": 39}, {"date": "2022-08-18-05-00-00", "latency": 39}, {"date": "2022-08-18-05-00-00", "latency": 39}, {"date": "2022-08-18-05-00-00", "latency": 39}, {"date": "2022-08-18-05-00-00", "latency": 39}, {"date": "2022-08-18-05-00-00", "latency": 39}, {"date": "2022-08-18-05-00-00", "latency": 39}, {"date": "2022-08-18-05-00-00", "latency": 39}, {"date": "2022-08-18-05-00-00", "latency": 39}, {"date": "2022-08-18-05-00-00", "latency": 39}, {"date": "2022-08-18-05-00-00", "latency": 39}, {"date": "2022-08-18-05-00-00", "latency": 39}, {"date": "2022-08-18-05-00-00", "latency": 39}, {"date": "2022-08-18-05-00-00", "latency": 39}]}, {"location": {"country_code": "us", "region": "Pennsylvania", "city": "Philadelphia"}, "game_id": "273486", "values": [{"date": "2022-08-18-07-00-00", "latency": 9}, {"date": "2022-08-18-07-00-00", "latency": 9}, {"date": "2022-08-18-07-00-00", "latency": 9}, {"date": "2022-08-18-07-00-00", "latency": 9}, {"date": "2022-08-18-07-00-00", "latency": 9}, {"date": "2022-08-18-07-00-00", "latency": 9}]}, {"location": {"country_code": "sa"}, "game_id": "273486", "values": [{"date": "2022-08-18-07-00-00", "latency": 105}, {"date": "2022-08-18-07-00-00", "latency": 105}, {"date": "2022-08-18-07-00-00", "latency": 105}, {"date": "2022-08-18-07-00-00", "latency": 105}, {"date": "2022-08-18-07-00-00", "latency": 105}, {"date": "2022-08-18-07-00-00", "latency": 105}, {"date": "2022-08-18-07-00-00", "latency": 105}, {"date": "2022-08-18-23-00-00", "latency": 129}, {"date": "2022-08-18-23-00-00", "latency": 129}, {"date": "2022-08-18-23-00-00", "latency": 129}, {"date": "2022-08-18-23-00-00", "latency": 129}, {"date": "2022-08-18-23-00-00", "latency": 129}, {"date": "2022-08-18-23-00-00", "latency": 129}, {"date": "2022-08-18-23-00-00", "latency": 129}, {"date": "2022-08-18-23-00-00", "latency": 129}, {"date": "2022-08-18-23-00-00", "latency": 129}, {"date": "2022-08-18-23-00-00", "latency": 129}, {"date": "2022-08-18-23-00-00", "latency": 129}, {"date": "2022-08-18-23-00-00", "latency": 129}, {"date": "2022-08-18-23-00-00", "latency": 129}, {"date": "2022-08-18-23-00-00", "latency": 129}, {"date": "2022-08-18-23-00-00", "latency": 129}, {"date": "2022-08-18-23-00-00", "latency": 129}, {"date": "2022-08-18-23-00-00", "latency": 129}, {"date": "2022-08-18-23-00-00", "latency": 129}, {"date": "2022-08-18-23-00-00", "latency": 129}, {"date": "2022-08-18-23-00-00", "latency": 129}, {"date": "2022-08-18-23-00-00", "latency": 129}, {"date": "2022-08-18-23-00-00", "latency": 129}, {"date": "2022-08-19-02-00-00", "latency": 105}, {"date": "2022-08-19-02-00-00", "latency": 105}, {"date": "2022-08-19-02-00-00", "latency": 105}, {"date": "2022-08-19-02-00-00", "latency": 105}, {"date": "2022-08-19-02-00-00", "latency": 105}, {"date": "2022-08-19-02-00-00", "latency": 105}, {"date": "2022-08-19-02-00-00", "latency": 105}, {"date": "2022-08-19-02-00-00", "latency": 105}, {"date": "2022-08-19-02-00-00", "latency": 105}, {"date": "2022-08-19-02-00-00", "latency": 105}, {"date": "2022-08-19-02-00-00", "latency": 105}, {"date": "2022-08-19-02-00-00", "latency": 105}, {"date": "2022-08-19-02-00-00", "latency": 105}, {"date": "2022-08-18-19-00-00", "latency": 98}, {"date": "2022-08-18-19-00-00", "latency": 98}, {"date": "2022-08-18-19-00-00", "latency": 98}, {"date": "2022-08-18-19-00-00", "latency": 98}, {"date": "2022-08-18-19-00-00", "latency": 98}, {"date": "2022-08-18-19-00-00", "latency": 98}, {"date": "2022-08-18-19-00-00", "latency": 98}, {"date": "2022-08-18-19-00-00", "latency": 98}, {"date": "2022-08-18-08-00-00", "latency": 101}, {"date": "2022-08-18-08-00-00", "latency": 101}, {"date": "2022-08-18-08-00-00", "latency": 101}, {"date": "2022-08-18-08-00-00", "latency": 101}, {"date": "2022-08-18-08-00-00", "latency": 101}, {"date": "2022-08-18-08-00-00", "latency": 101}, {"date": "2022-08-18-08-00-00", "latency": 101}, {"date": "2022-08-18-08-00-00", "latency": 101}, {"date": "2022-08-18-08-00-00", "latency": 101}, {"date": "2022-08-18-08-00-00", "latency": 101}, {"date": "2022-08-18-08-00-00", "latency": 101}, {"date": "2022-08-18-08-00-00", "latency": 101}, {"date": "2022-08-18-08-00-00", "latency": 101}, {"date": "2022-08-18-08-00-00", "latency": 101}, {"date": "2022-08-18-08-00-00", "latency": 101}, {"date": "2022-08-18-08-00-00", "latency": 101}, {"date": "2022-08-18-08-00-00", "latency": 101}, {"date": "2022-08-18-08-00-00", "latency": 101}, {"date": "2022-08-18-08-00-00", "latency": 101}, {"date": "2022-08-18-08-00-00", "latency": 101}, {"date": "2022-08-18-08-00-00", "latency": 101}, {"date": "2022-08-18-08-00-00", "latency": 101}, {"date": "2022-08-18-08-00-00", "latency": 101}, {"date": "2022-08-18-08-00-00", "latency": 101}, {"date": "2022-08-18-08-00-00", "latency": 101}, {"date": "2022-08-18-08-00-00", "latency": 101}, {"date": "2022-08-18-08-00-00", "latency": 101}, {"date": "2022-08-18-08-00-00", "latency": 101}, {"date": "2022-08-18-08-00-00", "latency": 101}, {"date": "2022-08-18-08-00-00", "latency": 101}, {"date": "2022-08-18-08-00-00", "latency": 101}, {"date": "2022-08-18-08-00-00", "latency": 101}, {"date": "2022-08-18-08-00-00", "latency": 101}, {"date": "2022-08-18-08-00-00", "latency": 101}, {"date": "2022-08-18-08-00-00", "latency": 101}, {"date": "2022-08-18-08-00-00", "latency": 101}, {"date": "2022-08-18-08-00-00", "latency": 101}, {"date": "2022-08-18-08-00-00", "latency": 101}, {"date": "2022-08-18-08-00-00", "latency": 101}, {"date": "2022-08-18-08-00-00", "latency": 101}, {"date": "2022-08-18-08-00-00", "latency": 101}, {"date": "2022-08-18-08-00-00", "latency": 101}, {"date": "2022-08-18-08-00-00", "latency": 101}, {"date": "2022-08-18-08-00-00", "latency": 101}, {"date": "2022-08-18-08-00-00", "latency": 101}, {"date": "2022-08-18-08-00-00", "latency": 101}, {"date": "2022-08-18-08-00-00", "latency": 101}, {"date": "2022-08-18-08-00-00", "latency": 101}, {"date": "2022-08-18-08-00-00", "latency": 101}, {"date": "2022-08-18-08-00-00", "latency": 101}, {"date": "2022-08-18-08-00-00", "latency": 101}, {"date": "2022-08-18-08-00-00", "latency": 101}, {"date": "2022-08-18-08-00-00", "latency": 101}, {"date": "2022-08-18-08-00-00", "latency": 101}, {"date": "2022-08-18-08-00-00", "latency": 101}, {"date": "2022-08-18-05-00-00", "latency": 94}, {"date": "2022-08-18-04-00-00", "latency": 219}, {"date": "2022-08-18-04-00-00", "latency": 219}, {"date": "2022-08-18-04-00-00", "latency": 219}, {"date": "2022-08-18-04-00-00", "latency": 219}, {"date": "2022-08-18-04-00-00", "latency": 219}, {"date": "2022-08-18-04-00-00", "latency": 219}, {"date": "2022-08-18-14-00-00", "latency": 121}, {"date": "2022-08-18-14-00-00", "latency": 121}, {"date": "2022-08-18-14-00-00", "latency": 121}, {"date": "2022-08-18-14-00-00", "latency": 121}, {"date": "2022-08-18-14-00-00", "latency": 121}, {"date": "2022-08-18-14-00-00", "latency": 121}, {"date": "2022-08-18-14-00-00", "latency": 121}, {"date": "2022-08-18-03-00-00", "latency": 90}, {"date": "2022-08-18-03-00-00", "latency": 90}, {"date": "2022-08-19-00-00-00", "latency": 82}, {"date": "2022-08-19-00-00-00", "latency": 82}, {"date": "2022-08-19-00-00-00", "latency": 82}, {"date": "2022-08-19-00-00-00", "latency": 82}, {"date": "2022-08-19-00-00-00", "latency": 82}, {"date": "2022-08-19-00-00-00", "latency": 82}, {"date": "2022-08-19-00-00-00", "latency": 82}, {"date": "2022-08-18-05-00-00", "latency": 149}, {"date": "2022-08-18-05-00-00", "latency": 149}, {"date": "2022-08-18-16-00-00", "latency": 98}, {"date": "2022-08-18-16-00-00", "latency": 98}, {"date": "2022-08-18-16-00-00", "latency": 98}, {"date": "2022-08-18-16-00-00", "latency": 98}, {"date": "2022-08-18-16-00-00", "latency": 98}, {"date": "2022-08-18-16-00-00", "latency": 98}, {"date": "2022-08-19-01-00-00", "latency": 78}, {"date": "2022-08-19-01-00-00", "latency": 78}, {"date": "2022-08-18-02-00-00", "latency": 98}, {"date": "2022-08-18-21-00-00", "latency": 133}, {"date": "2022-08-18-21-00-00", "latency": 133}, {"date": "2022-08-18-21-00-00", "latency": 133}, {"date": "2022-08-18-21-00-00", "latency": 133}, {"date": "2022-08-18-21-00-00", "latency": 133}, {"date": "2022-08-18-21-00-00", "latency": 133}, {"date": "2022-08-18-21-00-00", "latency": 133}, {"date": "2022-08-18-21-00-00", "latency": 133}, {"date": "2022-08-18-21-00-00", "latency": 133}, {"date": "2022-08-18-21-00-00", "latency": 133}, {"date": "2022-08-18-21-00-00", "latency": 133}, {"date": "2022-08-18-21-00-00", "latency": 133}, {"date": "2022-08-18-21-00-00", "latency": 133}, {"date": "2022-08-18-21-00-00", "latency": 133}, {"date": "2022-08-18-21-00-00", "latency": 133}, {"date": "2022-08-18-21-00-00", "latency": 133}, {"date": "2022-08-18-21-00-00", "latency": 133}, {"date": "2022-08-18-21-00-00", "latency": 133}, {"date": "2022-08-18-21-00-00", "latency": 133}, {"date": "2022-08-18-21-00-00", "latency": 133}, {"date": "2022-08-18-21-00-00", "latency": 133}, {"date": "2022-08-18-21-00-00", "latency": 133}, {"date": "2022-08-18-21-00-00", "latency": 133}, {"date": "2022-08-18-21-00-00", "latency": 133}, {"date": "2022-08-18-21-00-00", "latency": 133}, {"date": "2022-08-18-21-00-00", "latency": 133}, {"date": "2022-08-18-21-00-00", "latency": 133}, {"date": "2022-08-18-21-00-00", "latency": 133}, {"date": "2022-08-18-21-00-00", "latency": 133}, {"date": "2022-08-18-21-00-00", "latency": 133}, {"date": "2022-08-18-10-00-00", "latency": 86}, {"date": "2022-08-18-10-00-00", "latency": 86}, {"date": "2022-08-18-10-00-00", "latency": 86}, {"date": "2022-08-18-10-00-00", "latency": 86}, {"date": "2022-08-18-10-00-00", "latency": 86}, {"date": "2022-08-18-10-00-00", "latency": 86}, {"date": "2022-08-18-10-00-00", "latency": 86}, {"date": "2022-08-18-10-00-00", "latency": 86}, {"date": "2022-08-18-10-00-00", "latency": 86}, {"date": "2022-08-19-01-00-00", "latency": 113}, {"date": "2022-08-19-01-00-00", "latency": 113}, {"date": "2022-08-19-01-00-00", "latency": 113}, {"date": "2022-08-19-01-00-00", "latency": 113}, {"date": "2022-08-19-01-00-00", "latency": 113}, {"date": "2022-08-19-01-00-00", "latency": 113}, {"date": "2022-08-19-01-00-00", "latency": 113}, {"date": "2022-08-19-01-00-00", "latency": 113}, {"date": "2022-08-19-01-00-00", "latency": 113}, {"date": "2022-08-19-00-00-00", "latency": 141}, {"date": "2022-08-19-00-00-00", "latency": 141}, {"date": "2022-08-19-00-00-00", "latency": 141}, {"date": "2022-08-19-00-00-00", "latency": 141}, {"date": "2022-08-19-00-00-00", "latency": 141}, {"date": "2022-08-19-00-00-00", "latency": 141}, {"date": "2022-08-19-00-00-00", "latency": 141}, {"date": "2022-08-18-14-00-00", "latency": 86}, {"date": "2022-08-18-14-00-00", "latency": 86}, {"date": "2022-08-18-14-00-00", "latency": 86}, {"date": "2022-08-18-14-00-00", "latency": 86}, {"date": "2022-08-18-14-00-00", "latency": 86}, {"date": "2022-08-19-02-00-00", "latency": 94}, {"date": "2022-08-19-02-00-00", "latency": 94}, {"date": "2022-08-19-02-00-00", "latency": 94}, {"date": "2022-08-19-02-00-00", "latency": 94}, {"date": "2022-08-19-02-00-00", "latency": 94}, {"date": "2022-08-19-02-00-00", "latency": 94}, {"date": "2022-08-19-02-00-00", "latency": 94}, {"date": "2022-08-18-22-00-00", "latency": 117}, {"date": "2022-08-18-22-00-00", "latency": 117}, {"date": "2022-08-18-22-00-00", "latency": 117}, {"date": "2022-08-18-22-00-00", "latency": 117}, {"date": "2022-08-18-22-00-00", "latency": 117}, {"date": "2022-08-18-22-00-00", "latency": 117}, {"date": "2022-08-18-22-00-00", "latency": 117}, {"date": "2022-08-18-22-00-00", "latency": 117}, {"date": "2022-08-18-22-00-00", "latency": 117}, {"date": "2022-08-18-22-00-00", "latency": 117}, {"date": "2022-08-18-22-00-00", "latency": 117}, {"date": "2022-08-18-22-00-00", "latency": 117}, {"date": "2022-08-18-22-00-00", "latency": 117}, {"date": "2022-08-18-22-00-00", "latency": 117}, {"date": "2022-08-18-22-00-00", "latency": 117}]}, {"location": {"country_code": "ar", "region": "Buenos Aires F.D.", "city": "Bahia Blanca"}, "game_id": "273486", "values": [{"date": "2022-08-18-04-00-00", "latency": 56}, {"date": "2022-08-18-04-00-00", "latency": 56}, {"date": "2022-08-18-04-00-00", "latency": 56}, {"date": "2022-08-18-04-00-00", "latency": 56}, {"date": "2022-08-18-04-00-00", "latency": 56}, {"date": "2022-08-18-04-00-00", "latency": 56}, {"date": "2022-08-18-04-00-00", "latency": 56}]}, {"location": {"country_code": "us", "region": "Michigan", "city": "Detroit"}, "game_id": "273486", "values": [{"date": "2022-08-18-04-00-00", "latency": 66}, {"date": "2022-08-18-04-00-00", "latency": 66}, {"date": "2022-08-18-04-00-00", "latency": 66}, {"date": "2022-08-18-04-00-00", "latency": 66}, {"date": "2022-08-18-04-00-00", "latency": 66}, {"date": "2022-08-18-04-00-00", "latency": 66}, {"date": "2022-08-18-04-00-00", "latency": 66}, {"date": "2022-08-18-04-00-00", "latency": 66}, {"date": "2022-08-18-04-00-00", "latency": 66}, {"date": "2022-08-18-04-00-00", "latency": 66}, {"date": "2022-08-18-04-00-00", "latency": 66}]}, {"location": {"country_code": "fi"}, "game_id": "273486", "values": [{"date": "2022-08-18-22-00-00", "latency": 27}, {"date": "2022-08-18-22-00-00", "latency": 27}, {"date": "2022-08-18-22-00-00", "latency": 27}, {"date": "2022-08-18-22-00-00", "latency": 27}, {"date": "2022-08-18-22-00-00", "latency": 27}, {"date": "2022-08-18-22-00-00", "latency": 27}, {"date": "2022-08-18-22-00-00", "latency": 27}, {"date": "2022-08-18-22-00-00", "latency": 27}, {"date": "2022-08-18-22-00-00", "latency": 27}, {"date": "2022-08-18-22-00-00", "latency": 27}, {"date": "2022-08-18-22-00-00", "latency": 27}, {"date": "2022-08-18-22-00-00", "latency": 27}, {"date": "2022-08-18-22-00-00", "latency": 27}, {"date": "2022-08-18-22-00-00", "latency": 27}, {"date": "2022-08-18-22-00-00", "latency": 27}, {"date": "2022-08-18-22-00-00", "latency": 27}, {"date": "2022-08-18-22-00-00", "latency": 27}, {"date": "2022-08-18-22-00-00", "latency": 27}, {"date": "2022-08-18-22-00-00", "latency": 27}, {"date": "2022-08-18-22-00-00", "latency": 27}, {"date": "2022-08-18-22-00-00", "latency": 27}, {"date": "2022-08-18-22-00-00", "latency": 27}]}, {"location": {"country_code": "us", "region": "Massachusetts"}, "game_id": "273486", "values": [{"date": "2022-08-19-02-00-00", "latency": 39}, {"date": "2022-08-19-02-00-00", "latency": 39}, {"date": "2022-08-19-02-00-00", "latency": 39}, {"date": "2022-08-19-02-00-00", "latency": 39}, {"date": "2022-08-19-02-00-00", "latency": 39}, {"date": "2022-08-19-02-00-00", "latency": 39}, {"date": "2022-08-19-02-00-00", "latency": 39}, {"date": "2022-08-19-02-00-00", "latency": 39}, {"date": "2022-08-19-02-00-00", "latency": 39}]}, {"location": {"country_code": "us", "region": "Virginia"}, "game_id": "273486", "values": [{"date": "2022-08-18-10-00-00", "latency": 47}, {"date": "2022-08-18-10-00-00", "latency": 47}, {"date": "2022-08-18-10-00-00", "latency": 47}, {"date": "2022-08-18-10-00-00", "latency": 47}, {"date": "2022-08-18-10-00-00", "latency": 47}, {"date": "2022-08-18-10-00-00", "latency": 47}, {"date": "2022-08-18-10-00-00", "latency": 47}, {"date": "2022-08-18-10-00-00", "latency": 47}, {"date": "2022-08-18-10-00-00", "latency": 47}, {"date": "2022-08-18-10-00-00", "latency": 47}, {"date": "2022-08-18-10-00-00", "latency": 47}, {"date": "2022-08-18-10-00-00", "latency": 47}, {"date": "2022-08-18-10-00-00", "latency": 47}, {"date": "2022-08-18-10-00-00", "latency": 47}, {"date": "2022-08-18-10-00-00", "latency": 47}, {"date": "2022-08-18-10-00-00", "latency": 47}, {"date": "2022-08-18-10-00-00", "latency": 47}, {"date": "2022-08-18-10-00-00", "latency": 47}, {"date": "2022-08-18-10-00-00", "latency": 47}, {"date": "2022-08-18-10-00-00", "latency": 47}, {"date": "2022-08-18-10-00-00", "latency": 47}, {"date": "2022-08-18-10-00-00", "latency": 47}, {"date": "2022-08-18-10-00-00", "latency": 47}, {"date": "2022-08-18-10-00-00", "latency": 47}, {"date": "2022-08-18-10-00-00", "latency": 47}, {"date": "2022-08-18-10-00-00", "latency": 47}, {"date": "2022-08-18-10-00-00", "latency": 47}, {"date": "2022-08-18-10-00-00", "latency": 47}]}, {"location": {"country_code": "us", "region": "Texas", "city": "Houston"}, "game_id": "273486", "values": [{"date": "2022-08-18-03-00-00", "latency": 39}, {"date": "2022-08-18-03-00-00", "latency": 39}, {"date": "2022-08-18-03-00-00", "latency": 39}]}, {"location": {"country_code": "us", "region": "Alaska"}, "game_id": "273486", "values": [{"date": "2022-08-18-09-00-00", "latency": 54}, {"date": "2022-08-18-09-00-00", "latency": 54}, {"date": "2022-08-18-09-00-00", "latency": 54}, {"date": "2022-08-18-09-00-00", "latency": 54}, {"date": "2022-08-18-09-00-00", "latency": 54}, {"date": "2022-08-18-09-00-00", "latency": 54}, {"date": "2022-08-18-09-00-00", "latency": 54}, {"date": "2022-08-18-09-00-00", "latency": 54}, {"date": "2022-08-18-09-00-00", "latency": 54}, {"date": "2022-08-18-09-00-00", "latency": 54}, {"date": "2022-08-18-09-00-00", "latency": 54}]}, {"location": {"country_code": "us", "region": "Michigan"}, "game_id": "273486", "values": [{"date": "2022-08-18-21-00-00", "latency": 31}, {"date": "2022-08-18-21-00-00", "latency": 31}, {"date": "2022-08-18-21-00-00", "latency": 31}, {"date": "2022-08-18-21-00-00", "latency": 31}, {"date": "2022-08-18-21-00-00", "latency": 31}, {"date": "2022-08-18-21-00-00", "latency": 31}, {"date": "2022-08-18-21-00-00", "latency": 31}, {"date": "2022-08-18-21-00-00", "latency": 31}, {"date": "2022-08-18-21-00-00", "latency": 31}, {"date": "2022-08-18-21-00-00", "latency": 31}, {"date": "2022-08-18-21-00-00", "latency": 31}, {"date": "2022-08-18-21-00-00", "latency": 31}, {"date": "2022-08-18-21-00-00", "latency": 31}, {"date": "2022-08-18-21-00-00", "latency": 31}, {"date": "2022-08-18-21-00-00", "latency": 31}, {"date": "2022-08-18-21-00-00", "latency": 31}, {"date": "2022-08-18-21-00-00", "latency": 31}, {"date": "2022-08-18-21-00-00", "latency": 31}, {"date": "2022-08-18-21-00-00", "latency": 31}, {"date": "2022-08-18-21-00-00", "latency": 31}, {"date": "2022-08-18-21-00-00", "latency": 31}, {"date": "2022-08-18-21-00-00", "latency": 31}, {"date": "2022-08-18-21-00-00", "latency": 31}, {"date": "2022-08-18-05-00-00", "latency": 62}, {"date": "2022-08-18-05-00-00", "latency": 62}, {"date": "2022-08-18-05-00-00", "latency": 62}, {"date": "2022-08-18-05-00-00", "latency": 62}, {"date": "2022-08-18-05-00-00", "latency": 62}, {"date": "2022-08-18-05-00-00", "latency": 62}, {"date": "2022-08-18-05-00-00", "latency": 62}, {"date": "2022-08-18-05-00-00", "latency": 62}, {"date": "2022-08-18-05-00-00", "latency": 62}, {"date": "2022-08-18-05-00-00", "latency": 62}, {"date": "2022-08-18-05-00-00", "latency": 62}, {"date": "2022-08-18-05-00-00", "latency": 62}, {"date": "2022-08-18-05-00-00", "latency": 62}]}, {"location": {"country_code": "us", "region": "Illinois", "city": "Chicago"}, "game_id": "273486", "values": [{"date": "2022-08-18-11-00-00", "latency": 11}, {"date": "2022-08-18-11-00-00", "latency": 11}, {"date": "2022-08-18-11-00-00", "latency": 11}, {"date": "2022-08-18-11-00-00", "latency": 11}, {"date": "2022-08-18-11-00-00", "latency": 11}, {"date": "2022-08-18-11-00-00", "latency": 11}, {"date": "2022-08-18-11-00-00", "latency": 11}, {"date": "2022-08-18-11-00-00", "latency": 11}, {"date": "2022-08-18-11-00-00", "latency": 11}]}, {"location": {"country_code": "us", "region": "California", "city": "Chula Vista"}, "game_id": "273486", "values": [{"date": "2022-08-18-06-00-00", "latency": 23}, {"date": "2022-08-18-06-00-00", "latency": 23}]}, {"location": {"country_code": "us", "region": "Puerto Rico"}, "game_id": "273486", "values": [{"date": "2022-08-18-10-00-00", "latency": 43}, {"date": "2022-08-18-10-00-00", "latency": 43}, {"date": "2022-08-18-10-00-00", "latency": 43}, {"date": "2022-08-18-10-00-00", "latency": 43}, {"date": "2022-08-18-10-00-00", "latency": 43}, {"date": "2022-08-18-10-00-00", "latency": 43}, {"date": "2022-08-18-10-00-00", "latency": 43}, {"date": "2022-08-18-10-00-00", "latency": 43}, {"date": "2022-08-18-10-00-00", "latency": 43}, {"date": "2022-08-18-10-00-00", "latency": 43}, {"date": "2022-08-18-10-00-00", "latency": 43}, {"date": "2022-08-18-10-00-00", "latency": 43}, {"date": "2022-08-18-10-00-00", "latency": 43}, {"date": "2022-08-18-10-00-00", "latency": 43}, {"date": "2022-08-18-10-00-00", "latency": 43}, {"date": "2022-08-18-10-00-00", "latency": 43}, {"date": "2022-08-18-10-00-00", "latency": 43}, {"date": "2022-08-18-10-00-00", "latency": 43}, {"date": "2022-08-18-10-00-00", "latency": 43}, {"date": "2022-08-18-10-00-00", "latency": 43}, {"date": "2022-08-18-10-00-00", "latency": 43}, {"date": "2022-08-18-10-00-00", "latency": 43}, {"date": "2022-08-18-10-00-00", "latency": 43}, {"date": "2022-08-18-10-00-00", "latency": 43}, {"date": "2022-08-18-10-00-00", "latency": 43}, {"date": "2022-08-18-10-00-00", "latency": 43}, {"date": "2022-08-18-10-00-00", "latency": 43}, {"date": "2022-08-18-10-00-00", "latency": 43}, {"date": "2022-08-18-10-00-00", "latency": 43}, {"date": "2022-08-18-10-00-00", "latency": 43}, {"date": "2022-08-18-10-00-00", "latency": 43}, {"date": "2022-08-18-10-00-00", "latency": 43}, {"date": "2022-08-18-10-00-00", "latency": 43}, {"date": "2022-08-18-10-00-00", "latency": 43}, {"date": "2022-08-18-10-00-00", "latency": 43}, {"date": "2022-08-18-10-00-00", "latency": 43}, {"date": "2022-08-18-10-00-00", "latency": 43}, {"date": "2022-08-18-10-00-00", "latency": 43}, {"date": "2022-08-18-10-00-00", "latency": 43}, {"date": "2022-08-18-10-00-00", "latency": 43}, {"date": "2022-08-18-10-00-00", "latency": 43}, {"date": "2022-08-18-10-00-00", "latency": 43}, {"date": "2022-08-18-10-00-00", "latency": 43}, {"date": "2022-08-18-10-00-00", "latency": 43}, {"date": "2022-08-18-10-00-00", "latency": 43}, {"date": "2022-08-18-10-00-00", "latency": 43}, {"date": "2022-08-18-10-00-00", "latency": 43}]}, {"location": {"country_code": "be"}, "game_id": "273486", "values": [{"date": "2022-08-18-23-00-00", "latency": 43}]}, {"location": {"country_code": "us", "region": "North Carolina"}, "game_id": "273486", "values": [{"date": "2022-08-18-22-00-00", "latency": 86}, {"date": "2022-08-18-22-00-00", "latency": 86}, {"date": "2022-08-18-22-00-00", "latency": 86}, {"date": "2022-08-18-22-00-00", "latency": 86}, {"date": "2022-08-18-22-00-00", "latency": 86}, {"date": "2022-08-18-22-00-00", "latency": 86}, {"date": "2022-08-18-22-00-00", "latency": 86}, {"date": "2022-08-18-22-00-00", "latency": 86}, {"date": "2022-08-18-22-00-00", "latency": 86}, {"date": "2022-08-18-22-00-00", "latency": 86}, {"date": "2022-08-18-22-00-00", "latency": 86}, {"date": "2022-08-18-22-00-00", "latency": 86}, {"date": "2022-08-18-22-00-00", "latency": 86}, {"date": "2022-08-18-22-00-00", "latency": 86}, {"date": "2022-08-18-22-00-00", "latency": 86}, {"date": "2022-08-18-22-00-00", "latency": 86}, {"date": "2022-08-18-22-00-00", "latency": 86}]}, {"location": {"country_code": "pe"}, "game_id": "273486", "values": [{"date": "2022-08-18-07-00-00", "latency": 101}, {"date": "2022-08-18-07-00-00", "latency": 101}, {"date": "2022-08-18-07-00-00", "latency": 101}, {"date": "2022-08-18-07-00-00", "latency": 101}, {"date": "2022-08-18-07-00-00", "latency": 101}, {"date": "2022-08-18-07-00-00", "latency": 101}, {"date": "2022-08-18-07-00-00", "latency": 101}, {"date": "2022-08-18-07-00-00", "latency": 101}, {"date": "2022-08-18-07-00-00", "latency": 101}, {"date": "2022-08-18-07-00-00", "latency": 101}]}, {"location": {"country_code": "us", "region": "District of Columbia", "city": "Washington"}, "game_id": "273486", "values": [{"date": "2022-08-18-06-00-00", "latency": 66}, {"date": "2022-08-18-06-00-00", "latency": 66}, {"date": "2022-08-18-06-00-00", "latency": 66}, {"date": "2022-08-18-06-00-00", "latency": 66}, {"date": "2022-08-18-06-00-00", "latency": 66}, {"date": "2022-08-18-06-00-00", "latency": 66}, {"date": "2022-08-18-06-00-00", "latency": 66}, {"date": "2022-08-18-06-00-00", "latency": 66}, {"date": "2022-08-18-06-00-00", "latency": 66}, {"date": "2022-08-18-06-00-00", "latency": 66}, {"date": "2022-08-18-06-00-00", "latency": 66}, {"date": "2022-08-18-06-00-00", "latency": 66}, {"date": "2022-08-18-06-00-00", "latency": 66}]}, {"location": {"country_code": "us", "region": "Wisconsin"}, "game_id": "273486", "values": [{"date": "2022-08-18-04-00-00", "latency": 78}, {"date": "2022-08-18-04-00-00", "latency": 78}, {"date": "2022-08-18-04-00-00", "latency": 78}, {"date": "2022-08-18-04-00-00", "latency": 78}, {"date": "2022-08-18-04-00-00", "latency": 78}, {"date": "2022-08-18-04-00-00", "latency": 78}]}, {"location": {"country_code": "us", "region": "Wisconsin", "city": "Green Bay"}, "game_id": "273486", "values": [{"date": "2022-08-18-08-00-00", "latency": 23}, {"date": "2022-08-18-08-00-00", "latency": 23}, {"date": "2022-08-18-08-00-00", "latency": 23}, {"date": "2022-08-18-08-00-00", "latency": 23}, {"date": "2022-08-18-08-00-00", "latency": 23}, {"date": "2022-08-18-08-00-00", "latency": 23}, {"date": "2022-08-18-08-00-00", "latency": 23}, {"date": "2022-08-18-08-00-00", "latency": 23}, {"date": "2022-08-18-08-00-00", "latency": 23}, {"date": "2022-08-18-08-00-00", "latency": 23}, {"date": "2022-08-18-08-00-00", "latency": 23}, {"date": "2022-08-18-08-00-00", "latency": 23}]}, {"location": {"country_code": "us", "region": "Pennsylvania"}, "game_id": "273486", "values": [{"date": "2022-08-18-06-00-00", "latency": 54}, {"date": "2022-08-18-06-00-00", "latency": 54}, {"date": "2022-08-18-06-00-00", "latency": 54}, {"date": "2022-08-18-06-00-00", "latency": 54}, {"date": "2022-08-18-06-00-00", "latency": 54}, {"date": "2022-08-18-06-00-00", "latency": 54}]}, {"location": {"country_code": "au", "region": "New South Wales", "city": "Newcastle"}, "game_id": "273486", "values": [{"date": "2022-08-18-15-00-00", "latency": 19}, {"date": "2022-08-18-15-00-00", "latency": 19}, {"date": "2022-08-18-15-00-00", "latency": 19}, {"date": "2022-08-18-15-00-00", "latency": 19}, {"date": "2022-08-18-15-00-00", "latency": 19}, {"date": "2022-08-18-15-00-00", "latency": 19}, {"date": "2022-08-18-15-00-00", "latency": 19}, {"date": "2022-08-18-15-00-00", "latency": 19}, {"date": "2022-08-18-15-00-00", "latency": 19}, {"date": "2022-08-18-15-00-00", "latency": 19}, {"date": "2022-08-18-15-00-00", "latency": 19}, {"date": "2022-08-18-15-00-00", "latency": 19}, {"date": "2022-08-18-15-00-00", "latency": 19}, {"date": "2022-08-18-15-00-00", "latency": 19}, {"date": "2022-08-18-15-00-00", "latency": 19}, {"date": "2022-08-18-15-00-00", "latency": 19}, {"date": "2022-08-18-15-00-00", "latency": 19}, {"date": "2022-08-18-15-00-00", "latency": 19}, {"date": "2022-08-18-15-00-00", "latency": 19}, {"date": "2022-08-18-15-00-00", "latency": 19}, {"date": "2022-08-18-15-00-00", "latency": 19}]}, {"location": {"country_code": "pt"}, "game_id": "273486", "values": [{"date": "2022-08-18-03-00-00", "latency": 50}, {"date": "2022-08-18-03-00-00", "latency": 50}, {"date": "2022-08-18-03-00-00", "latency": 50}, {"date": "2022-08-18-03-00-00", "latency": 50}, {"date": "2022-08-18-03-00-00", "latency": 50}]}, {"location": {"country_code": "us", "region": "Kentucky"}, "game_id": "273486", "values": [{"date": "2022-08-18-07-00-00", "latency": 50}, {"date": "2022-08-18-07-00-00", "latency": 50}, {"date": "2022-08-18-07-00-00", "latency": 50}, {"date": "2022-08-18-07-00-00", "latency": 50}, {"date": "2022-08-18-07-00-00", "latency": 50}]}, {"location": {"country_code": "us", "region": "Minnesota"}, "game_id": "273486", "values": [{"date": "2022-08-18-22-00-00", "latency": 62}, {"date": "2022-08-18-22-00-00", "latency": 62}, {"date": "2022-08-18-22-00-00", "latency": 62}, {"date": "2022-08-18-22-00-00", "latency": 62}]}, {"location": {"country_code": "us", "region": "Texas", "city": "Arlington"}, "game_id": "273486", "values": [{"date": "2022-08-18-23-00-00", "latency": 39}, {"date": "2022-08-18-23-00-00", "latency": 39}, {"date": "2022-08-18-23-00-00", "latency": 39}, {"date": "2022-08-18-23-00-00", "latency": 39}, {"date": "2022-08-18-23-00-00", "latency": 39}, {"date": "2022-08-18-23-00-00", "latency": 39}, {"date": "2022-08-18-23-00-00", "latency": 39}, {"date": "2022-08-18-23-00-00", "latency": 39}, {"date": "2022-08-18-23-00-00", "latency": 39}, {"date": "2022-08-18-23-00-00", "latency": 39}, {"date": "2022-08-18-23-00-00", "latency": 39}, {"date": "2022-08-18-23-00-00", "latency": 39}, {"date": "2022-08-18-23-00-00", "latency": 39}, {"date": "2022-08-18-23-00-00", "latency": 39}, {"date": "2022-08-18-23-00-00", "latency": 39}, {"date": "2022-08-18-23-00-00", "latency": 39}]}, {"location": {"country_code": "us", "region": "Massachusetts", "city": "Boston"}, "game_id": "273486", "values": [{"date": "2022-08-19-02-00-00", "latency": 50}, {"date": "2022-08-19-02-00-00", "latency": 50}, {"date": "2022-08-19-02-00-00", "latency": 50}, {"date": "2022-08-19-02-00-00", "latency": 50}, {"date": "2022-08-19-02-00-00", "latency": 50}, {"date": "2022-08-19-02-00-00", "latency": 50}, {"date": "2022-08-19-02-00-00", "latency": 50}, {"date": "2022-08-19-02-00-00", "latency": 50}, {"date": "2022-08-19-02-00-00", "latency": 50}, {"date": "2022-08-19-02-00-00", "latency": 50}, {"date": "2022-08-19-02-00-00", "latency": 50}, {"date": "2022-08-19-02-00-00", "latency": 50}, {"date": "2022-08-19-02-00-00", "latency": 50}, {"date": "2022-08-19-02-00-00", "latency": 50}, {"date": "2022-08-19-02-00-00", "latency": 50}, {"date": "2022-08-19-02-00-00", "latency": 50}, {"date": "2022-08-19-02-00-00", "latency": 50}, {"date": "2022-08-19-02-00-00", "latency": 50}, {"date": "2022-08-19-02-00-00", "latency": 50}]}, {"location": {"country_code": "kw"}, "game_id": "273486", "values": [{"date": "2022-08-18-03-00-00", "latency": 101}, {"date": "2022-08-18-03-00-00", "latency": 101}, {"date": "2022-08-18-03-00-00", "latency": 101}]}, {"location": {"country_code": "us", "region": "Florida", "city": "Orlando"}, "game_id": "273486", "values": [{"date": "2022-08-19-02-00-00", "latency": 58}, {"date": "2022-08-19-02-00-00", "latency": 58}, {"date": "2022-08-19-02-00-00", "latency": 58}, {"date": "2022-08-19-02-00-00", "latency": 58}, {"date": "2022-08-19-02-00-00", "latency": 58}, {"date": "2022-08-19-02-00-00", "latency": 58}, {"date": "2022-08-19-02-00-00", "latency": 58}, {"date": "2022-08-19-02-00-00", "latency": 58}, {"date": "2022-08-19-02-00-00", "latency": 58}, {"date": "2022-08-19-02-00-00", "latency": 58}, {"date": "2022-08-19-02-00-00", "latency": 58}]}, {"location": {"country_code": "us", "region": "Texas", "city": "Irving"}, "game_id": "273486", "values": [{"date": "2022-08-19-00-00-00", "latency": 98}, {"date": "2022-08-19-00-00-00", "latency": 98}, {"date": "2022-08-19-00-00-00", "latency": 98}, {"date": "2022-08-19-00-00-00", "latency": 98}, {"date": "2022-08-19-00-00-00", "latency": 98}, {"date": "2022-08-19-00-00-00", "latency": 98}, {"date": "2022-08-19-00-00-00", "latency": 98}, {"date": "2022-08-19-00-00-00", "latency": 98}, {"date": "2022-08-19-00-00-00", "latency": 98}, {"date": "2022-08-19-00-00-00", "latency": 98}, {"date": "2022-08-19-00-00-00", "latency": 98}, {"date": "2022-08-19-00-00-00", "latency": 98}, {"date": "2022-08-19-02-00-00", "latency": 23}, {"date": "2022-08-19-02-00-00", "latency": 23}, {"date": "2022-08-19-02-00-00", "latency": 23}, {"date": "2022-08-19-02-00-00", "latency": 23}, {"date": "2022-08-19-02-00-00", "latency": 23}, {"date": "2022-08-19-02-00-00", "latency": 23}, {"date": "2022-08-18-20-00-00", "latency": 39}, {"date": "2022-08-18-20-00-00", "latency": 39}, {"date": "2022-08-18-20-00-00", "latency": 39}, {"date": "2022-08-18-20-00-00", "latency": 39}, {"date": "2022-08-18-20-00-00", "latency": 39}, {"date": "2022-08-18-20-00-00", "latency": 39}, {"date": "2022-08-18-20-00-00", "latency": 39}, {"date": "2022-08-18-20-00-00", "latency": 39}, {"date": "2022-08-18-20-00-00", "latency": 39}, {"date": "2022-08-18-20-00-00", "latency": 39}, {"date": "2022-08-18-20-00-00", "latency": 39}, {"date": "2022-08-18-20-00-00", "latency": 39}]}, {"location": {"country_code": "us", "region": "Georgia", "city": "Atlanta"}, "game_id": "273486", "values": [{"date": "2022-08-19-02-00-00", "latency": 31}, {"date": "2022-08-19-02-00-00", "latency": 31}, {"date": "2022-08-19-02-00-00", "latency": 31}, {"date": "2022-08-19-02-00-00", "latency": 31}, {"date": "2022-08-19-02-00-00", "latency": 31}, {"date": "2022-08-19-02-00-00", "latency": 31}, {"date": "2022-08-19-02-00-00", "latency": 31}, {"date": "2022-08-19-02-00-00", "latency": 31}, {"date": "2022-08-19-02-00-00", "latency": 31}, {"date": "2022-08-19-02-00-00", "latency": 31}, {"date": "2022-08-19-02-00-00", "latency": 31}, {"date": "2022-08-19-02-00-00", "latency": 31}, {"date": "2022-08-19-02-00-00", "latency": 31}, {"date": "2022-08-19-02-00-00", "latency": 31}, {"date": "2022-08-19-02-00-00", "latency": 31}, {"date": "2022-08-19-02-00-00", "latency": 31}, {"date": "2022-08-19-02-00-00", "latency": 31}, {"date": "2022-08-19-02-00-00", "latency": 31}, {"date": "2022-08-19-02-00-00", "latency": 31}, {"date": "2022-08-19-02-00-00", "latency": 31}, {"date": "2022-08-19-02-00-00", "latency": 31}, {"date": "2022-08-19-02-00-00", "latency": 31}, {"date": "2022-08-19-02-00-00", "latency": 31}, {"date": "2022-08-19-02-00-00", "latency": 31}, {"date": "2022-08-19-02-00-00", "latency": 31}, {"date": "2022-08-19-02-00-00", "latency": 31}, {"date": "2022-08-19-02-00-00", "latency": 31}, {"date": "2022-08-19-02-00-00", "latency": 31}, {"date": "2022-08-19-02-00-00", "latency": 31}, {"date": "2022-08-19-02-00-00", "latency": 31}, {"date": "2022-08-19-02-00-00", "latency": 31}]}, {"location": {"country_code": "ca", "region": "Ontario", "city": "Ottawa"}, "game_id": "273486", "values": [{"date": "2022-08-19-02-00-00", "latency": 58}, {"date": "2022-08-19-02-00-00", "latency": 58}]}, {"location": {"country_code": "us", "region": "Washington", "city": "Tacoma"}, "game_id": "273486", "values": [{"date": "2022-08-18-09-00-00", "latency": 23}, {"date": "2022-08-18-09-00-00", "latency": 23}, {"date": "2022-08-18-09-00-00", "latency": 23}, {"date": "2022-08-18-09-00-00", "latency": 23}, {"date": "2022-08-18-09-00-00", "latency": 23}, {"date": "2022-08-18-09-00-00", "latency": 23}, {"date": "2022-08-18-09-00-00", "latency": 23}, {"date": "2022-08-18-09-00-00", "latency": 23}, {"date": "2022-08-18-09-00-00", "latency": 23}, {"date": "2022-08-18-09-00-00", "latency": 23}, {"date": "2022-08-18-09-00-00", "latency": 23}]}, {"location": {"country_code": "us", "region": "Washington", "city": "Seattle"}, "game_id": "273486", "values": [{"date": "2022-08-18-06-00-00", "latency": 35}, {"date": "2022-08-18-06-00-00", "latency": 35}, {"date": "2022-08-18-06-00-00", "latency": 35}, {"date": "2022-08-18-06-00-00", "latency": 35}, {"date": "2022-08-18-06-00-00", "latency": 35}, {"date": "2022-08-18-06-00-00", "latency": 35}, {"date": "2022-08-18-06-00-00", "latency": 35}, {"date": "2022-08-18-06-00-00", "latency": 35}, {"date": "2022-08-18-06-00-00", "latency": 35}, {"date": "2022-08-18-06-00-00", "latency": 35}, {"date": "2022-08-18-06-00-00", "latency": 35}, {"date": "2022-08-18-06-00-00", "latency": 35}, {"date": "2022-08-18-05-00-00", "latency": 70}, {"date": "2022-08-18-05-00-00", "latency": 70}]}, {"location": {"country_code": "us", "region": "Oregon"}, "game_id": "273486", "values": [{"date": "2022-08-19-01-00-00", "latency": 105}, {"date": "2022-08-19-01-00-00", "latency": 105}, {"date": "2022-08-19-01-00-00", "latency": 105}, {"date": "2022-08-19-01-00-00", "latency": 105}, {"date": "2022-08-19-01-00-00", "latency": 105}, {"date": "2022-08-19-01-00-00", "latency": 105}]}, {"location": {"country_code": "es", "region": "Murcia", "city": "Lorca"}, "game_id": "273486", "values": [{"date": "2022-08-18-21-00-00", "latency": 54}, {"date": "2022-08-18-21-00-00", "latency": 54}, {"date": "2022-08-18-21-00-00", "latency": 54}, {"date": "2022-08-18-21-00-00", "latency": 54}, {"date": "2022-08-18-21-00-00", "latency": 54}, {"date": "2022-08-18-21-00-00", "latency": 54}, {"date": "2022-08-18-21-00-00", "latency": 54}, {"date": "2022-08-18-21-00-00", "latency": 54}, {"date": "2022-08-18-21-00-00", "latency": 54}, {"date": "2022-08-18-21-00-00", "latency": 54}, {"date": "2022-08-18-21-00-00", "latency": 54}, {"date": "2022-08-18-21-00-00", "latency": 54}, {"date": "2022-08-18-21-00-00", "latency": 54}]}, {"location": {"country_code": "dj"}, "game_id": "273486", "values": [{"date": "2022-08-18-10-00-00", "latency": 105}]}, {"location": {"country_code": "us", "region": "California", "city": "Oakland"}, "game_id": "273486", "values": [{"date": "2022-08-19-01-00-00", "latency": 35}]}, {"location": {"country_code": "ee"}, "game_id": "273486", "values": [{"date": "2022-08-18-08-00-00", "latency": 146}, {"date": "2022-08-18-08-00-00", "latency": 146}, {"date": "2022-08-18-08-00-00", "latency": 146}, {"date": "2022-08-18-08-00-00", "latency": 146}, {"date": "2022-08-18-08-00-00", "latency": 146}, {"date": "2022-08-18-08-00-00", "latency": 146}, {"date": "2022-08-18-08-00-00", "latency": 146}, {"date": "2022-08-18-08-00-00", "latency": 146}, {"date": "2022-08-18-08-00-00", "latency": 146}, {"date": "2022-08-18-08-00-00", "latency": 146}, {"date": "2022-08-18-08-00-00", "latency": 146}, {"date": "2022-08-18-08-00-00", "latency": 146}, {"date": "2022-08-18-08-00-00", "latency": 146}, {"date": "2022-08-18-08-00-00", "latency": 146}, {"date": "2022-08-18-08-00-00", "latency": 146}, {"date": "2022-08-18-08-00-00", "latency": 146}, {"date": "2022-08-18-08-00-00", "latency": 146}, {"date": "2022-08-18-08-00-00", "latency": 146}, {"date": "2022-08-18-08-00-00", "latency": 146}, {"date": "2022-08-18-08-00-00", "latency": 146}, {"date": "2022-08-18-08-00-00", "latency": 146}, {"date": "2022-08-18-08-00-00", "latency": 146}, {"date": "2022-08-18-08-00-00", "latency": 146}, {"date": "2022-08-18-08-00-00", "latency": 146}, {"date": "2022-08-18-08-00-00", "latency": 146}]}, {"location": {"country_code": "ee", "region": "Laane-Virumaa", "city": "Tapa"}, "game_id": "273486", "values": [{"date": "2022-08-18-13-00-00", "latency": 54}, {"date": "2022-08-18-13-00-00", "latency": 54}]}, {"location": {"country_code": "sa", "region": "Riyadh Region", "city": "Wadi Ad Dawasir"}, "game_id": "273486", "values": [{"date": "2022-08-18-16-00-00", "latency": 78}, {"date": "2022-08-18-16-00-00", "latency": 78}, {"date": "2022-08-18-16-00-00", "latency": 78}, {"date": "2022-08-18-16-00-00", "latency": 78}, {"date": "2022-08-18-16-00-00", "latency": 78}, {"date": "2022-08-18-16-00-00", "latency": 78}, {"date": "2022-08-18-16-00-00", "latency": 78}, {"date": "2022-08-18-16-00-00", "latency": 78}, {"date": "2022-08-18-16-00-00", "latency": 78}, {"date": "2022-08-18-16-00-00", "latency": 78}, {"date": "2022-08-18-23-00-00", "latency": 86}, {"date": "2022-08-18-23-00-00", "latency": 86}, {"date": "2022-08-18-23-00-00", "latency": 86}, {"date": "2022-08-18-23-00-00", "latency": 86}, {"date": "2022-08-18-23-00-00", "latency": 86}, {"date": "2022-08-18-23-00-00", "latency": 86}, {"date": "2022-08-18-23-00-00", "latency": 86}, {"date": "2022-08-18-23-00-00", "latency": 86}, {"date": "2022-08-18-23-00-00", "latency": 86}, {"date": "2022-08-18-23-00-00", "latency": 86}, {"date": "2022-08-18-23-00-00", "latency": 86}, {"date": "2022-08-18-23-00-00", "latency": 86}, {"date": "2022-08-18-23-00-00", "latency": 86}, {"date": "2022-08-18-23-00-00", "latency": 86}, {"date": "2022-08-18-23-00-00", "latency": 86}, {"date": "2022-08-18-23-00-00", "latency": 86}, {"date": "2022-08-18-23-00-00", "latency": 86}, {"date": "2022-08-18-23-00-00", "latency": 86}, {"date": "2022-08-18-23-00-00", "latency": 86}, {"date": "2022-08-18-23-00-00", "latency": 86}, {"date": "2022-08-18-10-00-00", "latency": 105}, {"date": "2022-08-18-10-00-00", "latency": 105}, {"date": "2022-08-18-10-00-00", "latency": 105}, {"date": "2022-08-18-10-00-00", "latency": 105}, {"date": "2022-08-18-10-00-00", "latency": 105}, {"date": "2022-08-18-10-00-00", "latency": 105}, {"date": "2022-08-18-10-00-00", "latency": 105}, {"date": "2022-08-18-10-00-00", "latency": 105}, {"date": "2022-08-18-10-00-00", "latency": 105}, {"date": "2022-08-18-10-00-00", "latency": 105}]}, {"location": {"country_code": "us", "region": "Texas", "city": "Fort Worth"}, "game_id": "273486", "values": [{"date": "2022-08-18-03-00-00", "latency": 58}, {"date": "2022-08-18-03-00-00", "latency": 58}, {"date": "2022-08-18-03-00-00", "latency": 58}, {"date": "2022-08-18-03-00-00", "latency": 58}, {"date": "2022-08-18-03-00-00", "latency": 58}]}, {"location": {"country_code": "us", "region": "New York"}, "game_id": "273486", "values": [{"date": "2022-08-18-07-00-00", "latency": 19}, {"date": "2022-08-18-07-00-00", "latency": 19}, {"date": "2022-08-18-07-00-00", "latency": 19}, {"date": "2022-08-18-07-00-00", "latency": 19}]}, {"location": {"country_code": "us", "region": "North Dakota"}, "game_id": "273486", "values": [{"date": "2022-08-18-04-00-00", "latency": 54}, {"date": "2022-08-18-04-00-00", "latency": 54}, {"date": "2022-08-18-04-00-00", "latency": 54}, {"date": "2022-08-18-04-00-00", "latency": 54}, {"date": "2022-08-18-05-00-00", "latency": 43}, {"date": "2022-08-18-05-00-00", "latency": 43}, {"date": "2022-08-18-05-00-00", "latency": 43}, {"date": "2022-08-18-05-00-00", "latency": 43}, {"date": "2022-08-18-05-00-00", "latency": 43}, {"date": "2022-08-18-05-00-00", "latency": 43}]}, {"location": {"country_code": "bb"}, "game_id": "273486", "values": [{"date": "2022-08-19-02-00-00", "latency": 54}, {"date": "2022-08-19-02-00-00", "latency": 54}, {"date": "2022-08-19-02-00-00", "latency": 54}, {"date": "2022-08-19-02-00-00", "latency": 54}]}, {"location": {"country_code": "us", "region": "Colorado", "city": "Colorado Springs"}, "game_id": "273486", "values": [{"date": "2022-08-18-15-00-00", "latency": 109}, {"date": "2022-08-18-15-00-00", "latency": 109}, {"date": "2022-08-18-15-00-00", "latency": 109}, {"date": "2022-08-18-15-00-00", "latency": 109}, {"date": "2022-08-18-09-00-00", "latency": 43}, {"date": "2022-08-18-09-00-00", "latency": 43}, {"date": "2022-08-18-09-00-00", "latency": 43}, {"date": "2022-08-18-09-00-00", "latency": 43}, {"date": "2022-08-18-09-00-00", "latency": 43}, {"date": "2022-08-18-09-00-00", "latency": 43}, {"date": "2022-08-18-09-00-00", "latency": 43}, {"date": "2022-08-18-09-00-00", "latency": 43}, {"date": "2022-08-18-09-00-00", "latency": 43}, {"date": "2022-08-18-09-00-00", "latency": 43}, {"date": "2022-08-18-09-00-00", "latency": 43}, {"date": "2022-08-18-09-00-00", "latency": 43}, {"date": "2022-08-18-09-00-00", "latency": 43}, {"date": "2022-08-18-09-00-00", "latency": 43}]}, {"location": {"country_code": "gb", "region": "Scotland", "city": "Edinburgh"}, "game_id": "273486", "values": [{"date": "2022-08-18-02-00-00", "latency": 117}, {"date": "2022-08-18-02-00-00", "latency": 117}]}, {"location": {"country_code": "us", "region": "State of Wyoming", "city": "Cheyenne"}, "game_id": "273486", "values": [{"date": "2022-08-18-10-00-00", "latency": 39}, {"date": "2022-08-18-10-00-00", "latency": 39}, {"date": "2022-08-18-10-00-00", "latency": 39}, {"date": "2022-08-18-10-00-00", "latency": 39}, {"date": "2022-08-18-10-00-00", "latency": 39}, {"date": "2022-08-18-10-00-00", "latency": 39}, {"date": "2022-08-18-10-00-00", "latency": 39}, {"date": "2022-08-18-10-00-00", "latency": 39}, {"date": "2022-08-18-10-00-00", "latency": 39}, {"date": "2022-08-18-10-00-00", "latency": 39}]}, {"location": {"country_code": "bh"}, "game_id": "273486", "values": [{"date": "2022-08-19-02-00-00", "latency": 23}, {"date": "2022-08-19-02-00-00", "latency": 23}, {"date": "2022-08-19-02-00-00", "latency": 23}, {"date": "2022-08-19-02-00-00", "latency": 23}, {"date": "2022-08-19-02-00-00", "latency": 23}, {"date": "2022-08-19-02-00-00", "latency": 23}, {"date": "2022-08-19-02-00-00", "latency": 23}, {"date": "2022-08-19-02-00-00", "latency": 23}, {"date": "2022-08-19-02-00-00", "latency": 125}, {"date": "2022-08-19-02-00-00", "latency": 125}, {"date": "2022-08-19-02-00-00", "latency": 125}, {"date": "2022-08-19-02-00-00", "latency": 125}, {"date": "2022-08-19-02-00-00", "latency": 125}, {"date": "2022-08-19-02-00-00", "latency": 125}, {"date": "2022-08-19-02-00-00", "latency": 125}, {"date": "2022-08-19-02-00-00", "latency": 125}, {"date": "2022-08-19-02-00-00", "latency": 125}, {"date": "2022-08-19-02-00-00", "latency": 125}, {"date": "2022-08-19-02-00-00", "latency": 125}, {"date": "2022-08-19-02-00-00", "latency": 125}, {"date": "2022-08-19-02-00-00", "latency": 125}, {"date": "2022-08-19-02-00-00", "latency": 125}, {"date": "2022-08-19-02-00-00", "latency": 125}, {"date": "2022-08-19-02-00-00", "latency": 125}, {"date": "2022-08-19-02-00-00", "latency": 125}, {"date": "2022-08-19-02-00-00", "latency": 125}, {"date": "2022-08-19-02-00-00", "latency": 125}, {"date": "2022-08-19-02-00-00", "latency": 125}, {"date": "2022-08-19-02-00-00", "latency": 125}, {"date": "2022-08-19-02-00-00", "latency": 125}, {"date": "2022-08-19-02-00-00", "latency": 125}, {"date": "2022-08-19-02-00-00", "latency": 125}, {"date": "2022-08-19-02-00-00", "latency": 125}, {"date": "2022-08-19-02-00-00", "latency": 125}, {"date": "2022-08-19-02-00-00", "latency": 125}, {"date": "2022-08-19-02-00-00", "latency": 125}, {"date": "2022-08-19-02-00-00", "latency": 125}, {"date": "2022-08-19-02-00-00", "latency": 125}, {"date": "2022-08-19-02-00-00", "latency": 125}, {"date": "2022-08-19-02-00-00", "latency": 125}, {"date": "2022-08-19-02-00-00", "latency": 125}, {"date": "2022-08-19-02-00-00", "latency": 125}, {"date": "2022-08-19-02-00-00", "latency": 125}, {"date": "2022-08-19-02-00-00", "latency": 125}, {"date": "2022-08-19-02-00-00", "latency": 125}, {"date": "2022-08-19-02-00-00", "latency": 125}, {"date": "2022-08-19-02-00-00", "latency": 125}, {"date": "2022-08-19-02-00-00", "latency": 125}, {"date": "2022-08-19-02-00-00", "latency": 125}, {"date": "2022-08-19-02-00-00", "latency": 125}, {"date": "2022-08-19-02-00-00", "latency": 125}, {"date": "2022-08-19-02-00-00", "latency": 125}]}, {"location": {"country_code": "us", "region": "Delaware"}, "game_id": "273486", "values": [{"date": "2022-08-18-04-00-00", "latency": 43}]}, {"location": {"country_code": "us", "region": "Vermont", "city": "Brattleboro"}, "game_id": "273486", "values": [{"date": "2022-08-19-01-00-00", "latency": 47}, {"date": "2022-08-19-01-00-00", "latency": 47}]}, {"location": {"country_code": "us", "region": "California", "city": "Davis"}, "game_id": "273486", "values": [{"date": "2022-08-18-09-00-00", "latency": 74}]}, {"location": {"country_code": "us", "region": "Indiana", "city": "Elkhart"}, "game_id": "273486", "values": [{"date": "2022-08-18-04-00-00", "latency": 62}, {"date": "2022-08-18-04-00-00", "latency": 62}, {"date": "2022-08-18-04-00-00", "latency": 62}, {"date": "2022-08-18-04-00-00", "latency": 62}, {"date": "2022-08-18-04-00-00", "latency": 62}, {"date": "2022-08-18-04-00-00", "latency": 62}, {"date": "2022-08-18-04-00-00", "latency": 62}, {"date": "2022-08-18-04-00-00", "latency": 62}, {"date": "2022-08-18-04-00-00", "latency": 62}]}, {"location": {"country_code": "sa", "region": "Eastern Province", "city": "Al Khubar"}, "game_id": "273486", "values": [{"date": "2022-08-18-18-00-00", "latency": 86}]}, {"location": {"country_code": "to"}, "game_id": "273486", "values": [{"date": "2022-08-18-21-00-00", "latency": 70}, {"date": "2022-08-18-21-00-00", "latency": 70}, {"date": "2022-08-18-21-00-00", "latency": 70}, {"date": "2022-08-18-21-00-00", "latency": 70}, {"date": "2022-08-18-21-00-00", "latency": 70}, {"date": "2022-08-18-21-00-00", "latency": 70}, {"date": "2022-08-18-21-00-00", "latency": 70}, {"date": "2022-08-18-21-00-00", "latency": 70}]}, {"location": {"country_code": "us", "region": "New York", "city": "Auburn"}, "game_id": "273486", "values": [{"date": "2022-08-18-04-00-00", "latency": 47}, {"date": "2022-08-18-04-00-00", "latency": 47}, {"date": "2022-08-18-04-00-00", "latency": 47}, {"date": "2022-08-18-04-00-00", "latency": 47}]}, {"location": {"country_code": "us", "region": "Kentucky", "city": "Elizabethtown"}, "game_id": "273486", "values": [{"date": "2022-08-18-07-00-00", "latency": 39}, {"date": "2022-08-18-07-00-00", "latency": 39}, {"date": "2022-08-18-07-00-00", "latency": 39}, {"date": "2022-08-18-07-00-00", "latency": 39}, {"date": "2022-08-18-07-00-00", "latency": 39}, {"date": "2022-08-18-07-00-00", "latency": 39}, {"date": "2022-08-18-07-00-00", "latency": 39}]}, {"location": {"country_code": "bm"}, "game_id": "273486", "values": [{"date": "2022-08-18-05-00-00", "latency": 74}, {"date": "2022-08-18-05-00-00", "latency": 74}, {"date": "2022-08-18-05-00-00", "latency": 74}, {"date": "2022-08-18-05-00-00", "latency": 74}]}, {"location": {"country_code": "us", "region": "Ohio", "city": "Canton"}, "game_id": "273486", "values": [{"date": "2022-08-18-07-00-00", "latency": 47}, {"date": "2022-08-18-07-00-00", "latency": 47}, {"date": "2022-08-18-07-00-00", "latency": 47}, {"date": "2022-08-18-07-00-00", "latency": 47}, {"date": "2022-08-18-07-00-00", "latency": 47}, {"date": "2022-08-18-07-00-00", "latency": 47}, {"date": "2022-08-18-07-00-00", "latency": 47}, {"date": "2022-08-18-07-00-00", "latency": 47}, {"date": "2022-08-18-07-00-00", "latency": 47}, {"date": "2022-08-18-07-00-00", "latency": 47}]}, {"location": {"country_code": "ca", "region": "British Columbia", "city": "Whistler"}, "game_id": "273486", "values": [{"date": "2022-08-18-08-00-00", "latency": 23}, {"date": "2022-08-18-08-00-00", "latency": 23}, {"date": "2022-08-18-08-00-00", "latency": 23}, {"date": "2022-08-18-08-00-00", "latency": 23}, {"date": "2022-08-18-08-00-00", "latency": 23}, {"date": "2022-08-18-08-00-00", "latency": 23}, {"date": "2022-08-18-08-00-00", "latency": 23}]}, {"location": {"country_code": "de", "region": "Bavaria", "city": "Sonthofen"}, "game_id": "273486", "values": [{"date": "2022-08-18-07-00-00", "latency": 35}, {"date": "2022-08-18-07-00-00", "latency": 35}, {"date": "2022-08-18-07-00-00", "latency": 35}, {"date": "2022-08-18-07-00-00", "latency": 35}, {"date": "2022-08-18-07-00-00", "latency": 35}, {"date": "2022-08-18-07-00-00", "latency": 35}, {"date": "2022-08-18-07-00-00", "latency": 35}, {"date": "2022-08-18-07-00-00", "latency": 35}, {"date": "2022-08-18-07-00-00", "latency": 35}, {"date": "2022-08-18-07-00-00", "latency": 35}, {"date": "2022-08-18-07-00-00", "latency": 35}, {"date": "2022-08-18-07-00-00", "latency": 35}]}, {"location": {"country_code": "us", "region": "Texas", "city": "Atascocita"}, "game_id": "273486", "values": [{"date": "2022-08-18-09-00-00", "latency": 35}, {"date": "2022-08-18-09-00-00", "latency": 35}, {"date": "2022-08-18-09-00-00", "latency": 35}, {"date": "2022-08-18-09-00-00", "latency": 35}, {"date": "2022-08-18-09-00-00", "latency": 35}, {"date": "2022-08-18-09-00-00", "latency": 35}, {"date": "2022-08-18-09-00-00", "latency": 35}]}], "last_updated": 1719926581.014295}