{"data": [{"location": {"country_code": "us", "region": "Oklahoma"}, "game_id": "452439", "values": [{"date": "2023-09-09-06-00-00", "latency": 73}]}, {"location": {"country_code": "gb", "region": "England"}, "game_id": "452439", "values": [{"date": "2023-09-09-02-00-00", "latency": 98}, {"date": "2023-09-09-02-00-00", "latency": 98}, {"date": "2023-09-09-18-00-00", "latency": 46}, {"date": "2023-09-09-18-00-00", "latency": 46}, {"date": "2023-09-09-18-00-00", "latency": 46}, {"date": "2023-09-09-18-00-00", "latency": 46}, {"date": "2023-09-09-18-00-00", "latency": 46}, {"date": "2023-09-09-18-00-00", "latency": 46}, {"date": "2023-09-09-18-00-00", "latency": 46}, {"date": "2023-09-09-18-00-00", "latency": 46}, {"date": "2023-09-09-18-00-00", "latency": 46}, {"date": "2023-09-09-14-00-00", "latency": 43}]}, {"location": {"country_code": "ca"}, "game_id": "452439", "values": [{"date": "2023-09-09-08-00-00", "latency": 99}, {"date": "2023-09-09-08-00-00", "latency": 99}, {"date": "2023-09-09-08-00-00", "latency": 99}, {"date": "2023-09-09-08-00-00", "latency": 99}, {"date": "2023-09-09-08-00-00", "latency": 99}, {"date": "2023-09-09-08-00-00", "latency": 99}, {"date": "2023-09-10-00-00-00", "latency": 82}]}, {"location": {"country_code": "de"}, "game_id": "452439", "values": [{"date": "2023-09-10-00-00-00", "latency": 27}, {"date": "2023-09-10-02-00-00", "latency": 78}, {"date": "2023-09-10-02-00-00", "latency": 78}, {"date": "2023-09-09-16-00-00", "latency": 43}, {"date": "2023-09-09-16-00-00", "latency": 43}, {"date": "2023-09-09-18-00-00", "latency": 25}, {"date": "2023-09-09-18-00-00", "latency": 25}]}, {"location": {"country_code": "de", "region": "North Rhine-Westphalia"}, "game_id": "452439", "values": [{"date": "2023-09-10-00-00-00", "latency": 62}, {"date": "2023-09-10-00-00-00", "latency": 62}, {"date": "2023-09-10-00-00-00", "latency": 62}, {"date": "2023-09-10-00-00-00", "latency": 62}]}, {"location": {"country_code": "us", "region": "Indiana"}, "game_id": "452439", "values": [{"date": "2023-09-09-03-00-00", "latency": 88}]}, {"location": {"country_code": "br", "region": "Sao Paulo", "city": "Apiai"}, "game_id": "452439", "values": [{"date": "2023-09-09-03-00-00", "latency": 95}, {"date": "2023-09-09-04-00-00", "latency": 31}]}, {"location": {"country_code": "de", "region": "Saxony"}, "game_id": "452439", "values": [{"date": "2023-09-10-01-00-00", "latency": 88}, {"date": "2023-09-10-01-00-00", "latency": 88}, {"date": "2023-09-10-01-00-00", "latency": 88}, {"date": "2023-09-10-01-00-00", "latency": 88}, {"date": "2023-09-10-01-00-00", "latency": 88}, {"date": "2023-09-10-01-00-00", "latency": 88}, {"date": "2023-09-10-01-00-00", "latency": 88}, {"date": "2023-09-10-01-00-00", "latency": 88}]}, {"location": {"country_code": "ar"}, "game_id": "452439", "values": [{"date": "2023-09-09-08-00-00", "latency": 96}, {"date": "2023-09-09-02-00-00", "latency": 87}]}, {"location": {"country_code": "us", "region": "Virginia"}, "game_id": "452439", "values": [{"date": "2023-09-09-23-00-00", "latency": 57}]}, {"location": {"country_code": "jp", "region": "Tokyo"}, "game_id": "452439", "values": [{"date": "2023-09-09-16-00-00", "latency": 169}, {"date": "2023-09-09-16-00-00", "latency": 169}, {"date": "2023-09-09-16-00-00", "latency": 169}]}, {"location": {"country_code": "us", "region": "Alaska"}, "game_id": "452439", "values": [{"date": "2023-09-09-19-00-00", "latency": 248}]}, {"location": {"country_code": "at"}, "game_id": "452439", "values": [{"date": "2023-09-09-18-00-00", "latency": 42}, {"date": "2023-09-09-21-00-00", "latency": 176}]}, {"location": {"country_code": "au", "region": "Queensland"}, "game_id": "452439", "values": [{"date": "2023-09-09-12-00-00", "latency": 184}]}, {"location": {"country_code": "us", "region": "Wisconsin"}, "game_id": "452439", "values": [{"date": "2023-09-09-06-00-00", "latency": 68}]}, {"location": {"country_code": "us", "region": "Pennsylvania"}, "game_id": "452439", "values": [{"date": "2023-09-09-02-00-00", "latency": 56}]}, {"location": {"country_code": "sk"}, "game_id": "452439", "values": [{"date": "2023-09-09-14-00-00", "latency": 48}, {"date": "2023-09-09-14-00-00", "latency": 48}, {"date": "2023-09-09-14-00-00", "latency": 48}, {"date": "2023-09-09-14-00-00", "latency": 48}]}, {"location": {"country_code": "us", "region": "Nebraska"}, "game_id": "452439", "values": [{"date": "2023-09-09-21-00-00", "latency": 86}, {"date": "2023-09-09-21-00-00", "latency": 86}, {"date": "2023-09-09-21-00-00", "latency": 86}, {"date": "2023-09-09-21-00-00", "latency": 86}]}, {"location": {"country_code": "es", "region": "Galicia"}, "game_id": "452439", "values": [{"date": "2023-09-10-00-00-00", "latency": 82}, {"date": "2023-09-10-00-00-00", "latency": 82}, {"date": "2023-09-10-00-00-00", "latency": 82}, {"date": "2023-09-10-00-00-00", "latency": 82}]}, {"location": {"country_code": "at", "region": "Styria"}, "game_id": "452439", "values": [{"date": "2023-09-10-00-00-00", "latency": 51}, {"date": "2023-09-10-00-00-00", "latency": 51}, {"date": "2023-09-10-00-00-00", "latency": 51}, {"date": "2023-09-10-00-00-00", "latency": 51}, {"date": "2023-09-10-00-00-00", "latency": 51}]}, {"location": {"country_code": "us", "region": "Massachusetts", "city": "Boston"}, "game_id": "452439", "values": [{"date": "2023-09-10-00-00-00", "latency": 73}, {"date": "2023-09-10-00-00-00", "latency": 73}, {"date": "2023-09-09-04-00-00", "latency": 111}, {"date": "2023-09-09-04-00-00", "latency": 111}]}, {"location": {"country_code": "ca", "region": "Ontario", "city": "Ottawa"}, "game_id": "452439", "values": [{"date": "2023-09-09-07-00-00", "latency": 85}]}, {"location": {"country_code": "hn"}, "game_id": "452439", "values": [{"date": "2023-09-09-07-00-00", "latency": 82}, {"date": "2023-09-09-07-00-00", "latency": 82}]}, {"location": {"country_code": "de", "region": "Hesse", "city": "Frankfurt"}, "game_id": "452439", "values": [{"date": "2023-09-09-23-00-00", "latency": 51}, {"date": "2023-09-09-23-00-00", "latency": 51}, {"date": "2023-09-09-23-00-00", "latency": 51}, {"date": "2023-09-09-23-00-00", "latency": 51}]}, {"location": {"country_code": "us", "region": "Washington", "city": "Seattle"}, "game_id": "452439", "values": [{"date": "2023-09-10-00-00-00", "latency": 112}, {"date": "2023-09-10-00-00-00", "latency": 112}, {"date": "2023-09-10-00-00-00", "latency": 112}, {"date": "2023-09-10-00-00-00", "latency": 112}]}, {"location": {"country_code": "us", "region": "North Dakota"}, "game_id": "452439", "values": [{"date": "2023-09-09-05-00-00", "latency": 86}, {"date": "2023-09-09-05-00-00", "latency": 86}]}, {"location": {"country_code": "ru", "region": "Novosibirsk Oblast", "city": "Novosibirsk"}, "game_id": "452439", "values": [{"date": "2023-09-09-19-00-00", "latency": 89}, {"date": "2023-09-09-19-00-00", "latency": 89}, {"date": "2023-09-09-19-00-00", "latency": 89}]}, {"location": {"country_code": "us", "region": "New Mexico"}, "game_id": "452439", "values": [{"date": "2023-09-10-01-00-00", "latency": 94}, {"date": "2023-09-10-01-00-00", "latency": 94}, {"date": "2023-09-10-01-00-00", "latency": 94}]}, {"location": {"country_code": "gr", "region": "Samothrace", "city": "Kavala"}, "game_id": "452439", "values": [{"date": "2023-09-09-04-00-00", "latency": 100}]}, {"location": {"country_code": "us", "region": "U.S. Virgin Islands"}, "game_id": "452439", "values": [{"date": "2023-09-09-04-00-00", "latency": 73}, {"date": "2023-09-09-04-00-00", "latency": 73}, {"date": "2023-09-09-04-00-00", "latency": 73}, {"date": "2023-09-09-04-00-00", "latency": 73}]}], "last_updated": 1719927577.416106}