{"data": [{"location": {"country_code": "de", "region": "Berlin", "city": "Berlin"}, "game_id": "319965", "values": [{"date": "2021-12-04-21-00-00", "latency": 50}]}, {"location": {"country_code": "us", "region": "New York", "city": "Jamestown"}, "game_id": "319965", "values": [{"date": "2021-12-05-01-00-00", "latency": 50}, {"date": "2021-12-05-01-00-00", "latency": 50}, {"date": "2021-12-05-01-00-00", "latency": 50}, {"date": "2021-12-05-01-00-00", "latency": 50}, {"date": "2021-12-05-01-00-00", "latency": 50}]}, {"location": {"country_code": "gb"}, "game_id": "319965", "values": [{"date": "2021-12-05-01-00-00", "latency": 160}, {"date": "2021-12-05-01-00-00", "latency": 160}, {"date": "2021-12-05-01-00-00", "latency": 160}, {"date": "2021-12-05-01-00-00", "latency": 160}, {"date": "2021-12-05-01-00-00", "latency": 160}, {"date": "2021-12-05-01-00-00", "latency": 160}, {"date": "2021-12-05-01-00-00", "latency": 160}]}, {"location": {"country_code": "es"}, "game_id": "319965", "values": [{"date": "2021-12-04-22-00-00", "latency": 50}, {"date": "2021-12-04-22-00-00", "latency": 50}, {"date": "2021-12-04-22-00-00", "latency": 50}, {"date": "2021-12-04-22-00-00", "latency": 50}, {"date": "2021-12-04-22-00-00", "latency": 50}, {"date": "2021-12-04-22-00-00", "latency": 50}, {"date": "2021-12-04-22-00-00", "latency": 50}, {"date": "2021-12-04-22-00-00", "latency": 50}, {"date": "2021-12-04-22-00-00", "latency": 50}, {"date": "2021-12-04-22-00-00", "latency": 50}]}, {"location": {"country_code": "jp"}, "game_id": "319965", "values": [{"date": "2021-12-04-17-00-00", "latency": 93}]}, {"location": {"country_code": "de"}, "game_id": "319965", "values": [{"date": "2021-12-04-22-00-00", "latency": 50}, {"date": "2021-12-04-22-00-00", "latency": 50}, {"date": "2021-12-04-22-00-00", "latency": 50}, {"date": "2021-12-05-01-00-00", "latency": 50}, {"date": "2021-12-05-01-00-00", "latency": 50}, {"date": "2021-12-05-01-00-00", "latency": 50}, {"date": "2021-12-05-01-00-00", "latency": 50}, {"date": "2021-12-05-01-00-00", "latency": 50}, {"date": "2021-12-05-01-00-00", "latency": 50}, {"date": "2021-12-05-01-00-00", "latency": 50}, {"date": "2021-12-05-01-00-00", "latency": 50}, {"date": "2021-12-05-01-00-00", "latency": 50}, {"date": "2021-12-05-01-00-00", "latency": 50}, {"date": "2021-12-05-01-00-00", "latency": 50}, {"date": "2021-12-05-01-00-00", "latency": 50}, {"date": "2021-12-05-01-00-00", "latency": 50}, {"date": "2021-12-05-01-00-00", "latency": 50}]}, {"location": {"country_code": "no"}, "game_id": "319965", "values": [{"date": "2021-12-04-19-00-00", "latency": 175}, {"date": "2021-12-04-19-00-00", "latency": 175}, {"date": "2021-12-04-19-00-00", "latency": 175}, {"date": "2021-12-04-19-00-00", "latency": 175}, {"date": "2021-12-04-19-00-00", "latency": 175}, {"date": "2021-12-04-19-00-00", "latency": 175}]}, {"location": {"country_code": "au"}, "game_id": "319965", "values": [{"date": "2021-12-04-19-00-00", "latency": 114}, {"date": "2021-12-04-19-00-00", "latency": 114}, {"date": "2021-12-04-19-00-00", "latency": 114}, {"date": "2021-12-04-19-00-00", "latency": 114}, {"date": "2021-12-04-19-00-00", "latency": 114}, {"date": "2021-12-04-19-00-00", "latency": 114}, {"date": "2021-12-04-19-00-00", "latency": 114}]}, {"location": {"country_code": "de", "region": "Hesse"}, "game_id": "319965", "values": [{"date": "2021-12-04-22-00-00", "latency": 50}, {"date": "2021-12-04-22-00-00", "latency": 50}, {"date": "2021-12-04-22-00-00", "latency": 50}, {"date": "2021-12-04-22-00-00", "latency": 50}, {"date": "2021-12-04-22-00-00", "latency": 50}, {"date": "2021-12-04-22-00-00", "latency": 50}, {"date": "2021-12-04-22-00-00", "latency": 50}, {"date": "2021-12-04-22-00-00", "latency": 50}, {"date": "2021-12-04-22-00-00", "latency": 50}]}, {"location": {"country_code": "uy", "region": "Montevideo Department", "city": "Montevideo"}, "game_id": "319965", "values": [{"date": "2021-12-05-01-00-00", "latency": 177}, {"date": "2021-12-05-01-00-00", "latency": 177}, {"date": "2021-12-05-01-00-00", "latency": 177}, {"date": "2021-12-05-01-00-00", "latency": 177}, {"date": "2021-12-05-01-00-00", "latency": 177}]}, {"location": {"country_code": "es", "region": "Madrid"}, "game_id": "319965", "values": [{"date": "2021-12-05-00-00-00", "latency": 50}, {"date": "2021-12-05-00-00-00", "latency": 50}, {"date": "2021-12-05-00-00-00", "latency": 50}, {"date": "2021-12-05-00-00-00", "latency": 50}, {"date": "2021-12-05-00-00-00", "latency": 50}, {"date": "2021-12-05-00-00-00", "latency": 50}, {"date": "2021-12-05-00-00-00", "latency": 50}, {"date": "2021-12-05-00-00-00", "latency": 50}, {"date": "2021-12-05-00-00-00", "latency": 50}, {"date": "2021-12-05-00-00-00", "latency": 50}, {"date": "2021-12-05-00-00-00", "latency": 50}, {"date": "2021-12-05-00-00-00", "latency": 50}]}, {"location": {"country_code": "ar", "region": "Buenos Aires"}, "game_id": "319965", "values": [{"date": "2021-12-04-22-00-00", "latency": 147}, {"date": "2021-12-04-22-00-00", "latency": 147}, {"date": "2021-12-04-22-00-00", "latency": 147}, {"date": "2021-12-04-22-00-00", "latency": 147}, {"date": "2021-12-04-22-00-00", "latency": 147}, {"date": "2021-12-04-22-00-00", "latency": 147}, {"date": "2021-12-04-22-00-00", "latency": 147}, {"date": "2021-12-04-22-00-00", "latency": 147}, {"date": "2021-12-04-22-00-00", "latency": 147}, {"date": "2021-12-04-22-00-00", "latency": 147}]}, {"location": {"country_code": "de", "region": "Free and Hanseatic City of Hamburg", "city": "Hamburg"}, "game_id": "319965", "values": [{"date": "2021-12-04-23-00-00", "latency": 50}]}, {"location": {"country_code": "at", "region": "Vienna"}, "game_id": "319965", "values": [{"date": "2021-12-04-22-00-00", "latency": 50}, {"date": "2021-12-04-22-00-00", "latency": 50}, {"date": "2021-12-04-22-00-00", "latency": 50}, {"date": "2021-12-04-22-00-00", "latency": 50}, {"date": "2021-12-04-22-00-00", "latency": 50}, {"date": "2021-12-04-22-00-00", "latency": 50}, {"date": "2021-12-04-22-00-00", "latency": 50}]}, {"location": {"country_code": "be"}, "game_id": "319965", "values": [{"date": "2021-12-05-00-00-00", "latency": 50}, {"date": "2021-12-05-00-00-00", "latency": 50}, {"date": "2021-12-05-00-00-00", "latency": 50}, {"date": "2021-12-05-00-00-00", "latency": 50}, {"date": "2021-12-05-00-00-00", "latency": 50}, {"date": "2021-12-05-00-00-00", "latency": 50}, {"date": "2021-12-05-00-00-00", "latency": 50}, {"date": "2021-12-05-00-00-00", "latency": 50}, {"date": "2021-12-05-00-00-00", "latency": 50}, {"date": "2021-12-05-00-00-00", "latency": 50}, {"date": "2021-12-05-00-00-00", "latency": 50}, {"date": "2021-12-05-00-00-00", "latency": 50}, {"date": "2021-12-05-00-00-00", "latency": 50}, {"date": "2021-12-05-00-00-00", "latency": 50}]}, {"location": {"country_code": "ie"}, "game_id": "319965", "values": [{"date": "2021-12-05-01-00-00", "latency": 50}]}, {"location": {"country_code": "pe"}, "game_id": "319965", "values": [{"date": "2021-12-05-01-00-00", "latency": 120}, {"date": "2021-12-05-01-00-00", "latency": 120}, {"date": "2021-12-05-01-00-00", "latency": 120}]}, {"location": {"country_code": "ca", "region": "Ontario", "city": "Toronto"}, "game_id": "319965", "values": [{"date": "2021-12-05-00-00-00", "latency": 50}, {"date": "2021-12-05-00-00-00", "latency": 50}, {"date": "2021-12-05-00-00-00", "latency": 50}, {"date": "2021-12-05-00-00-00", "latency": 50}, {"date": "2021-12-05-00-00-00", "latency": 50}, {"date": "2021-12-05-00-00-00", "latency": 50}, {"date": "2021-12-05-00-00-00", "latency": 50}, {"date": "2021-12-05-00-00-00", "latency": 50}, {"date": "2021-12-05-00-00-00", "latency": 50}, {"date": "2021-12-05-00-00-00", "latency": 50}, {"date": "2021-12-05-00-00-00", "latency": 50}, {"date": "2021-12-05-00-00-00", "latency": 50}, {"date": "2021-12-05-00-00-00", "latency": 50}, {"date": "2021-12-05-00-00-00", "latency": 50}, {"date": "2021-12-05-00-00-00", "latency": 50}, {"date": "2021-12-05-00-00-00", "latency": 50}]}, {"location": {"country_code": "cl", "region": "Santiago Metropolitan", "city": "Santiago"}, "game_id": "319965", "values": [{"date": "2021-12-05-01-00-00", "latency": 162}, {"date": "2021-12-05-01-00-00", "latency": 162}, {"date": "2021-12-05-01-00-00", "latency": 162}, {"date": "2021-12-05-01-00-00", "latency": 162}, {"date": "2021-12-05-01-00-00", "latency": 162}]}, {"location": {"country_code": "br", "region": "State of Rio de Janeiro", "city": "Angra dos Reis"}, "game_id": "319965", "values": [{"date": "2021-12-04-21-00-00", "latency": 141}, {"date": "2021-12-04-21-00-00", "latency": 141}, {"date": "2021-12-04-21-00-00", "latency": 141}, {"date": "2021-12-04-21-00-00", "latency": 141}, {"date": "2021-12-04-21-00-00", "latency": 141}, {"date": "2021-12-04-21-00-00", "latency": 141}, {"date": "2021-12-04-21-00-00", "latency": 141}, {"date": "2021-12-04-21-00-00", "latency": 141}, {"date": "2021-12-04-21-00-00", "latency": 141}, {"date": "2021-12-04-21-00-00", "latency": 141}, {"date": "2021-12-04-21-00-00", "latency": 141}, {"date": "2021-12-04-21-00-00", "latency": 141}, {"date": "2021-12-04-21-00-00", "latency": 141}, {"date": "2021-12-04-21-00-00", "latency": 141}, {"date": "2021-12-04-21-00-00", "latency": 141}]}, {"location": {"country_code": "es", "region": "Andalusia", "city": "Seville"}, "game_id": "319965", "values": [{"date": "2021-12-05-01-00-00", "latency": 133}, {"date": "2021-12-05-01-00-00", "latency": 133}, {"date": "2021-12-05-01-00-00", "latency": 133}, {"date": "2021-12-05-01-00-00", "latency": 133}, {"date": "2021-12-05-01-00-00", "latency": 133}]}, {"location": {"country_code": "es", "region": "Andalusia", "city": "Almeria"}, "game_id": "319965", "values": [{"date": "2021-12-05-01-00-00", "latency": 143}, {"date": "2021-12-05-01-00-00", "latency": 143}, {"date": "2021-12-05-01-00-00", "latency": 143}, {"date": "2021-12-05-01-00-00", "latency": 143}, {"date": "2021-12-05-01-00-00", "latency": 143}]}, {"location": {"country_code": "fr", "region": "Ile-de-France Region", "city": "Paris"}, "game_id": "319965", "values": [{"date": "2021-12-04-22-00-00", "latency": 50}, {"date": "2021-12-04-22-00-00", "latency": 50}, {"date": "2021-12-04-22-00-00", "latency": 50}, {"date": "2021-12-04-22-00-00", "latency": 50}, {"date": "2021-12-04-22-00-00", "latency": 50}]}, {"location": {"country_code": "es", "region": "Catalonia", "city": "Sant Antoni"}, "game_id": "319965", "values": [{"date": "2021-12-04-20-00-00", "latency": 150}, {"date": "2021-12-04-20-00-00", "latency": 150}, {"date": "2021-12-04-20-00-00", "latency": 150}, {"date": "2021-12-04-20-00-00", "latency": 150}, {"date": "2021-12-04-20-00-00", "latency": 150}, {"date": "2021-12-04-20-00-00", "latency": 150}, {"date": "2021-12-04-20-00-00", "latency": 150}, {"date": "2021-12-04-20-00-00", "latency": 150}, {"date": "2021-12-04-20-00-00", "latency": 150}, {"date": "2021-12-04-20-00-00", "latency": 150}, {"date": "2021-12-04-20-00-00", "latency": 150}, {"date": "2021-12-04-20-00-00", "latency": 150}]}, {"location": {"country_code": "us", "region": "Florida", "city": "Orlando"}, "game_id": "319965", "values": [{"date": "2021-12-05-01-00-00", "latency": 50}, {"date": "2021-12-05-01-00-00", "latency": 50}]}, {"location": {"country_code": "ec", "region": "Guayas", "city": "Guayaquil"}, "game_id": "319965", "values": [{"date": "2021-12-04-22-00-00", "latency": 84}, {"date": "2021-12-04-22-00-00", "latency": 84}, {"date": "2021-12-04-22-00-00", "latency": 84}, {"date": "2021-12-04-22-00-00", "latency": 84}]}, {"location": {"country_code": "fr", "region": "Alsazia-Champagne-Ardenne-Lorena"}, "game_id": "319965", "values": [{"date": "2021-12-04-19-00-00", "latency": 50}, {"date": "2021-12-04-19-00-00", "latency": 50}, {"date": "2021-12-04-19-00-00", "latency": 50}, {"date": "2021-12-04-19-00-00", "latency": 50}, {"date": "2021-12-04-19-00-00", "latency": 50}, {"date": "2021-12-04-19-00-00", "latency": 50}, {"date": "2021-12-04-19-00-00", "latency": 50}, {"date": "2021-12-04-19-00-00", "latency": 50}, {"date": "2021-12-04-19-00-00", "latency": 50}, {"date": "2021-12-04-19-00-00", "latency": 50}, {"date": "2021-12-04-19-00-00", "latency": 50}]}, {"location": {"country_code": "fr", "region": "Nord-Passo di Calais-Piccardia", "city": "Lille"}, "game_id": "319965", "values": [{"date": "2021-12-04-22-00-00", "latency": 50}, {"date": "2021-12-04-22-00-00", "latency": 50}, {"date": "2021-12-04-22-00-00", "latency": 50}, {"date": "2021-12-04-22-00-00", "latency": 50}, {"date": "2021-12-04-22-00-00", "latency": 50}, {"date": "2021-12-04-22-00-00", "latency": 50}, {"date": "2021-12-04-22-00-00", "latency": 50}]}, {"location": {"country_code": "es", "region": "Andalusia", "city": "Marbella"}, "game_id": "319965", "values": [{"date": "2021-12-04-17-00-00", "latency": 166}, {"date": "2021-12-04-17-00-00", "latency": 166}, {"date": "2021-12-04-17-00-00", "latency": 166}, {"date": "2021-12-04-17-00-00", "latency": 166}, {"date": "2021-12-04-21-00-00", "latency": 50}, {"date": "2021-12-04-21-00-00", "latency": 50}]}, {"location": {"country_code": "za", "region": "Gauteng", "city": "Roodepoort"}, "game_id": "319965", "values": [{"date": "2021-12-04-23-00-00", "latency": 195}, {"date": "2021-12-04-23-00-00", "latency": 195}, {"date": "2021-12-04-23-00-00", "latency": 195}, {"date": "2021-12-04-23-00-00", "latency": 195}, {"date": "2021-12-04-23-00-00", "latency": 195}, {"date": "2021-12-04-23-00-00", "latency": 195}]}, {"location": {"country_code": "us", "region": "Alabama", "city": "Auburn"}, "game_id": "319965", "values": [{"date": "2021-12-05-00-00-00", "latency": 89}, {"date": "2021-12-05-00-00-00", "latency": 89}]}, {"location": {"country_code": "dk", "region": "Region South Denmark", "city": "Vejle"}, "game_id": "319965", "values": [{"date": "2021-12-05-01-00-00", "latency": 50}, {"date": "2021-12-05-01-00-00", "latency": 50}, {"date": "2021-12-05-01-00-00", "latency": 50}, {"date": "2021-12-05-01-00-00", "latency": 50}, {"date": "2021-12-05-01-00-00", "latency": 50}, {"date": "2021-12-05-01-00-00", "latency": 50}, {"date": "2021-12-05-01-00-00", "latency": 50}, {"date": "2021-12-05-01-00-00", "latency": 50}, {"date": "2021-12-05-01-00-00", "latency": 50}, {"date": "2021-12-05-01-00-00", "latency": 50}, {"date": "2021-12-05-01-00-00", "latency": 50}, {"date": "2021-12-05-01-00-00", "latency": 50}, {"date": "2021-12-05-01-00-00", "latency": 50}]}, {"location": {"country_code": "ru", "region": "Orenburg Oblast", "city": "Orsk"}, "game_id": "319965", "values": [{"date": "2021-12-04-17-00-00", "latency": 59}, {"date": "2021-12-04-17-00-00", "latency": 59}]}, {"location": {"country_code": "fr", "region": "Alsazia-Champagne-Ardenne-Lorena", "city": "Mulhouse"}, "game_id": "319965", "values": [{"date": "2021-12-05-00-00-00", "latency": 50}, {"date": "2021-12-05-00-00-00", "latency": 50}, {"date": "2021-12-05-00-00-00", "latency": 50}, {"date": "2021-12-05-00-00-00", "latency": 50}, {"date": "2021-12-05-00-00-00", "latency": 50}, {"date": "2021-12-05-00-00-00", "latency": 50}, {"date": "2021-12-05-00-00-00", "latency": 50}, {"date": "2021-12-05-00-00-00", "latency": 50}, {"date": "2021-12-05-00-00-00", "latency": 50}]}, {"location": {"country_code": "im"}, "game_id": "319965", "values": [{"date": "2021-12-05-00-00-00", "latency": 50}, {"date": "2021-12-05-00-00-00", "latency": 50}, {"date": "2021-12-05-00-00-00", "latency": 50}, {"date": "2021-12-05-00-00-00", "latency": 50}, {"date": "2021-12-05-00-00-00", "latency": 50}, {"date": "2021-12-05-00-00-00", "latency": 50}, {"date": "2021-12-05-00-00-00", "latency": 50}, {"date": "2021-12-05-00-00-00", "latency": 50}, {"date": "2021-12-05-00-00-00", "latency": 50}, {"date": "2021-12-05-00-00-00", "latency": 50}, {"date": "2021-12-05-00-00-00", "latency": 50}, {"date": "2021-12-05-00-00-00", "latency": 50}, {"date": "2021-12-05-00-00-00", "latency": 50}]}, {"location": {"country_code": "pt", "region": "Northern Mariana Islands", "city": "Valongo"}, "game_id": "319965", "values": [{"date": "2021-12-05-01-00-00", "latency": 50}, {"date": "2021-12-05-01-00-00", "latency": 50}, {"date": "2021-12-05-01-00-00", "latency": 50}, {"date": "2021-12-05-01-00-00", "latency": 50}, {"date": "2021-12-05-01-00-00", "latency": 50}, {"date": "2021-12-05-01-00-00", "latency": 50}, {"date": "2021-12-05-01-00-00", "latency": 50}, {"date": "2021-12-05-01-00-00", "latency": 50}]}, {"location": {"country_code": "ca", "region": "Ontario", "city": "Scotland"}, "game_id": "319965", "values": [{"date": "2021-12-04-22-00-00", "latency": 103}]}, {"location": {"country_code": "de", "region": "Lower Saxony", "city": "Stuhr"}, "game_id": "319965", "values": [{"date": "2021-12-05-01-00-00", "latency": 50}, {"date": "2021-12-05-01-00-00", "latency": 50}, {"date": "2021-12-05-01-00-00", "latency": 50}, {"date": "2021-12-05-01-00-00", "latency": 50}, {"date": "2021-12-05-01-00-00", "latency": 50}, {"date": "2021-12-05-01-00-00", "latency": 50}, {"date": "2021-12-05-01-00-00", "latency": 50}, {"date": "2021-12-05-01-00-00", "latency": 50}, {"date": "2021-12-05-01-00-00", "latency": 50}, {"date": "2021-12-05-01-00-00", "latency": 50}, {"date": "2021-12-05-01-00-00", "latency": 50}, {"date": "2021-12-05-01-00-00", "latency": 50}, {"date": "2021-12-05-01-00-00", "latency": 50}, {"date": "2021-12-05-01-00-00", "latency": 50}, {"date": "2021-12-05-01-00-00", "latency": 50}]}], "last_updated": 1719926529.943511}