{"data": [{"location": {"country_code": "us"}, "game_id": "452439", "values": [{"date": "2023-10-22-04-00-00", "latency": 85}, {"date": "2023-10-22-04-00-00", "latency": 85}, {"date": "2023-10-22-05-00-00", "latency": 69}, {"date": "2023-10-22-05-00-00", "latency": 69}, {"date": "2023-10-22-23-00-00", "latency": 117}, {"date": "2023-10-23-00-00-00", "latency": 102}, {"date": "2023-10-23-00-00-00", "latency": 102}]}, {"location": {"country_code": "gr"}, "game_id": "452439", "values": [{"date": "2023-10-22-23-00-00", "latency": 89}, {"date": "2023-10-22-23-00-00", "latency": 89}]}, {"location": {"country_code": "ro"}, "game_id": "452439", "values": [{"date": "2023-10-22-18-00-00", "latency": 50}]}, {"location": {"country_code": "ca"}, "game_id": "452439", "values": [{"date": "2023-10-22-05-00-00", "latency": 59}, {"date": "2023-10-22-05-00-00", "latency": 59}, {"date": "2023-10-22-05-00-00", "latency": 123}, {"date": "2023-10-22-05-00-00", "latency": 123}, {"date": "2023-10-22-06-00-00", "latency": 102}, {"date": "2023-10-22-23-00-00", "latency": 131}, {"date": "2023-10-22-22-00-00", "latency": 56}]}, {"location": {"country_code": "ch"}, "game_id": "452439", "values": [{"date": "2023-10-22-20-00-00", "latency": 125}, {"date": "2023-10-22-20-00-00", "latency": 125}]}, {"location": {"country_code": "de"}, "game_id": "452439", "values": [{"date": "2023-10-22-20-00-00", "latency": 40}, {"date": "2023-10-22-19-00-00", "latency": 42}, {"date": "2023-10-22-13-00-00", "latency": 67}, {"date": "2023-10-22-13-00-00", "latency": 67}, {"date": "2023-10-22-13-00-00", "latency": 40}]}, {"location": {"country_code": "de", "region": "Bavaria"}, "game_id": "452439", "values": [{"date": "2023-10-22-20-00-00", "latency": 104}]}, {"location": {"country_code": "gb", "region": "England"}, "game_id": "452439", "values": [{"date": "2023-10-22-07-00-00", "latency": 99}, {"date": "2023-10-22-07-00-00", "latency": 99}, {"date": "2023-10-22-07-00-00", "latency": 99}, {"date": "2023-10-22-07-00-00", "latency": 99}]}, {"location": {"country_code": "ph"}, "game_id": "452439", "values": [{"date": "2023-10-22-17-00-00", "latency": 48}, {"date": "2023-10-22-17-00-00", "latency": 48}, {"date": "2023-10-22-17-00-00", "latency": 48}, {"date": "2023-10-22-17-00-00", "latency": 48}]}, {"location": {"country_code": "fr"}, "game_id": "452439", "values": [{"date": "2023-10-22-18-00-00", "latency": 31}]}, {"location": {"country_code": "mx"}, "game_id": "452439", "values": [{"date": "2023-10-22-06-00-00", "latency": 101}]}, {"location": {"country_code": "br"}, "game_id": "452439", "values": [{"date": "2023-10-22-23-00-00", "latency": 199}]}, {"location": {"country_code": "se"}, "game_id": "452439", "values": [{"date": "2023-10-22-15-00-00", "latency": 103}]}, {"location": {"country_code": "au"}, "game_id": "452439", "values": [{"date": "2023-10-22-20-00-00", "latency": 199}]}, {"location": {"country_code": "dk"}, "game_id": "452439", "values": [{"date": "2023-10-22-18-00-00", "latency": 50}]}, {"location": {"country_code": "ca", "region": "Ontario"}, "game_id": "452439", "values": [{"date": "2023-10-22-07-00-00", "latency": 72}, {"date": "2023-10-22-07-00-00", "latency": 72}]}, {"location": {"country_code": "de", "region": "Saxony"}, "game_id": "452439", "values": [{"date": "2023-10-22-15-00-00", "latency": 75}]}, {"location": {"country_code": "es"}, "game_id": "452439", "values": [{"date": "2023-10-22-16-00-00", "latency": 80}, {"date": "2023-10-22-16-00-00", "latency": 80}, {"date": "2023-10-22-16-00-00", "latency": 80}, {"date": "2023-10-22-03-00-00", "latency": 66}]}, {"location": {"country_code": "at"}, "game_id": "452439", "values": [{"date": "2023-10-22-02-00-00", "latency": 46}]}, {"location": {"country_code": "us", "region": "Arizona"}, "game_id": "452439", "values": [{"date": "2023-10-22-04-00-00", "latency": 74}, {"date": "2023-10-22-04-00-00", "latency": 74}]}, {"location": {"country_code": "us", "region": "California", "city": "Chula Vista"}, "game_id": "452439", "values": [{"date": "2023-10-22-07-00-00", "latency": 75}, {"date": "2023-10-22-07-00-00", "latency": 75}, {"date": "2023-10-22-07-00-00", "latency": 75}, {"date": "2023-10-22-07-00-00", "latency": 75}, {"date": "2023-10-22-07-00-00", "latency": 75}, {"date": "2023-10-22-07-00-00", "latency": 75}, {"date": "2023-10-22-07-00-00", "latency": 75}, {"date": "2023-10-22-07-00-00", "latency": 75}, {"date": "2023-10-22-07-00-00", "latency": 75}]}, {"location": {"country_code": "es", "region": "Catalonia", "city": "l'Hospitalet de Llobregat"}, "game_id": "452439", "values": [{"date": "2023-10-22-11-00-00", "latency": 105}]}, {"location": {"country_code": "be"}, "game_id": "452439", "values": [{"date": "2023-10-22-13-00-00", "latency": 194}, {"date": "2023-10-22-13-00-00", "latency": 194}]}, {"location": {"country_code": "ca", "region": "Ontario", "city": "Toronto"}, "game_id": "452439", "values": [{"date": "2023-10-22-03-00-00", "latency": 91}, {"date": "2023-10-22-03-00-00", "latency": 91}]}, {"location": {"country_code": "us", "region": "New Hampshire"}, "game_id": "452439", "values": [{"date": "2023-10-22-02-00-00", "latency": 81}]}, {"location": {"country_code": "by"}, "game_id": "452439", "values": [{"date": "2023-10-23-01-00-00", "latency": 57}, {"date": "2023-10-23-01-00-00", "latency": 57}, {"date": "2023-10-23-01-00-00", "latency": 57}, {"date": "2023-10-23-01-00-00", "latency": 57}, {"date": "2023-10-23-01-00-00", "latency": 57}, {"date": "2023-10-23-01-00-00", "latency": 57}, {"date": "2023-10-23-01-00-00", "latency": 57}, {"date": "2023-10-23-01-00-00", "latency": 57}, {"date": "2023-10-23-01-00-00", "latency": 57}, {"date": "2023-10-23-01-00-00", "latency": 57}, {"date": "2023-10-23-01-00-00", "latency": 57}, {"date": "2023-10-23-01-00-00", "latency": 57}, {"date": "2023-10-23-01-00-00", "latency": 57}]}, {"location": {"country_code": "ad"}, "game_id": "452439", "values": [{"date": "2023-10-22-05-00-00", "latency": 77}, {"date": "2023-10-22-05-00-00", "latency": 77}, {"date": "2023-10-22-05-00-00", "latency": 77}, {"date": "2023-10-22-05-00-00", "latency": 77}, {"date": "2023-10-22-05-00-00", "latency": 77}]}, {"location": {"country_code": "br", "region": "Ceara"}, "game_id": "452439", "values": [{"date": "2023-10-22-05-00-00", "latency": 132}]}, {"location": {"country_code": "de", "region": "Rhineland-Palatinate", "city": "Mainz"}, "game_id": "452439", "values": [{"date": "2023-10-22-20-00-00", "latency": 98}, {"date": "2023-10-22-20-00-00", "latency": 98}, {"date": "2023-10-22-20-00-00", "latency": 98}, {"date": "2023-10-22-20-00-00", "latency": 98}]}, {"location": {"country_code": "gr", "region": "Samothrace", "city": "Kavala"}, "game_id": "452439", "values": [{"date": "2023-10-23-00-00-00", "latency": 67}]}, {"location": {"country_code": "de", "region": "Berlin"}, "game_id": "452439", "values": [{"date": "2023-10-22-17-00-00", "latency": 44}]}, {"location": {"country_code": "nl", "region": "North Holland", "city": "Hilversum"}, "game_id": "452439", "values": [{"date": "2023-10-22-21-00-00", "latency": 30}]}, {"location": {"country_code": "de", "region": "Saxony", "city": "Zittau"}, "game_id": "452439", "values": [{"date": "2023-10-22-18-00-00", "latency": 47}, {"date": "2023-10-22-18-00-00", "latency": 47}, {"date": "2023-10-22-18-00-00", "latency": 47}]}], "last_updated": 1719927576.468353}