{"data": [{"location": {"country_code": "gb", "region": "England"}, "game_id": "319965", "values": [{"date": "2023-06-01-19-00-00", "latency": "24"}]}, {"location": {"country_code": "ar", "region": "Catamarca Province"}, "game_id": "319965", "values": [{"date": "2023-06-01-06-00-00", "latency": "382"}, {"date": "2023-06-01-06-00-00", "latency": "382"}, {"date": "2023-06-01-06-00-00", "latency": "382"}, {"date": "2023-06-01-06-00-00", "latency": "382"}, {"date": "2023-06-01-06-00-00", "latency": "382"}, {"date": "2023-06-01-06-00-00", "latency": "382"}, {"date": "2023-06-01-06-00-00", "latency": "382"}, {"date": "2023-06-01-06-00-00", "latency": "382"}]}], "last_updated": 1719915103.092592}