{"data": [{"location": {"country_code": "ca"}, "game_id": "319965", "values": [{"date": "2023-06-07-06-00-00", "latency": "1"}, {"date": "2023-06-07-06-00-00", "latency": "1"}, {"date": "2023-06-07-06-00-00", "latency": "1"}, {"date": "2023-06-07-06-00-00", "latency": "1"}, {"date": "2023-06-07-06-00-00", "latency": "1"}, {"date": "2023-06-07-06-00-00", "latency": "1"}, {"date": "2023-06-07-06-00-00", "latency": "1"}, {"date": "2023-06-07-06-00-00", "latency": "1"}]}, {"location": {"country_code": "us", "region": "North Carolina"}, "game_id": "319965", "values": [{"date": "2023-06-07-06-00-00", "latency": "127"}, {"date": "2023-06-07-06-00-00", "latency": "127"}, {"date": "2023-06-07-06-00-00", "latency": "127"}, {"date": "2023-06-07-06-00-00", "latency": "127"}, {"date": "2023-06-07-06-00-00", "latency": "127"}, {"date": "2023-06-07-06-00-00", "latency": "127"}, {"date": "2023-06-07-06-00-00", "latency": "127"}, {"date": "2023-06-07-06-00-00", "latency": "127"}, {"date": "2023-06-07-06-00-00", "latency": "127"}, {"date": "2023-06-07-06-00-00", "latency": "127"}, {"date": "2023-06-07-06-00-00", "latency": "127"}, {"date": "2023-06-07-06-00-00", "latency": "127"}, {"date": "2023-06-07-06-00-00", "latency": "127"}]}], "last_updated": 1719915102.990168}