{"data": [{"location": {"country_code": "th"}, "game_id": "135305", "values": [{"date": "2024-02-26-16-00-00", "latency": 12}]}, {"location": {"country_code": "ca"}, "game_id": "135305", "values": [{"date": "2024-02-26-07-00-00", "latency": 8}]}, {"location": {"country_code": "br", "region": "Rio Grande do Sul", "city": "Sao Leopoldo"}, "game_id": "135305", "values": [{"date": "2024-02-26-18-00-00", "latency": 32}]}, {"location": {"country_code": "ca", "region": "Ontario"}, "game_id": "135305", "values": [{"date": "2024-02-26-14-00-00", "latency": 34}]}, {"location": {"country_code": "sa"}, "game_id": "135305", "values": [{"date": "2024-02-26-14-00-00", "latency": 89}]}, {"location": {"country_code": "ru"}, "game_id": "135305", "values": [{"date": "2024-02-26-08-00-00", "latency": 14}]}, {"location": {"country_code": "id"}, "game_id": "135305", "values": [{"date": "2024-02-26-18-00-00", "latency": 10}]}, {"location": {"country_code": "cl", "region": "Santiago Metropolitan", "city": "Santiago"}, "game_id": "135305", "values": [{"date": "2024-02-27-01-00-00", "latency": 7}]}], "last_updated": 1719919351.121531}