{"data": [{"location": {"country_code": "si"}, "game_id": "314852", "values": [{"date": "2023-08-22-21-00-00", "alternatives": [5, 145, 5, 5]}, {"date": "2023-08-22-21-00-00", "alternatives": [5, 145, 5, 5]}, {"date": "2023-08-22-21-00-00", "alternatives": [5, 145, 5, 5]}, {"date": "2023-08-22-21-00-00", "alternatives": [5, 145, 5, 5]}, {"date": "2023-08-22-21-00-00", "alternatives": [5, 145, 5, 5]}, {"date": "2023-08-22-21-00-00", "alternatives": [5, 145, 5, 5]}, {"date": "2023-08-22-21-00-00", "alternatives": [5, 145, 5, 5]}, {"date": "2023-08-22-21-00-00", "alternatives": [5, 145, 5, 5]}, {"date": "2023-08-22-21-00-00", "alternatives": [5, 145, 5, 5]}, {"date": "2023-08-22-21-00-00", "alternatives": [5, 145, 5, 5]}, {"date": "2023-08-22-21-00-00", "alternatives": [5, 145, 5, 5]}, {"date": "2023-08-22-21-00-00", "alternatives": [5, 145, 5, 5]}, {"date": "2023-08-22-21-00-00", "alternatives": [5, 145, 5, 5]}, {"date": "2023-08-22-21-00-00", "alternatives": [5, 145, 5, 5]}, {"date": "2023-08-22-21-00-00", "alternatives": [5, 145, 5, 5]}]}, {"location": {"country_code": "us"}, "game_id": "314852", "values": [{"date": "2023-08-22-06-00-00", "alternatives": [345, 11345, 345, 345, 11345]}, {"date": "2023-08-22-06-00-00", "alternatives": [345, 11345, 345, 345, 11345]}, {"date": "2023-08-22-06-00-00", "alternatives": [345, 11345, 345, 345, 11345]}, {"date": "2023-08-22-06-00-00", "alternatives": [345, 11345, 345, 345, 11345]}, {"date": "2023-08-22-06-00-00", "alternatives": [345, 11345, 345, 345, 11345]}, {"date": "2023-08-22-06-00-00", "alternatives": [345, 11345, 345, 345, 11345]}, {"date": "2023-08-22-06-00-00", "alternatives": [345, 11345, 345, 345, 11345]}, {"date": "2023-08-22-06-00-00", "alternatives": [345, 11345, 345, 345, 11345]}, {"date": "2023-08-22-06-00-00", "alternatives": [345, 11345, 345, 345, 11345]}, {"date": "2023-08-22-06-00-00", "alternatives": [345, 11345, 345, 345, 11345]}, {"date": "2023-08-22-06-00-00", "alternatives": [345, 11345, 345, 345, 11345]}, {"date": "2023-08-22-07-00-00", "alternatives": ["32", "32", "20"]}, {"date": "2023-08-22-04-00-00", "alternatives": ["49", "49", "19"]}, {"date": "2023-08-22-03-00-00", "alternatives": ["68", "68", "8"]}, {"date": "2023-08-22-13-00-00", "alternatives": [184, 84, 84, 84, 184]}, {"date": "2023-08-22-13-00-00", "alternatives": [184, 84, 84, 84, 184]}, {"date": "2023-08-22-11-00-00", "alternatives": ["8", "85", "85"]}, {"date": "2023-08-22-11-00-00", "alternatives": ["8", "85", "85"]}, {"date": "2023-08-22-11-00-00", "alternatives": ["8", "85", "85"]}]}, {"location": {"country_code": "us", "region": "Georgia", "city": "Atlanta"}, "game_id": "314852", "values": [{"date": "2023-08-22-22-00-00", "alternatives": [133, 33, 33, 33, 33]}, {"date": "2023-08-22-22-00-00", "alternatives": [133, 33, 33, 33, 33]}]}, {"location": {"country_code": "us", "region": "New York", "city": "Jamestown"}, "game_id": "314852", "values": [{"date": "2023-08-22-09-00-00", "alternatives": ["21", "2", "21"]}, {"date": "2023-08-22-09-00-00", "alternatives": ["21", "2", "21"]}, {"date": "2023-08-22-09-00-00", "alternatives": ["21", "2", "21"]}, {"date": "2023-08-22-09-00-00", "alternatives": ["21", "2", "21"]}, {"date": "2023-08-22-08-00-00", "alternatives": ["1189", "189", "189"]}, {"date": "2023-08-22-08-00-00", "alternatives": ["1189", "189", "189"]}, {"date": "2023-08-22-08-00-00", "alternatives": ["1189", "189", "189"]}, {"date": "2023-08-22-08-00-00", "alternatives": ["1189", "189", "189"]}, {"date": "2023-08-22-08-00-00", "alternatives": ["1189", "189", "189"]}]}, {"location": {"country_code": "gb"}, "game_id": "314852", "values": [{"date": "2023-08-22-18-00-00", "alternatives": [64, 4, 1, 4, 4]}, {"date": "2023-08-22-18-00-00", "alternatives": [64, 4, 1, 4, 4]}, {"date": "2023-08-22-18-00-00", "alternatives": [64, 4, 1, 4, 4]}, {"date": "2023-08-22-18-00-00", "alternatives": [64, 4, 1, 4, 4]}, {"date": "2023-08-22-18-00-00", "alternatives": [64, 4, 1, 4, 4]}, {"date": "2023-08-23-00-00-00", "alternatives": ["78", "78", "4"]}, {"date": "2023-08-23-00-00-00", "alternatives": ["78", "78", "4"]}]}, {"location": {"country_code": "th"}, "game_id": "314852", "values": [{"date": "2023-08-23-01-00-00", "alternatives": ["30", "30", "24937"]}, {"date": "2023-08-23-01-00-00", "alternatives": ["30", "30", "24937"]}, {"date": "2023-08-23-01-00-00", "alternatives": ["30", "30", "24937"]}, {"date": "2023-08-23-01-00-00", "alternatives": ["30", "30", "24937"]}, {"date": "2023-08-23-01-00-00", "alternatives": ["30", "30", "24937"]}]}, {"location": {"country_code": "gr"}, "game_id": "314852", "values": [{"date": "2023-08-22-16-00-00", "alternatives": ["5", "54", "54"]}]}, {"location": {"country_code": "pa"}, "game_id": "314852", "values": [{"date": "2023-08-22-03-00-00", "alternatives": ["89", "1", "89"]}, {"date": "2023-08-22-03-00-00", "alternatives": ["89", "1", "89"]}, {"date": "2023-08-22-03-00-00", "alternatives": ["89", "1", "89"]}]}, {"location": {"country_code": "nl"}, "game_id": "314852", "values": [{"date": "2023-08-22-19-00-00", "alternatives": ["137", "37", "37"]}, {"date": "2023-08-22-19-00-00", "alternatives": ["137", "37", "37"]}, {"date": "2023-08-22-19-00-00", "alternatives": ["137", "37", "37"]}]}, {"location": {"country_code": "it"}, "game_id": "314852", "values": [{"date": "2023-08-22-20-00-00", "alternatives": [56, 53, 56, 56]}, {"date": "2023-08-22-20-00-00", "alternatives": [56, 53, 56, 56]}, {"date": "2023-08-22-20-00-00", "alternatives": [56, 53, 56, 56]}, {"date": "2023-08-22-15-00-00", "alternatives": [4, 45, 4, 45, 45]}, {"date": "2023-08-22-15-00-00", "alternatives": [4, 45, 4, 45, 45]}, {"date": "2023-08-22-18-00-00", "alternatives": ["5", "50", "50"]}, {"date": "2023-08-22-11-00-00", "alternatives": ["137", "37", "37"]}, {"date": "2023-08-22-11-00-00", "alternatives": ["137", "37", "37"]}, {"date": "2023-08-22-11-00-00", "alternatives": ["137", "37", "37"]}]}, {"location": {"country_code": "it", "region": "Tuscany", "city": "Florence"}, "game_id": "314852", "values": [{"date": "2023-08-22-23-00-00", "alternatives": [39, 49, 3, 39, 39, 39]}, {"date": "2023-08-22-23-00-00", "alternatives": [39, 49, 3, 39, 39, 39]}, {"date": "2023-08-22-23-00-00", "alternatives": [39, 49, 3, 39, 39, 39]}, {"date": "2023-08-22-23-00-00", "alternatives": [39, 49, 3, 39, 39, 39]}]}, {"location": {"country_code": "ro", "region": "Bucharest"}, "game_id": "314852", "values": [{"date": "2023-08-22-19-00-00", "alternatives": ["4", "43", "43"]}]}, {"location": {"country_code": "jp"}, "game_id": "314852", "values": [{"date": "2023-08-22-11-00-00", "alternatives": [1, 2, 21, 21, 21]}, {"date": "2023-08-22-11-00-00", "alternatives": [1, 2, 21, 21, 21]}, {"date": "2023-08-22-11-00-00", "alternatives": [1, 2, 21, 21, 21]}, {"date": "2023-08-22-11-00-00", "alternatives": [1, 2, 21, 21, 21]}, {"date": "2023-08-22-11-00-00", "alternatives": [1, 2, 21, 21, 21]}, {"date": "2023-08-22-11-00-00", "alternatives": [1, 2, 21, 21, 21]}, {"date": "2023-08-22-11-00-00", "alternatives": [1, 2, 21, 21, 21]}, {"date": "2023-08-22-11-00-00", "alternatives": [1, 2, 21, 21, 21]}, {"date": "2023-08-22-11-00-00", "alternatives": [1, 2, 21, 21, 21]}, {"date": "2023-08-22-11-00-00", "alternatives": [1, 2, 21, 21, 21]}, {"date": "2023-08-22-11-00-00", "alternatives": [1, 2, 21, 21, 21]}, {"date": "2023-08-22-11-00-00", "alternatives": [1, 2, 21, 21, 21]}, {"date": "2023-08-22-11-00-00", "alternatives": [1, 2, 21, 21, 21]}, {"date": "2023-08-22-11-00-00", "alternatives": [1, 2, 21, 21, 21]}, {"date": "2023-08-22-11-00-00", "alternatives": [1, 2, 21, 21, 21]}, {"date": "2023-08-22-11-00-00", "alternatives": [1, 2, 21, 21, 21]}, {"date": "2023-08-22-11-00-00", "alternatives": [1, 2, 21, 21, 21]}, {"date": "2023-08-22-14-00-00", "alternatives": ["4", "24", "24"]}, {"date": "2023-08-22-14-00-00", "alternatives": ["4", "24", "24"]}, {"date": "2023-08-22-14-00-00", "alternatives": ["4", "24", "24"]}, {"date": "2023-08-22-15-00-00", "alternatives": ["139", "39", "39"]}, {"date": "2023-08-22-15-00-00", "alternatives": ["139", "39", "39"]}, {"date": "2023-08-22-15-00-00", "alternatives": [1, 14, 14, 14]}, {"date": "2023-08-22-15-00-00", "alternatives": [1, 14, 14, 14]}, {"date": "2023-08-22-15-00-00", "alternatives": [1, 14, 14, 14]}, {"date": "2023-08-22-15-00-00", "alternatives": [1, 14, 14, 14]}, {"date": "2023-08-22-15-00-00", "alternatives": [1, 14, 14, 14]}, {"date": "2023-08-22-15-00-00", "alternatives": [1, 14, 14, 14]}, {"date": "2023-08-22-15-00-00", "alternatives": [1, 14, 14, 14]}, {"date": "2023-08-22-15-00-00", "alternatives": [1, 14, 14, 14]}, {"date": "2023-08-22-15-00-00", "alternatives": [1, 14, 14, 14]}, {"date": "2023-08-22-15-00-00", "alternatives": [1, 14, 14, 14]}, {"date": "2023-08-22-18-00-00", "alternatives": ["3", "39", "39"]}, {"date": "2023-08-22-06-00-00", "alternatives": ["1", "44", "44"]}, {"date": "2023-08-22-06-00-00", "alternatives": ["1", "44", "44"]}]}, {"location": {"country_code": "ca"}, "game_id": "314852", "values": [{"date": "2023-08-22-07-00-00", "alternatives": ["1", "72", "72"]}, {"date": "2023-08-22-06-00-00", "alternatives": ["15", "15", "44"]}, {"date": "2023-08-22-06-00-00", "alternatives": ["15", "15", "44"]}, {"date": "2023-08-22-06-00-00", "alternatives": ["15", "15", "44"]}, {"date": "2023-08-22-06-00-00", "alternatives": ["15", "15", "44"]}, {"date": "2023-08-22-07-00-00", "alternatives": [56, 5, 6, 56, 56]}, {"date": "2023-08-22-07-00-00", "alternatives": [56, 5, 6, 56, 56]}, {"date": "2023-08-22-07-00-00", "alternatives": [56, 5, 6, 56, 56]}, {"date": "2023-08-22-07-00-00", "alternatives": [56, 5, 6, 56, 56]}, {"date": "2023-08-22-07-00-00", "alternatives": [56, 5, 6, 56, 56]}, {"date": "2023-08-22-07-00-00", "alternatives": [56, 5, 6, 56, 56]}, {"date": "2023-08-22-17-00-00", "alternatives": [156, 5, 56, 56, 156, 56]}, {"date": "2023-08-22-17-00-00", "alternatives": [156, 5, 56, 56, 156, 56]}, {"date": "2023-08-22-17-00-00", "alternatives": [156, 5, 56, 56, 156, 56]}, {"date": "2023-08-22-17-00-00", "alternatives": [156, 5, 56, 56, 156, 56]}, {"date": "2023-08-22-17-00-00", "alternatives": [156, 5, 56, 56, 156, 56]}, {"date": "2023-08-22-17-00-00", "alternatives": [156, 5, 56, 56, 156, 56]}, {"date": "2023-08-22-05-00-00", "alternatives": [9, 49, 5, 9, 49, 9]}]}, {"location": {"country_code": "ca", "region": "Ontario", "city": "Toronto"}, "game_id": "314852", "values": [{"date": "2023-08-22-03-00-00", "alternatives": ["66", "6", "66"]}, {"date": "2023-08-23-00-00-00", "alternatives": ["18", "87", "87"]}]}, {"location": {"country_code": "de"}, "game_id": "314852", "values": [{"date": "2023-08-22-13-00-00", "alternatives": ["26", "2", "26"]}, {"date": "2023-08-22-13-00-00", "alternatives": ["26", "2", "26"]}, {"date": "2023-08-22-15-00-00", "alternatives": ["63", "63", "463"]}, {"date": "2023-08-22-15-00-00", "alternatives": ["63", "63", "463"]}, {"date": "2023-08-22-15-00-00", "alternatives": ["63", "63", "463"]}, {"date": "2023-08-22-15-00-00", "alternatives": ["63", "63", "463"]}, {"date": "2023-08-22-15-00-00", "alternatives": ["63", "63", "463"]}, {"date": "2023-08-22-15-00-00", "alternatives": ["63", "63", "463"]}, {"date": "2023-08-22-16-00-00", "alternatives": [325, 11, 32, 32, 32]}, {"date": "2023-08-22-16-00-00", "alternatives": [325, 11, 32, 32, 32]}, {"date": "2023-08-22-16-00-00", "alternatives": [325, 11, 32, 32, 32]}, {"date": "2023-08-22-16-00-00", "alternatives": [325, 11, 32, 32, 32]}, {"date": "2023-08-22-16-00-00", "alternatives": [325, 11, 32, 32, 32]}, {"date": "2023-08-22-16-00-00", "alternatives": [325, 11, 32, 32, 32]}, {"date": "2023-08-22-16-00-00", "alternatives": [325, 11, 32, 32, 32]}, {"date": "2023-08-22-16-00-00", "alternatives": [325, 11, 32, 32, 32]}, {"date": "2023-08-22-16-00-00", "alternatives": [325, 11, 32, 32, 32]}, {"date": "2023-08-22-16-00-00", "alternatives": [325, 11, 32, 32, 32]}, {"date": "2023-08-22-16-00-00", "alternatives": [325, 11, 32, 32, 32]}, {"date": "2023-08-22-16-00-00", "alternatives": [325, 11, 32, 32, 32]}, {"date": "2023-08-22-16-00-00", "alternatives": [325, 11, 32, 32, 32]}]}, {"location": {"country_code": "tw"}, "game_id": "314852", "values": [{"date": "2023-08-22-13-00-00", "alternatives": ["75", "5", "75"]}, {"date": "2023-08-22-09-00-00", "alternatives": ["133", "133", "33"]}, {"date": "2023-08-22-09-00-00", "alternatives": ["133", "133", "33"]}, {"date": "2023-08-22-09-00-00", "alternatives": ["133", "133", "33"]}, {"date": "2023-08-22-09-00-00", "alternatives": ["133", "133", "33"]}, {"date": "2023-08-22-09-00-00", "alternatives": ["133", "133", "33"]}, {"date": "2023-08-22-09-00-00", "alternatives": ["133", "133", "33"]}, {"date": "2023-08-22-09-00-00", "alternatives": ["133", "133", "33"]}, {"date": "2023-08-22-09-00-00", "alternatives": ["133", "133", "33"]}, {"date": "2023-08-22-09-00-00", "alternatives": ["133", "133", "33"]}, {"date": "2023-08-22-09-00-00", "alternatives": ["133", "133", "33"]}, {"date": "2023-08-22-09-00-00", "alternatives": ["133", "133", "33"]}, {"date": "2023-08-22-09-00-00", "alternatives": ["133", "133", "33"]}, {"date": "2023-08-22-19-00-00", "alternatives": ["123", "123", "343"]}, {"date": "2023-08-22-17-00-00", "alternatives": ["99", "999", "99"]}]}, {"location": {"country_code": "ie", "region": "", "city": "Dublin"}, "game_id": "314852", "values": [{"date": "2023-08-23-00-00-00", "alternatives": ["75", "75", "452"]}]}, {"location": {"country_code": "gb", "region": "Scotland"}, "game_id": "314852", "values": [{"date": "2023-08-22-23-00-00", "alternatives": ["99", "66", "99"]}, {"date": "2023-08-22-23-00-00", "alternatives": ["99", "66", "99"]}, {"date": "2023-08-22-23-00-00", "alternatives": ["99", "66", "99"]}, {"date": "2023-08-22-23-00-00", "alternatives": ["99", "66", "99"]}, {"date": "2023-08-22-23-00-00", "alternatives": ["99", "66", "99"]}, {"date": "2023-08-22-23-00-00", "alternatives": ["99", "66", "99"]}, {"date": "2023-08-22-23-00-00", "alternatives": ["99", "66", "99"]}, {"date": "2023-08-22-23-00-00", "alternatives": ["99", "66", "99"]}]}, {"location": {"country_code": "cl"}, "game_id": "314852", "values": [{"date": "2023-08-22-07-00-00", "alternatives": [175, 1775, 175, 175]}, {"date": "2023-08-22-07-00-00", "alternatives": [175, 1775, 175, 175]}]}, {"location": {"country_code": "us", "region": "Texas"}, "game_id": "314852", "values": [{"date": "2023-08-22-03-00-00", "alternatives": ["1", "5", "1"]}, {"date": "2023-08-22-03-00-00", "alternatives": ["1", "5", "1"]}, {"date": "2023-08-22-03-00-00", "alternatives": ["1", "5", "1"]}]}, {"location": {"country_code": "us", "region": "Florida"}, "game_id": "314852", "values": [{"date": "2023-08-22-03-00-00", "alternatives": ["37", "37", "57"]}, {"date": "2023-08-22-23-00-00", "alternatives": [5, 45, 4, 45, 45]}, {"date": "2023-08-22-23-00-00", "alternatives": [5, 45, 4, 45, 45]}, {"date": "2023-08-22-23-00-00", "alternatives": [5, 45, 4, 45, 45]}, {"date": "2023-08-22-23-00-00", "alternatives": [5, 45, 4, 45, 45]}, {"date": "2023-08-22-05-00-00", "alternatives": ["1", "58", "58"]}, {"date": "2023-08-22-05-00-00", "alternatives": ["1", "58", "58"]}, {"date": "2023-08-22-05-00-00", "alternatives": ["1", "58", "58"]}]}, {"location": {"country_code": "ph"}, "game_id": "314852", "values": [{"date": "2023-08-22-18-00-00", "alternatives": [1330, 130, 130, 30, 130]}, {"date": "2023-08-22-16-00-00", "alternatives": [2876, 287, 787, 287, 287]}, {"date": "2023-08-22-16-00-00", "alternatives": [2876, 287, 787, 287, 287]}, {"date": "2023-08-22-16-00-00", "alternatives": [2876, 287, 787, 287, 287]}, {"date": "2023-08-22-12-00-00", "alternatives": ["74", "4", "4"]}, {"date": "2023-08-22-12-00-00", "alternatives": ["74", "4", "4"]}, {"date": "2023-08-22-03-00-00", "alternatives": ["192", "192", "4192"]}, {"date": "2023-08-22-03-00-00", "alternatives": ["192", "192", "4192"]}, {"date": "2023-08-22-03-00-00", "alternatives": ["192", "192", "4192"]}, {"date": "2023-08-22-03-00-00", "alternatives": ["192", "192", "4192"]}, {"date": "2023-08-22-17-00-00", "alternatives": [20, 20, 20, 20]}, {"date": "2023-08-22-17-00-00", "alternatives": [20, 20, 20, 20]}, {"date": "2023-08-22-17-00-00", "alternatives": [20, 20, 20, 20]}]}, {"location": {"country_code": "fr"}, "game_id": "314852", "values": [{"date": "2023-08-22-13-00-00", "alternatives": [1133, 133, 33, 33, 33]}, {"date": "2023-08-22-13-00-00", "alternatives": [1133, 133, 33, 33, 33]}, {"date": "2023-08-22-13-00-00", "alternatives": [1133, 133, 33, 33, 33]}, {"date": "2023-08-22-13-00-00", "alternatives": [1133, 133, 33, 33, 33]}, {"date": "2023-08-22-13-00-00", "alternatives": [1133, 133, 33, 33, 33]}]}, {"location": {"country_code": "mx"}, "game_id": "314852", "values": [{"date": "2023-08-22-05-00-00", "alternatives": ["169", "169", "1169"]}, {"date": "2023-08-22-05-00-00", "alternatives": ["169", "169", "1169"]}, {"date": "2023-08-22-05-00-00", "alternatives": ["169", "169", "1169"]}, {"date": "2023-08-22-23-00-00", "alternatives": [173, 1173, 73, 73, 73, 1173]}, {"date": "2023-08-22-23-00-00", "alternatives": [173, 1173, 73, 73, 73, 1173]}, {"date": "2023-08-22-23-00-00", "alternatives": [173, 1173, 73, 73, 73, 1173]}, {"date": "2023-08-22-23-00-00", "alternatives": [173, 1173, 73, 73, 73, 1173]}, {"date": "2023-08-22-23-00-00", "alternatives": [173, 1173, 73, 73, 73, 1173]}, {"date": "2023-08-22-10-00-00", "alternatives": ["105", "105", "10"]}, {"date": "2023-08-22-10-00-00", "alternatives": ["105", "105", "10"]}, {"date": "2023-08-22-08-00-00", "alternatives": ["182", "82", "82"]}, {"date": "2023-08-22-09-00-00", "alternatives": ["64", "64", "48"]}, {"date": "2023-08-23-00-00-00", "alternatives": [78, 1178, 18, 78, 78, 1178]}, {"date": "2023-08-23-00-00-00", "alternatives": [78, 1178, 18, 78, 78, 1178]}, {"date": "2023-08-22-04-00-00", "alternatives": [1, 88, 88, 88]}, {"date": "2023-08-22-02-00-00", "alternatives": ["66", "66", "56"]}, {"date": "2023-08-23-01-00-00", "alternatives": [0, 80, 80, 80, 80]}, {"date": "2023-08-23-01-00-00", "alternatives": [0, 80, 80, 80, 80]}, {"date": "2023-08-23-01-00-00", "alternatives": [0, 80, 80, 80, 80]}, {"date": "2023-08-23-01-00-00", "alternatives": [0, 80, 80, 80, 80]}]}, {"location": {"country_code": "us", "region": "California"}, "game_id": "314852", "values": [{"date": "2023-08-22-15-00-00", "alternatives": [1, 178, 78, 78, 78, 78]}, {"date": "2023-08-22-15-00-00", "alternatives": [1, 178, 78, 78, 78, 78]}, {"date": "2023-08-22-15-00-00", "alternatives": [1, 178, 78, 78, 78, 78]}, {"date": "2023-08-22-15-00-00", "alternatives": [1, 178, 78, 78, 78, 78]}, {"date": "2023-08-22-15-00-00", "alternatives": [1, 178, 78, 78, 78, 78]}, {"date": "2023-08-22-15-00-00", "alternatives": [1, 178, 78, 78, 78, 78]}, {"date": "2023-08-22-15-00-00", "alternatives": [1, 178, 78, 78, 78, 78]}, {"date": "2023-08-22-15-00-00", "alternatives": [1, 178, 78, 78, 78, 78]}, {"date": "2023-08-22-15-00-00", "alternatives": [1, 178, 78, 78, 78, 78]}, {"date": "2023-08-22-15-00-00", "alternatives": [1, 178, 78, 78, 78, 78]}, {"date": "2023-08-22-15-00-00", "alternatives": [1, 178, 78, 78, 78, 78]}, {"date": "2023-08-22-15-00-00", "alternatives": [1, 178, 78, 78, 78, 78]}, {"date": "2023-08-22-15-00-00", "alternatives": [1, 178, 78, 78, 78, 78]}, {"date": "2023-08-22-22-00-00", "alternatives": ["98", "198", "98"]}, {"date": "2023-08-22-22-00-00", "alternatives": ["98", "198", "98"]}]}, {"location": {"country_code": "br"}, "game_id": "314852", "values": [{"date": "2023-08-23-01-00-00", "alternatives": ["1138", "138", "1138"]}, {"date": "2023-08-22-18-00-00", "alternatives": ["33", "33", "3"]}, {"date": "2023-08-22-18-00-00", "alternatives": ["33", "33", "3"]}, {"date": "2023-08-23-01-00-00", "alternatives": ["1135", "135", "135"]}, {"date": "2023-08-23-01-00-00", "alternatives": ["1135", "135", "135"]}, {"date": "2023-08-23-01-00-00", "alternatives": ["1135", "135", "135"]}]}, {"location": {"country_code": "se"}, "game_id": "314852", "values": [{"date": "2023-08-22-21-00-00", "alternatives": ["280", "280", "24"]}, {"date": "2023-08-22-21-00-00", "alternatives": ["280", "280", "24"]}, {"date": "2023-08-22-21-00-00", "alternatives": ["280", "280", "24"]}]}, {"location": {"country_code": "no"}, "game_id": "314852", "values": [{"date": "2023-08-22-16-00-00", "alternatives": ["31", "37", "37"]}]}, {"location": {"country_code": "us", "region": "California", "city": "East Los Angeles"}, "game_id": "314852", "values": [{"date": "2023-08-22-09-00-00", "alternatives": [96, 26, 6, 96, 96]}, {"date": "2023-08-22-09-00-00", "alternatives": [96, 26, 6, 96, 96]}, {"date": "2023-08-22-09-00-00", "alternatives": [96, 26, 6, 96, 96]}, {"date": "2023-08-22-09-00-00", "alternatives": [96, 26, 6, 96, 96]}, {"date": "2023-08-22-09-00-00", "alternatives": [96, 26, 6, 96, 96]}, {"date": "2023-08-22-09-00-00", "alternatives": [96, 26, 6, 96, 96]}]}, {"location": {"country_code": "au"}, "game_id": "314852", "values": [{"date": "2023-08-22-13-00-00", "alternatives": ["159", "1159", "159"]}, {"date": "2023-08-22-13-00-00", "alternatives": ["159", "1159", "159"]}, {"date": "2023-08-22-13-00-00", "alternatives": ["159", "1159", "159"]}, {"date": "2023-08-22-07-00-00", "alternatives": ["203", "1203", "1203"]}, {"date": "2023-08-22-07-00-00", "alternatives": ["203", "1203", "1203"]}, {"date": "2023-08-22-07-00-00", "alternatives": ["203", "1203", "1203"]}, {"date": "2023-08-22-07-00-00", "alternatives": ["203", "1203", "1203"]}, {"date": "2023-08-22-07-00-00", "alternatives": ["203", "1203", "1203"]}, {"date": "2023-08-22-09-00-00", "alternatives": [123, 231, 231, 231, 11231]}, {"date": "2023-08-22-09-00-00", "alternatives": [123, 231, 231, 231, 11231]}, {"date": "2023-08-22-09-00-00", "alternatives": [123, 231, 231, 231, 11231]}, {"date": "2023-08-22-09-00-00", "alternatives": [123, 231, 231, 231, 11231]}, {"date": "2023-08-22-09-00-00", "alternatives": [123, 231, 231, 231, 11231]}, {"date": "2023-08-22-09-00-00", "alternatives": [123, 231, 231, 231, 11231]}, {"date": "2023-08-22-09-00-00", "alternatives": [123, 231, 231, 231, 11231]}, {"date": "2023-08-22-09-00-00", "alternatives": [123, 231, 231, 231, 11231]}, {"date": "2023-08-22-09-00-00", "alternatives": [123, 231, 231, 231, 11231]}, {"date": "2023-08-22-09-00-00", "alternatives": [123, 231, 231, 231, 11231]}, {"date": "2023-08-22-09-00-00", "alternatives": [123, 231, 231, 231, 11231]}, {"date": "2023-08-22-09-00-00", "alternatives": [123, 231, 231, 231, 11231]}, {"date": "2023-08-22-09-00-00", "alternatives": [123, 231, 231, 231, 11231]}, {"date": "2023-08-22-09-00-00", "alternatives": [123, 231, 231, 231, 11231]}, {"date": "2023-08-22-17-00-00", "alternatives": ["225", "225", "4"]}, {"date": "2023-08-22-06-00-00", "alternatives": [42, 122, 142, 142, 142]}, {"date": "2023-08-22-06-00-00", "alternatives": [42, 122, 142, 142, 142]}, {"date": "2023-08-22-06-00-00", "alternatives": [42, 122, 142, 142, 142]}, {"date": "2023-08-22-06-00-00", "alternatives": [42, 122, 142, 142, 142]}, {"date": "2023-08-22-06-00-00", "alternatives": [42, 122, 142, 142, 142]}, {"date": "2023-08-22-12-00-00", "alternatives": [193, 192, 92, 192, 192]}, {"date": "2023-08-22-12-00-00", "alternatives": [193, 192, 92, 192, 192]}]}, {"location": {"country_code": "es", "region": "Catalonia", "city": "l'Hospitalet de Llobregat"}, "game_id": "314852", "values": [{"date": "2023-08-22-15-00-00", "alternatives": ["37", "1137", "37"]}, {"date": "2023-08-22-11-00-00", "alternatives": [67, 187, 3, 67, 67]}, {"date": "2023-08-22-11-00-00", "alternatives": [67, 187, 3, 67, 67]}, {"date": "2023-08-22-11-00-00", "alternatives": [67, 187, 3, 67, 67]}, {"date": "2023-08-22-11-00-00", "alternatives": [67, 187, 3, 67, 67]}, {"date": "2023-08-22-11-00-00", "alternatives": [67, 187, 3, 67, 67]}, {"date": "2023-08-22-11-00-00", "alternatives": [67, 187, 3, 67, 67]}, {"date": "2023-08-22-11-00-00", "alternatives": [67, 187, 3, 67, 67]}, {"date": "2023-08-22-11-00-00", "alternatives": [67, 187, 3, 67, 67]}, {"date": "2023-08-22-11-00-00", "alternatives": [67, 187, 3, 67, 67]}, {"date": "2023-08-22-11-00-00", "alternatives": [67, 187, 3, 67, 67]}, {"date": "2023-08-22-11-00-00", "alternatives": [67, 187, 3, 67, 67]}, {"date": "2023-08-22-11-00-00", "alternatives": [67, 187, 3, 67, 67]}, {"date": "2023-08-22-11-00-00", "alternatives": [67, 187, 3, 67, 67]}, {"date": "2023-08-22-11-00-00", "alternatives": [67, 187, 3, 67, 67]}, {"date": "2023-08-22-11-00-00", "alternatives": [67, 187, 3, 67, 67]}, {"date": "2023-08-22-11-00-00", "alternatives": [67, 187, 3, 67, 67]}]}, {"location": {"country_code": "dk"}, "game_id": "314852", "values": [{"date": "2023-08-22-02-00-00", "alternatives": ["137", "37", "37"]}]}, {"location": {"country_code": "ca", "region": "Ontario"}, "game_id": "314852", "values": [{"date": "2023-08-22-21-00-00", "alternatives": ["634", "63", "63"]}, {"date": "2023-08-22-21-00-00", "alternatives": ["634", "63", "63"]}]}, {"location": {"country_code": "kr"}, "game_id": "314852", "values": [{"date": "2023-08-22-16-00-00", "alternatives": [155, 55, 55, 55, 55]}, {"date": "2023-08-22-16-00-00", "alternatives": [155, 55, 55, 55, 55]}, {"date": "2023-08-22-16-00-00", "alternatives": [155, 55, 55, 55, 55]}]}, {"location": {"country_code": "es"}, "game_id": "314852", "values": [{"date": "2023-08-23-00-00-00", "alternatives": [44, 44, 44, 44]}, {"date": "2023-08-23-00-00-00", "alternatives": [44, 44, 44, 44]}, {"date": "2023-08-22-20-00-00", "alternatives": [448, 1148, 448, 1148, 1148]}, {"date": "2023-08-22-20-00-00", "alternatives": [448, 1148, 448, 1148, 1148]}, {"date": "2023-08-22-20-00-00", "alternatives": [448, 1148, 448, 1148, 1148]}, {"date": "2023-08-22-19-00-00", "alternatives": ["07", "107", "107"]}, {"date": "2023-08-22-19-00-00", "alternatives": ["07", "107", "107"]}, {"date": "2023-08-22-02-00-00", "alternatives": ["50", "1150", "1150"]}]}, {"location": {"country_code": "ar", "region": "Buenos Aires F.D.", "city": "Bahia Blanca"}, "game_id": "314852", "values": [{"date": "2023-08-22-08-00-00", "alternatives": ["1167", "167", "167"]}]}, {"location": {"country_code": "fi"}, "game_id": "314852", "values": [{"date": "2023-08-22-20-00-00", "alternatives": ["0", "0054", "0054"]}, {"date": "2023-08-22-20-00-00", "alternatives": ["0", "0054", "0054"]}]}, {"location": {"country_code": "ca", "region": "Alberta"}, "game_id": "314852", "values": [{"date": "2023-08-22-12-00-00", "alternatives": [8, 88, 88, 88]}, {"date": "2023-08-22-12-00-00", "alternatives": [8, 88, 88, 88]}, {"date": "2023-08-22-12-00-00", "alternatives": [8, 88, 88, 88]}, {"date": "2023-08-22-12-00-00", "alternatives": [8, 88, 88, 88]}, {"date": "2023-08-22-12-00-00", "alternatives": [8, 88, 88, 88]}, {"date": "2023-08-22-12-00-00", "alternatives": [8, 88, 88, 88]}, {"date": "2023-08-22-12-00-00", "alternatives": [8, 88, 88, 88]}]}, {"location": {"country_code": "ru", "region": "Moscow", "city": "Zelenograd"}, "game_id": "314852", "values": [{"date": "2023-08-23-02-00-00", "alternatives": ["51", "51", "151"]}, {"date": "2023-08-23-02-00-00", "alternatives": ["51", "51", "151"]}, {"date": "2023-08-23-02-00-00", "alternatives": ["51", "51", "151"]}, {"date": "2023-08-23-02-00-00", "alternatives": ["51", "51", "151"]}, {"date": "2023-08-23-02-00-00", "alternatives": ["51", "51", "151"]}, {"date": "2023-08-22-09-00-00", "alternatives": [59, 11359, 59, 1159, 59]}, {"date": "2023-08-22-09-00-00", "alternatives": [59, 11359, 59, 1159, 59]}, {"date": "2023-08-22-09-00-00", "alternatives": [59, 11359, 59, 1159, 59]}, {"date": "2023-08-22-09-00-00", "alternatives": [59, 11359, 59, 1159, 59]}, {"date": "2023-08-22-09-00-00", "alternatives": [59, 11359, 59, 1159, 59]}, {"date": "2023-08-22-09-00-00", "alternatives": [59, 11359, 59, 1159, 59]}, {"date": "2023-08-22-09-00-00", "alternatives": [59, 11359, 59, 1159, 59]}]}, {"location": {"country_code": "us", "region": "Missouri"}, "game_id": "314852", "values": [{"date": "2023-08-22-08-00-00", "alternatives": ["58", "58", "8"]}, {"date": "2023-08-22-08-00-00", "alternatives": ["58", "58", "8"]}, {"date": "2023-08-22-08-00-00", "alternatives": ["58", "58", "8"]}]}, {"location": {"country_code": "us", "region": "South Carolina"}, "game_id": "314852", "values": [{"date": "2023-08-22-21-00-00", "alternatives": ["25", "25", "26"]}, {"date": "2023-08-22-21-00-00", "alternatives": ["25", "25", "26"]}, {"date": "2023-08-22-21-00-00", "alternatives": ["25", "25", "26"]}, {"date": "2023-08-22-21-00-00", "alternatives": ["25", "25", "26"]}]}, {"location": {"country_code": "at", "region": "Vienna"}, "game_id": "314852", "values": [{"date": "2023-08-22-16-00-00", "alternatives": [92, 192, 92, 92]}, {"date": "2023-08-22-16-00-00", "alternatives": [92, 192, 92, 92]}]}, {"location": {"country_code": "co"}, "game_id": "314852", "values": [{"date": "2023-08-22-21-00-00", "alternatives": [96, 196, 11986, 196, 196, 1196]}, {"date": "2023-08-22-21-00-00", "alternatives": [96, 196, 11986, 196, 196, 1196]}, {"date": "2023-08-22-21-00-00", "alternatives": [96, 196, 11986, 196, 196, 1196]}, {"date": "2023-08-22-21-00-00", "alternatives": [96, 196, 11986, 196, 196, 1196]}, {"date": "2023-08-22-21-00-00", "alternatives": [96, 196, 11986, 196, 196, 1196]}]}, {"location": {"country_code": "pl"}, "game_id": "314852", "values": [{"date": "2023-08-22-22-00-00", "alternatives": ["0", "40", "40"]}, {"date": "2023-08-22-21-00-00", "alternatives": ["35", "85", "35"]}, {"date": "2023-08-22-21-00-00", "alternatives": ["35", "85", "35"]}]}, {"location": {"country_code": "us", "region": "Nevada", "city": "Las Vegas"}, "game_id": "314852", "values": [{"date": "2023-08-22-10-00-00", "alternatives": [66, 6, 66, 66, 66]}, {"date": "2023-08-22-10-00-00", "alternatives": [66, 6, 66, 66, 66]}, {"date": "2023-08-22-10-00-00", "alternatives": [66, 6, 66, 66, 66]}, {"date": "2023-08-22-10-00-00", "alternatives": [66, 6, 66, 66, 66]}, {"date": "2023-08-22-10-00-00", "alternatives": [66, 6, 66, 66, 66]}, {"date": "2023-08-22-10-00-00", "alternatives": [66, 6, 66, 66, 66]}, {"date": "2023-08-22-10-00-00", "alternatives": [66, 6, 66, 66, 66]}, {"date": "2023-08-22-10-00-00", "alternatives": [66, 6, 66, 66, 66]}, {"date": "2023-08-22-10-00-00", "alternatives": [66, 6, 66, 66, 66]}, {"date": "2023-08-22-10-00-00", "alternatives": [66, 6, 66, 66, 66]}, {"date": "2023-08-22-10-00-00", "alternatives": [66, 6, 66, 66, 66]}]}, {"location": {"country_code": "ua"}, "game_id": "314852", "values": [{"date": "2023-08-22-20-00-00", "alternatives": [2, 42, 42, 1142, 42]}, {"date": "2023-08-22-20-00-00", "alternatives": [2, 42, 42, 1142, 42]}, {"date": "2023-08-22-19-00-00", "alternatives": [50, 0, 50, 50]}, {"date": "2023-08-22-19-00-00", "alternatives": [50, 0, 50, 50]}, {"date": "2023-08-22-19-00-00", "alternatives": [50, 0, 50, 50]}, {"date": "2023-08-22-19-00-00", "alternatives": [50, 0, 50, 50]}, {"date": "2023-08-22-19-00-00", "alternatives": [50, 0, 50, 50]}, {"date": "2023-08-22-19-00-00", "alternatives": [50, 0, 50, 50]}, {"date": "2023-08-22-19-00-00", "alternatives": [50, 0, 50, 50]}, {"date": "2023-08-22-19-00-00", "alternatives": [50, 0, 50, 50]}]}, {"location": {"country_code": "kr", "region": "Seoul"}, "game_id": "314852", "values": [{"date": "2023-08-22-13-00-00", "alternatives": ["56", "5", "56"]}, {"date": "2023-08-22-13-00-00", "alternatives": ["56", "5", "56"]}]}, {"location": {"country_code": "sg"}, "game_id": "314852", "values": [{"date": "2023-08-22-20-00-00", "alternatives": ["8", "84", "84"]}, {"date": "2023-08-22-20-00-00", "alternatives": ["8", "84", "84"]}, {"date": "2023-08-22-20-00-00", "alternatives": ["8", "84", "84"]}, {"date": "2023-08-22-20-00-00", "alternatives": ["8", "84", "84"]}, {"date": "2023-08-22-20-00-00", "alternatives": ["8", "84", "84"]}, {"date": "2023-08-22-20-00-00", "alternatives": ["8", "84", "84"]}, {"date": "2023-08-22-20-00-00", "alternatives": ["8", "84", "84"]}, {"date": "2023-08-22-20-00-00", "alternatives": ["8", "84", "84"]}, {"date": "2023-08-22-20-00-00", "alternatives": ["8", "84", "84"]}, {"date": "2023-08-22-20-00-00", "alternatives": ["8", "84", "84"]}, {"date": "2023-08-22-11-00-00", "alternatives": ["197", "97", "97"]}, {"date": "2023-08-22-14-00-00", "alternatives": ["93", "93", "23"]}, {"date": "2023-08-22-14-00-00", "alternatives": ["93", "93", "23"]}, {"date": "2023-08-22-14-00-00", "alternatives": [101, 107, 10, 40, 107, 107]}, {"date": "2023-08-22-14-00-00", "alternatives": [101, 107, 10, 40, 107, 107]}, {"date": "2023-08-22-14-00-00", "alternatives": [101, 107, 10, 40, 107, 107]}, {"date": "2023-08-22-14-00-00", "alternatives": [101, 107, 10, 40, 107, 107]}, {"date": "2023-08-22-14-00-00", "alternatives": [101, 107, 10, 40, 107, 107]}, {"date": "2023-08-22-10-00-00", "alternatives": [8905, 189, 89, 89, 189, 89]}, {"date": "2023-08-22-10-00-00", "alternatives": [8905, 189, 89, 89, 189, 89]}, {"date": "2023-08-22-10-00-00", "alternatives": [8905, 189, 89, 89, 189, 89]}, {"date": "2023-08-22-10-00-00", "alternatives": [8905, 189, 89, 89, 189, 89]}, {"date": "2023-08-22-10-00-00", "alternatives": [8905, 189, 89, 89, 189, 89]}, {"date": "2023-08-22-10-00-00", "alternatives": [8905, 189, 89, 89, 189, 89]}, {"date": "2023-08-22-10-00-00", "alternatives": [8905, 189, 89, 89, 189, 89]}, {"date": "2023-08-22-10-00-00", "alternatives": [8905, 189, 89, 89, 189, 89]}, {"date": "2023-08-22-10-00-00", "alternatives": [8905, 189, 89, 89, 189, 89]}, {"date": "2023-08-22-10-00-00", "alternatives": [8905, 189, 89, 89, 189, 89]}, {"date": "2023-08-22-17-00-00", "alternatives": [1, 83, 3, 83, 83]}, {"date": "2023-08-22-17-00-00", "alternatives": [1, 83, 3, 83, 83]}, {"date": "2023-08-22-17-00-00", "alternatives": [1, 83, 3, 83, 83]}, {"date": "2023-08-22-17-00-00", "alternatives": [1, 83, 3, 83, 83]}, {"date": "2023-08-22-19-00-00", "alternatives": [8, 0, 88, 88, 88]}, {"date": "2023-08-22-19-00-00", "alternatives": [8, 0, 88, 88, 88]}, {"date": "2023-08-22-19-00-00", "alternatives": ["9", "91", "9"]}, {"date": "2023-08-22-18-00-00", "alternatives": ["103", "103", "183"]}, {"date": "2023-08-22-18-00-00", "alternatives": ["103", "103", "183"]}, {"date": "2023-08-22-18-00-00", "alternatives": ["103", "103", "183"]}, {"date": "2023-08-22-18-00-00", "alternatives": ["103", "103", "183"]}]}, {"location": {"country_code": "it", "region": "Veneto"}, "game_id": "314852", "values": [{"date": "2023-08-22-14-00-00", "alternatives": ["92", "92", "1"]}, {"date": "2023-08-22-14-00-00", "alternatives": ["92", "92", "1"]}, {"date": "2023-08-22-14-00-00", "alternatives": ["92", "92", "1"]}, {"date": "2023-08-22-14-00-00", "alternatives": ["92", "92", "1"]}, {"date": "2023-08-22-14-00-00", "alternatives": ["92", "92", "1"]}, {"date": "2023-08-22-14-00-00", "alternatives": ["92", "92", "1"]}]}, {"location": {"country_code": "my"}, "game_id": "314852", "values": [{"date": "2023-08-22-15-00-00", "alternatives": [1115, 115, 115, 115]}, {"date": "2023-08-22-21-00-00", "alternatives": [199, 99, 99, 99]}, {"date": "2023-08-22-21-00-00", "alternatives": [199, 99, 99, 99]}, {"date": "2023-08-22-21-00-00", "alternatives": [199, 99, 99, 99]}]}, {"location": {"country_code": "id"}, "game_id": "314852", "values": [{"date": "2023-08-22-14-00-00", "alternatives": [82, 1821, 182, 77829, 182, 182]}, {"date": "2023-08-22-14-00-00", "alternatives": [82, 1821, 182, 77829, 182, 182]}, {"date": "2023-08-22-14-00-00", "alternatives": [82, 1821, 182, 77829, 182, 182]}, {"date": "2023-08-22-14-00-00", "alternatives": [82, 1821, 182, 77829, 182, 182]}, {"date": "2023-08-22-14-00-00", "alternatives": [82, 1821, 182, 77829, 182, 182]}, {"date": "2023-08-22-14-00-00", "alternatives": [82, 1821, 182, 77829, 182, 182]}, {"date": "2023-08-22-14-00-00", "alternatives": [82, 1821, 182, 77829, 182, 182]}, {"date": "2023-08-22-14-00-00", "alternatives": [82, 1821, 182, 77829, 182, 182]}, {"date": "2023-08-22-15-00-00", "alternatives": ["122", "122", "2"]}, {"date": "2023-08-22-15-00-00", "alternatives": ["122", "122", "2"]}, {"date": "2023-08-22-15-00-00", "alternatives": ["122", "122", "2"]}, {"date": "2023-08-22-15-00-00", "alternatives": ["122", "122", "2"]}, {"date": "2023-08-22-15-00-00", "alternatives": ["122", "122", "2"]}, {"date": "2023-08-22-15-00-00", "alternatives": ["122", "122", "2"]}, {"date": "2023-08-22-15-00-00", "alternatives": ["122", "122", "2"]}, {"date": "2023-08-22-15-00-00", "alternatives": ["122", "122", "2"]}, {"date": "2023-08-22-15-00-00", "alternatives": ["122", "122", "2"]}, {"date": "2023-08-22-12-00-00", "alternatives": ["1119", "1119", "19"]}, {"date": "2023-08-22-12-00-00", "alternatives": ["1119", "1119", "19"]}]}, {"location": {"country_code": "mx", "region": "Nuevo Leon", "city": "Monterrey"}, "game_id": "314852", "values": [{"date": "2023-08-22-08-00-00", "alternatives": [6, 164, 64, 64, 164, 64]}, {"date": "2023-08-22-08-00-00", "alternatives": [6, 164, 64, 64, 164, 64]}, {"date": "2023-08-22-08-00-00", "alternatives": [6, 164, 64, 64, 164, 64]}]}, {"location": {"country_code": "au", "region": "South Australia"}, "game_id": "314852", "values": [{"date": "2023-08-22-09-00-00", "alternatives": ["362", "342", "342"]}, {"date": "2023-08-22-09-00-00", "alternatives": ["362", "342", "342"]}, {"date": "2023-08-22-09-00-00", "alternatives": ["362", "342", "342"]}, {"date": "2023-08-22-09-00-00", "alternatives": ["362", "342", "342"]}]}, {"location": {"country_code": "pt", "region": "Braga District", "city": "Vila Nova de Famalicao"}, "game_id": "314852", "values": [{"date": "2023-08-23-00-00-00", "alternatives": ["35", "1385", "35"]}]}, {"location": {"country_code": "pt", "region": "Lisbon District", "city": "Amadora"}, "game_id": "314852", "values": [{"date": "2023-08-22-06-00-00", "alternatives": ["48", "48", "18"]}, {"date": "2023-08-22-06-00-00", "alternatives": ["48", "48", "18"]}, {"date": "2023-08-22-06-00-00", "alternatives": ["48", "48", "18"]}]}, {"location": {"country_code": "br", "region": "State of Rio de Janeiro", "city": "Angra dos Reis"}, "game_id": "314852", "values": [{"date": "2023-08-22-02-00-00", "alternatives": [2, 2, 2]}, {"date": "2023-08-22-02-00-00", "alternatives": [2, 2, 2]}, {"date": "2023-08-22-02-00-00", "alternatives": [2, 2, 2]}]}, {"location": {"country_code": "us", "region": "Texas", "city": "Arlington"}, "game_id": "314852", "values": [{"date": "2023-08-23-00-00-00", "alternatives": [4, 47, 67, 47, 47]}, {"date": "2023-08-23-00-00-00", "alternatives": [4, 47, 67, 47, 47]}]}, {"location": {"country_code": "fr", "region": "Alvernia-Rodano-Alpi", "city": "Mars"}, "game_id": "314852", "values": [{"date": "2023-08-22-03-00-00", "alternatives": [66, 6, 64, 64, 64]}, {"date": "2023-08-22-03-00-00", "alternatives": [66, 6, 64, 64, 64]}]}, {"location": {"country_code": "us", "region": "Florida", "city": "Orlando"}, "game_id": "314852", "values": [{"date": "2023-08-22-06-00-00", "alternatives": ["63", "43", "43"]}, {"date": "2023-08-22-06-00-00", "alternatives": ["63", "43", "43"]}, {"date": "2023-08-22-06-00-00", "alternatives": ["63", "43", "43"]}]}, {"location": {"country_code": "ca", "region": "British Columbia", "city": "Richmond"}, "game_id": "314852", "values": [{"date": "2023-08-22-06-00-00", "alternatives": [1, 89, 89, 89]}, {"date": "2023-08-22-06-00-00", "alternatives": [1, 89, 89, 89]}, {"date": "2023-08-22-06-00-00", "alternatives": [1, 89, 89, 89]}, {"date": "2023-08-22-06-00-00", "alternatives": [1, 89, 89, 89]}, {"date": "2023-08-22-06-00-00", "alternatives": [1, 89, 89, 89]}, {"date": "2023-08-22-06-00-00", "alternatives": [1, 89, 89, 89]}, {"date": "2023-08-22-06-00-00", "alternatives": [1, 89, 89, 89]}]}, {"location": {"country_code": "ec", "region": "Guayas", "city": "Guayaquil"}, "game_id": "314852", "values": [{"date": "2023-08-22-04-00-00", "alternatives": [198, 98, 1198, 198, 198, 1198]}, {"date": "2023-08-22-04-00-00", "alternatives": [198, 98, 1198, 198, 198, 1198]}, {"date": "2023-08-22-04-00-00", "alternatives": [198, 98, 1198, 198, 198, 1198]}, {"date": "2023-08-22-04-00-00", "alternatives": [198, 98, 1198, 198, 198, 1198]}, {"date": "2023-08-22-04-00-00", "alternatives": [198, 98, 1198, 198, 198, 1198]}, {"date": "2023-08-22-04-00-00", "alternatives": [198, 98, 1198, 198, 198, 1198]}]}, {"location": {"country_code": "ca", "region": "Alberta", "city": "Calgary"}, "game_id": "314852", "values": [{"date": "2023-08-22-08-00-00", "alternatives": ["92", "92", "3"]}, {"date": "2023-08-22-08-00-00", "alternatives": ["92", "92", "3"]}, {"date": "2023-08-22-08-00-00", "alternatives": ["92", "92", "3"]}, {"date": "2023-08-22-08-00-00", "alternatives": ["92", "92", "3"]}]}, {"location": {"country_code": "de", "region": "North Rhine-Westphalia"}, "game_id": "314852", "values": [{"date": "2023-08-22-17-00-00", "alternatives": ["124", "24", "24"]}, {"date": "2023-08-22-17-00-00", "alternatives": ["124", "24", "24"]}, {"date": "2023-08-22-17-00-00", "alternatives": ["124", "24", "24"]}]}, {"location": {"country_code": "fr", "region": "Sent Martin de Miranas"}, "game_id": "314852", "values": [{"date": "2023-08-22-18-00-00", "alternatives": ["621", "621", "3621"]}, {"date": "2023-08-22-18-00-00", "alternatives": ["621", "621", "3621"]}, {"date": "2023-08-22-18-00-00", "alternatives": ["621", "621", "3621"]}, {"date": "2023-08-22-18-00-00", "alternatives": ["621", "621", "3621"]}]}, {"location": {"country_code": "br", "region": "Santa Catarina"}, "game_id": "314852", "values": [{"date": "2023-08-22-23-00-00", "alternatives": ["154", "1154", "1154"]}]}, {"location": {"country_code": "us", "region": "Virginia", "city": "Richmond"}, "game_id": "314852", "values": [{"date": "2023-08-22-06-00-00", "alternatives": [20, 26, 26, 26]}, {"date": "2023-08-22-06-00-00", "alternatives": [20, 26, 26, 26]}, {"date": "2023-08-22-06-00-00", "alternatives": [20, 26, 26, 26]}, {"date": "2023-08-22-06-00-00", "alternatives": [20, 26, 26, 26]}, {"date": "2023-08-22-06-00-00", "alternatives": [20, 26, 26, 26]}, {"date": "2023-08-22-06-00-00", "alternatives": [20, 26, 26, 26]}, {"date": "2023-08-22-06-00-00", "alternatives": [20, 26, 26, 26]}, {"date": "2023-08-22-06-00-00", "alternatives": [20, 26, 26, 26]}, {"date": "2023-08-22-06-00-00", "alternatives": [20, 26, 26, 26]}, {"date": "2023-08-22-06-00-00", "alternatives": [20, 26, 26, 26]}, {"date": "2023-08-22-06-00-00", "alternatives": [20, 26, 26, 26]}, {"date": "2023-08-22-06-00-00", "alternatives": [20, 26, 26, 26]}, {"date": "2023-08-22-06-00-00", "alternatives": [20, 26, 26, 26]}, {"date": "2023-08-22-06-00-00", "alternatives": [20, 26, 26, 26]}]}, {"location": {"country_code": "us", "region": "New Mexico", "city": "Albuquerque"}, "game_id": "314852", "values": [{"date": "2023-08-22-18-00-00", "alternatives": ["1", "1", "41"]}, {"date": "2023-08-22-18-00-00", "alternatives": ["1", "1", "41"]}]}, {"location": {"country_code": "br", "region": "Sao Paulo", "city": "Osasco"}, "game_id": "314852", "values": [{"date": "2023-08-23-01-00-00", "alternatives": ["1179", "179", "179"]}, {"date": "2023-08-23-01-00-00", "alternatives": ["1179", "179", "179"]}]}, {"location": {"country_code": "us", "region": "New York"}, "game_id": "314852", "values": [{"date": "2023-08-23-01-00-00", "alternatives": ["30", "30", "20"]}]}, {"location": {"country_code": "es", "region": "Catalonia"}, "game_id": "314852", "values": [{"date": "2023-08-23-02-00-00", "alternatives": [66, 166, 1166, 166, 1166, 1166]}]}, {"location": {"country_code": "mx", "region": "Chihuahua"}, "game_id": "314852", "values": [{"date": "2023-08-22-09-00-00", "alternatives": ["6", "4", "4"]}, {"date": "2023-08-22-09-00-00", "alternatives": ["6", "4", "4"]}, {"date": "2023-08-22-09-00-00", "alternatives": ["6", "4", "4"]}, {"date": "2023-08-22-09-00-00", "alternatives": ["6", "4", "4"]}, {"date": "2023-08-22-09-00-00", "alternatives": ["6", "4", "4"]}, {"date": "2023-08-22-09-00-00", "alternatives": ["6", "4", "4"]}, {"date": "2023-08-22-09-00-00", "alternatives": ["6", "4", "4"]}, {"date": "2023-08-22-09-00-00", "alternatives": ["6", "4", "4"]}, {"date": "2023-08-22-09-00-00", "alternatives": ["6", "4", "4"]}, {"date": "2023-08-22-09-00-00", "alternatives": ["6", "4", "4"]}, {"date": "2023-08-22-09-00-00", "alternatives": ["6", "4", "4"]}, {"date": "2023-08-22-09-00-00", "alternatives": ["6", "4", "4"]}, {"date": "2023-08-22-09-00-00", "alternatives": ["6", "4", "4"]}, {"date": "2023-08-22-09-00-00", "alternatives": ["6", "4", "4"]}]}, {"location": {"country_code": "gb", "region": "Northern Ireland", "city": "Belfast"}, "game_id": "314852", "values": [{"date": "2023-08-22-15-00-00", "alternatives": ["3", "43", "43"]}, {"date": "2023-08-22-15-00-00", "alternatives": ["3", "43", "43"]}, {"date": "2023-08-22-15-00-00", "alternatives": ["3", "43", "43"]}, {"date": "2023-08-22-15-00-00", "alternatives": ["3", "43", "43"]}, {"date": "2023-08-22-15-00-00", "alternatives": ["3", "43", "43"]}, {"date": "2023-08-22-15-00-00", "alternatives": ["3", "43", "43"]}]}, {"location": {"country_code": "br", "region": "Minas Gerais", "city": "Barbacena"}, "game_id": "314852", "values": [{"date": "2023-08-22-19-00-00", "alternatives": ["1139", "139", "139"]}, {"date": "2023-08-22-19-00-00", "alternatives": ["1139", "139", "139"]}, {"date": "2023-08-22-19-00-00", "alternatives": ["1139", "139", "139"]}]}, {"location": {"country_code": "mg"}, "game_id": "314852", "values": [{"date": "2023-08-22-12-00-00", "alternatives": ["256", "250", "250"]}, {"date": "2023-08-22-12-00-00", "alternatives": ["256", "250", "250"]}, {"date": "2023-08-22-12-00-00", "alternatives": ["256", "250", "250"]}, {"date": "2023-08-22-12-00-00", "alternatives": ["256", "250", "250"]}]}, {"location": {"country_code": "us", "region": "Colorado", "city": "Aurora"}, "game_id": "314852", "values": [{"date": "2023-08-22-03-00-00", "alternatives": ["61", "6", "61"]}, {"date": "2023-08-22-03-00-00", "alternatives": ["61", "6", "61"]}]}, {"location": {"country_code": "us", "region": "Illinois", "city": "Naperville"}, "game_id": "314852", "values": [{"date": "2023-08-22-07-00-00", "alternatives": [5, 51, 51, 151, 51]}, {"date": "2023-08-22-07-00-00", "alternatives": [5, 51, 51, 151, 51]}, {"date": "2023-08-22-07-00-00", "alternatives": [5, 51, 51, 151, 51]}]}, {"location": {"country_code": "kr", "region": "Ulsan"}, "game_id": "314852", "values": [{"date": "2023-08-22-10-00-00", "alternatives": ["5", "55", "55"]}, {"date": "2023-08-22-10-00-00", "alternatives": ["5", "55", "55"]}]}, {"location": {"country_code": "es", "region": "Canary Islands", "city": "Telde"}, "game_id": "314852", "values": [{"date": "2023-08-22-15-00-00", "alternatives": [7, 1171, 71, 71, 171, 71]}, {"date": "2023-08-22-15-00-00", "alternatives": [7, 1171, 71, 71, 171, 71]}, {"date": "2023-08-22-15-00-00", "alternatives": [7, 1171, 71, 71, 171, 71]}, {"date": "2023-08-22-15-00-00", "alternatives": [7, 1171, 71, 71, 171, 71]}, {"date": "2023-08-22-15-00-00", "alternatives": [7, 1171, 71, 71, 171, 71]}, {"date": "2023-08-22-15-00-00", "alternatives": [7, 1171, 71, 71, 171, 71]}, {"date": "2023-08-22-15-00-00", "alternatives": [7, 1171, 71, 71, 171, 71]}, {"date": "2023-08-22-15-00-00", "alternatives": [7, 1171, 71, 71, 171, 71]}, {"date": "2023-08-22-15-00-00", "alternatives": [7, 1171, 71, 71, 171, 71]}]}, {"location": {"country_code": "si", "region": "Murska Sobota"}, "game_id": "314852", "values": [{"date": "2023-08-23-01-00-00", "alternatives": ["30", "1", "30"]}, {"date": "2023-08-23-01-00-00", "alternatives": ["30", "1", "30"]}]}], "last_updated": 1719918115.542814}