{"data": [{"location": {"country_code": "nz"}, "game_id": "116088", "values": [{"date": "2022-06-02-10-00-00", "latency": 60}]}, {"location": {"country_code": "us"}, "game_id": "116088", "values": [{"date": "2022-06-02-04-00-00", "latency": 49}]}, {"location": {"country_code": "th"}, "game_id": "116088", "values": [{"date": "2022-06-02-10-00-00", "latency": 3}, {"date": "2022-06-02-10-00-00", "latency": 3}, {"date": "2022-06-02-10-00-00", "latency": 3}, {"date": "2022-06-02-10-00-00", "latency": 3}]}, {"location": {"country_code": "ro"}, "game_id": "116088", "values": [{"date": "2022-06-02-20-00-00", "latency": 2}, {"date": "2022-06-02-20-00-00", "latency": 2}]}, {"location": {"country_code": "jp"}, "game_id": "116088", "values": [{"date": "2022-06-02-16-00-00", "latency": 8}]}, {"location": {"country_code": "ca"}, "game_id": "116088", "values": [{"date": "2022-06-02-04-00-00", "latency": 0}]}, {"location": {"country_code": "de"}, "game_id": "116088", "values": [{"date": "2022-06-02-20-00-00", "latency": 16}, {"date": "2022-06-02-20-00-00", "latency": 16}, {"date": "2022-06-02-20-00-00", "latency": 16}, {"date": "2022-06-02-20-00-00", "latency": 16}, {"date": "2022-06-02-20-00-00", "latency": 16}]}, {"location": {"country_code": "ph"}, "game_id": "116088", "values": [{"date": "2022-06-02-17-00-00", "latency": 43}, {"date": "2022-06-02-17-00-00", "latency": 43}, {"date": "2022-06-02-17-00-00", "latency": 43}]}, {"location": {"country_code": "ph", "region": "National Capital Region", "city": "Quezon City"}, "game_id": "116088", "values": [{"date": "2022-06-02-19-00-00", "latency": 0}]}, {"location": {"country_code": "in"}, "game_id": "116088", "values": [{"date": "2022-06-02-17-00-00", "latency": 2}, {"date": "2022-06-02-15-00-00", "latency": 5}, {"date": "2022-06-02-15-00-00", "latency": 5}]}, {"location": {"country_code": "br", "region": "Paraiba"}, "game_id": "116088", "values": [{"date": "2022-06-03-02-00-00", "latency": 57}, {"date": "2022-06-03-02-00-00", "latency": 57}, {"date": "2022-06-03-02-00-00", "latency": 57}]}, {"location": {"country_code": "se"}, "game_id": "116088", "values": [{"date": "2022-06-02-06-00-00", "latency": 3}]}, {"location": {"country_code": "au"}, "game_id": "116088", "values": [{"date": "2022-06-02-11-00-00", "latency": 21}, {"date": "2022-06-02-11-00-00", "latency": 21}]}, {"location": {"country_code": "tr"}, "game_id": "116088", "values": [{"date": "2022-06-02-23-00-00", "latency": 37}]}, {"location": {"country_code": "ca", "region": "Ontario"}, "game_id": "116088", "values": [{"date": "2022-06-02-06-00-00", "latency": 38}, {"date": "2022-06-02-06-00-00", "latency": 38}, {"date": "2022-06-02-06-00-00", "latency": 38}]}, {"location": {"country_code": "fi"}, "game_id": "116088", "values": [{"date": "2022-06-02-15-00-00", "latency": 0}]}, {"location": {"country_code": "pe"}, "game_id": "116088", "values": [{"date": "2022-06-02-09-00-00", "latency": 2}, {"date": "2022-06-02-08-00-00", "latency": 9}, {"date": "2022-06-02-08-00-00", "latency": 9}, {"date": "2022-06-02-08-00-00", "latency": 9}, {"date": "2022-06-02-08-00-00", "latency": 9}, {"date": "2022-06-02-08-00-00", "latency": 9}, {"date": "2022-06-02-08-00-00", "latency": 9}]}, {"location": {"country_code": "ua"}, "game_id": "116088", "values": [{"date": "2022-06-02-14-00-00", "latency": 0}]}, {"location": {"country_code": "ru"}, "game_id": "116088", "values": [{"date": "2022-06-02-21-00-00", "latency": 22}, {"date": "2022-06-02-21-00-00", "latency": 22}, {"date": "2022-06-02-21-00-00", "latency": 22}, {"date": "2022-06-02-21-00-00", "latency": 22}, {"date": "2022-06-02-21-00-00", "latency": 43}, {"date": "2022-06-02-21-00-00", "latency": 43}, {"date": "2022-06-02-21-00-00", "latency": 43}, {"date": "2022-06-02-21-00-00", "latency": 43}, {"date": "2022-06-02-21-00-00", "latency": 43}, {"date": "2022-06-02-15-00-00", "latency": 2}, {"date": "2022-06-02-15-00-00", "latency": 2}, {"date": "2022-06-02-21-00-00", "latency": 1}, {"date": "2022-06-02-21-00-00", "latency": 1}, {"date": "2022-06-02-21-00-00", "latency": 1}, {"date": "2022-06-02-21-00-00", "latency": 1}, {"date": "2022-06-02-21-00-00", "latency": 1}, {"date": "2022-06-02-06-00-00", "latency": 46}, {"date": "2022-06-02-06-00-00", "latency": 46}, {"date": "2022-06-02-06-00-00", "latency": 46}, {"date": "2022-06-02-06-00-00", "latency": 46}, {"date": "2022-06-02-06-00-00", "latency": 46}, {"date": "2022-06-02-06-00-00", "latency": 46}, {"date": "2022-06-02-06-00-00", "latency": 46}, {"date": "2022-06-02-06-00-00", "latency": 46}, {"date": "2022-06-02-06-00-00", "latency": 46}, {"date": "2022-06-02-06-00-00", "latency": 46}, {"date": "2022-06-02-06-00-00", "latency": 46}, {"date": "2022-06-02-06-00-00", "latency": 46}, {"date": "2022-06-02-06-00-00", "latency": 46}, {"date": "2022-06-02-06-00-00", "latency": 46}, {"date": "2022-06-02-06-00-00", "latency": 46}]}, {"location": {"country_code": "my"}, "game_id": "116088", "values": [{"date": "2022-06-02-19-00-00", "latency": 2}]}, {"location": {"country_code": "id"}, "game_id": "116088", "values": [{"date": "2022-06-02-16-00-00", "latency": 2}, {"date": "2022-06-02-13-00-00", "latency": 37}, {"date": "2022-06-02-13-00-00", "latency": 37}]}, {"location": {"country_code": "jp", "region": "Kyoto", "city": "Kyoto"}, "game_id": "116088", "values": [{"date": "2022-06-02-10-00-00", "latency": 6}]}, {"location": {"country_code": "us", "region": "Arizona", "city": "Phoenix"}, "game_id": "116088", "values": [{"date": "2022-06-02-08-00-00", "latency": 2}, {"date": "2022-06-02-08-00-00", "latency": 2}, {"date": "2022-06-02-08-00-00", "latency": 2}, {"date": "2022-06-02-08-00-00", "latency": 2}, {"date": "2022-06-02-08-00-00", "latency": 2}]}, {"location": {"country_code": "us", "region": "Washington", "city": "Seattle"}, "game_id": "116088", "values": [{"date": "2022-06-02-11-00-00", "latency": 3}, {"date": "2022-06-02-11-00-00", "latency": 3}, {"date": "2022-06-02-11-00-00", "latency": 3}, {"date": "2022-06-02-11-00-00", "latency": 3}, {"date": "2022-06-02-11-00-00", "latency": 3}, {"date": "2022-06-02-11-00-00", "latency": 3}, {"date": "2022-06-02-11-00-00", "latency": 3}, {"date": "2022-06-02-11-00-00", "latency": 3}, {"date": "2022-06-02-11-00-00", "latency": 3}]}, {"location": {"country_code": "ir", "region": "Tehran Province", "city": "Tehran"}, "game_id": "116088", "values": [{"date": "2022-06-02-22-00-00", "latency": 105}, {"date": "2022-06-02-22-00-00", "latency": 105}]}, {"location": {"country_code": "pe", "region": "Arequipa", "city": "Arequipa"}, "game_id": "116088", "values": [{"date": "2022-06-02-18-00-00", "latency": 12}]}, {"location": {"country_code": "in", "region": "Maharashtra", "city": "Pune"}, "game_id": "116088", "values": [{"date": "2022-06-02-16-00-00", "latency": 2}]}, {"location": {"country_code": "ir", "region": "Fars", "city": "Shiraz"}, "game_id": "116088", "values": [{"date": "2022-06-02-13-00-00", "latency": 83}, {"date": "2022-06-02-13-00-00", "latency": 83}]}, {"location": {"country_code": "ru", "region": "Irkutsk Oblast", "city": "Mamakan"}, "game_id": "116088", "values": [{"date": "2022-06-02-14-00-00", "latency": 13}, {"date": "2022-06-02-14-00-00", "latency": 13}, {"date": "2022-06-02-14-00-00", "latency": 13}]}, {"location": {"country_code": "ao", "region": "Huila Province", "city": "Lubango"}, "game_id": "116088", "values": [{"date": "2022-06-02-16-00-00", "latency": 45}, {"date": "2022-06-02-16-00-00", "latency": 45}, {"date": "2022-06-02-16-00-00", "latency": 45}, {"date": "2022-06-02-16-00-00", "latency": 45}, {"date": "2022-06-02-16-00-00", "latency": 45}, {"date": "2022-06-02-16-00-00", "latency": 45}, {"date": "2022-06-02-16-00-00", "latency": 45}]}], "last_updated": 1719919366.253719}