{"data": [{"location": {"country_code": "si"}, "game_id": "970338", "values": [{"date": "2024-05-07-19-00-00", "alternatives": ["53", "53", "33"]}]}, {"location": {"country_code": "us"}, "game_id": "970338", "values": [{"date": "2024-05-07-13-00-00", "alternatives": ["70", "170", "170"]}, {"date": "2024-05-07-13-00-00", "alternatives": ["70", "170", "170"]}, {"date": "2024-05-07-13-00-00", "alternatives": ["70", "170", "170"]}]}, {"location": {"country_code": "de", "region": "Berlin", "city": "Berlin"}, "game_id": "970338", "values": [{"date": "2024-05-07-11-00-00", "alternatives": ["28", "28", "8"]}, {"date": "2024-05-07-11-00-00", "alternatives": ["28", "28", "8"]}, {"date": "2024-05-07-11-00-00", "alternatives": ["28", "28", "8"]}, {"date": "2024-05-07-11-00-00", "alternatives": ["28", "28", "8"]}, {"date": "2024-05-07-11-00-00", "alternatives": ["28", "28", "8"]}]}, {"location": {"country_code": "us", "region": "New York", "city": "Jamestown"}, "game_id": "970338", "values": [{"date": "2024-05-07-06-00-00", "alternatives": ["83", "43", "43"]}, {"date": "2024-05-07-02-00-00", "alternatives": ["02", "02", "102"]}]}, {"location": {"country_code": "gb"}, "game_id": "970338", "values": [{"date": "2024-05-07-20-00-00", "alternatives": ["32", "32", "22"]}, {"date": "2024-05-07-20-00-00", "alternatives": ["32", "32", "22"]}, {"date": "2024-05-07-20-00-00", "alternatives": ["32", "32", "22"]}, {"date": "2024-05-07-17-00-00", "alternatives": [50, 50, 50]}, {"date": "2024-05-07-17-00-00", "alternatives": [50, 50, 50]}, {"date": "2024-05-07-17-00-00", "alternatives": [50, 50, 50]}, {"date": "2024-05-07-17-00-00", "alternatives": [50, 50, 50]}, {"date": "2024-05-07-17-00-00", "alternatives": [50, 50, 50]}, {"date": "2024-05-07-17-00-00", "alternatives": [50, 50, 50]}, {"date": "2024-05-07-17-00-00", "alternatives": [50, 50, 50]}, {"date": "2024-05-07-17-00-00", "alternatives": [50, 50, 50]}, {"date": "2024-05-07-17-00-00", "alternatives": [50, 50, 50]}, {"date": "2024-05-07-17-00-00", "alternatives": [50, 50, 50]}, {"date": "2024-05-07-17-00-00", "alternatives": [50, 50, 50]}]}, {"location": {"country_code": "ro"}, "game_id": "970338", "values": [{"date": "2024-05-07-18-00-00", "alternatives": ["152", "132", "132"]}, {"date": "2024-05-07-18-00-00", "alternatives": ["152", "132", "132"]}, {"date": "2024-05-07-18-00-00", "alternatives": ["152", "132", "132"]}, {"date": "2024-05-07-18-00-00", "alternatives": ["152", "132", "132"]}, {"date": "2024-05-07-18-00-00", "alternatives": ["152", "132", "132"]}, {"date": "2024-05-07-18-00-00", "alternatives": ["152", "132", "132"]}]}, {"location": {"country_code": "jp"}, "game_id": "970338", "values": [{"date": "2024-05-07-16-00-00", "alternatives": ["242", "242", "42"]}, {"date": "2024-05-07-16-00-00", "alternatives": ["242", "242", "42"]}, {"date": "2024-05-07-16-00-00", "alternatives": ["242", "242", "42"]}, {"date": "2024-05-07-16-00-00", "alternatives": ["242", "242", "42"]}, {"date": "2024-05-07-16-00-00", "alternatives": ["242", "242", "42"]}]}, {"location": {"country_code": "de"}, "game_id": "970338", "values": [{"date": "2024-05-07-13-00-00", "alternatives": ["29", "29", "28"]}, {"date": "2024-05-07-13-00-00", "alternatives": ["29", "29", "28"]}, {"date": "2024-05-07-18-00-00", "alternatives": ["23", "23", "2"]}, {"date": "2024-05-07-18-00-00", "alternatives": ["23", "23", "2"]}, {"date": "2024-05-07-18-00-00", "alternatives": ["23", "23", "2"]}, {"date": "2024-05-07-18-00-00", "alternatives": ["23", "23", "2"]}, {"date": "2024-05-07-18-00-00", "alternatives": ["23", "23", "2"]}, {"date": "2024-05-07-18-00-00", "alternatives": ["23", "23", "2"]}]}, {"location": {"country_code": "fr"}, "game_id": "970338", "values": [{"date": "2024-05-07-13-00-00", "alternatives": ["0", "20", "20"]}]}, {"location": {"country_code": "se"}, "game_id": "970338", "values": [{"date": "2024-05-07-19-00-00", "alternatives": ["1", "111", "111"]}]}, {"location": {"country_code": "us", "region": "Michigan"}, "game_id": "970338", "values": [{"date": "2024-05-07-17-00-00", "alternatives": ["3", "33", "33"]}, {"date": "2024-05-07-17-00-00", "alternatives": ["3", "33", "33"]}, {"date": "2024-05-07-17-00-00", "alternatives": ["3", "33", "33"]}]}, {"location": {"country_code": "ie"}, "game_id": "970338", "values": [{"date": "2024-05-07-03-00-00", "alternatives": ["32", "0", "32"]}, {"date": "2024-05-07-03-00-00", "alternatives": ["32", "0", "32"]}, {"date": "2024-05-07-03-00-00", "alternatives": ["32", "0", "32"]}, {"date": "2024-05-07-03-00-00", "alternatives": ["32", "0", "32"]}, {"date": "2024-05-07-11-00-00", "alternatives": ["32", "2", "32"]}]}, {"location": {"country_code": "us", "region": "District of Columbia", "city": "Washington"}, "game_id": "970338", "values": [{"date": "2024-05-07-03-00-00", "alternatives": [10, 100, 100, 100]}, {"date": "2024-05-07-03-00-00", "alternatives": [10, 100, 100, 100]}, {"date": "2024-05-07-03-00-00", "alternatives": [10, 100, 100, 100]}]}, {"location": {"country_code": "ru"}, "game_id": "970338", "values": [{"date": "2024-05-08-02-00-00", "alternatives": ["45", "45", "4"]}]}, {"location": {"country_code": "sk"}, "game_id": "970338", "values": [{"date": "2024-05-08-00-00-00", "alternatives": ["42", "42", "2"]}, {"date": "2024-05-08-00-00-00", "alternatives": ["42", "42", "2"]}]}, {"location": {"country_code": "us", "region": "Kentucky"}, "game_id": "970338", "values": [{"date": "2024-05-07-02-00-00", "alternatives": ["65", "65", "85"]}]}, {"location": {"country_code": "us", "region": "Minnesota"}, "game_id": "970338", "values": [{"date": "2024-05-07-05-00-00", "alternatives": [2, 72, 72, 72]}, {"date": "2024-05-07-05-00-00", "alternatives": [2, 72, 72, 72]}]}, {"location": {"country_code": "by"}, "game_id": "970338", "values": [{"date": "2024-05-07-22-00-00", "alternatives": ["55", "53", "53"]}, {"date": "2024-05-07-22-00-00", "alternatives": ["55", "53", "53"]}, {"date": "2024-05-07-22-00-00", "alternatives": ["55", "53", "53"]}]}, {"location": {"country_code": "de", "region": "Baden-Wurttemberg"}, "game_id": "970338", "values": [{"date": "2024-05-07-18-00-00", "alternatives": ["35", "32", "32"]}, {"date": "2024-05-07-18-00-00", "alternatives": ["35", "32", "32"]}, {"date": "2024-05-07-18-00-00", "alternatives": ["35", "32", "32"]}, {"date": "2024-05-07-18-00-00", "alternatives": ["35", "32", "32"]}, {"date": "2024-05-07-18-00-00", "alternatives": ["35", "32", "32"]}]}, {"location": {"country_code": "fr", "region": "Normandy", "city": "Caen"}, "game_id": "970338", "values": [{"date": "2024-05-07-03-00-00", "alternatives": ["92", "92", "62"]}, {"date": "2024-05-07-03-00-00", "alternatives": ["92", "92", "62"]}, {"date": "2024-05-07-03-00-00", "alternatives": ["92", "92", "62"]}]}, {"location": {"country_code": "gb", "region": "England", "city": "Poole"}, "game_id": "970338", "values": [{"date": "2024-05-07-15-00-00", "alternatives": ["33", "33", "39"]}, {"date": "2024-05-07-15-00-00", "alternatives": ["33", "33", "39"]}, {"date": "2024-05-07-15-00-00", "alternatives": ["33", "33", "39"]}, {"date": "2024-05-07-15-00-00", "alternatives": ["33", "33", "39"]}, {"date": "2024-05-07-15-00-00", "alternatives": ["33", "33", "39"]}, {"date": "2024-05-07-15-00-00", "alternatives": ["33", "33", "39"]}, {"date": "2024-05-07-15-00-00", "alternatives": ["33", "33", "39"]}]}, {"location": {"country_code": "de", "region": "Lower Saxony", "city": "Lengede"}, "game_id": "970338", "values": [{"date": "2024-05-07-23-00-00", "alternatives": ["3", "3", "33"]}, {"date": "2024-05-07-23-00-00", "alternatives": ["3", "3", "33"]}, {"date": "2024-05-07-23-00-00", "alternatives": ["3", "3", "33"]}]}], "last_updated": 1719917563.138952}