{"data": [{"location": {"country_code": "us"}, "game_id": "273486", "values": [{"date": "2023-04-15-08-00-00", "latency": 54}, {"date": "2023-04-16-01-00-00", "latency": 54}, {"date": "2023-04-16-01-00-00", "latency": 54}, {"date": "2023-04-16-01-00-00", "latency": 54}, {"date": "2023-04-16-01-00-00", "latency": 54}, {"date": "2023-04-16-01-00-00", "latency": 54}, {"date": "2023-04-16-01-00-00", "latency": 54}, {"date": "2023-04-16-01-00-00", "latency": 54}, {"date": "2023-04-16-01-00-00", "latency": 54}, {"date": "2023-04-16-01-00-00", "latency": 54}, {"date": "2023-04-16-01-00-00", "latency": 54}, {"date": "2023-04-16-01-00-00", "latency": 54}, {"date": "2023-04-15-13-00-00", "latency": 1}, {"date": "2023-04-15-13-00-00", "latency": 1}, {"date": "2023-04-15-13-00-00", "latency": 1}, {"date": "2023-04-15-13-00-00", "latency": 1}, {"date": "2023-04-15-13-00-00", "latency": 1}, {"date": "2023-04-15-13-00-00", "latency": 1}, {"date": "2023-04-15-13-00-00", "latency": 1}, {"date": "2023-04-15-13-00-00", "latency": 1}, {"date": "2023-04-15-13-00-00", "latency": 1}, {"date": "2023-04-15-13-00-00", "latency": 1}, {"date": "2023-04-15-13-00-00", "latency": 1}, {"date": "2023-04-15-13-00-00", "latency": 1}, {"date": "2023-04-15-13-00-00", "latency": 1}, {"date": "2023-04-15-13-00-00", "latency": 1}, {"date": "2023-04-15-13-00-00", "latency": 1}, {"date": "2023-04-15-13-00-00", "latency": 1}, {"date": "2023-04-15-13-00-00", "latency": 1}, {"date": "2023-04-15-13-00-00", "latency": 1}, {"date": "2023-04-15-13-00-00", "latency": 1}, {"date": "2023-04-15-13-00-00", "latency": 1}, {"date": "2023-04-15-13-00-00", "latency": 1}, {"date": "2023-04-15-13-00-00", "latency": 1}, {"date": "2023-04-15-13-00-00", "latency": 1}, {"date": "2023-04-15-13-00-00", "latency": 1}, {"date": "2023-04-15-13-00-00", "latency": 1}, {"date": "2023-04-15-13-00-00", "latency": 1}, {"date": "2023-04-15-13-00-00", "latency": 1}, {"date": "2023-04-15-13-00-00", "latency": 1}, {"date": "2023-04-15-13-00-00", "latency": 1}, {"date": "2023-04-15-06-00-00", "latency": 1}, {"date": "2023-04-15-06-00-00", "latency": 1}, {"date": "2023-04-15-06-00-00", "latency": 1}, {"date": "2023-04-15-06-00-00", "latency": 1}, {"date": "2023-04-15-06-00-00", "latency": 1}, {"date": "2023-04-15-06-00-00", "latency": 1}, {"date": "2023-04-15-06-00-00", "latency": 1}, {"date": "2023-04-15-06-00-00", "latency": 1}, {"date": "2023-04-15-06-00-00", "latency": 1}, {"date": "2023-04-15-06-00-00", "latency": 1}, {"date": "2023-04-15-06-00-00", "latency": 1}, {"date": "2023-04-15-06-00-00", "latency": 1}, {"date": "2023-04-15-06-00-00", "latency": 1}, {"date": "2023-04-15-06-00-00", "latency": 1}, {"date": "2023-04-15-06-00-00", "latency": 1}, {"date": "2023-04-15-06-00-00", "latency": 1}, {"date": "2023-04-15-06-00-00", "latency": 1}, {"date": "2023-04-15-06-00-00", "latency": 1}, {"date": "2023-04-15-06-00-00", "latency": 1}, {"date": "2023-04-15-06-00-00", "latency": 1}, {"date": "2023-04-15-06-00-00", "latency": 1}, {"date": "2023-04-15-06-00-00", "latency": 1}, {"date": "2023-04-15-06-00-00", "latency": 1}, {"date": "2023-04-15-06-00-00", "latency": 1}, {"date": "2023-04-15-07-00-00", "latency": 54}, {"date": "2023-04-15-07-00-00", "latency": 54}, {"date": "2023-04-15-07-00-00", "latency": 54}, {"date": "2023-04-15-07-00-00", "latency": 54}, {"date": "2023-04-15-07-00-00", "latency": 54}, {"date": "2023-04-15-07-00-00", "latency": 54}, {"date": "2023-04-15-07-00-00", "latency": 54}]}, {"location": {"country_code": "us", "region": "New York", "city": "Jamestown"}, "game_id": "273486", "values": [{"date": "2023-04-16-00-00-00", "latency": 23}, {"date": "2023-04-16-00-00-00", "latency": 23}]}, {"location": {"country_code": "ca"}, "game_id": "273486", "values": [{"date": "2023-04-16-02-00-00", "latency": 47}, {"date": "2023-04-15-07-00-00", "latency": 33}, {"date": "2023-04-15-07-00-00", "latency": 33}, {"date": "2023-04-15-07-00-00", "latency": 33}, {"date": "2023-04-15-07-00-00", "latency": 33}, {"date": "2023-04-15-07-00-00", "latency": 33}, {"date": "2023-04-15-07-00-00", "latency": 33}, {"date": "2023-04-15-13-00-00", "latency": 35}, {"date": "2023-04-15-13-00-00", "latency": 35}, {"date": "2023-04-15-13-00-00", "latency": 35}]}, {"location": {"country_code": "gb", "region": "England"}, "game_id": "273486", "values": [{"date": "2023-04-15-17-00-00", "latency": 1}, {"date": "2023-04-15-17-00-00", "latency": 1}, {"date": "2023-04-15-17-00-00", "latency": 1}, {"date": "2023-04-15-17-00-00", "latency": 1}]}, {"location": {"country_code": "us", "region": "Texas"}, "game_id": "273486", "values": [{"date": "2023-04-15-23-00-00", "latency": 2}, {"date": "2023-04-15-23-00-00", "latency": 2}, {"date": "2023-04-15-23-00-00", "latency": 2}, {"date": "2023-04-15-23-00-00", "latency": 2}, {"date": "2023-04-15-23-00-00", "latency": 2}, {"date": "2023-04-15-23-00-00", "latency": 2}, {"date": "2023-04-15-23-00-00", "latency": 2}, {"date": "2023-04-15-23-00-00", "latency": 2}, {"date": "2023-04-15-23-00-00", "latency": 2}, {"date": "2023-04-15-23-00-00", "latency": 2}, {"date": "2023-04-15-23-00-00", "latency": 2}, {"date": "2023-04-15-23-00-00", "latency": 2}, {"date": "2023-04-15-23-00-00", "latency": 2}, {"date": "2023-04-15-23-00-00", "latency": 2}, {"date": "2023-04-15-23-00-00", "latency": 2}, {"date": "2023-04-15-23-00-00", "latency": 2}, {"date": "2023-04-15-23-00-00", "latency": 2}, {"date": "2023-04-15-23-00-00", "latency": 2}, {"date": "2023-04-15-23-00-00", "latency": 2}, {"date": "2023-04-15-23-00-00", "latency": 2}, {"date": "2023-04-15-23-00-00", "latency": 2}, {"date": "2023-04-15-23-00-00", "latency": 2}, {"date": "2023-04-15-23-00-00", "latency": 2}, {"date": "2023-04-15-23-00-00", "latency": 2}, {"date": "2023-04-15-23-00-00", "latency": 2}, {"date": "2023-04-15-23-00-00", "latency": 2}, {"date": "2023-04-15-23-00-00", "latency": 2}, {"date": "2023-04-15-23-00-00", "latency": 2}, {"date": "2023-04-15-23-00-00", "latency": 2}, {"date": "2023-04-15-23-00-00", "latency": 2}, {"date": "2023-04-15-23-00-00", "latency": 2}]}, {"location": {"country_code": "us", "region": "Florida"}, "game_id": "273486", "values": [{"date": "2023-04-15-02-00-00", "latency": 27}, {"date": "2023-04-15-02-00-00", "latency": 27}]}, {"location": {"country_code": "us", "region": "California"}, "game_id": "273486", "values": [{"date": "2023-04-15-09-00-00", "latency": 1}, {"date": "2023-04-15-09-00-00", "latency": 1}, {"date": "2023-04-15-09-00-00", "latency": 1}, {"date": "2023-04-15-09-00-00", "latency": 1}, {"date": "2023-04-15-09-00-00", "latency": 1}, {"date": "2023-04-15-09-00-00", "latency": 1}, {"date": "2023-04-15-09-00-00", "latency": 1}, {"date": "2023-04-15-09-00-00", "latency": 1}, {"date": "2023-04-15-09-00-00", "latency": 1}, {"date": "2023-04-15-09-00-00", "latency": 1}, {"date": "2023-04-15-09-00-00", "latency": 1}, {"date": "2023-04-15-09-00-00", "latency": 1}, {"date": "2023-04-15-09-00-00", "latency": 1}, {"date": "2023-04-15-09-00-00", "latency": 1}, {"date": "2023-04-15-09-00-00", "latency": 1}, {"date": "2023-04-15-09-00-00", "latency": 1}, {"date": "2023-04-15-09-00-00", "latency": 1}, {"date": "2023-04-15-09-00-00", "latency": 1}, {"date": "2023-04-15-09-00-00", "latency": 1}, {"date": "2023-04-15-09-00-00", "latency": 1}, {"date": "2023-04-15-09-00-00", "latency": 1}, {"date": "2023-04-15-09-00-00", "latency": 1}, {"date": "2023-04-15-09-00-00", "latency": 1}, {"date": "2023-04-15-09-00-00", "latency": 1}, {"date": "2023-04-15-09-00-00", "latency": 1}, {"date": "2023-04-15-09-00-00", "latency": 1}, {"date": "2023-04-15-09-00-00", "latency": 1}, {"date": "2023-04-15-09-00-00", "latency": 1}, {"date": "2023-04-15-09-00-00", "latency": 1}, {"date": "2023-04-15-09-00-00", "latency": 1}, {"date": "2023-04-15-09-00-00", "latency": 1}, {"date": "2023-04-15-09-00-00", "latency": 1}, {"date": "2023-04-15-09-00-00", "latency": 1}, {"date": "2023-04-15-09-00-00", "latency": 1}, {"date": "2023-04-15-09-00-00", "latency": 1}, {"date": "2023-04-15-09-00-00", "latency": 1}, {"date": "2023-04-15-09-00-00", "latency": 1}, {"date": "2023-04-15-09-00-00", "latency": 1}, {"date": "2023-04-15-09-00-00", "latency": 1}, {"date": "2023-04-15-09-00-00", "latency": 1}, {"date": "2023-04-15-09-00-00", "latency": 1}, {"date": "2023-04-15-09-00-00", "latency": 1}, {"date": "2023-04-15-23-00-00", "latency": 23}, {"date": "2023-04-15-23-00-00", "latency": 23}]}, {"location": {"country_code": "se"}, "game_id": "273486", "values": [{"date": "2023-04-15-05-00-00", "latency": 35}, {"date": "2023-04-15-05-00-00", "latency": 35}]}, {"location": {"country_code": "au"}, "game_id": "273486", "values": [{"date": "2023-04-15-14-00-00", "latency": 2}, {"date": "2023-04-15-14-00-00", "latency": 2}, {"date": "2023-04-15-14-00-00", "latency": 2}, {"date": "2023-04-15-14-00-00", "latency": 2}, {"date": "2023-04-15-14-00-00", "latency": 2}, {"date": "2023-04-15-14-00-00", "latency": 2}, {"date": "2023-04-15-14-00-00", "latency": 2}, {"date": "2023-04-15-14-00-00", "latency": 2}, {"date": "2023-04-15-14-00-00", "latency": 2}, {"date": "2023-04-15-14-00-00", "latency": 2}, {"date": "2023-04-15-14-00-00", "latency": 2}, {"date": "2023-04-15-14-00-00", "latency": 2}, {"date": "2023-04-15-14-00-00", "latency": 2}, {"date": "2023-04-15-14-00-00", "latency": 2}, {"date": "2023-04-15-14-00-00", "latency": 2}, {"date": "2023-04-15-14-00-00", "latency": 2}, {"date": "2023-04-15-14-00-00", "latency": 2}, {"date": "2023-04-15-14-00-00", "latency": 2}, {"date": "2023-04-15-14-00-00", "latency": 2}, {"date": "2023-04-15-14-00-00", "latency": 2}, {"date": "2023-04-15-14-00-00", "latency": 2}, {"date": "2023-04-15-14-00-00", "latency": 2}, {"date": "2023-04-15-14-00-00", "latency": 2}, {"date": "2023-04-15-14-00-00", "latency": 2}, {"date": "2023-04-15-14-00-00", "latency": 2}, {"date": "2023-04-15-14-00-00", "latency": 2}, {"date": "2023-04-15-14-00-00", "latency": 2}, {"date": "2023-04-15-14-00-00", "latency": 2}, {"date": "2023-04-15-14-00-00", "latency": 2}, {"date": "2023-04-15-14-00-00", "latency": 2}, {"date": "2023-04-15-14-00-00", "latency": 2}, {"date": "2023-04-15-14-00-00", "latency": 2}, {"date": "2023-04-15-14-00-00", "latency": 2}, {"date": "2023-04-15-14-00-00", "latency": 2}, {"date": "2023-04-15-14-00-00", "latency": 2}, {"date": "2023-04-15-14-00-00", "latency": 2}, {"date": "2023-04-15-14-00-00", "latency": 2}, {"date": "2023-04-15-14-00-00", "latency": 2}, {"date": "2023-04-15-14-00-00", "latency": 2}, {"date": "2023-04-15-14-00-00", "latency": 2}, {"date": "2023-04-15-14-00-00", "latency": 2}, {"date": "2023-04-15-14-00-00", "latency": 2}, {"date": "2023-04-15-14-00-00", "latency": 2}, {"date": "2023-04-15-14-00-00", "latency": 2}, {"date": "2023-04-15-14-00-00", "latency": 2}, {"date": "2023-04-15-14-00-00", "latency": 2}, {"date": "2023-04-15-14-00-00", "latency": 2}, {"date": "2023-04-15-14-00-00", "latency": 2}, {"date": "2023-04-15-14-00-00", "latency": 2}, {"date": "2023-04-15-14-00-00", "latency": 2}, {"date": "2023-04-15-14-00-00", "latency": 2}, {"date": "2023-04-15-14-00-00", "latency": 2}, {"date": "2023-04-15-14-00-00", "latency": 2}, {"date": "2023-04-15-14-00-00", "latency": 2}, {"date": "2023-04-15-14-00-00", "latency": 2}]}, {"location": {"country_code": "sa"}, "game_id": "273486", "values": [{"date": "2023-04-15-21-00-00", "latency": 145}, {"date": "2023-04-15-21-00-00", "latency": 145}, {"date": "2023-04-15-21-00-00", "latency": 145}, {"date": "2023-04-16-02-00-00", "latency": 129}]}, {"location": {"country_code": "us", "region": "Michigan", "city": "Detroit"}, "game_id": "273486", "values": [{"date": "2023-04-16-01-00-00", "latency": 27}, {"date": "2023-04-16-01-00-00", "latency": 27}, {"date": "2023-04-16-01-00-00", "latency": 27}]}, {"location": {"country_code": "us", "region": "Missouri"}, "game_id": "273486", "values": [{"date": "2023-04-15-19-00-00", "latency": 1}, {"date": "2023-04-15-19-00-00", "latency": 1}, {"date": "2023-04-15-19-00-00", "latency": 1}, {"date": "2023-04-15-19-00-00", "latency": 1}, {"date": "2023-04-15-19-00-00", "latency": 1}, {"date": "2023-04-15-19-00-00", "latency": 1}, {"date": "2023-04-15-19-00-00", "latency": 1}, {"date": "2023-04-15-19-00-00", "latency": 1}, {"date": "2023-04-15-19-00-00", "latency": 1}, {"date": "2023-04-15-19-00-00", "latency": 1}, {"date": "2023-04-15-19-00-00", "latency": 1}, {"date": "2023-04-15-19-00-00", "latency": 1}, {"date": "2023-04-15-19-00-00", "latency": 1}, {"date": "2023-04-15-19-00-00", "latency": 1}, {"date": "2023-04-15-19-00-00", "latency": 1}, {"date": "2023-04-15-19-00-00", "latency": 1}, {"date": "2023-04-15-19-00-00", "latency": 1}, {"date": "2023-04-15-19-00-00", "latency": 1}, {"date": "2023-04-15-19-00-00", "latency": 1}, {"date": "2023-04-15-19-00-00", "latency": 1}, {"date": "2023-04-15-19-00-00", "latency": 1}, {"date": "2023-04-15-19-00-00", "latency": 1}, {"date": "2023-04-15-19-00-00", "latency": 1}, {"date": "2023-04-15-19-00-00", "latency": 1}, {"date": "2023-04-15-19-00-00", "latency": 1}, {"date": "2023-04-15-19-00-00", "latency": 1}, {"date": "2023-04-15-19-00-00", "latency": 1}, {"date": "2023-04-15-19-00-00", "latency": 1}, {"date": "2023-04-15-19-00-00", "latency": 1}, {"date": "2023-04-15-19-00-00", "latency": 1}, {"date": "2023-04-15-19-00-00", "latency": 1}, {"date": "2023-04-15-19-00-00", "latency": 1}, {"date": "2023-04-15-19-00-00", "latency": 1}, {"date": "2023-04-15-19-00-00", "latency": 1}, {"date": "2023-04-15-19-00-00", "latency": 1}, {"date": "2023-04-15-19-00-00", "latency": 1}, {"date": "2023-04-15-19-00-00", "latency": 1}, {"date": "2023-04-15-19-00-00", "latency": 1}]}, {"location": {"country_code": "us", "region": "Texas", "city": "Houston"}, "game_id": "273486", "values": [{"date": "2023-04-16-02-00-00", "latency": 39}, {"date": "2023-04-16-02-00-00", "latency": 39}, {"date": "2023-04-16-02-00-00", "latency": 39}, {"date": "2023-04-16-02-00-00", "latency": 39}, {"date": "2023-04-16-02-00-00", "latency": 39}, {"date": "2023-04-16-02-00-00", "latency": 39}, {"date": "2023-04-16-02-00-00", "latency": 39}, {"date": "2023-04-16-02-00-00", "latency": 39}, {"date": "2023-04-16-02-00-00", "latency": 39}, {"date": "2023-04-16-02-00-00", "latency": 39}, {"date": "2023-04-16-02-00-00", "latency": 39}, {"date": "2023-04-16-02-00-00", "latency": 39}, {"date": "2023-04-16-02-00-00", "latency": 39}, {"date": "2023-04-16-02-00-00", "latency": 39}, {"date": "2023-04-16-02-00-00", "latency": 39}, {"date": "2023-04-16-02-00-00", "latency": 39}, {"date": "2023-04-16-02-00-00", "latency": 39}, {"date": "2023-04-16-02-00-00", "latency": 39}]}, {"location": {"country_code": "us", "region": "Michigan"}, "game_id": "273486", "values": [{"date": "2023-04-16-00-00-00", "latency": 43}, {"date": "2023-04-16-00-00-00", "latency": 43}, {"date": "2023-04-16-00-00-00", "latency": 43}, {"date": "2023-04-16-00-00-00", "latency": 43}, {"date": "2023-04-16-00-00-00", "latency": 43}, {"date": "2023-04-16-00-00-00", "latency": 43}]}, {"location": {"country_code": "us", "region": "Illinois", "city": "Chicago"}, "game_id": "273486", "values": [{"date": "2023-04-15-21-00-00", "latency": 1}, {"date": "2023-04-15-21-00-00", "latency": 1}, {"date": "2023-04-15-21-00-00", "latency": 1}, {"date": "2023-04-15-21-00-00", "latency": 1}]}, {"location": {"country_code": "ua"}, "game_id": "273486", "values": [{"date": "2023-04-16-01-00-00", "latency": 23}, {"date": "2023-04-16-01-00-00", "latency": 23}, {"date": "2023-04-16-01-00-00", "latency": 23}, {"date": "2023-04-16-01-00-00", "latency": 23}, {"date": "2023-04-16-01-00-00", "latency": 23}, {"date": "2023-04-16-01-00-00", "latency": 23}, {"date": "2023-04-16-01-00-00", "latency": 23}, {"date": "2023-04-16-01-00-00", "latency": 23}, {"date": "2023-04-16-01-00-00", "latency": 23}, {"date": "2023-04-16-01-00-00", "latency": 23}, {"date": "2023-04-16-01-00-00", "latency": 23}, {"date": "2023-04-16-01-00-00", "latency": 23}, {"date": "2023-04-16-01-00-00", "latency": 23}, {"date": "2023-04-16-01-00-00", "latency": 23}, {"date": "2023-04-16-01-00-00", "latency": 23}]}, {"location": {"country_code": "us", "region": "District of Columbia", "city": "Washington"}, "game_id": "273486", "values": [{"date": "2023-04-15-09-00-00", "latency": 78}, {"date": "2023-04-15-09-00-00", "latency": 78}, {"date": "2023-04-15-09-00-00", "latency": 78}, {"date": "2023-04-15-09-00-00", "latency": 78}, {"date": "2023-04-15-09-00-00", "latency": 78}, {"date": "2023-04-15-09-00-00", "latency": 78}]}, {"location": {"country_code": "ca", "region": "Ontario", "city": "Toronto"}, "game_id": "273486", "values": [{"date": "2023-04-16-02-00-00", "latency": 3}, {"date": "2023-04-16-02-00-00", "latency": 3}, {"date": "2023-04-16-02-00-00", "latency": 3}, {"date": "2023-04-16-02-00-00", "latency": 3}, {"date": "2023-04-16-02-00-00", "latency": 3}, {"date": "2023-04-16-02-00-00", "latency": 3}, {"date": "2023-04-16-02-00-00", "latency": 3}, {"date": "2023-04-16-02-00-00", "latency": 3}, {"date": "2023-04-16-02-00-00", "latency": 3}, {"date": "2023-04-16-02-00-00", "latency": 3}, {"date": "2023-04-16-02-00-00", "latency": 3}]}, {"location": {"country_code": "us", "region": "Kentucky"}, "game_id": "273486", "values": [{"date": "2023-04-15-05-00-00", "latency": 39}, {"date": "2023-04-15-05-00-00", "latency": 39}, {"date": "2023-04-15-05-00-00", "latency": 39}, {"date": "2023-04-15-05-00-00", "latency": 39}, {"date": "2023-04-15-05-00-00", "latency": 39}, {"date": "2023-04-15-05-00-00", "latency": 39}, {"date": "2023-04-15-05-00-00", "latency": 39}, {"date": "2023-04-15-05-00-00", "latency": 39}, {"date": "2023-04-15-05-00-00", "latency": 39}, {"date": "2023-04-15-05-00-00", "latency": 39}, {"date": "2023-04-15-05-00-00", "latency": 39}, {"date": "2023-04-15-05-00-00", "latency": 39}, {"date": "2023-04-15-05-00-00", "latency": 39}, {"date": "2023-04-15-05-00-00", "latency": 39}, {"date": "2023-04-15-05-00-00", "latency": 39}, {"date": "2023-04-15-05-00-00", "latency": 39}, {"date": "2023-04-15-05-00-00", "latency": 39}, {"date": "2023-04-15-05-00-00", "latency": 39}, {"date": "2023-04-15-05-00-00", "latency": 39}, {"date": "2023-04-15-05-00-00", "latency": 39}, {"date": "2023-04-15-05-00-00", "latency": 39}, {"date": "2023-04-15-05-00-00", "latency": 39}, {"date": "2023-04-15-05-00-00", "latency": 39}, {"date": "2023-04-15-05-00-00", "latency": 39}]}, {"location": {"country_code": "de", "region": "Bremen", "city": "Bremen"}, "game_id": "273486", "values": [{"date": "2023-04-16-02-00-00", "latency": 31}]}, {"location": {"country_code": "ae", "region": "Dubai", "city": "Dubai"}, "game_id": "273486", "values": [{"date": "2023-04-16-01-00-00", "latency": 11}]}, {"location": {"country_code": "ug"}, "game_id": "273486", "values": [{"date": "2023-04-15-12-00-00", "latency": 1}, {"date": "2023-04-15-12-00-00", "latency": 1}, {"date": "2023-04-15-12-00-00", "latency": 1}, {"date": "2023-04-15-12-00-00", "latency": 1}, {"date": "2023-04-15-12-00-00", "latency": 1}, {"date": "2023-04-15-12-00-00", "latency": 1}, {"date": "2023-04-15-12-00-00", "latency": 1}, {"date": "2023-04-15-12-00-00", "latency": 1}, {"date": "2023-04-15-12-00-00", "latency": 1}, {"date": "2023-04-15-12-00-00", "latency": 1}, {"date": "2023-04-15-12-00-00", "latency": 1}, {"date": "2023-04-15-12-00-00", "latency": 1}, {"date": "2023-04-15-12-00-00", "latency": 1}, {"date": "2023-04-15-12-00-00", "latency": 1}, {"date": "2023-04-15-12-00-00", "latency": 1}, {"date": "2023-04-15-12-00-00", "latency": 1}, {"date": "2023-04-15-12-00-00", "latency": 1}, {"date": "2023-04-15-12-00-00", "latency": 1}, {"date": "2023-04-15-12-00-00", "latency": 1}, {"date": "2023-04-15-12-00-00", "latency": 1}, {"date": "2023-04-15-12-00-00", "latency": 1}, {"date": "2023-04-15-12-00-00", "latency": 1}, {"date": "2023-04-15-12-00-00", "latency": 1}, {"date": "2023-04-15-12-00-00", "latency": 1}]}, {"location": {"country_code": "us", "region": "State of Wyoming", "city": "Cheyenne"}, "game_id": "273486", "values": [{"date": "2023-04-15-13-00-00", "latency": 59}, {"date": "2023-04-15-13-00-00", "latency": 59}, {"date": "2023-04-15-13-00-00", "latency": 59}, {"date": "2023-04-15-13-00-00", "latency": 59}, {"date": "2023-04-15-13-00-00", "latency": 59}, {"date": "2023-04-15-13-00-00", "latency": 59}]}, {"location": {"country_code": "us", "region": "Washington", "city": "Longview"}, "game_id": "273486", "values": [{"date": "2023-04-15-20-00-00", "latency": 1}, {"date": "2023-04-15-20-00-00", "latency": 1}, {"date": "2023-04-15-20-00-00", "latency": 1}]}, {"location": {"country_code": "fr", "region": "Normandy", "city": "Dieppe"}, "game_id": "273486", "values": [{"date": "2023-04-15-07-00-00", "latency": 19}, {"date": "2023-04-15-07-00-00", "latency": 19}, {"date": "2023-04-15-07-00-00", "latency": 19}, {"date": "2023-04-15-07-00-00", "latency": 19}, {"date": "2023-04-15-07-00-00", "latency": 19}, {"date": "2023-04-15-07-00-00", "latency": 19}, {"date": "2023-04-15-07-00-00", "latency": 19}, {"date": "2023-04-15-07-00-00", "latency": 19}, {"date": "2023-04-15-07-00-00", "latency": 19}, {"date": "2023-04-15-07-00-00", "latency": 19}, {"date": "2023-04-15-07-00-00", "latency": 19}, {"date": "2023-04-15-07-00-00", "latency": 19}, {"date": "2023-04-15-07-00-00", "latency": 19}, {"date": "2023-04-15-07-00-00", "latency": 19}, {"date": "2023-04-15-07-00-00", "latency": 19}, {"date": "2023-04-15-07-00-00", "latency": 19}, {"date": "2023-04-15-07-00-00", "latency": 19}, {"date": "2023-04-15-07-00-00", "latency": 19}, {"date": "2023-04-15-07-00-00", "latency": 19}, {"date": "2023-04-15-07-00-00", "latency": 19}, {"date": "2023-04-15-07-00-00", "latency": 19}, {"date": "2023-04-15-07-00-00", "latency": 19}, {"date": "2023-04-15-07-00-00", "latency": 19}, {"date": "2023-04-15-07-00-00", "latency": 19}, {"date": "2023-04-15-07-00-00", "latency": 19}, {"date": "2023-04-15-07-00-00", "latency": 19}, {"date": "2023-04-15-07-00-00", "latency": 19}, {"date": "2023-04-15-07-00-00", "latency": 19}, {"date": "2023-04-15-07-00-00", "latency": 19}]}, {"location": {"country_code": "us", "region": "Texas", "city": "Tioga"}, "game_id": "273486", "values": [{"date": "2023-04-16-02-00-00", "latency": 2}, {"date": "2023-04-16-02-00-00", "latency": 2}, {"date": "2023-04-16-02-00-00", "latency": 2}, {"date": "2023-04-16-02-00-00", "latency": 2}, {"date": "2023-04-16-02-00-00", "latency": 2}, {"date": "2023-04-16-02-00-00", "latency": 2}, {"date": "2023-04-16-02-00-00", "latency": 2}, {"date": "2023-04-16-02-00-00", "latency": 2}]}], "last_updated": 1719926582.742851}