{"data": [{"location": {"country_code": "us"}, "game_id": "273486", "values": [{"date": "2023-04-19-22-00-00", "latency": 43}, {"date": "2023-04-19-22-00-00", "latency": 43}, {"date": "2023-04-19-22-00-00", "latency": 43}, {"date": "2023-04-19-22-00-00", "latency": 43}, {"date": "2023-04-19-22-00-00", "latency": 43}, {"date": "2023-04-19-22-00-00", "latency": 43}, {"date": "2023-04-19-22-00-00", "latency": 43}, {"date": "2023-04-19-22-00-00", "latency": 43}, {"date": "2023-04-19-22-00-00", "latency": 43}, {"date": "2023-04-19-22-00-00", "latency": 43}, {"date": "2023-04-19-22-00-00", "latency": 43}, {"date": "2023-04-19-09-00-00", "latency": 1}, {"date": "2023-04-19-09-00-00", "latency": 1}, {"date": "2023-04-19-09-00-00", "latency": 1}, {"date": "2023-04-19-09-00-00", "latency": 1}, {"date": "2023-04-19-09-00-00", "latency": 1}, {"date": "2023-04-19-09-00-00", "latency": 1}, {"date": "2023-04-19-09-00-00", "latency": 1}, {"date": "2023-04-19-09-00-00", "latency": 1}, {"date": "2023-04-19-09-00-00", "latency": 1}, {"date": "2023-04-19-09-00-00", "latency": 1}, {"date": "2023-04-19-09-00-00", "latency": 1}, {"date": "2023-04-19-09-00-00", "latency": 1}, {"date": "2023-04-19-09-00-00", "latency": 1}, {"date": "2023-04-19-09-00-00", "latency": 1}, {"date": "2023-04-19-09-00-00", "latency": 1}, {"date": "2023-04-19-09-00-00", "latency": 1}, {"date": "2023-04-19-09-00-00", "latency": 1}, {"date": "2023-04-19-09-00-00", "latency": 1}, {"date": "2023-04-19-09-00-00", "latency": 1}, {"date": "2023-04-19-09-00-00", "latency": 1}, {"date": "2023-04-19-09-00-00", "latency": 1}, {"date": "2023-04-19-09-00-00", "latency": 1}, {"date": "2023-04-19-09-00-00", "latency": 1}, {"date": "2023-04-19-09-00-00", "latency": 1}, {"date": "2023-04-19-09-00-00", "latency": 1}, {"date": "2023-04-19-09-00-00", "latency": 1}, {"date": "2023-04-19-09-00-00", "latency": 1}, {"date": "2023-04-19-09-00-00", "latency": 1}, {"date": "2023-04-19-09-00-00", "latency": 1}, {"date": "2023-04-19-09-00-00", "latency": 1}, {"date": "2023-04-19-09-00-00", "latency": 1}, {"date": "2023-04-19-09-00-00", "latency": 1}, {"date": "2023-04-19-09-00-00", "latency": 1}]}, {"location": {"country_code": "gb"}, "game_id": "273486", "values": [{"date": "2023-04-20-02-00-00", "latency": 1}, {"date": "2023-04-20-02-00-00", "latency": 1}, {"date": "2023-04-20-02-00-00", "latency": 1}, {"date": "2023-04-20-02-00-00", "latency": 1}, {"date": "2023-04-20-02-00-00", "latency": 1}, {"date": "2023-04-20-02-00-00", "latency": 1}, {"date": "2023-04-20-02-00-00", "latency": 1}, {"date": "2023-04-20-02-00-00", "latency": 1}, {"date": "2023-04-20-02-00-00", "latency": 1}]}, {"location": {"country_code": "gb", "region": "Wales", "city": "Swansea"}, "game_id": "273486", "values": [{"date": "2023-04-19-22-00-00", "latency": 1}, {"date": "2023-04-19-22-00-00", "latency": 1}, {"date": "2023-04-19-22-00-00", "latency": 1}, {"date": "2023-04-19-22-00-00", "latency": 1}, {"date": "2023-04-19-22-00-00", "latency": 1}, {"date": "2023-04-19-22-00-00", "latency": 1}, {"date": "2023-04-19-22-00-00", "latency": 1}, {"date": "2023-04-19-22-00-00", "latency": 1}, {"date": "2023-04-19-22-00-00", "latency": 1}, {"date": "2023-04-19-22-00-00", "latency": 1}, {"date": "2023-04-19-22-00-00", "latency": 1}]}, {"location": {"country_code": "de"}, "game_id": "273486", "values": [{"date": "2023-04-19-23-00-00", "latency": 1}, {"date": "2023-04-19-23-00-00", "latency": 1}, {"date": "2023-04-19-23-00-00", "latency": 1}, {"date": "2023-04-19-23-00-00", "latency": 1}, {"date": "2023-04-19-23-00-00", "latency": 1}, {"date": "2023-04-19-23-00-00", "latency": 1}, {"date": "2023-04-19-23-00-00", "latency": 1}, {"date": "2023-04-19-23-00-00", "latency": 1}, {"date": "2023-04-19-23-00-00", "latency": 1}, {"date": "2023-04-19-23-00-00", "latency": 1}, {"date": "2023-04-19-23-00-00", "latency": 1}, {"date": "2023-04-19-23-00-00", "latency": 1}, {"date": "2023-04-19-23-00-00", "latency": 1}, {"date": "2023-04-19-23-00-00", "latency": 1}, {"date": "2023-04-19-23-00-00", "latency": 1}, {"date": "2023-04-19-23-00-00", "latency": 1}, {"date": "2023-04-19-23-00-00", "latency": 1}, {"date": "2023-04-19-23-00-00", "latency": 1}]}, {"location": {"country_code": "gb", "region": "England"}, "game_id": "273486", "values": [{"date": "2023-04-19-21-00-00", "latency": 1}, {"date": "2023-04-19-21-00-00", "latency": 1}, {"date": "2023-04-19-21-00-00", "latency": 1}]}, {"location": {"country_code": "se"}, "game_id": "273486", "values": [{"date": "2023-04-19-22-00-00", "latency": 31}, {"date": "2023-04-19-22-00-00", "latency": 31}, {"date": "2023-04-19-22-00-00", "latency": 31}, {"date": "2023-04-19-22-00-00", "latency": 31}, {"date": "2023-04-19-22-00-00", "latency": 31}, {"date": "2023-04-19-22-00-00", "latency": 31}, {"date": "2023-04-19-22-00-00", "latency": 31}]}, {"location": {"country_code": "no"}, "game_id": "273486", "values": [{"date": "2023-04-19-12-00-00", "latency": 50}, {"date": "2023-04-19-12-00-00", "latency": 50}, {"date": "2023-04-19-12-00-00", "latency": 50}, {"date": "2023-04-19-12-00-00", "latency": 50}]}, {"location": {"country_code": "au"}, "game_id": "273486", "values": [{"date": "2023-04-19-14-00-00", "latency": 2}, {"date": "2023-04-19-14-00-00", "latency": 2}, {"date": "2023-04-19-14-00-00", "latency": 2}, {"date": "2023-04-19-14-00-00", "latency": 2}, {"date": "2023-04-19-14-00-00", "latency": 2}, {"date": "2023-04-19-14-00-00", "latency": 2}, {"date": "2023-04-19-14-00-00", "latency": 2}, {"date": "2023-04-19-14-00-00", "latency": 2}, {"date": "2023-04-19-14-00-00", "latency": 2}, {"date": "2023-04-19-14-00-00", "latency": 2}, {"date": "2023-04-19-14-00-00", "latency": 2}, {"date": "2023-04-19-14-00-00", "latency": 2}, {"date": "2023-04-19-14-00-00", "latency": 2}, {"date": "2023-04-19-14-00-00", "latency": 2}, {"date": "2023-04-19-14-00-00", "latency": 2}, {"date": "2023-04-19-14-00-00", "latency": 2}, {"date": "2023-04-19-14-00-00", "latency": 2}, {"date": "2023-04-19-14-00-00", "latency": 2}, {"date": "2023-04-19-14-00-00", "latency": 2}, {"date": "2023-04-19-14-00-00", "latency": 2}, {"date": "2023-04-19-14-00-00", "latency": 2}]}, {"location": {"country_code": "us", "region": "Pennsylvania", "city": "Philadelphia"}, "game_id": "273486", "values": [{"date": "2023-04-19-02-00-00", "latency": 43}, {"date": "2023-04-19-02-00-00", "latency": 43}]}, {"location": {"country_code": "sa"}, "game_id": "273486", "values": [{"date": "2023-04-19-22-00-00", "latency": 70}, {"date": "2023-04-19-22-00-00", "latency": 70}, {"date": "2023-04-19-22-00-00", "latency": 70}, {"date": "2023-04-19-22-00-00", "latency": 70}, {"date": "2023-04-19-22-00-00", "latency": 70}, {"date": "2023-04-19-22-00-00", "latency": 70}, {"date": "2023-04-19-22-00-00", "latency": 70}, {"date": "2023-04-19-22-00-00", "latency": 70}, {"date": "2023-04-19-22-00-00", "latency": 70}]}, {"location": {"country_code": "us", "region": "Michigan", "city": "Detroit"}, "game_id": "273486", "values": [{"date": "2023-04-19-22-00-00", "latency": 27}]}, {"location": {"country_code": "us", "region": "Massachusetts"}, "game_id": "273486", "values": [{"date": "2023-04-19-04-00-00", "latency": 43}, {"date": "2023-04-19-07-00-00", "latency": 33}, {"date": "2023-04-19-07-00-00", "latency": 33}, {"date": "2023-04-19-07-00-00", "latency": 33}, {"date": "2023-04-19-07-00-00", "latency": 33}, {"date": "2023-04-19-07-00-00", "latency": 33}, {"date": "2023-04-19-07-00-00", "latency": 33}, {"date": "2023-04-19-07-00-00", "latency": 33}, {"date": "2023-04-19-07-00-00", "latency": 33}]}, {"location": {"country_code": "us", "region": "Michigan"}, "game_id": "273486", "values": [{"date": "2023-04-19-16-00-00", "latency": 70}]}, {"location": {"country_code": "pe"}, "game_id": "273486", "values": [{"date": "2023-04-20-01-00-00", "latency": 125}, {"date": "2023-04-20-01-00-00", "latency": 125}, {"date": "2023-04-20-01-00-00", "latency": 125}]}, {"location": {"country_code": "ca", "region": "Ontario", "city": "Toronto"}, "game_id": "273486", "values": [{"date": "2023-04-20-01-00-00", "latency": 2}, {"date": "2023-04-20-01-00-00", "latency": 2}, {"date": "2023-04-20-01-00-00", "latency": 2}, {"date": "2023-04-20-01-00-00", "latency": 2}, {"date": "2023-04-20-01-00-00", "latency": 2}, {"date": "2023-04-20-01-00-00", "latency": 2}, {"date": "2023-04-20-01-00-00", "latency": 2}, {"date": "2023-04-20-01-00-00", "latency": 2}, {"date": "2023-04-20-01-00-00", "latency": 2}]}, {"location": {"country_code": "ae", "region": "Dubai", "city": "Dubai"}, "game_id": "273486", "values": [{"date": "2023-04-20-01-00-00", "latency": 11}]}, {"location": {"country_code": "sa", "region": "Riyadh Region", "city": "Wadi Ad Dawasir"}, "game_id": "273486", "values": [{"date": "2023-04-19-15-00-00", "latency": 98}, {"date": "2023-04-19-15-00-00", "latency": 98}, {"date": "2023-04-19-15-00-00", "latency": 98}]}, {"location": {"country_code": "ae"}, "game_id": "273486", "values": [{"date": "2023-04-19-12-00-00", "latency": 129}, {"date": "2023-04-19-12-00-00", "latency": 129}, {"date": "2023-04-19-12-00-00", "latency": 129}, {"date": "2023-04-19-12-00-00", "latency": 129}, {"date": "2023-04-19-12-00-00", "latency": 129}, {"date": "2023-04-19-12-00-00", "latency": 129}, {"date": "2023-04-19-12-00-00", "latency": 129}]}, {"location": {"country_code": "ug"}, "game_id": "273486", "values": [{"date": "2023-04-19-08-00-00", "latency": 1}, {"date": "2023-04-19-08-00-00", "latency": 1}]}, {"location": {"country_code": "us", "region": "Texas", "city": "Tioga"}, "game_id": "273486", "values": [{"date": "2023-04-20-02-00-00", "latency": 1}, {"date": "2023-04-20-02-00-00", "latency": 1}, {"date": "2023-04-20-02-00-00", "latency": 1}, {"date": "2023-04-20-02-00-00", "latency": 1}]}], "last_updated": 1719926583.996341}