{"data": [{"location": {"country_code": "us"}, "game_id": "747108", "values": [{"date": "2024-05-09-06-00-00", "latency": 32}, {"date": "2024-05-09-06-00-00", "latency": 32}, {"date": "2024-05-09-06-00-00", "latency": 32}, {"date": "2024-05-09-03-00-00", "latency": 94}, {"date": "2024-05-10-01-00-00", "latency": 47}, {"date": "2024-05-10-01-00-00", "latency": 47}]}, {"location": {"country_code": "pa"}, "game_id": "747108", "values": [{"date": "2024-05-10-02-00-00", "latency": 94}]}, {"location": {"country_code": "ro"}, "game_id": "747108", "values": [{"date": "2024-05-09-20-00-00", "latency": 47}, {"date": "2024-05-09-21-00-00", "latency": 47}, {"date": "2024-05-09-21-00-00", "latency": 47}, {"date": "2024-05-09-21-00-00", "latency": 47}, {"date": "2024-05-09-21-00-00", "latency": 47}, {"date": "2024-05-09-21-00-00", "latency": 47}, {"date": "2024-05-09-21-00-00", "latency": 47}, {"date": "2024-05-09-21-00-00", "latency": 47}, {"date": "2024-05-09-21-00-00", "latency": 47}]}, {"location": {"country_code": "ca"}, "game_id": "747108", "values": [{"date": "2024-05-09-04-00-00", "latency": 63}, {"date": "2024-05-09-04-00-00", "latency": 63}, {"date": "2024-05-09-04-00-00", "latency": 63}, {"date": "2024-05-09-04-00-00", "latency": 63}, {"date": "2024-05-09-04-00-00", "latency": 63}]}, {"location": {"country_code": "ca", "region": "Ontario"}, "game_id": "747108", "values": [{"date": "2024-05-09-03-00-00", "latency": 47}, {"date": "2024-05-09-03-00-00", "latency": 47}]}, {"location": {"country_code": "tw"}, "game_id": "747108", "values": [{"date": "2024-05-09-11-00-00", "latency": 109}, {"date": "2024-05-09-11-00-00", "latency": 109}, {"date": "2024-05-09-11-00-00", "latency": 109}, {"date": "2024-05-09-11-00-00", "latency": 109}, {"date": "2024-05-09-11-00-00", "latency": 109}, {"date": "2024-05-09-11-00-00", "latency": 109}, {"date": "2024-05-09-11-00-00", "latency": 109}, {"date": "2024-05-09-11-00-00", "latency": 109}, {"date": "2024-05-09-11-00-00", "latency": 109}, {"date": "2024-05-09-11-00-00", "latency": 109}, {"date": "2024-05-09-11-00-00", "latency": 109}, {"date": "2024-05-09-11-00-00", "latency": 109}, {"date": "2024-05-09-11-00-00", "latency": 109}]}, {"location": {"country_code": "ph"}, "game_id": "747108", "values": [{"date": "2024-05-09-15-00-00", "latency": 156}, {"date": "2024-05-09-15-00-00", "latency": 156}, {"date": "2024-05-09-15-00-00", "latency": 156}, {"date": "2024-05-09-15-00-00", "latency": 156}]}, {"location": {"country_code": "br"}, "game_id": "747108", "values": [{"date": "2024-05-09-17-00-00", "latency": 47}, {"date": "2024-05-09-17-00-00", "latency": 47}, {"date": "2024-05-09-17-00-00", "latency": 47}, {"date": "2024-05-09-17-00-00", "latency": 47}, {"date": "2024-05-09-17-00-00", "latency": 47}, {"date": "2024-05-09-17-00-00", "latency": 47}, {"date": "2024-05-09-17-00-00", "latency": 47}, {"date": "2024-05-09-17-00-00", "latency": 47}, {"date": "2024-05-09-17-00-00", "latency": 47}, {"date": "2024-05-09-17-00-00", "latency": 47}, {"date": "2024-05-09-17-00-00", "latency": 47}, {"date": "2024-05-10-00-00-00", "latency": 78}, {"date": "2024-05-10-00-00-00", "latency": 78}]}, {"location": {"country_code": "us", "region": "Maryland", "city": "Dundalk"}, "game_id": "747108", "values": [{"date": "2024-05-09-23-00-00", "latency": 32}]}, {"location": {"country_code": "tr"}, "game_id": "747108", "values": [{"date": "2024-05-09-17-00-00", "latency": 93}, {"date": "2024-05-09-17-00-00", "latency": 93}, {"date": "2024-05-09-17-00-00", "latency": 93}, {"date": "2024-05-09-17-00-00", "latency": 93}, {"date": "2024-05-09-17-00-00", "latency": 93}, {"date": "2024-05-09-17-00-00", "latency": 93}, {"date": "2024-05-09-17-00-00", "latency": 93}, {"date": "2024-05-09-17-00-00", "latency": 93}, {"date": "2024-05-09-17-00-00", "latency": 93}]}, {"location": {"country_code": "kr"}, "game_id": "747108", "values": [{"date": "2024-05-09-21-00-00", "latency": 47}, {"date": "2024-05-09-21-00-00", "latency": 47}, {"date": "2024-05-09-21-00-00", "latency": 47}, {"date": "2024-05-09-21-00-00", "latency": 47}, {"date": "2024-05-09-21-00-00", "latency": 47}]}, {"location": {"country_code": "ar"}, "game_id": "747108", "values": [{"date": "2024-05-09-22-00-00", "latency": 47}, {"date": "2024-05-09-22-00-00", "latency": 47}, {"date": "2024-05-09-22-00-00", "latency": 47}]}, {"location": {"country_code": "fi"}, "game_id": "747108", "values": [{"date": "2024-05-10-01-00-00", "latency": 47}, {"date": "2024-05-10-01-00-00", "latency": 47}, {"date": "2024-05-10-01-00-00", "latency": 47}]}, {"location": {"country_code": "ar", "region": "Buenos Aires"}, "game_id": "747108", "values": [{"date": "2024-05-09-04-00-00", "latency": 63}, {"date": "2024-05-09-04-00-00", "latency": 63}, {"date": "2024-05-09-04-00-00", "latency": 63}]}, {"location": {"country_code": "at"}, "game_id": "747108", "values": [{"date": "2024-05-09-22-00-00", "latency": 47}, {"date": "2024-05-09-22-00-00", "latency": 47}, {"date": "2024-05-09-22-00-00", "latency": 47}, {"date": "2024-05-09-22-00-00", "latency": 47}, {"date": "2024-05-09-22-00-00", "latency": 47}, {"date": "2024-05-09-22-00-00", "latency": 47}, {"date": "2024-05-09-22-00-00", "latency": 47}, {"date": "2024-05-09-17-00-00", "latency": 47}, {"date": "2024-05-09-17-00-00", "latency": 47}, {"date": "2024-05-09-17-00-00", "latency": 47}]}, {"location": {"country_code": "br", "region": "Estado de Bahia", "city": "Salvador"}, "game_id": "747108", "values": [{"date": "2024-05-09-05-00-00", "latency": 47}]}, {"location": {"country_code": "es", "region": "Catalonia", "city": "l'Hospitalet de Llobregat"}, "game_id": "747108", "values": [{"date": "2024-05-09-17-00-00", "latency": 47}, {"date": "2024-05-09-17-00-00", "latency": 47}, {"date": "2024-05-09-17-00-00", "latency": 47}]}, {"location": {"country_code": "co", "region": "El Valle", "city": "Cali"}, "game_id": "747108", "values": [{"date": "2024-05-09-03-00-00", "latency": 63}, {"date": "2024-05-09-03-00-00", "latency": 63}]}, {"location": {"country_code": "br", "region": "Rio Grande do Sul", "city": "Porto Alegre"}, "game_id": "747108", "values": [{"date": "2024-05-09-05-00-00", "latency": 47}, {"date": "2024-05-09-05-00-00", "latency": 47}]}, {"location": {"country_code": "mx", "region": "Sonora"}, "game_id": "747108", "values": [{"date": "2024-05-09-06-00-00", "latency": 94}, {"date": "2024-05-09-06-00-00", "latency": 94}]}, {"location": {"country_code": "de", "region": "North Rhine-Westphalia"}, "game_id": "747108", "values": [{"date": "2024-05-09-15-00-00", "latency": 32}, {"date": "2024-05-09-15-00-00", "latency": 32}, {"date": "2024-05-09-15-00-00", "latency": 32}, {"date": "2024-05-09-15-00-00", "latency": 32}, {"date": "2024-05-09-15-00-00", "latency": 32}, {"date": "2024-05-09-15-00-00", "latency": 32}, {"date": "2024-05-09-15-00-00", "latency": 32}, {"date": "2024-05-09-15-00-00", "latency": 32}, {"date": "2024-05-09-15-00-00", "latency": 32}, {"date": "2024-05-09-15-00-00", "latency": 32}, {"date": "2024-05-09-15-00-00", "latency": 32}, {"date": "2024-05-09-15-00-00", "latency": 32}, {"date": "2024-05-09-15-00-00", "latency": 32}, {"date": "2024-05-09-15-00-00", "latency": 32}]}, {"location": {"country_code": "fr", "region": "Nord-Passo di Calais-Piccardia"}, "game_id": "747108", "values": [{"date": "2024-05-09-21-00-00", "latency": 47}]}, {"location": {"country_code": "br", "region": "Sao Paulo", "city": "Sertaozinho"}, "game_id": "747108", "values": [{"date": "2024-05-09-16-00-00", "latency": 31}, {"date": "2024-05-09-16-00-00", "latency": 31}, {"date": "2024-05-09-16-00-00", "latency": 31}, {"date": "2024-05-09-16-00-00", "latency": 31}, {"date": "2024-05-09-16-00-00", "latency": 31}, {"date": "2024-05-09-16-00-00", "latency": 31}, {"date": "2024-05-09-16-00-00", "latency": 31}, {"date": "2024-05-09-16-00-00", "latency": 31}, {"date": "2024-05-09-16-00-00", "latency": 31}, {"date": "2024-05-09-16-00-00", "latency": 31}]}, {"location": {"country_code": "tr", "region": "Marmara Bolgesi", "city": "Sakarya"}, "game_id": "747108", "values": [{"date": "2024-05-09-08-00-00", "latency": 63}, {"date": "2024-05-09-08-00-00", "latency": 63}]}, {"location": {"country_code": "es", "region": "Andalusia", "city": "Cordoba"}, "game_id": "747108", "values": [{"date": "2024-05-09-16-00-00", "latency": 63}, {"date": "2024-05-09-16-00-00", "latency": 63}, {"date": "2024-05-09-16-00-00", "latency": 63}, {"date": "2024-05-09-16-00-00", "latency": 63}, {"date": "2024-05-09-16-00-00", "latency": 63}, {"date": "2024-05-09-16-00-00", "latency": 63}]}, {"location": {"country_code": "us", "region": "Guam", "city": "Dededo"}, "game_id": "747108", "values": [{"date": "2024-05-09-07-00-00", "latency": 62}, {"date": "2024-05-09-07-00-00", "latency": 62}, {"date": "2024-05-09-07-00-00", "latency": 62}, {"date": "2024-05-09-07-00-00", "latency": 62}, {"date": "2024-05-09-07-00-00", "latency": 62}]}, {"location": {"country_code": "br", "region": "Sao Paulo", "city": "Franca"}, "game_id": "747108", "values": [{"date": "2024-05-09-23-00-00", "latency": 157}]}, {"location": {"country_code": "co", "region": "Bogota"}, "game_id": "747108", "values": [{"date": "2024-05-09-04-00-00", "latency": 630}, {"date": "2024-05-09-04-00-00", "latency": 630}, {"date": "2024-05-09-04-00-00", "latency": 630}, {"date": "2024-05-09-04-00-00", "latency": 630}]}, {"location": {"country_code": "ro", "region": "Timis County", "city": "Timisoara"}, "game_id": "747108", "values": [{"date": "2024-05-09-21-00-00", "latency": 78}]}, {"location": {"country_code": "es", "region": "Basque Country", "city": "Irun"}, "game_id": "747108", "values": [{"date": "2024-05-10-00-00-00", "latency": 47}, {"date": "2024-05-10-00-00-00", "latency": 47}, {"date": "2024-05-10-00-00-00", "latency": 47}, {"date": "2024-05-10-00-00-00", "latency": 47}, {"date": "2024-05-10-00-00-00", "latency": 47}, {"date": "2024-05-10-00-00-00", "latency": 47}, {"date": "2024-05-10-00-00-00", "latency": 47}, {"date": "2024-05-10-00-00-00", "latency": 47}, {"date": "2024-05-10-00-00-00", "latency": 47}]}, {"location": {"country_code": "us", "region": "Arkansas", "city": "Newport"}, "game_id": "747108", "values": [{"date": "2024-05-09-21-00-00", "latency": 32}, {"date": "2024-05-09-21-00-00", "latency": 32}, {"date": "2024-05-09-21-00-00", "latency": 32}, {"date": "2024-05-09-21-00-00", "latency": 32}, {"date": "2024-05-09-21-00-00", "latency": 32}]}], "last_updated": 1719927593.562593}