{"data": [{"location": {"country_code": "us"}, "game_id": "747108", "values": [{"date": "2024-05-05-06-00-00", "latency": 94}]}, {"location": {"country_code": "ca"}, "game_id": "747108", "values": [{"date": "2024-05-05-04-00-00", "latency": 63}, {"date": "2024-05-05-04-00-00", "latency": 63}]}, {"location": {"country_code": "ca", "region": "Ontario"}, "game_id": "747108", "values": [{"date": "2024-05-06-01-00-00", "latency": 31}, {"date": "2024-05-06-01-00-00", "latency": 31}, {"date": "2024-05-06-01-00-00", "latency": 31}, {"date": "2024-05-06-01-00-00", "latency": 31}, {"date": "2024-05-06-01-00-00", "latency": 31}, {"date": "2024-05-06-01-00-00", "latency": 31}, {"date": "2024-05-06-01-00-00", "latency": 31}, {"date": "2024-05-06-01-00-00", "latency": 31}, {"date": "2024-05-06-01-00-00", "latency": 31}, {"date": "2024-05-06-01-00-00", "latency": 31}, {"date": "2024-05-06-01-00-00", "latency": 31}, {"date": "2024-05-06-01-00-00", "latency": 31}, {"date": "2024-05-06-01-00-00", "latency": 31}]}, {"location": {"country_code": "de"}, "game_id": "747108", "values": [{"date": "2024-05-05-20-00-00", "latency": 47}]}, {"location": {"country_code": "ph"}, "game_id": "747108", "values": [{"date": "2024-05-05-16-00-00", "latency": 172}]}, {"location": {"country_code": "mx"}, "game_id": "747108", "values": [{"date": "2024-05-06-02-00-00", "latency": 110}, {"date": "2024-05-06-02-00-00", "latency": 110}, {"date": "2024-05-06-02-00-00", "latency": 110}]}, {"location": {"country_code": "ar"}, "game_id": "747108", "values": [{"date": "2024-05-06-02-00-00", "latency": 63}]}, {"location": {"country_code": "mx", "region": "Puebla"}, "game_id": "747108", "values": [{"date": "2024-05-05-03-00-00", "latency": 79}, {"date": "2024-05-05-03-00-00", "latency": 79}, {"date": "2024-05-05-19-00-00", "latency": 63}, {"date": "2024-05-05-19-00-00", "latency": 63}, {"date": "2024-05-05-19-00-00", "latency": 63}, {"date": "2024-05-05-19-00-00", "latency": 63}]}, {"location": {"country_code": "at"}, "game_id": "747108", "values": [{"date": "2024-05-05-18-00-00", "latency": 47}, {"date": "2024-05-05-18-00-00", "latency": 47}, {"date": "2024-05-05-18-00-00", "latency": 47}, {"date": "2024-05-05-18-00-00", "latency": 47}, {"date": "2024-05-05-18-00-00", "latency": 47}, {"date": "2024-05-05-18-00-00", "latency": 47}, {"date": "2024-05-05-18-00-00", "latency": 47}, {"date": "2024-05-05-18-00-00", "latency": 47}, {"date": "2024-05-05-18-00-00", "latency": 47}, {"date": "2024-05-05-18-00-00", "latency": 47}, {"date": "2024-05-05-18-00-00", "latency": 47}, {"date": "2024-05-05-18-00-00", "latency": 47}, {"date": "2024-05-05-18-00-00", "latency": 47}, {"date": "2024-05-05-18-00-00", "latency": 47}, {"date": "2024-05-05-18-00-00", "latency": 47}, {"date": "2024-05-05-18-00-00", "latency": 47}, {"date": "2024-05-05-18-00-00", "latency": 47}, {"date": "2024-05-05-18-00-00", "latency": 47}, {"date": "2024-05-05-18-00-00", "latency": 47}, {"date": "2024-05-05-18-00-00", "latency": 47}, {"date": "2024-05-05-18-00-00", "latency": 47}, {"date": "2024-05-05-18-00-00", "latency": 47}, {"date": "2024-05-05-18-00-00", "latency": 47}, {"date": "2024-05-05-18-00-00", "latency": 47}, {"date": "2024-05-05-18-00-00", "latency": 47}, {"date": "2024-05-05-18-00-00", "latency": 47}, {"date": "2024-05-05-16-00-00", "latency": 47}, {"date": "2024-05-05-16-00-00", "latency": 47}]}, {"location": {"country_code": "es", "region": "Catalonia", "city": "l'Hospitalet de Llobregat"}, "game_id": "747108", "values": [{"date": "2024-05-05-22-00-00", "latency": 47}, {"date": "2024-05-05-22-00-00", "latency": 47}, {"date": "2024-05-05-22-00-00", "latency": 47}]}, {"location": {"country_code": "ua"}, "game_id": "747108", "values": [{"date": "2024-05-06-02-00-00", "latency": 32}, {"date": "2024-05-06-02-00-00", "latency": 32}, {"date": "2024-05-06-02-00-00", "latency": 32}, {"date": "2024-05-06-02-00-00", "latency": 32}, {"date": "2024-05-06-02-00-00", "latency": 32}, {"date": "2024-05-06-02-00-00", "latency": 32}, {"date": "2024-05-06-02-00-00", "latency": 32}, {"date": "2024-05-06-02-00-00", "latency": 32}, {"date": "2024-05-06-02-00-00", "latency": 32}, {"date": "2024-05-06-02-00-00", "latency": 32}]}, {"location": {"country_code": "br", "region": "Rio Grande do Sul", "city": "Porto Alegre"}, "game_id": "747108", "values": [{"date": "2024-05-06-00-00-00", "latency": 32}, {"date": "2024-05-06-00-00-00", "latency": 32}]}, {"location": {"country_code": "mx", "region": "Sonora"}, "game_id": "747108", "values": [{"date": "2024-05-05-07-00-00", "latency": 94}, {"date": "2024-05-05-07-00-00", "latency": 94}]}, {"location": {"country_code": "de", "region": "North Rhine-Westphalia"}, "game_id": "747108", "values": [{"date": "2024-05-05-07-00-00", "latency": 32}, {"date": "2024-05-05-07-00-00", "latency": 32}]}, {"location": {"country_code": "fr", "region": "Nord-Passo di Calais-Piccardia"}, "game_id": "747108", "values": [{"date": "2024-05-05-23-00-00", "latency": 63}, {"date": "2024-05-05-23-00-00", "latency": 63}, {"date": "2024-05-05-23-00-00", "latency": 63}, {"date": "2024-05-05-23-00-00", "latency": 63}, {"date": "2024-05-05-23-00-00", "latency": 63}, {"date": "2024-05-05-23-00-00", "latency": 63}, {"date": "2024-05-05-23-00-00", "latency": 63}]}, {"location": {"country_code": "ae", "region": "Dubai", "city": "Dubai"}, "game_id": "747108", "values": [{"date": "2024-05-05-21-00-00", "latency": 141}, {"date": "2024-05-05-21-00-00", "latency": 141}, {"date": "2024-05-05-21-00-00", "latency": 141}]}, {"location": {"country_code": "es", "region": "Andalusia", "city": "Cordoba"}, "game_id": "747108", "values": [{"date": "2024-05-06-01-00-00", "latency": 63}]}, {"location": {"country_code": "br", "region": "Sao Paulo", "city": "Franca"}, "game_id": "747108", "values": [{"date": "2024-05-05-21-00-00", "latency": 47}, {"date": "2024-05-05-21-00-00", "latency": 47}, {"date": "2024-05-05-21-00-00", "latency": 47}]}, {"location": {"country_code": "co", "region": "Bogota"}, "game_id": "747108", "values": [{"date": "2024-05-05-05-00-00", "latency": 94}]}, {"location": {"country_code": "br", "region": "Minas Gerais", "city": "Machado"}, "game_id": "747108", "values": [{"date": "2024-05-05-23-00-00", "latency": 31}]}, {"location": {"country_code": "fr", "region": "Nord-Passo di Calais-Piccardia", "city": "Albert"}, "game_id": "747108", "values": [{"date": "2024-05-05-18-00-00", "latency": 79}, {"date": "2024-05-05-18-00-00", "latency": 79}, {"date": "2024-05-05-18-00-00", "latency": 79}]}, {"location": {"country_code": "us", "region": "Arkansas", "city": "Newport"}, "game_id": "747108", "values": [{"date": "2024-05-05-20-00-00", "latency": 31}, {"date": "2024-05-05-20-00-00", "latency": 31}, {"date": "2024-05-05-20-00-00", "latency": 31}]}], "last_updated": 1719927594.665565}