{"data": [{"location": {"country_code": "us", "region": "Florida"}, "game_id": "319965", "values": [{"date": "2022-07-12-06-00-00", "latency": 62}, {"date": "2022-07-12-06-00-00", "latency": 62}, {"date": "2022-07-12-06-00-00", "latency": 62}, {"date": "2022-07-12-06-00-00", "latency": 62}, {"date": "2022-07-12-06-00-00", "latency": 62}, {"date": "2022-07-12-06-00-00", "latency": 62}, {"date": "2022-07-12-06-00-00", "latency": 62}, {"date": "2022-07-12-06-00-00", "latency": 62}, {"date": "2022-07-12-06-00-00", "latency": 62}, {"date": "2022-07-12-06-00-00", "latency": 62}]}, {"location": {"country_code": "mx"}, "game_id": "319965", "values": [{"date": "2022-07-12-12-00-00", "latency": 9}, {"date": "2022-07-12-12-00-00", "latency": 9}, {"date": "2022-07-12-12-00-00", "latency": 9}, {"date": "2022-07-12-12-00-00", "latency": 9}, {"date": "2022-07-12-12-00-00", "latency": 9}, {"date": "2022-07-12-12-00-00", "latency": 9}]}, {"location": {"country_code": "ar", "region": "Buenos Aires F.D.", "city": "Bahia Blanca"}, "game_id": "319965", "values": [{"date": "2022-07-12-06-00-00", "latency": 168}, {"date": "2022-07-12-06-00-00", "latency": 168}, {"date": "2022-07-12-06-00-00", "latency": 168}, {"date": "2022-07-12-06-00-00", "latency": 168}]}], "last_updated": 1719926530.482236}