{"data": [{"location": {"country_code": "fr"}, "game_id": "319965", "values": [{"date": "2023-05-02-13-00-00", "alternatives": ["1", "232", "232"]}]}, {"location": {"country_code": "us", "region": "California"}, "game_id": "319965", "values": [{"date": "2023-05-02-10-00-00", "alternatives": [5, 8, 5, 5]}]}, {"location": {"country_code": "cr"}, "game_id": "319965", "values": [{"date": "2023-05-02-05-00-00", "alternatives": ["182", "182", "162"]}]}, {"location": {"country_code": "pe"}, "game_id": "319965", "values": [{"date": "2023-05-02-06-00-00", "alternatives": ["107", "0", "0107"]}]}, {"location": {"country_code": "br", "region": "Sergipe"}, "game_id": "319965", "values": [{"date": "2023-05-02-20-00-00", "alternatives": ["4", "4", "0"]}]}, {"location": {"country_code": "us", "region": "Minnesota", "city": "Eagan"}, "game_id": "319965", "values": [{"date": "2023-05-02-04-00-00", "alternatives": ["75", "75", "1"]}, {"date": "2023-05-02-04-00-00", "alternatives": ["75", "75", "1"]}, {"date": "2023-05-02-04-00-00", "alternatives": ["75", "75", "1"]}]}], "last_updated": 1719918470.365761}