{"data": [{"location": {"country_code": "us"}, "game_id": "762836", "values": [{"date": "2023-06-09-02-00-00", "alternatives": [57, 87, 57, 57]}, {"date": "2023-06-09-07-00-00", "alternatives": [83, 63, 63, 63]}, {"date": "2023-06-09-19-00-00", "alternatives": ["50", "50", "30"]}, {"date": "2023-06-09-08-00-00", "alternatives": ["25", "23", "25"]}, {"date": "2023-06-09-08-00-00", "alternatives": ["25", "23", "25"]}, {"date": "2023-06-09-08-00-00", "alternatives": ["25", "23", "25"]}, {"date": "2023-06-09-08-00-00", "alternatives": ["25", "23", "25"]}, {"date": "2023-06-09-08-00-00", "alternatives": ["25", "23", "25"]}, {"date": "2023-06-09-08-00-00", "alternatives": ["25", "23", "25"]}, {"date": "2023-06-09-08-00-00", "alternatives": ["25", "23", "25"]}, {"date": "2023-06-09-02-00-00", "alternatives": ["31", "31", "3"]}, {"date": "2023-06-09-09-00-00", "alternatives": ["53", "53", "93"]}, {"date": "2023-06-10-02-00-00", "alternatives": [30, 30, 30]}, {"date": "2023-06-10-02-00-00", "alternatives": [30, 30, 30]}, {"date": "2023-06-10-02-00-00", "alternatives": [30, 30, 30]}, {"date": "2023-06-10-02-00-00", "alternatives": [30, 30, 30]}, {"date": "2023-06-10-02-00-00", "alternatives": [30, 30, 30]}, {"date": "2023-06-10-02-00-00", "alternatives": [30, 30, 30]}, {"date": "2023-06-10-02-00-00", "alternatives": [30, 30, 30]}, {"date": "2023-06-10-02-00-00", "alternatives": [30, 30, 30]}, {"date": "2023-06-10-02-00-00", "alternatives": [30, 30, 30]}, {"date": "2023-06-10-02-00-00", "alternatives": [30, 30, 30]}, {"date": "2023-06-10-02-00-00", "alternatives": [30, 30, 30]}]}, {"location": {"country_code": "de", "region": "Berlin", "city": "Berlin"}, "game_id": "762836", "values": [{"date": "2023-06-10-00-00-00", "alternatives": ["1", "1", "15"]}, {"date": "2023-06-10-00-00-00", "alternatives": ["1", "1", "15"]}, {"date": "2023-06-10-00-00-00", "alternatives": ["1", "1", "15"]}]}, {"location": {"country_code": "us", "region": "New York", "city": "Jamestown"}, "game_id": "762836", "values": [{"date": "2023-06-09-04-00-00", "alternatives": ["21", "2", "21"]}, {"date": "2023-06-09-02-00-00", "alternatives": [16, 18, 18, 18]}]}, {"location": {"country_code": "gb"}, "game_id": "762836", "values": [{"date": "2023-06-09-17-00-00", "alternatives": ["35", "35", "33"]}, {"date": "2023-06-09-17-00-00", "alternatives": ["35", "35", "33"]}, {"date": "2023-06-09-20-00-00", "alternatives": ["31", "31", "3"]}, {"date": "2023-06-09-23-00-00", "alternatives": [20, 20, 20]}, {"date": "2023-06-09-23-00-00", "alternatives": [20, 20, 20]}, {"date": "2023-06-09-23-00-00", "alternatives": [20, 20, 20]}, {"date": "2023-06-09-23-00-00", "alternatives": [20, 20, 20]}, {"date": "2023-06-09-23-00-00", "alternatives": [20, 20, 20]}, {"date": "2023-06-09-19-00-00", "alternatives": [31, 21, 31, 31]}, {"date": "2023-06-09-03-00-00", "alternatives": ["46", "46", "45"]}, {"date": "2023-06-09-03-00-00", "alternatives": ["46", "46", "45"]}]}, {"location": {"country_code": "gb", "region": "England"}, "game_id": "762836", "values": [{"date": "2023-06-09-23-00-00", "alternatives": [26, 26, 26]}, {"date": "2023-06-09-23-00-00", "alternatives": [26, 26, 26]}, {"date": "2023-06-09-23-00-00", "alternatives": [26, 26, 26]}, {"date": "2023-06-09-23-00-00", "alternatives": [26, 26, 26]}, {"date": "2023-06-09-23-00-00", "alternatives": [26, 26, 26]}, {"date": "2023-06-09-23-00-00", "alternatives": [26, 26, 26]}, {"date": "2023-06-10-00-00-00", "alternatives": [30, 30, 30]}, {"date": "2023-06-10-00-00-00", "alternatives": [30, 30, 30]}, {"date": "2023-06-10-00-00-00", "alternatives": [30, 30, 30]}, {"date": "2023-06-10-02-00-00", "alternatives": ["30", "39", "39"]}, {"date": "2023-06-10-02-00-00", "alternatives": ["30", "39", "39"]}, {"date": "2023-06-10-02-00-00", "alternatives": ["30", "39", "39"]}, {"date": "2023-06-10-02-00-00", "alternatives": ["30", "39", "39"]}, {"date": "2023-06-10-02-00-00", "alternatives": ["30", "39", "39"]}, {"date": "2023-06-10-02-00-00", "alternatives": ["30", "39", "39"]}, {"date": "2023-06-10-02-00-00", "alternatives": ["30", "39", "39"]}, {"date": "2023-06-10-02-00-00", "alternatives": ["30", "39", "39"]}, {"date": "2023-06-10-02-00-00", "alternatives": ["30", "39", "39"]}, {"date": "2023-06-10-02-00-00", "alternatives": ["30", "39", "39"]}, {"date": "2023-06-10-02-00-00", "alternatives": ["30", "39", "39"]}, {"date": "2023-06-10-02-00-00", "alternatives": ["30", "39", "39"]}, {"date": "2023-06-10-02-00-00", "alternatives": ["30", "39", "39"]}, {"date": "2023-06-10-02-00-00", "alternatives": ["30", "39", "39"]}]}, {"location": {"country_code": "it"}, "game_id": "762836", "values": [{"date": "2023-06-09-02-00-00", "alternatives": ["39", "39", "38"]}, {"date": "2023-06-09-22-00-00", "alternatives": [47, 47, 47]}, {"date": "2023-06-09-22-00-00", "alternatives": [45, 4, 45, 45]}, {"date": "2023-06-09-22-00-00", "alternatives": [45, 4, 45, 45]}, {"date": "2023-06-09-22-00-00", "alternatives": [45, 4, 45, 45]}, {"date": "2023-06-09-22-00-00", "alternatives": [45, 4, 45, 45]}, {"date": "2023-06-09-22-00-00", "alternatives": [45, 4, 45, 45]}, {"date": "2023-06-09-22-00-00", "alternatives": [45, 4, 45, 45]}, {"date": "2023-06-09-22-00-00", "alternatives": [45, 4, 45, 45]}, {"date": "2023-06-09-22-00-00", "alternatives": [45, 4, 45, 45]}, {"date": "2023-06-09-22-00-00", "alternatives": [45, 4, 45, 45]}, {"date": "2023-06-09-22-00-00", "alternatives": [45, 4, 45, 45]}, {"date": "2023-06-09-23-00-00", "alternatives": [42, 42, 42, 42]}]}, {"location": {"country_code": "jp"}, "game_id": "762836", "values": [{"date": "2023-06-09-11-00-00", "alternatives": [28, 25, 28, 28]}, {"date": "2023-06-09-11-00-00", "alternatives": [28, 25, 28, 28]}, {"date": "2023-06-09-03-00-00", "alternatives": [9, 9, 9]}, {"date": "2023-06-09-03-00-00", "alternatives": [9, 9, 9]}, {"date": "2023-06-09-03-00-00", "alternatives": [9, 9, 9]}]}, {"location": {"country_code": "ca"}, "game_id": "762836", "values": [{"date": "2023-06-09-04-00-00", "alternatives": [114, 114, 114]}, {"date": "2023-06-09-04-00-00", "alternatives": [114, 114, 114]}, {"date": "2023-06-09-21-00-00", "alternatives": ["19", "19", "10"]}, {"date": "2023-06-09-21-00-00", "alternatives": ["19", "19", "10"]}, {"date": "2023-06-09-21-00-00", "alternatives": ["19", "19", "10"]}, {"date": "2023-06-09-20-00-00", "alternatives": [40, 4, 40, 40]}, {"date": "2023-06-09-20-00-00", "alternatives": [40, 4, 40, 40]}]}, {"location": {"country_code": "de"}, "game_id": "762836", "values": [{"date": "2023-06-10-01-00-00", "alternatives": [11, 11, 11]}, {"date": "2023-06-10-01-00-00", "alternatives": [11, 11, 11]}, {"date": "2023-06-10-01-00-00", "alternatives": [11, 11, 11]}, {"date": "2023-06-10-01-00-00", "alternatives": [11, 11, 11]}, {"date": "2023-06-10-01-00-00", "alternatives": [11, 11, 11]}, {"date": "2023-06-09-12-00-00", "alternatives": [36, 38, 36, 36]}]}, {"location": {"country_code": "mx"}, "game_id": "762836", "values": [{"date": "2023-06-09-08-00-00", "alternatives": ["55", "5", "55"]}, {"date": "2023-06-09-08-00-00", "alternatives": ["55", "5", "55"]}, {"date": "2023-06-09-10-00-00", "alternatives": [82, 82, 82]}, {"date": "2023-06-09-10-00-00", "alternatives": [82, 82, 82]}, {"date": "2023-06-09-10-00-00", "alternatives": [82, 82, 82]}, {"date": "2023-06-09-10-00-00", "alternatives": [82, 82, 82]}, {"date": "2023-06-09-10-00-00", "alternatives": [82, 82, 82]}, {"date": "2023-06-09-07-00-00", "alternatives": [2, 2, 2]}]}, {"location": {"country_code": "us", "region": "Texas"}, "game_id": "762836", "values": [{"date": "2023-06-09-03-00-00", "alternatives": ["40", "40", "0"]}, {"date": "2023-06-09-03-00-00", "alternatives": ["40", "40", "0"]}, {"date": "2023-06-09-03-00-00", "alternatives": ["40", "40", "0"]}, {"date": "2023-06-09-04-00-00", "alternatives": ["31", "31", "3"]}, {"date": "2023-06-09-04-00-00", "alternatives": ["31", "31", "3"]}]}, {"location": {"country_code": "au", "region": "New South Wales", "city": "Sydney"}, "game_id": "762836", "values": [{"date": "2023-06-09-14-00-00", "alternatives": [14, 14, 14]}]}, {"location": {"country_code": "us", "region": "Florida"}, "game_id": "762836", "values": [{"date": "2023-06-09-05-00-00", "alternatives": [44, 44, 44]}, {"date": "2023-06-09-05-00-00", "alternatives": [44, 44, 44]}, {"date": "2023-06-09-05-00-00", "alternatives": [44, 44, 44]}, {"date": "2023-06-09-05-00-00", "alternatives": [44, 44, 44]}, {"date": "2023-06-09-05-00-00", "alternatives": [44, 44, 44]}, {"date": "2023-06-09-05-00-00", "alternatives": ["94", "94", "84"]}, {"date": "2023-06-09-05-00-00", "alternatives": ["94", "94", "84"]}, {"date": "2023-06-09-05-00-00", "alternatives": ["94", "94", "84"]}, {"date": "2023-06-09-05-00-00", "alternatives": ["94", "94", "84"]}, {"date": "2023-06-09-05-00-00", "alternatives": ["94", "94", "84"]}]}, {"location": {"country_code": "fr"}, "game_id": "762836", "values": [{"date": "2023-06-10-02-00-00", "alternatives": ["2", "22", "2"]}, {"date": "2023-06-10-02-00-00", "alternatives": ["2", "22", "2"]}, {"date": "2023-06-10-02-00-00", "alternatives": ["2", "22", "2"]}, {"date": "2023-06-09-17-00-00", "alternatives": ["28", "28", "8"]}, {"date": "2023-06-09-17-00-00", "alternatives": ["28", "28", "8"]}, {"date": "2023-06-09-17-00-00", "alternatives": ["28", "28", "8"]}, {"date": "2023-06-09-22-00-00", "alternatives": [30, 30, 30]}, {"date": "2023-06-09-22-00-00", "alternatives": [21, 2, 21, 21]}, {"date": "2023-06-09-22-00-00", "alternatives": [21, 2, 21, 21]}, {"date": "2023-06-10-02-00-00", "alternatives": [24, 24, 24]}, {"date": "2023-06-10-02-00-00", "alternatives": [24, 24, 24]}, {"date": "2023-06-10-02-00-00", "alternatives": [24, 24, 24]}]}, {"location": {"country_code": "br", "region": "Minas Gerais", "city": "Betim"}, "game_id": "762836", "values": [{"date": "2023-06-09-05-00-00", "alternatives": ["21", "21", "2"]}, {"date": "2023-06-09-05-00-00", "alternatives": ["21", "21", "2"]}, {"date": "2023-06-09-05-00-00", "alternatives": ["21", "21", "2"]}, {"date": "2023-06-09-05-00-00", "alternatives": ["21", "21", "2"]}]}, {"location": {"country_code": "us", "region": "Ohio"}, "game_id": "762836", "values": [{"date": "2023-06-09-04-00-00", "alternatives": [5642, 42, 42, 42]}, {"date": "2023-06-09-06-00-00", "alternatives": ["0", "0", "60"]}, {"date": "2023-06-09-06-00-00", "alternatives": ["0", "0", "60"]}, {"date": "2023-06-09-06-00-00", "alternatives": ["0", "0", "60"]}, {"date": "2023-06-09-06-00-00", "alternatives": ["0", "0", "60"]}, {"date": "2023-06-09-06-00-00", "alternatives": ["0", "0", "60"]}, {"date": "2023-06-09-06-00-00", "alternatives": ["0", "0", "60"]}]}, {"location": {"country_code": "in", "region": "West Bengal", "city": "Kolkata"}, "game_id": "762836", "values": [{"date": "2023-06-09-22-00-00", "alternatives": [70, 70, 70]}, {"date": "2023-06-09-22-00-00", "alternatives": [70, 70, 70]}, {"date": "2023-06-09-22-00-00", "alternatives": [70, 70, 70]}, {"date": "2023-06-09-22-00-00", "alternatives": [70, 70, 70]}, {"date": "2023-06-09-22-00-00", "alternatives": [70, 70, 70]}, {"date": "2023-06-09-22-00-00", "alternatives": [70, 70, 70]}, {"date": "2023-06-09-22-00-00", "alternatives": [70, 70, 70]}, {"date": "2023-06-09-22-00-00", "alternatives": [70, 70, 70]}, {"date": "2023-06-09-22-00-00", "alternatives": [70, 70, 70]}]}, {"location": {"country_code": "us", "region": "California"}, "game_id": "762836", "values": [{"date": "2023-06-09-05-00-00", "alternatives": [28, 2, 28, 28]}, {"date": "2023-06-09-05-00-00", "alternatives": [28, 2, 28, 28]}, {"date": "2023-06-09-05-00-00", "alternatives": [28, 2, 28, 28]}, {"date": "2023-06-09-06-00-00", "alternatives": ["61", "6", "61"]}, {"date": "2023-06-09-06-00-00", "alternatives": ["61", "6", "61"]}, {"date": "2023-06-10-00-00-00", "alternatives": ["45", "4", "45"]}, {"date": "2023-06-10-00-00-00", "alternatives": ["45", "4", "45"]}, {"date": "2023-06-10-00-00-00", "alternatives": ["45", "4", "45"]}]}, {"location": {"country_code": "br", "region": "Rio Grande do Sul", "city": "Santa Maria"}, "game_id": "762836", "values": [{"date": "2023-06-09-05-00-00", "alternatives": [21, 21, 21]}]}, {"location": {"country_code": "br", "region": "Ceara", "city": "Itapipoca"}, "game_id": "762836", "values": [{"date": "2023-06-09-21-00-00", "alternatives": ["55", "55", "5"]}, {"date": "2023-06-09-21-00-00", "alternatives": ["55", "55", "5"]}, {"date": "2023-06-09-21-00-00", "alternatives": ["55", "55", "5"]}, {"date": "2023-06-09-21-00-00", "alternatives": ["55", "55", "5"]}, {"date": "2023-06-09-21-00-00", "alternatives": ["55", "55", "5"]}, {"date": "2023-06-09-21-00-00", "alternatives": ["55", "55", "5"]}, {"date": "2023-06-09-21-00-00", "alternatives": ["55", "55", "5"]}, {"date": "2023-06-09-21-00-00", "alternatives": ["55", "55", "5"]}, {"date": "2023-06-09-21-00-00", "alternatives": ["55", "55", "5"]}, {"date": "2023-06-09-21-00-00", "alternatives": ["55", "55", "5"]}]}, {"location": {"country_code": "br", "region": "Sao Paulo", "city": "Apiai"}, "game_id": "762836", "values": [{"date": "2023-06-09-17-00-00", "alternatives": ["11", "11", "1"]}, {"date": "2023-06-09-17-00-00", "alternatives": ["11", "11", "1"]}, {"date": "2023-06-09-02-00-00", "alternatives": ["55427", "7", "7"]}]}, {"location": {"country_code": "no"}, "game_id": "762836", "values": [{"date": "2023-06-09-21-00-00", "alternatives": [38, 38, 38]}]}, {"location": {"country_code": "us", "region": "California", "city": "East Los Angeles"}, "game_id": "762836", "values": [{"date": "2023-06-09-10-00-00", "alternatives": [20, 2, 20, 20]}, {"date": "2023-06-09-10-00-00", "alternatives": [20, 2, 20, 20]}]}, {"location": {"country_code": "au"}, "game_id": "762836", "values": [{"date": "2023-06-09-17-00-00", "alternatives": ["55", "9", "55"]}, {"date": "2023-06-09-15-00-00", "alternatives": [26, 26, 26]}]}, {"location": {"country_code": "us", "region": "Texas", "city": "Austin"}, "game_id": "762836", "values": [{"date": "2023-06-09-03-00-00", "alternatives": [65, 6, 63, 65, 65]}, {"date": "2023-06-09-03-00-00", "alternatives": [65, 6, 63, 65, 65]}]}, {"location": {"country_code": "es"}, "game_id": "762836", "values": [{"date": "2023-06-09-03-00-00", "alternatives": ["0", "20", "20"]}, {"date": "2023-06-09-03-00-00", "alternatives": ["0", "20", "20"]}]}, {"location": {"country_code": "sa"}, "game_id": "762836", "values": [{"date": "2023-06-09-04-00-00", "alternatives": ["65", "65", "5"]}, {"date": "2023-06-09-04-00-00", "alternatives": ["65", "65", "5"]}, {"date": "2023-06-09-04-00-00", "alternatives": ["65", "65", "5"]}, {"date": "2023-06-09-04-00-00", "alternatives": ["65", "65", "5"]}, {"date": "2023-06-09-04-00-00", "alternatives": ["65", "65", "5"]}, {"date": "2023-06-09-04-00-00", "alternatives": ["65", "65", "5"]}, {"date": "2023-06-09-04-00-00", "alternatives": ["65", "65", "5"]}]}, {"location": {"country_code": "ar"}, "game_id": "762836", "values": [{"date": "2023-06-09-05-00-00", "alternatives": [3, 32, 32, 32]}, {"date": "2023-06-09-05-00-00", "alternatives": [3, 32, 32, 32]}, {"date": "2023-06-09-05-00-00", "alternatives": [3, 32, 32, 32]}]}, {"location": {"country_code": "jm"}, "game_id": "762836", "values": [{"date": "2023-06-10-00-00-00", "alternatives": [92, 82, 92, 92]}]}, {"location": {"country_code": "fi"}, "game_id": "762836", "values": [{"date": "2023-06-09-22-00-00", "alternatives": ["35", "35", "3"]}, {"date": "2023-06-09-22-00-00", "alternatives": ["35", "35", "3"]}, {"date": "2023-06-09-22-00-00", "alternatives": ["35", "35", "3"]}, {"date": "2023-06-09-22-00-00", "alternatives": ["35", "35", "3"]}, {"date": "2023-06-09-22-00-00", "alternatives": ["35", "35", "3"]}, {"date": "2023-06-09-22-00-00", "alternatives": ["26", "26", "256"]}]}, {"location": {"country_code": "de", "region": "Free and Hanseatic City of Hamburg", "city": "Hamburg"}, "game_id": "762836", "values": [{"date": "2023-06-09-23-00-00", "alternatives": ["11", "1", "1"]}, {"date": "2023-06-09-23-00-00", "alternatives": ["11", "1", "1"]}, {"date": "2023-06-09-23-00-00", "alternatives": ["11", "1", "1"]}, {"date": "2023-06-09-23-00-00", "alternatives": ["11", "1", "1"]}, {"date": "2023-06-09-23-00-00", "alternatives": ["11", "1", "1"]}, {"date": "2023-06-09-13-00-00", "alternatives": ["39", "38", "38"]}]}, {"location": {"country_code": "iq"}, "game_id": "762836", "values": [{"date": "2023-06-09-09-00-00", "alternatives": [1, 8, 8, 8]}]}, {"location": {"country_code": "tr", "region": "Ege Bolgesi", "city": "Izmir"}, "game_id": "762836", "values": [{"date": "2023-06-09-22-00-00", "alternatives": [55, 5, 55, 55]}, {"date": "2023-06-09-22-00-00", "alternatives": [55, 5, 55, 55]}, {"date": "2023-06-09-22-00-00", "alternatives": [55, 5, 55, 55]}]}, {"location": {"country_code": "au", "region": "South Australia", "city": "Adelaide"}, "game_id": "762836", "values": [{"date": "2023-06-09-14-00-00", "alternatives": ["35", "35", "33"]}, {"date": "2023-06-09-14-00-00", "alternatives": ["35", "35", "33"]}, {"date": "2023-06-09-14-00-00", "alternatives": ["35", "35", "33"]}]}, {"location": {"country_code": "us", "region": "Michigan"}, "game_id": "762836", "values": [{"date": "2023-06-09-03-00-00", "alternatives": [54, 54, 54]}]}, {"location": {"country_code": "us", "region": "Illinois", "city": "Chicago"}, "game_id": "762836", "values": [{"date": "2023-06-09-04-00-00", "alternatives": ["21", "21", "2"]}, {"date": "2023-06-09-17-00-00", "alternatives": ["56", "56", "36"]}, {"date": "2023-06-09-17-00-00", "alternatives": ["56", "56", "36"]}, {"date": "2023-06-09-17-00-00", "alternatives": ["56", "56", "36"]}, {"date": "2023-06-09-17-00-00", "alternatives": ["56", "56", "36"]}, {"date": "2023-06-09-17-00-00", "alternatives": ["56", "56", "36"]}, {"date": "2023-06-09-17-00-00", "alternatives": ["56", "56", "36"]}, {"date": "2023-06-09-17-00-00", "alternatives": ["56", "56", "36"]}, {"date": "2023-06-09-17-00-00", "alternatives": ["56", "56", "36"]}, {"date": "2023-06-09-17-00-00", "alternatives": ["56", "56", "36"]}, {"date": "2023-06-09-17-00-00", "alternatives": ["56", "56", "36"]}, {"date": "2023-06-09-17-00-00", "alternatives": ["56", "56", "36"]}, {"date": "2023-06-09-17-00-00", "alternatives": ["56", "56", "36"]}, {"date": "2023-06-09-17-00-00", "alternatives": ["56", "56", "36"]}, {"date": "2023-06-09-17-00-00", "alternatives": ["56", "56", "36"]}, {"date": "2023-06-09-20-00-00", "alternatives": [21, 2, 21, 21]}, {"date": "2023-06-09-20-00-00", "alternatives": [21, 2, 21, 21]}]}, {"location": {"country_code": "us", "region": "Pennsylvania", "city": "Pittsburgh"}, "game_id": "762836", "values": [{"date": "2023-06-10-01-00-00", "alternatives": ["62", "62", "82"]}, {"date": "2023-06-10-01-00-00", "alternatives": ["62", "62", "82"]}, {"date": "2023-06-10-01-00-00", "alternatives": ["62", "62", "82"]}, {"date": "2023-06-10-01-00-00", "alternatives": ["62", "62", "82"]}, {"date": "2023-06-10-01-00-00", "alternatives": ["62", "62", "82"]}]}, {"location": {"country_code": "de", "region": "Bavaria"}, "game_id": "762836", "values": [{"date": "2023-06-10-02-00-00", "alternatives": ["35", "35", "335"]}, {"date": "2023-06-10-02-00-00", "alternatives": ["35", "35", "335"]}, {"date": "2023-06-10-02-00-00", "alternatives": ["35", "35", "335"]}, {"date": "2023-06-10-02-00-00", "alternatives": ["35", "35", "335"]}, {"date": "2023-06-10-02-00-00", "alternatives": ["35", "35", "335"]}, {"date": "2023-06-09-21-00-00", "alternatives": ["16", "1", "16"]}]}, {"location": {"country_code": "co", "region": "Antioquia", "city": "Medellin"}, "game_id": "762836", "values": [{"date": "2023-06-10-00-00-00", "alternatives": ["89", "9", "89"]}, {"date": "2023-06-10-00-00-00", "alternatives": ["89", "9", "89"]}, {"date": "2023-06-10-00-00-00", "alternatives": ["89", "9", "89"]}, {"date": "2023-06-10-00-00-00", "alternatives": ["89", "9", "89"]}, {"date": "2023-06-10-00-00-00", "alternatives": ["89", "9", "89"]}, {"date": "2023-06-10-00-00-00", "alternatives": ["89", "9", "89"]}, {"date": "2023-06-10-00-00-00", "alternatives": ["89", "9", "89"]}, {"date": "2023-06-10-00-00-00", "alternatives": ["89", "9", "89"]}, {"date": "2023-06-10-00-00-00", "alternatives": ["89", "9", "89"]}, {"date": "2023-06-10-00-00-00", "alternatives": ["89", "9", "89"]}, {"date": "2023-06-10-00-00-00", "alternatives": ["89", "9", "89"]}, {"date": "2023-06-10-00-00-00", "alternatives": ["89", "9", "89"]}]}, {"location": {"country_code": "at", "region": "Tyrol"}, "game_id": "762836", "values": [{"date": "2023-06-09-23-00-00", "alternatives": [43, 43, 43]}, {"date": "2023-06-09-23-00-00", "alternatives": [43, 43, 43]}, {"date": "2023-06-09-23-00-00", "alternatives": [43, 43, 43]}]}, {"location": {"country_code": "us", "region": "Utah"}, "game_id": "762836", "values": [{"date": "2023-06-09-04-00-00", "alternatives": [2, 25, 25, 25]}, {"date": "2023-06-09-04-00-00", "alternatives": [2, 25, 25, 25]}]}, {"location": {"country_code": "es", "region": "Catalonia", "city": "l'Hospitalet de Llobregat"}, "game_id": "762836", "values": [{"date": "2023-06-09-21-00-00", "alternatives": [30, 36, 36, 36]}, {"date": "2023-06-09-21-00-00", "alternatives": [30, 36, 36, 36]}, {"date": "2023-06-09-21-00-00", "alternatives": [30, 36, 36, 36]}, {"date": "2023-06-09-21-00-00", "alternatives": [30, 36, 36, 36]}, {"date": "2023-06-09-21-00-00", "alternatives": [30, 36, 36, 36]}, {"date": "2023-06-09-21-00-00", "alternatives": [30, 36, 36, 36]}]}, {"location": {"country_code": "us", "region": "Puerto Rico"}, "game_id": "762836", "values": [{"date": "2023-06-10-00-00-00", "alternatives": ["30", "3", "30"]}, {"date": "2023-06-10-00-00-00", "alternatives": ["30", "3", "30"]}, {"date": "2023-06-10-00-00-00", "alternatives": ["30", "3", "30"]}, {"date": "2023-06-10-00-00-00", "alternatives": ["30", "3", "30"]}, {"date": "2023-06-10-00-00-00", "alternatives": ["30", "3", "30"]}, {"date": "2023-06-10-00-00-00", "alternatives": ["30", "3", "30"]}, {"date": "2023-06-10-00-00-00", "alternatives": ["30", "3", "30"]}]}, {"location": {"country_code": "be"}, "game_id": "762836", "values": [{"date": "2023-06-10-01-00-00", "alternatives": [3, 38, 38, 38]}, {"date": "2023-06-10-01-00-00", "alternatives": [3, 38, 38, 38]}, {"date": "2023-06-10-01-00-00", "alternatives": [3, 38, 38, 38]}, {"date": "2023-06-10-01-00-00", "alternatives": [3, 38, 38, 38]}, {"date": "2023-06-10-01-00-00", "alternatives": [3, 38, 38, 38]}, {"date": "2023-06-10-01-00-00", "alternatives": [3, 38, 38, 38]}]}, {"location": {"country_code": "cr"}, "game_id": "762836", "values": [{"date": "2023-06-09-19-00-00", "alternatives": ["151", "151", "15"]}, {"date": "2023-06-09-19-00-00", "alternatives": ["151", "151", "15"]}, {"date": "2023-06-09-19-00-00", "alternatives": ["151", "151", "15"]}]}, {"location": {"country_code": "ie"}, "game_id": "762836", "values": [{"date": "2023-06-09-05-00-00", "alternatives": ["711", "111", "111"]}]}, {"location": {"country_code": "ua"}, "game_id": "762836", "values": [{"date": "2023-06-09-22-00-00", "alternatives": [39, 39, 39]}, {"date": "2023-06-09-22-00-00", "alternatives": [39, 39, 39]}, {"date": "2023-06-09-20-00-00", "alternatives": ["29", "29", "20"]}, {"date": "2023-06-09-20-00-00", "alternatives": ["29", "29", "20"]}, {"date": "2023-06-09-20-00-00", "alternatives": ["29", "29", "20"]}]}, {"location": {"country_code": "fr", "region": "Occitanie", "city": "Toulouse"}, "game_id": "762836", "values": [{"date": "2023-06-09-04-00-00", "alternatives": ["30", "30", "38"]}]}, {"location": {"country_code": "us", "region": "District of Columbia", "city": "Washington"}, "game_id": "762836", "values": [{"date": "2023-06-09-04-00-00", "alternatives": ["9", "56423089", "9"]}, {"date": "2023-06-09-04-00-00", "alternatives": ["9", "56423089", "9"]}]}, {"location": {"country_code": "my"}, "game_id": "762836", "values": [{"date": "2023-06-09-18-00-00", "alternatives": [9, 9, 9]}]}, {"location": {"country_code": "id"}, "game_id": "762836", "values": [{"date": "2023-06-09-12-00-00", "alternatives": ["85", "5", "85"]}, {"date": "2023-06-09-12-00-00", "alternatives": ["85", "5", "85"]}, {"date": "2023-06-09-22-00-00", "alternatives": ["38", "38", "36"]}]}, {"location": {"country_code": "au", "region": "Queensland"}, "game_id": "762836", "values": [{"date": "2023-06-09-17-00-00", "alternatives": [13, 13, 13]}]}, {"location": {"country_code": "us", "region": "Wisconsin"}, "game_id": "762836", "values": [{"date": "2023-06-10-02-00-00", "alternatives": ["29", "29", "20"]}]}, {"location": {"country_code": "cl", "region": "Santiago Metropolitan", "city": "Santiago"}, "game_id": "762836", "values": [{"date": "2023-06-09-05-00-00", "alternatives": [60, 60, 60]}]}, {"location": {"country_code": "au", "region": "South Australia"}, "game_id": "762836", "values": [{"date": "2023-06-09-15-00-00", "alternatives": [31, 31, 31]}, {"date": "2023-06-09-15-00-00", "alternatives": [31, 31, 31]}]}, {"location": {"country_code": "us", "region": "New Hampshire"}, "game_id": "762836", "values": [{"date": "2023-06-10-01-00-00", "alternatives": ["20", "2", "20"]}, {"date": "2023-06-10-01-00-00", "alternatives": ["20", "2", "20"]}, {"date": "2023-06-10-01-00-00", "alternatives": ["20", "2", "20"]}, {"date": "2023-06-10-01-00-00", "alternatives": ["20", "2", "20"]}, {"date": "2023-06-10-01-00-00", "alternatives": ["20", "2", "20"]}, {"date": "2023-06-10-01-00-00", "alternatives": ["20", "2", "20"]}, {"date": "2023-06-10-01-00-00", "alternatives": ["20", "2", "20"]}, {"date": "2023-06-10-01-00-00", "alternatives": ["20", "2", "20"]}]}, {"location": {"country_code": "us", "region": "Florida", "city": "Miami"}, "game_id": "762836", "values": [{"date": "2023-06-10-00-00-00", "alternatives": [40, 4, 40, 40]}]}, {"location": {"country_code": "mx", "region": "Baja California", "city": "Tijuana"}, "game_id": "762836", "values": [{"date": "2023-06-09-04-00-00", "alternatives": [26, 28, 26, 26]}]}, {"location": {"country_code": "fr", "region": "Ile-de-France Region", "city": "Paris"}, "game_id": "762836", "values": [{"date": "2023-06-09-21-00-00", "alternatives": [55, 35, 3, 55, 55]}, {"date": "2023-06-09-21-00-00", "alternatives": [55, 35, 3, 55, 55]}]}, {"location": {"country_code": "by"}, "game_id": "762836", "values": [{"date": "2023-06-10-00-00-00", "alternatives": ["53", "53", "3"]}, {"date": "2023-06-10-00-00-00", "alternatives": ["53", "53", "3"]}, {"date": "2023-06-10-00-00-00", "alternatives": ["53", "53", "3"]}, {"date": "2023-06-10-00-00-00", "alternatives": ["53", "53", "3"]}, {"date": "2023-06-10-00-00-00", "alternatives": ["53", "53", "3"]}, {"date": "2023-06-10-00-00-00", "alternatives": ["53", "53", "3"]}]}, {"location": {"country_code": "fr", "region": "Borgogna-Franca Contea", "city": "Belfort"}, "game_id": "762836", "values": [{"date": "2023-06-09-13-00-00", "alternatives": ["24", "2", "24"]}, {"date": "2023-06-09-13-00-00", "alternatives": ["24", "2", "24"]}, {"date": "2023-06-09-13-00-00", "alternatives": ["24", "2", "24"]}, {"date": "2023-06-09-13-00-00", "alternatives": ["24", "2", "24"]}, {"date": "2023-06-09-13-00-00", "alternatives": ["24", "2", "24"]}, {"date": "2023-06-09-13-00-00", "alternatives": ["24", "2", "24"]}, {"date": "2023-06-09-13-00-00", "alternatives": ["24", "2", "24"]}]}, {"location": {"country_code": "fr", "region": "Alsazia-Champagne-Ardenne-Lorena"}, "game_id": "762836", "values": [{"date": "2023-06-10-00-00-00", "alternatives": ["28", "28", "8"]}]}, {"location": {"country_code": "us", "region": "Oregon", "city": "Eugene"}, "game_id": "762836", "values": [{"date": "2023-06-10-02-00-00", "alternatives": [55, 395, 55, 55]}, {"date": "2023-06-10-02-00-00", "alternatives": [55, 395, 55, 55]}, {"date": "2023-06-10-02-00-00", "alternatives": [55, 395, 55, 55]}, {"date": "2023-06-10-02-00-00", "alternatives": [55, 395, 55, 55]}, {"date": "2023-06-10-02-00-00", "alternatives": [55, 395, 55, 55]}, {"date": "2023-06-10-02-00-00", "alternatives": [55, 395, 55, 55]}, {"date": "2023-06-10-02-00-00", "alternatives": [55, 395, 55, 55]}, {"date": "2023-06-10-02-00-00", "alternatives": [55, 395, 55, 55]}]}, {"location": {"country_code": "de", "region": "Bavaria", "city": "Munich"}, "game_id": "762836", "values": [{"date": "2023-06-09-16-00-00", "alternatives": [20, 28, 20, 20]}, {"date": "2023-06-09-16-00-00", "alternatives": [20, 28, 20, 20]}]}, {"location": {"country_code": "es", "region": "Andalusia"}, "game_id": "762836", "values": [{"date": "2023-06-09-23-00-00", "alternatives": ["41", "41", "4"]}, {"date": "2023-06-09-23-00-00", "alternatives": ["41", "41", "4"]}, {"date": "2023-06-09-23-00-00", "alternatives": ["41", "41", "4"]}, {"date": "2023-06-09-23-00-00", "alternatives": ["41", "41", "4"]}, {"date": "2023-06-09-23-00-00", "alternatives": ["41", "41", "4"]}, {"date": "2023-06-09-23-00-00", "alternatives": ["41", "41", "4"]}, {"date": "2023-06-09-23-00-00", "alternatives": ["41", "41", "4"]}, {"date": "2023-06-09-23-00-00", "alternatives": ["41", "41", "4"]}]}, {"location": {"country_code": "it", "region": "Piedmont", "city": "Turin"}, "game_id": "762836", "values": [{"date": "2023-06-09-12-00-00", "alternatives": ["21", "21", "27"]}, {"date": "2023-06-09-12-00-00", "alternatives": ["21", "21", "27"]}]}, {"location": {"country_code": "fr", "region": "Centre-Val de Loire"}, "game_id": "762836", "values": [{"date": "2023-06-10-01-00-00", "alternatives": ["40", "4", "40"]}, {"date": "2023-06-10-01-00-00", "alternatives": ["40", "4", "40"]}]}, {"location": {"country_code": "us", "region": "New York", "city": "Buffalo"}, "game_id": "762836", "values": [{"date": "2023-06-09-03-00-00", "alternatives": [81, 8, 81, 81]}]}, {"location": {"country_code": "sa", "region": "Riyadh Region", "city": "Wadi Ad Dawasir"}, "game_id": "762836", "values": [{"date": "2023-06-09-16-00-00", "alternatives": ["71", "11", "11"]}, {"date": "2023-06-09-16-00-00", "alternatives": ["71", "11", "11"]}, {"date": "2023-06-09-16-00-00", "alternatives": ["71", "11", "11"]}, {"date": "2023-06-09-16-00-00", "alternatives": ["71", "11", "11"]}, {"date": "2023-06-09-16-00-00", "alternatives": ["71", "11", "11"]}]}, {"location": {"country_code": "it", "region": "Veneto"}, "game_id": "762836", "values": [{"date": "2023-06-09-17-00-00", "alternatives": [55, 5, 85, 55, 55, 55]}, {"date": "2023-06-09-17-00-00", "alternatives": [55, 5, 85, 55, 55, 55]}]}, {"location": {"country_code": "us", "region": "Nevada"}, "game_id": "762836", "values": [{"date": "2023-06-09-10-00-00", "alternatives": ["20", "20", "26"]}, {"date": "2023-06-09-10-00-00", "alternatives": ["20", "20", "26"]}, {"date": "2023-06-09-10-00-00", "alternatives": ["20", "20", "26"]}, {"date": "2023-06-09-10-00-00", "alternatives": ["20", "20", "26"]}]}, {"location": {"country_code": "be", "region": "Brussels Capital", "city": "Brussels"}, "game_id": "762836", "values": [{"date": "2023-06-10-02-00-00", "alternatives": [9, 9, 9]}, {"date": "2023-06-10-02-00-00", "alternatives": [9, 9, 9]}, {"date": "2023-06-10-02-00-00", "alternatives": [9, 9, 9]}, {"date": "2023-06-10-02-00-00", "alternatives": [9, 9, 9]}]}, {"location": {"country_code": "br", "region": "Santa Catarina", "city": "Balneario Camboriu"}, "game_id": "762836", "values": [{"date": "2023-06-09-04-00-00", "alternatives": [0, 20, 20, 20]}]}, {"location": {"country_code": "de", "region": "North Rhine-Westphalia", "city": "Essen"}, "game_id": "762836", "values": [{"date": "2023-06-09-02-00-00", "alternatives": [3, 35, 35, 35]}, {"date": "2023-06-09-02-00-00", "alternatives": [3, 35, 35, 35]}]}, {"location": {"country_code": "gr", "region": "Samothrace", "city": "Thessaloniki"}, "game_id": "762836", "values": [{"date": "2023-06-10-01-00-00", "alternatives": [65, 6, 65, 65]}, {"date": "2023-06-10-01-00-00", "alternatives": [65, 6, 65, 65]}, {"date": "2023-06-10-01-00-00", "alternatives": [65, 6, 65, 65]}, {"date": "2023-06-10-01-00-00", "alternatives": [65, 6, 65, 65]}, {"date": "2023-06-10-01-00-00", "alternatives": [65, 6, 65, 65]}, {"date": "2023-06-10-01-00-00", "alternatives": [65, 6, 65, 65]}, {"date": "2023-06-10-01-00-00", "alternatives": [65, 6, 65, 65]}, {"date": "2023-06-10-01-00-00", "alternatives": [65, 6, 65, 65]}]}, {"location": {"country_code": "fr", "region": "Alvernia-Rodano-Alpi", "city": "Vaulx-en-Velin"}, "game_id": "762836", "values": [{"date": "2023-06-10-00-00-00", "alternatives": ["27", "27", "22"]}]}, {"location": {"country_code": "us", "region": "Colorado", "city": "Aurora"}, "game_id": "762836", "values": [{"date": "2023-06-09-18-00-00", "alternatives": ["55", "55", "33"]}, {"date": "2023-06-09-18-00-00", "alternatives": ["55", "55", "33"]}]}, {"location": {"country_code": "mx", "region": "Oaxaca"}, "game_id": "762836", "values": [{"date": "2023-06-09-08-00-00", "alternatives": [54, 54, 54]}, {"date": "2023-06-09-08-00-00", "alternatives": [54, 54, 54]}]}, {"location": {"country_code": "fr", "region": "Nord-Passo di Calais-Piccardia", "city": "Amiens"}, "game_id": "762836", "values": [{"date": "2023-06-09-16-00-00", "alternatives": ["2", "20", "2"]}, {"date": "2023-06-09-16-00-00", "alternatives": ["2", "20", "2"]}, {"date": "2023-06-09-16-00-00", "alternatives": ["2", "20", "2"]}, {"date": "2023-06-09-16-00-00", "alternatives": ["2", "20", "2"]}, {"date": "2023-06-09-16-00-00", "alternatives": ["2", "20", "2"]}, {"date": "2023-06-09-16-00-00", "alternatives": ["2", "20", "2"]}, {"date": "2023-06-09-16-00-00", "alternatives": ["2", "20", "2"]}]}, {"location": {"country_code": "br", "region": "Sao Paulo", "city": "Tatui"}, "game_id": "762836", "values": [{"date": "2023-06-10-01-00-00", "alternatives": ["32", "22", "22"]}, {"date": "2023-06-10-01-00-00", "alternatives": ["32", "22", "22"]}, {"date": "2023-06-10-01-00-00", "alternatives": ["32", "22", "22"]}, {"date": "2023-06-10-01-00-00", "alternatives": ["32", "22", "22"]}, {"date": "2023-06-10-01-00-00", "alternatives": ["32", "22", "22"]}, {"date": "2023-06-10-01-00-00", "alternatives": ["32", "22", "22"]}, {"date": "2023-06-10-01-00-00", "alternatives": ["32", "22", "22"]}, {"date": "2023-06-10-01-00-00", "alternatives": ["32", "22", "22"]}, {"date": "2023-06-10-01-00-00", "alternatives": ["32", "22", "22"]}, {"date": "2023-06-10-01-00-00", "alternatives": ["32", "22", "22"]}, {"date": "2023-06-10-01-00-00", "alternatives": ["32", "22", "22"]}, {"date": "2023-06-10-01-00-00", "alternatives": ["32", "22", "22"]}, {"date": "2023-06-10-01-00-00", "alternatives": ["32", "22", "22"]}]}, {"location": {"country_code": "co", "region": "Atlantico", "city": "Barranquilla"}, "game_id": "762836", "values": [{"date": "2023-06-09-20-00-00", "alternatives": [83, 83, 83]}]}, {"location": {"country_code": "us", "region": "Ohio", "city": "Rossford"}, "game_id": "762836", "values": [{"date": "2023-06-09-04-00-00", "alternatives": ["6", "156", "156"]}]}, {"location": {"country_code": "co", "region": "Huila", "city": "Neiva"}, "game_id": "762836", "values": [{"date": "2023-06-09-06-00-00", "alternatives": ["87", "7", "87"]}, {"date": "2023-06-09-06-00-00", "alternatives": ["87", "7", "87"]}]}, {"location": {"country_code": "br", "region": "Sao Paulo", "city": "Capao Bonito"}, "game_id": "762836", "values": [{"date": "2023-06-10-02-00-00", "alternatives": [3, 23, 23, 23]}, {"date": "2023-06-10-02-00-00", "alternatives": [3, 23, 23, 23]}, {"date": "2023-06-10-02-00-00", "alternatives": [3, 23, 23, 23]}, {"date": "2023-06-10-02-00-00", "alternatives": [3, 23, 23, 23]}]}, {"location": {"country_code": "br", "region": "Paraiba", "city": "Bonito de Santa Fe"}, "game_id": "762836", "values": [{"date": "2023-06-09-17-00-00", "alternatives": ["58", "58", "8"]}]}, {"location": {"country_code": "gw"}, "game_id": "762836", "values": [{"date": "2023-06-09-10-00-00", "alternatives": [11, 1, 11, 11]}, {"date": "2023-06-09-10-00-00", "alternatives": [11, 1, 11, 11]}, {"date": "2023-06-09-10-00-00", "alternatives": [11, 1, 11, 11]}, {"date": "2023-06-09-10-00-00", "alternatives": [11, 1, 11, 11]}]}], "last_updated": 1719918534.549245}