{"data": [{"location": {"country_code": "nz", "region": "Auckland", "city": "Auckland"}, "game_id": "319965", "values": [{"date": "2021-10-02-14-00-00", "latency": "207"}, {"date": "2021-10-02-14-00-00", "latency": "207"}, {"date": "2021-10-02-14-00-00", "latency": "207"}, {"date": "2021-10-02-14-00-00", "latency": "207"}, {"date": "2021-10-02-14-00-00", "latency": "207"}, {"date": "2021-10-02-14-00-00", "latency": "207"}, {"date": "2021-10-02-14-00-00", "latency": "207"}]}, {"location": {"country_code": "us"}, "game_id": "319965", "values": [{"date": "2021-10-03-01-00-00", "latency": "50"}, {"date": "2021-10-03-01-00-00", "latency": "50"}, {"date": "2021-10-03-01-00-00", "latency": "50"}]}, {"location": {"country_code": "us", "region": "District of Columbia", "city": "Washington"}, "game_id": "319965", "values": [{"date": "2021-10-02-03-00-00", "latency": "50"}, {"date": "2021-10-02-03-00-00", "latency": "50"}, {"date": "2021-10-02-03-00-00", "latency": "50"}]}, {"location": {"country_code": "us", "region": "Florida"}, "game_id": "319965", "values": [{"date": "2021-10-02-20-00-00", "latency": "73"}, {"date": "2021-10-02-20-00-00", "latency": "73"}, {"date": "2021-10-02-20-00-00", "latency": "73"}, {"date": "2021-10-02-20-00-00", "latency": "73"}, {"date": "2021-10-02-20-00-00", "latency": "73"}, {"date": "2021-10-02-20-00-00", "latency": "73"}, {"date": "2021-10-02-20-00-00", "latency": "73"}, {"date": "2021-10-02-20-00-00", "latency": "73"}, {"date": "2021-10-02-20-00-00", "latency": "73"}, {"date": "2021-10-02-20-00-00", "latency": "73"}, {"date": "2021-10-02-20-00-00", "latency": "73"}, {"date": "2021-10-02-20-00-00", "latency": "73"}, {"date": "2021-10-02-20-00-00", "latency": "73"}, {"date": "2021-10-02-21-00-00", "latency": "50"}, {"date": "2021-10-02-21-00-00", "latency": "50"}, {"date": "2021-10-02-21-00-00", "latency": "50"}, {"date": "2021-10-02-21-00-00", "latency": "50"}, {"date": "2021-10-02-21-00-00", "latency": "50"}, {"date": "2021-10-02-21-00-00", "latency": "50"}]}, {"location": {"country_code": "us", "region": "New York", "city": "Jamestown"}, "game_id": "319965", "values": [{"date": "2021-10-03-00-00-00", "latency": "129"}, {"date": "2021-10-03-00-00-00", "latency": "129"}, {"date": "2021-10-03-00-00-00", "latency": "129"}, {"date": "2021-10-03-00-00-00", "latency": "129"}, {"date": "2021-10-02-23-00-00", "latency": "50"}, {"date": "2021-10-02-23-00-00", "latency": "50"}, {"date": "2021-10-02-23-00-00", "latency": "50"}, {"date": "2021-10-02-23-00-00", "latency": "50"}, {"date": "2021-10-02-23-00-00", "latency": "50"}, {"date": "2021-10-02-23-00-00", "latency": "50"}, {"date": "2021-10-02-23-00-00", "latency": "50"}, {"date": "2021-10-02-23-00-00", "latency": "50"}, {"date": "2021-10-02-23-00-00", "latency": "50"}, {"date": "2021-10-02-23-00-00", "latency": "50"}, {"date": "2021-10-02-23-00-00", "latency": "50"}, {"date": "2021-10-02-23-00-00", "latency": "50"}, {"date": "2021-10-02-23-00-00", "latency": "50"}, {"date": "2021-10-02-23-00-00", "latency": "50"}, {"date": "2021-10-02-23-00-00", "latency": "50"}, {"date": "2021-10-02-23-00-00", "latency": "50"}, {"date": "2021-10-02-23-00-00", "latency": "50"}, {"date": "2021-10-02-23-00-00", "latency": "50"}]}, {"location": {"country_code": "gb"}, "game_id": "319965", "values": [{"date": "2021-10-03-02-00-00", "latency": "50"}, {"date": "2021-10-03-02-00-00", "latency": "50"}, {"date": "2021-10-03-02-00-00", "latency": "50"}, {"date": "2021-10-03-02-00-00", "latency": "50"}, {"date": "2021-10-03-02-00-00", "latency": "50"}, {"date": "2021-10-03-02-00-00", "latency": "50"}, {"date": "2021-10-03-02-00-00", "latency": "50"}, {"date": "2021-10-03-02-00-00", "latency": "50"}, {"date": "2021-10-03-02-00-00", "latency": "50"}, {"date": "2021-10-03-02-00-00", "latency": "50"}, {"date": "2021-10-03-02-00-00", "latency": "50"}, {"date": "2021-10-03-02-00-00", "latency": "50"}, {"date": "2021-10-03-02-00-00", "latency": "50"}, {"date": "2021-10-03-02-00-00", "latency": "50"}, {"date": "2021-10-03-02-00-00", "latency": "50"}, {"date": "2021-10-03-02-00-00", "latency": "50"}]}, {"location": {"country_code": "jp"}, "game_id": "319965", "values": [{"date": "2021-10-02-17-00-00", "latency": "84"}, {"date": "2021-10-02-17-00-00", "latency": "84"}, {"date": "2021-10-02-17-00-00", "latency": "84"}, {"date": "2021-10-02-17-00-00", "latency": "84"}, {"date": "2021-10-02-17-00-00", "latency": "84"}, {"date": "2021-10-02-17-00-00", "latency": "84"}, {"date": "2021-10-02-17-00-00", "latency": "84"}, {"date": "2021-10-02-17-00-00", "latency": "84"}, {"date": "2021-10-02-17-00-00", "latency": "84"}, {"date": "2021-10-02-17-00-00", "latency": "84"}, {"date": "2021-10-02-17-00-00", "latency": "84"}, {"date": "2021-10-02-17-00-00", "latency": "84"}, {"date": "2021-10-02-17-00-00", "latency": "84"}, {"date": "2021-10-02-18-00-00", "latency": "113"}, {"date": "2021-10-02-18-00-00", "latency": "113"}, {"date": "2021-10-02-18-00-00", "latency": "113"}, {"date": "2021-10-02-18-00-00", "latency": "113"}, {"date": "2021-10-02-18-00-00", "latency": "113"}, {"date": "2021-10-02-18-00-00", "latency": "113"}, {"date": "2021-10-02-18-00-00", "latency": "113"}, {"date": "2021-10-02-18-00-00", "latency": "113"}, {"date": "2021-10-02-18-00-00", "latency": "113"}, {"date": "2021-10-02-18-00-00", "latency": "113"}, {"date": "2021-10-02-18-00-00", "latency": "113"}, {"date": "2021-10-02-18-00-00", "latency": "113"}, {"date": "2021-10-02-18-00-00", "latency": "113"}, {"date": "2021-10-02-18-00-00", "latency": "113"}, {"date": "2021-10-02-18-00-00", "latency": "113"}, {"date": "2021-10-02-18-00-00", "latency": "113"}, {"date": "2021-10-02-18-00-00", "latency": "113"}, {"date": "2021-10-02-18-00-00", "latency": "113"}, {"date": "2021-10-02-18-00-00", "latency": "113"}]}, {"location": {"country_code": "ca"}, "game_id": "319965", "values": [{"date": "2021-10-02-06-00-00", "latency": "50"}, {"date": "2021-10-02-06-00-00", "latency": "50"}, {"date": "2021-10-02-06-00-00", "latency": "50"}, {"date": "2021-10-03-02-00-00", "latency": "50"}, {"date": "2021-10-03-02-00-00", "latency": "50"}, {"date": "2021-10-03-02-00-00", "latency": "50"}, {"date": "2021-10-03-02-00-00", "latency": "50"}]}, {"location": {"country_code": "ca", "region": "British Columbia"}, "game_id": "319965", "values": [{"date": "2021-10-02-15-00-00", "latency": "50"}, {"date": "2021-10-02-15-00-00", "latency": "50"}, {"date": "2021-10-02-15-00-00", "latency": "50"}, {"date": "2021-10-02-15-00-00", "latency": "50"}]}, {"location": {"country_code": "de"}, "game_id": "319965", "values": [{"date": "2021-10-02-05-00-00", "latency": "50"}, {"date": "2021-10-02-05-00-00", "latency": "50"}, {"date": "2021-10-02-05-00-00", "latency": "50"}, {"date": "2021-10-02-05-00-00", "latency": "50"}, {"date": "2021-10-02-05-00-00", "latency": "50"}, {"date": "2021-10-02-05-00-00", "latency": "50"}, {"date": "2021-10-02-05-00-00", "latency": "50"}, {"date": "2021-10-02-05-00-00", "latency": "50"}, {"date": "2021-10-02-05-00-00", "latency": "50"}, {"date": "2021-10-02-05-00-00", "latency": "50"}, {"date": "2021-10-02-05-00-00", "latency": "50"}, {"date": "2021-10-02-05-00-00", "latency": "50"}, {"date": "2021-10-02-05-00-00", "latency": "50"}, {"date": "2021-10-02-05-00-00", "latency": "50"}, {"date": "2021-10-02-05-00-00", "latency": "50"}, {"date": "2021-10-02-05-00-00", "latency": "50"}, {"date": "2021-10-02-05-00-00", "latency": "50"}, {"date": "2021-10-02-05-00-00", "latency": "50"}, {"date": "2021-10-02-05-00-00", "latency": "50"}, {"date": "2021-10-02-05-00-00", "latency": "50"}, {"date": "2021-10-03-01-00-00", "latency": "50"}, {"date": "2021-10-03-01-00-00", "latency": "50"}, {"date": "2021-10-03-01-00-00", "latency": "50"}]}, {"location": {"country_code": "cl"}, "game_id": "319965", "values": [{"date": "2021-10-03-02-00-00", "latency": "170"}, {"date": "2021-10-03-02-00-00", "latency": "170"}, {"date": "2021-10-03-02-00-00", "latency": "170"}, {"date": "2021-10-03-02-00-00", "latency": "170"}, {"date": "2021-10-03-02-00-00", "latency": "170"}]}, {"location": {"country_code": "us", "region": "Texas"}, "game_id": "319965", "values": [{"date": "2021-10-02-06-00-00", "latency": "50"}]}, {"location": {"country_code": "fr"}, "game_id": "319965", "values": [{"date": "2021-10-02-18-00-00", "latency": "160"}, {"date": "2021-10-02-18-00-00", "latency": "160"}, {"date": "2021-10-02-18-00-00", "latency": "160"}, {"date": "2021-10-02-18-00-00", "latency": "160"}, {"date": "2021-10-02-18-00-00", "latency": "160"}, {"date": "2021-10-02-18-00-00", "latency": "160"}, {"date": "2021-10-02-18-00-00", "latency": "160"}, {"date": "2021-10-02-18-00-00", "latency": "160"}, {"date": "2021-10-03-01-00-00", "latency": "50"}, {"date": "2021-10-03-01-00-00", "latency": "50"}, {"date": "2021-10-03-01-00-00", "latency": "50"}, {"date": "2021-10-03-01-00-00", "latency": "50"}, {"date": "2021-10-03-01-00-00", "latency": "50"}]}, {"location": {"country_code": "mx"}, "game_id": "319965", "values": [{"date": "2021-10-02-04-00-00", "latency": "67"}, {"date": "2021-10-02-04-00-00", "latency": "67"}, {"date": "2021-10-02-04-00-00", "latency": "67"}, {"date": "2021-10-02-04-00-00", "latency": "67"}, {"date": "2021-10-02-04-00-00", "latency": "67"}, {"date": "2021-10-02-04-00-00", "latency": "67"}, {"date": "2021-10-02-04-00-00", "latency": "67"}, {"date": "2021-10-02-04-00-00", "latency": "67"}, {"date": "2021-10-02-04-00-00", "latency": "67"}, {"date": "2021-10-02-04-00-00", "latency": "67"}, {"date": "2021-10-02-04-00-00", "latency": "67"}]}, {"location": {"country_code": "us", "region": "Ohio"}, "game_id": "319965", "values": [{"date": "2021-10-03-02-00-00", "latency": "71"}]}, {"location": {"country_code": "us", "region": "New Mexico"}, "game_id": "319965", "values": [{"date": "2021-10-02-03-00-00", "latency": "83"}, {"date": "2021-10-02-03-00-00", "latency": "83"}, {"date": "2021-10-02-03-00-00", "latency": "83"}, {"date": "2021-10-02-03-00-00", "latency": "83"}, {"date": "2021-10-02-03-00-00", "latency": "83"}, {"date": "2021-10-02-03-00-00", "latency": "83"}]}, {"location": {"country_code": "mx", "region": "Mexico City"}, "game_id": "319965", "values": [{"date": "2021-10-02-05-00-00", "latency": "58"}]}, {"location": {"country_code": "us", "region": "California"}, "game_id": "319965", "values": [{"date": "2021-10-02-06-00-00", "latency": "50"}, {"date": "2021-10-02-06-00-00", "latency": "50"}, {"date": "2021-10-02-06-00-00", "latency": "50"}, {"date": "2021-10-02-06-00-00", "latency": "50"}, {"date": "2021-10-02-06-00-00", "latency": "50"}, {"date": "2021-10-02-06-00-00", "latency": "50"}, {"date": "2021-10-02-06-00-00", "latency": "50"}, {"date": "2021-10-02-06-00-00", "latency": "50"}, {"date": "2021-10-02-06-00-00", "latency": "50"}, {"date": "2021-10-02-06-00-00", "latency": "50"}, {"date": "2021-10-02-06-00-00", "latency": "50"}, {"date": "2021-10-02-06-00-00", "latency": "50"}, {"date": "2021-10-02-06-00-00", "latency": "50"}, {"date": "2021-10-02-06-00-00", "latency": "50"}, {"date": "2021-10-02-06-00-00", "latency": "50"}, {"date": "2021-10-02-06-00-00", "latency": "50"}, {"date": "2021-10-02-06-00-00", "latency": "50"}, {"date": "2021-10-02-06-00-00", "latency": "50"}, {"date": "2021-10-02-06-00-00", "latency": "50"}]}, {"location": {"country_code": "br"}, "game_id": "319965", "values": [{"date": "2021-10-02-10-00-00", "latency": "218"}, {"date": "2021-10-02-10-00-00", "latency": "218"}, {"date": "2021-10-02-10-00-00", "latency": "218"}, {"date": "2021-10-02-10-00-00", "latency": "218"}, {"date": "2021-10-02-10-00-00", "latency": "218"}, {"date": "2021-10-02-10-00-00", "latency": "218"}, {"date": "2021-10-02-10-00-00", "latency": "218"}, {"date": "2021-10-02-10-00-00", "latency": "218"}, {"date": "2021-10-02-10-00-00", "latency": "218"}, {"date": "2021-10-02-03-00-00", "latency": "145"}, {"date": "2021-10-02-03-00-00", "latency": "145"}, {"date": "2021-10-02-03-00-00", "latency": "145"}]}, {"location": {"country_code": "br", "region": "Sao Paulo", "city": "Apiai"}, "game_id": "319965", "values": [{"date": "2021-10-02-21-00-00", "latency": "156"}, {"date": "2021-10-02-21-00-00", "latency": "156"}, {"date": "2021-10-02-21-00-00", "latency": "156"}, {"date": "2021-10-02-21-00-00", "latency": "156"}, {"date": "2021-10-02-21-00-00", "latency": "156"}, {"date": "2021-10-02-21-00-00", "latency": "156"}, {"date": "2021-10-02-21-00-00", "latency": "156"}, {"date": "2021-10-02-21-00-00", "latency": "156"}, {"date": "2021-10-02-21-00-00", "latency": "156"}, {"date": "2021-10-02-21-00-00", "latency": "156"}, {"date": "2021-10-02-21-00-00", "latency": "156"}, {"date": "2021-10-02-21-00-00", "latency": "156"}, {"date": "2021-10-02-21-00-00", "latency": "156"}, {"date": "2021-10-02-21-00-00", "latency": "156"}, {"date": "2021-10-02-21-00-00", "latency": "156"}, {"date": "2021-10-02-21-00-00", "latency": "156"}, {"date": "2021-10-02-21-00-00", "latency": "156"}, {"date": "2021-10-02-21-00-00", "latency": "156"}, {"date": "2021-10-02-21-00-00", "latency": "156"}, {"date": "2021-10-02-21-00-00", "latency": "156"}, {"date": "2021-10-02-21-00-00", "latency": "156"}]}, {"location": {"country_code": "se"}, "game_id": "319965", "values": [{"date": "2021-10-02-15-00-00", "latency": "125"}, {"date": "2021-10-02-15-00-00", "latency": "125"}, {"date": "2021-10-02-15-00-00", "latency": "125"}, {"date": "2021-10-02-15-00-00", "latency": "125"}, {"date": "2021-10-02-15-00-00", "latency": "125"}, {"date": "2021-10-02-15-00-00", "latency": "125"}, {"date": "2021-10-02-15-00-00", "latency": "125"}, {"date": "2021-10-02-15-00-00", "latency": "125"}, {"date": "2021-10-02-15-00-00", "latency": "125"}, {"date": "2021-10-02-15-00-00", "latency": "125"}, {"date": "2021-10-02-15-00-00", "latency": "125"}, {"date": "2021-10-02-15-00-00", "latency": "125"}, {"date": "2021-10-02-15-00-00", "latency": "125"}]}, {"location": {"country_code": "us", "region": "California", "city": "East Los Angeles"}, "game_id": "319965", "values": [{"date": "2021-10-02-06-00-00", "latency": "50"}, {"date": "2021-10-02-06-00-00", "latency": "50"}, {"date": "2021-10-02-06-00-00", "latency": "50"}, {"date": "2021-10-02-06-00-00", "latency": "50"}, {"date": "2021-10-02-06-00-00", "latency": "50"}]}, {"location": {"country_code": "us", "region": "Texas", "city": "Austin"}, "game_id": "319965", "values": [{"date": "2021-10-03-01-00-00", "latency": "9"}]}, {"location": {"country_code": "dk"}, "game_id": "319965", "values": [{"date": "2021-10-02-22-00-00", "latency": "50"}, {"date": "2021-10-02-22-00-00", "latency": "50"}, {"date": "2021-10-02-22-00-00", "latency": "50"}, {"date": "2021-10-02-22-00-00", "latency": "50"}, {"date": "2021-10-02-22-00-00", "latency": "50"}, {"date": "2021-10-02-22-00-00", "latency": "50"}, {"date": "2021-10-02-22-00-00", "latency": "50"}, {"date": "2021-10-02-22-00-00", "latency": "50"}, {"date": "2021-10-02-22-00-00", "latency": "50"}, {"date": "2021-10-02-22-00-00", "latency": "50"}, {"date": "2021-10-02-22-00-00", "latency": "50"}, {"date": "2021-10-02-22-00-00", "latency": "50"}, {"date": "2021-10-02-02-00-00", "latency": "86"}, {"date": "2021-10-02-02-00-00", "latency": "86"}]}, {"location": {"country_code": "tr"}, "game_id": "319965", "values": [{"date": "2021-10-02-20-00-00", "latency": "50"}, {"date": "2021-10-02-20-00-00", "latency": "50"}]}, {"location": {"country_code": "ar", "region": "Buenos Aires F.D.", "city": "Bahia Blanca"}, "game_id": "319965", "values": [{"date": "2021-10-02-02-00-00", "latency": "195"}]}, {"location": {"country_code": "us", "region": "Virginia"}, "game_id": "319965", "values": [{"date": "2021-10-02-22-00-00", "latency": "249"}, {"date": "2021-10-02-22-00-00", "latency": "249"}, {"date": "2021-10-02-22-00-00", "latency": "249"}, {"date": "2021-10-02-22-00-00", "latency": "249"}, {"date": "2021-10-02-22-00-00", "latency": "249"}, {"date": "2021-10-02-22-00-00", "latency": "249"}, {"date": "2021-10-02-22-00-00", "latency": "249"}, {"date": "2021-10-02-22-00-00", "latency": "249"}, {"date": "2021-10-02-22-00-00", "latency": "249"}, {"date": "2021-10-02-22-00-00", "latency": "249"}, {"date": "2021-10-02-22-00-00", "latency": "249"}, {"date": "2021-10-02-22-00-00", "latency": "249"}, {"date": "2021-10-02-22-00-00", "latency": "249"}, {"date": "2021-10-02-08-00-00", "latency": "50"}, {"date": "2021-10-02-08-00-00", "latency": "50"}, {"date": "2021-10-02-08-00-00", "latency": "50"}]}, {"location": {"country_code": "us", "region": "South Carolina"}, "game_id": "319965", "values": [{"date": "2021-10-03-02-00-00", "latency": "50"}, {"date": "2021-10-03-02-00-00", "latency": "50"}, {"date": "2021-10-03-02-00-00", "latency": "50"}, {"date": "2021-10-03-02-00-00", "latency": "50"}]}, {"location": {"country_code": "us", "region": "Michigan"}, "game_id": "319965", "values": [{"date": "2021-10-03-01-00-00", "latency": "55"}, {"date": "2021-10-03-01-00-00", "latency": "55"}, {"date": "2021-10-03-01-00-00", "latency": "55"}, {"date": "2021-10-03-01-00-00", "latency": "55"}, {"date": "2021-10-03-01-00-00", "latency": "55"}, {"date": "2021-10-03-01-00-00", "latency": "55"}, {"date": "2021-10-03-01-00-00", "latency": "55"}, {"date": "2021-10-03-01-00-00", "latency": "55"}, {"date": "2021-10-03-01-00-00", "latency": "55"}, {"date": "2021-10-03-01-00-00", "latency": "55"}, {"date": "2021-10-03-01-00-00", "latency": "55"}, {"date": "2021-10-02-06-00-00", "latency": "51"}, {"date": "2021-10-02-06-00-00", "latency": "51"}, {"date": "2021-10-02-06-00-00", "latency": "51"}]}, {"location": {"country_code": "es", "region": "Catalonia", "city": "l'Hospitalet de Llobregat"}, "game_id": "319965", "values": [{"date": "2021-10-03-01-00-00", "latency": "50"}, {"date": "2021-10-03-01-00-00", "latency": "50"}, {"date": "2021-10-03-01-00-00", "latency": "50"}, {"date": "2021-10-03-01-00-00", "latency": "50"}, {"date": "2021-10-03-01-00-00", "latency": "50"}, {"date": "2021-10-03-01-00-00", "latency": "50"}, {"date": "2021-10-03-01-00-00", "latency": "50"}, {"date": "2021-10-03-01-00-00", "latency": "50"}, {"date": "2021-10-03-01-00-00", "latency": "50"}, {"date": "2021-10-03-01-00-00", "latency": "50"}, {"date": "2021-10-03-01-00-00", "latency": "50"}, {"date": "2021-10-03-01-00-00", "latency": "50"}]}, {"location": {"country_code": "us", "region": "North Carolina"}, "game_id": "319965", "values": [{"date": "2021-10-03-02-00-00", "latency": "50"}, {"date": "2021-10-03-02-00-00", "latency": "50"}]}, {"location": {"country_code": "us", "region": "Nevada", "city": "Las Vegas"}, "game_id": "319965", "values": [{"date": "2021-10-03-02-00-00", "latency": "0"}, {"date": "2021-10-03-02-00-00", "latency": "0"}, {"date": "2021-10-02-07-00-00", "latency": "50"}, {"date": "2021-10-02-10-00-00", "latency": "89"}, {"date": "2021-10-02-10-00-00", "latency": "89"}, {"date": "2021-10-02-10-00-00", "latency": "89"}, {"date": "2021-10-02-10-00-00", "latency": "89"}, {"date": "2021-10-02-10-00-00", "latency": "89"}, {"date": "2021-10-02-10-00-00", "latency": "89"}, {"date": "2021-10-02-10-00-00", "latency": "89"}, {"date": "2021-10-02-10-00-00", "latency": "89"}, {"date": "2021-10-02-10-00-00", "latency": "89"}]}, {"location": {"country_code": "cr"}, "game_id": "319965", "values": [{"date": "2021-10-02-06-00-00", "latency": "124"}, {"date": "2021-10-02-06-00-00", "latency": "124"}]}, {"location": {"country_code": "kr", "region": "Seoul"}, "game_id": "319965", "values": [{"date": "2021-10-02-20-00-00", "latency": "50"}]}, {"location": {"country_code": "ca", "region": "Ontario", "city": "Toronto"}, "game_id": "319965", "values": [{"date": "2021-10-02-04-00-00", "latency": "67"}, {"date": "2021-10-02-04-00-00", "latency": "67"}, {"date": "2021-10-02-04-00-00", "latency": "67"}, {"date": "2021-10-02-04-00-00", "latency": "67"}, {"date": "2021-10-02-04-00-00", "latency": "67"}, {"date": "2021-10-02-04-00-00", "latency": "67"}, {"date": "2021-10-02-04-00-00", "latency": "67"}, {"date": "2021-10-02-04-00-00", "latency": "67"}, {"date": "2021-10-02-06-00-00", "latency": "7"}, {"date": "2021-10-02-06-00-00", "latency": "7"}, {"date": "2021-10-02-06-00-00", "latency": "7"}]}, {"location": {"country_code": "us", "region": "Oklahoma"}, "game_id": "319965", "values": [{"date": "2021-10-02-08-00-00", "latency": "50"}]}, {"location": {"country_code": "us", "region": "Wisconsin"}, "game_id": "319965", "values": [{"date": "2021-10-02-03-00-00", "latency": "50"}, {"date": "2021-10-02-03-00-00", "latency": "50"}, {"date": "2021-10-02-03-00-00", "latency": "50"}]}, {"location": {"country_code": "br", "region": "State of Rio de Janeiro", "city": "Angra dos Reis"}, "game_id": "319965", "values": [{"date": "2021-10-02-03-00-00", "latency": "145"}, {"date": "2021-10-02-03-00-00", "latency": "145"}, {"date": "2021-10-02-03-00-00", "latency": "145"}, {"date": "2021-10-02-03-00-00", "latency": "145"}, {"date": "2021-10-02-03-00-00", "latency": "145"}, {"date": "2021-10-02-03-00-00", "latency": "145"}, {"date": "2021-10-02-03-00-00", "latency": "145"}, {"date": "2021-10-02-03-00-00", "latency": "145"}, {"date": "2021-10-02-03-00-00", "latency": "145"}, {"date": "2021-10-02-03-00-00", "latency": "145"}, {"date": "2021-10-02-03-00-00", "latency": "145"}, {"date": "2021-10-02-03-00-00", "latency": "145"}, {"date": "2021-10-02-03-00-00", "latency": "145"}, {"date": "2021-10-02-03-00-00", "latency": "145"}, {"date": "2021-10-02-03-00-00", "latency": "145"}, {"date": "2021-10-02-03-00-00", "latency": "145"}, {"date": "2021-10-02-03-00-00", "latency": "145"}, {"date": "2021-10-02-03-00-00", "latency": "145"}, {"date": "2021-10-02-03-00-00", "latency": "145"}, {"date": "2021-10-02-03-00-00", "latency": "145"}, {"date": "2021-10-02-03-00-00", "latency": "145"}, {"date": "2021-10-02-03-00-00", "latency": "145"}, {"date": "2021-10-02-03-00-00", "latency": "145"}, {"date": "2021-10-02-03-00-00", "latency": "145"}, {"date": "2021-10-02-03-00-00", "latency": "145"}, {"date": "2021-10-02-03-00-00", "latency": "145"}, {"date": "2021-10-02-03-00-00", "latency": "145"}, {"date": "2021-10-02-03-00-00", "latency": "145"}]}, {"location": {"country_code": "us", "region": "New Hampshire"}, "game_id": "319965", "values": [{"date": "2021-10-02-23-00-00", "latency": "50"}, {"date": "2021-10-02-23-00-00", "latency": "50"}, {"date": "2021-10-02-23-00-00", "latency": "50"}, {"date": "2021-10-02-23-00-00", "latency": "50"}, {"date": "2021-10-02-23-00-00", "latency": "50"}, {"date": "2021-10-02-23-00-00", "latency": "50"}, {"date": "2021-10-02-23-00-00", "latency": "50"}, {"date": "2021-10-02-23-00-00", "latency": "50"}, {"date": "2021-10-02-23-00-00", "latency": "50"}, {"date": "2021-10-02-23-00-00", "latency": "50"}, {"date": "2021-10-02-23-00-00", "latency": "50"}, {"date": "2021-10-02-23-00-00", "latency": "50"}, {"date": "2021-10-02-23-00-00", "latency": "50"}, {"date": "2021-10-02-23-00-00", "latency": "50"}, {"date": "2021-10-02-23-00-00", "latency": "50"}, {"date": "2021-10-02-23-00-00", "latency": "50"}, {"date": "2021-10-02-23-00-00", "latency": "50"}, {"date": "2021-10-02-23-00-00", "latency": "50"}, {"date": "2021-10-02-23-00-00", "latency": "50"}, {"date": "2021-10-02-23-00-00", "latency": "50"}, {"date": "2021-10-02-23-00-00", "latency": "50"}]}, {"location": {"country_code": "fr", "region": "Ile-de-France Region", "city": "Paris"}, "game_id": "319965", "values": [{"date": "2021-10-03-01-00-00", "latency": "50"}, {"date": "2021-10-03-01-00-00", "latency": "50"}, {"date": "2021-10-03-01-00-00", "latency": "50"}, {"date": "2021-10-03-01-00-00", "latency": "50"}, {"date": "2021-10-03-01-00-00", "latency": "50"}, {"date": "2021-10-03-01-00-00", "latency": "50"}, {"date": "2021-10-03-01-00-00", "latency": "50"}, {"date": "2021-10-03-01-00-00", "latency": "50"}]}, {"location": {"country_code": "es", "region": "Catalonia", "city": "Sant Antoni"}, "game_id": "319965", "values": [{"date": "2021-10-02-22-00-00", "latency": "50"}, {"date": "2021-10-02-22-00-00", "latency": "50"}, {"date": "2021-10-02-22-00-00", "latency": "50"}, {"date": "2021-10-02-22-00-00", "latency": "50"}, {"date": "2021-10-02-22-00-00", "latency": "50"}, {"date": "2021-10-02-22-00-00", "latency": "50"}, {"date": "2021-10-02-22-00-00", "latency": "50"}, {"date": "2021-10-02-22-00-00", "latency": "50"}, {"date": "2021-10-02-22-00-00", "latency": "50"}, {"date": "2021-10-02-22-00-00", "latency": "50"}, {"date": "2021-10-02-22-00-00", "latency": "50"}, {"date": "2021-10-02-22-00-00", "latency": "50"}, {"date": "2021-10-02-22-00-00", "latency": "50"}, {"date": "2021-10-02-22-00-00", "latency": "50"}, {"date": "2021-10-02-22-00-00", "latency": "50"}, {"date": "2021-10-02-22-00-00", "latency": "50"}, {"date": "2021-10-02-22-00-00", "latency": "50"}, {"date": "2021-10-02-22-00-00", "latency": "50"}, {"date": "2021-10-02-22-00-00", "latency": "50"}, {"date": "2021-10-02-22-00-00", "latency": "50"}, {"date": "2021-10-02-22-00-00", "latency": "50"}, {"date": "2021-10-02-22-00-00", "latency": "50"}, {"date": "2021-10-02-22-00-00", "latency": "50"}, {"date": "2021-10-02-22-00-00", "latency": "50"}, {"date": "2021-10-02-22-00-00", "latency": "50"}, {"date": "2021-10-02-22-00-00", "latency": "50"}]}, {"location": {"country_code": "us", "region": "Colorado", "city": "Denver"}, "game_id": "319965", "values": [{"date": "2021-10-02-04-00-00", "latency": "53"}]}, {"location": {"country_code": "pt", "region": "Lisbon District", "city": "Amadora"}, "game_id": "319965", "values": [{"date": "2021-10-03-02-00-00", "latency": "50"}, {"date": "2021-10-03-02-00-00", "latency": "50"}, {"date": "2021-10-03-02-00-00", "latency": "50"}, {"date": "2021-10-03-02-00-00", "latency": "50"}, {"date": "2021-10-03-02-00-00", "latency": "50"}]}, {"location": {"country_code": "fr", "region": "Alvernia-Rodano-Alpi", "city": "Lyon"}, "game_id": "319965", "values": [{"date": "2021-10-02-23-00-00", "latency": "50"}]}, {"location": {"country_code": "ca", "region": "Quebec"}, "game_id": "319965", "values": [{"date": "2021-10-02-09-00-00", "latency": "50"}, {"date": "2021-10-02-09-00-00", "latency": "50"}, {"date": "2021-10-02-09-00-00", "latency": "50"}, {"date": "2021-10-02-09-00-00", "latency": "50"}, {"date": "2021-10-02-09-00-00", "latency": "50"}, {"date": "2021-10-02-09-00-00", "latency": "50"}, {"date": "2021-10-02-09-00-00", "latency": "50"}, {"date": "2021-10-02-09-00-00", "latency": "50"}, {"date": "2021-10-02-09-00-00", "latency": "50"}, {"date": "2021-10-02-09-00-00", "latency": "50"}, {"date": "2021-10-02-09-00-00", "latency": "50"}, {"date": "2021-10-02-09-00-00", "latency": "50"}, {"date": "2021-10-02-09-00-00", "latency": "50"}, {"date": "2021-10-02-09-00-00", "latency": "50"}, {"date": "2021-10-02-09-00-00", "latency": "50"}, {"date": "2021-10-02-09-00-00", "latency": "50"}, {"date": "2021-10-02-09-00-00", "latency": "50"}, {"date": "2021-10-02-09-00-00", "latency": "50"}, {"date": "2021-10-02-09-00-00", "latency": "50"}, {"date": "2021-10-02-09-00-00", "latency": "50"}, {"date": "2021-10-02-09-00-00", "latency": "50"}, {"date": "2021-10-02-09-00-00", "latency": "50"}, {"date": "2021-10-02-09-00-00", "latency": "50"}, {"date": "2021-10-02-09-00-00", "latency": "50"}, {"date": "2021-10-02-09-00-00", "latency": "50"}, {"date": "2021-10-02-09-00-00", "latency": "50"}]}, {"location": {"country_code": "de", "region": "Lower Saxony"}, "game_id": "319965", "values": [{"date": "2021-10-02-21-00-00", "latency": "50"}, {"date": "2021-10-02-21-00-00", "latency": "50"}, {"date": "2021-10-02-21-00-00", "latency": "50"}, {"date": "2021-10-02-21-00-00", "latency": "50"}, {"date": "2021-10-02-21-00-00", "latency": "50"}, {"date": "2021-10-02-21-00-00", "latency": "50"}, {"date": "2021-10-02-21-00-00", "latency": "50"}]}, {"location": {"country_code": "de", "region": "Hesse", "city": "Frankfurt"}, "game_id": "319965", "values": [{"date": "2021-10-02-13-00-00", "latency": "50"}, {"date": "2021-10-02-13-00-00", "latency": "50"}, {"date": "2021-10-02-13-00-00", "latency": "50"}, {"date": "2021-10-02-13-00-00", "latency": "50"}, {"date": "2021-10-02-13-00-00", "latency": "50"}, {"date": "2021-10-02-13-00-00", "latency": "50"}, {"date": "2021-10-02-13-00-00", "latency": "50"}, {"date": "2021-10-02-13-00-00", "latency": "50"}, {"date": "2021-10-02-13-00-00", "latency": "50"}, {"date": "2021-10-02-13-00-00", "latency": "50"}, {"date": "2021-10-02-13-00-00", "latency": "50"}, {"date": "2021-10-02-13-00-00", "latency": "50"}, {"date": "2021-10-02-13-00-00", "latency": "50"}, {"date": "2021-10-02-13-00-00", "latency": "50"}, {"date": "2021-10-02-13-00-00", "latency": "50"}, {"date": "2021-10-02-13-00-00", "latency": "50"}, {"date": "2021-10-02-13-00-00", "latency": "50"}, {"date": "2021-10-02-13-00-00", "latency": "50"}, {"date": "2021-10-02-13-00-00", "latency": "50"}, {"date": "2021-10-02-13-00-00", "latency": "50"}, {"date": "2021-10-02-13-00-00", "latency": "50"}, {"date": "2021-10-02-13-00-00", "latency": "50"}, {"date": "2021-10-02-13-00-00", "latency": "50"}]}, {"location": {"country_code": "us", "region": "Washington", "city": "Seattle"}, "game_id": "319965", "values": [{"date": "2021-10-02-02-00-00", "latency": "89"}, {"date": "2021-10-02-02-00-00", "latency": "89"}, {"date": "2021-10-02-10-00-00", "latency": "52"}, {"date": "2021-10-02-10-00-00", "latency": "52"}, {"date": "2021-10-02-10-00-00", "latency": "52"}, {"date": "2021-10-02-10-00-00", "latency": "52"}, {"date": "2021-10-02-10-00-00", "latency": "52"}, {"date": "2021-10-02-10-00-00", "latency": "52"}, {"date": "2021-10-02-10-00-00", "latency": "52"}]}, {"location": {"country_code": "us", "region": "Oregon", "city": "Portland"}, "game_id": "319965", "values": [{"date": "2021-10-02-11-00-00", "latency": "50"}, {"date": "2021-10-02-11-00-00", "latency": "50"}, {"date": "2021-10-02-11-00-00", "latency": "50"}, {"date": "2021-10-02-11-00-00", "latency": "50"}, {"date": "2021-10-02-11-00-00", "latency": "50"}, {"date": "2021-10-02-11-00-00", "latency": "50"}, {"date": "2021-10-02-11-00-00", "latency": "50"}, {"date": "2021-10-02-11-00-00", "latency": "50"}, {"date": "2021-10-02-11-00-00", "latency": "50"}, {"date": "2021-10-02-11-00-00", "latency": "50"}, {"date": "2021-10-02-11-00-00", "latency": "50"}, {"date": "2021-10-02-11-00-00", "latency": "50"}, {"date": "2021-10-02-11-00-00", "latency": "50"}]}, {"location": {"country_code": "fr", "region": "Alsazia-Champagne-Ardenne-Lorena", "city": "Metz"}, "game_id": "319965", "values": [{"date": "2021-10-03-00-00-00", "latency": "275"}, {"date": "2021-10-03-00-00-00", "latency": "275"}, {"date": "2021-10-03-00-00-00", "latency": "275"}, {"date": "2021-10-03-00-00-00", "latency": "275"}, {"date": "2021-10-03-00-00-00", "latency": "275"}, {"date": "2021-10-03-00-00-00", "latency": "275"}, {"date": "2021-10-03-00-00-00", "latency": "275"}, {"date": "2021-10-03-00-00-00", "latency": "275"}, {"date": "2021-10-03-00-00-00", "latency": "275"}, {"date": "2021-10-03-00-00-00", "latency": "275"}]}, {"location": {"country_code": "de", "region": "North Rhine-Westphalia", "city": "Dortmund"}, "game_id": "319965", "values": [{"date": "2021-10-02-22-00-00", "latency": "50"}, {"date": "2021-10-02-22-00-00", "latency": "50"}, {"date": "2021-10-02-22-00-00", "latency": "50"}, {"date": "2021-10-02-22-00-00", "latency": "50"}, {"date": "2021-10-02-22-00-00", "latency": "50"}, {"date": "2021-10-02-22-00-00", "latency": "50"}, {"date": "2021-10-02-22-00-00", "latency": "50"}, {"date": "2021-10-02-22-00-00", "latency": "50"}, {"date": "2021-10-02-22-00-00", "latency": "50"}, {"date": "2021-10-02-22-00-00", "latency": "50"}, {"date": "2021-10-02-22-00-00", "latency": "50"}, {"date": "2021-10-02-22-00-00", "latency": "50"}, {"date": "2021-10-02-22-00-00", "latency": "50"}, {"date": "2021-10-02-22-00-00", "latency": "50"}, {"date": "2021-10-02-22-00-00", "latency": "50"}, {"date": "2021-10-02-22-00-00", "latency": "50"}, {"date": "2021-10-02-22-00-00", "latency": "50"}, {"date": "2021-10-02-22-00-00", "latency": "50"}, {"date": "2021-10-02-22-00-00", "latency": "50"}, {"date": "2021-10-02-22-00-00", "latency": "50"}, {"date": "2021-10-02-22-00-00", "latency": "50"}, {"date": "2021-10-02-22-00-00", "latency": "50"}, {"date": "2021-10-02-22-00-00", "latency": "50"}, {"date": "2021-10-02-22-00-00", "latency": "50"}, {"date": "2021-10-02-22-00-00", "latency": "50"}]}, {"location": {"country_code": "de", "region": "North Rhine-Westphalia", "city": "Bielefeld"}, "game_id": "319965", "values": [{"date": "2021-10-02-13-00-00", "latency": "50"}, {"date": "2021-10-02-13-00-00", "latency": "50"}, {"date": "2021-10-02-13-00-00", "latency": "50"}, {"date": "2021-10-02-13-00-00", "latency": "50"}, {"date": "2021-10-02-13-00-00", "latency": "50"}, {"date": "2021-10-02-13-00-00", "latency": "50"}]}, {"location": {"country_code": "cl", "region": "Tarapaca", "city": "Iquique"}, "game_id": "319965", "values": [{"date": "2021-10-03-01-00-00", "latency": "204"}, {"date": "2021-10-03-01-00-00", "latency": "204"}, {"date": "2021-10-03-01-00-00", "latency": "204"}, {"date": "2021-10-03-01-00-00", "latency": "204"}, {"date": "2021-10-03-01-00-00", "latency": "204"}, {"date": "2021-10-03-01-00-00", "latency": "204"}, {"date": "2021-10-03-01-00-00", "latency": "204"}, {"date": "2021-10-03-01-00-00", "latency": "204"}, {"date": "2021-10-03-01-00-00", "latency": "204"}, {"date": "2021-10-03-01-00-00", "latency": "204"}, {"date": "2021-10-03-01-00-00", "latency": "204"}, {"date": "2021-10-03-01-00-00", "latency": "204"}, {"date": "2021-10-03-01-00-00", "latency": "204"}, {"date": "2021-10-03-01-00-00", "latency": "204"}]}, {"location": {"country_code": "ph", "region": "National Capital Region", "city": "Muntinlupa"}, "game_id": "319965", "values": [{"date": "2021-10-02-17-00-00", "latency": "66"}, {"date": "2021-10-02-17-00-00", "latency": "66"}, {"date": "2021-10-02-17-00-00", "latency": "66"}, {"date": "2021-10-02-17-00-00", "latency": "66"}, {"date": "2021-10-02-17-00-00", "latency": "66"}, {"date": "2021-10-02-17-00-00", "latency": "66"}, {"date": "2021-10-02-17-00-00", "latency": "66"}, {"date": "2021-10-02-17-00-00", "latency": "66"}, {"date": "2021-10-02-17-00-00", "latency": "66"}, {"date": "2021-10-02-17-00-00", "latency": "66"}, {"date": "2021-10-02-17-00-00", "latency": "66"}, {"date": "2021-10-02-17-00-00", "latency": "66"}]}, {"location": {"country_code": "fr", "region": "Pays de la Loire Region", "city": "Angers"}, "game_id": "319965", "values": [{"date": "2021-10-02-23-00-00", "latency": "50"}]}, {"location": {"country_code": "fr", "region": "Nord-Passo di Calais-Piccardia", "city": "Lallaing"}, "game_id": "319965", "values": [{"date": "2021-10-03-01-00-00", "latency": "50"}, {"date": "2021-10-03-01-00-00", "latency": "50"}, {"date": "2021-10-03-01-00-00", "latency": "50"}, {"date": "2021-10-03-01-00-00", "latency": "50"}, {"date": "2021-10-03-01-00-00", "latency": "50"}, {"date": "2021-10-03-01-00-00", "latency": "50"}, {"date": "2021-10-03-01-00-00", "latency": "50"}]}, {"location": {"country_code": "us", "region": "California", "city": "Anaheim"}, "game_id": "319965", "values": [{"date": "2021-10-03-01-00-00", "latency": "9"}]}, {"location": {"country_code": "us", "region": "Georgia", "city": "Statesboro"}, "game_id": "319965", "values": [{"date": "2021-10-02-09-00-00", "latency": "50"}, {"date": "2021-10-02-09-00-00", "latency": "50"}, {"date": "2021-10-02-09-00-00", "latency": "50"}]}, {"location": {"country_code": "ru", "region": "Orenburg Oblast", "city": "Orsk"}, "game_id": "319965", "values": [{"date": "2021-10-02-15-00-00", "latency": "2"}]}, {"location": {"country_code": "jp", "region": "Ishikawa"}, "game_id": "319965", "values": [{"date": "2021-10-02-19-00-00", "latency": "79"}, {"date": "2021-10-02-19-00-00", "latency": "79"}, {"date": "2021-10-02-19-00-00", "latency": "79"}, {"date": "2021-10-02-19-00-00", "latency": "79"}, {"date": "2021-10-02-19-00-00", "latency": "79"}]}], "last_updated": 1719915097.411165}