{"data": [{"location": {"country_code": "us"}, "game_id": "319965", "values": [{"date": "2021-10-30-02-00-00", "latency": "50"}, {"date": "2021-10-30-02-00-00", "latency": "50"}, {"date": "2021-10-31-00-00-00", "latency": "84"}, {"date": "2021-10-31-00-00-00", "latency": "84"}, {"date": "2021-10-31-00-00-00", "latency": "84"}, {"date": "2021-10-31-00-00-00", "latency": "84"}, {"date": "2021-10-31-00-00-00", "latency": "84"}, {"date": "2021-10-31-00-00-00", "latency": "84"}, {"date": "2021-10-31-00-00-00", "latency": "84"}, {"date": "2021-10-31-00-00-00", "latency": "84"}, {"date": "2021-10-31-00-00-00", "latency": "84"}, {"date": "2021-10-31-00-00-00", "latency": "84"}, {"date": "2021-10-31-00-00-00", "latency": "84"}, {"date": "2021-10-31-00-00-00", "latency": "84"}, {"date": "2021-10-31-00-00-00", "latency": "84"}, {"date": "2021-10-31-00-00-00", "latency": "84"}, {"date": "2021-10-31-00-00-00", "latency": "84"}, {"date": "2021-10-31-00-00-00", "latency": "84"}]}, {"location": {"country_code": "us", "region": "New York", "city": "Jamestown"}, "game_id": "319965", "values": [{"date": "2021-10-30-05-00-00", "latency": "58"}, {"date": "2021-10-30-05-00-00", "latency": "58"}, {"date": "2021-10-30-05-00-00", "latency": "58"}, {"date": "2021-10-30-05-00-00", "latency": "58"}, {"date": "2021-10-30-05-00-00", "latency": "58"}, {"date": "2021-10-31-00-00-00", "latency": "67"}, {"date": "2021-10-31-00-00-00", "latency": "67"}, {"date": "2021-10-31-00-00-00", "latency": "67"}]}, {"location": {"country_code": "gb"}, "game_id": "319965", "values": [{"date": "2021-10-30-21-00-00", "latency": "88"}, {"date": "2021-10-30-21-00-00", "latency": "88"}, {"date": "2021-10-30-21-00-00", "latency": "88"}, {"date": "2021-10-30-21-00-00", "latency": "88"}, {"date": "2021-10-30-21-00-00", "latency": "88"}, {"date": "2021-10-30-21-00-00", "latency": "88"}, {"date": "2021-10-30-21-00-00", "latency": "88"}, {"date": "2021-10-31-01-00-00", "latency": "195"}, {"date": "2021-10-31-01-00-00", "latency": "195"}, {"date": "2021-10-31-01-00-00", "latency": "195"}, {"date": "2021-10-31-01-00-00", "latency": "195"}, {"date": "2021-10-31-01-00-00", "latency": "195"}, {"date": "2021-10-31-01-00-00", "latency": "195"}, {"date": "2021-10-31-01-00-00", "latency": "195"}, {"date": "2021-10-31-01-00-00", "latency": "195"}, {"date": "2021-10-31-01-00-00", "latency": "195"}, {"date": "2021-10-30-20-00-00", "latency": "50"}, {"date": "2021-10-30-20-00-00", "latency": "50"}, {"date": "2021-10-31-00-00-00", "latency": "196"}, {"date": "2021-10-30-06-00-00", "latency": "156"}, {"date": "2021-10-30-06-00-00", "latency": "156"}, {"date": "2021-10-30-06-00-00", "latency": "156"}, {"date": "2021-10-30-06-00-00", "latency": "156"}, {"date": "2021-10-30-06-00-00", "latency": "156"}, {"date": "2021-10-30-06-00-00", "latency": "156"}, {"date": "2021-10-30-06-00-00", "latency": "156"}, {"date": "2021-10-30-06-00-00", "latency": "156"}, {"date": "2021-10-30-06-00-00", "latency": "156"}, {"date": "2021-10-30-06-00-00", "latency": "156"}, {"date": "2021-10-30-06-00-00", "latency": "156"}, {"date": "2021-10-30-06-00-00", "latency": "156"}, {"date": "2021-10-30-06-00-00", "latency": "156"}, {"date": "2021-10-30-06-00-00", "latency": "156"}, {"date": "2021-10-30-06-00-00", "latency": "156"}, {"date": "2021-10-30-06-00-00", "latency": "156"}, {"date": "2021-10-30-06-00-00", "latency": "156"}, {"date": "2021-10-30-06-00-00", "latency": "156"}, {"date": "2021-10-30-06-00-00", "latency": "156"}, {"date": "2021-10-30-06-00-00", "latency": "156"}, {"date": "2021-10-30-06-00-00", "latency": "156"}, {"date": "2021-10-30-06-00-00", "latency": "156"}, {"date": "2021-10-30-06-00-00", "latency": "156"}, {"date": "2021-10-30-06-00-00", "latency": "156"}]}, {"location": {"country_code": "jp"}, "game_id": "319965", "values": [{"date": "2021-10-30-18-00-00", "latency": "80"}, {"date": "2021-10-30-18-00-00", "latency": "80"}, {"date": "2021-10-30-18-00-00", "latency": "80"}, {"date": "2021-10-30-18-00-00", "latency": "80"}, {"date": "2021-10-30-18-00-00", "latency": "80"}, {"date": "2021-10-30-18-00-00", "latency": "80"}, {"date": "2021-10-30-18-00-00", "latency": "80"}, {"date": "2021-10-30-18-00-00", "latency": "80"}, {"date": "2021-10-30-18-00-00", "latency": "80"}, {"date": "2021-10-30-18-00-00", "latency": "80"}, {"date": "2021-10-30-18-00-00", "latency": "80"}, {"date": "2021-10-30-18-00-00", "latency": "80"}, {"date": "2021-10-30-18-00-00", "latency": "80"}, {"date": "2021-10-30-18-00-00", "latency": "80"}, {"date": "2021-10-30-18-00-00", "latency": "80"}, {"date": "2021-10-30-18-00-00", "latency": "80"}, {"date": "2021-10-30-18-00-00", "latency": "80"}, {"date": "2021-10-30-18-00-00", "latency": "80"}, {"date": "2021-10-30-18-00-00", "latency": "80"}, {"date": "2021-10-30-18-00-00", "latency": "80"}, {"date": "2021-10-30-18-00-00", "latency": "80"}, {"date": "2021-10-30-18-00-00", "latency": "80"}, {"date": "2021-10-30-18-00-00", "latency": "80"}, {"date": "2021-10-30-18-00-00", "latency": "80"}, {"date": "2021-10-30-17-00-00", "latency": "68"}, {"date": "2021-10-30-17-00-00", "latency": "68"}, {"date": "2021-10-30-17-00-00", "latency": "68"}, {"date": "2021-10-30-17-00-00", "latency": "68"}, {"date": "2021-10-30-17-00-00", "latency": "68"}, {"date": "2021-10-30-17-00-00", "latency": "68"}, {"date": "2021-10-30-17-00-00", "latency": "68"}, {"date": "2021-10-30-17-00-00", "latency": "68"}, {"date": "2021-10-30-17-00-00", "latency": "68"}, {"date": "2021-10-30-17-00-00", "latency": "68"}, {"date": "2021-10-30-17-00-00", "latency": "68"}, {"date": "2021-10-30-17-00-00", "latency": "68"}, {"date": "2021-10-30-17-00-00", "latency": "68"}, {"date": "2021-10-30-17-00-00", "latency": "68"}, {"date": "2021-10-30-17-00-00", "latency": "68"}, {"date": "2021-10-30-17-00-00", "latency": "68"}, {"date": "2021-10-30-17-00-00", "latency": "68"}, {"date": "2021-10-30-17-00-00", "latency": "68"}, {"date": "2021-10-30-17-00-00", "latency": "68"}, {"date": "2021-10-30-17-00-00", "latency": "68"}, {"date": "2021-10-30-17-00-00", "latency": "68"}, {"date": "2021-10-30-18-00-00", "latency": "101"}, {"date": "2021-10-30-18-00-00", "latency": "101"}, {"date": "2021-10-30-18-00-00", "latency": "101"}, {"date": "2021-10-30-18-00-00", "latency": "101"}, {"date": "2021-10-30-18-00-00", "latency": "101"}, {"date": "2021-10-30-18-00-00", "latency": "101"}, {"date": "2021-10-30-18-00-00", "latency": "101"}, {"date": "2021-10-30-18-00-00", "latency": "101"}, {"date": "2021-10-30-18-00-00", "latency": "101"}, {"date": "2021-10-30-18-00-00", "latency": "101"}, {"date": "2021-10-30-18-00-00", "latency": "101"}, {"date": "2021-10-30-18-00-00", "latency": "101"}, {"date": "2021-10-30-18-00-00", "latency": "101"}, {"date": "2021-10-30-18-00-00", "latency": "101"}, {"date": "2021-10-30-18-00-00", "latency": "101"}, {"date": "2021-10-30-18-00-00", "latency": "101"}, {"date": "2021-10-30-18-00-00", "latency": "101"}, {"date": "2021-10-30-18-00-00", "latency": "101"}, {"date": "2021-10-30-18-00-00", "latency": "101"}, {"date": "2021-10-30-18-00-00", "latency": "101"}, {"date": "2021-10-30-18-00-00", "latency": "101"}, {"date": "2021-10-30-18-00-00", "latency": "93"}, {"date": "2021-10-30-18-00-00", "latency": "93"}, {"date": "2021-10-30-18-00-00", "latency": "93"}, {"date": "2021-10-30-18-00-00", "latency": "93"}, {"date": "2021-10-30-18-00-00", "latency": "93"}, {"date": "2021-10-30-18-00-00", "latency": "93"}, {"date": "2021-10-30-18-00-00", "latency": "93"}, {"date": "2021-10-30-18-00-00", "latency": "93"}, {"date": "2021-10-30-18-00-00", "latency": "93"}, {"date": "2021-10-30-18-00-00", "latency": "93"}, {"date": "2021-10-30-18-00-00", "latency": "93"}, {"date": "2021-10-30-18-00-00", "latency": "93"}, {"date": "2021-10-30-18-00-00", "latency": "93"}, {"date": "2021-10-30-18-00-00", "latency": "93"}, {"date": "2021-10-30-18-00-00", "latency": "93"}, {"date": "2021-10-30-18-00-00", "latency": "93"}, {"date": "2021-10-30-18-00-00", "latency": "93"}, {"date": "2021-10-30-18-00-00", "latency": "93"}, {"date": "2021-10-30-18-00-00", "latency": "93"}, {"date": "2021-10-30-18-00-00", "latency": "93"}]}, {"location": {"country_code": "ca"}, "game_id": "319965", "values": [{"date": "2021-10-30-06-00-00", "latency": "50"}, {"date": "2021-10-30-06-00-00", "latency": "50"}, {"date": "2021-10-30-06-00-00", "latency": "50"}, {"date": "2021-10-30-06-00-00", "latency": "50"}, {"date": "2021-10-30-06-00-00", "latency": "50"}, {"date": "2021-10-30-06-00-00", "latency": "50"}, {"date": "2021-10-30-06-00-00", "latency": "50"}, {"date": "2021-10-30-06-00-00", "latency": "50"}, {"date": "2021-10-30-06-00-00", "latency": "50"}, {"date": "2021-10-30-06-00-00", "latency": "50"}, {"date": "2021-10-30-06-00-00", "latency": "50"}, {"date": "2021-10-30-06-00-00", "latency": "50"}, {"date": "2021-10-30-08-00-00", "latency": "136"}, {"date": "2021-10-30-08-00-00", "latency": "136"}, {"date": "2021-10-30-08-00-00", "latency": "136"}, {"date": "2021-10-30-08-00-00", "latency": "136"}, {"date": "2021-10-30-08-00-00", "latency": "136"}, {"date": "2021-10-30-08-00-00", "latency": "136"}, {"date": "2021-10-30-08-00-00", "latency": "136"}, {"date": "2021-10-30-08-00-00", "latency": "136"}, {"date": "2021-10-30-08-00-00", "latency": "136"}, {"date": "2021-10-30-08-00-00", "latency": "136"}, {"date": "2021-10-30-08-00-00", "latency": "136"}, {"date": "2021-10-30-08-00-00", "latency": "136"}, {"date": "2021-10-30-08-00-00", "latency": "136"}, {"date": "2021-10-30-08-00-00", "latency": "136"}, {"date": "2021-10-30-08-00-00", "latency": "136"}, {"date": "2021-10-30-10-00-00", "latency": "50"}, {"date": "2021-10-30-10-00-00", "latency": "50"}, {"date": "2021-10-30-06-00-00", "latency": "76"}, {"date": "2021-10-30-06-00-00", "latency": "76"}, {"date": "2021-10-30-06-00-00", "latency": "76"}, {"date": "2021-10-30-06-00-00", "latency": "76"}, {"date": "2021-10-30-06-00-00", "latency": "76"}, {"date": "2021-10-30-06-00-00", "latency": "76"}, {"date": "2021-10-30-06-00-00", "latency": "76"}, {"date": "2021-10-30-06-00-00", "latency": "76"}, {"date": "2021-10-30-06-00-00", "latency": "76"}, {"date": "2021-10-30-06-00-00", "latency": "76"}, {"date": "2021-10-30-06-00-00", "latency": "76"}, {"date": "2021-10-30-06-00-00", "latency": "76"}, {"date": "2021-10-30-06-00-00", "latency": "76"}]}, {"location": {"country_code": "us", "region": "Texas", "city": "Houston"}, "game_id": "319965", "values": [{"date": "2021-10-31-00-00-00", "latency": "50"}, {"date": "2021-10-31-00-00-00", "latency": "50"}, {"date": "2021-10-31-00-00-00", "latency": "50"}, {"date": "2021-10-31-00-00-00", "latency": "50"}, {"date": "2021-10-31-00-00-00", "latency": "50"}, {"date": "2021-10-31-00-00-00", "latency": "50"}, {"date": "2021-10-31-00-00-00", "latency": "50"}, {"date": "2021-10-31-00-00-00", "latency": "50"}, {"date": "2021-10-31-00-00-00", "latency": "50"}, {"date": "2021-10-31-00-00-00", "latency": "50"}, {"date": "2021-10-31-00-00-00", "latency": "50"}, {"date": "2021-10-31-00-00-00", "latency": "50"}, {"date": "2021-10-31-00-00-00", "latency": "50"}, {"date": "2021-10-31-00-00-00", "latency": "50"}]}, {"location": {"country_code": "ch"}, "game_id": "319965", "values": [{"date": "2021-10-30-20-00-00", "latency": "50"}]}, {"location": {"country_code": "de"}, "game_id": "319965", "values": [{"date": "2021-10-30-18-00-00", "latency": "50"}, {"date": "2021-10-31-02-00-00", "latency": "50"}, {"date": "2021-10-31-02-00-00", "latency": "50"}, {"date": "2021-10-31-02-00-00", "latency": "50"}, {"date": "2021-10-31-01-00-00", "latency": "50"}, {"date": "2021-10-31-01-00-00", "latency": "50"}]}, {"location": {"country_code": "tw"}, "game_id": "319965", "values": [{"date": "2021-10-30-16-00-00", "latency": "50"}, {"date": "2021-10-30-16-00-00", "latency": "50"}, {"date": "2021-10-30-16-00-00", "latency": "50"}, {"date": "2021-10-30-16-00-00", "latency": "50"}, {"date": "2021-10-30-16-00-00", "latency": "50"}, {"date": "2021-10-30-16-00-00", "latency": "50"}, {"date": "2021-10-30-16-00-00", "latency": "50"}, {"date": "2021-10-30-16-00-00", "latency": "50"}, {"date": "2021-10-30-16-00-00", "latency": "50"}, {"date": "2021-10-30-16-00-00", "latency": "50"}, {"date": "2021-10-30-16-00-00", "latency": "50"}, {"date": "2021-10-30-16-00-00", "latency": "50"}, {"date": "2021-10-30-16-00-00", "latency": "50"}, {"date": "2021-10-30-16-00-00", "latency": "50"}]}, {"location": {"country_code": "us", "region": "Indiana"}, "game_id": "319965", "values": [{"date": "2021-10-30-05-00-00", "latency": "50"}, {"date": "2021-10-30-05-00-00", "latency": "50"}, {"date": "2021-10-30-05-00-00", "latency": "50"}, {"date": "2021-10-30-05-00-00", "latency": "50"}, {"date": "2021-10-30-05-00-00", "latency": "50"}, {"date": "2021-10-30-05-00-00", "latency": "50"}, {"date": "2021-10-30-05-00-00", "latency": "50"}, {"date": "2021-10-30-05-00-00", "latency": "50"}, {"date": "2021-10-30-04-00-00", "latency": "58"}, {"date": "2021-10-30-04-00-00", "latency": "58"}, {"date": "2021-10-30-04-00-00", "latency": "58"}, {"date": "2021-10-30-04-00-00", "latency": "58"}, {"date": "2021-10-30-04-00-00", "latency": "58"}, {"date": "2021-10-30-04-00-00", "latency": "58"}, {"date": "2021-10-30-04-00-00", "latency": "58"}, {"date": "2021-10-30-04-00-00", "latency": "58"}]}, {"location": {"country_code": "gb", "region": "England"}, "game_id": "319965", "values": [{"date": "2021-10-30-03-00-00", "latency": "50"}, {"date": "2021-10-30-03-00-00", "latency": "50"}, {"date": "2021-10-30-03-00-00", "latency": "50"}, {"date": "2021-10-30-03-00-00", "latency": "50"}, {"date": "2021-10-30-03-00-00", "latency": "50"}, {"date": "2021-10-30-09-00-00", "latency": "50"}, {"date": "2021-10-30-09-00-00", "latency": "50"}, {"date": "2021-10-30-19-00-00", "latency": "50"}, {"date": "2021-10-30-19-00-00", "latency": "50"}, {"date": "2021-10-30-19-00-00", "latency": "50"}]}, {"location": {"country_code": "us", "region": "Texas"}, "game_id": "319965", "values": [{"date": "2021-10-30-05-00-00", "latency": "62"}, {"date": "2021-10-30-05-00-00", "latency": "62"}, {"date": "2021-10-30-05-00-00", "latency": "62"}, {"date": "2021-10-30-05-00-00", "latency": "62"}, {"date": "2021-10-30-05-00-00", "latency": "62"}, {"date": "2021-10-30-05-00-00", "latency": "62"}, {"date": "2021-10-30-05-00-00", "latency": "62"}, {"date": "2021-10-30-05-00-00", "latency": "62"}, {"date": "2021-10-30-05-00-00", "latency": "62"}, {"date": "2021-10-30-05-00-00", "latency": "62"}, {"date": "2021-10-30-05-00-00", "latency": "62"}, {"date": "2021-10-30-05-00-00", "latency": "62"}, {"date": "2021-10-30-05-00-00", "latency": "62"}, {"date": "2021-10-30-05-00-00", "latency": "62"}, {"date": "2021-10-30-05-00-00", "latency": "62"}, {"date": "2021-10-30-05-00-00", "latency": "62"}, {"date": "2021-10-30-05-00-00", "latency": "62"}, {"date": "2021-10-30-05-00-00", "latency": "62"}, {"date": "2021-10-30-05-00-00", "latency": "62"}, {"date": "2021-10-30-05-00-00", "latency": "62"}, {"date": "2021-10-30-11-00-00", "latency": "51"}, {"date": "2021-10-30-11-00-00", "latency": "51"}, {"date": "2021-10-30-11-00-00", "latency": "51"}, {"date": "2021-10-30-11-00-00", "latency": "51"}, {"date": "2021-10-30-11-00-00", "latency": "51"}]}, {"location": {"country_code": "au", "region": "New South Wales", "city": "Sydney"}, "game_id": "319965", "values": [{"date": "2021-10-30-11-00-00", "latency": "98"}, {"date": "2021-10-30-11-00-00", "latency": "98"}, {"date": "2021-10-30-11-00-00", "latency": "98"}, {"date": "2021-10-30-11-00-00", "latency": "98"}, {"date": "2021-10-30-11-00-00", "latency": "98"}, {"date": "2021-10-30-11-00-00", "latency": "98"}, {"date": "2021-10-30-11-00-00", "latency": "98"}, {"date": "2021-10-30-11-00-00", "latency": "98"}, {"date": "2021-10-30-11-00-00", "latency": "98"}, {"date": "2021-10-30-11-00-00", "latency": "98"}, {"date": "2021-10-30-11-00-00", "latency": "98"}, {"date": "2021-10-30-11-00-00", "latency": "98"}, {"date": "2021-10-30-11-00-00", "latency": "98"}, {"date": "2021-10-30-11-00-00", "latency": "98"}, {"date": "2021-10-30-11-00-00", "latency": "98"}, {"date": "2021-10-30-11-00-00", "latency": "98"}, {"date": "2021-10-30-11-00-00", "latency": "98"}, {"date": "2021-10-30-11-00-00", "latency": "98"}, {"date": "2021-10-30-11-00-00", "latency": "98"}, {"date": "2021-10-30-11-00-00", "latency": "98"}]}, {"location": {"country_code": "fr"}, "game_id": "319965", "values": [{"date": "2021-10-31-02-00-00", "latency": "50"}, {"date": "2021-10-31-02-00-00", "latency": "50"}, {"date": "2021-10-30-23-00-00", "latency": "50"}, {"date": "2021-10-30-23-00-00", "latency": "50"}, {"date": "2021-10-30-23-00-00", "latency": "50"}, {"date": "2021-10-30-23-00-00", "latency": "50"}, {"date": "2021-10-30-23-00-00", "latency": "50"}, {"date": "2021-10-30-23-00-00", "latency": "50"}, {"date": "2021-10-30-23-00-00", "latency": "50"}, {"date": "2021-10-30-23-00-00", "latency": "50"}, {"date": "2021-10-30-23-00-00", "latency": "50"}, {"date": "2021-10-30-23-00-00", "latency": "50"}, {"date": "2021-10-30-23-00-00", "latency": "50"}, {"date": "2021-10-30-23-00-00", "latency": "50"}, {"date": "2021-10-30-23-00-00", "latency": "50"}, {"date": "2021-10-30-23-00-00", "latency": "50"}]}, {"location": {"country_code": "us", "region": "New Jersey"}, "game_id": "319965", "values": [{"date": "2021-10-31-02-00-00", "latency": "50"}, {"date": "2021-10-31-02-00-00", "latency": "50"}, {"date": "2021-10-31-02-00-00", "latency": "50"}, {"date": "2021-10-31-02-00-00", "latency": "50"}, {"date": "2021-10-31-02-00-00", "latency": "50"}, {"date": "2021-10-31-02-00-00", "latency": "50"}, {"date": "2021-10-31-02-00-00", "latency": "50"}, {"date": "2021-10-31-02-00-00", "latency": "50"}, {"date": "2021-10-31-02-00-00", "latency": "50"}, {"date": "2021-10-31-02-00-00", "latency": "50"}, {"date": "2021-10-31-02-00-00", "latency": "50"}, {"date": "2021-10-31-02-00-00", "latency": "50"}, {"date": "2021-10-31-02-00-00", "latency": "50"}, {"date": "2021-10-31-02-00-00", "latency": "50"}, {"date": "2021-10-31-02-00-00", "latency": "50"}]}, {"location": {"country_code": "mx"}, "game_id": "319965", "values": [{"date": "2021-10-30-05-00-00", "latency": "80"}, {"date": "2021-10-30-05-00-00", "latency": "80"}, {"date": "2021-10-30-05-00-00", "latency": "80"}, {"date": "2021-10-30-05-00-00", "latency": "80"}, {"date": "2021-10-30-05-00-00", "latency": "80"}, {"date": "2021-10-30-05-00-00", "latency": "80"}, {"date": "2021-10-30-05-00-00", "latency": "80"}, {"date": "2021-10-30-05-00-00", "latency": "80"}, {"date": "2021-10-30-05-00-00", "latency": "80"}, {"date": "2021-10-30-05-00-00", "latency": "80"}, {"date": "2021-10-30-05-00-00", "latency": "80"}, {"date": "2021-10-30-10-00-00", "latency": "50"}, {"date": "2021-10-30-10-00-00", "latency": "50"}, {"date": "2021-10-30-10-00-00", "latency": "50"}, {"date": "2021-10-30-10-00-00", "latency": "50"}, {"date": "2021-10-30-10-00-00", "latency": "50"}, {"date": "2021-10-30-10-00-00", "latency": "50"}, {"date": "2021-10-30-10-00-00", "latency": "50"}, {"date": "2021-10-30-10-00-00", "latency": "50"}, {"date": "2021-10-30-10-00-00", "latency": "50"}, {"date": "2021-10-30-10-00-00", "latency": "50"}, {"date": "2021-10-30-10-00-00", "latency": "50"}, {"date": "2021-10-30-10-00-00", "latency": "50"}, {"date": "2021-10-30-10-00-00", "latency": "50"}, {"date": "2021-10-30-10-00-00", "latency": "50"}, {"date": "2021-10-30-10-00-00", "latency": "50"}, {"date": "2021-10-30-10-00-00", "latency": "50"}, {"date": "2021-10-30-10-00-00", "latency": "50"}, {"date": "2021-10-30-10-00-00", "latency": "50"}, {"date": "2021-10-30-04-00-00", "latency": "77"}, {"date": "2021-10-30-04-00-00", "latency": "77"}, {"date": "2021-10-30-04-00-00", "latency": "77"}, {"date": "2021-10-30-04-00-00", "latency": "77"}, {"date": "2021-10-30-04-00-00", "latency": "77"}, {"date": "2021-10-30-04-00-00", "latency": "77"}, {"date": "2021-10-30-04-00-00", "latency": "77"}, {"date": "2021-10-30-04-00-00", "latency": "77"}, {"date": "2021-10-30-04-00-00", "latency": "77"}, {"date": "2021-10-30-04-00-00", "latency": "77"}, {"date": "2021-10-30-04-00-00", "latency": "77"}, {"date": "2021-10-30-04-00-00", "latency": "77"}, {"date": "2021-10-30-04-00-00", "latency": "77"}, {"date": "2021-10-30-04-00-00", "latency": "77"}, {"date": "2021-10-30-04-00-00", "latency": "77"}, {"date": "2021-10-30-10-00-00", "latency": "73"}, {"date": "2021-10-30-06-00-00", "latency": "54"}, {"date": "2021-10-30-06-00-00", "latency": "54"}, {"date": "2021-10-30-06-00-00", "latency": "54"}, {"date": "2021-10-30-06-00-00", "latency": "54"}, {"date": "2021-10-30-06-00-00", "latency": "54"}, {"date": "2021-10-30-06-00-00", "latency": "54"}, {"date": "2021-10-30-06-00-00", "latency": "54"}]}, {"location": {"country_code": "mx", "region": "Yucatan"}, "game_id": "319965", "values": [{"date": "2021-10-30-09-00-00", "latency": "107"}]}, {"location": {"country_code": "mx", "region": "Mexico City"}, "game_id": "319965", "values": [{"date": "2021-10-30-09-00-00", "latency": "58"}, {"date": "2021-10-30-09-00-00", "latency": "58"}, {"date": "2021-10-30-06-00-00", "latency": "64"}, {"date": "2021-10-30-06-00-00", "latency": "64"}, {"date": "2021-10-30-06-00-00", "latency": "64"}, {"date": "2021-10-30-06-00-00", "latency": "64"}, {"date": "2021-10-30-06-00-00", "latency": "64"}, {"date": "2021-10-30-06-00-00", "latency": "64"}, {"date": "2021-10-30-06-00-00", "latency": "64"}, {"date": "2021-10-30-06-00-00", "latency": "64"}, {"date": "2021-10-30-06-00-00", "latency": "64"}, {"date": "2021-10-30-06-00-00", "latency": "64"}, {"date": "2021-10-30-06-00-00", "latency": "64"}, {"date": "2021-10-30-06-00-00", "latency": "64"}, {"date": "2021-10-30-06-00-00", "latency": "64"}, {"date": "2021-10-30-06-00-00", "latency": "64"}, {"date": "2021-10-30-06-00-00", "latency": "64"}, {"date": "2021-10-30-06-00-00", "latency": "64"}, {"date": "2021-10-30-06-00-00", "latency": "64"}, {"date": "2021-10-30-06-00-00", "latency": "64"}, {"date": "2021-10-30-06-00-00", "latency": "64"}, {"date": "2021-10-30-03-00-00", "latency": "64"}, {"date": "2021-10-30-03-00-00", "latency": "64"}, {"date": "2021-10-30-07-00-00", "latency": "212"}, {"date": "2021-10-30-07-00-00", "latency": "212"}, {"date": "2021-10-30-07-00-00", "latency": "212"}, {"date": "2021-10-30-07-00-00", "latency": "212"}, {"date": "2021-10-30-07-00-00", "latency": "212"}, {"date": "2021-10-30-07-00-00", "latency": "212"}, {"date": "2021-10-30-07-00-00", "latency": "212"}, {"date": "2021-10-30-07-00-00", "latency": "212"}, {"date": "2021-10-30-07-00-00", "latency": "212"}, {"date": "2021-10-30-07-00-00", "latency": "212"}, {"date": "2021-10-30-07-00-00", "latency": "212"}, {"date": "2021-10-30-07-00-00", "latency": "212"}, {"date": "2021-10-30-07-00-00", "latency": "212"}, {"date": "2021-10-30-07-00-00", "latency": "212"}, {"date": "2021-10-30-07-00-00", "latency": "212"}, {"date": "2021-10-30-07-00-00", "latency": "212"}]}, {"location": {"country_code": "us", "region": "California"}, "game_id": "319965", "values": [{"date": "2021-10-30-07-00-00", "latency": "52"}, {"date": "2021-10-30-07-00-00", "latency": "52"}, {"date": "2021-10-30-07-00-00", "latency": "52"}, {"date": "2021-10-30-07-00-00", "latency": "52"}, {"date": "2021-10-30-07-00-00", "latency": "52"}, {"date": "2021-10-30-07-00-00", "latency": "52"}, {"date": "2021-10-30-07-00-00", "latency": "52"}, {"date": "2021-10-30-07-00-00", "latency": "52"}, {"date": "2021-10-30-07-00-00", "latency": "52"}, {"date": "2021-10-30-07-00-00", "latency": "52"}, {"date": "2021-10-30-07-00-00", "latency": "52"}, {"date": "2021-10-30-08-00-00", "latency": "65"}, {"date": "2021-10-30-08-00-00", "latency": "65"}, {"date": "2021-10-30-08-00-00", "latency": "65"}]}, {"location": {"country_code": "br"}, "game_id": "319965", "values": [{"date": "2021-10-30-09-00-00", "latency": "162"}, {"date": "2021-10-30-09-00-00", "latency": "162"}, {"date": "2021-10-30-09-00-00", "latency": "162"}, {"date": "2021-10-30-09-00-00", "latency": "162"}, {"date": "2021-10-30-09-00-00", "latency": "162"}, {"date": "2021-10-30-09-00-00", "latency": "162"}, {"date": "2021-10-30-09-00-00", "latency": "162"}, {"date": "2021-10-30-09-00-00", "latency": "162"}, {"date": "2021-10-30-09-00-00", "latency": "162"}, {"date": "2021-10-30-09-00-00", "latency": "162"}, {"date": "2021-10-30-09-00-00", "latency": "162"}, {"date": "2021-10-30-09-00-00", "latency": "162"}, {"date": "2021-10-30-09-00-00", "latency": "162"}, {"date": "2021-10-30-03-00-00", "latency": "199"}, {"date": "2021-10-30-03-00-00", "latency": "199"}, {"date": "2021-10-30-03-00-00", "latency": "199"}, {"date": "2021-10-30-03-00-00", "latency": "199"}, {"date": "2021-10-30-03-00-00", "latency": "199"}]}, {"location": {"country_code": "br", "region": "Sao Paulo", "city": "Apiai"}, "game_id": "319965", "values": [{"date": "2021-10-30-06-00-00", "latency": "129"}, {"date": "2021-10-30-06-00-00", "latency": "129"}, {"date": "2021-10-30-06-00-00", "latency": "129"}, {"date": "2021-10-30-06-00-00", "latency": "129"}, {"date": "2021-10-30-06-00-00", "latency": "129"}, {"date": "2021-10-30-06-00-00", "latency": "129"}, {"date": "2021-10-30-06-00-00", "latency": "129"}, {"date": "2021-10-30-06-00-00", "latency": "129"}, {"date": "2021-10-30-04-00-00", "latency": "148"}, {"date": "2021-10-30-04-00-00", "latency": "148"}, {"date": "2021-10-30-04-00-00", "latency": "148"}, {"date": "2021-10-30-04-00-00", "latency": "148"}, {"date": "2021-10-30-04-00-00", "latency": "148"}, {"date": "2021-10-30-04-00-00", "latency": "148"}, {"date": "2021-10-30-04-00-00", "latency": "148"}, {"date": "2021-10-30-04-00-00", "latency": "148"}, {"date": "2021-10-30-04-00-00", "latency": "148"}, {"date": "2021-10-30-04-00-00", "latency": "148"}, {"date": "2021-10-30-06-00-00", "latency": "165"}, {"date": "2021-10-30-06-00-00", "latency": "165"}, {"date": "2021-10-30-06-00-00", "latency": "165"}, {"date": "2021-10-30-06-00-00", "latency": "165"}, {"date": "2021-10-30-06-00-00", "latency": "165"}, {"date": "2021-10-30-06-00-00", "latency": "165"}, {"date": "2021-10-30-06-00-00", "latency": "165"}, {"date": "2021-10-30-06-00-00", "latency": "165"}, {"date": "2021-10-30-06-00-00", "latency": "165"}, {"date": "2021-10-30-06-00-00", "latency": "165"}, {"date": "2021-10-30-06-00-00", "latency": "165"}, {"date": "2021-10-30-06-00-00", "latency": "165"}, {"date": "2021-10-30-06-00-00", "latency": "165"}, {"date": "2021-10-30-06-00-00", "latency": "165"}, {"date": "2021-10-30-06-00-00", "latency": "165"}]}, {"location": {"country_code": "us", "region": "California", "city": "East Los Angeles"}, "game_id": "319965", "values": [{"date": "2021-10-30-06-00-00", "latency": "56"}, {"date": "2021-10-31-01-00-00", "latency": "89"}]}, {"location": {"country_code": "au"}, "game_id": "319965", "values": [{"date": "2021-10-31-00-00-00", "latency": "105"}, {"date": "2021-10-31-00-00-00", "latency": "105"}, {"date": "2021-10-31-00-00-00", "latency": "105"}, {"date": "2021-10-31-00-00-00", "latency": "105"}, {"date": "2021-10-31-00-00-00", "latency": "105"}, {"date": "2021-10-31-00-00-00", "latency": "105"}]}, {"location": {"country_code": "au", "region": "Western Australia"}, "game_id": "319965", "values": [{"date": "2021-10-30-15-00-00", "latency": "69"}, {"date": "2021-10-30-15-00-00", "latency": "69"}, {"date": "2021-10-30-15-00-00", "latency": "69"}, {"date": "2021-10-30-15-00-00", "latency": "69"}, {"date": "2021-10-30-15-00-00", "latency": "69"}, {"date": "2021-10-30-15-00-00", "latency": "69"}, {"date": "2021-10-30-15-00-00", "latency": "69"}, {"date": "2021-10-30-15-00-00", "latency": "69"}, {"date": "2021-10-30-15-00-00", "latency": "69"}, {"date": "2021-10-30-15-00-00", "latency": "69"}, {"date": "2021-10-30-15-00-00", "latency": "69"}]}, {"location": {"country_code": "us", "region": "Texas", "city": "Austin"}, "game_id": "319965", "values": [{"date": "2021-10-31-02-00-00", "latency": "61"}]}, {"location": {"country_code": "tr"}, "game_id": "319965", "values": [{"date": "2021-10-31-02-00-00", "latency": 2}]}, {"location": {"country_code": "es"}, "game_id": "319965", "values": [{"date": "2021-10-30-17-00-00", "latency": "155"}, {"date": "2021-10-30-17-00-00", "latency": "155"}, {"date": "2021-10-30-17-00-00", "latency": "155"}, {"date": "2021-10-30-17-00-00", "latency": "155"}, {"date": "2021-10-30-17-00-00", "latency": "155"}, {"date": "2021-10-30-17-00-00", "latency": "155"}, {"date": "2021-10-30-17-00-00", "latency": "155"}, {"date": "2021-10-30-17-00-00", "latency": "155"}, {"date": "2021-10-30-17-00-00", "latency": "155"}, {"date": "2021-10-30-17-00-00", "latency": "155"}, {"date": "2021-10-30-17-00-00", "latency": "155"}, {"date": "2021-10-30-17-00-00", "latency": "155"}, {"date": "2021-10-30-17-00-00", "latency": "155"}, {"date": "2021-10-30-17-00-00", "latency": "155"}, {"date": "2021-10-30-17-00-00", "latency": "155"}, {"date": "2021-10-30-17-00-00", "latency": "155"}, {"date": "2021-10-30-17-00-00", "latency": "155"}, {"date": "2021-10-30-17-00-00", "latency": "155"}, {"date": "2021-10-30-17-00-00", "latency": "155"}, {"date": "2021-10-30-17-00-00", "latency": "155"}, {"date": "2021-10-30-17-00-00", "latency": "155"}]}, {"location": {"country_code": "uy", "region": "Montevideo Department", "city": "Montevideo"}, "game_id": "319965", "values": [{"date": "2021-10-31-02-00-00", "latency": "115"}, {"date": "2021-10-31-02-00-00", "latency": "115"}, {"date": "2021-10-31-02-00-00", "latency": "115"}, {"date": "2021-10-31-02-00-00", "latency": "115"}, {"date": "2021-10-31-02-00-00", "latency": "115"}, {"date": "2021-10-31-02-00-00", "latency": "115"}, {"date": "2021-10-31-02-00-00", "latency": "115"}, {"date": "2021-10-31-02-00-00", "latency": "115"}, {"date": "2021-10-31-02-00-00", "latency": "115"}, {"date": "2021-10-31-02-00-00", "latency": "115"}, {"date": "2021-10-31-02-00-00", "latency": "115"}]}, {"location": {"country_code": "sa", "region": "Mecca Region", "city": "Jeddah"}, "game_id": "319965", "values": [{"date": "2021-10-30-18-00-00", "latency": "230"}, {"date": "2021-10-30-18-00-00", "latency": "230"}, {"date": "2021-10-30-18-00-00", "latency": "230"}]}, {"location": {"country_code": "ar"}, "game_id": "319965", "values": [{"date": "2021-10-30-04-00-00", "latency": "217"}, {"date": "2021-10-30-04-00-00", "latency": "217"}, {"date": "2021-10-30-04-00-00", "latency": "217"}, {"date": "2021-10-30-04-00-00", "latency": "217"}, {"date": "2021-10-30-04-00-00", "latency": "217"}, {"date": "2021-10-30-04-00-00", "latency": "217"}, {"date": "2021-10-30-04-00-00", "latency": "217"}, {"date": "2021-10-30-04-00-00", "latency": "217"}, {"date": "2021-10-30-04-00-00", "latency": "217"}, {"date": "2021-10-30-04-00-00", "latency": "217"}, {"date": "2021-10-30-04-00-00", "latency": "217"}]}, {"location": {"country_code": "fi", "region": "Kymenlaakso", "city": "Kouvola"}, "game_id": "319965", "values": [{"date": "2021-10-31-01-00-00", "latency": "50"}]}, {"location": {"country_code": "de", "region": "Free and Hanseatic City of Hamburg", "city": "Hamburg"}, "game_id": "319965", "values": [{"date": "2021-10-31-00-00-00", "latency": "50"}, {"date": "2021-10-31-00-00-00", "latency": "50"}, {"date": "2021-10-31-00-00-00", "latency": "50"}, {"date": "2021-10-31-00-00-00", "latency": "50"}]}, {"location": {"country_code": "mx", "region": "Puebla"}, "game_id": "319965", "values": [{"date": "2021-10-30-11-00-00", "latency": "59"}, {"date": "2021-10-30-11-00-00", "latency": "59"}, {"date": "2021-10-30-11-00-00", "latency": "59"}, {"date": "2021-10-30-11-00-00", "latency": "59"}, {"date": "2021-10-30-11-00-00", "latency": "59"}, {"date": "2021-10-30-11-00-00", "latency": "59"}]}, {"location": {"country_code": "us", "region": "Indiana", "city": "Indianapolis"}, "game_id": "319965", "values": [{"date": "2021-10-30-09-00-00", "latency": "50"}, {"date": "2021-10-30-09-00-00", "latency": "50"}, {"date": "2021-10-30-09-00-00", "latency": "50"}, {"date": "2021-10-30-09-00-00", "latency": "50"}, {"date": "2021-10-30-09-00-00", "latency": "50"}, {"date": "2021-10-30-09-00-00", "latency": "50"}, {"date": "2021-10-30-09-00-00", "latency": "50"}, {"date": "2021-10-30-09-00-00", "latency": "50"}, {"date": "2021-10-30-09-00-00", "latency": "50"}, {"date": "2021-10-30-09-00-00", "latency": "50"}, {"date": "2021-10-30-09-00-00", "latency": "50"}, {"date": "2021-10-30-09-00-00", "latency": "50"}, {"date": "2021-10-30-09-00-00", "latency": "50"}, {"date": "2021-10-30-09-00-00", "latency": "50"}, {"date": "2021-10-30-09-00-00", "latency": "50"}, {"date": "2021-10-30-09-00-00", "latency": "50"}, {"date": "2021-10-30-09-00-00", "latency": "50"}, {"date": "2021-10-30-09-00-00", "latency": "50"}, {"date": "2021-10-30-09-00-00", "latency": "50"}, {"date": "2021-10-30-09-00-00", "latency": "50"}, {"date": "2021-10-30-09-00-00", "latency": "50"}, {"date": "2021-10-30-09-00-00", "latency": "50"}]}, {"location": {"country_code": "us", "region": "Puerto Rico", "city": "Rio Piedras"}, "game_id": "319965", "values": [{"date": "2021-10-30-04-00-00", "latency": "73"}, {"date": "2021-10-30-04-00-00", "latency": "73"}, {"date": "2021-10-30-04-00-00", "latency": "73"}, {"date": "2021-10-30-04-00-00", "latency": "73"}, {"date": "2021-10-30-04-00-00", "latency": "73"}, {"date": "2021-10-30-04-00-00", "latency": "73"}, {"date": "2021-10-30-04-00-00", "latency": "73"}, {"date": "2021-10-30-04-00-00", "latency": "73"}]}, {"location": {"country_code": "kz"}, "game_id": "319965", "values": [{"date": "2021-10-30-19-00-00", "latency": "68"}, {"date": "2021-10-30-19-00-00", "latency": "68"}, {"date": "2021-10-30-19-00-00", "latency": "68"}, {"date": "2021-10-30-19-00-00", "latency": "68"}, {"date": "2021-10-30-19-00-00", "latency": "68"}, {"date": "2021-10-30-19-00-00", "latency": "68"}, {"date": "2021-10-30-19-00-00", "latency": "68"}, {"date": "2021-10-30-19-00-00", "latency": "68"}, {"date": "2021-10-30-19-00-00", "latency": "68"}, {"date": "2021-10-30-19-00-00", "latency": "68"}, {"date": "2021-10-30-19-00-00", "latency": "68"}, {"date": "2021-10-30-19-00-00", "latency": "68"}]}, {"location": {"country_code": "sg"}, "game_id": "319965", "values": [{"date": "2021-10-30-15-00-00", "latency": "50"}, {"date": "2021-10-30-15-00-00", "latency": "50"}, {"date": "2021-10-30-15-00-00", "latency": "50"}, {"date": "2021-10-30-15-00-00", "latency": "50"}, {"date": "2021-10-30-15-00-00", "latency": "50"}, {"date": "2021-10-30-15-00-00", "latency": "50"}, {"date": "2021-10-30-15-00-00", "latency": "50"}, {"date": "2021-10-30-15-00-00", "latency": "50"}, {"date": "2021-10-30-15-00-00", "latency": "50"}, {"date": "2021-10-30-15-00-00", "latency": "50"}, {"date": "2021-10-30-16-00-00", "latency": "50"}, {"date": "2021-10-30-16-00-00", "latency": "50"}, {"date": "2021-10-30-16-00-00", "latency": "50"}, {"date": "2021-10-30-16-00-00", "latency": "50"}, {"date": "2021-10-30-16-00-00", "latency": "50"}, {"date": "2021-10-30-16-00-00", "latency": "50"}, {"date": "2021-10-30-16-00-00", "latency": "50"}, {"date": "2021-10-30-16-00-00", "latency": "50"}, {"date": "2021-10-30-16-00-00", "latency": "50"}, {"date": "2021-10-30-18-00-00", "latency": "68"}, {"date": "2021-10-30-18-00-00", "latency": "68"}, {"date": "2021-10-30-18-00-00", "latency": "68"}, {"date": "2021-10-30-18-00-00", "latency": "68"}, {"date": "2021-10-30-18-00-00", "latency": "68"}, {"date": "2021-10-30-18-00-00", "latency": "68"}, {"date": "2021-10-30-18-00-00", "latency": "68"}, {"date": "2021-10-30-18-00-00", "latency": "68"}]}, {"location": {"country_code": "us", "region": "District of Columbia", "city": "Washington"}, "game_id": "319965", "values": [{"date": "2021-10-30-05-00-00", "latency": "54"}, {"date": "2021-10-30-05-00-00", "latency": "54"}, {"date": "2021-10-30-05-00-00", "latency": "54"}, {"date": "2021-10-30-05-00-00", "latency": "54"}, {"date": "2021-10-30-05-00-00", "latency": "54"}, {"date": "2021-10-30-05-00-00", "latency": "54"}, {"date": "2021-10-30-05-00-00", "latency": "54"}]}, {"location": {"country_code": "ca", "region": "Ontario", "city": "Toronto"}, "game_id": "319965", "values": [{"date": "2021-10-30-05-00-00", "latency": "50"}, {"date": "2021-10-30-05-00-00", "latency": "50"}, {"date": "2021-10-30-05-00-00", "latency": "50"}, {"date": "2021-10-30-05-00-00", "latency": "50"}, {"date": "2021-10-30-05-00-00", "latency": "50"}, {"date": "2021-10-30-05-00-00", "latency": "50"}, {"date": "2021-10-30-05-00-00", "latency": "50"}, {"date": "2021-10-30-05-00-00", "latency": "50"}, {"date": "2021-10-30-05-00-00", "latency": "50"}, {"date": "2021-10-30-05-00-00", "latency": "50"}, {"date": "2021-10-30-05-00-00", "latency": "50"}, {"date": "2021-10-30-05-00-00", "latency": "50"}, {"date": "2021-10-30-05-00-00", "latency": "50"}, {"date": "2021-10-30-05-00-00", "latency": "50"}, {"date": "2021-10-30-04-00-00", "latency": "73"}, {"date": "2021-10-30-04-00-00", "latency": "73"}, {"date": "2021-10-30-04-00-00", "latency": "73"}, {"date": "2021-10-30-04-00-00", "latency": "73"}, {"date": "2021-10-30-04-00-00", "latency": "73"}, {"date": "2021-10-30-04-00-00", "latency": "73"}, {"date": "2021-10-30-04-00-00", "latency": "73"}, {"date": "2021-10-30-04-00-00", "latency": "73"}, {"date": "2021-10-30-04-00-00", "latency": "73"}, {"date": "2021-10-30-04-00-00", "latency": "73"}, {"date": "2021-10-30-04-00-00", "latency": "73"}, {"date": "2021-10-30-04-00-00", "latency": "73"}, {"date": "2021-10-30-04-00-00", "latency": "73"}, {"date": "2021-10-30-04-00-00", "latency": "73"}, {"date": "2021-10-30-04-00-00", "latency": "73"}, {"date": "2021-10-30-04-00-00", "latency": "73"}, {"date": "2021-10-30-04-00-00", "latency": "73"}, {"date": "2021-10-30-04-00-00", "latency": "73"}, {"date": "2021-10-30-04-00-00", "latency": "73"}, {"date": "2021-10-30-04-00-00", "latency": "73"}, {"date": "2021-10-30-04-00-00", "latency": "73"}]}, {"location": {"country_code": "my"}, "game_id": "319965", "values": [{"date": "2021-10-30-23-00-00", "latency": "50"}, {"date": "2021-10-30-23-00-00", "latency": "50"}, {"date": "2021-10-30-23-00-00", "latency": "50"}, {"date": "2021-10-30-23-00-00", "latency": "50"}, {"date": "2021-10-30-23-00-00", "latency": "50"}, {"date": "2021-10-30-23-00-00", "latency": "50"}, {"date": "2021-10-30-23-00-00", "latency": "50"}, {"date": "2021-10-30-23-00-00", "latency": "50"}, {"date": "2021-10-30-23-00-00", "latency": "50"}, {"date": "2021-10-30-23-00-00", "latency": "50"}, {"date": "2021-10-30-23-00-00", "latency": "50"}, {"date": "2021-10-30-23-00-00", "latency": "50"}, {"date": "2021-10-30-23-00-00", "latency": "50"}]}, {"location": {"country_code": "us", "region": "Wisconsin"}, "game_id": "319965", "values": [{"date": "2021-10-30-02-00-00", "latency": "54"}]}, {"location": {"country_code": "us", "region": "Pennsylvania"}, "game_id": "319965", "values": [{"date": "2021-10-30-03-00-00", "latency": "91"}, {"date": "2021-10-30-03-00-00", "latency": "91"}]}, {"location": {"country_code": "mx", "region": "Nuevo Leon", "city": "Monterrey"}, "game_id": "319965", "values": [{"date": "2021-10-30-06-00-00", "latency": "67"}, {"date": "2021-10-30-06-00-00", "latency": "67"}, {"date": "2021-10-30-06-00-00", "latency": "67"}, {"date": "2021-10-30-06-00-00", "latency": "67"}, {"date": "2021-10-30-06-00-00", "latency": "67"}, {"date": "2021-10-30-06-00-00", "latency": "67"}, {"date": "2021-10-30-06-00-00", "latency": "67"}, {"date": "2021-10-30-06-00-00", "latency": "58"}, {"date": "2021-10-30-06-00-00", "latency": "58"}, {"date": "2021-10-30-06-00-00", "latency": "58"}, {"date": "2021-10-30-06-00-00", "latency": "58"}, {"date": "2021-10-30-06-00-00", "latency": "58"}, {"date": "2021-10-30-06-00-00", "latency": "58"}, {"date": "2021-10-30-06-00-00", "latency": "58"}, {"date": "2021-10-30-06-00-00", "latency": "58"}]}, {"location": {"country_code": "cl", "region": "Santiago Metropolitan", "city": "Santiago"}, "game_id": "319965", "values": [{"date": "2021-10-30-06-00-00", "latency": "125"}, {"date": "2021-10-30-06-00-00", "latency": "125"}, {"date": "2021-10-30-06-00-00", "latency": "125"}, {"date": "2021-10-30-06-00-00", "latency": "125"}, {"date": "2021-10-30-06-00-00", "latency": "125"}, {"date": "2021-10-30-06-00-00", "latency": "125"}]}, {"location": {"country_code": "co", "region": "El Valle", "city": "Cali"}, "game_id": "319965", "values": [{"date": "2021-10-30-09-00-00", "latency": "51"}, {"date": "2021-10-30-09-00-00", "latency": "51"}]}, {"location": {"country_code": "lv"}, "game_id": "319965", "values": [{"date": "2021-10-30-22-00-00", "latency": "50"}, {"date": "2021-10-30-22-00-00", "latency": "50"}, {"date": "2021-10-30-22-00-00", "latency": "50"}, {"date": "2021-10-30-22-00-00", "latency": "50"}, {"date": "2021-10-30-22-00-00", "latency": "50"}, {"date": "2021-10-30-22-00-00", "latency": "50"}, {"date": "2021-10-30-22-00-00", "latency": "50"}, {"date": "2021-10-30-22-00-00", "latency": "50"}, {"date": "2021-10-30-22-00-00", "latency": "50"}, {"date": "2021-10-30-22-00-00", "latency": "50"}, {"date": "2021-10-30-22-00-00", "latency": "50"}, {"date": "2021-10-30-22-00-00", "latency": "50"}, {"date": "2021-10-30-22-00-00", "latency": "50"}, {"date": "2021-10-30-22-00-00", "latency": "50"}, {"date": "2021-10-30-22-00-00", "latency": "50"}, {"date": "2021-10-30-22-00-00", "latency": "50"}, {"date": "2021-10-30-22-00-00", "latency": "50"}, {"date": "2021-10-30-22-00-00", "latency": "50"}, {"date": "2021-10-30-22-00-00", "latency": "50"}, {"date": "2021-10-30-22-00-00", "latency": "50"}]}, {"location": {"country_code": "br", "region": "State of Rio de Janeiro", "city": "Angra dos Reis"}, "game_id": "319965", "values": [{"date": "2021-10-30-22-00-00", "latency": "148"}, {"date": "2021-10-30-22-00-00", "latency": "148"}, {"date": "2021-10-30-22-00-00", "latency": "148"}, {"date": "2021-10-30-22-00-00", "latency": "148"}, {"date": "2021-10-30-22-00-00", "latency": "148"}, {"date": "2021-10-30-22-00-00", "latency": "148"}, {"date": "2021-10-30-22-00-00", "latency": "148"}, {"date": "2021-10-30-22-00-00", "latency": "148"}, {"date": "2021-10-30-22-00-00", "latency": "148"}, {"date": "2021-10-30-22-00-00", "latency": "148"}, {"date": "2021-10-30-22-00-00", "latency": "148"}, {"date": "2021-10-30-22-00-00", "latency": "148"}, {"date": "2021-10-30-22-00-00", "latency": "148"}, {"date": "2021-10-30-22-00-00", "latency": "148"}, {"date": "2021-10-30-22-00-00", "latency": "148"}, {"date": "2021-10-30-22-00-00", "latency": "148"}, {"date": "2021-10-30-22-00-00", "latency": "148"}, {"date": "2021-10-30-22-00-00", "latency": "148"}, {"date": "2021-10-30-22-00-00", "latency": "148"}, {"date": "2021-10-30-22-00-00", "latency": "148"}, {"date": "2021-10-30-22-00-00", "latency": "148"}]}, {"location": {"country_code": "fr", "region": "Ile-de-France Region", "city": "Paris"}, "game_id": "319965", "values": [{"date": "2021-10-30-06-00-00", "latency": "50"}, {"date": "2021-10-30-06-00-00", "latency": "50"}, {"date": "2021-10-30-06-00-00", "latency": "50"}, {"date": "2021-10-30-06-00-00", "latency": "50"}, {"date": "2021-10-30-06-00-00", "latency": "50"}, {"date": "2021-10-30-06-00-00", "latency": "50"}, {"date": "2021-10-30-06-00-00", "latency": "50"}, {"date": "2021-10-30-06-00-00", "latency": "50"}, {"date": "2021-10-30-06-00-00", "latency": "50"}]}, {"location": {"country_code": "es", "region": "Catalonia", "city": "Sant Antoni"}, "game_id": "319965", "values": [{"date": "2021-10-30-20-00-00", "latency": "228"}, {"date": "2021-10-30-20-00-00", "latency": "228"}, {"date": "2021-10-30-20-00-00", "latency": "228"}, {"date": "2021-10-30-20-00-00", "latency": "228"}, {"date": "2021-10-30-20-00-00", "latency": "228"}, {"date": "2021-10-30-20-00-00", "latency": "228"}, {"date": "2021-10-30-20-00-00", "latency": "228"}, {"date": "2021-10-30-20-00-00", "latency": "228"}, {"date": "2021-10-30-20-00-00", "latency": "228"}, {"date": "2021-10-30-20-00-00", "latency": "228"}]}, {"location": {"country_code": "us", "region": "Maryland"}, "game_id": "319965", "values": [{"date": "2021-10-30-05-00-00", "latency": "69"}, {"date": "2021-10-30-05-00-00", "latency": "69"}, {"date": "2021-10-30-05-00-00", "latency": "69"}, {"date": "2021-10-30-05-00-00", "latency": "69"}, {"date": "2021-10-30-05-00-00", "latency": "69"}, {"date": "2021-10-30-05-00-00", "latency": "69"}, {"date": "2021-10-30-05-00-00", "latency": "69"}, {"date": "2021-10-30-05-00-00", "latency": "69"}, {"date": "2021-10-30-05-00-00", "latency": "69"}, {"date": "2021-10-30-05-00-00", "latency": "69"}, {"date": "2021-10-30-05-00-00", "latency": "69"}]}, {"location": {"country_code": "pe", "region": "Lima region", "city": "Lima"}, "game_id": "319965", "values": [{"date": "2021-10-30-09-00-00", "latency": "125"}, {"date": "2021-10-30-09-00-00", "latency": "125"}, {"date": "2021-10-30-09-00-00", "latency": "125"}, {"date": "2021-10-30-09-00-00", "latency": "125"}, {"date": "2021-10-30-03-00-00", "latency": "102"}, {"date": "2021-10-30-03-00-00", "latency": "102"}]}, {"location": {"country_code": "us", "region": "Alabama"}, "game_id": "319965", "values": [{"date": "2021-10-30-08-00-00", "latency": "61"}, {"date": "2021-10-30-08-00-00", "latency": "61"}, {"date": "2021-10-30-08-00-00", "latency": "61"}, {"date": "2021-10-30-08-00-00", "latency": "61"}, {"date": "2021-10-30-08-00-00", "latency": "61"}, {"date": "2021-10-30-08-00-00", "latency": "61"}, {"date": "2021-10-30-08-00-00", "latency": "61"}, {"date": "2021-10-30-08-00-00", "latency": "61"}, {"date": "2021-10-30-08-00-00", "latency": "61"}, {"date": "2021-10-30-08-00-00", "latency": "61"}, {"date": "2021-10-30-08-00-00", "latency": "61"}]}, {"location": {"country_code": "ca", "region": "British Columbia", "city": "Richmond"}, "game_id": "319965", "values": [{"date": "2021-10-31-02-00-00", "latency": "50"}, {"date": "2021-10-31-02-00-00", "latency": "50"}]}, {"location": {"country_code": "gt"}, "game_id": "319965", "values": [{"date": "2021-10-30-08-00-00", "latency": "421"}, {"date": "2021-10-30-08-00-00", "latency": "421"}, {"date": "2021-10-30-08-00-00", "latency": "421"}, {"date": "2021-10-30-08-00-00", "latency": "421"}, {"date": "2021-10-30-08-00-00", "latency": "421"}, {"date": "2021-10-30-08-00-00", "latency": "421"}, {"date": "2021-10-30-08-00-00", "latency": "421"}]}, {"location": {"country_code": "mx", "region": "Yucatan", "city": "Merida"}, "game_id": "319965", "values": [{"date": "2021-10-30-07-00-00", "latency": "98"}, {"date": "2021-10-30-07-00-00", "latency": "98"}, {"date": "2021-10-30-07-00-00", "latency": "98"}, {"date": "2021-10-30-07-00-00", "latency": "98"}, {"date": "2021-10-30-07-00-00", "latency": "98"}, {"date": "2021-10-30-07-00-00", "latency": "98"}, {"date": "2021-10-30-07-00-00", "latency": "98"}, {"date": "2021-10-30-07-00-00", "latency": "98"}, {"date": "2021-10-30-07-00-00", "latency": "98"}, {"date": "2021-10-30-07-00-00", "latency": "98"}, {"date": "2021-10-30-07-00-00", "latency": "98"}, {"date": "2021-10-30-07-00-00", "latency": "98"}, {"date": "2021-10-30-07-00-00", "latency": "98"}, {"date": "2021-10-30-07-00-00", "latency": "98"}, {"date": "2021-10-30-07-00-00", "latency": "98"}]}, {"location": {"country_code": "br", "region": "Federal District"}, "game_id": "319965", "values": [{"date": "2021-10-31-00-00-00", "latency": "190"}, {"date": "2021-10-31-00-00-00", "latency": "190"}]}, {"location": {"country_code": "us", "region": "Nevada", "city": "Paradise"}, "game_id": "319965", "values": [{"date": "2021-10-30-05-00-00", "latency": "83"}, {"date": "2021-10-30-05-00-00", "latency": "83"}, {"date": "2021-10-30-05-00-00", "latency": "83"}, {"date": "2021-10-30-05-00-00", "latency": "83"}, {"date": "2021-10-30-05-00-00", "latency": "83"}, {"date": "2021-10-30-05-00-00", "latency": "83"}, {"date": "2021-10-30-05-00-00", "latency": "83"}, {"date": "2021-10-30-05-00-00", "latency": "83"}, {"date": "2021-10-30-05-00-00", "latency": "83"}]}, {"location": {"country_code": "us", "region": "Oregon", "city": "Portland"}, "game_id": "319965", "values": [{"date": "2021-10-30-08-00-00", "latency": "50"}, {"date": "2021-10-30-08-00-00", "latency": "50"}, {"date": "2021-10-30-08-00-00", "latency": "50"}, {"date": "2021-10-30-08-00-00", "latency": "50"}, {"date": "2021-10-30-08-00-00", "latency": "50"}, {"date": "2021-10-30-08-00-00", "latency": "50"}, {"date": "2021-10-30-08-00-00", "latency": "50"}, {"date": "2021-10-30-08-00-00", "latency": "50"}, {"date": "2021-10-30-08-00-00", "latency": "50"}, {"date": "2021-10-30-08-00-00", "latency": "50"}, {"date": "2021-10-30-08-00-00", "latency": "50"}]}, {"location": {"country_code": "us", "region": "Louisiana"}, "game_id": "319965", "values": [{"date": "2021-10-30-06-00-00", "latency": "50"}, {"date": "2021-10-30-06-00-00", "latency": "50"}, {"date": "2021-10-30-06-00-00", "latency": "50"}, {"date": "2021-10-30-06-00-00", "latency": "50"}, {"date": "2021-10-30-06-00-00", "latency": "50"}, {"date": "2021-10-30-06-00-00", "latency": "50"}, {"date": "2021-10-30-06-00-00", "latency": "50"}, {"date": "2021-10-30-06-00-00", "latency": "50"}, {"date": "2021-10-30-06-00-00", "latency": "50"}, {"date": "2021-10-30-06-00-00", "latency": "50"}]}, {"location": {"country_code": "us", "region": "Texas", "city": "San Antonio"}, "game_id": "319965", "values": [{"date": "2021-10-30-05-00-00", "latency": "61"}, {"date": "2021-10-30-05-00-00", "latency": "61"}, {"date": "2021-10-30-05-00-00", "latency": "61"}, {"date": "2021-10-30-05-00-00", "latency": "61"}, {"date": "2021-10-30-05-00-00", "latency": "61"}, {"date": "2021-10-30-05-00-00", "latency": "61"}, {"date": "2021-10-30-05-00-00", "latency": "61"}, {"date": "2021-10-30-05-00-00", "latency": "61"}, {"date": "2021-10-30-05-00-00", "latency": "61"}, {"date": "2021-10-30-05-00-00", "latency": "61"}, {"date": "2021-10-30-07-00-00", "latency": "60"}, {"date": "2021-10-30-07-00-00", "latency": "60"}, {"date": "2021-10-30-07-00-00", "latency": "60"}]}, {"location": {"country_code": "mt"}, "game_id": "319965", "values": [{"date": "2021-10-30-15-00-00", "latency": "113"}, {"date": "2021-10-30-15-00-00", "latency": "113"}, {"date": "2021-10-30-15-00-00", "latency": "113"}, {"date": "2021-10-30-15-00-00", "latency": "113"}, {"date": "2021-10-30-15-00-00", "latency": "113"}, {"date": "2021-10-30-15-00-00", "latency": "113"}, {"date": "2021-10-30-15-00-00", "latency": "113"}, {"date": "2021-10-30-15-00-00", "latency": "113"}, {"date": "2021-10-30-15-00-00", "latency": "113"}, {"date": "2021-10-30-15-00-00", "latency": "113"}, {"date": "2021-10-30-15-00-00", "latency": "113"}, {"date": "2021-10-30-15-00-00", "latency": "113"}, {"date": "2021-10-30-15-00-00", "latency": "113"}, {"date": "2021-10-30-15-00-00", "latency": "113"}, {"date": "2021-10-30-15-00-00", "latency": "113"}, {"date": "2021-10-30-15-00-00", "latency": "113"}, {"date": "2021-10-30-15-00-00", "latency": "113"}, {"date": "2021-10-30-15-00-00", "latency": "113"}, {"date": "2021-10-30-15-00-00", "latency": "113"}, {"date": "2021-10-30-15-00-00", "latency": "113"}, {"date": "2021-10-30-15-00-00", "latency": "113"}, {"date": "2021-10-30-15-00-00", "latency": "113"}, {"date": "2021-10-30-15-00-00", "latency": "113"}, {"date": "2021-10-30-15-00-00", "latency": "113"}]}, {"location": {"country_code": "pt", "region": "Leiria District", "city": "Peniche"}, "game_id": "319965", "values": [{"date": "2021-10-31-02-00-00", "latency": "50"}, {"date": "2021-10-31-02-00-00", "latency": "50"}, {"date": "2021-10-31-02-00-00", "latency": "50"}, {"date": "2021-10-31-02-00-00", "latency": "50"}]}, {"location": {"country_code": "es", "region": "Aragon"}, "game_id": "319965", "values": [{"date": "2021-10-30-11-00-00", "latency": "182"}, {"date": "2021-10-30-11-00-00", "latency": "182"}, {"date": "2021-10-30-11-00-00", "latency": "182"}, {"date": "2021-10-30-11-00-00", "latency": "182"}, {"date": "2021-10-30-11-00-00", "latency": "182"}, {"date": "2021-10-30-11-00-00", "latency": "182"}, {"date": "2021-10-30-11-00-00", "latency": "182"}, {"date": "2021-10-30-11-00-00", "latency": "182"}, {"date": "2021-10-30-11-00-00", "latency": "182"}, {"date": "2021-10-30-11-00-00", "latency": "182"}, {"date": "2021-10-30-11-00-00", "latency": "182"}, {"date": "2021-10-30-11-00-00", "latency": "182"}, {"date": "2021-10-30-11-00-00", "latency": "182"}, {"date": "2021-10-30-11-00-00", "latency": "182"}, {"date": "2021-10-30-11-00-00", "latency": "182"}, {"date": "2021-10-30-11-00-00", "latency": "182"}, {"date": "2021-10-30-11-00-00", "latency": "182"}, {"date": "2021-10-30-11-00-00", "latency": "182"}, {"date": "2021-10-30-11-00-00", "latency": "182"}, {"date": "2021-10-30-11-00-00", "latency": "182"}, {"date": "2021-10-30-11-00-00", "latency": "182"}, {"date": "2021-10-30-11-00-00", "latency": "182"}, {"date": "2021-10-30-11-00-00", "latency": "182"}, {"date": "2021-10-30-11-00-00", "latency": "182"}, {"date": "2021-10-30-11-00-00", "latency": "182"}, {"date": "2021-10-30-11-00-00", "latency": "182"}, {"date": "2021-10-30-11-00-00", "latency": "182"}, {"date": "2021-10-30-11-00-00", "latency": "182"}, {"date": "2021-10-30-11-00-00", "latency": "182"}, {"date": "2021-10-30-11-00-00", "latency": "182"}, {"date": "2021-10-30-11-00-00", "latency": "182"}, {"date": "2021-10-30-11-00-00", "latency": "182"}, {"date": "2021-10-30-11-00-00", "latency": "182"}, {"date": "2021-10-30-11-00-00", "latency": "182"}, {"date": "2021-10-30-11-00-00", "latency": "182"}, {"date": "2021-10-30-11-00-00", "latency": "182"}, {"date": "2021-10-30-11-00-00", "latency": "182"}, {"date": "2021-10-30-11-00-00", "latency": "182"}, {"date": "2021-10-30-11-00-00", "latency": "182"}, {"date": "2021-10-30-11-00-00", "latency": "182"}, {"date": "2021-10-30-11-00-00", "latency": "182"}, {"date": "2021-10-30-11-00-00", "latency": "182"}, {"date": "2021-10-30-11-00-00", "latency": "182"}, {"date": "2021-10-30-11-00-00", "latency": "182"}, {"date": "2021-10-30-11-00-00", "latency": "182"}, {"date": "2021-10-30-11-00-00", "latency": "182"}, {"date": "2021-10-30-11-00-00", "latency": "182"}, {"date": "2021-10-30-11-00-00", "latency": "182"}, {"date": "2021-10-30-11-00-00", "latency": "182"}, {"date": "2021-10-30-11-00-00", "latency": "182"}, {"date": "2021-10-30-11-00-00", "latency": "182"}, {"date": "2021-10-30-11-00-00", "latency": "182"}, {"date": "2021-10-30-11-00-00", "latency": "182"}]}, {"location": {"country_code": "tt"}, "game_id": "319965", "values": [{"date": "2021-10-30-05-00-00", "latency": "85"}, {"date": "2021-10-30-05-00-00", "latency": "85"}, {"date": "2021-10-30-05-00-00", "latency": "85"}, {"date": "2021-10-30-05-00-00", "latency": "85"}, {"date": "2021-10-30-05-00-00", "latency": "85"}, {"date": "2021-10-30-05-00-00", "latency": "85"}, {"date": "2021-10-30-05-00-00", "latency": "85"}]}, {"location": {"country_code": "br", "region": "Sao Paulo", "city": "Praia Grande"}, "game_id": "319965", "values": [{"date": "2021-10-30-03-00-00", "latency": "136"}, {"date": "2021-10-30-03-00-00", "latency": "136"}, {"date": "2021-10-30-03-00-00", "latency": "136"}, {"date": "2021-10-30-03-00-00", "latency": "136"}, {"date": "2021-10-30-03-00-00", "latency": "136"}, {"date": "2021-10-30-03-00-00", "latency": "136"}, {"date": "2021-10-30-03-00-00", "latency": "136"}, {"date": "2021-10-30-03-00-00", "latency": "136"}, {"date": "2021-10-30-03-00-00", "latency": "136"}]}, {"location": {"country_code": "au", "region": "New South Wales"}, "game_id": "319965", "values": [{"date": "2021-10-30-15-00-00", "latency": "131"}, {"date": "2021-10-30-15-00-00", "latency": "131"}, {"date": "2021-10-30-15-00-00", "latency": "131"}, {"date": "2021-10-30-15-00-00", "latency": "131"}, {"date": "2021-10-30-15-00-00", "latency": "131"}, {"date": "2021-10-30-15-00-00", "latency": "131"}, {"date": "2021-10-30-15-00-00", "latency": "131"}, {"date": "2021-10-30-15-00-00", "latency": "131"}]}, {"location": {"country_code": "jp", "region": "Setagaya"}, "game_id": "319965", "values": [{"date": "2021-10-30-17-00-00", "latency": "69"}, {"date": "2021-10-30-17-00-00", "latency": "69"}, {"date": "2021-10-30-17-00-00", "latency": "69"}, {"date": "2021-10-30-17-00-00", "latency": "69"}, {"date": "2021-10-30-17-00-00", "latency": "69"}, {"date": "2021-10-30-17-00-00", "latency": "69"}, {"date": "2021-10-30-17-00-00", "latency": "69"}, {"date": "2021-10-30-17-00-00", "latency": "69"}, {"date": "2021-10-30-17-00-00", "latency": "69"}, {"date": "2021-10-30-17-00-00", "latency": "69"}, {"date": "2021-10-30-17-00-00", "latency": "69"}, {"date": "2021-10-30-17-00-00", "latency": "69"}, {"date": "2021-10-30-17-00-00", "latency": "69"}, {"date": "2021-10-30-17-00-00", "latency": "69"}, {"date": "2021-10-30-17-00-00", "latency": "69"}, {"date": "2021-10-30-17-00-00", "latency": "69"}, {"date": "2021-10-30-17-00-00", "latency": "69"}, {"date": "2021-10-30-17-00-00", "latency": "69"}]}, {"location": {"country_code": "us", "region": "California", "city": "Anaheim"}, "game_id": "319965", "values": [{"date": "2021-10-31-02-00-00", "latency": "93"}, {"date": "2021-10-31-02-00-00", "latency": "93"}]}, {"location": {"country_code": "de", "region": "Brandenburg", "city": "Schwarzheide"}, "game_id": "319965", "values": [{"date": "2021-10-31-02-00-00", "latency": "50"}, {"date": "2021-10-31-02-00-00", "latency": "50"}, {"date": "2021-10-31-02-00-00", "latency": "50"}, {"date": "2021-10-31-02-00-00", "latency": "50"}, {"date": "2021-10-31-02-00-00", "latency": "50"}, {"date": "2021-10-31-02-00-00", "latency": "50"}, {"date": "2021-10-31-02-00-00", "latency": "50"}, {"date": "2021-10-31-02-00-00", "latency": "50"}, {"date": "2021-10-31-02-00-00", "latency": "50"}, {"date": "2021-10-31-02-00-00", "latency": "50"}, {"date": "2021-10-31-02-00-00", "latency": "50"}, {"date": "2021-10-31-02-00-00", "latency": "50"}, {"date": "2021-10-31-02-00-00", "latency": "50"}, {"date": "2021-10-31-02-00-00", "latency": "50"}, {"date": "2021-10-31-02-00-00", "latency": "50"}]}, {"location": {"country_code": "br", "region": "State of Rio de Janeiro", "city": "Vassouras"}, "game_id": "319965", "values": [{"date": "2021-10-30-06-00-00", "latency": "150"}, {"date": "2021-10-30-06-00-00", "latency": "150"}, {"date": "2021-10-30-06-00-00", "latency": "150"}, {"date": "2021-10-30-06-00-00", "latency": "150"}, {"date": "2021-10-30-06-00-00", "latency": "150"}, {"date": "2021-10-30-06-00-00", "latency": "150"}, {"date": "2021-10-30-06-00-00", "latency": "150"}, {"date": "2021-10-30-06-00-00", "latency": "150"}, {"date": "2021-10-30-06-00-00", "latency": "150"}, {"date": "2021-10-30-06-00-00", "latency": "150"}, {"date": "2021-10-30-06-00-00", "latency": "150"}, {"date": "2021-10-30-06-00-00", "latency": "150"}, {"date": "2021-10-30-06-00-00", "latency": "150"}, {"date": "2021-10-30-06-00-00", "latency": "150"}, {"date": "2021-10-30-06-00-00", "latency": "150"}, {"date": "2021-10-30-06-00-00", "latency": "150"}, {"date": "2021-10-30-06-00-00", "latency": "150"}, {"date": "2021-10-30-06-00-00", "latency": "150"}, {"date": "2021-10-30-06-00-00", "latency": "150"}, {"date": "2021-10-30-06-00-00", "latency": "150"}]}, {"location": {"country_code": "br", "region": "Ceara", "city": "Sobral"}, "game_id": "319965", "values": [{"date": "2021-10-30-03-00-00", "latency": "103"}, {"date": "2021-10-30-03-00-00", "latency": "103"}, {"date": "2021-10-30-03-00-00", "latency": "103"}]}, {"location": {"country_code": "br", "region": "Santa Catarina", "city": "Criciuma"}, "game_id": "319965", "values": [{"date": "2021-10-30-23-00-00", "latency": "235"}]}, {"location": {"country_code": "us", "region": "California", "city": "Burlingame"}, "game_id": "319965", "values": [{"date": "2021-10-31-02-00-00", "latency": "50"}, {"date": "2021-10-31-02-00-00", "latency": "50"}]}], "last_updated": 1719915098.009285}