{"data": [{"location": {"country_code": "us"}, "game_id": "135305", "values": [{"date": "2023-11-22-06-00-00", "latency": 97}, {"date": "2023-11-22-07-00-00", "latency": 105}, {"date": "2023-11-22-07-00-00", "latency": 105}, {"date": "2023-11-22-07-00-00", "latency": 105}, {"date": "2023-11-22-07-00-00", "latency": 105}, {"date": "2023-11-22-01-00-00", "latency": 106}, {"date": "2023-11-22-01-00-00", "latency": 106}, {"date": "2023-11-22-01-00-00", "latency": 106}, {"date": "2023-11-22-01-00-00", "latency": 106}, {"date": "2023-11-22-22-00-00", "latency": 183}]}, {"location": {"country_code": "gb"}, "game_id": "135305", "values": [{"date": "2023-11-22-21-00-00", "latency": 95}, {"date": "2023-11-22-21-00-00", "latency": 95}, {"date": "2023-11-22-21-00-00", "latency": 95}, {"date": "2023-11-22-21-00-00", "latency": 95}, {"date": "2023-11-22-21-00-00", "latency": 95}, {"date": "2023-11-22-21-00-00", "latency": 95}, {"date": "2023-11-22-21-00-00", "latency": 95}, {"date": "2023-11-22-21-00-00", "latency": 95}]}, {"location": {"country_code": "th"}, "game_id": "135305", "values": [{"date": "2023-11-22-16-00-00", "latency": 208}, {"date": "2023-11-22-16-00-00", "latency": 208}, {"date": "2023-11-22-16-00-00", "latency": 208}, {"date": "2023-11-22-16-00-00", "latency": 208}, {"date": "2023-11-22-16-00-00", "latency": 208}, {"date": "2023-11-22-16-00-00", "latency": 208}, {"date": "2023-11-22-16-00-00", "latency": 208}]}, {"location": {"country_code": "it"}, "game_id": "135305", "values": [{"date": "2023-11-23-01-00-00", "latency": 114}, {"date": "2023-11-23-01-00-00", "latency": 114}, {"date": "2023-11-23-01-00-00", "latency": 114}, {"date": "2023-11-23-01-00-00", "latency": 114}, {"date": "2023-11-23-01-00-00", "latency": 114}, {"date": "2023-11-23-01-00-00", "latency": 114}, {"date": "2023-11-22-18-00-00", "latency": 77}, {"date": "2023-11-22-17-00-00", "latency": 212}]}, {"location": {"country_code": "jp"}, "game_id": "135305", "values": [{"date": "2023-11-22-08-00-00", "latency": 93}, {"date": "2023-11-22-19-00-00", "latency": 146}, {"date": "2023-11-22-19-00-00", "latency": 146}]}, {"location": {"country_code": "ca"}, "game_id": "135305", "values": [{"date": "2023-11-22-03-00-00", "latency": 113}, {"date": "2023-11-22-18-00-00", "latency": 58}, {"date": "2023-11-22-15-00-00", "latency": 128}, {"date": "2023-11-22-15-00-00", "latency": 128}, {"date": "2023-11-22-15-00-00", "latency": 128}]}, {"location": {"country_code": "de"}, "game_id": "135305", "values": [{"date": "2023-11-22-01-00-00", "latency": 34}, {"date": "2023-11-22-01-00-00", "latency": 34}, {"date": "2023-11-22-16-00-00", "latency": 86}, {"date": "2023-11-22-16-00-00", "latency": 86}]}, {"location": {"country_code": "tw"}, "game_id": "135305", "values": [{"date": "2023-11-22-16-00-00", "latency": 179}]}, {"location": {"country_code": "gb", "region": "Scotland"}, "game_id": "135305", "values": [{"date": "2023-11-22-04-00-00", "latency": 140}, {"date": "2023-11-22-04-00-00", "latency": 140}, {"date": "2023-11-22-04-00-00", "latency": 140}]}, {"location": {"country_code": "ph"}, "game_id": "135305", "values": [{"date": "2023-11-22-19-00-00", "latency": 85}, {"date": "2023-11-22-19-00-00", "latency": 187}, {"date": "2023-11-22-14-00-00", "latency": 122}, {"date": "2023-11-22-14-00-00", "latency": 122}, {"date": "2023-11-22-14-00-00", "latency": 122}, {"date": "2023-11-22-14-00-00", "latency": 122}, {"date": "2023-11-22-14-00-00", "latency": 122}, {"date": "2023-11-22-15-00-00", "latency": 84}, {"date": "2023-11-22-15-00-00", "latency": 84}, {"date": "2023-11-22-15-00-00", "latency": 84}, {"date": "2023-11-22-10-00-00", "latency": 98}]}, {"location": {"country_code": "fr"}, "game_id": "135305", "values": [{"date": "2023-11-22-07-00-00", "latency": 36}, {"date": "2023-11-22-07-00-00", "latency": 36}, {"date": "2023-11-22-21-00-00", "latency": 44}]}, {"location": {"country_code": "mx"}, "game_id": "135305", "values": [{"date": "2023-11-22-07-00-00", "latency": 196}, {"date": "2023-11-22-07-00-00", "latency": 196}, {"date": "2023-11-22-02-00-00", "latency": 91}]}, {"location": {"country_code": "mx", "region": "Mexico City"}, "game_id": "135305", "values": [{"date": "2023-11-22-03-00-00", "latency": 140}]}, {"location": {"country_code": "us", "region": "California"}, "game_id": "135305", "values": [{"date": "2023-11-22-05-00-00", "latency": 900}, {"date": "2023-11-22-05-00-00", "latency": 103}]}, {"location": {"country_code": "br"}, "game_id": "135305", "values": [{"date": "2023-11-22-22-00-00", "latency": 50}, {"date": "2023-11-22-22-00-00", "latency": 50}, {"date": "2023-11-22-22-00-00", "latency": 50}, {"date": "2023-11-22-02-00-00", "latency": 195}, {"date": "2023-11-23-01-00-00", "latency": 216}]}, {"location": {"country_code": "br", "region": "Sao Paulo", "city": "Apiai"}, "game_id": "135305", "values": [{"date": "2023-11-22-03-00-00", "latency": 176}]}, {"location": {"country_code": "se"}, "game_id": "135305", "values": [{"date": "2023-11-23-00-00-00", "latency": 78}, {"date": "2023-11-23-00-00-00", "latency": 78}, {"date": "2023-11-23-00-00-00", "latency": 78}, {"date": "2023-11-23-00-00-00", "latency": 78}]}, {"location": {"country_code": "au"}, "game_id": "135305", "values": [{"date": "2023-11-22-12-00-00", "latency": 255}, {"date": "2023-11-22-12-00-00", "latency": 255}]}, {"location": {"country_code": "tr"}, "game_id": "135305", "values": [{"date": "2023-11-22-13-00-00", "latency": 93}, {"date": "2023-11-22-18-00-00", "latency": 139}, {"date": "2023-11-22-18-00-00", "latency": 139}, {"date": "2023-11-22-18-00-00", "latency": 139}, {"date": "2023-11-22-18-00-00", "latency": 139}]}, {"location": {"country_code": "kr"}, "game_id": "135305", "values": [{"date": "2023-11-22-15-00-00", "latency": 233}, {"date": "2023-11-22-15-00-00", "latency": 233}, {"date": "2023-11-22-15-00-00", "latency": 233}]}, {"location": {"country_code": "es"}, "game_id": "135305", "values": [{"date": "2023-11-22-21-00-00", "latency": 88}, {"date": "2023-11-22-19-00-00", "latency": 99}, {"date": "2023-11-22-19-00-00", "latency": 99}, {"date": "2023-11-22-19-00-00", "latency": 99}, {"date": "2023-11-22-19-00-00", "latency": 99}, {"date": "2023-11-22-19-00-00", "latency": 99}]}, {"location": {"country_code": "sa"}, "game_id": "135305", "values": [{"date": "2023-11-22-17-00-00", "latency": 168}, {"date": "2023-11-22-17-00-00", "latency": 168}, {"date": "2023-11-22-09-00-00", "latency": 161}, {"date": "2023-11-22-09-00-00", "latency": 161}, {"date": "2023-11-22-09-00-00", "latency": 161}, {"date": "2023-11-22-09-00-00", "latency": 161}, {"date": "2023-11-22-09-00-00", "latency": 161}, {"date": "2023-11-22-09-00-00", "latency": 161}, {"date": "2023-11-22-09-00-00", "latency": 161}, {"date": "2023-11-22-09-00-00", "latency": 161}, {"date": "2023-11-22-09-00-00", "latency": 161}]}, {"location": {"country_code": "es", "region": "Catalonia", "city": "l'Hospitalet de Llobregat"}, "game_id": "135305", "values": [{"date": "2023-11-22-19-00-00", "latency": 69}]}, {"location": {"country_code": "sg"}, "game_id": "135305", "values": [{"date": "2023-11-22-12-00-00", "latency": 173}, {"date": "2023-11-22-16-00-00", "latency": 114}, {"date": "2023-11-22-16-00-00", "latency": 114}, {"date": "2023-11-22-08-00-00", "latency": 234}]}, {"location": {"country_code": "my"}, "game_id": "135305", "values": [{"date": "2023-11-22-18-00-00", "latency": 104}]}, {"location": {"country_code": "id"}, "game_id": "135305", "values": [{"date": "2023-11-22-08-00-00", "latency": 122}, {"date": "2023-11-22-14-00-00", "latency": 419}]}, {"location": {"country_code": "cl", "region": "Santiago Metropolitan", "city": "Santiago"}, "game_id": "135305", "values": [{"date": "2023-11-22-05-00-00", "latency": 139}]}, {"location": {"country_code": "au", "region": "Western Australia", "city": "Perth"}, "game_id": "135305", "values": [{"date": "2023-11-22-14-00-00", "latency": 177}, {"date": "2023-11-22-14-00-00", "latency": 177}, {"date": "2023-11-22-14-00-00", "latency": 177}]}, {"location": {"country_code": "pt"}, "game_id": "135305", "values": [{"date": "2023-11-22-12-00-00", "latency": 112}, {"date": "2023-11-22-12-00-00", "latency": 112}]}, {"location": {"country_code": "sv", "region": "Sonsonate", "city": "Sonsonate"}, "game_id": "135305", "values": [{"date": "2023-11-22-18-00-00", "latency": 104}, {"date": "2023-11-22-18-00-00", "latency": 104}]}, {"location": {"country_code": "tr", "region": "Ege Bolgesi", "city": "Denizli"}, "game_id": "135305", "values": [{"date": "2023-11-22-19-00-00", "latency": 98}]}, {"location": {"country_code": "pt", "region": "Lisbon District", "city": "Amadora"}, "game_id": "135305", "values": [{"date": "2023-11-22-16-00-00", "latency": 107}]}, {"location": {"country_code": "za", "region": "Western Cape", "city": "Cape Town"}, "game_id": "135305", "values": [{"date": "2023-11-22-14-00-00", "latency": 303}, {"date": "2023-11-22-14-00-00", "latency": 303}]}, {"location": {"country_code": "bg"}, "game_id": "135305", "values": [{"date": "2023-11-22-20-00-00", "latency": 321}, {"date": "2023-11-22-20-00-00", "latency": 321}]}, {"location": {"country_code": "fr", "region": "Aquitania-Limosino-Poitou-Charentes", "city": "Bordeaux"}, "game_id": "135305", "values": [{"date": "2023-11-22-21-00-00", "latency": 45}, {"date": "2023-11-22-21-00-00", "latency": 45}, {"date": "2023-11-22-21-00-00", "latency": 45}]}, {"location": {"country_code": "ve", "region": "Miranda"}, "game_id": "135305", "values": [{"date": "2023-11-23-00-00-00", "latency": 105}, {"date": "2023-11-23-00-00-00", "latency": 105}, {"date": "2023-11-23-00-00-00", "latency": 105}, {"date": "2023-11-23-00-00-00", "latency": 105}]}, {"location": {"country_code": "br", "region": "Rio Grande do Sul", "city": "Gravatai"}, "game_id": "135305", "values": [{"date": "2023-11-22-01-00-00", "latency": 190}]}, {"location": {"country_code": "br", "region": "Acre", "city": "Rio Branco"}, "game_id": "135305", "values": [{"date": "2023-11-22-22-00-00", "latency": 204}]}], "last_updated": 1719927540.25493}