{"data": [{"location": {"country_code": "us"}, "game_id": "118849", "values": [{"date": "2022-12-06-02-00-00", "latency": 5}]}, {"location": {"country_code": "de", "region": "Berlin", "city": "Berlin"}, "game_id": "118849", "values": [{"date": "2022-12-06-22-00-00", "latency": 2}, {"date": "2022-12-06-09-00-00", "latency": 5}, {"date": "2022-12-06-09-00-00", "latency": 5}, {"date": "2022-12-06-06-00-00", "latency": 1}, {"date": "2022-12-06-06-00-00", "latency": 1}, {"date": "2022-12-06-06-00-00", "latency": 1}]}, {"location": {"country_code": "gr"}, "game_id": "118849", "values": [{"date": "2022-12-06-04-00-00", "latency": 1}]}, {"location": {"country_code": "ro"}, "game_id": "118849", "values": [{"date": "2022-12-06-13-00-00", "latency": 150}, {"date": "2022-12-06-13-00-00", "latency": 150}, {"date": "2022-12-06-13-00-00", "latency": 150}]}, {"location": {"country_code": "jp"}, "game_id": "118849", "values": [{"date": "2022-12-06-14-00-00", "latency": 101}]}, {"location": {"country_code": "de"}, "game_id": "118849", "values": [{"date": "2022-12-07-01-00-00", "latency": 11}]}, {"location": {"country_code": "us", "region": "Texas"}, "game_id": "118849", "values": [{"date": "2022-12-06-03-00-00", "latency": 84}]}, {"location": {"country_code": "ph"}, "game_id": "118849", "values": [{"date": "2022-12-06-11-00-00", "latency": 2}, {"date": "2022-12-06-11-00-00", "latency": 2}, {"date": "2022-12-06-11-00-00", "latency": 2}, {"date": "2022-12-06-11-00-00", "latency": 2}, {"date": "2022-12-06-11-00-00", "latency": 2}, {"date": "2022-12-06-11-00-00", "latency": 2}, {"date": "2022-12-06-11-00-00", "latency": 2}, {"date": "2022-12-06-11-00-00", "latency": 2}, {"date": "2022-12-06-11-00-00", "latency": 2}, {"date": "2022-12-06-11-00-00", "latency": 2}, {"date": "2022-12-06-11-00-00", "latency": 2}, {"date": "2022-12-06-11-00-00", "latency": 2}, {"date": "2022-12-06-11-00-00", "latency": 2}]}, {"location": {"country_code": "ph", "region": "CALABARZON", "city": "Cavite"}, "game_id": "118849", "values": [{"date": "2022-12-06-16-00-00", "latency": 153}, {"date": "2022-12-06-16-00-00", "latency": 153}, {"date": "2022-12-06-16-00-00", "latency": 153}]}, {"location": {"country_code": "fr"}, "game_id": "118849", "values": [{"date": "2022-12-06-14-00-00", "latency": 1}, {"date": "2022-12-06-14-00-00", "latency": 1}, {"date": "2022-12-07-00-00-00", "latency": 1}]}, {"location": {"country_code": "us", "region": "New Jersey"}, "game_id": "118849", "values": [{"date": "2022-12-06-02-00-00", "latency": 1}]}, {"location": {"country_code": "mx"}, "game_id": "118849", "values": [{"date": "2022-12-07-01-00-00", "latency": 2}, {"date": "2022-12-07-01-00-00", "latency": 2}, {"date": "2022-12-07-01-00-00", "latency": 2}, {"date": "2022-12-06-18-00-00", "latency": 5}]}, {"location": {"country_code": "us", "region": "West Virginia"}, "game_id": "118849", "values": [{"date": "2022-12-06-17-00-00", "latency": 4}]}, {"location": {"country_code": "us", "region": "California"}, "game_id": "118849", "values": [{"date": "2022-12-06-05-00-00", "latency": 0}, {"date": "2022-12-06-09-00-00", "latency": 25}, {"date": "2022-12-06-09-00-00", "latency": 25}]}, {"location": {"country_code": "no"}, "game_id": "118849", "values": [{"date": "2022-12-06-12-00-00", "latency": 4}, {"date": "2022-12-06-12-00-00", "latency": 4}]}, {"location": {"country_code": "es", "region": "Madrid", "city": "Parla"}, "game_id": "118849", "values": [{"date": "2022-12-06-20-00-00", "latency": 10}]}, {"location": {"country_code": "tr"}, "game_id": "118849", "values": [{"date": "2022-12-06-13-00-00", "latency": 103}, {"date": "2022-12-06-13-00-00", "latency": 103}, {"date": "2022-12-06-12-00-00", "latency": 10}, {"date": "2022-12-06-03-00-00", "latency": 161}, {"date": "2022-12-06-03-00-00", "latency": 161}, {"date": "2022-12-06-03-00-00", "latency": 161}, {"date": "2022-12-06-03-00-00", "latency": 161}, {"date": "2022-12-06-03-00-00", "latency": 161}]}, {"location": {"country_code": "es"}, "game_id": "118849", "values": [{"date": "2022-12-06-10-00-00", "latency": 5}, {"date": "2022-12-06-16-00-00", "latency": 17}, {"date": "2022-12-06-16-00-00", "latency": 17}]}, {"location": {"country_code": "us", "region": "Alaska"}, "game_id": "118849", "values": [{"date": "2022-12-06-14-00-00", "latency": 2}]}, {"location": {"country_code": "hu"}, "game_id": "118849", "values": [{"date": "2022-12-06-18-00-00", "latency": 5}]}, {"location": {"country_code": "pl"}, "game_id": "118849", "values": [{"date": "2022-12-06-14-00-00", "latency": 124}, {"date": "2022-12-06-14-00-00", "latency": 124}, {"date": "2022-12-06-14-00-00", "latency": 124}]}, {"location": {"country_code": "fr", "region": "Ile-de-France Region", "city": "Paris"}, "game_id": "118849", "values": [{"date": "2022-12-06-23-00-00", "latency": 0}]}, {"location": {"country_code": "kw"}, "game_id": "118849", "values": [{"date": "2022-12-06-16-00-00", "latency": 11}]}, {"location": {"country_code": "fr", "region": "Alvernia-Rodano-Alpi", "city": "Lyon"}, "game_id": "118849", "values": [{"date": "2022-12-06-05-00-00", "latency": 5}, {"date": "2022-12-06-05-00-00", "latency": 5}]}, {"location": {"country_code": "fr", "region": "Alvernia-Rodano-Alpi", "city": "Grenoble"}, "game_id": "118849", "values": [{"date": "2022-12-06-15-00-00", "latency": 79}, {"date": "2022-12-06-15-00-00", "latency": 79}]}, {"location": {"country_code": "ru", "region": "Astrakhan Oblast", "city": "Astrakhan"}, "game_id": "118849", "values": [{"date": "2022-12-06-19-00-00", "latency": 4}]}, {"location": {"country_code": "es", "region": "Murcia", "city": "Lorca"}, "game_id": "118849", "values": [{"date": "2022-12-06-18-00-00", "latency": 4}]}, {"location": {"country_code": "us", "region": "Utah", "city": "Salt Lake City"}, "game_id": "118849", "values": [{"date": "2022-12-06-02-00-00", "latency": 4}, {"date": "2022-12-06-02-00-00", "latency": 4}]}, {"location": {"country_code": "fr", "region": "Aquitania-Limosino-Poitou-Charentes", "city": "Bordeaux"}, "game_id": "118849", "values": [{"date": "2022-12-06-17-00-00", "latency": 107}, {"date": "2022-12-06-17-00-00", "latency": 107}, {"date": "2022-12-06-17-00-00", "latency": 107}, {"date": "2022-12-06-17-00-00", "latency": 107}]}, {"location": {"country_code": "us", "region": "New Mexico"}, "game_id": "118849", "values": [{"date": "2022-12-06-07-00-00", "latency": 5}]}, {"location": {"country_code": "jo"}, "game_id": "118849", "values": [{"date": "2022-12-06-23-00-00", "latency": 14}]}, {"location": {"country_code": "de", "region": "Saxony", "city": "Chemnitz"}, "game_id": "118849", "values": [{"date": "2022-12-06-10-00-00", "latency": 20}]}, {"location": {"country_code": "mz"}, "game_id": "118849", "values": [{"date": "2022-12-06-09-00-00", "latency": 3}]}], "last_updated": 1719919342.08343}