{"data": [{"location": {"country_code": "us"}, "game_id": "319965", "values": [{"date": "2022-01-03-01-00-00", "latency": 56}, {"date": "2022-01-02-03-00-00", "latency": 68}, {"date": "2022-01-02-03-00-00", "latency": 68}, {"date": "2022-01-02-03-00-00", "latency": 68}, {"date": "2022-01-02-03-00-00", "latency": 68}, {"date": "2022-01-02-03-00-00", "latency": 68}, {"date": "2022-01-02-03-00-00", "latency": 68}, {"date": "2022-01-02-03-00-00", "latency": 68}, {"date": "2022-01-02-03-00-00", "latency": 68}]}, {"location": {"country_code": "ca"}, "game_id": "319965", "values": [{"date": "2022-01-02-23-00-00", "latency": 50}, {"date": "2022-01-02-23-00-00", "latency": 50}, {"date": "2022-01-02-23-00-00", "latency": 50}, {"date": "2022-01-02-23-00-00", "latency": 50}, {"date": "2022-01-02-23-00-00", "latency": 50}, {"date": "2022-01-02-03-00-00", "latency": 2}, {"date": "2022-01-02-07-00-00", "latency": 79}]}, {"location": {"country_code": "us", "region": "Texas"}, "game_id": "319965", "values": [{"date": "2022-01-02-03-00-00", "latency": 4697}]}, {"location": {"country_code": "fr"}, "game_id": "319965", "values": [{"date": "2022-01-02-18-00-00", "latency": 5}, {"date": "2022-01-02-02-00-00", "latency": 91}]}, {"location": {"country_code": "mx"}, "game_id": "319965", "values": [{"date": "2022-01-02-07-00-00", "latency": 70}, {"date": "2022-01-02-07-00-00", "latency": 70}, {"date": "2022-01-02-07-00-00", "latency": 70}, {"date": "2022-01-02-07-00-00", "latency": 70}, {"date": "2022-01-02-07-00-00", "latency": 70}, {"date": "2022-01-02-07-00-00", "latency": 70}, {"date": "2022-01-02-07-00-00", "latency": 70}, {"date": "2022-01-02-07-00-00", "latency": 70}]}, {"location": {"country_code": "us", "region": "Maryland"}, "game_id": "319965", "values": [{"date": "2022-01-02-03-00-00", "latency": 30}]}, {"location": {"country_code": "fr", "region": "Ile-de-France Region", "city": "Paris"}, "game_id": "319965", "values": [{"date": "2022-01-02-19-00-00", "latency": 4}, {"date": "2022-01-02-19-00-00", "latency": 4}]}, {"location": {"country_code": "us", "region": "Rhode Island"}, "game_id": "319965", "values": [{"date": "2022-01-02-03-00-00", "latency": 50}]}, {"location": {"country_code": "es", "region": "Galicia", "city": "Vigo"}, "game_id": "319965", "values": [{"date": "2022-01-02-01-00-00", "latency": 2}]}, {"location": {"country_code": "es", "region": "Valencia", "city": "Gandia"}, "game_id": "319965", "values": [{"date": "2022-01-02-12-00-00", "latency": 50}, {"date": "2022-01-02-12-00-00", "latency": 50}]}, {"location": {"country_code": "us", "region": "California", "city": "Compton"}, "game_id": "319965", "values": [{"date": "2022-01-02-07-00-00", "latency": 85}, {"date": "2022-01-02-07-00-00", "latency": 85}, {"date": "2022-01-02-07-00-00", "latency": 85}]}], "last_updated": 1719919352.353516}