{"data": [{"location": {"country_code": "us"}, "game_id": "135305", "values": [{"date": "2022-04-07-03-00-00", "alternatives": ["77", "17", "77"]}, {"date": "2022-04-07-06-00-00", "alternatives": ["39", "68", "39"]}, {"date": "2022-04-07-22-00-00", "alternatives": ["57", "67", "57"]}, {"date": "2022-04-07-22-00-00", "alternatives": ["57", "67", "57"]}, {"date": "2022-04-07-07-00-00", "alternatives": ["39", "68", "39"]}, {"date": "2022-04-07-07-00-00", "alternatives": ["39", "68", "39"]}, {"date": "2022-04-07-07-00-00", "alternatives": ["39", "68", "39"]}, {"date": "2022-04-07-19-00-00", "alternatives": ["25", "26", "26"]}, {"date": "2022-04-07-03-00-00", "alternatives": ["865", "86", "86"]}]}, {"location": {"country_code": "us", "region": "Illinois", "city": "Chicago"}, "game_id": "135305", "values": [{"date": "2022-04-07-02-00-00", "alternatives": ["3", "30", "3"]}]}, {"location": {"country_code": "us", "region": "New York", "city": "Jamestown"}, "game_id": "135305", "values": [{"date": "2022-04-07-04-00-00", "alternatives": ["20", "21", "20"]}]}, {"location": {"country_code": "gb"}, "game_id": "135305", "values": [{"date": "2022-04-08-00-00-00", "alternatives": ["56", "50", "56"]}, {"date": "2022-04-08-00-00-00", "alternatives": ["56", "50", "56"]}]}, {"location": {"country_code": "gb", "region": "England"}, "game_id": "135305", "values": [{"date": "2022-04-07-23-00-00", "alternatives": ["38", "38", "380"]}, {"date": "2022-04-07-23-00-00", "alternatives": ["38", "38", "380"]}, {"date": "2022-04-07-23-00-00", "alternatives": ["38", "38", "380"]}, {"date": "2022-04-07-19-00-00", "alternatives": ["91", "97", "97"]}, {"date": "2022-04-07-19-00-00", "alternatives": ["91", "97", "97"]}, {"date": "2022-04-07-19-00-00", "alternatives": ["35", "36", "36"]}, {"date": "2022-04-07-22-00-00", "alternatives": ["233", "33", "33"]}]}, {"location": {"country_code": "th"}, "game_id": "135305", "values": [{"date": "2022-04-07-04-00-00", "alternatives": ["118", "118", "88"]}]}, {"location": {"country_code": "pa"}, "game_id": "135305", "values": [{"date": "2022-04-07-06-00-00", "alternatives": ["8", "4", "4"]}, {"date": "2022-04-07-06-00-00", "alternatives": ["8", "4", "4"]}, {"date": "2022-04-07-06-00-00", "alternatives": ["8", "4", "4"]}, {"date": "2022-04-07-06-00-00", "alternatives": ["8", "4", "4"]}, {"date": "2022-04-07-06-00-00", "alternatives": ["8", "4", "4"]}]}, {"location": {"country_code": "nl"}, "game_id": "135305", "values": [{"date": "2022-04-07-12-00-00", "alternatives": ["9", "9", "19"]}]}, {"location": {"country_code": "ro"}, "game_id": "135305", "values": [{"date": "2022-04-07-18-00-00", "alternatives": ["29", "20", "29"]}, {"date": "2022-04-07-17-00-00", "alternatives": ["18", "48", "48"]}, {"date": "2022-04-07-17-00-00", "alternatives": ["18", "48", "48"]}, {"date": "2022-04-07-17-00-00", "alternatives": ["18", "48", "48"]}]}, {"location": {"country_code": "za"}, "game_id": "135305", "values": [{"date": "2022-04-07-21-00-00", "alternatives": [251, 2, 251, 251]}]}, {"location": {"country_code": "jp"}, "game_id": "135305", "values": [{"date": "2022-04-07-07-00-00", "alternatives": ["189", "681", "189"]}, {"date": "2022-04-07-07-00-00", "alternatives": ["189", "681", "189"]}, {"date": "2022-04-07-15-00-00", "alternatives": ["3", "8", "8"]}, {"date": "2022-04-08-00-00-00", "alternatives": ["144", "144", "1434"]}]}, {"location": {"country_code": "jp", "region": "Hiroshima"}, "game_id": "135305", "values": [{"date": "2022-04-07-19-00-00", "alternatives": ["235", "23", "23"]}]}, {"location": {"country_code": "jp", "region": "Nagoya"}, "game_id": "135305", "values": [{"date": "2022-04-07-05-00-00", "alternatives": ["86", "86", "66"]}, {"date": "2022-04-07-05-00-00", "alternatives": ["86", "86", "66"]}]}, {"location": {"country_code": "ca"}, "game_id": "135305", "values": [{"date": "2022-04-07-05-00-00", "alternatives": ["10", "40", "40"]}, {"date": "2022-04-07-17-00-00", "alternatives": ["10", "40", "40"]}, {"date": "2022-04-07-10-00-00", "alternatives": ["85", "8", "8"]}, {"date": "2022-04-07-10-00-00", "alternatives": ["85", "8", "8"]}]}, {"location": {"country_code": "tw"}, "game_id": "135305", "values": [{"date": "2022-04-07-15-00-00", "alternatives": ["15", "45", "45"]}]}, {"location": {"country_code": "br", "region": "Parana", "city": "Araucaria"}, "game_id": "135305", "values": [{"date": "2022-04-07-19-00-00", "alternatives": ["1435", "143", "143"]}]}, {"location": {"country_code": "cl"}, "game_id": "135305", "values": [{"date": "2022-04-07-05-00-00", "alternatives": ["173", "173", "113"]}, {"date": "2022-04-07-05-00-00", "alternatives": ["90", "0", "0"]}, {"date": "2022-04-07-03-00-00", "alternatives": ["13", "43", "43"]}, {"date": "2022-04-07-03-00-00", "alternatives": ["13", "43", "43"]}, {"date": "2022-04-07-03-00-00", "alternatives": ["13", "43", "43"]}]}, {"location": {"country_code": "us", "region": "Florida"}, "game_id": "135305", "values": [{"date": "2022-04-07-06-00-00", "alternatives": ["36", "86", "36"]}]}, {"location": {"country_code": "ph"}, "game_id": "135305", "values": [{"date": "2022-04-07-16-00-00", "alternatives": ["73", "78", "73"]}, {"date": "2022-04-07-16-00-00", "alternatives": ["73", "78", "73"]}, {"date": "2022-04-07-12-00-00", "alternatives": ["7", "90", "90"]}, {"date": "2022-04-07-12-00-00", "alternatives": ["7", "90", "90"]}, {"date": "2022-04-07-12-00-00", "alternatives": ["7", "90", "90"]}, {"date": "2022-04-07-14-00-00", "alternatives": ["135", "13", "13"]}, {"date": "2022-04-07-18-00-00", "alternatives": ["0", "65", "65"]}, {"date": "2022-04-07-18-00-00", "alternatives": ["0", "65", "65"]}, {"date": "2022-04-07-10-00-00", "alternatives": [56, 67, 66, 66, 66]}, {"date": "2022-04-07-10-00-00", "alternatives": ["189", "189", "19"]}, {"date": "2022-04-07-10-00-00", "alternatives": ["189", "189", "19"]}, {"date": "2022-04-07-10-00-00", "alternatives": ["189", "189", "19"]}, {"date": "2022-04-07-07-00-00", "alternatives": ["6", "96", "6"]}]}, {"location": {"country_code": "ph", "region": "National Capital Region", "city": "Quezon City"}, "game_id": "135305", "values": [{"date": "2022-04-07-14-00-00", "alternatives": ["500", "50", "50"]}, {"date": "2022-04-07-21-00-00", "alternatives": ["52", "52", "82"]}, {"date": "2022-04-07-21-00-00", "alternatives": ["52", "52", "82"]}, {"date": "2022-04-07-21-00-00", "alternatives": ["52", "52", "82"]}, {"date": "2022-04-07-21-00-00", "alternatives": ["52", "52", "82"]}]}, {"location": {"country_code": "fr"}, "game_id": "135305", "values": [{"date": "2022-04-07-14-00-00", "alternatives": ["21", "20", "21"]}, {"date": "2022-04-07-17-00-00", "alternatives": [78, 18, 18, 18]}, {"date": "2022-04-07-21-00-00", "alternatives": ["235", "23", "23"]}]}, {"location": {"country_code": "fr", "region": "Upper Normandy Region"}, "game_id": "135305", "values": [{"date": "2022-04-07-15-00-00", "alternatives": ["92", "32", "32"]}, {"date": "2022-04-07-15-00-00", "alternatives": ["92", "32", "32"]}]}, {"location": {"country_code": "us", "region": "New Jersey"}, "game_id": "135305", "values": [{"date": "2022-04-07-06-00-00", "alternatives": ["1", "15", "1"]}, {"date": "2022-04-07-06-00-00", "alternatives": ["1", "15", "1"]}, {"date": "2022-04-07-06-00-00", "alternatives": ["1", "15", "1"]}, {"date": "2022-04-07-04-00-00", "alternatives": ["2", "2", "12"]}]}, {"location": {"country_code": "mx"}, "game_id": "135305", "values": [{"date": "2022-04-07-09-00-00", "alternatives": ["72", "72", "12"]}, {"date": "2022-04-07-07-00-00", "alternatives": ["46", "66", "66"]}, {"date": "2022-04-07-08-00-00", "alternatives": ["89", "9", "9"]}, {"date": "2022-04-07-08-00-00", "alternatives": ["89", "9", "9"]}, {"date": "2022-04-07-08-00-00", "alternatives": ["89", "9", "9"]}, {"date": "2022-04-07-08-00-00", "alternatives": ["89", "9", "9"]}, {"date": "2022-04-07-08-00-00", "alternatives": ["89", "9", "9"]}, {"date": "2022-04-07-08-00-00", "alternatives": ["89", "9", "9"]}, {"date": "2022-04-07-08-00-00", "alternatives": ["89", "9", "9"]}, {"date": "2022-04-07-08-00-00", "alternatives": ["89", "9", "9"]}, {"date": "2022-04-07-08-00-00", "alternatives": ["89", "9", "9"]}, {"date": "2022-04-07-22-00-00", "alternatives": ["68", "89", "68"]}, {"date": "2022-04-07-05-00-00", "alternatives": ["2", "112", "2"]}, {"date": "2022-04-07-05-00-00", "alternatives": ["2", "112", "2"]}, {"date": "2022-04-07-05-00-00", "alternatives": ["2", "112", "2"]}, {"date": "2022-04-07-05-00-00", "alternatives": ["2", "112", "2"]}, {"date": "2022-04-07-05-00-00", "alternatives": ["2", "112", "2"]}]}, {"location": {"country_code": "us", "region": "Ohio"}, "game_id": "135305", "values": [{"date": "2022-04-08-01-00-00", "alternatives": ["60", "6", "6"]}, {"date": "2022-04-08-01-00-00", "alternatives": ["60", "6", "6"]}]}, {"location": {"country_code": "mx", "region": "Mexico City"}, "game_id": "135305", "values": [{"date": "2022-04-07-09-00-00", "alternatives": ["91", "5", "91"]}]}, {"location": {"country_code": "us", "region": "California"}, "game_id": "135305", "values": [{"date": "2022-04-07-12-00-00", "alternatives": ["765", "76", "76"]}, {"date": "2022-04-07-03-00-00", "alternatives": [78, 98, 8, 78, 78]}]}, {"location": {"country_code": "br"}, "game_id": "135305", "values": [{"date": "2022-04-08-01-00-00", "alternatives": ["6", "6", "168"]}, {"date": "2022-04-07-03-00-00", "alternatives": ["48", "48", "148"]}, {"date": "2022-04-07-03-00-00", "alternatives": ["48", "48", "148"]}, {"date": "2022-04-07-03-00-00", "alternatives": ["1955", "195", "195"]}, {"date": "2022-04-07-03-00-00", "alternatives": ["1955", "195", "195"]}, {"date": "2022-04-07-03-00-00", "alternatives": ["1955", "195", "195"]}, {"date": "2022-04-07-02-00-00", "alternatives": ["161", "16", "16"]}, {"date": "2022-04-07-02-00-00", "alternatives": ["161", "16", "16"]}, {"date": "2022-04-07-02-00-00", "alternatives": ["161", "16", "16"]}]}, {"location": {"country_code": "br", "region": "Estado de Bahia", "city": "Malhada"}, "game_id": "135305", "values": [{"date": "2022-04-07-20-00-00", "alternatives": ["1535", "153", "153"]}]}, {"location": {"country_code": "br", "region": "Sao Paulo", "city": "Apiai"}, "game_id": "135305", "values": [{"date": "2022-04-07-03-00-00", "alternatives": ["12", "12", "124"]}, {"date": "2022-04-08-01-00-00", "alternatives": ["43", "143", "43"]}, {"date": "2022-04-08-01-00-00", "alternatives": ["43", "143", "43"]}, {"date": "2022-04-08-02-00-00", "alternatives": ["1720", "17210", "1720"]}, {"date": "2022-04-08-00-00-00", "alternatives": ["16", "15", "15"]}, {"date": "2022-04-08-00-00-00", "alternatives": ["16", "15", "15"]}, {"date": "2022-04-08-00-00-00", "alternatives": ["16", "15", "15"]}, {"date": "2022-04-08-00-00-00", "alternatives": ["16", "15", "15"]}, {"date": "2022-04-08-00-00-00", "alternatives": ["16", "15", "15"]}, {"date": "2022-04-08-00-00-00", "alternatives": ["16", "15", "15"]}, {"date": "2022-04-08-00-00-00", "alternatives": ["126", "120", "126"]}, {"date": "2022-04-08-00-00-00", "alternatives": ["126", "120", "126"]}, {"date": "2022-04-08-00-00-00", "alternatives": ["126", "120", "126"]}, {"date": "2022-04-07-22-00-00", "alternatives": ["3", "3", "300"]}, {"date": "2022-04-07-22-00-00", "alternatives": ["3", "3", "300"]}]}, {"location": {"country_code": "se"}, "game_id": "135305", "values": [{"date": "2022-04-07-15-00-00", "alternatives": ["33", "33", "331"]}]}, {"location": {"country_code": "us", "region": "California", "city": "East Los Angeles"}, "game_id": "135305", "values": [{"date": "2022-04-07-11-00-00", "alternatives": ["81", "8", "8"]}, {"date": "2022-04-07-11-00-00", "alternatives": ["81", "8", "8"]}, {"date": "2022-04-07-11-00-00", "alternatives": ["81", "8", "8"]}, {"date": "2022-04-07-11-00-00", "alternatives": ["81", "8", "8"]}, {"date": "2022-04-07-11-00-00", "alternatives": ["81", "8", "8"]}, {"date": "2022-04-07-04-00-00", "alternatives": ["82", "5", "82"]}, {"date": "2022-04-07-07-00-00", "alternatives": ["77", "17", "77"]}, {"date": "2022-04-07-07-00-00", "alternatives": ["77", "17", "77"]}]}, {"location": {"country_code": "us", "region": "Nevada", "city": "Las Vegas"}, "game_id": "135305", "values": [{"date": "2022-04-07-04-00-00", "alternatives": ["79", "9", "9"]}, {"date": "2022-04-07-04-00-00", "alternatives": ["76", "16", "76"]}]}, {"location": {"country_code": "us", "region": "California", "city": "Santa Monica"}, "game_id": "135305", "values": [{"date": "2022-04-07-23-00-00", "alternatives": ["81", "83", "83"]}, {"date": "2022-04-07-23-00-00", "alternatives": ["81", "83", "83"]}]}, {"location": {"country_code": "ec"}, "game_id": "135305", "values": [{"date": "2022-04-08-01-00-00", "alternatives": ["90", "06", "90"]}]}, {"location": {"country_code": "au"}, "game_id": "135305", "values": [{"date": "2022-04-07-14-00-00", "alternatives": ["27", "207", "207"]}, {"date": "2022-04-07-13-00-00", "alternatives": ["155", "155", "156"]}]}, {"location": {"country_code": "au", "region": "Victoria", "city": "Melbourne"}, "game_id": "135305", "values": [{"date": "2022-04-07-10-00-00", "alternatives": ["7", "245", "245"]}]}, {"location": {"country_code": "us", "region": "Texas", "city": "Austin"}, "game_id": "135305", "values": [{"date": "2022-04-07-07-00-00", "alternatives": ["19", "49", "49"]}, {"date": "2022-04-07-07-00-00", "alternatives": ["19", "49", "49"]}, {"date": "2022-04-07-07-00-00", "alternatives": ["19", "49", "49"]}, {"date": "2022-04-07-07-00-00", "alternatives": ["19", "49", "49"]}, {"date": "2022-04-07-07-00-00", "alternatives": ["19", "49", "49"]}, {"date": "2022-04-07-07-00-00", "alternatives": ["19", "49", "49"]}, {"date": "2022-04-07-07-00-00", "alternatives": ["19", "49", "49"]}, {"date": "2022-04-07-07-00-00", "alternatives": ["19", "49", "49"]}]}, {"location": {"country_code": "es", "region": "Madrid", "city": "Parla"}, "game_id": "135305", "values": [{"date": "2022-04-07-22-00-00", "alternatives": ["2", "2", "32"]}, {"date": "2022-04-07-22-00-00", "alternatives": ["2", "2", "32"]}, {"date": "2022-04-07-22-00-00", "alternatives": ["2", "2", "32"]}, {"date": "2022-04-07-22-00-00", "alternatives": ["2", "2", "32"]}, {"date": "2022-04-07-22-00-00", "alternatives": ["2", "2", "32"]}, {"date": "2022-04-07-19-00-00", "alternatives": ["85", "35", "35"]}]}, {"location": {"country_code": "dk"}, "game_id": "135305", "values": [{"date": "2022-04-07-20-00-00", "alternatives": ["13", "3", "3"]}]}, {"location": {"country_code": "us", "region": "Iowa"}, "game_id": "135305", "values": [{"date": "2022-04-07-22-00-00", "alternatives": ["66", "66", "56"]}]}, {"location": {"country_code": "ca", "region": "Ontario"}, "game_id": "135305", "values": [{"date": "2022-04-07-22-00-00", "alternatives": ["29", "29", "20"]}]}, {"location": {"country_code": "us", "region": "Pennsylvania", "city": "Philadelphia"}, "game_id": "135305", "values": [{"date": "2022-04-07-10-00-00", "alternatives": ["19", "6", "19"]}, {"date": "2022-04-07-10-00-00", "alternatives": ["19", "6", "19"]}, {"date": "2022-04-07-10-00-00", "alternatives": ["19", "6", "19"]}, {"date": "2022-04-07-10-00-00", "alternatives": ["19", "6", "19"]}]}, {"location": {"country_code": "es"}, "game_id": "135305", "values": [{"date": "2022-04-07-22-00-00", "alternatives": ["140", "40", "40"]}, {"date": "2022-04-07-22-00-00", "alternatives": ["140", "40", "40"]}, {"date": "2022-04-07-22-00-00", "alternatives": ["140", "40", "40"]}, {"date": "2022-04-07-22-00-00", "alternatives": ["140", "40", "40"]}, {"date": "2022-04-07-22-00-00", "alternatives": ["140", "40", "40"]}, {"date": "2022-04-07-22-00-00", "alternatives": ["140", "40", "40"]}, {"date": "2022-04-07-22-00-00", "alternatives": ["140", "40", "40"]}, {"date": "2022-04-08-00-00-00", "alternatives": ["35", "35", "30"]}]}, {"location": {"country_code": "ar"}, "game_id": "135305", "values": [{"date": "2022-04-07-23-00-00", "alternatives": ["9", "9", "197"]}, {"date": "2022-04-07-23-00-00", "alternatives": ["19", "49", "49"]}]}, {"location": {"country_code": "vn"}, "game_id": "135305", "values": [{"date": "2022-04-07-12-00-00", "alternatives": ["90", "06", "90"]}]}, {"location": {"country_code": "fi"}, "game_id": "135305", "values": [{"date": "2022-04-07-21-00-00", "alternatives": ["1", "44", "44"]}, {"date": "2022-04-07-21-00-00", "alternatives": ["1", "44", "44"]}, {"date": "2022-04-07-21-00-00", "alternatives": ["1", "44", "44"]}, {"date": "2022-04-07-18-00-00", "alternatives": ["8", "8", "48"]}, {"date": "2022-04-07-18-00-00", "alternatives": ["8", "8", "48"]}, {"date": "2022-04-07-22-00-00", "alternatives": ["57", "578", "57"]}, {"date": "2022-04-07-22-00-00", "alternatives": ["57", "578", "57"]}, {"date": "2022-04-07-22-00-00", "alternatives": ["57", "578", "57"]}, {"date": "2022-04-07-22-00-00", "alternatives": ["57", "578", "57"]}, {"date": "2022-04-07-11-00-00", "alternatives": ["59", "25", "59"]}]}, {"location": {"country_code": "ca", "region": "Alberta"}, "game_id": "135305", "values": [{"date": "2022-04-07-22-00-00", "alternatives": ["89", "68", "89"]}, {"date": "2022-04-07-02-00-00", "alternatives": ["59", "69", "59"]}]}, {"location": {"country_code": "ar", "region": "Buenos Aires F.D.", "city": "Bahia Blanca"}, "game_id": "135305", "values": [{"date": "2022-04-07-05-00-00", "alternatives": ["159", "20", "159"]}]}, {"location": {"country_code": "jp", "region": "Tokyo"}, "game_id": "135305", "values": [{"date": "2022-04-07-20-00-00", "alternatives": ["74", "17", "74"]}]}, {"location": {"country_code": "us", "region": "Texas", "city": "Houston"}, "game_id": "135305", "values": [{"date": "2022-04-07-12-00-00", "alternatives": ["42", "42", "422"]}]}, {"location": {"country_code": "co"}, "game_id": "135305", "values": [{"date": "2022-04-07-03-00-00", "alternatives": ["16", "116", "16"]}, {"date": "2022-04-07-03-00-00", "alternatives": ["16", "116", "16"]}]}, {"location": {"country_code": "us", "region": "Arizona"}, "game_id": "135305", "values": [{"date": "2022-04-07-04-00-00", "alternatives": ["90", "06", "90"]}, {"date": "2022-04-07-04-00-00", "alternatives": ["68", "89", "68"]}]}, {"location": {"country_code": "es", "region": "Catalonia", "city": "l'Hospitalet de Llobregat"}, "game_id": "135305", "values": [{"date": "2022-04-07-22-00-00", "alternatives": ["49", "6", "49"]}]}, {"location": {"country_code": "pl"}, "game_id": "135305", "values": [{"date": "2022-04-07-21-00-00", "alternatives": ["36", "30", "36"]}, {"date": "2022-04-07-19-00-00", "alternatives": ["61", "6", "6"]}, {"date": "2022-04-07-19-00-00", "alternatives": ["61", "6", "6"]}, {"date": "2022-04-07-23-00-00", "alternatives": ["8", "4", "4"]}, {"date": "2022-04-07-23-00-00", "alternatives": ["8", "4", "4"]}, {"date": "2022-04-07-11-00-00", "alternatives": ["33", "83", "33"]}, {"date": "2022-04-07-20-00-00", "alternatives": ["29", "29", "290"]}]}, {"location": {"country_code": "br", "region": "Minas Gerais", "city": "Passos"}, "game_id": "135305", "values": [{"date": "2022-04-08-00-00-00", "alternatives": ["144", "4", "4"]}, {"date": "2022-04-08-00-00-00", "alternatives": ["144", "4", "4"]}]}, {"location": {"country_code": "br", "region": "Rondonia"}, "game_id": "135305", "values": [{"date": "2022-04-08-01-00-00", "alternatives": ["1985", "198", "198"]}, {"date": "2022-04-08-01-00-00", "alternatives": ["1985", "198", "198"]}]}, {"location": {"country_code": "sg"}, "game_id": "135305", "values": [{"date": "2022-04-07-10-00-00", "alternatives": ["91", "16", "91"]}, {"date": "2022-04-07-10-00-00", "alternatives": ["91", "16", "91"]}, {"date": "2022-04-07-13-00-00", "alternatives": ["75", "15", "75"]}, {"date": "2022-04-07-13-00-00", "alternatives": ["75", "15", "75"]}, {"date": "2022-04-07-11-00-00", "alternatives": ["82", "822", "82"]}, {"date": "2022-04-07-16-00-00", "alternatives": ["76", "75", "75"]}]}, {"location": {"country_code": "ca", "region": "Ontario", "city": "Toronto"}, "game_id": "135305", "values": [{"date": "2022-04-07-22-00-00", "alternatives": ["3", "31", "3"]}]}, {"location": {"country_code": "do", "region": "Nacional"}, "game_id": "135305", "values": [{"date": "2022-04-07-03-00-00", "alternatives": ["611", "61", "61"]}]}, {"location": {"country_code": "ru"}, "game_id": "135305", "values": [{"date": "2022-04-07-15-00-00", "alternatives": ["77", "17", "77"]}]}, {"location": {"country_code": "my"}, "game_id": "135305", "values": [{"date": "2022-04-07-09-00-00", "alternatives": ["93", "6", "93"]}, {"date": "2022-04-07-12-00-00", "alternatives": ["89", "68", "89"]}, {"date": "2022-04-07-12-00-00", "alternatives": ["89", "68", "89"]}, {"date": "2022-04-07-12-00-00", "alternatives": ["89", "68", "89"]}, {"date": "2022-04-07-12-00-00", "alternatives": ["89", "68", "89"]}, {"date": "2022-04-07-12-00-00", "alternatives": ["89", "68", "89"]}, {"date": "2022-04-07-12-00-00", "alternatives": ["89", "68", "89"]}]}, {"location": {"country_code": "id"}, "game_id": "135305", "values": [{"date": "2022-04-07-15-00-00", "alternatives": ["97", "07", "07"]}, {"date": "2022-04-07-09-00-00", "alternatives": ["106", "105", "106"]}, {"date": "2022-04-07-08-00-00", "alternatives": ["99", "66", "99"]}, {"date": "2022-04-07-15-00-00", "alternatives": ["2", "90", "90"]}]}, {"location": {"country_code": "us", "region": "Illinois"}, "game_id": "135305", "values": [{"date": "2022-04-07-19-00-00", "alternatives": ["37", "47", "47"]}, {"date": "2022-04-07-19-00-00", "alternatives": ["37", "47", "47"]}]}, {"location": {"country_code": "pt", "region": "Braga District", "city": "Vila Nova de Famalicao"}, "game_id": "135305", "values": [{"date": "2022-04-08-00-00-00", "alternatives": ["49", "6", "49"]}]}, {"location": {"country_code": "us", "region": "Colorado"}, "game_id": "135305", "values": [{"date": "2022-04-07-04-00-00", "alternatives": ["85", "5", "5"]}, {"date": "2022-04-07-04-00-00", "alternatives": ["85", "5", "5"]}, {"date": "2022-04-07-04-00-00", "alternatives": ["85", "5", "5"]}]}, {"location": {"country_code": "br", "region": "State of Rio de Janeiro", "city": "Angra dos Reis"}, "game_id": "135305", "values": [{"date": "2022-04-07-04-00-00", "alternatives": ["118", "18", "18"]}, {"date": "2022-04-07-04-00-00", "alternatives": ["118", "18", "18"]}, {"date": "2022-04-07-04-00-00", "alternatives": ["118", "18", "18"]}, {"date": "2022-04-07-02-00-00", "alternatives": ["8", "8", "148"]}, {"date": "2022-04-08-01-00-00", "alternatives": ["125", "25", "25"]}, {"date": "2022-04-08-01-00-00", "alternatives": ["125", "25", "25"]}, {"date": "2022-04-08-01-00-00", "alternatives": ["125", "25", "25"]}, {"date": "2022-04-08-01-00-00", "alternatives": ["125", "25", "25"]}, {"date": "2022-04-08-01-00-00", "alternatives": ["125", "25", "25"]}, {"date": "2022-04-08-01-00-00", "alternatives": ["125", "25", "25"]}, {"date": "2022-04-08-01-00-00", "alternatives": ["125", "25", "25"]}, {"date": "2022-04-08-01-00-00", "alternatives": ["125", "25", "25"]}, {"date": "2022-04-08-01-00-00", "alternatives": ["125", "25", "25"]}, {"date": "2022-04-08-01-00-00", "alternatives": ["125", "25", "25"]}, {"date": "2022-04-08-01-00-00", "alternatives": ["125", "25", "25"]}]}, {"location": {"country_code": "es", "region": "Galicia"}, "game_id": "135305", "values": [{"date": "2022-04-07-21-00-00", "alternatives": ["66", "66", "55"]}]}, {"location": {"country_code": "us", "region": "Tennessee"}, "game_id": "135305", "values": [{"date": "2022-04-07-12-00-00", "alternatives": [51, 5, 51, 51]}, {"date": "2022-04-07-12-00-00", "alternatives": [51, 5, 51, 51]}]}, {"location": {"country_code": "ar", "region": "Central Chaco"}, "game_id": "135305", "values": [{"date": "2022-04-08-02-00-00", "alternatives": ["184", "43", "184"]}]}, {"location": {"country_code": "us", "region": "Florida", "city": "Miami"}, "game_id": "135305", "values": [{"date": "2022-04-07-09-00-00", "alternatives": ["66", "60", "66"]}]}, {"location": {"country_code": "sv"}, "game_id": "135305", "values": [{"date": "2022-04-07-08-00-00", "alternatives": ["2", "12", "2"]}, {"date": "2022-04-07-08-00-00", "alternatives": ["2", "12", "2"]}, {"date": "2022-04-07-08-00-00", "alternatives": ["2", "12", "2"]}]}, {"location": {"country_code": "fr", "region": "Ile-de-France Region", "city": "Paris"}, "game_id": "135305", "values": [{"date": "2022-04-07-15-00-00", "alternatives": ["15", "1", "1"]}]}, {"location": {"country_code": "de", "region": "Bavaria", "city": "Nuremberg"}, "game_id": "135305", "values": [{"date": "2022-04-07-23-00-00", "alternatives": ["22", "27", "22"]}, {"date": "2022-04-07-23-00-00", "alternatives": ["22", "27", "22"]}]}, {"location": {"country_code": "pe", "region": "Lima region", "city": "Lima"}, "game_id": "135305", "values": [{"date": "2022-04-08-01-00-00", "alternatives": ["90", "06", "90"]}, {"date": "2022-04-07-05-00-00", "alternatives": ["99", "66", "99"]}, {"date": "2022-04-07-05-00-00", "alternatives": ["99", "66", "99"]}]}, {"location": {"country_code": "pt", "region": "Lisbon District", "city": "Amadora"}, "game_id": "135305", "values": [{"date": "2022-04-07-15-00-00", "alternatives": ["9", "91", "9"]}, {"date": "2022-04-07-15-00-00", "alternatives": ["9", "91", "9"]}, {"date": "2022-04-07-15-00-00", "alternatives": ["9", "91", "9"]}, {"date": "2022-04-07-15-00-00", "alternatives": ["9", "91", "9"]}, {"date": "2022-04-07-15-00-00", "alternatives": ["9", "91", "9"]}]}, {"location": {"country_code": "ca", "region": "Manitoba", "city": "Winnipeg"}, "game_id": "135305", "values": [{"date": "2022-04-07-06-00-00", "alternatives": ["45", "45", "485"]}]}, {"location": {"country_code": "ca", "region": "British Columbia", "city": "Richmond"}, "game_id": "135305", "values": [{"date": "2022-04-07-11-00-00", "alternatives": ["135", "135", "1356"]}, {"date": "2022-04-07-06-00-00", "alternatives": ["72", "79", "79"]}, {"date": "2022-04-07-06-00-00", "alternatives": ["72", "79", "79"]}]}, {"location": {"country_code": "us", "region": "Texas", "city": "Irving"}, "game_id": "135305", "values": [{"date": "2022-04-07-09-00-00", "alternatives": ["41", "41", "43"]}, {"date": "2022-04-07-09-00-00", "alternatives": ["41", "41", "43"]}, {"date": "2022-04-07-09-00-00", "alternatives": ["41", "41", "43"]}]}, {"location": {"country_code": "lv"}, "game_id": "135305", "values": [{"date": "2022-04-07-19-00-00", "alternatives": ["28", "82", "28"]}, {"date": "2022-04-07-19-00-00", "alternatives": ["28", "82", "28"]}]}, {"location": {"country_code": "br", "region": "Federal District"}, "game_id": "135305", "values": [{"date": "2022-04-08-00-00-00", "alternatives": ["15", "135", "135"]}]}, {"location": {"country_code": "fr", "region": "Nord-Passo di Calais-Piccardia", "city": "Lille"}, "game_id": "135305", "values": [{"date": "2022-04-07-22-00-00", "alternatives": ["213", "24", "24"]}]}, {"location": {"country_code": "us", "region": "Washington", "city": "Seattle"}, "game_id": "135305", "values": [{"date": "2022-04-07-09-00-00", "alternatives": ["83", "88", "83"]}]}, {"location": {"country_code": "br", "region": "Sao Paulo", "city": "Jacarei"}, "game_id": "135305", "values": [{"date": "2022-04-07-23-00-00", "alternatives": ["1330", "133", "133"]}, {"date": "2022-04-07-23-00-00", "alternatives": ["1330", "133", "133"]}]}, {"location": {"country_code": "br", "region": "Rio Grande do Norte", "city": "Natal"}, "game_id": "135305", "values": [{"date": "2022-04-07-05-00-00", "alternatives": ["99", "866", "99"]}]}, {"location": {"country_code": "br", "region": "Sao Paulo", "city": "Varzea Paulista"}, "game_id": "135305", "values": [{"date": "2022-04-08-02-00-00", "alternatives": ["4129", "129", "129"]}]}, {"location": {"country_code": "ar", "region": "Neuquen Province"}, "game_id": "135305", "values": [{"date": "2022-04-08-02-00-00", "alternatives": ["78", "178", "78"]}]}, {"location": {"country_code": "br", "region": "Parana", "city": "Umuarama"}, "game_id": "135305", "values": [{"date": "2022-04-07-20-00-00", "alternatives": ["152", "152", "192"]}]}, {"location": {"country_code": "us", "region": "New York", "city": "Albany"}, "game_id": "135305", "values": [{"date": "2022-04-07-05-00-00", "alternatives": ["39", "68", "39"]}]}, {"location": {"country_code": "ru", "region": "Vladimir Oblast", "city": "Vladimir"}, "game_id": "135305", "values": [{"date": "2022-04-07-09-00-00", "alternatives": ["16", "46", "46"]}]}, {"location": {"country_code": "fr", "region": "Alsazia-Champagne-Ardenne-Lorena", "city": "Strasbourg"}, "game_id": "135305", "values": [{"date": "2022-04-07-12-00-00", "alternatives": ["10", "40", "40"]}, {"date": "2022-04-07-12-00-00", "alternatives": ["10", "40", "40"]}]}, {"location": {"country_code": "br", "region": "Espirito Santo", "city": "Vila Velha"}, "game_id": "135305", "values": [{"date": "2022-04-07-16-00-00", "alternatives": ["3", "3", "133"]}, {"date": "2022-04-07-16-00-00", "alternatives": ["3", "3", "133"]}, {"date": "2022-04-07-16-00-00", "alternatives": ["3", "3", "133"]}, {"date": "2022-04-07-16-00-00", "alternatives": ["3", "3", "133"]}]}, {"location": {"country_code": "pl", "region": "Masovian Voivodeship", "city": "Warsaw"}, "game_id": "135305", "values": [{"date": "2022-04-07-21-00-00", "alternatives": ["28", "23", "28"]}]}, {"location": {"country_code": "es", "region": "Principality of Asturias"}, "game_id": "135305", "values": [{"date": "2022-04-07-21-00-00", "alternatives": ["55", "56", "55"]}]}, {"location": {"country_code": "br", "region": "Parana", "city": "Ponta Grossa"}, "game_id": "135305", "values": [{"date": "2022-04-07-22-00-00", "alternatives": ["1262", "126", "126"]}, {"date": "2022-04-07-22-00-00", "alternatives": ["1262", "126", "126"]}]}, {"location": {"country_code": "ad", "region": "Andorra la Vella", "city": "Andorra la Vella"}, "game_id": "135305", "values": [{"date": "2022-04-07-16-00-00", "alternatives": ["38", "88", "38"]}]}, {"location": {"country_code": "us", "region": "New Jersey", "city": "Newark"}, "game_id": "135305", "values": [{"date": "2022-04-07-07-00-00", "alternatives": ["0", "19", "19"]}, {"date": "2022-04-07-07-00-00", "alternatives": ["0", "19", "19"]}]}, {"location": {"country_code": "br", "region": "Santa Catarina", "city": "Brusque"}, "game_id": "135305", "values": [{"date": "2022-04-08-00-00-00", "alternatives": ["1285", "128", "128"]}]}, {"location": {"country_code": "us", "region": "Mississippi", "city": "Olive Branch"}, "game_id": "135305", "values": [{"date": "2022-04-08-00-00-00", "alternatives": ["13", "43", "43"]}, {"date": "2022-04-08-00-00-00", "alternatives": ["13", "43", "43"]}]}, {"location": {"country_code": "br", "region": "Sao Paulo", "city": "Mogi das Cruzes"}, "game_id": "135305", "values": [{"date": "2022-04-07-17-00-00", "alternatives": ["168", "18", "168"]}, {"date": "2022-04-07-17-00-00", "alternatives": ["168", "18", "168"]}]}, {"location": {"country_code": "th", "region": "Chiang Mai", "city": "Chiang Mai"}, "game_id": "135305", "values": [{"date": "2022-04-07-14-00-00", "alternatives": ["12", "112", "12"]}]}, {"location": {"country_code": "es", "region": "Andalusia", "city": "Ayamonte"}, "game_id": "135305", "values": [{"date": "2022-04-07-21-00-00", "alternatives": ["13", "13", "43"]}]}, {"location": {"country_code": "fr", "region": "Provence-Alpes-Cote d'Azur Region", "city": "Nice"}, "game_id": "135305", "values": [{"date": "2022-04-07-18-00-00", "alternatives": ["20", "20", "30"]}]}, {"location": {"country_code": "mx", "region": "Sinaloa"}, "game_id": "135305", "values": [{"date": "2022-04-07-21-00-00", "alternatives": ["77", "17", "77"]}]}, {"location": {"country_code": "es", "region": "Castille-La Mancha", "city": "Albacete"}, "game_id": "135305", "values": [{"date": "2022-04-07-23-00-00", "alternatives": ["10", "40", "40"]}]}, {"location": {"country_code": "br", "region": "Ceara", "city": "Maracanau"}, "game_id": "135305", "values": [{"date": "2022-04-07-21-00-00", "alternatives": ["3", "3", "93"]}, {"date": "2022-04-07-21-00-00", "alternatives": ["3", "3", "93"]}]}, {"location": {"country_code": "cl", "region": "Santiago Metropolitan", "city": "Melipilla"}, "game_id": "135305", "values": [{"date": "2022-04-08-02-00-00", "alternatives": ["151", "11", "11"]}]}, {"location": {"country_code": "ro", "region": "Timis County", "city": "Timisoara"}, "game_id": "135305", "values": [{"date": "2022-04-07-22-00-00", "alternatives": ["10", "40", "40"]}, {"date": "2022-04-07-22-00-00", "alternatives": ["10", "40", "40"]}]}, {"location": {"country_code": "es", "region": "Canary Islands", "city": "Telde"}, "game_id": "135305", "values": [{"date": "2022-04-07-16-00-00", "alternatives": ["59", "69", "59"]}]}, {"location": {"country_code": "co", "region": "Norte de Santander Department", "city": "Cucuta"}, "game_id": "135305", "values": [{"date": "2022-04-08-02-00-00", "alternatives": ["99", "66", "99"]}]}, {"location": {"country_code": "br", "region": "Maranhao", "city": "Balsas"}, "game_id": "135305", "values": [{"date": "2022-04-07-23-00-00", "alternatives": ["20", "42", "42"]}, {"date": "2022-04-07-23-00-00", "alternatives": ["20", "42", "42"]}]}, {"location": {"country_code": "pl", "region": "odz Voivodeship"}, "game_id": "135305", "values": [{"date": "2022-04-07-19-00-00", "alternatives": ["77", "17", "77"]}]}, {"location": {"country_code": "ru", "region": "Khabarovsk Krai"}, "game_id": "135305", "values": [{"date": "2022-04-07-12-00-00", "alternatives": [2, 143, 143, 143, 153]}, {"date": "2022-04-07-12-00-00", "alternatives": [2, 143, 143, 143, 153]}, {"date": "2022-04-07-12-00-00", "alternatives": [2, 143, 143, 143, 153]}]}, {"location": {"country_code": "br", "region": "Ceara", "city": "Maranguape"}, "game_id": "135305", "values": [{"date": "2022-04-07-23-00-00", "alternatives": ["1035", "103", "103"]}, {"date": "2022-04-07-23-00-00", "alternatives": ["1035", "103", "103"]}, {"date": "2022-04-07-23-00-00", "alternatives": ["1035", "103", "103"]}, {"date": "2022-04-07-23-00-00", "alternatives": ["1035", "103", "103"]}, {"date": "2022-04-07-23-00-00", "alternatives": ["1035", "103", "103"]}]}, {"location": {"country_code": "fr", "region": "Ile-de-France Region", "city": "Bougival"}, "game_id": "135305", "values": [{"date": "2022-04-07-20-00-00", "alternatives": [265, 255, 255, 265, 255]}, {"date": "2022-04-07-20-00-00", "alternatives": [265, 255, 255, 265, 255]}, {"date": "2022-04-07-20-00-00", "alternatives": [265, 255, 255, 265, 255]}, {"date": "2022-04-07-20-00-00", "alternatives": [265, 255, 255, 265, 255]}, {"date": "2022-04-07-20-00-00", "alternatives": [265, 255, 255, 265, 255]}, {"date": "2022-04-07-20-00-00", "alternatives": [265, 255, 255, 265, 255]}]}, {"location": {"country_code": "us", "region": "Hawaii", "city": "Kaneohe"}, "game_id": "135305", "values": [{"date": "2022-04-07-13-00-00", "alternatives": ["124", "24", "24"]}, {"date": "2022-04-07-13-00-00", "alternatives": ["124", "24", "24"]}]}, {"location": {"country_code": "ph", "region": "Samar", "city": "Bahay"}, "game_id": "135305", "values": [{"date": "2022-04-07-10-00-00", "alternatives": ["5", "63", "63"]}, {"date": "2022-04-07-10-00-00", "alternatives": ["5", "63", "63"]}, {"date": "2022-04-07-10-00-00", "alternatives": ["5", "63", "63"]}]}], "last_updated": 1719918151.985246}