{"data": [{"location": {"country_code": "us"}, "game_id": "461764", "values": [{"date": "2023-10-01-20-00-00", "latency": 3}, {"date": "2023-10-01-20-00-00", "latency": 3}, {"date": "2023-10-01-04-00-00", "latency": 90}]}, {"location": {"country_code": "gr"}, "game_id": "461764", "values": [{"date": "2023-10-01-16-00-00", "latency": 3}]}, {"location": {"country_code": "jp"}, "game_id": "461764", "values": [{"date": "2023-10-01-10-00-00", "latency": 60}, {"date": "2023-10-01-10-00-00", "latency": 60}]}, {"location": {"country_code": "gb", "region": "England"}, "game_id": "461764", "values": [{"date": "2023-10-01-22-00-00", "latency": 4}, {"date": "2023-10-01-22-00-00", "latency": 4}, {"date": "2023-10-01-22-00-00", "latency": 4}, {"date": "2023-10-01-22-00-00", "latency": 4}, {"date": "2023-10-01-22-00-00", "latency": 4}]}, {"location": {"country_code": "cl"}, "game_id": "461764", "values": [{"date": "2023-10-01-06-00-00", "latency": 89}, {"date": "2023-10-01-06-00-00", "latency": 89}]}, {"location": {"country_code": "au"}, "game_id": "461764", "values": [{"date": "2023-10-01-08-00-00", "latency": 5}]}, {"location": {"country_code": "dk"}, "game_id": "461764", "values": [{"date": "2023-10-01-12-00-00", "latency": 1}]}, {"location": {"country_code": "us", "region": "Hawaii"}, "game_id": "461764", "values": [{"date": "2023-10-01-20-00-00", "latency": 3}]}, {"location": {"country_code": "ie"}, "game_id": "461764", "values": [{"date": "2023-10-01-21-00-00", "latency": 5}]}, {"location": {"country_code": "ua"}, "game_id": "461764", "values": [{"date": "2023-10-01-14-00-00", "latency": 5}, {"date": "2023-10-01-14-00-00", "latency": 5}, {"date": "2023-10-01-14-00-00", "latency": 5}]}, {"location": {"country_code": "id"}, "game_id": "461764", "values": [{"date": "2023-10-01-13-00-00", "latency": 3}, {"date": "2023-10-01-13-00-00", "latency": 3}]}, {"location": {"country_code": "us", "region": "Oklahoma"}, "game_id": "461764", "values": [{"date": "2023-10-01-05-00-00", "latency": 0}]}, {"location": {"country_code": "jp", "region": "Hiroshima"}, "game_id": "461764", "values": [{"date": "2023-10-01-10-00-00", "latency": 5}]}, {"location": {"country_code": "pl", "region": "Lesser Poland Voivodeship", "city": "Krakow"}, "game_id": "461764", "values": [{"date": "2023-10-01-22-00-00", "latency": 3}]}], "last_updated": 1719919372.918869}