{"data": [{"location": {"country_code": "si"}, "game_id": "118849", "values": [{"date": "2021-08-24-15-00-00", "latency": "40"}, {"date": "2021-08-24-15-00-00", "latency": "40"}, {"date": "2021-08-24-15-00-00", "latency": "40"}, {"date": "2021-08-24-15-00-00", "latency": "40"}, {"date": "2021-08-24-15-00-00", "latency": "40"}, {"date": "2021-08-24-15-00-00", "latency": "40"}, {"date": "2021-08-24-15-00-00", "latency": "40"}, {"date": "2021-08-24-15-00-00", "latency": "40"}, {"date": "2021-08-24-15-00-00", "latency": "40"}, {"date": "2021-08-24-15-00-00", "latency": "40"}]}, {"location": {"country_code": "us"}, "game_id": "118849", "values": [{"date": "2021-08-24-19-00-00", "latency": "90"}, {"date": "2021-08-24-19-00-00", "latency": "90"}, {"date": "2021-08-24-12-00-00", "latency": "49"}, {"date": "2021-08-24-12-00-00", "latency": "49"}, {"date": "2021-08-24-12-00-00", "latency": "49"}, {"date": "2021-08-24-12-00-00", "latency": "49"}, {"date": "2021-08-24-12-00-00", "latency": "49"}, {"date": "2021-08-24-12-00-00", "latency": "44"}, {"date": "2021-08-24-12-00-00", "latency": "44"}, {"date": "2021-08-24-14-00-00", "latency": "160"}]}, {"location": {"country_code": "de", "region": "Berlin", "city": "Berlin"}, "game_id": "118849", "values": [{"date": "2021-08-24-16-00-00", "latency": "143"}, {"date": "2021-08-24-16-00-00", "latency": "143"}, {"date": "2021-08-24-16-00-00", "latency": "143"}, {"date": "2021-08-24-16-00-00", "latency": "143"}, {"date": "2021-08-24-16-00-00", "latency": "143"}, {"date": "2021-08-24-16-00-00", "latency": "143"}, {"date": "2021-08-24-16-00-00", "latency": "143"}, {"date": "2021-08-24-16-00-00", "latency": "143"}, {"date": "2021-08-24-16-00-00", "latency": "143"}, {"date": "2021-08-24-16-00-00", "latency": "143"}, {"date": "2021-08-24-16-00-00", "latency": "143"}, {"date": "2021-08-24-16-00-00", "latency": "143"}, {"date": "2021-08-24-16-00-00", "latency": "143"}, {"date": "2021-08-24-16-00-00", "latency": "143"}, {"date": "2021-08-24-16-00-00", "latency": "143"}, {"date": "2021-08-24-16-00-00", "latency": "143"}, {"date": "2021-08-24-16-00-00", "latency": "143"}, {"date": "2021-08-24-16-00-00", "latency": "143"}, {"date": "2021-08-24-16-00-00", "latency": "143"}, {"date": "2021-08-24-16-00-00", "latency": "143"}, {"date": "2021-08-24-16-00-00", "latency": "143"}, {"date": "2021-08-24-16-00-00", "latency": "143"}, {"date": "2021-08-24-16-00-00", "latency": "143"}, {"date": "2021-08-24-16-00-00", "latency": "143"}, {"date": "2021-08-24-16-00-00", "latency": "143"}, {"date": "2021-08-24-16-00-00", "latency": "143"}, {"date": "2021-08-24-16-00-00", "latency": "143"}, {"date": "2021-08-24-16-00-00", "latency": "143"}, {"date": "2021-08-24-16-00-00", "latency": "143"}, {"date": "2021-08-24-16-00-00", "latency": "143"}, {"date": "2021-08-24-16-00-00", "latency": "143"}, {"date": "2021-08-24-16-00-00", "latency": "143"}, {"date": "2021-08-24-16-00-00", "latency": "143"}, {"date": "2021-08-24-16-00-00", "latency": "143"}, {"date": "2021-08-24-16-00-00", "latency": "143"}]}, {"location": {"country_code": "us", "region": "New York", "city": "Jamestown"}, "game_id": "118849", "values": [{"date": "2021-08-24-04-00-00", "latency": "29"}, {"date": "2021-08-24-04-00-00", "latency": "29"}, {"date": "2021-08-24-04-00-00", "latency": "29"}, {"date": "2021-08-24-04-00-00", "latency": "29"}, {"date": "2021-08-24-04-00-00", "latency": "29"}, {"date": "2021-08-24-04-00-00", "latency": "29"}, {"date": "2021-08-24-04-00-00", "latency": "29"}, {"date": "2021-08-24-04-00-00", "latency": "29"}, {"date": "2021-08-24-02-00-00", "latency": "38"}, {"date": "2021-08-24-02-00-00", "latency": "38"}, {"date": "2021-08-24-02-00-00", "latency": "38"}, {"date": "2021-08-24-02-00-00", "latency": "38"}, {"date": "2021-08-24-02-00-00", "latency": "38"}, {"date": "2021-08-24-02-00-00", "latency": "38"}, {"date": "2021-08-24-02-00-00", "latency": "38"}, {"date": "2021-08-24-02-00-00", "latency": "38"}, {"date": "2021-08-24-02-00-00", "latency": "38"}, {"date": "2021-08-24-02-00-00", "latency": "38"}, {"date": "2021-08-24-02-00-00", "latency": "38"}, {"date": "2021-08-24-02-00-00", "latency": "38"}, {"date": "2021-08-24-02-00-00", "latency": "38"}, {"date": "2021-08-24-02-00-00", "latency": "38"}, {"date": "2021-08-24-02-00-00", "latency": "38"}, {"date": "2021-08-24-02-00-00", "latency": "38"}, {"date": "2021-08-24-02-00-00", "latency": "38"}, {"date": "2021-08-24-02-00-00", "latency": "38"}, {"date": "2021-08-24-02-00-00", "latency": "38"}]}, {"location": {"country_code": "gr"}, "game_id": "118849", "values": [{"date": "2021-08-24-23-00-00", "latency": "52"}, {"date": "2021-08-24-23-00-00", "latency": "52"}, {"date": "2021-08-24-23-00-00", "latency": "52"}, {"date": "2021-08-24-23-00-00", "latency": "52"}, {"date": "2021-08-24-23-00-00", "latency": "52"}, {"date": "2021-08-24-23-00-00", "latency": "52"}, {"date": "2021-08-24-19-00-00", "latency": "78"}, {"date": "2021-08-24-19-00-00", "latency": "78"}, {"date": "2021-08-24-19-00-00", "latency": "78"}, {"date": "2021-08-24-19-00-00", "latency": "78"}]}, {"location": {"country_code": "ro"}, "game_id": "118849", "values": [{"date": "2021-08-24-12-00-00", "latency": "60"}, {"date": "2021-08-24-12-00-00", "latency": "60"}, {"date": "2021-08-24-12-00-00", "latency": "60"}]}, {"location": {"country_code": "ca"}, "game_id": "118849", "values": [{"date": "2021-08-24-08-00-00", "latency": "45"}, {"date": "2021-08-24-08-00-00", "latency": "45"}, {"date": "2021-08-24-08-00-00", "latency": "45"}, {"date": "2021-08-24-08-00-00", "latency": "45"}, {"date": "2021-08-24-08-00-00", "latency": "45"}, {"date": "2021-08-24-08-00-00", "latency": "45"}, {"date": "2021-08-24-08-00-00", "latency": "45"}, {"date": "2021-08-24-08-00-00", "latency": "45"}, {"date": "2021-08-24-08-00-00", "latency": "45"}, {"date": "2021-08-24-08-00-00", "latency": "45"}]}, {"location": {"country_code": "ch"}, "game_id": "118849", "values": [{"date": "2021-08-24-21-00-00", "latency": "29"}, {"date": "2021-08-24-21-00-00", "latency": "29"}, {"date": "2021-08-24-21-00-00", "latency": "29"}, {"date": "2021-08-24-21-00-00", "latency": "29"}, {"date": "2021-08-24-21-00-00", "latency": "29"}, {"date": "2021-08-24-21-00-00", "latency": "29"}, {"date": "2021-08-24-21-00-00", "latency": "29"}, {"date": "2021-08-24-21-00-00", "latency": "29"}, {"date": "2021-08-24-21-00-00", "latency": "29"}, {"date": "2021-08-24-21-00-00", "latency": "29"}, {"date": "2021-08-24-21-00-00", "latency": "29"}, {"date": "2021-08-24-21-00-00", "latency": "29"}, {"date": "2021-08-24-21-00-00", "latency": "29"}]}, {"location": {"country_code": "de"}, "game_id": "118849", "values": [{"date": "2021-08-24-17-00-00", "latency": "2"}, {"date": "2021-08-24-17-00-00", "latency": "2"}, {"date": "2021-08-24-17-00-00", "latency": "2"}, {"date": "2021-08-24-17-00-00", "latency": "2"}, {"date": "2021-08-24-18-00-00", "latency": "28"}, {"date": "2021-08-24-18-00-00", "latency": "28"}, {"date": "2021-08-24-18-00-00", "latency": "28"}, {"date": "2021-08-24-18-00-00", "latency": "28"}, {"date": "2021-08-24-18-00-00", "latency": "28"}, {"date": "2021-08-24-18-00-00", "latency": "28"}, {"date": "2021-08-24-18-00-00", "latency": "28"}, {"date": "2021-08-24-18-00-00", "latency": "28"}, {"date": "2021-08-24-18-00-00", "latency": "28"}, {"date": "2021-08-24-18-00-00", "latency": "28"}, {"date": "2021-08-24-16-00-00", "latency": "23"}, {"date": "2021-08-24-16-00-00", "latency": "23"}, {"date": "2021-08-24-16-00-00", "latency": "23"}, {"date": "2021-08-24-16-00-00", "latency": "23"}, {"date": "2021-08-24-16-00-00", "latency": "23"}, {"date": "2021-08-24-16-00-00", "latency": "23"}, {"date": "2021-08-24-16-00-00", "latency": "23"}, {"date": "2021-08-24-16-00-00", "latency": "23"}, {"date": "2021-08-24-21-00-00", "latency": "51"}, {"date": "2021-08-24-21-00-00", "latency": "51"}]}, {"location": {"country_code": "br", "region": "Parana", "city": "Araucaria"}, "game_id": "118849", "values": [{"date": "2021-08-24-22-00-00", "latency": "39"}, {"date": "2021-08-24-22-00-00", "latency": "39"}, {"date": "2021-08-24-22-00-00", "latency": "39"}, {"date": "2021-08-24-22-00-00", "latency": "39"}, {"date": "2021-08-24-22-00-00", "latency": "39"}, {"date": "2021-08-24-22-00-00", "latency": "39"}, {"date": "2021-08-24-22-00-00", "latency": "39"}, {"date": "2021-08-24-23-00-00", "latency": "20"}, {"date": "2021-08-24-23-00-00", "latency": "20"}, {"date": "2021-08-24-23-00-00", "latency": "20"}, {"date": "2021-08-24-23-00-00", "latency": "20"}, {"date": "2021-08-24-23-00-00", "latency": "20"}, {"date": "2021-08-24-23-00-00", "latency": "20"}, {"date": "2021-08-24-23-00-00", "latency": "20"}, {"date": "2021-08-24-23-00-00", "latency": "20"}, {"date": "2021-08-24-23-00-00", "latency": "20"}, {"date": "2021-08-24-23-00-00", "latency": "20"}, {"date": "2021-08-24-23-00-00", "latency": "20"}, {"date": "2021-08-24-23-00-00", "latency": "20"}, {"date": "2021-08-24-23-00-00", "latency": "20"}, {"date": "2021-08-24-23-00-00", "latency": "20"}, {"date": "2021-08-24-23-00-00", "latency": "20"}]}, {"location": {"country_code": "us", "region": "Indiana"}, "game_id": "118849", "values": [{"date": "2021-08-24-20-00-00", "latency": "21"}, {"date": "2021-08-24-20-00-00", "latency": "21"}, {"date": "2021-08-24-20-00-00", "latency": "21"}, {"date": "2021-08-24-20-00-00", "latency": "21"}, {"date": "2021-08-24-20-00-00", "latency": "21"}, {"date": "2021-08-24-20-00-00", "latency": "21"}, {"date": "2021-08-24-20-00-00", "latency": "21"}, {"date": "2021-08-24-20-00-00", "latency": "21"}, {"date": "2021-08-24-20-00-00", "latency": "21"}, {"date": "2021-08-24-20-00-00", "latency": "21"}, {"date": "2021-08-24-20-00-00", "latency": "21"}]}, {"location": {"country_code": "us", "region": "Texas"}, "game_id": "118849", "values": [{"date": "2021-08-24-10-00-00", "latency": "51"}, {"date": "2021-08-24-10-00-00", "latency": "51"}]}, {"location": {"country_code": "au", "region": "New South Wales", "city": "Sydney"}, "game_id": "118849", "values": [{"date": "2021-08-24-12-00-00", "latency": "14"}]}, {"location": {"country_code": "fr"}, "game_id": "118849", "values": [{"date": "2021-08-24-20-00-00", "latency": "19"}, {"date": "2021-08-24-20-00-00", "latency": "19"}, {"date": "2021-08-24-20-00-00", "latency": "19"}, {"date": "2021-08-24-20-00-00", "latency": "19"}, {"date": "2021-08-24-20-00-00", "latency": "19"}, {"date": "2021-08-24-20-00-00", "latency": "19"}, {"date": "2021-08-24-20-00-00", "latency": "19"}, {"date": "2021-08-24-20-00-00", "latency": "19"}, {"date": "2021-08-24-20-00-00", "latency": "19"}, {"date": "2021-08-24-20-00-00", "latency": "19"}, {"date": "2021-08-24-20-00-00", "latency": "19"}, {"date": "2021-08-24-20-00-00", "latency": "19"}, {"date": "2021-08-24-20-00-00", "latency": "19"}, {"date": "2021-08-24-20-00-00", "latency": "19"}, {"date": "2021-08-24-20-00-00", "latency": "19"}, {"date": "2021-08-24-20-00-00", "latency": "19"}, {"date": "2021-08-24-20-00-00", "latency": "19"}, {"date": "2021-08-24-20-00-00", "latency": "19"}, {"date": "2021-08-24-20-00-00", "latency": "19"}, {"date": "2021-08-24-20-00-00", "latency": "19"}, {"date": "2021-08-24-20-00-00", "latency": "19"}, {"date": "2021-08-24-20-00-00", "latency": "19"}, {"date": "2021-08-24-20-00-00", "latency": "19"}, {"date": "2021-08-24-20-00-00", "latency": "19"}, {"date": "2021-08-24-20-00-00", "latency": "19"}, {"date": "2021-08-24-20-00-00", "latency": "19"}, {"date": "2021-08-24-20-00-00", "latency": "19"}, {"date": "2021-08-24-20-00-00", "latency": "19"}, {"date": "2021-08-24-20-00-00", "latency": "19"}, {"date": "2021-08-24-20-00-00", "latency": "19"}, {"date": "2021-08-24-20-00-00", "latency": "19"}, {"date": "2021-08-24-20-00-00", "latency": "19"}, {"date": "2021-08-24-20-00-00", "latency": "19"}, {"date": "2021-08-24-20-00-00", "latency": "19"}, {"date": "2021-08-24-20-00-00", "latency": "19"}, {"date": "2021-08-24-20-00-00", "latency": "19"}, {"date": "2021-08-24-20-00-00", "latency": "19"}, {"date": "2021-08-24-20-00-00", "latency": "19"}, {"date": "2021-08-24-20-00-00", "latency": "19"}, {"date": "2021-08-24-20-00-00", "latency": "19"}, {"date": "2021-08-24-20-00-00", "latency": "19"}, {"date": "2021-08-24-20-00-00", "latency": "19"}, {"date": "2021-08-24-20-00-00", "latency": "19"}, {"date": "2021-08-24-20-00-00", "latency": "19"}, {"date": "2021-08-24-20-00-00", "latency": "19"}, {"date": "2021-08-24-20-00-00", "latency": "19"}, {"date": "2021-08-24-20-00-00", "latency": "19"}, {"date": "2021-08-24-20-00-00", "latency": "19"}, {"date": "2021-08-24-20-00-00", "latency": "19"}, {"date": "2021-08-24-20-00-00", "latency": "19"}, {"date": "2021-08-24-20-00-00", "latency": "19"}, {"date": "2021-08-24-20-00-00", "latency": "19"}, {"date": "2021-08-24-20-00-00", "latency": "19"}, {"date": "2021-08-24-21-00-00", "latency": "32"}, {"date": "2021-08-24-21-00-00", "latency": "24"}, {"date": "2021-08-24-21-00-00", "latency": "24"}, {"date": "2021-08-24-21-00-00", "latency": "24"}]}, {"location": {"country_code": "mx"}, "game_id": "118849", "values": [{"date": "2021-08-24-20-00-00", "latency": "78"}, {"date": "2021-08-24-20-00-00", "latency": "78"}, {"date": "2021-08-24-20-00-00", "latency": "78"}, {"date": "2021-08-24-20-00-00", "latency": "78"}, {"date": "2021-08-24-20-00-00", "latency": "78"}, {"date": "2021-08-24-20-00-00", "latency": "78"}, {"date": "2021-08-24-20-00-00", "latency": "78"}, {"date": "2021-08-24-20-00-00", "latency": "78"}, {"date": "2021-08-24-20-00-00", "latency": "78"}, {"date": "2021-08-24-20-00-00", "latency": "78"}, {"date": "2021-08-24-20-00-00", "latency": "78"}, {"date": "2021-08-24-20-00-00", "latency": "78"}, {"date": "2021-08-24-20-00-00", "latency": "78"}, {"date": "2021-08-24-20-00-00", "latency": "78"}, {"date": "2021-08-24-20-00-00", "latency": "78"}, {"date": "2021-08-24-20-00-00", "latency": "78"}, {"date": "2021-08-24-20-00-00", "latency": "78"}, {"date": "2021-08-24-20-00-00", "latency": "78"}, {"date": "2021-08-24-20-00-00", "latency": "78"}, {"date": "2021-08-24-20-00-00", "latency": "78"}, {"date": "2021-08-24-20-00-00", "latency": "78"}, {"date": "2021-08-24-20-00-00", "latency": "78"}, {"date": "2021-08-24-20-00-00", "latency": "78"}, {"date": "2021-08-24-20-00-00", "latency": "78"}, {"date": "2021-08-24-20-00-00", "latency": "78"}, {"date": "2021-08-24-20-00-00", "latency": "78"}, {"date": "2021-08-24-20-00-00", "latency": "78"}, {"date": "2021-08-24-20-00-00", "latency": "78"}, {"date": "2021-08-24-20-00-00", "latency": "78"}, {"date": "2021-08-24-20-00-00", "latency": "78"}, {"date": "2021-08-24-20-00-00", "latency": "78"}, {"date": "2021-08-24-20-00-00", "latency": "78"}, {"date": "2021-08-24-20-00-00", "latency": "78"}, {"date": "2021-08-24-20-00-00", "latency": "78"}, {"date": "2021-08-24-20-00-00", "latency": "78"}, {"date": "2021-08-24-20-00-00", "latency": "78"}]}, {"location": {"country_code": "us", "region": "Ohio"}, "game_id": "118849", "values": [{"date": "2021-08-24-03-00-00", "latency": "33"}]}, {"location": {"country_code": "us", "region": "California"}, "game_id": "118849", "values": [{"date": "2021-08-24-02-00-00", "latency": "70"}, {"date": "2021-08-24-02-00-00", "latency": "70"}, {"date": "2021-08-24-05-00-00", "latency": "65"}, {"date": "2021-08-24-05-00-00", "latency": "65"}, {"date": "2021-08-24-05-00-00", "latency": "65"}, {"date": "2021-08-24-05-00-00", "latency": "65"}, {"date": "2021-08-24-05-00-00", "latency": "65"}, {"date": "2021-08-24-05-00-00", "latency": "65"}, {"date": "2021-08-24-05-00-00", "latency": "65"}, {"date": "2021-08-24-05-00-00", "latency": "65"}, {"date": "2021-08-24-05-00-00", "latency": "65"}, {"date": "2021-08-24-05-00-00", "latency": "65"}, {"date": "2021-08-24-05-00-00", "latency": "65"}, {"date": "2021-08-24-05-00-00", "latency": "65"}, {"date": "2021-08-24-05-00-00", "latency": "65"}, {"date": "2021-08-24-05-00-00", "latency": "65"}, {"date": "2021-08-24-05-00-00", "latency": "65"}, {"date": "2021-08-24-05-00-00", "latency": "65"}, {"date": "2021-08-24-05-00-00", "latency": "65"}, {"date": "2021-08-24-05-00-00", "latency": "65"}, {"date": "2021-08-24-05-00-00", "latency": "65"}, {"date": "2021-08-24-05-00-00", "latency": "65"}, {"date": "2021-08-24-05-00-00", "latency": "65"}, {"date": "2021-08-24-05-00-00", "latency": "65"}]}, {"location": {"country_code": "br"}, "game_id": "118849", "values": [{"date": "2021-08-24-04-00-00", "latency": "33"}, {"date": "2021-08-24-04-00-00", "latency": "33"}, {"date": "2021-08-24-04-00-00", "latency": "33"}, {"date": "2021-08-24-04-00-00", "latency": "33"}, {"date": "2021-08-24-04-00-00", "latency": "33"}]}, {"location": {"country_code": "br", "region": "Sao Paulo", "city": "Guarulhos"}, "game_id": "118849", "values": [{"date": "2021-08-24-10-00-00", "latency": "11"}]}, {"location": {"country_code": "br", "region": "Sao Paulo", "city": "Apiai"}, "game_id": "118849", "values": [{"date": "2021-08-24-23-00-00", "latency": "12"}, {"date": "2021-08-24-23-00-00", "latency": "12"}, {"date": "2021-08-24-23-00-00", "latency": "12"}, {"date": "2021-08-24-23-00-00", "latency": "12"}, {"date": "2021-08-24-23-00-00", "latency": "12"}, {"date": "2021-08-24-23-00-00", "latency": "12"}, {"date": "2021-08-24-23-00-00", "latency": "12"}, {"date": "2021-08-24-23-00-00", "latency": "12"}, {"date": "2021-08-24-23-00-00", "latency": "12"}, {"date": "2021-08-24-23-00-00", "latency": "12"}, {"date": "2021-08-24-23-00-00", "latency": "12"}, {"date": "2021-08-24-23-00-00", "latency": "12"}, {"date": "2021-08-24-23-00-00", "latency": "12"}, {"date": "2021-08-24-23-00-00", "latency": "12"}, {"date": "2021-08-24-23-00-00", "latency": "12"}, {"date": "2021-08-24-23-00-00", "latency": "12"}, {"date": "2021-08-24-23-00-00", "latency": "12"}, {"date": "2021-08-24-23-00-00", "latency": "12"}, {"date": "2021-08-24-23-00-00", "latency": "12"}, {"date": "2021-08-24-23-00-00", "latency": "12"}, {"date": "2021-08-24-23-00-00", "latency": "12"}, {"date": "2021-08-24-23-00-00", "latency": "12"}, {"date": "2021-08-24-23-00-00", "latency": "12"}, {"date": "2021-08-24-23-00-00", "latency": "12"}, {"date": "2021-08-24-23-00-00", "latency": "12"}, {"date": "2021-08-24-23-00-00", "latency": "12"}, {"date": "2021-08-24-23-00-00", "latency": "12"}, {"date": "2021-08-24-23-00-00", "latency": "12"}, {"date": "2021-08-24-23-00-00", "latency": "12"}, {"date": "2021-08-24-23-00-00", "latency": "12"}, {"date": "2021-08-24-23-00-00", "latency": "12"}, {"date": "2021-08-24-23-00-00", "latency": "12"}, {"date": "2021-08-24-23-00-00", "latency": "12"}, {"date": "2021-08-24-23-00-00", "latency": "12"}, {"date": "2021-08-24-23-00-00", "latency": "12"}, {"date": "2021-08-24-23-00-00", "latency": "12"}, {"date": "2021-08-24-23-00-00", "latency": "12"}, {"date": "2021-08-24-23-00-00", "latency": "12"}, {"date": "2021-08-24-23-00-00", "latency": "12"}, {"date": "2021-08-24-23-00-00", "latency": "12"}, {"date": "2021-08-24-23-00-00", "latency": "12"}, {"date": "2021-08-24-23-00-00", "latency": "12"}, {"date": "2021-08-24-23-00-00", "latency": "12"}, {"date": "2021-08-24-23-00-00", "latency": "12"}, {"date": "2021-08-24-23-00-00", "latency": "12"}, {"date": "2021-08-24-22-00-00", "latency": "12"}, {"date": "2021-08-24-22-00-00", "latency": "12"}, {"date": "2021-08-24-22-00-00", "latency": "12"}, {"date": "2021-08-24-22-00-00", "latency": "12"}, {"date": "2021-08-24-22-00-00", "latency": "12"}, {"date": "2021-08-24-22-00-00", "latency": "12"}, {"date": "2021-08-24-22-00-00", "latency": "12"}, {"date": "2021-08-24-22-00-00", "latency": "12"}, {"date": "2021-08-24-22-00-00", "latency": "12"}, {"date": "2021-08-24-22-00-00", "latency": "12"}, {"date": "2021-08-24-22-00-00", "latency": "12"}, {"date": "2021-08-24-22-00-00", "latency": "12"}]}, {"location": {"country_code": "se"}, "game_id": "118849", "values": [{"date": "2021-08-24-18-00-00", "latency": "44"}, {"date": "2021-08-24-18-00-00", "latency": "44"}, {"date": "2021-08-24-18-00-00", "latency": "44"}, {"date": "2021-08-24-18-00-00", "latency": "44"}, {"date": "2021-08-24-15-00-00", "latency": "7"}, {"date": "2021-08-24-15-00-00", "latency": "7"}, {"date": "2021-08-24-15-00-00", "latency": "7"}, {"date": "2021-08-24-15-00-00", "latency": "7"}, {"date": "2021-08-24-15-00-00", "latency": "7"}, {"date": "2021-08-24-15-00-00", "latency": "7"}, {"date": "2021-08-24-21-00-00", "latency": "73"}, {"date": "2021-08-24-21-00-00", "latency": "73"}, {"date": "2021-08-24-21-00-00", "latency": "73"}, {"date": "2021-08-24-21-00-00", "latency": "73"}, {"date": "2021-08-24-21-00-00", "latency": "73"}, {"date": "2021-08-24-21-00-00", "latency": "73"}, {"date": "2021-08-24-21-00-00", "latency": "73"}, {"date": "2021-08-24-21-00-00", "latency": "73"}, {"date": "2021-08-24-21-00-00", "latency": "73"}, {"date": "2021-08-24-21-00-00", "latency": "73"}, {"date": "2021-08-24-21-00-00", "latency": "73"}, {"date": "2021-08-24-21-00-00", "latency": "73"}, {"date": "2021-08-24-21-00-00", "latency": "73"}, {"date": "2021-08-24-21-00-00", "latency": "73"}, {"date": "2021-08-24-21-00-00", "latency": "73"}, {"date": "2021-08-24-21-00-00", "latency": "73"}, {"date": "2021-08-24-21-00-00", "latency": "73"}, {"date": "2021-08-24-21-00-00", "latency": "73"}, {"date": "2021-08-24-21-00-00", "latency": "73"}, {"date": "2021-08-24-21-00-00", "latency": "73"}, {"date": "2021-08-24-21-00-00", "latency": "73"}, {"date": "2021-08-24-21-00-00", "latency": "73"}, {"date": "2021-08-24-21-00-00", "latency": "73"}, {"date": "2021-08-24-21-00-00", "latency": "73"}, {"date": "2021-08-24-21-00-00", "latency": "73"}, {"date": "2021-08-24-21-00-00", "latency": "73"}, {"date": "2021-08-24-21-00-00", "latency": "73"}, {"date": "2021-08-24-21-00-00", "latency": "73"}, {"date": "2021-08-24-21-00-00", "latency": "73"}, {"date": "2021-08-24-21-00-00", "latency": "73"}, {"date": "2021-08-24-21-00-00", "latency": "73"}, {"date": "2021-08-24-21-00-00", "latency": "73"}, {"date": "2021-08-24-21-00-00", "latency": "73"}, {"date": "2021-08-24-21-00-00", "latency": "73"}, {"date": "2021-08-24-21-00-00", "latency": "73"}, {"date": "2021-08-24-21-00-00", "latency": "73"}, {"date": "2021-08-24-21-00-00", "latency": "73"}, {"date": "2021-08-24-21-00-00", "latency": "73"}, {"date": "2021-08-24-21-00-00", "latency": "73"}, {"date": "2021-08-24-21-00-00", "latency": "73"}, {"date": "2021-08-24-21-00-00", "latency": "73"}, {"date": "2021-08-24-21-00-00", "latency": "73"}, {"date": "2021-08-24-21-00-00", "latency": "73"}, {"date": "2021-08-24-21-00-00", "latency": "73"}, {"date": "2021-08-24-21-00-00", "latency": "73"}, {"date": "2021-08-24-21-00-00", "latency": "73"}, {"date": "2021-08-24-21-00-00", "latency": "73"}, {"date": "2021-08-24-21-00-00", "latency": "73"}, {"date": "2021-08-24-21-00-00", "latency": "73"}, {"date": "2021-08-24-21-00-00", "latency": "73"}, {"date": "2021-08-24-21-00-00", "latency": "73"}, {"date": "2021-08-24-21-00-00", "latency": "73"}, {"date": "2021-08-24-21-00-00", "latency": "73"}, {"date": "2021-08-24-21-00-00", "latency": "73"}, {"date": "2021-08-24-21-00-00", "latency": "73"}, {"date": "2021-08-24-21-00-00", "latency": "73"}, {"date": "2021-08-24-21-00-00", "latency": "73"}, {"date": "2021-08-24-21-00-00", "latency": "73"}, {"date": "2021-08-24-21-00-00", "latency": "73"}, {"date": "2021-08-24-21-00-00", "latency": "73"}, {"date": "2021-08-24-21-00-00", "latency": "73"}, {"date": "2021-08-24-21-00-00", "latency": "73"}, {"date": "2021-08-24-21-00-00", "latency": "73"}, {"date": "2021-08-24-21-00-00", "latency": "73"}, {"date": "2021-08-24-21-00-00", "latency": "73"}, {"date": "2021-08-24-21-00-00", "latency": "73"}, {"date": "2021-08-24-21-00-00", "latency": "73"}]}, {"location": {"country_code": "se", "region": "Dalarna County"}, "game_id": "118849", "values": [{"date": "2021-08-24-22-00-00", "latency": "29"}, {"date": "2021-08-24-22-00-00", "latency": "29"}, {"date": "2021-08-24-22-00-00", "latency": "29"}]}, {"location": {"country_code": "no"}, "game_id": "118849", "values": [{"date": "2021-08-24-18-00-00", "latency": "74"}, {"date": "2021-08-24-18-00-00", "latency": "74"}, {"date": "2021-08-24-18-00-00", "latency": "74"}, {"date": "2021-08-24-18-00-00", "latency": "74"}, {"date": "2021-08-24-18-00-00", "latency": "74"}, {"date": "2021-08-24-18-00-00", "latency": "74"}, {"date": "2021-08-24-18-00-00", "latency": "74"}, {"date": "2021-08-24-18-00-00", "latency": "74"}, {"date": "2021-08-24-18-00-00", "latency": "74"}, {"date": "2021-08-24-18-00-00", "latency": "74"}, {"date": "2021-08-24-18-00-00", "latency": "74"}, {"date": "2021-08-24-18-00-00", "latency": "74"}, {"date": "2021-08-24-18-00-00", "latency": "74"}, {"date": "2021-08-24-18-00-00", "latency": "74"}, {"date": "2021-08-24-18-00-00", "latency": "74"}, {"date": "2021-08-24-18-00-00", "latency": "74"}, {"date": "2021-08-24-18-00-00", "latency": "74"}, {"date": "2021-08-24-18-00-00", "latency": "74"}, {"date": "2021-08-24-18-00-00", "latency": "74"}, {"date": "2021-08-24-18-00-00", "latency": "74"}, {"date": "2021-08-24-18-00-00", "latency": "74"}, {"date": "2021-08-24-18-00-00", "latency": "74"}, {"date": "2021-08-24-18-00-00", "latency": "74"}, {"date": "2021-08-24-18-00-00", "latency": "74"}, {"date": "2021-08-24-18-00-00", "latency": "74"}, {"date": "2021-08-24-18-00-00", "latency": "74"}]}, {"location": {"country_code": "us", "region": "California", "city": "East Los Angeles"}, "game_id": "118849", "values": [{"date": "2021-08-24-11-00-00", "latency": "3"}, {"date": "2021-08-24-11-00-00", "latency": "3"}, {"date": "2021-08-24-11-00-00", "latency": "3"}, {"date": "2021-08-24-11-00-00", "latency": "3"}, {"date": "2021-08-24-11-00-00", "latency": "3"}, {"date": "2021-08-24-11-00-00", "latency": "3"}, {"date": "2021-08-24-11-00-00", "latency": "3"}, {"date": "2021-08-24-23-00-00", "latency": "63"}, {"date": "2021-08-24-23-00-00", "latency": "63"}, {"date": "2021-08-24-23-00-00", "latency": "63"}, {"date": "2021-08-24-23-00-00", "latency": "63"}, {"date": "2021-08-24-23-00-00", "latency": "63"}, {"date": "2021-08-24-23-00-00", "latency": "63"}, {"date": "2021-08-24-23-00-00", "latency": "63"}, {"date": "2021-08-24-23-00-00", "latency": "63"}, {"date": "2021-08-24-23-00-00", "latency": "63"}, {"date": "2021-08-24-23-00-00", "latency": "63"}, {"date": "2021-08-24-23-00-00", "latency": "63"}, {"date": "2021-08-24-23-00-00", "latency": "63"}, {"date": "2021-08-24-23-00-00", "latency": "63"}, {"date": "2021-08-24-23-00-00", "latency": "63"}]}, {"location": {"country_code": "es", "region": "Madrid", "city": "Parla"}, "game_id": "118849", "values": [{"date": "2021-08-24-23-00-00", "latency": "33"}, {"date": "2021-08-24-23-00-00", "latency": "33"}, {"date": "2021-08-24-23-00-00", "latency": "33"}, {"date": "2021-08-24-23-00-00", "latency": "33"}, {"date": "2021-08-24-23-00-00", "latency": "33"}, {"date": "2021-08-24-23-00-00", "latency": "33"}, {"date": "2021-08-24-23-00-00", "latency": "33"}]}, {"location": {"country_code": "dk"}, "game_id": "118849", "values": [{"date": "2021-08-24-18-00-00", "latency": "23"}, {"date": "2021-08-24-18-00-00", "latency": "23"}, {"date": "2021-08-24-18-00-00", "latency": "23"}, {"date": "2021-08-24-18-00-00", "latency": "23"}]}, {"location": {"country_code": "ca", "region": "Ontario"}, "game_id": "118849", "values": [{"date": "2021-08-24-04-00-00", "latency": "37"}, {"date": "2021-08-24-04-00-00", "latency": "37"}, {"date": "2021-08-24-04-00-00", "latency": "37"}, {"date": "2021-08-24-04-00-00", "latency": "37"}, {"date": "2021-08-24-04-00-00", "latency": "37"}, {"date": "2021-08-24-04-00-00", "latency": "37"}, {"date": "2021-08-24-04-00-00", "latency": "37"}, {"date": "2021-08-24-04-00-00", "latency": "37"}, {"date": "2021-08-24-04-00-00", "latency": "37"}, {"date": "2021-08-24-04-00-00", "latency": "37"}, {"date": "2021-08-24-04-00-00", "latency": "37"}, {"date": "2021-08-24-04-00-00", "latency": "37"}, {"date": "2021-08-24-04-00-00", "latency": "37"}, {"date": "2021-08-24-04-00-00", "latency": "37"}, {"date": "2021-08-24-04-00-00", "latency": "37"}, {"date": "2021-08-24-05-00-00", "latency": "73"}, {"date": "2021-08-24-05-00-00", "latency": "73"}, {"date": "2021-08-24-05-00-00", "latency": "73"}, {"date": "2021-08-24-05-00-00", "latency": "73"}, {"date": "2021-08-24-05-00-00", "latency": "73"}, {"date": "2021-08-24-05-00-00", "latency": "73"}, {"date": "2021-08-24-20-00-00", "latency": "37"}]}, {"location": {"country_code": "kr"}, "game_id": "118849", "values": [{"date": "2021-08-24-16-00-00", "latency": "16"}, {"date": "2021-08-24-16-00-00", "latency": "16"}, {"date": "2021-08-24-16-00-00", "latency": "16"}, {"date": "2021-08-24-16-00-00", "latency": "16"}, {"date": "2021-08-24-16-00-00", "latency": "16"}]}, {"location": {"country_code": "es"}, "game_id": "118849", "values": [{"date": "2021-08-24-18-00-00", "latency": "1"}, {"date": "2021-08-24-18-00-00", "latency": "1"}, {"date": "2021-08-24-18-00-00", "latency": "1"}, {"date": "2021-08-24-18-00-00", "latency": "1"}, {"date": "2021-08-24-18-00-00", "latency": "1"}, {"date": "2021-08-24-18-00-00", "latency": "1"}, {"date": "2021-08-24-18-00-00", "latency": "1"}, {"date": "2021-08-24-18-00-00", "latency": "1"}, {"date": "2021-08-24-18-00-00", "latency": "1"}, {"date": "2021-08-24-18-00-00", "latency": "1"}, {"date": "2021-08-24-18-00-00", "latency": "1"}, {"date": "2021-08-24-18-00-00", "latency": "1"}, {"date": "2021-08-24-18-00-00", "latency": "1"}]}, {"location": {"country_code": "es", "region": "Andalusia", "city": "Granada"}, "game_id": "118849", "values": [{"date": "2021-08-24-18-00-00", "latency": "48"}, {"date": "2021-08-24-18-00-00", "latency": "48"}, {"date": "2021-08-24-18-00-00", "latency": "48"}, {"date": "2021-08-24-18-00-00", "latency": "48"}, {"date": "2021-08-24-18-00-00", "latency": "48"}, {"date": "2021-08-24-18-00-00", "latency": "48"}, {"date": "2021-08-24-18-00-00", "latency": "48"}, {"date": "2021-08-24-18-00-00", "latency": "48"}, {"date": "2021-08-24-18-00-00", "latency": "48"}, {"date": "2021-08-24-18-00-00", "latency": "48"}, {"date": "2021-08-24-18-00-00", "latency": "48"}, {"date": "2021-08-24-18-00-00", "latency": "48"}, {"date": "2021-08-24-18-00-00", "latency": "48"}, {"date": "2021-08-24-18-00-00", "latency": "48"}, {"date": "2021-08-24-18-00-00", "latency": "48"}]}, {"location": {"country_code": "ar", "region": "Buenos Aires", "city": "Mar del Plata"}, "game_id": "118849", "values": [{"date": "2021-08-24-04-00-00", "latency": "45"}, {"date": "2021-08-24-04-00-00", "latency": "45"}, {"date": "2021-08-24-04-00-00", "latency": "45"}, {"date": "2021-08-24-04-00-00", "latency": "45"}]}, {"location": {"country_code": "ar", "region": "Buenos Aires F.D.", "city": "Bahia Blanca"}, "game_id": "118849", "values": [{"date": "2021-08-24-13-00-00", "latency": "227"}, {"date": "2021-08-24-13-00-00", "latency": "227"}, {"date": "2021-08-24-23-00-00", "latency": "4"}]}, {"location": {"country_code": "us", "region": "Virginia"}, "game_id": "118849", "values": [{"date": "2021-08-24-20-00-00", "latency": "108"}, {"date": "2021-08-24-20-00-00", "latency": "108"}]}, {"location": {"country_code": "us", "region": "Texas", "city": "Houston"}, "game_id": "118849", "values": [{"date": "2021-08-24-19-00-00", "latency": "36"}]}, {"location": {"country_code": "us", "region": "Michigan"}, "game_id": "118849", "values": [{"date": "2021-08-24-10-00-00", "latency": "25"}]}, {"location": {"country_code": "es", "region": "Catalonia", "city": "l'Hospitalet de Llobregat"}, "game_id": "118849", "values": [{"date": "2021-08-24-19-00-00", "latency": "42"}]}, {"location": {"country_code": "pl"}, "game_id": "118849", "values": [{"date": "2021-08-24-02-00-00", "latency": "47"}, {"date": "2021-08-24-02-00-00", "latency": "47"}, {"date": "2021-08-24-02-00-00", "latency": "47"}]}, {"location": {"country_code": "gb", "region": "England", "city": "London"}, "game_id": "118849", "values": [{"date": "2021-08-24-23-00-00", "latency": "21"}, {"date": "2021-08-24-23-00-00", "latency": "21"}, {"date": "2021-08-24-23-00-00", "latency": "21"}, {"date": "2021-08-24-23-00-00", "latency": "21"}, {"date": "2021-08-24-23-00-00", "latency": "21"}, {"date": "2021-08-24-23-00-00", "latency": "21"}, {"date": "2021-08-24-23-00-00", "latency": "21"}, {"date": "2021-08-24-23-00-00", "latency": "21"}, {"date": "2021-08-24-23-00-00", "latency": "21"}]}, {"location": {"country_code": "br", "region": "Minas Gerais"}, "game_id": "118849", "values": [{"date": "2021-08-24-06-00-00", "latency": "26"}, {"date": "2021-08-24-06-00-00", "latency": "26"}, {"date": "2021-08-24-06-00-00", "latency": "26"}, {"date": "2021-08-24-06-00-00", "latency": "26"}, {"date": "2021-08-24-06-00-00", "latency": "26"}, {"date": "2021-08-24-06-00-00", "latency": "26"}, {"date": "2021-08-24-06-00-00", "latency": "26"}, {"date": "2021-08-24-06-00-00", "latency": "26"}, {"date": "2021-08-24-06-00-00", "latency": "26"}, {"date": "2021-08-24-06-00-00", "latency": "26"}]}, {"location": {"country_code": "es", "region": "Canary Islands", "city": "Santa Cruz de Tenerife"}, "game_id": "118849", "values": [{"date": "2021-08-24-14-00-00", "latency": "64"}, {"date": "2021-08-24-14-00-00", "latency": "64"}, {"date": "2021-08-24-14-00-00", "latency": "64"}, {"date": "2021-08-24-14-00-00", "latency": "64"}]}, {"location": {"country_code": "ca", "region": "Ontario", "city": "Toronto"}, "game_id": "118849", "values": [{"date": "2021-08-24-07-00-00", "latency": "22"}, {"date": "2021-08-24-07-00-00", "latency": "22"}, {"date": "2021-08-24-07-00-00", "latency": "22"}, {"date": "2021-08-24-07-00-00", "latency": "22"}, {"date": "2021-08-24-07-00-00", "latency": "22"}]}, {"location": {"country_code": "br", "region": "Sergipe", "city": "Aracaju"}, "game_id": "118849", "values": [{"date": "2021-08-24-11-00-00", "latency": "72"}, {"date": "2021-08-24-11-00-00", "latency": "72"}]}, {"location": {"country_code": "cl", "region": "Santiago Metropolitan", "city": "Santiago"}, "game_id": "118849", "values": [{"date": "2021-08-24-02-00-00", "latency": "13"}]}, {"location": {"country_code": "us", "region": "Colorado"}, "game_id": "118849", "values": [{"date": "2021-08-24-23-00-00", "latency": "42"}, {"date": "2021-08-24-23-00-00", "latency": "42"}, {"date": "2021-08-24-23-00-00", "latency": "42"}, {"date": "2021-08-24-23-00-00", "latency": "42"}]}, {"location": {"country_code": "us", "region": "Colorado", "city": "Colorado Springs"}, "game_id": "118849", "values": [{"date": "2021-08-24-19-00-00", "latency": "32"}, {"date": "2021-08-24-19-00-00", "latency": "32"}, {"date": "2021-08-24-19-00-00", "latency": "32"}, {"date": "2021-08-24-19-00-00", "latency": "32"}, {"date": "2021-08-24-19-00-00", "latency": "32"}, {"date": "2021-08-24-19-00-00", "latency": "32"}]}, {"location": {"country_code": "fr", "region": "Ile-de-France Region"}, "game_id": "118849", "values": [{"date": "2021-08-24-20-00-00", "latency": "29"}, {"date": "2021-08-24-20-00-00", "latency": "29"}, {"date": "2021-08-24-20-00-00", "latency": "29"}, {"date": "2021-08-24-20-00-00", "latency": "29"}]}, {"location": {"country_code": "uy"}, "game_id": "118849", "values": [{"date": "2021-08-24-23-00-00", "latency": "46"}]}, {"location": {"country_code": "us", "region": "Florida", "city": "Miami"}, "game_id": "118849", "values": [{"date": "2021-08-24-08-00-00", "latency": "88"}, {"date": "2021-08-24-08-00-00", "latency": "88"}, {"date": "2021-08-24-08-00-00", "latency": "88"}, {"date": "2021-08-24-08-00-00", "latency": "88"}, {"date": "2021-08-24-08-00-00", "latency": "88"}]}, {"location": {"country_code": "ca", "region": "Alberta", "city": "Edmonton"}, "game_id": "118849", "values": [{"date": "2021-08-24-23-00-00", "latency": "1"}, {"date": "2021-08-24-23-00-00", "latency": "1"}, {"date": "2021-08-24-23-00-00", "latency": "1"}, {"date": "2021-08-24-23-00-00", "latency": "1"}, {"date": "2021-08-24-23-00-00", "latency": "1"}, {"date": "2021-08-24-23-00-00", "latency": "1"}, {"date": "2021-08-24-23-00-00", "latency": "1"}]}, {"location": {"country_code": "us", "region": "Texas", "city": "El Paso"}, "game_id": "118849", "values": [{"date": "2021-08-24-23-00-00", "latency": "63"}]}, {"location": {"country_code": "us", "region": "Maryland"}, "game_id": "118849", "values": [{"date": "2021-08-24-10-00-00", "latency": "75"}, {"date": "2021-08-24-10-00-00", "latency": "75"}]}, {"location": {"country_code": "fr", "region": "Alvernia-Rodano-Alpi", "city": "Lyon"}, "game_id": "118849", "values": [{"date": "2021-08-24-15-00-00", "latency": "27"}, {"date": "2021-08-24-15-00-00", "latency": "27"}, {"date": "2021-08-24-15-00-00", "latency": "27"}, {"date": "2021-08-24-15-00-00", "latency": "27"}, {"date": "2021-08-24-15-00-00", "latency": "27"}, {"date": "2021-08-24-15-00-00", "latency": "27"}, {"date": "2021-08-24-15-00-00", "latency": "27"}, {"date": "2021-08-24-15-00-00", "latency": "27"}, {"date": "2021-08-24-15-00-00", "latency": "27"}, {"date": "2021-08-24-15-00-00", "latency": "27"}]}, {"location": {"country_code": "bg"}, "game_id": "118849", "values": [{"date": "2021-08-24-23-00-00", "latency": "38"}, {"date": "2021-08-24-23-00-00", "latency": "38"}, {"date": "2021-08-24-23-00-00", "latency": "38"}, {"date": "2021-08-24-23-00-00", "latency": "38"}, {"date": "2021-08-24-23-00-00", "latency": "38"}, {"date": "2021-08-24-23-00-00", "latency": "38"}, {"date": "2021-08-24-23-00-00", "latency": "38"}, {"date": "2021-08-24-23-00-00", "latency": "38"}, {"date": "2021-08-24-23-00-00", "latency": "38"}, {"date": "2021-08-24-23-00-00", "latency": "38"}]}, {"location": {"country_code": "de", "region": "North Rhine-Westphalia"}, "game_id": "118849", "values": [{"date": "2021-08-24-22-00-00", "latency": "28"}, {"date": "2021-08-24-22-00-00", "latency": "28"}, {"date": "2021-08-24-22-00-00", "latency": "28"}, {"date": "2021-08-24-22-00-00", "latency": "28"}, {"date": "2021-08-24-22-00-00", "latency": "28"}, {"date": "2021-08-24-22-00-00", "latency": "28"}, {"date": "2021-08-24-22-00-00", "latency": "28"}, {"date": "2021-08-24-22-00-00", "latency": "28"}, {"date": "2021-08-24-22-00-00", "latency": "28"}, {"date": "2021-08-24-22-00-00", "latency": "28"}, {"date": "2021-08-24-22-00-00", "latency": "28"}, {"date": "2021-08-24-22-00-00", "latency": "28"}, {"date": "2021-08-24-22-00-00", "latency": "28"}, {"date": "2021-08-24-22-00-00", "latency": "28"}, {"date": "2021-08-24-22-00-00", "latency": "28"}]}, {"location": {"country_code": "es", "region": "Murcia", "city": "Lorca"}, "game_id": "118849", "values": [{"date": "2021-08-24-22-00-00", "latency": "47"}, {"date": "2021-08-24-22-00-00", "latency": "47"}, {"date": "2021-08-24-22-00-00", "latency": "47"}]}, {"location": {"country_code": "es", "region": "Valencia", "city": "Orihuela"}, "game_id": "118849", "values": [{"date": "2021-08-24-16-00-00", "latency": "49"}]}, {"location": {"country_code": "ar", "region": "Cordoba Province", "city": "Rio Cuarto"}, "game_id": "118849", "values": [{"date": "2021-08-24-11-00-00", "latency": "52"}, {"date": "2021-08-24-11-00-00", "latency": "52"}]}, {"location": {"country_code": "de", "region": "Bavaria", "city": "Munich"}, "game_id": "118849", "values": [{"date": "2021-08-24-20-00-00", "latency": "48"}, {"date": "2021-08-24-20-00-00", "latency": "48"}]}, {"location": {"country_code": "es", "region": "Valencia", "city": "Gandia"}, "game_id": "118849", "values": [{"date": "2021-08-24-20-00-00", "latency": "47"}, {"date": "2021-08-24-20-00-00", "latency": "47"}, {"date": "2021-08-24-20-00-00", "latency": "47"}, {"date": "2021-08-24-20-00-00", "latency": "47"}, {"date": "2021-08-24-20-00-00", "latency": "47"}, {"date": "2021-08-24-20-00-00", "latency": "47"}, {"date": "2021-08-24-20-00-00", "latency": "47"}]}, {"location": {"country_code": "tr", "region": "Marmara Bolgesi"}, "game_id": "118849", "values": [{"date": "2021-08-24-13-00-00", "latency": "49"}]}, {"location": {"country_code": "pl", "region": "Masovian Voivodeship", "city": "Siedlce"}, "game_id": "118849", "values": [{"date": "2021-08-24-13-00-00", "latency": "39"}, {"date": "2021-08-24-13-00-00", "latency": "39"}, {"date": "2021-08-24-13-00-00", "latency": "39"}, {"date": "2021-08-24-13-00-00", "latency": "39"}, {"date": "2021-08-24-13-00-00", "latency": "39"}, {"date": "2021-08-24-13-00-00", "latency": "39"}, {"date": "2021-08-24-13-00-00", "latency": "39"}, {"date": "2021-08-24-13-00-00", "latency": "39"}, {"date": "2021-08-24-13-00-00", "latency": "39"}]}, {"location": {"country_code": "us", "region": "California", "city": "Santa Ana"}, "game_id": "118849", "values": [{"date": "2021-08-24-23-00-00", "latency": "2"}]}, {"location": {"country_code": "tr", "region": "Akdeniz Bolgesi", "city": "Antalya"}, "game_id": "118849", "values": [{"date": "2021-08-24-22-00-00", "latency": "29"}, {"date": "2021-08-24-22-00-00", "latency": "29"}, {"date": "2021-08-24-22-00-00", "latency": "29"}, {"date": "2021-08-24-22-00-00", "latency": "29"}, {"date": "2021-08-24-22-00-00", "latency": "29"}]}, {"location": {"country_code": "es", "region": "Balearic Islands", "city": "Porreres"}, "game_id": "118849", "values": [{"date": "2021-08-24-20-00-00", "latency": "40"}, {"date": "2021-08-24-20-00-00", "latency": "40"}, {"date": "2021-08-24-20-00-00", "latency": "40"}, {"date": "2021-08-24-20-00-00", "latency": "40"}, {"date": "2021-08-24-20-00-00", "latency": "40"}, {"date": "2021-08-24-20-00-00", "latency": "40"}]}, {"location": {"country_code": "no", "region": "Troms"}, "game_id": "118849", "values": [{"date": "2021-08-24-06-00-00", "latency": "62"}, {"date": "2021-08-24-06-00-00", "latency": "62"}, {"date": "2021-08-24-06-00-00", "latency": "62"}, {"date": "2021-08-24-06-00-00", "latency": "62"}, {"date": "2021-08-24-06-00-00", "latency": "62"}, {"date": "2021-08-24-06-00-00", "latency": "62"}, {"date": "2021-08-24-06-00-00", "latency": "62"}, {"date": "2021-08-24-06-00-00", "latency": "62"}, {"date": "2021-08-24-06-00-00", "latency": "62"}, {"date": "2021-08-24-06-00-00", "latency": "62"}, {"date": "2021-08-24-06-00-00", "latency": "62"}, {"date": "2021-08-24-06-00-00", "latency": "62"}, {"date": "2021-08-24-06-00-00", "latency": "62"}, {"date": "2021-08-24-06-00-00", "latency": "62"}, {"date": "2021-08-24-06-00-00", "latency": "62"}, {"date": "2021-08-24-06-00-00", "latency": "62"}, {"date": "2021-08-24-06-00-00", "latency": "62"}, {"date": "2021-08-24-06-00-00", "latency": "62"}, {"date": "2021-08-24-06-00-00", "latency": "62"}, {"date": "2021-08-24-06-00-00", "latency": "62"}, {"date": "2021-08-24-06-00-00", "latency": "62"}, {"date": "2021-08-24-06-00-00", "latency": "62"}, {"date": "2021-08-24-06-00-00", "latency": "62"}, {"date": "2021-08-24-06-00-00", "latency": "62"}, {"date": "2021-08-24-06-00-00", "latency": "62"}, {"date": "2021-08-24-06-00-00", "latency": "62"}, {"date": "2021-08-24-06-00-00", "latency": "62"}, {"date": "2021-08-24-06-00-00", "latency": "62"}, {"date": "2021-08-24-06-00-00", "latency": "62"}]}, {"location": {"country_code": "br", "region": "State of Rio de Janeiro", "city": "Araruama"}, "game_id": "118849", "values": [{"date": "2021-08-24-19-00-00", "latency": "25"}, {"date": "2021-08-24-19-00-00", "latency": "25"}]}, {"location": {"country_code": "es", "region": "Andalusia", "city": "Cordoba"}, "game_id": "118849", "values": [{"date": "2021-08-24-20-00-00", "latency": "40"}, {"date": "2021-08-24-20-00-00", "latency": "40"}, {"date": "2021-08-24-20-00-00", "latency": "40"}, {"date": "2021-08-24-20-00-00", "latency": "40"}, {"date": "2021-08-24-20-00-00", "latency": "40"}, {"date": "2021-08-24-20-00-00", "latency": "40"}]}, {"location": {"country_code": "de", "region": "Saxony", "city": "Waldenburg"}, "game_id": "118849", "values": [{"date": "2021-08-24-15-00-00", "latency": "26"}, {"date": "2021-08-24-15-00-00", "latency": "26"}, {"date": "2021-08-24-15-00-00", "latency": "26"}]}, {"location": {"country_code": "gr", "region": "Samothrace", "city": "Thessaloniki"}, "game_id": "118849", "values": [{"date": "2021-08-24-11-00-00", "latency": "78"}, {"date": "2021-08-24-11-00-00", "latency": "78"}, {"date": "2021-08-24-11-00-00", "latency": "78"}, {"date": "2021-08-24-11-00-00", "latency": "78"}, {"date": "2021-08-24-11-00-00", "latency": "78"}, {"date": "2021-08-24-11-00-00", "latency": "78"}, {"date": "2021-08-24-11-00-00", "latency": "78"}, {"date": "2021-08-24-11-00-00", "latency": "78"}, {"date": "2021-08-24-11-00-00", "latency": "78"}, {"date": "2021-08-24-11-00-00", "latency": "78"}, {"date": "2021-08-24-11-00-00", "latency": "78"}, {"date": "2021-08-24-11-00-00", "latency": "78"}, {"date": "2021-08-24-11-00-00", "latency": "78"}]}, {"location": {"country_code": "tr", "region": "Ege Bolgesi"}, "game_id": "118849", "values": [{"date": "2021-08-24-20-00-00", "latency": "42"}, {"date": "2021-08-24-20-00-00", "latency": "42"}]}, {"location": {"country_code": "br", "region": "Sao Paulo", "city": "Catanduva"}, "game_id": "118849", "values": [{"date": "2021-08-24-16-00-00", "latency": "39"}, {"date": "2021-08-24-16-00-00", "latency": "39"}, {"date": "2021-08-24-16-00-00", "latency": "39"}, {"date": "2021-08-24-16-00-00", "latency": "39"}, {"date": "2021-08-24-16-00-00", "latency": "39"}]}, {"location": {"country_code": "fr", "region": "Nord-Passo di Calais-Piccardia", "city": "Amiens"}, "game_id": "118849", "values": [{"date": "2021-08-24-16-00-00", "latency": "7"}, {"date": "2021-08-24-16-00-00", "latency": "7"}]}, {"location": {"country_code": "ru", "region": "Primorskiy (Maritime) Kray", "city": "Vladivostok"}, "game_id": "118849", "values": [{"date": "2021-08-24-17-00-00", "latency": "15"}, {"date": "2021-08-24-17-00-00", "latency": "15"}, {"date": "2021-08-24-17-00-00", "latency": "15"}, {"date": "2021-08-24-17-00-00", "latency": "15"}, {"date": "2021-08-24-17-00-00", "latency": "15"}, {"date": "2021-08-24-17-00-00", "latency": "15"}, {"date": "2021-08-24-17-00-00", "latency": "15"}, {"date": "2021-08-24-17-00-00", "latency": "15"}, {"date": "2021-08-24-17-00-00", "latency": "15"}, {"date": "2021-08-24-17-00-00", "latency": "15"}, {"date": "2021-08-24-17-00-00", "latency": "15"}, {"date": "2021-08-24-17-00-00", "latency": "15"}, {"date": "2021-08-24-17-00-00", "latency": "15"}, {"date": "2021-08-24-17-00-00", "latency": "15"}, {"date": "2021-08-24-17-00-00", "latency": "15"}, {"date": "2021-08-24-17-00-00", "latency": "15"}, {"date": "2021-08-24-17-00-00", "latency": "15"}, {"date": "2021-08-24-17-00-00", "latency": "15"}, {"date": "2021-08-24-17-00-00", "latency": "15"}, {"date": "2021-08-24-17-00-00", "latency": "15"}, {"date": "2021-08-24-17-00-00", "latency": "15"}]}, {"location": {"country_code": "br", "region": "State of Rio de Janeiro", "city": "Itaguai"}, "game_id": "118849", "values": [{"date": "2021-08-24-23-00-00", "latency": "19"}]}, {"location": {"country_code": "de", "region": "Hesse", "city": "Darmstadt"}, "game_id": "118849", "values": [{"date": "2021-08-24-20-00-00", "latency": "20"}, {"date": "2021-08-24-20-00-00", "latency": "20"}, {"date": "2021-08-24-20-00-00", "latency": "20"}]}, {"location": {"country_code": "us", "region": "Wisconsin", "city": "Eau Claire"}, "game_id": "118849", "values": [{"date": "2021-08-24-22-00-00", "latency": "88"}]}, {"location": {"country_code": "br", "region": "Sao Paulo", "city": "Suzano"}, "game_id": "118849", "values": [{"date": "2021-08-24-03-00-00", "latency": "20"}, {"date": "2021-08-24-03-00-00", "latency": "20"}, {"date": "2021-08-24-03-00-00", "latency": "20"}, {"date": "2021-08-24-03-00-00", "latency": "20"}, {"date": "2021-08-24-03-00-00", "latency": "20"}, {"date": "2021-08-24-03-00-00", "latency": "20"}, {"date": "2021-08-24-03-00-00", "latency": "20"}, {"date": "2021-08-24-03-00-00", "latency": "20"}, {"date": "2021-08-24-03-00-00", "latency": "20"}, {"date": "2021-08-24-03-00-00", "latency": "20"}]}, {"location": {"country_code": "br", "region": "Santa Catarina", "city": "Balneario Gaivota"}, "game_id": "118849", "values": [{"date": "2021-08-24-23-00-00", "latency": "24"}, {"date": "2021-08-24-23-00-00", "latency": "24"}, {"date": "2021-08-24-23-00-00", "latency": "24"}, {"date": "2021-08-24-23-00-00", "latency": "24"}, {"date": "2021-08-24-23-00-00", "latency": "24"}, {"date": "2021-08-24-23-00-00", "latency": "24"}, {"date": "2021-08-24-23-00-00", "latency": "24"}, {"date": "2021-08-24-23-00-00", "latency": "24"}, {"date": "2021-08-24-23-00-00", "latency": "24"}, {"date": "2021-08-24-23-00-00", "latency": "24"}, {"date": "2021-08-24-23-00-00", "latency": "24"}, {"date": "2021-08-24-23-00-00", "latency": "24"}, {"date": "2021-08-24-23-00-00", "latency": "24"}, {"date": "2021-08-24-23-00-00", "latency": "24"}, {"date": "2021-08-24-23-00-00", "latency": "24"}, {"date": "2021-08-24-23-00-00", "latency": "24"}, {"date": "2021-08-24-23-00-00", "latency": "24"}, {"date": "2021-08-24-23-00-00", "latency": "24"}, {"date": "2021-08-24-23-00-00", "latency": "24"}, {"date": "2021-08-24-23-00-00", "latency": "24"}, {"date": "2021-08-24-23-00-00", "latency": "24"}, {"date": "2021-08-24-23-00-00", "latency": "24"}, {"date": "2021-08-24-23-00-00", "latency": "24"}, {"date": "2021-08-24-23-00-00", "latency": "24"}, {"date": "2021-08-24-23-00-00", "latency": "24"}, {"date": "2021-08-24-23-00-00", "latency": "24"}, {"date": "2021-08-24-23-00-00", "latency": "24"}, {"date": "2021-08-24-23-00-00", "latency": "24"}, {"date": "2021-08-24-23-00-00", "latency": "24"}, {"date": "2021-08-24-23-00-00", "latency": "24"}, {"date": "2021-08-24-23-00-00", "latency": "24"}, {"date": "2021-08-24-23-00-00", "latency": "24"}, {"date": "2021-08-24-23-00-00", "latency": "24"}, {"date": "2021-08-24-23-00-00", "latency": "24"}, {"date": "2021-08-24-23-00-00", "latency": "24"}, {"date": "2021-08-24-23-00-00", "latency": "24"}, {"date": "2021-08-24-23-00-00", "latency": "24"}, {"date": "2021-08-24-23-00-00", "latency": "24"}, {"date": "2021-08-24-23-00-00", "latency": "24"}, {"date": "2021-08-24-23-00-00", "latency": "24"}]}, {"location": {"country_code": "br", "region": "Estado de Bahia", "city": "Vitoria da Conquista"}, "game_id": "118849", "values": [{"date": "2021-08-24-17-00-00", "latency": "1"}]}, {"location": {"country_code": "it", "region": "Veneto", "city": "Mogliano Veneto"}, "game_id": "118849", "values": [{"date": "2021-08-24-16-00-00", "latency": "36"}, {"date": "2021-08-24-16-00-00", "latency": "36"}, {"date": "2021-08-24-16-00-00", "latency": "36"}]}], "last_updated": 1719914979.325729}