{"data": [{"location": {"country_code": "us"}, "game_id": "762836", "values": [{"date": "2024-07-01-07-00-00", "latency": 4}, {"date": "2024-07-01-05-00-00", "latency": 2}, {"date": "2024-07-01-20-00-00", "latency": 37}, {"date": "2024-07-01-20-00-00", "latency": 37}, {"date": "2024-07-01-20-00-00", "latency": 37}, {"date": "2024-07-01-20-00-00", "latency": 37}]}, {"location": {"country_code": "eg"}, "game_id": "762836", "values": [{"date": "2024-07-01-23-00-00", "latency": 70}, {"date": "2024-07-01-23-00-00", "latency": 70}, {"date": "2024-07-01-23-00-00", "latency": 70}, {"date": "2024-07-01-23-00-00", "latency": 70}, {"date": "2024-07-01-23-00-00", "latency": 70}, {"date": "2024-07-01-23-00-00", "latency": 70}, {"date": "2024-07-01-23-00-00", "latency": 70}, {"date": "2024-07-01-23-00-00", "latency": 70}]}, {"location": {"country_code": "us", "region": "New York", "city": "Jamestown"}, "game_id": "762836", "values": [{"date": "2024-07-01-06-00-00", "latency": 42}, {"date": "2024-07-01-06-00-00", "latency": 42}, {"date": "2024-07-01-06-00-00", "latency": 42}, {"date": "2024-07-01-06-00-00", "latency": 42}, {"date": "2024-07-01-06-00-00", "latency": 42}, {"date": "2024-07-01-06-00-00", "latency": 42}]}, {"location": {"country_code": "cz"}, "game_id": "762836", "values": [{"date": "2024-07-01-16-00-00", "latency": 12}, {"date": "2024-07-01-16-00-00", "latency": 12}]}, {"location": {"country_code": "ca"}, "game_id": "762836", "values": [{"date": "2024-07-01-06-00-00", "latency": 43}, {"date": "2024-07-01-21-00-00", "latency": 65}, {"date": "2024-07-01-21-00-00", "latency": 65}, {"date": "2024-07-01-21-00-00", "latency": 65}, {"date": "2024-07-01-21-00-00", "latency": 65}, {"date": "2024-07-01-21-00-00", "latency": 65}, {"date": "2024-07-01-21-00-00", "latency": 65}, {"date": "2024-07-01-21-00-00", "latency": 65}, {"date": "2024-07-01-21-00-00", "latency": 65}, {"date": "2024-07-01-21-00-00", "latency": 65}, {"date": "2024-07-01-21-00-00", "latency": 65}, {"date": "2024-07-01-21-00-00", "latency": 65}, {"date": "2024-07-01-21-00-00", "latency": 65}, {"date": "2024-07-01-21-00-00", "latency": 65}, {"date": "2024-07-01-21-00-00", "latency": 65}, {"date": "2024-07-01-14-00-00", "latency": 90}, {"date": "2024-07-01-14-00-00", "latency": 90}, {"date": "2024-07-01-14-00-00", "latency": 90}, {"date": "2024-07-01-14-00-00", "latency": 90}, {"date": "2024-07-01-09-00-00", "latency": 7}, {"date": "2024-07-01-09-00-00", "latency": 7}, {"date": "2024-07-01-06-00-00", "latency": 52}, {"date": "2024-07-01-06-00-00", "latency": 52}, {"date": "2024-07-01-06-00-00", "latency": 52}, {"date": "2024-07-01-06-00-00", "latency": 52}, {"date": "2024-07-01-06-00-00", "latency": 52}]}, {"location": {"country_code": "de"}, "game_id": "762836", "values": [{"date": "2024-07-01-19-00-00", "latency": 16}, {"date": "2024-07-01-19-00-00", "latency": 16}, {"date": "2024-07-01-19-00-00", "latency": 16}, {"date": "2024-07-01-19-00-00", "latency": 16}]}, {"location": {"country_code": "tw"}, "game_id": "762836", "values": [{"date": "2024-07-02-00-00-00", "latency": 3}]}, {"location": {"country_code": "us", "region": "Texas"}, "game_id": "762836", "values": [{"date": "2024-07-01-07-00-00", "latency": 29}, {"date": "2024-07-01-07-00-00", "latency": 29}, {"date": "2024-07-01-07-00-00", "latency": 29}, {"date": "2024-07-01-07-00-00", "latency": 29}, {"date": "2024-07-01-07-00-00", "latency": 29}, {"date": "2024-07-01-07-00-00", "latency": 29}, {"date": "2024-07-01-07-00-00", "latency": 29}]}, {"location": {"country_code": "us", "region": "Florida"}, "game_id": "762836", "values": [{"date": "2024-07-01-23-00-00", "latency": 40}, {"date": "2024-07-01-10-00-00", "latency": 5}]}, {"location": {"country_code": "fr"}, "game_id": "762836", "values": [{"date": "2024-07-01-16-00-00", "latency": 28}, {"date": "2024-07-01-16-00-00", "latency": 28}]}, {"location": {"country_code": "mx", "region": "Mexico City"}, "game_id": "762836", "values": [{"date": "2024-07-01-23-00-00", "latency": 26}, {"date": "2024-07-01-23-00-00", "latency": 26}, {"date": "2024-07-01-23-00-00", "latency": 26}]}, {"location": {"country_code": "no"}, "game_id": "762836", "values": [{"date": "2024-07-01-20-00-00", "latency": 28}, {"date": "2024-07-01-20-00-00", "latency": 28}, {"date": "2024-07-01-20-00-00", "latency": 28}]}, {"location": {"country_code": "au"}, "game_id": "762836", "values": [{"date": "2024-07-01-13-00-00", "latency": 1}, {"date": "2024-07-01-13-00-00", "latency": 1}]}, {"location": {"country_code": "tr"}, "game_id": "762836", "values": [{"date": "2024-07-01-05-00-00", "latency": 39}, {"date": "2024-07-01-05-00-00", "latency": 39}, {"date": "2024-07-01-05-00-00", "latency": 39}, {"date": "2024-07-01-05-00-00", "latency": 39}]}, {"location": {"country_code": "us", "region": "Massachusetts"}, "game_id": "762836", "values": [{"date": "2024-07-02-00-00-00", "latency": 24}]}, {"location": {"country_code": "de", "region": "Free and Hanseatic City of Hamburg", "city": "Hamburg"}, "game_id": "762836", "values": [{"date": "2024-07-01-18-00-00", "latency": 20}]}, {"location": {"country_code": "us", "region": "Alaska"}, "game_id": "762836", "values": [{"date": "2024-07-02-00-00-00", "latency": 0}]}, {"location": {"country_code": "us", "region": "South Carolina"}, "game_id": "762836", "values": [{"date": "2024-07-01-05-00-00", "latency": 3}, {"date": "2024-07-01-05-00-00", "latency": 3}, {"date": "2024-07-01-05-00-00", "latency": 3}, {"date": "2024-07-01-05-00-00", "latency": 3}, {"date": "2024-07-01-05-00-00", "latency": 3}]}, {"location": {"country_code": "us", "region": "Illinois", "city": "Chicago"}, "game_id": "762836", "values": [{"date": "2024-07-01-18-00-00", "latency": 4}]}, {"location": {"country_code": "us", "region": "Utah"}, "game_id": "762836", "values": [{"date": "2024-07-02-02-00-00", "latency": 35}, {"date": "2024-07-02-02-00-00", "latency": 35}]}, {"location": {"country_code": "cn"}, "game_id": "762836", "values": [{"date": "2024-07-01-18-00-00", "latency": 1}, {"date": "2024-07-01-18-00-00", "latency": 1}, {"date": "2024-07-01-18-00-00", "latency": 1}, {"date": "2024-07-01-18-00-00", "latency": 1}]}, {"location": {"country_code": "ie"}, "game_id": "762836", "values": [{"date": "2024-07-01-03-00-00", "latency": 6}, {"date": "2024-07-01-03-00-00", "latency": 6}, {"date": "2024-07-01-03-00-00", "latency": 6}, {"date": "2024-07-01-03-00-00", "latency": 6}]}, {"location": {"country_code": "au", "region": "Queensland"}, "game_id": "762836", "values": [{"date": "2024-07-01-11-00-00", "latency": 0}]}, {"location": {"country_code": "pt"}, "game_id": "762836", "values": [{"date": "2024-07-01-03-00-00", "latency": 8}]}, {"location": {"country_code": "br", "region": "State of Rio de Janeiro", "city": "Angra dos Reis"}, "game_id": "762836", "values": [{"date": "2024-07-01-03-00-00", "latency": 36}]}, {"location": {"country_code": "us", "region": "Nebraska"}, "game_id": "762836", "values": [{"date": "2024-07-01-02-00-00", "latency": 4}]}, {"location": {"country_code": "lt"}, "game_id": "762836", "values": [{"date": "2024-07-01-21-00-00", "latency": 4}]}, {"location": {"country_code": "ca", "region": "Quebec"}, "game_id": "762836", "values": [{"date": "2024-07-01-19-00-00", "latency": 16}, {"date": "2024-07-01-19-00-00", "latency": 16}, {"date": "2024-07-01-19-00-00", "latency": 16}]}, {"location": {"country_code": "dz"}, "game_id": "762836", "values": [{"date": "2024-07-01-19-00-00", "latency": 7}]}, {"location": {"country_code": "us", "region": "New Hampshire", "city": "Hopkinton"}, "game_id": "762836", "values": [{"date": "2024-07-01-03-00-00", "latency": 23}]}, {"location": {"country_code": "fr", "region": "Centre-Val de Loire", "city": "Vendome"}, "game_id": "762836", "values": [{"date": "2024-07-01-22-00-00", "latency": 20}, {"date": "2024-07-01-22-00-00", "latency": 20}]}, {"location": {"country_code": "in", "region": "Kerala", "city": "Kollam"}, "game_id": "762836", "values": [{"date": "2024-07-01-18-00-00", "latency": 101}, {"date": "2024-07-01-18-00-00", "latency": 101}, {"date": "2024-07-01-18-00-00", "latency": 101}, {"date": "2024-07-01-18-00-00", "latency": 101}, {"date": "2024-07-01-18-00-00", "latency": 101}]}], "last_updated": 1719919364.956018}