{"data": [{"location": {"country_code": "us"}, "game_id": "135305", "values": [{"date": "2021-10-29-02-00-00", "latency": 45}, {"date": "2021-10-29-03-00-00", "latency": 154}, {"date": "2021-10-29-03-00-00", "latency": 154}, {"date": "2021-10-29-03-00-00", "latency": 154}, {"date": "2021-10-29-07-00-00", "latency": 121}, {"date": "2021-10-29-07-00-00", "latency": 121}]}, {"location": {"country_code": "gb"}, "game_id": "135305", "values": [{"date": "2021-10-29-23-00-00", "latency": 94}, {"date": "2021-10-29-23-00-00", "latency": 94}, {"date": "2021-10-29-23-00-00", "latency": 94}, {"date": "2021-10-29-23-00-00", "latency": 94}]}, {"location": {"country_code": "jp"}, "game_id": "135305", "values": [{"date": "2021-10-29-15-00-00", "latency": 34}]}, {"location": {"country_code": "gb", "region": "England"}, "game_id": "135305", "values": [{"date": "2021-10-30-01-00-00", "latency": 111}]}, {"location": {"country_code": "ph"}, "game_id": "135305", "values": [{"date": "2021-10-29-18-00-00", "latency": 89}]}, {"location": {"country_code": "ph", "region": "National Capital Region", "city": "Quezon City"}, "game_id": "135305", "values": [{"date": "2021-10-29-15-00-00", "latency": 106}, {"date": "2021-10-29-15-00-00", "latency": 106}]}, {"location": {"country_code": "fr"}, "game_id": "135305", "values": [{"date": "2021-10-29-12-00-00", "latency": 87}]}, {"location": {"country_code": "us", "region": "California"}, "game_id": "135305", "values": [{"date": "2021-10-30-02-00-00", "latency": 94}]}, {"location": {"country_code": "us", "region": "California", "city": "East Los Angeles"}, "game_id": "135305", "values": [{"date": "2021-10-29-10-00-00", "latency": 88}]}, {"location": {"country_code": "au"}, "game_id": "135305", "values": [{"date": "2021-10-30-01-00-00", "latency": 282}, {"date": "2021-10-30-01-00-00", "latency": 282}]}, {"location": {"country_code": "au", "region": "Victoria", "city": "Melbourne"}, "game_id": "135305", "values": [{"date": "2021-10-29-19-00-00", "latency": 247}, {"date": "2021-10-29-19-00-00", "latency": 247}, {"date": "2021-10-29-19-00-00", "latency": 247}]}, {"location": {"country_code": "es", "region": "Madrid", "city": "Parla"}, "game_id": "135305", "values": [{"date": "2021-10-29-23-00-00", "latency": 94}, {"date": "2021-10-29-23-00-00", "latency": 94}, {"date": "2021-10-29-23-00-00", "latency": 94}, {"date": "2021-10-29-23-00-00", "latency": 94}, {"date": "2021-10-29-23-00-00", "latency": 94}, {"date": "2021-10-29-23-00-00", "latency": 94}, {"date": "2021-10-29-23-00-00", "latency": 94}]}, {"location": {"country_code": "us", "region": "Pennsylvania", "city": "Philadelphia"}, "game_id": "135305", "values": [{"date": "2021-10-29-22-00-00", "latency": 37}]}, {"location": {"country_code": "de", "region": "Free and Hanseatic City of Hamburg", "city": "Hamburg"}, "game_id": "135305", "values": [{"date": "2021-10-30-01-00-00", "latency": 260}, {"date": "2021-10-30-01-00-00", "latency": 260}]}, {"location": {"country_code": "us", "region": "Puerto Rico", "city": "Corozal"}, "game_id": "135305", "values": [{"date": "2021-10-29-05-00-00", "latency": 110}, {"date": "2021-10-29-05-00-00", "latency": 110}]}, {"location": {"country_code": "us", "region": "Nevada", "city": "Las Vegas"}, "game_id": "135305", "values": [{"date": "2021-10-29-07-00-00", "latency": 113}]}, {"location": {"country_code": "ca", "region": "Ontario", "city": "Toronto"}, "game_id": "135305", "values": [{"date": "2021-10-29-02-00-00", "latency": 70}]}, {"location": {"country_code": "my"}, "game_id": "135305", "values": [{"date": "2021-10-29-18-00-00", "latency": 166}, {"date": "2021-10-29-18-00-00", "latency": 166}, {"date": "2021-10-29-18-00-00", "latency": 166}]}, {"location": {"country_code": "id"}, "game_id": "135305", "values": [{"date": "2021-10-29-13-00-00", "latency": 145}]}, {"location": {"country_code": "es", "region": "Andalusia", "city": "Seville"}, "game_id": "135305", "values": [{"date": "2021-10-29-15-00-00", "latency": 100}]}, {"location": {"country_code": "us", "region": "State of Maine"}, "game_id": "135305", "values": [{"date": "2021-10-29-18-00-00", "latency": 69}, {"date": "2021-10-29-18-00-00", "latency": 69}]}, {"location": {"country_code": "pk"}, "game_id": "135305", "values": [{"date": "2021-10-29-20-00-00", "latency": 116}]}, {"location": {"country_code": "gt"}, "game_id": "135305", "values": [{"date": "2021-10-30-00-00-00", "latency": 108}]}, {"location": {"country_code": "us", "region": "Washington", "city": "Seattle"}, "game_id": "135305", "values": [{"date": "2021-10-29-20-00-00", "latency": 108}, {"date": "2021-10-29-20-00-00", "latency": 108}, {"date": "2021-10-29-20-00-00", "latency": 108}, {"date": "2021-10-29-20-00-00", "latency": 108}]}, {"location": {"country_code": "us", "region": "Virginia", "city": "Norfolk"}, "game_id": "135305", "values": [{"date": "2021-10-30-02-00-00", "latency": 34}, {"date": "2021-10-30-02-00-00", "latency": 34}]}, {"location": {"country_code": "id", "region": "North Sumatra", "city": "Medan"}, "game_id": "135305", "values": [{"date": "2021-10-29-12-00-00", "latency": 155}, {"date": "2021-10-29-12-00-00", "latency": 155}]}, {"location": {"country_code": "pe", "region": "San Martin Department"}, "game_id": "135305", "values": [{"date": "2021-10-30-02-00-00", "latency": 749}, {"date": "2021-10-30-02-00-00", "latency": 749}]}, {"location": {"country_code": "hu", "region": " ", "city": "Taksony"}, "game_id": "135305", "values": [{"date": "2021-10-29-11-00-00", "latency": 59}]}], "last_updated": 1719927539.225146}