{"data": [{"location": {"country_code": "us"}, "game_id": "295590", "values": [{"date": "2021-09-17-06-00-00", "latency": 118}, {"date": "2021-09-17-06-00-00", "latency": 118}, {"date": "2021-09-17-06-00-00", "latency": 118}, {"date": "2021-09-17-06-00-00", "latency": 118}, {"date": "2021-09-17-16-00-00", "latency": 0}, {"date": "2021-09-17-09-00-00", "latency": 18}, {"date": "2021-09-17-03-00-00", "latency": 1}, {"date": "2021-09-17-13-00-00", "latency": 30}, {"date": "2021-09-17-13-00-00", "latency": 30}, {"date": "2021-09-17-08-00-00", "latency": 1}, {"date": "2021-09-17-10-00-00", "latency": 7}]}, {"location": {"country_code": "us", "region": "Ohio", "city": "Columbus"}, "game_id": "295590", "values": [{"date": "2021-09-17-06-00-00", "latency": 3}]}, {"location": {"country_code": "be", "region": "Namur Province", "city": "Namur"}, "game_id": "295590", "values": [{"date": "2021-09-17-19-00-00", "latency": 5}]}, {"location": {"country_code": "nz", "region": "Auckland", "city": "Auckland"}, "game_id": "295590", "values": [{"date": "2021-09-17-12-00-00", "latency": 3}, {"date": "2021-09-17-16-00-00", "latency": 2}]}, {"location": {"country_code": "us", "region": "New York", "city": "Jamestown"}, "game_id": "295590", "values": [{"date": "2021-09-17-18-00-00", "latency": 8}]}, {"location": {"country_code": "gb"}, "game_id": "295590", "values": [{"date": "2021-09-17-07-00-00", "latency": 8}, {"date": "2021-09-18-01-00-00", "latency": 3}, {"date": "2021-09-17-17-00-00", "latency": 4}]}, {"location": {"country_code": "gr"}, "game_id": "295590", "values": [{"date": "2021-09-17-12-00-00", "latency": 11}, {"date": "2021-09-18-02-00-00", "latency": 3}, {"date": "2021-09-18-02-00-00", "latency": 3}, {"date": "2021-09-18-02-00-00", "latency": 3}]}, {"location": {"country_code": "nl"}, "game_id": "295590", "values": [{"date": "2021-09-18-01-00-00", "latency": 0}]}, {"location": {"country_code": "cz"}, "game_id": "295590", "values": [{"date": "2021-09-18-00-00-00", "latency": 0}]}, {"location": {"country_code": "it"}, "game_id": "295590", "values": [{"date": "2021-09-17-21-00-00", "latency": 264}]}, {"location": {"country_code": "jp"}, "game_id": "295590", "values": [{"date": "2021-09-17-15-00-00", "latency": 12}, {"date": "2021-09-17-15-00-00", "latency": 12}]}, {"location": {"country_code": "ca"}, "game_id": "295590", "values": [{"date": "2021-09-17-07-00-00", "latency": 3}, {"date": "2021-09-18-01-00-00", "latency": 13}, {"date": "2021-09-17-08-00-00", "latency": 1123}]}, {"location": {"country_code": "de"}, "game_id": "295590", "values": [{"date": "2021-09-17-03-00-00", "latency": 1}, {"date": "2021-09-17-17-00-00", "latency": 1502}, {"date": "2021-09-17-20-00-00", "latency": 7}, {"date": "2021-09-18-01-00-00", "latency": 1}]}, {"location": {"country_code": "br", "region": "Parana", "city": "Araucaria"}, "game_id": "295590", "values": [{"date": "2021-09-17-02-00-00", "latency": 0}, {"date": "2021-09-17-03-00-00", "latency": 1}, {"date": "2021-09-18-00-00-00", "latency": 2}]}, {"location": {"country_code": "gb", "region": "England"}, "game_id": "295590", "values": [{"date": "2021-09-17-23-00-00", "latency": 4}]}, {"location": {"country_code": "cl"}, "game_id": "295590", "values": [{"date": "2021-09-17-18-00-00", "latency": 3}]}, {"location": {"country_code": "us", "region": "Texas"}, "game_id": "295590", "values": [{"date": "2021-09-17-05-00-00", "latency": 1}, {"date": "2021-09-17-18-00-00", "latency": 10}, {"date": "2021-09-17-18-00-00", "latency": 10}, {"date": "2021-09-17-18-00-00", "latency": 10}, {"date": "2021-09-17-18-00-00", "latency": 10}, {"date": "2021-09-17-18-00-00", "latency": 10}, {"date": "2021-09-17-05-00-00", "latency": 2}]}, {"location": {"country_code": "us", "region": "Florida"}, "game_id": "295590", "values": [{"date": "2021-09-17-19-00-00", "latency": 8}]}, {"location": {"country_code": "fr"}, "game_id": "295590", "values": [{"date": "2021-09-17-02-00-00", "latency": 29}, {"date": "2021-09-17-02-00-00", "latency": 29}, {"date": "2021-09-17-02-00-00", "latency": 29}, {"date": "2021-09-17-02-00-00", "latency": 29}, {"date": "2021-09-17-02-00-00", "latency": 29}]}, {"location": {"country_code": "br", "region": "Minas Gerais", "city": "Betim"}, "game_id": "295590", "values": [{"date": "2021-09-17-05-00-00", "latency": 3}]}, {"location": {"country_code": "us", "region": "New Jersey"}, "game_id": "295590", "values": [{"date": "2021-09-18-00-00-00", "latency": 4}]}, {"location": {"country_code": "mx"}, "game_id": "295590", "values": [{"date": "2021-09-17-07-00-00", "latency": 9}, {"date": "2021-09-17-07-00-00", "latency": 9}, {"date": "2021-09-17-04-00-00", "latency": 8}, {"date": "2021-09-17-04-00-00", "latency": 8}, {"date": "2021-09-17-05-00-00", "latency": 7}, {"date": "2021-09-17-09-00-00", "latency": 2}]}, {"location": {"country_code": "us", "region": "Ohio"}, "game_id": "295590", "values": [{"date": "2021-09-17-18-00-00", "latency": 0}, {"date": "2021-09-17-02-00-00", "latency": 8}]}, {"location": {"country_code": "us", "region": "Kentucky"}, "game_id": "295590", "values": [{"date": "2021-09-17-02-00-00", "latency": 13}, {"date": "2021-09-17-02-00-00", "latency": 13}]}, {"location": {"country_code": "mx", "region": "Mexico City"}, "game_id": "295590", "values": [{"date": "2021-09-17-05-00-00", "latency": 8}, {"date": "2021-09-17-07-00-00", "latency": 55}]}, {"location": {"country_code": "us", "region": "California"}, "game_id": "295590", "values": [{"date": "2021-09-18-00-00-00", "latency": 4}, {"date": "2021-09-17-06-00-00", "latency": 9}, {"date": "2021-09-17-08-00-00", "latency": 24}, {"date": "2021-09-17-04-00-00", "latency": 1}]}, {"location": {"country_code": "br"}, "game_id": "295590", "values": [{"date": "2021-09-18-01-00-00", "latency": 4}, {"date": "2021-09-18-02-00-00", "latency": 8}, {"date": "2021-09-18-01-00-00", "latency": 1}, {"date": "2021-09-17-03-00-00", "latency": 1}, {"date": "2021-09-17-08-00-00", "latency": 4}, {"date": "2021-09-17-07-00-00", "latency": 2}]}, {"location": {"country_code": "br", "region": "Sao Paulo", "city": "Apiai"}, "game_id": "295590", "values": [{"date": "2021-09-17-02-00-00", "latency": 2}]}, {"location": {"country_code": "se", "region": "Gavleborg County"}, "game_id": "295590", "values": [{"date": "2021-09-17-08-00-00", "latency": 7}]}, {"location": {"country_code": "es", "region": "Madrid", "city": "Parla"}, "game_id": "295590", "values": [{"date": "2021-09-18-01-00-00", "latency": 4}]}, {"location": {"country_code": "dk"}, "game_id": "295590", "values": [{"date": "2021-09-17-19-00-00", "latency": 2}]}, {"location": {"country_code": "us", "region": "Iowa"}, "game_id": "295590", "values": [{"date": "2021-09-17-14-00-00", "latency": 3}]}, {"location": {"country_code": "tr"}, "game_id": "295590", "values": [{"date": "2021-09-18-01-00-00", "latency": 1}, {"date": "2021-09-17-14-00-00", "latency": 8}]}, {"location": {"country_code": "ca", "region": "Ontario"}, "game_id": "295590", "values": [{"date": "2021-09-17-05-00-00", "latency": 8}]}, {"location": {"country_code": "es"}, "game_id": "295590", "values": [{"date": "2021-09-17-23-00-00", "latency": 4}]}, {"location": {"country_code": "ar"}, "game_id": "295590", "values": [{"date": "2021-09-17-05-00-00", "latency": 44}, {"date": "2021-09-17-05-00-00", "latency": 44}, {"date": "2021-09-17-05-00-00", "latency": 5}]}, {"location": {"country_code": "ar", "region": "Buenos Aires F.D.", "city": "Bahia Blanca"}, "game_id": "295590", "values": [{"date": "2021-09-17-06-00-00", "latency": 7}, {"date": "2021-09-18-01-00-00", "latency": 0}, {"date": "2021-09-18-01-00-00", "latency": 1}, {"date": "2021-09-17-23-00-00", "latency": 0}, {"date": "2021-09-17-11-00-00", "latency": 10}, {"date": "2021-09-17-03-00-00", "latency": 15}]}, {"location": {"country_code": "ar", "region": "Buenos Aires", "city": "Presidente Derqui"}, "game_id": "295590", "values": [{"date": "2021-09-17-19-00-00", "latency": 8}, {"date": "2021-09-17-19-00-00", "latency": 8}, {"date": "2021-09-17-19-00-00", "latency": 8}]}, {"location": {"country_code": "fr", "region": "Normandy", "city": "Le Havre"}, "game_id": "295590", "values": [{"date": "2021-09-17-17-00-00", "latency": 4}]}, {"location": {"country_code": "ru", "region": "Moscow", "city": "Zelenograd"}, "game_id": "295590", "values": [{"date": "2021-09-17-18-00-00", "latency": 49}]}, {"location": {"country_code": "us", "region": "California", "city": "Elk Grove"}, "game_id": "295590", "values": [{"date": "2021-09-17-04-00-00", "latency": 4}]}, {"location": {"country_code": "us", "region": "Texas", "city": "Houston"}, "game_id": "295590", "values": [{"date": "2021-09-17-06-00-00", "latency": 2}, {"date": "2021-09-17-06-00-00", "latency": 2}, {"date": "2021-09-17-06-00-00", "latency": 2}, {"date": "2021-09-17-06-00-00", "latency": 2}, {"date": "2021-09-17-06-00-00", "latency": 2}]}, {"location": {"country_code": "at", "region": "Vienna"}, "game_id": "295590", "values": [{"date": "2021-09-17-11-00-00", "latency": 1}]}, {"location": {"country_code": "co"}, "game_id": "295590", "values": [{"date": "2021-09-17-05-00-00", "latency": 3}, {"date": "2021-09-18-01-00-00", "latency": 3}, {"date": "2021-09-17-23-00-00", "latency": 67}, {"date": "2021-09-17-23-00-00", "latency": 67}, {"date": "2021-09-17-23-00-00", "latency": 67}]}, {"location": {"country_code": "ve", "region": "Anzoategui", "city": "Barcelona"}, "game_id": "295590", "values": [{"date": "2021-09-17-03-00-00", "latency": 84}]}, {"location": {"country_code": "es", "region": "Aragon", "city": "Zaragoza"}, "game_id": "295590", "values": [{"date": "2021-09-17-02-00-00", "latency": 1}]}, {"location": {"country_code": "es", "region": "Catalonia"}, "game_id": "295590", "values": [{"date": "2021-09-17-13-00-00", "latency": 8}]}, {"location": {"country_code": "pl"}, "game_id": "295590", "values": [{"date": "2021-09-17-12-00-00", "latency": 0}, {"date": "2021-09-17-09-00-00", "latency": 4}, {"date": "2021-09-18-00-00-00", "latency": 0}]}, {"location": {"country_code": "us", "region": "North Carolina"}, "game_id": "295590", "values": [{"date": "2021-09-17-05-00-00", "latency": 3}, {"date": "2021-09-17-05-00-00", "latency": 3}, {"date": "2021-09-17-05-00-00", "latency": 3}]}, {"location": {"country_code": "us", "region": "Nevada", "city": "Las Vegas"}, "game_id": "295590", "values": [{"date": "2021-09-17-06-00-00", "latency": 8}, {"date": "2021-09-17-06-00-00", "latency": 8}]}, {"location": {"country_code": "mx", "region": "Baja California", "city": "Mexicali"}, "game_id": "295590", "values": [{"date": "2021-09-17-08-00-00", "latency": 11}]}, {"location": {"country_code": "pe"}, "game_id": "295590", "values": [{"date": "2021-09-17-05-00-00", "latency": 17}, {"date": "2021-09-17-08-00-00", "latency": 16}, {"date": "2021-09-17-08-00-00", "latency": 16}, {"date": "2021-09-17-03-00-00", "latency": 1}, {"date": "2021-09-17-07-00-00", "latency": 23}, {"date": "2021-09-17-07-00-00", "latency": 23}]}, {"location": {"country_code": "kz"}, "game_id": "295590", "values": [{"date": "2021-09-17-15-00-00", "latency": 106}]}, {"location": {"country_code": "tr", "region": "Marmara Bolgesi", "city": "Istanbul"}, "game_id": "295590", "values": [{"date": "2021-09-18-02-00-00", "latency": 9}, {"date": "2021-09-18-02-00-00", "latency": 9}, {"date": "2021-09-18-02-00-00", "latency": 9}, {"date": "2021-09-18-02-00-00", "latency": 9}, {"date": "2021-09-18-02-00-00", "latency": 9}]}, {"location": {"country_code": "ca", "region": "Ontario", "city": "Toronto"}, "game_id": "295590", "values": [{"date": "2021-09-17-22-00-00", "latency": 0}, {"date": "2021-09-17-23-00-00", "latency": 144}, {"date": "2021-09-17-05-00-00", "latency": 8}]}, {"location": {"country_code": "br", "region": "Santa Catarina", "city": "Palhoca"}, "game_id": "295590", "values": [{"date": "2021-09-17-02-00-00", "latency": 1074}]}, {"location": {"country_code": "id"}, "game_id": "295590", "values": [{"date": "2021-09-17-16-00-00", "latency": 4}]}, {"location": {"country_code": "br", "region": "Pernambuco", "city": "Pombos"}, "game_id": "295590", "values": [{"date": "2021-09-17-02-00-00", "latency": 2}]}, {"location": {"country_code": "mx", "region": "Nuevo Leon", "city": "Monterrey"}, "game_id": "295590", "values": [{"date": "2021-09-18-01-00-00", "latency": 6}, {"date": "2021-09-18-01-00-00", "latency": 6}, {"date": "2021-09-18-01-00-00", "latency": 6}, {"date": "2021-09-18-01-00-00", "latency": 6}, {"date": "2021-09-18-01-00-00", "latency": 6}, {"date": "2021-09-18-01-00-00", "latency": 6}, {"date": "2021-09-18-01-00-00", "latency": 6}, {"date": "2021-09-18-01-00-00", "latency": 6}, {"date": "2021-09-18-01-00-00", "latency": 6}, {"date": "2021-09-18-01-00-00", "latency": 6}, {"date": "2021-09-18-01-00-00", "latency": 6}, {"date": "2021-09-18-01-00-00", "latency": 6}]}, {"location": {"country_code": "au", "region": "Western Australia", "city": "Perth"}, "game_id": "295590", "values": [{"date": "2021-09-17-16-00-00", "latency": 21}, {"date": "2021-09-17-16-00-00", "latency": 21}, {"date": "2021-09-17-16-00-00", "latency": 21}, {"date": "2021-09-17-16-00-00", "latency": 21}]}, {"location": {"country_code": "br", "region": "Rio Grande do Sul", "city": "Porto Alegre"}, "game_id": "295590", "values": [{"date": "2021-09-17-08-00-00", "latency": 5}, {"date": "2021-09-17-23-00-00", "latency": 13}, {"date": "2021-09-17-23-00-00", "latency": 13}, {"date": "2021-09-17-23-00-00", "latency": 13}, {"date": "2021-09-17-23-00-00", "latency": 13}]}, {"location": {"country_code": "pt"}, "game_id": "295590", "values": [{"date": "2021-09-17-21-00-00", "latency": 2}]}, {"location": {"country_code": "us", "region": "Colorado"}, "game_id": "295590", "values": [{"date": "2021-09-17-19-00-00", "latency": 8}]}, {"location": {"country_code": "br", "region": "State of Rio de Janeiro", "city": "Angra dos Reis"}, "game_id": "295590", "values": [{"date": "2021-09-17-05-00-00", "latency": 1}, {"date": "2021-09-17-03-00-00", "latency": 9}, {"date": "2021-09-17-05-00-00", "latency": 0}, {"date": "2021-09-17-03-00-00", "latency": 2}, {"date": "2021-09-18-02-00-00", "latency": 5}, {"date": "2021-09-17-04-00-00", "latency": 2}]}, {"location": {"country_code": "br", "region": "State of Rio de Janeiro", "city": "Iguaba Grande"}, "game_id": "295590", "values": [{"date": "2021-09-17-03-00-00", "latency": 3}]}, {"location": {"country_code": "us", "region": "Tennessee"}, "game_id": "295590", "values": [{"date": "2021-09-18-00-00-00", "latency": 34}, {"date": "2021-09-18-00-00-00", "latency": 34}]}, {"location": {"country_code": "uy"}, "game_id": "295590", "values": [{"date": "2021-09-17-11-00-00", "latency": 8}]}, {"location": {"country_code": "de", "region": "Rhineland-Palatinate", "city": "Koblenz"}, "game_id": "295590", "values": [{"date": "2021-09-17-16-00-00", "latency": 2}]}, {"location": {"country_code": "mx", "region": "Baja California", "city": "Tijuana"}, "game_id": "295590", "values": [{"date": "2021-09-17-08-00-00", "latency": 4}]}, {"location": {"country_code": "sv"}, "game_id": "295590", "values": [{"date": "2021-09-17-05-00-00", "latency": 7}]}, {"location": {"country_code": "ca", "region": "Quebec", "city": "Montreal"}, "game_id": "295590", "values": [{"date": "2021-09-17-23-00-00", "latency": 103}]}, {"location": {"country_code": "br", "region": "Rio Grande do Sul"}, "game_id": "295590", "values": [{"date": "2021-09-17-07-00-00", "latency": 4}]}, {"location": {"country_code": "br", "region": "Parana", "city": "Cambara"}, "game_id": "295590", "values": [{"date": "2021-09-17-20-00-00", "latency": 3}]}, {"location": {"country_code": "us", "region": "Maryland"}, "game_id": "295590", "values": [{"date": "2021-09-17-20-00-00", "latency": 5}, {"date": "2021-09-17-20-00-00", "latency": 5}, {"date": "2021-09-17-20-00-00", "latency": 5}, {"date": "2021-09-17-20-00-00", "latency": 5}]}, {"location": {"country_code": "pe", "region": "Lima region", "city": "Lima"}, "game_id": "295590", "values": [{"date": "2021-09-17-06-00-00", "latency": 152}, {"date": "2021-09-17-06-00-00", "latency": 152}, {"date": "2021-09-18-02-00-00", "latency": 27}]}, {"location": {"country_code": "mx", "region": "Jalisco", "city": "Guadalajara"}, "game_id": "295590", "values": [{"date": "2021-09-17-06-00-00", "latency": 8}]}, {"location": {"country_code": "ar", "region": "Santa Fe Province", "city": "Rosario"}, "game_id": "295590", "values": [{"date": "2021-09-18-02-00-00", "latency": 6}]}, {"location": {"country_code": "mx", "region": "Tamaulipas"}, "game_id": "295590", "values": [{"date": "2021-09-17-05-00-00", "latency": 8}, {"date": "2021-09-17-05-00-00", "latency": 8}]}, {"location": {"country_code": "gt"}, "game_id": "295590", "values": [{"date": "2021-09-17-05-00-00", "latency": 5}]}, {"location": {"country_code": "fr", "region": "Alvernia-Rodano-Alpi", "city": "Lyon"}, "game_id": "295590", "values": [{"date": "2021-09-17-15-00-00", "latency": 3}]}, {"location": {"country_code": "au", "region": "Queensland", "city": "Brisbane"}, "game_id": "295590", "values": [{"date": "2021-09-17-14-00-00", "latency": 0}]}, {"location": {"country_code": "lv"}, "game_id": "295590", "values": [{"date": "2021-09-17-12-00-00", "latency": 1}]}, {"location": {"country_code": "ca", "region": "Quebec"}, "game_id": "295590", "values": [{"date": "2021-09-17-23-00-00", "latency": 0}]}, {"location": {"country_code": "ca", "region": "British Columbia"}, "game_id": "295590", "values": [{"date": "2021-09-17-07-00-00", "latency": 9}]}, {"location": {"country_code": "br", "region": "Alagoas", "city": "Maceio"}, "game_id": "295590", "values": [{"date": "2021-09-17-16-00-00", "latency": 3}]}, {"location": {"country_code": "ar", "region": "Tucuman Province", "city": "San Miguel de Tucuman"}, "game_id": "295590", "values": [{"date": "2021-09-17-18-00-00", "latency": 3}]}, {"location": {"country_code": "br", "region": "Rio Grande do Norte", "city": "Natal"}, "game_id": "295590", "values": [{"date": "2021-09-17-19-00-00", "latency": 10}]}, {"location": {"country_code": "es", "region": "Murcia", "city": "Lorca"}, "game_id": "295590", "values": [{"date": "2021-09-17-19-00-00", "latency": 9}]}, {"location": {"country_code": "ar", "region": "Cordoba Province", "city": "Rio Cuarto"}, "game_id": "295590", "values": [{"date": "2021-09-17-06-00-00", "latency": 15}, {"date": "2021-09-17-06-00-00", "latency": 15}, {"date": "2021-09-17-06-00-00", "latency": 15}, {"date": "2021-09-17-06-00-00", "latency": 15}]}, {"location": {"country_code": "nz", "region": "Wellington"}, "game_id": "295590", "values": [{"date": "2021-09-17-11-00-00", "latency": 6}, {"date": "2021-09-17-11-00-00", "latency": 6}]}, {"location": {"country_code": "br", "region": "Santa Catarina"}, "game_id": "295590", "values": [{"date": "2021-09-17-08-00-00", "latency": 3}]}, {"location": {"country_code": "br", "region": "Sao Paulo", "city": "Varzea Paulista"}, "game_id": "295590", "values": [{"date": "2021-09-17-15-00-00", "latency": 2}]}, {"location": {"country_code": "de", "region": "Bavaria", "city": "Munich"}, "game_id": "295590", "values": [{"date": "2021-09-18-02-00-00", "latency": 0}]}, {"location": {"country_code": "us", "region": "Iowa", "city": "West Des Moines"}, "game_id": "295590", "values": [{"date": "2021-09-17-06-00-00", "latency": 5}]}, {"location": {"country_code": "fr", "region": "Alvernia-Rodano-Alpi", "city": "Alex"}, "game_id": "295590", "values": [{"date": "2021-09-17-18-00-00", "latency": 15}]}, {"location": {"country_code": "es", "region": "Valencia", "city": "Gandia"}, "game_id": "295590", "values": [{"date": "2021-09-18-01-00-00", "latency": 20}, {"date": "2021-09-18-01-00-00", "latency": 20}, {"date": "2021-09-18-01-00-00", "latency": 20}]}, {"location": {"country_code": "mx", "region": "Sonora", "city": "Hermosillo"}, "game_id": "295590", "values": [{"date": "2021-09-17-04-00-00", "latency": 5}]}, {"location": {"country_code": "ar", "region": "Buenos Aires", "city": "La Plata"}, "game_id": "295590", "values": [{"date": "2021-09-17-04-00-00", "latency": 43}, {"date": "2021-09-17-04-00-00", "latency": 43}]}, {"location": {"country_code": "br", "region": "Amazonas", "city": "Manaus"}, "game_id": "295590", "values": [{"date": "2021-09-18-01-00-00", "latency": 7}, {"date": "2021-09-18-01-00-00", "latency": 7}]}, {"location": {"country_code": "br", "region": "Para", "city": "Tailandia"}, "game_id": "295590", "values": [{"date": "2021-09-17-04-00-00", "latency": 17}]}, {"location": {"country_code": "es", "region": "Andalusia", "city": "Marbella"}, "game_id": "295590", "values": [{"date": "2021-09-17-17-00-00", "latency": 8}, {"date": "2021-09-17-17-00-00", "latency": 8}]}, {"location": {"country_code": "br", "region": "Sao Paulo", "city": "Sertaozinho"}, "game_id": "295590", "values": [{"date": "2021-09-18-01-00-00", "latency": 2}]}, {"location": {"country_code": "us", "region": "California", "city": "Santa Ana"}, "game_id": "295590", "values": [{"date": "2021-09-17-10-00-00", "latency": 8}, {"date": "2021-09-17-10-00-00", "latency": 8}]}, {"location": {"country_code": "mx", "region": "Chihuahua"}, "game_id": "295590", "values": [{"date": "2021-09-17-08-00-00", "latency": 49}, {"date": "2021-09-17-08-00-00", "latency": 49}]}, {"location": {"country_code": "mx", "region": "Queretaro"}, "game_id": "295590", "values": [{"date": "2021-09-17-07-00-00", "latency": 1}]}, {"location": {"country_code": "co", "region": "Antioquia", "city": "Medellin"}, "game_id": "295590", "values": [{"date": "2021-09-17-20-00-00", "latency": 8}, {"date": "2021-09-17-20-00-00", "latency": 8}, {"date": "2021-09-17-20-00-00", "latency": 8}, {"date": "2021-09-17-20-00-00", "latency": 8}]}, {"location": {"country_code": "ma"}, "game_id": "295590", "values": [{"date": "2021-09-18-01-00-00", "latency": 4}]}, {"location": {"country_code": "bh"}, "game_id": "295590", "values": [{"date": "2021-09-17-15-00-00", "latency": 1}]}, {"location": {"country_code": "br", "region": "Paraiba", "city": "Santa Rita"}, "game_id": "295590", "values": [{"date": "2021-09-17-02-00-00", "latency": 7}]}, {"location": {"country_code": "ca", "region": "Saskatchewan"}, "game_id": "295590", "values": [{"date": "2021-09-18-01-00-00", "latency": 4}]}, {"location": {"country_code": "ar", "region": "Misiones Province", "city": "Posadas"}, "game_id": "295590", "values": [{"date": "2021-09-17-03-00-00", "latency": 1134}]}, {"location": {"country_code": "cn", "region": "Macao"}, "game_id": "295590", "values": [{"date": "2021-09-17-18-00-00", "latency": 14}, {"date": "2021-09-17-18-00-00", "latency": 14}, {"date": "2021-09-17-18-00-00", "latency": 14}]}, {"location": {"country_code": "ca", "region": "Quebec", "city": "Saguenay"}, "game_id": "295590", "values": [{"date": "2021-09-17-19-00-00", "latency": 17}, {"date": "2021-09-17-19-00-00", "latency": 17}, {"date": "2021-09-17-19-00-00", "latency": 17}, {"date": "2021-09-17-19-00-00", "latency": 17}, {"date": "2021-09-17-19-00-00", "latency": 17}]}, {"location": {"country_code": "br", "region": "State of Rio de Janeiro", "city": "Nilopolis"}, "game_id": "295590", "values": [{"date": "2021-09-17-16-00-00", "latency": 2}]}, {"location": {"country_code": "ar", "region": "Salta Province"}, "game_id": "295590", "values": [{"date": "2021-09-17-02-00-00", "latency": 3}]}, {"location": {"country_code": "es", "region": "Castille and Leon"}, "game_id": "295590", "values": [{"date": "2021-09-18-02-00-00", "latency": 4}, {"date": "2021-09-18-02-00-00", "latency": 4}, {"date": "2021-09-18-02-00-00", "latency": 4}, {"date": "2021-09-18-02-00-00", "latency": 4}, {"date": "2021-09-18-02-00-00", "latency": 4}, {"date": "2021-09-18-02-00-00", "latency": 4}, {"date": "2021-09-18-02-00-00", "latency": 4}, {"date": "2021-09-18-02-00-00", "latency": 4}, {"date": "2021-09-18-02-00-00", "latency": 4}, {"date": "2021-09-18-02-00-00", "latency": 4}, {"date": "2021-09-18-02-00-00", "latency": 4}]}, {"location": {"country_code": "se", "region": "Skane County", "city": "Malmo"}, "game_id": "295590", "values": [{"date": "2021-09-17-23-00-00", "latency": 7}, {"date": "2021-09-17-23-00-00", "latency": 7}]}, {"location": {"country_code": "br", "region": "State of Rio de Janeiro", "city": "Nova Iguacu"}, "game_id": "295590", "values": [{"date": "2021-09-17-06-00-00", "latency": 4}]}, {"location": {"country_code": "de", "region": "Mecklenburg-Vorpommern", "city": "Pasewalk, Vorpommern-Greifswald, Mecklenburg-Vorpommern, Deutschland"}, "game_id": "295590", "values": [{"date": "2021-09-17-19-00-00", "latency": 4}, {"date": "2021-09-17-19-00-00", "latency": 4}, {"date": "2021-09-17-19-00-00", "latency": 4}, {"date": "2021-09-17-19-00-00", "latency": 4}]}, {"location": {"country_code": "us", "region": "California", "city": "Healdsburg"}, "game_id": "295590", "values": [{"date": "2021-09-17-09-00-00", "latency": 7}, {"date": "2021-09-17-09-00-00", "latency": 7}]}, {"location": {"country_code": "mx", "region": "Sinaloa", "city": "Culiacan"}, "game_id": "295590", "values": [{"date": "2021-09-17-03-00-00", "latency": 1004}]}, {"location": {"country_code": "ca", "region": "British Columbia", "city": "Surrey"}, "game_id": "295590", "values": [{"date": "2021-09-17-03-00-00", "latency": 19}]}, {"location": {"country_code": "pt", "region": "Castelo Branco District"}, "game_id": "295590", "values": [{"date": "2021-09-18-00-00-00", "latency": 5}]}, {"location": {"country_code": "br", "region": "Minas Gerais", "city": "Pocos de Caldas"}, "game_id": "295590", "values": [{"date": "2021-09-17-06-00-00", "latency": 2}]}, {"location": {"country_code": "fr", "region": "Ile-de-France Region", "city": "Morainvilliers"}, "game_id": "295590", "values": [{"date": "2021-09-17-22-00-00", "latency": 4}]}, {"location": {"country_code": "fi", "region": "Northern Savonia", "city": "Kuopio"}, "game_id": "295590", "values": [{"date": "2021-09-17-16-00-00", "latency": 1}]}, {"location": {"country_code": "br", "region": "Ceara", "city": "Maracanau"}, "game_id": "295590", "values": [{"date": "2021-09-17-15-00-00", "latency": 2}]}, {"location": {"country_code": "us", "region": "Nevada", "city": "Laughlin"}, "game_id": "295590", "values": [{"date": "2021-09-17-18-00-00", "latency": 7}]}, {"location": {"country_code": "fr", "region": "Ile-de-France Region", "city": "Garches"}, "game_id": "295590", "values": [{"date": "2021-09-17-07-00-00", "latency": 7}]}, {"location": {"country_code": "us", "region": "California", "city": "Costa Mesa"}, "game_id": "295590", "values": [{"date": "2021-09-17-11-00-00", "latency": 57}, {"date": "2021-09-17-11-00-00", "latency": 57}, {"date": "2021-09-17-11-00-00", "latency": 57}, {"date": "2021-09-17-11-00-00", "latency": 57}, {"date": "2021-09-17-11-00-00", "latency": 57}, {"date": "2021-09-17-11-00-00", "latency": 57}]}, {"location": {"country_code": "be", "region": "Hainaut Province", "city": "Mons"}, "game_id": "295590", "values": [{"date": "2021-09-17-13-00-00", "latency": 1}]}, {"location": {"country_code": "br", "region": "Paraiba", "city": "Bonito de Santa Fe"}, "game_id": "295590", "values": [{"date": "2021-09-17-18-00-00", "latency": 14}, {"date": "2021-09-17-18-00-00", "latency": 14}, {"date": "2021-09-17-18-00-00", "latency": 14}]}, {"location": {"country_code": "sy", "region": "Aleppo Governorate", "city": ""}, "game_id": "295590", "values": [{"date": "2021-09-18-00-00-00", "latency": 62}]}, {"location": {"country_code": "ro", "region": "Dolj County", "city": "Craiova"}, "game_id": "295590", "values": [{"date": "2021-09-18-02-00-00", "latency": 3}, {"date": "2021-09-18-02-00-00", "latency": 3}]}, {"location": {"country_code": "br", "region": "Estado de Bahia", "city": "Paulo Afonso"}, "game_id": "295590", "values": [{"date": "2021-09-17-23-00-00", "latency": 14}]}, {"location": {"country_code": "br", "region": "Pernambuco", "city": "Salgadinho"}, "game_id": "295590", "values": [{"date": "2021-09-18-01-00-00", "latency": 5}]}, {"location": {"country_code": "se", "region": "Stockholm County", "city": "Sodertalje"}, "game_id": "295590", "values": [{"date": "2021-09-17-18-00-00", "latency": 3}]}, {"location": {"country_code": "ve", "region": "Merida", "city": "Tovar"}, "game_id": "295590", "values": [{"date": "2021-09-17-07-00-00", "latency": 70}, {"date": "2021-09-17-07-00-00", "latency": 70}]}, {"location": {"country_code": "ro", "region": "Olt County", "city": "Caracal"}, "game_id": "295590", "values": [{"date": "2021-09-17-20-00-00", "latency": 4}]}, {"location": {"country_code": "be", "region": "East Flanders Province", "city": "Aalter"}, "game_id": "295590", "values": [{"date": "2021-09-17-15-00-00", "latency": 6}, {"date": "2021-09-17-15-00-00", "latency": 6}, {"date": "2021-09-17-15-00-00", "latency": 6}]}, {"location": {"country_code": "pt", "region": "Viana do Alentejo Municipality", "city": "Salvaterra de Magos"}, "game_id": "295590", "values": [{"date": "2021-09-17-15-00-00", "latency": 5}]}, {"location": {"country_code": "us", "region": "Pennsylvania", "city": "Grand View Heights"}, "game_id": "295590", "values": [{"date": "2021-09-18-00-00-00", "latency": 4}]}], "last_updated": 1719919202.059877}