{"data": [{"location": {"country_code": "nz"}, "game_id": "128974", "values": [{"date": "2023-10-08-12-00-00", "latency": 75}, {"date": "2023-10-08-12-00-00", "latency": 75}, {"date": "2023-10-08-12-00-00", "latency": 85}]}, {"location": {"country_code": "us"}, "game_id": "128974", "values": [{"date": "2023-10-08-07-00-00", "latency": 242}, {"date": "2023-10-08-04-00-00", "latency": 81}, {"date": "2023-10-08-16-00-00", "latency": 182}, {"date": "2023-10-08-05-00-00", "latency": 63}, {"date": "2023-10-08-05-00-00", "latency": 63}, {"date": "2023-10-08-11-00-00", "latency": 83}, {"date": "2023-10-08-21-00-00", "latency": 127}, {"date": "2023-10-08-11-00-00", "latency": 92}, {"date": "2023-10-08-08-00-00", "latency": 74}, {"date": "2023-10-08-08-00-00", "latency": 74}, {"date": "2023-10-08-08-00-00", "latency": 74}, {"date": "2023-10-08-03-00-00", "latency": 68}, {"date": "2023-10-08-03-00-00", "latency": 68}, {"date": "2023-10-08-04-00-00", "latency": 349}, {"date": "2023-10-08-22-00-00", "latency": 99}, {"date": "2023-10-08-22-00-00", "latency": 99}, {"date": "2023-10-08-22-00-00", "latency": 161}, {"date": "2023-10-08-22-00-00", "latency": 161}, {"date": "2023-10-08-22-00-00", "latency": 161}, {"date": "2023-10-08-22-00-00", "latency": 161}, {"date": "2023-10-08-22-00-00", "latency": 161}]}, {"location": {"country_code": "us", "region": "California", "city": "Porterville"}, "game_id": "128974", "values": [{"date": "2023-10-08-17-00-00", "latency": 48}, {"date": "2023-10-08-17-00-00", "latency": 48}]}, {"location": {"country_code": "us", "region": "New York", "city": "Jamestown"}, "game_id": "128974", "values": [{"date": "2023-10-09-01-00-00", "latency": 783}, {"date": "2023-10-08-10-00-00", "latency": 84}, {"date": "2023-10-08-10-00-00", "latency": 84}, {"date": "2023-10-08-10-00-00", "latency": 84}, {"date": "2023-10-09-01-00-00", "latency": 61}, {"date": "2023-10-09-01-00-00", "latency": 61}, {"date": "2023-10-09-01-00-00", "latency": 61}, {"date": "2023-10-09-01-00-00", "latency": 61}, {"date": "2023-10-09-01-00-00", "latency": 61}, {"date": "2023-10-09-01-00-00", "latency": 61}, {"date": "2023-10-08-07-00-00", "latency": 106}, {"date": "2023-10-08-07-00-00", "latency": 106}, {"date": "2023-10-08-07-00-00", "latency": 106}, {"date": "2023-10-08-07-00-00", "latency": 106}, {"date": "2023-10-08-07-00-00", "latency": 106}, {"date": "2023-10-08-07-00-00", "latency": 106}, {"date": "2023-10-08-07-00-00", "latency": 106}, {"date": "2023-10-08-07-00-00", "latency": 106}, {"date": "2023-10-08-07-00-00", "latency": 106}]}, {"location": {"country_code": "gb"}, "game_id": "128974", "values": [{"date": "2023-10-08-23-00-00", "latency": 54}, {"date": "2023-10-08-23-00-00", "latency": 54}, {"date": "2023-10-08-16-00-00", "latency": 73}, {"date": "2023-10-08-16-00-00", "latency": 73}, {"date": "2023-10-08-16-00-00", "latency": 73}, {"date": "2023-10-08-23-00-00", "latency": 155}, {"date": "2023-10-08-23-00-00", "latency": 155}, {"date": "2023-10-08-23-00-00", "latency": 155}, {"date": "2023-10-08-23-00-00", "latency": 155}, {"date": "2023-10-08-22-00-00", "latency": 72}]}, {"location": {"country_code": "th"}, "game_id": "128974", "values": [{"date": "2023-10-08-18-00-00", "latency": 65}, {"date": "2023-10-08-16-00-00", "latency": 201}]}, {"location": {"country_code": "gr"}, "game_id": "128974", "values": [{"date": "2023-10-08-12-00-00", "latency": 85}]}, {"location": {"country_code": "pa"}, "game_id": "128974", "values": [{"date": "2023-10-08-06-00-00", "latency": 112}, {"date": "2023-10-08-06-00-00", "latency": 112}]}, {"location": {"country_code": "nl"}, "game_id": "128974", "values": [{"date": "2023-10-09-00-00-00", "latency": 124}, {"date": "2023-10-08-21-00-00", "latency": 44}, {"date": "2023-10-08-15-00-00", "latency": 63}]}, {"location": {"country_code": "cz"}, "game_id": "128974", "values": [{"date": "2023-10-08-16-00-00", "latency": 55}]}, {"location": {"country_code": "it"}, "game_id": "128974", "values": [{"date": "2023-10-08-21-00-00", "latency": 61}, {"date": "2023-10-08-21-00-00", "latency": 61}, {"date": "2023-10-08-03-00-00", "latency": 72}, {"date": "2023-10-08-14-00-00", "latency": 69}, {"date": "2023-10-08-14-00-00", "latency": 69}, {"date": "2023-10-08-14-00-00", "latency": 69}, {"date": "2023-10-08-14-00-00", "latency": 69}]}, {"location": {"country_code": "jp"}, "game_id": "128974", "values": [{"date": "2023-10-08-18-00-00", "latency": 74}]}, {"location": {"country_code": "ca"}, "game_id": "128974", "values": [{"date": "2023-10-08-03-00-00", "latency": 130}, {"date": "2023-10-08-05-00-00", "latency": 85}, {"date": "2023-10-08-09-00-00", "latency": 77}, {"date": "2023-10-08-08-00-00", "latency": 74}]}, {"location": {"country_code": "de"}, "game_id": "128974", "values": [{"date": "2023-10-08-19-00-00", "latency": 59}, {"date": "2023-10-08-21-00-00", "latency": 84}, {"date": "2023-10-08-21-00-00", "latency": 84}, {"date": "2023-10-08-21-00-00", "latency": 84}]}, {"location": {"country_code": "tw"}, "game_id": "128974", "values": [{"date": "2023-10-09-01-00-00", "latency": 293}, {"date": "2023-10-09-01-00-00", "latency": 293}, {"date": "2023-10-09-01-00-00", "latency": 293}]}, {"location": {"country_code": "gb", "region": "England"}, "game_id": "128974", "values": [{"date": "2023-10-08-23-00-00", "latency": 212}]}, {"location": {"country_code": "cl"}, "game_id": "128974", "values": [{"date": "2023-10-08-03-00-00", "latency": 209}, {"date": "2023-10-08-03-00-00", "latency": 182}, {"date": "2023-10-08-03-00-00", "latency": 182}, {"date": "2023-10-09-00-00-00", "latency": 184}]}, {"location": {"country_code": "us", "region": "Texas"}, "game_id": "128974", "values": [{"date": "2023-10-08-04-00-00", "latency": 176}, {"date": "2023-10-08-03-00-00", "latency": 76}]}, {"location": {"country_code": "us", "region": "Florida"}, "game_id": "128974", "values": [{"date": "2023-10-08-17-00-00", "latency": 102}, {"date": "2023-10-08-20-00-00", "latency": 171}, {"date": "2023-10-08-10-00-00", "latency": 210}, {"date": "2023-10-08-15-00-00", "latency": 83}, {"date": "2023-10-08-15-00-00", "latency": 83}, {"date": "2023-10-08-15-00-00", "latency": 83}, {"date": "2023-10-08-15-00-00", "latency": 83}, {"date": "2023-10-08-22-00-00", "latency": 98}, {"date": "2023-10-08-22-00-00", "latency": 98}, {"date": "2023-10-08-07-00-00", "latency": 97}, {"date": "2023-10-08-07-00-00", "latency": 97}, {"date": "2023-10-08-08-00-00", "latency": 87}]}, {"location": {"country_code": "us", "region": "Florida", "city": "Miami"}, "game_id": "128974", "values": [{"date": "2023-10-08-18-00-00", "latency": 167}, {"date": "2023-10-08-10-00-00", "latency": 79}]}, {"location": {"country_code": "ca", "region": "Ontario", "city": "Toronto"}, "game_id": "128974", "values": [{"date": "2023-10-09-01-00-00", "latency": 81}, {"date": "2023-10-09-01-00-00", "latency": 81}]}, {"location": {"country_code": "fr"}, "game_id": "128974", "values": [{"date": "2023-10-09-02-00-00", "latency": 142}, {"date": "2023-10-09-02-00-00", "latency": 142}, {"date": "2023-10-09-02-00-00", "latency": 142}, {"date": "2023-10-08-16-00-00", "latency": 40}, {"date": "2023-10-08-16-00-00", "latency": 40}, {"date": "2023-10-08-16-00-00", "latency": 40}, {"date": "2023-10-08-19-00-00", "latency": 120}, {"date": "2023-10-08-19-00-00", "latency": 120}, {"date": "2023-10-08-19-00-00", "latency": 120}, {"date": "2023-10-09-01-00-00", "latency": 42}, {"date": "2023-10-09-01-00-00", "latency": 42}, {"date": "2023-10-08-19-00-00", "latency": 67}, {"date": "2023-10-08-05-00-00", "latency": 67}, {"date": "2023-10-09-00-00-00", "latency": 44}]}, {"location": {"country_code": "us", "region": "New Jersey"}, "game_id": "128974", "values": [{"date": "2023-10-08-23-00-00", "latency": 66}]}, {"location": {"country_code": "mx"}, "game_id": "128974", "values": [{"date": "2023-10-08-04-00-00", "latency": 78}, {"date": "2023-10-09-01-00-00", "latency": 84}, {"date": "2023-10-09-01-00-00", "latency": 84}]}, {"location": {"country_code": "us", "region": "Ohio"}, "game_id": "128974", "values": [{"date": "2023-10-08-07-00-00", "latency": 92}, {"date": "2023-10-08-06-00-00", "latency": 109}]}, {"location": {"country_code": "us", "region": "California"}, "game_id": "128974", "values": [{"date": "2023-10-08-06-00-00", "latency": 62}, {"date": "2023-10-08-06-00-00", "latency": 62}, {"date": "2023-10-08-06-00-00", "latency": 62}, {"date": "2023-10-08-06-00-00", "latency": 62}, {"date": "2023-10-08-06-00-00", "latency": 62}, {"date": "2023-10-08-06-00-00", "latency": 62}, {"date": "2023-10-08-06-00-00", "latency": 62}, {"date": "2023-10-08-18-00-00", "latency": 154}, {"date": "2023-10-08-18-00-00", "latency": 154}, {"date": "2023-10-08-18-00-00", "latency": 154}, {"date": "2023-10-08-18-00-00", "latency": 154}, {"date": "2023-10-08-18-00-00", "latency": 154}, {"date": "2023-10-08-18-00-00", "latency": 154}, {"date": "2023-10-08-18-00-00", "latency": 154}, {"date": "2023-10-08-18-00-00", "latency": 154}, {"date": "2023-10-08-18-00-00", "latency": 154}, {"date": "2023-10-08-18-00-00", "latency": 154}, {"date": "2023-10-08-18-00-00", "latency": 154}, {"date": "2023-10-08-18-00-00", "latency": 154}, {"date": "2023-10-08-18-00-00", "latency": 154}, {"date": "2023-10-08-18-00-00", "latency": 154}, {"date": "2023-10-08-18-00-00", "latency": 154}, {"date": "2023-10-08-18-00-00", "latency": 154}, {"date": "2023-10-08-18-00-00", "latency": 154}, {"date": "2023-10-08-18-00-00", "latency": 154}, {"date": "2023-10-08-18-00-00", "latency": 154}, {"date": "2023-10-08-18-00-00", "latency": 154}, {"date": "2023-10-08-18-00-00", "latency": 154}, {"date": "2023-10-08-18-00-00", "latency": 154}, {"date": "2023-10-08-03-00-00", "latency": 83}, {"date": "2023-10-08-03-00-00", "latency": 83}, {"date": "2023-10-08-03-00-00", "latency": 83}]}, {"location": {"country_code": "br"}, "game_id": "128974", "values": [{"date": "2023-10-08-04-00-00", "latency": 60}, {"date": "2023-10-08-04-00-00", "latency": 60}, {"date": "2023-10-08-23-00-00", "latency": 175}, {"date": "2023-10-08-23-00-00", "latency": 175}, {"date": "2023-10-08-23-00-00", "latency": 175}, {"date": "2023-10-08-23-00-00", "latency": 175}, {"date": "2023-10-08-23-00-00", "latency": 175}, {"date": "2023-10-08-23-00-00", "latency": 175}, {"date": "2023-10-08-23-00-00", "latency": 175}, {"date": "2023-10-08-23-00-00", "latency": 175}, {"date": "2023-10-08-23-00-00", "latency": 175}]}, {"location": {"country_code": "br", "region": "Sao Paulo", "city": "Apiai"}, "game_id": "128974", "values": [{"date": "2023-10-08-02-00-00", "latency": 68}, {"date": "2023-10-09-00-00-00", "latency": 179}, {"date": "2023-10-09-00-00-00", "latency": 179}, {"date": "2023-10-09-00-00-00", "latency": 179}, {"date": "2023-10-09-01-00-00", "latency": 41}]}, {"location": {"country_code": "se"}, "game_id": "128974", "values": [{"date": "2023-10-09-00-00-00", "latency": 81}, {"date": "2023-10-08-22-00-00", "latency": 41}]}, {"location": {"country_code": "no"}, "game_id": "128974", "values": [{"date": "2023-10-08-05-00-00", "latency": 76}]}, {"location": {"country_code": "us", "region": "California", "city": "East Los Angeles"}, "game_id": "128974", "values": [{"date": "2023-10-08-16-00-00", "latency": 78}, {"date": "2023-10-08-16-00-00", "latency": 78}]}, {"location": {"country_code": "au"}, "game_id": "128974", "values": [{"date": "2023-10-08-15-00-00", "latency": 180}, {"date": "2023-10-08-15-00-00", "latency": 180}, {"date": "2023-10-08-15-00-00", "latency": 180}, {"date": "2023-10-08-07-00-00", "latency": 72}]}, {"location": {"country_code": "au", "region": "Victoria", "city": "Melbourne"}, "game_id": "128974", "values": [{"date": "2023-10-08-06-00-00", "latency": 109}, {"date": "2023-10-08-06-00-00", "latency": 109}]}, {"location": {"country_code": "td"}, "game_id": "128974", "values": [{"date": "2023-10-08-08-00-00", "latency": 73}, {"date": "2023-10-08-20-00-00", "latency": 89}]}, {"location": {"country_code": "es", "region": "Madrid", "city": "Parla"}, "game_id": "128974", "values": [{"date": "2023-10-08-21-00-00", "latency": 105}]}, {"location": {"country_code": "sa"}, "game_id": "128974", "values": [{"date": "2023-10-08-13-00-00", "latency": 327}, {"date": "2023-10-08-03-00-00", "latency": 163}, {"date": "2023-10-08-10-00-00", "latency": 177}, {"date": "2023-10-08-10-00-00", "latency": 177}, {"date": "2023-10-08-10-00-00", "latency": 177}, {"date": "2023-10-08-10-00-00", "latency": 177}, {"date": "2023-10-08-10-00-00", "latency": 177}]}, {"location": {"country_code": "ar"}, "game_id": "128974", "values": [{"date": "2023-10-09-00-00-00", "latency": 224}, {"date": "2023-10-09-00-00-00", "latency": 224}, {"date": "2023-10-09-00-00-00", "latency": 224}]}, {"location": {"country_code": "us", "region": "Michigan", "city": "Detroit"}, "game_id": "128974", "values": [{"date": "2023-10-08-05-00-00", "latency": 104}]}, {"location": {"country_code": "jm"}, "game_id": "128974", "values": [{"date": "2023-10-08-20-00-00", "latency": 91}, {"date": "2023-10-08-20-00-00", "latency": 91}, {"date": "2023-10-08-20-00-00", "latency": 91}, {"date": "2023-10-08-20-00-00", "latency": 91}, {"date": "2023-10-08-20-00-00", "latency": 91}, {"date": "2023-10-08-20-00-00", "latency": 91}, {"date": "2023-10-08-20-00-00", "latency": 91}, {"date": "2023-10-08-20-00-00", "latency": 91}]}, {"location": {"country_code": "fi"}, "game_id": "128974", "values": [{"date": "2023-10-08-15-00-00", "latency": 69}, {"date": "2023-10-08-15-00-00", "latency": 69}, {"date": "2023-10-08-15-00-00", "latency": 69}, {"date": "2023-10-08-15-00-00", "latency": 69}, {"date": "2023-10-08-15-00-00", "latency": 69}, {"date": "2023-10-08-15-00-00", "latency": 69}, {"date": "2023-10-08-15-00-00", "latency": 69}, {"date": "2023-10-08-15-00-00", "latency": 69}, {"date": "2023-10-08-15-00-00", "latency": 69}, {"date": "2023-10-08-15-00-00", "latency": 69}, {"date": "2023-10-08-15-00-00", "latency": 69}, {"date": "2023-10-08-15-00-00", "latency": 69}]}, {"location": {"country_code": "ru", "region": "Moscow", "city": "Zelenograd"}, "game_id": "128974", "values": [{"date": "2023-10-08-20-00-00", "latency": 51}, {"date": "2023-10-08-20-00-00", "latency": 51}]}, {"location": {"country_code": "ar", "region": "Buenos Aires F.D.", "city": "Bahia Blanca"}, "game_id": "128974", "values": [{"date": "2023-10-09-02-00-00", "latency": 223}]}, {"location": {"country_code": "jp", "region": "Tokyo"}, "game_id": "128974", "values": [{"date": "2023-10-08-04-00-00", "latency": 94}]}, {"location": {"country_code": "br", "region": "Maranhao", "city": "Paco do Lumiar"}, "game_id": "128974", "values": [{"date": "2023-10-09-01-00-00", "latency": 82}]}, {"location": {"country_code": "hu"}, "game_id": "128974", "values": [{"date": "2023-10-08-04-00-00", "latency": 143}, {"date": "2023-10-08-04-00-00", "latency": 143}]}, {"location": {"country_code": "at"}, "game_id": "128974", "values": [{"date": "2023-10-08-14-00-00", "latency": 71}]}, {"location": {"country_code": "us", "region": "Arizona"}, "game_id": "128974", "values": [{"date": "2023-10-08-06-00-00", "latency": 63}]}, {"location": {"country_code": "us", "region": "Utah"}, "game_id": "128974", "values": [{"date": "2023-10-08-21-00-00", "latency": 65}, {"date": "2023-10-08-21-00-00", "latency": 65}]}, {"location": {"country_code": "es", "region": "Aragon", "city": "Zaragoza"}, "game_id": "128974", "values": [{"date": "2023-10-08-22-00-00", "latency": 171}]}, {"location": {"country_code": "us", "region": "California", "city": "Chula Vista"}, "game_id": "128974", "values": [{"date": "2023-10-08-07-00-00", "latency": 81}, {"date": "2023-10-08-07-00-00", "latency": 81}, {"date": "2023-10-08-07-00-00", "latency": 81}, {"date": "2023-10-08-07-00-00", "latency": 81}, {"date": "2023-10-08-07-00-00", "latency": 81}, {"date": "2023-10-08-07-00-00", "latency": 81}]}, {"location": {"country_code": "pl"}, "game_id": "128974", "values": [{"date": "2023-10-08-21-00-00", "latency": 82}]}, {"location": {"country_code": "be"}, "game_id": "128974", "values": [{"date": "2023-10-08-23-00-00", "latency": 58}]}, {"location": {"country_code": "us", "region": "Nevada", "city": "Las Vegas"}, "game_id": "128974", "values": [{"date": "2023-10-08-08-00-00", "latency": 147}]}, {"location": {"country_code": "gb", "region": "England", "city": "London"}, "game_id": "128974", "values": [{"date": "2023-10-08-18-00-00", "latency": 41}, {"date": "2023-10-09-01-00-00", "latency": 207}, {"date": "2023-10-09-01-00-00", "latency": 207}, {"date": "2023-10-09-01-00-00", "latency": 207}]}, {"location": {"country_code": "ie"}, "game_id": "128974", "values": [{"date": "2023-10-08-03-00-00", "latency": 66}]}, {"location": {"country_code": "pe"}, "game_id": "128974", "values": [{"date": "2023-10-08-06-00-00", "latency": 180}]}, {"location": {"country_code": "br", "region": "Minas Gerais", "city": "Cristais"}, "game_id": "128974", "values": [{"date": "2023-10-08-02-00-00", "latency": 194}, {"date": "2023-10-08-02-00-00", "latency": 194}]}, {"location": {"country_code": "tr", "region": "Marmara Bolgesi", "city": "Istanbul"}, "game_id": "128974", "values": [{"date": "2023-10-08-17-00-00", "latency": 114}, {"date": "2023-10-08-17-00-00", "latency": 114}, {"date": "2023-10-08-17-00-00", "latency": 114}]}, {"location": {"country_code": "us", "region": "District of Columbia", "city": "Washington"}, "game_id": "128974", "values": [{"date": "2023-10-08-15-00-00", "latency": 76}, {"date": "2023-10-08-15-00-00", "latency": 76}, {"date": "2023-10-08-15-00-00", "latency": 76}, {"date": "2023-10-08-15-00-00", "latency": 76}]}, {"location": {"country_code": "py", "region": "Decimo Departamento"}, "game_id": "128974", "values": [{"date": "2023-10-08-05-00-00", "latency": 91}, {"date": "2023-10-08-05-00-00", "latency": 91}]}, {"location": {"country_code": "au", "region": "Western Australia", "city": "Perth"}, "game_id": "128974", "values": [{"date": "2023-10-08-13-00-00", "latency": 660}]}, {"location": {"country_code": "pt"}, "game_id": "128974", "values": [{"date": "2023-10-08-20-00-00", "latency": 165}, {"date": "2023-10-08-20-00-00", "latency": 165}, {"date": "2023-10-08-20-00-00", "latency": 165}, {"date": "2023-10-08-20-00-00", "latency": 165}, {"date": "2023-10-08-20-00-00", "latency": 165}, {"date": "2023-10-08-20-00-00", "latency": 165}, {"date": "2023-10-08-20-00-00", "latency": 165}, {"date": "2023-10-08-20-00-00", "latency": 165}, {"date": "2023-10-08-15-00-00", "latency": 84}, {"date": "2023-10-08-15-00-00", "latency": 84}, {"date": "2023-10-08-15-00-00", "latency": 84}, {"date": "2023-10-08-15-00-00", "latency": 84}, {"date": "2023-10-08-15-00-00", "latency": 84}, {"date": "2023-10-08-15-00-00", "latency": 84}, {"date": "2023-10-08-15-00-00", "latency": 84}, {"date": "2023-10-08-15-00-00", "latency": 84}, {"date": "2023-10-08-15-00-00", "latency": 84}, {"date": "2023-10-08-15-00-00", "latency": 84}, {"date": "2023-10-08-15-00-00", "latency": 84}]}, {"location": {"country_code": "us", "region": "Minnesota"}, "game_id": "128974", "values": [{"date": "2023-10-09-01-00-00", "latency": 85}, {"date": "2023-10-08-08-00-00", "latency": 121}, {"date": "2023-10-08-08-00-00", "latency": 121}, {"date": "2023-10-08-08-00-00", "latency": 121}]}, {"location": {"country_code": "us", "region": "Nebraska"}, "game_id": "128974", "values": [{"date": "2023-10-08-10-00-00", "latency": 81}]}, {"location": {"country_code": "ca", "region": "Quebec", "city": "Montreal"}, "game_id": "128974", "values": [{"date": "2023-10-08-12-00-00", "latency": 96}, {"date": "2023-10-08-12-00-00", "latency": 96}, {"date": "2023-10-08-12-00-00", "latency": 96}, {"date": "2023-10-08-12-00-00", "latency": 96}, {"date": "2023-10-08-12-00-00", "latency": 96}, {"date": "2023-10-08-12-00-00", "latency": 96}, {"date": "2023-10-08-12-00-00", "latency": 96}, {"date": "2023-10-08-12-00-00", "latency": 96}, {"date": "2023-10-08-12-00-00", "latency": 96}, {"date": "2023-10-08-12-00-00", "latency": 96}, {"date": "2023-10-08-12-00-00", "latency": 96}, {"date": "2023-10-08-12-00-00", "latency": 96}, {"date": "2023-10-08-12-00-00", "latency": 96}]}, {"location": {"country_code": "us", "region": "Massachusetts", "city": "Boston"}, "game_id": "128974", "values": [{"date": "2023-10-08-05-00-00", "latency": 64}]}, {"location": {"country_code": "us", "region": "Maryland"}, "game_id": "128974", "values": [{"date": "2023-10-08-20-00-00", "latency": 128}]}, {"location": {"country_code": "us", "region": "Florida", "city": "Orlando"}, "game_id": "128974", "values": [{"date": "2023-10-08-22-00-00", "latency": 137}, {"date": "2023-10-08-22-00-00", "latency": 137}, {"date": "2023-10-08-22-00-00", "latency": 137}, {"date": "2023-10-08-22-00-00", "latency": 137}, {"date": "2023-10-08-22-00-00", "latency": 137}, {"date": "2023-10-08-22-00-00", "latency": 137}]}, {"location": {"country_code": "pk"}, "game_id": "128974", "values": [{"date": "2023-10-08-20-00-00", "latency": 54}]}, {"location": {"country_code": "ca", "region": "British Columbia", "city": "Richmond"}, "game_id": "128974", "values": [{"date": "2023-10-09-01-00-00", "latency": 87}, {"date": "2023-10-08-05-00-00", "latency": 70}, {"date": "2023-10-08-05-00-00", "latency": 70}, {"date": "2023-10-08-05-00-00", "latency": 70}]}, {"location": {"country_code": "us", "region": "Texas", "city": "Irving"}, "game_id": "128974", "values": [{"date": "2023-10-08-19-00-00", "latency": 120}]}, {"location": {"country_code": "us", "region": "Georgia", "city": "Atlanta"}, "game_id": "128974", "values": [{"date": "2023-10-09-02-00-00", "latency": 124}]}, {"location": {"country_code": "ca", "region": "Quebec"}, "game_id": "128974", "values": [{"date": "2023-10-08-03-00-00", "latency": 61}]}, {"location": {"country_code": "ca", "region": "British Columbia"}, "game_id": "128974", "values": [{"date": "2023-10-08-04-00-00", "latency": 186}, {"date": "2023-10-08-04-00-00", "latency": 186}, {"date": "2023-10-08-22-00-00", "latency": 93}, {"date": "2023-10-08-22-00-00", "latency": 93}, {"date": "2023-10-08-22-00-00", "latency": 93}]}, {"location": {"country_code": "us", "region": "Oregon"}, "game_id": "128974", "values": [{"date": "2023-10-09-01-00-00", "latency": 191}, {"date": "2023-10-09-01-00-00", "latency": 191}, {"date": "2023-10-09-00-00-00", "latency": 733}]}, {"location": {"country_code": "es", "region": "Valencia", "city": "Gandia"}, "game_id": "128974", "values": [{"date": "2023-10-08-23-00-00", "latency": 91}]}, {"location": {"country_code": "tr", "region": "Ic Anadolu Bolgesi"}, "game_id": "128974", "values": [{"date": "2023-10-08-19-00-00", "latency": 102}]}, {"location": {"country_code": "us", "region": "New York"}, "game_id": "128974", "values": [{"date": "2023-10-08-03-00-00", "latency": 93}]}, {"location": {"country_code": "gm", "region": "Western"}, "game_id": "128974", "values": [{"date": "2023-10-08-09-00-00", "latency": 79}, {"date": "2023-10-08-09-00-00", "latency": 79}]}, {"location": {"country_code": "ma"}, "game_id": "128974", "values": [{"date": "2023-10-09-00-00-00", "latency": 68}, {"date": "2023-10-09-00-00-00", "latency": 68}]}, {"location": {"country_code": "br", "region": "Paraiba", "city": "Santa Rita"}, "game_id": "128974", "values": [{"date": "2023-10-08-04-00-00", "latency": 97}, {"date": "2023-10-08-04-00-00", "latency": 97}]}, {"location": {"country_code": "us", "region": "Virginia", "city": "Newport News"}, "game_id": "128974", "values": [{"date": "2023-10-08-04-00-00", "latency": 99}]}, {"location": {"country_code": "us", "region": "Hawaii", "city": "Hilo"}, "game_id": "128974", "values": [{"date": "2023-10-08-14-00-00", "latency": 101}, {"date": "2023-10-08-14-00-00", "latency": 101}]}, {"location": {"country_code": "cn", "region": "Macao"}, "game_id": "128974", "values": [{"date": "2023-10-08-16-00-00", "latency": 66}]}, {"location": {"country_code": "br", "region": "Rio Grande do Sul", "city": "Caxias do Sul"}, "game_id": "128974", "values": [{"date": "2023-10-08-21-00-00", "latency": 167}]}, {"location": {"country_code": "gb", "region": "England", "city": "Guildford"}, "game_id": "128974", "values": [{"date": "2023-10-08-23-00-00", "latency": 93}, {"date": "2023-10-08-23-00-00", "latency": 93}]}, {"location": {"country_code": "gb", "region": "England", "city": "Maidstone"}, "game_id": "128974", "values": [{"date": "2023-10-09-02-00-00", "latency": 64}]}, {"location": {"country_code": "no", "region": "Rogaland"}, "game_id": "128974", "values": [{"date": "2023-10-08-04-00-00", "latency": 176}, {"date": "2023-10-08-04-00-00", "latency": 176}, {"date": "2023-10-08-04-00-00", "latency": 176}]}, {"location": {"country_code": "fr", "region": "Ile-de-France Region", "city": "Mennecy"}, "game_id": "128974", "values": [{"date": "2023-10-08-18-00-00", "latency": 59}, {"date": "2023-10-08-18-00-00", "latency": 59}, {"date": "2023-10-08-18-00-00", "latency": 59}, {"date": "2023-10-08-18-00-00", "latency": 59}]}, {"location": {"country_code": "kr", "region": "Seongnam"}, "game_id": "128974", "values": [{"date": "2023-10-08-12-00-00", "latency": 92}, {"date": "2023-10-08-12-00-00", "latency": 92}]}, {"location": {"country_code": "gb", "region": "England", "city": "Whitstable"}, "game_id": "128974", "values": [{"date": "2023-10-08-22-00-00", "latency": 74}, {"date": "2023-10-08-22-00-00", "latency": 74}]}], "last_updated": 1719927448.166821}