{"data": [{"location": {"country_code": "nz"}, "game_id": "128974", "values": [{"date": "2023-10-18-14-00-00", "latency": 63}, {"date": "2023-10-18-11-00-00", "latency": 434}]}, {"location": {"country_code": "nz", "region": "Heretaunga", "city": "Napier"}, "game_id": "128974", "values": [{"date": "2023-10-18-11-00-00", "latency": 162}]}, {"location": {"country_code": "us"}, "game_id": "128974", "values": [{"date": "2023-10-18-07-00-00", "latency": 79}, {"date": "2023-10-19-01-00-00", "latency": 63}, {"date": "2023-10-18-03-00-00", "latency": 101}, {"date": "2023-10-18-03-00-00", "latency": 101}, {"date": "2023-10-18-23-00-00", "latency": 209}, {"date": "2023-10-18-08-00-00", "latency": 87}, {"date": "2023-10-18-08-00-00", "latency": 87}, {"date": "2023-10-18-12-00-00", "latency": 87}, {"date": "2023-10-18-12-00-00", "latency": 87}, {"date": "2023-10-18-12-00-00", "latency": 87}, {"date": "2023-10-18-12-00-00", "latency": 87}, {"date": "2023-10-18-12-00-00", "latency": 87}, {"date": "2023-10-18-06-00-00", "latency": 84}, {"date": "2023-10-18-06-00-00", "latency": 84}, {"date": "2023-10-18-06-00-00", "latency": 84}, {"date": "2023-10-18-06-00-00", "latency": 84}, {"date": "2023-10-18-02-00-00", "latency": 129}]}, {"location": {"country_code": "us", "region": "Ohio", "city": "Cleveland Heights"}, "game_id": "128974", "values": [{"date": "2023-10-18-04-00-00", "latency": 141}, {"date": "2023-10-18-04-00-00", "latency": 141}]}, {"location": {"country_code": "us", "region": "New York", "city": "Jamestown"}, "game_id": "128974", "values": [{"date": "2023-10-18-23-00-00", "latency": 63}, {"date": "2023-10-18-23-00-00", "latency": 63}, {"date": "2023-10-18-23-00-00", "latency": 63}, {"date": "2023-10-18-23-00-00", "latency": 63}, {"date": "2023-10-18-23-00-00", "latency": 63}, {"date": "2023-10-18-07-00-00", "latency": 100}, {"date": "2023-10-18-07-00-00", "latency": 100}]}, {"location": {"country_code": "us", "region": "California"}, "game_id": "128974", "values": [{"date": "2023-10-18-08-00-00", "latency": 273}, {"date": "2023-10-18-23-00-00", "latency": 82}, {"date": "2023-10-18-03-00-00", "latency": 81}, {"date": "2023-10-18-03-00-00", "latency": 81}, {"date": "2023-10-18-03-00-00", "latency": 81}, {"date": "2023-10-18-08-00-00", "latency": 79}, {"date": "2023-10-18-08-00-00", "latency": 79}, {"date": "2023-10-18-08-00-00", "latency": 79}, {"date": "2023-10-18-08-00-00", "latency": 79}, {"date": "2023-10-18-07-00-00", "latency": 108}, {"date": "2023-10-18-07-00-00", "latency": 108}]}, {"location": {"country_code": "gb"}, "game_id": "128974", "values": [{"date": "2023-10-18-14-00-00", "latency": 118}, {"date": "2023-10-18-14-00-00", "latency": 118}, {"date": "2023-10-18-14-00-00", "latency": 118}, {"date": "2023-10-18-14-00-00", "latency": 118}, {"date": "2023-10-18-14-00-00", "latency": 118}, {"date": "2023-10-18-14-00-00", "latency": 118}, {"date": "2023-10-18-14-00-00", "latency": 118}, {"date": "2023-10-18-14-00-00", "latency": 118}, {"date": "2023-10-18-14-00-00", "latency": 118}, {"date": "2023-10-18-14-00-00", "latency": 118}, {"date": "2023-10-18-14-00-00", "latency": 118}, {"date": "2023-10-18-14-00-00", "latency": 118}, {"date": "2023-10-18-14-00-00", "latency": 118}, {"date": "2023-10-18-14-00-00", "latency": 118}, {"date": "2023-10-18-14-00-00", "latency": 118}, {"date": "2023-10-18-14-00-00", "latency": 118}, {"date": "2023-10-18-14-00-00", "latency": 118}, {"date": "2023-10-18-14-00-00", "latency": 118}, {"date": "2023-10-18-14-00-00", "latency": 118}, {"date": "2023-10-18-14-00-00", "latency": 118}, {"date": "2023-10-18-14-00-00", "latency": 118}, {"date": "2023-10-18-14-00-00", "latency": 118}, {"date": "2023-10-18-22-00-00", "latency": 135}, {"date": "2023-10-18-19-00-00", "latency": 42}, {"date": "2023-10-18-19-00-00", "latency": 63}, {"date": "2023-10-18-19-00-00", "latency": 63}, {"date": "2023-10-18-19-00-00", "latency": 64}, {"date": "2023-10-18-14-00-00", "latency": 40}, {"date": "2023-10-18-21-00-00", "latency": 222}]}, {"location": {"country_code": "th"}, "game_id": "128974", "values": [{"date": "2023-10-18-10-00-00", "latency": 126}, {"date": "2023-10-18-14-00-00", "latency": 63}]}, {"location": {"country_code": "nl"}, "game_id": "128974", "values": [{"date": "2023-10-19-01-00-00", "latency": 180}, {"date": "2023-10-18-18-00-00", "latency": 61}]}, {"location": {"country_code": "cz"}, "game_id": "128974", "values": [{"date": "2023-10-18-20-00-00", "latency": 90}, {"date": "2023-10-18-20-00-00", "latency": 90}, {"date": "2023-10-18-20-00-00", "latency": 126}, {"date": "2023-10-18-20-00-00", "latency": 126}]}, {"location": {"country_code": "it"}, "game_id": "128974", "values": [{"date": "2023-10-18-22-00-00", "latency": 86}, {"date": "2023-10-18-16-00-00", "latency": 64}, {"date": "2023-10-18-16-00-00", "latency": 64}, {"date": "2023-10-18-16-00-00", "latency": 64}, {"date": "2023-10-18-16-00-00", "latency": 64}, {"date": "2023-10-18-23-00-00", "latency": 67}]}, {"location": {"country_code": "za"}, "game_id": "128974", "values": [{"date": "2023-10-19-01-00-00", "latency": 261}]}, {"location": {"country_code": "jp"}, "game_id": "128974", "values": [{"date": "2023-10-18-07-00-00", "latency": 187}]}, {"location": {"country_code": "ca"}, "game_id": "128974", "values": [{"date": "2023-10-19-00-00-00", "latency": 91}, {"date": "2023-10-19-00-00-00", "latency": 91}, {"date": "2023-10-19-00-00-00", "latency": 91}, {"date": "2023-10-19-00-00-00", "latency": 91}, {"date": "2023-10-19-00-00-00", "latency": 91}, {"date": "2023-10-19-00-00-00", "latency": 91}, {"date": "2023-10-19-00-00-00", "latency": 91}, {"date": "2023-10-19-00-00-00", "latency": 91}, {"date": "2023-10-19-00-00-00", "latency": 91}, {"date": "2023-10-19-01-00-00", "latency": 128}, {"date": "2023-10-19-01-00-00", "latency": 128}, {"date": "2023-10-19-01-00-00", "latency": 128}, {"date": "2023-10-19-01-00-00", "latency": 128}, {"date": "2023-10-18-22-00-00", "latency": 46}, {"date": "2023-10-18-22-00-00", "latency": 46}, {"date": "2023-10-18-22-00-00", "latency": 46}, {"date": "2023-10-18-10-00-00", "latency": 89}, {"date": "2023-10-18-10-00-00", "latency": 89}, {"date": "2023-10-18-12-00-00", "latency": 71}, {"date": "2023-10-18-06-00-00", "latency": 72}, {"date": "2023-10-18-06-00-00", "latency": 72}, {"date": "2023-10-18-06-00-00", "latency": 72}, {"date": "2023-10-18-05-00-00", "latency": 82}, {"date": "2023-10-18-08-00-00", "latency": 124}, {"date": "2023-10-18-08-00-00", "latency": 124}, {"date": "2023-10-18-08-00-00", "latency": 124}, {"date": "2023-10-18-22-00-00", "latency": 83}]}, {"location": {"country_code": "ch"}, "game_id": "128974", "values": [{"date": "2023-10-18-17-00-00", "latency": 291}]}, {"location": {"country_code": "id"}, "game_id": "128974", "values": [{"date": "2023-10-19-00-00-00", "latency": 711}]}, {"location": {"country_code": "de"}, "game_id": "128974", "values": [{"date": "2023-10-18-20-00-00", "latency": 81}, {"date": "2023-10-18-20-00-00", "latency": 81}, {"date": "2023-10-18-20-00-00", "latency": 81}, {"date": "2023-10-18-20-00-00", "latency": 81}, {"date": "2023-10-18-20-00-00", "latency": 81}, {"date": "2023-10-19-01-00-00", "latency": 142}, {"date": "2023-10-19-01-00-00", "latency": 142}, {"date": "2023-10-18-21-00-00", "latency": 67}, {"date": "2023-10-18-23-00-00", "latency": 80}, {"date": "2023-10-18-23-00-00", "latency": 80}, {"date": "2023-10-18-23-00-00", "latency": 80}, {"date": "2023-10-18-17-00-00", "latency": 149}, {"date": "2023-10-18-18-00-00", "latency": 134}, {"date": "2023-10-18-18-00-00", "latency": 134}]}, {"location": {"country_code": "us", "region": "Texas"}, "game_id": "128974", "values": [{"date": "2023-10-18-03-00-00", "latency": 67}, {"date": "2023-10-18-07-00-00", "latency": 59}, {"date": "2023-10-18-07-00-00", "latency": 59}]}, {"location": {"country_code": "us", "region": "Florida"}, "game_id": "128974", "values": [{"date": "2023-10-19-01-00-00", "latency": 202}]}, {"location": {"country_code": "us", "region": "Kansas"}, "game_id": "128974", "values": [{"date": "2023-10-18-04-00-00", "latency": 63}, {"date": "2023-10-18-16-00-00", "latency": 220}]}, {"location": {"country_code": "fr"}, "game_id": "128974", "values": [{"date": "2023-10-18-20-00-00", "latency": 196}, {"date": "2023-10-18-21-00-00", "latency": 60}, {"date": "2023-10-18-19-00-00", "latency": 138}, {"date": "2023-10-18-19-00-00", "latency": 56}, {"date": "2023-10-18-19-00-00", "latency": 56}, {"date": "2023-10-18-19-00-00", "latency": 56}]}, {"location": {"country_code": "us", "region": "New Jersey"}, "game_id": "128974", "values": [{"date": "2023-10-18-20-00-00", "latency": 120}, {"date": "2023-10-18-20-00-00", "latency": 120}]}, {"location": {"country_code": "mx"}, "game_id": "128974", "values": [{"date": "2023-10-18-07-00-00", "latency": 178}, {"date": "2023-10-18-07-00-00", "latency": 90}, {"date": "2023-10-18-07-00-00", "latency": 90}]}, {"location": {"country_code": "us", "region": "Ohio"}, "game_id": "128974", "values": [{"date": "2023-10-18-21-00-00", "latency": 118}]}, {"location": {"country_code": "mx", "region": "Michoacan"}, "game_id": "128974", "values": [{"date": "2023-10-18-23-00-00", "latency": 106}, {"date": "2023-10-18-23-00-00", "latency": 106}, {"date": "2023-10-18-23-00-00", "latency": 106}, {"date": "2023-10-18-23-00-00", "latency": 106}, {"date": "2023-10-18-23-00-00", "latency": 106}, {"date": "2023-10-18-23-00-00", "latency": 106}, {"date": "2023-10-18-23-00-00", "latency": 106}]}, {"location": {"country_code": "in"}, "game_id": "128974", "values": [{"date": "2023-10-18-06-00-00", "latency": 170}, {"date": "2023-10-18-06-00-00", "latency": 170}, {"date": "2023-10-18-06-00-00", "latency": 170}]}, {"location": {"country_code": "br"}, "game_id": "128974", "values": [{"date": "2023-10-19-01-00-00", "latency": 72}, {"date": "2023-10-19-01-00-00", "latency": 72}, {"date": "2023-10-18-06-00-00", "latency": 39}]}, {"location": {"country_code": "br", "region": "Sao Paulo", "city": "Apiai"}, "game_id": "128974", "values": [{"date": "2023-10-18-18-00-00", "latency": 43}]}, {"location": {"country_code": "se"}, "game_id": "128974", "values": [{"date": "2023-10-18-21-00-00", "latency": 47}, {"date": "2023-10-18-21-00-00", "latency": 47}, {"date": "2023-10-18-21-00-00", "latency": 47}, {"date": "2023-10-18-21-00-00", "latency": 47}, {"date": "2023-10-18-20-00-00", "latency": 99}]}, {"location": {"country_code": "us", "region": "Ohio", "city": "Cincinnati"}, "game_id": "128974", "values": [{"date": "2023-10-18-19-00-00", "latency": 80}, {"date": "2023-10-18-19-00-00", "latency": 80}]}, {"location": {"country_code": "us", "region": "California", "city": "Chula Vista"}, "game_id": "128974", "values": [{"date": "2023-10-18-12-00-00", "latency": 86}, {"date": "2023-10-18-12-00-00", "latency": 86}, {"date": "2023-10-18-12-00-00", "latency": 86}, {"date": "2023-10-18-12-00-00", "latency": 86}, {"date": "2023-10-18-12-00-00", "latency": 86}, {"date": "2023-10-18-12-00-00", "latency": 86}, {"date": "2023-10-18-12-00-00", "latency": 86}, {"date": "2023-10-18-12-00-00", "latency": 86}, {"date": "2023-10-18-12-00-00", "latency": 86}, {"date": "2023-10-19-00-00-00", "latency": 81}, {"date": "2023-10-18-06-00-00", "latency": 62}, {"date": "2023-10-18-06-00-00", "latency": 62}, {"date": "2023-10-18-06-00-00", "latency": 62}, {"date": "2023-10-18-06-00-00", "latency": 62}]}, {"location": {"country_code": "au"}, "game_id": "128974", "values": [{"date": "2023-10-18-10-00-00", "latency": 62}, {"date": "2023-10-18-10-00-00", "latency": 40}, {"date": "2023-10-18-10-00-00", "latency": 138}, {"date": "2023-10-18-14-00-00", "latency": 60}, {"date": "2023-10-19-01-00-00", "latency": 241}, {"date": "2023-10-19-01-00-00", "latency": 241}, {"date": "2023-10-19-01-00-00", "latency": 241}, {"date": "2023-10-18-09-00-00", "latency": 73}, {"date": "2023-10-18-09-00-00", "latency": 73}, {"date": "2023-10-18-09-00-00", "latency": 73}, {"date": "2023-10-18-09-00-00", "latency": 73}, {"date": "2023-10-18-12-00-00", "latency": 188}, {"date": "2023-10-18-12-00-00", "latency": 188}]}, {"location": {"country_code": "td"}, "game_id": "128974", "values": [{"date": "2023-10-19-02-00-00", "latency": 78}]}, {"location": {"country_code": "es", "region": "Madrid", "city": "Parla"}, "game_id": "128974", "values": [{"date": "2023-10-18-22-00-00", "latency": 54}]}, {"location": {"country_code": "kr"}, "game_id": "128974", "values": [{"date": "2023-10-18-07-00-00", "latency": 87}, {"date": "2023-10-18-10-00-00", "latency": 83}]}, {"location": {"country_code": "es"}, "game_id": "128974", "values": [{"date": "2023-10-19-01-00-00", "latency": 60}, {"date": "2023-10-18-21-00-00", "latency": 61}]}, {"location": {"country_code": "sa"}, "game_id": "128974", "values": [{"date": "2023-10-18-21-00-00", "latency": 92}, {"date": "2023-10-18-21-00-00", "latency": 92}, {"date": "2023-10-19-01-00-00", "latency": 302}, {"date": "2023-10-19-01-00-00", "latency": 149}, {"date": "2023-10-19-01-00-00", "latency": 149}, {"date": "2023-10-19-01-00-00", "latency": 149}, {"date": "2023-10-19-01-00-00", "latency": 149}, {"date": "2023-10-19-01-00-00", "latency": 149}, {"date": "2023-10-18-22-00-00", "latency": 128}, {"date": "2023-10-18-22-00-00", "latency": 128}, {"date": "2023-10-18-22-00-00", "latency": 128}, {"date": "2023-10-18-22-00-00", "latency": 128}, {"date": "2023-10-18-11-00-00", "latency": 167}, {"date": "2023-10-18-11-00-00", "latency": 167}, {"date": "2023-10-18-15-00-00", "latency": 126}, {"date": "2023-10-18-15-00-00", "latency": 126}, {"date": "2023-10-19-00-00-00", "latency": 126}, {"date": "2023-10-19-00-00-00", "latency": 126}, {"date": "2023-10-19-00-00-00", "latency": 126}, {"date": "2023-10-19-00-00-00", "latency": 126}, {"date": "2023-10-19-00-00-00", "latency": 126}, {"date": "2023-10-19-00-00-00", "latency": 126}, {"date": "2023-10-19-00-00-00", "latency": 126}, {"date": "2023-10-19-00-00-00", "latency": 126}, {"date": "2023-10-19-00-00-00", "latency": 126}, {"date": "2023-10-19-00-00-00", "latency": 126}, {"date": "2023-10-19-00-00-00", "latency": 126}]}, {"location": {"country_code": "jm"}, "game_id": "128974", "values": [{"date": "2023-10-18-22-00-00", "latency": 90}, {"date": "2023-10-18-22-00-00", "latency": 90}, {"date": "2023-10-18-22-00-00", "latency": 90}]}, {"location": {"country_code": "fi"}, "game_id": "128974", "values": [{"date": "2023-10-18-21-00-00", "latency": 62}, {"date": "2023-10-18-21-00-00", "latency": 62}, {"date": "2023-10-18-21-00-00", "latency": 62}, {"date": "2023-10-18-21-00-00", "latency": 62}, {"date": "2023-10-18-21-00-00", "latency": 62}, {"date": "2023-10-18-21-00-00", "latency": 62}, {"date": "2023-10-18-21-00-00", "latency": 62}, {"date": "2023-10-18-21-00-00", "latency": 62}, {"date": "2023-10-18-17-00-00", "latency": 72}, {"date": "2023-10-18-17-00-00", "latency": 72}, {"date": "2023-10-18-17-00-00", "latency": 72}, {"date": "2023-10-18-17-00-00", "latency": 72}]}, {"location": {"country_code": "us", "region": "Massachusetts"}, "game_id": "128974", "values": [{"date": "2023-10-19-01-00-00", "latency": 69}]}, {"location": {"country_code": "ru", "region": "Moscow", "city": "Zelenograd"}, "game_id": "128974", "values": [{"date": "2023-10-18-03-00-00", "latency": 219}, {"date": "2023-10-18-03-00-00", "latency": 219}, {"date": "2023-10-18-03-00-00", "latency": 219}]}, {"location": {"country_code": "jp", "region": "Tokyo"}, "game_id": "128974", "values": [{"date": "2023-10-18-18-00-00", "latency": 73}, {"date": "2023-10-18-18-00-00", "latency": 73}, {"date": "2023-10-18-18-00-00", "latency": 73}, {"date": "2023-10-18-18-00-00", "latency": 73}, {"date": "2023-10-18-18-00-00", "latency": 73}, {"date": "2023-10-18-18-00-00", "latency": 73}, {"date": "2023-10-18-18-00-00", "latency": 73}, {"date": "2023-10-18-18-00-00", "latency": 73}, {"date": "2023-10-18-18-00-00", "latency": 73}, {"date": "2023-10-18-18-00-00", "latency": 73}, {"date": "2023-10-18-18-00-00", "latency": 73}, {"date": "2023-10-18-18-00-00", "latency": 73}, {"date": "2023-10-18-18-00-00", "latency": 73}, {"date": "2023-10-18-18-00-00", "latency": 73}, {"date": "2023-10-18-18-00-00", "latency": 73}, {"date": "2023-10-18-04-00-00", "latency": 73}]}, {"location": {"country_code": "us", "region": "Ohio", "city": "Cleveland"}, "game_id": "128974", "values": [{"date": "2023-10-18-03-00-00", "latency": 140}]}, {"location": {"country_code": "us", "region": "Texas", "city": "Houston"}, "game_id": "128974", "values": [{"date": "2023-10-18-07-00-00", "latency": 136}, {"date": "2023-10-18-07-00-00", "latency": 136}]}, {"location": {"country_code": "us", "region": "Alaska"}, "game_id": "128974", "values": [{"date": "2023-10-18-02-00-00", "latency": 78}]}, {"location": {"country_code": "us", "region": "Michigan"}, "game_id": "128974", "values": [{"date": "2023-10-18-20-00-00", "latency": 42}, {"date": "2023-10-19-00-00-00", "latency": 56}, {"date": "2023-10-19-00-00-00", "latency": 56}]}, {"location": {"country_code": "us", "region": "Illinois", "city": "Chicago"}, "game_id": "128974", "values": [{"date": "2023-10-18-18-00-00", "latency": 78}, {"date": "2023-10-18-18-00-00", "latency": 78}, {"date": "2023-10-18-18-00-00", "latency": 78}, {"date": "2023-10-18-18-00-00", "latency": 170}, {"date": "2023-10-18-07-00-00", "latency": 130}, {"date": "2023-10-18-07-00-00", "latency": 130}]}, {"location": {"country_code": "co"}, "game_id": "128974", "values": [{"date": "2023-10-19-01-00-00", "latency": 440}]}, {"location": {"country_code": "us", "region": "Arizona"}, "game_id": "128974", "values": [{"date": "2023-10-18-05-00-00", "latency": 67}, {"date": "2023-10-18-05-00-00", "latency": 67}]}, {"location": {"country_code": "es", "region": "Aragon", "city": "Zaragoza"}, "game_id": "128974", "values": [{"date": "2023-10-18-20-00-00", "latency": 60}, {"date": "2023-10-18-20-00-00", "latency": 60}, {"date": "2023-10-18-20-00-00", "latency": 60}]}, {"location": {"country_code": "us", "region": "Arizona", "city": "Phoenix"}, "game_id": "128974", "values": [{"date": "2023-10-18-05-00-00", "latency": 63}]}, {"location": {"country_code": "gb", "region": "England", "city": "London"}, "game_id": "128974", "values": [{"date": "2023-10-18-19-00-00", "latency": 50}, {"date": "2023-10-19-00-00-00", "latency": 41}, {"date": "2023-10-19-00-00-00", "latency": 41}]}, {"location": {"country_code": "ie"}, "game_id": "128974", "values": [{"date": "2023-10-18-03-00-00", "latency": 133}, {"date": "2023-10-18-03-00-00", "latency": 133}]}, {"location": {"country_code": "us", "region": "District of Columbia", "city": "Washington"}, "game_id": "128974", "values": [{"date": "2023-10-18-10-00-00", "latency": 100}, {"date": "2023-10-18-10-00-00", "latency": 100}, {"date": "2023-10-18-10-00-00", "latency": 100}, {"date": "2023-10-18-10-00-00", "latency": 100}, {"date": "2023-10-18-10-00-00", "latency": 100}, {"date": "2023-10-18-10-00-00", "latency": 100}, {"date": "2023-10-18-10-00-00", "latency": 100}, {"date": "2023-10-18-10-00-00", "latency": 100}, {"date": "2023-10-18-10-00-00", "latency": 100}, {"date": "2023-10-18-10-00-00", "latency": 100}, {"date": "2023-10-18-10-00-00", "latency": 100}, {"date": "2023-10-18-10-00-00", "latency": 100}, {"date": "2023-10-18-10-00-00", "latency": 100}, {"date": "2023-10-18-10-00-00", "latency": 100}, {"date": "2023-10-18-10-00-00", "latency": 100}, {"date": "2023-10-18-10-00-00", "latency": 100}, {"date": "2023-10-18-10-00-00", "latency": 100}, {"date": "2023-10-18-10-00-00", "latency": 100}, {"date": "2023-10-18-10-00-00", "latency": 100}, {"date": "2023-10-18-10-00-00", "latency": 100}]}, {"location": {"country_code": "ca", "region": "Ontario", "city": "Toronto"}, "game_id": "128974", "values": [{"date": "2023-10-18-23-00-00", "latency": 88}, {"date": "2023-10-18-06-00-00", "latency": 47}, {"date": "2023-10-18-06-00-00", "latency": 47}, {"date": "2023-10-18-06-00-00", "latency": 47}, {"date": "2023-10-18-06-00-00", "latency": 47}, {"date": "2023-10-18-09-00-00", "latency": 77}]}, {"location": {"country_code": "my"}, "game_id": "128974", "values": [{"date": "2023-10-18-20-00-00", "latency": 73}, {"date": "2023-10-18-20-00-00", "latency": 73}, {"date": "2023-10-18-20-00-00", "latency": 73}]}, {"location": {"country_code": "us", "region": "Pennsylvania"}, "game_id": "128974", "values": [{"date": "2023-10-18-03-00-00", "latency": 107}]}, {"location": {"country_code": "pt"}, "game_id": "128974", "values": [{"date": "2023-10-18-21-00-00", "latency": 127}, {"date": "2023-10-18-21-00-00", "latency": 127}, {"date": "2023-10-18-21-00-00", "latency": 127}, {"date": "2023-10-18-21-00-00", "latency": 127}, {"date": "2023-10-18-21-00-00", "latency": 127}, {"date": "2023-10-18-21-00-00", "latency": 127}, {"date": "2023-10-18-21-00-00", "latency": 127}, {"date": "2023-10-18-21-00-00", "latency": 127}, {"date": "2023-10-18-21-00-00", "latency": 127}, {"date": "2023-10-18-21-00-00", "latency": 127}, {"date": "2023-10-18-21-00-00", "latency": 127}]}, {"location": {"country_code": "br", "region": "State of Rio de Janeiro", "city": "Angra dos Reis"}, "game_id": "128974", "values": [{"date": "2023-10-18-17-00-00", "latency": 63}]}, {"location": {"country_code": "us", "region": "Minnesota"}, "game_id": "128974", "values": [{"date": "2023-10-18-05-00-00", "latency": 98}, {"date": "2023-10-18-08-00-00", "latency": 75}, {"date": "2023-10-18-08-00-00", "latency": 75}, {"date": "2023-10-18-08-00-00", "latency": 75}]}, {"location": {"country_code": "mx", "region": "Baja California", "city": "Tijuana"}, "game_id": "128974", "values": [{"date": "2023-10-18-08-00-00", "latency": 175}]}, {"location": {"country_code": "sv"}, "game_id": "128974", "values": [{"date": "2023-10-19-02-00-00", "latency": 122}]}, {"location": {"country_code": "us", "region": "State of Maine"}, "game_id": "128974", "values": [{"date": "2023-10-18-10-00-00", "latency": 230}]}, {"location": {"country_code": "us", "region": "Florida", "city": "Orlando"}, "game_id": "128974", "values": [{"date": "2023-10-19-01-00-00", "latency": 141}, {"date": "2023-10-19-01-00-00", "latency": 141}]}, {"location": {"country_code": "ca", "region": "British Columbia", "city": "Richmond"}, "game_id": "128974", "values": [{"date": "2023-10-18-21-00-00", "latency": 98}, {"date": "2023-10-18-19-00-00", "latency": 170}, {"date": "2023-10-18-19-00-00", "latency": 170}, {"date": "2023-10-18-19-00-00", "latency": 170}, {"date": "2023-10-18-19-00-00", "latency": 170}]}, {"location": {"country_code": "us", "region": "Texas", "city": "Irving"}, "game_id": "128974", "values": [{"date": "2023-10-18-05-00-00", "latency": 119}, {"date": "2023-10-18-23-00-00", "latency": 131}]}, {"location": {"country_code": "lv"}, "game_id": "128974", "values": [{"date": "2023-10-18-23-00-00", "latency": 82}]}, {"location": {"country_code": "de", "region": "Lower Saxony"}, "game_id": "128974", "values": [{"date": "2023-10-18-16-00-00", "latency": 63}]}, {"location": {"country_code": "us", "region": "Connecticut"}, "game_id": "128974", "values": [{"date": "2023-10-18-19-00-00", "latency": 83}, {"date": "2023-10-18-19-00-00", "latency": 83}, {"date": "2023-10-18-19-00-00", "latency": 83}, {"date": "2023-10-18-19-00-00", "latency": 83}, {"date": "2023-10-18-04-00-00", "latency": 98}, {"date": "2023-10-18-04-00-00", "latency": 98}, {"date": "2023-10-18-04-00-00", "latency": 98}]}, {"location": {"country_code": "es", "region": "Madrid"}, "game_id": "128974", "values": [{"date": "2023-10-18-19-00-00", "latency": 68}, {"date": "2023-10-18-19-00-00", "latency": 68}, {"date": "2023-10-18-19-00-00", "latency": 68}]}, {"location": {"country_code": "kr", "region": "Busan"}, "game_id": "128974", "values": [{"date": "2023-10-18-10-00-00", "latency": 45}]}, {"location": {"country_code": "us", "region": "Oregon"}, "game_id": "128974", "values": [{"date": "2023-10-18-04-00-00", "latency": 105}, {"date": "2023-10-18-04-00-00", "latency": 105}]}, {"location": {"country_code": "us", "region": "Oregon", "city": "Portland"}, "game_id": "128974", "values": [{"date": "2023-10-18-07-00-00", "latency": 195}]}, {"location": {"country_code": "ne"}, "game_id": "128974", "values": [{"date": "2023-10-18-18-00-00", "latency": 92}, {"date": "2023-10-18-18-00-00", "latency": 92}, {"date": "2023-10-18-18-00-00", "latency": 92}]}, {"location": {"country_code": "tr", "region": "Ic Anadolu Bolgesi"}, "game_id": "128974", "values": [{"date": "2023-10-18-20-00-00", "latency": 125}, {"date": "2023-10-18-20-00-00", "latency": 125}, {"date": "2023-10-18-20-00-00", "latency": 125}]}, {"location": {"country_code": "es", "region": "Balearic Islands", "city": "Sant Antoni de Portmany"}, "game_id": "128974", "values": [{"date": "2023-10-18-17-00-00", "latency": 66}]}, {"location": {"country_code": "ru", "region": "Leningrad", "city": "Saint Petersburg"}, "game_id": "128974", "values": [{"date": "2023-10-18-20-00-00", "latency": 53}]}, {"location": {"country_code": "sa", "region": "Mecca Region", "city": "Jeddah"}, "game_id": "128974", "values": [{"date": "2023-10-18-21-00-00", "latency": 121}, {"date": "2023-10-18-21-00-00", "latency": 121}, {"date": "2023-10-18-21-00-00", "latency": 121}]}, {"location": {"country_code": "is"}, "game_id": "128974", "values": [{"date": "2023-10-18-20-00-00", "latency": 185}]}, {"location": {"country_code": "fr", "region": "Pays de la Loire Region"}, "game_id": "128974", "values": [{"date": "2023-10-18-09-00-00", "latency": 69}, {"date": "2023-10-18-09-00-00", "latency": 69}, {"date": "2023-10-18-09-00-00", "latency": 69}]}, {"location": {"country_code": "br", "region": "Sao Paulo", "city": "Peruibe"}, "game_id": "128974", "values": [{"date": "2023-10-18-10-00-00", "latency": 149}, {"date": "2023-10-18-10-00-00", "latency": 149}, {"date": "2023-10-18-10-00-00", "latency": 149}, {"date": "2023-10-18-10-00-00", "latency": 149}, {"date": "2023-10-18-10-00-00", "latency": 149}, {"date": "2023-10-18-10-00-00", "latency": 149}, {"date": "2023-10-18-10-00-00", "latency": 149}, {"date": "2023-10-18-10-00-00", "latency": 149}, {"date": "2023-10-18-10-00-00", "latency": 149}]}, {"location": {"country_code": "cn", "region": "Macao"}, "game_id": "128974", "values": [{"date": "2023-10-18-09-00-00", "latency": 69}]}, {"location": {"country_code": "au", "region": "New South Wales"}, "game_id": "128974", "values": [{"date": "2023-10-18-10-00-00", "latency": 232}, {"date": "2023-10-18-10-00-00", "latency": 232}]}, {"location": {"country_code": "gi", "region": "Gibraltar", "city": "Gibraltar"}, "game_id": "128974", "values": [{"date": "2023-10-18-08-00-00", "latency": 81}]}, {"location": {"country_code": "es", "region": "Catalonia", "city": "Mataro"}, "game_id": "128974", "values": [{"date": "2023-10-18-15-00-00", "latency": 87}]}, {"location": {"country_code": "ca", "region": "Ontario", "city": "Sudbury"}, "game_id": "128974", "values": [{"date": "2023-10-19-01-00-00", "latency": 93}]}, {"location": {"country_code": "us", "region": "Illinois", "city": "Naperville"}, "game_id": "128974", "values": [{"date": "2023-10-18-20-00-00", "latency": 187}]}, {"location": {"country_code": "mz", "region": "Zambezia"}, "game_id": "128974", "values": [{"date": "2023-10-19-02-00-00", "latency": 87}, {"date": "2023-10-19-02-00-00", "latency": 87}, {"date": "2023-10-19-02-00-00", "latency": 87}, {"date": "2023-10-19-02-00-00", "latency": 87}]}, {"location": {"country_code": "us", "region": "Colorado", "city": "Lakewood"}, "game_id": "128974", "values": [{"date": "2023-10-18-05-00-00", "latency": 95}, {"date": "2023-10-18-05-00-00", "latency": 95}, {"date": "2023-10-18-05-00-00", "latency": 95}, {"date": "2023-10-18-05-00-00", "latency": 95}]}, {"location": {"country_code": "us", "region": "Ohio", "city": "Reynoldsburg"}, "game_id": "128974", "values": [{"date": "2023-10-18-05-00-00", "latency": 90}]}, {"location": {"country_code": "us", "region": "Oregon", "city": "Tigard"}, "game_id": "128974", "values": [{"date": "2023-10-18-10-00-00", "latency": 63}]}, {"location": {"country_code": "us", "region": "Ohio", "city": "Barberton"}, "game_id": "128974", "values": [{"date": "2023-10-18-04-00-00", "latency": 94}, {"date": "2023-10-18-04-00-00", "latency": 94}, {"date": "2023-10-18-04-00-00", "latency": 94}]}], "last_updated": 1719927447.02396}