{"data": [{"location": {"country_code": "us"}, "game_id": "101342", "values": [{"date": "2024-01-03-03-00-00", "latency": 105}, {"date": "2024-01-03-03-00-00", "latency": 105}, {"date": "2024-01-03-19-00-00", "latency": 102}, {"date": "2024-01-03-19-00-00", "latency": 59}, {"date": "2024-01-03-19-00-00", "latency": 59}]}, {"location": {"country_code": "us", "region": "Iowa"}, "game_id": "101342", "values": [{"date": "2024-01-03-07-00-00", "latency": 119}]}, {"location": {"country_code": "us", "region": "Pennsylvania"}, "game_id": "101342", "values": [{"date": "2024-01-03-20-00-00", "latency": 82}, {"date": "2024-01-03-20-00-00", "latency": 82}, {"date": "2024-01-03-20-00-00", "latency": 82}, {"date": "2024-01-03-20-00-00", "latency": 82}, {"date": "2024-01-03-04-00-00", "latency": 134}, {"date": "2024-01-03-04-00-00", "latency": 134}, {"date": "2024-01-03-04-00-00", "latency": 134}, {"date": "2024-01-03-04-00-00", "latency": 134}]}, {"location": {"country_code": "gb"}, "game_id": "101342", "values": [{"date": "2024-01-03-22-00-00", "latency": 96}, {"date": "2024-01-03-20-00-00", "latency": 168}, {"date": "2024-01-03-20-00-00", "latency": 168}, {"date": "2024-01-03-20-00-00", "latency": 168}, {"date": "2024-01-03-20-00-00", "latency": 168}, {"date": "2024-01-03-20-00-00", "latency": 168}, {"date": "2024-01-03-20-00-00", "latency": 168}]}, {"location": {"country_code": "it"}, "game_id": "101342", "values": [{"date": "2024-01-03-17-00-00", "latency": 113}, {"date": "2024-01-03-17-00-00", "latency": 113}, {"date": "2024-01-03-17-00-00", "latency": 113}, {"date": "2024-01-03-17-00-00", "latency": 113}, {"date": "2024-01-03-17-00-00", "latency": 113}, {"date": "2024-01-03-17-00-00", "latency": 113}, {"date": "2024-01-03-17-00-00", "latency": 113}, {"date": "2024-01-03-17-00-00", "latency": 113}, {"date": "2024-01-03-17-00-00", "latency": 113}, {"date": "2024-01-03-17-00-00", "latency": 113}, {"date": "2024-01-03-17-00-00", "latency": 113}, {"date": "2024-01-03-17-00-00", "latency": 113}, {"date": "2024-01-03-17-00-00", "latency": 113}, {"date": "2024-01-04-01-00-00", "latency": 125}, {"date": "2024-01-04-01-00-00", "latency": 125}, {"date": "2024-01-04-01-00-00", "latency": 125}, {"date": "2024-01-04-01-00-00", "latency": 125}, {"date": "2024-01-04-01-00-00", "latency": 125}, {"date": "2024-01-04-01-00-00", "latency": 125}, {"date": "2024-01-04-01-00-00", "latency": 125}, {"date": "2024-01-04-01-00-00", "latency": 125}, {"date": "2024-01-04-01-00-00", "latency": 125}, {"date": "2024-01-03-21-00-00", "latency": 93}, {"date": "2024-01-03-21-00-00", "latency": 93}]}, {"location": {"country_code": "ca"}, "game_id": "101342", "values": [{"date": "2024-01-03-07-00-00", "latency": 69}, {"date": "2024-01-03-07-00-00", "latency": 69}, {"date": "2024-01-03-07-00-00", "latency": 69}, {"date": "2024-01-03-07-00-00", "latency": 69}, {"date": "2024-01-03-07-00-00", "latency": 69}, {"date": "2024-01-03-07-00-00", "latency": 69}, {"date": "2024-01-03-07-00-00", "latency": 69}, {"date": "2024-01-03-07-00-00", "latency": 69}, {"date": "2024-01-03-07-00-00", "latency": 69}, {"date": "2024-01-03-07-00-00", "latency": 69}, {"date": "2024-01-03-07-00-00", "latency": 69}, {"date": "2024-01-03-07-00-00", "latency": 69}, {"date": "2024-01-03-07-00-00", "latency": 69}, {"date": "2024-01-03-07-00-00", "latency": 69}, {"date": "2024-01-03-07-00-00", "latency": 69}, {"date": "2024-01-03-07-00-00", "latency": 69}, {"date": "2024-01-03-07-00-00", "latency": 69}]}, {"location": {"country_code": "ch"}, "game_id": "101342", "values": [{"date": "2024-01-03-11-00-00", "latency": 71}, {"date": "2024-01-03-11-00-00", "latency": 71}, {"date": "2024-01-03-11-00-00", "latency": 71}, {"date": "2024-01-03-11-00-00", "latency": 71}]}, {"location": {"country_code": "us", "region": "Texas"}, "game_id": "101342", "values": [{"date": "2024-01-03-18-00-00", "latency": 96}, {"date": "2024-01-03-18-00-00", "latency": 96}, {"date": "2024-01-03-18-00-00", "latency": 96}, {"date": "2024-01-03-18-00-00", "latency": 96}, {"date": "2024-01-03-18-00-00", "latency": 96}, {"date": "2024-01-03-18-00-00", "latency": 96}]}, {"location": {"country_code": "in"}, "game_id": "101342", "values": [{"date": "2024-01-03-20-00-00", "latency": 81}, {"date": "2024-01-03-20-00-00", "latency": 81}, {"date": "2024-01-03-20-00-00", "latency": 81}, {"date": "2024-01-03-20-00-00", "latency": 81}, {"date": "2024-01-03-20-00-00", "latency": 81}, {"date": "2024-01-03-20-00-00", "latency": 81}, {"date": "2024-01-03-20-00-00", "latency": 81}, {"date": "2024-01-03-20-00-00", "latency": 81}, {"date": "2024-01-03-20-00-00", "latency": 81}]}, {"location": {"country_code": "us", "region": "California"}, "game_id": "101342", "values": [{"date": "2024-01-03-20-00-00", "latency": 112}, {"date": "2024-01-03-20-00-00", "latency": 112}]}, {"location": {"country_code": "no"}, "game_id": "101342", "values": [{"date": "2024-01-03-13-00-00", "latency": 143}]}, {"location": {"country_code": "au"}, "game_id": "101342", "values": [{"date": "2024-01-03-13-00-00", "latency": 187}, {"date": "2024-01-03-14-00-00", "latency": 64}]}, {"location": {"country_code": "au", "region": "Victoria", "city": "Melbourne"}, "game_id": "101342", "values": [{"date": "2024-01-03-08-00-00", "latency": 82}]}, {"location": {"country_code": "us", "region": "Texas", "city": "Austin"}, "game_id": "101342", "values": [{"date": "2024-01-03-08-00-00", "latency": 61}]}, {"location": {"country_code": "us", "region": "Missouri"}, "game_id": "101342", "values": [{"date": "2024-01-03-08-00-00", "latency": 96}, {"date": "2024-01-03-08-00-00", "latency": 96}]}, {"location": {"country_code": "hu"}, "game_id": "101342", "values": [{"date": "2024-01-03-20-00-00", "latency": 93}, {"date": "2024-01-03-20-00-00", "latency": 93}, {"date": "2024-01-03-20-00-00", "latency": 93}, {"date": "2024-01-03-20-00-00", "latency": 93}, {"date": "2024-01-03-03-00-00", "latency": 221}, {"date": "2024-01-03-03-00-00", "latency": 221}, {"date": "2024-01-03-03-00-00", "latency": 221}, {"date": "2024-01-03-03-00-00", "latency": 221}]}, {"location": {"country_code": "us", "region": "Arizona"}, "game_id": "101342", "values": [{"date": "2024-01-03-04-00-00", "latency": 144}, {"date": "2024-01-03-04-00-00", "latency": 144}, {"date": "2024-01-03-04-00-00", "latency": 144}, {"date": "2024-01-03-04-00-00", "latency": 144}, {"date": "2024-01-03-04-00-00", "latency": 144}]}, {"location": {"country_code": "ua"}, "game_id": "101342", "values": [{"date": "2024-01-03-23-00-00", "latency": 73}]}, {"location": {"country_code": "us", "region": "Kentucky"}, "game_id": "101342", "values": [{"date": "2024-01-03-19-00-00", "latency": 109}, {"date": "2024-01-03-19-00-00", "latency": 109}, {"date": "2024-01-03-19-00-00", "latency": 109}]}, {"location": {"country_code": "us", "region": "Georgia", "city": "Atlanta"}, "game_id": "101342", "values": [{"date": "2024-01-03-21-00-00", "latency": 88}, {"date": "2024-01-03-21-00-00", "latency": 88}, {"date": "2024-01-03-21-00-00", "latency": 88}, {"date": "2024-01-03-21-00-00", "latency": 88}, {"date": "2024-01-03-21-00-00", "latency": 88}, {"date": "2024-01-03-21-00-00", "latency": 88}, {"date": "2024-01-03-21-00-00", "latency": 88}, {"date": "2024-01-03-21-00-00", "latency": 88}, {"date": "2024-01-03-21-00-00", "latency": 88}, {"date": "2024-01-03-21-00-00", "latency": 88}, {"date": "2024-01-03-21-00-00", "latency": 88}, {"date": "2024-01-03-21-00-00", "latency": 88}, {"date": "2024-01-03-21-00-00", "latency": 88}, {"date": "2024-01-03-21-00-00", "latency": 88}, {"date": "2024-01-03-21-00-00", "latency": 88}, {"date": "2024-01-03-21-00-00", "latency": 88}, {"date": "2024-01-03-21-00-00", "latency": 88}, {"date": "2024-01-03-21-00-00", "latency": 88}, {"date": "2024-01-03-21-00-00", "latency": 88}, {"date": "2024-01-03-21-00-00", "latency": 88}, {"date": "2024-01-03-21-00-00", "latency": 88}, {"date": "2024-01-03-21-00-00", "latency": 88}]}, {"location": {"country_code": "ca", "region": "British Columbia"}, "game_id": "101342", "values": [{"date": "2024-01-03-07-00-00", "latency": 106}, {"date": "2024-01-03-07-00-00", "latency": 106}, {"date": "2024-01-03-07-00-00", "latency": 106}, {"date": "2024-01-03-07-00-00", "latency": 106}, {"date": "2024-01-03-07-00-00", "latency": 106}, {"date": "2024-01-03-07-00-00", "latency": 106}, {"date": "2024-01-03-07-00-00", "latency": 106}, {"date": "2024-01-03-07-00-00", "latency": 106}]}, {"location": {"country_code": "gb", "region": "England", "city": "Salford"}, "game_id": "101342", "values": [{"date": "2024-01-03-21-00-00", "latency": 101}, {"date": "2024-01-03-21-00-00", "latency": 101}, {"date": "2024-01-03-21-00-00", "latency": 101}, {"date": "2024-01-03-21-00-00", "latency": 101}]}, {"location": {"country_code": "bg"}, "game_id": "101342", "values": [{"date": "2024-01-03-22-00-00", "latency": 105}, {"date": "2024-01-03-22-00-00", "latency": 105}, {"date": "2024-01-03-22-00-00", "latency": 105}, {"date": "2024-01-03-22-00-00", "latency": 105}]}, {"location": {"country_code": "de", "region": "North Rhine-Westphalia"}, "game_id": "101342", "values": [{"date": "2024-01-04-01-00-00", "latency": 88}, {"date": "2024-01-04-01-00-00", "latency": 88}, {"date": "2024-01-04-01-00-00", "latency": 88}, {"date": "2024-01-04-01-00-00", "latency": 88}, {"date": "2024-01-04-01-00-00", "latency": 88}, {"date": "2024-01-04-01-00-00", "latency": 88}, {"date": "2024-01-04-01-00-00", "latency": 88}, {"date": "2024-01-04-01-00-00", "latency": 88}, {"date": "2024-01-04-01-00-00", "latency": 88}, {"date": "2024-01-04-01-00-00", "latency": 88}, {"date": "2024-01-04-01-00-00", "latency": 88}, {"date": "2024-01-04-01-00-00", "latency": 88}]}, {"location": {"country_code": "us", "region": "Louisiana"}, "game_id": "101342", "values": [{"date": "2024-01-03-06-00-00", "latency": 97}, {"date": "2024-01-03-06-00-00", "latency": 97}, {"date": "2024-01-03-06-00-00", "latency": 97}, {"date": "2024-01-03-06-00-00", "latency": 97}, {"date": "2024-01-03-06-00-00", "latency": 97}, {"date": "2024-01-03-06-00-00", "latency": 97}, {"date": "2024-01-03-06-00-00", "latency": 97}, {"date": "2024-01-03-06-00-00", "latency": 97}, {"date": "2024-01-03-06-00-00", "latency": 97}, {"date": "2024-01-03-06-00-00", "latency": 97}, {"date": "2024-01-03-06-00-00", "latency": 97}, {"date": "2024-01-03-06-00-00", "latency": 97}, {"date": "2024-01-03-06-00-00", "latency": 97}, {"date": "2024-01-03-06-00-00", "latency": 97}, {"date": "2024-01-03-06-00-00", "latency": 97}, {"date": "2024-01-03-06-00-00", "latency": 97}, {"date": "2024-01-03-06-00-00", "latency": 97}, {"date": "2024-01-03-06-00-00", "latency": 97}, {"date": "2024-01-03-06-00-00", "latency": 97}, {"date": "2024-01-03-06-00-00", "latency": 97}, {"date": "2024-01-03-06-00-00", "latency": 97}, {"date": "2024-01-03-06-00-00", "latency": 97}, {"date": "2024-01-03-06-00-00", "latency": 97}, {"date": "2024-01-03-06-00-00", "latency": 97}]}, {"location": {"country_code": "ca", "region": "Manitoba"}, "game_id": "101342", "values": [{"date": "2024-01-04-01-00-00", "latency": 111}, {"date": "2024-01-04-01-00-00", "latency": 111}, {"date": "2024-01-04-01-00-00", "latency": 111}, {"date": "2024-01-04-01-00-00", "latency": 111}]}, {"location": {"country_code": "br", "region": "Santa Catarina", "city": "Imbituba"}, "game_id": "101342", "values": [{"date": "2024-01-03-03-00-00", "latency": 82}, {"date": "2024-01-03-03-00-00", "latency": 82}]}], "last_updated": 1719927606.278398}