{"data": [{"location": {"country_code": "us"}, "game_id": "101342", "values": [{"date": "2024-01-02-23-00-00", "latency": 77}, {"date": "2024-01-02-23-00-00", "latency": 77}, {"date": "2024-01-02-23-00-00", "latency": 77}, {"date": "2024-01-02-23-00-00", "latency": 77}, {"date": "2024-01-02-04-00-00", "latency": 108}]}, {"location": {"country_code": "us", "region": "Pennsylvania"}, "game_id": "101342", "values": [{"date": "2024-01-02-19-00-00", "latency": 111}]}, {"location": {"country_code": "gb"}, "game_id": "101342", "values": [{"date": "2024-01-02-22-00-00", "latency": 178}, {"date": "2024-01-02-22-00-00", "latency": 178}, {"date": "2024-01-02-22-00-00", "latency": 178}, {"date": "2024-01-02-22-00-00", "latency": 178}, {"date": "2024-01-02-22-00-00", "latency": 178}, {"date": "2024-01-02-22-00-00", "latency": 178}, {"date": "2024-01-02-22-00-00", "latency": 178}, {"date": "2024-01-02-22-00-00", "latency": 178}, {"date": "2024-01-02-22-00-00", "latency": 178}, {"date": "2024-01-02-22-00-00", "latency": 87}]}, {"location": {"country_code": "th"}, "game_id": "101342", "values": [{"date": "2024-01-02-11-00-00", "latency": 144}, {"date": "2024-01-02-11-00-00", "latency": 144}, {"date": "2024-01-02-11-00-00", "latency": 144}]}, {"location": {"country_code": "it"}, "game_id": "101342", "values": [{"date": "2024-01-02-01-00-00", "latency": 86}, {"date": "2024-01-02-01-00-00", "latency": 86}, {"date": "2024-01-03-00-00-00", "latency": 120}, {"date": "2024-01-03-00-00-00", "latency": 120}, {"date": "2024-01-03-00-00-00", "latency": 120}, {"date": "2024-01-03-00-00-00", "latency": 120}, {"date": "2024-01-03-00-00-00", "latency": 120}, {"date": "2024-01-03-00-00-00", "latency": 120}, {"date": "2024-01-03-00-00-00", "latency": 120}, {"date": "2024-01-03-00-00-00", "latency": 120}, {"date": "2024-01-03-00-00-00", "latency": 120}, {"date": "2024-01-03-00-00-00", "latency": 120}, {"date": "2024-01-03-00-00-00", "latency": 120}, {"date": "2024-01-03-00-00-00", "latency": 120}, {"date": "2024-01-03-00-00-00", "latency": 120}, {"date": "2024-01-02-22-00-00", "latency": 82}, {"date": "2024-01-02-22-00-00", "latency": 82}, {"date": "2024-01-02-22-00-00", "latency": 82}, {"date": "2024-01-02-22-00-00", "latency": 82}, {"date": "2024-01-02-12-00-00", "latency": 102}, {"date": "2024-01-02-12-00-00", "latency": 102}, {"date": "2024-01-02-12-00-00", "latency": 102}, {"date": "2024-01-02-12-00-00", "latency": 102}, {"date": "2024-01-02-12-00-00", "latency": 102}, {"date": "2024-01-02-12-00-00", "latency": 102}, {"date": "2024-01-02-12-00-00", "latency": 102}]}, {"location": {"country_code": "jp"}, "game_id": "101342", "values": [{"date": "2024-01-02-05-00-00", "latency": 70}, {"date": "2024-01-02-05-00-00", "latency": 70}, {"date": "2024-01-02-05-00-00", "latency": 70}, {"date": "2024-01-02-05-00-00", "latency": 70}, {"date": "2024-01-02-05-00-00", "latency": 70}, {"date": "2024-01-02-05-00-00", "latency": 70}, {"date": "2024-01-02-05-00-00", "latency": 70}, {"date": "2024-01-02-05-00-00", "latency": 70}]}, {"location": {"country_code": "ca"}, "game_id": "101342", "values": [{"date": "2024-01-02-17-00-00", "latency": 40}, {"date": "2024-01-02-17-00-00", "latency": 40}, {"date": "2024-01-02-17-00-00", "latency": 40}, {"date": "2024-01-02-17-00-00", "latency": 40}, {"date": "2024-01-02-17-00-00", "latency": 40}, {"date": "2024-01-02-17-00-00", "latency": 40}, {"date": "2024-01-02-17-00-00", "latency": 40}, {"date": "2024-01-02-17-00-00", "latency": 40}, {"date": "2024-01-02-17-00-00", "latency": 40}, {"date": "2024-01-02-17-00-00", "latency": 40}, {"date": "2024-01-02-17-00-00", "latency": 40}, {"date": "2024-01-02-17-00-00", "latency": 40}]}, {"location": {"country_code": "ch"}, "game_id": "101342", "values": [{"date": "2024-01-02-16-00-00", "latency": 66}, {"date": "2024-01-02-16-00-00", "latency": 66}, {"date": "2024-01-02-16-00-00", "latency": 66}, {"date": "2024-01-02-16-00-00", "latency": 66}, {"date": "2024-01-02-16-00-00", "latency": 66}]}, {"location": {"country_code": "us", "region": "Kansas"}, "game_id": "101342", "values": [{"date": "2024-01-02-04-00-00", "latency": 113}]}, {"location": {"country_code": "fr"}, "game_id": "101342", "values": [{"date": "2024-01-02-18-00-00", "latency": 141}]}, {"location": {"country_code": "us", "region": "New Jersey"}, "game_id": "101342", "values": [{"date": "2024-01-02-02-00-00", "latency": 141}, {"date": "2024-01-02-02-00-00", "latency": 141}, {"date": "2024-01-02-02-00-00", "latency": 141}, {"date": "2024-01-02-02-00-00", "latency": 141}, {"date": "2024-01-02-02-00-00", "latency": 141}, {"date": "2024-01-02-02-00-00", "latency": 141}, {"date": "2024-01-02-02-00-00", "latency": 141}, {"date": "2024-01-02-02-00-00", "latency": 141}, {"date": "2024-01-02-02-00-00", "latency": 141}]}, {"location": {"country_code": "in"}, "game_id": "101342", "values": [{"date": "2024-01-02-20-00-00", "latency": 214}, {"date": "2024-01-02-20-00-00", "latency": 214}, {"date": "2024-01-02-20-00-00", "latency": 214}, {"date": "2024-01-02-20-00-00", "latency": 214}, {"date": "2024-01-02-20-00-00", "latency": 214}, {"date": "2024-01-02-20-00-00", "latency": 214}, {"date": "2024-01-02-20-00-00", "latency": 214}, {"date": "2024-01-02-20-00-00", "latency": 214}, {"date": "2024-01-02-20-00-00", "latency": 214}, {"date": "2024-01-02-20-00-00", "latency": 214}, {"date": "2024-01-02-20-00-00", "latency": 214}, {"date": "2024-01-02-20-00-00", "latency": 214}]}, {"location": {"country_code": "us", "region": "California"}, "game_id": "101342", "values": [{"date": "2024-01-02-20-00-00", "latency": 81}, {"date": "2024-01-02-20-00-00", "latency": 81}, {"date": "2024-01-02-20-00-00", "latency": 81}, {"date": "2024-01-02-20-00-00", "latency": 81}]}, {"location": {"country_code": "au"}, "game_id": "101342", "values": [{"date": "2024-01-02-11-00-00", "latency": 83}, {"date": "2024-01-02-11-00-00", "latency": 83}, {"date": "2024-01-02-11-00-00", "latency": 83}, {"date": "2024-01-02-11-00-00", "latency": 83}, {"date": "2024-01-02-07-00-00", "latency": 173}, {"date": "2024-01-02-07-00-00", "latency": 173}, {"date": "2024-01-02-12-00-00", "latency": 69}, {"date": "2024-01-02-12-00-00", "latency": 69}]}, {"location": {"country_code": "au", "region": "Victoria", "city": "Melbourne"}, "game_id": "101342", "values": [{"date": "2024-01-02-06-00-00", "latency": 92}]}, {"location": {"country_code": "iq"}, "game_id": "101342", "values": [{"date": "2024-01-02-01-00-00", "latency": 118}, {"date": "2024-01-02-01-00-00", "latency": 118}, {"date": "2024-01-02-01-00-00", "latency": 118}]}, {"location": {"country_code": "us", "region": "Missouri"}, "game_id": "101342", "values": [{"date": "2024-01-02-07-00-00", "latency": 89}, {"date": "2024-01-02-07-00-00", "latency": 89}, {"date": "2024-01-02-07-00-00", "latency": 89}, {"date": "2024-01-02-07-00-00", "latency": 89}, {"date": "2024-01-02-07-00-00", "latency": 89}, {"date": "2024-01-02-07-00-00", "latency": 89}, {"date": "2024-01-02-07-00-00", "latency": 89}, {"date": "2024-01-02-07-00-00", "latency": 89}, {"date": "2024-01-02-07-00-00", "latency": 89}, {"date": "2024-01-02-07-00-00", "latency": 89}]}, {"location": {"country_code": "hu"}, "game_id": "101342", "values": [{"date": "2024-01-03-01-00-00", "latency": 109}, {"date": "2024-01-03-01-00-00", "latency": 109}, {"date": "2024-01-03-01-00-00", "latency": 109}, {"date": "2024-01-03-01-00-00", "latency": 109}, {"date": "2024-01-03-01-00-00", "latency": 109}, {"date": "2024-01-03-01-00-00", "latency": 109}, {"date": "2024-01-03-01-00-00", "latency": 109}, {"date": "2024-01-03-01-00-00", "latency": 109}, {"date": "2024-01-02-23-00-00", "latency": 80}, {"date": "2024-01-02-23-00-00", "latency": 80}, {"date": "2024-01-02-23-00-00", "latency": 80}, {"date": "2024-01-02-23-00-00", "latency": 80}, {"date": "2024-01-02-23-00-00", "latency": 80}, {"date": "2024-01-02-23-00-00", "latency": 80}, {"date": "2024-01-02-23-00-00", "latency": 80}, {"date": "2024-01-02-23-00-00", "latency": 80}, {"date": "2024-01-02-23-00-00", "latency": 80}, {"date": "2024-01-02-23-00-00", "latency": 80}, {"date": "2024-01-02-23-00-00", "latency": 80}, {"date": "2024-01-02-23-00-00", "latency": 80}, {"date": "2024-01-02-23-00-00", "latency": 80}, {"date": "2024-01-02-23-00-00", "latency": 80}, {"date": "2024-01-02-23-00-00", "latency": 80}, {"date": "2024-01-02-23-00-00", "latency": 80}, {"date": "2024-01-02-23-00-00", "latency": 80}, {"date": "2024-01-02-23-00-00", "latency": 80}, {"date": "2024-01-02-23-00-00", "latency": 80}, {"date": "2024-01-02-23-00-00", "latency": 80}, {"date": "2024-01-02-23-00-00", "latency": 80}, {"date": "2024-01-02-23-00-00", "latency": 80}]}, {"location": {"country_code": "pl"}, "game_id": "101342", "values": [{"date": "2024-01-02-23-00-00", "latency": 104}, {"date": "2024-01-02-23-00-00", "latency": 104}, {"date": "2024-01-02-23-00-00", "latency": 104}]}, {"location": {"country_code": "be"}, "game_id": "101342", "values": [{"date": "2024-01-02-22-00-00", "latency": 83}, {"date": "2024-01-02-22-00-00", "latency": 83}]}, {"location": {"country_code": "us", "region": "North Carolina"}, "game_id": "101342", "values": [{"date": "2024-01-02-19-00-00", "latency": 101}, {"date": "2024-01-02-19-00-00", "latency": 101}, {"date": "2024-01-02-19-00-00", "latency": 101}, {"date": "2024-01-02-19-00-00", "latency": 101}, {"date": "2024-01-02-19-00-00", "latency": 101}, {"date": "2024-01-02-19-00-00", "latency": 101}, {"date": "2024-01-02-19-00-00", "latency": 101}, {"date": "2024-01-02-19-00-00", "latency": 101}, {"date": "2024-01-02-19-00-00", "latency": 101}, {"date": "2024-01-02-19-00-00", "latency": 101}, {"date": "2024-01-02-19-00-00", "latency": 101}, {"date": "2024-01-02-19-00-00", "latency": 101}, {"date": "2024-01-02-19-00-00", "latency": 101}, {"date": "2024-01-02-19-00-00", "latency": 101}, {"date": "2024-01-02-19-00-00", "latency": 101}, {"date": "2024-01-02-19-00-00", "latency": 101}, {"date": "2024-01-02-19-00-00", "latency": 101}, {"date": "2024-01-02-19-00-00", "latency": 101}, {"date": "2024-01-02-19-00-00", "latency": 101}, {"date": "2024-01-02-19-00-00", "latency": 101}, {"date": "2024-01-02-19-00-00", "latency": 101}, {"date": "2024-01-02-19-00-00", "latency": 101}, {"date": "2024-01-02-19-00-00", "latency": 101}, {"date": "2024-01-02-19-00-00", "latency": 101}, {"date": "2024-01-02-19-00-00", "latency": 101}, {"date": "2024-01-02-19-00-00", "latency": 101}, {"date": "2024-01-02-19-00-00", "latency": 101}]}, {"location": {"country_code": "us", "region": "Minnesota"}, "game_id": "101342", "values": [{"date": "2024-01-02-03-00-00", "latency": 70}]}, {"location": {"country_code": "us", "region": "Georgia", "city": "Atlanta"}, "game_id": "101342", "values": [{"date": "2024-01-03-01-00-00", "latency": 79}, {"date": "2024-01-03-01-00-00", "latency": 79}, {"date": "2024-01-03-01-00-00", "latency": 79}, {"date": "2024-01-03-01-00-00", "latency": 79}, {"date": "2024-01-03-01-00-00", "latency": 79}, {"date": "2024-01-03-01-00-00", "latency": 79}, {"date": "2024-01-03-01-00-00", "latency": 79}, {"date": "2024-01-03-01-00-00", "latency": 79}, {"date": "2024-01-03-01-00-00", "latency": 79}, {"date": "2024-01-03-01-00-00", "latency": 79}, {"date": "2024-01-03-01-00-00", "latency": 79}, {"date": "2024-01-03-01-00-00", "latency": 79}, {"date": "2024-01-03-01-00-00", "latency": 79}, {"date": "2024-01-03-01-00-00", "latency": 79}, {"date": "2024-01-03-01-00-00", "latency": 79}]}, {"location": {"country_code": "de", "region": "North Rhine-Westphalia"}, "game_id": "101342", "values": [{"date": "2024-01-02-19-00-00", "latency": 69}, {"date": "2024-01-02-19-00-00", "latency": 69}, {"date": "2024-01-02-19-00-00", "latency": 69}]}, {"location": {"country_code": "us", "region": "Ohio", "city": "Dayton"}, "game_id": "101342", "values": [{"date": "2024-01-02-06-00-00", "latency": 80}, {"date": "2024-01-02-06-00-00", "latency": 80}, {"date": "2024-01-02-06-00-00", "latency": 80}]}, {"location": {"country_code": "br", "region": "Santa Catarina", "city": "Imbituba"}, "game_id": "101342", "values": [{"date": "2024-01-02-19-00-00", "latency": 84}]}, {"location": {"country_code": "ch", "region": "Canton Ticino", "city": "Lugano"}, "game_id": "101342", "values": [{"date": "2024-01-02-01-00-00", "latency": 85}]}], "last_updated": 1719927603.807459}