{"data": [{"location": {"country_code": "us"}, "game_id": "135305", "values": [{"date": "2023-03-09-02-00-00", "latency": 148}, {"date": "2023-03-09-02-00-00", "latency": 148}, {"date": "2023-03-09-02-00-00", "latency": 148}, {"date": "2023-03-09-02-00-00", "latency": 148}, {"date": "2023-03-09-02-00-00", "latency": 148}, {"date": "2023-03-09-02-00-00", "latency": 148}, {"date": "2023-03-09-02-00-00", "latency": 148}, {"date": "2023-03-09-16-00-00", "latency": 272}]}, {"location": {"country_code": "ar"}, "game_id": "135305", "values": [{"date": "2023-03-09-17-00-00", "latency": 292}, {"date": "2023-03-09-17-00-00", "latency": 292}, {"date": "2023-03-09-23-00-00", "latency": 225}]}, {"location": {"country_code": "th"}, "game_id": "135305", "values": [{"date": "2023-03-09-12-00-00", "latency": 152}, {"date": "2023-03-09-08-00-00", "latency": 306}, {"date": "2023-03-09-08-00-00", "latency": 306}]}, {"location": {"country_code": "cz"}, "game_id": "135305", "values": [{"date": "2023-03-09-17-00-00", "latency": 70}]}, {"location": {"country_code": "it"}, "game_id": "135305", "values": [{"date": "2023-03-09-21-00-00", "latency": 43}]}, {"location": {"country_code": "it", "region": "Lombardy"}, "game_id": "135305", "values": [{"date": "2023-03-09-12-00-00", "latency": 41}]}, {"location": {"country_code": "us", "region": "Ohio"}, "game_id": "135305", "values": [{"date": "2023-03-09-21-00-00", "latency": 52}, {"date": "2023-03-09-21-00-00", "latency": 52}, {"date": "2023-03-09-21-00-00", "latency": 52}, {"date": "2023-03-09-21-00-00", "latency": 52}]}, {"location": {"country_code": "jp"}, "game_id": "135305", "values": [{"date": "2023-03-09-20-00-00", "latency": 112}, {"date": "2023-03-09-20-00-00", "latency": 112}, {"date": "2023-03-09-11-00-00", "latency": 44}, {"date": "2023-03-09-11-00-00", "latency": 44}, {"date": "2023-03-09-08-00-00", "latency": 64}, {"date": "2023-03-09-03-00-00", "latency": 24}]}, {"location": {"country_code": "de"}, "game_id": "135305", "values": [{"date": "2023-03-10-00-00-00", "latency": 114}]}, {"location": {"country_code": "tw"}, "game_id": "135305", "values": [{"date": "2023-03-09-16-00-00", "latency": 95}, {"date": "2023-03-09-16-00-00", "latency": 95}, {"date": "2023-03-09-16-00-00", "latency": 95}]}, {"location": {"country_code": "ph"}, "game_id": "135305", "values": [{"date": "2023-03-09-14-00-00", "latency": 126}, {"date": "2023-03-09-17-00-00", "latency": 99}, {"date": "2023-03-09-17-00-00", "latency": 99}, {"date": "2023-03-09-17-00-00", "latency": 99}, {"date": "2023-03-09-17-00-00", "latency": 99}, {"date": "2023-03-09-17-00-00", "latency": 99}, {"date": "2023-03-09-17-00-00", "latency": 99}, {"date": "2023-03-09-17-00-00", "latency": 99}, {"date": "2023-03-09-17-00-00", "latency": 99}, {"date": "2023-03-09-17-00-00", "latency": 99}, {"date": "2023-03-09-17-00-00", "latency": 99}, {"date": "2023-03-09-17-00-00", "latency": 99}, {"date": "2023-03-09-17-00-00", "latency": 99}, {"date": "2023-03-09-17-00-00", "latency": 99}, {"date": "2023-03-09-17-00-00", "latency": 99}, {"date": "2023-03-09-17-00-00", "latency": 99}, {"date": "2023-03-09-17-00-00", "latency": 99}, {"date": "2023-03-09-16-00-00", "latency": 102}, {"date": "2023-03-09-15-00-00", "latency": 355}]}, {"location": {"country_code": "mx"}, "game_id": "135305", "values": [{"date": "2023-03-09-04-00-00", "latency": 100}, {"date": "2023-03-09-04-00-00", "latency": 100}, {"date": "2023-03-09-05-00-00", "latency": 608}, {"date": "2023-03-09-10-00-00", "latency": 118}, {"date": "2023-03-09-10-00-00", "latency": 118}, {"date": "2023-03-09-10-00-00", "latency": 118}, {"date": "2023-03-09-10-00-00", "latency": 118}, {"date": "2023-03-09-06-00-00", "latency": 122}, {"date": "2023-03-09-06-00-00", "latency": 87}]}, {"location": {"country_code": "us", "region": "California"}, "game_id": "135305", "values": [{"date": "2023-03-09-23-00-00", "latency": 103}]}, {"location": {"country_code": "br"}, "game_id": "135305", "values": [{"date": "2023-03-09-02-00-00", "latency": 223}, {"date": "2023-03-09-02-00-00", "latency": 43}, {"date": "2023-03-09-02-00-00", "latency": 43}]}, {"location": {"country_code": "ec"}, "game_id": "135305", "values": [{"date": "2023-03-09-04-00-00", "latency": 95}, {"date": "2023-03-09-04-00-00", "latency": 95}]}, {"location": {"country_code": "au"}, "game_id": "135305", "values": [{"date": "2023-03-09-12-00-00", "latency": 207}]}, {"location": {"country_code": "es", "region": "Madrid", "city": "Parla"}, "game_id": "135305", "values": [{"date": "2023-03-09-20-00-00", "latency": 79}, {"date": "2023-03-09-20-00-00", "latency": 79}, {"date": "2023-03-09-20-00-00", "latency": 79}]}, {"location": {"country_code": "tr"}, "game_id": "135305", "values": [{"date": "2023-03-09-18-00-00", "latency": 85}]}, {"location": {"country_code": "ca", "region": "Ontario"}, "game_id": "135305", "values": [{"date": "2023-03-10-01-00-00", "latency": 114}]}, {"location": {"country_code": "es"}, "game_id": "135305", "values": [{"date": "2023-03-09-02-00-00", "latency": 102}, {"date": "2023-03-09-02-00-00", "latency": 102}, {"date": "2023-03-09-02-00-00", "latency": 102}, {"date": "2023-03-09-02-00-00", "latency": 102}]}, {"location": {"country_code": "vn"}, "game_id": "135305", "values": [{"date": "2023-03-09-16-00-00", "latency": 131}, {"date": "2023-03-09-16-00-00", "latency": 131}, {"date": "2023-03-09-16-00-00", "latency": 131}]}, {"location": {"country_code": "gb", "region": "Northern Ireland"}, "game_id": "135305", "values": [{"date": "2023-03-09-20-00-00", "latency": 52}, {"date": "2023-03-09-20-00-00", "latency": 52}]}, {"location": {"country_code": "de", "region": "Saarland"}, "game_id": "135305", "values": [{"date": "2023-03-09-21-00-00", "latency": 132}, {"date": "2023-03-09-21-00-00", "latency": 132}]}, {"location": {"country_code": "us", "region": "Texas", "city": "Ennis"}, "game_id": "135305", "values": [{"date": "2023-03-09-02-00-00", "latency": 74}]}, {"location": {"country_code": "hu"}, "game_id": "135305", "values": [{"date": "2023-03-09-18-00-00", "latency": 85}, {"date": "2023-03-09-18-00-00", "latency": 85}, {"date": "2023-03-09-18-00-00", "latency": 85}]}, {"location": {"country_code": "in", "region": "Maharashtra", "city": "Navi Mumbai"}, "game_id": "135305", "values": [{"date": "2023-03-09-11-00-00", "latency": 158}, {"date": "2023-03-09-11-00-00", "latency": 158}, {"date": "2023-03-09-11-00-00", "latency": 158}, {"date": "2023-03-09-11-00-00", "latency": 158}, {"date": "2023-03-09-11-00-00", "latency": 158}, {"date": "2023-03-09-11-00-00", "latency": 158}, {"date": "2023-03-09-11-00-00", "latency": 158}]}, {"location": {"country_code": "es", "region": "Catalonia", "city": "l'Hospitalet de Llobregat"}, "game_id": "135305", "values": [{"date": "2023-03-09-19-00-00", "latency": 101}, {"date": "2023-03-09-19-00-00", "latency": 101}, {"date": "2023-03-09-19-00-00", "latency": 101}, {"date": "2023-03-09-19-00-00", "latency": 101}]}, {"location": {"country_code": "pe"}, "game_id": "135305", "values": [{"date": "2023-03-09-08-00-00", "latency": 126}]}, {"location": {"country_code": "ua"}, "game_id": "135305", "values": [{"date": "2023-03-09-23-00-00", "latency": 540}, {"date": "2023-03-09-23-00-00", "latency": 540}, {"date": "2023-03-09-23-00-00", "latency": 540}, {"date": "2023-03-09-23-00-00", "latency": 540}, {"date": "2023-03-09-23-00-00", "latency": 540}, {"date": "2023-03-09-23-00-00", "latency": 540}, {"date": "2023-03-09-23-00-00", "latency": 540}, {"date": "2023-03-09-18-00-00", "latency": 158}]}, {"location": {"country_code": "sg"}, "game_id": "135305", "values": [{"date": "2023-03-09-16-00-00", "latency": 120}, {"date": "2023-03-09-11-00-00", "latency": 113}, {"date": "2023-03-09-11-00-00", "latency": 113}, {"date": "2023-03-09-14-00-00", "latency": 244}, {"date": "2023-03-09-16-00-00", "latency": 130}, {"date": "2023-03-09-16-00-00", "latency": 130}, {"date": "2023-03-09-16-00-00", "latency": 130}, {"date": "2023-03-09-16-00-00", "latency": 130}, {"date": "2023-03-09-16-00-00", "latency": 130}, {"date": "2023-03-09-16-00-00", "latency": 130}, {"date": "2023-03-09-16-00-00", "latency": 130}, {"date": "2023-03-09-16-00-00", "latency": 130}, {"date": "2023-03-09-16-00-00", "latency": 130}, {"date": "2023-03-09-17-00-00", "latency": 172}, {"date": "2023-03-09-17-00-00", "latency": 172}, {"date": "2023-03-09-17-00-00", "latency": 172}, {"date": "2023-03-09-17-00-00", "latency": 172}, {"date": "2023-03-09-17-00-00", "latency": 172}, {"date": "2023-03-09-17-00-00", "latency": 172}, {"date": "2023-03-09-17-00-00", "latency": 172}, {"date": "2023-03-09-17-00-00", "latency": 172}, {"date": "2023-03-09-17-00-00", "latency": 172}, {"date": "2023-03-09-17-00-00", "latency": 172}, {"date": "2023-03-09-17-00-00", "latency": 172}, {"date": "2023-03-09-17-00-00", "latency": 172}, {"date": "2023-03-09-17-00-00", "latency": 172}, {"date": "2023-03-09-17-00-00", "latency": 172}]}, {"location": {"country_code": "my"}, "game_id": "135305", "values": [{"date": "2023-03-09-13-00-00", "latency": 132}, {"date": "2023-03-09-11-00-00", "latency": 119}, {"date": "2023-03-09-11-00-00", "latency": 119}, {"date": "2023-03-09-11-00-00", "latency": 119}, {"date": "2023-03-09-11-00-00", "latency": 119}, {"date": "2023-03-09-11-00-00", "latency": 119}, {"date": "2023-03-09-11-00-00", "latency": 119}, {"date": "2023-03-09-15-00-00", "latency": 216}, {"date": "2023-03-09-03-00-00", "latency": 169}, {"date": "2023-03-09-16-00-00", "latency": 226}, {"date": "2023-03-09-16-00-00", "latency": 226}, {"date": "2023-03-09-16-00-00", "latency": 226}, {"date": "2023-03-09-16-00-00", "latency": 226}, {"date": "2023-03-09-16-00-00", "latency": 226}, {"date": "2023-03-09-16-00-00", "latency": 226}, {"date": "2023-03-09-16-00-00", "latency": 226}, {"date": "2023-03-09-16-00-00", "latency": 226}, {"date": "2023-03-09-16-00-00", "latency": 226}, {"date": "2023-03-09-16-00-00", "latency": 226}, {"date": "2023-03-09-16-00-00", "latency": 226}, {"date": "2023-03-09-15-00-00", "latency": 190}]}, {"location": {"country_code": "us", "region": "Hawaii", "city": "Kapolei"}, "game_id": "135305", "values": [{"date": "2023-03-09-05-00-00", "latency": 153}]}, {"location": {"country_code": "fr", "region": "Ile-de-France Region"}, "game_id": "135305", "values": [{"date": "2023-03-09-20-00-00", "latency": 80}, {"date": "2023-03-09-20-00-00", "latency": 80}, {"date": "2023-03-09-20-00-00", "latency": 80}, {"date": "2023-03-09-20-00-00", "latency": 80}, {"date": "2023-03-09-20-00-00", "latency": 80}]}, {"location": {"country_code": "fr", "region": "Alvernia-Rodano-Alpi", "city": "Mars"}, "game_id": "135305", "values": [{"date": "2023-03-09-16-00-00", "latency": 203}]}, {"location": {"country_code": "de", "region": "Bavaria", "city": "Nuremberg"}, "game_id": "135305", "values": [{"date": "2023-03-09-22-00-00", "latency": 39}]}, {"location": {"country_code": "ca", "region": "British Columbia"}, "game_id": "135305", "values": [{"date": "2023-03-09-07-00-00", "latency": 107}]}, {"location": {"country_code": "de", "region": "Baden-Wurttemberg", "city": "Stuttgart"}, "game_id": "135305", "values": [{"date": "2023-03-09-23-00-00", "latency": 40}, {"date": "2023-03-09-23-00-00", "latency": 40}]}, {"location": {"country_code": "ru", "region": "Vladimir Oblast", "city": "Vladimir"}, "game_id": "135305", "values": [{"date": "2023-03-09-11-00-00", "latency": 221}, {"date": "2023-03-09-11-00-00", "latency": 221}]}, {"location": {"country_code": "es", "region": "Principality of Asturias"}, "game_id": "135305", "values": [{"date": "2023-03-09-21-00-00", "latency": 85}]}, {"location": {"country_code": "ph", "region": "CALABARZON", "city": "Cavite"}, "game_id": "135305", "values": [{"date": "2023-03-09-18-00-00", "latency": 95}]}, {"location": {"country_code": "ma"}, "game_id": "135305", "values": [{"date": "2023-03-09-19-00-00", "latency": 73}]}, {"location": {"country_code": "br", "region": "Paraiba", "city": "Santa Rita"}, "game_id": "135305", "values": [{"date": "2023-03-09-19-00-00", "latency": 227}, {"date": "2023-03-09-19-00-00", "latency": 227}]}, {"location": {"country_code": "de", "region": "Baden-Wurttemberg", "city": "Mannheim"}, "game_id": "135305", "values": [{"date": "2023-03-10-00-00-00", "latency": 98}]}, {"location": {"country_code": "at", "region": "Tyrol", "city": "Innsbruck"}, "game_id": "135305", "values": [{"date": "2023-03-09-20-00-00", "latency": 97}, {"date": "2023-03-09-20-00-00", "latency": 97}, {"date": "2023-03-09-20-00-00", "latency": 97}, {"date": "2023-03-09-20-00-00", "latency": 97}]}, {"location": {"country_code": "es", "region": "Canary Islands", "city": "Telde"}, "game_id": "135305", "values": [{"date": "2023-03-09-16-00-00", "latency": 123}, {"date": "2023-03-09-16-00-00", "latency": 123}, {"date": "2023-03-09-16-00-00", "latency": 123}, {"date": "2023-03-09-16-00-00", "latency": 123}]}, {"location": {"country_code": "jp", "region": "Narita"}, "game_id": "135305", "values": [{"date": "2023-03-09-08-00-00", "latency": 63}]}], "last_updated": 1719927541.324586}