{"data": [{"location": {"country_code": "nz"}, "game_id": "128974", "values": [{"date": "2024-06-05-11-00-00", "latency": 5}]}, {"location": {"country_code": "us"}, "game_id": "128974", "values": [{"date": "2024-06-05-02-00-00", "latency": 24}, {"date": "2024-06-05-02-00-00", "latency": 24}, {"date": "2024-06-05-02-00-00", "latency": 24}, {"date": "2024-06-05-02-00-00", "latency": 24}, {"date": "2024-06-05-02-00-00", "latency": 24}, {"date": "2024-06-05-02-00-00", "latency": 24}, {"date": "2024-06-05-02-00-00", "latency": 24}, {"date": "2024-06-05-20-00-00", "latency": 7}, {"date": "2024-06-05-23-00-00", "latency": 60}, {"date": "2024-06-05-23-00-00", "latency": 60}, {"date": "2024-06-05-23-00-00", "latency": 60}, {"date": "2024-06-05-23-00-00", "latency": 60}, {"date": "2024-06-05-23-00-00", "latency": 60}, {"date": "2024-06-06-02-00-00", "latency": 7}, {"date": "2024-06-05-12-00-00", "latency": 56}, {"date": "2024-06-05-12-00-00", "latency": 56}, {"date": "2024-06-05-12-00-00", "latency": 56}, {"date": "2024-06-05-03-00-00", "latency": 21}, {"date": "2024-06-05-03-00-00", "latency": 2}, {"date": "2024-06-06-01-00-00", "latency": 59}, {"date": "2024-06-06-01-00-00", "latency": 59}, {"date": "2024-06-06-01-00-00", "latency": 59}, {"date": "2024-06-06-01-00-00", "latency": 59}, {"date": "2024-06-06-01-00-00", "latency": 59}, {"date": "2024-06-05-05-00-00", "latency": 2}, {"date": "2024-06-05-05-00-00", "latency": 2}, {"date": "2024-06-05-05-00-00", "latency": 2}, {"date": "2024-06-05-06-00-00", "latency": 8}, {"date": "2024-06-05-06-00-00", "latency": 8}, {"date": "2024-06-05-06-00-00", "latency": 8}, {"date": "2024-06-05-04-00-00", "latency": 6}, {"date": "2024-06-05-23-00-00", "latency": 3}, {"date": "2024-06-05-08-00-00", "latency": 7}]}, {"location": {"country_code": "us", "region": "Texas"}, "game_id": "128974", "values": [{"date": "2024-06-05-02-00-00", "latency": 72}, {"date": "2024-06-05-02-00-00", "latency": 72}, {"date": "2024-06-05-02-00-00", "latency": 72}, {"date": "2024-06-05-13-00-00", "latency": 7}, {"date": "2024-06-05-13-00-00", "latency": 7}, {"date": "2024-06-05-13-00-00", "latency": 7}]}, {"location": {"country_code": "us", "region": "Nevada", "city": "Las Vegas"}, "game_id": "128974", "values": [{"date": "2024-06-05-20-00-00", "latency": 1}]}, {"location": {"country_code": "us", "region": "Florida", "city": "Orlando"}, "game_id": "128974", "values": [{"date": "2024-06-05-16-00-00", "latency": 8}, {"date": "2024-06-06-00-00-00", "latency": 8}]}, {"location": {"country_code": "gb"}, "game_id": "128974", "values": [{"date": "2024-06-06-00-00-00", "latency": 3}, {"date": "2024-06-05-21-00-00", "latency": 28}, {"date": "2024-06-06-00-00-00", "latency": 30}, {"date": "2024-06-05-22-00-00", "latency": 2}]}, {"location": {"country_code": "gb", "region": "England", "city": "Brighton"}, "game_id": "128974", "values": [{"date": "2024-06-05-21-00-00", "latency": 43}, {"date": "2024-06-05-21-00-00", "latency": 43}]}, {"location": {"country_code": "th"}, "game_id": "128974", "values": [{"date": "2024-06-05-09-00-00", "latency": 2}, {"date": "2024-06-05-21-00-00", "latency": 61}]}, {"location": {"country_code": "nl"}, "game_id": "128974", "values": [{"date": "2024-06-05-20-00-00", "latency": 14}, {"date": "2024-06-05-20-00-00", "latency": 14}, {"date": "2024-06-05-20-00-00", "latency": 14}, {"date": "2024-06-05-20-00-00", "latency": 14}, {"date": "2024-06-05-20-00-00", "latency": 14}, {"date": "2024-06-05-20-00-00", "latency": 14}, {"date": "2024-06-05-20-00-00", "latency": 14}, {"date": "2024-06-05-20-00-00", "latency": 14}]}, {"location": {"country_code": "za"}, "game_id": "128974", "values": [{"date": "2024-06-05-22-00-00", "latency": 179}]}, {"location": {"country_code": "jp"}, "game_id": "128974", "values": [{"date": "2024-06-05-18-00-00", "latency": 33}]}, {"location": {"country_code": "ca"}, "game_id": "128974", "values": [{"date": "2024-06-05-10-00-00", "latency": 3}, {"date": "2024-06-05-10-00-00", "latency": 3}, {"date": "2024-06-05-21-00-00", "latency": 24}, {"date": "2024-06-05-21-00-00", "latency": 24}, {"date": "2024-06-05-21-00-00", "latency": 24}, {"date": "2024-06-05-07-00-00", "latency": 9}, {"date": "2024-06-05-04-00-00", "latency": 5}, {"date": "2024-06-05-06-00-00", "latency": 7}, {"date": "2024-06-05-06-00-00", "latency": 7}, {"date": "2024-06-05-06-00-00", "latency": 7}, {"date": "2024-06-05-03-00-00", "latency": 5}, {"date": "2024-06-05-08-00-00", "latency": 41}, {"date": "2024-06-05-08-00-00", "latency": 41}, {"date": "2024-06-05-08-00-00", "latency": 41}, {"date": "2024-06-05-08-00-00", "latency": 41}, {"date": "2024-06-05-08-00-00", "latency": 41}, {"date": "2024-06-05-08-00-00", "latency": 41}, {"date": "2024-06-05-08-00-00", "latency": 41}]}, {"location": {"country_code": "ca", "region": "Ontario", "city": "Toronto"}, "game_id": "128974", "values": [{"date": "2024-06-05-05-00-00", "latency": 64}, {"date": "2024-06-05-05-00-00", "latency": 3}, {"date": "2024-06-05-05-00-00", "latency": 3}, {"date": "2024-06-05-06-00-00", "latency": 30}, {"date": "2024-06-05-06-00-00", "latency": 30}, {"date": "2024-06-05-06-00-00", "latency": 30}]}, {"location": {"country_code": "ch"}, "game_id": "128974", "values": [{"date": "2024-06-05-17-00-00", "latency": 137}, {"date": "2024-06-05-17-00-00", "latency": 137}, {"date": "2024-06-05-17-00-00", "latency": 137}, {"date": "2024-06-05-17-00-00", "latency": 137}, {"date": "2024-06-05-17-00-00", "latency": 137}]}, {"location": {"country_code": "id"}, "game_id": "128974", "values": [{"date": "2024-06-05-21-00-00", "latency": 38}, {"date": "2024-06-05-21-00-00", "latency": 38}, {"date": "2024-06-05-21-00-00", "latency": 38}, {"date": "2024-06-05-21-00-00", "latency": 38}, {"date": "2024-06-05-19-00-00", "latency": 4}, {"date": "2024-06-05-19-00-00", "latency": 4}, {"date": "2024-06-05-17-00-00", "latency": 4}]}, {"location": {"country_code": "de"}, "game_id": "128974", "values": [{"date": "2024-06-05-07-00-00", "latency": 29}, {"date": "2024-06-05-07-00-00", "latency": 29}, {"date": "2024-06-05-07-00-00", "latency": 29}, {"date": "2024-06-06-00-00-00", "latency": 2}, {"date": "2024-06-06-00-00-00", "latency": 2}]}, {"location": {"country_code": "de", "region": "North Rhine-Westphalia"}, "game_id": "128974", "values": [{"date": "2024-06-05-15-00-00", "latency": 2}, {"date": "2024-06-05-20-00-00", "latency": 2}]}, {"location": {"country_code": "cl"}, "game_id": "128974", "values": [{"date": "2024-06-05-05-00-00", "latency": 80}]}, {"location": {"country_code": "us", "region": "Florida"}, "game_id": "128974", "values": [{"date": "2024-06-06-02-00-00", "latency": 124}, {"date": "2024-06-06-02-00-00", "latency": 124}, {"date": "2024-06-06-01-00-00", "latency": 2}, {"date": "2024-06-05-20-00-00", "latency": 8}]}, {"location": {"country_code": "us", "region": "Florida", "city": "Miami"}, "game_id": "128974", "values": [{"date": "2024-06-05-17-00-00", "latency": 71}, {"date": "2024-06-05-17-00-00", "latency": 71}, {"date": "2024-06-05-17-00-00", "latency": 71}, {"date": "2024-06-05-17-00-00", "latency": 71}, {"date": "2024-06-05-17-00-00", "latency": 71}, {"date": "2024-06-05-17-00-00", "latency": 71}, {"date": "2024-06-05-17-00-00", "latency": 71}, {"date": "2024-06-05-17-00-00", "latency": 71}, {"date": "2024-06-05-04-00-00", "latency": 5}]}, {"location": {"country_code": "ph"}, "game_id": "128974", "values": [{"date": "2024-06-05-10-00-00", "latency": 7}, {"date": "2024-06-05-16-00-00", "latency": 6}, {"date": "2024-06-05-03-00-00", "latency": 4}]}, {"location": {"country_code": "fr"}, "game_id": "128974", "values": [{"date": "2024-06-05-23-00-00", "latency": 24}, {"date": "2024-06-06-00-00-00", "latency": 4}]}, {"location": {"country_code": "mx"}, "game_id": "128974", "values": [{"date": "2024-06-05-07-00-00", "latency": 30}, {"date": "2024-06-05-04-00-00", "latency": 50}, {"date": "2024-06-05-07-00-00", "latency": 68}, {"date": "2024-06-05-07-00-00", "latency": 73}, {"date": "2024-06-05-07-00-00", "latency": 189}, {"date": "2024-06-05-07-00-00", "latency": 189}]}, {"location": {"country_code": "us", "region": "Ohio"}, "game_id": "128974", "values": [{"date": "2024-06-05-09-00-00", "latency": 44}, {"date": "2024-06-05-09-00-00", "latency": 44}]}, {"location": {"country_code": "us", "region": "California"}, "game_id": "128974", "values": [{"date": "2024-06-06-01-00-00", "latency": 4}, {"date": "2024-06-05-12-00-00", "latency": 2}, {"date": "2024-06-05-10-00-00", "latency": 43}, {"date": "2024-06-05-10-00-00", "latency": 43}]}, {"location": {"country_code": "br"}, "game_id": "128974", "values": [{"date": "2024-06-05-22-00-00", "latency": 53}, {"date": "2024-06-05-22-00-00", "latency": 53}]}, {"location": {"country_code": "br", "region": "Sao Paulo", "city": "Apiai"}, "game_id": "128974", "values": [{"date": "2024-06-05-23-00-00", "latency": 2}, {"date": "2024-06-06-02-00-00", "latency": 2}]}, {"location": {"country_code": "se"}, "game_id": "128974", "values": [{"date": "2024-06-05-22-00-00", "latency": 6}]}, {"location": {"country_code": "us", "region": "Maryland", "city": "Dundalk"}, "game_id": "128974", "values": [{"date": "2024-06-05-22-00-00", "latency": 2}]}, {"location": {"country_code": "au"}, "game_id": "128974", "values": [{"date": "2024-06-05-15-00-00", "latency": 48}, {"date": "2024-06-05-13-00-00", "latency": 7}, {"date": "2024-06-05-12-00-00", "latency": 0}, {"date": "2024-06-05-10-00-00", "latency": 162}, {"date": "2024-06-05-16-00-00", "latency": 115}, {"date": "2024-06-05-16-00-00", "latency": 115}, {"date": "2024-06-05-16-00-00", "latency": 115}, {"date": "2024-06-05-16-00-00", "latency": 115}, {"date": "2024-06-05-16-00-00", "latency": 115}, {"date": "2024-06-05-16-00-00", "latency": 115}, {"date": "2024-06-05-16-00-00", "latency": 115}, {"date": "2024-06-05-16-00-00", "latency": 115}]}, {"location": {"country_code": "td"}, "game_id": "128974", "values": [{"date": "2024-06-05-14-00-00", "latency": 4}, {"date": "2024-06-05-14-00-00", "latency": 4}, {"date": "2024-06-05-14-00-00", "latency": 4}]}, {"location": {"country_code": "es", "region": "Madrid", "city": "Parla"}, "game_id": "128974", "values": [{"date": "2024-06-05-23-00-00", "latency": 42}, {"date": "2024-06-05-23-00-00", "latency": 42}, {"date": "2024-06-05-23-00-00", "latency": 42}]}, {"location": {"country_code": "dk"}, "game_id": "128974", "values": [{"date": "2024-06-05-14-00-00", "latency": 4}, {"date": "2024-06-05-14-00-00", "latency": 4}]}, {"location": {"country_code": "ca", "region": "Ontario"}, "game_id": "128974", "values": [{"date": "2024-06-05-09-00-00", "latency": 56}, {"date": "2024-06-05-09-00-00", "latency": 56}, {"date": "2024-06-05-09-00-00", "latency": 56}, {"date": "2024-06-05-09-00-00", "latency": 56}, {"date": "2024-06-05-09-00-00", "latency": 56}, {"date": "2024-06-05-09-00-00", "latency": 56}, {"date": "2024-06-05-09-00-00", "latency": 56}, {"date": "2024-06-05-09-00-00", "latency": 56}, {"date": "2024-06-05-09-00-00", "latency": 56}, {"date": "2024-06-05-09-00-00", "latency": 56}, {"date": "2024-06-05-09-00-00", "latency": 56}, {"date": "2024-06-05-09-00-00", "latency": 56}, {"date": "2024-06-05-09-00-00", "latency": 56}, {"date": "2024-06-05-09-00-00", "latency": 56}, {"date": "2024-06-05-09-00-00", "latency": 56}]}, {"location": {"country_code": "kr"}, "game_id": "128974", "values": [{"date": "2024-06-05-19-00-00", "latency": 165}]}, {"location": {"country_code": "us", "region": "California", "city": "San Francisco"}, "game_id": "128974", "values": [{"date": "2024-06-05-02-00-00", "latency": 42}, {"date": "2024-06-05-02-00-00", "latency": 42}]}, {"location": {"country_code": "us", "region": "Pennsylvania", "city": "Philadelphia"}, "game_id": "128974", "values": [{"date": "2024-06-05-03-00-00", "latency": 6}, {"date": "2024-06-05-03-00-00", "latency": 6}]}, {"location": {"country_code": "es"}, "game_id": "128974", "values": [{"date": "2024-06-05-19-00-00", "latency": 7}, {"date": "2024-06-05-21-00-00", "latency": 60}]}, {"location": {"country_code": "sg"}, "game_id": "128974", "values": [{"date": "2024-06-05-14-00-00", "latency": 62}, {"date": "2024-06-05-14-00-00", "latency": 62}, {"date": "2024-06-05-14-00-00", "latency": 62}, {"date": "2024-06-05-14-00-00", "latency": 3}]}, {"location": {"country_code": "sa"}, "game_id": "128974", "values": [{"date": "2024-06-05-18-00-00", "latency": 19}, {"date": "2024-06-05-18-00-00", "latency": 19}, {"date": "2024-06-05-03-00-00", "latency": 2}, {"date": "2024-06-05-21-00-00", "latency": 27}, {"date": "2024-06-05-22-00-00", "latency": 21}, {"date": "2024-06-05-22-00-00", "latency": 21}, {"date": "2024-06-05-22-00-00", "latency": 21}, {"date": "2024-06-05-22-00-00", "latency": 21}, {"date": "2024-06-05-15-00-00", "latency": 8}]}, {"location": {"country_code": "ar"}, "game_id": "128974", "values": [{"date": "2024-06-05-06-00-00", "latency": 62}]}, {"location": {"country_code": "fi"}, "game_id": "128974", "values": [{"date": "2024-06-05-18-00-00", "latency": 19}, {"date": "2024-06-05-18-00-00", "latency": 19}, {"date": "2024-06-05-18-00-00", "latency": 19}, {"date": "2024-06-05-16-00-00", "latency": 18}, {"date": "2024-06-05-16-00-00", "latency": 18}, {"date": "2024-06-05-16-00-00", "latency": 18}, {"date": "2024-06-05-16-00-00", "latency": 18}, {"date": "2024-06-05-16-00-00", "latency": 18}, {"date": "2024-06-05-16-00-00", "latency": 18}, {"date": "2024-06-05-16-00-00", "latency": 18}, {"date": "2024-06-05-16-00-00", "latency": 18}, {"date": "2024-06-05-16-00-00", "latency": 18}, {"date": "2024-06-05-16-00-00", "latency": 18}, {"date": "2024-06-05-16-00-00", "latency": 18}, {"date": "2024-06-05-16-00-00", "latency": 18}, {"date": "2024-06-05-16-00-00", "latency": 18}, {"date": "2024-06-05-18-00-00", "latency": 24}, {"date": "2024-06-05-18-00-00", "latency": 24}]}, {"location": {"country_code": "us", "region": "Virginia"}, "game_id": "128974", "values": [{"date": "2024-06-05-03-00-00", "latency": 4}, {"date": "2024-06-05-03-00-00", "latency": 4}]}, {"location": {"country_code": "us", "region": "Texas", "city": "Houston"}, "game_id": "128974", "values": [{"date": "2024-06-05-17-00-00", "latency": 46}, {"date": "2024-06-05-17-00-00", "latency": 46}]}, {"location": {"country_code": "au", "region": "South Australia", "city": "Adelaide"}, "game_id": "128974", "values": [{"date": "2024-06-06-01-00-00", "latency": 23}]}, {"location": {"country_code": "us", "region": "Michigan"}, "game_id": "128974", "values": [{"date": "2024-06-05-02-00-00", "latency": 29}]}, {"location": {"country_code": "hu"}, "game_id": "128974", "values": [{"date": "2024-06-05-16-00-00", "latency": 3}, {"date": "2024-06-05-16-00-00", "latency": 5}, {"date": "2024-06-05-16-00-00", "latency": 5}]}, {"location": {"country_code": "co"}, "game_id": "128974", "values": [{"date": "2024-06-05-07-00-00", "latency": 178}]}, {"location": {"country_code": "us", "region": "California", "city": "Chula Vista"}, "game_id": "128974", "values": [{"date": "2024-06-05-04-00-00", "latency": 31}, {"date": "2024-06-05-04-00-00", "latency": 31}, {"date": "2024-06-05-04-00-00", "latency": 31}, {"date": "2024-06-05-04-00-00", "latency": 31}, {"date": "2024-06-05-04-00-00", "latency": 31}, {"date": "2024-06-05-04-00-00", "latency": 31}, {"date": "2024-06-05-04-00-00", "latency": 31}, {"date": "2024-06-05-04-00-00", "latency": 31}, {"date": "2024-06-05-04-00-00", "latency": 31}, {"date": "2024-06-05-04-00-00", "latency": 31}]}, {"location": {"country_code": "gb", "region": "England", "city": "London"}, "game_id": "128974", "values": [{"date": "2024-06-06-02-00-00", "latency": 3}]}, {"location": {"country_code": "us", "region": "District of Columbia", "city": "Washington"}, "game_id": "128974", "values": [{"date": "2024-06-05-09-00-00", "latency": 9}]}, {"location": {"country_code": "do"}, "game_id": "128974", "values": [{"date": "2024-06-05-07-00-00", "latency": 1}, {"date": "2024-06-05-07-00-00", "latency": 1}]}, {"location": {"country_code": "us", "region": "Hawaii", "city": "Kapolei"}, "game_id": "128974", "values": [{"date": "2024-06-05-07-00-00", "latency": 61}, {"date": "2024-06-05-07-00-00", "latency": 61}]}, {"location": {"country_code": "se", "region": "Stockholm County", "city": "Stockholm"}, "game_id": "128974", "values": [{"date": "2024-06-05-10-00-00", "latency": 1}]}, {"location": {"country_code": "sk"}, "game_id": "128974", "values": [{"date": "2024-06-05-21-00-00", "latency": 1}, {"date": "2024-06-05-21-00-00", "latency": 4}, {"date": "2024-06-05-21-00-00", "latency": 4}, {"date": "2024-06-05-21-00-00", "latency": 4}, {"date": "2024-06-05-21-00-00", "latency": 4}]}, {"location": {"country_code": "pt"}, "game_id": "128974", "values": [{"date": "2024-06-06-02-00-00", "latency": 3}, {"date": "2024-06-05-12-00-00", "latency": 56}, {"date": "2024-06-05-12-00-00", "latency": 56}]}, {"location": {"country_code": "us", "region": "Minnesota"}, "game_id": "128974", "values": [{"date": "2024-06-05-17-00-00", "latency": 7}]}, {"location": {"country_code": "us", "region": "Louisiana", "city": "New Orleans"}, "game_id": "128974", "values": [{"date": "2024-06-05-08-00-00", "latency": 8}, {"date": "2024-06-05-08-00-00", "latency": 8}, {"date": "2024-06-05-08-00-00", "latency": 8}]}, {"location": {"country_code": "cn", "region": "Shanghai Municipality", "city": "Jinshan"}, "game_id": "128974", "values": [{"date": "2024-06-05-15-00-00", "latency": 58}]}, {"location": {"country_code": "us", "region": "Massachusetts", "city": "Boston"}, "game_id": "128974", "values": [{"date": "2024-06-05-05-00-00", "latency": 21}]}, {"location": {"country_code": "us", "region": "Arizona", "city": "Phoenix"}, "game_id": "128974", "values": [{"date": "2024-06-05-20-00-00", "latency": 47}]}, {"location": {"country_code": "pk"}, "game_id": "128974", "values": [{"date": "2024-06-05-17-00-00", "latency": 3}, {"date": "2024-06-05-02-00-00", "latency": 3}]}, {"location": {"country_code": "us", "region": "Texas", "city": "Irving"}, "game_id": "128974", "values": [{"date": "2024-06-05-03-00-00", "latency": 4}]}, {"location": {"country_code": "us", "region": "Georgia", "city": "Atlanta"}, "game_id": "128974", "values": [{"date": "2024-06-05-09-00-00", "latency": 0}, {"date": "2024-06-05-09-00-00", "latency": 0}]}, {"location": {"country_code": "gb", "region": "England", "city": "Salford"}, "game_id": "128974", "values": [{"date": "2024-06-05-19-00-00", "latency": 23}]}, {"location": {"country_code": "us", "region": "Rhode Island"}, "game_id": "128974", "values": [{"date": "2024-06-06-02-00-00", "latency": 3}]}, {"location": {"country_code": "us", "region": "Washington", "city": "Seattle"}, "game_id": "128974", "values": [{"date": "2024-06-05-04-00-00", "latency": 7}, {"date": "2024-06-05-04-00-00", "latency": 7}]}, {"location": {"country_code": "us", "region": "Florida", "city": "Tampa"}, "game_id": "128974", "values": [{"date": "2024-06-05-07-00-00", "latency": 6}, {"date": "2024-06-06-00-00-00", "latency": 7}]}, {"location": {"country_code": "ca", "region": "Alberta", "city": "Calgary"}, "game_id": "128974", "values": [{"date": "2024-06-05-02-00-00", "latency": 3}]}, {"location": {"country_code": "jp", "region": "Okinawa"}, "game_id": "128974", "values": [{"date": "2024-06-05-14-00-00", "latency": 63}, {"date": "2024-06-05-14-00-00", "latency": 63}, {"date": "2024-06-05-14-00-00", "latency": 63}, {"date": "2024-06-05-14-00-00", "latency": 63}, {"date": "2024-06-05-14-00-00", "latency": 63}, {"date": "2024-06-05-14-00-00", "latency": 63}]}, {"location": {"country_code": "us", "region": "Oregon", "city": "Portland"}, "game_id": "128974", "values": [{"date": "2024-06-05-07-00-00", "latency": 4}]}, {"location": {"country_code": "us", "region": "Ohio", "city": "Columbus"}, "game_id": "128974", "values": [{"date": "2024-06-05-08-00-00", "latency": 8}]}, {"location": {"country_code": "us", "region": "Ohio", "city": "Dayton"}, "game_id": "128974", "values": [{"date": "2024-06-05-08-00-00", "latency": 4}]}, {"location": {"country_code": "fj"}, "game_id": "128974", "values": [{"date": "2024-06-05-07-00-00", "latency": 5}]}, {"location": {"country_code": "gb", "region": "Wales"}, "game_id": "128974", "values": [{"date": "2024-06-05-20-00-00", "latency": 3}]}, {"location": {"country_code": "mx", "region": "Sonora", "city": "Hermosillo"}, "game_id": "128974", "values": [{"date": "2024-06-05-03-00-00", "latency": 34}, {"date": "2024-06-05-03-00-00", "latency": 34}, {"date": "2024-06-05-03-00-00", "latency": 34}, {"date": "2024-06-05-03-00-00", "latency": 34}, {"date": "2024-06-05-03-00-00", "latency": 34}]}, {"location": {"country_code": "us", "region": "California", "city": "Fresno"}, "game_id": "128974", "values": [{"date": "2024-06-05-23-00-00", "latency": 3}]}, {"location": {"country_code": "sa", "region": "Mecca Region", "city": "Jeddah"}, "game_id": "128974", "values": [{"date": "2024-06-05-22-00-00", "latency": 9}]}, {"location": {"country_code": "us", "region": "Kentucky", "city": "Louisville"}, "game_id": "128974", "values": [{"date": "2024-06-05-06-00-00", "latency": 4}]}, {"location": {"country_code": "ar", "region": "Misiones Province", "city": "Posadas"}, "game_id": "128974", "values": [{"date": "2024-06-06-02-00-00", "latency": 8}]}, {"location": {"country_code": "br", "region": "Sao Paulo", "city": "Peruibe"}, "game_id": "128974", "values": [{"date": "2024-06-05-06-00-00", "latency": 16}, {"date": "2024-06-05-06-00-00", "latency": 16}]}, {"location": {"country_code": "tw", "region": "Taipei"}, "game_id": "128974", "values": [{"date": "2024-06-05-18-00-00", "latency": 20}]}, {"location": {"country_code": "se", "region": "Skane County", "city": "Malmo"}, "game_id": "128974", "values": [{"date": "2024-06-05-15-00-00", "latency": 7}, {"date": "2024-06-05-15-00-00", "latency": 7}]}, {"location": {"country_code": "co", "region": "Tolima", "city": "Ibague"}, "game_id": "128974", "values": [{"date": "2024-06-05-03-00-00", "latency": 23}, {"date": "2024-06-05-03-00-00", "latency": 23}]}, {"location": {"country_code": "mz"}, "game_id": "128974", "values": [{"date": "2024-06-05-03-00-00", "latency": 42}]}, {"location": {"country_code": "sa", "region": "Mecca Region", "city": "Mecca"}, "game_id": "128974", "values": [{"date": "2024-06-05-16-00-00", "latency": 8}]}, {"location": {"country_code": "sa", "region": "'Asir Region", "city": "Abha"}, "game_id": "128974", "values": [{"date": "2024-06-06-00-00-00", "latency": 2}]}, {"location": {"country_code": "ca", "region": "Newfoundland and Labrador", "city": "St. John's"}, "game_id": "128974", "values": [{"date": "2024-06-06-02-00-00", "latency": 7}]}, {"location": {"country_code": "us", "region": "Texas", "city": "Odessa"}, "game_id": "128974", "values": [{"date": "2024-06-05-06-00-00", "latency": 8}, {"date": "2024-06-05-06-00-00", "latency": 8}]}, {"location": {"country_code": "fr", "region": "Pays de la Loire Region", "city": "Laval"}, "game_id": "128974", "values": [{"date": "2024-06-05-22-00-00", "latency": 7}]}, {"location": {"country_code": "it", "region": "Friuli Venezia Giulia"}, "game_id": "128974", "values": [{"date": "2024-06-05-17-00-00", "latency": 5}]}, {"location": {"country_code": "us", "region": "Vermont", "city": "Springfield"}, "game_id": "128974", "values": [{"date": "2024-06-05-05-00-00", "latency": 9}]}, {"location": {"country_code": "ca", "region": "British Columbia", "city": "Port Moody"}, "game_id": "128974", "values": [{"date": "2024-06-05-02-00-00", "latency": 60}]}], "last_updated": 1719919173.779469}