{"data": [{"location": {"country_code": "si"}, "game_id": "128974", "values": [{"date": "2024-06-16-15-00-00", "latency": 38}]}, {"location": {"country_code": "nz"}, "game_id": "128974", "values": [{"date": "2024-06-16-15-00-00", "latency": 7}, {"date": "2024-06-16-15-00-00", "latency": 7}, {"date": "2024-06-16-15-00-00", "latency": 7}]}, {"location": {"country_code": "us"}, "game_id": "128974", "values": [{"date": "2024-06-16-04-00-00", "latency": 0}, {"date": "2024-06-16-03-00-00", "latency": 6}, {"date": "2024-06-16-18-00-00", "latency": 5}, {"date": "2024-06-16-21-00-00", "latency": 3}, {"date": "2024-06-16-09-00-00", "latency": 52}, {"date": "2024-06-16-09-00-00", "latency": 52}, {"date": "2024-06-16-04-00-00", "latency": 5}, {"date": "2024-06-16-20-00-00", "latency": 8}, {"date": "2024-06-16-20-00-00", "latency": 8}, {"date": "2024-06-16-20-00-00", "latency": 8}, {"date": "2024-06-16-20-00-00", "latency": 8}]}, {"location": {"country_code": "us", "region": "Texas"}, "game_id": "128974", "values": [{"date": "2024-06-16-02-00-00", "latency": 26}, {"date": "2024-06-16-02-00-00", "latency": 26}, {"date": "2024-06-16-03-00-00", "latency": 14}, {"date": "2024-06-16-03-00-00", "latency": 14}, {"date": "2024-06-16-08-00-00", "latency": 32}]}, {"location": {"country_code": "us", "region": "Nevada", "city": "Las Vegas"}, "game_id": "128974", "values": [{"date": "2024-06-16-05-00-00", "latency": 8}, {"date": "2024-06-16-05-00-00", "latency": 8}]}, {"location": {"country_code": "us", "region": "New York", "city": "Jamestown"}, "game_id": "128974", "values": [{"date": "2024-06-16-11-00-00", "latency": 8}, {"date": "2024-06-16-11-00-00", "latency": 8}, {"date": "2024-06-17-01-00-00", "latency": 3}, {"date": "2024-06-17-01-00-00", "latency": 3}, {"date": "2024-06-16-04-00-00", "latency": 3}]}, {"location": {"country_code": "gb"}, "game_id": "128974", "values": [{"date": "2024-06-16-20-00-00", "latency": 38}, {"date": "2024-06-16-20-00-00", "latency": 38}, {"date": "2024-06-16-20-00-00", "latency": 38}, {"date": "2024-06-16-20-00-00", "latency": 38}, {"date": "2024-06-16-17-00-00", "latency": 4}]}, {"location": {"country_code": "gb", "region": "England", "city": "London"}, "game_id": "128974", "values": [{"date": "2024-06-16-12-00-00", "latency": 4}, {"date": "2024-06-16-16-00-00", "latency": 64}, {"date": "2024-06-16-16-00-00", "latency": 64}, {"date": "2024-06-16-16-00-00", "latency": 64}, {"date": "2024-06-16-16-00-00", "latency": 4}]}, {"location": {"country_code": "gr"}, "game_id": "128974", "values": [{"date": "2024-06-16-11-00-00", "latency": 8}]}, {"location": {"country_code": "nl"}, "game_id": "128974", "values": [{"date": "2024-06-16-07-00-00", "latency": 47}, {"date": "2024-06-16-07-00-00", "latency": 47}, {"date": "2024-06-16-07-00-00", "latency": 47}, {"date": "2024-06-16-07-00-00", "latency": 47}, {"date": "2024-06-16-07-00-00", "latency": 47}, {"date": "2024-06-16-07-00-00", "latency": 47}, {"date": "2024-06-16-07-00-00", "latency": 47}]}, {"location": {"country_code": "jp"}, "game_id": "128974", "values": [{"date": "2024-06-16-12-00-00", "latency": 57}, {"date": "2024-06-16-12-00-00", "latency": 57}, {"date": "2024-06-16-08-00-00", "latency": 0}]}, {"location": {"country_code": "ca"}, "game_id": "128974", "values": [{"date": "2024-06-16-10-00-00", "latency": 2}, {"date": "2024-06-16-10-00-00", "latency": 2}, {"date": "2024-06-16-07-00-00", "latency": 8}]}, {"location": {"country_code": "ch"}, "game_id": "128974", "values": [{"date": "2024-06-16-17-00-00", "latency": 129}, {"date": "2024-06-16-17-00-00", "latency": 129}, {"date": "2024-06-16-17-00-00", "latency": 129}, {"date": "2024-06-16-17-00-00", "latency": 129}, {"date": "2024-06-16-17-00-00", "latency": 129}, {"date": "2024-06-16-17-00-00", "latency": 129}]}, {"location": {"country_code": "de"}, "game_id": "128974", "values": [{"date": "2024-06-16-16-00-00", "latency": 30}, {"date": "2024-06-16-16-00-00", "latency": 30}, {"date": "2024-06-16-16-00-00", "latency": 30}, {"date": "2024-06-17-01-00-00", "latency": 3}]}, {"location": {"country_code": "gb", "region": "England"}, "game_id": "128974", "values": [{"date": "2024-06-16-10-00-00", "latency": 23}]}, {"location": {"country_code": "gb", "region": "Scotland"}, "game_id": "128974", "values": [{"date": "2024-06-16-19-00-00", "latency": 2}]}, {"location": {"country_code": "cl"}, "game_id": "128974", "values": [{"date": "2024-06-16-04-00-00", "latency": 3}]}, {"location": {"country_code": "us", "region": "Florida"}, "game_id": "128974", "values": [{"date": "2024-06-16-04-00-00", "latency": 66}]}, {"location": {"country_code": "fr"}, "game_id": "128974", "values": [{"date": "2024-06-16-22-00-00", "latency": 2}, {"date": "2024-06-16-17-00-00", "latency": 2}]}, {"location": {"country_code": "mx"}, "game_id": "128974", "values": [{"date": "2024-06-16-06-00-00", "latency": 4}, {"date": "2024-06-16-03-00-00", "latency": 71}, {"date": "2024-06-16-03-00-00", "latency": 71}, {"date": "2024-06-16-03-00-00", "latency": 71}, {"date": "2024-06-16-03-00-00", "latency": 71}]}, {"location": {"country_code": "mx", "region": "Mexico City"}, "game_id": "128974", "values": [{"date": "2024-06-16-07-00-00", "latency": 6}, {"date": "2024-06-16-07-00-00", "latency": 6}, {"date": "2024-06-16-07-00-00", "latency": 6}]}, {"location": {"country_code": "in"}, "game_id": "128974", "values": [{"date": "2024-06-16-16-00-00", "latency": 7}, {"date": "2024-06-16-16-00-00", "latency": 7}]}, {"location": {"country_code": "us", "region": "California"}, "game_id": "128974", "values": [{"date": "2024-06-16-11-00-00", "latency": 7}, {"date": "2024-06-16-11-00-00", "latency": 7}, {"date": "2024-06-16-15-00-00", "latency": 2}, {"date": "2024-06-16-15-00-00", "latency": 2}, {"date": "2024-06-16-15-00-00", "latency": 2}]}, {"location": {"country_code": "no"}, "game_id": "128974", "values": [{"date": "2024-06-16-22-00-00", "latency": 4}]}, {"location": {"country_code": "us", "region": "Maryland", "city": "Dundalk"}, "game_id": "128974", "values": [{"date": "2024-06-16-05-00-00", "latency": 56}, {"date": "2024-06-16-05-00-00", "latency": 56}, {"date": "2024-06-16-05-00-00", "latency": 56}]}, {"location": {"country_code": "au"}, "game_id": "128974", "values": [{"date": "2024-06-16-11-00-00", "latency": 46}, {"date": "2024-06-16-11-00-00", "latency": 46}, {"date": "2024-06-16-16-00-00", "latency": 2}]}, {"location": {"country_code": "au", "region": "Victoria", "city": "Melbourne"}, "game_id": "128974", "values": [{"date": "2024-06-16-17-00-00", "latency": 3}, {"date": "2024-06-16-17-00-00", "latency": 3}]}, {"location": {"country_code": "es"}, "game_id": "128974", "values": [{"date": "2024-06-16-15-00-00", "latency": 1}]}, {"location": {"country_code": "sg"}, "game_id": "128974", "values": [{"date": "2024-06-16-06-00-00", "latency": 14}, {"date": "2024-06-16-09-00-00", "latency": 13}, {"date": "2024-06-16-09-00-00", "latency": 13}, {"date": "2024-06-16-09-00-00", "latency": 13}]}, {"location": {"country_code": "ar"}, "game_id": "128974", "values": [{"date": "2024-06-16-09-00-00", "latency": 2}, {"date": "2024-06-16-05-00-00", "latency": 47}]}, {"location": {"country_code": "fi"}, "game_id": "128974", "values": [{"date": "2024-06-16-17-00-00", "latency": 7}]}, {"location": {"country_code": "jp", "region": "Kawasaki"}, "game_id": "128974", "values": [{"date": "2024-06-16-03-00-00", "latency": 31}, {"date": "2024-06-16-03-00-00", "latency": 31}]}, {"location": {"country_code": "us", "region": "Michigan"}, "game_id": "128974", "values": [{"date": "2024-06-16-14-00-00", "latency": 8}]}, {"location": {"country_code": "be"}, "game_id": "128974", "values": [{"date": "2024-06-16-21-00-00", "latency": 3}]}, {"location": {"country_code": "us", "region": "District of Columbia", "city": "Washington"}, "game_id": "128974", "values": [{"date": "2024-06-16-03-00-00", "latency": 3}]}, {"location": {"country_code": "ca", "region": "Ontario", "city": "Toronto"}, "game_id": "128974", "values": [{"date": "2024-06-16-18-00-00", "latency": 42}, {"date": "2024-06-16-18-00-00", "latency": 42}, {"date": "2024-06-16-18-00-00", "latency": 42}, {"date": "2024-06-16-18-00-00", "latency": 42}]}, {"location": {"country_code": "id"}, "game_id": "128974", "values": [{"date": "2024-06-16-17-00-00", "latency": 4}]}, {"location": {"country_code": "pt"}, "game_id": "128974", "values": [{"date": "2024-06-16-15-00-00", "latency": 81}]}, {"location": {"country_code": "us", "region": "Minnesota"}, "game_id": "128974", "values": [{"date": "2024-06-16-05-00-00", "latency": 7}]}, {"location": {"country_code": "us", "region": "Florida", "city": "Miami"}, "game_id": "128974", "values": [{"date": "2024-06-16-03-00-00", "latency": 50}, {"date": "2024-06-16-03-00-00", "latency": 50}, {"date": "2024-06-16-03-00-00", "latency": 50}]}, {"location": {"country_code": "cn", "region": "Hong Kong"}, "game_id": "128974", "values": [{"date": "2024-06-16-20-00-00", "latency": 28}, {"date": "2024-06-16-20-00-00", "latency": 28}]}, {"location": {"country_code": "cn", "region": "Shanghai Municipality", "city": "Jinshan"}, "game_id": "128974", "values": [{"date": "2024-06-16-15-00-00", "latency": 67}, {"date": "2024-06-16-15-00-00", "latency": 67}, {"date": "2024-06-16-15-00-00", "latency": 67}, {"date": "2024-06-16-15-00-00", "latency": 67}, {"date": "2024-06-16-15-00-00", "latency": 67}, {"date": "2024-06-16-15-00-00", "latency": 67}, {"date": "2024-06-16-15-00-00", "latency": 67}, {"date": "2024-06-16-15-00-00", "latency": 67}]}, {"location": {"country_code": "us", "region": "Georgia", "city": "Atlanta"}, "game_id": "128974", "values": [{"date": "2024-06-16-08-00-00", "latency": 4}]}, {"location": {"country_code": "br", "region": "Ceara", "city": "Itapipoca"}, "game_id": "128974", "values": [{"date": "2024-06-17-01-00-00", "latency": 23}]}, {"location": {"country_code": "ca", "region": "British Columbia"}, "game_id": "128974", "values": [{"date": "2024-06-16-05-00-00", "latency": 7}]}, {"location": {"country_code": "us", "region": "Washington", "city": "Tacoma"}, "game_id": "128974", "values": [{"date": "2024-06-16-07-00-00", "latency": 56}, {"date": "2024-06-16-07-00-00", "latency": 56}, {"date": "2024-06-16-07-00-00", "latency": 56}, {"date": "2024-06-16-07-00-00", "latency": 56}, {"date": "2024-06-16-07-00-00", "latency": 56}, {"date": "2024-06-16-07-00-00", "latency": 56}, {"date": "2024-06-16-07-00-00", "latency": 56}, {"date": "2024-06-16-07-00-00", "latency": 56}, {"date": "2024-06-16-07-00-00", "latency": 56}, {"date": "2024-06-16-07-00-00", "latency": 56}, {"date": "2024-06-16-07-00-00", "latency": 56}, {"date": "2024-06-16-07-00-00", "latency": 56}]}, {"location": {"country_code": "br", "region": "Sao Paulo", "city": "Jacarei"}, "game_id": "128974", "values": [{"date": "2024-06-16-04-00-00", "latency": 2}]}, {"location": {"country_code": "ru", "region": "Krasnoyarsk Krai", "city": "Norilsk"}, "game_id": "128974", "values": [{"date": "2024-06-16-18-00-00", "latency": 3}]}, {"location": {"country_code": "ne"}, "game_id": "128974", "values": [{"date": "2024-06-16-19-00-00", "latency": 6}]}, {"location": {"country_code": "ro", "region": "Bucharest"}, "game_id": "128974", "values": [{"date": "2024-06-17-02-00-00", "latency": 50}]}, {"location": {"country_code": "us", "region": "Mississippi"}, "game_id": "128974", "values": [{"date": "2024-06-16-22-00-00", "latency": 19}]}, {"location": {"country_code": "es", "region": "Balearic Islands", "city": "Sant Antoni de Portmany"}, "game_id": "128974", "values": [{"date": "2024-06-16-16-00-00", "latency": 47}]}, {"location": {"country_code": "us", "region": "Kentucky", "city": "Louisville"}, "game_id": "128974", "values": [{"date": "2024-06-16-05-00-00", "latency": 0}]}, {"location": {"country_code": "ar", "region": "Misiones Province", "city": "Posadas"}, "game_id": "128974", "values": [{"date": "2024-06-16-06-00-00", "latency": 55}]}, {"location": {"country_code": "us", "region": "Kansas", "city": "Lawrence"}, "game_id": "128974", "values": [{"date": "2024-06-16-03-00-00", "latency": 6}]}, {"location": {"country_code": "ca", "region": "Ontario", "city": "Sault Ste. Marie"}, "game_id": "128974", "values": [{"date": "2024-06-16-23-00-00", "latency": 5}]}, {"location": {"country_code": "sd"}, "game_id": "128974", "values": [{"date": "2024-06-16-09-00-00", "latency": 63}]}, {"location": {"country_code": "in", "region": "Kerala", "city": "Kollam"}, "game_id": "128974", "values": [{"date": "2024-06-16-19-00-00", "latency": 9}]}], "last_updated": 1719919170.959531}