{"data": [{"location": {"country_code": "ca"}, "game_id": "614266", "values": [{"date": "2023-08-07-00-00-00", "alternatives": [31, 31, 31, 31]}, {"date": "2023-08-07-00-00-00", "alternatives": [31, 31, 31, 31]}]}, {"location": {"country_code": "us", "region": "Florida"}, "game_id": "614266", "values": [{"date": "2023-08-06-09-00-00", "alternatives": [58, 58, 68, 58]}, {"date": "2023-08-06-09-00-00", "alternatives": [58, 58, 68, 58]}, {"date": "2023-08-06-09-00-00", "alternatives": [58, 58, 68, 58]}, {"date": "2023-08-06-09-00-00", "alternatives": [58, 58, 68, 58]}, {"date": "2023-08-06-09-00-00", "alternatives": [58, 58, 68, 58]}, {"date": "2023-08-06-09-00-00", "alternatives": [58, 58, 68, 58]}, {"date": "2023-08-06-09-00-00", "alternatives": [58, 58, 68, 58]}, {"date": "2023-08-06-09-00-00", "alternatives": [58, 58, 68, 58]}, {"date": "2023-08-06-09-00-00", "alternatives": [58, 58, 68, 58]}, {"date": "2023-08-06-09-00-00", "alternatives": [58, 58, 68, 58]}, {"date": "2023-08-06-09-00-00", "alternatives": [58, 58, 68, 58]}, {"date": "2023-08-06-09-00-00", "alternatives": [58, 58, 68, 58]}]}, {"location": {"country_code": "us", "region": "Kansas"}, "game_id": "614266", "values": [{"date": "2023-08-06-08-00-00", "alternatives": [3, 30, 39, 30, 30]}, {"date": "2023-08-06-08-00-00", "alternatives": [3, 30, 39, 30, 30]}, {"date": "2023-08-06-08-00-00", "alternatives": [3, 30, 39, 30, 30]}, {"date": "2023-08-06-08-00-00", "alternatives": [3, 30, 39, 30, 30]}, {"date": "2023-08-06-08-00-00", "alternatives": [3, 30, 39, 30, 30]}, {"date": "2023-08-06-08-00-00", "alternatives": [3, 30, 39, 30, 30]}, {"date": "2023-08-06-08-00-00", "alternatives": [3, 30, 39, 30, 30]}, {"date": "2023-08-06-08-00-00", "alternatives": [3, 30, 39, 30, 30]}, {"date": "2023-08-06-08-00-00", "alternatives": [3, 30, 39, 30, 30]}, {"date": "2023-08-06-08-00-00", "alternatives": [3, 30, 39, 30, 30]}, {"date": "2023-08-06-08-00-00", "alternatives": [3, 30, 39, 30, 30]}, {"date": "2023-08-06-08-00-00", "alternatives": [3, 30, 39, 30, 30]}, {"date": "2023-08-06-08-00-00", "alternatives": [3, 30, 39, 30, 30]}, {"date": "2023-08-06-08-00-00", "alternatives": [3, 30, 39, 30, 30]}, {"date": "2023-08-06-08-00-00", "alternatives": [3, 30, 39, 30, 30]}, {"date": "2023-08-06-08-00-00", "alternatives": [3, 30, 39, 30, 30]}, {"date": "2023-08-06-08-00-00", "alternatives": [3, 30, 39, 30, 30]}, {"date": "2023-08-06-08-00-00", "alternatives": [3, 30, 39, 30, 30]}, {"date": "2023-08-06-08-00-00", "alternatives": [3, 30, 39, 30, 30]}, {"date": "2023-08-06-08-00-00", "alternatives": [3, 30, 39, 30, 30]}]}, {"location": {"country_code": "de", "region": "Free and Hanseatic City of Hamburg", "city": "Hamburg"}, "game_id": "614266", "values": [{"date": "2023-08-06-18-00-00", "alternatives": [1, 41, 41, 41]}, {"date": "2023-08-06-18-00-00", "alternatives": [1, 41, 41, 41]}, {"date": "2023-08-06-18-00-00", "alternatives": [1, 41, 41, 41]}, {"date": "2023-08-06-18-00-00", "alternatives": [1, 41, 41, 41]}, {"date": "2023-08-06-18-00-00", "alternatives": [1, 41, 41, 41]}, {"date": "2023-08-06-18-00-00", "alternatives": [1, 41, 41, 41]}]}, {"location": {"country_code": "us", "region": "Illinois", "city": "Robinson"}, "game_id": "614266", "values": [{"date": "2023-08-06-04-00-00", "alternatives": ["12", "42", "42"]}]}], "last_updated": 1719918531.653672}