{"data": [{"location": {"country_code": "us"}, "game_id": "273486", "values": [{"date": "2023-04-25-02-00-00", "latency": "1"}, {"date": "2023-04-25-02-00-00", "latency": "1"}, {"date": "2023-04-25-02-00-00", "latency": "1"}, {"date": "2023-04-25-02-00-00", "latency": "1"}, {"date": "2023-04-25-02-00-00", "latency": "1"}, {"date": "2023-04-25-02-00-00", "latency": "1"}, {"date": "2023-04-25-02-00-00", "latency": "1"}, {"date": "2023-04-25-02-00-00", "latency": "1"}, {"date": "2023-04-25-02-00-00", "latency": "1"}, {"date": "2023-04-25-02-00-00", "latency": "1"}, {"date": "2023-04-25-02-00-00", "latency": "1"}, {"date": "2023-04-25-02-00-00", "latency": "1"}, {"date": "2023-04-25-02-00-00", "latency": "1"}, {"date": "2023-04-25-02-00-00", "latency": "1"}, {"date": "2023-04-25-02-00-00", "latency": "1"}, {"date": "2023-04-25-02-00-00", "latency": "1"}, {"date": "2023-04-25-02-00-00", "latency": "1"}, {"date": "2023-04-25-02-00-00", "latency": "1"}, {"date": "2023-04-25-02-00-00", "latency": "1"}, {"date": "2023-04-25-02-00-00", "latency": "1"}, {"date": "2023-04-25-02-00-00", "latency": "1"}, {"date": "2023-04-25-02-00-00", "latency": "1"}, {"date": "2023-04-25-02-00-00", "latency": "1"}, {"date": "2023-04-25-02-00-00", "latency": "1"}, {"date": "2023-04-25-02-00-00", "latency": "1"}, {"date": "2023-04-25-02-00-00", "latency": "1"}, {"date": "2023-04-25-02-00-00", "latency": "1"}, {"date": "2023-04-25-02-00-00", "latency": "1"}, {"date": "2023-04-25-02-00-00", "latency": "1"}, {"date": "2023-04-25-02-00-00", "latency": "1"}, {"date": "2023-04-25-02-00-00", "latency": "1"}, {"date": "2023-04-25-02-00-00", "latency": "1"}, {"date": "2023-04-25-02-00-00", "latency": "1"}, {"date": "2023-04-25-02-00-00", "latency": "1"}, {"date": "2023-04-25-02-00-00", "latency": "1"}, {"date": "2023-04-25-02-00-00", "latency": "1"}, {"date": "2023-04-25-02-00-00", "latency": "1"}, {"date": "2023-04-25-02-00-00", "latency": "1"}, {"date": "2023-04-25-02-00-00", "latency": "1"}, {"date": "2023-04-25-02-00-00", "latency": "1"}, {"date": "2023-04-25-02-00-00", "latency": "1"}, {"date": "2023-04-25-02-00-00", "latency": "1"}, {"date": "2023-04-24-21-00-00", "latency": "39"}, {"date": "2023-04-24-21-00-00", "latency": "39"}, {"date": "2023-04-24-21-00-00", "latency": "39"}, {"date": "2023-04-24-21-00-00", "latency": "39"}, {"date": "2023-04-24-21-00-00", "latency": "39"}, {"date": "2023-04-24-21-00-00", "latency": "39"}, {"date": "2023-04-24-21-00-00", "latency": "39"}, {"date": "2023-04-24-21-00-00", "latency": "39"}, {"date": "2023-04-24-21-00-00", "latency": "39"}, {"date": "2023-04-24-21-00-00", "latency": "39"}, {"date": "2023-04-24-05-00-00", "latency": "1"}, {"date": "2023-04-24-05-00-00", "latency": "1"}, {"date": "2023-04-24-05-00-00", "latency": "1"}, {"date": "2023-04-24-05-00-00", "latency": "1"}, {"date": "2023-04-24-05-00-00", "latency": "1"}, {"date": "2023-04-24-05-00-00", "latency": "1"}, {"date": "2023-04-24-05-00-00", "latency": "1"}, {"date": "2023-04-24-05-00-00", "latency": "1"}, {"date": "2023-04-24-05-00-00", "latency": "1"}, {"date": "2023-04-24-05-00-00", "latency": "1"}]}, {"location": {"country_code": "gb", "region": "Wales", "city": "Swansea"}, "game_id": "273486", "values": [{"date": "2023-04-24-18-00-00", "latency": "0"}, {"date": "2023-04-24-18-00-00", "latency": "0"}, {"date": "2023-04-24-18-00-00", "latency": "0"}, {"date": "2023-04-24-18-00-00", "latency": "0"}, {"date": "2023-04-24-18-00-00", "latency": "0"}, {"date": "2023-04-24-18-00-00", "latency": "0"}, {"date": "2023-04-24-18-00-00", "latency": "0"}, {"date": "2023-04-24-18-00-00", "latency": "0"}, {"date": "2023-04-24-18-00-00", "latency": "0"}, {"date": "2023-04-24-18-00-00", "latency": "0"}, {"date": "2023-04-24-18-00-00", "latency": "0"}, {"date": "2023-04-24-18-00-00", "latency": "0"}, {"date": "2023-04-24-18-00-00", "latency": "0"}, {"date": "2023-04-24-18-00-00", "latency": "0"}, {"date": "2023-04-24-18-00-00", "latency": "0"}, {"date": "2023-04-24-18-00-00", "latency": "0"}, {"date": "2023-04-24-18-00-00", "latency": "0"}, {"date": "2023-04-24-18-00-00", "latency": "0"}, {"date": "2023-04-24-18-00-00", "latency": "0"}, {"date": "2023-04-24-18-00-00", "latency": "0"}, {"date": "2023-04-24-18-00-00", "latency": "0"}, {"date": "2023-04-24-18-00-00", "latency": "0"}, {"date": "2023-04-24-18-00-00", "latency": "0"}, {"date": "2023-04-24-18-00-00", "latency": "0"}, {"date": "2023-04-24-18-00-00", "latency": "0"}, {"date": "2023-04-24-18-00-00", "latency": "0"}, {"date": "2023-04-24-18-00-00", "latency": "0"}]}, {"location": {"country_code": "ca"}, "game_id": "273486", "values": [{"date": "2023-04-24-05-00-00", "latency": "0"}, {"date": "2023-04-24-05-00-00", "latency": "0"}, {"date": "2023-04-24-05-00-00", "latency": "0"}]}, {"location": {"country_code": "gb", "region": "England"}, "game_id": "273486", "values": [{"date": "2023-04-24-20-00-00", "latency": "1"}, {"date": "2023-04-24-20-00-00", "latency": "1"}, {"date": "2023-04-24-20-00-00", "latency": "1"}, {"date": "2023-04-24-20-00-00", "latency": "1"}]}, {"location": {"country_code": "se"}, "game_id": "273486", "values": [{"date": "2023-04-24-21-00-00", "latency": "27"}, {"date": "2023-04-24-21-00-00", "latency": "27"}, {"date": "2023-04-24-21-00-00", "latency": "27"}, {"date": "2023-04-24-17-00-00", "latency": "74"}, {"date": "2023-04-24-17-00-00", "latency": "74"}]}, {"location": {"country_code": "no"}, "game_id": "273486", "values": [{"date": "2023-04-24-11-00-00", "latency": "50"}, {"date": "2023-04-24-11-00-00", "latency": "50"}]}, {"location": {"country_code": "au"}, "game_id": "273486", "values": [{"date": "2023-04-24-13-00-00", "latency": "0"}, {"date": "2023-04-24-13-00-00", "latency": "0"}, {"date": "2023-04-24-13-00-00", "latency": "0"}, {"date": "2023-04-24-13-00-00", "latency": "0"}, {"date": "2023-04-24-13-00-00", "latency": "0"}, {"date": "2023-04-24-13-00-00", "latency": "0"}, {"date": "2023-04-24-13-00-00", "latency": "0"}, {"date": "2023-04-24-13-00-00", "latency": "0"}, {"date": "2023-04-25-02-00-00", "latency": "0"}, {"date": "2023-04-25-02-00-00", "latency": "0"}, {"date": "2023-04-25-02-00-00", "latency": "0"}, {"date": "2023-04-25-02-00-00", "latency": "0"}, {"date": "2023-04-25-02-00-00", "latency": "0"}, {"date": "2023-04-25-02-00-00", "latency": "0"}, {"date": "2023-04-25-02-00-00", "latency": "0"}, {"date": "2023-04-25-02-00-00", "latency": "0"}, {"date": "2023-04-25-02-00-00", "latency": "0"}, {"date": "2023-04-25-02-00-00", "latency": "0"}, {"date": "2023-04-25-02-00-00", "latency": "0"}, {"date": "2023-04-25-02-00-00", "latency": "0"}, {"date": "2023-04-25-02-00-00", "latency": "0"}, {"date": "2023-04-25-02-00-00", "latency": "0"}, {"date": "2023-04-25-02-00-00", "latency": "0"}, {"date": "2023-04-25-02-00-00", "latency": "0"}, {"date": "2023-04-25-02-00-00", "latency": "0"}, {"date": "2023-04-25-02-00-00", "latency": "0"}, {"date": "2023-04-25-02-00-00", "latency": "0"}, {"date": "2023-04-25-02-00-00", "latency": "0"}, {"date": "2023-04-25-02-00-00", "latency": "0"}, {"date": "2023-04-25-02-00-00", "latency": "0"}, {"date": "2023-04-25-02-00-00", "latency": "0"}, {"date": "2023-04-25-02-00-00", "latency": "0"}, {"date": "2023-04-25-02-00-00", "latency": "0"}, {"date": "2023-04-25-02-00-00", "latency": "0"}, {"date": "2023-04-25-02-00-00", "latency": "0"}, {"date": "2023-04-25-02-00-00", "latency": "0"}, {"date": "2023-04-25-02-00-00", "latency": "0"}, {"date": "2023-04-25-02-00-00", "latency": "0"}, {"date": "2023-04-25-02-00-00", "latency": "0"}, {"date": "2023-04-25-02-00-00", "latency": "0"}, {"date": "2023-04-25-02-00-00", "latency": "0"}, {"date": "2023-04-25-02-00-00", "latency": "0"}, {"date": "2023-04-25-02-00-00", "latency": "0"}, {"date": "2023-04-25-02-00-00", "latency": "0"}, {"date": "2023-04-25-02-00-00", "latency": "0"}, {"date": "2023-04-25-02-00-00", "latency": "0"}, {"date": "2023-04-25-02-00-00", "latency": "0"}, {"date": "2023-04-25-02-00-00", "latency": "0"}, {"date": "2023-04-25-02-00-00", "latency": "0"}, {"date": "2023-04-25-02-00-00", "latency": "0"}, {"date": "2023-04-25-02-00-00", "latency": "0"}, {"date": "2023-04-25-02-00-00", "latency": "0"}, {"date": "2023-04-25-02-00-00", "latency": "0"}, {"date": "2023-04-25-02-00-00", "latency": "0"}, {"date": "2023-04-25-02-00-00", "latency": "0"}, {"date": "2023-04-25-02-00-00", "latency": "0"}, {"date": "2023-04-25-02-00-00", "latency": "0"}, {"date": "2023-04-25-02-00-00", "latency": "0"}, {"date": "2023-04-25-02-00-00", "latency": "0"}, {"date": "2023-04-25-02-00-00", "latency": "0"}, {"date": "2023-04-25-02-00-00", "latency": "0"}, {"date": "2023-04-25-02-00-00", "latency": "0"}, {"date": "2023-04-25-02-00-00", "latency": "0"}, {"date": "2023-04-25-02-00-00", "latency": "0"}, {"date": "2023-04-25-02-00-00", "latency": "0"}, {"date": "2023-04-25-02-00-00", "latency": "0"}, {"date": "2023-04-25-02-00-00", "latency": "0"}, {"date": "2023-04-25-02-00-00", "latency": "0"}, {"date": "2023-04-25-02-00-00", "latency": "0"}, {"date": "2023-04-25-02-00-00", "latency": "0"}, {"date": "2023-04-25-02-00-00", "latency": "0"}, {"date": "2023-04-25-02-00-00", "latency": "0"}, {"date": "2023-04-25-02-00-00", "latency": "0"}, {"date": "2023-04-25-02-00-00", "latency": "0"}]}, {"location": {"country_code": "es"}, "game_id": "273486", "values": [{"date": "2023-04-24-22-00-00", "latency": "2"}, {"date": "2023-04-24-22-00-00", "latency": "2"}, {"date": "2023-04-24-22-00-00", "latency": "2"}, {"date": "2023-04-24-22-00-00", "latency": "2"}, {"date": "2023-04-24-22-00-00", "latency": "2"}, {"date": "2023-04-24-22-00-00", "latency": "2"}, {"date": "2023-04-24-22-00-00", "latency": "2"}, {"date": "2023-04-24-22-00-00", "latency": "2"}, {"date": "2023-04-24-22-00-00", "latency": "2"}, {"date": "2023-04-24-22-00-00", "latency": "2"}, {"date": "2023-04-24-22-00-00", "latency": "2"}, {"date": "2023-04-24-22-00-00", "latency": "2"}, {"date": "2023-04-24-22-00-00", "latency": "2"}, {"date": "2023-04-24-22-00-00", "latency": "2"}]}, {"location": {"country_code": "sa"}, "game_id": "273486", "values": [{"date": "2023-04-24-04-00-00", "latency": "94"}, {"date": "2023-04-24-04-00-00", "latency": "94"}, {"date": "2023-04-24-04-00-00", "latency": "94"}, {"date": "2023-04-24-04-00-00", "latency": "94"}, {"date": "2023-04-24-04-00-00", "latency": "94"}, {"date": "2023-04-24-04-00-00", "latency": "94"}, {"date": "2023-04-24-04-00-00", "latency": "94"}, {"date": "2023-04-24-04-00-00", "latency": "94"}, {"date": "2023-04-24-04-00-00", "latency": "94"}, {"date": "2023-04-24-04-00-00", "latency": "94"}, {"date": "2023-04-24-18-00-00", "latency": "117"}, {"date": "2023-04-24-18-00-00", "latency": "117"}, {"date": "2023-04-24-18-00-00", "latency": "117"}, {"date": "2023-04-24-18-00-00", "latency": "117"}, {"date": "2023-04-24-18-00-00", "latency": "117"}, {"date": "2023-04-24-18-00-00", "latency": "117"}]}, {"location": {"country_code": "us", "region": "Massachusetts"}, "game_id": "273486", "values": [{"date": "2023-04-25-02-00-00", "latency": "39"}, {"date": "2023-04-25-02-00-00", "latency": "39"}, {"date": "2023-04-25-02-00-00", "latency": "39"}, {"date": "2023-04-25-02-00-00", "latency": "39"}, {"date": "2023-04-25-02-00-00", "latency": "39"}]}, {"location": {"country_code": "us", "region": "Missouri"}, "game_id": "273486", "values": [{"date": "2023-04-24-05-00-00", "latency": "1"}, {"date": "2023-04-24-05-00-00", "latency": "1"}, {"date": "2023-04-24-05-00-00", "latency": "1"}, {"date": "2023-04-24-05-00-00", "latency": "1"}, {"date": "2023-04-24-05-00-00", "latency": "1"}, {"date": "2023-04-24-05-00-00", "latency": "1"}, {"date": "2023-04-24-05-00-00", "latency": "1"}, {"date": "2023-04-24-05-00-00", "latency": "1"}, {"date": "2023-04-24-05-00-00", "latency": "1"}, {"date": "2023-04-24-05-00-00", "latency": "1"}, {"date": "2023-04-24-05-00-00", "latency": "1"}, {"date": "2023-04-24-05-00-00", "latency": "1"}, {"date": "2023-04-24-05-00-00", "latency": "1"}]}, {"location": {"country_code": "us", "region": "Texas", "city": "Houston"}, "game_id": "273486", "values": [{"date": "2023-04-24-22-00-00", "latency": "39"}, {"date": "2023-04-24-22-00-00", "latency": "39"}, {"date": "2023-04-24-22-00-00", "latency": "39"}]}, {"location": {"country_code": "us", "region": "Michigan"}, "game_id": "273486", "values": [{"date": "2023-04-24-21-00-00", "latency": "2"}, {"date": "2023-04-24-21-00-00", "latency": "2"}, {"date": "2023-04-24-21-00-00", "latency": "2"}, {"date": "2023-04-24-21-00-00", "latency": "2"}, {"date": "2023-04-24-21-00-00", "latency": "2"}, {"date": "2023-04-24-21-00-00", "latency": "2"}, {"date": "2023-04-24-21-00-00", "latency": "2"}]}, {"location": {"country_code": "us", "region": "Oklahoma"}, "game_id": "273486", "values": [{"date": "2023-04-24-23-00-00", "latency": "2"}, {"date": "2023-04-24-23-00-00", "latency": "2"}, {"date": "2023-04-24-23-00-00", "latency": "2"}, {"date": "2023-04-24-23-00-00", "latency": "2"}, {"date": "2023-04-24-23-00-00", "latency": "2"}, {"date": "2023-04-24-23-00-00", "latency": "2"}, {"date": "2023-04-24-23-00-00", "latency": "2"}, {"date": "2023-04-24-23-00-00", "latency": "2"}, {"date": "2023-04-24-23-00-00", "latency": "2"}, {"date": "2023-04-24-23-00-00", "latency": "2"}, {"date": "2023-04-24-23-00-00", "latency": "2"}, {"date": "2023-04-24-23-00-00", "latency": "2"}, {"date": "2023-04-24-23-00-00", "latency": "2"}, {"date": "2023-04-24-23-00-00", "latency": "2"}, {"date": "2023-04-24-23-00-00", "latency": "2"}, {"date": "2023-04-24-23-00-00", "latency": "2"}, {"date": "2023-04-24-23-00-00", "latency": "2"}, {"date": "2023-04-24-23-00-00", "latency": "2"}, {"date": "2023-04-24-23-00-00", "latency": "2"}, {"date": "2023-04-24-23-00-00", "latency": "2"}, {"date": "2023-04-24-23-00-00", "latency": "2"}, {"date": "2023-04-24-23-00-00", "latency": "2"}, {"date": "2023-04-24-23-00-00", "latency": "2"}, {"date": "2023-04-24-23-00-00", "latency": "2"}, {"date": "2023-04-24-23-00-00", "latency": "2"}, {"date": "2023-04-24-23-00-00", "latency": "2"}, {"date": "2023-04-24-23-00-00", "latency": "2"}, {"date": "2023-04-24-23-00-00", "latency": "2"}, {"date": "2023-04-24-23-00-00", "latency": "2"}, {"date": "2023-04-24-23-00-00", "latency": "2"}, {"date": "2023-04-24-23-00-00", "latency": "2"}, {"date": "2023-04-24-23-00-00", "latency": "2"}, {"date": "2023-04-24-23-00-00", "latency": "2"}, {"date": "2023-04-24-23-00-00", "latency": "2"}, {"date": "2023-04-24-23-00-00", "latency": "2"}, {"date": "2023-04-24-23-00-00", "latency": "2"}, {"date": "2023-04-24-23-00-00", "latency": "2"}, {"date": "2023-04-24-23-00-00", "latency": "2"}, {"date": "2023-04-24-23-00-00", "latency": "2"}, {"date": "2023-04-24-23-00-00", "latency": "2"}, {"date": "2023-04-24-23-00-00", "latency": "2"}, {"date": "2023-04-24-23-00-00", "latency": "2"}, {"date": "2023-04-24-23-00-00", "latency": "2"}, {"date": "2023-04-24-23-00-00", "latency": "2"}, {"date": "2023-04-24-23-00-00", "latency": "2"}, {"date": "2023-04-24-23-00-00", "latency": "2"}, {"date": "2023-04-24-23-00-00", "latency": "2"}, {"date": "2023-04-24-23-00-00", "latency": "2"}, {"date": "2023-04-24-23-00-00", "latency": "2"}, {"date": "2023-04-24-23-00-00", "latency": "2"}, {"date": "2023-04-24-23-00-00", "latency": "2"}, {"date": "2023-04-24-23-00-00", "latency": "2"}, {"date": "2023-04-25-01-00-00", "latency": "43"}]}, {"location": {"country_code": "us", "region": "Colorado"}, "game_id": "273486", "values": [{"date": "2023-04-24-08-00-00", "latency": "62"}, {"date": "2023-04-24-08-00-00", "latency": "62"}, {"date": "2023-04-24-08-00-00", "latency": "62"}, {"date": "2023-04-24-08-00-00", "latency": "62"}, {"date": "2023-04-24-08-00-00", "latency": "62"}, {"date": "2023-04-24-08-00-00", "latency": "62"}, {"date": "2023-04-24-08-00-00", "latency": "62"}, {"date": "2023-04-24-08-00-00", "latency": "62"}, {"date": "2023-04-24-08-00-00", "latency": "62"}, {"date": "2023-04-24-08-00-00", "latency": "62"}, {"date": "2023-04-24-08-00-00", "latency": "62"}, {"date": "2023-04-24-08-00-00", "latency": "62"}, {"date": "2023-04-24-08-00-00", "latency": "62"}, {"date": "2023-04-24-08-00-00", "latency": "62"}, {"date": "2023-04-24-08-00-00", "latency": "62"}, {"date": "2023-04-24-08-00-00", "latency": "62"}, {"date": "2023-04-24-08-00-00", "latency": "62"}, {"date": "2023-04-24-08-00-00", "latency": "62"}, {"date": "2023-04-24-08-00-00", "latency": "62"}, {"date": "2023-04-24-08-00-00", "latency": "62"}, {"date": "2023-04-24-08-00-00", "latency": "62"}, {"date": "2023-04-24-08-00-00", "latency": "62"}, {"date": "2023-04-24-08-00-00", "latency": "62"}, {"date": "2023-04-24-08-00-00", "latency": "62"}, {"date": "2023-04-24-08-00-00", "latency": "62"}, {"date": "2023-04-24-08-00-00", "latency": "62"}, {"date": "2023-04-24-08-00-00", "latency": "62"}, {"date": "2023-04-24-08-00-00", "latency": "62"}, {"date": "2023-04-24-08-00-00", "latency": "62"}, {"date": "2023-04-24-08-00-00", "latency": "62"}, {"date": "2023-04-24-08-00-00", "latency": "62"}, {"date": "2023-04-24-08-00-00", "latency": "62"}, {"date": "2023-04-24-08-00-00", "latency": "62"}, {"date": "2023-04-24-08-00-00", "latency": "62"}, {"date": "2023-04-24-08-00-00", "latency": "62"}, {"date": "2023-04-24-08-00-00", "latency": "62"}, {"date": "2023-04-24-08-00-00", "latency": "62"}, {"date": "2023-04-24-08-00-00", "latency": "62"}]}, {"location": {"country_code": "us", "region": "Kentucky"}, "game_id": "273486", "values": [{"date": "2023-04-24-04-00-00", "latency": "1"}, {"date": "2023-04-24-04-00-00", "latency": "1"}, {"date": "2023-04-24-04-00-00", "latency": "1"}, {"date": "2023-04-24-04-00-00", "latency": "1"}, {"date": "2023-04-24-04-00-00", "latency": "1"}, {"date": "2023-04-24-04-00-00", "latency": "1"}, {"date": "2023-04-24-04-00-00", "latency": "1"}, {"date": "2023-04-24-04-00-00", "latency": "1"}, {"date": "2023-04-24-04-00-00", "latency": "1"}, {"date": "2023-04-24-04-00-00", "latency": "1"}, {"date": "2023-04-24-04-00-00", "latency": "1"}, {"date": "2023-04-24-04-00-00", "latency": "1"}, {"date": "2023-04-24-04-00-00", "latency": "1"}, {"date": "2023-04-24-04-00-00", "latency": "1"}, {"date": "2023-04-24-04-00-00", "latency": "1"}]}, {"location": {"country_code": "us", "region": "State of Maine"}, "game_id": "273486", "values": [{"date": "2023-04-24-06-00-00", "latency": "2"}, {"date": "2023-04-24-06-00-00", "latency": "2"}, {"date": "2023-04-24-06-00-00", "latency": "2"}, {"date": "2023-04-24-06-00-00", "latency": "2"}, {"date": "2023-04-24-06-00-00", "latency": "2"}, {"date": "2023-04-24-06-00-00", "latency": "2"}, {"date": "2023-04-24-06-00-00", "latency": "2"}, {"date": "2023-04-24-06-00-00", "latency": "2"}, {"date": "2023-04-24-06-00-00", "latency": "2"}, {"date": "2023-04-24-06-00-00", "latency": "2"}, {"date": "2023-04-24-06-00-00", "latency": "2"}, {"date": "2023-04-24-06-00-00", "latency": "2"}, {"date": "2023-04-24-06-00-00", "latency": "2"}, {"date": "2023-04-24-06-00-00", "latency": "2"}, {"date": "2023-04-24-06-00-00", "latency": "2"}]}, {"location": {"country_code": "ca", "region": "Manitoba", "city": "Winnipeg"}, "game_id": "273486", "values": [{"date": "2023-04-24-10-00-00", "latency": "62"}, {"date": "2023-04-24-10-00-00", "latency": "62"}, {"date": "2023-04-24-10-00-00", "latency": "62"}, {"date": "2023-04-24-10-00-00", "latency": "62"}, {"date": "2023-04-24-10-00-00", "latency": "62"}, {"date": "2023-04-24-10-00-00", "latency": "62"}, {"date": "2023-04-24-10-00-00", "latency": "62"}, {"date": "2023-04-24-10-00-00", "latency": "62"}, {"date": "2023-04-24-10-00-00", "latency": "62"}, {"date": "2023-04-24-10-00-00", "latency": "62"}, {"date": "2023-04-24-10-00-00", "latency": "62"}, {"date": "2023-04-24-10-00-00", "latency": "62"}, {"date": "2023-04-24-10-00-00", "latency": "62"}, {"date": "2023-04-24-10-00-00", "latency": "62"}, {"date": "2023-04-24-10-00-00", "latency": "62"}, {"date": "2023-04-24-10-00-00", "latency": "62"}, {"date": "2023-04-24-10-00-00", "latency": "62"}, {"date": "2023-04-24-10-00-00", "latency": "62"}, {"date": "2023-04-24-10-00-00", "latency": "62"}, {"date": "2023-04-24-10-00-00", "latency": "62"}, {"date": "2023-04-24-10-00-00", "latency": "62"}]}, {"location": {"country_code": "us", "region": "New York", "city": "New York"}, "game_id": "273486", "values": [{"date": "2023-04-24-06-00-00", "latency": "1"}, {"date": "2023-04-24-06-00-00", "latency": "1"}, {"date": "2023-04-24-06-00-00", "latency": "1"}, {"date": "2023-04-24-06-00-00", "latency": "1"}, {"date": "2023-04-24-06-00-00", "latency": "1"}, {"date": "2023-04-24-06-00-00", "latency": "1"}, {"date": "2023-04-24-06-00-00", "latency": "1"}, {"date": "2023-04-24-06-00-00", "latency": "1"}, {"date": "2023-04-24-06-00-00", "latency": "1"}, {"date": "2023-04-24-06-00-00", "latency": "1"}, {"date": "2023-04-24-06-00-00", "latency": "1"}, {"date": "2023-04-24-06-00-00", "latency": "1"}, {"date": "2023-04-24-06-00-00", "latency": "1"}, {"date": "2023-04-24-06-00-00", "latency": "1"}, {"date": "2023-04-24-06-00-00", "latency": "1"}, {"date": "2023-04-24-06-00-00", "latency": "1"}, {"date": "2023-04-24-06-00-00", "latency": "1"}, {"date": "2023-04-24-06-00-00", "latency": "1"}, {"date": "2023-04-24-06-00-00", "latency": "1"}, {"date": "2023-04-24-06-00-00", "latency": "1"}, {"date": "2023-04-24-06-00-00", "latency": "1"}, {"date": "2023-04-24-06-00-00", "latency": "1"}, {"date": "2023-04-24-06-00-00", "latency": "1"}, {"date": "2023-04-24-06-00-00", "latency": "1"}, {"date": "2023-04-24-06-00-00", "latency": "1"}, {"date": "2023-04-24-06-00-00", "latency": "1"}, {"date": "2023-04-24-06-00-00", "latency": "1"}, {"date": "2023-04-24-06-00-00", "latency": "1"}, {"date": "2023-04-24-06-00-00", "latency": "1"}, {"date": "2023-04-24-06-00-00", "latency": "1"}, {"date": "2023-04-24-06-00-00", "latency": "1"}, {"date": "2023-04-24-06-00-00", "latency": "1"}]}, {"location": {"country_code": "ae", "region": "Dubai", "city": "Dubai"}, "game_id": "273486", "values": [{"date": "2023-04-24-14-00-00", "latency": "82"}]}, {"location": {"country_code": "gb", "region": "Wales"}, "game_id": "273486", "values": [{"date": "2023-04-24-22-00-00", "latency": "1"}, {"date": "2023-04-24-22-00-00", "latency": "1"}, {"date": "2023-04-24-22-00-00", "latency": "1"}, {"date": "2023-04-24-22-00-00", "latency": "1"}, {"date": "2023-04-24-22-00-00", "latency": "1"}, {"date": "2023-04-24-22-00-00", "latency": "1"}, {"date": "2023-04-24-22-00-00", "latency": "1"}, {"date": "2023-04-24-22-00-00", "latency": "1"}, {"date": "2023-04-24-22-00-00", "latency": "1"}, {"date": "2023-04-24-22-00-00", "latency": "1"}, {"date": "2023-04-24-22-00-00", "latency": "1"}, {"date": "2023-04-24-22-00-00", "latency": "1"}, {"date": "2023-04-24-22-00-00", "latency": "1"}, {"date": "2023-04-24-22-00-00", "latency": "1"}, {"date": "2023-04-24-22-00-00", "latency": "1"}]}, {"location": {"country_code": "sa", "region": "Riyadh Region", "city": "Wadi Ad Dawasir"}, "game_id": "273486", "values": [{"date": "2023-04-24-12-00-00", "latency": "86"}, {"date": "2023-04-24-12-00-00", "latency": "86"}, {"date": "2023-04-24-12-00-00", "latency": "86"}, {"date": "2023-04-24-12-00-00", "latency": "86"}, {"date": "2023-04-24-12-00-00", "latency": "86"}, {"date": "2023-04-24-12-00-00", "latency": "86"}, {"date": "2023-04-24-12-00-00", "latency": "86"}, {"date": "2023-04-24-12-00-00", "latency": "86"}, {"date": "2023-04-24-12-00-00", "latency": "86"}, {"date": "2023-04-24-12-00-00", "latency": "86"}, {"date": "2023-04-24-12-00-00", "latency": "86"}, {"date": "2023-04-24-12-00-00", "latency": "86"}]}, {"location": {"country_code": "de", "region": "North Rhine-Westphalia", "city": "Aachen"}, "game_id": "273486", "values": [{"date": "2023-04-24-19-00-00", "latency": "1"}, {"date": "2023-04-24-19-00-00", "latency": "1"}, {"date": "2023-04-24-19-00-00", "latency": "1"}, {"date": "2023-04-24-19-00-00", "latency": "1"}, {"date": "2023-04-24-19-00-00", "latency": "1"}, {"date": "2023-04-24-19-00-00", "latency": "1"}, {"date": "2023-04-24-19-00-00", "latency": "1"}]}, {"location": {"country_code": "us", "region": "California", "city": "Delano"}, "game_id": "273486", "values": [{"date": "2023-04-24-10-00-00", "latency": "70"}, {"date": "2023-04-24-10-00-00", "latency": "70"}, {"date": "2023-04-24-10-00-00", "latency": "70"}, {"date": "2023-04-24-10-00-00", "latency": "70"}, {"date": "2023-04-24-10-00-00", "latency": "70"}, {"date": "2023-04-24-10-00-00", "latency": "70"}, {"date": "2023-04-24-10-00-00", "latency": "70"}, {"date": "2023-04-24-10-00-00", "latency": "70"}, {"date": "2023-04-24-10-00-00", "latency": "70"}]}, {"location": {"country_code": "us", "region": "Illinois", "city": "Peoria"}, "game_id": "273486", "values": [{"date": "2023-04-25-02-00-00", "latency": "28"}]}, {"location": {"country_code": "fr", "region": "Normandy", "city": "Dieppe"}, "game_id": "273486", "values": [{"date": "2023-04-24-20-00-00", "latency": "23"}, {"date": "2023-04-24-20-00-00", "latency": "23"}, {"date": "2023-04-24-20-00-00", "latency": "23"}, {"date": "2023-04-24-20-00-00", "latency": "23"}, {"date": "2023-04-24-20-00-00", "latency": "23"}, {"date": "2023-04-24-20-00-00", "latency": "23"}, {"date": "2023-04-24-20-00-00", "latency": "23"}, {"date": "2023-04-24-20-00-00", "latency": "23"}, {"date": "2023-04-24-20-00-00", "latency": "23"}, {"date": "2023-04-24-20-00-00", "latency": "23"}, {"date": "2023-04-24-20-00-00", "latency": "23"}, {"date": "2023-04-24-20-00-00", "latency": "23"}, {"date": "2023-04-24-20-00-00", "latency": "23"}]}, {"location": {"country_code": "us", "region": "Texas", "city": "Tioga"}, "game_id": "273486", "values": [{"date": "2023-04-25-02-00-00", "latency": "0"}, {"date": "2023-04-25-02-00-00", "latency": "0"}, {"date": "2023-04-25-02-00-00", "latency": "0"}]}], "last_updated": 1719915091.922117}