{"data": [{"location": {"country_code": "nz"}, "game_id": "273486", "values": [{"date": "2022-08-10-13-00-00", "latency": 19}, {"date": "2022-08-10-11-00-00", "latency": 19}]}, {"location": {"country_code": "us"}, "game_id": "273486", "values": [{"date": "2022-08-10-05-00-00", "latency": 43}, {"date": "2022-08-10-05-00-00", "latency": 50}, {"date": "2022-08-10-07-00-00", "latency": 27}, {"date": "2022-08-10-10-00-00", "latency": 0}, {"date": "2022-08-10-04-00-00", "latency": 19}, {"date": "2022-08-10-04-00-00", "latency": 19}, {"date": "2022-08-10-04-00-00", "latency": 19}, {"date": "2022-08-10-04-00-00", "latency": 19}, {"date": "2022-08-10-03-00-00", "latency": 0}, {"date": "2022-08-10-18-00-00", "latency": 35}, {"date": "2022-08-10-02-00-00", "latency": 43}, {"date": "2022-08-10-12-00-00", "latency": 15}, {"date": "2022-08-10-12-00-00", "latency": 15}, {"date": "2022-08-11-02-00-00", "latency": 13}, {"date": "2022-08-11-02-00-00", "latency": 13}, {"date": "2022-08-10-04-00-00", "latency": 31}, {"date": "2022-08-10-04-00-00", "latency": 31}, {"date": "2022-08-10-04-00-00", "latency": 31}, {"date": "2022-08-10-04-00-00", "latency": 23}, {"date": "2022-08-10-08-00-00", "latency": 7}, {"date": "2022-08-10-08-00-00", "latency": 7}, {"date": "2022-08-10-08-00-00", "latency": 7}, {"date": "2022-08-10-08-00-00", "latency": 7}, {"date": "2022-08-10-08-00-00", "latency": 7}, {"date": "2022-08-11-00-00-00", "latency": 7}, {"date": "2022-08-11-00-00-00", "latency": 7}, {"date": "2022-08-11-00-00-00", "latency": 7}, {"date": "2022-08-11-00-00-00", "latency": 7}, {"date": "2022-08-11-00-00-00", "latency": 7}, {"date": "2022-08-10-05-00-00", "latency": 47}, {"date": "2022-08-10-05-00-00", "latency": 47}, {"date": "2022-08-10-05-00-00", "latency": 47}, {"date": "2022-08-10-05-00-00", "latency": 47}, {"date": "2022-08-10-05-00-00", "latency": 47}, {"date": "2022-08-10-05-00-00", "latency": 47}]}, {"location": {"country_code": "us", "region": "New York", "city": "Jamestown"}, "game_id": "273486", "values": [{"date": "2022-08-10-09-00-00", "latency": 0}, {"date": "2022-08-11-02-00-00", "latency": 0}]}, {"location": {"country_code": "gb", "region": "Wales", "city": "Swansea"}, "game_id": "273486", "values": [{"date": "2022-08-10-17-00-00", "latency": 0}]}, {"location": {"country_code": "jp"}, "game_id": "273486", "values": [{"date": "2022-08-10-15-00-00", "latency": 33}, {"date": "2022-08-10-15-00-00", "latency": 33}, {"date": "2022-08-10-15-00-00", "latency": 33}, {"date": "2022-08-10-15-00-00", "latency": 33}, {"date": "2022-08-10-15-00-00", "latency": 33}, {"date": "2022-08-10-15-00-00", "latency": 33}]}, {"location": {"country_code": "ca"}, "game_id": "273486", "values": [{"date": "2022-08-10-18-00-00", "latency": 0}, {"date": "2022-08-11-02-00-00", "latency": 27}, {"date": "2022-08-10-13-00-00", "latency": 23}, {"date": "2022-08-10-13-00-00", "latency": 23}, {"date": "2022-08-10-13-00-00", "latency": 23}, {"date": "2022-08-10-13-00-00", "latency": 23}, {"date": "2022-08-10-13-00-00", "latency": 23}, {"date": "2022-08-10-13-00-00", "latency": 23}, {"date": "2022-08-10-13-00-00", "latency": 23}, {"date": "2022-08-10-13-00-00", "latency": 23}, {"date": "2022-08-10-13-00-00", "latency": 23}, {"date": "2022-08-10-13-00-00", "latency": 23}, {"date": "2022-08-10-13-00-00", "latency": 23}, {"date": "2022-08-10-13-00-00", "latency": 23}, {"date": "2022-08-10-06-00-00", "latency": 23}, {"date": "2022-08-11-02-00-00", "latency": 19}, {"date": "2022-08-10-17-00-00", "latency": 7}, {"date": "2022-08-10-17-00-00", "latency": 7}, {"date": "2022-08-10-17-00-00", "latency": 7}]}, {"location": {"country_code": "de"}, "game_id": "273486", "values": [{"date": "2022-08-11-01-00-00", "latency": 14}, {"date": "2022-08-11-01-00-00", "latency": 14}, {"date": "2022-08-11-01-00-00", "latency": 14}, {"date": "2022-08-11-01-00-00", "latency": 14}]}, {"location": {"country_code": "gb", "region": "England"}, "game_id": "273486", "values": [{"date": "2022-08-10-19-00-00", "latency": 0}, {"date": "2022-08-11-01-00-00", "latency": 0}]}, {"location": {"country_code": "us", "region": "Texas"}, "game_id": "273486", "values": [{"date": "2022-08-11-01-00-00", "latency": 43}, {"date": "2022-08-11-01-00-00", "latency": 43}, {"date": "2022-08-11-01-00-00", "latency": 43}]}, {"location": {"country_code": "us", "region": "Florida"}, "game_id": "273486", "values": [{"date": "2022-08-10-04-00-00", "latency": 23}, {"date": "2022-08-10-04-00-00", "latency": 23}, {"date": "2022-08-10-04-00-00", "latency": 23}, {"date": "2022-08-10-04-00-00", "latency": 23}, {"date": "2022-08-10-04-00-00", "latency": 23}, {"date": "2022-08-10-04-00-00", "latency": 23}, {"date": "2022-08-10-04-00-00", "latency": 23}, {"date": "2022-08-10-04-00-00", "latency": 23}, {"date": "2022-08-10-04-00-00", "latency": 23}, {"date": "2022-08-10-04-00-00", "latency": 23}, {"date": "2022-08-11-02-00-00", "latency": 23}, {"date": "2022-08-11-02-00-00", "latency": 23}, {"date": "2022-08-10-05-00-00", "latency": 35}, {"date": "2022-08-10-05-00-00", "latency": 35}, {"date": "2022-08-10-05-00-00", "latency": 35}]}, {"location": {"country_code": "us", "region": "New Jersey"}, "game_id": "273486", "values": [{"date": "2022-08-10-06-00-00", "latency": 23}, {"date": "2022-08-10-06-00-00", "latency": 23}, {"date": "2022-08-10-06-00-00", "latency": 23}, {"date": "2022-08-10-06-00-00", "latency": 23}, {"date": "2022-08-10-06-00-00", "latency": 23}]}, {"location": {"country_code": "us", "region": "Ohio"}, "game_id": "273486", "values": [{"date": "2022-08-10-07-00-00", "latency": 0}]}, {"location": {"country_code": "us", "region": "California"}, "game_id": "273486", "values": [{"date": "2022-08-10-11-00-00", "latency": 0}, {"date": "2022-08-10-11-00-00", "latency": 0}, {"date": "2022-08-10-04-00-00", "latency": 54}]}, {"location": {"country_code": "us", "region": "California", "city": "East Los Angeles"}, "game_id": "273486", "values": [{"date": "2022-08-10-08-00-00", "latency": 47}, {"date": "2022-08-10-08-00-00", "latency": 47}, {"date": "2022-08-10-08-00-00", "latency": 47}, {"date": "2022-08-10-08-00-00", "latency": 47}, {"date": "2022-08-10-08-00-00", "latency": 47}, {"date": "2022-08-10-08-00-00", "latency": 47}, {"date": "2022-08-10-08-00-00", "latency": 47}, {"date": "2022-08-10-08-00-00", "latency": 47}, {"date": "2022-08-10-08-00-00", "latency": 47}, {"date": "2022-08-10-08-00-00", "latency": 47}]}, {"location": {"country_code": "au"}, "game_id": "273486", "values": [{"date": "2022-08-10-14-00-00", "latency": 0}, {"date": "2022-08-10-14-00-00", "latency": 0}, {"date": "2022-08-10-14-00-00", "latency": 3}, {"date": "2022-08-10-11-00-00", "latency": 19}, {"date": "2022-08-10-11-00-00", "latency": 19}, {"date": "2022-08-10-14-00-00", "latency": 101}]}, {"location": {"country_code": "us", "region": "California", "city": "San Francisco"}, "game_id": "273486", "values": [{"date": "2022-08-10-08-00-00", "latency": 31}, {"date": "2022-08-10-08-00-00", "latency": 31}]}, {"location": {"country_code": "sa"}, "game_id": "273486", "values": [{"date": "2022-08-10-20-00-00", "latency": 43}, {"date": "2022-08-10-23-00-00", "latency": 105}, {"date": "2022-08-10-23-00-00", "latency": 105}, {"date": "2022-08-10-02-00-00", "latency": 19}, {"date": "2022-08-10-21-00-00", "latency": 0}, {"date": "2022-08-10-21-00-00", "latency": 0}, {"date": "2022-08-10-06-00-00", "latency": 86}, {"date": "2022-08-10-06-00-00", "latency": 86}, {"date": "2022-08-10-06-00-00", "latency": 86}, {"date": "2022-08-10-06-00-00", "latency": 86}, {"date": "2022-08-10-06-00-00", "latency": 86}, {"date": "2022-08-10-06-00-00", "latency": 86}, {"date": "2022-08-10-06-00-00", "latency": 86}, {"date": "2022-08-10-06-00-00", "latency": 86}, {"date": "2022-08-10-06-00-00", "latency": 86}, {"date": "2022-08-10-06-00-00", "latency": 86}, {"date": "2022-08-10-06-00-00", "latency": 86}, {"date": "2022-08-10-14-00-00", "latency": 0}, {"date": "2022-08-11-02-00-00", "latency": 74}, {"date": "2022-08-11-02-00-00", "latency": 74}, {"date": "2022-08-11-02-00-00", "latency": 74}, {"date": "2022-08-11-02-00-00", "latency": 74}, {"date": "2022-08-11-02-00-00", "latency": 74}, {"date": "2022-08-10-17-00-00", "latency": 39}, {"date": "2022-08-10-17-00-00", "latency": 39}, {"date": "2022-08-10-17-00-00", "latency": 39}, {"date": "2022-08-10-17-00-00", "latency": 39}, {"date": "2022-08-10-17-00-00", "latency": 39}, {"date": "2022-08-10-07-00-00", "latency": 82}, {"date": "2022-08-10-22-00-00", "latency": 137}, {"date": "2022-08-10-22-00-00", "latency": 137}, {"date": "2022-08-10-22-00-00", "latency": 137}, {"date": "2022-08-10-22-00-00", "latency": 137}, {"date": "2022-08-10-22-00-00", "latency": 137}, {"date": "2022-08-10-22-00-00", "latency": 137}, {"date": "2022-08-10-22-00-00", "latency": 137}, {"date": "2022-08-10-22-00-00", "latency": 137}, {"date": "2022-08-10-22-00-00", "latency": 137}, {"date": "2022-08-10-22-00-00", "latency": 137}, {"date": "2022-08-10-22-00-00", "latency": 137}, {"date": "2022-08-10-22-00-00", "latency": 137}, {"date": "2022-08-11-01-00-00", "latency": 39}, {"date": "2022-08-11-01-00-00", "latency": 39}, {"date": "2022-08-11-01-00-00", "latency": 82}, {"date": "2022-08-11-01-00-00", "latency": 82}, {"date": "2022-08-11-01-00-00", "latency": 82}]}, {"location": {"country_code": "jm"}, "game_id": "273486", "values": [{"date": "2022-08-10-09-00-00", "latency": 23}, {"date": "2022-08-10-09-00-00", "latency": 23}, {"date": "2022-08-10-09-00-00", "latency": 23}]}, {"location": {"country_code": "ca", "region": "Alberta"}, "game_id": "273486", "values": [{"date": "2022-08-10-10-00-00", "latency": 4}]}, {"location": {"country_code": "us", "region": "Ohio", "city": "Cleveland"}, "game_id": "273486", "values": [{"date": "2022-08-10-08-00-00", "latency": 19}]}, {"location": {"country_code": "us", "region": "Texas", "city": "Houston"}, "game_id": "273486", "values": [{"date": "2022-08-10-07-00-00", "latency": 23}, {"date": "2022-08-10-07-00-00", "latency": 23}, {"date": "2022-08-10-07-00-00", "latency": 23}, {"date": "2022-08-10-09-00-00", "latency": 6}]}, {"location": {"country_code": "us", "region": "Alaska"}, "game_id": "273486", "values": [{"date": "2022-08-10-16-00-00", "latency": 54}, {"date": "2022-08-10-16-00-00", "latency": 54}, {"date": "2022-08-10-16-00-00", "latency": 54}, {"date": "2022-08-10-07-00-00", "latency": 62}, {"date": "2022-08-10-07-00-00", "latency": 62}, {"date": "2022-08-10-07-00-00", "latency": 62}, {"date": "2022-08-10-07-00-00", "latency": 62}, {"date": "2022-08-10-07-00-00", "latency": 62}, {"date": "2022-08-10-07-00-00", "latency": 62}, {"date": "2022-08-10-07-00-00", "latency": 62}, {"date": "2022-08-10-07-00-00", "latency": 62}, {"date": "2022-08-10-07-00-00", "latency": 62}, {"date": "2022-08-10-07-00-00", "latency": 62}]}, {"location": {"country_code": "us", "region": "Puerto Rico"}, "game_id": "273486", "values": [{"date": "2022-08-10-16-00-00", "latency": 5}]}, {"location": {"country_code": "us", "region": "District of Columbia", "city": "Washington"}, "game_id": "273486", "values": [{"date": "2022-08-10-07-00-00", "latency": 19}, {"date": "2022-08-10-07-00-00", "latency": 19}, {"date": "2022-08-10-07-00-00", "latency": 19}, {"date": "2022-08-10-07-00-00", "latency": 19}, {"date": "2022-08-10-07-00-00", "latency": 19}, {"date": "2022-08-10-07-00-00", "latency": 19}]}, {"location": {"country_code": "au", "region": "Western Australia", "city": "Perth"}, "game_id": "273486", "values": [{"date": "2022-08-10-14-00-00", "latency": 19}, {"date": "2022-08-10-14-00-00", "latency": 19}]}, {"location": {"country_code": "us", "region": "Kentucky", "city": "Richmond"}, "game_id": "273486", "values": [{"date": "2022-08-10-16-00-00", "latency": 0}]}, {"location": {"country_code": "us", "region": "Minnesota"}, "game_id": "273486", "values": [{"date": "2022-08-10-23-00-00", "latency": 23}, {"date": "2022-08-10-23-00-00", "latency": 23}, {"date": "2022-08-10-23-00-00", "latency": 23}, {"date": "2022-08-10-23-00-00", "latency": 23}, {"date": "2022-08-10-23-00-00", "latency": 23}, {"date": "2022-08-10-23-00-00", "latency": 23}, {"date": "2022-08-10-23-00-00", "latency": 23}, {"date": "2022-08-10-23-00-00", "latency": 23}]}, {"location": {"country_code": "kw"}, "game_id": "273486", "values": [{"date": "2022-08-10-10-00-00", "latency": 101}, {"date": "2022-08-10-10-00-00", "latency": 101}, {"date": "2022-08-10-10-00-00", "latency": 101}, {"date": "2022-08-10-08-00-00", "latency": 61}, {"date": "2022-08-10-08-00-00", "latency": 61}, {"date": "2022-08-10-08-00-00", "latency": 61}, {"date": "2022-08-10-04-00-00", "latency": 36}, {"date": "2022-08-10-04-00-00", "latency": 36}]}, {"location": {"country_code": "us", "region": "Texas", "city": "Irving"}, "game_id": "273486", "values": [{"date": "2022-08-10-21-00-00", "latency": 35}, {"date": "2022-08-10-21-00-00", "latency": 35}, {"date": "2022-08-10-21-00-00", "latency": 35}, {"date": "2022-08-10-21-00-00", "latency": 35}, {"date": "2022-08-10-21-00-00", "latency": 35}, {"date": "2022-08-10-21-00-00", "latency": 35}, {"date": "2022-08-10-21-00-00", "latency": 35}, {"date": "2022-08-10-21-00-00", "latency": 35}, {"date": "2022-08-10-21-00-00", "latency": 35}, {"date": "2022-08-10-21-00-00", "latency": 35}]}, {"location": {"country_code": "us", "region": "South Dakota"}, "game_id": "273486", "values": [{"date": "2022-08-10-04-00-00", "latency": 35}, {"date": "2022-08-10-04-00-00", "latency": 35}, {"date": "2022-08-10-04-00-00", "latency": 35}, {"date": "2022-08-10-04-00-00", "latency": 35}]}, {"location": {"country_code": "us", "region": "Oregon", "city": "Roseburg"}, "game_id": "273486", "values": [{"date": "2022-08-10-20-00-00", "latency": 54}, {"date": "2022-08-10-20-00-00", "latency": 54}, {"date": "2022-08-10-20-00-00", "latency": 54}]}, {"location": {"country_code": "sa", "region": "Riyadh Region", "city": "Wadi Ad Dawasir"}, "game_id": "273486", "values": [{"date": "2022-08-10-11-00-00", "latency": 82}, {"date": "2022-08-10-11-00-00", "latency": 82}, {"date": "2022-08-10-07-00-00", "latency": 50}, {"date": "2022-08-10-07-00-00", "latency": 50}, {"date": "2022-08-10-09-00-00", "latency": 66}, {"date": "2022-08-10-09-00-00", "latency": 66}]}, {"location": {"country_code": "us", "region": "Nebraska", "city": "Omaha"}, "game_id": "273486", "values": [{"date": "2022-08-10-05-00-00", "latency": 0}]}, {"location": {"country_code": "bb"}, "game_id": "273486", "values": [{"date": "2022-08-10-23-00-00", "latency": 31}, {"date": "2022-08-10-23-00-00", "latency": 31}, {"date": "2022-08-10-23-00-00", "latency": 31}, {"date": "2022-08-10-23-00-00", "latency": 31}, {"date": "2022-08-10-23-00-00", "latency": 31}, {"date": "2022-08-10-23-00-00", "latency": 31}, {"date": "2022-08-10-23-00-00", "latency": 31}, {"date": "2022-08-10-23-00-00", "latency": 31}, {"date": "2022-08-10-23-00-00", "latency": 31}]}, {"location": {"country_code": "us", "region": "Colorado", "city": "Colorado Springs"}, "game_id": "273486", "values": [{"date": "2022-08-10-08-00-00", "latency": 19}]}, {"location": {"country_code": "us", "region": "State of Wyoming", "city": "Cheyenne"}, "game_id": "273486", "values": [{"date": "2022-08-10-11-00-00", "latency": 19}, {"date": "2022-08-10-11-00-00", "latency": 19}, {"date": "2022-08-10-11-00-00", "latency": 19}, {"date": "2022-08-10-11-00-00", "latency": 19}, {"date": "2022-08-10-11-00-00", "latency": 19}, {"date": "2022-08-10-11-00-00", "latency": 19}]}, {"location": {"country_code": "bh"}, "game_id": "273486", "values": [{"date": "2022-08-10-22-00-00", "latency": 8}, {"date": "2022-08-10-22-00-00", "latency": 8}, {"date": "2022-08-10-22-00-00", "latency": 8}, {"date": "2022-08-10-22-00-00", "latency": 8}]}, {"location": {"country_code": "gb", "region": "England", "city": "Stockton-on-Tees"}, "game_id": "273486", "values": [{"date": "2022-08-11-01-00-00", "latency": 23}]}, {"location": {"country_code": "de", "region": "Bavaria", "city": "Sonthofen"}, "game_id": "273486", "values": [{"date": "2022-08-10-10-00-00", "latency": 3}, {"date": "2022-08-10-10-00-00", "latency": 3}, {"date": "2022-08-10-10-00-00", "latency": 3}, {"date": "2022-08-10-10-00-00", "latency": 3}]}, {"location": {"country_code": "ie", "region": "County Sligo"}, "game_id": "273486", "values": [{"date": "2022-08-10-04-00-00", "latency": 137}, {"date": "2022-08-10-04-00-00", "latency": 137}, {"date": "2022-08-10-04-00-00", "latency": 137}]}, {"location": {"country_code": "us", "region": "Ohio", "city": "Pataskala"}, "game_id": "273486", "values": [{"date": "2022-08-10-02-00-00", "latency": 23}]}, {"location": {"country_code": "us", "region": "Texas", "city": "Leander"}, "game_id": "273486", "values": [{"date": "2022-08-10-20-00-00", "latency": 0}, {"date": "2022-08-10-20-00-00", "latency": 0}, {"date": "2022-08-10-20-00-00", "latency": 0}, {"date": "2022-08-10-20-00-00", "latency": 0}]}], "last_updated": 1719919353.532599}