{"data": [{"location": {"country_code": "nz"}, "game_id": "273486", "values": [{"date": "2022-08-09-13-00-00", "latency": 0}, {"date": "2022-08-09-13-00-00", "latency": 0}]}, {"location": {"country_code": "us"}, "game_id": "273486", "values": [{"date": "2022-08-09-10-00-00", "latency": 3}, {"date": "2022-08-09-10-00-00", "latency": 3}, {"date": "2022-08-09-10-00-00", "latency": 3}, {"date": "2022-08-09-23-00-00", "latency": 19}, {"date": "2022-08-09-03-00-00", "latency": 0}, {"date": "2022-08-09-20-00-00", "latency": 0}, {"date": "2022-08-09-20-00-00", "latency": 0}, {"date": "2022-08-10-01-00-00", "latency": 19}, {"date": "2022-08-09-14-00-00", "latency": 58}, {"date": "2022-08-09-14-00-00", "latency": 58}, {"date": "2022-08-09-14-00-00", "latency": 58}, {"date": "2022-08-09-14-00-00", "latency": 58}, {"date": "2022-08-09-09-00-00", "latency": 19}, {"date": "2022-08-09-09-00-00", "latency": 19}, {"date": "2022-08-09-09-00-00", "latency": 19}, {"date": "2022-08-09-09-00-00", "latency": 19}, {"date": "2022-08-09-09-00-00", "latency": 19}, {"date": "2022-08-09-09-00-00", "latency": 19}, {"date": "2022-08-09-06-00-00", "latency": 0}, {"date": "2022-08-09-05-00-00", "latency": 0}]}, {"location": {"country_code": "us", "region": "New York", "city": "Jamestown"}, "game_id": "273486", "values": [{"date": "2022-08-09-22-00-00", "latency": 0}]}, {"location": {"country_code": "gb"}, "game_id": "273486", "values": [{"date": "2022-08-09-23-00-00", "latency": 0}, {"date": "2022-08-09-16-00-00", "latency": 0}, {"date": "2022-08-09-21-00-00", "latency": 0}, {"date": "2022-08-09-21-00-00", "latency": 0}, {"date": "2022-08-09-21-00-00", "latency": 0}]}, {"location": {"country_code": "gb", "region": "Wales", "city": "Swansea"}, "game_id": "273486", "values": [{"date": "2022-08-09-13-00-00", "latency": 0}]}, {"location": {"country_code": "sa", "region": "Eastern Province", "city": "Dhahran Compound"}, "game_id": "273486", "values": [{"date": "2022-08-09-05-00-00", "latency": 105}, {"date": "2022-08-09-05-00-00", "latency": 105}, {"date": "2022-08-09-05-00-00", "latency": 105}]}, {"location": {"country_code": "it"}, "game_id": "273486", "values": [{"date": "2022-08-09-22-00-00", "latency": 62}, {"date": "2022-08-09-22-00-00", "latency": 62}, {"date": "2022-08-09-22-00-00", "latency": 62}]}, {"location": {"country_code": "jp"}, "game_id": "273486", "values": [{"date": "2022-08-09-15-00-00", "latency": 113}, {"date": "2022-08-09-15-00-00", "latency": 113}, {"date": "2022-08-09-15-00-00", "latency": 113}, {"date": "2022-08-09-15-00-00", "latency": 113}, {"date": "2022-08-09-15-00-00", "latency": 113}]}, {"location": {"country_code": "ca"}, "game_id": "273486", "values": [{"date": "2022-08-09-09-00-00", "latency": 23}, {"date": "2022-08-09-09-00-00", "latency": 23}, {"date": "2022-08-09-11-00-00", "latency": 31}, {"date": "2022-08-09-11-00-00", "latency": 31}, {"date": "2022-08-09-11-00-00", "latency": 31}, {"date": "2022-08-09-11-00-00", "latency": 31}, {"date": "2022-08-09-11-00-00", "latency": 31}, {"date": "2022-08-09-11-00-00", "latency": 31}, {"date": "2022-08-09-11-00-00", "latency": 31}, {"date": "2022-08-09-11-00-00", "latency": 3}, {"date": "2022-08-09-11-00-00", "latency": 3}, {"date": "2022-08-09-11-00-00", "latency": 3}, {"date": "2022-08-09-11-00-00", "latency": 3}, {"date": "2022-08-09-11-00-00", "latency": 3}, {"date": "2022-08-09-11-00-00", "latency": 3}, {"date": "2022-08-09-11-00-00", "latency": 3}, {"date": "2022-08-09-11-00-00", "latency": 3}, {"date": "2022-08-09-11-00-00", "latency": 3}, {"date": "2022-08-09-11-00-00", "latency": 3}, {"date": "2022-08-09-11-00-00", "latency": 3}, {"date": "2022-08-09-11-00-00", "latency": 3}, {"date": "2022-08-09-11-00-00", "latency": 3}, {"date": "2022-08-09-11-00-00", "latency": 3}, {"date": "2022-08-09-11-00-00", "latency": 3}, {"date": "2022-08-09-11-00-00", "latency": 3}, {"date": "2022-08-09-11-00-00", "latency": 3}, {"date": "2022-08-09-11-00-00", "latency": 3}, {"date": "2022-08-09-11-00-00", "latency": 3}, {"date": "2022-08-09-11-00-00", "latency": 3}, {"date": "2022-08-09-11-00-00", "latency": 3}]}, {"location": {"country_code": "ca", "region": "Quebec"}, "game_id": "273486", "values": [{"date": "2022-08-09-07-00-00", "latency": 19}, {"date": "2022-08-09-07-00-00", "latency": 19}, {"date": "2022-08-09-07-00-00", "latency": 19}, {"date": "2022-08-09-07-00-00", "latency": 19}, {"date": "2022-08-09-07-00-00", "latency": 19}, {"date": "2022-08-09-07-00-00", "latency": 19}, {"date": "2022-08-09-07-00-00", "latency": 19}, {"date": "2022-08-09-07-00-00", "latency": 19}]}, {"location": {"country_code": "de"}, "game_id": "273486", "values": [{"date": "2022-08-10-00-00-00", "latency": 19}, {"date": "2022-08-10-00-00-00", "latency": 19}]}, {"location": {"country_code": "gb", "region": "England"}, "game_id": "273486", "values": [{"date": "2022-08-10-00-00-00", "latency": 19}]}, {"location": {"country_code": "us", "region": "Texas"}, "game_id": "273486", "values": [{"date": "2022-08-09-08-00-00", "latency": 27}, {"date": "2022-08-09-08-00-00", "latency": 27}, {"date": "2022-08-09-08-00-00", "latency": 27}, {"date": "2022-08-09-03-00-00", "latency": 3}, {"date": "2022-08-09-03-00-00", "latency": 3}, {"date": "2022-08-09-11-00-00", "latency": 19}, {"date": "2022-08-09-11-00-00", "latency": 19}, {"date": "2022-08-09-11-00-00", "latency": 19}]}, {"location": {"country_code": "au", "region": "New South Wales", "city": "Sydney"}, "game_id": "273486", "values": [{"date": "2022-08-09-12-00-00", "latency": 2}]}, {"location": {"country_code": "us", "region": "Florida"}, "game_id": "273486", "values": [{"date": "2022-08-09-07-00-00", "latency": 7}, {"date": "2022-08-09-07-00-00", "latency": 7}, {"date": "2022-08-09-07-00-00", "latency": 7}, {"date": "2022-08-09-07-00-00", "latency": 7}, {"date": "2022-08-09-07-00-00", "latency": 7}, {"date": "2022-08-09-04-00-00", "latency": 35}, {"date": "2022-08-09-04-00-00", "latency": 35}, {"date": "2022-08-09-04-00-00", "latency": 35}, {"date": "2022-08-10-02-00-00", "latency": 23}]}, {"location": {"country_code": "fr"}, "game_id": "273486", "values": [{"date": "2022-08-09-12-00-00", "latency": 6}]}, {"location": {"country_code": "us", "region": "New Jersey"}, "game_id": "273486", "values": [{"date": "2022-08-09-06-00-00", "latency": 7}, {"date": "2022-08-09-05-00-00", "latency": 23}, {"date": "2022-08-09-05-00-00", "latency": 23}, {"date": "2022-08-09-05-00-00", "latency": 23}]}, {"location": {"country_code": "us", "region": "Ohio"}, "game_id": "273486", "values": [{"date": "2022-08-09-05-00-00", "latency": 1}, {"date": "2022-08-09-05-00-00", "latency": 1}, {"date": "2022-08-09-05-00-00", "latency": 1}]}, {"location": {"country_code": "us", "region": "California"}, "game_id": "273486", "values": [{"date": "2022-08-09-06-00-00", "latency": 6}, {"date": "2022-08-09-06-00-00", "latency": 6}]}, {"location": {"country_code": "us", "region": "California", "city": "East Los Angeles"}, "game_id": "273486", "values": [{"date": "2022-08-09-05-00-00", "latency": 7}, {"date": "2022-08-09-05-00-00", "latency": 7}, {"date": "2022-08-09-05-00-00", "latency": 7}, {"date": "2022-08-09-05-00-00", "latency": 7}, {"date": "2022-08-09-05-00-00", "latency": 7}, {"date": "2022-08-09-05-00-00", "latency": 7}, {"date": "2022-08-09-05-00-00", "latency": 7}, {"date": "2022-08-09-05-00-00", "latency": 7}, {"date": "2022-08-09-05-00-00", "latency": 7}, {"date": "2022-08-09-05-00-00", "latency": 7}, {"date": "2022-08-09-05-00-00", "latency": 7}, {"date": "2022-08-09-05-00-00", "latency": 7}, {"date": "2022-08-09-05-00-00", "latency": 7}, {"date": "2022-08-09-05-00-00", "latency": 7}, {"date": "2022-08-09-05-00-00", "latency": 7}, {"date": "2022-08-09-05-00-00", "latency": 7}, {"date": "2022-08-09-05-00-00", "latency": 7}, {"date": "2022-08-09-05-00-00", "latency": 7}, {"date": "2022-08-09-05-00-00", "latency": 7}, {"date": "2022-08-09-05-00-00", "latency": 7}, {"date": "2022-08-09-05-00-00", "latency": 7}, {"date": "2022-08-09-05-00-00", "latency": 7}, {"date": "2022-08-09-05-00-00", "latency": 7}, {"date": "2022-08-09-05-00-00", "latency": 7}]}, {"location": {"country_code": "us", "region": "New Mexico", "city": "Albuquerque"}, "game_id": "273486", "values": [{"date": "2022-08-09-22-00-00", "latency": 19}, {"date": "2022-08-09-22-00-00", "latency": 19}, {"date": "2022-08-09-22-00-00", "latency": 19}]}, {"location": {"country_code": "au"}, "game_id": "273486", "values": [{"date": "2022-08-09-13-00-00", "latency": 19}, {"date": "2022-08-09-17-00-00", "latency": 0}, {"date": "2022-08-09-17-00-00", "latency": 0}, {"date": "2022-08-09-14-00-00", "latency": 3}, {"date": "2022-08-09-17-00-00", "latency": 23}]}, {"location": {"country_code": "us", "region": "Iowa"}, "game_id": "273486", "values": [{"date": "2022-08-09-18-00-00", "latency": 0}]}, {"location": {"country_code": "sa"}, "game_id": "273486", "values": [{"date": "2022-08-09-23-00-00", "latency": 82}, {"date": "2022-08-09-23-00-00", "latency": 82}, {"date": "2022-08-09-23-00-00", "latency": 82}, {"date": "2022-08-09-23-00-00", "latency": 82}, {"date": "2022-08-09-23-00-00", "latency": 82}, {"date": "2022-08-09-23-00-00", "latency": 82}, {"date": "2022-08-09-23-00-00", "latency": 82}, {"date": "2022-08-09-23-00-00", "latency": 82}, {"date": "2022-08-09-23-00-00", "latency": 82}, {"date": "2022-08-09-23-00-00", "latency": 82}, {"date": "2022-08-09-23-00-00", "latency": 82}, {"date": "2022-08-09-23-00-00", "latency": 82}, {"date": "2022-08-09-23-00-00", "latency": 82}, {"date": "2022-08-09-23-00-00", "latency": 82}, {"date": "2022-08-09-23-00-00", "latency": 82}, {"date": "2022-08-09-23-00-00", "latency": 82}, {"date": "2022-08-09-23-00-00", "latency": 82}, {"date": "2022-08-09-23-00-00", "latency": 82}, {"date": "2022-08-09-23-00-00", "latency": 82}, {"date": "2022-08-09-04-00-00", "latency": 66}, {"date": "2022-08-09-04-00-00", "latency": 66}, {"date": "2022-08-09-04-00-00", "latency": 66}, {"date": "2022-08-09-04-00-00", "latency": 66}, {"date": "2022-08-09-04-00-00", "latency": 66}, {"date": "2022-08-09-04-00-00", "latency": 66}, {"date": "2022-08-09-07-00-00", "latency": 0}, {"date": "2022-08-09-06-00-00", "latency": 86}, {"date": "2022-08-09-06-00-00", "latency": 86}, {"date": "2022-08-09-06-00-00", "latency": 86}, {"date": "2022-08-09-06-00-00", "latency": 86}, {"date": "2022-08-10-02-00-00", "latency": 66}, {"date": "2022-08-10-02-00-00", "latency": 66}, {"date": "2022-08-10-02-00-00", "latency": 66}, {"date": "2022-08-09-10-00-00", "latency": 70}, {"date": "2022-08-09-16-00-00", "latency": 35}, {"date": "2022-08-09-16-00-00", "latency": 35}, {"date": "2022-08-10-01-00-00", "latency": 78}, {"date": "2022-08-10-01-00-00", "latency": 70}, {"date": "2022-08-10-01-00-00", "latency": 70}]}, {"location": {"country_code": "us", "region": "Michigan", "city": "Detroit"}, "game_id": "273486", "values": [{"date": "2022-08-10-02-00-00", "latency": 35}, {"date": "2022-08-10-02-00-00", "latency": 35}, {"date": "2022-08-10-02-00-00", "latency": 35}, {"date": "2022-08-10-02-00-00", "latency": 35}, {"date": "2022-08-10-02-00-00", "latency": 35}, {"date": "2022-08-10-02-00-00", "latency": 35}, {"date": "2022-08-10-02-00-00", "latency": 35}, {"date": "2022-08-10-02-00-00", "latency": 35}]}, {"location": {"country_code": "us", "region": "Massachusetts"}, "game_id": "273486", "values": [{"date": "2022-08-10-00-00-00", "latency": 30}, {"date": "2022-08-10-00-00-00", "latency": 30}, {"date": "2022-08-10-00-00-00", "latency": 30}, {"date": "2022-08-10-00-00-00", "latency": 30}]}, {"location": {"country_code": "ca", "region": "Alberta"}, "game_id": "273486", "values": [{"date": "2022-08-09-05-00-00", "latency": 35}]}, {"location": {"country_code": "us", "region": "Virginia"}, "game_id": "273486", "values": [{"date": "2022-08-09-07-00-00", "latency": 0}, {"date": "2022-08-09-07-00-00", "latency": 0}, {"date": "2022-08-09-07-00-00", "latency": 0}]}, {"location": {"country_code": "us", "region": "Ohio", "city": "Cleveland"}, "game_id": "273486", "values": [{"date": "2022-08-09-09-00-00", "latency": 27}, {"date": "2022-08-09-09-00-00", "latency": 27}, {"date": "2022-08-09-09-00-00", "latency": 27}, {"date": "2022-08-09-09-00-00", "latency": 27}]}, {"location": {"country_code": "us", "region": "Texas", "city": "Houston"}, "game_id": "273486", "values": [{"date": "2022-08-09-10-00-00", "latency": 23}, {"date": "2022-08-09-10-00-00", "latency": 23}, {"date": "2022-08-09-10-00-00", "latency": 23}, {"date": "2022-08-09-10-00-00", "latency": 23}, {"date": "2022-08-09-10-00-00", "latency": 23}, {"date": "2022-08-09-10-00-00", "latency": 23}, {"date": "2022-08-09-10-00-00", "latency": 23}, {"date": "2022-08-09-10-00-00", "latency": 23}, {"date": "2022-08-09-10-00-00", "latency": 23}, {"date": "2022-08-09-10-00-00", "latency": 23}, {"date": "2022-08-09-10-00-00", "latency": 23}, {"date": "2022-08-09-10-00-00", "latency": 23}, {"date": "2022-08-09-10-00-00", "latency": 23}, {"date": "2022-08-09-04-00-00", "latency": 0}]}, {"location": {"country_code": "us", "region": "Alaska"}, "game_id": "273486", "values": [{"date": "2022-08-09-09-00-00", "latency": 50}, {"date": "2022-08-09-09-00-00", "latency": 50}, {"date": "2022-08-09-09-00-00", "latency": 50}]}, {"location": {"country_code": "us", "region": "Michigan"}, "game_id": "273486", "values": [{"date": "2022-08-09-04-00-00", "latency": 0}]}, {"location": {"country_code": "us", "region": "California", "city": "Irvine"}, "game_id": "273486", "values": [{"date": "2022-08-10-02-00-00", "latency": 66}]}, {"location": {"country_code": "us", "region": "North Carolina"}, "game_id": "273486", "values": [{"date": "2022-08-09-19-00-00", "latency": 23}]}, {"location": {"country_code": "au", "region": "New South Wales", "city": "Newcastle"}, "game_id": "273486", "values": [{"date": "2022-08-09-14-00-00", "latency": 0}]}, {"location": {"country_code": "us", "region": "Kentucky"}, "game_id": "273486", "values": [{"date": "2022-08-10-02-00-00", "latency": 0}]}, {"location": {"country_code": "us", "region": "Kentucky", "city": "Richmond"}, "game_id": "273486", "values": [{"date": "2022-08-09-14-00-00", "latency": 9}, {"date": "2022-08-09-14-00-00", "latency": 9}, {"date": "2022-08-09-14-00-00", "latency": 9}]}, {"location": {"country_code": "us", "region": "Texas", "city": "Arlington"}, "game_id": "273486", "values": [{"date": "2022-08-09-18-00-00", "latency": 3}]}, {"location": {"country_code": "us", "region": "Massachusetts", "city": "Boston"}, "game_id": "273486", "values": [{"date": "2022-08-09-09-00-00", "latency": 0}]}, {"location": {"country_code": "us", "region": "West Virginia"}, "game_id": "273486", "values": [{"date": "2022-08-09-10-00-00", "latency": 1}, {"date": "2022-08-09-10-00-00", "latency": 1}]}, {"location": {"country_code": "kw"}, "game_id": "273486", "values": [{"date": "2022-08-09-22-00-00", "latency": 98}, {"date": "2022-08-09-22-00-00", "latency": 98}, {"date": "2022-08-09-22-00-00", "latency": 98}, {"date": "2022-08-09-22-00-00", "latency": 98}, {"date": "2022-08-09-22-00-00", "latency": 98}, {"date": "2022-08-09-22-00-00", "latency": 98}, {"date": "2022-08-09-22-00-00", "latency": 98}, {"date": "2022-08-09-22-00-00", "latency": 98}, {"date": "2022-08-09-22-00-00", "latency": 98}, {"date": "2022-08-09-22-00-00", "latency": 98}, {"date": "2022-08-09-21-00-00", "latency": 35}, {"date": "2022-08-09-21-00-00", "latency": 35}]}, {"location": {"country_code": "us", "region": "Florida", "city": "Orlando"}, "game_id": "273486", "values": [{"date": "2022-08-09-05-00-00", "latency": 19}]}, {"location": {"country_code": "us", "region": "Texas", "city": "Irving"}, "game_id": "273486", "values": [{"date": "2022-08-09-20-00-00", "latency": 66}]}, {"location": {"country_code": "us", "region": "South Dakota"}, "game_id": "273486", "values": [{"date": "2022-08-09-06-00-00", "latency": 1}, {"date": "2022-08-09-06-00-00", "latency": 1}]}, {"location": {"country_code": "us", "region": "New York", "city": "Long Island"}, "game_id": "273486", "values": [{"date": "2022-08-10-02-00-00", "latency": 0}]}, {"location": {"country_code": "us", "region": "Rhode Island"}, "game_id": "273486", "values": [{"date": "2022-08-09-06-00-00", "latency": 19}, {"date": "2022-08-09-06-00-00", "latency": 19}, {"date": "2022-08-09-06-00-00", "latency": 19}]}, {"location": {"country_code": "us", "region": "Washington", "city": "Seattle"}, "game_id": "273486", "values": [{"date": "2022-08-09-07-00-00", "latency": 7}, {"date": "2022-08-09-07-00-00", "latency": 7}, {"date": "2022-08-09-03-00-00", "latency": 0}]}, {"location": {"country_code": "de", "region": "North Rhine-Westphalia"}, "game_id": "273486", "values": [{"date": "2022-08-10-00-00-00", "latency": 0}]}, {"location": {"country_code": "gb", "region": "Wales"}, "game_id": "273486", "values": [{"date": "2022-08-09-18-00-00", "latency": 62}, {"date": "2022-08-09-18-00-00", "latency": 62}]}, {"location": {"country_code": "sa", "region": "Riyadh Region", "city": "Wadi Ad Dawasir"}, "game_id": "273486", "values": [{"date": "2022-08-09-08-00-00", "latency": 86}, {"date": "2022-08-09-08-00-00", "latency": 86}, {"date": "2022-08-09-08-00-00", "latency": 86}, {"date": "2022-08-09-08-00-00", "latency": 86}, {"date": "2022-08-09-08-00-00", "latency": 86}, {"date": "2022-08-09-08-00-00", "latency": 86}, {"date": "2022-08-09-08-00-00", "latency": 86}, {"date": "2022-08-09-22-00-00", "latency": 82}, {"date": "2022-08-09-22-00-00", "latency": 82}, {"date": "2022-08-09-22-00-00", "latency": 82}, {"date": "2022-08-09-06-00-00", "latency": 49}, {"date": "2022-08-09-06-00-00", "latency": 49}, {"date": "2022-08-09-06-00-00", "latency": 49}, {"date": "2022-08-09-06-00-00", "latency": 49}, {"date": "2022-08-09-06-00-00", "latency": 49}, {"date": "2022-08-09-06-00-00", "latency": 49}, {"date": "2022-08-09-06-00-00", "latency": 49}, {"date": "2022-08-09-06-00-00", "latency": 49}, {"date": "2022-08-09-06-00-00", "latency": 49}, {"date": "2022-08-09-06-00-00", "latency": 49}, {"date": "2022-08-09-06-00-00", "latency": 49}, {"date": "2022-08-09-06-00-00", "latency": 49}, {"date": "2022-08-09-20-00-00", "latency": 0}, {"date": "2022-08-09-08-00-00", "latency": 74}, {"date": "2022-08-09-08-00-00", "latency": 74}]}, {"location": {"country_code": "us", "region": "New York"}, "game_id": "273486", "values": [{"date": "2022-08-09-07-00-00", "latency": 1}, {"date": "2022-08-09-10-00-00", "latency": 3}]}, {"location": {"country_code": "fr", "region": "Brittany Region"}, "game_id": "273486", "values": [{"date": "2022-08-09-11-00-00", "latency": 19}, {"date": "2022-08-09-11-00-00", "latency": 19}, {"date": "2022-08-09-11-00-00", "latency": 19}]}, {"location": {"country_code": "us", "region": "Colorado", "city": "Colorado Springs"}, "game_id": "273486", "values": [{"date": "2022-08-09-07-00-00", "latency": 0}]}, {"location": {"country_code": "us", "region": "California", "city": "Delano"}, "game_id": "273486", "values": [{"date": "2022-08-09-10-00-00", "latency": 23}, {"date": "2022-08-09-10-00-00", "latency": 23}]}, {"location": {"country_code": "bm"}, "game_id": "273486", "values": [{"date": "2022-08-09-05-00-00", "latency": 0}, {"date": "2022-08-09-05-00-00", "latency": 0}]}, {"location": {"country_code": "us", "region": "Ohio", "city": "Canton"}, "game_id": "273486", "values": [{"date": "2022-08-09-02-00-00", "latency": 31}, {"date": "2022-08-09-02-00-00", "latency": 31}]}, {"location": {"country_code": "de", "region": "Bavaria", "city": "Sonthofen"}, "game_id": "273486", "values": [{"date": "2022-08-09-07-00-00", "latency": 3}, {"date": "2022-08-09-07-00-00", "latency": 3}]}, {"location": {"country_code": "us", "region": "Delaware", "city": "New Castle"}, "game_id": "273486", "values": [{"date": "2022-08-09-02-00-00", "latency": 23}]}, {"location": {"country_code": "za", "region": "Gauteng", "city": "Boksburg"}, "game_id": "273486", "values": [{"date": "2022-08-09-12-00-00", "latency": 0}]}], "last_updated": 1719919354.302287}