{"data": [{"location": {"country_code": "us"}, "game_id": "970338", "values": [{"date": "2023-06-19-19-00-00", "latency": 158}, {"date": "2023-06-19-19-00-00", "latency": 158}]}, {"location": {"country_code": "de", "region": "Berlin", "city": "Berlin"}, "game_id": "970338", "values": [{"date": "2023-06-19-19-00-00", "latency": 33}, {"date": "2023-06-19-19-00-00", "latency": 33}]}, {"location": {"country_code": "gb"}, "game_id": "970338", "values": [{"date": "2023-06-20-00-00-00", "latency": 27}]}, {"location": {"country_code": "gr"}, "game_id": "970338", "values": [{"date": "2023-06-19-21-00-00", "latency": 63}, {"date": "2023-06-19-21-00-00", "latency": 63}, {"date": "2023-06-19-21-00-00", "latency": 63}]}, {"location": {"country_code": "ca"}, "game_id": "970338", "values": [{"date": "2023-06-19-04-00-00", "latency": 186}, {"date": "2023-06-19-04-00-00", "latency": 186}, {"date": "2023-06-19-05-00-00", "latency": 38}, {"date": "2023-06-19-05-00-00", "latency": 38}, {"date": "2023-06-19-05-00-00", "latency": 38}, {"date": "2023-06-19-05-00-00", "latency": 38}, {"date": "2023-06-19-05-00-00", "latency": 38}, {"date": "2023-06-19-05-00-00", "latency": 38}, {"date": "2023-06-19-05-00-00", "latency": 38}, {"date": "2023-06-19-05-00-00", "latency": 38}, {"date": "2023-06-19-05-00-00", "latency": 38}, {"date": "2023-06-19-05-00-00", "latency": 38}, {"date": "2023-06-19-05-00-00", "latency": 38}, {"date": "2023-06-19-05-00-00", "latency": 38}, {"date": "2023-06-19-05-00-00", "latency": 38}, {"date": "2023-06-19-05-00-00", "latency": 38}, {"date": "2023-06-19-05-00-00", "latency": 38}, {"date": "2023-06-19-05-00-00", "latency": 38}, {"date": "2023-06-19-05-00-00", "latency": 38}, {"date": "2023-06-19-05-00-00", "latency": 38}, {"date": "2023-06-19-05-00-00", "latency": 38}, {"date": "2023-06-19-05-00-00", "latency": 38}, {"date": "2023-06-19-05-00-00", "latency": 38}, {"date": "2023-06-19-05-00-00", "latency": 38}]}, {"location": {"country_code": "us", "region": "Florida"}, "game_id": "970338", "values": [{"date": "2023-06-20-02-00-00", "latency": 47}, {"date": "2023-06-20-02-00-00", "latency": 47}, {"date": "2023-06-20-02-00-00", "latency": 47}]}, {"location": {"country_code": "fr"}, "game_id": "970338", "values": [{"date": "2023-06-19-04-00-00", "latency": 29}, {"date": "2023-06-19-04-00-00", "latency": 29}, {"date": "2023-06-19-04-00-00", "latency": 29}, {"date": "2023-06-19-22-00-00", "latency": 34}, {"date": "2023-06-19-22-00-00", "latency": 34}, {"date": "2023-06-19-22-00-00", "latency": 34}, {"date": "2023-06-19-22-00-00", "latency": 34}, {"date": "2023-06-19-22-00-00", "latency": 34}, {"date": "2023-06-19-21-00-00", "latency": 100}, {"date": "2023-06-19-21-00-00", "latency": 100}, {"date": "2023-06-19-21-00-00", "latency": 100}, {"date": "2023-06-19-21-00-00", "latency": 100}, {"date": "2023-06-19-21-00-00", "latency": 100}, {"date": "2023-06-19-21-00-00", "latency": 100}]}, {"location": {"country_code": "us", "region": "New Jersey"}, "game_id": "970338", "values": [{"date": "2023-06-20-02-00-00", "latency": 20}, {"date": "2023-06-20-02-00-00", "latency": 20}, {"date": "2023-06-20-02-00-00", "latency": 20}, {"date": "2023-06-20-02-00-00", "latency": 20}, {"date": "2023-06-20-02-00-00", "latency": 20}, {"date": "2023-06-20-02-00-00", "latency": 20}]}, {"location": {"country_code": "mx"}, "game_id": "970338", "values": [{"date": "2023-06-20-01-00-00", "latency": 84}, {"date": "2023-06-20-01-00-00", "latency": 84}, {"date": "2023-06-20-01-00-00", "latency": 84}, {"date": "2023-06-20-01-00-00", "latency": 84}]}, {"location": {"country_code": "us", "region": "Ohio"}, "game_id": "970338", "values": [{"date": "2023-06-19-08-00-00", "latency": 68}, {"date": "2023-06-19-08-00-00", "latency": 68}, {"date": "2023-06-19-08-00-00", "latency": 68}, {"date": "2023-06-19-08-00-00", "latency": 68}, {"date": "2023-06-19-08-00-00", "latency": 68}, {"date": "2023-06-19-08-00-00", "latency": 68}, {"date": "2023-06-19-08-00-00", "latency": 68}]}, {"location": {"country_code": "in"}, "game_id": "970338", "values": [{"date": "2023-06-19-19-00-00", "latency": 60}, {"date": "2023-06-19-19-00-00", "latency": 60}, {"date": "2023-06-19-19-00-00", "latency": 60}, {"date": "2023-06-19-19-00-00", "latency": 60}]}, {"location": {"country_code": "us", "region": "California"}, "game_id": "970338", "values": [{"date": "2023-06-19-03-00-00", "latency": 144}]}, {"location": {"country_code": "se"}, "game_id": "970338", "values": [{"date": "2023-06-20-01-00-00", "latency": 42}, {"date": "2023-06-20-01-00-00", "latency": 42}, {"date": "2023-06-20-01-00-00", "latency": 42}]}, {"location": {"country_code": "no"}, "game_id": "970338", "values": [{"date": "2023-06-19-23-00-00", "latency": 37}, {"date": "2023-06-19-23-00-00", "latency": 37}, {"date": "2023-06-19-23-00-00", "latency": 37}, {"date": "2023-06-19-23-00-00", "latency": 37}, {"date": "2023-06-19-23-00-00", "latency": 37}, {"date": "2023-06-19-23-00-00", "latency": 37}, {"date": "2023-06-19-23-00-00", "latency": 37}, {"date": "2023-06-19-23-00-00", "latency": 37}, {"date": "2023-06-19-23-00-00", "latency": 37}, {"date": "2023-06-19-23-00-00", "latency": 37}]}, {"location": {"country_code": "de", "region": "Hesse"}, "game_id": "970338", "values": [{"date": "2023-06-19-18-00-00", "latency": 32}]}, {"location": {"country_code": "de", "region": "Saxony"}, "game_id": "970338", "values": [{"date": "2023-06-19-16-00-00", "latency": 33}, {"date": "2023-06-19-16-00-00", "latency": 33}, {"date": "2023-06-19-16-00-00", "latency": 33}, {"date": "2023-06-19-16-00-00", "latency": 33}, {"date": "2023-06-19-16-00-00", "latency": 33}]}, {"location": {"country_code": "us", "region": "North Carolina", "city": "Charlotte"}, "game_id": "970338", "values": [{"date": "2023-06-19-15-00-00", "latency": 29}, {"date": "2023-06-19-15-00-00", "latency": 29}, {"date": "2023-06-19-15-00-00", "latency": 29}, {"date": "2023-06-19-15-00-00", "latency": 29}, {"date": "2023-06-19-15-00-00", "latency": 29}, {"date": "2023-06-19-15-00-00", "latency": 29}, {"date": "2023-06-19-15-00-00", "latency": 29}, {"date": "2023-06-19-15-00-00", "latency": 29}, {"date": "2023-06-19-15-00-00", "latency": 29}, {"date": "2023-06-19-15-00-00", "latency": 29}, {"date": "2023-06-19-15-00-00", "latency": 29}, {"date": "2023-06-19-15-00-00", "latency": 29}, {"date": "2023-06-19-15-00-00", "latency": 29}, {"date": "2023-06-19-15-00-00", "latency": 29}, {"date": "2023-06-19-15-00-00", "latency": 29}, {"date": "2023-06-19-15-00-00", "latency": 29}, {"date": "2023-06-19-15-00-00", "latency": 29}]}, {"location": {"country_code": "at"}, "game_id": "970338", "values": [{"date": "2023-06-19-03-00-00", "latency": 40}, {"date": "2023-06-19-03-00-00", "latency": 40}, {"date": "2023-06-19-03-00-00", "latency": 40}]}, {"location": {"country_code": "us", "region": "Nevada", "city": "Las Vegas"}, "game_id": "970338", "values": [{"date": "2023-06-19-21-00-00", "latency": 82}]}, {"location": {"country_code": "ie"}, "game_id": "970338", "values": [{"date": "2023-06-19-19-00-00", "latency": 43}]}, {"location": {"country_code": "ru"}, "game_id": "970338", "values": [{"date": "2023-06-19-18-00-00", "latency": 62}, {"date": "2023-06-19-18-00-00", "latency": 62}, {"date": "2023-06-19-18-00-00", "latency": 62}, {"date": "2023-06-19-18-00-00", "latency": 62}, {"date": "2023-06-19-18-00-00", "latency": 62}, {"date": "2023-06-19-18-00-00", "latency": 62}]}, {"location": {"country_code": "by"}, "game_id": "970338", "values": [{"date": "2023-06-20-00-00-00", "latency": 45}, {"date": "2023-06-20-00-00-00", "latency": 45}, {"date": "2023-06-20-00-00-00", "latency": 45}, {"date": "2023-06-20-00-00-00", "latency": 45}, {"date": "2023-06-20-00-00-00", "latency": 45}, {"date": "2023-06-20-00-00-00", "latency": 45}, {"date": "2023-06-20-00-00-00", "latency": 45}, {"date": "2023-06-20-00-00-00", "latency": 45}, {"date": "2023-06-20-00-00-00", "latency": 45}, {"date": "2023-06-20-00-00-00", "latency": 45}, {"date": "2023-06-20-00-00-00", "latency": 45}, {"date": "2023-06-20-00-00-00", "latency": 45}, {"date": "2023-06-20-00-00-00", "latency": 45}, {"date": "2023-06-20-00-00-00", "latency": 45}, {"date": "2023-06-20-00-00-00", "latency": 45}, {"date": "2023-06-20-00-00-00", "latency": 45}, {"date": "2023-06-20-00-00-00", "latency": 45}, {"date": "2023-06-20-00-00-00", "latency": 45}, {"date": "2023-06-20-00-00-00", "latency": 45}, {"date": "2023-06-20-00-00-00", "latency": 45}, {"date": "2023-06-20-00-00-00", "latency": 45}, {"date": "2023-06-20-00-00-00", "latency": 45}, {"date": "2023-06-20-00-00-00", "latency": 45}, {"date": "2023-06-20-00-00-00", "latency": 45}, {"date": "2023-06-20-00-00-00", "latency": 45}, {"date": "2023-06-20-00-00-00", "latency": 45}, {"date": "2023-06-20-00-00-00", "latency": 45}, {"date": "2023-06-20-00-00-00", "latency": 45}, {"date": "2023-06-20-00-00-00", "latency": 45}, {"date": "2023-06-20-00-00-00", "latency": 45}, {"date": "2023-06-20-00-00-00", "latency": 45}, {"date": "2023-06-20-00-00-00", "latency": 45}, {"date": "2023-06-20-00-00-00", "latency": 45}, {"date": "2023-06-20-00-00-00", "latency": 45}, {"date": "2023-06-20-00-00-00", "latency": 45}, {"date": "2023-06-20-00-00-00", "latency": 45}, {"date": "2023-06-20-00-00-00", "latency": 45}, {"date": "2023-06-20-00-00-00", "latency": 45}, {"date": "2023-06-20-00-00-00", "latency": 45}, {"date": "2023-06-20-00-00-00", "latency": 45}, {"date": "2023-06-20-00-00-00", "latency": 45}, {"date": "2023-06-20-00-00-00", "latency": 45}, {"date": "2023-06-20-00-00-00", "latency": 45}, {"date": "2023-06-20-00-00-00", "latency": 45}, {"date": "2023-06-20-00-00-00", "latency": 45}, {"date": "2023-06-20-00-00-00", "latency": 45}]}, {"location": {"country_code": "de", "region": "Lower Saxony"}, "game_id": "970338", "values": [{"date": "2023-06-19-16-00-00", "latency": 22}, {"date": "2023-06-19-16-00-00", "latency": 22}, {"date": "2023-06-19-16-00-00", "latency": 22}, {"date": "2023-06-19-16-00-00", "latency": 22}, {"date": "2023-06-19-16-00-00", "latency": 22}, {"date": "2023-06-19-16-00-00", "latency": 22}, {"date": "2023-06-19-16-00-00", "latency": 22}, {"date": "2023-06-19-16-00-00", "latency": 22}, {"date": "2023-06-19-16-00-00", "latency": 22}, {"date": "2023-06-19-16-00-00", "latency": 22}, {"date": "2023-06-19-16-00-00", "latency": 22}, {"date": "2023-06-19-16-00-00", "latency": 22}, {"date": "2023-06-19-16-00-00", "latency": 22}, {"date": "2023-06-19-16-00-00", "latency": 22}, {"date": "2023-06-19-16-00-00", "latency": 22}, {"date": "2023-06-19-16-00-00", "latency": 22}, {"date": "2023-06-19-16-00-00", "latency": 22}, {"date": "2023-06-19-16-00-00", "latency": 22}, {"date": "2023-06-19-16-00-00", "latency": 22}, {"date": "2023-06-19-16-00-00", "latency": 22}, {"date": "2023-06-19-16-00-00", "latency": 22}, {"date": "2023-06-19-16-00-00", "latency": 22}, {"date": "2023-06-19-16-00-00", "latency": 22}]}, {"location": {"country_code": "us", "region": "Connecticut"}, "game_id": "970338", "values": [{"date": "2023-06-19-21-00-00", "latency": 55}, {"date": "2023-06-19-21-00-00", "latency": 55}, {"date": "2023-06-19-21-00-00", "latency": 55}, {"date": "2023-06-19-21-00-00", "latency": 55}, {"date": "2023-06-19-21-00-00", "latency": 55}, {"date": "2023-06-19-21-00-00", "latency": 55}]}, {"location": {"country_code": "de", "region": "Saxony-Anhalt"}, "game_id": "970338", "values": [{"date": "2023-06-19-15-00-00", "latency": 64}]}, {"location": {"country_code": "ee"}, "game_id": "970338", "values": [{"date": "2023-06-20-00-00-00", "latency": 52}, {"date": "2023-06-20-00-00-00", "latency": 52}, {"date": "2023-06-20-00-00-00", "latency": 52}, {"date": "2023-06-20-00-00-00", "latency": 52}, {"date": "2023-06-20-00-00-00", "latency": 52}]}, {"location": {"country_code": "fr", "region": "Normandy", "city": "Caen"}, "game_id": "970338", "values": [{"date": "2023-06-19-07-00-00", "latency": 92}, {"date": "2023-06-19-07-00-00", "latency": 92}, {"date": "2023-06-19-07-00-00", "latency": 92}, {"date": "2023-06-19-07-00-00", "latency": 92}, {"date": "2023-06-19-07-00-00", "latency": 92}, {"date": "2023-06-19-07-00-00", "latency": 92}, {"date": "2023-06-19-07-00-00", "latency": 92}, {"date": "2023-06-19-07-00-00", "latency": 92}, {"date": "2023-06-19-07-00-00", "latency": 92}, {"date": "2023-06-19-07-00-00", "latency": 92}, {"date": "2023-06-19-07-00-00", "latency": 92}, {"date": "2023-06-19-07-00-00", "latency": 92}, {"date": "2023-06-19-07-00-00", "latency": 92}, {"date": "2023-06-19-07-00-00", "latency": 92}]}, {"location": {"country_code": "br", "region": "Paraiba", "city": "Santa Rita"}, "game_id": "970338", "values": [{"date": "2023-06-19-02-00-00", "latency": 96}]}, {"location": {"country_code": "il"}, "game_id": "970338", "values": [{"date": "2023-06-19-15-00-00", "latency": 81}, {"date": "2023-06-19-15-00-00", "latency": 81}, {"date": "2023-06-19-15-00-00", "latency": 81}, {"date": "2023-06-19-15-00-00", "latency": 81}, {"date": "2023-06-19-15-00-00", "latency": 81}, {"date": "2023-06-19-15-00-00", "latency": 81}, {"date": "2023-06-19-15-00-00", "latency": 81}, {"date": "2023-06-19-15-00-00", "latency": 81}, {"date": "2023-06-19-15-00-00", "latency": 81}, {"date": "2023-06-19-15-00-00", "latency": 81}, {"date": "2023-06-19-15-00-00", "latency": 81}, {"date": "2023-06-19-15-00-00", "latency": 81}, {"date": "2023-06-19-15-00-00", "latency": 81}, {"date": "2023-06-19-15-00-00", "latency": 81}, {"date": "2023-06-19-15-00-00", "latency": 81}, {"date": "2023-06-19-15-00-00", "latency": 81}, {"date": "2023-06-19-15-00-00", "latency": 81}, {"date": "2023-06-19-15-00-00", "latency": 81}, {"date": "2023-06-19-15-00-00", "latency": 81}, {"date": "2023-06-19-15-00-00", "latency": 81}, {"date": "2023-06-19-15-00-00", "latency": 81}, {"date": "2023-06-19-15-00-00", "latency": 81}, {"date": "2023-06-19-15-00-00", "latency": 81}, {"date": "2023-06-19-15-00-00", "latency": 81}, {"date": "2023-06-19-15-00-00", "latency": 81}, {"date": "2023-06-19-15-00-00", "latency": 81}, {"date": "2023-06-19-15-00-00", "latency": 81}, {"date": "2023-06-19-15-00-00", "latency": 81}, {"date": "2023-06-19-15-00-00", "latency": 81}, {"date": "2023-06-19-15-00-00", "latency": 81}, {"date": "2023-06-19-15-00-00", "latency": 81}, {"date": "2023-06-19-15-00-00", "latency": 81}, {"date": "2023-06-19-15-00-00", "latency": 81}, {"date": "2023-06-19-15-00-00", "latency": 81}, {"date": "2023-06-19-15-00-00", "latency": 81}, {"date": "2023-06-19-15-00-00", "latency": 81}, {"date": "2023-06-19-15-00-00", "latency": 81}, {"date": "2023-06-19-15-00-00", "latency": 81}, {"date": "2023-06-19-15-00-00", "latency": 81}, {"date": "2023-06-19-15-00-00", "latency": 81}, {"date": "2023-06-19-15-00-00", "latency": 81}, {"date": "2023-06-19-15-00-00", "latency": 81}, {"date": "2023-06-19-15-00-00", "latency": 81}, {"date": "2023-06-19-15-00-00", "latency": 81}, {"date": "2023-06-19-15-00-00", "latency": 81}, {"date": "2023-06-19-15-00-00", "latency": 81}, {"date": "2023-06-19-15-00-00", "latency": 81}, {"date": "2023-06-19-15-00-00", "latency": 81}, {"date": "2023-06-19-15-00-00", "latency": 81}, {"date": "2023-06-19-15-00-00", "latency": 81}, {"date": "2023-06-19-15-00-00", "latency": 81}, {"date": "2023-06-19-15-00-00", "latency": 81}, {"date": "2023-06-19-15-00-00", "latency": 81}, {"date": "2023-06-19-15-00-00", "latency": 81}, {"date": "2023-06-19-15-00-00", "latency": 81}, {"date": "2023-06-19-15-00-00", "latency": 81}, {"date": "2023-06-19-15-00-00", "latency": 81}, {"date": "2023-06-19-15-00-00", "latency": 81}, {"date": "2023-06-19-15-00-00", "latency": 81}, {"date": "2023-06-19-15-00-00", "latency": 81}]}], "last_updated": 1719926523.893998}