{"data": [{"location": {"country_code": "nz"}, "game_id": "128974", "values": [{"date": "2024-05-18-13-00-00", "latency": 62}, {"date": "2024-05-18-13-00-00", "latency": 62}, {"date": "2024-05-18-13-00-00", "latency": 62}, {"date": "2024-05-19-01-00-00", "latency": 1}]}, {"location": {"country_code": "jp"}, "game_id": "128974", "values": [{"date": "2024-05-18-09-00-00", "latency": 169}, {"date": "2024-05-18-09-00-00", "latency": 169}, {"date": "2024-05-18-09-00-00", "latency": 169}, {"date": "2024-05-18-09-00-00", "latency": 169}, {"date": "2024-05-18-07-00-00", "latency": 65}, {"date": "2024-05-18-07-00-00", "latency": 65}, {"date": "2024-05-18-03-00-00", "latency": 2}, {"date": "2024-05-18-03-00-00", "latency": 2}, {"date": "2024-05-18-03-00-00", "latency": 2}, {"date": "2024-05-18-07-00-00", "latency": 42}, {"date": "2024-05-18-07-00-00", "latency": 42}, {"date": "2024-05-18-07-00-00", "latency": 42}, {"date": "2024-05-18-15-00-00", "latency": 121}, {"date": "2024-05-18-15-00-00", "latency": 121}, {"date": "2024-05-18-15-00-00", "latency": 121}, {"date": "2024-05-18-15-00-00", "latency": 121}]}, {"location": {"country_code": "us"}, "game_id": "128974", "values": [{"date": "2024-05-18-11-00-00", "latency": 3}, {"date": "2024-05-18-02-00-00", "latency": 56}, {"date": "2024-05-18-02-00-00", "latency": 56}, {"date": "2024-05-18-23-00-00", "latency": 4}, {"date": "2024-05-18-04-00-00", "latency": 4}, {"date": "2024-05-18-23-00-00", "latency": 69}, {"date": "2024-05-18-06-00-00", "latency": 8}, {"date": "2024-05-18-04-00-00", "latency": 4}, {"date": "2024-05-18-04-00-00", "latency": 4}, {"date": "2024-05-18-13-00-00", "latency": 39}, {"date": "2024-05-18-03-00-00", "latency": 4}, {"date": "2024-05-18-03-00-00", "latency": 4}, {"date": "2024-05-18-03-00-00", "latency": 4}, {"date": "2024-05-18-20-00-00", "latency": 26}, {"date": "2024-05-18-09-00-00", "latency": 5}, {"date": "2024-05-18-10-00-00", "latency": 6}, {"date": "2024-05-18-10-00-00", "latency": 6}, {"date": "2024-05-18-10-00-00", "latency": 2}, {"date": "2024-05-18-10-00-00", "latency": 2}, {"date": "2024-05-18-10-00-00", "latency": 2}]}, {"location": {"country_code": "de", "region": "Berlin", "city": "Berlin"}, "game_id": "128974", "values": [{"date": "2024-05-19-00-00-00", "latency": 3}]}, {"location": {"country_code": "us", "region": "New York", "city": "Jamestown"}, "game_id": "128974", "values": [{"date": "2024-05-18-09-00-00", "latency": 3}, {"date": "2024-05-18-08-00-00", "latency": 7}, {"date": "2024-05-18-08-00-00", "latency": 7}, {"date": "2024-05-18-17-00-00", "latency": 21}, {"date": "2024-05-18-17-00-00", "latency": 21}]}, {"location": {"country_code": "us", "region": "Florida", "city": "Orlando"}, "game_id": "128974", "values": [{"date": "2024-05-18-04-00-00", "latency": 28}, {"date": "2024-05-18-06-00-00", "latency": 2}, {"date": "2024-05-18-20-00-00", "latency": 3}, {"date": "2024-05-18-20-00-00", "latency": 3}]}, {"location": {"country_code": "au", "region": "Tasmania"}, "game_id": "128974", "values": [{"date": "2024-05-18-10-00-00", "latency": 58}]}, {"location": {"country_code": "gb"}, "game_id": "128974", "values": [{"date": "2024-05-18-23-00-00", "latency": 20}, {"date": "2024-05-18-19-00-00", "latency": 3}, {"date": "2024-05-18-19-00-00", "latency": 3}, {"date": "2024-05-18-23-00-00", "latency": 1906}, {"date": "2024-05-19-02-00-00", "latency": 3}, {"date": "2024-05-18-20-00-00", "latency": 3}, {"date": "2024-05-18-20-00-00", "latency": 3}]}, {"location": {"country_code": "th"}, "game_id": "128974", "values": [{"date": "2024-05-18-19-00-00", "latency": 4}]}, {"location": {"country_code": "nl"}, "game_id": "128974", "values": [{"date": "2024-05-18-20-00-00", "latency": 15}, {"date": "2024-05-18-20-00-00", "latency": 15}, {"date": "2024-05-18-20-00-00", "latency": 15}, {"date": "2024-05-18-20-00-00", "latency": 15}, {"date": "2024-05-18-20-00-00", "latency": 15}, {"date": "2024-05-18-20-00-00", "latency": 15}]}, {"location": {"country_code": "ca"}, "game_id": "128974", "values": [{"date": "2024-05-18-23-00-00", "latency": 22}, {"date": "2024-05-18-23-00-00", "latency": 22}, {"date": "2024-05-19-02-00-00", "latency": 3}, {"date": "2024-05-18-04-00-00", "latency": 47}, {"date": "2024-05-18-04-00-00", "latency": 47}, {"date": "2024-05-18-04-00-00", "latency": 47}, {"date": "2024-05-18-04-00-00", "latency": 47}, {"date": "2024-05-18-04-00-00", "latency": 47}, {"date": "2024-05-18-04-00-00", "latency": 47}, {"date": "2024-05-18-04-00-00", "latency": 47}, {"date": "2024-05-18-04-00-00", "latency": 47}, {"date": "2024-05-18-04-00-00", "latency": 47}, {"date": "2024-05-18-04-00-00", "latency": 47}, {"date": "2024-05-18-04-00-00", "latency": 47}, {"date": "2024-05-18-09-00-00", "latency": 1}, {"date": "2024-05-18-10-00-00", "latency": 4}, {"date": "2024-05-18-09-00-00", "latency": 2}, {"date": "2024-05-18-02-00-00", "latency": 2}, {"date": "2024-05-18-21-00-00", "latency": 4}]}, {"location": {"country_code": "de"}, "game_id": "128974", "values": [{"date": "2024-05-18-18-00-00", "latency": 123}, {"date": "2024-05-18-18-00-00", "latency": 123}, {"date": "2024-05-18-18-00-00", "latency": 123}, {"date": "2024-05-18-18-00-00", "latency": 123}, {"date": "2024-05-18-21-00-00", "latency": 3}, {"date": "2024-05-18-22-00-00", "latency": 3}, {"date": "2024-05-18-22-00-00", "latency": 3}, {"date": "2024-05-19-00-00-00", "latency": 0}, {"date": "2024-05-19-02-00-00", "latency": 2}, {"date": "2024-05-18-16-00-00", "latency": 2}, {"date": "2024-05-18-23-00-00", "latency": 50}]}, {"location": {"country_code": "gb", "region": "England"}, "game_id": "128974", "values": [{"date": "2024-05-18-14-00-00", "latency": 3}]}, {"location": {"country_code": "cl"}, "game_id": "128974", "values": [{"date": "2024-05-18-09-00-00", "latency": 7}, {"date": "2024-05-18-22-00-00", "latency": 20}]}, {"location": {"country_code": "cl", "region": "Valparaiso", "city": "Vina del Mar"}, "game_id": "128974", "values": [{"date": "2024-05-18-06-00-00", "latency": 2}]}, {"location": {"country_code": "us", "region": "Texas"}, "game_id": "128974", "values": [{"date": "2024-05-18-05-00-00", "latency": 2}, {"date": "2024-05-19-00-00-00", "latency": 6}, {"date": "2024-05-18-06-00-00", "latency": 9}, {"date": "2024-05-18-04-00-00", "latency": 7}, {"date": "2024-05-18-04-00-00", "latency": 7}, {"date": "2024-05-18-07-00-00", "latency": 4}, {"date": "2024-05-18-05-00-00", "latency": 96}, {"date": "2024-05-18-05-00-00", "latency": 96}]}, {"location": {"country_code": "br"}, "game_id": "128974", "values": [{"date": "2024-05-18-04-00-00", "latency": 2}, {"date": "2024-05-19-01-00-00", "latency": 4}, {"date": "2024-05-18-02-00-00", "latency": 3}]}, {"location": {"country_code": "mx", "region": "Mexico City"}, "game_id": "128974", "values": [{"date": "2024-05-19-02-00-00", "latency": 6}, {"date": "2024-05-18-08-00-00", "latency": 9}, {"date": "2024-05-18-10-00-00", "latency": 5}]}, {"location": {"country_code": "us", "region": "Florida"}, "game_id": "128974", "values": [{"date": "2024-05-18-04-00-00", "latency": 8}, {"date": "2024-05-18-22-00-00", "latency": 42}, {"date": "2024-05-18-22-00-00", "latency": 42}]}, {"location": {"country_code": "us", "region": "Florida", "city": "Miami"}, "game_id": "128974", "values": [{"date": "2024-05-18-16-00-00", "latency": 87}, {"date": "2024-05-18-08-00-00", "latency": 3}]}, {"location": {"country_code": "ca", "region": "Ontario", "city": "Toronto"}, "game_id": "128974", "values": [{"date": "2024-05-18-23-00-00", "latency": 4}, {"date": "2024-05-18-23-00-00", "latency": 4}, {"date": "2024-05-18-20-00-00", "latency": 6}]}, {"location": {"country_code": "us", "region": "Florida", "city": "Fort Lauderdale"}, "game_id": "128974", "values": [{"date": "2024-05-18-04-00-00", "latency": 6}]}, {"location": {"country_code": "ph"}, "game_id": "128974", "values": [{"date": "2024-05-18-10-00-00", "latency": 2}, {"date": "2024-05-18-10-00-00", "latency": 2}, {"date": "2024-05-18-10-00-00", "latency": 2}]}, {"location": {"country_code": "fr"}, "game_id": "128974", "values": [{"date": "2024-05-18-12-00-00", "latency": 13}, {"date": "2024-05-19-00-00-00", "latency": 4}, {"date": "2024-05-18-17-00-00", "latency": 0}, {"date": "2024-05-18-17-00-00", "latency": 0}]}, {"location": {"country_code": "us", "region": "New Jersey"}, "game_id": "128974", "values": [{"date": "2024-05-18-08-00-00", "latency": 7}]}, {"location": {"country_code": "mx"}, "game_id": "128974", "values": [{"date": "2024-05-18-08-00-00", "latency": 6}, {"date": "2024-05-18-04-00-00", "latency": 3}, {"date": "2024-05-18-04-00-00", "latency": 3}, {"date": "2024-05-18-04-00-00", "latency": 3}, {"date": "2024-05-18-07-00-00", "latency": 27}, {"date": "2024-05-18-07-00-00", "latency": 27}, {"date": "2024-05-18-04-00-00", "latency": 6}, {"date": "2024-05-18-05-00-00", "latency": 2}, {"date": "2024-05-18-18-00-00", "latency": 1}, {"date": "2024-05-19-01-00-00", "latency": 64}, {"date": "2024-05-19-01-00-00", "latency": 64}]}, {"location": {"country_code": "us", "region": "Ohio"}, "game_id": "128974", "values": [{"date": "2024-05-18-05-00-00", "latency": 0}, {"date": "2024-05-19-02-00-00", "latency": 3}]}, {"location": {"country_code": "us", "region": "California"}, "game_id": "128974", "values": [{"date": "2024-05-18-08-00-00", "latency": 3}]}, {"location": {"country_code": "us", "region": "California", "city": "East Los Angeles"}, "game_id": "128974", "values": [{"date": "2024-05-18-02-00-00", "latency": 30}, {"date": "2024-05-18-02-00-00", "latency": 30}]}, {"location": {"country_code": "au"}, "game_id": "128974", "values": [{"date": "2024-05-18-12-00-00", "latency": 179}, {"date": "2024-05-18-12-00-00", "latency": 0}, {"date": "2024-05-18-12-00-00", "latency": 0}, {"date": "2024-05-18-12-00-00", "latency": 0}, {"date": "2024-05-19-01-00-00", "latency": 8}, {"date": "2024-05-19-01-00-00", "latency": 8}, {"date": "2024-05-19-01-00-00", "latency": 8}, {"date": "2024-05-19-01-00-00", "latency": 8}, {"date": "2024-05-18-12-00-00", "latency": 4}, {"date": "2024-05-18-12-00-00", "latency": 4}]}, {"location": {"country_code": "td"}, "game_id": "128974", "values": [{"date": "2024-05-18-16-00-00", "latency": 50}, {"date": "2024-05-18-16-00-00", "latency": 50}, {"date": "2024-05-18-16-00-00", "latency": 50}, {"date": "2024-05-18-16-00-00", "latency": 50}, {"date": "2024-05-18-16-00-00", "latency": 50}, {"date": "2024-05-18-16-00-00", "latency": 50}]}, {"location": {"country_code": "us", "region": "Texas", "city": "Austin"}, "game_id": "128974", "values": [{"date": "2024-05-18-08-00-00", "latency": 3}]}, {"location": {"country_code": "ca", "region": "Ontario"}, "game_id": "128974", "values": [{"date": "2024-05-18-21-00-00", "latency": 61}]}, {"location": {"country_code": "us", "region": "California", "city": "San Francisco"}, "game_id": "128974", "values": [{"date": "2024-05-18-04-00-00", "latency": 40}]}, {"location": {"country_code": "us", "region": "Pennsylvania", "city": "Philadelphia"}, "game_id": "128974", "values": [{"date": "2024-05-19-01-00-00", "latency": 5}, {"date": "2024-05-19-01-00-00", "latency": 5}, {"date": "2024-05-19-01-00-00", "latency": 5}, {"date": "2024-05-18-22-00-00", "latency": 53}]}, {"location": {"country_code": "es"}, "game_id": "128974", "values": [{"date": "2024-05-18-20-00-00", "latency": 2}, {"date": "2024-05-18-20-00-00", "latency": 2}, {"date": "2024-05-18-20-00-00", "latency": 2}, {"date": "2024-05-18-20-00-00", "latency": 2}, {"date": "2024-05-18-20-00-00", "latency": 2}, {"date": "2024-05-18-20-00-00", "latency": 2}]}, {"location": {"country_code": "sa"}, "game_id": "128974", "values": [{"date": "2024-05-19-01-00-00", "latency": 21}, {"date": "2024-05-19-00-00-00", "latency": 76}, {"date": "2024-05-19-00-00-00", "latency": 76}, {"date": "2024-05-19-00-00-00", "latency": 76}, {"date": "2024-05-19-00-00-00", "latency": 76}, {"date": "2024-05-18-08-00-00", "latency": 4}, {"date": "2024-05-19-00-00-00", "latency": 9}, {"date": "2024-05-19-00-00-00", "latency": 9}, {"date": "2024-05-19-00-00-00", "latency": 9}, {"date": "2024-05-18-12-00-00", "latency": 42}, {"date": "2024-05-18-12-00-00", "latency": 42}, {"date": "2024-05-18-12-00-00", "latency": 42}, {"date": "2024-05-18-12-00-00", "latency": 42}, {"date": "2024-05-18-12-00-00", "latency": 42}, {"date": "2024-05-18-12-00-00", "latency": 42}, {"date": "2024-05-18-12-00-00", "latency": 42}, {"date": "2024-05-18-12-00-00", "latency": 42}, {"date": "2024-05-18-12-00-00", "latency": 42}, {"date": "2024-05-18-12-00-00", "latency": 42}, {"date": "2024-05-18-12-00-00", "latency": 42}, {"date": "2024-05-18-12-00-00", "latency": 42}, {"date": "2024-05-18-12-00-00", "latency": 42}, {"date": "2024-05-18-12-00-00", "latency": 42}, {"date": "2024-05-18-12-00-00", "latency": 42}, {"date": "2024-05-18-12-00-00", "latency": 42}]}, {"location": {"country_code": "ar"}, "game_id": "128974", "values": [{"date": "2024-05-18-09-00-00", "latency": 4}, {"date": "2024-05-18-06-00-00", "latency": 7}]}, {"location": {"country_code": "fi"}, "game_id": "128974", "values": [{"date": "2024-05-19-02-00-00", "latency": 2}, {"date": "2024-05-19-02-00-00", "latency": 2}, {"date": "2024-05-19-02-00-00", "latency": 2}, {"date": "2024-05-19-02-00-00", "latency": 2}, {"date": "2024-05-18-22-00-00", "latency": 3}, {"date": "2024-05-18-12-00-00", "latency": 6}, {"date": "2024-05-18-19-00-00", "latency": 49}]}, {"location": {"country_code": "us", "region": "Hawaii"}, "game_id": "128974", "values": [{"date": "2024-05-18-06-00-00", "latency": 0}, {"date": "2024-05-18-06-00-00", "latency": 0}, {"date": "2024-05-18-06-00-00", "latency": 0}]}, {"location": {"country_code": "ar", "region": "Buenos Aires"}, "game_id": "128974", "values": [{"date": "2024-05-18-03-00-00", "latency": 6}]}, {"location": {"country_code": "us", "region": "Missouri"}, "game_id": "128974", "values": [{"date": "2024-05-18-09-00-00", "latency": 4}, {"date": "2024-05-18-05-00-00", "latency": 3}]}, {"location": {"country_code": "jp", "region": "Tokyo"}, "game_id": "128974", "values": [{"date": "2024-05-18-07-00-00", "latency": 8}]}, {"location": {"country_code": "jp", "region": "Kawasaki"}, "game_id": "128974", "values": [{"date": "2024-05-18-16-00-00", "latency": 2}, {"date": "2024-05-18-16-00-00", "latency": 2}]}, {"location": {"country_code": "us", "region": "Illinois", "city": "Chicago"}, "game_id": "128974", "values": [{"date": "2024-05-18-23-00-00", "latency": 3}]}, {"location": {"country_code": "hu"}, "game_id": "128974", "values": [{"date": "2024-05-18-02-00-00", "latency": 4}]}, {"location": {"country_code": "at"}, "game_id": "128974", "values": [{"date": "2024-05-18-22-00-00", "latency": 3}]}, {"location": {"country_code": "pl"}, "game_id": "128974", "values": [{"date": "2024-05-18-17-00-00", "latency": 3}]}, {"location": {"country_code": "us", "region": "Puerto Rico"}, "game_id": "128974", "values": [{"date": "2024-05-18-06-00-00", "latency": 8}, {"date": "2024-05-18-04-00-00", "latency": 8}, {"date": "2024-05-18-04-00-00", "latency": 8}, {"date": "2024-05-18-04-00-00", "latency": 8}]}, {"location": {"country_code": "be"}, "game_id": "128974", "values": [{"date": "2024-05-18-04-00-00", "latency": 22}]}, {"location": {"country_code": "gb", "region": "England", "city": "London"}, "game_id": "128974", "values": [{"date": "2024-05-19-01-00-00", "latency": 5}]}, {"location": {"country_code": "ge"}, "game_id": "128974", "values": [{"date": "2024-05-19-00-00-00", "latency": 6}, {"date": "2024-05-19-00-00-00", "latency": 6}]}, {"location": {"country_code": "br", "region": "Minas Gerais"}, "game_id": "128974", "values": [{"date": "2024-05-18-20-00-00", "latency": 2}]}, {"location": {"country_code": "sg"}, "game_id": "128974", "values": [{"date": "2024-05-18-20-00-00", "latency": 1}]}, {"location": {"country_code": "us", "region": "District of Columbia", "city": "Washington"}, "game_id": "128974", "values": [{"date": "2024-05-18-05-00-00", "latency": 5}, {"date": "2024-05-18-03-00-00", "latency": 8}]}, {"location": {"country_code": "ru"}, "game_id": "128974", "values": [{"date": "2024-05-18-06-00-00", "latency": 2}]}, {"location": {"country_code": "my"}, "game_id": "128974", "values": [{"date": "2024-05-18-16-00-00", "latency": 27}, {"date": "2024-05-18-16-00-00", "latency": 27}]}, {"location": {"country_code": "us", "region": "Minnesota", "city": "Minneapolis"}, "game_id": "128974", "values": [{"date": "2024-05-18-04-00-00", "latency": 0}]}, {"location": {"country_code": "id"}, "game_id": "128974", "values": [{"date": "2024-05-18-16-00-00", "latency": 4}]}, {"location": {"country_code": "us", "region": "Illinois"}, "game_id": "128974", "values": [{"date": "2024-05-18-03-00-00", "latency": 2}]}, {"location": {"country_code": "us", "region": "Wisconsin"}, "game_id": "128974", "values": [{"date": "2024-05-19-00-00-00", "latency": 4}]}, {"location": {"country_code": "us", "region": "Pennsylvania"}, "game_id": "128974", "values": [{"date": "2024-05-18-06-00-00", "latency": 9}]}, {"location": {"country_code": "pt"}, "game_id": "128974", "values": [{"date": "2024-05-18-11-00-00", "latency": 7}, {"date": "2024-05-18-11-00-00", "latency": 7}]}, {"location": {"country_code": "us", "region": "Kentucky"}, "game_id": "128974", "values": [{"date": "2024-05-18-07-00-00", "latency": 8}]}, {"location": {"country_code": "us", "region": "Tennessee"}, "game_id": "128974", "values": [{"date": "2024-05-18-08-00-00", "latency": 4}]}, {"location": {"country_code": "cn", "region": "Shanghai Municipality", "city": "Jinshan"}, "game_id": "128974", "values": [{"date": "2024-05-18-18-00-00", "latency": 66}, {"date": "2024-05-18-18-00-00", "latency": 66}, {"date": "2024-05-18-18-00-00", "latency": 66}, {"date": "2024-05-18-18-00-00", "latency": 66}, {"date": "2024-05-18-18-00-00", "latency": 66}, {"date": "2024-05-18-18-00-00", "latency": 66}, {"date": "2024-05-18-18-00-00", "latency": 66}]}, {"location": {"country_code": "us", "region": "Massachusetts", "city": "Boston"}, "game_id": "128974", "values": [{"date": "2024-05-18-09-00-00", "latency": 4}, {"date": "2024-05-18-09-00-00", "latency": 4}]}, {"location": {"country_code": "us", "region": "Washington", "city": "Seattle"}, "game_id": "128974", "values": [{"date": "2024-05-18-05-00-00", "latency": 6}, {"date": "2024-05-18-05-00-00", "latency": 6}, {"date": "2024-05-18-05-00-00", "latency": 6}]}, {"location": {"country_code": "ca", "region": "Nova Scotia", "city": "Bedford"}, "game_id": "128974", "values": [{"date": "2024-05-19-01-00-00", "latency": 2}]}, {"location": {"country_code": "kw"}, "game_id": "128974", "values": [{"date": "2024-05-18-21-00-00", "latency": 24}]}, {"location": {"country_code": "us", "region": "Maryland"}, "game_id": "128974", "values": [{"date": "2024-05-18-06-00-00", "latency": 0}]}, {"location": {"country_code": "pk"}, "game_id": "128974", "values": [{"date": "2024-05-18-15-00-00", "latency": 3}, {"date": "2024-05-18-15-00-00", "latency": 3}, {"date": "2024-05-19-01-00-00", "latency": 3}, {"date": "2024-05-19-01-00-00", "latency": 3}]}, {"location": {"country_code": "us", "region": "Texas", "city": "Irving"}, "game_id": "128974", "values": [{"date": "2024-05-18-17-00-00", "latency": 4}, {"date": "2024-05-18-11-00-00", "latency": 6}]}, {"location": {"country_code": "au", "region": "Victoria"}, "game_id": "128974", "values": [{"date": "2024-05-18-13-00-00", "latency": 9}]}, {"location": {"country_code": "us", "region": "Tennessee", "city": "Nashville"}, "game_id": "128974", "values": [{"date": "2024-05-18-07-00-00", "latency": 80}, {"date": "2024-05-18-07-00-00", "latency": 80}]}, {"location": {"country_code": "us", "region": "Connecticut"}, "game_id": "128974", "values": [{"date": "2024-05-18-07-00-00", "latency": 20}]}, {"location": {"country_code": "es", "region": "Madrid"}, "game_id": "128974", "values": [{"date": "2024-05-18-13-00-00", "latency": 4}, {"date": "2024-05-18-13-00-00", "latency": 4}, {"date": "2024-05-18-13-00-00", "latency": 4}]}, {"location": {"country_code": "rs", "region": "Central Serbia", "city": "Belgrade"}, "game_id": "128974", "values": [{"date": "2024-05-18-15-00-00", "latency": 6}]}, {"location": {"country_code": "bg"}, "game_id": "128974", "values": [{"date": "2024-05-18-17-00-00", "latency": 141}]}, {"location": {"country_code": "us", "region": "Oregon"}, "game_id": "128974", "values": [{"date": "2024-05-18-18-00-00", "latency": 9}, {"date": "2024-05-18-18-00-00", "latency": 9}, {"date": "2024-05-18-05-00-00", "latency": 84}, {"date": "2024-05-18-05-00-00", "latency": 84}, {"date": "2024-05-18-05-00-00", "latency": 84}]}, {"location": {"country_code": "jp", "region": "Okinawa"}, "game_id": "128974", "values": [{"date": "2024-05-18-05-00-00", "latency": 85}, {"date": "2024-05-18-05-00-00", "latency": 85}, {"date": "2024-05-18-05-00-00", "latency": 85}, {"date": "2024-05-18-05-00-00", "latency": 85}, {"date": "2024-05-18-05-00-00", "latency": 85}, {"date": "2024-05-18-05-00-00", "latency": 85}, {"date": "2024-05-18-05-00-00", "latency": 85}, {"date": "2024-05-18-05-00-00", "latency": 85}, {"date": "2024-05-18-05-00-00", "latency": 85}]}, {"location": {"country_code": "us", "region": "Ohio", "city": "Dayton"}, "game_id": "128974", "values": [{"date": "2024-05-18-07-00-00", "latency": 2}, {"date": "2024-05-18-07-00-00", "latency": 2}, {"date": "2024-05-18-07-00-00", "latency": 2}, {"date": "2024-05-18-07-00-00", "latency": 2}, {"date": "2024-05-18-07-00-00", "latency": 2}]}, {"location": {"country_code": "no", "region": "Oslo Fylke", "city": "Oslo"}, "game_id": "128974", "values": [{"date": "2024-05-19-01-00-00", "latency": 4}]}, {"location": {"country_code": "ar", "region": "Buenos Aires", "city": "La Plata"}, "game_id": "128974", "values": [{"date": "2024-05-19-00-00-00", "latency": 6}]}, {"location": {"country_code": "us", "region": "New York"}, "game_id": "128974", "values": [{"date": "2024-05-18-06-00-00", "latency": 4}]}, {"location": {"country_code": "fr", "region": "Normandy", "city": "Caen"}, "game_id": "128974", "values": [{"date": "2024-05-19-02-00-00", "latency": 4}, {"date": "2024-05-19-02-00-00", "latency": 4}]}, {"location": {"country_code": "us", "region": "California", "city": "West Covina"}, "game_id": "128974", "values": [{"date": "2024-05-18-08-00-00", "latency": 2}]}, {"location": {"country_code": "mx", "region": "Jalisco", "city": "Zapopan"}, "game_id": "128974", "values": [{"date": "2024-05-18-12-00-00", "latency": 12}, {"date": "2024-05-18-12-00-00", "latency": 12}, {"date": "2024-05-18-12-00-00", "latency": 12}]}, {"location": {"country_code": "sa", "region": "Mecca Region", "city": "Jeddah"}, "game_id": "128974", "values": [{"date": "2024-05-19-00-00-00", "latency": 5}]}, {"location": {"country_code": "gm", "region": "Western"}, "game_id": "128974", "values": [{"date": "2024-05-18-05-00-00", "latency": 2}, {"date": "2024-05-18-05-00-00", "latency": 2}, {"date": "2024-05-18-05-00-00", "latency": 2}, {"date": "2024-05-18-05-00-00", "latency": 2}, {"date": "2024-05-18-05-00-00", "latency": 2}, {"date": "2024-05-18-05-00-00", "latency": 2}, {"date": "2024-05-18-05-00-00", "latency": 2}, {"date": "2024-05-18-05-00-00", "latency": 2}, {"date": "2024-05-18-05-00-00", "latency": 2}]}, {"location": {"country_code": "fr", "region": "Nord-Passo di Calais-Piccardia", "city": "Roubaix"}, "game_id": "128974", "values": [{"date": "2024-05-18-04-00-00", "latency": 2}]}, {"location": {"country_code": "bh"}, "game_id": "128974", "values": [{"date": "2024-05-18-02-00-00", "latency": 24}]}, {"location": {"country_code": "br", "region": "Paraiba", "city": "Santa Rita"}, "game_id": "128974", "values": [{"date": "2024-05-18-08-00-00", "latency": 23}, {"date": "2024-05-18-08-00-00", "latency": 23}, {"date": "2024-05-18-08-00-00", "latency": 23}]}, {"location": {"country_code": "us", "region": "Kentucky", "city": "Louisville"}, "game_id": "128974", "values": [{"date": "2024-05-18-08-00-00", "latency": 4}]}, {"location": {"country_code": "ar", "region": "Misiones Province", "city": "Posadas"}, "game_id": "128974", "values": [{"date": "2024-05-18-22-00-00", "latency": 3}, {"date": "2024-05-18-22-00-00", "latency": 3}, {"date": "2024-05-18-22-00-00", "latency": 3}]}, {"location": {"country_code": "cn", "region": "Macao"}, "game_id": "128974", "values": [{"date": "2024-05-18-12-00-00", "latency": 4}]}, {"location": {"country_code": "us", "region": "Alaska", "city": "Anchorage"}, "game_id": "128974", "values": [{"date": "2024-05-18-14-00-00", "latency": 82}, {"date": "2024-05-18-14-00-00", "latency": 82}, {"date": "2024-05-18-14-00-00", "latency": 82}]}, {"location": {"country_code": "gb", "region": "England", "city": "Ipswich"}, "game_id": "128974", "values": [{"date": "2024-05-18-15-00-00", "latency": 3}, {"date": "2024-05-18-15-00-00", "latency": 3}]}, {"location": {"country_code": "sa", "region": "Mecca Region", "city": "Mecca"}, "game_id": "128974", "values": [{"date": "2024-05-18-22-00-00", "latency": 8}, {"date": "2024-05-18-22-00-00", "latency": 8}]}, {"location": {"country_code": "us", "region": "Missouri", "city": "Springfield"}, "game_id": "128974", "values": [{"date": "2024-05-18-04-00-00", "latency": 41}]}, {"location": {"country_code": "ca", "region": "Newfoundland and Labrador", "city": "St. John's"}, "game_id": "128974", "values": [{"date": "2024-05-19-00-00-00", "latency": 6}]}, {"location": {"country_code": "us", "region": "Nebraska", "city": "North Platte"}, "game_id": "128974", "values": [{"date": "2024-05-18-06-00-00", "latency": 9}]}, {"location": {"country_code": "gb", "region": "England", "city": "Blackburn"}, "game_id": "128974", "values": [{"date": "2024-05-18-14-00-00", "latency": 3}, {"date": "2024-05-18-14-00-00", "latency": 3}]}, {"location": {"country_code": "no", "region": "Rogaland", "city": "Skudeneshavn"}, "game_id": "128974", "values": [{"date": "2024-05-18-18-00-00", "latency": 4}]}, {"location": {"country_code": "ca", "region": "Ontario", "city": "Sault Ste. Marie"}, "game_id": "128974", "values": [{"date": "2024-05-18-05-00-00", "latency": 4}, {"date": "2024-05-18-05-00-00", "latency": 4}, {"date": "2024-05-18-05-00-00", "latency": 4}]}, {"location": {"country_code": "sa", "region": "Riyadh Region"}, "game_id": "128974", "values": [{"date": "2024-05-18-16-00-00", "latency": 9}]}, {"location": {"country_code": "us", "region": "Missouri", "city": "Hannibal"}, "game_id": "128974", "values": [{"date": "2024-05-18-06-00-00", "latency": 59}]}], "last_updated": 1719919173.541058}