{"data": [{"location": {"country_code": "jp"}, "game_id": "461764", "values": [{"date": "2023-09-24-10-00-00", "latency": 108}, {"date": "2023-09-24-10-00-00", "latency": 108}, {"date": "2023-09-24-10-00-00", "latency": 108}, {"date": "2023-09-24-10-00-00", "latency": 108}, {"date": "2023-09-24-10-00-00", "latency": 108}, {"date": "2023-09-24-10-00-00", "latency": 108}, {"date": "2023-09-24-10-00-00", "latency": 108}, {"date": "2023-09-24-10-00-00", "latency": 108}]}, {"location": {"country_code": "ca"}, "game_id": "461764", "values": [{"date": "2023-09-24-08-00-00", "latency": 57}]}, {"location": {"country_code": "ec"}, "game_id": "461764", "values": [{"date": "2023-09-24-03-00-00", "latency": 71}]}, {"location": {"country_code": "au"}, "game_id": "461764", "values": [{"date": "2023-09-24-14-00-00", "latency": 107}, {"date": "2023-09-24-14-00-00", "latency": 107}, {"date": "2023-09-24-14-00-00", "latency": 107}]}, {"location": {"country_code": "de", "region": "Saxony", "city": "Dresden"}, "game_id": "461764", "values": [{"date": "2023-09-24-22-00-00", "latency": 94}]}, {"location": {"country_code": "jp", "region": "Hiroshima"}, "game_id": "461764", "values": [{"date": "2023-09-24-09-00-00", "latency": 56}]}, {"location": {"country_code": "cz", "region": "Kralovehradecky kraj"}, "game_id": "461764", "values": [{"date": "2023-09-24-13-00-00", "latency": 61}]}], "last_updated": 1719927615.645721}