{"data": [{"location": {"country_code": "us"}, "game_id": "970338", "values": [{"date": "2023-11-03-01-00-00", "latency": 196}, {"date": "2023-11-03-21-00-00", "latency": 66}, {"date": "2023-11-03-21-00-00", "latency": 66}]}, {"location": {"country_code": "it"}, "game_id": "970338", "values": [{"date": "2023-11-03-20-00-00", "latency": 121}]}, {"location": {"country_code": "de"}, "game_id": "970338", "values": [{"date": "2023-11-03-23-00-00", "latency": 53}, {"date": "2023-11-03-23-00-00", "latency": 53}, {"date": "2023-11-03-23-00-00", "latency": 53}, {"date": "2023-11-03-23-00-00", "latency": 53}, {"date": "2023-11-03-03-00-00", "latency": 95}]}, {"location": {"country_code": "fr"}, "game_id": "970338", "values": [{"date": "2023-11-03-19-00-00", "latency": 47}, {"date": "2023-11-03-19-00-00", "latency": 47}, {"date": "2023-11-03-19-00-00", "latency": 47}, {"date": "2023-11-03-19-00-00", "latency": 47}, {"date": "2023-11-03-15-00-00", "latency": 80}]}, {"location": {"country_code": "us", "region": "New Jersey"}, "game_id": "970338", "values": [{"date": "2023-11-04-00-00-00", "latency": 97}, {"date": "2023-11-04-00-00-00", "latency": 97}]}, {"location": {"country_code": "us", "region": "Arizona", "city": "Phoenix"}, "game_id": "970338", "values": [{"date": "2023-11-03-22-00-00", "latency": 94}, {"date": "2023-11-03-22-00-00", "latency": 94}, {"date": "2023-11-03-22-00-00", "latency": 94}, {"date": "2023-11-03-22-00-00", "latency": 94}, {"date": "2023-11-03-22-00-00", "latency": 94}, {"date": "2023-11-03-22-00-00", "latency": 94}, {"date": "2023-11-03-22-00-00", "latency": 94}, {"date": "2023-11-03-22-00-00", "latency": 94}, {"date": "2023-11-03-22-00-00", "latency": 94}, {"date": "2023-11-03-22-00-00", "latency": 94}, {"date": "2023-11-03-22-00-00", "latency": 94}, {"date": "2023-11-03-22-00-00", "latency": 94}, {"date": "2023-11-03-22-00-00", "latency": 94}]}, {"location": {"country_code": "pl"}, "game_id": "970338", "values": [{"date": "2023-11-04-00-00-00", "latency": 72}, {"date": "2023-11-04-00-00-00", "latency": 72}, {"date": "2023-11-03-20-00-00", "latency": 85}, {"date": "2023-11-03-20-00-00", "latency": 85}, {"date": "2023-11-03-20-00-00", "latency": 85}, {"date": "2023-11-03-20-00-00", "latency": 85}, {"date": "2023-11-03-20-00-00", "latency": 85}]}, {"location": {"country_code": "us", "region": "Minnesota"}, "game_id": "970338", "values": [{"date": "2023-11-03-05-00-00", "latency": 100}, {"date": "2023-11-03-05-00-00", "latency": 100}, {"date": "2023-11-03-05-00-00", "latency": 100}, {"date": "2023-11-03-05-00-00", "latency": 100}]}, {"location": {"country_code": "fr", "region": "Alsazia-Champagne-Ardenne-Lorena"}, "game_id": "970338", "values": [{"date": "2023-11-03-15-00-00", "latency": 68}, {"date": "2023-11-03-15-00-00", "latency": 68}, {"date": "2023-11-03-15-00-00", "latency": 68}, {"date": "2023-11-03-15-00-00", "latency": 68}, {"date": "2023-11-03-15-00-00", "latency": 68}, {"date": "2023-11-03-15-00-00", "latency": 68}, {"date": "2023-11-03-15-00-00", "latency": 68}]}, {"location": {"country_code": "lt"}, "game_id": "970338", "values": [{"date": "2023-11-03-18-00-00", "latency": 68}, {"date": "2023-11-03-18-00-00", "latency": 68}]}, {"location": {"country_code": "il"}, "game_id": "970338", "values": [{"date": "2023-11-03-11-00-00", "latency": 100}, {"date": "2023-11-03-11-00-00", "latency": 100}, {"date": "2023-11-03-11-00-00", "latency": 100}, {"date": "2023-11-03-11-00-00", "latency": 100}, {"date": "2023-11-03-11-00-00", "latency": 100}, {"date": "2023-11-03-11-00-00", "latency": 100}, {"date": "2023-11-03-11-00-00", "latency": 100}, {"date": "2023-11-03-11-00-00", "latency": 100}, {"date": "2023-11-03-11-00-00", "latency": 100}, {"date": "2023-11-03-11-00-00", "latency": 100}, {"date": "2023-11-03-11-00-00", "latency": 100}, {"date": "2023-11-03-11-00-00", "latency": 100}, {"date": "2023-11-03-11-00-00", "latency": 100}, {"date": "2023-11-03-11-00-00", "latency": 100}, {"date": "2023-11-03-11-00-00", "latency": 100}, {"date": "2023-11-03-11-00-00", "latency": 100}, {"date": "2023-11-03-11-00-00", "latency": 100}, {"date": "2023-11-03-11-00-00", "latency": 100}, {"date": "2023-11-03-11-00-00", "latency": 100}, {"date": "2023-11-03-11-00-00", "latency": 100}, {"date": "2023-11-03-11-00-00", "latency": 100}]}], "last_updated": 1719927575.01598}