{"data": [{"location": {"country_code": "us"}, "game_id": "970338", "values": [{"date": "2023-11-29-02-00-00", "latency": 135}]}, {"location": {"country_code": "us", "region": "New York", "city": "Jamestown"}, "game_id": "970338", "values": [{"date": "2023-11-29-05-00-00", "latency": 67}, {"date": "2023-11-29-03-00-00", "latency": 97}, {"date": "2023-11-29-03-00-00", "latency": 97}]}, {"location": {"country_code": "de"}, "game_id": "970338", "values": [{"date": "2023-11-29-20-00-00", "latency": 59}, {"date": "2023-11-29-20-00-00", "latency": 59}, {"date": "2023-11-29-20-00-00", "latency": 59}]}, {"location": {"country_code": "cl"}, "game_id": "970338", "values": [{"date": "2023-11-29-06-00-00", "latency": 47}]}, {"location": {"country_code": "fr"}, "game_id": "970338", "values": [{"date": "2023-11-29-21-00-00", "latency": 78}, {"date": "2023-11-29-21-00-00", "latency": 78}, {"date": "2023-11-29-21-00-00", "latency": 78}, {"date": "2023-11-29-21-00-00", "latency": 78}, {"date": "2023-11-29-21-00-00", "latency": 78}]}, {"location": {"country_code": "pl"}, "game_id": "970338", "values": [{"date": "2023-11-29-22-00-00", "latency": 104}, {"date": "2023-11-29-22-00-00", "latency": 104}, {"date": "2023-11-29-22-00-00", "latency": 104}, {"date": "2023-11-29-22-00-00", "latency": 104}]}, {"location": {"country_code": "ie"}, "game_id": "970338", "values": [{"date": "2023-11-29-23-00-00", "latency": 97}]}, {"location": {"country_code": "de", "region": "Saxony-Anhalt"}, "game_id": "970338", "values": [{"date": "2023-11-30-01-00-00", "latency": 70}, {"date": "2023-11-30-01-00-00", "latency": 70}, {"date": "2023-11-30-01-00-00", "latency": 70}, {"date": "2023-11-30-01-00-00", "latency": 70}, {"date": "2023-11-30-01-00-00", "latency": 70}, {"date": "2023-11-30-01-00-00", "latency": 70}, {"date": "2023-11-30-01-00-00", "latency": 70}, {"date": "2023-11-30-01-00-00", "latency": 70}, {"date": "2023-11-30-01-00-00", "latency": 70}, {"date": "2023-11-30-01-00-00", "latency": 70}, {"date": "2023-11-30-01-00-00", "latency": 70}]}], "last_updated": 1719927575.056099}