{"data": [{"location": {"country_code": "br", "region": "Paraiba"}, "game_id": "116088", "values": [{"date": "2022-09-21-16-00-00", "alternatives": [104, 104, 10, 104, 104]}]}, {"location": {"country_code": "pe"}, "game_id": "116088", "values": [{"date": "2022-09-21-09-00-00", "alternatives": [4104, 10, 104, 104, 104]}]}, {"location": {"country_code": "id"}, "game_id": "116088", "values": [{"date": "2022-09-21-08-00-00", "alternatives": [2, 24, 24, 24]}]}, {"location": {"country_code": "br", "region": "State of Rio de Janeiro", "city": "Angra dos Reis"}, "game_id": "116088", "values": [{"date": "2022-09-21-05-00-00", "alternatives": [116, 116, 16, 116, 116]}]}], "last_updated": 1719918512.038136}