{"data": [{"location": {"country_code": "us", "region": "Hawaii"}, "game_id": "273486", "values": [{"date": "2024-06-27-11-00-00", "latency": 87}]}, {"location": {"country_code": "us", "region": "Texas", "city": "Atascocita"}, "game_id": "273486", "values": [{"date": "2024-06-27-09-00-00", "latency": 32}, {"date": "2024-06-27-09-00-00", "latency": 32}, {"date": "2024-06-27-09-00-00", "latency": 32}, {"date": "2024-06-27-09-00-00", "latency": 32}, {"date": "2024-06-27-09-00-00", "latency": 32}, {"date": "2024-06-27-09-00-00", "latency": 32}, {"date": "2024-06-27-09-00-00", "latency": 32}, {"date": "2024-06-27-09-00-00", "latency": 32}]}], "last_updated": 1719927588.333092}