{"data": [{"location": {"country_code": "us"}, "game_id": "273486", "values": [{"date": "2022-02-14-05-00-00", "alternatives": [33, 39, 38, 39, 39]}, {"date": "2022-02-14-05-00-00", "alternatives": [33, 39, 38, 39, 39]}, {"date": "2022-02-14-05-00-00", "alternatives": [33, 39, 38, 39, 39]}, {"date": "2022-02-14-05-00-00", "alternatives": [33, 39, 38, 39, 39]}, {"date": "2022-02-14-04-00-00", "alternatives": ["109", "109", "108"]}]}, {"location": {"country_code": "us", "region": "New York", "city": "Jamestown"}, "game_id": "273486", "values": [{"date": "2022-02-15-01-00-00", "alternatives": ["19", "6", "19"]}, {"date": "2022-02-15-01-00-00", "alternatives": ["19", "6", "19"]}, {"date": "2022-02-15-01-00-00", "alternatives": ["19", "6", "19"]}, {"date": "2022-02-15-01-00-00", "alternatives": ["19", "6", "19"]}, {"date": "2022-02-15-01-00-00", "alternatives": ["19", "6", "19"]}]}, {"location": {"country_code": "gb"}, "game_id": "273486", "values": [{"date": "2022-02-14-20-00-00", "alternatives": ["39", "39", "35"]}]}, {"location": {"country_code": "gb", "region": "England"}, "game_id": "273486", "values": [{"date": "2022-02-14-01-00-00", "alternatives": ["11", "21", "11"]}]}, {"location": {"country_code": "gb", "region": "Wales", "city": "Swansea"}, "game_id": "273486", "values": [{"date": "2022-02-15-00-00-00", "alternatives": ["27", "27", "127"]}, {"date": "2022-02-15-00-00-00", "alternatives": ["27", "27", "127"]}]}, {"location": {"country_code": "gr"}, "game_id": "273486", "values": [{"date": "2022-02-14-22-00-00", "alternatives": [66, 5, 0, 66, 66]}]}, {"location": {"country_code": "ca", "region": "British Columbia", "city": "Richmond"}, "game_id": "273486", "values": [{"date": "2022-02-14-21-00-00", "alternatives": ["86", "86", "80"]}, {"date": "2022-02-14-21-00-00", "alternatives": ["86", "86", "80"]}]}, {"location": {"country_code": "de"}, "game_id": "273486", "values": [{"date": "2022-02-14-17-00-00", "alternatives": ["31", "81", "31"]}, {"date": "2022-02-14-17-00-00", "alternatives": ["31", "81", "31"]}, {"date": "2022-02-14-17-00-00", "alternatives": ["31", "81", "31"]}, {"date": "2022-02-14-17-00-00", "alternatives": ["31", "81", "31"]}, {"date": "2022-02-15-00-00-00", "alternatives": ["27", "37", "27"]}, {"date": "2022-02-15-00-00-00", "alternatives": ["27", "37", "27"]}, {"date": "2022-02-15-00-00-00", "alternatives": ["27", "37", "27"]}, {"date": "2022-02-15-00-00-00", "alternatives": ["27", "37", "27"]}, {"date": "2022-02-15-00-00-00", "alternatives": ["27", "37", "27"]}]}, {"location": {"country_code": "us", "region": "South Carolina", "city": "Sumter"}, "game_id": "273486", "values": [{"date": "2022-02-14-22-00-00", "alternatives": ["35", "95", "35"]}]}, {"location": {"country_code": "us", "region": "Texas"}, "game_id": "273486", "values": [{"date": "2022-02-14-10-00-00", "alternatives": ["39", "68", "39"]}, {"date": "2022-02-14-10-00-00", "alternatives": ["39", "68", "39"]}, {"date": "2022-02-14-10-00-00", "alternatives": ["39", "68", "39"]}]}, {"location": {"country_code": "us", "region": "Florida"}, "game_id": "273486", "values": [{"date": "2022-02-15-01-00-00", "alternatives": ["19", "19", "18"]}, {"date": "2022-02-15-01-00-00", "alternatives": ["19", "19", "18"]}]}, {"location": {"country_code": "us", "region": "California"}, "game_id": "273486", "values": [{"date": "2022-02-14-11-00-00", "alternatives": ["22", "23", "23"]}, {"date": "2022-02-14-11-00-00", "alternatives": ["22", "23", "23"]}, {"date": "2022-02-14-11-00-00", "alternatives": ["22", "23", "23"]}, {"date": "2022-02-14-12-00-00", "alternatives": ["19", "19", "18"]}, {"date": "2022-02-14-12-00-00", "alternatives": ["19", "19", "18"]}]}, {"location": {"country_code": "no"}, "game_id": "273486", "values": [{"date": "2022-02-14-19-00-00", "alternatives": ["54", "54", "5411"]}]}, {"location": {"country_code": "us", "region": "California", "city": "East Los Angeles"}, "game_id": "273486", "values": [{"date": "2022-02-14-10-00-00", "alternatives": ["39", "39", "389"]}, {"date": "2022-02-14-10-00-00", "alternatives": ["50", "50", "2"]}, {"date": "2022-02-14-10-00-00", "alternatives": ["50", "50", "2"]}, {"date": "2022-02-14-10-00-00", "alternatives": ["50", "50", "2"]}, {"date": "2022-02-14-10-00-00", "alternatives": ["50", "50", "2"]}]}, {"location": {"country_code": "au"}, "game_id": "273486", "values": [{"date": "2022-02-14-15-00-00", "alternatives": ["27", "23", "23"]}]}, {"location": {"country_code": "us", "region": "Texas", "city": "Austin"}, "game_id": "273486", "values": [{"date": "2022-02-14-09-00-00", "alternatives": ["39", "6", "39"]}, {"date": "2022-02-14-09-00-00", "alternatives": ["39", "6", "39"]}]}, {"location": {"country_code": "sa"}, "game_id": "273486", "values": [{"date": "2022-02-14-22-00-00", "alternatives": ["35", "35", "30"]}, {"date": "2022-02-14-22-00-00", "alternatives": ["35", "35", "30"]}, {"date": "2022-02-14-22-00-00", "alternatives": ["35", "35", "30"]}, {"date": "2022-02-14-21-00-00", "alternatives": ["15", "15", "12"]}, {"date": "2022-02-14-21-00-00", "alternatives": ["15", "15", "12"]}, {"date": "2022-02-14-21-00-00", "alternatives": ["15", "15", "12"]}, {"date": "2022-02-14-21-00-00", "alternatives": ["15", "15", "12"]}]}, {"location": {"country_code": "us", "region": "Massachusetts"}, "game_id": "273486", "values": [{"date": "2022-02-14-22-00-00", "alternatives": ["3", "5", "5"]}, {"date": "2022-02-14-22-00-00", "alternatives": ["3", "5", "5"]}, {"date": "2022-02-14-22-00-00", "alternatives": ["3", "5", "5"]}, {"date": "2022-02-14-22-00-00", "alternatives": ["3", "5", "5"]}]}, {"location": {"country_code": "us", "region": "Virginia"}, "game_id": "273486", "values": [{"date": "2022-02-14-07-00-00", "alternatives": ["39", "59", "59"]}, {"date": "2022-02-14-07-00-00", "alternatives": ["39", "59", "59"]}, {"date": "2022-02-14-07-00-00", "alternatives": ["39", "59", "59"]}, {"date": "2022-02-14-07-00-00", "alternatives": ["39", "59", "59"]}]}, {"location": {"country_code": "us", "region": "Ohio", "city": "Cleveland"}, "game_id": "273486", "values": [{"date": "2022-02-14-16-00-00", "alternatives": [50, 5, 0, 50, 50]}, {"date": "2022-02-14-16-00-00", "alternatives": [50, 5, 0, 50, 50]}]}, {"location": {"country_code": "au", "region": "South Australia", "city": "Adelaide"}, "game_id": "273486", "values": [{"date": "2022-02-14-13-00-00", "alternatives": ["35", "35", "30"]}, {"date": "2022-02-14-13-00-00", "alternatives": ["35", "35", "30"]}]}, {"location": {"country_code": "at"}, "game_id": "273486", "values": [{"date": "2022-02-14-05-00-00", "alternatives": [50, 60, 50, 50]}, {"date": "2022-02-14-05-00-00", "alternatives": [50, 60, 50, 50]}, {"date": "2022-02-14-05-00-00", "alternatives": [50, 60, 50, 50]}, {"date": "2022-02-14-05-00-00", "alternatives": [50, 60, 50, 50]}, {"date": "2022-02-14-05-00-00", "alternatives": [50, 60, 50, 50]}, {"date": "2022-02-14-05-00-00", "alternatives": [50, 60, 50, 50]}]}, {"location": {"country_code": "gb", "region": "England", "city": "London"}, "game_id": "273486", "values": [{"date": "2022-02-14-17-00-00", "alternatives": ["5", "10", "10"]}, {"date": "2022-02-14-17-00-00", "alternatives": ["5", "10", "10"]}, {"date": "2022-02-14-17-00-00", "alternatives": ["5", "10", "10"]}, {"date": "2022-02-14-17-00-00", "alternatives": ["5", "10", "10"]}, {"date": "2022-02-14-17-00-00", "alternatives": ["5", "10", "10"]}, {"date": "2022-02-14-17-00-00", "alternatives": ["5", "10", "10"]}, {"date": "2022-02-14-17-00-00", "alternatives": ["5", "10", "10"]}, {"date": "2022-02-14-17-00-00", "alternatives": ["5", "10", "10"]}, {"date": "2022-02-14-17-00-00", "alternatives": ["5", "10", "10"]}, {"date": "2022-02-14-17-00-00", "alternatives": ["5", "10", "10"]}]}, {"location": {"country_code": "us", "region": "Illinois"}, "game_id": "273486", "values": [{"date": "2022-02-14-11-00-00", "alternatives": ["2", "27", "2"]}, {"date": "2022-02-14-11-00-00", "alternatives": ["2", "27", "2"]}, {"date": "2022-02-14-11-00-00", "alternatives": ["2", "27", "2"]}]}, {"location": {"country_code": "us", "region": "Pennsylvania"}, "game_id": "273486", "values": [{"date": "2022-02-14-08-00-00", "alternatives": ["94", "6", "94"]}]}, {"location": {"country_code": "us", "region": "Minnesota"}, "game_id": "273486", "values": [{"date": "2022-02-14-03-00-00", "alternatives": ["36", "36", "38"]}, {"date": "2022-02-14-03-00-00", "alternatives": ["36", "36", "38"]}, {"date": "2022-02-14-03-00-00", "alternatives": ["36", "36", "38"]}, {"date": "2022-02-14-03-00-00", "alternatives": ["36", "36", "38"]}, {"date": "2022-02-14-09-00-00", "alternatives": ["58", "58", "1"]}, {"date": "2022-02-14-09-00-00", "alternatives": ["58", "58", "1"]}, {"date": "2022-02-14-09-00-00", "alternatives": ["58", "58", "1"]}, {"date": "2022-02-14-09-00-00", "alternatives": ["58", "58", "1"]}, {"date": "2022-02-14-09-00-00", "alternatives": ["58", "58", "1"]}, {"date": "2022-02-14-09-00-00", "alternatives": ["58", "58", "1"]}]}, {"location": {"country_code": "fr", "region": "Ile-de-France Region"}, "game_id": "273486", "values": [{"date": "2022-02-14-23-00-00", "alternatives": [1, 15, 15, 15]}, {"date": "2022-02-14-23-00-00", "alternatives": [1, 15, 15, 15]}, {"date": "2022-02-14-23-00-00", "alternatives": [1, 15, 15, 15]}]}, {"location": {"country_code": "us", "region": "Massachusetts", "city": "Boston"}, "game_id": "273486", "values": [{"date": "2022-02-14-10-00-00", "alternatives": [70, 670, 70, 70]}, {"date": "2022-02-14-10-00-00", "alternatives": [70, 670, 70, 70]}, {"date": "2022-02-14-10-00-00", "alternatives": [70, 670, 70, 70]}, {"date": "2022-02-14-10-00-00", "alternatives": [70, 670, 70, 70]}, {"date": "2022-02-15-00-00-00", "alternatives": ["62", "62", "82"]}, {"date": "2022-02-15-00-00-00", "alternatives": ["62", "62", "82"]}, {"date": "2022-02-15-00-00-00", "alternatives": ["62", "62", "82"]}, {"date": "2022-02-15-00-00-00", "alternatives": ["62", "62", "82"]}, {"date": "2022-02-15-00-00-00", "alternatives": ["62", "62", "82"]}, {"date": "2022-02-15-00-00-00", "alternatives": ["62", "62", "82"]}, {"date": "2022-02-15-00-00-00", "alternatives": ["62", "62", "82"]}, {"date": "2022-02-15-00-00-00", "alternatives": ["62", "62", "82"]}, {"date": "2022-02-15-00-00-00", "alternatives": ["62", "62", "82"]}]}, {"location": {"country_code": "au", "region": "Queensland", "city": "Gold Coast"}, "game_id": "273486", "values": [{"date": "2022-02-14-23-00-00", "alternatives": ["192", "192", "182"]}, {"date": "2022-02-14-23-00-00", "alternatives": ["192", "192", "182"]}, {"date": "2022-02-14-23-00-00", "alternatives": ["192", "192", "182"]}]}, {"location": {"country_code": "kw"}, "game_id": "273486", "values": [{"date": "2022-02-14-21-00-00", "alternatives": ["35", "35", "39"]}, {"date": "2022-02-14-21-00-00", "alternatives": ["35", "35", "39"]}, {"date": "2022-02-14-07-00-00", "alternatives": ["15", "15", "35"]}, {"date": "2022-02-14-14-00-00", "alternatives": ["66", "66", "56"]}]}, {"location": {"country_code": "ca", "region": "Ontario", "city": "Ottawa"}, "game_id": "273486", "values": [{"date": "2022-02-14-04-00-00", "alternatives": ["31", "31", "51"]}, {"date": "2022-02-14-04-00-00", "alternatives": ["31", "31", "51"]}]}, {"location": {"country_code": "us", "region": "State of Wyoming"}, "game_id": "273486", "values": [{"date": "2022-02-14-01-00-00", "alternatives": ["88", "88", "86"]}]}, {"location": {"country_code": "us", "region": "Washington", "city": "Tacoma"}, "game_id": "273486", "values": [{"date": "2022-02-14-10-00-00", "alternatives": ["43", "43", "23"]}, {"date": "2022-02-14-10-00-00", "alternatives": ["43", "43", "23"]}, {"date": "2022-02-14-10-00-00", "alternatives": ["43", "43", "23"]}, {"date": "2022-02-14-10-00-00", "alternatives": ["43", "43", "23"]}]}, {"location": {"country_code": "us", "region": "Alabama", "city": "Birmingham"}, "game_id": "273486", "values": [{"date": "2022-02-14-06-00-00", "alternatives": ["19", "19", "13"]}, {"date": "2022-02-14-06-00-00", "alternatives": ["19", "19", "13"]}]}, {"location": {"country_code": "us", "region": "Oregon"}, "game_id": "273486", "values": [{"date": "2022-02-14-07-00-00", "alternatives": ["58", "58", "98"]}, {"date": "2022-02-14-07-00-00", "alternatives": ["58", "58", "98"]}]}, {"location": {"country_code": "us", "region": "Ohio", "city": "Youngstown"}, "game_id": "273486", "values": [{"date": "2022-02-14-06-00-00", "alternatives": ["58", "58", "28"]}, {"date": "2022-02-14-06-00-00", "alternatives": ["58", "58", "28"]}]}, {"location": {"country_code": "us", "region": "California", "city": "Oakland"}, "game_id": "273486", "values": [{"date": "2022-02-14-07-00-00", "alternatives": ["31", "32", "31"]}, {"date": "2022-02-14-07-00-00", "alternatives": ["31", "32", "31"]}, {"date": "2022-02-14-07-00-00", "alternatives": ["31", "32", "31"]}]}, {"location": {"country_code": "us", "region": "California", "city": "Long Beach"}, "game_id": "273486", "values": [{"date": "2022-02-14-09-00-00", "alternatives": ["23", "23", "22"]}, {"date": "2022-02-14-09-00-00", "alternatives": ["23", "23", "22"]}]}, {"location": {"country_code": "us", "region": "Arkansas"}, "game_id": "273486", "values": [{"date": "2022-02-14-10-00-00", "alternatives": ["8", "32", "32"]}, {"date": "2022-02-14-10-00-00", "alternatives": ["8", "32", "32"]}]}, {"location": {"country_code": "sa", "region": "Riyadh Region", "city": "Wadi Ad Dawasir"}, "game_id": "273486", "values": [{"date": "2022-02-14-16-00-00", "alternatives": ["25", "35", "25"]}, {"date": "2022-02-14-16-00-00", "alternatives": ["25", "35", "25"]}, {"date": "2022-02-14-11-00-00", "alternatives": ["19", "6", "19"]}, {"date": "2022-02-14-11-00-00", "alternatives": ["19", "6", "19"]}, {"date": "2022-02-14-11-00-00", "alternatives": ["19", "6", "19"]}, {"date": "2022-02-14-11-00-00", "alternatives": ["19", "6", "19"]}, {"date": "2022-02-14-11-00-00", "alternatives": ["19", "6", "19"]}, {"date": "2022-02-14-11-00-00", "alternatives": ["19", "6", "19"]}]}, {"location": {"country_code": "sa", "region": "Mecca Region", "city": "Jeddah"}, "game_id": "273486", "values": [{"date": "2022-02-14-09-00-00", "alternatives": [3, 23, 23, 23]}, {"date": "2022-02-14-09-00-00", "alternatives": [3, 23, 23, 23]}]}, {"location": {"country_code": "be", "region": "Antwerp Province", "city": "Mechelen"}, "game_id": "273486", "values": [{"date": "2022-02-14-02-00-00", "alternatives": ["35", "35", "30"]}, {"date": "2022-02-14-02-00-00", "alternatives": ["35", "35", "30"]}]}, {"location": {"country_code": "qa"}, "game_id": "273486", "values": [{"date": "2022-02-15-00-00-00", "alternatives": ["19", "18", "18"]}]}, {"location": {"country_code": "us", "region": "Louisiana", "city": "Lake Charles"}, "game_id": "273486", "values": [{"date": "2022-02-14-06-00-00", "alternatives": ["70", "70", "10"]}, {"date": "2022-02-14-06-00-00", "alternatives": ["70", "70", "10"]}]}, {"location": {"country_code": "us", "region": "Texas", "city": "Atascocita"}, "game_id": "273486", "values": [{"date": "2022-02-14-07-00-00", "alternatives": ["39", "39", "38"]}, {"date": "2022-02-14-07-00-00", "alternatives": ["39", "39", "38"]}]}, {"location": {"country_code": "us", "region": "New Hampshire", "city": "Lebanon"}, "game_id": "273486", "values": [{"date": "2022-02-14-07-00-00", "alternatives": ["54", "54", "34"]}, {"date": "2022-02-14-07-00-00", "alternatives": ["54", "54", "34"]}]}], "last_updated": 1719918487.880006}