{"data": [{"location": {"country_code": "us"}, "game_id": "319965", "values": [{"date": "2021-09-13-01-00-00", "latency": "50"}, {"date": "2021-09-12-07-00-00", "latency": "50"}, {"date": "2021-09-12-07-00-00", "latency": "50"}, {"date": "2021-09-12-07-00-00", "latency": "50"}, {"date": "2021-09-12-07-00-00", "latency": "50"}, {"date": "2021-09-12-07-00-00", "latency": "50"}, {"date": "2021-09-12-07-00-00", "latency": "50"}, {"date": "2021-09-12-07-00-00", "latency": "50"}, {"date": "2021-09-12-07-00-00", "latency": "50"}, {"date": "2021-09-12-07-00-00", "latency": "50"}, {"date": "2021-09-12-04-00-00", "latency": "56"}, {"date": "2021-09-12-04-00-00", "latency": "56"}, {"date": "2021-09-12-04-00-00", "latency": "56"}, {"date": "2021-09-12-04-00-00", "latency": "56"}, {"date": "2021-09-12-04-00-00", "latency": "56"}, {"date": "2021-09-12-04-00-00", "latency": "56"}, {"date": "2021-09-12-04-00-00", "latency": "56"}, {"date": "2021-09-12-04-00-00", "latency": "56"}, {"date": "2021-09-12-04-00-00", "latency": "56"}, {"date": "2021-09-12-04-00-00", "latency": "56"}, {"date": "2021-09-12-04-00-00", "latency": "56"}, {"date": "2021-09-12-04-00-00", "latency": "56"}, {"date": "2021-09-12-06-00-00", "latency": "56"}, {"date": "2021-09-12-06-00-00", "latency": "56"}, {"date": "2021-09-12-06-00-00", "latency": "56"}, {"date": "2021-09-12-06-00-00", "latency": "56"}, {"date": "2021-09-12-06-00-00", "latency": "56"}, {"date": "2021-09-12-06-00-00", "latency": "56"}, {"date": "2021-09-12-06-00-00", "latency": "56"}, {"date": "2021-09-12-06-00-00", "latency": "56"}, {"date": "2021-09-12-06-00-00", "latency": "56"}, {"date": "2021-09-12-06-00-00", "latency": "56"}, {"date": "2021-09-12-06-00-00", "latency": "56"}, {"date": "2021-09-12-06-00-00", "latency": "56"}, {"date": "2021-09-12-06-00-00", "latency": "56"}, {"date": "2021-09-12-06-00-00", "latency": "56"}, {"date": "2021-09-12-06-00-00", "latency": "56"}, {"date": "2021-09-12-06-00-00", "latency": "56"}, {"date": "2021-09-12-06-00-00", "latency": "56"}]}, {"location": {"country_code": "us", "region": "Texas"}, "game_id": "319965", "values": [{"date": "2021-09-12-23-00-00", "latency": "52"}, {"date": "2021-09-12-23-00-00", "latency": "52"}, {"date": "2021-09-12-10-00-00", "latency": "50"}, {"date": "2021-09-12-10-00-00", "latency": "50"}, {"date": "2021-09-12-10-00-00", "latency": "50"}, {"date": "2021-09-12-10-00-00", "latency": "50"}, {"date": "2021-09-12-10-00-00", "latency": "50"}, {"date": "2021-09-12-10-00-00", "latency": "50"}, {"date": "2021-09-12-10-00-00", "latency": "50"}, {"date": "2021-09-12-10-00-00", "latency": "50"}, {"date": "2021-09-12-10-00-00", "latency": "50"}, {"date": "2021-09-12-10-00-00", "latency": "50"}, {"date": "2021-09-12-10-00-00", "latency": "50"}, {"date": "2021-09-12-10-00-00", "latency": "50"}, {"date": "2021-09-12-10-00-00", "latency": "50"}, {"date": "2021-09-12-10-00-00", "latency": "50"}, {"date": "2021-09-12-10-00-00", "latency": "50"}, {"date": "2021-09-12-10-00-00", "latency": "50"}, {"date": "2021-09-12-10-00-00", "latency": "50"}, {"date": "2021-09-12-10-00-00", "latency": "50"}, {"date": "2021-09-12-10-00-00", "latency": "50"}, {"date": "2021-09-12-10-00-00", "latency": "50"}, {"date": "2021-09-12-10-00-00", "latency": "50"}, {"date": "2021-09-12-10-00-00", "latency": "50"}, {"date": "2021-09-12-10-00-00", "latency": "50"}, {"date": "2021-09-12-10-00-00", "latency": "50"}, {"date": "2021-09-12-10-00-00", "latency": "50"}, {"date": "2021-09-12-10-00-00", "latency": "50"}, {"date": "2021-09-12-10-00-00", "latency": "50"}, {"date": "2021-09-12-10-00-00", "latency": "50"}, {"date": "2021-09-12-10-00-00", "latency": "50"}, {"date": "2021-09-12-10-00-00", "latency": "50"}, {"date": "2021-09-12-10-00-00", "latency": "50"}, {"date": "2021-09-12-10-00-00", "latency": "50"}, {"date": "2021-09-12-10-00-00", "latency": "50"}, {"date": "2021-09-12-10-00-00", "latency": "50"}, {"date": "2021-09-12-10-00-00", "latency": "50"}, {"date": "2021-09-12-10-00-00", "latency": "50"}, {"date": "2021-09-12-10-00-00", "latency": "50"}, {"date": "2021-09-12-10-00-00", "latency": "50"}, {"date": "2021-09-12-10-00-00", "latency": "50"}, {"date": "2021-09-12-10-00-00", "latency": "50"}, {"date": "2021-09-12-10-00-00", "latency": "50"}, {"date": "2021-09-12-10-00-00", "latency": "50"}, {"date": "2021-09-12-10-00-00", "latency": "50"}, {"date": "2021-09-12-10-00-00", "latency": "50"}, {"date": "2021-09-12-10-00-00", "latency": "50"}, {"date": "2021-09-12-10-00-00", "latency": "50"}, {"date": "2021-09-12-10-00-00", "latency": "50"}, {"date": "2021-09-12-10-00-00", "latency": "50"}, {"date": "2021-09-12-10-00-00", "latency": "50"}, {"date": "2021-09-12-10-00-00", "latency": "50"}, {"date": "2021-09-12-10-00-00", "latency": "50"}, {"date": "2021-09-12-10-00-00", "latency": "50"}, {"date": "2021-09-12-10-00-00", "latency": "50"}, {"date": "2021-09-12-10-00-00", "latency": "50"}, {"date": "2021-09-12-10-00-00", "latency": "50"}, {"date": "2021-09-12-10-00-00", "latency": "50"}, {"date": "2021-09-12-10-00-00", "latency": "50"}, {"date": "2021-09-12-10-00-00", "latency": "50"}, {"date": "2021-09-12-10-00-00", "latency": "50"}, {"date": "2021-09-12-10-00-00", "latency": "50"}, {"date": "2021-09-12-10-00-00", "latency": "50"}, {"date": "2021-09-12-10-00-00", "latency": "50"}, {"date": "2021-09-12-10-00-00", "latency": "50"}, {"date": "2021-09-12-10-00-00", "latency": "50"}, {"date": "2021-09-12-10-00-00", "latency": "50"}, {"date": "2021-09-12-10-00-00", "latency": "50"}, {"date": "2021-09-12-10-00-00", "latency": "50"}, {"date": "2021-09-12-10-00-00", "latency": "50"}, {"date": "2021-09-12-10-00-00", "latency": "50"}, {"date": "2021-09-12-10-00-00", "latency": "50"}, {"date": "2021-09-12-10-00-00", "latency": "50"}, {"date": "2021-09-12-10-00-00", "latency": "50"}, {"date": "2021-09-12-10-00-00", "latency": "50"}, {"date": "2021-09-12-10-00-00", "latency": "50"}, {"date": "2021-09-12-10-00-00", "latency": "50"}, {"date": "2021-09-12-10-00-00", "latency": "63"}, {"date": "2021-09-12-10-00-00", "latency": "63"}, {"date": "2021-09-12-10-00-00", "latency": "63"}, {"date": "2021-09-12-10-00-00", "latency": "63"}]}, {"location": {"country_code": "de", "region": "Berlin", "city": "Berlin"}, "game_id": "319965", "values": [{"date": "2021-09-13-00-00-00", "latency": "50"}, {"date": "2021-09-13-00-00-00", "latency": "50"}, {"date": "2021-09-13-00-00-00", "latency": "50"}, {"date": "2021-09-12-18-00-00", "latency": "1"}, {"date": "2021-09-12-18-00-00", "latency": "1"}, {"date": "2021-09-12-18-00-00", "latency": "1"}, {"date": "2021-09-12-18-00-00", "latency": "1"}, {"date": "2021-09-12-18-00-00", "latency": "1"}, {"date": "2021-09-12-18-00-00", "latency": "1"}, {"date": "2021-09-12-18-00-00", "latency": "1"}, {"date": "2021-09-12-18-00-00", "latency": "1"}, {"date": "2021-09-12-18-00-00", "latency": "1"}, {"date": "2021-09-12-18-00-00", "latency": "1"}, {"date": "2021-09-12-18-00-00", "latency": "1"}, {"date": "2021-09-12-18-00-00", "latency": "1"}, {"date": "2021-09-12-18-00-00", "latency": "1"}, {"date": "2021-09-12-18-00-00", "latency": "1"}, {"date": "2021-09-12-18-00-00", "latency": "1"}, {"date": "2021-09-12-18-00-00", "latency": "1"}, {"date": "2021-09-12-18-00-00", "latency": "1"}, {"date": "2021-09-12-18-00-00", "latency": "1"}]}, {"location": {"country_code": "gb"}, "game_id": "319965", "values": [{"date": "2021-09-13-00-00-00", "latency": "50"}, {"date": "2021-09-13-00-00-00", "latency": "50"}, {"date": "2021-09-13-00-00-00", "latency": "50"}, {"date": "2021-09-13-00-00-00", "latency": "50"}, {"date": "2021-09-13-00-00-00", "latency": "50"}, {"date": "2021-09-13-00-00-00", "latency": "50"}, {"date": "2021-09-13-00-00-00", "latency": "50"}, {"date": "2021-09-13-00-00-00", "latency": "50"}, {"date": "2021-09-13-00-00-00", "latency": "50"}, {"date": "2021-09-13-00-00-00", "latency": "50"}]}, {"location": {"country_code": "gb", "region": "England"}, "game_id": "319965", "values": [{"date": "2021-09-12-03-00-00", "latency": "50"}, {"date": "2021-09-12-03-00-00", "latency": "50"}, {"date": "2021-09-12-03-00-00", "latency": "50"}, {"date": "2021-09-12-03-00-00", "latency": "50"}, {"date": "2021-09-12-03-00-00", "latency": "50"}, {"date": "2021-09-12-03-00-00", "latency": "50"}, {"date": "2021-09-12-03-00-00", "latency": "50"}, {"date": "2021-09-12-03-00-00", "latency": "50"}, {"date": "2021-09-12-03-00-00", "latency": "50"}, {"date": "2021-09-12-03-00-00", "latency": "50"}, {"date": "2021-09-12-03-00-00", "latency": "50"}, {"date": "2021-09-12-03-00-00", "latency": "50"}, {"date": "2021-09-12-03-00-00", "latency": "50"}, {"date": "2021-09-12-03-00-00", "latency": "50"}, {"date": "2021-09-12-03-00-00", "latency": "50"}, {"date": "2021-09-12-03-00-00", "latency": "50"}, {"date": "2021-09-12-03-00-00", "latency": "50"}, {"date": "2021-09-12-03-00-00", "latency": "50"}, {"date": "2021-09-12-03-00-00", "latency": "50"}, {"date": "2021-09-12-03-00-00", "latency": "50"}, {"date": "2021-09-12-03-00-00", "latency": "50"}, {"date": "2021-09-12-03-00-00", "latency": "50"}, {"date": "2021-09-12-03-00-00", "latency": "50"}, {"date": "2021-09-12-03-00-00", "latency": "50"}, {"date": "2021-09-12-03-00-00", "latency": "50"}, {"date": "2021-09-12-03-00-00", "latency": "50"}, {"date": "2021-09-12-02-00-00", "latency": "50"}, {"date": "2021-09-12-02-00-00", "latency": "50"}]}, {"location": {"country_code": "jp"}, "game_id": "319965", "values": [{"date": "2021-09-12-10-00-00", "latency": "74"}, {"date": "2021-09-12-10-00-00", "latency": "74"}, {"date": "2021-09-12-10-00-00", "latency": "74"}, {"date": "2021-09-12-10-00-00", "latency": "74"}, {"date": "2021-09-12-10-00-00", "latency": "74"}, {"date": "2021-09-12-10-00-00", "latency": "74"}, {"date": "2021-09-12-10-00-00", "latency": "74"}, {"date": "2021-09-12-10-00-00", "latency": "74"}, {"date": "2021-09-12-10-00-00", "latency": "74"}, {"date": "2021-09-12-10-00-00", "latency": "74"}, {"date": "2021-09-12-10-00-00", "latency": "74"}, {"date": "2021-09-12-10-00-00", "latency": "74"}, {"date": "2021-09-12-10-00-00", "latency": "74"}, {"date": "2021-09-12-10-00-00", "latency": "74"}, {"date": "2021-09-12-10-00-00", "latency": "74"}, {"date": "2021-09-12-10-00-00", "latency": "74"}, {"date": "2021-09-12-10-00-00", "latency": "74"}, {"date": "2021-09-12-10-00-00", "latency": "74"}, {"date": "2021-09-12-10-00-00", "latency": "74"}, {"date": "2021-09-12-10-00-00", "latency": "74"}, {"date": "2021-09-12-10-00-00", "latency": "74"}, {"date": "2021-09-12-10-00-00", "latency": "74"}, {"date": "2021-09-12-10-00-00", "latency": "74"}, {"date": "2021-09-12-19-00-00", "latency": "68"}, {"date": "2021-09-12-19-00-00", "latency": "68"}, {"date": "2021-09-12-19-00-00", "latency": "68"}, {"date": "2021-09-12-19-00-00", "latency": "68"}, {"date": "2021-09-12-19-00-00", "latency": "68"}, {"date": "2021-09-12-19-00-00", "latency": "68"}, {"date": "2021-09-12-19-00-00", "latency": "68"}, {"date": "2021-09-12-19-00-00", "latency": "68"}, {"date": "2021-09-12-19-00-00", "latency": "68"}, {"date": "2021-09-12-19-00-00", "latency": "68"}, {"date": "2021-09-12-19-00-00", "latency": "68"}, {"date": "2021-09-12-19-00-00", "latency": "68"}, {"date": "2021-09-12-19-00-00", "latency": "68"}, {"date": "2021-09-12-19-00-00", "latency": "68"}, {"date": "2021-09-12-19-00-00", "latency": "68"}, {"date": "2021-09-12-19-00-00", "latency": "68"}, {"date": "2021-09-12-19-00-00", "latency": "68"}, {"date": "2021-09-12-19-00-00", "latency": "68"}, {"date": "2021-09-12-19-00-00", "latency": "68"}, {"date": "2021-09-12-19-00-00", "latency": "68"}, {"date": "2021-09-12-19-00-00", "latency": "68"}, {"date": "2021-09-12-19-00-00", "latency": "68"}, {"date": "2021-09-12-19-00-00", "latency": "68"}, {"date": "2021-09-12-19-00-00", "latency": "68"}, {"date": "2021-09-12-19-00-00", "latency": "68"}, {"date": "2021-09-12-19-00-00", "latency": "68"}, {"date": "2021-09-12-19-00-00", "latency": "68"}, {"date": "2021-09-12-19-00-00", "latency": "68"}, {"date": "2021-09-12-19-00-00", "latency": "68"}, {"date": "2021-09-12-19-00-00", "latency": "68"}]}, {"location": {"country_code": "ca"}, "game_id": "319965", "values": [{"date": "2021-09-13-02-00-00", "latency": "89"}, {"date": "2021-09-13-02-00-00", "latency": "89"}, {"date": "2021-09-12-04-00-00", "latency": "50"}, {"date": "2021-09-12-04-00-00", "latency": "50"}, {"date": "2021-09-12-04-00-00", "latency": "50"}, {"date": "2021-09-12-04-00-00", "latency": "50"}, {"date": "2021-09-12-04-00-00", "latency": "50"}, {"date": "2021-09-12-04-00-00", "latency": "50"}, {"date": "2021-09-12-04-00-00", "latency": "50"}, {"date": "2021-09-12-04-00-00", "latency": "50"}, {"date": "2021-09-12-04-00-00", "latency": "50"}, {"date": "2021-09-12-04-00-00", "latency": "50"}]}, {"location": {"country_code": "de"}, "game_id": "319965", "values": [{"date": "2021-09-13-00-00-00", "latency": "50"}, {"date": "2021-09-13-00-00-00", "latency": "50"}, {"date": "2021-09-13-00-00-00", "latency": "50"}, {"date": "2021-09-13-00-00-00", "latency": "50"}, {"date": "2021-09-13-00-00-00", "latency": "50"}, {"date": "2021-09-13-00-00-00", "latency": "50"}, {"date": "2021-09-13-00-00-00", "latency": "50"}, {"date": "2021-09-13-00-00-00", "latency": "50"}, {"date": "2021-09-13-00-00-00", "latency": "50"}, {"date": "2021-09-13-00-00-00", "latency": "50"}, {"date": "2021-09-13-00-00-00", "latency": "50"}, {"date": "2021-09-13-00-00-00", "latency": "50"}, {"date": "2021-09-13-00-00-00", "latency": "50"}, {"date": "2021-09-13-00-00-00", "latency": "50"}, {"date": "2021-09-13-02-00-00", "latency": "51"}, {"date": "2021-09-13-02-00-00", "latency": "51"}, {"date": "2021-09-13-02-00-00", "latency": "51"}, {"date": "2021-09-13-02-00-00", "latency": "51"}]}, {"location": {"country_code": "gb", "region": "Scotland"}, "game_id": "319965", "values": [{"date": "2021-09-12-23-00-00", "latency": "50"}, {"date": "2021-09-12-23-00-00", "latency": "50"}, {"date": "2021-09-12-23-00-00", "latency": "50"}, {"date": "2021-09-12-23-00-00", "latency": "50"}]}, {"location": {"country_code": "fr"}, "game_id": "319965", "values": [{"date": "2021-09-12-23-00-00", "latency": "50"}, {"date": "2021-09-12-23-00-00", "latency": "50"}, {"date": "2021-09-12-23-00-00", "latency": "50"}, {"date": "2021-09-12-23-00-00", "latency": "50"}, {"date": "2021-09-12-23-00-00", "latency": "50"}, {"date": "2021-09-12-23-00-00", "latency": "50"}, {"date": "2021-09-12-23-00-00", "latency": "50"}, {"date": "2021-09-12-23-00-00", "latency": "50"}, {"date": "2021-09-13-00-00-00", "latency": "41"}, {"date": "2021-09-13-00-00-00", "latency": "41"}, {"date": "2021-09-13-00-00-00", "latency": "41"}, {"date": "2021-09-13-00-00-00", "latency": "41"}, {"date": "2021-09-12-18-00-00", "latency": "50"}, {"date": "2021-09-12-18-00-00", "latency": "50"}, {"date": "2021-09-12-18-00-00", "latency": "50"}, {"date": "2021-09-12-18-00-00", "latency": "50"}, {"date": "2021-09-12-18-00-00", "latency": "50"}, {"date": "2021-09-12-18-00-00", "latency": "50"}, {"date": "2021-09-12-18-00-00", "latency": "50"}, {"date": "2021-09-12-18-00-00", "latency": "50"}, {"date": "2021-09-12-18-00-00", "latency": "50"}, {"date": "2021-09-12-18-00-00", "latency": "50"}, {"date": "2021-09-12-18-00-00", "latency": "50"}, {"date": "2021-09-12-18-00-00", "latency": "50"}, {"date": "2021-09-12-18-00-00", "latency": "50"}, {"date": "2021-09-12-18-00-00", "latency": "50"}, {"date": "2021-09-12-18-00-00", "latency": "50"}, {"date": "2021-09-12-18-00-00", "latency": "50"}, {"date": "2021-09-12-18-00-00", "latency": "50"}, {"date": "2021-09-12-18-00-00", "latency": "50"}, {"date": "2021-09-12-18-00-00", "latency": "50"}, {"date": "2021-09-12-18-00-00", "latency": "50"}, {"date": "2021-09-12-18-00-00", "latency": "50"}, {"date": "2021-09-12-18-00-00", "latency": "50"}, {"date": "2021-09-12-23-00-00", "latency": "50"}, {"date": "2021-09-12-23-00-00", "latency": "50"}, {"date": "2021-09-12-23-00-00", "latency": "50"}, {"date": "2021-09-12-23-00-00", "latency": "50"}, {"date": "2021-09-12-23-00-00", "latency": "50"}, {"date": "2021-09-12-23-00-00", "latency": "50"}, {"date": "2021-09-12-23-00-00", "latency": "50"}, {"date": "2021-09-12-23-00-00", "latency": "50"}, {"date": "2021-09-12-23-00-00", "latency": "50"}, {"date": "2021-09-12-23-00-00", "latency": "50"}, {"date": "2021-09-12-23-00-00", "latency": "50"}, {"date": "2021-09-12-23-00-00", "latency": "50"}, {"date": "2021-09-12-22-00-00", "latency": "50"}, {"date": "2021-09-12-22-00-00", "latency": "50"}, {"date": "2021-09-12-22-00-00", "latency": "50"}, {"date": "2021-09-12-22-00-00", "latency": "50"}, {"date": "2021-09-12-22-00-00", "latency": "50"}, {"date": "2021-09-12-22-00-00", "latency": "50"}]}, {"location": {"country_code": "us", "region": "New Jersey"}, "game_id": "319965", "values": [{"date": "2021-09-13-00-00-00", "latency": "81"}, {"date": "2021-09-13-00-00-00", "latency": "81"}, {"date": "2021-09-13-00-00-00", "latency": "81"}, {"date": "2021-09-13-00-00-00", "latency": "81"}, {"date": "2021-09-13-00-00-00", "latency": "81"}, {"date": "2021-09-13-00-00-00", "latency": "81"}, {"date": "2021-09-13-00-00-00", "latency": "81"}, {"date": "2021-09-13-00-00-00", "latency": "81"}, {"date": "2021-09-13-00-00-00", "latency": "81"}]}, {"location": {"country_code": "mx"}, "game_id": "319965", "values": [{"date": "2021-09-12-03-00-00", "latency": "71"}, {"date": "2021-09-12-07-00-00", "latency": "50"}, {"date": "2021-09-12-07-00-00", "latency": "50"}, {"date": "2021-09-12-07-00-00", "latency": "50"}, {"date": "2021-09-12-07-00-00", "latency": "50"}, {"date": "2021-09-12-07-00-00", "latency": "50"}, {"date": "2021-09-12-07-00-00", "latency": "50"}, {"date": "2021-09-12-07-00-00", "latency": "50"}, {"date": "2021-09-12-07-00-00", "latency": "50"}, {"date": "2021-09-12-07-00-00", "latency": "50"}, {"date": "2021-09-12-07-00-00", "latency": "50"}, {"date": "2021-09-12-07-00-00", "latency": "50"}, {"date": "2021-09-12-07-00-00", "latency": "50"}, {"date": "2021-09-12-06-00-00", "latency": "53"}, {"date": "2021-09-12-06-00-00", "latency": "53"}, {"date": "2021-09-12-06-00-00", "latency": "53"}, {"date": "2021-09-12-06-00-00", "latency": "53"}, {"date": "2021-09-12-06-00-00", "latency": "53"}, {"date": "2021-09-12-06-00-00", "latency": "53"}, {"date": "2021-09-12-06-00-00", "latency": "53"}, {"date": "2021-09-12-06-00-00", "latency": "53"}, {"date": "2021-09-12-06-00-00", "latency": "53"}, {"date": "2021-09-12-06-00-00", "latency": "53"}, {"date": "2021-09-12-06-00-00", "latency": "53"}, {"date": "2021-09-12-06-00-00", "latency": "53"}, {"date": "2021-09-12-06-00-00", "latency": "53"}, {"date": "2021-09-12-06-00-00", "latency": "53"}, {"date": "2021-09-12-06-00-00", "latency": "53"}, {"date": "2021-09-12-06-00-00", "latency": "53"}, {"date": "2021-09-12-06-00-00", "latency": "53"}, {"date": "2021-09-12-06-00-00", "latency": "53"}, {"date": "2021-09-12-06-00-00", "latency": "53"}, {"date": "2021-09-12-07-00-00", "latency": "95"}, {"date": "2021-09-12-07-00-00", "latency": "95"}, {"date": "2021-09-12-07-00-00", "latency": "95"}, {"date": "2021-09-12-07-00-00", "latency": "95"}, {"date": "2021-09-12-07-00-00", "latency": "95"}, {"date": "2021-09-12-07-00-00", "latency": "95"}, {"date": "2021-09-12-07-00-00", "latency": "95"}, {"date": "2021-09-12-07-00-00", "latency": "95"}, {"date": "2021-09-12-07-00-00", "latency": "95"}, {"date": "2021-09-12-07-00-00", "latency": "95"}, {"date": "2021-09-12-07-00-00", "latency": "95"}, {"date": "2021-09-12-07-00-00", "latency": "95"}, {"date": "2021-09-12-07-00-00", "latency": "95"}, {"date": "2021-09-12-07-00-00", "latency": "95"}, {"date": "2021-09-12-07-00-00", "latency": "95"}, {"date": "2021-09-12-07-00-00", "latency": "95"}, {"date": "2021-09-12-07-00-00", "latency": "95"}, {"date": "2021-09-12-07-00-00", "latency": "95"}]}, {"location": {"country_code": "us", "region": "Ohio"}, "game_id": "319965", "values": [{"date": "2021-09-12-05-00-00", "latency": "50"}, {"date": "2021-09-12-05-00-00", "latency": "50"}, {"date": "2021-09-12-05-00-00", "latency": "50"}, {"date": "2021-09-12-05-00-00", "latency": "50"}, {"date": "2021-09-12-05-00-00", "latency": "50"}, {"date": "2021-09-12-05-00-00", "latency": "50"}, {"date": "2021-09-12-05-00-00", "latency": "50"}, {"date": "2021-09-12-05-00-00", "latency": "50"}]}, {"location": {"country_code": "mx", "region": "Mexico City"}, "game_id": "319965", "values": [{"date": "2021-09-13-00-00-00", "latency": "68"}, {"date": "2021-09-13-00-00-00", "latency": "68"}, {"date": "2021-09-12-09-00-00", "latency": "132"}, {"date": "2021-09-12-09-00-00", "latency": "132"}]}, {"location": {"country_code": "us", "region": "California"}, "game_id": "319965", "values": [{"date": "2021-09-12-08-00-00", "latency": "50"}, {"date": "2021-09-12-08-00-00", "latency": "50"}, {"date": "2021-09-12-08-00-00", "latency": "50"}, {"date": "2021-09-12-08-00-00", "latency": "50"}, {"date": "2021-09-12-08-00-00", "latency": "50"}, {"date": "2021-09-12-08-00-00", "latency": "50"}, {"date": "2021-09-12-08-00-00", "latency": "50"}, {"date": "2021-09-12-08-00-00", "latency": "50"}, {"date": "2021-09-12-08-00-00", "latency": "50"}, {"date": "2021-09-12-08-00-00", "latency": "50"}, {"date": "2021-09-12-08-00-00", "latency": "50"}, {"date": "2021-09-12-08-00-00", "latency": "50"}, {"date": "2021-09-12-08-00-00", "latency": "50"}, {"date": "2021-09-12-08-00-00", "latency": "50"}, {"date": "2021-09-12-08-00-00", "latency": "50"}, {"date": "2021-09-12-08-00-00", "latency": "50"}]}, {"location": {"country_code": "us", "region": "California", "city": "San Francisco"}, "game_id": "319965", "values": [{"date": "2021-09-12-07-00-00", "latency": "214"}, {"date": "2021-09-12-07-00-00", "latency": "214"}, {"date": "2021-09-12-07-00-00", "latency": "214"}, {"date": "2021-09-12-07-00-00", "latency": "214"}, {"date": "2021-09-12-07-00-00", "latency": "214"}, {"date": "2021-09-12-07-00-00", "latency": "214"}, {"date": "2021-09-12-07-00-00", "latency": "214"}, {"date": "2021-09-12-07-00-00", "latency": "214"}, {"date": "2021-09-12-07-00-00", "latency": "214"}, {"date": "2021-09-12-07-00-00", "latency": "214"}, {"date": "2021-09-12-07-00-00", "latency": "214"}]}, {"location": {"country_code": "br"}, "game_id": "319965", "values": [{"date": "2021-09-12-10-00-00", "latency": "211"}, {"date": "2021-09-12-10-00-00", "latency": "211"}, {"date": "2021-09-12-10-00-00", "latency": "211"}, {"date": "2021-09-12-10-00-00", "latency": "211"}, {"date": "2021-09-12-10-00-00", "latency": "211"}, {"date": "2021-09-12-10-00-00", "latency": "211"}, {"date": "2021-09-12-10-00-00", "latency": "211"}, {"date": "2021-09-12-10-00-00", "latency": "211"}, {"date": "2021-09-12-10-00-00", "latency": "211"}, {"date": "2021-09-12-10-00-00", "latency": "211"}, {"date": "2021-09-12-10-00-00", "latency": "211"}, {"date": "2021-09-12-10-00-00", "latency": "211"}, {"date": "2021-09-12-10-00-00", "latency": "211"}, {"date": "2021-09-12-10-00-00", "latency": "211"}, {"date": "2021-09-12-10-00-00", "latency": "211"}, {"date": "2021-09-12-10-00-00", "latency": "211"}, {"date": "2021-09-12-10-00-00", "latency": "211"}, {"date": "2021-09-12-10-00-00", "latency": "211"}, {"date": "2021-09-12-10-00-00", "latency": "211"}, {"date": "2021-09-12-10-00-00", "latency": "211"}, {"date": "2021-09-12-10-00-00", "latency": "211"}, {"date": "2021-09-12-10-00-00", "latency": "211"}, {"date": "2021-09-12-10-00-00", "latency": "211"}, {"date": "2021-09-12-10-00-00", "latency": "211"}, {"date": "2021-09-12-10-00-00", "latency": "211"}, {"date": "2021-09-12-10-00-00", "latency": "211"}, {"date": "2021-09-12-10-00-00", "latency": "211"}, {"date": "2021-09-12-10-00-00", "latency": "211"}, {"date": "2021-09-12-10-00-00", "latency": "211"}, {"date": "2021-09-12-10-00-00", "latency": "211"}, {"date": "2021-09-12-10-00-00", "latency": "211"}, {"date": "2021-09-12-10-00-00", "latency": "211"}, {"date": "2021-09-13-01-00-00", "latency": "137"}, {"date": "2021-09-13-01-00-00", "latency": "137"}, {"date": "2021-09-13-01-00-00", "latency": "137"}, {"date": "2021-09-13-01-00-00", "latency": "137"}, {"date": "2021-09-13-01-00-00", "latency": "137"}, {"date": "2021-09-13-01-00-00", "latency": "137"}, {"date": "2021-09-13-01-00-00", "latency": "137"}, {"date": "2021-09-13-01-00-00", "latency": "137"}, {"date": "2021-09-13-01-00-00", "latency": "137"}, {"date": "2021-09-13-01-00-00", "latency": "137"}, {"date": "2021-09-13-01-00-00", "latency": "137"}, {"date": "2021-09-12-04-00-00", "latency": "205"}, {"date": "2021-09-12-04-00-00", "latency": "205"}, {"date": "2021-09-12-04-00-00", "latency": "205"}, {"date": "2021-09-12-04-00-00", "latency": "205"}, {"date": "2021-09-12-04-00-00", "latency": "205"}, {"date": "2021-09-12-04-00-00", "latency": "205"}, {"date": "2021-09-12-04-00-00", "latency": "205"}, {"date": "2021-09-12-04-00-00", "latency": "205"}, {"date": "2021-09-12-04-00-00", "latency": "205"}, {"date": "2021-09-12-04-00-00", "latency": "205"}, {"date": "2021-09-12-03-00-00", "latency": "149"}, {"date": "2021-09-12-03-00-00", "latency": "149"}, {"date": "2021-09-12-03-00-00", "latency": "149"}, {"date": "2021-09-12-03-00-00", "latency": "149"}, {"date": "2021-09-12-03-00-00", "latency": "149"}]}, {"location": {"country_code": "no", "region": "Akershus"}, "game_id": "319965", "values": [{"date": "2021-09-13-02-00-00", "latency": "50"}, {"date": "2021-09-13-02-00-00", "latency": "50"}, {"date": "2021-09-13-02-00-00", "latency": "50"}, {"date": "2021-09-13-02-00-00", "latency": "50"}, {"date": "2021-09-13-02-00-00", "latency": "50"}, {"date": "2021-09-13-02-00-00", "latency": "50"}, {"date": "2021-09-13-02-00-00", "latency": "50"}, {"date": "2021-09-13-02-00-00", "latency": "50"}, {"date": "2021-09-13-02-00-00", "latency": "50"}, {"date": "2021-09-13-02-00-00", "latency": "50"}]}, {"location": {"country_code": "us", "region": "California", "city": "East Los Angeles"}, "game_id": "319965", "values": [{"date": "2021-09-12-03-00-00", "latency": "50"}, {"date": "2021-09-12-03-00-00", "latency": "50"}, {"date": "2021-09-12-03-00-00", "latency": "50"}, {"date": "2021-09-12-03-00-00", "latency": "50"}, {"date": "2021-09-12-03-00-00", "latency": "50"}, {"date": "2021-09-12-03-00-00", "latency": "50"}, {"date": "2021-09-12-03-00-00", "latency": "50"}, {"date": "2021-09-12-09-00-00", "latency": "68"}, {"date": "2021-09-12-09-00-00", "latency": "68"}, {"date": "2021-09-12-09-00-00", "latency": "68"}, {"date": "2021-09-12-09-00-00", "latency": "68"}, {"date": "2021-09-12-09-00-00", "latency": "68"}, {"date": "2021-09-12-09-00-00", "latency": "68"}, {"date": "2021-09-12-09-00-00", "latency": "68"}, {"date": "2021-09-12-09-00-00", "latency": "68"}, {"date": "2021-09-12-09-00-00", "latency": "68"}, {"date": "2021-09-12-09-00-00", "latency": "68"}, {"date": "2021-09-12-09-00-00", "latency": "68"}, {"date": "2021-09-12-09-00-00", "latency": "68"}, {"date": "2021-09-12-09-00-00", "latency": "68"}, {"date": "2021-09-12-09-00-00", "latency": "68"}, {"date": "2021-09-12-09-00-00", "latency": "68"}, {"date": "2021-09-12-09-00-00", "latency": "68"}, {"date": "2021-09-12-09-00-00", "latency": "68"}, {"date": "2021-09-12-09-00-00", "latency": "68"}, {"date": "2021-09-12-09-00-00", "latency": "68"}, {"date": "2021-09-12-09-00-00", "latency": "68"}, {"date": "2021-09-12-09-00-00", "latency": "68"}, {"date": "2021-09-12-09-00-00", "latency": "68"}, {"date": "2021-09-12-13-00-00", "latency": "50"}, {"date": "2021-09-12-13-00-00", "latency": "50"}, {"date": "2021-09-12-13-00-00", "latency": "50"}, {"date": "2021-09-12-13-00-00", "latency": "50"}, {"date": "2021-09-12-13-00-00", "latency": "50"}, {"date": "2021-09-12-13-00-00", "latency": "50"}, {"date": "2021-09-12-13-00-00", "latency": "50"}, {"date": "2021-09-12-13-00-00", "latency": "50"}, {"date": "2021-09-12-13-00-00", "latency": "50"}, {"date": "2021-09-12-13-00-00", "latency": "50"}, {"date": "2021-09-12-13-00-00", "latency": "50"}, {"date": "2021-09-12-13-00-00", "latency": "50"}, {"date": "2021-09-12-13-00-00", "latency": "50"}, {"date": "2021-09-12-13-00-00", "latency": "50"}, {"date": "2021-09-12-13-00-00", "latency": "50"}, {"date": "2021-09-12-13-00-00", "latency": "50"}, {"date": "2021-09-12-13-00-00", "latency": "50"}, {"date": "2021-09-12-13-00-00", "latency": "50"}, {"date": "2021-09-12-13-00-00", "latency": "50"}, {"date": "2021-09-12-13-00-00", "latency": "50"}, {"date": "2021-09-12-13-00-00", "latency": "50"}, {"date": "2021-09-12-13-00-00", "latency": "50"}, {"date": "2021-09-12-13-00-00", "latency": "50"}, {"date": "2021-09-12-13-00-00", "latency": "50"}, {"date": "2021-09-12-13-00-00", "latency": "50"}, {"date": "2021-09-12-13-00-00", "latency": "50"}, {"date": "2021-09-12-13-00-00", "latency": "50"}, {"date": "2021-09-12-13-00-00", "latency": "50"}, {"date": "2021-09-12-13-00-00", "latency": "50"}, {"date": "2021-09-12-13-00-00", "latency": "50"}, {"date": "2021-09-12-13-00-00", "latency": "50"}, {"date": "2021-09-12-13-00-00", "latency": "50"}, {"date": "2021-09-12-13-00-00", "latency": "50"}, {"date": "2021-09-12-13-00-00", "latency": "50"}, {"date": "2021-09-12-13-00-00", "latency": "50"}, {"date": "2021-09-12-13-00-00", "latency": "50"}, {"date": "2021-09-12-13-00-00", "latency": "50"}, {"date": "2021-09-12-13-00-00", "latency": "50"}, {"date": "2021-09-12-13-00-00", "latency": "50"}, {"date": "2021-09-12-13-00-00", "latency": "50"}, {"date": "2021-09-12-13-00-00", "latency": "50"}, {"date": "2021-09-12-13-00-00", "latency": "50"}, {"date": "2021-09-12-13-00-00", "latency": "50"}, {"date": "2021-09-12-13-00-00", "latency": "50"}, {"date": "2021-09-12-13-00-00", "latency": "50"}, {"date": "2021-09-12-13-00-00", "latency": "50"}, {"date": "2021-09-12-13-00-00", "latency": "50"}, {"date": "2021-09-12-13-00-00", "latency": "50"}, {"date": "2021-09-12-13-00-00", "latency": "50"}, {"date": "2021-09-12-13-00-00", "latency": "50"}, {"date": "2021-09-12-13-00-00", "latency": "50"}, {"date": "2021-09-12-13-00-00", "latency": "50"}, {"date": "2021-09-12-13-00-00", "latency": "50"}, {"date": "2021-09-12-13-00-00", "latency": "50"}, {"date": "2021-09-12-13-00-00", "latency": "50"}, {"date": "2021-09-12-13-00-00", "latency": "50"}, {"date": "2021-09-12-13-00-00", "latency": "50"}, {"date": "2021-09-12-13-00-00", "latency": "50"}, {"date": "2021-09-12-13-00-00", "latency": "50"}, {"date": "2021-09-12-13-00-00", "latency": "50"}, {"date": "2021-09-12-13-00-00", "latency": "50"}, {"date": "2021-09-12-13-00-00", "latency": "50"}, {"date": "2021-09-12-07-00-00", "latency": "61"}, {"date": "2021-09-12-07-00-00", "latency": "61"}, {"date": "2021-09-12-07-00-00", "latency": "61"}, {"date": "2021-09-12-07-00-00", "latency": "61"}, {"date": "2021-09-12-07-00-00", "latency": "61"}, {"date": "2021-09-12-07-00-00", "latency": "61"}, {"date": "2021-09-12-07-00-00", "latency": "61"}, {"date": "2021-09-12-07-00-00", "latency": "61"}, {"date": "2021-09-12-07-00-00", "latency": "61"}, {"date": "2021-09-12-07-00-00", "latency": "61"}, {"date": "2021-09-12-02-00-00", "latency": "0"}, {"date": "2021-09-12-10-00-00", "latency": "50"}, {"date": "2021-09-12-10-00-00", "latency": "50"}, {"date": "2021-09-12-10-00-00", "latency": "50"}, {"date": "2021-09-12-10-00-00", "latency": "50"}, {"date": "2021-09-12-10-00-00", "latency": "50"}, {"date": "2021-09-12-10-00-00", "latency": "50"}]}, {"location": {"country_code": "us", "region": "Maryland", "city": "Dundalk"}, "game_id": "319965", "values": [{"date": "2021-09-12-19-00-00", "latency": "75"}, {"date": "2021-09-12-19-00-00", "latency": "75"}, {"date": "2021-09-12-19-00-00", "latency": "75"}, {"date": "2021-09-12-19-00-00", "latency": "75"}, {"date": "2021-09-12-19-00-00", "latency": "75"}, {"date": "2021-09-12-19-00-00", "latency": "75"}, {"date": "2021-09-12-19-00-00", "latency": "75"}, {"date": "2021-09-12-19-00-00", "latency": "75"}, {"date": "2021-09-12-19-00-00", "latency": "75"}, {"date": "2021-09-12-19-00-00", "latency": "75"}, {"date": "2021-09-12-19-00-00", "latency": "75"}, {"date": "2021-09-12-19-00-00", "latency": "75"}, {"date": "2021-09-12-19-00-00", "latency": "75"}, {"date": "2021-09-12-19-00-00", "latency": "75"}, {"date": "2021-09-12-19-00-00", "latency": "75"}, {"date": "2021-09-12-19-00-00", "latency": "75"}, {"date": "2021-09-12-19-00-00", "latency": "75"}, {"date": "2021-09-12-19-00-00", "latency": "75"}, {"date": "2021-09-12-19-00-00", "latency": "75"}, {"date": "2021-09-12-19-00-00", "latency": "75"}, {"date": "2021-09-12-19-00-00", "latency": "75"}, {"date": "2021-09-12-19-00-00", "latency": "75"}, {"date": "2021-09-12-19-00-00", "latency": "75"}, {"date": "2021-09-12-19-00-00", "latency": "75"}, {"date": "2021-09-12-19-00-00", "latency": "75"}, {"date": "2021-09-12-19-00-00", "latency": "75"}, {"date": "2021-09-12-19-00-00", "latency": "75"}, {"date": "2021-09-12-19-00-00", "latency": "75"}, {"date": "2021-09-12-19-00-00", "latency": "75"}]}, {"location": {"country_code": "au"}, "game_id": "319965", "values": [{"date": "2021-09-12-05-00-00", "latency": "195"}, {"date": "2021-09-12-05-00-00", "latency": "195"}, {"date": "2021-09-12-05-00-00", "latency": "195"}, {"date": "2021-09-12-05-00-00", "latency": "195"}, {"date": "2021-09-12-05-00-00", "latency": "195"}, {"date": "2021-09-12-05-00-00", "latency": "195"}, {"date": "2021-09-12-05-00-00", "latency": "195"}, {"date": "2021-09-12-05-00-00", "latency": "195"}, {"date": "2021-09-12-05-00-00", "latency": "195"}, {"date": "2021-09-12-05-00-00", "latency": "195"}, {"date": "2021-09-12-05-00-00", "latency": "195"}, {"date": "2021-09-12-05-00-00", "latency": "195"}, {"date": "2021-09-12-05-00-00", "latency": "195"}, {"date": "2021-09-12-05-00-00", "latency": "195"}, {"date": "2021-09-12-05-00-00", "latency": "195"}, {"date": "2021-09-12-05-00-00", "latency": "195"}, {"date": "2021-09-12-05-00-00", "latency": "195"}, {"date": "2021-09-12-05-00-00", "latency": "195"}, {"date": "2021-09-12-05-00-00", "latency": "195"}, {"date": "2021-09-12-05-00-00", "latency": "195"}, {"date": "2021-09-12-05-00-00", "latency": "195"}, {"date": "2021-09-12-21-00-00", "latency": "268"}, {"date": "2021-09-12-21-00-00", "latency": "268"}, {"date": "2021-09-12-21-00-00", "latency": "268"}, {"date": "2021-09-12-21-00-00", "latency": "268"}, {"date": "2021-09-12-21-00-00", "latency": "268"}, {"date": "2021-09-12-21-00-00", "latency": "268"}, {"date": "2021-09-12-21-00-00", "latency": "268"}, {"date": "2021-09-12-21-00-00", "latency": "268"}, {"date": "2021-09-12-21-00-00", "latency": "268"}, {"date": "2021-09-12-21-00-00", "latency": "268"}, {"date": "2021-09-12-21-00-00", "latency": "268"}, {"date": "2021-09-12-21-00-00", "latency": "268"}, {"date": "2021-09-12-21-00-00", "latency": "268"}, {"date": "2021-09-12-21-00-00", "latency": "268"}, {"date": "2021-09-12-21-00-00", "latency": "268"}, {"date": "2021-09-12-21-00-00", "latency": "268"}, {"date": "2021-09-12-21-00-00", "latency": "268"}, {"date": "2021-09-12-21-00-00", "latency": "268"}, {"date": "2021-09-12-21-00-00", "latency": "268"}, {"date": "2021-09-12-21-00-00", "latency": "268"}, {"date": "2021-09-12-21-00-00", "latency": "268"}, {"date": "2021-09-12-21-00-00", "latency": "268"}, {"date": "2021-09-12-21-00-00", "latency": "268"}]}, {"location": {"country_code": "au", "region": "Victoria", "city": "Melbourne"}, "game_id": "319965", "values": [{"date": "2021-09-12-18-00-00", "latency": "241"}, {"date": "2021-09-12-18-00-00", "latency": "241"}, {"date": "2021-09-12-18-00-00", "latency": "241"}, {"date": "2021-09-12-18-00-00", "latency": "241"}, {"date": "2021-09-12-18-00-00", "latency": "241"}, {"date": "2021-09-12-18-00-00", "latency": "241"}, {"date": "2021-09-12-18-00-00", "latency": "241"}, {"date": "2021-09-12-18-00-00", "latency": "241"}, {"date": "2021-09-12-18-00-00", "latency": "241"}, {"date": "2021-09-12-18-00-00", "latency": "241"}, {"date": "2021-09-12-18-00-00", "latency": "241"}, {"date": "2021-09-12-18-00-00", "latency": "241"}, {"date": "2021-09-12-18-00-00", "latency": "241"}, {"date": "2021-09-12-18-00-00", "latency": "241"}, {"date": "2021-09-12-18-00-00", "latency": "241"}, {"date": "2021-09-12-18-00-00", "latency": "241"}, {"date": "2021-09-12-15-00-00", "latency": "169"}, {"date": "2021-09-12-15-00-00", "latency": "169"}, {"date": "2021-09-12-15-00-00", "latency": "169"}, {"date": "2021-09-12-15-00-00", "latency": "169"}, {"date": "2021-09-12-15-00-00", "latency": "169"}, {"date": "2021-09-12-15-00-00", "latency": "169"}, {"date": "2021-09-12-15-00-00", "latency": "169"}, {"date": "2021-09-12-15-00-00", "latency": "169"}, {"date": "2021-09-12-15-00-00", "latency": "169"}, {"date": "2021-09-12-15-00-00", "latency": "169"}, {"date": "2021-09-12-15-00-00", "latency": "169"}, {"date": "2021-09-12-15-00-00", "latency": "169"}, {"date": "2021-09-12-15-00-00", "latency": "169"}, {"date": "2021-09-12-15-00-00", "latency": "169"}, {"date": "2021-09-12-15-00-00", "latency": "169"}, {"date": "2021-09-12-15-00-00", "latency": "169"}, {"date": "2021-09-12-15-00-00", "latency": "169"}, {"date": "2021-09-12-15-00-00", "latency": "169"}, {"date": "2021-09-12-16-00-00", "latency": "186"}, {"date": "2021-09-12-16-00-00", "latency": "186"}, {"date": "2021-09-12-16-00-00", "latency": "186"}, {"date": "2021-09-12-16-00-00", "latency": "186"}, {"date": "2021-09-12-16-00-00", "latency": "186"}, {"date": "2021-09-12-16-00-00", "latency": "186"}, {"date": "2021-09-12-16-00-00", "latency": "186"}, {"date": "2021-09-12-16-00-00", "latency": "186"}, {"date": "2021-09-12-16-00-00", "latency": "186"}, {"date": "2021-09-12-16-00-00", "latency": "186"}, {"date": "2021-09-12-16-00-00", "latency": "186"}, {"date": "2021-09-12-16-00-00", "latency": "186"}, {"date": "2021-09-12-16-00-00", "latency": "186"}, {"date": "2021-09-12-16-00-00", "latency": "186"}, {"date": "2021-09-12-16-00-00", "latency": "186"}, {"date": "2021-09-12-16-00-00", "latency": "186"}, {"date": "2021-09-12-16-00-00", "latency": "186"}, {"date": "2021-09-12-16-00-00", "latency": "186"}, {"date": "2021-09-12-16-00-00", "latency": "186"}, {"date": "2021-09-12-16-00-00", "latency": "186"}, {"date": "2021-09-12-16-00-00", "latency": "186"}, {"date": "2021-09-12-16-00-00", "latency": "186"}, {"date": "2021-09-12-16-00-00", "latency": "186"}]}, {"location": {"country_code": "us", "region": "Virginia", "city": "Arlington"}, "game_id": "319965", "values": [{"date": "2021-09-12-06-00-00", "latency": "50"}, {"date": "2021-09-12-06-00-00", "latency": "50"}, {"date": "2021-09-12-06-00-00", "latency": "50"}, {"date": "2021-09-12-06-00-00", "latency": "50"}, {"date": "2021-09-12-06-00-00", "latency": "50"}, {"date": "2021-09-12-06-00-00", "latency": "50"}, {"date": "2021-09-12-06-00-00", "latency": "50"}, {"date": "2021-09-12-06-00-00", "latency": "50"}, {"date": "2021-09-12-06-00-00", "latency": "50"}, {"date": "2021-09-12-06-00-00", "latency": "50"}, {"date": "2021-09-12-06-00-00", "latency": "50"}, {"date": "2021-09-12-06-00-00", "latency": "50"}, {"date": "2021-09-12-06-00-00", "latency": "50"}, {"date": "2021-09-12-06-00-00", "latency": "50"}, {"date": "2021-09-12-06-00-00", "latency": "50"}, {"date": "2021-09-12-06-00-00", "latency": "50"}]}, {"location": {"country_code": "de", "region": "Hesse"}, "game_id": "319965", "values": [{"date": "2021-09-13-00-00-00", "latency": "50"}, {"date": "2021-09-13-00-00-00", "latency": "50"}, {"date": "2021-09-13-00-00-00", "latency": "50"}]}, {"location": {"country_code": "es"}, "game_id": "319965", "values": [{"date": "2021-09-13-01-00-00", "latency": "50"}, {"date": "2021-09-13-01-00-00", "latency": "50"}, {"date": "2021-09-13-01-00-00", "latency": "50"}]}, {"location": {"country_code": "ar"}, "game_id": "319965", "values": [{"date": "2021-09-12-06-00-00", "latency": "177"}]}, {"location": {"country_code": "us", "region": "Virginia"}, "game_id": "319965", "values": [{"date": "2021-09-12-23-00-00", "latency": "111"}]}, {"location": {"country_code": "br", "region": "Pernambuco"}, "game_id": "319965", "values": [{"date": "2021-09-12-06-00-00", "latency": "143"}]}, {"location": {"country_code": "us", "region": "Texas", "city": "Houston"}, "game_id": "319965", "values": [{"date": "2021-09-12-09-00-00", "latency": "55"}, {"date": "2021-09-12-09-00-00", "latency": "55"}, {"date": "2021-09-12-08-00-00", "latency": "50"}, {"date": "2021-09-12-08-00-00", "latency": "50"}, {"date": "2021-09-12-08-00-00", "latency": "50"}, {"date": "2021-09-12-08-00-00", "latency": "50"}, {"date": "2021-09-12-08-00-00", "latency": "50"}]}, {"location": {"country_code": "us", "region": "Michigan"}, "game_id": "319965", "values": [{"date": "2021-09-13-02-00-00", "latency": "50"}, {"date": "2021-09-13-02-00-00", "latency": "50"}, {"date": "2021-09-13-02-00-00", "latency": "50"}, {"date": "2021-09-13-02-00-00", "latency": "50"}, {"date": "2021-09-13-02-00-00", "latency": "50"}, {"date": "2021-09-13-02-00-00", "latency": "50"}, {"date": "2021-09-13-02-00-00", "latency": "50"}, {"date": "2021-09-13-02-00-00", "latency": "50"}, {"date": "2021-09-13-02-00-00", "latency": "50"}, {"date": "2021-09-13-02-00-00", "latency": "50"}, {"date": "2021-09-13-02-00-00", "latency": "50"}]}, {"location": {"country_code": "mx", "region": "Nuevo Leon"}, "game_id": "319965", "values": [{"date": "2021-09-12-09-00-00", "latency": "66"}, {"date": "2021-09-12-09-00-00", "latency": "66"}, {"date": "2021-09-12-09-00-00", "latency": "66"}, {"date": "2021-09-12-09-00-00", "latency": "66"}, {"date": "2021-09-12-09-00-00", "latency": "66"}, {"date": "2021-09-12-09-00-00", "latency": "66"}, {"date": "2021-09-12-09-00-00", "latency": "66"}, {"date": "2021-09-12-09-00-00", "latency": "66"}, {"date": "2021-09-12-09-00-00", "latency": "66"}, {"date": "2021-09-12-09-00-00", "latency": "66"}, {"date": "2021-09-12-09-00-00", "latency": "66"}, {"date": "2021-09-12-09-00-00", "latency": "66"}]}, {"location": {"country_code": "us", "region": "Arizona"}, "game_id": "319965", "values": [{"date": "2021-09-12-09-00-00", "latency": "83"}, {"date": "2021-09-12-09-00-00", "latency": "83"}, {"date": "2021-09-12-09-00-00", "latency": "83"}, {"date": "2021-09-12-09-00-00", "latency": "83"}]}, {"location": {"country_code": "us", "region": "Utah"}, "game_id": "319965", "values": [{"date": "2021-09-12-05-00-00", "latency": "50"}, {"date": "2021-09-12-05-00-00", "latency": "50"}, {"date": "2021-09-12-05-00-00", "latency": "50"}]}, {"location": {"country_code": "es", "region": "Catalonia", "city": "l'Hospitalet de Llobregat"}, "game_id": "319965", "values": [{"date": "2021-09-12-19-00-00", "latency": "50"}, {"date": "2021-09-12-19-00-00", "latency": "50"}, {"date": "2021-09-12-19-00-00", "latency": "50"}, {"date": "2021-09-12-19-00-00", "latency": "50"}, {"date": "2021-09-12-19-00-00", "latency": "50"}, {"date": "2021-09-12-19-00-00", "latency": "50"}, {"date": "2021-09-12-19-00-00", "latency": "50"}, {"date": "2021-09-12-19-00-00", "latency": "50"}, {"date": "2021-09-12-19-00-00", "latency": "50"}, {"date": "2021-09-12-19-00-00", "latency": "50"}, {"date": "2021-09-12-19-00-00", "latency": "50"}, {"date": "2021-09-12-19-00-00", "latency": "50"}, {"date": "2021-09-12-19-00-00", "latency": "50"}, {"date": "2021-09-12-19-00-00", "latency": "50"}]}, {"location": {"country_code": "pl"}, "game_id": "319965", "values": [{"date": "2021-09-12-23-00-00", "latency": "3"}, {"date": "2021-09-12-23-00-00", "latency": "3"}, {"date": "2021-09-12-23-00-00", "latency": "3"}, {"date": "2021-09-12-23-00-00", "latency": "3"}, {"date": "2021-09-12-23-00-00", "latency": "3"}, {"date": "2021-09-12-21-00-00", "latency": "50"}, {"date": "2021-09-12-21-00-00", "latency": "50"}]}, {"location": {"country_code": "us", "region": "North Carolina"}, "game_id": "319965", "values": [{"date": "2021-09-12-09-00-00", "latency": "50"}, {"date": "2021-09-12-09-00-00", "latency": "50"}, {"date": "2021-09-12-09-00-00", "latency": "50"}, {"date": "2021-09-12-09-00-00", "latency": "50"}, {"date": "2021-09-12-09-00-00", "latency": "50"}, {"date": "2021-09-12-09-00-00", "latency": "50"}, {"date": "2021-09-12-09-00-00", "latency": "50"}, {"date": "2021-09-12-09-00-00", "latency": "50"}, {"date": "2021-09-12-09-00-00", "latency": "50"}, {"date": "2021-09-12-09-00-00", "latency": "50"}, {"date": "2021-09-12-09-00-00", "latency": "50"}, {"date": "2021-09-12-09-00-00", "latency": "50"}]}, {"location": {"country_code": "us", "region": "Nevada", "city": "Las Vegas"}, "game_id": "319965", "values": [{"date": "2021-09-12-05-00-00", "latency": "50"}, {"date": "2021-09-12-05-00-00", "latency": "50"}, {"date": "2021-09-12-11-00-00", "latency": "50"}, {"date": "2021-09-12-11-00-00", "latency": "50"}, {"date": "2021-09-12-11-00-00", "latency": "50"}, {"date": "2021-09-12-11-00-00", "latency": "50"}, {"date": "2021-09-12-11-00-00", "latency": "50"}, {"date": "2021-09-12-11-00-00", "latency": "50"}, {"date": "2021-09-12-11-00-00", "latency": "50"}, {"date": "2021-09-12-11-00-00", "latency": "50"}, {"date": "2021-09-12-11-00-00", "latency": "50"}, {"date": "2021-09-12-11-00-00", "latency": "50"}, {"date": "2021-09-12-11-00-00", "latency": "50"}, {"date": "2021-09-12-11-00-00", "latency": "50"}, {"date": "2021-09-12-11-00-00", "latency": "50"}, {"date": "2021-09-12-11-00-00", "latency": "50"}, {"date": "2021-09-12-11-00-00", "latency": "50"}, {"date": "2021-09-12-11-00-00", "latency": "50"}, {"date": "2021-09-12-11-00-00", "latency": "50"}, {"date": "2021-09-12-11-00-00", "latency": "50"}, {"date": "2021-09-12-11-00-00", "latency": "50"}, {"date": "2021-09-12-11-00-00", "latency": "50"}, {"date": "2021-09-12-11-00-00", "latency": "50"}, {"date": "2021-09-12-11-00-00", "latency": "50"}, {"date": "2021-09-12-11-00-00", "latency": "50"}, {"date": "2021-09-12-11-00-00", "latency": "50"}, {"date": "2021-09-12-11-00-00", "latency": "50"}, {"date": "2021-09-12-11-00-00", "latency": "50"}, {"date": "2021-09-12-11-00-00", "latency": "50"}, {"date": "2021-09-12-11-00-00", "latency": "50"}, {"date": "2021-09-12-11-00-00", "latency": "50"}, {"date": "2021-09-12-11-00-00", "latency": "50"}, {"date": "2021-09-12-11-00-00", "latency": "50"}, {"date": "2021-09-12-11-00-00", "latency": "50"}, {"date": "2021-09-12-11-00-00", "latency": "50"}, {"date": "2021-09-12-11-00-00", "latency": "50"}, {"date": "2021-09-12-11-00-00", "latency": "50"}, {"date": "2021-09-12-11-00-00", "latency": "50"}, {"date": "2021-09-12-11-00-00", "latency": "50"}, {"date": "2021-09-12-11-00-00", "latency": "50"}, {"date": "2021-09-12-11-00-00", "latency": "50"}, {"date": "2021-09-12-11-00-00", "latency": "50"}, {"date": "2021-09-12-11-00-00", "latency": "50"}, {"date": "2021-09-12-11-00-00", "latency": "50"}, {"date": "2021-09-12-11-00-00", "latency": "50"}, {"date": "2021-09-12-11-00-00", "latency": "50"}]}, {"location": {"country_code": "gb", "region": "England", "city": "London"}, "game_id": "319965", "values": [{"date": "2021-09-12-15-00-00", "latency": "131"}, {"date": "2021-09-12-15-00-00", "latency": "131"}]}, {"location": {"country_code": "ua"}, "game_id": "319965", "values": [{"date": "2021-09-12-23-00-00", "latency": "50"}]}, {"location": {"country_code": "tr", "region": "Marmara Bolgesi", "city": "Istanbul"}, "game_id": "319965", "values": [{"date": "2021-09-13-01-00-00", "latency": "50"}, {"date": "2021-09-13-01-00-00", "latency": "50"}, {"date": "2021-09-13-01-00-00", "latency": "50"}, {"date": "2021-09-13-01-00-00", "latency": "50"}, {"date": "2021-09-13-01-00-00", "latency": "50"}]}, {"location": {"country_code": "ca", "region": "Ontario", "city": "Toronto"}, "game_id": "319965", "values": [{"date": "2021-09-12-04-00-00", "latency": "75"}, {"date": "2021-09-12-04-00-00", "latency": "75"}, {"date": "2021-09-13-02-00-00", "latency": "75"}, {"date": "2021-09-13-02-00-00", "latency": "75"}, {"date": "2021-09-13-02-00-00", "latency": "75"}, {"date": "2021-09-13-02-00-00", "latency": "75"}, {"date": "2021-09-13-02-00-00", "latency": "75"}, {"date": "2021-09-13-02-00-00", "latency": "75"}, {"date": "2021-09-13-02-00-00", "latency": "75"}, {"date": "2021-09-13-02-00-00", "latency": "75"}, {"date": "2021-09-13-02-00-00", "latency": "75"}, {"date": "2021-09-13-02-00-00", "latency": "75"}, {"date": "2021-09-13-02-00-00", "latency": "75"}, {"date": "2021-09-13-02-00-00", "latency": "75"}, {"date": "2021-09-13-02-00-00", "latency": "75"}, {"date": "2021-09-13-02-00-00", "latency": "75"}, {"date": "2021-09-13-02-00-00", "latency": "75"}, {"date": "2021-09-13-02-00-00", "latency": "75"}, {"date": "2021-09-13-02-00-00", "latency": "75"}, {"date": "2021-09-13-02-00-00", "latency": "75"}, {"date": "2021-09-13-02-00-00", "latency": "75"}, {"date": "2021-09-13-02-00-00", "latency": "75"}, {"date": "2021-09-13-02-00-00", "latency": "75"}, {"date": "2021-09-13-02-00-00", "latency": "75"}, {"date": "2021-09-13-02-00-00", "latency": "75"}, {"date": "2021-09-13-02-00-00", "latency": "75"}, {"date": "2021-09-13-02-00-00", "latency": "75"}, {"date": "2021-09-13-02-00-00", "latency": "75"}, {"date": "2021-09-13-02-00-00", "latency": "75"}, {"date": "2021-09-13-02-00-00", "latency": "75"}, {"date": "2021-09-13-02-00-00", "latency": "75"}, {"date": "2021-09-13-02-00-00", "latency": "75"}, {"date": "2021-09-13-02-00-00", "latency": "75"}, {"date": "2021-09-13-02-00-00", "latency": "75"}, {"date": "2021-09-13-02-00-00", "latency": "75"}, {"date": "2021-09-13-02-00-00", "latency": "75"}, {"date": "2021-09-13-02-00-00", "latency": "75"}]}, {"location": {"country_code": "do"}, "game_id": "319965", "values": [{"date": "2021-09-12-05-00-00", "latency": "110"}, {"date": "2021-09-12-05-00-00", "latency": "110"}, {"date": "2021-09-12-05-00-00", "latency": "110"}]}, {"location": {"country_code": "br", "region": "Santa Catarina", "city": "Palhoca"}, "game_id": "319965", "values": [{"date": "2021-09-13-01-00-00", "latency": "134"}, {"date": "2021-09-13-01-00-00", "latency": "134"}, {"date": "2021-09-13-01-00-00", "latency": "134"}, {"date": "2021-09-13-01-00-00", "latency": "134"}, {"date": "2021-09-13-01-00-00", "latency": "134"}, {"date": "2021-09-13-01-00-00", "latency": "134"}, {"date": "2021-09-13-01-00-00", "latency": "134"}, {"date": "2021-09-13-01-00-00", "latency": "134"}, {"date": "2021-09-13-01-00-00", "latency": "134"}, {"date": "2021-09-13-01-00-00", "latency": "134"}, {"date": "2021-09-13-01-00-00", "latency": "134"}, {"date": "2021-09-13-01-00-00", "latency": "134"}, {"date": "2021-09-13-01-00-00", "latency": "134"}, {"date": "2021-09-13-01-00-00", "latency": "134"}, {"date": "2021-09-13-01-00-00", "latency": "134"}, {"date": "2021-09-13-01-00-00", "latency": "134"}, {"date": "2021-09-13-01-00-00", "latency": "134"}]}, {"location": {"country_code": "us", "region": "Illinois"}, "game_id": "319965", "values": [{"date": "2021-09-12-09-00-00", "latency": "82"}, {"date": "2021-09-12-09-00-00", "latency": "82"}, {"date": "2021-09-12-09-00-00", "latency": "82"}, {"date": "2021-09-12-09-00-00", "latency": "82"}, {"date": "2021-09-12-09-00-00", "latency": "82"}, {"date": "2021-09-12-09-00-00", "latency": "82"}, {"date": "2021-09-12-09-00-00", "latency": "82"}, {"date": "2021-09-12-09-00-00", "latency": "82"}, {"date": "2021-09-12-09-00-00", "latency": "82"}, {"date": "2021-09-12-09-00-00", "latency": "82"}, {"date": "2021-09-12-09-00-00", "latency": "82"}, {"date": "2021-09-12-09-00-00", "latency": "82"}, {"date": "2021-09-12-09-00-00", "latency": "82"}, {"date": "2021-09-12-09-00-00", "latency": "82"}, {"date": "2021-09-12-09-00-00", "latency": "82"}, {"date": "2021-09-12-09-00-00", "latency": "82"}, {"date": "2021-09-12-09-00-00", "latency": "82"}, {"date": "2021-09-12-09-00-00", "latency": "82"}, {"date": "2021-09-12-09-00-00", "latency": "82"}, {"date": "2021-09-12-09-00-00", "latency": "82"}]}, {"location": {"country_code": "us", "region": "Oklahoma"}, "game_id": "319965", "values": [{"date": "2021-09-12-06-00-00", "latency": "57"}, {"date": "2021-09-12-06-00-00", "latency": "57"}, {"date": "2021-09-12-06-00-00", "latency": "57"}, {"date": "2021-09-12-06-00-00", "latency": "57"}]}, {"location": {"country_code": "es", "region": "Andalusia", "city": "Seville"}, "game_id": "319965", "values": [{"date": "2021-09-12-19-00-00", "latency": "50"}, {"date": "2021-09-12-19-00-00", "latency": "50"}, {"date": "2021-09-12-19-00-00", "latency": "50"}]}, {"location": {"country_code": "us", "region": "Georgia", "city": "Savannah"}, "game_id": "319965", "values": [{"date": "2021-09-12-07-00-00", "latency": "66"}, {"date": "2021-09-12-07-00-00", "latency": "66"}, {"date": "2021-09-12-07-00-00", "latency": "66"}, {"date": "2021-09-12-07-00-00", "latency": "66"}]}, {"location": {"country_code": "fr", "region": "Ile-de-France Region", "city": "Paris"}, "game_id": "319965", "values": [{"date": "2021-09-12-23-00-00", "latency": "50"}, {"date": "2021-09-12-23-00-00", "latency": "50"}, {"date": "2021-09-12-23-00-00", "latency": "50"}, {"date": "2021-09-12-23-00-00", "latency": "50"}, {"date": "2021-09-12-23-00-00", "latency": "50"}, {"date": "2021-09-12-23-00-00", "latency": "50"}, {"date": "2021-09-12-23-00-00", "latency": "50"}, {"date": "2021-09-12-23-00-00", "latency": "50"}, {"date": "2021-09-12-23-00-00", "latency": "50"}, {"date": "2021-09-12-23-00-00", "latency": "50"}, {"date": "2021-09-12-23-00-00", "latency": "50"}, {"date": "2021-09-12-23-00-00", "latency": "50"}, {"date": "2021-09-12-23-00-00", "latency": "50"}, {"date": "2021-09-12-23-00-00", "latency": "50"}, {"date": "2021-09-12-23-00-00", "latency": "50"}]}, {"location": {"country_code": "ca", "region": "Quebec", "city": "Montreal"}, "game_id": "319965", "values": [{"date": "2021-09-12-07-00-00", "latency": "50"}, {"date": "2021-09-12-07-00-00", "latency": "50"}, {"date": "2021-09-12-07-00-00", "latency": "50"}, {"date": "2021-09-12-07-00-00", "latency": "50"}, {"date": "2021-09-12-07-00-00", "latency": "50"}, {"date": "2021-09-12-07-00-00", "latency": "50"}, {"date": "2021-09-12-07-00-00", "latency": "50"}, {"date": "2021-09-12-07-00-00", "latency": "50"}, {"date": "2021-09-12-07-00-00", "latency": "50"}, {"date": "2021-09-12-07-00-00", "latency": "50"}, {"date": "2021-09-12-07-00-00", "latency": "50"}, {"date": "2021-09-12-07-00-00", "latency": "50"}, {"date": "2021-09-12-07-00-00", "latency": "50"}, {"date": "2021-09-12-07-00-00", "latency": "50"}, {"date": "2021-09-12-07-00-00", "latency": "50"}, {"date": "2021-09-12-07-00-00", "latency": "50"}, {"date": "2021-09-12-07-00-00", "latency": "50"}, {"date": "2021-09-12-07-00-00", "latency": "50"}, {"date": "2021-09-12-07-00-00", "latency": "50"}, {"date": "2021-09-12-07-00-00", "latency": "50"}, {"date": "2021-09-12-07-00-00", "latency": "50"}]}, {"location": {"country_code": "us", "region": "Texas", "city": "El Paso"}, "game_id": "319965", "values": [{"date": "2021-09-12-10-00-00", "latency": "50"}, {"date": "2021-09-12-10-00-00", "latency": "50"}, {"date": "2021-09-12-10-00-00", "latency": "50"}, {"date": "2021-09-12-10-00-00", "latency": "50"}]}, {"location": {"country_code": "us", "region": "Maryland"}, "game_id": "319965", "values": [{"date": "2021-09-13-01-00-00", "latency": "73"}, {"date": "2021-09-13-01-00-00", "latency": "73"}]}, {"location": {"country_code": "pe", "region": "Lima region", "city": "Lima"}, "game_id": "319965", "values": [{"date": "2021-09-12-06-00-00", "latency": "108"}, {"date": "2021-09-12-06-00-00", "latency": "108"}, {"date": "2021-09-12-06-00-00", "latency": "108"}, {"date": "2021-09-12-06-00-00", "latency": "108"}, {"date": "2021-09-12-06-00-00", "latency": "108"}, {"date": "2021-09-12-06-00-00", "latency": "108"}, {"date": "2021-09-12-06-00-00", "latency": "108"}, {"date": "2021-09-12-06-00-00", "latency": "108"}, {"date": "2021-09-12-06-00-00", "latency": "108"}, {"date": "2021-09-12-06-00-00", "latency": "108"}, {"date": "2021-09-12-06-00-00", "latency": "108"}, {"date": "2021-09-12-06-00-00", "latency": "108"}, {"date": "2021-09-12-06-00-00", "latency": "108"}, {"date": "2021-09-12-06-00-00", "latency": "108"}]}, {"location": {"country_code": "ca", "region": "British Columbia", "city": "Richmond"}, "game_id": "319965", "values": [{"date": "2021-09-12-04-00-00", "latency": "50"}]}, {"location": {"country_code": "gt"}, "game_id": "319965", "values": [{"date": "2021-09-13-02-00-00", "latency": "69"}, {"date": "2021-09-13-02-00-00", "latency": "69"}, {"date": "2021-09-13-02-00-00", "latency": "69"}, {"date": "2021-09-13-02-00-00", "latency": "69"}, {"date": "2021-09-13-02-00-00", "latency": "69"}, {"date": "2021-09-13-02-00-00", "latency": "69"}, {"date": "2021-09-13-02-00-00", "latency": "69"}, {"date": "2021-09-13-02-00-00", "latency": "69"}, {"date": "2021-09-13-02-00-00", "latency": "69"}, {"date": "2021-09-13-02-00-00", "latency": "69"}, {"date": "2021-09-13-02-00-00", "latency": "69"}]}, {"location": {"country_code": "br", "region": "Ceara", "city": "Itapipoca"}, "game_id": "319965", "values": [{"date": "2021-09-12-07-00-00", "latency": "83"}, {"date": "2021-09-12-07-00-00", "latency": "83"}, {"date": "2021-09-12-07-00-00", "latency": "83"}, {"date": "2021-09-12-07-00-00", "latency": "83"}, {"date": "2021-09-12-07-00-00", "latency": "83"}, {"date": "2021-09-12-07-00-00", "latency": "83"}, {"date": "2021-09-12-07-00-00", "latency": "83"}, {"date": "2021-09-12-07-00-00", "latency": "83"}, {"date": "2021-09-12-07-00-00", "latency": "83"}, {"date": "2021-09-12-07-00-00", "latency": "83"}, {"date": "2021-09-12-07-00-00", "latency": "83"}, {"date": "2021-09-12-07-00-00", "latency": "83"}, {"date": "2021-09-12-07-00-00", "latency": "83"}, {"date": "2021-09-12-07-00-00", "latency": "83"}, {"date": "2021-09-12-07-00-00", "latency": "83"}, {"date": "2021-09-12-07-00-00", "latency": "83"}, {"date": "2021-09-12-07-00-00", "latency": "83"}, {"date": "2021-09-12-07-00-00", "latency": "83"}, {"date": "2021-09-12-07-00-00", "latency": "83"}, {"date": "2021-09-12-07-00-00", "latency": "83"}, {"date": "2021-09-12-07-00-00", "latency": "83"}, {"date": "2021-09-12-07-00-00", "latency": "83"}, {"date": "2021-09-12-07-00-00", "latency": "83"}]}, {"location": {"country_code": "ca", "region": "Quebec"}, "game_id": "319965", "values": [{"date": "2021-09-12-06-00-00", "latency": "50"}, {"date": "2021-09-12-06-00-00", "latency": "50"}, {"date": "2021-09-12-06-00-00", "latency": "50"}, {"date": "2021-09-12-06-00-00", "latency": "50"}, {"date": "2021-09-12-06-00-00", "latency": "50"}, {"date": "2021-09-12-06-00-00", "latency": "50"}, {"date": "2021-09-12-06-00-00", "latency": "50"}, {"date": "2021-09-12-06-00-00", "latency": "50"}, {"date": "2021-09-12-06-00-00", "latency": "50"}, {"date": "2021-09-12-06-00-00", "latency": "50"}, {"date": "2021-09-12-06-00-00", "latency": "50"}, {"date": "2021-09-12-06-00-00", "latency": "50"}, {"date": "2021-09-12-06-00-00", "latency": "50"}, {"date": "2021-09-12-06-00-00", "latency": "50"}]}, {"location": {"country_code": "ca", "region": "British Columbia"}, "game_id": "319965", "values": [{"date": "2021-09-12-07-00-00", "latency": "50"}, {"date": "2021-09-12-07-00-00", "latency": "50"}, {"date": "2021-09-12-07-00-00", "latency": "50"}, {"date": "2021-09-12-07-00-00", "latency": "50"}, {"date": "2021-09-12-07-00-00", "latency": "50"}, {"date": "2021-09-12-07-00-00", "latency": "50"}, {"date": "2021-09-12-07-00-00", "latency": "50"}, {"date": "2021-09-12-07-00-00", "latency": "50"}, {"date": "2021-09-12-07-00-00", "latency": "50"}, {"date": "2021-09-12-07-00-00", "latency": "50"}, {"date": "2021-09-12-07-00-00", "latency": "50"}, {"date": "2021-09-12-07-00-00", "latency": "50"}, {"date": "2021-09-12-07-00-00", "latency": "50"}, {"date": "2021-09-12-07-00-00", "latency": "50"}]}, {"location": {"country_code": "us", "region": "Washington", "city": "Seattle"}, "game_id": "319965", "values": [{"date": "2021-09-12-06-00-00", "latency": "50"}]}, {"location": {"country_code": "us", "region": "Oregon"}, "game_id": "319965", "values": [{"date": "2021-09-13-02-00-00", "latency": "80"}, {"date": "2021-09-13-02-00-00", "latency": "80"}, {"date": "2021-09-13-02-00-00", "latency": "80"}, {"date": "2021-09-13-02-00-00", "latency": "80"}]}, {"location": {"country_code": "gb", "region": "England", "city": "Birmingham"}, "game_id": "319965", "values": [{"date": "2021-09-12-06-00-00", "latency": "145"}, {"date": "2021-09-12-06-00-00", "latency": "145"}, {"date": "2021-09-12-06-00-00", "latency": "145"}, {"date": "2021-09-12-06-00-00", "latency": "145"}, {"date": "2021-09-12-06-00-00", "latency": "145"}, {"date": "2021-09-12-06-00-00", "latency": "145"}, {"date": "2021-09-12-06-00-00", "latency": "145"}, {"date": "2021-09-12-06-00-00", "latency": "145"}, {"date": "2021-09-12-06-00-00", "latency": "145"}, {"date": "2021-09-12-06-00-00", "latency": "145"}, {"date": "2021-09-12-06-00-00", "latency": "145"}, {"date": "2021-09-12-06-00-00", "latency": "145"}, {"date": "2021-09-12-06-00-00", "latency": "145"}, {"date": "2021-09-12-06-00-00", "latency": "145"}, {"date": "2021-09-12-06-00-00", "latency": "145"}, {"date": "2021-09-12-06-00-00", "latency": "145"}, {"date": "2021-09-12-06-00-00", "latency": "145"}, {"date": "2021-09-12-06-00-00", "latency": "145"}, {"date": "2021-09-12-06-00-00", "latency": "145"}, {"date": "2021-09-12-06-00-00", "latency": "145"}, {"date": "2021-09-12-06-00-00", "latency": "145"}, {"date": "2021-09-12-06-00-00", "latency": "145"}, {"date": "2021-09-12-06-00-00", "latency": "145"}, {"date": "2021-09-12-06-00-00", "latency": "145"}, {"date": "2021-09-12-06-00-00", "latency": "145"}, {"date": "2021-09-12-06-00-00", "latency": "145"}, {"date": "2021-09-12-06-00-00", "latency": "145"}, {"date": "2021-09-12-06-00-00", "latency": "145"}, {"date": "2021-09-12-06-00-00", "latency": "145"}, {"date": "2021-09-12-06-00-00", "latency": "145"}, {"date": "2021-09-12-06-00-00", "latency": "145"}, {"date": "2021-09-12-06-00-00", "latency": "145"}, {"date": "2021-09-12-06-00-00", "latency": "145"}, {"date": "2021-09-12-06-00-00", "latency": "145"}, {"date": "2021-09-12-06-00-00", "latency": "145"}, {"date": "2021-09-12-06-00-00", "latency": "145"}]}, {"location": {"country_code": "ec", "region": "Pichincha", "city": "Quito"}, "game_id": "319965", "values": [{"date": "2021-09-12-09-00-00", "latency": "88"}, {"date": "2021-09-12-09-00-00", "latency": "88"}, {"date": "2021-09-12-09-00-00", "latency": "88"}, {"date": "2021-09-12-09-00-00", "latency": "88"}, {"date": "2021-09-12-09-00-00", "latency": "88"}, {"date": "2021-09-12-09-00-00", "latency": "88"}, {"date": "2021-09-12-09-00-00", "latency": "88"}, {"date": "2021-09-12-09-00-00", "latency": "88"}, {"date": "2021-09-12-09-00-00", "latency": "88"}, {"date": "2021-09-12-09-00-00", "latency": "88"}, {"date": "2021-09-12-09-00-00", "latency": "88"}, {"date": "2021-09-12-09-00-00", "latency": "88"}, {"date": "2021-09-12-09-00-00", "latency": "88"}, {"date": "2021-09-12-09-00-00", "latency": "88"}, {"date": "2021-09-12-09-00-00", "latency": "88"}, {"date": "2021-09-12-09-00-00", "latency": "88"}, {"date": "2021-09-12-09-00-00", "latency": "88"}, {"date": "2021-09-12-09-00-00", "latency": "88"}, {"date": "2021-09-12-09-00-00", "latency": "88"}, {"date": "2021-09-12-09-00-00", "latency": "88"}, {"date": "2021-09-12-09-00-00", "latency": "88"}]}, {"location": {"country_code": "us", "region": "Oregon", "city": "Portland"}, "game_id": "319965", "values": [{"date": "2021-09-12-10-00-00", "latency": "50"}, {"date": "2021-09-12-10-00-00", "latency": "50"}, {"date": "2021-09-12-10-00-00", "latency": "50"}, {"date": "2021-09-12-10-00-00", "latency": "50"}, {"date": "2021-09-12-10-00-00", "latency": "50"}, {"date": "2021-09-12-10-00-00", "latency": "50"}, {"date": "2021-09-12-10-00-00", "latency": "50"}, {"date": "2021-09-12-10-00-00", "latency": "50"}, {"date": "2021-09-12-10-00-00", "latency": "50"}, {"date": "2021-09-12-10-00-00", "latency": "50"}, {"date": "2021-09-12-10-00-00", "latency": "50"}, {"date": "2021-09-12-10-00-00", "latency": "50"}, {"date": "2021-09-12-10-00-00", "latency": "50"}, {"date": "2021-09-12-10-00-00", "latency": "50"}, {"date": "2021-09-12-10-00-00", "latency": "50"}, {"date": "2021-09-12-10-00-00", "latency": "50"}, {"date": "2021-09-12-10-00-00", "latency": "50"}, {"date": "2021-09-12-10-00-00", "latency": "50"}, {"date": "2021-09-12-10-00-00", "latency": "50"}, {"date": "2021-09-12-10-00-00", "latency": "50"}, {"date": "2021-09-12-10-00-00", "latency": "50"}, {"date": "2021-09-12-10-00-00", "latency": "50"}, {"date": "2021-09-12-10-00-00", "latency": "50"}, {"date": "2021-09-12-10-00-00", "latency": "50"}, {"date": "2021-09-12-10-00-00", "latency": "50"}, {"date": "2021-09-12-10-00-00", "latency": "50"}]}, {"location": {"country_code": "fr", "region": "Nord-Passo di Calais-Piccardia"}, "game_id": "319965", "values": [{"date": "2021-09-13-02-00-00", "latency": "50"}, {"date": "2021-09-13-02-00-00", "latency": "50"}, {"date": "2021-09-13-02-00-00", "latency": "50"}, {"date": "2021-09-13-02-00-00", "latency": "50"}, {"date": "2021-09-13-02-00-00", "latency": "50"}, {"date": "2021-09-13-02-00-00", "latency": "50"}, {"date": "2021-09-13-02-00-00", "latency": "50"}, {"date": "2021-09-13-02-00-00", "latency": "50"}, {"date": "2021-09-13-02-00-00", "latency": "50"}, {"date": "2021-09-13-02-00-00", "latency": "50"}, {"date": "2021-09-13-02-00-00", "latency": "50"}, {"date": "2021-09-13-02-00-00", "latency": "50"}, {"date": "2021-09-13-02-00-00", "latency": "50"}, {"date": "2021-09-13-02-00-00", "latency": "50"}, {"date": "2021-09-13-02-00-00", "latency": "50"}, {"date": "2021-09-13-02-00-00", "latency": "50"}, {"date": "2021-09-13-02-00-00", "latency": "50"}, {"date": "2021-09-13-02-00-00", "latency": "50"}, {"date": "2021-09-13-02-00-00", "latency": "50"}]}, {"location": {"country_code": "es", "region": "Extremadura", "city": "Badajoz"}, "game_id": "319965", "values": [{"date": "2021-09-13-00-00-00", "latency": "50"}, {"date": "2021-09-13-00-00-00", "latency": "50"}, {"date": "2021-09-13-00-00-00", "latency": "50"}, {"date": "2021-09-13-00-00-00", "latency": "50"}, {"date": "2021-09-13-00-00-00", "latency": "50"}, {"date": "2021-09-13-00-00-00", "latency": "50"}, {"date": "2021-09-13-00-00-00", "latency": "50"}, {"date": "2021-09-13-00-00-00", "latency": "50"}]}, {"location": {"country_code": "us", "region": "Idaho"}, "game_id": "319965", "values": [{"date": "2021-09-12-04-00-00", "latency": "51"}, {"date": "2021-09-12-04-00-00", "latency": "51"}, {"date": "2021-09-12-04-00-00", "latency": "51"}, {"date": "2021-09-12-04-00-00", "latency": "51"}, {"date": "2021-09-12-04-00-00", "latency": "51"}, {"date": "2021-09-12-04-00-00", "latency": "51"}, {"date": "2021-09-12-04-00-00", "latency": "51"}]}, {"location": {"country_code": "fr", "region": "Alvernia-Rodano-Alpi", "city": "Clermont-Ferrand"}, "game_id": "319965", "values": [{"date": "2021-09-13-00-00-00", "latency": "50"}, {"date": "2021-09-13-00-00-00", "latency": "50"}, {"date": "2021-09-13-00-00-00", "latency": "50"}, {"date": "2021-09-13-00-00-00", "latency": "50"}, {"date": "2021-09-13-00-00-00", "latency": "50"}, {"date": "2021-09-13-00-00-00", "latency": "50"}, {"date": "2021-09-13-00-00-00", "latency": "50"}, {"date": "2021-09-13-00-00-00", "latency": "50"}, {"date": "2021-09-13-00-00-00", "latency": "50"}, {"date": "2021-09-13-00-00-00", "latency": "50"}, {"date": "2021-09-13-00-00-00", "latency": "50"}, {"date": "2021-09-13-00-00-00", "latency": "50"}, {"date": "2021-09-13-00-00-00", "latency": "50"}, {"date": "2021-09-13-00-00-00", "latency": "50"}, {"date": "2021-09-13-00-00-00", "latency": "50"}, {"date": "2021-09-13-00-00-00", "latency": "50"}, {"date": "2021-09-13-00-00-00", "latency": "50"}]}, {"location": {"country_code": "jp", "region": "Chiyoda"}, "game_id": "319965", "values": [{"date": "2021-09-12-10-00-00", "latency": "65"}, {"date": "2021-09-12-10-00-00", "latency": "65"}, {"date": "2021-09-12-10-00-00", "latency": "65"}, {"date": "2021-09-12-10-00-00", "latency": "65"}, {"date": "2021-09-12-10-00-00", "latency": "65"}, {"date": "2021-09-12-10-00-00", "latency": "65"}, {"date": "2021-09-12-10-00-00", "latency": "65"}, {"date": "2021-09-12-10-00-00", "latency": "65"}, {"date": "2021-09-12-10-00-00", "latency": "65"}, {"date": "2021-09-12-10-00-00", "latency": "65"}, {"date": "2021-09-12-10-00-00", "latency": "65"}, {"date": "2021-09-12-10-00-00", "latency": "65"}, {"date": "2021-09-12-10-00-00", "latency": "65"}]}, {"location": {"country_code": "mx", "region": "Queretaro"}, "game_id": "319965", "values": [{"date": "2021-09-12-10-00-00", "latency": "72"}, {"date": "2021-09-12-10-00-00", "latency": "72"}, {"date": "2021-09-12-10-00-00", "latency": "72"}, {"date": "2021-09-12-10-00-00", "latency": "72"}, {"date": "2021-09-12-10-00-00", "latency": "72"}, {"date": "2021-09-12-10-00-00", "latency": "72"}, {"date": "2021-09-12-10-00-00", "latency": "72"}, {"date": "2021-09-12-10-00-00", "latency": "72"}, {"date": "2021-09-12-10-00-00", "latency": "72"}, {"date": "2021-09-12-10-00-00", "latency": "72"}, {"date": "2021-09-12-10-00-00", "latency": "72"}, {"date": "2021-09-12-10-00-00", "latency": "72"}, {"date": "2021-09-12-10-00-00", "latency": "72"}, {"date": "2021-09-12-10-00-00", "latency": "72"}, {"date": "2021-09-12-10-00-00", "latency": "72"}, {"date": "2021-09-12-10-00-00", "latency": "72"}, {"date": "2021-09-12-10-00-00", "latency": "72"}, {"date": "2021-09-12-10-00-00", "latency": "72"}, {"date": "2021-09-12-10-00-00", "latency": "72"}, {"date": "2021-09-12-10-00-00", "latency": "72"}, {"date": "2021-09-12-10-00-00", "latency": "72"}, {"date": "2021-09-12-10-00-00", "latency": "72"}, {"date": "2021-09-12-10-00-00", "latency": "72"}, {"date": "2021-09-12-10-00-00", "latency": "72"}, {"date": "2021-09-12-10-00-00", "latency": "72"}, {"date": "2021-09-12-10-00-00", "latency": "72"}]}, {"location": {"country_code": "us", "region": "Nevada", "city": "Reno"}, "game_id": "319965", "values": [{"date": "2021-09-12-07-00-00", "latency": "75"}]}, {"location": {"country_code": "us", "region": "Kansas", "city": "Wichita"}, "game_id": "319965", "values": [{"date": "2021-09-12-09-00-00", "latency": "55"}, {"date": "2021-09-12-09-00-00", "latency": "55"}, {"date": "2021-09-12-09-00-00", "latency": "55"}, {"date": "2021-09-12-09-00-00", "latency": "55"}]}, {"location": {"country_code": "de", "region": "Schleswig-Holstein", "city": "Kiel"}, "game_id": "319965", "values": [{"date": "2021-09-12-23-00-00", "latency": "50"}]}, {"location": {"country_code": "de", "region": "Bavaria", "city": "Augsburg"}, "game_id": "319965", "values": [{"date": "2021-09-12-21-00-00", "latency": "50"}, {"date": "2021-09-12-21-00-00", "latency": "50"}]}, {"location": {"country_code": "us", "region": "Wisconsin", "city": "Waterford"}, "game_id": "319965", "values": [{"date": "2021-09-12-06-00-00", "latency": "50"}, {"date": "2021-09-12-06-00-00", "latency": "50"}, {"date": "2021-09-12-06-00-00", "latency": "50"}, {"date": "2021-09-12-06-00-00", "latency": "50"}, {"date": "2021-09-12-06-00-00", "latency": "50"}, {"date": "2021-09-12-06-00-00", "latency": "50"}, {"date": "2021-09-12-06-00-00", "latency": "50"}, {"date": "2021-09-12-06-00-00", "latency": "50"}, {"date": "2021-09-12-06-00-00", "latency": "50"}]}, {"location": {"country_code": "fr", "region": "Nord-Passo di Calais-Piccardia", "city": "Lallaing"}, "game_id": "319965", "values": [{"date": "2021-09-13-01-00-00", "latency": "50"}, {"date": "2021-09-13-01-00-00", "latency": "50"}, {"date": "2021-09-13-01-00-00", "latency": "50"}, {"date": "2021-09-13-01-00-00", "latency": "50"}, {"date": "2021-09-13-01-00-00", "latency": "50"}, {"date": "2021-09-13-01-00-00", "latency": "50"}, {"date": "2021-09-13-01-00-00", "latency": "50"}, {"date": "2021-09-13-01-00-00", "latency": "50"}, {"date": "2021-09-13-01-00-00", "latency": "50"}, {"date": "2021-09-13-01-00-00", "latency": "50"}, {"date": "2021-09-13-01-00-00", "latency": "50"}]}, {"location": {"country_code": "br", "region": "State of Rio de Janeiro", "city": "Petropolis"}, "game_id": "319965", "values": [{"date": "2021-09-12-07-00-00", "latency": "146"}, {"date": "2021-09-12-07-00-00", "latency": "146"}, {"date": "2021-09-12-07-00-00", "latency": "146"}, {"date": "2021-09-12-07-00-00", "latency": "146"}, {"date": "2021-09-12-07-00-00", "latency": "146"}, {"date": "2021-09-12-07-00-00", "latency": "146"}, {"date": "2021-09-12-07-00-00", "latency": "146"}, {"date": "2021-09-12-07-00-00", "latency": "146"}, {"date": "2021-09-12-07-00-00", "latency": "146"}, {"date": "2021-09-12-07-00-00", "latency": "146"}, {"date": "2021-09-12-07-00-00", "latency": "146"}, {"date": "2021-09-12-07-00-00", "latency": "146"}, {"date": "2021-09-12-07-00-00", "latency": "146"}, {"date": "2021-09-12-07-00-00", "latency": "146"}, {"date": "2021-09-12-07-00-00", "latency": "146"}]}, {"location": {"country_code": "us", "region": "California", "city": "Anaheim"}, "game_id": "319965", "values": [{"date": "2021-09-12-02-00-00", "latency": "0"}]}, {"location": {"country_code": "us", "region": "Iowa", "city": "Waterloo"}, "game_id": "319965", "values": [{"date": "2021-09-12-03-00-00", "latency": "63"}, {"date": "2021-09-12-03-00-00", "latency": "63"}, {"date": "2021-09-12-03-00-00", "latency": "63"}, {"date": "2021-09-12-03-00-00", "latency": "63"}, {"date": "2021-09-12-03-00-00", "latency": "63"}, {"date": "2021-09-12-03-00-00", "latency": "63"}, {"date": "2021-09-12-03-00-00", "latency": "63"}, {"date": "2021-09-12-03-00-00", "latency": "63"}, {"date": "2021-09-12-03-00-00", "latency": "63"}, {"date": "2021-09-12-03-00-00", "latency": "63"}, {"date": "2021-09-12-03-00-00", "latency": "63"}]}, {"location": {"country_code": "gb", "region": "Wales", "city": "Llanelli"}, "game_id": "319965", "values": [{"date": "2021-09-12-23-00-00", "latency": "77"}, {"date": "2021-09-12-23-00-00", "latency": "77"}, {"date": "2021-09-12-23-00-00", "latency": "77"}, {"date": "2021-09-12-23-00-00", "latency": "77"}, {"date": "2021-09-12-23-00-00", "latency": "77"}, {"date": "2021-09-12-23-00-00", "latency": "77"}, {"date": "2021-09-12-23-00-00", "latency": "77"}, {"date": "2021-09-12-23-00-00", "latency": "77"}, {"date": "2021-09-12-23-00-00", "latency": "77"}, {"date": "2021-09-12-23-00-00", "latency": "77"}, {"date": "2021-09-12-23-00-00", "latency": "77"}, {"date": "2021-09-12-23-00-00", "latency": "77"}]}, {"location": {"country_code": "ca", "region": "Ontario", "city": "Stratford"}, "game_id": "319965", "values": [{"date": "2021-09-12-05-00-00", "latency": "86"}, {"date": "2021-09-12-05-00-00", "latency": "86"}, {"date": "2021-09-12-05-00-00", "latency": "86"}, {"date": "2021-09-12-05-00-00", "latency": "86"}, {"date": "2021-09-12-05-00-00", "latency": "86"}, {"date": "2021-09-12-05-00-00", "latency": "86"}, {"date": "2021-09-12-05-00-00", "latency": "86"}, {"date": "2021-09-12-05-00-00", "latency": "86"}, {"date": "2021-09-12-05-00-00", "latency": "86"}, {"date": "2021-09-12-05-00-00", "latency": "86"}, {"date": "2021-09-12-05-00-00", "latency": "86"}, {"date": "2021-09-12-05-00-00", "latency": "86"}, {"date": "2021-09-12-05-00-00", "latency": "86"}, {"date": "2021-09-12-05-00-00", "latency": "86"}, {"date": "2021-09-12-05-00-00", "latency": "86"}, {"date": "2021-09-12-05-00-00", "latency": "86"}, {"date": "2021-09-12-05-00-00", "latency": "86"}, {"date": "2021-09-12-05-00-00", "latency": "86"}]}, {"location": {"country_code": "ru", "region": "Orenburg Oblast", "city": "Orsk"}, "game_id": "319965", "values": [{"date": "2021-09-12-17-00-00", "latency": "9"}, {"date": "2021-09-12-17-00-00", "latency": "9"}, {"date": "2021-09-12-17-00-00", "latency": "9"}]}, {"location": {"country_code": "ru", "region": "Lipetsk Oblast", "city": "Yelets"}, "game_id": "319965", "values": [{"date": "2021-09-12-13-00-00", "latency": "50"}, {"date": "2021-09-12-13-00-00", "latency": "50"}, {"date": "2021-09-12-13-00-00", "latency": "50"}, {"date": "2021-09-12-13-00-00", "latency": "50"}, {"date": "2021-09-12-13-00-00", "latency": "50"}, {"date": "2021-09-12-13-00-00", "latency": "50"}, {"date": "2021-09-12-13-00-00", "latency": "50"}, {"date": "2021-09-12-13-00-00", "latency": "50"}, {"date": "2021-09-12-13-00-00", "latency": "50"}, {"date": "2021-09-12-13-00-00", "latency": "50"}, {"date": "2021-09-12-13-00-00", "latency": "50"}, {"date": "2021-09-12-13-00-00", "latency": "50"}, {"date": "2021-09-12-13-00-00", "latency": "50"}, {"date": "2021-09-12-13-00-00", "latency": "50"}, {"date": "2021-09-12-13-00-00", "latency": "50"}, {"date": "2021-09-12-13-00-00", "latency": "50"}, {"date": "2021-09-12-13-00-00", "latency": "50"}, {"date": "2021-09-12-13-00-00", "latency": "50"}, {"date": "2021-09-12-13-00-00", "latency": "50"}, {"date": "2021-09-12-13-00-00", "latency": "50"}, {"date": "2021-09-12-13-00-00", "latency": "50"}, {"date": "2021-09-12-13-00-00", "latency": "50"}, {"date": "2021-09-12-13-00-00", "latency": "50"}, {"date": "2021-09-12-13-00-00", "latency": "50"}, {"date": "2021-09-12-13-00-00", "latency": "50"}, {"date": "2021-09-12-13-00-00", "latency": "50"}, {"date": "2021-09-12-13-00-00", "latency": "50"}, {"date": "2021-09-12-13-00-00", "latency": "50"}, {"date": "2021-09-12-13-00-00", "latency": "50"}, {"date": "2021-09-12-13-00-00", "latency": "50"}]}, {"location": {"country_code": "de", "region": "Baden-Wurttemberg", "city": "Rowag"}, "game_id": "319965", "values": [{"date": "2021-09-12-17-00-00", "latency": "50"}]}, {"location": {"country_code": "pe", "region": "Callao", "city": "Callao"}, "game_id": "319965", "values": [{"date": "2021-09-12-09-00-00", "latency": "128"}, {"date": "2021-09-12-09-00-00", "latency": "128"}, {"date": "2021-09-12-09-00-00", "latency": "128"}, {"date": "2021-09-12-09-00-00", "latency": "128"}]}, {"location": {"country_code": "ru", "region": "Moscow", "city": "Pervomayskoye"}, "game_id": "319965", "values": [{"date": "2021-09-13-00-00-00", "latency": "50"}, {"date": "2021-09-13-00-00-00", "latency": "50"}, {"date": "2021-09-13-00-00-00", "latency": "50"}, {"date": "2021-09-13-00-00-00", "latency": "50"}]}, {"location": {"country_code": "us", "region": "New York", "city": "Plainedge"}, "game_id": "319965", "values": [{"date": "2021-09-13-02-00-00", "latency": "50"}, {"date": "2021-09-13-02-00-00", "latency": "50"}, {"date": "2021-09-13-02-00-00", "latency": "50"}, {"date": "2021-09-13-02-00-00", "latency": "50"}, {"date": "2021-09-13-02-00-00", "latency": "50"}, {"date": "2021-09-13-02-00-00", "latency": "50"}, {"date": "2021-09-13-02-00-00", "latency": "50"}, {"date": "2021-09-13-02-00-00", "latency": "50"}, {"date": "2021-09-13-02-00-00", "latency": "50"}, {"date": "2021-09-13-02-00-00", "latency": "50"}, {"date": "2021-09-13-02-00-00", "latency": "50"}, {"date": "2021-09-13-02-00-00", "latency": "50"}, {"date": "2021-09-13-02-00-00", "latency": "50"}, {"date": "2021-09-13-02-00-00", "latency": "50"}, {"date": "2021-09-13-02-00-00", "latency": "50"}, {"date": "2021-09-13-02-00-00", "latency": "50"}, {"date": "2021-09-13-02-00-00", "latency": "50"}]}, {"location": {"country_code": "gb", "region": "England", "city": "Winchester"}, "game_id": "319965", "values": [{"date": "2021-09-13-01-00-00", "latency": "50"}, {"date": "2021-09-13-01-00-00", "latency": "50"}, {"date": "2021-09-13-01-00-00", "latency": "50"}, {"date": "2021-09-13-01-00-00", "latency": "50"}, {"date": "2021-09-13-01-00-00", "latency": "50"}, {"date": "2021-09-13-01-00-00", "latency": "50"}, {"date": "2021-09-13-01-00-00", "latency": "50"}, {"date": "2021-09-13-01-00-00", "latency": "50"}, {"date": "2021-09-13-01-00-00", "latency": "50"}, {"date": "2021-09-13-01-00-00", "latency": "50"}, {"date": "2021-09-13-01-00-00", "latency": "50"}, {"date": "2021-09-13-01-00-00", "latency": "50"}, {"date": "2021-09-13-01-00-00", "latency": "50"}, {"date": "2021-09-13-01-00-00", "latency": "50"}]}, {"location": {"country_code": "us", "region": "Indiana", "city": "Kokomo"}, "game_id": "319965", "values": [{"date": "2021-09-12-07-00-00", "latency": "51"}, {"date": "2021-09-12-07-00-00", "latency": "51"}, {"date": "2021-09-12-07-00-00", "latency": "51"}, {"date": "2021-09-12-07-00-00", "latency": "51"}, {"date": "2021-09-12-07-00-00", "latency": "51"}, {"date": "2021-09-12-07-00-00", "latency": "51"}, {"date": "2021-09-12-07-00-00", "latency": "51"}, {"date": "2021-09-12-07-00-00", "latency": "51"}, {"date": "2021-09-12-07-00-00", "latency": "51"}, {"date": "2021-09-12-07-00-00", "latency": "51"}, {"date": "2021-09-12-07-00-00", "latency": "51"}, {"date": "2021-09-12-07-00-00", "latency": "51"}, {"date": "2021-09-12-07-00-00", "latency": "51"}, {"date": "2021-09-12-07-00-00", "latency": "51"}, {"date": "2021-09-12-07-00-00", "latency": "51"}, {"date": "2021-09-12-07-00-00", "latency": "51"}, {"date": "2021-09-12-07-00-00", "latency": "51"}, {"date": "2021-09-12-07-00-00", "latency": "51"}, {"date": "2021-09-12-07-00-00", "latency": "51"}, {"date": "2021-09-12-07-00-00", "latency": "51"}, {"date": "2021-09-12-07-00-00", "latency": "51"}, {"date": "2021-09-12-07-00-00", "latency": "51"}, {"date": "2021-09-12-07-00-00", "latency": "51"}, {"date": "2021-09-12-07-00-00", "latency": "51"}, {"date": "2021-09-12-07-00-00", "latency": "51"}, {"date": "2021-09-12-07-00-00", "latency": "51"}, {"date": "2021-09-12-07-00-00", "latency": "51"}, {"date": "2021-09-12-07-00-00", "latency": "51"}]}, {"location": {"country_code": "us", "region": "Minnesota", "city": "Eagan"}, "game_id": "319965", "values": [{"date": "2021-09-12-09-00-00", "latency": "51"}, {"date": "2021-09-12-09-00-00", "latency": "51"}, {"date": "2021-09-12-09-00-00", "latency": "51"}, {"date": "2021-09-12-09-00-00", "latency": "51"}, {"date": "2021-09-12-09-00-00", "latency": "51"}, {"date": "2021-09-12-09-00-00", "latency": "51"}, {"date": "2021-09-12-09-00-00", "latency": "51"}, {"date": "2021-09-12-09-00-00", "latency": "51"}, {"date": "2021-09-12-09-00-00", "latency": "51"}, {"date": "2021-09-12-09-00-00", "latency": "51"}, {"date": "2021-09-12-09-00-00", "latency": "51"}, {"date": "2021-09-12-09-00-00", "latency": "51"}, {"date": "2021-09-12-09-00-00", "latency": "51"}, {"date": "2021-09-12-09-00-00", "latency": "51"}, {"date": "2021-09-12-09-00-00", "latency": "51"}, {"date": "2021-09-12-09-00-00", "latency": "51"}, {"date": "2021-09-12-09-00-00", "latency": "51"}, {"date": "2021-09-12-09-00-00", "latency": "51"}, {"date": "2021-09-12-09-00-00", "latency": "51"}, {"date": "2021-09-12-09-00-00", "latency": "51"}, {"date": "2021-09-12-09-00-00", "latency": "51"}, {"date": "2021-09-12-09-00-00", "latency": "51"}, {"date": "2021-09-12-09-00-00", "latency": "51"}, {"date": "2021-09-12-09-00-00", "latency": "51"}, {"date": "2021-09-12-09-00-00", "latency": "51"}, {"date": "2021-09-12-09-00-00", "latency": "51"}, {"date": "2021-09-12-09-00-00", "latency": "51"}, {"date": "2021-09-12-09-00-00", "latency": "51"}, {"date": "2021-09-12-09-00-00", "latency": "51"}, {"date": "2021-09-12-09-00-00", "latency": "51"}, {"date": "2021-09-12-09-00-00", "latency": "51"}, {"date": "2021-09-12-09-00-00", "latency": "51"}, {"date": "2021-09-12-09-00-00", "latency": "51"}, {"date": "2021-09-12-09-00-00", "latency": "51"}, {"date": "2021-09-12-09-00-00", "latency": "51"}]}, {"location": {"country_code": "es", "region": "Castille and Leon", "city": "Aranda de Duero"}, "game_id": "319965", "values": [{"date": "2021-09-13-02-00-00", "latency": "130"}, {"date": "2021-09-13-02-00-00", "latency": "130"}, {"date": "2021-09-13-02-00-00", "latency": "130"}, {"date": "2021-09-13-02-00-00", "latency": "130"}, {"date": "2021-09-13-02-00-00", "latency": "130"}, {"date": "2021-09-13-02-00-00", "latency": "130"}, {"date": "2021-09-13-02-00-00", "latency": "130"}, {"date": "2021-09-13-02-00-00", "latency": "130"}, {"date": "2021-09-13-02-00-00", "latency": "130"}]}, {"location": {"country_code": "no", "region": "Svalbard and Jan Mayen"}, "game_id": "319965", "values": [{"date": "2021-09-12-07-00-00", "latency": "258"}, {"date": "2021-09-12-07-00-00", "latency": "258"}, {"date": "2021-09-12-07-00-00", "latency": "258"}, {"date": "2021-09-12-07-00-00", "latency": "258"}, {"date": "2021-09-12-07-00-00", "latency": "258"}, {"date": "2021-09-12-07-00-00", "latency": "258"}]}], "last_updated": 1719915098.762829}