{"data": [{"location": {"country_code": "it"}, "game_id": "762836", "values": [{"date": "2024-02-20-14-00-00", "latency": 1}, {"date": "2024-02-20-14-00-00", "latency": 1}, {"date": "2024-02-20-14-00-00", "latency": 1}, {"date": "2024-02-20-14-00-00", "latency": 1}, {"date": "2024-02-20-14-00-00", "latency": 1}, {"date": "2024-02-20-14-00-00", "latency": 1}]}, {"location": {"country_code": "de"}, "game_id": "762836", "values": [{"date": "2024-02-20-15-00-00", "latency": 1}]}, {"location": {"country_code": "gb", "region": "England"}, "game_id": "762836", "values": [{"date": "2024-02-20-07-00-00", "latency": 0}]}, {"location": {"country_code": "cl"}, "game_id": "762836", "values": [{"date": "2024-02-21-00-00-00", "latency": 5}]}, {"location": {"country_code": "fr"}, "game_id": "762836", "values": [{"date": "2024-02-21-01-00-00", "latency": 23}, {"date": "2024-02-21-01-00-00", "latency": 23}, {"date": "2024-02-21-01-00-00", "latency": 23}, {"date": "2024-02-21-01-00-00", "latency": 23}, {"date": "2024-02-21-01-00-00", "latency": 23}, {"date": "2024-02-21-01-00-00", "latency": 23}, {"date": "2024-02-21-01-00-00", "latency": 23}, {"date": "2024-02-21-01-00-00", "latency": 23}, {"date": "2024-02-21-01-00-00", "latency": 23}, {"date": "2024-02-21-01-00-00", "latency": 23}, {"date": "2024-02-21-01-00-00", "latency": 23}, {"date": "2024-02-21-01-00-00", "latency": 23}]}, {"location": {"country_code": "mx"}, "game_id": "762836", "values": [{"date": "2024-02-20-22-00-00", "latency": 25}, {"date": "2024-02-20-22-00-00", "latency": 25}]}, {"location": {"country_code": "br"}, "game_id": "762836", "values": [{"date": "2024-02-20-19-00-00", "latency": 2}]}, {"location": {"country_code": "au"}, "game_id": "762836", "values": [{"date": "2024-02-20-17-00-00", "latency": 68}]}, {"location": {"country_code": "us", "region": "Pennsylvania", "city": "Philadelphia"}, "game_id": "762836", "values": [{"date": "2024-02-20-08-00-00", "latency": 0}]}, {"location": {"country_code": "es"}, "game_id": "762836", "values": [{"date": "2024-02-20-12-00-00", "latency": 5}]}, {"location": {"country_code": "gb", "region": "Northern Ireland"}, "game_id": "762836", "values": [{"date": "2024-02-20-13-00-00", "latency": 1}]}, {"location": {"country_code": "us", "region": "Hawaii"}, "game_id": "762836", "values": [{"date": "2024-02-20-06-00-00", "latency": 87}]}, {"location": {"country_code": "jp", "region": "Tokyo"}, "game_id": "762836", "values": [{"date": "2024-02-20-16-00-00", "latency": 28}, {"date": "2024-02-20-16-00-00", "latency": 28}]}, {"location": {"country_code": "us", "region": "Missouri", "city": "Downtown Kansas City"}, "game_id": "762836", "values": [{"date": "2024-02-20-03-00-00", "latency": 46}, {"date": "2024-02-20-03-00-00", "latency": 46}, {"date": "2024-02-20-03-00-00", "latency": 46}, {"date": "2024-02-20-03-00-00", "latency": 46}]}, {"location": {"country_code": "us", "region": "Texas", "city": "Houston"}, "game_id": "762836", "values": [{"date": "2024-02-20-02-00-00", "latency": 24}]}, {"location": {"country_code": "us", "region": "Alaska"}, "game_id": "762836", "values": [{"date": "2024-02-20-01-00-00", "latency": 74}, {"date": "2024-02-20-04-00-00", "latency": 3}, {"date": "2024-02-20-04-00-00", "latency": 3}]}, {"location": {"country_code": "us", "region": "Illinois", "city": "Chicago"}, "game_id": "762836", "values": [{"date": "2024-02-20-02-00-00", "latency": 1}, {"date": "2024-02-20-03-00-00", "latency": 56}, {"date": "2024-02-20-03-00-00", "latency": 56}, {"date": "2024-02-20-03-00-00", "latency": 56}]}, {"location": {"country_code": "hu"}, "game_id": "762836", "values": [{"date": "2024-02-20-01-00-00", "latency": 21}]}, {"location": {"country_code": "es", "region": "Catalonia", "city": "l'Hospitalet de Llobregat"}, "game_id": "762836", "values": [{"date": "2024-02-20-17-00-00", "latency": 32}]}, {"location": {"country_code": "pl"}, "game_id": "762836", "values": [{"date": "2024-02-21-00-00-00", "latency": 1}]}, {"location": {"country_code": "ie"}, "game_id": "762836", "values": [{"date": "2024-02-21-00-00-00", "latency": 86}, {"date": "2024-02-21-00-00-00", "latency": 86}]}, {"location": {"country_code": "id"}, "game_id": "762836", "values": [{"date": "2024-02-20-06-00-00", "latency": 6746}]}, {"location": {"country_code": "us", "region": "Kentucky"}, "game_id": "762836", "values": [{"date": "2024-02-20-10-00-00", "latency": 44}, {"date": "2024-02-20-10-00-00", "latency": 44}, {"date": "2024-02-20-10-00-00", "latency": 44}, {"date": "2024-02-20-10-00-00", "latency": 44}]}, {"location": {"country_code": "us", "region": "Tennessee"}, "game_id": "762836", "values": [{"date": "2024-02-20-02-00-00", "latency": 14}]}, {"location": {"country_code": "fr", "region": "Borgogna-Franca Contea", "city": "Belfort"}, "game_id": "762836", "values": [{"date": "2024-02-20-14-00-00", "latency": 2}, {"date": "2024-02-20-14-00-00", "latency": 2}, {"date": "2024-02-20-14-00-00", "latency": 2}]}, {"location": {"country_code": "lv"}, "game_id": "762836", "values": [{"date": "2024-02-20-20-00-00", "latency": 3}]}, {"location": {"country_code": "us", "region": "Connecticut"}, "game_id": "762836", "values": [{"date": "2024-02-20-07-00-00", "latency": 5}]}, {"location": {"country_code": "ca", "region": "Nova Scotia"}, "game_id": "762836", "values": [{"date": "2024-02-20-23-00-00", "latency": 0}]}, {"location": {"country_code": "dj"}, "game_id": "762836", "values": [{"date": "2024-02-20-19-00-00", "latency": 25}, {"date": "2024-02-20-19-00-00", "latency": 25}, {"date": "2024-02-20-19-00-00", "latency": 25}, {"date": "2024-02-20-19-00-00", "latency": 25}]}, {"location": {"country_code": "us", "region": "Virginia", "city": "Virginia Beach"}, "game_id": "762836", "values": [{"date": "2024-02-20-21-00-00", "latency": 14}]}, {"location": {"country_code": "us", "region": "Ohio", "city": "Warren"}, "game_id": "762836", "values": [{"date": "2024-02-20-07-00-00", "latency": 23}]}, {"location": {"country_code": "us", "region": "Idaho", "city": "Post Falls"}, "game_id": "762836", "values": [{"date": "2024-02-20-03-00-00", "latency": 121}, {"date": "2024-02-20-03-00-00", "latency": 121}, {"date": "2024-02-20-03-00-00", "latency": 121}]}], "last_updated": 1719919365.769608}