{"data": [{"location": {"country_code": "us"}, "game_id": "101342", "values": [{"date": "2023-08-16-18-00-00", "latency": "51"}, {"date": "2023-08-16-18-00-00", "latency": "51"}, {"date": "2023-08-16-18-00-00", "latency": "51"}, {"date": "2023-08-16-18-00-00", "latency": "51"}, {"date": "2023-08-16-18-00-00", "latency": "51"}, {"date": "2023-08-16-18-00-00", "latency": "51"}, {"date": "2023-08-16-18-00-00", "latency": "51"}, {"date": "2023-08-16-18-00-00", "latency": "51"}, {"date": "2023-08-16-18-00-00", "latency": "51"}, {"date": "2023-08-16-18-00-00", "latency": "51"}, {"date": "2023-08-16-18-00-00", "latency": "51"}, {"date": "2023-08-16-18-00-00", "latency": "51"}, {"date": "2023-08-16-18-00-00", "latency": "51"}, {"date": "2023-08-16-18-00-00", "latency": "51"}, {"date": "2023-08-16-18-00-00", "latency": "51"}, {"date": "2023-08-16-18-00-00", "latency": "51"}, {"date": "2023-08-16-18-00-00", "latency": "51"}, {"date": "2023-08-16-18-00-00", "latency": "51"}, {"date": "2023-08-16-18-00-00", "latency": "51"}, {"date": "2023-08-16-18-00-00", "latency": "51"}, {"date": "2023-08-16-18-00-00", "latency": "51"}, {"date": "2023-08-16-18-00-00", "latency": "51"}, {"date": "2023-08-16-18-00-00", "latency": "51"}, {"date": "2023-08-16-18-00-00", "latency": "51"}, {"date": "2023-08-16-04-00-00", "latency": "101"}, {"date": "2023-08-16-04-00-00", "latency": "101"}, {"date": "2023-08-16-04-00-00", "latency": "101"}, {"date": "2023-08-16-04-00-00", "latency": "101"}, {"date": "2023-08-16-04-00-00", "latency": "101"}, {"date": "2023-08-16-04-00-00", "latency": "101"}, {"date": "2023-08-16-04-00-00", "latency": "101"}, {"date": "2023-08-16-04-00-00", "latency": "101"}, {"date": "2023-08-16-04-00-00", "latency": "101"}, {"date": "2023-08-16-04-00-00", "latency": "101"}, {"date": "2023-08-16-04-00-00", "latency": "101"}, {"date": "2023-08-16-04-00-00", "latency": "101"}, {"date": "2023-08-16-04-00-00", "latency": "101"}, {"date": "2023-08-16-04-00-00", "latency": "101"}, {"date": "2023-08-16-04-00-00", "latency": "101"}, {"date": "2023-08-16-04-00-00", "latency": "101"}, {"date": "2023-08-16-04-00-00", "latency": "101"}, {"date": "2023-08-16-04-00-00", "latency": "101"}, {"date": "2023-08-16-04-00-00", "latency": "101"}, {"date": "2023-08-16-04-00-00", "latency": "101"}, {"date": "2023-08-16-04-00-00", "latency": "101"}, {"date": "2023-08-17-02-00-00", "latency": "45"}, {"date": "2023-08-17-02-00-00", "latency": "45"}, {"date": "2023-08-17-02-00-00", "latency": "45"}, {"date": "2023-08-17-02-00-00", "latency": "45"}, {"date": "2023-08-17-02-00-00", "latency": "45"}, {"date": "2023-08-17-02-00-00", "latency": "45"}, {"date": "2023-08-17-02-00-00", "latency": "45"}, {"date": "2023-08-17-02-00-00", "latency": "45"}, {"date": "2023-08-17-02-00-00", "latency": "45"}, {"date": "2023-08-17-02-00-00", "latency": "45"}, {"date": "2023-08-17-02-00-00", "latency": "45"}, {"date": "2023-08-17-02-00-00", "latency": "45"}, {"date": "2023-08-17-02-00-00", "latency": "45"}, {"date": "2023-08-17-02-00-00", "latency": "45"}, {"date": "2023-08-17-02-00-00", "latency": "45"}, {"date": "2023-08-17-02-00-00", "latency": "45"}, {"date": "2023-08-17-02-00-00", "latency": "45"}, {"date": "2023-08-17-02-00-00", "latency": "45"}, {"date": "2023-08-17-02-00-00", "latency": "45"}, {"date": "2023-08-17-02-00-00", "latency": "45"}, {"date": "2023-08-17-02-00-00", "latency": "45"}, {"date": "2023-08-17-02-00-00", "latency": "45"}, {"date": "2023-08-17-02-00-00", "latency": "45"}, {"date": "2023-08-17-02-00-00", "latency": "45"}, {"date": "2023-08-17-02-00-00", "latency": "45"}, {"date": "2023-08-17-02-00-00", "latency": "45"}, {"date": "2023-08-17-02-00-00", "latency": "45"}, {"date": "2023-08-17-02-00-00", "latency": "45"}, {"date": "2023-08-17-02-00-00", "latency": "45"}, {"date": "2023-08-17-02-00-00", "latency": "45"}, {"date": "2023-08-17-02-00-00", "latency": "45"}, {"date": "2023-08-16-19-00-00", "latency": "58"}, {"date": "2023-08-16-19-00-00", "latency": "58"}, {"date": "2023-08-16-19-00-00", "latency": "58"}, {"date": "2023-08-16-19-00-00", "latency": "58"}, {"date": "2023-08-16-19-00-00", "latency": "58"}]}, {"location": {"country_code": "us", "region": "New York", "city": "Jamestown"}, "game_id": "101342", "values": [{"date": "2023-08-16-03-00-00", "latency": "47"}, {"date": "2023-08-16-03-00-00", "latency": "47"}, {"date": "2023-08-16-03-00-00", "latency": "47"}, {"date": "2023-08-16-03-00-00", "latency": "47"}, {"date": "2023-08-16-03-00-00", "latency": "47"}, {"date": "2023-08-16-03-00-00", "latency": "47"}, {"date": "2023-08-16-03-00-00", "latency": "47"}, {"date": "2023-08-16-03-00-00", "latency": "47"}, {"date": "2023-08-16-17-00-00", "latency": "70"}, {"date": "2023-08-16-17-00-00", "latency": "70"}, {"date": "2023-08-16-17-00-00", "latency": "70"}, {"date": "2023-08-16-17-00-00", "latency": "70"}, {"date": "2023-08-16-17-00-00", "latency": "70"}, {"date": "2023-08-16-17-00-00", "latency": "70"}, {"date": "2023-08-16-17-00-00", "latency": "70"}, {"date": "2023-08-16-17-00-00", "latency": "70"}, {"date": "2023-08-16-17-00-00", "latency": "70"}, {"date": "2023-08-16-17-00-00", "latency": "70"}, {"date": "2023-08-16-17-00-00", "latency": "70"}, {"date": "2023-08-16-17-00-00", "latency": "70"}]}, {"location": {"country_code": "gb"}, "game_id": "101342", "values": [{"date": "2023-08-16-18-00-00", "latency": "54"}, {"date": "2023-08-16-18-00-00", "latency": "54"}, {"date": "2023-08-16-18-00-00", "latency": "54"}, {"date": "2023-08-16-18-00-00", "latency": "54"}, {"date": "2023-08-16-18-00-00", "latency": "54"}, {"date": "2023-08-16-18-00-00", "latency": "54"}, {"date": "2023-08-16-22-00-00", "latency": "67"}, {"date": "2023-08-16-22-00-00", "latency": "67"}, {"date": "2023-08-16-22-00-00", "latency": "67"}, {"date": "2023-08-16-22-00-00", "latency": "67"}, {"date": "2023-08-16-22-00-00", "latency": "67"}, {"date": "2023-08-16-22-00-00", "latency": "67"}, {"date": "2023-08-16-22-00-00", "latency": "67"}, {"date": "2023-08-16-22-00-00", "latency": "67"}, {"date": "2023-08-16-22-00-00", "latency": "67"}, {"date": "2023-08-16-22-00-00", "latency": "67"}, {"date": "2023-08-16-22-00-00", "latency": "67"}, {"date": "2023-08-16-22-00-00", "latency": "67"}, {"date": "2023-08-16-22-00-00", "latency": "67"}, {"date": "2023-08-16-22-00-00", "latency": "67"}, {"date": "2023-08-16-22-00-00", "latency": "67"}, {"date": "2023-08-16-22-00-00", "latency": "67"}, {"date": "2023-08-16-14-00-00", "latency": "83"}, {"date": "2023-08-16-14-00-00", "latency": "83"}, {"date": "2023-08-16-14-00-00", "latency": "83"}, {"date": "2023-08-16-14-00-00", "latency": "83"}, {"date": "2023-08-16-14-00-00", "latency": "83"}, {"date": "2023-08-16-14-00-00", "latency": "83"}, {"date": "2023-08-16-14-00-00", "latency": "83"}, {"date": "2023-08-16-14-00-00", "latency": "83"}, {"date": "2023-08-16-14-00-00", "latency": "83"}, {"date": "2023-08-16-14-00-00", "latency": "83"}, {"date": "2023-08-16-14-00-00", "latency": "83"}, {"date": "2023-08-16-14-00-00", "latency": "83"}, {"date": "2023-08-16-14-00-00", "latency": "83"}, {"date": "2023-08-16-14-00-00", "latency": "83"}, {"date": "2023-08-16-14-00-00", "latency": "83"}, {"date": "2023-08-16-14-00-00", "latency": "83"}, {"date": "2023-08-16-14-00-00", "latency": "83"}, {"date": "2023-08-16-14-00-00", "latency": "83"}, {"date": "2023-08-16-14-00-00", "latency": "83"}, {"date": "2023-08-16-14-00-00", "latency": "83"}, {"date": "2023-08-16-14-00-00", "latency": "83"}, {"date": "2023-08-16-14-00-00", "latency": "83"}, {"date": "2023-08-16-14-00-00", "latency": "83"}, {"date": "2023-08-16-14-00-00", "latency": "83"}, {"date": "2023-08-16-14-00-00", "latency": "83"}, {"date": "2023-08-16-14-00-00", "latency": "83"}, {"date": "2023-08-16-14-00-00", "latency": "83"}, {"date": "2023-08-16-14-00-00", "latency": "83"}, {"date": "2023-08-16-14-00-00", "latency": "83"}, {"date": "2023-08-16-14-00-00", "latency": "83"}, {"date": "2023-08-16-14-00-00", "latency": "83"}, {"date": "2023-08-16-14-00-00", "latency": "83"}, {"date": "2023-08-16-14-00-00", "latency": "83"}, {"date": "2023-08-17-01-00-00", "latency": "85"}, {"date": "2023-08-17-01-00-00", "latency": "85"}, {"date": "2023-08-17-01-00-00", "latency": "85"}, {"date": "2023-08-17-01-00-00", "latency": "85"}, {"date": "2023-08-17-01-00-00", "latency": "85"}, {"date": "2023-08-17-01-00-00", "latency": "85"}, {"date": "2023-08-17-01-00-00", "latency": "85"}, {"date": "2023-08-17-01-00-00", "latency": "85"}, {"date": "2023-08-17-01-00-00", "latency": "85"}, {"date": "2023-08-17-01-00-00", "latency": "85"}, {"date": "2023-08-17-01-00-00", "latency": "85"}, {"date": "2023-08-17-01-00-00", "latency": "85"}, {"date": "2023-08-17-01-00-00", "latency": "85"}, {"date": "2023-08-17-01-00-00", "latency": "85"}, {"date": "2023-08-17-01-00-00", "latency": "85"}, {"date": "2023-08-17-01-00-00", "latency": "85"}, {"date": "2023-08-17-01-00-00", "latency": "85"}, {"date": "2023-08-17-01-00-00", "latency": "85"}, {"date": "2023-08-17-01-00-00", "latency": "85"}, {"date": "2023-08-17-01-00-00", "latency": "85"}, {"date": "2023-08-17-01-00-00", "latency": "85"}, {"date": "2023-08-17-01-00-00", "latency": "85"}, {"date": "2023-08-17-01-00-00", "latency": "85"}, {"date": "2023-08-17-01-00-00", "latency": "85"}, {"date": "2023-08-17-01-00-00", "latency": "85"}, {"date": "2023-08-17-01-00-00", "latency": "85"}, {"date": "2023-08-16-15-00-00", "latency": "78"}, {"date": "2023-08-16-15-00-00", "latency": "78"}, {"date": "2023-08-16-15-00-00", "latency": "78"}, {"date": "2023-08-16-15-00-00", "latency": "78"}, {"date": "2023-08-16-15-00-00", "latency": "78"}, {"date": "2023-08-16-15-00-00", "latency": "78"}, {"date": "2023-08-16-15-00-00", "latency": "78"}, {"date": "2023-08-16-15-00-00", "latency": "78"}, {"date": "2023-08-16-15-00-00", "latency": "78"}, {"date": "2023-08-16-15-00-00", "latency": "78"}, {"date": "2023-08-16-15-00-00", "latency": "78"}, {"date": "2023-08-16-15-00-00", "latency": "78"}, {"date": "2023-08-16-15-00-00", "latency": "78"}, {"date": "2023-08-16-15-00-00", "latency": "78"}, {"date": "2023-08-16-15-00-00", "latency": "78"}, {"date": "2023-08-16-15-00-00", "latency": "78"}, {"date": "2023-08-16-15-00-00", "latency": "78"}, {"date": "2023-08-16-15-00-00", "latency": "78"}, {"date": "2023-08-16-15-00-00", "latency": "78"}, {"date": "2023-08-16-15-00-00", "latency": "78"}, {"date": "2023-08-16-15-00-00", "latency": "78"}, {"date": "2023-08-16-15-00-00", "latency": "78"}, {"date": "2023-08-16-15-00-00", "latency": "78"}, {"date": "2023-08-16-15-00-00", "latency": "78"}, {"date": "2023-08-16-15-00-00", "latency": "78"}, {"date": "2023-08-16-15-00-00", "latency": "78"}, {"date": "2023-08-16-15-00-00", "latency": "78"}, {"date": "2023-08-16-15-00-00", "latency": "78"}]}, {"location": {"country_code": "it"}, "game_id": "101342", "values": [{"date": "2023-08-16-10-00-00", "latency": "79"}, {"date": "2023-08-16-10-00-00", "latency": "79"}, {"date": "2023-08-16-10-00-00", "latency": "79"}, {"date": "2023-08-16-10-00-00", "latency": "79"}, {"date": "2023-08-16-10-00-00", "latency": "79"}, {"date": "2023-08-16-10-00-00", "latency": "79"}, {"date": "2023-08-16-10-00-00", "latency": "79"}, {"date": "2023-08-16-10-00-00", "latency": "79"}, {"date": "2023-08-16-10-00-00", "latency": "79"}, {"date": "2023-08-16-10-00-00", "latency": "79"}, {"date": "2023-08-16-10-00-00", "latency": "79"}, {"date": "2023-08-16-10-00-00", "latency": "79"}, {"date": "2023-08-16-10-00-00", "latency": "79"}, {"date": "2023-08-16-10-00-00", "latency": "79"}, {"date": "2023-08-16-10-00-00", "latency": "79"}, {"date": "2023-08-16-10-00-00", "latency": "79"}, {"date": "2023-08-16-10-00-00", "latency": "79"}, {"date": "2023-08-16-10-00-00", "latency": "79"}, {"date": "2023-08-16-10-00-00", "latency": "79"}, {"date": "2023-08-16-10-00-00", "latency": "79"}, {"date": "2023-08-16-10-00-00", "latency": "79"}, {"date": "2023-08-16-10-00-00", "latency": "79"}, {"date": "2023-08-16-10-00-00", "latency": "79"}, {"date": "2023-08-16-10-00-00", "latency": "79"}, {"date": "2023-08-16-10-00-00", "latency": "79"}]}, {"location": {"country_code": "za"}, "game_id": "101342", "values": [{"date": "2023-08-16-18-00-00", "latency": "280"}, {"date": "2023-08-16-18-00-00", "latency": "280"}, {"date": "2023-08-16-18-00-00", "latency": "280"}, {"date": "2023-08-16-18-00-00", "latency": "280"}, {"date": "2023-08-16-18-00-00", "latency": "280"}, {"date": "2023-08-16-18-00-00", "latency": "280"}, {"date": "2023-08-16-18-00-00", "latency": "280"}, {"date": "2023-08-16-18-00-00", "latency": "280"}, {"date": "2023-08-16-18-00-00", "latency": "280"}, {"date": "2023-08-16-18-00-00", "latency": "280"}, {"date": "2023-08-16-18-00-00", "latency": "280"}, {"date": "2023-08-16-18-00-00", "latency": "280"}, {"date": "2023-08-16-18-00-00", "latency": "280"}, {"date": "2023-08-16-18-00-00", "latency": "280"}, {"date": "2023-08-16-18-00-00", "latency": "280"}, {"date": "2023-08-16-18-00-00", "latency": "280"}, {"date": "2023-08-16-18-00-00", "latency": "280"}, {"date": "2023-08-16-18-00-00", "latency": "280"}, {"date": "2023-08-16-18-00-00", "latency": "280"}, {"date": "2023-08-16-18-00-00", "latency": "280"}, {"date": "2023-08-16-18-00-00", "latency": "280"}, {"date": "2023-08-16-18-00-00", "latency": "280"}, {"date": "2023-08-16-18-00-00", "latency": "280"}]}, {"location": {"country_code": "ca"}, "game_id": "101342", "values": [{"date": "2023-08-17-02-00-00", "latency": "216"}, {"date": "2023-08-17-02-00-00", "latency": "216"}, {"date": "2023-08-17-02-00-00", "latency": "216"}, {"date": "2023-08-17-02-00-00", "latency": "216"}, {"date": "2023-08-17-02-00-00", "latency": "216"}, {"date": "2023-08-17-02-00-00", "latency": "216"}, {"date": "2023-08-17-02-00-00", "latency": "216"}, {"date": "2023-08-17-02-00-00", "latency": "216"}, {"date": "2023-08-17-02-00-00", "latency": "216"}, {"date": "2023-08-17-02-00-00", "latency": "216"}, {"date": "2023-08-17-02-00-00", "latency": "216"}, {"date": "2023-08-17-02-00-00", "latency": "216"}, {"date": "2023-08-17-02-00-00", "latency": "216"}, {"date": "2023-08-17-02-00-00", "latency": "216"}, {"date": "2023-08-17-02-00-00", "latency": "216"}, {"date": "2023-08-17-02-00-00", "latency": "216"}, {"date": "2023-08-17-02-00-00", "latency": "216"}, {"date": "2023-08-17-02-00-00", "latency": "216"}, {"date": "2023-08-17-02-00-00", "latency": "216"}, {"date": "2023-08-17-02-00-00", "latency": "216"}, {"date": "2023-08-17-02-00-00", "latency": "216"}, {"date": "2023-08-17-02-00-00", "latency": "216"}, {"date": "2023-08-17-02-00-00", "latency": "216"}, {"date": "2023-08-16-04-00-00", "latency": "85"}, {"date": "2023-08-16-04-00-00", "latency": "85"}, {"date": "2023-08-16-04-00-00", "latency": "85"}, {"date": "2023-08-16-04-00-00", "latency": "85"}, {"date": "2023-08-16-04-00-00", "latency": "85"}, {"date": "2023-08-16-04-00-00", "latency": "85"}, {"date": "2023-08-16-04-00-00", "latency": "85"}, {"date": "2023-08-16-04-00-00", "latency": "85"}, {"date": "2023-08-16-04-00-00", "latency": "85"}, {"date": "2023-08-16-04-00-00", "latency": "85"}, {"date": "2023-08-16-04-00-00", "latency": "85"}, {"date": "2023-08-16-04-00-00", "latency": "85"}, {"date": "2023-08-16-04-00-00", "latency": "85"}, {"date": "2023-08-16-04-00-00", "latency": "85"}, {"date": "2023-08-16-04-00-00", "latency": "85"}, {"date": "2023-08-16-04-00-00", "latency": "85"}, {"date": "2023-08-16-04-00-00", "latency": "85"}, {"date": "2023-08-16-04-00-00", "latency": "85"}, {"date": "2023-08-16-04-00-00", "latency": "85"}, {"date": "2023-08-16-04-00-00", "latency": "85"}, {"date": "2023-08-16-04-00-00", "latency": "85"}, {"date": "2023-08-16-04-00-00", "latency": "85"}, {"date": "2023-08-16-04-00-00", "latency": "85"}, {"date": "2023-08-16-04-00-00", "latency": "85"}, {"date": "2023-08-17-02-00-00", "latency": "81"}, {"date": "2023-08-17-02-00-00", "latency": "81"}, {"date": "2023-08-17-02-00-00", "latency": "81"}, {"date": "2023-08-17-02-00-00", "latency": "81"}, {"date": "2023-08-17-02-00-00", "latency": "81"}, {"date": "2023-08-17-02-00-00", "latency": "81"}, {"date": "2023-08-17-02-00-00", "latency": "81"}, {"date": "2023-08-17-02-00-00", "latency": "81"}, {"date": "2023-08-17-02-00-00", "latency": "81"}, {"date": "2023-08-17-02-00-00", "latency": "81"}]}, {"location": {"country_code": "de"}, "game_id": "101342", "values": [{"date": "2023-08-16-22-00-00", "latency": "59"}, {"date": "2023-08-16-22-00-00", "latency": "59"}, {"date": "2023-08-16-22-00-00", "latency": "59"}, {"date": "2023-08-16-22-00-00", "latency": "59"}, {"date": "2023-08-16-22-00-00", "latency": "59"}, {"date": "2023-08-16-22-00-00", "latency": "59"}, {"date": "2023-08-16-22-00-00", "latency": "59"}, {"date": "2023-08-16-22-00-00", "latency": "59"}, {"date": "2023-08-16-22-00-00", "latency": "59"}, {"date": "2023-08-16-22-00-00", "latency": "59"}, {"date": "2023-08-16-22-00-00", "latency": "59"}, {"date": "2023-08-16-22-00-00", "latency": "59"}, {"date": "2023-08-16-22-00-00", "latency": "59"}, {"date": "2023-08-16-22-00-00", "latency": "59"}, {"date": "2023-08-16-22-00-00", "latency": "59"}, {"date": "2023-08-16-22-00-00", "latency": "59"}, {"date": "2023-08-16-21-00-00", "latency": "79"}, {"date": "2023-08-16-21-00-00", "latency": "79"}, {"date": "2023-08-16-21-00-00", "latency": "79"}, {"date": "2023-08-16-21-00-00", "latency": "79"}, {"date": "2023-08-16-21-00-00", "latency": "79"}, {"date": "2023-08-16-21-00-00", "latency": "79"}, {"date": "2023-08-16-21-00-00", "latency": "79"}, {"date": "2023-08-16-21-00-00", "latency": "79"}, {"date": "2023-08-16-21-00-00", "latency": "79"}, {"date": "2023-08-16-21-00-00", "latency": "79"}, {"date": "2023-08-16-21-00-00", "latency": "79"}, {"date": "2023-08-16-21-00-00", "latency": "79"}, {"date": "2023-08-16-21-00-00", "latency": "79"}, {"date": "2023-08-16-21-00-00", "latency": "79"}, {"date": "2023-08-16-21-00-00", "latency": "79"}, {"date": "2023-08-16-21-00-00", "latency": "79"}, {"date": "2023-08-16-21-00-00", "latency": "79"}, {"date": "2023-08-16-21-00-00", "latency": "79"}, {"date": "2023-08-16-21-00-00", "latency": "79"}]}, {"location": {"country_code": "gb", "region": "Scotland"}, "game_id": "101342", "values": [{"date": "2023-08-16-23-00-00", "latency": "71"}, {"date": "2023-08-16-23-00-00", "latency": "71"}, {"date": "2023-08-16-23-00-00", "latency": "71"}, {"date": "2023-08-16-23-00-00", "latency": "71"}, {"date": "2023-08-16-23-00-00", "latency": "71"}, {"date": "2023-08-16-23-00-00", "latency": "71"}, {"date": "2023-08-16-23-00-00", "latency": "71"}, {"date": "2023-08-16-23-00-00", "latency": "71"}, {"date": "2023-08-16-23-00-00", "latency": "71"}, {"date": "2023-08-16-23-00-00", "latency": "71"}, {"date": "2023-08-16-23-00-00", "latency": "71"}, {"date": "2023-08-16-23-00-00", "latency": "71"}, {"date": "2023-08-16-23-00-00", "latency": "71"}, {"date": "2023-08-16-23-00-00", "latency": "71"}, {"date": "2023-08-16-23-00-00", "latency": "71"}, {"date": "2023-08-16-23-00-00", "latency": "71"}, {"date": "2023-08-16-23-00-00", "latency": "71"}, {"date": "2023-08-16-23-00-00", "latency": "71"}, {"date": "2023-08-16-23-00-00", "latency": "71"}]}, {"location": {"country_code": "gb", "region": "Scotland", "city": "Glasgow"}, "game_id": "101342", "values": [{"date": "2023-08-16-20-00-00", "latency": "76"}, {"date": "2023-08-16-20-00-00", "latency": "76"}, {"date": "2023-08-16-20-00-00", "latency": "76"}, {"date": "2023-08-16-20-00-00", "latency": "76"}, {"date": "2023-08-16-20-00-00", "latency": "76"}, {"date": "2023-08-16-20-00-00", "latency": "76"}, {"date": "2023-08-16-20-00-00", "latency": "76"}, {"date": "2023-08-16-20-00-00", "latency": "76"}, {"date": "2023-08-16-20-00-00", "latency": "76"}, {"date": "2023-08-16-20-00-00", "latency": "76"}, {"date": "2023-08-16-20-00-00", "latency": "76"}]}, {"location": {"country_code": "us", "region": "Texas"}, "game_id": "101342", "values": [{"date": "2023-08-16-19-00-00", "latency": "48"}, {"date": "2023-08-16-19-00-00", "latency": "48"}, {"date": "2023-08-16-19-00-00", "latency": "48"}, {"date": "2023-08-16-19-00-00", "latency": "48"}, {"date": "2023-08-16-19-00-00", "latency": "48"}, {"date": "2023-08-16-19-00-00", "latency": "48"}, {"date": "2023-08-16-08-00-00", "latency": "53"}, {"date": "2023-08-16-08-00-00", "latency": "53"}, {"date": "2023-08-16-08-00-00", "latency": "53"}, {"date": "2023-08-16-08-00-00", "latency": "53"}, {"date": "2023-08-16-08-00-00", "latency": "53"}, {"date": "2023-08-16-08-00-00", "latency": "53"}, {"date": "2023-08-16-08-00-00", "latency": "53"}, {"date": "2023-08-16-08-00-00", "latency": "53"}, {"date": "2023-08-16-08-00-00", "latency": "53"}, {"date": "2023-08-16-08-00-00", "latency": "53"}, {"date": "2023-08-16-08-00-00", "latency": "53"}, {"date": "2023-08-16-08-00-00", "latency": "53"}, {"date": "2023-08-16-08-00-00", "latency": "53"}, {"date": "2023-08-16-08-00-00", "latency": "53"}, {"date": "2023-08-16-08-00-00", "latency": "53"}, {"date": "2023-08-16-08-00-00", "latency": "53"}, {"date": "2023-08-16-08-00-00", "latency": "53"}, {"date": "2023-08-16-08-00-00", "latency": "53"}, {"date": "2023-08-16-08-00-00", "latency": "53"}, {"date": "2023-08-16-08-00-00", "latency": "53"}, {"date": "2023-08-16-08-00-00", "latency": "53"}, {"date": "2023-08-16-08-00-00", "latency": "53"}, {"date": "2023-08-16-08-00-00", "latency": "53"}, {"date": "2023-08-16-08-00-00", "latency": "53"}, {"date": "2023-08-16-08-00-00", "latency": "53"}, {"date": "2023-08-16-08-00-00", "latency": "53"}, {"date": "2023-08-16-08-00-00", "latency": "53"}, {"date": "2023-08-16-08-00-00", "latency": "53"}, {"date": "2023-08-16-08-00-00", "latency": "53"}, {"date": "2023-08-16-08-00-00", "latency": "53"}]}, {"location": {"country_code": "fr"}, "game_id": "101342", "values": [{"date": "2023-08-16-14-00-00", "latency": "84"}, {"date": "2023-08-16-14-00-00", "latency": "84"}, {"date": "2023-08-16-14-00-00", "latency": "84"}, {"date": "2023-08-16-14-00-00", "latency": "84"}, {"date": "2023-08-16-14-00-00", "latency": "84"}, {"date": "2023-08-16-14-00-00", "latency": "84"}, {"date": "2023-08-16-14-00-00", "latency": "84"}, {"date": "2023-08-16-14-00-00", "latency": "84"}, {"date": "2023-08-16-14-00-00", "latency": "84"}, {"date": "2023-08-16-14-00-00", "latency": "84"}, {"date": "2023-08-16-14-00-00", "latency": "84"}, {"date": "2023-08-16-14-00-00", "latency": "84"}, {"date": "2023-08-16-14-00-00", "latency": "84"}, {"date": "2023-08-16-14-00-00", "latency": "84"}, {"date": "2023-08-16-14-00-00", "latency": "84"}, {"date": "2023-08-16-14-00-00", "latency": "84"}, {"date": "2023-08-16-14-00-00", "latency": "84"}, {"date": "2023-08-16-14-00-00", "latency": "84"}, {"date": "2023-08-16-14-00-00", "latency": "84"}, {"date": "2023-08-16-14-00-00", "latency": "84"}, {"date": "2023-08-16-14-00-00", "latency": "84"}, {"date": "2023-08-16-14-00-00", "latency": "84"}, {"date": "2023-08-16-14-00-00", "latency": "84"}, {"date": "2023-08-16-14-00-00", "latency": "84"}]}, {"location": {"country_code": "us", "region": "New Jersey"}, "game_id": "101342", "values": [{"date": "2023-08-16-23-00-00", "latency": "52"}, {"date": "2023-08-16-23-00-00", "latency": "52"}, {"date": "2023-08-16-23-00-00", "latency": "52"}, {"date": "2023-08-16-23-00-00", "latency": "52"}, {"date": "2023-08-16-23-00-00", "latency": "52"}, {"date": "2023-08-16-23-00-00", "latency": "52"}, {"date": "2023-08-16-23-00-00", "latency": "52"}]}, {"location": {"country_code": "us", "region": "California", "city": "San Jose"}, "game_id": "101342", "values": [{"date": "2023-08-16-10-00-00", "latency": "98"}]}, {"location": {"country_code": "br"}, "game_id": "101342", "values": [{"date": "2023-08-16-16-00-00", "latency": "41"}, {"date": "2023-08-16-16-00-00", "latency": "41"}, {"date": "2023-08-16-16-00-00", "latency": "41"}, {"date": "2023-08-16-16-00-00", "latency": "41"}, {"date": "2023-08-16-16-00-00", "latency": "41"}, {"date": "2023-08-16-16-00-00", "latency": "41"}, {"date": "2023-08-16-16-00-00", "latency": "41"}, {"date": "2023-08-16-16-00-00", "latency": "41"}]}, {"location": {"country_code": "se"}, "game_id": "101342", "values": [{"date": "2023-08-16-06-00-00", "latency": "69"}, {"date": "2023-08-16-06-00-00", "latency": "69"}, {"date": "2023-08-16-06-00-00", "latency": "69"}, {"date": "2023-08-16-06-00-00", "latency": "69"}, {"date": "2023-08-16-06-00-00", "latency": "69"}, {"date": "2023-08-16-06-00-00", "latency": "69"}, {"date": "2023-08-16-06-00-00", "latency": "69"}, {"date": "2023-08-16-06-00-00", "latency": "69"}, {"date": "2023-08-16-06-00-00", "latency": "69"}, {"date": "2023-08-16-06-00-00", "latency": "69"}, {"date": "2023-08-16-06-00-00", "latency": "69"}, {"date": "2023-08-16-06-00-00", "latency": "69"}, {"date": "2023-08-16-06-00-00", "latency": "69"}, {"date": "2023-08-16-06-00-00", "latency": "69"}]}, {"location": {"country_code": "no"}, "game_id": "101342", "values": [{"date": "2023-08-16-17-00-00", "latency": "59"}, {"date": "2023-08-16-17-00-00", "latency": "59"}, {"date": "2023-08-16-17-00-00", "latency": "59"}, {"date": "2023-08-16-17-00-00", "latency": "59"}, {"date": "2023-08-16-17-00-00", "latency": "59"}, {"date": "2023-08-16-17-00-00", "latency": "59"}, {"date": "2023-08-16-17-00-00", "latency": "59"}, {"date": "2023-08-16-17-00-00", "latency": "59"}, {"date": "2023-08-16-17-00-00", "latency": "59"}, {"date": "2023-08-16-17-00-00", "latency": "59"}, {"date": "2023-08-16-17-00-00", "latency": "59"}, {"date": "2023-08-16-17-00-00", "latency": "59"}, {"date": "2023-08-16-17-00-00", "latency": "59"}, {"date": "2023-08-16-17-00-00", "latency": "59"}, {"date": "2023-08-16-17-00-00", "latency": "59"}, {"date": "2023-08-16-17-00-00", "latency": "59"}, {"date": "2023-08-16-17-00-00", "latency": "59"}, {"date": "2023-08-16-17-00-00", "latency": "59"}, {"date": "2023-08-16-17-00-00", "latency": "59"}, {"date": "2023-08-16-17-00-00", "latency": "59"}]}, {"location": {"country_code": "au"}, "game_id": "101342", "values": [{"date": "2023-08-16-14-00-00", "latency": "48"}, {"date": "2023-08-16-14-00-00", "latency": "48"}, {"date": "2023-08-16-14-00-00", "latency": "48"}, {"date": "2023-08-16-14-00-00", "latency": "48"}, {"date": "2023-08-16-14-00-00", "latency": "48"}, {"date": "2023-08-16-14-00-00", "latency": "48"}, {"date": "2023-08-16-14-00-00", "latency": "48"}, {"date": "2023-08-16-14-00-00", "latency": "48"}, {"date": "2023-08-16-14-00-00", "latency": "48"}, {"date": "2023-08-16-14-00-00", "latency": "48"}, {"date": "2023-08-16-14-00-00", "latency": "48"}, {"date": "2023-08-16-14-00-00", "latency": "48"}, {"date": "2023-08-16-14-00-00", "latency": "48"}, {"date": "2023-08-16-14-00-00", "latency": "48"}, {"date": "2023-08-16-14-00-00", "latency": "48"}, {"date": "2023-08-16-14-00-00", "latency": "48"}, {"date": "2023-08-16-14-00-00", "latency": "48"}, {"date": "2023-08-16-14-00-00", "latency": "48"}, {"date": "2023-08-16-14-00-00", "latency": "48"}, {"date": "2023-08-16-14-00-00", "latency": "48"}, {"date": "2023-08-16-14-00-00", "latency": "48"}, {"date": "2023-08-16-14-00-00", "latency": "48"}, {"date": "2023-08-16-14-00-00", "latency": "48"}, {"date": "2023-08-16-14-00-00", "latency": "48"}, {"date": "2023-08-16-14-00-00", "latency": "48"}, {"date": "2023-08-16-14-00-00", "latency": "48"}, {"date": "2023-08-16-14-00-00", "latency": "48"}, {"date": "2023-08-16-14-00-00", "latency": "48"}, {"date": "2023-08-16-14-00-00", "latency": "48"}, {"date": "2023-08-16-14-00-00", "latency": "48"}, {"date": "2023-08-16-13-00-00", "latency": "100"}, {"date": "2023-08-16-13-00-00", "latency": "100"}, {"date": "2023-08-16-13-00-00", "latency": "100"}, {"date": "2023-08-16-13-00-00", "latency": "100"}, {"date": "2023-08-16-13-00-00", "latency": "100"}, {"date": "2023-08-16-13-00-00", "latency": "100"}, {"date": "2023-08-16-13-00-00", "latency": "100"}, {"date": "2023-08-16-13-00-00", "latency": "100"}, {"date": "2023-08-16-13-00-00", "latency": "100"}, {"date": "2023-08-16-13-00-00", "latency": "100"}, {"date": "2023-08-16-13-00-00", "latency": "100"}, {"date": "2023-08-16-13-00-00", "latency": "100"}, {"date": "2023-08-16-13-00-00", "latency": "100"}, {"date": "2023-08-16-13-00-00", "latency": "100"}, {"date": "2023-08-16-13-00-00", "latency": "100"}, {"date": "2023-08-16-13-00-00", "latency": "100"}, {"date": "2023-08-16-13-00-00", "latency": "100"}, {"date": "2023-08-16-13-00-00", "latency": "100"}, {"date": "2023-08-16-13-00-00", "latency": "100"}, {"date": "2023-08-16-13-00-00", "latency": "100"}, {"date": "2023-08-16-13-00-00", "latency": "100"}, {"date": "2023-08-16-13-00-00", "latency": "100"}, {"date": "2023-08-16-13-00-00", "latency": "100"}, {"date": "2023-08-16-13-00-00", "latency": "45"}, {"date": "2023-08-16-13-00-00", "latency": "45"}, {"date": "2023-08-16-13-00-00", "latency": "45"}, {"date": "2023-08-16-13-00-00", "latency": "45"}, {"date": "2023-08-16-13-00-00", "latency": "45"}]}, {"location": {"country_code": "sa"}, "game_id": "101342", "values": [{"date": "2023-08-16-06-00-00", "latency": "129"}, {"date": "2023-08-16-06-00-00", "latency": "129"}, {"date": "2023-08-16-06-00-00", "latency": "129"}, {"date": "2023-08-16-06-00-00", "latency": "129"}, {"date": "2023-08-16-06-00-00", "latency": "129"}, {"date": "2023-08-16-06-00-00", "latency": "129"}, {"date": "2023-08-16-06-00-00", "latency": "129"}, {"date": "2023-08-16-06-00-00", "latency": "129"}]}, {"location": {"country_code": "ar"}, "game_id": "101342", "values": [{"date": "2023-08-16-05-00-00", "latency": "78"}, {"date": "2023-08-16-05-00-00", "latency": "78"}, {"date": "2023-08-16-05-00-00", "latency": "78"}, {"date": "2023-08-16-05-00-00", "latency": "78"}, {"date": "2023-08-16-05-00-00", "latency": "78"}, {"date": "2023-08-16-05-00-00", "latency": "78"}, {"date": "2023-08-16-05-00-00", "latency": "78"}, {"date": "2023-08-16-05-00-00", "latency": "78"}, {"date": "2023-08-16-05-00-00", "latency": "78"}, {"date": "2023-08-16-05-00-00", "latency": "78"}, {"date": "2023-08-16-05-00-00", "latency": "78"}, {"date": "2023-08-16-05-00-00", "latency": "78"}, {"date": "2023-08-16-05-00-00", "latency": "78"}, {"date": "2023-08-16-05-00-00", "latency": "78"}, {"date": "2023-08-16-05-00-00", "latency": "78"}, {"date": "2023-08-16-05-00-00", "latency": "78"}, {"date": "2023-08-16-05-00-00", "latency": "78"}, {"date": "2023-08-16-05-00-00", "latency": "78"}, {"date": "2023-08-16-05-00-00", "latency": "78"}, {"date": "2023-08-16-05-00-00", "latency": "78"}, {"date": "2023-08-16-05-00-00", "latency": "78"}, {"date": "2023-08-16-05-00-00", "latency": "78"}, {"date": "2023-08-16-05-00-00", "latency": "78"}, {"date": "2023-08-16-05-00-00", "latency": "78"}, {"date": "2023-08-16-05-00-00", "latency": "78"}, {"date": "2023-08-16-05-00-00", "latency": "78"}, {"date": "2023-08-16-05-00-00", "latency": "78"}, {"date": "2023-08-16-05-00-00", "latency": "78"}, {"date": "2023-08-16-05-00-00", "latency": "78"}, {"date": "2023-08-16-05-00-00", "latency": "78"}, {"date": "2023-08-16-05-00-00", "latency": "78"}, {"date": "2023-08-16-05-00-00", "latency": "78"}, {"date": "2023-08-16-05-00-00", "latency": "78"}, {"date": "2023-08-16-05-00-00", "latency": "78"}, {"date": "2023-08-16-05-00-00", "latency": "78"}, {"date": "2023-08-16-05-00-00", "latency": "78"}, {"date": "2023-08-16-05-00-00", "latency": "78"}, {"date": "2023-08-16-05-00-00", "latency": "78"}, {"date": "2023-08-16-05-00-00", "latency": "78"}, {"date": "2023-08-16-05-00-00", "latency": "78"}, {"date": "2023-08-16-05-00-00", "latency": "78"}, {"date": "2023-08-16-05-00-00", "latency": "78"}, {"date": "2023-08-16-05-00-00", "latency": "78"}, {"date": "2023-08-16-05-00-00", "latency": "78"}, {"date": "2023-08-16-05-00-00", "latency": "78"}, {"date": "2023-08-16-05-00-00", "latency": "78"}, {"date": "2023-08-16-05-00-00", "latency": "78"}, {"date": "2023-08-16-05-00-00", "latency": "78"}, {"date": "2023-08-16-05-00-00", "latency": "78"}, {"date": "2023-08-16-05-00-00", "latency": "78"}, {"date": "2023-08-16-05-00-00", "latency": "78"}, {"date": "2023-08-16-05-00-00", "latency": "78"}, {"date": "2023-08-16-05-00-00", "latency": "78"}]}, {"location": {"country_code": "fi"}, "game_id": "101342", "values": [{"date": "2023-08-17-00-00-00", "latency": "75"}, {"date": "2023-08-17-00-00-00", "latency": "75"}, {"date": "2023-08-17-00-00-00", "latency": "75"}, {"date": "2023-08-17-00-00-00", "latency": "75"}, {"date": "2023-08-17-00-00-00", "latency": "75"}]}, {"location": {"country_code": "fi", "region": "Ostrobothnia"}, "game_id": "101342", "values": [{"date": "2023-08-16-21-00-00", "latency": "65"}, {"date": "2023-08-16-21-00-00", "latency": "65"}, {"date": "2023-08-16-21-00-00", "latency": "65"}, {"date": "2023-08-16-21-00-00", "latency": "65"}, {"date": "2023-08-16-21-00-00", "latency": "65"}, {"date": "2023-08-16-21-00-00", "latency": "65"}, {"date": "2023-08-16-21-00-00", "latency": "65"}, {"date": "2023-08-16-21-00-00", "latency": "65"}, {"date": "2023-08-16-21-00-00", "latency": "65"}, {"date": "2023-08-16-21-00-00", "latency": "65"}, {"date": "2023-08-16-21-00-00", "latency": "65"}, {"date": "2023-08-16-21-00-00", "latency": "65"}, {"date": "2023-08-16-21-00-00", "latency": "65"}, {"date": "2023-08-16-21-00-00", "latency": "65"}, {"date": "2023-08-16-21-00-00", "latency": "65"}]}, {"location": {"country_code": "de", "region": "Free and Hanseatic City of Hamburg", "city": "Hamburg"}, "game_id": "101342", "values": [{"date": "2023-08-16-22-00-00", "latency": "81"}, {"date": "2023-08-16-22-00-00", "latency": "81"}, {"date": "2023-08-16-22-00-00", "latency": "81"}, {"date": "2023-08-16-22-00-00", "latency": "81"}, {"date": "2023-08-16-22-00-00", "latency": "81"}, {"date": "2023-08-16-22-00-00", "latency": "81"}, {"date": "2023-08-16-22-00-00", "latency": "81"}, {"date": "2023-08-16-22-00-00", "latency": "81"}, {"date": "2023-08-16-22-00-00", "latency": "81"}, {"date": "2023-08-16-22-00-00", "latency": "81"}, {"date": "2023-08-16-22-00-00", "latency": "81"}, {"date": "2023-08-16-22-00-00", "latency": "81"}, {"date": "2023-08-16-22-00-00", "latency": "81"}, {"date": "2023-08-16-22-00-00", "latency": "81"}, {"date": "2023-08-16-22-00-00", "latency": "81"}, {"date": "2023-08-16-22-00-00", "latency": "81"}, {"date": "2023-08-16-22-00-00", "latency": "81"}, {"date": "2023-08-16-22-00-00", "latency": "81"}, {"date": "2023-08-16-22-00-00", "latency": "81"}, {"date": "2023-08-16-22-00-00", "latency": "81"}, {"date": "2023-08-16-22-00-00", "latency": "81"}, {"date": "2023-08-16-22-00-00", "latency": "81"}, {"date": "2023-08-16-22-00-00", "latency": "81"}, {"date": "2023-08-16-22-00-00", "latency": "81"}, {"date": "2023-08-16-22-00-00", "latency": "81"}, {"date": "2023-08-16-22-00-00", "latency": "81"}, {"date": "2023-08-16-22-00-00", "latency": "81"}, {"date": "2023-08-16-22-00-00", "latency": "81"}, {"date": "2023-08-16-22-00-00", "latency": "81"}, {"date": "2023-08-16-22-00-00", "latency": "81"}, {"date": "2023-08-16-22-00-00", "latency": "81"}, {"date": "2023-08-16-22-00-00", "latency": "81"}, {"date": "2023-08-16-22-00-00", "latency": "81"}, {"date": "2023-08-16-22-00-00", "latency": "81"}, {"date": "2023-08-16-22-00-00", "latency": "81"}, {"date": "2023-08-16-22-00-00", "latency": "81"}, {"date": "2023-08-16-22-00-00", "latency": "81"}, {"date": "2023-08-16-22-00-00", "latency": "81"}, {"date": "2023-08-16-22-00-00", "latency": "81"}, {"date": "2023-08-16-22-00-00", "latency": "81"}, {"date": "2023-08-16-22-00-00", "latency": "81"}, {"date": "2023-08-16-22-00-00", "latency": "81"}, {"date": "2023-08-16-22-00-00", "latency": "81"}, {"date": "2023-08-16-22-00-00", "latency": "81"}, {"date": "2023-08-16-22-00-00", "latency": "81"}, {"date": "2023-08-16-22-00-00", "latency": "81"}, {"date": "2023-08-16-22-00-00", "latency": "81"}]}, {"location": {"country_code": "at", "region": "Vienna"}, "game_id": "101342", "values": [{"date": "2023-08-16-20-00-00", "latency": "78"}, {"date": "2023-08-16-20-00-00", "latency": "78"}, {"date": "2023-08-16-20-00-00", "latency": "78"}, {"date": "2023-08-16-20-00-00", "latency": "78"}, {"date": "2023-08-16-20-00-00", "latency": "78"}]}, {"location": {"country_code": "us", "region": "Illinois", "city": "Chicago"}, "game_id": "101342", "values": [{"date": "2023-08-16-04-00-00", "latency": "54"}, {"date": "2023-08-16-04-00-00", "latency": "54"}, {"date": "2023-08-16-04-00-00", "latency": "54"}, {"date": "2023-08-16-04-00-00", "latency": "54"}, {"date": "2023-08-16-04-00-00", "latency": "54"}, {"date": "2023-08-16-04-00-00", "latency": "54"}, {"date": "2023-08-16-04-00-00", "latency": "54"}, {"date": "2023-08-16-04-00-00", "latency": "54"}, {"date": "2023-08-16-04-00-00", "latency": "54"}, {"date": "2023-08-16-04-00-00", "latency": "54"}, {"date": "2023-08-16-04-00-00", "latency": "54"}, {"date": "2023-08-16-04-00-00", "latency": "54"}, {"date": "2023-08-16-04-00-00", "latency": "54"}, {"date": "2023-08-16-04-00-00", "latency": "54"}, {"date": "2023-08-16-04-00-00", "latency": "54"}, {"date": "2023-08-16-04-00-00", "latency": "54"}]}, {"location": {"country_code": "us", "region": "North Carolina"}, "game_id": "101342", "values": [{"date": "2023-08-16-04-00-00", "latency": "72"}, {"date": "2023-08-16-04-00-00", "latency": "72"}, {"date": "2023-08-16-04-00-00", "latency": "72"}, {"date": "2023-08-16-04-00-00", "latency": "72"}, {"date": "2023-08-16-04-00-00", "latency": "72"}, {"date": "2023-08-16-04-00-00", "latency": "72"}, {"date": "2023-08-16-04-00-00", "latency": "72"}, {"date": "2023-08-16-04-00-00", "latency": "72"}, {"date": "2023-08-16-04-00-00", "latency": "72"}, {"date": "2023-08-16-04-00-00", "latency": "72"}, {"date": "2023-08-16-04-00-00", "latency": "72"}, {"date": "2023-08-16-04-00-00", "latency": "72"}, {"date": "2023-08-16-04-00-00", "latency": "72"}, {"date": "2023-08-16-04-00-00", "latency": "72"}, {"date": "2023-08-16-04-00-00", "latency": "72"}, {"date": "2023-08-16-04-00-00", "latency": "72"}, {"date": "2023-08-16-04-00-00", "latency": "72"}, {"date": "2023-08-16-04-00-00", "latency": "72"}, {"date": "2023-08-16-04-00-00", "latency": "72"}, {"date": "2023-08-16-04-00-00", "latency": "72"}, {"date": "2023-08-16-04-00-00", "latency": "72"}, {"date": "2023-08-16-04-00-00", "latency": "72"}, {"date": "2023-08-16-04-00-00", "latency": "72"}, {"date": "2023-08-16-04-00-00", "latency": "72"}, {"date": "2023-08-16-04-00-00", "latency": "72"}, {"date": "2023-08-16-04-00-00", "latency": "72"}, {"date": "2023-08-16-04-00-00", "latency": "72"}, {"date": "2023-08-16-04-00-00", "latency": "72"}, {"date": "2023-08-16-04-00-00", "latency": "72"}, {"date": "2023-08-16-14-00-00", "latency": "70"}, {"date": "2023-08-16-14-00-00", "latency": "70"}, {"date": "2023-08-16-14-00-00", "latency": "70"}, {"date": "2023-08-16-14-00-00", "latency": "70"}, {"date": "2023-08-16-14-00-00", "latency": "70"}, {"date": "2023-08-16-14-00-00", "latency": "70"}, {"date": "2023-08-16-14-00-00", "latency": "70"}, {"date": "2023-08-16-14-00-00", "latency": "70"}, {"date": "2023-08-16-14-00-00", "latency": "70"}, {"date": "2023-08-16-14-00-00", "latency": "70"}, {"date": "2023-08-16-14-00-00", "latency": "70"}, {"date": "2023-08-16-14-00-00", "latency": "70"}, {"date": "2023-08-16-14-00-00", "latency": "70"}, {"date": "2023-08-16-14-00-00", "latency": "70"}, {"date": "2023-08-16-14-00-00", "latency": "70"}, {"date": "2023-08-16-14-00-00", "latency": "70"}, {"date": "2023-08-16-14-00-00", "latency": "70"}, {"date": "2023-08-16-14-00-00", "latency": "70"}, {"date": "2023-08-16-14-00-00", "latency": "70"}, {"date": "2023-08-16-14-00-00", "latency": "70"}, {"date": "2023-08-16-14-00-00", "latency": "70"}, {"date": "2023-08-16-14-00-00", "latency": "70"}, {"date": "2023-08-16-14-00-00", "latency": "70"}, {"date": "2023-08-16-14-00-00", "latency": "70"}, {"date": "2023-08-16-14-00-00", "latency": "70"}, {"date": "2023-08-16-14-00-00", "latency": "70"}, {"date": "2023-08-16-14-00-00", "latency": "70"}, {"date": "2023-08-16-14-00-00", "latency": "70"}, {"date": "2023-08-16-14-00-00", "latency": "70"}, {"date": "2023-08-16-14-00-00", "latency": "70"}, {"date": "2023-08-16-14-00-00", "latency": "70"}, {"date": "2023-08-16-14-00-00", "latency": "70"}, {"date": "2023-08-16-14-00-00", "latency": "70"}, {"date": "2023-08-16-14-00-00", "latency": "70"}, {"date": "2023-08-16-14-00-00", "latency": "70"}, {"date": "2023-08-16-14-00-00", "latency": "70"}, {"date": "2023-08-16-14-00-00", "latency": "70"}, {"date": "2023-08-16-14-00-00", "latency": "70"}, {"date": "2023-08-16-14-00-00", "latency": "70"}, {"date": "2023-08-16-14-00-00", "latency": "70"}, {"date": "2023-08-16-14-00-00", "latency": "70"}, {"date": "2023-08-16-14-00-00", "latency": "70"}, {"date": "2023-08-16-14-00-00", "latency": "70"}, {"date": "2023-08-16-14-00-00", "latency": "70"}, {"date": "2023-08-16-14-00-00", "latency": "70"}, {"date": "2023-08-16-14-00-00", "latency": "70"}, {"date": "2023-08-16-14-00-00", "latency": "70"}, {"date": "2023-08-16-14-00-00", "latency": "70"}, {"date": "2023-08-16-14-00-00", "latency": "70"}]}, {"location": {"country_code": "ua"}, "game_id": "101342", "values": [{"date": "2023-08-16-22-00-00", "latency": "77"}, {"date": "2023-08-16-22-00-00", "latency": "77"}, {"date": "2023-08-16-22-00-00", "latency": "77"}, {"date": "2023-08-16-22-00-00", "latency": "77"}, {"date": "2023-08-16-22-00-00", "latency": "77"}, {"date": "2023-08-16-22-00-00", "latency": "77"}, {"date": "2023-08-16-22-00-00", "latency": "77"}, {"date": "2023-08-16-22-00-00", "latency": "77"}, {"date": "2023-08-16-22-00-00", "latency": "77"}, {"date": "2023-08-16-22-00-00", "latency": "77"}, {"date": "2023-08-16-22-00-00", "latency": "77"}, {"date": "2023-08-16-22-00-00", "latency": "77"}, {"date": "2023-08-16-22-00-00", "latency": "77"}, {"date": "2023-08-16-22-00-00", "latency": "77"}, {"date": "2023-08-16-22-00-00", "latency": "77"}, {"date": "2023-08-16-22-00-00", "latency": "77"}, {"date": "2023-08-16-22-00-00", "latency": "77"}, {"date": "2023-08-16-22-00-00", "latency": "77"}, {"date": "2023-08-16-22-00-00", "latency": "77"}, {"date": "2023-08-16-23-00-00", "latency": "92"}, {"date": "2023-08-16-23-00-00", "latency": "92"}, {"date": "2023-08-16-23-00-00", "latency": "92"}, {"date": "2023-08-16-23-00-00", "latency": "92"}, {"date": "2023-08-16-23-00-00", "latency": "92"}, {"date": "2023-08-16-23-00-00", "latency": "92"}, {"date": "2023-08-16-23-00-00", "latency": "92"}, {"date": "2023-08-16-23-00-00", "latency": "92"}, {"date": "2023-08-16-23-00-00", "latency": "92"}, {"date": "2023-08-16-23-00-00", "latency": "92"}, {"date": "2023-08-16-23-00-00", "latency": "92"}, {"date": "2023-08-16-23-00-00", "latency": "92"}, {"date": "2023-08-16-23-00-00", "latency": "92"}]}, {"location": {"country_code": "us", "region": "Wisconsin"}, "game_id": "101342", "values": [{"date": "2023-08-16-04-00-00", "latency": "63"}, {"date": "2023-08-16-04-00-00", "latency": "63"}, {"date": "2023-08-16-04-00-00", "latency": "63"}, {"date": "2023-08-16-04-00-00", "latency": "63"}, {"date": "2023-08-16-04-00-00", "latency": "63"}, {"date": "2023-08-16-04-00-00", "latency": "63"}, {"date": "2023-08-16-04-00-00", "latency": "63"}, {"date": "2023-08-16-04-00-00", "latency": "63"}, {"date": "2023-08-16-04-00-00", "latency": "63"}, {"date": "2023-08-16-04-00-00", "latency": "63"}, {"date": "2023-08-16-04-00-00", "latency": "63"}, {"date": "2023-08-16-04-00-00", "latency": "63"}, {"date": "2023-08-16-04-00-00", "latency": "63"}, {"date": "2023-08-16-04-00-00", "latency": "63"}, {"date": "2023-08-16-04-00-00", "latency": "63"}, {"date": "2023-08-16-04-00-00", "latency": "63"}, {"date": "2023-08-16-04-00-00", "latency": "63"}, {"date": "2023-08-16-04-00-00", "latency": "63"}, {"date": "2023-08-16-04-00-00", "latency": "63"}, {"date": "2023-08-16-04-00-00", "latency": "63"}, {"date": "2023-08-16-04-00-00", "latency": "63"}, {"date": "2023-08-16-04-00-00", "latency": "63"}, {"date": "2023-08-16-04-00-00", "latency": "63"}, {"date": "2023-08-16-04-00-00", "latency": "63"}, {"date": "2023-08-16-04-00-00", "latency": "63"}]}, {"location": {"country_code": "us", "region": "Pennsylvania"}, "game_id": "101342", "values": [{"date": "2023-08-16-07-00-00", "latency": "68"}, {"date": "2023-08-16-07-00-00", "latency": "68"}, {"date": "2023-08-16-07-00-00", "latency": "68"}, {"date": "2023-08-16-07-00-00", "latency": "68"}, {"date": "2023-08-16-07-00-00", "latency": "68"}, {"date": "2023-08-16-07-00-00", "latency": "68"}, {"date": "2023-08-16-07-00-00", "latency": "68"}, {"date": "2023-08-16-07-00-00", "latency": "68"}, {"date": "2023-08-16-07-00-00", "latency": "68"}, {"date": "2023-08-16-07-00-00", "latency": "68"}, {"date": "2023-08-16-07-00-00", "latency": "68"}, {"date": "2023-08-16-07-00-00", "latency": "68"}, {"date": "2023-08-16-07-00-00", "latency": "68"}, {"date": "2023-08-16-07-00-00", "latency": "68"}, {"date": "2023-08-16-07-00-00", "latency": "68"}, {"date": "2023-08-16-07-00-00", "latency": "68"}, {"date": "2023-08-16-07-00-00", "latency": "68"}, {"date": "2023-08-16-07-00-00", "latency": "68"}, {"date": "2023-08-16-07-00-00", "latency": "68"}, {"date": "2023-08-16-07-00-00", "latency": "68"}, {"date": "2023-08-16-07-00-00", "latency": "68"}, {"date": "2023-08-16-07-00-00", "latency": "68"}, {"date": "2023-08-16-07-00-00", "latency": "68"}, {"date": "2023-08-16-07-00-00", "latency": "68"}, {"date": "2023-08-16-07-00-00", "latency": "68"}, {"date": "2023-08-16-07-00-00", "latency": "68"}, {"date": "2023-08-16-07-00-00", "latency": "68"}, {"date": "2023-08-16-07-00-00", "latency": "68"}, {"date": "2023-08-16-07-00-00", "latency": "68"}, {"date": "2023-08-16-07-00-00", "latency": "68"}, {"date": "2023-08-16-07-00-00", "latency": "68"}, {"date": "2023-08-16-07-00-00", "latency": "68"}]}, {"location": {"country_code": "br", "region": "State of Rio de Janeiro", "city": "Angra dos Reis"}, "game_id": "101342", "values": [{"date": "2023-08-16-13-00-00", "latency": "79"}, {"date": "2023-08-16-13-00-00", "latency": "79"}, {"date": "2023-08-16-13-00-00", "latency": "79"}, {"date": "2023-08-16-13-00-00", "latency": "79"}, {"date": "2023-08-16-13-00-00", "latency": "79"}, {"date": "2023-08-16-13-00-00", "latency": "79"}, {"date": "2023-08-16-13-00-00", "latency": "79"}, {"date": "2023-08-16-13-00-00", "latency": "79"}, {"date": "2023-08-16-13-00-00", "latency": "79"}, {"date": "2023-08-16-13-00-00", "latency": "79"}, {"date": "2023-08-16-13-00-00", "latency": "79"}, {"date": "2023-08-16-13-00-00", "latency": "79"}, {"date": "2023-08-16-13-00-00", "latency": "79"}, {"date": "2023-08-16-13-00-00", "latency": "79"}, {"date": "2023-08-16-13-00-00", "latency": "79"}, {"date": "2023-08-16-13-00-00", "latency": "79"}, {"date": "2023-08-16-13-00-00", "latency": "79"}]}, {"location": {"country_code": "us", "region": "Kentucky"}, "game_id": "101342", "values": [{"date": "2023-08-16-19-00-00", "latency": "100"}, {"date": "2023-08-16-19-00-00", "latency": "100"}, {"date": "2023-08-16-19-00-00", "latency": "100"}, {"date": "2023-08-16-19-00-00", "latency": "100"}, {"date": "2023-08-16-19-00-00", "latency": "100"}, {"date": "2023-08-16-19-00-00", "latency": "100"}, {"date": "2023-08-16-19-00-00", "latency": "100"}, {"date": "2023-08-16-19-00-00", "latency": "100"}, {"date": "2023-08-16-19-00-00", "latency": "100"}, {"date": "2023-08-16-19-00-00", "latency": "100"}, {"date": "2023-08-16-19-00-00", "latency": "100"}, {"date": "2023-08-16-19-00-00", "latency": "100"}, {"date": "2023-08-16-19-00-00", "latency": "100"}, {"date": "2023-08-16-19-00-00", "latency": "100"}, {"date": "2023-08-16-19-00-00", "latency": "100"}, {"date": "2023-08-16-19-00-00", "latency": "100"}, {"date": "2023-08-16-19-00-00", "latency": "100"}, {"date": "2023-08-16-19-00-00", "latency": "100"}, {"date": "2023-08-16-19-00-00", "latency": "100"}, {"date": "2023-08-16-19-00-00", "latency": "100"}, {"date": "2023-08-16-19-00-00", "latency": "100"}, {"date": "2023-08-16-19-00-00", "latency": "100"}, {"date": "2023-08-16-19-00-00", "latency": "100"}, {"date": "2023-08-16-19-00-00", "latency": "100"}, {"date": "2023-08-16-19-00-00", "latency": "100"}, {"date": "2023-08-16-19-00-00", "latency": "100"}, {"date": "2023-08-16-19-00-00", "latency": "100"}, {"date": "2023-08-16-19-00-00", "latency": "100"}, {"date": "2023-08-16-19-00-00", "latency": "100"}, {"date": "2023-08-16-19-00-00", "latency": "100"}, {"date": "2023-08-16-19-00-00", "latency": "100"}, {"date": "2023-08-16-19-00-00", "latency": "100"}, {"date": "2023-08-16-19-00-00", "latency": "100"}]}, {"location": {"country_code": "fr", "region": "Ile-de-France Region"}, "game_id": "101342", "values": [{"date": "2023-08-16-20-00-00", "latency": "121"}, {"date": "2023-08-16-20-00-00", "latency": "121"}, {"date": "2023-08-16-20-00-00", "latency": "121"}, {"date": "2023-08-16-20-00-00", "latency": "121"}, {"date": "2023-08-16-20-00-00", "latency": "121"}, {"date": "2023-08-16-20-00-00", "latency": "121"}]}, {"location": {"country_code": "us", "region": "Massachusetts", "city": "Boston"}, "game_id": "101342", "values": [{"date": "2023-08-16-03-00-00", "latency": "69"}, {"date": "2023-08-16-03-00-00", "latency": "69"}, {"date": "2023-08-16-03-00-00", "latency": "69"}, {"date": "2023-08-16-03-00-00", "latency": "69"}, {"date": "2023-08-16-03-00-00", "latency": "69"}, {"date": "2023-08-16-03-00-00", "latency": "69"}, {"date": "2023-08-16-03-00-00", "latency": "69"}, {"date": "2023-08-16-03-00-00", "latency": "69"}, {"date": "2023-08-16-03-00-00", "latency": "69"}, {"date": "2023-08-16-03-00-00", "latency": "69"}, {"date": "2023-08-16-03-00-00", "latency": "69"}, {"date": "2023-08-16-03-00-00", "latency": "69"}, {"date": "2023-08-16-03-00-00", "latency": "69"}, {"date": "2023-08-16-03-00-00", "latency": "69"}, {"date": "2023-08-16-03-00-00", "latency": "69"}, {"date": "2023-08-16-03-00-00", "latency": "69"}, {"date": "2023-08-16-03-00-00", "latency": "69"}, {"date": "2023-08-16-03-00-00", "latency": "69"}, {"date": "2023-08-16-03-00-00", "latency": "69"}]}, {"location": {"country_code": "us", "region": "State of Maine"}, "game_id": "101342", "values": [{"date": "2023-08-16-19-00-00", "latency": "111"}, {"date": "2023-08-16-19-00-00", "latency": "111"}, {"date": "2023-08-16-19-00-00", "latency": "111"}, {"date": "2023-08-16-19-00-00", "latency": "111"}, {"date": "2023-08-16-19-00-00", "latency": "111"}, {"date": "2023-08-16-19-00-00", "latency": "111"}, {"date": "2023-08-16-19-00-00", "latency": "111"}, {"date": "2023-08-16-19-00-00", "latency": "111"}, {"date": "2023-08-16-19-00-00", "latency": "111"}, {"date": "2023-08-16-19-00-00", "latency": "111"}, {"date": "2023-08-16-19-00-00", "latency": "111"}, {"date": "2023-08-16-19-00-00", "latency": "111"}, {"date": "2023-08-16-19-00-00", "latency": "111"}, {"date": "2023-08-16-19-00-00", "latency": "111"}, {"date": "2023-08-16-19-00-00", "latency": "111"}, {"date": "2023-08-16-19-00-00", "latency": "111"}, {"date": "2023-08-16-19-00-00", "latency": "111"}, {"date": "2023-08-16-19-00-00", "latency": "111"}, {"date": "2023-08-16-19-00-00", "latency": "111"}, {"date": "2023-08-16-19-00-00", "latency": "111"}, {"date": "2023-08-16-19-00-00", "latency": "111"}, {"date": "2023-08-16-19-00-00", "latency": "111"}, {"date": "2023-08-16-19-00-00", "latency": "111"}, {"date": "2023-08-16-19-00-00", "latency": "111"}, {"date": "2023-08-16-19-00-00", "latency": "111"}, {"date": "2023-08-16-19-00-00", "latency": "111"}, {"date": "2023-08-16-19-00-00", "latency": "111"}, {"date": "2023-08-16-19-00-00", "latency": "111"}, {"date": "2023-08-16-19-00-00", "latency": "111"}, {"date": "2023-08-16-19-00-00", "latency": "111"}, {"date": "2023-08-16-19-00-00", "latency": "111"}, {"date": "2023-08-16-19-00-00", "latency": "111"}, {"date": "2023-08-16-19-00-00", "latency": "111"}, {"date": "2023-08-16-19-00-00", "latency": "111"}, {"date": "2023-08-16-19-00-00", "latency": "111"}, {"date": "2023-08-16-19-00-00", "latency": "111"}, {"date": "2023-08-16-19-00-00", "latency": "111"}, {"date": "2023-08-16-19-00-00", "latency": "111"}, {"date": "2023-08-16-19-00-00", "latency": "111"}]}, {"location": {"country_code": "us", "region": "Georgia", "city": "Atlanta"}, "game_id": "101342", "values": [{"date": "2023-08-16-19-00-00", "latency": "52"}, {"date": "2023-08-16-19-00-00", "latency": "52"}, {"date": "2023-08-16-19-00-00", "latency": "52"}, {"date": "2023-08-16-19-00-00", "latency": "52"}, {"date": "2023-08-16-19-00-00", "latency": "52"}, {"date": "2023-08-16-19-00-00", "latency": "52"}, {"date": "2023-08-16-19-00-00", "latency": "52"}, {"date": "2023-08-16-19-00-00", "latency": "52"}, {"date": "2023-08-16-19-00-00", "latency": "52"}, {"date": "2023-08-16-19-00-00", "latency": "52"}, {"date": "2023-08-16-19-00-00", "latency": "52"}, {"date": "2023-08-16-19-00-00", "latency": "52"}, {"date": "2023-08-16-19-00-00", "latency": "52"}, {"date": "2023-08-16-19-00-00", "latency": "52"}, {"date": "2023-08-16-19-00-00", "latency": "52"}, {"date": "2023-08-16-19-00-00", "latency": "52"}, {"date": "2023-08-16-19-00-00", "latency": "69"}, {"date": "2023-08-16-19-00-00", "latency": "69"}, {"date": "2023-08-16-19-00-00", "latency": "69"}, {"date": "2023-08-16-19-00-00", "latency": "69"}, {"date": "2023-08-16-19-00-00", "latency": "69"}, {"date": "2023-08-16-19-00-00", "latency": "69"}, {"date": "2023-08-16-19-00-00", "latency": "69"}, {"date": "2023-08-16-19-00-00", "latency": "69"}, {"date": "2023-08-16-19-00-00", "latency": "69"}, {"date": "2023-08-16-19-00-00", "latency": "69"}, {"date": "2023-08-16-19-00-00", "latency": "69"}, {"date": "2023-08-16-19-00-00", "latency": "69"}, {"date": "2023-08-16-19-00-00", "latency": "69"}, {"date": "2023-08-16-19-00-00", "latency": "69"}, {"date": "2023-08-16-19-00-00", "latency": "69"}, {"date": "2023-08-16-19-00-00", "latency": "69"}, {"date": "2023-08-16-19-00-00", "latency": "69"}, {"date": "2023-08-16-19-00-00", "latency": "69"}, {"date": "2023-08-16-19-00-00", "latency": "69"}, {"date": "2023-08-16-19-00-00", "latency": "69"}, {"date": "2023-08-16-19-00-00", "latency": "69"}, {"date": "2023-08-16-19-00-00", "latency": "69"}]}, {"location": {"country_code": "ca", "region": "Quebec"}, "game_id": "101342", "values": [{"date": "2023-08-16-09-00-00", "latency": "132"}, {"date": "2023-08-16-09-00-00", "latency": "132"}, {"date": "2023-08-16-09-00-00", "latency": "132"}, {"date": "2023-08-16-09-00-00", "latency": "132"}, {"date": "2023-08-16-09-00-00", "latency": "132"}, {"date": "2023-08-16-09-00-00", "latency": "132"}, {"date": "2023-08-16-09-00-00", "latency": "132"}, {"date": "2023-08-16-09-00-00", "latency": "132"}, {"date": "2023-08-16-09-00-00", "latency": "132"}, {"date": "2023-08-16-09-00-00", "latency": "132"}, {"date": "2023-08-16-09-00-00", "latency": "132"}, {"date": "2023-08-16-09-00-00", "latency": "132"}, {"date": "2023-08-16-09-00-00", "latency": "132"}, {"date": "2023-08-16-09-00-00", "latency": "132"}, {"date": "2023-08-16-09-00-00", "latency": "132"}, {"date": "2023-08-16-09-00-00", "latency": "132"}, {"date": "2023-08-16-09-00-00", "latency": "132"}, {"date": "2023-08-16-09-00-00", "latency": "132"}, {"date": "2023-08-16-09-00-00", "latency": "132"}, {"date": "2023-08-16-09-00-00", "latency": "132"}, {"date": "2023-08-16-09-00-00", "latency": "132"}, {"date": "2023-08-16-09-00-00", "latency": "132"}, {"date": "2023-08-16-09-00-00", "latency": "132"}, {"date": "2023-08-16-09-00-00", "latency": "132"}, {"date": "2023-08-16-09-00-00", "latency": "132"}, {"date": "2023-08-16-09-00-00", "latency": "132"}, {"date": "2023-08-16-09-00-00", "latency": "132"}, {"date": "2023-08-16-09-00-00", "latency": "132"}]}, {"location": {"country_code": "br", "region": "Federal District"}, "game_id": "101342", "values": [{"date": "2023-08-16-05-00-00", "latency": "103"}, {"date": "2023-08-16-05-00-00", "latency": "103"}, {"date": "2023-08-16-05-00-00", "latency": "103"}, {"date": "2023-08-16-05-00-00", "latency": "103"}, {"date": "2023-08-16-05-00-00", "latency": "103"}, {"date": "2023-08-16-05-00-00", "latency": "103"}, {"date": "2023-08-16-05-00-00", "latency": "103"}, {"date": "2023-08-16-05-00-00", "latency": "103"}, {"date": "2023-08-16-05-00-00", "latency": "103"}]}, {"location": {"country_code": "ca", "region": "British Columbia"}, "game_id": "101342", "values": [{"date": "2023-08-17-00-00-00", "latency": "72"}, {"date": "2023-08-17-00-00-00", "latency": "72"}, {"date": "2023-08-17-00-00-00", "latency": "72"}]}, {"location": {"country_code": "us", "region": "Oregon", "city": "Portland"}, "game_id": "101342", "values": [{"date": "2023-08-16-07-00-00", "latency": "44"}, {"date": "2023-08-16-07-00-00", "latency": "44"}, {"date": "2023-08-16-07-00-00", "latency": "44"}, {"date": "2023-08-16-07-00-00", "latency": "44"}, {"date": "2023-08-16-07-00-00", "latency": "44"}, {"date": "2023-08-16-07-00-00", "latency": "44"}, {"date": "2023-08-16-07-00-00", "latency": "44"}, {"date": "2023-08-16-07-00-00", "latency": "44"}, {"date": "2023-08-16-07-00-00", "latency": "44"}, {"date": "2023-08-16-07-00-00", "latency": "44"}, {"date": "2023-08-16-07-00-00", "latency": "44"}, {"date": "2023-08-16-07-00-00", "latency": "44"}, {"date": "2023-08-16-07-00-00", "latency": "44"}, {"date": "2023-08-16-07-00-00", "latency": "44"}, {"date": "2023-08-16-07-00-00", "latency": "44"}, {"date": "2023-08-16-07-00-00", "latency": "44"}, {"date": "2023-08-16-07-00-00", "latency": "44"}, {"date": "2023-08-16-07-00-00", "latency": "44"}, {"date": "2023-08-16-07-00-00", "latency": "44"}, {"date": "2023-08-16-07-00-00", "latency": "44"}, {"date": "2023-08-16-07-00-00", "latency": "44"}, {"date": "2023-08-16-07-00-00", "latency": "44"}, {"date": "2023-08-16-07-00-00", "latency": "44"}, {"date": "2023-08-16-07-00-00", "latency": "44"}, {"date": "2023-08-16-07-00-00", "latency": "44"}, {"date": "2023-08-16-07-00-00", "latency": "44"}, {"date": "2023-08-16-07-00-00", "latency": "44"}, {"date": "2023-08-16-07-00-00", "latency": "44"}, {"date": "2023-08-16-07-00-00", "latency": "44"}, {"date": "2023-08-16-07-00-00", "latency": "44"}, {"date": "2023-08-16-07-00-00", "latency": "44"}, {"date": "2023-08-16-07-00-00", "latency": "44"}, {"date": "2023-08-16-07-00-00", "latency": "44"}, {"date": "2023-08-16-07-00-00", "latency": "44"}, {"date": "2023-08-16-07-00-00", "latency": "44"}, {"date": "2023-08-16-07-00-00", "latency": "44"}, {"date": "2023-08-16-07-00-00", "latency": "44"}, {"date": "2023-08-16-07-00-00", "latency": "44"}, {"date": "2023-08-16-07-00-00", "latency": "44"}, {"date": "2023-08-16-07-00-00", "latency": "44"}, {"date": "2023-08-16-07-00-00", "latency": "44"}]}, {"location": {"country_code": "us", "region": "Ohio", "city": "Dayton"}, "game_id": "101342", "values": [{"date": "2023-08-16-07-00-00", "latency": "59"}, {"date": "2023-08-16-07-00-00", "latency": "59"}, {"date": "2023-08-16-07-00-00", "latency": "59"}, {"date": "2023-08-16-07-00-00", "latency": "59"}, {"date": "2023-08-16-07-00-00", "latency": "59"}, {"date": "2023-08-16-07-00-00", "latency": "59"}, {"date": "2023-08-16-07-00-00", "latency": "59"}, {"date": "2023-08-16-07-00-00", "latency": "59"}, {"date": "2023-08-16-07-00-00", "latency": "59"}, {"date": "2023-08-16-07-00-00", "latency": "59"}, {"date": "2023-08-16-07-00-00", "latency": "59"}, {"date": "2023-08-16-07-00-00", "latency": "59"}, {"date": "2023-08-16-07-00-00", "latency": "59"}, {"date": "2023-08-16-07-00-00", "latency": "59"}, {"date": "2023-08-16-07-00-00", "latency": "59"}, {"date": "2023-08-16-07-00-00", "latency": "59"}, {"date": "2023-08-16-07-00-00", "latency": "59"}, {"date": "2023-08-16-07-00-00", "latency": "59"}, {"date": "2023-08-16-07-00-00", "latency": "59"}, {"date": "2023-08-16-07-00-00", "latency": "59"}, {"date": "2023-08-16-07-00-00", "latency": "59"}, {"date": "2023-08-16-07-00-00", "latency": "59"}, {"date": "2023-08-16-07-00-00", "latency": "59"}, {"date": "2023-08-16-07-00-00", "latency": "59"}, {"date": "2023-08-16-07-00-00", "latency": "59"}, {"date": "2023-08-16-07-00-00", "latency": "59"}, {"date": "2023-08-16-07-00-00", "latency": "59"}, {"date": "2023-08-16-07-00-00", "latency": "59"}, {"date": "2023-08-16-07-00-00", "latency": "59"}, {"date": "2023-08-16-07-00-00", "latency": "59"}, {"date": "2023-08-16-07-00-00", "latency": "59"}, {"date": "2023-08-16-07-00-00", "latency": "59"}, {"date": "2023-08-16-07-00-00", "latency": "59"}, {"date": "2023-08-16-07-00-00", "latency": "59"}, {"date": "2023-08-16-07-00-00", "latency": "59"}, {"date": "2023-08-16-07-00-00", "latency": "59"}, {"date": "2023-08-16-07-00-00", "latency": "59"}, {"date": "2023-08-16-07-00-00", "latency": "59"}, {"date": "2023-08-16-07-00-00", "latency": "59"}, {"date": "2023-08-16-07-00-00", "latency": "59"}, {"date": "2023-08-16-07-00-00", "latency": "59"}, {"date": "2023-08-16-07-00-00", "latency": "59"}, {"date": "2023-08-16-07-00-00", "latency": "59"}, {"date": "2023-08-16-07-00-00", "latency": "59"}, {"date": "2023-08-16-07-00-00", "latency": "59"}, {"date": "2023-08-16-07-00-00", "latency": "59"}, {"date": "2023-08-16-07-00-00", "latency": "59"}, {"date": "2023-08-16-07-00-00", "latency": "59"}, {"date": "2023-08-16-07-00-00", "latency": "59"}, {"date": "2023-08-16-07-00-00", "latency": "59"}, {"date": "2023-08-16-07-00-00", "latency": "59"}, {"date": "2023-08-16-07-00-00", "latency": "59"}, {"date": "2023-08-16-07-00-00", "latency": "59"}, {"date": "2023-08-16-07-00-00", "latency": "59"}, {"date": "2023-08-16-07-00-00", "latency": "59"}, {"date": "2023-08-16-07-00-00", "latency": "59"}, {"date": "2023-08-16-07-00-00", "latency": "59"}, {"date": "2023-08-16-07-00-00", "latency": "59"}, {"date": "2023-08-16-07-00-00", "latency": "59"}, {"date": "2023-08-16-07-00-00", "latency": "59"}, {"date": "2023-08-16-07-00-00", "latency": "59"}, {"date": "2023-08-16-07-00-00", "latency": "59"}, {"date": "2023-08-16-07-00-00", "latency": "59"}, {"date": "2023-08-16-07-00-00", "latency": "59"}, {"date": "2023-08-16-07-00-00", "latency": "59"}, {"date": "2023-08-16-07-00-00", "latency": "59"}, {"date": "2023-08-16-07-00-00", "latency": "59"}, {"date": "2023-08-16-07-00-00", "latency": "59"}, {"date": "2023-08-16-07-00-00", "latency": "59"}, {"date": "2023-08-16-07-00-00", "latency": "59"}, {"date": "2023-08-16-07-00-00", "latency": "59"}, {"date": "2023-08-16-07-00-00", "latency": "59"}, {"date": "2023-08-16-07-00-00", "latency": "59"}, {"date": "2023-08-16-07-00-00", "latency": "59"}, {"date": "2023-08-16-07-00-00", "latency": "59"}, {"date": "2023-08-16-07-00-00", "latency": "59"}, {"date": "2023-08-16-07-00-00", "latency": "59"}, {"date": "2023-08-16-07-00-00", "latency": "59"}, {"date": "2023-08-16-07-00-00", "latency": "59"}, {"date": "2023-08-16-07-00-00", "latency": "59"}, {"date": "2023-08-16-07-00-00", "latency": "59"}, {"date": "2023-08-16-07-00-00", "latency": "59"}, {"date": "2023-08-16-07-00-00", "latency": "59"}, {"date": "2023-08-16-07-00-00", "latency": "59"}, {"date": "2023-08-16-07-00-00", "latency": "59"}, {"date": "2023-08-16-07-00-00", "latency": "59"}, {"date": "2023-08-16-07-00-00", "latency": "59"}, {"date": "2023-08-16-07-00-00", "latency": "59"}, {"date": "2023-08-16-07-00-00", "latency": "59"}, {"date": "2023-08-16-07-00-00", "latency": "59"}, {"date": "2023-08-16-07-00-00", "latency": "59"}]}, {"location": {"country_code": "tr", "region": "Ic Anadolu Bolgesi"}, "game_id": "101342", "values": [{"date": "2023-08-17-01-00-00", "latency": "99"}, {"date": "2023-08-17-01-00-00", "latency": "99"}, {"date": "2023-08-17-01-00-00", "latency": "99"}, {"date": "2023-08-17-01-00-00", "latency": "99"}, {"date": "2023-08-17-01-00-00", "latency": "99"}, {"date": "2023-08-17-01-00-00", "latency": "99"}, {"date": "2023-08-17-01-00-00", "latency": "99"}, {"date": "2023-08-17-01-00-00", "latency": "99"}, {"date": "2023-08-17-01-00-00", "latency": "99"}, {"date": "2023-08-17-01-00-00", "latency": "99"}, {"date": "2023-08-17-01-00-00", "latency": "99"}, {"date": "2023-08-17-01-00-00", "latency": "99"}, {"date": "2023-08-17-01-00-00", "latency": "99"}, {"date": "2023-08-17-01-00-00", "latency": "99"}, {"date": "2023-08-17-01-00-00", "latency": "99"}, {"date": "2023-08-17-01-00-00", "latency": "99"}, {"date": "2023-08-17-01-00-00", "latency": "99"}, {"date": "2023-08-17-01-00-00", "latency": "99"}, {"date": "2023-08-17-01-00-00", "latency": "99"}, {"date": "2023-08-17-01-00-00", "latency": "99"}, {"date": "2023-08-17-01-00-00", "latency": "99"}, {"date": "2023-08-17-01-00-00", "latency": "99"}, {"date": "2023-08-17-01-00-00", "latency": "99"}, {"date": "2023-08-17-01-00-00", "latency": "99"}]}, {"location": {"country_code": "us", "region": "Indiana", "city": "South Bend"}, "game_id": "101342", "values": [{"date": "2023-08-16-03-00-00", "latency": "51"}, {"date": "2023-08-16-03-00-00", "latency": "51"}, {"date": "2023-08-16-03-00-00", "latency": "51"}, {"date": "2023-08-16-03-00-00", "latency": "51"}, {"date": "2023-08-16-03-00-00", "latency": "51"}, {"date": "2023-08-16-03-00-00", "latency": "51"}, {"date": "2023-08-16-03-00-00", "latency": "51"}, {"date": "2023-08-16-03-00-00", "latency": "51"}, {"date": "2023-08-16-03-00-00", "latency": "51"}, {"date": "2023-08-16-03-00-00", "latency": "51"}, {"date": "2023-08-16-03-00-00", "latency": "51"}, {"date": "2023-08-16-03-00-00", "latency": "51"}, {"date": "2023-08-16-03-00-00", "latency": "51"}, {"date": "2023-08-16-03-00-00", "latency": "51"}, {"date": "2023-08-16-03-00-00", "latency": "51"}, {"date": "2023-08-16-03-00-00", "latency": "51"}, {"date": "2023-08-16-03-00-00", "latency": "51"}, {"date": "2023-08-16-03-00-00", "latency": "51"}, {"date": "2023-08-16-03-00-00", "latency": "51"}, {"date": "2023-08-16-03-00-00", "latency": "51"}, {"date": "2023-08-16-03-00-00", "latency": "51"}, {"date": "2023-08-16-03-00-00", "latency": "51"}, {"date": "2023-08-16-03-00-00", "latency": "51"}, {"date": "2023-08-16-03-00-00", "latency": "51"}, {"date": "2023-08-16-03-00-00", "latency": "51"}, {"date": "2023-08-16-03-00-00", "latency": "51"}, {"date": "2023-08-16-03-00-00", "latency": "51"}, {"date": "2023-08-16-03-00-00", "latency": "51"}]}, {"location": {"country_code": "gb", "region": "England", "city": "Worcester"}, "game_id": "101342", "values": [{"date": "2023-08-16-17-00-00", "latency": "74"}, {"date": "2023-08-16-17-00-00", "latency": "74"}, {"date": "2023-08-16-17-00-00", "latency": "74"}, {"date": "2023-08-16-17-00-00", "latency": "74"}, {"date": "2023-08-16-17-00-00", "latency": "74"}, {"date": "2023-08-16-17-00-00", "latency": "74"}, {"date": "2023-08-16-17-00-00", "latency": "74"}, {"date": "2023-08-16-17-00-00", "latency": "74"}, {"date": "2023-08-16-17-00-00", "latency": "74"}, {"date": "2023-08-16-17-00-00", "latency": "74"}, {"date": "2023-08-16-17-00-00", "latency": "74"}, {"date": "2023-08-16-17-00-00", "latency": "74"}, {"date": "2023-08-16-17-00-00", "latency": "74"}, {"date": "2023-08-16-17-00-00", "latency": "74"}, {"date": "2023-08-16-17-00-00", "latency": "74"}, {"date": "2023-08-16-17-00-00", "latency": "74"}, {"date": "2023-08-16-17-00-00", "latency": "74"}, {"date": "2023-08-16-17-00-00", "latency": "74"}, {"date": "2023-08-16-17-00-00", "latency": "74"}, {"date": "2023-08-16-17-00-00", "latency": "74"}]}, {"location": {"country_code": "gb", "region": "England", "city": "Rochester"}, "game_id": "101342", "values": [{"date": "2023-08-16-02-00-00", "latency": "105"}, {"date": "2023-08-16-02-00-00", "latency": "105"}, {"date": "2023-08-16-02-00-00", "latency": "105"}, {"date": "2023-08-16-02-00-00", "latency": "105"}, {"date": "2023-08-16-02-00-00", "latency": "105"}, {"date": "2023-08-16-02-00-00", "latency": "105"}, {"date": "2023-08-16-02-00-00", "latency": "105"}, {"date": "2023-08-16-02-00-00", "latency": "105"}, {"date": "2023-08-16-02-00-00", "latency": "105"}, {"date": "2023-08-16-02-00-00", "latency": "105"}, {"date": "2023-08-16-02-00-00", "latency": "105"}, {"date": "2023-08-16-02-00-00", "latency": "105"}]}], "last_updated": 1719915148.16081}