{"data": [{"location": {"country_code": "us"}, "game_id": "970338", "values": [{"date": "2023-06-13-11-00-00", "latency": "92"}, {"date": "2023-06-13-11-00-00", "latency": "92"}]}, {"location": {"country_code": "us", "region": "Texas"}, "game_id": "970338", "values": [{"date": "2023-06-14-02-00-00", "latency": "65"}, {"date": "2023-06-14-02-00-00", "latency": "65"}, {"date": "2023-06-14-02-00-00", "latency": "65"}, {"date": "2023-06-14-02-00-00", "latency": "65"}, {"date": "2023-06-14-02-00-00", "latency": "65"}, {"date": "2023-06-14-02-00-00", "latency": "65"}, {"date": "2023-06-14-02-00-00", "latency": "65"}]}, {"location": {"country_code": "gb"}, "game_id": "970338", "values": [{"date": "2023-06-13-21-00-00", "latency": "26"}]}, {"location": {"country_code": "gr"}, "game_id": "970338", "values": [{"date": "2023-06-13-21-00-00", "latency": "63"}, {"date": "2023-06-13-21-00-00", "latency": "63"}, {"date": "2023-06-13-21-00-00", "latency": "63"}]}, {"location": {"country_code": "cz"}, "game_id": "970338", "values": [{"date": "2023-06-13-23-00-00", "latency": "42"}, {"date": "2023-06-13-23-00-00", "latency": "42"}, {"date": "2023-06-13-23-00-00", "latency": "42"}, {"date": "2023-06-13-23-00-00", "latency": "42"}, {"date": "2023-06-13-23-00-00", "latency": "42"}, {"date": "2023-06-13-23-00-00", "latency": "42"}, {"date": "2023-06-13-23-00-00", "latency": "42"}]}, {"location": {"country_code": "it"}, "game_id": "970338", "values": [{"date": "2023-06-14-00-00-00", "latency": "62"}, {"date": "2023-06-14-00-00-00", "latency": "62"}, {"date": "2023-06-14-00-00-00", "latency": "62"}, {"date": "2023-06-14-00-00-00", "latency": "62"}, {"date": "2023-06-14-00-00-00", "latency": "62"}, {"date": "2023-06-14-00-00-00", "latency": "62"}, {"date": "2023-06-14-00-00-00", "latency": "62"}, {"date": "2023-06-14-00-00-00", "latency": "62"}, {"date": "2023-06-14-00-00-00", "latency": "62"}, {"date": "2023-06-14-00-00-00", "latency": "62"}, {"date": "2023-06-14-00-00-00", "latency": "62"}, {"date": "2023-06-14-00-00-00", "latency": "62"}, {"date": "2023-06-14-00-00-00", "latency": "62"}, {"date": "2023-06-14-00-00-00", "latency": "62"}, {"date": "2023-06-14-00-00-00", "latency": "62"}, {"date": "2023-06-14-00-00-00", "latency": "62"}]}, {"location": {"country_code": "ca"}, "game_id": "970338", "values": [{"date": "2023-06-13-19-00-00", "latency": "47"}]}, {"location": {"country_code": "de"}, "game_id": "970338", "values": [{"date": "2023-06-13-22-00-00", "latency": "88"}, {"date": "2023-06-13-22-00-00", "latency": "88"}]}, {"location": {"country_code": "fr"}, "game_id": "970338", "values": [{"date": "2023-06-14-02-00-00", "latency": "25"}, {"date": "2023-06-14-02-00-00", "latency": "25"}, {"date": "2023-06-14-02-00-00", "latency": "25"}, {"date": "2023-06-14-02-00-00", "latency": "25"}, {"date": "2023-06-14-02-00-00", "latency": "25"}, {"date": "2023-06-14-02-00-00", "latency": "25"}, {"date": "2023-06-14-02-00-00", "latency": "25"}, {"date": "2023-06-14-02-00-00", "latency": "25"}, {"date": "2023-06-13-19-00-00", "latency": "38"}, {"date": "2023-06-13-19-00-00", "latency": "38"}, {"date": "2023-06-13-19-00-00", "latency": "38"}, {"date": "2023-06-13-19-00-00", "latency": "38"}, {"date": "2023-06-13-19-00-00", "latency": "38"}, {"date": "2023-06-13-19-00-00", "latency": "38"}, {"date": "2023-06-13-16-00-00", "latency": "35"}, {"date": "2023-06-13-16-00-00", "latency": "35"}, {"date": "2023-06-13-16-00-00", "latency": "35"}, {"date": "2023-06-13-16-00-00", "latency": "35"}, {"date": "2023-06-13-16-00-00", "latency": "35"}, {"date": "2023-06-13-16-00-00", "latency": "35"}, {"date": "2023-06-13-16-00-00", "latency": "35"}]}, {"location": {"country_code": "mx"}, "game_id": "970338", "values": [{"date": "2023-06-14-02-00-00", "latency": "184"}, {"date": "2023-06-14-02-00-00", "latency": "184"}, {"date": "2023-06-14-02-00-00", "latency": "184"}, {"date": "2023-06-14-02-00-00", "latency": "184"}, {"date": "2023-06-14-02-00-00", "latency": "184"}, {"date": "2023-06-14-02-00-00", "latency": "184"}, {"date": "2023-06-14-02-00-00", "latency": "184"}, {"date": "2023-06-14-02-00-00", "latency": "184"}]}, {"location": {"country_code": "br"}, "game_id": "970338", "values": [{"date": "2023-06-13-08-00-00", "latency": "145"}, {"date": "2023-06-13-08-00-00", "latency": "145"}, {"date": "2023-06-13-08-00-00", "latency": "145"}, {"date": "2023-06-13-08-00-00", "latency": "145"}, {"date": "2023-06-13-08-00-00", "latency": "145"}, {"date": "2023-06-13-08-00-00", "latency": "145"}, {"date": "2023-06-13-08-00-00", "latency": "145"}, {"date": "2023-06-13-08-00-00", "latency": "145"}]}, {"location": {"country_code": "se"}, "game_id": "970338", "values": [{"date": "2023-06-14-01-00-00", "latency": "41"}]}, {"location": {"country_code": "td"}, "game_id": "970338", "values": [{"date": "2023-06-13-10-00-00", "latency": "81"}, {"date": "2023-06-13-10-00-00", "latency": "81"}, {"date": "2023-06-13-10-00-00", "latency": "81"}, {"date": "2023-06-13-10-00-00", "latency": "81"}, {"date": "2023-06-13-10-00-00", "latency": "81"}, {"date": "2023-06-13-10-00-00", "latency": "81"}, {"date": "2023-06-14-02-00-00", "latency": "45"}]}, {"location": {"country_code": "es"}, "game_id": "970338", "values": [{"date": "2023-06-13-16-00-00", "latency": "68"}, {"date": "2023-06-13-16-00-00", "latency": "68"}, {"date": "2023-06-13-16-00-00", "latency": "68"}, {"date": "2023-06-13-16-00-00", "latency": "68"}, {"date": "2023-06-13-16-00-00", "latency": "68"}, {"date": "2023-06-13-16-00-00", "latency": "68"}]}, {"location": {"country_code": "us", "region": "Missouri"}, "game_id": "970338", "values": [{"date": "2023-06-13-05-00-00", "latency": "40"}, {"date": "2023-06-13-05-00-00", "latency": "40"}, {"date": "2023-06-13-05-00-00", "latency": "40"}, {"date": "2023-06-13-05-00-00", "latency": "40"}, {"date": "2023-06-13-05-00-00", "latency": "40"}, {"date": "2023-06-13-05-00-00", "latency": "40"}, {"date": "2023-06-13-05-00-00", "latency": "40"}, {"date": "2023-06-13-05-00-00", "latency": "40"}, {"date": "2023-06-13-05-00-00", "latency": "40"}, {"date": "2023-06-13-05-00-00", "latency": "40"}]}, {"location": {"country_code": "us", "region": "North Carolina", "city": "Charlotte"}, "game_id": "970338", "values": [{"date": "2023-06-13-19-00-00", "latency": "38"}, {"date": "2023-06-13-19-00-00", "latency": "38"}, {"date": "2023-06-13-19-00-00", "latency": "38"}, {"date": "2023-06-13-19-00-00", "latency": "38"}, {"date": "2023-06-13-19-00-00", "latency": "38"}, {"date": "2023-06-13-19-00-00", "latency": "38"}, {"date": "2023-06-13-19-00-00", "latency": "38"}, {"date": "2023-06-13-19-00-00", "latency": "38"}, {"date": "2023-06-13-19-00-00", "latency": "38"}, {"date": "2023-06-13-19-00-00", "latency": "38"}, {"date": "2023-06-13-19-00-00", "latency": "38"}, {"date": "2023-06-13-19-00-00", "latency": "38"}, {"date": "2023-06-13-19-00-00", "latency": "38"}, {"date": "2023-06-13-19-00-00", "latency": "38"}, {"date": "2023-06-13-19-00-00", "latency": "38"}, {"date": "2023-06-13-19-00-00", "latency": "38"}, {"date": "2023-06-13-19-00-00", "latency": "38"}, {"date": "2023-06-13-19-00-00", "latency": "38"}, {"date": "2023-06-13-19-00-00", "latency": "38"}, {"date": "2023-06-13-19-00-00", "latency": "38"}, {"date": "2023-06-13-19-00-00", "latency": "38"}, {"date": "2023-06-13-19-00-00", "latency": "38"}, {"date": "2023-06-13-19-00-00", "latency": "38"}, {"date": "2023-06-13-19-00-00", "latency": "38"}, {"date": "2023-06-13-19-00-00", "latency": "38"}, {"date": "2023-06-13-19-00-00", "latency": "38"}, {"date": "2023-06-13-19-00-00", "latency": "38"}, {"date": "2023-06-13-19-00-00", "latency": "38"}, {"date": "2023-06-13-19-00-00", "latency": "38"}, {"date": "2023-06-13-19-00-00", "latency": "38"}, {"date": "2023-06-13-19-00-00", "latency": "38"}, {"date": "2023-06-13-19-00-00", "latency": "38"}, {"date": "2023-06-13-19-00-00", "latency": "38"}, {"date": "2023-06-13-19-00-00", "latency": "38"}, {"date": "2023-06-13-19-00-00", "latency": "38"}, {"date": "2023-06-13-19-00-00", "latency": "38"}, {"date": "2023-06-13-19-00-00", "latency": "38"}]}, {"location": {"country_code": "es", "region": "Catalonia", "city": "l'Hospitalet de Llobregat"}, "game_id": "970338", "values": [{"date": "2023-06-13-20-00-00", "latency": "92"}, {"date": "2023-06-13-20-00-00", "latency": "92"}, {"date": "2023-06-13-20-00-00", "latency": "92"}, {"date": "2023-06-13-20-00-00", "latency": "92"}, {"date": "2023-06-13-20-00-00", "latency": "92"}, {"date": "2023-06-13-20-00-00", "latency": "92"}, {"date": "2023-06-13-20-00-00", "latency": "92"}, {"date": "2023-06-13-20-00-00", "latency": "92"}, {"date": "2023-06-13-20-00-00", "latency": "92"}, {"date": "2023-06-13-20-00-00", "latency": "92"}, {"date": "2023-06-13-20-00-00", "latency": "92"}, {"date": "2023-06-13-20-00-00", "latency": "92"}, {"date": "2023-06-13-20-00-00", "latency": "92"}]}, {"location": {"country_code": "ua"}, "game_id": "970338", "values": [{"date": "2023-06-13-18-00-00", "latency": "26"}, {"date": "2023-06-13-18-00-00", "latency": "26"}, {"date": "2023-06-13-18-00-00", "latency": "26"}, {"date": "2023-06-13-22-00-00", "latency": "57"}, {"date": "2023-06-13-22-00-00", "latency": "57"}, {"date": "2023-06-13-22-00-00", "latency": "57"}, {"date": "2023-06-13-22-00-00", "latency": "57"}]}, {"location": {"country_code": "us", "region": "District of Columbia", "city": "Washington"}, "game_id": "970338", "values": [{"date": "2023-06-13-05-00-00", "latency": "45"}, {"date": "2023-06-13-05-00-00", "latency": "45"}, {"date": "2023-06-13-05-00-00", "latency": "45"}, {"date": "2023-06-13-05-00-00", "latency": "45"}, {"date": "2023-06-13-05-00-00", "latency": "45"}, {"date": "2023-06-13-05-00-00", "latency": "45"}, {"date": "2023-06-13-05-00-00", "latency": "45"}, {"date": "2023-06-13-05-00-00", "latency": "45"}, {"date": "2023-06-13-05-00-00", "latency": "45"}]}, {"location": {"country_code": "us", "region": "Wisconsin"}, "game_id": "970338", "values": [{"date": "2023-06-13-07-00-00", "latency": "50"}, {"date": "2023-06-13-07-00-00", "latency": "50"}, {"date": "2023-06-13-07-00-00", "latency": "50"}, {"date": "2023-06-13-07-00-00", "latency": "50"}, {"date": "2023-06-13-07-00-00", "latency": "50"}, {"date": "2023-06-13-07-00-00", "latency": "50"}, {"date": "2023-06-13-07-00-00", "latency": "50"}, {"date": "2023-06-13-07-00-00", "latency": "50"}, {"date": "2023-06-13-07-00-00", "latency": "50"}, {"date": "2023-06-13-07-00-00", "latency": "50"}, {"date": "2023-06-13-07-00-00", "latency": "50"}, {"date": "2023-06-13-07-00-00", "latency": "50"}, {"date": "2023-06-13-07-00-00", "latency": "50"}, {"date": "2023-06-13-07-00-00", "latency": "50"}]}, {"location": {"country_code": "by"}, "game_id": "970338", "values": [{"date": "2023-06-13-21-00-00", "latency": "33"}, {"date": "2023-06-13-21-00-00", "latency": "33"}, {"date": "2023-06-13-21-00-00", "latency": "33"}, {"date": "2023-06-13-21-00-00", "latency": "33"}, {"date": "2023-06-13-21-00-00", "latency": "33"}, {"date": "2023-06-13-21-00-00", "latency": "33"}, {"date": "2023-06-13-21-00-00", "latency": "33"}, {"date": "2023-06-13-21-00-00", "latency": "33"}, {"date": "2023-06-13-21-00-00", "latency": "33"}, {"date": "2023-06-13-21-00-00", "latency": "33"}, {"date": "2023-06-13-21-00-00", "latency": "33"}, {"date": "2023-06-13-21-00-00", "latency": "33"}, {"date": "2023-06-13-21-00-00", "latency": "33"}, {"date": "2023-06-13-21-00-00", "latency": "33"}, {"date": "2023-06-13-21-00-00", "latency": "33"}, {"date": "2023-06-13-21-00-00", "latency": "33"}, {"date": "2023-06-13-21-00-00", "latency": "33"}, {"date": "2023-06-13-21-00-00", "latency": "33"}, {"date": "2023-06-13-21-00-00", "latency": "33"}, {"date": "2023-06-13-21-00-00", "latency": "33"}, {"date": "2023-06-13-21-00-00", "latency": "33"}, {"date": "2023-06-13-21-00-00", "latency": "33"}, {"date": "2023-06-13-21-00-00", "latency": "33"}, {"date": "2023-06-13-21-00-00", "latency": "33"}]}, {"location": {"country_code": "ca", "region": "Ontario", "city": "Ottawa"}, "game_id": "970338", "values": [{"date": "2023-06-13-12-00-00", "latency": "35"}, {"date": "2023-06-13-12-00-00", "latency": "35"}, {"date": "2023-06-13-12-00-00", "latency": "35"}, {"date": "2023-06-13-12-00-00", "latency": "35"}, {"date": "2023-06-13-12-00-00", "latency": "35"}, {"date": "2023-06-13-12-00-00", "latency": "35"}, {"date": "2023-06-13-12-00-00", "latency": "35"}, {"date": "2023-06-13-12-00-00", "latency": "35"}, {"date": "2023-06-13-12-00-00", "latency": "35"}, {"date": "2023-06-13-12-00-00", "latency": "35"}, {"date": "2023-06-13-12-00-00", "latency": "35"}, {"date": "2023-06-13-12-00-00", "latency": "35"}, {"date": "2023-06-13-12-00-00", "latency": "35"}, {"date": "2023-06-13-12-00-00", "latency": "35"}, {"date": "2023-06-13-12-00-00", "latency": "35"}, {"date": "2023-06-13-12-00-00", "latency": "35"}, {"date": "2023-06-13-12-00-00", "latency": "35"}, {"date": "2023-06-13-12-00-00", "latency": "35"}, {"date": "2023-06-13-12-00-00", "latency": "35"}, {"date": "2023-06-13-12-00-00", "latency": "35"}, {"date": "2023-06-13-12-00-00", "latency": "35"}, {"date": "2023-06-13-12-00-00", "latency": "35"}, {"date": "2023-06-13-12-00-00", "latency": "35"}, {"date": "2023-06-13-12-00-00", "latency": "35"}, {"date": "2023-06-13-12-00-00", "latency": "35"}, {"date": "2023-06-13-12-00-00", "latency": "35"}, {"date": "2023-06-13-12-00-00", "latency": "35"}, {"date": "2023-06-13-12-00-00", "latency": "35"}]}, {"location": {"country_code": "us", "region": "Connecticut"}, "game_id": "970338", "values": [{"date": "2023-06-13-04-00-00", "latency": "62"}]}, {"location": {"country_code": "ee"}, "game_id": "970338", "values": [{"date": "2023-06-14-01-00-00", "latency": "128"}, {"date": "2023-06-14-01-00-00", "latency": "128"}, {"date": "2023-06-14-01-00-00", "latency": "128"}, {"date": "2023-06-14-01-00-00", "latency": "128"}, {"date": "2023-06-14-01-00-00", "latency": "128"}, {"date": "2023-06-14-01-00-00", "latency": "128"}, {"date": "2023-06-14-01-00-00", "latency": "128"}, {"date": "2023-06-14-01-00-00", "latency": "128"}, {"date": "2023-06-14-01-00-00", "latency": "128"}, {"date": "2023-06-14-01-00-00", "latency": "128"}, {"date": "2023-06-14-01-00-00", "latency": "128"}, {"date": "2023-06-14-01-00-00", "latency": "128"}, {"date": "2023-06-14-01-00-00", "latency": "128"}, {"date": "2023-06-14-01-00-00", "latency": "128"}, {"date": "2023-06-14-01-00-00", "latency": "128"}]}, {"location": {"country_code": "fr", "region": "Normandy", "city": "Caen"}, "game_id": "970338", "values": [{"date": "2023-06-14-02-00-00", "latency": "128"}, {"date": "2023-06-14-02-00-00", "latency": "128"}]}, {"location": {"country_code": "co", "region": "Antioquia", "city": "Medellin"}, "game_id": "970338", "values": [{"date": "2023-06-13-06-00-00", "latency": "90"}, {"date": "2023-06-13-06-00-00", "latency": "90"}, {"date": "2023-06-13-06-00-00", "latency": "90"}, {"date": "2023-06-13-06-00-00", "latency": "90"}, {"date": "2023-06-13-06-00-00", "latency": "90"}, {"date": "2023-06-13-06-00-00", "latency": "90"}]}, {"location": {"country_code": "il"}, "game_id": "970338", "values": [{"date": "2023-06-13-15-00-00", "latency": "73"}, {"date": "2023-06-13-15-00-00", "latency": "73"}, {"date": "2023-06-13-15-00-00", "latency": "73"}, {"date": "2023-06-13-15-00-00", "latency": "73"}, {"date": "2023-06-13-15-00-00", "latency": "73"}, {"date": "2023-06-13-15-00-00", "latency": "73"}, {"date": "2023-06-13-15-00-00", "latency": "73"}, {"date": "2023-06-13-15-00-00", "latency": "73"}, {"date": "2023-06-13-15-00-00", "latency": "73"}, {"date": "2023-06-13-15-00-00", "latency": "73"}, {"date": "2023-06-13-15-00-00", "latency": "73"}, {"date": "2023-06-13-15-00-00", "latency": "73"}, {"date": "2023-06-13-15-00-00", "latency": "73"}, {"date": "2023-06-13-15-00-00", "latency": "73"}, {"date": "2023-06-13-15-00-00", "latency": "73"}, {"date": "2023-06-13-15-00-00", "latency": "73"}, {"date": "2023-06-13-15-00-00", "latency": "73"}, {"date": "2023-06-13-15-00-00", "latency": "73"}, {"date": "2023-06-13-15-00-00", "latency": "73"}, {"date": "2023-06-13-15-00-00", "latency": "73"}, {"date": "2023-06-13-15-00-00", "latency": "73"}, {"date": "2023-06-13-15-00-00", "latency": "73"}, {"date": "2023-06-13-15-00-00", "latency": "73"}, {"date": "2023-06-13-15-00-00", "latency": "73"}]}, {"location": {"country_code": "uz"}, "game_id": "970338", "values": [{"date": "2023-06-13-06-00-00", "latency": "53"}]}], "last_updated": 1719912540.152501}