{"data": [{"location": {"country_code": "nl"}, "game_id": "319965", "values": [{"date": "2024-04-10-22-00-00", "latency": "19"}, {"date": "2024-04-10-22-00-00", "latency": "19"}, {"date": "2024-04-10-22-00-00", "latency": "19"}]}, {"location": {"country_code": "fr"}, "game_id": "319965", "values": [{"date": "2024-04-10-23-00-00", "latency": "9"}, {"date": "2024-04-10-23-00-00", "latency": "9"}, {"date": "2024-04-10-23-00-00", "latency": "9"}, {"date": "2024-04-10-23-00-00", "latency": "9"}]}, {"location": {"country_code": "ar"}, "game_id": "319965", "values": [{"date": "2024-04-10-22-00-00", "latency": "6"}]}], "last_updated": 1719915102.862116}