{"data": [{"location": {"country_code": "us", "region": "Texas", "city": "Austin"}, "game_id": "319965", "values": [{"date": "2021-07-21-03-00-00", "latency": 56}]}, {"location": {"country_code": "us", "region": "Oklahoma"}, "game_id": "319965", "values": [{"date": "2021-07-21-04-00-00", "latency": 123}, {"date": "2021-07-21-04-00-00", "latency": 123}]}, {"location": {"country_code": "gb"}, "game_id": "319965", "values": [{"date": "2021-07-21-17-00-00", "latency": 21}, {"date": "2021-07-21-17-00-00", "latency": 21}, {"date": "2021-07-21-17-00-00", "latency": 21}, {"date": "2021-07-21-17-00-00", "latency": 21}, {"date": "2021-07-21-17-00-00", "latency": 21}, {"date": "2021-07-21-17-00-00", "latency": 21}, {"date": "2021-07-21-17-00-00", "latency": 21}, {"date": "2021-07-21-17-00-00", "latency": 21}, {"date": "2021-07-21-17-00-00", "latency": 21}, {"date": "2021-07-21-17-00-00", "latency": 21}, {"date": "2021-07-21-17-00-00", "latency": 21}]}, {"location": {"country_code": "us", "region": "Florida"}, "game_id": "319965", "values": [{"date": "2021-07-21-05-00-00", "latency": 136}, {"date": "2021-07-21-05-00-00", "latency": 136}, {"date": "2021-07-21-05-00-00", "latency": 136}, {"date": "2021-07-21-05-00-00", "latency": 136}, {"date": "2021-07-21-05-00-00", "latency": 136}, {"date": "2021-07-21-05-00-00", "latency": 136}, {"date": "2021-07-21-05-00-00", "latency": 136}, {"date": "2021-07-21-05-00-00", "latency": 136}]}, {"location": {"country_code": "us", "region": "California", "city": "East Los Angeles"}, "game_id": "319965", "values": [{"date": "2021-07-21-10-00-00", "latency": 77}, {"date": "2021-07-21-10-00-00", "latency": 77}, {"date": "2021-07-21-10-00-00", "latency": 77}, {"date": "2021-07-21-10-00-00", "latency": 77}, {"date": "2021-07-21-10-00-00", "latency": 77}]}, {"location": {"country_code": "us", "region": "Alaska"}, "game_id": "319965", "values": [{"date": "2021-07-21-23-00-00", "latency": 214}, {"date": "2021-07-21-23-00-00", "latency": 214}, {"date": "2021-07-21-23-00-00", "latency": 214}, {"date": "2021-07-21-23-00-00", "latency": 214}, {"date": "2021-07-21-23-00-00", "latency": 214}, {"date": "2021-07-21-23-00-00", "latency": 214}, {"date": "2021-07-21-23-00-00", "latency": 214}]}, {"location": {"country_code": "es", "region": "Andalusia", "city": "Almeria"}, "game_id": "319965", "values": [{"date": "2021-07-21-02-00-00", "latency": 176}, {"date": "2021-07-21-02-00-00", "latency": 176}, {"date": "2021-07-21-02-00-00", "latency": 176}, {"date": "2021-07-21-02-00-00", "latency": 176}]}, {"location": {"country_code": "br", "region": "Sao Paulo", "city": "Santo Andre"}, "game_id": "319965", "values": [{"date": "2021-07-22-01-00-00", "latency": 189}]}, {"location": {"country_code": "gb", "region": "Scotland", "city": "Glasgow"}, "game_id": "319965", "values": [{"date": "2021-07-21-23-00-00", "latency": 78}]}], "last_updated": 1719927614.551893}