{"data": [{"location": {"country_code": "us"}, "game_id": "101342", "values": [{"date": "2024-06-12-04-00-00", "alternatives": ["8", "68", "8"]}, {"date": "2024-06-12-04-00-00", "alternatives": ["8", "68", "8"]}, {"date": "2024-06-12-04-00-00", "alternatives": ["8", "68", "8"]}, {"date": "2024-06-12-04-00-00", "alternatives": ["8", "68", "8"]}, {"date": "2024-06-12-03-00-00", "alternatives": ["104", "104", "164"]}, {"date": "2024-06-12-03-00-00", "alternatives": ["104", "104", "164"]}, {"date": "2024-06-12-03-00-00", "alternatives": ["104", "104", "164"]}, {"date": "2024-06-12-03-00-00", "alternatives": ["104", "104", "164"]}, {"date": "2024-06-12-03-00-00", "alternatives": ["104", "104", "164"]}, {"date": "2024-06-12-03-00-00", "alternatives": ["104", "104", "164"]}, {"date": "2024-06-12-03-00-00", "alternatives": ["104", "104", "164"]}, {"date": "2024-06-12-03-00-00", "alternatives": ["104", "104", "164"]}, {"date": "2024-06-12-04-00-00", "alternatives": ["67", "67", "6"]}, {"date": "2024-06-12-04-00-00", "alternatives": ["67", "67", "6"]}, {"date": "2024-06-12-04-00-00", "alternatives": ["67", "67", "6"]}, {"date": "2024-06-12-04-00-00", "alternatives": ["67", "67", "6"]}, {"date": "2024-06-12-04-00-00", "alternatives": ["67", "67", "6"]}, {"date": "2024-06-12-04-00-00", "alternatives": ["67", "67", "6"]}, {"date": "2024-06-12-21-00-00", "alternatives": ["91", "91", "97"]}, {"date": "2024-06-13-01-00-00", "alternatives": ["49", "6", "49"]}, {"date": "2024-06-13-01-00-00", "alternatives": ["49", "6", "49"]}, {"date": "2024-06-13-01-00-00", "alternatives": ["49", "6", "49"]}, {"date": "2024-06-13-01-00-00", "alternatives": ["49", "6", "49"]}, {"date": "2024-06-13-01-00-00", "alternatives": ["49", "6", "49"]}, {"date": "2024-06-13-01-00-00", "alternatives": ["49", "6", "49"]}, {"date": "2024-06-13-01-00-00", "alternatives": ["49", "6", "49"]}, {"date": "2024-06-13-01-00-00", "alternatives": ["49", "6", "49"]}, {"date": "2024-06-13-01-00-00", "alternatives": ["49", "6", "49"]}]}, {"location": {"country_code": "us", "region": "Iowa"}, "game_id": "101342", "values": [{"date": "2024-06-12-05-00-00", "alternatives": ["107", "107", "167"]}, {"date": "2024-06-12-05-00-00", "alternatives": ["107", "107", "167"]}, {"date": "2024-06-12-05-00-00", "alternatives": ["107", "107", "167"]}]}, {"location": {"country_code": "us", "region": "New York", "city": "Jamestown"}, "game_id": "101342", "values": [{"date": "2024-06-13-02-00-00", "alternatives": ["45", "45", "495"]}, {"date": "2024-06-13-02-00-00", "alternatives": ["45", "45", "495"]}]}, {"location": {"country_code": "gb"}, "game_id": "101342", "values": [{"date": "2024-06-12-16-00-00", "alternatives": ["61", "61", "67"]}, {"date": "2024-06-12-16-00-00", "alternatives": ["61", "61", "67"]}, {"date": "2024-06-12-16-00-00", "alternatives": ["61", "61", "67"]}, {"date": "2024-06-12-16-00-00", "alternatives": ["61", "61", "67"]}, {"date": "2024-06-12-16-00-00", "alternatives": ["61", "61", "67"]}, {"date": "2024-06-12-16-00-00", "alternatives": ["61", "61", "67"]}, {"date": "2024-06-13-01-00-00", "alternatives": ["60", "66", "60"]}, {"date": "2024-06-13-01-00-00", "alternatives": ["60", "66", "60"]}]}, {"location": {"country_code": "gb", "region": "England"}, "game_id": "101342", "values": [{"date": "2024-06-12-12-00-00", "alternatives": ["41", "41", "4"]}, {"date": "2024-06-12-12-00-00", "alternatives": ["41", "41", "4"]}, {"date": "2024-06-12-19-00-00", "alternatives": ["5", "5", "91"]}, {"date": "2024-06-12-19-00-00", "alternatives": ["5", "5", "91"]}]}, {"location": {"country_code": "gr"}, "game_id": "101342", "values": [{"date": "2024-06-12-20-00-00", "alternatives": ["108", "108", "198"]}, {"date": "2024-06-12-20-00-00", "alternatives": ["108", "108", "198"]}, {"date": "2024-06-12-20-00-00", "alternatives": ["108", "108", "198"]}]}, {"location": {"country_code": "it"}, "game_id": "101342", "values": [{"date": "2024-06-13-01-00-00", "alternatives": ["90", "06", "90"]}, {"date": "2024-06-13-01-00-00", "alternatives": ["90", "06", "90"]}, {"date": "2024-06-12-16-00-00", "alternatives": ["108", "108", "1068"]}, {"date": "2024-06-12-16-00-00", "alternatives": ["108", "108", "1068"]}, {"date": "2024-06-12-16-00-00", "alternatives": ["108", "108", "1068"]}, {"date": "2024-06-12-16-00-00", "alternatives": ["108", "108", "1068"]}, {"date": "2024-06-12-16-00-00", "alternatives": ["108", "108", "1068"]}, {"date": "2024-06-12-16-00-00", "alternatives": ["108", "108", "1068"]}, {"date": "2024-06-12-16-00-00", "alternatives": ["108", "108", "1068"]}, {"date": "2024-06-12-16-00-00", "alternatives": ["108", "108", "1068"]}, {"date": "2024-06-12-16-00-00", "alternatives": ["108", "108", "1068"]}, {"date": "2024-06-13-01-00-00", "alternatives": ["130", "130", "136"]}, {"date": "2024-06-13-01-00-00", "alternatives": ["130", "130", "136"]}, {"date": "2024-06-13-01-00-00", "alternatives": ["130", "130", "136"]}, {"date": "2024-06-13-01-00-00", "alternatives": ["130", "130", "136"]}, {"date": "2024-06-13-01-00-00", "alternatives": ["130", "130", "136"]}]}, {"location": {"country_code": "ca"}, "game_id": "101342", "values": [{"date": "2024-06-12-04-00-00", "alternatives": ["101", "181", "181"]}, {"date": "2024-06-12-04-00-00", "alternatives": ["101", "181", "181"]}, {"date": "2024-06-12-04-00-00", "alternatives": ["101", "181", "181"]}, {"date": "2024-06-12-04-00-00", "alternatives": ["101", "181", "181"]}]}, {"location": {"country_code": "de"}, "game_id": "101342", "values": [{"date": "2024-06-12-21-00-00", "alternatives": ["55", "55", "39"]}]}, {"location": {"country_code": "gb", "region": "Scotland"}, "game_id": "101342", "values": [{"date": "2024-06-13-00-00-00", "alternatives": ["53", "53", "353"]}, {"date": "2024-06-13-01-00-00", "alternatives": ["7164", "168", "168"]}]}, {"location": {"country_code": "us", "region": "Texas"}, "game_id": "101342", "values": [{"date": "2024-06-12-18-00-00", "alternatives": ["105", "105", "165"]}, {"date": "2024-06-12-18-00-00", "alternatives": ["105", "105", "165"]}, {"date": "2024-06-12-18-00-00", "alternatives": ["105", "105", "165"]}, {"date": "2024-06-12-18-00-00", "alternatives": ["105", "105", "165"]}, {"date": "2024-06-12-18-00-00", "alternatives": ["105", "105", "165"]}, {"date": "2024-06-12-18-00-00", "alternatives": ["105", "105", "165"]}, {"date": "2024-06-12-18-00-00", "alternatives": ["105", "105", "165"]}, {"date": "2024-06-12-18-00-00", "alternatives": ["105", "105", "165"]}, {"date": "2024-06-12-18-00-00", "alternatives": ["50", "58", "58"]}, {"date": "2024-06-12-18-00-00", "alternatives": ["50", "58", "58"]}, {"date": "2024-06-12-18-00-00", "alternatives": ["50", "58", "58"]}, {"date": "2024-06-12-18-00-00", "alternatives": ["50", "58", "58"]}, {"date": "2024-06-12-18-00-00", "alternatives": ["50", "58", "58"]}, {"date": "2024-06-12-18-00-00", "alternatives": ["50", "58", "58"]}, {"date": "2024-06-12-18-00-00", "alternatives": ["50", "58", "58"]}, {"date": "2024-06-12-18-00-00", "alternatives": ["50", "58", "58"]}, {"date": "2024-06-12-18-00-00", "alternatives": ["50", "58", "58"]}, {"date": "2024-06-12-23-00-00", "alternatives": ["47", "47", "4"]}, {"date": "2024-06-12-23-00-00", "alternatives": ["47", "47", "4"]}, {"date": "2024-06-12-23-00-00", "alternatives": ["47", "47", "4"]}, {"date": "2024-06-13-02-00-00", "alternatives": ["72", "72", "2"]}, {"date": "2024-06-13-02-00-00", "alternatives": ["72", "72", "2"]}, {"date": "2024-06-13-02-00-00", "alternatives": ["72", "72", "2"]}, {"date": "2024-06-13-02-00-00", "alternatives": ["72", "72", "2"]}, {"date": "2024-06-13-02-00-00", "alternatives": ["72", "72", "2"]}, {"date": "2024-06-12-19-00-00", "alternatives": ["74", "7", "74"]}, {"date": "2024-06-12-19-00-00", "alternatives": ["74", "7", "74"]}, {"date": "2024-06-12-19-00-00", "alternatives": ["74", "7", "74"]}, {"date": "2024-06-12-19-00-00", "alternatives": ["74", "7", "74"]}, {"date": "2024-06-12-19-00-00", "alternatives": ["74", "7", "74"]}, {"date": "2024-06-12-19-00-00", "alternatives": ["74", "7", "74"]}]}, {"location": {"country_code": "us", "region": "Florida"}, "game_id": "101342", "values": [{"date": "2024-06-12-22-00-00", "alternatives": ["81", "81", "31"]}, {"date": "2024-06-12-22-00-00", "alternatives": ["81", "81", "31"]}, {"date": "2024-06-12-22-00-00", "alternatives": ["81", "81", "31"]}, {"date": "2024-06-12-22-00-00", "alternatives": ["81", "81", "31"]}, {"date": "2024-06-12-22-00-00", "alternatives": ["81", "81", "31"]}, {"date": "2024-06-12-22-00-00", "alternatives": ["81", "81", "31"]}, {"date": "2024-06-12-22-00-00", "alternatives": ["81", "81", "31"]}, {"date": "2024-06-12-22-00-00", "alternatives": ["81", "81", "31"]}, {"date": "2024-06-12-22-00-00", "alternatives": ["81", "81", "31"]}, {"date": "2024-06-12-22-00-00", "alternatives": ["81", "81", "31"]}, {"date": "2024-06-12-22-00-00", "alternatives": ["81", "81", "31"]}, {"date": "2024-06-12-22-00-00", "alternatives": ["81", "81", "31"]}, {"date": "2024-06-13-02-00-00", "alternatives": ["89", "89", "9"]}, {"date": "2024-06-13-02-00-00", "alternatives": ["89", "89", "9"]}, {"date": "2024-06-13-02-00-00", "alternatives": ["89", "89", "9"]}, {"date": "2024-06-13-02-00-00", "alternatives": ["89", "89", "9"]}, {"date": "2024-06-13-02-00-00", "alternatives": ["89", "89", "9"]}, {"date": "2024-06-13-02-00-00", "alternatives": ["89", "89", "9"]}]}, {"location": {"country_code": "fr"}, "game_id": "101342", "values": [{"date": "2024-06-12-17-00-00", "alternatives": ["102", "102", "162"]}, {"date": "2024-06-12-17-00-00", "alternatives": ["102", "102", "162"]}, {"date": "2024-06-12-17-00-00", "alternatives": ["102", "102", "162"]}, {"date": "2024-06-12-17-00-00", "alternatives": ["102", "102", "162"]}, {"date": "2024-06-12-17-00-00", "alternatives": ["102", "102", "162"]}, {"date": "2024-06-12-13-00-00", "alternatives": ["7", "74", "74"]}, {"date": "2024-06-12-13-00-00", "alternatives": ["7", "74", "74"]}, {"date": "2024-06-12-13-00-00", "alternatives": ["7", "74", "74"]}, {"date": "2024-06-12-13-00-00", "alternatives": ["7", "74", "74"]}]}, {"location": {"country_code": "us", "region": "New Jersey"}, "game_id": "101342", "values": [{"date": "2024-06-12-05-00-00", "alternatives": ["89", "68", "89"]}, {"date": "2024-06-12-05-00-00", "alternatives": ["89", "68", "89"]}, {"date": "2024-06-12-05-00-00", "alternatives": ["89", "68", "89"]}, {"date": "2024-06-12-05-00-00", "alternatives": ["89", "68", "89"]}, {"date": "2024-06-12-05-00-00", "alternatives": ["89", "68", "89"]}, {"date": "2024-06-12-05-00-00", "alternatives": ["89", "68", "89"]}]}, {"location": {"country_code": "br"}, "game_id": "101342", "values": [{"date": "2024-06-12-16-00-00", "alternatives": ["88", "88", "38"]}, {"date": "2024-06-12-16-00-00", "alternatives": ["88", "88", "38"]}, {"date": "2024-06-12-16-00-00", "alternatives": ["88", "88", "38"]}, {"date": "2024-06-12-16-00-00", "alternatives": ["88", "88", "38"]}]}, {"location": {"country_code": "us", "region": "California", "city": "East Los Angeles"}, "game_id": "101342", "values": [{"date": "2024-06-12-06-00-00", "alternatives": ["53", "53", "3"]}, {"date": "2024-06-12-06-00-00", "alternatives": ["53", "53", "3"]}, {"date": "2024-06-12-06-00-00", "alternatives": ["53", "53", "3"]}, {"date": "2024-06-12-06-00-00", "alternatives": ["53", "53", "3"]}, {"date": "2024-06-12-06-00-00", "alternatives": ["53", "53", "3"]}, {"date": "2024-06-12-06-00-00", "alternatives": ["53", "53", "3"]}]}, {"location": {"country_code": "au"}, "game_id": "101342", "values": [{"date": "2024-06-12-15-00-00", "alternatives": ["74", "74", "4"]}, {"date": "2024-06-12-15-00-00", "alternatives": ["74", "74", "4"]}, {"date": "2024-06-12-15-00-00", "alternatives": ["74", "74", "4"]}, {"date": "2024-06-12-18-00-00", "alternatives": ["74", "74", "4"]}, {"date": "2024-06-12-18-00-00", "alternatives": ["74", "74", "4"]}, {"date": "2024-06-12-18-00-00", "alternatives": ["74", "74", "4"]}, {"date": "2024-06-12-18-00-00", "alternatives": ["74", "74", "4"]}, {"date": "2024-06-12-18-00-00", "alternatives": ["74", "74", "4"]}, {"date": "2024-06-12-18-00-00", "alternatives": ["74", "74", "4"]}, {"date": "2024-06-12-18-00-00", "alternatives": ["74", "74", "4"]}, {"date": "2024-06-12-18-00-00", "alternatives": ["74", "74", "4"]}, {"date": "2024-06-12-18-00-00", "alternatives": ["74", "74", "4"]}, {"date": "2024-06-12-18-00-00", "alternatives": ["74", "74", "4"]}, {"date": "2024-06-12-18-00-00", "alternatives": ["74", "74", "4"]}, {"date": "2024-06-12-18-00-00", "alternatives": ["74", "74", "4"]}]}, {"location": {"country_code": "td"}, "game_id": "101342", "values": [{"date": "2024-06-12-23-00-00", "alternatives": ["105", "105", "165"]}]}, {"location": {"country_code": "ar"}, "game_id": "101342", "values": [{"date": "2024-06-12-04-00-00", "alternatives": ["80", "80", "809"]}, {"date": "2024-06-12-04-00-00", "alternatives": ["80", "80", "809"]}, {"date": "2024-06-12-04-00-00", "alternatives": ["80", "80", "809"]}, {"date": "2024-06-12-04-00-00", "alternatives": ["80", "80", "809"]}, {"date": "2024-06-12-04-00-00", "alternatives": ["80", "80", "809"]}, {"date": "2024-06-12-04-00-00", "alternatives": ["80", "80", "809"]}, {"date": "2024-06-12-04-00-00", "alternatives": ["80", "80", "809"]}, {"date": "2024-06-12-04-00-00", "alternatives": ["80", "80", "809"]}, {"date": "2024-06-12-04-00-00", "alternatives": ["80", "80", "809"]}, {"date": "2024-06-12-04-00-00", "alternatives": ["80", "80", "809"]}, {"date": "2024-06-12-04-00-00", "alternatives": ["80", "80", "809"]}, {"date": "2024-06-12-04-00-00", "alternatives": ["80", "80", "809"]}]}, {"location": {"country_code": "jm"}, "game_id": "101342", "values": [{"date": "2024-06-12-02-00-00", "alternatives": ["7", "67", "67"]}]}, {"location": {"country_code": "us", "region": "Missouri", "city": "Downtown Kansas City"}, "game_id": "101342", "values": [{"date": "2024-06-13-01-00-00", "alternatives": ["78", "78", "8"]}, {"date": "2024-06-13-01-00-00", "alternatives": ["78", "78", "8"]}, {"date": "2024-06-13-01-00-00", "alternatives": ["78", "78", "8"]}]}, {"location": {"country_code": "us", "region": "Michigan"}, "game_id": "101342", "values": [{"date": "2024-06-13-02-00-00", "alternatives": ["75", "75", "795"]}, {"date": "2024-06-13-02-00-00", "alternatives": ["75", "75", "795"]}, {"date": "2024-06-13-02-00-00", "alternatives": ["75", "75", "795"]}, {"date": "2024-06-13-02-00-00", "alternatives": ["75", "75", "795"]}, {"date": "2024-06-13-02-00-00", "alternatives": ["75", "75", "795"]}]}, {"location": {"country_code": "at", "region": "Vienna"}, "game_id": "101342", "values": [{"date": "2024-06-12-22-00-00", "alternatives": ["103", "103", "163"]}, {"date": "2024-06-12-22-00-00", "alternatives": ["103", "103", "163"]}]}, {"location": {"country_code": "hu"}, "game_id": "101342", "values": [{"date": "2024-06-12-03-00-00", "alternatives": ["73", "73", "3"]}, {"date": "2024-06-12-03-00-00", "alternatives": ["73", "73", "3"]}, {"date": "2024-06-12-03-00-00", "alternatives": ["73", "73", "3"]}]}, {"location": {"country_code": "mx", "region": "Veracruz"}, "game_id": "101342", "values": [{"date": "2024-06-12-06-00-00", "alternatives": ["117", "117", "7"]}, {"date": "2024-06-12-06-00-00", "alternatives": ["117", "117", "7"]}, {"date": "2024-06-12-06-00-00", "alternatives": ["117", "117", "7"]}, {"date": "2024-06-12-06-00-00", "alternatives": ["117", "117", "7"]}]}, {"location": {"country_code": "be", "region": "Brussels Capital", "city": "Brussels"}, "game_id": "101342", "values": [{"date": "2024-06-12-21-00-00", "alternatives": ["60", "66", "60"]}, {"date": "2024-06-12-21-00-00", "alternatives": ["60", "66", "60"]}, {"date": "2024-06-12-21-00-00", "alternatives": ["60", "66", "60"]}, {"date": "2024-06-12-21-00-00", "alternatives": ["60", "66", "60"]}]}, {"location": {"country_code": "us", "region": "North Carolina"}, "game_id": "101342", "values": [{"date": "2024-06-12-20-00-00", "alternatives": ["103", "103", "163"]}, {"date": "2024-06-12-20-00-00", "alternatives": ["103", "103", "163"]}, {"date": "2024-06-12-20-00-00", "alternatives": ["103", "103", "163"]}, {"date": "2024-06-12-20-00-00", "alternatives": ["103", "103", "163"]}, {"date": "2024-06-12-20-00-00", "alternatives": ["103", "103", "163"]}, {"date": "2024-06-12-20-00-00", "alternatives": ["103", "103", "163"]}, {"date": "2024-06-12-20-00-00", "alternatives": ["103", "103", "163"]}, {"date": "2024-06-12-20-00-00", "alternatives": ["103", "103", "163"]}, {"date": "2024-06-12-20-00-00", "alternatives": ["103", "103", "163"]}, {"date": "2024-06-12-20-00-00", "alternatives": ["103", "103", "163"]}, {"date": "2024-06-12-20-00-00", "alternatives": ["103", "103", "163"]}, {"date": "2024-06-12-20-00-00", "alternatives": ["103", "103", "163"]}, {"date": "2024-06-12-20-00-00", "alternatives": ["103", "103", "163"]}, {"date": "2024-06-12-20-00-00", "alternatives": ["103", "103", "163"]}, {"date": "2024-06-12-20-00-00", "alternatives": ["103", "103", "163"]}, {"date": "2024-06-12-20-00-00", "alternatives": ["103", "103", "163"]}, {"date": "2024-06-12-20-00-00", "alternatives": ["103", "103", "163"]}]}, {"location": {"country_code": "us", "region": "Pennsylvania"}, "game_id": "101342", "values": [{"date": "2024-06-12-03-00-00", "alternatives": ["69", "69", "669"]}, {"date": "2024-06-12-03-00-00", "alternatives": ["69", "69", "669"]}, {"date": "2024-06-12-03-00-00", "alternatives": ["69", "69", "669"]}, {"date": "2024-06-12-03-00-00", "alternatives": ["69", "69", "669"]}, {"date": "2024-06-12-03-00-00", "alternatives": ["69", "69", "669"]}, {"date": "2024-06-12-03-00-00", "alternatives": ["69", "69", "669"]}, {"date": "2024-06-12-03-00-00", "alternatives": ["69", "69", "669"]}]}, {"location": {"country_code": "br", "region": "State of Rio de Janeiro", "city": "Angra dos Reis"}, "game_id": "101342", "values": [{"date": "2024-06-12-14-00-00", "alternatives": ["50", "58", "58"]}, {"date": "2024-06-12-14-00-00", "alternatives": ["50", "58", "58"]}, {"date": "2024-06-12-14-00-00", "alternatives": ["50", "58", "58"]}, {"date": "2024-06-12-14-00-00", "alternatives": ["50", "58", "58"]}, {"date": "2024-06-12-14-00-00", "alternatives": ["50", "58", "58"]}, {"date": "2024-06-12-14-00-00", "alternatives": ["50", "58", "58"]}]}, {"location": {"country_code": "br", "region": "Rio Grande do Sul"}, "game_id": "101342", "values": [{"date": "2024-06-12-03-00-00", "alternatives": ["73", "73", "3"]}, {"date": "2024-06-12-03-00-00", "alternatives": ["73", "73", "3"]}, {"date": "2024-06-12-03-00-00", "alternatives": ["73", "73", "3"]}, {"date": "2024-06-12-03-00-00", "alternatives": ["73", "73", "3"]}, {"date": "2024-06-12-03-00-00", "alternatives": ["73", "73", "3"]}, {"date": "2024-06-12-03-00-00", "alternatives": ["73", "73", "3"]}, {"date": "2024-06-12-03-00-00", "alternatives": ["73", "73", "3"]}, {"date": "2024-06-12-03-00-00", "alternatives": ["73", "73", "3"]}, {"date": "2024-06-12-03-00-00", "alternatives": ["73", "73", "3"]}]}, {"location": {"country_code": "us", "region": "Georgia", "city": "Atlanta"}, "game_id": "101342", "values": [{"date": "2024-06-12-22-00-00", "alternatives": ["127", "127", "7"]}, {"date": "2024-06-12-22-00-00", "alternatives": ["127", "127", "7"]}, {"date": "2024-06-12-22-00-00", "alternatives": ["127", "127", "7"]}, {"date": "2024-06-12-22-00-00", "alternatives": ["127", "127", "7"]}, {"date": "2024-06-12-22-00-00", "alternatives": ["127", "127", "7"]}, {"date": "2024-06-12-22-00-00", "alternatives": ["127", "127", "7"]}, {"date": "2024-06-12-22-00-00", "alternatives": ["127", "127", "7"]}, {"date": "2024-06-12-22-00-00", "alternatives": ["127", "127", "7"]}, {"date": "2024-06-12-22-00-00", "alternatives": ["127", "127", "7"]}, {"date": "2024-06-12-22-00-00", "alternatives": ["127", "127", "7"]}, {"date": "2024-06-12-22-00-00", "alternatives": ["127", "127", "7"]}, {"date": "2024-06-12-22-00-00", "alternatives": ["127", "127", "7"]}]}, {"location": {"country_code": "bs"}, "game_id": "101342", "values": [{"date": "2024-06-12-21-00-00", "alternatives": ["103", "103", "1063"]}, {"date": "2024-06-12-21-00-00", "alternatives": ["103", "103", "1063"]}, {"date": "2024-06-12-21-00-00", "alternatives": ["103", "103", "1063"]}, {"date": "2024-06-12-21-00-00", "alternatives": ["103", "103", "1063"]}, {"date": "2024-06-12-21-00-00", "alternatives": ["103", "103", "1063"]}, {"date": "2024-06-12-21-00-00", "alternatives": ["103", "103", "1063"]}, {"date": "2024-06-12-21-00-00", "alternatives": ["103", "103", "1063"]}]}, {"location": {"country_code": "tr", "region": "Ic Anadolu Bolgesi", "city": "Ankara"}, "game_id": "101342", "values": [{"date": "2024-06-12-19-00-00", "alternatives": ["91", "91", "97"]}, {"date": "2024-06-12-19-00-00", "alternatives": ["91", "91", "97"]}, {"date": "2024-06-12-19-00-00", "alternatives": ["91", "91", "97"]}, {"date": "2024-06-12-19-00-00", "alternatives": ["91", "91", "97"]}, {"date": "2024-06-12-19-00-00", "alternatives": ["91", "91", "97"]}, {"date": "2024-06-12-19-00-00", "alternatives": ["91", "91", "97"]}, {"date": "2024-06-12-19-00-00", "alternatives": ["91", "91", "97"]}, {"date": "2024-06-12-19-00-00", "alternatives": ["91", "91", "97"]}, {"date": "2024-06-12-19-00-00", "alternatives": ["91", "91", "97"]}, {"date": "2024-06-12-19-00-00", "alternatives": ["91", "91", "97"]}, {"date": "2024-06-12-19-00-00", "alternatives": ["91", "91", "97"]}, {"date": "2024-06-12-19-00-00", "alternatives": ["91", "91", "97"]}, {"date": "2024-06-12-19-00-00", "alternatives": ["91", "91", "97"]}, {"date": "2024-06-12-19-00-00", "alternatives": ["91", "91", "97"]}, {"date": "2024-06-12-19-00-00", "alternatives": ["91", "91", "97"]}, {"date": "2024-06-12-19-00-00", "alternatives": ["91", "91", "97"]}, {"date": "2024-06-12-19-00-00", "alternatives": ["91", "91", "97"]}]}, {"location": {"country_code": "jo"}, "game_id": "101342", "values": [{"date": "2024-06-12-22-00-00", "alternatives": ["110", "110", "116"]}]}, {"location": {"country_code": "us", "region": "California", "city": "Fullerton"}, "game_id": "101342", "values": [{"date": "2024-06-13-02-00-00", "alternatives": ["116", "1116", "116"]}, {"date": "2024-06-13-02-00-00", "alternatives": ["116", "1116", "116"]}, {"date": "2024-06-13-02-00-00", "alternatives": ["116", "1116", "116"]}, {"date": "2024-06-13-02-00-00", "alternatives": ["116", "1116", "116"]}, {"date": "2024-06-13-02-00-00", "alternatives": ["116", "1116", "116"]}, {"date": "2024-06-13-02-00-00", "alternatives": ["116", "1116", "116"]}, {"date": "2024-06-13-02-00-00", "alternatives": ["116", "1116", "116"]}, {"date": "2024-06-13-02-00-00", "alternatives": ["116", "1116", "116"]}, {"date": "2024-06-13-02-00-00", "alternatives": ["116", "1116", "116"]}, {"date": "2024-06-13-02-00-00", "alternatives": ["116", "1116", "116"]}, {"date": "2024-06-13-02-00-00", "alternatives": ["116", "1116", "116"]}, {"date": "2024-06-13-02-00-00", "alternatives": ["116", "1116", "116"]}, {"date": "2024-06-13-02-00-00", "alternatives": ["116", "1116", "116"]}, {"date": "2024-06-13-02-00-00", "alternatives": ["116", "1116", "116"]}, {"date": "2024-06-13-02-00-00", "alternatives": ["116", "1116", "116"]}, {"date": "2024-06-13-02-00-00", "alternatives": ["116", "1116", "116"]}, {"date": "2024-06-13-02-00-00", "alternatives": ["116", "1116", "116"]}, {"date": "2024-06-13-02-00-00", "alternatives": ["116", "1116", "116"]}, {"date": "2024-06-13-02-00-00", "alternatives": ["116", "1116", "116"]}]}, {"location": {"country_code": "br", "region": "Santa Catarina", "city": "Imbituba"}, "game_id": "101342", "values": [{"date": "2024-06-12-18-00-00", "alternatives": ["3", "31", "31"]}]}, {"location": {"country_code": "gl"}, "game_id": "101342", "values": [{"date": "2024-06-13-01-00-00", "alternatives": ["130", "130", "136"]}]}, {"location": {"country_code": "us", "region": "Wisconsin", "city": "Dakota"}, "game_id": "101342", "values": [{"date": "2024-06-12-03-00-00", "alternatives": ["51", "51", "91"]}, {"date": "2024-06-12-03-00-00", "alternatives": ["51", "51", "91"]}, {"date": "2024-06-12-03-00-00", "alternatives": ["51", "51", "91"]}, {"date": "2024-06-12-03-00-00", "alternatives": ["51", "51", "91"]}, {"date": "2024-06-12-03-00-00", "alternatives": ["51", "51", "91"]}, {"date": "2024-06-12-03-00-00", "alternatives": ["51", "51", "91"]}]}], "last_updated": 1719918480.142505}