{"data": [{"location": {"country_code": "nz", "region": "Waikato"}, "game_id": "461764", "values": [{"date": "2023-06-08-02-00-00", "alternatives": [105, 108, 5, 105, 105]}]}, {"location": {"country_code": "us"}, "game_id": "461764", "values": [{"date": "2023-06-08-05-00-00", "alternatives": [5, 33, 5, 33, 33]}, {"date": "2023-06-08-05-00-00", "alternatives": [5, 33, 5, 33, 33]}, {"date": "2023-06-08-05-00-00", "alternatives": [5, 33, 5, 33, 33]}, {"date": "2023-06-08-05-00-00", "alternatives": [5, 33, 5, 33, 33]}, {"date": "2023-06-08-05-00-00", "alternatives": [5, 33, 5, 33, 33]}, {"date": "2023-06-08-05-00-00", "alternatives": [5, 33, 5, 33, 33]}, {"date": "2023-06-09-02-00-00", "alternatives": [34, 34, 34, 34]}, {"date": "2023-06-09-02-00-00", "alternatives": [34, 34, 34, 34]}, {"date": "2023-06-09-02-00-00", "alternatives": [34, 34, 34, 34]}, {"date": "2023-06-09-02-00-00", "alternatives": [34, 34, 34, 34]}, {"date": "2023-06-09-02-00-00", "alternatives": [34, 34, 34, 34]}, {"date": "2023-06-09-02-00-00", "alternatives": [34, 34, 34, 34]}, {"date": "2023-06-09-02-00-00", "alternatives": [34, 34, 34, 34]}, {"date": "2023-06-08-23-00-00", "alternatives": ["36", "38", "38"]}, {"date": "2023-06-08-23-00-00", "alternatives": ["36", "38", "38"]}, {"date": "2023-06-08-23-00-00", "alternatives": ["36", "38", "38"]}, {"date": "2023-06-08-23-00-00", "alternatives": ["36", "38", "38"]}, {"date": "2023-06-08-23-00-00", "alternatives": ["36", "38", "38"]}, {"date": "2023-06-08-23-00-00", "alternatives": ["36", "38", "38"]}, {"date": "2023-06-08-05-00-00", "alternatives": ["5", "35", "35"]}, {"date": "2023-06-08-05-00-00", "alternatives": ["5", "35", "35"]}, {"date": "2023-06-08-05-00-00", "alternatives": ["5", "35", "35"]}]}, {"location": {"country_code": "us", "region": "Texas", "city": "San Antonio"}, "game_id": "461764", "values": [{"date": "2023-06-08-03-00-00", "alternatives": ["34", "34005", "34"]}, {"date": "2023-06-08-03-00-00", "alternatives": ["34", "34005", "34"]}, {"date": "2023-06-08-03-00-00", "alternatives": ["34", "34005", "34"]}]}, {"location": {"country_code": "gb"}, "game_id": "461764", "values": [{"date": "2023-06-08-14-00-00", "alternatives": [19, 3, 34, 34, 34]}, {"date": "2023-06-08-03-00-00", "alternatives": [4, 34, 34, 34]}, {"date": "2023-06-08-03-00-00", "alternatives": [4, 34, 34, 34]}]}, {"location": {"country_code": "th"}, "game_id": "461764", "values": [{"date": "2023-06-08-07-00-00", "alternatives": [36, 316, 38, 36, 38, 36]}, {"date": "2023-06-08-07-00-00", "alternatives": [36, 316, 38, 36, 38, 36]}, {"date": "2023-06-08-07-00-00", "alternatives": [36, 316, 38, 36, 38, 36]}, {"date": "2023-06-08-07-00-00", "alternatives": [36, 316, 38, 36, 38, 36]}, {"date": "2023-06-08-07-00-00", "alternatives": [36, 316, 38, 36, 38, 36]}, {"date": "2023-06-08-07-00-00", "alternatives": [36, 316, 38, 36, 38, 36]}, {"date": "2023-06-08-07-00-00", "alternatives": [36, 316, 38, 36, 38, 36]}, {"date": "2023-06-08-07-00-00", "alternatives": [36, 316, 38, 36, 38, 36]}, {"date": "2023-06-08-07-00-00", "alternatives": [36, 316, 38, 36, 38, 36]}]}, {"location": {"country_code": "gr"}, "game_id": "461764", "values": [{"date": "2023-06-08-22-00-00", "alternatives": [15, 35, 35, 35]}, {"date": "2023-06-08-22-00-00", "alternatives": [15, 35, 35, 35]}, {"date": "2023-06-08-22-00-00", "alternatives": [15, 35, 35, 35]}, {"date": "2023-06-08-22-00-00", "alternatives": [15, 35, 35, 35]}, {"date": "2023-06-08-22-00-00", "alternatives": [15, 35, 35, 35]}, {"date": "2023-06-08-22-00-00", "alternatives": [15, 35, 35, 35]}, {"date": "2023-06-08-22-00-00", "alternatives": [15, 35, 35, 35]}, {"date": "2023-06-08-22-00-00", "alternatives": [15, 35, 35, 35]}, {"date": "2023-06-08-22-00-00", "alternatives": [15, 35, 35, 35]}, {"date": "2023-06-08-22-00-00", "alternatives": [15, 35, 35, 35]}, {"date": "2023-06-08-22-00-00", "alternatives": [15, 35, 35, 35]}, {"date": "2023-06-08-22-00-00", "alternatives": [15, 35, 35, 35]}, {"date": "2023-06-08-22-00-00", "alternatives": [15, 35, 35, 35]}, {"date": "2023-06-08-22-00-00", "alternatives": [15, 35, 35, 35]}, {"date": "2023-06-08-22-00-00", "alternatives": [15, 35, 35, 35]}, {"date": "2023-06-08-22-00-00", "alternatives": [15, 35, 35, 35]}, {"date": "2023-06-08-22-00-00", "alternatives": [15, 35, 35, 35]}, {"date": "2023-06-08-22-00-00", "alternatives": [15, 35, 35, 35]}, {"date": "2023-06-08-22-00-00", "alternatives": [15, 35, 35, 35]}, {"date": "2023-06-08-22-00-00", "alternatives": [15, 35, 35, 35]}, {"date": "2023-06-08-22-00-00", "alternatives": [15, 35, 35, 35]}, {"date": "2023-06-08-22-00-00", "alternatives": [15, 35, 35, 35]}, {"date": "2023-06-08-22-00-00", "alternatives": [15, 35, 35, 35]}, {"date": "2023-06-08-22-00-00", "alternatives": [15, 35, 35, 35]}, {"date": "2023-06-08-22-00-00", "alternatives": [15, 35, 35, 35]}, {"date": "2023-06-08-22-00-00", "alternatives": [15, 35, 35, 35]}, {"date": "2023-06-08-22-00-00", "alternatives": [15, 35, 35, 35]}]}, {"location": {"country_code": "it"}, "game_id": "461764", "values": [{"date": "2023-06-08-21-00-00", "alternatives": [3, 34, 34, 34]}, {"date": "2023-06-08-22-00-00", "alternatives": ["1", "15", "1"]}]}, {"location": {"country_code": "ca"}, "game_id": "461764", "values": [{"date": "2023-06-08-05-00-00", "alternatives": ["28", "38", "38"]}, {"date": "2023-06-08-05-00-00", "alternatives": ["28", "38", "38"]}, {"date": "2023-06-08-05-00-00", "alternatives": ["28", "38", "38"]}, {"date": "2023-06-08-05-00-00", "alternatives": ["28", "38", "38"]}, {"date": "2023-06-08-05-00-00", "alternatives": ["28", "38", "38"]}, {"date": "2023-06-08-05-00-00", "alternatives": ["28", "38", "38"]}, {"date": "2023-06-08-05-00-00", "alternatives": ["28", "38", "38"]}, {"date": "2023-06-08-05-00-00", "alternatives": ["28", "38", "38"]}, {"date": "2023-06-08-05-00-00", "alternatives": ["28", "38", "38"]}, {"date": "2023-06-08-07-00-00", "alternatives": [38, 35, 35, 35]}, {"date": "2023-06-08-07-00-00", "alternatives": [38, 35, 35, 35]}, {"date": "2023-06-08-09-00-00", "alternatives": [8, 48, 48, 48]}, {"date": "2023-06-08-09-00-00", "alternatives": [8, 48, 48, 48]}, {"date": "2023-06-08-09-00-00", "alternatives": [8, 48, 48, 48]}, {"date": "2023-06-08-09-00-00", "alternatives": [8, 48, 48, 48]}, {"date": "2023-06-08-09-00-00", "alternatives": [8, 48, 48, 48]}, {"date": "2023-06-08-09-00-00", "alternatives": [8, 48, 48, 48]}, {"date": "2023-06-08-09-00-00", "alternatives": [8, 48, 48, 48]}, {"date": "2023-06-08-09-00-00", "alternatives": [8, 48, 48, 48]}]}, {"location": {"country_code": "ca", "region": "Alberta", "city": "Calgary"}, "game_id": "461764", "values": [{"date": "2023-06-08-18-00-00", "alternatives": [5, 33, 33, 33]}, {"date": "2023-06-08-18-00-00", "alternatives": [5, 33, 33, 33]}, {"date": "2023-06-08-18-00-00", "alternatives": [5, 33, 33, 33]}, {"date": "2023-06-08-18-00-00", "alternatives": [5, 33, 33, 33]}, {"date": "2023-06-08-18-00-00", "alternatives": [5, 33, 33, 33]}, {"date": "2023-06-08-18-00-00", "alternatives": [5, 33, 33, 33]}, {"date": "2023-06-08-18-00-00", "alternatives": [5, 33, 33, 33]}]}, {"location": {"country_code": "de"}, "game_id": "461764", "values": [{"date": "2023-06-08-16-00-00", "alternatives": [12, 2, 32, 32, 32]}, {"date": "2023-06-08-16-00-00", "alternatives": [12, 2, 32, 32, 32]}, {"date": "2023-06-08-16-00-00", "alternatives": [12, 2, 32, 32, 32]}, {"date": "2023-06-08-16-00-00", "alternatives": [12, 2, 32, 32, 32]}, {"date": "2023-06-08-16-00-00", "alternatives": [12, 2, 32, 32, 32]}, {"date": "2023-06-08-16-00-00", "alternatives": [12, 2, 32, 32, 32]}, {"date": "2023-06-09-00-00-00", "alternatives": [34, 8, 32, 34, 34, 34]}, {"date": "2023-06-09-00-00-00", "alternatives": [34, 8, 32, 34, 34, 34]}, {"date": "2023-06-09-00-00-00", "alternatives": [34, 8, 32, 34, 34, 34]}, {"date": "2023-06-09-00-00-00", "alternatives": [34, 8, 32, 34, 34, 34]}, {"date": "2023-06-09-00-00-00", "alternatives": ["35", "6", "35"]}, {"date": "2023-06-09-00-00-00", "alternatives": ["35", "6", "35"]}, {"date": "2023-06-08-18-00-00", "alternatives": ["35", "35", "3"]}, {"date": "2023-06-08-18-00-00", "alternatives": ["35", "35", "3"]}, {"date": "2023-06-08-18-00-00", "alternatives": ["35", "35", "3"]}, {"date": "2023-06-08-18-00-00", "alternatives": ["35", "35", "3"]}, {"date": "2023-06-08-18-00-00", "alternatives": ["35", "35", "3"]}, {"date": "2023-06-08-18-00-00", "alternatives": ["35", "35", "3"]}, {"date": "2023-06-08-18-00-00", "alternatives": ["35", "35", "3"]}, {"date": "2023-06-08-18-00-00", "alternatives": ["35", "35", "3"]}, {"date": "2023-06-08-18-00-00", "alternatives": ["35", "35", "3"]}, {"date": "2023-06-08-18-00-00", "alternatives": ["35", "35", "3"]}, {"date": "2023-06-09-01-00-00", "alternatives": [34, 3, 34, 34]}, {"date": "2023-06-09-01-00-00", "alternatives": [34, 3, 34, 34]}, {"date": "2023-06-09-01-00-00", "alternatives": [34, 3, 34, 34]}, {"date": "2023-06-09-01-00-00", "alternatives": [34, 3, 34, 34]}, {"date": "2023-06-08-23-00-00", "alternatives": ["7", "35", "35"]}, {"date": "2023-06-08-23-00-00", "alternatives": ["7", "35", "35"]}, {"date": "2023-06-08-23-00-00", "alternatives": ["7", "35", "35"]}, {"date": "2023-06-08-23-00-00", "alternatives": ["7", "35", "35"]}, {"date": "2023-06-08-23-00-00", "alternatives": ["7", "35", "35"]}, {"date": "2023-06-08-18-00-00", "alternatives": ["35", "3", "35"]}, {"date": "2023-06-08-18-00-00", "alternatives": ["35", "3", "35"]}, {"date": "2023-06-08-18-00-00", "alternatives": ["35", "3", "35"]}, {"date": "2023-06-08-18-00-00", "alternatives": ["35", "3", "35"]}, {"date": "2023-06-08-18-00-00", "alternatives": ["35", "3", "35"]}, {"date": "2023-06-08-18-00-00", "alternatives": ["35", "3", "35"]}, {"date": "2023-06-08-18-00-00", "alternatives": ["35", "3", "35"]}, {"date": "2023-06-08-18-00-00", "alternatives": ["35", "3", "35"]}, {"date": "2023-06-08-18-00-00", "alternatives": ["35", "3", "35"]}, {"date": "2023-06-08-18-00-00", "alternatives": ["35", "3", "35"]}, {"date": "2023-06-08-18-00-00", "alternatives": ["35", "3", "35"]}, {"date": "2023-06-08-18-00-00", "alternatives": ["35", "3", "35"]}, {"date": "2023-06-09-00-00-00", "alternatives": ["1", "35", "35"]}, {"date": "2023-06-09-00-00-00", "alternatives": ["1", "35", "35"]}, {"date": "2023-06-09-00-00-00", "alternatives": ["1", "35", "35"]}, {"date": "2023-06-09-00-00-00", "alternatives": ["1", "35", "35"]}, {"date": "2023-06-09-00-00-00", "alternatives": ["1", "35", "35"]}, {"date": "2023-06-09-00-00-00", "alternatives": ["1", "35", "35"]}, {"date": "2023-06-09-00-00-00", "alternatives": ["1", "35", "35"]}, {"date": "2023-06-09-00-00-00", "alternatives": ["1", "35", "35"]}, {"date": "2023-06-09-00-00-00", "alternatives": ["1", "35", "35"]}, {"date": "2023-06-09-00-00-00", "alternatives": ["1", "35", "35"]}, {"date": "2023-06-09-00-00-00", "alternatives": ["1", "35", "35"]}]}, {"location": {"country_code": "de", "region": "North Rhine-Westphalia", "city": "Essen"}, "game_id": "461764", "values": [{"date": "2023-06-08-09-00-00", "alternatives": ["3", "35", "35"]}, {"date": "2023-06-08-09-00-00", "alternatives": ["3", "35", "35"]}, {"date": "2023-06-08-09-00-00", "alternatives": ["3", "35", "35"]}, {"date": "2023-06-08-09-00-00", "alternatives": ["3", "35", "35"]}, {"date": "2023-06-08-09-00-00", "alternatives": ["3", "35", "35"]}, {"date": "2023-06-08-09-00-00", "alternatives": ["3", "35", "35"]}, {"date": "2023-06-08-09-00-00", "alternatives": ["3", "35", "35"]}, {"date": "2023-06-08-09-00-00", "alternatives": ["3", "35", "35"]}]}, {"location": {"country_code": "gb", "region": "England"}, "game_id": "461764", "values": [{"date": "2023-06-08-23-00-00", "alternatives": ["5", "05", "3"]}, {"date": "2023-06-08-23-00-00", "alternatives": ["5", "05", "3"]}, {"date": "2023-06-08-23-00-00", "alternatives": ["5", "05", "3"]}, {"date": "2023-06-08-23-00-00", "alternatives": ["5", "05", "3"]}]}, {"location": {"country_code": "us", "region": "Texas"}, "game_id": "461764", "values": [{"date": "2023-06-09-01-00-00", "alternatives": ["6", "35", "35"]}, {"date": "2023-06-09-01-00-00", "alternatives": ["6", "35", "35"]}, {"date": "2023-06-09-01-00-00", "alternatives": ["6", "35", "35"]}, {"date": "2023-06-09-01-00-00", "alternatives": ["6", "35", "35"]}]}, {"location": {"country_code": "fr"}, "game_id": "461764", "values": [{"date": "2023-06-09-01-00-00", "alternatives": ["49", "4", "4"]}, {"date": "2023-06-09-01-00-00", "alternatives": ["49", "4", "4"]}, {"date": "2023-06-09-01-00-00", "alternatives": ["49", "4", "4"]}, {"date": "2023-06-08-11-00-00", "alternatives": [0, 5, 35, 35, 35, 35]}, {"date": "2023-06-08-11-00-00", "alternatives": [0, 5, 35, 35, 35, 35]}, {"date": "2023-06-08-11-00-00", "alternatives": [0, 5, 35, 35, 35, 35]}]}, {"location": {"country_code": "br"}, "game_id": "461764", "values": [{"date": "2023-06-08-06-00-00", "alternatives": ["102", "192", "102"]}, {"date": "2023-06-08-06-00-00", "alternatives": ["102", "192", "102"]}]}, {"location": {"country_code": "au"}, "game_id": "461764", "values": [{"date": "2023-06-08-07-00-00", "alternatives": [106, 106, 106]}]}, {"location": {"country_code": "au", "region": "Victoria", "city": "Melbourne"}, "game_id": "461764", "values": [{"date": "2023-06-08-14-00-00", "alternatives": [1, 13, 126, 126, 126, 2]}, {"date": "2023-06-08-14-00-00", "alternatives": [1, 13, 126, 126, 126, 2]}, {"date": "2023-06-08-14-00-00", "alternatives": [1, 13, 126, 126, 126, 2]}, {"date": "2023-06-08-14-00-00", "alternatives": [1, 13, 126, 126, 126, 2]}, {"date": "2023-06-08-14-00-00", "alternatives": [1, 13, 126, 126, 126, 2]}, {"date": "2023-06-08-14-00-00", "alternatives": [1, 13, 126, 126, 126, 2]}, {"date": "2023-06-08-14-00-00", "alternatives": [1, 13, 126, 126, 126, 2]}]}, {"location": {"country_code": "dk"}, "game_id": "461764", "values": [{"date": "2023-06-08-14-00-00", "alternatives": ["38", "34", "34"]}, {"date": "2023-06-08-14-00-00", "alternatives": ["38", "34", "34"]}, {"date": "2023-06-08-14-00-00", "alternatives": ["38", "34", "34"]}, {"date": "2023-06-08-14-00-00", "alternatives": ["38", "34", "34"]}, {"date": "2023-06-08-14-00-00", "alternatives": ["38", "34", "34"]}, {"date": "2023-06-08-14-00-00", "alternatives": ["38", "34", "34"]}, {"date": "2023-06-08-14-00-00", "alternatives": ["38", "34", "34"]}]}, {"location": {"country_code": "es"}, "game_id": "461764", "values": [{"date": "2023-06-09-01-00-00", "alternatives": ["35", "35", "38"]}, {"date": "2023-06-09-01-00-00", "alternatives": ["35", "35", "38"]}]}, {"location": {"country_code": "gb", "region": "Northern Ireland", "city": "Belfast"}, "game_id": "461764", "values": [{"date": "2023-06-08-18-00-00", "alternatives": ["5", "38", "38"]}, {"date": "2023-06-08-18-00-00", "alternatives": ["5", "38", "38"]}, {"date": "2023-06-08-18-00-00", "alternatives": ["5", "38", "38"]}]}, {"location": {"country_code": "de", "region": "Free and Hanseatic City of Hamburg", "city": "Hamburg"}, "game_id": "461764", "values": [{"date": "2023-06-08-19-00-00", "alternatives": [38, 32, 32, 32]}, {"date": "2023-06-08-19-00-00", "alternatives": [38, 32, 32, 32]}, {"date": "2023-06-08-19-00-00", "alternatives": [38, 32, 32, 32]}]}, {"location": {"country_code": "us", "region": "Alaska"}, "game_id": "461764", "values": [{"date": "2023-06-08-07-00-00", "alternatives": ["53", "63", "53"]}]}, {"location": {"country_code": "hu"}, "game_id": "461764", "values": [{"date": "2023-06-08-05-00-00", "alternatives": ["89", "89", "83"]}, {"date": "2023-06-08-05-00-00", "alternatives": ["89", "89", "83"]}]}, {"location": {"country_code": "de", "region": "Bavaria"}, "game_id": "461764", "values": [{"date": "2023-06-08-16-00-00", "alternatives": [3, 5, 33, 3, 3, 38]}, {"date": "2023-06-08-16-00-00", "alternatives": [3, 5, 33, 3, 3, 38]}, {"date": "2023-06-08-16-00-00", "alternatives": [3, 5, 33, 3, 3, 38]}, {"date": "2023-06-08-16-00-00", "alternatives": [3, 5, 33, 3, 3, 38]}, {"date": "2023-06-08-16-00-00", "alternatives": [3, 5, 33, 3, 3, 38]}, {"date": "2023-06-08-16-00-00", "alternatives": [3, 5, 33, 3, 3, 38]}, {"date": "2023-06-08-16-00-00", "alternatives": [3, 5, 33, 3, 3, 38]}, {"date": "2023-06-08-16-00-00", "alternatives": [3, 5, 33, 3, 3, 38]}, {"date": "2023-06-08-16-00-00", "alternatives": [3, 5, 33, 3, 3, 38]}]}, {"location": {"country_code": "pl"}, "game_id": "461764", "values": [{"date": "2023-06-09-00-00-00", "alternatives": ["28", "38", "38"]}, {"date": "2023-06-09-00-00-00", "alternatives": ["28", "38", "38"]}, {"date": "2023-06-09-00-00-00", "alternatives": ["28", "38", "38"]}, {"date": "2023-06-09-00-00-00", "alternatives": ["28", "38", "38"]}, {"date": "2023-06-09-00-00-00", "alternatives": ["28", "38", "38"]}]}, {"location": {"country_code": "us", "region": "North Carolina"}, "game_id": "461764", "values": [{"date": "2023-06-08-03-00-00", "alternatives": ["35", "35", "3"]}, {"date": "2023-06-08-03-00-00", "alternatives": ["35", "35", "3"]}, {"date": "2023-06-08-03-00-00", "alternatives": ["35", "35", "3"]}, {"date": "2023-06-08-03-00-00", "alternatives": ["35", "35", "3"]}, {"date": "2023-06-08-03-00-00", "alternatives": ["35", "35", "3"]}, {"date": "2023-06-08-03-00-00", "alternatives": ["35", "35", "3"]}]}, {"location": {"country_code": "ie"}, "game_id": "461764", "values": [{"date": "2023-06-08-21-00-00", "alternatives": [39, 35, 35, 35]}, {"date": "2023-06-08-21-00-00", "alternatives": [39, 35, 35, 35]}, {"date": "2023-06-08-21-00-00", "alternatives": [39, 35, 35, 35]}, {"date": "2023-06-08-21-00-00", "alternatives": [39, 35, 35, 35]}]}, {"location": {"country_code": "ua"}, "game_id": "461764", "values": [{"date": "2023-06-08-17-00-00", "alternatives": ["35", "35", "3"]}, {"date": "2023-06-08-17-00-00", "alternatives": ["35", "35", "3"]}, {"date": "2023-06-08-17-00-00", "alternatives": ["35", "35", "3"]}, {"date": "2023-06-08-17-00-00", "alternatives": ["35", "35", "3"]}, {"date": "2023-06-08-17-00-00", "alternatives": ["35", "35", "3"]}]}, {"location": {"country_code": "my"}, "game_id": "461764", "values": [{"date": "2023-06-08-15-00-00", "alternatives": ["38", "38", "7038"]}]}, {"location": {"country_code": "id"}, "game_id": "461764", "values": [{"date": "2023-06-08-10-00-00", "alternatives": [33, 8, 33, 35, 33]}, {"date": "2023-06-08-10-00-00", "alternatives": [33, 8, 33, 35, 33]}, {"date": "2023-06-08-10-00-00", "alternatives": [33, 8, 33, 35, 33]}, {"date": "2023-06-08-10-00-00", "alternatives": [33, 8, 33, 35, 33]}, {"date": "2023-06-08-10-00-00", "alternatives": [33, 8, 33, 35, 33]}, {"date": "2023-06-08-10-00-00", "alternatives": [33, 8, 33, 35, 33]}, {"date": "2023-06-08-10-00-00", "alternatives": [33, 8, 33, 35, 33]}, {"date": "2023-06-08-10-00-00", "alternatives": [33, 8, 33, 35, 33]}, {"date": "2023-06-08-10-00-00", "alternatives": [33, 8, 33, 35, 33]}, {"date": "2023-06-08-10-00-00", "alternatives": [33, 8, 33, 35, 33]}, {"date": "2023-06-08-10-00-00", "alternatives": [33, 8, 33, 35, 33]}, {"date": "2023-06-08-10-00-00", "alternatives": [33, 8, 33, 35, 33]}, {"date": "2023-06-08-10-00-00", "alternatives": [33, 8, 33, 35, 33]}]}, {"location": {"country_code": "mx", "region": "Nuevo Leon", "city": "Monterrey"}, "game_id": "461764", "values": [{"date": "2023-06-08-07-00-00", "alternatives": ["36", "35", "35"]}]}, {"location": {"country_code": "us", "region": "Kentucky"}, "game_id": "461764", "values": [{"date": "2023-06-08-22-00-00", "alternatives": [1, 33, 33, 33]}, {"date": "2023-06-08-22-00-00", "alternatives": [1, 33, 33, 33]}, {"date": "2023-06-08-22-00-00", "alternatives": [1, 33, 33, 33]}, {"date": "2023-06-08-22-00-00", "alternatives": [1, 33, 33, 33]}, {"date": "2023-06-08-22-00-00", "alternatives": [1, 33, 33, 33]}, {"date": "2023-06-08-22-00-00", "alternatives": [1, 33, 33, 33]}]}, {"location": {"country_code": "ca", "region": "British Columbia", "city": "Richmond"}, "game_id": "461764", "values": [{"date": "2023-06-08-08-00-00", "alternatives": [16, 38, 38, 38]}, {"date": "2023-06-08-08-00-00", "alternatives": [16, 38, 38, 38]}, {"date": "2023-06-08-08-00-00", "alternatives": [16, 38, 38, 38]}, {"date": "2023-06-08-08-00-00", "alternatives": [16, 38, 38, 38]}, {"date": "2023-06-08-08-00-00", "alternatives": [16, 38, 38, 38]}, {"date": "2023-06-08-08-00-00", "alternatives": [16, 38, 38, 38]}]}, {"location": {"country_code": "ua", "region": "Kharkiv Oblast", "city": "Kharkiv"}, "game_id": "461764", "values": [{"date": "2023-06-08-22-00-00", "alternatives": [44, 44, 44, 44]}, {"date": "2023-06-08-22-00-00", "alternatives": [44, 44, 44, 44]}]}, {"location": {"country_code": "de", "region": "Lower Saxony"}, "game_id": "461764", "values": [{"date": "2023-06-08-17-00-00", "alternatives": ["36", "36", "3"]}]}, {"location": {"country_code": "es", "region": "Madrid"}, "game_id": "461764", "values": [{"date": "2023-06-08-14-00-00", "alternatives": ["35", "35", "3"]}]}, {"location": {"country_code": "us", "region": "Oregon", "city": "Portland"}, "game_id": "461764", "values": [{"date": "2023-06-09-02-00-00", "alternatives": ["36", "1323", "36"]}, {"date": "2023-06-09-02-00-00", "alternatives": ["36", "1323", "36"]}, {"date": "2023-06-09-02-00-00", "alternatives": ["36", "1323", "36"]}, {"date": "2023-06-08-04-00-00", "alternatives": [3, 3, 3]}, {"date": "2023-06-08-04-00-00", "alternatives": [3, 3, 3]}, {"date": "2023-06-08-04-00-00", "alternatives": [3, 3, 3]}, {"date": "2023-06-08-04-00-00", "alternatives": [3, 3, 3]}, {"date": "2023-06-08-04-00-00", "alternatives": [3, 3, 3]}, {"date": "2023-06-08-04-00-00", "alternatives": [3, 3, 3]}, {"date": "2023-06-08-04-00-00", "alternatives": [3, 3, 3]}, {"date": "2023-06-08-04-00-00", "alternatives": [3, 3, 3]}, {"date": "2023-06-08-04-00-00", "alternatives": [3, 3, 3]}, {"date": "2023-06-08-04-00-00", "alternatives": [3, 3, 3]}, {"date": "2023-06-08-04-00-00", "alternatives": [3, 3, 3]}, {"date": "2023-06-08-04-00-00", "alternatives": [3, 3, 3]}, {"date": "2023-06-08-04-00-00", "alternatives": [3, 3, 3]}, {"date": "2023-06-08-04-00-00", "alternatives": [3, 3, 3]}, {"date": "2023-06-08-04-00-00", "alternatives": [3, 3, 3]}, {"date": "2023-06-08-04-00-00", "alternatives": [3, 3, 3]}, {"date": "2023-06-08-04-00-00", "alternatives": [3, 3, 3]}, {"date": "2023-06-08-04-00-00", "alternatives": [3, 3, 3]}, {"date": "2023-06-08-04-00-00", "alternatives": [3, 3, 3]}, {"date": "2023-06-08-04-00-00", "alternatives": [3, 3, 3]}, {"date": "2023-06-08-04-00-00", "alternatives": [3, 3, 3]}, {"date": "2023-06-08-04-00-00", "alternatives": [3, 3, 3]}, {"date": "2023-06-08-04-00-00", "alternatives": [3, 3, 3]}, {"date": "2023-06-08-04-00-00", "alternatives": [3, 3, 3]}]}, {"location": {"country_code": "ro", "region": "Bucharest"}, "game_id": "461764", "values": [{"date": "2023-06-08-21-00-00", "alternatives": [6, 34, 3, 34, 34, 34]}, {"date": "2023-06-08-21-00-00", "alternatives": [6, 34, 3, 34, 34, 34]}, {"date": "2023-06-08-21-00-00", "alternatives": [6, 34, 3, 34, 34, 34]}, {"date": "2023-06-08-21-00-00", "alternatives": [6, 34, 3, 34, 34, 34]}, {"date": "2023-06-08-21-00-00", "alternatives": [6, 34, 3, 34, 34, 34]}]}, {"location": {"country_code": "de", "region": "Baden-Wurttemberg", "city": "Stuttgart"}, "game_id": "461764", "values": [{"date": "2023-06-08-16-00-00", "alternatives": ["36", "38", "36"]}, {"date": "2023-06-08-16-00-00", "alternatives": ["36", "38", "36"]}, {"date": "2023-06-08-16-00-00", "alternatives": ["36", "38", "36"]}, {"date": "2023-06-08-16-00-00", "alternatives": ["36", "38", "36"]}, {"date": "2023-06-08-16-00-00", "alternatives": ["36", "38", "36"]}]}, {"location": {"country_code": "us", "region": "Arizona", "city": "Tempe"}, "game_id": "461764", "values": [{"date": "2023-06-08-05-00-00", "alternatives": ["35", "3", "35"]}, {"date": "2023-06-08-05-00-00", "alternatives": ["35", "3", "35"]}, {"date": "2023-06-08-05-00-00", "alternatives": ["35", "3", "35"]}]}, {"location": {"country_code": "gb", "region": "England", "city": "Newcastle upon Tyne"}, "game_id": "461764", "values": [{"date": "2023-06-09-01-00-00", "alternatives": ["40", "49", "49"]}, {"date": "2023-06-09-01-00-00", "alternatives": ["40", "49", "49"]}, {"date": "2023-06-09-01-00-00", "alternatives": ["40", "49", "49"]}, {"date": "2023-06-09-01-00-00", "alternatives": ["40", "49", "49"]}, {"date": "2023-06-09-01-00-00", "alternatives": ["40", "49", "49"]}, {"date": "2023-06-09-01-00-00", "alternatives": ["40", "49", "49"]}, {"date": "2023-06-09-01-00-00", "alternatives": ["40", "49", "49"]}, {"date": "2023-06-09-01-00-00", "alternatives": ["40", "49", "49"]}, {"date": "2023-06-09-01-00-00", "alternatives": ["40", "49", "49"]}, {"date": "2023-06-09-01-00-00", "alternatives": ["40", "49", "49"]}, {"date": "2023-06-09-01-00-00", "alternatives": ["40", "49", "49"]}, {"date": "2023-06-09-01-00-00", "alternatives": ["40", "49", "49"]}, {"date": "2023-06-09-01-00-00", "alternatives": ["40", "49", "49"]}, {"date": "2023-06-09-01-00-00", "alternatives": ["40", "49", "49"]}]}, {"location": {"country_code": "us", "region": "Indiana", "city": "Evansville"}, "game_id": "461764", "values": [{"date": "2023-06-08-04-00-00", "alternatives": ["32", "39", "32"]}]}, {"location": {"country_code": "es", "region": "Andalusia", "city": "Roquetas de Mar"}, "game_id": "461764", "values": [{"date": "2023-06-08-19-00-00", "alternatives": ["35", "36", "35"]}, {"date": "2023-06-08-19-00-00", "alternatives": ["35", "36", "35"]}]}, {"location": {"country_code": "us", "region": "Kansas", "city": "Kansas City"}, "game_id": "461764", "values": [{"date": "2023-06-08-02-00-00", "alternatives": [35, 3, 5, 35, 35]}, {"date": "2023-06-08-02-00-00", "alternatives": [35, 3, 5, 35, 35]}]}, {"location": {"country_code": "de", "region": "North Rhine-Westphalia", "city": "Detmold"}, "game_id": "461764", "values": [{"date": "2023-06-08-23-00-00", "alternatives": ["2170", "33", "33"]}]}, {"location": {"country_code": "cz", "region": "Kralovehradecky kraj"}, "game_id": "461764", "values": [{"date": "2023-06-09-00-00-00", "alternatives": [34, 3, 34, 34, 34]}, {"date": "2023-06-09-00-00-00", "alternatives": [34, 3, 34, 34, 34]}, {"date": "2023-06-09-00-00-00", "alternatives": [34, 3, 34, 34, 34]}, {"date": "2023-06-09-00-00-00", "alternatives": [34, 3, 34, 34, 34]}, {"date": "2023-06-09-00-00-00", "alternatives": [34, 3, 34, 34, 34]}, {"date": "2023-06-09-00-00-00", "alternatives": [34, 3, 34, 34, 34]}, {"date": "2023-06-09-00-00-00", "alternatives": [34, 3, 34, 34, 34]}, {"date": "2023-06-09-00-00-00", "alternatives": [34, 3, 34, 34, 34]}, {"date": "2023-06-09-00-00-00", "alternatives": [34, 3, 34, 34, 34]}, {"date": "2023-06-09-00-00-00", "alternatives": [34, 3, 34, 34, 34]}]}], "last_updated": 1719918536.589754}