{"data": [{"location": {"country_code": "us"}, "game_id": "116088", "values": [{"date": "2022-07-02-04-00-00", "latency": 57}, {"date": "2022-07-02-04-00-00", "latency": 57}, {"date": "2022-07-02-04-00-00", "latency": 57}, {"date": "2022-07-02-04-00-00", "latency": 57}, {"date": "2022-07-02-04-00-00", "latency": 57}, {"date": "2022-07-02-04-00-00", "latency": 57}, {"date": "2022-07-02-04-00-00", "latency": 57}, {"date": "2022-07-02-04-00-00", "latency": 57}]}, {"location": {"country_code": "it"}, "game_id": "116088", "values": [{"date": "2022-07-03-01-00-00", "latency": 32}, {"date": "2022-07-03-01-00-00", "latency": 32}, {"date": "2022-07-03-01-00-00", "latency": 32}, {"date": "2022-07-03-01-00-00", "latency": 32}, {"date": "2022-07-03-01-00-00", "latency": 32}]}, {"location": {"country_code": "za"}, "game_id": "116088", "values": [{"date": "2022-07-03-00-00-00", "latency": 194}, {"date": "2022-07-03-00-00-00", "latency": 194}]}, {"location": {"country_code": "jp"}, "game_id": "116088", "values": [{"date": "2022-07-02-09-00-00", "latency": 82}]}, {"location": {"country_code": "ca"}, "game_id": "116088", "values": [{"date": "2022-07-02-07-00-00", "latency": 95}, {"date": "2022-07-02-07-00-00", "latency": 42}, {"date": "2022-07-02-07-00-00", "latency": 42}, {"date": "2022-07-02-07-00-00", "latency": 42}]}, {"location": {"country_code": "cl"}, "game_id": "116088", "values": [{"date": "2022-07-02-11-00-00", "latency": 191}, {"date": "2022-07-02-11-00-00", "latency": 191}, {"date": "2022-07-02-11-00-00", "latency": 191}, {"date": "2022-07-02-11-00-00", "latency": 191}, {"date": "2022-07-02-11-00-00", "latency": 191}, {"date": "2022-07-02-11-00-00", "latency": 191}, {"date": "2022-07-02-11-00-00", "latency": 191}, {"date": "2022-07-02-11-00-00", "latency": 191}, {"date": "2022-07-02-11-00-00", "latency": 191}, {"date": "2022-07-02-11-00-00", "latency": 191}, {"date": "2022-07-02-11-00-00", "latency": 191}]}, {"location": {"country_code": "au", "region": "New South Wales", "city": "Sydney"}, "game_id": "116088", "values": [{"date": "2022-07-02-07-00-00", "latency": 94}, {"date": "2022-07-02-07-00-00", "latency": 94}, {"date": "2022-07-02-07-00-00", "latency": 94}]}, {"location": {"country_code": "ph"}, "game_id": "116088", "values": [{"date": "2022-07-02-20-00-00", "latency": 124}, {"date": "2022-07-02-20-00-00", "latency": 124}, {"date": "2022-07-02-20-00-00", "latency": 124}]}, {"location": {"country_code": "in"}, "game_id": "116088", "values": [{"date": "2022-07-02-08-00-00", "latency": 86}]}, {"location": {"country_code": "no"}, "game_id": "116088", "values": [{"date": "2022-07-02-18-00-00", "latency": 89}, {"date": "2022-07-02-18-00-00", "latency": 89}, {"date": "2022-07-02-18-00-00", "latency": 89}, {"date": "2022-07-02-18-00-00", "latency": 89}, {"date": "2022-07-02-18-00-00", "latency": 89}]}, {"location": {"country_code": "au"}, "game_id": "116088", "values": [{"date": "2022-07-02-13-00-00", "latency": 110}, {"date": "2022-07-02-13-00-00", "latency": 110}, {"date": "2022-07-02-13-00-00", "latency": 110}, {"date": "2022-07-02-13-00-00", "latency": 110}, {"date": "2022-07-03-00-00-00", "latency": 56}, {"date": "2022-07-03-00-00-00", "latency": 56}, {"date": "2022-07-03-00-00-00", "latency": 56}, {"date": "2022-07-03-00-00-00", "latency": 56}, {"date": "2022-07-03-00-00-00", "latency": 56}]}, {"location": {"country_code": "td"}, "game_id": "116088", "values": [{"date": "2022-07-02-04-00-00", "latency": 109}]}, {"location": {"country_code": "tr"}, "game_id": "116088", "values": [{"date": "2022-07-03-02-00-00", "latency": 93}, {"date": "2022-07-03-02-00-00", "latency": 93}, {"date": "2022-07-03-02-00-00", "latency": 93}, {"date": "2022-07-03-02-00-00", "latency": 93}, {"date": "2022-07-03-02-00-00", "latency": 93}, {"date": "2022-07-03-01-00-00", "latency": 67}, {"date": "2022-07-03-01-00-00", "latency": 67}, {"date": "2022-07-03-01-00-00", "latency": 67}, {"date": "2022-07-03-01-00-00", "latency": 67}, {"date": "2022-07-03-01-00-00", "latency": 67}]}, {"location": {"country_code": "bo", "region": "Santa Cruz Department"}, "game_id": "116088", "values": [{"date": "2022-07-02-05-00-00", "latency": 141}, {"date": "2022-07-02-05-00-00", "latency": 141}, {"date": "2022-07-02-05-00-00", "latency": 141}, {"date": "2022-07-02-05-00-00", "latency": 141}, {"date": "2022-07-02-05-00-00", "latency": 141}]}, {"location": {"country_code": "us", "region": "Illinois", "city": "Chicago"}, "game_id": "116088", "values": [{"date": "2022-07-02-20-00-00", "latency": 57}]}, {"location": {"country_code": "ua"}, "game_id": "116088", "values": [{"date": "2022-07-02-12-00-00", "latency": 56}, {"date": "2022-07-02-12-00-00", "latency": 56}, {"date": "2022-07-02-12-00-00", "latency": 56}, {"date": "2022-07-02-12-00-00", "latency": 56}, {"date": "2022-07-02-12-00-00", "latency": 56}, {"date": "2022-07-02-16-00-00", "latency": 55}, {"date": "2022-07-02-21-00-00", "latency": 56}, {"date": "2022-07-02-21-00-00", "latency": 56}, {"date": "2022-07-02-21-00-00", "latency": 56}, {"date": "2022-07-02-21-00-00", "latency": 56}, {"date": "2022-07-02-21-00-00", "latency": 56}, {"date": "2022-07-02-21-00-00", "latency": 56}, {"date": "2022-07-02-21-00-00", "latency": 56}, {"date": "2022-07-02-17-00-00", "latency": 58}, {"date": "2022-07-02-17-00-00", "latency": 58}, {"date": "2022-07-02-17-00-00", "latency": 58}, {"date": "2022-07-02-17-00-00", "latency": 58}, {"date": "2022-07-02-17-00-00", "latency": 58}, {"date": "2022-07-02-13-00-00", "latency": 52}]}, {"location": {"country_code": "ru"}, "game_id": "116088", "values": [{"date": "2022-07-02-02-00-00", "latency": 48}, {"date": "2022-07-02-02-00-00", "latency": 48}, {"date": "2022-07-02-02-00-00", "latency": 48}, {"date": "2022-07-02-11-00-00", "latency": 53}, {"date": "2022-07-02-11-00-00", "latency": 53}, {"date": "2022-07-02-11-00-00", "latency": 53}, {"date": "2022-07-02-11-00-00", "latency": 53}, {"date": "2022-07-02-11-00-00", "latency": 53}, {"date": "2022-07-02-11-00-00", "latency": 53}, {"date": "2022-07-02-11-00-00", "latency": 53}, {"date": "2022-07-02-11-00-00", "latency": 53}, {"date": "2022-07-02-11-00-00", "latency": 53}, {"date": "2022-07-02-11-00-00", "latency": 53}, {"date": "2022-07-02-11-00-00", "latency": 53}, {"date": "2022-07-02-11-00-00", "latency": 53}]}, {"location": {"country_code": "my"}, "game_id": "116088", "values": [{"date": "2022-07-02-17-00-00", "latency": 30}]}, {"location": {"country_code": "id"}, "game_id": "116088", "values": [{"date": "2022-07-02-18-00-00", "latency": 67}, {"date": "2022-07-02-17-00-00", "latency": 91}, {"date": "2022-07-02-17-00-00", "latency": 91}, {"date": "2022-07-02-17-00-00", "latency": 91}, {"date": "2022-07-02-17-00-00", "latency": 91}, {"date": "2022-07-02-17-00-00", "latency": 91}, {"date": "2022-07-02-20-00-00", "latency": 417}, {"date": "2022-07-02-14-00-00", "latency": 50}]}, {"location": {"country_code": "ir"}, "game_id": "116088", "values": [{"date": "2022-07-02-16-00-00", "latency": 131}, {"date": "2022-07-02-16-00-00", "latency": 131}, {"date": "2022-07-02-16-00-00", "latency": 131}, {"date": "2022-07-02-16-00-00", "latency": 131}, {"date": "2022-07-02-16-00-00", "latency": 131}, {"date": "2022-07-02-16-00-00", "latency": 131}]}, {"location": {"country_code": "ar", "region": "Santa Fe Province", "city": "Rosario"}, "game_id": "116088", "values": [{"date": "2022-07-02-04-00-00", "latency": 69}, {"date": "2022-07-02-04-00-00", "latency": 69}, {"date": "2022-07-02-04-00-00", "latency": 69}]}, {"location": {"country_code": "by"}, "game_id": "116088", "values": [{"date": "2022-07-02-21-00-00", "latency": 44}, {"date": "2022-07-02-21-00-00", "latency": 44}, {"date": "2022-07-02-20-00-00", "latency": 55}]}, {"location": {"country_code": "de", "region": "Baden-Wurttemberg"}, "game_id": "116088", "values": [{"date": "2022-07-02-16-00-00", "latency": 39}, {"date": "2022-07-02-16-00-00", "latency": 39}, {"date": "2022-07-02-16-00-00", "latency": 39}, {"date": "2022-07-02-16-00-00", "latency": 39}]}, {"location": {"country_code": "dj"}, "game_id": "116088", "values": [{"date": "2022-07-03-01-00-00", "latency": 112}]}, {"location": {"country_code": "br", "region": "Sao Paulo", "city": "Santo Andre"}, "game_id": "116088", "values": [{"date": "2022-07-02-21-00-00", "latency": 25}]}, {"location": {"country_code": "ne"}, "game_id": "116088", "values": [{"date": "2022-07-02-18-00-00", "latency": 80}, {"date": "2022-07-02-18-00-00", "latency": 80}, {"date": "2022-07-02-18-00-00", "latency": 80}, {"date": "2022-07-02-18-00-00", "latency": 80}, {"date": "2022-07-02-18-00-00", "latency": 80}]}, {"location": {"country_code": "sa", "region": "Riyadh Region", "city": "Wadi Ad Dawasir"}, "game_id": "116088", "values": [{"date": "2022-07-02-06-00-00", "latency": 97}, {"date": "2022-07-02-06-00-00", "latency": 97}, {"date": "2022-07-02-06-00-00", "latency": 97}, {"date": "2022-07-02-06-00-00", "latency": 97}]}, {"location": {"country_code": "ru", "region": "Leningrad", "city": "Saint Petersburg"}, "game_id": "116088", "values": [{"date": "2022-07-03-00-00-00", "latency": 60}]}, {"location": {"country_code": "ru", "region": "Novosibirsk Oblast", "city": "Novosibirsk"}, "game_id": "116088", "values": [{"date": "2022-07-02-16-00-00", "latency": 90}, {"date": "2022-07-02-16-00-00", "latency": 90}, {"date": "2022-07-02-16-00-00", "latency": 90}, {"date": "2022-07-02-16-00-00", "latency": 90}, {"date": "2022-07-02-16-00-00", "latency": 90}, {"date": "2022-07-02-16-00-00", "latency": 90}, {"date": "2022-07-02-16-00-00", "latency": 90}]}, {"location": {"country_code": "jo"}, "game_id": "116088", "values": [{"date": "2022-07-02-18-00-00", "latency": 138}]}, {"location": {"country_code": "ru", "region": "Krasnodar Krai", "city": "Novorossiysk"}, "game_id": "116088", "values": [{"date": "2022-07-02-17-00-00", "latency": 77}, {"date": "2022-07-02-17-00-00", "latency": 77}, {"date": "2022-07-02-17-00-00", "latency": 77}, {"date": "2022-07-02-17-00-00", "latency": 77}, {"date": "2022-07-02-17-00-00", "latency": 77}, {"date": "2022-07-02-17-00-00", "latency": 77}, {"date": "2022-07-02-17-00-00", "latency": 77}, {"date": "2022-07-02-17-00-00", "latency": 77}]}, {"location": {"country_code": "ru", "region": "Primorskiy (Maritime) Kray", "city": "Vladivostok"}, "game_id": "116088", "values": [{"date": "2022-07-02-04-00-00", "latency": 88}, {"date": "2022-07-02-04-00-00", "latency": 88}]}, {"location": {"country_code": "uz", "region": "Tashkent"}, "game_id": "116088", "values": [{"date": "2022-07-02-04-00-00", "latency": 111}]}, {"location": {"country_code": "ru", "region": "Tver Oblast", "city": "Tver"}, "game_id": "116088", "values": [{"date": "2022-07-03-01-00-00", "latency": 45}, {"date": "2022-07-03-01-00-00", "latency": 45}, {"date": "2022-07-03-01-00-00", "latency": 45}, {"date": "2022-07-03-01-00-00", "latency": 45}]}, {"location": {"country_code": "gb", "region": "Wales", "city": "Pontypool"}, "game_id": "116088", "values": [{"date": "2022-07-02-20-00-00", "latency": 50}]}, {"location": {"country_code": "ru", "region": "Kursk Oblast"}, "game_id": "116088", "values": [{"date": "2022-07-02-12-00-00", "latency": 51}, {"date": "2022-07-02-12-00-00", "latency": 51}, {"date": "2022-07-02-12-00-00", "latency": 51}, {"date": "2022-07-02-12-00-00", "latency": 51}, {"date": "2022-07-02-12-00-00", "latency": 51}]}, {"location": {"country_code": "in", "region": "Maharashtra", "city": "Pune"}, "game_id": "116088", "values": [{"date": "2022-07-02-12-00-00", "latency": 93}, {"date": "2022-07-02-12-00-00", "latency": 93}]}], "last_updated": 1719927610.33824}