{"data": [{"location": {"country_code": "us"}, "game_id": "116088", "values": [{"date": "2022-01-05-10-00-00", "latency": 62}, {"date": "2022-01-05-10-00-00", "latency": 62}, {"date": "2022-01-05-10-00-00", "latency": 62}, {"date": "2022-01-05-10-00-00", "latency": 62}, {"date": "2022-01-05-10-00-00", "latency": 62}, {"date": "2022-01-05-10-00-00", "latency": 62}, {"date": "2022-01-05-10-00-00", "latency": 62}]}, {"location": {"country_code": "jp"}, "game_id": "116088", "values": [{"date": "2022-01-05-06-00-00", "latency": 40}, {"date": "2022-01-05-06-00-00", "latency": 40}, {"date": "2022-01-05-23-00-00", "latency": 17}]}, {"location": {"country_code": "ph"}, "game_id": "116088", "values": [{"date": "2022-01-05-18-00-00", "latency": 47}, {"date": "2022-01-05-18-00-00", "latency": 47}, {"date": "2022-01-05-18-00-00", "latency": 47}, {"date": "2022-01-05-18-00-00", "latency": 47}, {"date": "2022-01-05-18-00-00", "latency": 47}, {"date": "2022-01-05-18-00-00", "latency": 47}]}, {"location": {"country_code": "br", "region": "Sao Paulo"}, "game_id": "116088", "values": [{"date": "2022-01-05-15-00-00", "latency": 132}, {"date": "2022-01-05-15-00-00", "latency": 132}]}, {"location": {"country_code": "se"}, "game_id": "116088", "values": [{"date": "2022-01-05-21-00-00", "latency": 1}, {"date": "2022-01-05-21-00-00", "latency": 1}]}, {"location": {"country_code": "ru"}, "game_id": "116088", "values": [{"date": "2022-01-05-22-00-00", "latency": 12}, {"date": "2022-01-05-22-00-00", "latency": 12}, {"date": "2022-01-05-22-00-00", "latency": 12}, {"date": "2022-01-05-22-00-00", "latency": 12}, {"date": "2022-01-05-16-00-00", "latency": 2}, {"date": "2022-01-05-16-00-00", "latency": 2}, {"date": "2022-01-05-16-00-00", "latency": 2}, {"date": "2022-01-05-16-00-00", "latency": 2}, {"date": "2022-01-05-16-00-00", "latency": 2}]}, {"location": {"country_code": "id"}, "game_id": "116088", "values": [{"date": "2022-01-05-10-00-00", "latency": 23}]}, {"location": {"country_code": "us", "region": "Illinois"}, "game_id": "116088", "values": [{"date": "2022-01-05-04-00-00", "latency": 2}]}, {"location": {"country_code": "by"}, "game_id": "116088", "values": [{"date": "2022-01-05-21-00-00", "latency": 0}]}, {"location": {"country_code": "ec", "region": "Pastaza", "city": "Puyo"}, "game_id": "116088", "values": [{"date": "2022-01-05-05-00-00", "latency": 116}, {"date": "2022-01-05-05-00-00", "latency": 116}, {"date": "2022-01-05-05-00-00", "latency": 116}]}, {"location": {"country_code": "ru", "region": "Tomsk Oblast"}, "game_id": "116088", "values": [{"date": "2022-01-05-22-00-00", "latency": 35}]}, {"location": {"country_code": "ca", "region": "Ontario", "city": "Hamilton"}, "game_id": "116088", "values": [{"date": "2022-01-05-20-00-00", "latency": 0}, {"date": "2022-01-05-20-00-00", "latency": 0}]}, {"location": {"country_code": "cn", "region": "Beijing Municipality", "city": "Daxing"}, "game_id": "116088", "values": [{"date": "2022-01-06-00-00-00", "latency": 4}]}, {"location": {"country_code": "uz", "region": "Tashkent"}, "game_id": "116088", "values": [{"date": "2022-01-05-12-00-00", "latency": 9}]}, {"location": {"country_code": "ru", "region": "Sverdlovsk Oblast", "city": "Yekaterinburg"}, "game_id": "116088", "values": [{"date": "2022-01-05-14-00-00", "latency": 38}, {"date": "2022-01-05-14-00-00", "latency": 38}, {"date": "2022-01-05-14-00-00", "latency": 38}, {"date": "2022-01-05-14-00-00", "latency": 38}]}], "last_updated": 1719919367.695402}