{"data": [{"location": {"country_code": "us"}, "game_id": "614266", "values": [{"date": "2023-12-19-01-00-00", "latency": 25}, {"date": "2023-12-19-01-00-00", "latency": 25}, {"date": "2023-12-19-01-00-00", "latency": 25}, {"date": "2023-12-19-01-00-00", "latency": 25}]}, {"location": {"country_code": "gb", "region": "England"}, "game_id": "614266", "values": [{"date": "2023-12-18-01-00-00", "latency": 86}, {"date": "2023-12-18-01-00-00", "latency": 86}, {"date": "2023-12-18-01-00-00", "latency": 86}, {"date": "2023-12-18-01-00-00", "latency": 86}, {"date": "2023-12-18-01-00-00", "latency": 86}, {"date": "2023-12-18-01-00-00", "latency": 86}, {"date": "2023-12-18-01-00-00", "latency": 86}, {"date": "2023-12-18-01-00-00", "latency": 86}]}, {"location": {"country_code": "ca"}, "game_id": "614266", "values": [{"date": "2023-12-18-20-00-00", "latency": 22}, {"date": "2023-12-18-20-00-00", "latency": 22}, {"date": "2023-12-18-05-00-00", "latency": 25}]}, {"location": {"country_code": "mx"}, "game_id": "614266", "values": [{"date": "2023-12-18-10-00-00", "latency": 44}, {"date": "2023-12-18-10-00-00", "latency": 44}, {"date": "2023-12-18-10-00-00", "latency": 44}, {"date": "2023-12-18-10-00-00", "latency": 44}, {"date": "2023-12-18-10-00-00", "latency": 44}, {"date": "2023-12-18-10-00-00", "latency": 44}, {"date": "2023-12-18-10-00-00", "latency": 44}, {"date": "2023-12-18-10-00-00", "latency": 44}, {"date": "2023-12-18-10-00-00", "latency": 44}, {"date": "2023-12-18-10-00-00", "latency": 44}, {"date": "2023-12-18-10-00-00", "latency": 44}, {"date": "2023-12-18-10-00-00", "latency": 44}, {"date": "2023-12-18-10-00-00", "latency": 44}, {"date": "2023-12-18-10-00-00", "latency": 44}, {"date": "2023-12-18-10-00-00", "latency": 44}, {"date": "2023-12-18-10-00-00", "latency": 44}, {"date": "2023-12-18-10-00-00", "latency": 44}, {"date": "2023-12-18-10-00-00", "latency": 44}, {"date": "2023-12-18-10-00-00", "latency": 44}, {"date": "2023-12-18-10-00-00", "latency": 44}]}, {"location": {"country_code": "us", "region": "California"}, "game_id": "614266", "values": [{"date": "2023-12-18-17-00-00", "latency": 2}]}, {"location": {"country_code": "gb", "region": "Northern Ireland"}, "game_id": "614266", "values": [{"date": "2023-12-19-01-00-00", "latency": 25}, {"date": "2023-12-19-01-00-00", "latency": 25}, {"date": "2023-12-19-01-00-00", "latency": 25}, {"date": "2023-12-19-01-00-00", "latency": 25}]}, {"location": {"country_code": "us", "region": "Illinois", "city": "Chicago"}, "game_id": "614266", "values": [{"date": "2023-12-18-05-00-00", "latency": 34}, {"date": "2023-12-18-05-00-00", "latency": 34}, {"date": "2023-12-18-05-00-00", "latency": 34}, {"date": "2023-12-18-05-00-00", "latency": 34}, {"date": "2023-12-18-05-00-00", "latency": 34}, {"date": "2023-12-18-05-00-00", "latency": 34}, {"date": "2023-12-18-05-00-00", "latency": 34}, {"date": "2023-12-18-05-00-00", "latency": 34}]}, {"location": {"country_code": "us", "region": "California", "city": "Chula Vista"}, "game_id": "614266", "values": [{"date": "2023-12-19-01-00-00", "latency": 27}, {"date": "2023-12-19-01-00-00", "latency": 27}, {"date": "2023-12-19-01-00-00", "latency": 27}, {"date": "2023-12-19-01-00-00", "latency": 27}, {"date": "2023-12-19-01-00-00", "latency": 27}, {"date": "2023-12-19-01-00-00", "latency": 27}, {"date": "2023-12-19-01-00-00", "latency": 27}, {"date": "2023-12-19-01-00-00", "latency": 27}, {"date": "2023-12-19-01-00-00", "latency": 27}, {"date": "2023-12-19-01-00-00", "latency": 27}, {"date": "2023-12-19-01-00-00", "latency": 27}, {"date": "2023-12-19-01-00-00", "latency": 27}, {"date": "2023-12-19-01-00-00", "latency": 27}, {"date": "2023-12-19-01-00-00", "latency": 27}, {"date": "2023-12-19-01-00-00", "latency": 27}, {"date": "2023-12-19-01-00-00", "latency": 27}, {"date": "2023-12-19-01-00-00", "latency": 27}, {"date": "2023-12-19-01-00-00", "latency": 27}, {"date": "2023-12-19-01-00-00", "latency": 27}, {"date": "2023-12-19-01-00-00", "latency": 27}, {"date": "2023-12-19-01-00-00", "latency": 27}, {"date": "2023-12-19-01-00-00", "latency": 27}, {"date": "2023-12-19-01-00-00", "latency": 27}]}, {"location": {"country_code": "sg"}, "game_id": "614266", "values": [{"date": "2023-12-18-17-00-00", "latency": 1}, {"date": "2023-12-18-17-00-00", "latency": 1}]}, {"location": {"country_code": "us", "region": "Tennessee"}, "game_id": "614266", "values": [{"date": "2023-12-18-11-00-00", "latency": 31}, {"date": "2023-12-18-11-00-00", "latency": 31}, {"date": "2023-12-18-11-00-00", "latency": 31}]}, {"location": {"country_code": "us", "region": "Tennessee", "city": "Chattanooga"}, "game_id": "614266", "values": [{"date": "2023-12-19-01-00-00", "latency": 19}, {"date": "2023-12-19-01-00-00", "latency": 19}]}], "last_updated": 1719926786.509148}