{"data": [{"location": {"country_code": "us", "region": "Texas"}, "game_id": "273486", "values": [{"date": "2023-11-04-07-00-00", "latency": 90}]}, {"location": {"country_code": "us", "region": "California"}, "game_id": "273486", "values": [{"date": "2023-11-04-07-00-00", "latency": 996}, {"date": "2023-11-04-07-00-00", "latency": 996}, {"date": "2023-11-04-07-00-00", "latency": 996}]}, {"location": {"country_code": "us", "region": "California", "city": "San Francisco"}, "game_id": "273486", "values": [{"date": "2023-11-04-13-00-00", "latency": 96}, {"date": "2023-11-04-13-00-00", "latency": 96}]}, {"location": {"country_code": "ca", "region": "Alberta"}, "game_id": "273486", "values": [{"date": "2023-11-04-22-00-00", "latency": 59}]}, {"location": {"country_code": "at"}, "game_id": "273486", "values": [{"date": "2023-11-05-00-00-00", "latency": 55}, {"date": "2023-11-05-00-00-00", "latency": 55}, {"date": "2023-11-05-00-00-00", "latency": 55}, {"date": "2023-11-05-00-00-00", "latency": 55}, {"date": "2023-11-05-00-00-00", "latency": 55}, {"date": "2023-11-05-00-00-00", "latency": 55}, {"date": "2023-11-05-00-00-00", "latency": 55}]}, {"location": {"country_code": "us", "region": "District of Columbia", "city": "Washington"}, "game_id": "273486", "values": [{"date": "2023-11-04-08-00-00", "latency": 27}, {"date": "2023-11-04-08-00-00", "latency": 27}, {"date": "2023-11-04-08-00-00", "latency": 27}, {"date": "2023-11-04-08-00-00", "latency": 27}, {"date": "2023-11-04-08-00-00", "latency": 27}]}, {"location": {"country_code": "us", "region": "California", "city": "Long Beach"}, "game_id": "273486", "values": [{"date": "2023-11-04-03-00-00", "latency": 56}, {"date": "2023-11-04-03-00-00", "latency": 56}, {"date": "2023-11-04-03-00-00", "latency": 56}, {"date": "2023-11-04-03-00-00", "latency": 56}, {"date": "2023-11-04-03-00-00", "latency": 56}]}], "last_updated": 1719927588.278511}