{"data": [{"location": {"country_code": "gb"}, "game_id": "273486", "values": [{"date": "2023-11-27-00-00-00", "latency": 31}, {"date": "2023-11-27-00-00-00", "latency": 31}, {"date": "2023-11-27-00-00-00", "latency": 31}, {"date": "2023-11-27-00-00-00", "latency": 31}]}, {"location": {"country_code": "us", "region": "Ohio", "city": "Cleveland"}, "game_id": "273486", "values": [{"date": "2023-11-26-01-00-00", "latency": 38}, {"date": "2023-11-26-01-00-00", "latency": 38}, {"date": "2023-11-26-01-00-00", "latency": 38}]}, {"location": {"country_code": "to"}, "game_id": "273486", "values": [{"date": "2023-11-26-08-00-00", "latency": 32}]}, {"location": {"country_code": "us", "region": "Alabama", "city": "Troy"}, "game_id": "273486", "values": [{"date": "2023-11-27-00-00-00", "latency": 18}, {"date": "2023-11-27-00-00-00", "latency": 18}, {"date": "2023-11-27-00-00-00", "latency": 18}, {"date": "2023-11-27-00-00-00", "latency": 18}, {"date": "2023-11-27-00-00-00", "latency": 18}]}], "last_updated": 1719927588.142201}