{"data": [{"location": {"country_code": "mx", "region": "State of Mexico"}, "game_id": "614266", "values": [{"date": "2023-06-26-22-00-00", "alternatives": [5, 58, 68, 5, 5]}]}, {"location": {"country_code": "us"}, "game_id": "614266", "values": [{"date": "2023-06-26-04-00-00", "alternatives": ["40", "40", "60"]}, {"date": "2023-06-26-04-00-00", "alternatives": ["40", "40", "60"]}, {"date": "2023-06-26-04-00-00", "alternatives": ["40", "40", "60"]}]}, {"location": {"country_code": "gb"}, "game_id": "614266", "values": [{"date": "2023-06-27-01-00-00", "alternatives": [53, 63, 3, 63, 63]}, {"date": "2023-06-27-01-00-00", "alternatives": [53, 63, 3, 63, 63]}, {"date": "2023-06-27-01-00-00", "alternatives": [53, 63, 3, 63, 63]}, {"date": "2023-06-27-01-00-00", "alternatives": [53, 63, 3, 63, 63]}, {"date": "2023-06-27-01-00-00", "alternatives": [53, 63, 3, 63, 63]}, {"date": "2023-06-27-01-00-00", "alternatives": [53, 63, 3, 63, 63]}, {"date": "2023-06-27-01-00-00", "alternatives": [53, 63, 3, 63, 63]}]}, {"location": {"country_code": "mx"}, "game_id": "614266", "values": [{"date": "2023-06-26-08-00-00", "alternatives": ["63", "63", "33"]}]}, {"location": {"country_code": "us", "region": "District of Columbia", "city": "Washington"}, "game_id": "614266", "values": [{"date": "2023-06-26-07-00-00", "alternatives": [25, 102, 10, 10, 10]}, {"date": "2023-06-26-07-00-00", "alternatives": [25, 102, 10, 10, 10]}]}, {"location": {"country_code": "gb", "region": "Northern Ireland"}, "game_id": "614266", "values": [{"date": "2023-06-27-00-00-00", "alternatives": ["2", "17", "17"]}, {"date": "2023-06-27-00-00-00", "alternatives": ["2", "17", "17"]}, {"date": "2023-06-27-00-00-00", "alternatives": ["2", "17", "17"]}, {"date": "2023-06-27-00-00-00", "alternatives": ["2", "17", "17"]}, {"date": "2023-06-27-00-00-00", "alternatives": ["2", "17", "17"]}]}, {"location": {"country_code": "de", "region": "Free and Hanseatic City of Hamburg", "city": "Hamburg"}, "game_id": "614266", "values": [{"date": "2023-06-26-22-00-00", "alternatives": [19, 49, 49, 49]}, {"date": "2023-06-26-22-00-00", "alternatives": [19, 49, 49, 49]}, {"date": "2023-06-26-22-00-00", "alternatives": [19, 49, 49, 49]}, {"date": "2023-06-26-22-00-00", "alternatives": [19, 49, 49, 49]}, {"date": "2023-06-26-22-00-00", "alternatives": [19, 49, 49, 49]}, {"date": "2023-06-26-22-00-00", "alternatives": [19, 49, 49, 49]}, {"date": "2023-06-26-22-00-00", "alternatives": [19, 49, 49, 49]}]}, {"location": {"country_code": "us", "region": "Alaska"}, "game_id": "614266", "values": [{"date": "2023-06-26-19-00-00", "alternatives": [224, 2, 224, 224]}, {"date": "2023-06-26-19-00-00", "alternatives": [224, 2, 224, 224]}, {"date": "2023-06-26-19-00-00", "alternatives": [224, 2, 224, 224]}, {"date": "2023-06-26-19-00-00", "alternatives": [224, 2, 224, 224]}, {"date": "2023-06-26-19-00-00", "alternatives": [224, 2, 224, 224]}, {"date": "2023-06-26-19-00-00", "alternatives": [224, 2, 224, 224]}, {"date": "2023-06-26-19-00-00", "alternatives": [224, 2, 224, 224]}, {"date": "2023-06-26-19-00-00", "alternatives": [224, 2, 224, 224]}, {"date": "2023-06-26-19-00-00", "alternatives": [224, 2, 224, 224]}, {"date": "2023-06-26-19-00-00", "alternatives": [224, 2, 224, 224]}]}, {"location": {"country_code": "co"}, "game_id": "614266", "values": [{"date": "2023-06-26-02-00-00", "alternatives": ["120", "120", "1208"]}]}, {"location": {"country_code": "us", "region": "Illinois"}, "game_id": "614266", "values": [{"date": "2023-06-26-05-00-00", "alternatives": [27, 27, 27, 27]}, {"date": "2023-06-26-05-00-00", "alternatives": [27, 27, 27, 27]}, {"date": "2023-06-26-05-00-00", "alternatives": [27, 27, 27, 27]}, {"date": "2023-06-26-05-00-00", "alternatives": [27, 27, 27, 27]}]}, {"location": {"country_code": "us", "region": "Alabama"}, "game_id": "614266", "values": [{"date": "2023-06-26-18-00-00", "alternatives": [66, 56, 66, 66, 56]}, {"date": "2023-06-26-18-00-00", "alternatives": [66, 56, 66, 66, 56]}, {"date": "2023-06-26-18-00-00", "alternatives": [66, 56, 66, 66, 56]}, {"date": "2023-06-26-18-00-00", "alternatives": [66, 56, 66, 66, 56]}, {"date": "2023-06-26-18-00-00", "alternatives": [66, 56, 66, 66, 56]}, {"date": "2023-06-26-18-00-00", "alternatives": [66, 56, 66, 66, 56]}, {"date": "2023-06-26-18-00-00", "alternatives": [66, 56, 66, 66, 56]}, {"date": "2023-06-26-18-00-00", "alternatives": [66, 56, 66, 66, 56]}, {"date": "2023-06-26-18-00-00", "alternatives": [66, 56, 66, 66, 56]}, {"date": "2023-06-26-18-00-00", "alternatives": [66, 56, 66, 66, 56]}, {"date": "2023-06-26-18-00-00", "alternatives": [66, 56, 66, 66, 56]}, {"date": "2023-06-26-18-00-00", "alternatives": [66, 56, 66, 66, 56]}, {"date": "2023-06-26-18-00-00", "alternatives": [66, 56, 66, 66, 56]}, {"date": "2023-06-26-18-00-00", "alternatives": [66, 56, 66, 66, 56]}]}, {"location": {"country_code": "fr", "region": "Nord-Passo di Calais-Piccardia", "city": "Lille"}, "game_id": "614266", "values": [{"date": "2023-06-26-23-00-00", "alternatives": ["73", "73", "13"]}, {"date": "2023-06-26-23-00-00", "alternatives": ["73", "73", "13"]}]}, {"location": {"country_code": "us", "region": "Nebraska", "city": "Omaha"}, "game_id": "614266", "values": [{"date": "2023-06-26-19-00-00", "alternatives": [12, 62, 42, 42, 42, 42]}, {"date": "2023-06-26-19-00-00", "alternatives": [12, 62, 42, 42, 42, 42]}, {"date": "2023-06-26-19-00-00", "alternatives": [12, 62, 42, 42, 42, 42]}, {"date": "2023-06-26-19-00-00", "alternatives": [12, 62, 42, 42, 42, 42]}, {"date": "2023-06-26-19-00-00", "alternatives": [12, 62, 42, 42, 42, 42]}, {"date": "2023-06-26-19-00-00", "alternatives": [12, 62, 42, 42, 42, 42]}, {"date": "2023-06-26-19-00-00", "alternatives": [12, 62, 42, 42, 42, 42]}]}, {"location": {"country_code": "fr", "region": "Pays de la Loire Region", "city": "Les Herbiers"}, "game_id": "614266", "values": [{"date": "2023-06-27-01-00-00", "alternatives": [0, 400, 100, 100, 100, 100]}, {"date": "2023-06-27-01-00-00", "alternatives": [0, 400, 100, 100, 100, 100]}, {"date": "2023-06-27-01-00-00", "alternatives": [0, 400, 100, 100, 100, 100]}, {"date": "2023-06-27-01-00-00", "alternatives": [0, 400, 100, 100, 100, 100]}, {"date": "2023-06-27-01-00-00", "alternatives": [0, 400, 100, 100, 100, 100]}]}, {"location": {"country_code": "us", "region": "Connecticut", "city": "Waterbury"}, "game_id": "614266", "values": [{"date": "2023-06-26-20-00-00", "alternatives": ["45", "1", "1"]}]}], "last_updated": 1719918531.195994}