{"data": [{"location": {"country_code": "nz"}, "game_id": "295590", "values": [{"date": "2022-05-22-07-00-00", "latency": 333}]}, {"location": {"country_code": "us"}, "game_id": "295590", "values": [{"date": "2022-05-22-20-00-00", "latency": 54}, {"date": "2022-05-22-20-00-00", "latency": 54}, {"date": "2022-05-22-20-00-00", "latency": 54}, {"date": "2022-05-22-20-00-00", "latency": 54}, {"date": "2022-05-23-01-00-00", "latency": 40}, {"date": "2022-05-22-23-00-00", "latency": 145}]}, {"location": {"country_code": "eg"}, "game_id": "295590", "values": [{"date": "2022-05-23-02-00-00", "latency": 157}, {"date": "2022-05-23-02-00-00", "latency": 157}, {"date": "2022-05-23-02-00-00", "latency": 157}, {"date": "2022-05-23-02-00-00", "latency": 157}, {"date": "2022-05-23-02-00-00", "latency": 157}, {"date": "2022-05-23-02-00-00", "latency": 157}, {"date": "2022-05-23-02-00-00", "latency": 157}, {"date": "2022-05-23-02-00-00", "latency": 157}]}, {"location": {"country_code": "us", "region": "New York", "city": "Jamestown"}, "game_id": "295590", "values": [{"date": "2022-05-22-02-00-00", "latency": 136}, {"date": "2022-05-22-14-00-00", "latency": 47}, {"date": "2022-05-22-14-00-00", "latency": 47}, {"date": "2022-05-22-14-00-00", "latency": 47}, {"date": "2022-05-22-14-00-00", "latency": 47}, {"date": "2022-05-22-14-00-00", "latency": 47}, {"date": "2022-05-22-14-00-00", "latency": 47}, {"date": "2022-05-22-17-00-00", "latency": 65}, {"date": "2022-05-22-17-00-00", "latency": 65}, {"date": "2022-05-22-12-00-00", "latency": 86}]}, {"location": {"country_code": "gb"}, "game_id": "295590", "values": [{"date": "2022-05-22-22-00-00", "latency": 37}, {"date": "2022-05-22-23-00-00", "latency": 47}, {"date": "2022-05-22-23-00-00", "latency": 47}, {"date": "2022-05-22-23-00-00", "latency": 47}]}, {"location": {"country_code": "gb", "region": "England", "city": "London"}, "game_id": "295590", "values": [{"date": "2022-05-22-23-00-00", "latency": 98}, {"date": "2022-05-22-23-00-00", "latency": 98}, {"date": "2022-05-22-21-00-00", "latency": 117}, {"date": "2022-05-22-23-00-00", "latency": 36}]}, {"location": {"country_code": "gr"}, "game_id": "295590", "values": [{"date": "2022-05-22-17-00-00", "latency": 172}, {"date": "2022-05-22-17-00-00", "latency": 172}, {"date": "2022-05-22-17-00-00", "latency": 172}, {"date": "2022-05-22-17-00-00", "latency": 172}]}, {"location": {"country_code": "it"}, "game_id": "295590", "values": [{"date": "2022-05-22-22-00-00", "latency": 101}, {"date": "2022-05-22-22-00-00", "latency": 101}, {"date": "2022-05-22-22-00-00", "latency": 101}, {"date": "2022-05-22-22-00-00", "latency": 101}, {"date": "2022-05-22-22-00-00", "latency": 101}, {"date": "2022-05-22-22-00-00", "latency": 101}, {"date": "2022-05-22-22-00-00", "latency": 101}, {"date": "2022-05-22-22-00-00", "latency": 101}, {"date": "2022-05-22-22-00-00", "latency": 101}, {"date": "2022-05-22-18-00-00", "latency": 59}]}, {"location": {"country_code": "ro"}, "game_id": "295590", "values": [{"date": "2022-05-22-21-00-00", "latency": 84}, {"date": "2022-05-22-21-00-00", "latency": 84}, {"date": "2022-05-22-21-00-00", "latency": 84}, {"date": "2022-05-22-21-00-00", "latency": 84}]}, {"location": {"country_code": "ca"}, "game_id": "295590", "values": [{"date": "2022-05-22-23-00-00", "latency": 68}, {"date": "2022-05-22-07-00-00", "latency": 79}, {"date": "2022-05-23-02-00-00", "latency": 73}, {"date": "2022-05-22-09-00-00", "latency": 77}, {"date": "2022-05-22-09-00-00", "latency": 77}, {"date": "2022-05-22-09-00-00", "latency": 77}, {"date": "2022-05-22-09-00-00", "latency": 77}, {"date": "2022-05-22-09-00-00", "latency": 77}, {"date": "2022-05-22-09-00-00", "latency": 77}]}, {"location": {"country_code": "ch"}, "game_id": "295590", "values": [{"date": "2022-05-22-21-00-00", "latency": 194}, {"date": "2022-05-22-21-00-00", "latency": 194}, {"date": "2022-05-22-21-00-00", "latency": 194}]}, {"location": {"country_code": "de"}, "game_id": "295590", "values": [{"date": "2022-05-22-18-00-00", "latency": 44}, {"date": "2022-05-22-22-00-00", "latency": 32}, {"date": "2022-05-22-22-00-00", "latency": 32}, {"date": "2022-05-22-22-00-00", "latency": 32}, {"date": "2022-05-22-22-00-00", "latency": 32}, {"date": "2022-05-22-22-00-00", "latency": 32}, {"date": "2022-05-22-22-00-00", "latency": 32}, {"date": "2022-05-22-22-00-00", "latency": 138}, {"date": "2022-05-22-17-00-00", "latency": 146}, {"date": "2022-05-22-17-00-00", "latency": 146}, {"date": "2022-05-22-17-00-00", "latency": 146}, {"date": "2022-05-22-17-00-00", "latency": 146}, {"date": "2022-05-22-17-00-00", "latency": 146}, {"date": "2022-05-22-17-00-00", "latency": 146}, {"date": "2022-05-22-17-00-00", "latency": 146}, {"date": "2022-05-22-17-00-00", "latency": 146}, {"date": "2022-05-22-17-00-00", "latency": 146}, {"date": "2022-05-22-17-00-00", "latency": 146}, {"date": "2022-05-22-17-00-00", "latency": 146}, {"date": "2022-05-22-17-00-00", "latency": 146}, {"date": "2022-05-22-17-00-00", "latency": 146}, {"date": "2022-05-22-17-00-00", "latency": 146}, {"date": "2022-05-22-17-00-00", "latency": 146}, {"date": "2022-05-22-17-00-00", "latency": 146}, {"date": "2022-05-22-17-00-00", "latency": 41}, {"date": "2022-05-22-20-00-00", "latency": 51}, {"date": "2022-05-22-13-00-00", "latency": 52}, {"date": "2022-05-22-04-00-00", "latency": 101}, {"date": "2022-05-22-04-00-00", "latency": 101}]}, {"location": {"country_code": "us", "region": "Indiana"}, "game_id": "295590", "values": [{"date": "2022-05-22-05-00-00", "latency": 105}]}, {"location": {"country_code": "gb", "region": "England"}, "game_id": "295590", "values": [{"date": "2022-05-22-18-00-00", "latency": 39}, {"date": "2022-05-22-18-00-00", "latency": 39}, {"date": "2022-05-22-18-00-00", "latency": 39}, {"date": "2022-05-22-18-00-00", "latency": 39}, {"date": "2022-05-22-18-00-00", "latency": 39}, {"date": "2022-05-23-01-00-00", "latency": 109}, {"date": "2022-05-22-04-00-00", "latency": 42}, {"date": "2022-05-22-14-00-00", "latency": 107}, {"date": "2022-05-22-14-00-00", "latency": 107}]}, {"location": {"country_code": "cl"}, "game_id": "295590", "values": [{"date": "2022-05-22-02-00-00", "latency": 45}, {"date": "2022-05-22-05-00-00", "latency": 151}, {"date": "2022-05-22-05-00-00", "latency": 151}, {"date": "2022-05-22-05-00-00", "latency": 151}, {"date": "2022-05-22-05-00-00", "latency": 151}, {"date": "2022-05-22-05-00-00", "latency": 151}, {"date": "2022-05-22-05-00-00", "latency": 151}, {"date": "2022-05-22-05-00-00", "latency": 151}, {"date": "2022-05-22-05-00-00", "latency": 151}, {"date": "2022-05-22-05-00-00", "latency": 151}, {"date": "2022-05-22-05-00-00", "latency": 151}, {"date": "2022-05-22-05-00-00", "latency": 151}, {"date": "2022-05-22-05-00-00", "latency": 151}, {"date": "2022-05-22-05-00-00", "latency": 151}, {"date": "2022-05-22-05-00-00", "latency": 151}, {"date": "2022-05-22-05-00-00", "latency": 151}, {"date": "2022-05-22-10-00-00", "latency": 42}, {"date": "2022-05-22-06-00-00", "latency": 182}, {"date": "2022-05-23-02-00-00", "latency": 39}, {"date": "2022-05-23-02-00-00", "latency": 554}, {"date": "2022-05-23-02-00-00", "latency": 554}]}, {"location": {"country_code": "cl", "region": "Antofagasta", "city": "Calama"}, "game_id": "295590", "values": [{"date": "2022-05-22-08-00-00", "latency": 49}, {"date": "2022-05-22-08-00-00", "latency": 49}]}, {"location": {"country_code": "us", "region": "Texas"}, "game_id": "295590", "values": [{"date": "2022-05-22-21-00-00", "latency": 121}]}, {"location": {"country_code": "us", "region": "Florida"}, "game_id": "295590", "values": [{"date": "2022-05-22-17-00-00", "latency": 58}, {"date": "2022-05-22-17-00-00", "latency": 58}, {"date": "2022-05-22-17-00-00", "latency": 58}, {"date": "2022-05-22-17-00-00", "latency": 58}, {"date": "2022-05-22-17-00-00", "latency": 58}, {"date": "2022-05-22-17-00-00", "latency": 58}, {"date": "2022-05-22-17-00-00", "latency": 58}]}, {"location": {"country_code": "us", "region": "Kansas"}, "game_id": "295590", "values": [{"date": "2022-05-22-02-00-00", "latency": 47}, {"date": "2022-05-22-02-00-00", "latency": 47}, {"date": "2022-05-22-02-00-00", "latency": 47}, {"date": "2022-05-22-02-00-00", "latency": 47}]}, {"location": {"country_code": "fr"}, "game_id": "295590", "values": [{"date": "2022-05-22-22-00-00", "latency": 55}, {"date": "2022-05-22-09-00-00", "latency": 83}, {"date": "2022-05-22-11-00-00", "latency": 263}, {"date": "2022-05-22-16-00-00", "latency": 224}, {"date": "2022-05-22-19-00-00", "latency": 70}, {"date": "2022-05-22-19-00-00", "latency": 70}]}, {"location": {"country_code": "us", "region": "New Jersey"}, "game_id": "295590", "values": [{"date": "2022-05-22-16-00-00", "latency": 220}]}, {"location": {"country_code": "mx"}, "game_id": "295590", "values": [{"date": "2022-05-22-04-00-00", "latency": 98}, {"date": "2022-05-22-04-00-00", "latency": 98}, {"date": "2022-05-22-08-00-00", "latency": 701}, {"date": "2022-05-22-08-00-00", "latency": 72}, {"date": "2022-05-22-08-00-00", "latency": 72}, {"date": "2022-05-22-08-00-00", "latency": 72}, {"date": "2022-05-22-08-00-00", "latency": 72}, {"date": "2022-05-22-08-00-00", "latency": 72}]}, {"location": {"country_code": "us", "region": "Ohio"}, "game_id": "295590", "values": [{"date": "2022-05-22-08-00-00", "latency": 59}]}, {"location": {"country_code": "us", "region": "California"}, "game_id": "295590", "values": [{"date": "2022-05-22-13-00-00", "latency": 589}, {"date": "2022-05-22-22-00-00", "latency": 182}, {"date": "2022-05-22-22-00-00", "latency": 182}, {"date": "2022-05-22-02-00-00", "latency": 91}]}, {"location": {"country_code": "br"}, "game_id": "295590", "values": [{"date": "2022-05-22-23-00-00", "latency": 93}]}, {"location": {"country_code": "br", "region": "Paraiba", "city": "Santa Rita"}, "game_id": "295590", "values": [{"date": "2022-05-22-03-00-00", "latency": 130}, {"date": "2022-05-22-03-00-00", "latency": 130}, {"date": "2022-05-22-03-00-00", "latency": 130}, {"date": "2022-05-22-03-00-00", "latency": 130}, {"date": "2022-05-22-03-00-00", "latency": 130}, {"date": "2022-05-22-03-00-00", "latency": 130}, {"date": "2022-05-22-03-00-00", "latency": 130}, {"date": "2022-05-22-03-00-00", "latency": 130}, {"date": "2022-05-22-03-00-00", "latency": 130}]}, {"location": {"country_code": "br", "region": "Sao Paulo", "city": "Apiai"}, "game_id": "295590", "values": [{"date": "2022-05-22-04-00-00", "latency": 113}, {"date": "2022-05-23-02-00-00", "latency": 219}, {"date": "2022-05-22-04-00-00", "latency": 55}, {"date": "2022-05-22-04-00-00", "latency": 55}, {"date": "2022-05-22-04-00-00", "latency": 55}, {"date": "2022-05-22-04-00-00", "latency": 55}]}, {"location": {"country_code": "se"}, "game_id": "295590", "values": [{"date": "2022-05-22-22-00-00", "latency": 70}, {"date": "2022-05-22-22-00-00", "latency": 70}, {"date": "2022-05-22-22-00-00", "latency": 70}, {"date": "2022-05-22-22-00-00", "latency": 70}]}, {"location": {"country_code": "no"}, "game_id": "295590", "values": [{"date": "2022-05-22-13-00-00", "latency": 51}]}, {"location": {"country_code": "us", "region": "California", "city": "East Los Angeles"}, "game_id": "295590", "values": [{"date": "2022-05-22-13-00-00", "latency": 913}, {"date": "2022-05-22-13-00-00", "latency": 913}, {"date": "2022-05-22-13-00-00", "latency": 913}, {"date": "2022-05-22-13-00-00", "latency": 913}, {"date": "2022-05-22-13-00-00", "latency": 913}, {"date": "2022-05-22-13-00-00", "latency": 913}]}, {"location": {"country_code": "au"}, "game_id": "295590", "values": [{"date": "2022-05-22-17-00-00", "latency": 49}, {"date": "2022-05-22-17-00-00", "latency": 49}, {"date": "2022-05-22-17-00-00", "latency": 49}, {"date": "2022-05-22-17-00-00", "latency": 49}, {"date": "2022-05-22-17-00-00", "latency": 49}, {"date": "2022-05-22-05-00-00", "latency": 44}, {"date": "2022-05-22-05-00-00", "latency": 44}, {"date": "2022-05-22-05-00-00", "latency": 44}, {"date": "2022-05-22-05-00-00", "latency": 44}, {"date": "2022-05-22-14-00-00", "latency": 49}]}, {"location": {"country_code": "us", "region": "Texas", "city": "Austin"}, "game_id": "295590", "values": [{"date": "2022-05-22-08-00-00", "latency": 86}, {"date": "2022-05-22-08-00-00", "latency": 86}]}, {"location": {"country_code": "es", "region": "Madrid", "city": "Parla"}, "game_id": "295590", "values": [{"date": "2022-05-22-19-00-00", "latency": 52}]}, {"location": {"country_code": "pl", "region": "Greater Poland Voivodeship"}, "game_id": "295590", "values": [{"date": "2022-05-22-21-00-00", "latency": 59}]}, {"location": {"country_code": "ca", "region": "Ontario"}, "game_id": "295590", "values": [{"date": "2022-05-22-03-00-00", "latency": 54}]}, {"location": {"country_code": "kr", "region": "Seoul"}, "game_id": "295590", "values": [{"date": "2022-05-22-17-00-00", "latency": 29}]}, {"location": {"country_code": "es"}, "game_id": "295590", "values": [{"date": "2022-05-22-21-00-00", "latency": 50}, {"date": "2022-05-22-21-00-00", "latency": 125}, {"date": "2022-05-22-21-00-00", "latency": 125}, {"date": "2022-05-22-21-00-00", "latency": 125}, {"date": "2022-05-22-21-00-00", "latency": 125}, {"date": "2022-05-22-21-00-00", "latency": 125}, {"date": "2022-05-22-21-00-00", "latency": 125}, {"date": "2022-05-22-03-00-00", "latency": 151}, {"date": "2022-05-22-03-00-00", "latency": 48}, {"date": "2022-05-22-03-00-00", "latency": 48}, {"date": "2022-05-22-03-00-00", "latency": 48}, {"date": "2022-05-22-03-00-00", "latency": 48}, {"date": "2022-05-22-03-00-00", "latency": 48}]}, {"location": {"country_code": "ar"}, "game_id": "295590", "values": [{"date": "2022-05-22-09-00-00", "latency": 69}, {"date": "2022-05-22-09-00-00", "latency": 69}, {"date": "2022-05-22-03-00-00", "latency": 78}, {"date": "2022-05-22-03-00-00", "latency": 78}]}, {"location": {"country_code": "ar", "region": "Buenos Aires F.D.", "city": "Bahia Blanca"}, "game_id": "295590", "values": [{"date": "2022-05-22-04-00-00", "latency": 62}, {"date": "2022-05-22-04-00-00", "latency": 62}, {"date": "2022-05-22-04-00-00", "latency": 62}, {"date": "2022-05-22-04-00-00", "latency": 62}, {"date": "2022-05-22-04-00-00", "latency": 62}, {"date": "2022-05-22-04-00-00", "latency": 62}]}, {"location": {"country_code": "jm"}, "game_id": "295590", "values": [{"date": "2022-05-23-00-00-00", "latency": 713}, {"date": "2022-05-23-00-00-00", "latency": 713}]}, {"location": {"country_code": "fi"}, "game_id": "295590", "values": [{"date": "2022-05-23-01-00-00", "latency": 42}]}, {"location": {"country_code": "de", "region": "Free and Hanseatic City of Hamburg", "city": "Hamburg"}, "game_id": "295590", "values": [{"date": "2022-05-22-22-00-00", "latency": 82}, {"date": "2022-05-22-22-00-00", "latency": 82}, {"date": "2022-05-22-22-00-00", "latency": 82}, {"date": "2022-05-22-22-00-00", "latency": 82}, {"date": "2022-05-22-22-00-00", "latency": 82}]}, {"location": {"country_code": "ru", "region": "Moscow", "city": "Zelenograd"}, "game_id": "295590", "values": [{"date": "2022-05-22-17-00-00", "latency": 101}]}, {"location": {"country_code": "gt", "region": "Guatemala Department", "city": "Guatemala City"}, "game_id": "295590", "values": [{"date": "2022-05-22-06-00-00", "latency": 60}]}, {"location": {"country_code": "tr", "region": "Ege Bolgesi", "city": "Izmir"}, "game_id": "295590", "values": [{"date": "2022-05-22-23-00-00", "latency": 42}, {"date": "2022-05-22-23-00-00", "latency": 42}, {"date": "2022-05-22-23-00-00", "latency": 42}]}, {"location": {"country_code": "us", "region": "North Carolina"}, "game_id": "295590", "values": [{"date": "2022-05-22-20-00-00", "latency": 61}]}, {"location": {"country_code": "at", "region": "Vienna"}, "game_id": "295590", "values": [{"date": "2022-05-22-19-00-00", "latency": 27}, {"date": "2022-05-22-20-00-00", "latency": 111}, {"date": "2022-05-22-03-00-00", "latency": 71}]}, {"location": {"country_code": "us", "region": "Illinois", "city": "Chicago"}, "game_id": "295590", "values": [{"date": "2022-05-22-06-00-00", "latency": 224}, {"date": "2022-05-22-19-00-00", "latency": 43}, {"date": "2022-05-22-19-00-00", "latency": 43}, {"date": "2022-05-22-19-00-00", "latency": 43}, {"date": "2022-05-22-19-00-00", "latency": 43}, {"date": "2022-05-22-19-00-00", "latency": 43}]}, {"location": {"country_code": "hu"}, "game_id": "295590", "values": [{"date": "2022-05-22-22-00-00", "latency": 72}, {"date": "2022-05-22-22-00-00", "latency": 72}, {"date": "2022-05-22-22-00-00", "latency": 72}]}, {"location": {"country_code": "de", "region": "Bavaria"}, "game_id": "295590", "values": [{"date": "2022-05-22-20-00-00", "latency": 47}, {"date": "2022-05-22-20-00-00", "latency": 47}, {"date": "2022-05-22-20-00-00", "latency": 47}, {"date": "2022-05-22-20-00-00", "latency": 47}]}, {"location": {"country_code": "co"}, "game_id": "295590", "values": [{"date": "2022-05-22-04-00-00", "latency": 109}, {"date": "2022-05-22-04-00-00", "latency": 109}, {"date": "2022-05-23-02-00-00", "latency": 81}, {"date": "2022-05-22-09-00-00", "latency": 587}]}, {"location": {"country_code": "at"}, "game_id": "295590", "values": [{"date": "2022-05-22-22-00-00", "latency": 47}]}, {"location": {"country_code": "br", "region": "Estado de Bahia", "city": "Salvador"}, "game_id": "295590", "values": [{"date": "2022-05-22-18-00-00", "latency": 196}]}, {"location": {"country_code": "es", "region": "Catalonia", "city": "l'Hospitalet de Llobregat"}, "game_id": "295590", "values": [{"date": "2022-05-22-19-00-00", "latency": 57}, {"date": "2022-05-22-19-00-00", "latency": 57}, {"date": "2022-05-22-19-00-00", "latency": 57}, {"date": "2022-05-22-19-00-00", "latency": 57}, {"date": "2022-05-22-19-00-00", "latency": 57}]}, {"location": {"country_code": "pl"}, "game_id": "295590", "values": [{"date": "2022-05-22-22-00-00", "latency": 45}, {"date": "2022-05-22-22-00-00", "latency": 45}, {"date": "2022-05-22-02-00-00", "latency": 187}]}, {"location": {"country_code": "be"}, "game_id": "295590", "values": [{"date": "2022-05-22-05-00-00", "latency": 246}]}, {"location": {"country_code": "cr"}, "game_id": "295590", "values": [{"date": "2022-05-23-01-00-00", "latency": 121}, {"date": "2022-05-23-01-00-00", "latency": 121}, {"date": "2022-05-22-05-00-00", "latency": 103}, {"date": "2022-05-22-05-00-00", "latency": 103}]}, {"location": {"country_code": "pe"}, "game_id": "295590", "values": [{"date": "2022-05-23-01-00-00", "latency": 105}]}, {"location": {"country_code": "ua"}, "game_id": "295590", "values": [{"date": "2022-05-22-20-00-00", "latency": 113}]}, {"location": {"country_code": "es", "region": "Canary Islands", "city": "Santa Cruz de Tenerife"}, "game_id": "295590", "values": [{"date": "2022-05-23-00-00-00", "latency": 98}]}, {"location": {"country_code": "fr", "region": "Occitanie", "city": "Toulouse"}, "game_id": "295590", "values": [{"date": "2022-05-22-19-00-00", "latency": 43}]}, {"location": {"country_code": "tr", "region": "Marmara Bolgesi", "city": "Istanbul"}, "game_id": "295590", "values": [{"date": "2022-05-22-17-00-00", "latency": 46}]}, {"location": {"country_code": "tr", "region": "Ic Anadolu Bolgesi", "city": "Ankara"}, "game_id": "295590", "values": [{"date": "2022-05-22-22-00-00", "latency": 44}, {"date": "2022-05-22-22-00-00", "latency": 44}, {"date": "2022-05-22-22-00-00", "latency": 44}]}, {"location": {"country_code": "us", "region": "District of Columbia", "city": "Washington"}, "game_id": "295590", "values": [{"date": "2022-05-22-04-00-00", "latency": 83}, {"date": "2022-05-22-07-00-00", "latency": 70}, {"date": "2022-05-22-07-00-00", "latency": 70}]}, {"location": {"country_code": "ca", "region": "Ontario", "city": "Toronto"}, "game_id": "295590", "values": [{"date": "2022-05-22-07-00-00", "latency": 38}, {"date": "2022-05-22-07-00-00", "latency": 38}, {"date": "2022-05-22-23-00-00", "latency": 47}, {"date": "2022-05-22-23-00-00", "latency": 47}, {"date": "2022-05-22-23-00-00", "latency": 47}, {"date": "2022-05-22-04-00-00", "latency": 69}]}, {"location": {"country_code": "do"}, "game_id": "295590", "values": [{"date": "2022-05-22-04-00-00", "latency": 82}]}, {"location": {"country_code": "us", "region": "Illinois"}, "game_id": "295590", "values": [{"date": "2022-05-23-01-00-00", "latency": 204}]}, {"location": {"country_code": "br", "region": "Pernambuco", "city": "Pombos"}, "game_id": "295590", "values": [{"date": "2022-05-22-05-00-00", "latency": 95}]}, {"location": {"country_code": "us", "region": "South Dakota"}, "game_id": "295590", "values": [{"date": "2022-05-22-07-00-00", "latency": 106}, {"date": "2022-05-22-07-00-00", "latency": 59}, {"date": "2022-05-22-07-00-00", "latency": 59}, {"date": "2022-05-22-07-00-00", "latency": 59}]}, {"location": {"country_code": "mx", "region": "Nuevo Leon", "city": "Monterrey"}, "game_id": "295590", "values": [{"date": "2022-05-22-04-00-00", "latency": 228}]}, {"location": {"country_code": "es", "region": "Galicia", "city": "Santiago de Compostela"}, "game_id": "295590", "values": [{"date": "2022-05-22-17-00-00", "latency": 53}]}, {"location": {"country_code": "br", "region": "Rio Grande do Sul", "city": "Porto Alegre"}, "game_id": "295590", "values": [{"date": "2022-05-22-04-00-00", "latency": 50}]}, {"location": {"country_code": "pt"}, "game_id": "295590", "values": [{"date": "2022-05-22-18-00-00", "latency": 724}, {"date": "2022-05-22-18-00-00", "latency": 724}]}, {"location": {"country_code": "us", "region": "Colorado"}, "game_id": "295590", "values": [{"date": "2022-05-23-01-00-00", "latency": 63}, {"date": "2022-05-23-01-00-00", "latency": 63}, {"date": "2022-05-23-01-00-00", "latency": 63}]}, {"location": {"country_code": "br", "region": "State of Rio de Janeiro", "city": "Angra dos Reis"}, "game_id": "295590", "values": [{"date": "2022-05-23-00-00-00", "latency": 66}, {"date": "2022-05-22-22-00-00", "latency": 31}, {"date": "2022-05-22-20-00-00", "latency": 48}]}, {"location": {"country_code": "uy"}, "game_id": "295590", "values": [{"date": "2022-05-22-07-00-00", "latency": 88}, {"date": "2022-05-22-07-00-00", "latency": 88}]}, {"location": {"country_code": "fr", "region": "Ile-de-France Region", "city": "Paris"}, "game_id": "295590", "values": [{"date": "2022-05-22-16-00-00", "latency": 50}]}, {"location": {"country_code": "us", "region": "Massachusetts", "city": "Boston"}, "game_id": "295590", "values": [{"date": "2022-05-22-03-00-00", "latency": 55}, {"date": "2022-05-22-03-00-00", "latency": 55}]}, {"location": {"country_code": "hr"}, "game_id": "295590", "values": [{"date": "2022-05-23-02-00-00", "latency": 417}]}, {"location": {"country_code": "mx", "region": "Jalisco", "city": "Guadalajara"}, "game_id": "295590", "values": [{"date": "2022-05-22-08-00-00", "latency": 67}]}, {"location": {"country_code": "ca", "region": "British Columbia", "city": "Richmond"}, "game_id": "295590", "values": [{"date": "2022-05-22-09-00-00", "latency": 80}, {"date": "2022-05-22-09-00-00", "latency": 80}, {"date": "2022-05-22-09-00-00", "latency": 80}]}, {"location": {"country_code": "fr", "region": "Alvernia-Rodano-Alpi", "city": "Lyon"}, "game_id": "295590", "values": [{"date": "2022-05-22-09-00-00", "latency": 254}]}, {"location": {"country_code": "ca", "region": "Quebec"}, "game_id": "295590", "values": [{"date": "2022-05-22-04-00-00", "latency": 48}, {"date": "2022-05-22-18-00-00", "latency": 103}]}, {"location": {"country_code": "gb", "region": "England", "city": "Salford"}, "game_id": "295590", "values": [{"date": "2022-05-22-17-00-00", "latency": 304}]}, {"location": {"country_code": "us", "region": "Washington", "city": "Seattle"}, "game_id": "295590", "values": [{"date": "2022-05-22-06-00-00", "latency": 102}, {"date": "2022-05-22-06-00-00", "latency": 102}, {"date": "2022-05-22-06-00-00", "latency": 102}]}, {"location": {"country_code": "br", "region": "Espirito Santo", "city": "Guarapari"}, "game_id": "295590", "values": [{"date": "2022-05-22-02-00-00", "latency": 43}]}, {"location": {"country_code": "br", "region": "Santa Catarina"}, "game_id": "295590", "values": [{"date": "2022-05-22-05-00-00", "latency": 145}]}, {"location": {"country_code": "us", "region": "Ohio", "city": "Columbus"}, "game_id": "295590", "values": [{"date": "2022-05-23-00-00-00", "latency": 54}]}, {"location": {"country_code": "es", "region": "Andalusia"}, "game_id": "295590", "values": [{"date": "2022-05-22-19-00-00", "latency": 67}]}, {"location": {"country_code": "ae", "region": "Dubai", "city": "Dubai"}, "game_id": "295590", "values": [{"date": "2022-05-22-19-00-00", "latency": 149}, {"date": "2022-05-22-19-00-00", "latency": 149}, {"date": "2022-05-22-19-00-00", "latency": 149}, {"date": "2022-05-22-19-00-00", "latency": 149}, {"date": "2022-05-22-19-00-00", "latency": 149}]}, {"location": {"country_code": "ar", "region": "Neuquen Province", "city": "Neuquen"}, "game_id": "295590", "values": [{"date": "2022-05-22-10-00-00", "latency": 703}]}, {"location": {"country_code": "es", "region": "Valencia", "city": "Gandia"}, "game_id": "295590", "values": [{"date": "2022-05-22-19-00-00", "latency": 118}, {"date": "2022-05-22-19-00-00", "latency": 118}, {"date": "2022-05-22-19-00-00", "latency": 118}, {"date": "2022-05-22-19-00-00", "latency": 118}]}, {"location": {"country_code": "br", "region": "Parana", "city": "Umuarama"}, "game_id": "295590", "values": [{"date": "2022-05-22-04-00-00", "latency": 35}, {"date": "2022-05-22-04-00-00", "latency": 35}]}, {"location": {"country_code": "sa", "region": "Riyadh Region", "city": "Wadi Ad Dawasir"}, "game_id": "295590", "values": [{"date": "2022-05-22-23-00-00", "latency": 109}, {"date": "2022-05-22-23-00-00", "latency": 109}, {"date": "2022-05-22-23-00-00", "latency": 109}]}, {"location": {"country_code": "de", "region": "Baden-Wurttemberg", "city": "Stuttgart"}, "game_id": "295590", "values": [{"date": "2022-05-22-10-00-00", "latency": 131}, {"date": "2022-05-22-10-00-00", "latency": 131}, {"date": "2022-05-22-10-00-00", "latency": 131}, {"date": "2022-05-22-10-00-00", "latency": 131}]}, {"location": {"country_code": "br", "region": "Amazonas", "city": "Manaus"}, "game_id": "295590", "values": [{"date": "2022-05-22-08-00-00", "latency": 115}, {"date": "2022-05-22-08-00-00", "latency": 115}, {"date": "2022-05-22-08-00-00", "latency": 115}, {"date": "2022-05-22-08-00-00", "latency": 115}]}, {"location": {"country_code": "br", "region": "Para", "city": "Tailandia"}, "game_id": "295590", "values": [{"date": "2022-05-23-00-00-00", "latency": 80}, {"date": "2022-05-23-00-00-00", "latency": 80}, {"date": "2022-05-23-00-00-00", "latency": 80}, {"date": "2022-05-23-00-00-00", "latency": 80}, {"date": "2022-05-23-00-00-00", "latency": 80}]}, {"location": {"country_code": "br", "region": "Sao Paulo", "city": "Barretos"}, "game_id": "295590", "values": [{"date": "2022-05-23-01-00-00", "latency": 55}, {"date": "2022-05-23-01-00-00", "latency": 55}, {"date": "2022-05-23-01-00-00", "latency": 55}, {"date": "2022-05-23-01-00-00", "latency": 55}, {"date": "2022-05-23-01-00-00", "latency": 55}, {"date": "2022-05-23-01-00-00", "latency": 55}, {"date": "2022-05-23-01-00-00", "latency": 55}, {"date": "2022-05-23-01-00-00", "latency": 55}, {"date": "2022-05-23-01-00-00", "latency": 55}, {"date": "2022-05-23-01-00-00", "latency": 55}, {"date": "2022-05-23-01-00-00", "latency": 55}]}, {"location": {"country_code": "sa", "region": "Mecca Region", "city": "Jeddah"}, "game_id": "295590", "values": [{"date": "2022-05-22-22-00-00", "latency": 116}, {"date": "2022-05-22-22-00-00", "latency": 116}, {"date": "2022-05-22-22-00-00", "latency": 116}, {"date": "2022-05-22-22-00-00", "latency": 116}]}, {"location": {"country_code": "us", "region": "Colorado", "city": "Colorado Springs"}, "game_id": "295590", "values": [{"date": "2022-05-23-02-00-00", "latency": 128}]}, {"location": {"country_code": "br", "region": "Rio Grande do Sul", "city": "Viamao"}, "game_id": "295590", "values": [{"date": "2022-05-22-03-00-00", "latency": 71}]}, {"location": {"country_code": "co", "region": "Antioquia", "city": "Medellin"}, "game_id": "295590", "values": [{"date": "2022-05-22-07-00-00", "latency": 57}, {"date": "2022-05-22-07-00-00", "latency": 57}]}, {"location": {"country_code": "fr", "region": "Aquitania-Limosino-Poitou-Charentes", "city": "La Rochelle"}, "game_id": "295590", "values": [{"date": "2022-05-22-12-00-00", "latency": 62}, {"date": "2022-05-22-12-00-00", "latency": 62}]}, {"location": {"country_code": "br", "region": "Santa Catarina", "city": "Brusque"}, "game_id": "295590", "values": [{"date": "2022-05-23-02-00-00", "latency": 59}]}, {"location": {"country_code": "cl", "region": "Arica y Parinacota", "city": "Arica"}, "game_id": "295590", "values": [{"date": "2022-05-22-06-00-00", "latency": 71}]}, {"location": {"country_code": "us", "region": "Alaska", "city": "Anchorage"}, "game_id": "295590", "values": [{"date": "2022-05-22-11-00-00", "latency": 225}]}, {"location": {"country_code": "nl", "region": "Utrecht", "city": "Utrecht"}, "game_id": "295590", "values": [{"date": "2022-05-22-15-00-00", "latency": 153}, {"date": "2022-05-22-15-00-00", "latency": 153}]}, {"location": {"country_code": "de", "region": "Lower Saxony", "city": "Brunswick"}, "game_id": "295590", "values": [{"date": "2022-05-23-00-00-00", "latency": 42}]}, {"location": {"country_code": "it", "region": "Lazio"}, "game_id": "295590", "values": [{"date": "2022-05-22-06-00-00", "latency": 75}]}, {"location": {"country_code": "br", "region": "Paraiba"}, "game_id": "295590", "values": [{"date": "2022-05-22-20-00-00", "latency": 68}]}, {"location": {"country_code": "gl"}, "game_id": "295590", "values": [{"date": "2022-05-22-02-00-00", "latency": 107}]}, {"location": {"country_code": "ge", "region": "Tbilisi"}, "game_id": "295590", "values": [{"date": "2022-05-22-15-00-00", "latency": 91}]}, {"location": {"country_code": "pl", "region": "Lubusz Voivodship", "city": "Zielona Gora"}, "game_id": "295590", "values": [{"date": "2022-05-22-22-00-00", "latency": 47}, {"date": "2022-05-22-22-00-00", "latency": 47}, {"date": "2022-05-22-22-00-00", "latency": 47}, {"date": "2022-05-22-22-00-00", "latency": 47}, {"date": "2022-05-22-22-00-00", "latency": 47}, {"date": "2022-05-22-22-00-00", "latency": 47}]}, {"location": {"country_code": "us", "region": "North Carolina", "city": "Burlington"}, "game_id": "295590", "values": [{"date": "2022-05-23-01-00-00", "latency": 88}, {"date": "2022-05-23-01-00-00", "latency": 88}, {"date": "2022-05-23-01-00-00", "latency": 88}]}, {"location": {"country_code": "us", "region": "Oklahoma", "city": "Norman"}, "game_id": "295590", "values": [{"date": "2022-05-22-04-00-00", "latency": 197}, {"date": "2022-05-22-04-00-00", "latency": 197}]}, {"location": {"country_code": "fr", "region": "Alsazia-Champagne-Ardenne-Lorena", "city": "Mulhouse"}, "game_id": "295590", "values": [{"date": "2022-05-22-02-00-00", "latency": 260}]}, {"location": {"country_code": "br", "region": "Estado de Bahia", "city": "Almadina"}, "game_id": "295590", "values": [{"date": "2022-05-22-11-00-00", "latency": 46}, {"date": "2022-05-22-11-00-00", "latency": 46}, {"date": "2022-05-22-11-00-00", "latency": 46}]}, {"location": {"country_code": "fr", "region": "Ile-de-France Region", "city": "Argenteuil"}, "game_id": "295590", "values": [{"date": "2022-05-22-18-00-00", "latency": 394}]}, {"location": {"country_code": "us", "region": "Indiana", "city": "West Lafayette"}, "game_id": "295590", "values": [{"date": "2022-05-22-23-00-00", "latency": 70}, {"date": "2022-05-22-23-00-00", "latency": 70}, {"date": "2022-05-22-23-00-00", "latency": 70}]}, {"location": {"country_code": "ae", "region": "Ajman"}, "game_id": "295590", "values": [{"date": "2022-05-22-21-00-00", "latency": 160}, {"date": "2022-05-22-21-00-00", "latency": 160}, {"date": "2022-05-22-21-00-00", "latency": 160}, {"date": "2022-05-22-21-00-00", "latency": 160}]}, {"location": {"country_code": "us", "region": "Ohio", "city": "Louisville"}, "game_id": "295590", "values": [{"date": "2022-05-23-02-00-00", "latency": 46}, {"date": "2022-05-23-02-00-00", "latency": 46}, {"date": "2022-05-23-02-00-00", "latency": 46}]}, {"location": {"country_code": "br", "region": "State of Rio de Janeiro", "city": "Barra do Pirai"}, "game_id": "295590", "values": [{"date": "2022-05-22-17-00-00", "latency": 42}]}, {"location": {"country_code": "de", "region": "Lower Saxony", "city": "Schoningen"}, "game_id": "295590", "values": [{"date": "2022-05-22-10-00-00", "latency": 52}, {"date": "2022-05-22-10-00-00", "latency": 52}]}, {"location": {"country_code": "fr", "region": "Saint Pierre and Miquelon"}, "game_id": "295590", "values": [{"date": "2022-05-23-00-00-00", "latency": 70}]}, {"location": {"country_code": "br", "region": "Minas Gerais", "city": "Areado"}, "game_id": "295590", "values": [{"date": "2022-05-23-01-00-00", "latency": 42}]}, {"location": {"country_code": "fr", "region": "Ile-de-France Region", "city": "Elancourt"}, "game_id": "295590", "values": [{"date": "2022-05-22-02-00-00", "latency": 200}, {"date": "2022-05-22-02-00-00", "latency": 200}]}], "last_updated": 1719927557.416646}