{"data": [{"location": {"country_code": "us"}, "game_id": "116088", "values": [{"date": "2023-10-10-06-00-00", "latency": 63}]}, {"location": {"country_code": "us", "region": "Wisconsin", "city": "Madison"}, "game_id": "116088", "values": [{"date": "2023-10-11-00-00-00", "latency": 50}, {"date": "2023-10-11-00-00-00", "latency": 50}, {"date": "2023-10-11-00-00-00", "latency": 50}]}, {"location": {"country_code": "ro"}, "game_id": "116088", "values": [{"date": "2023-10-10-22-00-00", "latency": 59}, {"date": "2023-10-10-22-00-00", "latency": 59}]}, {"location": {"country_code": "jp"}, "game_id": "116088", "values": [{"date": "2023-10-10-22-00-00", "latency": 311}, {"date": "2023-10-10-22-00-00", "latency": 311}, {"date": "2023-10-10-22-00-00", "latency": 311}, {"date": "2023-10-10-22-00-00", "latency": 311}, {"date": "2023-10-10-22-00-00", "latency": 311}, {"date": "2023-10-10-22-00-00", "latency": 311}, {"date": "2023-10-10-22-00-00", "latency": 311}]}, {"location": {"country_code": "ph"}, "game_id": "116088", "values": [{"date": "2023-10-10-13-00-00", "latency": 64}, {"date": "2023-10-10-19-00-00", "latency": 53}, {"date": "2023-10-10-19-00-00", "latency": 53}, {"date": "2023-10-10-19-00-00", "latency": 53}, {"date": "2023-10-10-19-00-00", "latency": 53}, {"date": "2023-10-10-09-00-00", "latency": 49}, {"date": "2023-10-10-19-00-00", "latency": 105}, {"date": "2023-10-10-19-00-00", "latency": 105}, {"date": "2023-10-10-19-00-00", "latency": 105}, {"date": "2023-10-10-19-00-00", "latency": 105}, {"date": "2023-10-10-19-00-00", "latency": 105}]}, {"location": {"country_code": "in"}, "game_id": "116088", "values": [{"date": "2023-10-10-11-00-00", "latency": 101}, {"date": "2023-10-10-11-00-00", "latency": 101}, {"date": "2023-10-10-11-00-00", "latency": 101}, {"date": "2023-10-10-11-00-00", "latency": 101}, {"date": "2023-10-10-11-00-00", "latency": 101}, {"date": "2023-10-10-11-00-00", "latency": 101}, {"date": "2023-10-10-11-00-00", "latency": 101}, {"date": "2023-10-10-11-00-00", "latency": 101}, {"date": "2023-10-10-11-00-00", "latency": 101}, {"date": "2023-10-10-11-00-00", "latency": 101}, {"date": "2023-10-10-22-00-00", "latency": 143}, {"date": "2023-10-10-22-00-00", "latency": 143}, {"date": "2023-10-10-22-00-00", "latency": 143}, {"date": "2023-10-10-22-00-00", "latency": 143}, {"date": "2023-10-10-22-00-00", "latency": 143}, {"date": "2023-10-10-22-00-00", "latency": 143}, {"date": "2023-10-10-22-00-00", "latency": 143}, {"date": "2023-10-10-22-00-00", "latency": 143}, {"date": "2023-10-10-22-00-00", "latency": 143}, {"date": "2023-10-10-22-00-00", "latency": 143}, {"date": "2023-10-10-22-00-00", "latency": 143}, {"date": "2023-10-10-22-00-00", "latency": 143}, {"date": "2023-10-10-22-00-00", "latency": 143}]}, {"location": {"country_code": "us", "region": "California"}, "game_id": "116088", "values": [{"date": "2023-10-10-08-00-00", "latency": 130}, {"date": "2023-10-10-08-00-00", "latency": 130}, {"date": "2023-10-10-08-00-00", "latency": 130}, {"date": "2023-10-10-08-00-00", "latency": 130}, {"date": "2023-10-10-08-00-00", "latency": 130}, {"date": "2023-10-10-08-00-00", "latency": 130}, {"date": "2023-10-10-08-00-00", "latency": 130}, {"date": "2023-10-10-04-00-00", "latency": 32}, {"date": "2023-10-10-04-00-00", "latency": 32}, {"date": "2023-10-10-04-00-00", "latency": 32}, {"date": "2023-10-10-04-00-00", "latency": 32}]}, {"location": {"country_code": "br"}, "game_id": "116088", "values": [{"date": "2023-10-10-02-00-00", "latency": 49}, {"date": "2023-10-10-02-00-00", "latency": 49}, {"date": "2023-10-10-02-00-00", "latency": 49}, {"date": "2023-10-10-02-00-00", "latency": 49}, {"date": "2023-10-11-02-00-00", "latency": 59}, {"date": "2023-10-11-02-00-00", "latency": 59}]}, {"location": {"country_code": "au"}, "game_id": "116088", "values": [{"date": "2023-10-10-10-00-00", "latency": 335}, {"date": "2023-10-10-10-00-00", "latency": 335}, {"date": "2023-10-10-11-00-00", "latency": 31}]}, {"location": {"country_code": "tr"}, "game_id": "116088", "values": [{"date": "2023-10-11-00-00-00", "latency": 83}, {"date": "2023-10-11-00-00-00", "latency": 83}, {"date": "2023-10-11-00-00-00", "latency": 83}, {"date": "2023-10-11-00-00-00", "latency": 83}, {"date": "2023-10-10-16-00-00", "latency": 106}, {"date": "2023-10-10-16-00-00", "latency": 106}, {"date": "2023-10-10-16-00-00", "latency": 106}]}, {"location": {"country_code": "in", "region": "Maharashtra", "city": "Navi Mumbai"}, "game_id": "116088", "values": [{"date": "2023-10-10-21-00-00", "latency": 205}, {"date": "2023-10-10-21-00-00", "latency": 205}]}, {"location": {"country_code": "us", "region": "Georgia"}, "game_id": "116088", "values": [{"date": "2023-10-11-01-00-00", "latency": 148}, {"date": "2023-10-11-01-00-00", "latency": 148}, {"date": "2023-10-11-01-00-00", "latency": 148}]}, {"location": {"country_code": "pe"}, "game_id": "116088", "values": [{"date": "2023-10-10-20-00-00", "latency": 105}, {"date": "2023-10-10-20-00-00", "latency": 105}, {"date": "2023-10-10-20-00-00", "latency": 105}, {"date": "2023-10-10-20-00-00", "latency": 105}, {"date": "2023-10-10-20-00-00", "latency": 105}, {"date": "2023-10-10-21-00-00", "latency": 101}, {"date": "2023-10-10-21-00-00", "latency": 101}, {"date": "2023-10-10-21-00-00", "latency": 101}, {"date": "2023-10-10-21-00-00", "latency": 101}, {"date": "2023-10-10-06-00-00", "latency": 120}, {"date": "2023-10-10-06-00-00", "latency": 120}, {"date": "2023-10-10-06-00-00", "latency": 120}, {"date": "2023-10-10-06-00-00", "latency": 52}, {"date": "2023-10-10-06-00-00", "latency": 52}, {"date": "2023-10-10-06-00-00", "latency": 52}, {"date": "2023-10-10-06-00-00", "latency": 52}, {"date": "2023-10-10-06-00-00", "latency": 52}, {"date": "2023-10-10-06-00-00", "latency": 52}, {"date": "2023-10-10-07-00-00", "latency": 37}, {"date": "2023-10-10-07-00-00", "latency": 107}, {"date": "2023-10-10-07-00-00", "latency": 107}, {"date": "2023-10-10-07-00-00", "latency": 107}, {"date": "2023-10-10-07-00-00", "latency": 107}]}, {"location": {"country_code": "ua"}, "game_id": "116088", "values": [{"date": "2023-10-10-20-00-00", "latency": 79}, {"date": "2023-10-10-20-00-00", "latency": 79}, {"date": "2023-10-10-20-00-00", "latency": 63}, {"date": "2023-10-10-20-00-00", "latency": 63}, {"date": "2023-10-10-23-00-00", "latency": 200}, {"date": "2023-10-10-23-00-00", "latency": 200}]}, {"location": {"country_code": "kz"}, "game_id": "116088", "values": [{"date": "2023-10-10-18-00-00", "latency": 97}]}, {"location": {"country_code": "tr", "region": "Marmara Bolgesi"}, "game_id": "116088", "values": [{"date": "2023-10-10-02-00-00", "latency": 385}]}, {"location": {"country_code": "ru"}, "game_id": "116088", "values": [{"date": "2023-10-11-00-00-00", "latency": 48}, {"date": "2023-10-11-00-00-00", "latency": 48}, {"date": "2023-10-11-00-00-00", "latency": 48}, {"date": "2023-10-10-04-00-00", "latency": 60}, {"date": "2023-10-10-04-00-00", "latency": 60}, {"date": "2023-10-10-04-00-00", "latency": 60}, {"date": "2023-10-10-04-00-00", "latency": 60}, {"date": "2023-10-10-04-00-00", "latency": 60}, {"date": "2023-10-10-04-00-00", "latency": 60}, {"date": "2023-10-10-08-00-00", "latency": 60}, {"date": "2023-10-10-08-00-00", "latency": 60}, {"date": "2023-10-10-08-00-00", "latency": 60}, {"date": "2023-10-10-08-00-00", "latency": 60}, {"date": "2023-10-10-08-00-00", "latency": 60}]}, {"location": {"country_code": "my"}, "game_id": "116088", "values": [{"date": "2023-10-10-17-00-00", "latency": 45}, {"date": "2023-10-10-17-00-00", "latency": 45}, {"date": "2023-10-10-17-00-00", "latency": 45}]}, {"location": {"country_code": "ba"}, "game_id": "116088", "values": [{"date": "2023-10-10-07-00-00", "latency": 55}, {"date": "2023-10-10-07-00-00", "latency": 55}]}, {"location": {"country_code": "ir"}, "game_id": "116088", "values": [{"date": "2023-10-10-18-00-00", "latency": 124}, {"date": "2023-10-10-18-00-00", "latency": 124}, {"date": "2023-10-10-19-00-00", "latency": 151}]}, {"location": {"country_code": "us", "region": "Minnesota"}, "game_id": "116088", "values": [{"date": "2023-10-10-21-00-00", "latency": 147}, {"date": "2023-10-10-21-00-00", "latency": 147}]}, {"location": {"country_code": "us", "region": "Arizona", "city": "Phoenix"}, "game_id": "116088", "values": [{"date": "2023-10-10-05-00-00", "latency": 86}]}, {"location": {"country_code": "pk"}, "game_id": "116088", "values": [{"date": "2023-10-10-12-00-00", "latency": 182}, {"date": "2023-10-10-08-00-00", "latency": 85}]}, {"location": {"country_code": "hn"}, "game_id": "116088", "values": [{"date": "2023-10-10-08-00-00", "latency": 71}, {"date": "2023-10-10-08-00-00", "latency": 71}, {"date": "2023-10-10-08-00-00", "latency": 71}, {"date": "2023-10-10-08-00-00", "latency": 71}]}, {"location": {"country_code": "dj"}, "game_id": "116088", "values": [{"date": "2023-10-10-20-00-00", "latency": 119}]}, {"location": {"country_code": "ne"}, "game_id": "116088", "values": [{"date": "2023-10-10-23-00-00", "latency": 64}, {"date": "2023-10-10-23-00-00", "latency": 64}, {"date": "2023-10-10-23-00-00", "latency": 64}]}, {"location": {"country_code": "at", "region": "Salzburg", "city": "Salzburg"}, "game_id": "116088", "values": [{"date": "2023-10-11-00-00-00", "latency": 40}, {"date": "2023-10-11-00-00-00", "latency": 40}, {"date": "2023-10-11-00-00-00", "latency": 40}, {"date": "2023-10-11-00-00-00", "latency": 40}, {"date": "2023-10-11-00-00-00", "latency": 40}, {"date": "2023-10-11-00-00-00", "latency": 40}, {"date": "2023-10-11-00-00-00", "latency": 40}, {"date": "2023-10-11-00-00-00", "latency": 40}, {"date": "2023-10-11-00-00-00", "latency": 40}, {"date": "2023-10-11-00-00-00", "latency": 40}, {"date": "2023-10-11-00-00-00", "latency": 40}, {"date": "2023-10-11-00-00-00", "latency": 40}, {"date": "2023-10-11-00-00-00", "latency": 40}, {"date": "2023-10-11-00-00-00", "latency": 40}, {"date": "2023-10-11-00-00-00", "latency": 40}, {"date": "2023-10-11-00-00-00", "latency": 40}, {"date": "2023-10-11-00-00-00", "latency": 40}]}, {"location": {"country_code": "ru", "region": "Novosibirsk Oblast", "city": "Novosibirsk"}, "game_id": "116088", "values": [{"date": "2023-10-10-13-00-00", "latency": 87}, {"date": "2023-10-10-13-00-00", "latency": 87}]}, {"location": {"country_code": "uz", "region": "Toshkent", "city": "Angren"}, "game_id": "116088", "values": [{"date": "2023-10-10-19-00-00", "latency": 109}, {"date": "2023-10-10-19-00-00", "latency": 109}, {"date": "2023-10-10-19-00-00", "latency": 109}, {"date": "2023-10-10-19-00-00", "latency": 109}, {"date": "2023-10-10-19-00-00", "latency": 109}, {"date": "2023-10-10-19-00-00", "latency": 109}, {"date": "2023-10-10-19-00-00", "latency": 109}]}, {"location": {"country_code": "br", "region": "Goias", "city": "Aparecida de Goiania"}, "game_id": "116088", "values": [{"date": "2023-10-10-18-00-00", "latency": 94}, {"date": "2023-10-10-18-00-00", "latency": 94}, {"date": "2023-10-10-18-00-00", "latency": 94}, {"date": "2023-10-10-18-00-00", "latency": 94}, {"date": "2023-10-10-18-00-00", "latency": 94}, {"date": "2023-10-10-18-00-00", "latency": 94}]}, {"location": {"country_code": "uz"}, "game_id": "116088", "values": [{"date": "2023-10-10-03-00-00", "latency": 101}, {"date": "2023-10-10-03-00-00", "latency": 101}, {"date": "2023-10-10-03-00-00", "latency": 101}, {"date": "2023-10-10-03-00-00", "latency": 101}]}, {"location": {"country_code": "ph", "region": "National Capital Region", "city": "Muntinlupa"}, "game_id": "116088", "values": [{"date": "2023-10-10-20-00-00", "latency": 50}, {"date": "2023-10-10-20-00-00", "latency": 50}, {"date": "2023-10-10-20-00-00", "latency": 50}]}, {"location": {"country_code": "uz", "region": "Tashkent"}, "game_id": "116088", "values": [{"date": "2023-10-10-18-00-00", "latency": 111}]}, {"location": {"country_code": "ru", "region": "Sverdlovsk Oblast", "city": "Yekaterinburg"}, "game_id": "116088", "values": [{"date": "2023-10-10-23-00-00", "latency": 60}, {"date": "2023-10-10-23-00-00", "latency": 60}]}, {"location": {"country_code": "ua", "region": "Lviv Oblast", "city": "Lviv"}, "game_id": "116088", "values": [{"date": "2023-10-10-20-00-00", "latency": 36}]}], "last_updated": 1719927609.9168}