{"data": [{"location": {"country_code": "nz"}, "game_id": "970338", "values": [{"date": "2024-06-12-10-00-00", "latency": "287"}]}, {"location": {"country_code": "us"}, "game_id": "970338", "values": [{"date": "2024-06-12-03-00-00", "latency": "54"}, {"date": "2024-06-12-03-00-00", "latency": "54"}, {"date": "2024-06-12-20-00-00", "latency": "165"}, {"date": "2024-06-12-20-00-00", "latency": "165"}, {"date": "2024-06-12-20-00-00", "latency": "165"}, {"date": "2024-06-12-20-00-00", "latency": "165"}, {"date": "2024-06-12-20-00-00", "latency": "165"}, {"date": "2024-06-12-20-00-00", "latency": "165"}, {"date": "2024-06-12-20-00-00", "latency": "165"}, {"date": "2024-06-12-20-00-00", "latency": "165"}, {"date": "2024-06-12-06-00-00", "latency": "42"}, {"date": "2024-06-12-06-00-00", "latency": "42"}, {"date": "2024-06-12-06-00-00", "latency": "42"}, {"date": "2024-06-12-06-00-00", "latency": "42"}, {"date": "2024-06-12-06-00-00", "latency": "42"}]}, {"location": {"country_code": "us", "region": "District of Columbia", "city": "Washington"}, "game_id": "970338", "values": [{"date": "2024-06-12-04-00-00", "latency": "92"}]}, {"location": {"country_code": "de", "region": "Berlin", "city": "Berlin"}, "game_id": "970338", "values": [{"date": "2024-06-12-07-00-00", "latency": "33"}]}, {"location": {"country_code": "us", "region": "New York", "city": "Jamestown"}, "game_id": "970338", "values": [{"date": "2024-06-13-01-00-00", "latency": "23"}, {"date": "2024-06-13-01-00-00", "latency": "23"}, {"date": "2024-06-13-01-00-00", "latency": "23"}, {"date": "2024-06-13-01-00-00", "latency": "23"}, {"date": "2024-06-13-01-00-00", "latency": "23"}, {"date": "2024-06-13-01-00-00", "latency": "23"}]}, {"location": {"country_code": "gb"}, "game_id": "970338", "values": [{"date": "2024-06-12-17-00-00", "latency": "26"}, {"date": "2024-06-12-17-00-00", "latency": "26"}, {"date": "2024-06-12-17-00-00", "latency": "26"}, {"date": "2024-06-12-17-00-00", "latency": "26"}, {"date": "2024-06-12-17-00-00", "latency": "26"}, {"date": "2024-06-12-17-00-00", "latency": "26"}, {"date": "2024-06-12-17-00-00", "latency": "26"}, {"date": "2024-06-12-17-00-00", "latency": "26"}, {"date": "2024-06-12-17-00-00", "latency": "26"}, {"date": "2024-06-12-17-00-00", "latency": "26"}, {"date": "2024-06-12-17-00-00", "latency": "26"}, {"date": "2024-06-12-17-00-00", "latency": "26"}, {"date": "2024-06-12-17-00-00", "latency": "26"}, {"date": "2024-06-12-17-00-00", "latency": "26"}, {"date": "2024-06-12-17-00-00", "latency": "26"}, {"date": "2024-06-12-17-00-00", "latency": "26"}, {"date": "2024-06-12-17-00-00", "latency": "26"}, {"date": "2024-06-12-17-00-00", "latency": "26"}, {"date": "2024-06-12-22-00-00", "latency": "48"}]}, {"location": {"country_code": "pa"}, "game_id": "970338", "values": [{"date": "2024-06-13-01-00-00", "latency": "85"}, {"date": "2024-06-13-01-00-00", "latency": "85"}]}, {"location": {"country_code": "jp"}, "game_id": "970338", "values": [{"date": "2024-06-13-00-00-00", "latency": "232"}, {"date": "2024-06-13-00-00-00", "latency": "232"}, {"date": "2024-06-13-00-00-00", "latency": "232"}, {"date": "2024-06-13-00-00-00", "latency": "232"}, {"date": "2024-06-13-00-00-00", "latency": "232"}, {"date": "2024-06-13-00-00-00", "latency": "232"}, {"date": "2024-06-12-23-00-00", "latency": "28"}, {"date": "2024-06-12-23-00-00", "latency": "28"}, {"date": "2024-06-12-23-00-00", "latency": "28"}]}, {"location": {"country_code": "ca"}, "game_id": "970338", "values": [{"date": "2024-06-12-21-00-00", "latency": "41"}, {"date": "2024-06-12-21-00-00", "latency": "41"}, {"date": "2024-06-12-21-00-00", "latency": "41"}, {"date": "2024-06-12-21-00-00", "latency": "41"}, {"date": "2024-06-12-21-00-00", "latency": "41"}, {"date": "2024-06-12-21-00-00", "latency": "41"}, {"date": "2024-06-12-21-00-00", "latency": "41"}, {"date": "2024-06-12-21-00-00", "latency": "41"}, {"date": "2024-06-12-21-00-00", "latency": "41"}, {"date": "2024-06-12-21-00-00", "latency": "41"}, {"date": "2024-06-12-21-00-00", "latency": "41"}, {"date": "2024-06-12-21-00-00", "latency": "41"}, {"date": "2024-06-12-21-00-00", "latency": "41"}, {"date": "2024-06-12-21-00-00", "latency": "41"}, {"date": "2024-06-12-21-00-00", "latency": "41"}, {"date": "2024-06-12-21-00-00", "latency": "41"}, {"date": "2024-06-12-21-00-00", "latency": "41"}, {"date": "2024-06-12-21-00-00", "latency": "41"}, {"date": "2024-06-12-21-00-00", "latency": "41"}, {"date": "2024-06-12-21-00-00", "latency": "41"}, {"date": "2024-06-12-21-00-00", "latency": "41"}, {"date": "2024-06-12-21-00-00", "latency": "41"}]}, {"location": {"country_code": "ca", "region": "Alberta"}, "game_id": "970338", "values": [{"date": "2024-06-12-03-00-00", "latency": "8"}]}, {"location": {"country_code": "de"}, "game_id": "970338", "values": [{"date": "2024-06-12-18-00-00", "latency": "21"}, {"date": "2024-06-12-18-00-00", "latency": "21"}, {"date": "2024-06-12-18-00-00", "latency": "21"}, {"date": "2024-06-12-18-00-00", "latency": "21"}, {"date": "2024-06-12-18-00-00", "latency": "21"}]}, {"location": {"country_code": "tw"}, "game_id": "970338", "values": [{"date": "2024-06-12-14-00-00", "latency": "295"}, {"date": "2024-06-12-14-00-00", "latency": "295"}, {"date": "2024-06-12-14-00-00", "latency": "295"}, {"date": "2024-06-12-14-00-00", "latency": "295"}, {"date": "2024-06-12-14-00-00", "latency": "295"}]}, {"location": {"country_code": "gb", "region": "England"}, "game_id": "970338", "values": [{"date": "2024-06-12-20-00-00", "latency": "25"}]}, {"location": {"country_code": "cl"}, "game_id": "970338", "values": [{"date": "2024-06-12-08-00-00", "latency": "136"}, {"date": "2024-06-12-08-00-00", "latency": "136"}, {"date": "2024-06-12-08-00-00", "latency": "136"}, {"date": "2024-06-12-08-00-00", "latency": "136"}, {"date": "2024-06-12-08-00-00", "latency": "136"}, {"date": "2024-06-12-08-00-00", "latency": "136"}, {"date": "2024-06-12-08-00-00", "latency": "136"}, {"date": "2024-06-12-08-00-00", "latency": "136"}]}, {"location": {"country_code": "us", "region": "Florida"}, "game_id": "970338", "values": [{"date": "2024-06-12-04-00-00", "latency": "52"}, {"date": "2024-06-12-04-00-00", "latency": "52"}, {"date": "2024-06-12-04-00-00", "latency": "52"}, {"date": "2024-06-12-04-00-00", "latency": "52"}, {"date": "2024-06-12-04-00-00", "latency": "52"}, {"date": "2024-06-12-04-00-00", "latency": "52"}, {"date": "2024-06-12-04-00-00", "latency": "52"}]}, {"location": {"country_code": "fr"}, "game_id": "970338", "values": [{"date": "2024-06-12-22-00-00", "latency": "69"}, {"date": "2024-06-12-22-00-00", "latency": "69"}, {"date": "2024-06-12-22-00-00", "latency": "69"}, {"date": "2024-06-12-22-00-00", "latency": "69"}, {"date": "2024-06-12-22-00-00", "latency": "69"}, {"date": "2024-06-12-22-00-00", "latency": "69"}, {"date": "2024-06-12-22-00-00", "latency": "69"}, {"date": "2024-06-12-22-00-00", "latency": "69"}, {"date": "2024-06-12-22-00-00", "latency": "69"}, {"date": "2024-06-12-22-00-00", "latency": "69"}, {"date": "2024-06-12-22-00-00", "latency": "69"}, {"date": "2024-06-12-22-00-00", "latency": "69"}, {"date": "2024-06-12-22-00-00", "latency": "69"}, {"date": "2024-06-12-22-00-00", "latency": "69"}, {"date": "2024-06-12-22-00-00", "latency": "69"}, {"date": "2024-06-12-15-00-00", "latency": "32"}, {"date": "2024-06-12-15-00-00", "latency": "32"}, {"date": "2024-06-12-15-00-00", "latency": "32"}, {"date": "2024-06-12-15-00-00", "latency": "32"}, {"date": "2024-06-12-15-00-00", "latency": "32"}, {"date": "2024-06-12-15-00-00", "latency": "32"}, {"date": "2024-06-12-15-00-00", "latency": "32"}, {"date": "2024-06-12-15-00-00", "latency": "32"}, {"date": "2024-06-12-15-00-00", "latency": "32"}, {"date": "2024-06-12-15-00-00", "latency": "32"}, {"date": "2024-06-12-15-00-00", "latency": "32"}, {"date": "2024-06-12-15-00-00", "latency": "32"}, {"date": "2024-06-12-15-00-00", "latency": "32"}, {"date": "2024-06-12-15-00-00", "latency": "32"}, {"date": "2024-06-12-15-00-00", "latency": "32"}, {"date": "2024-06-13-01-00-00", "latency": "64"}, {"date": "2024-06-13-01-00-00", "latency": "64"}, {"date": "2024-06-13-01-00-00", "latency": "64"}, {"date": "2024-06-13-01-00-00", "latency": "64"}, {"date": "2024-06-13-01-00-00", "latency": "64"}, {"date": "2024-06-13-01-00-00", "latency": "64"}, {"date": "2024-06-13-01-00-00", "latency": "64"}, {"date": "2024-06-13-01-00-00", "latency": "64"}, {"date": "2024-06-13-01-00-00", "latency": "64"}, {"date": "2024-06-13-01-00-00", "latency": "64"}]}, {"location": {"country_code": "us", "region": "Ohio"}, "game_id": "970338", "values": [{"date": "2024-06-13-02-00-00", "latency": "46"}, {"date": "2024-06-13-02-00-00", "latency": "46"}]}, {"location": {"country_code": "us", "region": "Minnesota", "city": "New Germany"}, "game_id": "970338", "values": [{"date": "2024-06-12-18-00-00", "latency": "148"}, {"date": "2024-06-12-18-00-00", "latency": "148"}]}, {"location": {"country_code": "br"}, "game_id": "970338", "values": [{"date": "2024-06-12-03-00-00", "latency": "132"}, {"date": "2024-06-12-03-00-00", "latency": "132"}, {"date": "2024-06-12-03-00-00", "latency": "132"}, {"date": "2024-06-12-03-00-00", "latency": "132"}, {"date": "2024-06-12-03-00-00", "latency": "132"}, {"date": "2024-06-12-03-00-00", "latency": "132"}, {"date": "2024-06-12-03-00-00", "latency": "132"}, {"date": "2024-06-12-03-00-00", "latency": "132"}, {"date": "2024-06-12-03-00-00", "latency": "132"}, {"date": "2024-06-12-03-00-00", "latency": "132"}]}, {"location": {"country_code": "se"}, "game_id": "970338", "values": [{"date": "2024-06-13-02-00-00", "latency": "52"}, {"date": "2024-06-13-02-00-00", "latency": "52"}, {"date": "2024-06-13-02-00-00", "latency": "52"}, {"date": "2024-06-12-19-00-00", "latency": "37"}, {"date": "2024-06-12-19-00-00", "latency": "37"}, {"date": "2024-06-12-19-00-00", "latency": "37"}, {"date": "2024-06-12-19-00-00", "latency": "37"}, {"date": "2024-06-12-19-00-00", "latency": "37"}, {"date": "2024-06-12-19-00-00", "latency": "37"}, {"date": "2024-06-12-19-00-00", "latency": "37"}, {"date": "2024-06-12-19-00-00", "latency": "37"}, {"date": "2024-06-12-19-00-00", "latency": "37"}, {"date": "2024-06-12-19-00-00", "latency": "37"}, {"date": "2024-06-12-19-00-00", "latency": "37"}, {"date": "2024-06-12-19-00-00", "latency": "37"}, {"date": "2024-06-12-19-00-00", "latency": "37"}, {"date": "2024-06-12-19-00-00", "latency": "37"}, {"date": "2024-06-12-19-00-00", "latency": "37"}]}, {"location": {"country_code": "au"}, "game_id": "970338", "values": [{"date": "2024-06-12-10-00-00", "latency": "210"}, {"date": "2024-06-12-10-00-00", "latency": "210"}, {"date": "2024-06-12-10-00-00", "latency": "210"}, {"date": "2024-06-12-10-00-00", "latency": "210"}, {"date": "2024-06-12-11-00-00", "latency": "24"}]}, {"location": {"country_code": "td"}, "game_id": "970338", "values": [{"date": "2024-06-12-04-00-00", "latency": "64"}, {"date": "2024-06-12-04-00-00", "latency": "64"}, {"date": "2024-06-12-04-00-00", "latency": "64"}, {"date": "2024-06-12-04-00-00", "latency": "64"}, {"date": "2024-06-12-04-00-00", "latency": "64"}, {"date": "2024-06-12-04-00-00", "latency": "64"}, {"date": "2024-06-12-04-00-00", "latency": "64"}]}, {"location": {"country_code": "es"}, "game_id": "970338", "values": [{"date": "2024-06-12-22-00-00", "latency": "50"}, {"date": "2024-06-12-22-00-00", "latency": "50"}, {"date": "2024-06-12-22-00-00", "latency": "50"}, {"date": "2024-06-12-22-00-00", "latency": "50"}, {"date": "2024-06-12-22-00-00", "latency": "50"}, {"date": "2024-06-12-22-00-00", "latency": "50"}, {"date": "2024-06-12-22-00-00", "latency": "50"}, {"date": "2024-06-12-22-00-00", "latency": "50"}, {"date": "2024-06-12-22-00-00", "latency": "50"}, {"date": "2024-06-12-22-00-00", "latency": "50"}, {"date": "2024-06-12-22-00-00", "latency": "50"}, {"date": "2024-06-12-22-00-00", "latency": "50"}, {"date": "2024-06-12-22-00-00", "latency": "50"}, {"date": "2024-06-12-22-00-00", "latency": "50"}, {"date": "2024-06-12-22-00-00", "latency": "50"}, {"date": "2024-06-12-22-00-00", "latency": "50"}, {"date": "2024-06-12-22-00-00", "latency": "50"}]}, {"location": {"country_code": "gb", "region": "Northern Ireland"}, "game_id": "970338", "values": [{"date": "2024-06-12-02-00-00", "latency": "107"}, {"date": "2024-06-12-02-00-00", "latency": "107"}, {"date": "2024-06-12-02-00-00", "latency": "107"}]}, {"location": {"country_code": "us", "region": "Michigan"}, "game_id": "970338", "values": [{"date": "2024-06-12-23-00-00", "latency": "39"}, {"date": "2024-06-12-23-00-00", "latency": "39"}, {"date": "2024-06-12-23-00-00", "latency": "39"}]}, {"location": {"country_code": "us", "region": "Arizona", "city": "Phoenix"}, "game_id": "970338", "values": [{"date": "2024-06-12-22-00-00", "latency": "41"}, {"date": "2024-06-12-22-00-00", "latency": "41"}, {"date": "2024-06-12-22-00-00", "latency": "41"}, {"date": "2024-06-12-22-00-00", "latency": "41"}, {"date": "2024-06-12-22-00-00", "latency": "41"}, {"date": "2024-06-12-22-00-00", "latency": "41"}, {"date": "2024-06-12-22-00-00", "latency": "41"}, {"date": "2024-06-12-22-00-00", "latency": "41"}, {"date": "2024-06-12-22-00-00", "latency": "41"}, {"date": "2024-06-12-22-00-00", "latency": "41"}, {"date": "2024-06-12-22-00-00", "latency": "41"}, {"date": "2024-06-12-22-00-00", "latency": "41"}]}, {"location": {"country_code": "es", "region": "Catalonia", "city": "l'Hospitalet de Llobregat"}, "game_id": "970338", "values": [{"date": "2024-06-12-21-00-00", "latency": "59"}, {"date": "2024-06-12-21-00-00", "latency": "59"}, {"date": "2024-06-12-21-00-00", "latency": "59"}]}, {"location": {"country_code": "pl"}, "game_id": "970338", "values": [{"date": "2024-06-12-21-00-00", "latency": "53"}, {"date": "2024-06-12-21-00-00", "latency": "53"}, {"date": "2024-06-12-21-00-00", "latency": "53"}, {"date": "2024-06-12-21-00-00", "latency": "53"}, {"date": "2024-06-12-21-00-00", "latency": "53"}, {"date": "2024-06-12-21-00-00", "latency": "53"}, {"date": "2024-06-12-21-00-00", "latency": "53"}]}, {"location": {"country_code": "ge"}, "game_id": "970338", "values": [{"date": "2024-06-13-00-00-00", "latency": "55"}, {"date": "2024-06-13-00-00-00", "latency": "55"}]}, {"location": {"country_code": "us", "region": "Nevada", "city": "Las Vegas"}, "game_id": "970338", "values": [{"date": "2024-06-12-19-00-00", "latency": "78"}, {"date": "2024-06-12-19-00-00", "latency": "78"}, {"date": "2024-06-12-19-00-00", "latency": "78"}, {"date": "2024-06-12-19-00-00", "latency": "78"}, {"date": "2024-06-12-19-00-00", "latency": "78"}, {"date": "2024-06-12-21-00-00", "latency": "165"}, {"date": "2024-06-12-21-00-00", "latency": "165"}, {"date": "2024-06-12-21-00-00", "latency": "165"}, {"date": "2024-06-12-21-00-00", "latency": "165"}, {"date": "2024-06-12-21-00-00", "latency": "165"}, {"date": "2024-06-12-21-00-00", "latency": "165"}, {"date": "2024-06-12-21-00-00", "latency": "165"}, {"date": "2024-06-12-21-00-00", "latency": "165"}]}, {"location": {"country_code": "ru"}, "game_id": "970338", "values": [{"date": "2024-06-12-16-00-00", "latency": "29"}]}, {"location": {"country_code": "us", "region": "Wisconsin"}, "game_id": "970338", "values": [{"date": "2024-06-13-02-00-00", "latency": "42"}, {"date": "2024-06-13-02-00-00", "latency": "42"}, {"date": "2024-06-13-02-00-00", "latency": "42"}, {"date": "2024-06-13-02-00-00", "latency": "42"}]}, {"location": {"country_code": "us", "region": "Kentucky"}, "game_id": "970338", "values": [{"date": "2024-06-13-02-00-00", "latency": "59"}, {"date": "2024-06-13-02-00-00", "latency": "59"}]}, {"location": {"country_code": "us", "region": "Minnesota"}, "game_id": "970338", "values": [{"date": "2024-06-12-05-00-00", "latency": "47"}, {"date": "2024-06-12-05-00-00", "latency": "47"}, {"date": "2024-06-12-05-00-00", "latency": "47"}, {"date": "2024-06-12-05-00-00", "latency": "47"}, {"date": "2024-06-12-05-00-00", "latency": "47"}, {"date": "2024-06-12-05-00-00", "latency": "47"}, {"date": "2024-06-12-05-00-00", "latency": "47"}, {"date": "2024-06-12-05-00-00", "latency": "47"}]}, {"location": {"country_code": "us", "region": "Maryland"}, "game_id": "970338", "values": [{"date": "2024-06-12-09-00-00", "latency": "24"}]}, {"location": {"country_code": "by"}, "game_id": "970338", "values": [{"date": "2024-06-12-20-00-00", "latency": "48"}, {"date": "2024-06-12-20-00-00", "latency": "48"}, {"date": "2024-06-12-20-00-00", "latency": "48"}, {"date": "2024-06-12-20-00-00", "latency": "48"}, {"date": "2024-06-12-20-00-00", "latency": "48"}, {"date": "2024-06-12-20-00-00", "latency": "48"}, {"date": "2024-06-12-20-00-00", "latency": "48"}, {"date": "2024-06-12-20-00-00", "latency": "48"}, {"date": "2024-06-12-20-00-00", "latency": "48"}, {"date": "2024-06-12-20-00-00", "latency": "48"}, {"date": "2024-06-12-20-00-00", "latency": "48"}, {"date": "2024-06-12-20-00-00", "latency": "48"}, {"date": "2024-06-12-20-00-00", "latency": "48"}, {"date": "2024-06-12-20-00-00", "latency": "48"}, {"date": "2024-06-12-20-00-00", "latency": "48"}, {"date": "2024-06-12-20-00-00", "latency": "48"}, {"date": "2024-06-12-20-00-00", "latency": "48"}, {"date": "2024-06-12-20-00-00", "latency": "48"}, {"date": "2024-06-12-20-00-00", "latency": "48"}, {"date": "2024-06-12-20-00-00", "latency": "48"}, {"date": "2024-06-12-20-00-00", "latency": "48"}, {"date": "2024-06-12-20-00-00", "latency": "48"}, {"date": "2024-06-12-20-00-00", "latency": "48"}, {"date": "2024-06-12-20-00-00", "latency": "48"}, {"date": "2024-06-12-20-00-00", "latency": "48"}, {"date": "2024-06-12-20-00-00", "latency": "48"}, {"date": "2024-06-12-20-00-00", "latency": "48"}, {"date": "2024-06-12-20-00-00", "latency": "48"}, {"date": "2024-06-12-20-00-00", "latency": "48"}, {"date": "2024-06-12-20-00-00", "latency": "48"}]}, {"location": {"country_code": "fr", "region": "Alsazia-Champagne-Ardenne-Lorena"}, "game_id": "970338", "values": [{"date": "2024-06-12-17-00-00", "latency": "32"}, {"date": "2024-06-12-17-00-00", "latency": "32"}, {"date": "2024-06-12-17-00-00", "latency": "32"}, {"date": "2024-06-12-17-00-00", "latency": "32"}, {"date": "2024-06-12-17-00-00", "latency": "32"}, {"date": "2024-06-12-17-00-00", "latency": "32"}, {"date": "2024-06-12-17-00-00", "latency": "32"}]}, {"location": {"country_code": "fr", "region": "Occitanie"}, "game_id": "970338", "values": [{"date": "2024-06-12-22-00-00", "latency": "37"}, {"date": "2024-06-12-22-00-00", "latency": "37"}]}, {"location": {"country_code": "de", "region": "Lower Saxony"}, "game_id": "970338", "values": [{"date": "2024-06-12-15-00-00", "latency": "27"}, {"date": "2024-06-12-15-00-00", "latency": "27"}, {"date": "2024-06-12-15-00-00", "latency": "27"}]}, {"location": {"country_code": "us", "region": "State of Wyoming"}, "game_id": "970338", "values": [{"date": "2024-06-12-19-00-00", "latency": "218"}, {"date": "2024-06-12-19-00-00", "latency": "218"}, {"date": "2024-06-12-19-00-00", "latency": "218"}, {"date": "2024-06-12-19-00-00", "latency": "218"}, {"date": "2024-06-12-19-00-00", "latency": "218"}, {"date": "2024-06-12-19-00-00", "latency": "218"}, {"date": "2024-06-12-19-00-00", "latency": "218"}, {"date": "2024-06-12-19-00-00", "latency": "218"}]}, {"location": {"country_code": "us", "region": "Rhode Island"}, "game_id": "970338", "values": [{"date": "2024-06-12-04-00-00", "latency": "32"}]}, {"location": {"country_code": "us", "region": "Florida", "city": "Tampa"}, "game_id": "970338", "values": [{"date": "2024-06-12-05-00-00", "latency": "84"}, {"date": "2024-06-12-05-00-00", "latency": "84"}, {"date": "2024-06-12-05-00-00", "latency": "84"}, {"date": "2024-06-12-05-00-00", "latency": "84"}, {"date": "2024-06-12-05-00-00", "latency": "84"}]}, {"location": {"country_code": "fr", "region": "Nord-Passo di Calais-Piccardia"}, "game_id": "970338", "values": [{"date": "2024-06-12-15-00-00", "latency": "37"}, {"date": "2024-06-12-15-00-00", "latency": "37"}, {"date": "2024-06-12-15-00-00", "latency": "37"}]}, {"location": {"country_code": "dz"}, "game_id": "970338", "values": [{"date": "2024-06-13-01-00-00", "latency": "62"}, {"date": "2024-06-13-01-00-00", "latency": "62"}, {"date": "2024-06-13-01-00-00", "latency": "62"}, {"date": "2024-06-13-01-00-00", "latency": "62"}, {"date": "2024-06-13-01-00-00", "latency": "62"}, {"date": "2024-06-13-01-00-00", "latency": "62"}, {"date": "2024-06-13-01-00-00", "latency": "62"}, {"date": "2024-06-13-01-00-00", "latency": "62"}, {"date": "2024-06-13-01-00-00", "latency": "62"}, {"date": "2024-06-13-01-00-00", "latency": "62"}, {"date": "2024-06-13-01-00-00", "latency": "62"}, {"date": "2024-06-13-01-00-00", "latency": "62"}, {"date": "2024-06-13-01-00-00", "latency": "62"}, {"date": "2024-06-13-01-00-00", "latency": "62"}, {"date": "2024-06-13-01-00-00", "latency": "62"}, {"date": "2024-06-13-01-00-00", "latency": "62"}]}, {"location": {"country_code": "ee"}, "game_id": "970338", "values": [{"date": "2024-06-12-17-00-00", "latency": "59"}, {"date": "2024-06-12-17-00-00", "latency": "59"}, {"date": "2024-06-12-17-00-00", "latency": "59"}, {"date": "2024-06-12-17-00-00", "latency": "59"}, {"date": "2024-06-12-17-00-00", "latency": "59"}, {"date": "2024-06-12-17-00-00", "latency": "59"}, {"date": "2024-06-12-17-00-00", "latency": "59"}, {"date": "2024-06-12-17-00-00", "latency": "59"}, {"date": "2024-06-12-17-00-00", "latency": "59"}, {"date": "2024-06-12-17-00-00", "latency": "59"}, {"date": "2024-06-12-17-00-00", "latency": "59"}, {"date": "2024-06-12-17-00-00", "latency": "59"}, {"date": "2024-06-12-17-00-00", "latency": "59"}, {"date": "2024-06-12-17-00-00", "latency": "59"}, {"date": "2024-06-12-17-00-00", "latency": "59"}, {"date": "2024-06-12-17-00-00", "latency": "59"}, {"date": "2024-06-12-17-00-00", "latency": "59"}, {"date": "2024-06-12-17-00-00", "latency": "59"}, {"date": "2024-06-12-17-00-00", "latency": "59"}, {"date": "2024-06-12-17-00-00", "latency": "59"}, {"date": "2024-06-12-17-00-00", "latency": "59"}, {"date": "2024-06-12-17-00-00", "latency": "59"}, {"date": "2024-06-12-17-00-00", "latency": "59"}, {"date": "2024-06-12-17-00-00", "latency": "59"}, {"date": "2024-06-12-17-00-00", "latency": "59"}, {"date": "2024-06-12-17-00-00", "latency": "59"}]}, {"location": {"country_code": "us", "region": "New York"}, "game_id": "970338", "values": [{"date": "2024-06-12-06-00-00", "latency": "96"}, {"date": "2024-06-12-06-00-00", "latency": "96"}, {"date": "2024-06-12-06-00-00", "latency": "96"}]}, {"location": {"country_code": "ee", "region": "Harju", "city": "Tallinn"}, "game_id": "970338", "values": [{"date": "2024-06-12-16-00-00", "latency": "50"}, {"date": "2024-06-12-16-00-00", "latency": "50"}, {"date": "2024-06-12-16-00-00", "latency": "50"}, {"date": "2024-06-12-16-00-00", "latency": "50"}, {"date": "2024-06-12-16-00-00", "latency": "50"}]}, {"location": {"country_code": "de", "region": "Lower Saxony", "city": "Lengede"}, "game_id": "970338", "values": [{"date": "2024-06-12-22-00-00", "latency": "22"}, {"date": "2024-06-12-22-00-00", "latency": "22"}, {"date": "2024-06-12-22-00-00", "latency": "22"}, {"date": "2024-06-12-22-00-00", "latency": "22"}, {"date": "2024-06-12-22-00-00", "latency": "22"}, {"date": "2024-06-12-22-00-00", "latency": "22"}, {"date": "2024-06-12-22-00-00", "latency": "22"}, {"date": "2024-06-12-22-00-00", "latency": "22"}, {"date": "2024-06-12-22-00-00", "latency": "22"}, {"date": "2024-06-12-22-00-00", "latency": "22"}, {"date": "2024-06-12-22-00-00", "latency": "22"}]}], "last_updated": 1719912538.281006}