{"data": [{"location": {"country_code": "us"}, "game_id": "295590", "values": [{"date": "2022-03-09-19-00-00", "latency": 52}, {"date": "2022-03-09-05-00-00", "latency": 9}, {"date": "2022-03-09-05-00-00", "latency": 9}, {"date": "2022-03-09-06-00-00", "latency": 6}, {"date": "2022-03-09-18-00-00", "latency": 11}, {"date": "2022-03-09-18-00-00", "latency": 11}, {"date": "2022-03-09-18-00-00", "latency": 11}, {"date": "2022-03-09-18-00-00", "latency": 11}, {"date": "2022-03-09-18-00-00", "latency": 11}, {"date": "2022-03-09-23-00-00", "latency": 7}, {"date": "2022-03-09-23-00-00", "latency": 0}, {"date": "2022-03-09-11-00-00", "latency": 4}, {"date": "2022-03-09-20-00-00", "latency": 1}, {"date": "2022-03-09-20-00-00", "latency": 1}, {"date": "2022-03-09-20-00-00", "latency": 1}, {"date": "2022-03-09-20-00-00", "latency": 1}]}, {"location": {"country_code": "nz", "region": "Auckland", "city": "Auckland"}, "game_id": "295590", "values": [{"date": "2022-03-09-11-00-00", "latency": 3}]}, {"location": {"country_code": "us", "region": "New York", "city": "Jamestown"}, "game_id": "295590", "values": [{"date": "2022-03-10-01-00-00", "latency": 3}, {"date": "2022-03-09-21-00-00", "latency": 7}]}, {"location": {"country_code": "gb"}, "game_id": "295590", "values": [{"date": "2022-03-09-20-00-00", "latency": 3}]}, {"location": {"country_code": "nl"}, "game_id": "295590", "values": [{"date": "2022-03-09-22-00-00", "latency": 2}]}, {"location": {"country_code": "it"}, "game_id": "295590", "values": [{"date": "2022-03-10-00-00-00", "latency": 8}, {"date": "2022-03-10-00-00-00", "latency": 8}]}, {"location": {"country_code": "ca"}, "game_id": "295590", "values": [{"date": "2022-03-09-21-00-00", "latency": 7}, {"date": "2022-03-09-05-00-00", "latency": 20}, {"date": "2022-03-09-05-00-00", "latency": 20}]}, {"location": {"country_code": "de"}, "game_id": "295590", "values": [{"date": "2022-03-09-21-00-00", "latency": 2}, {"date": "2022-03-09-18-00-00", "latency": 7}, {"date": "2022-03-09-18-00-00", "latency": 7}, {"date": "2022-03-09-18-00-00", "latency": 7}, {"date": "2022-03-09-18-00-00", "latency": 7}, {"date": "2022-03-09-21-00-00", "latency": 4}]}, {"location": {"country_code": "br", "region": "Parana", "city": "Araucaria"}, "game_id": "295590", "values": [{"date": "2022-03-10-00-00-00", "latency": 15}, {"date": "2022-03-09-21-00-00", "latency": 0}]}, {"location": {"country_code": "es", "region": "Madrid"}, "game_id": "295590", "values": [{"date": "2022-03-09-23-00-00", "latency": 7}, {"date": "2022-03-09-23-00-00", "latency": 7}, {"date": "2022-03-09-23-00-00", "latency": 7}, {"date": "2022-03-09-23-00-00", "latency": 7}]}, {"location": {"country_code": "cl"}, "game_id": "295590", "values": [{"date": "2022-03-09-23-00-00", "latency": 26}]}, {"location": {"country_code": "us", "region": "Texas"}, "game_id": "295590", "values": [{"date": "2022-03-09-04-00-00", "latency": 4}]}, {"location": {"country_code": "us", "region": "Florida"}, "game_id": "295590", "values": [{"date": "2022-03-09-22-00-00", "latency": 58}, {"date": "2022-03-09-06-00-00", "latency": 8}, {"date": "2022-03-09-06-00-00", "latency": 8}]}, {"location": {"country_code": "ph"}, "game_id": "295590", "values": [{"date": "2022-03-09-15-00-00", "latency": 1}]}, {"location": {"country_code": "fr"}, "game_id": "295590", "values": [{"date": "2022-03-09-20-00-00", "latency": 9}, {"date": "2022-03-09-16-00-00", "latency": 1}, {"date": "2022-03-09-16-00-00", "latency": 1}]}, {"location": {"country_code": "br", "region": "Minas Gerais", "city": "Betim"}, "game_id": "295590", "values": [{"date": "2022-03-09-01-00-00", "latency": 13}, {"date": "2022-03-09-01-00-00", "latency": 13}]}, {"location": {"country_code": "us", "region": "New Jersey"}, "game_id": "295590", "values": [{"date": "2022-03-09-19-00-00", "latency": 8}]}, {"location": {"country_code": "mx"}, "game_id": "295590", "values": [{"date": "2022-03-09-04-00-00", "latency": 3}, {"date": "2022-03-10-00-00-00", "latency": 5}, {"date": "2022-03-10-01-00-00", "latency": 7}, {"date": "2022-03-09-04-00-00", "latency": 1}, {"date": "2022-03-09-07-00-00", "latency": 7}, {"date": "2022-03-09-06-00-00", "latency": 8}, {"date": "2022-03-09-04-00-00", "latency": 5}, {"date": "2022-03-09-23-00-00", "latency": 7}, {"date": "2022-03-09-04-00-00", "latency": 7}, {"date": "2022-03-09-08-00-00", "latency": 6}, {"date": "2022-03-09-09-00-00", "latency": 9}, {"date": "2022-03-09-09-00-00", "latency": 9}, {"date": "2022-03-09-02-00-00", "latency": 0}, {"date": "2022-03-09-05-00-00", "latency": 13}]}, {"location": {"country_code": "mx", "region": "Mexico City"}, "game_id": "295590", "values": [{"date": "2022-03-09-02-00-00", "latency": 7}, {"date": "2022-03-09-08-00-00", "latency": 1}, {"date": "2022-03-09-08-00-00", "latency": 1}, {"date": "2022-03-09-06-00-00", "latency": 4}, {"date": "2022-03-09-02-00-00", "latency": 9}, {"date": "2022-03-09-23-00-00", "latency": 8}, {"date": "2022-03-09-04-00-00", "latency": 4}]}, {"location": {"country_code": "us", "region": "Ohio"}, "game_id": "295590", "values": [{"date": "2022-03-09-01-00-00", "latency": 0}]}, {"location": {"country_code": "us", "region": "Ohio", "city": "Columbus"}, "game_id": "295590", "values": [{"date": "2022-03-10-01-00-00", "latency": 9}]}, {"location": {"country_code": "us", "region": "Iowa", "city": "Cincinnati"}, "game_id": "295590", "values": [{"date": "2022-03-09-17-00-00", "latency": 4}]}, {"location": {"country_code": "us", "region": "California"}, "game_id": "295590", "values": [{"date": "2022-03-09-04-00-00", "latency": 7}, {"date": "2022-03-09-08-00-00", "latency": 5}, {"date": "2022-03-09-08-00-00", "latency": 5}, {"date": "2022-03-09-08-00-00", "latency": 5}, {"date": "2022-03-09-08-00-00", "latency": 5}, {"date": "2022-03-09-08-00-00", "latency": 5}, {"date": "2022-03-09-08-00-00", "latency": 5}, {"date": "2022-03-10-00-00-00", "latency": 7}, {"date": "2022-03-09-05-00-00", "latency": 13}, {"date": "2022-03-09-06-00-00", "latency": 1}]}, {"location": {"country_code": "br"}, "game_id": "295590", "values": [{"date": "2022-03-09-03-00-00", "latency": 4}, {"date": "2022-03-10-01-00-00", "latency": 3}, {"date": "2022-03-09-15-00-00", "latency": 2}, {"date": "2022-03-09-15-00-00", "latency": 2}]}, {"location": {"country_code": "br", "region": "Paraiba", "city": "Santa Rita"}, "game_id": "295590", "values": [{"date": "2022-03-09-20-00-00", "latency": 8}]}, {"location": {"country_code": "br", "region": "Paraiba"}, "game_id": "295590", "values": [{"date": "2022-03-09-02-00-00", "latency": 8}]}, {"location": {"country_code": "se"}, "game_id": "295590", "values": [{"date": "2022-03-09-18-00-00", "latency": 4}, {"date": "2022-03-09-01-00-00", "latency": 3}, {"date": "2022-03-09-05-00-00", "latency": 8}, {"date": "2022-03-09-12-00-00", "latency": 9}]}, {"location": {"country_code": "us", "region": "California", "city": "Redondo Beach"}, "game_id": "295590", "values": [{"date": "2022-03-09-12-00-00", "latency": 8}]}, {"location": {"country_code": "au"}, "game_id": "295590", "values": [{"date": "2022-03-09-07-00-00", "latency": 10}, {"date": "2022-03-09-07-00-00", "latency": 10}, {"date": "2022-03-09-12-00-00", "latency": 2}]}, {"location": {"country_code": "br", "region": "Goias", "city": "Catalao"}, "game_id": "295590", "values": [{"date": "2022-03-09-16-00-00", "latency": 13}]}, {"location": {"country_code": "es", "region": "Madrid", "city": "Parla"}, "game_id": "295590", "values": [{"date": "2022-03-09-21-00-00", "latency": 5}]}, {"location": {"country_code": "tr", "region": "Ege Bolgesi", "city": "Buca"}, "game_id": "295590", "values": [{"date": "2022-03-09-15-00-00", "latency": 12}, {"date": "2022-03-09-15-00-00", "latency": 12}]}, {"location": {"country_code": "kr"}, "game_id": "295590", "values": [{"date": "2022-03-09-15-00-00", "latency": 10}, {"date": "2022-03-09-15-00-00", "latency": 10}, {"date": "2022-03-09-15-00-00", "latency": 10}, {"date": "2022-03-09-15-00-00", "latency": 10}, {"date": "2022-03-09-15-00-00", "latency": 10}, {"date": "2022-03-09-15-00-00", "latency": 10}, {"date": "2022-03-09-15-00-00", "latency": 10}, {"date": "2022-03-09-15-00-00", "latency": 10}, {"date": "2022-03-09-15-00-00", "latency": 10}, {"date": "2022-03-09-15-00-00", "latency": 10}]}, {"location": {"country_code": "es"}, "game_id": "295590", "values": [{"date": "2022-03-09-15-00-00", "latency": 3}, {"date": "2022-03-09-21-00-00", "latency": 45}, {"date": "2022-03-09-21-00-00", "latency": 45}, {"date": "2022-03-09-21-00-00", "latency": 45}, {"date": "2022-03-09-17-00-00", "latency": 8}]}, {"location": {"country_code": "ar"}, "game_id": "295590", "values": [{"date": "2022-03-10-00-00-00", "latency": 0}, {"date": "2022-03-09-16-00-00", "latency": 11}, {"date": "2022-03-09-18-00-00", "latency": 2}, {"date": "2022-03-09-18-00-00", "latency": 2}, {"date": "2022-03-09-18-00-00", "latency": 2}, {"date": "2022-03-09-05-00-00", "latency": 1}]}, {"location": {"country_code": "ar", "region": "Buenos Aires F.D.", "city": "Bahia Blanca"}, "game_id": "295590", "values": [{"date": "2022-03-09-07-00-00", "latency": 9}, {"date": "2022-03-10-00-00-00", "latency": 3}, {"date": "2022-03-09-02-00-00", "latency": 9}, {"date": "2022-03-09-21-00-00", "latency": 0}, {"date": "2022-03-09-04-00-00", "latency": 4}, {"date": "2022-03-10-01-00-00", "latency": 0}, {"date": "2022-03-09-23-00-00", "latency": 3}, {"date": "2022-03-10-01-00-00", "latency": 3}, {"date": "2022-03-10-01-00-00", "latency": 3}, {"date": "2022-03-10-01-00-00", "latency": 3}, {"date": "2022-03-10-01-00-00", "latency": 3}, {"date": "2022-03-10-01-00-00", "latency": 3}, {"date": "2022-03-10-01-00-00", "latency": 3}, {"date": "2022-03-10-01-00-00", "latency": 3}, {"date": "2022-03-10-01-00-00", "latency": 3}]}, {"location": {"country_code": "ar", "region": "Buenos Aires", "city": "Zarate"}, "game_id": "295590", "values": [{"date": "2022-03-09-02-00-00", "latency": 4}]}, {"location": {"country_code": "ar", "region": "Buenos Aires", "city": "Berazategui"}, "game_id": "295590", "values": [{"date": "2022-03-09-21-00-00", "latency": 0}]}, {"location": {"country_code": "jm"}, "game_id": "295590", "values": [{"date": "2022-03-09-06-00-00", "latency": 38}]}, {"location": {"country_code": "ru", "region": "Moscow", "city": "Zelenograd"}, "game_id": "295590", "values": [{"date": "2022-03-09-18-00-00", "latency": 25}]}, {"location": {"country_code": "br", "region": "Pernambuco", "city": "Pombos"}, "game_id": "295590", "values": [{"date": "2022-03-09-13-00-00", "latency": 46}]}, {"location": {"country_code": "us", "region": "Missouri", "city": "Downtown Kansas City"}, "game_id": "295590", "values": [{"date": "2022-03-09-03-00-00", "latency": 0}]}, {"location": {"country_code": "us", "region": "Michigan"}, "game_id": "295590", "values": [{"date": "2022-03-09-06-00-00", "latency": 9}, {"date": "2022-03-09-06-00-00", "latency": 9}, {"date": "2022-03-09-06-00-00", "latency": 9}, {"date": "2022-03-09-06-00-00", "latency": 9}, {"date": "2022-03-09-06-00-00", "latency": 9}, {"date": "2022-03-09-06-00-00", "latency": 9}, {"date": "2022-03-09-06-00-00", "latency": 9}, {"date": "2022-03-09-06-00-00", "latency": 9}, {"date": "2022-03-09-06-00-00", "latency": 9}, {"date": "2022-03-09-06-00-00", "latency": 9}, {"date": "2022-03-09-06-00-00", "latency": 9}, {"date": "2022-03-09-06-00-00", "latency": 9}, {"date": "2022-03-09-06-00-00", "latency": 9}, {"date": "2022-03-09-06-00-00", "latency": 9}, {"date": "2022-03-09-06-00-00", "latency": 9}]}, {"location": {"country_code": "mx", "region": "Puebla"}, "game_id": "295590", "values": [{"date": "2022-03-09-05-00-00", "latency": 1}, {"date": "2022-03-10-00-00-00", "latency": 6}]}, {"location": {"country_code": "co"}, "game_id": "295590", "values": [{"date": "2022-03-09-05-00-00", "latency": 8}, {"date": "2022-03-09-05-00-00", "latency": 8}, {"date": "2022-03-10-00-00-00", "latency": 3}, {"date": "2022-03-10-00-00-00", "latency": 23}]}, {"location": {"country_code": "us", "region": "Arizona"}, "game_id": "295590", "values": [{"date": "2022-03-09-04-00-00", "latency": 9}]}, {"location": {"country_code": "us", "region": "California", "city": "Chula Vista"}, "game_id": "295590", "values": [{"date": "2022-03-09-13-00-00", "latency": 2}, {"date": "2022-03-09-13-00-00", "latency": 2}, {"date": "2022-03-09-13-00-00", "latency": 2}, {"date": "2022-03-09-13-00-00", "latency": 2}, {"date": "2022-03-09-13-00-00", "latency": 2}]}, {"location": {"country_code": "pl"}, "game_id": "295590", "values": [{"date": "2022-03-09-20-00-00", "latency": 7}]}, {"location": {"country_code": "tr", "region": "Karadeniz Bolgesi"}, "game_id": "295590", "values": [{"date": "2022-03-09-02-00-00", "latency": 5}]}, {"location": {"country_code": "be"}, "game_id": "295590", "values": [{"date": "2022-03-09-23-00-00", "latency": 113}, {"date": "2022-03-09-23-00-00", "latency": 113}, {"date": "2022-03-09-23-00-00", "latency": 113}, {"date": "2022-03-09-23-00-00", "latency": 113}, {"date": "2022-03-09-23-00-00", "latency": 113}, {"date": "2022-03-09-23-00-00", "latency": 113}]}, {"location": {"country_code": "us", "region": "North Carolina"}, "game_id": "295590", "values": [{"date": "2022-03-09-16-00-00", "latency": 0}]}, {"location": {"country_code": "us", "region": "Nevada", "city": "Las Vegas"}, "game_id": "295590", "values": [{"date": "2022-03-09-08-00-00", "latency": 8}, {"date": "2022-03-09-08-00-00", "latency": 8}]}, {"location": {"country_code": "cr"}, "game_id": "295590", "values": [{"date": "2022-03-09-01-00-00", "latency": 7}]}, {"location": {"country_code": "pe"}, "game_id": "295590", "values": [{"date": "2022-03-09-03-00-00", "latency": 12}]}, {"location": {"country_code": "es", "region": "Canary Islands", "city": "Santa Cruz de Tenerife"}, "game_id": "295590", "values": [{"date": "2022-03-09-02-00-00", "latency": 7}]}, {"location": {"country_code": "tr", "region": "Marmara Bolgesi", "city": "Istanbul"}, "game_id": "295590", "values": [{"date": "2022-03-10-00-00-00", "latency": 1}, {"date": "2022-03-10-00-00-00", "latency": 6}]}, {"location": {"country_code": "us", "region": "District of Columbia", "city": "Washington"}, "game_id": "295590", "values": [{"date": "2022-03-09-12-00-00", "latency": 6}]}, {"location": {"country_code": "ca", "region": "Ontario", "city": "Toronto"}, "game_id": "295590", "values": [{"date": "2022-03-09-05-00-00", "latency": 1}, {"date": "2022-03-09-21-00-00", "latency": 14}]}, {"location": {"country_code": "us", "region": "Wisconsin"}, "game_id": "295590", "values": [{"date": "2022-03-09-10-00-00", "latency": 5}, {"date": "2022-03-09-10-00-00", "latency": 5}]}, {"location": {"country_code": "us", "region": "Pennsylvania"}, "game_id": "295590", "values": [{"date": "2022-03-09-03-00-00", "latency": 1804}]}, {"location": {"country_code": "br", "region": "Rio Grande do Sul", "city": "Porto Alegre"}, "game_id": "295590", "values": [{"date": "2022-03-10-00-00-00", "latency": 9}, {"date": "2022-03-10-00-00-00", "latency": 9}, {"date": "2022-03-09-22-00-00", "latency": 4}, {"date": "2022-03-09-22-00-00", "latency": 4}]}, {"location": {"country_code": "us", "region": "Colorado"}, "game_id": "295590", "values": [{"date": "2022-03-09-09-00-00", "latency": 7}]}, {"location": {"country_code": "br", "region": "State of Rio de Janeiro", "city": "Angra dos Reis"}, "game_id": "295590", "values": [{"date": "2022-03-09-03-00-00", "latency": 10}]}, {"location": {"country_code": "fr", "region": "Ile-de-France Region", "city": "Paris"}, "game_id": "295590", "values": [{"date": "2022-03-09-14-00-00", "latency": 0}]}, {"location": {"country_code": "br", "region": "Rio Grande do Sul"}, "game_id": "295590", "values": [{"date": "2022-03-09-19-00-00", "latency": 4}, {"date": "2022-03-09-19-00-00", "latency": 4}, {"date": "2022-03-09-19-00-00", "latency": 4}]}, {"location": {"country_code": "ca", "region": "Alberta", "city": "Edmonton"}, "game_id": "295590", "values": [{"date": "2022-03-09-06-00-00", "latency": 7}]}, {"location": {"country_code": "br", "region": "Pernambuco", "city": "Olinda"}, "game_id": "295590", "values": [{"date": "2022-03-09-17-00-00", "latency": 7}]}, {"location": {"country_code": "us", "region": "Massachusetts", "city": "Boston"}, "game_id": "295590", "values": [{"date": "2022-03-09-05-00-00", "latency": 4}]}, {"location": {"country_code": "us", "region": "Colorado", "city": "Denver"}, "game_id": "295590", "values": [{"date": "2022-03-09-09-00-00", "latency": 6}]}, {"location": {"country_code": "pe", "region": "Lima region", "city": "Lima"}, "game_id": "295590", "values": [{"date": "2022-03-09-06-00-00", "latency": 15}]}, {"location": {"country_code": "mx", "region": "Jalisco", "city": "Guadalajara"}, "game_id": "295590", "values": [{"date": "2022-03-10-01-00-00", "latency": 2}]}, {"location": {"country_code": "pt", "region": "Lisbon District", "city": "Amadora"}, "game_id": "295590", "values": [{"date": "2022-03-09-03-00-00", "latency": 20}]}, {"location": {"country_code": "hn"}, "game_id": "295590", "values": [{"date": "2022-03-09-05-00-00", "latency": 5}, {"date": "2022-03-09-05-00-00", "latency": 5}]}, {"location": {"country_code": "ca", "region": "Quebec"}, "game_id": "295590", "values": [{"date": "2022-03-09-20-00-00", "latency": 34}, {"date": "2022-03-09-20-00-00", "latency": 34}]}, {"location": {"country_code": "us", "region": "Tennessee", "city": "Nashville"}, "game_id": "295590", "values": [{"date": "2022-03-09-21-00-00", "latency": 8}]}, {"location": {"country_code": "fr", "region": "Provence-Alpes-Cote d'Azur Region", "city": "Marseille"}, "game_id": "295590", "values": [{"date": "2022-03-10-00-00-00", "latency": 6}]}, {"location": {"country_code": "ar", "region": "Tucuman Province", "city": "San Miguel de Tucuman"}, "game_id": "295590", "values": [{"date": "2022-03-09-02-00-00", "latency": 29}]}, {"location": {"country_code": "de", "region": "Saxony", "city": "Leipzig"}, "game_id": "295590", "values": [{"date": "2022-03-09-21-00-00", "latency": 3}]}, {"location": {"country_code": "de", "region": "Brandenburg"}, "game_id": "295590", "values": [{"date": "2022-03-09-20-00-00", "latency": 2}]}, {"location": {"country_code": "ar", "region": "Cordoba Province", "city": "Rio Cuarto"}, "game_id": "295590", "values": [{"date": "2022-03-09-07-00-00", "latency": 9}]}, {"location": {"country_code": "br", "region": "Santa Catarina"}, "game_id": "295590", "values": [{"date": "2022-03-09-03-00-00", "latency": 1}]}, {"location": {"country_code": "de", "region": "Bavaria", "city": "Munich"}, "game_id": "295590", "values": [{"date": "2022-03-09-18-00-00", "latency": 2}]}, {"location": {"country_code": "br", "region": "Para"}, "game_id": "295590", "values": [{"date": "2022-03-09-04-00-00", "latency": 1}]}, {"location": {"country_code": "br", "region": "Estado de Bahia"}, "game_id": "295590", "values": [{"date": "2022-03-10-00-00-00", "latency": 3}, {"date": "2022-03-10-00-00-00", "latency": 3}, {"date": "2022-03-10-00-00-00", "latency": 3}, {"date": "2022-03-10-00-00-00", "latency": 3}]}, {"location": {"country_code": "gb", "region": "England", "city": "Ely"}, "game_id": "295590", "values": [{"date": "2022-03-09-18-00-00", "latency": 105}, {"date": "2022-03-09-18-00-00", "latency": 105}]}, {"location": {"country_code": "br", "region": "Amazonas", "city": "Manaus"}, "game_id": "295590", "values": [{"date": "2022-03-09-02-00-00", "latency": 7}]}, {"location": {"country_code": "es", "region": "Valencia", "city": "Elx / Elche"}, "game_id": "295590", "values": [{"date": "2022-03-09-23-00-00", "latency": 6}, {"date": "2022-03-09-23-00-00", "latency": 6}, {"date": "2022-03-09-23-00-00", "latency": 6}, {"date": "2022-03-09-23-00-00", "latency": 6}, {"date": "2022-03-09-23-00-00", "latency": 6}, {"date": "2022-03-09-14-00-00", "latency": 0}]}, {"location": {"country_code": "de", "region": "Schleswig-Holstein"}, "game_id": "295590", "values": [{"date": "2022-03-09-21-00-00", "latency": 2}]}, {"location": {"country_code": "br", "region": "Espirito Santo"}, "game_id": "295590", "values": [{"date": "2022-03-09-02-00-00", "latency": 0}]}, {"location": {"country_code": "br", "region": "Para", "city": "Tailandia"}, "game_id": "295590", "values": [{"date": "2022-03-09-20-00-00", "latency": 60}, {"date": "2022-03-09-20-00-00", "latency": 60}, {"date": "2022-03-09-20-00-00", "latency": 60}, {"date": "2022-03-09-20-00-00", "latency": 60}]}, {"location": {"country_code": "us", "region": "North Dakota"}, "game_id": "295590", "values": [{"date": "2022-03-09-05-00-00", "latency": 5}]}, {"location": {"country_code": "pl", "region": "Masovian Voivodeship", "city": "Warsaw"}, "game_id": "295590", "values": [{"date": "2022-03-09-17-00-00", "latency": 2}, {"date": "2022-03-09-17-00-00", "latency": 2}]}, {"location": {"country_code": "us", "region": "Nevada"}, "game_id": "295590", "values": [{"date": "2022-03-09-03-00-00", "latency": 7}]}, {"location": {"country_code": "ru", "region": "Leningrad", "city": "Saint Petersburg"}, "game_id": "295590", "values": [{"date": "2022-03-09-20-00-00", "latency": 53}, {"date": "2022-03-09-20-00-00", "latency": 53}, {"date": "2022-03-09-20-00-00", "latency": 53}, {"date": "2022-03-09-20-00-00", "latency": 53}]}, {"location": {"country_code": "fr", "region": "Centre-Val de Loire", "city": "Orleans"}, "game_id": "295590", "values": [{"date": "2022-03-10-01-00-00", "latency": 3}]}, {"location": {"country_code": "es", "region": "Andalusia", "city": "La Linea de la Concepcion"}, "game_id": "295590", "values": [{"date": "2022-03-09-01-00-00", "latency": 0}]}, {"location": {"country_code": "mx", "region": "Jalisco"}, "game_id": "295590", "values": [{"date": "2022-03-09-12-00-00", "latency": 1}]}, {"location": {"country_code": "al"}, "game_id": "295590", "values": [{"date": "2022-03-09-05-00-00", "latency": 7}]}, {"location": {"country_code": "mx", "region": "Oaxaca"}, "game_id": "295590", "values": [{"date": "2022-03-09-08-00-00", "latency": 0}]}, {"location": {"country_code": "eg", "region": "Cairo Governorate", "city": "15 de Maio, , "}, "game_id": "295590", "values": [{"date": "2022-03-09-04-00-00", "latency": 1}]}, {"location": {"country_code": "ar", "region": "Buenos Aires", "city": "Castelar"}, "game_id": "295590", "values": [{"date": "2022-03-09-17-00-00", "latency": 8}, {"date": "2022-03-09-17-00-00", "latency": 8}, {"date": "2022-03-09-17-00-00", "latency": 8}, {"date": "2022-03-09-17-00-00", "latency": 8}]}, {"location": {"country_code": "dk", "region": "Region Zealand", "city": "Nstved"}, "game_id": "295590", "values": [{"date": "2022-03-09-15-00-00", "latency": 4}]}, {"location": {"country_code": "br", "region": "Minas Gerais", "city": "Pocos de Caldas"}, "game_id": "295590", "values": [{"date": "2022-03-09-17-00-00", "latency": 7}]}, {"location": {"country_code": "br", "region": "Sao Paulo", "city": "Sao Simao"}, "game_id": "295590", "values": [{"date": "2022-03-09-03-00-00", "latency": 1}]}, {"location": {"country_code": "br", "region": "Sao Paulo", "city": "Lavinia"}, "game_id": "295590", "values": [{"date": "2022-03-09-01-00-00", "latency": 2}]}, {"location": {"country_code": "br", "region": "Estado de Bahia", "city": "Almadina"}, "game_id": "295590", "values": [{"date": "2022-03-10-00-00-00", "latency": 8}]}, {"location": {"country_code": "pl", "region": "Pomeranian Voivodeship", "city": "Tczew"}, "game_id": "295590", "values": [{"date": "2022-03-09-14-00-00", "latency": 4}, {"date": "2022-03-09-14-00-00", "latency": 4}, {"date": "2022-03-09-14-00-00", "latency": 4}, {"date": "2022-03-09-14-00-00", "latency": 4}, {"date": "2022-03-09-14-00-00", "latency": 4}, {"date": "2022-03-09-14-00-00", "latency": 4}, {"date": "2022-03-09-14-00-00", "latency": 4}, {"date": "2022-03-09-14-00-00", "latency": 4}, {"date": "2022-03-09-14-00-00", "latency": 4}, {"date": "2022-03-09-14-00-00", "latency": 4}, {"date": "2022-03-09-14-00-00", "latency": 4}, {"date": "2022-03-09-14-00-00", "latency": 4}]}, {"location": {"country_code": "ar", "region": "Buenos Aires", "city": "Berisso"}, "game_id": "295590", "values": [{"date": "2022-03-09-08-00-00", "latency": 7}]}, {"location": {"country_code": "br", "region": "Rio Grande do Sul", "city": "Crissiumal"}, "game_id": "295590", "values": [{"date": "2022-03-09-04-00-00", "latency": 1}, {"date": "2022-03-09-04-00-00", "latency": 1}]}, {"location": {"country_code": "br", "region": "Mato Grosso", "city": "Rondonopolis"}, "game_id": "295590", "values": [{"date": "2022-03-09-08-00-00", "latency": 7}, {"date": "2022-03-09-08-00-00", "latency": 7}, {"date": "2022-03-09-08-00-00", "latency": 7}, {"date": "2022-03-09-16-00-00", "latency": 4}]}, {"location": {"country_code": "fr", "region": "Brittany Region", "city": "Saint-Malo"}, "game_id": "295590", "values": [{"date": "2022-03-09-23-00-00", "latency": 7}]}, {"location": {"country_code": "de", "region": "Schleswig-Holstein", "city": "Travemunde"}, "game_id": "295590", "values": [{"date": "2022-03-09-22-00-00", "latency": 7}, {"date": "2022-03-09-22-00-00", "latency": 7}]}, {"location": {"country_code": "uy", "region": "Treinta y Tres Department"}, "game_id": "295590", "values": [{"date": "2022-03-09-06-00-00", "latency": 4}]}, {"location": {"country_code": "be", "region": "Hainaut Province", "city": "Soignies"}, "game_id": "295590", "values": [{"date": "2022-03-09-16-00-00", "latency": 4}]}, {"location": {"country_code": "ar", "region": "Santa Fe Province", "city": "Arroyo Seco"}, "game_id": "295590", "values": [{"date": "2022-03-09-03-00-00", "latency": 2}]}, {"location": {"country_code": "sk", "region": "Nitra Region", "city": "Nove Zamky"}, "game_id": "295590", "values": [{"date": "2022-03-10-01-00-00", "latency": 24}, {"date": "2022-03-10-01-00-00", "latency": 24}, {"date": "2022-03-10-01-00-00", "latency": 24}]}], "last_updated": 1719919200.694843}