{"data": [{"location": {"country_code": "nz"}, "game_id": "295590", "values": [{"date": "2022-03-16-06-00-00", "latency": 2}, {"date": "2022-03-16-06-00-00", "latency": 2}, {"date": "2022-03-16-12-00-00", "latency": 12}]}, {"location": {"country_code": "us"}, "game_id": "295590", "values": [{"date": "2022-03-16-04-00-00", "latency": 9}, {"date": "2022-03-16-04-00-00", "latency": 8}, {"date": "2022-03-16-19-00-00", "latency": 9}, {"date": "2022-03-16-03-00-00", "latency": 13}, {"date": "2022-03-16-03-00-00", "latency": 13}, {"date": "2022-03-16-03-00-00", "latency": 13}, {"date": "2022-03-16-03-00-00", "latency": 13}, {"date": "2022-03-16-16-00-00", "latency": 16}, {"date": "2022-03-16-05-00-00", "latency": 5}]}, {"location": {"country_code": "us", "region": "New York", "city": "Jamestown"}, "game_id": "295590", "values": [{"date": "2022-03-17-00-00-00", "latency": 3}]}, {"location": {"country_code": "gb", "region": "Northern Ireland", "city": "Belfast"}, "game_id": "295590", "values": [{"date": "2022-03-16-18-00-00", "latency": 2}]}, {"location": {"country_code": "nl"}, "game_id": "295590", "values": [{"date": "2022-03-16-14-00-00", "latency": 0}]}, {"location": {"country_code": "nl", "region": "Province of Groningen", "city": "Groningen"}, "game_id": "295590", "values": [{"date": "2022-03-16-14-00-00", "latency": 1}]}, {"location": {"country_code": "ro"}, "game_id": "295590", "values": [{"date": "2022-03-16-21-00-00", "latency": 2}]}, {"location": {"country_code": "za"}, "game_id": "295590", "values": [{"date": "2022-03-16-04-00-00", "latency": 13}]}, {"location": {"country_code": "ca"}, "game_id": "295590", "values": [{"date": "2022-03-16-10-00-00", "latency": 8}, {"date": "2022-03-16-10-00-00", "latency": 8}, {"date": "2022-03-16-10-00-00", "latency": 8}, {"date": "2022-03-16-04-00-00", "latency": 3}]}, {"location": {"country_code": "ca", "region": "Ontario", "city": "Toronto"}, "game_id": "295590", "values": [{"date": "2022-03-17-00-00-00", "latency": 24}]}, {"location": {"country_code": "de"}, "game_id": "295590", "values": [{"date": "2022-03-17-00-00-00", "latency": 0}, {"date": "2022-03-16-18-00-00", "latency": 6}, {"date": "2022-03-16-16-00-00", "latency": 1525}, {"date": "2022-03-16-16-00-00", "latency": 1525}, {"date": "2022-03-16-21-00-00", "latency": 54}, {"date": "2022-03-16-21-00-00", "latency": 54}, {"date": "2022-03-16-21-00-00", "latency": 54}, {"date": "2022-03-16-21-00-00", "latency": 54}, {"date": "2022-03-16-21-00-00", "latency": 54}, {"date": "2022-03-16-21-00-00", "latency": 54}, {"date": "2022-03-16-21-00-00", "latency": 54}, {"date": "2022-03-16-20-00-00", "latency": 25}, {"date": "2022-03-16-20-00-00", "latency": 25}, {"date": "2022-03-16-20-00-00", "latency": 25}, {"date": "2022-03-16-20-00-00", "latency": 25}, {"date": "2022-03-16-20-00-00", "latency": 25}, {"date": "2022-03-16-20-00-00", "latency": 25}]}, {"location": {"country_code": "us", "region": "Indiana"}, "game_id": "295590", "values": [{"date": "2022-03-17-00-00-00", "latency": 0}]}, {"location": {"country_code": "cl"}, "game_id": "295590", "values": [{"date": "2022-03-16-03-00-00", "latency": 2}]}, {"location": {"country_code": "us", "region": "Texas"}, "game_id": "295590", "values": [{"date": "2022-03-16-05-00-00", "latency": 3}, {"date": "2022-03-17-01-00-00", "latency": 3}]}, {"location": {"country_code": "us", "region": "Florida"}, "game_id": "295590", "values": [{"date": "2022-03-17-00-00-00", "latency": 4}, {"date": "2022-03-16-03-00-00", "latency": 8}]}, {"location": {"country_code": "ph"}, "game_id": "295590", "values": [{"date": "2022-03-16-10-00-00", "latency": 3}, {"date": "2022-03-16-10-00-00", "latency": 3}]}, {"location": {"country_code": "us", "region": "Kansas"}, "game_id": "295590", "values": [{"date": "2022-03-16-09-00-00", "latency": 1}, {"date": "2022-03-16-09-00-00", "latency": 1}]}, {"location": {"country_code": "us", "region": "New Jersey"}, "game_id": "295590", "values": [{"date": "2022-03-16-10-00-00", "latency": 8}]}, {"location": {"country_code": "mx"}, "game_id": "295590", "values": [{"date": "2022-03-16-08-00-00", "latency": 1}, {"date": "2022-03-16-06-00-00", "latency": 8}, {"date": "2022-03-16-06-00-00", "latency": 6}, {"date": "2022-03-16-19-00-00", "latency": 1}, {"date": "2022-03-16-19-00-00", "latency": 1}, {"date": "2022-03-16-19-00-00", "latency": 1}, {"date": "2022-03-16-09-00-00", "latency": 2}, {"date": "2022-03-16-06-00-00", "latency": 1}, {"date": "2022-03-16-06-00-00", "latency": 7}]}, {"location": {"country_code": "mx", "region": "Mexico City"}, "game_id": "295590", "values": [{"date": "2022-03-16-04-00-00", "latency": 8}, {"date": "2022-03-16-09-00-00", "latency": 5}]}, {"location": {"country_code": "us", "region": "Ohio"}, "game_id": "295590", "values": [{"date": "2022-03-17-00-00-00", "latency": 8}, {"date": "2022-03-16-03-00-00", "latency": 3}]}, {"location": {"country_code": "us", "region": "Iowa", "city": "Cincinnati"}, "game_id": "295590", "values": [{"date": "2022-03-16-15-00-00", "latency": 6}, {"date": "2022-03-16-15-00-00", "latency": 6}, {"date": "2022-03-16-15-00-00", "latency": 6}]}, {"location": {"country_code": "us", "region": "California"}, "game_id": "295590", "values": [{"date": "2022-03-16-03-00-00", "latency": 4377}, {"date": "2022-03-16-04-00-00", "latency": 3}, {"date": "2022-03-16-04-00-00", "latency": 3}]}, {"location": {"country_code": "br"}, "game_id": "295590", "values": [{"date": "2022-03-16-12-00-00", "latency": 0}, {"date": "2022-03-16-12-00-00", "latency": 0}, {"date": "2022-03-17-00-00-00", "latency": 4}, {"date": "2022-03-17-00-00-00", "latency": 4}]}, {"location": {"country_code": "br", "region": "Sao Paulo", "city": "Apiai"}, "game_id": "295590", "values": [{"date": "2022-03-16-05-00-00", "latency": 2}, {"date": "2022-03-16-05-00-00", "latency": 2}]}, {"location": {"country_code": "se"}, "game_id": "295590", "values": [{"date": "2022-03-16-06-00-00", "latency": 9}, {"date": "2022-03-16-06-00-00", "latency": 9}, {"date": "2022-03-16-20-00-00", "latency": 5}, {"date": "2022-03-16-13-00-00", "latency": 3}]}, {"location": {"country_code": "ca", "region": "British Columbia", "city": "Richmond"}, "game_id": "295590", "values": [{"date": "2022-03-16-04-00-00", "latency": 36}, {"date": "2022-03-16-04-00-00", "latency": 36}]}, {"location": {"country_code": "us", "region": "California", "city": "San Francisco"}, "game_id": "295590", "values": [{"date": "2022-03-16-07-00-00", "latency": 5}]}, {"location": {"country_code": "ec"}, "game_id": "295590", "values": [{"date": "2022-03-16-05-00-00", "latency": 0}]}, {"location": {"country_code": "au"}, "game_id": "295590", "values": [{"date": "2022-03-16-13-00-00", "latency": 7}]}, {"location": {"country_code": "dk"}, "game_id": "295590", "values": [{"date": "2022-03-16-13-00-00", "latency": 3}]}, {"location": {"country_code": "kr"}, "game_id": "295590", "values": [{"date": "2022-03-16-13-00-00", "latency": 13}, {"date": "2022-03-16-13-00-00", "latency": 13}, {"date": "2022-03-16-13-00-00", "latency": 13}, {"date": "2022-03-16-13-00-00", "latency": 13}, {"date": "2022-03-16-13-00-00", "latency": 13}, {"date": "2022-03-16-13-00-00", "latency": 13}, {"date": "2022-03-16-13-00-00", "latency": 13}, {"date": "2022-03-16-13-00-00", "latency": 13}, {"date": "2022-03-16-14-00-00", "latency": 11}, {"date": "2022-03-16-14-00-00", "latency": 11}, {"date": "2022-03-16-14-00-00", "latency": 11}, {"date": "2022-03-16-14-00-00", "latency": 11}]}, {"location": {"country_code": "es"}, "game_id": "295590", "values": [{"date": "2022-03-16-15-00-00", "latency": 4}]}, {"location": {"country_code": "ar"}, "game_id": "295590", "values": [{"date": "2022-03-17-01-00-00", "latency": 138}, {"date": "2022-03-17-01-00-00", "latency": 138}, {"date": "2022-03-16-07-00-00", "latency": 9}, {"date": "2022-03-16-07-00-00", "latency": 9}]}, {"location": {"country_code": "ar", "region": "Buenos Aires", "city": "Berazategui"}, "game_id": "295590", "values": [{"date": "2022-03-16-03-00-00", "latency": 0}]}, {"location": {"country_code": "us", "region": "Massachusetts"}, "game_id": "295590", "values": [{"date": "2022-03-16-04-00-00", "latency": 15}]}, {"location": {"country_code": "ru", "region": "Moscow", "city": "Zelenograd"}, "game_id": "295590", "values": [{"date": "2022-03-16-18-00-00", "latency": 11}, {"date": "2022-03-16-20-00-00", "latency": 9}]}, {"location": {"country_code": "ar", "region": "Buenos Aires F.D.", "city": "Bahia Blanca"}, "game_id": "295590", "values": [{"date": "2022-03-16-02-00-00", "latency": 92}, {"date": "2022-03-16-02-00-00", "latency": 92}, {"date": "2022-03-16-02-00-00", "latency": 92}, {"date": "2022-03-16-16-00-00", "latency": 4}, {"date": "2022-03-16-07-00-00", "latency": 29}, {"date": "2022-03-16-07-00-00", "latency": 29}, {"date": "2022-03-16-05-00-00", "latency": 2}, {"date": "2022-03-16-02-00-00", "latency": 7}, {"date": "2022-03-16-09-00-00", "latency": 20}, {"date": "2022-03-16-09-00-00", "latency": 20}]}, {"location": {"country_code": "us", "region": "Missouri"}, "game_id": "295590", "values": [{"date": "2022-03-16-02-00-00", "latency": 3}]}, {"location": {"country_code": "br", "region": "Pernambuco"}, "game_id": "295590", "values": [{"date": "2022-03-16-01-00-00", "latency": 1}]}, {"location": {"country_code": "jp", "region": "Tokyo"}, "game_id": "295590", "values": [{"date": "2022-03-16-10-00-00", "latency": 54}, {"date": "2022-03-16-10-00-00", "latency": 54}, {"date": "2022-03-16-10-00-00", "latency": 54}, {"date": "2022-03-16-10-00-00", "latency": 54}, {"date": "2022-03-16-10-00-00", "latency": 54}]}, {"location": {"country_code": "us", "region": "Texas", "city": "Houston"}, "game_id": "295590", "values": [{"date": "2022-03-16-19-00-00", "latency": 8}]}, {"location": {"country_code": "au", "region": "South Australia", "city": "Adelaide"}, "game_id": "295590", "values": [{"date": "2022-03-16-13-00-00", "latency": 8}, {"date": "2022-03-16-13-00-00", "latency": 8}, {"date": "2022-03-16-13-00-00", "latency": 8}]}, {"location": {"country_code": "us", "region": "Alaska"}, "game_id": "295590", "values": [{"date": "2022-03-16-08-00-00", "latency": 158}]}, {"location": {"country_code": "at", "region": "Vienna"}, "game_id": "295590", "values": [{"date": "2022-03-16-15-00-00", "latency": 9}]}, {"location": {"country_code": "mx", "region": "Puebla"}, "game_id": "295590", "values": [{"date": "2022-03-16-21-00-00", "latency": 6}, {"date": "2022-03-16-21-00-00", "latency": 6}]}, {"location": {"country_code": "co"}, "game_id": "295590", "values": [{"date": "2022-03-16-21-00-00", "latency": 7}, {"date": "2022-03-16-02-00-00", "latency": 2}, {"date": "2022-03-16-03-00-00", "latency": 6}, {"date": "2022-03-16-03-00-00", "latency": 6}, {"date": "2022-03-16-03-00-00", "latency": 6}, {"date": "2022-03-16-03-00-00", "latency": 6}, {"date": "2022-03-16-03-00-00", "latency": 6}]}, {"location": {"country_code": "br", "region": "Estado de Bahia", "city": "Salvador"}, "game_id": "295590", "values": [{"date": "2022-03-16-18-00-00", "latency": 11}]}, {"location": {"country_code": "us", "region": "Arizona", "city": "Sierra Vista"}, "game_id": "295590", "values": [{"date": "2022-03-16-07-00-00", "latency": 35}, {"date": "2022-03-16-07-00-00", "latency": 35}]}, {"location": {"country_code": "cn"}, "game_id": "295590", "values": [{"date": "2022-03-16-15-00-00", "latency": 23}, {"date": "2022-03-16-15-00-00", "latency": 23}]}, {"location": {"country_code": "es", "region": "Catalonia", "city": "l'Hospitalet de Llobregat"}, "game_id": "295590", "values": [{"date": "2022-03-16-13-00-00", "latency": 11}, {"date": "2022-03-16-01-00-00", "latency": 2}, {"date": "2022-03-16-01-00-00", "latency": 2}]}, {"location": {"country_code": "us", "region": "Puerto Rico"}, "game_id": "295590", "values": [{"date": "2022-03-16-17-00-00", "latency": 4}]}, {"location": {"country_code": "be"}, "game_id": "295590", "values": [{"date": "2022-03-16-18-00-00", "latency": 4}]}, {"location": {"country_code": "us", "region": "Nevada", "city": "Las Vegas"}, "game_id": "295590", "values": [{"date": "2022-03-16-05-00-00", "latency": 8}, {"date": "2022-03-16-05-00-00", "latency": 8}, {"date": "2022-03-16-06-00-00", "latency": 0}, {"date": "2022-03-16-08-00-00", "latency": 9}, {"date": "2022-03-16-08-00-00", "latency": 9}]}, {"location": {"country_code": "pe"}, "game_id": "295590", "values": [{"date": "2022-03-16-07-00-00", "latency": 6}]}, {"location": {"country_code": "br", "region": "Minas Gerais"}, "game_id": "295590", "values": [{"date": "2022-03-17-00-00-00", "latency": 17}, {"date": "2022-03-17-00-00-00", "latency": 17}, {"date": "2022-03-17-00-00-00", "latency": 17}]}, {"location": {"country_code": "es", "region": "Canary Islands", "city": "Santa Cruz de Tenerife"}, "game_id": "295590", "values": [{"date": "2022-03-16-03-00-00", "latency": 4}]}, {"location": {"country_code": "tr", "region": "Marmara Bolgesi", "city": "Istanbul"}, "game_id": "295590", "values": [{"date": "2022-03-16-17-00-00", "latency": 5}]}, {"location": {"country_code": "ru"}, "game_id": "295590", "values": [{"date": "2022-03-16-21-00-00", "latency": 3}, {"date": "2022-03-16-21-00-00", "latency": 3}]}, {"location": {"country_code": "br", "region": "Pernambuco", "city": "Pombos"}, "game_id": "295590", "values": [{"date": "2022-03-16-08-00-00", "latency": 2}, {"date": "2022-03-16-08-00-00", "latency": 2}]}, {"location": {"country_code": "us", "region": "Wisconsin"}, "game_id": "295590", "values": [{"date": "2022-03-16-21-00-00", "latency": 8}, {"date": "2022-03-16-21-00-00", "latency": 8}, {"date": "2022-03-16-02-00-00", "latency": 3}]}, {"location": {"country_code": "mx", "region": "Nuevo Leon", "city": "Monterrey"}, "game_id": "295590", "values": [{"date": "2022-03-16-06-00-00", "latency": 0}, {"date": "2022-03-16-06-00-00", "latency": 0}, {"date": "2022-03-16-06-00-00", "latency": 0}]}, {"location": {"country_code": "au", "region": "Western Australia", "city": "Perth"}, "game_id": "295590", "values": [{"date": "2022-03-16-12-00-00", "latency": 47}, {"date": "2022-03-16-12-00-00", "latency": 47}, {"date": "2022-03-16-12-00-00", "latency": 47}, {"date": "2022-03-16-12-00-00", "latency": 47}, {"date": "2022-03-16-12-00-00", "latency": 47}]}, {"location": {"country_code": "br", "region": "Rio Grande do Sul", "city": "Porto Alegre"}, "game_id": "295590", "values": [{"date": "2022-03-17-00-00-00", "latency": 8}, {"date": "2022-03-17-00-00-00", "latency": 8}, {"date": "2022-03-16-06-00-00", "latency": 3}]}, {"location": {"country_code": "pt"}, "game_id": "295590", "values": [{"date": "2022-03-16-19-00-00", "latency": 1}, {"date": "2022-03-16-19-00-00", "latency": 1}, {"date": "2022-03-16-17-00-00", "latency": 14}, {"date": "2022-03-16-17-00-00", "latency": 14}]}, {"location": {"country_code": "us", "region": "Colorado"}, "game_id": "295590", "values": [{"date": "2022-03-16-10-00-00", "latency": 9}]}, {"location": {"country_code": "tr", "region": "Marmara Bolgesi", "city": "Bursa"}, "game_id": "295590", "values": [{"date": "2022-03-16-21-00-00", "latency": 21}, {"date": "2022-03-16-21-00-00", "latency": 21}, {"date": "2022-03-16-21-00-00", "latency": 21}]}, {"location": {"country_code": "br", "region": "State of Rio de Janeiro", "city": "Angra dos Reis"}, "game_id": "295590", "values": [{"date": "2022-03-16-04-00-00", "latency": 3}, {"date": "2022-03-16-04-00-00", "latency": 3}, {"date": "2022-03-16-05-00-00", "latency": 8}, {"date": "2022-03-16-20-00-00", "latency": 5}]}, {"location": {"country_code": "us", "region": "Minnesota"}, "game_id": "295590", "values": [{"date": "2022-03-16-19-00-00", "latency": 5}, {"date": "2022-03-16-02-00-00", "latency": 0}]}, {"location": {"country_code": "us", "region": "Tennessee"}, "game_id": "295590", "values": [{"date": "2022-03-16-08-00-00", "latency": 8}, {"date": "2022-03-16-08-00-00", "latency": 8}]}, {"location": {"country_code": "uy"}, "game_id": "295590", "values": [{"date": "2022-03-17-01-00-00", "latency": 4}]}, {"location": {"country_code": "ar", "region": "Cordoba Province", "city": "Rio Cuarto"}, "game_id": "295590", "values": [{"date": "2022-03-16-05-00-00", "latency": 9}, {"date": "2022-03-16-11-00-00", "latency": 4}]}, {"location": {"country_code": "us", "region": "Massachusetts", "city": "Boston"}, "game_id": "295590", "values": [{"date": "2022-03-16-08-00-00", "latency": 4}, {"date": "2022-03-16-08-00-00", "latency": 4}]}, {"location": {"country_code": "us", "region": "Arizona", "city": "Phoenix"}, "game_id": "295590", "values": [{"date": "2022-03-16-07-00-00", "latency": 28}]}, {"location": {"country_code": "kw"}, "game_id": "295590", "values": [{"date": "2022-03-16-10-00-00", "latency": 12}]}, {"location": {"country_code": "us", "region": "Maryland"}, "game_id": "295590", "values": [{"date": "2022-03-16-01-00-00", "latency": 3}]}, {"location": {"country_code": "us", "region": "Florida", "city": "Orlando"}, "game_id": "295590", "values": [{"date": "2022-03-16-18-00-00", "latency": 8}, {"date": "2022-03-16-18-00-00", "latency": 8}]}, {"location": {"country_code": "mx", "region": "Jalisco", "city": "Guadalajara"}, "game_id": "295590", "values": [{"date": "2022-03-16-04-00-00", "latency": 8}]}, {"location": {"country_code": "gt"}, "game_id": "295590", "values": [{"date": "2022-03-16-06-00-00", "latency": 7}, {"date": "2022-03-16-06-00-00", "latency": 7}]}, {"location": {"country_code": "au", "region": "Queensland", "city": "Brisbane"}, "game_id": "295590", "values": [{"date": "2022-03-16-16-00-00", "latency": 3}]}, {"location": {"country_code": "hn"}, "game_id": "295590", "values": [{"date": "2022-03-16-09-00-00", "latency": 9}]}, {"location": {"country_code": "ru", "region": "Astrakhan Oblast", "city": "Astrakhan"}, "game_id": "295590", "values": [{"date": "2022-03-16-21-00-00", "latency": 6}, {"date": "2022-03-16-21-00-00", "latency": 6}]}, {"location": {"country_code": "ca", "region": "Quebec"}, "game_id": "295590", "values": [{"date": "2022-03-16-14-00-00", "latency": 1}, {"date": "2022-03-16-14-00-00", "latency": 1}, {"date": "2022-03-16-14-00-00", "latency": 1}, {"date": "2022-03-16-14-00-00", "latency": 1}]}, {"location": {"country_code": "br", "region": "Federal District"}, "game_id": "295590", "values": [{"date": "2022-03-16-01-00-00", "latency": 0}]}, {"location": {"country_code": "us", "region": "Washington", "city": "Tacoma"}, "game_id": "295590", "values": [{"date": "2022-03-16-03-00-00", "latency": 19}]}, {"location": {"country_code": "sy"}, "game_id": "295590", "values": [{"date": "2022-03-16-20-00-00", "latency": 7}]}, {"location": {"country_code": "fr", "region": "Provence-Alpes-Cote d'Azur Region", "city": "Marseille"}, "game_id": "295590", "values": [{"date": "2022-03-16-23-00-00", "latency": 7}]}, {"location": {"country_code": "br", "region": "Parana", "city": "Foz do Iguacu"}, "game_id": "295590", "values": [{"date": "2022-03-17-00-00-00", "latency": 8}]}, {"location": {"country_code": "us", "region": "Washington", "city": "Seattle"}, "game_id": "295590", "values": [{"date": "2022-03-16-21-00-00", "latency": 2}]}, {"location": {"country_code": "br", "region": "Rio Grande do Norte", "city": "Natal"}, "game_id": "295590", "values": [{"date": "2022-03-16-18-00-00", "latency": 6}, {"date": "2022-03-16-18-00-00", "latency": 6}, {"date": "2022-03-16-18-00-00", "latency": 6}, {"date": "2022-03-16-18-00-00", "latency": 6}, {"date": "2022-03-16-18-00-00", "latency": 6}]}, {"location": {"country_code": "es", "region": "Murcia", "city": "Lorca"}, "game_id": "295590", "values": [{"date": "2022-03-16-21-00-00", "latency": 13}]}, {"location": {"country_code": "ec", "region": "Pichincha", "city": "Quito"}, "game_id": "295590", "values": [{"date": "2022-03-16-05-00-00", "latency": 8}, {"date": "2022-03-16-05-00-00", "latency": 8}, {"date": "2022-03-16-05-00-00", "latency": 8}, {"date": "2022-03-16-05-00-00", "latency": 8}]}, {"location": {"country_code": "us", "region": "Montana"}, "game_id": "295590", "values": [{"date": "2022-03-16-04-00-00", "latency": 2}]}, {"location": {"country_code": "us", "region": "New York", "city": "Buffalo"}, "game_id": "295590", "values": [{"date": "2022-03-16-02-00-00", "latency": 14}]}, {"location": {"country_code": "es", "region": "Valencia", "city": "Gandia"}, "game_id": "295590", "values": [{"date": "2022-03-16-19-00-00", "latency": 6}, {"date": "2022-03-16-16-00-00", "latency": 4}, {"date": "2022-03-16-18-00-00", "latency": 38}]}, {"location": {"country_code": "br", "region": "Amazonas", "city": "Manaus"}, "game_id": "295590", "values": [{"date": "2022-03-16-03-00-00", "latency": 9}]}, {"location": {"country_code": "pt", "region": "Leiria District", "city": "Peniche"}, "game_id": "295590", "values": [{"date": "2022-03-16-16-00-00", "latency": 2}]}, {"location": {"country_code": "br", "region": "Para", "city": "Tailandia"}, "game_id": "295590", "values": [{"date": "2022-03-16-08-00-00", "latency": 61}, {"date": "2022-03-16-08-00-00", "latency": 61}, {"date": "2022-03-16-08-00-00", "latency": 61}, {"date": "2022-03-16-08-00-00", "latency": 61}, {"date": "2022-03-16-08-00-00", "latency": 61}, {"date": "2022-03-16-08-00-00", "latency": 61}, {"date": "2022-03-16-08-00-00", "latency": 61}, {"date": "2022-03-16-08-00-00", "latency": 61}]}, {"location": {"country_code": "mx", "region": "Tamaulipas", "city": "Tampico"}, "game_id": "295590", "values": [{"date": "2022-03-16-01-00-00", "latency": 9}]}, {"location": {"country_code": "us", "region": "North Dakota"}, "game_id": "295590", "values": [{"date": "2022-03-16-01-00-00", "latency": 32}, {"date": "2022-03-16-01-00-00", "latency": 32}, {"date": "2022-03-16-01-00-00", "latency": 32}]}, {"location": {"country_code": "pl", "region": "Masovian Voivodeship", "city": "Warsaw"}, "game_id": "295590", "values": [{"date": "2022-03-16-19-00-00", "latency": 24}, {"date": "2022-03-16-19-00-00", "latency": 24}, {"date": "2022-03-16-19-00-00", "latency": 24}]}, {"location": {"country_code": "us", "region": "Virginia", "city": "Virginia Beach"}, "game_id": "295590", "values": [{"date": "2022-03-16-04-00-00", "latency": 0}]}, {"location": {"country_code": "be", "region": "Brussels Capital", "city": "Brussels"}, "game_id": "295590", "values": [{"date": "2022-03-16-16-00-00", "latency": 6}]}, {"location": {"country_code": "es", "region": "Andalusia", "city": "Dos Hermanas"}, "game_id": "295590", "values": [{"date": "2022-03-16-23-00-00", "latency": 9}, {"date": "2022-03-16-23-00-00", "latency": 9}]}, {"location": {"country_code": "es", "region": "Andalusia", "city": "La Linea de la Concepcion"}, "game_id": "295590", "values": [{"date": "2022-03-16-21-00-00", "latency": 13}]}, {"location": {"country_code": "fr", "region": "Aquitania-Limosino-Poitou-Charentes", "city": "La Rochelle"}, "game_id": "295590", "values": [{"date": "2022-03-16-03-00-00", "latency": 3}, {"date": "2022-03-16-03-00-00", "latency": 3}]}, {"location": {"country_code": "br", "region": "State of Rio de Janeiro", "city": "Araruama"}, "game_id": "295590", "values": [{"date": "2022-03-16-17-00-00", "latency": 2}]}, {"location": {"country_code": "il"}, "game_id": "295590", "values": [{"date": "2022-03-16-17-00-00", "latency": 17}, {"date": "2022-03-16-17-00-00", "latency": 17}]}, {"location": {"country_code": "es", "region": "Andalusia", "city": "Cordoba"}, "game_id": "295590", "values": [{"date": "2022-03-16-19-00-00", "latency": 6}]}, {"location": {"country_code": "au", "region": "New South Wales"}, "game_id": "295590", "values": [{"date": "2022-03-16-12-00-00", "latency": 12}, {"date": "2022-03-16-12-00-00", "latency": 12}, {"date": "2022-03-16-12-00-00", "latency": 12}, {"date": "2022-03-16-12-00-00", "latency": 12}, {"date": "2022-03-16-12-00-00", "latency": 12}, {"date": "2022-03-16-12-00-00", "latency": 12}, {"date": "2022-03-16-12-00-00", "latency": 12}, {"date": "2022-03-16-12-00-00", "latency": 12}]}, {"location": {"country_code": "es", "region": "Cantabria", "city": "Santander"}, "game_id": "295590", "values": [{"date": "2022-03-16-03-00-00", "latency": 10}, {"date": "2022-03-16-03-00-00", "latency": 10}]}, {"location": {"country_code": "pl", "region": "West Pomeranian Voivodeship", "city": "Szczecin"}, "game_id": "295590", "values": [{"date": "2022-03-17-01-00-00", "latency": 0}]}, {"location": {"country_code": "fr", "region": "Alsazia-Champagne-Ardenne-Lorena", "city": "Reims"}, "game_id": "295590", "values": [{"date": "2022-03-16-10-00-00", "latency": 8}]}, {"location": {"country_code": "br", "region": "Sao Paulo", "city": "Mogi das Cruzes"}, "game_id": "295590", "values": [{"date": "2022-03-16-15-00-00", "latency": 2}]}, {"location": {"country_code": "br", "region": "State of Rio de Janeiro", "city": "Campos dos Goytacazes"}, "game_id": "295590", "values": [{"date": "2022-03-16-04-00-00", "latency": 2}]}, {"location": {"country_code": "br", "region": "State of Rio de Janeiro", "city": "Nova Iguacu"}, "game_id": "295590", "values": [{"date": "2022-03-16-05-00-00", "latency": 2}]}, {"location": {"country_code": "ca", "region": "Ontario", "city": "Oshawa"}, "game_id": "295590", "values": [{"date": "2022-03-16-04-00-00", "latency": 1}, {"date": "2022-03-16-04-00-00", "latency": 1}, {"date": "2022-03-16-04-00-00", "latency": 1}, {"date": "2022-03-16-04-00-00", "latency": 1}]}, {"location": {"country_code": "us", "region": "California", "city": "Davis"}, "game_id": "295590", "values": [{"date": "2022-03-16-02-00-00", "latency": 66}, {"date": "2022-03-16-02-00-00", "latency": 66}]}, {"location": {"country_code": "jp", "region": "Miyazaki"}, "game_id": "295590", "values": [{"date": "2022-03-16-13-00-00", "latency": 3}]}, {"location": {"country_code": "ca", "region": "Ontario", "city": "Guelph"}, "game_id": "295590", "values": [{"date": "2022-03-16-01-00-00", "latency": 8}]}, {"location": {"country_code": "ca", "region": "British Columbia", "city": "Surrey"}, "game_id": "295590", "values": [{"date": "2022-03-16-16-00-00", "latency": 12}]}, {"location": {"country_code": "br", "region": "Ceara", "city": "Pereiro"}, "game_id": "295590", "values": [{"date": "2022-03-16-02-00-00", "latency": 8}]}, {"location": {"country_code": "es", "region": "Basque Country"}, "game_id": "295590", "values": [{"date": "2022-03-16-14-00-00", "latency": 5}]}, {"location": {"country_code": "es", "region": "Canary Islands", "city": "Valleseco"}, "game_id": "295590", "values": [{"date": "2022-03-16-15-00-00", "latency": 6}]}, {"location": {"country_code": "mx", "region": "Morelos", "city": "Cuernavaca"}, "game_id": "295590", "values": [{"date": "2022-03-16-08-00-00", "latency": 2}]}, {"location": {"country_code": "gl"}, "game_id": "295590", "values": [{"date": "2022-03-16-04-00-00", "latency": 7}]}, {"location": {"country_code": "ar", "region": "Tierra del Fuego Province", "city": "Ushuaia"}, "game_id": "295590", "values": [{"date": "2022-03-16-06-00-00", "latency": 9}]}, {"location": {"country_code": "br", "region": "Federal District", "city": "Gama"}, "game_id": "295590", "values": [{"date": "2022-03-17-00-00-00", "latency": 4}]}, {"location": {"country_code": "us", "region": "Arkansas", "city": "Rogers"}, "game_id": "295590", "values": [{"date": "2022-03-16-06-00-00", "latency": 35}]}, {"location": {"country_code": "pe", "region": "Lima region", "city": "San Miguel"}, "game_id": "295590", "values": [{"date": "2022-03-16-16-00-00", "latency": 25}, {"date": "2022-03-16-16-00-00", "latency": 25}]}, {"location": {"country_code": "us", "region": "Arizona", "city": "Bullhead City"}, "game_id": "295590", "values": [{"date": "2022-03-16-21-00-00", "latency": 7}]}, {"location": {"country_code": "es", "region": "Andalusia", "city": "Estepona"}, "game_id": "295590", "values": [{"date": "2022-03-16-21-00-00", "latency": 43}]}, {"location": {"country_code": "se", "region": "Blekinge County"}, "game_id": "295590", "values": [{"date": "2022-03-17-01-00-00", "latency": 8}]}, {"location": {"country_code": "us", "region": "California", "city": "Norwalk"}, "game_id": "295590", "values": [{"date": "2022-03-16-10-00-00", "latency": 9}]}, {"location": {"country_code": "br", "region": "Mato Grosso", "city": "Rondonopolis"}, "game_id": "295590", "values": [{"date": "2022-03-17-00-00-00", "latency": 8}, {"date": "2022-03-16-19-00-00", "latency": 4}, {"date": "2022-03-16-19-00-00", "latency": 4}]}, {"location": {"country_code": "ro", "region": "Dolj County", "city": "Craiova"}, "game_id": "295590", "values": [{"date": "2022-03-16-20-00-00", "latency": 1584}, {"date": "2022-03-16-20-00-00", "latency": 1584}, {"date": "2022-03-16-20-00-00", "latency": 1584}, {"date": "2022-03-16-20-00-00", "latency": 1584}]}, {"location": {"country_code": "es", "region": "Valencia", "city": "Guardamar del Segura"}, "game_id": "295590", "values": [{"date": "2022-03-16-21-00-00", "latency": 8}]}, {"location": {"country_code": "fr", "region": "Nord-Passo di Calais-Piccardia", "city": "Bruay-la-Buissiere"}, "game_id": "295590", "values": [{"date": "2022-03-16-21-00-00", "latency": 2}]}], "last_updated": 1719919194.014045}