{"data": [{"location": {"country_code": "nz"}, "game_id": "273486", "values": [{"date": "2022-10-01-14-00-00", "latency": 62}, {"date": "2022-10-01-14-00-00", "latency": 62}, {"date": "2022-10-01-14-00-00", "latency": 62}, {"date": "2022-10-01-14-00-00", "latency": 62}, {"date": "2022-10-01-14-00-00", "latency": 62}, {"date": "2022-10-01-14-00-00", "latency": 62}, {"date": "2022-10-01-10-00-00", "latency": 66}, {"date": "2022-10-01-10-00-00", "latency": 66}]}, {"location": {"country_code": "us"}, "game_id": "273486", "values": [{"date": "2022-10-01-08-00-00", "latency": 50}, {"date": "2022-10-01-08-00-00", "latency": 50}, {"date": "2022-10-01-08-00-00", "latency": 50}, {"date": "2022-10-01-08-00-00", "latency": 50}, {"date": "2022-10-01-08-00-00", "latency": 27}, {"date": "2022-10-01-08-00-00", "latency": 27}, {"date": "2022-10-01-08-00-00", "latency": 27}, {"date": "2022-10-01-08-00-00", "latency": 27}, {"date": "2022-10-01-08-00-00", "latency": 27}, {"date": "2022-10-01-08-00-00", "latency": 27}, {"date": "2022-10-01-08-00-00", "latency": 27}, {"date": "2022-10-01-08-00-00", "latency": 27}, {"date": "2022-10-01-08-00-00", "latency": 27}, {"date": "2022-10-01-08-00-00", "latency": 27}, {"date": "2022-10-01-08-00-00", "latency": 27}, {"date": "2022-10-01-08-00-00", "latency": 27}, {"date": "2022-10-01-08-00-00", "latency": 27}, {"date": "2022-10-01-08-00-00", "latency": 27}, {"date": "2022-10-01-08-00-00", "latency": 27}, {"date": "2022-10-01-08-00-00", "latency": 27}, {"date": "2022-10-01-08-00-00", "latency": 27}, {"date": "2022-10-01-08-00-00", "latency": 27}, {"date": "2022-10-01-08-00-00", "latency": 27}, {"date": "2022-10-01-08-00-00", "latency": 27}, {"date": "2022-10-01-08-00-00", "latency": 27}, {"date": "2022-10-01-08-00-00", "latency": 27}, {"date": "2022-10-01-08-00-00", "latency": 27}, {"date": "2022-10-01-08-00-00", "latency": 27}, {"date": "2022-10-01-08-00-00", "latency": 27}, {"date": "2022-10-01-22-00-00", "latency": 47}, {"date": "2022-10-01-22-00-00", "latency": 47}, {"date": "2022-10-02-00-00-00", "latency": 54}, {"date": "2022-10-02-00-00-00", "latency": 54}, {"date": "2022-10-02-00-00-00", "latency": 54}, {"date": "2022-10-02-00-00-00", "latency": 54}, {"date": "2022-10-02-00-00-00", "latency": 54}, {"date": "2022-10-02-00-00-00", "latency": 54}, {"date": "2022-10-02-01-00-00", "latency": 43}, {"date": "2022-10-02-01-00-00", "latency": 43}, {"date": "2022-10-02-01-00-00", "latency": 43}, {"date": "2022-10-02-01-00-00", "latency": 43}, {"date": "2022-10-02-01-00-00", "latency": 43}, {"date": "2022-10-02-01-00-00", "latency": 43}, {"date": "2022-10-02-01-00-00", "latency": 43}, {"date": "2022-10-02-01-00-00", "latency": 43}, {"date": "2022-10-02-01-00-00", "latency": 43}, {"date": "2022-10-02-01-00-00", "latency": 43}, {"date": "2022-10-02-01-00-00", "latency": 43}, {"date": "2022-10-02-01-00-00", "latency": 43}, {"date": "2022-10-02-01-00-00", "latency": 43}, {"date": "2022-10-02-01-00-00", "latency": 43}, {"date": "2022-10-02-01-00-00", "latency": 43}, {"date": "2022-10-02-01-00-00", "latency": 43}, {"date": "2022-10-02-01-00-00", "latency": 43}, {"date": "2022-10-02-01-00-00", "latency": 43}, {"date": "2022-10-02-01-00-00", "latency": 43}, {"date": "2022-10-02-01-00-00", "latency": 43}, {"date": "2022-10-02-01-00-00", "latency": 43}, {"date": "2022-10-02-01-00-00", "latency": 43}, {"date": "2022-10-02-01-00-00", "latency": 43}, {"date": "2022-10-02-01-00-00", "latency": 43}, {"date": "2022-10-02-01-00-00", "latency": 43}, {"date": "2022-10-02-01-00-00", "latency": 43}, {"date": "2022-10-02-01-00-00", "latency": 43}, {"date": "2022-10-01-11-00-00", "latency": 23}, {"date": "2022-10-01-11-00-00", "latency": 23}, {"date": "2022-10-01-11-00-00", "latency": 23}, {"date": "2022-10-01-11-00-00", "latency": 23}, {"date": "2022-10-01-11-00-00", "latency": 23}, {"date": "2022-10-01-11-00-00", "latency": 23}, {"date": "2022-10-01-11-00-00", "latency": 23}, {"date": "2022-10-01-11-00-00", "latency": 23}, {"date": "2022-10-01-11-00-00", "latency": 23}, {"date": "2022-10-01-21-00-00", "latency": 86}, {"date": "2022-10-01-21-00-00", "latency": 86}, {"date": "2022-10-01-21-00-00", "latency": 86}, {"date": "2022-10-01-21-00-00", "latency": 86}, {"date": "2022-10-01-21-00-00", "latency": 86}, {"date": "2022-10-01-21-00-00", "latency": 86}, {"date": "2022-10-01-21-00-00", "latency": 86}, {"date": "2022-10-01-21-00-00", "latency": 86}, {"date": "2022-10-01-21-00-00", "latency": 86}, {"date": "2022-10-01-21-00-00", "latency": 86}, {"date": "2022-10-01-21-00-00", "latency": 86}, {"date": "2022-10-01-21-00-00", "latency": 86}, {"date": "2022-10-01-21-00-00", "latency": 86}, {"date": "2022-10-01-21-00-00", "latency": 86}, {"date": "2022-10-01-21-00-00", "latency": 86}, {"date": "2022-10-01-21-00-00", "latency": 86}, {"date": "2022-10-01-21-00-00", "latency": 86}, {"date": "2022-10-01-21-00-00", "latency": 86}, {"date": "2022-10-01-21-00-00", "latency": 86}, {"date": "2022-10-01-21-00-00", "latency": 86}, {"date": "2022-10-01-21-00-00", "latency": 86}, {"date": "2022-10-01-21-00-00", "latency": 86}, {"date": "2022-10-01-13-00-00", "latency": 19}, {"date": "2022-10-01-13-00-00", "latency": 19}, {"date": "2022-10-01-13-00-00", "latency": 19}, {"date": "2022-10-01-13-00-00", "latency": 19}, {"date": "2022-10-01-13-00-00", "latency": 19}, {"date": "2022-10-01-13-00-00", "latency": 19}, {"date": "2022-10-01-13-00-00", "latency": 19}, {"date": "2022-10-01-13-00-00", "latency": 19}, {"date": "2022-10-01-13-00-00", "latency": 19}, {"date": "2022-10-01-13-00-00", "latency": 19}, {"date": "2022-10-01-13-00-00", "latency": 19}, {"date": "2022-10-01-13-00-00", "latency": 19}, {"date": "2022-10-01-13-00-00", "latency": 19}, {"date": "2022-10-01-13-00-00", "latency": 19}, {"date": "2022-10-01-13-00-00", "latency": 19}, {"date": "2022-10-01-13-00-00", "latency": 19}, {"date": "2022-10-01-13-00-00", "latency": 19}, {"date": "2022-10-01-02-00-00", "latency": 31}, {"date": "2022-10-01-02-00-00", "latency": 31}, {"date": "2022-10-01-02-00-00", "latency": 31}, {"date": "2022-10-02-02-00-00", "latency": 58}, {"date": "2022-10-02-02-00-00", "latency": 58}, {"date": "2022-10-02-02-00-00", "latency": 58}, {"date": "2022-10-02-02-00-00", "latency": 58}, {"date": "2022-10-02-02-00-00", "latency": 58}, {"date": "2022-10-02-02-00-00", "latency": 58}, {"date": "2022-10-02-02-00-00", "latency": 58}, {"date": "2022-10-02-02-00-00", "latency": 58}, {"date": "2022-10-02-02-00-00", "latency": 58}, {"date": "2022-10-02-02-00-00", "latency": 58}, {"date": "2022-10-01-08-00-00", "latency": 23}, {"date": "2022-10-01-08-00-00", "latency": 23}, {"date": "2022-10-01-08-00-00", "latency": 23}, {"date": "2022-10-01-08-00-00", "latency": 23}, {"date": "2022-10-01-08-00-00", "latency": 23}, {"date": "2022-10-01-08-00-00", "latency": 23}, {"date": "2022-10-01-08-00-00", "latency": 23}, {"date": "2022-10-01-08-00-00", "latency": 23}, {"date": "2022-10-01-08-00-00", "latency": 23}, {"date": "2022-10-01-08-00-00", "latency": 23}, {"date": "2022-10-01-08-00-00", "latency": 23}, {"date": "2022-10-01-08-00-00", "latency": 23}, {"date": "2022-10-01-04-00-00", "latency": 54}, {"date": "2022-10-01-04-00-00", "latency": 54}, {"date": "2022-10-01-04-00-00", "latency": 54}, {"date": "2022-10-01-04-00-00", "latency": 54}, {"date": "2022-10-01-04-00-00", "latency": 54}, {"date": "2022-10-01-04-00-00", "latency": 54}, {"date": "2022-10-01-06-00-00", "latency": 27}, {"date": "2022-10-01-09-00-00", "latency": 19}, {"date": "2022-10-01-09-00-00", "latency": 19}, {"date": "2022-10-01-09-00-00", "latency": 19}, {"date": "2022-10-01-09-00-00", "latency": 19}, {"date": "2022-10-01-09-00-00", "latency": 19}, {"date": "2022-10-01-09-00-00", "latency": 19}, {"date": "2022-10-01-09-00-00", "latency": 19}, {"date": "2022-10-01-09-00-00", "latency": 19}, {"date": "2022-10-01-09-00-00", "latency": 19}, {"date": "2022-10-01-09-00-00", "latency": 19}, {"date": "2022-10-01-09-00-00", "latency": 19}, {"date": "2022-10-01-09-00-00", "latency": 19}, {"date": "2022-10-01-09-00-00", "latency": 19}, {"date": "2022-10-01-09-00-00", "latency": 19}, {"date": "2022-10-01-09-00-00", "latency": 19}, {"date": "2022-10-01-09-00-00", "latency": 19}, {"date": "2022-10-01-09-00-00", "latency": 19}, {"date": "2022-10-01-09-00-00", "latency": 19}, {"date": "2022-10-01-09-00-00", "latency": 19}, {"date": "2022-10-01-09-00-00", "latency": 19}, {"date": "2022-10-01-09-00-00", "latency": 19}, {"date": "2022-10-01-09-00-00", "latency": 82}, {"date": "2022-10-01-09-00-00", "latency": 82}, {"date": "2022-10-01-09-00-00", "latency": 82}, {"date": "2022-10-01-09-00-00", "latency": 82}, {"date": "2022-10-01-09-00-00", "latency": 82}, {"date": "2022-10-01-09-00-00", "latency": 82}, {"date": "2022-10-01-09-00-00", "latency": 82}, {"date": "2022-10-01-09-00-00", "latency": 82}, {"date": "2022-10-01-09-00-00", "latency": 82}, {"date": "2022-10-01-09-00-00", "latency": 82}, {"date": "2022-10-01-09-00-00", "latency": 82}, {"date": "2022-10-01-09-00-00", "latency": 82}, {"date": "2022-10-01-09-00-00", "latency": 82}, {"date": "2022-10-01-09-00-00", "latency": 82}, {"date": "2022-10-01-09-00-00", "latency": 82}, {"date": "2022-10-01-09-00-00", "latency": 82}, {"date": "2022-10-01-09-00-00", "latency": 82}, {"date": "2022-10-01-09-00-00", "latency": 82}, {"date": "2022-10-01-09-00-00", "latency": 82}, {"date": "2022-10-01-09-00-00", "latency": 82}, {"date": "2022-10-01-09-00-00", "latency": 82}, {"date": "2022-10-01-09-00-00", "latency": 82}, {"date": "2022-10-01-09-00-00", "latency": 82}, {"date": "2022-10-01-11-00-00", "latency": 19}, {"date": "2022-10-01-11-00-00", "latency": 19}, {"date": "2022-10-01-11-00-00", "latency": 19}, {"date": "2022-10-01-11-00-00", "latency": 19}, {"date": "2022-10-01-11-00-00", "latency": 19}, {"date": "2022-10-01-11-00-00", "latency": 19}, {"date": "2022-10-01-11-00-00", "latency": 19}, {"date": "2022-10-01-11-00-00", "latency": 19}, {"date": "2022-10-01-06-00-00", "latency": 27}, {"date": "2022-10-01-06-00-00", "latency": 27}, {"date": "2022-10-01-06-00-00", "latency": 27}, {"date": "2022-10-01-06-00-00", "latency": 27}, {"date": "2022-10-01-06-00-00", "latency": 27}, {"date": "2022-10-01-06-00-00", "latency": 27}, {"date": "2022-10-01-06-00-00", "latency": 27}, {"date": "2022-10-01-09-00-00", "latency": 35}, {"date": "2022-10-01-09-00-00", "latency": 35}, {"date": "2022-10-01-09-00-00", "latency": 35}, {"date": "2022-10-01-09-00-00", "latency": 35}, {"date": "2022-10-01-09-00-00", "latency": 35}, {"date": "2022-10-01-09-00-00", "latency": 35}, {"date": "2022-10-01-09-00-00", "latency": 35}, {"date": "2022-10-01-09-00-00", "latency": 35}, {"date": "2022-10-01-09-00-00", "latency": 35}, {"date": "2022-10-01-09-00-00", "latency": 35}, {"date": "2022-10-01-09-00-00", "latency": 35}, {"date": "2022-10-01-09-00-00", "latency": 35}, {"date": "2022-10-01-09-00-00", "latency": 35}, {"date": "2022-10-01-09-00-00", "latency": 35}, {"date": "2022-10-01-09-00-00", "latency": 35}, {"date": "2022-10-01-06-00-00", "latency": 23}, {"date": "2022-10-01-06-00-00", "latency": 23}, {"date": "2022-10-01-06-00-00", "latency": 23}, {"date": "2022-10-01-06-00-00", "latency": 23}, {"date": "2022-10-01-06-00-00", "latency": 23}, {"date": "2022-10-01-06-00-00", "latency": 23}, {"date": "2022-10-01-06-00-00", "latency": 23}, {"date": "2022-10-01-06-00-00", "latency": 23}]}, {"location": {"country_code": "us", "region": "State of Wyoming"}, "game_id": "273486", "values": [{"date": "2022-10-02-00-00-00", "latency": 50}, {"date": "2022-10-02-00-00-00", "latency": 50}, {"date": "2022-10-02-00-00-00", "latency": 50}, {"date": "2022-10-02-00-00-00", "latency": 50}, {"date": "2022-10-01-14-00-00", "latency": 43}, {"date": "2022-10-01-14-00-00", "latency": 43}]}, {"location": {"country_code": "de", "region": "Berlin", "city": "Berlin"}, "game_id": "273486", "values": [{"date": "2022-10-01-15-00-00", "latency": 31}, {"date": "2022-10-01-15-00-00", "latency": 31}, {"date": "2022-10-01-15-00-00", "latency": 31}, {"date": "2022-10-01-15-00-00", "latency": 31}]}, {"location": {"country_code": "us", "region": "New York", "city": "Jamestown"}, "game_id": "273486", "values": [{"date": "2022-10-01-06-00-00", "latency": 31}]}, {"location": {"country_code": "gb", "region": "England", "city": "London"}, "game_id": "273486", "values": [{"date": "2022-10-01-21-00-00", "latency": 54}, {"date": "2022-10-01-21-00-00", "latency": 54}, {"date": "2022-10-01-21-00-00", "latency": 54}, {"date": "2022-10-01-21-00-00", "latency": 54}, {"date": "2022-10-01-21-00-00", "latency": 54}, {"date": "2022-10-01-21-00-00", "latency": 54}, {"date": "2022-10-01-21-00-00", "latency": 54}, {"date": "2022-10-01-21-00-00", "latency": 54}]}, {"location": {"country_code": "gr"}, "game_id": "273486", "values": [{"date": "2022-10-02-02-00-00", "latency": 23}, {"date": "2022-10-02-02-00-00", "latency": 23}, {"date": "2022-10-02-02-00-00", "latency": 23}, {"date": "2022-10-02-02-00-00", "latency": 23}, {"date": "2022-10-02-02-00-00", "latency": 23}, {"date": "2022-10-02-02-00-00", "latency": 23}, {"date": "2022-10-02-02-00-00", "latency": 23}, {"date": "2022-10-01-21-00-00", "latency": 86}, {"date": "2022-10-01-02-00-00", "latency": 70}, {"date": "2022-10-01-02-00-00", "latency": 70}]}, {"location": {"country_code": "it"}, "game_id": "273486", "values": [{"date": "2022-10-01-12-00-00", "latency": 43}, {"date": "2022-10-01-12-00-00", "latency": 43}, {"date": "2022-10-01-12-00-00", "latency": 43}, {"date": "2022-10-01-12-00-00", "latency": 43}, {"date": "2022-10-01-12-00-00", "latency": 43}, {"date": "2022-10-01-12-00-00", "latency": 43}, {"date": "2022-10-01-12-00-00", "latency": 43}, {"date": "2022-10-01-12-00-00", "latency": 43}, {"date": "2022-10-02-02-00-00", "latency": 35}, {"date": "2022-10-02-02-00-00", "latency": 35}, {"date": "2022-10-02-02-00-00", "latency": 35}, {"date": "2022-10-02-02-00-00", "latency": 35}, {"date": "2022-10-02-02-00-00", "latency": 35}, {"date": "2022-10-02-02-00-00", "latency": 35}, {"date": "2022-10-02-02-00-00", "latency": 35}, {"date": "2022-10-02-02-00-00", "latency": 35}, {"date": "2022-10-02-02-00-00", "latency": 35}, {"date": "2022-10-02-02-00-00", "latency": 35}, {"date": "2022-10-02-02-00-00", "latency": 35}, {"date": "2022-10-02-02-00-00", "latency": 35}, {"date": "2022-10-02-02-00-00", "latency": 35}, {"date": "2022-10-02-02-00-00", "latency": 35}, {"date": "2022-10-02-02-00-00", "latency": 35}, {"date": "2022-10-02-02-00-00", "latency": 35}, {"date": "2022-10-02-02-00-00", "latency": 35}, {"date": "2022-10-02-02-00-00", "latency": 35}, {"date": "2022-10-02-02-00-00", "latency": 35}, {"date": "2022-10-02-02-00-00", "latency": 35}, {"date": "2022-10-02-02-00-00", "latency": 35}, {"date": "2022-10-02-02-00-00", "latency": 35}, {"date": "2022-10-02-02-00-00", "latency": 35}, {"date": "2022-10-02-02-00-00", "latency": 35}]}, {"location": {"country_code": "za"}, "game_id": "273486", "values": [{"date": "2022-10-01-16-00-00", "latency": 117}, {"date": "2022-10-01-16-00-00", "latency": 117}, {"date": "2022-10-01-16-00-00", "latency": 117}, {"date": "2022-10-01-16-00-00", "latency": 117}, {"date": "2022-10-01-16-00-00", "latency": 117}, {"date": "2022-10-01-16-00-00", "latency": 117}, {"date": "2022-10-01-16-00-00", "latency": 117}, {"date": "2022-10-01-16-00-00", "latency": 117}, {"date": "2022-10-01-16-00-00", "latency": 117}]}, {"location": {"country_code": "jp"}, "game_id": "273486", "values": [{"date": "2022-10-01-07-00-00", "latency": 39}, {"date": "2022-10-01-07-00-00", "latency": 39}]}, {"location": {"country_code": "ca"}, "game_id": "273486", "values": [{"date": "2022-10-01-16-00-00", "latency": 50}, {"date": "2022-10-01-16-00-00", "latency": 50}, {"date": "2022-10-01-16-00-00", "latency": 50}, {"date": "2022-10-01-12-00-00", "latency": 19}, {"date": "2022-10-01-12-00-00", "latency": 19}, {"date": "2022-10-01-12-00-00", "latency": 19}, {"date": "2022-10-01-12-00-00", "latency": 19}, {"date": "2022-10-01-12-00-00", "latency": 19}, {"date": "2022-10-01-12-00-00", "latency": 19}, {"date": "2022-10-01-12-00-00", "latency": 19}, {"date": "2022-10-01-12-00-00", "latency": 19}, {"date": "2022-10-01-12-00-00", "latency": 19}, {"date": "2022-10-01-12-00-00", "latency": 19}, {"date": "2022-10-01-12-00-00", "latency": 19}, {"date": "2022-10-01-10-00-00", "latency": 82}, {"date": "2022-10-01-10-00-00", "latency": 82}, {"date": "2022-10-01-10-00-00", "latency": 82}, {"date": "2022-10-01-10-00-00", "latency": 82}, {"date": "2022-10-02-02-00-00", "latency": 37}, {"date": "2022-10-02-02-00-00", "latency": 37}, {"date": "2022-10-02-02-00-00", "latency": 37}, {"date": "2022-10-02-00-00-00", "latency": 101}, {"date": "2022-10-02-00-00-00", "latency": 101}, {"date": "2022-10-02-00-00-00", "latency": 101}, {"date": "2022-10-02-00-00-00", "latency": 101}, {"date": "2022-10-02-00-00-00", "latency": 101}, {"date": "2022-10-02-00-00-00", "latency": 101}, {"date": "2022-10-02-00-00-00", "latency": 101}]}, {"location": {"country_code": "ch"}, "game_id": "273486", "values": [{"date": "2022-10-01-22-00-00", "latency": 47}, {"date": "2022-10-01-22-00-00", "latency": 47}]}, {"location": {"country_code": "de"}, "game_id": "273486", "values": [{"date": "2022-10-01-19-00-00", "latency": 35}, {"date": "2022-10-01-19-00-00", "latency": 35}, {"date": "2022-10-01-19-00-00", "latency": 35}, {"date": "2022-10-01-19-00-00", "latency": 35}, {"date": "2022-10-01-20-00-00", "latency": 2}, {"date": "2022-10-01-20-00-00", "latency": 2}, {"date": "2022-10-01-20-00-00", "latency": 2}, {"date": "2022-10-01-20-00-00", "latency": 2}, {"date": "2022-10-01-20-00-00", "latency": 2}, {"date": "2022-10-01-20-00-00", "latency": 2}, {"date": "2022-10-01-20-00-00", "latency": 2}, {"date": "2022-10-01-20-00-00", "latency": 2}, {"date": "2022-10-01-20-00-00", "latency": 2}, {"date": "2022-10-01-20-00-00", "latency": 2}, {"date": "2022-10-01-20-00-00", "latency": 2}, {"date": "2022-10-01-20-00-00", "latency": 2}, {"date": "2022-10-01-20-00-00", "latency": 2}, {"date": "2022-10-01-20-00-00", "latency": 2}, {"date": "2022-10-01-20-00-00", "latency": 2}, {"date": "2022-10-01-20-00-00", "latency": 2}, {"date": "2022-10-01-20-00-00", "latency": 2}, {"date": "2022-10-01-20-00-00", "latency": 2}, {"date": "2022-10-01-20-00-00", "latency": 2}, {"date": "2022-10-01-02-00-00", "latency": 43}, {"date": "2022-10-01-02-00-00", "latency": 43}]}, {"location": {"country_code": "us", "region": "Indiana"}, "game_id": "273486", "values": [{"date": "2022-10-01-08-00-00", "latency": 8}]}, {"location": {"country_code": "gb", "region": "England"}, "game_id": "273486", "values": [{"date": "2022-10-01-16-00-00", "latency": 25}, {"date": "2022-10-01-16-00-00", "latency": 25}, {"date": "2022-10-01-16-00-00", "latency": 25}, {"date": "2022-10-01-16-00-00", "latency": 25}, {"date": "2022-10-02-02-00-00", "latency": 35}, {"date": "2022-10-02-02-00-00", "latency": 35}, {"date": "2022-10-02-02-00-00", "latency": 35}, {"date": "2022-10-02-02-00-00", "latency": 35}, {"date": "2022-10-02-02-00-00", "latency": 35}, {"date": "2022-10-02-02-00-00", "latency": 35}, {"date": "2022-10-02-02-00-00", "latency": 35}, {"date": "2022-10-02-02-00-00", "latency": 35}, {"date": "2022-10-02-02-00-00", "latency": 35}, {"date": "2022-10-02-02-00-00", "latency": 35}, {"date": "2022-10-02-02-00-00", "latency": 35}, {"date": "2022-10-02-02-00-00", "latency": 35}, {"date": "2022-10-02-02-00-00", "latency": 35}, {"date": "2022-10-02-02-00-00", "latency": 35}, {"date": "2022-10-02-02-00-00", "latency": 35}, {"date": "2022-10-02-02-00-00", "latency": 35}, {"date": "2022-10-02-02-00-00", "latency": 35}, {"date": "2022-10-02-02-00-00", "latency": 35}, {"date": "2022-10-02-02-00-00", "latency": 35}, {"date": "2022-10-02-02-00-00", "latency": 35}, {"date": "2022-10-02-02-00-00", "latency": 35}, {"date": "2022-10-02-02-00-00", "latency": 35}, {"date": "2022-10-02-02-00-00", "latency": 35}, {"date": "2022-10-02-02-00-00", "latency": 35}, {"date": "2022-10-02-02-00-00", "latency": 35}, {"date": "2022-10-02-02-00-00", "latency": 35}, {"date": "2022-10-02-02-00-00", "latency": 35}, {"date": "2022-10-02-02-00-00", "latency": 35}, {"date": "2022-10-02-02-00-00", "latency": 35}, {"date": "2022-10-02-02-00-00", "latency": 35}, {"date": "2022-10-02-02-00-00", "latency": 35}]}, {"location": {"country_code": "gb", "region": "England", "city": "Birmingham"}, "game_id": "273486", "values": [{"date": "2022-10-02-02-00-00", "latency": 39}, {"date": "2022-10-02-02-00-00", "latency": 39}, {"date": "2022-10-02-02-00-00", "latency": 39}]}, {"location": {"country_code": "us", "region": "Texas"}, "game_id": "273486", "values": [{"date": "2022-10-01-08-00-00", "latency": 54}, {"date": "2022-10-01-08-00-00", "latency": 54}, {"date": "2022-10-01-08-00-00", "latency": 54}, {"date": "2022-10-01-08-00-00", "latency": 54}, {"date": "2022-10-01-08-00-00", "latency": 54}, {"date": "2022-10-01-08-00-00", "latency": 54}, {"date": "2022-10-01-08-00-00", "latency": 54}, {"date": "2022-10-01-08-00-00", "latency": 54}, {"date": "2022-10-01-08-00-00", "latency": 54}, {"date": "2022-10-01-20-00-00", "latency": 43}, {"date": "2022-10-01-20-00-00", "latency": 43}, {"date": "2022-10-01-20-00-00", "latency": 43}, {"date": "2022-10-01-20-00-00", "latency": 43}, {"date": "2022-10-01-20-00-00", "latency": 43}, {"date": "2022-10-01-20-00-00", "latency": 43}, {"date": "2022-10-01-20-00-00", "latency": 43}, {"date": "2022-10-01-20-00-00", "latency": 43}, {"date": "2022-10-01-20-00-00", "latency": 43}, {"date": "2022-10-01-20-00-00", "latency": 43}, {"date": "2022-10-01-20-00-00", "latency": 43}, {"date": "2022-10-01-20-00-00", "latency": 43}, {"date": "2022-10-01-20-00-00", "latency": 43}, {"date": "2022-10-01-20-00-00", "latency": 43}, {"date": "2022-10-01-20-00-00", "latency": 43}, {"date": "2022-10-01-20-00-00", "latency": 43}, {"date": "2022-10-01-20-00-00", "latency": 43}, {"date": "2022-10-01-20-00-00", "latency": 43}, {"date": "2022-10-01-20-00-00", "latency": 43}, {"date": "2022-10-01-20-00-00", "latency": 43}, {"date": "2022-10-01-20-00-00", "latency": 43}, {"date": "2022-10-01-20-00-00", "latency": 43}, {"date": "2022-10-01-20-00-00", "latency": 43}, {"date": "2022-10-01-20-00-00", "latency": 43}, {"date": "2022-10-01-20-00-00", "latency": 43}, {"date": "2022-10-01-20-00-00", "latency": 43}, {"date": "2022-10-01-20-00-00", "latency": 43}, {"date": "2022-10-01-20-00-00", "latency": 43}, {"date": "2022-10-01-20-00-00", "latency": 43}, {"date": "2022-10-01-20-00-00", "latency": 43}, {"date": "2022-10-01-20-00-00", "latency": 43}, {"date": "2022-10-01-20-00-00", "latency": 43}, {"date": "2022-10-01-20-00-00", "latency": 43}, {"date": "2022-10-01-20-00-00", "latency": 43}, {"date": "2022-10-01-20-00-00", "latency": 43}, {"date": "2022-10-01-20-00-00", "latency": 43}, {"date": "2022-10-01-20-00-00", "latency": 43}]}, {"location": {"country_code": "us", "region": "Florida"}, "game_id": "273486", "values": [{"date": "2022-10-01-08-00-00", "latency": 121}, {"date": "2022-10-01-08-00-00", "latency": 121}, {"date": "2022-10-01-08-00-00", "latency": 121}, {"date": "2022-10-01-08-00-00", "latency": 121}, {"date": "2022-10-01-08-00-00", "latency": 121}, {"date": "2022-10-01-08-00-00", "latency": 121}, {"date": "2022-10-01-08-00-00", "latency": 121}, {"date": "2022-10-01-08-00-00", "latency": 121}, {"date": "2022-10-01-08-00-00", "latency": 121}, {"date": "2022-10-01-04-00-00", "latency": 70}, {"date": "2022-10-01-04-00-00", "latency": 70}, {"date": "2022-10-01-04-00-00", "latency": 70}, {"date": "2022-10-01-04-00-00", "latency": 70}, {"date": "2022-10-01-04-00-00", "latency": 70}, {"date": "2022-10-01-04-00-00", "latency": 70}]}, {"location": {"country_code": "fr"}, "game_id": "273486", "values": [{"date": "2022-10-01-14-00-00", "latency": 39}]}, {"location": {"country_code": "mx"}, "game_id": "273486", "values": [{"date": "2022-10-01-06-00-00", "latency": 50}, {"date": "2022-10-01-06-00-00", "latency": 50}, {"date": "2022-10-01-06-00-00", "latency": 50}, {"date": "2022-10-01-06-00-00", "latency": 50}, {"date": "2022-10-01-06-00-00", "latency": 50}, {"date": "2022-10-01-06-00-00", "latency": 50}, {"date": "2022-10-01-06-00-00", "latency": 50}]}, {"location": {"country_code": "us", "region": "Ohio"}, "game_id": "273486", "values": [{"date": "2022-10-01-08-00-00", "latency": 50}, {"date": "2022-10-01-08-00-00", "latency": 50}, {"date": "2022-10-01-08-00-00", "latency": 50}, {"date": "2022-10-01-08-00-00", "latency": 50}, {"date": "2022-10-01-08-00-00", "latency": 50}, {"date": "2022-10-01-08-00-00", "latency": 50}, {"date": "2022-10-01-08-00-00", "latency": 50}, {"date": "2022-10-01-08-00-00", "latency": 50}]}, {"location": {"country_code": "us", "region": "California"}, "game_id": "273486", "values": [{"date": "2022-10-01-12-00-00", "latency": 35}, {"date": "2022-10-01-12-00-00", "latency": 35}, {"date": "2022-10-01-12-00-00", "latency": 35}, {"date": "2022-10-01-12-00-00", "latency": 35}, {"date": "2022-10-01-12-00-00", "latency": 35}, {"date": "2022-10-01-12-00-00", "latency": 35}, {"date": "2022-10-01-12-00-00", "latency": 35}, {"date": "2022-10-01-12-00-00", "latency": 35}, {"date": "2022-10-01-12-00-00", "latency": 35}, {"date": "2022-10-01-12-00-00", "latency": 35}, {"date": "2022-10-01-12-00-00", "latency": 35}, {"date": "2022-10-01-12-00-00", "latency": 35}]}, {"location": {"country_code": "br"}, "game_id": "273486", "values": [{"date": "2022-10-01-21-00-00", "latency": 47}, {"date": "2022-10-01-21-00-00", "latency": 47}, {"date": "2022-10-01-21-00-00", "latency": 47}, {"date": "2022-10-01-21-00-00", "latency": 47}, {"date": "2022-10-01-21-00-00", "latency": 47}, {"date": "2022-10-01-21-00-00", "latency": 47}, {"date": "2022-10-01-21-00-00", "latency": 47}, {"date": "2022-10-01-21-00-00", "latency": 47}, {"date": "2022-10-01-21-00-00", "latency": 47}, {"date": "2022-10-01-21-00-00", "latency": 47}, {"date": "2022-10-01-21-00-00", "latency": 47}, {"date": "2022-10-01-21-00-00", "latency": 47}, {"date": "2022-10-01-21-00-00", "latency": 47}, {"date": "2022-10-01-21-00-00", "latency": 47}, {"date": "2022-10-01-21-00-00", "latency": 47}, {"date": "2022-10-01-21-00-00", "latency": 47}, {"date": "2022-10-01-21-00-00", "latency": 47}, {"date": "2022-10-01-21-00-00", "latency": 47}, {"date": "2022-10-01-21-00-00", "latency": 47}]}, {"location": {"country_code": "no"}, "game_id": "273486", "values": [{"date": "2022-10-01-02-00-00", "latency": 129}]}, {"location": {"country_code": "au"}, "game_id": "273486", "values": [{"date": "2022-10-01-16-00-00", "latency": 172}, {"date": "2022-10-01-16-00-00", "latency": 172}, {"date": "2022-10-01-16-00-00", "latency": 172}, {"date": "2022-10-01-16-00-00", "latency": 172}, {"date": "2022-10-01-16-00-00", "latency": 172}, {"date": "2022-10-01-16-00-00", "latency": 172}, {"date": "2022-10-01-16-00-00", "latency": 172}, {"date": "2022-10-01-16-00-00", "latency": 172}, {"date": "2022-10-01-16-00-00", "latency": 172}, {"date": "2022-10-01-16-00-00", "latency": 172}, {"date": "2022-10-01-16-00-00", "latency": 172}, {"date": "2022-10-01-16-00-00", "latency": 172}, {"date": "2022-10-01-16-00-00", "latency": 176}, {"date": "2022-10-01-16-00-00", "latency": 176}, {"date": "2022-10-01-16-00-00", "latency": 176}, {"date": "2022-10-01-16-00-00", "latency": 176}, {"date": "2022-10-01-16-00-00", "latency": 176}, {"date": "2022-10-01-16-00-00", "latency": 176}, {"date": "2022-10-01-16-00-00", "latency": 176}, {"date": "2022-10-01-16-00-00", "latency": 176}, {"date": "2022-10-01-16-00-00", "latency": 176}, {"date": "2022-10-01-16-00-00", "latency": 176}, {"date": "2022-10-01-16-00-00", "latency": 176}, {"date": "2022-10-01-16-00-00", "latency": 176}, {"date": "2022-10-01-16-00-00", "latency": 176}, {"date": "2022-10-01-16-00-00", "latency": 176}, {"date": "2022-10-01-15-00-00", "latency": 86}, {"date": "2022-10-01-15-00-00", "latency": 86}, {"date": "2022-10-01-15-00-00", "latency": 86}, {"date": "2022-10-01-15-00-00", "latency": 35}, {"date": "2022-10-01-15-00-00", "latency": 35}, {"date": "2022-10-01-15-00-00", "latency": 35}, {"date": "2022-10-01-15-00-00", "latency": 35}, {"date": "2022-10-01-15-00-00", "latency": 35}, {"date": "2022-10-01-15-00-00", "latency": 35}, {"date": "2022-10-01-15-00-00", "latency": 35}, {"date": "2022-10-01-15-00-00", "latency": 35}, {"date": "2022-10-01-15-00-00", "latency": 35}, {"date": "2022-10-01-15-00-00", "latency": 35}, {"date": "2022-10-01-15-00-00", "latency": 35}, {"date": "2022-10-01-15-00-00", "latency": 35}, {"date": "2022-10-01-16-00-00", "latency": 94}, {"date": "2022-10-01-16-00-00", "latency": 94}, {"date": "2022-10-01-16-00-00", "latency": 94}, {"date": "2022-10-01-16-00-00", "latency": 94}, {"date": "2022-10-01-16-00-00", "latency": 94}, {"date": "2022-10-01-16-00-00", "latency": 94}, {"date": "2022-10-01-16-00-00", "latency": 94}, {"date": "2022-10-01-16-00-00", "latency": 94}, {"date": "2022-10-02-02-00-00", "latency": 164}, {"date": "2022-10-02-02-00-00", "latency": 164}, {"date": "2022-10-02-02-00-00", "latency": 164}, {"date": "2022-10-02-02-00-00", "latency": 164}, {"date": "2022-10-02-02-00-00", "latency": 164}, {"date": "2022-10-02-02-00-00", "latency": 164}, {"date": "2022-10-02-02-00-00", "latency": 164}, {"date": "2022-10-02-02-00-00", "latency": 164}, {"date": "2022-10-02-02-00-00", "latency": 164}, {"date": "2022-10-02-02-00-00", "latency": 164}, {"date": "2022-10-02-02-00-00", "latency": 164}, {"date": "2022-10-02-02-00-00", "latency": 164}, {"date": "2022-10-02-02-00-00", "latency": 164}]}, {"location": {"country_code": "au", "region": "Victoria", "city": "Melbourne"}, "game_id": "273486", "values": [{"date": "2022-10-01-16-00-00", "latency": 26}, {"date": "2022-10-01-16-00-00", "latency": 26}, {"date": "2022-10-01-16-00-00", "latency": 26}, {"date": "2022-10-01-16-00-00", "latency": 26}, {"date": "2022-10-01-16-00-00", "latency": 26}]}, {"location": {"country_code": "us", "region": "Texas", "city": "Austin"}, "game_id": "273486", "values": [{"date": "2022-10-01-12-00-00", "latency": 58}, {"date": "2022-10-01-12-00-00", "latency": 58}, {"date": "2022-10-01-12-00-00", "latency": 58}, {"date": "2022-10-01-12-00-00", "latency": 58}, {"date": "2022-10-01-12-00-00", "latency": 58}, {"date": "2022-10-01-12-00-00", "latency": 58}, {"date": "2022-10-01-12-00-00", "latency": 58}, {"date": "2022-10-01-12-00-00", "latency": 58}, {"date": "2022-10-01-12-00-00", "latency": 58}, {"date": "2022-10-01-12-00-00", "latency": 58}, {"date": "2022-10-01-12-00-00", "latency": 58}, {"date": "2022-10-01-12-00-00", "latency": 58}, {"date": "2022-10-01-12-00-00", "latency": 58}, {"date": "2022-10-01-12-00-00", "latency": 58}, {"date": "2022-10-01-12-00-00", "latency": 58}, {"date": "2022-10-01-12-00-00", "latency": 58}, {"date": "2022-10-01-12-00-00", "latency": 58}, {"date": "2022-10-01-12-00-00", "latency": 58}, {"date": "2022-10-01-12-00-00", "latency": 58}, {"date": "2022-10-01-12-00-00", "latency": 58}, {"date": "2022-10-01-12-00-00", "latency": 58}, {"date": "2022-10-01-12-00-00", "latency": 58}, {"date": "2022-10-01-12-00-00", "latency": 58}, {"date": "2022-10-01-12-00-00", "latency": 58}, {"date": "2022-10-01-12-00-00", "latency": 58}, {"date": "2022-10-01-12-00-00", "latency": 58}, {"date": "2022-10-01-12-00-00", "latency": 58}, {"date": "2022-10-01-12-00-00", "latency": 58}]}, {"location": {"country_code": "dk"}, "game_id": "273486", "values": [{"date": "2022-10-01-11-00-00", "latency": 50}, {"date": "2022-10-01-11-00-00", "latency": 50}]}, {"location": {"country_code": "es"}, "game_id": "273486", "values": [{"date": "2022-10-01-11-00-00", "latency": 35}, {"date": "2022-10-01-11-00-00", "latency": 35}, {"date": "2022-10-01-11-00-00", "latency": 35}, {"date": "2022-10-01-11-00-00", "latency": 35}, {"date": "2022-10-01-11-00-00", "latency": 35}, {"date": "2022-10-01-11-00-00", "latency": 35}, {"date": "2022-10-01-11-00-00", "latency": 35}, {"date": "2022-10-01-11-00-00", "latency": 35}, {"date": "2022-10-01-11-00-00", "latency": 35}, {"date": "2022-10-01-11-00-00", "latency": 35}, {"date": "2022-10-01-11-00-00", "latency": 35}, {"date": "2022-10-01-11-00-00", "latency": 35}, {"date": "2022-10-01-11-00-00", "latency": 35}, {"date": "2022-10-01-11-00-00", "latency": 35}]}, {"location": {"country_code": "sa"}, "game_id": "273486", "values": [{"date": "2022-10-01-14-00-00", "latency": 98}, {"date": "2022-10-01-14-00-00", "latency": 98}, {"date": "2022-10-01-14-00-00", "latency": 98}, {"date": "2022-10-01-16-00-00", "latency": 129}, {"date": "2022-10-01-16-00-00", "latency": 129}, {"date": "2022-10-01-16-00-00", "latency": 129}, {"date": "2022-10-01-16-00-00", "latency": 129}, {"date": "2022-10-01-16-00-00", "latency": 129}, {"date": "2022-10-01-16-00-00", "latency": 129}, {"date": "2022-10-01-16-00-00", "latency": 129}, {"date": "2022-10-01-16-00-00", "latency": 129}, {"date": "2022-10-01-16-00-00", "latency": 129}, {"date": "2022-10-02-02-00-00", "latency": 105}, {"date": "2022-10-02-02-00-00", "latency": 105}, {"date": "2022-10-02-02-00-00", "latency": 105}, {"date": "2022-10-02-02-00-00", "latency": 105}, {"date": "2022-10-02-02-00-00", "latency": 105}, {"date": "2022-10-02-02-00-00", "latency": 105}, {"date": "2022-10-02-02-00-00", "latency": 105}, {"date": "2022-10-02-02-00-00", "latency": 105}, {"date": "2022-10-02-02-00-00", "latency": 105}, {"date": "2022-10-01-03-00-00", "latency": 109}, {"date": "2022-10-01-03-00-00", "latency": 109}, {"date": "2022-10-01-03-00-00", "latency": 109}, {"date": "2022-10-01-06-00-00", "latency": 129}, {"date": "2022-10-01-06-00-00", "latency": 129}, {"date": "2022-10-01-22-00-00", "latency": 105}, {"date": "2022-10-01-22-00-00", "latency": 105}, {"date": "2022-10-01-22-00-00", "latency": 105}, {"date": "2022-10-01-22-00-00", "latency": 105}, {"date": "2022-10-01-22-00-00", "latency": 105}, {"date": "2022-10-01-03-00-00", "latency": 121}, {"date": "2022-10-01-03-00-00", "latency": 121}, {"date": "2022-10-01-03-00-00", "latency": 121}, {"date": "2022-10-01-03-00-00", "latency": 121}, {"date": "2022-10-01-03-00-00", "latency": 121}, {"date": "2022-10-01-03-00-00", "latency": 121}, {"date": "2022-10-01-14-00-00", "latency": 133}, {"date": "2022-10-01-14-00-00", "latency": 133}, {"date": "2022-10-01-14-00-00", "latency": 133}, {"date": "2022-10-01-14-00-00", "latency": 133}, {"date": "2022-10-01-14-00-00", "latency": 133}, {"date": "2022-10-01-14-00-00", "latency": 133}, {"date": "2022-10-01-14-00-00", "latency": 133}, {"date": "2022-10-01-14-00-00", "latency": 133}, {"date": "2022-10-01-14-00-00", "latency": 133}, {"date": "2022-10-01-14-00-00", "latency": 133}, {"date": "2022-10-01-14-00-00", "latency": 133}, {"date": "2022-10-02-01-00-00", "latency": 98}, {"date": "2022-10-02-01-00-00", "latency": 98}, {"date": "2022-10-02-01-00-00", "latency": 98}, {"date": "2022-10-02-01-00-00", "latency": 98}, {"date": "2022-10-02-01-00-00", "latency": 98}, {"date": "2022-10-02-01-00-00", "latency": 98}, {"date": "2022-10-02-01-00-00", "latency": 98}, {"date": "2022-10-02-01-00-00", "latency": 98}, {"date": "2022-10-02-01-00-00", "latency": 98}, {"date": "2022-10-02-01-00-00", "latency": 98}, {"date": "2022-10-02-01-00-00", "latency": 98}, {"date": "2022-10-02-01-00-00", "latency": 98}, {"date": "2022-10-02-01-00-00", "latency": 98}, {"date": "2022-10-02-01-00-00", "latency": 98}, {"date": "2022-10-01-12-00-00", "latency": 86}, {"date": "2022-10-01-12-00-00", "latency": 86}, {"date": "2022-10-01-12-00-00", "latency": 86}, {"date": "2022-10-01-12-00-00", "latency": 86}, {"date": "2022-10-01-12-00-00", "latency": 86}, {"date": "2022-10-01-12-00-00", "latency": 86}, {"date": "2022-10-01-12-00-00", "latency": 86}, {"date": "2022-10-01-12-00-00", "latency": 86}, {"date": "2022-10-01-12-00-00", "latency": 86}, {"date": "2022-10-01-12-00-00", "latency": 86}, {"date": "2022-10-01-12-00-00", "latency": 86}, {"date": "2022-10-01-12-00-00", "latency": 86}, {"date": "2022-10-01-12-00-00", "latency": 86}, {"date": "2022-10-01-12-00-00", "latency": 86}, {"date": "2022-10-01-12-00-00", "latency": 86}, {"date": "2022-10-01-12-00-00", "latency": 86}, {"date": "2022-10-01-12-00-00", "latency": 86}, {"date": "2022-10-01-12-00-00", "latency": 86}, {"date": "2022-10-01-12-00-00", "latency": 86}, {"date": "2022-10-01-12-00-00", "latency": 86}, {"date": "2022-10-01-12-00-00", "latency": 86}, {"date": "2022-10-01-12-00-00", "latency": 86}, {"date": "2022-10-01-12-00-00", "latency": 86}, {"date": "2022-10-02-01-00-00", "latency": 94}, {"date": "2022-10-02-01-00-00", "latency": 94}, {"date": "2022-10-02-01-00-00", "latency": 94}, {"date": "2022-10-02-01-00-00", "latency": 94}, {"date": "2022-10-02-01-00-00", "latency": 94}, {"date": "2022-10-02-01-00-00", "latency": 94}, {"date": "2022-10-02-01-00-00", "latency": 94}, {"date": "2022-10-02-01-00-00", "latency": 94}, {"date": "2022-10-01-18-00-00", "latency": 105}, {"date": "2022-10-01-18-00-00", "latency": 105}, {"date": "2022-10-01-18-00-00", "latency": 105}, {"date": "2022-10-01-18-00-00", "latency": 105}, {"date": "2022-10-01-18-00-00", "latency": 105}, {"date": "2022-10-01-18-00-00", "latency": 105}, {"date": "2022-10-01-18-00-00", "latency": 105}, {"date": "2022-10-01-18-00-00", "latency": 105}, {"date": "2022-10-01-18-00-00", "latency": 105}, {"date": "2022-10-01-18-00-00", "latency": 105}, {"date": "2022-10-01-18-00-00", "latency": 105}, {"date": "2022-10-01-18-00-00", "latency": 105}, {"date": "2022-10-01-18-00-00", "latency": 105}, {"date": "2022-10-01-18-00-00", "latency": 105}, {"date": "2022-10-01-18-00-00", "latency": 105}, {"date": "2022-10-01-18-00-00", "latency": 105}, {"date": "2022-10-01-18-00-00", "latency": 105}, {"date": "2022-10-01-18-00-00", "latency": 105}, {"date": "2022-10-01-18-00-00", "latency": 105}, {"date": "2022-10-01-18-00-00", "latency": 105}, {"date": "2022-10-01-18-00-00", "latency": 105}, {"date": "2022-10-01-18-00-00", "latency": 105}, {"date": "2022-10-01-18-00-00", "latency": 105}, {"date": "2022-10-01-18-00-00", "latency": 105}, {"date": "2022-10-01-18-00-00", "latency": 105}, {"date": "2022-10-01-18-00-00", "latency": 105}, {"date": "2022-10-01-18-00-00", "latency": 105}, {"date": "2022-10-01-11-00-00", "latency": 86}]}, {"location": {"country_code": "ar"}, "game_id": "273486", "values": [{"date": "2022-10-01-05-00-00", "latency": 207}, {"date": "2022-10-01-05-00-00", "latency": 207}]}, {"location": {"country_code": "fi"}, "game_id": "273486", "values": [{"date": "2022-10-01-17-00-00", "latency": 62}, {"date": "2022-10-01-17-00-00", "latency": 62}, {"date": "2022-10-01-17-00-00", "latency": 62}]}, {"location": {"country_code": "jp", "region": "Nakai"}, "game_id": "273486", "values": [{"date": "2022-10-01-15-00-00", "latency": 25}, {"date": "2022-10-01-15-00-00", "latency": 25}]}, {"location": {"country_code": "us", "region": "Texas", "city": "Houston"}, "game_id": "273486", "values": [{"date": "2022-10-01-04-00-00", "latency": 113}, {"date": "2022-10-01-04-00-00", "latency": 113}, {"date": "2022-10-01-04-00-00", "latency": 113}, {"date": "2022-10-01-04-00-00", "latency": 113}, {"date": "2022-10-01-04-00-00", "latency": 113}, {"date": "2022-10-01-04-00-00", "latency": 113}, {"date": "2022-10-01-04-00-00", "latency": 113}]}, {"location": {"country_code": "us", "region": "Alaska"}, "game_id": "273486", "values": [{"date": "2022-10-01-10-00-00", "latency": 54}, {"date": "2022-10-01-10-00-00", "latency": 54}, {"date": "2022-10-01-10-00-00", "latency": 54}, {"date": "2022-10-01-10-00-00", "latency": 54}, {"date": "2022-10-01-10-00-00", "latency": 54}, {"date": "2022-10-01-10-00-00", "latency": 54}, {"date": "2022-10-01-10-00-00", "latency": 54}, {"date": "2022-10-01-10-00-00", "latency": 54}, {"date": "2022-10-01-10-00-00", "latency": 54}, {"date": "2022-10-01-10-00-00", "latency": 94}, {"date": "2022-10-01-10-00-00", "latency": 94}]}, {"location": {"country_code": "us", "region": "Michigan"}, "game_id": "273486", "values": [{"date": "2022-10-01-08-00-00", "latency": 27}, {"date": "2022-10-01-08-00-00", "latency": 27}, {"date": "2022-10-01-08-00-00", "latency": 27}, {"date": "2022-10-01-08-00-00", "latency": 27}, {"date": "2022-10-01-08-00-00", "latency": 27}]}, {"location": {"country_code": "us", "region": "Illinois", "city": "Chicago"}, "game_id": "273486", "values": [{"date": "2022-10-01-03-00-00", "latency": 35}, {"date": "2022-10-01-03-00-00", "latency": 35}, {"date": "2022-10-01-03-00-00", "latency": 35}, {"date": "2022-10-01-03-00-00", "latency": 35}, {"date": "2022-10-01-03-00-00", "latency": 35}, {"date": "2022-10-01-03-00-00", "latency": 35}, {"date": "2022-10-01-03-00-00", "latency": 35}, {"date": "2022-10-01-20-00-00", "latency": 58}, {"date": "2022-10-01-20-00-00", "latency": 58}, {"date": "2022-10-01-20-00-00", "latency": 58}]}, {"location": {"country_code": "be"}, "game_id": "273486", "values": [{"date": "2022-10-02-01-00-00", "latency": 35}, {"date": "2022-10-02-01-00-00", "latency": 35}, {"date": "2022-10-02-01-00-00", "latency": 35}, {"date": "2022-10-02-01-00-00", "latency": 35}, {"date": "2022-10-02-01-00-00", "latency": 35}, {"date": "2022-10-02-01-00-00", "latency": 35}, {"date": "2022-10-02-01-00-00", "latency": 35}, {"date": "2022-10-02-01-00-00", "latency": 35}, {"date": "2022-10-02-01-00-00", "latency": 35}]}, {"location": {"country_code": "us", "region": "Nevada", "city": "Las Vegas"}, "game_id": "273486", "values": [{"date": "2022-10-01-07-00-00", "latency": 39}, {"date": "2022-10-01-07-00-00", "latency": 39}, {"date": "2022-10-01-07-00-00", "latency": 39}, {"date": "2022-10-01-07-00-00", "latency": 39}, {"date": "2022-10-01-07-00-00", "latency": 39}, {"date": "2022-10-01-07-00-00", "latency": 39}, {"date": "2022-10-01-07-00-00", "latency": 39}, {"date": "2022-10-01-07-00-00", "latency": 39}, {"date": "2022-10-01-07-00-00", "latency": 39}]}, {"location": {"country_code": "us", "region": "Arkansas", "city": "Little Rock"}, "game_id": "273486", "values": [{"date": "2022-10-01-05-00-00", "latency": 58}, {"date": "2022-10-01-05-00-00", "latency": 58}, {"date": "2022-10-01-05-00-00", "latency": 58}, {"date": "2022-10-01-05-00-00", "latency": 58}, {"date": "2022-10-01-05-00-00", "latency": 58}, {"date": "2022-10-01-05-00-00", "latency": 58}, {"date": "2022-10-01-05-00-00", "latency": 58}, {"date": "2022-10-01-05-00-00", "latency": 58}]}, {"location": {"country_code": "us", "region": "District of Columbia", "city": "Washington"}, "game_id": "273486", "values": [{"date": "2022-10-01-09-00-00", "latency": 39}, {"date": "2022-10-01-09-00-00", "latency": 39}, {"date": "2022-10-01-09-00-00", "latency": 39}, {"date": "2022-10-01-09-00-00", "latency": 39}, {"date": "2022-10-01-09-00-00", "latency": 39}, {"date": "2022-10-01-09-00-00", "latency": 39}, {"date": "2022-10-01-09-00-00", "latency": 39}, {"date": "2022-10-01-09-00-00", "latency": 39}, {"date": "2022-10-01-09-00-00", "latency": 39}, {"date": "2022-10-01-09-00-00", "latency": 39}, {"date": "2022-10-01-09-00-00", "latency": 39}, {"date": "2022-10-01-09-00-00", "latency": 39}, {"date": "2022-10-01-09-00-00", "latency": 39}, {"date": "2022-10-01-09-00-00", "latency": 39}, {"date": "2022-10-01-09-00-00", "latency": 39}, {"date": "2022-10-01-09-00-00", "latency": 39}, {"date": "2022-10-01-09-00-00", "latency": 39}, {"date": "2022-10-01-09-00-00", "latency": 39}, {"date": "2022-10-01-09-00-00", "latency": 39}]}, {"location": {"country_code": "py"}, "game_id": "273486", "values": [{"date": "2022-10-02-02-00-00", "latency": 70}]}, {"location": {"country_code": "us", "region": "Illinois"}, "game_id": "273486", "values": [{"date": "2022-10-01-09-00-00", "latency": 39}, {"date": "2022-10-01-09-00-00", "latency": 39}, {"date": "2022-10-01-09-00-00", "latency": 39}, {"date": "2022-10-01-09-00-00", "latency": 39}, {"date": "2022-10-01-09-00-00", "latency": 39}]}, {"location": {"country_code": "us", "region": "Wisconsin"}, "game_id": "273486", "values": [{"date": "2022-10-01-04-00-00", "latency": 43}, {"date": "2022-10-01-04-00-00", "latency": 43}, {"date": "2022-10-01-04-00-00", "latency": 43}, {"date": "2022-10-01-04-00-00", "latency": 43}, {"date": "2022-10-01-04-00-00", "latency": 43}, {"date": "2022-10-01-04-00-00", "latency": 43}, {"date": "2022-10-01-04-00-00", "latency": 43}, {"date": "2022-10-01-04-00-00", "latency": 43}, {"date": "2022-10-01-07-00-00", "latency": 54}, {"date": "2022-10-01-07-00-00", "latency": 54}]}, {"location": {"country_code": "us", "region": "Pennsylvania"}, "game_id": "273486", "values": [{"date": "2022-10-01-22-00-00", "latency": 43}, {"date": "2022-10-01-22-00-00", "latency": 43}, {"date": "2022-10-01-22-00-00", "latency": 43}, {"date": "2022-10-01-22-00-00", "latency": 43}, {"date": "2022-10-01-22-00-00", "latency": 43}, {"date": "2022-10-01-22-00-00", "latency": 43}, {"date": "2022-10-01-22-00-00", "latency": 43}, {"date": "2022-10-01-22-00-00", "latency": 43}, {"date": "2022-10-01-22-00-00", "latency": 43}, {"date": "2022-10-01-22-00-00", "latency": 43}, {"date": "2022-10-01-22-00-00", "latency": 43}]}, {"location": {"country_code": "us", "region": "Colorado"}, "game_id": "273486", "values": [{"date": "2022-10-01-08-00-00", "latency": 54}, {"date": "2022-10-01-08-00-00", "latency": 54}, {"date": "2022-10-01-08-00-00", "latency": 54}, {"date": "2022-10-01-08-00-00", "latency": 54}, {"date": "2022-10-01-08-00-00", "latency": 54}, {"date": "2022-10-01-08-00-00", "latency": 54}, {"date": "2022-10-01-08-00-00", "latency": 54}, {"date": "2022-10-01-08-00-00", "latency": 54}, {"date": "2022-10-01-08-00-00", "latency": 54}, {"date": "2022-10-01-08-00-00", "latency": 54}, {"date": "2022-10-01-08-00-00", "latency": 54}]}, {"location": {"country_code": "us", "region": "West Virginia"}, "game_id": "273486", "values": [{"date": "2022-10-01-16-00-00", "latency": 27}, {"date": "2022-10-01-16-00-00", "latency": 27}, {"date": "2022-10-01-16-00-00", "latency": 27}, {"date": "2022-10-01-16-00-00", "latency": 27}]}, {"location": {"country_code": "kw"}, "game_id": "273486", "values": [{"date": "2022-10-01-07-00-00", "latency": 70}, {"date": "2022-10-01-07-00-00", "latency": 70}, {"date": "2022-10-01-07-00-00", "latency": 70}, {"date": "2022-10-01-07-00-00", "latency": 70}, {"date": "2022-10-01-07-00-00", "latency": 70}, {"date": "2022-10-01-07-00-00", "latency": 70}, {"date": "2022-10-01-07-00-00", "latency": 70}, {"date": "2022-10-01-07-00-00", "latency": 70}, {"date": "2022-10-01-07-00-00", "latency": 70}, {"date": "2022-10-01-07-00-00", "latency": 70}, {"date": "2022-10-01-07-00-00", "latency": 70}, {"date": "2022-10-01-07-00-00", "latency": 70}, {"date": "2022-10-01-07-00-00", "latency": 70}, {"date": "2022-10-01-07-00-00", "latency": 70}, {"date": "2022-10-01-07-00-00", "latency": 70}, {"date": "2022-10-01-07-00-00", "latency": 70}, {"date": "2022-10-02-02-00-00", "latency": 113}, {"date": "2022-10-02-02-00-00", "latency": 113}, {"date": "2022-10-02-02-00-00", "latency": 113}, {"date": "2022-10-02-02-00-00", "latency": 113}, {"date": "2022-10-02-02-00-00", "latency": 113}, {"date": "2022-10-02-02-00-00", "latency": 113}, {"date": "2022-10-02-02-00-00", "latency": 113}, {"date": "2022-10-02-02-00-00", "latency": 113}, {"date": "2022-10-02-02-00-00", "latency": 113}, {"date": "2022-10-02-02-00-00", "latency": 113}, {"date": "2022-10-02-02-00-00", "latency": 113}, {"date": "2022-10-02-02-00-00", "latency": 113}, {"date": "2022-10-02-02-00-00", "latency": 113}, {"date": "2022-10-02-02-00-00", "latency": 113}, {"date": "2022-10-02-02-00-00", "latency": 113}, {"date": "2022-10-02-02-00-00", "latency": 113}, {"date": "2022-10-02-02-00-00", "latency": 113}, {"date": "2022-10-02-02-00-00", "latency": 113}]}, {"location": {"country_code": "ec", "region": "Guayas", "city": "Guayaquil"}, "game_id": "273486", "values": [{"date": "2022-10-01-13-00-00", "latency": 105}]}, {"location": {"country_code": "us", "region": "Texas", "city": "Irving"}, "game_id": "273486", "values": [{"date": "2022-10-01-12-00-00", "latency": 7}, {"date": "2022-10-01-12-00-00", "latency": 7}, {"date": "2022-10-01-12-00-00", "latency": 7}, {"date": "2022-10-01-12-00-00", "latency": 7}, {"date": "2022-10-01-12-00-00", "latency": 7}, {"date": "2022-10-01-12-00-00", "latency": 7}, {"date": "2022-10-01-12-00-00", "latency": 7}, {"date": "2022-10-01-17-00-00", "latency": 156}, {"date": "2022-10-01-17-00-00", "latency": 156}, {"date": "2022-10-01-17-00-00", "latency": 156}, {"date": "2022-10-01-17-00-00", "latency": 156}, {"date": "2022-10-01-17-00-00", "latency": 156}, {"date": "2022-10-01-17-00-00", "latency": 156}, {"date": "2022-10-01-17-00-00", "latency": 156}, {"date": "2022-10-01-17-00-00", "latency": 156}, {"date": "2022-10-01-17-00-00", "latency": 156}, {"date": "2022-10-01-17-00-00", "latency": 156}, {"date": "2022-10-01-17-00-00", "latency": 156}, {"date": "2022-10-01-17-00-00", "latency": 156}, {"date": "2022-10-01-17-00-00", "latency": 156}, {"date": "2022-10-01-17-00-00", "latency": 156}, {"date": "2022-10-01-17-00-00", "latency": 156}, {"date": "2022-10-01-17-00-00", "latency": 156}, {"date": "2022-10-01-17-00-00", "latency": 156}]}, {"location": {"country_code": "us", "region": "Missouri", "city": "St. Louis"}, "game_id": "273486", "values": [{"date": "2022-10-01-03-00-00", "latency": 35}, {"date": "2022-10-01-03-00-00", "latency": 35}]}, {"location": {"country_code": "us", "region": "Tennessee", "city": "Nashville"}, "game_id": "273486", "values": [{"date": "2022-10-01-17-00-00", "latency": 27}, {"date": "2022-10-01-17-00-00", "latency": 27}, {"date": "2022-10-01-17-00-00", "latency": 27}, {"date": "2022-10-01-17-00-00", "latency": 27}, {"date": "2022-10-01-17-00-00", "latency": 27}, {"date": "2022-10-01-17-00-00", "latency": 27}, {"date": "2022-10-01-17-00-00", "latency": 27}, {"date": "2022-10-01-17-00-00", "latency": 27}, {"date": "2022-10-01-17-00-00", "latency": 27}]}, {"location": {"country_code": "us", "region": "California", "city": "Ojai"}, "game_id": "273486", "values": [{"date": "2022-10-01-09-00-00", "latency": 15}, {"date": "2022-10-01-09-00-00", "latency": 15}, {"date": "2022-10-01-09-00-00", "latency": 15}, {"date": "2022-10-01-09-00-00", "latency": 15}, {"date": "2022-10-01-09-00-00", "latency": 15}, {"date": "2022-10-01-09-00-00", "latency": 15}, {"date": "2022-10-01-09-00-00", "latency": 15}, {"date": "2022-10-01-09-00-00", "latency": 15}, {"date": "2022-10-01-09-00-00", "latency": 15}, {"date": "2022-10-01-09-00-00", "latency": 15}, {"date": "2022-10-01-09-00-00", "latency": 15}, {"date": "2022-10-01-09-00-00", "latency": 15}, {"date": "2022-10-01-09-00-00", "latency": 15}, {"date": "2022-10-01-09-00-00", "latency": 15}]}, {"location": {"country_code": "us", "region": "Missouri", "city": "Joplin"}, "game_id": "273486", "values": [{"date": "2022-10-01-09-00-00", "latency": 54}, {"date": "2022-10-01-09-00-00", "latency": 54}, {"date": "2022-10-01-09-00-00", "latency": 54}]}, {"location": {"country_code": "dj"}, "game_id": "273486", "values": [{"date": "2022-10-01-08-00-00", "latency": 31}, {"date": "2022-10-01-08-00-00", "latency": 31}, {"date": "2022-10-01-08-00-00", "latency": 31}, {"date": "2022-10-01-08-00-00", "latency": 31}, {"date": "2022-10-01-08-00-00", "latency": 31}]}, {"location": {"country_code": "us", "region": "Utah", "city": "Salt Lake City"}, "game_id": "273486", "values": [{"date": "2022-10-01-11-00-00", "latency": 52}]}, {"location": {"country_code": "us", "region": "Arkansas"}, "game_id": "273486", "values": [{"date": "2022-10-02-00-00-00", "latency": 62}, {"date": "2022-10-02-00-00-00", "latency": 62}, {"date": "2022-10-02-00-00-00", "latency": 62}, {"date": "2022-10-02-00-00-00", "latency": 62}]}, {"location": {"country_code": "sa", "region": "Riyadh Region", "city": "Wadi Ad Dawasir"}, "game_id": "273486", "values": [{"date": "2022-10-01-03-00-00", "latency": 94}, {"date": "2022-10-01-03-00-00", "latency": 94}, {"date": "2022-10-01-11-00-00", "latency": 78}, {"date": "2022-10-01-11-00-00", "latency": 78}, {"date": "2022-10-01-11-00-00", "latency": 78}, {"date": "2022-10-01-11-00-00", "latency": 78}, {"date": "2022-10-01-11-00-00", "latency": 78}, {"date": "2022-10-01-11-00-00", "latency": 78}, {"date": "2022-10-01-11-00-00", "latency": 78}, {"date": "2022-10-01-11-00-00", "latency": 78}, {"date": "2022-10-01-11-00-00", "latency": 78}, {"date": "2022-10-01-11-00-00", "latency": 78}, {"date": "2022-10-01-11-00-00", "latency": 78}, {"date": "2022-10-01-11-00-00", "latency": 78}, {"date": "2022-10-01-11-00-00", "latency": 78}, {"date": "2022-10-02-00-00-00", "latency": 101}, {"date": "2022-10-02-00-00-00", "latency": 101}, {"date": "2022-10-02-00-00-00", "latency": 101}, {"date": "2022-10-02-00-00-00", "latency": 101}, {"date": "2022-10-02-00-00-00", "latency": 101}, {"date": "2022-10-02-00-00-00", "latency": 101}, {"date": "2022-10-02-00-00-00", "latency": 101}, {"date": "2022-10-02-00-00-00", "latency": 101}, {"date": "2022-10-01-19-00-00", "latency": 94}, {"date": "2022-10-01-19-00-00", "latency": 94}, {"date": "2022-10-01-19-00-00", "latency": 94}, {"date": "2022-10-01-19-00-00", "latency": 94}, {"date": "2022-10-01-19-00-00", "latency": 94}, {"date": "2022-10-01-19-00-00", "latency": 94}, {"date": "2022-10-01-19-00-00", "latency": 94}, {"date": "2022-10-01-19-00-00", "latency": 94}, {"date": "2022-10-01-19-00-00", "latency": 94}, {"date": "2022-10-01-19-00-00", "latency": 94}, {"date": "2022-10-01-19-00-00", "latency": 94}, {"date": "2022-10-01-19-00-00", "latency": 94}, {"date": "2022-10-01-19-00-00", "latency": 94}, {"date": "2022-10-01-19-00-00", "latency": 94}, {"date": "2022-10-01-19-00-00", "latency": 94}]}, {"location": {"country_code": "de", "region": "Baden-Wurttemberg", "city": "Stuttgart"}, "game_id": "273486", "values": [{"date": "2022-10-02-00-00-00", "latency": 31}, {"date": "2022-10-02-00-00-00", "latency": 31}, {"date": "2022-10-02-00-00-00", "latency": 31}, {"date": "2022-10-02-00-00-00", "latency": 31}]}, {"location": {"country_code": "us", "region": "North Dakota"}, "game_id": "273486", "values": [{"date": "2022-10-01-05-00-00", "latency": 50}, {"date": "2022-10-01-05-00-00", "latency": 50}, {"date": "2022-10-01-05-00-00", "latency": 50}, {"date": "2022-10-01-05-00-00", "latency": 50}, {"date": "2022-10-01-05-00-00", "latency": 50}, {"date": "2022-10-01-05-00-00", "latency": 50}, {"date": "2022-10-01-05-00-00", "latency": 50}, {"date": "2022-10-01-05-00-00", "latency": 50}, {"date": "2022-10-01-05-00-00", "latency": 50}, {"date": "2022-10-01-05-00-00", "latency": 50}, {"date": "2022-10-01-05-00-00", "latency": 50}, {"date": "2022-10-01-05-00-00", "latency": 50}]}, {"location": {"country_code": "ae"}, "game_id": "273486", "values": [{"date": "2022-10-02-01-00-00", "latency": 121}, {"date": "2022-10-02-01-00-00", "latency": 121}, {"date": "2022-10-02-01-00-00", "latency": 121}, {"date": "2022-10-02-01-00-00", "latency": 121}, {"date": "2022-10-02-01-00-00", "latency": 121}, {"date": "2022-10-02-01-00-00", "latency": 121}, {"date": "2022-10-02-01-00-00", "latency": 121}]}, {"location": {"country_code": "bb"}, "game_id": "273486", "values": [{"date": "2022-10-02-01-00-00", "latency": 31}]}, {"location": {"country_code": "us", "region": "State of Wyoming", "city": "Cheyenne"}, "game_id": "273486", "values": [{"date": "2022-10-01-11-00-00", "latency": 50}, {"date": "2022-10-01-11-00-00", "latency": 50}, {"date": "2022-10-01-11-00-00", "latency": 50}, {"date": "2022-10-01-11-00-00", "latency": 50}, {"date": "2022-10-01-11-00-00", "latency": 50}, {"date": "2022-10-01-11-00-00", "latency": 50}, {"date": "2022-10-01-11-00-00", "latency": 50}]}, {"location": {"country_code": "bh"}, "game_id": "273486", "values": [{"date": "2022-10-01-19-00-00", "latency": 101}]}, {"location": {"country_code": "ar", "region": "Buenos Aires", "city": "Temperley"}, "game_id": "273486", "values": [{"date": "2022-10-01-09-00-00", "latency": 160}, {"date": "2022-10-01-09-00-00", "latency": 160}]}, {"location": {"country_code": "tt"}, "game_id": "273486", "values": [{"date": "2022-10-01-08-00-00", "latency": 74}, {"date": "2022-10-01-08-00-00", "latency": 74}, {"date": "2022-10-01-08-00-00", "latency": 74}]}, {"location": {"country_code": "us", "region": "Minnesota", "city": "St. Paul"}, "game_id": "273486", "values": [{"date": "2022-10-02-01-00-00", "latency": 101}, {"date": "2022-10-02-01-00-00", "latency": 101}, {"date": "2022-10-02-01-00-00", "latency": 101}, {"date": "2022-10-02-01-00-00", "latency": 101}, {"date": "2022-10-02-01-00-00", "latency": 101}, {"date": "2022-10-02-01-00-00", "latency": 101}]}, {"location": {"country_code": "fi", "region": "Uusimaa", "city": "Helsinki"}, "game_id": "273486", "values": [{"date": "2022-10-01-19-00-00", "latency": 43}]}, {"location": {"country_code": "nl", "region": "South Holland", "city": "The Hague"}, "game_id": "273486", "values": [{"date": "2022-10-01-03-00-00", "latency": 19}, {"date": "2022-10-01-03-00-00", "latency": 19}, {"date": "2022-10-01-03-00-00", "latency": 19}]}, {"location": {"country_code": "it", "region": "Veneto", "city": "Padua"}, "game_id": "273486", "values": [{"date": "2022-10-02-02-00-00", "latency": 31}]}, {"location": {"country_code": "br", "region": "Estado de Bahia", "city": "Simoes Filho"}, "game_id": "273486", "values": [{"date": "2022-10-01-03-00-00", "latency": 168}, {"date": "2022-10-01-03-00-00", "latency": 168}, {"date": "2022-10-01-03-00-00", "latency": 168}, {"date": "2022-10-01-03-00-00", "latency": 168}]}, {"location": {"country_code": "gb", "region": "England", "city": "Catterick Garrison"}, "game_id": "273486", "values": [{"date": "2022-10-01-18-00-00", "latency": 23}, {"date": "2022-10-01-18-00-00", "latency": 23}, {"date": "2022-10-01-18-00-00", "latency": 23}, {"date": "2022-10-01-18-00-00", "latency": 23}, {"date": "2022-10-01-18-00-00", "latency": 23}, {"date": "2022-10-01-18-00-00", "latency": 23}, {"date": "2022-10-01-18-00-00", "latency": 23}, {"date": "2022-10-01-18-00-00", "latency": 23}]}, {"location": {"country_code": "gb", "region": "England", "city": "Wolverhampton"}, "game_id": "273486", "values": [{"date": "2022-10-01-17-00-00", "latency": 43}]}, {"location": {"country_code": "us", "region": "Ohio", "city": "Canton"}, "game_id": "273486", "values": [{"date": "2022-10-01-12-00-00", "latency": 86}, {"date": "2022-10-01-12-00-00", "latency": 86}]}, {"location": {"country_code": "us", "region": "Wisconsin", "city": "Kenosha"}, "game_id": "273486", "values": [{"date": "2022-10-01-15-00-00", "latency": 143}, {"date": "2022-10-01-15-00-00", "latency": 143}, {"date": "2022-10-01-15-00-00", "latency": 143}, {"date": "2022-10-01-15-00-00", "latency": 143}, {"date": "2022-10-01-15-00-00", "latency": 143}, {"date": "2022-10-01-15-00-00", "latency": 143}, {"date": "2022-10-01-15-00-00", "latency": 143}, {"date": "2022-10-01-15-00-00", "latency": 143}, {"date": "2022-10-01-15-00-00", "latency": 143}, {"date": "2022-10-01-15-00-00", "latency": 143}, {"date": "2022-10-01-15-00-00", "latency": 143}, {"date": "2022-10-01-15-00-00", "latency": 143}, {"date": "2022-10-01-15-00-00", "latency": 143}, {"date": "2022-10-01-15-00-00", "latency": 143}, {"date": "2022-10-01-15-00-00", "latency": 143}, {"date": "2022-10-01-15-00-00", "latency": 143}, {"date": "2022-10-01-15-00-00", "latency": 143}, {"date": "2022-10-01-15-00-00", "latency": 143}, {"date": "2022-10-01-15-00-00", "latency": 143}, {"date": "2022-10-01-15-00-00", "latency": 143}, {"date": "2022-10-01-15-00-00", "latency": 143}, {"date": "2022-10-01-15-00-00", "latency": 143}, {"date": "2022-10-01-15-00-00", "latency": 143}, {"date": "2022-10-01-15-00-00", "latency": 143}, {"date": "2022-10-01-15-00-00", "latency": 143}, {"date": "2022-10-01-15-00-00", "latency": 143}, {"date": "2022-10-01-15-00-00", "latency": 143}, {"date": "2022-10-01-15-00-00", "latency": 143}, {"date": "2022-10-01-15-00-00", "latency": 143}, {"date": "2022-10-01-15-00-00", "latency": 143}, {"date": "2022-10-01-15-00-00", "latency": 143}, {"date": "2022-10-01-15-00-00", "latency": 143}, {"date": "2022-10-01-15-00-00", "latency": 143}, {"date": "2022-10-01-15-00-00", "latency": 143}, {"date": "2022-10-01-15-00-00", "latency": 143}, {"date": "2022-10-01-15-00-00", "latency": 143}, {"date": "2022-10-01-15-00-00", "latency": 143}, {"date": "2022-10-01-15-00-00", "latency": 143}, {"date": "2022-10-01-15-00-00", "latency": 143}, {"date": "2022-10-01-15-00-00", "latency": 143}, {"date": "2022-10-01-15-00-00", "latency": 143}, {"date": "2022-10-01-15-00-00", "latency": 143}, {"date": "2022-10-01-15-00-00", "latency": 143}, {"date": "2022-10-01-15-00-00", "latency": 143}, {"date": "2022-10-01-15-00-00", "latency": 143}, {"date": "2022-10-01-15-00-00", "latency": 143}]}, {"location": {"country_code": "br", "region": "Mato Grosso", "city": "Rondonopolis"}, "game_id": "273486", "values": [{"date": "2022-10-01-21-00-00", "latency": 35}, {"date": "2022-10-01-21-00-00", "latency": 35}, {"date": "2022-10-01-21-00-00", "latency": 35}, {"date": "2022-10-01-21-00-00", "latency": 35}, {"date": "2022-10-01-21-00-00", "latency": 35}, {"date": "2022-10-01-21-00-00", "latency": 35}, {"date": "2022-10-01-21-00-00", "latency": 35}, {"date": "2022-10-01-21-00-00", "latency": 35}, {"date": "2022-10-01-21-00-00", "latency": 35}, {"date": "2022-10-01-21-00-00", "latency": 35}, {"date": "2022-10-01-21-00-00", "latency": 35}, {"date": "2022-10-01-21-00-00", "latency": 35}, {"date": "2022-10-01-21-00-00", "latency": 35}]}, {"location": {"country_code": "us", "region": "Illinois", "city": "Princeton"}, "game_id": "273486", "values": [{"date": "2022-10-01-08-00-00", "latency": 35}]}, {"location": {"country_code": "us", "region": "Indiana", "city": "Crown Point"}, "game_id": "273486", "values": [{"date": "2022-10-02-02-00-00", "latency": 35}, {"date": "2022-10-02-02-00-00", "latency": 35}]}, {"location": {"country_code": "us", "region": "Texas", "city": "Leander"}, "game_id": "273486", "values": [{"date": "2022-10-01-19-00-00", "latency": 39}, {"date": "2022-10-01-19-00-00", "latency": 39}, {"date": "2022-10-01-19-00-00", "latency": 39}]}, {"location": {"country_code": "us", "region": "California", "city": "Ceres"}, "game_id": "273486", "values": [{"date": "2022-10-01-02-00-00", "latency": 39}]}], "last_updated": 1719926578.053169}