{"data": [{"location": {"country_code": "us"}, "game_id": "747108", "values": [{"date": "2022-09-16-05-00-00", "latency": 62}, {"date": "2022-09-16-05-00-00", "latency": 62}, {"date": "2022-09-16-05-00-00", "latency": 39}, {"date": "2022-09-16-05-00-00", "latency": 39}, {"date": "2022-09-16-05-00-00", "latency": 39}, {"date": "2022-09-16-05-00-00", "latency": 39}, {"date": "2022-09-16-05-00-00", "latency": 39}, {"date": "2022-09-16-05-00-00", "latency": 39}, {"date": "2022-09-16-05-00-00", "latency": 39}, {"date": "2022-09-16-05-00-00", "latency": 39}, {"date": "2022-09-16-05-00-00", "latency": 39}, {"date": "2022-09-16-05-00-00", "latency": 39}, {"date": "2022-09-16-05-00-00", "latency": 39}, {"date": "2022-09-16-05-00-00", "latency": 39}, {"date": "2022-09-16-05-00-00", "latency": 39}, {"date": "2022-09-16-05-00-00", "latency": 39}, {"date": "2022-09-16-05-00-00", "latency": 39}, {"date": "2022-09-16-05-00-00", "latency": 39}, {"date": "2022-09-16-05-00-00", "latency": 39}, {"date": "2022-09-16-05-00-00", "latency": 39}, {"date": "2022-09-16-05-00-00", "latency": 39}, {"date": "2022-09-16-05-00-00", "latency": 39}, {"date": "2022-09-16-05-00-00", "latency": 39}, {"date": "2022-09-16-05-00-00", "latency": 39}, {"date": "2022-09-16-05-00-00", "latency": 39}, {"date": "2022-09-16-05-00-00", "latency": 39}, {"date": "2022-09-16-05-00-00", "latency": 39}, {"date": "2022-09-16-16-00-00", "latency": 15}, {"date": "2022-09-16-06-00-00", "latency": 23}]}, {"location": {"country_code": "gb"}, "game_id": "747108", "values": [{"date": "2022-09-16-20-00-00", "latency": 4}, {"date": "2022-09-16-20-00-00", "latency": 4}]}, {"location": {"country_code": "th"}, "game_id": "747108", "values": [{"date": "2022-09-16-21-00-00", "latency": 156}, {"date": "2022-09-16-21-00-00", "latency": 156}, {"date": "2022-09-16-21-00-00", "latency": 156}, {"date": "2022-09-16-21-00-00", "latency": 156}, {"date": "2022-09-16-21-00-00", "latency": 156}, {"date": "2022-09-16-21-00-00", "latency": 156}, {"date": "2022-09-16-21-00-00", "latency": 156}, {"date": "2022-09-16-21-00-00", "latency": 156}, {"date": "2022-09-16-21-00-00", "latency": 156}, {"date": "2022-09-16-21-00-00", "latency": 156}, {"date": "2022-09-16-21-00-00", "latency": 156}, {"date": "2022-09-16-21-00-00", "latency": 156}, {"date": "2022-09-16-21-00-00", "latency": 156}, {"date": "2022-09-16-21-00-00", "latency": 156}, {"date": "2022-09-16-21-00-00", "latency": 156}, {"date": "2022-09-16-21-00-00", "latency": 156}, {"date": "2022-09-16-21-00-00", "latency": 156}, {"date": "2022-09-16-21-00-00", "latency": 156}, {"date": "2022-09-16-21-00-00", "latency": 156}, {"date": "2022-09-16-21-00-00", "latency": 156}, {"date": "2022-09-16-21-00-00", "latency": 156}]}, {"location": {"country_code": "nl"}, "game_id": "747108", "values": [{"date": "2022-09-17-00-00-00", "latency": 156}, {"date": "2022-09-17-00-00-00", "latency": 156}, {"date": "2022-09-17-00-00-00", "latency": 156}, {"date": "2022-09-17-00-00-00", "latency": 156}, {"date": "2022-09-17-00-00-00", "latency": 156}, {"date": "2022-09-17-00-00-00", "latency": 156}, {"date": "2022-09-17-00-00-00", "latency": 156}, {"date": "2022-09-17-00-00-00", "latency": 156}, {"date": "2022-09-17-00-00-00", "latency": 156}, {"date": "2022-09-17-00-00-00", "latency": 156}, {"date": "2022-09-17-00-00-00", "latency": 156}, {"date": "2022-09-17-00-00-00", "latency": 156}, {"date": "2022-09-17-00-00-00", "latency": 156}, {"date": "2022-09-17-00-00-00", "latency": 156}]}, {"location": {"country_code": "ro"}, "game_id": "747108", "values": [{"date": "2022-09-16-15-00-00", "latency": 16}, {"date": "2022-09-16-15-00-00", "latency": 16}, {"date": "2022-09-16-15-00-00", "latency": 16}, {"date": "2022-09-16-15-00-00", "latency": 16}]}, {"location": {"country_code": "ca"}, "game_id": "747108", "values": [{"date": "2022-09-16-05-00-00", "latency": 87}, {"date": "2022-09-17-02-00-00", "latency": 31}, {"date": "2022-09-17-02-00-00", "latency": 31}, {"date": "2022-09-17-02-00-00", "latency": 31}, {"date": "2022-09-16-10-00-00", "latency": 31}, {"date": "2022-09-16-10-00-00", "latency": 31}, {"date": "2022-09-16-10-00-00", "latency": 31}, {"date": "2022-09-16-10-00-00", "latency": 31}, {"date": "2022-09-16-10-00-00", "latency": 31}, {"date": "2022-09-16-07-00-00", "latency": 16}, {"date": "2022-09-16-07-00-00", "latency": 16}]}, {"location": {"country_code": "ca", "region": "Ontario"}, "game_id": "747108", "values": [{"date": "2022-09-17-02-00-00", "latency": 3}, {"date": "2022-09-17-02-00-00", "latency": 3}]}, {"location": {"country_code": "de"}, "game_id": "747108", "values": [{"date": "2022-09-16-23-00-00", "latency": 15}]}, {"location": {"country_code": "tw"}, "game_id": "747108", "values": [{"date": "2022-09-16-12-00-00", "latency": 0}]}, {"location": {"country_code": "cl"}, "game_id": "747108", "values": [{"date": "2022-09-16-19-00-00", "latency": 47}, {"date": "2022-09-16-19-00-00", "latency": 47}]}, {"location": {"country_code": "us", "region": "Florida"}, "game_id": "747108", "values": [{"date": "2022-09-16-13-00-00", "latency": 93}, {"date": "2022-09-16-13-00-00", "latency": 93}, {"date": "2022-09-16-13-00-00", "latency": 93}, {"date": "2022-09-16-13-00-00", "latency": 93}, {"date": "2022-09-16-13-00-00", "latency": 93}]}, {"location": {"country_code": "ph"}, "game_id": "747108", "values": [{"date": "2022-09-16-20-00-00", "latency": 140}, {"date": "2022-09-16-20-00-00", "latency": 140}, {"date": "2022-09-16-20-00-00", "latency": 140}, {"date": "2022-09-16-20-00-00", "latency": 140}, {"date": "2022-09-16-20-00-00", "latency": 140}, {"date": "2022-09-16-20-00-00", "latency": 140}, {"date": "2022-09-16-20-00-00", "latency": 140}, {"date": "2022-09-16-20-00-00", "latency": 140}, {"date": "2022-09-16-18-00-00", "latency": 7}, {"date": "2022-09-16-18-00-00", "latency": 7}, {"date": "2022-09-16-18-00-00", "latency": 7}, {"date": "2022-09-16-18-00-00", "latency": 7}, {"date": "2022-09-16-23-00-00", "latency": 141}, {"date": "2022-09-16-23-00-00", "latency": 141}, {"date": "2022-09-16-23-00-00", "latency": 141}, {"date": "2022-09-16-23-00-00", "latency": 141}, {"date": "2022-09-16-23-00-00", "latency": 141}, {"date": "2022-09-16-23-00-00", "latency": 141}, {"date": "2022-09-16-23-00-00", "latency": 141}, {"date": "2022-09-16-23-00-00", "latency": 141}, {"date": "2022-09-16-23-00-00", "latency": 141}, {"date": "2022-09-16-23-00-00", "latency": 141}, {"date": "2022-09-16-23-00-00", "latency": 141}, {"date": "2022-09-16-23-00-00", "latency": 141}, {"date": "2022-09-16-23-00-00", "latency": 141}, {"date": "2022-09-16-06-00-00", "latency": 203}]}, {"location": {"country_code": "fr"}, "game_id": "747108", "values": [{"date": "2022-09-17-02-00-00", "latency": 3}, {"date": "2022-09-17-02-00-00", "latency": 3}, {"date": "2022-09-17-02-00-00", "latency": 3}, {"date": "2022-09-17-02-00-00", "latency": 3}, {"date": "2022-09-17-02-00-00", "latency": 3}, {"date": "2022-09-17-02-00-00", "latency": 3}, {"date": "2022-09-17-02-00-00", "latency": 3}, {"date": "2022-09-17-02-00-00", "latency": 3}, {"date": "2022-09-17-02-00-00", "latency": 3}, {"date": "2022-09-17-02-00-00", "latency": 3}, {"date": "2022-09-17-02-00-00", "latency": 3}, {"date": "2022-09-17-02-00-00", "latency": 3}, {"date": "2022-09-16-18-00-00", "latency": 26}]}, {"location": {"country_code": "mx"}, "game_id": "747108", "values": [{"date": "2022-09-17-00-00-00", "latency": 3}, {"date": "2022-09-16-10-00-00", "latency": 78}, {"date": "2022-09-16-10-00-00", "latency": 78}, {"date": "2022-09-16-10-00-00", "latency": 78}, {"date": "2022-09-16-10-00-00", "latency": 78}, {"date": "2022-09-16-10-00-00", "latency": 78}, {"date": "2022-09-16-10-00-00", "latency": 78}, {"date": "2022-09-16-10-00-00", "latency": 78}]}, {"location": {"country_code": "us", "region": "California", "city": "San Francisco"}, "game_id": "747108", "values": [{"date": "2022-09-16-06-00-00", "latency": 4}]}, {"location": {"country_code": "br"}, "game_id": "747108", "values": [{"date": "2022-09-17-00-00-00", "latency": 3}, {"date": "2022-09-17-00-00-00", "latency": 3}, {"date": "2022-09-17-01-00-00", "latency": 46}, {"date": "2022-09-17-01-00-00", "latency": 46}, {"date": "2022-09-16-22-00-00", "latency": 5}, {"date": "2022-09-16-22-00-00", "latency": 5}, {"date": "2022-09-16-22-00-00", "latency": 5}, {"date": "2022-09-16-22-00-00", "latency": 5}, {"date": "2022-09-16-22-00-00", "latency": 5}, {"date": "2022-09-16-22-00-00", "latency": 5}, {"date": "2022-09-16-22-00-00", "latency": 5}, {"date": "2022-09-16-22-00-00", "latency": 5}, {"date": "2022-09-16-22-00-00", "latency": 5}, {"date": "2022-09-16-22-00-00", "latency": 5}, {"date": "2022-09-16-22-00-00", "latency": 5}, {"date": "2022-09-16-22-00-00", "latency": 5}, {"date": "2022-09-16-22-00-00", "latency": 5}, {"date": "2022-09-16-22-00-00", "latency": 5}, {"date": "2022-09-16-06-00-00", "latency": 47}, {"date": "2022-09-16-06-00-00", "latency": 47}, {"date": "2022-09-16-06-00-00", "latency": 47}, {"date": "2022-09-16-05-00-00", "latency": 1}, {"date": "2022-09-16-05-00-00", "latency": 1}, {"date": "2022-09-16-05-00-00", "latency": 1}]}, {"location": {"country_code": "us", "region": "Texas", "city": "Irving"}, "game_id": "747108", "values": [{"date": "2022-09-16-05-00-00", "latency": 8}]}, {"location": {"country_code": "au"}, "game_id": "747108", "values": [{"date": "2022-09-16-15-00-00", "latency": 203}, {"date": "2022-09-16-15-00-00", "latency": 203}, {"date": "2022-09-16-06-00-00", "latency": 2}]}, {"location": {"country_code": "tr"}, "game_id": "747108", "values": [{"date": "2022-09-16-17-00-00", "latency": 63}, {"date": "2022-09-16-17-00-00", "latency": 63}, {"date": "2022-09-16-17-00-00", "latency": 63}, {"date": "2022-09-16-17-00-00", "latency": 63}]}, {"location": {"country_code": "kr"}, "game_id": "747108", "values": [{"date": "2022-09-16-05-00-00", "latency": 8}, {"date": "2022-09-16-05-00-00", "latency": 8}]}, {"location": {"country_code": "se", "region": "Gavleborg County", "city": "Gavle"}, "game_id": "747108", "values": [{"date": "2022-09-16-18-00-00", "latency": 3}, {"date": "2022-09-16-18-00-00", "latency": 3}, {"date": "2022-09-16-18-00-00", "latency": 3}, {"date": "2022-09-16-18-00-00", "latency": 3}, {"date": "2022-09-16-18-00-00", "latency": 3}]}, {"location": {"country_code": "ar"}, "game_id": "747108", "values": [{"date": "2022-09-16-16-00-00", "latency": 3}]}, {"location": {"country_code": "fi"}, "game_id": "747108", "values": [{"date": "2022-09-17-01-00-00", "latency": 7}]}, {"location": {"country_code": "at", "region": "Vienna"}, "game_id": "747108", "values": [{"date": "2022-09-16-21-00-00", "latency": 15}, {"date": "2022-09-16-21-00-00", "latency": 15}, {"date": "2022-09-16-21-00-00", "latency": 15}]}, {"location": {"country_code": "us", "region": "Illinois", "city": "Chicago"}, "game_id": "747108", "values": [{"date": "2022-09-16-05-00-00", "latency": 31}, {"date": "2022-09-16-05-00-00", "latency": 31}]}, {"location": {"country_code": "at"}, "game_id": "747108", "values": [{"date": "2022-09-16-22-00-00", "latency": 31}]}, {"location": {"country_code": "br", "region": "Estado de Bahia", "city": "Salvador"}, "game_id": "747108", "values": [{"date": "2022-09-16-05-00-00", "latency": 2}]}, {"location": {"country_code": "ua"}, "game_id": "747108", "values": [{"date": "2022-09-16-16-00-00", "latency": 4}]}, {"location": {"country_code": "kr", "region": "Seoul"}, "game_id": "747108", "values": [{"date": "2022-09-16-03-00-00", "latency": 187}, {"date": "2022-09-16-03-00-00", "latency": 187}]}, {"location": {"country_code": "sg"}, "game_id": "747108", "values": [{"date": "2022-09-16-15-00-00", "latency": 21}, {"date": "2022-09-16-15-00-00", "latency": 21}]}, {"location": {"country_code": "tr", "region": "Marmara Bolgesi", "city": "Istanbul"}, "game_id": "747108", "values": [{"date": "2022-09-17-01-00-00", "latency": 31}, {"date": "2022-09-17-01-00-00", "latency": 31}, {"date": "2022-09-17-01-00-00", "latency": 31}, {"date": "2022-09-17-01-00-00", "latency": 31}, {"date": "2022-09-17-01-00-00", "latency": 31}]}, {"location": {"country_code": "pt"}, "game_id": "747108", "values": [{"date": "2022-09-17-02-00-00", "latency": 78}, {"date": "2022-09-17-02-00-00", "latency": 78}, {"date": "2022-09-17-02-00-00", "latency": 78}]}, {"location": {"country_code": "fr", "region": "Alvernia-Rodano-Alpi", "city": "Mars"}, "game_id": "747108", "values": [{"date": "2022-09-16-18-00-00", "latency": 7}]}, {"location": {"country_code": "hr"}, "game_id": "747108", "values": [{"date": "2022-09-16-18-00-00", "latency": 3}, {"date": "2022-09-16-18-00-00", "latency": 3}, {"date": "2022-09-17-00-00-00", "latency": 31}, {"date": "2022-09-17-00-00-00", "latency": 31}, {"date": "2022-09-17-00-00-00", "latency": 31}, {"date": "2022-09-17-00-00-00", "latency": 31}]}, {"location": {"country_code": "ca", "region": "Quebec"}, "game_id": "747108", "values": [{"date": "2022-09-16-20-00-00", "latency": 3}, {"date": "2022-09-16-20-00-00", "latency": 3}, {"date": "2022-09-16-20-00-00", "latency": 3}, {"date": "2022-09-16-20-00-00", "latency": 3}]}, {"location": {"country_code": "mx", "region": "Sonora"}, "game_id": "747108", "values": [{"date": "2022-09-16-09-00-00", "latency": 3}]}, {"location": {"country_code": "de", "region": "North Rhine-Westphalia"}, "game_id": "747108", "values": [{"date": "2022-09-16-23-00-00", "latency": 15}, {"date": "2022-09-16-23-00-00", "latency": 15}, {"date": "2022-09-16-23-00-00", "latency": 15}, {"date": "2022-09-16-23-00-00", "latency": 15}, {"date": "2022-09-16-23-00-00", "latency": 15}]}, {"location": {"country_code": "es", "region": "Valencia", "city": "Orihuela"}, "game_id": "747108", "values": [{"date": "2022-09-16-22-00-00", "latency": 31}, {"date": "2022-09-16-22-00-00", "latency": 31}, {"date": "2022-09-16-22-00-00", "latency": 31}, {"date": "2022-09-16-22-00-00", "latency": 31}, {"date": "2022-09-16-22-00-00", "latency": 31}, {"date": "2022-09-16-22-00-00", "latency": 31}, {"date": "2022-09-16-22-00-00", "latency": 31}, {"date": "2022-09-16-22-00-00", "latency": 31}]}, {"location": {"country_code": "br", "region": "Sao Paulo", "city": "Sertaozinho"}, "game_id": "747108", "values": [{"date": "2022-09-17-00-00-00", "latency": 3}]}, {"location": {"country_code": "ca", "region": "British Columbia", "city": "Victoria"}, "game_id": "747108", "values": [{"date": "2022-09-17-01-00-00", "latency": 15}, {"date": "2022-09-17-01-00-00", "latency": 15}]}, {"location": {"country_code": "co", "region": "Bogota"}, "game_id": "747108", "values": [{"date": "2022-09-16-07-00-00", "latency": 62}, {"date": "2022-09-16-07-00-00", "latency": 62}, {"date": "2022-09-16-07-00-00", "latency": 62}, {"date": "2022-09-16-07-00-00", "latency": 62}]}, {"location": {"country_code": "my", "region": "Penang"}, "game_id": "747108", "values": [{"date": "2022-09-16-18-00-00", "latency": 15}, {"date": "2022-09-16-18-00-00", "latency": 15}, {"date": "2022-09-16-18-00-00", "latency": 15}, {"date": "2022-09-16-18-00-00", "latency": 15}, {"date": "2022-09-16-18-00-00", "latency": 15}, {"date": "2022-09-16-18-00-00", "latency": 15}]}, {"location": {"country_code": "es", "region": "Canary Islands", "city": "San Cristobal de La Laguna"}, "game_id": "747108", "values": [{"date": "2022-09-17-01-00-00", "latency": 47}, {"date": "2022-09-17-01-00-00", "latency": 47}, {"date": "2022-09-17-01-00-00", "latency": 47}]}, {"location": {"country_code": "us", "region": "Arkansas", "city": "Newport"}, "game_id": "747108", "values": [{"date": "2022-09-16-21-00-00", "latency": 16}, {"date": "2022-09-16-21-00-00", "latency": 16}, {"date": "2022-09-16-21-00-00", "latency": 16}, {"date": "2022-09-16-21-00-00", "latency": 16}, {"date": "2022-09-16-21-00-00", "latency": 16}, {"date": "2022-09-16-21-00-00", "latency": 16}, {"date": "2022-09-16-21-00-00", "latency": 16}, {"date": "2022-09-16-21-00-00", "latency": 16}, {"date": "2022-09-16-21-00-00", "latency": 16}, {"date": "2022-09-16-21-00-00", "latency": 16}, {"date": "2022-09-16-21-00-00", "latency": 16}, {"date": "2022-09-16-21-00-00", "latency": 16}, {"date": "2022-09-16-21-00-00", "latency": 16}, {"date": "2022-09-16-21-00-00", "latency": 16}, {"date": "2022-09-16-21-00-00", "latency": 16}, {"date": "2022-09-16-21-00-00", "latency": 16}, {"date": "2022-09-16-21-00-00", "latency": 16}, {"date": "2022-09-16-21-00-00", "latency": 16}, {"date": "2022-09-16-21-00-00", "latency": 16}]}], "last_updated": 1719919361.69382}