{"data": [{"location": {"country_code": "us"}, "game_id": "747108", "values": [{"date": "2022-03-14-06-00-00", "latency": 47}, {"date": "2022-03-14-06-00-00", "latency": 47}, {"date": "2022-03-14-06-00-00", "latency": 47}, {"date": "2022-03-14-18-00-00", "latency": 47}, {"date": "2022-03-14-10-00-00", "latency": 63}, {"date": "2022-03-14-02-00-00", "latency": 47}, {"date": "2022-03-14-02-00-00", "latency": 47}, {"date": "2022-03-14-02-00-00", "latency": 47}]}, {"location": {"country_code": "nz", "region": "Auckland", "city": "Auckland"}, "game_id": "747108", "values": [{"date": "2022-03-14-20-00-00", "latency": 172}, {"date": "2022-03-14-20-00-00", "latency": 172}, {"date": "2022-03-14-20-00-00", "latency": 172}, {"date": "2022-03-14-20-00-00", "latency": 172}, {"date": "2022-03-14-20-00-00", "latency": 172}, {"date": "2022-03-14-20-00-00", "latency": 172}, {"date": "2022-03-14-20-00-00", "latency": 172}, {"date": "2022-03-14-20-00-00", "latency": 172}, {"date": "2022-03-14-20-00-00", "latency": 172}, {"date": "2022-03-14-20-00-00", "latency": 172}, {"date": "2022-03-14-20-00-00", "latency": 172}, {"date": "2022-03-14-20-00-00", "latency": 172}, {"date": "2022-03-14-20-00-00", "latency": 172}]}, {"location": {"country_code": "de", "region": "Berlin", "city": "Berlin"}, "game_id": "747108", "values": [{"date": "2022-03-14-02-00-00", "latency": 47}, {"date": "2022-03-14-02-00-00", "latency": 47}, {"date": "2022-03-15-00-00-00", "latency": 125}, {"date": "2022-03-15-00-00-00", "latency": 125}, {"date": "2022-03-15-00-00-00", "latency": 125}, {"date": "2022-03-15-00-00-00", "latency": 125}, {"date": "2022-03-15-00-00-00", "latency": 125}, {"date": "2022-03-15-00-00-00", "latency": 125}, {"date": "2022-03-15-00-00-00", "latency": 125}, {"date": "2022-03-15-00-00-00", "latency": 125}, {"date": "2022-03-15-00-00-00", "latency": 125}, {"date": "2022-03-15-00-00-00", "latency": 125}, {"date": "2022-03-15-00-00-00", "latency": 125}, {"date": "2022-03-15-00-00-00", "latency": 125}, {"date": "2022-03-15-00-00-00", "latency": 31}, {"date": "2022-03-15-00-00-00", "latency": 31}, {"date": "2022-03-15-00-00-00", "latency": 31}, {"date": "2022-03-15-00-00-00", "latency": 31}, {"date": "2022-03-15-00-00-00", "latency": 31}, {"date": "2022-03-15-00-00-00", "latency": 31}, {"date": "2022-03-15-00-00-00", "latency": 31}]}, {"location": {"country_code": "gb"}, "game_id": "747108", "values": [{"date": "2022-03-14-19-00-00", "latency": 47}, {"date": "2022-03-14-19-00-00", "latency": 47}, {"date": "2022-03-14-19-00-00", "latency": 47}, {"date": "2022-03-14-19-00-00", "latency": 47}, {"date": "2022-03-14-19-00-00", "latency": 47}, {"date": "2022-03-14-19-00-00", "latency": 47}, {"date": "2022-03-14-19-00-00", "latency": 47}, {"date": "2022-03-14-13-00-00", "latency": 345}, {"date": "2022-03-14-13-00-00", "latency": 345}, {"date": "2022-03-14-23-00-00", "latency": 32}, {"date": "2022-03-14-23-00-00", "latency": 32}, {"date": "2022-03-14-23-00-00", "latency": 32}, {"date": "2022-03-14-23-00-00", "latency": 32}, {"date": "2022-03-14-23-00-00", "latency": 32}, {"date": "2022-03-14-23-00-00", "latency": 32}, {"date": "2022-03-14-23-00-00", "latency": 47}]}, {"location": {"country_code": "gb", "region": "England", "city": "Bristol"}, "game_id": "747108", "values": [{"date": "2022-03-15-01-00-00", "latency": 47}, {"date": "2022-03-15-01-00-00", "latency": 47}, {"date": "2022-03-15-01-00-00", "latency": 47}, {"date": "2022-03-15-01-00-00", "latency": 47}, {"date": "2022-03-15-01-00-00", "latency": 47}, {"date": "2022-03-15-01-00-00", "latency": 47}, {"date": "2022-03-15-01-00-00", "latency": 47}, {"date": "2022-03-15-01-00-00", "latency": 47}, {"date": "2022-03-15-01-00-00", "latency": 47}, {"date": "2022-03-15-01-00-00", "latency": 47}]}, {"location": {"country_code": "nl"}, "game_id": "747108", "values": [{"date": "2022-03-14-12-00-00", "latency": 47}, {"date": "2022-03-14-12-00-00", "latency": 47}, {"date": "2022-03-15-01-00-00", "latency": 32}, {"date": "2022-03-15-01-00-00", "latency": 32}, {"date": "2022-03-15-01-00-00", "latency": 32}, {"date": "2022-03-15-01-00-00", "latency": 32}, {"date": "2022-03-15-01-00-00", "latency": 32}]}, {"location": {"country_code": "cz"}, "game_id": "747108", "values": [{"date": "2022-03-14-12-00-00", "latency": 63}, {"date": "2022-03-14-12-00-00", "latency": 63}, {"date": "2022-03-14-12-00-00", "latency": 63}, {"date": "2022-03-14-12-00-00", "latency": 63}, {"date": "2022-03-14-12-00-00", "latency": 63}, {"date": "2022-03-14-12-00-00", "latency": 63}]}, {"location": {"country_code": "ro"}, "game_id": "747108", "values": [{"date": "2022-03-14-18-00-00", "latency": 47}, {"date": "2022-03-14-18-00-00", "latency": 47}, {"date": "2022-03-14-18-00-00", "latency": 47}, {"date": "2022-03-14-18-00-00", "latency": 47}]}, {"location": {"country_code": "jp"}, "game_id": "747108", "values": [{"date": "2022-03-14-06-00-00", "latency": 156}, {"date": "2022-03-14-13-00-00", "latency": 31}, {"date": "2022-03-14-13-00-00", "latency": 31}, {"date": "2022-03-14-13-00-00", "latency": 31}, {"date": "2022-03-14-13-00-00", "latency": 31}]}, {"location": {"country_code": "de"}, "game_id": "747108", "values": [{"date": "2022-03-14-11-00-00", "latency": 78}, {"date": "2022-03-14-21-00-00", "latency": 47}, {"date": "2022-03-14-13-00-00", "latency": 32}, {"date": "2022-03-14-13-00-00", "latency": 32}, {"date": "2022-03-14-13-00-00", "latency": 32}, {"date": "2022-03-14-13-00-00", "latency": 32}, {"date": "2022-03-14-10-00-00", "latency": 33}]}, {"location": {"country_code": "us", "region": "Texas", "city": "San Antonio"}, "game_id": "747108", "values": [{"date": "2022-03-14-14-00-00", "latency": 63}, {"date": "2022-03-14-14-00-00", "latency": 63}, {"date": "2022-03-14-14-00-00", "latency": 63}, {"date": "2022-03-14-14-00-00", "latency": 63}, {"date": "2022-03-14-11-00-00", "latency": 63}, {"date": "2022-03-14-11-00-00", "latency": 63}]}, {"location": {"country_code": "us", "region": "Florida"}, "game_id": "747108", "values": [{"date": "2022-03-15-01-00-00", "latency": 62}, {"date": "2022-03-15-01-00-00", "latency": 62}, {"date": "2022-03-15-01-00-00", "latency": 62}, {"date": "2022-03-15-01-00-00", "latency": 62}, {"date": "2022-03-15-01-00-00", "latency": 62}, {"date": "2022-03-15-01-00-00", "latency": 62}, {"date": "2022-03-15-01-00-00", "latency": 62}, {"date": "2022-03-15-01-00-00", "latency": 62}, {"date": "2022-03-15-01-00-00", "latency": 62}, {"date": "2022-03-15-01-00-00", "latency": 62}, {"date": "2022-03-15-01-00-00", "latency": 62}, {"date": "2022-03-15-01-00-00", "latency": 62}, {"date": "2022-03-15-01-00-00", "latency": 62}, {"date": "2022-03-15-01-00-00", "latency": 62}, {"date": "2022-03-15-01-00-00", "latency": 47}, {"date": "2022-03-15-01-00-00", "latency": 47}, {"date": "2022-03-15-01-00-00", "latency": 47}, {"date": "2022-03-15-01-00-00", "latency": 47}, {"date": "2022-03-15-01-00-00", "latency": 47}, {"date": "2022-03-15-01-00-00", "latency": 47}, {"date": "2022-03-15-01-00-00", "latency": 47}, {"date": "2022-03-15-01-00-00", "latency": 47}, {"date": "2022-03-15-01-00-00", "latency": 47}, {"date": "2022-03-15-01-00-00", "latency": 47}, {"date": "2022-03-15-01-00-00", "latency": 47}, {"date": "2022-03-15-01-00-00", "latency": 47}, {"date": "2022-03-15-01-00-00", "latency": 47}, {"date": "2022-03-15-01-00-00", "latency": 47}, {"date": "2022-03-15-01-00-00", "latency": 47}, {"date": "2022-03-15-01-00-00", "latency": 47}, {"date": "2022-03-14-18-00-00", "latency": 78}, {"date": "2022-03-14-18-00-00", "latency": 78}]}, {"location": {"country_code": "ph"}, "game_id": "747108", "values": [{"date": "2022-03-14-07-00-00", "latency": 218}, {"date": "2022-03-14-13-00-00", "latency": 203}]}, {"location": {"country_code": "fr"}, "game_id": "747108", "values": [{"date": "2022-03-14-13-00-00", "latency": 160}]}, {"location": {"country_code": "mx"}, "game_id": "747108", "values": [{"date": "2022-03-14-21-00-00", "latency": 110}, {"date": "2022-03-14-21-00-00", "latency": 110}, {"date": "2022-03-14-21-00-00", "latency": 110}, {"date": "2022-03-14-21-00-00", "latency": 110}]}, {"location": {"country_code": "us", "region": "Ohio"}, "game_id": "747108", "values": [{"date": "2022-03-15-00-00-00", "latency": 47}, {"date": "2022-03-15-00-00-00", "latency": 47}]}, {"location": {"country_code": "us", "region": "California"}, "game_id": "747108", "values": [{"date": "2022-03-14-01-00-00", "latency": 94}, {"date": "2022-03-14-05-00-00", "latency": 62}, {"date": "2022-03-14-04-00-00", "latency": 63}, {"date": "2022-03-14-04-00-00", "latency": 63}, {"date": "2022-03-14-22-00-00", "latency": 94}, {"date": "2022-03-14-22-00-00", "latency": 94}, {"date": "2022-03-14-22-00-00", "latency": 94}, {"date": "2022-03-14-22-00-00", "latency": 94}, {"date": "2022-03-14-22-00-00", "latency": 94}, {"date": "2022-03-14-22-00-00", "latency": 94}, {"date": "2022-03-14-22-00-00", "latency": 94}, {"date": "2022-03-14-22-00-00", "latency": 94}]}, {"location": {"country_code": "br"}, "game_id": "747108", "values": [{"date": "2022-03-15-00-00-00", "latency": 47}, {"date": "2022-03-15-00-00-00", "latency": 47}, {"date": "2022-03-15-00-00-00", "latency": 47}, {"date": "2022-03-15-00-00-00", "latency": 47}, {"date": "2022-03-15-00-00-00", "latency": 47}, {"date": "2022-03-15-00-00-00", "latency": 47}, {"date": "2022-03-15-00-00-00", "latency": 47}, {"date": "2022-03-15-00-00-00", "latency": 47}, {"date": "2022-03-15-00-00-00", "latency": 47}, {"date": "2022-03-15-00-00-00", "latency": 47}, {"date": "2022-03-15-00-00-00", "latency": 47}, {"date": "2022-03-15-00-00-00", "latency": 47}, {"date": "2022-03-15-00-00-00", "latency": 47}, {"date": "2022-03-15-00-00-00", "latency": 47}, {"date": "2022-03-15-01-00-00", "latency": 32}, {"date": "2022-03-15-01-00-00", "latency": 32}, {"date": "2022-03-15-01-00-00", "latency": 32}]}, {"location": {"country_code": "br", "region": "Sao Paulo", "city": "Apiai"}, "game_id": "747108", "values": [{"date": "2022-03-15-01-00-00", "latency": 141}, {"date": "2022-03-15-01-00-00", "latency": 141}, {"date": "2022-03-15-01-00-00", "latency": 141}, {"date": "2022-03-15-01-00-00", "latency": 141}, {"date": "2022-03-15-01-00-00", "latency": 141}]}, {"location": {"country_code": "se"}, "game_id": "747108", "values": [{"date": "2022-03-14-17-00-00", "latency": 63}, {"date": "2022-03-14-17-00-00", "latency": 63}, {"date": "2022-03-14-17-00-00", "latency": 63}]}, {"location": {"country_code": "us", "region": "California", "city": "East Los Angeles"}, "game_id": "747108", "values": [{"date": "2022-03-14-10-00-00", "latency": 47}, {"date": "2022-03-14-10-00-00", "latency": 47}, {"date": "2022-03-14-10-00-00", "latency": 47}, {"date": "2022-03-14-10-00-00", "latency": 47}, {"date": "2022-03-14-10-00-00", "latency": 110}]}, {"location": {"country_code": "au"}, "game_id": "747108", "values": [{"date": "2022-03-14-03-00-00", "latency": 297}, {"date": "2022-03-14-03-00-00", "latency": 297}, {"date": "2022-03-14-03-00-00", "latency": 297}, {"date": "2022-03-14-05-00-00", "latency": 203}, {"date": "2022-03-14-05-00-00", "latency": 203}, {"date": "2022-03-14-05-00-00", "latency": 203}, {"date": "2022-03-14-05-00-00", "latency": 203}, {"date": "2022-03-14-05-00-00", "latency": 203}, {"date": "2022-03-14-05-00-00", "latency": 203}, {"date": "2022-03-14-05-00-00", "latency": 203}, {"date": "2022-03-14-05-00-00", "latency": 203}, {"date": "2022-03-14-11-00-00", "latency": 203}, {"date": "2022-03-14-12-00-00", "latency": 296}, {"date": "2022-03-14-12-00-00", "latency": 296}]}, {"location": {"country_code": "au", "region": "Victoria"}, "game_id": "747108", "values": [{"date": "2022-03-14-08-00-00", "latency": 188}, {"date": "2022-03-14-08-00-00", "latency": 188}, {"date": "2022-03-14-08-00-00", "latency": 188}, {"date": "2022-03-14-08-00-00", "latency": 188}]}, {"location": {"country_code": "tr"}, "game_id": "747108", "values": [{"date": "2022-03-14-23-00-00", "latency": 87}, {"date": "2022-03-14-23-00-00", "latency": 87}, {"date": "2022-03-14-23-00-00", "latency": 87}, {"date": "2022-03-14-23-00-00", "latency": 87}]}, {"location": {"country_code": "tr", "region": "Marmara Bolgesi", "city": "Istanbul"}, "game_id": "747108", "values": [{"date": "2022-03-14-17-00-00", "latency": 62}, {"date": "2022-03-14-17-00-00", "latency": 62}, {"date": "2022-03-14-17-00-00", "latency": 62}, {"date": "2022-03-14-17-00-00", "latency": 62}, {"date": "2022-03-14-17-00-00", "latency": 62}, {"date": "2022-03-14-17-00-00", "latency": 62}, {"date": "2022-03-14-17-00-00", "latency": 62}, {"date": "2022-03-14-17-00-00", "latency": 62}, {"date": "2022-03-14-17-00-00", "latency": 62}, {"date": "2022-03-14-17-00-00", "latency": 62}, {"date": "2022-03-15-00-00-00", "latency": 63}, {"date": "2022-03-15-00-00-00", "latency": 63}, {"date": "2022-03-15-00-00-00", "latency": 63}, {"date": "2022-03-15-00-00-00", "latency": 63}, {"date": "2022-03-15-00-00-00", "latency": 63}, {"date": "2022-03-15-00-00-00", "latency": 63}, {"date": "2022-03-15-00-00-00", "latency": 63}]}, {"location": {"country_code": "de", "region": "Baden-Wurttemberg", "city": "Karlsruhe"}, "game_id": "747108", "values": [{"date": "2022-03-14-23-00-00", "latency": 31}, {"date": "2022-03-14-23-00-00", "latency": 31}, {"date": "2022-03-14-23-00-00", "latency": 31}, {"date": "2022-03-14-23-00-00", "latency": 31}, {"date": "2022-03-14-23-00-00", "latency": 31}, {"date": "2022-03-14-23-00-00", "latency": 31}]}, {"location": {"country_code": "ca", "region": "Ontario"}, "game_id": "747108", "values": [{"date": "2022-03-14-07-00-00", "latency": 47}, {"date": "2022-03-14-07-00-00", "latency": 47}, {"date": "2022-03-14-07-00-00", "latency": 47}, {"date": "2022-03-14-07-00-00", "latency": 47}, {"date": "2022-03-14-07-00-00", "latency": 47}, {"date": "2022-03-14-07-00-00", "latency": 47}, {"date": "2022-03-14-07-00-00", "latency": 47}, {"date": "2022-03-14-07-00-00", "latency": 47}, {"date": "2022-03-14-07-00-00", "latency": 47}, {"date": "2022-03-14-07-00-00", "latency": 47}, {"date": "2022-03-14-07-00-00", "latency": 47}]}, {"location": {"country_code": "es"}, "game_id": "747108", "values": [{"date": "2022-03-15-01-00-00", "latency": 47}, {"date": "2022-03-15-01-00-00", "latency": 47}, {"date": "2022-03-15-01-00-00", "latency": 47}, {"date": "2022-03-15-01-00-00", "latency": 47}, {"date": "2022-03-15-01-00-00", "latency": 47}, {"date": "2022-03-15-01-00-00", "latency": 47}, {"date": "2022-03-14-22-00-00", "latency": 47}, {"date": "2022-03-14-22-00-00", "latency": 47}, {"date": "2022-03-14-20-00-00", "latency": 47}]}, {"location": {"country_code": "bn"}, "game_id": "747108", "values": [{"date": "2022-03-14-20-00-00", "latency": 234}, {"date": "2022-03-14-06-00-00", "latency": 250}]}, {"location": {"country_code": "us", "region": "Michigan", "city": "Detroit"}, "game_id": "747108", "values": [{"date": "2022-03-15-00-00-00", "latency": 63}]}, {"location": {"country_code": "fi"}, "game_id": "747108", "values": [{"date": "2022-03-15-01-00-00", "latency": 62}, {"date": "2022-03-15-01-00-00", "latency": 62}]}, {"location": {"country_code": "fi", "region": "Satakunta Region", "city": "Pori"}, "game_id": "747108", "values": [{"date": "2022-03-14-16-00-00", "latency": 47}, {"date": "2022-03-14-16-00-00", "latency": 47}, {"date": "2022-03-14-16-00-00", "latency": 47}, {"date": "2022-03-14-16-00-00", "latency": 47}]}, {"location": {"country_code": "ru", "region": "Moscow", "city": "Zelenograd"}, "game_id": "747108", "values": [{"date": "2022-03-14-13-00-00", "latency": 63}, {"date": "2022-03-14-13-00-00", "latency": 63}, {"date": "2022-03-14-13-00-00", "latency": 63}]}, {"location": {"country_code": "ar", "region": "Buenos Aires F.D.", "city": "Bahia Blanca"}, "game_id": "747108", "values": [{"date": "2022-03-15-01-00-00", "latency": 63}, {"date": "2022-03-15-01-00-00", "latency": 63}, {"date": "2022-03-15-01-00-00", "latency": 63}, {"date": "2022-03-15-01-00-00", "latency": 63}, {"date": "2022-03-15-01-00-00", "latency": 63}]}, {"location": {"country_code": "us", "region": "Virginia"}, "game_id": "747108", "values": [{"date": "2022-03-14-08-00-00", "latency": 31}]}, {"location": {"country_code": "us", "region": "California", "city": "Elk Grove"}, "game_id": "747108", "values": [{"date": "2022-03-14-05-00-00", "latency": 63}, {"date": "2022-03-14-05-00-00", "latency": 63}]}, {"location": {"country_code": "us", "region": "Michigan"}, "game_id": "747108", "values": [{"date": "2022-03-14-15-00-00", "latency": 79}, {"date": "2022-03-14-15-00-00", "latency": 79}, {"date": "2022-03-14-15-00-00", "latency": 79}]}, {"location": {"country_code": "us", "region": "Arizona"}, "game_id": "747108", "values": [{"date": "2022-03-14-23-00-00", "latency": 109}]}, {"location": {"country_code": "us", "region": "California", "city": "Chula Vista"}, "game_id": "747108", "values": [{"date": "2022-03-14-03-00-00", "latency": 47}]}, {"location": {"country_code": "be"}, "game_id": "747108", "values": [{"date": "2022-03-14-15-00-00", "latency": 47}, {"date": "2022-03-14-15-00-00", "latency": 47}, {"date": "2022-03-14-15-00-00", "latency": 47}]}, {"location": {"country_code": "kr", "region": "Seoul"}, "game_id": "747108", "values": [{"date": "2022-03-14-14-00-00", "latency": 188}]}, {"location": {"country_code": "ru"}, "game_id": "747108", "values": [{"date": "2022-03-14-19-00-00", "latency": 47}, {"date": "2022-03-14-19-00-00", "latency": 47}]}, {"location": {"country_code": "se", "region": "Stockholm County", "city": "Stockholm"}, "game_id": "747108", "values": [{"date": "2022-03-14-15-00-00", "latency": 78}, {"date": "2022-03-14-15-00-00", "latency": 78}, {"date": "2022-03-14-15-00-00", "latency": 78}, {"date": "2022-03-14-15-00-00", "latency": 78}]}, {"location": {"country_code": "es", "region": "Galicia", "city": "Santiago de Compostela"}, "game_id": "747108", "values": [{"date": "2022-03-14-22-00-00", "latency": 63}, {"date": "2022-03-14-22-00-00", "latency": 63}, {"date": "2022-03-14-22-00-00", "latency": 63}, {"date": "2022-03-14-22-00-00", "latency": 63}, {"date": "2022-03-14-22-00-00", "latency": 63}, {"date": "2022-03-14-22-00-00", "latency": 63}]}, {"location": {"country_code": "au", "region": "Western Australia", "city": "Perth"}, "game_id": "747108", "values": [{"date": "2022-03-14-14-00-00", "latency": 284}]}, {"location": {"country_code": "pt"}, "game_id": "747108", "values": [{"date": "2022-03-14-17-00-00", "latency": 63}, {"date": "2022-03-14-09-00-00", "latency": 143}, {"date": "2022-03-14-09-00-00", "latency": 143}]}, {"location": {"country_code": "es", "region": "Galicia", "city": "Ponteareas"}, "game_id": "747108", "values": [{"date": "2022-03-14-20-00-00", "latency": 109}, {"date": "2022-03-14-20-00-00", "latency": 109}, {"date": "2022-03-14-20-00-00", "latency": 109}, {"date": "2022-03-14-20-00-00", "latency": 109}, {"date": "2022-03-14-20-00-00", "latency": 109}, {"date": "2022-03-14-20-00-00", "latency": 109}, {"date": "2022-03-14-20-00-00", "latency": 109}, {"date": "2022-03-14-20-00-00", "latency": 109}]}, {"location": {"country_code": "es", "region": "Andalusia", "city": "Seville"}, "game_id": "747108", "values": [{"date": "2022-03-14-12-00-00", "latency": 63}, {"date": "2022-03-14-12-00-00", "latency": 63}, {"date": "2022-03-14-12-00-00", "latency": 63}, {"date": "2022-03-14-12-00-00", "latency": 63}, {"date": "2022-03-14-12-00-00", "latency": 63}, {"date": "2022-03-14-12-00-00", "latency": 63}, {"date": "2022-03-14-12-00-00", "latency": 63}, {"date": "2022-03-14-12-00-00", "latency": 63}, {"date": "2022-03-14-12-00-00", "latency": 63}]}, {"location": {"country_code": "fr", "region": "Ile-de-France Region"}, "game_id": "747108", "values": [{"date": "2022-03-14-22-00-00", "latency": 32}]}, {"location": {"country_code": "fr", "region": "Alsazia-Champagne-Ardenne-Lorena", "city": "Troyes"}, "game_id": "747108", "values": [{"date": "2022-03-14-17-00-00", "latency": 109}, {"date": "2022-03-14-17-00-00", "latency": 109}, {"date": "2022-03-14-17-00-00", "latency": 109}]}, {"location": {"country_code": "ca", "region": "Quebec", "city": "Montreal"}, "game_id": "747108", "values": [{"date": "2022-03-14-23-00-00", "latency": 47}]}, {"location": {"country_code": "ca", "region": "Manitoba", "city": "Winnipeg"}, "game_id": "747108", "values": [{"date": "2022-03-14-17-00-00", "latency": 32}, {"date": "2022-03-14-17-00-00", "latency": 32}, {"date": "2022-03-14-17-00-00", "latency": 32}, {"date": "2022-03-14-17-00-00", "latency": 32}, {"date": "2022-03-14-17-00-00", "latency": 32}, {"date": "2022-03-14-17-00-00", "latency": 32}]}, {"location": {"country_code": "us", "region": "Florida", "city": "Orlando"}, "game_id": "747108", "values": [{"date": "2022-03-14-09-00-00", "latency": 63}, {"date": "2022-03-14-09-00-00", "latency": 63}, {"date": "2022-03-14-09-00-00", "latency": 63}]}, {"location": {"country_code": "gb", "region": "England", "city": "Liverpool"}, "game_id": "747108", "values": [{"date": "2022-03-14-14-00-00", "latency": 47}]}, {"location": {"country_code": "us", "region": "Tennessee", "city": "Memphis"}, "game_id": "747108", "values": [{"date": "2022-03-14-04-00-00", "latency": 94}]}, {"location": {"country_code": "de", "region": "Lower Saxony"}, "game_id": "747108", "values": [{"date": "2022-03-14-19-00-00", "latency": 32}, {"date": "2022-03-14-19-00-00", "latency": 32}, {"date": "2022-03-14-19-00-00", "latency": 32}, {"date": "2022-03-14-19-00-00", "latency": 32}]}, {"location": {"country_code": "es", "region": "Madrid"}, "game_id": "747108", "values": [{"date": "2022-03-14-20-00-00", "latency": 47}, {"date": "2022-03-14-20-00-00", "latency": 47}, {"date": "2022-03-14-12-00-00", "latency": 32}, {"date": "2022-03-14-12-00-00", "latency": 32}]}, {"location": {"country_code": "co", "region": "Magdalena", "city": "Santa Marta"}, "game_id": "747108", "values": [{"date": "2022-03-14-22-00-00", "latency": 94}, {"date": "2022-03-14-22-00-00", "latency": 94}, {"date": "2022-03-14-22-00-00", "latency": 94}]}, {"location": {"country_code": "de", "region": "North Rhine-Westphalia"}, "game_id": "747108", "values": [{"date": "2022-03-14-16-00-00", "latency": 32}, {"date": "2022-03-15-00-00-00", "latency": 109}, {"date": "2022-03-15-00-00-00", "latency": 109}, {"date": "2022-03-15-00-00-00", "latency": 109}, {"date": "2022-03-14-21-00-00", "latency": 32}]}, {"location": {"country_code": "dk", "region": "Capital Region", "city": "Copenhagen"}, "game_id": "747108", "values": [{"date": "2022-03-14-13-00-00", "latency": 32}, {"date": "2022-03-14-13-00-00", "latency": 32}, {"date": "2022-03-14-13-00-00", "latency": 32}, {"date": "2022-03-14-13-00-00", "latency": 32}]}, {"location": {"country_code": "br", "region": "Sao Paulo", "city": "Varzea Paulista"}, "game_id": "747108", "values": [{"date": "2022-03-15-01-00-00", "latency": 32}, {"date": "2022-03-15-01-00-00", "latency": 32}]}, {"location": {"country_code": "de", "region": "Bavaria", "city": "Munich"}, "game_id": "747108", "values": [{"date": "2022-03-14-01-00-00", "latency": 47}]}, {"location": {"country_code": "br", "region": "Sao Paulo", "city": "Santa Cruz das Palmeiras"}, "game_id": "747108", "values": [{"date": "2022-03-14-05-00-00", "latency": 187}, {"date": "2022-03-14-05-00-00", "latency": 187}]}, {"location": {"country_code": "ro", "region": "Bucharest"}, "game_id": "747108", "values": [{"date": "2022-03-14-14-00-00", "latency": 47}, {"date": "2022-03-14-14-00-00", "latency": 47}, {"date": "2022-03-14-14-00-00", "latency": 47}, {"date": "2022-03-14-14-00-00", "latency": 47}, {"date": "2022-03-14-14-00-00", "latency": 47}, {"date": "2022-03-14-14-00-00", "latency": 47}, {"date": "2022-03-14-14-00-00", "latency": 47}]}, {"location": {"country_code": "es", "region": "Andalusia", "city": "Marbella"}, "game_id": "747108", "values": [{"date": "2022-03-15-00-00-00", "latency": 63}, {"date": "2022-03-15-00-00-00", "latency": 63}, {"date": "2022-03-15-00-00-00", "latency": 63}]}, {"location": {"country_code": "br", "region": "Sao Paulo", "city": "Sertaozinho"}, "game_id": "747108", "values": [{"date": "2022-03-15-00-00-00", "latency": 31}, {"date": "2022-03-15-00-00-00", "latency": 31}, {"date": "2022-03-15-00-00-00", "latency": 31}, {"date": "2022-03-15-00-00-00", "latency": 31}, {"date": "2022-03-15-00-00-00", "latency": 31}, {"date": "2022-03-15-00-00-00", "latency": 31}, {"date": "2022-03-15-00-00-00", "latency": 31}]}, {"location": {"country_code": "br", "region": "Espirito Santo", "city": "Vila Velha"}, "game_id": "747108", "values": [{"date": "2022-03-14-22-00-00", "latency": 63}, {"date": "2022-03-14-22-00-00", "latency": 63}, {"date": "2022-03-14-22-00-00", "latency": 63}, {"date": "2022-03-14-22-00-00", "latency": 63}, {"date": "2022-03-14-22-00-00", "latency": 63}]}, {"location": {"country_code": "it", "region": "Tuscany"}, "game_id": "747108", "values": [{"date": "2022-03-15-00-00-00", "latency": 47}, {"date": "2022-03-15-00-00-00", "latency": 47}, {"date": "2022-03-15-00-00-00", "latency": 47}, {"date": "2022-03-15-00-00-00", "latency": 47}, {"date": "2022-03-15-00-00-00", "latency": 47}]}, {"location": {"country_code": "mx", "region": "Jalisco", "city": "Zapopan"}, "game_id": "747108", "values": [{"date": "2022-03-14-07-00-00", "latency": 79}]}, {"location": {"country_code": "ch", "region": "Canton of Geneva", "city": "Geneva"}, "game_id": "747108", "values": [{"date": "2022-03-14-17-00-00", "latency": 31}]}, {"location": {"country_code": "ma"}, "game_id": "747108", "values": [{"date": "2022-03-14-09-00-00", "latency": 63}, {"date": "2022-03-14-09-00-00", "latency": 63}, {"date": "2022-03-14-09-00-00", "latency": 63}, {"date": "2022-03-14-09-00-00", "latency": 63}, {"date": "2022-03-14-09-00-00", "latency": 63}, {"date": "2022-03-14-09-00-00", "latency": 63}, {"date": "2022-03-14-09-00-00", "latency": 63}, {"date": "2022-03-14-09-00-00", "latency": 63}]}, {"location": {"country_code": "br", "region": "Paraiba", "city": "Santa Rita"}, "game_id": "747108", "values": [{"date": "2022-03-14-03-00-00", "latency": 94}, {"date": "2022-03-14-03-00-00", "latency": 94}, {"date": "2022-03-14-03-00-00", "latency": 94}]}, {"location": {"country_code": "us", "region": "Nevada", "city": "Reno"}, "game_id": "747108", "values": [{"date": "2022-03-14-07-00-00", "latency": 110}]}, {"location": {"country_code": "es", "region": "Basque Country", "city": "Bilbao"}, "game_id": "747108", "values": [{"date": "2022-03-14-15-00-00", "latency": 62}]}, {"location": {"country_code": "br", "region": "Sao Paulo", "city": "Franca"}, "game_id": "747108", "values": [{"date": "2022-03-15-00-00-00", "latency": 32}]}, {"location": {"country_code": "fr", "region": "Alsazia-Champagne-Ardenne-Lorena", "city": "Reims"}, "game_id": "747108", "values": [{"date": "2022-03-14-18-00-00", "latency": 32}, {"date": "2022-03-14-18-00-00", "latency": 32}, {"date": "2022-03-14-18-00-00", "latency": 32}, {"date": "2022-03-14-18-00-00", "latency": 32}, {"date": "2022-03-14-18-00-00", "latency": 32}]}, {"location": {"country_code": "ru", "region": "Leningradskaya Oblast'"}, "game_id": "747108", "values": [{"date": "2022-03-14-17-00-00", "latency": 125}, {"date": "2022-03-14-17-00-00", "latency": 125}, {"date": "2022-03-14-17-00-00", "latency": 125}, {"date": "2022-03-14-17-00-00", "latency": 125}, {"date": "2022-03-14-17-00-00", "latency": 125}, {"date": "2022-03-14-17-00-00", "latency": 125}, {"date": "2022-03-14-17-00-00", "latency": 125}, {"date": "2022-03-14-17-00-00", "latency": 125}, {"date": "2022-03-14-17-00-00", "latency": 125}, {"date": "2022-03-14-17-00-00", "latency": 125}, {"date": "2022-03-14-17-00-00", "latency": 125}, {"date": "2022-03-14-17-00-00", "latency": 125}, {"date": "2022-03-14-17-00-00", "latency": 125}, {"date": "2022-03-14-17-00-00", "latency": 125}, {"date": "2022-03-14-17-00-00", "latency": 125}]}, {"location": {"country_code": "br", "region": "Tocantins", "city": "Araguaina"}, "game_id": "747108", "values": [{"date": "2022-03-14-04-00-00", "latency": 63}]}, {"location": {"country_code": "br", "region": "Mato Grosso"}, "game_id": "747108", "values": [{"date": "2022-03-15-00-00-00", "latency": 63}, {"date": "2022-03-15-00-00-00", "latency": 63}]}, {"location": {"country_code": "de", "region": "Baden-Wurttemberg", "city": "Bad Krozingen (Kernstadt), Bad Krozingen, VVG der Stadt Bad Krozingen, Landkreis Breisgau-Hochschwarzwald, Baden-Wurttemberg, 79189, Deutschland"}, "game_id": "747108", "values": [{"date": "2022-03-14-20-00-00", "latency": 32}, {"date": "2022-03-14-20-00-00", "latency": 32}]}, {"location": {"country_code": "gb", "region": "England", "city": "Bradford"}, "game_id": "747108", "values": [{"date": "2022-03-14-15-00-00", "latency": 47}, {"date": "2022-03-14-15-00-00", "latency": 47}, {"date": "2022-03-14-15-00-00", "latency": 47}, {"date": "2022-03-14-15-00-00", "latency": 47}, {"date": "2022-03-14-15-00-00", "latency": 47}, {"date": "2022-03-14-15-00-00", "latency": 47}, {"date": "2022-03-14-15-00-00", "latency": 47}, {"date": "2022-03-14-15-00-00", "latency": 47}, {"date": "2022-03-14-15-00-00", "latency": 47}]}, {"location": {"country_code": "co", "region": "Caldas Department", "city": "Manizales"}, "game_id": "747108", "values": [{"date": "2022-03-14-04-00-00", "latency": 110}, {"date": "2022-03-14-04-00-00", "latency": 110}, {"date": "2022-03-14-04-00-00", "latency": 110}, {"date": "2022-03-14-04-00-00", "latency": 110}, {"date": "2022-03-14-04-00-00", "latency": 110}, {"date": "2022-03-14-04-00-00", "latency": 110}, {"date": "2022-03-14-04-00-00", "latency": 110}, {"date": "2022-03-14-04-00-00", "latency": 110}, {"date": "2022-03-14-04-00-00", "latency": 110}, {"date": "2022-03-14-04-00-00", "latency": 110}, {"date": "2022-03-14-04-00-00", "latency": 110}]}, {"location": {"country_code": "pt", "region": "Lisbon District", "city": "Odivelas"}, "game_id": "747108", "values": [{"date": "2022-03-14-22-00-00", "latency": 63}, {"date": "2022-03-14-22-00-00", "latency": 63}, {"date": "2022-03-14-22-00-00", "latency": 63}, {"date": "2022-03-14-22-00-00", "latency": 63}, {"date": "2022-03-14-22-00-00", "latency": 63}, {"date": "2022-03-14-22-00-00", "latency": 63}, {"date": "2022-03-14-22-00-00", "latency": 63}, {"date": "2022-03-14-22-00-00", "latency": 63}, {"date": "2022-03-14-22-00-00", "latency": 63}, {"date": "2022-03-14-22-00-00", "latency": 63}, {"date": "2022-03-14-22-00-00", "latency": 63}, {"date": "2022-03-14-22-00-00", "latency": 63}, {"date": "2022-03-14-22-00-00", "latency": 63}, {"date": "2022-03-14-22-00-00", "latency": 63}, {"date": "2022-03-14-22-00-00", "latency": 63}, {"date": "2022-03-14-22-00-00", "latency": 63}, {"date": "2022-03-14-22-00-00", "latency": 63}, {"date": "2022-03-14-22-00-00", "latency": 63}, {"date": "2022-03-14-22-00-00", "latency": 63}, {"date": "2022-03-14-22-00-00", "latency": 63}]}, {"location": {"country_code": "se", "region": "Dalarna County"}, "game_id": "747108", "values": [{"date": "2022-03-15-00-00-00", "latency": 63}, {"date": "2022-03-15-00-00-00", "latency": 63}, {"date": "2022-03-15-00-00-00", "latency": 63}, {"date": "2022-03-15-00-00-00", "latency": 63}, {"date": "2022-03-15-00-00-00", "latency": 63}]}, {"location": {"country_code": "it", "region": "Calabria", "city": "Castrolibero"}, "game_id": "747108", "values": [{"date": "2022-03-14-12-00-00", "latency": 63}]}, {"location": {"country_code": "es", "region": "Valencia", "city": "Pilar de la Horadada"}, "game_id": "747108", "values": [{"date": "2022-03-14-20-00-00", "latency": 47}]}, {"location": {"country_code": "th", "region": "Nonthaburi", "city": "Pak Kret"}, "game_id": "747108", "values": [{"date": "2022-03-14-08-00-00", "latency": 281}, {"date": "2022-03-14-08-00-00", "latency": 281}]}, {"location": {"country_code": "fi", "region": "Northern Savonia"}, "game_id": "747108", "values": [{"date": "2022-03-14-16-00-00", "latency": 62}]}], "last_updated": 1719927593.923271}