{"data": [{"location": {"country_code": "si"}, "game_id": "970338", "values": [{"date": "2024-04-27-15-00-00", "latency": "33"}, {"date": "2024-04-27-15-00-00", "latency": "33"}, {"date": "2024-04-27-15-00-00", "latency": "33"}, {"date": "2024-04-27-15-00-00", "latency": "33"}, {"date": "2024-04-27-15-00-00", "latency": "33"}, {"date": "2024-04-27-15-00-00", "latency": "33"}, {"date": "2024-04-27-15-00-00", "latency": "33"}, {"date": "2024-04-27-15-00-00", "latency": "33"}, {"date": "2024-04-27-15-00-00", "latency": "33"}, {"date": "2024-04-27-15-00-00", "latency": "33"}, {"date": "2024-04-27-15-00-00", "latency": "33"}]}, {"location": {"country_code": "us"}, "game_id": "970338", "values": [{"date": "2024-04-27-05-00-00", "latency": "28"}, {"date": "2024-04-27-05-00-00", "latency": "28"}, {"date": "2024-04-27-05-00-00", "latency": "28"}, {"date": "2024-04-27-05-00-00", "latency": "28"}, {"date": "2024-04-27-18-00-00", "latency": "66"}, {"date": "2024-04-27-03-00-00", "latency": "74"}, {"date": "2024-04-27-03-00-00", "latency": "74"}, {"date": "2024-04-27-03-00-00", "latency": "74"}, {"date": "2024-04-27-03-00-00", "latency": "74"}, {"date": "2024-04-27-03-00-00", "latency": "74"}, {"date": "2024-04-27-12-00-00", "latency": "48"}, {"date": "2024-04-27-12-00-00", "latency": "48"}, {"date": "2024-04-27-12-00-00", "latency": "48"}, {"date": "2024-04-27-12-00-00", "latency": "48"}, {"date": "2024-04-27-12-00-00", "latency": "48"}, {"date": "2024-04-27-12-00-00", "latency": "48"}, {"date": "2024-04-27-12-00-00", "latency": "48"}, {"date": "2024-04-28-02-00-00", "latency": "86"}, {"date": "2024-04-28-02-00-00", "latency": "86"}, {"date": "2024-04-28-02-00-00", "latency": "86"}, {"date": "2024-04-28-02-00-00", "latency": "86"}, {"date": "2024-04-27-05-00-00", "latency": "95"}, {"date": "2024-04-27-05-00-00", "latency": "95"}]}, {"location": {"country_code": "de", "region": "Berlin", "city": "Berlin"}, "game_id": "970338", "values": [{"date": "2024-04-27-09-00-00", "latency": "40"}, {"date": "2024-04-27-09-00-00", "latency": "40"}, {"date": "2024-04-27-09-00-00", "latency": "40"}, {"date": "2024-04-27-09-00-00", "latency": "40"}, {"date": "2024-04-27-09-00-00", "latency": "40"}, {"date": "2024-04-27-09-00-00", "latency": "40"}, {"date": "2024-04-27-09-00-00", "latency": "40"}, {"date": "2024-04-27-09-00-00", "latency": "40"}, {"date": "2024-04-27-09-00-00", "latency": "40"}, {"date": "2024-04-27-09-00-00", "latency": "40"}, {"date": "2024-04-27-09-00-00", "latency": "40"}, {"date": "2024-04-27-09-00-00", "latency": "40"}, {"date": "2024-04-27-09-00-00", "latency": "40"}, {"date": "2024-04-27-09-00-00", "latency": "40"}, {"date": "2024-04-27-09-00-00", "latency": "40"}, {"date": "2024-04-27-09-00-00", "latency": "40"}, {"date": "2024-04-27-09-00-00", "latency": "40"}, {"date": "2024-04-27-09-00-00", "latency": "40"}, {"date": "2024-04-27-09-00-00", "latency": "40"}]}, {"location": {"country_code": "us", "region": "New York", "city": "Jamestown"}, "game_id": "970338", "values": [{"date": "2024-04-28-02-00-00", "latency": "24"}, {"date": "2024-04-28-02-00-00", "latency": "24"}, {"date": "2024-04-28-02-00-00", "latency": "24"}, {"date": "2024-04-28-02-00-00", "latency": "24"}, {"date": "2024-04-28-02-00-00", "latency": "24"}]}, {"location": {"country_code": "gb"}, "game_id": "970338", "values": [{"date": "2024-04-27-06-00-00", "latency": "10"}, {"date": "2024-04-27-06-00-00", "latency": "10"}, {"date": "2024-04-27-06-00-00", "latency": "10"}, {"date": "2024-04-27-06-00-00", "latency": "10"}, {"date": "2024-04-27-06-00-00", "latency": "10"}, {"date": "2024-04-27-06-00-00", "latency": "10"}, {"date": "2024-04-27-06-00-00", "latency": "10"}, {"date": "2024-04-27-06-00-00", "latency": "10"}, {"date": "2024-04-27-06-00-00", "latency": "10"}, {"date": "2024-04-27-06-00-00", "latency": "10"}, {"date": "2024-04-27-06-00-00", "latency": "10"}, {"date": "2024-04-27-06-00-00", "latency": "10"}, {"date": "2024-04-27-06-00-00", "latency": "10"}, {"date": "2024-04-27-06-00-00", "latency": "10"}, {"date": "2024-04-27-06-00-00", "latency": "10"}, {"date": "2024-04-27-06-00-00", "latency": "10"}, {"date": "2024-04-27-06-00-00", "latency": "10"}, {"date": "2024-04-27-16-00-00", "latency": "32"}, {"date": "2024-04-27-16-00-00", "latency": "32"}, {"date": "2024-04-27-16-00-00", "latency": "32"}, {"date": "2024-04-27-16-00-00", "latency": "32"}, {"date": "2024-04-27-16-00-00", "latency": "32"}, {"date": "2024-04-27-16-00-00", "latency": "32"}, {"date": "2024-04-27-16-00-00", "latency": "32"}, {"date": "2024-04-27-16-00-00", "latency": "32"}, {"date": "2024-04-27-16-00-00", "latency": "32"}, {"date": "2024-04-27-16-00-00", "latency": "32"}, {"date": "2024-04-27-16-00-00", "latency": "32"}, {"date": "2024-04-27-16-00-00", "latency": "32"}, {"date": "2024-04-27-16-00-00", "latency": "32"}, {"date": "2024-04-27-16-00-00", "latency": "32"}, {"date": "2024-04-27-16-00-00", "latency": "32"}, {"date": "2024-04-27-16-00-00", "latency": "32"}, {"date": "2024-04-27-16-00-00", "latency": "32"}, {"date": "2024-04-27-16-00-00", "latency": "32"}, {"date": "2024-04-27-16-00-00", "latency": "32"}, {"date": "2024-04-27-16-00-00", "latency": "32"}, {"date": "2024-04-27-16-00-00", "latency": "32"}, {"date": "2024-04-27-16-00-00", "latency": "32"}, {"date": "2024-04-27-16-00-00", "latency": "32"}, {"date": "2024-04-27-16-00-00", "latency": "32"}, {"date": "2024-04-27-16-00-00", "latency": "32"}, {"date": "2024-04-27-16-00-00", "latency": "32"}, {"date": "2024-04-27-16-00-00", "latency": "32"}, {"date": "2024-04-27-16-00-00", "latency": "32"}, {"date": "2024-04-27-16-00-00", "latency": "32"}, {"date": "2024-04-27-16-00-00", "latency": "32"}, {"date": "2024-04-27-16-00-00", "latency": "32"}, {"date": "2024-04-27-16-00-00", "latency": "32"}]}, {"location": {"country_code": "de"}, "game_id": "970338", "values": [{"date": "2024-04-27-18-00-00", "latency": "127"}, {"date": "2024-04-27-18-00-00", "latency": "127"}, {"date": "2024-04-27-18-00-00", "latency": "127"}, {"date": "2024-04-27-18-00-00", "latency": "127"}, {"date": "2024-04-27-18-00-00", "latency": "127"}, {"date": "2024-04-27-18-00-00", "latency": "127"}, {"date": "2024-04-27-18-00-00", "latency": "127"}, {"date": "2024-04-27-18-00-00", "latency": "127"}, {"date": "2024-04-27-19-00-00", "latency": "140"}, {"date": "2024-04-27-19-00-00", "latency": "140"}, {"date": "2024-04-27-19-00-00", "latency": "140"}, {"date": "2024-04-27-19-00-00", "latency": "140"}, {"date": "2024-04-27-19-00-00", "latency": "140"}, {"date": "2024-04-27-19-00-00", "latency": "140"}, {"date": "2024-04-27-19-00-00", "latency": "140"}, {"date": "2024-04-27-19-00-00", "latency": "140"}, {"date": "2024-04-27-19-00-00", "latency": "140"}, {"date": "2024-04-27-19-00-00", "latency": "140"}, {"date": "2024-04-27-19-00-00", "latency": "140"}, {"date": "2024-04-27-19-00-00", "latency": "140"}, {"date": "2024-04-27-19-00-00", "latency": "140"}, {"date": "2024-04-27-19-00-00", "latency": "140"}, {"date": "2024-04-27-19-00-00", "latency": "140"}, {"date": "2024-04-27-19-00-00", "latency": "140"}, {"date": "2024-04-27-19-00-00", "latency": "140"}, {"date": "2024-04-27-19-00-00", "latency": "140"}, {"date": "2024-04-27-19-00-00", "latency": "140"}, {"date": "2024-04-27-19-00-00", "latency": "140"}, {"date": "2024-04-27-19-00-00", "latency": "140"}, {"date": "2024-04-27-19-00-00", "latency": "140"}, {"date": "2024-04-27-19-00-00", "latency": "140"}, {"date": "2024-04-27-19-00-00", "latency": "140"}, {"date": "2024-04-27-19-00-00", "latency": "140"}, {"date": "2024-04-27-19-00-00", "latency": "140"}, {"date": "2024-04-27-19-00-00", "latency": "140"}, {"date": "2024-04-27-19-00-00", "latency": "140"}, {"date": "2024-04-27-19-00-00", "latency": "140"}, {"date": "2024-04-27-19-00-00", "latency": "140"}, {"date": "2024-04-27-19-00-00", "latency": "140"}, {"date": "2024-04-27-23-00-00", "latency": "22"}, {"date": "2024-04-27-23-00-00", "latency": "22"}, {"date": "2024-04-27-23-00-00", "latency": "22"}, {"date": "2024-04-27-23-00-00", "latency": "22"}, {"date": "2024-04-27-23-00-00", "latency": "22"}, {"date": "2024-04-27-23-00-00", "latency": "22"}, {"date": "2024-04-27-23-00-00", "latency": "22"}]}, {"location": {"country_code": "us", "region": "Florida"}, "game_id": "970338", "values": [{"date": "2024-04-27-03-00-00", "latency": "4"}]}, {"location": {"country_code": "fr"}, "game_id": "970338", "values": [{"date": "2024-04-27-10-00-00", "latency": "33"}, {"date": "2024-04-27-10-00-00", "latency": "33"}, {"date": "2024-04-27-15-00-00", "latency": "93"}, {"date": "2024-04-27-15-00-00", "latency": "93"}, {"date": "2024-04-27-15-00-00", "latency": "93"}, {"date": "2024-04-27-15-00-00", "latency": "93"}, {"date": "2024-04-27-15-00-00", "latency": "93"}, {"date": "2024-04-27-15-00-00", "latency": "93"}, {"date": "2024-04-27-15-00-00", "latency": "93"}, {"date": "2024-04-28-01-00-00", "latency": "36"}, {"date": "2024-04-28-01-00-00", "latency": "36"}, {"date": "2024-04-28-01-00-00", "latency": "36"}, {"date": "2024-04-28-01-00-00", "latency": "36"}, {"date": "2024-04-28-01-00-00", "latency": "36"}, {"date": "2024-04-28-01-00-00", "latency": "36"}, {"date": "2024-04-28-01-00-00", "latency": "36"}, {"date": "2024-04-28-01-00-00", "latency": "36"}, {"date": "2024-04-28-01-00-00", "latency": "36"}, {"date": "2024-04-28-01-00-00", "latency": "36"}, {"date": "2024-04-28-01-00-00", "latency": "36"}, {"date": "2024-04-28-01-00-00", "latency": "36"}, {"date": "2024-04-28-01-00-00", "latency": "36"}, {"date": "2024-04-28-01-00-00", "latency": "36"}, {"date": "2024-04-27-16-00-00", "latency": "29"}, {"date": "2024-04-27-16-00-00", "latency": "29"}, {"date": "2024-04-27-16-00-00", "latency": "29"}, {"date": "2024-04-27-16-00-00", "latency": "29"}, {"date": "2024-04-27-17-00-00", "latency": "24"}, {"date": "2024-04-27-17-00-00", "latency": "24"}, {"date": "2024-04-27-17-00-00", "latency": "24"}, {"date": "2024-04-27-17-00-00", "latency": "24"}, {"date": "2024-04-27-17-00-00", "latency": "24"}, {"date": "2024-04-27-17-00-00", "latency": "24"}, {"date": "2024-04-27-17-00-00", "latency": "24"}, {"date": "2024-04-27-17-00-00", "latency": "24"}, {"date": "2024-04-27-17-00-00", "latency": "24"}, {"date": "2024-04-27-17-00-00", "latency": "24"}, {"date": "2024-04-27-17-00-00", "latency": "24"}, {"date": "2024-04-27-17-00-00", "latency": "24"}, {"date": "2024-04-27-17-00-00", "latency": "24"}, {"date": "2024-04-27-17-00-00", "latency": "24"}, {"date": "2024-04-27-17-00-00", "latency": "24"}, {"date": "2024-04-27-17-00-00", "latency": "24"}, {"date": "2024-04-27-17-00-00", "latency": "24"}, {"date": "2024-04-27-17-00-00", "latency": "24"}]}, {"location": {"country_code": "in"}, "game_id": "970338", "values": [{"date": "2024-04-27-19-00-00", "latency": "32"}, {"date": "2024-04-27-19-00-00", "latency": "32"}, {"date": "2024-04-27-19-00-00", "latency": "32"}, {"date": "2024-04-27-19-00-00", "latency": "32"}, {"date": "2024-04-27-19-00-00", "latency": "32"}, {"date": "2024-04-27-19-00-00", "latency": "32"}, {"date": "2024-04-27-19-00-00", "latency": "32"}, {"date": "2024-04-27-19-00-00", "latency": "32"}, {"date": "2024-04-27-19-00-00", "latency": "32"}, {"date": "2024-04-27-19-00-00", "latency": "32"}, {"date": "2024-04-27-19-00-00", "latency": "32"}]}, {"location": {"country_code": "se"}, "game_id": "970338", "values": [{"date": "2024-04-27-14-00-00", "latency": "40"}, {"date": "2024-04-27-14-00-00", "latency": "40"}, {"date": "2024-04-27-14-00-00", "latency": "40"}, {"date": "2024-04-27-14-00-00", "latency": "40"}, {"date": "2024-04-27-14-00-00", "latency": "40"}]}, {"location": {"country_code": "no"}, "game_id": "970338", "values": [{"date": "2024-04-27-05-00-00", "latency": "42"}, {"date": "2024-04-27-05-00-00", "latency": "42"}, {"date": "2024-04-27-05-00-00", "latency": "42"}, {"date": "2024-04-27-05-00-00", "latency": "42"}, {"date": "2024-04-27-05-00-00", "latency": "42"}, {"date": "2024-04-27-05-00-00", "latency": "42"}, {"date": "2024-04-27-05-00-00", "latency": "42"}, {"date": "2024-04-27-05-00-00", "latency": "42"}, {"date": "2024-04-27-05-00-00", "latency": "42"}, {"date": "2024-04-27-05-00-00", "latency": "42"}, {"date": "2024-04-27-05-00-00", "latency": "42"}, {"date": "2024-04-27-05-00-00", "latency": "42"}]}, {"location": {"country_code": "tr"}, "game_id": "970338", "values": [{"date": "2024-04-27-10-00-00", "latency": "233"}, {"date": "2024-04-27-10-00-00", "latency": "233"}, {"date": "2024-04-27-10-00-00", "latency": "233"}, {"date": "2024-04-27-10-00-00", "latency": "233"}, {"date": "2024-04-27-10-00-00", "latency": "233"}, {"date": "2024-04-27-10-00-00", "latency": "233"}, {"date": "2024-04-27-10-00-00", "latency": "233"}]}, {"location": {"country_code": "de", "region": "Hesse"}, "game_id": "970338", "values": [{"date": "2024-04-27-14-00-00", "latency": "23"}, {"date": "2024-04-27-14-00-00", "latency": "23"}, {"date": "2024-04-27-14-00-00", "latency": "23"}, {"date": "2024-04-27-14-00-00", "latency": "23"}, {"date": "2024-04-27-14-00-00", "latency": "23"}, {"date": "2024-04-27-14-00-00", "latency": "23"}, {"date": "2024-04-27-14-00-00", "latency": "23"}, {"date": "2024-04-27-14-00-00", "latency": "23"}, {"date": "2024-04-27-14-00-00", "latency": "23"}, {"date": "2024-04-27-14-00-00", "latency": "23"}]}, {"location": {"country_code": "us", "region": "Missouri"}, "game_id": "970338", "values": [{"date": "2024-04-27-04-00-00", "latency": "42"}]}, {"location": {"country_code": "us", "region": "North Carolina", "city": "Charlotte"}, "game_id": "970338", "values": [{"date": "2024-04-27-14-00-00", "latency": "35"}, {"date": "2024-04-27-14-00-00", "latency": "35"}, {"date": "2024-04-27-14-00-00", "latency": "35"}, {"date": "2024-04-27-14-00-00", "latency": "35"}, {"date": "2024-04-27-14-00-00", "latency": "35"}, {"date": "2024-04-27-14-00-00", "latency": "35"}, {"date": "2024-04-27-14-00-00", "latency": "35"}, {"date": "2024-04-27-14-00-00", "latency": "35"}, {"date": "2024-04-27-14-00-00", "latency": "35"}, {"date": "2024-04-27-14-00-00", "latency": "35"}, {"date": "2024-04-27-14-00-00", "latency": "35"}, {"date": "2024-04-27-14-00-00", "latency": "35"}, {"date": "2024-04-27-14-00-00", "latency": "35"}, {"date": "2024-04-27-14-00-00", "latency": "35"}, {"date": "2024-04-27-14-00-00", "latency": "35"}, {"date": "2024-04-27-14-00-00", "latency": "35"}, {"date": "2024-04-27-14-00-00", "latency": "35"}, {"date": "2024-04-27-14-00-00", "latency": "35"}, {"date": "2024-04-27-14-00-00", "latency": "35"}, {"date": "2024-04-27-14-00-00", "latency": "35"}]}, {"location": {"country_code": "us", "region": "Alaska"}, "game_id": "970338", "values": [{"date": "2024-04-27-10-00-00", "latency": "109"}, {"date": "2024-04-27-10-00-00", "latency": "109"}, {"date": "2024-04-27-10-00-00", "latency": "109"}, {"date": "2024-04-27-10-00-00", "latency": "109"}, {"date": "2024-04-27-10-00-00", "latency": "109"}, {"date": "2024-04-27-10-00-00", "latency": "109"}]}, {"location": {"country_code": "us", "region": "Arizona", "city": "Phoenix"}, "game_id": "970338", "values": [{"date": "2024-04-27-21-00-00", "latency": "73"}, {"date": "2024-04-27-21-00-00", "latency": "73"}, {"date": "2024-04-27-21-00-00", "latency": "73"}, {"date": "2024-04-27-21-00-00", "latency": "73"}, {"date": "2024-04-27-21-00-00", "latency": "73"}, {"date": "2024-04-27-21-00-00", "latency": "73"}, {"date": "2024-04-27-21-00-00", "latency": "73"}, {"date": "2024-04-27-21-00-00", "latency": "73"}, {"date": "2024-04-27-21-00-00", "latency": "73"}, {"date": "2024-04-27-21-00-00", "latency": "73"}, {"date": "2024-04-27-21-00-00", "latency": "73"}, {"date": "2024-04-27-21-00-00", "latency": "73"}, {"date": "2024-04-27-21-00-00", "latency": "73"}]}, {"location": {"country_code": "ve"}, "game_id": "970338", "values": [{"date": "2024-04-27-14-00-00", "latency": "18"}, {"date": "2024-04-27-14-00-00", "latency": "18"}, {"date": "2024-04-27-14-00-00", "latency": "18"}, {"date": "2024-04-27-14-00-00", "latency": "18"}, {"date": "2024-04-27-14-00-00", "latency": "18"}, {"date": "2024-04-27-14-00-00", "latency": "18"}]}, {"location": {"country_code": "pl"}, "game_id": "970338", "values": [{"date": "2024-04-27-20-00-00", "latency": "32"}, {"date": "2024-04-27-20-00-00", "latency": "32"}, {"date": "2024-04-27-20-00-00", "latency": "32"}, {"date": "2024-04-27-20-00-00", "latency": "32"}, {"date": "2024-04-27-20-00-00", "latency": "32"}, {"date": "2024-04-27-20-00-00", "latency": "32"}, {"date": "2024-04-27-20-00-00", "latency": "32"}, {"date": "2024-04-27-20-00-00", "latency": "32"}, {"date": "2024-04-27-21-00-00", "latency": "42"}, {"date": "2024-04-27-21-00-00", "latency": "42"}, {"date": "2024-04-27-21-00-00", "latency": "42"}, {"date": "2024-04-27-21-00-00", "latency": "42"}, {"date": "2024-04-27-21-00-00", "latency": "42"}, {"date": "2024-04-27-21-00-00", "latency": "42"}, {"date": "2024-04-27-21-00-00", "latency": "42"}, {"date": "2024-04-27-21-00-00", "latency": "42"}, {"date": "2024-04-27-21-00-00", "latency": "42"}, {"date": "2024-04-27-21-00-00", "latency": "42"}, {"date": "2024-04-27-21-00-00", "latency": "42"}, {"date": "2024-04-27-21-00-00", "latency": "42"}]}, {"location": {"country_code": "ru"}, "game_id": "970338", "values": [{"date": "2024-04-27-21-00-00", "latency": "3"}, {"date": "2024-04-27-21-00-00", "latency": "3"}, {"date": "2024-04-27-14-00-00", "latency": "65"}, {"date": "2024-04-27-14-00-00", "latency": "65"}, {"date": "2024-04-27-14-00-00", "latency": "65"}, {"date": "2024-04-27-14-00-00", "latency": "65"}, {"date": "2024-04-27-14-00-00", "latency": "65"}, {"date": "2024-04-27-14-00-00", "latency": "65"}, {"date": "2024-04-27-14-00-00", "latency": "65"}, {"date": "2024-04-27-14-00-00", "latency": "65"}, {"date": "2024-04-27-14-00-00", "latency": "65"}, {"date": "2024-04-27-14-00-00", "latency": "65"}]}, {"location": {"country_code": "pt"}, "game_id": "970338", "values": [{"date": "2024-04-27-23-00-00", "latency": "46"}, {"date": "2024-04-27-23-00-00", "latency": "46"}, {"date": "2024-04-27-23-00-00", "latency": "46"}, {"date": "2024-04-27-23-00-00", "latency": "46"}, {"date": "2024-04-27-23-00-00", "latency": "46"}, {"date": "2024-04-28-01-00-00", "latency": "59"}, {"date": "2024-04-28-01-00-00", "latency": "59"}, {"date": "2024-04-28-01-00-00", "latency": "59"}, {"date": "2024-04-28-01-00-00", "latency": "59"}]}, {"location": {"country_code": "by"}, "game_id": "970338", "values": [{"date": "2024-04-27-21-00-00", "latency": "48"}, {"date": "2024-04-27-21-00-00", "latency": "48"}, {"date": "2024-04-27-21-00-00", "latency": "48"}, {"date": "2024-04-27-21-00-00", "latency": "48"}, {"date": "2024-04-27-21-00-00", "latency": "48"}, {"date": "2024-04-27-21-00-00", "latency": "48"}, {"date": "2024-04-27-21-00-00", "latency": "48"}, {"date": "2024-04-27-21-00-00", "latency": "48"}, {"date": "2024-04-27-21-00-00", "latency": "48"}, {"date": "2024-04-27-21-00-00", "latency": "48"}, {"date": "2024-04-27-21-00-00", "latency": "48"}, {"date": "2024-04-27-21-00-00", "latency": "48"}, {"date": "2024-04-27-21-00-00", "latency": "48"}, {"date": "2024-04-27-21-00-00", "latency": "48"}, {"date": "2024-04-27-21-00-00", "latency": "48"}, {"date": "2024-04-27-21-00-00", "latency": "48"}, {"date": "2024-04-27-21-00-00", "latency": "48"}, {"date": "2024-04-27-21-00-00", "latency": "48"}, {"date": "2024-04-27-21-00-00", "latency": "48"}, {"date": "2024-04-27-21-00-00", "latency": "48"}, {"date": "2024-04-27-21-00-00", "latency": "48"}, {"date": "2024-04-27-21-00-00", "latency": "48"}, {"date": "2024-04-27-21-00-00", "latency": "48"}, {"date": "2024-04-27-21-00-00", "latency": "48"}, {"date": "2024-04-27-21-00-00", "latency": "48"}, {"date": "2024-04-27-21-00-00", "latency": "48"}, {"date": "2024-04-27-21-00-00", "latency": "48"}, {"date": "2024-04-27-21-00-00", "latency": "48"}, {"date": "2024-04-27-21-00-00", "latency": "48"}, {"date": "2024-04-27-21-00-00", "latency": "48"}, {"date": "2024-04-27-21-00-00", "latency": "48"}, {"date": "2024-04-27-21-00-00", "latency": "48"}]}, {"location": {"country_code": "bg"}, "game_id": "970338", "values": [{"date": "2024-04-27-22-00-00", "latency": "53"}]}, {"location": {"country_code": "gb", "region": "Wales"}, "game_id": "970338", "values": [{"date": "2024-04-27-16-00-00", "latency": "71"}]}, {"location": {"country_code": "fr", "region": "Normandy", "city": "Caen"}, "game_id": "970338", "values": [{"date": "2024-04-28-01-00-00", "latency": "22"}, {"date": "2024-04-28-01-00-00", "latency": "22"}, {"date": "2024-04-28-01-00-00", "latency": "22"}, {"date": "2024-04-28-01-00-00", "latency": "22"}, {"date": "2024-04-28-01-00-00", "latency": "22"}, {"date": "2024-04-28-01-00-00", "latency": "22"}, {"date": "2024-04-28-01-00-00", "latency": "22"}, {"date": "2024-04-28-01-00-00", "latency": "22"}, {"date": "2024-04-28-01-00-00", "latency": "22"}, {"date": "2024-04-28-01-00-00", "latency": "22"}, {"date": "2024-04-28-01-00-00", "latency": "22"}, {"date": "2024-04-28-01-00-00", "latency": "22"}, {"date": "2024-04-28-01-00-00", "latency": "22"}, {"date": "2024-04-28-01-00-00", "latency": "22"}, {"date": "2024-04-28-01-00-00", "latency": "22"}]}, {"location": {"country_code": "de", "region": "Lower Saxony", "city": "Lengede"}, "game_id": "970338", "values": [{"date": "2024-04-27-21-00-00", "latency": "22"}, {"date": "2024-04-27-21-00-00", "latency": "22"}, {"date": "2024-04-27-21-00-00", "latency": "22"}, {"date": "2024-04-27-21-00-00", "latency": "22"}, {"date": "2024-04-27-21-00-00", "latency": "22"}, {"date": "2024-04-27-21-00-00", "latency": "22"}, {"date": "2024-04-27-21-00-00", "latency": "22"}, {"date": "2024-04-27-21-00-00", "latency": "22"}, {"date": "2024-04-27-21-00-00", "latency": "22"}, {"date": "2024-04-27-21-00-00", "latency": "22"}, {"date": "2024-04-27-21-00-00", "latency": "22"}, {"date": "2024-04-27-21-00-00", "latency": "22"}, {"date": "2024-04-27-21-00-00", "latency": "22"}, {"date": "2024-04-27-21-00-00", "latency": "22"}, {"date": "2024-04-27-21-00-00", "latency": "22"}]}, {"location": {"country_code": "cz", "region": "Olomoucky kraj", "city": "Olomouc"}, "game_id": "970338", "values": [{"date": "2024-04-27-23-00-00", "latency": "52"}, {"date": "2024-04-27-23-00-00", "latency": "52"}, {"date": "2024-04-27-23-00-00", "latency": "52"}, {"date": "2024-04-27-23-00-00", "latency": "52"}, {"date": "2024-04-27-23-00-00", "latency": "52"}, {"date": "2024-04-27-23-00-00", "latency": "52"}, {"date": "2024-04-27-23-00-00", "latency": "52"}, {"date": "2024-04-27-23-00-00", "latency": "52"}, {"date": "2024-04-27-23-00-00", "latency": "52"}, {"date": "2024-04-27-23-00-00", "latency": "52"}, {"date": "2024-04-27-23-00-00", "latency": "52"}, {"date": "2024-04-27-23-00-00", "latency": "52"}, {"date": "2024-04-27-23-00-00", "latency": "52"}, {"date": "2024-04-27-23-00-00", "latency": "52"}, {"date": "2024-04-27-23-00-00", "latency": "52"}, {"date": "2024-04-27-23-00-00", "latency": "52"}, {"date": "2024-04-27-23-00-00", "latency": "52"}, {"date": "2024-04-27-23-00-00", "latency": "52"}]}], "last_updated": 1719912537.376124}