{"data": [{"location": {"country_code": "nz"}, "game_id": "128974", "values": [{"date": "2024-04-17-00-00-00", "latency": 170}]}, {"location": {"country_code": "us"}, "game_id": "128974", "values": [{"date": "2024-04-17-01-00-00", "latency": 71}, {"date": "2024-04-17-01-00-00", "latency": 71}, {"date": "2024-04-16-22-00-00", "latency": 117}, {"date": "2024-04-16-22-00-00", "latency": 76}, {"date": "2024-04-16-17-00-00", "latency": 105}, {"date": "2024-04-17-01-00-00", "latency": 67}, {"date": "2024-04-16-22-00-00", "latency": 90}, {"date": "2024-04-16-06-00-00", "latency": 67}, {"date": "2024-04-16-06-00-00", "latency": 67}]}, {"location": {"country_code": "us", "region": "New York", "city": "Jamestown"}, "game_id": "128974", "values": [{"date": "2024-04-16-23-00-00", "latency": 80}, {"date": "2024-04-16-23-00-00", "latency": 80}, {"date": "2024-04-17-02-00-00", "latency": 86}, {"date": "2024-04-17-02-00-00", "latency": 86}]}, {"location": {"country_code": "us", "region": "New York"}, "game_id": "128974", "values": [{"date": "2024-04-16-19-00-00", "latency": 79}]}, {"location": {"country_code": "us", "region": "Florida", "city": "Orlando"}, "game_id": "128974", "values": [{"date": "2024-04-16-09-00-00", "latency": 126}]}, {"location": {"country_code": "gb"}, "game_id": "128974", "values": [{"date": "2024-04-16-21-00-00", "latency": 134}, {"date": "2024-04-16-21-00-00", "latency": 134}, {"date": "2024-04-16-21-00-00", "latency": 134}, {"date": "2024-04-16-21-00-00", "latency": 134}, {"date": "2024-04-16-21-00-00", "latency": 134}, {"date": "2024-04-16-21-00-00", "latency": 134}, {"date": "2024-04-16-23-00-00", "latency": 72}, {"date": "2024-04-16-23-00-00", "latency": 72}, {"date": "2024-04-16-22-00-00", "latency": 289}, {"date": "2024-04-16-18-00-00", "latency": 61}, {"date": "2024-04-16-21-00-00", "latency": 118}, {"date": "2024-04-16-21-00-00", "latency": 118}, {"date": "2024-04-16-21-00-00", "latency": 118}, {"date": "2024-04-16-21-00-00", "latency": 118}, {"date": "2024-04-16-21-00-00", "latency": 118}, {"date": "2024-04-16-21-00-00", "latency": 118}, {"date": "2024-04-16-21-00-00", "latency": 74}]}, {"location": {"country_code": "gb", "region": "England", "city": "Brighton"}, "game_id": "128974", "values": [{"date": "2024-04-16-23-00-00", "latency": 49}, {"date": "2024-04-16-23-00-00", "latency": 49}, {"date": "2024-04-16-23-00-00", "latency": 49}]}, {"location": {"country_code": "th"}, "game_id": "128974", "values": [{"date": "2024-04-16-16-00-00", "latency": 64}]}, {"location": {"country_code": "nl"}, "game_id": "128974", "values": [{"date": "2024-04-16-22-00-00", "latency": 62}, {"date": "2024-04-16-22-00-00", "latency": 62}, {"date": "2024-04-16-21-00-00", "latency": 79}, {"date": "2024-04-16-21-00-00", "latency": 79}]}, {"location": {"country_code": "it"}, "game_id": "128974", "values": [{"date": "2024-04-16-23-00-00", "latency": 84}, {"date": "2024-04-16-20-00-00", "latency": 63}, {"date": "2024-04-16-23-00-00", "latency": 67}, {"date": "2024-04-16-23-00-00", "latency": 67}, {"date": "2024-04-16-23-00-00", "latency": 67}, {"date": "2024-04-16-23-00-00", "latency": 67}, {"date": "2024-04-16-23-00-00", "latency": 67}, {"date": "2024-04-16-23-00-00", "latency": 67}, {"date": "2024-04-16-21-00-00", "latency": 96}, {"date": "2024-04-16-18-00-00", "latency": 94}]}, {"location": {"country_code": "ro"}, "game_id": "128974", "values": [{"date": "2024-04-16-22-00-00", "latency": 216}]}, {"location": {"country_code": "jp"}, "game_id": "128974", "values": [{"date": "2024-04-16-04-00-00", "latency": 68}]}, {"location": {"country_code": "ca"}, "game_id": "128974", "values": [{"date": "2024-04-16-23-00-00", "latency": 178}, {"date": "2024-04-16-17-00-00", "latency": 116}, {"date": "2024-04-16-17-00-00", "latency": 116}, {"date": "2024-04-16-17-00-00", "latency": 116}, {"date": "2024-04-16-22-00-00", "latency": 82}]}, {"location": {"country_code": "ca", "region": "Ontario", "city": "Toronto"}, "game_id": "128974", "values": [{"date": "2024-04-16-07-00-00", "latency": 63}, {"date": "2024-04-16-23-00-00", "latency": 65}]}, {"location": {"country_code": "de"}, "game_id": "128974", "values": [{"date": "2024-04-16-21-00-00", "latency": 111}, {"date": "2024-04-16-21-00-00", "latency": 111}, {"date": "2024-04-16-21-00-00", "latency": 111}, {"date": "2024-04-16-21-00-00", "latency": 111}, {"date": "2024-04-16-21-00-00", "latency": 111}, {"date": "2024-04-16-21-00-00", "latency": 111}, {"date": "2024-04-16-21-00-00", "latency": 111}, {"date": "2024-04-16-21-00-00", "latency": 111}, {"date": "2024-04-16-21-00-00", "latency": 111}, {"date": "2024-04-16-21-00-00", "latency": 111}, {"date": "2024-04-16-23-00-00", "latency": 60}, {"date": "2024-04-16-23-00-00", "latency": 60}, {"date": "2024-04-16-23-00-00", "latency": 60}, {"date": "2024-04-16-23-00-00", "latency": 60}, {"date": "2024-04-16-21-00-00", "latency": 159}, {"date": "2024-04-16-21-00-00", "latency": 159}, {"date": "2024-04-16-21-00-00", "latency": 159}, {"date": "2024-04-16-21-00-00", "latency": 159}, {"date": "2024-04-16-21-00-00", "latency": 159}, {"date": "2024-04-16-21-00-00", "latency": 159}, {"date": "2024-04-16-21-00-00", "latency": 159}, {"date": "2024-04-16-21-00-00", "latency": 159}, {"date": "2024-04-16-21-00-00", "latency": 159}, {"date": "2024-04-16-21-00-00", "latency": 159}, {"date": "2024-04-16-21-00-00", "latency": 159}, {"date": "2024-04-16-21-00-00", "latency": 159}, {"date": "2024-04-16-21-00-00", "latency": 159}, {"date": "2024-04-16-21-00-00", "latency": 159}, {"date": "2024-04-16-21-00-00", "latency": 159}, {"date": "2024-04-16-21-00-00", "latency": 159}, {"date": "2024-04-16-21-00-00", "latency": 159}, {"date": "2024-04-16-21-00-00", "latency": 106}, {"date": "2024-04-16-22-00-00", "latency": 140}, {"date": "2024-04-16-22-00-00", "latency": 140}, {"date": "2024-04-16-22-00-00", "latency": 140}, {"date": "2024-04-16-22-00-00", "latency": 140}, {"date": "2024-04-16-22-00-00", "latency": 140}, {"date": "2024-04-16-22-00-00", "latency": 140}, {"date": "2024-04-16-22-00-00", "latency": 140}, {"date": "2024-04-16-22-00-00", "latency": 140}, {"date": "2024-04-16-22-00-00", "latency": 140}, {"date": "2024-04-16-22-00-00", "latency": 140}, {"date": "2024-04-16-21-00-00", "latency": 760}, {"date": "2024-04-16-21-00-00", "latency": 760}, {"date": "2024-04-16-21-00-00", "latency": 760}, {"date": "2024-04-16-21-00-00", "latency": 760}, {"date": "2024-04-16-21-00-00", "latency": 760}, {"date": "2024-04-16-21-00-00", "latency": 760}, {"date": "2024-04-16-21-00-00", "latency": 59}, {"date": "2024-04-16-21-00-00", "latency": 59}, {"date": "2024-04-16-21-00-00", "latency": 59}, {"date": "2024-04-16-21-00-00", "latency": 59}, {"date": "2024-04-16-21-00-00", "latency": 59}, {"date": "2024-04-16-02-00-00", "latency": 120}, {"date": "2024-04-16-02-00-00", "latency": 96}]}, {"location": {"country_code": "br", "region": "Parana", "city": "Araucaria"}, "game_id": "128974", "values": [{"date": "2024-04-17-00-00-00", "latency": 44}]}, {"location": {"country_code": "us", "region": "Indiana"}, "game_id": "128974", "values": [{"date": "2024-04-16-22-00-00", "latency": 82}, {"date": "2024-04-16-22-00-00", "latency": 82}, {"date": "2024-04-16-22-00-00", "latency": 82}]}, {"location": {"country_code": "gb", "region": "England"}, "game_id": "128974", "values": [{"date": "2024-04-16-21-00-00", "latency": 124}, {"date": "2024-04-16-21-00-00", "latency": 140}, {"date": "2024-04-16-20-00-00", "latency": 117}, {"date": "2024-04-16-20-00-00", "latency": 117}, {"date": "2024-04-16-20-00-00", "latency": 117}, {"date": "2024-04-16-20-00-00", "latency": 117}, {"date": "2024-04-16-20-00-00", "latency": 117}, {"date": "2024-04-16-20-00-00", "latency": 117}, {"date": "2024-04-16-20-00-00", "latency": 117}, {"date": "2024-04-16-20-00-00", "latency": 117}, {"date": "2024-04-16-20-00-00", "latency": 117}, {"date": "2024-04-16-20-00-00", "latency": 117}, {"date": "2024-04-16-22-00-00", "latency": 68}, {"date": "2024-04-16-22-00-00", "latency": 68}, {"date": "2024-04-16-22-00-00", "latency": 68}]}, {"location": {"country_code": "cl"}, "game_id": "128974", "values": [{"date": "2024-04-16-06-00-00", "latency": 154}]}, {"location": {"country_code": "us", "region": "Texas"}, "game_id": "128974", "values": [{"date": "2024-04-16-21-00-00", "latency": 68}]}, {"location": {"country_code": "us", "region": "Florida"}, "game_id": "128974", "values": [{"date": "2024-04-16-12-00-00", "latency": 145}, {"date": "2024-04-16-12-00-00", "latency": 145}, {"date": "2024-04-16-12-00-00", "latency": 145}, {"date": "2024-04-16-12-00-00", "latency": 145}, {"date": "2024-04-16-12-00-00", "latency": 145}, {"date": "2024-04-16-12-00-00", "latency": 145}]}, {"location": {"country_code": "au", "region": "New South Wales", "city": "Sydney"}, "game_id": "128974", "values": [{"date": "2024-04-16-15-00-00", "latency": 213}, {"date": "2024-04-16-15-00-00", "latency": 213}, {"date": "2024-04-16-15-00-00", "latency": 213}, {"date": "2024-04-16-15-00-00", "latency": 213}, {"date": "2024-04-16-15-00-00", "latency": 213}, {"date": "2024-04-16-15-00-00", "latency": 213}, {"date": "2024-04-16-15-00-00", "latency": 213}]}, {"location": {"country_code": "us", "region": "Florida", "city": "Miami"}, "game_id": "128974", "values": [{"date": "2024-04-16-14-00-00", "latency": 72}, {"date": "2024-04-16-05-00-00", "latency": 145}]}, {"location": {"country_code": "fr"}, "game_id": "128974", "values": [{"date": "2024-04-16-17-00-00", "latency": 98}, {"date": "2024-04-17-01-00-00", "latency": 66}, {"date": "2024-04-16-21-00-00", "latency": 86}, {"date": "2024-04-16-23-00-00", "latency": 67}, {"date": "2024-04-16-23-00-00", "latency": 67}, {"date": "2024-04-16-22-00-00", "latency": 105}, {"date": "2024-04-16-22-00-00", "latency": 105}, {"date": "2024-04-16-22-00-00", "latency": 105}, {"date": "2024-04-16-22-00-00", "latency": 105}, {"date": "2024-04-16-22-00-00", "latency": 105}, {"date": "2024-04-16-22-00-00", "latency": 105}, {"date": "2024-04-16-18-00-00", "latency": 149}, {"date": "2024-04-17-00-00-00", "latency": 81}, {"date": "2024-04-17-00-00-00", "latency": 81}, {"date": "2024-04-17-00-00-00", "latency": 81}, {"date": "2024-04-17-00-00-00", "latency": 81}]}, {"location": {"country_code": "mx", "region": "Mexico City"}, "game_id": "128974", "values": [{"date": "2024-04-16-10-00-00", "latency": 87}]}, {"location": {"country_code": "us", "region": "California"}, "game_id": "128974", "values": [{"date": "2024-04-17-01-00-00", "latency": 71}, {"date": "2024-04-16-21-00-00", "latency": 77}, {"date": "2024-04-16-21-00-00", "latency": 77}, {"date": "2024-04-16-21-00-00", "latency": 77}, {"date": "2024-04-16-21-00-00", "latency": 77}, {"date": "2024-04-16-21-00-00", "latency": 77}, {"date": "2024-04-16-21-00-00", "latency": 77}, {"date": "2024-04-16-21-00-00", "latency": 77}, {"date": "2024-04-16-21-00-00", "latency": 77}, {"date": "2024-04-16-21-00-00", "latency": 77}, {"date": "2024-04-16-11-00-00", "latency": 68}, {"date": "2024-04-16-11-00-00", "latency": 68}, {"date": "2024-04-16-11-00-00", "latency": 68}]}, {"location": {"country_code": "us", "region": "California", "city": "East Los Angeles"}, "game_id": "128974", "values": [{"date": "2024-04-16-08-00-00", "latency": 82}, {"date": "2024-04-16-21-00-00", "latency": 78}]}, {"location": {"country_code": "br"}, "game_id": "128974", "values": [{"date": "2024-04-16-20-00-00", "latency": 225}]}, {"location": {"country_code": "br", "region": "Sao Paulo", "city": "Apiai"}, "game_id": "128974", "values": [{"date": "2024-04-16-21-00-00", "latency": 39}, {"date": "2024-04-16-21-00-00", "latency": 39}, {"date": "2024-04-16-16-00-00", "latency": 39}, {"date": "2024-04-16-23-00-00", "latency": 42}]}, {"location": {"country_code": "no"}, "game_id": "128974", "values": [{"date": "2024-04-16-22-00-00", "latency": 117}, {"date": "2024-04-16-15-00-00", "latency": 116}, {"date": "2024-04-16-22-00-00", "latency": 85}]}, {"location": {"country_code": "us", "region": "Hawaii"}, "game_id": "128974", "values": [{"date": "2024-04-16-19-00-00", "latency": 72}, {"date": "2024-04-16-23-00-00", "latency": 130}]}, {"location": {"country_code": "au"}, "game_id": "128974", "values": [{"date": "2024-04-16-09-00-00", "latency": 183}, {"date": "2024-04-16-09-00-00", "latency": 183}, {"date": "2024-04-16-09-00-00", "latency": 183}, {"date": "2024-04-16-09-00-00", "latency": 183}, {"date": "2024-04-16-09-00-00", "latency": 183}, {"date": "2024-04-16-09-00-00", "latency": 183}, {"date": "2024-04-16-11-00-00", "latency": 74}, {"date": "2024-04-16-11-00-00", "latency": 74}, {"date": "2024-04-16-08-00-00", "latency": 40}, {"date": "2024-04-16-15-00-00", "latency": 123}]}, {"location": {"country_code": "au", "region": "Victoria", "city": "Melbourne"}, "game_id": "128974", "values": [{"date": "2024-04-16-20-00-00", "latency": 172}]}, {"location": {"country_code": "td"}, "game_id": "128974", "values": [{"date": "2024-04-16-13-00-00", "latency": 79}, {"date": "2024-04-16-13-00-00", "latency": 79}, {"date": "2024-04-16-13-00-00", "latency": 79}, {"date": "2024-04-16-13-00-00", "latency": 79}, {"date": "2024-04-16-13-00-00", "latency": 79}]}, {"location": {"country_code": "dk"}, "game_id": "128974", "values": [{"date": "2024-04-16-22-00-00", "latency": 126}]}, {"location": {"country_code": "es"}, "game_id": "128974", "values": [{"date": "2024-04-17-01-00-00", "latency": 76}, {"date": "2024-04-16-21-00-00", "latency": 114}]}, {"location": {"country_code": "sa"}, "game_id": "128974", "values": [{"date": "2024-04-16-21-00-00", "latency": 88}, {"date": "2024-04-16-21-00-00", "latency": 88}, {"date": "2024-04-16-21-00-00", "latency": 88}, {"date": "2024-04-16-21-00-00", "latency": 88}, {"date": "2024-04-16-21-00-00", "latency": 88}, {"date": "2024-04-16-21-00-00", "latency": 88}, {"date": "2024-04-16-21-00-00", "latency": 88}, {"date": "2024-04-16-12-00-00", "latency": 149}, {"date": "2024-04-16-21-00-00", "latency": 200}, {"date": "2024-04-16-21-00-00", "latency": 200}, {"date": "2024-04-16-17-00-00", "latency": 42}, {"date": "2024-04-16-17-00-00", "latency": 42}, {"date": "2024-04-16-17-00-00", "latency": 42}, {"date": "2024-04-16-14-00-00", "latency": 267}, {"date": "2024-04-16-14-00-00", "latency": 267}, {"date": "2024-04-16-14-00-00", "latency": 267}]}, {"location": {"country_code": "jm"}, "game_id": "128974", "values": [{"date": "2024-04-17-01-00-00", "latency": 78}, {"date": "2024-04-17-01-00-00", "latency": 78}]}, {"location": {"country_code": "fi"}, "game_id": "128974", "values": [{"date": "2024-04-16-22-00-00", "latency": 169}, {"date": "2024-04-16-15-00-00", "latency": 69}, {"date": "2024-04-16-15-00-00", "latency": 69}, {"date": "2024-04-16-15-00-00", "latency": 69}, {"date": "2024-04-16-15-00-00", "latency": 69}, {"date": "2024-04-16-15-00-00", "latency": 69}, {"date": "2024-04-16-15-00-00", "latency": 69}, {"date": "2024-04-16-15-00-00", "latency": 69}, {"date": "2024-04-16-15-00-00", "latency": 69}, {"date": "2024-04-16-15-00-00", "latency": 69}, {"date": "2024-04-16-15-00-00", "latency": 69}, {"date": "2024-04-16-15-00-00", "latency": 69}]}, {"location": {"country_code": "de", "region": "Free and Hanseatic City of Hamburg", "city": "Hamburg"}, "game_id": "128974", "values": [{"date": "2024-04-16-21-00-00", "latency": 46}]}, {"location": {"country_code": "us", "region": "North Carolina", "city": "Charlotte"}, "game_id": "128974", "values": [{"date": "2024-04-16-13-00-00", "latency": 159}]}, {"location": {"country_code": "au", "region": "South Australia", "city": "Adelaide"}, "game_id": "128974", "values": [{"date": "2024-04-16-20-00-00", "latency": 68}, {"date": "2024-04-16-20-00-00", "latency": 68}]}, {"location": {"country_code": "us", "region": "Alaska"}, "game_id": "128974", "values": [{"date": "2024-04-16-06-00-00", "latency": 112}]}, {"location": {"country_code": "us", "region": "Illinois", "city": "Chicago"}, "game_id": "128974", "values": [{"date": "2024-04-16-21-00-00", "latency": 45}, {"date": "2024-04-16-17-00-00", "latency": 197}, {"date": "2024-04-16-16-00-00", "latency": 71}]}, {"location": {"country_code": "de", "region": "Bavaria"}, "game_id": "128974", "values": [{"date": "2024-04-16-22-00-00", "latency": 140}]}, {"location": {"country_code": "co"}, "game_id": "128974", "values": [{"date": "2024-04-17-02-00-00", "latency": 148}]}, {"location": {"country_code": "at"}, "game_id": "128974", "values": [{"date": "2024-04-16-17-00-00", "latency": 77}]}, {"location": {"country_code": "us", "region": "Arizona"}, "game_id": "128974", "values": [{"date": "2024-04-16-11-00-00", "latency": 89}, {"date": "2024-04-16-11-00-00", "latency": 89}]}, {"location": {"country_code": "mx", "region": "Veracruz"}, "game_id": "128974", "values": [{"date": "2024-04-16-21-00-00", "latency": 92}]}, {"location": {"country_code": "es", "region": "Aragon", "city": "Zaragoza"}, "game_id": "128974", "values": [{"date": "2024-04-16-22-00-00", "latency": 84}, {"date": "2024-04-16-22-00-00", "latency": 84}]}, {"location": {"country_code": "us", "region": "California", "city": "Chula Vista"}, "game_id": "128974", "values": [{"date": "2024-04-16-05-00-00", "latency": 80}, {"date": "2024-04-16-05-00-00", "latency": 80}, {"date": "2024-04-16-05-00-00", "latency": 80}, {"date": "2024-04-17-01-00-00", "latency": 73}, {"date": "2024-04-17-01-00-00", "latency": 73}, {"date": "2024-04-17-01-00-00", "latency": 73}]}, {"location": {"country_code": "cn"}, "game_id": "128974", "values": [{"date": "2024-04-16-05-00-00", "latency": 163}, {"date": "2024-04-16-05-00-00", "latency": 163}, {"date": "2024-04-16-05-00-00", "latency": 163}, {"date": "2024-04-16-22-00-00", "latency": 112}]}, {"location": {"country_code": "be"}, "game_id": "128974", "values": [{"date": "2024-04-16-22-00-00", "latency": 60}]}, {"location": {"country_code": "ie"}, "game_id": "128974", "values": [{"date": "2024-04-16-22-00-00", "latency": 67}, {"date": "2024-04-16-22-00-00", "latency": 67}, {"date": "2024-04-16-22-00-00", "latency": 67}]}, {"location": {"country_code": "pe"}, "game_id": "128974", "values": [{"date": "2024-04-16-19-00-00", "latency": 171}, {"date": "2024-04-16-19-00-00", "latency": 171}]}, {"location": {"country_code": "es", "region": "Canary Islands", "city": "Santa Cruz de la Palma"}, "game_id": "128974", "values": [{"date": "2024-04-16-21-00-00", "latency": 197}, {"date": "2024-04-16-21-00-00", "latency": 197}, {"date": "2024-04-16-21-00-00", "latency": 197}]}, {"location": {"country_code": "tr", "region": "Marmara Bolgesi", "city": "Istanbul"}, "game_id": "128974", "values": [{"date": "2024-04-16-23-00-00", "latency": 113}, {"date": "2024-04-16-23-00-00", "latency": 113}, {"date": "2024-04-16-23-00-00", "latency": 113}, {"date": "2024-04-16-23-00-00", "latency": 113}, {"date": "2024-04-16-23-00-00", "latency": 113}, {"date": "2024-04-16-23-00-00", "latency": 113}, {"date": "2024-04-16-23-00-00", "latency": 113}, {"date": "2024-04-16-23-00-00", "latency": 113}]}, {"location": {"country_code": "us", "region": "District of Columbia", "city": "Washington"}, "game_id": "128974", "values": [{"date": "2024-04-16-03-00-00", "latency": 205}]}, {"location": {"country_code": "do"}, "game_id": "128974", "values": [{"date": "2024-04-16-10-00-00", "latency": 226}]}, {"location": {"country_code": "id"}, "game_id": "128974", "values": [{"date": "2024-04-16-18-00-00", "latency": 62}]}, {"location": {"country_code": "fr", "region": "Aquitania-Limosino-Poitou-Charentes"}, "game_id": "128974", "values": [{"date": "2024-04-16-21-00-00", "latency": 120}]}, {"location": {"country_code": "es", "region": "Andalusia", "city": "Seville"}, "game_id": "128974", "values": [{"date": "2024-04-16-22-00-00", "latency": 142}, {"date": "2024-04-16-22-00-00", "latency": 142}]}, {"location": {"country_code": "us", "region": "Minnesota"}, "game_id": "128974", "values": [{"date": "2024-04-16-03-00-00", "latency": 65}, {"date": "2024-04-16-03-00-00", "latency": 65}, {"date": "2024-04-16-03-00-00", "latency": 65}]}, {"location": {"country_code": "fr", "region": "Ile-de-France Region", "city": "Paris"}, "game_id": "128974", "values": [{"date": "2024-04-16-21-00-00", "latency": 61}, {"date": "2024-04-16-21-00-00", "latency": 61}, {"date": "2024-04-16-21-00-00", "latency": 61}, {"date": "2024-04-16-21-00-00", "latency": 61}, {"date": "2024-04-16-21-00-00", "latency": 61}, {"date": "2024-04-16-21-00-00", "latency": 61}, {"date": "2024-04-16-21-00-00", "latency": 61}, {"date": "2024-04-16-21-00-00", "latency": 61}, {"date": "2024-04-16-21-00-00", "latency": 61}, {"date": "2024-04-16-21-00-00", "latency": 61}]}, {"location": {"country_code": "us", "region": "Massachusetts", "city": "Boston"}, "game_id": "128974", "values": [{"date": "2024-04-16-17-00-00", "latency": 112}, {"date": "2024-04-17-00-00-00", "latency": 80}]}, {"location": {"country_code": "kw"}, "game_id": "128974", "values": [{"date": "2024-04-16-07-00-00", "latency": 160}]}, {"location": {"country_code": "ca", "region": "British Columbia", "city": "Richmond"}, "game_id": "128974", "values": [{"date": "2024-04-16-20-00-00", "latency": 86}]}, {"location": {"country_code": "ca", "region": "Quebec"}, "game_id": "128974", "values": [{"date": "2024-04-17-01-00-00", "latency": 764}]}, {"location": {"country_code": "de", "region": "Lower Saxony"}, "game_id": "128974", "values": [{"date": "2024-04-16-16-00-00", "latency": 124}]}, {"location": {"country_code": "bg"}, "game_id": "128974", "values": [{"date": "2024-04-16-21-00-00", "latency": 121}, {"date": "2024-04-16-21-00-00", "latency": 121}, {"date": "2024-04-16-21-00-00", "latency": 121}, {"date": "2024-04-16-21-00-00", "latency": 121}, {"date": "2024-04-16-21-00-00", "latency": 121}, {"date": "2024-04-16-21-00-00", "latency": 121}, {"date": "2024-04-16-21-00-00", "latency": 121}]}, {"location": {"country_code": "us", "region": "California", "city": "Ojai"}, "game_id": "128974", "values": [{"date": "2024-04-16-07-00-00", "latency": 45}]}, {"location": {"country_code": "de", "region": "Bavaria", "city": "Munich"}, "game_id": "128974", "values": [{"date": "2024-04-17-00-00-00", "latency": 97}, {"date": "2024-04-17-00-00-00", "latency": 97}]}, {"location": {"country_code": "es", "region": "Andalusia"}, "game_id": "128974", "values": [{"date": "2024-04-16-21-00-00", "latency": 69}, {"date": "2024-04-16-21-00-00", "latency": 69}]}, {"location": {"country_code": "fr", "region": "Pays de la Loire Region", "city": "Nantes"}, "game_id": "128974", "values": [{"date": "2024-04-16-21-00-00", "latency": 68}, {"date": "2024-04-16-21-00-00", "latency": 68}, {"date": "2024-04-16-21-00-00", "latency": 68}]}, {"location": {"country_code": "no", "region": "Oslo Fylke", "city": "Oslo"}, "game_id": "128974", "values": [{"date": "2024-04-16-21-00-00", "latency": 138}, {"date": "2024-04-16-21-00-00", "latency": 138}, {"date": "2024-04-16-21-00-00", "latency": 138}, {"date": "2024-04-16-21-00-00", "latency": 138}]}, {"location": {"country_code": "es", "region": "Valencia", "city": "Gandia"}, "game_id": "128974", "values": [{"date": "2024-04-16-21-00-00", "latency": 97}, {"date": "2024-04-16-21-00-00", "latency": 97}]}, {"location": {"country_code": "us", "region": "Texas", "city": "Fort Worth"}, "game_id": "128974", "values": [{"date": "2024-04-16-07-00-00", "latency": 134}, {"date": "2024-04-16-07-00-00", "latency": 134}, {"date": "2024-04-16-07-00-00", "latency": 134}, {"date": "2024-04-16-07-00-00", "latency": 134}, {"date": "2024-04-16-07-00-00", "latency": 134}]}, {"location": {"country_code": "us", "region": "California", "city": "West Covina"}, "game_id": "128974", "values": [{"date": "2024-04-16-07-00-00", "latency": 79}, {"date": "2024-04-16-07-00-00", "latency": 79}, {"date": "2024-04-16-07-00-00", "latency": 79}]}, {"location": {"country_code": "fr", "region": "Brittany Region"}, "game_id": "128974", "values": [{"date": "2024-04-16-22-00-00", "latency": 214}]}, {"location": {"country_code": "fr", "region": "Centre-Val de Loire", "city": "Tours"}, "game_id": "128974", "values": [{"date": "2024-04-16-23-00-00", "latency": 48}]}, {"location": {"country_code": "ar", "region": "Jujuy Province"}, "game_id": "128974", "values": [{"date": "2024-04-17-00-00-00", "latency": 209}]}, {"location": {"country_code": "us", "region": "Puerto Rico", "city": "Mayaguez"}, "game_id": "128974", "values": [{"date": "2024-04-16-05-00-00", "latency": 124}]}, {"location": {"country_code": "fr", "region": "Occitanie", "city": "Nimes"}, "game_id": "128974", "values": [{"date": "2024-04-16-22-00-00", "latency": 100}, {"date": "2024-04-16-22-00-00", "latency": 100}]}, {"location": {"country_code": "il"}, "game_id": "128974", "values": [{"date": "2024-04-16-21-00-00", "latency": 172}, {"date": "2024-04-16-21-00-00", "latency": 172}, {"date": "2024-04-16-21-00-00", "latency": 179}, {"date": "2024-04-16-21-00-00", "latency": 179}, {"date": "2024-04-16-21-00-00", "latency": 179}, {"date": "2024-04-16-21-00-00", "latency": 179}]}, {"location": {"country_code": "es", "region": "Castille and Leon"}, "game_id": "128974", "values": [{"date": "2024-04-16-22-00-00", "latency": 93}, {"date": "2024-04-16-22-00-00", "latency": 93}]}, {"location": {"country_code": "es", "region": "Catalonia", "city": "Mataro"}, "game_id": "128974", "values": [{"date": "2024-04-16-22-00-00", "latency": 86}, {"date": "2024-04-16-22-00-00", "latency": 86}]}, {"location": {"country_code": "us", "region": "California", "city": "Lake Elsinore"}, "game_id": "128974", "values": [{"date": "2024-04-16-13-00-00", "latency": 64}]}, {"location": {"country_code": "ca", "region": "Ontario", "city": "Mississauga"}, "game_id": "128974", "values": [{"date": "2024-04-16-07-00-00", "latency": 80}, {"date": "2024-04-16-07-00-00", "latency": 80}, {"date": "2024-04-16-07-00-00", "latency": 80}]}, {"location": {"country_code": "us", "region": "Nebraska", "city": "North Platte"}, "game_id": "128974", "values": [{"date": "2024-04-16-02-00-00", "latency": 61}]}, {"location": {"country_code": "sd"}, "game_id": "128974", "values": [{"date": "2024-04-16-13-00-00", "latency": 139}]}, {"location": {"country_code": "ie", "region": "County Wicklow", "city": "Wicklow"}, "game_id": "128974", "values": [{"date": "2024-04-16-22-00-00", "latency": 71}]}, {"location": {"country_code": "jp", "region": "Chiba", "city": "Chiba"}, "game_id": "128974", "values": [{"date": "2024-04-16-21-00-00", "latency": 166}]}, {"location": {"country_code": "fr", "region": "Ile-de-France Region", "city": "Champigny-sur-Marne"}, "game_id": "128974", "values": [{"date": "2024-04-16-21-00-00", "latency": 102}, {"date": "2024-04-16-21-00-00", "latency": 102}, {"date": "2024-04-16-21-00-00", "latency": 102}]}, {"location": {"country_code": "us", "region": "South Carolina", "city": "Greenwood"}, "game_id": "128974", "values": [{"date": "2024-04-16-02-00-00", "latency": 102}, {"date": "2024-04-16-02-00-00", "latency": 102}]}], "last_updated": 1719927448.524341}