{"data": [{"location": {"country_code": "us"}, "game_id": "135305", "values": [{"date": "2023-05-09-07-00-00", "latency": 102}, {"date": "2023-05-09-17-00-00", "latency": 270}, {"date": "2023-05-09-05-00-00", "latency": 85}, {"date": "2023-05-09-05-00-00", "latency": 85}]}, {"location": {"country_code": "th"}, "game_id": "135305", "values": [{"date": "2023-05-09-16-00-00", "latency": 143}]}, {"location": {"country_code": "it"}, "game_id": "135305", "values": [{"date": "2023-05-09-18-00-00", "latency": 264}, {"date": "2023-05-09-18-00-00", "latency": 264}, {"date": "2023-05-09-18-00-00", "latency": 264}, {"date": "2023-05-09-18-00-00", "latency": 264}, {"date": "2023-05-09-18-00-00", "latency": 264}]}, {"location": {"country_code": "jp"}, "game_id": "135305", "values": [{"date": "2023-05-09-06-00-00", "latency": 30}]}, {"location": {"country_code": "jp", "region": "Hiroshima"}, "game_id": "135305", "values": [{"date": "2023-05-09-18-00-00", "latency": 180}, {"date": "2023-05-09-18-00-00", "latency": 180}, {"date": "2023-05-09-18-00-00", "latency": 180}, {"date": "2023-05-09-18-00-00", "latency": 180}, {"date": "2023-05-09-18-00-00", "latency": 180}, {"date": "2023-05-09-18-00-00", "latency": 180}, {"date": "2023-05-09-18-00-00", "latency": 180}, {"date": "2023-05-09-18-00-00", "latency": 180}]}, {"location": {"country_code": "ca"}, "game_id": "135305", "values": [{"date": "2023-05-09-15-00-00", "latency": 108}]}, {"location": {"country_code": "ch"}, "game_id": "135305", "values": [{"date": "2023-05-09-21-00-00", "latency": 49}, {"date": "2023-05-09-21-00-00", "latency": 49}]}, {"location": {"country_code": "tw"}, "game_id": "135305", "values": [{"date": "2023-05-09-16-00-00", "latency": 107}, {"date": "2023-05-09-16-00-00", "latency": 107}, {"date": "2023-05-09-16-00-00", "latency": 107}, {"date": "2023-05-09-16-00-00", "latency": 107}, {"date": "2023-05-09-16-00-00", "latency": 107}, {"date": "2023-05-09-11-00-00", "latency": 78}]}, {"location": {"country_code": "us", "region": "Florida"}, "game_id": "135305", "values": [{"date": "2023-05-09-08-00-00", "latency": 65}, {"date": "2023-05-09-08-00-00", "latency": 65}, {"date": "2023-05-09-08-00-00", "latency": 65}]}, {"location": {"country_code": "ph"}, "game_id": "135305", "values": [{"date": "2023-05-09-16-00-00", "latency": 82}, {"date": "2023-05-09-18-00-00", "latency": 222}, {"date": "2023-05-09-18-00-00", "latency": 222}, {"date": "2023-05-09-18-00-00", "latency": 222}]}, {"location": {"country_code": "fr"}, "game_id": "135305", "values": [{"date": "2023-05-09-09-00-00", "latency": 48}]}, {"location": {"country_code": "us", "region": "New Jersey"}, "game_id": "135305", "values": [{"date": "2023-05-09-23-00-00", "latency": 136}]}, {"location": {"country_code": "mx"}, "game_id": "135305", "values": [{"date": "2023-05-09-11-00-00", "latency": 115}, {"date": "2023-05-09-12-00-00", "latency": 132}, {"date": "2023-05-09-12-00-00", "latency": 132}]}, {"location": {"country_code": "us", "region": "California"}, "game_id": "135305", "values": [{"date": "2023-05-09-10-00-00", "latency": 154}]}, {"location": {"country_code": "br"}, "game_id": "135305", "values": [{"date": "2023-05-09-06-00-00", "latency": 173}, {"date": "2023-05-09-03-00-00", "latency": 133}, {"date": "2023-05-09-05-00-00", "latency": 168}]}, {"location": {"country_code": "se"}, "game_id": "135305", "values": [{"date": "2023-05-09-18-00-00", "latency": 191}, {"date": "2023-05-09-18-00-00", "latency": 191}]}, {"location": {"country_code": "au"}, "game_id": "135305", "values": [{"date": "2023-05-09-12-00-00", "latency": 262}]}, {"location": {"country_code": "ca", "region": "Ontario"}, "game_id": "135305", "values": [{"date": "2023-05-09-22-00-00", "latency": 53}, {"date": "2023-05-09-22-00-00", "latency": 53}]}, {"location": {"country_code": "ar"}, "game_id": "135305", "values": [{"date": "2023-05-10-00-00-00", "latency": 192}, {"date": "2023-05-10-00-00-00", "latency": 192}, {"date": "2023-05-10-00-00-00", "latency": 192}]}, {"location": {"country_code": "co"}, "game_id": "135305", "values": [{"date": "2023-05-09-06-00-00", "latency": 50}, {"date": "2023-05-09-06-00-00", "latency": 50}]}, {"location": {"country_code": "br", "region": "Estado de Bahia", "city": "Salvador"}, "game_id": "135305", "values": [{"date": "2023-05-10-02-00-00", "latency": 122}]}, {"location": {"country_code": "us", "region": "Indiana", "city": "Indianapolis"}, "game_id": "135305", "values": [{"date": "2023-05-09-05-00-00", "latency": 82}]}, {"location": {"country_code": "pl"}, "game_id": "135305", "values": [{"date": "2023-05-09-21-00-00", "latency": 45}, {"date": "2023-05-09-21-00-00", "latency": 45}, {"date": "2023-05-09-21-00-00", "latency": 45}, {"date": "2023-05-09-21-00-00", "latency": 45}]}, {"location": {"country_code": "be"}, "game_id": "135305", "values": [{"date": "2023-05-10-01-00-00", "latency": 63}]}, {"location": {"country_code": "us", "region": "Nevada", "city": "Las Vegas"}, "game_id": "135305", "values": [{"date": "2023-05-09-06-00-00", "latency": 228}]}, {"location": {"country_code": "us", "region": "Georgia"}, "game_id": "135305", "values": [{"date": "2023-05-09-08-00-00", "latency": 60}, {"date": "2023-05-09-08-00-00", "latency": 60}, {"date": "2023-05-09-08-00-00", "latency": 60}, {"date": "2023-05-09-08-00-00", "latency": 60}, {"date": "2023-05-09-08-00-00", "latency": 60}]}, {"location": {"country_code": "pe"}, "game_id": "135305", "values": [{"date": "2023-05-09-03-00-00", "latency": 104}, {"date": "2023-05-09-03-00-00", "latency": 104}, {"date": "2023-05-09-03-00-00", "latency": 104}]}, {"location": {"country_code": "ua"}, "game_id": "135305", "values": [{"date": "2023-05-09-22-00-00", "latency": 162}]}, {"location": {"country_code": "kz"}, "game_id": "135305", "values": [{"date": "2023-05-09-23-00-00", "latency": 83}]}, {"location": {"country_code": "br", "region": "Rondonia"}, "game_id": "135305", "values": [{"date": "2023-05-10-00-00-00", "latency": 172}, {"date": "2023-05-10-00-00-00", "latency": 172}, {"date": "2023-05-10-00-00-00", "latency": 172}]}, {"location": {"country_code": "fr", "region": "Occitanie", "city": "Toulouse"}, "game_id": "135305", "values": [{"date": "2023-05-10-01-00-00", "latency": 152}]}, {"location": {"country_code": "my"}, "game_id": "135305", "values": [{"date": "2023-05-09-15-00-00", "latency": 180}, {"date": "2023-05-09-15-00-00", "latency": 180}, {"date": "2023-05-09-15-00-00", "latency": 180}, {"date": "2023-05-09-15-00-00", "latency": 180}, {"date": "2023-05-09-08-00-00", "latency": 152}]}, {"location": {"country_code": "id"}, "game_id": "135305", "values": [{"date": "2023-05-09-17-00-00", "latency": 193}, {"date": "2023-05-09-17-00-00", "latency": 193}, {"date": "2023-05-09-11-00-00", "latency": 247}, {"date": "2023-05-09-19-00-00", "latency": 117}, {"date": "2023-05-09-19-00-00", "latency": 117}]}, {"location": {"country_code": "ca", "region": "Quebec", "city": "Montreal"}, "game_id": "135305", "values": [{"date": "2023-05-09-03-00-00", "latency": 41}, {"date": "2023-05-09-03-00-00", "latency": 41}, {"date": "2023-05-09-03-00-00", "latency": 41}]}, {"location": {"country_code": "br", "region": "Ceara", "city": "Itapipoca"}, "game_id": "135305", "values": [{"date": "2023-05-09-23-00-00", "latency": 119}, {"date": "2023-05-09-23-00-00", "latency": 119}, {"date": "2023-05-09-23-00-00", "latency": 119}, {"date": "2023-05-09-23-00-00", "latency": 119}]}, {"location": {"country_code": "lt"}, "game_id": "135305", "values": [{"date": "2023-05-09-19-00-00", "latency": 77}]}, {"location": {"country_code": "ru", "region": "Rostov Oblast", "city": "Rostov-on-Don"}, "game_id": "135305", "values": [{"date": "2023-05-09-09-00-00", "latency": 137}, {"date": "2023-05-09-09-00-00", "latency": 137}, {"date": "2023-05-09-09-00-00", "latency": 137}, {"date": "2023-05-09-09-00-00", "latency": 137}]}, {"location": {"country_code": "us", "region": "Ohio", "city": "Columbus"}, "game_id": "135305", "values": [{"date": "2023-05-10-02-00-00", "latency": 115}]}, {"location": {"country_code": "br", "region": "Parana", "city": "Umuarama"}, "game_id": "135305", "values": [{"date": "2023-05-09-22-00-00", "latency": 173}]}, {"location": {"country_code": "be", "region": "Brussels Capital", "city": "Brussels"}, "game_id": "135305", "values": [{"date": "2023-05-09-13-00-00", "latency": 38}]}, {"location": {"country_code": "us", "region": "New Jersey", "city": "Newark"}, "game_id": "135305", "values": [{"date": "2023-05-09-05-00-00", "latency": 35}]}, {"location": {"country_code": "ve", "region": "Miranda"}, "game_id": "135305", "values": [{"date": "2023-05-09-02-00-00", "latency": 123}]}, {"location": {"country_code": "ar", "region": "Salta Province"}, "game_id": "135305", "values": [{"date": "2023-05-09-22-00-00", "latency": 96}]}, {"location": {"country_code": "vn", "region": "Ho Chi Minh City"}, "game_id": "135305", "values": [{"date": "2023-05-09-16-00-00", "latency": 156}, {"date": "2023-05-09-16-00-00", "latency": 156}, {"date": "2023-05-09-16-00-00", "latency": 156}]}, {"location": {"country_code": "br", "region": "Rio Grande do Sul", "city": "Carlos Barbosa"}, "game_id": "135305", "values": [{"date": "2023-05-10-00-00-00", "latency": 190}, {"date": "2023-05-10-00-00-00", "latency": 190}, {"date": "2023-05-10-00-00-00", "latency": 190}, {"date": "2023-05-10-00-00-00", "latency": 190}]}, {"location": {"country_code": "qa"}, "game_id": "135305", "values": [{"date": "2023-05-09-19-00-00", "latency": 194}, {"date": "2023-05-09-19-00-00", "latency": 194}, {"date": "2023-05-09-19-00-00", "latency": 194}, {"date": "2023-05-09-19-00-00", "latency": 194}]}, {"location": {"country_code": "us", "region": "California", "city": "Lakewood"}, "game_id": "135305", "values": [{"date": "2023-05-09-21-00-00", "latency": 162}]}, {"location": {"country_code": "br", "region": "Ceara", "city": "Maracanau"}, "game_id": "135305", "values": [{"date": "2023-05-09-03-00-00", "latency": 110}, {"date": "2023-05-09-03-00-00", "latency": 110}]}], "last_updated": 1719927540.167549}