{"data": [{"location": {"country_code": "us"}, "game_id": "135305", "values": [{"date": "2023-05-11-05-00-00", "latency": 31}, {"date": "2023-05-11-16-00-00", "latency": 294}]}, {"location": {"country_code": "nl"}, "game_id": "135305", "values": [{"date": "2023-05-12-01-00-00", "latency": 136}]}, {"location": {"country_code": "jp"}, "game_id": "135305", "values": [{"date": "2023-05-11-07-00-00", "latency": 54}, {"date": "2023-05-11-19-00-00", "latency": 28}, {"date": "2023-05-11-18-00-00", "latency": 145}]}, {"location": {"country_code": "ch"}, "game_id": "135305", "values": [{"date": "2023-05-11-21-00-00", "latency": 51}]}, {"location": {"country_code": "de"}, "game_id": "135305", "values": [{"date": "2023-05-11-06-00-00", "latency": 45}, {"date": "2023-05-11-06-00-00", "latency": 45}]}, {"location": {"country_code": "tw"}, "game_id": "135305", "values": [{"date": "2023-05-11-14-00-00", "latency": 80}]}, {"location": {"country_code": "ph"}, "game_id": "135305", "values": [{"date": "2023-05-11-10-00-00", "latency": 185}, {"date": "2023-05-11-16-00-00", "latency": 113}, {"date": "2023-05-11-16-00-00", "latency": 113}, {"date": "2023-05-11-16-00-00", "latency": 113}, {"date": "2023-05-11-16-00-00", "latency": 113}, {"date": "2023-05-11-16-00-00", "latency": 113}, {"date": "2023-05-12-00-00-00", "latency": 173}]}, {"location": {"country_code": "fr"}, "game_id": "135305", "values": [{"date": "2023-05-11-20-00-00", "latency": 261}, {"date": "2023-05-11-20-00-00", "latency": 261}, {"date": "2023-05-11-20-00-00", "latency": 261}, {"date": "2023-05-11-20-00-00", "latency": 261}, {"date": "2023-05-11-20-00-00", "latency": 261}]}, {"location": {"country_code": "mx"}, "game_id": "135305", "values": [{"date": "2023-05-11-23-00-00", "latency": 500}, {"date": "2023-05-11-05-00-00", "latency": 106}]}, {"location": {"country_code": "us", "region": "Ohio"}, "game_id": "135305", "values": [{"date": "2023-05-11-13-00-00", "latency": 72}]}, {"location": {"country_code": "in"}, "game_id": "135305", "values": [{"date": "2023-05-11-13-00-00", "latency": 188}, {"date": "2023-05-11-13-00-00", "latency": 188}, {"date": "2023-05-11-13-00-00", "latency": 188}]}, {"location": {"country_code": "br"}, "game_id": "135305", "values": [{"date": "2023-05-12-01-00-00", "latency": 42}]}, {"location": {"country_code": "no"}, "game_id": "135305", "values": [{"date": "2023-05-11-23-00-00", "latency": 138}]}, {"location": {"country_code": "tr"}, "game_id": "135305", "values": [{"date": "2023-05-11-22-00-00", "latency": 134}]}, {"location": {"country_code": "es"}, "game_id": "135305", "values": [{"date": "2023-05-12-01-00-00", "latency": 67}]}, {"location": {"country_code": "sa"}, "game_id": "135305", "values": [{"date": "2023-05-11-19-00-00", "latency": 198}, {"date": "2023-05-11-19-00-00", "latency": 198}, {"date": "2023-05-11-19-00-00", "latency": 198}, {"date": "2023-05-11-18-00-00", "latency": 182}, {"date": "2023-05-11-18-00-00", "latency": 182}]}, {"location": {"country_code": "ar"}, "game_id": "135305", "values": [{"date": "2023-05-11-23-00-00", "latency": 186}, {"date": "2023-05-11-23-00-00", "latency": 186}, {"date": "2023-05-11-23-00-00", "latency": 186}, {"date": "2023-05-11-23-00-00", "latency": 186}]}, {"location": {"country_code": "bo"}, "game_id": "135305", "values": [{"date": "2023-05-11-07-00-00", "latency": 179}, {"date": "2023-05-11-07-00-00", "latency": 179}]}, {"location": {"country_code": "vn"}, "game_id": "135305", "values": [{"date": "2023-05-11-15-00-00", "latency": 242}]}, {"location": {"country_code": "jp", "region": "Tokyo"}, "game_id": "135305", "values": [{"date": "2023-05-11-13-00-00", "latency": 185}, {"date": "2023-05-11-13-00-00", "latency": 185}]}, {"location": {"country_code": "it", "region": "Emilia-Romagna"}, "game_id": "135305", "values": [{"date": "2023-05-11-23-00-00", "latency": 62}]}, {"location": {"country_code": "us", "region": "North Carolina"}, "game_id": "135305", "values": [{"date": "2023-05-11-07-00-00", "latency": 190}, {"date": "2023-05-11-07-00-00", "latency": 190}]}, {"location": {"country_code": "us", "region": "Georgia"}, "game_id": "135305", "values": [{"date": "2023-05-11-06-00-00", "latency": 45}]}, {"location": {"country_code": "sg"}, "game_id": "135305", "values": [{"date": "2023-05-11-23-00-00", "latency": 95}, {"date": "2023-05-11-23-00-00", "latency": 95}]}, {"location": {"country_code": "id"}, "game_id": "135305", "values": [{"date": "2023-05-11-06-00-00", "latency": 129}, {"date": "2023-05-11-19-00-00", "latency": 118}, {"date": "2023-05-11-19-00-00", "latency": 118}]}, {"location": {"country_code": "cn", "region": "Hong Kong"}, "game_id": "135305", "values": [{"date": "2023-05-11-18-00-00", "latency": 191}]}, {"location": {"country_code": "us", "region": "State of Maine"}, "game_id": "135305", "values": [{"date": "2023-05-12-01-00-00", "latency": 66}, {"date": "2023-05-12-01-00-00", "latency": 66}, {"date": "2023-05-12-01-00-00", "latency": 66}]}, {"location": {"country_code": "by"}, "game_id": "135305", "values": [{"date": "2023-05-11-19-00-00", "latency": 67}, {"date": "2023-05-11-19-00-00", "latency": 67}, {"date": "2023-05-11-19-00-00", "latency": 67}]}, {"location": {"country_code": "ar", "region": "Neuquen Province"}, "game_id": "135305", "values": [{"date": "2023-05-11-20-00-00", "latency": 188}, {"date": "2023-05-11-20-00-00", "latency": 188}]}, {"location": {"country_code": "br", "region": "Rio Grande do Sul", "city": "Carlos Barbosa"}, "game_id": "135305", "values": [{"date": "2023-05-12-02-00-00", "latency": 210}]}, {"location": {"country_code": "br", "region": "Sao Paulo", "city": "Mogi das Cruzes"}, "game_id": "135305", "values": [{"date": "2023-05-11-17-00-00", "latency": 185}]}, {"location": {"country_code": "pl", "region": "Masovian Voivodeship"}, "game_id": "135305", "values": [{"date": "2023-05-11-22-00-00", "latency": 74}]}, {"location": {"country_code": "br", "region": "State of Rio de Janeiro", "city": "Itaguai"}, "game_id": "135305", "values": [{"date": "2023-05-11-22-00-00", "latency": 45}]}, {"location": {"country_code": "ug", "region": "Jinja"}, "game_id": "135305", "values": [{"date": "2023-05-11-16-00-00", "latency": 47}, {"date": "2023-05-11-16-00-00", "latency": 47}]}], "last_updated": 1719927539.525755}