{"data": [{"location": {"country_code": "gb"}, "game_id": "742409", "values": [{"date": "2024-03-11-19-00-00", "latency": 18}, {"date": "2024-03-11-19-00-00", "latency": 18}, {"date": "2024-03-11-19-00-00", "latency": 18}, {"date": "2024-03-11-19-00-00", "latency": 18}, {"date": "2024-03-11-19-00-00", "latency": 18}, {"date": "2024-03-11-19-00-00", "latency": 18}, {"date": "2024-03-11-19-00-00", "latency": 18}, {"date": "2024-03-11-19-00-00", "latency": 18}, {"date": "2024-03-11-19-00-00", "latency": 18}, {"date": "2024-03-11-19-00-00", "latency": 18}, {"date": "2024-03-11-19-00-00", "latency": 18}, {"date": "2024-03-11-19-00-00", "latency": 18}, {"date": "2024-03-11-19-00-00", "latency": 18}, {"date": "2024-03-11-19-00-00", "latency": 18}, {"date": "2024-03-11-19-00-00", "latency": 18}, {"date": "2024-03-11-19-00-00", "latency": 18}, {"date": "2024-03-11-19-00-00", "latency": 18}, {"date": "2024-03-11-19-00-00", "latency": 18}, {"date": "2024-03-11-19-00-00", "latency": 18}, {"date": "2024-03-11-19-00-00", "latency": 18}, {"date": "2024-03-11-19-00-00", "latency": 18}, {"date": "2024-03-11-19-00-00", "latency": 18}, {"date": "2024-03-11-19-00-00", "latency": 18}, {"date": "2024-03-11-19-00-00", "latency": 18}, {"date": "2024-03-11-19-00-00", "latency": 18}]}, {"location": {"country_code": "ca"}, "game_id": "742409", "values": [{"date": "2024-03-11-04-00-00", "latency": 60}, {"date": "2024-03-11-04-00-00", "latency": 60}, {"date": "2024-03-11-04-00-00", "latency": 60}, {"date": "2024-03-11-04-00-00", "latency": 60}]}, {"location": {"country_code": "us", "region": "Florida"}, "game_id": "742409", "values": [{"date": "2024-03-12-01-00-00", "latency": 54}, {"date": "2024-03-12-01-00-00", "latency": 54}, {"date": "2024-03-12-01-00-00", "latency": 54}]}, {"location": {"country_code": "rs"}, "game_id": "742409", "values": [{"date": "2024-03-12-01-00-00", "latency": 58}]}, {"location": {"country_code": "se"}, "game_id": "742409", "values": [{"date": "2024-03-11-19-00-00", "latency": 28}, {"date": "2024-03-11-19-00-00", "latency": 28}]}, {"location": {"country_code": "es"}, "game_id": "742409", "values": [{"date": "2024-03-11-18-00-00", "latency": 45}, {"date": "2024-03-11-18-00-00", "latency": 45}, {"date": "2024-03-11-18-00-00", "latency": 45}, {"date": "2024-03-11-13-00-00", "latency": 49}, {"date": "2024-03-11-13-00-00", "latency": 49}]}, {"location": {"country_code": "ua"}, "game_id": "742409", "values": [{"date": "2024-03-11-15-00-00", "latency": 62}, {"date": "2024-03-11-15-00-00", "latency": 62}, {"date": "2024-03-11-15-00-00", "latency": 62}, {"date": "2024-03-11-15-00-00", "latency": 62}, {"date": "2024-03-11-15-00-00", "latency": 62}, {"date": "2024-03-11-15-00-00", "latency": 62}, {"date": "2024-03-11-15-00-00", "latency": 62}, {"date": "2024-03-11-15-00-00", "latency": 62}, {"date": "2024-03-11-15-00-00", "latency": 62}]}, {"location": {"country_code": "ru"}, "game_id": "742409", "values": [{"date": "2024-03-11-18-00-00", "latency": 35}]}, {"location": {"country_code": "hr"}, "game_id": "742409", "values": [{"date": "2024-03-11-22-00-00", "latency": 40}, {"date": "2024-03-11-22-00-00", "latency": 40}, {"date": "2024-03-11-22-00-00", "latency": 40}, {"date": "2024-03-11-22-00-00", "latency": 40}, {"date": "2024-03-11-22-00-00", "latency": 40}, {"date": "2024-03-11-22-00-00", "latency": 40}]}, {"location": {"country_code": "es", "region": "Madrid"}, "game_id": "742409", "values": [{"date": "2024-03-11-19-00-00", "latency": 35}, {"date": "2024-03-11-19-00-00", "latency": 35}, {"date": "2024-03-11-19-00-00", "latency": 35}, {"date": "2024-03-11-19-00-00", "latency": 35}, {"date": "2024-03-11-19-00-00", "latency": 35}, {"date": "2024-03-11-19-00-00", "latency": 35}]}, {"location": {"country_code": "tr", "region": "Marmara Bolgesi", "city": "Tuzla"}, "game_id": "742409", "values": [{"date": "2024-03-11-19-00-00", "latency": 71}, {"date": "2024-03-11-19-00-00", "latency": 71}, {"date": "2024-03-11-19-00-00", "latency": 71}]}, {"location": {"country_code": "es", "region": "Basque Country", "city": "Onati"}, "game_id": "742409", "values": [{"date": "2024-03-11-23-00-00", "latency": 62}, {"date": "2024-03-11-23-00-00", "latency": 62}]}], "last_updated": 1719926535.370975}