{"data": [{"location": {"country_code": "de", "region": "Berlin", "city": "Berlin"}, "game_id": "742409", "values": [{"date": "2024-03-31-21-00-00", "latency": 36}, {"date": "2024-03-31-21-00-00", "latency": 36}, {"date": "2024-03-31-21-00-00", "latency": 36}, {"date": "2024-03-31-21-00-00", "latency": 36}, {"date": "2024-03-31-21-00-00", "latency": 36}, {"date": "2024-03-31-21-00-00", "latency": 36}]}, {"location": {"country_code": "de", "region": "Schleswig-Holstein", "city": "Travemunde"}, "game_id": "742409", "values": [{"date": "2024-04-01-01-00-00", "latency": 32}, {"date": "2024-04-01-01-00-00", "latency": 32}, {"date": "2024-04-01-01-00-00", "latency": 32}, {"date": "2024-04-01-01-00-00", "latency": 32}, {"date": "2024-04-01-01-00-00", "latency": 32}, {"date": "2024-04-01-01-00-00", "latency": 32}, {"date": "2024-04-01-01-00-00", "latency": 32}, {"date": "2024-04-01-01-00-00", "latency": 32}, {"date": "2024-04-01-01-00-00", "latency": 32}, {"date": "2024-04-01-01-00-00", "latency": 32}, {"date": "2024-04-01-01-00-00", "latency": 32}]}, {"location": {"country_code": "gb"}, "game_id": "742409", "values": [{"date": "2024-03-31-23-00-00", "latency": 21}, {"date": "2024-03-31-23-00-00", "latency": 21}, {"date": "2024-03-31-23-00-00", "latency": 21}, {"date": "2024-03-31-23-00-00", "latency": 21}, {"date": "2024-03-31-23-00-00", "latency": 21}, {"date": "2024-03-31-23-00-00", "latency": 21}, {"date": "2024-03-31-23-00-00", "latency": 21}, {"date": "2024-03-31-23-00-00", "latency": 21}, {"date": "2024-03-31-23-00-00", "latency": 21}, {"date": "2024-03-31-23-00-00", "latency": 21}, {"date": "2024-03-31-23-00-00", "latency": 21}, {"date": "2024-03-31-23-00-00", "latency": 21}, {"date": "2024-03-31-23-00-00", "latency": 21}, {"date": "2024-03-31-23-00-00", "latency": 21}]}, {"location": {"country_code": "nl"}, "game_id": "742409", "values": [{"date": "2024-03-31-19-00-00", "latency": 18}, {"date": "2024-03-31-19-00-00", "latency": 18}, {"date": "2024-03-31-19-00-00", "latency": 18}, {"date": "2024-03-31-19-00-00", "latency": 18}, {"date": "2024-03-31-19-00-00", "latency": 18}, {"date": "2024-03-31-19-00-00", "latency": 18}, {"date": "2024-03-31-19-00-00", "latency": 18}, {"date": "2024-03-31-19-00-00", "latency": 18}]}, {"location": {"country_code": "cz"}, "game_id": "742409", "values": [{"date": "2024-04-01-01-00-00", "latency": 14}, {"date": "2024-04-01-01-00-00", "latency": 14}]}, {"location": {"country_code": "ro"}, "game_id": "742409", "values": [{"date": "2024-03-31-14-00-00", "latency": 33}, {"date": "2024-03-31-14-00-00", "latency": 33}, {"date": "2024-03-31-14-00-00", "latency": 33}, {"date": "2024-03-31-14-00-00", "latency": 33}, {"date": "2024-03-31-14-00-00", "latency": 33}, {"date": "2024-03-31-14-00-00", "latency": 33}, {"date": "2024-03-31-14-00-00", "latency": 33}, {"date": "2024-03-31-14-00-00", "latency": 33}, {"date": "2024-03-31-14-00-00", "latency": 33}, {"date": "2024-03-31-14-00-00", "latency": 33}, {"date": "2024-03-31-14-00-00", "latency": 33}, {"date": "2024-03-31-14-00-00", "latency": 33}, {"date": "2024-03-31-14-00-00", "latency": 33}, {"date": "2024-03-31-14-00-00", "latency": 33}, {"date": "2024-03-31-14-00-00", "latency": 33}, {"date": "2024-03-31-14-00-00", "latency": 33}, {"date": "2024-03-31-14-00-00", "latency": 33}, {"date": "2024-03-31-14-00-00", "latency": 33}, {"date": "2024-03-31-14-00-00", "latency": 33}, {"date": "2024-03-31-14-00-00", "latency": 33}, {"date": "2024-03-31-14-00-00", "latency": 33}, {"date": "2024-03-31-14-00-00", "latency": 33}, {"date": "2024-03-31-14-00-00", "latency": 33}, {"date": "2024-03-31-14-00-00", "latency": 33}, {"date": "2024-03-31-14-00-00", "latency": 33}, {"date": "2024-03-31-14-00-00", "latency": 33}, {"date": "2024-03-31-14-00-00", "latency": 33}, {"date": "2024-03-31-14-00-00", "latency": 33}, {"date": "2024-03-31-14-00-00", "latency": 33}, {"date": "2024-03-31-14-00-00", "latency": 33}, {"date": "2024-03-31-14-00-00", "latency": 33}, {"date": "2024-03-31-14-00-00", "latency": 33}, {"date": "2024-03-31-14-00-00", "latency": 33}, {"date": "2024-03-31-14-00-00", "latency": 33}, {"date": "2024-03-31-14-00-00", "latency": 33}, {"date": "2024-04-01-02-00-00", "latency": 28}, {"date": "2024-04-01-02-00-00", "latency": 28}, {"date": "2024-04-01-02-00-00", "latency": 28}, {"date": "2024-04-01-02-00-00", "latency": 28}, {"date": "2024-04-01-02-00-00", "latency": 28}, {"date": "2024-04-01-02-00-00", "latency": 28}, {"date": "2024-04-01-02-00-00", "latency": 28}, {"date": "2024-04-01-02-00-00", "latency": 28}, {"date": "2024-04-01-02-00-00", "latency": 28}, {"date": "2024-04-01-02-00-00", "latency": 28}]}, {"location": {"country_code": "jp"}, "game_id": "742409", "values": [{"date": "2024-03-31-18-00-00", "latency": 99}, {"date": "2024-03-31-18-00-00", "latency": 99}]}, {"location": {"country_code": "de"}, "game_id": "742409", "values": [{"date": "2024-03-31-13-00-00", "latency": 37}, {"date": "2024-03-31-13-00-00", "latency": 37}, {"date": "2024-03-31-13-00-00", "latency": 37}, {"date": "2024-03-31-13-00-00", "latency": 37}, {"date": "2024-03-31-13-00-00", "latency": 37}, {"date": "2024-03-31-13-00-00", "latency": 37}, {"date": "2024-03-31-13-00-00", "latency": 37}, {"date": "2024-03-31-13-00-00", "latency": 37}, {"date": "2024-03-31-13-00-00", "latency": 37}, {"date": "2024-03-31-13-00-00", "latency": 37}, {"date": "2024-03-31-13-00-00", "latency": 37}, {"date": "2024-03-31-13-00-00", "latency": 37}, {"date": "2024-03-31-13-00-00", "latency": 37}, {"date": "2024-03-31-13-00-00", "latency": 37}, {"date": "2024-03-31-13-00-00", "latency": 37}, {"date": "2024-03-31-13-00-00", "latency": 37}, {"date": "2024-03-31-13-00-00", "latency": 37}, {"date": "2024-03-31-14-00-00", "latency": 23}, {"date": "2024-03-31-14-00-00", "latency": 23}, {"date": "2024-03-31-14-00-00", "latency": 23}, {"date": "2024-03-31-14-00-00", "latency": 23}, {"date": "2024-03-31-14-00-00", "latency": 23}, {"date": "2024-03-31-14-00-00", "latency": 23}, {"date": "2024-03-31-14-00-00", "latency": 23}, {"date": "2024-03-31-14-00-00", "latency": 23}, {"date": "2024-03-31-14-00-00", "latency": 23}, {"date": "2024-03-31-14-00-00", "latency": 23}, {"date": "2024-03-31-14-00-00", "latency": 23}, {"date": "2024-03-31-14-00-00", "latency": 23}]}, {"location": {"country_code": "fr"}, "game_id": "742409", "values": [{"date": "2024-03-31-23-00-00", "latency": 39}, {"date": "2024-03-31-23-00-00", "latency": 39}, {"date": "2024-03-31-23-00-00", "latency": 39}, {"date": "2024-03-31-23-00-00", "latency": 39}, {"date": "2024-03-31-23-00-00", "latency": 39}]}, {"location": {"country_code": "us", "region": "California"}, "game_id": "742409", "values": [{"date": "2024-03-31-14-00-00", "latency": 72}, {"date": "2024-03-31-14-00-00", "latency": 72}, {"date": "2024-03-31-14-00-00", "latency": 72}, {"date": "2024-03-31-14-00-00", "latency": 72}, {"date": "2024-03-31-14-00-00", "latency": 72}, {"date": "2024-03-31-14-00-00", "latency": 72}, {"date": "2024-03-31-14-00-00", "latency": 72}]}, {"location": {"country_code": "rs"}, "game_id": "742409", "values": [{"date": "2024-03-31-03-00-00", "latency": 66}, {"date": "2024-03-31-03-00-00", "latency": 66}, {"date": "2024-03-31-10-00-00", "latency": 25}, {"date": "2024-03-31-10-00-00", "latency": 25}]}, {"location": {"country_code": "br"}, "game_id": "742409", "values": [{"date": "2024-04-01-02-00-00", "latency": 72}, {"date": "2024-04-01-02-00-00", "latency": 72}, {"date": "2024-04-01-02-00-00", "latency": 72}, {"date": "2024-04-01-02-00-00", "latency": 72}, {"date": "2024-04-01-02-00-00", "latency": 72}, {"date": "2024-04-01-02-00-00", "latency": 72}, {"date": "2024-04-01-02-00-00", "latency": 72}, {"date": "2024-04-01-02-00-00", "latency": 72}, {"date": "2024-04-01-02-00-00", "latency": 72}, {"date": "2024-04-01-02-00-00", "latency": 72}]}, {"location": {"country_code": "se"}, "game_id": "742409", "values": [{"date": "2024-03-31-14-00-00", "latency": 35}, {"date": "2024-03-31-14-00-00", "latency": 35}, {"date": "2024-03-31-14-00-00", "latency": 35}, {"date": "2024-03-31-14-00-00", "latency": 35}, {"date": "2024-03-31-14-00-00", "latency": 35}, {"date": "2024-03-31-14-00-00", "latency": 35}, {"date": "2024-03-31-14-00-00", "latency": 35}, {"date": "2024-03-31-14-00-00", "latency": 35}]}, {"location": {"country_code": "es", "region": "Madrid", "city": "Parla"}, "game_id": "742409", "values": [{"date": "2024-04-01-00-00-00", "latency": 35}, {"date": "2024-04-01-00-00-00", "latency": 35}, {"date": "2024-04-01-00-00-00", "latency": 35}, {"date": "2024-04-01-00-00-00", "latency": 35}, {"date": "2024-04-01-00-00-00", "latency": 35}, {"date": "2024-04-01-00-00-00", "latency": 35}, {"date": "2024-04-01-00-00-00", "latency": 35}, {"date": "2024-04-01-00-00-00", "latency": 35}, {"date": "2024-04-01-00-00-00", "latency": 35}, {"date": "2024-04-01-00-00-00", "latency": 35}, {"date": "2024-04-01-00-00-00", "latency": 35}, {"date": "2024-04-01-00-00-00", "latency": 35}, {"date": "2024-04-01-00-00-00", "latency": 35}, {"date": "2024-04-01-00-00-00", "latency": 35}, {"date": "2024-04-01-00-00-00", "latency": 35}, {"date": "2024-04-01-00-00-00", "latency": 35}, {"date": "2024-04-01-00-00-00", "latency": 35}, {"date": "2024-04-01-00-00-00", "latency": 35}, {"date": "2024-04-01-00-00-00", "latency": 35}, {"date": "2024-04-01-00-00-00", "latency": 35}, {"date": "2024-04-01-00-00-00", "latency": 35}, {"date": "2024-04-01-00-00-00", "latency": 35}, {"date": "2024-04-01-00-00-00", "latency": 35}, {"date": "2024-04-01-00-00-00", "latency": 35}, {"date": "2024-04-01-00-00-00", "latency": 35}]}, {"location": {"country_code": "de", "region": "Hesse"}, "game_id": "742409", "values": [{"date": "2024-03-31-23-00-00", "latency": 25}, {"date": "2024-03-31-23-00-00", "latency": 25}, {"date": "2024-03-31-23-00-00", "latency": 25}, {"date": "2024-03-31-23-00-00", "latency": 25}, {"date": "2024-03-31-23-00-00", "latency": 25}, {"date": "2024-03-31-23-00-00", "latency": 25}]}, {"location": {"country_code": "de", "region": "Saxony"}, "game_id": "742409", "values": [{"date": "2024-04-01-02-00-00", "latency": 43}, {"date": "2024-04-01-02-00-00", "latency": 43}, {"date": "2024-04-01-02-00-00", "latency": 43}, {"date": "2024-04-01-02-00-00", "latency": 43}]}, {"location": {"country_code": "fi"}, "game_id": "742409", "values": [{"date": "2024-03-31-18-00-00", "latency": 35}, {"date": "2024-03-31-18-00-00", "latency": 35}, {"date": "2024-03-31-18-00-00", "latency": 35}, {"date": "2024-03-31-18-00-00", "latency": 35}, {"date": "2024-03-31-18-00-00", "latency": 35}, {"date": "2024-03-31-18-00-00", "latency": 35}, {"date": "2024-03-31-18-00-00", "latency": 35}, {"date": "2024-03-31-18-00-00", "latency": 35}, {"date": "2024-03-31-18-00-00", "latency": 35}]}, {"location": {"country_code": "us", "region": "Michigan"}, "game_id": "742409", "values": [{"date": "2024-04-01-02-00-00", "latency": 24}, {"date": "2024-04-01-02-00-00", "latency": 24}, {"date": "2024-04-01-02-00-00", "latency": 24}]}, {"location": {"country_code": "pl"}, "game_id": "742409", "values": [{"date": "2024-03-31-23-00-00", "latency": 48}, {"date": "2024-03-31-23-00-00", "latency": 48}, {"date": "2024-03-31-23-00-00", "latency": 48}, {"date": "2024-03-31-23-00-00", "latency": 48}, {"date": "2024-03-31-23-00-00", "latency": 48}, {"date": "2024-03-31-23-00-00", "latency": 48}, {"date": "2024-03-31-23-00-00", "latency": 48}, {"date": "2024-03-31-23-00-00", "latency": 48}, {"date": "2024-03-31-23-00-00", "latency": 48}, {"date": "2024-03-31-23-00-00", "latency": 48}, {"date": "2024-03-31-23-00-00", "latency": 48}, {"date": "2024-03-31-23-00-00", "latency": 48}, {"date": "2024-03-31-23-00-00", "latency": 48}, {"date": "2024-03-31-23-00-00", "latency": 48}, {"date": "2024-03-31-23-00-00", "latency": 48}, {"date": "2024-03-31-23-00-00", "latency": 48}, {"date": "2024-03-31-23-00-00", "latency": 48}, {"date": "2024-03-31-23-00-00", "latency": 48}, {"date": "2024-03-31-23-00-00", "latency": 48}, {"date": "2024-03-31-23-00-00", "latency": 48}, {"date": "2024-03-31-23-00-00", "latency": 48}, {"date": "2024-03-31-23-00-00", "latency": 48}, {"date": "2024-03-31-23-00-00", "latency": 48}, {"date": "2024-03-31-23-00-00", "latency": 48}, {"date": "2024-03-31-23-00-00", "latency": 48}, {"date": "2024-03-31-23-00-00", "latency": 48}, {"date": "2024-03-31-23-00-00", "latency": 48}, {"date": "2024-03-31-23-00-00", "latency": 48}, {"date": "2024-03-31-23-00-00", "latency": 48}, {"date": "2024-03-31-23-00-00", "latency": 48}, {"date": "2024-03-31-23-00-00", "latency": 48}, {"date": "2024-03-31-23-00-00", "latency": 48}, {"date": "2024-03-31-23-00-00", "latency": 48}, {"date": "2024-03-31-23-00-00", "latency": 48}, {"date": "2024-03-31-23-00-00", "latency": 48}, {"date": "2024-03-31-23-00-00", "latency": 48}, {"date": "2024-03-31-23-00-00", "latency": 48}, {"date": "2024-03-31-23-00-00", "latency": 48}, {"date": "2024-03-31-23-00-00", "latency": 48}, {"date": "2024-03-31-23-00-00", "latency": 48}]}, {"location": {"country_code": "ie"}, "game_id": "742409", "values": [{"date": "2024-03-31-21-00-00", "latency": 27}, {"date": "2024-03-31-21-00-00", "latency": 27}, {"date": "2024-03-31-21-00-00", "latency": 27}, {"date": "2024-03-31-21-00-00", "latency": 27}, {"date": "2024-03-31-21-00-00", "latency": 27}, {"date": "2024-03-31-21-00-00", "latency": 27}]}, {"location": {"country_code": "ua"}, "game_id": "742409", "values": [{"date": "2024-03-31-17-00-00", "latency": 54}, {"date": "2024-03-31-17-00-00", "latency": 54}, {"date": "2024-03-31-17-00-00", "latency": 54}, {"date": "2024-03-31-17-00-00", "latency": 54}, {"date": "2024-03-31-17-00-00", "latency": 54}, {"date": "2024-03-31-20-00-00", "latency": 39}, {"date": "2024-03-31-20-00-00", "latency": 39}, {"date": "2024-03-31-20-00-00", "latency": 39}, {"date": "2024-03-31-20-00-00", "latency": 39}, {"date": "2024-03-31-20-00-00", "latency": 39}, {"date": "2024-03-31-20-00-00", "latency": 39}, {"date": "2024-03-31-20-00-00", "latency": 39}, {"date": "2024-03-31-20-00-00", "latency": 39}, {"date": "2024-03-31-20-00-00", "latency": 39}, {"date": "2024-03-31-20-00-00", "latency": 39}, {"date": "2024-03-31-20-00-00", "latency": 39}, {"date": "2024-03-31-20-00-00", "latency": 39}, {"date": "2024-03-31-20-00-00", "latency": 39}, {"date": "2024-03-31-20-00-00", "latency": 39}, {"date": "2024-03-31-20-00-00", "latency": 39}, {"date": "2024-03-31-20-00-00", "latency": 39}, {"date": "2024-03-31-20-00-00", "latency": 39}, {"date": "2024-03-31-20-00-00", "latency": 39}, {"date": "2024-03-31-20-00-00", "latency": 39}, {"date": "2024-03-31-20-00-00", "latency": 39}, {"date": "2024-03-31-19-00-00", "latency": 37}, {"date": "2024-03-31-19-00-00", "latency": 37}]}, {"location": {"country_code": "ua", "region": "Vinnytsia Oblast"}, "game_id": "742409", "values": [{"date": "2024-03-31-22-00-00", "latency": 55}, {"date": "2024-03-31-22-00-00", "latency": 55}, {"date": "2024-03-31-22-00-00", "latency": 55}, {"date": "2024-03-31-22-00-00", "latency": 55}, {"date": "2024-03-31-22-00-00", "latency": 55}, {"date": "2024-03-31-22-00-00", "latency": 55}, {"date": "2024-03-31-22-00-00", "latency": 55}, {"date": "2024-03-31-22-00-00", "latency": 55}, {"date": "2024-03-31-22-00-00", "latency": 55}]}, {"location": {"country_code": "se", "region": "Stockholm County", "city": "Stockholm"}, "game_id": "742409", "values": [{"date": "2024-04-01-01-00-00", "latency": 43}, {"date": "2024-04-01-01-00-00", "latency": 43}, {"date": "2024-04-01-01-00-00", "latency": 43}, {"date": "2024-04-01-01-00-00", "latency": 43}, {"date": "2024-04-01-01-00-00", "latency": 43}, {"date": "2024-04-01-01-00-00", "latency": 43}, {"date": "2024-04-01-01-00-00", "latency": 43}, {"date": "2024-04-01-01-00-00", "latency": 43}, {"date": "2024-04-01-01-00-00", "latency": 43}, {"date": "2024-04-01-01-00-00", "latency": 43}, {"date": "2024-04-01-01-00-00", "latency": 43}, {"date": "2024-04-01-01-00-00", "latency": 43}, {"date": "2024-04-01-01-00-00", "latency": 43}, {"date": "2024-04-01-01-00-00", "latency": 43}, {"date": "2024-04-01-01-00-00", "latency": 43}, {"date": "2024-04-01-01-00-00", "latency": 43}, {"date": "2024-04-01-01-00-00", "latency": 43}, {"date": "2024-04-01-01-00-00", "latency": 43}, {"date": "2024-04-01-01-00-00", "latency": 43}, {"date": "2024-04-01-01-00-00", "latency": 43}, {"date": "2024-04-01-01-00-00", "latency": 43}, {"date": "2024-04-01-01-00-00", "latency": 43}, {"date": "2024-04-01-01-00-00", "latency": 43}, {"date": "2024-04-01-01-00-00", "latency": 43}, {"date": "2024-04-01-01-00-00", "latency": 43}, {"date": "2024-04-01-01-00-00", "latency": 43}, {"date": "2024-04-01-01-00-00", "latency": 43}, {"date": "2024-04-01-01-00-00", "latency": 43}, {"date": "2024-04-01-01-00-00", "latency": 43}, {"date": "2024-04-01-01-00-00", "latency": 43}, {"date": "2024-04-01-01-00-00", "latency": 43}]}, {"location": {"country_code": "uy"}, "game_id": "742409", "values": [{"date": "2024-03-31-03-00-00", "latency": 43}, {"date": "2024-03-31-03-00-00", "latency": 43}, {"date": "2024-03-31-03-00-00", "latency": 43}, {"date": "2024-03-31-03-00-00", "latency": 43}, {"date": "2024-03-31-03-00-00", "latency": 43}]}, {"location": {"country_code": "hr"}, "game_id": "742409", "values": [{"date": "2024-03-31-15-00-00", "latency": 70}, {"date": "2024-03-31-15-00-00", "latency": 70}, {"date": "2024-03-31-15-00-00", "latency": 70}, {"date": "2024-03-31-15-00-00", "latency": 70}, {"date": "2024-03-31-15-00-00", "latency": 70}, {"date": "2024-03-31-15-00-00", "latency": 70}, {"date": "2024-03-31-15-00-00", "latency": 70}, {"date": "2024-03-31-13-00-00", "latency": 57}, {"date": "2024-03-31-13-00-00", "latency": 57}, {"date": "2024-03-31-13-00-00", "latency": 57}, {"date": "2024-03-31-13-00-00", "latency": 57}, {"date": "2024-03-31-13-00-00", "latency": 57}, {"date": "2024-03-31-13-00-00", "latency": 57}, {"date": "2024-03-31-13-00-00", "latency": 57}, {"date": "2024-03-31-13-00-00", "latency": 57}, {"date": "2024-03-31-13-00-00", "latency": 57}, {"date": "2024-03-31-13-00-00", "latency": 57}, {"date": "2024-03-31-13-00-00", "latency": 57}, {"date": "2024-04-01-00-00-00", "latency": 39}, {"date": "2024-04-01-00-00-00", "latency": 39}, {"date": "2024-04-01-00-00-00", "latency": 39}, {"date": "2024-04-01-00-00-00", "latency": 39}, {"date": "2024-04-01-00-00-00", "latency": 39}, {"date": "2024-04-01-00-00-00", "latency": 39}, {"date": "2024-04-01-00-00-00", "latency": 39}, {"date": "2024-04-01-00-00-00", "latency": 39}, {"date": "2024-04-01-00-00-00", "latency": 39}, {"date": "2024-04-01-00-00-00", "latency": 39}]}, {"location": {"country_code": "fr", "region": "Alsazia-Champagne-Ardenne-Lorena"}, "game_id": "742409", "values": [{"date": "2024-03-31-18-00-00", "latency": 52}, {"date": "2024-03-31-18-00-00", "latency": 52}, {"date": "2024-03-31-18-00-00", "latency": 52}, {"date": "2024-03-31-18-00-00", "latency": 52}, {"date": "2024-03-31-18-00-00", "latency": 52}, {"date": "2024-03-31-18-00-00", "latency": 52}, {"date": "2024-03-31-18-00-00", "latency": 52}, {"date": "2024-03-31-18-00-00", "latency": 52}, {"date": "2024-03-31-18-00-00", "latency": 52}, {"date": "2024-03-31-18-00-00", "latency": 52}, {"date": "2024-03-31-18-00-00", "latency": 52}, {"date": "2024-03-31-18-00-00", "latency": 52}, {"date": "2024-03-31-18-00-00", "latency": 52}, {"date": "2024-03-31-18-00-00", "latency": 52}, {"date": "2024-03-31-18-00-00", "latency": 52}, {"date": "2024-03-31-18-00-00", "latency": 52}, {"date": "2024-03-31-18-00-00", "latency": 52}, {"date": "2024-03-31-18-00-00", "latency": 52}]}, {"location": {"country_code": "fr", "region": "Occitanie"}, "game_id": "742409", "values": [{"date": "2024-03-31-20-00-00", "latency": 32}, {"date": "2024-03-31-20-00-00", "latency": 32}, {"date": "2024-03-31-20-00-00", "latency": 32}, {"date": "2024-03-31-20-00-00", "latency": 32}, {"date": "2024-03-31-20-00-00", "latency": 32}, {"date": "2024-03-31-20-00-00", "latency": 32}, {"date": "2024-03-31-20-00-00", "latency": 32}, {"date": "2024-03-31-20-00-00", "latency": 32}]}, {"location": {"country_code": "de", "region": "Hesse", "city": "Frankfurt"}, "game_id": "742409", "values": [{"date": "2024-03-31-21-00-00", "latency": 16}]}, {"location": {"country_code": "de", "region": "Saxony-Anhalt"}, "game_id": "742409", "values": [{"date": "2024-04-01-02-00-00", "latency": 36}, {"date": "2024-04-01-02-00-00", "latency": 36}, {"date": "2024-04-01-02-00-00", "latency": 36}, {"date": "2024-04-01-02-00-00", "latency": 36}, {"date": "2024-04-01-02-00-00", "latency": 36}, {"date": "2024-04-01-02-00-00", "latency": 36}, {"date": "2024-04-01-02-00-00", "latency": 36}, {"date": "2024-04-01-02-00-00", "latency": 36}, {"date": "2024-04-01-02-00-00", "latency": 36}, {"date": "2024-04-01-02-00-00", "latency": 36}, {"date": "2024-04-01-02-00-00", "latency": 36}, {"date": "2024-04-01-02-00-00", "latency": 36}, {"date": "2024-04-01-02-00-00", "latency": 36}, {"date": "2024-04-01-02-00-00", "latency": 36}, {"date": "2024-04-01-02-00-00", "latency": 36}, {"date": "2024-04-01-02-00-00", "latency": 36}, {"date": "2024-04-01-02-00-00", "latency": 36}, {"date": "2024-04-01-02-00-00", "latency": 36}, {"date": "2024-04-01-02-00-00", "latency": 36}, {"date": "2024-04-01-02-00-00", "latency": 36}, {"date": "2024-04-01-02-00-00", "latency": 36}, {"date": "2024-04-01-02-00-00", "latency": 36}, {"date": "2024-04-01-02-00-00", "latency": 36}, {"date": "2024-04-01-02-00-00", "latency": 36}, {"date": "2024-04-01-02-00-00", "latency": 36}, {"date": "2024-04-01-02-00-00", "latency": 36}, {"date": "2024-04-01-02-00-00", "latency": 36}, {"date": "2024-04-01-02-00-00", "latency": 36}, {"date": "2024-04-01-02-00-00", "latency": 36}, {"date": "2024-04-01-02-00-00", "latency": 36}, {"date": "2024-04-01-02-00-00", "latency": 36}, {"date": "2024-04-01-02-00-00", "latency": 36}, {"date": "2024-04-01-02-00-00", "latency": 36}, {"date": "2024-04-01-02-00-00", "latency": 36}, {"date": "2024-04-01-02-00-00", "latency": 36}, {"date": "2024-04-01-02-00-00", "latency": 36}, {"date": "2024-04-01-02-00-00", "latency": 36}, {"date": "2024-04-01-02-00-00", "latency": 36}, {"date": "2024-04-01-02-00-00", "latency": 36}, {"date": "2024-04-01-02-00-00", "latency": 36}, {"date": "2024-04-01-02-00-00", "latency": 36}, {"date": "2024-04-01-02-00-00", "latency": 36}, {"date": "2024-04-01-02-00-00", "latency": 36}, {"date": "2024-04-01-02-00-00", "latency": 36}, {"date": "2024-04-01-02-00-00", "latency": 36}, {"date": "2024-04-01-02-00-00", "latency": 36}, {"date": "2024-04-01-02-00-00", "latency": 36}, {"date": "2024-04-01-02-00-00", "latency": 36}, {"date": "2024-04-01-02-00-00", "latency": 36}, {"date": "2024-04-01-02-00-00", "latency": 36}, {"date": "2024-04-01-02-00-00", "latency": 36}, {"date": "2024-04-01-02-00-00", "latency": 36}, {"date": "2024-04-01-02-00-00", "latency": 36}, {"date": "2024-04-01-02-00-00", "latency": 36}, {"date": "2024-04-01-02-00-00", "latency": 36}, {"date": "2024-04-01-02-00-00", "latency": 36}, {"date": "2024-04-01-02-00-00", "latency": 36}, {"date": "2024-04-01-02-00-00", "latency": 36}, {"date": "2024-04-01-02-00-00", "latency": 36}, {"date": "2024-04-01-02-00-00", "latency": 36}, {"date": "2024-04-01-02-00-00", "latency": 36}, {"date": "2024-04-01-02-00-00", "latency": 36}, {"date": "2024-04-01-02-00-00", "latency": 36}, {"date": "2024-04-01-02-00-00", "latency": 36}, {"date": "2024-04-01-02-00-00", "latency": 36}, {"date": "2024-04-01-02-00-00", "latency": 36}, {"date": "2024-04-01-02-00-00", "latency": 36}]}, {"location": {"country_code": "de", "region": "Brandenburg"}, "game_id": "742409", "values": [{"date": "2024-03-31-18-00-00", "latency": 50}, {"date": "2024-03-31-18-00-00", "latency": 50}, {"date": "2024-03-31-18-00-00", "latency": 50}]}, {"location": {"country_code": "us", "region": "Virginia", "city": "Richmond"}, "game_id": "742409", "values": [{"date": "2024-04-01-00-00-00", "latency": 85}, {"date": "2024-04-01-00-00-00", "latency": 85}, {"date": "2024-04-01-00-00-00", "latency": 85}, {"date": "2024-04-01-00-00-00", "latency": 85}, {"date": "2024-04-01-00-00-00", "latency": 85}, {"date": "2024-04-01-00-00-00", "latency": 85}]}, {"location": {"country_code": "tr", "region": "Ege Bolgesi", "city": "Aydin"}, "game_id": "742409", "values": [{"date": "2024-03-31-02-00-00", "latency": 72}, {"date": "2024-03-31-02-00-00", "latency": 72}]}, {"location": {"country_code": "se", "region": "Uppsala County", "city": "Uppsala"}, "game_id": "742409", "values": [{"date": "2024-03-31-22-00-00", "latency": 25}, {"date": "2024-03-31-22-00-00", "latency": 25}, {"date": "2024-03-31-22-00-00", "latency": 25}]}, {"location": {"country_code": "rs", "region": "Vojvodina", "city": "Novi Sad"}, "game_id": "742409", "values": [{"date": "2024-03-31-05-00-00", "latency": 58}, {"date": "2024-03-31-05-00-00", "latency": 58}, {"date": "2024-03-31-05-00-00", "latency": 58}, {"date": "2024-03-31-05-00-00", "latency": 58}, {"date": "2024-03-31-05-00-00", "latency": 58}, {"date": "2024-03-31-05-00-00", "latency": 58}, {"date": "2024-03-31-05-00-00", "latency": 58}, {"date": "2024-03-31-05-00-00", "latency": 58}, {"date": "2024-03-31-05-00-00", "latency": 58}, {"date": "2024-03-31-05-00-00", "latency": 58}, {"date": "2024-03-31-05-00-00", "latency": 58}, {"date": "2024-03-31-05-00-00", "latency": 58}, {"date": "2024-03-31-05-00-00", "latency": 58}, {"date": "2024-03-31-05-00-00", "latency": 58}]}, {"location": {"country_code": "ar", "region": "Mendoza Province", "city": "San Rafael"}, "game_id": "742409", "values": [{"date": "2024-03-31-02-00-00", "latency": 85}, {"date": "2024-03-31-02-00-00", "latency": 85}]}], "last_updated": 1719926535.119522}