{"data": [{"location": {"country_code": "nz"}, "game_id": "273195", "values": [{"date": "2021-07-18-05-00-00", "alternatives": ["121", "12205", "121"]}, {"date": "2021-07-18-04-00-00", "alternatives": ["1", "1", "51"]}, {"date": "2021-07-18-04-00-00", "alternatives": ["1", "1", "51"]}, {"date": "2021-07-18-04-00-00", "alternatives": ["1", "1", "51"]}]}, {"location": {"country_code": "us"}, "game_id": "273195", "values": [{"date": "2021-07-18-17-00-00", "alternatives": ["63", "6", "6"]}, {"date": "2021-07-18-06-00-00", "alternatives": ["6", "6", "56"]}, {"date": "2021-07-18-06-00-00", "alternatives": ["6", "6", "56"]}, {"date": "2021-07-18-06-00-00", "alternatives": ["6", "6", "56"]}, {"date": "2021-07-18-06-00-00", "alternatives": ["6", "6", "56"]}, {"date": "2021-07-18-06-00-00", "alternatives": ["6", "6", "56"]}, {"date": "2021-07-18-12-00-00", "alternatives": ["3", "37", "3"]}, {"date": "2021-07-18-12-00-00", "alternatives": ["3", "37", "3"]}, {"date": "2021-07-18-12-00-00", "alternatives": ["3", "37", "3"]}, {"date": "2021-07-18-12-00-00", "alternatives": ["3", "37", "3"]}, {"date": "2021-07-18-12-00-00", "alternatives": ["3", "37", "3"]}, {"date": "2021-07-19-01-00-00", "alternatives": ["3", "3", "34"]}, {"date": "2021-07-19-01-00-00", "alternatives": ["3", "3", "34"]}, {"date": "2021-07-18-06-00-00", "alternatives": ["2", "2", "32"]}, {"date": "2021-07-18-06-00-00", "alternatives": ["2", "2", "32"]}, {"date": "2021-07-18-06-00-00", "alternatives": ["2", "2", "32"]}, {"date": "2021-07-18-06-00-00", "alternatives": ["2", "2", "32"]}, {"date": "2021-07-18-12-00-00", "alternatives": ["124", "124", "23"]}, {"date": "2021-07-18-12-00-00", "alternatives": ["124", "124", "23"]}, {"date": "2021-07-18-20-00-00", "alternatives": ["47", "7", "7"]}, {"date": "2021-07-18-20-00-00", "alternatives": ["47", "7", "7"]}, {"date": "2021-07-18-20-00-00", "alternatives": ["47", "7", "7"]}, {"date": "2021-07-18-20-00-00", "alternatives": ["47", "7", "7"]}, {"date": "2021-07-18-20-00-00", "alternatives": ["47", "7", "7"]}, {"date": "2021-07-18-20-00-00", "alternatives": ["47", "7", "7"]}, {"date": "2021-07-18-20-00-00", "alternatives": ["47", "7", "7"]}, {"date": "2021-07-18-20-00-00", "alternatives": ["47", "7", "7"]}, {"date": "2021-07-18-16-00-00", "alternatives": ["51", "5", "5"]}, {"date": "2021-07-18-16-00-00", "alternatives": ["51", "5", "5"]}, {"date": "2021-07-18-16-00-00", "alternatives": ["51", "5", "5"]}]}, {"location": {"country_code": "us", "region": "Minnesota"}, "game_id": "273195", "values": [{"date": "2021-07-18-05-00-00", "alternatives": ["8033", "78", "78"]}, {"date": "2021-07-18-05-00-00", "alternatives": ["8033", "78", "78"]}, {"date": "2021-07-18-05-00-00", "alternatives": ["8033", "78", "78"]}, {"date": "2021-07-18-05-00-00", "alternatives": ["8033", "78", "78"]}, {"date": "2021-07-18-05-00-00", "alternatives": ["8033", "78", "78"]}, {"date": "2021-07-18-05-00-00", "alternatives": ["8033", "78", "78"]}, {"date": "2021-07-18-05-00-00", "alternatives": ["8033", "78", "78"]}, {"date": "2021-07-18-05-00-00", "alternatives": ["8033", "78", "78"]}, {"date": "2021-07-18-05-00-00", "alternatives": ["8033", "78", "78"]}, {"date": "2021-07-18-05-00-00", "alternatives": ["8033", "78", "78"]}, {"date": "2021-07-19-02-00-00", "alternatives": ["3", "37", "3"]}, {"date": "2021-07-19-02-00-00", "alternatives": ["3", "37", "3"]}, {"date": "2021-07-19-02-00-00", "alternatives": ["3", "37", "3"]}, {"date": "2021-07-19-02-00-00", "alternatives": ["3", "37", "3"]}, {"date": "2021-07-19-02-00-00", "alternatives": ["3", "37", "3"]}]}, {"location": {"country_code": "us", "region": "Texas"}, "game_id": "273195", "values": [{"date": "2021-07-18-10-00-00", "alternatives": ["29", "29", "28"]}, {"date": "2021-07-18-02-00-00", "alternatives": ["66", "6", "6"]}, {"date": "2021-07-18-23-00-00", "alternatives": ["3", "35", "3"]}, {"date": "2021-07-18-23-00-00", "alternatives": ["3", "35", "3"]}, {"date": "2021-07-18-23-00-00", "alternatives": ["3", "35", "3"]}, {"date": "2021-07-18-23-00-00", "alternatives": ["3", "35", "3"]}, {"date": "2021-07-18-23-00-00", "alternatives": ["3", "35", "3"]}, {"date": "2021-07-18-23-00-00", "alternatives": ["3", "35", "3"]}, {"date": "2021-07-18-21-00-00", "alternatives": ["42", "42", "472"]}, {"date": "2021-07-18-06-00-00", "alternatives": ["4", "2", "4"]}, {"date": "2021-07-18-06-00-00", "alternatives": ["4", "2", "4"]}, {"date": "2021-07-18-17-00-00", "alternatives": ["32", "321", "32"]}, {"date": "2021-07-18-17-00-00", "alternatives": ["32", "321", "32"]}, {"date": "2021-07-18-17-00-00", "alternatives": ["32", "321", "32"]}, {"date": "2021-07-18-17-00-00", "alternatives": ["32", "321", "32"]}, {"date": "2021-07-18-17-00-00", "alternatives": ["32", "321", "32"]}, {"date": "2021-07-18-17-00-00", "alternatives": ["32", "321", "32"]}]}, {"location": {"country_code": "us", "region": "New York", "city": "Jamestown"}, "game_id": "273195", "values": [{"date": "2021-07-18-13-00-00", "alternatives": ["1", "1", "101"]}, {"date": "2021-07-18-13-00-00", "alternatives": ["1", "1", "101"]}, {"date": "2021-07-18-13-00-00", "alternatives": ["1", "1", "101"]}, {"date": "2021-07-18-13-00-00", "alternatives": ["1", "1", "101"]}, {"date": "2021-07-18-13-00-00", "alternatives": ["1", "1", "101"]}, {"date": "2021-07-18-13-00-00", "alternatives": ["1", "1", "101"]}, {"date": "2021-07-18-13-00-00", "alternatives": ["1", "1", "101"]}, {"date": "2021-07-18-13-00-00", "alternatives": ["1", "1", "101"]}, {"date": "2021-07-18-13-00-00", "alternatives": ["1", "1", "101"]}, {"date": "2021-07-18-09-00-00", "alternatives": ["29", "29", "20"]}, {"date": "2021-07-18-09-00-00", "alternatives": ["29", "29", "20"]}, {"date": "2021-07-18-09-00-00", "alternatives": ["29", "29", "20"]}, {"date": "2021-07-19-01-00-00", "alternatives": ["4", "54", "4"]}, {"date": "2021-07-19-01-00-00", "alternatives": ["4", "54", "4"]}]}, {"location": {"country_code": "gb"}, "game_id": "273195", "values": [{"date": "2021-07-18-21-00-00", "alternatives": ["69", "5169", "69"]}, {"date": "2021-07-18-21-00-00", "alternatives": ["42", "42", "47"]}, {"date": "2021-07-18-21-00-00", "alternatives": ["42", "42", "47"]}, {"date": "2021-07-18-21-00-00", "alternatives": ["42", "42", "47"]}]}, {"location": {"country_code": "fr"}, "game_id": "273195", "values": [{"date": "2021-07-18-12-00-00", "alternatives": ["29", "29", "2913"]}, {"date": "2021-07-18-12-00-00", "alternatives": ["29", "29", "2913"]}, {"date": "2021-07-18-12-00-00", "alternatives": ["29", "29", "2913"]}, {"date": "2021-07-18-12-00-00", "alternatives": ["29", "29", "2913"]}, {"date": "2021-07-18-12-00-00", "alternatives": ["29", "29", "2913"]}, {"date": "2021-07-19-01-00-00", "alternatives": ["19", "19", "18"]}]}, {"location": {"country_code": "gb", "region": "England", "city": "Oxford"}, "game_id": "273195", "values": [{"date": "2021-07-18-20-00-00", "alternatives": ["8", "8", "38"]}, {"date": "2021-07-18-20-00-00", "alternatives": ["8", "8", "38"]}, {"date": "2021-07-18-20-00-00", "alternatives": ["8", "8", "38"]}]}, {"location": {"country_code": "th"}, "game_id": "273195", "values": [{"date": "2021-07-18-16-00-00", "alternatives": ["36", "3", "3"]}, {"date": "2021-07-18-14-00-00", "alternatives": ["38", "88", "38"]}, {"date": "2021-07-18-18-00-00", "alternatives": ["40", "7", "40"]}, {"date": "2021-07-18-18-00-00", "alternatives": ["37", "0", "37"]}, {"date": "2021-07-18-18-00-00", "alternatives": ["37", "0", "37"]}, {"date": "2021-07-18-18-00-00", "alternatives": ["37", "0", "37"]}, {"date": "2021-07-18-18-00-00", "alternatives": ["37", "0", "37"]}, {"date": "2021-07-18-18-00-00", "alternatives": ["37", "0", "37"]}]}, {"location": {"country_code": "gr"}, "game_id": "273195", "values": [{"date": "2021-07-18-20-00-00", "alternatives": ["57", "5", "5"]}, {"date": "2021-07-18-20-00-00", "alternatives": ["57", "5", "5"]}, {"date": "2021-07-18-20-00-00", "alternatives": ["57", "5", "5"]}, {"date": "2021-07-18-20-00-00", "alternatives": ["57", "5", "5"]}, {"date": "2021-07-18-13-00-00", "alternatives": ["821", "2", "2"]}, {"date": "2021-07-18-13-00-00", "alternatives": ["821", "2", "2"]}]}, {"location": {"country_code": "nl"}, "game_id": "273195", "values": [{"date": "2021-07-18-14-00-00", "alternatives": ["29", "1", "29"]}, {"date": "2021-07-18-14-00-00", "alternatives": ["29", "1", "29"]}, {"date": "2021-07-18-14-00-00", "alternatives": ["29", "1", "29"]}]}, {"location": {"country_code": "jp"}, "game_id": "273195", "values": [{"date": "2021-07-18-11-00-00", "alternatives": ["39", "39", "30"]}, {"date": "2021-07-18-11-00-00", "alternatives": ["39", "39", "30"]}, {"date": "2021-07-18-07-00-00", "alternatives": ["52", "5201", "52"]}, {"date": "2021-07-18-07-00-00", "alternatives": ["52", "5201", "52"]}]}, {"location": {"country_code": "br", "region": "State of Rio de Janeiro", "city": "Angra dos Reis"}, "game_id": "273195", "values": [{"date": "2021-07-18-16-00-00", "alternatives": ["82", "82", "824"]}, {"date": "2021-07-18-16-00-00", "alternatives": ["82", "82", "824"]}, {"date": "2021-07-18-03-00-00", "alternatives": ["2", "10", "10"]}, {"date": "2021-07-18-03-00-00", "alternatives": ["2", "10", "10"]}, {"date": "2021-07-18-03-00-00", "alternatives": ["2", "10", "10"]}]}, {"location": {"country_code": "ca"}, "game_id": "273195", "values": [{"date": "2021-07-18-10-00-00", "alternatives": ["29", "39", "29"]}, {"date": "2021-07-18-10-00-00", "alternatives": ["29", "39", "29"]}, {"date": "2021-07-18-10-00-00", "alternatives": ["29", "39", "29"]}, {"date": "2021-07-18-10-00-00", "alternatives": ["29", "39", "29"]}, {"date": "2021-07-18-10-00-00", "alternatives": ["29", "39", "29"]}, {"date": "2021-07-18-10-00-00", "alternatives": ["29", "39", "29"]}, {"date": "2021-07-18-10-00-00", "alternatives": ["29", "39", "29"]}, {"date": "2021-07-18-10-00-00", "alternatives": ["29", "39", "29"]}, {"date": "2021-07-18-22-00-00", "alternatives": ["9", "9", "29"]}, {"date": "2021-07-18-22-00-00", "alternatives": ["9", "9", "29"]}, {"date": "2021-07-18-22-00-00", "alternatives": ["9", "9", "29"]}, {"date": "2021-07-18-22-00-00", "alternatives": ["9", "9", "29"]}]}, {"location": {"country_code": "de"}, "game_id": "273195", "values": [{"date": "2021-07-18-18-00-00", "alternatives": ["8", "8", "18"]}, {"date": "2021-07-18-18-00-00", "alternatives": ["8", "8", "18"]}, {"date": "2021-07-18-18-00-00", "alternatives": ["2308", "23", "23"]}, {"date": "2021-07-18-18-00-00", "alternatives": ["2308", "23", "23"]}, {"date": "2021-07-19-00-00-00", "alternatives": ["28", "28", "20"]}, {"date": "2021-07-18-15-00-00", "alternatives": ["6", "4501", "6"]}, {"date": "2021-07-18-15-00-00", "alternatives": ["6", "4501", "6"]}, {"date": "2021-07-18-15-00-00", "alternatives": ["6", "4501", "6"]}, {"date": "2021-07-18-14-00-00", "alternatives": ["1", "1", "10"]}, {"date": "2021-07-18-23-00-00", "alternatives": ["3", "3", "34"]}, {"date": "2021-07-18-23-00-00", "alternatives": ["1305", "13", "13"]}, {"date": "2021-07-18-23-00-00", "alternatives": ["1305", "13", "13"]}, {"date": "2021-07-18-23-00-00", "alternatives": ["1305", "13", "13"]}, {"date": "2021-07-18-23-00-00", "alternatives": ["1305", "13", "13"]}, {"date": "2021-07-18-23-00-00", "alternatives": ["1305", "13", "13"]}, {"date": "2021-07-18-23-00-00", "alternatives": ["1", "2", "2"]}, {"date": "2021-07-18-22-00-00", "alternatives": ["148", "14", "14"]}, {"date": "2021-07-18-23-00-00", "alternatives": ["5", "8", "8"]}, {"date": "2021-07-19-01-00-00", "alternatives": ["9", "9", "15"]}, {"date": "2021-07-19-01-00-00", "alternatives": ["9", "9", "15"]}, {"date": "2021-07-19-01-00-00", "alternatives": ["9", "9", "15"]}, {"date": "2021-07-19-01-00-00", "alternatives": ["9", "9", "15"]}, {"date": "2021-07-19-01-00-00", "alternatives": ["9", "9", "15"]}, {"date": "2021-07-19-01-00-00", "alternatives": ["9", "9", "15"]}, {"date": "2021-07-19-01-00-00", "alternatives": ["9", "9", "15"]}, {"date": "2021-07-19-01-00-00", "alternatives": ["9", "9", "15"]}, {"date": "2021-07-19-01-00-00", "alternatives": ["9", "9", "15"]}, {"date": "2021-07-19-01-00-00", "alternatives": ["9", "9", "15"]}]}, {"location": {"country_code": "de", "region": "Bavaria", "city": "Memmingen"}, "game_id": "273195", "values": [{"date": "2021-07-19-02-00-00", "alternatives": ["180", "18", "18"]}, {"date": "2021-07-19-02-00-00", "alternatives": ["180", "18", "18"]}, {"date": "2021-07-19-02-00-00", "alternatives": ["180", "18", "18"]}, {"date": "2021-07-19-02-00-00", "alternatives": ["180", "18", "18"]}, {"date": "2021-07-19-02-00-00", "alternatives": ["180", "18", "18"]}, {"date": "2021-07-19-02-00-00", "alternatives": ["180", "18", "18"]}]}, {"location": {"country_code": "de", "region": "Baden-Wurttemberg", "city": "Hechingen"}, "game_id": "273195", "values": [{"date": "2021-07-18-17-00-00", "alternatives": ["81", "81", "18"]}, {"date": "2021-07-18-17-00-00", "alternatives": ["81", "81", "18"]}, {"date": "2021-07-18-17-00-00", "alternatives": ["81", "81", "18"]}, {"date": "2021-07-18-17-00-00", "alternatives": ["81", "81", "18"]}, {"date": "2021-07-18-17-00-00", "alternatives": ["81", "81", "18"]}, {"date": "2021-07-18-17-00-00", "alternatives": ["81", "81", "18"]}]}, {"location": {"country_code": "tw"}, "game_id": "273195", "values": [{"date": "2021-07-18-21-00-00", "alternatives": ["6", "67", "6"]}, {"date": "2021-07-18-16-00-00", "alternatives": ["8", "81009", "8"]}, {"date": "2021-07-18-10-00-00", "alternatives": ["6", "6", "65"]}, {"date": "2021-07-18-10-00-00", "alternatives": ["6", "6", "65"]}, {"date": "2021-07-18-10-00-00", "alternatives": ["6", "6", "65"]}, {"date": "2021-07-18-10-00-00", "alternatives": ["6", "6", "65"]}, {"date": "2021-07-18-10-00-00", "alternatives": ["6", "6", "65"]}, {"date": "2021-07-18-10-00-00", "alternatives": ["6", "6", "65"]}]}, {"location": {"country_code": "br", "region": "Parana", "city": "Araucaria"}, "game_id": "273195", "values": [{"date": "2021-07-18-05-00-00", "alternatives": ["8", "8", "83"]}]}, {"location": {"country_code": "us", "region": "Indiana"}, "game_id": "273195", "values": [{"date": "2021-07-18-19-00-00", "alternatives": ["29", "29", "20"]}, {"date": "2021-07-18-19-00-00", "alternatives": ["29", "29", "20"]}, {"date": "2021-07-18-15-00-00", "alternatives": ["99", "66", "99"]}, {"date": "2021-07-18-15-00-00", "alternatives": ["99", "66", "99"]}, {"date": "2021-07-18-15-00-00", "alternatives": ["99", "66", "99"]}, {"date": "2021-07-18-15-00-00", "alternatives": ["99", "66", "99"]}]}, {"location": {"country_code": "gb", "region": "England"}, "game_id": "273195", "values": [{"date": "2021-07-18-17-00-00", "alternatives": ["29", "29", "20"]}, {"date": "2021-07-18-17-00-00", "alternatives": ["29", "29", "20"]}]}, {"location": {"country_code": "gb", "region": "England", "city": "Weston-super-Mare"}, "game_id": "273195", "values": [{"date": "2021-07-18-22-00-00", "alternatives": ["3616", "36", "36"]}, {"date": "2021-07-18-22-00-00", "alternatives": ["3616", "36", "36"]}]}, {"location": {"country_code": "gb", "region": "England", "city": "London"}, "game_id": "273195", "values": [{"date": "2021-07-19-01-00-00", "alternatives": ["7", "13", "13"]}, {"date": "2021-07-19-01-00-00", "alternatives": ["7", "13", "13"]}, {"date": "2021-07-19-01-00-00", "alternatives": ["7", "13", "13"]}, {"date": "2021-07-19-01-00-00", "alternatives": ["7", "13", "13"]}, {"date": "2021-07-19-01-00-00", "alternatives": ["7", "13", "13"]}, {"date": "2021-07-19-01-00-00", "alternatives": ["7", "13", "13"]}]}, {"location": {"country_code": "gb", "region": "Scotland"}, "game_id": "273195", "values": [{"date": "2021-07-18-21-00-00", "alternatives": ["3", "3", "35"]}]}, {"location": {"country_code": "au", "region": "New South Wales", "city": "Sydney"}, "game_id": "273195", "values": [{"date": "2021-07-18-14-00-00", "alternatives": ["1", "1", "11"]}, {"date": "2021-07-18-14-00-00", "alternatives": ["1", "1", "11"]}, {"date": "2021-07-18-14-00-00", "alternatives": ["1", "1", "11"]}]}, {"location": {"country_code": "us", "region": "Florida"}, "game_id": "273195", "values": [{"date": "2021-07-19-02-00-00", "alternatives": ["7", "57", "7"]}, {"date": "2021-07-19-02-00-00", "alternatives": ["7", "57", "7"]}, {"date": "2021-07-19-02-00-00", "alternatives": ["7", "57", "7"]}, {"date": "2021-07-19-02-00-00", "alternatives": ["7", "57", "7"]}, {"date": "2021-07-18-02-00-00", "alternatives": ["6", "65", "6"]}, {"date": "2021-07-18-22-00-00", "alternatives": ["120", "120", "1200"]}]}, {"location": {"country_code": "us", "region": "New Jersey"}, "game_id": "273195", "values": [{"date": "2021-07-18-20-00-00", "alternatives": ["3", "37", "3"]}, {"date": "2021-07-18-20-00-00", "alternatives": ["3", "37", "3"]}, {"date": "2021-07-18-11-00-00", "alternatives": ["49", "491", "49"]}, {"date": "2021-07-18-11-00-00", "alternatives": ["49", "491", "49"]}, {"date": "2021-07-18-11-00-00", "alternatives": ["49", "491", "49"]}]}, {"location": {"country_code": "mx"}, "game_id": "273195", "values": [{"date": "2021-07-18-12-00-00", "alternatives": ["1", "1", "144"]}, {"date": "2021-07-18-12-00-00", "alternatives": ["1", "1", "144"]}, {"date": "2021-07-18-12-00-00", "alternatives": ["1", "1", "144"]}, {"date": "2021-07-18-12-00-00", "alternatives": ["1", "1", "144"]}, {"date": "2021-07-18-12-00-00", "alternatives": ["1", "1", "144"]}, {"date": "2021-07-18-12-00-00", "alternatives": ["1", "1", "144"]}, {"date": "2021-07-18-12-00-00", "alternatives": ["1", "1", "144"]}, {"date": "2021-07-18-12-00-00", "alternatives": ["1", "1", "144"]}, {"date": "2021-07-18-12-00-00", "alternatives": ["1", "1", "144"]}]}, {"location": {"country_code": "mx", "region": "Mexico City"}, "game_id": "273195", "values": [{"date": "2021-07-18-11-00-00", "alternatives": ["135", "135", "125"]}, {"date": "2021-07-18-11-00-00", "alternatives": ["135", "135", "125"]}, {"date": "2021-07-18-11-00-00", "alternatives": ["135", "135", "125"]}, {"date": "2021-07-18-11-00-00", "alternatives": ["135", "135", "125"]}, {"date": "2021-07-18-11-00-00", "alternatives": ["135", "135", "125"]}, {"date": "2021-07-18-11-00-00", "alternatives": ["135", "135", "125"]}, {"date": "2021-07-18-11-00-00", "alternatives": ["135", "135", "125"]}, {"date": "2021-07-18-11-00-00", "alternatives": ["135", "135", "125"]}]}, {"location": {"country_code": "us", "region": "California"}, "game_id": "273195", "values": [{"date": "2021-07-18-05-00-00", "alternatives": ["7", "57", "7"]}, {"date": "2021-07-18-05-00-00", "alternatives": ["7", "57", "7"]}, {"date": "2021-07-18-05-00-00", "alternatives": ["7", "57", "7"]}, {"date": "2021-07-18-04-00-00", "alternatives": ["75", "75", "79"]}, {"date": "2021-07-18-04-00-00", "alternatives": ["75", "75", "79"]}, {"date": "2021-07-18-06-00-00", "alternatives": ["7", "37015", "7"]}, {"date": "2021-07-18-06-00-00", "alternatives": ["7", "37015", "7"]}, {"date": "2021-07-18-06-00-00", "alternatives": ["7", "37015", "7"]}, {"date": "2021-07-18-06-00-00", "alternatives": ["7", "37015", "7"]}, {"date": "2021-07-18-06-00-00", "alternatives": ["7", "37015", "7"]}, {"date": "2021-07-18-06-00-00", "alternatives": ["7", "37015", "7"]}, {"date": "2021-07-18-06-00-00", "alternatives": ["7", "37015", "7"]}, {"date": "2021-07-18-06-00-00", "alternatives": ["7", "37015", "7"]}, {"date": "2021-07-18-06-00-00", "alternatives": ["7", "37015", "7"]}, {"date": "2021-07-18-06-00-00", "alternatives": ["7", "37015", "7"]}, {"date": "2021-07-18-06-00-00", "alternatives": ["7", "37015", "7"]}, {"date": "2021-07-18-11-00-00", "alternatives": ["8", "48", "8"]}, {"date": "2021-07-18-11-00-00", "alternatives": ["8", "48", "8"]}, {"date": "2021-07-18-11-00-00", "alternatives": ["8", "48", "8"]}, {"date": "2021-07-18-11-00-00", "alternatives": ["8", "48", "8"]}, {"date": "2021-07-18-11-00-00", "alternatives": ["8", "48", "8"]}, {"date": "2021-07-18-11-00-00", "alternatives": ["8", "48", "8"]}, {"date": "2021-07-18-11-00-00", "alternatives": ["8", "48", "8"]}, {"date": "2021-07-18-11-00-00", "alternatives": ["8", "48", "8"]}, {"date": "2021-07-19-02-00-00", "alternatives": ["6", "56", "6"]}, {"date": "2021-07-19-02-00-00", "alternatives": ["6", "56", "6"]}, {"date": "2021-07-18-05-00-00", "alternatives": ["7", "57", "7"]}, {"date": "2021-07-18-05-00-00", "alternatives": ["7", "57", "7"]}, {"date": "2021-07-18-05-00-00", "alternatives": ["7", "57", "7"]}, {"date": "2021-07-18-05-00-00", "alternatives": ["7", "57", "7"]}, {"date": "2021-07-18-05-00-00", "alternatives": ["7", "57", "7"]}, {"date": "2021-07-18-05-00-00", "alternatives": ["7", "57", "7"]}, {"date": "2021-07-18-08-00-00", "alternatives": ["6", "5", "6"]}, {"date": "2021-07-18-08-00-00", "alternatives": ["6", "5", "6"]}, {"date": "2021-07-18-08-00-00", "alternatives": ["6", "5", "6"]}, {"date": "2021-07-18-08-00-00", "alternatives": ["6", "5", "6"]}, {"date": "2021-07-18-08-00-00", "alternatives": ["6", "5", "6"]}]}, {"location": {"country_code": "us", "region": "Texas", "city": "Fort Worth"}, "game_id": "273195", "values": [{"date": "2021-07-18-08-00-00", "alternatives": ["5", "5", "4"]}]}, {"location": {"country_code": "br"}, "game_id": "273195", "values": [{"date": "2021-07-18-05-00-00", "alternatives": ["9", "2", "2"]}, {"date": "2021-07-18-05-00-00", "alternatives": ["9", "2", "2"]}, {"date": "2021-07-18-05-00-00", "alternatives": ["9", "2", "2"]}, {"date": "2021-07-18-05-00-00", "alternatives": ["9", "2", "2"]}, {"date": "2021-07-18-05-00-00", "alternatives": ["9", "2", "2"]}, {"date": "2021-07-18-05-00-00", "alternatives": ["9", "2", "2"]}, {"date": "2021-07-18-05-00-00", "alternatives": ["9", "2", "2"]}, {"date": "2021-07-18-05-00-00", "alternatives": ["9", "2", "2"]}, {"date": "2021-07-18-05-00-00", "alternatives": ["9", "2", "2"]}, {"date": "2021-07-18-05-00-00", "alternatives": ["9", "2", "2"]}, {"date": "2021-07-18-05-00-00", "alternatives": ["9", "2", "2"]}, {"date": "2021-07-18-05-00-00", "alternatives": ["9", "2", "2"]}, {"date": "2021-07-18-05-00-00", "alternatives": ["9", "2", "2"]}, {"date": "2021-07-18-05-00-00", "alternatives": ["9", "2", "2"]}, {"date": "2021-07-18-05-00-00", "alternatives": ["9", "2", "2"]}, {"date": "2021-07-18-05-00-00", "alternatives": ["9", "2", "2"]}, {"date": "2021-07-18-05-00-00", "alternatives": ["9", "2", "2"]}, {"date": "2021-07-18-23-00-00", "alternatives": ["36", "3", "3"]}, {"date": "2021-07-18-23-00-00", "alternatives": ["36", "3", "3"]}, {"date": "2021-07-18-06-00-00", "alternatives": ["29", "290", "29"]}, {"date": "2021-07-18-06-00-00", "alternatives": ["29", "290", "29"]}, {"date": "2021-07-19-01-00-00", "alternatives": ["0", "19", "19"]}, {"date": "2021-07-18-02-00-00", "alternatives": ["16", "16", "1608"]}, {"date": "2021-07-18-02-00-00", "alternatives": ["16", "16", "1608"]}, {"date": "2021-07-18-02-00-00", "alternatives": ["16", "16", "1608"]}]}, {"location": {"country_code": "br", "region": "Rio Grande do Sul", "city": "Viamao"}, "game_id": "273195", "values": [{"date": "2021-07-18-06-00-00", "alternatives": ["3", "3", "13"]}, {"date": "2021-07-18-06-00-00", "alternatives": ["3", "3", "13"]}]}, {"location": {"country_code": "br", "region": "Sao Paulo", "city": "Apiai"}, "game_id": "273195", "values": [{"date": "2021-07-18-20-00-00", "alternatives": ["9", "10", "10"]}, {"date": "2021-07-18-20-00-00", "alternatives": ["9", "10", "10"]}, {"date": "2021-07-18-20-00-00", "alternatives": ["9", "10", "10"]}, {"date": "2021-07-18-20-00-00", "alternatives": ["9", "10", "10"]}, {"date": "2021-07-18-20-00-00", "alternatives": ["9", "10", "10"]}, {"date": "2021-07-18-19-00-00", "alternatives": ["6", "9", "9"]}, {"date": "2021-07-18-19-00-00", "alternatives": ["6", "9", "9"]}, {"date": "2021-07-18-04-00-00", "alternatives": ["1", "1", "11"]}, {"date": "2021-07-18-04-00-00", "alternatives": ["1", "1", "11"]}, {"date": "2021-07-18-04-00-00", "alternatives": ["1", "1", "11"]}, {"date": "2021-07-18-04-00-00", "alternatives": ["1", "1", "11"]}, {"date": "2021-07-18-04-00-00", "alternatives": ["1", "1", "11"]}]}, {"location": {"country_code": "se"}, "game_id": "273195", "values": [{"date": "2021-07-19-00-00-00", "alternatives": ["2", "2", "24"]}, {"date": "2021-07-19-00-00-00", "alternatives": ["2", "2", "24"]}, {"date": "2021-07-19-00-00-00", "alternatives": ["2", "2", "24"]}, {"date": "2021-07-19-00-00-00", "alternatives": ["2", "2", "24"]}, {"date": "2021-07-19-00-00-00", "alternatives": ["2", "2", "24"]}, {"date": "2021-07-19-00-00-00", "alternatives": ["2", "2", "24"]}, {"date": "2021-07-19-00-00-00", "alternatives": ["2", "2", "24"]}, {"date": "2021-07-19-00-00-00", "alternatives": ["2", "2", "24"]}, {"date": "2021-07-18-23-00-00", "alternatives": ["25", "25", "20"]}, {"date": "2021-07-18-23-00-00", "alternatives": ["25", "25", "20"]}, {"date": "2021-07-18-23-00-00", "alternatives": ["25", "25", "20"]}, {"date": "2021-07-18-23-00-00", "alternatives": ["25", "25", "20"]}, {"date": "2021-07-18-23-00-00", "alternatives": ["25", "25", "20"]}, {"date": "2021-07-18-23-00-00", "alternatives": ["25", "25", "20"]}, {"date": "2021-07-18-23-00-00", "alternatives": ["25", "25", "20"]}, {"date": "2021-07-18-23-00-00", "alternatives": ["25", "25", "20"]}, {"date": "2021-07-18-23-00-00", "alternatives": ["25", "25", "20"]}, {"date": "2021-07-18-15-00-00", "alternatives": ["22", "22", "27"]}, {"date": "2021-07-18-16-00-00", "alternatives": ["1", "7", "1"]}, {"date": "2021-07-18-16-00-00", "alternatives": ["1", "7", "1"]}, {"date": "2021-07-18-16-00-00", "alternatives": ["1", "7", "1"]}, {"date": "2021-07-18-16-00-00", "alternatives": ["1", "7", "1"]}, {"date": "2021-07-18-16-00-00", "alternatives": ["1", "7", "1"]}, {"date": "2021-07-19-01-00-00", "alternatives": ["26", "20", "20"]}, {"date": "2021-07-19-01-00-00", "alternatives": ["26", "20", "20"]}, {"date": "2021-07-19-01-00-00", "alternatives": ["26", "20", "20"]}]}, {"location": {"country_code": "se", "region": "Halland County"}, "game_id": "273195", "values": [{"date": "2021-07-18-04-00-00", "alternatives": ["15", "509", "15"]}, {"date": "2021-07-18-04-00-00", "alternatives": ["15", "509", "15"]}, {"date": "2021-07-18-04-00-00", "alternatives": ["15", "509", "15"]}, {"date": "2021-07-18-04-00-00", "alternatives": ["15", "509", "15"]}, {"date": "2021-07-18-04-00-00", "alternatives": ["15", "509", "15"]}, {"date": "2021-07-18-04-00-00", "alternatives": ["15", "509", "15"]}]}, {"location": {"country_code": "no"}, "game_id": "273195", "values": [{"date": "2021-07-18-20-00-00", "alternatives": ["9", "0", "0"]}, {"date": "2021-07-18-20-00-00", "alternatives": ["9", "0", "0"]}, {"date": "2021-07-18-23-00-00", "alternatives": ["2", "21", "2"]}, {"date": "2021-07-18-23-00-00", "alternatives": ["2", "21", "2"]}, {"date": "2021-07-18-23-00-00", "alternatives": ["2", "21", "2"]}, {"date": "2021-07-18-23-00-00", "alternatives": ["2", "21", "2"]}, {"date": "2021-07-18-23-00-00", "alternatives": ["2", "21", "2"]}, {"date": "2021-07-18-23-00-00", "alternatives": ["2", "21", "2"]}, {"date": "2021-07-18-20-00-00", "alternatives": ["25", "25", "259"]}, {"date": "2021-07-18-20-00-00", "alternatives": ["25", "25", "259"]}, {"date": "2021-07-18-20-00-00", "alternatives": ["25", "25", "259"]}, {"date": "2021-07-18-20-00-00", "alternatives": ["25", "25", "259"]}, {"date": "2021-07-18-20-00-00", "alternatives": ["25", "25", "259"]}, {"date": "2021-07-18-20-00-00", "alternatives": ["25", "25", "259"]}, {"date": "2021-07-18-20-00-00", "alternatives": ["25", "25", "259"]}, {"date": "2021-07-18-20-00-00", "alternatives": ["25", "25", "259"]}, {"date": "2021-07-18-20-00-00", "alternatives": ["25", "25", "259"]}]}, {"location": {"country_code": "us", "region": "Ohio", "city": "Cincinnati"}, "game_id": "273195", "values": [{"date": "2021-07-18-04-00-00", "alternatives": ["280", "28", "28"]}, {"date": "2021-07-18-04-00-00", "alternatives": ["280", "28", "28"]}, {"date": "2021-07-19-02-00-00", "alternatives": ["3808", "38", "38"]}, {"date": "2021-07-19-02-00-00", "alternatives": ["3808", "38", "38"]}, {"date": "2021-07-19-02-00-00", "alternatives": ["3808", "38", "38"]}, {"date": "2021-07-19-02-00-00", "alternatives": ["3808", "38", "38"]}, {"date": "2021-07-19-02-00-00", "alternatives": ["3808", "38", "38"]}, {"date": "2021-07-19-02-00-00", "alternatives": ["3808", "38", "38"]}]}, {"location": {"country_code": "au"}, "game_id": "273195", "values": [{"date": "2021-07-18-13-00-00", "alternatives": ["96", "96", "36"]}, {"date": "2021-07-18-13-00-00", "alternatives": ["96", "96", "36"]}, {"date": "2021-07-18-13-00-00", "alternatives": ["96", "96", "36"]}, {"date": "2021-07-18-13-00-00", "alternatives": ["96", "96", "36"]}, {"date": "2021-07-18-13-00-00", "alternatives": ["96", "96", "36"]}, {"date": "2021-07-18-14-00-00", "alternatives": ["148", "198", "148"]}, {"date": "2021-07-18-14-00-00", "alternatives": ["148", "198", "148"]}, {"date": "2021-07-18-14-00-00", "alternatives": ["148", "198", "148"]}, {"date": "2021-07-18-14-00-00", "alternatives": ["148", "198", "148"]}, {"date": "2021-07-18-14-00-00", "alternatives": ["148", "198", "148"]}, {"date": "2021-07-18-16-00-00", "alternatives": ["65", "65", "55"]}, {"date": "2021-07-18-16-00-00", "alternatives": ["65", "65", "55"]}, {"date": "2021-07-18-16-00-00", "alternatives": ["65", "65", "55"]}]}, {"location": {"country_code": "jp", "region": "Fukuoka"}, "game_id": "273195", "values": [{"date": "2021-07-18-15-00-00", "alternatives": ["49", "40", "40"]}]}, {"location": {"country_code": "us", "region": "Texas", "city": "Austin"}, "game_id": "273195", "values": [{"date": "2021-07-18-11-00-00", "alternatives": ["53", "53", "93"]}, {"date": "2021-07-18-11-00-00", "alternatives": ["53", "53", "93"]}, {"date": "2021-07-18-11-00-00", "alternatives": ["53", "53", "93"]}, {"date": "2021-07-18-11-00-00", "alternatives": ["53", "53", "93"]}, {"date": "2021-07-18-11-00-00", "alternatives": ["53", "53", "93"]}, {"date": "2021-07-18-03-00-00", "alternatives": ["5", "55", "5"]}, {"date": "2021-07-18-03-00-00", "alternatives": ["5", "55", "5"]}]}, {"location": {"country_code": "dk"}, "game_id": "273195", "values": [{"date": "2021-07-18-19-00-00", "alternatives": ["8", "8", "18"]}]}, {"location": {"country_code": "tr"}, "game_id": "273195", "values": [{"date": "2021-07-18-15-00-00", "alternatives": ["49", "29", "49"]}, {"date": "2021-07-18-23-00-00", "alternatives": ["6", "6", "83"]}]}, {"location": {"country_code": "us", "region": "California", "city": "San Francisco"}, "game_id": "273195", "values": [{"date": "2021-07-18-12-00-00", "alternatives": ["1", "5", "5"]}, {"date": "2021-07-18-12-00-00", "alternatives": ["1", "5", "5"]}, {"date": "2021-07-18-12-00-00", "alternatives": ["1", "5", "5"]}, {"date": "2021-07-18-12-00-00", "alternatives": ["1", "5", "5"]}, {"date": "2021-07-18-12-00-00", "alternatives": ["1", "5", "5"]}, {"date": "2021-07-18-12-00-00", "alternatives": ["1", "5", "5"]}, {"date": "2021-07-18-12-00-00", "alternatives": ["1", "5", "5"]}, {"date": "2021-07-18-12-00-00", "alternatives": ["1", "5", "5"]}]}, {"location": {"country_code": "fi"}, "game_id": "273195", "values": [{"date": "2021-07-18-15-00-00", "alternatives": ["26", "20", "26"]}, {"date": "2021-07-18-15-00-00", "alternatives": ["26", "20", "26"]}]}, {"location": {"country_code": "us", "region": "Massachusetts"}, "game_id": "273195", "values": [{"date": "2021-07-18-08-00-00", "alternatives": ["1", "1", "4"]}, {"date": "2021-07-18-08-00-00", "alternatives": ["1", "1", "4"]}]}, {"location": {"country_code": "ca", "region": "Alberta"}, "game_id": "273195", "values": [{"date": "2021-07-18-06-00-00", "alternatives": ["94", "94", "84"]}, {"date": "2021-07-18-06-00-00", "alternatives": ["94", "94", "84"]}, {"date": "2021-07-18-06-00-00", "alternatives": ["94", "94", "84"]}, {"date": "2021-07-18-06-00-00", "alternatives": ["94", "94", "84"]}, {"date": "2021-07-18-06-00-00", "alternatives": ["94", "94", "84"]}, {"date": "2021-07-18-06-00-00", "alternatives": ["94", "94", "84"]}, {"date": "2021-07-18-06-00-00", "alternatives": ["94", "94", "84"]}, {"date": "2021-07-18-05-00-00", "alternatives": ["6", "4", "4"]}, {"date": "2021-07-18-05-00-00", "alternatives": ["6", "4", "4"]}, {"date": "2021-07-18-05-00-00", "alternatives": ["6", "4", "4"]}, {"date": "2021-07-18-05-00-00", "alternatives": ["6", "4", "4"]}, {"date": "2021-07-18-05-00-00", "alternatives": ["6", "4", "4"]}]}, {"location": {"country_code": "ru", "region": "Moscow", "city": "Zelenograd"}, "game_id": "273195", "values": [{"date": "2021-07-18-05-00-00", "alternatives": ["42", "9", "42"]}, {"date": "2021-07-18-05-00-00", "alternatives": ["42", "9", "42"]}, {"date": "2021-07-18-05-00-00", "alternatives": ["42", "9", "42"]}]}, {"location": {"country_code": "ru"}, "game_id": "273195", "values": [{"date": "2021-07-18-17-00-00", "alternatives": ["38", "8", "8"]}, {"date": "2021-07-18-17-00-00", "alternatives": ["38", "8", "8"]}, {"date": "2021-07-18-17-00-00", "alternatives": ["38", "8", "8"]}, {"date": "2021-07-18-17-00-00", "alternatives": ["38", "8", "8"]}, {"date": "2021-07-18-17-00-00", "alternatives": ["38", "8", "8"]}, {"date": "2021-07-18-16-00-00", "alternatives": ["93", "78", "78"]}]}, {"location": {"country_code": "ar", "region": "Buenos Aires F.D.", "city": "Bahia Blanca"}, "game_id": "273195", "values": [{"date": "2021-07-18-08-00-00", "alternatives": ["4056", "4056", "456"]}, {"date": "2021-07-18-08-00-00", "alternatives": ["4056", "4056", "456"]}, {"date": "2021-07-18-08-00-00", "alternatives": ["4056", "4056", "456"]}, {"date": "2021-07-18-08-00-00", "alternatives": ["4056", "4056", "456"]}, {"date": "2021-07-18-08-00-00", "alternatives": ["4056", "4056", "456"]}, {"date": "2021-07-18-08-00-00", "alternatives": ["4056", "4056", "456"]}, {"date": "2021-07-18-08-00-00", "alternatives": ["4056", "4056", "456"]}]}, {"location": {"country_code": "us", "region": "Virginia"}, "game_id": "273195", "values": [{"date": "2021-07-18-06-00-00", "alternatives": ["8", "8", "2"]}]}, {"location": {"country_code": "us", "region": "Missouri"}, "game_id": "273195", "values": [{"date": "2021-07-18-07-00-00", "alternatives": ["42", "2", "2"]}, {"date": "2021-07-18-07-00-00", "alternatives": ["42", "2", "2"]}, {"date": "2021-07-18-07-00-00", "alternatives": ["42", "2", "2"]}, {"date": "2021-07-18-07-00-00", "alternatives": ["42", "2", "2"]}, {"date": "2021-07-18-07-00-00", "alternatives": ["42", "2", "2"]}, {"date": "2021-07-18-07-00-00", "alternatives": ["42", "2", "2"]}]}, {"location": {"country_code": "jp", "region": "Tokyo"}, "game_id": "273195", "values": [{"date": "2021-07-18-13-00-00", "alternatives": ["2", "52", "2"]}, {"date": "2021-07-18-13-00-00", "alternatives": ["2", "52", "2"]}, {"date": "2021-07-18-13-00-00", "alternatives": ["2", "52", "2"]}, {"date": "2021-07-18-13-00-00", "alternatives": ["2", "52", "2"]}, {"date": "2021-07-18-13-00-00", "alternatives": ["2", "52", "2"]}, {"date": "2021-07-18-13-00-00", "alternatives": ["2", "52", "2"]}, {"date": "2021-07-18-09-00-00", "alternatives": ["9", "40", "40"]}]}, {"location": {"country_code": "us", "region": "Texas", "city": "Houston"}, "game_id": "273195", "values": [{"date": "2021-07-18-12-00-00", "alternatives": ["1210", "121", "121"]}, {"date": "2021-07-18-12-00-00", "alternatives": ["1210", "121", "121"]}, {"date": "2021-07-18-08-00-00", "alternatives": ["66", "6", "6"]}, {"date": "2021-07-18-08-00-00", "alternatives": ["66", "6", "6"]}, {"date": "2021-07-18-08-00-00", "alternatives": ["66", "6", "6"]}]}, {"location": {"country_code": "au", "region": "South Australia", "city": "Adelaide"}, "game_id": "273195", "values": [{"date": "2021-07-18-20-00-00", "alternatives": ["30", "60", "30"]}, {"date": "2021-07-18-20-00-00", "alternatives": ["30", "60", "30"]}]}, {"location": {"country_code": "us", "region": "South Carolina"}, "game_id": "273195", "values": [{"date": "2021-07-18-23-00-00", "alternatives": ["42", "2", "2"]}, {"date": "2021-07-18-23-00-00", "alternatives": ["42", "2", "2"]}]}, {"location": {"country_code": "us", "region": "Michigan"}, "game_id": "273195", "values": [{"date": "2021-07-18-08-00-00", "alternatives": ["4", "4", "41"]}, {"date": "2021-07-18-23-00-00", "alternatives": ["30", "37", "37"]}, {"date": "2021-07-18-23-00-00", "alternatives": ["30", "37", "37"]}, {"date": "2021-07-18-23-00-00", "alternatives": ["30", "37", "37"]}, {"date": "2021-07-18-23-00-00", "alternatives": ["30", "37", "37"]}, {"date": "2021-07-18-23-00-00", "alternatives": ["30", "37", "37"]}]}, {"location": {"country_code": "us", "region": "Florida", "city": "Cape Coral"}, "game_id": "273195", "values": [{"date": "2021-07-18-09-00-00", "alternatives": ["166", "146", "146"]}]}, {"location": {"country_code": "hu"}, "game_id": "273195", "values": [{"date": "2021-07-18-15-00-00", "alternatives": ["23", "23", "22"]}, {"date": "2021-07-18-15-00-00", "alternatives": ["23", "23", "22"]}, {"date": "2021-07-18-15-00-00", "alternatives": ["23", "23", "22"]}, {"date": "2021-07-18-15-00-00", "alternatives": ["23", "23", "22"]}, {"date": "2021-07-18-05-00-00", "alternatives": ["141", "14", "14"]}, {"date": "2021-07-18-05-00-00", "alternatives": ["141", "14", "14"]}, {"date": "2021-07-18-05-00-00", "alternatives": ["141", "14", "14"]}, {"date": "2021-07-18-05-00-00", "alternatives": ["141", "14", "14"]}, {"date": "2021-07-18-05-00-00", "alternatives": ["141", "14", "14"]}, {"date": "2021-07-18-05-00-00", "alternatives": ["141", "14", "14"]}, {"date": "2021-07-18-17-00-00", "alternatives": ["31", "9", "31"]}, {"date": "2021-07-18-17-00-00", "alternatives": ["31", "9", "31"]}, {"date": "2021-07-18-17-00-00", "alternatives": ["31", "9", "31"]}, {"date": "2021-07-18-17-00-00", "alternatives": ["31", "9", "31"]}, {"date": "2021-07-18-17-00-00", "alternatives": ["31", "9", "31"]}]}, {"location": {"country_code": "us", "region": "Pennsylvania", "city": "Pittsburgh"}, "game_id": "273195", "values": [{"date": "2021-07-18-10-00-00", "alternatives": ["29", "29", "20"]}]}, {"location": {"country_code": "co"}, "game_id": "273195", "values": [{"date": "2021-07-18-04-00-00", "alternatives": ["1", "14", "1"]}]}, {"location": {"country_code": "at"}, "game_id": "273195", "values": [{"date": "2021-07-18-21-00-00", "alternatives": ["7", "57", "7"]}]}, {"location": {"country_code": "us", "region": "Arizona"}, "game_id": "273195", "values": [{"date": "2021-07-19-01-00-00", "alternatives": ["6", "6", "60"]}, {"date": "2021-07-19-01-00-00", "alternatives": ["6", "6", "60"]}, {"date": "2021-07-19-01-00-00", "alternatives": ["6", "6", "60"]}, {"date": "2021-07-19-01-00-00", "alternatives": ["6", "6", "60"]}, {"date": "2021-07-19-01-00-00", "alternatives": ["6", "6", "60"]}, {"date": "2021-07-19-01-00-00", "alternatives": ["6", "6", "60"]}, {"date": "2021-07-19-01-00-00", "alternatives": ["6", "6", "60"]}, {"date": "2021-07-19-01-00-00", "alternatives": ["6", "6", "60"]}, {"date": "2021-07-19-01-00-00", "alternatives": ["6", "6", "60"]}, {"date": "2021-07-19-01-00-00", "alternatives": ["6", "6", "60"]}, {"date": "2021-07-19-01-00-00", "alternatives": ["6", "6", "60"]}, {"date": "2021-07-19-01-00-00", "alternatives": ["6", "6", "60"]}, {"date": "2021-07-18-08-00-00", "alternatives": ["5", "7", "5"]}]}, {"location": {"country_code": "ve"}, "game_id": "273195", "values": [{"date": "2021-07-18-02-00-00", "alternatives": ["10", "104", "10"]}]}, {"location": {"country_code": "cn"}, "game_id": "273195", "values": [{"date": "2021-07-18-05-00-00", "alternatives": ["31", "3", "3"]}]}, {"location": {"country_code": "pl"}, "game_id": "273195", "values": [{"date": "2021-07-18-21-00-00", "alternatives": ["2", "2", "24"]}]}, {"location": {"country_code": "be"}, "game_id": "273195", "values": [{"date": "2021-07-18-22-00-00", "alternatives": ["2303", "23", "23"]}]}, {"location": {"country_code": "us", "region": "North Carolina"}, "game_id": "273195", "values": [{"date": "2021-07-18-08-00-00", "alternatives": ["35", "35", "33"]}]}, {"location": {"country_code": "us", "region": "Nevada", "city": "Las Vegas"}, "game_id": "273195", "values": [{"date": "2021-07-18-06-00-00", "alternatives": ["69", "691", "69"]}, {"date": "2021-07-18-06-00-00", "alternatives": ["69", "691", "69"]}, {"date": "2021-07-18-06-00-00", "alternatives": ["69", "691", "69"]}]}, {"location": {"country_code": "us", "region": "Alabama"}, "game_id": "273195", "values": [{"date": "2021-07-19-01-00-00", "alternatives": ["12", "12", "125"]}, {"date": "2021-07-19-01-00-00", "alternatives": ["12", "12", "125"]}, {"date": "2021-07-19-01-00-00", "alternatives": ["12", "12", "125"]}, {"date": "2021-07-19-01-00-00", "alternatives": ["12", "12", "125"]}, {"date": "2021-07-19-01-00-00", "alternatives": ["12", "12", "125"]}, {"date": "2021-07-19-01-00-00", "alternatives": ["12", "12", "125"]}, {"date": "2021-07-19-01-00-00", "alternatives": ["12", "12", "125"]}]}, {"location": {"country_code": "ua"}, "game_id": "273195", "values": [{"date": "2021-07-18-23-00-00", "alternatives": ["3", "23", "3"]}]}, {"location": {"country_code": "br", "region": "Minas Gerais"}, "game_id": "273195", "values": [{"date": "2021-07-18-04-00-00", "alternatives": ["118", "18", "18"]}]}, {"location": {"country_code": "tr", "region": "Marmara Bolgesi", "city": "Istanbul"}, "game_id": "273195", "values": [{"date": "2021-07-18-16-00-00", "alternatives": ["39", "9", "9"]}, {"date": "2021-07-18-16-00-00", "alternatives": ["39", "9", "9"]}]}, {"location": {"country_code": "us", "region": "District of Columbia", "city": "Washington"}, "game_id": "273195", "values": [{"date": "2021-07-18-07-00-00", "alternatives": ["8", "583", "8"]}, {"date": "2021-07-18-07-00-00", "alternatives": ["8", "583", "8"]}, {"date": "2021-07-18-07-00-00", "alternatives": ["8", "583", "8"]}, {"date": "2021-07-18-07-00-00", "alternatives": ["8", "583", "8"]}, {"date": "2021-07-18-07-00-00", "alternatives": ["8", "583", "8"]}, {"date": "2021-07-18-18-00-00", "alternatives": ["4", "460", "4"]}, {"date": "2021-07-18-18-00-00", "alternatives": ["4", "460", "4"]}, {"date": "2021-07-18-18-00-00", "alternatives": ["4", "460", "4"]}, {"date": "2021-07-18-18-00-00", "alternatives": ["4", "460", "4"]}]}, {"location": {"country_code": "us", "region": "Washington", "city": "Silverdale"}, "game_id": "273195", "values": [{"date": "2021-07-19-02-00-00", "alternatives": ["6", "56", "6"]}, {"date": "2021-07-19-02-00-00", "alternatives": ["6", "56", "6"]}, {"date": "2021-07-19-02-00-00", "alternatives": ["6", "56", "6"]}, {"date": "2021-07-19-02-00-00", "alternatives": ["6", "56", "6"]}, {"date": "2021-07-19-02-00-00", "alternatives": ["6", "56", "6"]}, {"date": "2021-07-19-02-00-00", "alternatives": ["6", "56", "6"]}, {"date": "2021-07-19-02-00-00", "alternatives": ["6", "56", "6"]}]}, {"location": {"country_code": "ru", "region": "Ivanovo Oblast", "city": "Ivanovo"}, "game_id": "273195", "values": [{"date": "2021-07-18-16-00-00", "alternatives": ["12", "912", "12"]}, {"date": "2021-07-18-16-00-00", "alternatives": ["12", "912", "12"]}, {"date": "2021-07-18-16-00-00", "alternatives": ["12", "912", "12"]}]}, {"location": {"country_code": "my"}, "game_id": "273195", "values": [{"date": "2021-07-18-15-00-00", "alternatives": ["8", "8", "18"]}, {"date": "2021-07-18-15-00-00", "alternatives": ["8", "8", "18"]}, {"date": "2021-07-18-15-00-00", "alternatives": ["8", "8", "18"]}, {"date": "2021-07-18-06-00-00", "alternatives": ["8", "8", "18"]}, {"date": "2021-07-18-10-00-00", "alternatives": ["9", "12", "12"]}, {"date": "2021-07-18-07-00-00", "alternatives": ["1", "15", "1"]}]}, {"location": {"country_code": "au", "region": "Queensland"}, "game_id": "273195", "values": [{"date": "2021-07-18-12-00-00", "alternatives": ["53", "63", "53"]}, {"date": "2021-07-18-12-00-00", "alternatives": ["53", "63", "53"]}, {"date": "2021-07-18-12-00-00", "alternatives": ["53", "63", "53"]}, {"date": "2021-07-18-12-00-00", "alternatives": ["53", "63", "53"]}]}, {"location": {"country_code": "us", "region": "Illinois"}, "game_id": "273195", "values": [{"date": "2021-07-18-06-00-00", "alternatives": ["1128", "112", "112"]}]}, {"location": {"country_code": "us", "region": "Wisconsin"}, "game_id": "273195", "values": [{"date": "2021-07-18-20-00-00", "alternatives": ["32", "32", "39"]}, {"date": "2021-07-18-20-00-00", "alternatives": ["32", "32", "39"]}, {"date": "2021-07-18-20-00-00", "alternatives": ["32", "32", "39"]}, {"date": "2021-07-18-20-00-00", "alternatives": ["32", "32", "39"]}, {"date": "2021-07-18-20-00-00", "alternatives": ["32", "32", "39"]}, {"date": "2021-07-18-20-00-00", "alternatives": ["32", "32", "39"]}, {"date": "2021-07-18-20-00-00", "alternatives": ["32", "32", "39"]}]}, {"location": {"country_code": "us", "region": "Pennsylvania"}, "game_id": "273195", "values": [{"date": "2021-07-18-06-00-00", "alternatives": ["62", "52", "52"]}, {"date": "2021-07-18-06-00-00", "alternatives": ["62", "52", "52"]}, {"date": "2021-07-18-06-00-00", "alternatives": ["62", "52", "52"]}, {"date": "2021-07-18-06-00-00", "alternatives": ["62", "52", "52"]}, {"date": "2021-07-18-06-00-00", "alternatives": ["62", "52", "52"]}]}, {"location": {"country_code": "au", "region": "New South Wales", "city": "Newcastle"}, "game_id": "273195", "values": [{"date": "2021-07-18-06-00-00", "alternatives": ["1", "1", "111"]}, {"date": "2021-07-18-06-00-00", "alternatives": ["1", "1", "111"]}, {"date": "2021-07-18-06-00-00", "alternatives": ["1", "1", "111"]}, {"date": "2021-07-18-06-00-00", "alternatives": ["1", "1", "111"]}, {"date": "2021-07-18-06-00-00", "alternatives": ["1", "1", "111"]}, {"date": "2021-07-18-14-00-00", "alternatives": ["28", "2802", "28"]}, {"date": "2021-07-18-14-00-00", "alternatives": ["28", "2802", "28"]}, {"date": "2021-07-18-14-00-00", "alternatives": ["28", "2802", "28"]}]}, {"location": {"country_code": "pt"}, "game_id": "273195", "values": [{"date": "2021-07-18-19-00-00", "alternatives": ["38", "88", "38"]}, {"date": "2021-07-18-19-00-00", "alternatives": ["38", "88", "38"]}, {"date": "2021-07-18-19-00-00", "alternatives": ["38", "88", "38"]}, {"date": "2021-07-19-01-00-00", "alternatives": ["41", "9", "41"]}, {"date": "2021-07-19-01-00-00", "alternatives": ["41", "9", "41"]}, {"date": "2021-07-19-01-00-00", "alternatives": ["41", "9", "41"]}, {"date": "2021-07-19-01-00-00", "alternatives": ["41", "9", "41"]}, {"date": "2021-07-19-01-00-00", "alternatives": ["41", "9", "41"]}, {"date": "2021-07-19-01-00-00", "alternatives": ["41", "9", "41"]}, {"date": "2021-07-19-01-00-00", "alternatives": ["41", "9", "41"]}, {"date": "2021-07-19-01-00-00", "alternatives": ["41", "9", "41"]}, {"date": "2021-07-19-01-00-00", "alternatives": ["41", "9", "41"]}]}, {"location": {"country_code": "us", "region": "Kentucky"}, "game_id": "273195", "values": [{"date": "2021-07-18-17-00-00", "alternatives": ["6", "60", "6"]}, {"date": "2021-07-18-17-00-00", "alternatives": ["6", "60", "6"]}, {"date": "2021-07-18-17-00-00", "alternatives": ["6", "60", "6"]}, {"date": "2021-07-18-17-00-00", "alternatives": ["6", "60", "6"]}, {"date": "2021-07-18-05-00-00", "alternatives": ["4675", "4", "4"]}, {"date": "2021-07-18-05-00-00", "alternatives": ["4675", "4", "4"]}, {"date": "2021-07-18-05-00-00", "alternatives": ["4675", "4", "4"]}, {"date": "2021-07-18-05-00-00", "alternatives": ["4675", "4", "4"]}, {"date": "2021-07-18-05-00-00", "alternatives": ["4675", "4", "4"]}, {"date": "2021-07-18-05-00-00", "alternatives": ["4675", "4", "4"]}, {"date": "2021-07-18-05-00-00", "alternatives": ["4675", "4", "4"]}, {"date": "2021-07-18-05-00-00", "alternatives": ["4675", "4", "4"]}, {"date": "2021-07-18-05-00-00", "alternatives": ["4675", "4", "4"]}, {"date": "2021-07-18-05-00-00", "alternatives": ["4675", "4", "4"]}, {"date": "2021-07-18-05-00-00", "alternatives": ["4675", "4", "4"]}, {"date": "2021-07-18-05-00-00", "alternatives": ["4675", "4", "4"]}, {"date": "2021-07-18-05-00-00", "alternatives": ["4675", "4", "4"]}, {"date": "2021-07-18-05-00-00", "alternatives": ["4675", "4", "4"]}, {"date": "2021-07-18-05-00-00", "alternatives": ["4675", "4", "4"]}]}, {"location": {"country_code": "us", "region": "California", "city": "Irvine"}, "game_id": "273195", "values": [{"date": "2021-07-18-22-00-00", "alternatives": ["14", "14", "148"]}, {"date": "2021-07-18-22-00-00", "alternatives": ["14", "14", "148"]}, {"date": "2021-07-18-22-00-00", "alternatives": ["14", "14", "148"]}]}, {"location": {"country_code": "us", "region": "Tennessee"}, "game_id": "273195", "values": [{"date": "2021-07-18-06-00-00", "alternatives": ["7", "3", "7"]}, {"date": "2021-07-18-06-00-00", "alternatives": ["7", "3", "7"]}, {"date": "2021-07-18-06-00-00", "alternatives": ["7", "3", "7"]}, {"date": "2021-07-18-06-00-00", "alternatives": ["7", "3", "7"]}, {"date": "2021-07-18-06-00-00", "alternatives": ["7", "3", "7"]}, {"date": "2021-07-18-06-00-00", "alternatives": ["7", "3", "7"]}]}, {"location": {"country_code": "us", "region": "Texas", "city": "Arlington"}, "game_id": "273195", "values": [{"date": "2021-07-18-08-00-00", "alternatives": ["55", "65", "55"]}, {"date": "2021-07-18-08-00-00", "alternatives": ["55", "65", "55"]}, {"date": "2021-07-18-08-00-00", "alternatives": ["55", "65", "55"]}, {"date": "2021-07-18-08-00-00", "alternatives": ["55", "65", "55"]}]}, {"location": {"country_code": "uy"}, "game_id": "273195", "values": [{"date": "2021-07-18-23-00-00", "alternatives": ["235", "2350", "235"]}, {"date": "2021-07-18-23-00-00", "alternatives": ["235", "2350", "235"]}]}, {"location": {"country_code": "fr", "region": "Aquitania-Limosino-Poitou-Charentes", "city": "Bordeaux"}, "game_id": "273195", "values": [{"date": "2021-07-18-14-00-00", "alternatives": ["9", "20", "20"]}, {"date": "2021-07-18-14-00-00", "alternatives": ["9", "20", "20"]}, {"date": "2021-07-18-14-00-00", "alternatives": ["9", "20", "20"]}, {"date": "2021-07-18-14-00-00", "alternatives": ["9", "20", "20"]}, {"date": "2021-07-18-14-00-00", "alternatives": ["9", "20", "20"]}]}, {"location": {"country_code": "kw"}, "game_id": "273195", "values": [{"date": "2021-07-19-01-00-00", "alternatives": ["17", "117", "17"]}, {"date": "2021-07-19-01-00-00", "alternatives": ["17", "117", "17"]}, {"date": "2021-07-19-01-00-00", "alternatives": ["17", "117", "17"]}, {"date": "2021-07-19-01-00-00", "alternatives": ["17", "117", "17"]}]}, {"location": {"country_code": "us", "region": "State of Maine"}, "game_id": "273195", "values": [{"date": "2021-07-18-06-00-00", "alternatives": ["8", "8", "50"]}, {"date": "2021-07-18-06-00-00", "alternatives": ["8", "8", "50"]}, {"date": "2021-07-18-06-00-00", "alternatives": ["8", "8", "50"]}, {"date": "2021-07-18-06-00-00", "alternatives": ["8", "8", "50"]}, {"date": "2021-07-18-17-00-00", "alternatives": ["2", "52", "2"]}, {"date": "2021-07-18-17-00-00", "alternatives": ["2", "52", "2"]}]}, {"location": {"country_code": "hr", "region": "Zagreb"}, "game_id": "273195", "values": [{"date": "2021-07-18-18-00-00", "alternatives": ["2", "21", "2"]}, {"date": "2021-07-18-18-00-00", "alternatives": ["2", "21", "2"]}, {"date": "2021-07-18-18-00-00", "alternatives": ["2", "21", "2"]}]}, {"location": {"country_code": "ca", "region": "British Columbia", "city": "Richmond"}, "game_id": "273195", "values": [{"date": "2021-07-18-22-00-00", "alternatives": ["8", "8", "81"]}]}, {"location": {"country_code": "us", "region": "Texas", "city": "Irving"}, "game_id": "273195", "values": [{"date": "2021-07-18-07-00-00", "alternatives": ["4211", "42", "42"]}, {"date": "2021-07-18-07-00-00", "alternatives": ["4211", "42", "42"]}, {"date": "2021-07-18-05-00-00", "alternatives": ["1", "5", "5"]}, {"date": "2021-07-18-05-00-00", "alternatives": ["1", "5", "5"]}, {"date": "2021-07-18-05-00-00", "alternatives": ["1", "5", "5"]}, {"date": "2021-07-18-05-00-00", "alternatives": ["1", "5", "5"]}, {"date": "2021-07-18-05-00-00", "alternatives": ["1", "5", "5"]}, {"date": "2021-07-18-05-00-00", "alternatives": ["1", "5", "5"]}, {"date": "2021-07-18-22-00-00", "alternatives": ["58", "58", "28"]}, {"date": "2021-07-18-22-00-00", "alternatives": ["58", "58", "28"]}, {"date": "2021-07-18-22-00-00", "alternatives": ["58", "58", "28"]}, {"date": "2021-07-18-22-00-00", "alternatives": ["58", "58", "28"]}]}, {"location": {"country_code": "gt"}, "game_id": "273195", "values": [{"date": "2021-07-18-09-00-00", "alternatives": ["271", "271", "2771"]}]}, {"location": {"country_code": "es", "region": "Basque Country", "city": "Bilbao"}, "game_id": "273195", "values": [{"date": "2021-07-19-01-00-00", "alternatives": ["39", "39", "30"]}, {"date": "2021-07-19-01-00-00", "alternatives": ["39", "39", "30"]}, {"date": "2021-07-19-01-00-00", "alternatives": ["39", "39", "30"]}]}, {"location": {"country_code": "de", "region": "Baden-Wurttemberg"}, "game_id": "273195", "values": [{"date": "2021-07-19-00-00-00", "alternatives": ["1", "1", "14"]}, {"date": "2021-07-19-00-00-00", "alternatives": ["1", "1", "14"]}]}, {"location": {"country_code": "ru", "region": "Rostov Oblast", "city": "Rostov-on-Don"}, "game_id": "273195", "values": [{"date": "2021-07-18-18-00-00", "alternatives": ["12", "128", "12"]}, {"date": "2021-07-18-18-00-00", "alternatives": ["12", "128", "12"]}, {"date": "2021-07-18-18-00-00", "alternatives": ["12", "128", "12"]}, {"date": "2021-07-18-18-00-00", "alternatives": ["12", "128", "12"]}, {"date": "2021-07-18-18-00-00", "alternatives": ["12", "128", "12"]}, {"date": "2021-07-18-18-00-00", "alternatives": ["12", "128", "12"]}, {"date": "2021-07-18-18-00-00", "alternatives": ["12", "128", "12"]}, {"date": "2021-07-18-18-00-00", "alternatives": ["12", "128", "12"]}]}, {"location": {"country_code": "be", "region": "Liege Province", "city": "Liege"}, "game_id": "273195", "values": [{"date": "2021-07-18-12-00-00", "alternatives": ["2", "2", "25"]}]}, {"location": {"country_code": "ph", "region": "Cavite", "city": "Dasmarinas"}, "game_id": "273195", "values": [{"date": "2021-07-18-17-00-00", "alternatives": ["8", "58", "8"]}, {"date": "2021-07-18-17-00-00", "alternatives": ["8", "58", "8"]}, {"date": "2021-07-18-17-00-00", "alternatives": ["8", "58", "8"]}, {"date": "2021-07-18-17-00-00", "alternatives": ["8", "58", "8"]}, {"date": "2021-07-18-17-00-00", "alternatives": ["8", "58", "8"]}, {"date": "2021-07-18-17-00-00", "alternatives": ["8", "58", "8"]}, {"date": "2021-07-18-17-00-00", "alternatives": ["8", "58", "8"]}, {"date": "2021-07-18-17-00-00", "alternatives": ["8", "58", "8"]}]}, {"location": {"country_code": "ch", "region": "Canton of Zurich", "city": "Zurich"}, "game_id": "273195", "values": [{"date": "2021-07-18-20-00-00", "alternatives": ["8", "18", "8"]}, {"date": "2021-07-18-20-00-00", "alternatives": ["8", "18", "8"]}, {"date": "2021-07-18-20-00-00", "alternatives": ["8", "18", "8"]}, {"date": "2021-07-18-20-00-00", "alternatives": ["8", "18", "8"]}, {"date": "2021-07-18-20-00-00", "alternatives": ["8", "18", "8"]}, {"date": "2021-07-18-20-00-00", "alternatives": ["8", "18", "8"]}, {"date": "2021-07-18-20-00-00", "alternatives": ["8", "18", "8"]}]}, {"location": {"country_code": "us", "region": "Missouri", "city": "St. Louis"}, "game_id": "273195", "values": [{"date": "2021-07-18-21-00-00", "alternatives": ["1", "5", "5"]}, {"date": "2021-07-18-21-00-00", "alternatives": ["1", "5", "5"]}]}, {"location": {"country_code": "us", "region": "Tennessee", "city": "Nashville"}, "game_id": "273195", "values": [{"date": "2021-07-18-04-00-00", "alternatives": ["255", "255", "2955"]}, {"date": "2021-07-18-04-00-00", "alternatives": ["255", "255", "2955"]}, {"date": "2021-07-18-04-00-00", "alternatives": ["255", "255", "2955"]}]}, {"location": {"country_code": "fr", "region": "Nord-Passo di Calais-Piccardia", "city": "Lille"}, "game_id": "273195", "values": [{"date": "2021-07-18-10-00-00", "alternatives": ["19", "19", "18"]}, {"date": "2021-07-18-10-00-00", "alternatives": ["19", "19", "18"]}]}, {"location": {"country_code": "us", "region": "Washington", "city": "Seattle"}, "game_id": "273195", "values": [{"date": "2021-07-18-20-00-00", "alternatives": ["39", "39", "38"]}, {"date": "2021-07-18-20-00-00", "alternatives": ["39", "39", "38"]}, {"date": "2021-07-18-20-00-00", "alternatives": ["39", "39", "38"]}, {"date": "2021-07-18-20-00-00", "alternatives": ["39", "39", "38"]}, {"date": "2021-07-18-20-00-00", "alternatives": ["39", "39", "38"]}]}, {"location": {"country_code": "bg"}, "game_id": "273195", "values": [{"date": "2021-07-18-16-00-00", "alternatives": ["3", "37", "3"]}, {"date": "2021-07-18-16-00-00", "alternatives": ["3", "37", "3"]}, {"date": "2021-07-18-16-00-00", "alternatives": ["2", "27", "2"]}]}, {"location": {"country_code": "br", "region": "State of Rio de Janeiro", "city": "Barra Mansa"}, "game_id": "273195", "values": [{"date": "2021-07-18-18-00-00", "alternatives": ["2", "23", "2"]}, {"date": "2021-07-18-18-00-00", "alternatives": ["2", "23", "2"]}]}, {"location": {"country_code": "fr", "region": "Sent Martin de Miranas"}, "game_id": "273195", "values": [{"date": "2021-07-18-15-00-00", "alternatives": ["3", "3", "63"]}, {"date": "2021-07-18-15-00-00", "alternatives": ["3", "3", "63"]}]}, {"location": {"country_code": "es", "region": "Valencia", "city": "Orihuela"}, "game_id": "273195", "values": [{"date": "2021-07-18-23-00-00", "alternatives": ["3", "37", "3"]}, {"date": "2021-07-18-23-00-00", "alternatives": ["3", "37", "3"]}]}, {"location": {"country_code": "br", "region": "Santa Catarina"}, "game_id": "273195", "values": [{"date": "2021-07-18-07-00-00", "alternatives": ["1", "15", "1"]}, {"date": "2021-07-18-07-00-00", "alternatives": ["1", "15", "1"]}, {"date": "2021-07-18-07-00-00", "alternatives": ["1", "15", "1"]}, {"date": "2021-07-18-07-00-00", "alternatives": ["1", "15", "1"]}, {"date": "2021-07-18-05-00-00", "alternatives": ["4303", "43", "43"]}]}, {"location": {"country_code": "de", "region": "Bavaria", "city": "Munich"}, "game_id": "273195", "values": [{"date": "2021-07-19-00-00-00", "alternatives": ["2", "2", "12"]}, {"date": "2021-07-19-00-00-00", "alternatives": ["2", "2", "12"]}, {"date": "2021-07-19-00-00-00", "alternatives": ["2", "2", "12"]}]}, {"location": {"country_code": "us", "region": "Oregon", "city": "Portland"}, "game_id": "273195", "values": [{"date": "2021-07-18-09-00-00", "alternatives": ["5", "5", "50"]}, {"date": "2021-07-18-09-00-00", "alternatives": ["5", "5", "50"]}, {"date": "2021-07-18-09-00-00", "alternatives": ["5", "5", "50"]}, {"date": "2021-07-18-09-00-00", "alternatives": ["5", "5", "50"]}, {"date": "2021-07-18-09-00-00", "alternatives": ["5", "5", "50"]}, {"date": "2021-07-18-09-00-00", "alternatives": ["5", "5", "50"]}]}, {"location": {"country_code": "us", "region": "Iowa", "city": "West Des Moines"}, "game_id": "273195", "values": [{"date": "2021-07-18-09-00-00", "alternatives": ["29", "2910", "29"]}, {"date": "2021-07-18-09-00-00", "alternatives": ["29", "2910", "29"]}, {"date": "2021-07-18-09-00-00", "alternatives": ["29", "2910", "29"]}, {"date": "2021-07-18-09-00-00", "alternatives": ["29", "2910", "29"]}, {"date": "2021-07-18-09-00-00", "alternatives": ["29", "2910", "29"]}, {"date": "2021-07-18-09-00-00", "alternatives": ["29", "2910", "29"]}]}, {"location": {"country_code": "de", "region": "Saxony", "city": "Dresden"}, "game_id": "273195", "values": [{"date": "2021-07-18-14-00-00", "alternatives": ["2", "2", "21"]}, {"date": "2021-07-18-14-00-00", "alternatives": ["2", "2", "21"]}, {"date": "2021-07-18-14-00-00", "alternatives": ["2", "2", "21"]}, {"date": "2021-07-18-14-00-00", "alternatives": ["2", "2", "21"]}, {"date": "2021-07-18-14-00-00", "alternatives": ["2", "2", "21"]}, {"date": "2021-07-18-14-00-00", "alternatives": ["2", "2", "21"]}, {"date": "2021-07-18-14-00-00", "alternatives": ["2", "2", "21"]}, {"date": "2021-07-18-14-00-00", "alternatives": ["2", "2", "21"]}]}, {"location": {"country_code": "us", "region": "Louisiana"}, "game_id": "273195", "values": [{"date": "2021-07-18-23-00-00", "alternatives": ["481", "48", "48"]}, {"date": "2021-07-18-23-00-00", "alternatives": ["481", "48", "48"]}, {"date": "2021-07-18-23-00-00", "alternatives": ["481", "48", "48"]}, {"date": "2021-07-18-23-00-00", "alternatives": ["481", "48", "48"]}]}, {"location": {"country_code": "us", "region": "Arkansas"}, "game_id": "273195", "values": [{"date": "2021-07-18-22-00-00", "alternatives": ["29", "29", "20"]}]}, {"location": {"country_code": "jp", "region": "Osaka"}, "game_id": "273195", "values": [{"date": "2021-07-18-14-00-00", "alternatives": ["34", "34", "2"]}]}, {"location": {"country_code": "pt", "region": "Northern Mariana Islands", "city": "Porto"}, "game_id": "273195", "values": [{"date": "2021-07-19-01-00-00", "alternatives": ["4", "4", "44"]}, {"date": "2021-07-19-01-00-00", "alternatives": ["4", "4", "44"]}, {"date": "2021-07-19-01-00-00", "alternatives": ["4", "4", "44"]}, {"date": "2021-07-19-01-00-00", "alternatives": ["4", "4", "44"]}, {"date": "2021-07-19-01-00-00", "alternatives": ["4", "4", "44"]}, {"date": "2021-07-19-01-00-00", "alternatives": ["4", "4", "44"]}, {"date": "2021-07-19-01-00-00", "alternatives": ["4", "4", "44"]}, {"date": "2021-07-19-01-00-00", "alternatives": ["4", "4", "44"]}]}, {"location": {"country_code": "br", "region": "Sao Paulo", "city": "Piracicaba"}, "game_id": "273195", "values": [{"date": "2021-07-18-09-00-00", "alternatives": ["2", "2", "21"]}, {"date": "2021-07-18-09-00-00", "alternatives": ["2", "2", "21"]}, {"date": "2021-07-18-09-00-00", "alternatives": ["2", "2", "21"]}, {"date": "2021-07-18-09-00-00", "alternatives": ["2", "2", "21"]}, {"date": "2021-07-18-09-00-00", "alternatives": ["2", "2", "21"]}, {"date": "2021-07-18-09-00-00", "alternatives": ["2", "2", "21"]}, {"date": "2021-07-18-09-00-00", "alternatives": ["2", "2", "21"]}, {"date": "2021-07-18-09-00-00", "alternatives": ["2", "2", "21"]}, {"date": "2021-07-18-09-00-00", "alternatives": ["2", "2", "21"]}, {"date": "2021-07-18-09-00-00", "alternatives": ["2", "2", "21"]}, {"date": "2021-07-18-09-00-00", "alternatives": ["2", "2", "21"]}]}, {"location": {"country_code": "gb", "region": "Wales"}, "game_id": "273195", "values": [{"date": "2021-07-18-02-00-00", "alternatives": ["99", "99", "49"]}, {"date": "2021-07-18-21-00-00", "alternatives": ["39", "39", "38"]}, {"date": "2021-07-18-21-00-00", "alternatives": ["39", "39", "38"]}]}, {"location": {"country_code": "us", "region": "New York"}, "game_id": "273195", "values": [{"date": "2021-07-18-20-00-00", "alternatives": ["39", "89", "39"]}, {"date": "2021-07-18-20-00-00", "alternatives": ["39", "89", "39"]}]}, {"location": {"country_code": "se", "region": "Vastra Gotaland County", "city": "Gothenburg"}, "game_id": "273195", "values": [{"date": "2021-07-18-05-00-00", "alternatives": ["9", "27", "27"]}, {"date": "2021-07-18-05-00-00", "alternatives": ["9", "27", "27"]}, {"date": "2021-07-18-05-00-00", "alternatives": ["9", "27", "27"]}, {"date": "2021-07-18-05-00-00", "alternatives": ["9", "27", "27"]}, {"date": "2021-07-18-05-00-00", "alternatives": ["9", "27", "27"]}, {"date": "2021-07-18-05-00-00", "alternatives": ["9", "27", "27"]}, {"date": "2021-07-18-05-00-00", "alternatives": ["9", "27", "27"]}, {"date": "2021-07-18-05-00-00", "alternatives": ["9", "27", "27"]}]}, {"location": {"country_code": "br", "region": "Espirito Santo"}, "game_id": "273195", "values": [{"date": "2021-07-19-01-00-00", "alternatives": ["27", "27", "24171"]}, {"date": "2021-07-19-01-00-00", "alternatives": ["27", "27", "24171"]}, {"date": "2021-07-19-01-00-00", "alternatives": ["27", "27", "24171"]}]}, {"location": {"country_code": "bs"}, "game_id": "273195", "values": [{"date": "2021-07-18-21-00-00", "alternatives": ["8", "1", "1"]}, {"date": "2021-07-18-21-00-00", "alternatives": ["8", "1", "1"]}, {"date": "2021-07-18-21-00-00", "alternatives": ["8", "1", "1"]}, {"date": "2021-07-18-21-00-00", "alternatives": ["8", "1", "1"]}]}, {"location": {"country_code": "ir", "region": "Tehran Province", "city": "Tehran"}, "game_id": "273195", "values": [{"date": "2021-07-18-18-00-00", "alternatives": ["8", "87", "8"]}]}, {"location": {"country_code": "sa", "region": "Mecca Region", "city": "Jeddah"}, "game_id": "273195", "values": [{"date": "2021-07-18-03-00-00", "alternatives": ["4", "4", "7"]}, {"date": "2021-07-18-03-00-00", "alternatives": ["4", "4", "7"]}]}, {"location": {"country_code": "mx", "region": "Chihuahua"}, "game_id": "273195", "values": [{"date": "2021-07-18-02-00-00", "alternatives": ["6", "6", "62"]}]}, {"location": {"country_code": "tr", "region": "Ic Anadolu Bolgesi", "city": "Ankara"}, "game_id": "273195", "values": [{"date": "2021-07-18-14-00-00", "alternatives": ["69", "69", "59"]}, {"date": "2021-07-18-14-00-00", "alternatives": ["69", "69", "59"]}, {"date": "2021-07-18-14-00-00", "alternatives": ["69", "69", "59"]}]}, {"location": {"country_code": "jo"}, "game_id": "273195", "values": [{"date": "2021-07-18-04-00-00", "alternatives": ["5", "5", "51"]}, {"date": "2021-07-18-04-00-00", "alternatives": ["5", "5", "51"]}, {"date": "2021-07-18-04-00-00", "alternatives": ["5", "5", "51"]}, {"date": "2021-07-18-04-00-00", "alternatives": ["5", "5", "51"]}, {"date": "2021-07-18-04-00-00", "alternatives": ["5", "5", "51"]}, {"date": "2021-07-18-04-00-00", "alternatives": ["5", "5", "51"]}]}, {"location": {"country_code": "ar", "region": "Santa Fe Province"}, "game_id": "273195", "values": [{"date": "2021-07-18-03-00-00", "alternatives": ["41", "9", "41"]}, {"date": "2021-07-18-03-00-00", "alternatives": ["41", "9", "41"]}, {"date": "2021-07-18-03-00-00", "alternatives": ["41", "9", "41"]}, {"date": "2021-07-18-03-00-00", "alternatives": ["41", "9", "41"]}]}, {"location": {"country_code": "gb", "region": "England", "city": "Newcastle upon Tyne"}, "game_id": "273195", "values": [{"date": "2021-07-18-19-00-00", "alternatives": ["1140", "114", "114"]}, {"date": "2021-07-18-19-00-00", "alternatives": ["1140", "114", "114"]}, {"date": "2021-07-18-19-00-00", "alternatives": ["1140", "114", "114"]}]}, {"location": {"country_code": "jp", "region": "Kyoto"}, "game_id": "273195", "values": [{"date": "2021-07-18-08-00-00", "alternatives": ["4", "44", "4"]}, {"date": "2021-07-18-08-00-00", "alternatives": ["4", "44", "4"]}, {"date": "2021-07-18-08-00-00", "alternatives": ["4", "44", "4"]}, {"date": "2021-07-18-08-00-00", "alternatives": ["4", "44", "4"]}, {"date": "2021-07-18-08-00-00", "alternatives": ["4", "44", "4"]}, {"date": "2021-07-18-08-00-00", "alternatives": ["4", "44", "4"]}]}, {"location": {"country_code": "br", "region": "Ceara"}, "game_id": "273195", "values": [{"date": "2021-07-18-04-00-00", "alternatives": ["546", "54", "54"]}, {"date": "2021-07-18-04-00-00", "alternatives": ["546", "54", "54"]}, {"date": "2021-07-18-04-00-00", "alternatives": ["546", "54", "54"]}, {"date": "2021-07-18-04-00-00", "alternatives": ["546", "54", "54"]}, {"date": "2021-07-18-04-00-00", "alternatives": ["546", "54", "54"]}]}, {"location": {"country_code": "us", "region": "California", "city": "Modesto"}, "game_id": "273195", "values": [{"date": "2021-07-18-21-00-00", "alternatives": ["6", "6", "65"]}, {"date": "2021-07-18-21-00-00", "alternatives": ["6", "6", "65"]}, {"date": "2021-07-18-21-00-00", "alternatives": ["6", "6", "65"]}, {"date": "2021-07-18-21-00-00", "alternatives": ["6", "6", "65"]}, {"date": "2021-07-18-21-00-00", "alternatives": ["6", "6", "65"]}, {"date": "2021-07-18-21-00-00", "alternatives": ["6", "6", "65"]}]}, {"location": {"country_code": "bg", "region": "Sofia-Capital", "city": "Sofia"}, "game_id": "273195", "values": [{"date": "2021-07-19-02-00-00", "alternatives": ["9", "32", "32"]}, {"date": "2021-07-19-02-00-00", "alternatives": ["9", "32", "32"]}, {"date": "2021-07-19-02-00-00", "alternatives": ["9", "32", "32"]}, {"date": "2021-07-19-02-00-00", "alternatives": ["9", "32", "32"]}, {"date": "2021-07-19-02-00-00", "alternatives": ["9", "32", "32"]}, {"date": "2021-07-19-02-00-00", "alternatives": ["9", "32", "32"]}, {"date": "2021-07-19-02-00-00", "alternatives": ["9", "32", "32"]}, {"date": "2021-07-19-02-00-00", "alternatives": ["9", "32", "32"]}]}, {"location": {"country_code": "ro", "region": "Iasi County"}, "game_id": "273195", "values": [{"date": "2021-07-18-19-00-00", "alternatives": ["41", "9", "41"]}, {"date": "2021-07-18-19-00-00", "alternatives": ["41", "9", "41"]}, {"date": "2021-07-18-19-00-00", "alternatives": ["41", "9", "41"]}, {"date": "2021-07-18-19-00-00", "alternatives": ["41", "9", "41"]}, {"date": "2021-07-18-19-00-00", "alternatives": ["41", "9", "41"]}, {"date": "2021-07-18-19-00-00", "alternatives": ["41", "9", "41"]}, {"date": "2021-07-18-19-00-00", "alternatives": ["41", "9", "41"]}]}, {"location": {"country_code": "us", "region": "California", "city": "Palmdale"}, "game_id": "273195", "values": [{"date": "2021-07-18-20-00-00", "alternatives": ["485", "48", "48"]}]}, {"location": {"country_code": "us", "region": "Missouri", "city": "Columbia"}, "game_id": "273195", "values": [{"date": "2021-07-18-11-00-00", "alternatives": ["30", "230", "30"]}, {"date": "2021-07-18-11-00-00", "alternatives": ["30", "230", "30"]}, {"date": "2021-07-18-11-00-00", "alternatives": ["30", "230", "30"]}, {"date": "2021-07-18-11-00-00", "alternatives": ["30", "230", "30"]}, {"date": "2021-07-18-11-00-00", "alternatives": ["30", "230", "30"]}, {"date": "2021-07-18-11-00-00", "alternatives": ["30", "230", "30"]}, {"date": "2021-07-18-11-00-00", "alternatives": ["30", "230", "30"]}, {"date": "2021-07-18-11-00-00", "alternatives": ["30", "230", "30"]}]}, {"location": {"country_code": "il"}, "game_id": "273195", "values": [{"date": "2021-07-18-16-00-00", "alternatives": ["75", "75", "79"]}]}, {"location": {"country_code": "ca", "region": "Alberta", "city": "Lethbridge"}, "game_id": "273195", "values": [{"date": "2021-07-18-22-00-00", "alternatives": ["72", "72", "12"]}]}, {"location": {"country_code": "fr", "region": "Nord-Passo di Calais-Piccardia", "city": "Saint-Pol-sur-Ternoise"}, "game_id": "273195", "values": [{"date": "2021-07-19-00-00-00", "alternatives": ["4", "14", "4"]}, {"date": "2021-07-19-00-00-00", "alternatives": ["4", "14", "4"]}]}, {"location": {"country_code": "pt", "region": "Azores"}, "game_id": "273195", "values": [{"date": "2021-07-18-23-00-00", "alternatives": ["65", "65", "63"]}, {"date": "2021-07-18-23-00-00", "alternatives": ["65", "65", "63"]}, {"date": "2021-07-19-00-00-00", "alternatives": ["52", "52", "22"]}, {"date": "2021-07-19-00-00-00", "alternatives": ["52", "52", "22"]}, {"date": "2021-07-19-00-00-00", "alternatives": ["52", "52", "22"]}, {"date": "2021-07-19-00-00-00", "alternatives": ["52", "52", "22"]}, {"date": "2021-07-19-00-00-00", "alternatives": ["52", "52", "22"]}, {"date": "2021-07-19-00-00-00", "alternatives": ["52", "52", "22"]}, {"date": "2021-07-19-00-00-00", "alternatives": ["52", "52", "22"]}, {"date": "2021-07-19-00-00-00", "alternatives": ["52", "52", "22"]}, {"date": "2021-07-19-00-00-00", "alternatives": ["52", "52", "22"]}, {"date": "2021-07-19-00-00-00", "alternatives": ["52", "52", "22"]}, {"date": "2021-07-19-00-00-00", "alternatives": ["52", "52", "22"]}]}, {"location": {"country_code": "gb", "region": "Scotland", "city": "Perth"}, "game_id": "273195", "values": [{"date": "2021-07-18-15-00-00", "alternatives": ["42", "121", "42"]}]}, {"location": {"country_code": "ar", "region": "Buenos Aires", "city": "Punta Alta"}, "game_id": "273195", "values": [{"date": "2021-07-18-10-00-00", "alternatives": ["53", "3", "3"]}, {"date": "2021-07-18-10-00-00", "alternatives": ["53", "3", "3"]}, {"date": "2021-07-18-10-00-00", "alternatives": ["53", "3", "3"]}]}, {"location": {"country_code": "us", "region": "New York", "city": "Niagara Falls"}, "game_id": "273195", "values": [{"date": "2021-07-18-06-00-00", "alternatives": ["1", "5", "5"]}, {"date": "2021-07-18-06-00-00", "alternatives": ["1", "5", "5"]}, {"date": "2021-07-18-06-00-00", "alternatives": ["1", "5", "5"]}, {"date": "2021-07-18-06-00-00", "alternatives": ["1", "5", "5"]}, {"date": "2021-07-18-06-00-00", "alternatives": ["1", "5", "5"]}, {"date": "2021-07-18-06-00-00", "alternatives": ["1", "5", "5"]}]}, {"location": {"country_code": "ca", "region": "Ontario", "city": "Kingston"}, "game_id": "273195", "values": [{"date": "2021-07-18-08-00-00", "alternatives": ["4", "30", "4"]}, {"date": "2021-07-18-08-00-00", "alternatives": ["4", "30", "4"]}, {"date": "2021-07-18-08-00-00", "alternatives": ["4", "30", "4"]}, {"date": "2021-07-18-08-00-00", "alternatives": ["4", "30", "4"]}, {"date": "2021-07-18-08-00-00", "alternatives": ["4", "30", "4"]}]}, {"location": {"country_code": "pt", "region": "Azores", "city": "Praia da Vitoria"}, "game_id": "273195", "values": [{"date": "2021-07-19-00-00-00", "alternatives": ["59", "59", "50"]}]}, {"location": {"country_code": "us", "region": "California", "city": "Hayward"}, "game_id": "273195", "values": [{"date": "2021-07-18-13-00-00", "alternatives": ["2", "27018", "2"]}, {"date": "2021-07-18-13-00-00", "alternatives": ["2", "27018", "2"]}]}, {"location": {"country_code": "fr", "region": "Corsica", "city": "Ajaccio"}, "game_id": "273195", "values": [{"date": "2021-07-18-19-00-00", "alternatives": ["6", "1", "6"]}, {"date": "2021-07-18-19-00-00", "alternatives": ["6", "1", "6"]}, {"date": "2021-07-18-19-00-00", "alternatives": ["6", "1", "6"]}, {"date": "2021-07-18-19-00-00", "alternatives": ["6", "1", "6"]}, {"date": "2021-07-18-19-00-00", "alternatives": ["6", "1", "6"]}, {"date": "2021-07-18-19-00-00", "alternatives": ["6", "1", "6"]}, {"date": "2021-07-18-19-00-00", "alternatives": ["6", "1", "6"]}, {"date": "2021-07-18-19-00-00", "alternatives": ["6", "1", "6"]}, {"date": "2021-07-18-19-00-00", "alternatives": ["6", "1", "6"]}]}, {"location": {"country_code": "uy", "region": "Paysandu Department", "city": "Paysandu"}, "game_id": "273195", "values": [{"date": "2021-07-19-00-00-00", "alternatives": ["4", "47", "4"]}]}, {"location": {"country_code": "ca", "region": "British Columbia", "city": "Nanaimo"}, "game_id": "273195", "values": [{"date": "2021-07-18-03-00-00", "alternatives": ["61", "6", "6"]}, {"date": "2021-07-18-03-00-00", "alternatives": ["61", "6", "6"]}]}, {"location": {"country_code": "de", "region": "Hesse", "city": "Bad Endbach"}, "game_id": "273195", "values": [{"date": "2021-07-18-21-00-00", "alternatives": ["14", "505", "14"]}, {"date": "2021-07-18-21-00-00", "alternatives": ["14", "505", "14"]}, {"date": "2021-07-18-21-00-00", "alternatives": ["14", "505", "14"]}, {"date": "2021-07-18-21-00-00", "alternatives": ["14", "505", "14"]}, {"date": "2021-07-18-21-00-00", "alternatives": ["14", "505", "14"]}, {"date": "2021-07-18-21-00-00", "alternatives": ["14", "505", "14"]}, {"date": "2021-07-18-21-00-00", "alternatives": ["14", "505", "14"]}, {"date": "2021-07-18-21-00-00", "alternatives": ["14", "505", "14"]}]}, {"location": {"country_code": "br", "region": "Parana", "city": "Sao Jose dos Pinhais"}, "game_id": "273195", "values": [{"date": "2021-07-19-02-00-00", "alternatives": ["21", "2", "2"]}, {"date": "2021-07-19-02-00-00", "alternatives": ["21", "2", "2"]}, {"date": "2021-07-19-02-00-00", "alternatives": ["21", "2", "2"]}, {"date": "2021-07-19-02-00-00", "alternatives": ["21", "2", "2"]}, {"date": "2021-07-19-02-00-00", "alternatives": ["21", "2", "2"]}, {"date": "2021-07-19-02-00-00", "alternatives": ["21", "2", "2"]}, {"date": "2021-07-19-02-00-00", "alternatives": ["21", "2", "2"]}]}, {"location": {"country_code": "ae", "region": "Abu Dhabi Emirate", "city": "Abu Dhabi"}, "game_id": "273195", "values": [{"date": "2021-07-18-23-00-00", "alternatives": ["1320", "132", "132"]}, {"date": "2021-07-18-23-00-00", "alternatives": ["1320", "132", "132"]}, {"date": "2021-07-18-23-00-00", "alternatives": ["1320", "132", "132"]}, {"date": "2021-07-18-23-00-00", "alternatives": ["1320", "132", "132"]}, {"date": "2021-07-18-23-00-00", "alternatives": ["1320", "132", "132"]}, {"date": "2021-07-18-23-00-00", "alternatives": ["1320", "132", "132"]}, {"date": "2021-07-18-23-00-00", "alternatives": ["1320", "132", "132"]}, {"date": "2021-07-18-23-00-00", "alternatives": ["1320", "132", "132"]}, {"date": "2021-07-18-23-00-00", "alternatives": ["1320", "132", "132"]}, {"date": "2021-07-18-23-00-00", "alternatives": ["1320", "132", "132"]}, {"date": "2021-07-18-23-00-00", "alternatives": ["1320", "132", "132"]}, {"date": "2021-07-18-23-00-00", "alternatives": ["1320", "132", "132"]}, {"date": "2021-07-18-23-00-00", "alternatives": ["1320", "132", "132"]}, {"date": "2021-07-18-23-00-00", "alternatives": ["1320", "132", "132"]}, {"date": "2021-07-18-23-00-00", "alternatives": ["1320", "132", "132"]}, {"date": "2021-07-18-23-00-00", "alternatives": ["1320", "132", "132"]}, {"date": "2021-07-18-23-00-00", "alternatives": ["1320", "132", "132"]}, {"date": "2021-07-18-23-00-00", "alternatives": ["1320", "132", "132"]}, {"date": "2021-07-18-23-00-00", "alternatives": ["1320", "132", "132"]}]}, {"location": {"country_code": "de", "region": "Bavaria", "city": "Selach"}, "game_id": "273195", "values": [{"date": "2021-07-19-00-00-00", "alternatives": ["16", "18", "18"]}]}, {"location": {"country_code": "ca", "region": "British Columbia", "city": "Burnaby"}, "game_id": "273195", "values": [{"date": "2021-07-18-10-00-00", "alternatives": ["8", "8", "28"]}, {"date": "2021-07-18-10-00-00", "alternatives": ["8", "8", "28"]}]}, {"location": {"country_code": "br", "region": "Parana", "city": "Sao Jeronimo da Serra"}, "game_id": "273195", "values": [{"date": "2021-07-18-06-00-00", "alternatives": ["9", "9", "167"]}, {"date": "2021-07-18-06-00-00", "alternatives": ["9", "9", "167"]}, {"date": "2021-07-18-06-00-00", "alternatives": ["9", "9", "167"]}]}, {"location": {"country_code": "us", "region": "California", "city": "Ramona"}, "game_id": "273195", "values": [{"date": "2021-07-18-09-00-00", "alternatives": ["491", "45", "45"]}]}, {"location": {"country_code": "br", "region": "Espirito Santo", "city": "Marataizes"}, "game_id": "273195", "values": [{"date": "2021-07-18-22-00-00", "alternatives": ["1", "000", "1"]}, {"date": "2021-07-18-22-00-00", "alternatives": ["1", "000", "1"]}, {"date": "2021-07-18-22-00-00", "alternatives": ["1", "000", "1"]}, {"date": "2021-07-18-22-00-00", "alternatives": ["1", "000", "1"]}]}, {"location": {"country_code": "br", "region": "Santa Catarina", "city": "Criciuma"}, "game_id": "273195", "values": [{"date": "2021-07-19-02-00-00", "alternatives": ["1", "8", "1"]}, {"date": "2021-07-19-02-00-00", "alternatives": ["1", "8", "1"]}, {"date": "2021-07-19-02-00-00", "alternatives": ["1", "8", "1"]}, {"date": "2021-07-19-02-00-00", "alternatives": ["1", "8", "1"]}, {"date": "2021-07-19-02-00-00", "alternatives": ["1", "8", "1"]}, {"date": "2021-07-19-02-00-00", "alternatives": ["1", "8", "1"]}]}, {"location": {"country_code": "us", "region": "Montana", "city": "Polson"}, "game_id": "273195", "values": [{"date": "2021-07-19-01-00-00", "alternatives": ["62", "6205", "62"]}]}, {"location": {"country_code": "us", "region": "California", "city": "Petaluma"}, "game_id": "273195", "values": [{"date": "2021-07-18-09-00-00", "alternatives": ["53", "53", "93"]}, {"date": "2021-07-18-09-00-00", "alternatives": ["53", "53", "93"]}, {"date": "2021-07-18-09-00-00", "alternatives": ["53", "53", "93"]}, {"date": "2021-07-18-09-00-00", "alternatives": ["53", "53", "93"]}, {"date": "2021-07-18-09-00-00", "alternatives": ["53", "53", "93"]}, {"date": "2021-07-18-09-00-00", "alternatives": ["53", "53", "93"]}, {"date": "2021-07-18-09-00-00", "alternatives": ["53", "53", "93"]}, {"date": "2021-07-18-09-00-00", "alternatives": ["53", "53", "93"]}]}, {"location": {"country_code": "us", "region": "Ohio", "city": "Etna"}, "game_id": "273195", "values": [{"date": "2021-07-18-15-00-00", "alternatives": ["3", "37", "3"]}, {"date": "2021-07-18-15-00-00", "alternatives": ["3", "37", "3"]}]}, {"location": {"country_code": "us", "region": "New York", "city": "South Valley Stream"}, "game_id": "273195", "values": [{"date": "2021-07-18-08-00-00", "alternatives": ["85", "3", "3"]}, {"date": "2021-07-18-08-00-00", "alternatives": ["85", "3", "3"]}, {"date": "2021-07-18-08-00-00", "alternatives": ["85", "3", "3"]}, {"date": "2021-07-18-08-00-00", "alternatives": ["85", "3", "3"]}, {"date": "2021-07-18-08-00-00", "alternatives": ["85", "3", "3"]}, {"date": "2021-07-18-08-00-00", "alternatives": ["85", "3", "3"]}]}, {"location": {"country_code": "ph", "region": "Cagayan Valley", "city": "Solana"}, "game_id": "273195", "values": [{"date": "2021-07-18-05-00-00", "alternatives": ["4873", "48", "48"]}]}, {"location": {"country_code": "us", "region": "New Jersey", "city": "Bloomingdale"}, "game_id": "273195", "values": [{"date": "2021-07-18-13-00-00", "alternatives": ["39", "39", "38"]}]}, {"location": {"country_code": "gb", "region": "England", "city": "Chester"}, "game_id": "273195", "values": [{"date": "2021-07-18-12-00-00", "alternatives": ["2", "27", "2"]}]}, {"location": {"country_code": "br", "region": "Estado de Bahia", "city": "Retirolandia"}, "game_id": "273195", "values": [{"date": "2021-07-18-22-00-00", "alternatives": ["3", "3", "31"]}, {"date": "2021-07-18-22-00-00", "alternatives": ["3", "3", "31"]}, {"date": "2021-07-18-22-00-00", "alternatives": ["3", "3", "31"]}, {"date": "2021-07-18-22-00-00", "alternatives": ["3", "3", "31"]}]}, {"location": {"country_code": "ru", "region": "Samara Oblast", "city": "Togliatti"}, "game_id": "273195", "values": [{"date": "2021-07-18-13-00-00", "alternatives": ["6", "56", "6"]}, {"date": "2021-07-18-13-00-00", "alternatives": ["6", "56", "6"]}, {"date": "2021-07-18-13-00-00", "alternatives": ["6", "56", "6"]}, {"date": "2021-07-18-13-00-00", "alternatives": ["6", "56", "6"]}, {"date": "2021-07-18-13-00-00", "alternatives": ["6", "56", "6"]}]}, {"location": {"country_code": "no", "region": "Mre og Romsdal", "city": "Kristiansund"}, "game_id": "273195", "values": [{"date": "2021-07-18-23-00-00", "alternatives": ["31", "3", "3"]}, {"date": "2021-07-18-23-00-00", "alternatives": ["31", "3", "3"]}, {"date": "2021-07-18-23-00-00", "alternatives": ["31", "3", "3"]}, {"date": "2021-07-18-23-00-00", "alternatives": ["31", "3", "3"]}, {"date": "2021-07-18-23-00-00", "alternatives": ["31", "3", "3"]}, {"date": "2021-07-18-23-00-00", "alternatives": ["31", "3", "3"]}, {"date": "2021-07-18-23-00-00", "alternatives": ["31", "3", "3"]}, {"date": "2021-07-18-23-00-00", "alternatives": ["31", "3", "3"]}, {"date": "2021-07-18-23-00-00", "alternatives": ["31", "3", "3"]}, {"date": "2021-07-18-23-00-00", "alternatives": ["31", "3", "3"]}, {"date": "2021-07-18-23-00-00", "alternatives": ["31", "3", "3"]}, {"date": "2021-07-18-23-00-00", "alternatives": ["31", "3", "3"]}, {"date": "2021-07-18-23-00-00", "alternatives": ["31", "3", "3"]}, {"date": "2021-07-18-23-00-00", "alternatives": ["31", "3", "3"]}, {"date": "2021-07-18-23-00-00", "alternatives": ["31", "3", "3"]}]}, {"location": {"country_code": "br", "region": "Santa Catarina", "city": "Presidente Getulio"}, "game_id": "273195", "values": [{"date": "2021-07-19-02-00-00", "alternatives": ["7", "7", "17"]}, {"date": "2021-07-19-02-00-00", "alternatives": ["7", "7", "17"]}, {"date": "2021-07-19-02-00-00", "alternatives": ["7", "7", "17"]}, {"date": "2021-07-19-02-00-00", "alternatives": ["7", "7", "17"]}, {"date": "2021-07-19-02-00-00", "alternatives": ["7", "7", "17"]}, {"date": "2021-07-19-02-00-00", "alternatives": ["7", "7", "17"]}, {"date": "2021-07-19-02-00-00", "alternatives": ["7", "7", "17"]}, {"date": "2021-07-19-02-00-00", "alternatives": ["7", "7", "17"]}, {"date": "2021-07-19-02-00-00", "alternatives": ["7", "7", "17"]}, {"date": "2021-07-19-02-00-00", "alternatives": ["7", "7", "17"]}]}, {"location": {"country_code": "us", "region": "California", "city": "Pico Rivera"}, "game_id": "273195", "values": [{"date": "2021-07-18-05-00-00", "alternatives": ["6", "9", "6"]}, {"date": "2021-07-18-05-00-00", "alternatives": ["6", "9", "6"]}, {"date": "2021-07-18-05-00-00", "alternatives": ["6", "9", "6"]}, {"date": "2021-07-18-05-00-00", "alternatives": ["6", "9", "6"]}, {"date": "2021-07-18-05-00-00", "alternatives": ["6", "9", "6"]}, {"date": "2021-07-18-05-00-00", "alternatives": ["6", "9", "6"]}, {"date": "2021-07-18-05-00-00", "alternatives": ["6", "9", "6"]}, {"date": "2021-07-18-05-00-00", "alternatives": ["6", "9", "6"]}, {"date": "2021-07-18-05-00-00", "alternatives": ["6", "9", "6"]}, {"date": "2021-07-18-05-00-00", "alternatives": ["6", "9", "6"]}]}, {"location": {"country_code": "fr", "region": "Aquitania-Limosino-Poitou-Charentes", "city": "Aire-sur-l'Adour"}, "game_id": "273195", "values": [{"date": "2021-07-19-00-00-00", "alternatives": ["3", "37", "3"]}, {"date": "2021-07-19-00-00-00", "alternatives": ["3", "37", "3"]}]}, {"location": {"country_code": "br", "region": "Espirito Santo", "city": "Ibatiba"}, "game_id": "273195", "values": [{"date": "2021-07-19-02-00-00", "alternatives": ["6", "1", "6"]}, {"date": "2021-07-19-02-00-00", "alternatives": ["6", "1", "6"]}]}], "last_updated": 1719917648.792763}