{"data": [{"location": {"country_code": "cu"}, "game_id": "118849", "values": [{"date": "2023-10-06-20-00-00", "latency": 0}, {"date": "2023-10-06-20-00-00", "latency": 0}]}, {"location": {"country_code": "us"}, "game_id": "118849", "values": [{"date": "2023-10-06-17-00-00", "latency": 5}, {"date": "2023-10-06-17-00-00", "latency": 5}]}, {"location": {"country_code": "gb"}, "game_id": "118849", "values": [{"date": "2023-10-07-00-00-00", "latency": 3}, {"date": "2023-10-07-00-00-00", "latency": 3}, {"date": "2023-10-06-22-00-00", "latency": 2}]}, {"location": {"country_code": "it"}, "game_id": "118849", "values": [{"date": "2023-10-07-01-00-00", "latency": 21544}, {"date": "2023-10-07-01-00-00", "latency": 21544}, {"date": "2023-10-07-01-00-00", "latency": 21544}, {"date": "2023-10-07-01-00-00", "latency": 21544}]}, {"location": {"country_code": "jp"}, "game_id": "118849", "values": [{"date": "2023-10-06-15-00-00", "latency": 1}, {"date": "2023-10-06-21-00-00", "latency": 28}, {"date": "2023-10-06-21-00-00", "latency": 28}, {"date": "2023-10-06-21-00-00", "latency": 28}, {"date": "2023-10-06-21-00-00", "latency": 28}]}, {"location": {"country_code": "ca"}, "game_id": "118849", "values": [{"date": "2023-10-06-04-00-00", "latency": 3}]}, {"location": {"country_code": "ch"}, "game_id": "118849", "values": [{"date": "2023-10-06-15-00-00", "latency": 1}, {"date": "2023-10-06-15-00-00", "latency": 1}]}, {"location": {"country_code": "cl"}, "game_id": "118849", "values": [{"date": "2023-10-07-01-00-00", "latency": 9}, {"date": "2023-10-06-03-00-00", "latency": 44}, {"date": "2023-10-06-03-00-00", "latency": 44}]}, {"location": {"country_code": "us", "region": "Florida"}, "game_id": "118849", "values": [{"date": "2023-10-06-22-00-00", "latency": 12}]}, {"location": {"country_code": "ph"}, "game_id": "118849", "values": [{"date": "2023-10-06-10-00-00", "latency": 1}, {"date": "2023-10-06-10-00-00", "latency": 1}]}, {"location": {"country_code": "fr"}, "game_id": "118849", "values": [{"date": "2023-10-06-20-00-00", "latency": 1}, {"date": "2023-10-06-20-00-00", "latency": 1}]}, {"location": {"country_code": "mx"}, "game_id": "118849", "values": [{"date": "2023-10-06-07-00-00", "latency": 3}, {"date": "2023-10-07-00-00-00", "latency": 77}, {"date": "2023-10-07-00-00-00", "latency": 77}]}, {"location": {"country_code": "mx", "region": "Mexico City"}, "game_id": "118849", "values": [{"date": "2023-10-06-07-00-00", "latency": 8}]}, {"location": {"country_code": "us", "region": "California"}, "game_id": "118849", "values": [{"date": "2023-10-06-06-00-00", "latency": 15}]}, {"location": {"country_code": "br"}, "game_id": "118849", "values": [{"date": "2023-10-07-01-00-00", "latency": 91}, {"date": "2023-10-06-12-00-00", "latency": 4}]}, {"location": {"country_code": "no"}, "game_id": "118849", "values": [{"date": "2023-10-06-16-00-00", "latency": 7}, {"date": "2023-10-06-16-00-00", "latency": 7}]}, {"location": {"country_code": "us", "region": "California", "city": "East Los Angeles"}, "game_id": "118849", "values": [{"date": "2023-10-06-19-00-00", "latency": 228}]}, {"location": {"country_code": "ec"}, "game_id": "118849", "values": [{"date": "2023-10-06-23-00-00", "latency": 2}]}, {"location": {"country_code": "au"}, "game_id": "118849", "values": [{"date": "2023-10-06-12-00-00", "latency": 3}]}, {"location": {"country_code": "au", "region": "Queensland", "city": "Brisbane"}, "game_id": "118849", "values": [{"date": "2023-10-06-18-00-00", "latency": 2}]}, {"location": {"country_code": "au", "region": "Victoria", "city": "Melbourne"}, "game_id": "118849", "values": [{"date": "2023-10-07-01-00-00", "latency": 2}]}, {"location": {"country_code": "dk"}, "game_id": "118849", "values": [{"date": "2023-10-06-23-00-00", "latency": 0}]}, {"location": {"country_code": "tr"}, "game_id": "118849", "values": [{"date": "2023-10-06-22-00-00", "latency": 4}, {"date": "2023-10-06-22-00-00", "latency": 48}, {"date": "2023-10-06-05-00-00", "latency": 104}, {"date": "2023-10-06-05-00-00", "latency": 104}, {"date": "2023-10-06-05-00-00", "latency": 104}]}, {"location": {"country_code": "tr", "region": "Ege Bolgesi"}, "game_id": "118849", "values": [{"date": "2023-10-06-23-00-00", "latency": 7}]}, {"location": {"country_code": "kr"}, "game_id": "118849", "values": [{"date": "2023-10-06-13-00-00", "latency": 0}]}, {"location": {"country_code": "es"}, "game_id": "118849", "values": [{"date": "2023-10-06-21-00-00", "latency": 3}]}, {"location": {"country_code": "ar"}, "game_id": "118849", "values": [{"date": "2023-10-06-04-00-00", "latency": 77}, {"date": "2023-10-06-04-00-00", "latency": 77}, {"date": "2023-10-06-06-00-00", "latency": 2}]}, {"location": {"country_code": "us", "region": "Hawaii"}, "game_id": "118849", "values": [{"date": "2023-10-06-09-00-00", "latency": 10}, {"date": "2023-10-06-09-00-00", "latency": 1}, {"date": "2023-10-06-09-00-00", "latency": 1}]}, {"location": {"country_code": "ru", "region": "Moscow", "city": "Zelenograd"}, "game_id": "118849", "values": [{"date": "2023-10-06-21-00-00", "latency": 30}, {"date": "2023-10-06-21-00-00", "latency": 30}, {"date": "2023-10-06-21-00-00", "latency": 30}]}, {"location": {"country_code": "ar", "region": "Buenos Aires"}, "game_id": "118849", "values": [{"date": "2023-10-07-02-00-00", "latency": 5}]}, {"location": {"country_code": "us", "region": "Virginia"}, "game_id": "118849", "values": [{"date": "2023-10-06-05-00-00", "latency": 1}, {"date": "2023-10-06-05-00-00", "latency": 1}, {"date": "2023-10-06-05-00-00", "latency": 1}, {"date": "2023-10-06-06-00-00", "latency": 72}, {"date": "2023-10-06-06-00-00", "latency": 72}]}, {"location": {"country_code": "us", "region": "California", "city": "Chula Vista"}, "game_id": "118849", "values": [{"date": "2023-10-07-01-00-00", "latency": 1}, {"date": "2023-10-07-01-00-00", "latency": 1}]}, {"location": {"country_code": "cn"}, "game_id": "118849", "values": [{"date": "2023-10-06-07-00-00", "latency": 3}, {"date": "2023-10-06-07-00-00", "latency": 3}]}, {"location": {"country_code": "pl"}, "game_id": "118849", "values": [{"date": "2023-10-06-18-00-00", "latency": 48}, {"date": "2023-10-06-18-00-00", "latency": 48}, {"date": "2023-10-06-18-00-00", "latency": 48}]}, {"location": {"country_code": "pe"}, "game_id": "118849", "values": [{"date": "2023-10-06-23-00-00", "latency": 6}, {"date": "2023-10-06-23-00-00", "latency": 6}, {"date": "2023-10-06-23-00-00", "latency": 6}]}, {"location": {"country_code": "ca", "region": "Ontario", "city": "Toronto"}, "game_id": "118849", "values": [{"date": "2023-10-06-04-00-00", "latency": 7}, {"date": "2023-10-07-01-00-00", "latency": 1}]}, {"location": {"country_code": "ru"}, "game_id": "118849", "values": [{"date": "2023-10-06-21-00-00", "latency": 31}, {"date": "2023-10-06-21-00-00", "latency": 31}]}, {"location": {"country_code": "my"}, "game_id": "118849", "values": [{"date": "2023-10-06-18-00-00", "latency": 0}, {"date": "2023-10-06-18-00-00", "latency": 0}]}, {"location": {"country_code": "mx", "region": "Nuevo Leon", "city": "Monterrey"}, "game_id": "118849", "values": [{"date": "2023-10-06-04-00-00", "latency": 4}]}, {"location": {"country_code": "au", "region": "Western Australia", "city": "Perth"}, "game_id": "118849", "values": [{"date": "2023-10-06-15-00-00", "latency": 7}]}, {"location": {"country_code": "us", "region": "Colorado", "city": "Denver"}, "game_id": "118849", "values": [{"date": "2023-10-06-04-00-00", "latency": 37}]}, {"location": {"country_code": "ar", "region": "Buenos Aires", "city": "Mar del Plata"}, "game_id": "118849", "values": [{"date": "2023-10-06-20-00-00", "latency": 0}]}, {"location": {"country_code": "mx", "region": "Jalisco", "city": "Guadalajara"}, "game_id": "118849", "values": [{"date": "2023-10-06-06-00-00", "latency": 6}]}, {"location": {"country_code": "br", "region": "Ceara", "city": "Itapipoca"}, "game_id": "118849", "values": [{"date": "2023-10-06-18-00-00", "latency": 1}, {"date": "2023-10-06-18-00-00", "latency": 1}]}, {"location": {"country_code": "lt"}, "game_id": "118849", "values": [{"date": "2023-10-06-13-00-00", "latency": 9}]}, {"location": {"country_code": "es", "region": "Madrid"}, "game_id": "118849", "values": [{"date": "2023-10-07-00-00-00", "latency": 2}]}, {"location": {"country_code": "us", "region": "Washington", "city": "Seattle"}, "game_id": "118849", "values": [{"date": "2023-10-07-02-00-00", "latency": 6}, {"date": "2023-10-07-02-00-00", "latency": 6}, {"date": "2023-10-06-08-00-00", "latency": 11}, {"date": "2023-10-06-08-00-00", "latency": 11}]}, {"location": {"country_code": "de", "region": "North Rhine-Westphalia"}, "game_id": "118849", "values": [{"date": "2023-10-06-04-00-00", "latency": 15}, {"date": "2023-10-06-04-00-00", "latency": 15}]}, {"location": {"country_code": "mu"}, "game_id": "118849", "values": [{"date": "2023-10-06-19-00-00", "latency": 143}]}, {"location": {"country_code": "fr", "region": "Brittany Region"}, "game_id": "118849", "values": [{"date": "2023-10-07-02-00-00", "latency": 3}, {"date": "2023-10-07-02-00-00", "latency": 3}, {"date": "2023-10-07-02-00-00", "latency": 3}]}, {"location": {"country_code": "vn", "region": "Ho Chi Minh City"}, "game_id": "118849", "values": [{"date": "2023-10-06-13-00-00", "latency": 29}, {"date": "2023-10-06-13-00-00", "latency": 29}, {"date": "2023-10-06-13-00-00", "latency": 29}, {"date": "2023-10-06-13-00-00", "latency": 29}, {"date": "2023-10-06-13-00-00", "latency": 29}, {"date": "2023-10-06-13-00-00", "latency": 29}, {"date": "2023-10-06-13-00-00", "latency": 29}, {"date": "2023-10-06-13-00-00", "latency": 29}, {"date": "2023-10-06-13-00-00", "latency": 29}, {"date": "2023-10-06-13-00-00", "latency": 29}, {"date": "2023-10-06-13-00-00", "latency": 29}]}, {"location": {"country_code": "mx", "region": "Veracruz", "city": "Orizaba"}, "game_id": "118849", "values": [{"date": "2023-10-06-06-00-00", "latency": 5}]}, {"location": {"country_code": "hu", "region": " ", "city": "Gyongyos"}, "game_id": "118849", "values": [{"date": "2023-10-06-10-00-00", "latency": 2338}]}], "last_updated": 1719919338.008134}