{"data": [{"location": {"country_code": "us"}, "game_id": "295590", "values": [{"date": "2022-06-12-07-00-00", "latency": 8}, {"date": "2022-06-12-07-00-00", "latency": 8}, {"date": "2022-06-12-13-00-00", "latency": 5}, {"date": "2022-06-12-07-00-00", "latency": 6}, {"date": "2022-06-12-02-00-00", "latency": 3}, {"date": "2022-06-12-02-00-00", "latency": 3}, {"date": "2022-06-12-02-00-00", "latency": 3}, {"date": "2022-06-12-03-00-00", "latency": 7}, {"date": "2022-06-12-03-00-00", "latency": 7}, {"date": "2022-06-12-03-00-00", "latency": 7}, {"date": "2022-06-12-03-00-00", "latency": 7}, {"date": "2022-06-12-03-00-00", "latency": 7}, {"date": "2022-06-12-03-00-00", "latency": 7}, {"date": "2022-06-13-01-00-00", "latency": 1}, {"date": "2022-06-12-10-00-00", "latency": 0}, {"date": "2022-06-12-23-00-00", "latency": 6}, {"date": "2022-06-13-01-00-00", "latency": 1}, {"date": "2022-06-13-01-00-00", "latency": 1}, {"date": "2022-06-13-01-00-00", "latency": 1}, {"date": "2022-06-12-07-00-00", "latency": 16}, {"date": "2022-06-12-07-00-00", "latency": 16}, {"date": "2022-06-12-07-00-00", "latency": 1}]}, {"location": {"country_code": "us", "region": "Illinois", "city": "Chicago"}, "game_id": "295590", "values": [{"date": "2022-06-12-18-00-00", "latency": 4}, {"date": "2022-06-12-18-00-00", "latency": 4}]}, {"location": {"country_code": "us", "region": "State of Maine", "city": "Orono"}, "game_id": "295590", "values": [{"date": "2022-06-12-06-00-00", "latency": 4}, {"date": "2022-06-12-06-00-00", "latency": 4}]}, {"location": {"country_code": "de", "region": "Berlin", "city": "Berlin"}, "game_id": "295590", "values": [{"date": "2022-06-12-18-00-00", "latency": 8}, {"date": "2022-06-12-22-00-00", "latency": 3}]}, {"location": {"country_code": "eg"}, "game_id": "295590", "values": [{"date": "2022-06-12-16-00-00", "latency": 13}, {"date": "2022-06-12-06-00-00", "latency": 7}]}, {"location": {"country_code": "us", "region": "New York", "city": "Jamestown"}, "game_id": "295590", "values": [{"date": "2022-06-12-18-00-00", "latency": 2}, {"date": "2022-06-12-09-00-00", "latency": 15}, {"date": "2022-06-12-09-00-00", "latency": 15}, {"date": "2022-06-12-05-00-00", "latency": 3}, {"date": "2022-06-12-05-00-00", "latency": 3}, {"date": "2022-06-12-05-00-00", "latency": 3}, {"date": "2022-06-12-05-00-00", "latency": 3}, {"date": "2022-06-12-05-00-00", "latency": 5}]}, {"location": {"country_code": "gb"}, "game_id": "295590", "values": [{"date": "2022-06-12-16-00-00", "latency": 4}, {"date": "2022-06-12-16-00-00", "latency": 4}]}, {"location": {"country_code": "th"}, "game_id": "295590", "values": [{"date": "2022-06-12-11-00-00", "latency": 5}, {"date": "2022-06-12-11-00-00", "latency": 5}]}, {"location": {"country_code": "gr"}, "game_id": "295590", "values": [{"date": "2022-06-12-14-00-00", "latency": 9}, {"date": "2022-06-12-14-00-00", "latency": 122}, {"date": "2022-06-12-14-00-00", "latency": 122}, {"date": "2022-06-12-14-00-00", "latency": 122}, {"date": "2022-06-12-14-00-00", "latency": 122}, {"date": "2022-06-12-14-00-00", "latency": 122}]}, {"location": {"country_code": "nl"}, "game_id": "295590", "values": [{"date": "2022-06-12-21-00-00", "latency": 0}]}, {"location": {"country_code": "cz"}, "game_id": "295590", "values": [{"date": "2022-06-12-21-00-00", "latency": 6}, {"date": "2022-06-12-21-00-00", "latency": 6}, {"date": "2022-06-12-21-00-00", "latency": 6}, {"date": "2022-06-12-21-00-00", "latency": 6}, {"date": "2022-06-12-21-00-00", "latency": 6}, {"date": "2022-06-12-21-00-00", "latency": 6}, {"date": "2022-06-12-21-00-00", "latency": 6}, {"date": "2022-06-12-21-00-00", "latency": 6}, {"date": "2022-06-12-21-00-00", "latency": 6}, {"date": "2022-06-12-21-00-00", "latency": 6}, {"date": "2022-06-12-21-00-00", "latency": 6}]}, {"location": {"country_code": "it"}, "game_id": "295590", "values": [{"date": "2022-06-13-00-00-00", "latency": 4}, {"date": "2022-06-12-19-00-00", "latency": 5}, {"date": "2022-06-12-22-00-00", "latency": 1}, {"date": "2022-06-12-22-00-00", "latency": 1}, {"date": "2022-06-13-01-00-00", "latency": 5}, {"date": "2022-06-12-19-00-00", "latency": 2}, {"date": "2022-06-12-18-00-00", "latency": 4}, {"date": "2022-06-12-16-00-00", "latency": 1}, {"date": "2022-06-12-16-00-00", "latency": 1}]}, {"location": {"country_code": "ro"}, "game_id": "295590", "values": [{"date": "2022-06-12-23-00-00", "latency": 2}, {"date": "2022-06-12-23-00-00", "latency": 2}, {"date": "2022-06-12-23-00-00", "latency": 2}, {"date": "2022-06-12-23-00-00", "latency": 2}, {"date": "2022-06-12-13-00-00", "latency": 47}, {"date": "2022-06-12-13-00-00", "latency": 47}, {"date": "2022-06-12-13-00-00", "latency": 47}, {"date": "2022-06-12-13-00-00", "latency": 47}, {"date": "2022-06-12-15-00-00", "latency": 1}, {"date": "2022-06-12-15-00-00", "latency": 1}]}, {"location": {"country_code": "za"}, "game_id": "295590", "values": [{"date": "2022-06-12-21-00-00", "latency": 2}]}, {"location": {"country_code": "jp"}, "game_id": "295590", "values": [{"date": "2022-06-12-10-00-00", "latency": 1}, {"date": "2022-06-12-18-00-00", "latency": 5}, {"date": "2022-06-12-18-00-00", "latency": 5}, {"date": "2022-06-12-10-00-00", "latency": 5}, {"date": "2022-06-12-10-00-00", "latency": 5}, {"date": "2022-06-13-00-00-00", "latency": 3}, {"date": "2022-06-13-00-00-00", "latency": 3}, {"date": "2022-06-12-14-00-00", "latency": 7}]}, {"location": {"country_code": "jp", "region": "Tokyo"}, "game_id": "295590", "values": [{"date": "2022-06-12-13-00-00", "latency": 4}]}, {"location": {"country_code": "ca"}, "game_id": "295590", "values": [{"date": "2022-06-12-08-00-00", "latency": 0}, {"date": "2022-06-12-06-00-00", "latency": 4}, {"date": "2022-06-12-06-00-00", "latency": 4}, {"date": "2022-06-12-08-00-00", "latency": 5}, {"date": "2022-06-12-16-00-00", "latency": 3}, {"date": "2022-06-12-16-00-00", "latency": 3}, {"date": "2022-06-12-16-00-00", "latency": 3}, {"date": "2022-06-12-16-00-00", "latency": 3}, {"date": "2022-06-12-19-00-00", "latency": 1}]}, {"location": {"country_code": "ch"}, "game_id": "295590", "values": [{"date": "2022-06-12-19-00-00", "latency": 16}, {"date": "2022-06-12-19-00-00", "latency": 16}]}, {"location": {"country_code": "de"}, "game_id": "295590", "values": [{"date": "2022-06-12-17-00-00", "latency": 1}, {"date": "2022-06-13-00-00-00", "latency": 6}, {"date": "2022-06-13-00-00-00", "latency": 6}, {"date": "2022-06-13-00-00-00", "latency": 6}, {"date": "2022-06-12-14-00-00", "latency": 0}, {"date": "2022-06-12-17-00-00", "latency": 15}, {"date": "2022-06-12-02-00-00", "latency": 0}]}, {"location": {"country_code": "tw"}, "game_id": "295590", "values": [{"date": "2022-06-12-06-00-00", "latency": 30}]}, {"location": {"country_code": "gb", "region": "England"}, "game_id": "295590", "values": [{"date": "2022-06-12-06-00-00", "latency": 0}]}, {"location": {"country_code": "cl"}, "game_id": "295590", "values": [{"date": "2022-06-12-03-00-00", "latency": 4}, {"date": "2022-06-12-05-00-00", "latency": 6}, {"date": "2022-06-12-05-00-00", "latency": 6}, {"date": "2022-06-12-02-00-00", "latency": 13}, {"date": "2022-06-12-09-00-00", "latency": 1352}, {"date": "2022-06-13-01-00-00", "latency": 10}, {"date": "2022-06-13-01-00-00", "latency": 10}, {"date": "2022-06-12-06-00-00", "latency": 3}, {"date": "2022-06-12-06-00-00", "latency": 3}, {"date": "2022-06-13-01-00-00", "latency": 0}, {"date": "2022-06-12-04-00-00", "latency": 29}, {"date": "2022-06-12-04-00-00", "latency": 29}, {"date": "2022-06-12-04-00-00", "latency": 29}]}, {"location": {"country_code": "us", "region": "Texas"}, "game_id": "295590", "values": [{"date": "2022-06-13-00-00-00", "latency": 3}, {"date": "2022-06-13-00-00-00", "latency": 24}, {"date": "2022-06-12-23-00-00", "latency": 9}, {"date": "2022-06-12-06-00-00", "latency": 4}]}, {"location": {"country_code": "us", "region": "Florida"}, "game_id": "295590", "values": [{"date": "2022-06-12-21-00-00", "latency": 9}, {"date": "2022-06-12-21-00-00", "latency": 9}, {"date": "2022-06-12-18-00-00", "latency": 8}]}, {"location": {"country_code": "fr"}, "game_id": "295590", "values": [{"date": "2022-06-12-20-00-00", "latency": 7}, {"date": "2022-06-13-01-00-00", "latency": 2}]}, {"location": {"country_code": "fr", "region": "Occitanie", "city": "Montpellier"}, "game_id": "295590", "values": [{"date": "2022-06-12-17-00-00", "latency": 6}]}, {"location": {"country_code": "mx"}, "game_id": "295590", "values": [{"date": "2022-06-12-04-00-00", "latency": 5}, {"date": "2022-06-12-12-00-00", "latency": 6}, {"date": "2022-06-13-00-00-00", "latency": 1}, {"date": "2022-06-13-01-00-00", "latency": 2101}, {"date": "2022-06-12-08-00-00", "latency": 0}, {"date": "2022-06-12-08-00-00", "latency": 0}, {"date": "2022-06-12-08-00-00", "latency": 0}, {"date": "2022-06-12-10-00-00", "latency": 1}, {"date": "2022-06-12-10-00-00", "latency": 1}, {"date": "2022-06-12-10-00-00", "latency": 1}, {"date": "2022-06-12-10-00-00", "latency": 1}, {"date": "2022-06-12-04-00-00", "latency": 2}, {"date": "2022-06-12-04-00-00", "latency": 2}, {"date": "2022-06-12-11-00-00", "latency": 7}, {"date": "2022-06-12-11-00-00", "latency": 7}, {"date": "2022-06-12-11-00-00", "latency": 7}, {"date": "2022-06-12-11-00-00", "latency": 7}, {"date": "2022-06-12-11-00-00", "latency": 7}, {"date": "2022-06-12-04-00-00", "latency": 8}, {"date": "2022-06-12-06-00-00", "latency": 25}, {"date": "2022-06-12-08-00-00", "latency": 11}, {"date": "2022-06-12-09-00-00", "latency": 9}, {"date": "2022-06-12-09-00-00", "latency": 4}, {"date": "2022-06-12-09-00-00", "latency": 4}, {"date": "2022-06-12-09-00-00", "latency": 4}, {"date": "2022-06-12-08-00-00", "latency": 9}, {"date": "2022-06-12-07-00-00", "latency": 9}, {"date": "2022-06-12-09-00-00", "latency": 1}, {"date": "2022-06-12-04-00-00", "latency": 7}, {"date": "2022-06-12-04-00-00", "latency": 7}, {"date": "2022-06-12-04-00-00", "latency": 7}, {"date": "2022-06-12-04-00-00", "latency": 7}, {"date": "2022-06-13-00-00-00", "latency": 4}, {"date": "2022-06-13-00-00-00", "latency": 4}, {"date": "2022-06-12-08-00-00", "latency": 7}]}, {"location": {"country_code": "mx", "region": "Mexico City"}, "game_id": "295590", "values": [{"date": "2022-06-12-09-00-00", "latency": 1}, {"date": "2022-06-13-01-00-00", "latency": 7}, {"date": "2022-06-13-01-00-00", "latency": 7}, {"date": "2022-06-13-01-00-00", "latency": 7}, {"date": "2022-06-12-09-00-00", "latency": 8}, {"date": "2022-06-12-03-00-00", "latency": 6}]}, {"location": {"country_code": "us", "region": "California"}, "game_id": "295590", "values": [{"date": "2022-06-12-09-00-00", "latency": 7}, {"date": "2022-06-12-21-00-00", "latency": 3}, {"date": "2022-06-12-21-00-00", "latency": 3}, {"date": "2022-06-12-21-00-00", "latency": 3}, {"date": "2022-06-12-20-00-00", "latency": 5}, {"date": "2022-06-12-23-00-00", "latency": 5}, {"date": "2022-06-12-23-00-00", "latency": 5}]}, {"location": {"country_code": "br"}, "game_id": "295590", "values": [{"date": "2022-06-12-07-00-00", "latency": 2}, {"date": "2022-06-13-02-00-00", "latency": 0}, {"date": "2022-06-12-13-00-00", "latency": 12}, {"date": "2022-06-12-13-00-00", "latency": 12}, {"date": "2022-06-12-06-00-00", "latency": 8}, {"date": "2022-06-12-06-00-00", "latency": 8}, {"date": "2022-06-12-10-00-00", "latency": 56}, {"date": "2022-06-12-10-00-00", "latency": 56}, {"date": "2022-06-12-10-00-00", "latency": 56}, {"date": "2022-06-12-08-00-00", "latency": 9}, {"date": "2022-06-12-08-00-00", "latency": 9}, {"date": "2022-06-12-08-00-00", "latency": 9}, {"date": "2022-06-12-08-00-00", "latency": 9}, {"date": "2022-06-12-22-00-00", "latency": 6}, {"date": "2022-06-12-20-00-00", "latency": 6}]}, {"location": {"country_code": "br", "region": "Mato Grosso do Sul", "city": "Campo Grande"}, "game_id": "295590", "values": [{"date": "2022-06-12-19-00-00", "latency": 3}]}, {"location": {"country_code": "br", "region": "Sao Paulo", "city": "Apiai"}, "game_id": "295590", "values": [{"date": "2022-06-12-19-00-00", "latency": 5}, {"date": "2022-06-13-02-00-00", "latency": 11}, {"date": "2022-06-13-02-00-00", "latency": 11}, {"date": "2022-06-13-02-00-00", "latency": 11}, {"date": "2022-06-13-02-00-00", "latency": 11}, {"date": "2022-06-13-02-00-00", "latency": 11}, {"date": "2022-06-13-02-00-00", "latency": 11}, {"date": "2022-06-13-02-00-00", "latency": 11}, {"date": "2022-06-13-02-00-00", "latency": 11}, {"date": "2022-06-13-02-00-00", "latency": 11}, {"date": "2022-06-13-02-00-00", "latency": 11}, {"date": "2022-06-12-07-00-00", "latency": 2}]}, {"location": {"country_code": "se"}, "game_id": "295590", "values": [{"date": "2022-06-12-17-00-00", "latency": 21}, {"date": "2022-06-12-17-00-00", "latency": 21}, {"date": "2022-06-12-17-00-00", "latency": 21}, {"date": "2022-06-12-17-00-00", "latency": 21}, {"date": "2022-06-12-21-00-00", "latency": 3}]}, {"location": {"country_code": "no"}, "game_id": "295590", "values": [{"date": "2022-06-12-14-00-00", "latency": 4}, {"date": "2022-06-12-19-00-00", "latency": 1}]}, {"location": {"country_code": "us", "region": "California", "city": "East Los Angeles"}, "game_id": "295590", "values": [{"date": "2022-06-12-13-00-00", "latency": 17}]}, {"location": {"country_code": "ec"}, "game_id": "295590", "values": [{"date": "2022-06-12-23-00-00", "latency": 6}, {"date": "2022-06-12-23-00-00", "latency": 6}, {"date": "2022-06-12-08-00-00", "latency": 2}, {"date": "2022-06-12-19-00-00", "latency": 2}]}, {"location": {"country_code": "au"}, "game_id": "295590", "values": [{"date": "2022-06-12-22-00-00", "latency": 0}, {"date": "2022-06-12-12-00-00", "latency": 8}, {"date": "2022-06-12-21-00-00", "latency": 1}, {"date": "2022-06-12-21-00-00", "latency": 1}, {"date": "2022-06-12-18-00-00", "latency": 2}]}, {"location": {"country_code": "au", "region": "Victoria", "city": "Melbourne"}, "game_id": "295590", "values": [{"date": "2022-06-12-13-00-00", "latency": 0}]}, {"location": {"country_code": "us", "region": "Texas", "city": "Austin"}, "game_id": "295590", "values": [{"date": "2022-06-13-00-00-00", "latency": 7}, {"date": "2022-06-13-00-00-00", "latency": 7}, {"date": "2022-06-13-00-00-00", "latency": 7}]}, {"location": {"country_code": "tr"}, "game_id": "295590", "values": [{"date": "2022-06-12-13-00-00", "latency": 1}, {"date": "2022-06-12-13-00-00", "latency": 1}, {"date": "2022-06-12-15-00-00", "latency": 2}, {"date": "2022-06-12-17-00-00", "latency": 13}, {"date": "2022-06-12-10-00-00", "latency": 86}, {"date": "2022-06-12-10-00-00", "latency": 86}]}, {"location": {"country_code": "ca", "region": "Ontario"}, "game_id": "295590", "values": [{"date": "2022-06-12-23-00-00", "latency": 14}]}, {"location": {"country_code": "us", "region": "Pennsylvania", "city": "Philadelphia"}, "game_id": "295590", "values": [{"date": "2022-06-12-14-00-00", "latency": 0}]}, {"location": {"country_code": "es"}, "game_id": "295590", "values": [{"date": "2022-06-12-17-00-00", "latency": 2}, {"date": "2022-06-12-20-00-00", "latency": 4}, {"date": "2022-06-12-20-00-00", "latency": 1}]}, {"location": {"country_code": "es", "region": "Catalonia", "city": "l'Hospitalet de Llobregat"}, "game_id": "295590", "values": [{"date": "2022-06-12-21-00-00", "latency": 5}, {"date": "2022-06-12-16-00-00", "latency": 1}, {"date": "2022-06-12-15-00-00", "latency": 9}, {"date": "2022-06-12-15-00-00", "latency": 9}, {"date": "2022-06-12-17-00-00", "latency": 3}, {"date": "2022-06-12-17-00-00", "latency": 3}]}, {"location": {"country_code": "sa"}, "game_id": "295590", "values": [{"date": "2022-06-12-10-00-00", "latency": 5}, {"date": "2022-06-13-01-00-00", "latency": 2}, {"date": "2022-06-12-18-00-00", "latency": 10}, {"date": "2022-06-13-00-00-00", "latency": 29}, {"date": "2022-06-13-00-00-00", "latency": 29}, {"date": "2022-06-13-00-00-00", "latency": 29}]}, {"location": {"country_code": "ar"}, "game_id": "295590", "values": [{"date": "2022-06-12-11-00-00", "latency": 5}, {"date": "2022-06-12-05-00-00", "latency": 5}, {"date": "2022-06-12-05-00-00", "latency": 5}, {"date": "2022-06-12-05-00-00", "latency": 5}, {"date": "2022-06-13-01-00-00", "latency": 8}, {"date": "2022-06-12-09-00-00", "latency": 1593}, {"date": "2022-06-12-05-00-00", "latency": 2}, {"date": "2022-06-12-12-00-00", "latency": 2}, {"date": "2022-06-12-12-00-00", "latency": 2}, {"date": "2022-06-12-12-00-00", "latency": 2}, {"date": "2022-06-12-12-00-00", "latency": 2}, {"date": "2022-06-12-21-00-00", "latency": 2}, {"date": "2022-06-12-21-00-00", "latency": 2}, {"date": "2022-06-12-21-00-00", "latency": 2}, {"date": "2022-06-12-21-00-00", "latency": 2}, {"date": "2022-06-13-01-00-00", "latency": 1}, {"date": "2022-06-12-22-00-00", "latency": 4}, {"date": "2022-06-12-20-00-00", "latency": 4}, {"date": "2022-06-12-20-00-00", "latency": 4}, {"date": "2022-06-13-01-00-00", "latency": 1}, {"date": "2022-06-13-01-00-00", "latency": 1}, {"date": "2022-06-12-14-00-00", "latency": 9}, {"date": "2022-06-12-10-00-00", "latency": 2}, {"date": "2022-06-12-03-00-00", "latency": 142}, {"date": "2022-06-12-03-00-00", "latency": 142}, {"date": "2022-06-12-03-00-00", "latency": 142}, {"date": "2022-06-12-03-00-00", "latency": 142}, {"date": "2022-06-12-03-00-00", "latency": 142}]}, {"location": {"country_code": "bo"}, "game_id": "295590", "values": [{"date": "2022-06-12-04-00-00", "latency": 59}, {"date": "2022-06-12-04-00-00", "latency": 59}, {"date": "2022-06-12-04-00-00", "latency": 59}, {"date": "2022-06-12-04-00-00", "latency": 59}, {"date": "2022-06-12-04-00-00", "latency": 59}, {"date": "2022-06-12-04-00-00", "latency": 59}, {"date": "2022-06-12-08-00-00", "latency": 0}, {"date": "2022-06-12-06-00-00", "latency": 9}, {"date": "2022-06-12-06-00-00", "latency": 9}]}, {"location": {"country_code": "jm"}, "game_id": "295590", "values": [{"date": "2022-06-12-22-00-00", "latency": 0}, {"date": "2022-06-12-22-00-00", "latency": 0}]}, {"location": {"country_code": "fi"}, "game_id": "295590", "values": [{"date": "2022-06-12-13-00-00", "latency": 1}]}, {"location": {"country_code": "ar", "region": "Buenos Aires F.D.", "city": "Bahia Blanca"}, "game_id": "295590", "values": [{"date": "2022-06-12-21-00-00", "latency": 4}, {"date": "2022-06-12-07-00-00", "latency": 3}, {"date": "2022-06-12-05-00-00", "latency": 39}, {"date": "2022-06-12-05-00-00", "latency": 39}, {"date": "2022-06-12-05-00-00", "latency": 39}, {"date": "2022-06-12-05-00-00", "latency": 39}, {"date": "2022-06-12-05-00-00", "latency": 39}, {"date": "2022-06-12-09-00-00", "latency": 2945}, {"date": "2022-06-12-09-00-00", "latency": 2945}]}, {"location": {"country_code": "ar", "region": "Buenos Aires"}, "game_id": "295590", "values": [{"date": "2022-06-12-06-00-00", "latency": 45}, {"date": "2022-06-12-06-00-00", "latency": 45}, {"date": "2022-06-12-06-00-00", "latency": 45}, {"date": "2022-06-12-05-00-00", "latency": 0}]}, {"location": {"country_code": "us", "region": "Virginia"}, "game_id": "295590", "values": [{"date": "2022-06-12-04-00-00", "latency": 4}]}, {"location": {"country_code": "us", "region": "Missouri", "city": "Downtown Kansas City"}, "game_id": "295590", "values": [{"date": "2022-06-12-05-00-00", "latency": 8}]}, {"location": {"country_code": "us", "region": "Michigan"}, "game_id": "295590", "values": [{"date": "2022-06-12-22-00-00", "latency": 6}]}, {"location": {"country_code": "de", "region": "Bavaria"}, "game_id": "295590", "values": [{"date": "2022-06-12-14-00-00", "latency": 2}]}, {"location": {"country_code": "co"}, "game_id": "295590", "values": [{"date": "2022-06-12-06-00-00", "latency": 8}, {"date": "2022-06-12-06-00-00", "latency": 8}, {"date": "2022-06-12-05-00-00", "latency": 5}, {"date": "2022-06-12-06-00-00", "latency": 6}, {"date": "2022-06-12-05-00-00", "latency": 55}, {"date": "2022-06-12-06-00-00", "latency": 3}, {"date": "2022-06-12-05-00-00", "latency": 7}, {"date": "2022-06-13-00-00-00", "latency": 7}]}, {"location": {"country_code": "at"}, "game_id": "295590", "values": [{"date": "2022-06-12-16-00-00", "latency": 72}, {"date": "2022-06-12-16-00-00", "latency": 72}, {"date": "2022-06-12-16-00-00", "latency": 72}]}, {"location": {"country_code": "ve"}, "game_id": "295590", "values": [{"date": "2022-06-12-05-00-00", "latency": 37}, {"date": "2022-06-12-05-00-00", "latency": 37}, {"date": "2022-06-12-05-00-00", "latency": 37}]}, {"location": {"country_code": "mx", "region": "Colima"}, "game_id": "295590", "values": [{"date": "2022-06-12-05-00-00", "latency": 1}, {"date": "2022-06-12-05-00-00", "latency": 1}]}, {"location": {"country_code": "cn"}, "game_id": "295590", "values": [{"date": "2022-06-12-19-00-00", "latency": 8}, {"date": "2022-06-12-19-00-00", "latency": 8}, {"date": "2022-06-12-19-00-00", "latency": 8}, {"date": "2022-06-12-19-00-00", "latency": 8}, {"date": "2022-06-12-19-00-00", "latency": 8}, {"date": "2022-06-12-19-00-00", "latency": 8}, {"date": "2022-06-12-16-00-00", "latency": 0}]}, {"location": {"country_code": "pl"}, "game_id": "295590", "values": [{"date": "2022-06-12-10-00-00", "latency": 12}]}, {"location": {"country_code": "us", "region": "Nevada", "city": "Las Vegas"}, "game_id": "295590", "values": [{"date": "2022-06-12-03-00-00", "latency": 24}]}, {"location": {"country_code": "cr"}, "game_id": "295590", "values": [{"date": "2022-06-12-15-00-00", "latency": 8}]}, {"location": {"country_code": "gb", "region": "England", "city": "London"}, "game_id": "295590", "values": [{"date": "2022-06-12-13-00-00", "latency": 0}]}, {"location": {"country_code": "us", "region": "Georgia"}, "game_id": "295590", "values": [{"date": "2022-06-12-13-00-00", "latency": 72}, {"date": "2022-06-12-13-00-00", "latency": 72}, {"date": "2022-06-12-13-00-00", "latency": 72}, {"date": "2022-06-12-13-00-00", "latency": 72}, {"date": "2022-06-12-13-00-00", "latency": 72}, {"date": "2022-06-12-13-00-00", "latency": 72}]}, {"location": {"country_code": "pe"}, "game_id": "295590", "values": [{"date": "2022-06-13-01-00-00", "latency": 100}, {"date": "2022-06-13-01-00-00", "latency": 100}, {"date": "2022-06-12-02-00-00", "latency": 10}, {"date": "2022-06-12-02-00-00", "latency": 10}, {"date": "2022-06-12-02-00-00", "latency": 10}, {"date": "2022-06-12-02-00-00", "latency": 10}, {"date": "2022-06-12-02-00-00", "latency": 10}, {"date": "2022-06-12-02-00-00", "latency": 10}, {"date": "2022-06-12-08-00-00", "latency": 31}, {"date": "2022-06-12-05-00-00", "latency": 8}]}, {"location": {"country_code": "ua"}, "game_id": "295590", "values": [{"date": "2022-06-12-22-00-00", "latency": 58}, {"date": "2022-06-12-22-00-00", "latency": 58}, {"date": "2022-06-12-22-00-00", "latency": 58}, {"date": "2022-06-12-22-00-00", "latency": 58}]}, {"location": {"country_code": "us", "region": "District of Columbia", "city": "Washington"}, "game_id": "295590", "values": [{"date": "2022-06-13-01-00-00", "latency": 6}]}, {"location": {"country_code": "do"}, "game_id": "295590", "values": [{"date": "2022-06-13-02-00-00", "latency": 0}, {"date": "2022-06-13-02-00-00", "latency": 0}]}, {"location": {"country_code": "my"}, "game_id": "295590", "values": [{"date": "2022-06-12-08-00-00", "latency": 14}]}, {"location": {"country_code": "us", "region": "Hawaii", "city": "Kapolei"}, "game_id": "295590", "values": [{"date": "2022-06-13-02-00-00", "latency": 10}]}, {"location": {"country_code": "mx", "region": "Nuevo Leon", "city": "Monterrey"}, "game_id": "295590", "values": [{"date": "2022-06-12-08-00-00", "latency": 1616}, {"date": "2022-06-12-07-00-00", "latency": 37}, {"date": "2022-06-12-07-00-00", "latency": 37}, {"date": "2022-06-12-07-00-00", "latency": 37}, {"date": "2022-06-12-05-00-00", "latency": 7}, {"date": "2022-06-12-05-00-00", "latency": 7}, {"date": "2022-06-12-05-00-00", "latency": 7}, {"date": "2022-06-12-05-00-00", "latency": 7}, {"date": "2022-06-12-05-00-00", "latency": 7}]}, {"location": {"country_code": "au", "region": "Western Australia", "city": "Perth"}, "game_id": "295590", "values": [{"date": "2022-06-12-14-00-00", "latency": 20}, {"date": "2022-06-12-14-00-00", "latency": 20}, {"date": "2022-06-12-14-00-00", "latency": 20}, {"date": "2022-06-12-14-00-00", "latency": 20}]}, {"location": {"country_code": "br", "region": "Rio Grande do Sul", "city": "Porto Alegre"}, "game_id": "295590", "values": [{"date": "2022-06-12-08-00-00", "latency": 7}, {"date": "2022-06-12-08-00-00", "latency": 7}, {"date": "2022-06-12-06-00-00", "latency": 5}]}, {"location": {"country_code": "pt"}, "game_id": "295590", "values": [{"date": "2022-06-12-22-00-00", "latency": 1}]}, {"location": {"country_code": "tr", "region": "Marmara Bolgesi", "city": "Bursa"}, "game_id": "295590", "values": [{"date": "2022-06-12-22-00-00", "latency": 26}, {"date": "2022-06-12-22-00-00", "latency": 26}]}, {"location": {"country_code": "br", "region": "State of Rio de Janeiro", "city": "Angra dos Reis"}, "game_id": "295590", "values": [{"date": "2022-06-12-17-00-00", "latency": 5}]}, {"location": {"country_code": "es", "region": "Andalusia", "city": "Seville"}, "game_id": "295590", "values": [{"date": "2022-06-12-22-00-00", "latency": 2}, {"date": "2022-06-12-22-00-00", "latency": 2}]}, {"location": {"country_code": "us", "region": "Minnesota"}, "game_id": "295590", "values": [{"date": "2022-06-12-05-00-00", "latency": 4}]}, {"location": {"country_code": "de", "region": "Rhineland-Palatinate"}, "game_id": "295590", "values": [{"date": "2022-06-12-18-00-00", "latency": 8}, {"date": "2022-06-12-18-00-00", "latency": 8}]}, {"location": {"country_code": "cn", "region": "Hong Kong"}, "game_id": "295590", "values": [{"date": "2022-06-12-18-00-00", "latency": 119}, {"date": "2022-06-12-18-00-00", "latency": 119}, {"date": "2022-06-12-18-00-00", "latency": 119}, {"date": "2022-06-12-18-00-00", "latency": 119}, {"date": "2022-06-12-18-00-00", "latency": 119}, {"date": "2022-06-12-18-00-00", "latency": 119}, {"date": "2022-06-12-18-00-00", "latency": 119}, {"date": "2022-06-12-18-00-00", "latency": 119}, {"date": "2022-06-12-18-00-00", "latency": 119}, {"date": "2022-06-12-18-00-00", "latency": 119}, {"date": "2022-06-12-18-00-00", "latency": 119}, {"date": "2022-06-12-18-00-00", "latency": 119}, {"date": "2022-06-12-18-00-00", "latency": 119}, {"date": "2022-06-12-18-00-00", "latency": 119}, {"date": "2022-06-12-18-00-00", "latency": 119}, {"date": "2022-06-12-18-00-00", "latency": 119}, {"date": "2022-06-12-18-00-00", "latency": 119}, {"date": "2022-06-12-18-00-00", "latency": 119}]}, {"location": {"country_code": "ca", "region": "Alberta", "city": "Edmonton"}, "game_id": "295590", "values": [{"date": "2022-06-12-18-00-00", "latency": 53}, {"date": "2022-06-12-18-00-00", "latency": 53}, {"date": "2022-06-12-23-00-00", "latency": 41}]}, {"location": {"country_code": "us", "region": "Texas", "city": "El Paso"}, "game_id": "295590", "values": [{"date": "2022-06-12-04-00-00", "latency": 4}]}, {"location": {"country_code": "us", "region": "Massachusetts", "city": "Boston"}, "game_id": "295590", "values": [{"date": "2022-06-12-09-00-00", "latency": 2}, {"date": "2022-06-12-09-00-00", "latency": 2}]}, {"location": {"country_code": "kw"}, "game_id": "295590", "values": [{"date": "2022-06-12-17-00-00", "latency": 5}, {"date": "2022-06-12-05-00-00", "latency": 1}, {"date": "2022-06-12-05-00-00", "latency": 1}]}, {"location": {"country_code": "hr"}, "game_id": "295590", "values": [{"date": "2022-06-12-16-00-00", "latency": 4}]}, {"location": {"country_code": "pe", "region": "Lima region", "city": "Lima"}, "game_id": "295590", "values": [{"date": "2022-06-12-23-00-00", "latency": 7}, {"date": "2022-06-12-12-00-00", "latency": 4}]}, {"location": {"country_code": "mx", "region": "Jalisco", "city": "Guadalajara"}, "game_id": "295590", "values": [{"date": "2022-06-12-06-00-00", "latency": 8}]}, {"location": {"country_code": "ar", "region": "Santa Fe Province", "city": "Rosario"}, "game_id": "295590", "values": [{"date": "2022-06-13-01-00-00", "latency": 8}, {"date": "2022-06-13-01-00-00", "latency": 8}]}, {"location": {"country_code": "mx", "region": "Tamaulipas"}, "game_id": "295590", "values": [{"date": "2022-06-13-00-00-00", "latency": 4}]}, {"location": {"country_code": "md"}, "game_id": "295590", "values": [{"date": "2022-06-12-13-00-00", "latency": 86}, {"date": "2022-06-12-13-00-00", "latency": 86}, {"date": "2022-06-12-13-00-00", "latency": 86}]}, {"location": {"country_code": "ca", "region": "Quebec"}, "game_id": "295590", "values": [{"date": "2022-06-12-20-00-00", "latency": 1}, {"date": "2022-06-12-04-00-00", "latency": 4}, {"date": "2022-06-12-04-00-00", "latency": 4}]}, {"location": {"country_code": "ca", "region": "British Columbia"}, "game_id": "295590", "values": [{"date": "2022-06-13-02-00-00", "latency": 11}]}, {"location": {"country_code": "br", "region": "Alagoas", "city": "Maceio"}, "game_id": "295590", "values": [{"date": "2022-06-13-01-00-00", "latency": 6}]}, {"location": {"country_code": "us", "region": "Washington", "city": "Seattle"}, "game_id": "295590", "values": [{"date": "2022-06-12-13-00-00", "latency": 1}]}, {"location": {"country_code": "it", "region": "Lazio", "city": "Rome"}, "game_id": "295590", "values": [{"date": "2022-06-12-20-00-00", "latency": 0}]}, {"location": {"country_code": "es", "region": "Balearic Islands", "city": "Palma"}, "game_id": "295590", "values": [{"date": "2022-06-12-18-00-00", "latency": 7}]}, {"location": {"country_code": "ar", "region": "Cordoba Province", "city": "Rio Cuarto"}, "game_id": "295590", "values": [{"date": "2022-06-12-03-00-00", "latency": 5}, {"date": "2022-06-13-01-00-00", "latency": 0}]}, {"location": {"country_code": "ca", "region": "Nova Scotia"}, "game_id": "295590", "values": [{"date": "2022-06-13-00-00-00", "latency": 6}, {"date": "2022-06-13-00-00-00", "latency": 6}]}, {"location": {"country_code": "dj"}, "game_id": "295590", "values": [{"date": "2022-06-12-08-00-00", "latency": 4}, {"date": "2022-06-12-08-00-00", "latency": 4}, {"date": "2022-06-12-17-00-00", "latency": 4}, {"date": "2022-06-12-20-00-00", "latency": 1}, {"date": "2022-06-12-20-00-00", "latency": 1}, {"date": "2022-06-12-20-00-00", "latency": 1}]}, {"location": {"country_code": "es", "region": "Galicia", "city": "Vigo"}, "game_id": "295590", "values": [{"date": "2022-06-12-17-00-00", "latency": 0}]}, {"location": {"country_code": "us", "region": "Louisiana"}, "game_id": "295590", "values": [{"date": "2022-06-12-06-00-00", "latency": 1}, {"date": "2022-06-12-06-00-00", "latency": 1}]}, {"location": {"country_code": "us", "region": "Hawaii", "city": "Kapaa"}, "game_id": "295590", "values": [{"date": "2022-06-12-20-00-00", "latency": 8}]}, {"location": {"country_code": "fr", "region": "Alvernia-Rodano-Alpi", "city": "Alex"}, "game_id": "295590", "values": [{"date": "2022-06-12-06-00-00", "latency": 3}, {"date": "2022-06-12-06-00-00", "latency": 3}]}, {"location": {"country_code": "pt", "region": "Northern Mariana Islands", "city": "Maia"}, "game_id": "295590", "values": [{"date": "2022-06-12-20-00-00", "latency": 1}]}, {"location": {"country_code": "us", "region": "Texas", "city": "San Antonio"}, "game_id": "295590", "values": [{"date": "2022-06-12-08-00-00", "latency": 1}]}, {"location": {"country_code": "ar", "region": "Buenos Aires", "city": "La Plata"}, "game_id": "295590", "values": [{"date": "2022-06-12-04-00-00", "latency": 2}, {"date": "2022-06-12-21-00-00", "latency": 7}]}, {"location": {"country_code": "ru", "region": "Tomsk Oblast"}, "game_id": "295590", "values": [{"date": "2022-06-12-21-00-00", "latency": 8}]}, {"location": {"country_code": "br", "region": "Amazonas", "city": "Manaus"}, "game_id": "295590", "values": [{"date": "2022-06-13-00-00-00", "latency": 8}, {"date": "2022-06-13-00-00-00", "latency": 8}]}, {"location": {"country_code": "mx", "region": "Chiapas"}, "game_id": "295590", "values": [{"date": "2022-06-12-22-00-00", "latency": 1}]}, {"location": {"country_code": "br", "region": "Para", "city": "Tailandia"}, "game_id": "295590", "values": [{"date": "2022-06-13-02-00-00", "latency": 60}, {"date": "2022-06-13-02-00-00", "latency": 60}, {"date": "2022-06-12-21-00-00", "latency": 2}, {"date": "2022-06-12-21-00-00", "latency": 2}, {"date": "2022-06-12-21-00-00", "latency": 2}]}, {"location": {"country_code": "mx", "region": "Tamaulipas", "city": "Tampico"}, "game_id": "295590", "values": [{"date": "2022-06-12-11-00-00", "latency": 12}, {"date": "2022-06-12-11-00-00", "latency": 12}, {"date": "2022-06-12-11-00-00", "latency": 12}]}, {"location": {"country_code": "us", "region": "North Dakota"}, "game_id": "295590", "values": [{"date": "2022-06-12-03-00-00", "latency": 5}]}, {"location": {"country_code": "pl", "region": "Masovian Voivodeship", "city": "Warsaw"}, "game_id": "295590", "values": [{"date": "2022-06-13-00-00-00", "latency": 2}]}, {"location": {"country_code": "es", "region": "Andalusia", "city": "Jerez"}, "game_id": "295590", "values": [{"date": "2022-06-12-23-00-00", "latency": 22}]}, {"location": {"country_code": "ma"}, "game_id": "295590", "values": [{"date": "2022-06-12-17-00-00", "latency": 12}]}, {"location": {"country_code": "ni"}, "game_id": "295590", "values": [{"date": "2022-06-12-08-00-00", "latency": 2}]}, {"location": {"country_code": "es", "region": "Catalonia", "city": "Lleida"}, "game_id": "295590", "values": [{"date": "2022-06-12-08-00-00", "latency": 5}, {"date": "2022-06-12-08-00-00", "latency": 5}]}, {"location": {"country_code": "mx", "region": "Sinaloa"}, "game_id": "295590", "values": [{"date": "2022-06-12-09-00-00", "latency": 7}, {"date": "2022-06-12-09-00-00", "latency": 7}]}, {"location": {"country_code": "mx", "region": "Sinaloa", "city": "Culiacan"}, "game_id": "295590", "values": [{"date": "2022-06-12-07-00-00", "latency": 5}]}, {"location": {"country_code": "ch", "region": "Canton of Vaud", "city": "Lausanne"}, "game_id": "295590", "values": [{"date": "2022-06-12-15-00-00", "latency": 14}]}, {"location": {"country_code": "ca", "region": "Ontario", "city": "Mississauga"}, "game_id": "295590", "values": [{"date": "2022-06-12-06-00-00", "latency": 4}]}, {"location": {"country_code": "cl", "region": "Aysen", "city": "Coyhaique"}, "game_id": "295590", "values": [{"date": "2022-06-12-07-00-00", "latency": 4}, {"date": "2022-06-12-07-00-00", "latency": 4}]}, {"location": {"country_code": "us", "region": "California", "city": "Clovis"}, "game_id": "295590", "values": [{"date": "2022-06-12-10-00-00", "latency": 7}]}, {"location": {"country_code": "de", "region": "North Rhine-Westphalia", "city": "Duisburg"}, "game_id": "295590", "values": [{"date": "2022-06-12-21-00-00", "latency": 2}]}, {"location": {"country_code": "br", "region": "State of Rio de Janeiro", "city": "Sao Joao de Meriti"}, "game_id": "295590", "values": [{"date": "2022-06-12-05-00-00", "latency": 2}, {"date": "2022-06-12-05-00-00", "latency": 2}]}, {"location": {"country_code": "br", "region": "Sao Paulo", "city": "Suzano"}, "game_id": "295590", "values": [{"date": "2022-06-13-02-00-00", "latency": 0}]}, {"location": {"country_code": "af", "region": "Oruzgan"}, "game_id": "295590", "values": [{"date": "2022-06-12-07-00-00", "latency": 3}, {"date": "2022-06-12-07-00-00", "latency": 3}]}, {"location": {"country_code": "br", "region": "Paraiba", "city": "Brejo do Cruz"}, "game_id": "295590", "values": [{"date": "2022-06-12-23-00-00", "latency": 7}]}, {"location": {"country_code": "us", "region": "California", "city": "Laguna Beach"}, "game_id": "295590", "values": [{"date": "2022-06-12-23-00-00", "latency": 17}]}, {"location": {"country_code": "ar", "region": "Buenos Aires", "city": "Berisso"}, "game_id": "295590", "values": [{"date": "2022-06-12-03-00-00", "latency": 1}]}, {"location": {"country_code": "fi", "region": "Central Finland Region", "city": "Jyvaskyla"}, "game_id": "295590", "values": [{"date": "2022-06-12-11-00-00", "latency": 6}]}, {"location": {"country_code": "pl", "region": "odz Voivodeship"}, "game_id": "295590", "values": [{"date": "2022-06-12-19-00-00", "latency": 2}, {"date": "2022-06-12-19-00-00", "latency": 2}, {"date": "2022-06-12-19-00-00", "latency": 2}, {"date": "2022-06-12-19-00-00", "latency": 2}, {"date": "2022-06-12-19-00-00", "latency": 2}]}, {"location": {"country_code": "br", "region": "Mato Grosso", "city": "Rondonopolis"}, "game_id": "295590", "values": [{"date": "2022-06-12-05-00-00", "latency": 7}]}, {"location": {"country_code": "us", "region": "California", "city": "San Fernando"}, "game_id": "295590", "values": [{"date": "2022-06-12-07-00-00", "latency": 1}]}, {"location": {"country_code": "cr", "region": "Canton Desamparados"}, "game_id": "295590", "values": [{"date": "2022-06-12-04-00-00", "latency": 9}]}, {"location": {"country_code": "br", "region": "Rio Grande do Sul", "city": "Sao Jose do Norte"}, "game_id": "295590", "values": [{"date": "2022-06-13-01-00-00", "latency": 3}]}], "last_updated": 1719919198.727044}