{"data": [{"location": {"country_code": "us"}, "game_id": "295590", "values": [{"date": "2022-04-02-12-00-00", "latency": 4}, {"date": "2022-04-02-12-00-00", "latency": 4}, {"date": "2022-04-02-21-00-00", "latency": 1}, {"date": "2022-04-03-01-00-00", "latency": 3}, {"date": "2022-04-02-05-00-00", "latency": 7}, {"date": "2022-04-02-05-00-00", "latency": 7}, {"date": "2022-04-03-01-00-00", "latency": 27}, {"date": "2022-04-02-04-00-00", "latency": 1}, {"date": "2022-04-02-19-00-00", "latency": 0}]}, {"location": {"country_code": "eg"}, "game_id": "295590", "values": [{"date": "2022-04-02-23-00-00", "latency": 11}, {"date": "2022-04-02-23-00-00", "latency": 11}]}, {"location": {"country_code": "us", "region": "New York", "city": "Jamestown"}, "game_id": "295590", "values": [{"date": "2022-04-02-10-00-00", "latency": 9}, {"date": "2022-04-02-03-00-00", "latency": 6}]}, {"location": {"country_code": "pt"}, "game_id": "295590", "values": [{"date": "2022-04-03-02-00-00", "latency": 3}, {"date": "2022-04-02-04-00-00", "latency": 9}, {"date": "2022-04-02-04-00-00", "latency": 9}, {"date": "2022-04-02-02-00-00", "latency": 25}, {"date": "2022-04-02-23-00-00", "latency": 5}]}, {"location": {"country_code": "gr"}, "game_id": "295590", "values": [{"date": "2022-04-02-19-00-00", "latency": 1}, {"date": "2022-04-03-00-00-00", "latency": 54}]}, {"location": {"country_code": "pa"}, "game_id": "295590", "values": [{"date": "2022-04-02-06-00-00", "latency": 6}, {"date": "2022-04-02-04-00-00", "latency": 45}, {"date": "2022-04-02-04-00-00", "latency": 45}]}, {"location": {"country_code": "cz"}, "game_id": "295590", "values": [{"date": "2022-04-02-10-00-00", "latency": 6}, {"date": "2022-04-02-10-00-00", "latency": 6}, {"date": "2022-04-02-10-00-00", "latency": 6}]}, {"location": {"country_code": "it", "region": "Tuscany", "city": "Florence"}, "game_id": "295590", "values": [{"date": "2022-04-02-03-00-00", "latency": 123}, {"date": "2022-04-02-03-00-00", "latency": 123}, {"date": "2022-04-02-03-00-00", "latency": 123}, {"date": "2022-04-02-03-00-00", "latency": 123}, {"date": "2022-04-02-03-00-00", "latency": 123}]}, {"location": {"country_code": "ro"}, "game_id": "295590", "values": [{"date": "2022-04-03-01-00-00", "latency": 17}, {"date": "2022-04-03-01-00-00", "latency": 17}, {"date": "2022-04-03-01-00-00", "latency": 17}]}, {"location": {"country_code": "ca"}, "game_id": "295590", "values": [{"date": "2022-04-02-06-00-00", "latency": 5}, {"date": "2022-04-02-09-00-00", "latency": 9}, {"date": "2022-04-03-01-00-00", "latency": 1}, {"date": "2022-04-03-01-00-00", "latency": 1}]}, {"location": {"country_code": "de"}, "game_id": "295590", "values": [{"date": "2022-04-02-20-00-00", "latency": 2}, {"date": "2022-04-02-23-00-00", "latency": 88}, {"date": "2022-04-02-23-00-00", "latency": 88}, {"date": "2022-04-02-23-00-00", "latency": 88}, {"date": "2022-04-02-21-00-00", "latency": 32}, {"date": "2022-04-02-21-00-00", "latency": 32}, {"date": "2022-04-02-21-00-00", "latency": 32}, {"date": "2022-04-02-21-00-00", "latency": 32}]}, {"location": {"country_code": "br", "region": "Parana", "city": "Araucaria"}, "game_id": "295590", "values": [{"date": "2022-04-02-18-00-00", "latency": 9}]}, {"location": {"country_code": "cl"}, "game_id": "295590", "values": [{"date": "2022-04-02-05-00-00", "latency": 5}, {"date": "2022-04-02-16-00-00", "latency": 5}]}, {"location": {"country_code": "us", "region": "Texas"}, "game_id": "295590", "values": [{"date": "2022-04-02-04-00-00", "latency": 4}, {"date": "2022-04-02-18-00-00", "latency": 8}, {"date": "2022-04-02-18-00-00", "latency": 8}]}, {"location": {"country_code": "au", "region": "New South Wales", "city": "Sydney"}, "game_id": "295590", "values": [{"date": "2022-04-02-15-00-00", "latency": 2}]}, {"location": {"country_code": "us", "region": "Florida"}, "game_id": "295590", "values": [{"date": "2022-04-03-00-00-00", "latency": 2}, {"date": "2022-04-02-07-00-00", "latency": 2}]}, {"location": {"country_code": "ph"}, "game_id": "295590", "values": [{"date": "2022-04-02-19-00-00", "latency": 0}]}, {"location": {"country_code": "fr"}, "game_id": "295590", "values": [{"date": "2022-04-02-16-00-00", "latency": 2}, {"date": "2022-04-02-16-00-00", "latency": 2}, {"date": "2022-04-02-16-00-00", "latency": 2}]}, {"location": {"country_code": "br", "region": "Minas Gerais", "city": "Betim"}, "game_id": "295590", "values": [{"date": "2022-04-02-04-00-00", "latency": 3}, {"date": "2022-04-02-04-00-00", "latency": 3}]}, {"location": {"country_code": "mx"}, "game_id": "295590", "values": [{"date": "2022-04-02-07-00-00", "latency": 7}, {"date": "2022-04-02-11-00-00", "latency": 6}]}, {"location": {"country_code": "mx", "region": "Mexico City"}, "game_id": "295590", "values": [{"date": "2022-04-02-06-00-00", "latency": 0}, {"date": "2022-04-02-12-00-00", "latency": 7}]}, {"location": {"country_code": "us", "region": "California"}, "game_id": "295590", "values": [{"date": "2022-04-02-03-00-00", "latency": 4}, {"date": "2022-04-02-02-00-00", "latency": 539}, {"date": "2022-04-02-02-00-00", "latency": 539}, {"date": "2022-04-02-06-00-00", "latency": 1}, {"date": "2022-04-02-03-00-00", "latency": 5}]}, {"location": {"country_code": "br"}, "game_id": "295590", "values": [{"date": "2022-04-02-02-00-00", "latency": 5}, {"date": "2022-04-02-08-00-00", "latency": 1}, {"date": "2022-04-02-08-00-00", "latency": 1}, {"date": "2022-04-03-01-00-00", "latency": 3}, {"date": "2022-04-03-02-00-00", "latency": 3}, {"date": "2022-04-02-21-00-00", "latency": 4}]}, {"location": {"country_code": "br", "region": "Paraiba", "city": "Santa Rita"}, "game_id": "295590", "values": [{"date": "2022-04-03-01-00-00", "latency": 18}, {"date": "2022-04-03-01-00-00", "latency": 18}]}, {"location": {"country_code": "br", "region": "Sao Paulo", "city": "Apiai"}, "game_id": "295590", "values": [{"date": "2022-04-02-09-00-00", "latency": 2738}, {"date": "2022-04-02-09-00-00", "latency": 2738}, {"date": "2022-04-02-21-00-00", "latency": 16}, {"date": "2022-04-02-06-00-00", "latency": 2}, {"date": "2022-04-03-02-00-00", "latency": 0}]}, {"location": {"country_code": "se"}, "game_id": "295590", "values": [{"date": "2022-04-03-00-00-00", "latency": 3}, {"date": "2022-04-02-02-00-00", "latency": 0}, {"date": "2022-04-02-18-00-00", "latency": 3}]}, {"location": {"country_code": "no"}, "game_id": "295590", "values": [{"date": "2022-04-02-14-00-00", "latency": 3}, {"date": "2022-04-02-16-00-00", "latency": 5}, {"date": "2022-04-02-16-00-00", "latency": 14}, {"date": "2022-04-02-16-00-00", "latency": 14}, {"date": "2022-04-02-16-00-00", "latency": 14}]}, {"location": {"country_code": "us", "region": "California", "city": "East Los Angeles"}, "game_id": "295590", "values": [{"date": "2022-04-02-07-00-00", "latency": 74}]}, {"location": {"country_code": "ec"}, "game_id": "295590", "values": [{"date": "2022-04-03-02-00-00", "latency": 10}, {"date": "2022-04-02-06-00-00", "latency": 1}, {"date": "2022-04-02-06-00-00", "latency": 1}, {"date": "2022-04-02-06-00-00", "latency": 1}, {"date": "2022-04-02-06-00-00", "latency": 1}, {"date": "2022-04-02-06-00-00", "latency": 1}, {"date": "2022-04-02-02-00-00", "latency": 40}]}, {"location": {"country_code": "au"}, "game_id": "295590", "values": [{"date": "2022-04-02-05-00-00", "latency": 3}]}, {"location": {"country_code": "au", "region": "Victoria", "city": "Melbourne"}, "game_id": "295590", "values": [{"date": "2022-04-02-09-00-00", "latency": 1}]}, {"location": {"country_code": "us", "region": "Texas", "city": "Austin"}, "game_id": "295590", "values": [{"date": "2022-04-03-00-00-00", "latency": 1}, {"date": "2022-04-03-00-00-00", "latency": 1}]}, {"location": {"country_code": "es", "region": "Madrid", "city": "Parla"}, "game_id": "295590", "values": [{"date": "2022-04-02-10-00-00", "latency": 9}]}, {"location": {"country_code": "dk"}, "game_id": "295590", "values": [{"date": "2022-04-02-19-00-00", "latency": 0}]}, {"location": {"country_code": "us", "region": "Iowa"}, "game_id": "295590", "values": [{"date": "2022-04-02-07-00-00", "latency": 4}]}, {"location": {"country_code": "pl", "region": "Greater Poland Voivodeship"}, "game_id": "295590", "values": [{"date": "2022-04-03-01-00-00", "latency": 9}, {"date": "2022-04-03-01-00-00", "latency": 9}, {"date": "2022-04-03-01-00-00", "latency": 9}]}, {"location": {"country_code": "es"}, "game_id": "295590", "values": [{"date": "2022-04-03-00-00-00", "latency": 5}, {"date": "2022-04-03-00-00-00", "latency": 5}, {"date": "2022-04-02-18-00-00", "latency": 0}, {"date": "2022-04-02-18-00-00", "latency": 8}, {"date": "2022-04-02-20-00-00", "latency": 3}, {"date": "2022-04-02-20-00-00", "latency": 1}, {"date": "2022-04-02-20-00-00", "latency": 1}, {"date": "2022-04-02-20-00-00", "latency": 1}]}, {"location": {"country_code": "es", "region": "Andalusia", "city": "Cordoba"}, "game_id": "295590", "values": [{"date": "2022-04-02-18-00-00", "latency": 6}]}, {"location": {"country_code": "ar"}, "game_id": "295590", "values": [{"date": "2022-04-03-01-00-00", "latency": 8}, {"date": "2022-04-02-18-00-00", "latency": 3}, {"date": "2022-04-02-04-00-00", "latency": 4}, {"date": "2022-04-02-07-00-00", "latency": 4}, {"date": "2022-04-02-06-00-00", "latency": 163}, {"date": "2022-04-02-06-00-00", "latency": 163}, {"date": "2022-04-02-19-00-00", "latency": 6}]}, {"location": {"country_code": "ug"}, "game_id": "295590", "values": [{"date": "2022-04-02-09-00-00", "latency": 6}, {"date": "2022-04-02-09-00-00", "latency": 6}]}, {"location": {"country_code": "ar", "region": "Buenos Aires F.D.", "city": "Bahia Blanca"}, "game_id": "295590", "values": [{"date": "2022-04-02-05-00-00", "latency": 19}, {"date": "2022-04-03-00-00-00", "latency": 1543}, {"date": "2022-04-02-06-00-00", "latency": 68}]}, {"location": {"country_code": "ar", "region": "Buenos Aires"}, "game_id": "295590", "values": [{"date": "2022-04-02-08-00-00", "latency": 17}]}, {"location": {"country_code": "ar", "region": "Tucuman Province"}, "game_id": "295590", "values": [{"date": "2022-04-02-06-00-00", "latency": 8}]}, {"location": {"country_code": "ar", "region": "Buenos Aires", "city": "Berazategui"}, "game_id": "295590", "values": [{"date": "2022-04-02-09-00-00", "latency": 2}, {"date": "2022-04-02-09-00-00", "latency": 2}, {"date": "2022-04-02-09-00-00", "latency": 2}, {"date": "2022-04-02-09-00-00", "latency": 2}]}, {"location": {"country_code": "us", "region": "Massachusetts"}, "game_id": "295590", "values": [{"date": "2022-04-02-21-00-00", "latency": 6}, {"date": "2022-04-02-21-00-00", "latency": 6}]}, {"location": {"country_code": "us", "region": "Texas", "city": "Houston"}, "game_id": "295590", "values": [{"date": "2022-04-02-03-00-00", "latency": 1}, {"date": "2022-04-02-03-00-00", "latency": 1}]}, {"location": {"country_code": "au", "region": "South Australia", "city": "Adelaide"}, "game_id": "295590", "values": [{"date": "2022-04-02-13-00-00", "latency": 1204}]}, {"location": {"country_code": "us", "region": "Alaska"}, "game_id": "295590", "values": [{"date": "2022-04-02-10-00-00", "latency": 42}, {"date": "2022-04-02-10-00-00", "latency": 42}]}, {"location": {"country_code": "us", "region": "Tennessee"}, "game_id": "295590", "values": [{"date": "2022-04-02-04-00-00", "latency": 2}, {"date": "2022-04-02-03-00-00", "latency": 8}]}, {"location": {"country_code": "co"}, "game_id": "295590", "values": [{"date": "2022-04-03-01-00-00", "latency": 9}, {"date": "2022-04-03-01-00-00", "latency": 9}, {"date": "2022-04-02-04-00-00", "latency": 11}, {"date": "2022-04-02-07-00-00", "latency": 4}, {"date": "2022-04-02-07-00-00", "latency": 2}, {"date": "2022-04-03-00-00-00", "latency": 12}]}, {"location": {"country_code": "us", "region": "Utah"}, "game_id": "295590", "values": [{"date": "2022-04-02-11-00-00", "latency": 5}, {"date": "2022-04-02-05-00-00", "latency": 3}, {"date": "2022-04-02-05-00-00", "latency": 3}, {"date": "2022-04-02-05-00-00", "latency": 3}, {"date": "2022-04-02-05-00-00", "latency": 3}, {"date": "2022-04-02-05-00-00", "latency": 3}, {"date": "2022-04-02-05-00-00", "latency": 3}, {"date": "2022-04-02-05-00-00", "latency": 3}]}, {"location": {"country_code": "us", "region": "California", "city": "Chula Vista"}, "game_id": "295590", "values": [{"date": "2022-04-02-08-00-00", "latency": 8}]}, {"location": {"country_code": "us", "region": "Nevada", "city": "Las Vegas"}, "game_id": "295590", "values": [{"date": "2022-04-02-06-00-00", "latency": 8}, {"date": "2022-04-02-06-00-00", "latency": 8}, {"date": "2022-04-02-10-00-00", "latency": 8}, {"date": "2022-04-02-10-00-00", "latency": 8}, {"date": "2022-04-02-10-00-00", "latency": 8}, {"date": "2022-04-02-10-00-00", "latency": 8}, {"date": "2022-04-02-10-00-00", "latency": 8}, {"date": "2022-04-02-10-00-00", "latency": 8}, {"date": "2022-04-02-10-00-00", "latency": 8}, {"date": "2022-04-02-10-00-00", "latency": 6}]}, {"location": {"country_code": "gb", "region": "England", "city": "London"}, "game_id": "295590", "values": [{"date": "2022-04-02-03-00-00", "latency": 103}, {"date": "2022-04-02-03-00-00", "latency": 103}, {"date": "2022-04-02-03-00-00", "latency": 103}, {"date": "2022-04-02-03-00-00", "latency": 103}]}, {"location": {"country_code": "ie"}, "game_id": "295590", "values": [{"date": "2022-04-02-19-00-00", "latency": 0}, {"date": "2022-04-02-23-00-00", "latency": 5}]}, {"location": {"country_code": "tr", "region": "Marmara Bolgesi", "city": "Istanbul"}, "game_id": "295590", "values": [{"date": "2022-04-02-03-00-00", "latency": 25}]}, {"location": {"country_code": "ca", "region": "Ontario", "city": "Toronto"}, "game_id": "295590", "values": [{"date": "2022-04-02-09-00-00", "latency": 2}]}, {"location": {"country_code": "ru"}, "game_id": "295590", "values": [{"date": "2022-04-02-18-00-00", "latency": 5}]}, {"location": {"country_code": "my"}, "game_id": "295590", "values": [{"date": "2022-04-02-16-00-00", "latency": 0}]}, {"location": {"country_code": "us", "region": "Illinois"}, "game_id": "295590", "values": [{"date": "2022-04-02-08-00-00", "latency": 1}]}, {"location": {"country_code": "mx", "region": "Nuevo Leon", "city": "Monterrey"}, "game_id": "295590", "values": [{"date": "2022-04-02-08-00-00", "latency": 6}, {"date": "2022-04-02-08-00-00", "latency": 6}, {"date": "2022-04-02-09-00-00", "latency": 35}]}, {"location": {"country_code": "au", "region": "Western Australia", "city": "Perth"}, "game_id": "295590", "values": [{"date": "2022-04-02-16-00-00", "latency": 14}, {"date": "2022-04-02-16-00-00", "latency": 14}, {"date": "2022-04-02-16-00-00", "latency": 14}, {"date": "2022-04-02-16-00-00", "latency": 14}, {"date": "2022-04-02-16-00-00", "latency": 14}]}, {"location": {"country_code": "br", "region": "Rio Grande do Sul", "city": "Porto Alegre"}, "game_id": "295590", "values": [{"date": "2022-04-02-20-00-00", "latency": 8}, {"date": "2022-04-02-20-00-00", "latency": 8}, {"date": "2022-04-02-20-00-00", "latency": 8}, {"date": "2022-04-02-20-00-00", "latency": 8}, {"date": "2022-04-02-22-00-00", "latency": 6}]}, {"location": {"country_code": "br", "region": "Santa Catarina", "city": "Balneario Gaivota"}, "game_id": "295590", "values": [{"date": "2022-04-02-03-00-00", "latency": 0}, {"date": "2022-04-02-03-00-00", "latency": 0}]}, {"location": {"country_code": "us", "region": "Colorado"}, "game_id": "295590", "values": [{"date": "2022-04-02-05-00-00", "latency": 5}]}, {"location": {"country_code": "tr", "region": "Marmara Bolgesi", "city": "Bursa"}, "game_id": "295590", "values": [{"date": "2022-04-03-02-00-00", "latency": 1}, {"date": "2022-04-03-02-00-00", "latency": 1}, {"date": "2022-04-03-02-00-00", "latency": 1}]}, {"location": {"country_code": "br", "region": "State of Rio de Janeiro", "city": "Angra dos Reis"}, "game_id": "295590", "values": [{"date": "2022-04-02-05-00-00", "latency": 3}, {"date": "2022-04-02-19-00-00", "latency": 0}]}, {"location": {"country_code": "us", "region": "Florida", "city": "Miami"}, "game_id": "295590", "values": [{"date": "2022-04-03-00-00-00", "latency": 13}]}, {"location": {"country_code": "cn", "region": "Hong Kong"}, "game_id": "295590", "values": [{"date": "2022-04-02-17-00-00", "latency": 4}]}, {"location": {"country_code": "ca", "region": "Quebec", "city": "Montreal"}, "game_id": "295590", "values": [{"date": "2022-04-02-03-00-00", "latency": 63}, {"date": "2022-04-02-03-00-00", "latency": 63}]}, {"location": {"country_code": "us", "region": "Arizona", "city": "Phoenix"}, "game_id": "295590", "values": [{"date": "2022-04-02-22-00-00", "latency": 13}]}, {"location": {"country_code": "us", "region": "Colorado", "city": "Denver"}, "game_id": "295590", "values": [{"date": "2022-04-02-23-00-00", "latency": 7}]}, {"location": {"country_code": "hr"}, "game_id": "295590", "values": [{"date": "2022-04-03-00-00-00", "latency": 4}]}, {"location": {"country_code": "pe", "region": "Lima region", "city": "Lima"}, "game_id": "295590", "values": [{"date": "2022-04-02-04-00-00", "latency": 5}]}, {"location": {"country_code": "mx", "region": "Jalisco", "city": "Guadalajara"}, "game_id": "295590", "values": [{"date": "2022-04-02-23-00-00", "latency": 2}, {"date": "2022-04-02-07-00-00", "latency": 12}]}, {"location": {"country_code": "ar", "region": "Santa Fe Province", "city": "Rosario"}, "game_id": "295590", "values": [{"date": "2022-04-03-02-00-00", "latency": 4}, {"date": "2022-04-03-02-00-00", "latency": 4}]}, {"location": {"country_code": "us", "region": "Alabama"}, "game_id": "295590", "values": [{"date": "2022-04-02-05-00-00", "latency": 12}]}, {"location": {"country_code": "ca", "region": "British Columbia", "city": "Richmond"}, "game_id": "295590", "values": [{"date": "2022-04-02-08-00-00", "latency": 5}]}, {"location": {"country_code": "hn"}, "game_id": "295590", "values": [{"date": "2022-04-02-05-00-00", "latency": 6}]}, {"location": {"country_code": "us", "region": "Tennessee", "city": "Memphis"}, "game_id": "295590", "values": [{"date": "2022-04-03-01-00-00", "latency": 30}]}, {"location": {"country_code": "ca", "region": "Quebec"}, "game_id": "295590", "values": [{"date": "2022-04-02-10-00-00", "latency": 0}]}, {"location": {"country_code": "br", "region": "Federal District"}, "game_id": "295590", "values": [{"date": "2022-04-02-22-00-00", "latency": 8}]}, {"location": {"country_code": "mx", "region": "Sonora"}, "game_id": "295590", "values": [{"date": "2022-04-02-04-00-00", "latency": 1284}]}, {"location": {"country_code": "fr", "region": "Nord-Passo di Calais-Piccardia", "city": "Lille"}, "game_id": "295590", "values": [{"date": "2022-04-02-13-00-00", "latency": 2950}]}, {"location": {"country_code": "es", "region": "Madrid"}, "game_id": "295590", "values": [{"date": "2022-04-03-01-00-00", "latency": 3}]}, {"location": {"country_code": "ar", "region": "Tucuman Province", "city": "San Miguel de Tucuman"}, "game_id": "295590", "values": [{"date": "2022-04-02-04-00-00", "latency": 4}, {"date": "2022-04-02-04-00-00", "latency": 4}]}, {"location": {"country_code": "us", "region": "Washington", "city": "Seattle"}, "game_id": "295590", "values": [{"date": "2022-04-02-23-00-00", "latency": 18}]}, {"location": {"country_code": "bg"}, "game_id": "295590", "values": [{"date": "2022-04-02-19-00-00", "latency": 4}]}, {"location": {"country_code": "de", "region": "North Rhine-Westphalia"}, "game_id": "295590", "values": [{"date": "2022-04-02-23-00-00", "latency": 2}]}, {"location": {"country_code": "br", "region": "Rio Grande do Norte", "city": "Natal"}, "game_id": "295590", "values": [{"date": "2022-04-03-00-00-00", "latency": 8}, {"date": "2022-04-02-04-00-00", "latency": 2}, {"date": "2022-04-02-04-00-00", "latency": 2}, {"date": "2022-04-02-04-00-00", "latency": 2}, {"date": "2022-04-02-04-00-00", "latency": 2}, {"date": "2022-04-02-04-00-00", "latency": 2}, {"date": "2022-04-02-04-00-00", "latency": 2}, {"date": "2022-04-02-04-00-00", "latency": 2}, {"date": "2022-04-02-04-00-00", "latency": 2}, {"date": "2022-04-02-04-00-00", "latency": 2}, {"date": "2022-04-02-04-00-00", "latency": 2}, {"date": "2022-04-02-04-00-00", "latency": 2}, {"date": "2022-04-02-04-00-00", "latency": 2}, {"date": "2022-04-02-04-00-00", "latency": 2}, {"date": "2022-04-02-04-00-00", "latency": 2}]}, {"location": {"country_code": "es", "region": "Murcia", "city": "Lorca"}, "game_id": "295590", "values": [{"date": "2022-04-02-03-00-00", "latency": 4}]}, {"location": {"country_code": "de", "region": "Bavaria", "city": "Munich"}, "game_id": "295590", "values": [{"date": "2022-04-02-16-00-00", "latency": 1}]}, {"location": {"country_code": "us", "region": "Arkansas"}, "game_id": "295590", "values": [{"date": "2022-04-02-10-00-00", "latency": 3}, {"date": "2022-04-02-02-00-00", "latency": 59}, {"date": "2022-04-02-02-00-00", "latency": 59}, {"date": "2022-04-02-02-00-00", "latency": 59}]}, {"location": {"country_code": "br", "region": "Estado de Bahia"}, "game_id": "295590", "values": [{"date": "2022-04-02-05-00-00", "latency": 5}]}, {"location": {"country_code": "es", "region": "Valencia", "city": "Gandia"}, "game_id": "295590", "values": [{"date": "2022-04-02-09-00-00", "latency": 4}, {"date": "2022-04-02-15-00-00", "latency": 1}, {"date": "2022-04-03-01-00-00", "latency": 4}]}, {"location": {"country_code": "ar", "region": "Buenos Aires", "city": "La Plata"}, "game_id": "295590", "values": [{"date": "2022-04-02-17-00-00", "latency": 6}, {"date": "2022-04-02-17-00-00", "latency": 6}, {"date": "2022-04-02-17-00-00", "latency": 6}]}, {"location": {"country_code": "br", "region": "Amazonas", "city": "Manaus"}, "game_id": "295590", "values": [{"date": "2022-04-02-04-00-00", "latency": 29}, {"date": "2022-04-02-04-00-00", "latency": 29}]}, {"location": {"country_code": "us", "region": "New York"}, "game_id": "295590", "values": [{"date": "2022-04-03-02-00-00", "latency": 8}]}, {"location": {"country_code": "fr", "region": "Provence-Alpes-Cote d'Azur Region", "city": "Aix-en-Provence"}, "game_id": "295590", "values": [{"date": "2022-04-03-00-00-00", "latency": 9}]}, {"location": {"country_code": "mx", "region": "Baja California"}, "game_id": "295590", "values": [{"date": "2022-04-02-09-00-00", "latency": 5}]}, {"location": {"country_code": "es", "region": "Andalusia", "city": "Marbella"}, "game_id": "295590", "values": [{"date": "2022-04-02-20-00-00", "latency": 5}]}, {"location": {"country_code": "br", "region": "Sao Paulo", "city": "Barretos"}, "game_id": "295590", "values": [{"date": "2022-04-02-08-00-00", "latency": 3}]}, {"location": {"country_code": "us", "region": "North Dakota"}, "game_id": "295590", "values": [{"date": "2022-04-02-11-00-00", "latency": 5}, {"date": "2022-04-02-11-00-00", "latency": 5}]}, {"location": {"country_code": "ca", "region": "Ontario", "city": "Hamilton"}, "game_id": "295590", "values": [{"date": "2022-04-02-05-00-00", "latency": 0}]}, {"location": {"country_code": "us", "region": "Nevada"}, "game_id": "295590", "values": [{"date": "2022-04-02-15-00-00", "latency": 8}, {"date": "2022-04-02-15-00-00", "latency": 8}, {"date": "2022-04-02-15-00-00", "latency": 8}]}, {"location": {"country_code": "lu"}, "game_id": "295590", "values": [{"date": "2022-04-02-14-00-00", "latency": 0}]}, {"location": {"country_code": "sa", "region": "Mecca Region", "city": "Jeddah"}, "game_id": "295590", "values": [{"date": "2022-04-02-08-00-00", "latency": 3}]}, {"location": {"country_code": "es", "region": "Andalusia", "city": "Jerez"}, "game_id": "295590", "values": [{"date": "2022-04-02-02-00-00", "latency": 4}]}, {"location": {"country_code": "fr", "region": "Centre-Val de Loire", "city": "Orleans"}, "game_id": "295590", "values": [{"date": "2022-04-02-12-00-00", "latency": 3}, {"date": "2022-04-02-12-00-00", "latency": 3}]}, {"location": {"country_code": "ar", "region": "Buenos Aires", "city": "Bahia Blanca"}, "game_id": "295590", "values": [{"date": "2022-04-02-23-00-00", "latency": 5}]}, {"location": {"country_code": "us", "region": "Nevada", "city": "Reno"}, "game_id": "295590", "values": [{"date": "2022-04-02-07-00-00", "latency": 8}, {"date": "2022-04-02-07-00-00", "latency": 8}]}, {"location": {"country_code": "es", "region": "Castille and Leon"}, "game_id": "295590", "values": [{"date": "2022-04-03-02-00-00", "latency": 5}, {"date": "2022-04-03-02-00-00", "latency": 5}, {"date": "2022-04-03-02-00-00", "latency": 5}, {"date": "2022-04-03-02-00-00", "latency": 5}, {"date": "2022-04-03-02-00-00", "latency": 5}]}, {"location": {"country_code": "es", "region": "Andalusia", "city": "Ayamonte"}, "game_id": "295590", "values": [{"date": "2022-04-02-16-00-00", "latency": 4}]}, {"location": {"country_code": "mg"}, "game_id": "295590", "values": [{"date": "2022-04-02-17-00-00", "latency": 0}]}, {"location": {"country_code": "br", "region": "State of Rio de Janeiro", "city": "Duque de Caxias"}, "game_id": "295590", "values": [{"date": "2022-04-02-21-00-00", "latency": 4}]}, {"location": {"country_code": "al"}, "game_id": "295590", "values": [{"date": "2022-04-02-05-00-00", "latency": 7}]}, {"location": {"country_code": "us", "region": "California", "city": "Healdsburg"}, "game_id": "295590", "values": [{"date": "2022-04-02-15-00-00", "latency": 7}]}, {"location": {"country_code": "ph", "region": "National Capital Region", "city": "Muntinlupa"}, "game_id": "295590", "values": [{"date": "2022-04-02-02-00-00", "latency": 3}, {"date": "2022-04-02-02-00-00", "latency": 3}, {"date": "2022-04-02-02-00-00", "latency": 3}, {"date": "2022-04-02-02-00-00", "latency": 3}, {"date": "2022-04-02-02-00-00", "latency": 3}]}, {"location": {"country_code": "us", "region": "Florida", "city": "Vero Beach"}, "game_id": "295590", "values": [{"date": "2022-04-02-04-00-00", "latency": 8}, {"date": "2022-04-02-04-00-00", "latency": 8}]}, {"location": {"country_code": "ca", "region": "Ontario", "city": "Mississauga"}, "game_id": "295590", "values": [{"date": "2022-04-03-01-00-00", "latency": 3}]}, {"location": {"country_code": "gl"}, "game_id": "295590", "values": [{"date": "2022-04-03-02-00-00", "latency": 7}]}, {"location": {"country_code": "it", "region": "The Marches"}, "game_id": "295590", "values": [{"date": "2022-04-03-01-00-00", "latency": 2}, {"date": "2022-04-03-01-00-00", "latency": 2}, {"date": "2022-04-03-01-00-00", "latency": 2}]}, {"location": {"country_code": "us", "region": "California", "city": "Compton"}, "game_id": "295590", "values": [{"date": "2022-04-02-06-00-00", "latency": 8}]}, {"location": {"country_code": "sk", "region": "Zilina Region", "city": "Vrutky"}, "game_id": "295590", "values": [{"date": "2022-04-02-17-00-00", "latency": 0}]}, {"location": {"country_code": "us", "region": "California", "city": "Berkeley"}, "game_id": "295590", "values": [{"date": "2022-04-02-04-00-00", "latency": 1}]}, {"location": {"country_code": "br", "region": "Mato Grosso", "city": "Aripuana"}, "game_id": "295590", "values": [{"date": "2022-04-03-00-00-00", "latency": 62}, {"date": "2022-04-03-00-00-00", "latency": 62}, {"date": "2022-04-03-00-00-00", "latency": 62}]}, {"location": {"country_code": "br", "region": "Ceara", "city": "Caucaia"}, "game_id": "295590", "values": [{"date": "2022-04-02-04-00-00", "latency": 1}]}, {"location": {"country_code": "ar", "region": "Buenos Aires", "city": "Berisso"}, "game_id": "295590", "values": [{"date": "2022-04-02-09-00-00", "latency": 7}, {"date": "2022-04-02-09-00-00", "latency": 7}, {"date": "2022-04-02-09-00-00", "latency": 7}]}, {"location": {"country_code": "br", "region": "Parana", "city": "Wenceslau Braz"}, "game_id": "295590", "values": [{"date": "2022-04-02-06-00-00", "latency": 8}]}, {"location": {"country_code": "ro", "region": "Dolj County", "city": "Craiova"}, "game_id": "295590", "values": [{"date": "2022-04-02-23-00-00", "latency": 8}, {"date": "2022-04-02-23-00-00", "latency": 8}, {"date": "2022-04-02-23-00-00", "latency": 8}]}, {"location": {"country_code": "us", "region": "Ohio", "city": "Oberlin"}, "game_id": "295590", "values": [{"date": "2022-04-02-21-00-00", "latency": 2}]}, {"location": {"country_code": "us", "region": "New Jersey", "city": "Phillipsburg"}, "game_id": "295590", "values": [{"date": "2022-04-02-10-00-00", "latency": 5}]}, {"location": {"country_code": "ro", "region": "Olt County", "city": "Caracal"}, "game_id": "295590", "values": [{"date": "2022-04-02-05-00-00", "latency": 6}]}, {"location": {"country_code": "us", "region": "Oregon", "city": "Newberg"}, "game_id": "295590", "values": [{"date": "2022-04-02-12-00-00", "latency": 1}]}, {"location": {"country_code": "br", "region": "Rio Grande do Sul", "city": "Sao Jose do Norte"}, "game_id": "295590", "values": [{"date": "2022-04-02-03-00-00", "latency": 3}, {"date": "2022-04-02-03-00-00", "latency": 3}, {"date": "2022-04-02-03-00-00", "latency": 3}]}, {"location": {"country_code": "es", "region": "Andalusia", "city": "Posadas"}, "game_id": "295590", "values": [{"date": "2022-04-02-20-00-00", "latency": 30}]}, {"location": {"country_code": "us", "region": "Utah", "city": "Saratoga Springs"}, "game_id": "295590", "values": [{"date": "2022-04-02-06-00-00", "latency": 9}]}], "last_updated": 1719919197.555547}