{"data": [{"location": {"country_code": "us"}, "game_id": "116088", "values": [{"date": "2022-10-28-19-00-00", "latency": 83}]}, {"location": {"country_code": "gb"}, "game_id": "116088", "values": [{"date": "2022-10-28-16-00-00", "latency": 77}]}, {"location": {"country_code": "th"}, "game_id": "116088", "values": [{"date": "2022-10-28-22-00-00", "latency": 89}]}, {"location": {"country_code": "gr"}, "game_id": "116088", "values": [{"date": "2022-10-28-08-00-00", "latency": 95}, {"date": "2022-10-28-21-00-00", "latency": 85}]}, {"location": {"country_code": "cz"}, "game_id": "116088", "values": [{"date": "2022-10-29-01-00-00", "latency": 55}]}, {"location": {"country_code": "it"}, "game_id": "116088", "values": [{"date": "2022-10-28-14-00-00", "latency": 42}, {"date": "2022-10-28-14-00-00", "latency": 42}, {"date": "2022-10-28-14-00-00", "latency": 42}, {"date": "2022-10-28-14-00-00", "latency": 42}]}, {"location": {"country_code": "ro"}, "game_id": "116088", "values": [{"date": "2022-10-29-00-00-00", "latency": 42}, {"date": "2022-10-29-00-00-00", "latency": 42}, {"date": "2022-10-29-00-00-00", "latency": 42}, {"date": "2022-10-29-00-00-00", "latency": 42}, {"date": "2022-10-29-00-00-00", "latency": 42}, {"date": "2022-10-29-00-00-00", "latency": 42}, {"date": "2022-10-28-03-00-00", "latency": 315}, {"date": "2022-10-28-19-00-00", "latency": 64}, {"date": "2022-10-28-19-00-00", "latency": 64}, {"date": "2022-10-28-19-00-00", "latency": 64}, {"date": "2022-10-28-19-00-00", "latency": 64}, {"date": "2022-10-28-22-00-00", "latency": 40}, {"date": "2022-10-28-22-00-00", "latency": 40}]}, {"location": {"country_code": "jp"}, "game_id": "116088", "values": [{"date": "2022-10-28-14-00-00", "latency": 119}, {"date": "2022-10-28-14-00-00", "latency": 119}, {"date": "2022-10-28-14-00-00", "latency": 119}, {"date": "2022-10-28-14-00-00", "latency": 119}, {"date": "2022-10-28-14-00-00", "latency": 119}, {"date": "2022-10-28-14-00-00", "latency": 119}, {"date": "2022-10-28-14-00-00", "latency": 119}, {"date": "2022-10-28-14-00-00", "latency": 119}, {"date": "2022-10-28-14-00-00", "latency": 119}, {"date": "2022-10-28-14-00-00", "latency": 119}, {"date": "2022-10-28-14-00-00", "latency": 119}, {"date": "2022-10-28-14-00-00", "latency": 119}, {"date": "2022-10-28-14-00-00", "latency": 119}, {"date": "2022-10-28-14-00-00", "latency": 119}, {"date": "2022-10-28-14-00-00", "latency": 119}, {"date": "2022-10-28-14-00-00", "latency": 119}, {"date": "2022-10-28-14-00-00", "latency": 119}, {"date": "2022-10-28-14-00-00", "latency": 119}, {"date": "2022-10-28-14-00-00", "latency": 119}, {"date": "2022-10-28-14-00-00", "latency": 119}, {"date": "2022-10-28-14-00-00", "latency": 119}, {"date": "2022-10-28-14-00-00", "latency": 119}, {"date": "2022-10-28-09-00-00", "latency": 141}]}, {"location": {"country_code": "ca"}, "game_id": "116088", "values": [{"date": "2022-10-28-06-00-00", "latency": 159}, {"date": "2022-10-28-08-00-00", "latency": 65}, {"date": "2022-10-28-08-00-00", "latency": 65}, {"date": "2022-10-28-08-00-00", "latency": 65}, {"date": "2022-10-28-08-00-00", "latency": 65}]}, {"location": {"country_code": "de"}, "game_id": "116088", "values": [{"date": "2022-10-28-17-00-00", "latency": 207}, {"date": "2022-10-28-17-00-00", "latency": 207}, {"date": "2022-10-28-17-00-00", "latency": 207}, {"date": "2022-10-28-17-00-00", "latency": 207}, {"date": "2022-10-28-17-00-00", "latency": 207}, {"date": "2022-10-28-17-00-00", "latency": 207}, {"date": "2022-10-28-17-00-00", "latency": 207}, {"date": "2022-10-29-00-00-00", "latency": 159}]}, {"location": {"country_code": "cl"}, "game_id": "116088", "values": [{"date": "2022-10-29-00-00-00", "latency": 304}, {"date": "2022-10-29-00-00-00", "latency": 304}, {"date": "2022-10-29-00-00-00", "latency": 304}]}, {"location": {"country_code": "ph"}, "game_id": "116088", "values": [{"date": "2022-10-28-08-00-00", "latency": 130}, {"date": "2022-10-28-08-00-00", "latency": 130}, {"date": "2022-10-28-08-00-00", "latency": 130}, {"date": "2022-10-28-13-00-00", "latency": 106}, {"date": "2022-10-28-06-00-00", "latency": 101}, {"date": "2022-10-28-06-00-00", "latency": 101}, {"date": "2022-10-28-06-00-00", "latency": 101}, {"date": "2022-10-28-06-00-00", "latency": 101}, {"date": "2022-10-28-06-00-00", "latency": 101}, {"date": "2022-10-28-06-00-00", "latency": 101}, {"date": "2022-10-28-21-00-00", "latency": 76}, {"date": "2022-10-28-21-00-00", "latency": 76}, {"date": "2022-10-28-21-00-00", "latency": 76}, {"date": "2022-10-28-15-00-00", "latency": 110}]}, {"location": {"country_code": "br"}, "game_id": "116088", "values": [{"date": "2022-10-28-19-00-00", "latency": 29}, {"date": "2022-10-28-03-00-00", "latency": 73}, {"date": "2022-10-28-03-00-00", "latency": 143}, {"date": "2022-10-28-03-00-00", "latency": 143}, {"date": "2022-10-28-03-00-00", "latency": 143}, {"date": "2022-10-28-03-00-00", "latency": 143}]}, {"location": {"country_code": "us", "region": "California", "city": "East Los Angeles"}, "game_id": "116088", "values": [{"date": "2022-10-29-00-00-00", "latency": 82}, {"date": "2022-10-29-00-00-00", "latency": 82}, {"date": "2022-10-29-00-00-00", "latency": 82}, {"date": "2022-10-29-00-00-00", "latency": 82}, {"date": "2022-10-29-00-00-00", "latency": 82}, {"date": "2022-10-29-00-00-00", "latency": 82}, {"date": "2022-10-29-00-00-00", "latency": 82}, {"date": "2022-10-29-00-00-00", "latency": 82}]}, {"location": {"country_code": "au"}, "game_id": "116088", "values": [{"date": "2022-10-28-08-00-00", "latency": 116}, {"date": "2022-10-28-08-00-00", "latency": 116}, {"date": "2022-10-28-08-00-00", "latency": 116}, {"date": "2022-10-28-08-00-00", "latency": 116}, {"date": "2022-10-28-08-00-00", "latency": 116}, {"date": "2022-10-28-08-00-00", "latency": 116}, {"date": "2022-10-28-08-00-00", "latency": 116}, {"date": "2022-10-28-08-00-00", "latency": 116}]}, {"location": {"country_code": "tr"}, "game_id": "116088", "values": [{"date": "2022-10-28-22-00-00", "latency": 66}, {"date": "2022-10-29-01-00-00", "latency": 67}, {"date": "2022-10-29-01-00-00", "latency": 67}, {"date": "2022-10-29-01-00-00", "latency": 67}, {"date": "2022-10-29-01-00-00", "latency": 67}, {"date": "2022-10-29-01-00-00", "latency": 67}, {"date": "2022-10-29-01-00-00", "latency": 67}, {"date": "2022-10-29-01-00-00", "latency": 67}, {"date": "2022-10-29-01-00-00", "latency": 67}, {"date": "2022-10-29-01-00-00", "latency": 67}, {"date": "2022-10-28-12-00-00", "latency": 87}, {"date": "2022-10-28-12-00-00", "latency": 87}, {"date": "2022-10-28-12-00-00", "latency": 87}]}, {"location": {"country_code": "by", "region": "Minsk"}, "game_id": "116088", "values": [{"date": "2022-10-28-22-00-00", "latency": 49}, {"date": "2022-10-28-22-00-00", "latency": 49}, {"date": "2022-10-28-22-00-00", "latency": 49}, {"date": "2022-10-28-22-00-00", "latency": 49}, {"date": "2022-10-28-22-00-00", "latency": 49}]}, {"location": {"country_code": "fi"}, "game_id": "116088", "values": [{"date": "2022-10-28-19-00-00", "latency": 60}, {"date": "2022-10-28-12-00-00", "latency": 67}, {"date": "2022-10-28-12-00-00", "latency": 67}, {"date": "2022-10-28-12-00-00", "latency": 67}, {"date": "2022-10-28-12-00-00", "latency": 67}]}, {"location": {"country_code": "ar", "region": "Buenos Aires"}, "game_id": "116088", "values": [{"date": "2022-10-28-19-00-00", "latency": 52}, {"date": "2022-10-28-19-00-00", "latency": 52}, {"date": "2022-10-28-19-00-00", "latency": 52}, {"date": "2022-10-28-19-00-00", "latency": 52}, {"date": "2022-10-28-19-00-00", "latency": 52}]}, {"location": {"country_code": "pe"}, "game_id": "116088", "values": [{"date": "2022-10-28-06-00-00", "latency": 121}, {"date": "2022-10-28-06-00-00", "latency": 121}, {"date": "2022-10-28-06-00-00", "latency": 121}, {"date": "2022-10-28-06-00-00", "latency": 121}, {"date": "2022-10-28-06-00-00", "latency": 121}, {"date": "2022-10-28-06-00-00", "latency": 121}, {"date": "2022-10-28-06-00-00", "latency": 121}, {"date": "2022-10-28-06-00-00", "latency": 121}, {"date": "2022-10-28-06-00-00", "latency": 121}, {"date": "2022-10-28-12-00-00", "latency": 133}, {"date": "2022-10-28-12-00-00", "latency": 133}, {"date": "2022-10-28-12-00-00", "latency": 133}]}, {"location": {"country_code": "ua"}, "game_id": "116088", "values": [{"date": "2022-10-28-23-00-00", "latency": 264}, {"date": "2022-10-29-02-00-00", "latency": 66}, {"date": "2022-10-29-02-00-00", "latency": 66}, {"date": "2022-10-28-20-00-00", "latency": 48}, {"date": "2022-10-28-20-00-00", "latency": 48}, {"date": "2022-10-28-20-00-00", "latency": 48}, {"date": "2022-10-28-02-00-00", "latency": 40}, {"date": "2022-10-28-21-00-00", "latency": 52}, {"date": "2022-10-28-10-00-00", "latency": 86}, {"date": "2022-10-28-21-00-00", "latency": 324}, {"date": "2022-10-28-19-00-00", "latency": 60}, {"date": "2022-10-28-16-00-00", "latency": 81}, {"date": "2022-10-28-16-00-00", "latency": 81}, {"date": "2022-10-29-02-00-00", "latency": 126}, {"date": "2022-10-29-02-00-00", "latency": 126}, {"date": "2022-10-29-02-00-00", "latency": 126}, {"date": "2022-10-29-02-00-00", "latency": 126}, {"date": "2022-10-29-02-00-00", "latency": 126}, {"date": "2022-10-29-02-00-00", "latency": 126}, {"date": "2022-10-29-02-00-00", "latency": 126}, {"date": "2022-10-29-02-00-00", "latency": 126}, {"date": "2022-10-29-02-00-00", "latency": 126}, {"date": "2022-10-29-02-00-00", "latency": 126}, {"date": "2022-10-29-02-00-00", "latency": 126}, {"date": "2022-10-29-02-00-00", "latency": 126}, {"date": "2022-10-29-02-00-00", "latency": 126}, {"date": "2022-10-29-02-00-00", "latency": 126}, {"date": "2022-10-29-02-00-00", "latency": 126}, {"date": "2022-10-29-02-00-00", "latency": 126}, {"date": "2022-10-29-02-00-00", "latency": 126}, {"date": "2022-10-29-02-00-00", "latency": 126}, {"date": "2022-10-29-02-00-00", "latency": 126}, {"date": "2022-10-29-02-00-00", "latency": 126}, {"date": "2022-10-29-02-00-00", "latency": 126}, {"date": "2022-10-29-02-00-00", "latency": 126}, {"date": "2022-10-29-02-00-00", "latency": 126}, {"date": "2022-10-29-02-00-00", "latency": 126}, {"date": "2022-10-29-02-00-00", "latency": 126}, {"date": "2022-10-29-02-00-00", "latency": 126}, {"date": "2022-10-29-02-00-00", "latency": 126}, {"date": "2022-10-29-02-00-00", "latency": 126}, {"date": "2022-10-29-02-00-00", "latency": 126}, {"date": "2022-10-29-02-00-00", "latency": 126}, {"date": "2022-10-29-02-00-00", "latency": 126}, {"date": "2022-10-28-22-00-00", "latency": 68}, {"date": "2022-10-28-22-00-00", "latency": 68}, {"date": "2022-10-28-22-00-00", "latency": 68}, {"date": "2022-10-28-22-00-00", "latency": 68}, {"date": "2022-10-28-22-00-00", "latency": 68}, {"date": "2022-10-28-15-00-00", "latency": 93}, {"date": "2022-10-28-15-00-00", "latency": 93}, {"date": "2022-10-28-14-00-00", "latency": 89}, {"date": "2022-10-28-17-00-00", "latency": 74}, {"date": "2022-10-29-02-00-00", "latency": 87}]}, {"location": {"country_code": "kr", "region": "Seoul"}, "game_id": "116088", "values": [{"date": "2022-10-28-10-00-00", "latency": 89}, {"date": "2022-10-28-10-00-00", "latency": 89}]}, {"location": {"country_code": "kz"}, "game_id": "116088", "values": [{"date": "2022-10-28-02-00-00", "latency": 81}, {"date": "2022-10-28-02-00-00", "latency": 81}, {"date": "2022-10-28-04-00-00", "latency": 117}, {"date": "2022-10-28-04-00-00", "latency": 117}, {"date": "2022-10-28-04-00-00", "latency": 117}, {"date": "2022-10-28-04-00-00", "latency": 117}, {"date": "2022-10-28-04-00-00", "latency": 117}, {"date": "2022-10-28-04-00-00", "latency": 117}]}, {"location": {"country_code": "ru"}, "game_id": "116088", "values": [{"date": "2022-10-29-00-00-00", "latency": 193}, {"date": "2022-10-29-00-00-00", "latency": 193}, {"date": "2022-10-28-13-00-00", "latency": 51}, {"date": "2022-10-28-13-00-00", "latency": 51}, {"date": "2022-10-28-13-00-00", "latency": 51}, {"date": "2022-10-28-13-00-00", "latency": 51}, {"date": "2022-10-28-19-00-00", "latency": 167}, {"date": "2022-10-28-19-00-00", "latency": 167}]}, {"location": {"country_code": "id"}, "game_id": "116088", "values": [{"date": "2022-10-28-15-00-00", "latency": 100}, {"date": "2022-10-28-15-00-00", "latency": 44}, {"date": "2022-10-28-15-00-00", "latency": 79}, {"date": "2022-10-28-22-00-00", "latency": 79}, {"date": "2022-10-28-22-00-00", "latency": 79}, {"date": "2022-10-28-22-00-00", "latency": 79}, {"date": "2022-10-28-22-00-00", "latency": 79}]}, {"location": {"country_code": "cn", "region": "Hong Kong"}, "game_id": "116088", "values": [{"date": "2022-10-28-10-00-00", "latency": 69}, {"date": "2022-10-28-10-00-00", "latency": 69}, {"date": "2022-10-28-10-00-00", "latency": 69}, {"date": "2022-10-28-10-00-00", "latency": 69}, {"date": "2022-10-28-10-00-00", "latency": 69}]}, {"location": {"country_code": "by"}, "game_id": "116088", "values": [{"date": "2022-10-28-21-00-00", "latency": 112}, {"date": "2022-10-28-21-00-00", "latency": 112}, {"date": "2022-10-28-21-00-00", "latency": 112}, {"date": "2022-10-28-19-00-00", "latency": 73}, {"date": "2022-10-28-19-00-00", "latency": 73}, {"date": "2022-10-28-19-00-00", "latency": 73}, {"date": "2022-10-28-19-00-00", "latency": 73}, {"date": "2022-10-28-19-00-00", "latency": 64}, {"date": "2022-10-28-19-00-00", "latency": 64}, {"date": "2022-10-28-19-00-00", "latency": 64}, {"date": "2022-10-28-19-00-00", "latency": 64}, {"date": "2022-10-28-19-00-00", "latency": 64}, {"date": "2022-10-28-19-00-00", "latency": 64}]}, {"location": {"country_code": "ca", "region": "British Columbia", "city": "Richmond"}, "game_id": "116088", "values": [{"date": "2022-10-28-02-00-00", "latency": 62}, {"date": "2022-10-28-02-00-00", "latency": 62}, {"date": "2022-10-28-02-00-00", "latency": 62}]}, {"location": {"country_code": "ne"}, "game_id": "116088", "values": [{"date": "2022-10-28-21-00-00", "latency": 40}]}, {"location": {"country_code": "ua", "region": "Kharkiv Oblast", "city": "Donets"}, "game_id": "116088", "values": [{"date": "2022-10-28-22-00-00", "latency": 87}]}, {"location": {"country_code": "ru", "region": "Tomsk Oblast"}, "game_id": "116088", "values": [{"date": "2022-10-28-20-00-00", "latency": 169}, {"date": "2022-10-28-20-00-00", "latency": 169}, {"date": "2022-10-28-20-00-00", "latency": 169}, {"date": "2022-10-28-20-00-00", "latency": 169}, {"date": "2022-10-28-19-00-00", "latency": 891}]}, {"location": {"country_code": "fo"}, "game_id": "116088", "values": [{"date": "2022-10-28-21-00-00", "latency": 137}, {"date": "2022-10-28-21-00-00", "latency": 137}, {"date": "2022-10-28-21-00-00", "latency": 137}]}, {"location": {"country_code": "us", "region": "Arizona", "city": "Scottsdale"}, "game_id": "116088", "values": [{"date": "2022-10-28-04-00-00", "latency": 89}]}, {"location": {"country_code": "br", "region": "Roraima", "city": "Boa Vista"}, "game_id": "116088", "values": [{"date": "2022-10-28-19-00-00", "latency": 152}, {"date": "2022-10-28-19-00-00", "latency": 152}, {"date": "2022-10-28-19-00-00", "latency": 152}, {"date": "2022-10-28-19-00-00", "latency": 152}, {"date": "2022-10-28-19-00-00", "latency": 152}, {"date": "2022-10-28-19-00-00", "latency": 152}]}, {"location": {"country_code": "br", "region": "Goias"}, "game_id": "116088", "values": [{"date": "2022-10-28-23-00-00", "latency": 96}, {"date": "2022-10-28-23-00-00", "latency": 96}, {"date": "2022-10-28-23-00-00", "latency": 96}, {"date": "2022-10-28-23-00-00", "latency": 96}, {"date": "2022-10-28-23-00-00", "latency": 96}, {"date": "2022-10-28-23-00-00", "latency": 96}]}, {"location": {"country_code": "ru", "region": "Krasnodar Krai", "city": "Novorossiysk"}, "game_id": "116088", "values": [{"date": "2022-10-28-15-00-00", "latency": 69}, {"date": "2022-10-28-15-00-00", "latency": 69}, {"date": "2022-10-28-15-00-00", "latency": 69}, {"date": "2022-10-28-15-00-00", "latency": 69}]}, {"location": {"country_code": "ru", "region": "Voronezh Oblast", "city": "Voronezh"}, "game_id": "116088", "values": [{"date": "2022-10-28-03-00-00", "latency": 62}, {"date": "2022-10-28-03-00-00", "latency": 62}, {"date": "2022-10-28-03-00-00", "latency": 62}, {"date": "2022-10-28-03-00-00", "latency": 62}, {"date": "2022-10-28-03-00-00", "latency": 62}]}, {"location": {"country_code": "uz"}, "game_id": "116088", "values": [{"date": "2022-10-28-12-00-00", "latency": 70}]}, {"location": {"country_code": "jp", "region": "Saitama"}, "game_id": "116088", "values": [{"date": "2022-10-28-13-00-00", "latency": 907}]}, {"location": {"country_code": "ph", "region": "National Capital Region", "city": "Muntinlupa"}, "game_id": "116088", "values": [{"date": "2022-10-28-13-00-00", "latency": 91}]}, {"location": {"country_code": "ru", "region": "Bashkortostan Republic", "city": "Ufa"}, "game_id": "116088", "values": [{"date": "2022-10-28-22-00-00", "latency": 81}, {"date": "2022-10-28-22-00-00", "latency": 81}]}, {"location": {"country_code": "in", "region": "Maharashtra", "city": "Pune"}, "game_id": "116088", "values": [{"date": "2022-10-28-15-00-00", "latency": 111}, {"date": "2022-10-28-15-00-00", "latency": 111}, {"date": "2022-10-28-15-00-00", "latency": 111}, {"date": "2022-10-28-15-00-00", "latency": 111}, {"date": "2022-10-28-15-00-00", "latency": 111}]}, {"location": {"country_code": "cz", "region": "Ustecky kraj", "city": "Decin"}, "game_id": "116088", "values": [{"date": "2022-10-28-18-00-00", "latency": 64}, {"date": "2022-10-28-18-00-00", "latency": 64}, {"date": "2022-10-28-18-00-00", "latency": 64}, {"date": "2022-10-28-18-00-00", "latency": 64}]}], "last_updated": 1719927610.780182}