{"data": [{"location": {"country_code": "us"}, "game_id": "273486", "values": [{"date": "2022-11-19-06-00-00", "latency": "41"}, {"date": "2022-11-19-06-00-00", "latency": "41"}, {"date": "2022-11-19-06-00-00", "latency": "41"}, {"date": "2022-11-19-06-00-00", "latency": "41"}, {"date": "2022-11-19-06-00-00", "latency": "41"}, {"date": "2022-11-19-06-00-00", "latency": "41"}, {"date": "2022-11-19-06-00-00", "latency": "41"}, {"date": "2022-11-19-06-00-00", "latency": "41"}, {"date": "2022-11-19-06-00-00", "latency": "41"}, {"date": "2022-11-19-06-00-00", "latency": "41"}, {"date": "2022-11-19-02-00-00", "latency": "28"}, {"date": "2022-11-19-02-00-00", "latency": "28"}, {"date": "2022-11-19-02-00-00", "latency": "28"}, {"date": "2022-11-19-02-00-00", "latency": "28"}, {"date": "2022-11-19-02-00-00", "latency": "28"}, {"date": "2022-11-19-02-00-00", "latency": "28"}, {"date": "2022-11-19-02-00-00", "latency": "28"}, {"date": "2022-11-19-02-00-00", "latency": "28"}, {"date": "2022-11-19-02-00-00", "latency": "28"}, {"date": "2022-11-19-02-00-00", "latency": "28"}, {"date": "2022-11-19-02-00-00", "latency": "28"}, {"date": "2022-11-19-02-00-00", "latency": "28"}, {"date": "2022-11-19-02-00-00", "latency": "28"}, {"date": "2022-11-19-02-00-00", "latency": "28"}, {"date": "2022-11-19-02-00-00", "latency": "28"}, {"date": "2022-11-19-02-00-00", "latency": "28"}, {"date": "2022-11-19-02-00-00", "latency": "28"}, {"date": "2022-11-19-02-00-00", "latency": "28"}, {"date": "2022-11-19-02-00-00", "latency": "28"}, {"date": "2022-11-19-02-00-00", "latency": "28"}, {"date": "2022-11-19-02-00-00", "latency": "28"}, {"date": "2022-11-19-10-00-00", "latency": "92"}, {"date": "2022-11-19-10-00-00", "latency": "92"}, {"date": "2022-11-19-10-00-00", "latency": "92"}, {"date": "2022-11-19-10-00-00", "latency": "92"}, {"date": "2022-11-19-10-00-00", "latency": "92"}, {"date": "2022-11-19-10-00-00", "latency": "92"}, {"date": "2022-11-19-10-00-00", "latency": "92"}, {"date": "2022-11-19-10-00-00", "latency": "92"}, {"date": "2022-11-19-08-00-00", "latency": "62"}]}, {"location": {"country_code": "it"}, "game_id": "273486", "values": [{"date": "2022-11-19-04-00-00", "latency": "1"}, {"date": "2022-11-19-04-00-00", "latency": "1"}]}, {"location": {"country_code": "za"}, "game_id": "273486", "values": [{"date": "2022-11-19-08-00-00", "latency": "43"}, {"date": "2022-11-19-08-00-00", "latency": "43"}, {"date": "2022-11-19-08-00-00", "latency": "43"}]}, {"location": {"country_code": "cl"}, "game_id": "273486", "values": [{"date": "2022-11-19-05-00-00", "latency": "166"}, {"date": "2022-11-19-05-00-00", "latency": "166"}, {"date": "2022-11-19-05-00-00", "latency": "166"}, {"date": "2022-11-19-05-00-00", "latency": "166"}, {"date": "2022-11-19-05-00-00", "latency": "166"}, {"date": "2022-11-19-05-00-00", "latency": "166"}, {"date": "2022-11-19-05-00-00", "latency": "166"}, {"date": "2022-11-19-05-00-00", "latency": "166"}, {"date": "2022-11-19-05-00-00", "latency": "166"}, {"date": "2022-11-19-05-00-00", "latency": "166"}, {"date": "2022-11-19-05-00-00", "latency": "166"}, {"date": "2022-11-19-05-00-00", "latency": "166"}, {"date": "2022-11-19-05-00-00", "latency": "166"}, {"date": "2022-11-19-05-00-00", "latency": "166"}, {"date": "2022-11-19-05-00-00", "latency": "166"}, {"date": "2022-11-19-05-00-00", "latency": "166"}, {"date": "2022-11-19-05-00-00", "latency": "166"}]}, {"location": {"country_code": "sa"}, "game_id": "273486", "values": [{"date": "2022-11-19-22-00-00", "latency": "0"}, {"date": "2022-11-19-22-00-00", "latency": "0"}, {"date": "2022-11-19-22-00-00", "latency": "0"}, {"date": "2022-11-19-22-00-00", "latency": "0"}, {"date": "2022-11-19-22-00-00", "latency": "0"}, {"date": "2022-11-19-22-00-00", "latency": "0"}, {"date": "2022-11-19-22-00-00", "latency": "0"}, {"date": "2022-11-19-22-00-00", "latency": "0"}, {"date": "2022-11-19-22-00-00", "latency": "0"}, {"date": "2022-11-19-22-00-00", "latency": "0"}, {"date": "2022-11-19-22-00-00", "latency": "0"}, {"date": "2022-11-19-22-00-00", "latency": "0"}, {"date": "2022-11-19-22-00-00", "latency": "0"}, {"date": "2022-11-19-22-00-00", "latency": "0"}, {"date": "2022-11-19-22-00-00", "latency": "0"}, {"date": "2022-11-19-22-00-00", "latency": "0"}, {"date": "2022-11-19-22-00-00", "latency": "0"}, {"date": "2022-11-19-22-00-00", "latency": "0"}, {"date": "2022-11-19-22-00-00", "latency": "0"}, {"date": "2022-11-19-22-00-00", "latency": "0"}, {"date": "2022-11-19-22-00-00", "latency": "0"}, {"date": "2022-11-19-22-00-00", "latency": "0"}, {"date": "2022-11-19-06-00-00", "latency": "0"}, {"date": "2022-11-19-06-00-00", "latency": "0"}, {"date": "2022-11-19-06-00-00", "latency": "0"}, {"date": "2022-11-19-06-00-00", "latency": "0"}, {"date": "2022-11-19-06-00-00", "latency": "0"}, {"date": "2022-11-19-06-00-00", "latency": "0"}, {"date": "2022-11-19-06-00-00", "latency": "0"}]}, {"location": {"country_code": "us", "region": "Texas", "city": "Houston"}, "game_id": "273486", "values": [{"date": "2022-11-19-05-00-00", "latency": "29"}, {"date": "2022-11-19-05-00-00", "latency": "29"}, {"date": "2022-11-19-05-00-00", "latency": "29"}, {"date": "2022-11-19-05-00-00", "latency": "29"}, {"date": "2022-11-19-05-00-00", "latency": "29"}, {"date": "2022-11-19-05-00-00", "latency": "29"}, {"date": "2022-11-19-05-00-00", "latency": "29"}, {"date": "2022-11-19-05-00-00", "latency": "29"}, {"date": "2022-11-19-05-00-00", "latency": "29"}, {"date": "2022-11-19-05-00-00", "latency": "29"}, {"date": "2022-11-19-05-00-00", "latency": "29"}, {"date": "2022-11-19-07-00-00", "latency": "61"}, {"date": "2022-11-19-07-00-00", "latency": "61"}, {"date": "2022-11-19-07-00-00", "latency": "61"}, {"date": "2022-11-19-07-00-00", "latency": "61"}, {"date": "2022-11-19-07-00-00", "latency": "61"}, {"date": "2022-11-19-07-00-00", "latency": "61"}]}, {"location": {"country_code": "gb", "region": "England", "city": "London"}, "game_id": "273486", "values": [{"date": "2022-11-19-05-00-00", "latency": "0"}, {"date": "2022-11-19-05-00-00", "latency": "0"}, {"date": "2022-11-19-05-00-00", "latency": "0"}, {"date": "2022-11-19-05-00-00", "latency": "0"}, {"date": "2022-11-19-05-00-00", "latency": "0"}, {"date": "2022-11-19-05-00-00", "latency": "0"}, {"date": "2022-11-19-05-00-00", "latency": "0"}, {"date": "2022-11-19-05-00-00", "latency": "0"}, {"date": "2022-11-19-05-00-00", "latency": "0"}, {"date": "2022-11-19-05-00-00", "latency": "0"}]}, {"location": {"country_code": "sk"}, "game_id": "273486", "values": [{"date": "2022-11-19-19-00-00", "latency": "63"}, {"date": "2022-11-19-16-00-00", "latency": "61"}, {"date": "2022-11-19-16-00-00", "latency": "61"}, {"date": "2022-11-19-16-00-00", "latency": "61"}, {"date": "2022-11-19-16-00-00", "latency": "61"}, {"date": "2022-11-19-16-00-00", "latency": "61"}, {"date": "2022-11-19-16-00-00", "latency": "61"}, {"date": "2022-11-19-16-00-00", "latency": "61"}, {"date": "2022-11-19-16-00-00", "latency": "61"}, {"date": "2022-11-19-16-00-00", "latency": "61"}, {"date": "2022-11-19-16-00-00", "latency": "61"}, {"date": "2022-11-19-16-00-00", "latency": "61"}, {"date": "2022-11-19-16-00-00", "latency": "61"}, {"date": "2022-11-19-16-00-00", "latency": "61"}, {"date": "2022-11-19-16-00-00", "latency": "61"}, {"date": "2022-11-19-16-00-00", "latency": "61"}, {"date": "2022-11-19-16-00-00", "latency": "61"}, {"date": "2022-11-19-16-00-00", "latency": "61"}, {"date": "2022-11-19-16-00-00", "latency": "61"}, {"date": "2022-11-19-16-00-00", "latency": "61"}, {"date": "2022-11-19-16-00-00", "latency": "61"}, {"date": "2022-11-19-16-00-00", "latency": "61"}, {"date": "2022-11-19-16-00-00", "latency": "61"}, {"date": "2022-11-19-16-00-00", "latency": "61"}, {"date": "2022-11-19-16-00-00", "latency": "61"}]}, {"location": {"country_code": "gb", "region": "England", "city": "Liverpool"}, "game_id": "273486", "values": [{"date": "2022-11-20-01-00-00", "latency": "49"}, {"date": "2022-11-20-01-00-00", "latency": "49"}, {"date": "2022-11-20-01-00-00", "latency": "49"}, {"date": "2022-11-20-01-00-00", "latency": "49"}, {"date": "2022-11-20-01-00-00", "latency": "49"}, {"date": "2022-11-20-01-00-00", "latency": "49"}, {"date": "2022-11-20-01-00-00", "latency": "49"}, {"date": "2022-11-20-01-00-00", "latency": "49"}, {"date": "2022-11-20-01-00-00", "latency": "49"}, {"date": "2022-11-20-01-00-00", "latency": "49"}, {"date": "2022-11-20-01-00-00", "latency": "49"}, {"date": "2022-11-20-01-00-00", "latency": "49"}, {"date": "2022-11-20-01-00-00", "latency": "49"}, {"date": "2022-11-20-01-00-00", "latency": "49"}, {"date": "2022-11-20-01-00-00", "latency": "49"}, {"date": "2022-11-20-01-00-00", "latency": "49"}, {"date": "2022-11-20-01-00-00", "latency": "49"}, {"date": "2022-11-20-01-00-00", "latency": "49"}, {"date": "2022-11-20-01-00-00", "latency": "49"}, {"date": "2022-11-20-01-00-00", "latency": "49"}, {"date": "2022-11-20-01-00-00", "latency": "49"}, {"date": "2022-11-20-01-00-00", "latency": "49"}, {"date": "2022-11-20-01-00-00", "latency": "49"}, {"date": "2022-11-20-01-00-00", "latency": "49"}, {"date": "2022-11-20-01-00-00", "latency": "49"}, {"date": "2022-11-20-01-00-00", "latency": "49"}, {"date": "2022-11-20-01-00-00", "latency": "49"}, {"date": "2022-11-20-01-00-00", "latency": "49"}, {"date": "2022-11-20-01-00-00", "latency": "49"}, {"date": "2022-11-20-01-00-00", "latency": "49"}, {"date": "2022-11-20-01-00-00", "latency": "49"}, {"date": "2022-11-20-01-00-00", "latency": "49"}, {"date": "2022-11-20-01-00-00", "latency": "49"}, {"date": "2022-11-20-01-00-00", "latency": "49"}, {"date": "2022-11-20-01-00-00", "latency": "49"}, {"date": "2022-11-20-01-00-00", "latency": "49"}, {"date": "2022-11-20-01-00-00", "latency": "49"}, {"date": "2022-11-20-01-00-00", "latency": "49"}, {"date": "2022-11-20-01-00-00", "latency": "49"}, {"date": "2022-11-20-01-00-00", "latency": "49"}, {"date": "2022-11-20-01-00-00", "latency": "49"}, {"date": "2022-11-20-01-00-00", "latency": "49"}, {"date": "2022-11-20-01-00-00", "latency": "49"}, {"date": "2022-11-20-01-00-00", "latency": "49"}, {"date": "2022-11-20-01-00-00", "latency": "49"}, {"date": "2022-11-20-01-00-00", "latency": "49"}, {"date": "2022-11-20-01-00-00", "latency": "49"}, {"date": "2022-11-20-01-00-00", "latency": "49"}, {"date": "2022-11-20-01-00-00", "latency": "49"}]}, {"location": {"country_code": "lb"}, "game_id": "273486", "values": [{"date": "2022-11-19-17-00-00", "latency": "114"}]}, {"location": {"country_code": "us", "region": "Louisiana"}, "game_id": "273486", "values": [{"date": "2022-11-19-09-00-00", "latency": "36"}, {"date": "2022-11-19-09-00-00", "latency": "36"}, {"date": "2022-11-19-09-00-00", "latency": "36"}, {"date": "2022-11-19-09-00-00", "latency": "36"}, {"date": "2022-11-19-09-00-00", "latency": "36"}, {"date": "2022-11-19-09-00-00", "latency": "36"}, {"date": "2022-11-19-09-00-00", "latency": "36"}, {"date": "2022-11-19-09-00-00", "latency": "36"}, {"date": "2022-11-19-09-00-00", "latency": "36"}, {"date": "2022-11-19-09-00-00", "latency": "36"}, {"date": "2022-11-19-09-00-00", "latency": "36"}, {"date": "2022-11-19-09-00-00", "latency": "36"}, {"date": "2022-11-19-09-00-00", "latency": "36"}, {"date": "2022-11-19-09-00-00", "latency": "36"}, {"date": "2022-11-19-09-00-00", "latency": "36"}, {"date": "2022-11-19-09-00-00", "latency": "36"}, {"date": "2022-11-19-09-00-00", "latency": "36"}, {"date": "2022-11-19-09-00-00", "latency": "36"}, {"date": "2022-11-19-09-00-00", "latency": "36"}, {"date": "2022-11-19-09-00-00", "latency": "36"}]}, {"location": {"country_code": "us", "region": "California", "city": "Moorpark"}, "game_id": "273486", "values": [{"date": "2022-11-19-14-00-00", "latency": "86"}, {"date": "2022-11-19-14-00-00", "latency": "86"}, {"date": "2022-11-19-14-00-00", "latency": "86"}, {"date": "2022-11-19-14-00-00", "latency": "86"}, {"date": "2022-11-19-14-00-00", "latency": "86"}, {"date": "2022-11-19-14-00-00", "latency": "86"}, {"date": "2022-11-19-14-00-00", "latency": "86"}, {"date": "2022-11-19-14-00-00", "latency": "86"}, {"date": "2022-11-19-14-00-00", "latency": "86"}, {"date": "2022-11-19-14-00-00", "latency": "86"}, {"date": "2022-11-19-14-00-00", "latency": "86"}, {"date": "2022-11-19-14-00-00", "latency": "86"}, {"date": "2022-11-19-14-00-00", "latency": "86"}, {"date": "2022-11-19-14-00-00", "latency": "86"}, {"date": "2022-11-19-14-00-00", "latency": "86"}, {"date": "2022-11-19-14-00-00", "latency": "86"}, {"date": "2022-11-19-14-00-00", "latency": "86"}, {"date": "2022-11-19-14-00-00", "latency": "86"}, {"date": "2022-11-19-14-00-00", "latency": "86"}, {"date": "2022-11-19-14-00-00", "latency": "86"}, {"date": "2022-11-19-14-00-00", "latency": "86"}, {"date": "2022-11-19-14-00-00", "latency": "86"}, {"date": "2022-11-19-14-00-00", "latency": "86"}, {"date": "2022-11-19-14-00-00", "latency": "86"}, {"date": "2022-11-19-14-00-00", "latency": "86"}, {"date": "2022-11-19-14-00-00", "latency": "86"}, {"date": "2022-11-19-14-00-00", "latency": "86"}, {"date": "2022-11-19-14-00-00", "latency": "86"}, {"date": "2022-11-19-14-00-00", "latency": "86"}, {"date": "2022-11-19-14-00-00", "latency": "86"}, {"date": "2022-11-19-14-00-00", "latency": "86"}, {"date": "2022-11-19-14-00-00", "latency": "86"}, {"date": "2022-11-19-14-00-00", "latency": "86"}]}, {"location": {"country_code": "us", "region": "State of Wyoming", "city": "Cheyenne"}, "game_id": "273486", "values": [{"date": "2022-11-19-12-00-00", "latency": "43"}, {"date": "2022-11-19-12-00-00", "latency": "43"}]}, {"location": {"country_code": "us", "region": "Texas", "city": "Atascocita"}, "game_id": "273486", "values": [{"date": "2022-11-19-10-00-00", "latency": "53"}, {"date": "2022-11-19-10-00-00", "latency": "53"}, {"date": "2022-11-19-10-00-00", "latency": "53"}, {"date": "2022-11-19-10-00-00", "latency": "53"}, {"date": "2022-11-19-10-00-00", "latency": "53"}, {"date": "2022-11-19-10-00-00", "latency": "53"}, {"date": "2022-11-19-10-00-00", "latency": "53"}, {"date": "2022-11-19-10-00-00", "latency": "53"}, {"date": "2022-11-19-10-00-00", "latency": "53"}, {"date": "2022-11-19-10-00-00", "latency": "53"}, {"date": "2022-11-19-10-00-00", "latency": "53"}, {"date": "2022-11-19-10-00-00", "latency": "53"}, {"date": "2022-11-19-10-00-00", "latency": "53"}, {"date": "2022-11-19-10-00-00", "latency": "53"}, {"date": "2022-11-19-10-00-00", "latency": "53"}, {"date": "2022-11-19-10-00-00", "latency": "53"}, {"date": "2022-11-19-10-00-00", "latency": "53"}, {"date": "2022-11-19-10-00-00", "latency": "53"}]}, {"location": {"country_code": "us", "region": "New Hampshire", "city": "Littleton"}, "game_id": "273486", "values": [{"date": "2022-11-19-03-00-00", "latency": "142"}, {"date": "2022-11-19-03-00-00", "latency": "142"}, {"date": "2022-11-19-03-00-00", "latency": "142"}, {"date": "2022-11-19-03-00-00", "latency": "142"}, {"date": "2022-11-19-03-00-00", "latency": "142"}]}], "last_updated": 1719915090.368932}