{"data": [{"location": {"country_code": "us"}, "game_id": "742409", "values": [{"date": "2024-05-25-06-00-00", "latency": 1}]}, {"location": {"country_code": "gb"}, "game_id": "742409", "values": [{"date": "2024-05-25-12-00-00", "latency": 13}, {"date": "2024-05-25-15-00-00", "latency": 10}, {"date": "2024-05-25-15-00-00", "latency": 10}, {"date": "2024-05-25-15-00-00", "latency": 10}, {"date": "2024-05-25-15-00-00", "latency": 10}, {"date": "2024-05-25-15-00-00", "latency": 10}, {"date": "2024-05-25-15-00-00", "latency": 10}]}, {"location": {"country_code": "ro"}, "game_id": "742409", "values": [{"date": "2024-05-25-13-00-00", "latency": 41}, {"date": "2024-05-25-13-00-00", "latency": 41}, {"date": "2024-05-25-13-00-00", "latency": 41}]}, {"location": {"country_code": "fr"}, "game_id": "742409", "values": [{"date": "2024-05-26-01-00-00", "latency": 18}]}, {"location": {"country_code": "se"}, "game_id": "742409", "values": [{"date": "2024-05-25-18-00-00", "latency": 3}]}, {"location": {"country_code": "es", "region": "Madrid", "city": "Parla"}, "game_id": "742409", "values": [{"date": "2024-05-25-18-00-00", "latency": 4}, {"date": "2024-05-25-18-00-00", "latency": 4}, {"date": "2024-05-25-18-00-00", "latency": 4}]}, {"location": {"country_code": "tr"}, "game_id": "742409", "values": [{"date": "2024-05-25-15-00-00", "latency": 49}, {"date": "2024-05-25-15-00-00", "latency": 49}]}, {"location": {"country_code": "us", "region": "Michigan"}, "game_id": "742409", "values": [{"date": "2024-05-26-01-00-00", "latency": 4}]}, {"location": {"country_code": "pl"}, "game_id": "742409", "values": [{"date": "2024-05-25-21-00-00", "latency": 46}, {"date": "2024-05-25-21-00-00", "latency": 46}, {"date": "2024-05-25-21-00-00", "latency": 46}]}, {"location": {"country_code": "ua"}, "game_id": "742409", "values": [{"date": "2024-05-25-04-00-00", "latency": 45}, {"date": "2024-05-25-04-00-00", "latency": 45}, {"date": "2024-05-25-04-00-00", "latency": 45}, {"date": "2024-05-25-04-00-00", "latency": 45}, {"date": "2024-05-25-04-00-00", "latency": 45}]}, {"location": {"country_code": "us", "region": "Kentucky"}, "game_id": "742409", "values": [{"date": "2024-05-25-03-00-00", "latency": 25}]}, {"location": {"country_code": "lv"}, "game_id": "742409", "values": [{"date": "2024-05-25-19-00-00", "latency": 7}]}, {"location": {"country_code": "rs", "region": "Vojvodina", "city": "Novi Sad"}, "game_id": "742409", "values": [{"date": "2024-05-26-01-00-00", "latency": 13}, {"date": "2024-05-26-01-00-00", "latency": 13}]}, {"location": {"country_code": "tr", "region": "Marmara Bolgesi", "city": "Tuzla"}, "game_id": "742409", "values": [{"date": "2024-05-25-21-00-00", "latency": 47}]}], "last_updated": 1719919351.63412}