{"data": [{"location": {"country_code": "us"}, "game_id": "742409", "values": [{"date": "2024-05-28-21-00-00", "latency": 24}]}, {"location": {"country_code": "cz"}, "game_id": "742409", "values": [{"date": "2024-05-28-18-00-00", "latency": 10}, {"date": "2024-05-28-10-00-00", "latency": 30}]}, {"location": {"country_code": "tw"}, "game_id": "742409", "values": [{"date": "2024-05-28-21-00-00", "latency": 8}, {"date": "2024-05-28-21-00-00", "latency": 8}, {"date": "2024-05-28-21-00-00", "latency": 8}]}, {"location": {"country_code": "rs"}, "game_id": "742409", "values": [{"date": "2024-05-29-01-00-00", "latency": 39}]}, {"location": {"country_code": "es", "region": "Madrid", "city": "Parla"}, "game_id": "742409", "values": [{"date": "2024-05-28-22-00-00", "latency": 32}, {"date": "2024-05-28-22-00-00", "latency": 32}, {"date": "2024-05-28-22-00-00", "latency": 32}]}, {"location": {"country_code": "de", "region": "Bavaria"}, "game_id": "742409", "values": [{"date": "2024-05-28-16-00-00", "latency": 25}]}, {"location": {"country_code": "pl"}, "game_id": "742409", "values": [{"date": "2024-05-28-22-00-00", "latency": 34}]}, {"location": {"country_code": "ua"}, "game_id": "742409", "values": [{"date": "2024-05-28-17-00-00", "latency": 4}, {"date": "2024-05-28-17-00-00", "latency": 4}, {"date": "2024-05-28-19-00-00", "latency": 32}, {"date": "2024-05-28-19-00-00", "latency": 32}, {"date": "2024-05-28-19-00-00", "latency": 32}]}, {"location": {"country_code": "mt"}, "game_id": "742409", "values": [{"date": "2024-05-28-19-00-00", "latency": 28}, {"date": "2024-05-28-19-00-00", "latency": 28}, {"date": "2024-05-28-19-00-00", "latency": 28}, {"date": "2024-05-28-19-00-00", "latency": 28}]}, {"location": {"country_code": "de", "region": "North Rhine-Westphalia", "city": "Dortmund"}, "game_id": "742409", "values": [{"date": "2024-05-28-17-00-00", "latency": 43}, {"date": "2024-05-28-17-00-00", "latency": 43}, {"date": "2024-05-28-17-00-00", "latency": 43}, {"date": "2024-05-28-17-00-00", "latency": 43}, {"date": "2024-05-28-17-00-00", "latency": 43}, {"date": "2024-05-28-17-00-00", "latency": 43}]}, {"location": {"country_code": "ro", "region": "Hunedoara County", "city": "Deva"}, "game_id": "742409", "values": [{"date": "2024-05-28-21-00-00", "latency": 50}, {"date": "2024-05-28-21-00-00", "latency": 50}]}], "last_updated": 1719919351.953024}