{"data": [{"location": {"country_code": "us"}, "game_id": "742409", "values": [{"date": "2024-05-07-02-00-00", "latency": 25}]}, {"location": {"country_code": "iq"}, "game_id": "742409", "values": [{"date": "2024-05-06-23-00-00", "latency": 0}, {"date": "2024-05-06-23-00-00", "latency": 0}, {"date": "2024-05-06-23-00-00", "latency": 0}, {"date": "2024-05-06-23-00-00", "latency": 0}]}, {"location": {"country_code": "ro"}, "game_id": "742409", "values": [{"date": "2024-05-06-08-00-00", "latency": 38}, {"date": "2024-05-06-08-00-00", "latency": 38}, {"date": "2024-05-06-23-00-00", "latency": 47}]}, {"location": {"country_code": "jp", "region": "Tokyo"}, "game_id": "742409", "values": [{"date": "2024-05-06-13-00-00", "latency": 74}, {"date": "2024-05-06-13-00-00", "latency": 74}]}, {"location": {"country_code": "se"}, "game_id": "742409", "values": [{"date": "2024-05-06-17-00-00", "latency": 3}]}, {"location": {"country_code": "es", "region": "Madrid", "city": "Parla"}, "game_id": "742409", "values": [{"date": "2024-05-06-22-00-00", "latency": 62}, {"date": "2024-05-06-22-00-00", "latency": 62}, {"date": "2024-05-06-22-00-00", "latency": 62}, {"date": "2024-05-06-22-00-00", "latency": 62}, {"date": "2024-05-06-22-00-00", "latency": 62}, {"date": "2024-05-06-22-00-00", "latency": 62}, {"date": "2024-05-06-22-00-00", "latency": 62}, {"date": "2024-05-06-22-00-00", "latency": 62}]}, {"location": {"country_code": "at"}, "game_id": "742409", "values": [{"date": "2024-05-06-08-00-00", "latency": 24}]}, {"location": {"country_code": "ua"}, "game_id": "742409", "values": [{"date": "2024-05-06-15-00-00", "latency": 4}, {"date": "2024-05-06-21-00-00", "latency": 27}, {"date": "2024-05-06-21-00-00", "latency": 27}, {"date": "2024-05-06-21-00-00", "latency": 27}, {"date": "2024-05-06-21-00-00", "latency": 27}, {"date": "2024-05-06-21-00-00", "latency": 27}]}, {"location": {"country_code": "ua", "region": "Vinnytsia Oblast"}, "game_id": "742409", "values": [{"date": "2024-05-06-19-00-00", "latency": 29}]}, {"location": {"country_code": "sg"}, "game_id": "742409", "values": [{"date": "2024-05-06-16-00-00", "latency": 3}]}, {"location": {"country_code": "lt"}, "game_id": "742409", "values": [{"date": "2024-05-06-10-00-00", "latency": 32}, {"date": "2024-05-06-10-00-00", "latency": 32}, {"date": "2024-05-06-10-00-00", "latency": 32}]}, {"location": {"country_code": "rs", "region": "Vojvodina", "city": "Novi Sad"}, "game_id": "742409", "values": [{"date": "2024-05-06-03-00-00", "latency": 29}, {"date": "2024-05-06-03-00-00", "latency": 29}]}], "last_updated": 1719919351.85077}