{"data": [{"location": {"country_code": "nz"}, "game_id": "273486", "values": [{"date": "2021-12-22-23-00-00", "latency": "35"}, {"date": "2021-12-22-23-00-00", "latency": "35"}, {"date": "2021-12-22-23-00-00", "latency": "35"}, {"date": "2021-12-22-23-00-00", "latency": "35"}, {"date": "2021-12-22-23-00-00", "latency": "35"}, {"date": "2021-12-22-23-00-00", "latency": "35"}, {"date": "2021-12-22-23-00-00", "latency": "35"}, {"date": "2021-12-22-23-00-00", "latency": "35"}, {"date": "2021-12-22-23-00-00", "latency": "35"}, {"date": "2021-12-22-23-00-00", "latency": "35"}, {"date": "2021-12-22-23-00-00", "latency": "35"}, {"date": "2021-12-22-23-00-00", "latency": "35"}]}, {"location": {"country_code": "us"}, "game_id": "273486", "values": [{"date": "2021-12-23-01-00-00", "latency": "23"}]}, {"location": {"country_code": "gb", "region": "England"}, "game_id": "273486", "values": [{"date": "2021-12-22-23-00-00", "latency": "27"}, {"date": "2021-12-22-23-00-00", "latency": "27"}, {"date": "2021-12-22-23-00-00", "latency": "27"}, {"date": "2021-12-22-23-00-00", "latency": "27"}, {"date": "2021-12-22-23-00-00", "latency": "27"}, {"date": "2021-12-22-23-00-00", "latency": "27"}, {"date": "2021-12-22-23-00-00", "latency": "27"}, {"date": "2021-12-22-23-00-00", "latency": "27"}, {"date": "2021-12-22-23-00-00", "latency": "27"}, {"date": "2021-12-22-23-00-00", "latency": "27"}, {"date": "2021-12-22-23-00-00", "latency": "27"}, {"date": "2021-12-22-23-00-00", "latency": "27"}, {"date": "2021-12-22-23-00-00", "latency": "27"}, {"date": "2021-12-22-23-00-00", "latency": "27"}, {"date": "2021-12-22-23-00-00", "latency": "27"}, {"date": "2021-12-22-23-00-00", "latency": "27"}, {"date": "2021-12-22-23-00-00", "latency": "27"}]}, {"location": {"country_code": "nl"}, "game_id": "273486", "values": [{"date": "2021-12-22-17-00-00", "latency": "0"}, {"date": "2021-12-22-17-00-00", "latency": "0"}, {"date": "2021-12-22-17-00-00", "latency": "0"}]}, {"location": {"country_code": "ca"}, "game_id": "273486", "values": [{"date": "2021-12-22-18-00-00", "latency": "35"}]}, {"location": {"country_code": "br", "region": "Parana", "city": "Araucaria"}, "game_id": "273486", "values": [{"date": "2021-12-22-18-00-00", "latency": "164"}, {"date": "2021-12-22-18-00-00", "latency": "164"}, {"date": "2021-12-22-18-00-00", "latency": "164"}, {"date": "2021-12-22-18-00-00", "latency": "164"}]}, {"location": {"country_code": "us", "region": "Ohio"}, "game_id": "273486", "values": [{"date": "2021-12-22-22-00-00", "latency": "58"}, {"date": "2021-12-22-22-00-00", "latency": "58"}, {"date": "2021-12-22-22-00-00", "latency": "58"}, {"date": "2021-12-22-22-00-00", "latency": "58"}, {"date": "2021-12-22-22-00-00", "latency": "58"}]}, {"location": {"country_code": "sa"}, "game_id": "273486", "values": [{"date": "2021-12-23-01-00-00", "latency": "23"}, {"date": "2021-12-23-01-00-00", "latency": "23"}, {"date": "2021-12-23-01-00-00", "latency": "23"}, {"date": "2021-12-23-01-00-00", "latency": "23"}, {"date": "2021-12-23-01-00-00", "latency": "23"}]}, {"location": {"country_code": "ca", "region": "Alberta"}, "game_id": "273486", "values": [{"date": "2021-12-23-00-00-00", "latency": "66"}, {"date": "2021-12-23-00-00-00", "latency": "66"}, {"date": "2021-12-23-00-00-00", "latency": "66"}, {"date": "2021-12-23-00-00-00", "latency": "66"}, {"date": "2021-12-23-00-00-00", "latency": "66"}, {"date": "2021-12-23-00-00-00", "latency": "66"}, {"date": "2021-12-23-00-00-00", "latency": "66"}, {"date": "2021-12-23-00-00-00", "latency": "66"}]}, {"location": {"country_code": "us", "region": "Massachusetts", "city": "Boston"}, "game_id": "273486", "values": [{"date": "2021-12-23-01-00-00", "latency": "47"}, {"date": "2021-12-23-01-00-00", "latency": "47"}, {"date": "2021-12-23-01-00-00", "latency": "47"}, {"date": "2021-12-23-01-00-00", "latency": "47"}, {"date": "2021-12-23-01-00-00", "latency": "47"}]}, {"location": {"country_code": "gb", "region": "Wales"}, "game_id": "273486", "values": [{"date": "2021-12-23-01-00-00", "latency": "31"}, {"date": "2021-12-23-01-00-00", "latency": "31"}, {"date": "2021-12-23-01-00-00", "latency": "31"}, {"date": "2021-12-23-01-00-00", "latency": "31"}, {"date": "2021-12-23-01-00-00", "latency": "31"}]}, {"location": {"country_code": "sa", "region": "Riyadh Region", "city": "Wadi Ad Dawasir"}, "game_id": "273486", "values": [{"date": "2021-12-22-23-00-00", "latency": "19"}, {"date": "2021-12-22-23-00-00", "latency": "19"}, {"date": "2021-12-22-23-00-00", "latency": "19"}, {"date": "2021-12-22-23-00-00", "latency": "19"}, {"date": "2021-12-22-23-00-00", "latency": "19"}, {"date": "2021-12-22-23-00-00", "latency": "19"}]}, {"location": {"country_code": "fr", "region": "Borgogna-Franca Contea", "city": "Dole"}, "game_id": "273486", "values": [{"date": "2021-12-23-01-00-00", "latency": "35"}, {"date": "2021-12-23-01-00-00", "latency": "35"}, {"date": "2021-12-23-01-00-00", "latency": "35"}, {"date": "2021-12-23-01-00-00", "latency": "35"}, {"date": "2021-12-23-01-00-00", "latency": "35"}, {"date": "2021-12-23-01-00-00", "latency": "35"}, {"date": "2021-12-23-01-00-00", "latency": "35"}, {"date": "2021-12-23-01-00-00", "latency": "35"}]}, {"location": {"country_code": "br", "region": "Sao Paulo", "city": "Guaruja"}, "game_id": "273486", "values": [{"date": "2021-12-22-19-00-00", "latency": "31"}, {"date": "2021-12-22-19-00-00", "latency": "31"}, {"date": "2021-12-22-19-00-00", "latency": "31"}, {"date": "2021-12-22-19-00-00", "latency": "31"}, {"date": "2021-12-22-19-00-00", "latency": "31"}, {"date": "2021-12-22-19-00-00", "latency": "31"}]}, {"location": {"country_code": "qa"}, "game_id": "273486", "values": [{"date": "2021-12-22-21-00-00", "latency": "23"}, {"date": "2021-12-22-21-00-00", "latency": "23"}, {"date": "2021-12-22-21-00-00", "latency": "23"}, {"date": "2021-12-22-21-00-00", "latency": "23"}, {"date": "2021-12-22-21-00-00", "latency": "23"}, {"date": "2021-12-22-21-00-00", "latency": "23"}, {"date": "2021-12-22-21-00-00", "latency": "23"}, {"date": "2021-12-22-21-00-00", "latency": "23"}, {"date": "2021-12-22-21-00-00", "latency": "23"}, {"date": "2021-12-22-21-00-00", "latency": "23"}, {"date": "2021-12-22-21-00-00", "latency": "23"}, {"date": "2021-12-22-21-00-00", "latency": "23"}, {"date": "2021-12-22-21-00-00", "latency": "23"}]}, {"location": {"country_code": "nl", "region": "North Holland", "city": "Amstelveen"}, "game_id": "273486", "values": [{"date": "2021-12-22-19-00-00", "latency": "70"}, {"date": "2021-12-22-19-00-00", "latency": "70"}, {"date": "2021-12-22-19-00-00", "latency": "70"}, {"date": "2021-12-22-19-00-00", "latency": "70"}, {"date": "2021-12-22-19-00-00", "latency": "70"}, {"date": "2021-12-22-19-00-00", "latency": "70"}, {"date": "2021-12-22-19-00-00", "latency": "70"}]}, {"location": {"country_code": "pt", "region": "Azores", "city": "Angra do Heroismo"}, "game_id": "273486", "values": [{"date": "2021-12-22-23-00-00", "latency": "62"}, {"date": "2021-12-22-23-00-00", "latency": "62"}]}], "last_updated": 1719915089.027258}