{"data": [{"location": {"country_code": "us"}, "game_id": "747108", "values": [{"date": "2024-01-04-23-00-00", "latency": 32}, {"date": "2024-01-04-23-00-00", "latency": 32}, {"date": "2024-01-04-23-00-00", "latency": 32}, {"date": "2024-01-04-07-00-00", "latency": 47}, {"date": "2024-01-04-02-00-00", "latency": 47}, {"date": "2024-01-04-02-00-00", "latency": 47}]}, {"location": {"country_code": "pa"}, "game_id": "747108", "values": [{"date": "2024-01-04-06-00-00", "latency": 94}]}, {"location": {"country_code": "ca"}, "game_id": "747108", "values": [{"date": "2024-01-05-01-00-00", "latency": 32}, {"date": "2024-01-05-01-00-00", "latency": 32}, {"date": "2024-01-04-16-00-00", "latency": 63}]}, {"location": {"country_code": "ca", "region": "Ontario"}, "game_id": "747108", "values": [{"date": "2024-01-05-01-00-00", "latency": 32}, {"date": "2024-01-05-01-00-00", "latency": 32}]}, {"location": {"country_code": "br", "region": "Parana", "city": "Araucaria"}, "game_id": "747108", "values": [{"date": "2024-01-04-09-00-00", "latency": 31}, {"date": "2024-01-04-09-00-00", "latency": 31}, {"date": "2024-01-04-09-00-00", "latency": 31}, {"date": "2024-01-04-09-00-00", "latency": 31}]}, {"location": {"country_code": "us", "region": "Florida"}, "game_id": "747108", "values": [{"date": "2024-01-05-01-00-00", "latency": 47}]}, {"location": {"country_code": "mx"}, "game_id": "747108", "values": [{"date": "2024-01-04-02-00-00", "latency": 78}, {"date": "2024-01-04-04-00-00", "latency": 94}, {"date": "2024-01-04-04-00-00", "latency": 94}, {"date": "2024-01-04-04-00-00", "latency": 109}]}, {"location": {"country_code": "br"}, "game_id": "747108", "values": [{"date": "2024-01-05-00-00-00", "latency": 32}, {"date": "2024-01-05-00-00-00", "latency": 32}, {"date": "2024-01-05-00-00-00", "latency": 32}]}, {"location": {"country_code": "us", "region": "Texas", "city": "Austin"}, "game_id": "747108", "values": [{"date": "2024-01-04-06-00-00", "latency": 80}, {"date": "2024-01-04-06-00-00", "latency": 80}, {"date": "2024-01-04-06-00-00", "latency": 80}]}, {"location": {"country_code": "kr"}, "game_id": "747108", "values": [{"date": "2024-01-04-04-00-00", "latency": 140}, {"date": "2024-01-04-04-00-00", "latency": 140}, {"date": "2024-01-04-04-00-00", "latency": 140}]}, {"location": {"country_code": "ar"}, "game_id": "747108", "values": [{"date": "2024-01-04-13-00-00", "latency": 47}, {"date": "2024-01-04-13-00-00", "latency": 47}, {"date": "2024-01-04-13-00-00", "latency": 47}, {"date": "2024-01-04-13-00-00", "latency": 47}, {"date": "2024-01-04-13-00-00", "latency": 47}, {"date": "2024-01-04-13-00-00", "latency": 47}, {"date": "2024-01-04-13-00-00", "latency": 47}, {"date": "2024-01-04-13-00-00", "latency": 47}, {"date": "2024-01-04-13-00-00", "latency": 47}, {"date": "2024-01-04-03-00-00", "latency": 47}, {"date": "2024-01-04-03-00-00", "latency": 47}, {"date": "2024-01-04-15-00-00", "latency": 78}, {"date": "2024-01-04-15-00-00", "latency": 78}]}, {"location": {"country_code": "mx", "region": "Puebla"}, "game_id": "747108", "values": [{"date": "2024-01-04-21-00-00", "latency": 93}, {"date": "2024-01-04-21-00-00", "latency": 93}, {"date": "2024-01-04-21-00-00", "latency": 93}, {"date": "2024-01-04-21-00-00", "latency": 93}, {"date": "2024-01-04-21-00-00", "latency": 93}, {"date": "2024-01-04-23-00-00", "latency": 63}, {"date": "2024-01-04-23-00-00", "latency": 63}, {"date": "2024-01-04-23-00-00", "latency": 63}]}, {"location": {"country_code": "co"}, "game_id": "747108", "values": [{"date": "2024-01-04-07-00-00", "latency": 109}]}, {"location": {"country_code": "at"}, "game_id": "747108", "values": [{"date": "2024-01-04-23-00-00", "latency": 47}, {"date": "2024-01-04-23-00-00", "latency": 47}, {"date": "2024-01-04-23-00-00", "latency": 47}, {"date": "2024-01-04-23-00-00", "latency": 47}, {"date": "2024-01-04-23-00-00", "latency": 47}, {"date": "2024-01-04-23-00-00", "latency": 47}, {"date": "2024-01-04-23-00-00", "latency": 47}, {"date": "2024-01-04-23-00-00", "latency": 47}, {"date": "2024-01-04-23-00-00", "latency": 47}, {"date": "2024-01-04-23-00-00", "latency": 47}, {"date": "2024-01-04-23-00-00", "latency": 47}, {"date": "2024-01-04-23-00-00", "latency": 47}, {"date": "2024-01-04-23-00-00", "latency": 47}]}, {"location": {"country_code": "br", "region": "Estado de Bahia", "city": "Salvador"}, "game_id": "747108", "values": [{"date": "2024-01-04-21-00-00", "latency": 63}, {"date": "2024-01-04-21-00-00", "latency": 63}, {"date": "2024-01-04-21-00-00", "latency": 63}, {"date": "2024-01-04-21-00-00", "latency": 63}, {"date": "2024-01-04-21-00-00", "latency": 63}, {"date": "2024-01-04-21-00-00", "latency": 63}, {"date": "2024-01-04-21-00-00", "latency": 63}, {"date": "2024-01-04-21-00-00", "latency": 63}, {"date": "2024-01-04-21-00-00", "latency": 63}, {"date": "2024-01-04-21-00-00", "latency": 63}]}, {"location": {"country_code": "es", "region": "Catalonia", "city": "l'Hospitalet de Llobregat"}, "game_id": "747108", "values": [{"date": "2024-01-05-00-00-00", "latency": 47}]}, {"location": {"country_code": "mx", "region": "Nuevo Leon", "city": "Monterrey"}, "game_id": "747108", "values": [{"date": "2024-01-04-08-00-00", "latency": 94}]}, {"location": {"country_code": "co", "region": "El Valle", "city": "Cali"}, "game_id": "747108", "values": [{"date": "2024-01-04-05-00-00", "latency": 47}, {"date": "2024-01-04-05-00-00", "latency": 47}, {"date": "2024-01-04-05-00-00", "latency": 47}, {"date": "2024-01-04-05-00-00", "latency": 47}]}, {"location": {"country_code": "es", "region": "Madrid"}, "game_id": "747108", "values": [{"date": "2024-01-04-21-00-00", "latency": 63}, {"date": "2024-01-04-21-00-00", "latency": 63}, {"date": "2024-01-04-21-00-00", "latency": 63}, {"date": "2024-01-04-21-00-00", "latency": 63}, {"date": "2024-01-04-21-00-00", "latency": 63}, {"date": "2024-01-04-21-00-00", "latency": 63}, {"date": "2024-01-04-21-00-00", "latency": 63}, {"date": "2024-01-04-21-00-00", "latency": 63}, {"date": "2024-01-04-21-00-00", "latency": 63}, {"date": "2024-01-04-21-00-00", "latency": 63}, {"date": "2024-01-04-21-00-00", "latency": 63}, {"date": "2024-01-04-21-00-00", "latency": 63}, {"date": "2024-01-04-21-00-00", "latency": 63}, {"date": "2024-01-04-21-00-00", "latency": 63}, {"date": "2024-01-04-21-00-00", "latency": 63}, {"date": "2024-01-04-21-00-00", "latency": 63}, {"date": "2024-01-04-21-00-00", "latency": 63}, {"date": "2024-01-04-21-00-00", "latency": 63}, {"date": "2024-01-04-21-00-00", "latency": 63}, {"date": "2024-01-04-21-00-00", "latency": 63}, {"date": "2024-01-04-21-00-00", "latency": 63}, {"date": "2024-01-04-21-00-00", "latency": 63}]}, {"location": {"country_code": "de", "region": "North Rhine-Westphalia"}, "game_id": "747108", "values": [{"date": "2024-01-04-18-00-00", "latency": 32}, {"date": "2024-01-04-18-00-00", "latency": 32}, {"date": "2024-01-04-18-00-00", "latency": 32}, {"date": "2024-01-04-18-00-00", "latency": 32}]}, {"location": {"country_code": "fr", "region": "Nord-Passo di Calais-Piccardia"}, "game_id": "747108", "values": [{"date": "2024-01-04-21-00-00", "latency": 47}]}, {"location": {"country_code": "br", "region": "Sao Paulo", "city": "Sertaozinho"}, "game_id": "747108", "values": [{"date": "2024-01-04-19-00-00", "latency": 32}, {"date": "2024-01-04-19-00-00", "latency": 32}, {"date": "2024-01-04-19-00-00", "latency": 32}, {"date": "2024-01-04-19-00-00", "latency": 32}, {"date": "2024-01-04-19-00-00", "latency": 32}, {"date": "2024-01-04-19-00-00", "latency": 32}]}, {"location": {"country_code": "br", "region": "Santa Catarina", "city": "Balneario Camboriu"}, "game_id": "747108", "values": [{"date": "2024-01-04-10-00-00", "latency": 167}]}, {"location": {"country_code": "us", "region": "Guam", "city": "Dededo"}, "game_id": "747108", "values": [{"date": "2024-01-04-08-00-00", "latency": 62}]}, {"location": {"country_code": "co", "region": "Bogota"}, "game_id": "747108", "values": [{"date": "2024-01-04-07-00-00", "latency": 780}, {"date": "2024-01-04-07-00-00", "latency": 780}]}, {"location": {"country_code": "es", "region": "Cantabria", "city": "Torres"}, "game_id": "747108", "values": [{"date": "2024-01-04-20-00-00", "latency": 63}, {"date": "2024-01-04-20-00-00", "latency": 63}, {"date": "2024-01-04-20-00-00", "latency": 63}, {"date": "2024-01-04-20-00-00", "latency": 63}]}, {"location": {"country_code": "us", "region": "Arkansas", "city": "Newport"}, "game_id": "747108", "values": [{"date": "2024-01-04-21-00-00", "latency": 109}, {"date": "2024-01-04-21-00-00", "latency": 109}, {"date": "2024-01-04-21-00-00", "latency": 109}, {"date": "2024-01-04-21-00-00", "latency": 109}, {"date": "2024-01-04-21-00-00", "latency": 109}, {"date": "2024-01-04-21-00-00", "latency": 109}, {"date": "2024-01-04-21-00-00", "latency": 109}, {"date": "2024-01-04-21-00-00", "latency": 109}, {"date": "2024-01-04-21-00-00", "latency": 109}, {"date": "2024-01-04-21-00-00", "latency": 109}]}], "last_updated": 1719927593.346181}