{"data": [{"location": {"country_code": "us", "region": "Florida", "city": "Orlando"}, "game_id": "273486", "values": [{"date": "2023-12-01-04-00-00", "latency": 0}]}, {"location": {"country_code": "ca", "region": "Ontario", "city": "London"}, "game_id": "273486", "values": [{"date": "2023-12-01-06-00-00", "latency": 9}, {"date": "2023-12-01-06-00-00", "latency": 9}, {"date": "2023-12-01-06-00-00", "latency": 9}, {"date": "2023-12-01-06-00-00", "latency": 9}, {"date": "2023-12-01-06-00-00", "latency": 9}, {"date": "2023-12-01-06-00-00", "latency": 9}]}], "last_updated": 1719919357.035325}