{"data": [{"location": {"country_code": "es", "region": "Canary Islands", "city": "Santa Cruz de Tenerife"}, "game_id": "319965", "values": [{"date": "2021-11-13-23-00-00", "alternatives": ["80", "80", "30"]}, {"date": "2021-11-13-23-00-00", "alternatives": ["80", "80", "30"]}, {"date": "2021-11-13-23-00-00", "alternatives": ["80", "80", "30"]}, {"date": "2021-11-14-00-00-00", "alternatives": ["57", "57", "2935"]}]}, {"location": {"country_code": "nz"}, "game_id": "319965", "values": [{"date": "2021-11-13-05-00-00", "alternatives": ["0", "0", "1"]}, {"date": "2021-11-13-05-00-00", "alternatives": ["0", "0", "1"]}]}, {"location": {"country_code": "us"}, "game_id": "319965", "values": [{"date": "2021-11-13-07-00-00", "alternatives": ["50", "550", "50"]}, {"date": "2021-11-13-07-00-00", "alternatives": ["50", "550", "50"]}, {"date": "2021-11-13-09-00-00", "alternatives": ["3", "50", "50"]}, {"date": "2021-11-13-09-00-00", "alternatives": ["3", "50", "50"]}, {"date": "2021-11-13-07-00-00", "alternatives": ["64", "64", "5"]}, {"date": "2021-11-13-20-00-00", "alternatives": ["64", "641", "64"]}, {"date": "2021-11-13-20-00-00", "alternatives": ["64", "641", "64"]}, {"date": "2021-11-13-20-00-00", "alternatives": ["64", "641", "64"]}, {"date": "2021-11-13-20-00-00", "alternatives": ["64", "641", "64"]}, {"date": "2021-11-13-05-00-00", "alternatives": ["50", "550", "50"]}, {"date": "2021-11-13-19-00-00", "alternatives": ["50", "50", "11021"]}, {"date": "2021-11-13-19-00-00", "alternatives": ["50", "50", "11021"]}, {"date": "2021-11-13-07-00-00", "alternatives": ["50", "50", "502"]}]}, {"location": {"country_code": "us", "region": "Florida"}, "game_id": "319965", "values": [{"date": "2021-11-13-17-00-00", "alternatives": ["50", "550", "50"]}, {"date": "2021-11-13-17-00-00", "alternatives": ["50", "550", "50"]}, {"date": "2021-11-13-17-00-00", "alternatives": ["50", "550", "50"]}, {"date": "2021-11-13-17-00-00", "alternatives": ["50", "550", "50"]}, {"date": "2021-11-13-08-00-00", "alternatives": ["50", "50", "35"]}, {"date": "2021-11-13-08-00-00", "alternatives": ["50", "50", "35"]}]}, {"location": {"country_code": "us", "region": "New York", "city": "Jamestown"}, "game_id": "319965", "values": [{"date": "2021-11-13-06-00-00", "alternatives": ["87", "87", "37"]}, {"date": "2021-11-13-06-00-00", "alternatives": ["87", "87", "37"]}, {"date": "2021-11-13-06-00-00", "alternatives": ["87", "87", "37"]}, {"date": "2021-11-13-06-00-00", "alternatives": ["87", "87", "37"]}, {"date": "2021-11-13-06-00-00", "alternatives": ["87", "87", "37"]}, {"date": "2021-11-13-06-00-00", "alternatives": ["87", "87", "37"]}, {"date": "2021-11-13-06-00-00", "alternatives": ["87", "87", "37"]}, {"date": "2021-11-13-06-00-00", "alternatives": ["87", "87", "37"]}, {"date": "2021-11-13-06-00-00", "alternatives": ["87", "87", "37"]}, {"date": "2021-11-13-06-00-00", "alternatives": ["87", "87", "37"]}, {"date": "2021-11-13-06-00-00", "alternatives": ["87", "87", "37"]}, {"date": "2021-11-13-01-00-00", "alternatives": ["50", "50", "1"]}, {"date": "2021-11-13-07-00-00", "alternatives": ["55", "55", "0255"]}, {"date": "2021-11-13-07-00-00", "alternatives": ["55", "55", "0255"]}]}, {"location": {"country_code": "gb"}, "game_id": "319965", "values": [{"date": "2021-11-14-01-00-00", "alternatives": ["160", "160", "03"]}, {"date": "2021-11-13-23-00-00", "alternatives": ["96", "96", "90"]}, {"date": "2021-11-13-02-00-00", "alternatives": ["52", "52", "92"]}, {"date": "2021-11-13-06-00-00", "alternatives": ["130", "6130", "130"]}, {"date": "2021-11-13-06-00-00", "alternatives": ["130", "6130", "130"]}, {"date": "2021-11-13-20-00-00", "alternatives": ["151", "151", "8"]}]}, {"location": {"country_code": "pa"}, "game_id": "319965", "values": [{"date": "2021-11-13-04-00-00", "alternatives": ["143", "143", "2"]}, {"date": "2021-11-13-04-00-00", "alternatives": ["143", "143", "2"]}, {"date": "2021-11-13-08-00-00", "alternatives": ["8910", "89", "89"]}, {"date": "2021-11-13-08-00-00", "alternatives": ["8910", "89", "89"]}]}, {"location": {"country_code": "nl"}, "game_id": "319965", "values": [{"date": "2021-11-13-17-00-00", "alternatives": ["88", "88", "38"]}, {"date": "2021-11-13-17-00-00", "alternatives": ["88", "88", "38"]}, {"date": "2021-11-13-17-00-00", "alternatives": ["88", "88", "38"]}, {"date": "2021-11-13-17-00-00", "alternatives": ["88", "88", "38"]}]}, {"location": {"country_code": "jp"}, "game_id": "319965", "values": [{"date": "2021-11-13-16-00-00", "alternatives": ["285", "6285", "285"]}, {"date": "2021-11-13-18-00-00", "alternatives": ["84", "84", "34"]}, {"date": "2021-11-13-18-00-00", "alternatives": ["84", "84", "34"]}, {"date": "2021-11-13-18-00-00", "alternatives": ["84", "84", "34"]}, {"date": "2021-11-13-18-00-00", "alternatives": ["84", "84", "34"]}, {"date": "2021-11-13-18-00-00", "alternatives": ["84", "84", "34"]}, {"date": "2021-11-13-18-00-00", "alternatives": ["84", "84", "34"]}, {"date": "2021-11-13-18-00-00", "alternatives": ["84", "84", "34"]}, {"date": "2021-11-13-18-00-00", "alternatives": ["84", "84", "34"]}]}, {"location": {"country_code": "ca", "region": "Ontario", "city": "Toronto"}, "game_id": "319965", "values": [{"date": "2021-11-13-07-00-00", "alternatives": ["50", "50", "150"]}, {"date": "2021-11-13-07-00-00", "alternatives": ["50", "50", "150"]}]}, {"location": {"country_code": "de"}, "game_id": "319965", "values": [{"date": "2021-11-13-20-00-00", "alternatives": ["178", "178", "7483"]}, {"date": "2021-11-13-20-00-00", "alternatives": ["178", "178", "7483"]}, {"date": "2021-11-13-20-00-00", "alternatives": ["178", "178", "7483"]}, {"date": "2021-11-13-20-00-00", "alternatives": ["178", "178", "7483"]}, {"date": "2021-11-13-04-00-00", "alternatives": ["50", "550", "50"]}, {"date": "2021-11-13-04-00-00", "alternatives": ["50", "550", "50"]}, {"date": "2021-11-13-04-00-00", "alternatives": ["50", "550", "50"]}]}, {"location": {"country_code": "gb", "region": "England"}, "game_id": "319965", "values": [{"date": "2021-11-13-01-00-00", "alternatives": ["50", "550", "50"]}]}, {"location": {"country_code": "cl"}, "game_id": "319965", "values": [{"date": "2021-11-13-07-00-00", "alternatives": ["141", "141", "3"]}, {"date": "2021-11-13-07-00-00", "alternatives": ["141", "141", "3"]}]}, {"location": {"country_code": "fr"}, "game_id": "319965", "values": [{"date": "2021-11-13-01-00-00", "alternatives": ["50", "550", "50"]}, {"date": "2021-11-13-23-00-00", "alternatives": ["50", "550", "50"]}, {"date": "2021-11-13-23-00-00", "alternatives": ["50", "550", "50"]}, {"date": "2021-11-13-23-00-00", "alternatives": ["50", "550", "50"]}, {"date": "2021-11-13-23-00-00", "alternatives": ["50", "550", "50"]}, {"date": "2021-11-13-23-00-00", "alternatives": ["89", "89", "39"]}]}, {"location": {"country_code": "mx"}, "game_id": "319965", "values": [{"date": "2021-11-13-04-00-00", "alternatives": ["80", "80", "30"]}, {"date": "2021-11-13-07-00-00", "alternatives": ["87", "87", "387"]}, {"date": "2021-11-13-07-00-00", "alternatives": ["87", "87", "387"]}, {"date": "2021-11-13-07-00-00", "alternatives": ["87", "87", "387"]}]}, {"location": {"country_code": "us", "region": "Ohio"}, "game_id": "319965", "values": [{"date": "2021-11-13-23-00-00", "alternatives": ["50", "550", "50"]}]}, {"location": {"country_code": "mx", "region": "Mexico City"}, "game_id": "319965", "values": [{"date": "2021-11-13-05-00-00", "alternatives": ["50", "550", "50"]}, {"date": "2021-11-13-05-00-00", "alternatives": ["50", "550", "50"]}]}, {"location": {"country_code": "us", "region": "California"}, "game_id": "319965", "values": [{"date": "2021-11-13-07-00-00", "alternatives": ["76", "76", "10"]}, {"date": "2021-11-13-07-00-00", "alternatives": ["76", "76", "10"]}, {"date": "2021-11-13-07-00-00", "alternatives": ["76", "76", "10"]}, {"date": "2021-11-13-05-00-00", "alternatives": ["94", "94", "994"]}, {"date": "2021-11-13-05-00-00", "alternatives": ["285", "5", "5"]}]}, {"location": {"country_code": "se"}, "game_id": "319965", "values": [{"date": "2021-11-13-18-00-00", "alternatives": ["135", "135", "199"]}, {"date": "2021-11-14-01-00-00", "alternatives": ["50", "550", "50"]}]}, {"location": {"country_code": "no"}, "game_id": "319965", "values": [{"date": "2021-11-13-05-00-00", "alternatives": ["50", "550", "50"]}, {"date": "2021-11-13-05-00-00", "alternatives": ["50", "550", "50"]}, {"date": "2021-11-13-05-00-00", "alternatives": ["50", "550", "50"]}, {"date": "2021-11-13-05-00-00", "alternatives": ["50", "550", "50"]}, {"date": "2021-11-13-05-00-00", "alternatives": ["50", "550", "50"]}, {"date": "2021-11-13-05-00-00", "alternatives": ["50", "550", "50"]}, {"date": "2021-11-13-05-00-00", "alternatives": ["50", "550", "50"]}]}, {"location": {"country_code": "us", "region": "California", "city": "East Los Angeles"}, "game_id": "319965", "values": [{"date": "2021-11-13-04-00-00", "alternatives": ["50", "550", "50"]}, {"date": "2021-11-14-00-00-00", "alternatives": ["2", "166", "166"]}, {"date": "2021-11-14-00-00-00", "alternatives": ["2", "166", "166"]}, {"date": "2021-11-14-00-00-00", "alternatives": ["2", "166", "166"]}, {"date": "2021-11-14-00-00-00", "alternatives": ["2", "166", "166"]}]}, {"location": {"country_code": "au"}, "game_id": "319965", "values": [{"date": "2021-11-13-09-00-00", "alternatives": ["5", "180", "180"]}]}, {"location": {"country_code": "au", "region": "Western Australia"}, "game_id": "319965", "values": [{"date": "2021-11-13-12-00-00", "alternatives": ["76", "76", "1"]}, {"date": "2021-11-13-12-00-00", "alternatives": ["76", "76", "1"]}]}, {"location": {"country_code": "es"}, "game_id": "319965", "values": [{"date": "2021-11-13-22-00-00", "alternatives": ["137", "137", "1374"]}, {"date": "2021-11-13-22-00-00", "alternatives": ["137", "137", "1374"]}, {"date": "2021-11-13-21-00-00", "alternatives": ["163", "6163", "163"]}, {"date": "2021-11-13-21-00-00", "alternatives": ["163", "6163", "163"]}]}, {"location": {"country_code": "ar"}, "game_id": "319965", "values": [{"date": "2021-11-13-04-00-00", "alternatives": ["171", "171", "11"]}, {"date": "2021-11-13-06-00-00", "alternatives": ["174", "174", "14"]}, {"date": "2021-11-13-06-00-00", "alternatives": ["174", "174", "14"]}]}, {"location": {"country_code": "ar", "region": "Mendoza Province"}, "game_id": "319965", "values": [{"date": "2021-11-13-04-00-00", "alternatives": ["138", "138", "136"]}]}, {"location": {"country_code": "fi"}, "game_id": "319965", "values": [{"date": "2021-11-13-21-00-00", "alternatives": ["153", "153", "103"]}, {"date": "2021-11-13-16-00-00", "alternatives": ["50", "550", "50"]}, {"date": "2021-11-13-16-00-00", "alternatives": ["50", "550", "50"]}, {"date": "2021-11-13-16-00-00", "alternatives": ["50", "550", "50"]}, {"date": "2021-11-13-16-00-00", "alternatives": ["50", "550", "50"]}, {"date": "2021-11-14-00-00-00", "alternatives": ["1", "50", "1"]}]}, {"location": {"country_code": "us", "region": "Hawaii"}, "game_id": "319965", "values": [{"date": "2021-11-13-09-00-00", "alternatives": ["98", "985", "98"]}, {"date": "2021-11-13-09-00-00", "alternatives": ["98", "985", "98"]}, {"date": "2021-11-13-09-00-00", "alternatives": ["98", "985", "98"]}, {"date": "2021-11-13-09-00-00", "alternatives": ["98", "985", "98"]}, {"date": "2021-11-13-09-00-00", "alternatives": ["98", "985", "98"]}]}, {"location": {"country_code": "jp", "region": "Tokyo"}, "game_id": "319965", "values": [{"date": "2021-11-13-22-00-00", "alternatives": ["75", "75", "775"]}, {"date": "2021-11-13-22-00-00", "alternatives": ["75", "75", "775"]}, {"date": "2021-11-13-22-00-00", "alternatives": ["75", "75", "775"]}, {"date": "2021-11-13-22-00-00", "alternatives": ["75", "75", "775"]}]}, {"location": {"country_code": "us", "region": "Ohio", "city": "Cleveland"}, "game_id": "319965", "values": [{"date": "2021-11-13-21-00-00", "alternatives": ["50", "550", "50"]}, {"date": "2021-11-13-21-00-00", "alternatives": ["50", "550", "50"]}]}, {"location": {"country_code": "us", "region": "South Carolina"}, "game_id": "319965", "values": [{"date": "2021-11-13-08-00-00", "alternatives": ["232", "50", "232"]}]}, {"location": {"country_code": "us", "region": "Michigan"}, "game_id": "319965", "values": [{"date": "2021-11-14-00-00-00", "alternatives": ["50", "550", "50"]}, {"date": "2021-11-14-00-00-00", "alternatives": ["50", "550", "50"]}, {"date": "2021-11-14-00-00-00", "alternatives": ["50", "550", "50"]}, {"date": "2021-11-13-07-00-00", "alternatives": ["63", "63", "18"]}]}, {"location": {"country_code": "us", "region": "Illinois", "city": "Chicago"}, "game_id": "319965", "values": [{"date": "2021-11-13-07-00-00", "alternatives": ["55", "55", "09"]}]}, {"location": {"country_code": "co"}, "game_id": "319965", "values": [{"date": "2021-11-13-06-00-00", "alternatives": ["132", "132", "113"]}, {"date": "2021-11-13-06-00-00", "alternatives": ["132", "132", "113"]}, {"date": "2021-11-13-04-00-00", "alternatives": ["85", "85", "1"]}, {"date": "2021-11-13-04-00-00", "alternatives": ["116", "116", "40"]}]}, {"location": {"country_code": "at"}, "game_id": "319965", "values": [{"date": "2021-11-13-23-00-00", "alternatives": ["50", "550", "50"]}, {"date": "2021-11-13-23-00-00", "alternatives": ["50", "550", "50"]}, {"date": "2021-11-13-23-00-00", "alternatives": ["50", "550", "50"]}, {"date": "2021-11-13-23-00-00", "alternatives": ["50", "550", "50"]}]}, {"location": {"country_code": "es", "region": "Catalonia", "city": "l'Hospitalet de Llobregat"}, "game_id": "319965", "values": [{"date": "2021-11-13-01-00-00", "alternatives": ["50", "550", "50"]}, {"date": "2021-11-13-01-00-00", "alternatives": ["50", "550", "50"]}, {"date": "2021-11-13-19-00-00", "alternatives": ["113", "1133", "113"]}]}, {"location": {"country_code": "cr"}, "game_id": "319965", "values": [{"date": "2021-11-13-07-00-00", "alternatives": ["144", "6144", "144"]}, {"date": "2021-11-13-07-00-00", "alternatives": ["144", "6144", "144"]}, {"date": "2021-11-13-07-00-00", "alternatives": ["144", "6144", "144"]}]}, {"location": {"country_code": "gb", "region": "England", "city": "London"}, "game_id": "319965", "values": [{"date": "2021-11-13-01-00-00", "alternatives": ["50", "550", "50"]}]}, {"location": {"country_code": "pe"}, "game_id": "319965", "values": [{"date": "2021-11-14-00-00-00", "alternatives": ["176", "176", "16"]}, {"date": "2021-11-14-00-00-00", "alternatives": ["176", "176", "16"]}, {"date": "2021-11-13-04-00-00", "alternatives": ["95", "95", "23"]}]}, {"location": {"country_code": "us", "region": "District of Columbia", "city": "Washington"}, "game_id": "319965", "values": [{"date": "2021-11-13-11-00-00", "alternatives": ["55", "55", "00"]}]}, {"location": {"country_code": "py"}, "game_id": "319965", "values": [{"date": "2021-11-13-03-00-00", "alternatives": ["171", "171", "4"]}]}, {"location": {"country_code": "us", "region": "Wisconsin"}, "game_id": "319965", "values": [{"date": "2021-11-13-06-00-00", "alternatives": ["50", "50", "500"]}]}, {"location": {"country_code": "us", "region": "Pennsylvania"}, "game_id": "319965", "values": [{"date": "2021-11-13-05-00-00", "alternatives": ["87", "87", "1"]}]}, {"location": {"country_code": "mx", "region": "Nuevo Leon", "city": "Monterrey"}, "game_id": "319965", "values": [{"date": "2021-11-13-05-00-00", "alternatives": ["89", "889", "89"]}]}, {"location": {"country_code": "cl", "region": "Santiago Metropolitan", "city": "Santiago"}, "game_id": "319965", "values": [{"date": "2021-11-14-01-00-00", "alternatives": ["7", "148", "148"]}]}, {"location": {"country_code": "co", "region": "El Valle", "city": "Cali"}, "game_id": "319965", "values": [{"date": "2021-11-13-11-00-00", "alternatives": ["3", "50", "50"]}]}, {"location": {"country_code": "au", "region": "Western Australia", "city": "Perth"}, "game_id": "319965", "values": [{"date": "2021-11-13-02-00-00", "alternatives": ["7", "280", "280"]}, {"date": "2021-11-13-02-00-00", "alternatives": ["7", "280", "280"]}]}, {"location": {"country_code": "es", "region": "Andalusia", "city": "Seville"}, "game_id": "319965", "values": [{"date": "2021-11-13-22-00-00", "alternatives": ["52", "52", "92"]}]}, {"location": {"country_code": "us", "region": "Kentucky"}, "game_id": "319965", "values": [{"date": "2021-11-13-07-00-00", "alternatives": ["87", "87", "3"]}, {"date": "2021-11-13-07-00-00", "alternatives": ["87", "87", "3"]}, {"date": "2021-11-13-07-00-00", "alternatives": ["87", "87", "3"]}, {"date": "2021-11-13-07-00-00", "alternatives": ["87", "87", "3"]}]}, {"location": {"country_code": "mx", "region": "Baja California", "city": "Tijuana"}, "game_id": "319965", "values": [{"date": "2021-11-13-07-00-00", "alternatives": ["154", "154", "104"]}]}, {"location": {"country_code": "es", "region": "Andalusia", "city": "Granada"}, "game_id": "319965", "values": [{"date": "2021-11-13-01-00-00", "alternatives": ["50", "50", "4"]}]}, {"location": {"country_code": "es", "region": "Catalonia", "city": "Sant Antoni"}, "game_id": "319965", "values": [{"date": "2021-11-13-19-00-00", "alternatives": ["130", "130", "150"]}]}, {"location": {"country_code": "us", "region": "Colorado", "city": "Denver"}, "game_id": "319965", "values": [{"date": "2021-11-13-09-00-00", "alternatives": ["53", "53", "55"]}, {"date": "2021-11-13-09-00-00", "alternatives": ["53", "53", "55"]}, {"date": "2021-11-13-09-00-00", "alternatives": ["53", "53", "55"]}, {"date": "2021-11-13-09-00-00", "alternatives": ["53", "53", "55"]}, {"date": "2021-11-13-09-00-00", "alternatives": ["53", "53", "55"]}, {"date": "2021-11-13-09-00-00", "alternatives": ["53", "53", "55"]}, {"date": "2021-11-13-09-00-00", "alternatives": ["53", "53", "55"]}, {"date": "2021-11-13-09-00-00", "alternatives": ["53", "53", "55"]}]}, {"location": {"country_code": "us", "region": "Florida", "city": "Orlando"}, "game_id": "319965", "values": [{"date": "2021-11-13-06-00-00", "alternatives": ["80", "80", "30"]}, {"date": "2021-11-13-06-00-00", "alternatives": ["80", "80", "30"]}, {"date": "2021-11-13-06-00-00", "alternatives": ["80", "80", "30"]}]}, {"location": {"country_code": "pe", "region": "Lima region", "city": "Lima"}, "game_id": "319965", "values": [{"date": "2021-11-13-06-00-00", "alternatives": ["98", "98", "3"]}, {"date": "2021-11-13-06-00-00", "alternatives": ["98", "98", "3"]}]}, {"location": {"country_code": "mx", "region": "Jalisco", "city": "Guadalajara"}, "game_id": "319965", "values": [{"date": "2021-11-13-05-00-00", "alternatives": ["75", "75", "3"]}, {"date": "2021-11-13-05-00-00", "alternatives": ["75", "75", "3"]}]}, {"location": {"country_code": "ca", "region": "Quebec"}, "game_id": "319965", "values": [{"date": "2021-11-13-03-00-00", "alternatives": ["50", "550", "50"]}]}, {"location": {"country_code": "us", "region": "State of Wyoming"}, "game_id": "319965", "values": [{"date": "2021-11-13-08-00-00", "alternatives": ["4", "90", "90"]}, {"date": "2021-11-13-08-00-00", "alternatives": ["4", "90", "90"]}]}, {"location": {"country_code": "de", "region": "North Rhine-Westphalia", "city": "Cologne"}, "game_id": "319965", "values": [{"date": "2021-11-13-18-00-00", "alternatives": ["126", "125", "125"]}, {"date": "2021-11-13-18-00-00", "alternatives": ["126", "125", "125"]}]}, {"location": {"country_code": "fr", "region": "Nord-Passo di Calais-Piccardia", "city": "Lille"}, "game_id": "319965", "values": [{"date": "2021-11-14-00-00-00", "alternatives": ["50", "50", "63"]}, {"date": "2021-11-13-22-00-00", "alternatives": ["81", "81", "31"]}, {"date": "2021-11-13-22-00-00", "alternatives": ["81", "81", "31"]}]}, {"location": {"country_code": "us", "region": "Oregon", "city": "Portland"}, "game_id": "319965", "values": [{"date": "2021-11-13-03-00-00", "alternatives": ["3", "90", "90"]}, {"date": "2021-11-13-10-00-00", "alternatives": ["84", "84", "34"]}, {"date": "2021-11-13-10-00-00", "alternatives": ["84", "84", "34"]}, {"date": "2021-11-13-10-00-00", "alternatives": ["84", "84", "34"]}, {"date": "2021-11-13-10-00-00", "alternatives": ["84", "84", "34"]}, {"date": "2021-11-13-10-00-00", "alternatives": ["84", "84", "34"]}]}, {"location": {"country_code": "br", "region": "Minas Gerais", "city": "Ituiutaba"}, "game_id": "319965", "values": [{"date": "2021-11-13-06-00-00", "alternatives": ["15188", "151", "151"]}]}, {"location": {"country_code": "jp", "region": "Ishikari", "city": "Sapporo"}, "game_id": "319965", "values": [{"date": "2021-11-13-15-00-00", "alternatives": ["271", "271", "21"]}, {"date": "2021-11-13-15-00-00", "alternatives": ["271", "271", "21"]}, {"date": "2021-11-13-15-00-00", "alternatives": ["271", "271", "21"]}, {"date": "2021-11-13-15-00-00", "alternatives": ["271", "271", "21"]}]}, {"location": {"country_code": "es", "region": "Andalusia", "city": "Marbella"}, "game_id": "319965", "values": [{"date": "2021-11-13-03-00-00", "alternatives": ["58", "58", "53"]}, {"date": "2021-11-13-03-00-00", "alternatives": ["58", "58", "53"]}, {"date": "2021-11-13-22-00-00", "alternatives": ["5", "234", "234"]}]}, {"location": {"country_code": "mx", "region": "Baja California", "city": "Mexicali"}, "game_id": "319965", "values": [{"date": "2021-11-13-02-00-00", "alternatives": ["164", "164", "1164"]}]}, {"location": {"country_code": "es", "region": "Principality of Asturias"}, "game_id": "319965", "values": [{"date": "2021-11-14-00-00-00", "alternatives": ["119", "6119", "119"]}, {"date": "2021-11-14-00-00-00", "alternatives": ["119", "6119", "119"]}, {"date": "2021-11-14-00-00-00", "alternatives": ["119", "6119", "119"]}, {"date": "2021-11-14-00-00-00", "alternatives": ["119", "6119", "119"]}, {"date": "2021-11-14-00-00-00", "alternatives": ["119", "6119", "119"]}]}, {"location": {"country_code": "es", "region": "Balearic Islands", "city": "Porreres"}, "game_id": "319965", "values": [{"date": "2021-11-13-01-00-00", "alternatives": ["88", "88", "38"]}]}, {"location": {"country_code": "gb", "region": "England", "city": "Newcastle upon Tyne"}, "game_id": "319965", "values": [{"date": "2021-11-14-00-00-00", "alternatives": ["50", "50", "41"]}]}, {"location": {"country_code": "es", "region": "Andalusia", "city": "La Linea de la Concepcion"}, "game_id": "319965", "values": [{"date": "2021-11-14-00-00-00", "alternatives": ["50", "550", "50"]}]}, {"location": {"country_code": "pl", "region": "Pomeranian Voivodeship"}, "game_id": "319965", "values": [{"date": "2021-11-14-00-00-00", "alternatives": ["50", "550", "50"]}, {"date": "2021-11-14-00-00-00", "alternatives": ["50", "550", "50"]}, {"date": "2021-11-14-00-00-00", "alternatives": ["50", "550", "50"]}, {"date": "2021-11-14-00-00-00", "alternatives": ["50", "550", "50"]}, {"date": "2021-11-14-00-00-00", "alternatives": ["50", "550", "50"]}, {"date": "2021-11-14-00-00-00", "alternatives": ["50", "550", "50"]}]}, {"location": {"country_code": "us", "region": "Puerto Rico", "city": "Mayaguez"}, "game_id": "319965", "values": [{"date": "2021-11-13-06-00-00", "alternatives": ["98", "98", "213"]}]}, {"location": {"country_code": "es", "region": "Extremadura"}, "game_id": "319965", "values": [{"date": "2021-11-13-21-00-00", "alternatives": ["126", "126", "120"]}]}, {"location": {"country_code": "fi", "region": "Uusimaa", "city": "Helsinki"}, "game_id": "319965", "values": [{"date": "2021-11-13-18-00-00", "alternatives": ["165", "165", "160"]}]}, {"location": {"country_code": "es", "region": "Castille-La Mancha", "city": "Cuenca"}, "game_id": "319965", "values": [{"date": "2021-11-14-00-00-00", "alternatives": ["88", "88", "38"]}]}, {"location": {"country_code": "jp", "region": "Setagaya"}, "game_id": "319965", "values": [{"date": "2021-11-13-16-00-00", "alternatives": ["69", "69", "3"]}, {"date": "2021-11-13-16-00-00", "alternatives": ["69", "69", "3"]}, {"date": "2021-11-13-16-00-00", "alternatives": ["69", "69", "3"]}]}, {"location": {"country_code": "us", "region": "New Jersey", "city": "Phillipsburg"}, "game_id": "319965", "values": [{"date": "2021-11-13-02-00-00", "alternatives": ["88", "88", "33"]}, {"date": "2021-11-13-02-00-00", "alternatives": ["88", "88", "33"]}, {"date": "2021-11-13-02-00-00", "alternatives": ["88", "88", "33"]}, {"date": "2021-11-13-02-00-00", "alternatives": ["88", "88", "33"]}, {"date": "2021-11-13-02-00-00", "alternatives": ["88", "88", "33"]}]}, {"location": {"country_code": "us", "region": "Massachusetts", "city": "Leominster"}, "game_id": "319965", "values": [{"date": "2021-11-13-07-00-00", "alternatives": ["75", "75", "11"]}, {"date": "2021-11-13-07-00-00", "alternatives": ["75", "75", "11"]}, {"date": "2021-11-13-07-00-00", "alternatives": ["75", "75", "11"]}]}, {"location": {"country_code": "gb", "region": "England", "city": "Leicester"}, "game_id": "319965", "values": [{"date": "2021-11-13-03-00-00", "alternatives": ["50", "50", "02"]}, {"date": "2021-11-13-03-00-00", "alternatives": ["50", "50", "02"]}, {"date": "2021-11-13-03-00-00", "alternatives": ["50", "50", "02"]}]}, {"location": {"country_code": "us", "region": "Texas", "city": "Killeen"}, "game_id": "319965", "values": [{"date": "2021-11-13-10-00-00", "alternatives": ["50", "550", "50"]}, {"date": "2021-11-13-10-00-00", "alternatives": ["50", "550", "50"]}]}, {"location": {"country_code": "es", "region": "Valencia", "city": "Crevillent"}, "game_id": "319965", "values": [{"date": "2021-11-13-01-00-00", "alternatives": ["50", "501", "50"]}, {"date": "2021-11-13-01-00-00", "alternatives": ["50", "501", "50"]}]}, {"location": {"country_code": "us", "region": "Ohio", "city": "Belpre"}, "game_id": "319965", "values": [{"date": "2021-11-13-06-00-00", "alternatives": ["50", "550", "50"]}, {"date": "2021-11-13-06-00-00", "alternatives": ["50", "550", "50"]}, {"date": "2021-11-13-06-00-00", "alternatives": ["50", "550", "50"]}]}, {"location": {"country_code": "us", "region": "South Carolina", "city": "Aiken"}, "game_id": "319965", "values": [{"date": "2021-11-13-07-00-00", "alternatives": ["50", "550", "50"]}, {"date": "2021-11-13-07-00-00", "alternatives": ["50", "550", "50"]}, {"date": "2021-11-13-07-00-00", "alternatives": ["50", "550", "50"]}]}], "last_updated": 1719918467.596338}