{"data": [{"location": {"country_code": "nz"}, "game_id": "128974", "values": [{"date": "2023-12-03-08-00-00", "latency": 200}, {"date": "2023-12-03-09-00-00", "latency": 84}, {"date": "2023-12-03-08-00-00", "latency": 213}, {"date": "2023-12-03-08-00-00", "latency": 213}, {"date": "2023-12-03-08-00-00", "latency": 213}, {"date": "2023-12-03-08-00-00", "latency": 213}, {"date": "2023-12-03-08-00-00", "latency": 213}, {"date": "2023-12-03-08-00-00", "latency": 213}, {"date": "2023-12-03-08-00-00", "latency": 213}, {"date": "2023-12-03-11-00-00", "latency": 251}]}, {"location": {"country_code": "nz", "region": "Heretaunga"}, "game_id": "128974", "values": [{"date": "2023-12-03-10-00-00", "latency": 64}]}, {"location": {"country_code": "jp"}, "game_id": "128974", "values": [{"date": "2023-12-03-14-00-00", "latency": 211}, {"date": "2023-12-03-14-00-00", "latency": 211}, {"date": "2023-12-03-14-00-00", "latency": 211}, {"date": "2023-12-03-14-00-00", "latency": 211}, {"date": "2023-12-03-14-00-00", "latency": 211}, {"date": "2023-12-03-14-00-00", "latency": 211}, {"date": "2023-12-03-14-00-00", "latency": 211}, {"date": "2023-12-03-14-00-00", "latency": 211}, {"date": "2023-12-03-14-00-00", "latency": 211}, {"date": "2023-12-03-14-00-00", "latency": 211}, {"date": "2023-12-03-14-00-00", "latency": 211}, {"date": "2023-12-03-14-00-00", "latency": 211}, {"date": "2023-12-03-12-00-00", "latency": 55}]}, {"location": {"country_code": "us"}, "game_id": "128974", "values": [{"date": "2023-12-03-04-00-00", "latency": 70}, {"date": "2023-12-03-09-00-00", "latency": 82}, {"date": "2023-12-03-09-00-00", "latency": 82}, {"date": "2023-12-03-09-00-00", "latency": 82}, {"date": "2023-12-03-09-00-00", "latency": 82}, {"date": "2023-12-03-03-00-00", "latency": 77}, {"date": "2023-12-03-04-00-00", "latency": 83}, {"date": "2023-12-03-21-00-00", "latency": 68}, {"date": "2023-12-03-21-00-00", "latency": 68}, {"date": "2023-12-03-07-00-00", "latency": 89}, {"date": "2023-12-03-07-00-00", "latency": 89}, {"date": "2023-12-03-07-00-00", "latency": 89}, {"date": "2023-12-03-06-00-00", "latency": 85}, {"date": "2023-12-03-06-00-00", "latency": 85}, {"date": "2023-12-03-06-00-00", "latency": 85}, {"date": "2023-12-03-06-00-00", "latency": 85}, {"date": "2023-12-03-06-00-00", "latency": 85}, {"date": "2023-12-03-01-00-00", "latency": 137}, {"date": "2023-12-03-11-00-00", "latency": 65}]}, {"location": {"country_code": "us", "region": "Louisiana", "city": "New Orleans"}, "game_id": "128974", "values": [{"date": "2023-12-03-02-00-00", "latency": 182}]}, {"location": {"country_code": "us", "region": "New York", "city": "Jamestown"}, "game_id": "128974", "values": [{"date": "2023-12-03-01-00-00", "latency": 207}, {"date": "2023-12-03-10-00-00", "latency": 97}, {"date": "2023-12-03-05-00-00", "latency": 60}]}, {"location": {"country_code": "us", "region": "California"}, "game_id": "128974", "values": [{"date": "2023-12-03-17-00-00", "latency": 79}, {"date": "2023-12-03-04-00-00", "latency": 76}, {"date": "2023-12-03-04-00-00", "latency": 76}, {"date": "2023-12-03-08-00-00", "latency": 96}, {"date": "2023-12-03-14-00-00", "latency": 630}]}, {"location": {"country_code": "gb"}, "game_id": "128974", "values": [{"date": "2023-12-03-16-00-00", "latency": 59}, {"date": "2023-12-03-16-00-00", "latency": 59}, {"date": "2023-12-03-16-00-00", "latency": 59}, {"date": "2023-12-03-22-00-00", "latency": 77}, {"date": "2023-12-03-22-00-00", "latency": 77}, {"date": "2023-12-03-21-00-00", "latency": 57}, {"date": "2023-12-03-22-00-00", "latency": 117}]}, {"location": {"country_code": "th"}, "game_id": "128974", "values": [{"date": "2023-12-03-17-00-00", "latency": 300}, {"date": "2023-12-03-20-00-00", "latency": 80}, {"date": "2023-12-03-20-00-00", "latency": 80}, {"date": "2023-12-03-13-00-00", "latency": 93}, {"date": "2023-12-03-13-00-00", "latency": 93}, {"date": "2023-12-03-13-00-00", "latency": 93}]}, {"location": {"country_code": "gr"}, "game_id": "128974", "values": [{"date": "2023-12-03-18-00-00", "latency": 133}]}, {"location": {"country_code": "nl"}, "game_id": "128974", "values": [{"date": "2023-12-04-00-00-00", "latency": 48}, {"date": "2023-12-04-00-00-00", "latency": 48}, {"date": "2023-12-04-00-00-00", "latency": 48}, {"date": "2023-12-04-00-00-00", "latency": 48}, {"date": "2023-12-03-22-00-00", "latency": 136}, {"date": "2023-12-03-21-00-00", "latency": 62}, {"date": "2023-12-03-03-00-00", "latency": 99}]}, {"location": {"country_code": "it"}, "game_id": "128974", "values": [{"date": "2023-12-03-17-00-00", "latency": 82}]}, {"location": {"country_code": "ro"}, "game_id": "128974", "values": [{"date": "2023-12-04-01-00-00", "latency": 126}, {"date": "2023-12-04-01-00-00", "latency": 126}, {"date": "2023-12-04-01-00-00", "latency": 126}, {"date": "2023-12-04-01-00-00", "latency": 126}, {"date": "2023-12-03-09-00-00", "latency": 88}]}, {"location": {"country_code": "ca"}, "game_id": "128974", "values": [{"date": "2023-12-03-09-00-00", "latency": 129}, {"date": "2023-12-03-09-00-00", "latency": 129}, {"date": "2023-12-03-01-00-00", "latency": 73}, {"date": "2023-12-03-02-00-00", "latency": 84}]}, {"location": {"country_code": "de"}, "game_id": "128974", "values": [{"date": "2023-12-03-16-00-00", "latency": 82}, {"date": "2023-12-03-16-00-00", "latency": 82}, {"date": "2023-12-03-16-00-00", "latency": 82}, {"date": "2023-12-03-15-00-00", "latency": 54}, {"date": "2023-12-03-16-00-00", "latency": 49}, {"date": "2023-12-03-07-00-00", "latency": 45}]}, {"location": {"country_code": "tw"}, "game_id": "128974", "values": [{"date": "2023-12-03-04-00-00", "latency": 264}]}, {"location": {"country_code": "gb", "region": "England"}, "game_id": "128974", "values": [{"date": "2023-12-03-18-00-00", "latency": 42}, {"date": "2023-12-03-18-00-00", "latency": 42}, {"date": "2023-12-03-18-00-00", "latency": 42}, {"date": "2023-12-03-18-00-00", "latency": 42}, {"date": "2023-12-03-18-00-00", "latency": 42}, {"date": "2023-12-03-17-00-00", "latency": 73}, {"date": "2023-12-03-17-00-00", "latency": 73}, {"date": "2023-12-03-02-00-00", "latency": 147}, {"date": "2023-12-03-02-00-00", "latency": 147}, {"date": "2023-12-03-02-00-00", "latency": 147}]}, {"location": {"country_code": "cl"}, "game_id": "128974", "values": [{"date": "2023-12-03-04-00-00", "latency": 227}]}, {"location": {"country_code": "us", "region": "Texas"}, "game_id": "128974", "values": [{"date": "2023-12-03-20-00-00", "latency": 182}, {"date": "2023-12-03-20-00-00", "latency": 182}, {"date": "2023-12-03-05-00-00", "latency": 185}]}, {"location": {"country_code": "us", "region": "Florida"}, "game_id": "128974", "values": [{"date": "2023-12-03-22-00-00", "latency": 128}, {"date": "2023-12-03-22-00-00", "latency": 128}, {"date": "2023-12-03-22-00-00", "latency": 128}, {"date": "2023-12-03-22-00-00", "latency": 147}, {"date": "2023-12-03-04-00-00", "latency": 93}, {"date": "2023-12-03-07-00-00", "latency": 81}, {"date": "2023-12-03-07-00-00", "latency": 81}, {"date": "2023-12-03-07-00-00", "latency": 81}, {"date": "2023-12-03-01-00-00", "latency": 98}, {"date": "2023-12-03-05-00-00", "latency": 67}]}, {"location": {"country_code": "au", "region": "New South Wales", "city": "Sydney"}, "game_id": "128974", "values": [{"date": "2023-12-03-08-00-00", "latency": 37}]}, {"location": {"country_code": "us", "region": "Florida", "city": "Miami"}, "game_id": "128974", "values": [{"date": "2023-12-03-15-00-00", "latency": 77}, {"date": "2023-12-03-15-00-00", "latency": 77}, {"date": "2023-12-03-15-00-00", "latency": 77}]}, {"location": {"country_code": "us", "region": "Kansas"}, "game_id": "128974", "values": [{"date": "2023-12-03-10-00-00", "latency": 89}]}, {"location": {"country_code": "fr"}, "game_id": "128974", "values": [{"date": "2023-12-03-12-00-00", "latency": 57}, {"date": "2023-12-03-16-00-00", "latency": 65}, {"date": "2023-12-03-16-00-00", "latency": 65}, {"date": "2023-12-03-07-00-00", "latency": 82}, {"date": "2023-12-03-21-00-00", "latency": 129}, {"date": "2023-12-03-21-00-00", "latency": 129}]}, {"location": {"country_code": "us", "region": "New Jersey"}, "game_id": "128974", "values": [{"date": "2023-12-03-03-00-00", "latency": 93}, {"date": "2023-12-03-06-00-00", "latency": 87}, {"date": "2023-12-03-06-00-00", "latency": 87}]}, {"location": {"country_code": "mx", "region": "Mexico City"}, "game_id": "128974", "values": [{"date": "2023-12-03-06-00-00", "latency": 100}, {"date": "2023-12-03-06-00-00", "latency": 100}, {"date": "2023-12-03-06-00-00", "latency": 100}]}, {"location": {"country_code": "us", "region": "Ohio"}, "game_id": "128974", "values": [{"date": "2023-12-03-03-00-00", "latency": 85}, {"date": "2023-12-03-03-00-00", "latency": 85}, {"date": "2023-12-03-03-00-00", "latency": 85}]}, {"location": {"country_code": "in"}, "game_id": "128974", "values": [{"date": "2023-12-03-07-00-00", "latency": 178}, {"date": "2023-12-03-07-00-00", "latency": 178}, {"date": "2023-12-03-07-00-00", "latency": 178}, {"date": "2023-12-03-07-00-00", "latency": 178}]}, {"location": {"country_code": "us", "region": "California", "city": "East Los Angeles"}, "game_id": "128974", "values": [{"date": "2023-12-03-09-00-00", "latency": 208}, {"date": "2023-12-03-05-00-00", "latency": 89}, {"date": "2023-12-03-05-00-00", "latency": 89}]}, {"location": {"country_code": "br"}, "game_id": "128974", "values": [{"date": "2023-12-03-03-00-00", "latency": 147}, {"date": "2023-12-03-02-00-00", "latency": 122}]}, {"location": {"country_code": "br", "region": "Sao Paulo", "city": "Apiai"}, "game_id": "128974", "values": [{"date": "2023-12-03-07-00-00", "latency": 171}, {"date": "2023-12-03-07-00-00", "latency": 171}, {"date": "2023-12-03-07-00-00", "latency": 171}, {"date": "2023-12-03-07-00-00", "latency": 171}]}, {"location": {"country_code": "se"}, "game_id": "128974", "values": [{"date": "2023-12-03-22-00-00", "latency": 103}, {"date": "2023-12-03-22-00-00", "latency": 103}, {"date": "2023-12-03-22-00-00", "latency": 103}]}, {"location": {"country_code": "au"}, "game_id": "128974", "values": [{"date": "2023-12-04-00-00-00", "latency": 206}, {"date": "2023-12-04-00-00-00", "latency": 206}, {"date": "2023-12-04-00-00-00", "latency": 206}, {"date": "2023-12-03-11-00-00", "latency": 156}, {"date": "2023-12-03-11-00-00", "latency": 156}, {"date": "2023-12-03-11-00-00", "latency": 156}, {"date": "2023-12-03-15-00-00", "latency": 189}, {"date": "2023-12-03-13-00-00", "latency": 147}, {"date": "2023-12-03-02-00-00", "latency": 158}, {"date": "2023-12-03-02-00-00", "latency": 158}, {"date": "2023-12-03-02-00-00", "latency": 158}, {"date": "2023-12-03-18-00-00", "latency": 44}, {"date": "2023-12-03-18-00-00", "latency": 44}]}, {"location": {"country_code": "td"}, "game_id": "128974", "values": [{"date": "2023-12-03-07-00-00", "latency": 107}, {"date": "2023-12-03-03-00-00", "latency": 84}]}, {"location": {"country_code": "es"}, "game_id": "128974", "values": [{"date": "2023-12-03-23-00-00", "latency": 88}]}, {"location": {"country_code": "sa"}, "game_id": "128974", "values": [{"date": "2023-12-04-01-00-00", "latency": 137}, {"date": "2023-12-04-01-00-00", "latency": 137}, {"date": "2023-12-03-15-00-00", "latency": 155}, {"date": "2023-12-03-15-00-00", "latency": 155}, {"date": "2023-12-03-19-00-00", "latency": 145}, {"date": "2023-12-03-19-00-00", "latency": 145}]}, {"location": {"country_code": "fi"}, "game_id": "128974", "values": [{"date": "2023-12-03-20-00-00", "latency": 41}, {"date": "2023-12-03-20-00-00", "latency": 41}, {"date": "2023-12-03-20-00-00", "latency": 41}, {"date": "2023-12-03-20-00-00", "latency": 41}, {"date": "2023-12-03-20-00-00", "latency": 41}, {"date": "2023-12-03-20-00-00", "latency": 41}, {"date": "2023-12-03-20-00-00", "latency": 41}, {"date": "2023-12-03-20-00-00", "latency": 41}, {"date": "2023-12-03-23-00-00", "latency": 115}, {"date": "2023-12-03-02-00-00", "latency": 41}, {"date": "2023-12-03-02-00-00", "latency": 41}, {"date": "2023-12-03-02-00-00", "latency": 41}, {"date": "2023-12-03-02-00-00", "latency": 41}, {"date": "2023-12-03-02-00-00", "latency": 41}]}, {"location": {"country_code": "ca", "region": "Alberta"}, "game_id": "128974", "values": [{"date": "2023-12-03-09-00-00", "latency": 76}]}, {"location": {"country_code": "ru", "region": "Moscow", "city": "Zelenograd"}, "game_id": "128974", "values": [{"date": "2023-12-04-00-00-00", "latency": 55}, {"date": "2023-12-04-00-00-00", "latency": 55}, {"date": "2023-12-04-00-00-00", "latency": 55}, {"date": "2023-12-04-00-00-00", "latency": 55}, {"date": "2023-12-04-00-00-00", "latency": 55}, {"date": "2023-12-04-00-00-00", "latency": 55}, {"date": "2023-12-04-00-00-00", "latency": 55}, {"date": "2023-12-04-00-00-00", "latency": 55}]}, {"location": {"country_code": "us", "region": "Virginia"}, "game_id": "128974", "values": [{"date": "2023-12-03-03-00-00", "latency": 85}, {"date": "2023-12-03-03-00-00", "latency": 85}, {"date": "2023-12-03-03-00-00", "latency": 85}]}, {"location": {"country_code": "us", "region": "Texas", "city": "Houston"}, "game_id": "128974", "values": [{"date": "2023-12-03-21-00-00", "latency": 67}]}, {"location": {"country_code": "cn"}, "game_id": "128974", "values": [{"date": "2023-12-03-14-00-00", "latency": 164}, {"date": "2023-12-03-14-00-00", "latency": 164}, {"date": "2023-12-03-14-00-00", "latency": 164}]}, {"location": {"country_code": "be"}, "game_id": "128974", "values": [{"date": "2023-12-03-08-00-00", "latency": 46}, {"date": "2023-12-03-08-00-00", "latency": 46}, {"date": "2023-12-03-08-00-00", "latency": 46}, {"date": "2023-12-03-08-00-00", "latency": 46}, {"date": "2023-12-03-08-00-00", "latency": 46}, {"date": "2023-12-03-08-00-00", "latency": 46}]}, {"location": {"country_code": "sg"}, "game_id": "128974", "values": [{"date": "2023-12-03-18-00-00", "latency": 119}]}, {"location": {"country_code": "us", "region": "District of Columbia", "city": "Washington"}, "game_id": "128974", "values": [{"date": "2023-12-03-09-00-00", "latency": 87}, {"date": "2023-12-03-09-00-00", "latency": 87}, {"date": "2023-12-03-09-00-00", "latency": 87}]}, {"location": {"country_code": "us", "region": "Washington", "city": "Pullman"}, "game_id": "128974", "values": [{"date": "2023-12-03-01-00-00", "latency": 120}]}, {"location": {"country_code": "ca", "region": "Ontario", "city": "Toronto"}, "game_id": "128974", "values": [{"date": "2023-12-03-07-00-00", "latency": 54}, {"date": "2023-12-03-07-00-00", "latency": 54}, {"date": "2023-12-03-07-00-00", "latency": 54}, {"date": "2023-12-03-04-00-00", "latency": 112}, {"date": "2023-12-03-04-00-00", "latency": 112}, {"date": "2023-12-03-04-00-00", "latency": 112}, {"date": "2023-12-03-04-00-00", "latency": 112}, {"date": "2023-12-03-04-00-00", "latency": 112}, {"date": "2023-12-03-04-00-00", "latency": 112}, {"date": "2023-12-03-04-00-00", "latency": 112}, {"date": "2023-12-03-04-00-00", "latency": 112}, {"date": "2023-12-03-04-00-00", "latency": 112}, {"date": "2023-12-03-04-00-00", "latency": 112}, {"date": "2023-12-03-04-00-00", "latency": 59}, {"date": "2023-12-03-04-00-00", "latency": 59}, {"date": "2023-12-03-04-00-00", "latency": 59}, {"date": "2023-12-03-04-00-00", "latency": 59}, {"date": "2023-12-03-04-00-00", "latency": 59}, {"date": "2023-12-03-04-00-00", "latency": 59}, {"date": "2023-12-03-04-00-00", "latency": 59}, {"date": "2023-12-03-04-00-00", "latency": 59}, {"date": "2023-12-03-04-00-00", "latency": 59}, {"date": "2023-12-03-04-00-00", "latency": 59}, {"date": "2023-12-03-04-00-00", "latency": 59}, {"date": "2023-12-03-04-00-00", "latency": 59}, {"date": "2023-12-03-04-00-00", "latency": 59}, {"date": "2023-12-03-04-00-00", "latency": 59}]}, {"location": {"country_code": "do"}, "game_id": "128974", "values": [{"date": "2023-12-03-10-00-00", "latency": 86}, {"date": "2023-12-03-10-00-00", "latency": 86}, {"date": "2023-12-03-10-00-00", "latency": 86}]}, {"location": {"country_code": "ru"}, "game_id": "128974", "values": [{"date": "2023-12-03-12-00-00", "latency": 72}]}, {"location": {"country_code": "my"}, "game_id": "128974", "values": [{"date": "2023-12-03-07-00-00", "latency": 108}]}, {"location": {"country_code": "id"}, "game_id": "128974", "values": [{"date": "2023-12-03-09-00-00", "latency": 104}, {"date": "2023-12-04-00-00-00", "latency": 79}, {"date": "2023-12-04-00-00-00", "latency": 79}, {"date": "2023-12-04-00-00-00", "latency": 79}, {"date": "2023-12-04-00-00-00", "latency": 79}, {"date": "2023-12-04-00-00-00", "latency": 79}, {"date": "2023-12-03-11-00-00", "latency": 229}, {"date": "2023-12-03-11-00-00", "latency": 229}, {"date": "2023-12-03-11-00-00", "latency": 229}, {"date": "2023-12-03-11-00-00", "latency": 229}, {"date": "2023-12-03-11-00-00", "latency": 229}, {"date": "2023-12-03-12-00-00", "latency": 208}]}, {"location": {"country_code": "us", "region": "Pennsylvania"}, "game_id": "128974", "values": [{"date": "2023-12-03-20-00-00", "latency": 100}, {"date": "2023-12-03-20-00-00", "latency": 100}, {"date": "2023-12-03-20-00-00", "latency": 100}]}, {"location": {"country_code": "pt"}, "game_id": "128974", "values": [{"date": "2023-12-03-13-00-00", "latency": 86}]}, {"location": {"country_code": "fr", "region": "Aquitania-Limosino-Poitou-Charentes"}, "game_id": "128974", "values": [{"date": "2023-12-03-03-00-00", "latency": 139}, {"date": "2023-12-03-03-00-00", "latency": 139}]}, {"location": {"country_code": "us", "region": "Kentucky"}, "game_id": "128974", "values": [{"date": "2023-12-03-23-00-00", "latency": 172}, {"date": "2023-12-03-23-00-00", "latency": 172}, {"date": "2023-12-03-23-00-00", "latency": 172}]}, {"location": {"country_code": "us", "region": "Minnesota"}, "game_id": "128974", "values": [{"date": "2023-12-03-10-00-00", "latency": 70}, {"date": "2023-12-03-10-00-00", "latency": 70}, {"date": "2023-12-03-10-00-00", "latency": 70}]}, {"location": {"country_code": "us", "region": "Nebraska"}, "game_id": "128974", "values": [{"date": "2023-12-03-10-00-00", "latency": 84}, {"date": "2023-12-03-10-00-00", "latency": 84}]}, {"location": {"country_code": "fr", "region": "Alvernia-Rodano-Alpi", "city": "Mars"}, "game_id": "128974", "values": [{"date": "2023-12-03-20-00-00", "latency": 160}, {"date": "2023-12-03-20-00-00", "latency": 160}, {"date": "2023-12-03-20-00-00", "latency": 160}, {"date": "2023-12-03-20-00-00", "latency": 160}, {"date": "2023-12-03-20-00-00", "latency": 160}]}, {"location": {"country_code": "us", "region": "Massachusetts", "city": "Boston"}, "game_id": "128974", "values": [{"date": "2023-12-03-04-00-00", "latency": 80}, {"date": "2023-12-03-04-00-00", "latency": 80}, {"date": "2023-12-03-04-00-00", "latency": 80}, {"date": "2023-12-03-04-00-00", "latency": 80}, {"date": "2023-12-03-04-00-00", "latency": 80}]}, {"location": {"country_code": "us", "region": "Maryland"}, "game_id": "128974", "values": [{"date": "2023-12-03-20-00-00", "latency": 206}]}, {"location": {"country_code": "us", "region": "Florida", "city": "Orlando"}, "game_id": "128974", "values": [{"date": "2023-12-03-21-00-00", "latency": 103}]}, {"location": {"country_code": "ca", "region": "British Columbia", "city": "Richmond"}, "game_id": "128974", "values": [{"date": "2023-12-03-21-00-00", "latency": 96}, {"date": "2023-12-03-21-00-00", "latency": 96}]}, {"location": {"country_code": "ca", "region": "Ontario", "city": "Ottawa"}, "game_id": "128974", "values": [{"date": "2023-12-03-17-00-00", "latency": 43}, {"date": "2023-12-03-17-00-00", "latency": 43}, {"date": "2023-12-03-17-00-00", "latency": 43}, {"date": "2023-12-03-17-00-00", "latency": 43}]}, {"location": {"country_code": "ca", "region": "British Columbia"}, "game_id": "128974", "values": [{"date": "2023-12-03-04-00-00", "latency": 174}, {"date": "2023-12-03-04-00-00", "latency": 174}]}, {"location": {"country_code": "es", "region": "Madrid"}, "game_id": "128974", "values": [{"date": "2023-12-04-00-00-00", "latency": 64}, {"date": "2023-12-04-00-00-00", "latency": 64}, {"date": "2023-12-04-00-00-00", "latency": 64}]}, {"location": {"country_code": "gb", "region": "England", "city": "Bristol"}, "game_id": "128974", "values": [{"date": "2023-12-03-23-00-00", "latency": 138}, {"date": "2023-12-03-23-00-00", "latency": 138}, {"date": "2023-12-03-23-00-00", "latency": 138}, {"date": "2023-12-03-23-00-00", "latency": 138}, {"date": "2023-12-03-23-00-00", "latency": 138}, {"date": "2023-12-03-23-00-00", "latency": 138}, {"date": "2023-12-03-23-00-00", "latency": 138}, {"date": "2023-12-03-23-00-00", "latency": 138}, {"date": "2023-12-03-23-00-00", "latency": 138}, {"date": "2023-12-03-23-00-00", "latency": 138}, {"date": "2023-12-03-23-00-00", "latency": 138}, {"date": "2023-12-03-23-00-00", "latency": 138}, {"date": "2023-12-03-23-00-00", "latency": 138}]}, {"location": {"country_code": "kr", "region": "Busan"}, "game_id": "128974", "values": [{"date": "2023-12-03-18-00-00", "latency": 39}]}, {"location": {"country_code": "gb", "region": "England", "city": "Birmingham"}, "game_id": "128974", "values": [{"date": "2023-12-04-01-00-00", "latency": 179}]}, {"location": {"country_code": "ro", "region": "Bucharest"}, "game_id": "128974", "values": [{"date": "2023-12-03-15-00-00", "latency": 87}, {"date": "2023-12-03-15-00-00", "latency": 87}]}, {"location": {"country_code": "es", "region": "Valencia", "city": "Gandia"}, "game_id": "128974", "values": [{"date": "2023-12-03-21-00-00", "latency": 85}]}, {"location": {"country_code": "us", "region": "New Mexico", "city": "Portales"}, "game_id": "128974", "values": [{"date": "2023-12-03-05-00-00", "latency": 65}]}, {"location": {"country_code": "pt", "region": "Northern Mariana Islands"}, "game_id": "128974", "values": [{"date": "2023-12-03-04-00-00", "latency": 39}, {"date": "2023-12-03-04-00-00", "latency": 39}, {"date": "2023-12-03-04-00-00", "latency": 39}, {"date": "2023-12-03-04-00-00", "latency": 39}, {"date": "2023-12-03-04-00-00", "latency": 39}]}, {"location": {"country_code": "bb"}, "game_id": "128974", "values": [{"date": "2023-12-03-02-00-00", "latency": 96}, {"date": "2023-12-03-02-00-00", "latency": 96}, {"date": "2023-12-03-02-00-00", "latency": 96}]}, {"location": {"country_code": "it", "region": "Lombardy", "city": "Milan"}, "game_id": "128974", "values": [{"date": "2023-12-03-18-00-00", "latency": 62}, {"date": "2023-12-03-18-00-00", "latency": 62}, {"date": "2023-12-03-18-00-00", "latency": 62}]}, {"location": {"country_code": "gm", "region": "Western"}, "game_id": "128974", "values": [{"date": "2023-12-03-14-00-00", "latency": 77}, {"date": "2023-12-03-14-00-00", "latency": 77}, {"date": "2023-12-03-14-00-00", "latency": 77}, {"date": "2023-12-03-14-00-00", "latency": 77}, {"date": "2023-12-03-14-00-00", "latency": 77}, {"date": "2023-12-03-14-00-00", "latency": 77}, {"date": "2023-12-03-14-00-00", "latency": 77}, {"date": "2023-12-03-14-00-00", "latency": 77}, {"date": "2023-12-03-14-00-00", "latency": 77}, {"date": "2023-12-03-14-00-00", "latency": 77}, {"date": "2023-12-03-14-00-00", "latency": 77}, {"date": "2023-12-03-14-00-00", "latency": 77}]}, {"location": {"country_code": "fr", "region": "Nord-Passo di Calais-Piccardia", "city": "Roubaix"}, "game_id": "128974", "values": [{"date": "2023-12-03-21-00-00", "latency": 68}]}, {"location": {"country_code": "tt"}, "game_id": "128974", "values": [{"date": "2023-12-03-04-00-00", "latency": 120}, {"date": "2023-12-03-04-00-00", "latency": 120}]}, {"location": {"country_code": "us", "region": "Kentucky", "city": "Louisville"}, "game_id": "128974", "values": [{"date": "2023-12-03-06-00-00", "latency": 90}]}, {"location": {"country_code": "de", "region": "North Rhine-Westphalia", "city": "Bielefeld"}, "game_id": "128974", "values": [{"date": "2023-12-03-04-00-00", "latency": 123}]}, {"location": {"country_code": "pt", "region": "Azores"}, "game_id": "128974", "values": [{"date": "2023-12-03-03-00-00", "latency": 112}]}, {"location": {"country_code": "us", "region": "California", "city": "Irvine"}, "game_id": "128974", "values": [{"date": "2023-12-03-09-00-00", "latency": 72}, {"date": "2023-12-03-09-00-00", "latency": 72}, {"date": "2023-12-03-09-00-00", "latency": 72}, {"date": "2023-12-03-09-00-00", "latency": 72}, {"date": "2023-12-03-09-00-00", "latency": 72}]}, {"location": {"country_code": "es", "region": "Catalonia", "city": "Mataro"}, "game_id": "128974", "values": [{"date": "2023-12-03-20-00-00", "latency": 91}, {"date": "2023-12-03-20-00-00", "latency": 91}, {"date": "2023-12-03-20-00-00", "latency": 91}, {"date": "2023-12-03-20-00-00", "latency": 91}, {"date": "2023-12-03-20-00-00", "latency": 91}]}, {"location": {"country_code": "de", "region": "North Rhine-Westphalia", "city": "Paderborn"}, "game_id": "128974", "values": [{"date": "2023-12-04-01-00-00", "latency": 103}, {"date": "2023-12-04-01-00-00", "latency": 103}, {"date": "2023-12-04-01-00-00", "latency": 103}]}, {"location": {"country_code": "ee", "region": "Harju", "city": "Tallinn"}, "game_id": "128974", "values": [{"date": "2023-12-03-03-00-00", "latency": 140}, {"date": "2023-12-03-03-00-00", "latency": 140}]}, {"location": {"country_code": "br", "region": "Rio Grande do Sul", "city": "Novo Hamburgo"}, "game_id": "128974", "values": [{"date": "2023-12-03-01-00-00", "latency": 82}]}, {"location": {"country_code": "ca", "region": "Ontario", "city": "Sault Ste. Marie"}, "game_id": "128974", "values": [{"date": "2023-12-03-05-00-00", "latency": 83}]}, {"location": {"country_code": "cn", "region": "Zhejiang", "city": "Sijiqing"}, "game_id": "128974", "values": [{"date": "2023-12-03-14-00-00", "latency": 73}]}, {"location": {"country_code": "de", "region": "Baden-Wurttemberg", "city": "Zell im Wiesental"}, "game_id": "128974", "values": [{"date": "2023-12-03-16-00-00", "latency": 88}, {"date": "2023-12-03-16-00-00", "latency": 88}]}], "last_updated": 1719927446.8081}