{"data": [{"location": {"country_code": "us"}, "game_id": "762836", "values": [{"date": "2023-08-15-01-00-00", "alternatives": ["2", "28", "28"]}, {"date": "2023-08-15-01-00-00", "alternatives": ["2", "28", "28"]}, {"date": "2023-08-14-03-00-00", "alternatives": ["78", "78", "18"]}, {"date": "2023-08-14-03-00-00", "alternatives": ["78", "78", "18"]}, {"date": "2023-08-14-04-00-00", "alternatives": ["26", "20", "26"]}, {"date": "2023-08-15-02-00-00", "alternatives": ["31", "31", "3"]}, {"date": "2023-08-14-05-00-00", "alternatives": [37, 3, 37, 37]}, {"date": "2023-08-14-05-00-00", "alternatives": [37, 3, 37, 37]}, {"date": "2023-08-14-05-00-00", "alternatives": [37, 3, 37, 37]}, {"date": "2023-08-14-05-00-00", "alternatives": [37, 3, 37, 37]}, {"date": "2023-08-14-21-00-00", "alternatives": [43, 43, 43]}, {"date": "2023-08-15-01-00-00", "alternatives": [61, 61, 61]}, {"date": "2023-08-14-07-00-00", "alternatives": [57, 57, 57]}, {"date": "2023-08-14-07-00-00", "alternatives": [57, 57, 57]}, {"date": "2023-08-14-07-00-00", "alternatives": [57, 57, 57]}, {"date": "2023-08-14-08-00-00", "alternatives": ["31", "31", "2"]}, {"date": "2023-08-14-08-00-00", "alternatives": ["31", "31", "2"]}]}, {"location": {"country_code": "us", "region": "West Virginia"}, "game_id": "762836", "values": [{"date": "2023-08-14-03-00-00", "alternatives": [93, 93, 93]}, {"date": "2023-08-14-03-00-00", "alternatives": [93, 93, 93]}, {"date": "2023-08-14-03-00-00", "alternatives": [93, 93, 93]}, {"date": "2023-08-14-03-00-00", "alternatives": [93, 93, 93]}]}, {"location": {"country_code": "us", "region": "New York", "city": "Jamestown"}, "game_id": "762836", "values": [{"date": "2023-08-14-06-00-00", "alternatives": [86, 66, 66, 66]}, {"date": "2023-08-14-06-00-00", "alternatives": [86, 66, 66, 66]}, {"date": "2023-08-14-06-00-00", "alternatives": [86, 66, 66, 66]}, {"date": "2023-08-14-06-00-00", "alternatives": [86, 66, 66, 66]}, {"date": "2023-08-14-06-00-00", "alternatives": [86, 66, 66, 66]}]}, {"location": {"country_code": "gb"}, "game_id": "762836", "values": [{"date": "2023-08-14-17-00-00", "alternatives": ["30", "3", "30"]}, {"date": "2023-08-14-17-00-00", "alternatives": ["30", "3", "30"]}, {"date": "2023-08-14-17-00-00", "alternatives": ["30", "3", "30"]}, {"date": "2023-08-15-01-00-00", "alternatives": [8, 30, 30, 30]}, {"date": "2023-08-15-01-00-00", "alternatives": [8, 30, 30, 30]}, {"date": "2023-08-15-01-00-00", "alternatives": [8, 30, 30, 30]}, {"date": "2023-08-14-17-00-00", "alternatives": [28, 26, 28, 28]}, {"date": "2023-08-14-17-00-00", "alternatives": [28, 26, 28, 28]}]}, {"location": {"country_code": "gb", "region": "England"}, "game_id": "762836", "values": [{"date": "2023-08-15-00-00-00", "alternatives": ["25", "25", "235"]}, {"date": "2023-08-15-00-00-00", "alternatives": ["25", "25", "235"]}, {"date": "2023-08-14-19-00-00", "alternatives": ["3", "23", "23"]}, {"date": "2023-08-14-07-00-00", "alternatives": ["159", "159", "139"]}, {"date": "2023-08-14-17-00-00", "alternatives": ["41", "41", "4"]}]}, {"location": {"country_code": "th"}, "game_id": "762836", "values": [{"date": "2023-08-14-18-00-00", "alternatives": ["29", "29", "20"]}, {"date": "2023-08-14-18-00-00", "alternatives": ["29", "29", "20"]}]}, {"location": {"country_code": "it"}, "game_id": "762836", "values": [{"date": "2023-08-14-20-00-00", "alternatives": ["35", "35", "33"]}, {"date": "2023-08-14-11-00-00", "alternatives": [24, 24, 24]}, {"date": "2023-08-14-13-00-00", "alternatives": [2, 2, 2]}, {"date": "2023-08-14-13-00-00", "alternatives": [2, 2, 2]}, {"date": "2023-08-14-17-00-00", "alternatives": [53, 53, 53]}, {"date": "2023-08-14-17-00-00", "alternatives": [53, 53, 53]}, {"date": "2023-08-14-17-00-00", "alternatives": [53, 53, 53]}, {"date": "2023-08-14-14-00-00", "alternatives": [52, 32, 52, 52]}, {"date": "2023-08-14-14-00-00", "alternatives": [52, 32, 52, 52]}, {"date": "2023-08-14-14-00-00", "alternatives": [52, 32, 52, 52]}, {"date": "2023-08-14-14-00-00", "alternatives": [52, 32, 52, 52]}, {"date": "2023-08-14-14-00-00", "alternatives": [52, 32, 52, 52]}, {"date": "2023-08-14-14-00-00", "alternatives": [52, 32, 52, 52]}, {"date": "2023-08-14-14-00-00", "alternatives": [52, 32, 52, 52]}, {"date": "2023-08-14-14-00-00", "alternatives": [52, 32, 52, 52]}, {"date": "2023-08-14-14-00-00", "alternatives": [52, 32, 52, 52]}, {"date": "2023-08-14-16-00-00", "alternatives": ["26", "26", "28"]}]}, {"location": {"country_code": "ca"}, "game_id": "762836", "values": [{"date": "2023-08-15-01-00-00", "alternatives": [56, 58, 56, 5, 56]}]}, {"location": {"country_code": "de"}, "game_id": "762836", "values": [{"date": "2023-08-14-14-00-00", "alternatives": [9, 9, 9]}, {"date": "2023-08-15-01-00-00", "alternatives": [13, 13, 13]}, {"date": "2023-08-15-01-00-00", "alternatives": [13, 13, 13]}, {"date": "2023-08-15-01-00-00", "alternatives": [13, 13, 13]}, {"date": "2023-08-15-01-00-00", "alternatives": [13, 13, 13]}, {"date": "2023-08-15-01-00-00", "alternatives": [13, 13, 13]}]}, {"location": {"country_code": "gb", "region": "Scotland"}, "game_id": "762836", "values": [{"date": "2023-08-14-23-00-00", "alternatives": ["123", "123", "2"]}]}, {"location": {"country_code": "cl", "region": "Santiago Metropolitan"}, "game_id": "762836", "values": [{"date": "2023-08-14-04-00-00", "alternatives": [71, 7, 71, 71]}, {"date": "2023-08-14-04-00-00", "alternatives": [71, 7, 71, 71]}, {"date": "2023-08-14-04-00-00", "alternatives": [71, 7, 71, 71]}, {"date": "2023-08-14-04-00-00", "alternatives": [71, 7, 71, 71]}]}, {"location": {"country_code": "us", "region": "Texas"}, "game_id": "762836", "values": [{"date": "2023-08-14-06-00-00", "alternatives": [31, 31, 31]}, {"date": "2023-08-15-01-00-00", "alternatives": ["11", "1", "11"]}, {"date": "2023-08-14-11-00-00", "alternatives": ["2", "29", "29"]}]}, {"location": {"country_code": "ph"}, "game_id": "762836", "values": [{"date": "2023-08-14-15-00-00", "alternatives": [59, 59, 59]}, {"date": "2023-08-14-15-00-00", "alternatives": [59, 59, 59]}, {"date": "2023-08-14-15-00-00", "alternatives": [59, 59, 59]}, {"date": "2023-08-14-15-00-00", "alternatives": [59, 59, 59]}, {"date": "2023-08-14-15-00-00", "alternatives": [59, 59, 59]}, {"date": "2023-08-14-15-00-00", "alternatives": [59, 59, 59]}]}, {"location": {"country_code": "fr"}, "game_id": "762836", "values": [{"date": "2023-08-14-18-00-00", "alternatives": ["5", "55", "5"]}, {"date": "2023-08-14-18-00-00", "alternatives": ["5", "55", "5"]}, {"date": "2023-08-14-18-00-00", "alternatives": ["5", "55", "5"]}, {"date": "2023-08-14-18-00-00", "alternatives": ["5", "55", "5"]}, {"date": "2023-08-14-18-00-00", "alternatives": ["5", "55", "5"]}, {"date": "2023-08-14-18-00-00", "alternatives": ["5", "55", "5"]}, {"date": "2023-08-14-18-00-00", "alternatives": ["5", "55", "5"]}, {"date": "2023-08-14-18-00-00", "alternatives": ["5", "55", "5"]}, {"date": "2023-08-14-18-00-00", "alternatives": ["5", "55", "5"]}, {"date": "2023-08-14-18-00-00", "alternatives": ["5", "55", "5"]}, {"date": "2023-08-14-18-00-00", "alternatives": ["5", "55", "5"]}, {"date": "2023-08-14-18-00-00", "alternatives": [2, 42, 42, 42]}, {"date": "2023-08-14-18-00-00", "alternatives": [2, 42, 42, 42]}, {"date": "2023-08-14-18-00-00", "alternatives": [2, 42, 42, 42]}]}, {"location": {"country_code": "br", "region": "Minas Gerais", "city": "Betim"}, "game_id": "762836", "values": [{"date": "2023-08-14-04-00-00", "alternatives": ["25", "25", "23"]}]}, {"location": {"country_code": "mx"}, "game_id": "762836", "values": [{"date": "2023-08-14-08-00-00", "alternatives": [99, 99, 99]}, {"date": "2023-08-14-08-00-00", "alternatives": [99, 99, 99]}, {"date": "2023-08-14-04-00-00", "alternatives": ["31", "31", "3"]}, {"date": "2023-08-14-05-00-00", "alternatives": ["51", "51", "1"]}, {"date": "2023-08-14-05-00-00", "alternatives": ["51", "51", "1"]}, {"date": "2023-08-14-05-00-00", "alternatives": ["51", "51", "1"]}]}, {"location": {"country_code": "mx", "region": "Mexico City"}, "game_id": "762836", "values": [{"date": "2023-08-14-07-00-00", "alternatives": [23, 23, 23]}, {"date": "2023-08-14-21-00-00", "alternatives": [51, 51, 51]}, {"date": "2023-08-14-21-00-00", "alternatives": [51, 51, 51]}]}, {"location": {"country_code": "us", "region": "California"}, "game_id": "762836", "values": [{"date": "2023-08-14-09-00-00", "alternatives": [52, 2, 82, 52, 52]}, {"date": "2023-08-14-09-00-00", "alternatives": [52, 2, 82, 52, 52]}, {"date": "2023-08-14-09-00-00", "alternatives": [52, 2, 82, 52, 52]}]}, {"location": {"country_code": "br", "region": "Ceara", "city": "Itapipoca"}, "game_id": "762836", "values": [{"date": "2023-08-14-18-00-00", "alternatives": [95, 95, 95]}, {"date": "2023-08-14-18-00-00", "alternatives": [95, 95, 95]}, {"date": "2023-08-14-18-00-00", "alternatives": [95, 95, 95]}]}, {"location": {"country_code": "br", "region": "Sao Paulo", "city": "Apiai"}, "game_id": "762836", "values": [{"date": "2023-08-14-11-00-00", "alternatives": [16, 168, 16, 16]}]}, {"location": {"country_code": "se"}, "game_id": "762836", "values": [{"date": "2023-08-14-20-00-00", "alternatives": [30, 30, 30, 30]}, {"date": "2023-08-14-20-00-00", "alternatives": [30, 30, 30, 30]}]}, {"location": {"country_code": "no"}, "game_id": "762836", "values": [{"date": "2023-08-14-21-00-00", "alternatives": ["30", "0", "30"]}, {"date": "2023-08-14-13-00-00", "alternatives": [3, 3, 3]}, {"date": "2023-08-14-13-00-00", "alternatives": [3, 3, 3]}, {"date": "2023-08-14-13-00-00", "alternatives": [3, 3, 3]}, {"date": "2023-08-14-21-00-00", "alternatives": ["34", "31", "34"]}, {"date": "2023-08-15-02-00-00", "alternatives": ["5", "5", "52"]}, {"date": "2023-08-15-02-00-00", "alternatives": ["5", "5", "52"]}, {"date": "2023-08-15-02-00-00", "alternatives": ["5", "5", "52"]}, {"date": "2023-08-15-02-00-00", "alternatives": ["5", "5", "52"]}]}, {"location": {"country_code": "au"}, "game_id": "762836", "values": [{"date": "2023-08-14-12-00-00", "alternatives": ["18", "1", "18"]}]}, {"location": {"country_code": "au", "region": "Victoria", "city": "Melbourne"}, "game_id": "762836", "values": [{"date": "2023-08-14-06-00-00", "alternatives": [26, 20, 26, 26]}, {"date": "2023-08-14-06-00-00", "alternatives": [26, 20, 26, 26]}, {"date": "2023-08-14-06-00-00", "alternatives": [26, 20, 26, 26]}, {"date": "2023-08-14-06-00-00", "alternatives": [26, 20, 26, 26]}, {"date": "2023-08-14-06-00-00", "alternatives": [26, 20, 26, 26]}, {"date": "2023-08-14-06-00-00", "alternatives": [26, 20, 26, 26]}]}, {"location": {"country_code": "de", "region": "Saxony"}, "game_id": "762836", "values": [{"date": "2023-08-14-19-00-00", "alternatives": ["39", "39", "30"]}, {"date": "2023-08-14-19-00-00", "alternatives": ["39", "39", "30"]}]}, {"location": {"country_code": "us", "region": "Pennsylvania", "city": "Philadelphia"}, "game_id": "762836", "values": [{"date": "2023-08-15-00-00-00", "alternatives": ["25", "25", "29"]}]}, {"location": {"country_code": "es"}, "game_id": "762836", "values": [{"date": "2023-08-14-21-00-00", "alternatives": [61, 6, 61, 61]}, {"date": "2023-08-14-21-00-00", "alternatives": [61, 6, 61, 61]}, {"date": "2023-08-14-21-00-00", "alternatives": [61, 6, 61, 61]}, {"date": "2023-08-14-21-00-00", "alternatives": [61, 6, 61, 61]}, {"date": "2023-08-14-21-00-00", "alternatives": [61, 6, 61, 61]}, {"date": "2023-08-14-21-00-00", "alternatives": [61, 6, 61, 61]}, {"date": "2023-08-14-21-00-00", "alternatives": [61, 6, 61, 61]}, {"date": "2023-08-14-21-00-00", "alternatives": [61, 6, 61, 61]}, {"date": "2023-08-14-21-00-00", "alternatives": [61, 6, 61, 61]}, {"date": "2023-08-14-21-00-00", "alternatives": [61, 6, 61, 61]}, {"date": "2023-08-14-21-00-00", "alternatives": [61, 6, 61, 61]}, {"date": "2023-08-14-21-00-00", "alternatives": [61, 6, 61, 61]}]}, {"location": {"country_code": "ar", "region": "Buenos Aires F.D.", "city": "Bahia Blanca"}, "game_id": "762836", "values": [{"date": "2023-08-15-00-00-00", "alternatives": [0, 3, 30, 30, 30]}, {"date": "2023-08-15-00-00-00", "alternatives": [0, 3, 30, 30, 30]}]}, {"location": {"country_code": "de", "region": "Free and Hanseatic City of Hamburg", "city": "Hamburg"}, "game_id": "762836", "values": [{"date": "2023-08-14-19-00-00", "alternatives": [28, 28, 28]}]}, {"location": {"country_code": "iq"}, "game_id": "762836", "values": [{"date": "2023-08-14-15-00-00", "alternatives": [53, 33, 53, 53]}, {"date": "2023-08-14-15-00-00", "alternatives": [53, 33, 53, 53]}, {"date": "2023-08-14-15-00-00", "alternatives": [53, 33, 53, 53]}, {"date": "2023-08-14-15-00-00", "alternatives": [53, 33, 53, 53]}, {"date": "2023-08-14-15-00-00", "alternatives": [53, 33, 53, 53]}, {"date": "2023-08-14-15-00-00", "alternatives": [53, 33, 53, 53]}, {"date": "2023-08-14-15-00-00", "alternatives": [53, 33, 53, 53]}]}, {"location": {"country_code": "au", "region": "South Australia", "city": "Adelaide"}, "game_id": "762836", "values": [{"date": "2023-08-14-10-00-00", "alternatives": [27, 2, 27, 27]}]}, {"location": {"country_code": "it", "region": "Emilia-Romagna"}, "game_id": "762836", "values": [{"date": "2023-08-14-18-00-00", "alternatives": ["35", "2", "2"]}, {"date": "2023-08-14-18-00-00", "alternatives": ["35", "2", "2"]}, {"date": "2023-08-14-18-00-00", "alternatives": ["35", "2", "2"]}, {"date": "2023-08-14-18-00-00", "alternatives": ["35", "2", "2"]}, {"date": "2023-08-14-18-00-00", "alternatives": ["35", "2", "2"]}]}, {"location": {"country_code": "us", "region": "Illinois", "city": "Chicago"}, "game_id": "762836", "values": [{"date": "2023-08-15-02-00-00", "alternatives": [59407467, 50, 50, 50]}, {"date": "2023-08-15-02-00-00", "alternatives": [59407467, 50, 50, 50]}, {"date": "2023-08-14-05-00-00", "alternatives": ["59", "69", "69"]}, {"date": "2023-08-14-05-00-00", "alternatives": ["59", "69", "69"]}, {"date": "2023-08-14-05-00-00", "alternatives": ["59", "69", "69"]}, {"date": "2023-08-14-05-00-00", "alternatives": ["59", "69", "69"]}]}, {"location": {"country_code": "de", "region": "Bavaria"}, "game_id": "762836", "values": [{"date": "2023-08-14-22-00-00", "alternatives": ["67", "67", "6"]}]}, {"location": {"country_code": "us", "region": "Arizona"}, "game_id": "762836", "values": [{"date": "2023-08-14-03-00-00", "alternatives": ["20", "26", "26"]}]}, {"location": {"country_code": "es", "region": "Catalonia", "city": "l'Hospitalet de Llobregat"}, "game_id": "762836", "values": [{"date": "2023-08-14-20-00-00", "alternatives": ["33", "33", "2"]}, {"date": "2023-08-14-20-00-00", "alternatives": ["33", "33", "2"]}, {"date": "2023-08-14-20-00-00", "alternatives": ["33", "33", "2"]}, {"date": "2023-08-14-20-00-00", "alternatives": ["33", "33", "2"]}, {"date": "2023-08-14-20-00-00", "alternatives": ["33", "33", "2"]}]}, {"location": {"country_code": "gb", "region": "England", "city": "London"}, "game_id": "762836", "values": [{"date": "2023-08-14-16-00-00", "alternatives": [43, 43, 43]}, {"date": "2023-08-14-16-00-00", "alternatives": [43, 43, 43]}, {"date": "2023-08-14-16-00-00", "alternatives": [43, 43, 43]}, {"date": "2023-08-14-16-00-00", "alternatives": [43, 43, 43]}, {"date": "2023-08-14-16-00-00", "alternatives": [43, 43, 43]}]}, {"location": {"country_code": "us", "region": "Georgia"}, "game_id": "762836", "values": [{"date": "2023-08-14-18-00-00", "alternatives": ["65", "65", "63"]}, {"date": "2023-08-14-18-00-00", "alternatives": ["65", "65", "63"]}, {"date": "2023-08-14-18-00-00", "alternatives": ["65", "65", "63"]}]}, {"location": {"country_code": "ie"}, "game_id": "762836", "values": [{"date": "2023-08-14-03-00-00", "alternatives": ["19", "19", "1"]}]}, {"location": {"country_code": "sg"}, "game_id": "762836", "values": [{"date": "2023-08-14-13-00-00", "alternatives": [9, 9, 9]}, {"date": "2023-08-14-13-00-00", "alternatives": [9, 9, 9]}, {"date": "2023-08-14-13-00-00", "alternatives": [9, 9, 9]}]}, {"location": {"country_code": "us", "region": "Wisconsin"}, "game_id": "762836", "values": [{"date": "2023-08-15-02-00-00", "alternatives": ["123", "723", "123"]}, {"date": "2023-08-15-02-00-00", "alternatives": ["123", "723", "123"]}]}, {"location": {"country_code": "au", "region": "Western Australia", "city": "Perth"}, "game_id": "762836", "values": [{"date": "2023-08-14-17-00-00", "alternatives": ["69", "69", "62"]}, {"date": "2023-08-14-17-00-00", "alternatives": ["69", "69", "62"]}]}, {"location": {"country_code": "pt"}, "game_id": "762836", "values": [{"date": "2023-08-14-17-00-00", "alternatives": [44, 44, 44]}]}, {"location": {"country_code": "us", "region": "Colorado"}, "game_id": "762836", "values": [{"date": "2023-08-15-00-00-00", "alternatives": ["60", "0", "60"]}, {"date": "2023-08-15-00-00-00", "alternatives": ["60", "0", "60"]}]}, {"location": {"country_code": "br", "region": "State of Rio de Janeiro", "city": "Angra dos Reis"}, "game_id": "762836", "values": [{"date": "2023-08-14-21-00-00", "alternatives": ["25", "25", "23"]}, {"date": "2023-08-14-21-00-00", "alternatives": ["25", "25", "23"]}, {"date": "2023-08-14-03-00-00", "alternatives": [2, 2, 2]}, {"date": "2023-08-14-03-00-00", "alternatives": [2, 2, 2]}, {"date": "2023-08-14-03-00-00", "alternatives": [2, 2, 2]}, {"date": "2023-08-14-03-00-00", "alternatives": [2, 2, 2]}]}, {"location": {"country_code": "es", "region": "Andalusia", "city": "Almeria"}, "game_id": "762836", "values": [{"date": "2023-08-14-17-00-00", "alternatives": [85, 65, 65, 65]}]}, {"location": {"country_code": "us", "region": "Florida", "city": "Miami"}, "game_id": "762836", "values": [{"date": "2023-08-14-02-00-00", "alternatives": ["50", "5", "50"]}]}, {"location": {"country_code": "kw"}, "game_id": "762836", "values": [{"date": "2023-08-15-00-00-00", "alternatives": [51, 1, 51, 51]}]}, {"location": {"country_code": "hr"}, "game_id": "762836", "values": [{"date": "2023-08-14-19-00-00", "alternatives": ["52", "52", "92"]}, {"date": "2023-08-14-19-00-00", "alternatives": ["52", "52", "92"]}]}, {"location": {"country_code": "by"}, "game_id": "762836", "values": [{"date": "2023-08-14-23-00-00", "alternatives": ["55", "55", "35"]}, {"date": "2023-08-14-23-00-00", "alternatives": ["55", "55", "35"]}, {"date": "2023-08-14-23-00-00", "alternatives": ["55", "55", "35"]}, {"date": "2023-08-14-23-00-00", "alternatives": ["55", "55", "35"]}]}, {"location": {"country_code": "us", "region": "Alabama"}, "game_id": "762836", "values": [{"date": "2023-08-14-07-00-00", "alternatives": [0, 60, 60, 60]}, {"date": "2023-08-14-07-00-00", "alternatives": [0, 60, 60, 60]}]}, {"location": {"country_code": "us", "region": "Connecticut"}, "game_id": "762836", "values": [{"date": "2023-08-14-06-00-00", "alternatives": [31, 31, 31]}, {"date": "2023-08-14-06-00-00", "alternatives": [31, 31, 31]}, {"date": "2023-08-14-06-00-00", "alternatives": [31, 31, 31]}]}, {"location": {"country_code": "es", "region": "Madrid"}, "game_id": "762836", "values": [{"date": "2023-08-14-22-00-00", "alternatives": [10, 110, 110, 110]}, {"date": "2023-08-14-22-00-00", "alternatives": [10, 110, 110, 110]}]}, {"location": {"country_code": "it", "region": "Lazio", "city": "Rome"}, "game_id": "762836", "values": [{"date": "2023-08-14-06-00-00", "alternatives": [30, 38, 38, 38]}, {"date": "2023-08-14-06-00-00", "alternatives": [30, 38, 38, 38]}, {"date": "2023-08-14-06-00-00", "alternatives": [30, 38, 38, 38]}, {"date": "2023-08-14-06-00-00", "alternatives": [30, 38, 38, 38]}]}, {"location": {"country_code": "de", "region": "North Rhine-Westphalia"}, "game_id": "762836", "values": [{"date": "2023-08-14-21-00-00", "alternatives": ["0", "40", "40"]}, {"date": "2023-08-14-21-00-00", "alternatives": ["0", "40", "40"]}, {"date": "2023-08-14-21-00-00", "alternatives": ["0", "40", "40"]}]}, {"location": {"country_code": "us", "region": "Nevada", "city": "Paradise"}, "game_id": "762836", "values": [{"date": "2023-08-14-02-00-00", "alternatives": ["25", "25", "295"]}]}, {"location": {"country_code": "es", "region": "Andalusia"}, "game_id": "762836", "values": [{"date": "2023-08-14-21-00-00", "alternatives": [53, 5, 5, 5]}, {"date": "2023-08-14-21-00-00", "alternatives": [53, 5, 5, 5]}, {"date": "2023-08-14-20-00-00", "alternatives": [35, 3, 3, 3]}]}, {"location": {"country_code": "us", "region": "Arkansas"}, "game_id": "762836", "values": [{"date": "2023-08-14-18-00-00", "alternatives": ["3", "30", "30"]}, {"date": "2023-08-14-03-00-00", "alternatives": ["37", "51", "51"]}]}, {"location": {"country_code": "us", "region": "New York", "city": "Buffalo"}, "game_id": "762836", "values": [{"date": "2023-08-14-18-00-00", "alternatives": ["60", "80", "80"]}, {"date": "2023-08-14-18-00-00", "alternatives": ["60", "80", "80"]}, {"date": "2023-08-14-18-00-00", "alternatives": ["60", "80", "80"]}, {"date": "2023-08-14-18-00-00", "alternatives": ["60", "80", "80"]}, {"date": "2023-08-14-18-00-00", "alternatives": ["60", "80", "80"]}]}, {"location": {"country_code": "gb", "region": "Wales"}, "game_id": "762836", "values": [{"date": "2023-08-14-19-00-00", "alternatives": [26, 2, 26, 26]}, {"date": "2023-08-14-04-00-00", "alternatives": ["24", "2", "24"]}]}, {"location": {"country_code": "it", "region": "Veneto"}, "game_id": "762836", "values": [{"date": "2023-08-14-22-00-00", "alternatives": ["32", "33", "32"]}, {"date": "2023-08-14-22-00-00", "alternatives": ["32", "33", "32"]}, {"date": "2023-08-14-22-00-00", "alternatives": ["32", "33", "32"]}]}, {"location": {"country_code": "us", "region": "New York"}, "game_id": "762836", "values": [{"date": "2023-08-14-23-00-00", "alternatives": [24, 24, 24]}, {"date": "2023-08-14-23-00-00", "alternatives": [24, 24, 24]}]}, {"location": {"country_code": "be", "region": "Brussels Capital", "city": "Brussels"}, "game_id": "762836", "values": [{"date": "2023-08-14-03-00-00", "alternatives": [9, 9, 9]}, {"date": "2023-08-14-03-00-00", "alternatives": [9, 9, 9]}]}, {"location": {"country_code": "br", "region": "Sao Paulo", "city": "Sao Bernardo do Campo"}, "game_id": "762836", "values": [{"date": "2023-08-14-21-00-00", "alternatives": [18, 18, 18]}, {"date": "2023-08-14-21-00-00", "alternatives": [18, 18, 18]}]}, {"location": {"country_code": "br", "region": "Santa Catarina", "city": "Balneario Camboriu"}, "game_id": "762836", "values": [{"date": "2023-08-15-00-00-00", "alternatives": ["2", "2", "28"]}]}, {"location": {"country_code": "br", "region": "Sao Paulo", "city": "Peruibe"}, "game_id": "762836", "values": [{"date": "2023-08-14-19-00-00", "alternatives": [15, 15, 15]}]}, {"location": {"country_code": "br", "region": "State of Rio de Janeiro", "city": "New Fribourg"}, "game_id": "762836", "values": [{"date": "2023-08-15-02-00-00", "alternatives": ["53", "53", "3"]}, {"date": "2023-08-15-02-00-00", "alternatives": ["53", "53", "3"]}]}, {"location": {"country_code": "mx", "region": "Michoacan", "city": "Morelia"}, "game_id": "762836", "values": [{"date": "2023-08-14-02-00-00", "alternatives": [8, 8, 8]}]}, {"location": {"country_code": "es", "region": "Andalusia", "city": "Ayamonte"}, "game_id": "762836", "values": [{"date": "2023-08-14-23-00-00", "alternatives": [74, 74, 74]}, {"date": "2023-08-14-23-00-00", "alternatives": [74, 74, 74]}, {"date": "2023-08-14-23-00-00", "alternatives": [74, 74, 74]}, {"date": "2023-08-14-23-00-00", "alternatives": [74, 74, 74]}]}, {"location": {"country_code": "mx", "region": "Oaxaca"}, "game_id": "762836", "values": [{"date": "2023-08-14-05-00-00", "alternatives": [58, 53, 53, 53]}]}, {"location": {"country_code": "it", "region": "Sicily", "city": "Catania"}, "game_id": "762836", "values": [{"date": "2023-08-14-17-00-00", "alternatives": ["53", "53", "33"]}, {"date": "2023-08-14-17-00-00", "alternatives": ["53", "53", "33"]}]}, {"location": {"country_code": "br", "region": "Sao Paulo", "city": "Tatui"}, "game_id": "762836", "values": [{"date": "2023-08-14-22-00-00", "alternatives": [15, 15, 15, 15]}, {"date": "2023-08-14-22-00-00", "alternatives": [15, 15, 15, 15]}]}, {"location": {"country_code": "mx", "region": "Morelos", "city": "Cuernavaca"}, "game_id": "762836", "values": [{"date": "2023-08-14-06-00-00", "alternatives": [83, 83, 83]}, {"date": "2023-08-14-06-00-00", "alternatives": [83, 83, 83]}, {"date": "2023-08-14-06-00-00", "alternatives": [83, 83, 83]}, {"date": "2023-08-14-06-00-00", "alternatives": [83, 83, 83]}, {"date": "2023-08-14-06-00-00", "alternatives": [83, 83, 83]}]}, {"location": {"country_code": "it", "region": "Apulia"}, "game_id": "762836", "values": [{"date": "2023-08-14-03-00-00", "alternatives": ["13", "1", "1"]}]}, {"location": {"country_code": "br", "region": "Parana", "city": "Sao Jose dos Pinhais"}, "game_id": "762836", "values": [{"date": "2023-08-15-00-00-00", "alternatives": [12, 12, 12]}]}, {"location": {"country_code": "au", "region": "Victoria", "city": "Rainbow"}, "game_id": "762836", "values": [{"date": "2023-08-14-20-00-00", "alternatives": ["54", "54", "34"]}, {"date": "2023-08-14-20-00-00", "alternatives": ["54", "54", "34"]}, {"date": "2023-08-14-20-00-00", "alternatives": ["54", "54", "34"]}, {"date": "2023-08-14-20-00-00", "alternatives": ["54", "54", "34"]}, {"date": "2023-08-14-20-00-00", "alternatives": ["54", "54", "34"]}]}, {"location": {"country_code": "fr", "region": "Alsazia-Champagne-Ardenne-Lorena", "city": "Feldkirch"}, "game_id": "762836", "values": [{"date": "2023-08-14-22-00-00", "alternatives": [29, 28, 28, 28]}, {"date": "2023-08-14-22-00-00", "alternatives": [29, 28, 28, 28]}, {"date": "2023-08-14-22-00-00", "alternatives": [29, 28, 28, 28]}]}, {"location": {"country_code": "sa", "region": "Mecca Region", "city": "At Ta'if"}, "game_id": "762836", "values": [{"date": "2023-08-14-07-00-00", "alternatives": [30, 36, 36, 36]}, {"date": "2023-08-14-07-00-00", "alternatives": [30, 36, 36, 36]}, {"date": "2023-08-14-07-00-00", "alternatives": [30, 36, 36, 36]}, {"date": "2023-08-14-07-00-00", "alternatives": [30, 36, 36, 36]}, {"date": "2023-08-14-07-00-00", "alternatives": [30, 36, 36, 36]}]}, {"location": {"country_code": "us", "region": "Tennessee", "city": "Manchester"}, "game_id": "762836", "values": [{"date": "2023-08-14-18-00-00", "alternatives": [51, 61, 61, 61]}, {"date": "2023-08-14-18-00-00", "alternatives": [51, 61, 61, 61]}]}, {"location": {"country_code": "us", "region": "Virginia", "city": "Bassett"}, "game_id": "762836", "values": [{"date": "2023-08-15-00-00-00", "alternatives": [17, 17, 17]}, {"date": "2023-08-15-00-00-00", "alternatives": [17, 17, 17]}]}, {"location": {"country_code": "cl", "region": "Santiago Metropolitan", "city": "Macul"}, "game_id": "762836", "values": [{"date": "2023-08-15-02-00-00", "alternatives": ["181", "1", "181"]}, {"date": "2023-08-15-02-00-00", "alternatives": ["181", "1", "181"]}, {"date": "2023-08-15-02-00-00", "alternatives": ["181", "1", "181"]}, {"date": "2023-08-15-02-00-00", "alternatives": ["181", "1", "181"]}, {"date": "2023-08-15-02-00-00", "alternatives": ["181", "1", "181"]}, {"date": "2023-08-15-02-00-00", "alternatives": ["181", "1", "181"]}, {"date": "2023-08-15-02-00-00", "alternatives": ["181", "1", "181"]}, {"date": "2023-08-15-02-00-00", "alternatives": ["181", "1", "181"]}]}, {"location": {"country_code": "fr", "region": "Nord-Passo di Calais-Piccardia", "city": "Chauny"}, "game_id": "762836", "values": [{"date": "2023-08-14-22-00-00", "alternatives": ["25", "2", "25"]}, {"date": "2023-08-14-22-00-00", "alternatives": ["25", "2", "25"]}, {"date": "2023-08-14-22-00-00", "alternatives": ["25", "2", "25"]}, {"date": "2023-08-14-22-00-00", "alternatives": ["25", "2", "25"]}, {"date": "2023-08-14-22-00-00", "alternatives": ["25", "2", "25"]}]}], "last_updated": 1719918534.440201}