{"data": [{"location": {"country_code": "us", "region": "New York", "city": "Jamestown"}, "game_id": "319965", "values": [{"date": "2024-02-02-03-00-00", "latency": "258"}]}, {"location": {"country_code": "gb"}, "game_id": "319965", "values": [{"date": "2024-02-03-01-00-00", "latency": "25"}, {"date": "2024-02-03-01-00-00", "latency": "25"}, {"date": "2024-02-03-01-00-00", "latency": "25"}, {"date": "2024-02-03-01-00-00", "latency": "25"}]}, {"location": {"country_code": "de"}, "game_id": "319965", "values": [{"date": "2024-02-03-00-00-00", "latency": "22"}, {"date": "2024-02-03-00-00-00", "latency": "22"}, {"date": "2024-02-03-00-00-00", "latency": "22"}, {"date": "2024-02-03-00-00-00", "latency": "22"}]}, {"location": {"country_code": "fr"}, "game_id": "319965", "values": [{"date": "2024-02-02-21-00-00", "latency": "3"}, {"date": "2024-02-02-21-00-00", "latency": "3"}, {"date": "2024-02-02-21-00-00", "latency": "3"}, {"date": "2024-02-02-21-00-00", "latency": "3"}, {"date": "2024-02-02-21-00-00", "latency": "3"}, {"date": "2024-02-02-21-00-00", "latency": "3"}, {"date": "2024-02-02-21-00-00", "latency": "3"}]}, {"location": {"country_code": "us", "region": "Ohio"}, "game_id": "319965", "values": [{"date": "2024-02-02-05-00-00", "latency": "64"}, {"date": "2024-02-02-05-00-00", "latency": "64"}, {"date": "2024-02-02-05-00-00", "latency": "64"}, {"date": "2024-02-02-05-00-00", "latency": "64"}, {"date": "2024-02-02-05-00-00", "latency": "64"}, {"date": "2024-02-02-05-00-00", "latency": "64"}, {"date": "2024-02-02-05-00-00", "latency": "64"}, {"date": "2024-02-02-05-00-00", "latency": "64"}, {"date": "2024-02-02-05-00-00", "latency": "64"}, {"date": "2024-02-02-05-00-00", "latency": "64"}]}, {"location": {"country_code": "cr"}, "game_id": "319965", "values": [{"date": "2024-02-02-07-00-00", "latency": "11"}, {"date": "2024-02-02-07-00-00", "latency": "11"}, {"date": "2024-02-02-07-00-00", "latency": "11"}]}], "last_updated": 1719915102.805653}