{"data": [{"location": {"country_code": "us", "region": "New York", "city": "Jamestown"}, "game_id": "118849", "values": [{"date": "2024-01-17-04-00-00", "latency": 74}, {"date": "2024-01-17-04-00-00", "latency": 74}, {"date": "2024-01-17-04-00-00", "latency": 74}]}, {"location": {"country_code": "gb"}, "game_id": "118849", "values": [{"date": "2024-01-17-14-00-00", "latency": 58}]}, {"location": {"country_code": "th"}, "game_id": "118849", "values": [{"date": "2024-01-17-09-00-00", "latency": 30}, {"date": "2024-01-17-09-00-00", "latency": 30}, {"date": "2024-01-17-09-00-00", "latency": 30}, {"date": "2024-01-17-09-00-00", "latency": 30}, {"date": "2024-01-17-09-00-00", "latency": 30}, {"date": "2024-01-17-09-00-00", "latency": 30}, {"date": "2024-01-17-09-00-00", "latency": 30}, {"date": "2024-01-17-17-00-00", "latency": 434}, {"date": "2024-01-17-17-00-00", "latency": 434}, {"date": "2024-01-17-17-00-00", "latency": 434}, {"date": "2024-01-17-17-00-00", "latency": 434}, {"date": "2024-01-17-17-00-00", "latency": 434}, {"date": "2024-01-17-17-00-00", "latency": 434}, {"date": "2024-01-17-17-00-00", "latency": 434}, {"date": "2024-01-17-17-00-00", "latency": 434}, {"date": "2024-01-17-17-00-00", "latency": 434}, {"date": "2024-01-17-17-00-00", "latency": 434}, {"date": "2024-01-17-17-00-00", "latency": 434}, {"date": "2024-01-17-17-00-00", "latency": 434}, {"date": "2024-01-17-17-00-00", "latency": 434}, {"date": "2024-01-17-17-00-00", "latency": 434}, {"date": "2024-01-17-17-00-00", "latency": 434}, {"date": "2024-01-17-17-00-00", "latency": 434}, {"date": "2024-01-17-17-00-00", "latency": 434}, {"date": "2024-01-17-17-00-00", "latency": 434}, {"date": "2024-01-17-17-00-00", "latency": 434}, {"date": "2024-01-17-17-00-00", "latency": 434}, {"date": "2024-01-17-17-00-00", "latency": 434}, {"date": "2024-01-17-17-00-00", "latency": 434}]}, {"location": {"country_code": "gr"}, "game_id": "118849", "values": [{"date": "2024-01-17-13-00-00", "latency": 86}]}, {"location": {"country_code": "jp"}, "game_id": "118849", "values": [{"date": "2024-01-17-23-00-00", "latency": 115}, {"date": "2024-01-17-03-00-00", "latency": 430}, {"date": "2024-01-17-03-00-00", "latency": 430}, {"date": "2024-01-17-03-00-00", "latency": 430}]}, {"location": {"country_code": "de"}, "game_id": "118849", "values": [{"date": "2024-01-17-03-00-00", "latency": 52}, {"date": "2024-01-17-03-00-00", "latency": 52}, {"date": "2024-01-17-03-00-00", "latency": 52}]}, {"location": {"country_code": "cl"}, "game_id": "118849", "values": [{"date": "2024-01-17-22-00-00", "latency": 111}, {"date": "2024-01-17-22-00-00", "latency": 59}]}, {"location": {"country_code": "us", "region": "Texas"}, "game_id": "118849", "values": [{"date": "2024-01-17-02-00-00", "latency": 88}, {"date": "2024-01-17-02-00-00", "latency": 240}]}, {"location": {"country_code": "ph"}, "game_id": "118849", "values": [{"date": "2024-01-17-12-00-00", "latency": 29}, {"date": "2024-01-17-18-00-00", "latency": 23}, {"date": "2024-01-17-18-00-00", "latency": 23}, {"date": "2024-01-17-18-00-00", "latency": 23}, {"date": "2024-01-17-18-00-00", "latency": 23}, {"date": "2024-01-17-14-00-00", "latency": 64}, {"date": "2024-01-17-14-00-00", "latency": 64}, {"date": "2024-01-17-04-00-00", "latency": 127}, {"date": "2024-01-17-04-00-00", "latency": 127}, {"date": "2024-01-17-04-00-00", "latency": 127}, {"date": "2024-01-17-04-00-00", "latency": 127}, {"date": "2024-01-17-04-00-00", "latency": 127}, {"date": "2024-01-17-04-00-00", "latency": 127}, {"date": "2024-01-17-04-00-00", "latency": 127}, {"date": "2024-01-17-04-00-00", "latency": 127}, {"date": "2024-01-17-04-00-00", "latency": 127}, {"date": "2024-01-17-04-00-00", "latency": 127}]}, {"location": {"country_code": "us", "region": "California"}, "game_id": "118849", "values": [{"date": "2024-01-18-01-00-00", "latency": 81}, {"date": "2024-01-18-01-00-00", "latency": 81}]}, {"location": {"country_code": "tr"}, "game_id": "118849", "values": [{"date": "2024-01-17-18-00-00", "latency": 224}, {"date": "2024-01-17-18-00-00", "latency": 224}, {"date": "2024-01-17-18-00-00", "latency": 224}, {"date": "2024-01-17-18-00-00", "latency": 224}, {"date": "2024-01-17-18-00-00", "latency": 224}, {"date": "2024-01-17-18-00-00", "latency": 224}, {"date": "2024-01-17-18-00-00", "latency": 224}, {"date": "2024-01-17-18-00-00", "latency": 224}]}, {"location": {"country_code": "kr"}, "game_id": "118849", "values": [{"date": "2024-01-17-03-00-00", "latency": 153}]}, {"location": {"country_code": "ar"}, "game_id": "118849", "values": [{"date": "2024-01-17-03-00-00", "latency": 210}, {"date": "2024-01-17-03-00-00", "latency": 210}]}, {"location": {"country_code": "pl"}, "game_id": "118849", "values": [{"date": "2024-01-17-18-00-00", "latency": 201}]}, {"location": {"country_code": "sg"}, "game_id": "118849", "values": [{"date": "2024-01-17-06-00-00", "latency": 194}, {"date": "2024-01-17-06-00-00", "latency": 194}, {"date": "2024-01-17-17-00-00", "latency": 115}]}, {"location": {"country_code": "us", "region": "Hawaii", "city": "Kapolei"}, "game_id": "118849", "values": [{"date": "2024-01-17-05-00-00", "latency": 55}]}, {"location": {"country_code": "us", "region": "Pennsylvania"}, "game_id": "118849", "values": [{"date": "2024-01-18-00-00-00", "latency": 58}]}, {"location": {"country_code": "br", "region": "State of Rio de Janeiro", "city": "Angra dos Reis"}, "game_id": "118849", "values": [{"date": "2024-01-17-02-00-00", "latency": 104}, {"date": "2024-01-17-02-00-00", "latency": 104}, {"date": "2024-01-17-02-00-00", "latency": 104}, {"date": "2024-01-17-02-00-00", "latency": 104}]}, {"location": {"country_code": "ca", "region": "Alberta", "city": "Calgary"}, "game_id": "118849", "values": [{"date": "2024-01-17-11-00-00", "latency": 268}]}, {"location": {"country_code": "th", "region": "Bangkok", "city": "Bangkok"}, "game_id": "118849", "values": [{"date": "2024-01-17-19-00-00", "latency": 132}, {"date": "2024-01-17-19-00-00", "latency": 132}, {"date": "2024-01-17-19-00-00", "latency": 132}, {"date": "2024-01-17-19-00-00", "latency": 132}, {"date": "2024-01-17-19-00-00", "latency": 132}]}, {"location": {"country_code": "us", "region": "Oregon", "city": "Portland"}, "game_id": "118849", "values": [{"date": "2024-01-17-04-00-00", "latency": 125}, {"date": "2024-01-17-04-00-00", "latency": 125}, {"date": "2024-01-17-04-00-00", "latency": 125}, {"date": "2024-01-17-04-00-00", "latency": 125}, {"date": "2024-01-17-04-00-00", "latency": 125}, {"date": "2024-01-17-04-00-00", "latency": 125}, {"date": "2024-01-17-04-00-00", "latency": 125}]}, {"location": {"country_code": "es", "region": "Balearic Islands", "city": "Porreres"}, "game_id": "118849", "values": [{"date": "2024-01-17-06-00-00", "latency": 194}, {"date": "2024-01-17-06-00-00", "latency": 194}, {"date": "2024-01-17-06-00-00", "latency": 194}, {"date": "2024-01-17-06-00-00", "latency": 194}]}, {"location": {"country_code": "br", "region": "State of Rio de Janeiro", "city": "Araruama"}, "game_id": "118849", "values": [{"date": "2024-01-17-14-00-00", "latency": 107}]}, {"location": {"country_code": "us", "region": "Tennessee", "city": "Chattanooga"}, "game_id": "118849", "values": [{"date": "2024-01-17-06-00-00", "latency": 83}, {"date": "2024-01-17-06-00-00", "latency": 83}]}, {"location": {"country_code": "br", "region": "Santa Catarina", "city": "Guaruja do Sul"}, "game_id": "118849", "values": [{"date": "2024-01-17-21-00-00", "latency": 65}, {"date": "2024-01-17-21-00-00", "latency": 65}, {"date": "2024-01-17-21-00-00", "latency": 65}]}], "last_updated": 1719927581.889547}