{"data": [{"location": {"country_code": "nz"}, "game_id": "273486", "values": [{"date": "2023-01-30-08-00-00", "latency": 35}, {"date": "2023-01-30-08-00-00", "latency": 35}, {"date": "2023-01-30-08-00-00", "latency": 35}]}, {"location": {"country_code": "us"}, "game_id": "273486", "values": [{"date": "2023-01-31-01-00-00", "latency": 27}, {"date": "2023-01-31-01-00-00", "latency": 27}, {"date": "2023-01-31-01-00-00", "latency": 27}, {"date": "2023-01-31-01-00-00", "latency": 27}, {"date": "2023-01-31-01-00-00", "latency": 27}, {"date": "2023-01-30-18-00-00", "latency": 47}, {"date": "2023-01-30-18-00-00", "latency": 47}, {"date": "2023-01-30-18-00-00", "latency": 47}, {"date": "2023-01-30-18-00-00", "latency": 47}, {"date": "2023-01-30-18-00-00", "latency": 47}, {"date": "2023-01-30-18-00-00", "latency": 47}, {"date": "2023-01-30-18-00-00", "latency": 47}, {"date": "2023-01-30-18-00-00", "latency": 47}, {"date": "2023-01-30-18-00-00", "latency": 47}, {"date": "2023-01-30-18-00-00", "latency": 47}, {"date": "2023-01-30-18-00-00", "latency": 47}, {"date": "2023-01-30-18-00-00", "latency": 47}, {"date": "2023-01-30-01-00-00", "latency": 54}, {"date": "2023-01-30-01-00-00", "latency": 54}, {"date": "2023-01-30-01-00-00", "latency": 54}, {"date": "2023-01-30-01-00-00", "latency": 54}, {"date": "2023-01-30-23-00-00", "latency": 10}, {"date": "2023-01-30-23-00-00", "latency": 10}, {"date": "2023-01-30-02-00-00", "latency": 0}, {"date": "2023-01-30-02-00-00", "latency": 0}, {"date": "2023-01-30-02-00-00", "latency": 0}, {"date": "2023-01-30-02-00-00", "latency": 0}, {"date": "2023-01-30-01-00-00", "latency": 17}, {"date": "2023-01-30-01-00-00", "latency": 17}]}, {"location": {"country_code": "gb", "region": "Wales", "city": "Swansea"}, "game_id": "273486", "values": [{"date": "2023-01-30-19-00-00", "latency": 0}, {"date": "2023-01-30-19-00-00", "latency": 0}, {"date": "2023-01-30-19-00-00", "latency": 0}, {"date": "2023-01-30-19-00-00", "latency": 0}, {"date": "2023-01-30-19-00-00", "latency": 0}, {"date": "2023-01-30-19-00-00", "latency": 0}, {"date": "2023-01-30-19-00-00", "latency": 0}, {"date": "2023-01-30-19-00-00", "latency": 0}, {"date": "2023-01-30-19-00-00", "latency": 0}, {"date": "2023-01-30-19-00-00", "latency": 0}, {"date": "2023-01-30-19-00-00", "latency": 0}, {"date": "2023-01-30-19-00-00", "latency": 0}, {"date": "2023-01-30-19-00-00", "latency": 0}, {"date": "2023-01-30-19-00-00", "latency": 0}]}, {"location": {"country_code": "ca"}, "game_id": "273486", "values": [{"date": "2023-01-30-04-00-00", "latency": 0}, {"date": "2023-01-30-04-00-00", "latency": 0}]}, {"location": {"country_code": "us", "region": "South Carolina", "city": "Sumter"}, "game_id": "273486", "values": [{"date": "2023-01-30-14-00-00", "latency": 2}, {"date": "2023-01-30-14-00-00", "latency": 2}, {"date": "2023-01-30-14-00-00", "latency": 2}, {"date": "2023-01-30-14-00-00", "latency": 2}]}, {"location": {"country_code": "gb", "region": "England"}, "game_id": "273486", "values": [{"date": "2023-01-31-00-00-00", "latency": 29}, {"date": "2023-01-31-00-00-00", "latency": 29}]}, {"location": {"country_code": "cl"}, "game_id": "273486", "values": [{"date": "2023-01-30-06-00-00", "latency": 15}, {"date": "2023-01-30-06-00-00", "latency": 15}, {"date": "2023-01-30-06-00-00", "latency": 15}]}, {"location": {"country_code": "us", "region": "Texas"}, "game_id": "273486", "values": [{"date": "2023-01-30-04-00-00", "latency": 15}]}, {"location": {"country_code": "mx"}, "game_id": "273486", "values": [{"date": "2023-01-30-07-00-00", "latency": 58}, {"date": "2023-01-31-01-00-00", "latency": 0}]}, {"location": {"country_code": "br"}, "game_id": "273486", "values": [{"date": "2023-01-30-23-00-00", "latency": 43}, {"date": "2023-01-30-23-00-00", "latency": 43}, {"date": "2023-01-30-23-00-00", "latency": 43}, {"date": "2023-01-30-23-00-00", "latency": 43}, {"date": "2023-01-30-23-00-00", "latency": 43}, {"date": "2023-01-30-23-00-00", "latency": 43}, {"date": "2023-01-30-23-00-00", "latency": 43}, {"date": "2023-01-30-23-00-00", "latency": 43}, {"date": "2023-01-30-23-00-00", "latency": 43}, {"date": "2023-01-30-23-00-00", "latency": 43}, {"date": "2023-01-30-23-00-00", "latency": 43}]}, {"location": {"country_code": "se"}, "game_id": "273486", "values": [{"date": "2023-01-30-20-00-00", "latency": 0}]}, {"location": {"country_code": "no"}, "game_id": "273486", "values": [{"date": "2023-01-30-05-00-00", "latency": 2}, {"date": "2023-01-30-05-00-00", "latency": 2}, {"date": "2023-01-30-05-00-00", "latency": 2}, {"date": "2023-01-30-05-00-00", "latency": 2}, {"date": "2023-01-30-05-00-00", "latency": 2}]}, {"location": {"country_code": "sa"}, "game_id": "273486", "values": [{"date": "2023-01-31-00-00-00", "latency": 3}, {"date": "2023-01-31-00-00-00", "latency": 3}, {"date": "2023-01-31-01-00-00", "latency": 86}, {"date": "2023-01-30-17-00-00", "latency": 82}, {"date": "2023-01-30-17-00-00", "latency": 82}, {"date": "2023-01-30-17-00-00", "latency": 82}]}, {"location": {"country_code": "us", "region": "Texas", "city": "Houston"}, "game_id": "273486", "values": [{"date": "2023-01-30-19-00-00", "latency": 23}, {"date": "2023-01-30-19-00-00", "latency": 23}]}, {"location": {"country_code": "gb", "region": "Scotland", "city": "Edinburgh"}, "game_id": "273486", "values": [{"date": "2023-01-31-01-00-00", "latency": 117}, {"date": "2023-01-31-01-00-00", "latency": 117}, {"date": "2023-01-31-01-00-00", "latency": 117}, {"date": "2023-01-31-01-00-00", "latency": 117}, {"date": "2023-01-31-01-00-00", "latency": 117}, {"date": "2023-01-31-01-00-00", "latency": 117}, {"date": "2023-01-31-01-00-00", "latency": 117}, {"date": "2023-01-31-01-00-00", "latency": 117}, {"date": "2023-01-31-01-00-00", "latency": 117}, {"date": "2023-01-31-01-00-00", "latency": 117}, {"date": "2023-01-31-01-00-00", "latency": 117}, {"date": "2023-01-31-01-00-00", "latency": 117}, {"date": "2023-01-31-01-00-00", "latency": 117}]}, {"location": {"country_code": "se", "region": "Vastra Gotaland County"}, "game_id": "273486", "values": [{"date": "2023-01-30-22-00-00", "latency": 9}, {"date": "2023-01-30-22-00-00", "latency": 9}, {"date": "2023-01-30-22-00-00", "latency": 9}, {"date": "2023-01-30-22-00-00", "latency": 9}, {"date": "2023-01-30-22-00-00", "latency": 9}, {"date": "2023-01-30-22-00-00", "latency": 9}]}, {"location": {"country_code": "us", "region": "Texas", "city": "Atascocita"}, "game_id": "273486", "values": [{"date": "2023-01-30-09-00-00", "latency": 0}, {"date": "2023-01-30-09-00-00", "latency": 0}, {"date": "2023-01-30-09-00-00", "latency": 0}]}], "last_updated": 1719919353.520628}