{"data": [{"location": {"country_code": "gb"}, "game_id": "742409", "values": [{"date": "2024-03-09-16-00-00", "alternatives": [33, 3, 33, 33]}, {"date": "2024-03-09-16-00-00", "alternatives": [33, 3, 33, 33]}, {"date": "2024-03-09-16-00-00", "alternatives": [33, 3, 33, 33]}, {"date": "2024-03-09-16-00-00", "alternatives": [33, 3, 33, 33]}]}, {"location": {"country_code": "ca"}, "game_id": "742409", "values": [{"date": "2024-03-09-02-00-00", "alternatives": ["4", "44", "44"]}]}, {"location": {"country_code": "tw"}, "game_id": "742409", "values": [{"date": "2024-03-09-08-00-00", "alternatives": [60, 0, 60, 60]}, {"date": "2024-03-09-08-00-00", "alternatives": [60, 0, 60, 60]}]}, {"location": {"country_code": "rs"}, "game_id": "742409", "values": [{"date": "2024-03-09-23-00-00", "alternatives": ["53", "53", "3"]}]}, {"location": {"country_code": "pl"}, "game_id": "742409", "values": [{"date": "2024-03-09-17-00-00", "alternatives": [48, 48, 48, 4]}, {"date": "2024-03-09-17-00-00", "alternatives": [48, 48, 48, 4]}, {"date": "2024-03-09-17-00-00", "alternatives": [48, 48, 48, 4]}]}, {"location": {"country_code": "ua"}, "game_id": "742409", "values": [{"date": "2024-03-09-19-00-00", "alternatives": [17, 17, 17]}, {"date": "2024-03-09-19-00-00", "alternatives": [17, 17, 17]}, {"date": "2024-03-09-19-00-00", "alternatives": [17, 17, 17]}, {"date": "2024-03-09-19-00-00", "alternatives": [17, 17, 17]}, {"date": "2024-03-09-14-00-00", "alternatives": [55, 53, 53, 53, 53]}]}, {"location": {"country_code": "uy"}, "game_id": "742409", "values": [{"date": "2024-03-09-02-00-00", "alternatives": [7, 70, 70, 70, 70]}, {"date": "2024-03-09-02-00-00", "alternatives": [7, 70, 70, 70, 70]}, {"date": "2024-03-09-02-00-00", "alternatives": [7, 70, 70, 70, 70]}, {"date": "2024-03-09-02-00-00", "alternatives": [7, 70, 70, 70, 70]}]}, {"location": {"country_code": "us", "region": "Virginia", "city": "Richmond"}, "game_id": "742409", "values": [{"date": "2024-03-09-03-00-00", "alternatives": ["45", "45", "35"]}]}, {"location": {"country_code": "fr", "region": "Nord-Passo di Calais-Piccardia"}, "game_id": "742409", "values": [{"date": "2024-03-09-16-00-00", "alternatives": [29, 23, 29, 29]}]}, {"location": {"country_code": "sk", "region": "Bratislava Region", "city": "Bratislava"}, "game_id": "742409", "values": [{"date": "2024-03-09-10-00-00", "alternatives": [22, 22, 22, 22]}, {"date": "2024-03-09-10-00-00", "alternatives": [22, 22, 22, 22]}, {"date": "2024-03-09-10-00-00", "alternatives": [22, 22, 22, 22]}, {"date": "2024-03-09-10-00-00", "alternatives": [22, 22, 22, 22]}]}], "last_updated": 1719918473.610986}