{"data": [{"location": {"country_code": "cu"}, "game_id": "742409", "values": [{"date": "2024-05-10-13-00-00", "latency": 34}, {"date": "2024-05-10-13-00-00", "latency": 34}, {"date": "2024-05-10-13-00-00", "latency": 34}, {"date": "2024-05-10-13-00-00", "latency": 34}, {"date": "2024-05-10-13-00-00", "latency": 34}, {"date": "2024-05-10-13-00-00", "latency": 34}]}, {"location": {"country_code": "us"}, "game_id": "742409", "values": [{"date": "2024-05-10-03-00-00", "latency": 26}, {"date": "2024-05-10-03-00-00", "latency": 26}, {"date": "2024-05-10-03-00-00", "latency": 26}, {"date": "2024-05-10-03-00-00", "latency": 26}, {"date": "2024-05-10-03-00-00", "latency": 26}, {"date": "2024-05-10-03-00-00", "latency": 26}, {"date": "2024-05-10-03-00-00", "latency": 26}, {"date": "2024-05-10-03-00-00", "latency": 26}]}, {"location": {"country_code": "gb"}, "game_id": "742409", "values": [{"date": "2024-05-10-15-00-00", "latency": 6}, {"date": "2024-05-10-15-00-00", "latency": 6}, {"date": "2024-05-10-15-00-00", "latency": 6}, {"date": "2024-05-10-15-00-00", "latency": 6}, {"date": "2024-05-10-15-00-00", "latency": 6}, {"date": "2024-05-10-15-00-00", "latency": 6}, {"date": "2024-05-10-15-00-00", "latency": 6}, {"date": "2024-05-10-15-00-00", "latency": 6}, {"date": "2024-05-10-15-00-00", "latency": 6}, {"date": "2024-05-10-15-00-00", "latency": 6}, {"date": "2024-05-10-15-00-00", "latency": 6}, {"date": "2024-05-10-15-00-00", "latency": 6}, {"date": "2024-05-10-15-00-00", "latency": 6}, {"date": "2024-05-10-15-00-00", "latency": 6}, {"date": "2024-05-10-18-00-00", "latency": 38}, {"date": "2024-05-10-18-00-00", "latency": 38}, {"date": "2024-05-10-18-00-00", "latency": 38}, {"date": "2024-05-10-18-00-00", "latency": 38}, {"date": "2024-05-10-18-00-00", "latency": 38}, {"date": "2024-05-10-18-00-00", "latency": 38}, {"date": "2024-05-10-16-00-00", "latency": 17}, {"date": "2024-05-10-16-00-00", "latency": 17}, {"date": "2024-05-10-16-00-00", "latency": 17}, {"date": "2024-05-10-16-00-00", "latency": 17}, {"date": "2024-05-10-16-00-00", "latency": 17}, {"date": "2024-05-10-16-00-00", "latency": 17}, {"date": "2024-05-10-16-00-00", "latency": 17}, {"date": "2024-05-10-16-00-00", "latency": 17}, {"date": "2024-05-10-16-00-00", "latency": 17}, {"date": "2024-05-10-16-00-00", "latency": 17}, {"date": "2024-05-10-16-00-00", "latency": 17}, {"date": "2024-05-10-16-00-00", "latency": 17}, {"date": "2024-05-10-16-00-00", "latency": 17}, {"date": "2024-05-10-16-00-00", "latency": 17}, {"date": "2024-05-10-16-00-00", "latency": 17}, {"date": "2024-05-10-16-00-00", "latency": 17}, {"date": "2024-05-10-16-00-00", "latency": 17}, {"date": "2024-05-10-16-00-00", "latency": 17}, {"date": "2024-05-10-16-00-00", "latency": 17}, {"date": "2024-05-10-16-00-00", "latency": 17}, {"date": "2024-05-10-16-00-00", "latency": 17}, {"date": "2024-05-10-16-00-00", "latency": 17}, {"date": "2024-05-10-16-00-00", "latency": 17}, {"date": "2024-05-10-16-00-00", "latency": 17}, {"date": "2024-05-10-16-00-00", "latency": 17}, {"date": "2024-05-10-16-00-00", "latency": 17}, {"date": "2024-05-10-16-00-00", "latency": 17}, {"date": "2024-05-10-16-00-00", "latency": 17}, {"date": "2024-05-10-16-00-00", "latency": 17}, {"date": "2024-05-10-16-00-00", "latency": 17}, {"date": "2024-05-10-16-00-00", "latency": 17}, {"date": "2024-05-10-16-00-00", "latency": 17}, {"date": "2024-05-10-16-00-00", "latency": 17}, {"date": "2024-05-10-16-00-00", "latency": 17}, {"date": "2024-05-10-16-00-00", "latency": 17}, {"date": "2024-05-10-16-00-00", "latency": 17}, {"date": "2024-05-10-16-00-00", "latency": 17}, {"date": "2024-05-10-16-00-00", "latency": 17}, {"date": "2024-05-10-16-00-00", "latency": 17}, {"date": "2024-05-10-16-00-00", "latency": 17}, {"date": "2024-05-10-16-00-00", "latency": 17}, {"date": "2024-05-10-16-00-00", "latency": 17}, {"date": "2024-05-10-16-00-00", "latency": 17}, {"date": "2024-05-10-16-00-00", "latency": 17}, {"date": "2024-05-10-16-00-00", "latency": 17}, {"date": "2024-05-10-16-00-00", "latency": 17}, {"date": "2024-05-10-16-00-00", "latency": 17}]}, {"location": {"country_code": "cz"}, "game_id": "742409", "values": [{"date": "2024-05-10-13-00-00", "latency": 30}, {"date": "2024-05-10-13-00-00", "latency": 30}, {"date": "2024-05-10-13-00-00", "latency": 30}, {"date": "2024-05-10-13-00-00", "latency": 30}, {"date": "2024-05-10-13-00-00", "latency": 30}, {"date": "2024-05-10-13-00-00", "latency": 30}]}, {"location": {"country_code": "ro"}, "game_id": "742409", "values": [{"date": "2024-05-10-04-00-00", "latency": 25}, {"date": "2024-05-10-04-00-00", "latency": 25}, {"date": "2024-05-10-04-00-00", "latency": 25}, {"date": "2024-05-10-04-00-00", "latency": 25}, {"date": "2024-05-10-04-00-00", "latency": 25}, {"date": "2024-05-10-04-00-00", "latency": 25}, {"date": "2024-05-10-04-00-00", "latency": 25}, {"date": "2024-05-10-04-00-00", "latency": 25}]}, {"location": {"country_code": "de"}, "game_id": "742409", "values": [{"date": "2024-05-10-17-00-00", "latency": 32}, {"date": "2024-05-10-17-00-00", "latency": 32}, {"date": "2024-05-10-17-00-00", "latency": 32}, {"date": "2024-05-10-17-00-00", "latency": 32}, {"date": "2024-05-10-17-00-00", "latency": 32}, {"date": "2024-05-10-17-00-00", "latency": 32}, {"date": "2024-05-10-17-00-00", "latency": 32}, {"date": "2024-05-10-17-00-00", "latency": 32}, {"date": "2024-05-10-17-00-00", "latency": 32}, {"date": "2024-05-10-17-00-00", "latency": 32}, {"date": "2024-05-10-17-00-00", "latency": 32}, {"date": "2024-05-10-17-00-00", "latency": 32}, {"date": "2024-05-10-17-00-00", "latency": 32}, {"date": "2024-05-10-17-00-00", "latency": 32}, {"date": "2024-05-10-17-00-00", "latency": 32}, {"date": "2024-05-10-17-00-00", "latency": 32}, {"date": "2024-05-10-17-00-00", "latency": 32}, {"date": "2024-05-10-17-00-00", "latency": 32}, {"date": "2024-05-10-17-00-00", "latency": 32}, {"date": "2024-05-10-17-00-00", "latency": 32}, {"date": "2024-05-10-17-00-00", "latency": 32}]}, {"location": {"country_code": "tw"}, "game_id": "742409", "values": [{"date": "2024-05-10-13-00-00", "latency": 55}, {"date": "2024-05-10-13-00-00", "latency": 55}, {"date": "2024-05-10-13-00-00", "latency": 55}, {"date": "2024-05-10-13-00-00", "latency": 55}]}, {"location": {"country_code": "es", "region": "Madrid", "city": "Parla"}, "game_id": "742409", "values": [{"date": "2024-05-10-18-00-00", "latency": 36}, {"date": "2024-05-10-18-00-00", "latency": 36}, {"date": "2024-05-10-18-00-00", "latency": 36}, {"date": "2024-05-10-18-00-00", "latency": 36}, {"date": "2024-05-10-18-00-00", "latency": 36}, {"date": "2024-05-10-18-00-00", "latency": 36}, {"date": "2024-05-10-18-00-00", "latency": 36}, {"date": "2024-05-10-18-00-00", "latency": 36}, {"date": "2024-05-10-18-00-00", "latency": 36}, {"date": "2024-05-10-18-00-00", "latency": 36}, {"date": "2024-05-10-18-00-00", "latency": 36}, {"date": "2024-05-10-18-00-00", "latency": 36}, {"date": "2024-05-10-18-00-00", "latency": 36}, {"date": "2024-05-10-18-00-00", "latency": 36}, {"date": "2024-05-10-18-00-00", "latency": 36}, {"date": "2024-05-10-18-00-00", "latency": 36}, {"date": "2024-05-10-18-00-00", "latency": 36}, {"date": "2024-05-10-18-00-00", "latency": 36}, {"date": "2024-05-10-18-00-00", "latency": 36}, {"date": "2024-05-10-18-00-00", "latency": 36}, {"date": "2024-05-10-18-00-00", "latency": 36}, {"date": "2024-05-10-18-00-00", "latency": 36}, {"date": "2024-05-10-18-00-00", "latency": 36}, {"date": "2024-05-10-18-00-00", "latency": 36}]}, {"location": {"country_code": "de", "region": "Hesse"}, "game_id": "742409", "values": [{"date": "2024-05-10-08-00-00", "latency": 17}, {"date": "2024-05-10-08-00-00", "latency": 17}, {"date": "2024-05-10-08-00-00", "latency": 17}, {"date": "2024-05-10-08-00-00", "latency": 17}, {"date": "2024-05-10-08-00-00", "latency": 17}, {"date": "2024-05-10-08-00-00", "latency": 17}, {"date": "2024-05-10-08-00-00", "latency": 17}, {"date": "2024-05-10-08-00-00", "latency": 17}, {"date": "2024-05-10-08-00-00", "latency": 17}, {"date": "2024-05-10-08-00-00", "latency": 17}]}, {"location": {"country_code": "fi"}, "game_id": "742409", "values": [{"date": "2024-05-10-12-00-00", "latency": 52}, {"date": "2024-05-10-12-00-00", "latency": 52}, {"date": "2024-05-10-12-00-00", "latency": 52}, {"date": "2024-05-10-12-00-00", "latency": 52}, {"date": "2024-05-10-12-00-00", "latency": 52}, {"date": "2024-05-10-12-00-00", "latency": 52}, {"date": "2024-05-10-12-00-00", "latency": 52}, {"date": "2024-05-10-12-00-00", "latency": 52}, {"date": "2024-05-10-12-00-00", "latency": 52}, {"date": "2024-05-10-12-00-00", "latency": 52}]}, {"location": {"country_code": "pl"}, "game_id": "742409", "values": [{"date": "2024-05-10-12-00-00", "latency": 30}, {"date": "2024-05-10-12-00-00", "latency": 30}, {"date": "2024-05-10-12-00-00", "latency": 30}, {"date": "2024-05-10-12-00-00", "latency": 30}, {"date": "2024-05-10-12-00-00", "latency": 30}, {"date": "2024-05-10-12-00-00", "latency": 30}, {"date": "2024-05-10-12-00-00", "latency": 30}, {"date": "2024-05-10-12-00-00", "latency": 30}, {"date": "2024-05-10-12-00-00", "latency": 30}, {"date": "2024-05-10-12-00-00", "latency": 30}, {"date": "2024-05-10-12-00-00", "latency": 30}, {"date": "2024-05-10-12-00-00", "latency": 30}, {"date": "2024-05-10-12-00-00", "latency": 30}, {"date": "2024-05-10-12-00-00", "latency": 30}, {"date": "2024-05-10-12-00-00", "latency": 30}]}, {"location": {"country_code": "ua"}, "game_id": "742409", "values": [{"date": "2024-05-10-17-00-00", "latency": 52}, {"date": "2024-05-10-17-00-00", "latency": 52}, {"date": "2024-05-10-17-00-00", "latency": 52}, {"date": "2024-05-10-17-00-00", "latency": 52}, {"date": "2024-05-10-17-00-00", "latency": 52}, {"date": "2024-05-10-17-00-00", "latency": 52}, {"date": "2024-05-10-17-00-00", "latency": 52}, {"date": "2024-05-10-17-00-00", "latency": 52}, {"date": "2024-05-10-17-00-00", "latency": 52}, {"date": "2024-05-10-17-00-00", "latency": 52}, {"date": "2024-05-10-17-00-00", "latency": 52}, {"date": "2024-05-10-10-00-00", "latency": 53}, {"date": "2024-05-10-10-00-00", "latency": 53}, {"date": "2024-05-10-10-00-00", "latency": 53}, {"date": "2024-05-10-10-00-00", "latency": 53}, {"date": "2024-05-10-10-00-00", "latency": 53}]}, {"location": {"country_code": "ua", "region": "Vinnytsia Oblast"}, "game_id": "742409", "values": [{"date": "2024-05-10-15-00-00", "latency": 53}, {"date": "2024-05-10-15-00-00", "latency": 53}, {"date": "2024-05-10-15-00-00", "latency": 53}, {"date": "2024-05-10-15-00-00", "latency": 53}, {"date": "2024-05-10-15-00-00", "latency": 53}]}, {"location": {"country_code": "se", "region": "Stockholm County", "city": "Stockholm"}, "game_id": "742409", "values": [{"date": "2024-05-10-15-00-00", "latency": 44}]}, {"location": {"country_code": "sk"}, "game_id": "742409", "values": [{"date": "2024-05-10-13-00-00", "latency": 21}, {"date": "2024-05-10-13-00-00", "latency": 21}, {"date": "2024-05-10-13-00-00", "latency": 21}, {"date": "2024-05-10-13-00-00", "latency": 21}, {"date": "2024-05-10-13-00-00", "latency": 21}, {"date": "2024-05-10-13-00-00", "latency": 21}, {"date": "2024-05-10-13-00-00", "latency": 21}, {"date": "2024-05-10-13-00-00", "latency": 21}, {"date": "2024-05-10-13-00-00", "latency": 21}]}, {"location": {"country_code": "fr", "region": "Alsazia-Champagne-Ardenne-Lorena"}, "game_id": "742409", "values": [{"date": "2024-05-10-17-00-00", "latency": 27}, {"date": "2024-05-10-17-00-00", "latency": 27}, {"date": "2024-05-10-17-00-00", "latency": 27}, {"date": "2024-05-10-17-00-00", "latency": 27}, {"date": "2024-05-10-17-00-00", "latency": 27}, {"date": "2024-05-10-17-00-00", "latency": 27}, {"date": "2024-05-10-17-00-00", "latency": 27}, {"date": "2024-05-10-17-00-00", "latency": 27}, {"date": "2024-05-10-17-00-00", "latency": 27}, {"date": "2024-05-10-17-00-00", "latency": 27}, {"date": "2024-05-10-17-00-00", "latency": 27}, {"date": "2024-05-10-17-00-00", "latency": 27}, {"date": "2024-05-10-17-00-00", "latency": 27}, {"date": "2024-05-10-17-00-00", "latency": 27}, {"date": "2024-05-10-17-00-00", "latency": 27}, {"date": "2024-05-10-17-00-00", "latency": 27}]}, {"location": {"country_code": "de", "region": "Hesse", "city": "Frankfurt"}, "game_id": "742409", "values": [{"date": "2024-05-10-12-00-00", "latency": 17}, {"date": "2024-05-10-12-00-00", "latency": 17}, {"date": "2024-05-10-12-00-00", "latency": 17}, {"date": "2024-05-10-12-00-00", "latency": 17}, {"date": "2024-05-10-12-00-00", "latency": 17}, {"date": "2024-05-10-12-00-00", "latency": 17}, {"date": "2024-05-10-12-00-00", "latency": 17}, {"date": "2024-05-10-12-00-00", "latency": 17}, {"date": "2024-05-10-12-00-00", "latency": 17}, {"date": "2024-05-10-12-00-00", "latency": 17}, {"date": "2024-05-10-12-00-00", "latency": 17}, {"date": "2024-05-10-12-00-00", "latency": 17}, {"date": "2024-05-10-12-00-00", "latency": 17}, {"date": "2024-05-10-12-00-00", "latency": 17}, {"date": "2024-05-10-12-00-00", "latency": 17}, {"date": "2024-05-10-12-00-00", "latency": 17}, {"date": "2024-05-10-12-00-00", "latency": 17}, {"date": "2024-05-10-12-00-00", "latency": 17}, {"date": "2024-05-10-12-00-00", "latency": 17}, {"date": "2024-05-10-12-00-00", "latency": 17}, {"date": "2024-05-10-12-00-00", "latency": 17}, {"date": "2024-05-10-12-00-00", "latency": 17}, {"date": "2024-05-10-12-00-00", "latency": 17}, {"date": "2024-05-10-12-00-00", "latency": 17}, {"date": "2024-05-10-12-00-00", "latency": 17}, {"date": "2024-05-10-12-00-00", "latency": 17}, {"date": "2024-05-10-12-00-00", "latency": 17}]}, {"location": {"country_code": "de", "region": "Brandenburg"}, "game_id": "742409", "values": [{"date": "2024-05-10-03-00-00", "latency": 43}, {"date": "2024-05-10-03-00-00", "latency": 43}, {"date": "2024-05-10-03-00-00", "latency": 43}, {"date": "2024-05-10-03-00-00", "latency": 43}, {"date": "2024-05-10-03-00-00", "latency": 43}, {"date": "2024-05-10-03-00-00", "latency": 43}, {"date": "2024-05-10-03-00-00", "latency": 43}]}, {"location": {"country_code": "es", "region": "Basque Country", "city": "Onati"}, "game_id": "742409", "values": [{"date": "2024-05-10-16-00-00", "latency": 49}, {"date": "2024-05-10-16-00-00", "latency": 49}, {"date": "2024-05-10-16-00-00", "latency": 49}, {"date": "2024-05-10-16-00-00", "latency": 49}, {"date": "2024-05-10-16-00-00", "latency": 49}, {"date": "2024-05-10-16-00-00", "latency": 49}, {"date": "2024-05-10-16-00-00", "latency": 49}, {"date": "2024-05-10-16-00-00", "latency": 49}, {"date": "2024-05-10-16-00-00", "latency": 49}, {"date": "2024-05-10-16-00-00", "latency": 49}, {"date": "2024-05-10-16-00-00", "latency": 49}]}], "last_updated": 1719926530.857456}