{"data": [{"location": {"country_code": "us"}, "game_id": "762836", "values": [{"date": "2024-06-05-04-00-00", "latency": 82}, {"date": "2024-06-05-08-00-00", "latency": 66}, {"date": "2024-06-05-08-00-00", "latency": 66}, {"date": "2024-06-05-08-00-00", "latency": 66}, {"date": "2024-06-05-08-00-00", "latency": 66}, {"date": "2024-06-05-08-00-00", "latency": 66}, {"date": "2024-06-05-08-00-00", "latency": 66}, {"date": "2024-06-05-08-00-00", "latency": 66}, {"date": "2024-06-05-08-00-00", "latency": 66}, {"date": "2024-06-05-08-00-00", "latency": 66}, {"date": "2024-06-05-08-00-00", "latency": 66}, {"date": "2024-06-05-08-00-00", "latency": 66}, {"date": "2024-06-05-08-00-00", "latency": 66}, {"date": "2024-06-05-21-00-00", "latency": 567}, {"date": "2024-06-05-06-00-00", "latency": 46}, {"date": "2024-06-05-03-00-00", "latency": 69}, {"date": "2024-06-05-03-00-00", "latency": 80}, {"date": "2024-06-05-03-00-00", "latency": 80}, {"date": "2024-06-05-06-00-00", "latency": 72}, {"date": "2024-06-05-21-00-00", "latency": 58}, {"date": "2024-06-05-20-00-00", "latency": 58}, {"date": "2024-06-05-20-00-00", "latency": 58}, {"date": "2024-06-05-20-00-00", "latency": 58}, {"date": "2024-06-05-07-00-00", "latency": 122}, {"date": "2024-06-05-07-00-00", "latency": 122}, {"date": "2024-06-05-07-00-00", "latency": 122}, {"date": "2024-06-05-07-00-00", "latency": 122}, {"date": "2024-06-05-07-00-00", "latency": 122}, {"date": "2024-06-05-07-00-00", "latency": 122}, {"date": "2024-06-05-07-00-00", "latency": 122}, {"date": "2024-06-05-07-00-00", "latency": 122}, {"date": "2024-06-05-07-00-00", "latency": 122}, {"date": "2024-06-05-07-00-00", "latency": 122}, {"date": "2024-06-05-07-00-00", "latency": 122}, {"date": "2024-06-05-07-00-00", "latency": 122}, {"date": "2024-06-05-07-00-00", "latency": 122}, {"date": "2024-06-05-07-00-00", "latency": 122}, {"date": "2024-06-05-07-00-00", "latency": 70}, {"date": "2024-06-05-07-00-00", "latency": 70}, {"date": "2024-06-05-07-00-00", "latency": 70}, {"date": "2024-06-05-07-00-00", "latency": 70}, {"date": "2024-06-05-07-00-00", "latency": 70}, {"date": "2024-06-05-07-00-00", "latency": 70}, {"date": "2024-06-05-07-00-00", "latency": 70}, {"date": "2024-06-05-07-00-00", "latency": 70}, {"date": "2024-06-05-07-00-00", "latency": 70}, {"date": "2024-06-05-03-00-00", "latency": 69}, {"date": "2024-06-05-03-00-00", "latency": 69}]}, {"location": {"country_code": "us", "region": "North Carolina", "city": "Charlotte"}, "game_id": "762836", "values": [{"date": "2024-06-05-02-00-00", "latency": 66}]}, {"location": {"country_code": "de", "region": "Berlin", "city": "Berlin"}, "game_id": "762836", "values": [{"date": "2024-06-05-13-00-00", "latency": 32}, {"date": "2024-06-05-13-00-00", "latency": 32}, {"date": "2024-06-05-13-00-00", "latency": 32}]}, {"location": {"country_code": "gb"}, "game_id": "762836", "values": [{"date": "2024-06-05-22-00-00", "latency": 169}, {"date": "2024-06-05-22-00-00", "latency": 169}, {"date": "2024-06-05-22-00-00", "latency": 169}, {"date": "2024-06-05-20-00-00", "latency": 74}]}, {"location": {"country_code": "th"}, "game_id": "762836", "values": [{"date": "2024-06-05-17-00-00", "latency": 59}, {"date": "2024-06-05-16-00-00", "latency": 72}]}, {"location": {"country_code": "it"}, "game_id": "762836", "values": [{"date": "2024-06-06-01-00-00", "latency": 71}, {"date": "2024-06-06-01-00-00", "latency": 71}, {"date": "2024-06-06-01-00-00", "latency": 71}, {"date": "2024-06-05-10-00-00", "latency": 79}]}, {"location": {"country_code": "ro"}, "game_id": "762836", "values": [{"date": "2024-06-05-06-00-00", "latency": 55}, {"date": "2024-06-05-06-00-00", "latency": 55}, {"date": "2024-06-05-06-00-00", "latency": 55}]}, {"location": {"country_code": "ca"}, "game_id": "762836", "values": [{"date": "2024-06-05-04-00-00", "latency": 48}, {"date": "2024-06-05-04-00-00", "latency": 48}, {"date": "2024-06-05-10-00-00", "latency": 77}, {"date": "2024-06-05-10-00-00", "latency": 77}, {"date": "2024-06-05-10-00-00", "latency": 77}, {"date": "2024-06-05-10-00-00", "latency": 77}, {"date": "2024-06-05-10-00-00", "latency": 77}, {"date": "2024-06-05-10-00-00", "latency": 77}, {"date": "2024-06-05-10-00-00", "latency": 77}, {"date": "2024-06-05-10-00-00", "latency": 77}, {"date": "2024-06-05-19-00-00", "latency": 95}]}, {"location": {"country_code": "ca", "region": "Alberta"}, "game_id": "762836", "values": [{"date": "2024-06-05-20-00-00", "latency": 75}, {"date": "2024-06-05-20-00-00", "latency": 75}, {"date": "2024-06-05-20-00-00", "latency": 75}]}, {"location": {"country_code": "de"}, "game_id": "762836", "values": [{"date": "2024-06-06-00-00-00", "latency": 43}, {"date": "2024-06-05-14-00-00", "latency": 67}, {"date": "2024-06-05-14-00-00", "latency": 67}, {"date": "2024-06-05-14-00-00", "latency": 67}, {"date": "2024-06-05-14-00-00", "latency": 67}]}, {"location": {"country_code": "iq"}, "game_id": "762836", "values": [{"date": "2024-06-05-15-00-00", "latency": 93}]}, {"location": {"country_code": "us", "region": "Texas"}, "game_id": "762836", "values": [{"date": "2024-06-05-02-00-00", "latency": 99}, {"date": "2024-06-05-03-00-00", "latency": 33}]}, {"location": {"country_code": "au", "region": "New South Wales", "city": "Sydney"}, "game_id": "762836", "values": [{"date": "2024-06-05-09-00-00", "latency": 25}]}, {"location": {"country_code": "us", "region": "Florida"}, "game_id": "762836", "values": [{"date": "2024-06-06-02-00-00", "latency": 74}]}, {"location": {"country_code": "us", "region": "Iowa"}, "game_id": "762836", "values": [{"date": "2024-06-05-23-00-00", "latency": 82}, {"date": "2024-06-05-23-00-00", "latency": 82}, {"date": "2024-06-05-23-00-00", "latency": 82}, {"date": "2024-06-05-05-00-00", "latency": 66}]}, {"location": {"country_code": "fr"}, "game_id": "762836", "values": [{"date": "2024-06-05-18-00-00", "latency": 37}]}, {"location": {"country_code": "mx"}, "game_id": "762836", "values": [{"date": "2024-06-05-06-00-00", "latency": 44}]}, {"location": {"country_code": "us", "region": "Ohio"}, "game_id": "762836", "values": [{"date": "2024-06-05-13-00-00", "latency": 51}, {"date": "2024-06-05-13-00-00", "latency": 51}, {"date": "2024-06-05-13-00-00", "latency": 51}, {"date": "2024-06-05-13-00-00", "latency": 51}]}, {"location": {"country_code": "no"}, "game_id": "762836", "values": [{"date": "2024-06-05-19-00-00", "latency": 63}, {"date": "2024-06-05-19-00-00", "latency": 63}, {"date": "2024-06-05-19-00-00", "latency": 63}, {"date": "2024-06-05-19-00-00", "latency": 63}, {"date": "2024-06-05-19-00-00", "latency": 63}, {"date": "2024-06-05-19-00-00", "latency": 63}]}, {"location": {"country_code": "au", "region": "Victoria", "city": "Melbourne"}, "game_id": "762836", "values": [{"date": "2024-06-05-14-00-00", "latency": 68}, {"date": "2024-06-05-14-00-00", "latency": 68}, {"date": "2024-06-05-14-00-00", "latency": 68}]}, {"location": {"country_code": "us", "region": "Florida", "city": "Jacksonville"}, "game_id": "762836", "values": [{"date": "2024-06-06-00-00-00", "latency": 68}, {"date": "2024-06-06-00-00-00", "latency": 68}, {"date": "2024-06-06-00-00-00", "latency": 68}]}, {"location": {"country_code": "tr"}, "game_id": "762836", "values": [{"date": "2024-06-05-11-00-00", "latency": 104}]}, {"location": {"country_code": "es"}, "game_id": "762836", "values": [{"date": "2024-06-05-18-00-00", "latency": 74}, {"date": "2024-06-05-18-00-00", "latency": 74}, {"date": "2024-06-05-18-00-00", "latency": 74}, {"date": "2024-06-05-18-00-00", "latency": 74}, {"date": "2024-06-05-18-00-00", "latency": 74}, {"date": "2024-06-05-18-00-00", "latency": 74}, {"date": "2024-06-05-18-00-00", "latency": 74}, {"date": "2024-06-05-18-00-00", "latency": 74}, {"date": "2024-06-05-18-00-00", "latency": 74}, {"date": "2024-06-05-18-00-00", "latency": 74}, {"date": "2024-06-05-18-00-00", "latency": 74}]}, {"location": {"country_code": "ar"}, "game_id": "762836", "values": [{"date": "2024-06-06-01-00-00", "latency": 63}, {"date": "2024-06-06-01-00-00", "latency": 63}, {"date": "2024-06-06-01-00-00", "latency": 63}, {"date": "2024-06-06-01-00-00", "latency": 63}]}, {"location": {"country_code": "us", "region": "Texas", "city": "Houston"}, "game_id": "762836", "values": [{"date": "2024-06-05-04-00-00", "latency": 81}, {"date": "2024-06-05-04-00-00", "latency": 81}, {"date": "2024-06-05-04-00-00", "latency": 81}, {"date": "2024-06-05-04-00-00", "latency": 81}, {"date": "2024-06-05-04-00-00", "latency": 81}]}, {"location": {"country_code": "us", "region": "South Carolina"}, "game_id": "762836", "values": [{"date": "2024-06-06-02-00-00", "latency": 57}, {"date": "2024-06-06-02-00-00", "latency": 57}, {"date": "2024-06-06-02-00-00", "latency": 57}, {"date": "2024-06-06-02-00-00", "latency": 57}]}, {"location": {"country_code": "us", "region": "Illinois", "city": "Chicago"}, "game_id": "762836", "values": [{"date": "2024-06-05-03-00-00", "latency": 57}, {"date": "2024-06-05-03-00-00", "latency": 57}]}, {"location": {"country_code": "us", "region": "Arizona"}, "game_id": "762836", "values": [{"date": "2024-06-05-06-00-00", "latency": 62}, {"date": "2024-06-05-06-00-00", "latency": 62}, {"date": "2024-06-05-06-00-00", "latency": 62}]}, {"location": {"country_code": "us", "region": "Utah"}, "game_id": "762836", "values": [{"date": "2024-06-05-05-00-00", "latency": 58}]}, {"location": {"country_code": "ve"}, "game_id": "762836", "values": [{"date": "2024-06-05-06-00-00", "latency": 168}, {"date": "2024-06-05-06-00-00", "latency": 168}, {"date": "2024-06-05-06-00-00", "latency": 168}, {"date": "2024-06-05-06-00-00", "latency": 168}, {"date": "2024-06-05-06-00-00", "latency": 168}, {"date": "2024-06-05-06-00-00", "latency": 168}, {"date": "2024-06-05-06-00-00", "latency": 168}, {"date": "2024-06-05-06-00-00", "latency": 168}]}, {"location": {"country_code": "us", "region": "California", "city": "Chula Vista"}, "game_id": "762836", "values": [{"date": "2024-06-05-09-00-00", "latency": 92}, {"date": "2024-06-05-09-00-00", "latency": 92}, {"date": "2024-06-05-09-00-00", "latency": 92}, {"date": "2024-06-05-09-00-00", "latency": 92}]}, {"location": {"country_code": "pl"}, "game_id": "762836", "values": [{"date": "2024-06-05-19-00-00", "latency": 58}, {"date": "2024-06-05-19-00-00", "latency": 58}, {"date": "2024-06-05-19-00-00", "latency": 58}]}, {"location": {"country_code": "be"}, "game_id": "762836", "values": [{"date": "2024-06-05-15-00-00", "latency": 49}, {"date": "2024-06-05-21-00-00", "latency": 50}, {"date": "2024-06-05-21-00-00", "latency": 50}, {"date": "2024-06-05-21-00-00", "latency": 50}, {"date": "2024-06-05-11-00-00", "latency": 52}, {"date": "2024-06-05-11-00-00", "latency": 52}, {"date": "2024-06-05-11-00-00", "latency": 52}, {"date": "2024-06-05-11-00-00", "latency": 52}, {"date": "2024-06-05-11-00-00", "latency": 52}, {"date": "2024-06-05-11-00-00", "latency": 52}, {"date": "2024-06-05-11-00-00", "latency": 52}, {"date": "2024-06-05-11-00-00", "latency": 52}, {"date": "2024-06-05-11-00-00", "latency": 52}, {"date": "2024-06-05-11-00-00", "latency": 52}, {"date": "2024-06-05-11-00-00", "latency": 52}, {"date": "2024-06-05-11-00-00", "latency": 52}, {"date": "2024-06-05-11-00-00", "latency": 52}, {"date": "2024-06-05-11-00-00", "latency": 52}, {"date": "2024-06-05-11-00-00", "latency": 52}, {"date": "2024-06-05-11-00-00", "latency": 52}, {"date": "2024-06-05-11-00-00", "latency": 52}, {"date": "2024-06-05-11-00-00", "latency": 52}, {"date": "2024-06-05-11-00-00", "latency": 52}, {"date": "2024-06-05-11-00-00", "latency": 52}, {"date": "2024-06-05-11-00-00", "latency": 52}, {"date": "2024-06-05-11-00-00", "latency": 52}, {"date": "2024-06-05-11-00-00", "latency": 52}, {"date": "2024-06-05-11-00-00", "latency": 52}, {"date": "2024-06-05-11-00-00", "latency": 52}, {"date": "2024-06-05-11-00-00", "latency": 52}, {"date": "2024-06-05-11-00-00", "latency": 52}]}, {"location": {"country_code": "us", "region": "North Carolina"}, "game_id": "762836", "values": [{"date": "2024-06-06-01-00-00", "latency": 57}, {"date": "2024-06-06-01-00-00", "latency": 57}, {"date": "2024-06-06-01-00-00", "latency": 57}]}, {"location": {"country_code": "us", "region": "Georgia"}, "game_id": "762836", "values": [{"date": "2024-06-05-03-00-00", "latency": 37}, {"date": "2024-06-05-03-00-00", "latency": 37}, {"date": "2024-06-05-03-00-00", "latency": 37}, {"date": "2024-06-05-03-00-00", "latency": 37}, {"date": "2024-06-05-03-00-00", "latency": 37}, {"date": "2024-06-05-03-00-00", "latency": 37}, {"date": "2024-06-05-03-00-00", "latency": 37}, {"date": "2024-06-05-03-00-00", "latency": 37}, {"date": "2024-06-05-03-00-00", "latency": 37}, {"date": "2024-06-05-03-00-00", "latency": 37}, {"date": "2024-06-05-03-00-00", "latency": 37}, {"date": "2024-06-05-04-00-00", "latency": 41}, {"date": "2024-06-05-04-00-00", "latency": 41}, {"date": "2024-06-05-04-00-00", "latency": 41}, {"date": "2024-06-05-04-00-00", "latency": 41}]}, {"location": {"country_code": "us", "region": "Illinois"}, "game_id": "762836", "values": [{"date": "2024-06-05-06-00-00", "latency": 87}, {"date": "2024-06-05-06-00-00", "latency": 87}, {"date": "2024-06-05-06-00-00", "latency": 87}, {"date": "2024-06-05-03-00-00", "latency": 72}, {"date": "2024-06-05-03-00-00", "latency": 72}]}, {"location": {"country_code": "us", "region": "Oklahoma"}, "game_id": "762836", "values": [{"date": "2024-06-05-07-00-00", "latency": 72}]}, {"location": {"country_code": "us", "region": "Idaho", "city": "Idaho Falls"}, "game_id": "762836", "values": [{"date": "2024-06-05-20-00-00", "latency": 60}, {"date": "2024-06-05-20-00-00", "latency": 60}, {"date": "2024-06-05-20-00-00", "latency": 60}]}, {"location": {"country_code": "us", "region": "Arizona", "city": "Phoenix"}, "game_id": "762836", "values": [{"date": "2024-06-06-00-00-00", "latency": 68}, {"date": "2024-06-06-00-00-00", "latency": 68}]}, {"location": {"country_code": "us", "region": "West Virginia"}, "game_id": "762836", "values": [{"date": "2024-06-05-03-00-00", "latency": 74}, {"date": "2024-06-05-03-00-00", "latency": 74}, {"date": "2024-06-05-03-00-00", "latency": 74}, {"date": "2024-06-05-03-00-00", "latency": 74}, {"date": "2024-06-05-03-00-00", "latency": 74}, {"date": "2024-06-05-03-00-00", "latency": 74}, {"date": "2024-06-05-03-00-00", "latency": 74}, {"date": "2024-06-05-03-00-00", "latency": 74}, {"date": "2024-06-05-03-00-00", "latency": 74}, {"date": "2024-06-05-03-00-00", "latency": 74}, {"date": "2024-06-05-03-00-00", "latency": 74}, {"date": "2024-06-05-03-00-00", "latency": 74}, {"date": "2024-06-05-03-00-00", "latency": 74}, {"date": "2024-06-05-03-00-00", "latency": 74}, {"date": "2024-06-05-03-00-00", "latency": 74}, {"date": "2024-06-05-03-00-00", "latency": 74}, {"date": "2024-06-05-03-00-00", "latency": 74}, {"date": "2024-06-05-03-00-00", "latency": 74}, {"date": "2024-06-05-03-00-00", "latency": 74}, {"date": "2024-06-05-03-00-00", "latency": 74}, {"date": "2024-06-05-03-00-00", "latency": 74}, {"date": "2024-06-05-03-00-00", "latency": 74}]}, {"location": {"country_code": "kw"}, "game_id": "762836", "values": [{"date": "2024-06-05-18-00-00", "latency": 62}]}, {"location": {"country_code": "fr", "region": "Ile-de-France Region", "city": "Nemours"}, "game_id": "762836", "values": [{"date": "2024-06-06-00-00-00", "latency": 38}, {"date": "2024-06-06-00-00-00", "latency": 38}]}, {"location": {"country_code": "fr", "region": "Borgogna-Franca Contea", "city": "Belfort"}, "game_id": "762836", "values": [{"date": "2024-06-05-10-00-00", "latency": 64}, {"date": "2024-06-05-10-00-00", "latency": 64}, {"date": "2024-06-05-10-00-00", "latency": 64}, {"date": "2024-06-05-10-00-00", "latency": 64}]}, {"location": {"country_code": "lt"}, "game_id": "762836", "values": [{"date": "2024-06-05-17-00-00", "latency": 50}, {"date": "2024-06-05-17-00-00", "latency": 50}]}, {"location": {"country_code": "de", "region": "Bavaria", "city": "Munich"}, "game_id": "762836", "values": [{"date": "2024-06-05-21-00-00", "latency": 52}, {"date": "2024-06-05-21-00-00", "latency": 52}, {"date": "2024-06-05-21-00-00", "latency": 52}]}, {"location": {"country_code": "es", "region": "Andalusia"}, "game_id": "762836", "values": [{"date": "2024-06-05-20-00-00", "latency": 71}]}, {"location": {"country_code": "us", "region": "Louisiana"}, "game_id": "762836", "values": [{"date": "2024-06-05-05-00-00", "latency": 81}, {"date": "2024-06-05-05-00-00", "latency": 81}]}, {"location": {"country_code": "us", "region": "New York", "city": "Buffalo"}, "game_id": "762836", "values": [{"date": "2024-06-05-07-00-00", "latency": 84}, {"date": "2024-06-05-07-00-00", "latency": 84}, {"date": "2024-06-05-07-00-00", "latency": 84}]}, {"location": {"country_code": "br", "region": "Amazonas", "city": "Manaus"}, "game_id": "762836", "values": [{"date": "2024-06-05-02-00-00", "latency": 108}]}, {"location": {"country_code": "ch", "region": "Canton of Geneva", "city": "Geneva"}, "game_id": "762836", "values": [{"date": "2024-06-05-22-00-00", "latency": 55}, {"date": "2024-06-05-22-00-00", "latency": 55}, {"date": "2024-06-05-22-00-00", "latency": 55}]}, {"location": {"country_code": "us", "region": "Alaska", "city": "Anchorage"}, "game_id": "762836", "values": [{"date": "2024-06-05-10-00-00", "latency": 73}, {"date": "2024-06-05-10-00-00", "latency": 73}, {"date": "2024-06-05-10-00-00", "latency": 73}, {"date": "2024-06-05-10-00-00", "latency": 73}, {"date": "2024-06-05-10-00-00", "latency": 73}]}, {"location": {"country_code": "il"}, "game_id": "762836", "values": [{"date": "2024-06-05-22-00-00", "latency": 95}, {"date": "2024-06-05-22-00-00", "latency": 95}, {"date": "2024-06-05-22-00-00", "latency": 95}, {"date": "2024-06-05-22-00-00", "latency": 95}, {"date": "2024-06-05-22-00-00", "latency": 95}, {"date": "2024-06-05-22-00-00", "latency": 95}, {"date": "2024-06-05-22-00-00", "latency": 95}, {"date": "2024-06-05-22-00-00", "latency": 95}, {"date": "2024-06-05-22-00-00", "latency": 95}, {"date": "2024-06-05-22-00-00", "latency": 95}, {"date": "2024-06-05-22-00-00", "latency": 95}, {"date": "2024-06-05-22-00-00", "latency": 95}, {"date": "2024-06-05-22-00-00", "latency": 95}]}, {"location": {"country_code": "mx", "region": "Michoacan", "city": "Morelia"}, "game_id": "762836", "values": [{"date": "2024-06-05-07-00-00", "latency": 93}, {"date": "2024-06-05-07-00-00", "latency": 93}, {"date": "2024-06-05-07-00-00", "latency": 93}, {"date": "2024-06-05-07-00-00", "latency": 93}, {"date": "2024-06-05-07-00-00", "latency": 93}]}, {"location": {"country_code": "fr", "region": "Alvernia-Rodano-Alpi", "city": "Vaulx-en-Velin"}, "game_id": "762836", "values": [{"date": "2024-06-05-23-00-00", "latency": 75}, {"date": "2024-06-05-23-00-00", "latency": 75}, {"date": "2024-06-05-23-00-00", "latency": 75}, {"date": "2024-06-05-23-00-00", "latency": 75}]}, {"location": {"country_code": "us", "region": "Iowa", "city": "Cedar Rapids"}, "game_id": "762836", "values": [{"date": "2024-06-05-06-00-00", "latency": 68}, {"date": "2024-06-05-06-00-00", "latency": 68}, {"date": "2024-06-05-06-00-00", "latency": 68}, {"date": "2024-06-05-06-00-00", "latency": 68}]}, {"location": {"country_code": "br", "region": "Paraiba"}, "game_id": "762836", "values": [{"date": "2024-06-05-20-00-00", "latency": 53}, {"date": "2024-06-05-20-00-00", "latency": 53}, {"date": "2024-06-05-20-00-00", "latency": 53}, {"date": "2024-06-05-20-00-00", "latency": 53}, {"date": "2024-06-05-20-00-00", "latency": 53}]}, {"location": {"country_code": "it", "region": "Sicily", "city": "Catania"}, "game_id": "762836", "values": [{"date": "2024-06-06-00-00-00", "latency": 42}, {"date": "2024-06-06-00-00-00", "latency": 42}, {"date": "2024-06-06-00-00-00", "latency": 42}, {"date": "2024-06-06-00-00-00", "latency": 42}, {"date": "2024-06-06-00-00-00", "latency": 42}, {"date": "2024-06-06-00-00-00", "latency": 42}, {"date": "2024-06-06-00-00-00", "latency": 42}, {"date": "2024-06-06-00-00-00", "latency": 42}, {"date": "2024-06-06-00-00-00", "latency": 42}, {"date": "2024-06-06-00-00-00", "latency": 42}, {"date": "2024-06-06-00-00-00", "latency": 42}, {"date": "2024-06-06-00-00-00", "latency": 42}, {"date": "2024-06-06-00-00-00", "latency": 42}, {"date": "2024-06-06-00-00-00", "latency": 42}, {"date": "2024-06-06-00-00-00", "latency": 42}, {"date": "2024-06-06-00-00-00", "latency": 42}, {"date": "2024-06-06-00-00-00", "latency": 42}, {"date": "2024-06-06-00-00-00", "latency": 42}, {"date": "2024-06-06-00-00-00", "latency": 42}, {"date": "2024-06-06-00-00-00", "latency": 42}]}], "last_updated": 1719927599.10678}