{"data": [{"location": {"country_code": "us"}, "game_id": "452439", "values": [{"date": "2024-04-26-03-00-00", "latency": 84}, {"date": "2024-04-27-01-00-00", "latency": 65}]}, {"location": {"country_code": "de", "region": "Berlin", "city": "Berlin"}, "game_id": "452439", "values": [{"date": "2024-04-26-19-00-00", "latency": 53}]}, {"location": {"country_code": "nl"}, "game_id": "452439", "values": [{"date": "2024-04-26-05-00-00", "latency": 47}]}, {"location": {"country_code": "ca"}, "game_id": "452439", "values": [{"date": "2024-04-26-07-00-00", "latency": 91}, {"date": "2024-04-26-07-00-00", "latency": 91}, {"date": "2024-04-26-02-00-00", "latency": 108}, {"date": "2024-04-26-02-00-00", "latency": 108}, {"date": "2024-04-26-02-00-00", "latency": 108}]}, {"location": {"country_code": "de"}, "game_id": "452439", "values": [{"date": "2024-04-26-20-00-00", "latency": 80}, {"date": "2024-04-26-21-00-00", "latency": 54}]}, {"location": {"country_code": "de", "region": "North Rhine-Westphalia"}, "game_id": "452439", "values": [{"date": "2024-04-26-17-00-00", "latency": 30}]}, {"location": {"country_code": "gb", "region": "Scotland"}, "game_id": "452439", "values": [{"date": "2024-04-26-22-00-00", "latency": 97}, {"date": "2024-04-26-22-00-00", "latency": 97}, {"date": "2024-04-26-22-00-00", "latency": 97}, {"date": "2024-04-26-22-00-00", "latency": 97}]}, {"location": {"country_code": "cl"}, "game_id": "452439", "values": [{"date": "2024-04-26-07-00-00", "latency": 152}]}, {"location": {"country_code": "us", "region": "Texas"}, "game_id": "452439", "values": [{"date": "2024-04-26-07-00-00", "latency": 79}, {"date": "2024-04-27-02-00-00", "latency": 75}]}, {"location": {"country_code": "us", "region": "Florida"}, "game_id": "452439", "values": [{"date": "2024-04-26-04-00-00", "latency": 190}]}, {"location": {"country_code": "fr"}, "game_id": "452439", "values": [{"date": "2024-04-26-19-00-00", "latency": 107}, {"date": "2024-04-26-19-00-00", "latency": 107}, {"date": "2024-04-26-19-00-00", "latency": 107}, {"date": "2024-04-26-19-00-00", "latency": 107}, {"date": "2024-04-26-19-00-00", "latency": 107}]}, {"location": {"country_code": "br"}, "game_id": "452439", "values": [{"date": "2024-04-26-21-00-00", "latency": 133}]}, {"location": {"country_code": "au"}, "game_id": "452439", "values": [{"date": "2024-04-26-11-00-00", "latency": 167}, {"date": "2024-04-26-11-00-00", "latency": 167}, {"date": "2024-04-26-11-00-00", "latency": 167}]}, {"location": {"country_code": "dk"}, "game_id": "452439", "values": [{"date": "2024-04-26-22-00-00", "latency": 117}]}, {"location": {"country_code": "de", "region": "Mecklenburg-Vorpommern"}, "game_id": "452439", "values": [{"date": "2024-04-26-02-00-00", "latency": 42}]}, {"location": {"country_code": "kr"}, "game_id": "452439", "values": [{"date": "2024-04-27-01-00-00", "latency": 55}]}, {"location": {"country_code": "ca", "region": "Alberta"}, "game_id": "452439", "values": [{"date": "2024-04-27-02-00-00", "latency": 38}, {"date": "2024-04-27-02-00-00", "latency": 38}]}, {"location": {"country_code": "de", "region": "Free and Hanseatic City of Hamburg", "city": "Hamburg"}, "game_id": "452439", "values": [{"date": "2024-04-27-00-00-00", "latency": 84}]}, {"location": {"country_code": "ar", "region": "Buenos Aires F.D.", "city": "Bahia Blanca"}, "game_id": "452439", "values": [{"date": "2024-04-26-06-00-00", "latency": 47}]}, {"location": {"country_code": "de", "region": "Bavaria"}, "game_id": "452439", "values": [{"date": "2024-04-26-20-00-00", "latency": 50}, {"date": "2024-04-26-20-00-00", "latency": 50}, {"date": "2024-04-26-20-00-00", "latency": 50}, {"date": "2024-04-26-20-00-00", "latency": 50}]}, {"location": {"country_code": "us", "region": "Wisconsin"}, "game_id": "452439", "values": [{"date": "2024-04-26-04-00-00", "latency": 63}]}, {"location": {"country_code": "sk"}, "game_id": "452439", "values": [{"date": "2024-04-26-23-00-00", "latency": 216}]}, {"location": {"country_code": "us", "region": "Colorado"}, "game_id": "452439", "values": [{"date": "2024-04-26-04-00-00", "latency": 84}, {"date": "2024-04-26-04-00-00", "latency": 84}, {"date": "2024-04-26-04-00-00", "latency": 84}]}, {"location": {"country_code": "us", "region": "New Hampshire"}, "game_id": "452439", "values": [{"date": "2024-04-27-02-00-00", "latency": 86}, {"date": "2024-04-27-02-00-00", "latency": 86}, {"date": "2024-04-27-02-00-00", "latency": 86}]}, {"location": {"country_code": "us", "region": "Arizona", "city": "Phoenix"}, "game_id": "452439", "values": [{"date": "2024-04-26-12-00-00", "latency": 139}, {"date": "2024-04-26-12-00-00", "latency": 139}, {"date": "2024-04-26-12-00-00", "latency": 139}]}, {"location": {"country_code": "au", "region": "Queensland", "city": "Brisbane"}, "game_id": "452439", "values": [{"date": "2024-04-26-11-00-00", "latency": 171}, {"date": "2024-04-26-11-00-00", "latency": 171}, {"date": "2024-04-26-11-00-00", "latency": 171}, {"date": "2024-04-26-11-00-00", "latency": 171}, {"date": "2024-04-26-11-00-00", "latency": 171}]}, {"location": {"country_code": "de", "region": "Lower Saxony"}, "game_id": "452439", "values": [{"date": "2024-04-26-14-00-00", "latency": 75}, {"date": "2024-04-26-14-00-00", "latency": 75}, {"date": "2024-04-26-14-00-00", "latency": 75}, {"date": "2024-04-26-14-00-00", "latency": 75}, {"date": "2024-04-26-14-00-00", "latency": 75}, {"date": "2024-04-26-14-00-00", "latency": 75}, {"date": "2024-04-26-14-00-00", "latency": 75}, {"date": "2024-04-26-18-00-00", "latency": 47}]}, {"location": {"country_code": "us", "region": "Oregon"}, "game_id": "452439", "values": [{"date": "2024-04-26-07-00-00", "latency": 108}, {"date": "2024-04-26-07-00-00", "latency": 108}, {"date": "2024-04-26-07-00-00", "latency": 108}, {"date": "2024-04-26-07-00-00", "latency": 108}, {"date": "2024-04-26-07-00-00", "latency": 108}, {"date": "2024-04-26-07-00-00", "latency": 108}, {"date": "2024-04-26-07-00-00", "latency": 108}, {"date": "2024-04-26-07-00-00", "latency": 108}, {"date": "2024-04-27-02-00-00", "latency": 83}, {"date": "2024-04-27-02-00-00", "latency": 83}]}, {"location": {"country_code": "ar", "region": "Mendoza Province", "city": "Mendoza"}, "game_id": "452439", "values": [{"date": "2024-04-26-07-00-00", "latency": 162}]}, {"location": {"country_code": "ma"}, "game_id": "452439", "values": [{"date": "2024-04-26-21-00-00", "latency": 50}]}, {"location": {"country_code": "de", "region": "Bavaria", "city": "Wurzburg"}, "game_id": "452439", "values": [{"date": "2024-04-27-01-00-00", "latency": 49}, {"date": "2024-04-27-01-00-00", "latency": 49}, {"date": "2024-04-27-01-00-00", "latency": 49}, {"date": "2024-04-27-01-00-00", "latency": 49}, {"date": "2024-04-27-01-00-00", "latency": 49}, {"date": "2024-04-27-01-00-00", "latency": 49}]}], "last_updated": 1719927577.297121}