{"data": [{"location": {"country_code": "si"}, "game_id": "747108", "values": [{"date": "2023-01-03-01-00-00", "latency": 47}, {"date": "2023-01-03-01-00-00", "latency": 47}, {"date": "2023-01-03-01-00-00", "latency": 47}, {"date": "2023-01-03-01-00-00", "latency": 47}]}, {"location": {"country_code": "us"}, "game_id": "747108", "values": [{"date": "2023-01-03-09-00-00", "latency": 32}, {"date": "2023-01-03-09-00-00", "latency": 32}, {"date": "2023-01-03-09-00-00", "latency": 32}, {"date": "2023-01-03-04-00-00", "latency": 125}, {"date": "2023-01-03-04-00-00", "latency": 125}, {"date": "2023-01-03-04-00-00", "latency": 125}, {"date": "2023-01-03-04-00-00", "latency": 125}, {"date": "2023-01-03-04-00-00", "latency": 125}]}, {"location": {"country_code": "se"}, "game_id": "747108", "values": [{"date": "2023-01-03-06-00-00", "latency": 702}, {"date": "2023-01-03-06-00-00", "latency": 702}]}, {"location": {"country_code": "pa"}, "game_id": "747108", "values": [{"date": "2023-01-04-01-00-00", "latency": 94}, {"date": "2023-01-04-01-00-00", "latency": 94}, {"date": "2023-01-04-01-00-00", "latency": 94}, {"date": "2023-01-04-01-00-00", "latency": 94}, {"date": "2023-01-04-01-00-00", "latency": 94}, {"date": "2023-01-04-01-00-00", "latency": 94}, {"date": "2023-01-04-01-00-00", "latency": 94}, {"date": "2023-01-04-01-00-00", "latency": 94}, {"date": "2023-01-04-01-00-00", "latency": 94}, {"date": "2023-01-04-01-00-00", "latency": 94}]}, {"location": {"country_code": "ro"}, "game_id": "747108", "values": [{"date": "2023-01-03-19-00-00", "latency": 47}, {"date": "2023-01-03-19-00-00", "latency": 47}]}, {"location": {"country_code": "jp"}, "game_id": "747108", "values": [{"date": "2023-01-03-15-00-00", "latency": 32}, {"date": "2023-01-03-15-00-00", "latency": 32}, {"date": "2023-01-03-15-00-00", "latency": 32}, {"date": "2023-01-03-22-00-00", "latency": 31}, {"date": "2023-01-03-22-00-00", "latency": 31}, {"date": "2023-01-03-22-00-00", "latency": 31}, {"date": "2023-01-03-22-00-00", "latency": 31}, {"date": "2023-01-03-22-00-00", "latency": 31}]}, {"location": {"country_code": "ca"}, "game_id": "747108", "values": [{"date": "2023-01-03-15-00-00", "latency": 47}, {"date": "2023-01-03-17-00-00", "latency": 63}, {"date": "2023-01-03-17-00-00", "latency": 63}, {"date": "2023-01-03-17-00-00", "latency": 63}, {"date": "2023-01-03-17-00-00", "latency": 63}, {"date": "2023-01-03-17-00-00", "latency": 63}, {"date": "2023-01-03-17-00-00", "latency": 63}]}, {"location": {"country_code": "us", "region": "Florida"}, "game_id": "747108", "values": [{"date": "2023-01-04-00-00-00", "latency": 47}, {"date": "2023-01-04-00-00-00", "latency": 47}, {"date": "2023-01-04-00-00-00", "latency": 47}, {"date": "2023-01-04-00-00-00", "latency": 47}, {"date": "2023-01-04-00-00-00", "latency": 47}, {"date": "2023-01-04-00-00-00", "latency": 47}, {"date": "2023-01-04-00-00-00", "latency": 47}, {"date": "2023-01-04-00-00-00", "latency": 47}, {"date": "2023-01-04-00-00-00", "latency": 47}, {"date": "2023-01-04-00-00-00", "latency": 47}, {"date": "2023-01-04-00-00-00", "latency": 47}, {"date": "2023-01-04-00-00-00", "latency": 47}]}, {"location": {"country_code": "fr"}, "game_id": "747108", "values": [{"date": "2023-01-03-20-00-00", "latency": 32}, {"date": "2023-01-03-20-00-00", "latency": 32}, {"date": "2023-01-03-20-00-00", "latency": 32}, {"date": "2023-01-03-20-00-00", "latency": 32}, {"date": "2023-01-03-20-00-00", "latency": 32}, {"date": "2023-01-03-20-00-00", "latency": 32}, {"date": "2023-01-03-20-00-00", "latency": 32}, {"date": "2023-01-03-20-00-00", "latency": 32}, {"date": "2023-01-04-00-00-00", "latency": 31}, {"date": "2023-01-04-00-00-00", "latency": 31}, {"date": "2023-01-04-00-00-00", "latency": 31}, {"date": "2023-01-04-00-00-00", "latency": 31}]}, {"location": {"country_code": "br"}, "game_id": "747108", "values": [{"date": "2023-01-03-16-00-00", "latency": 47}, {"date": "2023-01-03-16-00-00", "latency": 47}, {"date": "2023-01-03-16-00-00", "latency": 47}, {"date": "2023-01-03-16-00-00", "latency": 47}, {"date": "2023-01-03-14-00-00", "latency": 32}, {"date": "2023-01-03-14-00-00", "latency": 32}, {"date": "2023-01-03-14-00-00", "latency": 32}, {"date": "2023-01-03-23-00-00", "latency": 63}, {"date": "2023-01-03-03-00-00", "latency": 312}, {"date": "2023-01-03-03-00-00", "latency": 312}, {"date": "2023-01-03-04-00-00", "latency": 32}, {"date": "2023-01-03-04-00-00", "latency": 32}]}, {"location": {"country_code": "br", "region": "Sao Paulo", "city": "Apiai"}, "game_id": "747108", "values": [{"date": "2023-01-03-04-00-00", "latency": 31}, {"date": "2023-01-03-04-00-00", "latency": 31}, {"date": "2023-01-03-04-00-00", "latency": 31}, {"date": "2023-01-03-04-00-00", "latency": 31}, {"date": "2023-01-03-04-00-00", "latency": 31}]}, {"location": {"country_code": "us", "region": "Maryland", "city": "Dundalk"}, "game_id": "747108", "values": [{"date": "2023-01-03-15-00-00", "latency": 32}, {"date": "2023-01-03-15-00-00", "latency": 32}, {"date": "2023-01-03-15-00-00", "latency": 32}, {"date": "2023-01-03-15-00-00", "latency": 32}, {"date": "2023-01-03-15-00-00", "latency": 32}, {"date": "2023-01-03-15-00-00", "latency": 32}, {"date": "2023-01-03-15-00-00", "latency": 32}, {"date": "2023-01-03-15-00-00", "latency": 32}]}, {"location": {"country_code": "us", "region": "Texas", "city": "Austin"}, "game_id": "747108", "values": [{"date": "2023-01-04-01-00-00", "latency": 63}, {"date": "2023-01-04-01-00-00", "latency": 63}, {"date": "2023-01-04-01-00-00", "latency": 63}, {"date": "2023-01-04-01-00-00", "latency": 63}, {"date": "2023-01-04-01-00-00", "latency": 63}, {"date": "2023-01-04-01-00-00", "latency": 63}, {"date": "2023-01-04-01-00-00", "latency": 63}]}, {"location": {"country_code": "tr"}, "game_id": "747108", "values": [{"date": "2023-01-03-17-00-00", "latency": 78}, {"date": "2023-01-03-17-00-00", "latency": 78}, {"date": "2023-01-03-17-00-00", "latency": 78}, {"date": "2023-01-03-17-00-00", "latency": 78}, {"date": "2023-01-03-17-00-00", "latency": 78}, {"date": "2023-01-03-17-00-00", "latency": 78}, {"date": "2023-01-03-17-00-00", "latency": 78}, {"date": "2023-01-03-17-00-00", "latency": 78}, {"date": "2023-01-03-17-00-00", "latency": 78}, {"date": "2023-01-03-17-00-00", "latency": 78}]}, {"location": {"country_code": "ar"}, "game_id": "747108", "values": [{"date": "2023-01-03-02-00-00", "latency": 63}, {"date": "2023-01-03-02-00-00", "latency": 63}, {"date": "2023-01-03-02-00-00", "latency": 63}]}, {"location": {"country_code": "fi"}, "game_id": "747108", "values": [{"date": "2023-01-04-00-00-00", "latency": 63}]}, {"location": {"country_code": "co"}, "game_id": "747108", "values": [{"date": "2023-01-03-02-00-00", "latency": 78}, {"date": "2023-01-03-02-00-00", "latency": 78}]}, {"location": {"country_code": "cn"}, "game_id": "747108", "values": [{"date": "2023-01-03-21-00-00", "latency": 47}, {"date": "2023-01-03-21-00-00", "latency": 47}, {"date": "2023-01-03-21-00-00", "latency": 47}, {"date": "2023-01-03-21-00-00", "latency": 47}, {"date": "2023-01-03-21-00-00", "latency": 47}, {"date": "2023-01-03-21-00-00", "latency": 47}]}, {"location": {"country_code": "es", "region": "Catalonia", "city": "l'Hospitalet de Llobregat"}, "game_id": "747108", "values": [{"date": "2023-01-03-21-00-00", "latency": 62}]}, {"location": {"country_code": "pl"}, "game_id": "747108", "values": [{"date": "2023-01-04-00-00-00", "latency": 94}]}, {"location": {"country_code": "ua"}, "game_id": "747108", "values": [{"date": "2023-01-04-00-00-00", "latency": 31}, {"date": "2023-01-04-00-00-00", "latency": 31}, {"date": "2023-01-04-00-00-00", "latency": 31}, {"date": "2023-01-04-00-00-00", "latency": 31}, {"date": "2023-01-04-00-00-00", "latency": 31}, {"date": "2023-01-04-00-00-00", "latency": 31}, {"date": "2023-01-04-00-00-00", "latency": 31}, {"date": "2023-01-04-00-00-00", "latency": 31}, {"date": "2023-01-04-00-00-00", "latency": 31}, {"date": "2023-01-04-00-00-00", "latency": 31}, {"date": "2023-01-04-00-00-00", "latency": 31}, {"date": "2023-01-04-00-00-00", "latency": 31}, {"date": "2023-01-04-00-00-00", "latency": 31}, {"date": "2023-01-04-00-00-00", "latency": 31}]}, {"location": {"country_code": "co", "region": "El Valle", "city": "Cali"}, "game_id": "747108", "values": [{"date": "2023-01-03-07-00-00", "latency": 62}, {"date": "2023-01-03-07-00-00", "latency": 62}]}, {"location": {"country_code": "pt"}, "game_id": "747108", "values": [{"date": "2023-01-03-01-00-00", "latency": 63}]}, {"location": {"country_code": "kw"}, "game_id": "747108", "values": [{"date": "2023-01-03-18-00-00", "latency": 301}]}, {"location": {"country_code": "hr"}, "game_id": "747108", "values": [{"date": "2023-01-03-23-00-00", "latency": 63}, {"date": "2023-01-03-23-00-00", "latency": 63}, {"date": "2023-01-03-23-00-00", "latency": 63}, {"date": "2023-01-03-23-00-00", "latency": 63}, {"date": "2023-01-03-23-00-00", "latency": 63}, {"date": "2023-01-03-23-00-00", "latency": 63}]}, {"location": {"country_code": "mx", "region": "Sonora"}, "game_id": "747108", "values": [{"date": "2023-01-03-11-00-00", "latency": 78}, {"date": "2023-01-03-11-00-00", "latency": 78}]}, {"location": {"country_code": "bg"}, "game_id": "747108", "values": [{"date": "2023-01-03-22-00-00", "latency": 62}, {"date": "2023-01-03-22-00-00", "latency": 62}, {"date": "2023-01-03-22-00-00", "latency": 62}, {"date": "2023-01-03-22-00-00", "latency": 62}, {"date": "2023-01-03-22-00-00", "latency": 62}]}, {"location": {"country_code": "de", "region": "North Rhine-Westphalia"}, "game_id": "747108", "values": [{"date": "2023-01-03-07-00-00", "latency": 31}, {"date": "2023-01-03-07-00-00", "latency": 31}, {"date": "2023-01-03-07-00-00", "latency": 31}, {"date": "2023-01-03-07-00-00", "latency": 31}, {"date": "2023-01-03-07-00-00", "latency": 31}, {"date": "2023-01-03-07-00-00", "latency": 31}, {"date": "2023-01-03-16-00-00", "latency": 31}, {"date": "2023-01-03-16-00-00", "latency": 31}, {"date": "2023-01-03-16-00-00", "latency": 31}]}, {"location": {"country_code": "gb", "region": "England", "city": "Bristol"}, "game_id": "747108", "values": [{"date": "2023-01-03-01-00-00", "latency": 110}]}, {"location": {"country_code": "es", "region": "Valencia", "city": "Orihuela"}, "game_id": "747108", "values": [{"date": "2023-01-03-22-00-00", "latency": 63}, {"date": "2023-01-03-22-00-00", "latency": 63}, {"date": "2023-01-03-22-00-00", "latency": 63}]}, {"location": {"country_code": "fr", "region": "Nord-Passo di Calais-Piccardia"}, "game_id": "747108", "values": [{"date": "2023-01-03-04-00-00", "latency": 32}, {"date": "2023-01-03-04-00-00", "latency": 32}, {"date": "2023-01-03-04-00-00", "latency": 32}, {"date": "2023-01-03-04-00-00", "latency": 32}]}, {"location": {"country_code": "es", "region": "Valencia", "city": "Gandia"}, "game_id": "747108", "values": [{"date": "2023-01-03-18-00-00", "latency": 63}]}, {"location": {"country_code": "br", "region": "Parana", "city": "Barracao"}, "game_id": "747108", "values": [{"date": "2023-01-04-00-00-00", "latency": 32}, {"date": "2023-01-04-00-00-00", "latency": 32}]}, {"location": {"country_code": "es", "region": "Canary Islands", "city": "San Cristobal de La Laguna"}, "game_id": "747108", "values": [{"date": "2023-01-03-19-00-00", "latency": 78}, {"date": "2023-01-03-19-00-00", "latency": 78}]}], "last_updated": 1719927589.080026}