{"data": [{"location": {"country_code": "nl"}, "game_id": "742409", "values": [{"date": "2024-01-16-17-00-00", "latency": 43}]}, {"location": {"country_code": "cz"}, "game_id": "742409", "values": [{"date": "2024-01-16-11-00-00", "latency": 81}, {"date": "2024-01-16-11-00-00", "latency": 81}]}, {"location": {"country_code": "ro"}, "game_id": "742409", "values": [{"date": "2024-01-16-13-00-00", "latency": 96}, {"date": "2024-01-16-13-00-00", "latency": 96}]}, {"location": {"country_code": "jp"}, "game_id": "742409", "values": [{"date": "2024-01-16-16-00-00", "latency": 160}, {"date": "2024-01-16-17-00-00", "latency": 64}]}, {"location": {"country_code": "tw"}, "game_id": "742409", "values": [{"date": "2024-01-16-17-00-00", "latency": 72}, {"date": "2024-01-16-17-00-00", "latency": 72}, {"date": "2024-01-16-17-00-00", "latency": 72}, {"date": "2024-01-16-17-00-00", "latency": 72}, {"date": "2024-01-16-17-00-00", "latency": 72}, {"date": "2024-01-16-17-00-00", "latency": 72}]}, {"location": {"country_code": "us", "region": "Florida"}, "game_id": "742409", "values": [{"date": "2024-01-16-18-00-00", "latency": 58}, {"date": "2024-01-16-18-00-00", "latency": 58}]}, {"location": {"country_code": "br"}, "game_id": "742409", "values": [{"date": "2024-01-16-23-00-00", "latency": 77}, {"date": "2024-01-16-23-00-00", "latency": 77}]}, {"location": {"country_code": "pl"}, "game_id": "742409", "values": [{"date": "2024-01-16-21-00-00", "latency": 60}, {"date": "2024-01-16-21-00-00", "latency": 62}]}, {"location": {"country_code": "ua"}, "game_id": "742409", "values": [{"date": "2024-01-16-22-00-00", "latency": 95}, {"date": "2024-01-16-22-00-00", "latency": 95}, {"date": "2024-01-16-21-00-00", "latency": 80}, {"date": "2024-01-16-21-00-00", "latency": 80}, {"date": "2024-01-16-21-00-00", "latency": 80}, {"date": "2024-01-16-21-00-00", "latency": 80}, {"date": "2024-01-16-21-00-00", "latency": 80}]}, {"location": {"country_code": "us", "region": "Pennsylvania"}, "game_id": "742409", "values": [{"date": "2024-01-16-01-00-00", "latency": 56}, {"date": "2024-01-16-01-00-00", "latency": 56}, {"date": "2024-01-16-01-00-00", "latency": 56}, {"date": "2024-01-16-01-00-00", "latency": 56}, {"date": "2024-01-16-01-00-00", "latency": 56}, {"date": "2024-01-16-01-00-00", "latency": 56}, {"date": "2024-01-16-01-00-00", "latency": 56}, {"date": "2024-01-16-01-00-00", "latency": 56}, {"date": "2024-01-16-01-00-00", "latency": 56}]}, {"location": {"country_code": "us", "region": "Nebraska"}, "game_id": "742409", "values": [{"date": "2024-01-16-03-00-00", "latency": 79}]}, {"location": {"country_code": "hr"}, "game_id": "742409", "values": [{"date": "2024-01-16-22-00-00", "latency": 56}, {"date": "2024-01-16-22-00-00", "latency": 56}]}, {"location": {"country_code": "de", "region": "Saxony-Anhalt"}, "game_id": "742409", "values": [{"date": "2024-01-16-17-00-00", "latency": 47}, {"date": "2024-01-16-17-00-00", "latency": 47}]}, {"location": {"country_code": "jm", "region": "Kingston", "city": "Kingston"}, "game_id": "742409", "values": [{"date": "2024-01-16-09-00-00", "latency": 37}, {"date": "2024-01-16-09-00-00", "latency": 37}]}, {"location": {"country_code": "it", "region": "Lombardy"}, "game_id": "742409", "values": [{"date": "2024-01-16-22-00-00", "latency": 93}, {"date": "2024-01-16-22-00-00", "latency": 93}, {"date": "2024-01-16-22-00-00", "latency": 93}, {"date": "2024-01-16-22-00-00", "latency": 93}]}, {"location": {"country_code": "tr", "region": "Ege Bolgesi", "city": "Aydin"}, "game_id": "742409", "values": [{"date": "2024-01-16-21-00-00", "latency": 84}]}, {"location": {"country_code": "se", "region": "Uppsala County", "city": "Uppsala"}, "game_id": "742409", "values": [{"date": "2024-01-16-21-00-00", "latency": 62}]}], "last_updated": 1719927583.767114}