{"data": [{"location": {"country_code": "us"}, "game_id": "747108", "values": [{"date": "2023-10-22-15-00-00", "latency": 16}, {"date": "2023-10-22-15-00-00", "latency": 16}, {"date": "2023-10-22-15-00-00", "latency": 16}, {"date": "2023-10-22-15-00-00", "latency": 16}, {"date": "2023-10-22-15-00-00", "latency": 16}, {"date": "2023-10-22-15-00-00", "latency": 16}, {"date": "2023-10-22-15-00-00", "latency": 16}, {"date": "2023-10-22-15-00-00", "latency": 16}, {"date": "2023-10-22-15-00-00", "latency": 16}, {"date": "2023-10-22-15-00-00", "latency": 16}, {"date": "2023-10-22-15-00-00", "latency": 16}, {"date": "2023-10-22-15-00-00", "latency": 16}, {"date": "2023-10-22-15-00-00", "latency": 16}, {"date": "2023-10-22-15-00-00", "latency": 16}, {"date": "2023-10-22-15-00-00", "latency": 16}, {"date": "2023-10-22-15-00-00", "latency": 16}, {"date": "2023-10-22-15-00-00", "latency": 16}, {"date": "2023-10-22-15-00-00", "latency": 16}, {"date": "2023-10-22-15-00-00", "latency": 16}, {"date": "2023-10-22-15-00-00", "latency": 16}, {"date": "2023-10-22-15-00-00", "latency": 16}, {"date": "2023-10-22-15-00-00", "latency": 16}, {"date": "2023-10-22-15-00-00", "latency": 16}, {"date": "2023-10-22-15-00-00", "latency": 16}, {"date": "2023-10-22-15-00-00", "latency": 16}, {"date": "2023-10-22-15-00-00", "latency": 16}, {"date": "2023-10-22-15-00-00", "latency": 16}, {"date": "2023-10-22-15-00-00", "latency": 16}, {"date": "2023-10-22-15-00-00", "latency": 16}, {"date": "2023-10-22-15-00-00", "latency": 16}, {"date": "2023-10-22-15-00-00", "latency": 16}, {"date": "2023-10-22-15-00-00", "latency": 16}, {"date": "2023-10-22-15-00-00", "latency": 16}, {"date": "2023-10-22-15-00-00", "latency": 16}, {"date": "2023-10-22-03-00-00", "latency": 3}, {"date": "2023-10-22-07-00-00", "latency": 235}]}, {"location": {"country_code": "us", "region": "New York", "city": "Jamestown"}, "game_id": "747108", "values": [{"date": "2023-10-22-06-00-00", "latency": 16}, {"date": "2023-10-22-06-00-00", "latency": 16}, {"date": "2023-10-22-06-00-00", "latency": 16}]}, {"location": {"country_code": "pa"}, "game_id": "747108", "values": [{"date": "2023-10-22-03-00-00", "latency": 79}, {"date": "2023-10-22-03-00-00", "latency": 79}, {"date": "2023-10-22-03-00-00", "latency": 79}, {"date": "2023-10-22-03-00-00", "latency": 79}, {"date": "2023-10-22-03-00-00", "latency": 79}, {"date": "2023-10-22-03-00-00", "latency": 79}, {"date": "2023-10-22-03-00-00", "latency": 79}, {"date": "2023-10-22-03-00-00", "latency": 79}, {"date": "2023-10-22-03-00-00", "latency": 79}, {"date": "2023-10-22-03-00-00", "latency": 79}, {"date": "2023-10-22-03-00-00", "latency": 79}, {"date": "2023-10-22-03-00-00", "latency": 79}]}, {"location": {"country_code": "nl"}, "game_id": "747108", "values": [{"date": "2023-10-22-02-00-00", "latency": 15}, {"date": "2023-10-22-02-00-00", "latency": 15}, {"date": "2023-10-22-02-00-00", "latency": 15}, {"date": "2023-10-22-02-00-00", "latency": 15}, {"date": "2023-10-22-02-00-00", "latency": 15}, {"date": "2023-10-22-02-00-00", "latency": 15}, {"date": "2023-10-22-02-00-00", "latency": 15}, {"date": "2023-10-22-02-00-00", "latency": 15}, {"date": "2023-10-22-02-00-00", "latency": 15}, {"date": "2023-10-22-02-00-00", "latency": 15}, {"date": "2023-10-22-02-00-00", "latency": 15}, {"date": "2023-10-22-02-00-00", "latency": 15}, {"date": "2023-10-22-02-00-00", "latency": 15}, {"date": "2023-10-22-02-00-00", "latency": 15}, {"date": "2023-10-22-02-00-00", "latency": 15}, {"date": "2023-10-22-02-00-00", "latency": 15}, {"date": "2023-10-22-02-00-00", "latency": 15}, {"date": "2023-10-22-02-00-00", "latency": 15}, {"date": "2023-10-22-02-00-00", "latency": 15}, {"date": "2023-10-22-02-00-00", "latency": 15}, {"date": "2023-10-22-02-00-00", "latency": 15}, {"date": "2023-10-22-02-00-00", "latency": 15}, {"date": "2023-10-22-02-00-00", "latency": 15}]}, {"location": {"country_code": "ca"}, "game_id": "747108", "values": [{"date": "2023-10-22-08-00-00", "latency": 188}, {"date": "2023-10-22-08-00-00", "latency": 188}, {"date": "2023-10-22-08-00-00", "latency": 188}, {"date": "2023-10-22-08-00-00", "latency": 188}, {"date": "2023-10-22-08-00-00", "latency": 188}, {"date": "2023-10-22-08-00-00", "latency": 188}, {"date": "2023-10-22-08-00-00", "latency": 188}, {"date": "2023-10-22-08-00-00", "latency": 188}, {"date": "2023-10-22-08-00-00", "latency": 188}, {"date": "2023-10-22-08-00-00", "latency": 188}, {"date": "2023-10-22-08-00-00", "latency": 188}, {"date": "2023-10-22-06-00-00", "latency": 47}, {"date": "2023-10-22-06-00-00", "latency": 47}, {"date": "2023-10-22-06-00-00", "latency": 47}, {"date": "2023-10-22-06-00-00", "latency": 47}, {"date": "2023-10-22-06-00-00", "latency": 47}, {"date": "2023-10-22-06-00-00", "latency": 47}, {"date": "2023-10-22-06-00-00", "latency": 47}, {"date": "2023-10-22-06-00-00", "latency": 47}, {"date": "2023-10-22-06-00-00", "latency": 47}, {"date": "2023-10-22-06-00-00", "latency": 47}, {"date": "2023-10-22-06-00-00", "latency": 47}, {"date": "2023-10-22-06-00-00", "latency": 47}, {"date": "2023-10-22-06-00-00", "latency": 47}, {"date": "2023-10-22-06-00-00", "latency": 47}, {"date": "2023-10-22-06-00-00", "latency": 47}, {"date": "2023-10-22-06-00-00", "latency": 47}, {"date": "2023-10-22-06-00-00", "latency": 47}, {"date": "2023-10-22-06-00-00", "latency": 47}, {"date": "2023-10-22-06-00-00", "latency": 47}, {"date": "2023-10-22-06-00-00", "latency": 47}, {"date": "2023-10-22-06-00-00", "latency": 47}, {"date": "2023-10-22-06-00-00", "latency": 47}, {"date": "2023-10-22-06-00-00", "latency": 47}, {"date": "2023-10-22-06-00-00", "latency": 47}, {"date": "2023-10-22-06-00-00", "latency": 47}, {"date": "2023-10-22-06-00-00", "latency": 47}, {"date": "2023-10-22-06-00-00", "latency": 47}, {"date": "2023-10-22-06-00-00", "latency": 47}, {"date": "2023-10-22-06-00-00", "latency": 47}, {"date": "2023-10-22-06-00-00", "latency": 47}, {"date": "2023-10-22-06-00-00", "latency": 47}, {"date": "2023-10-22-06-00-00", "latency": 47}, {"date": "2023-10-22-06-00-00", "latency": 47}, {"date": "2023-10-22-06-00-00", "latency": 47}, {"date": "2023-10-22-06-00-00", "latency": 47}, {"date": "2023-10-22-06-00-00", "latency": 47}, {"date": "2023-10-22-06-00-00", "latency": 47}, {"date": "2023-10-22-06-00-00", "latency": 47}, {"date": "2023-10-22-06-00-00", "latency": 47}, {"date": "2023-10-22-06-00-00", "latency": 47}, {"date": "2023-10-22-06-00-00", "latency": 47}, {"date": "2023-10-22-06-00-00", "latency": 47}, {"date": "2023-10-22-06-00-00", "latency": 47}, {"date": "2023-10-22-06-00-00", "latency": 47}, {"date": "2023-10-22-06-00-00", "latency": 47}, {"date": "2023-10-22-06-00-00", "latency": 47}, {"date": "2023-10-22-06-00-00", "latency": 47}]}, {"location": {"country_code": "cl"}, "game_id": "747108", "values": [{"date": "2023-10-22-09-00-00", "latency": 47}, {"date": "2023-10-22-09-00-00", "latency": 47}, {"date": "2023-10-22-09-00-00", "latency": 47}, {"date": "2023-10-22-09-00-00", "latency": 47}, {"date": "2023-10-22-09-00-00", "latency": 47}, {"date": "2023-10-22-09-00-00", "latency": 47}, {"date": "2023-10-22-09-00-00", "latency": 47}, {"date": "2023-10-22-09-00-00", "latency": 47}, {"date": "2023-10-22-09-00-00", "latency": 47}, {"date": "2023-10-22-09-00-00", "latency": 47}, {"date": "2023-10-22-09-00-00", "latency": 47}, {"date": "2023-10-22-09-00-00", "latency": 47}, {"date": "2023-10-22-09-00-00", "latency": 47}, {"date": "2023-10-22-09-00-00", "latency": 47}, {"date": "2023-10-22-09-00-00", "latency": 47}, {"date": "2023-10-22-09-00-00", "latency": 47}, {"date": "2023-10-22-09-00-00", "latency": 47}, {"date": "2023-10-22-09-00-00", "latency": 47}, {"date": "2023-10-22-09-00-00", "latency": 47}, {"date": "2023-10-22-09-00-00", "latency": 47}, {"date": "2023-10-22-09-00-00", "latency": 47}, {"date": "2023-10-22-09-00-00", "latency": 47}, {"date": "2023-10-22-09-00-00", "latency": 47}, {"date": "2023-10-22-09-00-00", "latency": 47}, {"date": "2023-10-22-09-00-00", "latency": 47}, {"date": "2023-10-22-09-00-00", "latency": 47}, {"date": "2023-10-22-09-00-00", "latency": 47}, {"date": "2023-10-22-09-00-00", "latency": 47}, {"date": "2023-10-22-09-00-00", "latency": 47}, {"date": "2023-10-22-09-00-00", "latency": 47}, {"date": "2023-10-22-09-00-00", "latency": 47}, {"date": "2023-10-22-09-00-00", "latency": 47}]}, {"location": {"country_code": "ph"}, "game_id": "747108", "values": [{"date": "2023-10-22-19-00-00", "latency": 172}, {"date": "2023-10-22-19-00-00", "latency": 172}, {"date": "2023-10-22-19-00-00", "latency": 172}, {"date": "2023-10-22-19-00-00", "latency": 172}, {"date": "2023-10-22-19-00-00", "latency": 172}, {"date": "2023-10-22-19-00-00", "latency": 172}, {"date": "2023-10-22-19-00-00", "latency": 172}, {"date": "2023-10-22-19-00-00", "latency": 172}, {"date": "2023-10-22-19-00-00", "latency": 172}]}, {"location": {"country_code": "mx"}, "game_id": "747108", "values": [{"date": "2023-10-22-03-00-00", "latency": 78}, {"date": "2023-10-22-03-00-00", "latency": 78}, {"date": "2023-10-22-03-00-00", "latency": 78}, {"date": "2023-10-22-03-00-00", "latency": 78}, {"date": "2023-10-22-03-00-00", "latency": 78}, {"date": "2023-10-22-03-00-00", "latency": 78}, {"date": "2023-10-22-03-00-00", "latency": 78}, {"date": "2023-10-22-03-00-00", "latency": 78}, {"date": "2023-10-22-03-00-00", "latency": 78}, {"date": "2023-10-22-03-00-00", "latency": 78}, {"date": "2023-10-22-03-00-00", "latency": 78}, {"date": "2023-10-22-03-00-00", "latency": 78}, {"date": "2023-10-22-03-00-00", "latency": 78}, {"date": "2023-10-22-03-00-00", "latency": 78}, {"date": "2023-10-22-03-00-00", "latency": 78}, {"date": "2023-10-22-03-00-00", "latency": 78}, {"date": "2023-10-22-03-00-00", "latency": 78}, {"date": "2023-10-22-03-00-00", "latency": 78}, {"date": "2023-10-22-03-00-00", "latency": 78}, {"date": "2023-10-22-03-00-00", "latency": 78}, {"date": "2023-10-22-03-00-00", "latency": 78}, {"date": "2023-10-22-03-00-00", "latency": 78}, {"date": "2023-10-22-03-00-00", "latency": 78}, {"date": "2023-10-22-03-00-00", "latency": 78}, {"date": "2023-10-22-03-00-00", "latency": 78}, {"date": "2023-10-22-03-00-00", "latency": 78}, {"date": "2023-10-22-03-00-00", "latency": 78}, {"date": "2023-10-22-03-00-00", "latency": 78}, {"date": "2023-10-22-03-00-00", "latency": 78}, {"date": "2023-10-22-03-00-00", "latency": 78}, {"date": "2023-10-22-03-00-00", "latency": 78}, {"date": "2023-10-22-03-00-00", "latency": 78}, {"date": "2023-10-22-03-00-00", "latency": 78}, {"date": "2023-10-22-03-00-00", "latency": 78}, {"date": "2023-10-22-03-00-00", "latency": 78}, {"date": "2023-10-22-03-00-00", "latency": 78}, {"date": "2023-10-22-03-00-00", "latency": 78}, {"date": "2023-10-22-03-00-00", "latency": 78}, {"date": "2023-10-22-03-00-00", "latency": 78}, {"date": "2023-10-22-03-00-00", "latency": 78}, {"date": "2023-10-22-03-00-00", "latency": 78}, {"date": "2023-10-23-02-00-00", "latency": 93}, {"date": "2023-10-23-02-00-00", "latency": 93}, {"date": "2023-10-23-02-00-00", "latency": 93}, {"date": "2023-10-23-02-00-00", "latency": 93}, {"date": "2023-10-23-02-00-00", "latency": 93}, {"date": "2023-10-23-02-00-00", "latency": 93}, {"date": "2023-10-23-02-00-00", "latency": 93}, {"date": "2023-10-23-02-00-00", "latency": 93}, {"date": "2023-10-23-02-00-00", "latency": 93}]}, {"location": {"country_code": "us", "region": "California"}, "game_id": "747108", "values": [{"date": "2023-10-22-18-00-00", "latency": 7}, {"date": "2023-10-22-18-00-00", "latency": 7}, {"date": "2023-10-22-18-00-00", "latency": 7}, {"date": "2023-10-22-18-00-00", "latency": 7}, {"date": "2023-10-22-18-00-00", "latency": 7}, {"date": "2023-10-22-18-00-00", "latency": 7}, {"date": "2023-10-22-18-00-00", "latency": 7}, {"date": "2023-10-22-18-00-00", "latency": 7}, {"date": "2023-10-22-18-00-00", "latency": 7}, {"date": "2023-10-22-18-00-00", "latency": 7}, {"date": "2023-10-22-18-00-00", "latency": 7}, {"date": "2023-10-22-18-00-00", "latency": 7}, {"date": "2023-10-22-18-00-00", "latency": 7}, {"date": "2023-10-22-18-00-00", "latency": 7}, {"date": "2023-10-22-18-00-00", "latency": 7}, {"date": "2023-10-22-18-00-00", "latency": 7}]}, {"location": {"country_code": "br"}, "game_id": "747108", "values": [{"date": "2023-10-23-01-00-00", "latency": 16}, {"date": "2023-10-23-01-00-00", "latency": 16}, {"date": "2023-10-23-01-00-00", "latency": 16}, {"date": "2023-10-23-01-00-00", "latency": 16}, {"date": "2023-10-23-01-00-00", "latency": 16}, {"date": "2023-10-23-01-00-00", "latency": 16}, {"date": "2023-10-23-01-00-00", "latency": 16}, {"date": "2023-10-23-01-00-00", "latency": 16}, {"date": "2023-10-23-01-00-00", "latency": 16}, {"date": "2023-10-23-01-00-00", "latency": 16}, {"date": "2023-10-23-01-00-00", "latency": 16}, {"date": "2023-10-23-01-00-00", "latency": 16}, {"date": "2023-10-23-01-00-00", "latency": 16}, {"date": "2023-10-23-01-00-00", "latency": 16}, {"date": "2023-10-23-01-00-00", "latency": 16}, {"date": "2023-10-23-01-00-00", "latency": 16}, {"date": "2023-10-23-01-00-00", "latency": 16}, {"date": "2023-10-23-01-00-00", "latency": 16}, {"date": "2023-10-23-01-00-00", "latency": 16}, {"date": "2023-10-23-01-00-00", "latency": 16}, {"date": "2023-10-23-01-00-00", "latency": 16}, {"date": "2023-10-23-01-00-00", "latency": 16}, {"date": "2023-10-23-01-00-00", "latency": 16}, {"date": "2023-10-23-01-00-00", "latency": 16}, {"date": "2023-10-23-01-00-00", "latency": 16}, {"date": "2023-10-22-23-00-00", "latency": 3}, {"date": "2023-10-22-23-00-00", "latency": 3}, {"date": "2023-10-22-23-00-00", "latency": 3}, {"date": "2023-10-22-23-00-00", "latency": 3}, {"date": "2023-10-22-23-00-00", "latency": 3}, {"date": "2023-10-22-23-00-00", "latency": 3}, {"date": "2023-10-22-23-00-00", "latency": 3}, {"date": "2023-10-22-23-00-00", "latency": 3}, {"date": "2023-10-22-23-00-00", "latency": 3}, {"date": "2023-10-22-23-00-00", "latency": 3}, {"date": "2023-10-22-23-00-00", "latency": 3}, {"date": "2023-10-22-23-00-00", "latency": 3}, {"date": "2023-10-22-23-00-00", "latency": 3}, {"date": "2023-10-22-23-00-00", "latency": 3}, {"date": "2023-10-22-23-00-00", "latency": 3}, {"date": "2023-10-22-23-00-00", "latency": 3}, {"date": "2023-10-22-23-00-00", "latency": 3}, {"date": "2023-10-22-23-00-00", "latency": 3}, {"date": "2023-10-22-23-00-00", "latency": 3}, {"date": "2023-10-22-23-00-00", "latency": 3}, {"date": "2023-10-22-23-00-00", "latency": 3}]}, {"location": {"country_code": "br", "region": "Sao Paulo", "city": "Apiai"}, "game_id": "747108", "values": [{"date": "2023-10-22-05-00-00", "latency": 16}, {"date": "2023-10-22-05-00-00", "latency": 16}]}, {"location": {"country_code": "se"}, "game_id": "747108", "values": [{"date": "2023-10-22-17-00-00", "latency": 32}, {"date": "2023-10-22-17-00-00", "latency": 32}, {"date": "2023-10-22-17-00-00", "latency": 32}, {"date": "2023-10-22-17-00-00", "latency": 32}, {"date": "2023-10-22-17-00-00", "latency": 32}, {"date": "2023-10-22-17-00-00", "latency": 32}, {"date": "2023-10-22-17-00-00", "latency": 32}, {"date": "2023-10-22-17-00-00", "latency": 32}, {"date": "2023-10-22-17-00-00", "latency": 32}, {"date": "2023-10-22-17-00-00", "latency": 32}, {"date": "2023-10-22-17-00-00", "latency": 32}, {"date": "2023-10-22-17-00-00", "latency": 32}, {"date": "2023-10-22-17-00-00", "latency": 32}, {"date": "2023-10-22-17-00-00", "latency": 32}, {"date": "2023-10-22-17-00-00", "latency": 32}, {"date": "2023-10-22-17-00-00", "latency": 32}, {"date": "2023-10-22-17-00-00", "latency": 32}, {"date": "2023-10-22-17-00-00", "latency": 32}, {"date": "2023-10-22-17-00-00", "latency": 32}, {"date": "2023-10-22-17-00-00", "latency": 32}, {"date": "2023-10-22-17-00-00", "latency": 32}, {"date": "2023-10-22-17-00-00", "latency": 32}, {"date": "2023-10-22-17-00-00", "latency": 32}, {"date": "2023-10-22-17-00-00", "latency": 32}, {"date": "2023-10-22-17-00-00", "latency": 32}, {"date": "2023-10-22-17-00-00", "latency": 32}, {"date": "2023-10-22-17-00-00", "latency": 32}, {"date": "2023-10-22-17-00-00", "latency": 32}, {"date": "2023-10-22-17-00-00", "latency": 32}, {"date": "2023-10-22-17-00-00", "latency": 32}, {"date": "2023-10-22-17-00-00", "latency": 32}]}, {"location": {"country_code": "us", "region": "Texas", "city": "Austin"}, "game_id": "747108", "values": [{"date": "2023-10-22-05-00-00", "latency": 1}, {"date": "2023-10-22-05-00-00", "latency": 1}]}, {"location": {"country_code": "kr"}, "game_id": "747108", "values": [{"date": "2023-10-23-02-00-00", "latency": 16}, {"date": "2023-10-22-20-00-00", "latency": 78}, {"date": "2023-10-22-20-00-00", "latency": 78}, {"date": "2023-10-22-20-00-00", "latency": 78}, {"date": "2023-10-22-20-00-00", "latency": 78}, {"date": "2023-10-22-20-00-00", "latency": 78}, {"date": "2023-10-22-20-00-00", "latency": 78}, {"date": "2023-10-22-20-00-00", "latency": 78}, {"date": "2023-10-22-20-00-00", "latency": 78}, {"date": "2023-10-22-20-00-00", "latency": 78}, {"date": "2023-10-22-20-00-00", "latency": 78}, {"date": "2023-10-22-20-00-00", "latency": 78}, {"date": "2023-10-22-20-00-00", "latency": 78}, {"date": "2023-10-22-20-00-00", "latency": 78}, {"date": "2023-10-22-20-00-00", "latency": 78}, {"date": "2023-10-22-20-00-00", "latency": 78}, {"date": "2023-10-22-20-00-00", "latency": 78}, {"date": "2023-10-22-20-00-00", "latency": 78}, {"date": "2023-10-22-20-00-00", "latency": 78}, {"date": "2023-10-22-20-00-00", "latency": 78}, {"date": "2023-10-22-20-00-00", "latency": 78}, {"date": "2023-10-22-20-00-00", "latency": 78}, {"date": "2023-10-22-20-00-00", "latency": 78}, {"date": "2023-10-22-20-00-00", "latency": 78}, {"date": "2023-10-22-20-00-00", "latency": 78}, {"date": "2023-10-22-20-00-00", "latency": 78}, {"date": "2023-10-22-20-00-00", "latency": 78}, {"date": "2023-10-22-20-00-00", "latency": 78}, {"date": "2023-10-22-20-00-00", "latency": 78}, {"date": "2023-10-22-20-00-00", "latency": 78}]}, {"location": {"country_code": "ar"}, "game_id": "747108", "values": [{"date": "2023-10-23-02-00-00", "latency": 47}, {"date": "2023-10-23-02-00-00", "latency": 47}, {"date": "2023-10-23-02-00-00", "latency": 47}, {"date": "2023-10-23-02-00-00", "latency": 47}, {"date": "2023-10-23-02-00-00", "latency": 47}, {"date": "2023-10-23-02-00-00", "latency": 47}, {"date": "2023-10-23-02-00-00", "latency": 47}, {"date": "2023-10-23-02-00-00", "latency": 47}, {"date": "2023-10-23-02-00-00", "latency": 47}, {"date": "2023-10-23-02-00-00", "latency": 47}, {"date": "2023-10-23-02-00-00", "latency": 47}, {"date": "2023-10-23-02-00-00", "latency": 47}, {"date": "2023-10-23-02-00-00", "latency": 47}, {"date": "2023-10-23-02-00-00", "latency": 47}, {"date": "2023-10-23-02-00-00", "latency": 47}, {"date": "2023-10-23-02-00-00", "latency": 47}, {"date": "2023-10-23-02-00-00", "latency": 47}, {"date": "2023-10-23-02-00-00", "latency": 47}, {"date": "2023-10-23-02-00-00", "latency": 47}, {"date": "2023-10-23-02-00-00", "latency": 47}, {"date": "2023-10-23-02-00-00", "latency": 47}, {"date": "2023-10-23-02-00-00", "latency": 47}, {"date": "2023-10-23-02-00-00", "latency": 47}, {"date": "2023-10-23-02-00-00", "latency": 47}, {"date": "2023-10-23-02-00-00", "latency": 47}, {"date": "2023-10-23-02-00-00", "latency": 47}, {"date": "2023-10-23-02-00-00", "latency": 47}, {"date": "2023-10-23-02-00-00", "latency": 47}, {"date": "2023-10-23-02-00-00", "latency": 47}, {"date": "2023-10-23-02-00-00", "latency": 47}, {"date": "2023-10-23-02-00-00", "latency": 47}, {"date": "2023-10-23-02-00-00", "latency": 47}, {"date": "2023-10-23-02-00-00", "latency": 47}, {"date": "2023-10-23-02-00-00", "latency": 47}, {"date": "2023-10-22-03-00-00", "latency": 31}, {"date": "2023-10-22-03-00-00", "latency": 31}, {"date": "2023-10-22-03-00-00", "latency": 31}, {"date": "2023-10-22-03-00-00", "latency": 31}, {"date": "2023-10-22-03-00-00", "latency": 31}, {"date": "2023-10-22-03-00-00", "latency": 31}, {"date": "2023-10-22-03-00-00", "latency": 31}, {"date": "2023-10-22-03-00-00", "latency": 31}]}, {"location": {"country_code": "mx", "region": "Puebla"}, "game_id": "747108", "values": [{"date": "2023-10-23-02-00-00", "latency": 63}, {"date": "2023-10-23-02-00-00", "latency": 63}, {"date": "2023-10-23-02-00-00", "latency": 63}, {"date": "2023-10-23-02-00-00", "latency": 63}, {"date": "2023-10-23-02-00-00", "latency": 63}, {"date": "2023-10-23-02-00-00", "latency": 63}, {"date": "2023-10-23-02-00-00", "latency": 63}, {"date": "2023-10-23-02-00-00", "latency": 63}, {"date": "2023-10-23-02-00-00", "latency": 63}, {"date": "2023-10-23-02-00-00", "latency": 63}, {"date": "2023-10-23-02-00-00", "latency": 63}, {"date": "2023-10-23-02-00-00", "latency": 63}, {"date": "2023-10-23-02-00-00", "latency": 63}, {"date": "2023-10-23-02-00-00", "latency": 63}, {"date": "2023-10-23-02-00-00", "latency": 63}, {"date": "2023-10-23-02-00-00", "latency": 63}, {"date": "2023-10-23-02-00-00", "latency": 63}, {"date": "2023-10-23-02-00-00", "latency": 63}, {"date": "2023-10-23-02-00-00", "latency": 63}, {"date": "2023-10-23-02-00-00", "latency": 63}, {"date": "2023-10-23-02-00-00", "latency": 63}, {"date": "2023-10-23-02-00-00", "latency": 63}, {"date": "2023-10-23-02-00-00", "latency": 63}, {"date": "2023-10-23-02-00-00", "latency": 63}, {"date": "2023-10-23-02-00-00", "latency": 63}, {"date": "2023-10-23-02-00-00", "latency": 63}, {"date": "2023-10-23-02-00-00", "latency": 63}, {"date": "2023-10-23-02-00-00", "latency": 63}, {"date": "2023-10-23-02-00-00", "latency": 63}, {"date": "2023-10-23-02-00-00", "latency": 63}, {"date": "2023-10-23-02-00-00", "latency": 63}, {"date": "2023-10-23-02-00-00", "latency": 63}, {"date": "2023-10-23-02-00-00", "latency": 63}, {"date": "2023-10-23-02-00-00", "latency": 63}, {"date": "2023-10-23-02-00-00", "latency": 63}, {"date": "2023-10-23-02-00-00", "latency": 63}, {"date": "2023-10-23-02-00-00", "latency": 63}, {"date": "2023-10-23-02-00-00", "latency": 63}, {"date": "2023-10-23-02-00-00", "latency": 63}, {"date": "2023-10-23-02-00-00", "latency": 63}, {"date": "2023-10-23-02-00-00", "latency": 63}]}, {"location": {"country_code": "at"}, "game_id": "747108", "values": [{"date": "2023-10-22-23-00-00", "latency": 31}, {"date": "2023-10-22-23-00-00", "latency": 31}, {"date": "2023-10-22-23-00-00", "latency": 31}, {"date": "2023-10-22-23-00-00", "latency": 31}, {"date": "2023-10-22-23-00-00", "latency": 31}, {"date": "2023-10-22-23-00-00", "latency": 31}, {"date": "2023-10-22-23-00-00", "latency": 31}, {"date": "2023-10-22-23-00-00", "latency": 31}, {"date": "2023-10-22-23-00-00", "latency": 31}, {"date": "2023-10-22-23-00-00", "latency": 31}, {"date": "2023-10-22-23-00-00", "latency": 31}, {"date": "2023-10-22-23-00-00", "latency": 31}, {"date": "2023-10-22-23-00-00", "latency": 31}, {"date": "2023-10-22-23-00-00", "latency": 31}, {"date": "2023-10-22-23-00-00", "latency": 31}, {"date": "2023-10-22-23-00-00", "latency": 31}, {"date": "2023-10-22-23-00-00", "latency": 31}, {"date": "2023-10-22-23-00-00", "latency": 31}, {"date": "2023-10-22-23-00-00", "latency": 31}, {"date": "2023-10-22-23-00-00", "latency": 31}, {"date": "2023-10-22-23-00-00", "latency": 31}, {"date": "2023-10-22-23-00-00", "latency": 31}, {"date": "2023-10-22-23-00-00", "latency": 31}]}, {"location": {"country_code": "ru"}, "game_id": "747108", "values": [{"date": "2023-10-22-18-00-00", "latency": 31}]}, {"location": {"country_code": "id"}, "game_id": "747108", "values": [{"date": "2023-10-22-18-00-00", "latency": 250}]}, {"location": {"country_code": "mx", "region": "Sonora"}, "game_id": "747108", "values": [{"date": "2023-10-22-19-00-00", "latency": 62}, {"date": "2023-10-22-19-00-00", "latency": 62}, {"date": "2023-10-22-19-00-00", "latency": 62}, {"date": "2023-10-22-19-00-00", "latency": 62}, {"date": "2023-10-22-19-00-00", "latency": 62}, {"date": "2023-10-22-19-00-00", "latency": 62}, {"date": "2023-10-22-19-00-00", "latency": 62}, {"date": "2023-10-22-19-00-00", "latency": 62}, {"date": "2023-10-22-19-00-00", "latency": 62}, {"date": "2023-10-22-19-00-00", "latency": 62}, {"date": "2023-10-22-19-00-00", "latency": 62}, {"date": "2023-10-22-19-00-00", "latency": 62}, {"date": "2023-10-22-19-00-00", "latency": 62}, {"date": "2023-10-22-19-00-00", "latency": 62}, {"date": "2023-10-22-19-00-00", "latency": 62}, {"date": "2023-10-22-19-00-00", "latency": 62}, {"date": "2023-10-22-19-00-00", "latency": 62}, {"date": "2023-10-22-19-00-00", "latency": 62}, {"date": "2023-10-22-19-00-00", "latency": 62}, {"date": "2023-10-22-19-00-00", "latency": 62}, {"date": "2023-10-22-19-00-00", "latency": 62}, {"date": "2023-10-22-19-00-00", "latency": 62}, {"date": "2023-10-22-19-00-00", "latency": 62}, {"date": "2023-10-22-19-00-00", "latency": 62}, {"date": "2023-10-22-19-00-00", "latency": 62}, {"date": "2023-10-22-19-00-00", "latency": 62}, {"date": "2023-10-22-19-00-00", "latency": 62}, {"date": "2023-10-22-19-00-00", "latency": 62}, {"date": "2023-10-22-19-00-00", "latency": 62}, {"date": "2023-10-22-19-00-00", "latency": 62}, {"date": "2023-10-22-19-00-00", "latency": 62}, {"date": "2023-10-22-19-00-00", "latency": 62}, {"date": "2023-10-22-19-00-00", "latency": 62}, {"date": "2023-10-22-19-00-00", "latency": 62}, {"date": "2023-10-22-19-00-00", "latency": 62}, {"date": "2023-10-22-19-00-00", "latency": 62}, {"date": "2023-10-22-19-00-00", "latency": 62}, {"date": "2023-10-22-19-00-00", "latency": 62}, {"date": "2023-10-22-19-00-00", "latency": 62}, {"date": "2023-10-22-19-00-00", "latency": 62}, {"date": "2023-10-22-19-00-00", "latency": 62}, {"date": "2023-10-22-19-00-00", "latency": 62}, {"date": "2023-10-22-19-00-00", "latency": 62}, {"date": "2023-10-22-19-00-00", "latency": 62}, {"date": "2023-10-22-19-00-00", "latency": 62}, {"date": "2023-10-22-19-00-00", "latency": 62}, {"date": "2023-10-22-19-00-00", "latency": 62}, {"date": "2023-10-22-19-00-00", "latency": 62}, {"date": "2023-10-22-19-00-00", "latency": 62}, {"date": "2023-10-22-19-00-00", "latency": 62}, {"date": "2023-10-22-19-00-00", "latency": 62}, {"date": "2023-10-22-19-00-00", "latency": 62}, {"date": "2023-10-22-19-00-00", "latency": 62}, {"date": "2023-10-22-19-00-00", "latency": 62}, {"date": "2023-10-22-19-00-00", "latency": 62}, {"date": "2023-10-22-19-00-00", "latency": 62}, {"date": "2023-10-22-19-00-00", "latency": 62}, {"date": "2023-10-22-19-00-00", "latency": 62}, {"date": "2023-10-22-19-00-00", "latency": 62}, {"date": "2023-10-22-19-00-00", "latency": 62}, {"date": "2023-10-22-19-00-00", "latency": 62}, {"date": "2023-10-22-19-00-00", "latency": 62}, {"date": "2023-10-22-19-00-00", "latency": 62}, {"date": "2023-10-22-19-00-00", "latency": 62}, {"date": "2023-10-22-19-00-00", "latency": 62}]}, {"location": {"country_code": "fr", "region": "Nord-Passo di Calais-Piccardia"}, "game_id": "747108", "values": [{"date": "2023-10-22-04-00-00", "latency": 16}, {"date": "2023-10-22-04-00-00", "latency": 16}, {"date": "2023-10-22-04-00-00", "latency": 16}, {"date": "2023-10-22-04-00-00", "latency": 16}, {"date": "2023-10-22-04-00-00", "latency": 16}, {"date": "2023-10-22-04-00-00", "latency": 16}, {"date": "2023-10-22-04-00-00", "latency": 16}, {"date": "2023-10-22-04-00-00", "latency": 16}, {"date": "2023-10-22-04-00-00", "latency": 16}, {"date": "2023-10-22-04-00-00", "latency": 16}, {"date": "2023-10-22-04-00-00", "latency": 16}, {"date": "2023-10-22-04-00-00", "latency": 16}, {"date": "2023-10-22-04-00-00", "latency": 16}, {"date": "2023-10-22-04-00-00", "latency": 16}, {"date": "2023-10-22-04-00-00", "latency": 16}, {"date": "2023-10-22-04-00-00", "latency": 16}, {"date": "2023-10-22-04-00-00", "latency": 16}, {"date": "2023-10-22-04-00-00", "latency": 16}, {"date": "2023-10-22-04-00-00", "latency": 16}, {"date": "2023-10-22-04-00-00", "latency": 16}, {"date": "2023-10-22-04-00-00", "latency": 16}, {"date": "2023-10-22-04-00-00", "latency": 16}, {"date": "2023-10-22-04-00-00", "latency": 16}, {"date": "2023-10-22-04-00-00", "latency": 16}, {"date": "2023-10-22-04-00-00", "latency": 16}, {"date": "2023-10-22-04-00-00", "latency": 16}, {"date": "2023-10-22-04-00-00", "latency": 16}, {"date": "2023-10-22-04-00-00", "latency": 16}, {"date": "2023-10-22-04-00-00", "latency": 16}, {"date": "2023-10-22-04-00-00", "latency": 16}, {"date": "2023-10-22-04-00-00", "latency": 16}, {"date": "2023-10-22-04-00-00", "latency": 16}, {"date": "2023-10-22-04-00-00", "latency": 16}, {"date": "2023-10-22-04-00-00", "latency": 16}, {"date": "2023-10-22-04-00-00", "latency": 16}, {"date": "2023-10-22-04-00-00", "latency": 16}, {"date": "2023-10-22-04-00-00", "latency": 16}, {"date": "2023-10-22-04-00-00", "latency": 16}, {"date": "2023-10-22-04-00-00", "latency": 16}, {"date": "2023-10-22-04-00-00", "latency": 16}, {"date": "2023-10-22-04-00-00", "latency": 16}, {"date": "2023-10-22-04-00-00", "latency": 16}, {"date": "2023-10-22-04-00-00", "latency": 16}, {"date": "2023-10-22-04-00-00", "latency": 16}, {"date": "2023-10-22-04-00-00", "latency": 16}, {"date": "2023-10-22-04-00-00", "latency": 16}, {"date": "2023-10-22-04-00-00", "latency": 16}, {"date": "2023-10-22-04-00-00", "latency": 16}, {"date": "2023-10-22-04-00-00", "latency": 16}, {"date": "2023-10-22-04-00-00", "latency": 16}, {"date": "2023-10-22-04-00-00", "latency": 16}, {"date": "2023-10-22-04-00-00", "latency": 16}, {"date": "2023-10-22-04-00-00", "latency": 16}, {"date": "2023-10-22-04-00-00", "latency": 16}, {"date": "2023-10-22-04-00-00", "latency": 16}, {"date": "2023-10-22-04-00-00", "latency": 16}, {"date": "2023-10-22-04-00-00", "latency": 16}, {"date": "2023-10-22-04-00-00", "latency": 16}, {"date": "2023-10-22-04-00-00", "latency": 16}, {"date": "2023-10-22-04-00-00", "latency": 16}, {"date": "2023-10-22-04-00-00", "latency": 16}, {"date": "2023-10-22-04-00-00", "latency": 16}, {"date": "2023-10-22-04-00-00", "latency": 16}, {"date": "2023-10-22-04-00-00", "latency": 16}, {"date": "2023-10-22-04-00-00", "latency": 16}, {"date": "2023-10-22-04-00-00", "latency": 16}, {"date": "2023-10-22-04-00-00", "latency": 16}, {"date": "2023-10-22-04-00-00", "latency": 16}, {"date": "2023-10-22-04-00-00", "latency": 16}, {"date": "2023-10-22-04-00-00", "latency": 16}, {"date": "2023-10-22-04-00-00", "latency": 16}]}, {"location": {"country_code": "bs"}, "game_id": "747108", "values": [{"date": "2023-10-22-15-00-00", "latency": 16}, {"date": "2023-10-22-15-00-00", "latency": 16}, {"date": "2023-10-22-15-00-00", "latency": 16}, {"date": "2023-10-22-15-00-00", "latency": 16}, {"date": "2023-10-22-15-00-00", "latency": 16}, {"date": "2023-10-22-15-00-00", "latency": 16}, {"date": "2023-10-22-15-00-00", "latency": 16}, {"date": "2023-10-22-15-00-00", "latency": 16}, {"date": "2023-10-22-15-00-00", "latency": 16}, {"date": "2023-10-22-15-00-00", "latency": 16}, {"date": "2023-10-22-15-00-00", "latency": 16}, {"date": "2023-10-22-15-00-00", "latency": 16}, {"date": "2023-10-22-15-00-00", "latency": 16}, {"date": "2023-10-22-15-00-00", "latency": 16}, {"date": "2023-10-22-15-00-00", "latency": 16}, {"date": "2023-10-22-15-00-00", "latency": 16}, {"date": "2023-10-22-15-00-00", "latency": 16}, {"date": "2023-10-22-15-00-00", "latency": 16}, {"date": "2023-10-22-15-00-00", "latency": 16}, {"date": "2023-10-22-15-00-00", "latency": 16}, {"date": "2023-10-22-15-00-00", "latency": 16}, {"date": "2023-10-22-15-00-00", "latency": 16}, {"date": "2023-10-22-15-00-00", "latency": 16}, {"date": "2023-10-22-15-00-00", "latency": 16}, {"date": "2023-10-22-15-00-00", "latency": 16}, {"date": "2023-10-22-15-00-00", "latency": 16}, {"date": "2023-10-22-15-00-00", "latency": 16}, {"date": "2023-10-22-15-00-00", "latency": 16}, {"date": "2023-10-22-15-00-00", "latency": 16}, {"date": "2023-10-22-15-00-00", "latency": 16}, {"date": "2023-10-22-15-00-00", "latency": 16}, {"date": "2023-10-22-15-00-00", "latency": 16}, {"date": "2023-10-22-15-00-00", "latency": 16}, {"date": "2023-10-22-15-00-00", "latency": 16}, {"date": "2023-10-22-15-00-00", "latency": 16}, {"date": "2023-10-22-15-00-00", "latency": 16}, {"date": "2023-10-22-15-00-00", "latency": 16}, {"date": "2023-10-22-15-00-00", "latency": 16}, {"date": "2023-10-22-15-00-00", "latency": 16}, {"date": "2023-10-22-15-00-00", "latency": 16}, {"date": "2023-10-22-15-00-00", "latency": 16}, {"date": "2023-10-22-15-00-00", "latency": 16}]}, {"location": {"country_code": "br", "region": "Sao Paulo", "city": "Sertaozinho"}, "game_id": "747108", "values": [{"date": "2023-10-23-01-00-00", "latency": 32}, {"date": "2023-10-23-01-00-00", "latency": 32}, {"date": "2023-10-23-01-00-00", "latency": 32}, {"date": "2023-10-23-01-00-00", "latency": 32}, {"date": "2023-10-23-01-00-00", "latency": 32}, {"date": "2023-10-23-01-00-00", "latency": 32}, {"date": "2023-10-23-01-00-00", "latency": 32}, {"date": "2023-10-23-01-00-00", "latency": 32}, {"date": "2023-10-23-01-00-00", "latency": 32}, {"date": "2023-10-23-01-00-00", "latency": 32}, {"date": "2023-10-23-01-00-00", "latency": 32}, {"date": "2023-10-23-01-00-00", "latency": 32}, {"date": "2023-10-23-01-00-00", "latency": 32}, {"date": "2023-10-23-01-00-00", "latency": 32}, {"date": "2023-10-23-01-00-00", "latency": 32}, {"date": "2023-10-23-01-00-00", "latency": 32}, {"date": "2023-10-23-01-00-00", "latency": 32}, {"date": "2023-10-23-01-00-00", "latency": 32}, {"date": "2023-10-23-01-00-00", "latency": 32}, {"date": "2023-10-23-01-00-00", "latency": 32}, {"date": "2023-10-23-01-00-00", "latency": 32}, {"date": "2023-10-23-01-00-00", "latency": 32}, {"date": "2023-10-23-01-00-00", "latency": 32}, {"date": "2023-10-23-01-00-00", "latency": 32}, {"date": "2023-10-23-01-00-00", "latency": 32}, {"date": "2023-10-23-01-00-00", "latency": 32}, {"date": "2023-10-23-01-00-00", "latency": 32}, {"date": "2023-10-23-01-00-00", "latency": 32}, {"date": "2023-10-23-01-00-00", "latency": 32}, {"date": "2023-10-23-01-00-00", "latency": 32}, {"date": "2023-10-23-01-00-00", "latency": 32}, {"date": "2023-10-23-01-00-00", "latency": 32}, {"date": "2023-10-23-01-00-00", "latency": 32}, {"date": "2023-10-23-01-00-00", "latency": 32}, {"date": "2023-10-23-01-00-00", "latency": 32}, {"date": "2023-10-23-01-00-00", "latency": 32}, {"date": "2023-10-23-01-00-00", "latency": 32}, {"date": "2023-10-23-01-00-00", "latency": 32}, {"date": "2023-10-23-01-00-00", "latency": 32}, {"date": "2023-10-23-01-00-00", "latency": 32}, {"date": "2023-10-23-01-00-00", "latency": 32}, {"date": "2023-10-23-01-00-00", "latency": 32}, {"date": "2023-10-23-01-00-00", "latency": 32}, {"date": "2023-10-23-01-00-00", "latency": 32}, {"date": "2023-10-23-01-00-00", "latency": 32}, {"date": "2023-10-23-01-00-00", "latency": 32}, {"date": "2023-10-23-01-00-00", "latency": 32}, {"date": "2023-10-23-01-00-00", "latency": 32}, {"date": "2023-10-23-01-00-00", "latency": 32}, {"date": "2023-10-23-01-00-00", "latency": 32}, {"date": "2023-10-23-01-00-00", "latency": 32}, {"date": "2023-10-23-01-00-00", "latency": 32}, {"date": "2023-10-23-01-00-00", "latency": 32}, {"date": "2023-10-23-01-00-00", "latency": 32}, {"date": "2023-10-23-01-00-00", "latency": 32}, {"date": "2023-10-23-01-00-00", "latency": 32}, {"date": "2023-10-23-01-00-00", "latency": 32}, {"date": "2023-10-23-01-00-00", "latency": 32}, {"date": "2023-10-23-01-00-00", "latency": 32}, {"date": "2023-10-23-01-00-00", "latency": 32}, {"date": "2023-10-23-01-00-00", "latency": 32}, {"date": "2023-10-23-01-00-00", "latency": 32}, {"date": "2023-10-23-01-00-00", "latency": 32}, {"date": "2023-10-23-01-00-00", "latency": 32}, {"date": "2023-10-23-01-00-00", "latency": 32}, {"date": "2023-10-23-01-00-00", "latency": 32}, {"date": "2023-10-23-01-00-00", "latency": 32}, {"date": "2023-10-23-01-00-00", "latency": 32}, {"date": "2023-10-23-01-00-00", "latency": 32}]}, {"location": {"country_code": "br", "region": "Sao Paulo", "city": "Franca"}, "game_id": "747108", "values": [{"date": "2023-10-22-21-00-00", "latency": 31}, {"date": "2023-10-22-21-00-00", "latency": 31}, {"date": "2023-10-22-21-00-00", "latency": 31}, {"date": "2023-10-22-21-00-00", "latency": 31}, {"date": "2023-10-22-21-00-00", "latency": 31}, {"date": "2023-10-22-21-00-00", "latency": 31}, {"date": "2023-10-22-21-00-00", "latency": 31}, {"date": "2023-10-22-21-00-00", "latency": 31}, {"date": "2023-10-22-21-00-00", "latency": 31}, {"date": "2023-10-22-21-00-00", "latency": 31}, {"date": "2023-10-22-21-00-00", "latency": 31}, {"date": "2023-10-22-21-00-00", "latency": 31}, {"date": "2023-10-22-21-00-00", "latency": 31}, {"date": "2023-10-22-21-00-00", "latency": 31}, {"date": "2023-10-22-21-00-00", "latency": 31}, {"date": "2023-10-22-21-00-00", "latency": 31}, {"date": "2023-10-22-21-00-00", "latency": 31}, {"date": "2023-10-22-21-00-00", "latency": 31}, {"date": "2023-10-22-21-00-00", "latency": 31}, {"date": "2023-10-22-21-00-00", "latency": 31}, {"date": "2023-10-22-21-00-00", "latency": 31}, {"date": "2023-10-22-21-00-00", "latency": 31}, {"date": "2023-10-22-21-00-00", "latency": 31}, {"date": "2023-10-22-21-00-00", "latency": 31}, {"date": "2023-10-22-21-00-00", "latency": 31}, {"date": "2023-10-22-21-00-00", "latency": 31}, {"date": "2023-10-22-21-00-00", "latency": 31}, {"date": "2023-10-22-21-00-00", "latency": 31}, {"date": "2023-10-22-21-00-00", "latency": 31}, {"date": "2023-10-22-21-00-00", "latency": 31}, {"date": "2023-10-22-21-00-00", "latency": 31}, {"date": "2023-10-22-21-00-00", "latency": 31}, {"date": "2023-10-22-21-00-00", "latency": 31}, {"date": "2023-10-22-21-00-00", "latency": 31}, {"date": "2023-10-22-21-00-00", "latency": 31}, {"date": "2023-10-22-21-00-00", "latency": 31}]}, {"location": {"country_code": "co", "region": "Bogota"}, "game_id": "747108", "values": [{"date": "2023-10-22-06-00-00", "latency": 78}, {"date": "2023-10-22-06-00-00", "latency": 78}, {"date": "2023-10-22-06-00-00", "latency": 78}, {"date": "2023-10-22-06-00-00", "latency": 78}, {"date": "2023-10-22-06-00-00", "latency": 78}, {"date": "2023-10-22-06-00-00", "latency": 78}, {"date": "2023-10-22-06-00-00", "latency": 78}, {"date": "2023-10-22-06-00-00", "latency": 78}, {"date": "2023-10-22-06-00-00", "latency": 78}, {"date": "2023-10-22-06-00-00", "latency": 78}, {"date": "2023-10-22-06-00-00", "latency": 78}, {"date": "2023-10-22-06-00-00", "latency": 78}, {"date": "2023-10-22-06-00-00", "latency": 78}, {"date": "2023-10-22-06-00-00", "latency": 78}, {"date": "2023-10-22-06-00-00", "latency": 78}, {"date": "2023-10-22-06-00-00", "latency": 78}, {"date": "2023-10-22-06-00-00", "latency": 78}, {"date": "2023-10-22-06-00-00", "latency": 78}, {"date": "2023-10-22-06-00-00", "latency": 78}, {"date": "2023-10-22-06-00-00", "latency": 78}, {"date": "2023-10-22-06-00-00", "latency": 78}, {"date": "2023-10-22-06-00-00", "latency": 78}, {"date": "2023-10-22-06-00-00", "latency": 78}, {"date": "2023-10-22-06-00-00", "latency": 78}, {"date": "2023-10-22-06-00-00", "latency": 78}, {"date": "2023-10-22-06-00-00", "latency": 78}]}, {"location": {"country_code": "br", "region": "Parana", "city": "Barracao"}, "game_id": "747108", "values": [{"date": "2023-10-22-19-00-00", "latency": 16}, {"date": "2023-10-22-19-00-00", "latency": 16}]}, {"location": {"country_code": "us", "region": "Arkansas", "city": "Newport"}, "game_id": "747108", "values": [{"date": "2023-10-22-21-00-00", "latency": 31}, {"date": "2023-10-22-21-00-00", "latency": 31}, {"date": "2023-10-22-21-00-00", "latency": 31}, {"date": "2023-10-22-21-00-00", "latency": 31}, {"date": "2023-10-22-21-00-00", "latency": 31}, {"date": "2023-10-22-21-00-00", "latency": 31}, {"date": "2023-10-22-21-00-00", "latency": 31}, {"date": "2023-10-22-21-00-00", "latency": 31}, {"date": "2023-10-22-21-00-00", "latency": 31}, {"date": "2023-10-22-21-00-00", "latency": 31}, {"date": "2023-10-22-21-00-00", "latency": 31}, {"date": "2023-10-22-21-00-00", "latency": 31}, {"date": "2023-10-22-21-00-00", "latency": 31}, {"date": "2023-10-22-21-00-00", "latency": 31}, {"date": "2023-10-22-21-00-00", "latency": 31}, {"date": "2023-10-22-21-00-00", "latency": 31}]}], "last_updated": 1719926778.498214}