{"data": [{"location": {"country_code": "us"}, "game_id": "135305", "values": [{"date": "2021-07-08-03-00-00", "latency": "198"}, {"date": "2021-07-08-03-00-00", "latency": "198"}, {"date": "2021-07-08-03-00-00", "latency": "198"}, {"date": "2021-07-08-03-00-00", "latency": "198"}, {"date": "2021-07-08-03-00-00", "latency": "198"}, {"date": "2021-07-08-03-00-00", "latency": "198"}, {"date": "2021-07-08-03-00-00", "latency": "198"}, {"date": "2021-07-09-00-00-00", "latency": "32"}, {"date": "2021-07-08-04-00-00", "latency": "3"}, {"date": "2021-07-08-04-00-00", "latency": "3"}, {"date": "2021-07-08-04-00-00", "latency": "3"}, {"date": "2021-07-08-04-00-00", "latency": "3"}, {"date": "2021-07-08-04-00-00", "latency": "3"}, {"date": "2021-07-08-04-00-00", "latency": "3"}]}, {"location": {"country_code": "pt", "region": "Lisbon District", "city": "Almada"}, "game_id": "135305", "values": [{"date": "2021-07-08-17-00-00", "latency": "45"}, {"date": "2021-07-08-17-00-00", "latency": "45"}, {"date": "2021-07-08-17-00-00", "latency": "45"}, {"date": "2021-07-08-17-00-00", "latency": "45"}, {"date": "2021-07-08-17-00-00", "latency": "45"}]}, {"location": {"country_code": "us", "region": "New York", "city": "Jamestown"}, "game_id": "135305", "values": [{"date": "2021-07-08-03-00-00", "latency": "11"}, {"date": "2021-07-08-03-00-00", "latency": "11"}, {"date": "2021-07-08-03-00-00", "latency": "11"}, {"date": "2021-07-08-18-00-00", "latency": "13"}, {"date": "2021-07-08-18-00-00", "latency": "13"}, {"date": "2021-07-09-02-00-00", "latency": "16"}, {"date": "2021-07-09-02-00-00", "latency": "16"}, {"date": "2021-07-09-02-00-00", "latency": "16"}, {"date": "2021-07-09-02-00-00", "latency": "16"}, {"date": "2021-07-09-02-00-00", "latency": "16"}, {"date": "2021-07-09-02-00-00", "latency": "16"}]}, {"location": {"country_code": "gb"}, "game_id": "135305", "values": [{"date": "2021-07-08-20-00-00", "latency": "33"}, {"date": "2021-07-08-20-00-00", "latency": "33"}, {"date": "2021-07-08-20-00-00", "latency": "33"}]}, {"location": {"country_code": "it"}, "game_id": "135305", "values": [{"date": "2021-07-08-20-00-00", "latency": "41"}, {"date": "2021-07-08-20-00-00", "latency": "41"}, {"date": "2021-07-08-20-00-00", "latency": "41"}, {"date": "2021-07-08-20-00-00", "latency": "41"}, {"date": "2021-07-08-20-00-00", "latency": "41"}, {"date": "2021-07-08-20-00-00", "latency": "41"}, {"date": "2021-07-08-20-00-00", "latency": "41"}, {"date": "2021-07-08-20-00-00", "latency": "41"}, {"date": "2021-07-08-20-00-00", "latency": "41"}]}, {"location": {"country_code": "jp", "region": "Nagoya"}, "game_id": "135305", "values": [{"date": "2021-07-08-05-00-00", "latency": "180"}, {"date": "2021-07-08-05-00-00", "latency": "180"}, {"date": "2021-07-08-05-00-00", "latency": "180"}, {"date": "2021-07-08-05-00-00", "latency": "180"}, {"date": "2021-07-08-05-00-00", "latency": "180"}, {"date": "2021-07-08-05-00-00", "latency": "180"}, {"date": "2021-07-08-05-00-00", "latency": "180"}]}, {"location": {"country_code": "de"}, "game_id": "135305", "values": [{"date": "2021-07-08-14-00-00", "latency": "141"}, {"date": "2021-07-08-14-00-00", "latency": "141"}, {"date": "2021-07-08-14-00-00", "latency": "141"}, {"date": "2021-07-08-14-00-00", "latency": "141"}, {"date": "2021-07-08-14-00-00", "latency": "141"}, {"date": "2021-07-08-14-00-00", "latency": "141"}, {"date": "2021-07-08-14-00-00", "latency": "141"}, {"date": "2021-07-08-14-00-00", "latency": "141"}, {"date": "2021-07-08-14-00-00", "latency": "141"}, {"date": "2021-07-08-14-00-00", "latency": "141"}, {"date": "2021-07-08-14-00-00", "latency": "141"}, {"date": "2021-07-08-14-00-00", "latency": "141"}, {"date": "2021-07-08-14-00-00", "latency": "141"}, {"date": "2021-07-08-14-00-00", "latency": "141"}, {"date": "2021-07-09-02-00-00", "latency": "34"}, {"date": "2021-07-09-02-00-00", "latency": "34"}, {"date": "2021-07-09-02-00-00", "latency": "34"}, {"date": "2021-07-09-02-00-00", "latency": "34"}, {"date": "2021-07-09-02-00-00", "latency": "34"}, {"date": "2021-07-09-02-00-00", "latency": "34"}, {"date": "2021-07-09-02-00-00", "latency": "34"}, {"date": "2021-07-09-02-00-00", "latency": "34"}, {"date": "2021-07-09-02-00-00", "latency": "34"}]}, {"location": {"country_code": "us", "region": "Texas"}, "game_id": "135305", "values": [{"date": "2021-07-09-02-00-00", "latency": "151"}, {"date": "2021-07-09-02-00-00", "latency": "151"}, {"date": "2021-07-09-02-00-00", "latency": "151"}, {"date": "2021-07-09-02-00-00", "latency": "151"}, {"date": "2021-07-09-02-00-00", "latency": "151"}, {"date": "2021-07-09-02-00-00", "latency": "151"}, {"date": "2021-07-09-02-00-00", "latency": "151"}, {"date": "2021-07-09-02-00-00", "latency": "151"}]}, {"location": {"country_code": "ph"}, "game_id": "135305", "values": [{"date": "2021-07-08-10-00-00", "latency": "94"}, {"date": "2021-07-08-10-00-00", "latency": "94"}, {"date": "2021-07-08-10-00-00", "latency": "94"}, {"date": "2021-07-08-20-00-00", "latency": "78"}, {"date": "2021-07-08-20-00-00", "latency": "78"}, {"date": "2021-07-08-20-00-00", "latency": "78"}, {"date": "2021-07-08-20-00-00", "latency": "78"}, {"date": "2021-07-08-20-00-00", "latency": "78"}, {"date": "2021-07-08-20-00-00", "latency": "78"}, {"date": "2021-07-08-20-00-00", "latency": "78"}, {"date": "2021-07-08-20-00-00", "latency": "78"}, {"date": "2021-07-08-20-00-00", "latency": "78"}, {"date": "2021-07-08-20-00-00", "latency": "78"}, {"date": "2021-07-08-20-00-00", "latency": "78"}, {"date": "2021-07-08-20-00-00", "latency": "78"}, {"date": "2021-07-08-20-00-00", "latency": "78"}, {"date": "2021-07-08-20-00-00", "latency": "78"}, {"date": "2021-07-08-20-00-00", "latency": "78"}, {"date": "2021-07-08-20-00-00", "latency": "78"}, {"date": "2021-07-08-20-00-00", "latency": "78"}, {"date": "2021-07-08-20-00-00", "latency": "78"}, {"date": "2021-07-08-20-00-00", "latency": "78"}, {"date": "2021-07-08-20-00-00", "latency": "78"}, {"date": "2021-07-08-20-00-00", "latency": "78"}, {"date": "2021-07-08-20-00-00", "latency": "78"}, {"date": "2021-07-08-20-00-00", "latency": "78"}, {"date": "2021-07-08-20-00-00", "latency": "78"}, {"date": "2021-07-08-20-00-00", "latency": "78"}, {"date": "2021-07-08-20-00-00", "latency": "78"}, {"date": "2021-07-08-15-00-00", "latency": "190"}]}, {"location": {"country_code": "br", "region": "Minas Gerais", "city": "Betim"}, "game_id": "135305", "values": [{"date": "2021-07-09-00-00-00", "latency": "137"}, {"date": "2021-07-09-00-00-00", "latency": "137"}, {"date": "2021-07-09-00-00-00", "latency": "137"}, {"date": "2021-07-09-00-00-00", "latency": "137"}, {"date": "2021-07-09-00-00-00", "latency": "137"}, {"date": "2021-07-09-00-00-00", "latency": "137"}, {"date": "2021-07-09-00-00-00", "latency": "137"}, {"date": "2021-07-09-00-00-00", "latency": "137"}, {"date": "2021-07-09-00-00-00", "latency": "137"}, {"date": "2021-07-09-00-00-00", "latency": "137"}, {"date": "2021-07-09-00-00-00", "latency": "137"}, {"date": "2021-07-09-00-00-00", "latency": "137"}, {"date": "2021-07-09-00-00-00", "latency": "137"}]}, {"location": {"country_code": "us", "region": "New Jersey"}, "game_id": "135305", "values": [{"date": "2021-07-08-04-00-00", "latency": "23"}, {"date": "2021-07-08-04-00-00", "latency": "23"}, {"date": "2021-07-08-04-00-00", "latency": "23"}, {"date": "2021-07-08-04-00-00", "latency": "23"}, {"date": "2021-07-08-04-00-00", "latency": "23"}, {"date": "2021-07-08-04-00-00", "latency": "23"}, {"date": "2021-07-08-04-00-00", "latency": "23"}, {"date": "2021-07-08-04-00-00", "latency": "23"}, {"date": "2021-07-08-04-00-00", "latency": "23"}, {"date": "2021-07-08-04-00-00", "latency": "23"}, {"date": "2021-07-08-04-00-00", "latency": "23"}, {"date": "2021-07-08-04-00-00", "latency": "23"}, {"date": "2021-07-08-04-00-00", "latency": "23"}, {"date": "2021-07-08-04-00-00", "latency": "23"}]}, {"location": {"country_code": "mx"}, "game_id": "135305", "values": [{"date": "2021-07-08-23-00-00", "latency": "88"}, {"date": "2021-07-08-23-00-00", "latency": "88"}, {"date": "2021-07-08-23-00-00", "latency": "88"}, {"date": "2021-07-08-23-00-00", "latency": "88"}, {"date": "2021-07-08-23-00-00", "latency": "88"}, {"date": "2021-07-08-23-00-00", "latency": "88"}, {"date": "2021-07-08-23-00-00", "latency": "88"}, {"date": "2021-07-08-23-00-00", "latency": "88"}, {"date": "2021-07-08-23-00-00", "latency": "88"}, {"date": "2021-07-08-23-00-00", "latency": "88"}]}, {"location": {"country_code": "us", "region": "Ohio"}, "game_id": "135305", "values": [{"date": "2021-07-08-04-00-00", "latency": "40"}, {"date": "2021-07-08-04-00-00", "latency": "40"}, {"date": "2021-07-08-04-00-00", "latency": "40"}, {"date": "2021-07-08-04-00-00", "latency": "40"}]}, {"location": {"country_code": "us", "region": "California"}, "game_id": "135305", "values": [{"date": "2021-07-08-12-00-00", "latency": "86"}, {"date": "2021-07-08-12-00-00", "latency": "86"}, {"date": "2021-07-08-12-00-00", "latency": "86"}, {"date": "2021-07-08-12-00-00", "latency": "86"}, {"date": "2021-07-08-12-00-00", "latency": "86"}, {"date": "2021-07-08-12-00-00", "latency": "86"}, {"date": "2021-07-08-12-00-00", "latency": "86"}, {"date": "2021-07-08-12-00-00", "latency": "86"}, {"date": "2021-07-08-12-00-00", "latency": "86"}, {"date": "2021-07-08-12-00-00", "latency": "86"}, {"date": "2021-07-08-12-00-00", "latency": "86"}, {"date": "2021-07-08-12-00-00", "latency": "86"}, {"date": "2021-07-09-01-00-00", "latency": "80"}, {"date": "2021-07-09-01-00-00", "latency": "80"}, {"date": "2021-07-09-01-00-00", "latency": "80"}, {"date": "2021-07-09-01-00-00", "latency": "80"}, {"date": "2021-07-09-01-00-00", "latency": "80"}, {"date": "2021-07-09-01-00-00", "latency": "80"}, {"date": "2021-07-09-01-00-00", "latency": "80"}, {"date": "2021-07-09-01-00-00", "latency": "80"}, {"date": "2021-07-09-01-00-00", "latency": "80"}, {"date": "2021-07-09-01-00-00", "latency": "80"}]}, {"location": {"country_code": "br"}, "game_id": "135305", "values": [{"date": "2021-07-09-00-00-00", "latency": "48"}]}, {"location": {"country_code": "us", "region": "California", "city": "East Los Angeles"}, "game_id": "135305", "values": [{"date": "2021-07-08-12-00-00", "latency": "79"}, {"date": "2021-07-08-12-00-00", "latency": "79"}, {"date": "2021-07-08-12-00-00", "latency": "79"}, {"date": "2021-07-08-12-00-00", "latency": "79"}, {"date": "2021-07-08-12-00-00", "latency": "79"}, {"date": "2021-07-08-11-00-00", "latency": "79"}, {"date": "2021-07-08-11-00-00", "latency": "79"}, {"date": "2021-07-08-11-00-00", "latency": "79"}, {"date": "2021-07-08-11-00-00", "latency": "79"}, {"date": "2021-07-08-11-00-00", "latency": "79"}, {"date": "2021-07-08-11-00-00", "latency": "79"}, {"date": "2021-07-08-11-00-00", "latency": "79"}, {"date": "2021-07-08-11-00-00", "latency": "79"}]}, {"location": {"country_code": "au"}, "game_id": "135305", "values": [{"date": "2021-07-08-17-00-00", "latency": "51"}, {"date": "2021-07-08-17-00-00", "latency": "51"}, {"date": "2021-07-08-17-00-00", "latency": "51"}, {"date": "2021-07-08-17-00-00", "latency": "51"}, {"date": "2021-07-08-17-00-00", "latency": "51"}, {"date": "2021-07-08-17-00-00", "latency": "51"}, {"date": "2021-07-08-17-00-00", "latency": "51"}, {"date": "2021-07-08-17-00-00", "latency": "51"}, {"date": "2021-07-08-17-00-00", "latency": "51"}, {"date": "2021-07-08-17-00-00", "latency": "51"}, {"date": "2021-07-08-17-00-00", "latency": "51"}, {"date": "2021-07-08-17-00-00", "latency": "51"}, {"date": "2021-07-08-17-00-00", "latency": "51"}, {"date": "2021-07-08-12-00-00", "latency": "223"}, {"date": "2021-07-08-12-00-00", "latency": "223"}]}, {"location": {"country_code": "us", "region": "Texas", "city": "Austin"}, "game_id": "135305", "values": [{"date": "2021-07-08-10-00-00", "latency": "49"}, {"date": "2021-07-08-10-00-00", "latency": "49"}, {"date": "2021-07-08-10-00-00", "latency": "49"}, {"date": "2021-07-08-10-00-00", "latency": "49"}]}, {"location": {"country_code": "us", "region": "California", "city": "San Francisco"}, "game_id": "135305", "values": [{"date": "2021-07-08-05-00-00", "latency": "79"}, {"date": "2021-07-08-05-00-00", "latency": "79"}, {"date": "2021-07-08-05-00-00", "latency": "79"}, {"date": "2021-07-08-05-00-00", "latency": "79"}, {"date": "2021-07-08-05-00-00", "latency": "79"}, {"date": "2021-07-08-05-00-00", "latency": "79"}]}, {"location": {"country_code": "es"}, "game_id": "135305", "values": [{"date": "2021-07-08-17-00-00", "latency": "51"}, {"date": "2021-07-08-17-00-00", "latency": "51"}, {"date": "2021-07-08-17-00-00", "latency": "51"}, {"date": "2021-07-08-17-00-00", "latency": "51"}, {"date": "2021-07-08-20-00-00", "latency": "159"}, {"date": "2021-07-08-20-00-00", "latency": "159"}, {"date": "2021-07-08-20-00-00", "latency": "159"}, {"date": "2021-07-08-20-00-00", "latency": "159"}, {"date": "2021-07-08-20-00-00", "latency": "159"}, {"date": "2021-07-08-20-00-00", "latency": "159"}, {"date": "2021-07-08-20-00-00", "latency": "159"}, {"date": "2021-07-08-20-00-00", "latency": "159"}]}, {"location": {"country_code": "es", "region": "Castille and Leon", "city": "Burgos"}, "game_id": "135305", "values": [{"date": "2021-07-08-17-00-00", "latency": "48"}, {"date": "2021-07-08-17-00-00", "latency": "48"}, {"date": "2021-07-08-17-00-00", "latency": "48"}, {"date": "2021-07-08-17-00-00", "latency": "48"}]}, {"location": {"country_code": "es", "region": "Valencia", "city": "Gandia"}, "game_id": "135305", "values": [{"date": "2021-07-08-21-00-00", "latency": "42"}, {"date": "2021-07-08-21-00-00", "latency": "42"}, {"date": "2021-07-08-21-00-00", "latency": "42"}, {"date": "2021-07-08-21-00-00", "latency": "42"}, {"date": "2021-07-08-21-00-00", "latency": "42"}, {"date": "2021-07-08-21-00-00", "latency": "42"}, {"date": "2021-07-08-21-00-00", "latency": "42"}, {"date": "2021-07-08-21-00-00", "latency": "42"}, {"date": "2021-07-08-21-00-00", "latency": "42"}, {"date": "2021-07-08-21-00-00", "latency": "42"}, {"date": "2021-07-08-21-00-00", "latency": "42"}, {"date": "2021-07-08-21-00-00", "latency": "42"}]}, {"location": {"country_code": "fi"}, "game_id": "135305", "values": [{"date": "2021-07-08-18-00-00", "latency": "48"}, {"date": "2021-07-08-18-00-00", "latency": "48"}, {"date": "2021-07-08-18-00-00", "latency": "48"}, {"date": "2021-07-08-18-00-00", "latency": "48"}, {"date": "2021-07-08-18-00-00", "latency": "48"}]}, {"location": {"country_code": "br", "region": "Estado de Bahia", "city": "Salvador"}, "game_id": "135305", "values": [{"date": "2021-07-09-02-00-00", "latency": "147"}, {"date": "2021-07-09-02-00-00", "latency": "147"}, {"date": "2021-07-09-02-00-00", "latency": "147"}, {"date": "2021-07-09-02-00-00", "latency": "147"}, {"date": "2021-07-09-02-00-00", "latency": "147"}, {"date": "2021-07-09-02-00-00", "latency": "147"}, {"date": "2021-07-09-02-00-00", "latency": "147"}, {"date": "2021-07-09-02-00-00", "latency": "147"}, {"date": "2021-07-09-02-00-00", "latency": "147"}, {"date": "2021-07-09-02-00-00", "latency": "147"}, {"date": "2021-07-09-02-00-00", "latency": "147"}, {"date": "2021-07-09-02-00-00", "latency": "147"}, {"date": "2021-07-09-02-00-00", "latency": "147"}, {"date": "2021-07-09-02-00-00", "latency": "147"}, {"date": "2021-07-09-02-00-00", "latency": "147"}, {"date": "2021-07-09-02-00-00", "latency": "147"}, {"date": "2021-07-09-02-00-00", "latency": "147"}, {"date": "2021-07-09-02-00-00", "latency": "147"}, {"date": "2021-07-09-02-00-00", "latency": "147"}, {"date": "2021-07-09-02-00-00", "latency": "147"}, {"date": "2021-07-09-02-00-00", "latency": "147"}, {"date": "2021-07-09-02-00-00", "latency": "147"}, {"date": "2021-07-09-02-00-00", "latency": "147"}, {"date": "2021-07-09-02-00-00", "latency": "147"}, {"date": "2021-07-09-02-00-00", "latency": "147"}, {"date": "2021-07-09-02-00-00", "latency": "147"}, {"date": "2021-07-09-02-00-00", "latency": "147"}, {"date": "2021-07-09-02-00-00", "latency": "147"}, {"date": "2021-07-09-02-00-00", "latency": "147"}, {"date": "2021-07-09-02-00-00", "latency": "147"}, {"date": "2021-07-09-02-00-00", "latency": "147"}, {"date": "2021-07-09-02-00-00", "latency": "147"}, {"date": "2021-07-09-02-00-00", "latency": "147"}, {"date": "2021-07-09-02-00-00", "latency": "147"}, {"date": "2021-07-09-02-00-00", "latency": "147"}, {"date": "2021-07-09-02-00-00", "latency": "147"}, {"date": "2021-07-09-02-00-00", "latency": "147"}, {"date": "2021-07-09-02-00-00", "latency": "147"}, {"date": "2021-07-09-02-00-00", "latency": "147"}, {"date": "2021-07-09-02-00-00", "latency": "147"}, {"date": "2021-07-09-02-00-00", "latency": "147"}, {"date": "2021-07-09-02-00-00", "latency": "147"}, {"date": "2021-07-09-02-00-00", "latency": "147"}, {"date": "2021-07-09-02-00-00", "latency": "147"}]}, {"location": {"country_code": "us", "region": "Arizona"}, "game_id": "135305", "values": [{"date": "2021-07-08-03-00-00", "latency": "99"}, {"date": "2021-07-08-03-00-00", "latency": "99"}, {"date": "2021-07-08-03-00-00", "latency": "99"}, {"date": "2021-07-08-03-00-00", "latency": "99"}, {"date": "2021-07-09-00-00-00", "latency": "65"}, {"date": "2021-07-09-00-00-00", "latency": "65"}, {"date": "2021-07-09-00-00-00", "latency": "65"}, {"date": "2021-07-09-00-00-00", "latency": "65"}, {"date": "2021-07-09-00-00-00", "latency": "65"}, {"date": "2021-07-09-00-00-00", "latency": "65"}, {"date": "2021-07-09-00-00-00", "latency": "65"}, {"date": "2021-07-09-00-00-00", "latency": "65"}, {"date": "2021-07-08-09-00-00", "latency": "64"}, {"date": "2021-07-08-05-00-00", "latency": "69"}, {"date": "2021-07-08-05-00-00", "latency": "69"}, {"date": "2021-07-08-05-00-00", "latency": "69"}, {"date": "2021-07-08-05-00-00", "latency": "69"}, {"date": "2021-07-08-05-00-00", "latency": "69"}, {"date": "2021-07-08-05-00-00", "latency": "69"}, {"date": "2021-07-08-05-00-00", "latency": "69"}, {"date": "2021-07-08-05-00-00", "latency": "69"}, {"date": "2021-07-08-05-00-00", "latency": "69"}, {"date": "2021-07-08-05-00-00", "latency": "69"}, {"date": "2021-07-08-05-00-00", "latency": "69"}, {"date": "2021-07-08-05-00-00", "latency": "69"}, {"date": "2021-07-08-05-00-00", "latency": "69"}, {"date": "2021-07-08-05-00-00", "latency": "69"}, {"date": "2021-07-08-05-00-00", "latency": "69"}]}, {"location": {"country_code": "es", "region": "Catalonia", "city": "l'Hospitalet de Llobregat"}, "game_id": "135305", "values": [{"date": "2021-07-08-20-00-00", "latency": "57"}, {"date": "2021-07-08-20-00-00", "latency": "57"}, {"date": "2021-07-08-20-00-00", "latency": "57"}, {"date": "2021-07-08-20-00-00", "latency": "57"}, {"date": "2021-07-08-20-00-00", "latency": "57"}, {"date": "2021-07-08-20-00-00", "latency": "57"}]}, {"location": {"country_code": "ru"}, "game_id": "135305", "values": [{"date": "2021-07-08-19-00-00", "latency": "53"}, {"date": "2021-07-08-19-00-00", "latency": "53"}, {"date": "2021-07-08-19-00-00", "latency": "53"}, {"date": "2021-07-08-19-00-00", "latency": "53"}, {"date": "2021-07-08-22-00-00", "latency": "57"}, {"date": "2021-07-08-22-00-00", "latency": "57"}, {"date": "2021-07-08-22-00-00", "latency": "57"}, {"date": "2021-07-08-22-00-00", "latency": "57"}, {"date": "2021-07-08-22-00-00", "latency": "57"}, {"date": "2021-07-08-22-00-00", "latency": "57"}, {"date": "2021-07-08-22-00-00", "latency": "57"}, {"date": "2021-07-08-22-00-00", "latency": "57"}, {"date": "2021-07-08-22-00-00", "latency": "57"}, {"date": "2021-07-08-22-00-00", "latency": "57"}, {"date": "2021-07-08-22-00-00", "latency": "57"}, {"date": "2021-07-08-22-00-00", "latency": "57"}, {"date": "2021-07-08-22-00-00", "latency": "57"}, {"date": "2021-07-08-22-00-00", "latency": "57"}, {"date": "2021-07-08-22-00-00", "latency": "57"}, {"date": "2021-07-08-22-00-00", "latency": "57"}, {"date": "2021-07-08-22-00-00", "latency": "57"}, {"date": "2021-07-08-22-00-00", "latency": "57"}, {"date": "2021-07-08-22-00-00", "latency": "57"}, {"date": "2021-07-08-22-00-00", "latency": "57"}]}, {"location": {"country_code": "my"}, "game_id": "135305", "values": [{"date": "2021-07-08-17-00-00", "latency": "97"}, {"date": "2021-07-08-17-00-00", "latency": "97"}, {"date": "2021-07-08-17-00-00", "latency": "97"}, {"date": "2021-07-08-17-00-00", "latency": "97"}, {"date": "2021-07-08-17-00-00", "latency": "97"}, {"date": "2021-07-08-17-00-00", "latency": "97"}]}, {"location": {"country_code": "br", "region": "State of Rio de Janeiro", "city": "Angra dos Reis"}, "game_id": "135305", "values": [{"date": "2021-07-08-22-00-00", "latency": "135"}, {"date": "2021-07-08-22-00-00", "latency": "135"}, {"date": "2021-07-08-22-00-00", "latency": "135"}, {"date": "2021-07-08-22-00-00", "latency": "135"}, {"date": "2021-07-08-22-00-00", "latency": "135"}, {"date": "2021-07-08-22-00-00", "latency": "135"}, {"date": "2021-07-08-22-00-00", "latency": "135"}, {"date": "2021-07-09-02-00-00", "latency": "8"}]}, {"location": {"country_code": "es", "region": "Galicia"}, "game_id": "135305", "values": [{"date": "2021-07-08-20-00-00", "latency": "57"}, {"date": "2021-07-08-20-00-00", "latency": "57"}, {"date": "2021-07-08-20-00-00", "latency": "57"}]}, {"location": {"country_code": "us", "region": "Florida", "city": "Miami"}, "game_id": "135305", "values": [{"date": "2021-07-08-05-00-00", "latency": "43"}, {"date": "2021-07-08-05-00-00", "latency": "43"}, {"date": "2021-07-08-05-00-00", "latency": "43"}]}, {"location": {"country_code": "fr", "region": "Ile-de-France Region", "city": "Paris"}, "game_id": "135305", "values": [{"date": "2021-07-09-00-00-00", "latency": "23"}, {"date": "2021-07-09-00-00-00", "latency": "23"}, {"date": "2021-07-09-00-00-00", "latency": "23"}, {"date": "2021-07-09-00-00-00", "latency": "23"}, {"date": "2021-07-09-00-00-00", "latency": "23"}, {"date": "2021-07-09-00-00-00", "latency": "23"}, {"date": "2021-07-09-00-00-00", "latency": "23"}, {"date": "2021-07-09-00-00-00", "latency": "23"}]}, {"location": {"country_code": "us", "region": "Maryland"}, "game_id": "135305", "values": [{"date": "2021-07-09-02-00-00", "latency": "8"}]}, {"location": {"country_code": "us", "region": "Georgia", "city": "Atlanta"}, "game_id": "135305", "values": [{"date": "2021-07-08-23-00-00", "latency": "25"}, {"date": "2021-07-08-23-00-00", "latency": "25"}, {"date": "2021-07-08-23-00-00", "latency": "25"}, {"date": "2021-07-08-23-00-00", "latency": "25"}, {"date": "2021-07-08-23-00-00", "latency": "25"}, {"date": "2021-07-08-23-00-00", "latency": "25"}, {"date": "2021-07-08-23-00-00", "latency": "25"}, {"date": "2021-07-08-23-00-00", "latency": "25"}, {"date": "2021-07-08-23-00-00", "latency": "25"}, {"date": "2021-07-08-23-00-00", "latency": "25"}, {"date": "2021-07-08-23-00-00", "latency": "25"}, {"date": "2021-07-08-23-00-00", "latency": "25"}, {"date": "2021-07-08-23-00-00", "latency": "25"}, {"date": "2021-07-08-23-00-00", "latency": "25"}, {"date": "2021-07-08-23-00-00", "latency": "25"}, {"date": "2021-07-08-23-00-00", "latency": "25"}, {"date": "2021-07-08-23-00-00", "latency": "25"}, {"date": "2021-07-08-23-00-00", "latency": "25"}, {"date": "2021-07-08-23-00-00", "latency": "25"}, {"date": "2021-07-08-23-00-00", "latency": "25"}, {"date": "2021-07-08-23-00-00", "latency": "25"}, {"date": "2021-07-08-23-00-00", "latency": "25"}, {"date": "2021-07-08-23-00-00", "latency": "25"}, {"date": "2021-07-08-23-00-00", "latency": "25"}, {"date": "2021-07-08-23-00-00", "latency": "25"}, {"date": "2021-07-08-23-00-00", "latency": "25"}, {"date": "2021-07-08-23-00-00", "latency": "25"}, {"date": "2021-07-08-23-00-00", "latency": "25"}, {"date": "2021-07-08-23-00-00", "latency": "25"}, {"date": "2021-07-08-23-00-00", "latency": "25"}, {"date": "2021-07-08-23-00-00", "latency": "25"}, {"date": "2021-07-08-23-00-00", "latency": "25"}, {"date": "2021-07-08-23-00-00", "latency": "25"}, {"date": "2021-07-08-23-00-00", "latency": "25"}, {"date": "2021-07-08-23-00-00", "latency": "25"}, {"date": "2021-07-08-23-00-00", "latency": "25"}, {"date": "2021-07-08-23-00-00", "latency": "25"}, {"date": "2021-07-08-23-00-00", "latency": "25"}, {"date": "2021-07-08-23-00-00", "latency": "25"}, {"date": "2021-07-08-23-00-00", "latency": "25"}, {"date": "2021-07-08-23-00-00", "latency": "25"}, {"date": "2021-07-08-23-00-00", "latency": "25"}, {"date": "2021-07-08-23-00-00", "latency": "25"}, {"date": "2021-07-08-23-00-00", "latency": "25"}, {"date": "2021-07-08-23-00-00", "latency": "25"}, {"date": "2021-07-08-23-00-00", "latency": "25"}, {"date": "2021-07-08-23-00-00", "latency": "25"}, {"date": "2021-07-08-23-00-00", "latency": "25"}, {"date": "2021-07-08-23-00-00", "latency": "25"}, {"date": "2021-07-08-23-00-00", "latency": "25"}, {"date": "2021-07-08-23-00-00", "latency": "25"}, {"date": "2021-07-08-23-00-00", "latency": "25"}, {"date": "2021-07-08-23-00-00", "latency": "25"}, {"date": "2021-07-08-23-00-00", "latency": "25"}, {"date": "2021-07-08-23-00-00", "latency": "25"}, {"date": "2021-07-08-23-00-00", "latency": "25"}, {"date": "2021-07-08-23-00-00", "latency": "25"}, {"date": "2021-07-08-23-00-00", "latency": "25"}, {"date": "2021-07-08-23-00-00", "latency": "25"}]}, {"location": {"country_code": "es", "region": "Balearic Islands", "city": "Palma"}, "game_id": "135305", "values": [{"date": "2021-07-08-14-00-00", "latency": "47"}, {"date": "2021-07-08-14-00-00", "latency": "47"}, {"date": "2021-07-08-14-00-00", "latency": "47"}, {"date": "2021-07-08-14-00-00", "latency": "47"}]}, {"location": {"country_code": "us", "region": "Ohio", "city": "Columbus"}, "game_id": "135305", "values": [{"date": "2021-07-08-19-00-00", "latency": "31"}, {"date": "2021-07-08-19-00-00", "latency": "31"}, {"date": "2021-07-08-19-00-00", "latency": "31"}, {"date": "2021-07-08-19-00-00", "latency": "31"}, {"date": "2021-07-08-19-00-00", "latency": "31"}, {"date": "2021-07-08-19-00-00", "latency": "31"}, {"date": "2021-07-08-19-00-00", "latency": "31"}, {"date": "2021-07-08-19-00-00", "latency": "31"}, {"date": "2021-07-08-19-00-00", "latency": "31"}, {"date": "2021-07-08-19-00-00", "latency": "31"}, {"date": "2021-07-08-19-00-00", "latency": "31"}, {"date": "2021-07-08-19-00-00", "latency": "31"}, {"date": "2021-07-08-19-00-00", "latency": "31"}, {"date": "2021-07-08-19-00-00", "latency": "31"}, {"date": "2021-07-08-19-00-00", "latency": "31"}, {"date": "2021-07-08-19-00-00", "latency": "31"}, {"date": "2021-07-08-19-00-00", "latency": "31"}, {"date": "2021-07-08-19-00-00", "latency": "31"}, {"date": "2021-07-08-19-00-00", "latency": "31"}, {"date": "2021-07-08-19-00-00", "latency": "31"}, {"date": "2021-07-08-19-00-00", "latency": "31"}, {"date": "2021-07-08-19-00-00", "latency": "31"}, {"date": "2021-07-08-19-00-00", "latency": "31"}, {"date": "2021-07-08-19-00-00", "latency": "31"}, {"date": "2021-07-08-19-00-00", "latency": "31"}]}, {"location": {"country_code": "es", "region": "Castille and Leon", "city": "Valladolid"}, "game_id": "135305", "values": [{"date": "2021-07-08-21-00-00", "latency": "48"}, {"date": "2021-07-08-21-00-00", "latency": "48"}, {"date": "2021-07-08-21-00-00", "latency": "48"}, {"date": "2021-07-08-21-00-00", "latency": "48"}, {"date": "2021-07-08-21-00-00", "latency": "48"}, {"date": "2021-07-08-21-00-00", "latency": "48"}, {"date": "2021-07-08-21-00-00", "latency": "48"}, {"date": "2021-07-08-21-00-00", "latency": "48"}, {"date": "2021-07-08-21-00-00", "latency": "48"}, {"date": "2021-07-08-21-00-00", "latency": "48"}, {"date": "2021-07-08-21-00-00", "latency": "48"}, {"date": "2021-07-08-21-00-00", "latency": "48"}, {"date": "2021-07-08-21-00-00", "latency": "48"}]}, {"location": {"country_code": "us", "region": "Michigan", "city": "Grand Rapids"}, "game_id": "135305", "values": [{"date": "2021-07-08-20-00-00", "latency": "25"}, {"date": "2021-07-08-20-00-00", "latency": "25"}, {"date": "2021-07-08-20-00-00", "latency": "25"}, {"date": "2021-07-08-20-00-00", "latency": "25"}, {"date": "2021-07-08-20-00-00", "latency": "25"}, {"date": "2021-07-08-20-00-00", "latency": "25"}, {"date": "2021-07-08-20-00-00", "latency": "25"}, {"date": "2021-07-08-20-00-00", "latency": "25"}, {"date": "2021-07-08-20-00-00", "latency": "25"}, {"date": "2021-07-08-20-00-00", "latency": "25"}]}, {"location": {"country_code": "pl", "region": "Masovian Voivodeship"}, "game_id": "135305", "values": [{"date": "2021-07-08-20-00-00", "latency": "7"}, {"date": "2021-07-08-20-00-00", "latency": "7"}, {"date": "2021-07-08-20-00-00", "latency": "7"}, {"date": "2021-07-08-20-00-00", "latency": "7"}]}, {"location": {"country_code": "mx", "region": "Quintana Roo", "city": "Cancun"}, "game_id": "135305", "values": [{"date": "2021-07-08-11-00-00", "latency": "37"}, {"date": "2021-07-08-11-00-00", "latency": "37"}, {"date": "2021-07-08-11-00-00", "latency": "37"}, {"date": "2021-07-08-11-00-00", "latency": "37"}, {"date": "2021-07-08-11-00-00", "latency": "37"}, {"date": "2021-07-08-11-00-00", "latency": "37"}, {"date": "2021-07-08-11-00-00", "latency": "37"}, {"date": "2021-07-08-11-00-00", "latency": "37"}, {"date": "2021-07-08-11-00-00", "latency": "37"}, {"date": "2021-07-08-11-00-00", "latency": "37"}, {"date": "2021-07-08-11-00-00", "latency": "37"}, {"date": "2021-07-08-11-00-00", "latency": "37"}, {"date": "2021-07-08-11-00-00", "latency": "37"}, {"date": "2021-07-08-11-00-00", "latency": "37"}, {"date": "2021-07-08-11-00-00", "latency": "37"}, {"date": "2021-07-08-11-00-00", "latency": "37"}, {"date": "2021-07-08-11-00-00", "latency": "37"}, {"date": "2021-07-08-11-00-00", "latency": "37"}, {"date": "2021-07-08-11-00-00", "latency": "37"}]}, {"location": {"country_code": "es", "region": "Canary Islands", "city": "Telde"}, "game_id": "135305", "values": [{"date": "2021-07-08-18-00-00", "latency": "63"}, {"date": "2021-07-08-18-00-00", "latency": "63"}, {"date": "2021-07-08-18-00-00", "latency": "63"}, {"date": "2021-07-08-18-00-00", "latency": "63"}, {"date": "2021-07-08-18-00-00", "latency": "63"}, {"date": "2021-07-08-18-00-00", "latency": "63"}, {"date": "2021-07-08-18-00-00", "latency": "63"}, {"date": "2021-07-08-18-00-00", "latency": "63"}, {"date": "2021-07-08-18-00-00", "latency": "63"}, {"date": "2021-07-08-18-00-00", "latency": "63"}, {"date": "2021-07-08-18-00-00", "latency": "63"}, {"date": "2021-07-08-18-00-00", "latency": "63"}, {"date": "2021-07-08-18-00-00", "latency": "63"}, {"date": "2021-07-08-18-00-00", "latency": "63"}, {"date": "2021-07-08-18-00-00", "latency": "63"}, {"date": "2021-07-08-18-00-00", "latency": "63"}, {"date": "2021-07-08-18-00-00", "latency": "63"}, {"date": "2021-07-08-18-00-00", "latency": "63"}, {"date": "2021-07-08-18-00-00", "latency": "63"}, {"date": "2021-07-08-18-00-00", "latency": "63"}, {"date": "2021-07-08-18-00-00", "latency": "63"}, {"date": "2021-07-08-18-00-00", "latency": "63"}]}, {"location": {"country_code": "ro", "region": "Mures County"}, "game_id": "135305", "values": [{"date": "2021-07-09-00-00-00", "latency": "27"}, {"date": "2021-07-09-00-00-00", "latency": "27"}, {"date": "2021-07-09-00-00-00", "latency": "27"}, {"date": "2021-07-09-00-00-00", "latency": "27"}, {"date": "2021-07-09-00-00-00", "latency": "27"}, {"date": "2021-07-09-00-00-00", "latency": "27"}]}, {"location": {"country_code": "de", "region": "Schleswig-Holstein", "city": "Heide"}, "game_id": "135305", "values": [{"date": "2021-07-08-09-00-00", "latency": "20"}]}], "last_updated": 1719912912.675008}