{"data": [{"location": {"country_code": "nz"}, "game_id": "116088", "values": [{"date": "2022-07-14-19-00-00", "alternatives": [7, 74, 74, 74]}]}, {"location": {"country_code": "us"}, "game_id": "116088", "values": [{"date": "2022-07-14-10-00-00", "alternatives": [183, 183, 1, 83, 183, 183]}]}, {"location": {"country_code": "th"}, "game_id": "116088", "values": [{"date": "2022-07-14-18-00-00", "alternatives": [39, 68, 39, 39]}]}, {"location": {"country_code": "gr"}, "game_id": "116088", "values": [{"date": "2022-07-14-18-00-00", "alternatives": [68, 68, 6, 68]}, {"date": "2022-07-14-18-00-00", "alternatives": [68, 68, 6, 68]}]}, {"location": {"country_code": "za"}, "game_id": "116088", "values": [{"date": "2022-07-14-20-00-00", "alternatives": [2, 0, 2, 2]}, {"date": "2022-07-14-20-00-00", "alternatives": [2, 0, 2, 2]}]}, {"location": {"country_code": "jp"}, "game_id": "116088", "values": [{"date": "2022-07-14-22-00-00", "alternatives": [69, 89, 89, 89]}]}, {"location": {"country_code": "ca"}, "game_id": "116088", "values": [{"date": "2022-07-14-05-00-00", "alternatives": [28, 28, 2, 28]}]}, {"location": {"country_code": "de"}, "game_id": "116088", "values": [{"date": "2022-07-14-14-00-00", "alternatives": [48, 13, 13, 13]}]}, {"location": {"country_code": "ph", "region": "National Capital Region", "city": "Quezon City"}, "game_id": "116088", "values": [{"date": "2022-07-14-21-00-00", "alternatives": [39, 68, 39, 39]}, {"date": "2022-07-14-21-00-00", "alternatives": [39, 68, 39, 39]}, {"date": "2022-07-14-21-00-00", "alternatives": [39, 68, 39, 39]}]}, {"location": {"country_code": "in"}, "game_id": "116088", "values": [{"date": "2022-07-14-10-00-00", "alternatives": [38, 38, 3, 38]}, {"date": "2022-07-14-10-00-00", "alternatives": [38, 38, 3, 38]}, {"date": "2022-07-14-10-00-00", "alternatives": [38, 38, 3, 38]}]}, {"location": {"country_code": "rs"}, "game_id": "116088", "values": [{"date": "2022-07-14-17-00-00", "alternatives": [0, 40, 40, 40]}]}, {"location": {"country_code": "br"}, "game_id": "116088", "values": [{"date": "2022-07-14-20-00-00", "alternatives": [151, 151, 51, 151, 151]}, {"date": "2022-07-14-20-00-00", "alternatives": [151, 151, 51, 151, 151]}, {"date": "2022-07-14-20-00-00", "alternatives": [151, 151, 51, 151, 151]}, {"date": "2022-07-14-20-00-00", "alternatives": [151, 151, 51, 151, 151]}, {"date": "2022-07-14-20-00-00", "alternatives": [151, 151, 51, 151, 151]}, {"date": "2022-07-14-20-00-00", "alternatives": [151, 151, 51, 151, 151]}, {"date": "2022-07-14-05-00-00", "alternatives": [142, 142, 42, 142, 142]}, {"date": "2022-07-14-05-00-00", "alternatives": [142, 142, 42, 142, 142]}, {"date": "2022-07-14-05-00-00", "alternatives": [142, 142, 42, 142, 142]}, {"date": "2022-07-14-05-00-00", "alternatives": [142, 142, 42, 142, 142]}, {"date": "2022-07-14-05-00-00", "alternatives": [142, 142, 42, 142, 142]}, {"date": "2022-07-14-05-00-00", "alternatives": [142, 142, 42, 142, 142]}, {"date": "2022-07-14-05-00-00", "alternatives": [142, 142, 42, 142, 142]}, {"date": "2022-07-14-05-00-00", "alternatives": [142, 142, 42, 142, 142]}, {"date": "2022-07-14-05-00-00", "alternatives": [142, 142, 42, 142, 142]}, {"date": "2022-07-14-05-00-00", "alternatives": [142, 142, 42, 142, 142]}, {"date": "2022-07-14-05-00-00", "alternatives": [142, 142, 42, 142, 142]}, {"date": "2022-07-14-05-00-00", "alternatives": [142, 142, 42, 142, 142]}, {"date": "2022-07-14-05-00-00", "alternatives": [142, 142, 42, 142, 142]}, {"date": "2022-07-14-05-00-00", "alternatives": [142, 142, 42, 142, 142]}, {"date": "2022-07-14-05-00-00", "alternatives": [142, 142, 42, 142, 142]}, {"date": "2022-07-14-05-00-00", "alternatives": [142, 142, 42, 142, 142]}]}, {"location": {"country_code": "us", "region": "California", "city": "East Los Angeles"}, "game_id": "116088", "values": [{"date": "2022-07-15-01-00-00", "alternatives": [7, 74, 74, 74]}]}, {"location": {"country_code": "ec"}, "game_id": "116088", "values": [{"date": "2022-07-14-09-00-00", "alternatives": [123, 123, 23, 123]}, {"date": "2022-07-14-09-00-00", "alternatives": [123, 123, 23, 123]}, {"date": "2022-07-14-05-00-00", "alternatives": [94, 6, 94, 94]}, {"date": "2022-07-14-05-00-00", "alternatives": [94, 6, 94, 94]}]}, {"location": {"country_code": "au"}, "game_id": "116088", "values": [{"date": "2022-07-14-12-00-00", "alternatives": [108, 108, 108, 108]}, {"date": "2022-07-14-13-00-00", "alternatives": [108, 108, 108, 108]}, {"date": "2022-07-14-13-00-00", "alternatives": [108, 108, 108, 108]}, {"date": "2022-07-14-13-00-00", "alternatives": [108, 108, 108, 108]}, {"date": "2022-07-14-13-00-00", "alternatives": [108, 108, 108, 108]}, {"date": "2022-07-14-12-00-00", "alternatives": [100, 100, 1, 100, 100]}, {"date": "2022-07-14-12-00-00", "alternatives": [100, 100, 1, 100, 100]}, {"date": "2022-07-14-12-00-00", "alternatives": [100, 100, 1, 100, 100]}, {"date": "2022-07-14-12-00-00", "alternatives": [100, 100, 1, 100, 100]}, {"date": "2022-07-14-12-00-00", "alternatives": [100, 100, 1, 100, 100]}, {"date": "2022-07-14-12-00-00", "alternatives": [100, 100, 1, 100, 100]}, {"date": "2022-07-14-12-00-00", "alternatives": [100, 100, 1, 100, 100]}, {"date": "2022-07-14-12-00-00", "alternatives": [100, 100, 1, 100, 100]}, {"date": "2022-07-14-12-00-00", "alternatives": [100, 100, 1, 100, 100]}, {"date": "2022-07-14-12-00-00", "alternatives": [100, 100, 1, 100, 100]}, {"date": "2022-07-14-12-00-00", "alternatives": [100, 100, 1, 100, 100]}, {"date": "2022-07-14-12-00-00", "alternatives": [100, 100, 1, 100, 100]}]}, {"location": {"country_code": "dk"}, "game_id": "116088", "values": [{"date": "2022-07-14-17-00-00", "alternatives": [33, 8, 33, 33]}]}, {"location": {"country_code": "tr"}, "game_id": "116088", "values": [{"date": "2022-07-14-21-00-00", "alternatives": [49, 6, 49, 49]}, {"date": "2022-07-14-21-00-00", "alternatives": [49, 6, 49, 49]}, {"date": "2022-07-14-21-00-00", "alternatives": [49, 6, 49, 49]}, {"date": "2022-07-14-20-00-00", "alternatives": [55, 5, 5, 55, 55]}]}, {"location": {"country_code": "bo", "region": "Santa Cruz Department"}, "game_id": "116088", "values": [{"date": "2022-07-14-19-00-00", "alternatives": [38, 38, 3, 38]}]}, {"location": {"country_code": "jm"}, "game_id": "116088", "values": [{"date": "2022-07-14-18-00-00", "alternatives": [61, 67, 67, 67]}]}, {"location": {"country_code": "ru", "region": "Moscow", "city": "Zelenograd"}, "game_id": "116088", "values": [{"date": "2022-07-14-08-00-00", "alternatives": [36, 38, 36, 36]}, {"date": "2022-07-14-08-00-00", "alternatives": [36, 38, 36, 36]}, {"date": "2022-07-14-19-00-00", "alternatives": [21, 27, 21, 21]}]}, {"location": {"country_code": "ua"}, "game_id": "116088", "values": [{"date": "2022-07-14-15-00-00", "alternatives": [42, 32, 32, 32]}, {"date": "2022-07-14-15-00-00", "alternatives": [48, 8, 8, 8]}, {"date": "2022-07-14-18-00-00", "alternatives": [38, 88, 38, 38]}]}, {"location": {"country_code": "kz"}, "game_id": "116088", "values": [{"date": "2022-07-14-16-00-00", "alternatives": [58, 58, 5, 58]}, {"date": "2022-07-14-16-00-00", "alternatives": [58, 58, 5, 58]}, {"date": "2022-07-14-17-00-00", "alternatives": [98, 98, 9, 98]}, {"date": "2022-07-14-17-00-00", "alternatives": [98, 98, 9, 98]}, {"date": "2022-07-14-15-00-00", "alternatives": [47, 7, 47, 47]}]}, {"location": {"country_code": "sg"}, "game_id": "116088", "values": [{"date": "2022-07-14-08-00-00", "alternatives": [3, 2, 3, 3]}]}, {"location": {"country_code": "ru"}, "game_id": "116088", "values": [{"date": "2022-07-14-13-00-00", "alternatives": [98, 86, 7, 98, 98]}, {"date": "2022-07-14-16-00-00", "alternatives": [44, 4, 44, 44]}, {"date": "2022-07-14-15-00-00", "alternatives": [56, 50, 56, 56]}, {"date": "2022-07-14-03-00-00", "alternatives": [44, 14, 44, 44]}]}, {"location": {"country_code": "my"}, "game_id": "116088", "values": [{"date": "2022-07-14-08-00-00", "alternatives": [44, 14, 44, 44]}]}, {"location": {"country_code": "id"}, "game_id": "116088", "values": [{"date": "2022-07-14-16-00-00", "alternatives": [1, 18, 18, 18]}, {"date": "2022-07-14-16-00-00", "alternatives": [1, 18, 18, 18]}, {"date": "2022-07-14-16-00-00", "alternatives": [1, 18, 18, 18]}]}, {"location": {"country_code": "br", "region": "State of Rio de Janeiro", "city": "Angra dos Reis"}, "game_id": "116088", "values": [{"date": "2022-07-15-00-00-00", "alternatives": [147, 147, 47, 147, 147]}, {"date": "2022-07-15-00-00-00", "alternatives": [147, 147, 47, 147, 147]}, {"date": "2022-07-15-00-00-00", "alternatives": [147, 147, 47, 147, 147]}, {"date": "2022-07-15-00-00-00", "alternatives": [147, 147, 47, 147, 147]}, {"date": "2022-07-15-00-00-00", "alternatives": [147, 147, 47, 147, 147]}]}, {"location": {"country_code": "jp", "region": "Kyoto", "city": "Kyoto"}, "game_id": "116088", "values": [{"date": "2022-07-14-10-00-00", "alternatives": [93, 3, 92, 93, 93]}, {"date": "2022-07-14-10-00-00", "alternatives": [93, 3, 92, 93, 93]}]}, {"location": {"country_code": "hr"}, "game_id": "116088", "values": [{"date": "2022-07-15-00-00-00", "alternatives": [226, 26, 26, 26, 2, 47]}]}, {"location": {"country_code": "by"}, "game_id": "116088", "values": [{"date": "2022-07-14-03-00-00", "alternatives": [28, 28, 2, 28]}]}, {"location": {"country_code": "mg"}, "game_id": "116088", "values": [{"date": "2022-07-14-13-00-00", "alternatives": [274, 24, 24, 24]}]}, {"location": {"country_code": "ru", "region": "Khabarovsk Krai", "city": "Khabarovsk"}, "game_id": "116088", "values": [{"date": "2022-07-14-13-00-00", "alternatives": [119, 119, 19, 119]}, {"date": "2022-07-14-13-00-00", "alternatives": [119, 119, 19, 119]}, {"date": "2022-07-14-13-00-00", "alternatives": [119, 119, 19, 119]}, {"date": "2022-07-14-13-00-00", "alternatives": [119, 119, 19, 119]}]}, {"location": {"country_code": "ne"}, "game_id": "116088", "values": [{"date": "2022-07-14-05-00-00", "alternatives": [44, 4, 44, 44]}, {"date": "2022-07-14-14-00-00", "alternatives": [42, 3, 42, 42]}, {"date": "2022-07-14-14-00-00", "alternatives": [42, 3, 42, 42]}, {"date": "2022-07-14-22-00-00", "alternatives": [66, 60, 66, 66]}, {"date": "2022-07-14-14-00-00", "alternatives": [105, 105, 105, 105]}]}, {"location": {"country_code": "in", "region": "National Capital Territory of Delhi", "city": "New Delhi"}, "game_id": "116088", "values": [{"date": "2022-07-14-21-00-00", "alternatives": [75, 7, 7, 7]}]}, {"location": {"country_code": "cn", "region": "Beijing Municipality", "city": "Daxing"}, "game_id": "116088", "values": [{"date": "2022-07-14-06-00-00", "alternatives": [47, 37, 47, 47]}, {"date": "2022-07-14-06-00-00", "alternatives": [47, 37, 47, 47]}, {"date": "2022-07-14-06-00-00", "alternatives": [47, 37, 47, 47]}]}, {"location": {"country_code": "il"}, "game_id": "116088", "values": [{"date": "2022-07-14-19-00-00", "alternatives": [61, 67, 61, 61]}]}, {"location": {"country_code": "us", "region": "Ohio", "city": "Streetsboro"}, "game_id": "116088", "values": [{"date": "2022-07-14-18-00-00", "alternatives": [130, 130, 30, 180, 130]}, {"date": "2022-07-14-18-00-00", "alternatives": [130, 130, 30, 180, 130]}, {"date": "2022-07-14-18-00-00", "alternatives": [130, 130, 30, 180, 130]}, {"date": "2022-07-14-18-00-00", "alternatives": [130, 130, 30, 180, 130]}]}, {"location": {"country_code": "kg"}, "game_id": "116088", "values": [{"date": "2022-07-14-21-00-00", "alternatives": [98, 98, 7, 9, 98]}]}, {"location": {"country_code": "by", "region": "Grodnenskaya"}, "game_id": "116088", "values": [{"date": "2022-07-14-03-00-00", "alternatives": [138, 138, 38, 138, 138]}, {"date": "2022-07-14-03-00-00", "alternatives": [138, 138, 38, 138, 138]}, {"date": "2022-07-14-03-00-00", "alternatives": [138, 138, 38, 138, 138]}, {"date": "2022-07-14-03-00-00", "alternatives": [138, 138, 38, 138, 138]}, {"date": "2022-07-14-03-00-00", "alternatives": [138, 138, 38, 138, 138]}, {"date": "2022-07-14-03-00-00", "alternatives": [138, 138, 38, 138, 138]}, {"date": "2022-07-14-03-00-00", "alternatives": [138, 138, 38, 138, 138]}, {"date": "2022-07-14-03-00-00", "alternatives": [138, 138, 38, 138, 138]}, {"date": "2022-07-14-03-00-00", "alternatives": [138, 138, 38, 138, 138]}, {"date": "2022-07-14-03-00-00", "alternatives": [138, 138, 38, 138, 138]}, {"date": "2022-07-14-03-00-00", "alternatives": [138, 138, 38, 138, 138]}, {"date": "2022-07-14-03-00-00", "alternatives": [138, 138, 38, 138, 138]}]}, {"location": {"country_code": "ru", "region": "Sverdlovsk Oblast", "city": "Nevyansk"}, "game_id": "116088", "values": [{"date": "2022-07-14-19-00-00", "alternatives": [39, 68, 39, 39]}]}, {"location": {"country_code": "jp", "region": "Mitaka"}, "game_id": "116088", "values": [{"date": "2022-07-14-17-00-00", "alternatives": [114, 114, 14, 114, 114]}]}], "last_updated": 1719918492.846467}