{"data": [{"location": {"country_code": "us"}, "game_id": "319965", "values": [{"date": "2022-04-08-17-00-00", "alternatives": [136, 136018, 136, 136]}]}, {"location": {"country_code": "gb"}, "game_id": "319965", "values": [{"date": "2022-04-09-00-00-00", "alternatives": [7, 265, 265, 265]}, {"date": "2022-04-09-00-00-00", "alternatives": [7, 265, 265, 265]}, {"date": "2022-04-09-00-00-00", "alternatives": [7, 265, 265, 265]}, {"date": "2022-04-09-00-00-00", "alternatives": [7, 265, 265, 265]}, {"date": "2022-04-09-00-00-00", "alternatives": [7, 265, 265, 265]}, {"date": "2022-04-09-00-00-00", "alternatives": [7, 265, 265, 265]}, {"date": "2022-04-09-00-00-00", "alternatives": [7, 265, 265, 265]}, {"date": "2022-04-09-00-00-00", "alternatives": [7, 265, 265, 265]}, {"date": "2022-04-09-00-00-00", "alternatives": [7, 265, 265, 265]}, {"date": "2022-04-09-00-00-00", "alternatives": [7, 265, 265, 265]}, {"date": "2022-04-09-00-00-00", "alternatives": [7, 265, 265, 265]}, {"date": "2022-04-09-00-00-00", "alternatives": [7, 265, 265, 265]}, {"date": "2022-04-09-00-00-00", "alternatives": [7, 265, 265, 265]}, {"date": "2022-04-09-00-00-00", "alternatives": [7, 265, 265, 265]}, {"date": "2022-04-09-00-00-00", "alternatives": [7, 265, 265, 265]}, {"date": "2022-04-09-00-00-00", "alternatives": [7, 265, 265, 265]}, {"date": "2022-04-09-00-00-00", "alternatives": [7, 265, 265, 265]}, {"date": "2022-04-09-00-00-00", "alternatives": [7, 265, 265, 265]}, {"date": "2022-04-09-00-00-00", "alternatives": [7, 265, 265, 265]}, {"date": "2022-04-09-00-00-00", "alternatives": [7, 265, 265, 265]}]}, {"location": {"country_code": "de"}, "game_id": "319965", "values": [{"date": "2022-04-08-22-00-00", "alternatives": ["50", "50", "21"]}]}, {"location": {"country_code": "de", "region": "Bremen", "city": "Bremen"}, "game_id": "319965", "values": [{"date": "2022-04-08-22-00-00", "alternatives": [344, 50, 50, 50]}]}, {"location": {"country_code": "fr", "region": "Occitanie", "city": "Montpellier"}, "game_id": "319965", "values": [{"date": "2022-04-08-22-00-00", "alternatives": [344, 50, 50, 50]}, {"date": "2022-04-08-22-00-00", "alternatives": [344, 50, 50, 50]}, {"date": "2022-04-08-22-00-00", "alternatives": [344, 50, 50, 50]}, {"date": "2022-04-08-22-00-00", "alternatives": [344, 50, 50, 50]}]}, {"location": {"country_code": "fr", "region": "Ile-de-France Region", "city": "Saint-Ouen-sur-Seine"}, "game_id": "319965", "values": [{"date": "2022-04-08-21-00-00", "alternatives": [8, 50, 50, 50]}]}, {"location": {"country_code": "au"}, "game_id": "319965", "values": [{"date": "2022-04-08-12-00-00", "alternatives": [30, 830, 30, 30]}]}, {"location": {"country_code": "au", "region": "Victoria", "city": "Melbourne"}, "game_id": "319965", "values": [{"date": "2022-04-08-14-00-00", "alternatives": [7, 300, 0, 7, 7]}, {"date": "2022-04-08-14-00-00", "alternatives": [7, 300, 0, 7, 7]}, {"date": "2022-04-08-14-00-00", "alternatives": [7, 300, 0, 7, 7]}]}, {"location": {"country_code": "us", "region": "Virginia"}, "game_id": "319965", "values": [{"date": "2022-04-09-02-00-00", "alternatives": [5, 15, 5, 5]}, {"date": "2022-04-09-02-00-00", "alternatives": [5, 15, 5, 5]}]}, {"location": {"country_code": "us", "region": "Alaska"}, "game_id": "319965", "values": [{"date": "2022-04-08-23-00-00", "alternatives": [6, 206, 6, 6]}]}, {"location": {"country_code": "gb", "region": "England", "city": "London"}, "game_id": "319965", "values": [{"date": "2022-04-08-20-00-00", "alternatives": [265, 50, 265, 265]}]}, {"location": {"country_code": "kz"}, "game_id": "319965", "values": [{"date": "2022-04-08-19-00-00", "alternatives": [57, 265, 265, 265]}, {"date": "2022-04-08-19-00-00", "alternatives": [57, 265, 265, 265]}]}, {"location": {"country_code": "gb", "region": "England", "city": "Liverpool"}, "game_id": "319965", "values": [{"date": "2022-04-08-21-00-00", "alternatives": [0, 265, 265, 265]}, {"date": "2022-04-08-21-00-00", "alternatives": [0, 265, 265, 265]}, {"date": "2022-04-08-21-00-00", "alternatives": [0, 265, 265, 265]}, {"date": "2022-04-08-21-00-00", "alternatives": [0, 265, 265, 265]}, {"date": "2022-04-08-21-00-00", "alternatives": [0, 265, 265, 265]}]}, {"location": {"country_code": "us", "region": "Idaho"}, "game_id": "319965", "values": [{"date": "2022-04-08-05-00-00", "alternatives": [34413, 184, 184, 184, 2]}]}], "last_updated": 1719918469.668467}