{"data": [{"location": {"country_code": "us"}, "game_id": "319965", "values": [{"date": "2022-04-29-01-00-00", "alternatives": ["50", "301", "301"]}]}, {"location": {"country_code": "us", "region": "Texas", "city": "Austin"}, "game_id": "319965", "values": [{"date": "2022-04-29-01-00-00", "alternatives": [575, 7, 7, 7]}]}, {"location": {"country_code": "us", "region": "Texas"}, "game_id": "319965", "values": [{"date": "2022-04-28-04-00-00", "alternatives": [3, 301, 301, 301]}]}, {"location": {"country_code": "gb"}, "game_id": "319965", "values": [{"date": "2022-04-29-00-00-00", "alternatives": [2, 54, 54, 54]}, {"date": "2022-04-29-00-00-00", "alternatives": [2, 54, 54, 54]}, {"date": "2022-04-29-00-00-00", "alternatives": [2, 54, 54, 54]}, {"date": "2022-04-29-00-00-00", "alternatives": [2, 54, 54, 54]}]}, {"location": {"country_code": "ca"}, "game_id": "319965", "values": [{"date": "2022-04-28-03-00-00", "alternatives": ["301", "01", "01"]}, {"date": "2022-04-28-03-00-00", "alternatives": ["301", "01", "01"]}, {"date": "2022-04-28-03-00-00", "alternatives": ["301", "01", "01"]}, {"date": "2022-04-28-03-00-00", "alternatives": ["301", "01", "01"]}, {"date": "2022-04-28-03-00-00", "alternatives": ["301", "01", "01"]}, {"date": "2022-04-28-03-00-00", "alternatives": ["301", "01", "01"]}, {"date": "2022-04-28-03-00-00", "alternatives": ["301", "01", "01"]}, {"date": "2022-04-28-03-00-00", "alternatives": ["301", "01", "01"]}, {"date": "2022-04-28-03-00-00", "alternatives": ["301", "01", "01"]}]}, {"location": {"country_code": "se"}, "game_id": "319965", "values": [{"date": "2022-04-28-22-00-00", "alternatives": [1, 301, 301, 301]}, {"date": "2022-04-28-22-00-00", "alternatives": [1, 301, 301, 301]}]}, {"location": {"country_code": "us", "region": "Alaska"}, "game_id": "319965", "values": [{"date": "2022-04-28-23-00-00", "alternatives": [57, 301, 301, 301]}]}, {"location": {"country_code": "us", "region": "Michigan"}, "game_id": "319965", "values": [{"date": "2022-04-28-04-00-00", "alternatives": [3, 50, 50, 50]}, {"date": "2022-04-28-04-00-00", "alternatives": [3, 50, 50, 50]}]}, {"location": {"country_code": "gb", "region": "England", "city": "London"}, "game_id": "319965", "values": [{"date": "2022-04-28-23-00-00", "alternatives": ["38", "38", "015"]}, {"date": "2022-04-28-23-00-00", "alternatives": ["38", "38", "015"]}]}, {"location": {"country_code": "ru"}, "game_id": "319965", "values": [{"date": "2022-04-28-18-00-00", "alternatives": [55, 301, 301, 301]}, {"date": "2022-04-28-18-00-00", "alternatives": [55, 301, 301, 301]}]}, {"location": {"country_code": "us", "region": "Wisconsin"}, "game_id": "319965", "values": [{"date": "2022-04-28-20-00-00", "alternatives": ["26", "26", "1"]}, {"date": "2022-04-28-20-00-00", "alternatives": ["26", "26", "1"]}, {"date": "2022-04-28-20-00-00", "alternatives": ["26", "26", "1"]}, {"date": "2022-04-28-20-00-00", "alternatives": ["26", "26", "1"]}]}, {"location": {"country_code": "ru", "region": "Leningrad", "city": "Saint Petersburg"}, "game_id": "319965", "values": [{"date": "2022-04-28-18-00-00", "alternatives": [31, 301, 301, 301]}]}, {"location": {"country_code": "us", "region": "Alabama", "city": "Auburn"}, "game_id": "319965", "values": [{"date": "2022-04-28-05-00-00", "alternatives": ["7", "50", "50"]}, {"date": "2022-04-28-05-00-00", "alternatives": ["7", "50", "50"]}, {"date": "2022-04-28-05-00-00", "alternatives": ["7", "50", "50"]}, {"date": "2022-04-28-05-00-00", "alternatives": ["7", "50", "50"]}]}, {"location": {"country_code": "gb", "region": "England", "city": "Leicester"}, "game_id": "319965", "values": [{"date": "2022-04-28-23-00-00", "alternatives": [301, 60, 301, 301, 0]}, {"date": "2022-04-28-23-00-00", "alternatives": [301, 60, 301, 301, 0]}, {"date": "2022-04-28-23-00-00", "alternatives": [301, 60, 301, 301, 0]}]}], "last_updated": 1719918469.663621}