{"data": [{"location": {"country_code": "us"}, "game_id": "135305", "values": [{"date": "2021-06-30-02-00-00", "alternatives": ["90", "06", "90"]}, {"date": "2021-06-30-00-00-00", "alternatives": ["39", "68", "39"]}]}, {"location": {"country_code": "de", "region": "Berlin", "city": "Berlin"}, "game_id": "135305", "values": [{"date": "2021-06-29-23-00-00", "alternatives": ["29", "80", "29"]}, {"date": "2021-06-29-23-00-00", "alternatives": ["29", "80", "29"]}, {"date": "2021-06-29-23-00-00", "alternatives": ["29", "80", "29"]}, {"date": "2021-06-29-23-00-00", "alternatives": ["29", "80", "29"]}]}, {"location": {"country_code": "gb"}, "game_id": "135305", "values": [{"date": "2021-06-29-23-00-00", "alternatives": ["39", "38", "38"]}]}, {"location": {"country_code": "gr"}, "game_id": "135305", "values": [{"date": "2021-06-29-20-00-00", "alternatives": ["8", "81", "8"]}]}, {"location": {"country_code": "za"}, "game_id": "135305", "values": [{"date": "2021-06-30-00-00-00", "alternatives": ["187", "187", "6"]}]}, {"location": {"country_code": "gb", "region": "England"}, "game_id": "135305", "values": [{"date": "2021-06-29-23-00-00", "alternatives": ["74", "24", "24"]}, {"date": "2021-06-29-23-00-00", "alternatives": ["74", "24", "24"]}, {"date": "2021-06-29-20-00-00", "alternatives": ["26", "201", "26"]}]}, {"location": {"country_code": "cl", "region": "Biobio", "city": "Coronel"}, "game_id": "135305", "values": [{"date": "2021-06-30-00-00-00", "alternatives": ["40", "40", "140"]}]}, {"location": {"country_code": "br", "region": "Minas Gerais", "city": "Betim"}, "game_id": "135305", "values": [{"date": "2021-06-29-21-00-00", "alternatives": ["1500", "160", "160"]}]}, {"location": {"country_code": "us", "region": "New Jersey"}, "game_id": "135305", "values": [{"date": "2021-06-30-01-00-00", "alternatives": ["94", "16", "94"]}]}, {"location": {"country_code": "us", "region": "California"}, "game_id": "135305", "values": [{"date": "2021-06-30-02-00-00", "alternatives": ["99", "66", "99"]}]}, {"location": {"country_code": "br"}, "game_id": "135305", "values": [{"date": "2021-06-30-02-00-00", "alternatives": ["1363", "136", "136"]}]}, {"location": {"country_code": "br", "region": "Sao Paulo", "city": "Apiai"}, "game_id": "135305", "values": [{"date": "2021-06-29-23-00-00", "alternatives": ["75", "175", "75"]}, {"date": "2021-06-29-23-00-00", "alternatives": ["75", "175", "75"]}, {"date": "2021-06-29-23-00-00", "alternatives": ["75", "175", "75"]}, {"date": "2021-06-30-02-00-00", "alternatives": ["152", "152", "1592"]}]}, {"location": {"country_code": "no"}, "game_id": "135305", "values": [{"date": "2021-06-29-22-00-00", "alternatives": ["17", "107", "107"]}]}, {"location": {"country_code": "ec"}, "game_id": "135305", "values": [{"date": "2021-06-29-23-00-00", "alternatives": ["91", "9", "9"]}]}, {"location": {"country_code": "es", "region": "Valencia", "city": "Gandia"}, "game_id": "135305", "values": [{"date": "2021-06-29-22-00-00", "alternatives": ["10", "40", "40"]}]}, {"location": {"country_code": "ar"}, "game_id": "135305", "values": [{"date": "2021-06-29-23-00-00", "alternatives": ["16", "46", "46"]}, {"date": "2021-06-29-23-00-00", "alternatives": ["16", "46", "46"]}]}, {"location": {"country_code": "us", "region": "Hawaii"}, "game_id": "135305", "values": [{"date": "2021-06-30-02-00-00", "alternatives": ["1285", "128", "128"]}]}, {"location": {"country_code": "de", "region": "Free and Hanseatic City of Hamburg", "city": "Hamburg"}, "game_id": "135305", "values": [{"date": "2021-06-30-00-00-00", "alternatives": ["25", "25", "285"]}]}, {"location": {"country_code": "ru", "region": "Moscow", "city": "Zelenograd"}, "game_id": "135305", "values": [{"date": "2021-06-30-02-00-00", "alternatives": ["44", "44", "493"]}]}, {"location": {"country_code": "ar", "region": "Buenos Aires F.D.", "city": "Bahia Blanca"}, "game_id": "135305", "values": [{"date": "2021-06-30-00-00-00", "alternatives": ["6", "6", "161"]}, {"date": "2021-06-30-00-00-00", "alternatives": ["6", "6", "161"]}]}, {"location": {"country_code": "us", "region": "Texas", "city": "Houston"}, "game_id": "135305", "values": [{"date": "2021-06-30-00-00-00", "alternatives": ["10", "40", "40"]}, {"date": "2021-06-30-00-00-00", "alternatives": ["10", "40", "40"]}, {"date": "2021-06-30-00-00-00", "alternatives": ["10", "40", "40"]}, {"date": "2021-06-30-00-00-00", "alternatives": ["10", "40", "40"]}]}, {"location": {"country_code": "us", "region": "Illinois", "city": "Chicago"}, "game_id": "135305", "values": [{"date": "2021-06-30-00-00-00", "alternatives": ["22", "22", "220"]}]}, {"location": {"country_code": "br", "region": "Estado de Bahia", "city": "Salvador"}, "game_id": "135305", "values": [{"date": "2021-06-29-21-00-00", "alternatives": ["4", "4", "141"]}, {"date": "2021-06-29-21-00-00", "alternatives": ["4", "4", "141"]}, {"date": "2021-06-29-21-00-00", "alternatives": ["4", "4", "141"]}]}, {"location": {"country_code": "gb", "region": "England", "city": "London"}, "game_id": "135305", "values": [{"date": "2021-06-30-02-00-00", "alternatives": ["95", "85", "85"]}]}, {"location": {"country_code": "ru"}, "game_id": "135305", "values": [{"date": "2021-06-29-21-00-00", "alternatives": ["55", "65", "55"]}, {"date": "2021-06-29-21-00-00", "alternatives": ["55", "65", "55"]}, {"date": "2021-06-29-21-00-00", "alternatives": ["55", "65", "55"]}]}, {"location": {"country_code": "us", "region": "Minnesota", "city": "Minneapolis"}, "game_id": "135305", "values": [{"date": "2021-06-30-01-00-00", "alternatives": ["2", "2", "42"]}]}, {"location": {"country_code": "us", "region": "Wisconsin"}, "game_id": "135305", "values": [{"date": "2021-06-30-01-00-00", "alternatives": ["2", "2", "42"]}]}, {"location": {"country_code": "mx", "region": "Nuevo Leon", "city": "Monterrey"}, "game_id": "135305", "values": [{"date": "2021-06-29-23-00-00", "alternatives": ["16", "16", "146"]}, {"date": "2021-06-29-23-00-00", "alternatives": ["16", "16", "146"]}, {"date": "2021-06-29-23-00-00", "alternatives": ["16", "16", "146"]}, {"date": "2021-06-29-23-00-00", "alternatives": ["16", "16", "146"]}]}, {"location": {"country_code": "pt", "region": "Lisbon District", "city": "Amadora"}, "game_id": "135305", "values": [{"date": "2021-06-30-01-00-00", "alternatives": ["45", "46", "45"]}, {"date": "2021-06-30-01-00-00", "alternatives": ["45", "46", "45"]}]}, {"location": {"country_code": "br", "region": "State of Rio de Janeiro", "city": "Angra dos Reis"}, "game_id": "135305", "values": [{"date": "2021-06-30-01-00-00", "alternatives": ["14", "14", "114"]}, {"date": "2021-06-29-20-00-00", "alternatives": ["13", "13", "131"]}, {"date": "2021-06-29-23-00-00", "alternatives": ["48", "48", "138"]}, {"date": "2021-06-29-23-00-00", "alternatives": ["48", "48", "138"]}]}, {"location": {"country_code": "es", "region": "Galicia"}, "game_id": "135305", "values": [{"date": "2021-06-29-20-00-00", "alternatives": ["49", "6", "49"]}]}, {"location": {"country_code": "es", "region": "Andalusia", "city": "Almeria"}, "game_id": "135305", "values": [{"date": "2021-06-29-22-00-00", "alternatives": ["55", "65", "55"]}, {"date": "2021-06-29-22-00-00", "alternatives": ["55", "65", "55"]}, {"date": "2021-06-29-22-00-00", "alternatives": ["55", "65", "55"]}]}, {"location": {"country_code": "us", "region": "Florida", "city": "Miami"}, "game_id": "135305", "values": [{"date": "2021-06-29-21-00-00", "alternatives": ["38", "80", "38"]}]}, {"location": {"country_code": "fr", "region": "Ile-de-France Region", "city": "Paris"}, "game_id": "135305", "values": [{"date": "2021-06-30-00-00-00", "alternatives": ["19", "19", "99"]}, {"date": "2021-06-30-00-00-00", "alternatives": ["19", "19", "99"]}]}, {"location": {"country_code": "ca", "region": "Manitoba", "city": "Winnipeg"}, "game_id": "135305", "values": [{"date": "2021-06-30-01-00-00", "alternatives": ["78", "178", "78"]}, {"date": "2021-06-30-01-00-00", "alternatives": ["78", "178", "78"]}, {"date": "2021-06-30-01-00-00", "alternatives": ["78", "178", "78"]}, {"date": "2021-06-30-01-00-00", "alternatives": ["78", "178", "78"]}]}, {"location": {"country_code": "br", "region": "Alagoas", "city": "Maceio"}, "game_id": "135305", "values": [{"date": "2021-06-29-23-00-00", "alternatives": ["6", "168", "6"]}, {"date": "2021-06-29-23-00-00", "alternatives": ["6", "168", "6"]}]}, {"location": {"country_code": "us", "region": "Virginia", "city": "Richmond"}, "game_id": "135305", "values": [{"date": "2021-06-29-23-00-00", "alternatives": ["6", "6", "1"]}]}, {"location": {"country_code": "br", "region": "Minas Gerais", "city": "Itabirito"}, "game_id": "135305", "values": [{"date": "2021-06-29-23-00-00", "alternatives": ["53", "3", "3"]}, {"date": "2021-06-29-23-00-00", "alternatives": ["53", "3", "3"]}, {"date": "2021-06-29-23-00-00", "alternatives": ["53", "3", "3"]}]}, {"location": {"country_code": "us", "region": "Idaho"}, "game_id": "135305", "values": [{"date": "2021-06-30-01-00-00", "alternatives": ["109", "601", "109"]}]}, {"location": {"country_code": "de", "region": "Schleswig-Holstein"}, "game_id": "135305", "values": [{"date": "2021-06-29-22-00-00", "alternatives": ["28", "23", "23"]}, {"date": "2021-06-29-22-00-00", "alternatives": ["28", "23", "23"]}]}, {"location": {"country_code": "br", "region": "Sao Paulo", "city": "Sertaozinho"}, "game_id": "135305", "values": [{"date": "2021-06-29-20-00-00", "alternatives": ["26", "26", "126"]}]}, {"location": {"country_code": "us", "region": "Nevada"}, "game_id": "135305", "values": [{"date": "2021-06-30-02-00-00", "alternatives": ["98", "28", "98"]}, {"date": "2021-06-30-02-00-00", "alternatives": ["98", "28", "98"]}, {"date": "2021-06-30-02-00-00", "alternatives": ["98", "28", "98"]}]}, {"location": {"country_code": "br", "region": "Minas Gerais", "city": "Barbacena"}, "game_id": "135305", "values": [{"date": "2021-06-29-23-00-00", "alternatives": ["1", "15", "1"]}, {"date": "2021-06-29-23-00-00", "alternatives": ["1", "15", "1"]}, {"date": "2021-06-29-23-00-00", "alternatives": ["1", "15", "1"]}, {"date": "2021-06-29-23-00-00", "alternatives": ["1", "15", "1"]}]}, {"location": {"country_code": "jp", "region": "Soya", "city": "Wakkanai"}, "game_id": "135305", "values": [{"date": "2021-06-29-20-00-00", "alternatives": ["205", "205", "2058"]}]}, {"location": {"country_code": "no", "region": "Akershus"}, "game_id": "135305", "values": [{"date": "2021-06-29-21-00-00", "alternatives": ["39", "68", "39"]}, {"date": "2021-06-29-21-00-00", "alternatives": ["39", "68", "39"]}]}], "last_updated": 1719918157.185366}