{"data": [{"location": {"country_code": "au", "region": "New South Wales", "city": "Sydney"}, "game_id": "273486", "values": [{"date": "2024-06-30-09-00-00", "latency": "30"}, {"date": "2024-06-30-09-00-00", "latency": "30"}, {"date": "2024-06-30-09-00-00", "latency": "30"}, {"date": "2024-06-30-09-00-00", "latency": "30"}, {"date": "2024-06-30-09-00-00", "latency": "30"}, {"date": "2024-06-30-09-00-00", "latency": "30"}, {"date": "2024-06-30-09-00-00", "latency": "30"}, {"date": "2024-06-30-09-00-00", "latency": "30"}, {"date": "2024-06-30-09-00-00", "latency": "30"}, {"date": "2024-06-30-09-00-00", "latency": "30"}, {"date": "2024-06-30-09-00-00", "latency": "30"}]}, {"location": {"country_code": "ph"}, "game_id": "273486", "values": [{"date": "2024-06-30-09-00-00", "latency": "68"}, {"date": "2024-06-30-09-00-00", "latency": "68"}, {"date": "2024-06-30-09-00-00", "latency": "68"}, {"date": "2024-06-30-09-00-00", "latency": "68"}, {"date": "2024-06-30-09-00-00", "latency": "68"}, {"date": "2024-06-30-09-00-00", "latency": "68"}]}, {"location": {"country_code": "mx", "region": "Mexico City"}, "game_id": "273486", "values": [{"date": "2024-06-30-23-00-00", "latency": "35"}, {"date": "2024-06-30-23-00-00", "latency": "35"}, {"date": "2024-06-30-23-00-00", "latency": "35"}, {"date": "2024-06-30-23-00-00", "latency": "35"}, {"date": "2024-06-30-23-00-00", "latency": "35"}, {"date": "2024-06-30-23-00-00", "latency": "35"}, {"date": "2024-06-30-23-00-00", "latency": "35"}, {"date": "2024-06-30-23-00-00", "latency": "35"}, {"date": "2024-06-30-23-00-00", "latency": "35"}, {"date": "2024-06-30-23-00-00", "latency": "35"}, {"date": "2024-06-30-23-00-00", "latency": "35"}, {"date": "2024-06-30-23-00-00", "latency": "35"}, {"date": "2024-06-30-23-00-00", "latency": "35"}, {"date": "2024-06-30-23-00-00", "latency": "35"}, {"date": "2024-06-30-23-00-00", "latency": "35"}, {"date": "2024-06-30-23-00-00", "latency": "35"}, {"date": "2024-06-30-23-00-00", "latency": "35"}, {"date": "2024-06-30-23-00-00", "latency": "35"}, {"date": "2024-06-30-23-00-00", "latency": "35"}, {"date": "2024-06-30-23-00-00", "latency": "35"}, {"date": "2024-06-30-23-00-00", "latency": "35"}, {"date": "2024-06-30-23-00-00", "latency": "35"}]}, {"location": {"country_code": "us", "region": "Hawaii"}, "game_id": "273486", "values": [{"date": "2024-06-30-11-00-00", "latency": "63"}, {"date": "2024-06-30-11-00-00", "latency": "63"}, {"date": "2024-06-30-11-00-00", "latency": "63"}, {"date": "2024-06-30-11-00-00", "latency": "63"}, {"date": "2024-06-30-11-00-00", "latency": "63"}, {"date": "2024-06-30-11-00-00", "latency": "63"}, {"date": "2024-06-30-11-00-00", "latency": "63"}, {"date": "2024-06-30-11-00-00", "latency": "63"}, {"date": "2024-06-30-11-00-00", "latency": "63"}, {"date": "2024-06-30-11-00-00", "latency": "63"}, {"date": "2024-06-30-11-00-00", "latency": "63"}, {"date": "2024-06-30-11-00-00", "latency": "63"}, {"date": "2024-06-30-11-00-00", "latency": "63"}, {"date": "2024-06-30-11-00-00", "latency": "63"}, {"date": "2024-06-30-11-00-00", "latency": "63"}, {"date": "2024-06-30-11-00-00", "latency": "63"}, {"date": "2024-06-30-11-00-00", "latency": "63"}, {"date": "2024-06-30-11-00-00", "latency": "63"}, {"date": "2024-06-30-11-00-00", "latency": "63"}, {"date": "2024-06-30-11-00-00", "latency": "63"}, {"date": "2024-06-30-11-00-00", "latency": "63"}, {"date": "2024-06-30-11-00-00", "latency": "63"}, {"date": "2024-06-30-11-00-00", "latency": "63"}]}, {"location": {"country_code": "us", "region": "Texas", "city": "Houston"}, "game_id": "273486", "values": [{"date": "2024-06-30-04-00-00", "latency": "21"}, {"date": "2024-06-30-04-00-00", "latency": "21"}, {"date": "2024-06-30-04-00-00", "latency": "21"}, {"date": "2024-06-30-04-00-00", "latency": "21"}, {"date": "2024-06-30-04-00-00", "latency": "21"}, {"date": "2024-06-30-04-00-00", "latency": "21"}, {"date": "2024-06-30-04-00-00", "latency": "21"}, {"date": "2024-06-30-04-00-00", "latency": "21"}, {"date": "2024-06-30-04-00-00", "latency": "21"}, {"date": "2024-06-30-04-00-00", "latency": "21"}, {"date": "2024-06-30-04-00-00", "latency": "21"}, {"date": "2024-06-30-04-00-00", "latency": "21"}, {"date": "2024-06-30-04-00-00", "latency": "21"}, {"date": "2024-06-30-04-00-00", "latency": "21"}, {"date": "2024-06-30-04-00-00", "latency": "21"}, {"date": "2024-06-30-04-00-00", "latency": "21"}, {"date": "2024-06-30-04-00-00", "latency": "21"}, {"date": "2024-06-30-04-00-00", "latency": "21"}, {"date": "2024-06-30-04-00-00", "latency": "21"}]}, {"location": {"country_code": "us", "region": "Louisiana", "city": "New Orleans"}, "game_id": "273486", "values": [{"date": "2024-07-01-01-00-00", "latency": "13"}, {"date": "2024-07-01-01-00-00", "latency": "13"}, {"date": "2024-07-01-01-00-00", "latency": "13"}, {"date": "2024-07-01-01-00-00", "latency": "13"}, {"date": "2024-07-01-01-00-00", "latency": "13"}, {"date": "2024-07-01-01-00-00", "latency": "13"}, {"date": "2024-07-01-01-00-00", "latency": "13"}, {"date": "2024-07-01-01-00-00", "latency": "13"}]}, {"location": {"country_code": "us", "region": "Washington", "city": "Seattle"}, "game_id": "273486", "values": [{"date": "2024-06-30-05-00-00", "latency": "0"}, {"date": "2024-06-30-05-00-00", "latency": "0"}]}, {"location": {"country_code": "us", "region": "Texas", "city": "Atascocita"}, "game_id": "273486", "values": [{"date": "2024-06-30-10-00-00", "latency": "33"}, {"date": "2024-06-30-10-00-00", "latency": "33"}, {"date": "2024-06-30-10-00-00", "latency": "33"}, {"date": "2024-06-30-10-00-00", "latency": "33"}, {"date": "2024-06-30-10-00-00", "latency": "33"}, {"date": "2024-06-30-10-00-00", "latency": "33"}, {"date": "2024-06-30-10-00-00", "latency": "33"}, {"date": "2024-06-30-10-00-00", "latency": "33"}, {"date": "2024-06-30-10-00-00", "latency": "33"}, {"date": "2024-06-30-10-00-00", "latency": "33"}, {"date": "2024-06-30-10-00-00", "latency": "33"}, {"date": "2024-06-30-10-00-00", "latency": "33"}, {"date": "2024-06-30-10-00-00", "latency": "33"}, {"date": "2024-06-30-10-00-00", "latency": "33"}, {"date": "2024-06-30-10-00-00", "latency": "33"}, {"date": "2024-06-30-10-00-00", "latency": "33"}, {"date": "2024-06-30-10-00-00", "latency": "33"}, {"date": "2024-06-30-10-00-00", "latency": "33"}, {"date": "2024-06-30-10-00-00", "latency": "33"}, {"date": "2024-06-30-10-00-00", "latency": "33"}, {"date": "2024-06-30-10-00-00", "latency": "33"}, {"date": "2024-06-30-10-00-00", "latency": "33"}, {"date": "2024-06-30-10-00-00", "latency": "33"}, {"date": "2024-06-30-10-00-00", "latency": "33"}, {"date": "2024-06-30-10-00-00", "latency": "33"}, {"date": "2024-06-30-10-00-00", "latency": "33"}, {"date": "2024-06-30-10-00-00", "latency": "33"}, {"date": "2024-06-30-10-00-00", "latency": "33"}, {"date": "2024-06-30-10-00-00", "latency": "33"}, {"date": "2024-06-30-10-00-00", "latency": "33"}, {"date": "2024-06-30-10-00-00", "latency": "33"}, {"date": "2024-06-30-10-00-00", "latency": "33"}, {"date": "2024-06-30-10-00-00", "latency": "33"}, {"date": "2024-06-30-10-00-00", "latency": "33"}, {"date": "2024-06-30-10-00-00", "latency": "33"}, {"date": "2024-06-30-10-00-00", "latency": "33"}, {"date": "2024-06-30-10-00-00", "latency": "33"}, {"date": "2024-06-30-10-00-00", "latency": "33"}]}], "last_updated": 1719915095.597283}