{"data": [{"location": {"country_code": "us"}, "game_id": "461764", "values": [{"date": "2023-11-02-17-00-00", "latency": "48"}, {"date": "2023-11-02-17-00-00", "latency": "48"}, {"date": "2023-11-02-17-00-00", "latency": "48"}, {"date": "2023-11-02-17-00-00", "latency": "48"}, {"date": "2023-11-02-17-00-00", "latency": "48"}, {"date": "2023-11-02-17-00-00", "latency": "48"}, {"date": "2023-11-02-17-00-00", "latency": "48"}, {"date": "2023-11-02-17-00-00", "latency": "48"}, {"date": "2023-11-02-17-00-00", "latency": "48"}, {"date": "2023-11-02-17-00-00", "latency": "48"}, {"date": "2023-11-02-17-00-00", "latency": "48"}, {"date": "2023-11-02-17-00-00", "latency": "48"}, {"date": "2023-11-02-17-00-00", "latency": "48"}, {"date": "2023-11-02-17-00-00", "latency": "48"}, {"date": "2023-11-02-17-00-00", "latency": "48"}, {"date": "2023-11-02-17-00-00", "latency": "48"}, {"date": "2023-11-02-17-00-00", "latency": "48"}, {"date": "2023-11-02-17-00-00", "latency": "48"}, {"date": "2023-11-02-17-00-00", "latency": "48"}, {"date": "2023-11-02-17-00-00", "latency": "48"}, {"date": "2023-11-02-17-00-00", "latency": "48"}, {"date": "2023-11-02-17-00-00", "latency": "48"}, {"date": "2023-11-02-17-00-00", "latency": "48"}, {"date": "2023-11-02-17-00-00", "latency": "48"}, {"date": "2023-11-02-17-00-00", "latency": "48"}, {"date": "2023-11-02-04-00-00", "latency": "30"}, {"date": "2023-11-02-04-00-00", "latency": "30"}, {"date": "2023-11-02-04-00-00", "latency": "30"}, {"date": "2023-11-02-04-00-00", "latency": "30"}, {"date": "2023-11-02-04-00-00", "latency": "30"}, {"date": "2023-11-02-04-00-00", "latency": "30"}, {"date": "2023-11-02-04-00-00", "latency": "30"}, {"date": "2023-11-02-04-00-00", "latency": "30"}, {"date": "2023-11-02-04-00-00", "latency": "30"}, {"date": "2023-11-02-04-00-00", "latency": "30"}, {"date": "2023-11-02-04-00-00", "latency": "30"}, {"date": "2023-11-02-04-00-00", "latency": "30"}, {"date": "2023-11-02-04-00-00", "latency": "30"}, {"date": "2023-11-02-06-00-00", "latency": "36"}, {"date": "2023-11-02-06-00-00", "latency": "36"}, {"date": "2023-11-02-06-00-00", "latency": "36"}, {"date": "2023-11-02-06-00-00", "latency": "36"}, {"date": "2023-11-02-06-00-00", "latency": "36"}, {"date": "2023-11-02-06-00-00", "latency": "36"}, {"date": "2023-11-02-06-00-00", "latency": "36"}, {"date": "2023-11-02-06-00-00", "latency": "36"}, {"date": "2023-11-02-06-00-00", "latency": "36"}, {"date": "2023-11-02-06-00-00", "latency": "36"}, {"date": "2023-11-02-06-00-00", "latency": "36"}, {"date": "2023-11-02-06-00-00", "latency": "36"}, {"date": "2023-11-02-06-00-00", "latency": "36"}, {"date": "2023-11-02-06-00-00", "latency": "36"}, {"date": "2023-11-02-06-00-00", "latency": "36"}, {"date": "2023-11-02-06-00-00", "latency": "36"}, {"date": "2023-11-02-06-00-00", "latency": "36"}, {"date": "2023-11-02-06-00-00", "latency": "36"}, {"date": "2023-11-02-06-00-00", "latency": "36"}, {"date": "2023-11-02-06-00-00", "latency": "36"}, {"date": "2023-11-02-06-00-00", "latency": "36"}, {"date": "2023-11-02-06-00-00", "latency": "36"}, {"date": "2023-11-02-06-00-00", "latency": "36"}, {"date": "2023-11-02-06-00-00", "latency": "36"}, {"date": "2023-11-02-06-00-00", "latency": "36"}, {"date": "2023-11-02-06-00-00", "latency": "36"}, {"date": "2023-11-02-06-00-00", "latency": "36"}, {"date": "2023-11-02-06-00-00", "latency": "36"}, {"date": "2023-11-02-06-00-00", "latency": "36"}, {"date": "2023-11-02-06-00-00", "latency": "36"}, {"date": "2023-11-02-06-00-00", "latency": "36"}, {"date": "2023-11-02-06-00-00", "latency": "36"}, {"date": "2023-11-02-06-00-00", "latency": "36"}, {"date": "2023-11-02-06-00-00", "latency": "36"}, {"date": "2023-11-02-06-00-00", "latency": "36"}, {"date": "2023-11-02-06-00-00", "latency": "36"}, {"date": "2023-11-02-06-00-00", "latency": "36"}, {"date": "2023-11-02-06-00-00", "latency": "36"}, {"date": "2023-11-02-06-00-00", "latency": "36"}, {"date": "2023-11-02-06-00-00", "latency": "36"}, {"date": "2023-11-02-06-00-00", "latency": "36"}, {"date": "2023-11-02-06-00-00", "latency": "36"}, {"date": "2023-11-02-02-00-00", "latency": "34"}, {"date": "2023-11-02-02-00-00", "latency": "34"}, {"date": "2023-11-02-02-00-00", "latency": "34"}, {"date": "2023-11-02-02-00-00", "latency": "34"}]}, {"location": {"country_code": "us", "region": "New York", "city": "Jamestown"}, "game_id": "461764", "values": [{"date": "2023-11-02-04-00-00", "latency": "35"}, {"date": "2023-11-02-04-00-00", "latency": "35"}, {"date": "2023-11-02-04-00-00", "latency": "35"}, {"date": "2023-11-02-04-00-00", "latency": "35"}, {"date": "2023-11-02-04-00-00", "latency": "35"}, {"date": "2023-11-02-04-00-00", "latency": "35"}, {"date": "2023-11-02-04-00-00", "latency": "35"}, {"date": "2023-11-02-04-00-00", "latency": "35"}, {"date": "2023-11-02-04-00-00", "latency": "35"}, {"date": "2023-11-02-04-00-00", "latency": "35"}, {"date": "2023-11-02-04-00-00", "latency": "35"}, {"date": "2023-11-02-04-00-00", "latency": "35"}, {"date": "2023-11-02-04-00-00", "latency": "35"}, {"date": "2023-11-02-04-00-00", "latency": "35"}, {"date": "2023-11-02-04-00-00", "latency": "35"}, {"date": "2023-11-02-04-00-00", "latency": "35"}]}, {"location": {"country_code": "gb"}, "game_id": "461764", "values": [{"date": "2023-11-02-01-00-00", "latency": "35"}, {"date": "2023-11-02-01-00-00", "latency": "35"}, {"date": "2023-11-02-01-00-00", "latency": "35"}, {"date": "2023-11-02-01-00-00", "latency": "35"}, {"date": "2023-11-02-01-00-00", "latency": "35"}, {"date": "2023-11-02-01-00-00", "latency": "35"}, {"date": "2023-11-02-01-00-00", "latency": "35"}, {"date": "2023-11-02-01-00-00", "latency": "35"}, {"date": "2023-11-02-01-00-00", "latency": "35"}]}, {"location": {"country_code": "gr"}, "game_id": "461764", "values": [{"date": "2023-11-02-15-00-00", "latency": "32"}, {"date": "2023-11-02-15-00-00", "latency": "32"}, {"date": "2023-11-02-15-00-00", "latency": "32"}, {"date": "2023-11-02-15-00-00", "latency": "32"}, {"date": "2023-11-02-15-00-00", "latency": "32"}, {"date": "2023-11-02-15-00-00", "latency": "32"}, {"date": "2023-11-02-15-00-00", "latency": "32"}, {"date": "2023-11-02-15-00-00", "latency": "32"}, {"date": "2023-11-02-15-00-00", "latency": "32"}, {"date": "2023-11-02-15-00-00", "latency": "32"}, {"date": "2023-11-02-15-00-00", "latency": "32"}, {"date": "2023-11-02-15-00-00", "latency": "32"}, {"date": "2023-11-02-15-00-00", "latency": "32"}, {"date": "2023-11-02-15-00-00", "latency": "32"}, {"date": "2023-11-02-15-00-00", "latency": "32"}, {"date": "2023-11-02-15-00-00", "latency": "32"}, {"date": "2023-11-02-15-00-00", "latency": "32"}, {"date": "2023-11-02-15-00-00", "latency": "32"}, {"date": "2023-11-02-15-00-00", "latency": "32"}, {"date": "2023-11-02-15-00-00", "latency": "32"}, {"date": "2023-11-02-15-00-00", "latency": "32"}, {"date": "2023-11-02-15-00-00", "latency": "32"}, {"date": "2023-11-02-15-00-00", "latency": "32"}, {"date": "2023-11-02-15-00-00", "latency": "32"}, {"date": "2023-11-02-15-00-00", "latency": "32"}, {"date": "2023-11-02-15-00-00", "latency": "32"}, {"date": "2023-11-02-15-00-00", "latency": "32"}, {"date": "2023-11-02-15-00-00", "latency": "32"}, {"date": "2023-11-02-15-00-00", "latency": "32"}, {"date": "2023-11-02-15-00-00", "latency": "32"}, {"date": "2023-11-02-15-00-00", "latency": "32"}, {"date": "2023-11-02-15-00-00", "latency": "32"}, {"date": "2023-11-02-15-00-00", "latency": "32"}, {"date": "2023-11-02-15-00-00", "latency": "32"}, {"date": "2023-11-02-15-00-00", "latency": "32"}, {"date": "2023-11-02-15-00-00", "latency": "32"}, {"date": "2023-11-02-15-00-00", "latency": "32"}, {"date": "2023-11-02-15-00-00", "latency": "32"}, {"date": "2023-11-02-15-00-00", "latency": "32"}, {"date": "2023-11-02-15-00-00", "latency": "32"}, {"date": "2023-11-02-15-00-00", "latency": "32"}, {"date": "2023-11-02-15-00-00", "latency": "32"}, {"date": "2023-11-02-15-00-00", "latency": "32"}, {"date": "2023-11-02-15-00-00", "latency": "32"}]}, {"location": {"country_code": "jp"}, "game_id": "461764", "values": [{"date": "2023-11-02-10-00-00", "latency": "108"}, {"date": "2023-11-02-10-00-00", "latency": "108"}, {"date": "2023-11-02-10-00-00", "latency": "108"}, {"date": "2023-11-02-10-00-00", "latency": "108"}, {"date": "2023-11-02-10-00-00", "latency": "108"}]}, {"location": {"country_code": "ca"}, "game_id": "461764", "values": [{"date": "2023-11-02-07-00-00", "latency": "49"}, {"date": "2023-11-02-07-00-00", "latency": "49"}, {"date": "2023-11-02-07-00-00", "latency": "49"}, {"date": "2023-11-02-07-00-00", "latency": "49"}, {"date": "2023-11-02-07-00-00", "latency": "49"}, {"date": "2023-11-02-07-00-00", "latency": "49"}, {"date": "2023-11-02-07-00-00", "latency": "49"}, {"date": "2023-11-02-07-00-00", "latency": "49"}, {"date": "2023-11-02-07-00-00", "latency": "49"}, {"date": "2023-11-02-07-00-00", "latency": "49"}, {"date": "2023-11-02-07-00-00", "latency": "49"}, {"date": "2023-11-02-07-00-00", "latency": "49"}, {"date": "2023-11-02-07-00-00", "latency": "49"}, {"date": "2023-11-02-07-00-00", "latency": "49"}, {"date": "2023-11-02-07-00-00", "latency": "49"}, {"date": "2023-11-02-07-00-00", "latency": "49"}, {"date": "2023-11-02-07-00-00", "latency": "49"}, {"date": "2023-11-02-07-00-00", "latency": "49"}, {"date": "2023-11-02-07-00-00", "latency": "49"}, {"date": "2023-11-02-07-00-00", "latency": "49"}, {"date": "2023-11-02-07-00-00", "latency": "49"}, {"date": "2023-11-02-07-00-00", "latency": "49"}, {"date": "2023-11-02-08-00-00", "latency": "33"}, {"date": "2023-11-02-08-00-00", "latency": "33"}, {"date": "2023-11-02-08-00-00", "latency": "33"}, {"date": "2023-11-02-08-00-00", "latency": "33"}, {"date": "2023-11-02-08-00-00", "latency": "33"}, {"date": "2023-11-02-08-00-00", "latency": "33"}, {"date": "2023-11-02-08-00-00", "latency": "33"}, {"date": "2023-11-02-08-00-00", "latency": "33"}, {"date": "2023-11-02-08-00-00", "latency": "33"}, {"date": "2023-11-02-08-00-00", "latency": "33"}, {"date": "2023-11-02-08-00-00", "latency": "33"}, {"date": "2023-11-02-08-00-00", "latency": "33"}, {"date": "2023-11-02-08-00-00", "latency": "33"}, {"date": "2023-11-02-08-00-00", "latency": "33"}, {"date": "2023-11-02-08-00-00", "latency": "33"}, {"date": "2023-11-02-08-00-00", "latency": "33"}, {"date": "2023-11-02-08-00-00", "latency": "33"}, {"date": "2023-11-02-08-00-00", "latency": "33"}, {"date": "2023-11-02-08-00-00", "latency": "33"}, {"date": "2023-11-02-08-00-00", "latency": "33"}, {"date": "2023-11-02-08-00-00", "latency": "33"}, {"date": "2023-11-02-08-00-00", "latency": "33"}, {"date": "2023-11-02-08-00-00", "latency": "33"}, {"date": "2023-11-02-08-00-00", "latency": "33"}, {"date": "2023-11-02-08-00-00", "latency": "33"}, {"date": "2023-11-02-08-00-00", "latency": "33"}, {"date": "2023-11-02-08-00-00", "latency": "33"}, {"date": "2023-11-02-08-00-00", "latency": "33"}]}, {"location": {"country_code": "ch"}, "game_id": "461764", "values": [{"date": "2023-11-02-20-00-00", "latency": "24"}, {"date": "2023-11-02-20-00-00", "latency": "24"}, {"date": "2023-11-02-20-00-00", "latency": "24"}, {"date": "2023-11-02-20-00-00", "latency": "24"}, {"date": "2023-11-02-20-00-00", "latency": "24"}, {"date": "2023-11-02-20-00-00", "latency": "24"}, {"date": "2023-11-02-20-00-00", "latency": "24"}, {"date": "2023-11-02-20-00-00", "latency": "24"}, {"date": "2023-11-02-20-00-00", "latency": "24"}, {"date": "2023-11-02-20-00-00", "latency": "24"}]}, {"location": {"country_code": "de"}, "game_id": "461764", "values": [{"date": "2023-11-02-15-00-00", "latency": "34"}, {"date": "2023-11-02-15-00-00", "latency": "34"}, {"date": "2023-11-02-15-00-00", "latency": "34"}, {"date": "2023-11-02-15-00-00", "latency": "34"}, {"date": "2023-11-02-15-00-00", "latency": "34"}, {"date": "2023-11-02-15-00-00", "latency": "34"}, {"date": "2023-11-02-15-00-00", "latency": "34"}, {"date": "2023-11-02-23-00-00", "latency": "34"}, {"date": "2023-11-02-23-00-00", "latency": "34"}, {"date": "2023-11-02-23-00-00", "latency": "34"}, {"date": "2023-11-02-23-00-00", "latency": "34"}, {"date": "2023-11-02-23-00-00", "latency": "34"}, {"date": "2023-11-02-23-00-00", "latency": "34"}]}, {"location": {"country_code": "fr"}, "game_id": "461764", "values": [{"date": "2023-11-02-15-00-00", "latency": "34"}, {"date": "2023-11-02-15-00-00", "latency": "34"}, {"date": "2023-11-02-15-00-00", "latency": "34"}, {"date": "2023-11-02-15-00-00", "latency": "34"}, {"date": "2023-11-02-15-00-00", "latency": "34"}, {"date": "2023-11-02-15-00-00", "latency": "34"}, {"date": "2023-11-02-15-00-00", "latency": "34"}, {"date": "2023-11-02-15-00-00", "latency": "34"}, {"date": "2023-11-02-15-00-00", "latency": "34"}, {"date": "2023-11-02-15-00-00", "latency": "34"}, {"date": "2023-11-02-15-00-00", "latency": "34"}, {"date": "2023-11-02-15-00-00", "latency": "34"}, {"date": "2023-11-02-15-00-00", "latency": "34"}, {"date": "2023-11-02-15-00-00", "latency": "34"}, {"date": "2023-11-02-21-00-00", "latency": "5"}, {"date": "2023-11-02-21-00-00", "latency": "5"}]}, {"location": {"country_code": "br", "region": "Parana", "city": "Araucaria"}, "game_id": "461764", "values": [{"date": "2023-11-03-00-00-00", "latency": "143"}, {"date": "2023-11-03-00-00-00", "latency": "143"}, {"date": "2023-11-03-00-00-00", "latency": "143"}, {"date": "2023-11-03-00-00-00", "latency": "143"}, {"date": "2023-11-03-00-00-00", "latency": "143"}, {"date": "2023-11-03-00-00-00", "latency": "143"}, {"date": "2023-11-03-00-00-00", "latency": "143"}, {"date": "2023-11-03-00-00-00", "latency": "143"}]}, {"location": {"country_code": "gb", "region": "England"}, "game_id": "461764", "values": [{"date": "2023-11-03-01-00-00", "latency": "78"}, {"date": "2023-11-03-01-00-00", "latency": "78"}, {"date": "2023-11-03-01-00-00", "latency": "78"}, {"date": "2023-11-03-01-00-00", "latency": "78"}]}, {"location": {"country_code": "cl"}, "game_id": "461764", "values": [{"date": "2023-11-02-01-00-00", "latency": "108"}, {"date": "2023-11-02-01-00-00", "latency": "108"}]}, {"location": {"country_code": "dk"}, "game_id": "461764", "values": [{"date": "2023-11-02-17-00-00", "latency": "36"}, {"date": "2023-11-02-17-00-00", "latency": "36"}, {"date": "2023-11-02-17-00-00", "latency": "36"}, {"date": "2023-11-02-17-00-00", "latency": "36"}, {"date": "2023-11-02-17-00-00", "latency": "36"}, {"date": "2023-11-02-17-00-00", "latency": "36"}, {"date": "2023-11-02-17-00-00", "latency": "36"}, {"date": "2023-11-02-17-00-00", "latency": "36"}, {"date": "2023-11-02-17-00-00", "latency": "36"}, {"date": "2023-11-02-17-00-00", "latency": "36"}, {"date": "2023-11-02-17-00-00", "latency": "36"}, {"date": "2023-11-02-17-00-00", "latency": "36"}, {"date": "2023-11-02-17-00-00", "latency": "36"}, {"date": "2023-11-02-17-00-00", "latency": "36"}, {"date": "2023-11-02-17-00-00", "latency": "36"}]}, {"location": {"country_code": "us", "region": "Hawaii"}, "game_id": "461764", "values": [{"date": "2023-11-02-04-00-00", "latency": "33"}, {"date": "2023-11-02-04-00-00", "latency": "33"}, {"date": "2023-11-02-04-00-00", "latency": "33"}, {"date": "2023-11-02-04-00-00", "latency": "33"}, {"date": "2023-11-02-04-00-00", "latency": "33"}, {"date": "2023-11-02-04-00-00", "latency": "33"}, {"date": "2023-11-02-04-00-00", "latency": "33"}, {"date": "2023-11-02-04-00-00", "latency": "33"}, {"date": "2023-11-02-04-00-00", "latency": "33"}, {"date": "2023-11-02-04-00-00", "latency": "33"}, {"date": "2023-11-02-04-00-00", "latency": "33"}, {"date": "2023-11-02-04-00-00", "latency": "33"}]}, {"location": {"country_code": "de", "region": "Bavaria"}, "game_id": "461764", "values": [{"date": "2023-11-02-18-00-00", "latency": "34"}, {"date": "2023-11-02-18-00-00", "latency": "34"}, {"date": "2023-11-02-18-00-00", "latency": "34"}, {"date": "2023-11-02-18-00-00", "latency": "34"}, {"date": "2023-11-02-18-00-00", "latency": "34"}, {"date": "2023-11-02-18-00-00", "latency": "34"}, {"date": "2023-11-02-18-00-00", "latency": "34"}, {"date": "2023-11-02-18-00-00", "latency": "34"}, {"date": "2023-11-02-18-00-00", "latency": "34"}, {"date": "2023-11-02-18-00-00", "latency": "34"}, {"date": "2023-11-02-18-00-00", "latency": "34"}, {"date": "2023-11-02-18-00-00", "latency": "34"}, {"date": "2023-11-02-18-00-00", "latency": "34"}, {"date": "2023-11-02-18-00-00", "latency": "34"}, {"date": "2023-11-02-18-00-00", "latency": "34"}, {"date": "2023-11-02-18-00-00", "latency": "34"}, {"date": "2023-11-02-18-00-00", "latency": "34"}, {"date": "2023-11-02-18-00-00", "latency": "34"}, {"date": "2023-11-02-18-00-00", "latency": "34"}, {"date": "2023-11-02-18-00-00", "latency": "34"}, {"date": "2023-11-02-18-00-00", "latency": "34"}, {"date": "2023-11-02-18-00-00", "latency": "34"}, {"date": "2023-11-02-18-00-00", "latency": "34"}, {"date": "2023-11-02-18-00-00", "latency": "34"}, {"date": "2023-11-02-18-00-00", "latency": "34"}, {"date": "2023-11-02-18-00-00", "latency": "34"}]}, {"location": {"country_code": "ie"}, "game_id": "461764", "values": [{"date": "2023-11-02-23-00-00", "latency": "34"}, {"date": "2023-11-02-23-00-00", "latency": "34"}, {"date": "2023-11-02-23-00-00", "latency": "34"}, {"date": "2023-11-02-23-00-00", "latency": "34"}, {"date": "2023-11-02-23-00-00", "latency": "34"}, {"date": "2023-11-02-23-00-00", "latency": "34"}, {"date": "2023-11-02-23-00-00", "latency": "34"}, {"date": "2023-11-02-23-00-00", "latency": "34"}, {"date": "2023-11-02-23-00-00", "latency": "34"}, {"date": "2023-11-02-23-00-00", "latency": "34"}, {"date": "2023-11-02-23-00-00", "latency": "34"}, {"date": "2023-11-02-23-00-00", "latency": "34"}, {"date": "2023-11-02-23-00-00", "latency": "34"}, {"date": "2023-11-02-23-00-00", "latency": "34"}, {"date": "2023-11-02-23-00-00", "latency": "34"}, {"date": "2023-11-02-23-00-00", "latency": "34"}, {"date": "2023-11-02-23-00-00", "latency": "34"}, {"date": "2023-11-02-23-00-00", "latency": "34"}]}, {"location": {"country_code": "ua"}, "game_id": "461764", "values": [{"date": "2023-11-02-11-00-00", "latency": "1"}, {"date": "2023-11-02-11-00-00", "latency": "1"}, {"date": "2023-11-02-11-00-00", "latency": "1"}, {"date": "2023-11-02-11-00-00", "latency": "1"}]}, {"location": {"country_code": "es", "region": "Canary Islands", "city": "Santa Cruz de Tenerife"}, "game_id": "461764", "values": [{"date": "2023-11-02-21-00-00", "latency": "43"}, {"date": "2023-11-02-21-00-00", "latency": "43"}, {"date": "2023-11-02-21-00-00", "latency": "43"}, {"date": "2023-11-02-21-00-00", "latency": "43"}, {"date": "2023-11-02-21-00-00", "latency": "43"}, {"date": "2023-11-02-21-00-00", "latency": "43"}, {"date": "2023-11-02-21-00-00", "latency": "43"}, {"date": "2023-11-02-21-00-00", "latency": "43"}, {"date": "2023-11-02-21-00-00", "latency": "43"}, {"date": "2023-11-02-21-00-00", "latency": "43"}, {"date": "2023-11-02-21-00-00", "latency": "43"}, {"date": "2023-11-02-21-00-00", "latency": "43"}, {"date": "2023-11-02-21-00-00", "latency": "43"}, {"date": "2023-11-02-21-00-00", "latency": "43"}, {"date": "2023-11-02-21-00-00", "latency": "43"}, {"date": "2023-11-02-21-00-00", "latency": "43"}, {"date": "2023-11-02-21-00-00", "latency": "43"}]}, {"location": {"country_code": "id"}, "game_id": "461764", "values": [{"date": "2023-11-02-14-00-00", "latency": "35"}, {"date": "2023-11-02-14-00-00", "latency": "35"}, {"date": "2023-11-02-14-00-00", "latency": "35"}, {"date": "2023-11-02-14-00-00", "latency": "35"}, {"date": "2023-11-02-14-00-00", "latency": "35"}, {"date": "2023-11-02-14-00-00", "latency": "35"}, {"date": "2023-11-02-14-00-00", "latency": "35"}, {"date": "2023-11-02-14-00-00", "latency": "35"}, {"date": "2023-11-02-14-00-00", "latency": "35"}, {"date": "2023-11-02-14-00-00", "latency": "35"}]}, {"location": {"country_code": "hr"}, "game_id": "461764", "values": [{"date": "2023-11-02-12-00-00", "latency": "0"}, {"date": "2023-11-02-12-00-00", "latency": "0"}, {"date": "2023-11-02-12-00-00", "latency": "0"}, {"date": "2023-11-02-12-00-00", "latency": "0"}, {"date": "2023-11-02-12-00-00", "latency": "0"}, {"date": "2023-11-02-12-00-00", "latency": "0"}, {"date": "2023-11-02-12-00-00", "latency": "0"}, {"date": "2023-11-02-12-00-00", "latency": "0"}, {"date": "2023-11-02-12-00-00", "latency": "0"}, {"date": "2023-11-02-12-00-00", "latency": "0"}, {"date": "2023-11-02-12-00-00", "latency": "0"}, {"date": "2023-11-02-12-00-00", "latency": "0"}, {"date": "2023-11-02-12-00-00", "latency": "0"}, {"date": "2023-11-02-12-00-00", "latency": "0"}, {"date": "2023-11-02-12-00-00", "latency": "0"}, {"date": "2023-11-02-12-00-00", "latency": "0"}, {"date": "2023-11-02-12-00-00", "latency": "0"}, {"date": "2023-11-02-12-00-00", "latency": "0"}, {"date": "2023-11-02-12-00-00", "latency": "0"}, {"date": "2023-11-02-12-00-00", "latency": "0"}, {"date": "2023-11-02-12-00-00", "latency": "0"}, {"date": "2023-11-02-12-00-00", "latency": "0"}, {"date": "2023-11-02-12-00-00", "latency": "0"}, {"date": "2023-11-02-12-00-00", "latency": "0"}, {"date": "2023-11-02-12-00-00", "latency": "0"}, {"date": "2023-11-02-12-00-00", "latency": "0"}, {"date": "2023-11-02-12-00-00", "latency": "0"}, {"date": "2023-11-02-12-00-00", "latency": "0"}, {"date": "2023-11-02-12-00-00", "latency": "0"}, {"date": "2023-11-02-12-00-00", "latency": "0"}, {"date": "2023-11-02-12-00-00", "latency": "0"}, {"date": "2023-11-02-12-00-00", "latency": "0"}, {"date": "2023-11-02-12-00-00", "latency": "0"}, {"date": "2023-11-02-12-00-00", "latency": "0"}, {"date": "2023-11-02-12-00-00", "latency": "0"}, {"date": "2023-11-02-12-00-00", "latency": "0"}, {"date": "2023-11-02-12-00-00", "latency": "0"}, {"date": "2023-11-02-12-00-00", "latency": "0"}]}, {"location": {"country_code": "ca", "region": "Ontario", "city": "Ottawa"}, "game_id": "461764", "values": [{"date": "2023-11-02-01-00-00", "latency": "176"}, {"date": "2023-11-02-01-00-00", "latency": "176"}, {"date": "2023-11-02-01-00-00", "latency": "176"}, {"date": "2023-11-02-01-00-00", "latency": "176"}, {"date": "2023-11-02-01-00-00", "latency": "176"}, {"date": "2023-11-02-01-00-00", "latency": "176"}, {"date": "2023-11-02-01-00-00", "latency": "176"}, {"date": "2023-11-02-01-00-00", "latency": "176"}, {"date": "2023-11-02-01-00-00", "latency": "176"}, {"date": "2023-11-02-01-00-00", "latency": "176"}]}, {"location": {"country_code": "lt"}, "game_id": "461764", "values": [{"date": "2023-11-02-13-00-00", "latency": "35"}, {"date": "2023-11-02-13-00-00", "latency": "35"}]}, {"location": {"country_code": "de", "region": "Lower Saxony"}, "game_id": "461764", "values": [{"date": "2023-11-02-19-00-00", "latency": "37"}, {"date": "2023-11-02-19-00-00", "latency": "37"}, {"date": "2023-11-02-19-00-00", "latency": "37"}, {"date": "2023-11-02-19-00-00", "latency": "37"}, {"date": "2023-11-02-19-00-00", "latency": "37"}, {"date": "2023-11-02-19-00-00", "latency": "37"}, {"date": "2023-11-02-19-00-00", "latency": "37"}, {"date": "2023-11-02-19-00-00", "latency": "37"}, {"date": "2023-11-02-19-00-00", "latency": "37"}, {"date": "2023-11-02-19-00-00", "latency": "37"}, {"date": "2023-11-02-19-00-00", "latency": "37"}, {"date": "2023-11-02-19-00-00", "latency": "37"}, {"date": "2023-11-02-19-00-00", "latency": "37"}, {"date": "2023-11-02-19-00-00", "latency": "37"}, {"date": "2023-11-02-19-00-00", "latency": "37"}, {"date": "2023-11-02-19-00-00", "latency": "37"}, {"date": "2023-11-02-19-00-00", "latency": "37"}, {"date": "2023-11-02-19-00-00", "latency": "37"}, {"date": "2023-11-02-19-00-00", "latency": "37"}, {"date": "2023-11-02-19-00-00", "latency": "37"}, {"date": "2023-11-02-19-00-00", "latency": "37"}, {"date": "2023-11-02-19-00-00", "latency": "37"}, {"date": "2023-11-02-19-00-00", "latency": "37"}, {"date": "2023-11-02-19-00-00", "latency": "37"}, {"date": "2023-11-02-19-00-00", "latency": "37"}, {"date": "2023-11-02-19-00-00", "latency": "37"}, {"date": "2023-11-02-19-00-00", "latency": "37"}, {"date": "2023-11-02-19-00-00", "latency": "37"}, {"date": "2023-11-02-19-00-00", "latency": "37"}, {"date": "2023-11-02-19-00-00", "latency": "37"}]}, {"location": {"country_code": "us", "region": "Oregon", "city": "Portland"}, "game_id": "461764", "values": [{"date": "2023-11-02-01-00-00", "latency": "33"}, {"date": "2023-11-02-01-00-00", "latency": "33"}, {"date": "2023-11-02-01-00-00", "latency": "33"}, {"date": "2023-11-02-01-00-00", "latency": "33"}, {"date": "2023-11-02-01-00-00", "latency": "33"}, {"date": "2023-11-02-01-00-00", "latency": "33"}, {"date": "2023-11-02-01-00-00", "latency": "33"}, {"date": "2023-11-02-01-00-00", "latency": "33"}, {"date": "2023-11-02-01-00-00", "latency": "33"}, {"date": "2023-11-02-01-00-00", "latency": "33"}, {"date": "2023-11-02-01-00-00", "latency": "33"}, {"date": "2023-11-02-01-00-00", "latency": "33"}, {"date": "2023-11-02-01-00-00", "latency": "33"}, {"date": "2023-11-02-01-00-00", "latency": "33"}, {"date": "2023-11-02-01-00-00", "latency": "33"}, {"date": "2023-11-02-01-00-00", "latency": "33"}, {"date": "2023-11-02-01-00-00", "latency": "33"}, {"date": "2023-11-02-01-00-00", "latency": "33"}, {"date": "2023-11-02-01-00-00", "latency": "33"}, {"date": "2023-11-02-01-00-00", "latency": "33"}, {"date": "2023-11-02-01-00-00", "latency": "33"}, {"date": "2023-11-02-01-00-00", "latency": "33"}, {"date": "2023-11-02-01-00-00", "latency": "33"}, {"date": "2023-11-02-01-00-00", "latency": "33"}]}, {"location": {"country_code": "de", "region": "Baden-Wurttemberg", "city": "Stuttgart"}, "game_id": "461764", "values": [{"date": "2023-11-02-18-00-00", "latency": "34"}, {"date": "2023-11-02-18-00-00", "latency": "34"}, {"date": "2023-11-02-18-00-00", "latency": "34"}, {"date": "2023-11-02-18-00-00", "latency": "34"}, {"date": "2023-11-02-18-00-00", "latency": "34"}, {"date": "2023-11-02-18-00-00", "latency": "34"}, {"date": "2023-11-02-18-00-00", "latency": "34"}, {"date": "2023-11-02-18-00-00", "latency": "34"}, {"date": "2023-11-02-18-00-00", "latency": "34"}, {"date": "2023-11-02-18-00-00", "latency": "34"}, {"date": "2023-11-02-18-00-00", "latency": "34"}, {"date": "2023-11-02-18-00-00", "latency": "34"}, {"date": "2023-11-02-18-00-00", "latency": "34"}, {"date": "2023-11-02-18-00-00", "latency": "34"}, {"date": "2023-11-02-18-00-00", "latency": "34"}, {"date": "2023-11-02-18-00-00", "latency": "34"}, {"date": "2023-11-02-18-00-00", "latency": "34"}, {"date": "2023-11-02-18-00-00", "latency": "34"}]}, {"location": {"country_code": "jp", "region": "Hiroshima"}, "game_id": "461764", "values": [{"date": "2023-11-02-08-00-00", "latency": "36"}, {"date": "2023-11-02-08-00-00", "latency": "36"}, {"date": "2023-11-02-08-00-00", "latency": "36"}, {"date": "2023-11-02-08-00-00", "latency": "36"}, {"date": "2023-11-02-08-00-00", "latency": "36"}, {"date": "2023-11-02-08-00-00", "latency": "36"}, {"date": "2023-11-02-08-00-00", "latency": "36"}, {"date": "2023-11-02-08-00-00", "latency": "36"}]}, {"location": {"country_code": "us", "region": "New York", "city": "Utica"}, "game_id": "461764", "values": [{"date": "2023-11-02-21-00-00", "latency": "33"}, {"date": "2023-11-02-21-00-00", "latency": "33"}, {"date": "2023-11-02-21-00-00", "latency": "33"}, {"date": "2023-11-02-21-00-00", "latency": "33"}, {"date": "2023-11-02-21-00-00", "latency": "33"}, {"date": "2023-11-02-21-00-00", "latency": "33"}, {"date": "2023-11-02-21-00-00", "latency": "33"}, {"date": "2023-11-02-21-00-00", "latency": "33"}, {"date": "2023-11-02-21-00-00", "latency": "33"}, {"date": "2023-11-02-21-00-00", "latency": "33"}, {"date": "2023-11-02-21-00-00", "latency": "33"}, {"date": "2023-11-02-21-00-00", "latency": "33"}, {"date": "2023-11-02-21-00-00", "latency": "33"}, {"date": "2023-11-02-21-00-00", "latency": "33"}, {"date": "2023-11-02-21-00-00", "latency": "33"}, {"date": "2023-11-02-21-00-00", "latency": "33"}, {"date": "2023-11-02-21-00-00", "latency": "33"}]}], "last_updated": 1719915342.660836}