{"data": [{"location": {"country_code": "si"}, "game_id": "314852", "values": [{"date": "2023-11-01-22-00-00", "latency": 33}, {"date": "2023-11-01-22-00-00", "latency": 33}, {"date": "2023-11-01-22-00-00", "latency": 33}, {"date": "2023-11-01-22-00-00", "latency": 33}, {"date": "2023-11-01-22-00-00", "latency": 33}, {"date": "2023-11-01-22-00-00", "latency": 33}, {"date": "2023-11-01-22-00-00", "latency": 33}, {"date": "2023-11-01-22-00-00", "latency": 33}, {"date": "2023-11-01-22-00-00", "latency": 33}, {"date": "2023-11-01-22-00-00", "latency": 33}]}, {"location": {"country_code": "kr", "region": "Gyeonggi-do", "city": "Goyang"}, "game_id": "314852", "values": [{"date": "2023-11-01-09-00-00", "latency": 190}, {"date": "2023-11-01-09-00-00", "latency": 190}]}, {"location": {"country_code": "us"}, "game_id": "314852", "values": [{"date": "2023-11-01-01-00-00", "latency": 30}, {"date": "2023-11-01-11-00-00", "latency": 321}, {"date": "2023-11-01-11-00-00", "latency": 321}, {"date": "2023-11-01-11-00-00", "latency": 321}, {"date": "2023-11-01-11-00-00", "latency": 321}, {"date": "2023-11-02-01-00-00", "latency": 32}, {"date": "2023-11-02-01-00-00", "latency": 32}, {"date": "2023-11-02-01-00-00", "latency": 32}, {"date": "2023-11-02-01-00-00", "latency": 32}, {"date": "2023-11-02-01-00-00", "latency": 32}, {"date": "2023-11-02-01-00-00", "latency": 32}, {"date": "2023-11-02-01-00-00", "latency": 32}, {"date": "2023-11-02-01-00-00", "latency": 32}, {"date": "2023-11-02-01-00-00", "latency": 32}, {"date": "2023-11-01-05-00-00", "latency": 110}, {"date": "2023-11-01-05-00-00", "latency": 110}, {"date": "2023-11-01-05-00-00", "latency": 110}, {"date": "2023-11-01-05-00-00", "latency": 110}, {"date": "2023-11-01-05-00-00", "latency": 110}, {"date": "2023-11-01-05-00-00", "latency": 110}, {"date": "2023-11-01-05-00-00", "latency": 110}, {"date": "2023-11-01-05-00-00", "latency": 110}, {"date": "2023-11-01-05-00-00", "latency": 110}, {"date": "2023-11-01-05-00-00", "latency": 110}, {"date": "2023-11-01-05-00-00", "latency": 110}, {"date": "2023-11-01-05-00-00", "latency": 110}, {"date": "2023-11-01-02-00-00", "latency": 37}, {"date": "2023-11-01-02-00-00", "latency": 37}, {"date": "2023-11-01-02-00-00", "latency": 37}, {"date": "2023-11-01-02-00-00", "latency": 37}, {"date": "2023-11-01-02-00-00", "latency": 37}, {"date": "2023-11-01-02-00-00", "latency": 37}, {"date": "2023-11-01-13-00-00", "latency": 32}, {"date": "2023-11-01-13-00-00", "latency": 32}, {"date": "2023-11-01-13-00-00", "latency": 32}, {"date": "2023-11-01-13-00-00", "latency": 32}, {"date": "2023-11-01-23-00-00", "latency": 103}, {"date": "2023-11-01-23-00-00", "latency": 103}, {"date": "2023-11-01-01-00-00", "latency": 4}, {"date": "2023-11-01-01-00-00", "latency": 4}, {"date": "2023-11-01-01-00-00", "latency": 4}, {"date": "2023-11-01-01-00-00", "latency": 4}, {"date": "2023-11-01-01-00-00", "latency": 4}, {"date": "2023-11-01-01-00-00", "latency": 4}, {"date": "2023-11-01-01-00-00", "latency": 4}, {"date": "2023-11-01-01-00-00", "latency": 4}, {"date": "2023-11-01-01-00-00", "latency": 4}, {"date": "2023-11-01-01-00-00", "latency": 4}, {"date": "2023-11-01-01-00-00", "latency": 4}, {"date": "2023-11-01-01-00-00", "latency": 4}, {"date": "2023-11-01-01-00-00", "latency": 4}, {"date": "2023-11-01-01-00-00", "latency": 4}, {"date": "2023-11-01-01-00-00", "latency": 4}, {"date": "2023-11-01-01-00-00", "latency": 4}, {"date": "2023-11-01-01-00-00", "latency": 4}, {"date": "2023-11-01-01-00-00", "latency": 4}, {"date": "2023-11-01-01-00-00", "latency": 4}, {"date": "2023-11-01-01-00-00", "latency": 4}, {"date": "2023-11-01-01-00-00", "latency": 4}, {"date": "2023-11-02-00-00-00", "latency": 51}, {"date": "2023-11-02-00-00-00", "latency": 51}, {"date": "2023-11-02-00-00-00", "latency": 51}, {"date": "2023-11-01-13-00-00", "latency": 239}, {"date": "2023-11-01-23-00-00", "latency": 52}]}, {"location": {"country_code": "us", "region": "Nebraska"}, "game_id": "314852", "values": [{"date": "2023-11-02-01-00-00", "latency": 52}, {"date": "2023-11-02-01-00-00", "latency": 52}, {"date": "2023-11-02-01-00-00", "latency": 52}, {"date": "2023-11-02-01-00-00", "latency": 52}, {"date": "2023-11-02-01-00-00", "latency": 52}, {"date": "2023-11-02-01-00-00", "latency": 52}, {"date": "2023-11-02-01-00-00", "latency": 52}, {"date": "2023-11-02-01-00-00", "latency": 52}]}, {"location": {"country_code": "gb"}, "game_id": "314852", "values": [{"date": "2023-11-01-21-00-00", "latency": 70}, {"date": "2023-11-01-21-00-00", "latency": 70}]}, {"location": {"country_code": "th"}, "game_id": "314852", "values": [{"date": "2023-11-01-15-00-00", "latency": 115}, {"date": "2023-11-01-20-00-00", "latency": 118}, {"date": "2023-11-01-20-00-00", "latency": 118}, {"date": "2023-11-01-20-00-00", "latency": 118}, {"date": "2023-11-01-20-00-00", "latency": 118}, {"date": "2023-11-01-20-00-00", "latency": 118}, {"date": "2023-11-01-20-00-00", "latency": 118}, {"date": "2023-11-01-20-00-00", "latency": 118}, {"date": "2023-11-01-15-00-00", "latency": 123}]}, {"location": {"country_code": "gr"}, "game_id": "314852", "values": [{"date": "2023-11-01-01-00-00", "latency": 57}, {"date": "2023-11-01-01-00-00", "latency": 57}, {"date": "2023-11-01-01-00-00", "latency": 57}, {"date": "2023-11-01-01-00-00", "latency": 57}, {"date": "2023-11-01-17-00-00", "latency": 69}, {"date": "2023-11-01-17-00-00", "latency": 69}, {"date": "2023-11-01-17-00-00", "latency": 69}, {"date": "2023-11-01-17-00-00", "latency": 69}, {"date": "2023-11-01-17-00-00", "latency": 69}]}, {"location": {"country_code": "pa"}, "game_id": "314852", "values": [{"date": "2023-11-01-17-00-00", "latency": 98}, {"date": "2023-11-01-17-00-00", "latency": 98}]}, {"location": {"country_code": "nl"}, "game_id": "314852", "values": [{"date": "2023-11-01-19-00-00", "latency": 35}, {"date": "2023-11-01-19-00-00", "latency": 35}, {"date": "2023-11-01-19-00-00", "latency": 35}, {"date": "2023-11-01-19-00-00", "latency": 35}]}, {"location": {"country_code": "my"}, "game_id": "314852", "values": [{"date": "2023-11-01-03-00-00", "latency": 173}, {"date": "2023-11-01-03-00-00", "latency": 173}, {"date": "2023-11-01-19-00-00", "latency": 86}, {"date": "2023-11-01-19-00-00", "latency": 86}, {"date": "2023-11-01-13-00-00", "latency": 108}, {"date": "2023-11-01-13-00-00", "latency": 108}, {"date": "2023-11-01-13-00-00", "latency": 108}, {"date": "2023-11-01-13-00-00", "latency": 108}, {"date": "2023-11-01-13-00-00", "latency": 108}, {"date": "2023-11-01-13-00-00", "latency": 108}, {"date": "2023-11-01-13-00-00", "latency": 90}, {"date": "2023-11-01-13-00-00", "latency": 90}, {"date": "2023-11-01-13-00-00", "latency": 90}, {"date": "2023-11-01-13-00-00", "latency": 90}, {"date": "2023-11-01-13-00-00", "latency": 90}, {"date": "2023-11-01-13-00-00", "latency": 90}, {"date": "2023-11-01-13-00-00", "latency": 90}, {"date": "2023-11-01-13-00-00", "latency": 90}, {"date": "2023-11-01-13-00-00", "latency": 90}, {"date": "2023-11-01-13-00-00", "latency": 90}, {"date": "2023-11-01-17-00-00", "latency": 108}, {"date": "2023-11-01-17-00-00", "latency": 108}, {"date": "2023-11-01-17-00-00", "latency": 108}, {"date": "2023-11-01-17-00-00", "latency": 108}, {"date": "2023-11-01-17-00-00", "latency": 108}, {"date": "2023-11-01-17-00-00", "latency": 108}, {"date": "2023-11-01-17-00-00", "latency": 108}, {"date": "2023-11-01-17-00-00", "latency": 108}, {"date": "2023-11-01-17-00-00", "latency": 108}, {"date": "2023-11-01-17-00-00", "latency": 108}, {"date": "2023-11-01-17-00-00", "latency": 87}, {"date": "2023-11-01-17-00-00", "latency": 87}, {"date": "2023-11-01-17-00-00", "latency": 87}, {"date": "2023-11-01-17-00-00", "latency": 87}, {"date": "2023-11-01-17-00-00", "latency": 87}, {"date": "2023-11-01-10-00-00", "latency": 109}, {"date": "2023-11-01-10-00-00", "latency": 109}, {"date": "2023-11-01-10-00-00", "latency": 109}, {"date": "2023-11-01-10-00-00", "latency": 109}, {"date": "2023-11-01-10-00-00", "latency": 109}, {"date": "2023-11-01-10-00-00", "latency": 109}, {"date": "2023-11-01-10-00-00", "latency": 109}, {"date": "2023-11-01-19-00-00", "latency": 112}, {"date": "2023-11-01-19-00-00", "latency": 112}]}, {"location": {"country_code": "it"}, "game_id": "314852", "values": [{"date": "2023-11-01-19-00-00", "latency": 55}, {"date": "2023-11-01-19-00-00", "latency": 55}, {"date": "2023-11-01-19-00-00", "latency": 55}, {"date": "2023-11-01-19-00-00", "latency": 55}, {"date": "2023-11-01-19-00-00", "latency": 55}, {"date": "2023-11-01-20-00-00", "latency": 29}, {"date": "2023-11-01-20-00-00", "latency": 29}, {"date": "2023-11-01-20-00-00", "latency": 29}, {"date": "2023-11-01-20-00-00", "latency": 29}, {"date": "2023-11-01-20-00-00", "latency": 29}, {"date": "2023-11-01-20-00-00", "latency": 29}, {"date": "2023-11-01-20-00-00", "latency": 29}, {"date": "2023-11-01-20-00-00", "latency": 29}, {"date": "2023-11-01-20-00-00", "latency": 29}]}, {"location": {"country_code": "jp"}, "game_id": "314852", "values": [{"date": "2023-11-01-19-00-00", "latency": 25}, {"date": "2023-11-01-19-00-00", "latency": 25}, {"date": "2023-11-01-19-00-00", "latency": 25}, {"date": "2023-11-01-19-00-00", "latency": 25}, {"date": "2023-11-01-19-00-00", "latency": 25}, {"date": "2023-11-01-19-00-00", "latency": 25}, {"date": "2023-11-01-19-00-00", "latency": 25}, {"date": "2023-11-01-19-00-00", "latency": 25}, {"date": "2023-11-01-19-00-00", "latency": 25}, {"date": "2023-11-01-19-00-00", "latency": 25}, {"date": "2023-11-01-19-00-00", "latency": 25}, {"date": "2023-11-01-19-00-00", "latency": 25}, {"date": "2023-11-01-19-00-00", "latency": 25}, {"date": "2023-11-01-19-00-00", "latency": 25}, {"date": "2023-11-01-19-00-00", "latency": 25}, {"date": "2023-11-01-19-00-00", "latency": 25}, {"date": "2023-11-01-19-00-00", "latency": 25}, {"date": "2023-11-01-19-00-00", "latency": 25}, {"date": "2023-11-01-19-00-00", "latency": 25}, {"date": "2023-11-01-16-00-00", "latency": 17}, {"date": "2023-11-01-23-00-00", "latency": 53}, {"date": "2023-11-01-23-00-00", "latency": 53}, {"date": "2023-11-01-23-00-00", "latency": 53}, {"date": "2023-11-01-23-00-00", "latency": 53}, {"date": "2023-11-01-23-00-00", "latency": 53}, {"date": "2023-11-01-14-00-00", "latency": 9}, {"date": "2023-11-01-14-00-00", "latency": 9}, {"date": "2023-11-01-14-00-00", "latency": 21}, {"date": "2023-11-01-14-00-00", "latency": 21}, {"date": "2023-11-01-14-00-00", "latency": 21}, {"date": "2023-11-01-14-00-00", "latency": 21}, {"date": "2023-11-01-14-00-00", "latency": 21}, {"date": "2023-11-01-14-00-00", "latency": 21}, {"date": "2023-11-01-14-00-00", "latency": 21}, {"date": "2023-11-01-14-00-00", "latency": 21}, {"date": "2023-11-01-14-00-00", "latency": 21}, {"date": "2023-11-01-14-00-00", "latency": 21}, {"date": "2023-11-01-14-00-00", "latency": 21}, {"date": "2023-11-01-14-00-00", "latency": 21}, {"date": "2023-11-01-14-00-00", "latency": 21}, {"date": "2023-11-01-14-00-00", "latency": 21}, {"date": "2023-11-01-08-00-00", "latency": 15}, {"date": "2023-11-01-08-00-00", "latency": 15}, {"date": "2023-11-01-08-00-00", "latency": 15}, {"date": "2023-11-01-08-00-00", "latency": 15}, {"date": "2023-11-01-08-00-00", "latency": 33}, {"date": "2023-11-01-08-00-00", "latency": 33}, {"date": "2023-11-01-08-00-00", "latency": 33}, {"date": "2023-11-01-08-00-00", "latency": 33}, {"date": "2023-11-01-08-00-00", "latency": 33}, {"date": "2023-11-01-08-00-00", "latency": 33}, {"date": "2023-11-01-08-00-00", "latency": 33}, {"date": "2023-11-01-08-00-00", "latency": 33}, {"date": "2023-11-01-08-00-00", "latency": 33}, {"date": "2023-11-01-08-00-00", "latency": 33}, {"date": "2023-11-01-08-00-00", "latency": 33}, {"date": "2023-11-01-08-00-00", "latency": 33}, {"date": "2023-11-01-08-00-00", "latency": 33}, {"date": "2023-11-01-08-00-00", "latency": 33}, {"date": "2023-11-01-08-00-00", "latency": 33}, {"date": "2023-11-01-08-00-00", "latency": 33}, {"date": "2023-11-01-08-00-00", "latency": 33}, {"date": "2023-11-01-08-00-00", "latency": 33}, {"date": "2023-11-01-08-00-00", "latency": 33}, {"date": "2023-11-01-08-00-00", "latency": 33}, {"date": "2023-11-01-08-00-00", "latency": 33}, {"date": "2023-11-01-08-00-00", "latency": 33}, {"date": "2023-11-01-02-00-00", "latency": 18}, {"date": "2023-11-01-02-00-00", "latency": 18}, {"date": "2023-11-01-02-00-00", "latency": 18}, {"date": "2023-11-01-02-00-00", "latency": 18}, {"date": "2023-11-01-02-00-00", "latency": 18}, {"date": "2023-11-01-02-00-00", "latency": 18}, {"date": "2023-11-01-02-00-00", "latency": 18}, {"date": "2023-11-01-02-00-00", "latency": 18}, {"date": "2023-11-01-02-00-00", "latency": 18}, {"date": "2023-11-01-02-00-00", "latency": 18}, {"date": "2023-11-01-22-00-00", "latency": 29}, {"date": "2023-11-01-22-00-00", "latency": 45}, {"date": "2023-11-01-22-00-00", "latency": 45}, {"date": "2023-11-01-22-00-00", "latency": 45}, {"date": "2023-11-01-22-00-00", "latency": 45}, {"date": "2023-11-01-22-00-00", "latency": 45}, {"date": "2023-11-01-15-00-00", "latency": 8}, {"date": "2023-11-01-15-00-00", "latency": 8}, {"date": "2023-11-01-15-00-00", "latency": 8}, {"date": "2023-11-01-15-00-00", "latency": 8}, {"date": "2023-11-01-15-00-00", "latency": 8}, {"date": "2023-11-01-15-00-00", "latency": 8}, {"date": "2023-11-01-15-00-00", "latency": 8}]}, {"location": {"country_code": "jp", "region": "Tokyo"}, "game_id": "314852", "values": [{"date": "2023-11-01-16-00-00", "latency": 12}, {"date": "2023-11-01-16-00-00", "latency": 12}, {"date": "2023-11-01-16-00-00", "latency": 12}, {"date": "2023-11-01-16-00-00", "latency": 12}, {"date": "2023-11-01-16-00-00", "latency": 12}, {"date": "2023-11-01-21-00-00", "latency": 184}]}, {"location": {"country_code": "ca"}, "game_id": "314852", "values": [{"date": "2023-11-01-23-00-00", "latency": 44}, {"date": "2023-11-01-23-00-00", "latency": 44}, {"date": "2023-11-01-23-00-00", "latency": 44}, {"date": "2023-11-01-23-00-00", "latency": 44}, {"date": "2023-11-01-23-00-00", "latency": 44}, {"date": "2023-11-01-23-00-00", "latency": 44}, {"date": "2023-11-01-23-00-00", "latency": 44}, {"date": "2023-11-01-23-00-00", "latency": 44}, {"date": "2023-11-01-23-00-00", "latency": 44}, {"date": "2023-11-01-23-00-00", "latency": 44}, {"date": "2023-11-01-23-00-00", "latency": 44}, {"date": "2023-11-01-23-00-00", "latency": 44}, {"date": "2023-11-01-23-00-00", "latency": 44}, {"date": "2023-11-01-23-00-00", "latency": 44}, {"date": "2023-11-01-23-00-00", "latency": 44}, {"date": "2023-11-01-23-00-00", "latency": 44}, {"date": "2023-11-01-23-00-00", "latency": 44}, {"date": "2023-11-01-06-00-00", "latency": 45}]}, {"location": {"country_code": "ch"}, "game_id": "314852", "values": [{"date": "2023-11-01-22-00-00", "latency": 38}, {"date": "2023-11-01-22-00-00", "latency": 38}]}, {"location": {"country_code": "de"}, "game_id": "314852", "values": [{"date": "2023-11-01-18-00-00", "latency": 31}, {"date": "2023-11-01-18-00-00", "latency": 31}, {"date": "2023-11-01-18-00-00", "latency": 31}, {"date": "2023-11-01-18-00-00", "latency": 31}, {"date": "2023-11-01-18-00-00", "latency": 31}, {"date": "2023-11-01-18-00-00", "latency": 31}, {"date": "2023-11-01-18-00-00", "latency": 31}, {"date": "2023-11-01-18-00-00", "latency": 31}, {"date": "2023-11-01-18-00-00", "latency": 31}, {"date": "2023-11-01-18-00-00", "latency": 31}, {"date": "2023-11-01-18-00-00", "latency": 31}, {"date": "2023-11-01-18-00-00", "latency": 31}, {"date": "2023-11-01-18-00-00", "latency": 31}, {"date": "2023-11-01-18-00-00", "latency": 31}, {"date": "2023-11-01-18-00-00", "latency": 31}, {"date": "2023-11-01-19-00-00", "latency": 25}, {"date": "2023-11-01-19-00-00", "latency": 25}, {"date": "2023-11-01-19-00-00", "latency": 25}, {"date": "2023-11-01-22-00-00", "latency": 23}, {"date": "2023-11-01-22-00-00", "latency": 23}, {"date": "2023-11-02-00-00-00", "latency": 32}, {"date": "2023-11-01-02-00-00", "latency": 31}, {"date": "2023-11-01-02-00-00", "latency": 31}, {"date": "2023-11-01-02-00-00", "latency": 31}, {"date": "2023-11-01-02-00-00", "latency": 31}, {"date": "2023-11-01-02-00-00", "latency": 31}, {"date": "2023-11-01-02-00-00", "latency": 31}, {"date": "2023-11-01-02-00-00", "latency": 31}, {"date": "2023-11-01-02-00-00", "latency": 31}, {"date": "2023-11-01-02-00-00", "latency": 31}, {"date": "2023-11-01-02-00-00", "latency": 31}, {"date": "2023-11-01-13-00-00", "latency": 33}, {"date": "2023-11-01-13-00-00", "latency": 33}, {"date": "2023-11-01-13-00-00", "latency": 33}, {"date": "2023-11-01-13-00-00", "latency": 33}, {"date": "2023-11-01-13-00-00", "latency": 33}, {"date": "2023-11-01-13-00-00", "latency": 33}, {"date": "2023-11-01-13-00-00", "latency": 33}, {"date": "2023-11-01-13-00-00", "latency": 33}, {"date": "2023-11-01-13-00-00", "latency": 33}, {"date": "2023-11-01-13-00-00", "latency": 33}, {"date": "2023-11-01-23-00-00", "latency": 36}, {"date": "2023-11-01-23-00-00", "latency": 36}]}, {"location": {"country_code": "tw"}, "game_id": "314852", "values": [{"date": "2023-11-01-17-00-00", "latency": 69}, {"date": "2023-11-01-17-00-00", "latency": 69}, {"date": "2023-11-01-17-00-00", "latency": 69}, {"date": "2023-11-01-17-00-00", "latency": 69}, {"date": "2023-11-01-17-00-00", "latency": 69}, {"date": "2023-11-01-17-00-00", "latency": 69}, {"date": "2023-11-01-17-00-00", "latency": 69}, {"date": "2023-11-01-17-00-00", "latency": 69}, {"date": "2023-11-01-17-00-00", "latency": 69}, {"date": "2023-11-01-10-00-00", "latency": 50}, {"date": "2023-11-01-10-00-00", "latency": 50}, {"date": "2023-11-01-10-00-00", "latency": 50}, {"date": "2023-11-01-10-00-00", "latency": 50}, {"date": "2023-11-01-10-00-00", "latency": 50}, {"date": "2023-11-01-10-00-00", "latency": 50}, {"date": "2023-11-01-10-00-00", "latency": 50}, {"date": "2023-11-01-10-00-00", "latency": 50}, {"date": "2023-11-01-10-00-00", "latency": 50}, {"date": "2023-11-01-10-00-00", "latency": 50}, {"date": "2023-11-01-10-00-00", "latency": 50}, {"date": "2023-11-01-10-00-00", "latency": 50}, {"date": "2023-11-01-10-00-00", "latency": 50}, {"date": "2023-11-01-10-00-00", "latency": 50}, {"date": "2023-11-01-10-00-00", "latency": 50}, {"date": "2023-11-01-10-00-00", "latency": 50}, {"date": "2023-11-01-10-00-00", "latency": 50}, {"date": "2023-11-01-10-00-00", "latency": 50}, {"date": "2023-11-01-10-00-00", "latency": 50}, {"date": "2023-11-01-10-00-00", "latency": 50}, {"date": "2023-11-01-10-00-00", "latency": 50}, {"date": "2023-11-01-10-00-00", "latency": 50}, {"date": "2023-11-01-16-00-00", "latency": 58}, {"date": "2023-11-01-16-00-00", "latency": 78}, {"date": "2023-11-01-16-00-00", "latency": 78}, {"date": "2023-11-01-16-00-00", "latency": 78}, {"date": "2023-11-01-16-00-00", "latency": 78}, {"date": "2023-11-01-16-00-00", "latency": 78}, {"date": "2023-11-01-16-00-00", "latency": 78}, {"date": "2023-11-01-16-00-00", "latency": 78}, {"date": "2023-11-01-16-00-00", "latency": 78}, {"date": "2023-11-01-16-00-00", "latency": 78}, {"date": "2023-11-01-16-00-00", "latency": 78}, {"date": "2023-11-01-16-00-00", "latency": 78}, {"date": "2023-11-01-16-00-00", "latency": 78}, {"date": "2023-11-01-16-00-00", "latency": 78}, {"date": "2023-11-01-16-00-00", "latency": 78}, {"date": "2023-11-01-16-00-00", "latency": 78}, {"date": "2023-11-01-10-00-00", "latency": 60}, {"date": "2023-11-01-10-00-00", "latency": 60}, {"date": "2023-11-01-10-00-00", "latency": 60}, {"date": "2023-11-01-10-00-00", "latency": 60}, {"date": "2023-11-01-10-00-00", "latency": 60}, {"date": "2023-11-01-10-00-00", "latency": 60}, {"date": "2023-11-01-10-00-00", "latency": 60}, {"date": "2023-11-01-10-00-00", "latency": 60}, {"date": "2023-11-01-04-00-00", "latency": 45}, {"date": "2023-11-01-04-00-00", "latency": 45}, {"date": "2023-11-01-04-00-00", "latency": 45}, {"date": "2023-11-01-04-00-00", "latency": 45}, {"date": "2023-11-01-04-00-00", "latency": 45}, {"date": "2023-11-01-04-00-00", "latency": 45}, {"date": "2023-11-01-04-00-00", "latency": 45}, {"date": "2023-11-01-04-00-00", "latency": 45}, {"date": "2023-11-01-04-00-00", "latency": 45}, {"date": "2023-11-01-04-00-00", "latency": 45}, {"date": "2023-11-01-04-00-00", "latency": 45}, {"date": "2023-11-01-04-00-00", "latency": 45}, {"date": "2023-11-01-04-00-00", "latency": 45}, {"date": "2023-11-01-04-00-00", "latency": 45}, {"date": "2023-11-01-04-00-00", "latency": 45}, {"date": "2023-11-01-04-00-00", "latency": 45}, {"date": "2023-11-01-04-00-00", "latency": 45}, {"date": "2023-11-01-04-00-00", "latency": 45}, {"date": "2023-11-01-04-00-00", "latency": 45}, {"date": "2023-11-01-04-00-00", "latency": 45}, {"date": "2023-11-01-04-00-00", "latency": 45}, {"date": "2023-11-01-04-00-00", "latency": 45}, {"date": "2023-11-01-04-00-00", "latency": 45}, {"date": "2023-11-01-04-00-00", "latency": 45}, {"date": "2023-11-01-18-00-00", "latency": 3}]}, {"location": {"country_code": "us", "region": "Indiana"}, "game_id": "314852", "values": [{"date": "2023-11-01-05-00-00", "latency": 48}, {"date": "2023-11-01-05-00-00", "latency": 48}, {"date": "2023-11-01-05-00-00", "latency": 48}]}, {"location": {"country_code": "gb", "region": "England"}, "game_id": "314852", "values": [{"date": "2023-11-01-06-00-00", "latency": 39}, {"date": "2023-11-01-06-00-00", "latency": 39}, {"date": "2023-11-01-06-00-00", "latency": 39}, {"date": "2023-11-01-06-00-00", "latency": 39}, {"date": "2023-11-01-06-00-00", "latency": 39}, {"date": "2023-11-01-06-00-00", "latency": 39}, {"date": "2023-11-01-06-00-00", "latency": 39}, {"date": "2023-11-01-06-00-00", "latency": 39}, {"date": "2023-11-01-18-00-00", "latency": 37}, {"date": "2023-11-01-18-00-00", "latency": 37}, {"date": "2023-11-01-18-00-00", "latency": 37}, {"date": "2023-11-01-18-00-00", "latency": 37}, {"date": "2023-11-01-18-00-00", "latency": 37}, {"date": "2023-11-01-18-00-00", "latency": 37}, {"date": "2023-11-01-18-00-00", "latency": 37}, {"date": "2023-11-01-18-00-00", "latency": 37}]}, {"location": {"country_code": "us", "region": "Texas"}, "game_id": "314852", "values": [{"date": "2023-11-01-10-00-00", "latency": 127}, {"date": "2023-11-01-13-00-00", "latency": 43}]}, {"location": {"country_code": "us", "region": "Florida"}, "game_id": "314852", "values": [{"date": "2023-11-01-18-00-00", "latency": 65}, {"date": "2023-11-01-18-00-00", "latency": 65}, {"date": "2023-11-01-19-00-00", "latency": 55}, {"date": "2023-11-01-19-00-00", "latency": 55}, {"date": "2023-11-01-19-00-00", "latency": 55}, {"date": "2023-11-01-19-00-00", "latency": 55}, {"date": "2023-11-01-19-00-00", "latency": 55}, {"date": "2023-11-01-19-00-00", "latency": 55}, {"date": "2023-11-01-17-00-00", "latency": 57}, {"date": "2023-11-01-17-00-00", "latency": 57}, {"date": "2023-11-01-17-00-00", "latency": 57}, {"date": "2023-11-01-17-00-00", "latency": 57}, {"date": "2023-11-01-17-00-00", "latency": 57}, {"date": "2023-11-01-17-00-00", "latency": 57}, {"date": "2023-11-01-17-00-00", "latency": 57}, {"date": "2023-11-01-17-00-00", "latency": 57}, {"date": "2023-11-01-17-00-00", "latency": 57}, {"date": "2023-11-01-17-00-00", "latency": 57}, {"date": "2023-11-01-17-00-00", "latency": 57}, {"date": "2023-11-01-17-00-00", "latency": 57}, {"date": "2023-11-01-17-00-00", "latency": 57}, {"date": "2023-11-01-17-00-00", "latency": 57}, {"date": "2023-11-01-17-00-00", "latency": 57}, {"date": "2023-11-01-17-00-00", "latency": 57}, {"date": "2023-11-01-17-00-00", "latency": 57}, {"date": "2023-11-01-17-00-00", "latency": 57}, {"date": "2023-11-01-17-00-00", "latency": 57}, {"date": "2023-11-01-17-00-00", "latency": 57}, {"date": "2023-11-01-17-00-00", "latency": 57}, {"date": "2023-11-01-17-00-00", "latency": 57}, {"date": "2023-11-01-17-00-00", "latency": 57}, {"date": "2023-11-01-17-00-00", "latency": 57}, {"date": "2023-11-01-17-00-00", "latency": 57}, {"date": "2023-11-01-17-00-00", "latency": 57}, {"date": "2023-11-01-17-00-00", "latency": 57}, {"date": "2023-11-01-17-00-00", "latency": 57}, {"date": "2023-11-01-17-00-00", "latency": 57}, {"date": "2023-11-01-17-00-00", "latency": 57}, {"date": "2023-11-01-17-00-00", "latency": 57}, {"date": "2023-11-01-17-00-00", "latency": 57}, {"date": "2023-11-01-17-00-00", "latency": 57}]}, {"location": {"country_code": "ph"}, "game_id": "314852", "values": [{"date": "2023-11-01-17-00-00", "latency": 98}, {"date": "2023-11-01-17-00-00", "latency": 98}, {"date": "2023-11-01-16-00-00", "latency": 108}, {"date": "2023-11-01-16-00-00", "latency": 108}, {"date": "2023-11-01-16-00-00", "latency": 108}, {"date": "2023-11-01-16-00-00", "latency": 108}, {"date": "2023-11-01-16-00-00", "latency": 108}, {"date": "2023-11-01-11-00-00", "latency": 97}, {"date": "2023-11-01-11-00-00", "latency": 97}, {"date": "2023-11-01-11-00-00", "latency": 97}, {"date": "2023-11-01-12-00-00", "latency": 68}, {"date": "2023-11-01-12-00-00", "latency": 68}, {"date": "2023-11-01-12-00-00", "latency": 68}, {"date": "2023-11-01-12-00-00", "latency": 68}, {"date": "2023-11-01-12-00-00", "latency": 68}, {"date": "2023-11-01-12-00-00", "latency": 68}, {"date": "2023-11-01-12-00-00", "latency": 68}, {"date": "2023-11-01-12-00-00", "latency": 68}, {"date": "2023-11-01-12-00-00", "latency": 68}, {"date": "2023-11-01-12-00-00", "latency": 68}, {"date": "2023-11-01-12-00-00", "latency": 68}, {"date": "2023-11-01-12-00-00", "latency": 68}, {"date": "2023-11-01-12-00-00", "latency": 68}, {"date": "2023-11-01-20-00-00", "latency": 107}, {"date": "2023-11-01-20-00-00", "latency": 107}, {"date": "2023-11-01-20-00-00", "latency": 107}, {"date": "2023-11-01-20-00-00", "latency": 107}, {"date": "2023-11-01-20-00-00", "latency": 107}, {"date": "2023-11-01-20-00-00", "latency": 107}, {"date": "2023-11-01-20-00-00", "latency": 107}, {"date": "2023-11-01-20-00-00", "latency": 107}, {"date": "2023-11-01-20-00-00", "latency": 107}, {"date": "2023-11-01-15-00-00", "latency": 108}, {"date": "2023-11-01-15-00-00", "latency": 108}, {"date": "2023-11-01-15-00-00", "latency": 108}, {"date": "2023-11-01-15-00-00", "latency": 108}, {"date": "2023-11-01-15-00-00", "latency": 108}, {"date": "2023-11-01-15-00-00", "latency": 108}, {"date": "2023-11-01-15-00-00", "latency": 108}, {"date": "2023-11-01-15-00-00", "latency": 108}, {"date": "2023-11-01-15-00-00", "latency": 108}, {"date": "2023-11-01-15-00-00", "latency": 108}, {"date": "2023-11-01-15-00-00", "latency": 108}, {"date": "2023-11-01-15-00-00", "latency": 133}, {"date": "2023-11-01-15-00-00", "latency": 133}, {"date": "2023-11-01-15-00-00", "latency": 133}, {"date": "2023-11-01-15-00-00", "latency": 133}, {"date": "2023-11-01-15-00-00", "latency": 133}]}, {"location": {"country_code": "fr"}, "game_id": "314852", "values": [{"date": "2023-11-01-13-00-00", "latency": 65}, {"date": "2023-11-01-13-00-00", "latency": 65}, {"date": "2023-11-01-13-00-00", "latency": 65}, {"date": "2023-11-01-13-00-00", "latency": 65}, {"date": "2023-11-01-13-00-00", "latency": 65}, {"date": "2023-11-01-13-00-00", "latency": 65}, {"date": "2023-11-01-13-00-00", "latency": 65}, {"date": "2023-11-01-13-00-00", "latency": 65}, {"date": "2023-11-01-13-00-00", "latency": 65}, {"date": "2023-11-01-15-00-00", "latency": 22}, {"date": "2023-11-01-15-00-00", "latency": 22}, {"date": "2023-11-01-15-00-00", "latency": 22}, {"date": "2023-11-01-15-00-00", "latency": 22}, {"date": "2023-11-01-15-00-00", "latency": 22}, {"date": "2023-11-01-15-00-00", "latency": 22}, {"date": "2023-11-01-15-00-00", "latency": 22}, {"date": "2023-11-01-15-00-00", "latency": 22}, {"date": "2023-11-01-15-00-00", "latency": 22}, {"date": "2023-11-01-15-00-00", "latency": 22}, {"date": "2023-11-01-15-00-00", "latency": 22}, {"date": "2023-11-01-15-00-00", "latency": 22}, {"date": "2023-11-01-15-00-00", "latency": 22}, {"date": "2023-11-01-15-00-00", "latency": 22}, {"date": "2023-11-01-15-00-00", "latency": 22}, {"date": "2023-11-01-20-00-00", "latency": 36}, {"date": "2023-11-01-20-00-00", "latency": 36}, {"date": "2023-11-01-20-00-00", "latency": 36}, {"date": "2023-11-01-20-00-00", "latency": 36}, {"date": "2023-11-01-20-00-00", "latency": 36}, {"date": "2023-11-01-20-00-00", "latency": 36}, {"date": "2023-11-01-20-00-00", "latency": 36}, {"date": "2023-11-01-20-00-00", "latency": 36}, {"date": "2023-11-01-20-00-00", "latency": 36}, {"date": "2023-11-01-20-00-00", "latency": 36}, {"date": "2023-11-01-20-00-00", "latency": 36}, {"date": "2023-11-01-20-00-00", "latency": 36}, {"date": "2023-11-01-20-00-00", "latency": 36}, {"date": "2023-11-01-20-00-00", "latency": 36}, {"date": "2023-11-01-20-00-00", "latency": 36}, {"date": "2023-11-01-20-00-00", "latency": 36}, {"date": "2023-11-01-20-00-00", "latency": 36}, {"date": "2023-11-01-20-00-00", "latency": 36}, {"date": "2023-11-01-20-00-00", "latency": 36}, {"date": "2023-11-01-20-00-00", "latency": 36}, {"date": "2023-11-01-20-00-00", "latency": 36}, {"date": "2023-11-01-20-00-00", "latency": 36}, {"date": "2023-11-01-20-00-00", "latency": 36}, {"date": "2023-11-01-20-00-00", "latency": 36}, {"date": "2023-11-01-20-00-00", "latency": 36}, {"date": "2023-11-01-01-00-00", "latency": 23}]}, {"location": {"country_code": "us", "region": "New Jersey"}, "game_id": "314852", "values": [{"date": "2023-11-01-06-00-00", "latency": 22}, {"date": "2023-11-01-06-00-00", "latency": 22}, {"date": "2023-11-01-06-00-00", "latency": 22}, {"date": "2023-11-01-06-00-00", "latency": 22}, {"date": "2023-11-01-06-00-00", "latency": 22}, {"date": "2023-11-01-06-00-00", "latency": 22}, {"date": "2023-11-01-06-00-00", "latency": 22}, {"date": "2023-11-01-06-00-00", "latency": 22}, {"date": "2023-11-01-06-00-00", "latency": 22}, {"date": "2023-11-01-06-00-00", "latency": 22}, {"date": "2023-11-01-06-00-00", "latency": 22}, {"date": "2023-11-01-06-00-00", "latency": 22}, {"date": "2023-11-01-06-00-00", "latency": 22}, {"date": "2023-11-01-06-00-00", "latency": 22}, {"date": "2023-11-01-06-00-00", "latency": 22}, {"date": "2023-11-01-06-00-00", "latency": 22}, {"date": "2023-11-01-06-00-00", "latency": 22}, {"date": "2023-11-01-06-00-00", "latency": 22}, {"date": "2023-11-01-06-00-00", "latency": 22}]}, {"location": {"country_code": "mx"}, "game_id": "314852", "values": [{"date": "2023-11-01-05-00-00", "latency": 36}, {"date": "2023-11-01-05-00-00", "latency": 36}, {"date": "2023-11-01-07-00-00", "latency": 190}, {"date": "2023-11-01-07-00-00", "latency": 190}, {"date": "2023-11-01-06-00-00", "latency": 73}, {"date": "2023-11-01-06-00-00", "latency": 73}, {"date": "2023-11-01-06-00-00", "latency": 73}, {"date": "2023-11-01-06-00-00", "latency": 73}, {"date": "2023-11-01-06-00-00", "latency": 73}, {"date": "2023-11-01-06-00-00", "latency": 73}, {"date": "2023-11-01-04-00-00", "latency": 75}, {"date": "2023-11-01-04-00-00", "latency": 75}, {"date": "2023-11-01-04-00-00", "latency": 75}, {"date": "2023-11-01-04-00-00", "latency": 75}, {"date": "2023-11-01-02-00-00", "latency": 91}, {"date": "2023-11-01-02-00-00", "latency": 91}, {"date": "2023-11-01-02-00-00", "latency": 91}, {"date": "2023-11-01-02-00-00", "latency": 91}, {"date": "2023-11-01-02-00-00", "latency": 91}, {"date": "2023-11-01-02-00-00", "latency": 91}, {"date": "2023-11-01-02-00-00", "latency": 86}, {"date": "2023-11-01-02-00-00", "latency": 86}, {"date": "2023-11-01-02-00-00", "latency": 86}, {"date": "2023-11-01-02-00-00", "latency": 86}, {"date": "2023-11-01-02-00-00", "latency": 86}, {"date": "2023-11-01-23-00-00", "latency": 102}, {"date": "2023-11-01-23-00-00", "latency": 102}]}, {"location": {"country_code": "mx", "region": "Mexico City"}, "game_id": "314852", "values": [{"date": "2023-11-01-15-00-00", "latency": 188}, {"date": "2023-11-01-10-00-00", "latency": 170}, {"date": "2023-11-01-05-00-00", "latency": 70}, {"date": "2023-11-01-05-00-00", "latency": 70}]}, {"location": {"country_code": "in", "region": "West Bengal", "city": "Kolkata"}, "game_id": "314852", "values": [{"date": "2023-11-01-16-00-00", "latency": 264}, {"date": "2023-11-01-16-00-00", "latency": 264}, {"date": "2023-11-01-16-00-00", "latency": 264}]}, {"location": {"country_code": "us", "region": "California"}, "game_id": "314852", "values": [{"date": "2023-11-01-08-00-00", "latency": 70}, {"date": "2023-11-01-08-00-00", "latency": 70}, {"date": "2023-11-01-08-00-00", "latency": 70}, {"date": "2023-11-01-05-00-00", "latency": 105}, {"date": "2023-11-01-05-00-00", "latency": 105}, {"date": "2023-11-01-05-00-00", "latency": 105}, {"date": "2023-11-01-05-00-00", "latency": 105}, {"date": "2023-11-01-05-00-00", "latency": 105}, {"date": "2023-11-01-05-00-00", "latency": 105}, {"date": "2023-11-01-05-00-00", "latency": 105}, {"date": "2023-11-01-05-00-00", "latency": 105}, {"date": "2023-11-01-05-00-00", "latency": 105}, {"date": "2023-11-01-05-00-00", "latency": 105}, {"date": "2023-11-01-05-00-00", "latency": 105}, {"date": "2023-11-01-05-00-00", "latency": 105}, {"date": "2023-11-01-05-00-00", "latency": 105}, {"date": "2023-11-01-05-00-00", "latency": 105}, {"date": "2023-11-01-05-00-00", "latency": 105}, {"date": "2023-11-01-05-00-00", "latency": 105}, {"date": "2023-11-01-05-00-00", "latency": 105}, {"date": "2023-11-01-08-00-00", "latency": 93}, {"date": "2023-11-01-08-00-00", "latency": 93}, {"date": "2023-11-01-08-00-00", "latency": 93}, {"date": "2023-11-01-08-00-00", "latency": 93}, {"date": "2023-11-01-08-00-00", "latency": 93}, {"date": "2023-11-01-08-00-00", "latency": 93}, {"date": "2023-11-01-08-00-00", "latency": 93}, {"date": "2023-11-01-08-00-00", "latency": 93}, {"date": "2023-11-01-08-00-00", "latency": 93}, {"date": "2023-11-01-08-00-00", "latency": 93}]}, {"location": {"country_code": "br"}, "game_id": "314852", "values": [{"date": "2023-11-01-23-00-00", "latency": 135}, {"date": "2023-11-01-04-00-00", "latency": 158}, {"date": "2023-11-01-04-00-00", "latency": 158}, {"date": "2023-11-01-11-00-00", "latency": 143}, {"date": "2023-11-01-11-00-00", "latency": 143}, {"date": "2023-11-01-11-00-00", "latency": 143}, {"date": "2023-11-01-11-00-00", "latency": 143}, {"date": "2023-11-01-11-00-00", "latency": 143}, {"date": "2023-11-01-11-00-00", "latency": 143}, {"date": "2023-11-01-11-00-00", "latency": 143}, {"date": "2023-11-01-11-00-00", "latency": 143}, {"date": "2023-11-01-07-00-00", "latency": 164}, {"date": "2023-11-01-07-00-00", "latency": 164}, {"date": "2023-11-01-14-00-00", "latency": 157}]}, {"location": {"country_code": "br", "region": "Sao Paulo", "city": "Apiai"}, "game_id": "314852", "values": [{"date": "2023-11-01-05-00-00", "latency": 173}, {"date": "2023-11-01-05-00-00", "latency": 173}, {"date": "2023-11-01-05-00-00", "latency": 173}, {"date": "2023-11-01-05-00-00", "latency": 173}, {"date": "2023-11-01-05-00-00", "latency": 173}, {"date": "2023-11-01-05-00-00", "latency": 173}, {"date": "2023-11-01-05-00-00", "latency": 173}, {"date": "2023-11-01-05-00-00", "latency": 173}, {"date": "2023-11-01-05-00-00", "latency": 173}, {"date": "2023-11-01-05-00-00", "latency": 173}, {"date": "2023-11-01-05-00-00", "latency": 173}, {"date": "2023-11-01-05-00-00", "latency": 173}, {"date": "2023-11-02-01-00-00", "latency": 138}, {"date": "2023-11-02-01-00-00", "latency": 138}, {"date": "2023-11-01-22-00-00", "latency": 135}, {"date": "2023-11-01-22-00-00", "latency": 135}, {"date": "2023-11-01-22-00-00", "latency": 135}, {"date": "2023-11-01-02-00-00", "latency": 157}, {"date": "2023-11-01-02-00-00", "latency": 157}, {"date": "2023-11-01-02-00-00", "latency": 157}, {"date": "2023-11-01-02-00-00", "latency": 157}, {"date": "2023-11-01-02-00-00", "latency": 157}, {"date": "2023-11-01-02-00-00", "latency": 157}, {"date": "2023-11-01-18-00-00", "latency": 146}, {"date": "2023-11-01-18-00-00", "latency": 146}, {"date": "2023-11-01-18-00-00", "latency": 146}, {"date": "2023-11-01-18-00-00", "latency": 146}, {"date": "2023-11-01-18-00-00", "latency": 146}, {"date": "2023-11-01-18-00-00", "latency": 146}, {"date": "2023-11-01-18-00-00", "latency": 146}, {"date": "2023-11-01-18-00-00", "latency": 146}, {"date": "2023-11-01-18-00-00", "latency": 146}]}, {"location": {"country_code": "us", "region": "California", "city": "East Los Angeles"}, "game_id": "314852", "values": [{"date": "2023-11-02-00-00-00", "latency": 175}, {"date": "2023-11-02-00-00-00", "latency": 175}, {"date": "2023-11-01-05-00-00", "latency": 77}, {"date": "2023-11-01-05-00-00", "latency": 77}, {"date": "2023-11-01-05-00-00", "latency": 77}, {"date": "2023-11-01-05-00-00", "latency": 77}, {"date": "2023-11-01-05-00-00", "latency": 77}, {"date": "2023-11-01-05-00-00", "latency": 77}, {"date": "2023-11-01-05-00-00", "latency": 77}, {"date": "2023-11-01-05-00-00", "latency": 77}, {"date": "2023-11-01-05-00-00", "latency": 77}, {"date": "2023-11-01-05-00-00", "latency": 77}, {"date": "2023-11-01-05-00-00", "latency": 77}]}, {"location": {"country_code": "au"}, "game_id": "314852", "values": [{"date": "2023-11-01-17-00-00", "latency": 196}, {"date": "2023-11-01-17-00-00", "latency": 196}, {"date": "2023-11-01-17-00-00", "latency": 196}, {"date": "2023-11-01-17-00-00", "latency": 196}, {"date": "2023-11-01-17-00-00", "latency": 196}, {"date": "2023-11-01-17-00-00", "latency": 196}, {"date": "2023-11-01-07-00-00", "latency": 180}, {"date": "2023-11-01-07-00-00", "latency": 180}, {"date": "2023-11-01-07-00-00", "latency": 180}, {"date": "2023-11-01-07-00-00", "latency": 180}, {"date": "2023-11-01-07-00-00", "latency": 180}, {"date": "2023-11-01-07-00-00", "latency": 209}, {"date": "2023-11-01-07-00-00", "latency": 209}, {"date": "2023-11-01-07-00-00", "latency": 209}, {"date": "2023-11-01-07-00-00", "latency": 209}, {"date": "2023-11-01-07-00-00", "latency": 209}, {"date": "2023-11-01-15-00-00", "latency": 1}, {"date": "2023-11-01-15-00-00", "latency": 1}, {"date": "2023-11-01-15-00-00", "latency": 1}, {"date": "2023-11-01-11-00-00", "latency": 184}, {"date": "2023-11-01-11-00-00", "latency": 184}, {"date": "2023-11-01-11-00-00", "latency": 184}, {"date": "2023-11-01-11-00-00", "latency": 184}, {"date": "2023-11-01-11-00-00", "latency": 184}, {"date": "2023-11-01-11-00-00", "latency": 184}, {"date": "2023-11-01-11-00-00", "latency": 184}, {"date": "2023-11-01-11-00-00", "latency": 184}, {"date": "2023-11-01-11-00-00", "latency": 184}, {"date": "2023-11-01-11-00-00", "latency": 270}, {"date": "2023-11-01-11-00-00", "latency": 270}, {"date": "2023-11-01-11-00-00", "latency": 270}]}, {"location": {"country_code": "kr"}, "game_id": "314852", "values": [{"date": "2023-11-01-06-00-00", "latency": 52}, {"date": "2023-11-01-06-00-00", "latency": 52}, {"date": "2023-11-01-06-00-00", "latency": 52}, {"date": "2023-11-01-06-00-00", "latency": 52}, {"date": "2023-11-01-06-00-00", "latency": 52}, {"date": "2023-11-01-06-00-00", "latency": 52}, {"date": "2023-11-01-06-00-00", "latency": 52}, {"date": "2023-11-01-06-00-00", "latency": 52}, {"date": "2023-11-01-06-00-00", "latency": 52}, {"date": "2023-11-01-06-00-00", "latency": 52}, {"date": "2023-11-01-06-00-00", "latency": 52}]}, {"location": {"country_code": "us", "region": "Pennsylvania", "city": "Philadelphia"}, "game_id": "314852", "values": [{"date": "2023-11-01-07-00-00", "latency": 31}]}, {"location": {"country_code": "es"}, "game_id": "314852", "values": [{"date": "2023-11-01-21-00-00", "latency": 50}, {"date": "2023-11-01-22-00-00", "latency": 47}, {"date": "2023-11-01-22-00-00", "latency": 47}, {"date": "2023-11-01-22-00-00", "latency": 47}, {"date": "2023-11-01-22-00-00", "latency": 56}, {"date": "2023-11-01-22-00-00", "latency": 56}, {"date": "2023-11-01-22-00-00", "latency": 56}, {"date": "2023-11-01-22-00-00", "latency": 56}, {"date": "2023-11-01-22-00-00", "latency": 56}, {"date": "2023-11-01-22-00-00", "latency": 56}, {"date": "2023-11-01-22-00-00", "latency": 56}, {"date": "2023-11-01-22-00-00", "latency": 56}, {"date": "2023-11-02-01-00-00", "latency": 75}, {"date": "2023-11-01-21-00-00", "latency": 60}, {"date": "2023-11-01-21-00-00", "latency": 60}, {"date": "2023-11-01-21-00-00", "latency": 60}, {"date": "2023-11-01-21-00-00", "latency": 60}, {"date": "2023-11-01-21-00-00", "latency": 60}, {"date": "2023-11-01-21-00-00", "latency": 60}, {"date": "2023-11-01-21-00-00", "latency": 60}, {"date": "2023-11-01-21-00-00", "latency": 60}, {"date": "2023-11-01-21-00-00", "latency": 60}, {"date": "2023-11-01-21-00-00", "latency": 60}, {"date": "2023-11-01-21-00-00", "latency": 60}]}, {"location": {"country_code": "es", "region": "Castille-La Mancha", "city": "Talavera de la Reina"}, "game_id": "314852", "values": [{"date": "2023-11-02-00-00-00", "latency": 148}, {"date": "2023-11-02-00-00-00", "latency": 148}, {"date": "2023-11-02-00-00-00", "latency": 148}, {"date": "2023-11-02-00-00-00", "latency": 148}, {"date": "2023-11-02-00-00-00", "latency": 148}, {"date": "2023-11-02-00-00-00", "latency": 148}, {"date": "2023-11-02-00-00-00", "latency": 148}, {"date": "2023-11-02-00-00-00", "latency": 148}, {"date": "2023-11-02-00-00-00", "latency": 148}, {"date": "2023-11-02-00-00-00", "latency": 148}, {"date": "2023-11-02-00-00-00", "latency": 148}, {"date": "2023-11-02-00-00-00", "latency": 148}, {"date": "2023-11-02-00-00-00", "latency": 148}, {"date": "2023-11-02-00-00-00", "latency": 148}, {"date": "2023-11-02-00-00-00", "latency": 148}, {"date": "2023-11-02-00-00-00", "latency": 148}]}, {"location": {"country_code": "de", "region": "Free and Hanseatic City of Hamburg", "city": "Hamburg"}, "game_id": "314852", "values": [{"date": "2023-11-02-00-00-00", "latency": 38}, {"date": "2023-11-02-00-00-00", "latency": 38}]}, {"location": {"country_code": "ru"}, "game_id": "314852", "values": [{"date": "2023-11-01-11-00-00", "latency": 66}, {"date": "2023-11-01-11-00-00", "latency": 66}, {"date": "2023-11-01-11-00-00", "latency": 66}, {"date": "2023-11-01-11-00-00", "latency": 66}, {"date": "2023-11-01-11-00-00", "latency": 66}, {"date": "2023-11-02-01-00-00", "latency": 100}]}, {"location": {"country_code": "us", "region": "California", "city": "Elk Grove"}, "game_id": "314852", "values": [{"date": "2023-11-01-23-00-00", "latency": 83}]}, {"location": {"country_code": "us", "region": "North Carolina", "city": "Charlotte"}, "game_id": "314852", "values": [{"date": "2023-11-01-10-00-00", "latency": 48}, {"date": "2023-11-01-10-00-00", "latency": 48}, {"date": "2023-11-01-10-00-00", "latency": 48}, {"date": "2023-11-01-10-00-00", "latency": 48}, {"date": "2023-11-01-10-00-00", "latency": 48}, {"date": "2023-11-01-10-00-00", "latency": 48}, {"date": "2023-11-01-10-00-00", "latency": 48}, {"date": "2023-11-01-10-00-00", "latency": 48}, {"date": "2023-11-01-10-00-00", "latency": 48}, {"date": "2023-11-01-10-00-00", "latency": 48}, {"date": "2023-11-01-10-00-00", "latency": 48}, {"date": "2023-11-01-10-00-00", "latency": 48}, {"date": "2023-11-01-10-00-00", "latency": 48}, {"date": "2023-11-01-10-00-00", "latency": 48}, {"date": "2023-11-01-10-00-00", "latency": 48}, {"date": "2023-11-01-10-00-00", "latency": 48}, {"date": "2023-11-01-10-00-00", "latency": 48}, {"date": "2023-11-01-10-00-00", "latency": 48}, {"date": "2023-11-01-10-00-00", "latency": 48}, {"date": "2023-11-01-10-00-00", "latency": 48}, {"date": "2023-11-01-10-00-00", "latency": 48}, {"date": "2023-11-01-10-00-00", "latency": 48}]}, {"location": {"country_code": "at", "region": "Vienna"}, "game_id": "314852", "values": [{"date": "2023-11-02-00-00-00", "latency": 25}, {"date": "2023-11-02-00-00-00", "latency": 25}, {"date": "2023-11-02-00-00-00", "latency": 25}, {"date": "2023-11-02-00-00-00", "latency": 25}, {"date": "2023-11-02-00-00-00", "latency": 25}, {"date": "2023-11-02-00-00-00", "latency": 25}, {"date": "2023-11-02-00-00-00", "latency": 25}, {"date": "2023-11-02-00-00-00", "latency": 25}, {"date": "2023-11-02-00-00-00", "latency": 25}, {"date": "2023-11-02-00-00-00", "latency": 25}]}, {"location": {"country_code": "pe", "region": "Lima region", "city": "Nuevo Lince"}, "game_id": "314852", "values": [{"date": "2023-11-01-10-00-00", "latency": 102}, {"date": "2023-11-01-10-00-00", "latency": 102}, {"date": "2023-11-01-10-00-00", "latency": 102}, {"date": "2023-11-01-10-00-00", "latency": 102}]}, {"location": {"country_code": "co", "region": "Narino"}, "game_id": "314852", "values": [{"date": "2023-11-02-01-00-00", "latency": 116}]}, {"location": {"country_code": "es", "region": "Catalonia", "city": "l'Hospitalet de Llobregat"}, "game_id": "314852", "values": [{"date": "2023-11-01-03-00-00", "latency": 151}, {"date": "2023-11-01-03-00-00", "latency": 151}, {"date": "2023-11-01-03-00-00", "latency": 151}, {"date": "2023-11-01-03-00-00", "latency": 151}, {"date": "2023-11-01-03-00-00", "latency": 151}, {"date": "2023-11-01-03-00-00", "latency": 151}]}, {"location": {"country_code": "pl"}, "game_id": "314852", "values": [{"date": "2023-11-01-23-00-00", "latency": 36}, {"date": "2023-11-01-23-00-00", "latency": 36}]}, {"location": {"country_code": "us", "region": "Puerto Rico"}, "game_id": "314852", "values": [{"date": "2023-11-01-20-00-00", "latency": 99}, {"date": "2023-11-01-20-00-00", "latency": 99}, {"date": "2023-11-01-20-00-00", "latency": 99}, {"date": "2023-11-01-20-00-00", "latency": 99}, {"date": "2023-11-01-20-00-00", "latency": 99}, {"date": "2023-11-01-20-00-00", "latency": 99}, {"date": "2023-11-01-20-00-00", "latency": 99}]}, {"location": {"country_code": "be"}, "game_id": "314852", "values": [{"date": "2023-11-01-15-00-00", "latency": 32}]}, {"location": {"country_code": "gb", "region": "England", "city": "London"}, "game_id": "314852", "values": [{"date": "2023-11-01-14-00-00", "latency": 41}, {"date": "2023-11-01-14-00-00", "latency": 41}, {"date": "2023-11-01-14-00-00", "latency": 41}, {"date": "2023-11-01-14-00-00", "latency": 41}, {"date": "2023-11-01-14-00-00", "latency": 41}, {"date": "2023-11-01-22-00-00", "latency": 8}, {"date": "2023-11-01-22-00-00", "latency": 8}, {"date": "2023-11-01-22-00-00", "latency": 8}, {"date": "2023-11-01-22-00-00", "latency": 8}, {"date": "2023-11-01-22-00-00", "latency": 8}, {"date": "2023-11-01-22-00-00", "latency": 8}, {"date": "2023-11-01-22-00-00", "latency": 8}, {"date": "2023-11-01-22-00-00", "latency": 8}, {"date": "2023-11-01-22-00-00", "latency": 8}]}, {"location": {"country_code": "ua"}, "game_id": "314852", "values": [{"date": "2023-11-01-15-00-00", "latency": 52}, {"date": "2023-11-01-15-00-00", "latency": 52}, {"date": "2023-11-01-15-00-00", "latency": 52}, {"date": "2023-11-01-15-00-00", "latency": 52}, {"date": "2023-11-01-15-00-00", "latency": 52}]}, {"location": {"country_code": "sg"}, "game_id": "314852", "values": [{"date": "2023-11-01-16-00-00", "latency": 96}, {"date": "2023-11-01-16-00-00", "latency": 96}, {"date": "2023-11-01-16-00-00", "latency": 96}, {"date": "2023-11-01-16-00-00", "latency": 96}, {"date": "2023-11-01-16-00-00", "latency": 96}, {"date": "2023-11-01-16-00-00", "latency": 96}, {"date": "2023-11-01-16-00-00", "latency": 96}, {"date": "2023-11-01-16-00-00", "latency": 96}, {"date": "2023-11-01-16-00-00", "latency": 96}, {"date": "2023-11-01-16-00-00", "latency": 64}, {"date": "2023-11-01-16-00-00", "latency": 64}, {"date": "2023-11-01-16-00-00", "latency": 64}, {"date": "2023-11-01-16-00-00", "latency": 64}, {"date": "2023-11-01-16-00-00", "latency": 64}, {"date": "2023-11-01-16-00-00", "latency": 105}, {"date": "2023-11-01-16-00-00", "latency": 105}, {"date": "2023-11-01-16-00-00", "latency": 105}, {"date": "2023-11-01-16-00-00", "latency": 105}, {"date": "2023-11-01-16-00-00", "latency": 105}, {"date": "2023-11-01-16-00-00", "latency": 105}, {"date": "2023-11-01-16-00-00", "latency": 105}, {"date": "2023-11-01-16-00-00", "latency": 105}, {"date": "2023-11-01-16-00-00", "latency": 105}, {"date": "2023-11-01-16-00-00", "latency": 105}, {"date": "2023-11-01-16-00-00", "latency": 105}, {"date": "2023-11-01-16-00-00", "latency": 105}, {"date": "2023-11-01-16-00-00", "latency": 105}, {"date": "2023-11-01-16-00-00", "latency": 105}, {"date": "2023-11-01-17-00-00", "latency": 83}, {"date": "2023-11-01-17-00-00", "latency": 83}, {"date": "2023-11-01-17-00-00", "latency": 83}, {"date": "2023-11-01-17-00-00", "latency": 83}, {"date": "2023-11-01-17-00-00", "latency": 83}, {"date": "2023-11-01-17-00-00", "latency": 83}, {"date": "2023-11-01-17-00-00", "latency": 83}, {"date": "2023-11-01-17-00-00", "latency": 83}, {"date": "2023-11-01-17-00-00", "latency": 83}, {"date": "2023-11-01-17-00-00", "latency": 83}, {"date": "2023-11-01-17-00-00", "latency": 83}, {"date": "2023-11-01-15-00-00", "latency": 102}, {"date": "2023-11-01-15-00-00", "latency": 102}, {"date": "2023-11-01-15-00-00", "latency": 102}, {"date": "2023-11-01-15-00-00", "latency": 102}, {"date": "2023-11-01-15-00-00", "latency": 102}, {"date": "2023-11-01-15-00-00", "latency": 102}, {"date": "2023-11-01-15-00-00", "latency": 102}, {"date": "2023-11-01-15-00-00", "latency": 102}, {"date": "2023-11-01-15-00-00", "latency": 102}, {"date": "2023-11-01-15-00-00", "latency": 102}, {"date": "2023-11-01-15-00-00", "latency": 102}, {"date": "2023-11-01-15-00-00", "latency": 102}, {"date": "2023-11-01-15-00-00", "latency": 102}, {"date": "2023-11-01-15-00-00", "latency": 102}, {"date": "2023-11-01-15-00-00", "latency": 102}, {"date": "2023-11-01-15-00-00", "latency": 102}, {"date": "2023-11-01-15-00-00", "latency": 102}, {"date": "2023-11-01-15-00-00", "latency": 102}, {"date": "2023-11-01-15-00-00", "latency": 102}]}, {"location": {"country_code": "ca", "region": "Ontario", "city": "Toronto"}, "game_id": "314852", "values": [{"date": "2023-11-01-03-00-00", "latency": 50}, {"date": "2023-11-01-03-00-00", "latency": 50}, {"date": "2023-11-01-03-00-00", "latency": 50}, {"date": "2023-11-01-03-00-00", "latency": 50}, {"date": "2023-11-01-03-00-00", "latency": 50}, {"date": "2023-11-01-03-00-00", "latency": 50}, {"date": "2023-11-01-03-00-00", "latency": 50}, {"date": "2023-11-01-03-00-00", "latency": 50}, {"date": "2023-11-01-03-00-00", "latency": 50}, {"date": "2023-11-01-03-00-00", "latency": 50}, {"date": "2023-11-01-03-00-00", "latency": 50}, {"date": "2023-11-01-03-00-00", "latency": 50}, {"date": "2023-11-01-03-00-00", "latency": 50}, {"date": "2023-11-01-03-00-00", "latency": 50}, {"date": "2023-11-02-01-00-00", "latency": 89}]}, {"location": {"country_code": "id"}, "game_id": "314852", "values": [{"date": "2023-11-01-14-00-00", "latency": 129}, {"date": "2023-11-01-17-00-00", "latency": 120}, {"date": "2023-11-01-17-00-00", "latency": 120}, {"date": "2023-11-01-17-00-00", "latency": 120}, {"date": "2023-11-01-09-00-00", "latency": 117}, {"date": "2023-11-01-09-00-00", "latency": 117}, {"date": "2023-11-01-13-00-00", "latency": 123}, {"date": "2023-11-01-15-00-00", "latency": 109}, {"date": "2023-11-01-15-00-00", "latency": 109}, {"date": "2023-11-01-15-00-00", "latency": 109}, {"date": "2023-11-01-15-00-00", "latency": 109}, {"date": "2023-11-01-15-00-00", "latency": 109}, {"date": "2023-11-01-15-00-00", "latency": 109}, {"date": "2023-11-01-15-00-00", "latency": 109}, {"date": "2023-11-01-15-00-00", "latency": 109}, {"date": "2023-11-01-15-00-00", "latency": 109}, {"date": "2023-11-01-08-00-00", "latency": 100}, {"date": "2023-11-01-08-00-00", "latency": 100}, {"date": "2023-11-01-08-00-00", "latency": 100}, {"date": "2023-11-01-08-00-00", "latency": 100}, {"date": "2023-11-01-08-00-00", "latency": 100}, {"date": "2023-11-01-08-00-00", "latency": 100}, {"date": "2023-11-01-08-00-00", "latency": 100}, {"date": "2023-11-01-08-00-00", "latency": 100}, {"date": "2023-11-01-08-00-00", "latency": 100}, {"date": "2023-11-01-08-00-00", "latency": 100}, {"date": "2023-11-01-08-00-00", "latency": 100}]}, {"location": {"country_code": "us", "region": "Illinois"}, "game_id": "314852", "values": [{"date": "2023-11-01-03-00-00", "latency": 34}, {"date": "2023-11-01-03-00-00", "latency": 34}, {"date": "2023-11-01-03-00-00", "latency": 34}, {"date": "2023-11-01-03-00-00", "latency": 34}, {"date": "2023-11-01-03-00-00", "latency": 34}, {"date": "2023-11-01-03-00-00", "latency": 34}, {"date": "2023-11-01-03-00-00", "latency": 34}, {"date": "2023-11-01-03-00-00", "latency": 34}, {"date": "2023-11-01-03-00-00", "latency": 34}, {"date": "2023-11-01-03-00-00", "latency": 34}]}, {"location": {"country_code": "sk"}, "game_id": "314852", "values": [{"date": "2023-11-01-21-00-00", "latency": 36}, {"date": "2023-11-01-21-00-00", "latency": 36}, {"date": "2023-11-01-21-00-00", "latency": 36}, {"date": "2023-11-01-21-00-00", "latency": 36}, {"date": "2023-11-01-21-00-00", "latency": 36}, {"date": "2023-11-01-21-00-00", "latency": 36}, {"date": "2023-11-01-21-00-00", "latency": 36}, {"date": "2023-11-01-21-00-00", "latency": 36}, {"date": "2023-11-01-21-00-00", "latency": 36}, {"date": "2023-11-01-21-00-00", "latency": 36}, {"date": "2023-11-01-21-00-00", "latency": 36}, {"date": "2023-11-01-21-00-00", "latency": 36}, {"date": "2023-11-01-21-00-00", "latency": 36}, {"date": "2023-11-01-21-00-00", "latency": 36}, {"date": "2023-11-01-21-00-00", "latency": 36}, {"date": "2023-11-01-21-00-00", "latency": 36}, {"date": "2023-11-01-21-00-00", "latency": 36}, {"date": "2023-11-01-21-00-00", "latency": 36}, {"date": "2023-11-01-21-00-00", "latency": 36}, {"date": "2023-11-01-21-00-00", "latency": 36}, {"date": "2023-11-01-21-00-00", "latency": 36}, {"date": "2023-11-01-21-00-00", "latency": 36}, {"date": "2023-11-01-21-00-00", "latency": 36}, {"date": "2023-11-01-21-00-00", "latency": 36}, {"date": "2023-11-01-21-00-00", "latency": 36}, {"date": "2023-11-01-21-00-00", "latency": 36}, {"date": "2023-11-01-21-00-00", "latency": 36}, {"date": "2023-11-01-21-00-00", "latency": 36}, {"date": "2023-11-01-21-00-00", "latency": 36}, {"date": "2023-11-01-21-00-00", "latency": 36}, {"date": "2023-11-01-21-00-00", "latency": 36}, {"date": "2023-11-01-21-00-00", "latency": 36}, {"date": "2023-11-01-21-00-00", "latency": 36}, {"date": "2023-11-01-21-00-00", "latency": 36}]}, {"location": {"country_code": "au", "region": "Western Australia", "city": "Perth"}, "game_id": "314852", "values": [{"date": "2023-11-01-15-00-00", "latency": 309}, {"date": "2023-11-01-15-00-00", "latency": 309}, {"date": "2023-11-01-15-00-00", "latency": 309}, {"date": "2023-11-01-15-00-00", "latency": 309}, {"date": "2023-11-01-15-00-00", "latency": 309}, {"date": "2023-11-01-15-00-00", "latency": 309}]}, {"location": {"country_code": "tr", "region": "Marmara Bolgesi", "city": "Bursa"}, "game_id": "314852", "values": [{"date": "2023-11-01-20-00-00", "latency": 106}]}, {"location": {"country_code": "es", "region": "Galicia"}, "game_id": "314852", "values": [{"date": "2023-11-01-18-00-00", "latency": 153}, {"date": "2023-11-01-18-00-00", "latency": 153}, {"date": "2023-11-01-18-00-00", "latency": 153}, {"date": "2023-11-01-18-00-00", "latency": 153}]}, {"location": {"country_code": "gr", "region": "Apokentromeni Dioikisi Attikis", "city": "Athens"}, "game_id": "314852", "values": [{"date": "2023-11-01-21-00-00", "latency": 48}, {"date": "2023-11-01-21-00-00", "latency": 48}, {"date": "2023-11-01-21-00-00", "latency": 48}, {"date": "2023-11-01-21-00-00", "latency": 48}]}, {"location": {"country_code": "ca", "region": "Quebec", "city": "Montreal"}, "game_id": "314852", "values": [{"date": "2023-11-01-06-00-00", "latency": 38}, {"date": "2023-11-01-06-00-00", "latency": 38}, {"date": "2023-11-01-06-00-00", "latency": 38}, {"date": "2023-11-01-06-00-00", "latency": 38}, {"date": "2023-11-01-06-00-00", "latency": 38}, {"date": "2023-11-01-06-00-00", "latency": 38}, {"date": "2023-11-01-06-00-00", "latency": 38}]}, {"location": {"country_code": "us", "region": "Maryland"}, "game_id": "314852", "values": [{"date": "2023-11-01-03-00-00", "latency": 20}, {"date": "2023-11-01-03-00-00", "latency": 20}]}, {"location": {"country_code": "ca", "region": "Manitoba", "city": "Winnipeg"}, "game_id": "314852", "values": [{"date": "2023-11-02-01-00-00", "latency": 62}, {"date": "2023-11-02-01-00-00", "latency": 62}, {"date": "2023-11-02-01-00-00", "latency": 62}, {"date": "2023-11-02-01-00-00", "latency": 62}, {"date": "2023-11-02-01-00-00", "latency": 62}, {"date": "2023-11-02-01-00-00", "latency": 62}, {"date": "2023-11-02-01-00-00", "latency": 62}, {"date": "2023-11-02-01-00-00", "latency": 62}, {"date": "2023-11-02-01-00-00", "latency": 62}, {"date": "2023-11-02-01-00-00", "latency": 62}]}, {"location": {"country_code": "ca", "region": "British Columbia", "city": "Richmond"}, "game_id": "314852", "values": [{"date": "2023-11-01-10-00-00", "latency": 120}, {"date": "2023-11-01-10-00-00", "latency": 120}, {"date": "2023-11-01-10-00-00", "latency": 120}, {"date": "2023-11-01-10-00-00", "latency": 120}, {"date": "2023-11-01-10-00-00", "latency": 120}, {"date": "2023-11-01-10-00-00", "latency": 120}, {"date": "2023-11-01-10-00-00", "latency": 120}, {"date": "2023-11-01-05-00-00", "latency": 93}, {"date": "2023-11-01-05-00-00", "latency": 93}]}, {"location": {"country_code": "fr", "region": "Alsazia-Champagne-Ardenne-Lorena"}, "game_id": "314852", "values": [{"date": "2023-11-01-22-00-00", "latency": 32}, {"date": "2023-11-01-22-00-00", "latency": 32}, {"date": "2023-11-01-22-00-00", "latency": 32}, {"date": "2023-11-01-22-00-00", "latency": 32}, {"date": "2023-11-01-22-00-00", "latency": 32}, {"date": "2023-11-01-22-00-00", "latency": 32}, {"date": "2023-11-01-22-00-00", "latency": 32}, {"date": "2023-11-01-22-00-00", "latency": 32}, {"date": "2023-11-01-22-00-00", "latency": 32}, {"date": "2023-11-01-22-00-00", "latency": 32}]}, {"location": {"country_code": "hn"}, "game_id": "314852", "values": [{"date": "2023-11-01-16-00-00", "latency": 21}, {"date": "2023-11-01-16-00-00", "latency": 21}, {"date": "2023-11-01-16-00-00", "latency": 21}, {"date": "2023-11-01-16-00-00", "latency": 21}, {"date": "2023-11-01-16-00-00", "latency": 21}, {"date": "2023-11-01-16-00-00", "latency": 21}]}, {"location": {"country_code": "sy"}, "game_id": "314852", "values": [{"date": "2023-11-01-02-00-00", "latency": 119}, {"date": "2023-11-01-02-00-00", "latency": 119}, {"date": "2023-11-01-02-00-00", "latency": 119}, {"date": "2023-11-01-02-00-00", "latency": 119}]}, {"location": {"country_code": "us", "region": "Virginia", "city": "Norfolk"}, "game_id": "314852", "values": [{"date": "2023-11-01-22-00-00", "latency": 50}, {"date": "2023-11-01-22-00-00", "latency": 50}]}, {"location": {"country_code": "de", "region": "Saxony", "city": "Leipzig"}, "game_id": "314852", "values": [{"date": "2023-11-01-19-00-00", "latency": 34}, {"date": "2023-11-01-19-00-00", "latency": 34}, {"date": "2023-11-01-19-00-00", "latency": 34}]}, {"location": {"country_code": "us", "region": "Oregon", "city": "Portland"}, "game_id": "314852", "values": [{"date": "2023-11-01-08-00-00", "latency": 97}]}, {"location": {"country_code": "es", "region": "Andalusia"}, "game_id": "314852", "values": [{"date": "2023-11-01-23-00-00", "latency": 55}, {"date": "2023-11-01-23-00-00", "latency": 55}, {"date": "2023-11-01-23-00-00", "latency": 55}]}, {"location": {"country_code": "us", "region": "New Mexico", "city": "Albuquerque"}, "game_id": "314852", "values": [{"date": "2023-11-01-20-00-00", "latency": 90}, {"date": "2023-11-01-20-00-00", "latency": 90}, {"date": "2023-11-01-20-00-00", "latency": 90}, {"date": "2023-11-01-20-00-00", "latency": 90}, {"date": "2023-11-01-20-00-00", "latency": 90}]}, {"location": {"country_code": "us", "region": "Arizona", "city": "Mesa"}, "game_id": "314852", "values": [{"date": "2023-11-01-20-00-00", "latency": 59}, {"date": "2023-11-01-20-00-00", "latency": 59}, {"date": "2023-11-01-20-00-00", "latency": 59}, {"date": "2023-11-01-20-00-00", "latency": 59}]}, {"location": {"country_code": "br", "region": "Sao Paulo", "city": "Osasco"}, "game_id": "314852", "values": [{"date": "2023-11-01-03-00-00", "latency": 174}, {"date": "2023-11-01-03-00-00", "latency": 174}]}, {"location": {"country_code": "us", "region": "Texas", "city": "San Antonio"}, "game_id": "314852", "values": [{"date": "2023-11-01-18-00-00", "latency": 47}, {"date": "2023-11-01-18-00-00", "latency": 47}, {"date": "2023-11-01-18-00-00", "latency": 47}, {"date": "2023-11-01-18-00-00", "latency": 47}, {"date": "2023-11-01-18-00-00", "latency": 47}]}, {"location": {"country_code": "ar", "region": "Neuquen Province"}, "game_id": "314852", "values": [{"date": "2023-11-02-00-00-00", "latency": 221}, {"date": "2023-11-02-00-00-00", "latency": 221}, {"date": "2023-11-02-00-00-00", "latency": 221}, {"date": "2023-11-02-00-00-00", "latency": 221}, {"date": "2023-11-02-00-00-00", "latency": 221}, {"date": "2023-11-02-00-00-00", "latency": 221}, {"date": "2023-11-02-00-00-00", "latency": 221}, {"date": "2023-11-02-00-00-00", "latency": 221}, {"date": "2023-11-02-00-00-00", "latency": 221}]}, {"location": {"country_code": "br", "region": "Amazonas", "city": "Manaus"}, "game_id": "314852", "values": [{"date": "2023-11-01-18-00-00", "latency": 149}, {"date": "2023-11-01-18-00-00", "latency": 149}, {"date": "2023-11-01-18-00-00", "latency": 149}, {"date": "2023-11-01-18-00-00", "latency": 149}, {"date": "2023-11-01-18-00-00", "latency": 149}]}, {"location": {"country_code": "ru", "region": "Vladimir Oblast", "city": "Vladimir"}, "game_id": "314852", "values": [{"date": "2023-11-01-12-00-00", "latency": 60}, {"date": "2023-11-01-12-00-00", "latency": 60}, {"date": "2023-11-01-12-00-00", "latency": 60}, {"date": "2023-11-01-12-00-00", "latency": 60}, {"date": "2023-11-01-12-00-00", "latency": 60}, {"date": "2023-11-01-12-00-00", "latency": 60}, {"date": "2023-11-01-12-00-00", "latency": 60}, {"date": "2023-11-01-12-00-00", "latency": 60}, {"date": "2023-11-01-12-00-00", "latency": 60}, {"date": "2023-11-01-12-00-00", "latency": 60}, {"date": "2023-11-01-12-00-00", "latency": 60}]}, {"location": {"country_code": "us", "region": "North Dakota"}, "game_id": "314852", "values": [{"date": "2023-11-01-03-00-00", "latency": 62}]}, {"location": {"country_code": "br", "region": "Espirito Santo", "city": "Vila Velha"}, "game_id": "314852", "values": [{"date": "2023-11-01-17-00-00", "latency": 140}]}, {"location": {"country_code": "it", "region": "Lombardy", "city": "Milan"}, "game_id": "314852", "values": [{"date": "2023-11-01-21-00-00", "latency": 24}, {"date": "2023-11-01-21-00-00", "latency": 24}]}, {"location": {"country_code": "za", "region": "Gauteng"}, "game_id": "314852", "values": [{"date": "2023-11-01-01-00-00", "latency": 66}, {"date": "2023-11-01-01-00-00", "latency": 66}]}, {"location": {"country_code": "es", "region": "Catalonia", "city": "Granollers"}, "game_id": "314852", "values": [{"date": "2023-11-01-13-00-00", "latency": 165}, {"date": "2023-11-01-13-00-00", "latency": 165}, {"date": "2023-11-01-13-00-00", "latency": 165}, {"date": "2023-11-01-13-00-00", "latency": 165}, {"date": "2023-11-01-13-00-00", "latency": 165}]}, {"location": {"country_code": "fr", "region": "Provence-Alpes-Cote d'Azur Region", "city": "Nice"}, "game_id": "314852", "values": [{"date": "2023-11-01-22-00-00", "latency": 34}, {"date": "2023-11-01-22-00-00", "latency": 34}, {"date": "2023-11-01-22-00-00", "latency": 34}, {"date": "2023-11-01-22-00-00", "latency": 34}]}, {"location": {"country_code": "mx", "region": "Morelos", "city": "Cuernavaca"}, "game_id": "314852", "values": [{"date": "2023-11-01-01-00-00", "latency": 67}, {"date": "2023-11-01-01-00-00", "latency": 67}]}, {"location": {"country_code": "us", "region": "California", "city": "Apple Valley"}, "game_id": "314852", "values": [{"date": "2023-11-01-21-00-00", "latency": 332}, {"date": "2023-11-01-21-00-00", "latency": 332}, {"date": "2023-11-01-21-00-00", "latency": 332}, {"date": "2023-11-01-21-00-00", "latency": 332}, {"date": "2023-11-01-21-00-00", "latency": 332}, {"date": "2023-11-01-21-00-00", "latency": 332}, {"date": "2023-11-01-21-00-00", "latency": 332}, {"date": "2023-11-01-21-00-00", "latency": 332}]}, {"location": {"country_code": "es", "region": "Canary Islands", "city": "Telde"}, "game_id": "314852", "values": [{"date": "2023-11-01-15-00-00", "latency": 68}, {"date": "2023-11-01-15-00-00", "latency": 68}, {"date": "2023-11-01-15-00-00", "latency": 68}, {"date": "2023-11-01-15-00-00", "latency": 68}, {"date": "2023-11-01-15-00-00", "latency": 68}, {"date": "2023-11-01-15-00-00", "latency": 68}, {"date": "2023-11-01-15-00-00", "latency": 68}, {"date": "2023-11-01-15-00-00", "latency": 68}, {"date": "2023-11-01-15-00-00", "latency": 68}, {"date": "2023-11-01-15-00-00", "latency": 68}, {"date": "2023-11-01-15-00-00", "latency": 68}, {"date": "2023-11-01-15-00-00", "latency": 68}, {"date": "2023-11-01-15-00-00", "latency": 68}, {"date": "2023-11-01-15-00-00", "latency": 68}, {"date": "2023-11-01-15-00-00", "latency": 68}, {"date": "2023-11-01-15-00-00", "latency": 68}, {"date": "2023-11-01-15-00-00", "latency": 68}, {"date": "2023-11-01-15-00-00", "latency": 68}, {"date": "2023-11-01-15-00-00", "latency": 68}, {"date": "2023-11-01-15-00-00", "latency": 68}, {"date": "2023-11-01-15-00-00", "latency": 68}]}, {"location": {"country_code": "se", "region": "Skane County", "city": "Trelleborg"}, "game_id": "314852", "values": [{"date": "2023-11-01-11-00-00", "latency": 29}, {"date": "2023-11-01-11-00-00", "latency": 29}, {"date": "2023-11-01-11-00-00", "latency": 29}]}, {"location": {"country_code": "ng", "region": "Kebbi", "city": "Tungan Sumaru"}, "game_id": "314852", "values": [{"date": "2023-11-01-19-00-00", "latency": 82}, {"date": "2023-11-01-19-00-00", "latency": 82}]}, {"location": {"country_code": "br", "region": "Sao Paulo", "city": "Presidente Bernardes"}, "game_id": "314852", "values": [{"date": "2023-11-01-02-00-00", "latency": 139}, {"date": "2023-11-01-02-00-00", "latency": 139}, {"date": "2023-11-01-02-00-00", "latency": 139}]}], "last_updated": 1719925859.460136}