{"data": [{"location": {"country_code": "es", "region": "Canary Islands", "city": "Santa Cruz de Tenerife"}, "game_id": "118849", "values": [{"date": "2024-02-23-21-00-00", "alternatives": ["58", "58", "38"]}]}, {"location": {"country_code": "nz"}, "game_id": "118849", "values": [{"date": "2024-02-23-10-00-00", "alternatives": ["01", "122", "0122"]}]}, {"location": {"country_code": "us"}, "game_id": "118849", "values": [{"date": "2024-02-23-03-00-00", "alternatives": ["25", "2", "25"]}, {"date": "2024-02-23-03-00-00", "alternatives": ["25", "2", "25"]}, {"date": "2024-02-23-03-00-00", "alternatives": ["25", "2", "25"]}, {"date": "2024-02-23-23-00-00", "alternatives": ["8", "118", "8"]}, {"date": "2024-02-23-23-00-00", "alternatives": ["8", "118", "8"]}, {"date": "2024-02-23-08-00-00", "alternatives": ["4", "34", "4"]}]}, {"location": {"country_code": "br", "region": "Minas Gerais", "city": "Ituiutaba"}, "game_id": "118849", "values": [{"date": "2024-02-23-19-00-00", "alternatives": ["21", "21", "1"]}, {"date": "2024-02-23-19-00-00", "alternatives": ["21", "21", "1"]}, {"date": "2024-02-23-19-00-00", "alternatives": ["21", "21", "1"]}, {"date": "2024-02-23-19-00-00", "alternatives": ["21", "21", "1"]}, {"date": "2024-02-23-19-00-00", "alternatives": ["21", "21", "1"]}, {"date": "2024-02-23-19-00-00", "alternatives": ["21", "21", "1"]}, {"date": "2024-02-23-19-00-00", "alternatives": ["21", "21", "1"]}, {"date": "2024-02-23-19-00-00", "alternatives": ["21", "21", "1"]}, {"date": "2024-02-23-19-00-00", "alternatives": ["21", "21", "1"]}, {"date": "2024-02-23-19-00-00", "alternatives": ["21", "21", "1"]}, {"date": "2024-02-23-19-00-00", "alternatives": ["21", "21", "1"]}, {"date": "2024-02-23-19-00-00", "alternatives": ["21", "21", "1"]}, {"date": "2024-02-23-19-00-00", "alternatives": ["21", "21", "1"]}, {"date": "2024-02-23-19-00-00", "alternatives": ["21", "21", "1"]}, {"date": "2024-02-23-19-00-00", "alternatives": ["21", "21", "1"]}, {"date": "2024-02-23-19-00-00", "alternatives": ["21", "21", "1"]}]}, {"location": {"country_code": "ph"}, "game_id": "118849", "values": [{"date": "2024-02-23-07-00-00", "alternatives": ["8", "58", "58"]}, {"date": "2024-02-23-07-00-00", "alternatives": ["8", "58", "58"]}, {"date": "2024-02-23-18-00-00", "alternatives": ["19", "61", "19"]}]}, {"location": {"country_code": "de", "region": "Berlin", "city": "Berlin"}, "game_id": "118849", "values": [{"date": "2024-02-23-16-00-00", "alternatives": ["15", "15", "1"]}]}, {"location": {"country_code": "gb", "region": "England", "city": "Leicester"}, "game_id": "118849", "values": [{"date": "2024-02-23-12-00-00", "alternatives": ["19", "19", "18"]}, {"date": "2024-02-23-12-00-00", "alternatives": ["19", "19", "18"]}]}, {"location": {"country_code": "th"}, "game_id": "118849", "values": [{"date": "2024-02-23-17-00-00", "alternatives": ["32", "32", "72"]}, {"date": "2024-02-23-17-00-00", "alternatives": ["32", "32", "72"]}, {"date": "2024-02-23-17-00-00", "alternatives": ["32", "32", "72"]}, {"date": "2024-02-23-17-00-00", "alternatives": ["32", "32", "72"]}, {"date": "2024-02-23-17-00-00", "alternatives": ["32", "32", "72"]}]}, {"location": {"country_code": "it"}, "game_id": "118849", "values": [{"date": "2024-02-23-02-00-00", "alternatives": ["22", "22", "292"]}]}, {"location": {"country_code": "de"}, "game_id": "118849", "values": [{"date": "2024-02-23-02-00-00", "alternatives": ["28", "87", "28"]}, {"date": "2024-02-23-02-00-00", "alternatives": ["28", "87", "28"]}]}, {"location": {"country_code": "cl"}, "game_id": "118849", "values": [{"date": "2024-02-24-00-00-00", "alternatives": ["1", "108", "1"]}, {"date": "2024-02-24-00-00-00", "alternatives": ["1", "108", "1"]}]}, {"location": {"country_code": "fr"}, "game_id": "118849", "values": [{"date": "2024-02-23-01-00-00", "alternatives": ["32", "32", "22"]}, {"date": "2024-02-23-01-00-00", "alternatives": ["32", "32", "22"]}, {"date": "2024-02-23-16-00-00", "alternatives": ["2", "27", "27"]}]}, {"location": {"country_code": "fr", "region": "Ile-de-France Region", "city": "Paris"}, "game_id": "118849", "values": [{"date": "2024-02-23-01-00-00", "alternatives": ["5", "5", "15"]}]}, {"location": {"country_code": "us", "region": "California"}, "game_id": "118849", "values": [{"date": "2024-02-23-09-00-00", "alternatives": ["169", "69", "169"]}, {"date": "2024-02-23-09-00-00", "alternatives": ["169", "69", "169"]}]}, {"location": {"country_code": "us", "region": "California", "city": "Anaheim"}, "game_id": "118849", "values": [{"date": "2024-02-23-17-00-00", "alternatives": ["72", "72", "2"]}]}, {"location": {"country_code": "br"}, "game_id": "118849", "values": [{"date": "2024-02-23-15-00-00", "alternatives": ["16", "16", "1"]}, {"date": "2024-02-23-15-00-00", "alternatives": ["16", "16", "1"]}, {"date": "2024-02-23-15-00-00", "alternatives": ["16", "16", "1"]}, {"date": "2024-02-23-15-00-00", "alternatives": ["16", "16", "1"]}, {"date": "2024-02-23-15-00-00", "alternatives": ["16", "16", "1"]}, {"date": "2024-02-23-15-00-00", "alternatives": ["16", "16", "1"]}, {"date": "2024-02-23-15-00-00", "alternatives": ["16", "16", "1"]}, {"date": "2024-02-23-15-00-00", "alternatives": ["16", "16", "1"]}, {"date": "2024-02-23-15-00-00", "alternatives": ["16", "16", "1"]}, {"date": "2024-02-23-15-00-00", "alternatives": ["16", "16", "1"]}, {"date": "2024-02-23-15-00-00", "alternatives": ["16", "16", "1"]}]}, {"location": {"country_code": "se"}, "game_id": "118849", "values": [{"date": "2024-02-24-00-00-00", "alternatives": ["29", "67", "29"]}, {"date": "2024-02-24-00-00-00", "alternatives": ["29", "67", "29"]}, {"date": "2024-02-23-19-00-00", "alternatives": ["30", "02", "30"]}, {"date": "2024-02-23-22-00-00", "alternatives": ["30", "05", "30"]}]}, {"location": {"country_code": "us", "region": "California", "city": "East Los Angeles"}, "game_id": "118849", "values": [{"date": "2024-02-24-00-00-00", "alternatives": ["46", "46", "7"]}, {"date": "2024-02-24-00-00-00", "alternatives": ["46", "46", "7"]}, {"date": "2024-02-23-07-00-00", "alternatives": ["205", "205", "20"]}, {"date": "2024-02-23-07-00-00", "alternatives": ["205", "205", "20"]}, {"date": "2024-02-23-07-00-00", "alternatives": ["205", "205", "20"]}, {"date": "2024-02-23-07-00-00", "alternatives": ["205", "205", "20"]}, {"date": "2024-02-23-07-00-00", "alternatives": ["205", "205", "20"]}, {"date": "2024-02-23-07-00-00", "alternatives": ["205", "205", "20"]}, {"date": "2024-02-23-07-00-00", "alternatives": ["205", "205", "20"]}]}, {"location": {"country_code": "us", "region": "Washington", "city": "Seattle"}, "game_id": "118849", "values": [{"date": "2024-02-24-00-00-00", "alternatives": ["46", "46", "36"]}]}, {"location": {"country_code": "ec"}, "game_id": "118849", "values": [{"date": "2024-02-23-09-00-00", "alternatives": ["94", "94", "34"]}, {"date": "2024-02-23-09-00-00", "alternatives": ["94", "94", "34"]}, {"date": "2024-02-23-09-00-00", "alternatives": ["94", "94", "34"]}, {"date": "2024-02-23-09-00-00", "alternatives": ["94", "94", "34"]}, {"date": "2024-02-23-09-00-00", "alternatives": ["94", "94", "34"]}, {"date": "2024-02-23-09-00-00", "alternatives": ["94", "94", "34"]}]}, {"location": {"country_code": "tr"}, "game_id": "118849", "values": [{"date": "2024-02-23-02-00-00", "alternatives": ["60", "60", "51174"]}, {"date": "2024-02-23-02-00-00", "alternatives": ["60", "60", "51174"]}]}, {"location": {"country_code": "de", "region": "Saxony"}, "game_id": "118849", "values": [{"date": "2024-02-24-01-00-00", "alternatives": ["9", "0", "9"]}]}, {"location": {"country_code": "es"}, "game_id": "118849", "values": [{"date": "2024-02-23-01-00-00", "alternatives": ["40", "0", "40"]}, {"date": "2024-02-23-14-00-00", "alternatives": ["31", "31", "1"]}]}, {"location": {"country_code": "ar"}, "game_id": "118849", "values": [{"date": "2024-02-23-19-00-00", "alternatives": ["34", "34", "30"]}, {"date": "2024-02-23-19-00-00", "alternatives": ["34", "34", "30"]}]}, {"location": {"country_code": "ar", "region": "Entre Rios Province", "city": "Concordia"}, "game_id": "118849", "values": [{"date": "2024-02-23-19-00-00", "alternatives": ["7", "27", "27"]}]}, {"location": {"country_code": "gb", "region": "Northern Ireland"}, "game_id": "118849", "values": [{"date": "2024-02-23-02-00-00", "alternatives": ["40", "40", "30"]}]}, {"location": {"country_code": "ar", "region": "Buenos Aires F.D.", "city": "Bahia Blanca"}, "game_id": "118849", "values": [{"date": "2024-02-24-00-00-00", "alternatives": ["32", "321", "32"]}]}, {"location": {"country_code": "us", "region": "Virginia"}, "game_id": "118849", "values": [{"date": "2024-02-23-19-00-00", "alternatives": ["29", "60", "29"]}, {"date": "2024-02-23-19-00-00", "alternatives": ["29", "60", "29"]}, {"date": "2024-02-23-19-00-00", "alternatives": ["29", "60", "29"]}, {"date": "2024-02-23-19-00-00", "alternatives": ["29", "60", "29"]}, {"date": "2024-02-23-19-00-00", "alternatives": ["29", "60", "29"]}, {"date": "2024-02-23-19-00-00", "alternatives": ["29", "60", "29"]}]}, {"location": {"country_code": "co"}, "game_id": "118849", "values": [{"date": "2024-02-23-08-00-00", "alternatives": ["53", "05", "53"]}]}, {"location": {"country_code": "gb", "region": "England", "city": "London"}, "game_id": "118849", "values": [{"date": "2024-02-23-13-00-00", "alternatives": ["26", "26", "20"]}]}, {"location": {"country_code": "my"}, "game_id": "118849", "values": [{"date": "2024-02-23-17-00-00", "alternatives": ["58", "38", "58"]}]}, {"location": {"country_code": "us", "region": "Wisconsin"}, "game_id": "118849", "values": [{"date": "2024-02-23-14-00-00", "alternatives": ["7", "10", "10"]}, {"date": "2024-02-23-14-00-00", "alternatives": ["7", "10", "10"]}, {"date": "2024-02-23-14-00-00", "alternatives": ["7", "10", "10"]}, {"date": "2024-02-23-14-00-00", "alternatives": ["7", "10", "10"]}, {"date": "2024-02-23-14-00-00", "alternatives": ["7", "10", "10"]}]}, {"location": {"country_code": "pt", "region": "Aveiro District", "city": "Gafanha da Nazare"}, "game_id": "118849", "values": [{"date": "2024-02-23-19-00-00", "alternatives": ["40", "40", "30"]}, {"date": "2024-02-23-19-00-00", "alternatives": ["40", "40", "30"]}]}, {"location": {"country_code": "br", "region": "Ceara", "city": "Itapipoca"}, "game_id": "118849", "values": [{"date": "2024-02-23-22-00-00", "alternatives": ["61", "5", "61"]}, {"date": "2024-02-23-22-00-00", "alternatives": ["61", "5", "61"]}, {"date": "2024-02-23-22-00-00", "alternatives": ["61", "5", "61"]}]}, {"location": {"country_code": "fr", "region": "Alvernia-Rodano-Alpi", "city": "Lyon"}, "game_id": "118849", "values": [{"date": "2024-02-23-22-00-00", "alternatives": ["18", "81", "18"]}, {"date": "2024-02-23-22-00-00", "alternatives": ["18", "81", "18"]}]}, {"location": {"country_code": "fr", "region": "Nord-Passo di Calais-Piccardia", "city": "Lille"}, "game_id": "118849", "values": [{"date": "2024-02-23-13-00-00", "alternatives": ["11", "17", "17"]}]}, {"location": {"country_code": "ca", "region": "Alberta", "city": "Calgary"}, "game_id": "118849", "values": [{"date": "2024-02-23-13-00-00", "alternatives": ["5", "5", "35"]}, {"date": "2024-02-23-13-00-00", "alternatives": ["5", "5", "35"]}, {"date": "2024-02-23-13-00-00", "alternatives": ["5", "5", "35"]}, {"date": "2024-02-23-13-00-00", "alternatives": ["5", "5", "35"]}, {"date": "2024-02-23-13-00-00", "alternatives": ["5", "5", "35"]}, {"date": "2024-02-23-13-00-00", "alternatives": ["5", "5", "35"]}, {"date": "2024-02-23-13-00-00", "alternatives": ["5", "5", "35"]}, {"date": "2024-02-23-13-00-00", "alternatives": ["5", "5", "35"]}, {"date": "2024-02-23-13-00-00", "alternatives": ["5", "5", "35"]}, {"date": "2024-02-23-13-00-00", "alternatives": ["5", "5", "35"]}, {"date": "2024-02-23-13-00-00", "alternatives": ["5", "5", "35"]}, {"date": "2024-02-23-13-00-00", "alternatives": ["5", "5", "35"]}, {"date": "2024-02-23-13-00-00", "alternatives": ["5", "5", "35"]}, {"date": "2024-02-23-13-00-00", "alternatives": ["5", "5", "35"]}]}, {"location": {"country_code": "bg"}, "game_id": "118849", "values": [{"date": "2024-02-23-16-00-00", "alternatives": ["35", "59", "59"]}]}, {"location": {"country_code": "us", "region": "Louisiana"}, "game_id": "118849", "values": [{"date": "2024-02-23-09-00-00", "alternatives": ["13", "13", "12103"]}, {"date": "2024-02-23-09-00-00", "alternatives": ["13", "13", "12103"]}, {"date": "2024-02-23-09-00-00", "alternatives": ["13", "13", "12103"]}]}, {"location": {"country_code": "us", "region": "Florida", "city": "West Palm Beach"}, "game_id": "118849", "values": [{"date": "2024-02-23-21-00-00", "alternatives": ["50", "50", "13"]}, {"date": "2024-02-23-21-00-00", "alternatives": ["50", "50", "13"]}, {"date": "2024-02-23-21-00-00", "alternatives": ["50", "50", "13"]}, {"date": "2024-02-23-21-00-00", "alternatives": ["50", "50", "13"]}, {"date": "2024-02-23-21-00-00", "alternatives": ["50", "50", "13"]}]}, {"location": {"country_code": "so"}, "game_id": "118849", "values": [{"date": "2024-02-23-18-00-00", "alternatives": ["95", "95", "71"]}, {"date": "2024-02-23-18-00-00", "alternatives": ["95", "95", "71"]}, {"date": "2024-02-23-18-00-00", "alternatives": ["95", "95", "71"]}, {"date": "2024-02-23-18-00-00", "alternatives": ["95", "95", "71"]}]}, {"location": {"country_code": "br", "region": "Mato Grosso"}, "game_id": "118849", "values": [{"date": "2024-02-23-16-00-00", "alternatives": ["34", "34", "4"]}, {"date": "2024-02-23-16-00-00", "alternatives": ["34", "34", "4"]}, {"date": "2024-02-23-16-00-00", "alternatives": ["34", "34", "4"]}, {"date": "2024-02-23-16-00-00", "alternatives": ["34", "34", "4"]}]}, {"location": {"country_code": "cz", "region": "South Moravian"}, "game_id": "118849", "values": [{"date": "2024-02-23-19-00-00", "alternatives": ["21", "21", "1515"]}, {"date": "2024-02-23-19-00-00", "alternatives": ["21", "21", "1515"]}, {"date": "2024-02-23-19-00-00", "alternatives": ["21", "21", "1515"]}]}, {"location": {"country_code": "fr", "region": "Nord-Passo di Calais-Piccardia", "city": "Merlimont"}, "game_id": "118849", "values": [{"date": "2024-02-23-18-00-00", "alternatives": ["1", "17", "17"]}, {"date": "2024-02-23-18-00-00", "alternatives": ["1", "17", "17"]}]}, {"location": {"country_code": "us", "region": "Massachusetts", "city": "Millbury"}, "game_id": "118849", "values": [{"date": "2024-02-24-00-00-00", "alternatives": ["26", "26", "20"]}, {"date": "2024-02-24-00-00-00", "alternatives": ["26", "26", "20"]}, {"date": "2024-02-24-00-00-00", "alternatives": ["26", "26", "20"]}, {"date": "2024-02-24-00-00-00", "alternatives": ["26", "26", "20"]}]}], "last_updated": 1719918447.832133}