{"data": [{"location": {"country_code": "jp"}, "game_id": "319965", "values": [{"date": "2023-12-08-03-00-00", "alternatives": ["513", "513", "5136"]}]}, {"location": {"country_code": "fr"}, "game_id": "319965", "values": [{"date": "2023-12-08-23-00-00", "alternatives": [3, 5, 3, 3, 3]}, {"date": "2023-12-08-23-00-00", "alternatives": [3, 5, 3, 3, 3]}, {"date": "2023-12-08-23-00-00", "alternatives": [3, 5, 3, 3, 3]}, {"date": "2023-12-08-23-00-00", "alternatives": [3, 5, 3, 3, 3]}]}, {"location": {"country_code": "mx", "region": "Mexico City"}, "game_id": "319965", "values": [{"date": "2023-12-09-00-00-00", "alternatives": ["1", "102", "102"]}]}, {"location": {"country_code": "ve"}, "game_id": "319965", "values": [{"date": "2023-12-08-06-00-00", "alternatives": [89, 8915, 59, 89, 89]}, {"date": "2023-12-08-06-00-00", "alternatives": [89, 8915, 59, 89, 89]}, {"date": "2023-12-08-06-00-00", "alternatives": [89, 8915, 59, 89, 89]}, {"date": "2023-12-08-06-00-00", "alternatives": [89, 8915, 59, 89, 89]}]}, {"location": {"country_code": "es", "region": "Galicia", "city": "Santiago de Compostela"}, "game_id": "319965", "values": [{"date": "2023-12-08-23-00-00", "alternatives": [2, 50, 50, 50]}, {"date": "2023-12-08-23-00-00", "alternatives": [2, 50, 50, 50]}]}, {"location": {"country_code": "sv"}, "game_id": "319965", "values": [{"date": "2023-12-08-04-00-00", "alternatives": ["64", "64", "6"]}, {"date": "2023-12-08-04-00-00", "alternatives": ["64", "64", "6"]}]}], "last_updated": 1719918470.150566}