{"data": [{"location": {"country_code": "us", "region": "New York", "city": "Jamestown"}, "game_id": "319965", "values": [{"date": "2023-12-15-22-00-00", "alternatives": [0, 3, 3, 3]}, {"date": "2023-12-15-22-00-00", "alternatives": [0, 3, 3, 3]}]}, {"location": {"country_code": "gb"}, "game_id": "319965", "values": [{"date": "2023-12-15-18-00-00", "alternatives": [2, 128013, 2, 2]}]}, {"location": {"country_code": "de"}, "game_id": "319965", "values": [{"date": "2023-12-16-00-00-00", "alternatives": ["24", "24", "5"]}]}, {"location": {"country_code": "fr"}, "game_id": "319965", "values": [{"date": "2023-12-15-23-00-00", "alternatives": [3, 3, 3]}, {"date": "2023-12-15-23-00-00", "alternatives": [3, 3, 3]}, {"date": "2023-12-15-23-00-00", "alternatives": [3, 3, 3]}, {"date": "2023-12-15-23-00-00", "alternatives": [3, 3, 3]}, {"date": "2023-12-15-23-00-00", "alternatives": [3, 3, 3]}]}], "last_updated": 1719918470.036187}