{"data": [{"location": {"country_code": "si"}, "game_id": "314852", "values": [{"date": "2024-05-19-17-00-00", "latency": 39}]}, {"location": {"country_code": "nz"}, "game_id": "314852", "values": [{"date": "2024-05-19-05-00-00", "latency": 252}]}, {"location": {"country_code": "us"}, "game_id": "314852", "values": [{"date": "2024-05-19-23-00-00", "latency": 52}, {"date": "2024-05-19-23-00-00", "latency": 52}, {"date": "2024-05-19-23-00-00", "latency": 52}, {"date": "2024-05-19-23-00-00", "latency": 52}, {"date": "2024-05-19-08-00-00", "latency": 32}, {"date": "2024-05-19-08-00-00", "latency": 32}, {"date": "2024-05-19-08-00-00", "latency": 32}, {"date": "2024-05-19-08-00-00", "latency": 32}, {"date": "2024-05-19-08-00-00", "latency": 66}, {"date": "2024-05-19-08-00-00", "latency": 66}, {"date": "2024-05-19-08-00-00", "latency": 66}, {"date": "2024-05-19-08-00-00", "latency": 66}, {"date": "2024-05-19-08-00-00", "latency": 66}, {"date": "2024-05-19-08-00-00", "latency": 66}, {"date": "2024-05-19-10-00-00", "latency": 313}, {"date": "2024-05-19-10-00-00", "latency": 313}, {"date": "2024-05-19-06-00-00", "latency": 21}, {"date": "2024-05-19-06-00-00", "latency": 21}, {"date": "2024-05-19-06-00-00", "latency": 21}, {"date": "2024-05-19-06-00-00", "latency": 21}, {"date": "2024-05-19-06-00-00", "latency": 21}, {"date": "2024-05-19-06-00-00", "latency": 21}, {"date": "2024-05-19-06-00-00", "latency": 21}, {"date": "2024-05-19-06-00-00", "latency": 21}, {"date": "2024-05-19-03-00-00", "latency": 52}, {"date": "2024-05-19-03-00-00", "latency": 52}, {"date": "2024-05-19-06-00-00", "latency": 15}, {"date": "2024-05-19-06-00-00", "latency": 15}, {"date": "2024-05-19-06-00-00", "latency": 15}, {"date": "2024-05-19-06-00-00", "latency": 15}, {"date": "2024-05-19-06-00-00", "latency": 15}, {"date": "2024-05-19-20-00-00", "latency": 37}, {"date": "2024-05-19-20-00-00", "latency": 37}, {"date": "2024-05-19-20-00-00", "latency": 37}, {"date": "2024-05-19-20-00-00", "latency": 37}, {"date": "2024-05-19-20-00-00", "latency": 37}, {"date": "2024-05-19-20-00-00", "latency": 37}, {"date": "2024-05-19-20-00-00", "latency": 37}, {"date": "2024-05-19-20-00-00", "latency": 37}, {"date": "2024-05-19-20-00-00", "latency": 37}, {"date": "2024-05-19-20-00-00", "latency": 37}, {"date": "2024-05-19-20-00-00", "latency": 37}]}, {"location": {"country_code": "us", "region": "Massachusetts", "city": "Boston"}, "game_id": "314852", "values": [{"date": "2024-05-19-15-00-00", "latency": 39}]}, {"location": {"country_code": "us", "region": "New York", "city": "Jamestown"}, "game_id": "314852", "values": [{"date": "2024-05-19-02-00-00", "latency": 70}, {"date": "2024-05-19-02-00-00", "latency": 70}, {"date": "2024-05-19-02-00-00", "latency": 70}, {"date": "2024-05-19-02-00-00", "latency": 70}, {"date": "2024-05-19-02-00-00", "latency": 70}, {"date": "2024-05-19-02-00-00", "latency": 70}, {"date": "2024-05-19-02-00-00", "latency": 70}, {"date": "2024-05-19-02-00-00", "latency": 70}, {"date": "2024-05-19-08-00-00", "latency": 32}, {"date": "2024-05-19-08-00-00", "latency": 32}, {"date": "2024-05-19-08-00-00", "latency": 32}, {"date": "2024-05-19-08-00-00", "latency": 32}, {"date": "2024-05-19-08-00-00", "latency": 32}, {"date": "2024-05-19-08-00-00", "latency": 32}, {"date": "2024-05-19-08-00-00", "latency": 32}, {"date": "2024-05-19-08-00-00", "latency": 32}, {"date": "2024-05-19-08-00-00", "latency": 32}, {"date": "2024-05-19-08-00-00", "latency": 32}]}, {"location": {"country_code": "gb"}, "game_id": "314852", "values": [{"date": "2024-05-19-13-00-00", "latency": 69}, {"date": "2024-05-19-13-00-00", "latency": 69}, {"date": "2024-05-19-13-00-00", "latency": 69}, {"date": "2024-05-19-13-00-00", "latency": 69}, {"date": "2024-05-19-13-00-00", "latency": 69}, {"date": "2024-05-19-13-00-00", "latency": 69}, {"date": "2024-05-19-20-00-00", "latency": 48}, {"date": "2024-05-19-20-00-00", "latency": 48}, {"date": "2024-05-19-20-00-00", "latency": 48}, {"date": "2024-05-19-18-00-00", "latency": 41}, {"date": "2024-05-19-18-00-00", "latency": 41}, {"date": "2024-05-19-18-00-00", "latency": 41}, {"date": "2024-05-19-18-00-00", "latency": 41}, {"date": "2024-05-19-18-00-00", "latency": 41}, {"date": "2024-05-19-18-00-00", "latency": 41}, {"date": "2024-05-19-18-00-00", "latency": 41}, {"date": "2024-05-19-18-00-00", "latency": 41}, {"date": "2024-05-19-16-00-00", "latency": 52}, {"date": "2024-05-19-16-00-00", "latency": 52}, {"date": "2024-05-19-16-00-00", "latency": 52}, {"date": "2024-05-19-16-00-00", "latency": 52}, {"date": "2024-05-19-16-00-00", "latency": 52}, {"date": "2024-05-19-16-00-00", "latency": 52}, {"date": "2024-05-19-16-00-00", "latency": 52}, {"date": "2024-05-19-16-00-00", "latency": 52}, {"date": "2024-05-19-16-00-00", "latency": 52}, {"date": "2024-05-19-16-00-00", "latency": 52}, {"date": "2024-05-19-16-00-00", "latency": 52}, {"date": "2024-05-19-16-00-00", "latency": 52}, {"date": "2024-05-19-16-00-00", "latency": 52}, {"date": "2024-05-19-16-00-00", "latency": 52}, {"date": "2024-05-19-16-00-00", "latency": 52}, {"date": "2024-05-19-16-00-00", "latency": 52}]}, {"location": {"country_code": "th"}, "game_id": "314852", "values": [{"date": "2024-05-19-19-00-00", "latency": 132}, {"date": "2024-05-19-19-00-00", "latency": 132}, {"date": "2024-05-19-19-00-00", "latency": 132}, {"date": "2024-05-19-19-00-00", "latency": 132}, {"date": "2024-05-19-19-00-00", "latency": 132}, {"date": "2024-05-19-19-00-00", "latency": 132}, {"date": "2024-05-19-19-00-00", "latency": 132}, {"date": "2024-05-19-19-00-00", "latency": 132}, {"date": "2024-05-19-19-00-00", "latency": 132}, {"date": "2024-05-19-19-00-00", "latency": 132}, {"date": "2024-05-19-19-00-00", "latency": 132}, {"date": "2024-05-19-19-00-00", "latency": 132}, {"date": "2024-05-19-19-00-00", "latency": 132}, {"date": "2024-05-19-19-00-00", "latency": 132}, {"date": "2024-05-19-19-00-00", "latency": 132}, {"date": "2024-05-19-13-00-00", "latency": 111}, {"date": "2024-05-19-13-00-00", "latency": 111}, {"date": "2024-05-19-13-00-00", "latency": 111}, {"date": "2024-05-19-13-00-00", "latency": 111}, {"date": "2024-05-19-13-00-00", "latency": 111}, {"date": "2024-05-19-13-00-00", "latency": 111}, {"date": "2024-05-19-13-00-00", "latency": 111}, {"date": "2024-05-19-13-00-00", "latency": 111}, {"date": "2024-05-19-13-00-00", "latency": 111}, {"date": "2024-05-19-13-00-00", "latency": 111}, {"date": "2024-05-19-13-00-00", "latency": 111}, {"date": "2024-05-19-13-00-00", "latency": 111}, {"date": "2024-05-19-13-00-00", "latency": 111}, {"date": "2024-05-19-13-00-00", "latency": 111}, {"date": "2024-05-19-13-00-00", "latency": 111}]}, {"location": {"country_code": "gr"}, "game_id": "314852", "values": [{"date": "2024-05-19-18-00-00", "latency": 35}, {"date": "2024-05-19-18-00-00", "latency": 35}, {"date": "2024-05-19-18-00-00", "latency": 35}, {"date": "2024-05-19-18-00-00", "latency": 35}, {"date": "2024-05-19-18-00-00", "latency": 35}, {"date": "2024-05-19-18-00-00", "latency": 35}, {"date": "2024-05-19-18-00-00", "latency": 35}, {"date": "2024-05-19-18-00-00", "latency": 35}, {"date": "2024-05-19-18-00-00", "latency": 35}, {"date": "2024-05-19-18-00-00", "latency": 35}, {"date": "2024-05-19-18-00-00", "latency": 35}, {"date": "2024-05-19-18-00-00", "latency": 35}, {"date": "2024-05-19-18-00-00", "latency": 35}, {"date": "2024-05-19-18-00-00", "latency": 35}, {"date": "2024-05-19-18-00-00", "latency": 35}, {"date": "2024-05-19-18-00-00", "latency": 35}, {"date": "2024-05-19-18-00-00", "latency": 35}, {"date": "2024-05-19-18-00-00", "latency": 35}, {"date": "2024-05-19-18-00-00", "latency": 35}, {"date": "2024-05-19-18-00-00", "latency": 35}]}, {"location": {"country_code": "nl"}, "game_id": "314852", "values": [{"date": "2024-05-19-22-00-00", "latency": 27}, {"date": "2024-05-19-22-00-00", "latency": 27}, {"date": "2024-05-19-16-00-00", "latency": 108}, {"date": "2024-05-19-16-00-00", "latency": 108}, {"date": "2024-05-19-16-00-00", "latency": 108}, {"date": "2024-05-19-16-00-00", "latency": 108}, {"date": "2024-05-19-16-00-00", "latency": 108}, {"date": "2024-05-19-16-00-00", "latency": 108}, {"date": "2024-05-19-16-00-00", "latency": 108}, {"date": "2024-05-19-16-00-00", "latency": 108}]}, {"location": {"country_code": "jp"}, "game_id": "314852", "values": [{"date": "2024-05-19-19-00-00", "latency": 21}, {"date": "2024-05-19-19-00-00", "latency": 21}, {"date": "2024-05-19-12-00-00", "latency": 28}, {"date": "2024-05-19-12-00-00", "latency": 28}, {"date": "2024-05-19-12-00-00", "latency": 28}, {"date": "2024-05-19-12-00-00", "latency": 28}, {"date": "2024-05-19-12-00-00", "latency": 28}, {"date": "2024-05-19-12-00-00", "latency": 28}, {"date": "2024-05-19-12-00-00", "latency": 28}, {"date": "2024-05-19-12-00-00", "latency": 28}, {"date": "2024-05-19-12-00-00", "latency": 28}, {"date": "2024-05-19-12-00-00", "latency": 28}, {"date": "2024-05-19-12-00-00", "latency": 28}, {"date": "2024-05-19-07-00-00", "latency": 21}, {"date": "2024-05-19-07-00-00", "latency": 21}, {"date": "2024-05-19-07-00-00", "latency": 21}, {"date": "2024-05-19-07-00-00", "latency": 21}, {"date": "2024-05-19-07-00-00", "latency": 21}, {"date": "2024-05-19-07-00-00", "latency": 21}, {"date": "2024-05-19-07-00-00", "latency": 21}, {"date": "2024-05-19-07-00-00", "latency": 21}, {"date": "2024-05-19-09-00-00", "latency": 48}, {"date": "2024-05-19-09-00-00", "latency": 48}, {"date": "2024-05-19-09-00-00", "latency": 48}, {"date": "2024-05-19-15-00-00", "latency": 27}, {"date": "2024-05-19-17-00-00", "latency": 21}, {"date": "2024-05-19-17-00-00", "latency": 21}, {"date": "2024-05-19-17-00-00", "latency": 21}, {"date": "2024-05-19-17-00-00", "latency": 21}, {"date": "2024-05-19-17-00-00", "latency": 21}, {"date": "2024-05-19-17-00-00", "latency": 21}, {"date": "2024-05-19-17-00-00", "latency": 21}, {"date": "2024-05-19-17-00-00", "latency": 21}, {"date": "2024-05-19-22-00-00", "latency": 271}, {"date": "2024-05-19-22-00-00", "latency": 271}, {"date": "2024-05-19-22-00-00", "latency": 271}, {"date": "2024-05-19-22-00-00", "latency": 271}, {"date": "2024-05-19-22-00-00", "latency": 271}, {"date": "2024-05-19-22-00-00", "latency": 271}, {"date": "2024-05-19-22-00-00", "latency": 271}, {"date": "2024-05-19-22-00-00", "latency": 19}, {"date": "2024-05-19-22-00-00", "latency": 19}, {"date": "2024-05-19-22-00-00", "latency": 19}, {"date": "2024-05-19-22-00-00", "latency": 19}, {"date": "2024-05-19-22-00-00", "latency": 19}, {"date": "2024-05-19-22-00-00", "latency": 19}, {"date": "2024-05-19-22-00-00", "latency": 19}, {"date": "2024-05-19-15-00-00", "latency": 37}, {"date": "2024-05-19-15-00-00", "latency": 37}, {"date": "2024-05-19-15-00-00", "latency": 37}, {"date": "2024-05-19-15-00-00", "latency": 37}, {"date": "2024-05-19-15-00-00", "latency": 37}, {"date": "2024-05-19-15-00-00", "latency": 37}, {"date": "2024-05-19-15-00-00", "latency": 37}, {"date": "2024-05-19-11-00-00", "latency": 34}, {"date": "2024-05-19-11-00-00", "latency": 34}, {"date": "2024-05-19-11-00-00", "latency": 34}, {"date": "2024-05-19-11-00-00", "latency": 34}, {"date": "2024-05-19-11-00-00", "latency": 34}, {"date": "2024-05-19-11-00-00", "latency": 34}, {"date": "2024-05-19-11-00-00", "latency": 34}, {"date": "2024-05-19-11-00-00", "latency": 34}, {"date": "2024-05-19-11-00-00", "latency": 34}, {"date": "2024-05-19-11-00-00", "latency": 34}, {"date": "2024-05-19-11-00-00", "latency": 34}, {"date": "2024-05-19-11-00-00", "latency": 34}, {"date": "2024-05-19-11-00-00", "latency": 34}, {"date": "2024-05-19-11-00-00", "latency": 34}, {"date": "2024-05-19-11-00-00", "latency": 34}, {"date": "2024-05-19-11-00-00", "latency": 34}, {"date": "2024-05-19-11-00-00", "latency": 34}, {"date": "2024-05-19-11-00-00", "latency": 34}, {"date": "2024-05-19-11-00-00", "latency": 34}, {"date": "2024-05-19-11-00-00", "latency": 34}, {"date": "2024-05-19-11-00-00", "latency": 34}, {"date": "2024-05-19-11-00-00", "latency": 34}, {"date": "2024-05-19-11-00-00", "latency": 34}, {"date": "2024-05-19-11-00-00", "latency": 34}, {"date": "2024-05-19-11-00-00", "latency": 34}, {"date": "2024-05-19-11-00-00", "latency": 34}, {"date": "2024-05-19-11-00-00", "latency": 34}, {"date": "2024-05-19-11-00-00", "latency": 34}, {"date": "2024-05-19-11-00-00", "latency": 34}, {"date": "2024-05-19-11-00-00", "latency": 34}, {"date": "2024-05-19-11-00-00", "latency": 34}, {"date": "2024-05-19-11-00-00", "latency": 34}, {"date": "2024-05-19-11-00-00", "latency": 34}, {"date": "2024-05-19-11-00-00", "latency": 34}, {"date": "2024-05-19-11-00-00", "latency": 34}, {"date": "2024-05-19-11-00-00", "latency": 34}, {"date": "2024-05-19-11-00-00", "latency": 34}, {"date": "2024-05-19-11-00-00", "latency": 34}, {"date": "2024-05-19-11-00-00", "latency": 34}, {"date": "2024-05-19-11-00-00", "latency": 34}, {"date": "2024-05-19-11-00-00", "latency": 34}, {"date": "2024-05-19-11-00-00", "latency": 34}, {"date": "2024-05-19-11-00-00", "latency": 34}, {"date": "2024-05-19-11-00-00", "latency": 34}, {"date": "2024-05-19-11-00-00", "latency": 34}, {"date": "2024-05-19-11-00-00", "latency": 34}, {"date": "2024-05-19-11-00-00", "latency": 34}, {"date": "2024-05-19-11-00-00", "latency": 34}, {"date": "2024-05-19-11-00-00", "latency": 34}, {"date": "2024-05-19-11-00-00", "latency": 34}, {"date": "2024-05-19-11-00-00", "latency": 34}, {"date": "2024-05-19-13-00-00", "latency": 17}, {"date": "2024-05-19-13-00-00", "latency": 17}, {"date": "2024-05-19-13-00-00", "latency": 17}, {"date": "2024-05-19-13-00-00", "latency": 17}, {"date": "2024-05-19-13-00-00", "latency": 17}, {"date": "2024-05-19-13-00-00", "latency": 17}, {"date": "2024-05-19-13-00-00", "latency": 17}, {"date": "2024-05-19-13-00-00", "latency": 17}, {"date": "2024-05-19-13-00-00", "latency": 17}, {"date": "2024-05-19-13-00-00", "latency": 17}, {"date": "2024-05-19-13-00-00", "latency": 17}, {"date": "2024-05-19-13-00-00", "latency": 17}, {"date": "2024-05-19-13-00-00", "latency": 17}, {"date": "2024-05-19-13-00-00", "latency": 17}, {"date": "2024-05-19-13-00-00", "latency": 17}, {"date": "2024-05-19-13-00-00", "latency": 17}, {"date": "2024-05-19-13-00-00", "latency": 17}, {"date": "2024-05-19-13-00-00", "latency": 17}, {"date": "2024-05-19-07-00-00", "latency": 27}, {"date": "2024-05-19-07-00-00", "latency": 27}, {"date": "2024-05-19-07-00-00", "latency": 27}, {"date": "2024-05-19-07-00-00", "latency": 27}, {"date": "2024-05-19-07-00-00", "latency": 27}, {"date": "2024-05-19-07-00-00", "latency": 27}, {"date": "2024-05-19-10-00-00", "latency": 25}, {"date": "2024-05-19-10-00-00", "latency": 25}, {"date": "2024-05-19-10-00-00", "latency": 25}, {"date": "2024-05-19-10-00-00", "latency": 25}, {"date": "2024-05-19-10-00-00", "latency": 25}, {"date": "2024-05-19-10-00-00", "latency": 25}, {"date": "2024-05-19-10-00-00", "latency": 25}, {"date": "2024-05-19-10-00-00", "latency": 25}, {"date": "2024-05-19-10-00-00", "latency": 25}, {"date": "2024-05-19-10-00-00", "latency": 25}, {"date": "2024-05-19-10-00-00", "latency": 25}, {"date": "2024-05-19-04-00-00", "latency": 18}, {"date": "2024-05-19-04-00-00", "latency": 18}, {"date": "2024-05-19-04-00-00", "latency": 18}, {"date": "2024-05-19-04-00-00", "latency": 18}, {"date": "2024-05-19-04-00-00", "latency": 18}, {"date": "2024-05-19-04-00-00", "latency": 18}, {"date": "2024-05-19-04-00-00", "latency": 18}, {"date": "2024-05-19-16-00-00", "latency": 9}, {"date": "2024-05-19-16-00-00", "latency": 9}, {"date": "2024-05-19-16-00-00", "latency": 9}, {"date": "2024-05-19-16-00-00", "latency": 9}, {"date": "2024-05-19-16-00-00", "latency": 9}, {"date": "2024-05-19-16-00-00", "latency": 9}, {"date": "2024-05-19-16-00-00", "latency": 9}, {"date": "2024-05-19-16-00-00", "latency": 9}, {"date": "2024-05-19-16-00-00", "latency": 9}, {"date": "2024-05-19-16-00-00", "latency": 9}, {"date": "2024-05-19-16-00-00", "latency": 9}, {"date": "2024-05-19-16-00-00", "latency": 9}, {"date": "2024-05-19-16-00-00", "latency": 9}, {"date": "2024-05-19-16-00-00", "latency": 9}, {"date": "2024-05-19-16-00-00", "latency": 9}, {"date": "2024-05-19-16-00-00", "latency": 9}, {"date": "2024-05-19-16-00-00", "latency": 9}, {"date": "2024-05-19-16-00-00", "latency": 9}, {"date": "2024-05-19-16-00-00", "latency": 9}, {"date": "2024-05-19-16-00-00", "latency": 9}, {"date": "2024-05-19-10-00-00", "latency": 24}, {"date": "2024-05-19-03-00-00", "latency": 22}, {"date": "2024-05-19-03-00-00", "latency": 22}, {"date": "2024-05-19-03-00-00", "latency": 22}, {"date": "2024-05-19-03-00-00", "latency": 22}, {"date": "2024-05-19-03-00-00", "latency": 22}, {"date": "2024-05-19-03-00-00", "latency": 22}, {"date": "2024-05-19-03-00-00", "latency": 22}, {"date": "2024-05-19-13-00-00", "latency": 28}, {"date": "2024-05-19-13-00-00", "latency": 28}, {"date": "2024-05-19-13-00-00", "latency": 28}, {"date": "2024-05-19-13-00-00", "latency": 28}, {"date": "2024-05-19-13-00-00", "latency": 28}, {"date": "2024-05-19-13-00-00", "latency": 28}, {"date": "2024-05-19-13-00-00", "latency": 28}, {"date": "2024-05-19-13-00-00", "latency": 28}, {"date": "2024-05-19-16-00-00", "latency": 88}, {"date": "2024-05-19-16-00-00", "latency": 88}, {"date": "2024-05-19-16-00-00", "latency": 88}, {"date": "2024-05-19-16-00-00", "latency": 88}, {"date": "2024-05-19-16-00-00", "latency": 88}, {"date": "2024-05-19-16-00-00", "latency": 88}]}, {"location": {"country_code": "jp", "region": "Tokyo"}, "game_id": "314852", "values": [{"date": "2024-05-19-16-00-00", "latency": 130}, {"date": "2024-05-19-16-00-00", "latency": 130}, {"date": "2024-05-19-16-00-00", "latency": 130}, {"date": "2024-05-19-16-00-00", "latency": 130}, {"date": "2024-05-19-16-00-00", "latency": 130}, {"date": "2024-05-19-16-00-00", "latency": 130}, {"date": "2024-05-19-16-00-00", "latency": 130}, {"date": "2024-05-19-16-00-00", "latency": 130}, {"date": "2024-05-19-16-00-00", "latency": 130}, {"date": "2024-05-19-16-00-00", "latency": 130}, {"date": "2024-05-19-16-00-00", "latency": 130}]}, {"location": {"country_code": "ca"}, "game_id": "314852", "values": [{"date": "2024-05-19-08-00-00", "latency": 87}, {"date": "2024-05-19-08-00-00", "latency": 87}, {"date": "2024-05-19-08-00-00", "latency": 87}, {"date": "2024-05-19-08-00-00", "latency": 87}, {"date": "2024-05-19-08-00-00", "latency": 87}, {"date": "2024-05-19-08-00-00", "latency": 87}, {"date": "2024-05-19-08-00-00", "latency": 87}, {"date": "2024-05-19-08-00-00", "latency": 87}, {"date": "2024-05-19-08-00-00", "latency": 87}, {"date": "2024-05-19-08-00-00", "latency": 87}, {"date": "2024-05-19-08-00-00", "latency": 87}, {"date": "2024-05-19-08-00-00", "latency": 87}, {"date": "2024-05-19-08-00-00", "latency": 87}, {"date": "2024-05-19-08-00-00", "latency": 87}, {"date": "2024-05-19-08-00-00", "latency": 87}, {"date": "2024-05-19-08-00-00", "latency": 87}, {"date": "2024-05-19-08-00-00", "latency": 87}, {"date": "2024-05-19-08-00-00", "latency": 87}, {"date": "2024-05-19-08-00-00", "latency": 87}, {"date": "2024-05-19-08-00-00", "latency": 87}, {"date": "2024-05-19-08-00-00", "latency": 87}, {"date": "2024-05-19-08-00-00", "latency": 87}, {"date": "2024-05-19-21-00-00", "latency": 35}, {"date": "2024-05-19-21-00-00", "latency": 35}, {"date": "2024-05-19-21-00-00", "latency": 35}, {"date": "2024-05-19-21-00-00", "latency": 35}, {"date": "2024-05-19-21-00-00", "latency": 35}, {"date": "2024-05-19-21-00-00", "latency": 35}, {"date": "2024-05-19-21-00-00", "latency": 35}, {"date": "2024-05-19-21-00-00", "latency": 35}, {"date": "2024-05-19-21-00-00", "latency": 35}, {"date": "2024-05-19-21-00-00", "latency": 35}, {"date": "2024-05-19-21-00-00", "latency": 35}, {"date": "2024-05-19-04-00-00", "latency": 37}, {"date": "2024-05-19-04-00-00", "latency": 37}, {"date": "2024-05-19-22-00-00", "latency": 47}, {"date": "2024-05-19-22-00-00", "latency": 47}, {"date": "2024-05-19-22-00-00", "latency": 47}, {"date": "2024-05-19-22-00-00", "latency": 47}, {"date": "2024-05-19-22-00-00", "latency": 47}, {"date": "2024-05-19-22-00-00", "latency": 88}, {"date": "2024-05-19-22-00-00", "latency": 88}, {"date": "2024-05-19-21-00-00", "latency": 34}, {"date": "2024-05-19-21-00-00", "latency": 34}, {"date": "2024-05-19-21-00-00", "latency": 34}, {"date": "2024-05-19-21-00-00", "latency": 34}, {"date": "2024-05-19-21-00-00", "latency": 34}, {"date": "2024-05-19-21-00-00", "latency": 34}, {"date": "2024-05-19-21-00-00", "latency": 34}, {"date": "2024-05-19-21-00-00", "latency": 34}, {"date": "2024-05-19-21-00-00", "latency": 34}, {"date": "2024-05-19-21-00-00", "latency": 34}, {"date": "2024-05-19-21-00-00", "latency": 25}, {"date": "2024-05-19-21-00-00", "latency": 25}, {"date": "2024-05-19-21-00-00", "latency": 25}, {"date": "2024-05-19-21-00-00", "latency": 25}, {"date": "2024-05-19-21-00-00", "latency": 25}, {"date": "2024-05-19-21-00-00", "latency": 25}, {"date": "2024-05-19-21-00-00", "latency": 25}, {"date": "2024-05-19-21-00-00", "latency": 25}, {"date": "2024-05-19-21-00-00", "latency": 25}, {"date": "2024-05-19-21-00-00", "latency": 25}, {"date": "2024-05-19-03-00-00", "latency": 78}, {"date": "2024-05-19-03-00-00", "latency": 78}]}, {"location": {"country_code": "de"}, "game_id": "314852", "values": [{"date": "2024-05-19-18-00-00", "latency": 25}, {"date": "2024-05-19-18-00-00", "latency": 25}, {"date": "2024-05-19-18-00-00", "latency": 25}, {"date": "2024-05-19-18-00-00", "latency": 25}, {"date": "2024-05-19-18-00-00", "latency": 25}, {"date": "2024-05-19-18-00-00", "latency": 25}, {"date": "2024-05-19-18-00-00", "latency": 25}, {"date": "2024-05-19-18-00-00", "latency": 25}, {"date": "2024-05-19-18-00-00", "latency": 25}, {"date": "2024-05-19-18-00-00", "latency": 25}, {"date": "2024-05-19-18-00-00", "latency": 25}, {"date": "2024-05-19-18-00-00", "latency": 25}, {"date": "2024-05-19-18-00-00", "latency": 25}, {"date": "2024-05-19-18-00-00", "latency": 25}, {"date": "2024-05-19-22-00-00", "latency": 120}, {"date": "2024-05-19-22-00-00", "latency": 120}, {"date": "2024-05-19-22-00-00", "latency": 120}, {"date": "2024-05-20-01-00-00", "latency": 30}, {"date": "2024-05-20-01-00-00", "latency": 30}, {"date": "2024-05-20-01-00-00", "latency": 30}, {"date": "2024-05-20-01-00-00", "latency": 30}, {"date": "2024-05-20-01-00-00", "latency": 30}, {"date": "2024-05-20-01-00-00", "latency": 32}, {"date": "2024-05-20-01-00-00", "latency": 32}, {"date": "2024-05-20-01-00-00", "latency": 32}, {"date": "2024-05-19-13-00-00", "latency": 21}, {"date": "2024-05-19-13-00-00", "latency": 21}, {"date": "2024-05-19-13-00-00", "latency": 21}, {"date": "2024-05-19-13-00-00", "latency": 21}, {"date": "2024-05-19-13-00-00", "latency": 21}, {"date": "2024-05-19-13-00-00", "latency": 21}, {"date": "2024-05-19-13-00-00", "latency": 21}, {"date": "2024-05-19-13-00-00", "latency": 21}, {"date": "2024-05-19-13-00-00", "latency": 21}, {"date": "2024-05-19-13-00-00", "latency": 21}, {"date": "2024-05-19-13-00-00", "latency": 21}, {"date": "2024-05-19-13-00-00", "latency": 21}, {"date": "2024-05-19-13-00-00", "latency": 21}, {"date": "2024-05-19-22-00-00", "latency": 174}, {"date": "2024-05-20-00-00-00", "latency": 50}, {"date": "2024-05-20-00-00-00", "latency": 50}]}, {"location": {"country_code": "tw"}, "game_id": "314852", "values": [{"date": "2024-05-19-12-00-00", "latency": 50}, {"date": "2024-05-19-12-00-00", "latency": 50}, {"date": "2024-05-19-12-00-00", "latency": 50}, {"date": "2024-05-19-12-00-00", "latency": 50}, {"date": "2024-05-19-12-00-00", "latency": 50}, {"date": "2024-05-19-12-00-00", "latency": 50}, {"date": "2024-05-19-12-00-00", "latency": 50}, {"date": "2024-05-19-12-00-00", "latency": 50}, {"date": "2024-05-19-12-00-00", "latency": 50}, {"date": "2024-05-19-12-00-00", "latency": 50}, {"date": "2024-05-19-12-00-00", "latency": 50}, {"date": "2024-05-19-12-00-00", "latency": 50}, {"date": "2024-05-19-12-00-00", "latency": 50}, {"date": "2024-05-19-12-00-00", "latency": 50}, {"date": "2024-05-19-17-00-00", "latency": 70}, {"date": "2024-05-19-13-00-00", "latency": 67}, {"date": "2024-05-19-13-00-00", "latency": 67}, {"date": "2024-05-19-13-00-00", "latency": 67}, {"date": "2024-05-19-13-00-00", "latency": 67}, {"date": "2024-05-19-13-00-00", "latency": 67}, {"date": "2024-05-19-13-00-00", "latency": 67}, {"date": "2024-05-19-06-00-00", "latency": 8}]}, {"location": {"country_code": "us", "region": "Indiana"}, "game_id": "314852", "values": [{"date": "2024-05-20-02-00-00", "latency": 72}, {"date": "2024-05-20-02-00-00", "latency": 72}, {"date": "2024-05-20-02-00-00", "latency": 72}, {"date": "2024-05-20-02-00-00", "latency": 72}]}, {"location": {"country_code": "gb", "region": "Scotland"}, "game_id": "314852", "values": [{"date": "2024-05-19-08-00-00", "latency": 64}, {"date": "2024-05-19-08-00-00", "latency": 64}, {"date": "2024-05-19-08-00-00", "latency": 64}, {"date": "2024-05-19-08-00-00", "latency": 64}, {"date": "2024-05-19-08-00-00", "latency": 64}, {"date": "2024-05-19-08-00-00", "latency": 64}, {"date": "2024-05-19-08-00-00", "latency": 64}, {"date": "2024-05-19-08-00-00", "latency": 64}, {"date": "2024-05-19-08-00-00", "latency": 64}, {"date": "2024-05-19-08-00-00", "latency": 64}, {"date": "2024-05-19-08-00-00", "latency": 64}, {"date": "2024-05-19-08-00-00", "latency": 64}, {"date": "2024-05-19-08-00-00", "latency": 64}, {"date": "2024-05-19-08-00-00", "latency": 64}, {"date": "2024-05-19-08-00-00", "latency": 64}, {"date": "2024-05-19-08-00-00", "latency": 64}]}, {"location": {"country_code": "cl"}, "game_id": "314852", "values": [{"date": "2024-05-19-23-00-00", "latency": 178}, {"date": "2024-05-19-23-00-00", "latency": 178}, {"date": "2024-05-19-23-00-00", "latency": 178}, {"date": "2024-05-20-00-00-00", "latency": 142}, {"date": "2024-05-20-00-00-00", "latency": 142}]}, {"location": {"country_code": "cl", "region": "Tarapaca", "city": "Iquique"}, "game_id": "314852", "values": [{"date": "2024-05-19-09-00-00", "latency": 144}]}, {"location": {"country_code": "us", "region": "Texas"}, "game_id": "314852", "values": [{"date": "2024-05-19-02-00-00", "latency": 53}, {"date": "2024-05-19-02-00-00", "latency": 53}, {"date": "2024-05-19-02-00-00", "latency": 53}, {"date": "2024-05-19-02-00-00", "latency": 53}, {"date": "2024-05-19-02-00-00", "latency": 53}]}, {"location": {"country_code": "au", "region": "New South Wales", "city": "Sydney"}, "game_id": "314852", "values": [{"date": "2024-05-19-13-00-00", "latency": 236}, {"date": "2024-05-19-13-00-00", "latency": 236}, {"date": "2024-05-19-13-00-00", "latency": 236}]}, {"location": {"country_code": "us", "region": "Florida"}, "game_id": "314852", "values": [{"date": "2024-05-19-18-00-00", "latency": 63}, {"date": "2024-05-19-18-00-00", "latency": 63}, {"date": "2024-05-19-18-00-00", "latency": 63}, {"date": "2024-05-19-18-00-00", "latency": 63}, {"date": "2024-05-19-18-00-00", "latency": 63}, {"date": "2024-05-19-18-00-00", "latency": 63}, {"date": "2024-05-19-18-00-00", "latency": 63}, {"date": "2024-05-19-18-00-00", "latency": 63}, {"date": "2024-05-19-18-00-00", "latency": 63}, {"date": "2024-05-19-18-00-00", "latency": 63}, {"date": "2024-05-19-18-00-00", "latency": 63}, {"date": "2024-05-19-18-00-00", "latency": 63}, {"date": "2024-05-19-18-00-00", "latency": 63}, {"date": "2024-05-19-04-00-00", "latency": 79}, {"date": "2024-05-19-04-00-00", "latency": 79}, {"date": "2024-05-19-21-00-00", "latency": 58}, {"date": "2024-05-19-21-00-00", "latency": 58}, {"date": "2024-05-19-21-00-00", "latency": 58}, {"date": "2024-05-19-21-00-00", "latency": 58}, {"date": "2024-05-19-21-00-00", "latency": 58}, {"date": "2024-05-19-21-00-00", "latency": 58}]}, {"location": {"country_code": "ph"}, "game_id": "314852", "values": [{"date": "2024-05-19-21-00-00", "latency": 102}, {"date": "2024-05-19-21-00-00", "latency": 102}, {"date": "2024-05-19-18-00-00", "latency": 97}, {"date": "2024-05-19-18-00-00", "latency": 97}, {"date": "2024-05-20-00-00-00", "latency": 73}, {"date": "2024-05-20-00-00-00", "latency": 73}, {"date": "2024-05-19-06-00-00", "latency": 159}, {"date": "2024-05-19-06-00-00", "latency": 159}, {"date": "2024-05-19-15-00-00", "latency": 72}]}, {"location": {"country_code": "fr"}, "game_id": "314852", "values": [{"date": "2024-05-19-14-00-00", "latency": 27}, {"date": "2024-05-19-14-00-00", "latency": 27}, {"date": "2024-05-19-14-00-00", "latency": 27}, {"date": "2024-05-19-17-00-00", "latency": 32}, {"date": "2024-05-19-17-00-00", "latency": 32}, {"date": "2024-05-20-00-00-00", "latency": 7}, {"date": "2024-05-19-23-00-00", "latency": 38}]}, {"location": {"country_code": "us", "region": "New Jersey"}, "game_id": "314852", "values": [{"date": "2024-05-19-05-00-00", "latency": 73}, {"date": "2024-05-19-05-00-00", "latency": 73}, {"date": "2024-05-19-05-00-00", "latency": 73}]}, {"location": {"country_code": "mx"}, "game_id": "314852", "values": [{"date": "2024-05-19-03-00-00", "latency": 76}, {"date": "2024-05-20-01-00-00", "latency": 89}, {"date": "2024-05-20-01-00-00", "latency": 89}, {"date": "2024-05-20-01-00-00", "latency": 89}, {"date": "2024-05-20-02-00-00", "latency": 86}, {"date": "2024-05-20-02-00-00", "latency": 86}, {"date": "2024-05-20-02-00-00", "latency": 86}, {"date": "2024-05-20-02-00-00", "latency": 86}, {"date": "2024-05-19-09-00-00", "latency": 80}, {"date": "2024-05-19-09-00-00", "latency": 80}]}, {"location": {"country_code": "mx", "region": "Mexico City"}, "game_id": "314852", "values": [{"date": "2024-05-19-03-00-00", "latency": 96}, {"date": "2024-05-19-03-00-00", "latency": 96}, {"date": "2024-05-19-03-00-00", "latency": 96}, {"date": "2024-05-19-03-00-00", "latency": 96}, {"date": "2024-05-19-03-00-00", "latency": 96}]}, {"location": {"country_code": "us", "region": "California"}, "game_id": "314852", "values": [{"date": "2024-05-19-19-00-00", "latency": 86}, {"date": "2024-05-19-19-00-00", "latency": 86}, {"date": "2024-05-19-19-00-00", "latency": 86}, {"date": "2024-05-19-06-00-00", "latency": 80}, {"date": "2024-05-19-06-00-00", "latency": 80}, {"date": "2024-05-19-06-00-00", "latency": 80}, {"date": "2024-05-19-03-00-00", "latency": 90}]}, {"location": {"country_code": "br"}, "game_id": "314852", "values": [{"date": "2024-05-20-02-00-00", "latency": 151}, {"date": "2024-05-19-21-00-00", "latency": 132}, {"date": "2024-05-19-21-00-00", "latency": 132}, {"date": "2024-05-19-21-00-00", "latency": 132}, {"date": "2024-05-19-21-00-00", "latency": 132}]}, {"location": {"country_code": "us", "region": "California", "city": "East Los Angeles"}, "game_id": "314852", "values": [{"date": "2024-05-19-04-00-00", "latency": 93}, {"date": "2024-05-19-04-00-00", "latency": 93}, {"date": "2024-05-19-04-00-00", "latency": 93}, {"date": "2024-05-20-01-00-00", "latency": 93}, {"date": "2024-05-20-01-00-00", "latency": 93}]}, {"location": {"country_code": "au"}, "game_id": "314852", "values": [{"date": "2024-05-19-04-00-00", "latency": 198}, {"date": "2024-05-19-04-00-00", "latency": 198}, {"date": "2024-05-19-04-00-00", "latency": 198}, {"date": "2024-05-19-04-00-00", "latency": 198}, {"date": "2024-05-19-04-00-00", "latency": 198}, {"date": "2024-05-19-17-00-00", "latency": 78}, {"date": "2024-05-19-17-00-00", "latency": 78}, {"date": "2024-05-19-17-00-00", "latency": 78}, {"date": "2024-05-19-17-00-00", "latency": 78}, {"date": "2024-05-19-17-00-00", "latency": 78}, {"date": "2024-05-19-17-00-00", "latency": 78}, {"date": "2024-05-19-17-00-00", "latency": 78}, {"date": "2024-05-19-17-00-00", "latency": 78}, {"date": "2024-05-19-17-00-00", "latency": 78}, {"date": "2024-05-19-17-00-00", "latency": 78}, {"date": "2024-05-19-17-00-00", "latency": 78}, {"date": "2024-05-19-12-00-00", "latency": 271}]}, {"location": {"country_code": "au", "region": "Victoria", "city": "Melbourne"}, "game_id": "314852", "values": [{"date": "2024-05-19-08-00-00", "latency": 227}, {"date": "2024-05-19-08-00-00", "latency": 227}, {"date": "2024-05-19-08-00-00", "latency": 227}, {"date": "2024-05-19-08-00-00", "latency": 227}, {"date": "2024-05-19-08-00-00", "latency": 227}, {"date": "2024-05-19-08-00-00", "latency": 227}, {"date": "2024-05-19-08-00-00", "latency": 227}]}, {"location": {"country_code": "us", "region": "Texas", "city": "Austin"}, "game_id": "314852", "values": [{"date": "2024-05-19-02-00-00", "latency": 57}, {"date": "2024-05-19-02-00-00", "latency": 57}, {"date": "2024-05-19-02-00-00", "latency": 57}, {"date": "2024-05-19-02-00-00", "latency": 57}, {"date": "2024-05-19-02-00-00", "latency": 57}]}, {"location": {"country_code": "es", "region": "Madrid", "city": "Parla"}, "game_id": "314852", "values": [{"date": "2024-05-19-18-00-00", "latency": 52}, {"date": "2024-05-19-18-00-00", "latency": 52}]}, {"location": {"country_code": "ca", "region": "Ontario"}, "game_id": "314852", "values": [{"date": "2024-05-20-02-00-00", "latency": 152}, {"date": "2024-05-19-23-00-00", "latency": 42}, {"date": "2024-05-19-23-00-00", "latency": 42}]}, {"location": {"country_code": "es", "region": "Navarre", "city": "Murchante"}, "game_id": "314852", "values": [{"date": "2024-05-19-23-00-00", "latency": 52}]}, {"location": {"country_code": "ar"}, "game_id": "314852", "values": [{"date": "2024-05-19-02-00-00", "latency": 162}, {"date": "2024-05-19-02-00-00", "latency": 162}, {"date": "2024-05-19-23-00-00", "latency": 156}, {"date": "2024-05-19-23-00-00", "latency": 156}, {"date": "2024-05-19-23-00-00", "latency": 156}, {"date": "2024-05-19-22-00-00", "latency": 148}, {"date": "2024-05-19-22-00-00", "latency": 148}, {"date": "2024-05-19-22-00-00", "latency": 171}, {"date": "2024-05-19-22-00-00", "latency": 171}, {"date": "2024-05-19-22-00-00", "latency": 171}, {"date": "2024-05-19-22-00-00", "latency": 171}, {"date": "2024-05-19-22-00-00", "latency": 171}, {"date": "2024-05-19-22-00-00", "latency": 171}, {"date": "2024-05-19-22-00-00", "latency": 171}, {"date": "2024-05-19-22-00-00", "latency": 171}, {"date": "2024-05-19-22-00-00", "latency": 171}]}, {"location": {"country_code": "ar", "region": "Buenos Aires F.D.", "city": "Bahia Blanca"}, "game_id": "314852", "values": [{"date": "2024-05-19-08-00-00", "latency": 158}, {"date": "2024-05-19-08-00-00", "latency": 158}]}, {"location": {"country_code": "vn"}, "game_id": "314852", "values": [{"date": "2024-05-19-20-00-00", "latency": 33}, {"date": "2024-05-19-20-00-00", "latency": 33}, {"date": "2024-05-19-20-00-00", "latency": 33}, {"date": "2024-05-19-20-00-00", "latency": 33}, {"date": "2024-05-19-12-00-00", "latency": 81}, {"date": "2024-05-19-12-00-00", "latency": 81}, {"date": "2024-05-19-12-00-00", "latency": 81}, {"date": "2024-05-19-12-00-00", "latency": 81}, {"date": "2024-05-19-12-00-00", "latency": 81}, {"date": "2024-05-19-12-00-00", "latency": 81}, {"date": "2024-05-19-12-00-00", "latency": 81}, {"date": "2024-05-19-12-00-00", "latency": 81}, {"date": "2024-05-19-12-00-00", "latency": 81}, {"date": "2024-05-19-12-00-00", "latency": 81}, {"date": "2024-05-19-12-00-00", "latency": 81}, {"date": "2024-05-19-12-00-00", "latency": 81}, {"date": "2024-05-19-12-00-00", "latency": 81}, {"date": "2024-05-19-12-00-00", "latency": 81}]}, {"location": {"country_code": "us", "region": "South Carolina"}, "game_id": "314852", "values": [{"date": "2024-05-19-06-00-00", "latency": 48}, {"date": "2024-05-19-06-00-00", "latency": 48}, {"date": "2024-05-19-06-00-00", "latency": 48}, {"date": "2024-05-19-06-00-00", "latency": 48}, {"date": "2024-05-19-06-00-00", "latency": 48}, {"date": "2024-05-19-06-00-00", "latency": 48}, {"date": "2024-05-19-06-00-00", "latency": 48}, {"date": "2024-05-19-06-00-00", "latency": 48}, {"date": "2024-05-19-06-00-00", "latency": 48}, {"date": "2024-05-19-06-00-00", "latency": 48}, {"date": "2024-05-19-06-00-00", "latency": 48}, {"date": "2024-05-19-06-00-00", "latency": 48}]}, {"location": {"country_code": "hu"}, "game_id": "314852", "values": [{"date": "2024-05-19-23-00-00", "latency": 45}, {"date": "2024-05-19-23-00-00", "latency": 45}, {"date": "2024-05-19-23-00-00", "latency": 45}, {"date": "2024-05-19-23-00-00", "latency": 45}, {"date": "2024-05-19-23-00-00", "latency": 45}]}, {"location": {"country_code": "co"}, "game_id": "314852", "values": [{"date": "2024-05-19-03-00-00", "latency": 112}]}, {"location": {"country_code": "pl"}, "game_id": "314852", "values": [{"date": "2024-05-19-13-00-00", "latency": 39}, {"date": "2024-05-19-13-00-00", "latency": 39}, {"date": "2024-05-20-01-00-00", "latency": 36}, {"date": "2024-05-20-01-00-00", "latency": 36}, {"date": "2024-05-20-01-00-00", "latency": 36}, {"date": "2024-05-20-01-00-00", "latency": 36}, {"date": "2024-05-20-01-00-00", "latency": 36}, {"date": "2024-05-20-01-00-00", "latency": 36}, {"date": "2024-05-20-01-00-00", "latency": 36}, {"date": "2024-05-20-01-00-00", "latency": 36}, {"date": "2024-05-20-01-00-00", "latency": 36}, {"date": "2024-05-20-01-00-00", "latency": 36}, {"date": "2024-05-20-01-00-00", "latency": 36}]}, {"location": {"country_code": "us", "region": "Puerto Rico"}, "game_id": "314852", "values": [{"date": "2024-05-19-22-00-00", "latency": 92}, {"date": "2024-05-19-22-00-00", "latency": 92}, {"date": "2024-05-19-22-00-00", "latency": 92}]}, {"location": {"country_code": "be"}, "game_id": "314852", "values": [{"date": "2024-05-19-07-00-00", "latency": 46}, {"date": "2024-05-19-07-00-00", "latency": 46}, {"date": "2024-05-19-18-00-00", "latency": 43}, {"date": "2024-05-19-18-00-00", "latency": 43}, {"date": "2024-05-19-18-00-00", "latency": 43}, {"date": "2024-05-19-18-00-00", "latency": 43}, {"date": "2024-05-19-18-00-00", "latency": 43}, {"date": "2024-05-19-18-00-00", "latency": 43}, {"date": "2024-05-19-18-00-00", "latency": 43}, {"date": "2024-05-19-18-00-00", "latency": 43}, {"date": "2024-05-19-18-00-00", "latency": 43}]}, {"location": {"country_code": "pe"}, "game_id": "314852", "values": [{"date": "2024-05-19-03-00-00", "latency": 109}, {"date": "2024-05-19-06-00-00", "latency": 104}, {"date": "2024-05-19-06-00-00", "latency": 104}, {"date": "2024-05-19-06-00-00", "latency": 104}, {"date": "2024-05-19-06-00-00", "latency": 104}]}, {"location": {"country_code": "ua"}, "game_id": "314852", "values": [{"date": "2024-05-19-07-00-00", "latency": 65}, {"date": "2024-05-19-07-00-00", "latency": 65}, {"date": "2024-05-19-07-00-00", "latency": 65}, {"date": "2024-05-19-07-00-00", "latency": 65}]}, {"location": {"country_code": "kz"}, "game_id": "314852", "values": [{"date": "2024-05-19-03-00-00", "latency": 66}]}, {"location": {"country_code": "sg"}, "game_id": "314852", "values": [{"date": "2024-05-19-19-00-00", "latency": 98}, {"date": "2024-05-19-19-00-00", "latency": 98}, {"date": "2024-05-19-19-00-00", "latency": 98}, {"date": "2024-05-19-19-00-00", "latency": 98}, {"date": "2024-05-19-19-00-00", "latency": 98}, {"date": "2024-05-19-19-00-00", "latency": 98}]}, {"location": {"country_code": "ca", "region": "Ontario", "city": "Toronto"}, "game_id": "314852", "values": [{"date": "2024-05-19-05-00-00", "latency": 36}, {"date": "2024-05-19-05-00-00", "latency": 36}, {"date": "2024-05-19-05-00-00", "latency": 36}]}, {"location": {"country_code": "ru"}, "game_id": "314852", "values": [{"date": "2024-05-19-10-00-00", "latency": 357}, {"date": "2024-05-19-10-00-00", "latency": 357}, {"date": "2024-05-19-10-00-00", "latency": 357}, {"date": "2024-05-19-16-00-00", "latency": 83}, {"date": "2024-05-19-16-00-00", "latency": 83}, {"date": "2024-05-19-16-00-00", "latency": 83}, {"date": "2024-05-19-16-00-00", "latency": 83}, {"date": "2024-05-19-16-00-00", "latency": 83}, {"date": "2024-05-19-16-00-00", "latency": 83}]}, {"location": {"country_code": "us", "region": "Hawaii", "city": "Kapolei"}, "game_id": "314852", "values": [{"date": "2024-05-19-10-00-00", "latency": 137}, {"date": "2024-05-19-10-00-00", "latency": 137}]}, {"location": {"country_code": "id"}, "game_id": "314852", "values": [{"date": "2024-05-19-12-00-00", "latency": 182}, {"date": "2024-05-19-12-00-00", "latency": 182}, {"date": "2024-05-19-12-00-00", "latency": 182}, {"date": "2024-05-19-19-00-00", "latency": 255}, {"date": "2024-05-19-19-00-00", "latency": 255}, {"date": "2024-05-19-19-00-00", "latency": 255}, {"date": "2024-05-19-19-00-00", "latency": 255}, {"date": "2024-05-19-19-00-00", "latency": 255}, {"date": "2024-05-19-19-00-00", "latency": 255}, {"date": "2024-05-19-19-00-00", "latency": 255}, {"date": "2024-05-19-19-00-00", "latency": 255}, {"date": "2024-05-19-19-00-00", "latency": 255}, {"date": "2024-05-19-19-00-00", "latency": 255}, {"date": "2024-05-19-19-00-00", "latency": 255}, {"date": "2024-05-19-19-00-00", "latency": 255}, {"date": "2024-05-19-19-00-00", "latency": 255}, {"date": "2024-05-19-19-00-00", "latency": 255}]}, {"location": {"country_code": "pt"}, "game_id": "314852", "values": [{"date": "2024-05-20-01-00-00", "latency": 61}, {"date": "2024-05-20-01-00-00", "latency": 61}, {"date": "2024-05-20-01-00-00", "latency": 61}, {"date": "2024-05-20-01-00-00", "latency": 61}, {"date": "2024-05-20-01-00-00", "latency": 61}, {"date": "2024-05-20-01-00-00", "latency": 61}]}, {"location": {"country_code": "es", "region": "Andalusia", "city": "Almeria"}, "game_id": "314852", "values": [{"date": "2024-05-19-16-00-00", "latency": 155}, {"date": "2024-05-19-16-00-00", "latency": 155}, {"date": "2024-05-19-16-00-00", "latency": 155}, {"date": "2024-05-19-16-00-00", "latency": 155}]}, {"location": {"country_code": "us", "region": "Florida", "city": "Miami"}, "game_id": "314852", "values": [{"date": "2024-05-19-18-00-00", "latency": 165}, {"date": "2024-05-19-18-00-00", "latency": 165}]}, {"location": {"country_code": "cn", "region": "Hong Kong"}, "game_id": "314852", "values": [{"date": "2024-05-19-21-00-00", "latency": 68}, {"date": "2024-05-19-21-00-00", "latency": 68}, {"date": "2024-05-19-21-00-00", "latency": 68}]}, {"location": {"country_code": "jp", "region": "Kyoto", "city": "Kyoto"}, "game_id": "314852", "values": [{"date": "2024-05-19-18-00-00", "latency": 1}, {"date": "2024-05-19-18-00-00", "latency": 1}, {"date": "2024-05-19-18-00-00", "latency": 1}, {"date": "2024-05-19-18-00-00", "latency": 1}, {"date": "2024-05-19-18-00-00", "latency": 1}, {"date": "2024-05-19-18-00-00", "latency": 1}]}, {"location": {"country_code": "tr", "region": "Ege Bolgesi", "city": "Denizli"}, "game_id": "314852", "values": [{"date": "2024-05-19-22-00-00", "latency": 72}, {"date": "2024-05-19-22-00-00", "latency": 72}, {"date": "2024-05-19-22-00-00", "latency": 72}]}, {"location": {"country_code": "pe", "region": "Lima region", "city": "Lima"}, "game_id": "314852", "values": [{"date": "2024-05-19-05-00-00", "latency": 111}, {"date": "2024-05-20-02-00-00", "latency": 98}, {"date": "2024-05-20-02-00-00", "latency": 98}, {"date": "2024-05-20-02-00-00", "latency": 98}]}, {"location": {"country_code": "ca", "region": "Manitoba", "city": "Winnipeg"}, "game_id": "314852", "values": [{"date": "2024-05-19-02-00-00", "latency": 56}, {"date": "2024-05-19-02-00-00", "latency": 56}, {"date": "2024-05-19-02-00-00", "latency": 56}]}, {"location": {"country_code": "br", "region": "Mato Grosso do Sul", "city": "Campo Grande"}, "game_id": "314852", "values": [{"date": "2024-05-19-03-00-00", "latency": 186}]}, {"location": {"country_code": "au", "region": "Queensland", "city": "Brisbane"}, "game_id": "314852", "values": [{"date": "2024-05-19-14-00-00", "latency": 244}, {"date": "2024-05-19-14-00-00", "latency": 244}, {"date": "2024-05-19-14-00-00", "latency": 244}, {"date": "2024-05-19-14-00-00", "latency": 244}]}, {"location": {"country_code": "ru", "region": "Rostov Oblast", "city": "Rostov-on-Don"}, "game_id": "314852", "values": [{"date": "2024-05-19-12-00-00", "latency": 77}]}, {"location": {"country_code": "sy"}, "game_id": "314852", "values": [{"date": "2024-05-19-15-00-00", "latency": 66}, {"date": "2024-05-19-15-00-00", "latency": 66}, {"date": "2024-05-19-15-00-00", "latency": 66}, {"date": "2024-05-19-15-00-00", "latency": 66}, {"date": "2024-05-19-15-00-00", "latency": 66}, {"date": "2024-05-19-15-00-00", "latency": 66}, {"date": "2024-05-19-15-00-00", "latency": 66}, {"date": "2024-05-19-15-00-00", "latency": 66}, {"date": "2024-05-19-15-00-00", "latency": 66}, {"date": "2024-05-19-15-00-00", "latency": 66}]}, {"location": {"country_code": "za", "region": "Western Cape", "city": "Cape Town"}, "game_id": "314852", "values": [{"date": "2024-05-20-00-00-00", "latency": 170}, {"date": "2024-05-20-00-00-00", "latency": 170}, {"date": "2024-05-20-00-00-00", "latency": 170}]}, {"location": {"country_code": "ca", "region": "Alberta", "city": "Calgary"}, "game_id": "314852", "values": [{"date": "2024-05-19-23-00-00", "latency": 109}, {"date": "2024-05-19-23-00-00", "latency": 109}]}, {"location": {"country_code": "de", "region": "North Rhine-Westphalia"}, "game_id": "314852", "values": [{"date": "2024-05-19-18-00-00", "latency": 25}, {"date": "2024-05-19-18-00-00", "latency": 25}, {"date": "2024-05-19-18-00-00", "latency": 25}, {"date": "2024-05-19-18-00-00", "latency": 25}, {"date": "2024-05-19-18-00-00", "latency": 25}, {"date": "2024-05-19-18-00-00", "latency": 25}, {"date": "2024-05-19-18-00-00", "latency": 25}, {"date": "2024-05-19-18-00-00", "latency": 25}, {"date": "2024-05-19-18-00-00", "latency": 25}, {"date": "2024-05-19-18-00-00", "latency": 25}, {"date": "2024-05-19-18-00-00", "latency": 25}, {"date": "2024-05-19-18-00-00", "latency": 25}, {"date": "2024-05-19-18-00-00", "latency": 25}, {"date": "2024-05-19-18-00-00", "latency": 25}, {"date": "2024-05-19-18-00-00", "latency": 25}, {"date": "2024-05-19-18-00-00", "latency": 25}, {"date": "2024-05-19-18-00-00", "latency": 25}, {"date": "2024-05-19-18-00-00", "latency": 25}, {"date": "2024-05-19-18-00-00", "latency": 25}, {"date": "2024-05-19-18-00-00", "latency": 25}, {"date": "2024-05-19-18-00-00", "latency": 25}, {"date": "2024-05-19-18-00-00", "latency": 25}, {"date": "2024-05-19-18-00-00", "latency": 25}, {"date": "2024-05-19-18-00-00", "latency": 25}, {"date": "2024-05-19-18-00-00", "latency": 25}, {"date": "2024-05-19-18-00-00", "latency": 25}, {"date": "2024-05-19-18-00-00", "latency": 25}]}, {"location": {"country_code": "us", "region": "Oregon"}, "game_id": "314852", "values": [{"date": "2024-05-19-10-00-00", "latency": 89}, {"date": "2024-05-19-10-00-00", "latency": 89}, {"date": "2024-05-19-10-00-00", "latency": 89}, {"date": "2024-05-19-10-00-00", "latency": 89}, {"date": "2024-05-19-10-00-00", "latency": 89}, {"date": "2024-05-19-10-00-00", "latency": 89}, {"date": "2024-05-19-10-00-00", "latency": 89}, {"date": "2024-05-19-10-00-00", "latency": 89}]}, {"location": {"country_code": "lb"}, "game_id": "314852", "values": [{"date": "2024-05-19-22-00-00", "latency": 37}, {"date": "2024-05-19-22-00-00", "latency": 37}, {"date": "2024-05-19-22-00-00", "latency": 37}, {"date": "2024-05-19-22-00-00", "latency": 37}, {"date": "2024-05-19-22-00-00", "latency": 37}, {"date": "2024-05-19-22-00-00", "latency": 37}, {"date": "2024-05-19-22-00-00", "latency": 37}, {"date": "2024-05-19-22-00-00", "latency": 37}, {"date": "2024-05-19-22-00-00", "latency": 37}]}, {"location": {"country_code": "us", "region": "Mississippi"}, "game_id": "314852", "values": [{"date": "2024-05-19-05-00-00", "latency": 60}, {"date": "2024-05-19-05-00-00", "latency": 60}, {"date": "2024-05-19-05-00-00", "latency": 60}, {"date": "2024-05-19-05-00-00", "latency": 60}, {"date": "2024-05-19-05-00-00", "latency": 60}, {"date": "2024-05-19-05-00-00", "latency": 60}, {"date": "2024-05-19-05-00-00", "latency": 60}, {"date": "2024-05-19-05-00-00", "latency": 60}, {"date": "2024-05-19-05-00-00", "latency": 60}]}, {"location": {"country_code": "dz"}, "game_id": "314852", "values": [{"date": "2024-05-19-10-00-00", "latency": 169}, {"date": "2024-05-19-10-00-00", "latency": 169}, {"date": "2024-05-19-10-00-00", "latency": 169}]}, {"location": {"country_code": "es", "region": "Valencia", "city": "Gandia"}, "game_id": "314852", "values": [{"date": "2024-05-19-02-00-00", "latency": 55}, {"date": "2024-05-19-02-00-00", "latency": 55}, {"date": "2024-05-19-02-00-00", "latency": 55}, {"date": "2024-05-19-02-00-00", "latency": 55}, {"date": "2024-05-19-02-00-00", "latency": 55}, {"date": "2024-05-19-02-00-00", "latency": 55}]}, {"location": {"country_code": "gb", "region": "England", "city": "Ely"}, "game_id": "314852", "values": [{"date": "2024-05-19-12-00-00", "latency": 115}, {"date": "2024-05-19-12-00-00", "latency": 115}, {"date": "2024-05-19-12-00-00", "latency": 115}, {"date": "2024-05-19-12-00-00", "latency": 115}]}, {"location": {"country_code": "ru", "region": "Vladimir Oblast", "city": "Vladimir"}, "game_id": "314852", "values": [{"date": "2024-05-19-06-00-00", "latency": 63}, {"date": "2024-05-19-06-00-00", "latency": 63}, {"date": "2024-05-19-06-00-00", "latency": 63}, {"date": "2024-05-19-06-00-00", "latency": 63}, {"date": "2024-05-19-06-00-00", "latency": 63}, {"date": "2024-05-19-06-00-00", "latency": 63}, {"date": "2024-05-19-06-00-00", "latency": 63}, {"date": "2024-05-19-06-00-00", "latency": 63}, {"date": "2024-05-19-06-00-00", "latency": 63}, {"date": "2024-05-19-06-00-00", "latency": 63}, {"date": "2024-05-19-06-00-00", "latency": 63}, {"date": "2024-05-19-06-00-00", "latency": 63}, {"date": "2024-05-19-06-00-00", "latency": 63}, {"date": "2024-05-19-06-00-00", "latency": 63}, {"date": "2024-05-19-06-00-00", "latency": 63}, {"date": "2024-05-19-06-00-00", "latency": 63}, {"date": "2024-05-19-06-00-00", "latency": 63}, {"date": "2024-05-19-06-00-00", "latency": 63}, {"date": "2024-05-19-06-00-00", "latency": 63}]}, {"location": {"country_code": "es", "region": "Andalusia", "city": "Marbella"}, "game_id": "314852", "values": [{"date": "2024-05-20-02-00-00", "latency": 155}, {"date": "2024-05-20-02-00-00", "latency": 155}, {"date": "2024-05-20-02-00-00", "latency": 155}]}, {"location": {"country_code": "ml"}, "game_id": "314852", "values": [{"date": "2024-05-19-22-00-00", "latency": 83}, {"date": "2024-05-19-22-00-00", "latency": 83}, {"date": "2024-05-19-22-00-00", "latency": 83}]}, {"location": {"country_code": "es", "region": "Principality of Asturias"}, "game_id": "314852", "values": [{"date": "2024-05-19-23-00-00", "latency": 67}, {"date": "2024-05-19-23-00-00", "latency": 67}, {"date": "2024-05-19-23-00-00", "latency": 67}, {"date": "2024-05-19-23-00-00", "latency": 67}, {"date": "2024-05-19-23-00-00", "latency": 67}, {"date": "2024-05-19-23-00-00", "latency": 67}, {"date": "2024-05-19-23-00-00", "latency": 67}]}, {"location": {"country_code": "ch", "region": "Canton of Geneva", "city": "Geneva"}, "game_id": "314852", "values": [{"date": "2024-05-19-14-00-00", "latency": 56}, {"date": "2024-05-19-14-00-00", "latency": 56}]}, {"location": {"country_code": "pl", "region": "Pomeranian Voivodeship"}, "game_id": "314852", "values": [{"date": "2024-05-19-03-00-00", "latency": 99}]}, {"location": {"country_code": "de", "region": "Rhineland-Palatinate", "city": "Mainz"}, "game_id": "314852", "values": [{"date": "2024-05-19-18-00-00", "latency": 33}, {"date": "2024-05-19-18-00-00", "latency": 33}, {"date": "2024-05-19-18-00-00", "latency": 33}, {"date": "2024-05-19-18-00-00", "latency": 33}, {"date": "2024-05-19-18-00-00", "latency": 33}, {"date": "2024-05-19-18-00-00", "latency": 33}, {"date": "2024-05-19-18-00-00", "latency": 33}, {"date": "2024-05-19-18-00-00", "latency": 33}, {"date": "2024-05-19-18-00-00", "latency": 33}, {"date": "2024-05-19-18-00-00", "latency": 33}, {"date": "2024-05-19-18-00-00", "latency": 33}, {"date": "2024-05-19-18-00-00", "latency": 33}]}, {"location": {"country_code": "am"}, "game_id": "314852", "values": [{"date": "2024-05-19-15-00-00", "latency": 67}, {"date": "2024-05-19-15-00-00", "latency": 67}, {"date": "2024-05-19-15-00-00", "latency": 67}, {"date": "2024-05-19-15-00-00", "latency": 67}, {"date": "2024-05-19-15-00-00", "latency": 67}, {"date": "2024-05-19-15-00-00", "latency": 67}, {"date": "2024-05-19-15-00-00", "latency": 67}, {"date": "2024-05-19-15-00-00", "latency": 67}, {"date": "2024-05-19-15-00-00", "latency": 67}, {"date": "2024-05-19-15-00-00", "latency": 67}, {"date": "2024-05-19-15-00-00", "latency": 67}, {"date": "2024-05-19-15-00-00", "latency": 67}, {"date": "2024-05-19-15-00-00", "latency": 67}, {"date": "2024-05-19-15-00-00", "latency": 67}, {"date": "2024-05-19-15-00-00", "latency": 67}, {"date": "2024-05-19-15-00-00", "latency": 67}]}, {"location": {"country_code": "mx", "region": "Morelos", "city": "Cuernavaca"}, "game_id": "314852", "values": [{"date": "2024-05-19-02-00-00", "latency": 177}, {"date": "2024-05-19-02-00-00", "latency": 177}, {"date": "2024-05-19-02-00-00", "latency": 177}, {"date": "2024-05-19-02-00-00", "latency": 177}, {"date": "2024-05-19-02-00-00", "latency": 177}, {"date": "2024-05-19-02-00-00", "latency": 177}, {"date": "2024-05-19-02-00-00", "latency": 177}, {"date": "2024-05-19-02-00-00", "latency": 177}]}, {"location": {"country_code": "tj"}, "game_id": "314852", "values": [{"date": "2024-05-19-06-00-00", "latency": 56}, {"date": "2024-05-19-06-00-00", "latency": 56}, {"date": "2024-05-19-06-00-00", "latency": 56}, {"date": "2024-05-19-06-00-00", "latency": 56}, {"date": "2024-05-19-06-00-00", "latency": 56}, {"date": "2024-05-19-06-00-00", "latency": 56}]}, {"location": {"country_code": "jp", "region": "Shiribeshi", "city": "Niki"}, "game_id": "314852", "values": [{"date": "2024-05-19-22-00-00", "latency": 35}, {"date": "2024-05-19-22-00-00", "latency": 35}, {"date": "2024-05-19-22-00-00", "latency": 35}]}, {"location": {"country_code": "gb", "region": "England", "city": "Sunderland"}, "game_id": "314852", "values": [{"date": "2024-05-20-01-00-00", "latency": 45}]}, {"location": {"country_code": "es", "region": "Canary Islands", "city": "Telde"}, "game_id": "314852", "values": [{"date": "2024-05-19-16-00-00", "latency": 73}, {"date": "2024-05-19-16-00-00", "latency": 73}, {"date": "2024-05-19-16-00-00", "latency": 73}, {"date": "2024-05-19-16-00-00", "latency": 73}, {"date": "2024-05-19-16-00-00", "latency": 73}, {"date": "2024-05-19-16-00-00", "latency": 73}, {"date": "2024-05-19-16-00-00", "latency": 73}]}, {"location": {"country_code": "at", "region": "Upper Austria", "city": "Wels"}, "game_id": "314852", "values": [{"date": "2024-05-19-21-00-00", "latency": 39}, {"date": "2024-05-19-21-00-00", "latency": 39}, {"date": "2024-05-19-21-00-00", "latency": 39}, {"date": "2024-05-19-21-00-00", "latency": 39}, {"date": "2024-05-19-21-00-00", "latency": 39}, {"date": "2024-05-19-21-00-00", "latency": 39}]}, {"location": {"country_code": "ph", "region": "National Capital Region", "city": "Mandaluyong"}, "game_id": "314852", "values": [{"date": "2024-05-19-09-00-00", "latency": 272}]}], "last_updated": 1719925863.077661}