{"data": [{"location": {"country_code": "de", "region": "Berlin", "city": "Berlin"}, "game_id": "135305", "values": [{"date": "2021-11-14-09-00-00", "latency": 16}, {"date": "2021-11-14-09-00-00", "latency": 16}]}, {"location": {"country_code": "gb"}, "game_id": "135305", "values": [{"date": "2021-11-14-20-00-00", "latency": 10}, {"date": "2021-11-14-19-00-00", "latency": 35}, {"date": "2021-11-14-19-00-00", "latency": 35}]}, {"location": {"country_code": "it"}, "game_id": "135305", "values": [{"date": "2021-11-14-17-00-00", "latency": 6}]}, {"location": {"country_code": "ro"}, "game_id": "135305", "values": [{"date": "2021-11-14-17-00-00", "latency": 40}]}, {"location": {"country_code": "ca"}, "game_id": "135305", "values": [{"date": "2021-11-14-20-00-00", "latency": 3}]}, {"location": {"country_code": "de"}, "game_id": "135305", "values": [{"date": "2021-11-14-22-00-00", "latency": 16}]}, {"location": {"country_code": "gb", "region": "England"}, "game_id": "135305", "values": [{"date": "2021-11-14-21-00-00", "latency": 25}]}, {"location": {"country_code": "ph"}, "game_id": "135305", "values": [{"date": "2021-11-14-08-00-00", "latency": 7}]}, {"location": {"country_code": "mx"}, "game_id": "135305", "values": [{"date": "2021-11-14-02-00-00", "latency": 22}]}, {"location": {"country_code": "mx", "region": "Jalisco"}, "game_id": "135305", "values": [{"date": "2021-11-14-06-00-00", "latency": 72}]}, {"location": {"country_code": "us", "region": "California"}, "game_id": "135305", "values": [{"date": "2021-11-14-02-00-00", "latency": 4}]}, {"location": {"country_code": "br", "region": "Sao Paulo", "city": "Barretos"}, "game_id": "135305", "values": [{"date": "2021-11-14-23-00-00", "latency": 1}]}, {"location": {"country_code": "br", "region": "Sao Paulo", "city": "Apiai"}, "game_id": "135305", "values": [{"date": "2021-11-14-20-00-00", "latency": 42}, {"date": "2021-11-14-23-00-00", "latency": 144}, {"date": "2021-11-14-10-00-00", "latency": 38}]}, {"location": {"country_code": "au"}, "game_id": "135305", "values": [{"date": "2021-11-14-08-00-00", "latency": 30}, {"date": "2021-11-14-08-00-00", "latency": 30}, {"date": "2021-11-14-08-00-00", "latency": 30}, {"date": "2021-11-14-08-00-00", "latency": 30}, {"date": "2021-11-14-08-00-00", "latency": 30}, {"date": "2021-11-14-08-00-00", "latency": 30}]}, {"location": {"country_code": "es"}, "game_id": "135305", "values": [{"date": "2021-11-14-18-00-00", "latency": 49}, {"date": "2021-11-14-18-00-00", "latency": 49}, {"date": "2021-11-14-18-00-00", "latency": 49}]}, {"location": {"country_code": "ru", "region": "Moscow", "city": "Zelenograd"}, "game_id": "135305", "values": [{"date": "2021-11-14-16-00-00", "latency": 3}, {"date": "2021-11-14-16-00-00", "latency": 3}]}, {"location": {"country_code": "pe", "region": "Lima region", "city": "Nuevo Lince"}, "game_id": "135305", "values": [{"date": "2021-11-14-09-00-00", "latency": 9}]}, {"location": {"country_code": "us", "region": "Arizona"}, "game_id": "135305", "values": [{"date": "2021-11-14-08-00-00", "latency": 63}, {"date": "2021-11-14-08-00-00", "latency": 63}, {"date": "2021-11-14-08-00-00", "latency": 63}]}, {"location": {"country_code": "ru"}, "game_id": "135305", "values": [{"date": "2021-11-14-19-00-00", "latency": 7}]}, {"location": {"country_code": "my"}, "game_id": "135305", "values": [{"date": "2021-11-14-17-00-00", "latency": 78}]}, {"location": {"country_code": "us", "region": "Wisconsin"}, "game_id": "135305", "values": [{"date": "2021-11-14-07-00-00", "latency": 4}]}, {"location": {"country_code": "br", "region": "State of Rio de Janeiro", "city": "Angra dos Reis"}, "game_id": "135305", "values": [{"date": "2021-11-14-19-00-00", "latency": 128}]}, {"location": {"country_code": "pt", "region": "Lisbon District", "city": "Amadora"}, "game_id": "135305", "values": [{"date": "2021-11-14-19-00-00", "latency": 9}, {"date": "2021-11-14-19-00-00", "latency": 9}]}, {"location": {"country_code": "ca", "region": "British Columbia", "city": "Richmond"}, "game_id": "135305", "values": [{"date": "2021-11-14-11-00-00", "latency": 73}, {"date": "2021-11-14-11-00-00", "latency": 73}, {"date": "2021-11-14-11-00-00", "latency": 73}]}, {"location": {"country_code": "ca", "region": "British Columbia"}, "game_id": "135305", "values": [{"date": "2021-11-14-06-00-00", "latency": 8}]}, {"location": {"country_code": "us", "region": "Washington", "city": "Seattle"}, "game_id": "135305", "values": [{"date": "2021-11-14-13-00-00", "latency": 8}]}, {"location": {"country_code": "es", "region": "Balearic Islands", "city": "Palma"}, "game_id": "135305", "values": [{"date": "2021-11-14-19-00-00", "latency": 2}]}, {"location": {"country_code": "ru", "region": "Vladimir Oblast", "city": "Vladimir"}, "game_id": "135305", "values": [{"date": "2021-11-14-15-00-00", "latency": 61}]}, {"location": {"country_code": "br", "region": "Sao Paulo", "city": "Sertaozinho"}, "game_id": "135305", "values": [{"date": "2021-11-14-20-00-00", "latency": 35}]}, {"location": {"country_code": "br", "region": "Sao Paulo", "city": "Guaruja"}, "game_id": "135305", "values": [{"date": "2021-11-14-12-00-00", "latency": 128}]}, {"location": {"country_code": "br", "region": "Paraiba", "city": "Itabaiana"}, "game_id": "135305", "values": [{"date": "2021-11-14-10-00-00", "latency": 14}]}], "last_updated": 1719919350.803135}