{"data": [{"location": {"country_code": "ph"}, "game_id": "135305", "values": [{"date": "2024-03-18-12-00-00", "latency": 1}]}, {"location": {"country_code": "mx"}, "game_id": "135305", "values": [{"date": "2024-03-18-20-00-00", "latency": 9}]}, {"location": {"country_code": "in"}, "game_id": "135305", "values": [{"date": "2024-03-18-20-00-00", "latency": 75}]}, {"location": {"country_code": "br"}, "game_id": "135305", "values": [{"date": "2024-03-18-21-00-00", "latency": 9}, {"date": "2024-03-18-23-00-00", "latency": 18}]}, {"location": {"country_code": "se"}, "game_id": "135305", "values": [{"date": "2024-03-18-10-00-00", "latency": 132}]}, {"location": {"country_code": "ar"}, "game_id": "135305", "values": [{"date": "2024-03-18-06-00-00", "latency": 49}, {"date": "2024-03-18-06-00-00", "latency": 49}]}, {"location": {"country_code": "pe", "region": "Lima region", "city": "Lima"}, "game_id": "135305", "values": [{"date": "2024-03-18-04-00-00", "latency": 0}]}], "last_updated": 1719919351.49039}