{"data": [{"location": {"country_code": "us"}, "game_id": "970338", "values": [{"date": "2023-12-01-16-00-00", "latency": 179}, {"date": "2023-12-01-16-00-00", "latency": 179}, {"date": "2023-12-01-19-00-00", "latency": 80}, {"date": "2023-12-01-19-00-00", "latency": 80}, {"date": "2023-12-01-19-00-00", "latency": 80}, {"date": "2023-12-01-19-00-00", "latency": 80}, {"date": "2023-12-01-19-00-00", "latency": 80}, {"date": "2023-12-01-19-00-00", "latency": 80}, {"date": "2023-12-01-19-00-00", "latency": 80}, {"date": "2023-12-01-02-00-00", "latency": 94}, {"date": "2023-12-01-02-00-00", "latency": 94}]}, {"location": {"country_code": "jp"}, "game_id": "970338", "values": [{"date": "2023-12-01-14-00-00", "latency": 37}, {"date": "2023-12-01-14-00-00", "latency": 37}, {"date": "2023-12-01-14-00-00", "latency": 37}, {"date": "2023-12-01-14-00-00", "latency": 37}, {"date": "2023-12-01-14-00-00", "latency": 37}, {"date": "2023-12-01-14-00-00", "latency": 37}, {"date": "2023-12-01-14-00-00", "latency": 37}, {"date": "2023-12-01-14-00-00", "latency": 37}, {"date": "2023-12-01-14-00-00", "latency": 37}, {"date": "2023-12-01-14-00-00", "latency": 37}, {"date": "2023-12-01-14-00-00", "latency": 37}]}, {"location": {"country_code": "de"}, "game_id": "970338", "values": [{"date": "2023-12-01-20-00-00", "latency": 35}, {"date": "2023-12-01-20-00-00", "latency": 35}, {"date": "2023-12-01-20-00-00", "latency": 35}, {"date": "2023-12-01-20-00-00", "latency": 35}, {"date": "2023-12-01-20-00-00", "latency": 35}, {"date": "2023-12-01-20-00-00", "latency": 35}, {"date": "2023-12-01-20-00-00", "latency": 35}, {"date": "2023-12-02-00-00-00", "latency": 28}, {"date": "2023-12-02-00-00-00", "latency": 28}, {"date": "2023-12-02-00-00-00", "latency": 28}, {"date": "2023-12-02-00-00-00", "latency": 28}, {"date": "2023-12-02-00-00-00", "latency": 28}, {"date": "2023-12-02-00-00-00", "latency": 28}, {"date": "2023-12-02-00-00-00", "latency": 28}, {"date": "2023-12-02-00-00-00", "latency": 28}, {"date": "2023-12-02-00-00-00", "latency": 28}, {"date": "2023-12-02-00-00-00", "latency": 28}, {"date": "2023-12-02-00-00-00", "latency": 28}, {"date": "2023-12-02-00-00-00", "latency": 28}, {"date": "2023-12-02-00-00-00", "latency": 28}, {"date": "2023-12-01-17-00-00", "latency": 32}, {"date": "2023-12-01-17-00-00", "latency": 32}, {"date": "2023-12-01-17-00-00", "latency": 32}, {"date": "2023-12-01-17-00-00", "latency": 32}, {"date": "2023-12-01-17-00-00", "latency": 32}, {"date": "2023-12-01-17-00-00", "latency": 32}, {"date": "2023-12-01-20-00-00", "latency": 33}, {"date": "2023-12-01-20-00-00", "latency": 33}, {"date": "2023-12-01-20-00-00", "latency": 33}, {"date": "2023-12-01-20-00-00", "latency": 33}, {"date": "2023-12-01-20-00-00", "latency": 33}, {"date": "2023-12-01-20-00-00", "latency": 33}, {"date": "2023-12-01-20-00-00", "latency": 33}]}, {"location": {"country_code": "tw"}, "game_id": "970338", "values": [{"date": "2023-12-01-07-00-00", "latency": 227}]}, {"location": {"country_code": "fr"}, "game_id": "970338", "values": [{"date": "2023-12-01-16-00-00", "latency": 63}, {"date": "2023-12-01-16-00-00", "latency": 63}, {"date": "2023-12-01-16-00-00", "latency": 63}, {"date": "2023-12-01-23-00-00", "latency": 26}, {"date": "2023-12-01-23-00-00", "latency": 26}, {"date": "2023-12-01-23-00-00", "latency": 26}, {"date": "2023-12-01-23-00-00", "latency": 26}, {"date": "2023-12-01-23-00-00", "latency": 26}, {"date": "2023-12-01-23-00-00", "latency": 26}, {"date": "2023-12-01-21-00-00", "latency": 32}, {"date": "2023-12-01-21-00-00", "latency": 32}, {"date": "2023-12-01-21-00-00", "latency": 32}, {"date": "2023-12-01-21-00-00", "latency": 32}, {"date": "2023-12-01-21-00-00", "latency": 32}, {"date": "2023-12-01-21-00-00", "latency": 32}, {"date": "2023-12-01-21-00-00", "latency": 32}, {"date": "2023-12-01-21-00-00", "latency": 32}, {"date": "2023-12-01-21-00-00", "latency": 32}, {"date": "2023-12-01-21-00-00", "latency": 32}, {"date": "2023-12-01-21-00-00", "latency": 32}, {"date": "2023-12-01-21-00-00", "latency": 32}, {"date": "2023-12-01-21-00-00", "latency": 32}, {"date": "2023-12-01-21-00-00", "latency": 32}]}, {"location": {"country_code": "us", "region": "New Jersey"}, "game_id": "970338", "values": [{"date": "2023-12-01-06-00-00", "latency": 10}, {"date": "2023-12-01-06-00-00", "latency": 10}, {"date": "2023-12-01-06-00-00", "latency": 10}, {"date": "2023-12-01-06-00-00", "latency": 10}]}, {"location": {"country_code": "br"}, "game_id": "970338", "values": [{"date": "2023-12-01-07-00-00", "latency": 143}, {"date": "2023-12-01-07-00-00", "latency": 143}]}, {"location": {"country_code": "tr"}, "game_id": "970338", "values": [{"date": "2023-12-01-18-00-00", "latency": 60}]}, {"location": {"country_code": "de", "region": "Hesse"}, "game_id": "970338", "values": [{"date": "2023-12-01-14-00-00", "latency": 34}, {"date": "2023-12-01-14-00-00", "latency": 34}]}, {"location": {"country_code": "de", "region": "Free and Hanseatic City of Hamburg", "city": "Hamburg"}, "game_id": "970338", "values": [{"date": "2023-12-02-00-00-00", "latency": 37}, {"date": "2023-12-02-00-00-00", "latency": 37}, {"date": "2023-12-02-00-00-00", "latency": 37}, {"date": "2023-12-02-00-00-00", "latency": 37}, {"date": "2023-12-02-00-00-00", "latency": 37}, {"date": "2023-12-02-00-00-00", "latency": 37}, {"date": "2023-12-02-00-00-00", "latency": 37}]}, {"location": {"country_code": "at"}, "game_id": "970338", "values": [{"date": "2023-12-01-21-00-00", "latency": 81}, {"date": "2023-12-01-21-00-00", "latency": 81}, {"date": "2023-12-01-21-00-00", "latency": 81}, {"date": "2023-12-01-21-00-00", "latency": 81}, {"date": "2023-12-01-21-00-00", "latency": 81}, {"date": "2023-12-01-21-00-00", "latency": 81}, {"date": "2023-12-01-21-00-00", "latency": 81}, {"date": "2023-12-01-21-00-00", "latency": 81}, {"date": "2023-12-01-21-00-00", "latency": 81}, {"date": "2023-12-01-21-00-00", "latency": 81}, {"date": "2023-12-01-21-00-00", "latency": 81}, {"date": "2023-12-01-21-00-00", "latency": 81}, {"date": "2023-12-01-21-00-00", "latency": 81}, {"date": "2023-12-01-21-00-00", "latency": 81}, {"date": "2023-12-01-21-00-00", "latency": 81}, {"date": "2023-12-01-21-00-00", "latency": 81}, {"date": "2023-12-01-21-00-00", "latency": 81}, {"date": "2023-12-01-21-00-00", "latency": 81}, {"date": "2023-12-01-21-00-00", "latency": 81}, {"date": "2023-12-01-21-00-00", "latency": 81}, {"date": "2023-12-01-21-00-00", "latency": 81}, {"date": "2023-12-01-21-00-00", "latency": 81}, {"date": "2023-12-01-21-00-00", "latency": 81}, {"date": "2023-12-01-21-00-00", "latency": 81}, {"date": "2023-12-01-21-00-00", "latency": 81}, {"date": "2023-12-01-21-00-00", "latency": 81}, {"date": "2023-12-01-21-00-00", "latency": 81}, {"date": "2023-12-01-21-00-00", "latency": 81}, {"date": "2023-12-01-21-00-00", "latency": 81}, {"date": "2023-12-01-21-00-00", "latency": 81}, {"date": "2023-12-01-21-00-00", "latency": 81}, {"date": "2023-12-01-21-00-00", "latency": 81}]}, {"location": {"country_code": "us", "region": "Arizona", "city": "Phoenix"}, "game_id": "970338", "values": [{"date": "2023-12-01-22-00-00", "latency": 83}, {"date": "2023-12-01-22-00-00", "latency": 83}, {"date": "2023-12-01-22-00-00", "latency": 83}, {"date": "2023-12-01-22-00-00", "latency": 83}, {"date": "2023-12-01-22-00-00", "latency": 83}, {"date": "2023-12-01-22-00-00", "latency": 83}, {"date": "2023-12-01-22-00-00", "latency": 83}, {"date": "2023-12-01-22-00-00", "latency": 83}, {"date": "2023-12-01-22-00-00", "latency": 83}, {"date": "2023-12-01-22-00-00", "latency": 83}, {"date": "2023-12-01-22-00-00", "latency": 83}, {"date": "2023-12-01-22-00-00", "latency": 83}, {"date": "2023-12-01-22-00-00", "latency": 83}, {"date": "2023-12-01-22-00-00", "latency": 83}]}, {"location": {"country_code": "us", "region": "Nevada", "city": "Las Vegas"}, "game_id": "970338", "values": [{"date": "2023-12-01-20-00-00", "latency": 74}, {"date": "2023-12-01-20-00-00", "latency": 74}, {"date": "2023-12-01-20-00-00", "latency": 74}, {"date": "2023-12-01-20-00-00", "latency": 74}]}, {"location": {"country_code": "cn", "region": "Shanghai Municipality", "city": "Jinshan"}, "game_id": "970338", "values": [{"date": "2023-12-01-21-00-00", "latency": 34}, {"date": "2023-12-01-21-00-00", "latency": 34}, {"date": "2023-12-01-21-00-00", "latency": 34}, {"date": "2023-12-01-21-00-00", "latency": 34}, {"date": "2023-12-01-21-00-00", "latency": 34}, {"date": "2023-12-01-21-00-00", "latency": 34}, {"date": "2023-12-01-21-00-00", "latency": 34}, {"date": "2023-12-01-21-00-00", "latency": 34}, {"date": "2023-12-01-21-00-00", "latency": 34}, {"date": "2023-12-01-21-00-00", "latency": 34}, {"date": "2023-12-01-21-00-00", "latency": 34}, {"date": "2023-12-01-21-00-00", "latency": 34}, {"date": "2023-12-01-21-00-00", "latency": 34}, {"date": "2023-12-01-21-00-00", "latency": 34}, {"date": "2023-12-01-21-00-00", "latency": 34}, {"date": "2023-12-01-21-00-00", "latency": 34}, {"date": "2023-12-01-21-00-00", "latency": 34}, {"date": "2023-12-01-21-00-00", "latency": 34}, {"date": "2023-12-01-21-00-00", "latency": 34}, {"date": "2023-12-01-21-00-00", "latency": 34}, {"date": "2023-12-01-21-00-00", "latency": 34}, {"date": "2023-12-01-21-00-00", "latency": 34}, {"date": "2023-12-01-21-00-00", "latency": 34}, {"date": "2023-12-01-21-00-00", "latency": 34}, {"date": "2023-12-01-21-00-00", "latency": 34}, {"date": "2023-12-01-21-00-00", "latency": 34}, {"date": "2023-12-01-21-00-00", "latency": 34}, {"date": "2023-12-01-21-00-00", "latency": 34}, {"date": "2023-12-01-21-00-00", "latency": 34}, {"date": "2023-12-01-21-00-00", "latency": 34}, {"date": "2023-12-01-21-00-00", "latency": 34}, {"date": "2023-12-01-21-00-00", "latency": 34}, {"date": "2023-12-01-21-00-00", "latency": 34}]}, {"location": {"country_code": "by"}, "game_id": "970338", "values": [{"date": "2023-12-01-20-00-00", "latency": 42}, {"date": "2023-12-01-20-00-00", "latency": 42}, {"date": "2023-12-01-20-00-00", "latency": 42}, {"date": "2023-12-01-20-00-00", "latency": 42}, {"date": "2023-12-01-20-00-00", "latency": 42}, {"date": "2023-12-01-20-00-00", "latency": 42}, {"date": "2023-12-01-20-00-00", "latency": 42}, {"date": "2023-12-01-20-00-00", "latency": 42}, {"date": "2023-12-01-20-00-00", "latency": 42}, {"date": "2023-12-01-20-00-00", "latency": 42}, {"date": "2023-12-01-20-00-00", "latency": 42}, {"date": "2023-12-01-20-00-00", "latency": 42}, {"date": "2023-12-01-20-00-00", "latency": 42}, {"date": "2023-12-01-20-00-00", "latency": 42}, {"date": "2023-12-01-20-00-00", "latency": 42}, {"date": "2023-12-01-20-00-00", "latency": 42}, {"date": "2023-12-01-20-00-00", "latency": 42}, {"date": "2023-12-01-20-00-00", "latency": 42}, {"date": "2023-12-01-20-00-00", "latency": 42}, {"date": "2023-12-01-20-00-00", "latency": 42}, {"date": "2023-12-01-20-00-00", "latency": 42}, {"date": "2023-12-01-20-00-00", "latency": 42}, {"date": "2023-12-01-20-00-00", "latency": 42}, {"date": "2023-12-01-20-00-00", "latency": 42}, {"date": "2023-12-01-20-00-00", "latency": 42}, {"date": "2023-12-01-20-00-00", "latency": 42}, {"date": "2023-12-01-20-00-00", "latency": 42}, {"date": "2023-12-01-20-00-00", "latency": 42}, {"date": "2023-12-01-20-00-00", "latency": 42}, {"date": "2023-12-01-20-00-00", "latency": 42}]}, {"location": {"country_code": "fr", "region": "Alsazia-Champagne-Ardenne-Lorena"}, "game_id": "970338", "values": [{"date": "2023-12-02-00-00-00", "latency": 43}, {"date": "2023-12-02-00-00-00", "latency": 43}, {"date": "2023-12-02-00-00-00", "latency": 43}, {"date": "2023-12-02-00-00-00", "latency": 43}, {"date": "2023-12-02-00-00-00", "latency": 43}, {"date": "2023-12-02-00-00-00", "latency": 43}, {"date": "2023-12-02-00-00-00", "latency": 43}, {"date": "2023-12-02-00-00-00", "latency": 43}]}, {"location": {"country_code": "de", "region": "Lower Saxony"}, "game_id": "970338", "values": [{"date": "2023-12-01-16-00-00", "latency": 27}, {"date": "2023-12-01-16-00-00", "latency": 27}, {"date": "2023-12-01-16-00-00", "latency": 27}, {"date": "2023-12-01-16-00-00", "latency": 27}, {"date": "2023-12-01-16-00-00", "latency": 27}, {"date": "2023-12-01-16-00-00", "latency": 27}, {"date": "2023-12-01-16-00-00", "latency": 27}]}, {"location": {"country_code": "us", "region": "State of Wyoming"}, "game_id": "970338", "values": [{"date": "2023-12-02-01-00-00", "latency": 126}, {"date": "2023-12-02-01-00-00", "latency": 126}, {"date": "2023-12-02-01-00-00", "latency": 126}]}, {"location": {"country_code": "de", "region": "Saxony-Anhalt"}, "game_id": "970338", "values": [{"date": "2023-12-01-18-00-00", "latency": 71}, {"date": "2023-12-01-18-00-00", "latency": 71}, {"date": "2023-12-01-18-00-00", "latency": 71}, {"date": "2023-12-01-18-00-00", "latency": 71}, {"date": "2023-12-01-18-00-00", "latency": 71}, {"date": "2023-12-01-18-00-00", "latency": 71}, {"date": "2023-12-01-18-00-00", "latency": 71}, {"date": "2023-12-01-18-00-00", "latency": 71}, {"date": "2023-12-01-18-00-00", "latency": 71}, {"date": "2023-12-01-18-00-00", "latency": 71}, {"date": "2023-12-01-18-00-00", "latency": 71}, {"date": "2023-12-01-18-00-00", "latency": 71}]}, {"location": {"country_code": "ar", "region": "Cordoba Province", "city": "Rio Cuarto"}, "game_id": "970338", "values": [{"date": "2023-12-01-16-00-00", "latency": 266}]}, {"location": {"country_code": "ru", "region": "Moscow Oblast", "city": "Dolgoprudny"}, "game_id": "970338", "values": [{"date": "2023-12-01-22-00-00", "latency": 124}, {"date": "2023-12-01-22-00-00", "latency": 124}, {"date": "2023-12-01-22-00-00", "latency": 124}, {"date": "2023-12-01-22-00-00", "latency": 124}, {"date": "2023-12-01-22-00-00", "latency": 124}, {"date": "2023-12-01-22-00-00", "latency": 124}, {"date": "2023-12-01-22-00-00", "latency": 124}, {"date": "2023-12-01-22-00-00", "latency": 124}, {"date": "2023-12-01-22-00-00", "latency": 124}, {"date": "2023-12-01-22-00-00", "latency": 124}, {"date": "2023-12-01-22-00-00", "latency": 124}, {"date": "2023-12-01-22-00-00", "latency": 124}, {"date": "2023-12-01-22-00-00", "latency": 124}, {"date": "2023-12-01-22-00-00", "latency": 124}, {"date": "2023-12-01-22-00-00", "latency": 124}, {"date": "2023-12-01-22-00-00", "latency": 124}, {"date": "2023-12-01-22-00-00", "latency": 124}, {"date": "2023-12-01-22-00-00", "latency": 124}, {"date": "2023-12-01-22-00-00", "latency": 124}]}, {"location": {"country_code": "de", "region": "Baden-Wurttemberg", "city": "Stuttgart"}, "game_id": "970338", "values": [{"date": "2023-12-01-19-00-00", "latency": 25}, {"date": "2023-12-01-19-00-00", "latency": 25}, {"date": "2023-12-01-19-00-00", "latency": 25}, {"date": "2023-12-01-19-00-00", "latency": 25}, {"date": "2023-12-01-19-00-00", "latency": 25}, {"date": "2023-12-01-19-00-00", "latency": 25}, {"date": "2023-12-01-19-00-00", "latency": 25}, {"date": "2023-12-01-19-00-00", "latency": 25}, {"date": "2023-12-01-19-00-00", "latency": 25}, {"date": "2023-12-01-19-00-00", "latency": 25}, {"date": "2023-12-01-19-00-00", "latency": 25}, {"date": "2023-12-01-19-00-00", "latency": 25}, {"date": "2023-12-01-19-00-00", "latency": 25}, {"date": "2023-12-01-19-00-00", "latency": 25}, {"date": "2023-12-01-19-00-00", "latency": 25}, {"date": "2023-12-01-19-00-00", "latency": 25}, {"date": "2023-12-01-19-00-00", "latency": 25}, {"date": "2023-12-01-19-00-00", "latency": 25}, {"date": "2023-12-01-19-00-00", "latency": 25}, {"date": "2023-12-01-19-00-00", "latency": 25}]}, {"location": {"country_code": "be", "region": "Brussels Capital", "city": "Brussels"}, "game_id": "970338", "values": [{"date": "2023-12-01-06-00-00", "latency": 98}, {"date": "2023-12-01-06-00-00", "latency": 98}, {"date": "2023-12-01-06-00-00", "latency": 98}, {"date": "2023-12-01-06-00-00", "latency": 98}, {"date": "2023-12-01-06-00-00", "latency": 98}, {"date": "2023-12-01-06-00-00", "latency": 98}]}, {"location": {"country_code": "ma"}, "game_id": "970338", "values": [{"date": "2023-12-02-01-00-00", "latency": 39}, {"date": "2023-12-02-01-00-00", "latency": 39}, {"date": "2023-12-02-01-00-00", "latency": 39}, {"date": "2023-12-02-01-00-00", "latency": 39}, {"date": "2023-12-02-01-00-00", "latency": 39}, {"date": "2023-12-02-01-00-00", "latency": 39}, {"date": "2023-12-02-01-00-00", "latency": 39}, {"date": "2023-12-02-01-00-00", "latency": 39}, {"date": "2023-12-02-01-00-00", "latency": 39}, {"date": "2023-12-02-01-00-00", "latency": 39}, {"date": "2023-12-02-01-00-00", "latency": 39}, {"date": "2023-12-02-01-00-00", "latency": 39}, {"date": "2023-12-02-01-00-00", "latency": 39}, {"date": "2023-12-02-01-00-00", "latency": 39}, {"date": "2023-12-02-01-00-00", "latency": 39}, {"date": "2023-12-02-01-00-00", "latency": 39}, {"date": "2023-12-02-01-00-00", "latency": 39}, {"date": "2023-12-02-01-00-00", "latency": 39}, {"date": "2023-12-02-01-00-00", "latency": 39}, {"date": "2023-12-02-01-00-00", "latency": 39}, {"date": "2023-12-02-01-00-00", "latency": 39}, {"date": "2023-12-02-01-00-00", "latency": 39}, {"date": "2023-12-02-01-00-00", "latency": 39}, {"date": "2023-12-02-01-00-00", "latency": 39}, {"date": "2023-12-02-01-00-00", "latency": 39}, {"date": "2023-12-02-01-00-00", "latency": 39}]}, {"location": {"country_code": "cz", "region": "Olomoucky kraj", "city": "Olomouc"}, "game_id": "970338", "values": [{"date": "2023-12-02-00-00-00", "latency": 33}, {"date": "2023-12-02-00-00-00", "latency": 33}, {"date": "2023-12-02-00-00-00", "latency": 33}, {"date": "2023-12-02-00-00-00", "latency": 33}, {"date": "2023-12-02-00-00-00", "latency": 33}, {"date": "2023-12-02-00-00-00", "latency": 33}, {"date": "2023-12-02-00-00-00", "latency": 33}, {"date": "2023-12-02-00-00-00", "latency": 33}]}, {"location": {"country_code": "us", "region": "Mississippi", "city": "Pascagoula"}, "game_id": "970338", "values": [{"date": "2023-12-01-04-00-00", "latency": 72}, {"date": "2023-12-01-04-00-00", "latency": 72}, {"date": "2023-12-01-04-00-00", "latency": 72}, {"date": "2023-12-01-04-00-00", "latency": 72}, {"date": "2023-12-01-04-00-00", "latency": 72}, {"date": "2023-12-01-04-00-00", "latency": 72}, {"date": "2023-12-01-04-00-00", "latency": 72}, {"date": "2023-12-01-04-00-00", "latency": 72}, {"date": "2023-12-01-04-00-00", "latency": 72}, {"date": "2023-12-01-04-00-00", "latency": 72}, {"date": "2023-12-01-04-00-00", "latency": 72}, {"date": "2023-12-01-04-00-00", "latency": 72}, {"date": "2023-12-01-04-00-00", "latency": 72}, {"date": "2023-12-01-04-00-00", "latency": 72}, {"date": "2023-12-01-04-00-00", "latency": 72}, {"date": "2023-12-01-04-00-00", "latency": 72}, {"date": "2023-12-01-04-00-00", "latency": 72}, {"date": "2023-12-01-04-00-00", "latency": 72}]}], "last_updated": 1719926523.023563}