{"data": [{"location": {"country_code": "us"}, "game_id": "762836", "values": [{"date": "2023-12-21-08-00-00", "latency": 92}, {"date": "2023-12-21-07-00-00", "latency": 46}, {"date": "2023-12-21-07-00-00", "latency": 46}, {"date": "2023-12-21-07-00-00", "latency": 46}, {"date": "2023-12-21-07-00-00", "latency": 46}, {"date": "2023-12-21-10-00-00", "latency": 57}, {"date": "2023-12-21-04-00-00", "latency": 98}, {"date": "2023-12-21-04-00-00", "latency": 98}, {"date": "2023-12-21-04-00-00", "latency": 98}, {"date": "2023-12-21-04-00-00", "latency": 98}, {"date": "2023-12-21-04-00-00", "latency": 98}, {"date": "2023-12-21-04-00-00", "latency": 98}, {"date": "2023-12-21-04-00-00", "latency": 98}, {"date": "2023-12-21-04-00-00", "latency": 98}, {"date": "2023-12-21-04-00-00", "latency": 98}, {"date": "2023-12-21-04-00-00", "latency": 98}, {"date": "2023-12-21-05-00-00", "latency": 38}]}, {"location": {"country_code": "gb"}, "game_id": "762836", "values": [{"date": "2023-12-21-02-00-00", "latency": 34}]}, {"location": {"country_code": "gb", "region": "England", "city": "Sheffield"}, "game_id": "762836", "values": [{"date": "2023-12-22-00-00-00", "latency": 84}, {"date": "2023-12-22-00-00-00", "latency": 84}, {"date": "2023-12-22-00-00-00", "latency": 84}, {"date": "2023-12-22-00-00-00", "latency": 84}]}, {"location": {"country_code": "it"}, "game_id": "762836", "values": [{"date": "2023-12-21-16-00-00", "latency": 50}, {"date": "2023-12-21-16-00-00", "latency": 50}, {"date": "2023-12-21-16-00-00", "latency": 50}, {"date": "2023-12-21-16-00-00", "latency": 50}, {"date": "2023-12-21-16-00-00", "latency": 50}, {"date": "2023-12-21-16-00-00", "latency": 50}, {"date": "2023-12-21-16-00-00", "latency": 50}, {"date": "2023-12-21-16-00-00", "latency": 50}, {"date": "2023-12-21-16-00-00", "latency": 50}, {"date": "2023-12-21-16-00-00", "latency": 50}, {"date": "2023-12-21-16-00-00", "latency": 50}, {"date": "2023-12-21-16-00-00", "latency": 50}, {"date": "2023-12-21-16-00-00", "latency": 50}, {"date": "2023-12-21-16-00-00", "latency": 50}, {"date": "2023-12-21-16-00-00", "latency": 50}, {"date": "2023-12-21-16-00-00", "latency": 50}, {"date": "2023-12-21-02-00-00", "latency": 82}, {"date": "2023-12-21-02-00-00", "latency": 82}, {"date": "2023-12-21-02-00-00", "latency": 82}, {"date": "2023-12-21-02-00-00", "latency": 82}, {"date": "2023-12-21-02-00-00", "latency": 82}, {"date": "2023-12-21-02-00-00", "latency": 82}, {"date": "2023-12-21-02-00-00", "latency": 82}, {"date": "2023-12-21-02-00-00", "latency": 82}, {"date": "2023-12-21-02-00-00", "latency": 82}, {"date": "2023-12-21-02-00-00", "latency": 82}, {"date": "2023-12-21-02-00-00", "latency": 82}, {"date": "2023-12-21-02-00-00", "latency": 82}, {"date": "2023-12-21-23-00-00", "latency": 69}, {"date": "2023-12-21-23-00-00", "latency": 69}, {"date": "2023-12-21-23-00-00", "latency": 69}, {"date": "2023-12-21-23-00-00", "latency": 69}]}, {"location": {"country_code": "ca"}, "game_id": "762836", "values": [{"date": "2023-12-21-02-00-00", "latency": 67}, {"date": "2023-12-21-02-00-00", "latency": 67}, {"date": "2023-12-21-06-00-00", "latency": 37}, {"date": "2023-12-21-06-00-00", "latency": 37}, {"date": "2023-12-21-06-00-00", "latency": 37}]}, {"location": {"country_code": "de"}, "game_id": "762836", "values": [{"date": "2023-12-21-07-00-00", "latency": 71}, {"date": "2023-12-21-07-00-00", "latency": 71}, {"date": "2023-12-21-07-00-00", "latency": 71}, {"date": "2023-12-21-07-00-00", "latency": 71}, {"date": "2023-12-21-07-00-00", "latency": 71}, {"date": "2023-12-21-07-00-00", "latency": 71}, {"date": "2023-12-22-01-00-00", "latency": 58}, {"date": "2023-12-22-01-00-00", "latency": 58}]}, {"location": {"country_code": "gb", "region": "England"}, "game_id": "762836", "values": [{"date": "2023-12-22-01-00-00", "latency": 49}, {"date": "2023-12-22-01-00-00", "latency": 49}]}, {"location": {"country_code": "us", "region": "Texas"}, "game_id": "762836", "values": [{"date": "2023-12-21-07-00-00", "latency": 45}]}, {"location": {"country_code": "ph"}, "game_id": "762836", "values": [{"date": "2023-12-21-18-00-00", "latency": 61}, {"date": "2023-12-21-18-00-00", "latency": 61}, {"date": "2023-12-21-18-00-00", "latency": 61}, {"date": "2023-12-21-18-00-00", "latency": 61}]}, {"location": {"country_code": "fr"}, "game_id": "762836", "values": [{"date": "2023-12-21-17-00-00", "latency": 45}, {"date": "2023-12-21-18-00-00", "latency": 43}, {"date": "2023-12-21-18-00-00", "latency": 43}, {"date": "2023-12-21-18-00-00", "latency": 43}, {"date": "2023-12-21-18-00-00", "latency": 43}, {"date": "2023-12-21-21-00-00", "latency": 60}, {"date": "2023-12-21-21-00-00", "latency": 60}, {"date": "2023-12-21-21-00-00", "latency": 60}, {"date": "2023-12-21-21-00-00", "latency": 60}]}, {"location": {"country_code": "us", "region": "Ohio"}, "game_id": "762836", "values": [{"date": "2023-12-21-07-00-00", "latency": 68}, {"date": "2023-12-21-07-00-00", "latency": 68}, {"date": "2023-12-21-07-00-00", "latency": 68}, {"date": "2023-12-21-07-00-00", "latency": 68}, {"date": "2023-12-21-07-00-00", "latency": 68}, {"date": "2023-12-21-07-00-00", "latency": 68}, {"date": "2023-12-21-07-00-00", "latency": 68}, {"date": "2023-12-21-07-00-00", "latency": 68}]}, {"location": {"country_code": "us", "region": "South Carolina"}, "game_id": "762836", "values": [{"date": "2023-12-21-18-00-00", "latency": 61}, {"date": "2023-12-21-18-00-00", "latency": 61}, {"date": "2023-12-21-18-00-00", "latency": 61}, {"date": "2023-12-21-18-00-00", "latency": 61}, {"date": "2023-12-21-18-00-00", "latency": 61}, {"date": "2023-12-21-18-00-00", "latency": 61}, {"date": "2023-12-21-18-00-00", "latency": 61}, {"date": "2023-12-21-18-00-00", "latency": 61}, {"date": "2023-12-21-18-00-00", "latency": 61}, {"date": "2023-12-21-18-00-00", "latency": 61}, {"date": "2023-12-21-18-00-00", "latency": 61}, {"date": "2023-12-21-18-00-00", "latency": 61}, {"date": "2023-12-21-18-00-00", "latency": 61}, {"date": "2023-12-21-18-00-00", "latency": 61}, {"date": "2023-12-21-18-00-00", "latency": 61}, {"date": "2023-12-21-18-00-00", "latency": 61}]}, {"location": {"country_code": "in"}, "game_id": "762836", "values": [{"date": "2023-12-21-18-00-00", "latency": 137}, {"date": "2023-12-21-18-00-00", "latency": 137}, {"date": "2023-12-21-18-00-00", "latency": 137}, {"date": "2023-12-21-18-00-00", "latency": 137}, {"date": "2023-12-21-18-00-00", "latency": 137}, {"date": "2023-12-21-18-00-00", "latency": 137}, {"date": "2023-12-21-18-00-00", "latency": 137}, {"date": "2023-12-21-18-00-00", "latency": 137}, {"date": "2023-12-21-18-00-00", "latency": 137}, {"date": "2023-12-21-18-00-00", "latency": 137}, {"date": "2023-12-21-18-00-00", "latency": 137}]}, {"location": {"country_code": "us", "region": "California"}, "game_id": "762836", "values": [{"date": "2023-12-21-19-00-00", "latency": 76}, {"date": "2023-12-21-19-00-00", "latency": 76}, {"date": "2023-12-21-19-00-00", "latency": 76}, {"date": "2023-12-21-19-00-00", "latency": 76}]}, {"location": {"country_code": "br"}, "game_id": "762836", "values": [{"date": "2023-12-22-01-00-00", "latency": 26}, {"date": "2023-12-22-01-00-00", "latency": 26}]}, {"location": {"country_code": "no"}, "game_id": "762836", "values": [{"date": "2023-12-21-23-00-00", "latency": 39}]}, {"location": {"country_code": "au", "region": "Victoria", "city": "Melbourne"}, "game_id": "762836", "values": [{"date": "2023-12-21-09-00-00", "latency": 58}, {"date": "2023-12-21-05-00-00", "latency": 66}, {"date": "2023-12-21-05-00-00", "latency": 66}, {"date": "2023-12-21-05-00-00", "latency": 66}, {"date": "2023-12-21-05-00-00", "latency": 66}]}, {"location": {"country_code": "es"}, "game_id": "762836", "values": [{"date": "2023-12-21-15-00-00", "latency": 63}, {"date": "2023-12-21-15-00-00", "latency": 63}, {"date": "2023-12-21-15-00-00", "latency": 63}, {"date": "2023-12-21-15-00-00", "latency": 63}, {"date": "2023-12-21-15-00-00", "latency": 63}, {"date": "2023-12-21-15-00-00", "latency": 63}, {"date": "2023-12-21-15-00-00", "latency": 63}, {"date": "2023-12-21-15-00-00", "latency": 63}, {"date": "2023-12-21-15-00-00", "latency": 63}, {"date": "2023-12-21-15-00-00", "latency": 63}, {"date": "2023-12-21-15-00-00", "latency": 63}, {"date": "2023-12-21-15-00-00", "latency": 63}, {"date": "2023-12-21-15-00-00", "latency": 63}, {"date": "2023-12-21-15-00-00", "latency": 63}, {"date": "2023-12-21-15-00-00", "latency": 63}, {"date": "2023-12-21-15-00-00", "latency": 63}, {"date": "2023-12-21-15-00-00", "latency": 63}, {"date": "2023-12-21-15-00-00", "latency": 63}, {"date": "2023-12-21-13-00-00", "latency": 69}, {"date": "2023-12-21-13-00-00", "latency": 69}, {"date": "2023-12-21-13-00-00", "latency": 69}, {"date": "2023-12-21-13-00-00", "latency": 69}, {"date": "2023-12-21-13-00-00", "latency": 69}, {"date": "2023-12-21-13-00-00", "latency": 69}, {"date": "2023-12-21-13-00-00", "latency": 69}, {"date": "2023-12-21-13-00-00", "latency": 69}, {"date": "2023-12-21-13-00-00", "latency": 69}, {"date": "2023-12-21-13-00-00", "latency": 69}, {"date": "2023-12-21-13-00-00", "latency": 69}, {"date": "2023-12-21-13-00-00", "latency": 69}, {"date": "2023-12-21-13-00-00", "latency": 69}, {"date": "2023-12-21-13-00-00", "latency": 69}, {"date": "2023-12-21-13-00-00", "latency": 69}]}, {"location": {"country_code": "us", "region": "California", "city": "Elk Grove"}, "game_id": "762836", "values": [{"date": "2023-12-21-04-00-00", "latency": 55}, {"date": "2023-12-21-04-00-00", "latency": 55}, {"date": "2023-12-21-04-00-00", "latency": 55}]}, {"location": {"country_code": "us", "region": "Alaska"}, "game_id": "762836", "values": [{"date": "2023-12-21-06-00-00", "latency": 108}, {"date": "2023-12-21-06-00-00", "latency": 108}, {"date": "2023-12-21-06-00-00", "latency": 108}, {"date": "2023-12-21-06-00-00", "latency": 108}, {"date": "2023-12-21-06-00-00", "latency": 108}, {"date": "2023-12-21-06-00-00", "latency": 108}, {"date": "2023-12-21-06-00-00", "latency": 108}, {"date": "2023-12-21-06-00-00", "latency": 108}, {"date": "2023-12-21-06-00-00", "latency": 108}]}, {"location": {"country_code": "br", "region": "Federal District", "city": "Brasilia"}, "game_id": "762836", "values": [{"date": "2023-12-21-15-00-00", "latency": 207}, {"date": "2023-12-21-15-00-00", "latency": 207}, {"date": "2023-12-21-15-00-00", "latency": 207}]}, {"location": {"country_code": "us", "region": "Illinois", "city": "Chicago"}, "game_id": "762836", "values": [{"date": "2023-12-21-04-00-00", "latency": 95}, {"date": "2023-12-21-04-00-00", "latency": 95}, {"date": "2023-12-21-04-00-00", "latency": 95}, {"date": "2023-12-21-04-00-00", "latency": 95}, {"date": "2023-12-21-04-00-00", "latency": 95}, {"date": "2023-12-21-04-00-00", "latency": 95}, {"date": "2023-12-22-00-00-00", "latency": 48}, {"date": "2023-12-22-00-00-00", "latency": 48}, {"date": "2023-12-21-18-00-00", "latency": 60}, {"date": "2023-12-21-18-00-00", "latency": 60}, {"date": "2023-12-21-18-00-00", "latency": 60}]}, {"location": {"country_code": "co"}, "game_id": "762836", "values": [{"date": "2023-12-21-01-00-00", "latency": 176}]}, {"location": {"country_code": "be"}, "game_id": "762836", "values": [{"date": "2023-12-21-12-00-00", "latency": 97}, {"date": "2023-12-21-12-00-00", "latency": 97}, {"date": "2023-12-21-12-00-00", "latency": 97}, {"date": "2023-12-21-12-00-00", "latency": 97}]}, {"location": {"country_code": "gb", "region": "England", "city": "London"}, "game_id": "762836", "values": [{"date": "2023-12-21-21-00-00", "latency": 48}, {"date": "2023-12-21-21-00-00", "latency": 48}]}, {"location": {"country_code": "ie"}, "game_id": "762836", "values": [{"date": "2023-12-21-07-00-00", "latency": 127}, {"date": "2023-12-21-07-00-00", "latency": 127}, {"date": "2023-12-21-07-00-00", "latency": 127}, {"date": "2023-12-21-07-00-00", "latency": 127}, {"date": "2023-12-21-07-00-00", "latency": 127}, {"date": "2023-12-21-07-00-00", "latency": 127}, {"date": "2023-12-21-07-00-00", "latency": 127}, {"date": "2023-12-21-07-00-00", "latency": 127}, {"date": "2023-12-21-07-00-00", "latency": 127}, {"date": "2023-12-21-07-00-00", "latency": 127}, {"date": "2023-12-21-07-00-00", "latency": 127}, {"date": "2023-12-21-07-00-00", "latency": 127}, {"date": "2023-12-21-07-00-00", "latency": 127}, {"date": "2023-12-21-07-00-00", "latency": 127}, {"date": "2023-12-21-07-00-00", "latency": 127}]}, {"location": {"country_code": "co", "region": "El Valle", "city": "Cali"}, "game_id": "762836", "values": [{"date": "2023-12-21-09-00-00", "latency": 85}, {"date": "2023-12-21-09-00-00", "latency": 85}]}, {"location": {"country_code": "us", "region": "Colorado"}, "game_id": "762836", "values": [{"date": "2023-12-21-06-00-00", "latency": 100}]}, {"location": {"country_code": "br", "region": "State of Rio de Janeiro", "city": "Angra dos Reis"}, "game_id": "762836", "values": [{"date": "2023-12-21-15-00-00", "latency": 34}, {"date": "2023-12-21-01-00-00", "latency": 69}]}, {"location": {"country_code": "fr", "region": "Aquitania-Limosino-Poitou-Charentes"}, "game_id": "762836", "values": [{"date": "2023-12-21-19-00-00", "latency": 41}, {"date": "2023-12-21-19-00-00", "latency": 41}, {"date": "2023-12-21-19-00-00", "latency": 41}, {"date": "2023-12-21-19-00-00", "latency": 41}, {"date": "2023-12-21-19-00-00", "latency": 41}, {"date": "2023-12-21-19-00-00", "latency": 41}, {"date": "2023-12-21-19-00-00", "latency": 41}, {"date": "2023-12-21-19-00-00", "latency": 41}, {"date": "2023-12-21-19-00-00", "latency": 41}, {"date": "2023-12-21-19-00-00", "latency": 41}]}, {"location": {"country_code": "us", "region": "Minnesota"}, "game_id": "762836", "values": [{"date": "2023-12-21-06-00-00", "latency": 51}, {"date": "2023-12-21-06-00-00", "latency": 51}, {"date": "2023-12-21-06-00-00", "latency": 51}, {"date": "2023-12-21-06-00-00", "latency": 51}, {"date": "2023-12-21-06-00-00", "latency": 51}, {"date": "2023-12-21-06-00-00", "latency": 51}, {"date": "2023-12-21-06-00-00", "latency": 51}]}, {"location": {"country_code": "us", "region": "West Virginia"}, "game_id": "762836", "values": [{"date": "2023-12-21-03-00-00", "latency": 51}]}, {"location": {"country_code": "us", "region": "Texas", "city": "Corpus Christi"}, "game_id": "762836", "values": [{"date": "2023-12-21-16-00-00", "latency": 46}, {"date": "2023-12-21-16-00-00", "latency": 46}, {"date": "2023-12-21-16-00-00", "latency": 46}, {"date": "2023-12-21-16-00-00", "latency": 46}, {"date": "2023-12-21-16-00-00", "latency": 46}, {"date": "2023-12-21-16-00-00", "latency": 46}, {"date": "2023-12-21-16-00-00", "latency": 46}, {"date": "2023-12-21-16-00-00", "latency": 46}, {"date": "2023-12-21-16-00-00", "latency": 46}, {"date": "2023-12-21-16-00-00", "latency": 46}, {"date": "2023-12-21-16-00-00", "latency": 46}, {"date": "2023-12-21-16-00-00", "latency": 46}, {"date": "2023-12-21-16-00-00", "latency": 46}, {"date": "2023-12-21-16-00-00", "latency": 46}, {"date": "2023-12-21-16-00-00", "latency": 46}, {"date": "2023-12-21-16-00-00", "latency": 46}, {"date": "2023-12-21-16-00-00", "latency": 46}, {"date": "2023-12-21-16-00-00", "latency": 46}, {"date": "2023-12-21-16-00-00", "latency": 46}, {"date": "2023-12-21-16-00-00", "latency": 46}, {"date": "2023-12-21-16-00-00", "latency": 46}, {"date": "2023-12-21-16-00-00", "latency": 46}, {"date": "2023-12-21-16-00-00", "latency": 46}, {"date": "2023-12-21-16-00-00", "latency": 46}, {"date": "2023-12-21-16-00-00", "latency": 46}, {"date": "2023-12-21-16-00-00", "latency": 46}, {"date": "2023-12-21-16-00-00", "latency": 46}, {"date": "2023-12-21-16-00-00", "latency": 46}, {"date": "2023-12-21-16-00-00", "latency": 46}, {"date": "2023-12-21-16-00-00", "latency": 46}, {"date": "2023-12-21-16-00-00", "latency": 46}, {"date": "2023-12-21-16-00-00", "latency": 46}, {"date": "2023-12-21-16-00-00", "latency": 46}, {"date": "2023-12-21-16-00-00", "latency": 46}, {"date": "2023-12-21-16-00-00", "latency": 46}, {"date": "2023-12-21-16-00-00", "latency": 46}, {"date": "2023-12-21-16-00-00", "latency": 46}, {"date": "2023-12-21-16-00-00", "latency": 46}, {"date": "2023-12-21-16-00-00", "latency": 46}, {"date": "2023-12-21-16-00-00", "latency": 46}, {"date": "2023-12-21-16-00-00", "latency": 46}, {"date": "2023-12-21-16-00-00", "latency": 46}, {"date": "2023-12-21-16-00-00", "latency": 46}]}, {"location": {"country_code": "fr", "region": "Ile-de-France Region", "city": "Nemours"}, "game_id": "762836", "values": [{"date": "2023-12-21-02-00-00", "latency": 55}, {"date": "2023-12-21-02-00-00", "latency": 55}, {"date": "2023-12-21-02-00-00", "latency": 55}, {"date": "2023-12-21-02-00-00", "latency": 55}]}, {"location": {"country_code": "fr", "region": "Borgogna-Franca Contea", "city": "Belfort"}, "game_id": "762836", "values": [{"date": "2023-12-21-12-00-00", "latency": 17}, {"date": "2023-12-21-12-00-00", "latency": 17}, {"date": "2023-12-21-12-00-00", "latency": 17}]}, {"location": {"country_code": "us", "region": "Texas", "city": "Lone Star"}, "game_id": "762836", "values": [{"date": "2023-12-21-07-00-00", "latency": 59}]}, {"location": {"country_code": "de", "region": "Bavaria", "city": "Munich"}, "game_id": "762836", "values": [{"date": "2023-12-21-23-00-00", "latency": 453}, {"date": "2023-12-21-23-00-00", "latency": 453}, {"date": "2023-12-21-23-00-00", "latency": 453}, {"date": "2023-12-21-23-00-00", "latency": 453}, {"date": "2023-12-21-23-00-00", "latency": 453}]}, {"location": {"country_code": "es", "region": "Andalusia"}, "game_id": "762836", "values": [{"date": "2023-12-21-20-00-00", "latency": 84}]}, {"location": {"country_code": "it", "region": "Piedmont", "city": "Turin"}, "game_id": "762836", "values": [{"date": "2023-12-21-11-00-00", "latency": 89}, {"date": "2023-12-21-11-00-00", "latency": 89}, {"date": "2023-12-21-11-00-00", "latency": 89}]}, {"location": {"country_code": "es", "region": "Andalusia", "city": "Marbella"}, "game_id": "762836", "values": [{"date": "2023-12-21-03-00-00", "latency": 82}]}, {"location": {"country_code": "us", "region": "Ohio", "city": "Akron"}, "game_id": "762836", "values": [{"date": "2023-12-21-03-00-00", "latency": 83}]}, {"location": {"country_code": "it", "region": "Campania"}, "game_id": "762836", "values": [{"date": "2023-12-21-17-00-00", "latency": 56}, {"date": "2023-12-21-17-00-00", "latency": 56}, {"date": "2023-12-21-17-00-00", "latency": 56}, {"date": "2023-12-21-17-00-00", "latency": 56}, {"date": "2023-12-21-17-00-00", "latency": 56}, {"date": "2023-12-21-17-00-00", "latency": 56}, {"date": "2023-12-21-17-00-00", "latency": 56}, {"date": "2023-12-21-17-00-00", "latency": 56}, {"date": "2023-12-21-17-00-00", "latency": 56}, {"date": "2023-12-21-17-00-00", "latency": 56}, {"date": "2023-12-21-17-00-00", "latency": 56}, {"date": "2023-12-21-17-00-00", "latency": 56}, {"date": "2023-12-21-17-00-00", "latency": 56}, {"date": "2023-12-21-17-00-00", "latency": 56}, {"date": "2023-12-21-17-00-00", "latency": 56}, {"date": "2023-12-21-17-00-00", "latency": 56}]}, {"location": {"country_code": "ma"}, "game_id": "762836", "values": [{"date": "2023-12-21-04-00-00", "latency": 66}, {"date": "2023-12-21-04-00-00", "latency": 66}, {"date": "2023-12-21-04-00-00", "latency": 66}]}, {"location": {"country_code": "de", "region": "North Rhine-Westphalia", "city": "Aachen"}, "game_id": "762836", "values": [{"date": "2023-12-21-14-00-00", "latency": 28}, {"date": "2023-12-21-14-00-00", "latency": 28}, {"date": "2023-12-21-14-00-00", "latency": 28}, {"date": "2023-12-21-14-00-00", "latency": 28}]}, {"location": {"country_code": "us", "region": "Ohio", "city": "Warren"}, "game_id": "762836", "values": [{"date": "2023-12-21-07-00-00", "latency": 73}, {"date": "2023-12-21-07-00-00", "latency": 73}, {"date": "2023-12-21-07-00-00", "latency": 73}]}, {"location": {"country_code": "gb", "region": "England", "city": "Doncaster"}, "game_id": "762836", "values": [{"date": "2023-12-21-23-00-00", "latency": 39}, {"date": "2023-12-21-23-00-00", "latency": 39}, {"date": "2023-12-21-23-00-00", "latency": 39}, {"date": "2023-12-21-23-00-00", "latency": 39}]}, {"location": {"country_code": "br", "region": "Sao Paulo", "city": "Tatui"}, "game_id": "762836", "values": [{"date": "2023-12-21-19-00-00", "latency": 171}]}, {"location": {"country_code": "us", "region": "New York", "city": "New Windsor"}, "game_id": "762836", "values": [{"date": "2023-12-21-04-00-00", "latency": 97}]}, {"location": {"country_code": "ch", "region": "Canton of Schwyz", "city": "Muotathal"}, "game_id": "762836", "values": [{"date": "2023-12-21-23-00-00", "latency": 40}]}], "last_updated": 1719927599.448296}