{"data": [{"location": {"country_code": "us"}, "game_id": "273486", "values": [{"date": "2022-12-25-05-00-00", "latency": 54}, {"date": "2022-12-25-05-00-00", "latency": 54}, {"date": "2022-12-25-05-00-00", "latency": 54}, {"date": "2022-12-25-04-00-00", "latency": 38}, {"date": "2022-12-25-04-00-00", "latency": 38}, {"date": "2022-12-26-00-00-00", "latency": 0}, {"date": "2022-12-25-03-00-00", "latency": 14}, {"date": "2022-12-25-03-00-00", "latency": 14}, {"date": "2022-12-25-03-00-00", "latency": 14}, {"date": "2022-12-25-03-00-00", "latency": 14}, {"date": "2022-12-25-06-00-00", "latency": 0}, {"date": "2022-12-25-06-00-00", "latency": 0}]}, {"location": {"country_code": "us", "region": "South Carolina", "city": "Sumter"}, "game_id": "273486", "values": [{"date": "2022-12-26-01-00-00", "latency": 31}, {"date": "2022-12-26-01-00-00", "latency": 31}, {"date": "2022-12-26-01-00-00", "latency": 31}, {"date": "2022-12-26-01-00-00", "latency": 31}, {"date": "2022-12-26-01-00-00", "latency": 31}]}, {"location": {"country_code": "gb", "region": "England"}, "game_id": "273486", "values": [{"date": "2022-12-25-19-00-00", "latency": 6}, {"date": "2022-12-25-19-00-00", "latency": 6}, {"date": "2022-12-25-19-00-00", "latency": 6}, {"date": "2022-12-25-19-00-00", "latency": 6}]}, {"location": {"country_code": "cl"}, "game_id": "273486", "values": [{"date": "2022-12-26-00-00-00", "latency": 0}]}, {"location": {"country_code": "us", "region": "New Mexico", "city": "Albuquerque"}, "game_id": "273486", "values": [{"date": "2022-12-25-05-00-00", "latency": 3}, {"date": "2022-12-25-05-00-00", "latency": 3}]}, {"location": {"country_code": "us", "region": "Iowa"}, "game_id": "273486", "values": [{"date": "2022-12-25-17-00-00", "latency": 39}, {"date": "2022-12-25-17-00-00", "latency": 39}, {"date": "2022-12-25-17-00-00", "latency": 39}, {"date": "2022-12-25-17-00-00", "latency": 39}]}, {"location": {"country_code": "sa"}, "game_id": "273486", "values": [{"date": "2022-12-25-15-00-00", "latency": 86}]}, {"location": {"country_code": "us", "region": "Missouri"}, "game_id": "273486", "values": [{"date": "2022-12-25-03-00-00", "latency": 4}, {"date": "2022-12-25-03-00-00", "latency": 4}, {"date": "2022-12-25-03-00-00", "latency": 4}, {"date": "2022-12-25-03-00-00", "latency": 4}]}, {"location": {"country_code": "us", "region": "Texas", "city": "Houston"}, "game_id": "273486", "values": [{"date": "2022-12-25-08-00-00", "latency": 0}, {"date": "2022-12-25-08-00-00", "latency": 0}, {"date": "2022-12-25-08-00-00", "latency": 0}, {"date": "2022-12-25-08-00-00", "latency": 0}, {"date": "2022-12-25-08-00-00", "latency": 0}, {"date": "2022-12-25-08-00-00", "latency": 0}, {"date": "2022-12-25-08-00-00", "latency": 0}, {"date": "2022-12-25-08-00-00", "latency": 0}, {"date": "2022-12-25-08-00-00", "latency": 0}]}, {"location": {"country_code": "us", "region": "Puerto Rico"}, "game_id": "273486", "values": [{"date": "2022-12-25-14-00-00", "latency": 29}, {"date": "2022-12-25-14-00-00", "latency": 29}]}, {"location": {"country_code": "us", "region": "Nevada", "city": "Las Vegas"}, "game_id": "273486", "values": [{"date": "2022-12-25-07-00-00", "latency": 0}, {"date": "2022-12-25-07-00-00", "latency": 0}, {"date": "2022-12-25-07-00-00", "latency": 0}]}, {"location": {"country_code": "gb", "region": "England", "city": "London"}, "game_id": "273486", "values": [{"date": "2022-12-25-02-00-00", "latency": 1}, {"date": "2022-12-25-02-00-00", "latency": 1}, {"date": "2022-12-25-02-00-00", "latency": 1}, {"date": "2022-12-25-02-00-00", "latency": 1}, {"date": "2022-12-25-02-00-00", "latency": 1}, {"date": "2022-12-25-02-00-00", "latency": 1}, {"date": "2022-12-25-02-00-00", "latency": 1}, {"date": "2022-12-25-02-00-00", "latency": 1}, {"date": "2022-12-25-02-00-00", "latency": 1}, {"date": "2022-12-25-02-00-00", "latency": 1}, {"date": "2022-12-25-02-00-00", "latency": 1}, {"date": "2022-12-25-02-00-00", "latency": 1}]}, {"location": {"country_code": "ua"}, "game_id": "273486", "values": [{"date": "2022-12-25-11-00-00", "latency": 15}, {"date": "2022-12-25-11-00-00", "latency": 15}, {"date": "2022-12-25-11-00-00", "latency": 15}, {"date": "2022-12-25-11-00-00", "latency": 15}]}, {"location": {"country_code": "us", "region": "Oklahoma"}, "game_id": "273486", "values": [{"date": "2022-12-25-04-00-00", "latency": 11}]}, {"location": {"country_code": "sa", "region": "Riyadh Region", "city": "Wadi Ad Dawasir"}, "game_id": "273486", "values": [{"date": "2022-12-26-00-00-00", "latency": 78}]}, {"location": {"country_code": "us", "region": "State of Wyoming", "city": "Cheyenne"}, "game_id": "273486", "values": [{"date": "2022-12-25-12-00-00", "latency": 0}]}, {"location": {"country_code": "us", "region": "Texas", "city": "Atascocita"}, "game_id": "273486", "values": [{"date": "2022-12-25-08-00-00", "latency": 11}, {"date": "2022-12-25-08-00-00", "latency": 11}, {"date": "2022-12-25-08-00-00", "latency": 11}, {"date": "2022-12-25-08-00-00", "latency": 11}, {"date": "2022-12-25-08-00-00", "latency": 11}]}], "last_updated": 1719919354.736908}