{"data": [{"location": {"country_code": "si"}, "game_id": "314852", "values": [{"date": "2024-06-03-21-00-00", "latency": 39}]}, {"location": {"country_code": "nz"}, "game_id": "314852", "values": [{"date": "2024-06-03-23-00-00", "latency": 224}, {"date": "2024-06-03-23-00-00", "latency": 224}, {"date": "2024-06-03-23-00-00", "latency": 224}, {"date": "2024-06-03-23-00-00", "latency": 224}, {"date": "2024-06-03-23-00-00", "latency": 224}, {"date": "2024-06-03-23-00-00", "latency": 224}, {"date": "2024-06-03-15-00-00", "latency": 217}, {"date": "2024-06-03-15-00-00", "latency": 217}, {"date": "2024-06-03-15-00-00", "latency": 217}, {"date": "2024-06-03-15-00-00", "latency": 217}, {"date": "2024-06-03-08-00-00", "latency": 240}, {"date": "2024-06-03-08-00-00", "latency": 240}, {"date": "2024-06-03-08-00-00", "latency": 240}]}, {"location": {"country_code": "us"}, "game_id": "314852", "values": [{"date": "2024-06-04-01-00-00", "latency": 61}, {"date": "2024-06-04-01-00-00", "latency": 61}, {"date": "2024-06-04-01-00-00", "latency": 61}, {"date": "2024-06-04-01-00-00", "latency": 61}, {"date": "2024-06-04-01-00-00", "latency": 61}, {"date": "2024-06-03-02-00-00", "latency": 27}, {"date": "2024-06-03-02-00-00", "latency": 27}, {"date": "2024-06-03-02-00-00", "latency": 27}, {"date": "2024-06-03-02-00-00", "latency": 27}, {"date": "2024-06-03-02-00-00", "latency": 27}, {"date": "2024-06-03-02-00-00", "latency": 27}, {"date": "2024-06-03-02-00-00", "latency": 27}, {"date": "2024-06-03-02-00-00", "latency": 27}, {"date": "2024-06-03-02-00-00", "latency": 27}, {"date": "2024-06-03-02-00-00", "latency": 27}, {"date": "2024-06-03-02-00-00", "latency": 27}, {"date": "2024-06-03-02-00-00", "latency": 27}, {"date": "2024-06-03-12-00-00", "latency": 63}, {"date": "2024-06-03-12-00-00", "latency": 63}, {"date": "2024-06-03-12-00-00", "latency": 63}, {"date": "2024-06-03-12-00-00", "latency": 63}, {"date": "2024-06-03-12-00-00", "latency": 63}, {"date": "2024-06-03-12-00-00", "latency": 63}, {"date": "2024-06-03-12-00-00", "latency": 63}, {"date": "2024-06-03-12-00-00", "latency": 63}, {"date": "2024-06-03-12-00-00", "latency": 63}, {"date": "2024-06-04-01-00-00", "latency": 58}, {"date": "2024-06-04-01-00-00", "latency": 58}, {"date": "2024-06-04-01-00-00", "latency": 58}, {"date": "2024-06-04-01-00-00", "latency": 58}, {"date": "2024-06-03-10-00-00", "latency": 60}, {"date": "2024-06-03-10-00-00", "latency": 60}, {"date": "2024-06-03-10-00-00", "latency": 60}, {"date": "2024-06-03-10-00-00", "latency": 60}, {"date": "2024-06-03-10-00-00", "latency": 60}, {"date": "2024-06-03-12-00-00", "latency": 81}, {"date": "2024-06-04-02-00-00", "latency": 21}, {"date": "2024-06-04-02-00-00", "latency": 21}, {"date": "2024-06-04-02-00-00", "latency": 21}, {"date": "2024-06-04-02-00-00", "latency": 21}, {"date": "2024-06-04-02-00-00", "latency": 21}, {"date": "2024-06-04-02-00-00", "latency": 21}, {"date": "2024-06-04-02-00-00", "latency": 21}, {"date": "2024-06-04-02-00-00", "latency": 21}, {"date": "2024-06-04-02-00-00", "latency": 21}, {"date": "2024-06-04-02-00-00", "latency": 21}, {"date": "2024-06-03-06-00-00", "latency": 47}, {"date": "2024-06-04-00-00-00", "latency": 30}, {"date": "2024-06-04-00-00-00", "latency": 30}, {"date": "2024-06-04-00-00-00", "latency": 30}, {"date": "2024-06-04-00-00-00", "latency": 30}, {"date": "2024-06-04-00-00-00", "latency": 30}, {"date": "2024-06-04-00-00-00", "latency": 30}, {"date": "2024-06-04-00-00-00", "latency": 30}, {"date": "2024-06-04-00-00-00", "latency": 30}, {"date": "2024-06-04-00-00-00", "latency": 59}, {"date": "2024-06-04-00-00-00", "latency": 59}, {"date": "2024-06-04-00-00-00", "latency": 59}, {"date": "2024-06-04-02-00-00", "latency": 61}, {"date": "2024-06-03-09-00-00", "latency": 90}, {"date": "2024-06-03-07-00-00", "latency": 8}, {"date": "2024-06-03-07-00-00", "latency": 8}, {"date": "2024-06-03-07-00-00", "latency": 8}, {"date": "2024-06-03-07-00-00", "latency": 8}, {"date": "2024-06-03-07-00-00", "latency": 8}, {"date": "2024-06-03-07-00-00", "latency": 8}, {"date": "2024-06-03-07-00-00", "latency": 8}, {"date": "2024-06-03-07-00-00", "latency": 8}, {"date": "2024-06-03-07-00-00", "latency": 8}, {"date": "2024-06-03-07-00-00", "latency": 8}, {"date": "2024-06-03-07-00-00", "latency": 8}, {"date": "2024-06-03-07-00-00", "latency": 8}, {"date": "2024-06-03-07-00-00", "latency": 8}, {"date": "2024-06-03-07-00-00", "latency": 8}, {"date": "2024-06-03-07-00-00", "latency": 8}, {"date": "2024-06-03-07-00-00", "latency": 8}, {"date": "2024-06-03-07-00-00", "latency": 8}, {"date": "2024-06-03-07-00-00", "latency": 8}, {"date": "2024-06-03-07-00-00", "latency": 8}, {"date": "2024-06-03-07-00-00", "latency": 8}]}, {"location": {"country_code": "de", "region": "Berlin", "city": "Berlin"}, "game_id": "314852", "values": [{"date": "2024-06-03-20-00-00", "latency": 85}, {"date": "2024-06-03-20-00-00", "latency": 85}, {"date": "2024-06-03-20-00-00", "latency": 85}, {"date": "2024-06-03-20-00-00", "latency": 85}, {"date": "2024-06-03-20-00-00", "latency": 85}]}, {"location": {"country_code": "us", "region": "New York", "city": "Jamestown"}, "game_id": "314852", "values": [{"date": "2024-06-03-22-00-00", "latency": 30}, {"date": "2024-06-03-22-00-00", "latency": 30}, {"date": "2024-06-03-22-00-00", "latency": 30}, {"date": "2024-06-03-22-00-00", "latency": 30}, {"date": "2024-06-03-22-00-00", "latency": 30}, {"date": "2024-06-03-22-00-00", "latency": 30}, {"date": "2024-06-03-22-00-00", "latency": 30}, {"date": "2024-06-03-22-00-00", "latency": 30}, {"date": "2024-06-03-22-00-00", "latency": 30}, {"date": "2024-06-03-04-00-00", "latency": 22}, {"date": "2024-06-03-04-00-00", "latency": 22}, {"date": "2024-06-03-04-00-00", "latency": 22}, {"date": "2024-06-03-04-00-00", "latency": 22}, {"date": "2024-06-03-04-00-00", "latency": 22}]}, {"location": {"country_code": "gb"}, "game_id": "314852", "values": [{"date": "2024-06-03-22-00-00", "latency": 51}, {"date": "2024-06-03-22-00-00", "latency": 51}, {"date": "2024-06-03-17-00-00", "latency": 67}, {"date": "2024-06-03-17-00-00", "latency": 67}, {"date": "2024-06-03-17-00-00", "latency": 67}, {"date": "2024-06-03-17-00-00", "latency": 67}, {"date": "2024-06-03-17-00-00", "latency": 67}, {"date": "2024-06-04-01-00-00", "latency": 33}, {"date": "2024-06-04-01-00-00", "latency": 33}, {"date": "2024-06-04-01-00-00", "latency": 33}, {"date": "2024-06-04-01-00-00", "latency": 33}, {"date": "2024-06-04-01-00-00", "latency": 33}, {"date": "2024-06-03-04-00-00", "latency": 122}, {"date": "2024-06-03-04-00-00", "latency": 122}, {"date": "2024-06-03-04-00-00", "latency": 122}, {"date": "2024-06-03-04-00-00", "latency": 122}, {"date": "2024-06-03-04-00-00", "latency": 122}, {"date": "2024-06-03-18-00-00", "latency": 110}, {"date": "2024-06-03-18-00-00", "latency": 110}, {"date": "2024-06-03-18-00-00", "latency": 110}, {"date": "2024-06-04-00-00-00", "latency": 43}, {"date": "2024-06-04-00-00-00", "latency": 43}, {"date": "2024-06-04-00-00-00", "latency": 43}, {"date": "2024-06-04-00-00-00", "latency": 43}, {"date": "2024-06-04-00-00-00", "latency": 43}]}, {"location": {"country_code": "gb", "region": "Northern Ireland"}, "game_id": "314852", "values": [{"date": "2024-06-03-22-00-00", "latency": 53}]}, {"location": {"country_code": "th"}, "game_id": "314852", "values": [{"date": "2024-06-03-18-00-00", "latency": 108}, {"date": "2024-06-03-18-00-00", "latency": 108}, {"date": "2024-06-03-18-00-00", "latency": 108}, {"date": "2024-06-03-18-00-00", "latency": 108}, {"date": "2024-06-03-18-00-00", "latency": 108}, {"date": "2024-06-03-18-00-00", "latency": 108}, {"date": "2024-06-03-18-00-00", "latency": 108}, {"date": "2024-06-03-18-00-00", "latency": 108}, {"date": "2024-06-03-18-00-00", "latency": 108}, {"date": "2024-06-03-18-00-00", "latency": 108}, {"date": "2024-06-03-18-00-00", "latency": 108}, {"date": "2024-06-03-18-00-00", "latency": 108}, {"date": "2024-06-03-18-00-00", "latency": 108}, {"date": "2024-06-03-18-00-00", "latency": 108}]}, {"location": {"country_code": "gr"}, "game_id": "314852", "values": [{"date": "2024-06-03-16-00-00", "latency": 35}, {"date": "2024-06-03-16-00-00", "latency": 35}, {"date": "2024-06-03-16-00-00", "latency": 35}, {"date": "2024-06-03-16-00-00", "latency": 35}, {"date": "2024-06-03-16-00-00", "latency": 35}]}, {"location": {"country_code": "my"}, "game_id": "314852", "values": [{"date": "2024-06-03-22-00-00", "latency": 30}, {"date": "2024-06-03-22-00-00", "latency": 30}, {"date": "2024-06-03-22-00-00", "latency": 30}, {"date": "2024-06-03-22-00-00", "latency": 30}, {"date": "2024-06-03-22-00-00", "latency": 30}, {"date": "2024-06-03-22-00-00", "latency": 30}, {"date": "2024-06-03-22-00-00", "latency": 30}, {"date": "2024-06-03-22-00-00", "latency": 30}, {"date": "2024-06-03-22-00-00", "latency": 30}, {"date": "2024-06-03-22-00-00", "latency": 30}, {"date": "2024-06-03-13-00-00", "latency": 107}, {"date": "2024-06-03-13-00-00", "latency": 107}, {"date": "2024-06-03-09-00-00", "latency": 122}, {"date": "2024-06-03-09-00-00", "latency": 122}, {"date": "2024-06-03-14-00-00", "latency": 94}, {"date": "2024-06-03-16-00-00", "latency": 87}, {"date": "2024-06-03-16-00-00", "latency": 87}, {"date": "2024-06-03-21-00-00", "latency": 99}, {"date": "2024-06-03-15-00-00", "latency": 99}, {"date": "2024-06-03-15-00-00", "latency": 99}, {"date": "2024-06-03-15-00-00", "latency": 99}, {"date": "2024-06-03-15-00-00", "latency": 99}, {"date": "2024-06-03-15-00-00", "latency": 99}, {"date": "2024-06-03-15-00-00", "latency": 99}, {"date": "2024-06-03-04-00-00", "latency": 35}, {"date": "2024-06-03-04-00-00", "latency": 35}, {"date": "2024-06-03-04-00-00", "latency": 35}, {"date": "2024-06-03-04-00-00", "latency": 35}, {"date": "2024-06-03-04-00-00", "latency": 35}, {"date": "2024-06-03-04-00-00", "latency": 35}, {"date": "2024-06-03-04-00-00", "latency": 35}, {"date": "2024-06-03-04-00-00", "latency": 35}, {"date": "2024-06-03-04-00-00", "latency": 35}, {"date": "2024-06-03-04-00-00", "latency": 35}, {"date": "2024-06-03-04-00-00", "latency": 35}, {"date": "2024-06-03-04-00-00", "latency": 35}, {"date": "2024-06-03-04-00-00", "latency": 35}, {"date": "2024-06-03-04-00-00", "latency": 35}, {"date": "2024-06-03-04-00-00", "latency": 35}, {"date": "2024-06-03-04-00-00", "latency": 35}, {"date": "2024-06-03-04-00-00", "latency": 35}, {"date": "2024-06-03-04-00-00", "latency": 35}, {"date": "2024-06-03-04-00-00", "latency": 35}, {"date": "2024-06-03-04-00-00", "latency": 35}, {"date": "2024-06-03-19-00-00", "latency": 158}, {"date": "2024-06-03-19-00-00", "latency": 158}]}, {"location": {"country_code": "jp"}, "game_id": "314852", "values": [{"date": "2024-06-03-20-00-00", "latency": 17}, {"date": "2024-06-03-20-00-00", "latency": 17}, {"date": "2024-06-03-20-00-00", "latency": 17}, {"date": "2024-06-03-20-00-00", "latency": 17}, {"date": "2024-06-03-20-00-00", "latency": 17}, {"date": "2024-06-03-20-00-00", "latency": 17}, {"date": "2024-06-03-07-00-00", "latency": 19}, {"date": "2024-06-03-07-00-00", "latency": 19}, {"date": "2024-06-03-07-00-00", "latency": 19}, {"date": "2024-06-03-07-00-00", "latency": 19}, {"date": "2024-06-03-07-00-00", "latency": 19}, {"date": "2024-06-03-07-00-00", "latency": 19}, {"date": "2024-06-03-07-00-00", "latency": 19}, {"date": "2024-06-03-07-00-00", "latency": 19}, {"date": "2024-06-03-07-00-00", "latency": 19}, {"date": "2024-06-03-07-00-00", "latency": 19}, {"date": "2024-06-03-04-00-00", "latency": 26}, {"date": "2024-06-03-04-00-00", "latency": 26}, {"date": "2024-06-03-04-00-00", "latency": 26}, {"date": "2024-06-03-04-00-00", "latency": 26}, {"date": "2024-06-03-04-00-00", "latency": 26}, {"date": "2024-06-03-04-00-00", "latency": 26}, {"date": "2024-06-03-04-00-00", "latency": 26}, {"date": "2024-06-03-04-00-00", "latency": 26}, {"date": "2024-06-03-04-00-00", "latency": 26}, {"date": "2024-06-04-01-00-00", "latency": 25}, {"date": "2024-06-04-01-00-00", "latency": 25}, {"date": "2024-06-04-01-00-00", "latency": 25}, {"date": "2024-06-03-22-00-00", "latency": 267}, {"date": "2024-06-03-10-00-00", "latency": 24}, {"date": "2024-06-03-10-00-00", "latency": 24}, {"date": "2024-06-03-10-00-00", "latency": 24}, {"date": "2024-06-03-10-00-00", "latency": 24}, {"date": "2024-06-03-10-00-00", "latency": 24}, {"date": "2024-06-03-10-00-00", "latency": 24}, {"date": "2024-06-03-10-00-00", "latency": 24}, {"date": "2024-06-03-10-00-00", "latency": 24}, {"date": "2024-06-03-10-00-00", "latency": 24}, {"date": "2024-06-03-10-00-00", "latency": 24}, {"date": "2024-06-03-10-00-00", "latency": 24}, {"date": "2024-06-03-10-00-00", "latency": 24}, {"date": "2024-06-03-10-00-00", "latency": 24}, {"date": "2024-06-03-10-00-00", "latency": 24}, {"date": "2024-06-03-10-00-00", "latency": 24}, {"date": "2024-06-03-10-00-00", "latency": 24}, {"date": "2024-06-03-10-00-00", "latency": 24}, {"date": "2024-06-03-10-00-00", "latency": 24}, {"date": "2024-06-03-10-00-00", "latency": 24}, {"date": "2024-06-03-10-00-00", "latency": 24}, {"date": "2024-06-03-10-00-00", "latency": 24}]}, {"location": {"country_code": "ch"}, "game_id": "314852", "values": [{"date": "2024-06-03-22-00-00", "latency": 37}, {"date": "2024-06-03-22-00-00", "latency": 37}, {"date": "2024-06-03-22-00-00", "latency": 37}]}, {"location": {"country_code": "de"}, "game_id": "314852", "values": [{"date": "2024-06-04-00-00-00", "latency": 30}, {"date": "2024-06-04-00-00-00", "latency": 30}, {"date": "2024-06-04-00-00-00", "latency": 30}, {"date": "2024-06-04-00-00-00", "latency": 30}, {"date": "2024-06-04-00-00-00", "latency": 30}, {"date": "2024-06-04-00-00-00", "latency": 30}, {"date": "2024-06-04-00-00-00", "latency": 30}, {"date": "2024-06-04-00-00-00", "latency": 30}, {"date": "2024-06-04-00-00-00", "latency": 30}, {"date": "2024-06-04-00-00-00", "latency": 30}, {"date": "2024-06-04-00-00-00", "latency": 30}, {"date": "2024-06-04-00-00-00", "latency": 30}, {"date": "2024-06-04-00-00-00", "latency": 30}, {"date": "2024-06-04-00-00-00", "latency": 30}, {"date": "2024-06-04-00-00-00", "latency": 30}, {"date": "2024-06-03-17-00-00", "latency": 41}, {"date": "2024-06-03-17-00-00", "latency": 41}, {"date": "2024-06-03-17-00-00", "latency": 41}, {"date": "2024-06-03-17-00-00", "latency": 41}, {"date": "2024-06-03-17-00-00", "latency": 41}, {"date": "2024-06-03-17-00-00", "latency": 41}, {"date": "2024-06-03-17-00-00", "latency": 41}, {"date": "2024-06-03-17-00-00", "latency": 41}, {"date": "2024-06-03-17-00-00", "latency": 41}, {"date": "2024-06-03-17-00-00", "latency": 41}, {"date": "2024-06-03-22-00-00", "latency": 17}, {"date": "2024-06-03-22-00-00", "latency": 17}, {"date": "2024-06-03-22-00-00", "latency": 17}, {"date": "2024-06-03-22-00-00", "latency": 17}]}, {"location": {"country_code": "tw"}, "game_id": "314852", "values": [{"date": "2024-06-03-16-00-00", "latency": 69}, {"date": "2024-06-03-16-00-00", "latency": 69}, {"date": "2024-06-03-16-00-00", "latency": 69}, {"date": "2024-06-03-16-00-00", "latency": 69}, {"date": "2024-06-03-16-00-00", "latency": 69}, {"date": "2024-06-03-16-00-00", "latency": 69}, {"date": "2024-06-03-13-00-00", "latency": 69}, {"date": "2024-06-03-16-00-00", "latency": 71}, {"date": "2024-06-03-21-00-00", "latency": 73}, {"date": "2024-06-03-21-00-00", "latency": 73}, {"date": "2024-06-03-21-00-00", "latency": 73}, {"date": "2024-06-03-21-00-00", "latency": 73}, {"date": "2024-06-03-21-00-00", "latency": 73}, {"date": "2024-06-03-21-00-00", "latency": 73}, {"date": "2024-06-03-21-00-00", "latency": 73}, {"date": "2024-06-03-21-00-00", "latency": 73}, {"date": "2024-06-03-21-00-00", "latency": 73}, {"date": "2024-06-03-21-00-00", "latency": 73}, {"date": "2024-06-03-21-00-00", "latency": 73}, {"date": "2024-06-03-21-00-00", "latency": 73}, {"date": "2024-06-03-21-00-00", "latency": 73}, {"date": "2024-06-03-21-00-00", "latency": 73}, {"date": "2024-06-03-21-00-00", "latency": 73}, {"date": "2024-06-03-21-00-00", "latency": 73}, {"date": "2024-06-03-21-00-00", "latency": 73}, {"date": "2024-06-03-21-00-00", "latency": 73}, {"date": "2024-06-03-21-00-00", "latency": 73}, {"date": "2024-06-03-21-00-00", "latency": 73}, {"date": "2024-06-03-21-00-00", "latency": 73}, {"date": "2024-06-03-21-00-00", "latency": 73}, {"date": "2024-06-03-21-00-00", "latency": 73}, {"date": "2024-06-03-21-00-00", "latency": 73}, {"date": "2024-06-03-21-00-00", "latency": 73}, {"date": "2024-06-03-21-00-00", "latency": 73}, {"date": "2024-06-03-21-00-00", "latency": 73}, {"date": "2024-06-03-21-00-00", "latency": 73}, {"date": "2024-06-03-21-00-00", "latency": 73}, {"date": "2024-06-03-21-00-00", "latency": 73}, {"date": "2024-06-03-21-00-00", "latency": 73}, {"date": "2024-06-03-21-00-00", "latency": 73}, {"date": "2024-06-03-21-00-00", "latency": 73}, {"date": "2024-06-03-21-00-00", "latency": 73}]}, {"location": {"country_code": "us", "region": "Indiana"}, "game_id": "314852", "values": [{"date": "2024-06-03-03-00-00", "latency": 69}, {"date": "2024-06-03-03-00-00", "latency": 69}]}, {"location": {"country_code": "gb", "region": "England"}, "game_id": "314852", "values": [{"date": "2024-06-03-21-00-00", "latency": 36}, {"date": "2024-06-03-21-00-00", "latency": 36}, {"date": "2024-06-03-21-00-00", "latency": 36}]}, {"location": {"country_code": "gb", "region": "Scotland"}, "game_id": "314852", "values": [{"date": "2024-06-03-02-00-00", "latency": 121}]}, {"location": {"country_code": "cl"}, "game_id": "314852", "values": [{"date": "2024-06-03-05-00-00", "latency": 158}, {"date": "2024-06-03-02-00-00", "latency": 136}, {"date": "2024-06-03-06-00-00", "latency": 132}, {"date": "2024-06-03-06-00-00", "latency": 132}]}, {"location": {"country_code": "ph"}, "game_id": "314852", "values": [{"date": "2024-06-03-10-00-00", "latency": 168}]}, {"location": {"country_code": "ph", "region": "Central Visayas", "city": "Cebu City"}, "game_id": "314852", "values": [{"date": "2024-06-03-13-00-00", "latency": 102}, {"date": "2024-06-03-13-00-00", "latency": 102}, {"date": "2024-06-03-13-00-00", "latency": 102}, {"date": "2024-06-03-13-00-00", "latency": 102}, {"date": "2024-06-03-13-00-00", "latency": 102}, {"date": "2024-06-03-13-00-00", "latency": 102}, {"date": "2024-06-03-13-00-00", "latency": 102}, {"date": "2024-06-03-13-00-00", "latency": 102}, {"date": "2024-06-03-13-00-00", "latency": 102}, {"date": "2024-06-03-13-00-00", "latency": 102}]}, {"location": {"country_code": "fr"}, "game_id": "314852", "values": [{"date": "2024-06-03-10-00-00", "latency": 36}, {"date": "2024-06-03-10-00-00", "latency": 36}, {"date": "2024-06-03-10-00-00", "latency": 36}, {"date": "2024-06-03-10-00-00", "latency": 36}, {"date": "2024-06-03-10-00-00", "latency": 36}, {"date": "2024-06-03-10-00-00", "latency": 36}, {"date": "2024-06-03-10-00-00", "latency": 36}, {"date": "2024-06-03-10-00-00", "latency": 36}, {"date": "2024-06-03-10-00-00", "latency": 36}, {"date": "2024-06-03-10-00-00", "latency": 36}, {"date": "2024-06-03-10-00-00", "latency": 36}, {"date": "2024-06-03-10-00-00", "latency": 36}, {"date": "2024-06-03-10-00-00", "latency": 36}, {"date": "2024-06-03-10-00-00", "latency": 36}, {"date": "2024-06-03-10-00-00", "latency": 36}, {"date": "2024-06-03-17-00-00", "latency": 33}, {"date": "2024-06-03-17-00-00", "latency": 33}, {"date": "2024-06-03-17-00-00", "latency": 33}, {"date": "2024-06-03-12-00-00", "latency": 47}, {"date": "2024-06-03-12-00-00", "latency": 47}, {"date": "2024-06-03-12-00-00", "latency": 47}, {"date": "2024-06-04-01-00-00", "latency": 32}]}, {"location": {"country_code": "mx"}, "game_id": "314852", "values": [{"date": "2024-06-03-03-00-00", "latency": 75}, {"date": "2024-06-03-02-00-00", "latency": 79}, {"date": "2024-06-03-02-00-00", "latency": 79}, {"date": "2024-06-03-02-00-00", "latency": 105}, {"date": "2024-06-03-02-00-00", "latency": 105}, {"date": "2024-06-03-02-00-00", "latency": 105}, {"date": "2024-06-03-02-00-00", "latency": 105}, {"date": "2024-06-03-02-00-00", "latency": 105}, {"date": "2024-06-03-02-00-00", "latency": 105}, {"date": "2024-06-03-02-00-00", "latency": 105}, {"date": "2024-06-03-02-00-00", "latency": 105}]}, {"location": {"country_code": "us", "region": "California"}, "game_id": "314852", "values": [{"date": "2024-06-04-02-00-00", "latency": 100}, {"date": "2024-06-04-02-00-00", "latency": 100}, {"date": "2024-06-03-08-00-00", "latency": 90}]}, {"location": {"country_code": "br", "region": "Sao Paulo", "city": "Apiai"}, "game_id": "314852", "values": [{"date": "2024-06-03-03-00-00", "latency": 139}, {"date": "2024-06-03-03-00-00", "latency": 139}, {"date": "2024-06-03-04-00-00", "latency": 155}, {"date": "2024-06-03-04-00-00", "latency": 155}, {"date": "2024-06-03-04-00-00", "latency": 155}, {"date": "2024-06-03-04-00-00", "latency": 155}, {"date": "2024-06-03-04-00-00", "latency": 155}]}, {"location": {"country_code": "us", "region": "California", "city": "East Los Angeles"}, "game_id": "314852", "values": [{"date": "2024-06-03-03-00-00", "latency": 89}, {"date": "2024-06-03-03-00-00", "latency": 89}, {"date": "2024-06-03-03-00-00", "latency": 89}, {"date": "2024-06-03-03-00-00", "latency": 89}, {"date": "2024-06-03-03-00-00", "latency": 89}, {"date": "2024-06-03-03-00-00", "latency": 89}, {"date": "2024-06-03-03-00-00", "latency": 89}, {"date": "2024-06-03-03-00-00", "latency": 89}, {"date": "2024-06-03-03-00-00", "latency": 89}, {"date": "2024-06-03-03-00-00", "latency": 89}, {"date": "2024-06-03-03-00-00", "latency": 89}, {"date": "2024-06-03-03-00-00", "latency": 89}, {"date": "2024-06-03-03-00-00", "latency": 89}]}, {"location": {"country_code": "au"}, "game_id": "314852", "values": [{"date": "2024-06-03-12-00-00", "latency": 173}, {"date": "2024-06-03-12-00-00", "latency": 173}, {"date": "2024-06-03-12-00-00", "latency": 173}, {"date": "2024-06-03-21-00-00", "latency": 286}, {"date": "2024-06-03-21-00-00", "latency": 286}]}, {"location": {"country_code": "us", "region": "Iowa"}, "game_id": "314852", "values": [{"date": "2024-06-03-23-00-00", "latency": 4}]}, {"location": {"country_code": "ca", "region": "Ontario"}, "game_id": "314852", "values": [{"date": "2024-06-03-20-00-00", "latency": 65}, {"date": "2024-06-03-20-00-00", "latency": 65}, {"date": "2024-06-03-20-00-00", "latency": 65}, {"date": "2024-06-03-20-00-00", "latency": 65}, {"date": "2024-06-03-20-00-00", "latency": 65}, {"date": "2024-06-03-20-00-00", "latency": 65}, {"date": "2024-06-03-20-00-00", "latency": 65}]}, {"location": {"country_code": "es"}, "game_id": "314852", "values": [{"date": "2024-06-03-23-00-00", "latency": 55}, {"date": "2024-06-03-23-00-00", "latency": 55}, {"date": "2024-06-03-23-00-00", "latency": 55}]}, {"location": {"country_code": "us", "region": "Michigan", "city": "Detroit"}, "game_id": "314852", "values": [{"date": "2024-06-03-03-00-00", "latency": 41}, {"date": "2024-06-03-03-00-00", "latency": 41}, {"date": "2024-06-03-03-00-00", "latency": 41}]}, {"location": {"country_code": "fi"}, "game_id": "314852", "values": [{"date": "2024-06-03-23-00-00", "latency": 69}, {"date": "2024-06-04-00-00-00", "latency": 65}, {"date": "2024-06-04-00-00-00", "latency": 65}]}, {"location": {"country_code": "us", "region": "Illinois", "city": "Chicago"}, "game_id": "314852", "values": [{"date": "2024-06-03-19-00-00", "latency": 56}, {"date": "2024-06-03-19-00-00", "latency": 56}, {"date": "2024-06-03-19-00-00", "latency": 56}]}, {"location": {"country_code": "pe", "region": "Lima region", "city": "Nuevo Lince"}, "game_id": "314852", "values": [{"date": "2024-06-03-10-00-00", "latency": 113}, {"date": "2024-06-03-10-00-00", "latency": 113}, {"date": "2024-06-03-10-00-00", "latency": 113}, {"date": "2024-06-03-10-00-00", "latency": 113}, {"date": "2024-06-03-10-00-00", "latency": 113}, {"date": "2024-06-03-10-00-00", "latency": 113}]}, {"location": {"country_code": "pl"}, "game_id": "314852", "values": [{"date": "2024-06-03-17-00-00", "latency": 45}, {"date": "2024-06-03-17-00-00", "latency": 45}, {"date": "2024-06-03-17-00-00", "latency": 45}, {"date": "2024-06-03-20-00-00", "latency": 42}, {"date": "2024-06-03-20-00-00", "latency": 42}]}, {"location": {"country_code": "be"}, "game_id": "314852", "values": [{"date": "2024-06-03-22-00-00", "latency": 38}, {"date": "2024-06-03-22-00-00", "latency": 38}]}, {"location": {"country_code": "gb", "region": "England", "city": "London"}, "game_id": "314852", "values": [{"date": "2024-06-03-13-00-00", "latency": 41}]}, {"location": {"country_code": "ua"}, "game_id": "314852", "values": [{"date": "2024-06-03-19-00-00", "latency": 59}, {"date": "2024-06-03-19-00-00", "latency": 59}, {"date": "2024-06-03-19-00-00", "latency": 59}, {"date": "2024-06-03-19-00-00", "latency": 59}]}, {"location": {"country_code": "kr", "region": "Seoul"}, "game_id": "314852", "values": [{"date": "2024-06-04-02-00-00", "latency": 98}, {"date": "2024-06-04-02-00-00", "latency": 98}, {"date": "2024-06-04-02-00-00", "latency": 98}, {"date": "2024-06-04-02-00-00", "latency": 98}, {"date": "2024-06-04-02-00-00", "latency": 98}, {"date": "2024-06-04-02-00-00", "latency": 98}, {"date": "2024-06-04-02-00-00", "latency": 98}]}, {"location": {"country_code": "kz"}, "game_id": "314852", "values": [{"date": "2024-06-03-17-00-00", "latency": 53}, {"date": "2024-06-03-17-00-00", "latency": 53}]}, {"location": {"country_code": "sg"}, "game_id": "314852", "values": [{"date": "2024-06-03-18-00-00", "latency": 360}, {"date": "2024-06-03-18-00-00", "latency": 360}, {"date": "2024-06-03-18-00-00", "latency": 360}, {"date": "2024-06-03-18-00-00", "latency": 360}, {"date": "2024-06-03-18-00-00", "latency": 360}, {"date": "2024-06-03-18-00-00", "latency": 360}, {"date": "2024-06-03-18-00-00", "latency": 360}, {"date": "2024-06-03-18-00-00", "latency": 360}, {"date": "2024-06-03-16-00-00", "latency": 90}, {"date": "2024-06-03-16-00-00", "latency": 90}]}, {"location": {"country_code": "id"}, "game_id": "314852", "values": [{"date": "2024-06-03-20-00-00", "latency": 283}, {"date": "2024-06-03-20-00-00", "latency": 283}, {"date": "2024-06-03-20-00-00", "latency": 283}, {"date": "2024-06-03-20-00-00", "latency": 283}, {"date": "2024-06-03-20-00-00", "latency": 283}, {"date": "2024-06-03-20-00-00", "latency": 283}, {"date": "2024-06-03-20-00-00", "latency": 283}, {"date": "2024-06-03-20-00-00", "latency": 283}, {"date": "2024-06-03-20-00-00", "latency": 283}, {"date": "2024-06-03-17-00-00", "latency": 108}, {"date": "2024-06-03-17-00-00", "latency": 108}, {"date": "2024-06-03-17-00-00", "latency": 108}, {"date": "2024-06-03-06-00-00", "latency": 98}]}, {"location": {"country_code": "sk"}, "game_id": "314852", "values": [{"date": "2024-06-03-21-00-00", "latency": 21}, {"date": "2024-06-03-21-00-00", "latency": 21}, {"date": "2024-06-03-21-00-00", "latency": 21}, {"date": "2024-06-03-21-00-00", "latency": 21}, {"date": "2024-06-03-21-00-00", "latency": 21}, {"date": "2024-06-03-21-00-00", "latency": 21}, {"date": "2024-06-03-21-00-00", "latency": 21}, {"date": "2024-06-03-21-00-00", "latency": 21}, {"date": "2024-06-03-21-00-00", "latency": 21}, {"date": "2024-06-03-21-00-00", "latency": 21}, {"date": "2024-06-03-21-00-00", "latency": 21}, {"date": "2024-06-03-21-00-00", "latency": 21}, {"date": "2024-06-03-21-00-00", "latency": 21}, {"date": "2024-06-03-21-00-00", "latency": 21}, {"date": "2024-06-03-21-00-00", "latency": 21}, {"date": "2024-06-03-21-00-00", "latency": 21}, {"date": "2024-06-03-21-00-00", "latency": 21}, {"date": "2024-06-03-21-00-00", "latency": 21}, {"date": "2024-06-03-21-00-00", "latency": 21}, {"date": "2024-06-03-21-00-00", "latency": 21}, {"date": "2024-06-03-21-00-00", "latency": 21}, {"date": "2024-06-03-21-00-00", "latency": 21}, {"date": "2024-06-03-21-00-00", "latency": 21}, {"date": "2024-06-03-21-00-00", "latency": 21}, {"date": "2024-06-03-21-00-00", "latency": 21}, {"date": "2024-06-03-21-00-00", "latency": 21}, {"date": "2024-06-03-21-00-00", "latency": 21}, {"date": "2024-06-03-21-00-00", "latency": 21}]}, {"location": {"country_code": "pt"}, "game_id": "314852", "values": [{"date": "2024-06-03-13-00-00", "latency": 80}, {"date": "2024-06-03-13-00-00", "latency": 80}]}, {"location": {"country_code": "gr", "region": "Apokentromeni Dioikisi Attikis", "city": "Athens"}, "game_id": "314852", "values": [{"date": "2024-06-03-19-00-00", "latency": 47}, {"date": "2024-06-03-19-00-00", "latency": 47}]}, {"location": {"country_code": "ca", "region": "Nova Scotia", "city": "Bedford"}, "game_id": "314852", "values": [{"date": "2024-06-03-05-00-00", "latency": 43}, {"date": "2024-06-03-05-00-00", "latency": 43}, {"date": "2024-06-03-05-00-00", "latency": 43}, {"date": "2024-06-03-05-00-00", "latency": 43}]}, {"location": {"country_code": "us", "region": "Florida", "city": "Orlando"}, "game_id": "314852", "values": [{"date": "2024-06-03-07-00-00", "latency": 58}]}, {"location": {"country_code": "ca", "region": "British Columbia", "city": "Richmond"}, "game_id": "314852", "values": [{"date": "2024-06-03-09-00-00", "latency": 91}, {"date": "2024-06-03-09-00-00", "latency": 91}, {"date": "2024-06-03-09-00-00", "latency": 91}, {"date": "2024-06-03-09-00-00", "latency": 91}, {"date": "2024-06-03-09-00-00", "latency": 91}, {"date": "2024-06-03-09-00-00", "latency": 91}, {"date": "2024-06-03-09-00-00", "latency": 91}]}, {"location": {"country_code": "br", "region": "Ceara", "city": "Itapipoca"}, "game_id": "314852", "values": [{"date": "2024-06-03-21-00-00", "latency": 94}]}, {"location": {"country_code": "my", "region": "Sabah"}, "game_id": "314852", "values": [{"date": "2024-06-03-05-00-00", "latency": 128}]}, {"location": {"country_code": "za", "region": "Western Cape", "city": "Cape Town"}, "game_id": "314852", "values": [{"date": "2024-06-03-21-00-00", "latency": 172}]}, {"location": {"country_code": "tw", "region": "New Taipei"}, "game_id": "314852", "values": [{"date": "2024-06-03-18-00-00", "latency": 67}]}, {"location": {"country_code": "ca", "region": "Alberta", "city": "Calgary"}, "game_id": "314852", "values": [{"date": "2024-06-03-11-00-00", "latency": 90}]}, {"location": {"country_code": "es", "region": "Valencia", "city": "Orihuela"}, "game_id": "314852", "values": [{"date": "2024-06-03-22-00-00", "latency": 53}]}, {"location": {"country_code": "cl", "region": "Los Lagos Region", "city": "Puerto Montt"}, "game_id": "314852", "values": [{"date": "2024-06-04-00-00-00", "latency": 154}, {"date": "2024-06-04-00-00-00", "latency": 154}, {"date": "2024-06-04-00-00-00", "latency": 154}, {"date": "2024-06-04-00-00-00", "latency": 154}, {"date": "2024-06-04-00-00-00", "latency": 154}, {"date": "2024-06-04-00-00-00", "latency": 154}, {"date": "2024-06-04-00-00-00", "latency": 154}]}, {"location": {"country_code": "ml"}, "game_id": "314852", "values": [{"date": "2024-06-03-22-00-00", "latency": 79}, {"date": "2024-06-03-22-00-00", "latency": 79}, {"date": "2024-06-03-22-00-00", "latency": 79}]}, {"location": {"country_code": "in", "region": "West Bengal", "city": "Kolkata"}, "game_id": "314852", "values": [{"date": "2024-06-03-20-00-00", "latency": 187}, {"date": "2024-06-03-20-00-00", "latency": 187}, {"date": "2024-06-03-20-00-00", "latency": 187}, {"date": "2024-06-03-20-00-00", "latency": 187}, {"date": "2024-06-03-20-00-00", "latency": 187}, {"date": "2024-06-03-20-00-00", "latency": 187}, {"date": "2024-06-03-20-00-00", "latency": 187}]}, {"location": {"country_code": "am"}, "game_id": "314852", "values": [{"date": "2024-06-03-22-00-00", "latency": 65}, {"date": "2024-06-03-22-00-00", "latency": 65}, {"date": "2024-06-03-22-00-00", "latency": 65}, {"date": "2024-06-03-22-00-00", "latency": 65}, {"date": "2024-06-03-22-00-00", "latency": 65}, {"date": "2024-06-03-22-00-00", "latency": 65}, {"date": "2024-06-03-22-00-00", "latency": 65}]}, {"location": {"country_code": "es", "region": "Catalonia", "city": "Lleida"}, "game_id": "314852", "values": [{"date": "2024-06-03-14-00-00", "latency": 53}, {"date": "2024-06-03-14-00-00", "latency": 53}]}, {"location": {"country_code": "us", "region": "New Jersey", "city": "West Orange"}, "game_id": "314852", "values": [{"date": "2024-06-03-20-00-00", "latency": 27}]}, {"location": {"country_code": "us", "region": "New Jersey", "city": "Camden"}, "game_id": "314852", "values": [{"date": "2024-06-03-05-00-00", "latency": 32}, {"date": "2024-06-03-05-00-00", "latency": 32}, {"date": "2024-06-03-05-00-00", "latency": 32}, {"date": "2024-06-03-05-00-00", "latency": 32}, {"date": "2024-06-03-05-00-00", "latency": 32}]}, {"location": {"country_code": "es", "region": "Canary Islands", "city": "Telde"}, "game_id": "314852", "values": [{"date": "2024-06-03-14-00-00", "latency": 75}, {"date": "2024-06-03-14-00-00", "latency": 75}, {"date": "2024-06-03-14-00-00", "latency": 75}, {"date": "2024-06-03-14-00-00", "latency": 75}]}, {"location": {"country_code": "us", "region": "Georgia", "city": "Austell"}, "game_id": "314852", "values": [{"date": "2024-06-03-23-00-00", "latency": 52}, {"date": "2024-06-03-23-00-00", "latency": 52}, {"date": "2024-06-03-23-00-00", "latency": 52}, {"date": "2024-06-03-23-00-00", "latency": 52}, {"date": "2024-06-03-23-00-00", "latency": 52}, {"date": "2024-06-03-23-00-00", "latency": 52}, {"date": "2024-06-03-23-00-00", "latency": 52}, {"date": "2024-06-03-23-00-00", "latency": 52}, {"date": "2024-06-03-23-00-00", "latency": 52}, {"date": "2024-06-03-23-00-00", "latency": 52}, {"date": "2024-06-03-23-00-00", "latency": 52}, {"date": "2024-06-03-23-00-00", "latency": 52}, {"date": "2024-06-03-23-00-00", "latency": 52}, {"date": "2024-06-03-23-00-00", "latency": 52}, {"date": "2024-06-03-23-00-00", "latency": 52}, {"date": "2024-06-03-23-00-00", "latency": 52}, {"date": "2024-06-03-23-00-00", "latency": 52}, {"date": "2024-06-03-23-00-00", "latency": 52}, {"date": "2024-06-03-23-00-00", "latency": 52}, {"date": "2024-06-03-23-00-00", "latency": 52}, {"date": "2024-06-03-23-00-00", "latency": 52}]}], "last_updated": 1719925863.19733}