{"data": [{"location": {"country_code": "my"}, "game_id": "314852", "values": [{"date": "2024-03-14-01-00-00", "latency": 4}]}, {"location": {"country_code": "de"}, "game_id": "314852", "values": [{"date": "2024-03-14-13-00-00", "latency": 3}]}, {"location": {"country_code": "br", "region": "Sao Paulo", "city": "Apiai"}, "game_id": "314852", "values": [{"date": "2024-03-14-05-00-00", "latency": 16}]}, {"location": {"country_code": "ae", "region": "Dubai", "city": "Dubai"}, "game_id": "314852", "values": [{"date": "2024-03-14-15-00-00", "latency": 27}]}], "last_updated": 1719919206.366179}