{"data": [{"location": {"country_code": "cl"}, "game_id": "747108", "values": [{"date": "2024-03-13-06-00-00", "latency": 62}, {"date": "2024-03-13-06-00-00", "latency": 62}]}, {"location": {"country_code": "ar"}, "game_id": "747108", "values": [{"date": "2024-03-14-01-00-00", "latency": 47}, {"date": "2024-03-14-01-00-00", "latency": 47}, {"date": "2024-03-14-01-00-00", "latency": 47}, {"date": "2024-03-14-01-00-00", "latency": 47}, {"date": "2024-03-14-01-00-00", "latency": 47}, {"date": "2024-03-14-01-00-00", "latency": 47}, {"date": "2024-03-14-01-00-00", "latency": 47}, {"date": "2024-03-14-01-00-00", "latency": 47}, {"date": "2024-03-14-01-00-00", "latency": 47}, {"date": "2024-03-14-01-00-00", "latency": 47}, {"date": "2024-03-14-01-00-00", "latency": 47}, {"date": "2024-03-14-01-00-00", "latency": 47}, {"date": "2024-03-14-01-00-00", "latency": 47}, {"date": "2024-03-14-01-00-00", "latency": 47}, {"date": "2024-03-14-01-00-00", "latency": 47}, {"date": "2024-03-14-01-00-00", "latency": 47}, {"date": "2024-03-14-01-00-00", "latency": 47}, {"date": "2024-03-14-01-00-00", "latency": 47}, {"date": "2024-03-14-01-00-00", "latency": 47}, {"date": "2024-03-14-01-00-00", "latency": 47}, {"date": "2024-03-14-01-00-00", "latency": 47}, {"date": "2024-03-14-01-00-00", "latency": 47}, {"date": "2024-03-14-01-00-00", "latency": 47}, {"date": "2024-03-14-01-00-00", "latency": 47}, {"date": "2024-03-14-01-00-00", "latency": 47}]}, {"location": {"country_code": "ar", "region": "Buenos Aires"}, "game_id": "747108", "values": [{"date": "2024-03-14-01-00-00", "latency": 47}, {"date": "2024-03-14-01-00-00", "latency": 47}, {"date": "2024-03-14-01-00-00", "latency": 47}, {"date": "2024-03-14-01-00-00", "latency": 47}, {"date": "2024-03-14-01-00-00", "latency": 47}, {"date": "2024-03-14-01-00-00", "latency": 47}, {"date": "2024-03-14-01-00-00", "latency": 47}, {"date": "2024-03-14-01-00-00", "latency": 47}, {"date": "2024-03-14-01-00-00", "latency": 47}, {"date": "2024-03-14-01-00-00", "latency": 47}, {"date": "2024-03-14-01-00-00", "latency": 47}]}], "last_updated": 1719926786.126155}