{"data": [{"location": {"country_code": "us"}, "game_id": "295590", "values": [{"date": "2021-08-19-18-00-00", "latency": 117}, {"date": "2021-08-19-18-00-00", "latency": 117}, {"date": "2021-08-19-18-00-00", "latency": 117}, {"date": "2021-08-19-05-00-00", "latency": 57}, {"date": "2021-08-19-23-00-00", "latency": 85}, {"date": "2021-08-19-23-00-00", "latency": 85}, {"date": "2021-08-19-12-00-00", "latency": 133}, {"date": "2021-08-19-02-00-00", "latency": 61}]}, {"location": {"country_code": "de", "region": "Berlin", "city": "Berlin"}, "game_id": "295590", "values": [{"date": "2021-08-19-22-00-00", "latency": 107}]}, {"location": {"country_code": "us", "region": "New York", "city": "Jamestown"}, "game_id": "295590", "values": [{"date": "2021-08-19-04-00-00", "latency": 47}, {"date": "2021-08-19-04-00-00", "latency": 47}, {"date": "2021-08-19-04-00-00", "latency": 47}]}, {"location": {"country_code": "gb"}, "game_id": "295590", "values": [{"date": "2021-08-20-00-00-00", "latency": 313}]}, {"location": {"country_code": "gb", "region": "England", "city": "London"}, "game_id": "295590", "values": [{"date": "2021-08-19-19-00-00", "latency": 313}, {"date": "2021-08-19-19-00-00", "latency": 313}, {"date": "2021-08-19-19-00-00", "latency": 313}, {"date": "2021-08-19-19-00-00", "latency": 313}, {"date": "2021-08-19-19-00-00", "latency": 313}, {"date": "2021-08-20-00-00-00", "latency": 243}, {"date": "2021-08-19-17-00-00", "latency": 45}, {"date": "2021-08-19-17-00-00", "latency": 45}]}, {"location": {"country_code": "gb", "region": "England", "city": "Salford"}, "game_id": "295590", "values": [{"date": "2021-08-19-02-00-00", "latency": 53}]}, {"location": {"country_code": "gr"}, "game_id": "295590", "values": [{"date": "2021-08-20-00-00-00", "latency": 78}]}, {"location": {"country_code": "pa"}, "game_id": "295590", "values": [{"date": "2021-08-19-06-00-00", "latency": 141}]}, {"location": {"country_code": "nl"}, "game_id": "295590", "values": [{"date": "2021-08-20-02-00-00", "latency": 51}, {"date": "2021-08-20-02-00-00", "latency": 51}, {"date": "2021-08-20-02-00-00", "latency": 51}, {"date": "2021-08-20-02-00-00", "latency": 51}, {"date": "2021-08-19-18-00-00", "latency": 113}]}, {"location": {"country_code": "nl", "region": "North Holland", "city": "Huizen"}, "game_id": "295590", "values": [{"date": "2021-08-19-14-00-00", "latency": 124}, {"date": "2021-08-19-14-00-00", "latency": 124}, {"date": "2021-08-19-14-00-00", "latency": 124}, {"date": "2021-08-19-14-00-00", "latency": 124}]}, {"location": {"country_code": "it"}, "game_id": "295590", "values": [{"date": "2021-08-19-22-00-00", "latency": 311}, {"date": "2021-08-19-22-00-00", "latency": 423}]}, {"location": {"country_code": "ro"}, "game_id": "295590", "values": [{"date": "2021-08-19-19-00-00", "latency": 79}, {"date": "2021-08-19-19-00-00", "latency": 79}, {"date": "2021-08-19-19-00-00", "latency": 79}]}, {"location": {"country_code": "jp"}, "game_id": "295590", "values": [{"date": "2021-08-19-05-00-00", "latency": 51}, {"date": "2021-08-19-18-00-00", "latency": 43}, {"date": "2021-08-19-08-00-00", "latency": 163}, {"date": "2021-08-19-16-00-00", "latency": 35}, {"date": "2021-08-19-16-00-00", "latency": 35}, {"date": "2021-08-19-16-00-00", "latency": 35}, {"date": "2021-08-19-16-00-00", "latency": 35}, {"date": "2021-08-19-19-00-00", "latency": 654}, {"date": "2021-08-19-19-00-00", "latency": 654}, {"date": "2021-08-19-10-00-00", "latency": 51}]}, {"location": {"country_code": "ca"}, "game_id": "295590", "values": [{"date": "2021-08-19-08-00-00", "latency": 50}, {"date": "2021-08-19-20-00-00", "latency": 24}, {"date": "2021-08-19-19-00-00", "latency": 129}, {"date": "2021-08-19-19-00-00", "latency": 129}]}, {"location": {"country_code": "ca", "region": "Ontario", "city": "Toronto"}, "game_id": "295590", "values": [{"date": "2021-08-19-05-00-00", "latency": 54}, {"date": "2021-08-19-03-00-00", "latency": 81}, {"date": "2021-08-19-03-00-00", "latency": 81}, {"date": "2021-08-19-03-00-00", "latency": 81}, {"date": "2021-08-19-03-00-00", "latency": 81}, {"date": "2021-08-19-03-00-00", "latency": 81}, {"date": "2021-08-19-03-00-00", "latency": 175}, {"date": "2021-08-19-21-00-00", "latency": 63}, {"date": "2021-08-19-08-00-00", "latency": 453}, {"date": "2021-08-19-03-00-00", "latency": 76}, {"date": "2021-08-19-03-00-00", "latency": 76}]}, {"location": {"country_code": "ch"}, "game_id": "295590", "values": [{"date": "2021-08-19-23-00-00", "latency": 43}, {"date": "2021-08-20-02-00-00", "latency": 214}, {"date": "2021-08-19-21-00-00", "latency": 44}]}, {"location": {"country_code": "de"}, "game_id": "295590", "values": [{"date": "2021-08-19-19-00-00", "latency": 62}, {"date": "2021-08-19-19-00-00", "latency": 62}, {"date": "2021-08-19-19-00-00", "latency": 62}, {"date": "2021-08-19-19-00-00", "latency": 62}, {"date": "2021-08-19-19-00-00", "latency": 62}, {"date": "2021-08-19-19-00-00", "latency": 62}, {"date": "2021-08-19-19-00-00", "latency": 51}, {"date": "2021-08-19-19-00-00", "latency": 56}, {"date": "2021-08-19-19-00-00", "latency": 56}]}, {"location": {"country_code": "de", "region": "Baden-Wurttemberg"}, "game_id": "295590", "values": [{"date": "2021-08-19-20-00-00", "latency": 280}]}, {"location": {"country_code": "br", "region": "Parana", "city": "Araucaria"}, "game_id": "295590", "values": [{"date": "2021-08-19-23-00-00", "latency": 61}]}, {"location": {"country_code": "us", "region": "Indiana"}, "game_id": "295590", "values": [{"date": "2021-08-19-10-00-00", "latency": 114}, {"date": "2021-08-19-10-00-00", "latency": 114}, {"date": "2021-08-19-10-00-00", "latency": 114}]}, {"location": {"country_code": "gb", "region": "England"}, "game_id": "295590", "values": [{"date": "2021-08-20-01-00-00", "latency": 313}, {"date": "2021-08-20-02-00-00", "latency": 132}, {"date": "2021-08-20-02-00-00", "latency": 132}, {"date": "2021-08-20-02-00-00", "latency": 132}, {"date": "2021-08-20-02-00-00", "latency": 132}, {"date": "2021-08-20-02-00-00", "latency": 132}, {"date": "2021-08-20-02-00-00", "latency": 132}, {"date": "2021-08-19-21-00-00", "latency": 199}, {"date": "2021-08-19-21-00-00", "latency": 199}, {"date": "2021-08-19-21-00-00", "latency": 199}]}, {"location": {"country_code": "cl"}, "game_id": "295590", "values": [{"date": "2021-08-19-05-00-00", "latency": 67}, {"date": "2021-08-19-05-00-00", "latency": 67}, {"date": "2021-08-19-05-00-00", "latency": 67}, {"date": "2021-08-19-05-00-00", "latency": 67}, {"date": "2021-08-20-02-00-00", "latency": 194}, {"date": "2021-08-20-02-00-00", "latency": 194}, {"date": "2021-08-20-02-00-00", "latency": 194}, {"date": "2021-08-19-03-00-00", "latency": 133}]}, {"location": {"country_code": "cl", "region": "Biobio", "city": "Coronel"}, "game_id": "295590", "values": [{"date": "2021-08-19-03-00-00", "latency": 184}, {"date": "2021-08-19-07-00-00", "latency": 185}, {"date": "2021-08-19-07-00-00", "latency": 185}]}, {"location": {"country_code": "us", "region": "Texas"}, "game_id": "295590", "values": [{"date": "2021-08-19-05-00-00", "latency": 58}, {"date": "2021-08-19-05-00-00", "latency": 58}, {"date": "2021-08-19-05-00-00", "latency": 58}, {"date": "2021-08-19-05-00-00", "latency": 58}, {"date": "2021-08-19-05-00-00", "latency": 58}, {"date": "2021-08-19-08-00-00", "latency": 84}]}, {"location": {"country_code": "fr"}, "game_id": "295590", "values": [{"date": "2021-08-19-16-00-00", "latency": 33}, {"date": "2021-08-19-20-00-00", "latency": 54}]}, {"location": {"country_code": "fr", "region": "Occitanie", "city": "Montpellier"}, "game_id": "295590", "values": [{"date": "2021-08-19-19-00-00", "latency": 22}, {"date": "2021-08-19-19-00-00", "latency": 22}, {"date": "2021-08-19-19-00-00", "latency": 22}, {"date": "2021-08-19-19-00-00", "latency": 22}, {"date": "2021-08-19-19-00-00", "latency": 22}, {"date": "2021-08-19-19-00-00", "latency": 22}, {"date": "2021-08-19-19-00-00", "latency": 22}, {"date": "2021-08-19-19-00-00", "latency": 22}, {"date": "2021-08-19-19-00-00", "latency": 22}]}, {"location": {"country_code": "us", "region": "New Jersey"}, "game_id": "295590", "values": [{"date": "2021-08-19-10-00-00", "latency": 363}]}, {"location": {"country_code": "mx"}, "game_id": "295590", "values": [{"date": "2021-08-20-00-00-00", "latency": 113}, {"date": "2021-08-19-07-00-00", "latency": 614}, {"date": "2021-08-19-07-00-00", "latency": 73}, {"date": "2021-08-19-07-00-00", "latency": 73}, {"date": "2021-08-19-07-00-00", "latency": 73}, {"date": "2021-08-19-07-00-00", "latency": 73}, {"date": "2021-08-19-02-00-00", "latency": 674}, {"date": "2021-08-19-11-00-00", "latency": 85}, {"date": "2021-08-19-11-00-00", "latency": 85}, {"date": "2021-08-19-11-00-00", "latency": 85}, {"date": "2021-08-19-11-00-00", "latency": 85}, {"date": "2021-08-19-11-00-00", "latency": 85}, {"date": "2021-08-19-11-00-00", "latency": 85}, {"date": "2021-08-19-11-00-00", "latency": 85}, {"date": "2021-08-19-11-00-00", "latency": 85}, {"date": "2021-08-19-11-00-00", "latency": 85}, {"date": "2021-08-19-11-00-00", "latency": 85}, {"date": "2021-08-19-11-00-00", "latency": 85}, {"date": "2021-08-19-11-00-00", "latency": 85}, {"date": "2021-08-19-11-00-00", "latency": 85}, {"date": "2021-08-19-11-00-00", "latency": 85}, {"date": "2021-08-19-11-00-00", "latency": 85}]}, {"location": {"country_code": "us", "region": "Ohio"}, "game_id": "295590", "values": [{"date": "2021-08-19-06-00-00", "latency": 64}, {"date": "2021-08-19-06-00-00", "latency": 64}, {"date": "2021-08-19-04-00-00", "latency": 102}, {"date": "2021-08-19-04-00-00", "latency": 102}, {"date": "2021-08-19-04-00-00", "latency": 102}, {"date": "2021-08-19-04-00-00", "latency": 102}, {"date": "2021-08-19-04-00-00", "latency": 102}, {"date": "2021-08-19-04-00-00", "latency": 102}, {"date": "2021-08-19-04-00-00", "latency": 102}, {"date": "2021-08-19-04-00-00", "latency": 102}]}, {"location": {"country_code": "mx", "region": "Mexico City"}, "game_id": "295590", "values": [{"date": "2021-08-19-06-00-00", "latency": 747}]}, {"location": {"country_code": "mx", "region": "Nuevo Leon", "city": "Monterrey"}, "game_id": "295590", "values": [{"date": "2021-08-19-04-00-00", "latency": 73}, {"date": "2021-08-19-04-00-00", "latency": 73}, {"date": "2021-08-19-04-00-00", "latency": 73}, {"date": "2021-08-19-04-00-00", "latency": 73}, {"date": "2021-08-19-04-00-00", "latency": 73}, {"date": "2021-08-19-04-00-00", "latency": 73}, {"date": "2021-08-19-04-00-00", "latency": 73}, {"date": "2021-08-19-04-00-00", "latency": 73}, {"date": "2021-08-19-04-00-00", "latency": 73}, {"date": "2021-08-19-04-00-00", "latency": 73}, {"date": "2021-08-19-04-00-00", "latency": 73}, {"date": "2021-08-19-04-00-00", "latency": 73}, {"date": "2021-08-19-04-00-00", "latency": 73}, {"date": "2021-08-19-04-00-00", "latency": 73}]}, {"location": {"country_code": "us", "region": "California"}, "game_id": "295590", "values": [{"date": "2021-08-20-00-00-00", "latency": 713}, {"date": "2021-08-20-00-00-00", "latency": 713}, {"date": "2021-08-19-06-00-00", "latency": 110}, {"date": "2021-08-19-16-00-00", "latency": 96}, {"date": "2021-08-19-16-00-00", "latency": 96}, {"date": "2021-08-19-16-00-00", "latency": 96}, {"date": "2021-08-19-16-00-00", "latency": 96}, {"date": "2021-08-19-16-00-00", "latency": 96}, {"date": "2021-08-19-16-00-00", "latency": 96}, {"date": "2021-08-19-08-00-00", "latency": 93}, {"date": "2021-08-19-08-00-00", "latency": 93}, {"date": "2021-08-19-08-00-00", "latency": 93}, {"date": "2021-08-19-08-00-00", "latency": 93}, {"date": "2021-08-19-08-00-00", "latency": 93}, {"date": "2021-08-19-08-00-00", "latency": 93}, {"date": "2021-08-19-08-00-00", "latency": 93}, {"date": "2021-08-19-08-00-00", "latency": 93}, {"date": "2021-08-19-08-00-00", "latency": 93}]}, {"location": {"country_code": "br"}, "game_id": "295590", "values": [{"date": "2021-08-20-01-00-00", "latency": 77}, {"date": "2021-08-20-01-00-00", "latency": 77}, {"date": "2021-08-20-01-00-00", "latency": 77}, {"date": "2021-08-19-07-00-00", "latency": 123}, {"date": "2021-08-19-21-00-00", "latency": 56}, {"date": "2021-08-19-19-00-00", "latency": 79}, {"date": "2021-08-19-19-00-00", "latency": 79}, {"date": "2021-08-19-19-00-00", "latency": 79}, {"date": "2021-08-19-19-00-00", "latency": 79}, {"date": "2021-08-19-19-00-00", "latency": 79}, {"date": "2021-08-20-02-00-00", "latency": 58}, {"date": "2021-08-19-17-00-00", "latency": 123}, {"date": "2021-08-19-16-00-00", "latency": 29}, {"date": "2021-08-19-07-00-00", "latency": 150}, {"date": "2021-08-19-07-00-00", "latency": 150}, {"date": "2021-08-19-07-00-00", "latency": 150}, {"date": "2021-08-19-17-00-00", "latency": 207}, {"date": "2021-08-19-17-00-00", "latency": 207}, {"date": "2021-08-19-17-00-00", "latency": 207}, {"date": "2021-08-19-17-00-00", "latency": 207}, {"date": "2021-08-19-17-00-00", "latency": 207}, {"date": "2021-08-19-17-00-00", "latency": 207}, {"date": "2021-08-19-17-00-00", "latency": 207}, {"date": "2021-08-20-02-00-00", "latency": 113}, {"date": "2021-08-20-02-00-00", "latency": 113}, {"date": "2021-08-20-02-00-00", "latency": 113}, {"date": "2021-08-20-02-00-00", "latency": 113}, {"date": "2021-08-20-02-00-00", "latency": 113}]}, {"location": {"country_code": "br", "region": "Sao Paulo", "city": "Apiai"}, "game_id": "295590", "values": [{"date": "2021-08-20-01-00-00", "latency": 93}, {"date": "2021-08-20-01-00-00", "latency": 93}, {"date": "2021-08-19-21-00-00", "latency": 123}, {"date": "2021-08-19-21-00-00", "latency": 123}, {"date": "2021-08-19-21-00-00", "latency": 47}, {"date": "2021-08-19-03-00-00", "latency": 113}, {"date": "2021-08-19-22-00-00", "latency": 103}, {"date": "2021-08-19-22-00-00", "latency": 113}, {"date": "2021-08-19-22-00-00", "latency": 113}, {"date": "2021-08-19-22-00-00", "latency": 113}, {"date": "2021-08-19-22-00-00", "latency": 113}, {"date": "2021-08-19-22-00-00", "latency": 113}, {"date": "2021-08-19-22-00-00", "latency": 113}, {"date": "2021-08-19-22-00-00", "latency": 113}, {"date": "2021-08-19-22-00-00", "latency": 113}, {"date": "2021-08-19-22-00-00", "latency": 113}, {"date": "2021-08-19-22-00-00", "latency": 113}, {"date": "2021-08-19-22-00-00", "latency": 113}, {"date": "2021-08-19-22-00-00", "latency": 113}, {"date": "2021-08-19-22-00-00", "latency": 113}, {"date": "2021-08-19-22-00-00", "latency": 113}, {"date": "2021-08-19-22-00-00", "latency": 113}, {"date": "2021-08-19-22-00-00", "latency": 113}, {"date": "2021-08-19-22-00-00", "latency": 113}, {"date": "2021-08-19-22-00-00", "latency": 113}, {"date": "2021-08-19-23-00-00", "latency": 133}, {"date": "2021-08-20-01-00-00", "latency": 274}, {"date": "2021-08-20-01-00-00", "latency": 113}, {"date": "2021-08-20-01-00-00", "latency": 152}, {"date": "2021-08-19-04-00-00", "latency": 24}, {"date": "2021-08-20-02-00-00", "latency": 123}, {"date": "2021-08-20-02-00-00", "latency": 123}, {"date": "2021-08-19-03-00-00", "latency": 113}, {"date": "2021-08-19-03-00-00", "latency": 133}, {"date": "2021-08-19-23-00-00", "latency": 123}]}, {"location": {"country_code": "br", "region": "Sao Paulo", "city": "Santa Cruz das Palmeiras"}, "game_id": "295590", "values": [{"date": "2021-08-19-07-00-00", "latency": 193}]}, {"location": {"country_code": "se"}, "game_id": "295590", "values": [{"date": "2021-08-19-19-00-00", "latency": 354}]}, {"location": {"country_code": "no", "region": "Mre og Romsdal", "city": "Molde"}, "game_id": "295590", "values": [{"date": "2021-08-19-18-00-00", "latency": 61}, {"date": "2021-08-19-18-00-00", "latency": 61}, {"date": "2021-08-19-18-00-00", "latency": 61}, {"date": "2021-08-19-18-00-00", "latency": 61}, {"date": "2021-08-19-18-00-00", "latency": 61}]}, {"location": {"country_code": "us", "region": "California", "city": "East Los Angeles"}, "game_id": "295590", "values": [{"date": "2021-08-19-05-00-00", "latency": 613}, {"date": "2021-08-19-02-00-00", "latency": 703}, {"date": "2021-08-19-05-00-00", "latency": 146}, {"date": "2021-08-19-05-00-00", "latency": 146}, {"date": "2021-08-19-05-00-00", "latency": 146}, {"date": "2021-08-19-05-00-00", "latency": 146}, {"date": "2021-08-19-05-00-00", "latency": 146}, {"date": "2021-08-19-05-00-00", "latency": 146}, {"date": "2021-08-19-05-00-00", "latency": 146}, {"date": "2021-08-19-05-00-00", "latency": 146}, {"date": "2021-08-19-05-00-00", "latency": 146}, {"date": "2021-08-19-05-00-00", "latency": 146}]}, {"location": {"country_code": "ec"}, "game_id": "295590", "values": [{"date": "2021-08-19-03-00-00", "latency": 713}]}, {"location": {"country_code": "au"}, "game_id": "295590", "values": [{"date": "2021-08-19-10-00-00", "latency": 333}, {"date": "2021-08-19-11-00-00", "latency": 68}]}, {"location": {"country_code": "au", "region": "Victoria", "city": "Melbourne"}, "game_id": "295590", "values": [{"date": "2021-08-19-13-00-00", "latency": 52}, {"date": "2021-08-19-13-00-00", "latency": 52}]}, {"location": {"country_code": "es", "region": "Madrid", "city": "Parla"}, "game_id": "295590", "values": [{"date": "2021-08-20-00-00-00", "latency": 220}]}, {"location": {"country_code": "dk"}, "game_id": "295590", "values": [{"date": "2021-08-19-09-00-00", "latency": 37}, {"date": "2021-08-19-09-00-00", "latency": 37}]}, {"location": {"country_code": "tr"}, "game_id": "295590", "values": [{"date": "2021-08-19-21-00-00", "latency": 68}]}, {"location": {"country_code": "ca", "region": "Ontario"}, "game_id": "295590", "values": [{"date": "2021-08-19-21-00-00", "latency": 79}, {"date": "2021-08-19-03-00-00", "latency": 36}]}, {"location": {"country_code": "de", "region": "Saxony"}, "game_id": "295590", "values": [{"date": "2021-08-19-22-00-00", "latency": 44}, {"date": "2021-08-19-22-00-00", "latency": 44}, {"date": "2021-08-19-22-00-00", "latency": 44}]}, {"location": {"country_code": "es"}, "game_id": "295590", "values": [{"date": "2021-08-19-21-00-00", "latency": 433}, {"date": "2021-08-20-00-00-00", "latency": 73}, {"date": "2021-08-20-00-00-00", "latency": 73}, {"date": "2021-08-20-00-00-00", "latency": 73}, {"date": "2021-08-19-20-00-00", "latency": 433}]}, {"location": {"country_code": "ar"}, "game_id": "295590", "values": [{"date": "2021-08-19-06-00-00", "latency": 48}, {"date": "2021-08-19-19-00-00", "latency": 563}, {"date": "2021-08-19-19-00-00", "latency": 563}, {"date": "2021-08-19-03-00-00", "latency": 47}, {"date": "2021-08-19-03-00-00", "latency": 47}, {"date": "2021-08-19-03-00-00", "latency": 464}, {"date": "2021-08-19-17-00-00", "latency": 323}, {"date": "2021-08-19-19-00-00", "latency": 80}, {"date": "2021-08-19-19-00-00", "latency": 80}, {"date": "2021-08-19-19-00-00", "latency": 80}, {"date": "2021-08-19-22-00-00", "latency": 390}, {"date": "2021-08-19-22-00-00", "latency": 57}, {"date": "2021-08-19-08-00-00", "latency": 313}]}, {"location": {"country_code": "ar", "region": "Neuquen Province"}, "game_id": "295590", "values": [{"date": "2021-08-20-00-00-00", "latency": 164}, {"date": "2021-08-20-00-00-00", "latency": 164}]}, {"location": {"country_code": "ar", "region": "Buenos Aires"}, "game_id": "295590", "values": [{"date": "2021-08-19-21-00-00", "latency": 57}, {"date": "2021-08-19-21-00-00", "latency": 57}, {"date": "2021-08-19-21-00-00", "latency": 57}, {"date": "2021-08-19-04-00-00", "latency": 56}]}, {"location": {"country_code": "us", "region": "Michigan", "city": "Detroit"}, "game_id": "295590", "values": [{"date": "2021-08-19-05-00-00", "latency": 56}]}, {"location": {"country_code": "fi"}, "game_id": "295590", "values": [{"date": "2021-08-19-12-00-00", "latency": 313}]}, {"location": {"country_code": "fi", "region": "Southwest Finland", "city": "Turku"}, "game_id": "295590", "values": [{"date": "2021-08-19-18-00-00", "latency": 86}]}, {"location": {"country_code": "ar", "region": "Buenos Aires F.D.", "city": "Bahia Blanca"}, "game_id": "295590", "values": [{"date": "2021-08-19-05-00-00", "latency": 363}, {"date": "2021-08-19-16-00-00", "latency": 44}, {"date": "2021-08-19-07-00-00", "latency": 384}, {"date": "2021-08-19-05-00-00", "latency": 100}, {"date": "2021-08-19-05-00-00", "latency": 100}, {"date": "2021-08-19-20-00-00", "latency": 50}, {"date": "2021-08-19-20-00-00", "latency": 50}, {"date": "2021-08-19-20-00-00", "latency": 50}, {"date": "2021-08-19-05-00-00", "latency": 343}, {"date": "2021-08-20-02-00-00", "latency": 48}, {"date": "2021-08-19-14-00-00", "latency": 44}, {"date": "2021-08-19-18-00-00", "latency": 55}]}, {"location": {"country_code": "us", "region": "California", "city": "Elk Grove"}, "game_id": "295590", "values": [{"date": "2021-08-19-09-00-00", "latency": 313}, {"date": "2021-08-19-09-00-00", "latency": 313}, {"date": "2021-08-19-09-00-00", "latency": 313}]}, {"location": {"country_code": "br", "region": "Pernambuco"}, "game_id": "295590", "values": [{"date": "2021-08-19-04-00-00", "latency": 774}]}, {"location": {"country_code": "br", "region": "Maranhao", "city": "Paco do Lumiar"}, "game_id": "295590", "values": [{"date": "2021-08-19-02-00-00", "latency": 87}, {"date": "2021-08-19-02-00-00", "latency": 87}]}, {"location": {"country_code": "au", "region": "South Australia", "city": "Adelaide"}, "game_id": "295590", "values": [{"date": "2021-08-19-11-00-00", "latency": 86}]}, {"location": {"country_code": "us", "region": "Alaska", "city": "Ketchikan"}, "game_id": "295590", "values": [{"date": "2021-08-19-07-00-00", "latency": 311}, {"date": "2021-08-19-07-00-00", "latency": 311}, {"date": "2021-08-19-07-00-00", "latency": 311}, {"date": "2021-08-19-07-00-00", "latency": 311}, {"date": "2021-08-19-07-00-00", "latency": 311}, {"date": "2021-08-19-07-00-00", "latency": 311}, {"date": "2021-08-19-07-00-00", "latency": 311}, {"date": "2021-08-19-07-00-00", "latency": 311}]}, {"location": {"country_code": "mx", "region": "Puebla"}, "game_id": "295590", "values": [{"date": "2021-08-19-04-00-00", "latency": 113}]}, {"location": {"country_code": "hu"}, "game_id": "295590", "values": [{"date": "2021-08-20-00-00-00", "latency": 433}]}, {"location": {"country_code": "de", "region": "Bavaria"}, "game_id": "295590", "values": [{"date": "2021-08-19-02-00-00", "latency": 333}]}, {"location": {"country_code": "co"}, "game_id": "295590", "values": [{"date": "2021-08-19-08-00-00", "latency": 103}, {"date": "2021-08-19-19-00-00", "latency": 414}, {"date": "2021-08-19-19-00-00", "latency": 414}, {"date": "2021-08-19-07-00-00", "latency": 171}]}, {"location": {"country_code": "at"}, "game_id": "295590", "values": [{"date": "2021-08-20-00-00-00", "latency": 354}, {"date": "2021-08-20-02-00-00", "latency": 72}, {"date": "2021-08-20-02-00-00", "latency": 72}, {"date": "2021-08-20-02-00-00", "latency": 72}, {"date": "2021-08-20-02-00-00", "latency": 72}, {"date": "2021-08-20-02-00-00", "latency": 72}]}, {"location": {"country_code": "br", "region": "Estado de Bahia", "city": "Salvador"}, "game_id": "295590", "values": [{"date": "2021-08-19-04-00-00", "latency": 67}, {"date": "2021-08-19-04-00-00", "latency": 67}, {"date": "2021-08-19-04-00-00", "latency": 67}, {"date": "2021-08-19-04-00-00", "latency": 67}, {"date": "2021-08-19-04-00-00", "latency": 67}, {"date": "2021-08-19-04-00-00", "latency": 67}, {"date": "2021-08-19-04-00-00", "latency": 67}, {"date": "2021-08-19-04-00-00", "latency": 67}, {"date": "2021-08-19-02-00-00", "latency": 83}, {"date": "2021-08-20-01-00-00", "latency": 353}, {"date": "2021-08-20-00-00-00", "latency": 100}, {"date": "2021-08-19-04-00-00", "latency": 114}, {"date": "2021-08-19-04-00-00", "latency": 114}, {"date": "2021-08-19-04-00-00", "latency": 114}, {"date": "2021-08-19-04-00-00", "latency": 114}]}, {"location": {"country_code": "us", "region": "Arizona"}, "game_id": "295590", "values": [{"date": "2021-08-20-01-00-00", "latency": 553}]}, {"location": {"country_code": "mx", "region": "Veracruz"}, "game_id": "295590", "values": [{"date": "2021-08-19-07-00-00", "latency": 913}]}, {"location": {"country_code": "ve", "region": "Anzoategui", "city": "Barcelona"}, "game_id": "295590", "values": [{"date": "2021-08-19-02-00-00", "latency": 103}]}, {"location": {"country_code": "es", "region": "Catalonia", "city": "l'Hospitalet de Llobregat"}, "game_id": "295590", "values": [{"date": "2021-08-20-00-00-00", "latency": 59}, {"date": "2021-08-20-00-00-00", "latency": 59}, {"date": "2021-08-20-00-00-00", "latency": 59}, {"date": "2021-08-20-00-00-00", "latency": 59}, {"date": "2021-08-20-00-00-00", "latency": 59}, {"date": "2021-08-19-02-00-00", "latency": 76}]}, {"location": {"country_code": "pl"}, "game_id": "295590", "values": [{"date": "2021-08-19-22-00-00", "latency": 454}]}, {"location": {"country_code": "be"}, "game_id": "295590", "values": [{"date": "2021-08-20-01-00-00", "latency": 413}, {"date": "2021-08-20-01-00-00", "latency": 413}]}, {"location": {"country_code": "us", "region": "North Carolina"}, "game_id": "295590", "values": [{"date": "2021-08-19-08-00-00", "latency": 134}, {"date": "2021-08-19-08-00-00", "latency": 134}]}, {"location": {"country_code": "pe"}, "game_id": "295590", "values": [{"date": "2021-08-19-08-00-00", "latency": 111}, {"date": "2021-08-19-08-00-00", "latency": 111}, {"date": "2021-08-19-03-00-00", "latency": 171}, {"date": "2021-08-19-03-00-00", "latency": 171}, {"date": "2021-08-19-03-00-00", "latency": 171}, {"date": "2021-08-19-03-00-00", "latency": 171}, {"date": "2021-08-19-03-00-00", "latency": 171}, {"date": "2021-08-19-06-00-00", "latency": 92}, {"date": "2021-08-19-20-00-00", "latency": 130}, {"date": "2021-08-19-20-00-00", "latency": 130}]}, {"location": {"country_code": "br", "region": "Minas Gerais"}, "game_id": "295590", "values": [{"date": "2021-08-20-02-00-00", "latency": 75}]}, {"location": {"country_code": "br", "region": "Minas Gerais", "city": "Lavras"}, "game_id": "295590", "values": [{"date": "2021-08-19-04-00-00", "latency": 213}, {"date": "2021-08-19-04-00-00", "latency": 213}]}, {"location": {"country_code": "tr", "region": "Marmara Bolgesi", "city": "Istanbul"}, "game_id": "295590", "values": [{"date": "2021-08-19-21-00-00", "latency": 34}, {"date": "2021-08-19-21-00-00", "latency": 34}]}, {"location": {"country_code": "us", "region": "District of Columbia", "city": "Washington"}, "game_id": "295590", "values": [{"date": "2021-08-19-20-00-00", "latency": 64}, {"date": "2021-08-19-20-00-00", "latency": 64}, {"date": "2021-08-19-20-00-00", "latency": 64}]}, {"location": {"country_code": "us", "region": "Minnesota", "city": "Minneapolis"}, "game_id": "295590", "values": [{"date": "2021-08-19-06-00-00", "latency": 173}]}, {"location": {"country_code": "br", "region": "Santa Catarina", "city": "Palhoca"}, "game_id": "295590", "values": [{"date": "2021-08-19-15-00-00", "latency": 274}, {"date": "2021-08-19-02-00-00", "latency": 51}]}, {"location": {"country_code": "br", "region": "Pernambuco", "city": "Pombos"}, "game_id": "295590", "values": [{"date": "2021-08-20-02-00-00", "latency": 62}]}, {"location": {"country_code": "cl", "region": "Santiago Metropolitan", "city": "Santiago"}, "game_id": "295590", "values": [{"date": "2021-08-20-01-00-00", "latency": 96}, {"date": "2021-08-20-01-00-00", "latency": 96}, {"date": "2021-08-19-06-00-00", "latency": 123}, {"date": "2021-08-19-06-00-00", "latency": 123}]}, {"location": {"country_code": "sk"}, "game_id": "295590", "values": [{"date": "2021-08-19-10-00-00", "latency": 72}, {"date": "2021-08-19-08-00-00", "latency": 273}]}, {"location": {"country_code": "co", "region": "El Valle", "city": "Cali"}, "game_id": "295590", "values": [{"date": "2021-08-19-21-00-00", "latency": 233}, {"date": "2021-08-19-21-00-00", "latency": 233}, {"date": "2021-08-19-21-00-00", "latency": 233}]}, {"location": {"country_code": "br", "region": "Rio Grande do Sul", "city": "Porto Alegre"}, "game_id": "295590", "values": [{"date": "2021-08-19-03-00-00", "latency": 51}, {"date": "2021-08-19-03-00-00", "latency": 47}, {"date": "2021-08-19-03-00-00", "latency": 47}, {"date": "2021-08-19-15-00-00", "latency": 50}, {"date": "2021-08-19-04-00-00", "latency": 56}, {"date": "2021-08-20-02-00-00", "latency": 324}]}, {"location": {"country_code": "us", "region": "Colorado", "city": "Denver"}, "game_id": "295590", "values": [{"date": "2021-08-19-10-00-00", "latency": 324}, {"date": "2021-08-19-10-00-00", "latency": 324}, {"date": "2021-08-19-10-00-00", "latency": 324}]}, {"location": {"country_code": "tr", "region": "Marmara Bolgesi", "city": "Bursa"}, "game_id": "295590", "values": [{"date": "2021-08-20-01-00-00", "latency": 68}, {"date": "2021-08-20-01-00-00", "latency": 68}, {"date": "2021-08-20-01-00-00", "latency": 68}]}, {"location": {"country_code": "br", "region": "State of Rio de Janeiro", "city": "Angra dos Reis"}, "game_id": "295590", "values": [{"date": "2021-08-20-01-00-00", "latency": 174}, {"date": "2021-08-19-03-00-00", "latency": 124}, {"date": "2021-08-19-04-00-00", "latency": 273}, {"date": "2021-08-19-16-00-00", "latency": 184}, {"date": "2021-08-19-22-00-00", "latency": 106}, {"date": "2021-08-19-02-00-00", "latency": 314}, {"date": "2021-08-19-05-00-00", "latency": 49}, {"date": "2021-08-19-05-00-00", "latency": 49}]}, {"location": {"country_code": "es", "region": "Andalusia", "city": "Almeria"}, "game_id": "295590", "values": [{"date": "2021-08-19-03-00-00", "latency": 54}, {"date": "2021-08-19-03-00-00", "latency": 54}, {"date": "2021-08-19-03-00-00", "latency": 54}]}, {"location": {"country_code": "fr", "region": "Alvernia-Rodano-Alpi", "city": "Mars"}, "game_id": "295590", "values": [{"date": "2021-08-20-00-00-00", "latency": 66}, {"date": "2021-08-20-00-00-00", "latency": 66}, {"date": "2021-08-20-00-00-00", "latency": 66}]}, {"location": {"country_code": "fr", "region": "Borgogna-Franca Contea", "city": "Besancon"}, "game_id": "295590", "values": [{"date": "2021-08-19-18-00-00", "latency": 183}]}, {"location": {"country_code": "ca", "region": "Quebec", "city": "Montreal"}, "game_id": "295590", "values": [{"date": "2021-08-19-22-00-00", "latency": 220}]}, {"location": {"country_code": "br", "region": "Rio Grande do Sul"}, "game_id": "295590", "values": [{"date": "2021-08-20-01-00-00", "latency": 237}]}, {"location": {"country_code": "br", "region": "Pernambuco", "city": "Olinda"}, "game_id": "295590", "values": [{"date": "2021-08-19-03-00-00", "latency": 64}, {"date": "2021-08-19-03-00-00", "latency": 64}, {"date": "2021-08-19-03-00-00", "latency": 64}]}, {"location": {"country_code": "kw"}, "game_id": "295590", "values": [{"date": "2021-08-20-02-00-00", "latency": 154}, {"date": "2021-08-20-02-00-00", "latency": 154}]}, {"location": {"country_code": "pe", "region": "Lima region", "city": "Lima"}, "game_id": "295590", "values": [{"date": "2021-08-19-21-00-00", "latency": 71}]}, {"location": {"country_code": "ar", "region": "Santa Fe Province", "city": "Rosario"}, "game_id": "295590", "values": [{"date": "2021-08-19-04-00-00", "latency": 343}]}, {"location": {"country_code": "mx", "region": "Tamaulipas"}, "game_id": "295590", "values": [{"date": "2021-08-19-07-00-00", "latency": 89}, {"date": "2021-08-19-07-00-00", "latency": 89}, {"date": "2021-08-19-07-00-00", "latency": 89}]}, {"location": {"country_code": "de", "region": "Lower Saxony", "city": "Hanover"}, "game_id": "295590", "values": [{"date": "2021-08-20-01-00-00", "latency": 178}]}, {"location": {"country_code": "us", "region": "Texas", "city": "Irving"}, "game_id": "295590", "values": [{"date": "2021-08-19-20-00-00", "latency": 438}, {"date": "2021-08-19-18-00-00", "latency": 317}]}, {"location": {"country_code": "br", "region": "Ceara", "city": "Itapipoca"}, "game_id": "295590", "values": [{"date": "2021-08-19-04-00-00", "latency": 83}]}, {"location": {"country_code": "fr", "region": "Alvernia-Rodano-Alpi", "city": "Lyon"}, "game_id": "295590", "values": [{"date": "2021-08-19-11-00-00", "latency": 215}, {"date": "2021-08-19-11-00-00", "latency": 215}, {"date": "2021-08-19-11-00-00", "latency": 215}, {"date": "2021-08-19-19-00-00", "latency": 36}]}, {"location": {"country_code": "fr", "region": "Pays de la Loire Region", "city": "Nantes"}, "game_id": "295590", "values": [{"date": "2021-08-20-02-00-00", "latency": 343}, {"date": "2021-08-20-01-00-00", "latency": 56}, {"date": "2021-08-20-01-00-00", "latency": 56}]}, {"location": {"country_code": "au", "region": "Queensland", "city": "Brisbane"}, "game_id": "295590", "values": [{"date": "2021-08-19-13-00-00", "latency": 71}, {"date": "2021-08-19-13-00-00", "latency": 51}]}, {"location": {"country_code": "hn"}, "game_id": "295590", "values": [{"date": "2021-08-19-07-00-00", "latency": 107}]}, {"location": {"country_code": "ca", "region": "Quebec"}, "game_id": "295590", "values": [{"date": "2021-08-19-03-00-00", "latency": 140}, {"date": "2021-08-19-07-00-00", "latency": 423}, {"date": "2021-08-19-03-00-00", "latency": 283}]}, {"location": {"country_code": "us", "region": "Rhode Island"}, "game_id": "295590", "values": [{"date": "2021-08-19-18-00-00", "latency": 403}]}, {"location": {"country_code": "br", "region": "Parana", "city": "Foz do Iguacu"}, "game_id": "295590", "values": [{"date": "2021-08-19-06-00-00", "latency": 264}]}, {"location": {"country_code": "ng", "region": "Lagos", "city": "Lagos"}, "game_id": "295590", "values": [{"date": "2021-08-19-16-00-00", "latency": 232}]}, {"location": {"country_code": "us", "region": "Washington", "city": "Seattle"}, "game_id": "295590", "values": [{"date": "2021-08-19-04-00-00", "latency": 70}, {"date": "2021-08-19-08-00-00", "latency": 95}]}, {"location": {"country_code": "us", "region": "Florida", "city": "Tampa"}, "game_id": "295590", "values": [{"date": "2021-08-20-00-00-00", "latency": 533}]}, {"location": {"country_code": "za", "region": "Western Cape", "city": "Cape Town"}, "game_id": "295590", "values": [{"date": "2021-08-19-22-00-00", "latency": 200}]}, {"location": {"country_code": "br", "region": "Sao Paulo", "city": "Jacarei"}, "game_id": "295590", "values": [{"date": "2021-08-19-02-00-00", "latency": 213}]}, {"location": {"country_code": "bg"}, "game_id": "295590", "values": [{"date": "2021-08-19-19-00-00", "latency": 363}]}, {"location": {"country_code": "es", "region": "Balearic Islands", "city": "Palma"}, "game_id": "295590", "values": [{"date": "2021-08-19-22-00-00", "latency": 413}, {"date": "2021-08-19-22-00-00", "latency": 413}, {"date": "2021-08-19-22-00-00", "latency": 413}, {"date": "2021-08-19-22-00-00", "latency": 413}]}, {"location": {"country_code": "de", "region": "North Rhine-Westphalia"}, "game_id": "295590", "values": [{"date": "2021-08-20-00-00-00", "latency": 274}, {"date": "2021-08-20-00-00-00", "latency": 274}, {"date": "2021-08-19-06-00-00", "latency": 53}, {"date": "2021-08-19-18-00-00", "latency": 243}]}, {"location": {"country_code": "br", "region": "Espirito Santo", "city": "Guarapari"}, "game_id": "295590", "values": [{"date": "2021-08-19-19-00-00", "latency": 45}]}, {"location": {"country_code": "de", "region": "Brandenburg"}, "game_id": "295590", "values": [{"date": "2021-08-19-15-00-00", "latency": 264}]}, {"location": {"country_code": "br", "region": "Sao Paulo", "city": "Varzea Paulista"}, "game_id": "295590", "values": [{"date": "2021-08-19-13-00-00", "latency": 194}, {"date": "2021-08-19-13-00-00", "latency": 194}]}, {"location": {"country_code": "ec", "region": "Pichincha", "city": "Quito"}, "game_id": "295590", "values": [{"date": "2021-08-19-04-00-00", "latency": 79}]}, {"location": {"country_code": "es", "region": "Galicia", "city": "Vigo"}, "game_id": "295590", "values": [{"date": "2021-08-19-19-00-00", "latency": 413}]}, {"location": {"country_code": "us", "region": "Arkansas"}, "game_id": "295590", "values": [{"date": "2021-08-19-03-00-00", "latency": 84}, {"date": "2021-08-19-03-00-00", "latency": 84}, {"date": "2021-08-19-03-00-00", "latency": 84}, {"date": "2021-08-19-03-00-00", "latency": 84}, {"date": "2021-08-19-03-00-00", "latency": 84}, {"date": "2021-08-19-03-00-00", "latency": 84}]}, {"location": {"country_code": "mx", "region": "Sonora", "city": "Hermosillo"}, "game_id": "295590", "values": [{"date": "2021-08-19-04-00-00", "latency": 914}]}, {"location": {"country_code": "br", "region": "Parana", "city": "Apucarana"}, "game_id": "295590", "values": [{"date": "2021-08-19-08-00-00", "latency": 167}]}, {"location": {"country_code": "br", "region": "Amazonas", "city": "Manaus"}, "game_id": "295590", "values": [{"date": "2021-08-20-00-00-00", "latency": 114}]}, {"location": {"country_code": "de", "region": "Brandenburg", "city": "Schonefeld"}, "game_id": "295590", "values": [{"date": "2021-08-19-20-00-00", "latency": 243}]}, {"location": {"country_code": "br", "region": "Espirito Santo"}, "game_id": "295590", "values": [{"date": "2021-08-19-15-00-00", "latency": 61}, {"date": "2021-08-19-15-00-00", "latency": 61}]}, {"location": {"country_code": "br", "region": "Para", "city": "Tailandia"}, "game_id": "295590", "values": [{"date": "2021-08-19-04-00-00", "latency": 88}, {"date": "2021-08-19-04-00-00", "latency": 88}, {"date": "2021-08-19-04-00-00", "latency": 88}, {"date": "2021-08-19-02-00-00", "latency": 694}, {"date": "2021-08-20-01-00-00", "latency": 827}]}, {"location": {"country_code": "br", "region": "Sao Paulo", "city": "Barretos"}, "game_id": "295590", "values": [{"date": "2021-08-19-07-00-00", "latency": 184}, {"date": "2021-08-19-07-00-00", "latency": 184}]}, {"location": {"country_code": "br", "region": "Sao Paulo", "city": "Sertaozinho"}, "game_id": "295590", "values": [{"date": "2021-08-19-20-00-00", "latency": 33}]}, {"location": {"country_code": "pl", "region": "Greater Poland Voivodeship", "city": "Nedzerzew"}, "game_id": "295590", "values": [{"date": "2021-08-19-11-00-00", "latency": 64}, {"date": "2021-08-19-11-00-00", "latency": 64}]}, {"location": {"country_code": "br", "region": "Sao Paulo", "city": "Itapetininga"}, "game_id": "295590", "values": [{"date": "2021-08-19-06-00-00", "latency": 143}]}, {"location": {"country_code": "za", "region": "Gauteng", "city": "Roodepoort"}, "game_id": "295590", "values": [{"date": "2021-08-19-23-00-00", "latency": 308}, {"date": "2021-08-19-23-00-00", "latency": 308}]}, {"location": {"country_code": "es", "region": "Balearic Islands"}, "game_id": "295590", "values": [{"date": "2021-08-19-20-00-00", "latency": 99}, {"date": "2021-08-19-20-00-00", "latency": 99}, {"date": "2021-08-19-20-00-00", "latency": 99}]}, {"location": {"country_code": "mx", "region": "Chihuahua"}, "game_id": "295590", "values": [{"date": "2021-08-19-06-00-00", "latency": 101}, {"date": "2021-08-19-06-00-00", "latency": 101}, {"date": "2021-08-19-06-00-00", "latency": 101}]}, {"location": {"country_code": "br", "region": "Sao Paulo", "city": "Sao Bernardo do Campo"}, "game_id": "295590", "values": [{"date": "2021-08-19-23-00-00", "latency": 113}]}, {"location": {"country_code": "ma"}, "game_id": "295590", "values": [{"date": "2021-08-19-22-00-00", "latency": 97}, {"date": "2021-08-19-22-00-00", "latency": 97}, {"date": "2021-08-19-22-00-00", "latency": 97}, {"date": "2021-08-19-22-00-00", "latency": 97}, {"date": "2021-08-19-22-00-00", "latency": 97}, {"date": "2021-08-19-22-00-00", "latency": 97}]}, {"location": {"country_code": "br", "region": "Paraiba", "city": "Santa Rita"}, "game_id": "295590", "values": [{"date": "2021-08-19-02-00-00", "latency": 331}]}, {"location": {"country_code": "jp", "region": "Kyoto", "city": "Uji"}, "game_id": "295590", "values": [{"date": "2021-08-20-01-00-00", "latency": 563}]}, {"location": {"country_code": "ar", "region": "Misiones Province"}, "game_id": "295590", "values": [{"date": "2021-08-19-20-00-00", "latency": 654}]}, {"location": {"country_code": "br", "region": "Roraima", "city": "Boa Vista"}, "game_id": "295590", "values": [{"date": "2021-08-19-05-00-00", "latency": 123}, {"date": "2021-08-19-05-00-00", "latency": 123}]}, {"location": {"country_code": "de", "region": "North Rhine-Westphalia", "city": "Meerbusch"}, "game_id": "295590", "values": [{"date": "2021-08-19-19-00-00", "latency": 74}, {"date": "2021-08-19-19-00-00", "latency": 74}]}, {"location": {"country_code": "gb", "region": "England", "city": "Stoke-on-Trent"}, "game_id": "295590", "values": [{"date": "2021-08-19-20-00-00", "latency": 31}]}, {"location": {"country_code": "us", "region": "Guam", "city": "Dededo"}, "game_id": "295590", "values": [{"date": "2021-08-19-19-00-00", "latency": 201}, {"date": "2021-08-19-19-00-00", "latency": 201}]}, {"location": {"country_code": "br", "region": "Sao Paulo", "city": "Catanduva"}, "game_id": "295590", "values": [{"date": "2021-08-19-20-00-00", "latency": 213}, {"date": "2021-08-19-20-00-00", "latency": 213}]}, {"location": {"country_code": "ph", "region": "National Capital Region", "city": "Muntinlupa"}, "game_id": "295590", "values": [{"date": "2021-08-19-17-00-00", "latency": 250}, {"date": "2021-08-19-17-00-00", "latency": 250}, {"date": "2021-08-19-17-00-00", "latency": 250}]}, {"location": {"country_code": "mx", "region": "Sinaloa"}, "game_id": "295590", "values": [{"date": "2021-08-20-00-00-00", "latency": 115}, {"date": "2021-08-20-00-00-00", "latency": 115}]}, {"location": {"country_code": "de", "region": "North Rhine-Westphalia", "city": "Oberhausen"}, "game_id": "295590", "values": [{"date": "2021-08-19-21-00-00", "latency": 213}]}, {"location": {"country_code": "it", "region": "The Marches"}, "game_id": "295590", "values": [{"date": "2021-08-19-14-00-00", "latency": 44}]}, {"location": {"country_code": "cl", "region": "Aysen", "city": "Coyhaique"}, "game_id": "295590", "values": [{"date": "2021-08-19-04-00-00", "latency": 323}]}, {"location": {"country_code": "it", "region": "Apulia"}, "game_id": "295590", "values": [{"date": "2021-08-19-13-00-00", "latency": 543}]}, {"location": {"country_code": "jm", "region": "Clarendon"}, "game_id": "295590", "values": [{"date": "2021-08-19-19-00-00", "latency": 573}]}, {"location": {"country_code": "ar", "region": "Rio Negro Province"}, "game_id": "295590", "values": [{"date": "2021-08-19-19-00-00", "latency": 39}]}, {"location": {"country_code": "tr", "region": "Marmara Bolgesi", "city": "Besiktas"}, "game_id": "295590", "values": [{"date": "2021-08-19-15-00-00", "latency": 533}, {"date": "2021-08-19-15-00-00", "latency": 533}]}, {"location": {"country_code": "cl", "region": "Araucania", "city": "Temuco"}, "game_id": "295590", "values": [{"date": "2021-08-19-04-00-00", "latency": 194}]}, {"location": {"country_code": "br", "region": "Rio Grande do Sul", "city": "Canoas"}, "game_id": "295590", "values": [{"date": "2021-08-19-06-00-00", "latency": 254}]}, {"location": {"country_code": "kg"}, "game_id": "295590", "values": [{"date": "2021-08-19-21-00-00", "latency": 107}, {"date": "2021-08-19-21-00-00", "latency": 107}, {"date": "2021-08-19-21-00-00", "latency": 107}]}, {"location": {"country_code": "br", "region": "Sao Paulo", "city": "Cosmorama"}, "game_id": "295590", "values": [{"date": "2021-08-19-06-00-00", "latency": 274}]}, {"location": {"country_code": "br", "region": "Parana", "city": "Santa Amelia"}, "game_id": "295590", "values": [{"date": "2021-08-19-03-00-00", "latency": 184}]}, {"location": {"country_code": "gb", "region": "England", "city": "Ashton-in-Makerfield"}, "game_id": "295590", "values": [{"date": "2021-08-19-07-00-00", "latency": 343}, {"date": "2021-08-19-07-00-00", "latency": 343}]}, {"location": {"country_code": "ar", "region": "La Rioja Province"}, "game_id": "295590", "values": [{"date": "2021-08-19-21-00-00", "latency": 95}, {"date": "2021-08-19-21-00-00", "latency": 95}, {"date": "2021-08-19-21-00-00", "latency": 95}, {"date": "2021-08-19-21-00-00", "latency": 95}]}, {"location": {"country_code": "br", "region": "Sao Paulo", "city": "Boituva"}, "game_id": "295590", "values": [{"date": "2021-08-19-04-00-00", "latency": 41}, {"date": "2021-08-19-04-00-00", "latency": 41}]}, {"location": {"country_code": "be", "region": "Hainaut Province", "city": "Mons"}, "game_id": "295590", "values": [{"date": "2021-08-20-00-00-00", "latency": 94}, {"date": "2021-08-20-00-00-00", "latency": 94}, {"date": "2021-08-20-00-00-00", "latency": 94}]}, {"location": {"country_code": "br", "region": "Minas Gerais", "city": "Recreio"}, "game_id": "295590", "values": [{"date": "2021-08-20-01-00-00", "latency": 50}]}, {"location": {"country_code": "ru", "region": "Rostov Oblast", "city": "Taganrog"}, "game_id": "295590", "values": [{"date": "2021-08-19-09-00-00", "latency": 82}, {"date": "2021-08-19-09-00-00", "latency": 82}, {"date": "2021-08-19-09-00-00", "latency": 82}]}, {"location": {"country_code": "us", "region": "California", "city": "Murrieta"}, "game_id": "295590", "values": [{"date": "2021-08-19-05-00-00", "latency": 75}]}, {"location": {"country_code": "br", "region": "Minas Gerais", "city": "Vespasiano"}, "game_id": "295590", "values": [{"date": "2021-08-19-04-00-00", "latency": 334}]}, {"location": {"country_code": "fr", "region": "Ile-de-France Region", "city": "Le Kremlin-Bicetre"}, "game_id": "295590", "values": [{"date": "2021-08-19-19-00-00", "latency": 204}]}, {"location": {"country_code": "nz", "region": "Bay of Plenty Region"}, "game_id": "295590", "values": [{"date": "2021-08-19-06-00-00", "latency": 77}, {"date": "2021-08-19-06-00-00", "latency": 77}, {"date": "2021-08-19-06-00-00", "latency": 77}, {"date": "2021-08-19-06-00-00", "latency": 77}, {"date": "2021-08-19-06-00-00", "latency": 77}, {"date": "2021-08-19-06-00-00", "latency": 77}, {"date": "2021-08-19-06-00-00", "latency": 77}, {"date": "2021-08-19-06-00-00", "latency": 77}]}, {"location": {"country_code": "us", "region": "Pennsylvania", "city": "Grand View Heights"}, "game_id": "295590", "values": [{"date": "2021-08-20-01-00-00", "latency": 413}, {"date": "2021-08-20-01-00-00", "latency": 413}]}], "last_updated": 1719927572.307578}