{"data": [{"location": {"country_code": "us"}, "game_id": "747108", "values": [{"date": "2024-04-16-18-00-00", "alternatives": ["1", "15", "15"]}, {"date": "2024-04-16-18-00-00", "alternatives": ["1", "15", "15"]}, {"date": "2024-04-16-18-00-00", "alternatives": ["1", "15", "15"]}, {"date": "2024-04-16-18-00-00", "alternatives": ["1", "15", "15"]}, {"date": "2024-04-16-18-00-00", "alternatives": ["1", "15", "15"]}, {"date": "2024-04-16-18-00-00", "alternatives": ["1", "15", "15"]}, {"date": "2024-04-16-18-00-00", "alternatives": ["1", "15", "15"]}, {"date": "2024-04-16-18-00-00", "alternatives": ["1", "15", "15"]}, {"date": "2024-04-16-18-00-00", "alternatives": ["1", "15", "15"]}, {"date": "2024-04-16-18-00-00", "alternatives": ["1", "15", "15"]}, {"date": "2024-04-16-18-00-00", "alternatives": ["1", "15", "15"]}, {"date": "2024-04-16-18-00-00", "alternatives": ["1", "15", "15"]}, {"date": "2024-04-16-18-00-00", "alternatives": ["1", "15", "15"]}, {"date": "2024-04-16-18-00-00", "alternatives": ["1", "15", "15"]}, {"date": "2024-04-16-18-00-00", "alternatives": ["1", "15", "15"]}, {"date": "2024-04-16-18-00-00", "alternatives": ["1", "15", "15"]}, {"date": "2024-04-17-02-00-00", "alternatives": ["4", "4", "40"]}, {"date": "2024-04-17-02-00-00", "alternatives": ["4", "4", "40"]}, {"date": "2024-04-17-02-00-00", "alternatives": ["4", "4", "40"]}, {"date": "2024-04-17-02-00-00", "alternatives": ["4", "4", "40"]}, {"date": "2024-04-17-02-00-00", "alternatives": ["4", "4", "40"]}]}, {"location": {"country_code": "ro"}, "game_id": "747108", "values": [{"date": "2024-04-16-22-00-00", "alternatives": ["3", "31", "3"]}, {"date": "2024-04-16-22-00-00", "alternatives": ["3", "31", "3"]}, {"date": "2024-04-16-22-00-00", "alternatives": ["3", "31", "3"]}, {"date": "2024-04-16-22-00-00", "alternatives": ["3", "31", "3"]}, {"date": "2024-04-16-22-00-00", "alternatives": ["3", "31", "3"]}, {"date": "2024-04-16-22-00-00", "alternatives": ["3", "31", "3"]}, {"date": "2024-04-16-22-00-00", "alternatives": ["3", "31", "3"]}, {"date": "2024-04-16-22-00-00", "alternatives": ["3", "31", "3"]}, {"date": "2024-04-16-22-00-00", "alternatives": ["3", "31", "3"]}, {"date": "2024-04-16-22-00-00", "alternatives": ["3", "31", "3"]}]}, {"location": {"country_code": "ca"}, "game_id": "747108", "values": [{"date": "2024-04-16-15-00-00", "alternatives": ["31", "31", "3"]}, {"date": "2024-04-16-15-00-00", "alternatives": ["31", "31", "3"]}, {"date": "2024-04-16-15-00-00", "alternatives": ["31", "31", "3"]}, {"date": "2024-04-16-15-00-00", "alternatives": ["31", "31", "3"]}, {"date": "2024-04-16-15-00-00", "alternatives": ["31", "31", "3"]}, {"date": "2024-04-16-15-00-00", "alternatives": ["31", "31", "3"]}, {"date": "2024-04-16-15-00-00", "alternatives": ["31", "31", "3"]}, {"date": "2024-04-16-15-00-00", "alternatives": ["31", "31", "3"]}, {"date": "2024-04-16-15-00-00", "alternatives": ["31", "31", "3"]}, {"date": "2024-04-16-15-00-00", "alternatives": ["31", "31", "3"]}, {"date": "2024-04-16-15-00-00", "alternatives": ["31", "31", "3"]}, {"date": "2024-04-16-15-00-00", "alternatives": ["31", "31", "3"]}, {"date": "2024-04-16-15-00-00", "alternatives": ["31", "31", "3"]}, {"date": "2024-04-16-15-00-00", "alternatives": ["31", "31", "3"]}, {"date": "2024-04-16-15-00-00", "alternatives": ["31", "31", "3"]}, {"date": "2024-04-16-15-00-00", "alternatives": ["31", "31", "3"]}, {"date": "2024-04-16-15-00-00", "alternatives": ["31", "31", "3"]}, {"date": "2024-04-16-15-00-00", "alternatives": ["31", "31", "3"]}, {"date": "2024-04-16-15-00-00", "alternatives": ["31", "31", "3"]}]}, {"location": {"country_code": "ca", "region": "Ontario"}, "game_id": "747108", "values": [{"date": "2024-04-17-01-00-00", "alternatives": ["31", "31", "3"]}, {"date": "2024-04-17-01-00-00", "alternatives": ["31", "31", "3"]}, {"date": "2024-04-17-01-00-00", "alternatives": ["31", "31", "3"]}, {"date": "2024-04-17-01-00-00", "alternatives": ["31", "31", "3"]}, {"date": "2024-04-17-01-00-00", "alternatives": ["31", "31", "3"]}, {"date": "2024-04-17-01-00-00", "alternatives": ["31", "31", "3"]}, {"date": "2024-04-17-01-00-00", "alternatives": ["31", "31", "3"]}, {"date": "2024-04-17-01-00-00", "alternatives": ["31", "31", "3"]}, {"date": "2024-04-17-01-00-00", "alternatives": ["31", "31", "3"]}, {"date": "2024-04-17-01-00-00", "alternatives": ["31", "31", "3"]}, {"date": "2024-04-17-01-00-00", "alternatives": ["31", "31", "3"]}, {"date": "2024-04-17-01-00-00", "alternatives": ["31", "31", "3"]}, {"date": "2024-04-17-01-00-00", "alternatives": ["31", "31", "3"]}, {"date": "2024-04-17-01-00-00", "alternatives": ["31", "31", "3"]}, {"date": "2024-04-17-01-00-00", "alternatives": ["31", "31", "3"]}, {"date": "2024-04-17-01-00-00", "alternatives": ["31", "31", "3"]}, {"date": "2024-04-17-01-00-00", "alternatives": ["31", "31", "3"]}, {"date": "2024-04-17-01-00-00", "alternatives": ["31", "31", "3"]}, {"date": "2024-04-17-01-00-00", "alternatives": ["31", "31", "3"]}, {"date": "2024-04-17-01-00-00", "alternatives": ["31", "31", "3"]}]}, {"location": {"country_code": "de", "region": "Bavaria", "city": "Munich"}, "game_id": "747108", "values": [{"date": "2024-04-17-01-00-00", "alternatives": [7, 17, 47, 7, 7]}]}, {"location": {"country_code": "cl"}, "game_id": "747108", "values": [{"date": "2024-04-16-09-00-00", "alternatives": ["620", "62", "62"]}, {"date": "2024-04-16-09-00-00", "alternatives": ["620", "62", "62"]}, {"date": "2024-04-16-09-00-00", "alternatives": ["620", "62", "62"]}, {"date": "2024-04-16-09-00-00", "alternatives": ["620", "62", "62"]}, {"date": "2024-04-16-09-00-00", "alternatives": ["620", "62", "62"]}]}, {"location": {"country_code": "mx"}, "game_id": "747108", "values": [{"date": "2024-04-16-06-00-00", "alternatives": ["79", "7", "79"]}, {"date": "2024-04-16-06-00-00", "alternatives": ["79", "7", "79"]}, {"date": "2024-04-16-06-00-00", "alternatives": ["79", "7", "79"]}, {"date": "2024-04-16-06-00-00", "alternatives": ["79", "7", "79"]}, {"date": "2024-04-16-06-00-00", "alternatives": ["79", "7", "79"]}, {"date": "2024-04-16-06-00-00", "alternatives": ["79", "7", "79"]}, {"date": "2024-04-16-06-00-00", "alternatives": ["79", "7", "79"]}, {"date": "2024-04-16-06-00-00", "alternatives": ["79", "7", "79"]}, {"date": "2024-04-16-06-00-00", "alternatives": ["79", "7", "79"]}, {"date": "2024-04-16-06-00-00", "alternatives": ["79", "7", "79"]}, {"date": "2024-04-16-06-00-00", "alternatives": ["79", "7", "79"]}, {"date": "2024-04-16-06-00-00", "alternatives": ["79", "7", "79"]}, {"date": "2024-04-16-06-00-00", "alternatives": ["79", "7", "79"]}, {"date": "2024-04-16-06-00-00", "alternatives": ["79", "7", "79"]}, {"date": "2024-04-16-06-00-00", "alternatives": ["79", "7", "79"]}, {"date": "2024-04-16-06-00-00", "alternatives": ["79", "7", "79"]}, {"date": "2024-04-16-06-00-00", "alternatives": ["79", "7", "79"]}, {"date": "2024-04-16-06-00-00", "alternatives": ["79", "7", "79"]}, {"date": "2024-04-16-06-00-00", "alternatives": ["79", "7", "79"]}]}, {"location": {"country_code": "br"}, "game_id": "747108", "values": [{"date": "2024-04-16-17-00-00", "alternatives": [3, 31, 31, 31, 31]}, {"date": "2024-04-16-17-00-00", "alternatives": [3, 31, 31, 31, 31]}, {"date": "2024-04-16-17-00-00", "alternatives": [3, 31, 31, 31, 31]}, {"date": "2024-04-16-17-00-00", "alternatives": [3, 31, 31, 31, 31]}, {"date": "2024-04-16-17-00-00", "alternatives": [3, 31, 31, 31, 31]}, {"date": "2024-04-16-17-00-00", "alternatives": [3, 31, 31, 31, 31]}, {"date": "2024-04-16-17-00-00", "alternatives": [3, 31, 31, 31, 31]}, {"date": "2024-04-16-17-00-00", "alternatives": [3, 31, 31, 31, 31]}, {"date": "2024-04-16-17-00-00", "alternatives": [3, 31, 31, 31, 31]}, {"date": "2024-04-16-17-00-00", "alternatives": [3, 31, 31, 31, 31]}, {"date": "2024-04-16-17-00-00", "alternatives": [3, 31, 31, 31, 31]}, {"date": "2024-04-16-17-00-00", "alternatives": [3, 31, 31, 31, 31]}, {"date": "2024-04-16-17-00-00", "alternatives": [3, 31, 31, 31, 31]}, {"date": "2024-04-16-17-00-00", "alternatives": [3, 31, 31, 31, 31]}, {"date": "2024-04-16-17-00-00", "alternatives": [3, 31, 31, 31, 31]}, {"date": "2024-04-16-17-00-00", "alternatives": [3, 31, 31, 31, 31]}, {"date": "2024-04-16-17-00-00", "alternatives": [3, 31, 31, 31, 31]}, {"date": "2024-04-16-17-00-00", "alternatives": [3, 31, 31, 31, 31]}, {"date": "2024-04-17-01-00-00", "alternatives": ["1", "1", "15"]}, {"date": "2024-04-17-01-00-00", "alternatives": ["1", "1", "15"]}, {"date": "2024-04-17-01-00-00", "alternatives": ["1", "1", "15"]}]}, {"location": {"country_code": "us", "region": "Maryland", "city": "Dundalk"}, "game_id": "747108", "values": [{"date": "2024-04-17-01-00-00", "alternatives": ["16", "6", "16"]}, {"date": "2024-04-17-01-00-00", "alternatives": ["16", "6", "16"]}, {"date": "2024-04-17-01-00-00", "alternatives": ["16", "6", "16"]}, {"date": "2024-04-17-01-00-00", "alternatives": ["16", "6", "16"]}, {"date": "2024-04-17-01-00-00", "alternatives": ["16", "6", "16"]}, {"date": "2024-04-17-01-00-00", "alternatives": ["16", "6", "16"]}, {"date": "2024-04-17-01-00-00", "alternatives": ["16", "6", "16"]}, {"date": "2024-04-17-01-00-00", "alternatives": ["16", "6", "16"]}, {"date": "2024-04-17-01-00-00", "alternatives": ["16", "6", "16"]}, {"date": "2024-04-17-01-00-00", "alternatives": ["16", "6", "16"]}, {"date": "2024-04-17-01-00-00", "alternatives": ["16", "6", "16"]}, {"date": "2024-04-17-01-00-00", "alternatives": ["16", "6", "16"]}]}, {"location": {"country_code": "tr"}, "game_id": "747108", "values": [{"date": "2024-04-16-18-00-00", "alternatives": ["63", "63", "03"]}, {"date": "2024-04-16-18-00-00", "alternatives": ["63", "63", "03"]}, {"date": "2024-04-16-18-00-00", "alternatives": ["63", "63", "03"]}, {"date": "2024-04-16-18-00-00", "alternatives": ["63", "63", "03"]}, {"date": "2024-04-16-18-00-00", "alternatives": ["63", "63", "03"]}, {"date": "2024-04-16-18-00-00", "alternatives": ["63", "63", "03"]}, {"date": "2024-04-16-18-00-00", "alternatives": ["63", "63", "03"]}, {"date": "2024-04-16-18-00-00", "alternatives": ["63", "63", "03"]}, {"date": "2024-04-16-18-00-00", "alternatives": ["63", "63", "03"]}, {"date": "2024-04-16-18-00-00", "alternatives": ["63", "63", "03"]}, {"date": "2024-04-16-18-00-00", "alternatives": ["63", "63", "03"]}, {"date": "2024-04-16-18-00-00", "alternatives": ["63", "63", "03"]}, {"date": "2024-04-16-18-00-00", "alternatives": ["63", "63", "03"]}, {"date": "2024-04-16-18-00-00", "alternatives": ["63", "63", "03"]}, {"date": "2024-04-16-18-00-00", "alternatives": ["63", "63", "03"]}, {"date": "2024-04-16-18-00-00", "alternatives": ["63", "63", "03"]}, {"date": "2024-04-16-18-00-00", "alternatives": ["63", "63", "03"]}, {"date": "2024-04-16-18-00-00", "alternatives": ["63", "63", "03"]}, {"date": "2024-04-16-18-00-00", "alternatives": ["63", "63", "03"]}]}, {"location": {"country_code": "ar"}, "game_id": "747108", "values": [{"date": "2024-04-16-21-00-00", "alternatives": ["46", "46", "6"]}, {"date": "2024-04-16-21-00-00", "alternatives": ["46", "46", "6"]}, {"date": "2024-04-16-21-00-00", "alternatives": ["46", "46", "6"]}, {"date": "2024-04-16-21-00-00", "alternatives": ["46", "46", "6"]}, {"date": "2024-04-16-21-00-00", "alternatives": ["46", "46", "6"]}, {"date": "2024-04-16-21-00-00", "alternatives": ["46", "46", "6"]}, {"date": "2024-04-16-21-00-00", "alternatives": ["46", "46", "6"]}, {"date": "2024-04-16-21-00-00", "alternatives": ["46", "46", "6"]}, {"date": "2024-04-16-21-00-00", "alternatives": ["46", "46", "6"]}, {"date": "2024-04-17-02-00-00", "alternatives": ["624", "62", "62"]}, {"date": "2024-04-17-02-00-00", "alternatives": ["624", "62", "62"]}, {"date": "2024-04-17-02-00-00", "alternatives": ["624", "62", "62"]}, {"date": "2024-04-17-02-00-00", "alternatives": ["624", "62", "62"]}, {"date": "2024-04-17-02-00-00", "alternatives": ["624", "62", "62"]}, {"date": "2024-04-17-02-00-00", "alternatives": ["624", "62", "62"]}, {"date": "2024-04-17-02-00-00", "alternatives": ["624", "62", "62"]}, {"date": "2024-04-17-02-00-00", "alternatives": ["624", "62", "62"]}, {"date": "2024-04-17-02-00-00", "alternatives": ["624", "62", "62"]}, {"date": "2024-04-17-02-00-00", "alternatives": ["624", "62", "62"]}, {"date": "2024-04-17-02-00-00", "alternatives": ["624", "62", "62"]}, {"date": "2024-04-17-02-00-00", "alternatives": ["624", "62", "62"]}]}, {"location": {"country_code": "mx", "region": "Puebla"}, "game_id": "747108", "values": [{"date": "2024-04-17-02-00-00", "alternatives": ["6", "62", "62"]}]}, {"location": {"country_code": "at"}, "game_id": "747108", "values": [{"date": "2024-04-16-20-00-00", "alternatives": [94, 4, 9415, 94, 94]}, {"date": "2024-04-16-20-00-00", "alternatives": [94, 4, 9415, 94, 94]}, {"date": "2024-04-16-20-00-00", "alternatives": [94, 4, 9415, 94, 94]}, {"date": "2024-04-16-20-00-00", "alternatives": [94, 4, 9415, 94, 94]}, {"date": "2024-04-16-20-00-00", "alternatives": [94, 4, 9415, 94, 94]}, {"date": "2024-04-16-20-00-00", "alternatives": [94, 4, 9415, 94, 94]}, {"date": "2024-04-16-20-00-00", "alternatives": [94, 4, 9415, 94, 94]}, {"date": "2024-04-16-20-00-00", "alternatives": [94, 4, 9415, 94, 94]}, {"date": "2024-04-16-20-00-00", "alternatives": [94, 4, 9415, 94, 94]}, {"date": "2024-04-16-20-00-00", "alternatives": [94, 4, 9415, 94, 94]}]}, {"location": {"country_code": "es", "region": "Catalonia", "city": "l'Hospitalet de Llobregat"}, "game_id": "747108", "values": [{"date": "2024-04-17-01-00-00", "alternatives": ["31", "1", "31"]}, {"date": "2024-04-16-17-00-00", "alternatives": ["46", "46", "40"]}, {"date": "2024-04-16-17-00-00", "alternatives": ["46", "46", "40"]}, {"date": "2024-04-16-17-00-00", "alternatives": ["46", "46", "40"]}, {"date": "2024-04-16-17-00-00", "alternatives": ["46", "46", "40"]}]}, {"location": {"country_code": "co", "region": "El Valle", "city": "Cali"}, "game_id": "747108", "values": [{"date": "2024-04-17-01-00-00", "alternatives": ["470", "7", "7"]}, {"date": "2024-04-17-01-00-00", "alternatives": ["470", "7", "7"]}, {"date": "2024-04-17-01-00-00", "alternatives": ["470", "7", "7"]}, {"date": "2024-04-17-01-00-00", "alternatives": ["470", "7", "7"]}, {"date": "2024-04-17-01-00-00", "alternatives": ["470", "7", "7"]}, {"date": "2024-04-17-01-00-00", "alternatives": ["470", "7", "7"]}, {"date": "2024-04-17-01-00-00", "alternatives": ["470", "7", "7"]}, {"date": "2024-04-17-01-00-00", "alternatives": ["470", "7", "7"]}, {"date": "2024-04-17-01-00-00", "alternatives": ["470", "7", "7"]}, {"date": "2024-04-17-01-00-00", "alternatives": ["470", "7", "7"]}, {"date": "2024-04-17-01-00-00", "alternatives": ["470", "7", "7"]}, {"date": "2024-04-17-01-00-00", "alternatives": ["470", "7", "7"]}, {"date": "2024-04-17-01-00-00", "alternatives": ["470", "7", "7"]}, {"date": "2024-04-17-01-00-00", "alternatives": ["470", "7", "7"]}, {"date": "2024-04-17-01-00-00", "alternatives": ["470", "7", "7"]}, {"date": "2024-04-17-01-00-00", "alternatives": ["470", "7", "7"]}]}, {"location": {"country_code": "us", "region": "Minnesota"}, "game_id": "747108", "values": [{"date": "2024-04-16-16-00-00", "alternatives": ["47", "7", "47"]}, {"date": "2024-04-16-16-00-00", "alternatives": ["47", "7", "47"]}]}, {"location": {"country_code": "fr", "region": "Alvernia-Rodano-Alpi", "city": "Lyon"}, "game_id": "747108", "values": [{"date": "2024-04-16-23-00-00", "alternatives": ["16", "16", "10"]}, {"date": "2024-04-16-23-00-00", "alternatives": ["16", "16", "10"]}, {"date": "2024-04-16-23-00-00", "alternatives": ["16", "16", "10"]}, {"date": "2024-04-16-23-00-00", "alternatives": ["16", "16", "10"]}, {"date": "2024-04-16-23-00-00", "alternatives": ["16", "16", "10"]}, {"date": "2024-04-16-23-00-00", "alternatives": ["16", "16", "10"]}, {"date": "2024-04-16-23-00-00", "alternatives": ["16", "16", "10"]}, {"date": "2024-04-16-23-00-00", "alternatives": ["16", "16", "10"]}, {"date": "2024-04-16-23-00-00", "alternatives": ["16", "16", "10"]}, {"date": "2024-04-16-23-00-00", "alternatives": ["16", "16", "10"]}, {"date": "2024-04-16-23-00-00", "alternatives": ["16", "16", "10"]}, {"date": "2024-04-16-23-00-00", "alternatives": ["16", "16", "10"]}, {"date": "2024-04-16-23-00-00", "alternatives": ["16", "16", "10"]}, {"date": "2024-04-16-23-00-00", "alternatives": ["16", "16", "10"]}, {"date": "2024-04-16-23-00-00", "alternatives": ["16", "16", "10"]}, {"date": "2024-04-16-23-00-00", "alternatives": ["16", "16", "10"]}, {"date": "2024-04-16-23-00-00", "alternatives": ["16", "16", "10"]}]}, {"location": {"country_code": "de", "region": "North Rhine-Westphalia"}, "game_id": "747108", "values": [{"date": "2024-04-16-21-00-00", "alternatives": ["31", "81", "31"]}, {"date": "2024-04-16-21-00-00", "alternatives": ["31", "81", "31"]}, {"date": "2024-04-16-21-00-00", "alternatives": ["31", "81", "31"]}, {"date": "2024-04-16-21-00-00", "alternatives": ["31", "81", "31"]}, {"date": "2024-04-16-21-00-00", "alternatives": ["31", "81", "31"]}, {"date": "2024-04-16-21-00-00", "alternatives": ["31", "81", "31"]}, {"date": "2024-04-16-21-00-00", "alternatives": ["31", "81", "31"]}, {"date": "2024-04-16-21-00-00", "alternatives": ["31", "81", "31"]}, {"date": "2024-04-16-21-00-00", "alternatives": ["31", "81", "31"]}, {"date": "2024-04-16-21-00-00", "alternatives": ["31", "81", "31"]}, {"date": "2024-04-16-21-00-00", "alternatives": ["31", "81", "31"]}, {"date": "2024-04-16-21-00-00", "alternatives": ["31", "81", "31"]}, {"date": "2024-04-16-21-00-00", "alternatives": ["31", "81", "31"]}, {"date": "2024-04-16-21-00-00", "alternatives": ["31", "81", "31"]}, {"date": "2024-04-16-21-00-00", "alternatives": ["31", "81", "31"]}, {"date": "2024-04-16-21-00-00", "alternatives": ["31", "81", "31"]}, {"date": "2024-04-16-21-00-00", "alternatives": ["31", "81", "31"]}, {"date": "2024-04-16-21-00-00", "alternatives": ["31", "81", "31"]}, {"date": "2024-04-16-21-00-00", "alternatives": ["31", "81", "31"]}, {"date": "2024-04-16-21-00-00", "alternatives": ["31", "81", "31"]}]}, {"location": {"country_code": "es", "region": "Valencia", "city": "Orihuela"}, "game_id": "747108", "values": [{"date": "2024-04-16-23-00-00", "alternatives": ["1", "1", "15"]}, {"date": "2024-04-16-23-00-00", "alternatives": ["1", "1", "15"]}, {"date": "2024-04-16-23-00-00", "alternatives": ["1", "1", "15"]}]}, {"location": {"country_code": "fr", "region": "Nord-Passo di Calais-Piccardia"}, "game_id": "747108", "values": [{"date": "2024-04-17-01-00-00", "alternatives": ["31", "3", "3"]}, {"date": "2024-04-17-01-00-00", "alternatives": ["31", "3", "3"]}, {"date": "2024-04-17-01-00-00", "alternatives": ["31", "3", "3"]}, {"date": "2024-04-17-01-00-00", "alternatives": ["31", "3", "3"]}, {"date": "2024-04-17-01-00-00", "alternatives": ["31", "3", "3"]}, {"date": "2024-04-17-01-00-00", "alternatives": ["31", "3", "3"]}, {"date": "2024-04-17-01-00-00", "alternatives": ["31", "3", "3"]}, {"date": "2024-04-17-01-00-00", "alternatives": ["31", "3", "3"]}, {"date": "2024-04-17-01-00-00", "alternatives": ["31", "3", "3"]}, {"date": "2024-04-17-01-00-00", "alternatives": ["31", "3", "3"]}, {"date": "2024-04-17-01-00-00", "alternatives": ["31", "3", "3"]}, {"date": "2024-04-17-01-00-00", "alternatives": ["31", "3", "3"]}, {"date": "2024-04-17-01-00-00", "alternatives": ["31", "3", "3"]}, {"date": "2024-04-17-01-00-00", "alternatives": ["31", "3", "3"]}, {"date": "2024-04-17-01-00-00", "alternatives": ["31", "3", "3"]}, {"date": "2024-04-17-01-00-00", "alternatives": ["31", "3", "3"]}, {"date": "2024-04-17-01-00-00", "alternatives": ["31", "3", "3"]}, {"date": "2024-04-17-01-00-00", "alternatives": ["31", "3", "3"]}, {"date": "2024-04-17-01-00-00", "alternatives": ["31", "3", "3"]}, {"date": "2024-04-17-01-00-00", "alternatives": ["31", "3", "3"]}]}, {"location": {"country_code": "br", "region": "Sao Paulo", "city": "Sertaozinho"}, "game_id": "747108", "values": [{"date": "2024-04-16-17-00-00", "alternatives": ["31", "31", "3"]}, {"date": "2024-04-16-17-00-00", "alternatives": ["31", "31", "3"]}, {"date": "2024-04-16-17-00-00", "alternatives": ["31", "31", "3"]}, {"date": "2024-04-16-17-00-00", "alternatives": ["31", "31", "3"]}, {"date": "2024-04-16-17-00-00", "alternatives": ["31", "31", "3"]}, {"date": "2024-04-16-17-00-00", "alternatives": ["31", "31", "3"]}, {"date": "2024-04-16-17-00-00", "alternatives": ["31", "31", "3"]}, {"date": "2024-04-16-17-00-00", "alternatives": ["31", "31", "3"]}, {"date": "2024-04-16-17-00-00", "alternatives": ["31", "31", "3"]}]}, {"location": {"country_code": "tr", "region": "Marmara Bolgesi", "city": "Sakarya"}, "game_id": "747108", "values": [{"date": "2024-04-16-11-00-00", "alternatives": ["3", "31", "3"]}, {"date": "2024-04-16-11-00-00", "alternatives": ["3", "31", "3"]}, {"date": "2024-04-16-11-00-00", "alternatives": ["3", "31", "3"]}, {"date": "2024-04-16-11-00-00", "alternatives": ["3", "31", "3"]}, {"date": "2024-04-16-11-00-00", "alternatives": ["3", "31", "3"]}, {"date": "2024-04-16-11-00-00", "alternatives": ["3", "31", "3"]}, {"date": "2024-04-16-11-00-00", "alternatives": ["3", "31", "3"]}, {"date": "2024-04-16-11-00-00", "alternatives": ["3", "31", "3"]}, {"date": "2024-04-16-11-00-00", "alternatives": ["3", "31", "3"]}, {"date": "2024-04-16-11-00-00", "alternatives": ["3", "31", "3"]}, {"date": "2024-04-16-11-00-00", "alternatives": ["3", "31", "3"]}, {"date": "2024-04-16-11-00-00", "alternatives": ["3", "31", "3"]}]}, {"location": {"country_code": "co", "region": "Bogota"}, "game_id": "747108", "values": [{"date": "2024-04-16-09-00-00", "alternatives": ["78", "78", "0"]}, {"date": "2024-04-16-09-00-00", "alternatives": ["78", "78", "0"]}, {"date": "2024-04-16-09-00-00", "alternatives": ["78", "78", "0"]}, {"date": "2024-04-16-09-00-00", "alternatives": ["78", "78", "0"]}, {"date": "2024-04-16-09-00-00", "alternatives": ["78", "78", "0"]}, {"date": "2024-04-16-09-00-00", "alternatives": ["78", "78", "0"]}, {"date": "2024-04-16-09-00-00", "alternatives": ["78", "78", "0"]}, {"date": "2024-04-16-09-00-00", "alternatives": ["78", "78", "0"]}, {"date": "2024-04-16-09-00-00", "alternatives": ["78", "78", "0"]}, {"date": "2024-04-16-09-00-00", "alternatives": ["78", "78", "0"]}, {"date": "2024-04-16-09-00-00", "alternatives": ["78", "78", "0"]}, {"date": "2024-04-16-09-00-00", "alternatives": ["78", "78", "0"]}, {"date": "2024-04-16-09-00-00", "alternatives": ["78", "78", "0"]}, {"date": "2024-04-16-09-00-00", "alternatives": ["78", "78", "0"]}, {"date": "2024-04-16-09-00-00", "alternatives": ["78", "78", "0"]}, {"date": "2024-04-16-09-00-00", "alternatives": ["78", "78", "0"]}, {"date": "2024-04-16-09-00-00", "alternatives": ["78", "78", "0"]}, {"date": "2024-04-16-09-00-00", "alternatives": ["78", "78", "0"]}, {"date": "2024-04-16-09-00-00", "alternatives": ["78", "78", "0"]}, {"date": "2024-04-16-09-00-00", "alternatives": ["78", "78", "0"]}]}, {"location": {"country_code": "br", "region": "Parana", "city": "Barracao"}, "game_id": "747108", "values": [{"date": "2024-04-16-03-00-00", "alternatives": ["3", "31", "31"]}, {"date": "2024-04-16-03-00-00", "alternatives": ["3", "31", "31"]}]}, {"location": {"country_code": "us", "region": "Arkansas", "city": "Newport"}, "game_id": "747108", "values": [{"date": "2024-04-16-22-00-00", "alternatives": ["16", "164", "16"]}, {"date": "2024-04-16-22-00-00", "alternatives": ["16", "164", "16"]}, {"date": "2024-04-16-22-00-00", "alternatives": ["16", "164", "16"]}, {"date": "2024-04-16-22-00-00", "alternatives": ["16", "164", "16"]}, {"date": "2024-04-16-22-00-00", "alternatives": ["16", "164", "16"]}, {"date": "2024-04-16-22-00-00", "alternatives": ["16", "164", "16"]}, {"date": "2024-04-16-22-00-00", "alternatives": ["16", "164", "16"]}, {"date": "2024-04-16-22-00-00", "alternatives": ["16", "164", "16"]}, {"date": "2024-04-16-22-00-00", "alternatives": ["16", "164", "16"]}, {"date": "2024-04-16-22-00-00", "alternatives": ["16", "164", "16"]}, {"date": "2024-04-16-22-00-00", "alternatives": ["16", "164", "16"]}, {"date": "2024-04-16-22-00-00", "alternatives": ["16", "164", "16"]}, {"date": "2024-04-16-22-00-00", "alternatives": ["16", "164", "16"]}, {"date": "2024-04-16-22-00-00", "alternatives": ["16", "164", "16"]}, {"date": "2024-04-16-22-00-00", "alternatives": ["16", "164", "16"]}, {"date": "2024-04-16-22-00-00", "alternatives": ["16", "164", "16"]}, {"date": "2024-04-16-22-00-00", "alternatives": ["16", "164", "16"]}, {"date": "2024-04-16-22-00-00", "alternatives": ["16", "164", "16"]}, {"date": "2024-04-16-22-00-00", "alternatives": ["16", "164", "16"]}, {"date": "2024-04-16-22-00-00", "alternatives": ["16", "164", "16"]}, {"date": "2024-04-16-22-00-00", "alternatives": ["16", "164", "16"]}, {"date": "2024-04-16-22-00-00", "alternatives": ["16", "164", "16"]}, {"date": "2024-04-16-22-00-00", "alternatives": ["16", "164", "16"]}, {"date": "2024-04-16-22-00-00", "alternatives": ["16", "164", "16"]}, {"date": "2024-04-16-22-00-00", "alternatives": ["16", "164", "16"]}]}], "last_updated": 1719918528.541654}