{"data": [{"location": {"country_code": "nz"}, "game_id": "295590", "values": [{"date": "2023-08-14-04-00-00", "latency": 0}, {"date": "2023-08-14-05-00-00", "latency": 14}]}, {"location": {"country_code": "us"}, "game_id": "295590", "values": [{"date": "2023-08-14-04-00-00", "latency": 5}, {"date": "2023-08-14-05-00-00", "latency": 3}, {"date": "2023-08-14-23-00-00", "latency": 3}, {"date": "2023-08-14-06-00-00", "latency": 4}, {"date": "2023-08-14-19-00-00", "latency": 3}, {"date": "2023-08-14-17-00-00", "latency": 5}, {"date": "2023-08-14-17-00-00", "latency": 5}, {"date": "2023-08-14-17-00-00", "latency": 5}, {"date": "2023-08-14-17-00-00", "latency": 5}, {"date": "2023-08-14-17-00-00", "latency": 5}, {"date": "2023-08-14-17-00-00", "latency": 5}, {"date": "2023-08-14-17-00-00", "latency": 5}, {"date": "2023-08-14-17-00-00", "latency": 5}, {"date": "2023-08-14-17-00-00", "latency": 5}, {"date": "2023-08-14-17-00-00", "latency": 5}, {"date": "2023-08-14-17-00-00", "latency": 5}, {"date": "2023-08-14-17-00-00", "latency": 5}, {"date": "2023-08-14-17-00-00", "latency": 5}, {"date": "2023-08-14-17-00-00", "latency": 5}, {"date": "2023-08-14-17-00-00", "latency": 5}, {"date": "2023-08-14-17-00-00", "latency": 5}, {"date": "2023-08-14-17-00-00", "latency": 5}, {"date": "2023-08-14-17-00-00", "latency": 5}, {"date": "2023-08-14-17-00-00", "latency": 5}, {"date": "2023-08-14-17-00-00", "latency": 5}, {"date": "2023-08-14-17-00-00", "latency": 5}, {"date": "2023-08-14-17-00-00", "latency": 5}, {"date": "2023-08-14-17-00-00", "latency": 5}, {"date": "2023-08-14-17-00-00", "latency": 5}, {"date": "2023-08-14-17-00-00", "latency": 5}, {"date": "2023-08-14-17-00-00", "latency": 5}, {"date": "2023-08-14-17-00-00", "latency": 5}, {"date": "2023-08-14-17-00-00", "latency": 5}, {"date": "2023-08-14-17-00-00", "latency": 5}, {"date": "2023-08-14-17-00-00", "latency": 5}, {"date": "2023-08-14-17-00-00", "latency": 5}, {"date": "2023-08-14-17-00-00", "latency": 5}, {"date": "2023-08-14-17-00-00", "latency": 5}, {"date": "2023-08-14-17-00-00", "latency": 5}, {"date": "2023-08-14-17-00-00", "latency": 5}, {"date": "2023-08-14-17-00-00", "latency": 5}, {"date": "2023-08-14-17-00-00", "latency": 5}, {"date": "2023-08-14-17-00-00", "latency": 5}, {"date": "2023-08-14-17-00-00", "latency": 5}, {"date": "2023-08-14-17-00-00", "latency": 5}, {"date": "2023-08-14-17-00-00", "latency": 5}, {"date": "2023-08-14-17-00-00", "latency": 5}, {"date": "2023-08-14-17-00-00", "latency": 5}, {"date": "2023-08-14-17-00-00", "latency": 5}, {"date": "2023-08-14-17-00-00", "latency": 5}, {"date": "2023-08-14-17-00-00", "latency": 5}, {"date": "2023-08-14-17-00-00", "latency": 5}, {"date": "2023-08-14-17-00-00", "latency": 5}, {"date": "2023-08-14-17-00-00", "latency": 5}, {"date": "2023-08-14-17-00-00", "latency": 5}, {"date": "2023-08-14-17-00-00", "latency": 5}, {"date": "2023-08-14-17-00-00", "latency": 5}, {"date": "2023-08-14-17-00-00", "latency": 5}, {"date": "2023-08-14-17-00-00", "latency": 5}, {"date": "2023-08-14-17-00-00", "latency": 5}, {"date": "2023-08-14-17-00-00", "latency": 5}, {"date": "2023-08-14-17-00-00", "latency": 5}, {"date": "2023-08-14-17-00-00", "latency": 5}, {"date": "2023-08-14-17-00-00", "latency": 5}, {"date": "2023-08-14-17-00-00", "latency": 5}, {"date": "2023-08-14-17-00-00", "latency": 5}, {"date": "2023-08-14-17-00-00", "latency": 5}, {"date": "2023-08-14-17-00-00", "latency": 5}, {"date": "2023-08-14-17-00-00", "latency": 5}, {"date": "2023-08-14-17-00-00", "latency": 5}, {"date": "2023-08-14-17-00-00", "latency": 5}, {"date": "2023-08-14-17-00-00", "latency": 5}, {"date": "2023-08-14-17-00-00", "latency": 5}, {"date": "2023-08-14-17-00-00", "latency": 5}, {"date": "2023-08-14-17-00-00", "latency": 5}, {"date": "2023-08-14-17-00-00", "latency": 5}, {"date": "2023-08-14-17-00-00", "latency": 5}, {"date": "2023-08-14-17-00-00", "latency": 5}, {"date": "2023-08-14-17-00-00", "latency": 5}, {"date": "2023-08-14-17-00-00", "latency": 5}, {"date": "2023-08-14-17-00-00", "latency": 5}, {"date": "2023-08-14-17-00-00", "latency": 5}, {"date": "2023-08-14-17-00-00", "latency": 5}, {"date": "2023-08-14-17-00-00", "latency": 5}, {"date": "2023-08-14-17-00-00", "latency": 5}, {"date": "2023-08-14-17-00-00", "latency": 5}, {"date": "2023-08-14-17-00-00", "latency": 5}, {"date": "2023-08-14-17-00-00", "latency": 5}, {"date": "2023-08-14-17-00-00", "latency": 5}, {"date": "2023-08-14-17-00-00", "latency": 5}, {"date": "2023-08-14-17-00-00", "latency": 5}, {"date": "2023-08-14-17-00-00", "latency": 5}, {"date": "2023-08-14-17-00-00", "latency": 5}, {"date": "2023-08-14-17-00-00", "latency": 5}, {"date": "2023-08-14-17-00-00", "latency": 5}, {"date": "2023-08-14-17-00-00", "latency": 5}, {"date": "2023-08-14-17-00-00", "latency": 5}, {"date": "2023-08-14-17-00-00", "latency": 5}, {"date": "2023-08-14-17-00-00", "latency": 5}, {"date": "2023-08-14-17-00-00", "latency": 5}, {"date": "2023-08-14-17-00-00", "latency": 5}, {"date": "2023-08-14-17-00-00", "latency": 5}, {"date": "2023-08-14-17-00-00", "latency": 5}, {"date": "2023-08-14-13-00-00", "latency": 0}, {"date": "2023-08-14-13-00-00", "latency": 0}, {"date": "2023-08-14-08-00-00", "latency": 3}, {"date": "2023-08-14-08-00-00", "latency": 3}, {"date": "2023-08-14-08-00-00", "latency": 3}, {"date": "2023-08-14-08-00-00", "latency": 3}, {"date": "2023-08-14-23-00-00", "latency": 4}, {"date": "2023-08-15-02-00-00", "latency": 1}, {"date": "2023-08-15-02-00-00", "latency": 1}, {"date": "2023-08-15-02-00-00", "latency": 1}, {"date": "2023-08-15-02-00-00", "latency": 1}, {"date": "2023-08-14-03-00-00", "latency": 1}, {"date": "2023-08-15-02-00-00", "latency": 4}, {"date": "2023-08-15-02-00-00", "latency": 4}, {"date": "2023-08-15-02-00-00", "latency": 4}, {"date": "2023-08-15-02-00-00", "latency": 4}, {"date": "2023-08-15-02-00-00", "latency": 4}, {"date": "2023-08-15-02-00-00", "latency": 4}, {"date": "2023-08-15-02-00-00", "latency": 4}, {"date": "2023-08-15-02-00-00", "latency": 4}, {"date": "2023-08-15-02-00-00", "latency": 4}, {"date": "2023-08-15-02-00-00", "latency": 4}, {"date": "2023-08-15-02-00-00", "latency": 4}, {"date": "2023-08-15-02-00-00", "latency": 4}, {"date": "2023-08-15-02-00-00", "latency": 4}, {"date": "2023-08-15-02-00-00", "latency": 4}, {"date": "2023-08-15-02-00-00", "latency": 4}, {"date": "2023-08-15-02-00-00", "latency": 4}, {"date": "2023-08-15-02-00-00", "latency": 4}, {"date": "2023-08-14-04-00-00", "latency": 2}, {"date": "2023-08-14-08-00-00", "latency": 2}, {"date": "2023-08-14-11-00-00", "latency": 1}, {"date": "2023-08-14-06-00-00", "latency": 2}, {"date": "2023-08-15-02-00-00", "latency": 4}, {"date": "2023-08-14-09-00-00", "latency": 3}, {"date": "2023-08-14-09-00-00", "latency": 3}, {"date": "2023-08-14-09-00-00", "latency": 3}]}, {"location": {"country_code": "us", "region": "California", "city": "East Los Angeles"}, "game_id": "295590", "values": [{"date": "2023-08-15-01-00-00", "latency": 7}, {"date": "2023-08-15-01-00-00", "latency": 7}, {"date": "2023-08-14-21-00-00", "latency": 3}, {"date": "2023-08-14-21-00-00", "latency": 3}, {"date": "2023-08-14-09-00-00", "latency": 8}, {"date": "2023-08-14-09-00-00", "latency": 8}, {"date": "2023-08-14-04-00-00", "latency": 7}, {"date": "2023-08-14-04-00-00", "latency": 7}]}, {"location": {"country_code": "us", "region": "Texas"}, "game_id": "295590", "values": [{"date": "2023-08-14-04-00-00", "latency": 13}, {"date": "2023-08-14-07-00-00", "latency": 7}, {"date": "2023-08-14-07-00-00", "latency": 7}, {"date": "2023-08-14-07-00-00", "latency": 7}, {"date": "2023-08-14-07-00-00", "latency": 7}, {"date": "2023-08-14-07-00-00", "latency": 7}, {"date": "2023-08-14-07-00-00", "latency": 7}, {"date": "2023-08-14-15-00-00", "latency": 0}, {"date": "2023-08-14-15-00-00", "latency": 0}, {"date": "2023-08-14-15-00-00", "latency": 0}, {"date": "2023-08-14-15-00-00", "latency": 0}, {"date": "2023-08-14-06-00-00", "latency": 2}, {"date": "2023-08-14-22-00-00", "latency": 4}, {"date": "2023-08-14-03-00-00", "latency": 2}, {"date": "2023-08-14-03-00-00", "latency": 2}, {"date": "2023-08-14-02-00-00", "latency": 0}, {"date": "2023-08-14-03-00-00", "latency": 0}, {"date": "2023-08-14-03-00-00", "latency": 0}]}, {"location": {"country_code": "us", "region": "Tennessee", "city": "Memphis"}, "game_id": "295590", "values": [{"date": "2023-08-14-21-00-00", "latency": 22}]}, {"location": {"country_code": "in", "region": "Tamil Nadu"}, "game_id": "295590", "values": [{"date": "2023-08-14-04-00-00", "latency": 7}]}, {"location": {"country_code": "de", "region": "Berlin", "city": "Berlin"}, "game_id": "295590", "values": [{"date": "2023-08-14-16-00-00", "latency": 3}, {"date": "2023-08-14-22-00-00", "latency": 3}]}, {"location": {"country_code": "eg"}, "game_id": "295590", "values": [{"date": "2023-08-14-22-00-00", "latency": 53}, {"date": "2023-08-14-22-00-00", "latency": 7}, {"date": "2023-08-14-22-00-00", "latency": 7}, {"date": "2023-08-14-22-00-00", "latency": 7}, {"date": "2023-08-14-22-00-00", "latency": 7}]}, {"location": {"country_code": "us", "region": "New York", "city": "Jamestown"}, "game_id": "295590", "values": [{"date": "2023-08-14-05-00-00", "latency": 7}, {"date": "2023-08-14-22-00-00", "latency": 2}, {"date": "2023-08-14-22-00-00", "latency": 2}, {"date": "2023-08-14-18-00-00", "latency": 4}, {"date": "2023-08-14-18-00-00", "latency": 4}, {"date": "2023-08-14-18-00-00", "latency": 4}, {"date": "2023-08-14-18-00-00", "latency": 4}, {"date": "2023-08-14-18-00-00", "latency": 4}, {"date": "2023-08-14-18-00-00", "latency": 4}, {"date": "2023-08-14-18-00-00", "latency": 4}, {"date": "2023-08-14-18-00-00", "latency": 4}, {"date": "2023-08-14-18-00-00", "latency": 4}, {"date": "2023-08-14-18-00-00", "latency": 4}, {"date": "2023-08-14-18-00-00", "latency": 4}, {"date": "2023-08-14-18-00-00", "latency": 4}, {"date": "2023-08-14-18-00-00", "latency": 4}, {"date": "2023-08-14-18-00-00", "latency": 4}, {"date": "2023-08-14-18-00-00", "latency": 4}, {"date": "2023-08-14-18-00-00", "latency": 4}, {"date": "2023-08-14-18-00-00", "latency": 4}, {"date": "2023-08-14-18-00-00", "latency": 4}, {"date": "2023-08-14-18-00-00", "latency": 4}, {"date": "2023-08-14-18-00-00", "latency": 4}, {"date": "2023-08-14-18-00-00", "latency": 4}, {"date": "2023-08-14-18-00-00", "latency": 4}, {"date": "2023-08-14-18-00-00", "latency": 4}, {"date": "2023-08-14-18-00-00", "latency": 4}, {"date": "2023-08-14-18-00-00", "latency": 4}, {"date": "2023-08-14-18-00-00", "latency": 4}, {"date": "2023-08-14-18-00-00", "latency": 4}, {"date": "2023-08-14-18-00-00", "latency": 4}, {"date": "2023-08-14-18-00-00", "latency": 4}, {"date": "2023-08-14-18-00-00", "latency": 4}, {"date": "2023-08-14-18-00-00", "latency": 4}, {"date": "2023-08-14-18-00-00", "latency": 4}, {"date": "2023-08-14-18-00-00", "latency": 4}, {"date": "2023-08-14-18-00-00", "latency": 4}, {"date": "2023-08-14-18-00-00", "latency": 4}, {"date": "2023-08-14-18-00-00", "latency": 4}, {"date": "2023-08-14-18-00-00", "latency": 4}, {"date": "2023-08-14-18-00-00", "latency": 4}, {"date": "2023-08-14-18-00-00", "latency": 4}, {"date": "2023-08-14-18-00-00", "latency": 4}, {"date": "2023-08-14-18-00-00", "latency": 4}, {"date": "2023-08-14-18-00-00", "latency": 4}, {"date": "2023-08-14-18-00-00", "latency": 4}, {"date": "2023-08-14-18-00-00", "latency": 4}, {"date": "2023-08-14-18-00-00", "latency": 4}, {"date": "2023-08-14-18-00-00", "latency": 4}, {"date": "2023-08-14-18-00-00", "latency": 4}, {"date": "2023-08-14-18-00-00", "latency": 4}, {"date": "2023-08-14-18-00-00", "latency": 4}, {"date": "2023-08-14-18-00-00", "latency": 4}, {"date": "2023-08-14-18-00-00", "latency": 4}, {"date": "2023-08-14-18-00-00", "latency": 4}, {"date": "2023-08-14-18-00-00", "latency": 4}, {"date": "2023-08-14-18-00-00", "latency": 4}, {"date": "2023-08-14-18-00-00", "latency": 4}, {"date": "2023-08-14-18-00-00", "latency": 4}, {"date": "2023-08-14-18-00-00", "latency": 4}, {"date": "2023-08-14-18-00-00", "latency": 4}, {"date": "2023-08-14-18-00-00", "latency": 4}, {"date": "2023-08-14-18-00-00", "latency": 4}, {"date": "2023-08-14-18-00-00", "latency": 4}, {"date": "2023-08-14-18-00-00", "latency": 4}]}, {"location": {"country_code": "gb"}, "game_id": "295590", "values": [{"date": "2023-08-14-16-00-00", "latency": 3}, {"date": "2023-08-14-19-00-00", "latency": 0}]}, {"location": {"country_code": "th"}, "game_id": "295590", "values": [{"date": "2023-08-14-06-00-00", "latency": 4}]}, {"location": {"country_code": "gr"}, "game_id": "295590", "values": [{"date": "2023-08-14-05-00-00", "latency": 6}, {"date": "2023-08-14-02-00-00", "latency": 2}, {"date": "2023-08-14-15-00-00", "latency": 3}, {"date": "2023-08-14-15-00-00", "latency": 3}, {"date": "2023-08-14-14-00-00", "latency": 3}, {"date": "2023-08-15-01-00-00", "latency": 4}]}, {"location": {"country_code": "us", "region": "Arizona", "city": "Tucson"}, "game_id": "295590", "values": [{"date": "2023-08-14-23-00-00", "latency": 8}]}, {"location": {"country_code": "pa"}, "game_id": "295590", "values": [{"date": "2023-08-14-23-00-00", "latency": 5}, {"date": "2023-08-14-07-00-00", "latency": 5}, {"date": "2023-08-14-07-00-00", "latency": 5}, {"date": "2023-08-14-07-00-00", "latency": 5}]}, {"location": {"country_code": "nl"}, "game_id": "295590", "values": [{"date": "2023-08-14-20-00-00", "latency": 4}, {"date": "2023-08-14-20-00-00", "latency": 4}, {"date": "2023-08-14-20-00-00", "latency": 4}, {"date": "2023-08-14-20-00-00", "latency": 4}, {"date": "2023-08-14-20-00-00", "latency": 4}, {"date": "2023-08-14-20-00-00", "latency": 4}, {"date": "2023-08-14-20-00-00", "latency": 4}, {"date": "2023-08-14-20-00-00", "latency": 4}, {"date": "2023-08-14-20-00-00", "latency": 4}, {"date": "2023-08-14-20-00-00", "latency": 4}, {"date": "2023-08-14-20-00-00", "latency": 4}, {"date": "2023-08-14-20-00-00", "latency": 4}, {"date": "2023-08-14-20-00-00", "latency": 4}, {"date": "2023-08-14-20-00-00", "latency": 4}, {"date": "2023-08-14-20-00-00", "latency": 4}, {"date": "2023-08-14-20-00-00", "latency": 4}, {"date": "2023-08-14-20-00-00", "latency": 4}, {"date": "2023-08-14-20-00-00", "latency": 4}, {"date": "2023-08-14-20-00-00", "latency": 4}, {"date": "2023-08-14-20-00-00", "latency": 4}, {"date": "2023-08-14-20-00-00", "latency": 4}, {"date": "2023-08-14-20-00-00", "latency": 4}, {"date": "2023-08-14-20-00-00", "latency": 4}, {"date": "2023-08-14-20-00-00", "latency": 4}, {"date": "2023-08-14-20-00-00", "latency": 4}, {"date": "2023-08-14-20-00-00", "latency": 4}, {"date": "2023-08-14-20-00-00", "latency": 4}, {"date": "2023-08-14-20-00-00", "latency": 4}, {"date": "2023-08-14-20-00-00", "latency": 4}, {"date": "2023-08-14-20-00-00", "latency": 4}, {"date": "2023-08-14-20-00-00", "latency": 4}, {"date": "2023-08-14-20-00-00", "latency": 4}, {"date": "2023-08-14-20-00-00", "latency": 4}, {"date": "2023-08-14-20-00-00", "latency": 4}, {"date": "2023-08-14-20-00-00", "latency": 4}, {"date": "2023-08-14-20-00-00", "latency": 4}, {"date": "2023-08-15-02-00-00", "latency": 110}]}, {"location": {"country_code": "nl", "region": "Province of Groningen", "city": "Groningen"}, "game_id": "295590", "values": [{"date": "2023-08-14-13-00-00", "latency": 2}]}, {"location": {"country_code": "it"}, "game_id": "295590", "values": [{"date": "2023-08-15-00-00-00", "latency": 3}, {"date": "2023-08-14-02-00-00", "latency": 1}, {"date": "2023-08-14-06-00-00", "latency": 13}]}, {"location": {"country_code": "gb", "region": "England", "city": "London"}, "game_id": "295590", "values": [{"date": "2023-08-14-23-00-00", "latency": 0}, {"date": "2023-08-14-06-00-00", "latency": 1}]}, {"location": {"country_code": "ro"}, "game_id": "295590", "values": [{"date": "2023-08-14-23-00-00", "latency": 2}]}, {"location": {"country_code": "za"}, "game_id": "295590", "values": [{"date": "2023-08-14-23-00-00", "latency": 177}, {"date": "2023-08-14-23-00-00", "latency": 177}, {"date": "2023-08-14-23-00-00", "latency": 177}, {"date": "2023-08-14-21-00-00", "latency": 80}]}, {"location": {"country_code": "jp"}, "game_id": "295590", "values": [{"date": "2023-08-15-01-00-00", "latency": 17}, {"date": "2023-08-15-01-00-00", "latency": 17}, {"date": "2023-08-14-04-00-00", "latency": 1}, {"date": "2023-08-14-19-00-00", "latency": 4814}, {"date": "2023-08-14-15-00-00", "latency": 5}, {"date": "2023-08-15-00-00-00", "latency": 2}, {"date": "2023-08-14-05-00-00", "latency": 2755}, {"date": "2023-08-14-05-00-00", "latency": 2755}, {"date": "2023-08-14-05-00-00", "latency": 2755}, {"date": "2023-08-14-05-00-00", "latency": 2755}]}, {"location": {"country_code": "ca"}, "game_id": "295590", "values": [{"date": "2023-08-14-06-00-00", "latency": 6}, {"date": "2023-08-14-04-00-00", "latency": 2}, {"date": "2023-08-14-03-00-00", "latency": 2}, {"date": "2023-08-14-21-00-00", "latency": 2}, {"date": "2023-08-14-06-00-00", "latency": 6}, {"date": "2023-08-14-16-00-00", "latency": 4}, {"date": "2023-08-14-16-00-00", "latency": 4}, {"date": "2023-08-15-02-00-00", "latency": 3}, {"date": "2023-08-15-02-00-00", "latency": 3}, {"date": "2023-08-15-02-00-00", "latency": 3}, {"date": "2023-08-14-07-00-00", "latency": 7}, {"date": "2023-08-14-07-00-00", "latency": 7}, {"date": "2023-08-14-07-00-00", "latency": 7}]}, {"location": {"country_code": "ca", "region": "Ontario"}, "game_id": "295590", "values": [{"date": "2023-08-14-21-00-00", "latency": 3}, {"date": "2023-08-14-21-00-00", "latency": 3}, {"date": "2023-08-14-21-00-00", "latency": 3}]}, {"location": {"country_code": "de"}, "game_id": "295590", "values": [{"date": "2023-08-15-00-00-00", "latency": 1}, {"date": "2023-08-14-20-00-00", "latency": 5}, {"date": "2023-08-14-20-00-00", "latency": 5}, {"date": "2023-08-14-20-00-00", "latency": 5}, {"date": "2023-08-14-11-00-00", "latency": 6}, {"date": "2023-08-14-11-00-00", "latency": 6}, {"date": "2023-08-14-11-00-00", "latency": 6}, {"date": "2023-08-15-00-00-00", "latency": 1}, {"date": "2023-08-14-19-00-00", "latency": 2}, {"date": "2023-08-14-19-00-00", "latency": 2}, {"date": "2023-08-14-19-00-00", "latency": 2}, {"date": "2023-08-14-20-00-00", "latency": 12}, {"date": "2023-08-14-16-00-00", "latency": 2}, {"date": "2023-08-15-01-00-00", "latency": 2}]}, {"location": {"country_code": "tw"}, "game_id": "295590", "values": [{"date": "2023-08-14-16-00-00", "latency": 48}]}, {"location": {"country_code": "us", "region": "Indiana"}, "game_id": "295590", "values": [{"date": "2023-08-14-11-00-00", "latency": 25}]}, {"location": {"country_code": "gb", "region": "England"}, "game_id": "295590", "values": [{"date": "2023-08-14-17-00-00", "latency": 4}]}, {"location": {"country_code": "cl"}, "game_id": "295590", "values": [{"date": "2023-08-15-01-00-00", "latency": 7}, {"date": "2023-08-14-02-00-00", "latency": 6}, {"date": "2023-08-14-02-00-00", "latency": 6}, {"date": "2023-08-14-11-00-00", "latency": 0}]}, {"location": {"country_code": "us", "region": "Florida"}, "game_id": "295590", "values": [{"date": "2023-08-14-03-00-00", "latency": 3}, {"date": "2023-08-14-03-00-00", "latency": 3}, {"date": "2023-08-14-03-00-00", "latency": 3}, {"date": "2023-08-15-01-00-00", "latency": 3}, {"date": "2023-08-15-01-00-00", "latency": 3}, {"date": "2023-08-14-07-00-00", "latency": 1}, {"date": "2023-08-14-07-00-00", "latency": 1}]}, {"location": {"country_code": "fr"}, "game_id": "295590", "values": [{"date": "2023-08-14-19-00-00", "latency": 2}, {"date": "2023-08-14-03-00-00", "latency": 2}]}, {"location": {"country_code": "fr", "region": "Ile-de-France Region", "city": "Paris"}, "game_id": "295590", "values": [{"date": "2023-08-14-03-00-00", "latency": 3}]}, {"location": {"country_code": "br", "region": "Minas Gerais", "city": "Betim"}, "game_id": "295590", "values": [{"date": "2023-08-14-07-00-00", "latency": 4}]}, {"location": {"country_code": "mx"}, "game_id": "295590", "values": [{"date": "2023-08-14-03-00-00", "latency": 18}, {"date": "2023-08-14-12-00-00", "latency": 9}, {"date": "2023-08-14-07-00-00", "latency": 8}, {"date": "2023-08-14-07-00-00", "latency": 8}, {"date": "2023-08-14-07-00-00", "latency": 8}, {"date": "2023-08-14-07-00-00", "latency": 8}, {"date": "2023-08-14-07-00-00", "latency": 8}, {"date": "2023-08-14-10-00-00", "latency": 4}, {"date": "2023-08-14-10-00-00", "latency": 4}, {"date": "2023-08-14-07-00-00", "latency": 8}, {"date": "2023-08-14-11-00-00", "latency": 2}, {"date": "2023-08-14-11-00-00", "latency": 2}, {"date": "2023-08-14-09-00-00", "latency": 2}, {"date": "2023-08-14-09-00-00", "latency": 2}, {"date": "2023-08-14-12-00-00", "latency": 5}, {"date": "2023-08-14-08-00-00", "latency": 1}, {"date": "2023-08-14-07-00-00", "latency": 6}, {"date": "2023-08-14-19-00-00", "latency": 4}, {"date": "2023-08-14-19-00-00", "latency": 4}, {"date": "2023-08-14-19-00-00", "latency": 4}, {"date": "2023-08-14-19-00-00", "latency": 4}, {"date": "2023-08-14-19-00-00", "latency": 4}, {"date": "2023-08-14-19-00-00", "latency": 4}, {"date": "2023-08-14-19-00-00", "latency": 4}, {"date": "2023-08-14-05-00-00", "latency": 2}, {"date": "2023-08-14-05-00-00", "latency": 2}, {"date": "2023-08-14-06-00-00", "latency": 7}, {"date": "2023-08-14-06-00-00", "latency": 7}, {"date": "2023-08-14-06-00-00", "latency": 7}, {"date": "2023-08-14-02-00-00", "latency": 4504}, {"date": "2023-08-14-02-00-00", "latency": 4504}, {"date": "2023-08-14-10-00-00", "latency": 5}, {"date": "2023-08-14-10-00-00", "latency": 5}, {"date": "2023-08-14-10-00-00", "latency": 5}, {"date": "2023-08-14-10-00-00", "latency": 5}, {"date": "2023-08-14-10-00-00", "latency": 5}, {"date": "2023-08-14-10-00-00", "latency": 5}, {"date": "2023-08-14-06-00-00", "latency": 0}, {"date": "2023-08-14-06-00-00", "latency": 0}, {"date": "2023-08-14-06-00-00", "latency": 0}, {"date": "2023-08-14-04-00-00", "latency": 1}, {"date": "2023-08-14-04-00-00", "latency": 1}, {"date": "2023-08-14-07-00-00", "latency": 8}, {"date": "2023-08-14-10-00-00", "latency": 6}, {"date": "2023-08-14-09-00-00", "latency": 6}, {"date": "2023-08-14-09-00-00", "latency": 6}, {"date": "2023-08-14-02-00-00", "latency": 3}, {"date": "2023-08-14-08-00-00", "latency": 6}, {"date": "2023-08-14-08-00-00", "latency": 6}, {"date": "2023-08-14-08-00-00", "latency": 6}, {"date": "2023-08-14-09-00-00", "latency": 6}, {"date": "2023-08-14-09-00-00", "latency": 6}, {"date": "2023-08-14-05-00-00", "latency": 1}, {"date": "2023-08-14-11-00-00", "latency": 75}, {"date": "2023-08-14-11-00-00", "latency": 75}, {"date": "2023-08-14-11-00-00", "latency": 7}, {"date": "2023-08-14-07-00-00", "latency": 6}, {"date": "2023-08-14-05-00-00", "latency": 5}, {"date": "2023-08-14-03-00-00", "latency": 7}]}, {"location": {"country_code": "ar"}, "game_id": "295590", "values": [{"date": "2023-08-14-04-00-00", "latency": 3}, {"date": "2023-08-15-02-00-00", "latency": 3}, {"date": "2023-08-14-07-00-00", "latency": 2}, {"date": "2023-08-14-07-00-00", "latency": 2}, {"date": "2023-08-14-08-00-00", "latency": 3}, {"date": "2023-08-14-08-00-00", "latency": 3}, {"date": "2023-08-14-16-00-00", "latency": 2}, {"date": "2023-08-15-01-00-00", "latency": 2}, {"date": "2023-08-15-01-00-00", "latency": 2}, {"date": "2023-08-15-02-00-00", "latency": 3}, {"date": "2023-08-14-07-00-00", "latency": 5}, {"date": "2023-08-14-07-00-00", "latency": 3}, {"date": "2023-08-14-07-00-00", "latency": 3}, {"date": "2023-08-14-06-00-00", "latency": 4}, {"date": "2023-08-15-01-00-00", "latency": 3}, {"date": "2023-08-15-01-00-00", "latency": 3}, {"date": "2023-08-14-03-00-00", "latency": 4}, {"date": "2023-08-14-22-00-00", "latency": 6}, {"date": "2023-08-14-04-00-00", "latency": 4}, {"date": "2023-08-14-05-00-00", "latency": 3}, {"date": "2023-08-14-05-00-00", "latency": 3}]}, {"location": {"country_code": "mx", "region": "Mexico City"}, "game_id": "295590", "values": [{"date": "2023-08-14-08-00-00", "latency": 4}, {"date": "2023-08-14-08-00-00", "latency": 4}, {"date": "2023-08-14-07-00-00", "latency": 5}, {"date": "2023-08-14-07-00-00", "latency": 0}]}, {"location": {"country_code": "mx", "region": "Baja California"}, "game_id": "295590", "values": [{"date": "2023-08-14-07-00-00", "latency": 4}, {"date": "2023-08-14-07-00-00", "latency": 4}, {"date": "2023-08-14-07-00-00", "latency": 4}, {"date": "2023-08-14-07-00-00", "latency": 4}, {"date": "2023-08-14-07-00-00", "latency": 4}]}, {"location": {"country_code": "us", "region": "Minnesota"}, "game_id": "295590", "values": [{"date": "2023-08-14-21-00-00", "latency": 2}]}, {"location": {"country_code": "us", "region": "California"}, "game_id": "295590", "values": [{"date": "2023-08-14-12-00-00", "latency": 17}, {"date": "2023-08-14-23-00-00", "latency": 8}, {"date": "2023-08-14-23-00-00", "latency": 8}, {"date": "2023-08-14-23-00-00", "latency": 8}, {"date": "2023-08-14-23-00-00", "latency": 8}, {"date": "2023-08-15-00-00-00", "latency": 15}, {"date": "2023-08-14-05-00-00", "latency": 6}, {"date": "2023-08-14-10-00-00", "latency": 6}, {"date": "2023-08-14-10-00-00", "latency": 6}, {"date": "2023-08-14-10-00-00", "latency": 6}]}, {"location": {"country_code": "us", "region": "Hawaii", "city": "Kapolei"}, "game_id": "295590", "values": [{"date": "2023-08-14-22-00-00", "latency": 0}]}, {"location": {"country_code": "co", "region": "El Valle", "city": "Cali"}, "game_id": "295590", "values": [{"date": "2023-08-15-02-00-00", "latency": 7}]}, {"location": {"country_code": "br"}, "game_id": "295590", "values": [{"date": "2023-08-14-23-00-00", "latency": 0}, {"date": "2023-08-15-00-00-00", "latency": 4}, {"date": "2023-08-14-06-00-00", "latency": 2}, {"date": "2023-08-14-06-00-00", "latency": 2}, {"date": "2023-08-14-06-00-00", "latency": 2}, {"date": "2023-08-14-06-00-00", "latency": 2}, {"date": "2023-08-14-06-00-00", "latency": 2}, {"date": "2023-08-14-06-00-00", "latency": 2}, {"date": "2023-08-14-06-00-00", "latency": 2}, {"date": "2023-08-14-06-00-00", "latency": 2}, {"date": "2023-08-15-02-00-00", "latency": 4}, {"date": "2023-08-15-02-00-00", "latency": 4}, {"date": "2023-08-14-09-00-00", "latency": 0}, {"date": "2023-08-14-06-00-00", "latency": 0}, {"date": "2023-08-14-06-00-00", "latency": 0}, {"date": "2023-08-14-05-00-00", "latency": 5}, {"date": "2023-08-14-05-00-00", "latency": 5}, {"date": "2023-08-14-15-00-00", "latency": 0}]}, {"location": {"country_code": "pt"}, "game_id": "295590", "values": [{"date": "2023-08-14-04-00-00", "latency": 2}, {"date": "2023-08-14-17-00-00", "latency": 7}, {"date": "2023-08-14-17-00-00", "latency": 7}, {"date": "2023-08-14-17-00-00", "latency": 7}, {"date": "2023-08-14-17-00-00", "latency": 7}, {"date": "2023-08-14-03-00-00", "latency": 3}, {"date": "2023-08-14-03-00-00", "latency": 3}, {"date": "2023-08-14-03-00-00", "latency": 3}, {"date": "2023-08-14-03-00-00", "latency": 3}, {"date": "2023-08-14-03-00-00", "latency": 3}, {"date": "2023-08-14-02-00-00", "latency": 4}, {"date": "2023-08-14-02-00-00", "latency": 4}, {"date": "2023-08-14-02-00-00", "latency": 4}]}, {"location": {"country_code": "br", "region": "Sao Paulo", "city": "Apiai"}, "game_id": "295590", "values": [{"date": "2023-08-15-02-00-00", "latency": 1}, {"date": "2023-08-14-08-00-00", "latency": 0}, {"date": "2023-08-14-07-00-00", "latency": 0}, {"date": "2023-08-14-07-00-00", "latency": 0}]}, {"location": {"country_code": "se"}, "game_id": "295590", "values": [{"date": "2023-08-14-21-00-00", "latency": 6}, {"date": "2023-08-14-21-00-00", "latency": 6}, {"date": "2023-08-14-14-00-00", "latency": 3}, {"date": "2023-08-14-14-00-00", "latency": 3}, {"date": "2023-08-14-14-00-00", "latency": 3}, {"date": "2023-08-14-14-00-00", "latency": 3}, {"date": "2023-08-14-14-00-00", "latency": 3}, {"date": "2023-08-14-14-00-00", "latency": 3}, {"date": "2023-08-14-14-00-00", "latency": 3}, {"date": "2023-08-14-14-00-00", "latency": 3}, {"date": "2023-08-14-14-00-00", "latency": 3}, {"date": "2023-08-14-14-00-00", "latency": 3}, {"date": "2023-08-14-14-00-00", "latency": 3}, {"date": "2023-08-14-14-00-00", "latency": 3}, {"date": "2023-08-14-14-00-00", "latency": 3}, {"date": "2023-08-14-14-00-00", "latency": 3}, {"date": "2023-08-14-14-00-00", "latency": 3}, {"date": "2023-08-14-12-00-00", "latency": 2}, {"date": "2023-08-15-01-00-00", "latency": 4}, {"date": "2023-08-15-00-00-00", "latency": 2}]}, {"location": {"country_code": "ec"}, "game_id": "295590", "values": [{"date": "2023-08-14-07-00-00", "latency": 0}, {"date": "2023-08-15-00-00-00", "latency": 2}, {"date": "2023-08-14-19-00-00", "latency": 7}, {"date": "2023-08-14-19-00-00", "latency": 7}, {"date": "2023-08-14-19-00-00", "latency": 7}, {"date": "2023-08-14-07-00-00", "latency": 7}]}, {"location": {"country_code": "au"}, "game_id": "295590", "values": [{"date": "2023-08-14-15-00-00", "latency": 1}, {"date": "2023-08-14-17-00-00", "latency": 2}, {"date": "2023-08-14-23-00-00", "latency": 7}, {"date": "2023-08-14-12-00-00", "latency": 1}]}, {"location": {"country_code": "au", "region": "Victoria", "city": "Melbourne"}, "game_id": "295590", "values": [{"date": "2023-08-14-11-00-00", "latency": 3}]}, {"location": {"country_code": "us", "region": "Texas", "city": "Austin"}, "game_id": "295590", "values": [{"date": "2023-08-14-07-00-00", "latency": 8}]}, {"location": {"country_code": "dk"}, "game_id": "295590", "values": [{"date": "2023-08-14-23-00-00", "latency": 7}, {"date": "2023-08-15-00-00-00", "latency": 1}, {"date": "2023-08-14-16-00-00", "latency": 2}]}, {"location": {"country_code": "tr"}, "game_id": "295590", "values": [{"date": "2023-08-14-23-00-00", "latency": 0}, {"date": "2023-08-14-02-00-00", "latency": 62}, {"date": "2023-08-14-23-00-00", "latency": 0}]}, {"location": {"country_code": "tr", "region": "Ege Bolgesi", "city": "Izmir"}, "game_id": "295590", "values": [{"date": "2023-08-15-01-00-00", "latency": 14}, {"date": "2023-08-15-01-00-00", "latency": 14}]}, {"location": {"country_code": "pl", "region": "Greater Poland Voivodeship"}, "game_id": "295590", "values": [{"date": "2023-08-14-16-00-00", "latency": 8}, {"date": "2023-08-14-16-00-00", "latency": 8}, {"date": "2023-08-14-14-00-00", "latency": 13}, {"date": "2023-08-14-23-00-00", "latency": 7}, {"date": "2023-08-14-23-00-00", "latency": 7}]}, {"location": {"country_code": "kr", "region": "Seoul"}, "game_id": "295590", "values": [{"date": "2023-08-14-03-00-00", "latency": 3}]}, {"location": {"country_code": "es"}, "game_id": "295590", "values": [{"date": "2023-08-14-15-00-00", "latency": 4}, {"date": "2023-08-14-21-00-00", "latency": 0}, {"date": "2023-08-14-05-00-00", "latency": 3}, {"date": "2023-08-14-20-00-00", "latency": 4}, {"date": "2023-08-15-00-00-00", "latency": 3}, {"date": "2023-08-14-23-00-00", "latency": 3}, {"date": "2023-08-15-01-00-00", "latency": 3}, {"date": "2023-08-14-19-00-00", "latency": 3}, {"date": "2023-08-14-19-00-00", "latency": 3}]}, {"location": {"country_code": "es", "region": "Catalonia", "city": "l'Hospitalet de Llobregat"}, "game_id": "295590", "values": [{"date": "2023-08-14-17-00-00", "latency": 4}, {"date": "2023-08-14-13-00-00", "latency": 4}, {"date": "2023-08-14-13-00-00", "latency": 4}, {"date": "2023-08-14-13-00-00", "latency": 4}, {"date": "2023-08-14-11-00-00", "latency": 20}]}, {"location": {"country_code": "sa"}, "game_id": "295590", "values": [{"date": "2023-08-14-20-00-00", "latency": 9}, {"date": "2023-08-14-03-00-00", "latency": 9}]}, {"location": {"country_code": "ar", "region": "Buenos Aires"}, "game_id": "295590", "values": [{"date": "2023-08-14-04-00-00", "latency": 2}, {"date": "2023-08-14-08-00-00", "latency": 2}, {"date": "2023-08-14-20-00-00", "latency": 9}]}, {"location": {"country_code": "ar", "region": "Buenos Aires", "city": "Florencio Varela"}, "game_id": "295590", "values": [{"date": "2023-08-15-01-00-00", "latency": 3}]}, {"location": {"country_code": "fi"}, "game_id": "295590", "values": [{"date": "2023-08-14-19-00-00", "latency": 4}, {"date": "2023-08-14-19-00-00", "latency": 4}, {"date": "2023-08-14-17-00-00", "latency": 5}, {"date": "2023-08-14-17-00-00", "latency": 5}, {"date": "2023-08-14-05-00-00", "latency": 0}, {"date": "2023-08-14-05-00-00", "latency": 0}, {"date": "2023-08-15-00-00-00", "latency": 2}, {"date": "2023-08-15-00-00-00", "latency": 2}, {"date": "2023-08-15-00-00-00", "latency": 2}, {"date": "2023-08-15-00-00-00", "latency": 2}, {"date": "2023-08-15-00-00-00", "latency": 2}, {"date": "2023-08-15-00-00-00", "latency": 2}]}, {"location": {"country_code": "us", "region": "Hawaii"}, "game_id": "295590", "values": [{"date": "2023-08-14-16-00-00", "latency": 1}]}, {"location": {"country_code": "de", "region": "Free and Hanseatic City of Hamburg", "city": "Hamburg"}, "game_id": "295590", "values": [{"date": "2023-08-14-06-00-00", "latency": 9}]}, {"location": {"country_code": "ru", "region": "Moscow", "city": "Zelenograd"}, "game_id": "295590", "values": [{"date": "2023-08-14-19-00-00", "latency": 38}]}, {"location": {"country_code": "ar", "region": "Buenos Aires F.D.", "city": "Bahia Blanca"}, "game_id": "295590", "values": [{"date": "2023-08-14-21-00-00", "latency": 5}, {"date": "2023-08-14-06-00-00", "latency": 2}, {"date": "2023-08-14-06-00-00", "latency": 2}, {"date": "2023-08-14-06-00-00", "latency": 2}, {"date": "2023-08-14-03-00-00", "latency": 3}]}, {"location": {"country_code": "gt", "region": "Guatemala Department", "city": "Guatemala City"}, "game_id": "295590", "values": [{"date": "2023-08-14-02-00-00", "latency": 4}]}, {"location": {"country_code": "us", "region": "Virginia"}, "game_id": "295590", "values": [{"date": "2023-08-14-04-00-00", "latency": 3}]}, {"location": {"country_code": "br", "region": "Pernambuco"}, "game_id": "295590", "values": [{"date": "2023-08-14-22-00-00", "latency": 1}]}, {"location": {"country_code": "jp", "region": "Tokyo"}, "game_id": "295590", "values": [{"date": "2023-08-14-08-00-00", "latency": 2}, {"date": "2023-08-14-08-00-00", "latency": 2}]}, {"location": {"country_code": "us", "region": "Michigan"}, "game_id": "295590", "values": [{"date": "2023-08-14-04-00-00", "latency": 2}]}, {"location": {"country_code": "at", "region": "Vienna"}, "game_id": "295590", "values": [{"date": "2023-08-14-23-00-00", "latency": 2}]}, {"location": {"country_code": "mx", "region": "Puebla"}, "game_id": "295590", "values": [{"date": "2023-08-14-07-00-00", "latency": 3}, {"date": "2023-08-14-07-00-00", "latency": 3}, {"date": "2023-08-14-07-00-00", "latency": 3}]}, {"location": {"country_code": "hu"}, "game_id": "295590", "values": [{"date": "2023-08-14-12-00-00", "latency": 5}, {"date": "2023-08-14-12-00-00", "latency": 5}]}, {"location": {"country_code": "co"}, "game_id": "295590", "values": [{"date": "2023-08-15-02-00-00", "latency": 7}, {"date": "2023-08-14-06-00-00", "latency": 5}, {"date": "2023-08-14-06-00-00", "latency": 5}, {"date": "2023-08-14-20-00-00", "latency": 7}, {"date": "2023-08-14-06-00-00", "latency": 6}, {"date": "2023-08-14-04-00-00", "latency": 1}, {"date": "2023-08-14-08-00-00", "latency": 4}, {"date": "2023-08-14-22-00-00", "latency": 5}, {"date": "2023-08-14-22-00-00", "latency": 5}, {"date": "2023-08-14-05-00-00", "latency": 4}, {"date": "2023-08-14-03-00-00", "latency": 2}, {"date": "2023-08-14-19-00-00", "latency": 6}, {"date": "2023-08-14-19-00-00", "latency": 6}]}, {"location": {"country_code": "ve"}, "game_id": "295590", "values": [{"date": "2023-08-14-11-00-00", "latency": 10}, {"date": "2023-08-14-11-00-00", "latency": 10}, {"date": "2023-08-14-11-00-00", "latency": 10}, {"date": "2023-08-14-05-00-00", "latency": 6}, {"date": "2023-08-15-01-00-00", "latency": 50}, {"date": "2023-08-15-01-00-00", "latency": 50}, {"date": "2023-08-15-01-00-00", "latency": 50}, {"date": "2023-08-15-01-00-00", "latency": 50}]}, {"location": {"country_code": "at"}, "game_id": "295590", "values": [{"date": "2023-08-15-00-00-00", "latency": 3}, {"date": "2023-08-15-00-00-00", "latency": 3}, {"date": "2023-08-15-00-00-00", "latency": 3}, {"date": "2023-08-15-00-00-00", "latency": 3}, {"date": "2023-08-15-00-00-00", "latency": 3}, {"date": "2023-08-15-00-00-00", "latency": 3}, {"date": "2023-08-15-00-00-00", "latency": 3}, {"date": "2023-08-15-00-00-00", "latency": 3}, {"date": "2023-08-15-00-00-00", "latency": 3}, {"date": "2023-08-15-00-00-00", "latency": 3}, {"date": "2023-08-15-00-00-00", "latency": 3}, {"date": "2023-08-15-00-00-00", "latency": 3}, {"date": "2023-08-15-00-00-00", "latency": 3}, {"date": "2023-08-15-00-00-00", "latency": 3}, {"date": "2023-08-15-00-00-00", "latency": 3}, {"date": "2023-08-15-00-00-00", "latency": 3}, {"date": "2023-08-15-00-00-00", "latency": 3}, {"date": "2023-08-15-00-00-00", "latency": 3}, {"date": "2023-08-15-00-00-00", "latency": 3}, {"date": "2023-08-15-00-00-00", "latency": 3}, {"date": "2023-08-15-00-00-00", "latency": 3}, {"date": "2023-08-15-00-00-00", "latency": 3}, {"date": "2023-08-15-00-00-00", "latency": 3}, {"date": "2023-08-15-00-00-00", "latency": 3}, {"date": "2023-08-15-00-00-00", "latency": 3}, {"date": "2023-08-15-00-00-00", "latency": 3}, {"date": "2023-08-15-00-00-00", "latency": 3}, {"date": "2023-08-15-00-00-00", "latency": 3}, {"date": "2023-08-15-00-00-00", "latency": 3}, {"date": "2023-08-15-00-00-00", "latency": 3}, {"date": "2023-08-15-00-00-00", "latency": 3}, {"date": "2023-08-15-00-00-00", "latency": 3}, {"date": "2023-08-15-00-00-00", "latency": 3}, {"date": "2023-08-15-00-00-00", "latency": 3}, {"date": "2023-08-15-00-00-00", "latency": 3}, {"date": "2023-08-15-00-00-00", "latency": 3}, {"date": "2023-08-15-00-00-00", "latency": 3}, {"date": "2023-08-15-00-00-00", "latency": 3}, {"date": "2023-08-15-00-00-00", "latency": 3}, {"date": "2023-08-15-00-00-00", "latency": 3}, {"date": "2023-08-15-00-00-00", "latency": 3}, {"date": "2023-08-15-00-00-00", "latency": 3}, {"date": "2023-08-15-00-00-00", "latency": 3}, {"date": "2023-08-15-00-00-00", "latency": 3}, {"date": "2023-08-15-00-00-00", "latency": 3}, {"date": "2023-08-15-00-00-00", "latency": 3}, {"date": "2023-08-15-00-00-00", "latency": 3}, {"date": "2023-08-15-00-00-00", "latency": 3}, {"date": "2023-08-15-00-00-00", "latency": 3}, {"date": "2023-08-15-00-00-00", "latency": 3}, {"date": "2023-08-15-00-00-00", "latency": 3}, {"date": "2023-08-15-00-00-00", "latency": 3}, {"date": "2023-08-15-00-00-00", "latency": 3}, {"date": "2023-08-15-00-00-00", "latency": 3}, {"date": "2023-08-15-00-00-00", "latency": 3}, {"date": "2023-08-15-00-00-00", "latency": 3}, {"date": "2023-08-15-00-00-00", "latency": 3}, {"date": "2023-08-15-00-00-00", "latency": 3}, {"date": "2023-08-15-00-00-00", "latency": 3}, {"date": "2023-08-14-21-00-00", "latency": 3}]}, {"location": {"country_code": "br", "region": "Estado de Bahia", "city": "Salvador"}, "game_id": "295590", "values": [{"date": "2023-08-14-17-00-00", "latency": 5}]}, {"location": {"country_code": "pl"}, "game_id": "295590", "values": [{"date": "2023-08-14-14-00-00", "latency": 2}, {"date": "2023-08-14-14-00-00", "latency": 2}, {"date": "2023-08-14-14-00-00", "latency": 2}, {"date": "2023-08-14-14-00-00", "latency": 2}, {"date": "2023-08-14-16-00-00", "latency": 4}, {"date": "2023-08-15-01-00-00", "latency": 3}, {"date": "2023-08-15-01-00-00", "latency": 3}, {"date": "2023-08-15-01-00-00", "latency": 3}, {"date": "2023-08-15-01-00-00", "latency": 3}, {"date": "2023-08-15-01-00-00", "latency": 3}]}, {"location": {"country_code": "be"}, "game_id": "295590", "values": [{"date": "2023-08-14-21-00-00", "latency": 2}]}, {"location": {"country_code": "us", "region": "Nevada", "city": "Las Vegas"}, "game_id": "295590", "values": [{"date": "2023-08-14-10-00-00", "latency": 5}, {"date": "2023-08-14-10-00-00", "latency": 5}, {"date": "2023-08-14-10-00-00", "latency": 5}, {"date": "2023-08-14-04-00-00", "latency": 9}]}, {"location": {"country_code": "cr"}, "game_id": "295590", "values": [{"date": "2023-08-14-03-00-00", "latency": 6}, {"date": "2023-08-14-06-00-00", "latency": 8}]}, {"location": {"country_code": "cr", "region": "Guanacaste Province"}, "game_id": "295590", "values": [{"date": "2023-08-14-07-00-00", "latency": 7}]}, {"location": {"country_code": "pe"}, "game_id": "295590", "values": [{"date": "2023-08-14-03-00-00", "latency": 9}, {"date": "2023-08-14-08-00-00", "latency": 4}, {"date": "2023-08-14-08-00-00", "latency": 4}, {"date": "2023-08-14-08-00-00", "latency": 4}]}, {"location": {"country_code": "ua"}, "game_id": "295590", "values": [{"date": "2023-08-14-09-00-00", "latency": 5}, {"date": "2023-08-14-09-00-00", "latency": 5}, {"date": "2023-08-14-09-00-00", "latency": 5}, {"date": "2023-08-14-21-00-00", "latency": 4}, {"date": "2023-08-14-21-00-00", "latency": 4}, {"date": "2023-08-14-21-00-00", "latency": 4}, {"date": "2023-08-14-21-00-00", "latency": 4}, {"date": "2023-08-14-03-00-00", "latency": 4}, {"date": "2023-08-14-03-00-00", "latency": 4}, {"date": "2023-08-14-03-00-00", "latency": 4}]}, {"location": {"country_code": "tr", "region": "Marmara Bolgesi", "city": "Istanbul"}, "game_id": "295590", "values": [{"date": "2023-08-14-03-00-00", "latency": 55}, {"date": "2023-08-14-20-00-00", "latency": 7}, {"date": "2023-08-14-22-00-00", "latency": 1}]}, {"location": {"country_code": "ca", "region": "Ontario", "city": "Toronto"}, "game_id": "295590", "values": [{"date": "2023-08-14-19-00-00", "latency": 5}, {"date": "2023-08-14-19-00-00", "latency": 5}, {"date": "2023-08-14-07-00-00", "latency": 3}]}, {"location": {"country_code": "ru"}, "game_id": "295590", "values": [{"date": "2023-08-14-03-00-00", "latency": 3}, {"date": "2023-08-14-03-00-00", "latency": 3}, {"date": "2023-08-14-03-00-00", "latency": 3}, {"date": "2023-08-14-03-00-00", "latency": 3}, {"date": "2023-08-14-03-00-00", "latency": 3}]}, {"location": {"country_code": "my"}, "game_id": "295590", "values": [{"date": "2023-08-14-18-00-00", "latency": 0}]}, {"location": {"country_code": "py"}, "game_id": "295590", "values": [{"date": "2023-08-14-05-00-00", "latency": 4}]}, {"location": {"country_code": "id"}, "game_id": "295590", "values": [{"date": "2023-08-14-16-00-00", "latency": 2}]}, {"location": {"country_code": "au", "region": "Queensland"}, "game_id": "295590", "values": [{"date": "2023-08-14-15-00-00", "latency": 3}]}, {"location": {"country_code": "us", "region": "Wisconsin"}, "game_id": "295590", "values": [{"date": "2023-08-14-13-00-00", "latency": 3}]}, {"location": {"country_code": "mx", "region": "Nuevo Leon", "city": "Monterrey"}, "game_id": "295590", "values": [{"date": "2023-08-14-19-00-00", "latency": 5}, {"date": "2023-08-14-19-00-00", "latency": 5}, {"date": "2023-08-14-19-00-00", "latency": 5}, {"date": "2023-08-14-19-00-00", "latency": 5}, {"date": "2023-08-14-19-00-00", "latency": 5}, {"date": "2023-08-14-02-00-00", "latency": 6}, {"date": "2023-08-14-03-00-00", "latency": 7}]}, {"location": {"country_code": "sk"}, "game_id": "295590", "values": [{"date": "2023-08-14-17-00-00", "latency": 2}, {"date": "2023-08-14-17-00-00", "latency": 2}, {"date": "2023-08-14-17-00-00", "latency": 2}, {"date": "2023-08-14-17-00-00", "latency": 2}, {"date": "2023-08-14-17-00-00", "latency": 2}, {"date": "2023-08-14-17-00-00", "latency": 2}, {"date": "2023-08-14-17-00-00", "latency": 2}, {"date": "2023-08-14-17-00-00", "latency": 2}, {"date": "2023-08-14-17-00-00", "latency": 2}, {"date": "2023-08-14-17-00-00", "latency": 2}]}, {"location": {"country_code": "au", "region": "Western Australia", "city": "Perth"}, "game_id": "295590", "values": [{"date": "2023-08-14-14-00-00", "latency": 25}, {"date": "2023-08-14-14-00-00", "latency": 25}]}, {"location": {"country_code": "br", "region": "Rio Grande do Sul", "city": "Porto Alegre"}, "game_id": "295590", "values": [{"date": "2023-08-14-23-00-00", "latency": 1}, {"date": "2023-08-14-23-00-00", "latency": 1}, {"date": "2023-08-14-17-00-00", "latency": 1}, {"date": "2023-08-14-17-00-00", "latency": 1}, {"date": "2023-08-14-04-00-00", "latency": 0}]}, {"location": {"country_code": "br", "region": "State of Rio de Janeiro", "city": "Angra dos Reis"}, "game_id": "295590", "values": [{"date": "2023-08-15-00-00-00", "latency": 2}, {"date": "2023-08-15-00-00-00", "latency": 2}, {"date": "2023-08-14-06-00-00", "latency": 2514}, {"date": "2023-08-14-06-00-00", "latency": 2514}, {"date": "2023-08-14-06-00-00", "latency": 2514}, {"date": "2023-08-14-06-00-00", "latency": 2514}, {"date": "2023-08-15-02-00-00", "latency": 2}, {"date": "2023-08-14-20-00-00", "latency": 2}, {"date": "2023-08-14-20-00-00", "latency": 2}, {"date": "2023-08-14-20-00-00", "latency": 2}]}, {"location": {"country_code": "es", "region": "Andalusia", "city": "Seville"}, "game_id": "295590", "values": [{"date": "2023-08-14-22-00-00", "latency": 0}, {"date": "2023-08-14-12-00-00", "latency": 4}]}, {"location": {"country_code": "uy"}, "game_id": "295590", "values": [{"date": "2023-08-15-02-00-00", "latency": 3}, {"date": "2023-08-15-01-00-00", "latency": 3}, {"date": "2023-08-15-01-00-00", "latency": 3}, {"date": "2023-08-15-01-00-00", "latency": 3}, {"date": "2023-08-15-02-00-00", "latency": 3}, {"date": "2023-08-14-18-00-00", "latency": 5}]}, {"location": {"country_code": "ca", "region": "Quebec", "city": "Montreal"}, "game_id": "295590", "values": [{"date": "2023-08-14-05-00-00", "latency": 3}]}, {"location": {"country_code": "br", "region": "Mato Grosso", "city": "Tangara da Serra"}, "game_id": "295590", "values": [{"date": "2023-08-14-08-00-00", "latency": 4}, {"date": "2023-08-14-08-00-00", "latency": 4}, {"date": "2023-08-14-08-00-00", "latency": 4}]}, {"location": {"country_code": "us", "region": "Arizona", "city": "Phoenix"}, "game_id": "295590", "values": [{"date": "2023-08-14-06-00-00", "latency": 7}, {"date": "2023-08-14-06-00-00", "latency": 7}, {"date": "2023-08-14-06-00-00", "latency": 7}, {"date": "2023-08-14-06-00-00", "latency": 7}, {"date": "2023-08-14-06-00-00", "latency": 7}]}, {"location": {"country_code": "ar", "region": "Buenos Aires", "city": "Mar del Plata"}, "game_id": "295590", "values": [{"date": "2023-08-14-10-00-00", "latency": 2}, {"date": "2023-08-14-08-00-00", "latency": 4}, {"date": "2023-08-14-08-00-00", "latency": 4}, {"date": "2023-08-14-08-00-00", "latency": 4}, {"date": "2023-08-14-08-00-00", "latency": 4}]}, {"location": {"country_code": "us", "region": "Florida", "city": "Orlando"}, "game_id": "295590", "values": [{"date": "2023-08-14-11-00-00", "latency": 8}, {"date": "2023-08-14-04-00-00", "latency": 1}]}, {"location": {"country_code": "hr"}, "game_id": "295590", "values": [{"date": "2023-08-14-22-00-00", "latency": 2}]}, {"location": {"country_code": "pe", "region": "Lima region", "city": "Lima"}, "game_id": "295590", "values": [{"date": "2023-08-15-00-00-00", "latency": 8}, {"date": "2023-08-14-16-00-00", "latency": 32}, {"date": "2023-08-14-16-00-00", "latency": 32}, {"date": "2023-08-14-16-00-00", "latency": 32}, {"date": "2023-08-14-16-00-00", "latency": 32}, {"date": "2023-08-14-16-00-00", "latency": 32}, {"date": "2023-08-14-04-00-00", "latency": 6}, {"date": "2023-08-14-04-00-00", "latency": 6}, {"date": "2023-08-14-06-00-00", "latency": 3}]}, {"location": {"country_code": "ar", "region": "Santa Fe Province", "city": "Rosario"}, "game_id": "295590", "values": [{"date": "2023-08-15-02-00-00", "latency": 41}, {"date": "2023-08-15-02-00-00", "latency": 41}, {"date": "2023-08-15-02-00-00", "latency": 41}, {"date": "2023-08-15-02-00-00", "latency": 41}, {"date": "2023-08-15-02-00-00", "latency": 41}]}, {"location": {"country_code": "us", "region": "Alabama"}, "game_id": "295590", "values": [{"date": "2023-08-14-03-00-00", "latency": 4}]}, {"location": {"country_code": "mx", "region": "Tamaulipas"}, "game_id": "295590", "values": [{"date": "2023-08-14-07-00-00", "latency": 67}]}, {"location": {"country_code": "us", "region": "North Carolina", "city": "Raleigh"}, "game_id": "295590", "values": [{"date": "2023-08-14-08-00-00", "latency": 8}]}, {"location": {"country_code": "gt"}, "game_id": "295590", "values": [{"date": "2023-08-14-07-00-00", "latency": 2}, {"date": "2023-08-14-12-00-00", "latency": 0}]}, {"location": {"country_code": "lt"}, "game_id": "295590", "values": [{"date": "2023-08-14-23-00-00", "latency": 3}]}, {"location": {"country_code": "ca", "region": "Quebec"}, "game_id": "295590", "values": [{"date": "2023-08-15-00-00-00", "latency": 2}, {"date": "2023-08-15-00-00-00", "latency": 2}, {"date": "2023-08-14-22-00-00", "latency": 6}, {"date": "2023-08-14-22-00-00", "latency": 6}]}, {"location": {"country_code": "mx", "region": "Sonora"}, "game_id": "295590", "values": [{"date": "2023-08-14-10-00-00", "latency": 8}]}, {"location": {"country_code": "es", "region": "Madrid"}, "game_id": "295590", "values": [{"date": "2023-08-14-18-00-00", "latency": 3}]}, {"location": {"country_code": "us", "region": "Washington", "city": "Seattle"}, "game_id": "295590", "values": [{"date": "2023-08-14-11-00-00", "latency": 6}, {"date": "2023-08-14-11-00-00", "latency": 6}, {"date": "2023-08-14-11-00-00", "latency": 6}, {"date": "2023-08-14-11-00-00", "latency": 6}, {"date": "2023-08-14-11-00-00", "latency": 6}, {"date": "2023-08-14-11-00-00", "latency": 6}, {"date": "2023-08-14-22-00-00", "latency": 5}, {"date": "2023-08-14-22-00-00", "latency": 5}, {"date": "2023-08-14-22-00-00", "latency": 5}, {"date": "2023-08-14-02-00-00", "latency": 8}]}, {"location": {"country_code": "us", "region": "Florida", "city": "Tampa"}, "game_id": "295590", "values": [{"date": "2023-08-15-02-00-00", "latency": 9}]}, {"location": {"country_code": "bg"}, "game_id": "295590", "values": [{"date": "2023-08-14-08-00-00", "latency": 2}, {"date": "2023-08-14-21-00-00", "latency": 3}, {"date": "2023-08-14-21-00-00", "latency": 3}, {"date": "2023-08-14-21-00-00", "latency": 3}, {"date": "2023-08-14-21-00-00", "latency": 3}, {"date": "2023-08-14-21-00-00", "latency": 3}, {"date": "2023-08-14-21-00-00", "latency": 3}, {"date": "2023-08-14-23-00-00", "latency": 23}, {"date": "2023-08-14-23-00-00", "latency": 23}]}, {"location": {"country_code": "de", "region": "North Rhine-Westphalia"}, "game_id": "295590", "values": [{"date": "2023-08-14-22-00-00", "latency": 8}]}, {"location": {"country_code": "es", "region": "Murcia", "city": "Lorca"}, "game_id": "295590", "values": [{"date": "2023-08-14-17-00-00", "latency": 4}, {"date": "2023-08-14-17-00-00", "latency": 4}]}, {"location": {"country_code": "ar", "region": "Cordoba Province", "city": "Rio Cuarto"}, "game_id": "295590", "values": [{"date": "2023-08-15-00-00-00", "latency": 6}, {"date": "2023-08-15-00-00-00", "latency": 8}]}, {"location": {"country_code": "dj"}, "game_id": "295590", "values": [{"date": "2023-08-15-01-00-00", "latency": 4}, {"date": "2023-08-15-01-00-00", "latency": 4}, {"date": "2023-08-14-06-00-00", "latency": 7}, {"date": "2023-08-14-06-00-00", "latency": 7}, {"date": "2023-08-14-06-00-00", "latency": 7}]}, {"location": {"country_code": "ro", "region": "Bucharest"}, "game_id": "295590", "values": [{"date": "2023-08-15-01-00-00", "latency": 0}]}, {"location": {"country_code": "fj"}, "game_id": "295590", "values": [{"date": "2023-08-14-05-00-00", "latency": 6}, {"date": "2023-08-14-05-00-00", "latency": 6}, {"date": "2023-08-14-05-00-00", "latency": 6}, {"date": "2023-08-14-05-00-00", "latency": 6}, {"date": "2023-08-14-05-00-00", "latency": 6}, {"date": "2023-08-14-05-00-00", "latency": 6}]}, {"location": {"country_code": "fr", "region": "Provence-Alpes-Cote d'Azur Region", "city": "Aix-en-Provence"}, "game_id": "295590", "values": [{"date": "2023-08-14-04-00-00", "latency": 2}]}, {"location": {"country_code": "mx", "region": "Chiapas"}, "game_id": "295590", "values": [{"date": "2023-08-14-03-00-00", "latency": 0}, {"date": "2023-08-14-03-00-00", "latency": 0}]}, {"location": {"country_code": "mt"}, "game_id": "295590", "values": [{"date": "2023-08-14-20-00-00", "latency": 5}, {"date": "2023-08-14-20-00-00", "latency": 5}]}, {"location": {"country_code": "es", "region": "Valencia", "city": "Elx / Elche"}, "game_id": "295590", "values": [{"date": "2023-08-14-17-00-00", "latency": 18}, {"date": "2023-08-14-17-00-00", "latency": 18}]}, {"location": {"country_code": "de", "region": "Schleswig-Holstein"}, "game_id": "295590", "values": [{"date": "2023-08-14-07-00-00", "latency": 0}]}, {"location": {"country_code": "ar", "region": "Mendoza Province"}, "game_id": "295590", "values": [{"date": "2023-08-15-02-00-00", "latency": 6}, {"date": "2023-08-15-02-00-00", "latency": 6}, {"date": "2023-08-15-02-00-00", "latency": 6}, {"date": "2023-08-15-02-00-00", "latency": 6}]}, {"location": {"country_code": "es", "region": "Andalusia", "city": "Marbella"}, "game_id": "295590", "values": [{"date": "2023-08-14-21-00-00", "latency": 3}]}, {"location": {"country_code": "mu"}, "game_id": "295590", "values": [{"date": "2023-08-14-21-00-00", "latency": 78}, {"date": "2023-08-14-21-00-00", "latency": 78}, {"date": "2023-08-14-21-00-00", "latency": 78}, {"date": "2023-08-14-21-00-00", "latency": 78}, {"date": "2023-08-14-21-00-00", "latency": 78}, {"date": "2023-08-14-21-00-00", "latency": 78}, {"date": "2023-08-14-21-00-00", "latency": 78}, {"date": "2023-08-14-21-00-00", "latency": 78}, {"date": "2023-08-14-21-00-00", "latency": 78}, {"date": "2023-08-14-21-00-00", "latency": 78}, {"date": "2023-08-14-21-00-00", "latency": 78}, {"date": "2023-08-14-21-00-00", "latency": 78}, {"date": "2023-08-14-21-00-00", "latency": 78}, {"date": "2023-08-14-21-00-00", "latency": 78}, {"date": "2023-08-14-21-00-00", "latency": 78}, {"date": "2023-08-14-21-00-00", "latency": 78}, {"date": "2023-08-14-21-00-00", "latency": 78}, {"date": "2023-08-14-21-00-00", "latency": 78}, {"date": "2023-08-14-21-00-00", "latency": 78}, {"date": "2023-08-14-21-00-00", "latency": 78}, {"date": "2023-08-14-21-00-00", "latency": 78}, {"date": "2023-08-14-21-00-00", "latency": 78}, {"date": "2023-08-14-21-00-00", "latency": 78}]}, {"location": {"country_code": "mx", "region": "Tamaulipas", "city": "Tampico"}, "game_id": "295590", "values": [{"date": "2023-08-14-05-00-00", "latency": 33}]}, {"location": {"country_code": "uy", "region": "Rocha Department"}, "game_id": "295590", "values": [{"date": "2023-08-14-16-00-00", "latency": 4}, {"date": "2023-08-14-16-00-00", "latency": 4}]}, {"location": {"country_code": "pl", "region": "Masovian Voivodeship", "city": "Warsaw"}, "game_id": "295590", "values": [{"date": "2023-08-14-03-00-00", "latency": 3}, {"date": "2023-08-14-03-00-00", "latency": 3}, {"date": "2023-08-14-03-00-00", "latency": 3}, {"date": "2023-08-14-20-00-00", "latency": 23}, {"date": "2023-08-14-20-00-00", "latency": 23}]}, {"location": {"country_code": "us", "region": "Virginia", "city": "Virginia Beach"}, "game_id": "295590", "values": [{"date": "2023-08-15-02-00-00", "latency": 3}]}, {"location": {"country_code": "us", "region": "Nevada"}, "game_id": "295590", "values": [{"date": "2023-08-14-02-00-00", "latency": 4}]}, {"location": {"country_code": "ru", "region": "Leningrad", "city": "Saint Petersburg"}, "game_id": "295590", "values": [{"date": "2023-08-14-22-00-00", "latency": 4}, {"date": "2023-08-14-22-00-00", "latency": 4}, {"date": "2023-08-14-22-00-00", "latency": 4}, {"date": "2023-08-14-22-00-00", "latency": 4}, {"date": "2023-08-14-21-00-00", "latency": 8}, {"date": "2023-08-14-21-00-00", "latency": 8}, {"date": "2023-08-14-21-00-00", "latency": 8}, {"date": "2023-08-14-21-00-00", "latency": 8}, {"date": "2023-08-14-21-00-00", "latency": 8}]}, {"location": {"country_code": "bb"}, "game_id": "295590", "values": [{"date": "2023-08-14-07-00-00", "latency": 45}, {"date": "2023-08-14-07-00-00", "latency": 45}, {"date": "2023-08-14-07-00-00", "latency": 45}, {"date": "2023-08-14-07-00-00", "latency": 45}, {"date": "2023-08-14-07-00-00", "latency": 45}, {"date": "2023-08-14-07-00-00", "latency": 45}]}, {"location": {"country_code": "us", "region": "Colorado", "city": "Colorado Springs"}, "game_id": "295590", "values": [{"date": "2023-08-14-19-00-00", "latency": 4}]}, {"location": {"country_code": "es", "region": "Andalusia", "city": "Jerez"}, "game_id": "295590", "values": [{"date": "2023-08-15-01-00-00", "latency": 15}, {"date": "2023-08-14-23-00-00", "latency": 4}]}, {"location": {"country_code": "co", "region": "Antioquia", "city": "Medellin"}, "game_id": "295590", "values": [{"date": "2023-08-14-16-00-00", "latency": 8}]}, {"location": {"country_code": "ma"}, "game_id": "295590", "values": [{"date": "2023-08-14-05-00-00", "latency": 8}]}, {"location": {"country_code": "es", "region": "Andalusia", "city": "La Linea de la Concepcion"}, "game_id": "295590", "values": [{"date": "2023-08-14-20-00-00", "latency": 3}, {"date": "2023-08-14-20-00-00", "latency": 3}]}, {"location": {"country_code": "cl", "region": "Maule Region", "city": "Constitucion"}, "game_id": "295590", "values": [{"date": "2023-08-15-02-00-00", "latency": 5}, {"date": "2023-08-15-02-00-00", "latency": 5}, {"date": "2023-08-15-02-00-00", "latency": 5}, {"date": "2023-08-15-02-00-00", "latency": 5}, {"date": "2023-08-15-02-00-00", "latency": 5}, {"date": "2023-08-15-02-00-00", "latency": 5}, {"date": "2023-08-15-02-00-00", "latency": 5}, {"date": "2023-08-15-02-00-00", "latency": 5}, {"date": "2023-08-15-02-00-00", "latency": 5}, {"date": "2023-08-15-02-00-00", "latency": 5}, {"date": "2023-08-15-02-00-00", "latency": 5}, {"date": "2023-08-15-02-00-00", "latency": 5}, {"date": "2023-08-15-02-00-00", "latency": 5}, {"date": "2023-08-15-02-00-00", "latency": 5}, {"date": "2023-08-15-02-00-00", "latency": 5}, {"date": "2023-08-15-02-00-00", "latency": 5}, {"date": "2023-08-15-02-00-00", "latency": 5}, {"date": "2023-08-15-02-00-00", "latency": 5}, {"date": "2023-08-15-02-00-00", "latency": 5}, {"date": "2023-08-15-02-00-00", "latency": 5}, {"date": "2023-08-15-02-00-00", "latency": 5}, {"date": "2023-08-15-02-00-00", "latency": 5}, {"date": "2023-08-15-02-00-00", "latency": 5}, {"date": "2023-08-15-02-00-00", "latency": 5}, {"date": "2023-08-15-02-00-00", "latency": 5}]}, {"location": {"country_code": "br", "region": "Paraiba", "city": "Santa Rita"}, "game_id": "295590", "values": [{"date": "2023-08-15-00-00-00", "latency": 4}, {"date": "2023-08-15-00-00-00", "latency": 4}]}, {"location": {"country_code": "br", "region": "Sao Paulo", "city": "Presidente Prudente"}, "game_id": "295590", "values": [{"date": "2023-08-14-02-00-00", "latency": 0}, {"date": "2023-08-14-02-00-00", "latency": 0}]}, {"location": {"country_code": "br", "region": "Ceara"}, "game_id": "295590", "values": [{"date": "2023-08-15-00-00-00", "latency": 4}]}, {"location": {"country_code": "fi", "region": "Uusimaa", "city": "Helsinki"}, "game_id": "295590", "values": [{"date": "2023-08-14-02-00-00", "latency": 3}]}, {"location": {"country_code": "pt", "region": "Lisbon District", "city": "Setubal"}, "game_id": "295590", "values": [{"date": "2023-08-14-14-00-00", "latency": 5}, {"date": "2023-08-14-14-00-00", "latency": 5}, {"date": "2023-08-14-14-00-00", "latency": 5}]}, {"location": {"country_code": "kr", "region": "Daegu"}, "game_id": "295590", "values": [{"date": "2023-08-14-20-00-00", "latency": 1}]}, {"location": {"country_code": "es", "region": "Catalonia", "city": "Reus"}, "game_id": "295590", "values": [{"date": "2023-08-14-07-00-00", "latency": 3}]}, {"location": {"country_code": "es", "region": "Andalusia", "city": "Ayamonte"}, "game_id": "295590", "values": [{"date": "2023-08-14-19-00-00", "latency": 4}, {"date": "2023-08-14-19-00-00", "latency": 4}]}, {"location": {"country_code": "us", "region": "California", "city": "Irvine"}, "game_id": "295590", "values": [{"date": "2023-08-14-14-00-00", "latency": 1}, {"date": "2023-08-15-01-00-00", "latency": 8}]}, {"location": {"country_code": "mx", "region": "Sinaloa", "city": "Culiacan"}, "game_id": "295590", "values": [{"date": "2023-08-14-06-00-00", "latency": 0}]}, {"location": {"country_code": "co", "region": "Bogota"}, "game_id": "295590", "values": [{"date": "2023-08-15-00-00-00", "latency": 5}, {"date": "2023-08-15-00-00-00", "latency": 5}, {"date": "2023-08-15-00-00-00", "latency": 5}]}, {"location": {"country_code": "ar", "region": "Buenos Aires", "city": "Castelar"}, "game_id": "295590", "values": [{"date": "2023-08-14-17-00-00", "latency": 26}, {"date": "2023-08-14-17-00-00", "latency": 26}, {"date": "2023-08-14-17-00-00", "latency": 26}]}, {"location": {"country_code": "br", "region": "State of Rio de Janeiro", "city": "Niteroi"}, "game_id": "295590", "values": [{"date": "2023-08-14-07-00-00", "latency": 2}]}, {"location": {"country_code": "cr", "region": "San Jose", "city": "San Jose"}, "game_id": "295590", "values": [{"date": "2023-08-14-04-00-00", "latency": 3}, {"date": "2023-08-14-04-00-00", "latency": 3}, {"date": "2023-08-14-04-00-00", "latency": 3}]}, {"location": {"country_code": "ar", "region": "Buenos Aires", "city": "Los Polvorines"}, "game_id": "295590", "values": [{"date": "2023-08-14-16-00-00", "latency": 2}, {"date": "2023-08-14-16-00-00", "latency": 2}]}, {"location": {"country_code": "tr", "region": "Karadeniz Bolgesi", "city": "Giresun"}, "game_id": "295590", "values": [{"date": "2023-08-14-06-00-00", "latency": 4}]}, {"location": {"country_code": "us", "region": "Ohio", "city": "Sardinia"}, "game_id": "295590", "values": [{"date": "2023-08-14-09-00-00", "latency": 9}]}, {"location": {"country_code": "us", "region": "Virginia", "city": "Winchester"}, "game_id": "295590", "values": [{"date": "2023-08-14-04-00-00", "latency": 4}]}, {"location": {"country_code": "us", "region": "California", "city": "Lompoc"}, "game_id": "295590", "values": [{"date": "2023-08-14-08-00-00", "latency": 4}]}, {"location": {"country_code": "us", "region": "Florida", "city": "Jacksonville Beach"}, "game_id": "295590", "values": [{"date": "2023-08-14-11-00-00", "latency": 11}, {"date": "2023-08-14-11-00-00", "latency": 11}, {"date": "2023-08-14-11-00-00", "latency": 11}]}, {"location": {"country_code": "us", "region": "Maryland", "city": "Accokeek"}, "game_id": "295590", "values": [{"date": "2023-08-14-07-00-00", "latency": 3}]}, {"location": {"country_code": "br", "region": "Rio Grande do Sul", "city": "Cruz Alta"}, "game_id": "295590", "values": [{"date": "2023-08-15-02-00-00", "latency": 2}]}, {"location": {"country_code": "sk", "region": "Trencin Region", "city": "Ilava"}, "game_id": "295590", "values": [{"date": "2023-08-15-00-00-00", "latency": 0}]}, {"location": {"country_code": "ru", "region": "Lipetsk Oblast", "city": "Yelets"}, "game_id": "295590", "values": [{"date": "2023-08-14-20-00-00", "latency": 4}, {"date": "2023-08-14-20-00-00", "latency": 4}, {"date": "2023-08-14-20-00-00", "latency": 4}]}, {"location": {"country_code": "be", "region": "Hainaut Province", "city": "Mons"}, "game_id": "295590", "values": [{"date": "2023-08-14-12-00-00", "latency": 3}]}, {"location": {"country_code": "ao"}, "game_id": "295590", "values": [{"date": "2023-08-14-19-00-00", "latency": 2}]}, {"location": {"country_code": "no", "region": "Nordland"}, "game_id": "295590", "values": [{"date": "2023-08-14-23-00-00", "latency": 4}]}, {"location": {"country_code": "kr", "region": "Jeonju"}, "game_id": "295590", "values": [{"date": "2023-08-14-17-00-00", "latency": 3}]}, {"location": {"country_code": "pl", "region": "odz Voivodeship"}, "game_id": "295590", "values": [{"date": "2023-08-14-22-00-00", "latency": 21}, {"date": "2023-08-14-22-00-00", "latency": 21}, {"date": "2023-08-14-22-00-00", "latency": 21}, {"date": "2023-08-14-22-00-00", "latency": 21}]}, {"location": {"country_code": "br", "region": "Estado de Bahia", "city": "Cacule"}, "game_id": "295590", "values": [{"date": "2023-08-14-07-00-00", "latency": 23}, {"date": "2023-08-14-07-00-00", "latency": 23}, {"date": "2023-08-14-07-00-00", "latency": 23}, {"date": "2023-08-14-07-00-00", "latency": 23}]}, {"location": {"country_code": "mx", "region": "Nayarit"}, "game_id": "295590", "values": [{"date": "2023-08-14-06-00-00", "latency": 1}]}, {"location": {"country_code": "us", "region": "California", "city": "Murrieta"}, "game_id": "295590", "values": [{"date": "2023-08-15-00-00-00", "latency": 7}]}, {"location": {"country_code": "br", "region": "Rio Grande do Norte", "city": "Apodi"}, "game_id": "295590", "values": [{"date": "2023-08-15-01-00-00", "latency": 0}]}, {"location": {"country_code": "us", "region": "Massachusetts", "city": "Millbury"}, "game_id": "295590", "values": [{"date": "2023-08-15-01-00-00", "latency": 8}]}, {"location": {"country_code": "br", "region": "Estado de Bahia", "city": "Sao Goncalo dos Campos"}, "game_id": "295590", "values": [{"date": "2023-08-14-06-00-00", "latency": 3}]}, {"location": {"country_code": "py", "region": "Caazapa", "city": "Abai"}, "game_id": "295590", "values": [{"date": "2023-08-15-00-00-00", "latency": 26}, {"date": "2023-08-15-00-00-00", "latency": 26}]}], "last_updated": 1719919192.639143}