{"data": [{"location": {"country_code": "nz"}, "game_id": "295590", "values": [{"date": "2023-08-18-07-00-00", "latency": 0}]}, {"location": {"country_code": "us"}, "game_id": "295590", "values": [{"date": "2023-08-18-07-00-00", "latency": 11}, {"date": "2023-08-18-07-00-00", "latency": 11}, {"date": "2023-08-18-07-00-00", "latency": 11}, {"date": "2023-08-18-07-00-00", "latency": 11}, {"date": "2023-08-18-07-00-00", "latency": 11}, {"date": "2023-08-18-07-00-00", "latency": 11}, {"date": "2023-08-18-06-00-00", "latency": 1}, {"date": "2023-08-18-16-00-00", "latency": 1}, {"date": "2023-08-18-16-00-00", "latency": 1}, {"date": "2023-08-18-05-00-00", "latency": 3}, {"date": "2023-08-18-16-00-00", "latency": 5}, {"date": "2023-08-18-16-00-00", "latency": 5}, {"date": "2023-08-18-16-00-00", "latency": 5}, {"date": "2023-08-18-16-00-00", "latency": 5}, {"date": "2023-08-18-16-00-00", "latency": 5}, {"date": "2023-08-18-16-00-00", "latency": 5}, {"date": "2023-08-18-16-00-00", "latency": 5}, {"date": "2023-08-18-16-00-00", "latency": 5}, {"date": "2023-08-18-16-00-00", "latency": 5}, {"date": "2023-08-18-16-00-00", "latency": 5}, {"date": "2023-08-18-16-00-00", "latency": 5}, {"date": "2023-08-18-16-00-00", "latency": 5}, {"date": "2023-08-18-16-00-00", "latency": 5}, {"date": "2023-08-18-16-00-00", "latency": 5}, {"date": "2023-08-18-16-00-00", "latency": 5}, {"date": "2023-08-18-16-00-00", "latency": 5}, {"date": "2023-08-18-16-00-00", "latency": 5}, {"date": "2023-08-18-16-00-00", "latency": 5}, {"date": "2023-08-18-16-00-00", "latency": 5}, {"date": "2023-08-18-16-00-00", "latency": 5}, {"date": "2023-08-18-16-00-00", "latency": 5}, {"date": "2023-08-18-16-00-00", "latency": 5}, {"date": "2023-08-18-16-00-00", "latency": 5}, {"date": "2023-08-18-16-00-00", "latency": 5}, {"date": "2023-08-18-16-00-00", "latency": 5}, {"date": "2023-08-18-16-00-00", "latency": 5}, {"date": "2023-08-18-16-00-00", "latency": 5}, {"date": "2023-08-18-16-00-00", "latency": 5}, {"date": "2023-08-18-16-00-00", "latency": 5}, {"date": "2023-08-18-16-00-00", "latency": 5}, {"date": "2023-08-18-16-00-00", "latency": 5}, {"date": "2023-08-18-16-00-00", "latency": 5}, {"date": "2023-08-18-16-00-00", "latency": 5}, {"date": "2023-08-18-16-00-00", "latency": 5}, {"date": "2023-08-18-16-00-00", "latency": 5}, {"date": "2023-08-18-16-00-00", "latency": 5}, {"date": "2023-08-18-16-00-00", "latency": 5}, {"date": "2023-08-18-16-00-00", "latency": 5}, {"date": "2023-08-18-16-00-00", "latency": 5}, {"date": "2023-08-18-16-00-00", "latency": 5}, {"date": "2023-08-18-16-00-00", "latency": 5}, {"date": "2023-08-18-16-00-00", "latency": 5}, {"date": "2023-08-18-16-00-00", "latency": 5}, {"date": "2023-08-18-16-00-00", "latency": 5}, {"date": "2023-08-18-16-00-00", "latency": 5}, {"date": "2023-08-18-09-00-00", "latency": 1}, {"date": "2023-08-18-09-00-00", "latency": 1}, {"date": "2023-08-18-09-00-00", "latency": 1}, {"date": "2023-08-18-09-00-00", "latency": 1}, {"date": "2023-08-18-09-00-00", "latency": 1}, {"date": "2023-08-18-09-00-00", "latency": 4}, {"date": "2023-08-18-09-00-00", "latency": 4}, {"date": "2023-08-18-09-00-00", "latency": 4}, {"date": "2023-08-18-09-00-00", "latency": 4}, {"date": "2023-08-18-09-00-00", "latency": 4}, {"date": "2023-08-18-09-00-00", "latency": 4}, {"date": "2023-08-18-09-00-00", "latency": 4}, {"date": "2023-08-18-09-00-00", "latency": 4}, {"date": "2023-08-18-09-00-00", "latency": 4}, {"date": "2023-08-18-09-00-00", "latency": 4}, {"date": "2023-08-18-18-00-00", "latency": 4}, {"date": "2023-08-18-18-00-00", "latency": 4}, {"date": "2023-08-18-18-00-00", "latency": 4}, {"date": "2023-08-18-18-00-00", "latency": 4}, {"date": "2023-08-18-18-00-00", "latency": 4}, {"date": "2023-08-18-18-00-00", "latency": 4}, {"date": "2023-08-18-18-00-00", "latency": 4}, {"date": "2023-08-18-18-00-00", "latency": 4}, {"date": "2023-08-18-18-00-00", "latency": 4}]}, {"location": {"country_code": "us", "region": "Massachusetts", "city": "Boston"}, "game_id": "295590", "values": [{"date": "2023-08-18-07-00-00", "latency": 3}, {"date": "2023-08-19-01-00-00", "latency": 3}, {"date": "2023-08-19-01-00-00", "latency": 3}, {"date": "2023-08-18-03-00-00", "latency": 3}]}, {"location": {"country_code": "us", "region": "Texas"}, "game_id": "295590", "values": [{"date": "2023-08-18-06-00-00", "latency": 7}, {"date": "2023-08-18-06-00-00", "latency": 7}, {"date": "2023-08-18-06-00-00", "latency": 2}]}, {"location": {"country_code": "eg"}, "game_id": "295590", "values": [{"date": "2023-08-19-00-00-00", "latency": 5}, {"date": "2023-08-19-00-00-00", "latency": 5}]}, {"location": {"country_code": "us", "region": "New York", "city": "Jamestown"}, "game_id": "295590", "values": [{"date": "2023-08-18-21-00-00", "latency": 2}, {"date": "2023-08-18-07-00-00", "latency": 2}, {"date": "2023-08-18-07-00-00", "latency": 1}, {"date": "2023-08-18-04-00-00", "latency": 5}, {"date": "2023-08-18-07-00-00", "latency": 15}]}, {"location": {"country_code": "gb"}, "game_id": "295590", "values": [{"date": "2023-08-18-21-00-00", "latency": 0}, {"date": "2023-08-18-16-00-00", "latency": 2}, {"date": "2023-08-18-21-00-00", "latency": 98}]}, {"location": {"country_code": "gr"}, "game_id": "295590", "values": [{"date": "2023-08-18-21-00-00", "latency": 63}, {"date": "2023-08-18-06-00-00", "latency": 8}, {"date": "2023-08-18-19-00-00", "latency": 2}, {"date": "2023-08-18-19-00-00", "latency": 2}, {"date": "2023-08-18-19-00-00", "latency": 2}, {"date": "2023-08-18-19-00-00", "latency": 5}, {"date": "2023-08-18-19-00-00", "latency": 5}, {"date": "2023-08-18-16-00-00", "latency": 1}, {"date": "2023-08-18-16-00-00", "latency": 1}]}, {"location": {"country_code": "nl"}, "game_id": "295590", "values": [{"date": "2023-08-18-18-00-00", "latency": 6}, {"date": "2023-08-18-18-00-00", "latency": 6}, {"date": "2023-08-18-18-00-00", "latency": 6}, {"date": "2023-08-18-18-00-00", "latency": 6}, {"date": "2023-08-18-18-00-00", "latency": 6}, {"date": "2023-08-18-18-00-00", "latency": 6}, {"date": "2023-08-18-18-00-00", "latency": 6}, {"date": "2023-08-18-18-00-00", "latency": 6}, {"date": "2023-08-18-18-00-00", "latency": 6}, {"date": "2023-08-18-18-00-00", "latency": 6}, {"date": "2023-08-18-18-00-00", "latency": 6}, {"date": "2023-08-18-18-00-00", "latency": 6}, {"date": "2023-08-18-18-00-00", "latency": 6}, {"date": "2023-08-18-18-00-00", "latency": 6}, {"date": "2023-08-18-18-00-00", "latency": 6}, {"date": "2023-08-18-18-00-00", "latency": 6}, {"date": "2023-08-18-18-00-00", "latency": 6}, {"date": "2023-08-18-18-00-00", "latency": 6}, {"date": "2023-08-18-18-00-00", "latency": 6}, {"date": "2023-08-18-18-00-00", "latency": 6}, {"date": "2023-08-18-18-00-00", "latency": 6}, {"date": "2023-08-18-18-00-00", "latency": 6}, {"date": "2023-08-18-18-00-00", "latency": 6}, {"date": "2023-08-18-18-00-00", "latency": 6}, {"date": "2023-08-18-18-00-00", "latency": 6}, {"date": "2023-08-18-18-00-00", "latency": 6}, {"date": "2023-08-18-18-00-00", "latency": 6}, {"date": "2023-08-18-18-00-00", "latency": 6}, {"date": "2023-08-18-18-00-00", "latency": 6}, {"date": "2023-08-18-18-00-00", "latency": 6}, {"date": "2023-08-18-18-00-00", "latency": 6}, {"date": "2023-08-18-18-00-00", "latency": 6}, {"date": "2023-08-18-18-00-00", "latency": 6}, {"date": "2023-08-18-18-00-00", "latency": 6}, {"date": "2023-08-18-18-00-00", "latency": 6}, {"date": "2023-08-18-18-00-00", "latency": 6}, {"date": "2023-08-18-18-00-00", "latency": 6}]}, {"location": {"country_code": "sk"}, "game_id": "295590", "values": [{"date": "2023-08-18-22-00-00", "latency": 2}, {"date": "2023-08-18-19-00-00", "latency": 2}]}, {"location": {"country_code": "it"}, "game_id": "295590", "values": [{"date": "2023-08-18-15-00-00", "latency": 4}, {"date": "2023-08-18-23-00-00", "latency": 9}, {"date": "2023-08-18-23-00-00", "latency": 9}, {"date": "2023-08-18-02-00-00", "latency": 1005}]}, {"location": {"country_code": "ro"}, "game_id": "295590", "values": [{"date": "2023-08-18-20-00-00", "latency": 3}, {"date": "2023-08-18-20-00-00", "latency": 3}, {"date": "2023-08-18-20-00-00", "latency": 3}, {"date": "2023-08-19-02-00-00", "latency": 3}, {"date": "2023-08-18-03-00-00", "latency": 4}, {"date": "2023-08-18-14-00-00", "latency": 3}, {"date": "2023-08-18-14-00-00", "latency": 3}, {"date": "2023-08-18-14-00-00", "latency": 3}, {"date": "2023-08-18-14-00-00", "latency": 3}, {"date": "2023-08-18-14-00-00", "latency": 3}, {"date": "2023-08-18-14-00-00", "latency": 3}]}, {"location": {"country_code": "za"}, "game_id": "295590", "values": [{"date": "2023-08-19-00-00-00", "latency": 144}, {"date": "2023-08-19-00-00-00", "latency": 144}, {"date": "2023-08-19-00-00-00", "latency": 144}, {"date": "2023-08-19-00-00-00", "latency": 144}, {"date": "2023-08-18-06-00-00", "latency": 29}, {"date": "2023-08-18-06-00-00", "latency": 29}, {"date": "2023-08-18-06-00-00", "latency": 29}, {"date": "2023-08-18-06-00-00", "latency": 29}, {"date": "2023-08-18-06-00-00", "latency": 29}, {"date": "2023-08-18-06-00-00", "latency": 29}, {"date": "2023-08-18-06-00-00", "latency": 29}, {"date": "2023-08-18-06-00-00", "latency": 29}, {"date": "2023-08-18-06-00-00", "latency": 29}]}, {"location": {"country_code": "jp"}, "game_id": "295590", "values": [{"date": "2023-08-18-15-00-00", "latency": 0}, {"date": "2023-08-18-17-00-00", "latency": 543}, {"date": "2023-08-18-17-00-00", "latency": 543}, {"date": "2023-08-18-06-00-00", "latency": 2}]}, {"location": {"country_code": "ca"}, "game_id": "295590", "values": [{"date": "2023-08-18-02-00-00", "latency": 2}, {"date": "2023-08-18-05-00-00", "latency": 0}, {"date": "2023-08-18-07-00-00", "latency": 6}, {"date": "2023-08-18-03-00-00", "latency": 7}, {"date": "2023-08-18-03-00-00", "latency": 7}, {"date": "2023-08-18-23-00-00", "latency": 4}, {"date": "2023-08-18-23-00-00", "latency": 4}, {"date": "2023-08-18-04-00-00", "latency": 8}, {"date": "2023-08-18-04-00-00", "latency": 8}, {"date": "2023-08-18-04-00-00", "latency": 8}, {"date": "2023-08-18-04-00-00", "latency": 8}, {"date": "2023-08-18-03-00-00", "latency": 6}, {"date": "2023-08-18-06-00-00", "latency": 5}, {"date": "2023-08-18-06-00-00", "latency": 5}, {"date": "2023-08-18-18-00-00", "latency": 5}, {"date": "2023-08-18-21-00-00", "latency": 5}, {"date": "2023-08-18-21-00-00", "latency": 5}, {"date": "2023-08-18-21-00-00", "latency": 5}, {"date": "2023-08-18-21-00-00", "latency": 5}, {"date": "2023-08-19-01-00-00", "latency": 67}, {"date": "2023-08-19-01-00-00", "latency": 67}, {"date": "2023-08-19-01-00-00", "latency": 67}, {"date": "2023-08-19-01-00-00", "latency": 67}, {"date": "2023-08-18-06-00-00", "latency": 8}]}, {"location": {"country_code": "mx", "region": "Nuevo Leon", "city": "Monterrey"}, "game_id": "295590", "values": [{"date": "2023-08-18-08-00-00", "latency": 6}, {"date": "2023-08-18-08-00-00", "latency": 6}, {"date": "2023-08-18-08-00-00", "latency": 6}, {"date": "2023-08-18-05-00-00", "latency": 6}, {"date": "2023-08-18-12-00-00", "latency": 6}, {"date": "2023-08-18-17-00-00", "latency": 5}, {"date": "2023-08-18-07-00-00", "latency": 7}, {"date": "2023-08-18-07-00-00", "latency": 7}, {"date": "2023-08-18-07-00-00", "latency": 0}, {"date": "2023-08-18-07-00-00", "latency": 0}]}, {"location": {"country_code": "de"}, "game_id": "295590", "values": [{"date": "2023-08-18-22-00-00", "latency": 4}, {"date": "2023-08-18-15-00-00", "latency": 1}, {"date": "2023-08-19-01-00-00", "latency": 3}, {"date": "2023-08-19-01-00-00", "latency": 3}, {"date": "2023-08-19-01-00-00", "latency": 3}, {"date": "2023-08-19-01-00-00", "latency": 3}, {"date": "2023-08-18-20-00-00", "latency": 2}, {"date": "2023-08-18-16-00-00", "latency": 2}]}, {"location": {"country_code": "de", "region": "Baden-Wurttemberg", "city": "Kenzingen"}, "game_id": "295590", "values": [{"date": "2023-08-18-15-00-00", "latency": 2}]}, {"location": {"country_code": "tw"}, "game_id": "295590", "values": [{"date": "2023-08-18-16-00-00", "latency": 1347}]}, {"location": {"country_code": "us", "region": "Indiana"}, "game_id": "295590", "values": [{"date": "2023-08-18-15-00-00", "latency": 125}, {"date": "2023-08-18-15-00-00", "latency": 125}, {"date": "2023-08-18-15-00-00", "latency": 125}, {"date": "2023-08-18-15-00-00", "latency": 125}, {"date": "2023-08-18-15-00-00", "latency": 125}, {"date": "2023-08-18-15-00-00", "latency": 125}]}, {"location": {"country_code": "cl"}, "game_id": "295590", "values": [{"date": "2023-08-18-06-00-00", "latency": 4}, {"date": "2023-08-18-07-00-00", "latency": 9}, {"date": "2023-08-18-19-00-00", "latency": 1}, {"date": "2023-08-18-05-00-00", "latency": 2}, {"date": "2023-08-18-05-00-00", "latency": 2}, {"date": "2023-08-18-08-00-00", "latency": 4}]}, {"location": {"country_code": "cl", "region": "Biobio", "city": "Coronel"}, "game_id": "295590", "values": [{"date": "2023-08-18-04-00-00", "latency": 0}]}, {"location": {"country_code": "us", "region": "Florida"}, "game_id": "295590", "values": [{"date": "2023-08-18-07-00-00", "latency": 7}]}, {"location": {"country_code": "co"}, "game_id": "295590", "values": [{"date": "2023-08-19-01-00-00", "latency": 4}, {"date": "2023-08-18-04-00-00", "latency": 4}, {"date": "2023-08-18-04-00-00", "latency": 2}, {"date": "2023-08-18-04-00-00", "latency": 2}, {"date": "2023-08-18-08-00-00", "latency": 111}, {"date": "2023-08-18-04-00-00", "latency": 2}, {"date": "2023-08-18-04-00-00", "latency": 2}, {"date": "2023-08-18-19-00-00", "latency": 0}, {"date": "2023-08-18-19-00-00", "latency": 0}, {"date": "2023-08-19-01-00-00", "latency": 1}, {"date": "2023-08-19-01-00-00", "latency": 1}, {"date": "2023-08-19-02-00-00", "latency": 6}, {"date": "2023-08-18-19-00-00", "latency": 6}, {"date": "2023-08-18-07-00-00", "latency": 6}, {"date": "2023-08-18-06-00-00", "latency": 7}, {"date": "2023-08-18-06-00-00", "latency": 4}]}, {"location": {"country_code": "fr"}, "game_id": "295590", "values": [{"date": "2023-08-18-18-00-00", "latency": 2}, {"date": "2023-08-18-14-00-00", "latency": 5}, {"date": "2023-08-18-14-00-00", "latency": 5}, {"date": "2023-08-18-23-00-00", "latency": 1}, {"date": "2023-08-18-23-00-00", "latency": 1}, {"date": "2023-08-18-23-00-00", "latency": 1}, {"date": "2023-08-18-19-00-00", "latency": 0}, {"date": "2023-08-18-18-00-00", "latency": 2}, {"date": "2023-08-18-18-00-00", "latency": 2}, {"date": "2023-08-18-05-00-00", "latency": 2}, {"date": "2023-08-18-03-00-00", "latency": 3}]}, {"location": {"country_code": "mx"}, "game_id": "295590", "values": [{"date": "2023-08-18-06-00-00", "latency": 2}, {"date": "2023-08-18-03-00-00", "latency": 5}, {"date": "2023-08-18-08-00-00", "latency": 7}, {"date": "2023-08-18-08-00-00", "latency": 7}, {"date": "2023-08-18-08-00-00", "latency": 7}, {"date": "2023-08-19-01-00-00", "latency": 4}, {"date": "2023-08-18-19-00-00", "latency": 5}, {"date": "2023-08-18-05-00-00", "latency": 7}, {"date": "2023-08-18-03-00-00", "latency": 6}, {"date": "2023-08-18-06-00-00", "latency": 7}, {"date": "2023-08-18-06-00-00", "latency": 7}, {"date": "2023-08-18-09-00-00", "latency": 11}, {"date": "2023-08-18-12-00-00", "latency": 6}, {"date": "2023-08-18-12-00-00", "latency": 6}, {"date": "2023-08-18-12-00-00", "latency": 6}, {"date": "2023-08-18-12-00-00", "latency": 6}, {"date": "2023-08-18-12-00-00", "latency": 6}, {"date": "2023-08-18-12-00-00", "latency": 6}, {"date": "2023-08-18-12-00-00", "latency": 6}, {"date": "2023-08-18-12-00-00", "latency": 6}, {"date": "2023-08-18-12-00-00", "latency": 6}, {"date": "2023-08-18-11-00-00", "latency": 0}, {"date": "2023-08-18-14-00-00", "latency": 0}, {"date": "2023-08-18-14-00-00", "latency": 0}, {"date": "2023-08-18-06-00-00", "latency": 7}, {"date": "2023-08-18-06-00-00", "latency": 7}, {"date": "2023-08-18-09-00-00", "latency": 3}, {"date": "2023-08-18-03-00-00", "latency": 1}, {"date": "2023-08-18-03-00-00", "latency": 1}, {"date": "2023-08-18-10-00-00", "latency": 2}, {"date": "2023-08-18-10-00-00", "latency": 2}, {"date": "2023-08-18-05-00-00", "latency": 0}, {"date": "2023-08-18-05-00-00", "latency": 0}, {"date": "2023-08-18-14-00-00", "latency": 0}, {"date": "2023-08-18-14-00-00", "latency": 0}, {"date": "2023-08-18-07-00-00", "latency": 6}, {"date": "2023-08-18-06-00-00", "latency": 7}, {"date": "2023-08-18-08-00-00", "latency": 5}, {"date": "2023-08-18-05-00-00", "latency": 60}, {"date": "2023-08-18-09-00-00", "latency": 1216}, {"date": "2023-08-18-09-00-00", "latency": 1216}, {"date": "2023-08-18-09-00-00", "latency": 1216}, {"date": "2023-08-18-09-00-00", "latency": 1216}, {"date": "2023-08-18-13-00-00", "latency": 6}, {"date": "2023-08-18-13-00-00", "latency": 6}, {"date": "2023-08-18-13-00-00", "latency": 6}, {"date": "2023-08-18-13-00-00", "latency": 6}, {"date": "2023-08-18-06-00-00", "latency": 8}, {"date": "2023-08-18-03-00-00", "latency": 27}, {"date": "2023-08-18-04-00-00", "latency": 0}, {"date": "2023-08-18-06-00-00", "latency": 7}, {"date": "2023-08-18-18-00-00", "latency": 7}, {"date": "2023-08-18-18-00-00", "latency": 7}, {"date": "2023-08-18-18-00-00", "latency": 7}, {"date": "2023-08-18-18-00-00", "latency": 7}, {"date": "2023-08-18-18-00-00", "latency": 7}, {"date": "2023-08-18-22-00-00", "latency": 5}, {"date": "2023-08-18-22-00-00", "latency": 5}, {"date": "2023-08-18-10-00-00", "latency": 3}, {"date": "2023-08-18-10-00-00", "latency": 3}, {"date": "2023-08-18-08-00-00", "latency": 8}]}, {"location": {"country_code": "mx", "region": "Sonora", "city": "Hermosillo"}, "game_id": "295590", "values": [{"date": "2023-08-18-08-00-00", "latency": 3}, {"date": "2023-08-18-08-00-00", "latency": 3}]}, {"location": {"country_code": "ar"}, "game_id": "295590", "values": [{"date": "2023-08-19-01-00-00", "latency": 4}, {"date": "2023-08-18-06-00-00", "latency": 8}, {"date": "2023-08-18-06-00-00", "latency": 8}, {"date": "2023-08-18-06-00-00", "latency": 8}, {"date": "2023-08-18-21-00-00", "latency": 4}, {"date": "2023-08-18-09-00-00", "latency": 2}, {"date": "2023-08-18-04-00-00", "latency": 0}, {"date": "2023-08-18-02-00-00", "latency": 60}, {"date": "2023-08-18-02-00-00", "latency": 60}, {"date": "2023-08-18-02-00-00", "latency": 60}, {"date": "2023-08-19-01-00-00", "latency": 6}, {"date": "2023-08-19-01-00-00", "latency": 10}, {"date": "2023-08-18-22-00-00", "latency": 3}, {"date": "2023-08-18-08-00-00", "latency": 4}, {"date": "2023-08-18-08-00-00", "latency": 4}, {"date": "2023-08-18-08-00-00", "latency": 4}, {"date": "2023-08-18-08-00-00", "latency": 4}, {"date": "2023-08-18-08-00-00", "latency": 4}, {"date": "2023-08-18-08-00-00", "latency": 4}, {"date": "2023-08-18-16-00-00", "latency": 3}, {"date": "2023-08-19-00-00-00", "latency": 3}]}, {"location": {"country_code": "mx", "region": "Baja California"}, "game_id": "295590", "values": [{"date": "2023-08-18-08-00-00", "latency": 7}]}, {"location": {"country_code": "mx", "region": "Mexico City"}, "game_id": "295590", "values": [{"date": "2023-08-18-07-00-00", "latency": 4}, {"date": "2023-08-18-17-00-00", "latency": 6}, {"date": "2023-08-18-17-00-00", "latency": 6}, {"date": "2023-08-18-10-00-00", "latency": 4}, {"date": "2023-08-18-10-00-00", "latency": 4}, {"date": "2023-08-18-10-00-00", "latency": 4}, {"date": "2023-08-18-05-00-00", "latency": 0}, {"date": "2023-08-18-08-00-00", "latency": 0}, {"date": "2023-08-18-08-00-00", "latency": 0}, {"date": "2023-08-18-07-00-00", "latency": 1}, {"date": "2023-08-18-07-00-00", "latency": 1}, {"date": "2023-08-18-07-00-00", "latency": 1}, {"date": "2023-08-18-16-00-00", "latency": 0}]}, {"location": {"country_code": "us", "region": "California"}, "game_id": "295590", "values": [{"date": "2023-08-19-00-00-00", "latency": 23}, {"date": "2023-08-18-08-00-00", "latency": 4}, {"date": "2023-08-18-08-00-00", "latency": 4}, {"date": "2023-08-18-08-00-00", "latency": 4}, {"date": "2023-08-18-06-00-00", "latency": 6}, {"date": "2023-08-18-10-00-00", "latency": 1}, {"date": "2023-08-18-10-00-00", "latency": 1}, {"date": "2023-08-18-10-00-00", "latency": 1}, {"date": "2023-08-18-10-00-00", "latency": 1}, {"date": "2023-08-18-03-00-00", "latency": 8}, {"date": "2023-08-18-03-00-00", "latency": 8}, {"date": "2023-08-18-03-00-00", "latency": 8}, {"date": "2023-08-18-03-00-00", "latency": 8}, {"date": "2023-08-18-09-00-00", "latency": 7}, {"date": "2023-08-18-11-00-00", "latency": 6}, {"date": "2023-08-18-11-00-00", "latency": 6}, {"date": "2023-08-18-11-00-00", "latency": 6}, {"date": "2023-08-18-11-00-00", "latency": 6}, {"date": "2023-08-18-11-00-00", "latency": 6}]}, {"location": {"country_code": "br"}, "game_id": "295590", "values": [{"date": "2023-08-18-07-00-00", "latency": 2}, {"date": "2023-08-18-04-00-00", "latency": 2}, {"date": "2023-08-18-04-00-00", "latency": 2}, {"date": "2023-08-18-04-00-00", "latency": 2}, {"date": "2023-08-18-04-00-00", "latency": 2}, {"date": "2023-08-18-04-00-00", "latency": 54}, {"date": "2023-08-18-04-00-00", "latency": 54}, {"date": "2023-08-18-04-00-00", "latency": 54}, {"date": "2023-08-18-04-00-00", "latency": 54}, {"date": "2023-08-18-04-00-00", "latency": 54}, {"date": "2023-08-18-04-00-00", "latency": 54}, {"date": "2023-08-18-04-00-00", "latency": 54}, {"date": "2023-08-18-07-00-00", "latency": 0}, {"date": "2023-08-18-14-00-00", "latency": 1}, {"date": "2023-08-18-03-00-00", "latency": 8}, {"date": "2023-08-18-19-00-00", "latency": 0}, {"date": "2023-08-18-21-00-00", "latency": 140}, {"date": "2023-08-18-21-00-00", "latency": 140}, {"date": "2023-08-18-21-00-00", "latency": 140}, {"date": "2023-08-18-21-00-00", "latency": 140}, {"date": "2023-08-18-21-00-00", "latency": 140}, {"date": "2023-08-18-21-00-00", "latency": 140}, {"date": "2023-08-18-21-00-00", "latency": 140}, {"date": "2023-08-18-21-00-00", "latency": 140}, {"date": "2023-08-18-21-00-00", "latency": 140}]}, {"location": {"country_code": "br", "region": "Sao Paulo", "city": "Apiai"}, "game_id": "295590", "values": [{"date": "2023-08-18-17-00-00", "latency": 3}, {"date": "2023-08-18-22-00-00", "latency": 0}, {"date": "2023-08-18-22-00-00", "latency": 0}, {"date": "2023-08-18-22-00-00", "latency": 0}, {"date": "2023-08-18-22-00-00", "latency": 0}]}, {"location": {"country_code": "se"}, "game_id": "295590", "values": [{"date": "2023-08-18-22-00-00", "latency": 20}, {"date": "2023-08-18-15-00-00", "latency": 9}]}, {"location": {"country_code": "us", "region": "California", "city": "East Los Angeles"}, "game_id": "295590", "values": [{"date": "2023-08-18-21-00-00", "latency": 7}, {"date": "2023-08-18-13-00-00", "latency": 8}, {"date": "2023-08-18-13-00-00", "latency": 8}, {"date": "2023-08-18-13-00-00", "latency": 8}, {"date": "2023-08-18-13-00-00", "latency": 8}, {"date": "2023-08-18-05-00-00", "latency": 7}, {"date": "2023-08-18-08-00-00", "latency": 6}, {"date": "2023-08-18-08-00-00", "latency": 6}]}, {"location": {"country_code": "ec"}, "game_id": "295590", "values": [{"date": "2023-08-18-22-00-00", "latency": 4}, {"date": "2023-08-18-22-00-00", "latency": 4}, {"date": "2023-08-18-22-00-00", "latency": 4}, {"date": "2023-08-18-22-00-00", "latency": 4}, {"date": "2023-08-18-20-00-00", "latency": 8}, {"date": "2023-08-18-09-00-00", "latency": 4}, {"date": "2023-08-18-10-00-00", "latency": 3}, {"date": "2023-08-18-10-00-00", "latency": 3}, {"date": "2023-08-18-10-00-00", "latency": 3}, {"date": "2023-08-18-10-00-00", "latency": 3}, {"date": "2023-08-18-10-00-00", "latency": 3}, {"date": "2023-08-18-10-00-00", "latency": 3}, {"date": "2023-08-18-10-00-00", "latency": 3}, {"date": "2023-08-18-10-00-00", "latency": 3}, {"date": "2023-08-18-10-00-00", "latency": 3}, {"date": "2023-08-18-10-00-00", "latency": 3}, {"date": "2023-08-18-10-00-00", "latency": 3}, {"date": "2023-08-18-10-00-00", "latency": 3}, {"date": "2023-08-18-10-00-00", "latency": 3}, {"date": "2023-08-18-10-00-00", "latency": 3}, {"date": "2023-08-18-10-00-00", "latency": 3}, {"date": "2023-08-18-10-00-00", "latency": 3}, {"date": "2023-08-18-10-00-00", "latency": 3}, {"date": "2023-08-18-10-00-00", "latency": 3}, {"date": "2023-08-18-10-00-00", "latency": 3}, {"date": "2023-08-18-10-00-00", "latency": 3}, {"date": "2023-08-18-10-00-00", "latency": 3}, {"date": "2023-08-18-10-00-00", "latency": 3}, {"date": "2023-08-18-10-00-00", "latency": 3}]}, {"location": {"country_code": "au"}, "game_id": "295590", "values": [{"date": "2023-08-18-19-00-00", "latency": 3}, {"date": "2023-08-18-18-00-00", "latency": 9}]}, {"location": {"country_code": "au", "region": "Victoria", "city": "Melbourne"}, "game_id": "295590", "values": [{"date": "2023-08-18-14-00-00", "latency": 38}]}, {"location": {"country_code": "td"}, "game_id": "295590", "values": [{"date": "2023-08-18-23-00-00", "latency": 2}]}, {"location": {"country_code": "us", "region": "Texas", "city": "Austin"}, "game_id": "295590", "values": [{"date": "2023-08-18-12-00-00", "latency": 4}, {"date": "2023-08-18-12-00-00", "latency": 4}]}, {"location": {"country_code": "es", "region": "Madrid", "city": "Parla"}, "game_id": "295590", "values": [{"date": "2023-08-18-20-00-00", "latency": 3}, {"date": "2023-08-18-20-00-00", "latency": 3}, {"date": "2023-08-18-20-00-00", "latency": 3}, {"date": "2023-08-18-20-00-00", "latency": 3}]}, {"location": {"country_code": "dk"}, "game_id": "295590", "values": [{"date": "2023-08-18-23-00-00", "latency": 2}, {"date": "2023-08-18-19-00-00", "latency": 2}]}, {"location": {"country_code": "dk", "region": "Region Zealand", "city": "Nstved"}, "game_id": "295590", "values": [{"date": "2023-08-18-04-00-00", "latency": 7}]}, {"location": {"country_code": "tr"}, "game_id": "295590", "values": [{"date": "2023-08-18-12-00-00", "latency": 38}, {"date": "2023-08-18-12-00-00", "latency": 38}, {"date": "2023-08-18-12-00-00", "latency": 38}, {"date": "2023-08-18-12-00-00", "latency": 38}, {"date": "2023-08-18-12-00-00", "latency": 38}, {"date": "2023-08-18-09-00-00", "latency": 4}, {"date": "2023-08-18-09-00-00", "latency": 4}, {"date": "2023-08-18-09-00-00", "latency": 4}]}, {"location": {"country_code": "pl", "region": "Greater Poland Voivodeship"}, "game_id": "295590", "values": [{"date": "2023-08-18-18-00-00", "latency": 5}]}, {"location": {"country_code": "ca", "region": "Ontario"}, "game_id": "295590", "values": [{"date": "2023-08-18-14-00-00", "latency": 25}, {"date": "2023-08-18-14-00-00", "latency": 25}, {"date": "2023-08-18-14-00-00", "latency": 25}, {"date": "2023-08-18-14-00-00", "latency": 25}, {"date": "2023-08-18-14-00-00", "latency": 25}, {"date": "2023-08-18-14-00-00", "latency": 25}, {"date": "2023-08-18-14-00-00", "latency": 25}, {"date": "2023-08-18-14-00-00", "latency": 25}]}, {"location": {"country_code": "kr", "region": "Seoul"}, "game_id": "295590", "values": [{"date": "2023-08-18-04-00-00", "latency": 4}, {"date": "2023-08-18-18-00-00", "latency": 38}, {"date": "2023-08-18-18-00-00", "latency": 38}, {"date": "2023-08-18-18-00-00", "latency": 38}, {"date": "2023-08-18-18-00-00", "latency": 38}, {"date": "2023-08-18-18-00-00", "latency": 38}, {"date": "2023-08-18-18-00-00", "latency": 38}, {"date": "2023-08-18-18-00-00", "latency": 38}]}, {"location": {"country_code": "es"}, "game_id": "295590", "values": [{"date": "2023-08-18-13-00-00", "latency": 0}, {"date": "2023-08-18-16-00-00", "latency": 3}, {"date": "2023-08-18-16-00-00", "latency": 3}, {"date": "2023-08-18-16-00-00", "latency": 3}, {"date": "2023-08-18-18-00-00", "latency": 4}, {"date": "2023-08-19-00-00-00", "latency": 3}, {"date": "2023-08-19-00-00-00", "latency": 3}, {"date": "2023-08-19-00-00-00", "latency": 3}, {"date": "2023-08-19-00-00-00", "latency": 3}, {"date": "2023-08-19-00-00-00", "latency": 3}, {"date": "2023-08-19-00-00-00", "latency": 3}, {"date": "2023-08-19-00-00-00", "latency": 3}, {"date": "2023-08-19-00-00-00", "latency": 3}, {"date": "2023-08-19-01-00-00", "latency": 3}, {"date": "2023-08-19-01-00-00", "latency": 3}, {"date": "2023-08-19-01-00-00", "latency": 3}, {"date": "2023-08-19-01-00-00", "latency": 3}, {"date": "2023-08-19-01-00-00", "latency": 3}, {"date": "2023-08-19-01-00-00", "latency": 3}, {"date": "2023-08-19-01-00-00", "latency": 3}, {"date": "2023-08-19-01-00-00", "latency": 3}]}, {"location": {"country_code": "sa"}, "game_id": "295590", "values": [{"date": "2023-08-18-23-00-00", "latency": 4}]}, {"location": {"country_code": "ar", "region": "Buenos Aires F.D.", "city": "Bahia Blanca"}, "game_id": "295590", "values": [{"date": "2023-08-18-09-00-00", "latency": 10}, {"date": "2023-08-18-09-00-00", "latency": 10}, {"date": "2023-08-18-18-00-00", "latency": 2}, {"date": "2023-08-18-05-00-00", "latency": 3}, {"date": "2023-08-18-06-00-00", "latency": 8}, {"date": "2023-08-18-21-00-00", "latency": 3}, {"date": "2023-08-18-03-00-00", "latency": 3}, {"date": "2023-08-18-23-00-00", "latency": 20}]}, {"location": {"country_code": "ar", "region": "Buenos Aires"}, "game_id": "295590", "values": [{"date": "2023-08-19-01-00-00", "latency": 3}, {"date": "2023-08-19-01-00-00", "latency": 3}, {"date": "2023-08-18-08-00-00", "latency": 3}]}, {"location": {"country_code": "bo"}, "game_id": "295590", "values": [{"date": "2023-08-18-04-00-00", "latency": 14}, {"date": "2023-08-18-04-00-00", "latency": 14}]}, {"location": {"country_code": "vn"}, "game_id": "295590", "values": [{"date": "2023-08-18-07-00-00", "latency": 3}, {"date": "2023-08-18-07-00-00", "latency": 3}]}, {"location": {"country_code": "fi"}, "game_id": "295590", "values": [{"date": "2023-08-18-04-00-00", "latency": 7}, {"date": "2023-08-19-00-00-00", "latency": 2}, {"date": "2023-08-19-00-00-00", "latency": 2}, {"date": "2023-08-19-00-00-00", "latency": 2}, {"date": "2023-08-18-13-00-00", "latency": 6}, {"date": "2023-08-18-13-00-00", "latency": 6}, {"date": "2023-08-18-13-00-00", "latency": 6}, {"date": "2023-08-18-19-00-00", "latency": 3}]}, {"location": {"country_code": "us", "region": "Hawaii"}, "game_id": "295590", "values": [{"date": "2023-08-19-01-00-00", "latency": 1}, {"date": "2023-08-18-17-00-00", "latency": 17}]}, {"location": {"country_code": "us", "region": "Massachusetts"}, "game_id": "295590", "values": [{"date": "2023-08-18-22-00-00", "latency": 8}]}, {"location": {"country_code": "gt", "region": "Guatemala Department", "city": "Guatemala City"}, "game_id": "295590", "values": [{"date": "2023-08-18-17-00-00", "latency": 4}]}, {"location": {"country_code": "us", "region": "Virginia"}, "game_id": "295590", "values": [{"date": "2023-08-18-07-00-00", "latency": 3}, {"date": "2023-08-18-07-00-00", "latency": 3}]}, {"location": {"country_code": "jp", "region": "Tokyo"}, "game_id": "295590", "values": [{"date": "2023-08-18-12-00-00", "latency": 2}, {"date": "2023-08-18-12-00-00", "latency": 2}, {"date": "2023-08-18-12-00-00", "latency": 2}]}, {"location": {"country_code": "us", "region": "Missouri", "city": "Downtown Kansas City"}, "game_id": "295590", "values": [{"date": "2023-08-18-14-00-00", "latency": 9}, {"date": "2023-08-18-14-00-00", "latency": 9}, {"date": "2023-08-18-14-00-00", "latency": 9}, {"date": "2023-08-18-14-00-00", "latency": 9}, {"date": "2023-08-18-14-00-00", "latency": 9}]}, {"location": {"country_code": "us", "region": "Texas", "city": "Houston"}, "game_id": "295590", "values": [{"date": "2023-08-18-22-00-00", "latency": 9}]}, {"location": {"country_code": "in", "region": "Telangana"}, "game_id": "295590", "values": [{"date": "2023-08-18-14-00-00", "latency": 25}]}, {"location": {"country_code": "mx", "region": "Puebla"}, "game_id": "295590", "values": [{"date": "2023-08-18-06-00-00", "latency": 4}, {"date": "2023-08-18-06-00-00", "latency": 4}]}, {"location": {"country_code": "us", "region": "Pennsylvania", "city": "Pittsburgh"}, "game_id": "295590", "values": [{"date": "2023-08-18-22-00-00", "latency": 2}]}, {"location": {"country_code": "de", "region": "Bavaria"}, "game_id": "295590", "values": [{"date": "2023-08-18-21-00-00", "latency": 7}, {"date": "2023-08-18-21-00-00", "latency": 7}, {"date": "2023-08-18-21-00-00", "latency": 7}, {"date": "2023-08-18-21-00-00", "latency": 7}, {"date": "2023-08-18-21-00-00", "latency": 7}]}, {"location": {"country_code": "ve"}, "game_id": "295590", "values": [{"date": "2023-08-19-00-00-00", "latency": 14}, {"date": "2023-08-18-09-00-00", "latency": 6}, {"date": "2023-08-18-08-00-00", "latency": 4}]}, {"location": {"country_code": "at"}, "game_id": "295590", "values": [{"date": "2023-08-18-22-00-00", "latency": 2}]}, {"location": {"country_code": "mx", "region": "Nuevo Leon"}, "game_id": "295590", "values": [{"date": "2023-08-18-08-00-00", "latency": 3}, {"date": "2023-08-18-10-00-00", "latency": 5}, {"date": "2023-08-18-10-00-00", "latency": 5}, {"date": "2023-08-18-10-00-00", "latency": 5}, {"date": "2023-08-18-10-00-00", "latency": 5}, {"date": "2023-08-18-10-00-00", "latency": 5}, {"date": "2023-08-18-10-00-00", "latency": 5}]}, {"location": {"country_code": "us", "region": "Arizona"}, "game_id": "295590", "values": [{"date": "2023-08-18-04-00-00", "latency": 8}]}, {"location": {"country_code": "us", "region": "State of Wyoming"}, "game_id": "295590", "values": [{"date": "2023-08-18-08-00-00", "latency": 10}, {"date": "2023-08-18-08-00-00", "latency": 10}, {"date": "2023-08-18-08-00-00", "latency": 10}, {"date": "2023-08-18-08-00-00", "latency": 10}]}, {"location": {"country_code": "mx", "region": "Nayarit"}, "game_id": "295590", "values": [{"date": "2023-08-18-12-00-00", "latency": 1}, {"date": "2023-08-18-12-00-00", "latency": 1}]}, {"location": {"country_code": "es", "region": "Aragon", "city": "Zaragoza"}, "game_id": "295590", "values": [{"date": "2023-08-19-02-00-00", "latency": 9}]}, {"location": {"country_code": "pl"}, "game_id": "295590", "values": [{"date": "2023-08-18-23-00-00", "latency": 4}, {"date": "2023-08-18-16-00-00", "latency": 5}, {"date": "2023-08-18-16-00-00", "latency": 5}, {"date": "2023-08-18-19-00-00", "latency": 1}, {"date": "2023-08-19-00-00-00", "latency": 3}, {"date": "2023-08-18-18-00-00", "latency": 0}, {"date": "2023-08-18-18-00-00", "latency": 0}, {"date": "2023-08-18-21-00-00", "latency": 4}, {"date": "2023-08-18-23-00-00", "latency": 3}, {"date": "2023-08-18-23-00-00", "latency": 3}, {"date": "2023-08-18-15-00-00", "latency": 7}]}, {"location": {"country_code": "be"}, "game_id": "295590", "values": [{"date": "2023-08-18-20-00-00", "latency": 3}, {"date": "2023-08-18-13-00-00", "latency": 2}, {"date": "2023-08-18-13-00-00", "latency": 2}, {"date": "2023-08-18-13-00-00", "latency": 2}, {"date": "2023-08-18-13-00-00", "latency": 2}]}, {"location": {"country_code": "cr"}, "game_id": "295590", "values": [{"date": "2023-08-18-10-00-00", "latency": 27}, {"date": "2023-08-18-10-00-00", "latency": 27}, {"date": "2023-08-18-10-00-00", "latency": 27}, {"date": "2023-08-19-00-00-00", "latency": 3}, {"date": "2023-08-18-05-00-00", "latency": 6}, {"date": "2023-08-18-05-00-00", "latency": 6}, {"date": "2023-08-18-05-00-00", "latency": 6}]}, {"location": {"country_code": "gb", "region": "England", "city": "London"}, "game_id": "295590", "values": [{"date": "2023-08-18-08-00-00", "latency": 1143}, {"date": "2023-08-18-08-00-00", "latency": 1143}, {"date": "2023-08-18-08-00-00", "latency": 1143}, {"date": "2023-08-18-08-00-00", "latency": 1143}]}, {"location": {"country_code": "us", "region": "Georgia"}, "game_id": "295590", "values": [{"date": "2023-08-18-18-00-00", "latency": 7}]}, {"location": {"country_code": "pe"}, "game_id": "295590", "values": [{"date": "2023-08-18-04-00-00", "latency": 8}, {"date": "2023-08-18-04-00-00", "latency": 8}, {"date": "2023-08-18-04-00-00", "latency": 8}, {"date": "2023-08-18-04-00-00", "latency": 8}, {"date": "2023-08-19-01-00-00", "latency": 37}, {"date": "2023-08-19-01-00-00", "latency": 37}, {"date": "2023-08-18-07-00-00", "latency": 4}, {"date": "2023-08-18-07-00-00", "latency": 4}, {"date": "2023-08-18-07-00-00", "latency": 4}]}, {"location": {"country_code": "ua"}, "game_id": "295590", "values": [{"date": "2023-08-18-12-00-00", "latency": 3}, {"date": "2023-08-18-12-00-00", "latency": 3}, {"date": "2023-08-18-12-00-00", "latency": 3}, {"date": "2023-08-18-12-00-00", "latency": 3}, {"date": "2023-08-18-12-00-00", "latency": 3}, {"date": "2023-08-18-12-00-00", "latency": 3}, {"date": "2023-08-18-12-00-00", "latency": 3}, {"date": "2023-08-18-12-00-00", "latency": 3}, {"date": "2023-08-18-12-00-00", "latency": 3}, {"date": "2023-08-18-21-00-00", "latency": 6}, {"date": "2023-08-18-21-00-00", "latency": 6}]}, {"location": {"country_code": "tr", "region": "Marmara Bolgesi", "city": "Istanbul"}, "game_id": "295590", "values": [{"date": "2023-08-18-06-00-00", "latency": 10}, {"date": "2023-08-18-06-00-00", "latency": 10}, {"date": "2023-08-18-10-00-00", "latency": 1}, {"date": "2023-08-18-10-00-00", "latency": 1}]}, {"location": {"country_code": "ca", "region": "Ontario", "city": "Toronto"}, "game_id": "295590", "values": [{"date": "2023-08-18-21-00-00", "latency": 2}, {"date": "2023-08-19-00-00-00", "latency": 8}, {"date": "2023-08-18-04-00-00", "latency": 32}, {"date": "2023-08-18-04-00-00", "latency": 32}, {"date": "2023-08-18-04-00-00", "latency": 32}, {"date": "2023-08-18-04-00-00", "latency": 32}, {"date": "2023-08-18-04-00-00", "latency": 32}, {"date": "2023-08-18-04-00-00", "latency": 32}, {"date": "2023-08-18-04-00-00", "latency": 32}, {"date": "2023-08-18-04-00-00", "latency": 32}, {"date": "2023-08-18-04-00-00", "latency": 32}]}, {"location": {"country_code": "do"}, "game_id": "295590", "values": [{"date": "2023-08-18-09-00-00", "latency": 41}, {"date": "2023-08-18-09-00-00", "latency": 41}, {"date": "2023-08-18-09-00-00", "latency": 41}, {"date": "2023-08-18-09-00-00", "latency": 41}, {"date": "2023-08-18-09-00-00", "latency": 41}, {"date": "2023-08-18-09-00-00", "latency": 41}]}, {"location": {"country_code": "ru"}, "game_id": "295590", "values": [{"date": "2023-08-18-22-00-00", "latency": 0}]}, {"location": {"country_code": "my"}, "game_id": "295590", "values": [{"date": "2023-08-19-02-00-00", "latency": 229}, {"date": "2023-08-19-02-00-00", "latency": 229}, {"date": "2023-08-19-02-00-00", "latency": 229}, {"date": "2023-08-19-02-00-00", "latency": 229}, {"date": "2023-08-19-02-00-00", "latency": 229}, {"date": "2023-08-19-02-00-00", "latency": 229}]}, {"location": {"country_code": "au", "region": "Queensland"}, "game_id": "295590", "values": [{"date": "2023-08-18-18-00-00", "latency": 4}, {"date": "2023-08-18-18-00-00", "latency": 4}]}, {"location": {"country_code": "cl", "region": "Santiago Metropolitan", "city": "Santiago"}, "game_id": "295590", "values": [{"date": "2023-08-18-07-00-00", "latency": 7}]}, {"location": {"country_code": "au", "region": "Western Australia", "city": "Perth"}, "game_id": "295590", "values": [{"date": "2023-08-18-13-00-00", "latency": 45}, {"date": "2023-08-18-13-00-00", "latency": 45}, {"date": "2023-08-18-13-00-00", "latency": 45}]}, {"location": {"country_code": "pt"}, "game_id": "295590", "values": [{"date": "2023-08-18-22-00-00", "latency": 2}, {"date": "2023-08-18-22-00-00", "latency": 2}, {"date": "2023-08-18-22-00-00", "latency": 2}, {"date": "2023-08-18-22-00-00", "latency": 2}, {"date": "2023-08-18-22-00-00", "latency": 2}, {"date": "2023-08-18-22-00-00", "latency": 2}, {"date": "2023-08-18-22-00-00", "latency": 2}, {"date": "2023-08-18-22-00-00", "latency": 2}, {"date": "2023-08-18-22-00-00", "latency": 2}, {"date": "2023-08-18-22-00-00", "latency": 2}, {"date": "2023-08-19-01-00-00", "latency": 3}, {"date": "2023-08-19-01-00-00", "latency": 3}]}, {"location": {"country_code": "pt", "region": "Aveiro District", "city": "Milheiros de Poiares"}, "game_id": "295590", "values": [{"date": "2023-08-19-01-00-00", "latency": 4}]}, {"location": {"country_code": "pt", "region": "Northern Mariana Islands", "city": "Guimaraes"}, "game_id": "295590", "values": [{"date": "2023-08-19-01-00-00", "latency": 1}]}, {"location": {"country_code": "br", "region": "State of Rio de Janeiro", "city": "Angra dos Reis"}, "game_id": "295590", "values": [{"date": "2023-08-18-04-00-00", "latency": 1402}, {"date": "2023-08-18-18-00-00", "latency": 2}, {"date": "2023-08-19-01-00-00", "latency": 2}, {"date": "2023-08-18-04-00-00", "latency": 0}]}, {"location": {"country_code": "es", "region": "Andalusia", "city": "Seville"}, "game_id": "295590", "values": [{"date": "2023-08-18-22-00-00", "latency": 3}, {"date": "2023-08-18-20-00-00", "latency": 3}, {"date": "2023-08-18-20-00-00", "latency": 3}]}, {"location": {"country_code": "us", "region": "Minnesota", "city": "Owatonna"}, "game_id": "295590", "values": [{"date": "2023-08-19-00-00-00", "latency": 1}]}, {"location": {"country_code": "uy", "region": "Montevideo Department", "city": "Montevideo"}, "game_id": "295590", "values": [{"date": "2023-08-18-13-00-00", "latency": 3}, {"date": "2023-08-18-13-00-00", "latency": 3}]}, {"location": {"country_code": "uy"}, "game_id": "295590", "values": [{"date": "2023-08-18-23-00-00", "latency": 3}, {"date": "2023-08-18-02-00-00", "latency": 7}, {"date": "2023-08-18-02-00-00", "latency": 7}, {"date": "2023-08-18-08-00-00", "latency": 3}, {"date": "2023-08-18-03-00-00", "latency": 3}, {"date": "2023-08-18-03-00-00", "latency": 3}, {"date": "2023-08-18-09-00-00", "latency": 3}, {"date": "2023-08-18-18-00-00", "latency": 0}]}, {"location": {"country_code": "us", "region": "Vermont"}, "game_id": "295590", "values": [{"date": "2023-08-18-02-00-00", "latency": 4}, {"date": "2023-08-18-02-00-00", "latency": 4}]}, {"location": {"country_code": "at", "region": "Styria"}, "game_id": "295590", "values": [{"date": "2023-08-18-11-00-00", "latency": 5}]}, {"location": {"country_code": "fr", "region": "Ile-de-France Region", "city": "Paris"}, "game_id": "295590", "values": [{"date": "2023-08-19-01-00-00", "latency": 0}]}, {"location": {"country_code": "ca", "region": "Alberta", "city": "Edmonton"}, "game_id": "295590", "values": [{"date": "2023-08-18-08-00-00", "latency": 2}, {"date": "2023-08-18-08-00-00", "latency": 2}, {"date": "2023-08-18-08-00-00", "latency": 2}, {"date": "2023-08-18-08-00-00", "latency": 2}, {"date": "2023-08-18-08-00-00", "latency": 2}, {"date": "2023-08-18-08-00-00", "latency": 2}]}, {"location": {"country_code": "kw"}, "game_id": "295590", "values": [{"date": "2023-08-18-05-00-00", "latency": 1}]}, {"location": {"country_code": "ar", "region": "Buenos Aires", "city": "Mar del Plata"}, "game_id": "295590", "values": [{"date": "2023-08-18-20-00-00", "latency": 3}]}, {"location": {"country_code": "us", "region": "State of Maine"}, "game_id": "295590", "values": [{"date": "2023-08-18-09-00-00", "latency": 5}]}, {"location": {"country_code": "us", "region": "Florida", "city": "Orlando"}, "game_id": "295590", "values": [{"date": "2023-08-18-04-00-00", "latency": 1}, {"date": "2023-08-18-04-00-00", "latency": 1}, {"date": "2023-08-18-04-00-00", "latency": 1}]}, {"location": {"country_code": "hr"}, "game_id": "295590", "values": [{"date": "2023-08-19-02-00-00", "latency": 2}, {"date": "2023-08-19-02-00-00", "latency": 2}, {"date": "2023-08-19-02-00-00", "latency": 2}, {"date": "2023-08-19-02-00-00", "latency": 2}, {"date": "2023-08-19-02-00-00", "latency": 2}, {"date": "2023-08-19-02-00-00", "latency": 2}]}, {"location": {"country_code": "pe", "region": "Lima region", "city": "Lima"}, "game_id": "295590", "values": [{"date": "2023-08-18-05-00-00", "latency": 3}]}, {"location": {"country_code": "pt", "region": "Lisbon District", "city": "Amadora"}, "game_id": "295590", "values": [{"date": "2023-08-18-13-00-00", "latency": 3}]}, {"location": {"country_code": "pt", "region": "Leiria District", "city": "Macas de Dona Maria"}, "game_id": "295590", "values": [{"date": "2023-08-19-01-00-00", "latency": 40}]}, {"location": {"country_code": "by"}, "game_id": "295590", "values": [{"date": "2023-08-18-13-00-00", "latency": 0}]}, {"location": {"country_code": "mx", "region": "Tamaulipas"}, "game_id": "295590", "values": [{"date": "2023-08-18-07-00-00", "latency": 0}, {"date": "2023-08-18-07-00-00", "latency": 0}]}, {"location": {"country_code": "ca", "region": "British Columbia", "city": "Richmond"}, "game_id": "295590", "values": [{"date": "2023-08-18-07-00-00", "latency": 9}, {"date": "2023-08-18-07-00-00", "latency": 9}, {"date": "2023-08-18-07-00-00", "latency": 9}, {"date": "2023-08-18-07-00-00", "latency": 9}]}, {"location": {"country_code": "ec", "region": "Guayas", "city": "Guayaquil"}, "game_id": "295590", "values": [{"date": "2023-08-19-00-00-00", "latency": 62}, {"date": "2023-08-19-00-00-00", "latency": 62}, {"date": "2023-08-19-00-00-00", "latency": 62}, {"date": "2023-08-19-00-00-00", "latency": 62}]}, {"location": {"country_code": "us", "region": "Texas", "city": "Irving"}, "game_id": "295590", "values": [{"date": "2023-08-19-02-00-00", "latency": 2}]}, {"location": {"country_code": "gt"}, "game_id": "295590", "values": [{"date": "2023-08-18-05-00-00", "latency": 30}]}, {"location": {"country_code": "br", "region": "Ceara", "city": "Itapipoca"}, "game_id": "295590", "values": [{"date": "2023-08-18-03-00-00", "latency": 4}, {"date": "2023-08-18-07-00-00", "latency": 5}, {"date": "2023-08-18-07-00-00", "latency": 5}, {"date": "2023-08-18-07-00-00", "latency": 5}]}, {"location": {"country_code": "ca", "region": "Quebec"}, "game_id": "295590", "values": [{"date": "2023-08-18-05-00-00", "latency": 2}]}, {"location": {"country_code": "ca", "region": "British Columbia"}, "game_id": "295590", "values": [{"date": "2023-08-18-06-00-00", "latency": 0}]}, {"location": {"country_code": "gb", "region": "England", "city": "Salford"}, "game_id": "295590", "values": [{"date": "2023-08-19-02-00-00", "latency": 3}]}, {"location": {"country_code": "ar", "region": "Pampas"}, "game_id": "295590", "values": [{"date": "2023-08-18-03-00-00", "latency": 7}]}, {"location": {"country_code": "es", "region": "Madrid"}, "game_id": "295590", "values": [{"date": "2023-08-18-19-00-00", "latency": 6}, {"date": "2023-08-18-19-00-00", "latency": 6}, {"date": "2023-08-18-19-00-00", "latency": 6}]}, {"location": {"country_code": "br", "region": "Parana", "city": "Foz do Iguacu"}, "game_id": "295590", "values": [{"date": "2023-08-18-06-00-00", "latency": 1}, {"date": "2023-08-18-06-00-00", "latency": 1}]}, {"location": {"country_code": "ar", "region": "Tucuman Province", "city": "San Miguel de Tucuman"}, "game_id": "295590", "values": [{"date": "2023-08-18-06-00-00", "latency": 7}]}, {"location": {"country_code": "us", "region": "Washington", "city": "Seattle"}, "game_id": "295590", "values": [{"date": "2023-08-18-04-00-00", "latency": 6}, {"date": "2023-08-18-04-00-00", "latency": 6}]}, {"location": {"country_code": "us", "region": "Oregon"}, "game_id": "295590", "values": [{"date": "2023-08-18-15-00-00", "latency": 8}, {"date": "2023-08-18-15-00-00", "latency": 8}]}, {"location": {"country_code": "br", "region": "Santa Catarina"}, "game_id": "295590", "values": [{"date": "2023-08-18-04-00-00", "latency": 7}]}, {"location": {"country_code": "us", "region": "Montana"}, "game_id": "295590", "values": [{"date": "2023-08-18-10-00-00", "latency": 6}]}, {"location": {"country_code": "fr", "region": "Centre-Val de Loire"}, "game_id": "295590", "values": [{"date": "2023-08-19-02-00-00", "latency": 5}]}, {"location": {"country_code": "pt", "region": "Northern Mariana Islands", "city": "Porto"}, "game_id": "295590", "values": [{"date": "2023-08-18-23-00-00", "latency": 2}]}, {"location": {"country_code": "br", "region": "Sao Paulo", "city": "Piracicaba"}, "game_id": "295590", "values": [{"date": "2023-08-18-21-00-00", "latency": 4}]}, {"location": {"country_code": "us", "region": "New York", "city": "Buffalo"}, "game_id": "295590", "values": [{"date": "2023-08-18-06-00-00", "latency": 3}, {"date": "2023-08-19-02-00-00", "latency": 7}, {"date": "2023-08-19-02-00-00", "latency": 7}, {"date": "2023-08-19-02-00-00", "latency": 7}, {"date": "2023-08-19-02-00-00", "latency": 7}, {"date": "2023-08-19-02-00-00", "latency": 7}, {"date": "2023-08-19-02-00-00", "latency": 7}, {"date": "2023-08-19-02-00-00", "latency": 7}]}, {"location": {"country_code": "fj"}, "game_id": "295590", "values": [{"date": "2023-08-18-06-00-00", "latency": 6}, {"date": "2023-08-18-06-00-00", "latency": 6}, {"date": "2023-08-18-06-00-00", "latency": 6}, {"date": "2023-08-18-06-00-00", "latency": 6}]}, {"location": {"country_code": "au", "region": "Canberra"}, "game_id": "295590", "values": [{"date": "2023-08-18-11-00-00", "latency": 29}]}, {"location": {"country_code": "fr", "region": "Provence-Alpes-Cote d'Azur Region", "city": "Aix-en-Provence"}, "game_id": "295590", "values": [{"date": "2023-08-19-01-00-00", "latency": 2}]}, {"location": {"country_code": "mx", "region": "Chiapas"}, "game_id": "295590", "values": [{"date": "2023-08-18-21-00-00", "latency": 5}, {"date": "2023-08-18-21-00-00", "latency": 5}]}, {"location": {"country_code": "mt"}, "game_id": "295590", "values": [{"date": "2023-08-18-13-00-00", "latency": 3}]}, {"location": {"country_code": "us", "region": "California", "city": "Oceanside"}, "game_id": "295590", "values": [{"date": "2023-08-18-13-00-00", "latency": 5}]}, {"location": {"country_code": "ar", "region": "Mendoza Province", "city": "Mendoza"}, "game_id": "295590", "values": [{"date": "2023-08-18-02-00-00", "latency": 7}]}, {"location": {"country_code": "ar", "region": "Mendoza Province"}, "game_id": "295590", "values": [{"date": "2023-08-19-01-00-00", "latency": 6}, {"date": "2023-08-19-01-00-00", "latency": 6}]}, {"location": {"country_code": "es", "region": "Andalusia", "city": "Marbella"}, "game_id": "295590", "values": [{"date": "2023-08-18-23-00-00", "latency": 8}]}, {"location": {"country_code": "pl", "region": "Masovian Voivodeship", "city": "Warsaw"}, "game_id": "295590", "values": [{"date": "2023-08-18-22-00-00", "latency": 3}, {"date": "2023-08-18-15-00-00", "latency": 3}]}, {"location": {"country_code": "za", "region": "Gauteng", "city": "Roodepoort"}, "game_id": "295590", "values": [{"date": "2023-08-18-14-00-00", "latency": 17}]}, {"location": {"country_code": "ru", "region": "Leningrad", "city": "Saint Petersburg"}, "game_id": "295590", "values": [{"date": "2023-08-18-20-00-00", "latency": 4}, {"date": "2023-08-18-20-00-00", "latency": 4}, {"date": "2023-08-18-20-00-00", "latency": 4}, {"date": "2023-08-18-23-00-00", "latency": 8}]}, {"location": {"country_code": "us", "region": "Colorado", "city": "Colorado Springs"}, "game_id": "295590", "values": [{"date": "2023-08-18-19-00-00", "latency": 4}, {"date": "2023-08-18-19-00-00", "latency": 4}, {"date": "2023-08-18-19-00-00", "latency": 4}, {"date": "2023-08-18-19-00-00", "latency": 4}]}, {"location": {"country_code": "es", "region": "Andalusia", "city": "Jerez"}, "game_id": "295590", "values": [{"date": "2023-08-18-20-00-00", "latency": 4}]}, {"location": {"country_code": "ma"}, "game_id": "295590", "values": [{"date": "2023-08-18-23-00-00", "latency": 3}, {"date": "2023-08-18-21-00-00", "latency": 32}]}, {"location": {"country_code": "es", "region": "Andalusia", "city": "La Linea de la Concepcion"}, "game_id": "295590", "values": [{"date": "2023-08-18-14-00-00", "latency": 3}, {"date": "2023-08-18-14-00-00", "latency": 3}]}, {"location": {"country_code": "br", "region": "Sao Paulo", "city": "Presidente Prudente"}, "game_id": "295590", "values": [{"date": "2023-08-18-10-00-00", "latency": 9}]}, {"location": {"country_code": "de", "region": "North Rhine-Westphalia", "city": "Dusseldorf"}, "game_id": "295590", "values": [{"date": "2023-08-18-11-00-00", "latency": 2}]}, {"location": {"country_code": "us", "region": "Kansas", "city": "Wichita"}, "game_id": "295590", "values": [{"date": "2023-08-18-09-00-00", "latency": 3}, {"date": "2023-08-18-09-00-00", "latency": 3}]}, {"location": {"country_code": "ve", "region": "Miranda"}, "game_id": "295590", "values": [{"date": "2023-08-19-01-00-00", "latency": 25}]}, {"location": {"country_code": "il"}, "game_id": "295590", "values": [{"date": "2023-08-18-20-00-00", "latency": 0}]}, {"location": {"country_code": "il", "region": "Northern District", "city": "Nahariyya"}, "game_id": "295590", "values": [{"date": "2023-08-18-22-00-00", "latency": 9}, {"date": "2023-08-18-22-00-00", "latency": 9}, {"date": "2023-08-18-22-00-00", "latency": 9}]}, {"location": {"country_code": "ni"}, "game_id": "295590", "values": [{"date": "2023-08-18-04-00-00", "latency": 8}]}, {"location": {"country_code": "mx", "region": "Quintana Roo"}, "game_id": "295590", "values": [{"date": "2023-08-18-08-00-00", "latency": 4}, {"date": "2023-08-18-08-00-00", "latency": 4}]}, {"location": {"country_code": "tn"}, "game_id": "295590", "values": [{"date": "2023-08-18-20-00-00", "latency": 63}]}, {"location": {"country_code": "gn"}, "game_id": "295590", "values": [{"date": "2023-08-18-20-00-00", "latency": 2}]}, {"location": {"country_code": "us", "region": "Oklahoma", "city": "Oklahoma City"}, "game_id": "295590", "values": [{"date": "2023-08-18-04-00-00", "latency": 2}]}, {"location": {"country_code": "pt", "region": "Azores"}, "game_id": "295590", "values": [{"date": "2023-08-19-01-00-00", "latency": 8}]}, {"location": {"country_code": "fr", "region": "Provence-Alpes-Cote d'Azur Region", "city": "Toulon"}, "game_id": "295590", "values": [{"date": "2023-08-18-16-00-00", "latency": 2}, {"date": "2023-08-18-16-00-00", "latency": 2}]}, {"location": {"country_code": "al"}, "game_id": "295590", "values": [{"date": "2023-08-19-01-00-00", "latency": 0}]}, {"location": {"country_code": "us", "region": "California", "city": "Healdsburg"}, "game_id": "295590", "values": [{"date": "2023-08-18-10-00-00", "latency": 3}, {"date": "2023-08-18-10-00-00", "latency": 3}]}, {"location": {"country_code": "ar", "region": "Buenos Aires", "city": "Los Polvorines"}, "game_id": "295590", "values": [{"date": "2023-08-18-13-00-00", "latency": 2}]}, {"location": {"country_code": "mx", "region": "Sinaloa", "city": "Los Mochis"}, "game_id": "295590", "values": [{"date": "2023-08-18-11-00-00", "latency": 5}, {"date": "2023-08-18-11-00-00", "latency": 5}]}, {"location": {"country_code": "pt", "region": "Lisbon District", "city": "Agualva-Cacem"}, "game_id": "295590", "values": [{"date": "2023-08-18-15-00-00", "latency": 3}]}, {"location": {"country_code": "ar", "region": "Buenos Aires", "city": "Berazategui"}, "game_id": "295590", "values": [{"date": "2023-08-18-06-00-00", "latency": 2}, {"date": "2023-08-18-06-00-00", "latency": 2}, {"date": "2023-08-18-06-00-00", "latency": 2}, {"date": "2023-08-18-06-00-00", "latency": 2}, {"date": "2023-08-18-06-00-00", "latency": 2}, {"date": "2023-08-18-06-00-00", "latency": 2}, {"date": "2023-08-18-06-00-00", "latency": 2}, {"date": "2023-08-18-06-00-00", "latency": 2}]}, {"location": {"country_code": "br", "region": "Paraiba", "city": "Campina Grande"}, "game_id": "295590", "values": [{"date": "2023-08-18-17-00-00", "latency": 7}]}, {"location": {"country_code": "br", "region": "Estado de Bahia", "city": "Juazeiro"}, "game_id": "295590", "values": [{"date": "2023-08-18-06-00-00", "latency": 6}]}, {"location": {"country_code": "br", "region": "Rio Grande do Sul", "city": "Cruz Alta"}, "game_id": "295590", "values": [{"date": "2023-08-18-23-00-00", "latency": 2}]}, {"location": {"country_code": "pt", "region": "Madeira"}, "game_id": "295590", "values": [{"date": "2023-08-19-02-00-00", "latency": 2942}]}, {"location": {"country_code": "ru", "region": "Lipetsk Oblast", "city": "Yelets"}, "game_id": "295590", "values": [{"date": "2023-08-18-15-00-00", "latency": 0}, {"date": "2023-08-18-15-00-00", "latency": 0}]}, {"location": {"country_code": "ar", "region": "Buenos Aires", "city": "Berisso"}, "game_id": "295590", "values": [{"date": "2023-08-19-01-00-00", "latency": 2}]}, {"location": {"country_code": "se", "region": "Blekinge County"}, "game_id": "295590", "values": [{"date": "2023-08-19-01-00-00", "latency": 13}]}, {"location": {"country_code": "fr", "region": "Alvernia-Rodano-Alpi", "city": "Meyzieu"}, "game_id": "295590", "values": [{"date": "2023-08-18-20-00-00", "latency": 1}]}, {"location": {"country_code": "it", "region": "Lombardy", "city": "Chiari"}, "game_id": "295590", "values": [{"date": "2023-08-18-17-00-00", "latency": 5}]}, {"location": {"country_code": "ro", "region": "Dolj County", "city": "Craiova"}, "game_id": "295590", "values": [{"date": "2023-08-18-07-00-00", "latency": 0}, {"date": "2023-08-18-07-00-00", "latency": 0}]}, {"location": {"country_code": "us", "region": "California", "city": "Lakeport"}, "game_id": "295590", "values": [{"date": "2023-08-19-01-00-00", "latency": 6}]}, {"location": {"country_code": "co", "region": "Santander", "city": "Floridablanca"}, "game_id": "295590", "values": [{"date": "2023-08-18-05-00-00", "latency": 6}]}, {"location": {"country_code": "tw", "region": "Taoyuan District"}, "game_id": "295590", "values": [{"date": "2023-08-18-16-00-00", "latency": 2}, {"date": "2023-08-18-16-00-00", "latency": 2}, {"date": "2023-08-18-16-00-00", "latency": 2}, {"date": "2023-08-18-16-00-00", "latency": 2}, {"date": "2023-08-18-16-00-00", "latency": 2}, {"date": "2023-08-18-16-00-00", "latency": 2}, {"date": "2023-08-18-16-00-00", "latency": 2}, {"date": "2023-08-18-16-00-00", "latency": 2}, {"date": "2023-08-18-16-00-00", "latency": 2}, {"date": "2023-08-18-16-00-00", "latency": 2}, {"date": "2023-08-18-16-00-00", "latency": 2}]}], "last_updated": 1719919192.152135}