{"data": [{"location": {"country_code": "us"}, "game_id": "118849", "values": [{"date": "2022-10-15-14-00-00", "latency": 167}, {"date": "2022-10-15-14-00-00", "latency": 167}, {"date": "2022-10-15-06-00-00", "latency": 1}, {"date": "2022-10-15-06-00-00", "latency": 1}, {"date": "2022-10-15-06-00-00", "latency": 1}, {"date": "2022-10-15-21-00-00", "latency": 53}, {"date": "2022-10-15-21-00-00", "latency": 53}, {"date": "2022-10-15-04-00-00", "latency": 3}]}, {"location": {"country_code": "jp"}, "game_id": "118849", "values": [{"date": "2022-10-15-03-00-00", "latency": 13}, {"date": "2022-10-15-03-00-00", "latency": 13}, {"date": "2022-10-15-03-00-00", "latency": 13}]}, {"location": {"country_code": "de"}, "game_id": "118849", "values": [{"date": "2022-10-15-11-00-00", "latency": 7}, {"date": "2022-10-15-19-00-00", "latency": 0}]}, {"location": {"country_code": "cl", "region": "Maule Region", "city": "Constitucion"}, "game_id": "118849", "values": [{"date": "2022-10-15-20-00-00", "latency": 1}, {"date": "2022-10-15-20-00-00", "latency": 1}, {"date": "2022-10-15-20-00-00", "latency": 1}, {"date": "2022-10-15-20-00-00", "latency": 1}, {"date": "2022-10-15-20-00-00", "latency": 1}, {"date": "2022-10-15-20-00-00", "latency": 1}]}, {"location": {"country_code": "us", "region": "Florida"}, "game_id": "118849", "values": [{"date": "2022-10-16-01-00-00", "latency": 7}, {"date": "2022-10-16-01-00-00", "latency": 7}, {"date": "2022-10-16-01-00-00", "latency": 7}, {"date": "2022-10-16-01-00-00", "latency": 7}, {"date": "2022-10-15-06-00-00", "latency": 1}, {"date": "2022-10-15-06-00-00", "latency": 1}]}, {"location": {"country_code": "us", "region": "Kansas"}, "game_id": "118849", "values": [{"date": "2022-10-16-00-00-00", "latency": 2}]}, {"location": {"country_code": "fr"}, "game_id": "118849", "values": [{"date": "2022-10-15-17-00-00", "latency": 4}, {"date": "2022-10-15-17-00-00", "latency": 4}, {"date": "2022-10-15-17-00-00", "latency": 4}, {"date": "2022-10-15-17-00-00", "latency": 4}]}, {"location": {"country_code": "mx"}, "game_id": "118849", "values": [{"date": "2022-10-15-08-00-00", "latency": 2}]}, {"location": {"country_code": "in"}, "game_id": "118849", "values": [{"date": "2022-10-16-00-00-00", "latency": 5}]}, {"location": {"country_code": "br"}, "game_id": "118849", "values": [{"date": "2022-10-15-06-00-00", "latency": 0}, {"date": "2022-10-15-06-00-00", "latency": 0}, {"date": "2022-10-15-06-00-00", "latency": 0}, {"date": "2022-10-15-06-00-00", "latency": 0}]}, {"location": {"country_code": "br", "region": "Sao Paulo", "city": "Apiai"}, "game_id": "118849", "values": [{"date": "2022-10-15-06-00-00", "latency": 1}, {"date": "2022-10-15-06-00-00", "latency": 1}, {"date": "2022-10-15-06-00-00", "latency": 1}]}, {"location": {"country_code": "se"}, "game_id": "118849", "values": [{"date": "2022-10-15-16-00-00", "latency": 2}]}, {"location": {"country_code": "us", "region": "California", "city": "East Los Angeles"}, "game_id": "118849", "values": [{"date": "2022-10-15-16-00-00", "latency": 4}, {"date": "2022-10-15-16-00-00", "latency": 4}, {"date": "2022-10-15-16-00-00", "latency": 4}, {"date": "2022-10-15-16-00-00", "latency": 4}, {"date": "2022-10-15-16-00-00", "latency": 4}, {"date": "2022-10-15-16-00-00", "latency": 4}, {"date": "2022-10-15-16-00-00", "latency": 4}, {"date": "2022-10-15-16-00-00", "latency": 4}, {"date": "2022-10-15-16-00-00", "latency": 4}, {"date": "2022-10-15-16-00-00", "latency": 4}, {"date": "2022-10-15-16-00-00", "latency": 4}, {"date": "2022-10-15-16-00-00", "latency": 4}, {"date": "2022-10-15-16-00-00", "latency": 4}, {"date": "2022-10-15-16-00-00", "latency": 4}, {"date": "2022-10-15-16-00-00", "latency": 4}, {"date": "2022-10-15-16-00-00", "latency": 4}, {"date": "2022-10-15-16-00-00", "latency": 4}, {"date": "2022-10-15-16-00-00", "latency": 4}, {"date": "2022-10-15-16-00-00", "latency": 4}, {"date": "2022-10-15-16-00-00", "latency": 4}, {"date": "2022-10-15-16-00-00", "latency": 4}, {"date": "2022-10-15-16-00-00", "latency": 4}, {"date": "2022-10-15-16-00-00", "latency": 4}, {"date": "2022-10-15-16-00-00", "latency": 4}, {"date": "2022-10-15-16-00-00", "latency": 4}, {"date": "2022-10-15-16-00-00", "latency": 4}, {"date": "2022-10-15-03-00-00", "latency": 4}]}, {"location": {"country_code": "es"}, "game_id": "118849", "values": [{"date": "2022-10-15-05-00-00", "latency": 3}]}, {"location": {"country_code": "es", "region": "Andalusia", "city": "Granada"}, "game_id": "118849", "values": [{"date": "2022-10-15-13-00-00", "latency": 4}, {"date": "2022-10-15-13-00-00", "latency": 4}]}, {"location": {"country_code": "ar"}, "game_id": "118849", "values": [{"date": "2022-10-15-06-00-00", "latency": 0}]}, {"location": {"country_code": "ar", "region": "Buenos Aires", "city": "Tandil"}, "game_id": "118849", "values": [{"date": "2022-10-15-09-00-00", "latency": 3}]}, {"location": {"country_code": "at", "region": "Vienna"}, "game_id": "118849", "values": [{"date": "2022-10-15-19-00-00", "latency": 26}]}, {"location": {"country_code": "hu"}, "game_id": "118849", "values": [{"date": "2022-10-15-17-00-00", "latency": 3}, {"date": "2022-10-15-17-00-00", "latency": 3}, {"date": "2022-10-15-17-00-00", "latency": 3}, {"date": "2022-10-15-17-00-00", "latency": 3}]}, {"location": {"country_code": "co"}, "game_id": "118849", "values": [{"date": "2022-10-16-01-00-00", "latency": 5}]}, {"location": {"country_code": "br", "region": "Estado de Bahia", "city": "Salvador"}, "game_id": "118849", "values": [{"date": "2022-10-15-04-00-00", "latency": 1000}, {"date": "2022-10-15-04-00-00", "latency": 1000}, {"date": "2022-10-15-04-00-00", "latency": 1000}, {"date": "2022-10-15-04-00-00", "latency": 1000}, {"date": "2022-10-15-04-00-00", "latency": 1000}, {"date": "2022-10-15-04-00-00", "latency": 1000}, {"date": "2022-10-15-04-00-00", "latency": 1000}, {"date": "2022-10-15-04-00-00", "latency": 1000}, {"date": "2022-10-15-04-00-00", "latency": 1000}, {"date": "2022-10-15-04-00-00", "latency": 1000}, {"date": "2022-10-15-04-00-00", "latency": 1000}, {"date": "2022-10-15-04-00-00", "latency": 1000}, {"date": "2022-10-15-03-00-00", "latency": 7}]}, {"location": {"country_code": "us", "region": "Arizona"}, "game_id": "118849", "values": [{"date": "2022-10-15-13-00-00", "latency": 1}]}, {"location": {"country_code": "sg"}, "game_id": "118849", "values": [{"date": "2022-10-15-12-00-00", "latency": 8}]}, {"location": {"country_code": "ca", "region": "Ontario", "city": "Toronto"}, "game_id": "118849", "values": [{"date": "2022-10-15-08-00-00", "latency": 0}]}, {"location": {"country_code": "pt"}, "game_id": "118849", "values": [{"date": "2022-10-15-02-00-00", "latency": 4}]}, {"location": {"country_code": "br", "region": "State of Rio de Janeiro", "city": "Angra dos Reis"}, "game_id": "118849", "values": [{"date": "2022-10-15-22-00-00", "latency": 4}]}, {"location": {"country_code": "us", "region": "Florida", "city": "Orlando"}, "game_id": "118849", "values": [{"date": "2022-10-15-09-00-00", "latency": 5}]}, {"location": {"country_code": "pe", "region": "Lima region", "city": "Lima"}, "game_id": "118849", "values": [{"date": "2022-10-15-22-00-00", "latency": 1}]}, {"location": {"country_code": "mx", "region": "Tamaulipas"}, "game_id": "118849", "values": [{"date": "2022-10-16-02-00-00", "latency": 8}, {"date": "2022-10-16-02-00-00", "latency": 8}, {"date": "2022-10-16-02-00-00", "latency": 8}]}, {"location": {"country_code": "ca", "region": "British Columbia", "city": "Richmond"}, "game_id": "118849", "values": [{"date": "2022-10-15-08-00-00", "latency": 5}]}, {"location": {"country_code": "lt"}, "game_id": "118849", "values": [{"date": "2022-10-15-23-00-00", "latency": 28}, {"date": "2022-10-15-23-00-00", "latency": 28}, {"date": "2022-10-15-23-00-00", "latency": 28}, {"date": "2022-10-15-23-00-00", "latency": 28}]}, {"location": {"country_code": "de", "region": "Lower Saxony"}, "game_id": "118849", "values": [{"date": "2022-10-15-16-00-00", "latency": 2}, {"date": "2022-10-15-16-00-00", "latency": 2}]}, {"location": {"country_code": "us", "region": "Washington", "city": "Seattle"}, "game_id": "118849", "values": [{"date": "2022-10-15-10-00-00", "latency": 13}, {"date": "2022-10-15-10-00-00", "latency": 13}, {"date": "2022-10-15-10-00-00", "latency": 13}, {"date": "2022-10-15-10-00-00", "latency": 13}]}, {"location": {"country_code": "dj"}, "game_id": "118849", "values": [{"date": "2022-10-15-16-00-00", "latency": 1}]}, {"location": {"country_code": "us", "region": "Texas", "city": "San Antonio"}, "game_id": "118849", "values": [{"date": "2022-10-15-11-00-00", "latency": 6}, {"date": "2022-10-15-11-00-00", "latency": 6}]}, {"location": {"country_code": "br", "region": "Parana", "city": "Umuarama"}, "game_id": "118849", "values": [{"date": "2022-10-15-20-00-00", "latency": 8}, {"date": "2022-10-15-20-00-00", "latency": 8}, {"date": "2022-10-15-20-00-00", "latency": 8}, {"date": "2022-10-15-20-00-00", "latency": 8}]}, {"location": {"country_code": "fo"}, "game_id": "118849", "values": [{"date": "2022-10-15-18-00-00", "latency": 3}, {"date": "2022-10-15-18-00-00", "latency": 3}, {"date": "2022-10-15-18-00-00", "latency": 3}, {"date": "2022-10-15-18-00-00", "latency": 3}, {"date": "2022-10-15-18-00-00", "latency": 3}, {"date": "2022-10-15-18-00-00", "latency": 3}, {"date": "2022-10-15-18-00-00", "latency": 3}, {"date": "2022-10-15-18-00-00", "latency": 3}, {"date": "2022-10-15-18-00-00", "latency": 3}, {"date": "2022-10-15-18-00-00", "latency": 3}, {"date": "2022-10-15-18-00-00", "latency": 3}, {"date": "2022-10-15-18-00-00", "latency": 3}, {"date": "2022-10-15-18-00-00", "latency": 3}, {"date": "2022-10-15-18-00-00", "latency": 3}, {"date": "2022-10-15-18-00-00", "latency": 3}, {"date": "2022-10-15-18-00-00", "latency": 3}]}, {"location": {"country_code": "pl", "region": "Masovian Voivodeship", "city": "Siedlce"}, "game_id": "118849", "values": [{"date": "2022-10-15-17-00-00", "latency": 444}, {"date": "2022-10-15-17-00-00", "latency": 444}, {"date": "2022-10-15-17-00-00", "latency": 444}, {"date": "2022-10-15-17-00-00", "latency": 444}]}, {"location": {"country_code": "us", "region": "New Mexico"}, "game_id": "118849", "values": [{"date": "2022-10-15-05-00-00", "latency": 7}]}, {"location": {"country_code": "cl", "region": "Tarapaca", "city": "Iquique"}, "game_id": "118849", "values": [{"date": "2022-10-16-02-00-00", "latency": 26}]}, {"location": {"country_code": "es", "region": "Catalonia", "city": "Lleida"}, "game_id": "118849", "values": [{"date": "2022-10-15-14-00-00", "latency": 0}]}, {"location": {"country_code": "nz", "region": "Otago", "city": "Dunedin"}, "game_id": "118849", "values": [{"date": "2022-10-16-00-00-00", "latency": 2}]}, {"location": {"country_code": "br", "region": "Santa Catarina", "city": "Guaruja do Sul"}, "game_id": "118849", "values": [{"date": "2022-10-15-05-00-00", "latency": 7}]}, {"location": {"country_code": "pl", "region": "Pomeranian Voivodeship", "city": "Gdynia"}, "game_id": "118849", "values": [{"date": "2022-10-15-16-00-00", "latency": 1}, {"date": "2022-10-15-16-00-00", "latency": 1}]}], "last_updated": 1719919341.314127}