{"data": [{"location": {"country_code": "gb"}, "game_id": "742409", "values": [{"date": "2023-08-06-20-00-00", "latency": 45}, {"date": "2023-08-06-20-00-00", "latency": 45}, {"date": "2023-08-06-20-00-00", "latency": 45}]}, {"location": {"country_code": "gr"}, "game_id": "742409", "values": [{"date": "2023-08-06-19-00-00", "latency": 92}]}, {"location": {"country_code": "ro"}, "game_id": "742409", "values": [{"date": "2023-08-06-15-00-00", "latency": 74}, {"date": "2023-08-06-10-00-00", "latency": 70}, {"date": "2023-08-06-10-00-00", "latency": 70}, {"date": "2023-08-06-10-00-00", "latency": 70}, {"date": "2023-08-06-10-00-00", "latency": 70}, {"date": "2023-08-06-10-00-00", "latency": 70}, {"date": "2023-08-06-10-00-00", "latency": 70}, {"date": "2023-08-06-10-00-00", "latency": 70}, {"date": "2023-08-06-10-00-00", "latency": 70}]}, {"location": {"country_code": "jp"}, "game_id": "742409", "values": [{"date": "2023-08-06-08-00-00", "latency": 95}, {"date": "2023-08-06-06-00-00", "latency": 314}, {"date": "2023-08-06-06-00-00", "latency": 314}]}, {"location": {"country_code": "de"}, "game_id": "742409", "values": [{"date": "2023-08-06-20-00-00", "latency": 60}, {"date": "2023-08-06-20-00-00", "latency": 60}, {"date": "2023-08-06-20-00-00", "latency": 60}, {"date": "2023-08-06-20-00-00", "latency": 60}, {"date": "2023-08-06-20-00-00", "latency": 60}, {"date": "2023-08-06-20-00-00", "latency": 60}, {"date": "2023-08-06-20-00-00", "latency": 60}, {"date": "2023-08-06-20-00-00", "latency": 60}, {"date": "2023-08-06-20-00-00", "latency": 60}, {"date": "2023-08-06-20-00-00", "latency": 60}, {"date": "2023-08-06-20-00-00", "latency": 60}, {"date": "2023-08-06-21-00-00", "latency": 75}]}, {"location": {"country_code": "tw"}, "game_id": "742409", "values": [{"date": "2023-08-06-18-00-00", "latency": 84}, {"date": "2023-08-06-18-00-00", "latency": 84}]}, {"location": {"country_code": "us", "region": "Indiana"}, "game_id": "742409", "values": [{"date": "2023-08-06-05-00-00", "latency": 46}]}, {"location": {"country_code": "rs"}, "game_id": "742409", "values": [{"date": "2023-08-06-23-00-00", "latency": 66}, {"date": "2023-08-06-23-00-00", "latency": 66}]}, {"location": {"country_code": "es"}, "game_id": "742409", "values": [{"date": "2023-08-06-22-00-00", "latency": 57}, {"date": "2023-08-06-22-00-00", "latency": 57}, {"date": "2023-08-06-15-00-00", "latency": 80}, {"date": "2023-08-06-15-00-00", "latency": 80}]}, {"location": {"country_code": "at"}, "game_id": "742409", "values": [{"date": "2023-08-06-17-00-00", "latency": 72}, {"date": "2023-08-06-17-00-00", "latency": 72}]}, {"location": {"country_code": "pl"}, "game_id": "742409", "values": [{"date": "2023-08-06-17-00-00", "latency": 86}]}, {"location": {"country_code": "us", "region": "Georgia"}, "game_id": "742409", "values": [{"date": "2023-08-06-06-00-00", "latency": 60}, {"date": "2023-08-06-06-00-00", "latency": 60}]}, {"location": {"country_code": "ua"}, "game_id": "742409", "values": [{"date": "2023-08-06-15-00-00", "latency": 69}, {"date": "2023-08-06-15-00-00", "latency": 73}, {"date": "2023-08-06-15-00-00", "latency": 73}, {"date": "2023-08-06-21-00-00", "latency": 71}, {"date": "2023-08-06-21-00-00", "latency": 71}]}, {"location": {"country_code": "pt"}, "game_id": "742409", "values": [{"date": "2023-08-06-21-00-00", "latency": 66}, {"date": "2023-08-06-21-00-00", "latency": 66}]}, {"location": {"country_code": "ro", "region": "Iasi County"}, "game_id": "742409", "values": [{"date": "2023-08-06-14-00-00", "latency": 74}]}, {"location": {"country_code": "cz"}, "game_id": "742409", "values": [{"date": "2023-08-06-15-00-00", "latency": 66}, {"date": "2023-08-06-15-00-00", "latency": 66}]}], "last_updated": 1719927583.721441}