{"data": [{"location": {"country_code": "fr"}, "game_id": "970338", "values": [{"date": "2024-04-29-16-00-00", "latency": 52}]}, {"location": {"country_code": "gb", "region": "England", "city": "Poole"}, "game_id": "970338", "values": [{"date": "2024-04-30-01-00-00", "latency": 96}, {"date": "2024-04-30-01-00-00", "latency": 96}, {"date": "2024-04-30-01-00-00", "latency": 96}, {"date": "2024-04-30-01-00-00", "latency": 96}, {"date": "2024-04-30-01-00-00", "latency": 96}, {"date": "2024-04-30-01-00-00", "latency": 96}, {"date": "2024-04-30-01-00-00", "latency": 96}]}], "last_updated": 1719927575.340438}