{"data": [{"location": {"country_code": "nz"}, "game_id": "273486", "values": [{"date": "2022-04-11-17-00-00", "alternatives": [54, 24, 54, 54]}, {"date": "2022-04-11-17-00-00", "alternatives": [54, 24, 54, 54]}]}, {"location": {"country_code": "us"}, "game_id": "273486", "values": [{"date": "2022-04-11-09-00-00", "alternatives": [39, 38, 39, 39]}, {"date": "2022-04-11-09-00-00", "alternatives": [39, 38, 39, 39]}, {"date": "2022-04-11-09-00-00", "alternatives": [39, 38, 39, 39]}, {"date": "2022-04-11-09-00-00", "alternatives": [39, 38, 39, 39]}, {"date": "2022-04-11-08-00-00", "alternatives": ["39", "39", "38"]}, {"date": "2022-04-11-08-00-00", "alternatives": ["39", "39", "38"]}, {"date": "2022-04-11-08-00-00", "alternatives": ["39", "39", "38"]}, {"date": "2022-04-11-10-00-00", "alternatives": ["19", "19", "18"]}, {"date": "2022-04-11-10-00-00", "alternatives": ["19", "19", "18"]}, {"date": "2022-04-11-10-00-00", "alternatives": ["19", "19", "18"]}, {"date": "2022-04-11-10-00-00", "alternatives": ["19", "19", "18"]}, {"date": "2022-04-11-10-00-00", "alternatives": ["19", "19", "18"]}, {"date": "2022-04-12-02-00-00", "alternatives": ["13", "18", "13"]}, {"date": "2022-04-12-02-00-00", "alternatives": ["13", "18", "13"]}, {"date": "2022-04-12-02-00-00", "alternatives": ["13", "18", "13"]}, {"date": "2022-04-12-02-00-00", "alternatives": ["13", "18", "13"]}, {"date": "2022-04-12-02-00-00", "alternatives": ["13", "18", "13"]}]}, {"location": {"country_code": "de", "region": "Berlin", "city": "Berlin"}, "game_id": "273486", "values": [{"date": "2022-04-11-22-00-00", "alternatives": ["35", "35", "25"]}, {"date": "2022-04-11-22-00-00", "alternatives": ["35", "35", "25"]}]}, {"location": {"country_code": "us", "region": "New York", "city": "Jamestown"}, "game_id": "273486", "values": [{"date": "2022-04-11-23-00-00", "alternatives": ["43", "40", "43"]}, {"date": "2022-04-11-23-00-00", "alternatives": ["43", "40", "43"]}, {"date": "2022-04-11-23-00-00", "alternatives": ["43", "40", "43"]}, {"date": "2022-04-11-23-00-00", "alternatives": ["43", "40", "43"]}, {"date": "2022-04-11-23-00-00", "alternatives": ["43", "40", "43"]}, {"date": "2022-04-11-23-00-00", "alternatives": ["43", "40", "43"]}, {"date": "2022-04-11-23-00-00", "alternatives": ["43", "40", "43"]}, {"date": "2022-04-11-09-00-00", "alternatives": ["19", "19", "18"]}]}, {"location": {"country_code": "gb"}, "game_id": "273486", "values": [{"date": "2022-04-11-23-00-00", "alternatives": [39, 82, 29, 39, 39]}, {"date": "2022-04-11-21-00-00", "alternatives": ["53", "50", "50"]}, {"date": "2022-04-11-21-00-00", "alternatives": ["53", "50", "50"]}, {"date": "2022-04-11-21-00-00", "alternatives": ["53", "50", "50"]}, {"date": "2022-04-11-21-00-00", "alternatives": ["53", "50", "50"]}, {"date": "2022-04-11-21-00-00", "alternatives": ["53", "50", "50"]}, {"date": "2022-04-11-21-00-00", "alternatives": ["53", "50", "50"]}]}, {"location": {"country_code": "gb", "region": "England"}, "game_id": "273486", "values": [{"date": "2022-04-12-01-00-00", "alternatives": ["13", "13", "33"]}, {"date": "2022-04-12-01-00-00", "alternatives": ["13", "13", "33"]}, {"date": "2022-04-12-01-00-00", "alternatives": ["13", "13", "33"]}, {"date": "2022-04-12-01-00-00", "alternatives": ["13", "13", "33"]}]}, {"location": {"country_code": "gb", "region": "Wales", "city": "Swansea"}, "game_id": "273486", "values": [{"date": "2022-04-12-01-00-00", "alternatives": ["31", "31", "3231"]}, {"date": "2022-04-12-01-00-00", "alternatives": ["31", "31", "3231"]}, {"date": "2022-04-12-01-00-00", "alternatives": ["31", "31", "3231"]}, {"date": "2022-04-12-01-00-00", "alternatives": ["31", "31", "3231"]}, {"date": "2022-04-12-01-00-00", "alternatives": ["31", "31", "3231"]}, {"date": "2022-04-12-01-00-00", "alternatives": ["31", "31", "3231"]}, {"date": "2022-04-12-01-00-00", "alternatives": ["31", "31", "3231"]}]}, {"location": {"country_code": "it"}, "game_id": "273486", "values": [{"date": "2022-04-11-23-00-00", "alternatives": ["19", "19", "18"]}, {"date": "2022-04-11-23-00-00", "alternatives": ["19", "19", "18"]}, {"date": "2022-04-11-23-00-00", "alternatives": ["19", "19", "18"]}]}, {"location": {"country_code": "ca"}, "game_id": "273486", "values": [{"date": "2022-04-11-07-00-00", "alternatives": [39, 35, 39, 39]}, {"date": "2022-04-11-07-00-00", "alternatives": [39, 35, 39, 39]}, {"date": "2022-04-11-18-00-00", "alternatives": ["7", "7", "47"]}, {"date": "2022-04-11-18-00-00", "alternatives": ["7", "7", "47"]}, {"date": "2022-04-11-18-00-00", "alternatives": ["7", "7", "47"]}, {"date": "2022-04-11-18-00-00", "alternatives": ["7", "7", "47"]}]}, {"location": {"country_code": "ca", "region": "Ontario"}, "game_id": "273486", "values": [{"date": "2022-04-12-02-00-00", "alternatives": ["7", "7", "74"]}]}, {"location": {"country_code": "gb", "region": "Scotland"}, "game_id": "273486", "values": [{"date": "2022-04-12-00-00-00", "alternatives": [43, 42, 43, 43]}, {"date": "2022-04-12-00-00-00", "alternatives": [43, 42, 43, 43]}, {"date": "2022-04-12-00-00-00", "alternatives": [43, 42, 43, 43]}, {"date": "2022-04-12-00-00-00", "alternatives": [43, 42, 43, 43]}, {"date": "2022-04-12-00-00-00", "alternatives": [43, 42, 43, 43]}]}, {"location": {"country_code": "us", "region": "Texas"}, "game_id": "273486", "values": [{"date": "2022-04-11-07-00-00", "alternatives": ["1", "31", "1"]}, {"date": "2022-04-11-15-00-00", "alternatives": ["39", "68", "39"]}, {"date": "2022-04-11-15-00-00", "alternatives": ["39", "68", "39"]}, {"date": "2022-04-11-15-00-00", "alternatives": ["39", "68", "39"]}, {"date": "2022-04-11-15-00-00", "alternatives": ["39", "68", "39"]}, {"date": "2022-04-11-15-00-00", "alternatives": ["39", "68", "39"]}, {"date": "2022-04-11-15-00-00", "alternatives": ["39", "68", "39"]}, {"date": "2022-04-11-15-00-00", "alternatives": ["39", "68", "39"]}, {"date": "2022-04-11-15-00-00", "alternatives": ["39", "68", "39"]}]}, {"location": {"country_code": "us", "region": "Florida"}, "game_id": "273486", "values": [{"date": "2022-04-11-14-00-00", "alternatives": ["94", "6", "94"]}]}, {"location": {"country_code": "us", "region": "New Jersey"}, "game_id": "273486", "values": [{"date": "2022-04-11-13-00-00", "alternatives": [39, 68, 39, 39]}, {"date": "2022-04-11-13-00-00", "alternatives": [39, 68, 39, 39]}, {"date": "2022-04-11-13-00-00", "alternatives": [39, 68, 39, 39]}, {"date": "2022-04-11-13-00-00", "alternatives": [39, 68, 39, 39]}, {"date": "2022-04-11-13-00-00", "alternatives": [39, 68, 39, 39]}, {"date": "2022-04-11-13-00-00", "alternatives": [39, 68, 39, 39]}, {"date": "2022-04-11-05-00-00", "alternatives": ["19", "6", "19"]}, {"date": "2022-04-11-22-00-00", "alternatives": [35, 30, 35, 35]}, {"date": "2022-04-11-22-00-00", "alternatives": [35, 30, 35, 35]}, {"date": "2022-04-11-22-00-00", "alternatives": [35, 30, 35, 35]}, {"date": "2022-04-11-22-00-00", "alternatives": [35, 30, 35, 35]}, {"date": "2022-04-11-22-00-00", "alternatives": [35, 30, 35, 35]}, {"date": "2022-04-11-22-00-00", "alternatives": [35, 30, 35, 35]}]}, {"location": {"country_code": "us", "region": "California"}, "game_id": "273486", "values": [{"date": "2022-04-11-12-00-00", "alternatives": ["2", "72", "2"]}, {"date": "2022-04-11-12-00-00", "alternatives": [31, 32, 3, 3, 3]}, {"date": "2022-04-11-12-00-00", "alternatives": [31, 32, 3, 3, 3]}, {"date": "2022-04-12-02-00-00", "alternatives": ["58", "56", "58"]}, {"date": "2022-04-12-02-00-00", "alternatives": ["58", "56", "58"]}, {"date": "2022-04-12-02-00-00", "alternatives": ["58", "56", "58"]}, {"date": "2022-04-11-12-00-00", "alternatives": ["19", "6", "19"]}, {"date": "2022-04-11-12-00-00", "alternatives": ["19", "6", "19"]}, {"date": "2022-04-11-12-00-00", "alternatives": ["19", "6", "19"]}]}, {"location": {"country_code": "us", "region": "California", "city": "East Los Angeles"}, "game_id": "273486", "values": [{"date": "2022-04-11-05-00-00", "alternatives": [23, 73, 23, 23]}, {"date": "2022-04-11-05-00-00", "alternatives": ["15", "8", "15"]}, {"date": "2022-04-11-05-00-00", "alternatives": ["15", "8", "15"]}, {"date": "2022-04-11-05-00-00", "alternatives": ["15", "8", "15"]}, {"date": "2022-04-12-01-00-00", "alternatives": ["58", "58", "28"]}]}, {"location": {"country_code": "au"}, "game_id": "273486", "values": [{"date": "2022-04-11-09-00-00", "alternatives": ["35", "35", "55"]}]}, {"location": {"country_code": "us", "region": "Texas", "city": "Austin"}, "game_id": "273486", "values": [{"date": "2022-04-11-10-00-00", "alternatives": ["62", "2", "2"]}, {"date": "2022-04-11-10-00-00", "alternatives": ["62", "2", "2"]}, {"date": "2022-04-11-10-00-00", "alternatives": ["62", "2", "2"]}, {"date": "2022-04-11-10-00-00", "alternatives": ["62", "2", "2"]}, {"date": "2022-04-11-10-00-00", "alternatives": ["62", "2", "2"]}, {"date": "2022-04-11-10-00-00", "alternatives": ["62", "2", "2"]}, {"date": "2022-04-11-10-00-00", "alternatives": ["62", "2", "2"]}, {"date": "2022-04-11-10-00-00", "alternatives": ["62", "2", "2"]}, {"date": "2022-04-11-10-00-00", "alternatives": ["62", "2", "2"]}, {"date": "2022-04-11-10-00-00", "alternatives": ["62", "2", "2"]}, {"date": "2022-04-11-10-00-00", "alternatives": ["62", "2", "2"]}]}, {"location": {"country_code": "dk"}, "game_id": "273486", "values": [{"date": "2022-04-11-14-00-00", "alternatives": ["31", "816", "31"]}, {"date": "2022-04-11-14-00-00", "alternatives": ["31", "816", "31"]}]}, {"location": {"country_code": "us", "region": "Iowa"}, "game_id": "273486", "values": [{"date": "2022-04-11-09-00-00", "alternatives": ["58", "5", "5"]}, {"date": "2022-04-11-09-00-00", "alternatives": ["58", "5", "5"]}]}, {"location": {"country_code": "es", "region": "Andalusia", "city": "Granada"}, "game_id": "273486", "values": [{"date": "2022-04-11-18-00-00", "alternatives": ["39", "39", "33"]}, {"date": "2022-04-11-18-00-00", "alternatives": ["39", "39", "33"]}]}, {"location": {"country_code": "sa"}, "game_id": "273486", "values": [{"date": "2022-04-11-23-00-00", "alternatives": ["133", "133", "1833"]}]}, {"location": {"country_code": "us", "region": "Hawaii"}, "game_id": "273486", "values": [{"date": "2022-04-11-06-00-00", "alternatives": ["74", "73", "74"]}, {"date": "2022-04-11-11-00-00", "alternatives": ["78", "7", "7"]}, {"date": "2022-04-11-11-00-00", "alternatives": ["78", "7", "7"]}, {"date": "2022-04-11-11-00-00", "alternatives": ["78", "7", "7"]}]}, {"location": {"country_code": "ru", "region": "Moscow", "city": "Zelenograd"}, "game_id": "273486", "values": [{"date": "2022-04-12-01-00-00", "alternatives": ["7", "7", "74"]}, {"date": "2022-04-12-01-00-00", "alternatives": ["7", "7", "74"]}]}, {"location": {"country_code": "us", "region": "Texas", "city": "Houston"}, "game_id": "273486", "values": [{"date": "2022-04-11-05-00-00", "alternatives": ["6", "3", "3"]}, {"date": "2022-04-11-05-00-00", "alternatives": ["6", "3", "3"]}]}, {"location": {"country_code": "us", "region": "Alaska"}, "game_id": "273486", "values": [{"date": "2022-04-11-10-00-00", "alternatives": ["0", "82", "82"]}, {"date": "2022-04-11-10-00-00", "alternatives": ["0", "82", "82"]}, {"date": "2022-04-11-10-00-00", "alternatives": ["0", "82", "82"]}, {"date": "2022-04-11-10-00-00", "alternatives": ["0", "82", "82"]}]}, {"location": {"country_code": "us", "region": "Illinois", "city": "Chicago"}, "game_id": "273486", "values": [{"date": "2022-04-11-06-00-00", "alternatives": ["43", "23", "43"]}]}, {"location": {"country_code": "us", "region": "Utah"}, "game_id": "273486", "values": [{"date": "2022-04-11-02-00-00", "alternatives": ["35", "35", "30"]}, {"date": "2022-04-11-02-00-00", "alternatives": ["35", "35", "30"]}, {"date": "2022-04-11-02-00-00", "alternatives": ["35", "35", "30"]}]}, {"location": {"country_code": "be"}, "game_id": "273486", "values": [{"date": "2022-04-11-04-00-00", "alternatives": ["39", "99", "39"]}]}, {"location": {"country_code": "us", "region": "North Carolina"}, "game_id": "273486", "values": [{"date": "2022-04-11-03-00-00", "alternatives": [5, 54, 54, 54]}, {"date": "2022-04-11-03-00-00", "alternatives": [5, 54, 54, 54]}]}, {"location": {"country_code": "gb", "region": "England", "city": "London"}, "game_id": "273486", "values": [{"date": "2022-04-12-00-00-00", "alternatives": ["0", "39", "39"]}]}, {"location": {"country_code": "sg"}, "game_id": "273486", "values": [{"date": "2022-04-11-17-00-00", "alternatives": ["19", "139", "19"]}, {"date": "2022-04-11-17-00-00", "alternatives": ["19", "139", "19"]}, {"date": "2022-04-11-17-00-00", "alternatives": ["19", "139", "19"]}, {"date": "2022-04-11-17-00-00", "alternatives": ["19", "139", "19"]}]}, {"location": {"country_code": "us", "region": "Illinois"}, "game_id": "273486", "values": [{"date": "2022-04-11-12-00-00", "alternatives": ["523", "23", "23"]}, {"date": "2022-04-11-12-00-00", "alternatives": ["523", "23", "23"]}, {"date": "2022-04-11-12-00-00", "alternatives": ["523", "23", "23"]}, {"date": "2022-04-11-12-00-00", "alternatives": ["523", "23", "23"]}]}, {"location": {"country_code": "us", "region": "Oklahoma"}, "game_id": "273486", "values": [{"date": "2022-04-11-07-00-00", "alternatives": [39, 89, 59, 39, 39]}, {"date": "2022-04-11-08-00-00", "alternatives": ["47", "447", "47"]}, {"date": "2022-04-11-08-00-00", "alternatives": ["47", "447", "47"]}, {"date": "2022-04-11-08-00-00", "alternatives": ["47", "447", "47"]}]}, {"location": {"country_code": "us", "region": "Wisconsin"}, "game_id": "273486", "values": [{"date": "2022-04-11-05-00-00", "alternatives": ["54", "52", "54"]}]}, {"location": {"country_code": "fr", "region": "Ile-de-France Region"}, "game_id": "273486", "values": [{"date": "2022-04-12-01-00-00", "alternatives": ["23", "23", "723"]}, {"date": "2022-04-12-01-00-00", "alternatives": ["23", "23", "723"]}, {"date": "2022-04-12-01-00-00", "alternatives": ["23", "23", "723"]}, {"date": "2022-04-12-01-00-00", "alternatives": ["23", "23", "723"]}, {"date": "2022-04-12-01-00-00", "alternatives": ["23", "23", "723"]}, {"date": "2022-04-12-01-00-00", "alternatives": ["23", "23", "723"]}, {"date": "2022-04-12-01-00-00", "alternatives": ["23", "23", "723"]}]}, {"location": {"country_code": "us", "region": "Massachusetts", "city": "Boston"}, "game_id": "273486", "values": [{"date": "2022-04-11-04-00-00", "alternatives": ["6", "6", "86"]}, {"date": "2022-04-11-04-00-00", "alternatives": ["6", "6", "86"]}, {"date": "2022-04-11-04-00-00", "alternatives": ["6", "6", "86"]}, {"date": "2022-04-11-04-00-00", "alternatives": ["6", "6", "86"]}, {"date": "2022-04-11-04-00-00", "alternatives": ["6", "6", "86"]}, {"date": "2022-04-11-04-00-00", "alternatives": ["6", "6", "86"]}, {"date": "2022-04-11-04-00-00", "alternatives": ["6", "6", "86"]}]}, {"location": {"country_code": "kw"}, "game_id": "273486", "values": [{"date": "2022-04-12-00-00-00", "alternatives": [52, 82, 62, 62, 62]}, {"date": "2022-04-12-00-00-00", "alternatives": [52, 82, 62, 62, 62]}, {"date": "2022-04-12-00-00-00", "alternatives": [52, 82, 62, 62, 62]}, {"date": "2022-04-12-00-00-00", "alternatives": [52, 82, 62, 62, 62]}, {"date": "2022-04-12-00-00-00", "alternatives": [52, 82, 62, 62, 62]}, {"date": "2022-04-11-07-00-00", "alternatives": ["125", "125", "120"]}, {"date": "2022-04-12-00-00-00", "alternatives": ["90", "06", "90"]}, {"date": "2022-04-12-00-00-00", "alternatives": ["90", "06", "90"]}]}, {"location": {"country_code": "us", "region": "Alabama"}, "game_id": "273486", "values": [{"date": "2022-04-11-05-00-00", "alternatives": ["43", "43", "10"]}, {"date": "2022-04-11-05-00-00", "alternatives": ["43", "43", "10"]}, {"date": "2022-04-11-05-00-00", "alternatives": ["43", "43", "10"]}]}, {"location": {"country_code": "us", "region": "Texas", "city": "Irving"}, "game_id": "273486", "values": [{"date": "2022-04-11-06-00-00", "alternatives": [5, 35, 3, 35, 35]}, {"date": "2022-04-11-06-00-00", "alternatives": [5, 35, 3, 35, 35]}]}, {"location": {"country_code": "us", "region": "State of Wyoming"}, "game_id": "273486", "values": [{"date": "2022-04-11-23-00-00", "alternatives": ["7", "27", "7"]}, {"date": "2022-04-11-23-00-00", "alternatives": ["7", "27", "7"]}]}, {"location": {"country_code": "ca", "region": "British Columbia"}, "game_id": "273486", "values": [{"date": "2022-04-11-12-00-00", "alternatives": ["7", "58", "58"]}]}, {"location": {"country_code": "us", "region": "Tennessee", "city": "Nashville"}, "game_id": "273486", "values": [{"date": "2022-04-11-11-00-00", "alternatives": ["19", "10", "19"]}, {"date": "2022-04-11-11-00-00", "alternatives": ["19", "10", "19"]}, {"date": "2022-04-11-11-00-00", "alternatives": ["19", "10", "19"]}, {"date": "2022-04-11-11-00-00", "alternatives": ["19", "10", "19"]}]}, {"location": {"country_code": "us", "region": "Washington", "city": "Seattle"}, "game_id": "273486", "values": [{"date": "2022-04-11-05-00-00", "alternatives": ["70", "1", "70"]}]}, {"location": {"country_code": "us", "region": "Louisiana"}, "game_id": "273486", "values": [{"date": "2022-04-11-03-00-00", "alternatives": ["35", "35", "39"]}]}, {"location": {"country_code": "ae", "region": "Dubai", "city": "Dubai"}, "game_id": "273486", "values": [{"date": "2022-04-11-22-00-00", "alternatives": ["23", "23", "22"]}]}, {"location": {"country_code": "us", "region": "California", "city": "Moorpark"}, "game_id": "273486", "values": [{"date": "2022-04-11-06-00-00", "alternatives": ["23", "23", "22"]}]}, {"location": {"country_code": "sa", "region": "Riyadh Region", "city": "Wadi Ad Dawasir"}, "game_id": "273486", "values": [{"date": "2022-04-12-01-00-00", "alternatives": ["6", "11", "11"]}, {"date": "2022-04-12-01-00-00", "alternatives": ["6", "11", "11"]}, {"date": "2022-04-12-01-00-00", "alternatives": ["6", "11", "11"]}, {"date": "2022-04-12-01-00-00", "alternatives": ["19", "6", "19"]}, {"date": "2022-04-12-01-00-00", "alternatives": ["19", "19", "18"]}, {"date": "2022-04-12-01-00-00", "alternatives": ["19", "19", "18"]}, {"date": "2022-04-12-01-00-00", "alternatives": ["19", "19", "18"]}, {"date": "2022-04-11-17-00-00", "alternatives": ["19", "19", "18"]}, {"date": "2022-04-11-17-00-00", "alternatives": ["19", "19", "18"]}, {"date": "2022-04-11-17-00-00", "alternatives": ["19", "19", "18"]}]}, {"location": {"country_code": "us", "region": "New York"}, "game_id": "273486", "values": [{"date": "2022-04-11-07-00-00", "alternatives": ["19", "19", "18"]}, {"date": "2022-04-11-07-00-00", "alternatives": ["19", "19", "18"]}, {"date": "2022-04-11-07-00-00", "alternatives": ["19", "19", "18"]}, {"date": "2022-04-11-07-00-00", "alternatives": ["19", "19", "18"]}]}, {"location": {"country_code": "us", "region": "North Dakota"}, "game_id": "273486", "values": [{"date": "2022-04-11-11-00-00", "alternatives": [50, 0, 5, 50, 50]}, {"date": "2022-04-11-11-00-00", "alternatives": [50, 0, 5, 50, 50]}, {"date": "2022-04-11-11-00-00", "alternatives": [50, 0, 5, 50, 50]}, {"date": "2022-04-11-11-00-00", "alternatives": [50, 0, 5, 50, 50]}, {"date": "2022-04-11-11-00-00", "alternatives": [50, 0, 5, 50, 50]}, {"date": "2022-04-11-11-00-00", "alternatives": [50, 0, 5, 50, 50]}]}, {"location": {"country_code": "sa", "region": "Mecca Region", "city": "Jeddah"}, "game_id": "273486", "values": [{"date": "2022-04-11-21-00-00", "alternatives": ["54", "54", "24"]}]}, {"location": {"country_code": "bh"}, "game_id": "273486", "values": [{"date": "2022-04-11-21-00-00", "alternatives": ["19", "79", "19"]}, {"date": "2022-04-11-21-00-00", "alternatives": ["19", "79", "19"]}]}, {"location": {"country_code": "us", "region": "Kentucky", "city": "Louisville"}, "game_id": "273486", "values": [{"date": "2022-04-11-08-00-00", "alternatives": [5, 50, 50, 50]}, {"date": "2022-04-11-08-00-00", "alternatives": [5, 50, 50, 50]}, {"date": "2022-04-11-08-00-00", "alternatives": [5, 50, 0, 50, 50]}]}, {"location": {"country_code": "us", "region": "Kansas", "city": "Wichita"}, "game_id": "273486", "values": [{"date": "2022-04-11-20-00-00", "alternatives": ["39", "39", "38"]}, {"date": "2022-04-11-20-00-00", "alternatives": ["39", "39", "38"]}]}, {"location": {"country_code": "us", "region": "Oregon", "city": "Florence"}, "game_id": "273486", "values": [{"date": "2022-04-11-13-00-00", "alternatives": ["86", "66", "66"]}, {"date": "2022-04-11-13-00-00", "alternatives": ["86", "66", "66"]}, {"date": "2022-04-11-13-00-00", "alternatives": ["86", "66", "66"]}, {"date": "2022-04-11-13-00-00", "alternatives": ["86", "66", "66"]}, {"date": "2022-04-11-13-00-00", "alternatives": ["86", "66", "66"]}, {"date": "2022-04-11-13-00-00", "alternatives": ["86", "66", "66"]}]}, {"location": {"country_code": "us", "region": "South Carolina", "city": "Florence"}, "game_id": "273486", "values": [{"date": "2022-04-12-01-00-00", "alternatives": ["109", "607", "109"]}, {"date": "2022-04-12-01-00-00", "alternatives": ["109", "607", "109"]}, {"date": "2022-04-12-01-00-00", "alternatives": ["109", "607", "109"]}]}, {"location": {"country_code": "us", "region": "California", "city": "Santa Clarita"}, "game_id": "273486", "values": [{"date": "2022-04-11-05-00-00", "alternatives": ["19", "6", "19"]}, {"date": "2022-04-11-05-00-00", "alternatives": ["19", "6", "19"]}, {"date": "2022-04-11-05-00-00", "alternatives": ["19", "6", "19"]}]}, {"location": {"country_code": "gb", "region": "England", "city": "Hull"}, "game_id": "273486", "values": [{"date": "2022-04-12-01-00-00", "alternatives": ["19", "18", "19"]}, {"date": "2022-04-12-01-00-00", "alternatives": ["19", "18", "19"]}, {"date": "2022-04-12-01-00-00", "alternatives": ["19", "18", "19"]}, {"date": "2022-04-12-01-00-00", "alternatives": ["19", "18", "19"]}, {"date": "2022-04-12-01-00-00", "alternatives": ["19", "18", "19"]}]}, {"location": {"country_code": "fr", "region": "Normandy", "city": "Dieppe"}, "game_id": "273486", "values": [{"date": "2022-04-11-10-00-00", "alternatives": ["5", "3", "3"]}, {"date": "2022-04-11-10-00-00", "alternatives": ["5", "3", "3"]}, {"date": "2022-04-11-10-00-00", "alternatives": ["5", "3", "3"]}, {"date": "2022-04-11-10-00-00", "alternatives": ["5", "3", "3"]}, {"date": "2022-04-11-10-00-00", "alternatives": ["5", "3", "3"]}, {"date": "2022-04-11-10-00-00", "alternatives": ["5", "3", "3"]}, {"date": "2022-04-11-10-00-00", "alternatives": ["5", "3", "3"]}, {"date": "2022-04-11-10-00-00", "alternatives": ["5", "3", "3"]}, {"date": "2022-04-11-10-00-00", "alternatives": ["5", "3", "3"]}]}, {"location": {"country_code": "us", "region": "Maryland", "city": "Cumberland"}, "game_id": "273486", "values": [{"date": "2022-04-11-07-00-00", "alternatives": ["58", "58", "88"]}, {"date": "2022-04-11-07-00-00", "alternatives": ["58", "58", "88"]}, {"date": "2022-04-11-07-00-00", "alternatives": ["58", "58", "88"]}, {"date": "2022-04-11-07-00-00", "alternatives": ["58", "58", "88"]}]}], "last_updated": 1719918483.74919}