{"data": [{"location": {"country_code": "us"}, "game_id": "319965", "values": [{"date": "2022-01-04-22-00-00", "latency": "57"}, {"date": "2022-01-04-01-00-00", "latency": "50"}]}, {"location": {"country_code": "fr", "region": "Alvernia-Rodano-Alpi", "city": "Mars"}, "game_id": "319965", "values": [{"date": "2022-01-04-06-00-00", "latency": "82"}, {"date": "2022-01-04-06-00-00", "latency": "82"}, {"date": "2022-01-04-06-00-00", "latency": "82"}, {"date": "2022-01-04-06-00-00", "latency": "82"}, {"date": "2022-01-04-06-00-00", "latency": "82"}, {"date": "2022-01-04-06-00-00", "latency": "82"}, {"date": "2022-01-04-06-00-00", "latency": "82"}]}, {"location": {"country_code": "us", "region": "Texas", "city": "Austin"}, "game_id": "319965", "values": [{"date": "2022-01-04-05-00-00", "latency": "0"}, {"date": "2022-01-04-05-00-00", "latency": "0"}, {"date": "2022-01-04-05-00-00", "latency": "0"}, {"date": "2022-01-04-05-00-00", "latency": "0"}, {"date": "2022-01-04-05-00-00", "latency": "0"}, {"date": "2022-01-04-05-00-00", "latency": "0"}, {"date": "2022-01-04-05-00-00", "latency": "0"}, {"date": "2022-01-04-05-00-00", "latency": "0"}, {"date": "2022-01-04-05-00-00", "latency": "0"}, {"date": "2022-01-04-05-00-00", "latency": "0"}, {"date": "2022-01-04-05-00-00", "latency": "0"}, {"date": "2022-01-04-05-00-00", "latency": "0"}]}, {"location": {"country_code": "de", "region": "Berlin", "city": "Berlin"}, "game_id": "319965", "values": [{"date": "2022-01-04-22-00-00", "latency": "50"}]}, {"location": {"country_code": "us", "region": "New York", "city": "Jamestown"}, "game_id": "319965", "values": [{"date": "2022-01-04-10-00-00", "latency": "76"}, {"date": "2022-01-04-10-00-00", "latency": "76"}, {"date": "2022-01-04-10-00-00", "latency": "76"}, {"date": "2022-01-04-10-00-00", "latency": "76"}, {"date": "2022-01-04-10-00-00", "latency": "76"}, {"date": "2022-01-04-10-00-00", "latency": "76"}, {"date": "2022-01-04-10-00-00", "latency": "76"}, {"date": "2022-01-04-10-00-00", "latency": "76"}, {"date": "2022-01-04-10-00-00", "latency": "76"}, {"date": "2022-01-04-10-00-00", "latency": "76"}, {"date": "2022-01-04-10-00-00", "latency": "76"}, {"date": "2022-01-04-10-00-00", "latency": "76"}, {"date": "2022-01-04-10-00-00", "latency": "76"}, {"date": "2022-01-04-10-00-00", "latency": "76"}, {"date": "2022-01-04-08-00-00", "latency": "50"}, {"date": "2022-01-04-08-00-00", "latency": "50"}, {"date": "2022-01-04-08-00-00", "latency": "50"}, {"date": "2022-01-04-08-00-00", "latency": "50"}, {"date": "2022-01-04-08-00-00", "latency": "50"}, {"date": "2022-01-04-08-00-00", "latency": "50"}, {"date": "2022-01-04-08-00-00", "latency": "50"}, {"date": "2022-01-04-08-00-00", "latency": "50"}, {"date": "2022-01-04-08-00-00", "latency": "50"}, {"date": "2022-01-04-08-00-00", "latency": "50"}, {"date": "2022-01-04-08-00-00", "latency": "50"}, {"date": "2022-01-04-21-00-00", "latency": "70"}, {"date": "2022-01-04-21-00-00", "latency": "70"}]}, {"location": {"country_code": "gb"}, "game_id": "319965", "values": [{"date": "2022-01-04-23-00-00", "latency": "145"}, {"date": "2022-01-04-23-00-00", "latency": "145"}, {"date": "2022-01-04-23-00-00", "latency": "145"}, {"date": "2022-01-05-01-00-00", "latency": "17"}, {"date": "2022-01-05-01-00-00", "latency": "17"}, {"date": "2022-01-05-01-00-00", "latency": "17"}, {"date": "2022-01-05-01-00-00", "latency": "17"}, {"date": "2022-01-05-01-00-00", "latency": "17"}, {"date": "2022-01-05-01-00-00", "latency": "17"}, {"date": "2022-01-05-01-00-00", "latency": "17"}]}, {"location": {"country_code": "gb", "region": "England", "city": "Birmingham"}, "game_id": "319965", "values": [{"date": "2022-01-05-01-00-00", "latency": "50"}, {"date": "2022-01-05-01-00-00", "latency": "50"}, {"date": "2022-01-05-01-00-00", "latency": "50"}]}, {"location": {"country_code": "ro", "region": "Bucharest"}, "game_id": "319965", "values": [{"date": "2022-01-04-02-00-00", "latency": "50"}, {"date": "2022-01-04-02-00-00", "latency": "50"}, {"date": "2022-01-04-02-00-00", "latency": "50"}, {"date": "2022-01-04-02-00-00", "latency": "50"}, {"date": "2022-01-04-02-00-00", "latency": "50"}, {"date": "2022-01-04-02-00-00", "latency": "50"}, {"date": "2022-01-04-02-00-00", "latency": "50"}, {"date": "2022-01-04-02-00-00", "latency": "50"}]}, {"location": {"country_code": "jp", "region": "Nagoya"}, "game_id": "319965", "values": [{"date": "2022-01-04-11-00-00", "latency": "39"}]}, {"location": {"country_code": "de"}, "game_id": "319965", "values": [{"date": "2022-01-05-01-00-00", "latency": "50"}, {"date": "2022-01-05-00-00-00", "latency": "50"}, {"date": "2022-01-05-00-00-00", "latency": "50"}, {"date": "2022-01-05-00-00-00", "latency": "50"}, {"date": "2022-01-05-00-00-00", "latency": "50"}, {"date": "2022-01-05-00-00-00", "latency": "50"}, {"date": "2022-01-05-00-00-00", "latency": "50"}, {"date": "2022-01-05-00-00-00", "latency": "50"}, {"date": "2022-01-05-00-00-00", "latency": "50"}, {"date": "2022-01-05-00-00-00", "latency": "50"}, {"date": "2022-01-05-00-00-00", "latency": "50"}, {"date": "2022-01-05-00-00-00", "latency": "50"}, {"date": "2022-01-05-00-00-00", "latency": "50"}, {"date": "2022-01-05-00-00-00", "latency": "50"}, {"date": "2022-01-05-00-00-00", "latency": "50"}, {"date": "2022-01-05-00-00-00", "latency": "50"}, {"date": "2022-01-05-00-00-00", "latency": "50"}, {"date": "2022-01-05-00-00-00", "latency": "50"}, {"date": "2022-01-05-00-00-00", "latency": "50"}, {"date": "2022-01-05-00-00-00", "latency": "50"}, {"date": "2022-01-05-00-00-00", "latency": "50"}, {"date": "2022-01-05-00-00-00", "latency": "50"}, {"date": "2022-01-05-00-00-00", "latency": "50"}, {"date": "2022-01-05-00-00-00", "latency": "50"}, {"date": "2022-01-05-00-00-00", "latency": "50"}, {"date": "2022-01-05-00-00-00", "latency": "50"}, {"date": "2022-01-05-01-00-00", "latency": "50"}, {"date": "2022-01-05-01-00-00", "latency": "50"}, {"date": "2022-01-05-01-00-00", "latency": "50"}, {"date": "2022-01-05-01-00-00", "latency": "50"}, {"date": "2022-01-05-01-00-00", "latency": "50"}, {"date": "2022-01-05-01-00-00", "latency": "50"}, {"date": "2022-01-05-01-00-00", "latency": "50"}, {"date": "2022-01-05-01-00-00", "latency": "50"}, {"date": "2022-01-05-01-00-00", "latency": "50"}, {"date": "2022-01-05-01-00-00", "latency": "50"}, {"date": "2022-01-05-01-00-00", "latency": "50"}, {"date": "2022-01-05-01-00-00", "latency": "50"}]}, {"location": {"country_code": "de", "region": "Bavaria", "city": "Nuremberg"}, "game_id": "319965", "values": [{"date": "2022-01-04-21-00-00", "latency": "50"}, {"date": "2022-01-04-21-00-00", "latency": "50"}, {"date": "2022-01-04-21-00-00", "latency": "50"}]}, {"location": {"country_code": "de", "region": "Bremen", "city": "Bremen"}, "game_id": "319965", "values": [{"date": "2022-01-05-00-00-00", "latency": "50"}, {"date": "2022-01-05-00-00-00", "latency": "50"}, {"date": "2022-01-05-00-00-00", "latency": "50"}, {"date": "2022-01-05-00-00-00", "latency": "50"}]}, {"location": {"country_code": "us", "region": "Indiana"}, "game_id": "319965", "values": [{"date": "2022-01-04-04-00-00", "latency": "51"}, {"date": "2022-01-04-04-00-00", "latency": "51"}, {"date": "2022-01-04-04-00-00", "latency": "51"}, {"date": "2022-01-04-04-00-00", "latency": "51"}]}, {"location": {"country_code": "us", "region": "Texas"}, "game_id": "319965", "values": [{"date": "2022-01-04-07-00-00", "latency": "50"}, {"date": "2022-01-04-07-00-00", "latency": "50"}, {"date": "2022-01-04-07-00-00", "latency": "50"}, {"date": "2022-01-04-07-00-00", "latency": "50"}, {"date": "2022-01-04-07-00-00", "latency": "50"}, {"date": "2022-01-04-07-00-00", "latency": "50"}, {"date": "2022-01-04-07-00-00", "latency": "50"}, {"date": "2022-01-04-07-00-00", "latency": "50"}, {"date": "2022-01-04-07-00-00", "latency": "50"}, {"date": "2022-01-04-07-00-00", "latency": "50"}, {"date": "2022-01-04-07-00-00", "latency": "50"}, {"date": "2022-01-04-07-00-00", "latency": "50"}, {"date": "2022-01-04-07-00-00", "latency": "50"}, {"date": "2022-01-04-07-00-00", "latency": "50"}, {"date": "2022-01-04-07-00-00", "latency": "50"}, {"date": "2022-01-04-07-00-00", "latency": "50"}, {"date": "2022-01-04-07-00-00", "latency": "50"}, {"date": "2022-01-04-07-00-00", "latency": "50"}, {"date": "2022-01-04-07-00-00", "latency": "50"}, {"date": "2022-01-04-07-00-00", "latency": "50"}, {"date": "2022-01-04-07-00-00", "latency": "50"}, {"date": "2022-01-04-07-00-00", "latency": "50"}, {"date": "2022-01-04-07-00-00", "latency": "50"}, {"date": "2022-01-04-07-00-00", "latency": "50"}, {"date": "2022-01-04-07-00-00", "latency": "50"}, {"date": "2022-01-04-07-00-00", "latency": "50"}, {"date": "2022-01-04-07-00-00", "latency": "50"}, {"date": "2022-01-04-07-00-00", "latency": "50"}, {"date": "2022-01-04-07-00-00", "latency": "50"}, {"date": "2022-01-04-07-00-00", "latency": "50"}, {"date": "2022-01-04-07-00-00", "latency": "50"}, {"date": "2022-01-04-07-00-00", "latency": "50"}, {"date": "2022-01-04-07-00-00", "latency": "50"}, {"date": "2022-01-04-07-00-00", "latency": "50"}]}, {"location": {"country_code": "us", "region": "Florida"}, "game_id": "319965", "values": [{"date": "2022-01-04-07-00-00", "latency": "88"}, {"date": "2022-01-04-07-00-00", "latency": "88"}, {"date": "2022-01-04-07-00-00", "latency": "88"}, {"date": "2022-01-04-07-00-00", "latency": "88"}, {"date": "2022-01-04-07-00-00", "latency": "88"}, {"date": "2022-01-04-07-00-00", "latency": "88"}, {"date": "2022-01-04-07-00-00", "latency": "88"}, {"date": "2022-01-04-07-00-00", "latency": "88"}, {"date": "2022-01-04-07-00-00", "latency": "88"}, {"date": "2022-01-04-07-00-00", "latency": "88"}, {"date": "2022-01-04-07-00-00", "latency": "88"}]}, {"location": {"country_code": "fr"}, "game_id": "319965", "values": [{"date": "2022-01-04-22-00-00", "latency": "59"}, {"date": "2022-01-04-22-00-00", "latency": "59"}, {"date": "2022-01-04-22-00-00", "latency": "59"}, {"date": "2022-01-04-22-00-00", "latency": "59"}]}, {"location": {"country_code": "mx"}, "game_id": "319965", "values": [{"date": "2022-01-04-06-00-00", "latency": "50"}, {"date": "2022-01-04-06-00-00", "latency": "50"}, {"date": "2022-01-04-06-00-00", "latency": "50"}]}, {"location": {"country_code": "us", "region": "California"}, "game_id": "319965", "values": [{"date": "2022-01-04-12-00-00", "latency": "590"}, {"date": "2022-01-04-12-00-00", "latency": "590"}, {"date": "2022-01-04-12-00-00", "latency": "590"}, {"date": "2022-01-04-12-00-00", "latency": "590"}, {"date": "2022-01-04-12-00-00", "latency": "590"}, {"date": "2022-01-04-12-00-00", "latency": "590"}, {"date": "2022-01-04-12-00-00", "latency": "590"}, {"date": "2022-01-04-12-00-00", "latency": "590"}, {"date": "2022-01-04-12-00-00", "latency": "590"}, {"date": "2022-01-04-12-00-00", "latency": "590"}, {"date": "2022-01-04-12-00-00", "latency": "590"}, {"date": "2022-01-04-12-00-00", "latency": "590"}, {"date": "2022-01-04-12-00-00", "latency": "590"}, {"date": "2022-01-04-12-00-00", "latency": "590"}, {"date": "2022-01-04-12-00-00", "latency": "590"}, {"date": "2022-01-04-12-00-00", "latency": "590"}, {"date": "2022-01-04-12-00-00", "latency": "590"}, {"date": "2022-01-04-12-00-00", "latency": "590"}, {"date": "2022-01-04-12-00-00", "latency": "590"}, {"date": "2022-01-04-12-00-00", "latency": "590"}, {"date": "2022-01-04-12-00-00", "latency": "590"}, {"date": "2022-01-04-12-00-00", "latency": "590"}, {"date": "2022-01-04-12-00-00", "latency": "590"}, {"date": "2022-01-04-12-00-00", "latency": "590"}, {"date": "2022-01-04-12-00-00", "latency": "590"}, {"date": "2022-01-04-12-00-00", "latency": "590"}, {"date": "2022-01-04-12-00-00", "latency": "590"}, {"date": "2022-01-04-12-00-00", "latency": "590"}, {"date": "2022-01-04-12-00-00", "latency": "590"}, {"date": "2022-01-04-12-00-00", "latency": "590"}, {"date": "2022-01-04-12-00-00", "latency": "590"}, {"date": "2022-01-04-12-00-00", "latency": "590"}, {"date": "2022-01-04-12-00-00", "latency": "590"}, {"date": "2022-01-04-12-00-00", "latency": "590"}, {"date": "2022-01-04-12-00-00", "latency": "590"}, {"date": "2022-01-04-12-00-00", "latency": "590"}, {"date": "2022-01-04-12-00-00", "latency": "590"}, {"date": "2022-01-04-12-00-00", "latency": "590"}, {"date": "2022-01-04-12-00-00", "latency": "590"}, {"date": "2022-01-04-12-00-00", "latency": "590"}, {"date": "2022-01-04-12-00-00", "latency": "590"}, {"date": "2022-01-04-12-00-00", "latency": "590"}, {"date": "2022-01-04-12-00-00", "latency": "590"}, {"date": "2022-01-04-12-00-00", "latency": "590"}, {"date": "2022-01-04-12-00-00", "latency": "590"}, {"date": "2022-01-04-12-00-00", "latency": "590"}, {"date": "2022-01-04-12-00-00", "latency": "590"}, {"date": "2022-01-04-12-00-00", "latency": "590"}, {"date": "2022-01-04-12-00-00", "latency": "590"}, {"date": "2022-01-04-12-00-00", "latency": "590"}, {"date": "2022-01-04-12-00-00", "latency": "590"}, {"date": "2022-01-04-12-00-00", "latency": "590"}, {"date": "2022-01-04-12-00-00", "latency": "590"}, {"date": "2022-01-04-12-00-00", "latency": "590"}, {"date": "2022-01-04-12-00-00", "latency": "590"}, {"date": "2022-01-04-12-00-00", "latency": "590"}, {"date": "2022-01-04-12-00-00", "latency": "590"}, {"date": "2022-01-04-12-00-00", "latency": "590"}, {"date": "2022-01-04-12-00-00", "latency": "590"}, {"date": "2022-01-04-12-00-00", "latency": "590"}, {"date": "2022-01-04-12-00-00", "latency": "590"}, {"date": "2022-01-04-12-00-00", "latency": "590"}, {"date": "2022-01-04-12-00-00", "latency": "590"}, {"date": "2022-01-04-12-00-00", "latency": "590"}, {"date": "2022-01-04-12-00-00", "latency": "590"}, {"date": "2022-01-04-12-00-00", "latency": "590"}, {"date": "2022-01-04-12-00-00", "latency": "590"}, {"date": "2022-01-04-12-00-00", "latency": "590"}, {"date": "2022-01-04-12-00-00", "latency": "590"}, {"date": "2022-01-04-12-00-00", "latency": "590"}, {"date": "2022-01-04-12-00-00", "latency": "590"}, {"date": "2022-01-04-12-00-00", "latency": "590"}, {"date": "2022-01-04-12-00-00", "latency": "590"}, {"date": "2022-01-04-12-00-00", "latency": "590"}, {"date": "2022-01-04-12-00-00", "latency": "590"}, {"date": "2022-01-04-12-00-00", "latency": "590"}, {"date": "2022-01-04-07-00-00", "latency": "87"}, {"date": "2022-01-04-07-00-00", "latency": "87"}, {"date": "2022-01-04-07-00-00", "latency": "87"}, {"date": "2022-01-04-07-00-00", "latency": "87"}, {"date": "2022-01-04-07-00-00", "latency": "87"}, {"date": "2022-01-04-07-00-00", "latency": "87"}, {"date": "2022-01-04-07-00-00", "latency": "87"}, {"date": "2022-01-04-07-00-00", "latency": "87"}]}, {"location": {"country_code": "se"}, "game_id": "319965", "values": [{"date": "2022-01-04-22-00-00", "latency": "163"}, {"date": "2022-01-04-22-00-00", "latency": "163"}, {"date": "2022-01-04-22-00-00", "latency": "163"}, {"date": "2022-01-04-22-00-00", "latency": "163"}, {"date": "2022-01-04-22-00-00", "latency": "163"}]}, {"location": {"country_code": "us", "region": "California", "city": "East Los Angeles"}, "game_id": "319965", "values": [{"date": "2022-01-04-05-00-00", "latency": "1"}]}, {"location": {"country_code": "ec"}, "game_id": "319965", "values": [{"date": "2022-01-04-07-00-00", "latency": "141"}, {"date": "2022-01-04-07-00-00", "latency": "141"}, {"date": "2022-01-04-07-00-00", "latency": "141"}]}, {"location": {"country_code": "au"}, "game_id": "319965", "values": [{"date": "2022-01-04-16-00-00", "latency": "114"}, {"date": "2022-01-04-16-00-00", "latency": "114"}, {"date": "2022-01-04-16-00-00", "latency": "114"}, {"date": "2022-01-04-16-00-00", "latency": "114"}, {"date": "2022-01-04-16-00-00", "latency": "114"}, {"date": "2022-01-04-16-00-00", "latency": "114"}, {"date": "2022-01-04-16-00-00", "latency": "114"}, {"date": "2022-01-04-16-00-00", "latency": "114"}, {"date": "2022-01-04-16-00-00", "latency": "114"}, {"date": "2022-01-04-16-00-00", "latency": "114"}, {"date": "2022-01-04-16-00-00", "latency": "114"}, {"date": "2022-01-04-16-00-00", "latency": "114"}, {"date": "2022-01-04-16-00-00", "latency": "114"}, {"date": "2022-01-04-16-00-00", "latency": "114"}, {"date": "2022-01-04-16-00-00", "latency": "114"}, {"date": "2022-01-04-16-00-00", "latency": "114"}, {"date": "2022-01-04-16-00-00", "latency": "114"}, {"date": "2022-01-04-16-00-00", "latency": "114"}, {"date": "2022-01-04-16-00-00", "latency": "114"}, {"date": "2022-01-04-16-00-00", "latency": "114"}, {"date": "2022-01-04-16-00-00", "latency": "256"}, {"date": "2022-01-04-16-00-00", "latency": "256"}]}, {"location": {"country_code": "de", "region": "Hesse"}, "game_id": "319965", "values": [{"date": "2022-01-05-00-00-00", "latency": "50"}, {"date": "2022-01-05-00-00-00", "latency": "50"}, {"date": "2022-01-05-00-00-00", "latency": "50"}, {"date": "2022-01-05-00-00-00", "latency": "50"}]}, {"location": {"country_code": "de", "region": "Free and Hanseatic City of Hamburg", "city": "Hamburg"}, "game_id": "319965", "values": [{"date": "2022-01-04-03-00-00", "latency": "50"}, {"date": "2022-01-04-03-00-00", "latency": "50"}, {"date": "2022-01-04-03-00-00", "latency": "50"}, {"date": "2022-01-05-00-00-00", "latency": "50"}]}, {"location": {"country_code": "ar", "region": "Buenos Aires F.D.", "city": "Bahia Blanca"}, "game_id": "319965", "values": [{"date": "2022-01-04-13-00-00", "latency": "170"}, {"date": "2022-01-04-13-00-00", "latency": "170"}, {"date": "2022-01-04-13-00-00", "latency": "170"}, {"date": "2022-01-04-13-00-00", "latency": "170"}, {"date": "2022-01-04-13-00-00", "latency": "170"}, {"date": "2022-01-04-13-00-00", "latency": "170"}, {"date": "2022-01-04-13-00-00", "latency": "170"}, {"date": "2022-01-04-13-00-00", "latency": "170"}, {"date": "2022-01-04-13-00-00", "latency": "170"}, {"date": "2022-01-04-13-00-00", "latency": "170"}, {"date": "2022-01-04-13-00-00", "latency": "170"}, {"date": "2022-01-04-13-00-00", "latency": "170"}, {"date": "2022-01-04-13-00-00", "latency": "170"}, {"date": "2022-01-04-13-00-00", "latency": "170"}, {"date": "2022-01-04-13-00-00", "latency": "170"}, {"date": "2022-01-04-13-00-00", "latency": "170"}, {"date": "2022-01-04-13-00-00", "latency": "170"}, {"date": "2022-01-04-13-00-00", "latency": "170"}, {"date": "2022-01-04-13-00-00", "latency": "170"}, {"date": "2022-01-04-13-00-00", "latency": "170"}]}, {"location": {"country_code": "us", "region": "South Carolina"}, "game_id": "319965", "values": [{"date": "2022-01-04-06-00-00", "latency": "92"}, {"date": "2022-01-04-06-00-00", "latency": "92"}, {"date": "2022-01-04-06-00-00", "latency": "92"}, {"date": "2022-01-04-06-00-00", "latency": "92"}, {"date": "2022-01-04-06-00-00", "latency": "92"}, {"date": "2022-01-04-06-00-00", "latency": "92"}, {"date": "2022-01-04-06-00-00", "latency": "92"}, {"date": "2022-01-04-06-00-00", "latency": "92"}, {"date": "2022-01-04-06-00-00", "latency": "92"}, {"date": "2022-01-04-06-00-00", "latency": "92"}, {"date": "2022-01-04-06-00-00", "latency": "92"}, {"date": "2022-01-04-06-00-00", "latency": "92"}]}, {"location": {"country_code": "us", "region": "Michigan"}, "game_id": "319965", "values": [{"date": "2022-01-04-03-00-00", "latency": "50"}, {"date": "2022-01-04-03-00-00", "latency": "50"}, {"date": "2022-01-04-03-00-00", "latency": "50"}, {"date": "2022-01-04-03-00-00", "latency": "50"}, {"date": "2022-01-04-03-00-00", "latency": "50"}, {"date": "2022-01-04-03-00-00", "latency": "50"}, {"date": "2022-01-04-03-00-00", "latency": "50"}, {"date": "2022-01-04-03-00-00", "latency": "50"}, {"date": "2022-01-04-03-00-00", "latency": "50"}, {"date": "2022-01-04-03-00-00", "latency": "50"}, {"date": "2022-01-04-03-00-00", "latency": "50"}, {"date": "2022-01-04-03-00-00", "latency": "50"}, {"date": "2022-01-04-03-00-00", "latency": "50"}]}, {"location": {"country_code": "us", "region": "Illinois", "city": "Chicago"}, "game_id": "319965", "values": [{"date": "2022-01-04-01-00-00", "latency": "62"}]}, {"location": {"country_code": "mx", "region": "Nuevo Leon"}, "game_id": "319965", "values": [{"date": "2022-01-04-05-00-00", "latency": "55"}]}, {"location": {"country_code": "us", "region": "Arizona"}, "game_id": "319965", "values": [{"date": "2022-01-04-08-00-00", "latency": "74"}, {"date": "2022-01-04-08-00-00", "latency": "74"}, {"date": "2022-01-04-08-00-00", "latency": "74"}, {"date": "2022-01-04-08-00-00", "latency": "74"}, {"date": "2022-01-04-08-00-00", "latency": "74"}, {"date": "2022-01-04-08-00-00", "latency": "74"}, {"date": "2022-01-04-08-00-00", "latency": "74"}, {"date": "2022-01-04-08-00-00", "latency": "74"}, {"date": "2022-01-04-08-00-00", "latency": "74"}, {"date": "2022-01-04-08-00-00", "latency": "74"}]}, {"location": {"country_code": "us", "region": "Nevada", "city": "Las Vegas"}, "game_id": "319965", "values": [{"date": "2022-01-04-11-00-00", "latency": "52"}, {"date": "2022-01-04-11-00-00", "latency": "52"}, {"date": "2022-01-04-11-00-00", "latency": "52"}, {"date": "2022-01-04-11-00-00", "latency": "52"}, {"date": "2022-01-04-11-00-00", "latency": "52"}, {"date": "2022-01-04-09-00-00", "latency": "67"}, {"date": "2022-01-04-09-00-00", "latency": "67"}]}, {"location": {"country_code": "br", "region": "Santa Catarina", "city": "Palhoca"}, "game_id": "319965", "values": [{"date": "2022-01-04-20-00-00", "latency": "123"}, {"date": "2022-01-04-20-00-00", "latency": "123"}, {"date": "2022-01-04-20-00-00", "latency": "123"}, {"date": "2022-01-04-20-00-00", "latency": "123"}, {"date": "2022-01-04-20-00-00", "latency": "123"}, {"date": "2022-01-04-20-00-00", "latency": "123"}, {"date": "2022-01-04-20-00-00", "latency": "123"}, {"date": "2022-01-04-20-00-00", "latency": "123"}, {"date": "2022-01-04-20-00-00", "latency": "123"}, {"date": "2022-01-04-20-00-00", "latency": "123"}, {"date": "2022-01-04-20-00-00", "latency": "123"}, {"date": "2022-01-04-20-00-00", "latency": "123"}, {"date": "2022-01-04-20-00-00", "latency": "123"}, {"date": "2022-01-04-20-00-00", "latency": "123"}]}, {"location": {"country_code": "au", "region": "Queensland"}, "game_id": "319965", "values": [{"date": "2022-01-04-14-00-00", "latency": "114"}, {"date": "2022-01-04-14-00-00", "latency": "114"}, {"date": "2022-01-04-14-00-00", "latency": "114"}, {"date": "2022-01-04-14-00-00", "latency": "114"}, {"date": "2022-01-04-14-00-00", "latency": "114"}, {"date": "2022-01-04-14-00-00", "latency": "114"}, {"date": "2022-01-04-14-00-00", "latency": "114"}, {"date": "2022-01-04-14-00-00", "latency": "114"}, {"date": "2022-01-04-14-00-00", "latency": "114"}]}, {"location": {"country_code": "us", "region": "Wisconsin"}, "game_id": "319965", "values": [{"date": "2022-01-05-01-00-00", "latency": "85"}, {"date": "2022-01-05-01-00-00", "latency": "85"}, {"date": "2022-01-05-01-00-00", "latency": "85"}, {"date": "2022-01-05-01-00-00", "latency": "85"}, {"date": "2022-01-05-01-00-00", "latency": "85"}, {"date": "2022-01-05-01-00-00", "latency": "85"}, {"date": "2022-01-05-01-00-00", "latency": "85"}, {"date": "2022-01-05-01-00-00", "latency": "85"}]}, {"location": {"country_code": "br", "region": "State of Rio de Janeiro", "city": "Angra dos Reis"}, "game_id": "319965", "values": [{"date": "2022-01-05-01-00-00", "latency": "173"}, {"date": "2022-01-05-01-00-00", "latency": "173"}, {"date": "2022-01-05-01-00-00", "latency": "173"}, {"date": "2022-01-04-23-00-00", "latency": "142"}, {"date": "2022-01-04-23-00-00", "latency": "142"}, {"date": "2022-01-04-23-00-00", "latency": "142"}, {"date": "2022-01-04-23-00-00", "latency": "142"}, {"date": "2022-01-04-23-00-00", "latency": "142"}, {"date": "2022-01-04-23-00-00", "latency": "142"}, {"date": "2022-01-04-23-00-00", "latency": "142"}, {"date": "2022-01-04-23-00-00", "latency": "142"}, {"date": "2022-01-04-23-00-00", "latency": "142"}, {"date": "2022-01-04-23-00-00", "latency": "142"}, {"date": "2022-01-04-23-00-00", "latency": "142"}, {"date": "2022-01-04-23-00-00", "latency": "142"}, {"date": "2022-01-04-23-00-00", "latency": "142"}, {"date": "2022-01-04-23-00-00", "latency": "142"}, {"date": "2022-01-04-23-00-00", "latency": "142"}, {"date": "2022-01-04-23-00-00", "latency": "142"}, {"date": "2022-01-04-23-00-00", "latency": "142"}, {"date": "2022-01-04-23-00-00", "latency": "142"}, {"date": "2022-01-04-23-00-00", "latency": "142"}, {"date": "2022-01-04-23-00-00", "latency": "142"}, {"date": "2022-01-04-23-00-00", "latency": "142"}, {"date": "2022-01-04-23-00-00", "latency": "142"}, {"date": "2022-01-04-23-00-00", "latency": "142"}, {"date": "2022-01-04-23-00-00", "latency": "142"}, {"date": "2022-01-04-23-00-00", "latency": "142"}, {"date": "2022-01-04-23-00-00", "latency": "142"}]}, {"location": {"country_code": "us", "region": "New Hampshire"}, "game_id": "319965", "values": [{"date": "2022-01-04-09-00-00", "latency": "50"}, {"date": "2022-01-04-09-00-00", "latency": "50"}, {"date": "2022-01-04-09-00-00", "latency": "50"}, {"date": "2022-01-04-09-00-00", "latency": "50"}, {"date": "2022-01-04-09-00-00", "latency": "50"}, {"date": "2022-01-04-09-00-00", "latency": "50"}, {"date": "2022-01-04-09-00-00", "latency": "50"}, {"date": "2022-01-04-09-00-00", "latency": "50"}, {"date": "2022-01-04-09-00-00", "latency": "50"}, {"date": "2022-01-04-09-00-00", "latency": "50"}, {"date": "2022-01-04-09-00-00", "latency": "50"}, {"date": "2022-01-04-09-00-00", "latency": "50"}, {"date": "2022-01-04-09-00-00", "latency": "50"}, {"date": "2022-01-04-09-00-00", "latency": "50"}, {"date": "2022-01-04-09-00-00", "latency": "50"}, {"date": "2022-01-04-09-00-00", "latency": "50"}, {"date": "2022-01-04-09-00-00", "latency": "50"}, {"date": "2022-01-04-09-00-00", "latency": "50"}, {"date": "2022-01-04-09-00-00", "latency": "50"}, {"date": "2022-01-04-09-00-00", "latency": "50"}, {"date": "2022-01-04-09-00-00", "latency": "50"}, {"date": "2022-01-04-09-00-00", "latency": "50"}, {"date": "2022-01-04-09-00-00", "latency": "50"}, {"date": "2022-01-04-09-00-00", "latency": "50"}, {"date": "2022-01-04-09-00-00", "latency": "50"}, {"date": "2022-01-04-09-00-00", "latency": "50"}]}, {"location": {"country_code": "es", "region": "Andalusia", "city": "Almeria"}, "game_id": "319965", "values": [{"date": "2022-01-04-19-00-00", "latency": "61"}, {"date": "2022-01-04-19-00-00", "latency": "61"}, {"date": "2022-01-04-19-00-00", "latency": "61"}, {"date": "2022-01-04-19-00-00", "latency": "61"}, {"date": "2022-01-04-19-00-00", "latency": "61"}, {"date": "2022-01-04-19-00-00", "latency": "61"}, {"date": "2022-01-04-19-00-00", "latency": "61"}, {"date": "2022-01-04-19-00-00", "latency": "61"}, {"date": "2022-01-04-19-00-00", "latency": "61"}, {"date": "2022-01-04-19-00-00", "latency": "61"}]}, {"location": {"country_code": "uy"}, "game_id": "319965", "values": [{"date": "2022-01-04-02-00-00", "latency": "194"}, {"date": "2022-01-04-02-00-00", "latency": "194"}, {"date": "2022-01-04-02-00-00", "latency": "194"}, {"date": "2022-01-04-02-00-00", "latency": "194"}, {"date": "2022-01-04-02-00-00", "latency": "194"}]}, {"location": {"country_code": "fr", "region": "Ile-de-France Region", "city": "Paris"}, "game_id": "319965", "values": [{"date": "2022-01-04-23-00-00", "latency": "50"}, {"date": "2022-01-04-23-00-00", "latency": "50"}, {"date": "2022-01-04-23-00-00", "latency": "50"}, {"date": "2022-01-04-23-00-00", "latency": "50"}, {"date": "2022-01-04-23-00-00", "latency": "50"}, {"date": "2022-01-04-23-00-00", "latency": "50"}, {"date": "2022-01-04-23-00-00", "latency": "50"}, {"date": "2022-01-04-23-00-00", "latency": "50"}, {"date": "2022-01-04-23-00-00", "latency": "50"}, {"date": "2022-01-04-23-00-00", "latency": "50"}, {"date": "2022-01-04-23-00-00", "latency": "50"}, {"date": "2022-01-04-23-00-00", "latency": "50"}, {"date": "2022-01-04-23-00-00", "latency": "50"}, {"date": "2022-01-04-23-00-00", "latency": "50"}, {"date": "2022-01-04-23-00-00", "latency": "50"}, {"date": "2022-01-04-23-00-00", "latency": "50"}]}, {"location": {"country_code": "ca", "region": "Quebec", "city": "Montreal"}, "game_id": "319965", "values": [{"date": "2022-01-04-22-00-00", "latency": "50"}, {"date": "2022-01-04-22-00-00", "latency": "50"}, {"date": "2022-01-04-22-00-00", "latency": "50"}, {"date": "2022-01-04-22-00-00", "latency": "50"}, {"date": "2022-01-04-22-00-00", "latency": "50"}, {"date": "2022-01-04-22-00-00", "latency": "50"}, {"date": "2022-01-04-22-00-00", "latency": "50"}, {"date": "2022-01-04-22-00-00", "latency": "50"}, {"date": "2022-01-04-22-00-00", "latency": "50"}, {"date": "2022-01-04-22-00-00", "latency": "50"}, {"date": "2022-01-04-22-00-00", "latency": "50"}, {"date": "2022-01-04-22-00-00", "latency": "50"}]}, {"location": {"country_code": "us", "region": "Maryland"}, "game_id": "319965", "values": [{"date": "2022-01-05-00-00-00", "latency": "73"}, {"date": "2022-01-05-00-00-00", "latency": "73"}, {"date": "2022-01-05-00-00-00", "latency": "73"}, {"date": "2022-01-05-00-00-00", "latency": "73"}, {"date": "2022-01-05-00-00-00", "latency": "73"}, {"date": "2022-01-05-00-00-00", "latency": "73"}, {"date": "2022-01-05-00-00-00", "latency": "73"}]}, {"location": {"country_code": "us", "region": "Florida", "city": "Orlando"}, "game_id": "319965", "values": [{"date": "2022-01-04-09-00-00", "latency": "115"}, {"date": "2022-01-04-09-00-00", "latency": "115"}, {"date": "2022-01-04-09-00-00", "latency": "115"}, {"date": "2022-01-04-09-00-00", "latency": "115"}, {"date": "2022-01-04-09-00-00", "latency": "115"}, {"date": "2022-01-04-09-00-00", "latency": "115"}]}, {"location": {"country_code": "mx", "region": "Jalisco"}, "game_id": "319965", "values": [{"date": "2022-01-04-06-00-00", "latency": "50"}, {"date": "2022-01-04-06-00-00", "latency": "50"}]}, {"location": {"country_code": "pt", "region": "Lisbon District", "city": "Amadora"}, "game_id": "319965", "values": [{"date": "2022-01-05-01-00-00", "latency": "50"}, {"date": "2022-01-05-01-00-00", "latency": "50"}, {"date": "2022-01-05-01-00-00", "latency": "50"}, {"date": "2022-01-05-01-00-00", "latency": "50"}, {"date": "2022-01-05-01-00-00", "latency": "50"}]}, {"location": {"country_code": "ca", "region": "Manitoba", "city": "Winnipeg"}, "game_id": "319965", "values": [{"date": "2022-01-05-01-00-00", "latency": "50"}, {"date": "2022-01-05-01-00-00", "latency": "50"}]}, {"location": {"country_code": "us", "region": "Texas", "city": "Irving"}, "game_id": "319965", "values": [{"date": "2022-01-04-04-00-00", "latency": "50"}]}, {"location": {"country_code": "de", "region": "Lower Saxony"}, "game_id": "319965", "values": [{"date": "2022-01-04-21-00-00", "latency": "51"}]}, {"location": {"country_code": "us", "region": "Arkansas"}, "game_id": "319965", "values": [{"date": "2022-01-04-11-00-00", "latency": "54"}, {"date": "2022-01-04-11-00-00", "latency": "54"}, {"date": "2022-01-04-11-00-00", "latency": "54"}, {"date": "2022-01-04-11-00-00", "latency": "54"}, {"date": "2022-01-04-11-00-00", "latency": "54"}, {"date": "2022-01-04-11-00-00", "latency": "54"}, {"date": "2022-01-04-11-00-00", "latency": "54"}, {"date": "2022-01-04-11-00-00", "latency": "54"}, {"date": "2022-01-04-11-00-00", "latency": "54"}, {"date": "2022-01-04-11-00-00", "latency": "54"}, {"date": "2022-01-04-11-00-00", "latency": "54"}, {"date": "2022-01-04-11-00-00", "latency": "54"}, {"date": "2022-01-04-11-00-00", "latency": "54"}, {"date": "2022-01-04-11-00-00", "latency": "54"}, {"date": "2022-01-04-11-00-00", "latency": "54"}, {"date": "2022-01-04-11-00-00", "latency": "54"}, {"date": "2022-01-04-11-00-00", "latency": "54"}, {"date": "2022-01-04-11-00-00", "latency": "54"}, {"date": "2022-01-04-11-00-00", "latency": "54"}, {"date": "2022-01-04-11-00-00", "latency": "54"}, {"date": "2022-01-04-11-00-00", "latency": "54"}, {"date": "2022-01-04-11-00-00", "latency": "54"}, {"date": "2022-01-04-11-00-00", "latency": "54"}, {"date": "2022-01-04-11-00-00", "latency": "54"}]}, {"location": {"country_code": "es", "region": "Valencia", "city": "Gandia"}, "game_id": "319965", "values": [{"date": "2022-01-04-22-00-00", "latency": "50"}, {"date": "2022-01-04-22-00-00", "latency": "50"}, {"date": "2022-01-04-22-00-00", "latency": "50"}, {"date": "2022-01-04-22-00-00", "latency": "50"}, {"date": "2022-01-04-22-00-00", "latency": "50"}]}, {"location": {"country_code": "us", "region": "California", "city": "Victorville"}, "game_id": "319965", "values": [{"date": "2022-01-04-08-00-00", "latency": "52"}, {"date": "2022-01-04-08-00-00", "latency": "52"}, {"date": "2022-01-04-08-00-00", "latency": "52"}]}, {"location": {"country_code": "us", "region": "Wisconsin", "city": "Oshkosh"}, "game_id": "319965", "values": [{"date": "2022-01-05-01-00-00", "latency": "65"}, {"date": "2022-01-05-01-00-00", "latency": "65"}, {"date": "2022-01-05-01-00-00", "latency": "65"}]}, {"location": {"country_code": "es", "region": "Andalusia", "city": "Jerez"}, "game_id": "319965", "values": [{"date": "2022-01-04-02-00-00", "latency": "60"}, {"date": "2022-01-04-02-00-00", "latency": "60"}, {"date": "2022-01-04-02-00-00", "latency": "60"}, {"date": "2022-01-04-02-00-00", "latency": "60"}, {"date": "2022-01-04-02-00-00", "latency": "60"}, {"date": "2022-01-04-02-00-00", "latency": "60"}]}, {"location": {"country_code": "us", "region": "Alabama", "city": "Auburn"}, "game_id": "319965", "values": [{"date": "2022-01-04-04-00-00", "latency": "4"}]}, {"location": {"country_code": "ca", "region": "Quebec", "city": "Saguenay"}, "game_id": "319965", "values": [{"date": "2022-01-04-06-00-00", "latency": "52"}, {"date": "2022-01-04-06-00-00", "latency": "52"}, {"date": "2022-01-04-06-00-00", "latency": "52"}, {"date": "2022-01-04-06-00-00", "latency": "52"}, {"date": "2022-01-04-06-00-00", "latency": "52"}, {"date": "2022-01-04-06-00-00", "latency": "52"}, {"date": "2022-01-04-06-00-00", "latency": "52"}, {"date": "2022-01-04-06-00-00", "latency": "52"}, {"date": "2022-01-04-06-00-00", "latency": "52"}, {"date": "2022-01-04-06-00-00", "latency": "52"}, {"date": "2022-01-04-06-00-00", "latency": "52"}]}, {"location": {"country_code": "de", "region": "Schleswig-Holstein", "city": "Kiel"}, "game_id": "319965", "values": [{"date": "2022-01-04-23-00-00", "latency": "50"}, {"date": "2022-01-04-23-00-00", "latency": "50"}, {"date": "2022-01-04-23-00-00", "latency": "50"}]}, {"location": {"country_code": "us", "region": "California", "city": "Anaheim"}, "game_id": "319965", "values": [{"date": "2022-01-04-22-00-00", "latency": "50"}, {"date": "2022-01-04-22-00-00", "latency": "50"}, {"date": "2022-01-04-22-00-00", "latency": "50"}, {"date": "2022-01-04-22-00-00", "latency": "50"}, {"date": "2022-01-04-22-00-00", "latency": "50"}, {"date": "2022-01-04-22-00-00", "latency": "50"}, {"date": "2022-01-04-22-00-00", "latency": "50"}]}, {"location": {"country_code": "kr", "region": "Ulsan"}, "game_id": "319965", "values": [{"date": "2022-01-04-10-00-00", "latency": "76"}, {"date": "2022-01-04-10-00-00", "latency": "76"}]}, {"location": {"country_code": "hn", "region": "Francisco Morazan Department", "city": "Tegucigalpa"}, "game_id": "319965", "values": [{"date": "2022-01-04-05-00-00", "latency": "60"}, {"date": "2022-01-04-05-00-00", "latency": "60"}, {"date": "2022-01-04-05-00-00", "latency": "60"}, {"date": "2022-01-04-05-00-00", "latency": "60"}]}], "last_updated": 1719915101.754616}