{"data": [{"location": {"country_code": "tw"}, "game_id": "319965", "values": [{"date": "2022-12-24-16-00-00", "alternatives": ["2", "2", "26"]}, {"date": "2022-12-24-16-00-00", "alternatives": ["2", "2", "26"]}]}, {"location": {"country_code": "mx"}, "game_id": "319965", "values": [{"date": "2022-12-24-02-00-00", "alternatives": ["153", "53", "53"]}, {"date": "2022-12-24-11-00-00", "alternatives": ["9", "205", "205"]}, {"date": "2022-12-24-11-00-00", "alternatives": ["9", "205", "205"]}, {"date": "2022-12-24-03-00-00", "alternatives": ["35", "35", "4"]}]}, {"location": {"country_code": "br", "region": "Sao Paulo", "city": "Apiai"}, "game_id": "319965", "values": [{"date": "2022-12-24-05-00-00", "alternatives": ["4", "4", "1"]}]}, {"location": {"country_code": "ar"}, "game_id": "319965", "values": [{"date": "2022-12-24-04-00-00", "alternatives": ["234", "234", "6"]}]}, {"location": {"country_code": "us", "region": "Pennsylvania", "city": "Pittsburgh"}, "game_id": "319965", "values": [{"date": "2022-12-24-07-00-00", "alternatives": ["95", "95", "951"]}]}, {"location": {"country_code": "gb", "region": "England", "city": "Birmingham"}, "game_id": "319965", "values": [{"date": "2022-12-24-23-00-00", "alternatives": ["80", "30", "30"]}, {"date": "2022-12-24-23-00-00", "alternatives": ["80", "30", "30"]}]}], "last_updated": 1719918470.277572}