{"data": [{"location": {"country_code": "de"}, "game_id": "319965", "values": [{"date": "2024-01-20-18-00-00", "alternatives": [141, 41, 41, 41]}]}, {"location": {"country_code": "ar", "region": "Buenos Aires F.D.", "city": "Bahia Blanca"}, "game_id": "319965", "values": [{"date": "2024-01-20-07-00-00", "alternatives": [0, 1, 1, 1]}, {"date": "2024-01-20-07-00-00", "alternatives": [0, 1, 1, 1]}, {"date": "2024-01-20-07-00-00", "alternatives": [0, 1, 1, 1]}, {"date": "2024-01-20-07-00-00", "alternatives": [0, 1, 1, 1]}, {"date": "2024-01-20-07-00-00", "alternatives": [0, 1, 1, 1]}]}, {"location": {"country_code": "sv"}, "game_id": "319965", "values": [{"date": "2024-01-20-03-00-00", "alternatives": ["42", "142", "142"]}]}], "last_updated": 1719918470.25438}