{"data": [{"location": {"country_code": "us"}, "game_id": "762836", "values": [{"date": "2023-07-18-04-00-00", "alternatives": ["30", "50", "30"]}, {"date": "2023-07-18-08-00-00", "alternatives": ["33", "3", "33"]}, {"date": "2023-07-18-08-00-00", "alternatives": ["33", "3", "33"]}, {"date": "2023-07-18-04-00-00", "alternatives": [12, 12, 12]}, {"date": "2023-07-18-04-00-00", "alternatives": [12, 12, 12]}, {"date": "2023-07-18-04-00-00", "alternatives": [12, 12, 12]}, {"date": "2023-07-18-04-00-00", "alternatives": [12, 12, 12]}, {"date": "2023-07-18-04-00-00", "alternatives": [12, 12, 12]}, {"date": "2023-07-18-04-00-00", "alternatives": [12, 12, 12]}, {"date": "2023-07-18-03-00-00", "alternatives": [34, 34, 34]}, {"date": "2023-07-18-05-00-00", "alternatives": [2, 2, 2]}, {"date": "2023-07-18-05-00-00", "alternatives": [2, 2, 2]}, {"date": "2023-07-18-05-00-00", "alternatives": [2, 2, 2]}, {"date": "2023-07-18-05-00-00", "alternatives": ["58222837", "4", "4"]}, {"date": "2023-07-18-05-00-00", "alternatives": ["58222837", "4", "4"]}]}, {"location": {"country_code": "de", "region": "Berlin", "city": "Berlin"}, "game_id": "762836", "values": [{"date": "2023-07-18-20-00-00", "alternatives": ["46", "46", "40"]}, {"date": "2023-07-18-20-00-00", "alternatives": ["46", "46", "40"]}, {"date": "2023-07-18-20-00-00", "alternatives": ["46", "46", "40"]}, {"date": "2023-07-18-20-00-00", "alternatives": ["46", "46", "40"]}, {"date": "2023-07-18-20-00-00", "alternatives": ["46", "46", "40"]}]}, {"location": {"country_code": "gb"}, "game_id": "762836", "values": [{"date": "2023-07-18-18-00-00", "alternatives": ["26", "26", "2"]}]}, {"location": {"country_code": "it"}, "game_id": "762836", "values": [{"date": "2023-07-18-14-00-00", "alternatives": [25, 20, 25, 25]}, {"date": "2023-07-18-17-00-00", "alternatives": ["3", "3", "39"]}, {"date": "2023-07-18-20-00-00", "alternatives": [47, 47, 47]}, {"date": "2023-07-18-20-00-00", "alternatives": [47, 47, 47]}, {"date": "2023-07-18-17-00-00", "alternatives": [68, 8, 68, 68]}]}, {"location": {"country_code": "jp"}, "game_id": "762836", "values": [{"date": "2023-07-18-16-00-00", "alternatives": [17, 17, 17]}, {"date": "2023-07-18-16-00-00", "alternatives": [17, 17, 17]}]}, {"location": {"country_code": "ca"}, "game_id": "762836", "values": [{"date": "2023-07-18-05-00-00", "alternatives": [28, 2, 28, 28]}, {"date": "2023-07-18-19-00-00", "alternatives": [38, 38, 38]}, {"date": "2023-07-18-07-00-00", "alternatives": ["89", "89", "8"]}, {"date": "2023-07-18-07-00-00", "alternatives": ["89", "89", "8"]}]}, {"location": {"country_code": "de"}, "game_id": "762836", "values": [{"date": "2023-07-18-21-00-00", "alternatives": [28, 28, 28]}, {"date": "2023-07-18-22-00-00", "alternatives": ["78", "18", "18"]}, {"date": "2023-07-18-21-00-00", "alternatives": [53, 3, 53, 53]}, {"date": "2023-07-18-18-00-00", "alternatives": [50, 0, 50, 50]}, {"date": "2023-07-18-18-00-00", "alternatives": [50, 0, 50, 50]}]}, {"location": {"country_code": "us", "region": "Indiana"}, "game_id": "762836", "values": [{"date": "2023-07-18-04-00-00", "alternatives": ["91", "31", "31"]}, {"date": "2023-07-18-04-00-00", "alternatives": ["91", "31", "31"]}, {"date": "2023-07-18-04-00-00", "alternatives": ["91", "31", "31"]}]}, {"location": {"country_code": "us", "region": "Texas"}, "game_id": "762836", "values": [{"date": "2023-07-19-02-00-00", "alternatives": [26, 26, 26]}, {"date": "2023-07-18-09-00-00", "alternatives": ["35", "35", "39"]}]}, {"location": {"country_code": "au", "region": "New South Wales", "city": "Sydney"}, "game_id": "762836", "values": [{"date": "2023-07-18-18-00-00", "alternatives": ["40", "0", "40"]}, {"date": "2023-07-18-18-00-00", "alternatives": ["40", "0", "40"]}]}, {"location": {"country_code": "ph"}, "game_id": "762836", "values": [{"date": "2023-07-18-18-00-00", "alternatives": [24, 24, 24]}, {"date": "2023-07-18-18-00-00", "alternatives": [24, 24, 24]}]}, {"location": {"country_code": "fr"}, "game_id": "762836", "values": [{"date": "2023-07-18-04-00-00", "alternatives": ["108", "108", "10"]}, {"date": "2023-07-18-22-00-00", "alternatives": ["40", "40", "4"]}, {"date": "2023-07-18-22-00-00", "alternatives": ["40", "40", "4"]}, {"date": "2023-07-18-22-00-00", "alternatives": ["40", "40", "4"]}, {"date": "2023-07-18-22-00-00", "alternatives": ["40", "40", "4"]}, {"date": "2023-07-19-01-00-00", "alternatives": ["45", "45", "43"]}, {"date": "2023-07-19-01-00-00", "alternatives": ["45", "45", "43"]}, {"date": "2023-07-19-01-00-00", "alternatives": ["45", "45", "43"]}, {"date": "2023-07-19-01-00-00", "alternatives": ["45", "45", "43"]}, {"date": "2023-07-19-01-00-00", "alternatives": ["45", "45", "43"]}, {"date": "2023-07-19-01-00-00", "alternatives": ["45", "45", "43"]}, {"date": "2023-07-19-01-00-00", "alternatives": ["45", "45", "43"]}, {"date": "2023-07-18-19-00-00", "alternatives": ["21", "21", "1"]}, {"date": "2023-07-18-19-00-00", "alternatives": ["21", "21", "1"]}, {"date": "2023-07-18-18-00-00", "alternatives": ["22", "2", "2"]}, {"date": "2023-07-19-00-00-00", "alternatives": ["29", "29", "28"]}, {"date": "2023-07-19-00-00-00", "alternatives": ["29", "29", "28"]}, {"date": "2023-07-19-00-00-00", "alternatives": ["29", "29", "28"]}, {"date": "2023-07-19-00-00-00", "alternatives": ["29", "29", "28"]}, {"date": "2023-07-18-13-00-00", "alternatives": ["33", "33", "32"]}, {"date": "2023-07-18-13-00-00", "alternatives": ["33", "33", "32"]}, {"date": "2023-07-18-13-00-00", "alternatives": ["33", "33", "32"]}, {"date": "2023-07-18-13-00-00", "alternatives": ["33", "33", "32"]}, {"date": "2023-07-18-13-00-00", "alternatives": ["33", "33", "32"]}, {"date": "2023-07-18-13-00-00", "alternatives": ["33", "33", "32"]}, {"date": "2023-07-18-13-00-00", "alternatives": ["33", "33", "32"]}, {"date": "2023-07-18-13-00-00", "alternatives": ["33", "33", "32"]}, {"date": "2023-07-18-13-00-00", "alternatives": ["33", "33", "32"]}, {"date": "2023-07-18-13-00-00", "alternatives": ["33", "33", "32"]}, {"date": "2023-07-18-13-00-00", "alternatives": ["33", "33", "32"]}, {"date": "2023-07-18-22-00-00", "alternatives": ["29", "29", "28"]}, {"date": "2023-07-18-22-00-00", "alternatives": ["29", "29", "28"]}, {"date": "2023-07-18-22-00-00", "alternatives": ["29", "29", "28"]}]}, {"location": {"country_code": "mx"}, "game_id": "762836", "values": [{"date": "2023-07-18-21-00-00", "alternatives": [0, 100, 100, 100]}, {"date": "2023-07-18-21-00-00", "alternatives": [0, 100, 100, 100]}, {"date": "2023-07-18-21-00-00", "alternatives": [0, 100, 100, 100]}, {"date": "2023-07-18-21-00-00", "alternatives": [0, 100, 100, 100]}, {"date": "2023-07-18-21-00-00", "alternatives": [0, 100, 100, 100]}, {"date": "2023-07-19-00-00-00", "alternatives": [82, 2, 82, 82]}]}, {"location": {"country_code": "cn"}, "game_id": "762836", "values": [{"date": "2023-07-18-04-00-00", "alternatives": ["59", "59", "39"]}, {"date": "2023-07-18-04-00-00", "alternatives": ["59", "59", "39"]}]}, {"location": {"country_code": "us", "region": "Ohio"}, "game_id": "762836", "values": [{"date": "2023-07-18-13-00-00", "alternatives": [82, 82, 82]}]}, {"location": {"country_code": "mx", "region": "Mexico City"}, "game_id": "762836", "values": [{"date": "2023-07-18-06-00-00", "alternatives": [32, 52, 32, 32]}]}, {"location": {"country_code": "us", "region": "California"}, "game_id": "762836", "values": [{"date": "2023-07-19-02-00-00", "alternatives": ["34", "34", "38"]}, {"date": "2023-07-18-07-00-00", "alternatives": ["42", "42", "2"]}]}, {"location": {"country_code": "br"}, "game_id": "762836", "values": [{"date": "2023-07-18-03-00-00", "alternatives": ["131", "13", "131"]}, {"date": "2023-07-18-03-00-00", "alternatives": ["131", "13", "131"]}, {"date": "2023-07-18-03-00-00", "alternatives": ["131", "13", "131"]}, {"date": "2023-07-18-03-00-00", "alternatives": ["131", "13", "131"]}, {"date": "2023-07-18-03-00-00", "alternatives": ["131", "13", "131"]}, {"date": "2023-07-18-03-00-00", "alternatives": ["131", "13", "131"]}]}, {"location": {"country_code": "br", "region": "Sao Paulo", "city": "Apiai"}, "game_id": "762836", "values": [{"date": "2023-07-18-10-00-00", "alternatives": ["35", "35", "3"]}]}, {"location": {"country_code": "se"}, "game_id": "762836", "values": [{"date": "2023-07-18-22-00-00", "alternatives": ["10", "19", "10"]}, {"date": "2023-07-18-22-00-00", "alternatives": ["10", "19", "10"]}, {"date": "2023-07-18-22-00-00", "alternatives": ["10", "19", "10"]}]}, {"location": {"country_code": "au"}, "game_id": "762836", "values": [{"date": "2023-07-18-13-00-00", "alternatives": [22, 22, 22]}, {"date": "2023-07-18-13-00-00", "alternatives": [22, 22, 22]}, {"date": "2023-07-18-13-00-00", "alternatives": [22, 22, 22]}]}, {"location": {"country_code": "us", "region": "Texas", "city": "Austin"}, "game_id": "762836", "values": [{"date": "2023-07-18-03-00-00", "alternatives": [25, 23, 25, 25]}]}, {"location": {"country_code": "dk"}, "game_id": "762836", "values": [{"date": "2023-07-18-23-00-00", "alternatives": ["51", "51", "31"]}, {"date": "2023-07-18-23-00-00", "alternatives": ["51", "51", "31"]}, {"date": "2023-07-18-23-00-00", "alternatives": ["51", "51", "31"]}]}, {"location": {"country_code": "tr"}, "game_id": "762836", "values": [{"date": "2023-07-18-23-00-00", "alternatives": ["29", "29", "23"]}]}, {"location": {"country_code": "ca", "region": "Ontario"}, "game_id": "762836", "values": [{"date": "2023-07-19-02-00-00", "alternatives": [20, 26, 286, 26, 26]}, {"date": "2023-07-19-02-00-00", "alternatives": [20, 26, 286, 26, 26]}, {"date": "2023-07-19-02-00-00", "alternatives": [20, 26, 286, 26, 26]}, {"date": "2023-07-19-02-00-00", "alternatives": [20, 26, 286, 26, 26]}]}, {"location": {"country_code": "es"}, "game_id": "762836", "values": [{"date": "2023-07-18-20-00-00", "alternatives": ["713", "113", "113"]}, {"date": "2023-07-18-20-00-00", "alternatives": ["713", "113", "113"]}, {"date": "2023-07-18-20-00-00", "alternatives": ["713", "113", "113"]}, {"date": "2023-07-18-20-00-00", "alternatives": ["713", "113", "113"]}, {"date": "2023-07-18-20-00-00", "alternatives": ["713", "113", "113"]}, {"date": "2023-07-18-20-00-00", "alternatives": ["713", "113", "113"]}, {"date": "2023-07-18-20-00-00", "alternatives": ["713", "113", "113"]}, {"date": "2023-07-18-20-00-00", "alternatives": ["713", "113", "113"]}, {"date": "2023-07-18-20-00-00", "alternatives": ["713", "113", "113"]}, {"date": "2023-07-18-20-00-00", "alternatives": ["713", "113", "113"]}, {"date": "2023-07-18-20-00-00", "alternatives": ["713", "113", "113"]}, {"date": "2023-07-18-21-00-00", "alternatives": [8, 38, 38, 38]}, {"date": "2023-07-18-21-00-00", "alternatives": [8, 38, 38, 38]}, {"date": "2023-07-18-21-00-00", "alternatives": [8, 38, 38, 38]}, {"date": "2023-07-18-21-00-00", "alternatives": [8, 38, 38, 38]}, {"date": "2023-07-18-21-00-00", "alternatives": [8, 38, 38, 38]}, {"date": "2023-07-18-21-00-00", "alternatives": [8, 38, 38, 38]}]}, {"location": {"country_code": "sa"}, "game_id": "762836", "values": [{"date": "2023-07-18-20-00-00", "alternatives": [14, 14, 14]}]}, {"location": {"country_code": "us", "region": "Hawaii"}, "game_id": "762836", "values": [{"date": "2023-07-18-06-00-00", "alternatives": [73, 73, 73]}, {"date": "2023-07-18-06-00-00", "alternatives": [73, 73, 73]}, {"date": "2023-07-18-06-00-00", "alternatives": [73, 73, 73]}]}, {"location": {"country_code": "de", "region": "Free and Hanseatic City of Hamburg", "city": "Hamburg"}, "game_id": "762836", "values": [{"date": "2023-07-19-02-00-00", "alternatives": ["17", "77", "17"]}, {"date": "2023-07-19-02-00-00", "alternatives": ["17", "77", "17"]}, {"date": "2023-07-19-02-00-00", "alternatives": ["17", "77", "17"]}]}, {"location": {"country_code": "au", "region": "South Australia", "city": "Adelaide"}, "game_id": "762836", "values": [{"date": "2023-07-18-10-00-00", "alternatives": ["61", "61", "51"]}, {"date": "2023-07-18-10-00-00", "alternatives": ["61", "61", "51"]}, {"date": "2023-07-18-10-00-00", "alternatives": ["61", "61", "51"]}, {"date": "2023-07-18-10-00-00", "alternatives": ["61", "61", "51"]}, {"date": "2023-07-18-10-00-00", "alternatives": ["61", "61", "51"]}, {"date": "2023-07-18-10-00-00", "alternatives": ["23", "29", "23"]}]}, {"location": {"country_code": "at", "region": "Vienna"}, "game_id": "762836", "values": [{"date": "2023-07-18-19-00-00", "alternatives": ["41", "41", "4"]}]}, {"location": {"country_code": "de", "region": "Bavaria"}, "game_id": "762836", "values": [{"date": "2023-07-18-20-00-00", "alternatives": [51, 31, 51, 51]}]}, {"location": {"country_code": "co"}, "game_id": "762836", "values": [{"date": "2023-07-18-06-00-00", "alternatives": [38, 88, 88, 88]}, {"date": "2023-07-18-04-00-00", "alternatives": [100, 100, 100, 100]}]}, {"location": {"country_code": "us", "region": "Utah"}, "game_id": "762836", "values": [{"date": "2023-07-19-00-00-00", "alternatives": ["18", "16", "18"]}]}, {"location": {"country_code": "es", "region": "Catalonia", "city": "l'Hospitalet de Llobregat"}, "game_id": "762836", "values": [{"date": "2023-07-18-19-00-00", "alternatives": ["36", "38", "36"]}, {"date": "2023-07-18-19-00-00", "alternatives": ["36", "38", "36"]}, {"date": "2023-07-18-19-00-00", "alternatives": ["36", "38", "36"]}, {"date": "2023-07-18-19-00-00", "alternatives": ["36", "38", "36"]}, {"date": "2023-07-18-19-00-00", "alternatives": ["36", "38", "36"]}]}, {"location": {"country_code": "cr"}, "game_id": "762836", "values": [{"date": "2023-07-18-09-00-00", "alternatives": ["83", "83", "3"]}, {"date": "2023-07-18-09-00-00", "alternatives": ["83", "83", "3"]}, {"date": "2023-07-18-09-00-00", "alternatives": ["83", "83", "3"]}, {"date": "2023-07-18-09-00-00", "alternatives": ["83", "83", "3"]}, {"date": "2023-07-18-09-00-00", "alternatives": ["83", "83", "3"]}, {"date": "2023-07-18-09-00-00", "alternatives": ["83", "83", "3"]}]}, {"location": {"country_code": "gb", "region": "England", "city": "London"}, "game_id": "762836", "values": [{"date": "2023-07-18-16-00-00", "alternatives": [38, 38, 38]}, {"date": "2023-07-18-16-00-00", "alternatives": [38, 38, 38]}, {"date": "2023-07-18-16-00-00", "alternatives": [38, 38, 38]}, {"date": "2023-07-18-16-00-00", "alternatives": [38, 38, 38]}, {"date": "2023-07-18-16-00-00", "alternatives": [38, 38, 38]}, {"date": "2023-07-18-16-00-00", "alternatives": [38, 38, 38]}, {"date": "2023-07-18-16-00-00", "alternatives": [38, 38, 38]}, {"date": "2023-07-18-04-00-00", "alternatives": [90, 190, 190, 190]}]}, {"location": {"country_code": "ie"}, "game_id": "762836", "values": [{"date": "2023-07-18-03-00-00", "alternatives": ["01", "01", "41"]}, {"date": "2023-07-18-03-00-00", "alternatives": ["01", "01", "41"]}]}, {"location": {"country_code": "ua"}, "game_id": "762836", "values": [{"date": "2023-07-18-21-00-00", "alternatives": [51, 5, 51, 51]}, {"date": "2023-07-18-21-00-00", "alternatives": [51, 5, 51, 51]}]}, {"location": {"country_code": "us", "region": "District of Columbia", "city": "Washington"}, "game_id": "762836", "values": [{"date": "2023-07-18-06-00-00", "alternatives": ["46", "46", "48"]}, {"date": "2023-07-18-06-00-00", "alternatives": ["46", "46", "48"]}, {"date": "2023-07-18-06-00-00", "alternatives": ["46", "46", "48"]}, {"date": "2023-07-18-06-00-00", "alternatives": ["46", "46", "48"]}]}, {"location": {"country_code": "my"}, "game_id": "762836", "values": [{"date": "2023-07-18-16-00-00", "alternatives": ["14", "1", "1"]}, {"date": "2023-07-18-16-00-00", "alternatives": ["14", "1", "1"]}]}, {"location": {"country_code": "id"}, "game_id": "762836", "values": [{"date": "2023-07-18-15-00-00", "alternatives": [8, 28, 28, 28]}, {"date": "2023-07-18-15-00-00", "alternatives": [8, 28, 28, 28]}]}, {"location": {"country_code": "us", "region": "Illinois"}, "game_id": "762836", "values": [{"date": "2023-07-19-01-00-00", "alternatives": [31, 31, 31]}, {"date": "2023-07-19-01-00-00", "alternatives": [31, 31, 31]}, {"date": "2023-07-19-01-00-00", "alternatives": [31, 31, 31]}, {"date": "2023-07-19-01-00-00", "alternatives": [31, 31, 31]}]}, {"location": {"country_code": "mx", "region": "Nuevo Leon", "city": "Monterrey"}, "game_id": "762836", "values": [{"date": "2023-07-18-08-00-00", "alternatives": [100, 100, 100]}]}, {"location": {"country_code": "br", "region": "State of Rio de Janeiro", "city": "Angra dos Reis"}, "game_id": "762836", "values": [{"date": "2023-07-19-01-00-00", "alternatives": ["62", "62", "82"]}]}, {"location": {"country_code": "us", "region": "Minnesota"}, "game_id": "762836", "values": [{"date": "2023-07-18-22-00-00", "alternatives": ["22", "2", "22"]}, {"date": "2023-07-18-22-00-00", "alternatives": ["22", "2", "22"]}, {"date": "2023-07-18-22-00-00", "alternatives": ["22", "2", "22"]}, {"date": "2023-07-18-22-00-00", "alternatives": ["22", "2", "22"]}, {"date": "2023-07-18-22-00-00", "alternatives": ["22", "2", "22"]}, {"date": "2023-07-18-22-00-00", "alternatives": ["22", "2", "22"]}, {"date": "2023-07-18-22-00-00", "alternatives": ["22", "2", "22"]}, {"date": "2023-07-18-22-00-00", "alternatives": ["22", "2", "22"]}]}, {"location": {"country_code": "us", "region": "Oklahoma", "city": "Tulsa"}, "game_id": "762836", "values": [{"date": "2023-07-19-02-00-00", "alternatives": [75, 73, 75, 75]}]}, {"location": {"country_code": "us", "region": "Nebraska"}, "game_id": "762836", "values": [{"date": "2023-07-18-03-00-00", "alternatives": ["2", "29", "29"]}]}, {"location": {"country_code": "fr", "region": "Ile-de-France Region", "city": "Paris"}, "game_id": "762836", "values": [{"date": "2023-07-18-19-00-00", "alternatives": ["20", "2", "20"]}]}, {"location": {"country_code": "us", "region": "Florida", "city": "Orlando"}, "game_id": "762836", "values": [{"date": "2023-07-18-04-00-00", "alternatives": ["49", "49", "4"]}, {"date": "2023-07-18-04-00-00", "alternatives": ["49", "49", "4"]}]}, {"location": {"country_code": "us", "region": "Connecticut"}, "game_id": "762836", "values": [{"date": "2023-07-19-02-00-00", "alternatives": [53223, 30, 30, 30]}]}, {"location": {"country_code": "br", "region": "Parana", "city": "Foz do Iguacu"}, "game_id": "762836", "values": [{"date": "2023-07-18-19-00-00", "alternatives": ["21", "21", "27"]}]}, {"location": {"country_code": "de", "region": "North Rhine-Westphalia"}, "game_id": "762836", "values": [{"date": "2023-07-18-23-00-00", "alternatives": ["31", "31", "3"]}, {"date": "2023-07-18-23-00-00", "alternatives": ["31", "31", "3"]}, {"date": "2023-07-18-23-00-00", "alternatives": ["31", "31", "3"]}, {"date": "2023-07-18-23-00-00", "alternatives": ["31", "31", "3"]}, {"date": "2023-07-18-23-00-00", "alternatives": ["31", "31", "3"]}, {"date": "2023-07-18-23-00-00", "alternatives": ["31", "31", "3"]}, {"date": "2023-07-18-23-00-00", "alternatives": ["31", "31", "3"]}, {"date": "2023-07-18-17-00-00", "alternatives": [20, 20, 20]}, {"date": "2023-07-18-17-00-00", "alternatives": [20, 20, 20]}]}, {"location": {"country_code": "es", "region": "Murcia", "city": "Lorca"}, "game_id": "762836", "values": [{"date": "2023-07-18-02-00-00", "alternatives": ["57", "57", "7"]}, {"date": "2023-07-18-02-00-00", "alternatives": ["57", "57", "7"]}, {"date": "2023-07-18-02-00-00", "alternatives": ["57", "57", "7"]}]}, {"location": {"country_code": "es", "region": "Andalusia"}, "game_id": "762836", "values": [{"date": "2023-07-18-22-00-00", "alternatives": ["36", "36", "56"]}, {"date": "2023-07-18-22-00-00", "alternatives": ["36", "36", "56"]}, {"date": "2023-07-18-22-00-00", "alternatives": ["36", "36", "56"]}, {"date": "2023-07-18-22-00-00", "alternatives": ["36", "36", "56"]}, {"date": "2023-07-18-22-00-00", "alternatives": ["36", "36", "56"]}, {"date": "2023-07-18-22-00-00", "alternatives": ["36", "36", "56"]}]}, {"location": {"country_code": "it", "region": "Veneto"}, "game_id": "762836", "values": [{"date": "2023-07-18-22-00-00", "alternatives": ["49", "49", "4"]}, {"date": "2023-07-18-22-00-00", "alternatives": ["49", "49", "4"]}, {"date": "2023-07-18-22-00-00", "alternatives": ["49", "49", "4"]}, {"date": "2023-07-18-22-00-00", "alternatives": ["49", "49", "4"]}]}, {"location": {"country_code": "fr", "region": "Alsazia-Champagne-Ardenne-Lorena", "city": "Strasbourg"}, "game_id": "762836", "values": [{"date": "2023-07-18-20-00-00", "alternatives": [20, 2, 20, 20]}, {"date": "2023-07-18-20-00-00", "alternatives": [20, 2, 20, 20]}, {"date": "2023-07-18-20-00-00", "alternatives": [20, 2, 20, 20]}]}, {"location": {"country_code": "de", "region": "Saxony-Anhalt", "city": "Magdeburg"}, "game_id": "762836", "values": [{"date": "2023-07-18-13-00-00", "alternatives": [29, 20, 29, 29]}, {"date": "2023-07-18-13-00-00", "alternatives": [29, 20, 29, 29]}, {"date": "2023-07-18-13-00-00", "alternatives": [29, 20, 29, 29]}, {"date": "2023-07-18-13-00-00", "alternatives": [29, 20, 29, 29]}]}, {"location": {"country_code": "ch", "region": "Canton of Geneva", "city": "Geneva"}, "game_id": "762836", "values": [{"date": "2023-07-18-16-00-00", "alternatives": ["71", "11", "11"]}, {"date": "2023-07-18-16-00-00", "alternatives": ["71", "11", "11"]}, {"date": "2023-07-18-16-00-00", "alternatives": ["71", "11", "11"]}]}, {"location": {"country_code": "be", "region": "Brussels Capital", "city": "Brussels"}, "game_id": "762836", "values": [{"date": "2023-07-18-05-00-00", "alternatives": ["15", "15", "13"]}]}, {"location": {"country_code": "es", "region": "Andalusia", "city": "La Linea de la Concepcion"}, "game_id": "762836", "values": [{"date": "2023-07-18-21-00-00", "alternatives": ["39", "38", "39"]}, {"date": "2023-07-18-21-00-00", "alternatives": ["39", "38", "39"]}, {"date": "2023-07-18-21-00-00", "alternatives": ["39", "38", "39"]}]}, {"location": {"country_code": "lk"}, "game_id": "762836", "values": [{"date": "2023-07-18-21-00-00", "alternatives": [47, 47, 47]}, {"date": "2023-07-18-21-00-00", "alternatives": [47, 47, 47]}]}, {"location": {"country_code": "mx", "region": "Zacatecas"}, "game_id": "762836", "values": [{"date": "2023-07-18-10-00-00", "alternatives": ["65", "65", "63"]}, {"date": "2023-07-18-10-00-00", "alternatives": ["65", "65", "63"]}, {"date": "2023-07-18-10-00-00", "alternatives": ["65", "65", "63"]}, {"date": "2023-07-18-10-00-00", "alternatives": ["65", "65", "63"]}]}, {"location": {"country_code": "br", "region": "State of Rio de Janeiro", "city": "New Fribourg"}, "game_id": "762836", "values": [{"date": "2023-07-18-04-00-00", "alternatives": ["53", "53", "33"]}, {"date": "2023-07-18-04-00-00", "alternatives": ["53", "53", "33"]}, {"date": "2023-07-18-04-00-00", "alternatives": ["53", "53", "33"]}]}, {"location": {"country_code": "jp", "region": "Kanagawa", "city": "Yokohama"}, "game_id": "762836", "values": [{"date": "2023-07-18-22-00-00", "alternatives": [30, 30, 30]}, {"date": "2023-07-18-22-00-00", "alternatives": [30, 30, 30]}, {"date": "2023-07-18-22-00-00", "alternatives": [30, 30, 30]}]}, {"location": {"country_code": "es", "region": "Andalusia", "city": "Ayamonte"}, "game_id": "762836", "values": [{"date": "2023-07-19-02-00-00", "alternatives": ["61", "8", "8"]}, {"date": "2023-07-19-02-00-00", "alternatives": ["61", "8", "8"]}, {"date": "2023-07-19-02-00-00", "alternatives": ["61", "8", "8"]}, {"date": "2023-07-19-02-00-00", "alternatives": ["61", "8", "8"]}, {"date": "2023-07-19-02-00-00", "alternatives": ["61", "8", "8"]}, {"date": "2023-07-19-02-00-00", "alternatives": ["61", "8", "8"]}, {"date": "2023-07-19-02-00-00", "alternatives": ["61", "8", "8"]}]}, {"location": {"country_code": "us", "region": "Louisiana", "city": "Lafayette"}, "game_id": "762836", "values": [{"date": "2023-07-18-18-00-00", "alternatives": ["58", "6", "58"]}, {"date": "2023-07-18-18-00-00", "alternatives": ["58", "6", "58"]}]}, {"location": {"country_code": "br", "region": "Sao Paulo", "city": "Tatui"}, "game_id": "762836", "values": [{"date": "2023-07-19-01-00-00", "alternatives": [50, 58, 58, 58]}, {"date": "2023-07-19-01-00-00", "alternatives": [50, 58, 58, 58]}, {"date": "2023-07-19-01-00-00", "alternatives": [50, 58, 58, 58]}, {"date": "2023-07-19-01-00-00", "alternatives": [50, 58, 58, 58]}, {"date": "2023-07-19-01-00-00", "alternatives": [50, 58, 58, 58]}, {"date": "2023-07-19-01-00-00", "alternatives": [50, 58, 58, 58]}, {"date": "2023-07-19-01-00-00", "alternatives": [50, 58, 58, 58]}, {"date": "2023-07-19-01-00-00", "alternatives": [50, 58, 58, 58]}, {"date": "2023-07-19-01-00-00", "alternatives": [50, 58, 58, 58]}, {"date": "2023-07-19-01-00-00", "alternatives": [50, 58, 58, 58]}, {"date": "2023-07-19-01-00-00", "alternatives": [50, 58, 58, 58]}, {"date": "2023-07-19-01-00-00", "alternatives": [50, 58, 58, 58]}]}, {"location": {"country_code": "mx", "region": "Morelos", "city": "Cuernavaca"}, "game_id": "762836", "values": [{"date": "2023-07-18-11-00-00", "alternatives": ["59", "9", "9"]}, {"date": "2023-07-18-11-00-00", "alternatives": ["59", "9", "9"]}, {"date": "2023-07-18-11-00-00", "alternatives": ["59", "9", "9"]}]}, {"location": {"country_code": "lr", "region": "Margibi", "city": "Charlesville"}, "game_id": "762836", "values": [{"date": "2023-07-18-08-00-00", "alternatives": [6, 6, 6]}, {"date": "2023-07-18-08-00-00", "alternatives": [6, 6, 6]}]}, {"location": {"country_code": "cl", "region": "Santiago Metropolitan", "city": "Macul"}, "game_id": "762836", "values": [{"date": "2023-07-18-07-00-00", "alternatives": [59, 39, 59, 59]}, {"date": "2023-07-18-07-00-00", "alternatives": [59, 39, 59, 59]}, {"date": "2023-07-18-07-00-00", "alternatives": [59, 39, 59, 59]}, {"date": "2023-07-18-07-00-00", "alternatives": [59, 39, 59, 59]}]}], "last_updated": 1719918536.049587}