{"data": [{"location": {"country_code": "kr", "region": "Gyeonggi-do", "city": "Goyang"}, "game_id": "314852", "values": [{"date": "2023-11-10-10-00-00", "alternatives": ["1962", "194", "194"]}, {"date": "2023-11-10-10-00-00", "alternatives": ["1962", "194", "194"]}, {"date": "2023-11-10-10-00-00", "alternatives": ["1962", "194", "194"]}, {"date": "2023-11-10-10-00-00", "alternatives": ["1962", "194", "194"]}, {"date": "2023-11-10-10-00-00", "alternatives": ["1962", "194", "194"]}, {"date": "2023-11-10-10-00-00", "alternatives": ["1962", "194", "194"]}]}, {"location": {"country_code": "us"}, "game_id": "314852", "values": [{"date": "2023-11-10-02-00-00", "alternatives": [32, 132, 3, 32, 32, 1132]}, {"date": "2023-11-10-02-00-00", "alternatives": [32, 132, 3, 32, 32, 1132]}, {"date": "2023-11-10-07-00-00", "alternatives": ["64", "64", "4"]}, {"date": "2023-11-10-06-00-00", "alternatives": [60, 6, 605, 60, 60]}, {"date": "2023-11-10-06-00-00", "alternatives": [60, 6, 605, 60, 60]}, {"date": "2023-11-10-06-00-00", "alternatives": [60, 6, 605, 60, 60]}, {"date": "2023-11-10-06-00-00", "alternatives": [60, 6, 605, 60, 60]}, {"date": "2023-11-10-06-00-00", "alternatives": [60, 6, 605, 60, 60]}, {"date": "2023-11-10-06-00-00", "alternatives": [60, 6, 605, 60, 60]}, {"date": "2023-11-10-06-00-00", "alternatives": [60, 6, 605, 60, 60]}, {"date": "2023-11-10-06-00-00", "alternatives": [60, 6, 605, 60, 60]}]}, {"location": {"country_code": "it"}, "game_id": "314852", "values": [{"date": "2023-11-10-08-00-00", "alternatives": ["73", "73", "12"]}]}, {"location": {"country_code": "jp"}, "game_id": "314852", "values": [{"date": "2023-11-10-06-00-00", "alternatives": ["1", "44", "44"]}, {"date": "2023-11-10-07-00-00", "alternatives": ["18", "18", "15"]}, {"date": "2023-11-10-07-00-00", "alternatives": ["18", "18", "15"]}, {"date": "2023-11-10-14-00-00", "alternatives": [17, 7, 17, 17]}, {"date": "2023-11-10-14-00-00", "alternatives": [17, 7, 17, 17]}, {"date": "2023-11-10-14-00-00", "alternatives": [17, 7, 17, 17]}, {"date": "2023-11-10-14-00-00", "alternatives": [17, 7, 17, 17]}, {"date": "2023-11-10-16-00-00", "alternatives": [15, 15, 15, 15]}, {"date": "2023-11-10-06-00-00", "alternatives": ["8", "8", "18"]}, {"date": "2023-11-10-06-00-00", "alternatives": ["8", "8", "18"]}, {"date": "2023-11-10-06-00-00", "alternatives": ["8", "8", "18"]}, {"date": "2023-11-10-06-00-00", "alternatives": ["8", "8", "18"]}]}, {"location": {"country_code": "ca"}, "game_id": "314852", "values": [{"date": "2023-11-10-05-00-00", "alternatives": ["63", "63", "4"]}, {"date": "2023-11-10-05-00-00", "alternatives": ["63", "63", "4"]}, {"date": "2023-11-10-05-00-00", "alternatives": ["63", "63", "4"]}]}, {"location": {"country_code": "de"}, "game_id": "314852", "values": [{"date": "2023-11-10-16-00-00", "alternatives": [1, 25, 3, 25, 25]}, {"date": "2023-11-10-16-00-00", "alternatives": [1, 25, 3, 25, 25]}, {"date": "2023-11-10-16-00-00", "alternatives": [1, 25, 3, 25, 25]}]}, {"location": {"country_code": "us", "region": "Texas"}, "game_id": "314852", "values": [{"date": "2023-11-10-06-00-00", "alternatives": [8, 84, 1, 84, 84]}, {"date": "2023-11-10-06-00-00", "alternatives": [8, 84, 1, 84, 84]}, {"date": "2023-11-10-06-00-00", "alternatives": [8, 84, 1, 84, 84]}, {"date": "2023-11-10-06-00-00", "alternatives": [8, 84, 1, 84, 84]}, {"date": "2023-11-10-06-00-00", "alternatives": [8, 84, 1, 84, 84]}, {"date": "2023-11-10-06-00-00", "alternatives": [8, 84, 1, 84, 84]}]}, {"location": {"country_code": "ph"}, "game_id": "314852", "values": [{"date": "2023-11-10-16-00-00", "alternatives": [284, 5, 284, 284]}, {"date": "2023-11-10-16-00-00", "alternatives": [284, 5, 284, 284]}, {"date": "2023-11-10-16-00-00", "alternatives": [284, 5, 284, 284]}, {"date": "2023-11-10-16-00-00", "alternatives": [284, 5, 284, 284]}, {"date": "2023-11-10-16-00-00", "alternatives": [284, 5, 284, 284]}, {"date": "2023-11-10-16-00-00", "alternatives": [284, 5, 284, 284]}, {"date": "2023-11-10-16-00-00", "alternatives": [284, 5, 284, 284]}, {"date": "2023-11-10-16-00-00", "alternatives": [284, 5, 284, 284]}, {"date": "2023-11-10-16-00-00", "alternatives": [284, 5, 284, 284]}, {"date": "2023-11-10-16-00-00", "alternatives": [284, 5, 284, 284]}, {"date": "2023-11-10-05-00-00", "alternatives": ["387", "387", "9"]}]}, {"location": {"country_code": "fr"}, "game_id": "314852", "values": [{"date": "2023-11-10-16-00-00", "alternatives": ["1", "35", "35"]}]}, {"location": {"country_code": "mx"}, "game_id": "314852", "values": [{"date": "2023-11-10-06-00-00", "alternatives": [85, 185, 1185, 85, 85]}, {"date": "2023-11-10-06-00-00", "alternatives": [85, 185, 1185, 85, 85]}, {"date": "2023-11-10-06-00-00", "alternatives": [85, 185, 1185, 85, 85]}, {"date": "2023-11-10-07-00-00", "alternatives": [199, 99, 9, 99, 99]}, {"date": "2023-11-10-07-00-00", "alternatives": [199, 99, 9, 99, 99]}, {"date": "2023-11-10-07-00-00", "alternatives": [199, 99, 9, 99, 99]}, {"date": "2023-11-10-07-00-00", "alternatives": [199, 99, 9, 99, 99]}, {"date": "2023-11-10-07-00-00", "alternatives": [199, 99, 9, 99, 99]}, {"date": "2023-11-10-07-00-00", "alternatives": [199, 99, 9, 99, 99]}, {"date": "2023-11-10-07-00-00", "alternatives": [199, 99, 9, 99, 99]}, {"date": "2023-11-10-07-00-00", "alternatives": [199, 99, 9, 99, 99]}, {"date": "2023-11-10-07-00-00", "alternatives": [199, 99, 9, 99, 99]}, {"date": "2023-11-10-07-00-00", "alternatives": [199, 99, 9, 99, 99]}, {"date": "2023-11-10-07-00-00", "alternatives": [199, 99, 9, 99, 99]}, {"date": "2023-11-10-07-00-00", "alternatives": [199, 99, 9, 99, 99]}, {"date": "2023-11-10-07-00-00", "alternatives": [199, 99, 9, 99, 99]}, {"date": "2023-11-10-07-00-00", "alternatives": [199, 99, 9, 99, 99]}, {"date": "2023-11-10-07-00-00", "alternatives": [199, 99, 9, 99, 99]}, {"date": "2023-11-10-03-00-00", "alternatives": ["199", "99", "99"]}, {"date": "2023-11-10-03-00-00", "alternatives": ["199", "99", "99"]}]}, {"location": {"country_code": "mx", "region": "Mexico City"}, "game_id": "314852", "values": [{"date": "2023-11-10-07-00-00", "alternatives": [75, 175, 1175, 175, 175, 1175]}, {"date": "2023-11-10-07-00-00", "alternatives": [75, 175, 1175, 175, 175, 1175]}, {"date": "2023-11-10-07-00-00", "alternatives": [75, 175, 1175, 175, 175, 1175]}, {"date": "2023-11-10-07-00-00", "alternatives": [75, 175, 1175, 175, 175, 1175]}]}, {"location": {"country_code": "br"}, "game_id": "314852", "values": [{"date": "2023-11-10-14-00-00", "alternatives": ["3", "13", "13"]}, {"date": "2023-11-10-14-00-00", "alternatives": ["3", "13", "13"]}, {"date": "2023-11-10-14-00-00", "alternatives": ["3", "13", "13"]}, {"date": "2023-11-10-14-00-00", "alternatives": ["3", "13", "13"]}, {"date": "2023-11-10-14-00-00", "alternatives": ["3", "13", "13"]}, {"date": "2023-11-10-14-00-00", "alternatives": ["3", "13", "13"]}, {"date": "2023-11-10-04-00-00", "alternatives": ["11", "171", "11"]}, {"date": "2023-11-10-04-00-00", "alternatives": ["1175", "175", "175"]}, {"date": "2023-11-10-04-00-00", "alternatives": ["1175", "175", "175"]}]}, {"location": {"country_code": "br", "region": "Sao Paulo", "city": "Apiai"}, "game_id": "314852", "values": [{"date": "2023-11-10-03-00-00", "alternatives": [36, 13, 136, 136, 136]}, {"date": "2023-11-10-03-00-00", "alternatives": [36, 13, 136, 136, 136]}, {"date": "2023-11-10-03-00-00", "alternatives": [36, 13, 136, 136, 136]}, {"date": "2023-11-10-03-00-00", "alternatives": [36, 13, 136, 136, 136]}, {"date": "2023-11-10-03-00-00", "alternatives": [36, 13, 136, 136, 136]}, {"date": "2023-11-10-03-00-00", "alternatives": [36, 13, 136, 136, 136]}, {"date": "2023-11-10-03-00-00", "alternatives": [36, 13, 136, 136, 136]}, {"date": "2023-11-10-03-00-00", "alternatives": [36, 13, 136, 136, 136]}, {"date": "2023-11-10-03-00-00", "alternatives": [36, 13, 136, 136, 136]}, {"date": "2023-11-10-03-00-00", "alternatives": [36, 13, 136, 136, 136]}, {"date": "2023-11-10-03-00-00", "alternatives": [36, 13, 136, 136, 136]}, {"date": "2023-11-10-03-00-00", "alternatives": [36, 13, 136, 136, 136]}, {"date": "2023-11-10-03-00-00", "alternatives": [36, 13, 136, 136, 136]}, {"date": "2023-11-10-03-00-00", "alternatives": [36, 13, 136, 136, 136]}, {"date": "2023-11-10-03-00-00", "alternatives": [36, 13, 136, 136, 136]}, {"date": "2023-11-10-03-00-00", "alternatives": [36, 13, 136, 136, 136]}, {"date": "2023-11-10-03-00-00", "alternatives": [36, 13, 136, 136, 136]}, {"date": "2023-11-10-03-00-00", "alternatives": [36, 13, 136, 136, 136]}, {"date": "2023-11-10-03-00-00", "alternatives": [36, 13, 136, 136, 136]}, {"date": "2023-11-10-03-00-00", "alternatives": [36, 13, 136, 136, 136]}, {"date": "2023-11-10-03-00-00", "alternatives": [36, 13, 136, 136, 136]}, {"date": "2023-11-10-03-00-00", "alternatives": [36, 13, 136, 136, 136]}, {"date": "2023-11-10-03-00-00", "alternatives": [36, 13, 136, 136, 136]}, {"date": "2023-11-10-03-00-00", "alternatives": [36, 13, 136, 136, 136]}, {"date": "2023-11-10-03-00-00", "alternatives": [36, 13, 136, 136, 136]}, {"date": "2023-11-10-03-00-00", "alternatives": [36, 13, 136, 136, 136]}, {"date": "2023-11-10-03-00-00", "alternatives": [36, 13, 136, 136, 136]}, {"date": "2023-11-10-03-00-00", "alternatives": [36, 13, 136, 136, 136]}, {"date": "2023-11-10-03-00-00", "alternatives": [36, 13, 136, 136, 136]}, {"date": "2023-11-10-03-00-00", "alternatives": [36, 13, 136, 136, 136]}]}, {"location": {"country_code": "us", "region": "California", "city": "East Los Angeles"}, "game_id": "314852", "values": [{"date": "2023-11-10-06-00-00", "alternatives": ["9", "91", "91"]}, {"date": "2023-11-10-06-00-00", "alternatives": ["9", "91", "91"]}, {"date": "2023-11-10-13-00-00", "alternatives": [1, 7, 70, 70, 70]}, {"date": "2023-11-10-13-00-00", "alternatives": [1, 7, 70, 70, 70]}]}, {"location": {"country_code": "au"}, "game_id": "314852", "values": [{"date": "2023-11-10-15-00-00", "alternatives": ["89", "89", "2"]}, {"date": "2023-11-10-10-00-00", "alternatives": ["1219", "1219", "11219"]}, {"date": "2023-11-10-10-00-00", "alternatives": ["1219", "1219", "11219"]}, {"date": "2023-11-10-13-00-00", "alternatives": ["1248", "1248", "11248"]}, {"date": "2023-11-10-13-00-00", "alternatives": ["1248", "1248", "11248"]}, {"date": "2023-11-10-14-00-00", "alternatives": ["13", "1305", "13"]}]}, {"location": {"country_code": "es", "region": "Madrid", "city": "Parla"}, "game_id": "314852", "values": [{"date": "2023-11-10-15-00-00", "alternatives": [55, 5515, 55, 55]}]}, {"location": {"country_code": "ar", "region": "Buenos Aires F.D.", "city": "Bahia Blanca"}, "game_id": "314852", "values": [{"date": "2023-11-10-16-00-00", "alternatives": ["178", "1178", "178"]}, {"date": "2023-11-10-16-00-00", "alternatives": ["178", "1178", "178"]}, {"date": "2023-11-10-05-00-00", "alternatives": ["1160", "160", "160"]}]}, {"location": {"country_code": "bo"}, "game_id": "314852", "values": [{"date": "2023-11-10-06-00-00", "alternatives": [142, 1142, 11142, 142, 142, 11142]}, {"date": "2023-11-10-06-00-00", "alternatives": [142, 1142, 11142, 142, 142, 11142]}, {"date": "2023-11-10-06-00-00", "alternatives": [142, 1142, 11142, 142, 142, 11142]}, {"date": "2023-11-10-06-00-00", "alternatives": [142, 1142, 11142, 142, 142, 11142]}, {"date": "2023-11-10-06-00-00", "alternatives": [142, 1142, 11142, 142, 142, 11142]}, {"date": "2023-11-10-06-00-00", "alternatives": [142, 1142, 11142, 142, 142, 11142]}, {"date": "2023-11-10-06-00-00", "alternatives": [142, 1142, 11142, 142, 142, 11142]}]}, {"location": {"country_code": "ru"}, "game_id": "314852", "values": [{"date": "2023-11-10-10-00-00", "alternatives": ["176", "176", "76"]}]}, {"location": {"country_code": "us", "region": "Missouri"}, "game_id": "314852", "values": [{"date": "2023-11-10-12-00-00", "alternatives": [1, 55, 55, 55]}, {"date": "2023-11-10-12-00-00", "alternatives": [1, 55, 55, 55]}]}, {"location": {"country_code": "pe", "region": "Lima region", "city": "Nuevo Lince"}, "game_id": "314852", "values": [{"date": "2023-11-10-10-00-00", "alternatives": [1101, 4101, 1101, 101, 1101]}, {"date": "2023-11-10-10-00-00", "alternatives": [1101, 4101, 1101, 101, 1101]}, {"date": "2023-11-10-10-00-00", "alternatives": [1101, 4101, 1101, 101, 1101]}, {"date": "2023-11-10-10-00-00", "alternatives": [1101, 4101, 1101, 101, 1101]}, {"date": "2023-11-10-10-00-00", "alternatives": [1101, 4101, 1101, 101, 1101]}, {"date": "2023-11-10-10-00-00", "alternatives": [1101, 4101, 1101, 101, 1101]}, {"date": "2023-11-10-10-00-00", "alternatives": [1101, 4101, 1101, 101, 1101]}]}, {"location": {"country_code": "ve"}, "game_id": "314852", "values": [{"date": "2023-11-10-05-00-00", "alternatives": ["23", "1523", "1523"]}, {"date": "2023-11-10-05-00-00", "alternatives": ["23", "1523", "1523"]}, {"date": "2023-11-10-05-00-00", "alternatives": ["23", "1523", "1523"]}, {"date": "2023-11-10-05-00-00", "alternatives": ["23", "1523", "1523"]}, {"date": "2023-11-10-05-00-00", "alternatives": ["23", "1523", "1523"]}, {"date": "2023-11-10-05-00-00", "alternatives": ["23", "1523", "1523"]}, {"date": "2023-11-10-05-00-00", "alternatives": ["23", "1523", "1523"]}, {"date": "2023-11-10-05-00-00", "alternatives": ["23", "1523", "1523"]}, {"date": "2023-11-10-05-00-00", "alternatives": ["23", "1523", "1523"]}]}, {"location": {"country_code": "es", "region": "Catalonia", "city": "l'Hospitalet de Llobregat"}, "game_id": "314852", "values": [{"date": "2023-11-10-03-00-00", "alternatives": ["54", "54", "2"]}, {"date": "2023-11-10-03-00-00", "alternatives": ["54", "54", "2"]}, {"date": "2023-11-10-03-00-00", "alternatives": ["54", "54", "2"]}, {"date": "2023-11-10-03-00-00", "alternatives": ["54", "54", "2"]}, {"date": "2023-11-10-03-00-00", "alternatives": ["54", "54", "2"]}]}, {"location": {"country_code": "sg"}, "game_id": "314852", "values": [{"date": "2023-11-10-16-00-00", "alternatives": ["169", "169", "1169"]}, {"date": "2023-11-10-12-00-00", "alternatives": ["1103", "103", "1103"]}, {"date": "2023-11-10-12-00-00", "alternatives": ["1103", "103", "1103"]}, {"date": "2023-11-10-12-00-00", "alternatives": ["1103", "103", "1103"]}, {"date": "2023-11-10-12-00-00", "alternatives": ["1103", "103", "1103"]}, {"date": "2023-11-10-12-00-00", "alternatives": ["1103", "103", "1103"]}, {"date": "2023-11-10-12-00-00", "alternatives": ["1103", "103", "1103"]}, {"date": "2023-11-10-12-00-00", "alternatives": ["1103", "103", "1103"]}, {"date": "2023-11-10-12-00-00", "alternatives": ["1103", "103", "1103"]}, {"date": "2023-11-10-12-00-00", "alternatives": ["1103", "103", "1103"]}, {"date": "2023-11-10-15-00-00", "alternatives": [83, 83, 83, 83]}, {"date": "2023-11-10-15-00-00", "alternatives": [83, 83, 83, 83]}, {"date": "2023-11-10-15-00-00", "alternatives": [83, 83, 83, 83]}, {"date": "2023-11-10-15-00-00", "alternatives": [83, 83, 83, 83]}, {"date": "2023-11-10-15-00-00", "alternatives": [83, 83, 83, 83]}, {"date": "2023-11-10-15-00-00", "alternatives": [83, 83, 83, 83]}, {"date": "2023-11-10-15-00-00", "alternatives": [83, 83, 83, 83]}, {"date": "2023-11-10-15-00-00", "alternatives": [83, 83, 83, 83]}, {"date": "2023-11-10-15-00-00", "alternatives": [83, 83, 83, 83]}, {"date": "2023-11-10-15-00-00", "alternatives": [83, 83, 83, 83]}, {"date": "2023-11-10-15-00-00", "alternatives": [83, 83, 83, 83]}, {"date": "2023-11-10-15-00-00", "alternatives": ["407", "107", "107"]}]}, {"location": {"country_code": "my"}, "game_id": "314852", "values": [{"date": "2023-11-10-01-00-00", "alternatives": ["9639", "9639", "9429"]}, {"date": "2023-11-10-06-00-00", "alternatives": ["2023", "2023", "27"]}, {"date": "2023-11-10-06-00-00", "alternatives": ["2023", "2023", "27"]}, {"date": "2023-11-10-06-00-00", "alternatives": ["2023", "2023", "27"]}, {"date": "2023-11-10-02-00-00", "alternatives": [8, 16, 2, 6115, 16, 16]}, {"date": "2023-11-10-02-00-00", "alternatives": [8, 16, 2, 6115, 16, 16]}]}, {"location": {"country_code": "id"}, "game_id": "314852", "values": [{"date": "2023-11-10-13-00-00", "alternatives": ["187", "87", "87"]}, {"date": "2023-11-10-13-00-00", "alternatives": ["187", "87", "87"]}]}, {"location": {"country_code": "us", "region": "Arizona", "city": "Phoenix"}, "game_id": "314852", "values": [{"date": "2023-11-10-04-00-00", "alternatives": [79, 79, 179, 79]}, {"date": "2023-11-10-04-00-00", "alternatives": [79, 79, 179, 79]}, {"date": "2023-11-10-04-00-00", "alternatives": [79, 79, 179, 79]}, {"date": "2023-11-10-04-00-00", "alternatives": [79, 79, 179, 79]}]}, {"location": {"country_code": "us", "region": "Texas", "city": "Irving"}, "game_id": "314852", "values": [{"date": "2023-11-10-04-00-00", "alternatives": [2, 2, 2]}, {"date": "2023-11-10-04-00-00", "alternatives": [2, 2, 2]}]}, {"location": {"country_code": "au", "region": "Queensland", "city": "Brisbane"}, "game_id": "314852", "values": [{"date": "2023-11-10-10-00-00", "alternatives": ["253", "253", "11253"]}, {"date": "2023-11-10-10-00-00", "alternatives": ["253", "253", "11253"]}]}, {"location": {"country_code": "br", "region": "Parana", "city": "Umuarama"}, "game_id": "314852", "values": [{"date": "2023-11-10-14-00-00", "alternatives": ["38", "3", "38"]}, {"date": "2023-11-10-14-00-00", "alternatives": ["38", "3", "38"]}]}, {"location": {"country_code": "ru", "region": "Vladimir Oblast", "city": "Vladimir"}, "game_id": "314852", "values": [{"date": "2023-11-10-13-00-00", "alternatives": [57, 57, 57, 57]}, {"date": "2023-11-10-13-00-00", "alternatives": [57, 57, 57, 57]}, {"date": "2023-11-10-13-00-00", "alternatives": [57, 57, 57, 57]}, {"date": "2023-11-10-13-00-00", "alternatives": [57, 57, 57, 57]}, {"date": "2023-11-10-13-00-00", "alternatives": [57, 57, 57, 57]}, {"date": "2023-11-10-13-00-00", "alternatives": [57, 57, 57, 57]}]}, {"location": {"country_code": "us", "region": "Virginia", "city": "Virginia Beach"}, "game_id": "314852", "values": [{"date": "2023-11-10-04-00-00", "alternatives": ["1", "25", "25"]}]}, {"location": {"country_code": "us", "region": "Guam", "city": "Dededo"}, "game_id": "314852", "values": [{"date": "2023-11-10-15-00-00", "alternatives": ["220", "220", "1220"]}]}, {"location": {"country_code": "us", "region": "New Jersey", "city": "West Orange"}, "game_id": "314852", "values": [{"date": "2023-11-10-14-00-00", "alternatives": [39, 39, 39]}]}, {"location": {"country_code": "us", "region": "Indiana", "city": "Saint John"}, "game_id": "314852", "values": [{"date": "2023-11-10-09-00-00", "alternatives": ["41", "41", "4"]}]}], "last_updated": 1719918124.301243}