{"data": [{"location": {"country_code": "ca"}, "game_id": "314852", "values": [{"date": "2024-03-25-10-00-00", "alternatives": ["5515", "5515", "9515"]}]}, {"location": {"country_code": "cl"}, "game_id": "314852", "values": [{"date": "2024-03-25-20-00-00", "alternatives": ["136", "136", "1136"]}]}, {"location": {"country_code": "ph"}, "game_id": "314852", "values": [{"date": "2024-03-25-17-00-00", "alternatives": ["108", "1108", "108"]}, {"date": "2024-03-25-17-00-00", "alternatives": ["108", "1108", "108"]}, {"date": "2024-03-25-17-00-00", "alternatives": ["108", "1108", "108"]}]}, {"location": {"country_code": "fr"}, "game_id": "314852", "values": [{"date": "2024-03-25-13-00-00", "alternatives": ["30", "30", "20"]}, {"date": "2024-03-25-13-00-00", "alternatives": ["30", "30", "20"]}, {"date": "2024-03-25-13-00-00", "alternatives": ["30", "30", "20"]}, {"date": "2024-03-25-13-00-00", "alternatives": ["30", "30", "20"]}, {"date": "2024-03-25-13-00-00", "alternatives": ["30", "30", "20"]}]}, {"location": {"country_code": "mx"}, "game_id": "314852", "values": [{"date": "2024-03-25-03-00-00", "alternatives": ["191", "1191", "191"]}, {"date": "2024-03-25-05-00-00", "alternatives": ["183", "183", "1183"]}, {"date": "2024-03-25-05-00-00", "alternatives": ["183", "183", "1183"]}]}, {"location": {"country_code": "pe"}, "game_id": "314852", "values": [{"date": "2024-03-25-03-00-00", "alternatives": ["10", "101", "10"]}, {"date": "2024-03-25-03-00-00", "alternatives": ["10", "101", "10"]}, {"date": "2024-03-25-03-00-00", "alternatives": ["10", "101", "10"]}]}, {"location": {"country_code": "pt"}, "game_id": "314852", "values": [{"date": "2024-03-25-11-00-00", "alternatives": [14, 148, 148, 148]}, {"date": "2024-03-25-11-00-00", "alternatives": [14, 148, 148, 148]}, {"date": "2024-03-25-11-00-00", "alternatives": [14, 148, 148, 148]}]}], "last_updated": 1719918124.801779}