{"data": [{"location": {"country_code": "us"}, "game_id": "314852", "values": [{"date": "2024-03-12-03-00-00", "alternatives": ["31", "31", "3"]}, {"date": "2024-03-12-03-00-00", "alternatives": ["31", "31", "3"]}, {"date": "2024-03-12-03-00-00", "alternatives": ["31", "31", "3"]}, {"date": "2024-03-12-03-00-00", "alternatives": ["31", "31", "3"]}, {"date": "2024-03-12-04-00-00", "alternatives": ["730", "73", "73"]}]}, {"location": {"country_code": "jp"}, "game_id": "314852", "values": [{"date": "2024-03-12-21-00-00", "alternatives": ["118", "18", "18"]}]}, {"location": {"country_code": "ca"}, "game_id": "314852", "values": [{"date": "2024-03-12-12-00-00", "alternatives": ["55", "5", "55"]}]}, {"location": {"country_code": "de"}, "game_id": "314852", "values": [{"date": "2024-03-12-21-00-00", "alternatives": ["25", "25", "425"]}, {"date": "2024-03-12-21-00-00", "alternatives": ["25", "25", "425"]}, {"date": "2024-03-12-21-00-00", "alternatives": ["25", "25", "425"]}]}, {"location": {"country_code": "tw"}, "game_id": "314852", "values": [{"date": "2024-03-12-17-00-00", "alternatives": ["66", "65", "65"]}, {"date": "2024-03-12-18-00-00", "alternatives": ["58", "58", "2"]}]}, {"location": {"country_code": "us", "region": "Florida"}, "game_id": "314852", "values": [{"date": "2024-03-12-20-00-00", "alternatives": ["8", "48", "48"]}]}, {"location": {"country_code": "fr"}, "game_id": "314852", "values": [{"date": "2024-03-12-19-00-00", "alternatives": ["20", "20", "0"]}, {"date": "2024-03-12-19-00-00", "alternatives": ["20", "20", "0"]}, {"date": "2024-03-12-19-00-00", "alternatives": ["20", "20", "0"]}, {"date": "2024-03-12-19-00-00", "alternatives": ["20", "20", "0"]}]}, {"location": {"country_code": "br"}, "game_id": "314852", "values": [{"date": "2024-03-12-19-00-00", "alternatives": ["130", "38", "38"]}, {"date": "2024-03-12-19-00-00", "alternatives": ["130", "38", "38"]}, {"date": "2024-03-12-19-00-00", "alternatives": ["130", "38", "38"]}]}, {"location": {"country_code": "br", "region": "Sao Paulo", "city": "Apiai"}, "game_id": "314852", "values": [{"date": "2024-03-13-01-00-00", "alternatives": ["1", "1141", "1141"]}, {"date": "2024-03-13-01-00-00", "alternatives": ["1", "1141", "1141"]}, {"date": "2024-03-12-21-00-00", "alternatives": ["13815", "138", "138"]}]}, {"location": {"country_code": "au"}, "game_id": "314852", "values": [{"date": "2024-03-12-11-00-00", "alternatives": ["196", "19", "196"]}, {"date": "2024-03-12-06-00-00", "alternatives": [0, 1, 30, 30, 300, 30]}, {"date": "2024-03-12-06-00-00", "alternatives": [0, 1, 30, 30, 300, 30]}, {"date": "2024-03-12-12-00-00", "alternatives": ["27", "272", "272"]}, {"date": "2024-03-12-12-00-00", "alternatives": ["27", "272", "272"]}]}, {"location": {"country_code": "ar"}, "game_id": "314852", "values": [{"date": "2024-03-12-10-00-00", "alternatives": ["185", "18", "185"]}]}, {"location": {"country_code": "bo"}, "game_id": "314852", "values": [{"date": "2024-03-12-04-00-00", "alternatives": ["20000", "20000", "720000"]}]}, {"location": {"country_code": "us", "region": "Missouri"}, "game_id": "314852", "values": [{"date": "2024-03-12-10-00-00", "alternatives": ["5", "5", "51"]}, {"date": "2024-03-12-10-00-00", "alternatives": ["5", "5", "51"]}]}, {"location": {"country_code": "be"}, "game_id": "314852", "values": [{"date": "2024-03-13-01-00-00", "alternatives": ["4", "45", "45"]}]}, {"location": {"country_code": "gb", "region": "England", "city": "London"}, "game_id": "314852", "values": [{"date": "2024-03-12-21-00-00", "alternatives": ["4", "4", "2"]}]}, {"location": {"country_code": "jp", "region": "Kyoto", "city": "Kyoto"}, "game_id": "314852", "values": [{"date": "2024-03-12-16-00-00", "alternatives": [176, 76, 76, 78, 76]}, {"date": "2024-03-12-16-00-00", "alternatives": [176, 76, 76, 78, 76]}, {"date": "2024-03-12-16-00-00", "alternatives": [176, 76, 76, 78, 76]}]}, {"location": {"country_code": "by"}, "game_id": "314852", "values": [{"date": "2024-03-12-16-00-00", "alternatives": ["41", "4", "41"]}, {"date": "2024-03-12-16-00-00", "alternatives": ["41", "4", "41"]}, {"date": "2024-03-12-16-00-00", "alternatives": ["41", "4", "41"]}, {"date": "2024-03-12-16-00-00", "alternatives": ["41", "4", "41"]}]}, {"location": {"country_code": "de", "region": "Saxony", "city": "Leipzig"}, "game_id": "314852", "values": [{"date": "2024-03-12-17-00-00", "alternatives": ["5", "45", "45"]}]}, {"location": {"country_code": "mx", "region": "Baja California"}, "game_id": "314852", "values": [{"date": "2024-03-12-11-00-00", "alternatives": [85, 1183, 83, 1183, 1183]}, {"date": "2024-03-12-11-00-00", "alternatives": [85, 1183, 83, 1183, 1183]}, {"date": "2024-03-12-11-00-00", "alternatives": [85, 1183, 83, 1183, 1183]}, {"date": "2024-03-12-11-00-00", "alternatives": [85, 1183, 83, 1183, 1183]}, {"date": "2024-03-12-11-00-00", "alternatives": [85, 1183, 83, 1183, 1183]}, {"date": "2024-03-12-11-00-00", "alternatives": [85, 1183, 83, 1183, 1183]}, {"date": "2024-03-12-11-00-00", "alternatives": [85, 1183, 83, 1183, 1183]}, {"date": "2024-03-12-11-00-00", "alternatives": [85, 1183, 83, 1183, 1183]}, {"date": "2024-03-12-11-00-00", "alternatives": [85, 1183, 83, 1183, 1183]}, {"date": "2024-03-12-11-00-00", "alternatives": [85, 1183, 83, 1183, 1183]}, {"date": "2024-03-12-11-00-00", "alternatives": [85, 1183, 83, 1183, 1183]}, {"date": "2024-03-12-11-00-00", "alternatives": [85, 1183, 83, 1183, 1183]}, {"date": "2024-03-12-11-00-00", "alternatives": [85, 1183, 83, 1183, 1183]}, {"date": "2024-03-12-11-00-00", "alternatives": [85, 1183, 83, 1183, 1183]}, {"date": "2024-03-12-11-00-00", "alternatives": [85, 1183, 83, 1183, 1183]}, {"date": "2024-03-12-11-00-00", "alternatives": [85, 1183, 83, 1183, 1183]}, {"date": "2024-03-12-11-00-00", "alternatives": [85, 1183, 83, 1183, 1183]}]}, {"location": {"country_code": "br", "region": "Mato Grosso do Sul"}, "game_id": "314852", "values": [{"date": "2024-03-12-23-00-00", "alternatives": ["5", "5", "158"]}]}, {"location": {"country_code": "es", "region": "Canary Islands", "city": "Telde"}, "game_id": "314852", "values": [{"date": "2024-03-12-17-00-00", "alternatives": [776, 1174, 74, 7, 1174, 1174]}, {"date": "2024-03-12-17-00-00", "alternatives": [776, 1174, 74, 7, 1174, 1174]}]}, {"location": {"country_code": "br", "region": "Sergipe", "city": "Lagarto"}, "game_id": "314852", "values": [{"date": "2024-03-12-23-00-00", "alternatives": ["170", "170", "1170"]}]}], "last_updated": 1719918124.624604}