{"data": [{"location": {"country_code": "us"}, "game_id": "135305", "values": [{"date": "2023-02-10-02-00-00", "latency": 1}, {"date": "2023-02-11-00-00-00", "latency": 0}, {"date": "2023-02-10-06-00-00", "latency": 1}, {"date": "2023-02-10-08-00-00", "latency": 0}, {"date": "2023-02-10-05-00-00", "latency": 5500}, {"date": "2023-02-10-05-00-00", "latency": 5500}, {"date": "2023-02-10-05-00-00", "latency": 5500}, {"date": "2023-02-10-05-00-00", "latency": 5500}, {"date": "2023-02-10-05-00-00", "latency": 5500}]}, {"location": {"country_code": "nz", "region": "Auckland", "city": "Auckland"}, "game_id": "135305", "values": [{"date": "2023-02-10-09-00-00", "latency": 8}]}, {"location": {"country_code": "th"}, "game_id": "135305", "values": [{"date": "2023-02-10-20-00-00", "latency": 15}, {"date": "2023-02-10-15-00-00", "latency": 28}, {"date": "2023-02-10-19-00-00", "latency": 6}]}, {"location": {"country_code": "gr"}, "game_id": "135305", "values": [{"date": "2023-02-10-22-00-00", "latency": 5800}, {"date": "2023-02-10-22-00-00", "latency": 5800}, {"date": "2023-02-10-22-00-00", "latency": 5800}, {"date": "2023-02-10-22-00-00", "latency": 5800}, {"date": "2023-02-10-22-00-00", "latency": 5800}]}, {"location": {"country_code": "pa"}, "game_id": "135305", "values": [{"date": "2023-02-10-05-00-00", "latency": 35}]}, {"location": {"country_code": "it"}, "game_id": "135305", "values": [{"date": "2023-02-10-17-00-00", "latency": 267}, {"date": "2023-02-10-17-00-00", "latency": 267}]}, {"location": {"country_code": "jp"}, "game_id": "135305", "values": [{"date": "2023-02-10-09-00-00", "latency": 66}, {"date": "2023-02-10-09-00-00", "latency": 66}, {"date": "2023-02-10-09-00-00", "latency": 66}, {"date": "2023-02-10-09-00-00", "latency": 66}, {"date": "2023-02-10-06-00-00", "latency": 9}, {"date": "2023-02-10-16-00-00", "latency": 3}, {"date": "2023-02-10-17-00-00", "latency": 7}]}, {"location": {"country_code": "jp", "region": "Tokyo"}, "game_id": "135305", "values": [{"date": "2023-02-10-11-00-00", "latency": 68}]}, {"location": {"country_code": "ca"}, "game_id": "135305", "values": [{"date": "2023-02-10-11-00-00", "latency": 120}, {"date": "2023-02-10-17-00-00", "latency": 30}, {"date": "2023-02-10-17-00-00", "latency": 30}, {"date": "2023-02-10-17-00-00", "latency": 30}, {"date": "2023-02-10-17-00-00", "latency": 30}, {"date": "2023-02-10-17-00-00", "latency": 30}]}, {"location": {"country_code": "de"}, "game_id": "135305", "values": [{"date": "2023-02-10-21-00-00", "latency": 1}, {"date": "2023-02-10-22-00-00", "latency": 91}, {"date": "2023-02-10-22-00-00", "latency": 91}, {"date": "2023-02-10-22-00-00", "latency": 91}, {"date": "2023-02-10-18-00-00", "latency": 5}]}, {"location": {"country_code": "tw"}, "game_id": "135305", "values": [{"date": "2023-02-10-12-00-00", "latency": 251}, {"date": "2023-02-10-12-00-00", "latency": 251}, {"date": "2023-02-10-22-00-00", "latency": 15}]}, {"location": {"country_code": "br", "region": "Parana", "city": "Araucaria"}, "game_id": "135305", "values": [{"date": "2023-02-10-23-00-00", "latency": 97}]}, {"location": {"country_code": "ph"}, "game_id": "135305", "values": [{"date": "2023-02-10-17-00-00", "latency": 97}, {"date": "2023-02-10-13-00-00", "latency": 7}]}, {"location": {"country_code": "mx"}, "game_id": "135305", "values": [{"date": "2023-02-10-08-00-00", "latency": 26}]}, {"location": {"country_code": "br"}, "game_id": "135305", "values": [{"date": "2023-02-10-23-00-00", "latency": 14}, {"date": "2023-02-10-23-00-00", "latency": 14}, {"date": "2023-02-10-23-00-00", "latency": 14}, {"date": "2023-02-10-15-00-00", "latency": 48}, {"date": "2023-02-10-13-00-00", "latency": 3}, {"date": "2023-02-10-02-00-00", "latency": 18}, {"date": "2023-02-10-02-00-00", "latency": 18}, {"date": "2023-02-10-02-00-00", "latency": 18}, {"date": "2023-02-10-02-00-00", "latency": 18}, {"date": "2023-02-11-00-00-00", "latency": 3}, {"date": "2023-02-10-19-00-00", "latency": 5}, {"date": "2023-02-10-19-00-00", "latency": 5}, {"date": "2023-02-11-00-00-00", "latency": 31}, {"date": "2023-02-11-00-00-00", "latency": 31}, {"date": "2023-02-11-00-00-00", "latency": 31}, {"date": "2023-02-11-00-00-00", "latency": 31}, {"date": "2023-02-11-00-00-00", "latency": 31}]}, {"location": {"country_code": "br", "region": "Rondonia", "city": "Porto Velho"}, "game_id": "135305", "values": [{"date": "2023-02-10-05-00-00", "latency": 193}]}, {"location": {"country_code": "br", "region": "Sao Paulo", "city": "Apiai"}, "game_id": "135305", "values": [{"date": "2023-02-10-01-00-00", "latency": 34}, {"date": "2023-02-11-01-00-00", "latency": 15}, {"date": "2023-02-11-01-00-00", "latency": 15}, {"date": "2023-02-10-19-00-00", "latency": 13}, {"date": "2023-02-10-19-00-00", "latency": 13}, {"date": "2023-02-11-01-00-00", "latency": 4}]}, {"location": {"country_code": "au"}, "game_id": "135305", "values": [{"date": "2023-02-10-10-00-00", "latency": 15}, {"date": "2023-02-10-13-00-00", "latency": 40}, {"date": "2023-02-10-13-00-00", "latency": 40}, {"date": "2023-02-10-13-00-00", "latency": 40}, {"date": "2023-02-10-13-00-00", "latency": 40}, {"date": "2023-02-10-13-00-00", "latency": 40}, {"date": "2023-02-10-13-00-00", "latency": 40}, {"date": "2023-02-10-13-00-00", "latency": 40}, {"date": "2023-02-10-13-00-00", "latency": 40}, {"date": "2023-02-10-13-00-00", "latency": 40}, {"date": "2023-02-10-13-00-00", "latency": 40}, {"date": "2023-02-10-13-00-00", "latency": 40}, {"date": "2023-02-10-13-00-00", "latency": 40}, {"date": "2023-02-10-13-00-00", "latency": 40}, {"date": "2023-02-10-13-00-00", "latency": 40}, {"date": "2023-02-10-13-00-00", "latency": 40}, {"date": "2023-02-10-13-00-00", "latency": 40}, {"date": "2023-02-10-13-00-00", "latency": 40}, {"date": "2023-02-10-13-00-00", "latency": 40}, {"date": "2023-02-10-13-00-00", "latency": 40}, {"date": "2023-02-10-13-00-00", "latency": 40}, {"date": "2023-02-10-13-00-00", "latency": 40}]}, {"location": {"country_code": "dk"}, "game_id": "135305", "values": [{"date": "2023-02-10-14-00-00", "latency": 6}, {"date": "2023-02-10-14-00-00", "latency": 6}]}, {"location": {"country_code": "ca", "region": "Ontario"}, "game_id": "135305", "values": [{"date": "2023-02-10-05-00-00", "latency": 3}]}, {"location": {"country_code": "es"}, "game_id": "135305", "values": [{"date": "2023-02-10-04-00-00", "latency": 0}, {"date": "2023-02-10-10-00-00", "latency": 22}]}, {"location": {"country_code": "ar"}, "game_id": "135305", "values": [{"date": "2023-02-10-06-00-00", "latency": 155}]}, {"location": {"country_code": "vn"}, "game_id": "135305", "values": [{"date": "2023-02-11-01-00-00", "latency": 41}, {"date": "2023-02-11-01-00-00", "latency": 41}, {"date": "2023-02-11-01-00-00", "latency": 41}, {"date": "2023-02-11-01-00-00", "latency": 41}, {"date": "2023-02-11-01-00-00", "latency": 41}, {"date": "2023-02-11-01-00-00", "latency": 41}]}, {"location": {"country_code": "hu"}, "game_id": "135305", "values": [{"date": "2023-02-11-00-00-00", "latency": 47}, {"date": "2023-02-11-00-00-00", "latency": 47}, {"date": "2023-02-11-00-00-00", "latency": 47}, {"date": "2023-02-11-00-00-00", "latency": 47}, {"date": "2023-02-11-00-00-00", "latency": 47}]}, {"location": {"country_code": "co"}, "game_id": "135305", "values": [{"date": "2023-02-10-04-00-00", "latency": 8}, {"date": "2023-02-10-05-00-00", "latency": 93}, {"date": "2023-02-10-05-00-00", "latency": 93}, {"date": "2023-02-10-05-00-00", "latency": 93}]}, {"location": {"country_code": "at"}, "game_id": "135305", "values": [{"date": "2023-02-10-15-00-00", "latency": 59}, {"date": "2023-02-10-15-00-00", "latency": 59}]}, {"location": {"country_code": "us", "region": "Nevada", "city": "Las Vegas"}, "game_id": "135305", "values": [{"date": "2023-02-10-09-00-00", "latency": 7}]}, {"location": {"country_code": "pe"}, "game_id": "135305", "values": [{"date": "2023-02-10-23-00-00", "latency": 18}, {"date": "2023-02-10-01-00-00", "latency": 6}, {"date": "2023-02-10-05-00-00", "latency": 5}]}, {"location": {"country_code": "ua"}, "game_id": "135305", "values": [{"date": "2023-02-10-17-00-00", "latency": 50}]}, {"location": {"country_code": "us", "region": "Wisconsin"}, "game_id": "135305", "values": [{"date": "2023-02-11-01-00-00", "latency": 9}]}, {"location": {"country_code": "my"}, "game_id": "135305", "values": [{"date": "2023-02-10-16-00-00", "latency": 131}, {"date": "2023-02-10-17-00-00", "latency": 151}, {"date": "2023-02-10-17-00-00", "latency": 151}, {"date": "2023-02-10-17-00-00", "latency": 151}, {"date": "2023-02-10-17-00-00", "latency": 151}, {"date": "2023-02-10-17-00-00", "latency": 151}, {"date": "2023-02-10-16-00-00", "latency": 67}, {"date": "2023-02-10-17-00-00", "latency": 106}, {"date": "2023-02-10-17-00-00", "latency": 106}, {"date": "2023-02-10-17-00-00", "latency": 106}, {"date": "2023-02-10-17-00-00", "latency": 106}, {"date": "2023-02-10-17-00-00", "latency": 106}, {"date": "2023-02-10-17-00-00", "latency": 106}, {"date": "2023-02-10-17-00-00", "latency": 106}, {"date": "2023-02-10-17-00-00", "latency": 106}, {"date": "2023-02-10-12-00-00", "latency": 78}, {"date": "2023-02-10-12-00-00", "latency": 78}, {"date": "2023-02-10-16-00-00", "latency": 138}, {"date": "2023-02-10-11-00-00", "latency": 6}, {"date": "2023-02-10-11-00-00", "latency": 6}, {"date": "2023-02-10-18-00-00", "latency": 122}, {"date": "2023-02-10-18-00-00", "latency": 122}]}, {"location": {"country_code": "id"}, "game_id": "135305", "values": [{"date": "2023-02-10-21-00-00", "latency": 103}, {"date": "2023-02-10-18-00-00", "latency": 27}, {"date": "2023-02-10-18-00-00", "latency": 27}]}, {"location": {"country_code": "br", "region": "State of Rio de Janeiro", "city": "Angra dos Reis"}, "game_id": "135305", "values": [{"date": "2023-02-10-01-00-00", "latency": 1}]}, {"location": {"country_code": "cn", "region": "Hong Kong"}, "game_id": "135305", "values": [{"date": "2023-02-10-17-00-00", "latency": 85}, {"date": "2023-02-10-17-00-00", "latency": 85}]}, {"location": {"country_code": "fr", "region": "Alvernia-Rodano-Alpi", "city": "Mars"}, "game_id": "135305", "values": [{"date": "2023-02-10-19-00-00", "latency": 74}]}, {"location": {"country_code": "pt", "region": "Lisbon District", "city": "Amadora"}, "game_id": "135305", "values": [{"date": "2023-02-10-12-00-00", "latency": 9}]}, {"location": {"country_code": "gt"}, "game_id": "135305", "values": [{"date": "2023-02-11-01-00-00", "latency": 9}, {"date": "2023-02-11-01-00-00", "latency": 9}, {"date": "2023-02-11-01-00-00", "latency": 9}, {"date": "2023-02-11-01-00-00", "latency": 9}, {"date": "2023-02-11-01-00-00", "latency": 9}, {"date": "2023-02-11-01-00-00", "latency": 9}, {"date": "2023-02-11-01-00-00", "latency": 9}, {"date": "2023-02-11-01-00-00", "latency": 9}, {"date": "2023-02-11-01-00-00", "latency": 9}]}, {"location": {"country_code": "br", "region": "Ceara", "city": "Itapipoca"}, "game_id": "135305", "values": [{"date": "2023-02-10-09-00-00", "latency": 1}]}, {"location": {"country_code": "ca", "region": "British Columbia"}, "game_id": "135305", "values": [{"date": "2023-02-10-22-00-00", "latency": 72}, {"date": "2023-02-10-22-00-00", "latency": 72}, {"date": "2023-02-10-22-00-00", "latency": 72}, {"date": "2023-02-10-22-00-00", "latency": 72}, {"date": "2023-02-10-22-00-00", "latency": 72}]}, {"location": {"country_code": "us", "region": "Tennessee", "city": "Nashville"}, "game_id": "135305", "values": [{"date": "2023-02-10-21-00-00", "latency": 43}]}, {"location": {"country_code": "pt", "region": "Northern Mariana Islands", "city": "Porto"}, "game_id": "135305", "values": [{"date": "2023-02-10-19-00-00", "latency": 49}, {"date": "2023-02-10-19-00-00", "latency": 49}, {"date": "2023-02-10-19-00-00", "latency": 49}]}, {"location": {"country_code": "br", "region": "Parana", "city": "Umuarama"}, "game_id": "135305", "values": [{"date": "2023-02-10-22-00-00", "latency": 15}, {"date": "2023-02-10-22-00-00", "latency": 15}, {"date": "2023-02-10-22-00-00", "latency": 15}]}, {"location": {"country_code": "nl", "region": "North Holland", "city": "Amsterdam"}, "game_id": "135305", "values": [{"date": "2023-02-10-07-00-00", "latency": 5555}]}, {"location": {"country_code": "es", "region": "Principality of Asturias"}, "game_id": "135305", "values": [{"date": "2023-02-10-22-00-00", "latency": 21}, {"date": "2023-02-10-22-00-00", "latency": 21}]}, {"location": {"country_code": "br", "region": "Paraiba", "city": "Santa Rita"}, "game_id": "135305", "values": [{"date": "2023-02-10-23-00-00", "latency": 9}]}, {"location": {"country_code": "vn", "region": "Ho Chi Minh City"}, "game_id": "135305", "values": [{"date": "2023-02-10-16-00-00", "latency": 1}]}, {"location": {"country_code": "ec", "region": "Pichincha"}, "game_id": "135305", "values": [{"date": "2023-02-10-04-00-00", "latency": 7}]}, {"location": {"country_code": "br", "region": "State of Rio de Janeiro", "city": "Campos dos Goytacazes"}, "game_id": "135305", "values": [{"date": "2023-02-10-08-00-00", "latency": 32}, {"date": "2023-02-10-08-00-00", "latency": 32}]}, {"location": {"country_code": "mx", "region": "Oaxaca"}, "game_id": "135305", "values": [{"date": "2023-02-10-07-00-00", "latency": 8}]}, {"location": {"country_code": "br", "region": "Ceara", "city": "Maracanau"}, "game_id": "135305", "values": [{"date": "2023-02-10-02-00-00", "latency": 108}]}, {"location": {"country_code": "ph", "region": "National Capital Region"}, "game_id": "135305", "values": [{"date": "2023-02-10-13-00-00", "latency": 157}, {"date": "2023-02-10-13-00-00", "latency": 157}, {"date": "2023-02-10-13-00-00", "latency": 157}, {"date": "2023-02-10-13-00-00", "latency": 157}]}, {"location": {"country_code": "br", "region": "Goias", "city": "Cachoeira Dourada"}, "game_id": "135305", "values": [{"date": "2023-02-10-16-00-00", "latency": 14}]}], "last_updated": 1719919348.695339}