{"data": [{"location": {"country_code": "us"}, "game_id": "135305", "values": [{"date": "2023-02-13-07-00-00", "latency": 70}]}, {"location": {"country_code": "de", "region": "Berlin", "city": "Berlin"}, "game_id": "135305", "values": [{"date": "2023-02-13-20-00-00", "latency": 0}]}, {"location": {"country_code": "gb"}, "game_id": "135305", "values": [{"date": "2023-02-13-21-00-00", "latency": 0}]}, {"location": {"country_code": "nl"}, "game_id": "135305", "values": [{"date": "2023-02-13-13-00-00", "latency": 39}]}, {"location": {"country_code": "jp"}, "game_id": "135305", "values": [{"date": "2023-02-13-19-00-00", "latency": 16}, {"date": "2023-02-13-19-00-00", "latency": 16}, {"date": "2023-02-13-06-00-00", "latency": 19}, {"date": "2023-02-13-17-00-00", "latency": 10}, {"date": "2023-02-13-17-00-00", "latency": 10}]}, {"location": {"country_code": "ca"}, "game_id": "135305", "values": [{"date": "2023-02-13-10-00-00", "latency": 16}]}, {"location": {"country_code": "de"}, "game_id": "135305", "values": [{"date": "2023-02-14-00-00-00", "latency": 0}]}, {"location": {"country_code": "tw"}, "game_id": "135305", "values": [{"date": "2023-02-13-11-00-00", "latency": 4}, {"date": "2023-02-13-14-00-00", "latency": 2}, {"date": "2023-02-13-03-00-00", "latency": 1713}, {"date": "2023-02-13-03-00-00", "latency": 1713}]}, {"location": {"country_code": "au"}, "game_id": "135305", "values": [{"date": "2023-02-13-14-00-00", "latency": 264}, {"date": "2023-02-13-14-00-00", "latency": 264}]}, {"location": {"country_code": "ph"}, "game_id": "135305", "values": [{"date": "2023-02-13-07-00-00", "latency": 26}, {"date": "2023-02-13-13-00-00", "latency": 7}, {"date": "2023-02-13-14-00-00", "latency": 52}, {"date": "2023-02-13-14-00-00", "latency": 52}, {"date": "2023-02-13-14-00-00", "latency": 52}]}, {"location": {"country_code": "fr"}, "game_id": "135305", "values": [{"date": "2023-02-13-11-00-00", "latency": 2}]}, {"location": {"country_code": "mx"}, "game_id": "135305", "values": [{"date": "2023-02-13-21-00-00", "latency": 40}, {"date": "2023-02-14-00-00-00", "latency": 46}, {"date": "2023-02-13-04-00-00", "latency": 34}, {"date": "2023-02-13-04-00-00", "latency": 34}]}, {"location": {"country_code": "mx", "region": "Mexico City"}, "game_id": "135305", "values": [{"date": "2023-02-13-12-00-00", "latency": 3}]}, {"location": {"country_code": "in"}, "game_id": "135305", "values": [{"date": "2023-02-13-18-00-00", "latency": 141}, {"date": "2023-02-13-18-00-00", "latency": 141}]}, {"location": {"country_code": "in", "region": "West Bengal", "city": "Kolkata"}, "game_id": "135305", "values": [{"date": "2023-02-13-14-00-00", "latency": 7}]}, {"location": {"country_code": "br"}, "game_id": "135305", "values": [{"date": "2023-02-13-04-00-00", "latency": 16}, {"date": "2023-02-13-23-00-00", "latency": 14}, {"date": "2023-02-13-23-00-00", "latency": 14}, {"date": "2023-02-13-21-00-00", "latency": 5}, {"date": "2023-02-13-21-00-00", "latency": 48}, {"date": "2023-02-13-21-00-00", "latency": 48}, {"date": "2023-02-13-22-00-00", "latency": 14}, {"date": "2023-02-13-22-00-00", "latency": 14}, {"date": "2023-02-13-01-00-00", "latency": 15}]}, {"location": {"country_code": "br", "region": "Sao Paulo", "city": "Apiai"}, "game_id": "135305", "values": [{"date": "2023-02-13-02-00-00", "latency": 41}, {"date": "2023-02-13-02-00-00", "latency": 41}, {"date": "2023-02-13-02-00-00", "latency": 41}, {"date": "2023-02-13-02-00-00", "latency": 41}, {"date": "2023-02-13-23-00-00", "latency": 42}]}, {"location": {"country_code": "no"}, "game_id": "135305", "values": [{"date": "2023-02-13-23-00-00", "latency": 3}, {"date": "2023-02-13-23-00-00", "latency": 3}]}, {"location": {"country_code": "ec"}, "game_id": "135305", "values": [{"date": "2023-02-13-01-00-00", "latency": 9}, {"date": "2023-02-13-08-00-00", "latency": 2}, {"date": "2023-02-13-08-00-00", "latency": 2}]}, {"location": {"country_code": "ca", "region": "Ontario"}, "game_id": "135305", "values": [{"date": "2023-02-13-20-00-00", "latency": 29}, {"date": "2023-02-13-20-00-00", "latency": 29}, {"date": "2023-02-13-20-00-00", "latency": 29}, {"date": "2023-02-13-20-00-00", "latency": 29}]}, {"location": {"country_code": "kr"}, "game_id": "135305", "values": [{"date": "2023-02-13-14-00-00", "latency": 4}]}, {"location": {"country_code": "es"}, "game_id": "135305", "values": [{"date": "2023-02-13-16-00-00", "latency": 17}]}, {"location": {"country_code": "ar"}, "game_id": "135305", "values": [{"date": "2023-02-13-19-00-00", "latency": 74}, {"date": "2023-02-13-01-00-00", "latency": 74}]}, {"location": {"country_code": "vn"}, "game_id": "135305", "values": [{"date": "2023-02-13-15-00-00", "latency": 124}, {"date": "2023-02-13-15-00-00", "latency": 124}, {"date": "2023-02-13-15-00-00", "latency": 124}, {"date": "2023-02-13-15-00-00", "latency": 124}, {"date": "2023-02-13-15-00-00", "latency": 124}]}, {"location": {"country_code": "gt", "region": "Guatemala Department", "city": "Guatemala City"}, "game_id": "135305", "values": [{"date": "2023-02-13-05-00-00", "latency": 16}, {"date": "2023-02-13-05-00-00", "latency": 16}]}, {"location": {"country_code": "mx", "region": "Nuevo Leon"}, "game_id": "135305", "values": [{"date": "2023-02-13-09-00-00", "latency": 0}]}, {"location": {"country_code": "pe"}, "game_id": "135305", "values": [{"date": "2023-02-13-23-00-00", "latency": 7}]}, {"location": {"country_code": "sg"}, "game_id": "135305", "values": [{"date": "2023-02-13-19-00-00", "latency": 7}]}, {"location": {"country_code": "ca", "region": "Ontario", "city": "Toronto"}, "game_id": "135305", "values": [{"date": "2023-02-13-08-00-00", "latency": 3}]}, {"location": {"country_code": "ru"}, "game_id": "135305", "values": [{"date": "2023-02-13-08-00-00", "latency": 8}]}, {"location": {"country_code": "my"}, "game_id": "135305", "values": [{"date": "2023-02-13-16-00-00", "latency": 97}, {"date": "2023-02-13-16-00-00", "latency": 97}, {"date": "2023-02-13-16-00-00", "latency": 97}, {"date": "2023-02-13-16-00-00", "latency": 105}, {"date": "2023-02-13-16-00-00", "latency": 105}, {"date": "2023-02-13-16-00-00", "latency": 105}, {"date": "2023-02-13-16-00-00", "latency": 105}, {"date": "2023-02-13-16-00-00", "latency": 105}, {"date": "2023-02-13-16-00-00", "latency": 105}, {"date": "2023-02-13-16-00-00", "latency": 105}, {"date": "2023-02-13-16-00-00", "latency": 105}, {"date": "2023-02-13-16-00-00", "latency": 105}, {"date": "2023-02-13-16-00-00", "latency": 105}, {"date": "2023-02-13-16-00-00", "latency": 105}, {"date": "2023-02-13-16-00-00", "latency": 105}, {"date": "2023-02-13-16-00-00", "latency": 105}, {"date": "2023-02-13-15-00-00", "latency": 145}, {"date": "2023-02-13-15-00-00", "latency": 145}, {"date": "2023-02-13-16-00-00", "latency": 98}, {"date": "2023-02-13-16-00-00", "latency": 78}]}, {"location": {"country_code": "py"}, "game_id": "135305", "values": [{"date": "2023-02-13-13-00-00", "latency": 2}]}, {"location": {"country_code": "us", "region": "Hawaii", "city": "Kapolei"}, "game_id": "135305", "values": [{"date": "2023-02-14-01-00-00", "latency": 1}]}, {"location": {"country_code": "id"}, "game_id": "135305", "values": [{"date": "2023-02-13-07-00-00", "latency": 116}, {"date": "2023-02-13-07-00-00", "latency": 116}, {"date": "2023-02-13-07-00-00", "latency": 116}, {"date": "2023-02-13-07-00-00", "latency": 116}, {"date": "2023-02-13-07-00-00", "latency": 116}, {"date": "2023-02-13-07-00-00", "latency": 116}, {"date": "2023-02-13-07-00-00", "latency": 116}, {"date": "2023-02-13-07-00-00", "latency": 116}, {"date": "2023-02-13-07-00-00", "latency": 116}, {"date": "2023-02-13-17-00-00", "latency": 66}, {"date": "2023-02-13-17-00-00", "latency": 66}]}, {"location": {"country_code": "br", "region": "State of Rio de Janeiro", "city": "Angra dos Reis"}, "game_id": "135305", "values": [{"date": "2023-02-13-22-00-00", "latency": 13}]}, {"location": {"country_code": "fr", "region": "Ile-de-France Region", "city": "Paris"}, "game_id": "135305", "values": [{"date": "2023-02-13-23-00-00", "latency": 12}, {"date": "2023-02-13-23-00-00", "latency": 12}, {"date": "2023-02-13-23-00-00", "latency": 12}]}, {"location": {"country_code": "br", "region": "Rio Grande do Sul"}, "game_id": "135305", "values": [{"date": "2023-02-13-23-00-00", "latency": 46}]}, {"location": {"country_code": "pe", "region": "Lima region", "city": "Lima"}, "game_id": "135305", "values": [{"date": "2023-02-13-04-00-00", "latency": 2}, {"date": "2023-02-13-07-00-00", "latency": 6}]}, {"location": {"country_code": "ca", "region": "British Columbia", "city": "Richmond"}, "game_id": "135305", "values": [{"date": "2023-02-13-12-00-00", "latency": 71}]}, {"location": {"country_code": "br", "region": "Mato Grosso do Sul", "city": "Campo Grande"}, "game_id": "135305", "values": [{"date": "2023-02-14-00-00-00", "latency": 13}]}, {"location": {"country_code": "ca", "region": "British Columbia"}, "game_id": "135305", "values": [{"date": "2023-02-13-07-00-00", "latency": 4}]}, {"location": {"country_code": "es", "region": "Madrid"}, "game_id": "135305", "values": [{"date": "2023-02-13-23-00-00", "latency": 17}]}, {"location": {"country_code": "us", "region": "Oregon", "city": "Portland"}, "game_id": "135305", "values": [{"date": "2023-02-13-21-00-00", "latency": 42}]}, {"location": {"country_code": "sa", "region": "Riyadh Region", "city": "Wadi Ad Dawasir"}, "game_id": "135305", "values": [{"date": "2023-02-13-21-00-00", "latency": 8}]}, {"location": {"country_code": "br", "region": "Espirito Santo", "city": "Vila Velha"}, "game_id": "135305", "values": [{"date": "2023-02-13-11-00-00", "latency": 30}]}, {"location": {"country_code": "br", "region": "State of Rio de Janeiro", "city": "Niteroi"}, "game_id": "135305", "values": [{"date": "2023-02-13-19-00-00", "latency": 0}]}, {"location": {"country_code": "br", "region": "Rio Grande do Sul", "city": "Gravatai"}, "game_id": "135305", "values": [{"date": "2023-02-13-02-00-00", "latency": 15}]}, {"location": {"country_code": "ph", "region": "National Capital Region"}, "game_id": "135305", "values": [{"date": "2023-02-13-07-00-00", "latency": 7}]}, {"location": {"country_code": "fr", "region": "Centre-Val de Loire", "city": "Villedieu-sur-Indre"}, "game_id": "135305", "values": [{"date": "2023-02-13-01-00-00", "latency": 60}]}, {"location": {"country_code": "jp", "region": "Chiyoda"}, "game_id": "135305", "values": [{"date": "2023-02-13-18-00-00", "latency": 0}]}, {"location": {"country_code": "br", "region": "Goias", "city": "Cachoeira Dourada"}, "game_id": "135305", "values": [{"date": "2023-02-13-18-00-00", "latency": 45}]}], "last_updated": 1719919349.211462}