{"data": [{"location": {"country_code": "us"}, "game_id": "273486", "values": [{"date": "2022-02-14-07-00-00", "latency": 70}, {"date": "2022-02-14-07-00-00", "latency": 70}, {"date": "2022-02-14-07-00-00", "latency": 70}]}, {"location": {"country_code": "us", "region": "New York", "city": "Jamestown"}, "game_id": "273486", "values": [{"date": "2022-02-14-23-00-00", "latency": 47}, {"date": "2022-02-14-23-00-00", "latency": 47}]}, {"location": {"country_code": "gb"}, "game_id": "273486", "values": [{"date": "2022-02-14-16-00-00", "latency": 39}, {"date": "2022-02-14-16-00-00", "latency": 39}]}, {"location": {"country_code": "gb", "region": "England"}, "game_id": "273486", "values": [{"date": "2022-02-14-01-00-00", "latency": 78}]}, {"location": {"country_code": "ca", "region": "British Columbia", "city": "Richmond"}, "game_id": "273486", "values": [{"date": "2022-02-14-21-00-00", "latency": 82}, {"date": "2022-02-14-21-00-00", "latency": 82}]}, {"location": {"country_code": "de"}, "game_id": "273486", "values": [{"date": "2022-02-14-15-00-00", "latency": 27}, {"date": "2022-02-14-15-00-00", "latency": 27}, {"date": "2022-02-14-15-00-00", "latency": 27}, {"date": "2022-02-14-15-00-00", "latency": 27}]}, {"location": {"country_code": "us", "region": "South Carolina", "city": "Sumter"}, "game_id": "273486", "values": [{"date": "2022-02-14-21-00-00", "latency": 98}]}, {"location": {"country_code": "us", "region": "Texas"}, "game_id": "273486", "values": [{"date": "2022-02-14-11-00-00", "latency": 39}, {"date": "2022-02-14-11-00-00", "latency": 39}, {"date": "2022-02-14-11-00-00", "latency": 39}]}, {"location": {"country_code": "us", "region": "Ohio"}, "game_id": "273486", "values": [{"date": "2022-02-14-09-00-00", "latency": 105}, {"date": "2022-02-14-09-00-00", "latency": 105}]}, {"location": {"country_code": "us", "region": "California", "city": "East Los Angeles"}, "game_id": "273486", "values": [{"date": "2022-02-14-08-00-00", "latency": 113}, {"date": "2022-02-14-10-00-00", "latency": 78}]}, {"location": {"country_code": "au"}, "game_id": "273486", "values": [{"date": "2022-02-14-15-00-00", "latency": 66}]}, {"location": {"country_code": "au", "region": "Victoria", "city": "Geelong"}, "game_id": "273486", "values": [{"date": "2022-02-14-10-00-00", "latency": 50}]}, {"location": {"country_code": "us", "region": "Texas", "city": "Austin"}, "game_id": "273486", "values": [{"date": "2022-02-14-08-00-00", "latency": 74}]}, {"location": {"country_code": "sa"}, "game_id": "273486", "values": [{"date": "2022-02-14-22-00-00", "latency": 109}]}, {"location": {"country_code": "us", "region": "Virginia"}, "game_id": "273486", "values": [{"date": "2022-02-14-05-00-00", "latency": 59}]}, {"location": {"country_code": "us", "region": "Ohio", "city": "Cleveland"}, "game_id": "273486", "values": [{"date": "2022-02-14-16-00-00", "latency": 86}]}, {"location": {"country_code": "at"}, "game_id": "273486", "values": [{"date": "2022-02-14-05-00-00", "latency": 78}]}, {"location": {"country_code": "gb", "region": "England", "city": "London"}, "game_id": "273486", "values": [{"date": "2022-02-14-18-00-00", "latency": 82}, {"date": "2022-02-14-18-00-00", "latency": 82}, {"date": "2022-02-14-18-00-00", "latency": 82}, {"date": "2022-02-14-18-00-00", "latency": 82}, {"date": "2022-02-14-18-00-00", "latency": 82}, {"date": "2022-02-14-18-00-00", "latency": 82}]}, {"location": {"country_code": "us", "region": "Illinois"}, "game_id": "273486", "values": [{"date": "2022-02-14-10-00-00", "latency": 54}, {"date": "2022-02-14-10-00-00", "latency": 54}, {"date": "2022-02-14-10-00-00", "latency": 54}, {"date": "2022-02-14-10-00-00", "latency": 54}]}, {"location": {"country_code": "us", "region": "Pennsylvania"}, "game_id": "273486", "values": [{"date": "2022-02-14-08-00-00", "latency": 94}, {"date": "2022-02-14-08-00-00", "latency": 94}]}, {"location": {"country_code": "us", "region": "Minnesota"}, "game_id": "273486", "values": [{"date": "2022-02-14-03-00-00", "latency": 50}, {"date": "2022-02-14-03-00-00", "latency": 50}, {"date": "2022-02-14-03-00-00", "latency": 50}, {"date": "2022-02-14-08-00-00", "latency": 54}, {"date": "2022-02-14-08-00-00", "latency": 54}, {"date": "2022-02-14-08-00-00", "latency": 54}, {"date": "2022-02-14-08-00-00", "latency": 54}, {"date": "2022-02-14-08-00-00", "latency": 54}]}, {"location": {"country_code": "fr", "region": "Ile-de-France Region"}, "game_id": "273486", "values": [{"date": "2022-02-15-00-00-00", "latency": 50}]}, {"location": {"country_code": "us", "region": "Massachusetts", "city": "Boston"}, "game_id": "273486", "values": [{"date": "2022-02-14-20-00-00", "latency": 74}, {"date": "2022-02-14-20-00-00", "latency": 74}, {"date": "2022-02-14-20-00-00", "latency": 74}, {"date": "2022-02-14-20-00-00", "latency": 74}, {"date": "2022-02-14-20-00-00", "latency": 74}, {"date": "2022-02-14-20-00-00", "latency": 74}, {"date": "2022-02-14-20-00-00", "latency": 74}, {"date": "2022-02-14-20-00-00", "latency": 74}, {"date": "2022-02-14-20-00-00", "latency": 74}, {"date": "2022-02-14-20-00-00", "latency": 74}, {"date": "2022-02-15-00-00-00", "latency": 74}, {"date": "2022-02-15-00-00-00", "latency": 74}, {"date": "2022-02-15-00-00-00", "latency": 74}, {"date": "2022-02-15-00-00-00", "latency": 74}, {"date": "2022-02-15-00-00-00", "latency": 74}, {"date": "2022-02-15-00-00-00", "latency": 74}, {"date": "2022-02-15-00-00-00", "latency": 74}, {"date": "2022-02-15-00-00-00", "latency": 74}, {"date": "2022-02-15-00-00-00", "latency": 74}, {"date": "2022-02-15-00-00-00", "latency": 74}]}, {"location": {"country_code": "au", "region": "Queensland", "city": "Gold Coast"}, "game_id": "273486", "values": [{"date": "2022-02-14-23-00-00", "latency": 192}, {"date": "2022-02-14-23-00-00", "latency": 192}, {"date": "2022-02-14-23-00-00", "latency": 192}, {"date": "2022-02-14-23-00-00", "latency": 192}, {"date": "2022-02-14-23-00-00", "latency": 192}, {"date": "2022-02-14-23-00-00", "latency": 192}, {"date": "2022-02-14-23-00-00", "latency": 192}, {"date": "2022-02-14-23-00-00", "latency": 192}]}, {"location": {"country_code": "kw"}, "game_id": "273486", "values": [{"date": "2022-02-14-06-00-00", "latency": 58}, {"date": "2022-02-14-06-00-00", "latency": 58}, {"date": "2022-02-14-14-00-00", "latency": 70}, {"date": "2022-02-14-14-00-00", "latency": 70}, {"date": "2022-02-14-14-00-00", "latency": 70}]}, {"location": {"country_code": "us", "region": "Florida", "city": "Orlando"}, "game_id": "273486", "values": [{"date": "2022-02-14-03-00-00", "latency": 70}]}, {"location": {"country_code": "ca", "region": "Ontario", "city": "Ottawa"}, "game_id": "273486", "values": [{"date": "2022-02-14-04-00-00", "latency": 78}]}, {"location": {"country_code": "us", "region": "Washington", "city": "Tacoma"}, "game_id": "273486", "values": [{"date": "2022-02-14-10-00-00", "latency": 101}, {"date": "2022-02-14-10-00-00", "latency": 101}, {"date": "2022-02-14-10-00-00", "latency": 101}]}, {"location": {"country_code": "us", "region": "Alabama", "city": "Birmingham"}, "game_id": "273486", "values": [{"date": "2022-02-14-06-00-00", "latency": 70}]}, {"location": {"country_code": "us", "region": "Oregon"}, "game_id": "273486", "values": [{"date": "2022-02-14-07-00-00", "latency": 54}, {"date": "2022-02-14-07-00-00", "latency": 54}]}, {"location": {"country_code": "us", "region": "California", "city": "Long Beach"}, "game_id": "273486", "values": [{"date": "2022-02-14-09-00-00", "latency": 74}, {"date": "2022-02-14-09-00-00", "latency": 74}, {"date": "2022-02-14-09-00-00", "latency": 74}]}, {"location": {"country_code": "sa", "region": "Riyadh Region", "city": "Wadi Ad Dawasir"}, "game_id": "273486", "values": [{"date": "2022-02-14-16-00-00", "latency": 62}, {"date": "2022-02-14-12-00-00", "latency": 50}, {"date": "2022-02-14-12-00-00", "latency": 50}]}, {"location": {"country_code": "us", "region": "Louisiana", "city": "Lake Charles"}, "game_id": "273486", "values": [{"date": "2022-02-14-06-00-00", "latency": 70}]}, {"location": {"country_code": "us", "region": "New Hampshire", "city": "Lebanon"}, "game_id": "273486", "values": [{"date": "2022-02-14-10-00-00", "latency": 70}, {"date": "2022-02-14-10-00-00", "latency": 70}, {"date": "2022-02-14-10-00-00", "latency": 70}]}, {"location": {"country_code": "us", "region": "Ohio", "city": "Pataskala"}, "game_id": "273486", "values": [{"date": "2022-02-14-02-00-00", "latency": 203}, {"date": "2022-02-14-02-00-00", "latency": 203}]}, {"location": {"country_code": "us", "region": "Texas", "city": "Leander"}, "game_id": "273486", "values": [{"date": "2022-02-14-03-00-00", "latency": 43}, {"date": "2022-02-14-03-00-00", "latency": 43}, {"date": "2022-02-14-03-00-00", "latency": 43}, {"date": "2022-02-14-03-00-00", "latency": 43}, {"date": "2022-02-14-03-00-00", "latency": 43}, {"date": "2022-02-14-03-00-00", "latency": 43}]}], "last_updated": 1719927587.308874}