{"data": [{"location": {"country_code": "us"}, "game_id": "273486", "values": [{"date": "2023-12-17-21-00-00", "latency": 36}, {"date": "2023-12-17-21-00-00", "latency": 36}, {"date": "2023-12-17-21-00-00", "latency": 36}, {"date": "2023-12-17-21-00-00", "latency": 36}, {"date": "2023-12-17-21-00-00", "latency": 36}, {"date": "2023-12-17-21-00-00", "latency": 36}, {"date": "2023-12-17-21-00-00", "latency": 36}, {"date": "2023-12-17-21-00-00", "latency": 36}, {"date": "2023-12-17-16-00-00", "latency": 31}, {"date": "2023-12-17-16-00-00", "latency": 31}, {"date": "2023-12-17-16-00-00", "latency": 31}, {"date": "2023-12-17-16-00-00", "latency": 31}, {"date": "2023-12-17-16-00-00", "latency": 31}, {"date": "2023-12-17-16-00-00", "latency": 31}, {"date": "2023-12-17-16-00-00", "latency": 31}, {"date": "2023-12-17-16-00-00", "latency": 31}, {"date": "2023-12-17-16-00-00", "latency": 31}, {"date": "2023-12-17-16-00-00", "latency": 31}, {"date": "2023-12-17-16-00-00", "latency": 31}, {"date": "2023-12-17-16-00-00", "latency": 31}, {"date": "2023-12-17-16-00-00", "latency": 31}, {"date": "2023-12-17-16-00-00", "latency": 31}, {"date": "2023-12-17-16-00-00", "latency": 31}, {"date": "2023-12-17-16-00-00", "latency": 31}, {"date": "2023-12-17-16-00-00", "latency": 31}, {"date": "2023-12-17-16-00-00", "latency": 31}, {"date": "2023-12-17-16-00-00", "latency": 31}, {"date": "2023-12-17-16-00-00", "latency": 31}, {"date": "2023-12-17-16-00-00", "latency": 31}]}, {"location": {"country_code": "gb", "region": "Scotland"}, "game_id": "273486", "values": [{"date": "2023-12-18-00-00-00", "latency": 5}, {"date": "2023-12-18-00-00-00", "latency": 5}, {"date": "2023-12-18-00-00-00", "latency": 5}, {"date": "2023-12-18-00-00-00", "latency": 5}, {"date": "2023-12-18-00-00-00", "latency": 5}]}, {"location": {"country_code": "us", "region": "New Jersey"}, "game_id": "273486", "values": [{"date": "2023-12-18-01-00-00", "latency": 4}, {"date": "2023-12-18-01-00-00", "latency": 4}, {"date": "2023-12-18-01-00-00", "latency": 4}, {"date": "2023-12-18-01-00-00", "latency": 4}, {"date": "2023-12-18-01-00-00", "latency": 4}]}, {"location": {"country_code": "us", "region": "Hawaii"}, "game_id": "273486", "values": [{"date": "2023-12-17-20-00-00", "latency": 94}, {"date": "2023-12-17-20-00-00", "latency": 94}]}, {"location": {"country_code": "gd"}, "game_id": "273486", "values": [{"date": "2023-12-17-13-00-00", "latency": 39}, {"date": "2023-12-17-13-00-00", "latency": 39}, {"date": "2023-12-17-13-00-00", "latency": 39}, {"date": "2023-12-17-13-00-00", "latency": 39}, {"date": "2023-12-17-13-00-00", "latency": 39}, {"date": "2023-12-17-13-00-00", "latency": 39}, {"date": "2023-12-17-13-00-00", "latency": 39}, {"date": "2023-12-17-13-00-00", "latency": 39}, {"date": "2023-12-17-13-00-00", "latency": 39}, {"date": "2023-12-17-13-00-00", "latency": 39}, {"date": "2023-12-17-13-00-00", "latency": 39}, {"date": "2023-12-17-13-00-00", "latency": 39}, {"date": "2023-12-17-13-00-00", "latency": 39}]}, {"location": {"country_code": "us", "region": "North Carolina", "city": "Durham"}, "game_id": "273486", "values": [{"date": "2023-12-17-20-00-00", "latency": 28}, {"date": "2023-12-17-20-00-00", "latency": 28}, {"date": "2023-12-17-20-00-00", "latency": 28}, {"date": "2023-12-17-20-00-00", "latency": 28}, {"date": "2023-12-17-20-00-00", "latency": 28}, {"date": "2023-12-17-20-00-00", "latency": 28}, {"date": "2023-12-17-20-00-00", "latency": 28}, {"date": "2023-12-17-20-00-00", "latency": 28}, {"date": "2023-12-17-20-00-00", "latency": 28}, {"date": "2023-12-17-20-00-00", "latency": 28}, {"date": "2023-12-17-20-00-00", "latency": 28}, {"date": "2023-12-17-20-00-00", "latency": 28}, {"date": "2023-12-17-20-00-00", "latency": 28}, {"date": "2023-12-17-20-00-00", "latency": 28}, {"date": "2023-12-17-20-00-00", "latency": 28}, {"date": "2023-12-17-20-00-00", "latency": 28}, {"date": "2023-12-17-20-00-00", "latency": 28}, {"date": "2023-12-17-20-00-00", "latency": 28}, {"date": "2023-12-17-20-00-00", "latency": 28}, {"date": "2023-12-17-20-00-00", "latency": 28}, {"date": "2023-12-17-20-00-00", "latency": 28}, {"date": "2023-12-17-20-00-00", "latency": 28}, {"date": "2023-12-17-20-00-00", "latency": 28}, {"date": "2023-12-17-20-00-00", "latency": 28}, {"date": "2023-12-17-20-00-00", "latency": 28}, {"date": "2023-12-17-20-00-00", "latency": 28}, {"date": "2023-12-17-20-00-00", "latency": 28}, {"date": "2023-12-17-20-00-00", "latency": 28}, {"date": "2023-12-17-20-00-00", "latency": 28}, {"date": "2023-12-17-20-00-00", "latency": 28}, {"date": "2023-12-17-20-00-00", "latency": 28}, {"date": "2023-12-17-20-00-00", "latency": 28}]}, {"location": {"country_code": "us", "region": "California", "city": "Long Beach"}, "game_id": "273486", "values": [{"date": "2023-12-17-04-00-00", "latency": 2}]}], "last_updated": 1719926586.947147}