{"data": [{"location": {"country_code": "us"}, "game_id": "273486", "values": [{"date": "2023-12-31-21-00-00", "latency": 98}, {"date": "2023-12-31-21-00-00", "latency": 98}, {"date": "2023-12-31-21-00-00", "latency": 98}]}, {"location": {"country_code": "gb"}, "game_id": "273486", "values": [{"date": "2023-12-31-01-00-00", "latency": 98}, {"date": "2023-12-31-01-00-00", "latency": 98}]}, {"location": {"country_code": "us", "region": "Texas"}, "game_id": "273486", "values": [{"date": "2023-12-31-10-00-00", "latency": 39}, {"date": "2023-12-31-10-00-00", "latency": 39}, {"date": "2023-12-31-10-00-00", "latency": 39}, {"date": "2023-12-31-10-00-00", "latency": 39}, {"date": "2023-12-31-10-00-00", "latency": 39}, {"date": "2023-12-31-10-00-00", "latency": 39}, {"date": "2023-12-31-10-00-00", "latency": 39}, {"date": "2023-12-31-10-00-00", "latency": 39}, {"date": "2023-12-31-10-00-00", "latency": 39}, {"date": "2023-12-31-10-00-00", "latency": 39}, {"date": "2023-12-31-10-00-00", "latency": 39}, {"date": "2023-12-31-10-00-00", "latency": 39}, {"date": "2023-12-31-10-00-00", "latency": 39}, {"date": "2023-12-31-10-00-00", "latency": 39}, {"date": "2023-12-31-10-00-00", "latency": 39}, {"date": "2023-12-31-10-00-00", "latency": 39}, {"date": "2023-12-31-10-00-00", "latency": 39}]}, {"location": {"country_code": "ph"}, "game_id": "273486", "values": [{"date": "2023-12-31-10-00-00", "latency": 47}, {"date": "2023-12-31-10-00-00", "latency": 47}, {"date": "2023-12-31-10-00-00", "latency": 47}, {"date": "2023-12-31-10-00-00", "latency": 47}, {"date": "2023-12-31-10-00-00", "latency": 47}, {"date": "2023-12-31-10-00-00", "latency": 47}]}, {"location": {"country_code": "ar"}, "game_id": "273486", "values": [{"date": "2023-12-31-16-00-00", "latency": 8}, {"date": "2023-12-31-16-00-00", "latency": 8}, {"date": "2023-12-31-16-00-00", "latency": 8}, {"date": "2023-12-31-16-00-00", "latency": 8}, {"date": "2023-12-31-16-00-00", "latency": 8}, {"date": "2023-12-31-16-00-00", "latency": 8}]}, {"location": {"country_code": "es", "region": "Andalusia", "city": "Seville"}, "game_id": "273486", "values": [{"date": "2023-12-31-19-00-00", "latency": 33}, {"date": "2023-12-31-19-00-00", "latency": 33}, {"date": "2023-12-31-19-00-00", "latency": 33}, {"date": "2023-12-31-19-00-00", "latency": 33}, {"date": "2023-12-31-19-00-00", "latency": 33}, {"date": "2023-12-31-19-00-00", "latency": 33}, {"date": "2023-12-31-19-00-00", "latency": 33}]}, {"location": {"country_code": "us", "region": "West Virginia"}, "game_id": "273486", "values": [{"date": "2023-12-31-07-00-00", "latency": 8}, {"date": "2023-12-31-07-00-00", "latency": 8}, {"date": "2023-12-31-07-00-00", "latency": 8}, {"date": "2023-12-31-07-00-00", "latency": 8}, {"date": "2023-12-31-07-00-00", "latency": 8}, {"date": "2023-12-31-07-00-00", "latency": 8}, {"date": "2023-12-31-07-00-00", "latency": 8}, {"date": "2023-12-31-07-00-00", "latency": 8}, {"date": "2023-12-31-07-00-00", "latency": 8}, {"date": "2023-12-31-07-00-00", "latency": 8}, {"date": "2023-12-31-07-00-00", "latency": 8}, {"date": "2023-12-31-07-00-00", "latency": 8}, {"date": "2023-12-31-07-00-00", "latency": 8}, {"date": "2023-12-31-07-00-00", "latency": 8}, {"date": "2023-12-31-07-00-00", "latency": 8}, {"date": "2023-12-31-07-00-00", "latency": 8}, {"date": "2023-12-31-07-00-00", "latency": 8}, {"date": "2023-12-31-07-00-00", "latency": 8}, {"date": "2023-12-31-07-00-00", "latency": 8}, {"date": "2023-12-31-07-00-00", "latency": 8}, {"date": "2023-12-31-07-00-00", "latency": 8}, {"date": "2023-12-31-07-00-00", "latency": 8}, {"date": "2023-12-31-07-00-00", "latency": 8}, {"date": "2023-12-31-07-00-00", "latency": 8}, {"date": "2023-12-31-07-00-00", "latency": 8}, {"date": "2023-12-31-07-00-00", "latency": 8}, {"date": "2023-12-31-07-00-00", "latency": 8}, {"date": "2023-12-31-07-00-00", "latency": 8}, {"date": "2023-12-31-07-00-00", "latency": 8}, {"date": "2023-12-31-07-00-00", "latency": 8}, {"date": "2023-12-31-07-00-00", "latency": 8}, {"date": "2023-12-31-07-00-00", "latency": 8}, {"date": "2023-12-31-07-00-00", "latency": 8}, {"date": "2023-12-31-07-00-00", "latency": 8}, {"date": "2023-12-31-07-00-00", "latency": 8}]}, {"location": {"country_code": "us", "region": "California", "city": "Long Beach"}, "game_id": "273486", "values": [{"date": "2023-12-31-02-00-00", "latency": 2}]}], "last_updated": 1719926586.963993}