{"data": [{"location": {"country_code": "us"}, "game_id": "116088", "values": [{"date": "2022-10-24-18-00-00", "latency": 63}, {"date": "2022-10-24-18-00-00", "latency": 63}, {"date": "2022-10-24-18-00-00", "latency": 63}, {"date": "2022-10-24-18-00-00", "latency": 63}]}, {"location": {"country_code": "th"}, "game_id": "116088", "values": [{"date": "2022-10-24-19-00-00", "latency": 14}]}, {"location": {"country_code": "gr"}, "game_id": "116088", "values": [{"date": "2022-10-24-18-00-00", "latency": 52}, {"date": "2022-10-24-18-00-00", "latency": 52}, {"date": "2022-10-24-18-00-00", "latency": 52}, {"date": "2022-10-24-18-00-00", "latency": 52}]}, {"location": {"country_code": "it"}, "game_id": "116088", "values": [{"date": "2022-10-24-12-00-00", "latency": 8}]}, {"location": {"country_code": "ro"}, "game_id": "116088", "values": [{"date": "2022-10-24-10-00-00", "latency": 3}]}, {"location": {"country_code": "jp"}, "game_id": "116088", "values": [{"date": "2022-10-24-19-00-00", "latency": 32}, {"date": "2022-10-24-19-00-00", "latency": 32}, {"date": "2022-10-25-02-00-00", "latency": 26}]}, {"location": {"country_code": "ph"}, "game_id": "116088", "values": [{"date": "2022-10-24-18-00-00", "latency": 4}]}, {"location": {"country_code": "br"}, "game_id": "116088", "values": [{"date": "2022-10-24-18-00-00", "latency": 101}]}, {"location": {"country_code": "se"}, "game_id": "116088", "values": [{"date": "2022-10-24-13-00-00", "latency": 10}, {"date": "2022-10-24-13-00-00", "latency": 10}, {"date": "2022-10-24-13-00-00", "latency": 10}, {"date": "2022-10-24-13-00-00", "latency": 10}, {"date": "2022-10-24-13-00-00", "latency": 10}, {"date": "2022-10-24-13-00-00", "latency": 10}]}, {"location": {"country_code": "tr"}, "game_id": "116088", "values": [{"date": "2022-10-24-15-00-00", "latency": 8}]}, {"location": {"country_code": "ar"}, "game_id": "116088", "values": [{"date": "2022-10-24-05-00-00", "latency": 39}, {"date": "2022-10-24-05-00-00", "latency": 39}, {"date": "2022-10-24-05-00-00", "latency": 39}, {"date": "2022-10-24-05-00-00", "latency": 39}, {"date": "2022-10-24-05-00-00", "latency": 39}]}, {"location": {"country_code": "bo", "region": "Santa Cruz Department"}, "game_id": "116088", "values": [{"date": "2022-10-24-03-00-00", "latency": 42}, {"date": "2022-10-24-03-00-00", "latency": 42}]}, {"location": {"country_code": "by", "region": "Minsk"}, "game_id": "116088", "values": [{"date": "2022-10-24-03-00-00", "latency": 8}]}, {"location": {"country_code": "fi"}, "game_id": "116088", "values": [{"date": "2022-10-24-12-00-00", "latency": 39}, {"date": "2022-10-24-21-00-00", "latency": 38}, {"date": "2022-10-24-21-00-00", "latency": 38}]}, {"location": {"country_code": "in", "region": "Maharashtra", "city": "Navi Mumbai"}, "game_id": "116088", "values": [{"date": "2022-10-24-11-00-00", "latency": 51}, {"date": "2022-10-24-11-00-00", "latency": 51}, {"date": "2022-10-24-11-00-00", "latency": 51}, {"date": "2022-10-24-11-00-00", "latency": 51}, {"date": "2022-10-24-11-00-00", "latency": 51}, {"date": "2022-10-24-11-00-00", "latency": 51}, {"date": "2022-10-24-11-00-00", "latency": 51}, {"date": "2022-10-24-11-00-00", "latency": 51}, {"date": "2022-10-24-11-00-00", "latency": 51}, {"date": "2022-10-24-11-00-00", "latency": 51}, {"date": "2022-10-24-11-00-00", "latency": 51}, {"date": "2022-10-24-11-00-00", "latency": 51}, {"date": "2022-10-24-11-00-00", "latency": 51}, {"date": "2022-10-24-11-00-00", "latency": 51}, {"date": "2022-10-24-11-00-00", "latency": 51}, {"date": "2022-10-24-11-00-00", "latency": 51}, {"date": "2022-10-24-11-00-00", "latency": 51}, {"date": "2022-10-24-11-00-00", "latency": 51}]}, {"location": {"country_code": "us", "region": "Nevada", "city": "Las Vegas"}, "game_id": "116088", "values": [{"date": "2022-10-24-12-00-00", "latency": 110}, {"date": "2022-10-24-12-00-00", "latency": 110}, {"date": "2022-10-24-12-00-00", "latency": 110}, {"date": "2022-10-24-12-00-00", "latency": 110}, {"date": "2022-10-24-12-00-00", "latency": 110}, {"date": "2022-10-24-12-00-00", "latency": 110}, {"date": "2022-10-24-12-00-00", "latency": 110}, {"date": "2022-10-24-12-00-00", "latency": 110}]}, {"location": {"country_code": "pe"}, "game_id": "116088", "values": [{"date": "2022-10-24-02-00-00", "latency": 5}]}, {"location": {"country_code": "ua"}, "game_id": "116088", "values": [{"date": "2022-10-25-01-00-00", "latency": 64}, {"date": "2022-10-25-01-00-00", "latency": 64}, {"date": "2022-10-25-02-00-00", "latency": 7}, {"date": "2022-10-24-17-00-00", "latency": 0}, {"date": "2022-10-24-21-00-00", "latency": 12}, {"date": "2022-10-24-04-00-00", "latency": 82}, {"date": "2022-10-24-04-00-00", "latency": 82}, {"date": "2022-10-24-16-00-00", "latency": 40}, {"date": "2022-10-24-16-00-00", "latency": 40}, {"date": "2022-10-24-16-00-00", "latency": 40}]}, {"location": {"country_code": "ru"}, "game_id": "116088", "values": [{"date": "2022-10-24-08-00-00", "latency": 39}, {"date": "2022-10-24-08-00-00", "latency": 39}]}, {"location": {"country_code": "my"}, "game_id": "116088", "values": [{"date": "2022-10-24-14-00-00", "latency": 0}]}, {"location": {"country_code": "br", "region": "State of Rio de Janeiro", "city": "Angra dos Reis"}, "game_id": "116088", "values": [{"date": "2022-10-25-02-00-00", "latency": 15}, {"date": "2022-10-25-02-00-00", "latency": 15}, {"date": "2022-10-25-02-00-00", "latency": 15}, {"date": "2022-10-25-02-00-00", "latency": 15}, {"date": "2022-10-25-02-00-00", "latency": 15}]}, {"location": {"country_code": "by"}, "game_id": "116088", "values": [{"date": "2022-10-24-16-00-00", "latency": 42}, {"date": "2022-10-24-16-00-00", "latency": 42}, {"date": "2022-10-24-16-00-00", "latency": 42}, {"date": "2022-10-24-16-00-00", "latency": 42}, {"date": "2022-10-24-16-00-00", "latency": 42}, {"date": "2022-10-24-16-00-00", "latency": 42}, {"date": "2022-10-24-16-00-00", "latency": 42}, {"date": "2022-10-24-16-00-00", "latency": 42}, {"date": "2022-10-24-16-00-00", "latency": 42}, {"date": "2022-10-24-16-00-00", "latency": 42}]}, {"location": {"country_code": "ca", "region": "British Columbia", "city": "Richmond"}, "game_id": "116088", "values": [{"date": "2022-10-25-01-00-00", "latency": 71}, {"date": "2022-10-25-01-00-00", "latency": 71}, {"date": "2022-10-25-01-00-00", "latency": 71}, {"date": "2022-10-24-03-00-00", "latency": 20}, {"date": "2022-10-24-03-00-00", "latency": 20}, {"date": "2022-10-24-03-00-00", "latency": 20}]}, {"location": {"country_code": "ua", "region": "Kharkiv Oblast", "city": "Kharkiv"}, "game_id": "116088", "values": [{"date": "2022-10-24-07-00-00", "latency": 0}]}, {"location": {"country_code": "us", "region": "Washington", "city": "Seattle"}, "game_id": "116088", "values": [{"date": "2022-10-24-04-00-00", "latency": 10}, {"date": "2022-10-24-04-00-00", "latency": 10}]}, {"location": {"country_code": "ru", "region": "Krasnoyarsk Krai", "city": "Norilsk"}, "game_id": "116088", "values": [{"date": "2022-10-24-20-00-00", "latency": 82}, {"date": "2022-10-24-20-00-00", "latency": 82}]}, {"location": {"country_code": "ne"}, "game_id": "116088", "values": [{"date": "2022-10-24-14-00-00", "latency": 39}, {"date": "2022-10-24-14-00-00", "latency": 39}]}, {"location": {"country_code": "ru", "region": "Tomsk Oblast"}, "game_id": "116088", "values": [{"date": "2022-10-24-08-00-00", "latency": 62}, {"date": "2022-10-24-08-00-00", "latency": 62}, {"date": "2022-10-24-08-00-00", "latency": 62}, {"date": "2022-10-24-08-00-00", "latency": 62}, {"date": "2022-10-24-08-00-00", "latency": 62}, {"date": "2022-10-24-08-00-00", "latency": 62}]}, {"location": {"country_code": "ru", "region": "Novosibirsk Oblast", "city": "Novosibirsk"}, "game_id": "116088", "values": [{"date": "2022-10-24-05-00-00", "latency": 9}]}, {"location": {"country_code": "lk"}, "game_id": "116088", "values": [{"date": "2022-10-24-09-00-00", "latency": 12}]}, {"location": {"country_code": "pe", "region": "Arequipa", "city": "Arequipa"}, "game_id": "116088", "values": [{"date": "2022-10-24-21-00-00", "latency": 70}]}, {"location": {"country_code": "br", "region": "Goias"}, "game_id": "116088", "values": [{"date": "2022-10-24-20-00-00", "latency": 13}, {"date": "2022-10-24-20-00-00", "latency": 13}, {"date": "2022-10-24-20-00-00", "latency": 13}, {"date": "2022-10-24-20-00-00", "latency": 13}, {"date": "2022-10-24-20-00-00", "latency": 13}]}, {"location": {"country_code": "ru", "region": "Voronezh Oblast", "city": "Voronezh"}, "game_id": "116088", "values": [{"date": "2022-10-25-02-00-00", "latency": 29}, {"date": "2022-10-25-02-00-00", "latency": 29}, {"date": "2022-10-25-02-00-00", "latency": 29}, {"date": "2022-10-25-02-00-00", "latency": 29}, {"date": "2022-10-25-02-00-00", "latency": 29}, {"date": "2022-10-25-02-00-00", "latency": 29}, {"date": "2022-10-25-02-00-00", "latency": 29}, {"date": "2022-10-25-02-00-00", "latency": 29}, {"date": "2022-10-25-02-00-00", "latency": 29}, {"date": "2022-10-25-02-00-00", "latency": 29}]}, {"location": {"country_code": "ru", "region": "Bashkortostan Republic", "city": "Ufa"}, "game_id": "116088", "values": [{"date": "2022-10-25-00-00-00", "latency": 0}]}, {"location": {"country_code": "in", "region": "Maharashtra", "city": "Pune"}, "game_id": "116088", "values": [{"date": "2022-10-24-12-00-00", "latency": 6}]}, {"location": {"country_code": "ru", "region": "Irkutsk Oblast", "city": "Bratsk"}, "game_id": "116088", "values": [{"date": "2022-10-25-01-00-00", "latency": 73}, {"date": "2022-10-25-01-00-00", "latency": 73}, {"date": "2022-10-25-01-00-00", "latency": 73}]}, {"location": {"country_code": "jp", "region": "Mitaka"}, "game_id": "116088", "values": [{"date": "2022-10-24-11-00-00", "latency": 3}]}, {"location": {"country_code": "ru", "region": "Krasnoyarsk Krai", "city": "Achinsk"}, "game_id": "116088", "values": [{"date": "2022-10-24-13-00-00", "latency": 8}]}, {"location": {"country_code": "cz", "region": "Plzen Region", "city": "Zbiroh"}, "game_id": "116088", "values": [{"date": "2022-10-24-20-00-00", "latency": 1}]}, {"location": {"country_code": "ru", "region": "Sakha", "city": "Zhatay"}, "game_id": "116088", "values": [{"date": "2022-10-24-16-00-00", "latency": 17}, {"date": "2022-10-24-16-00-00", "latency": 17}]}], "last_updated": 1719919368.407003}