{"data": [{"location": {"country_code": "us"}, "game_id": "747108", "values": [{"date": "2023-09-02-04-00-00", "alternatives": ["31", "31", "3"]}, {"date": "2023-09-02-04-00-00", "alternatives": ["31", "31", "3"]}, {"date": "2023-09-02-04-00-00", "alternatives": ["31", "31", "3"]}, {"date": "2023-09-02-04-00-00", "alternatives": ["31", "31", "3"]}, {"date": "2023-09-02-06-00-00", "alternatives": ["78", "78", "8"]}, {"date": "2023-09-02-06-00-00", "alternatives": ["78", "78", "8"]}, {"date": "2023-09-02-06-00-00", "alternatives": ["78", "78", "8"]}, {"date": "2023-09-02-06-00-00", "alternatives": ["78", "78", "8"]}, {"date": "2023-09-02-06-00-00", "alternatives": ["78", "78", "8"]}, {"date": "2023-09-02-06-00-00", "alternatives": ["78", "78", "8"]}, {"date": "2023-09-02-06-00-00", "alternatives": ["78", "78", "8"]}, {"date": "2023-09-02-06-00-00", "alternatives": ["78", "78", "8"]}, {"date": "2023-09-02-06-00-00", "alternatives": ["78", "78", "8"]}, {"date": "2023-09-02-06-00-00", "alternatives": ["78", "78", "8"]}, {"date": "2023-09-02-06-00-00", "alternatives": ["78", "78", "8"]}, {"date": "2023-09-02-06-00-00", "alternatives": [1, 213, 218, 21, 218, 218]}, {"date": "2023-09-02-06-00-00", "alternatives": [1, 213, 218, 21, 218, 218]}, {"date": "2023-09-02-06-00-00", "alternatives": [1, 213, 218, 21, 218, 218]}, {"date": "2023-09-02-06-00-00", "alternatives": [1, 213, 218, 21, 218, 218]}, {"date": "2023-09-02-06-00-00", "alternatives": [1, 213, 218, 21, 218, 218]}, {"date": "2023-09-02-06-00-00", "alternatives": [1, 213, 218, 21, 218, 218]}]}, {"location": {"country_code": "de", "region": "Berlin", "city": "Berlin"}, "game_id": "747108", "values": [{"date": "2023-09-03-00-00-00", "alternatives": ["1", "15", "15"]}, {"date": "2023-09-03-00-00-00", "alternatives": ["1", "15", "15"]}, {"date": "2023-09-03-00-00-00", "alternatives": ["1", "15", "15"]}, {"date": "2023-09-03-00-00-00", "alternatives": ["1", "15", "15"]}, {"date": "2023-09-03-00-00-00", "alternatives": ["1", "15", "15"]}, {"date": "2023-09-03-00-00-00", "alternatives": ["1", "15", "15"]}, {"date": "2023-09-03-00-00-00", "alternatives": ["1", "15", "15"]}, {"date": "2023-09-03-00-00-00", "alternatives": ["1", "15", "15"]}]}, {"location": {"country_code": "gb"}, "game_id": "747108", "values": [{"date": "2023-09-03-00-00-00", "alternatives": ["3", "31", "3"]}, {"date": "2023-09-03-00-00-00", "alternatives": ["3", "31", "3"]}, {"date": "2023-09-03-00-00-00", "alternatives": ["3", "31", "3"]}, {"date": "2023-09-03-00-00-00", "alternatives": ["3", "31", "3"]}, {"date": "2023-09-03-00-00-00", "alternatives": ["3", "31", "3"]}, {"date": "2023-09-03-00-00-00", "alternatives": ["3", "31", "3"]}, {"date": "2023-09-03-00-00-00", "alternatives": ["3", "31", "3"]}, {"date": "2023-09-03-00-00-00", "alternatives": ["3", "31", "3"]}]}, {"location": {"country_code": "pa"}, "game_id": "747108", "values": [{"date": "2023-09-03-02-00-00", "alternatives": [78075, 78, 18, 780, 78, 78]}, {"date": "2023-09-03-02-00-00", "alternatives": [78075, 78, 18, 780, 78, 78]}, {"date": "2023-09-03-02-00-00", "alternatives": [78075, 78, 18, 780, 78, 78]}, {"date": "2023-09-03-02-00-00", "alternatives": [78075, 78, 18, 780, 78, 78]}, {"date": "2023-09-03-02-00-00", "alternatives": [78075, 78, 18, 780, 78, 78]}, {"date": "2023-09-03-02-00-00", "alternatives": [78075, 78, 18, 780, 78, 78]}, {"date": "2023-09-03-02-00-00", "alternatives": [78075, 78, 18, 780, 78, 78]}, {"date": "2023-09-03-02-00-00", "alternatives": [78075, 78, 18, 780, 78, 78]}, {"date": "2023-09-03-02-00-00", "alternatives": [78075, 78, 18, 780, 78, 78]}, {"date": "2023-09-03-02-00-00", "alternatives": [78075, 78, 18, 780, 78, 78]}, {"date": "2023-09-03-02-00-00", "alternatives": [78075, 78, 18, 780, 78, 78]}, {"date": "2023-09-03-02-00-00", "alternatives": [78075, 78, 18, 780, 78, 78]}, {"date": "2023-09-03-02-00-00", "alternatives": [78075, 78, 18, 780, 78, 78]}, {"date": "2023-09-03-02-00-00", "alternatives": [78075, 78, 18, 780, 78, 78]}, {"date": "2023-09-03-02-00-00", "alternatives": [78075, 78, 18, 780, 78, 78]}, {"date": "2023-09-03-02-00-00", "alternatives": [78075, 78, 18, 780, 78, 78]}, {"date": "2023-09-03-02-00-00", "alternatives": [78075, 78, 18, 780, 78, 78]}, {"date": "2023-09-03-02-00-00", "alternatives": [78075, 78, 18, 780, 78, 78]}, {"date": "2023-09-03-02-00-00", "alternatives": [78075, 78, 18, 780, 78, 78]}, {"date": "2023-09-03-02-00-00", "alternatives": [78075, 78, 18, 780, 78, 78]}, {"date": "2023-09-03-02-00-00", "alternatives": [78075, 78, 18, 780, 78, 78]}, {"date": "2023-09-03-02-00-00", "alternatives": [78075, 78, 18, 780, 78, 78]}, {"date": "2023-09-03-02-00-00", "alternatives": [78075, 78, 18, 780, 78, 78]}, {"date": "2023-09-03-02-00-00", "alternatives": [78075, 78, 18, 780, 78, 78]}, {"date": "2023-09-03-02-00-00", "alternatives": [78075, 78, 18, 780, 78, 78]}, {"date": "2023-09-03-02-00-00", "alternatives": [78075, 78, 18, 780, 78, 78]}, {"date": "2023-09-03-02-00-00", "alternatives": [78075, 78, 18, 780, 78, 78]}, {"date": "2023-09-03-02-00-00", "alternatives": [78075, 78, 18, 780, 78, 78]}, {"date": "2023-09-03-02-00-00", "alternatives": [78075, 78, 18, 780, 78, 78]}, {"date": "2023-09-03-02-00-00", "alternatives": [78075, 78, 18, 780, 78, 78]}, {"date": "2023-09-03-02-00-00", "alternatives": [78075, 78, 18, 780, 78, 78]}, {"date": "2023-09-03-02-00-00", "alternatives": [78075, 78, 18, 780, 78, 78]}, {"date": "2023-09-03-02-00-00", "alternatives": [78075, 78, 18, 780, 78, 78]}, {"date": "2023-09-03-02-00-00", "alternatives": [78075, 78, 18, 780, 78, 78]}, {"date": "2023-09-03-02-00-00", "alternatives": [78075, 78, 18, 780, 78, 78]}, {"date": "2023-09-03-02-00-00", "alternatives": [78075, 78, 18, 780, 78, 78]}, {"date": "2023-09-03-02-00-00", "alternatives": [78075, 78, 18, 780, 78, 78]}, {"date": "2023-09-03-02-00-00", "alternatives": [78075, 78, 18, 780, 78, 78]}, {"date": "2023-09-03-02-00-00", "alternatives": [78075, 78, 18, 780, 78, 78]}, {"date": "2023-09-03-02-00-00", "alternatives": [78075, 78, 18, 780, 78, 78]}, {"date": "2023-09-03-02-00-00", "alternatives": [78075, 78, 18, 780, 78, 78]}, {"date": "2023-09-03-02-00-00", "alternatives": [78075, 78, 18, 780, 78, 78]}, {"date": "2023-09-03-02-00-00", "alternatives": [78075, 78, 18, 780, 78, 78]}, {"date": "2023-09-03-02-00-00", "alternatives": [78075, 78, 18, 780, 78, 78]}, {"date": "2023-09-03-02-00-00", "alternatives": [78075, 78, 18, 780, 78, 78]}, {"date": "2023-09-03-02-00-00", "alternatives": [78075, 78, 18, 780, 78, 78]}, {"date": "2023-09-03-02-00-00", "alternatives": [78075, 78, 18, 780, 78, 78]}, {"date": "2023-09-03-02-00-00", "alternatives": [78075, 78, 18, 780, 78, 78]}, {"date": "2023-09-03-02-00-00", "alternatives": [78075, 78, 18, 780, 78, 78]}, {"date": "2023-09-03-02-00-00", "alternatives": [78075, 78, 18, 780, 78, 78]}, {"date": "2023-09-03-02-00-00", "alternatives": [78075, 78, 18, 780, 78, 78]}, {"date": "2023-09-03-02-00-00", "alternatives": [78075, 78, 18, 780, 78, 78]}, {"date": "2023-09-03-02-00-00", "alternatives": [78075, 78, 18, 780, 78, 78]}, {"date": "2023-09-03-02-00-00", "alternatives": [78075, 78, 18, 780, 78, 78]}, {"date": "2023-09-03-02-00-00", "alternatives": [78075, 78, 18, 780, 78, 78]}, {"date": "2023-09-03-02-00-00", "alternatives": [78075, 78, 18, 780, 78, 78]}, {"date": "2023-09-03-02-00-00", "alternatives": [78075, 78, 18, 780, 78, 78]}, {"date": "2023-09-03-02-00-00", "alternatives": [78075, 78, 18, 780, 78, 78]}, {"date": "2023-09-03-02-00-00", "alternatives": [78075, 78, 18, 780, 78, 78]}, {"date": "2023-09-03-02-00-00", "alternatives": [78075, 78, 18, 780, 78, 78]}, {"date": "2023-09-03-02-00-00", "alternatives": [78075, 78, 18, 780, 78, 78]}, {"date": "2023-09-03-02-00-00", "alternatives": [78075, 78, 18, 780, 78, 78]}, {"date": "2023-09-03-02-00-00", "alternatives": [78075, 78, 18, 780, 78, 78]}, {"date": "2023-09-03-02-00-00", "alternatives": [78075, 78, 18, 780, 78, 78]}, {"date": "2023-09-03-02-00-00", "alternatives": [78075, 78, 18, 780, 78, 78]}, {"date": "2023-09-03-02-00-00", "alternatives": [78075, 78, 18, 780, 78, 78]}]}, {"location": {"country_code": "ro"}, "game_id": "747108", "values": [{"date": "2023-09-02-15-00-00", "alternatives": [31, 311, 3, 3, 3]}, {"date": "2023-09-02-15-00-00", "alternatives": [31, 311, 3, 3, 3]}, {"date": "2023-09-02-15-00-00", "alternatives": [31, 311, 3, 3, 3]}, {"date": "2023-09-02-15-00-00", "alternatives": [31, 311, 3, 3, 3]}, {"date": "2023-09-02-15-00-00", "alternatives": [31, 311, 3, 3, 3]}, {"date": "2023-09-02-15-00-00", "alternatives": [31, 311, 3, 3, 3]}, {"date": "2023-09-02-15-00-00", "alternatives": [31, 311, 3, 3, 3]}, {"date": "2023-09-02-15-00-00", "alternatives": [31, 311, 3, 3, 3]}, {"date": "2023-09-02-15-00-00", "alternatives": [31, 311, 3, 3, 3]}, {"date": "2023-09-02-15-00-00", "alternatives": [31, 311, 3, 3, 3]}, {"date": "2023-09-02-15-00-00", "alternatives": [31, 311, 3, 3, 3]}, {"date": "2023-09-02-15-00-00", "alternatives": [31, 311, 3, 3, 3]}, {"date": "2023-09-02-15-00-00", "alternatives": [31, 311, 3, 3, 3]}, {"date": "2023-09-02-15-00-00", "alternatives": [31, 311, 3, 3, 3]}, {"date": "2023-09-02-15-00-00", "alternatives": [31, 311, 3, 3, 3]}, {"date": "2023-09-02-15-00-00", "alternatives": [31, 311, 3, 3, 3]}, {"date": "2023-09-02-15-00-00", "alternatives": [31, 311, 3, 3, 3]}, {"date": "2023-09-02-15-00-00", "alternatives": [31, 311, 3, 3, 3]}, {"date": "2023-09-02-15-00-00", "alternatives": [31, 311, 3, 3, 3]}, {"date": "2023-09-02-15-00-00", "alternatives": [31, 311, 3, 3, 3]}, {"date": "2023-09-02-15-00-00", "alternatives": [31, 311, 3, 3, 3]}, {"date": "2023-09-02-18-00-00", "alternatives": [31, 3, 3, 3]}, {"date": "2023-09-02-18-00-00", "alternatives": [31, 3, 3, 3]}, {"date": "2023-09-02-18-00-00", "alternatives": [31, 3, 3, 3]}, {"date": "2023-09-02-18-00-00", "alternatives": [31, 3, 3, 3]}, {"date": "2023-09-02-18-00-00", "alternatives": [31, 3, 3, 3]}, {"date": "2023-09-02-18-00-00", "alternatives": [31, 3, 3, 3]}, {"date": "2023-09-02-18-00-00", "alternatives": [31, 3, 3, 3]}, {"date": "2023-09-02-18-00-00", "alternatives": [31, 3, 3, 3]}, {"date": "2023-09-02-18-00-00", "alternatives": [31, 3, 3, 3]}, {"date": "2023-09-02-18-00-00", "alternatives": [31, 3, 3, 3]}, {"date": "2023-09-02-18-00-00", "alternatives": [31, 3, 3, 3]}, {"date": "2023-09-02-18-00-00", "alternatives": [31, 3, 3, 3]}]}, {"location": {"country_code": "ca"}, "game_id": "747108", "values": [{"date": "2023-09-02-10-00-00", "alternatives": [631, 63, 63, 63]}, {"date": "2023-09-02-10-00-00", "alternatives": [631, 63, 63, 63]}, {"date": "2023-09-02-10-00-00", "alternatives": [631, 63, 63, 63]}, {"date": "2023-09-02-10-00-00", "alternatives": [631, 63, 63, 63]}, {"date": "2023-09-02-10-00-00", "alternatives": [631, 63, 63, 63]}, {"date": "2023-09-02-10-00-00", "alternatives": [631, 63, 63, 63]}, {"date": "2023-09-02-10-00-00", "alternatives": [631, 63, 63, 63]}, {"date": "2023-09-02-10-00-00", "alternatives": [631, 63, 63, 63]}, {"date": "2023-09-02-10-00-00", "alternatives": [631, 63, 63, 63]}, {"date": "2023-09-02-10-00-00", "alternatives": [631, 63, 63, 63]}, {"date": "2023-09-02-10-00-00", "alternatives": [631, 63, 63, 63]}, {"date": "2023-09-02-10-00-00", "alternatives": [631, 63, 63, 63]}, {"date": "2023-09-02-10-00-00", "alternatives": [631, 63, 63, 63]}, {"date": "2023-09-02-10-00-00", "alternatives": [631, 63, 63, 63]}, {"date": "2023-09-02-10-00-00", "alternatives": [631, 63, 63, 63]}, {"date": "2023-09-02-10-00-00", "alternatives": [631, 63, 63, 63]}, {"date": "2023-09-02-10-00-00", "alternatives": [631, 63, 63, 63]}, {"date": "2023-09-02-10-00-00", "alternatives": [631, 63, 63, 63]}, {"date": "2023-09-02-10-00-00", "alternatives": [631, 63, 63, 63]}, {"date": "2023-09-02-10-00-00", "alternatives": [631, 63, 63, 63]}, {"date": "2023-09-02-10-00-00", "alternatives": [631, 63, 63, 63]}, {"date": "2023-09-02-10-00-00", "alternatives": [631, 63, 63, 63]}, {"date": "2023-09-02-10-00-00", "alternatives": [631, 63, 63, 63]}, {"date": "2023-09-02-10-00-00", "alternatives": [631, 63, 63, 63]}, {"date": "2023-09-02-10-00-00", "alternatives": [631, 63, 63, 63]}, {"date": "2023-09-02-10-00-00", "alternatives": [631, 63, 63, 63]}, {"date": "2023-09-02-10-00-00", "alternatives": [631, 63, 63, 63]}, {"date": "2023-09-02-10-00-00", "alternatives": [631, 63, 63, 63]}, {"date": "2023-09-02-10-00-00", "alternatives": [631, 63, 63, 63]}, {"date": "2023-09-02-10-00-00", "alternatives": [631, 63, 63, 63]}, {"date": "2023-09-02-10-00-00", "alternatives": [631, 63, 63, 63]}, {"date": "2023-09-02-10-00-00", "alternatives": [631, 63, 63, 63]}, {"date": "2023-09-02-10-00-00", "alternatives": [631, 63, 63, 63]}, {"date": "2023-09-02-10-00-00", "alternatives": [631, 63, 63, 63]}, {"date": "2023-09-02-10-00-00", "alternatives": [631, 63, 63, 63]}, {"date": "2023-09-02-10-00-00", "alternatives": [631, 63, 63, 63]}]}, {"location": {"country_code": "ca", "region": "Ontario"}, "game_id": "747108", "values": [{"date": "2023-09-03-00-00-00", "alternatives": ["3", "31", "31"]}, {"date": "2023-09-03-00-00-00", "alternatives": ["3", "31", "31"]}, {"date": "2023-09-03-00-00-00", "alternatives": ["3", "31", "31"]}, {"date": "2023-09-03-00-00-00", "alternatives": ["3", "31", "31"]}, {"date": "2023-09-03-00-00-00", "alternatives": ["3", "31", "31"]}, {"date": "2023-09-03-00-00-00", "alternatives": ["3", "31", "31"]}, {"date": "2023-09-03-00-00-00", "alternatives": ["3", "31", "31"]}, {"date": "2023-09-03-00-00-00", "alternatives": ["3", "31", "31"]}, {"date": "2023-09-03-00-00-00", "alternatives": ["3", "31", "31"]}, {"date": "2023-09-03-00-00-00", "alternatives": ["3", "31", "31"]}, {"date": "2023-09-03-00-00-00", "alternatives": ["3", "31", "31"]}, {"date": "2023-09-03-00-00-00", "alternatives": ["3", "31", "31"]}, {"date": "2023-09-03-00-00-00", "alternatives": ["3", "31", "31"]}, {"date": "2023-09-03-00-00-00", "alternatives": ["3", "31", "31"]}, {"date": "2023-09-03-00-00-00", "alternatives": ["3", "31", "31"]}, {"date": "2023-09-03-00-00-00", "alternatives": ["3", "31", "31"]}, {"date": "2023-09-03-00-00-00", "alternatives": ["3", "31", "31"]}, {"date": "2023-09-03-00-00-00", "alternatives": ["3", "31", "31"]}, {"date": "2023-09-03-00-00-00", "alternatives": ["3", "31", "31"]}, {"date": "2023-09-03-00-00-00", "alternatives": ["3", "31", "31"]}, {"date": "2023-09-03-00-00-00", "alternatives": ["3", "31", "31"]}, {"date": "2023-09-03-00-00-00", "alternatives": ["3", "31", "31"]}]}, {"location": {"country_code": "de"}, "game_id": "747108", "values": [{"date": "2023-09-02-12-00-00", "alternatives": ["16", "16", "160"]}, {"date": "2023-09-02-12-00-00", "alternatives": ["16", "16", "160"]}]}, {"location": {"country_code": "tw"}, "game_id": "747108", "values": [{"date": "2023-09-02-19-00-00", "alternatives": [1, 41, 141, 141, 14, 141]}, {"date": "2023-09-02-19-00-00", "alternatives": [1, 41, 141, 141, 14, 141]}, {"date": "2023-09-02-19-00-00", "alternatives": [1, 41, 141, 141, 14, 141]}, {"date": "2023-09-02-19-00-00", "alternatives": [1, 41, 141, 141, 14, 141]}, {"date": "2023-09-02-19-00-00", "alternatives": [1, 41, 141, 141, 14, 141]}, {"date": "2023-09-02-19-00-00", "alternatives": [1, 41, 141, 141, 14, 141]}, {"date": "2023-09-02-19-00-00", "alternatives": [1, 41, 141, 141, 14, 141]}, {"date": "2023-09-02-19-00-00", "alternatives": [1, 41, 141, 141, 14, 141]}, {"date": "2023-09-02-19-00-00", "alternatives": [1, 41, 141, 141, 14, 141]}, {"date": "2023-09-02-19-00-00", "alternatives": [1, 41, 141, 141, 14, 141]}, {"date": "2023-09-02-19-00-00", "alternatives": [1, 41, 141, 141, 14, 141]}, {"date": "2023-09-02-19-00-00", "alternatives": [1, 41, 141, 141, 14, 141]}, {"date": "2023-09-02-19-00-00", "alternatives": [1, 41, 141, 141, 14, 141]}, {"date": "2023-09-02-19-00-00", "alternatives": [1, 41, 141, 141, 14, 141]}, {"date": "2023-09-02-19-00-00", "alternatives": [1, 41, 141, 141, 14, 141]}, {"date": "2023-09-02-19-00-00", "alternatives": [1, 41, 141, 141, 14, 141]}, {"date": "2023-09-02-19-00-00", "alternatives": [1, 41, 141, 141, 14, 141]}, {"date": "2023-09-02-19-00-00", "alternatives": [1, 41, 141, 141, 14, 141]}, {"date": "2023-09-02-19-00-00", "alternatives": [1, 41, 141, 141, 14, 141]}, {"date": "2023-09-02-19-00-00", "alternatives": [1, 41, 141, 141, 14, 141]}, {"date": "2023-09-02-19-00-00", "alternatives": [1, 41, 141, 141, 14, 141]}, {"date": "2023-09-02-19-00-00", "alternatives": [1, 41, 141, 141, 14, 141]}, {"date": "2023-09-02-19-00-00", "alternatives": [1, 41, 141, 141, 14, 141]}, {"date": "2023-09-02-19-00-00", "alternatives": [1, 41, 141, 141, 14, 141]}, {"date": "2023-09-02-19-00-00", "alternatives": [1, 41, 141, 141, 14, 141]}, {"date": "2023-09-02-19-00-00", "alternatives": [1, 41, 141, 141, 14, 141]}, {"date": "2023-09-02-19-00-00", "alternatives": [1, 41, 141, 141, 14, 141]}, {"date": "2023-09-02-19-00-00", "alternatives": [1, 41, 141, 141, 14, 141]}, {"date": "2023-09-02-19-00-00", "alternatives": [1, 41, 141, 141, 14, 141]}]}, {"location": {"country_code": "mx"}, "game_id": "747108", "values": [{"date": "2023-09-02-02-00-00", "alternatives": [79, 9, 791, 79, 79]}, {"date": "2023-09-02-02-00-00", "alternatives": [79, 9, 791, 79, 79]}, {"date": "2023-09-02-02-00-00", "alternatives": [79, 9, 791, 79, 79]}, {"date": "2023-09-02-02-00-00", "alternatives": [79, 9, 791, 79, 79]}, {"date": "2023-09-02-02-00-00", "alternatives": [79, 9, 791, 79, 79]}, {"date": "2023-09-02-02-00-00", "alternatives": [79, 9, 791, 79, 79]}, {"date": "2023-09-02-02-00-00", "alternatives": [79, 9, 791, 79, 79]}, {"date": "2023-09-02-02-00-00", "alternatives": [79, 9, 791, 79, 79]}, {"date": "2023-09-02-02-00-00", "alternatives": [79, 9, 791, 79, 79]}, {"date": "2023-09-02-02-00-00", "alternatives": [79, 9, 791, 79, 79]}, {"date": "2023-09-02-02-00-00", "alternatives": [79, 9, 791, 79, 79]}, {"date": "2023-09-02-02-00-00", "alternatives": [79, 9, 791, 79, 79]}, {"date": "2023-09-02-02-00-00", "alternatives": [79, 9, 791, 79, 79]}, {"date": "2023-09-02-02-00-00", "alternatives": [10907, 2, 109, 109, 109]}, {"date": "2023-09-02-02-00-00", "alternatives": [10907, 2, 109, 109, 109]}, {"date": "2023-09-02-02-00-00", "alternatives": [10907, 2, 109, 109, 109]}, {"date": "2023-09-02-02-00-00", "alternatives": [10907, 2, 109, 109, 109]}, {"date": "2023-09-02-02-00-00", "alternatives": [10907, 2, 109, 109, 109]}, {"date": "2023-09-02-02-00-00", "alternatives": [10907, 2, 109, 109, 109]}, {"date": "2023-09-02-02-00-00", "alternatives": [10907, 2, 109, 109, 109]}, {"date": "2023-09-02-02-00-00", "alternatives": [10907, 2, 109, 109, 109]}, {"date": "2023-09-02-02-00-00", "alternatives": [10907, 2, 109, 109, 109]}, {"date": "2023-09-02-02-00-00", "alternatives": [10907, 2, 109, 109, 109]}, {"date": "2023-09-02-02-00-00", "alternatives": [10907, 2, 109, 109, 109]}, {"date": "2023-09-02-02-00-00", "alternatives": [10907, 2, 109, 109, 109]}, {"date": "2023-09-02-02-00-00", "alternatives": [10907, 2, 109, 109, 109]}, {"date": "2023-09-02-02-00-00", "alternatives": [10907, 2, 109, 109, 109]}, {"date": "2023-09-02-02-00-00", "alternatives": [10907, 2, 109, 109, 109]}, {"date": "2023-09-02-02-00-00", "alternatives": [10907, 2, 109, 109, 109]}]}, {"location": {"country_code": "br"}, "game_id": "747108", "values": [{"date": "2023-09-02-17-00-00", "alternatives": [31, 3, 31, 31]}, {"date": "2023-09-02-17-00-00", "alternatives": [31, 3, 31, 31]}, {"date": "2023-09-02-17-00-00", "alternatives": [31, 3, 31, 31]}, {"date": "2023-09-02-17-00-00", "alternatives": [31, 3, 31, 31]}, {"date": "2023-09-02-17-00-00", "alternatives": [31, 3, 31, 31]}, {"date": "2023-09-02-17-00-00", "alternatives": [31, 3, 31, 31]}, {"date": "2023-09-02-17-00-00", "alternatives": [31, 3, 31, 31]}, {"date": "2023-09-02-17-00-00", "alternatives": [31, 3, 31, 31]}, {"date": "2023-09-02-17-00-00", "alternatives": [31, 3, 31, 31]}, {"date": "2023-09-02-17-00-00", "alternatives": [31, 3, 31, 31]}, {"date": "2023-09-02-21-00-00", "alternatives": ["167", "16", "16"]}, {"date": "2023-09-02-21-00-00", "alternatives": ["167", "16", "16"]}, {"date": "2023-09-02-21-00-00", "alternatives": ["167", "16", "16"]}, {"date": "2023-09-02-21-00-00", "alternatives": ["167", "16", "16"]}, {"date": "2023-09-02-21-00-00", "alternatives": ["167", "16", "16"]}, {"date": "2023-09-02-21-00-00", "alternatives": ["167", "16", "16"]}, {"date": "2023-09-02-21-00-00", "alternatives": ["167", "16", "16"]}, {"date": "2023-09-02-21-00-00", "alternatives": ["167", "16", "16"]}, {"date": "2023-09-02-21-00-00", "alternatives": ["167", "16", "16"]}, {"date": "2023-09-02-21-00-00", "alternatives": ["167", "16", "16"]}, {"date": "2023-09-02-21-00-00", "alternatives": ["167", "16", "16"]}, {"date": "2023-09-02-21-00-00", "alternatives": ["167", "16", "16"]}, {"date": "2023-09-02-21-00-00", "alternatives": ["167", "16", "16"]}, {"date": "2023-09-02-21-00-00", "alternatives": ["167", "16", "16"]}, {"date": "2023-09-02-21-00-00", "alternatives": ["167", "16", "16"]}, {"date": "2023-09-02-21-00-00", "alternatives": ["167", "16", "16"]}, {"date": "2023-09-02-21-00-00", "alternatives": ["167", "16", "16"]}, {"date": "2023-09-02-21-00-00", "alternatives": ["167", "16", "16"]}, {"date": "2023-09-02-21-00-00", "alternatives": ["167", "16", "16"]}, {"date": "2023-09-02-21-00-00", "alternatives": ["167", "16", "16"]}, {"date": "2023-09-02-21-00-00", "alternatives": ["167", "16", "16"]}, {"date": "2023-09-02-21-00-00", "alternatives": ["167", "16", "16"]}, {"date": "2023-09-02-21-00-00", "alternatives": ["167", "16", "16"]}, {"date": "2023-09-02-21-00-00", "alternatives": ["167", "16", "16"]}, {"date": "2023-09-02-21-00-00", "alternatives": ["167", "16", "16"]}, {"date": "2023-09-02-21-00-00", "alternatives": ["167", "16", "16"]}]}, {"location": {"country_code": "us", "region": "Maryland", "city": "Dundalk"}, "game_id": "747108", "values": [{"date": "2023-09-03-01-00-00", "alternatives": ["6", "6", "160"]}, {"date": "2023-09-03-01-00-00", "alternatives": ["6", "6", "160"]}, {"date": "2023-09-03-01-00-00", "alternatives": ["6", "6", "160"]}, {"date": "2023-09-03-01-00-00", "alternatives": ["6", "6", "160"]}, {"date": "2023-09-03-01-00-00", "alternatives": ["6", "6", "160"]}, {"date": "2023-09-03-01-00-00", "alternatives": ["6", "6", "160"]}, {"date": "2023-09-03-01-00-00", "alternatives": ["6", "6", "160"]}, {"date": "2023-09-03-01-00-00", "alternatives": ["6", "6", "160"]}, {"date": "2023-09-03-01-00-00", "alternatives": ["6", "6", "160"]}, {"date": "2023-09-03-01-00-00", "alternatives": ["6", "6", "160"]}, {"date": "2023-09-03-01-00-00", "alternatives": ["6", "6", "160"]}, {"date": "2023-09-03-01-00-00", "alternatives": ["6", "6", "160"]}, {"date": "2023-09-03-01-00-00", "alternatives": ["6", "6", "160"]}, {"date": "2023-09-03-01-00-00", "alternatives": ["6", "6", "160"]}, {"date": "2023-09-03-01-00-00", "alternatives": ["6", "6", "160"]}, {"date": "2023-09-03-01-00-00", "alternatives": ["6", "6", "160"]}, {"date": "2023-09-03-01-00-00", "alternatives": ["6", "6", "160"]}, {"date": "2023-09-03-01-00-00", "alternatives": ["6", "6", "160"]}, {"date": "2023-09-03-01-00-00", "alternatives": ["6", "6", "160"]}, {"date": "2023-09-03-01-00-00", "alternatives": ["6", "6", "160"]}, {"date": "2023-09-03-01-00-00", "alternatives": ["6", "6", "160"]}, {"date": "2023-09-03-01-00-00", "alternatives": ["6", "6", "160"]}, {"date": "2023-09-03-01-00-00", "alternatives": ["6", "6", "160"]}, {"date": "2023-09-03-01-00-00", "alternatives": ["6", "6", "160"]}, {"date": "2023-09-03-01-00-00", "alternatives": ["6", "6", "160"]}, {"date": "2023-09-03-01-00-00", "alternatives": ["6", "6", "160"]}, {"date": "2023-09-03-01-00-00", "alternatives": ["6", "6", "160"]}, {"date": "2023-09-03-01-00-00", "alternatives": ["6", "6", "160"]}, {"date": "2023-09-03-01-00-00", "alternatives": ["6", "6", "160"]}, {"date": "2023-09-03-01-00-00", "alternatives": ["6", "6", "160"]}, {"date": "2023-09-03-01-00-00", "alternatives": ["6", "6", "160"]}, {"date": "2023-09-03-01-00-00", "alternatives": ["6", "6", "160"]}, {"date": "2023-09-03-01-00-00", "alternatives": ["6", "6", "160"]}, {"date": "2023-09-03-01-00-00", "alternatives": ["6", "6", "160"]}, {"date": "2023-09-03-01-00-00", "alternatives": ["6", "6", "160"]}, {"date": "2023-09-03-01-00-00", "alternatives": ["6", "6", "160"]}, {"date": "2023-09-03-01-00-00", "alternatives": ["6", "6", "160"]}, {"date": "2023-09-03-01-00-00", "alternatives": ["6", "6", "160"]}, {"date": "2023-09-03-01-00-00", "alternatives": ["6", "6", "160"]}]}, {"location": {"country_code": "au"}, "game_id": "747108", "values": [{"date": "2023-09-03-00-00-00", "alternatives": ["234", "2320", "234"]}, {"date": "2023-09-03-00-00-00", "alternatives": ["234", "2320", "234"]}, {"date": "2023-09-03-00-00-00", "alternatives": ["234", "2320", "234"]}, {"date": "2023-09-03-00-00-00", "alternatives": ["234", "2320", "234"]}, {"date": "2023-09-03-00-00-00", "alternatives": ["234", "2320", "234"]}, {"date": "2023-09-03-00-00-00", "alternatives": ["234", "2320", "234"]}, {"date": "2023-09-03-00-00-00", "alternatives": ["234", "2320", "234"]}, {"date": "2023-09-02-12-00-00", "alternatives": ["218", "218", "21848"]}, {"date": "2023-09-02-12-00-00", "alternatives": ["218", "218", "21848"]}]}, {"location": {"country_code": "tr"}, "game_id": "747108", "values": [{"date": "2023-09-02-17-00-00", "alternatives": [47, 471, 3, 47, 47]}, {"date": "2023-09-02-17-00-00", "alternatives": [47, 471, 3, 47, 47]}, {"date": "2023-09-02-17-00-00", "alternatives": [47, 471, 3, 47, 47]}, {"date": "2023-09-02-17-00-00", "alternatives": [47, 471, 3, 47, 47]}, {"date": "2023-09-02-17-00-00", "alternatives": [47, 471, 3, 47, 47]}, {"date": "2023-09-02-17-00-00", "alternatives": [47, 471, 3, 47, 47]}, {"date": "2023-09-02-17-00-00", "alternatives": [47, 471, 3, 47, 47]}, {"date": "2023-09-02-17-00-00", "alternatives": [47, 471, 3, 47, 47]}, {"date": "2023-09-02-17-00-00", "alternatives": [47, 471, 3, 47, 47]}, {"date": "2023-09-02-17-00-00", "alternatives": [47, 471, 3, 47, 47]}, {"date": "2023-09-02-17-00-00", "alternatives": [47, 471, 3, 47, 47]}, {"date": "2023-09-02-17-00-00", "alternatives": [47, 471, 3, 47, 47]}, {"date": "2023-09-02-17-00-00", "alternatives": [47, 471, 3, 47, 47]}, {"date": "2023-09-02-17-00-00", "alternatives": [47, 471, 3, 47, 47]}, {"date": "2023-09-02-17-00-00", "alternatives": [47, 471, 3, 47, 47]}, {"date": "2023-09-02-17-00-00", "alternatives": [47, 471, 3, 47, 47]}, {"date": "2023-09-02-17-00-00", "alternatives": [47, 471, 3, 47, 47]}, {"date": "2023-09-02-17-00-00", "alternatives": [47, 471, 3, 47, 47]}, {"date": "2023-09-02-17-00-00", "alternatives": [47, 471, 3, 47, 47]}, {"date": "2023-09-02-17-00-00", "alternatives": [47, 471, 3, 47, 47]}]}, {"location": {"country_code": "kr"}, "game_id": "747108", "values": [{"date": "2023-09-02-07-00-00", "alternatives": ["1", "15", "15"]}, {"date": "2023-09-02-16-00-00", "alternatives": ["1", "15", "15"]}, {"date": "2023-09-02-16-00-00", "alternatives": ["1", "15", "15"]}, {"date": "2023-09-02-16-00-00", "alternatives": ["1", "15", "15"]}, {"date": "2023-09-02-16-00-00", "alternatives": ["1", "15", "15"]}, {"date": "2023-09-02-16-00-00", "alternatives": ["1", "15", "15"]}, {"date": "2023-09-02-16-00-00", "alternatives": ["1", "15", "15"]}, {"date": "2023-09-02-16-00-00", "alternatives": ["1", "15", "15"]}]}, {"location": {"country_code": "ar"}, "game_id": "747108", "values": [{"date": "2023-09-02-08-00-00", "alternatives": [16, 46, 46, 46]}, {"date": "2023-09-02-08-00-00", "alternatives": [16, 46, 46, 46]}, {"date": "2023-09-02-08-00-00", "alternatives": [16, 46, 46, 46]}, {"date": "2023-09-02-08-00-00", "alternatives": [16, 46, 46, 46]}, {"date": "2023-09-02-08-00-00", "alternatives": [16, 46, 46, 46]}, {"date": "2023-09-02-08-00-00", "alternatives": [16, 46, 46, 46]}, {"date": "2023-09-02-08-00-00", "alternatives": [16, 46, 46, 46]}, {"date": "2023-09-02-08-00-00", "alternatives": [16, 46, 46, 46]}, {"date": "2023-09-02-08-00-00", "alternatives": [16, 46, 46, 46]}, {"date": "2023-09-02-08-00-00", "alternatives": [16, 46, 46, 46]}, {"date": "2023-09-02-08-00-00", "alternatives": [16, 46, 46, 46]}, {"date": "2023-09-02-08-00-00", "alternatives": [16, 46, 46, 46]}, {"date": "2023-09-02-08-00-00", "alternatives": [16, 46, 46, 46]}, {"date": "2023-09-02-08-00-00", "alternatives": [16, 46, 46, 46]}, {"date": "2023-09-02-08-00-00", "alternatives": [16, 46, 46, 46]}, {"date": "2023-09-02-08-00-00", "alternatives": [16, 46, 46, 46]}, {"date": "2023-09-02-08-00-00", "alternatives": [16, 46, 46, 46]}, {"date": "2023-09-02-08-00-00", "alternatives": [16, 46, 46, 46]}, {"date": "2023-09-02-08-00-00", "alternatives": [16, 46, 46, 46]}, {"date": "2023-09-02-08-00-00", "alternatives": [16, 46, 46, 46]}, {"date": "2023-09-02-08-00-00", "alternatives": [16, 46, 46, 46]}, {"date": "2023-09-02-08-00-00", "alternatives": [16, 46, 46, 46]}, {"date": "2023-09-02-08-00-00", "alternatives": [16, 46, 46, 46]}, {"date": "2023-09-02-08-00-00", "alternatives": [16, 46, 46, 46]}, {"date": "2023-09-02-08-00-00", "alternatives": [16, 46, 46, 46]}, {"date": "2023-09-02-08-00-00", "alternatives": [16, 46, 46, 46]}, {"date": "2023-09-02-08-00-00", "alternatives": [16, 46, 46, 46]}, {"date": "2023-09-02-08-00-00", "alternatives": [16, 46, 46, 46]}, {"date": "2023-09-02-08-00-00", "alternatives": [16, 46, 46, 46]}, {"date": "2023-09-02-08-00-00", "alternatives": [16, 46, 46, 46]}, {"date": "2023-09-02-08-00-00", "alternatives": [16, 46, 46, 46]}, {"date": "2023-09-02-08-00-00", "alternatives": [16, 46, 46, 46]}, {"date": "2023-09-02-08-00-00", "alternatives": [16, 46, 46, 46]}, {"date": "2023-09-02-08-00-00", "alternatives": [16, 46, 46, 46]}, {"date": "2023-09-02-08-00-00", "alternatives": [16, 46, 46, 46]}, {"date": "2023-09-02-08-00-00", "alternatives": [16, 46, 46, 46]}, {"date": "2023-09-02-08-00-00", "alternatives": [16, 46, 46, 46]}, {"date": "2023-09-02-09-00-00", "alternatives": ["47", "7", "47"]}, {"date": "2023-09-02-09-00-00", "alternatives": ["47", "7", "47"]}, {"date": "2023-09-02-09-00-00", "alternatives": ["47", "7", "47"]}, {"date": "2023-09-02-09-00-00", "alternatives": ["47", "7", "47"]}, {"date": "2023-09-02-09-00-00", "alternatives": ["47", "7", "47"]}, {"date": "2023-09-02-09-00-00", "alternatives": ["47", "7", "47"]}, {"date": "2023-09-02-09-00-00", "alternatives": ["47", "7", "47"]}, {"date": "2023-09-02-09-00-00", "alternatives": ["47", "7", "47"]}, {"date": "2023-09-02-09-00-00", "alternatives": ["47", "7", "47"]}, {"date": "2023-09-02-09-00-00", "alternatives": ["47", "7", "47"]}, {"date": "2023-09-02-09-00-00", "alternatives": ["47", "7", "47"]}, {"date": "2023-09-02-09-00-00", "alternatives": ["47", "7", "47"]}, {"date": "2023-09-02-09-00-00", "alternatives": ["47", "7", "47"]}, {"date": "2023-09-02-09-00-00", "alternatives": ["47", "7", "47"]}, {"date": "2023-09-02-09-00-00", "alternatives": ["47", "7", "47"]}, {"date": "2023-09-02-09-00-00", "alternatives": ["47", "7", "47"]}, {"date": "2023-09-02-09-00-00", "alternatives": ["47", "7", "47"]}, {"date": "2023-09-02-09-00-00", "alternatives": ["47", "7", "47"]}, {"date": "2023-09-02-09-00-00", "alternatives": ["47", "7", "47"]}]}, {"location": {"country_code": "fi"}, "game_id": "747108", "values": [{"date": "2023-09-03-01-00-00", "alternatives": ["341", "31", "31"]}, {"date": "2023-09-03-01-00-00", "alternatives": ["341", "31", "31"]}, {"date": "2023-09-03-01-00-00", "alternatives": ["341", "31", "31"]}, {"date": "2023-09-03-01-00-00", "alternatives": ["341", "31", "31"]}, {"date": "2023-09-03-01-00-00", "alternatives": ["341", "31", "31"]}, {"date": "2023-09-03-01-00-00", "alternatives": ["341", "31", "31"]}, {"date": "2023-09-03-01-00-00", "alternatives": ["341", "31", "31"]}]}, {"location": {"country_code": "at"}, "game_id": "747108", "values": [{"date": "2023-09-03-02-00-00", "alternatives": ["17", "7", "7"]}, {"date": "2023-09-03-02-00-00", "alternatives": ["17", "7", "7"]}, {"date": "2023-09-03-02-00-00", "alternatives": ["17", "7", "7"]}, {"date": "2023-09-03-02-00-00", "alternatives": ["17", "7", "7"]}, {"date": "2023-09-03-02-00-00", "alternatives": ["17", "7", "7"]}, {"date": "2023-09-03-02-00-00", "alternatives": ["17", "7", "7"]}, {"date": "2023-09-03-02-00-00", "alternatives": ["17", "7", "7"]}, {"date": "2023-09-03-02-00-00", "alternatives": ["17", "7", "7"]}, {"date": "2023-09-03-02-00-00", "alternatives": ["17", "7", "7"]}, {"date": "2023-09-03-02-00-00", "alternatives": ["17", "7", "7"]}, {"date": "2023-09-03-02-00-00", "alternatives": ["17", "7", "7"]}, {"date": "2023-09-03-02-00-00", "alternatives": ["17", "7", "7"]}, {"date": "2023-09-03-02-00-00", "alternatives": ["17", "7", "7"]}, {"date": "2023-09-03-02-00-00", "alternatives": ["17", "7", "7"]}, {"date": "2023-09-03-02-00-00", "alternatives": ["17", "7", "7"]}, {"date": "2023-09-03-02-00-00", "alternatives": ["17", "7", "7"]}, {"date": "2023-09-03-02-00-00", "alternatives": ["17", "7", "7"]}, {"date": "2023-09-03-02-00-00", "alternatives": ["17", "7", "7"]}, {"date": "2023-09-03-02-00-00", "alternatives": ["17", "7", "7"]}, {"date": "2023-09-03-02-00-00", "alternatives": ["17", "7", "7"]}, {"date": "2023-09-03-02-00-00", "alternatives": ["17", "7", "7"]}, {"date": "2023-09-03-02-00-00", "alternatives": ["17", "7", "7"]}, {"date": "2023-09-03-02-00-00", "alternatives": ["17", "7", "7"]}, {"date": "2023-09-03-02-00-00", "alternatives": ["17", "7", "7"]}, {"date": "2023-09-03-02-00-00", "alternatives": ["17", "7", "7"]}, {"date": "2023-09-03-02-00-00", "alternatives": ["17", "7", "7"]}]}, {"location": {"country_code": "br", "region": "Estado de Bahia", "city": "Salvador"}, "game_id": "747108", "values": [{"date": "2023-09-03-02-00-00", "alternatives": ["475", "47", "47"]}, {"date": "2023-09-03-02-00-00", "alternatives": ["475", "47", "47"]}, {"date": "2023-09-03-02-00-00", "alternatives": ["475", "47", "47"]}, {"date": "2023-09-03-02-00-00", "alternatives": ["475", "47", "47"]}, {"date": "2023-09-03-02-00-00", "alternatives": ["475", "47", "47"]}, {"date": "2023-09-03-02-00-00", "alternatives": ["475", "47", "47"]}, {"date": "2023-09-03-02-00-00", "alternatives": ["475", "47", "47"]}, {"date": "2023-09-03-02-00-00", "alternatives": ["475", "47", "47"]}, {"date": "2023-09-03-02-00-00", "alternatives": ["475", "47", "47"]}, {"date": "2023-09-03-02-00-00", "alternatives": ["475", "47", "47"]}, {"date": "2023-09-03-02-00-00", "alternatives": ["475", "47", "47"]}]}, {"location": {"country_code": "pl"}, "game_id": "747108", "values": [{"date": "2023-09-02-02-00-00", "alternatives": ["47", "7", "47"]}]}, {"location": {"country_code": "do"}, "game_id": "747108", "values": [{"date": "2023-09-02-04-00-00", "alternatives": ["1", "15", "15"]}, {"date": "2023-09-02-04-00-00", "alternatives": ["1", "15", "15"]}, {"date": "2023-09-02-04-00-00", "alternatives": ["1", "15", "15"]}, {"date": "2023-09-02-04-00-00", "alternatives": ["1", "15", "15"]}, {"date": "2023-09-02-04-00-00", "alternatives": ["1", "15", "15"]}, {"date": "2023-09-02-04-00-00", "alternatives": ["1", "15", "15"]}, {"date": "2023-09-02-04-00-00", "alternatives": ["1", "15", "15"]}, {"date": "2023-09-02-04-00-00", "alternatives": ["1", "15", "15"]}, {"date": "2023-09-02-04-00-00", "alternatives": ["1", "15", "15"]}]}, {"location": {"country_code": "id"}, "game_id": "747108", "values": [{"date": "2023-09-02-15-00-00", "alternatives": [385, 32, 328, 328, 328]}]}, {"location": {"country_code": "lv"}, "game_id": "747108", "values": [{"date": "2023-09-02-02-00-00", "alternatives": ["3", "31", "3"]}, {"date": "2023-09-02-02-00-00", "alternatives": ["3", "31", "3"]}, {"date": "2023-09-02-02-00-00", "alternatives": ["3", "31", "3"]}]}, {"location": {"country_code": "bg"}, "game_id": "747108", "values": [{"date": "2023-09-03-00-00-00", "alternatives": ["47", "7", "47"]}, {"date": "2023-09-03-00-00-00", "alternatives": ["47", "7", "47"]}, {"date": "2023-09-03-00-00-00", "alternatives": ["47", "7", "47"]}, {"date": "2023-09-03-00-00-00", "alternatives": ["47", "7", "47"]}, {"date": "2023-09-03-00-00-00", "alternatives": ["47", "7", "47"]}, {"date": "2023-09-03-00-00-00", "alternatives": ["47", "7", "47"]}, {"date": "2023-09-03-00-00-00", "alternatives": ["47", "7", "47"]}, {"date": "2023-09-03-00-00-00", "alternatives": ["47", "7", "47"]}, {"date": "2023-09-03-00-00-00", "alternatives": ["47", "7", "47"]}, {"date": "2023-09-03-00-00-00", "alternatives": ["47", "7", "47"]}, {"date": "2023-09-03-00-00-00", "alternatives": ["47", "7", "47"]}, {"date": "2023-09-03-00-00-00", "alternatives": ["47", "7", "47"]}, {"date": "2023-09-03-00-00-00", "alternatives": ["47", "7", "47"]}, {"date": "2023-09-03-00-00-00", "alternatives": ["47", "7", "47"]}, {"date": "2023-09-03-00-00-00", "alternatives": ["47", "7", "47"]}, {"date": "2023-09-03-00-00-00", "alternatives": ["47", "7", "47"]}, {"date": "2023-09-03-00-00-00", "alternatives": ["47", "7", "47"]}, {"date": "2023-09-03-00-00-00", "alternatives": ["47", "7", "47"]}, {"date": "2023-09-03-00-00-00", "alternatives": ["47", "7", "47"]}, {"date": "2023-09-03-00-00-00", "alternatives": ["47", "7", "47"]}, {"date": "2023-09-03-00-00-00", "alternatives": ["47", "7", "47"]}, {"date": "2023-09-03-00-00-00", "alternatives": ["47", "7", "47"]}, {"date": "2023-09-03-00-00-00", "alternatives": ["47", "7", "47"]}, {"date": "2023-09-03-00-00-00", "alternatives": ["47", "7", "47"]}, {"date": "2023-09-03-00-00-00", "alternatives": ["47", "7", "47"]}]}, {"location": {"country_code": "de", "region": "North Rhine-Westphalia"}, "game_id": "747108", "values": [{"date": "2023-09-03-01-00-00", "alternatives": ["1", "15", "15"]}, {"date": "2023-09-03-01-00-00", "alternatives": ["1", "15", "15"]}, {"date": "2023-09-03-01-00-00", "alternatives": ["1", "15", "15"]}, {"date": "2023-09-03-01-00-00", "alternatives": ["1", "15", "15"]}, {"date": "2023-09-03-01-00-00", "alternatives": ["1", "15", "15"]}, {"date": "2023-09-03-01-00-00", "alternatives": ["1", "15", "15"]}, {"date": "2023-09-03-01-00-00", "alternatives": ["1", "15", "15"]}, {"date": "2023-09-03-01-00-00", "alternatives": ["1", "15", "15"]}]}, {"location": {"country_code": "fr", "region": "Nord-Passo di Calais-Piccardia"}, "game_id": "747108", "values": [{"date": "2023-09-02-04-00-00", "alternatives": [16, 1, 16, 16, 16]}, {"date": "2023-09-02-04-00-00", "alternatives": [16, 1, 16, 16, 16]}, {"date": "2023-09-02-04-00-00", "alternatives": [16, 1, 16, 16, 16]}, {"date": "2023-09-02-04-00-00", "alternatives": [16, 1, 16, 16, 16]}, {"date": "2023-09-02-04-00-00", "alternatives": [16, 1, 16, 16, 16]}, {"date": "2023-09-02-04-00-00", "alternatives": [16, 1, 16, 16, 16]}, {"date": "2023-09-02-04-00-00", "alternatives": [16, 1, 16, 16, 16]}, {"date": "2023-09-02-04-00-00", "alternatives": [16, 1, 16, 16, 16]}, {"date": "2023-09-02-04-00-00", "alternatives": [16, 1, 16, 16, 16]}, {"date": "2023-09-02-04-00-00", "alternatives": [16, 1, 16, 16, 16]}, {"date": "2023-09-02-04-00-00", "alternatives": [16, 1, 16, 16, 16]}, {"date": "2023-09-02-04-00-00", "alternatives": [16, 1, 16, 16, 16]}, {"date": "2023-09-02-04-00-00", "alternatives": [16, 1, 16, 16, 16]}, {"date": "2023-09-02-04-00-00", "alternatives": [16, 1, 16, 16, 16]}, {"date": "2023-09-02-04-00-00", "alternatives": [16, 1, 16, 16, 16]}, {"date": "2023-09-02-04-00-00", "alternatives": [16, 1, 16, 16, 16]}, {"date": "2023-09-02-04-00-00", "alternatives": [16, 1, 16, 16, 16]}, {"date": "2023-09-02-04-00-00", "alternatives": [16, 1, 16, 16, 16]}, {"date": "2023-09-02-04-00-00", "alternatives": [16, 1, 16, 16, 16]}, {"date": "2023-09-02-04-00-00", "alternatives": [16, 1, 16, 16, 16]}, {"date": "2023-09-02-04-00-00", "alternatives": [16, 1, 16, 16, 16]}, {"date": "2023-09-02-04-00-00", "alternatives": [16, 1, 16, 16, 16]}, {"date": "2023-09-02-04-00-00", "alternatives": [16, 1, 16, 16, 16]}, {"date": "2023-09-02-04-00-00", "alternatives": [16, 1, 16, 16, 16]}, {"date": "2023-09-02-04-00-00", "alternatives": [16, 1, 16, 16, 16]}, {"date": "2023-09-02-04-00-00", "alternatives": [16, 1, 16, 16, 16]}, {"date": "2023-09-02-04-00-00", "alternatives": [16, 1, 16, 16, 16]}, {"date": "2023-09-02-04-00-00", "alternatives": [16, 1, 16, 16, 16]}, {"date": "2023-09-02-04-00-00", "alternatives": [16, 1, 16, 16, 16]}, {"date": "2023-09-02-04-00-00", "alternatives": [16, 1, 16, 16, 16]}, {"date": "2023-09-02-04-00-00", "alternatives": [16, 1, 16, 16, 16]}, {"date": "2023-09-02-04-00-00", "alternatives": [16, 1, 16, 16, 16]}, {"date": "2023-09-02-04-00-00", "alternatives": [16, 1, 16, 16, 16]}, {"date": "2023-09-02-04-00-00", "alternatives": [16, 1, 16, 16, 16]}, {"date": "2023-09-02-04-00-00", "alternatives": [16, 1, 16, 16, 16]}, {"date": "2023-09-02-04-00-00", "alternatives": [16, 1, 16, 16, 16]}, {"date": "2023-09-02-04-00-00", "alternatives": [16, 1, 16, 16, 16]}]}, {"location": {"country_code": "br", "region": "Santa Catarina", "city": "Balneario Camboriu"}, "game_id": "747108", "values": [{"date": "2023-09-02-07-00-00", "alternatives": ["15", "15", "158"]}, {"date": "2023-09-02-07-00-00", "alternatives": ["15", "15", "158"]}]}, {"location": {"country_code": "us", "region": "Guam", "city": "Dededo"}, "game_id": "747108", "values": [{"date": "2023-09-02-22-00-00", "alternatives": ["14", "140", "140"]}, {"date": "2023-09-02-22-00-00", "alternatives": ["14", "140", "140"]}, {"date": "2023-09-02-22-00-00", "alternatives": ["14", "140", "140"]}, {"date": "2023-09-02-22-00-00", "alternatives": ["14", "140", "140"]}, {"date": "2023-09-02-22-00-00", "alternatives": ["14", "140", "140"]}, {"date": "2023-09-02-22-00-00", "alternatives": ["14", "140", "140"]}, {"date": "2023-09-02-22-00-00", "alternatives": ["14", "140", "140"]}, {"date": "2023-09-02-22-00-00", "alternatives": ["14", "140", "140"]}, {"date": "2023-09-02-22-00-00", "alternatives": ["14", "140", "140"]}, {"date": "2023-09-02-22-00-00", "alternatives": ["14", "140", "140"]}, {"date": "2023-09-02-22-00-00", "alternatives": ["14", "140", "140"]}, {"date": "2023-09-02-22-00-00", "alternatives": ["14", "140", "140"]}, {"date": "2023-09-02-22-00-00", "alternatives": ["14", "140", "140"]}, {"date": "2023-09-02-22-00-00", "alternatives": ["14", "140", "140"]}, {"date": "2023-09-02-22-00-00", "alternatives": ["14", "140", "140"]}, {"date": "2023-09-02-22-00-00", "alternatives": ["14", "140", "140"]}, {"date": "2023-09-02-22-00-00", "alternatives": ["14", "140", "140"]}, {"date": "2023-09-02-22-00-00", "alternatives": ["14", "140", "140"]}, {"date": "2023-09-02-22-00-00", "alternatives": ["14", "140", "140"]}, {"date": "2023-09-02-22-00-00", "alternatives": ["14", "140", "140"]}]}, {"location": {"country_code": "br", "region": "Sao Paulo", "city": "Franca"}, "game_id": "747108", "values": [{"date": "2023-09-02-19-00-00", "alternatives": ["16", "6", "16"]}, {"date": "2023-09-02-19-00-00", "alternatives": ["16", "6", "16"]}, {"date": "2023-09-02-19-00-00", "alternatives": ["16", "6", "16"]}, {"date": "2023-09-02-19-00-00", "alternatives": ["16", "6", "16"]}, {"date": "2023-09-02-19-00-00", "alternatives": ["16", "6", "16"]}, {"date": "2023-09-02-19-00-00", "alternatives": ["16", "6", "16"]}, {"date": "2023-09-02-19-00-00", "alternatives": ["16", "6", "16"]}, {"date": "2023-09-02-19-00-00", "alternatives": ["16", "6", "16"]}, {"date": "2023-09-02-19-00-00", "alternatives": ["16", "6", "16"]}]}, {"location": {"country_code": "br", "region": "Parana", "city": "Barracao"}, "game_id": "747108", "values": [{"date": "2023-09-02-23-00-00", "alternatives": [16, 6, 160, 16, 16]}, {"date": "2023-09-02-23-00-00", "alternatives": [16, 6, 160, 16, 16]}, {"date": "2023-09-02-23-00-00", "alternatives": [16, 6, 160, 16, 16]}, {"date": "2023-09-02-23-00-00", "alternatives": [16, 6, 160, 16, 16]}, {"date": "2023-09-02-23-00-00", "alternatives": [16, 6, 160, 16, 16]}, {"date": "2023-09-02-23-00-00", "alternatives": [16, 6, 160, 16, 16]}, {"date": "2023-09-02-23-00-00", "alternatives": [16, 6, 160, 16, 16]}, {"date": "2023-09-02-23-00-00", "alternatives": [16, 6, 160, 16, 16]}, {"date": "2023-09-02-23-00-00", "alternatives": [16, 6, 160, 16, 16]}, {"date": "2023-09-02-23-00-00", "alternatives": [16, 6, 160, 16, 16]}, {"date": "2023-09-02-23-00-00", "alternatives": [16, 6, 160, 16, 16]}, {"date": "2023-09-02-23-00-00", "alternatives": [16, 6, 160, 16, 16]}]}, {"location": {"country_code": "es", "region": "Canary Islands", "city": "San Cristobal de La Laguna"}, "game_id": "747108", "values": [{"date": "2023-09-02-18-00-00", "alternatives": [5, 3, 3, 3]}, {"date": "2023-09-02-18-00-00", "alternatives": [5, 3, 3, 3]}, {"date": "2023-09-02-18-00-00", "alternatives": [5, 3, 3, 3]}, {"date": "2023-09-02-18-00-00", "alternatives": [5, 3, 3, 3]}, {"date": "2023-09-02-18-00-00", "alternatives": [5, 3, 3, 3]}, {"date": "2023-09-02-18-00-00", "alternatives": [5, 3, 3, 3]}, {"date": "2023-09-02-18-00-00", "alternatives": [5, 3, 3, 3]}, {"date": "2023-09-02-18-00-00", "alternatives": [5, 3, 3, 3]}, {"date": "2023-09-02-18-00-00", "alternatives": [5, 3, 3, 3]}, {"date": "2023-09-02-18-00-00", "alternatives": [5, 3, 3, 3]}, {"date": "2023-09-02-18-00-00", "alternatives": [5, 3, 3, 3]}, {"date": "2023-09-02-18-00-00", "alternatives": [5, 3, 3, 3]}, {"date": "2023-09-02-18-00-00", "alternatives": [5, 3, 3, 3]}, {"date": "2023-09-02-18-00-00", "alternatives": [5, 3, 3, 3]}, {"date": "2023-09-02-18-00-00", "alternatives": [5, 3, 3, 3]}, {"date": "2023-09-02-18-00-00", "alternatives": [5, 3, 3, 3]}, {"date": "2023-09-02-18-00-00", "alternatives": [5, 3, 3, 3]}, {"date": "2023-09-02-18-00-00", "alternatives": [5, 3, 3, 3]}, {"date": "2023-09-02-18-00-00", "alternatives": [5, 3, 3, 3]}, {"date": "2023-09-02-18-00-00", "alternatives": [5, 3, 3, 3]}, {"date": "2023-09-02-18-00-00", "alternatives": [5, 3, 3, 3]}, {"date": "2023-09-02-18-00-00", "alternatives": [5, 3, 3, 3]}]}, {"location": {"country_code": "fr", "region": "Nord-Passo di Calais-Piccardia", "city": "Albert"}, "game_id": "747108", "values": [{"date": "2023-09-02-16-00-00", "alternatives": [780, 78, 718, 78, 78]}, {"date": "2023-09-02-16-00-00", "alternatives": [780, 78, 718, 78, 78]}, {"date": "2023-09-02-16-00-00", "alternatives": [780, 78, 718, 78, 78]}, {"date": "2023-09-02-16-00-00", "alternatives": [780, 78, 718, 78, 78]}, {"date": "2023-09-02-16-00-00", "alternatives": [780, 78, 718, 78, 78]}, {"date": "2023-09-02-16-00-00", "alternatives": [780, 78, 718, 78, 78]}, {"date": "2023-09-02-16-00-00", "alternatives": [780, 78, 718, 78, 78]}, {"date": "2023-09-02-16-00-00", "alternatives": [780, 78, 718, 78, 78]}, {"date": "2023-09-02-16-00-00", "alternatives": [780, 78, 718, 78, 78]}, {"date": "2023-09-02-16-00-00", "alternatives": [780, 78, 718, 78, 78]}, {"date": "2023-09-02-16-00-00", "alternatives": [780, 78, 718, 78, 78]}, {"date": "2023-09-02-16-00-00", "alternatives": [780, 78, 718, 78, 78]}, {"date": "2023-09-02-16-00-00", "alternatives": [780, 78, 718, 78, 78]}, {"date": "2023-09-02-16-00-00", "alternatives": [780, 78, 718, 78, 78]}, {"date": "2023-09-02-16-00-00", "alternatives": [780, 78, 718, 78, 78]}, {"date": "2023-09-02-16-00-00", "alternatives": [780, 78, 718, 78, 78]}, {"date": "2023-09-02-16-00-00", "alternatives": [780, 78, 718, 78, 78]}, {"date": "2023-09-02-16-00-00", "alternatives": [780, 78, 718, 78, 78]}, {"date": "2023-09-02-16-00-00", "alternatives": [780, 78, 718, 78, 78]}]}, {"location": {"country_code": "us", "region": "Arkansas", "city": "Newport"}, "game_id": "747108", "values": [{"date": "2023-09-02-16-00-00", "alternatives": [3, 31, 3, 31, 31]}, {"date": "2023-09-02-16-00-00", "alternatives": [3, 31, 3, 31, 31]}, {"date": "2023-09-02-16-00-00", "alternatives": [3, 31, 3, 31, 31]}, {"date": "2023-09-02-16-00-00", "alternatives": [3, 31, 3, 31, 31]}, {"date": "2023-09-02-16-00-00", "alternatives": [3, 31, 3, 31, 31]}, {"date": "2023-09-02-16-00-00", "alternatives": [3, 31, 3, 31, 31]}, {"date": "2023-09-02-16-00-00", "alternatives": [3, 31, 3, 31, 31]}, {"date": "2023-09-02-16-00-00", "alternatives": [3, 31, 3, 31, 31]}, {"date": "2023-09-02-16-00-00", "alternatives": [3, 31, 3, 31, 31]}, {"date": "2023-09-02-16-00-00", "alternatives": [3, 31, 3, 31, 31]}, {"date": "2023-09-02-16-00-00", "alternatives": [3, 31, 3, 31, 31]}, {"date": "2023-09-02-16-00-00", "alternatives": [3, 31, 3, 31, 31]}, {"date": "2023-09-02-16-00-00", "alternatives": [3, 31, 3, 31, 31]}, {"date": "2023-09-02-16-00-00", "alternatives": [3, 31, 3, 31, 31]}, {"date": "2023-09-02-16-00-00", "alternatives": [3, 31, 3, 31, 31]}, {"date": "2023-09-02-16-00-00", "alternatives": [3, 31, 3, 31, 31]}, {"date": "2023-09-02-16-00-00", "alternatives": [3, 31, 3, 31, 31]}, {"date": "2023-09-02-16-00-00", "alternatives": [3, 31, 3, 31, 31]}, {"date": "2023-09-02-16-00-00", "alternatives": [3, 31, 3, 31, 31]}, {"date": "2023-09-02-16-00-00", "alternatives": [3, 31, 3, 31, 31]}, {"date": "2023-09-02-16-00-00", "alternatives": [3, 31, 3, 31, 31]}, {"date": "2023-09-02-16-00-00", "alternatives": [3, 31, 3, 31, 31]}, {"date": "2023-09-02-16-00-00", "alternatives": [3, 31, 3, 31, 31]}, {"date": "2023-09-02-16-00-00", "alternatives": [3, 31, 3, 31, 31]}, {"date": "2023-09-02-16-00-00", "alternatives": [3, 31, 3, 31, 31]}, {"date": "2023-09-02-16-00-00", "alternatives": [3, 31, 3, 31, 31]}, {"date": "2023-09-02-16-00-00", "alternatives": [3, 31, 3, 31, 31]}, {"date": "2023-09-02-16-00-00", "alternatives": [3, 31, 3, 31, 31]}, {"date": "2023-09-02-16-00-00", "alternatives": [3, 31, 3, 31, 31]}]}], "last_updated": 1719918523.032906}