{"data": [{"location": {"country_code": "cu"}, "game_id": "295590", "values": [{"date": "2023-03-19-02-00-00", "latency": 35}]}, {"location": {"country_code": "us"}, "game_id": "295590", "values": [{"date": "2023-03-19-20-00-00", "latency": 11}, {"date": "2023-03-19-06-00-00", "latency": 1}, {"date": "2023-03-19-03-00-00", "latency": 6}, {"date": "2023-03-19-06-00-00", "latency": 7}, {"date": "2023-03-19-01-00-00", "latency": 3049}, {"date": "2023-03-19-09-00-00", "latency": 12}, {"date": "2023-03-19-09-00-00", "latency": 12}, {"date": "2023-03-20-01-00-00", "latency": 8}, {"date": "2023-03-20-01-00-00", "latency": 8}, {"date": "2023-03-20-01-00-00", "latency": 8}, {"date": "2023-03-20-01-00-00", "latency": 8}, {"date": "2023-03-20-01-00-00", "latency": 8}, {"date": "2023-03-20-01-00-00", "latency": 8}, {"date": "2023-03-20-01-00-00", "latency": 8}, {"date": "2023-03-20-01-00-00", "latency": 8}, {"date": "2023-03-20-01-00-00", "latency": 8}, {"date": "2023-03-20-01-00-00", "latency": 8}, {"date": "2023-03-20-01-00-00", "latency": 8}, {"date": "2023-03-20-01-00-00", "latency": 8}, {"date": "2023-03-20-01-00-00", "latency": 7}]}, {"location": {"country_code": "us", "region": "Oregon", "city": "Portland"}, "game_id": "295590", "values": [{"date": "2023-03-19-01-00-00", "latency": 1}]}, {"location": {"country_code": "us", "region": "Texas"}, "game_id": "295590", "values": [{"date": "2023-03-19-08-00-00", "latency": 3}, {"date": "2023-03-19-08-00-00", "latency": 3}, {"date": "2023-03-19-08-00-00", "latency": 3}, {"date": "2023-03-19-08-00-00", "latency": 3}, {"date": "2023-03-19-08-00-00", "latency": 3}, {"date": "2023-03-19-08-00-00", "latency": 3}, {"date": "2023-03-19-08-00-00", "latency": 3}, {"date": "2023-03-19-08-00-00", "latency": 3}, {"date": "2023-03-19-01-00-00", "latency": 8}, {"date": "2023-03-19-22-00-00", "latency": 0}, {"date": "2023-03-19-04-00-00", "latency": 9}]}, {"location": {"country_code": "eg"}, "game_id": "295590", "values": [{"date": "2023-03-19-18-00-00", "latency": 9}, {"date": "2023-03-19-18-00-00", "latency": 9}, {"date": "2023-03-19-03-00-00", "latency": 8}, {"date": "2023-03-19-03-00-00", "latency": 8}, {"date": "2023-03-19-03-00-00", "latency": 8}, {"date": "2023-03-19-18-00-00", "latency": 73}, {"date": "2023-03-19-18-00-00", "latency": 73}, {"date": "2023-03-19-18-00-00", "latency": 73}, {"date": "2023-03-19-18-00-00", "latency": 73}, {"date": "2023-03-19-12-00-00", "latency": 10}]}, {"location": {"country_code": "us", "region": "New York", "city": "Jamestown"}, "game_id": "295590", "values": [{"date": "2023-03-19-21-00-00", "latency": 17}]}, {"location": {"country_code": "gb"}, "game_id": "295590", "values": [{"date": "2023-03-19-22-00-00", "latency": 9}, {"date": "2023-03-19-22-00-00", "latency": 9}, {"date": "2023-03-19-22-00-00", "latency": 9}, {"date": "2023-03-19-22-00-00", "latency": 9}, {"date": "2023-03-19-22-00-00", "latency": 9}, {"date": "2023-03-19-22-00-00", "latency": 9}, {"date": "2023-03-19-22-00-00", "latency": 9}, {"date": "2023-03-19-22-00-00", "latency": 9}, {"date": "2023-03-19-22-00-00", "latency": 9}, {"date": "2023-03-19-22-00-00", "latency": 9}, {"date": "2023-03-19-22-00-00", "latency": 9}, {"date": "2023-03-19-22-00-00", "latency": 9}, {"date": "2023-03-19-22-00-00", "latency": 9}, {"date": "2023-03-19-23-00-00", "latency": 0}, {"date": "2023-03-19-19-00-00", "latency": 3}]}, {"location": {"country_code": "gr"}, "game_id": "295590", "values": [{"date": "2023-03-19-13-00-00", "latency": 82}, {"date": "2023-03-19-13-00-00", "latency": 82}, {"date": "2023-03-19-13-00-00", "latency": 82}, {"date": "2023-03-19-13-00-00", "latency": 82}, {"date": "2023-03-19-23-00-00", "latency": 5}, {"date": "2023-03-19-23-00-00", "latency": 5}]}, {"location": {"country_code": "nl"}, "game_id": "295590", "values": [{"date": "2023-03-19-22-00-00", "latency": 13}, {"date": "2023-03-19-11-00-00", "latency": 3}]}, {"location": {"country_code": "ro"}, "game_id": "295590", "values": [{"date": "2023-03-19-14-00-00", "latency": 9}]}, {"location": {"country_code": "za"}, "game_id": "295590", "values": [{"date": "2023-03-19-12-00-00", "latency": 22}]}, {"location": {"country_code": "jp"}, "game_id": "295590", "values": [{"date": "2023-03-19-10-00-00", "latency": 1358}, {"date": "2023-03-19-02-00-00", "latency": 4}, {"date": "2023-03-19-16-00-00", "latency": 8}, {"date": "2023-03-19-13-00-00", "latency": 1}, {"date": "2023-03-19-13-00-00", "latency": 1}, {"date": "2023-03-19-05-00-00", "latency": 1}, {"date": "2023-03-19-14-00-00", "latency": 0}, {"date": "2023-03-19-16-00-00", "latency": 14}, {"date": "2023-03-19-16-00-00", "latency": 14}, {"date": "2023-03-19-16-00-00", "latency": 14}, {"date": "2023-03-19-16-00-00", "latency": 14}, {"date": "2023-03-19-16-00-00", "latency": 14}, {"date": "2023-03-19-16-00-00", "latency": 14}, {"date": "2023-03-19-16-00-00", "latency": 14}, {"date": "2023-03-19-16-00-00", "latency": 14}]}, {"location": {"country_code": "ca"}, "game_id": "295590", "values": [{"date": "2023-03-19-06-00-00", "latency": 3}, {"date": "2023-03-19-10-00-00", "latency": 8}, {"date": "2023-03-19-10-00-00", "latency": 8}, {"date": "2023-03-19-10-00-00", "latency": 8}, {"date": "2023-03-19-10-00-00", "latency": 8}, {"date": "2023-03-19-10-00-00", "latency": 8}, {"date": "2023-03-19-12-00-00", "latency": 2}, {"date": "2023-03-19-12-00-00", "latency": 2}, {"date": "2023-03-19-21-00-00", "latency": 4}]}, {"location": {"country_code": "de"}, "game_id": "295590", "values": [{"date": "2023-03-19-23-00-00", "latency": 0}, {"date": "2023-03-19-10-00-00", "latency": 1}, {"date": "2023-03-20-00-00-00", "latency": 1}, {"date": "2023-03-20-00-00-00", "latency": 1}, {"date": "2023-03-20-00-00-00", "latency": 1}, {"date": "2023-03-20-00-00-00", "latency": 1}, {"date": "2023-03-20-00-00-00", "latency": 1}, {"date": "2023-03-19-23-00-00", "latency": 3}, {"date": "2023-03-19-23-00-00", "latency": 3}, {"date": "2023-03-19-19-00-00", "latency": 2}, {"date": "2023-03-19-21-00-00", "latency": 1}, {"date": "2023-03-19-20-00-00", "latency": 7}, {"date": "2023-03-19-20-00-00", "latency": 4}, {"date": "2023-03-19-20-00-00", "latency": 4}, {"date": "2023-03-19-20-00-00", "latency": 4}, {"date": "2023-03-19-01-00-00", "latency": 1}, {"date": "2023-03-19-02-00-00", "latency": 1}, {"date": "2023-03-19-02-00-00", "latency": 1}]}, {"location": {"country_code": "tw"}, "game_id": "295590", "values": [{"date": "2023-03-19-15-00-00", "latency": 24}]}, {"location": {"country_code": "gb", "region": "England"}, "game_id": "295590", "values": [{"date": "2023-03-19-14-00-00", "latency": 1}]}, {"location": {"country_code": "cl"}, "game_id": "295590", "values": [{"date": "2023-03-19-06-00-00", "latency": 1}, {"date": "2023-03-19-06-00-00", "latency": 1}, {"date": "2023-03-19-06-00-00", "latency": 1}, {"date": "2023-03-19-06-00-00", "latency": 1}, {"date": "2023-03-19-03-00-00", "latency": 0}, {"date": "2023-03-19-05-00-00", "latency": 5}]}, {"location": {"country_code": "us", "region": "Florida"}, "game_id": "295590", "values": [{"date": "2023-03-20-00-00-00", "latency": 4}, {"date": "2023-03-19-05-00-00", "latency": 25}, {"date": "2023-03-19-16-00-00", "latency": 1}]}, {"location": {"country_code": "ph"}, "game_id": "295590", "values": [{"date": "2023-03-19-16-00-00", "latency": 45}, {"date": "2023-03-19-16-00-00", "latency": 45}, {"date": "2023-03-19-14-00-00", "latency": 50}]}, {"location": {"country_code": "fr"}, "game_id": "295590", "values": [{"date": "2023-03-19-18-00-00", "latency": 1}, {"date": "2023-03-19-18-00-00", "latency": 1}, {"date": "2023-03-19-18-00-00", "latency": 1}, {"date": "2023-03-19-18-00-00", "latency": 1}, {"date": "2023-03-19-18-00-00", "latency": 1}, {"date": "2023-03-19-18-00-00", "latency": 1}, {"date": "2023-03-19-18-00-00", "latency": 1}, {"date": "2023-03-19-18-00-00", "latency": 1}, {"date": "2023-03-19-18-00-00", "latency": 1}, {"date": "2023-03-19-18-00-00", "latency": 1}, {"date": "2023-03-19-18-00-00", "latency": 7}, {"date": "2023-03-20-00-00-00", "latency": 3}, {"date": "2023-03-20-00-00-00", "latency": 3}, {"date": "2023-03-20-00-00-00", "latency": 3}, {"date": "2023-03-20-00-00-00", "latency": 3}, {"date": "2023-03-19-22-00-00", "latency": 3}]}, {"location": {"country_code": "fr", "region": "Occitanie", "city": "Montpellier"}, "game_id": "295590", "values": [{"date": "2023-03-19-23-00-00", "latency": 8}]}, {"location": {"country_code": "mx"}, "game_id": "295590", "values": [{"date": "2023-03-20-01-00-00", "latency": 31}, {"date": "2023-03-19-03-00-00", "latency": 5}, {"date": "2023-03-19-08-00-00", "latency": 1234}, {"date": "2023-03-19-10-00-00", "latency": 28}, {"date": "2023-03-19-10-00-00", "latency": 28}, {"date": "2023-03-19-06-00-00", "latency": 0}, {"date": "2023-03-19-08-00-00", "latency": 5}, {"date": "2023-03-19-11-00-00", "latency": 5}, {"date": "2023-03-19-11-00-00", "latency": 5}, {"date": "2023-03-19-11-00-00", "latency": 5}, {"date": "2023-03-20-01-00-00", "latency": 9}, {"date": "2023-03-19-06-00-00", "latency": 21}, {"date": "2023-03-19-06-00-00", "latency": 0}, {"date": "2023-03-19-13-00-00", "latency": 4}, {"date": "2023-03-19-08-00-00", "latency": 5}, {"date": "2023-03-19-02-00-00", "latency": 5}, {"date": "2023-03-19-09-00-00", "latency": 4}, {"date": "2023-03-19-09-00-00", "latency": 4}, {"date": "2023-03-20-01-00-00", "latency": 4}, {"date": "2023-03-20-01-00-00", "latency": 4}, {"date": "2023-03-19-08-00-00", "latency": 9}, {"date": "2023-03-19-08-00-00", "latency": 9}, {"date": "2023-03-19-08-00-00", "latency": 9}, {"date": "2023-03-19-03-00-00", "latency": 1}, {"date": "2023-03-19-03-00-00", "latency": 1}, {"date": "2023-03-19-03-00-00", "latency": 1}, {"date": "2023-03-19-02-00-00", "latency": 5}]}, {"location": {"country_code": "mx", "region": "Mexico City"}, "game_id": "295590", "values": [{"date": "2023-03-19-05-00-00", "latency": 5}, {"date": "2023-03-19-05-00-00", "latency": 5}, {"date": "2023-03-19-05-00-00", "latency": 5}, {"date": "2023-03-19-05-00-00", "latency": 5}, {"date": "2023-03-19-07-00-00", "latency": 1356}, {"date": "2023-03-19-10-00-00", "latency": 6}, {"date": "2023-03-19-02-00-00", "latency": 2}, {"date": "2023-03-19-04-00-00", "latency": 0}]}, {"location": {"country_code": "mx", "region": "Baja California", "city": "Ensenada"}, "game_id": "295590", "values": [{"date": "2023-03-19-06-00-00", "latency": 7}, {"date": "2023-03-19-06-00-00", "latency": 7}]}, {"location": {"country_code": "us", "region": "Ohio"}, "game_id": "295590", "values": [{"date": "2023-03-19-05-00-00", "latency": 0}]}, {"location": {"country_code": "us", "region": "California"}, "game_id": "295590", "values": [{"date": "2023-03-19-23-00-00", "latency": 0}, {"date": "2023-03-20-00-00-00", "latency": 3}, {"date": "2023-03-20-00-00-00", "latency": 3}, {"date": "2023-03-20-00-00-00", "latency": 3}, {"date": "2023-03-20-00-00-00", "latency": 3}, {"date": "2023-03-20-00-00-00", "latency": 3}, {"date": "2023-03-20-00-00-00", "latency": 3}, {"date": "2023-03-20-00-00-00", "latency": 3}]}, {"location": {"country_code": "rs"}, "game_id": "295590", "values": [{"date": "2023-03-19-23-00-00", "latency": 2}, {"date": "2023-03-19-01-00-00", "latency": 4}]}, {"location": {"country_code": "br"}, "game_id": "295590", "values": [{"date": "2023-03-19-22-00-00", "latency": 4}, {"date": "2023-03-19-22-00-00", "latency": 4}, {"date": "2023-03-19-22-00-00", "latency": 4}, {"date": "2023-03-19-22-00-00", "latency": 4}, {"date": "2023-03-19-20-00-00", "latency": 1}, {"date": "2023-03-19-20-00-00", "latency": 1}, {"date": "2023-03-19-03-00-00", "latency": 3}, {"date": "2023-03-19-03-00-00", "latency": 3}, {"date": "2023-03-19-21-00-00", "latency": 29}, {"date": "2023-03-19-21-00-00", "latency": 29}, {"date": "2023-03-19-02-00-00", "latency": 2}, {"date": "2023-03-19-23-00-00", "latency": 3}, {"date": "2023-03-19-07-00-00", "latency": 14}, {"date": "2023-03-19-07-00-00", "latency": 3}, {"date": "2023-03-19-07-00-00", "latency": 3}, {"date": "2023-03-19-07-00-00", "latency": 3}, {"date": "2023-03-19-19-00-00", "latency": 5}, {"date": "2023-03-19-04-00-00", "latency": 2}, {"date": "2023-03-19-05-00-00", "latency": 0}, {"date": "2023-03-19-07-00-00", "latency": 6}, {"date": "2023-03-19-07-00-00", "latency": 6}, {"date": "2023-03-19-07-00-00", "latency": 6}, {"date": "2023-03-19-07-00-00", "latency": 6}, {"date": "2023-03-19-07-00-00", "latency": 6}, {"date": "2023-03-19-07-00-00", "latency": 6}, {"date": "2023-03-19-07-00-00", "latency": 6}, {"date": "2023-03-19-22-00-00", "latency": 2}, {"date": "2023-03-19-01-00-00", "latency": 12}, {"date": "2023-03-19-01-00-00", "latency": 12}]}, {"location": {"country_code": "se"}, "game_id": "295590", "values": [{"date": "2023-03-19-16-00-00", "latency": 2}, {"date": "2023-03-19-16-00-00", "latency": 2}]}, {"location": {"country_code": "no"}, "game_id": "295590", "values": [{"date": "2023-03-19-15-00-00", "latency": 5}, {"date": "2023-03-19-15-00-00", "latency": 5}, {"date": "2023-03-19-15-00-00", "latency": 5}]}, {"location": {"country_code": "us", "region": "California", "city": "East Los Angeles"}, "game_id": "295590", "values": [{"date": "2023-03-19-09-00-00", "latency": 0}, {"date": "2023-03-20-00-00-00", "latency": 6}, {"date": "2023-03-19-07-00-00", "latency": 6}]}, {"location": {"country_code": "ca", "region": "British Columbia", "city": "Richmond"}, "game_id": "295590", "values": [{"date": "2023-03-20-00-00-00", "latency": 7}, {"date": "2023-03-20-00-00-00", "latency": 7}, {"date": "2023-03-20-00-00-00", "latency": 7}, {"date": "2023-03-20-00-00-00", "latency": 7}, {"date": "2023-03-20-00-00-00", "latency": 7}, {"date": "2023-03-20-00-00-00", "latency": 7}, {"date": "2023-03-19-15-00-00", "latency": 9}, {"date": "2023-03-20-00-00-00", "latency": 1}, {"date": "2023-03-19-12-00-00", "latency": 5}]}, {"location": {"country_code": "ec"}, "game_id": "295590", "values": [{"date": "2023-03-19-03-00-00", "latency": 7}, {"date": "2023-03-19-03-00-00", "latency": 7}, {"date": "2023-03-19-03-00-00", "latency": 7}, {"date": "2023-03-19-03-00-00", "latency": 7}, {"date": "2023-03-19-03-00-00", "latency": 7}, {"date": "2023-03-19-03-00-00", "latency": 7}, {"date": "2023-03-19-06-00-00", "latency": 3}, {"date": "2023-03-19-06-00-00", "latency": 3}, {"date": "2023-03-19-08-00-00", "latency": 7}]}, {"location": {"country_code": "au"}, "game_id": "295590", "values": [{"date": "2023-03-19-14-00-00", "latency": 2}, {"date": "2023-03-19-07-00-00", "latency": 49}, {"date": "2023-03-19-11-00-00", "latency": 7}]}, {"location": {"country_code": "au", "region": "Victoria", "city": "Melbourne"}, "game_id": "295590", "values": [{"date": "2023-03-19-05-00-00", "latency": 1}]}, {"location": {"country_code": "br", "region": "Goias", "city": "Catalao"}, "game_id": "295590", "values": [{"date": "2023-03-19-02-00-00", "latency": 27}]}, {"location": {"country_code": "es", "region": "Madrid", "city": "Parla"}, "game_id": "295590", "values": [{"date": "2023-03-19-23-00-00", "latency": 3}, {"date": "2023-03-19-23-00-00", "latency": 3}, {"date": "2023-03-19-23-00-00", "latency": 3}]}, {"location": {"country_code": "dk"}, "game_id": "295590", "values": [{"date": "2023-03-19-15-00-00", "latency": 3}]}, {"location": {"country_code": "tr", "region": "Ege Bolgesi", "city": "Izmir"}, "game_id": "295590", "values": [{"date": "2023-03-19-23-00-00", "latency": 3}]}, {"location": {"country_code": "ua"}, "game_id": "295590", "values": [{"date": "2023-03-19-19-00-00", "latency": 9}, {"date": "2023-03-20-00-00-00", "latency": 5}, {"date": "2023-03-20-00-00-00", "latency": 5}, {"date": "2023-03-20-00-00-00", "latency": 5}, {"date": "2023-03-20-00-00-00", "latency": 5}, {"date": "2023-03-20-00-00-00", "latency": 5}, {"date": "2023-03-20-00-00-00", "latency": 5}, {"date": "2023-03-20-00-00-00", "latency": 5}, {"date": "2023-03-20-00-00-00", "latency": 5}, {"date": "2023-03-20-00-00-00", "latency": 5}, {"date": "2023-03-19-21-00-00", "latency": 8}]}, {"location": {"country_code": "es", "region": "La Rioja", "city": "Logrono"}, "game_id": "295590", "values": [{"date": "2023-03-19-23-00-00", "latency": 2}]}, {"location": {"country_code": "ar"}, "game_id": "295590", "values": [{"date": "2023-03-19-23-00-00", "latency": 5}, {"date": "2023-03-19-05-00-00", "latency": 3}, {"date": "2023-03-19-02-00-00", "latency": 1}, {"date": "2023-03-19-17-00-00", "latency": 2}, {"date": "2023-03-19-06-00-00", "latency": 6}, {"date": "2023-03-19-06-00-00", "latency": 6}, {"date": "2023-03-19-06-00-00", "latency": 6}, {"date": "2023-03-19-06-00-00", "latency": 6}, {"date": "2023-03-19-06-00-00", "latency": 6}, {"date": "2023-03-19-06-00-00", "latency": 6}, {"date": "2023-03-19-06-00-00", "latency": 6}, {"date": "2023-03-19-06-00-00", "latency": 6}, {"date": "2023-03-19-06-00-00", "latency": 6}, {"date": "2023-03-19-06-00-00", "latency": 6}, {"date": "2023-03-19-06-00-00", "latency": 6}, {"date": "2023-03-19-06-00-00", "latency": 6}, {"date": "2023-03-19-06-00-00", "latency": 6}, {"date": "2023-03-19-06-00-00", "latency": 6}, {"date": "2023-03-19-02-00-00", "latency": 61}, {"date": "2023-03-19-05-00-00", "latency": 2}, {"date": "2023-03-19-18-00-00", "latency": 2}, {"date": "2023-03-19-04-00-00", "latency": 4}, {"date": "2023-03-20-01-00-00", "latency": 2}, {"date": "2023-03-20-01-00-00", "latency": 2}, {"date": "2023-03-19-16-00-00", "latency": 2}, {"date": "2023-03-20-00-00-00", "latency": 3}, {"date": "2023-03-19-05-00-00", "latency": 5}, {"date": "2023-03-19-20-00-00", "latency": 5}, {"date": "2023-03-19-20-00-00", "latency": 5}, {"date": "2023-03-19-02-00-00", "latency": 3}, {"date": "2023-03-19-07-00-00", "latency": 4}, {"date": "2023-03-19-07-00-00", "latency": 4}]}, {"location": {"country_code": "ar", "region": "Cordoba Province", "city": "Rio Cuarto"}, "game_id": "295590", "values": [{"date": "2023-03-19-19-00-00", "latency": 36}, {"date": "2023-03-19-19-00-00", "latency": 36}, {"date": "2023-03-19-19-00-00", "latency": 36}, {"date": "2023-03-19-19-00-00", "latency": 36}, {"date": "2023-03-19-19-00-00", "latency": 36}, {"date": "2023-03-19-19-00-00", "latency": 36}, {"date": "2023-03-19-19-00-00", "latency": 36}, {"date": "2023-03-19-19-00-00", "latency": 36}, {"date": "2023-03-19-19-00-00", "latency": 36}, {"date": "2023-03-19-19-00-00", "latency": 36}, {"date": "2023-03-19-19-00-00", "latency": 36}, {"date": "2023-03-19-19-00-00", "latency": 36}, {"date": "2023-03-19-19-00-00", "latency": 36}, {"date": "2023-03-19-19-00-00", "latency": 36}, {"date": "2023-03-19-19-00-00", "latency": 36}, {"date": "2023-03-19-19-00-00", "latency": 36}, {"date": "2023-03-19-19-00-00", "latency": 36}, {"date": "2023-03-19-19-00-00", "latency": 36}, {"date": "2023-03-19-19-00-00", "latency": 36}, {"date": "2023-03-19-19-00-00", "latency": 36}, {"date": "2023-03-19-19-00-00", "latency": 36}, {"date": "2023-03-19-19-00-00", "latency": 36}, {"date": "2023-03-19-19-00-00", "latency": 36}, {"date": "2023-03-19-19-00-00", "latency": 36}, {"date": "2023-03-19-22-00-00", "latency": 4}]}, {"location": {"country_code": "bo"}, "game_id": "295590", "values": [{"date": "2023-03-19-02-00-00", "latency": 17}, {"date": "2023-03-19-11-00-00", "latency": 4}, {"date": "2023-03-19-02-00-00", "latency": 50}]}, {"location": {"country_code": "us", "region": "Michigan", "city": "Detroit"}, "game_id": "295590", "values": [{"date": "2023-03-19-05-00-00", "latency": 19}, {"date": "2023-03-19-05-00-00", "latency": 19}]}, {"location": {"country_code": "us", "region": "Michigan"}, "game_id": "295590", "values": [{"date": "2023-03-19-23-00-00", "latency": 2}]}, {"location": {"country_code": "fi"}, "game_id": "295590", "values": [{"date": "2023-03-19-22-00-00", "latency": 3}, {"date": "2023-03-19-22-00-00", "latency": 3}, {"date": "2023-03-19-22-00-00", "latency": 3}, {"date": "2023-03-19-15-00-00", "latency": 4}, {"date": "2023-03-19-15-00-00", "latency": 1}, {"date": "2023-03-19-15-00-00", "latency": 1}, {"date": "2023-03-19-15-00-00", "latency": 1}, {"date": "2023-03-19-15-00-00", "latency": 1}]}, {"location": {"country_code": "ar", "region": "Buenos Aires F.D.", "city": "Bahia Blanca"}, "game_id": "295590", "values": [{"date": "2023-03-19-04-00-00", "latency": 10}, {"date": "2023-03-20-01-00-00", "latency": 2}, {"date": "2023-03-20-01-00-00", "latency": 2}, {"date": "2023-03-19-04-00-00", "latency": 4}]}, {"location": {"country_code": "gt", "region": "Guatemala Department", "city": "Guatemala City"}, "game_id": "295590", "values": [{"date": "2023-03-19-03-00-00", "latency": 3}]}, {"location": {"country_code": "ar", "region": "Buenos Aires"}, "game_id": "295590", "values": [{"date": "2023-03-19-23-00-00", "latency": 2}]}, {"location": {"country_code": "us", "region": "Virginia"}, "game_id": "295590", "values": [{"date": "2023-03-19-02-00-00", "latency": 4}]}, {"location": {"country_code": "us", "region": "Texas", "city": "Houston"}, "game_id": "295590", "values": [{"date": "2023-03-19-23-00-00", "latency": 1}]}, {"location": {"country_code": "us", "region": "Alaska", "city": "Ketchikan"}, "game_id": "295590", "values": [{"date": "2023-03-19-23-00-00", "latency": 91}, {"date": "2023-03-19-23-00-00", "latency": 91}, {"date": "2023-03-19-23-00-00", "latency": 91}, {"date": "2023-03-19-23-00-00", "latency": 91}, {"date": "2023-03-19-23-00-00", "latency": 91}]}, {"location": {"country_code": "us", "region": "South Carolina"}, "game_id": "295590", "values": [{"date": "2023-03-19-06-00-00", "latency": 8}, {"date": "2023-03-19-06-00-00", "latency": 8}, {"date": "2023-03-19-06-00-00", "latency": 8}, {"date": "2023-03-19-06-00-00", "latency": 8}]}, {"location": {"country_code": "us", "region": "Illinois", "city": "Chicago"}, "game_id": "295590", "values": [{"date": "2023-03-19-06-00-00", "latency": 5}]}, {"location": {"country_code": "us", "region": "Illinois", "city": "Evanston"}, "game_id": "295590", "values": [{"date": "2023-03-19-05-00-00", "latency": 7}]}, {"location": {"country_code": "mx", "region": "Puebla"}, "game_id": "295590", "values": [{"date": "2023-03-19-06-00-00", "latency": 1}]}, {"location": {"country_code": "co"}, "game_id": "295590", "values": [{"date": "2023-03-19-06-00-00", "latency": 6}, {"date": "2023-03-19-08-00-00", "latency": 20}, {"date": "2023-03-19-08-00-00", "latency": 20}, {"date": "2023-03-19-08-00-00", "latency": 20}, {"date": "2023-03-19-08-00-00", "latency": 20}, {"date": "2023-03-19-08-00-00", "latency": 20}, {"date": "2023-03-19-08-00-00", "latency": 20}, {"date": "2023-03-19-08-00-00", "latency": 20}, {"date": "2023-03-19-08-00-00", "latency": 20}, {"date": "2023-03-19-08-00-00", "latency": 20}, {"date": "2023-03-19-08-00-00", "latency": 20}, {"date": "2023-03-19-06-00-00", "latency": 7}, {"date": "2023-03-19-23-00-00", "latency": 3}]}, {"location": {"country_code": "us", "region": "Arizona"}, "game_id": "295590", "values": [{"date": "2023-03-19-13-00-00", "latency": 7}]}, {"location": {"country_code": "es", "region": "Aragon", "city": "Zaragoza"}, "game_id": "295590", "values": [{"date": "2023-03-19-04-00-00", "latency": 0}]}, {"location": {"country_code": "us", "region": "California", "city": "Chula Vista"}, "game_id": "295590", "values": [{"date": "2023-03-19-09-00-00", "latency": 8}, {"date": "2023-03-19-09-00-00", "latency": 8}, {"date": "2023-03-19-13-00-00", "latency": 2}]}, {"location": {"country_code": "es", "region": "Madrid", "city": "Las Rozas de Madrid"}, "game_id": "295590", "values": [{"date": "2023-03-19-13-00-00", "latency": 2}]}, {"location": {"country_code": "pl"}, "game_id": "295590", "values": [{"date": "2023-03-19-22-00-00", "latency": 2}, {"date": "2023-03-19-17-00-00", "latency": 12}, {"date": "2023-03-19-19-00-00", "latency": 9}, {"date": "2023-03-19-15-00-00", "latency": 37}, {"date": "2023-03-19-13-00-00", "latency": 9}, {"date": "2023-03-19-13-00-00", "latency": 9}, {"date": "2023-03-19-21-00-00", "latency": 4}]}, {"location": {"country_code": "cr"}, "game_id": "295590", "values": [{"date": "2023-03-19-05-00-00", "latency": 53}, {"date": "2023-03-19-05-00-00", "latency": 53}, {"date": "2023-03-19-05-00-00", "latency": 53}, {"date": "2023-03-19-05-00-00", "latency": 53}, {"date": "2023-03-19-05-00-00", "latency": 53}, {"date": "2023-03-19-05-00-00", "latency": 53}, {"date": "2023-03-19-05-00-00", "latency": 53}, {"date": "2023-03-19-07-00-00", "latency": 50}, {"date": "2023-03-19-07-00-00", "latency": 50}, {"date": "2023-03-19-07-00-00", "latency": 50}, {"date": "2023-03-19-07-00-00", "latency": 50}, {"date": "2023-03-19-07-00-00", "latency": 50}, {"date": "2023-03-19-07-00-00", "latency": 50}, {"date": "2023-03-19-07-00-00", "latency": 50}, {"date": "2023-03-19-07-00-00", "latency": 50}, {"date": "2023-03-19-07-00-00", "latency": 50}, {"date": "2023-03-19-07-00-00", "latency": 50}, {"date": "2023-03-19-07-00-00", "latency": 50}, {"date": "2023-03-19-07-00-00", "latency": 50}, {"date": "2023-03-19-07-00-00", "latency": 50}, {"date": "2023-03-19-07-00-00", "latency": 50}]}, {"location": {"country_code": "us", "region": "Georgia"}, "game_id": "295590", "values": [{"date": "2023-03-19-06-00-00", "latency": 8}, {"date": "2023-03-19-06-00-00", "latency": 8}, {"date": "2023-03-19-06-00-00", "latency": 8}, {"date": "2023-03-19-06-00-00", "latency": 8}]}, {"location": {"country_code": "ge"}, "game_id": "295590", "values": [{"date": "2023-03-19-09-00-00", "latency": 6}]}, {"location": {"country_code": "pe"}, "game_id": "295590", "values": [{"date": "2023-03-19-04-00-00", "latency": 6}, {"date": "2023-03-20-01-00-00", "latency": 7}, {"date": "2023-03-20-01-00-00", "latency": 7}, {"date": "2023-03-19-04-00-00", "latency": 3}]}, {"location": {"country_code": "kr", "region": "Seoul"}, "game_id": "295590", "values": [{"date": "2023-03-19-21-00-00", "latency": 32}, {"date": "2023-03-19-21-00-00", "latency": 32}]}, {"location": {"country_code": "sg"}, "game_id": "295590", "values": [{"date": "2023-03-19-14-00-00", "latency": 0}]}, {"location": {"country_code": "tr", "region": "Marmara Bolgesi", "city": "Istanbul"}, "game_id": "295590", "values": [{"date": "2023-03-19-16-00-00", "latency": 0}]}, {"location": {"country_code": "us", "region": "District of Columbia", "city": "Washington"}, "game_id": "295590", "values": [{"date": "2023-03-19-10-00-00", "latency": 7}, {"date": "2023-03-19-10-00-00", "latency": 7}]}, {"location": {"country_code": "do"}, "game_id": "295590", "values": [{"date": "2023-03-19-03-00-00", "latency": 4}, {"date": "2023-03-19-16-00-00", "latency": 5}, {"date": "2023-03-19-16-00-00", "latency": 5}, {"date": "2023-03-19-16-00-00", "latency": 5}, {"date": "2023-03-19-16-00-00", "latency": 5}, {"date": "2023-03-19-16-00-00", "latency": 5}, {"date": "2023-03-19-16-00-00", "latency": 5}, {"date": "2023-03-19-16-00-00", "latency": 5}]}, {"location": {"country_code": "ru"}, "game_id": "295590", "values": [{"date": "2023-03-20-00-00-00", "latency": 4}, {"date": "2023-03-19-18-00-00", "latency": 16}, {"date": "2023-03-19-18-00-00", "latency": 16}, {"date": "2023-03-19-18-00-00", "latency": 16}]}, {"location": {"country_code": "br", "region": "Santa Catarina", "city": "Palhoca"}, "game_id": "295590", "values": [{"date": "2023-03-19-06-00-00", "latency": 4}, {"date": "2023-03-19-06-00-00", "latency": 4}, {"date": "2023-03-19-03-00-00", "latency": 1}]}, {"location": {"country_code": "us", "region": "Illinois"}, "game_id": "295590", "values": [{"date": "2023-03-19-20-00-00", "latency": 2}]}, {"location": {"country_code": "mx", "region": "Nuevo Leon", "city": "Monterrey"}, "game_id": "295590", "values": [{"date": "2023-03-19-05-00-00", "latency": 3}]}, {"location": {"country_code": "co", "region": "El Valle", "city": "Cali"}, "game_id": "295590", "values": [{"date": "2023-03-19-06-00-00", "latency": 2}, {"date": "2023-03-19-06-00-00", "latency": 2}, {"date": "2023-03-19-06-00-00", "latency": 2}, {"date": "2023-03-19-06-00-00", "latency": 2}]}, {"location": {"country_code": "au", "region": "Western Australia", "city": "Perth"}, "game_id": "295590", "values": [{"date": "2023-03-19-13-00-00", "latency": 42}]}, {"location": {"country_code": "pt", "region": "Northern Mariana Islands", "city": "Porto"}, "game_id": "295590", "values": [{"date": "2023-03-19-19-00-00", "latency": 9}]}, {"location": {"country_code": "us", "region": "Colorado"}, "game_id": "295590", "values": [{"date": "2023-03-19-05-00-00", "latency": 1}]}, {"location": {"country_code": "tr", "region": "Marmara Bolgesi", "city": "Bursa"}, "game_id": "295590", "values": [{"date": "2023-03-19-19-00-00", "latency": 15}]}, {"location": {"country_code": "br", "region": "State of Rio de Janeiro", "city": "Angra dos Reis"}, "game_id": "295590", "values": [{"date": "2023-03-19-06-00-00", "latency": 0}]}, {"location": {"country_code": "br", "region": "Ceara", "city": "Itapipoca"}, "game_id": "295590", "values": [{"date": "2023-03-19-18-00-00", "latency": 2}]}, {"location": {"country_code": "uy"}, "game_id": "295590", "values": [{"date": "2023-03-20-00-00-00", "latency": 32}, {"date": "2023-03-20-00-00-00", "latency": 32}, {"date": "2023-03-20-00-00-00", "latency": 32}, {"date": "2023-03-20-00-00-00", "latency": 32}, {"date": "2023-03-19-19-00-00", "latency": 4}, {"date": "2023-03-19-02-00-00", "latency": 24}]}, {"location": {"country_code": "ar", "region": "Central Chaco"}, "game_id": "295590", "values": [{"date": "2023-03-19-05-00-00", "latency": 9}]}, {"location": {"country_code": "us", "region": "Louisiana", "city": "New Orleans"}, "game_id": "295590", "values": [{"date": "2023-03-20-01-00-00", "latency": 4}]}, {"location": {"country_code": "ca", "region": "Alberta", "city": "Edmonton"}, "game_id": "295590", "values": [{"date": "2023-03-19-22-00-00", "latency": 6}, {"date": "2023-03-19-22-00-00", "latency": 6}, {"date": "2023-03-19-22-00-00", "latency": 6}, {"date": "2023-03-19-22-00-00", "latency": 6}]}, {"location": {"country_code": "us", "region": "Arizona", "city": "Phoenix"}, "game_id": "295590", "values": [{"date": "2023-03-20-01-00-00", "latency": 8}, {"date": "2023-03-19-22-00-00", "latency": 49}, {"date": "2023-03-19-22-00-00", "latency": 49}, {"date": "2023-03-19-22-00-00", "latency": 49}, {"date": "2023-03-19-22-00-00", "latency": 49}]}, {"location": {"country_code": "ca", "region": "Nova Scotia", "city": "Bedford"}, "game_id": "295590", "values": [{"date": "2023-03-19-21-00-00", "latency": 8}]}, {"location": {"country_code": "us", "region": "Colorado", "city": "Denver"}, "game_id": "295590", "values": [{"date": "2023-03-19-21-00-00", "latency": 9}, {"date": "2023-03-19-21-00-00", "latency": 9}]}, {"location": {"country_code": "pe", "region": "Lima region", "city": "Lima"}, "game_id": "295590", "values": [{"date": "2023-03-19-08-00-00", "latency": 16}]}, {"location": {"country_code": "pt", "region": "Lisbon District", "city": "Amadora"}, "game_id": "295590", "values": [{"date": "2023-03-19-13-00-00", "latency": 4}, {"date": "2023-03-19-13-00-00", "latency": 4}]}, {"location": {"country_code": "us", "region": "Texas", "city": "Irving"}, "game_id": "295590", "values": [{"date": "2023-03-19-20-00-00", "latency": 0}]}, {"location": {"country_code": "br", "region": "Mato Grosso do Sul", "city": "Campo Grande"}, "game_id": "295590", "values": [{"date": "2023-03-19-22-00-00", "latency": 3}]}, {"location": {"country_code": "au", "region": "Victoria"}, "game_id": "295590", "values": [{"date": "2023-03-19-02-00-00", "latency": 2}]}, {"location": {"country_code": "ro", "region": "Transylvania", "city": "Band"}, "game_id": "295590", "values": [{"date": "2023-03-19-07-00-00", "latency": 4}]}, {"location": {"country_code": "ca", "region": "Quebec"}, "game_id": "295590", "values": [{"date": "2023-03-20-01-00-00", "latency": 0}]}, {"location": {"country_code": "de", "region": "Lower Saxony"}, "game_id": "295590", "values": [{"date": "2023-03-19-08-00-00", "latency": 3}, {"date": "2023-03-19-08-00-00", "latency": 3}]}, {"location": {"country_code": "ru", "region": "Rostov Oblast", "city": "Rostov-on-Don"}, "game_id": "295590", "values": [{"date": "2023-03-19-18-00-00", "latency": 8}, {"date": "2023-03-19-18-00-00", "latency": 8}]}, {"location": {"country_code": "pl", "region": "Lower Silesian Voivodeship"}, "game_id": "295590", "values": [{"date": "2023-03-20-00-00-00", "latency": 0}]}, {"location": {"country_code": "sy"}, "game_id": "295590", "values": [{"date": "2023-03-20-00-00-00", "latency": 54}, {"date": "2023-03-20-00-00-00", "latency": 54}, {"date": "2023-03-20-00-00-00", "latency": 54}, {"date": "2023-03-20-00-00-00", "latency": 54}, {"date": "2023-03-20-00-00-00", "latency": 54}, {"date": "2023-03-20-00-00-00", "latency": 54}, {"date": "2023-03-20-00-00-00", "latency": 54}, {"date": "2023-03-20-00-00-00", "latency": 54}]}, {"location": {"country_code": "ye"}, "game_id": "295590", "values": [{"date": "2023-03-19-04-00-00", "latency": 2}, {"date": "2023-03-19-04-00-00", "latency": 2}]}, {"location": {"country_code": "ca", "region": "Alberta", "city": "Calgary"}, "game_id": "295590", "values": [{"date": "2023-03-19-08-00-00", "latency": 3}]}, {"location": {"country_code": "bg"}, "game_id": "295590", "values": [{"date": "2023-03-19-05-00-00", "latency": 4}, {"date": "2023-03-19-05-00-00", "latency": 4}, {"date": "2023-03-19-05-00-00", "latency": 4}]}, {"location": {"country_code": "br", "region": "Rio Grande do Norte", "city": "Natal"}, "game_id": "295590", "values": [{"date": "2023-03-19-06-00-00", "latency": 3}, {"date": "2023-03-19-06-00-00", "latency": 3}, {"date": "2023-03-19-06-00-00", "latency": 3}]}, {"location": {"country_code": "br", "region": "Minas Gerais", "city": "Ituiutaba"}, "game_id": "295590", "values": [{"date": "2023-03-19-15-00-00", "latency": 10}, {"date": "2023-03-19-15-00-00", "latency": 10}, {"date": "2023-03-19-16-00-00", "latency": 2}, {"date": "2023-03-19-16-00-00", "latency": 2}, {"date": "2023-03-19-16-00-00", "latency": 2}]}, {"location": {"country_code": "ec", "region": "Pichincha", "city": "Quito"}, "game_id": "295590", "values": [{"date": "2023-03-19-03-00-00", "latency": 14}]}, {"location": {"country_code": "us", "region": "New Mexico", "city": "Albuquerque"}, "game_id": "295590", "values": [{"date": "2023-03-19-19-00-00", "latency": 1820}, {"date": "2023-03-19-19-00-00", "latency": 1820}, {"date": "2023-03-19-19-00-00", "latency": 1820}, {"date": "2023-03-19-19-00-00", "latency": 1820}, {"date": "2023-03-19-19-00-00", "latency": 1820}, {"date": "2023-03-19-19-00-00", "latency": 1820}, {"date": "2023-03-19-19-00-00", "latency": 1820}, {"date": "2023-03-19-19-00-00", "latency": 1820}]}, {"location": {"country_code": "ee"}, "game_id": "295590", "values": [{"date": "2023-03-19-15-00-00", "latency": 3}, {"date": "2023-03-19-15-00-00", "latency": 3}, {"date": "2023-03-19-15-00-00", "latency": 3}, {"date": "2023-03-19-15-00-00", "latency": 3}]}, {"location": {"country_code": "ar", "region": "Buenos Aires", "city": "La Plata"}, "game_id": "295590", "values": [{"date": "2023-03-19-06-00-00", "latency": 4}]}, {"location": {"country_code": "us", "region": "Florida", "city": "Boca Raton"}, "game_id": "295590", "values": [{"date": "2023-03-19-17-00-00", "latency": 5}]}, {"location": {"country_code": "fr", "region": "Brittany Region", "city": "Rennes"}, "game_id": "295590", "values": [{"date": "2023-03-19-17-00-00", "latency": 8}]}, {"location": {"country_code": "es", "region": "Navarre", "city": "Pamplona"}, "game_id": "295590", "values": [{"date": "2023-03-19-23-00-00", "latency": 3}]}, {"location": {"country_code": "ar", "region": "Mendoza Province", "city": "Mendoza"}, "game_id": "295590", "values": [{"date": "2023-03-19-05-00-00", "latency": 8}, {"date": "2023-03-19-05-00-00", "latency": 8}]}, {"location": {"country_code": "uy", "region": "Rocha Department"}, "game_id": "295590", "values": [{"date": "2023-03-19-04-00-00", "latency": 9}]}, {"location": {"country_code": "sa", "region": "Mecca Region", "city": "Jeddah"}, "game_id": "295590", "values": [{"date": "2023-03-19-15-00-00", "latency": 22}]}, {"location": {"country_code": "bb"}, "game_id": "295590", "values": [{"date": "2023-03-19-19-00-00", "latency": 16}, {"date": "2023-03-19-19-00-00", "latency": 16}, {"date": "2023-03-19-19-00-00", "latency": 16}]}, {"location": {"country_code": "us", "region": "Colorado", "city": "Colorado Springs"}, "game_id": "295590", "values": [{"date": "2023-03-19-19-00-00", "latency": 4}]}, {"location": {"country_code": "jo"}, "game_id": "295590", "values": [{"date": "2023-03-19-20-00-00", "latency": 25}, {"date": "2023-03-19-20-00-00", "latency": 25}]}, {"location": {"country_code": "ar", "region": "Jujuy Province"}, "game_id": "295590", "values": [{"date": "2023-03-19-06-00-00", "latency": 25}]}, {"location": {"country_code": "ca", "region": "British Columbia", "city": "Victoria"}, "game_id": "295590", "values": [{"date": "2023-03-19-21-00-00", "latency": 22}, {"date": "2023-03-19-21-00-00", "latency": 22}, {"date": "2023-03-19-21-00-00", "latency": 22}, {"date": "2023-03-19-21-00-00", "latency": 22}, {"date": "2023-03-19-21-00-00", "latency": 22}, {"date": "2023-03-19-21-00-00", "latency": 22}]}, {"location": {"country_code": "ma"}, "game_id": "295590", "values": [{"date": "2023-03-19-14-00-00", "latency": 2}]}, {"location": {"country_code": "es", "region": "Andalusia", "city": "La Linea de la Concepcion"}, "game_id": "295590", "values": [{"date": "2023-03-19-23-00-00", "latency": 24}]}, {"location": {"country_code": "de", "region": "North Rhine-Westphalia", "city": "Dusseldorf"}, "game_id": "295590", "values": [{"date": "2023-03-19-19-00-00", "latency": 2}]}, {"location": {"country_code": "ca", "region": "British Columbia", "city": "Abbotsford"}, "game_id": "295590", "values": [{"date": "2023-03-19-10-00-00", "latency": 4}, {"date": "2023-03-19-10-00-00", "latency": 4}, {"date": "2023-03-19-10-00-00", "latency": 4}]}, {"location": {"country_code": "pl", "region": "West Pomeranian Voivodeship", "city": "Szczecin"}, "game_id": "295590", "values": [{"date": "2023-03-19-15-00-00", "latency": 4}]}, {"location": {"country_code": "tn"}, "game_id": "295590", "values": [{"date": "2023-03-19-04-00-00", "latency": 8}]}, {"location": {"country_code": "es", "region": "Catalonia", "city": "Lleida"}, "game_id": "295590", "values": [{"date": "2023-03-19-03-00-00", "latency": 7}]}, {"location": {"country_code": "fr", "region": "Provence-Alpes-Cote d'Azur Region", "city": "Toulon"}, "game_id": "295590", "values": [{"date": "2023-03-19-15-00-00", "latency": 0}]}, {"location": {"country_code": "mx", "region": "Sinaloa", "city": "Culiacan"}, "game_id": "295590", "values": [{"date": "2023-03-19-07-00-00", "latency": 3}, {"date": "2023-03-19-07-00-00", "latency": 3}, {"date": "2023-03-19-07-00-00", "latency": 3}]}, {"location": {"country_code": "mn"}, "game_id": "295590", "values": [{"date": "2023-03-19-13-00-00", "latency": 7}, {"date": "2023-03-19-13-00-00", "latency": 7}, {"date": "2023-03-19-13-00-00", "latency": 7}]}, {"location": {"country_code": "br", "region": "State of Rio de Janeiro", "city": "Petropolis"}, "game_id": "295590", "values": [{"date": "2023-03-19-02-00-00", "latency": 1}]}, {"location": {"country_code": "us", "region": "California", "city": "Huntington Beach"}, "game_id": "295590", "values": [{"date": "2023-03-19-07-00-00", "latency": 4}]}, {"location": {"country_code": "mx", "region": "Aguascalientes", "city": "Aguascalientes"}, "game_id": "295590", "values": [{"date": "2023-03-19-10-00-00", "latency": 4}, {"date": "2023-03-19-10-00-00", "latency": 4}]}, {"location": {"country_code": "ar", "region": "Mendoza Province", "city": "San Rafael"}, "game_id": "295590", "values": [{"date": "2023-03-19-06-00-00", "latency": 2}, {"date": "2023-03-19-06-00-00", "latency": 2}]}, {"location": {"country_code": "au", "region": "Victoria", "city": "Geelong"}, "game_id": "295590", "values": [{"date": "2023-03-19-12-00-00", "latency": 4}]}, {"location": {"country_code": "hu", "region": "Bacs-Kiskun county", "city": "Kecskemet"}, "game_id": "295590", "values": [{"date": "2023-03-19-21-00-00", "latency": 3}]}, {"location": {"country_code": "ph", "region": "National Capital Region", "city": "Pasay"}, "game_id": "295590", "values": [{"date": "2023-03-19-17-00-00", "latency": 4}]}, {"location": {"country_code": "cr", "region": "San Jose"}, "game_id": "295590", "values": [{"date": "2023-03-19-22-00-00", "latency": 26}, {"date": "2023-03-19-22-00-00", "latency": 26}, {"date": "2023-03-19-22-00-00", "latency": 26}, {"date": "2023-03-19-22-00-00", "latency": 26}]}, {"location": {"country_code": "ar", "region": "Buenos Aires", "city": "Olavarria"}, "game_id": "295590", "values": [{"date": "2023-03-19-05-00-00", "latency": 38}, {"date": "2023-03-19-05-00-00", "latency": 38}, {"date": "2023-03-19-05-00-00", "latency": 38}, {"date": "2023-03-19-05-00-00", "latency": 38}, {"date": "2023-03-19-05-00-00", "latency": 38}, {"date": "2023-03-19-05-00-00", "latency": 38}]}, {"location": {"country_code": "dk", "region": "North Denmark", "city": "Nykbing Mors"}, "game_id": "295590", "values": [{"date": "2023-03-19-22-00-00", "latency": 2}]}, {"location": {"country_code": "fr", "region": "Saint-Barthelemy", "city": "Gustavia"}, "game_id": "295590", "values": [{"date": "2023-03-19-23-00-00", "latency": 5}]}, {"location": {"country_code": "mx", "region": "Tamaulipas", "city": "Ciudad Mante"}, "game_id": "295590", "values": [{"date": "2023-03-19-04-00-00", "latency": 33}, {"date": "2023-03-19-04-00-00", "latency": 33}]}], "last_updated": 1719919184.756777}