{"data": [{"location": {"country_code": "si"}, "game_id": "273486", "values": [{"date": "2022-05-18-20-00-00", "latency": "35"}, {"date": "2022-05-18-20-00-00", "latency": "35"}, {"date": "2022-05-18-20-00-00", "latency": "35"}]}, {"location": {"country_code": "nz"}, "game_id": "273486", "values": [{"date": "2022-05-18-19-00-00", "latency": "109"}, {"date": "2022-05-18-08-00-00", "latency": "23"}, {"date": "2022-05-18-08-00-00", "latency": "23"}, {"date": "2022-05-18-08-00-00", "latency": "23"}, {"date": "2022-05-18-08-00-00", "latency": "23"}, {"date": "2022-05-18-08-00-00", "latency": "23"}, {"date": "2022-05-18-08-00-00", "latency": "23"}]}, {"location": {"country_code": "us"}, "game_id": "273486", "values": [{"date": "2022-05-18-13-00-00", "latency": "0"}, {"date": "2022-05-18-13-00-00", "latency": "0"}, {"date": "2022-05-18-13-00-00", "latency": "0"}, {"date": "2022-05-18-13-00-00", "latency": "0"}, {"date": "2022-05-18-13-00-00", "latency": "0"}, {"date": "2022-05-18-13-00-00", "latency": "0"}, {"date": "2022-05-18-13-00-00", "latency": "0"}, {"date": "2022-05-18-13-00-00", "latency": "0"}, {"date": "2022-05-18-13-00-00", "latency": "0"}, {"date": "2022-05-18-13-00-00", "latency": "0"}, {"date": "2022-05-18-13-00-00", "latency": "0"}, {"date": "2022-05-18-13-00-00", "latency": "0"}, {"date": "2022-05-18-13-00-00", "latency": "0"}, {"date": "2022-05-18-13-00-00", "latency": "0"}, {"date": "2022-05-18-13-00-00", "latency": "0"}, {"date": "2022-05-18-13-00-00", "latency": "0"}, {"date": "2022-05-18-13-00-00", "latency": "0"}, {"date": "2022-05-18-06-00-00", "latency": "27"}, {"date": "2022-05-18-06-00-00", "latency": "27"}, {"date": "2022-05-18-06-00-00", "latency": "27"}, {"date": "2022-05-18-06-00-00", "latency": "27"}, {"date": "2022-05-18-06-00-00", "latency": "27"}, {"date": "2022-05-18-06-00-00", "latency": "27"}, {"date": "2022-05-18-06-00-00", "latency": "27"}, {"date": "2022-05-18-06-00-00", "latency": "27"}, {"date": "2022-05-18-06-00-00", "latency": "27"}, {"date": "2022-05-18-06-00-00", "latency": "27"}, {"date": "2022-05-18-06-00-00", "latency": "27"}, {"date": "2022-05-18-06-00-00", "latency": "27"}, {"date": "2022-05-18-06-00-00", "latency": "27"}, {"date": "2022-05-18-06-00-00", "latency": "27"}, {"date": "2022-05-18-06-00-00", "latency": "27"}, {"date": "2022-05-18-06-00-00", "latency": "27"}, {"date": "2022-05-18-06-00-00", "latency": "27"}, {"date": "2022-05-18-06-00-00", "latency": "27"}, {"date": "2022-05-18-06-00-00", "latency": "27"}, {"date": "2022-05-18-06-00-00", "latency": "27"}, {"date": "2022-05-18-06-00-00", "latency": "27"}, {"date": "2022-05-18-06-00-00", "latency": "27"}, {"date": "2022-05-18-06-00-00", "latency": "27"}, {"date": "2022-05-18-06-00-00", "latency": "27"}, {"date": "2022-05-18-06-00-00", "latency": "27"}]}, {"location": {"country_code": "us", "region": "New Hampshire"}, "game_id": "273486", "values": [{"date": "2022-05-18-05-00-00", "latency": "47"}, {"date": "2022-05-18-05-00-00", "latency": "47"}, {"date": "2022-05-18-05-00-00", "latency": "47"}, {"date": "2022-05-18-05-00-00", "latency": "47"}, {"date": "2022-05-18-05-00-00", "latency": "47"}, {"date": "2022-05-18-05-00-00", "latency": "47"}, {"date": "2022-05-18-05-00-00", "latency": "47"}, {"date": "2022-05-18-05-00-00", "latency": "47"}, {"date": "2022-05-18-05-00-00", "latency": "47"}, {"date": "2022-05-18-05-00-00", "latency": "47"}, {"date": "2022-05-18-05-00-00", "latency": "47"}, {"date": "2022-05-18-05-00-00", "latency": "47"}, {"date": "2022-05-18-05-00-00", "latency": "47"}]}, {"location": {"country_code": "us", "region": "Texas", "city": "Irving"}, "game_id": "273486", "values": [{"date": "2022-05-18-04-00-00", "latency": "31"}, {"date": "2022-05-18-04-00-00", "latency": "31"}]}, {"location": {"country_code": "us", "region": "New York", "city": "Jamestown"}, "game_id": "273486", "values": [{"date": "2022-05-18-07-00-00", "latency": "31"}, {"date": "2022-05-18-07-00-00", "latency": "31"}, {"date": "2022-05-18-07-00-00", "latency": "31"}, {"date": "2022-05-18-07-00-00", "latency": "31"}, {"date": "2022-05-18-07-00-00", "latency": "31"}, {"date": "2022-05-18-07-00-00", "latency": "31"}, {"date": "2022-05-18-07-00-00", "latency": "31"}, {"date": "2022-05-18-07-00-00", "latency": "31"}, {"date": "2022-05-18-07-00-00", "latency": "31"}, {"date": "2022-05-18-07-00-00", "latency": "31"}, {"date": "2022-05-18-07-00-00", "latency": "31"}, {"date": "2022-05-18-07-00-00", "latency": "31"}, {"date": "2022-05-18-07-00-00", "latency": "31"}, {"date": "2022-05-18-07-00-00", "latency": "31"}, {"date": "2022-05-18-07-00-00", "latency": "31"}, {"date": "2022-05-18-07-00-00", "latency": "31"}, {"date": "2022-05-18-07-00-00", "latency": "31"}, {"date": "2022-05-18-07-00-00", "latency": "31"}, {"date": "2022-05-18-07-00-00", "latency": "31"}, {"date": "2022-05-18-07-00-00", "latency": "31"}, {"date": "2022-05-18-07-00-00", "latency": "31"}, {"date": "2022-05-18-07-00-00", "latency": "31"}, {"date": "2022-05-18-07-00-00", "latency": "31"}, {"date": "2022-05-18-07-00-00", "latency": "31"}, {"date": "2022-05-18-07-00-00", "latency": "31"}, {"date": "2022-05-18-07-00-00", "latency": "31"}, {"date": "2022-05-18-07-00-00", "latency": "31"}, {"date": "2022-05-18-07-00-00", "latency": "31"}, {"date": "2022-05-18-07-00-00", "latency": "31"}, {"date": "2022-05-18-07-00-00", "latency": "31"}, {"date": "2022-05-18-07-00-00", "latency": "31"}, {"date": "2022-05-18-07-00-00", "latency": "31"}, {"date": "2022-05-18-07-00-00", "latency": "31"}, {"date": "2022-05-18-07-00-00", "latency": "31"}, {"date": "2022-05-18-07-00-00", "latency": "31"}, {"date": "2022-05-18-07-00-00", "latency": "31"}, {"date": "2022-05-18-07-00-00", "latency": "31"}, {"date": "2022-05-18-07-00-00", "latency": "31"}, {"date": "2022-05-18-07-00-00", "latency": "31"}, {"date": "2022-05-18-07-00-00", "latency": "31"}, {"date": "2022-05-18-07-00-00", "latency": "31"}]}, {"location": {"country_code": "gb", "region": "England"}, "game_id": "273486", "values": [{"date": "2022-05-19-01-00-00", "latency": "129"}, {"date": "2022-05-19-01-00-00", "latency": "129"}, {"date": "2022-05-19-01-00-00", "latency": "129"}, {"date": "2022-05-19-01-00-00", "latency": "129"}, {"date": "2022-05-19-01-00-00", "latency": "129"}, {"date": "2022-05-19-01-00-00", "latency": "129"}, {"date": "2022-05-19-01-00-00", "latency": "129"}, {"date": "2022-05-19-01-00-00", "latency": "129"}, {"date": "2022-05-19-01-00-00", "latency": "129"}, {"date": "2022-05-19-01-00-00", "latency": "129"}, {"date": "2022-05-19-01-00-00", "latency": "129"}, {"date": "2022-05-19-01-00-00", "latency": "129"}, {"date": "2022-05-19-01-00-00", "latency": "129"}, {"date": "2022-05-19-01-00-00", "latency": "129"}, {"date": "2022-05-19-01-00-00", "latency": "129"}, {"date": "2022-05-19-01-00-00", "latency": "129"}, {"date": "2022-05-19-01-00-00", "latency": "129"}, {"date": "2022-05-19-01-00-00", "latency": "129"}, {"date": "2022-05-19-01-00-00", "latency": "129"}, {"date": "2022-05-19-01-00-00", "latency": "129"}, {"date": "2022-05-19-01-00-00", "latency": "129"}, {"date": "2022-05-19-01-00-00", "latency": "129"}, {"date": "2022-05-19-01-00-00", "latency": "129"}, {"date": "2022-05-19-01-00-00", "latency": "129"}, {"date": "2022-05-19-01-00-00", "latency": "129"}, {"date": "2022-05-19-01-00-00", "latency": "129"}, {"date": "2022-05-19-01-00-00", "latency": "129"}, {"date": "2022-05-19-01-00-00", "latency": "129"}, {"date": "2022-05-19-01-00-00", "latency": "129"}, {"date": "2022-05-19-01-00-00", "latency": "129"}, {"date": "2022-05-19-01-00-00", "latency": "129"}, {"date": "2022-05-19-01-00-00", "latency": "129"}, {"date": "2022-05-19-01-00-00", "latency": "129"}, {"date": "2022-05-19-02-00-00", "latency": "23"}, {"date": "2022-05-19-02-00-00", "latency": "23"}, {"date": "2022-05-19-02-00-00", "latency": "23"}, {"date": "2022-05-19-02-00-00", "latency": "23"}, {"date": "2022-05-19-02-00-00", "latency": "23"}]}, {"location": {"country_code": "gb", "region": "Wales", "city": "Swansea"}, "game_id": "273486", "values": [{"date": "2022-05-18-18-00-00", "latency": "31"}, {"date": "2022-05-18-18-00-00", "latency": "31"}, {"date": "2022-05-18-18-00-00", "latency": "31"}, {"date": "2022-05-18-18-00-00", "latency": "31"}, {"date": "2022-05-18-18-00-00", "latency": "31"}, {"date": "2022-05-18-18-00-00", "latency": "31"}, {"date": "2022-05-18-18-00-00", "latency": "31"}]}, {"location": {"country_code": "nl"}, "game_id": "273486", "values": [{"date": "2022-05-18-08-00-00", "latency": "50"}, {"date": "2022-05-18-08-00-00", "latency": "50"}, {"date": "2022-05-18-08-00-00", "latency": "50"}, {"date": "2022-05-18-08-00-00", "latency": "50"}, {"date": "2022-05-18-08-00-00", "latency": "50"}, {"date": "2022-05-18-08-00-00", "latency": "50"}, {"date": "2022-05-18-08-00-00", "latency": "50"}, {"date": "2022-05-18-08-00-00", "latency": "50"}, {"date": "2022-05-18-08-00-00", "latency": "50"}, {"date": "2022-05-18-08-00-00", "latency": "50"}, {"date": "2022-05-19-00-00-00", "latency": "35"}, {"date": "2022-05-19-00-00-00", "latency": "35"}, {"date": "2022-05-19-00-00-00", "latency": "35"}]}, {"location": {"country_code": "ro"}, "game_id": "273486", "values": [{"date": "2022-05-18-05-00-00", "latency": "54"}]}, {"location": {"country_code": "jp"}, "game_id": "273486", "values": [{"date": "2022-05-18-13-00-00", "latency": "15"}, {"date": "2022-05-18-08-00-00", "latency": "125"}, {"date": "2022-05-18-08-00-00", "latency": "125"}, {"date": "2022-05-18-08-00-00", "latency": "125"}, {"date": "2022-05-18-08-00-00", "latency": "125"}, {"date": "2022-05-18-08-00-00", "latency": "125"}, {"date": "2022-05-18-08-00-00", "latency": "125"}, {"date": "2022-05-18-08-00-00", "latency": "125"}, {"date": "2022-05-18-08-00-00", "latency": "125"}, {"date": "2022-05-18-08-00-00", "latency": "125"}, {"date": "2022-05-18-08-00-00", "latency": "125"}, {"date": "2022-05-18-08-00-00", "latency": "125"}]}, {"location": {"country_code": "ca"}, "game_id": "273486", "values": [{"date": "2022-05-18-05-00-00", "latency": "54"}, {"date": "2022-05-19-02-00-00", "latency": "39"}, {"date": "2022-05-19-02-00-00", "latency": "39"}, {"date": "2022-05-19-02-00-00", "latency": "39"}, {"date": "2022-05-19-02-00-00", "latency": "39"}, {"date": "2022-05-19-02-00-00", "latency": "39"}, {"date": "2022-05-19-02-00-00", "latency": "70"}, {"date": "2022-05-19-02-00-00", "latency": "70"}, {"date": "2022-05-19-02-00-00", "latency": "70"}, {"date": "2022-05-18-20-00-00", "latency": "128"}, {"date": "2022-05-18-20-00-00", "latency": "128"}, {"date": "2022-05-18-20-00-00", "latency": "128"}, {"date": "2022-05-18-20-00-00", "latency": "128"}, {"date": "2022-05-18-20-00-00", "latency": "128"}, {"date": "2022-05-18-20-00-00", "latency": "46"}, {"date": "2022-05-18-20-00-00", "latency": "46"}, {"date": "2022-05-18-20-00-00", "latency": "46"}, {"date": "2022-05-18-20-00-00", "latency": "46"}, {"date": "2022-05-18-20-00-00", "latency": "46"}, {"date": "2022-05-18-20-00-00", "latency": "46"}, {"date": "2022-05-18-20-00-00", "latency": "46"}, {"date": "2022-05-18-20-00-00", "latency": "46"}, {"date": "2022-05-18-20-00-00", "latency": "46"}, {"date": "2022-05-18-20-00-00", "latency": "46"}, {"date": "2022-05-18-20-00-00", "latency": "46"}, {"date": "2022-05-18-20-00-00", "latency": "46"}, {"date": "2022-05-18-20-00-00", "latency": "46"}, {"date": "2022-05-18-20-00-00", "latency": "46"}, {"date": "2022-05-18-20-00-00", "latency": "46"}, {"date": "2022-05-18-20-00-00", "latency": "46"}, {"date": "2022-05-18-20-00-00", "latency": "46"}, {"date": "2022-05-18-20-00-00", "latency": "46"}, {"date": "2022-05-18-08-00-00", "latency": "82"}, {"date": "2022-05-18-08-00-00", "latency": "82"}]}, {"location": {"country_code": "ca", "region": "Saskatchewan", "city": "Saskatoon"}, "game_id": "273486", "values": [{"date": "2022-05-18-06-00-00", "latency": "78"}, {"date": "2022-05-18-06-00-00", "latency": "78"}, {"date": "2022-05-18-06-00-00", "latency": "78"}, {"date": "2022-05-18-06-00-00", "latency": "78"}, {"date": "2022-05-18-06-00-00", "latency": "78"}, {"date": "2022-05-18-06-00-00", "latency": "78"}, {"date": "2022-05-18-06-00-00", "latency": "78"}, {"date": "2022-05-18-06-00-00", "latency": "78"}, {"date": "2022-05-18-06-00-00", "latency": "78"}, {"date": "2022-05-18-06-00-00", "latency": "78"}, {"date": "2022-05-18-06-00-00", "latency": "78"}]}, {"location": {"country_code": "ca", "region": "British Columbia"}, "game_id": "273486", "values": [{"date": "2022-05-18-12-00-00", "latency": "82"}, {"date": "2022-05-18-12-00-00", "latency": "82"}, {"date": "2022-05-18-12-00-00", "latency": "82"}, {"date": "2022-05-18-12-00-00", "latency": "82"}, {"date": "2022-05-18-12-00-00", "latency": "82"}, {"date": "2022-05-18-12-00-00", "latency": "82"}, {"date": "2022-05-18-12-00-00", "latency": "82"}, {"date": "2022-05-18-12-00-00", "latency": "82"}, {"date": "2022-05-18-12-00-00", "latency": "82"}, {"date": "2022-05-18-12-00-00", "latency": "82"}, {"date": "2022-05-18-12-00-00", "latency": "82"}, {"date": "2022-05-18-12-00-00", "latency": "82"}, {"date": "2022-05-18-12-00-00", "latency": "82"}, {"date": "2022-05-18-12-00-00", "latency": "82"}, {"date": "2022-05-18-12-00-00", "latency": "82"}, {"date": "2022-05-18-12-00-00", "latency": "82"}, {"date": "2022-05-18-12-00-00", "latency": "82"}, {"date": "2022-05-18-12-00-00", "latency": "82"}, {"date": "2022-05-18-12-00-00", "latency": "82"}, {"date": "2022-05-18-12-00-00", "latency": "82"}, {"date": "2022-05-18-12-00-00", "latency": "82"}, {"date": "2022-05-18-12-00-00", "latency": "82"}]}, {"location": {"country_code": "ca", "region": "Ontario"}, "game_id": "273486", "values": [{"date": "2022-05-18-22-00-00", "latency": "54"}, {"date": "2022-05-18-22-00-00", "latency": "54"}, {"date": "2022-05-18-22-00-00", "latency": "54"}, {"date": "2022-05-18-22-00-00", "latency": "54"}, {"date": "2022-05-18-22-00-00", "latency": "54"}, {"date": "2022-05-18-22-00-00", "latency": "54"}]}, {"location": {"country_code": "us", "region": "Texas"}, "game_id": "273486", "values": [{"date": "2022-05-18-12-00-00", "latency": "50"}, {"date": "2022-05-18-12-00-00", "latency": "50"}, {"date": "2022-05-18-12-00-00", "latency": "50"}, {"date": "2022-05-18-12-00-00", "latency": "50"}, {"date": "2022-05-18-12-00-00", "latency": "50"}, {"date": "2022-05-18-12-00-00", "latency": "50"}, {"date": "2022-05-18-12-00-00", "latency": "50"}, {"date": "2022-05-18-12-00-00", "latency": "50"}, {"date": "2022-05-18-12-00-00", "latency": "50"}, {"date": "2022-05-18-12-00-00", "latency": "50"}, {"date": "2022-05-18-12-00-00", "latency": "50"}, {"date": "2022-05-18-12-00-00", "latency": "50"}, {"date": "2022-05-18-12-00-00", "latency": "50"}, {"date": "2022-05-18-12-00-00", "latency": "50"}, {"date": "2022-05-18-12-00-00", "latency": "50"}, {"date": "2022-05-18-12-00-00", "latency": "50"}, {"date": "2022-05-18-12-00-00", "latency": "50"}, {"date": "2022-05-18-12-00-00", "latency": "50"}, {"date": "2022-05-18-12-00-00", "latency": "50"}, {"date": "2022-05-18-12-00-00", "latency": "50"}, {"date": "2022-05-18-12-00-00", "latency": "50"}, {"date": "2022-05-18-12-00-00", "latency": "50"}, {"date": "2022-05-18-10-00-00", "latency": "0"}, {"date": "2022-05-18-10-00-00", "latency": "0"}, {"date": "2022-05-18-10-00-00", "latency": "0"}, {"date": "2022-05-18-10-00-00", "latency": "0"}, {"date": "2022-05-18-10-00-00", "latency": "0"}, {"date": "2022-05-18-10-00-00", "latency": "0"}, {"date": "2022-05-18-10-00-00", "latency": "0"}, {"date": "2022-05-18-06-00-00", "latency": "35"}]}, {"location": {"country_code": "us", "region": "Florida"}, "game_id": "273486", "values": [{"date": "2022-05-19-01-00-00", "latency": "50"}, {"date": "2022-05-19-01-00-00", "latency": "50"}]}, {"location": {"country_code": "us", "region": "North Carolina"}, "game_id": "273486", "values": [{"date": "2022-05-18-20-00-00", "latency": "54"}, {"date": "2022-05-18-20-00-00", "latency": "54"}, {"date": "2022-05-18-20-00-00", "latency": "54"}, {"date": "2022-05-18-20-00-00", "latency": "54"}, {"date": "2022-05-18-20-00-00", "latency": "54"}, {"date": "2022-05-18-20-00-00", "latency": "54"}, {"date": "2022-05-18-03-00-00", "latency": "82"}, {"date": "2022-05-18-03-00-00", "latency": "82"}, {"date": "2022-05-18-03-00-00", "latency": "82"}, {"date": "2022-05-18-03-00-00", "latency": "82"}]}, {"location": {"country_code": "us", "region": "New Jersey"}, "game_id": "273486", "values": [{"date": "2022-05-18-09-00-00", "latency": "39"}, {"date": "2022-05-18-09-00-00", "latency": "39"}, {"date": "2022-05-18-09-00-00", "latency": "39"}, {"date": "2022-05-18-09-00-00", "latency": "39"}, {"date": "2022-05-18-09-00-00", "latency": "39"}, {"date": "2022-05-18-09-00-00", "latency": "39"}, {"date": "2022-05-18-09-00-00", "latency": "39"}, {"date": "2022-05-18-09-00-00", "latency": "39"}, {"date": "2022-05-18-09-00-00", "latency": "39"}, {"date": "2022-05-18-09-00-00", "latency": "39"}, {"date": "2022-05-18-09-00-00", "latency": "39"}, {"date": "2022-05-18-09-00-00", "latency": "39"}, {"date": "2022-05-18-09-00-00", "latency": "39"}, {"date": "2022-05-18-09-00-00", "latency": "39"}, {"date": "2022-05-19-02-00-00", "latency": 3}, {"date": "2022-05-19-02-00-00", "latency": 3}, {"date": "2022-05-19-02-00-00", "latency": 3}, {"date": "2022-05-19-02-00-00", "latency": 3}, {"date": "2022-05-19-02-00-00", "latency": 3}, {"date": "2022-05-19-02-00-00", "latency": 3}, {"date": "2022-05-19-02-00-00", "latency": 3}, {"date": "2022-05-19-02-00-00", "latency": 3}, {"date": "2022-05-19-02-00-00", "latency": 3}, {"date": "2022-05-19-02-00-00", "latency": 3}, {"date": "2022-05-19-02-00-00", "latency": 3}, {"date": "2022-05-19-02-00-00", "latency": 3}, {"date": "2022-05-19-02-00-00", "latency": 3}, {"date": "2022-05-19-02-00-00", "latency": 3}, {"date": "2022-05-19-02-00-00", "latency": 3}, {"date": "2022-05-19-02-00-00", "latency": 3}, {"date": "2022-05-19-02-00-00", "latency": 3}, {"date": "2022-05-18-05-00-00", "latency": "7"}, {"date": "2022-05-18-05-00-00", "latency": "7"}, {"date": "2022-05-18-05-00-00", "latency": "7"}, {"date": "2022-05-18-08-00-00", "latency": "27"}, {"date": "2022-05-18-08-00-00", "latency": "27"}, {"date": "2022-05-18-08-00-00", "latency": "27"}, {"date": "2022-05-18-08-00-00", "latency": "27"}, {"date": "2022-05-18-08-00-00", "latency": "27"}, {"date": "2022-05-18-08-00-00", "latency": "27"}, {"date": "2022-05-18-08-00-00", "latency": "27"}, {"date": "2022-05-18-08-00-00", "latency": "27"}, {"date": "2022-05-18-08-00-00", "latency": "27"}]}, {"location": {"country_code": "us", "region": "Ohio"}, "game_id": "273486", "values": [{"date": "2022-05-18-04-00-00", "latency": "33"}, {"date": "2022-05-18-04-00-00", "latency": "33"}, {"date": "2022-05-18-04-00-00", "latency": "33"}, {"date": "2022-05-18-04-00-00", "latency": "33"}, {"date": "2022-05-18-04-00-00", "latency": "33"}, {"date": "2022-05-18-04-00-00", "latency": "33"}, {"date": "2022-05-18-04-00-00", "latency": "33"}, {"date": "2022-05-18-04-00-00", "latency": "33"}, {"date": "2022-05-18-04-00-00", "latency": "33"}, {"date": "2022-05-18-04-00-00", "latency": "33"}, {"date": "2022-05-18-04-00-00", "latency": "33"}, {"date": "2022-05-18-04-00-00", "latency": "33"}]}, {"location": {"country_code": "us", "region": "California"}, "game_id": "273486", "values": [{"date": "2022-05-18-13-00-00", "latency": "78"}, {"date": "2022-05-18-13-00-00", "latency": "78"}, {"date": "2022-05-18-13-00-00", "latency": "78"}, {"date": "2022-05-18-13-00-00", "latency": "78"}, {"date": "2022-05-18-13-00-00", "latency": "78"}, {"date": "2022-05-18-13-00-00", "latency": "78"}, {"date": "2022-05-18-13-00-00", "latency": "78"}, {"date": "2022-05-18-13-00-00", "latency": "78"}, {"date": "2022-05-18-17-00-00", "latency": "31"}, {"date": "2022-05-18-17-00-00", "latency": "31"}, {"date": "2022-05-18-17-00-00", "latency": "31"}, {"date": "2022-05-18-17-00-00", "latency": "31"}, {"date": "2022-05-18-17-00-00", "latency": "31"}, {"date": "2022-05-18-17-00-00", "latency": "31"}, {"date": "2022-05-18-17-00-00", "latency": "31"}, {"date": "2022-05-18-17-00-00", "latency": "31"}, {"date": "2022-05-18-17-00-00", "latency": "31"}, {"date": "2022-05-18-17-00-00", "latency": "31"}, {"date": "2022-05-18-17-00-00", "latency": "31"}, {"date": "2022-05-18-17-00-00", "latency": "31"}, {"date": "2022-05-18-17-00-00", "latency": "31"}, {"date": "2022-05-18-17-00-00", "latency": "31"}, {"date": "2022-05-18-17-00-00", "latency": "31"}, {"date": "2022-05-18-17-00-00", "latency": "31"}, {"date": "2022-05-18-17-00-00", "latency": "31"}, {"date": "2022-05-18-17-00-00", "latency": "31"}, {"date": "2022-05-18-17-00-00", "latency": "31"}, {"date": "2022-05-18-17-00-00", "latency": "31"}, {"date": "2022-05-18-17-00-00", "latency": "31"}]}, {"location": {"country_code": "no"}, "game_id": "273486", "values": [{"date": "2022-05-18-23-00-00", "latency": "43"}, {"date": "2022-05-18-23-00-00", "latency": "43"}, {"date": "2022-05-18-23-00-00", "latency": "43"}, {"date": "2022-05-18-23-00-00", "latency": "43"}, {"date": "2022-05-19-00-00-00", "latency": "54"}, {"date": "2022-05-19-00-00-00", "latency": "54"}, {"date": "2022-05-19-00-00-00", "latency": "54"}, {"date": "2022-05-19-00-00-00", "latency": "54"}, {"date": "2022-05-19-00-00-00", "latency": "54"}, {"date": "2022-05-19-00-00-00", "latency": "54"}, {"date": "2022-05-19-00-00-00", "latency": "145"}, {"date": "2022-05-19-00-00-00", "latency": "145"}, {"date": "2022-05-19-00-00-00", "latency": "145"}, {"date": "2022-05-19-00-00-00", "latency": "145"}, {"date": "2022-05-19-00-00-00", "latency": "145"}, {"date": "2022-05-19-00-00-00", "latency": "145"}, {"date": "2022-05-19-00-00-00", "latency": "145"}, {"date": "2022-05-19-00-00-00", "latency": "145"}, {"date": "2022-05-19-00-00-00", "latency": "145"}, {"date": "2022-05-19-00-00-00", "latency": "145"}, {"date": "2022-05-18-02-00-00", "latency": "31"}, {"date": "2022-05-18-02-00-00", "latency": "31"}, {"date": "2022-05-18-02-00-00", "latency": "31"}, {"date": "2022-05-18-02-00-00", "latency": "31"}, {"date": "2022-05-18-02-00-00", "latency": "31"}, {"date": "2022-05-18-02-00-00", "latency": "31"}, {"date": "2022-05-18-02-00-00", "latency": "31"}, {"date": "2022-05-18-02-00-00", "latency": "31"}, {"date": "2022-05-18-02-00-00", "latency": "31"}, {"date": "2022-05-18-02-00-00", "latency": "31"}, {"date": "2022-05-18-02-00-00", "latency": "31"}, {"date": "2022-05-18-02-00-00", "latency": "31"}, {"date": "2022-05-18-02-00-00", "latency": "31"}]}, {"location": {"country_code": "us", "region": "California", "city": "East Los Angeles"}, "game_id": "273486", "values": [{"date": "2022-05-18-06-00-00", "latency": "47"}, {"date": "2022-05-18-06-00-00", "latency": "47"}, {"date": "2022-05-18-06-00-00", "latency": "47"}, {"date": "2022-05-18-06-00-00", "latency": "47"}, {"date": "2022-05-18-06-00-00", "latency": "47"}, {"date": "2022-05-18-06-00-00", "latency": "47"}, {"date": "2022-05-18-06-00-00", "latency": "47"}, {"date": "2022-05-18-06-00-00", "latency": "47"}, {"date": "2022-05-18-06-00-00", "latency": "47"}, {"date": "2022-05-18-03-00-00", "latency": "7"}, {"date": "2022-05-18-03-00-00", "latency": "7"}, {"date": "2022-05-18-03-00-00", "latency": "7"}, {"date": "2022-05-18-03-00-00", "latency": "7"}, {"date": "2022-05-18-03-00-00", "latency": "7"}, {"date": "2022-05-18-03-00-00", "latency": "7"}, {"date": "2022-05-18-03-00-00", "latency": "7"}, {"date": "2022-05-19-01-00-00", "latency": "15"}, {"date": "2022-05-19-01-00-00", "latency": "15"}, {"date": "2022-05-19-01-00-00", "latency": "15"}, {"date": "2022-05-19-01-00-00", "latency": "15"}, {"date": "2022-05-19-01-00-00", "latency": "15"}, {"date": "2022-05-19-01-00-00", "latency": "15"}, {"date": "2022-05-19-01-00-00", "latency": "15"}, {"date": "2022-05-19-01-00-00", "latency": "15"}, {"date": "2022-05-19-01-00-00", "latency": "15"}, {"date": "2022-05-19-01-00-00", "latency": "15"}, {"date": "2022-05-19-01-00-00", "latency": "15"}, {"date": "2022-05-19-01-00-00", "latency": "15"}, {"date": "2022-05-19-01-00-00", "latency": "15"}, {"date": "2022-05-19-01-00-00", "latency": "15"}, {"date": "2022-05-19-01-00-00", "latency": "15"}, {"date": "2022-05-19-01-00-00", "latency": "15"}, {"date": "2022-05-19-01-00-00", "latency": "15"}, {"date": "2022-05-19-01-00-00", "latency": "15"}, {"date": "2022-05-19-01-00-00", "latency": "15"}, {"date": "2022-05-19-01-00-00", "latency": "15"}]}, {"location": {"country_code": "us", "region": "Maryland", "city": "Dundalk"}, "game_id": "273486", "values": [{"date": "2022-05-18-03-00-00", "latency": "15"}, {"date": "2022-05-18-03-00-00", "latency": "15"}, {"date": "2022-05-18-03-00-00", "latency": "15"}, {"date": "2022-05-18-03-00-00", "latency": "15"}, {"date": "2022-05-18-03-00-00", "latency": "15"}, {"date": "2022-05-18-03-00-00", "latency": "15"}, {"date": "2022-05-18-03-00-00", "latency": "15"}, {"date": "2022-05-18-03-00-00", "latency": "15"}]}, {"location": {"country_code": "au", "region": "Victoria", "city": "Melbourne"}, "game_id": "273486", "values": [{"date": "2022-05-18-16-00-00", "latency": "19"}, {"date": "2022-05-18-16-00-00", "latency": "19"}, {"date": "2022-05-18-16-00-00", "latency": "19"}, {"date": "2022-05-18-16-00-00", "latency": "19"}]}, {"location": {"country_code": "au", "region": "Victoria", "city": "Geelong"}, "game_id": "273486", "values": [{"date": "2022-05-18-09-00-00", "latency": "47"}, {"date": "2022-05-18-09-00-00", "latency": "47"}, {"date": "2022-05-18-09-00-00", "latency": "47"}, {"date": "2022-05-18-09-00-00", "latency": "47"}, {"date": "2022-05-18-09-00-00", "latency": "47"}, {"date": "2022-05-18-09-00-00", "latency": "47"}, {"date": "2022-05-18-09-00-00", "latency": "47"}, {"date": "2022-05-18-09-00-00", "latency": "47"}]}, {"location": {"country_code": "us", "region": "Texas", "city": "Austin"}, "game_id": "273486", "values": [{"date": "2022-05-18-13-00-00", "latency": "35"}, {"date": "2022-05-18-13-00-00", "latency": "35"}, {"date": "2022-05-18-13-00-00", "latency": "35"}, {"date": "2022-05-18-13-00-00", "latency": "35"}, {"date": "2022-05-18-13-00-00", "latency": "35"}, {"date": "2022-05-18-13-00-00", "latency": "35"}, {"date": "2022-05-18-13-00-00", "latency": "35"}, {"date": "2022-05-18-13-00-00", "latency": "35"}, {"date": "2022-05-18-13-00-00", "latency": "35"}, {"date": "2022-05-18-13-00-00", "latency": "35"}, {"date": "2022-05-18-13-00-00", "latency": "35"}, {"date": "2022-05-18-13-00-00", "latency": "35"}, {"date": "2022-05-18-13-00-00", "latency": "35"}, {"date": "2022-05-18-13-00-00", "latency": "35"}, {"date": "2022-05-18-13-00-00", "latency": "35"}, {"date": "2022-05-18-13-00-00", "latency": "35"}, {"date": "2022-05-18-13-00-00", "latency": "35"}, {"date": "2022-05-18-13-00-00", "latency": "35"}, {"date": "2022-05-18-13-00-00", "latency": "35"}, {"date": "2022-05-18-13-00-00", "latency": "35"}, {"date": "2022-05-18-13-00-00", "latency": "35"}, {"date": "2022-05-18-13-00-00", "latency": "35"}, {"date": "2022-05-18-13-00-00", "latency": "35"}, {"date": "2022-05-18-13-00-00", "latency": "35"}, {"date": "2022-05-18-13-00-00", "latency": "35"}, {"date": "2022-05-18-13-00-00", "latency": "35"}, {"date": "2022-05-18-13-00-00", "latency": "35"}, {"date": "2022-05-18-13-00-00", "latency": "35"}, {"date": "2022-05-18-13-00-00", "latency": "35"}, {"date": "2022-05-18-13-00-00", "latency": "35"}, {"date": "2022-05-18-13-00-00", "latency": "35"}, {"date": "2022-05-18-13-00-00", "latency": "35"}, {"date": "2022-05-18-13-00-00", "latency": "35"}, {"date": "2022-05-18-13-00-00", "latency": "35"}, {"date": "2022-05-18-13-00-00", "latency": "35"}, {"date": "2022-05-18-13-00-00", "latency": "35"}, {"date": "2022-05-18-13-00-00", "latency": "35"}, {"date": "2022-05-18-13-00-00", "latency": "35"}, {"date": "2022-05-18-13-00-00", "latency": "35"}, {"date": "2022-05-18-13-00-00", "latency": "35"}, {"date": "2022-05-18-13-00-00", "latency": "35"}, {"date": "2022-05-18-13-00-00", "latency": "35"}, {"date": "2022-05-18-13-00-00", "latency": "35"}, {"date": "2022-05-18-13-00-00", "latency": "35"}, {"date": "2022-05-18-13-00-00", "latency": "35"}]}, {"location": {"country_code": "us", "region": "Iowa"}, "game_id": "273486", "values": [{"date": "2022-05-19-01-00-00", "latency": "23"}, {"date": "2022-05-19-01-00-00", "latency": "23"}, {"date": "2022-05-19-01-00-00", "latency": "23"}, {"date": "2022-05-19-01-00-00", "latency": "23"}, {"date": "2022-05-19-01-00-00", "latency": "23"}, {"date": "2022-05-19-01-00-00", "latency": "23"}, {"date": "2022-05-19-01-00-00", "latency": "23"}, {"date": "2022-05-19-01-00-00", "latency": "23"}, {"date": "2022-05-19-01-00-00", "latency": "23"}, {"date": "2022-05-19-01-00-00", "latency": "23"}, {"date": "2022-05-19-01-00-00", "latency": "23"}, {"date": "2022-05-19-01-00-00", "latency": "23"}, {"date": "2022-05-19-01-00-00", "latency": "23"}, {"date": "2022-05-19-01-00-00", "latency": "23"}, {"date": "2022-05-19-01-00-00", "latency": "23"}, {"date": "2022-05-19-01-00-00", "latency": "23"}, {"date": "2022-05-19-01-00-00", "latency": "23"}, {"date": "2022-05-18-08-00-00", "latency": "31"}, {"date": "2022-05-18-08-00-00", "latency": "31"}, {"date": "2022-05-18-08-00-00", "latency": "31"}, {"date": "2022-05-18-08-00-00", "latency": "31"}, {"date": "2022-05-18-08-00-00", "latency": "31"}, {"date": "2022-05-18-08-00-00", "latency": "31"}, {"date": "2022-05-18-08-00-00", "latency": "31"}, {"date": "2022-05-18-08-00-00", "latency": "31"}, {"date": "2022-05-18-08-00-00", "latency": "31"}, {"date": "2022-05-18-08-00-00", "latency": "31"}, {"date": "2022-05-18-08-00-00", "latency": "31"}, {"date": "2022-05-18-08-00-00", "latency": "31"}, {"date": "2022-05-18-08-00-00", "latency": "31"}, {"date": "2022-05-18-08-00-00", "latency": "31"}, {"date": "2022-05-18-08-00-00", "latency": "31"}]}, {"location": {"country_code": "ca", "region": "Ontario", "city": "Hamilton"}, "game_id": "273486", "values": [{"date": "2022-05-19-01-00-00", "latency": "35"}, {"date": "2022-05-19-01-00-00", "latency": "35"}, {"date": "2022-05-19-01-00-00", "latency": "35"}, {"date": "2022-05-19-01-00-00", "latency": "35"}, {"date": "2022-05-19-01-00-00", "latency": "35"}, {"date": "2022-05-19-01-00-00", "latency": "35"}, {"date": "2022-05-19-01-00-00", "latency": "35"}, {"date": "2022-05-19-01-00-00", "latency": "35"}, {"date": "2022-05-19-01-00-00", "latency": "35"}, {"date": "2022-05-19-01-00-00", "latency": "35"}, {"date": "2022-05-19-01-00-00", "latency": "35"}, {"date": "2022-05-19-01-00-00", "latency": "35"}, {"date": "2022-05-19-01-00-00", "latency": "35"}, {"date": "2022-05-19-01-00-00", "latency": "35"}, {"date": "2022-05-19-01-00-00", "latency": "35"}, {"date": "2022-05-19-01-00-00", "latency": "35"}, {"date": "2022-05-19-01-00-00", "latency": "35"}, {"date": "2022-05-19-01-00-00", "latency": "35"}, {"date": "2022-05-19-01-00-00", "latency": "35"}, {"date": "2022-05-19-01-00-00", "latency": "35"}, {"date": "2022-05-19-01-00-00", "latency": "35"}, {"date": "2022-05-19-01-00-00", "latency": "35"}, {"date": "2022-05-19-01-00-00", "latency": "35"}, {"date": "2022-05-19-01-00-00", "latency": "35"}, {"date": "2022-05-19-01-00-00", "latency": "35"}, {"date": "2022-05-19-01-00-00", "latency": "35"}, {"date": "2022-05-19-01-00-00", "latency": "35"}, {"date": "2022-05-19-01-00-00", "latency": "35"}, {"date": "2022-05-19-01-00-00", "latency": "35"}, {"date": "2022-05-19-01-00-00", "latency": "35"}, {"date": "2022-05-19-01-00-00", "latency": "35"}, {"date": "2022-05-19-01-00-00", "latency": "35"}]}, {"location": {"country_code": "us", "region": "California", "city": "San Francisco"}, "game_id": "273486", "values": [{"date": "2022-05-18-04-00-00", "latency": "66"}, {"date": "2022-05-18-04-00-00", "latency": "66"}, {"date": "2022-05-18-04-00-00", "latency": "66"}, {"date": "2022-05-18-04-00-00", "latency": "66"}, {"date": "2022-05-18-04-00-00", "latency": "66"}, {"date": "2022-05-18-04-00-00", "latency": "66"}, {"date": "2022-05-18-04-00-00", "latency": "66"}, {"date": "2022-05-18-04-00-00", "latency": "66"}, {"date": "2022-05-18-04-00-00", "latency": "66"}, {"date": "2022-05-18-04-00-00", "latency": "66"}]}, {"location": {"country_code": "us", "region": "Pennsylvania", "city": "Philadelphia"}, "game_id": "273486", "values": [{"date": "2022-05-18-06-00-00", "latency": "39"}, {"date": "2022-05-18-06-00-00", "latency": "39"}, {"date": "2022-05-18-06-00-00", "latency": "39"}, {"date": "2022-05-18-06-00-00", "latency": "39"}, {"date": "2022-05-18-06-00-00", "latency": "39"}, {"date": "2022-05-18-06-00-00", "latency": "39"}, {"date": "2022-05-18-06-00-00", "latency": "39"}, {"date": "2022-05-18-06-00-00", "latency": "39"}, {"date": "2022-05-18-06-00-00", "latency": "39"}, {"date": "2022-05-18-06-00-00", "latency": "54"}, {"date": "2022-05-18-06-00-00", "latency": "54"}, {"date": "2022-05-18-06-00-00", "latency": "54"}, {"date": "2022-05-18-06-00-00", "latency": "54"}, {"date": "2022-05-18-06-00-00", "latency": "54"}, {"date": "2022-05-18-06-00-00", "latency": "54"}, {"date": "2022-05-18-06-00-00", "latency": "54"}, {"date": "2022-05-18-06-00-00", "latency": "54"}, {"date": "2022-05-18-06-00-00", "latency": "54"}]}, {"location": {"country_code": "es"}, "game_id": "273486", "values": [{"date": "2022-05-19-02-00-00", "latency": "47"}, {"date": "2022-05-19-02-00-00", "latency": "47"}, {"date": "2022-05-19-02-00-00", "latency": "47"}, {"date": "2022-05-19-02-00-00", "latency": "47"}, {"date": "2022-05-19-02-00-00", "latency": "47"}, {"date": "2022-05-19-02-00-00", "latency": "47"}, {"date": "2022-05-19-02-00-00", "latency": "47"}, {"date": "2022-05-19-02-00-00", "latency": "47"}, {"date": "2022-05-19-02-00-00", "latency": "47"}, {"date": "2022-05-19-02-00-00", "latency": "47"}, {"date": "2022-05-19-02-00-00", "latency": "47"}, {"date": "2022-05-19-02-00-00", "latency": "47"}]}, {"location": {"country_code": "sa", "region": "Al-Qassim Region"}, "game_id": "273486", "values": [{"date": "2022-05-18-21-00-00", "latency": "86"}, {"date": "2022-05-18-21-00-00", "latency": "86"}]}, {"location": {"country_code": "ar"}, "game_id": "273486", "values": [{"date": "2022-05-18-18-00-00", "latency": "121"}, {"date": "2022-05-18-18-00-00", "latency": "121"}, {"date": "2022-05-18-18-00-00", "latency": "121"}, {"date": "2022-05-18-18-00-00", "latency": "121"}, {"date": "2022-05-18-18-00-00", "latency": "121"}, {"date": "2022-05-18-18-00-00", "latency": "121"}, {"date": "2022-05-18-18-00-00", "latency": "121"}]}, {"location": {"country_code": "us", "region": "Hawaii"}, "game_id": "273486", "values": [{"date": "2022-05-18-15-00-00", "latency": "141"}, {"date": "2022-05-18-15-00-00", "latency": "141"}]}, {"location": {"country_code": "ca", "region": "Alberta"}, "game_id": "273486", "values": [{"date": "2022-05-18-04-00-00", "latency": "58"}, {"date": "2022-05-18-04-00-00", "latency": "58"}, {"date": "2022-05-18-04-00-00", "latency": "58"}, {"date": "2022-05-18-04-00-00", "latency": "58"}, {"date": "2022-05-18-04-00-00", "latency": "58"}, {"date": "2022-05-18-04-00-00", "latency": "58"}, {"date": "2022-05-18-04-00-00", "latency": "58"}, {"date": "2022-05-18-04-00-00", "latency": "58"}, {"date": "2022-05-18-04-00-00", "latency": "58"}, {"date": "2022-05-18-04-00-00", "latency": "58"}, {"date": "2022-05-18-04-00-00", "latency": "58"}, {"date": "2022-05-18-04-00-00", "latency": "58"}]}, {"location": {"country_code": "us", "region": "Virginia"}, "game_id": "273486", "values": [{"date": "2022-05-18-05-00-00", "latency": "82"}, {"date": "2022-05-18-05-00-00", "latency": "82"}, {"date": "2022-05-18-05-00-00", "latency": "82"}, {"date": "2022-05-18-05-00-00", "latency": "82"}, {"date": "2022-05-18-05-00-00", "latency": "82"}, {"date": "2022-05-18-05-00-00", "latency": "82"}, {"date": "2022-05-18-05-00-00", "latency": "82"}, {"date": "2022-05-18-05-00-00", "latency": "82"}, {"date": "2022-05-18-05-00-00", "latency": "82"}, {"date": "2022-05-18-05-00-00", "latency": "82"}, {"date": "2022-05-18-05-00-00", "latency": "82"}, {"date": "2022-05-18-05-00-00", "latency": "82"}, {"date": "2022-05-18-05-00-00", "latency": "82"}, {"date": "2022-05-18-05-00-00", "latency": "82"}, {"date": "2022-05-18-05-00-00", "latency": "82"}, {"date": "2022-05-18-05-00-00", "latency": "82"}, {"date": "2022-05-18-05-00-00", "latency": "82"}, {"date": "2022-05-18-04-00-00", "latency": "31"}, {"date": "2022-05-18-04-00-00", "latency": "31"}, {"date": "2022-05-18-04-00-00", "latency": "31"}, {"date": "2022-05-18-04-00-00", "latency": "31"}, {"date": "2022-05-18-04-00-00", "latency": "31"}, {"date": "2022-05-18-04-00-00", "latency": "31"}, {"date": "2022-05-18-04-00-00", "latency": "31"}, {"date": "2022-05-18-04-00-00", "latency": "31"}, {"date": "2022-05-18-04-00-00", "latency": "31"}, {"date": "2022-05-18-04-00-00", "latency": "31"}, {"date": "2022-05-18-04-00-00", "latency": "31"}, {"date": "2022-05-18-04-00-00", "latency": "31"}, {"date": "2022-05-18-04-00-00", "latency": "31"}]}, {"location": {"country_code": "jp", "region": "Tokyo"}, "game_id": "273486", "values": [{"date": "2022-05-18-20-00-00", "latency": "141"}]}, {"location": {"country_code": "us", "region": "Ohio", "city": "Cleveland"}, "game_id": "273486", "values": [{"date": "2022-05-18-22-00-00", "latency": "62"}, {"date": "2022-05-18-22-00-00", "latency": "62"}, {"date": "2022-05-18-22-00-00", "latency": "62"}, {"date": "2022-05-18-22-00-00", "latency": "62"}, {"date": "2022-05-18-22-00-00", "latency": "62"}, {"date": "2022-05-18-22-00-00", "latency": "62"}]}, {"location": {"country_code": "us", "region": "Texas", "city": "Houston"}, "game_id": "273486", "values": [{"date": "2022-05-19-02-00-00", "latency": "58"}, {"date": "2022-05-19-02-00-00", "latency": "58"}, {"date": "2022-05-19-02-00-00", "latency": "58"}]}, {"location": {"country_code": "us", "region": "Alaska"}, "game_id": "273486", "values": [{"date": "2022-05-18-06-00-00", "latency": "101"}, {"date": "2022-05-18-06-00-00", "latency": "101"}, {"date": "2022-05-18-06-00-00", "latency": "101"}, {"date": "2022-05-18-08-00-00", "latency": "54"}]}, {"location": {"country_code": "us", "region": "Illinois", "city": "Chicago"}, "game_id": "273486", "values": [{"date": "2022-05-18-10-00-00", "latency": "47"}, {"date": "2022-05-18-10-00-00", "latency": "47"}, {"date": "2022-05-18-10-00-00", "latency": "47"}, {"date": "2022-05-18-10-00-00", "latency": "47"}, {"date": "2022-05-18-10-00-00", "latency": "47"}, {"date": "2022-05-18-10-00-00", "latency": "47"}, {"date": "2022-05-18-10-00-00", "latency": "47"}, {"date": "2022-05-18-10-00-00", "latency": "47"}, {"date": "2022-05-18-10-00-00", "latency": "47"}, {"date": "2022-05-18-10-00-00", "latency": "47"}, {"date": "2022-05-18-10-00-00", "latency": "47"}, {"date": "2022-05-18-10-00-00", "latency": "47"}, {"date": "2022-05-18-10-00-00", "latency": "47"}, {"date": "2022-05-18-10-00-00", "latency": "47"}, {"date": "2022-05-18-10-00-00", "latency": "47"}, {"date": "2022-05-18-10-00-00", "latency": "47"}, {"date": "2022-05-18-10-00-00", "latency": "47"}, {"date": "2022-05-18-10-00-00", "latency": "47"}, {"date": "2022-05-18-10-00-00", "latency": "47"}, {"date": "2022-05-18-10-00-00", "latency": "47"}, {"date": "2022-05-18-10-00-00", "latency": "47"}, {"date": "2022-05-18-10-00-00", "latency": "47"}, {"date": "2022-05-18-10-00-00", "latency": "47"}, {"date": "2022-05-18-10-00-00", "latency": "47"}, {"date": "2022-05-18-10-00-00", "latency": "47"}, {"date": "2022-05-18-10-00-00", "latency": "47"}, {"date": "2022-05-18-10-00-00", "latency": "47"}, {"date": "2022-05-18-10-00-00", "latency": "47"}, {"date": "2022-05-18-10-00-00", "latency": "47"}, {"date": "2022-05-18-10-00-00", "latency": "47"}, {"date": "2022-05-18-10-00-00", "latency": "47"}, {"date": "2022-05-18-10-00-00", "latency": "47"}, {"date": "2022-05-18-10-00-00", "latency": "47"}]}, {"location": {"country_code": "us", "region": "Arizona"}, "game_id": "273486", "values": [{"date": "2022-05-18-08-00-00", "latency": "27"}]}, {"location": {"country_code": "gb", "region": "England", "city": "London"}, "game_id": "273486", "values": [{"date": "2022-05-18-02-00-00", "latency": "43"}, {"date": "2022-05-18-02-00-00", "latency": "43"}, {"date": "2022-05-18-02-00-00", "latency": "43"}]}, {"location": {"country_code": "us", "region": "Georgia"}, "game_id": "273486", "values": [{"date": "2022-05-18-04-00-00", "latency": "27"}, {"date": "2022-05-18-04-00-00", "latency": "27"}, {"date": "2022-05-18-04-00-00", "latency": "27"}, {"date": "2022-05-18-04-00-00", "latency": "27"}, {"date": "2022-05-18-04-00-00", "latency": "27"}, {"date": "2022-05-18-04-00-00", "latency": "27"}, {"date": "2022-05-18-04-00-00", "latency": "27"}, {"date": "2022-05-18-04-00-00", "latency": "27"}, {"date": "2022-05-18-04-00-00", "latency": "27"}, {"date": "2022-05-18-04-00-00", "latency": "27"}, {"date": "2022-05-18-04-00-00", "latency": "27"}, {"date": "2022-05-18-04-00-00", "latency": "27"}]}, {"location": {"country_code": "ie"}, "game_id": "273486", "values": [{"date": "2022-05-19-00-00-00", "latency": "35"}, {"date": "2022-05-19-00-00-00", "latency": "35"}, {"date": "2022-05-19-00-00-00", "latency": "35"}, {"date": "2022-05-19-00-00-00", "latency": "35"}, {"date": "2022-05-19-00-00-00", "latency": "35"}, {"date": "2022-05-19-00-00-00", "latency": "35"}]}, {"location": {"country_code": "us", "region": "District of Columbia", "city": "Washington"}, "game_id": "273486", "values": [{"date": "2022-05-18-03-00-00", "latency": "19"}, {"date": "2022-05-18-03-00-00", "latency": "19"}, {"date": "2022-05-18-03-00-00", "latency": "19"}]}, {"location": {"country_code": "ca", "region": "Ontario", "city": "Toronto"}, "game_id": "273486", "values": [{"date": "2022-05-18-06-00-00", "latency": "35"}, {"date": "2022-05-18-06-00-00", "latency": "35"}, {"date": "2022-05-18-06-00-00", "latency": "35"}, {"date": "2022-05-18-06-00-00", "latency": "35"}, {"date": "2022-05-18-06-00-00", "latency": "35"}, {"date": "2022-05-18-06-00-00", "latency": "35"}, {"date": "2022-05-18-06-00-00", "latency": "35"}, {"date": "2022-05-18-06-00-00", "latency": "35"}, {"date": "2022-05-18-06-00-00", "latency": "35"}, {"date": "2022-05-18-06-00-00", "latency": "35"}, {"date": "2022-05-18-06-00-00", "latency": "35"}, {"date": "2022-05-18-06-00-00", "latency": "35"}, {"date": "2022-05-18-06-00-00", "latency": "35"}, {"date": "2022-05-18-06-00-00", "latency": "35"}, {"date": "2022-05-18-06-00-00", "latency": "35"}, {"date": "2022-05-18-06-00-00", "latency": "35"}, {"date": "2022-05-18-06-00-00", "latency": "35"}, {"date": "2022-05-18-06-00-00", "latency": "35"}, {"date": "2022-05-18-06-00-00", "latency": "35"}, {"date": "2022-05-18-06-00-00", "latency": "35"}, {"date": "2022-05-18-06-00-00", "latency": "35"}, {"date": "2022-05-18-06-00-00", "latency": "35"}, {"date": "2022-05-18-06-00-00", "latency": "35"}, {"date": "2022-05-18-06-00-00", "latency": "35"}, {"date": "2022-05-18-06-00-00", "latency": "35"}, {"date": "2022-05-18-06-00-00", "latency": "35"}, {"date": "2022-05-18-06-00-00", "latency": "35"}, {"date": "2022-05-18-06-00-00", "latency": "35"}, {"date": "2022-05-18-06-00-00", "latency": "35"}, {"date": "2022-05-18-06-00-00", "latency": "35"}, {"date": "2022-05-18-06-00-00", "latency": "35"}, {"date": "2022-05-18-06-00-00", "latency": "35"}, {"date": "2022-05-18-06-00-00", "latency": "35"}, {"date": "2022-05-18-06-00-00", "latency": "35"}, {"date": "2022-05-18-06-00-00", "latency": "35"}, {"date": "2022-05-18-06-00-00", "latency": "35"}, {"date": "2022-05-18-06-00-00", "latency": "35"}, {"date": "2022-05-18-06-00-00", "latency": "35"}, {"date": "2022-05-18-06-00-00", "latency": "35"}, {"date": "2022-05-18-06-00-00", "latency": "35"}]}, {"location": {"country_code": "us", "region": "Pennsylvania"}, "game_id": "273486", "values": [{"date": "2022-05-18-03-00-00", "latency": "50"}, {"date": "2022-05-18-03-00-00", "latency": "50"}, {"date": "2022-05-18-03-00-00", "latency": "50"}]}, {"location": {"country_code": "us", "region": "Colorado"}, "game_id": "273486", "values": [{"date": "2022-05-18-03-00-00", "latency": "43"}, {"date": "2022-05-18-09-00-00", "latency": "58"}, {"date": "2022-05-18-09-00-00", "latency": "58"}, {"date": "2022-05-18-09-00-00", "latency": "58"}, {"date": "2022-05-18-09-00-00", "latency": "58"}, {"date": "2022-05-18-09-00-00", "latency": "58"}, {"date": "2022-05-18-09-00-00", "latency": "58"}, {"date": "2022-05-18-09-00-00", "latency": "58"}]}, {"location": {"country_code": "us", "region": "Kentucky"}, "game_id": "273486", "values": [{"date": "2022-05-19-00-00-00", "latency": "54"}, {"date": "2022-05-19-00-00-00", "latency": "54"}, {"date": "2022-05-18-02-00-00", "latency": "31"}]}, {"location": {"country_code": "us", "region": "Minnesota"}, "game_id": "273486", "values": [{"date": "2022-05-18-02-00-00", "latency": "39"}, {"date": "2022-05-18-02-00-00", "latency": "39"}, {"date": "2022-05-18-09-00-00", "latency": "35"}, {"date": "2022-05-18-09-00-00", "latency": "35"}, {"date": "2022-05-18-09-00-00", "latency": "35"}, {"date": "2022-05-18-09-00-00", "latency": "35"}]}, {"location": {"country_code": "us", "region": "Tennessee"}, "game_id": "273486", "values": [{"date": "2022-05-18-05-00-00", "latency": "50"}, {"date": "2022-05-18-05-00-00", "latency": "50"}]}, {"location": {"country_code": "us", "region": "Massachusetts", "city": "Boston"}, "game_id": "273486", "values": [{"date": "2022-05-18-03-00-00", "latency": "54"}, {"date": "2022-05-19-01-00-00", "latency": "27"}, {"date": "2022-05-19-01-00-00", "latency": "27"}, {"date": "2022-05-19-01-00-00", "latency": "27"}, {"date": "2022-05-19-01-00-00", "latency": "27"}, {"date": "2022-05-19-01-00-00", "latency": "27"}]}, {"location": {"country_code": "us", "region": "Arizona", "city": "Phoenix"}, "game_id": "273486", "values": [{"date": "2022-05-18-08-00-00", "latency": "62"}, {"date": "2022-05-18-08-00-00", "latency": "62"}, {"date": "2022-05-18-08-00-00", "latency": "62"}, {"date": "2022-05-18-08-00-00", "latency": "62"}, {"date": "2022-05-18-08-00-00", "latency": "62"}]}, {"location": {"country_code": "hr"}, "game_id": "273486", "values": [{"date": "2022-05-18-13-00-00", "latency": "43"}, {"date": "2022-05-18-13-00-00", "latency": "43"}, {"date": "2022-05-18-13-00-00", "latency": "43"}, {"date": "2022-05-18-13-00-00", "latency": "43"}, {"date": "2022-05-18-13-00-00", "latency": "43"}, {"date": "2022-05-18-13-00-00", "latency": "43"}, {"date": "2022-05-18-13-00-00", "latency": "43"}, {"date": "2022-05-18-13-00-00", "latency": "43"}, {"date": "2022-05-18-13-00-00", "latency": "43"}, {"date": "2022-05-18-13-00-00", "latency": "43"}, {"date": "2022-05-18-13-00-00", "latency": "43"}, {"date": "2022-05-18-13-00-00", "latency": "43"}, {"date": "2022-05-18-13-00-00", "latency": "43"}, {"date": "2022-05-18-13-00-00", "latency": "43"}]}, {"location": {"country_code": "us", "region": "South Dakota"}, "game_id": "273486", "values": [{"date": "2022-05-19-01-00-00", "latency": "54"}, {"date": "2022-05-19-01-00-00", "latency": "54"}, {"date": "2022-05-19-01-00-00", "latency": "54"}, {"date": "2022-05-19-01-00-00", "latency": "54"}, {"date": "2022-05-19-01-00-00", "latency": "54"}, {"date": "2022-05-19-01-00-00", "latency": "54"}, {"date": "2022-05-19-01-00-00", "latency": "54"}, {"date": "2022-05-19-01-00-00", "latency": "54"}, {"date": "2022-05-19-01-00-00", "latency": "54"}, {"date": "2022-05-19-01-00-00", "latency": "54"}, {"date": "2022-05-19-01-00-00", "latency": "54"}, {"date": "2022-05-19-01-00-00", "latency": "54"}, {"date": "2022-05-19-01-00-00", "latency": "54"}, {"date": "2022-05-19-01-00-00", "latency": "54"}, {"date": "2022-05-19-01-00-00", "latency": "54"}, {"date": "2022-05-19-01-00-00", "latency": "54"}, {"date": "2022-05-19-01-00-00", "latency": "54"}, {"date": "2022-05-19-01-00-00", "latency": "54"}, {"date": "2022-05-19-01-00-00", "latency": "54"}, {"date": "2022-05-19-01-00-00", "latency": "54"}, {"date": "2022-05-19-01-00-00", "latency": "54"}]}, {"location": {"country_code": "us", "region": "Louisiana"}, "game_id": "273486", "values": [{"date": "2022-05-19-02-00-00", "latency": "2"}, {"date": "2022-05-19-02-00-00", "latency": "2"}]}, {"location": {"country_code": "us", "region": "Arkansas"}, "game_id": "273486", "values": [{"date": "2022-05-18-09-00-00", "latency": "50"}, {"date": "2022-05-18-09-00-00", "latency": "50"}]}, {"location": {"country_code": "ae", "region": "Dubai", "city": "Dubai"}, "game_id": "273486", "values": [{"date": "2022-05-18-20-00-00", "latency": "23"}, {"date": "2022-05-18-20-00-00", "latency": "23"}, {"date": "2022-05-18-20-00-00", "latency": "23"}, {"date": "2022-05-18-20-00-00", "latency": "23"}, {"date": "2022-05-18-20-00-00", "latency": "23"}, {"date": "2022-05-18-20-00-00", "latency": "23"}, {"date": "2022-05-18-20-00-00", "latency": "23"}, {"date": "2022-05-18-20-00-00", "latency": "23"}, {"date": "2022-05-18-20-00-00", "latency": "23"}, {"date": "2022-05-18-20-00-00", "latency": "23"}, {"date": "2022-05-18-20-00-00", "latency": "23"}]}, {"location": {"country_code": "us", "region": "California", "city": "Moorpark"}, "game_id": "273486", "values": [{"date": "2022-05-18-07-00-00", "latency": "19"}, {"date": "2022-05-18-07-00-00", "latency": "19"}, {"date": "2022-05-18-07-00-00", "latency": "19"}, {"date": "2022-05-18-07-00-00", "latency": "19"}, {"date": "2022-05-18-07-00-00", "latency": "19"}, {"date": "2022-05-18-07-00-00", "latency": "19"}, {"date": "2022-05-18-07-00-00", "latency": "19"}, {"date": "2022-05-18-07-00-00", "latency": "19"}, {"date": "2022-05-18-07-00-00", "latency": "19"}, {"date": "2022-05-18-07-00-00", "latency": "19"}, {"date": "2022-05-18-07-00-00", "latency": "19"}]}, {"location": {"country_code": "gb", "region": "Wales"}, "game_id": "273486", "values": [{"date": "2022-05-19-02-00-00", "latency": "129"}, {"date": "2022-05-19-02-00-00", "latency": "129"}]}, {"location": {"country_code": "sa", "region": "Riyadh Region", "city": "Wadi Ad Dawasir"}, "game_id": "273486", "values": [{"date": "2022-05-18-12-00-00", "latency": "86"}, {"date": "2022-05-18-12-00-00", "latency": "86"}, {"date": "2022-05-18-12-00-00", "latency": "86"}, {"date": "2022-05-18-12-00-00", "latency": "86"}, {"date": "2022-05-18-12-00-00", "latency": "86"}, {"date": "2022-05-19-00-00-00", "latency": "47"}, {"date": "2022-05-19-00-00-00", "latency": "47"}, {"date": "2022-05-19-00-00-00", "latency": "47"}, {"date": "2022-05-19-00-00-00", "latency": "47"}, {"date": "2022-05-19-00-00-00", "latency": "47"}, {"date": "2022-05-19-00-00-00", "latency": "47"}, {"date": "2022-05-19-00-00-00", "latency": "47"}, {"date": "2022-05-19-00-00-00", "latency": "47"}, {"date": "2022-05-19-00-00-00", "latency": "47"}, {"date": "2022-05-19-00-00-00", "latency": "47"}, {"date": "2022-05-19-00-00-00", "latency": "47"}, {"date": "2022-05-19-00-00-00", "latency": "47"}, {"date": "2022-05-18-06-00-00", "latency": "101"}, {"date": "2022-05-18-06-00-00", "latency": "101"}, {"date": "2022-05-18-06-00-00", "latency": "101"}]}, {"location": {"country_code": "gb", "region": "England", "city": "Ely"}, "game_id": "273486", "values": [{"date": "2022-05-19-02-00-00", "latency": "31"}, {"date": "2022-05-19-02-00-00", "latency": "31"}, {"date": "2022-05-19-02-00-00", "latency": "31"}, {"date": "2022-05-19-02-00-00", "latency": "31"}, {"date": "2022-05-19-02-00-00", "latency": "31"}, {"date": "2022-05-19-02-00-00", "latency": "31"}, {"date": "2022-05-19-02-00-00", "latency": "31"}]}, {"location": {"country_code": "de", "region": "Baden-Wurttemberg", "city": "Stuttgart"}, "game_id": "273486", "values": [{"date": "2022-05-19-02-00-00", "latency": "31"}]}, {"location": {"country_code": "it", "region": "Lombardy"}, "game_id": "273486", "values": [{"date": "2022-05-19-01-00-00", "latency": "43"}, {"date": "2022-05-19-01-00-00", "latency": "43"}, {"date": "2022-05-19-01-00-00", "latency": "43"}, {"date": "2022-05-19-01-00-00", "latency": "43"}, {"date": "2022-05-19-01-00-00", "latency": "43"}, {"date": "2022-05-19-01-00-00", "latency": "43"}, {"date": "2022-05-19-01-00-00", "latency": "43"}, {"date": "2022-05-19-01-00-00", "latency": "43"}, {"date": "2022-05-19-01-00-00", "latency": "43"}, {"date": "2022-05-19-01-00-00", "latency": "43"}]}, {"location": {"country_code": "us", "region": "New York"}, "game_id": "273486", "values": [{"date": "2022-05-18-06-00-00", "latency": "15"}, {"date": "2022-05-18-06-00-00", "latency": "15"}, {"date": "2022-05-18-06-00-00", "latency": "15"}, {"date": "2022-05-18-06-00-00", "latency": "15"}, {"date": "2022-05-18-06-00-00", "latency": "15"}, {"date": "2022-05-18-06-00-00", "latency": "15"}, {"date": "2022-05-18-06-00-00", "latency": "15"}, {"date": "2022-05-18-06-00-00", "latency": "15"}]}, {"location": {"country_code": "us", "region": "North Carolina", "city": "Winston-Salem"}, "game_id": "273486", "values": [{"date": "2022-05-18-05-00-00", "latency": "39"}, {"date": "2022-05-18-05-00-00", "latency": "39"}, {"date": "2022-05-18-05-00-00", "latency": "39"}, {"date": "2022-05-18-05-00-00", "latency": "39"}, {"date": "2022-05-18-05-00-00", "latency": "39"}, {"date": "2022-05-18-05-00-00", "latency": "39"}, {"date": "2022-05-18-05-00-00", "latency": "39"}]}, {"location": {"country_code": "bs"}, "game_id": "273486", "values": [{"date": "2022-05-19-02-00-00", "latency": "35"}, {"date": "2022-05-19-02-00-00", "latency": "35"}]}, {"location": {"country_code": "us", "region": "Nevada"}, "game_id": "273486", "values": [{"date": "2022-05-18-04-00-00", "latency": "54"}, {"date": "2022-05-18-04-00-00", "latency": "54"}, {"date": "2022-05-18-04-00-00", "latency": "54"}, {"date": "2022-05-18-04-00-00", "latency": "54"}, {"date": "2022-05-18-04-00-00", "latency": "54"}, {"date": "2022-05-18-04-00-00", "latency": "54"}, {"date": "2022-05-18-04-00-00", "latency": "54"}, {"date": "2022-05-18-04-00-00", "latency": "54"}, {"date": "2022-05-18-04-00-00", "latency": "54"}]}, {"location": {"country_code": "ae"}, "game_id": "273486", "values": [{"date": "2022-05-18-22-00-00", "latency": "90"}, {"date": "2022-05-18-22-00-00", "latency": "90"}, {"date": "2022-05-18-22-00-00", "latency": "90"}, {"date": "2022-05-18-22-00-00", "latency": "90"}, {"date": "2022-05-18-22-00-00", "latency": "90"}, {"date": "2022-05-18-22-00-00", "latency": "90"}, {"date": "2022-05-18-22-00-00", "latency": "90"}, {"date": "2022-05-18-22-00-00", "latency": "90"}, {"date": "2022-05-18-22-00-00", "latency": "90"}, {"date": "2022-05-18-22-00-00", "latency": "90"}, {"date": "2022-05-18-22-00-00", "latency": "90"}, {"date": "2022-05-18-22-00-00", "latency": "90"}]}, {"location": {"country_code": "gb", "region": "Scotland", "city": "Edinburgh"}, "game_id": "273486", "values": [{"date": "2022-05-18-21-00-00", "latency": "50"}, {"date": "2022-05-18-21-00-00", "latency": "50"}, {"date": "2022-05-18-21-00-00", "latency": "50"}, {"date": "2022-05-18-21-00-00", "latency": "50"}, {"date": "2022-05-18-21-00-00", "latency": "50"}, {"date": "2022-05-18-21-00-00", "latency": "50"}, {"date": "2022-05-18-21-00-00", "latency": "50"}, {"date": "2022-05-18-21-00-00", "latency": "50"}, {"date": "2022-05-18-21-00-00", "latency": "50"}, {"date": "2022-05-18-21-00-00", "latency": "50"}, {"date": "2022-05-18-21-00-00", "latency": "50"}, {"date": "2022-05-18-21-00-00", "latency": "50"}]}, {"location": {"country_code": "us", "region": "State of Wyoming", "city": "Cheyenne"}, "game_id": "273486", "values": [{"date": "2022-05-18-16-00-00", "latency": "70"}, {"date": "2022-05-18-16-00-00", "latency": "70"}, {"date": "2022-05-18-16-00-00", "latency": "70"}, {"date": "2022-05-18-16-00-00", "latency": "70"}, {"date": "2022-05-18-16-00-00", "latency": "70"}, {"date": "2022-05-18-16-00-00", "latency": "70"}, {"date": "2022-05-18-16-00-00", "latency": "70"}, {"date": "2022-05-18-16-00-00", "latency": "70"}, {"date": "2022-05-18-16-00-00", "latency": "70"}, {"date": "2022-05-18-16-00-00", "latency": "70"}, {"date": "2022-05-18-16-00-00", "latency": "70"}, {"date": "2022-05-18-16-00-00", "latency": "70"}, {"date": "2022-05-18-16-00-00", "latency": "70"}, {"date": "2022-05-18-16-00-00", "latency": "70"}, {"date": "2022-05-18-16-00-00", "latency": "70"}, {"date": "2022-05-18-16-00-00", "latency": "70"}]}, {"location": {"country_code": "ca", "region": "British Columbia", "city": "West Kelowna"}, "game_id": "273486", "values": [{"date": "2022-05-18-07-00-00", "latency": "78"}, {"date": "2022-05-18-07-00-00", "latency": "78"}, {"date": "2022-05-18-07-00-00", "latency": "78"}, {"date": "2022-05-18-07-00-00", "latency": "78"}, {"date": "2022-05-18-07-00-00", "latency": "78"}, {"date": "2022-05-18-07-00-00", "latency": "78"}, {"date": "2022-05-18-07-00-00", "latency": "78"}, {"date": "2022-05-18-07-00-00", "latency": "78"}, {"date": "2022-05-18-07-00-00", "latency": "78"}, {"date": "2022-05-18-07-00-00", "latency": "78"}, {"date": "2022-05-18-07-00-00", "latency": "78"}, {"date": "2022-05-18-07-00-00", "latency": "78"}, {"date": "2022-05-18-07-00-00", "latency": "78"}, {"date": "2022-05-18-07-00-00", "latency": "78"}, {"date": "2022-05-18-07-00-00", "latency": "78"}, {"date": "2022-05-18-07-00-00", "latency": "78"}]}, {"location": {"country_code": "us", "region": "Michigan", "city": "Flint"}, "game_id": "273486", "values": [{"date": "2022-05-19-02-00-00", "latency": "35"}, {"date": "2022-05-19-02-00-00", "latency": "35"}, {"date": "2022-05-19-02-00-00", "latency": "35"}, {"date": "2022-05-19-02-00-00", "latency": "35"}, {"date": "2022-05-19-02-00-00", "latency": "35"}, {"date": "2022-05-19-02-00-00", "latency": "35"}, {"date": "2022-05-19-02-00-00", "latency": "35"}, {"date": "2022-05-19-02-00-00", "latency": "35"}, {"date": "2022-05-19-02-00-00", "latency": "35"}]}, {"location": {"country_code": "us", "region": "California", "city": "Bakersfield"}, "game_id": "273486", "values": [{"date": "2022-05-19-02-00-00", "latency": "27"}, {"date": "2022-05-19-02-00-00", "latency": "27"}, {"date": "2022-05-19-02-00-00", "latency": "27"}, {"date": "2022-05-19-02-00-00", "latency": "27"}]}, {"location": {"country_code": "us", "region": "Alaska", "city": "Eagle River"}, "game_id": "273486", "values": [{"date": "2022-05-18-09-00-00", "latency": "54"}, {"date": "2022-05-18-09-00-00", "latency": "54"}, {"date": "2022-05-18-09-00-00", "latency": "54"}, {"date": "2022-05-18-09-00-00", "latency": "54"}, {"date": "2022-05-18-09-00-00", "latency": "54"}, {"date": "2022-05-18-09-00-00", "latency": "54"}, {"date": "2022-05-18-09-00-00", "latency": "54"}, {"date": "2022-05-18-09-00-00", "latency": "54"}, {"date": "2022-05-18-09-00-00", "latency": "54"}, {"date": "2022-05-18-09-00-00", "latency": "54"}, {"date": "2022-05-18-09-00-00", "latency": "54"}, {"date": "2022-05-18-09-00-00", "latency": "54"}]}, {"location": {"country_code": "ch", "region": "Canton of Vaud", "city": "Vevey"}, "game_id": "273486", "values": [{"date": "2022-05-18-12-00-00", "latency": "50"}, {"date": "2022-05-18-12-00-00", "latency": "50"}, {"date": "2022-05-18-12-00-00", "latency": "50"}, {"date": "2022-05-18-12-00-00", "latency": "50"}, {"date": "2022-05-18-12-00-00", "latency": "50"}, {"date": "2022-05-18-12-00-00", "latency": "50"}, {"date": "2022-05-18-12-00-00", "latency": "50"}, {"date": "2022-05-18-12-00-00", "latency": "50"}, {"date": "2022-05-18-12-00-00", "latency": "50"}, {"date": "2022-05-18-12-00-00", "latency": "50"}, {"date": "2022-05-18-12-00-00", "latency": "50"}, {"date": "2022-05-18-12-00-00", "latency": "50"}, {"date": "2022-05-18-12-00-00", "latency": "50"}, {"date": "2022-05-18-12-00-00", "latency": "50"}, {"date": "2022-05-18-12-00-00", "latency": "50"}, {"date": "2022-05-18-12-00-00", "latency": "50"}, {"date": "2022-05-18-12-00-00", "latency": "50"}, {"date": "2022-05-18-12-00-00", "latency": "50"}, {"date": "2022-05-18-12-00-00", "latency": "50"}, {"date": "2022-05-18-12-00-00", "latency": "50"}]}, {"location": {"country_code": "us", "region": "Maryland", "city": "Cumberland"}, "game_id": "273486", "values": [{"date": "2022-05-18-12-00-00", "latency": "50"}, {"date": "2022-05-18-12-00-00", "latency": "50"}, {"date": "2022-05-18-12-00-00", "latency": "50"}, {"date": "2022-05-18-12-00-00", "latency": "50"}, {"date": "2022-05-18-12-00-00", "latency": "50"}, {"date": "2022-05-18-12-00-00", "latency": "50"}, {"date": "2022-05-18-12-00-00", "latency": "50"}, {"date": "2022-05-18-12-00-00", "latency": "50"}, {"date": "2022-05-18-12-00-00", "latency": "50"}]}, {"location": {"country_code": "nl", "region": "Friesland", "city": "Oosterwolde"}, "game_id": "273486", "values": [{"date": "2022-05-18-16-00-00", "latency": "31"}, {"date": "2022-05-18-16-00-00", "latency": "31"}, {"date": "2022-05-18-16-00-00", "latency": "31"}, {"date": "2022-05-18-16-00-00", "latency": "31"}, {"date": "2022-05-18-16-00-00", "latency": "31"}, {"date": "2022-05-18-16-00-00", "latency": "31"}, {"date": "2022-05-18-16-00-00", "latency": "31"}, {"date": "2022-05-18-16-00-00", "latency": "31"}, {"date": "2022-05-18-16-00-00", "latency": "31"}, {"date": "2022-05-18-16-00-00", "latency": "31"}, {"date": "2022-05-18-16-00-00", "latency": "31"}, {"date": "2022-05-18-16-00-00", "latency": "31"}, {"date": "2022-05-18-16-00-00", "latency": "31"}, {"date": "2022-05-18-16-00-00", "latency": "31"}, {"date": "2022-05-18-16-00-00", "latency": "31"}, {"date": "2022-05-18-16-00-00", "latency": "31"}, {"date": "2022-05-18-16-00-00", "latency": "31"}, {"date": "2022-05-18-16-00-00", "latency": "31"}]}], "last_updated": 1719915078.938284}