{"data": [{"location": {"country_code": "nz"}, "game_id": "273195", "values": [{"date": "2022-01-12-22-00-00", "alternatives": ["28", "28", "238"]}]}, {"location": {"country_code": "us"}, "game_id": "273195", "values": [{"date": "2022-01-13-00-00-00", "alternatives": ["2508", "25", "25"]}, {"date": "2022-01-12-14-00-00", "alternatives": ["0", "58", "58"]}]}, {"location": {"country_code": "nz", "region": "Auckland", "city": "Auckland"}, "game_id": "273195", "values": [{"date": "2022-01-12-12-00-00", "alternatives": ["26", "20", "26"]}, {"date": "2022-01-12-12-00-00", "alternatives": ["26", "20", "26"]}]}, {"location": {"country_code": "de", "region": "Berlin", "city": "Berlin"}, "game_id": "273195", "values": [{"date": "2022-01-12-23-00-00", "alternatives": ["16", "1", "1"]}, {"date": "2022-01-12-23-00-00", "alternatives": ["16", "1", "1"]}, {"date": "2022-01-12-20-00-00", "alternatives": ["8", "8", "1"]}, {"date": "2022-01-12-20-00-00", "alternatives": ["8", "8", "1"]}]}, {"location": {"country_code": "eg"}, "game_id": "273195", "values": [{"date": "2022-01-12-17-00-00", "alternatives": ["4", "4", "7"]}, {"date": "2022-01-12-17-00-00", "alternatives": ["4", "4", "7"]}, {"date": "2022-01-12-17-00-00", "alternatives": ["4", "4", "7"]}, {"date": "2022-01-12-17-00-00", "alternatives": ["4", "4", "7"]}]}, {"location": {"country_code": "us", "region": "New York", "city": "Jamestown"}, "game_id": "273195", "values": [{"date": "2022-01-12-20-00-00", "alternatives": ["3", "53", "3"]}, {"date": "2022-01-12-20-00-00", "alternatives": ["3", "53", "3"]}, {"date": "2022-01-12-20-00-00", "alternatives": ["3", "53", "3"]}, {"date": "2022-01-12-20-00-00", "alternatives": ["3", "53", "3"]}, {"date": "2022-01-12-07-00-00", "alternatives": ["8", "50", "50"]}, {"date": "2022-01-12-08-00-00", "alternatives": ["1", "51", "1"]}, {"date": "2022-01-12-16-00-00", "alternatives": ["0", "60", "0"]}]}, {"location": {"country_code": "gb"}, "game_id": "273195", "values": [{"date": "2022-01-12-19-00-00", "alternatives": ["20", "2019", "20"]}, {"date": "2022-01-12-19-00-00", "alternatives": ["20", "2019", "20"]}, {"date": "2022-01-12-19-00-00", "alternatives": ["20", "2019", "20"]}, {"date": "2022-01-12-19-00-00", "alternatives": ["20", "2019", "20"]}, {"date": "2022-01-12-19-00-00", "alternatives": ["32", "325", "32"]}, {"date": "2022-01-12-19-00-00", "alternatives": ["32", "325", "32"]}, {"date": "2022-01-13-00-00-00", "alternatives": [3918, 39, 39, 39]}, {"date": "2022-01-13-00-00-00", "alternatives": [3918, 39, 39, 39]}, {"date": "2022-01-13-00-00-00", "alternatives": [3918, 39, 39, 39]}, {"date": "2022-01-13-00-00-00", "alternatives": [3918, 39, 39, 39]}, {"date": "2022-01-13-00-00-00", "alternatives": [3918, 39, 39, 39]}, {"date": "2022-01-13-00-00-00", "alternatives": [3918, 39, 39, 39]}, {"date": "2022-01-13-00-00-00", "alternatives": [3918, 39, 39, 39]}, {"date": "2022-01-13-00-00-00", "alternatives": ["185", "18", "18"]}, {"date": "2022-01-13-00-00-00", "alternatives": ["185", "18", "18"]}, {"date": "2022-01-13-00-00-00", "alternatives": ["185", "18", "18"]}, {"date": "2022-01-13-00-00-00", "alternatives": ["185", "18", "18"]}, {"date": "2022-01-13-00-00-00", "alternatives": ["185", "18", "18"]}, {"date": "2022-01-13-00-00-00", "alternatives": ["185", "18", "18"]}, {"date": "2022-01-13-00-00-00", "alternatives": ["185", "18", "18"]}]}, {"location": {"country_code": "gb", "region": "England", "city": "Oxford"}, "game_id": "273195", "values": [{"date": "2022-01-13-01-00-00", "alternatives": ["29", "29", "20"]}, {"date": "2022-01-13-01-00-00", "alternatives": ["29", "29", "20"]}, {"date": "2022-01-13-01-00-00", "alternatives": ["29", "29", "20"]}]}, {"location": {"country_code": "gb", "region": "England", "city": "Stoke-on-Trent"}, "game_id": "273195", "values": [{"date": "2022-01-12-23-00-00", "alternatives": ["9", "9", "3"]}]}, {"location": {"country_code": "gb", "region": "England"}, "game_id": "273195", "values": [{"date": "2022-01-13-00-00-00", "alternatives": ["2", "2", "3"]}, {"date": "2022-01-12-18-00-00", "alternatives": ["2", "27", "2"]}, {"date": "2022-01-12-18-00-00", "alternatives": ["2", "27", "2"]}, {"date": "2022-01-12-18-00-00", "alternatives": ["2", "27", "2"]}, {"date": "2022-01-12-12-00-00", "alternatives": ["29", "29", "20"]}, {"date": "2022-01-12-19-00-00", "alternatives": ["330", "33", "33"]}, {"date": "2022-01-12-19-00-00", "alternatives": ["330", "33", "33"]}, {"date": "2022-01-12-21-00-00", "alternatives": [2218, 22, 27, 22, 22]}, {"date": "2022-01-12-21-00-00", "alternatives": [2218, 22, 27, 22, 22]}, {"date": "2022-01-12-21-00-00", "alternatives": [2218, 22, 27, 22, 22]}, {"date": "2022-01-12-21-00-00", "alternatives": [2218, 22, 27, 22, 22]}, {"date": "2022-01-12-21-00-00", "alternatives": [2218, 22, 27, 22, 22]}, {"date": "2022-01-12-15-00-00", "alternatives": ["2", "2", "77"]}, {"date": "2022-01-12-15-00-00", "alternatives": ["2", "2", "77"]}]}, {"location": {"country_code": "gb", "region": "England", "city": "Sheffield"}, "game_id": "273195", "values": [{"date": "2022-01-12-22-00-00", "alternatives": ["2", "27", "2"]}, {"date": "2022-01-12-22-00-00", "alternatives": ["2", "27", "2"]}, {"date": "2022-01-12-22-00-00", "alternatives": ["2", "27", "2"]}, {"date": "2022-01-12-22-00-00", "alternatives": ["2", "27", "2"]}]}, {"location": {"country_code": "gb", "region": "England", "city": "Southampton"}, "game_id": "273195", "values": [{"date": "2022-01-12-20-00-00", "alternatives": ["17", "1705", "17"]}, {"date": "2022-01-12-20-00-00", "alternatives": ["17", "1705", "17"]}]}, {"location": {"country_code": "th"}, "game_id": "273195", "values": [{"date": "2022-01-12-17-00-00", "alternatives": ["8", "28", "8"]}]}, {"location": {"country_code": "gr"}, "game_id": "273195", "values": [{"date": "2022-01-12-20-00-00", "alternatives": [45, 4, 45, 45]}, {"date": "2022-01-12-20-00-00", "alternatives": [45, 4, 45, 45]}, {"date": "2022-01-12-20-00-00", "alternatives": [45, 4, 45, 45]}, {"date": "2022-01-12-20-00-00", "alternatives": [45, 4, 45, 45]}, {"date": "2022-01-12-20-00-00", "alternatives": [45, 4, 45, 45]}, {"date": "2022-01-12-20-00-00", "alternatives": [45, 4, 45, 45]}, {"date": "2022-01-12-23-00-00", "alternatives": ["8", "8", "58"]}, {"date": "2022-01-12-23-00-00", "alternatives": ["8", "8", "58"]}, {"date": "2022-01-12-23-00-00", "alternatives": ["8", "8", "58"]}, {"date": "2022-01-12-23-00-00", "alternatives": ["8", "8", "58"]}, {"date": "2022-01-12-23-00-00", "alternatives": ["8", "8", "58"]}, {"date": "2022-01-12-23-00-00", "alternatives": ["8", "8", "58"]}, {"date": "2022-01-12-21-00-00", "alternatives": ["61", "61", "651"]}]}, {"location": {"country_code": "nl"}, "game_id": "273195", "values": [{"date": "2022-01-12-16-00-00", "alternatives": ["1", "1", "18"]}, {"date": "2022-01-12-16-00-00", "alternatives": ["1", "1", "18"]}, {"date": "2022-01-12-16-00-00", "alternatives": ["1", "1", "18"]}, {"date": "2022-01-12-15-00-00", "alternatives": ["24", "2205", "24"]}, {"date": "2022-01-12-15-00-00", "alternatives": ["24", "2205", "24"]}]}, {"location": {"country_code": "mx", "region": "Guanajuato", "city": "Dolores Hidalgo Cuna De La Independencia Nacional"}, "game_id": "273195", "values": [{"date": "2022-01-12-21-00-00", "alternatives": ["68", "8", "8"]}]}, {"location": {"country_code": "cz"}, "game_id": "273195", "values": [{"date": "2022-01-12-17-00-00", "alternatives": ["1", "15", "1"]}, {"date": "2022-01-12-20-00-00", "alternatives": ["1", "17", "1"]}]}, {"location": {"country_code": "it"}, "game_id": "273195", "values": [{"date": "2022-01-12-20-00-00", "alternatives": ["23", "23015", "23"]}, {"date": "2022-01-12-20-00-00", "alternatives": ["23", "23015", "23"]}, {"date": "2022-01-12-20-00-00", "alternatives": ["23", "23015", "23"]}, {"date": "2022-01-12-20-00-00", "alternatives": ["23", "23015", "23"]}]}, {"location": {"country_code": "jp"}, "game_id": "273195", "values": [{"date": "2022-01-12-19-00-00", "alternatives": ["4", "47", "4"]}, {"date": "2022-01-12-16-00-00", "alternatives": ["38", "88", "38"]}, {"date": "2022-01-12-16-00-00", "alternatives": ["38", "88", "38"]}, {"date": "2022-01-12-16-00-00", "alternatives": ["38", "88", "38"]}, {"date": "2022-01-12-16-00-00", "alternatives": ["38", "88", "38"]}, {"date": "2022-01-12-16-00-00", "alternatives": ["38", "88", "38"]}, {"date": "2022-01-12-20-00-00", "alternatives": ["6", "61", "6"]}, {"date": "2022-01-12-20-00-00", "alternatives": ["6", "61", "6"]}, {"date": "2022-01-12-20-00-00", "alternatives": ["6", "61", "6"]}, {"date": "2022-01-12-20-00-00", "alternatives": ["6", "61", "6"]}, {"date": "2022-01-12-18-00-00", "alternatives": [36, 30, 36, 36]}, {"date": "2022-01-12-18-00-00", "alternatives": [36, 30, 36, 36]}, {"date": "2022-01-12-16-00-00", "alternatives": ["43", "43", "42"]}]}, {"location": {"country_code": "ca"}, "game_id": "273195", "values": [{"date": "2022-01-12-22-00-00", "alternatives": ["46", "4", "4"]}, {"date": "2022-01-12-22-00-00", "alternatives": ["46", "4", "4"]}, {"date": "2022-01-12-08-00-00", "alternatives": ["29", "29", "20"]}, {"date": "2022-01-12-19-00-00", "alternatives": ["43", "43", "42"]}, {"date": "2022-01-12-19-00-00", "alternatives": ["43", "43", "42"]}, {"date": "2022-01-12-08-00-00", "alternatives": ["4", "46", "4"]}, {"date": "2022-01-13-00-00-00", "alternatives": ["258", "258", "238"]}, {"date": "2022-01-13-00-00-00", "alternatives": ["258", "258", "238"]}, {"date": "2022-01-13-00-00-00", "alternatives": ["258", "258", "238"]}]}, {"location": {"country_code": "de"}, "game_id": "273195", "values": [{"date": "2022-01-12-17-00-00", "alternatives": ["2", "20", "2"]}, {"date": "2022-01-12-17-00-00", "alternatives": ["2", "20", "2"]}, {"date": "2022-01-12-17-00-00", "alternatives": ["2", "20", "2"]}, {"date": "2022-01-12-10-00-00", "alternatives": ["2", "20", "2"]}, {"date": "2022-01-12-10-00-00", "alternatives": ["1", "1", "14"]}, {"date": "2022-01-13-00-00-00", "alternatives": ["8903", "39", "39"]}, {"date": "2022-01-13-00-00-00", "alternatives": ["8903", "39", "39"]}, {"date": "2022-01-13-00-00-00", "alternatives": ["8903", "39", "39"]}, {"date": "2022-01-13-00-00-00", "alternatives": ["8903", "39", "39"]}, {"date": "2022-01-12-15-00-00", "alternatives": ["1", "1", "17"]}, {"date": "2022-01-12-10-00-00", "alternatives": ["9", "9", "19"]}, {"date": "2022-01-12-10-00-00", "alternatives": ["9", "9", "19"]}, {"date": "2022-01-12-16-00-00", "alternatives": ["18", "69", "18"]}, {"date": "2022-01-12-16-00-00", "alternatives": ["18", "69", "18"]}, {"date": "2022-01-12-16-00-00", "alternatives": ["18", "69", "18"]}, {"date": "2022-01-12-16-00-00", "alternatives": ["18", "69", "18"]}, {"date": "2022-01-12-16-00-00", "alternatives": ["18", "69", "18"]}, {"date": "2022-01-12-17-00-00", "alternatives": ["3", "3", "31"]}, {"date": "2022-01-12-17-00-00", "alternatives": ["3", "3", "31"]}, {"date": "2022-01-12-17-00-00", "alternatives": ["3", "3", "31"]}, {"date": "2022-01-12-17-00-00", "alternatives": ["3", "3", "31"]}, {"date": "2022-01-12-21-00-00", "alternatives": ["23", "28", "28"]}, {"date": "2022-01-12-21-00-00", "alternatives": ["23", "28", "28"]}, {"date": "2022-01-12-21-00-00", "alternatives": ["23", "28", "28"]}, {"date": "2022-01-12-21-00-00", "alternatives": ["23", "28", "28"]}, {"date": "2022-01-12-20-00-00", "alternatives": ["16", "1", "1"]}, {"date": "2022-01-12-21-00-00", "alternatives": ["14", "1", "1"]}, {"date": "2022-01-12-21-00-00", "alternatives": ["65", "59", "65"]}, {"date": "2022-01-12-21-00-00", "alternatives": ["65", "59", "65"]}, {"date": "2022-01-12-21-00-00", "alternatives": ["65", "59", "65"]}, {"date": "2022-01-12-21-00-00", "alternatives": ["65", "59", "65"]}, {"date": "2022-01-12-17-00-00", "alternatives": ["2", "25", "2"]}, {"date": "2022-01-12-17-00-00", "alternatives": ["2", "25", "2"]}, {"date": "2022-01-12-20-00-00", "alternatives": [32, 3, 32, 32]}, {"date": "2022-01-12-20-00-00", "alternatives": [32, 3, 32, 32]}, {"date": "2022-01-12-20-00-00", "alternatives": [32, 3, 32, 32]}, {"date": "2022-01-12-20-00-00", "alternatives": [32, 3, 32, 32]}, {"date": "2022-01-12-15-00-00", "alternatives": ["9", "15", "15"]}, {"date": "2022-01-12-15-00-00", "alternatives": ["9", "15", "15"]}, {"date": "2022-01-12-15-00-00", "alternatives": ["9", "15", "15"]}, {"date": "2022-01-12-15-00-00", "alternatives": ["9", "15", "15"]}, {"date": "2022-01-12-15-00-00", "alternatives": ["9", "15", "15"]}, {"date": "2022-01-12-15-00-00", "alternatives": ["9", "15", "15"]}, {"date": "2022-01-12-15-00-00", "alternatives": ["9", "15", "15"]}, {"date": "2022-01-12-15-00-00", "alternatives": ["9", "15", "15"]}]}, {"location": {"country_code": "de", "region": "Free and Hanseatic City of Hamburg", "city": "Hamburg"}, "game_id": "273195", "values": [{"date": "2022-01-12-18-00-00", "alternatives": ["6", "63", "6"]}, {"date": "2022-01-12-18-00-00", "alternatives": ["6", "63", "6"]}, {"date": "2022-01-12-20-00-00", "alternatives": ["37", "37118", "37"]}, {"date": "2022-01-12-20-00-00", "alternatives": ["37", "37118", "37"]}]}, {"location": {"country_code": "br", "region": "Parana", "city": "Araucaria"}, "game_id": "273195", "values": [{"date": "2022-01-12-22-00-00", "alternatives": ["1", "018", "1"]}, {"date": "2022-01-12-22-00-00", "alternatives": ["1", "018", "1"]}]}, {"location": {"country_code": "gb", "region": "Scotland"}, "game_id": "273195", "values": [{"date": "2022-01-12-14-00-00", "alternatives": ["25", "25", "29"]}, {"date": "2022-01-12-14-00-00", "alternatives": ["25", "25", "29"]}, {"date": "2022-01-12-14-00-00", "alternatives": ["25", "25", "29"]}, {"date": "2022-01-12-14-00-00", "alternatives": ["25", "25", "29"]}]}, {"location": {"country_code": "us", "region": "Texas"}, "game_id": "273195", "values": [{"date": "2022-01-13-00-00-00", "alternatives": ["6", "6", "63"]}, {"date": "2022-01-12-22-00-00", "alternatives": ["4", "4", "44"]}, {"date": "2022-01-12-22-00-00", "alternatives": ["4", "4", "44"]}, {"date": "2022-01-12-22-00-00", "alternatives": ["4", "4", "44"]}]}, {"location": {"country_code": "au", "region": "New South Wales", "city": "Sydney"}, "game_id": "273195", "values": [{"date": "2022-01-12-16-00-00", "alternatives": [26, 20, 76, 26, 26]}, {"date": "2022-01-12-16-00-00", "alternatives": [26, 20, 76, 26, 26]}, {"date": "2022-01-12-16-00-00", "alternatives": [26, 20, 76, 26, 26]}]}, {"location": {"country_code": "us", "region": "Florida"}, "game_id": "273195", "values": [{"date": "2022-01-12-12-00-00", "alternatives": ["59", "59", "98"]}, {"date": "2022-01-12-12-00-00", "alternatives": ["59", "59", "98"]}, {"date": "2022-01-12-12-00-00", "alternatives": ["59", "59", "98"]}, {"date": "2022-01-12-12-00-00", "alternatives": ["59", "59", "98"]}, {"date": "2022-01-12-18-00-00", "alternatives": ["1", "109", "1"]}, {"date": "2022-01-12-18-00-00", "alternatives": ["1", "109", "1"]}, {"date": "2022-01-12-19-00-00", "alternatives": [4, 1, 1, 1]}]}, {"location": {"country_code": "us", "region": "Kansas"}, "game_id": "273195", "values": [{"date": "2022-01-12-15-00-00", "alternatives": ["5", "5", "51"]}]}, {"location": {"country_code": "fr"}, "game_id": "273195", "values": [{"date": "2022-01-12-23-00-00", "alternatives": ["19", "19", "15"]}, {"date": "2022-01-12-17-00-00", "alternatives": ["2", "722", "2"]}]}, {"location": {"country_code": "fr", "region": "Provence-Alpes-Cote d'Azur Region", "city": "Aix-en-Provence"}, "game_id": "273195", "values": [{"date": "2022-01-13-00-00-00", "alternatives": ["25", "25", "29"]}, {"date": "2022-01-13-00-00-00", "alternatives": ["25", "25", "29"]}, {"date": "2022-01-13-00-00-00", "alternatives": ["25", "25", "29"]}, {"date": "2022-01-13-00-00-00", "alternatives": ["25", "25", "29"]}, {"date": "2022-01-13-00-00-00", "alternatives": ["25", "25", "29"]}, {"date": "2022-01-13-00-00-00", "alternatives": ["25", "25", "29"]}, {"date": "2022-01-13-00-00-00", "alternatives": ["25", "25", "29"]}]}, {"location": {"country_code": "fr", "region": "Nord-Passo di Calais-Piccardia"}, "game_id": "273195", "values": [{"date": "2022-01-13-00-00-00", "alternatives": ["8", "8", "18"]}, {"date": "2022-01-13-00-00-00", "alternatives": ["8", "8", "18"]}, {"date": "2022-01-13-00-00-00", "alternatives": ["8", "8", "18"]}, {"date": "2022-01-13-00-00-00", "alternatives": ["8", "8", "18"]}, {"date": "2022-01-13-00-00-00", "alternatives": ["8", "8", "18"]}, {"date": "2022-01-13-00-00-00", "alternatives": ["8", "8", "18"]}, {"date": "2022-01-13-00-00-00", "alternatives": ["8", "8", "18"]}]}, {"location": {"country_code": "br", "region": "Minas Gerais", "city": "Betim"}, "game_id": "273195", "values": [{"date": "2022-01-13-01-00-00", "alternatives": ["2303", "23", "23"]}, {"date": "2022-01-13-01-00-00", "alternatives": ["2303", "23", "23"]}, {"date": "2022-01-13-01-00-00", "alternatives": ["2303", "23", "23"]}, {"date": "2022-01-13-01-00-00", "alternatives": ["2303", "23", "23"]}]}, {"location": {"country_code": "ca", "region": "Quebec", "city": "Rouyn-Noranda"}, "game_id": "273195", "values": [{"date": "2022-01-12-20-00-00", "alternatives": ["24", "2401", "24"]}]}, {"location": {"country_code": "us", "region": "New Jersey"}, "game_id": "273195", "values": [{"date": "2022-01-12-09-00-00", "alternatives": ["6", "5", "6"]}, {"date": "2022-01-12-09-00-00", "alternatives": ["6", "5", "6"]}, {"date": "2022-01-12-09-00-00", "alternatives": ["6", "5", "6"]}, {"date": "2022-01-12-09-00-00", "alternatives": ["6", "5", "6"]}, {"date": "2022-01-12-09-00-00", "alternatives": ["6", "5", "6"]}, {"date": "2022-01-12-09-00-00", "alternatives": ["6", "5", "6"]}, {"date": "2022-01-12-09-00-00", "alternatives": ["6", "5", "6"]}, {"date": "2022-01-12-09-00-00", "alternatives": ["6", "5", "6"]}, {"date": "2022-01-12-09-00-00", "alternatives": ["6", "5", "6"]}, {"date": "2022-01-12-09-00-00", "alternatives": ["6", "5", "6"]}, {"date": "2022-01-12-09-00-00", "alternatives": ["6", "5", "6"]}, {"date": "2022-01-12-09-00-00", "alternatives": ["6", "5", "6"]}, {"date": "2022-01-12-09-00-00", "alternatives": ["6", "5", "6"]}]}, {"location": {"country_code": "mx"}, "game_id": "273195", "values": [{"date": "2022-01-12-20-00-00", "alternatives": ["6", "67", "6"]}, {"date": "2022-01-12-20-00-00", "alternatives": ["6", "67", "6"]}, {"date": "2022-01-12-20-00-00", "alternatives": ["6", "67", "6"]}, {"date": "2022-01-13-00-00-00", "alternatives": ["6", "6", "64"]}]}, {"location": {"country_code": "us", "region": "Ohio"}, "game_id": "273195", "values": [{"date": "2022-01-13-00-00-00", "alternatives": ["26", "26", "20"]}, {"date": "2022-01-12-13-00-00", "alternatives": ["3", "37", "3"]}, {"date": "2022-01-12-13-00-00", "alternatives": ["3", "37", "3"]}, {"date": "2022-01-12-13-00-00", "alternatives": ["3", "37", "3"]}, {"date": "2022-01-12-13-00-00", "alternatives": ["3", "37", "3"]}]}, {"location": {"country_code": "mx", "region": "Mexico City"}, "game_id": "273195", "values": [{"date": "2022-01-13-00-00-00", "alternatives": [62, 6, 62, 62]}, {"date": "2022-01-12-18-00-00", "alternatives": ["93", "93", "83"]}, {"date": "2022-01-12-18-00-00", "alternatives": ["93", "93", "83"]}, {"date": "2022-01-12-18-00-00", "alternatives": ["93", "93", "83"]}, {"date": "2022-01-12-18-00-00", "alternatives": ["93", "93", "83"]}, {"date": "2022-01-12-18-00-00", "alternatives": ["93", "93", "83"]}]}, {"location": {"country_code": "in"}, "game_id": "273195", "values": [{"date": "2022-01-12-21-00-00", "alternatives": ["82", "82", "92"]}, {"date": "2022-01-12-21-00-00", "alternatives": ["82", "82", "92"]}, {"date": "2022-01-12-21-00-00", "alternatives": ["82", "82", "92"]}, {"date": "2022-01-12-15-00-00", "alternatives": ["7", "76", "7"]}, {"date": "2022-01-12-17-00-00", "alternatives": ["46", "4", "4"]}]}, {"location": {"country_code": "us", "region": "California"}, "game_id": "273195", "values": [{"date": "2022-01-12-09-00-00", "alternatives": ["62", "2", "2"]}, {"date": "2022-01-12-09-00-00", "alternatives": ["62", "2", "2"]}, {"date": "2022-01-12-12-00-00", "alternatives": ["2", "52", "2"]}, {"date": "2022-01-12-12-00-00", "alternatives": ["2", "52", "2"]}, {"date": "2022-01-12-12-00-00", "alternatives": ["2", "52", "2"]}]}, {"location": {"country_code": "us", "region": "Idaho", "city": "Boise"}, "game_id": "273195", "values": [{"date": "2022-01-13-01-00-00", "alternatives": ["6605", "6", "6"]}, {"date": "2022-01-13-01-00-00", "alternatives": ["6605", "6", "6"]}]}, {"location": {"country_code": "us", "region": "Montana"}, "game_id": "273195", "values": [{"date": "2022-01-12-20-00-00", "alternatives": ["29", "29", "20"]}, {"date": "2022-01-12-20-00-00", "alternatives": ["29", "29", "20"]}, {"date": "2022-01-12-20-00-00", "alternatives": ["29", "29", "20"]}, {"date": "2022-01-12-20-00-00", "alternatives": ["29", "29", "20"]}]}, {"location": {"country_code": "br"}, "game_id": "273195", "values": [{"date": "2022-01-13-01-00-00", "alternatives": ["57", "3", "57"]}, {"date": "2022-01-12-22-00-00", "alternatives": ["1", "1", "10"]}, {"date": "2022-01-12-22-00-00", "alternatives": ["1", "1", "10"]}, {"date": "2022-01-12-22-00-00", "alternatives": ["1", "1", "10"]}, {"date": "2022-01-12-22-00-00", "alternatives": ["2", "27", "2"]}, {"date": "2022-01-12-22-00-00", "alternatives": ["2", "27", "2"]}, {"date": "2022-01-12-22-00-00", "alternatives": ["2", "27", "2"]}, {"date": "2022-01-12-22-00-00", "alternatives": ["2", "27", "2"]}]}, {"location": {"country_code": "br", "region": "Sao Paulo", "city": "Apiai"}, "game_id": "273195", "values": [{"date": "2022-01-12-18-00-00", "alternatives": ["13", "913", "13"]}, {"date": "2022-01-12-18-00-00", "alternatives": ["13", "913", "13"]}, {"date": "2022-01-12-18-00-00", "alternatives": ["13", "913", "13"]}, {"date": "2022-01-12-23-00-00", "alternatives": ["1", "11", "1"]}, {"date": "2022-01-13-00-00-00", "alternatives": ["1", "1", "10"]}, {"date": "2022-01-12-20-00-00", "alternatives": ["1", "11", "1"]}, {"date": "2022-01-12-20-00-00", "alternatives": ["1", "11", "1"]}, {"date": "2022-01-13-00-00-00", "alternatives": ["69", "690", "69"]}]}, {"location": {"country_code": "se"}, "game_id": "273195", "values": [{"date": "2022-01-12-14-00-00", "alternatives": ["42", "42", "472"]}, {"date": "2022-01-12-23-00-00", "alternatives": ["19", "19", "218"]}, {"date": "2022-01-12-23-00-00", "alternatives": ["19", "19", "218"]}, {"date": "2022-01-12-23-00-00", "alternatives": ["19", "19", "218"]}, {"date": "2022-01-12-23-00-00", "alternatives": ["19", "19", "218"]}, {"date": "2022-01-12-23-00-00", "alternatives": ["19", "19", "218"]}, {"date": "2022-01-12-23-00-00", "alternatives": ["19", "19", "218"]}, {"date": "2022-01-12-23-00-00", "alternatives": ["19", "19", "218"]}, {"date": "2022-01-12-23-00-00", "alternatives": ["19", "19", "218"]}, {"date": "2022-01-12-23-00-00", "alternatives": ["19", "19", "218"]}, {"date": "2022-01-13-01-00-00", "alternatives": ["8", "1", "1"]}, {"date": "2022-01-13-00-00-00", "alternatives": [26, 20, 206, 26, 26]}, {"date": "2022-01-13-00-00-00", "alternatives": [26, 20, 206, 26, 26]}, {"date": "2022-01-13-00-00-00", "alternatives": [26, 20, 206, 26, 26]}, {"date": "2022-01-13-00-00-00", "alternatives": [26, 20, 206, 26, 26]}, {"date": "2022-01-12-20-00-00", "alternatives": ["3", "3", "13"]}, {"date": "2022-01-12-20-00-00", "alternatives": ["3", "3", "13"]}, {"date": "2022-01-12-20-00-00", "alternatives": ["3", "3", "13"]}, {"date": "2022-01-12-20-00-00", "alternatives": ["3", "3", "13"]}, {"date": "2022-01-12-20-00-00", "alternatives": ["3", "3", "13"]}, {"date": "2022-01-13-01-00-00", "alternatives": ["1", "15", "1"]}, {"date": "2022-01-13-01-00-00", "alternatives": ["1", "15", "1"]}, {"date": "2022-01-13-01-00-00", "alternatives": ["1", "15", "1"]}, {"date": "2022-01-13-01-00-00", "alternatives": ["1", "15", "1"]}, {"date": "2022-01-12-23-00-00", "alternatives": ["5", "13", "13"]}, {"date": "2022-01-12-23-00-00", "alternatives": ["5", "13", "13"]}]}, {"location": {"country_code": "se", "region": "Vasterbotten County", "city": "Umea"}, "game_id": "273195", "values": [{"date": "2022-01-12-19-00-00", "alternatives": ["37", "87", "37"]}, {"date": "2022-01-12-19-00-00", "alternatives": ["37", "87", "37"]}, {"date": "2022-01-12-19-00-00", "alternatives": ["37", "87", "37"]}]}, {"location": {"country_code": "se", "region": "Halland County"}, "game_id": "273195", "values": [{"date": "2022-01-12-21-00-00", "alternatives": ["32", "32", "34"]}]}, {"location": {"country_code": "no"}, "game_id": "273195", "values": [{"date": "2022-01-13-00-00-00", "alternatives": [26, 20, 2, 26, 26]}, {"date": "2022-01-13-00-00-00", "alternatives": [26, 20, 2, 26, 26]}, {"date": "2022-01-13-00-00-00", "alternatives": [26, 20, 2, 26, 26]}, {"date": "2022-01-13-00-00-00", "alternatives": [26, 20, 2, 26, 26]}, {"date": "2022-01-13-00-00-00", "alternatives": [26, 20, 2, 26, 26]}, {"date": "2022-01-12-09-00-00", "alternatives": ["47", "9", "47"]}, {"date": "2022-01-12-09-00-00", "alternatives": ["47", "9", "47"]}, {"date": "2022-01-12-09-00-00", "alternatives": ["47", "9", "47"]}, {"date": "2022-01-12-09-00-00", "alternatives": ["47", "9", "47"]}, {"date": "2022-01-12-09-00-00", "alternatives": ["47", "9", "47"]}, {"date": "2022-01-12-09-00-00", "alternatives": ["47", "9", "47"]}, {"date": "2022-01-12-09-00-00", "alternatives": ["47", "9", "47"]}, {"date": "2022-01-12-09-00-00", "alternatives": ["47", "9", "47"]}, {"date": "2022-01-12-09-00-00", "alternatives": ["47", "9", "47"]}, {"date": "2022-01-12-09-00-00", "alternatives": ["47", "9", "47"]}]}, {"location": {"country_code": "us", "region": "Kentucky"}, "game_id": "273195", "values": [{"date": "2022-01-12-20-00-00", "alternatives": ["7", "57", "7"]}, {"date": "2022-01-12-20-00-00", "alternatives": ["7", "57", "7"]}, {"date": "2022-01-12-20-00-00", "alternatives": ["7", "57", "7"]}, {"date": "2022-01-12-20-00-00", "alternatives": ["7", "57", "7"]}, {"date": "2022-01-12-20-00-00", "alternatives": ["7", "57", "7"]}, {"date": "2022-01-12-20-00-00", "alternatives": ["7", "57", "7"]}, {"date": "2022-01-12-20-00-00", "alternatives": ["7", "57", "7"]}, {"date": "2022-01-12-20-00-00", "alternatives": ["7", "57", "7"]}, {"date": "2022-01-12-20-00-00", "alternatives": ["7", "57", "7"]}, {"date": "2022-01-12-20-00-00", "alternatives": ["7", "57", "7"]}, {"date": "2022-01-12-20-00-00", "alternatives": ["7", "57", "7"]}, {"date": "2022-01-12-20-00-00", "alternatives": ["7", "57", "7"]}, {"date": "2022-01-12-20-00-00", "alternatives": ["7", "57", "7"]}, {"date": "2022-01-12-20-00-00", "alternatives": ["7", "57", "7"]}, {"date": "2022-01-12-20-00-00", "alternatives": ["7", "57", "7"]}, {"date": "2022-01-13-01-00-00", "alternatives": ["49", "6", "49"]}, {"date": "2022-01-13-01-00-00", "alternatives": ["49", "6", "49"]}, {"date": "2022-01-13-01-00-00", "alternatives": ["49", "6", "49"]}, {"date": "2022-01-13-01-00-00", "alternatives": ["49", "6", "49"]}]}, {"location": {"country_code": "ec"}, "game_id": "273195", "values": [{"date": "2022-01-12-23-00-00", "alternatives": ["11", "115", "11"]}]}, {"location": {"country_code": "au"}, "game_id": "273195", "values": [{"date": "2022-01-12-14-00-00", "alternatives": ["29", "20", "20"]}, {"date": "2022-01-12-14-00-00", "alternatives": ["29", "20", "20"]}, {"date": "2022-01-12-13-00-00", "alternatives": ["2", "27", "2"]}, {"date": "2022-01-12-13-00-00", "alternatives": ["2", "27", "2"]}, {"date": "2022-01-12-12-00-00", "alternatives": ["1", "1", "15"]}, {"date": "2022-01-12-12-00-00", "alternatives": ["1", "1", "15"]}, {"date": "2022-01-12-12-00-00", "alternatives": ["1", "1", "15"]}, {"date": "2022-01-12-16-00-00", "alternatives": ["170", "17", "17"]}, {"date": "2022-01-12-13-00-00", "alternatives": ["3", "3", "13"]}]}, {"location": {"country_code": "br", "region": "Goias", "city": "Catalao"}, "game_id": "273195", "values": [{"date": "2022-01-12-23-00-00", "alternatives": ["2", "2", "27"]}]}, {"location": {"country_code": "us", "region": "Texas", "city": "Austin"}, "game_id": "273195", "values": [{"date": "2022-01-12-07-00-00", "alternatives": ["39", "39", "30"]}, {"date": "2022-01-12-07-00-00", "alternatives": ["39", "39", "30"]}]}, {"location": {"country_code": "es", "region": "Madrid", "city": "Parla"}, "game_id": "273195", "values": [{"date": "2022-01-12-23-00-00", "alternatives": ["26", "26", "20"]}, {"date": "2022-01-12-21-00-00", "alternatives": ["33", "3", "3"]}, {"date": "2022-01-12-21-00-00", "alternatives": ["33", "3", "3"]}, {"date": "2022-01-12-21-00-00", "alternatives": ["33", "3", "3"]}, {"date": "2022-01-12-21-00-00", "alternatives": ["33", "3", "3"]}, {"date": "2022-01-12-21-00-00", "alternatives": ["33", "3", "3"]}, {"date": "2022-01-12-21-00-00", "alternatives": ["33", "3", "3"]}]}, {"location": {"country_code": "tr"}, "game_id": "273195", "values": [{"date": "2022-01-12-09-00-00", "alternatives": ["9", "59", "9"]}, {"date": "2022-01-12-09-00-00", "alternatives": ["9", "59", "9"]}, {"date": "2022-01-12-09-00-00", "alternatives": ["9", "59", "9"]}, {"date": "2022-01-12-09-00-00", "alternatives": ["9", "59", "9"]}, {"date": "2022-01-12-14-00-00", "alternatives": ["167", "147", "147"]}, {"date": "2022-01-12-14-00-00", "alternatives": ["167", "147", "147"]}, {"date": "2022-01-12-14-00-00", "alternatives": ["167", "147", "147"]}, {"date": "2022-01-12-14-00-00", "alternatives": ["167", "147", "147"]}, {"date": "2022-01-12-14-00-00", "alternatives": ["167", "147", "147"]}, {"date": "2022-01-12-14-00-00", "alternatives": ["167", "147", "147"]}, {"date": "2022-01-12-14-00-00", "alternatives": ["167", "147", "147"]}, {"date": "2022-01-12-14-00-00", "alternatives": ["167", "147", "147"]}, {"date": "2022-01-12-14-00-00", "alternatives": ["8", "68", "8"]}, {"date": "2022-01-12-14-00-00", "alternatives": ["8", "68", "8"]}, {"date": "2022-01-12-14-00-00", "alternatives": ["8", "68", "8"]}, {"date": "2022-01-12-14-00-00", "alternatives": ["8", "68", "8"]}, {"date": "2022-01-12-14-00-00", "alternatives": ["8", "68", "8"]}, {"date": "2022-01-12-14-00-00", "alternatives": ["8", "68", "8"]}]}, {"location": {"country_code": "ca", "region": "Ontario"}, "game_id": "273195", "values": [{"date": "2022-01-12-20-00-00", "alternatives": ["36", "3", "3"]}, {"date": "2022-01-12-20-00-00", "alternatives": ["36", "3", "3"]}, {"date": "2022-01-12-08-00-00", "alternatives": ["58", "58", "38"]}, {"date": "2022-01-13-01-00-00", "alternatives": ["53", "63", "53"]}, {"date": "2022-01-13-01-00-00", "alternatives": ["53", "63", "53"]}, {"date": "2022-01-13-01-00-00", "alternatives": ["53", "63", "53"]}, {"date": "2022-01-13-01-00-00", "alternatives": ["53", "63", "53"]}, {"date": "2022-01-13-01-00-00", "alternatives": ["53", "63", "53"]}, {"date": "2022-01-13-01-00-00", "alternatives": ["53", "63", "53"]}, {"date": "2022-01-13-01-00-00", "alternatives": ["53", "63", "53"]}, {"date": "2022-01-13-01-00-00", "alternatives": ["53", "63", "53"]}, {"date": "2022-01-13-01-00-00", "alternatives": ["53", "63", "53"]}, {"date": "2022-01-13-01-00-00", "alternatives": ["53", "63", "53"]}]}, {"location": {"country_code": "de", "region": "Saxony"}, "game_id": "273195", "values": [{"date": "2022-01-12-12-00-00", "alternatives": ["9", "6", "9"]}, {"date": "2022-01-12-12-00-00", "alternatives": ["9", "6", "9"]}, {"date": "2022-01-12-12-00-00", "alternatives": ["9", "6", "9"]}, {"date": "2022-01-12-12-00-00", "alternatives": ["9", "6", "9"]}, {"date": "2022-01-12-12-00-00", "alternatives": ["9", "6", "9"]}, {"date": "2022-01-12-12-00-00", "alternatives": ["9", "6", "9"]}]}, {"location": {"country_code": "us", "region": "California", "city": "San Francisco"}, "game_id": "273195", "values": [{"date": "2022-01-13-00-00-00", "alternatives": ["3", "63", "3"]}, {"date": "2022-01-13-00-00-00", "alternatives": ["3", "63", "3"]}, {"date": "2022-01-13-00-00-00", "alternatives": ["3", "63", "3"]}, {"date": "2022-01-12-23-00-00", "alternatives": ["2", "8", "8"]}, {"date": "2022-01-12-23-00-00", "alternatives": ["2", "8", "8"]}, {"date": "2022-01-12-23-00-00", "alternatives": ["2", "8", "8"]}, {"date": "2022-01-12-23-00-00", "alternatives": ["2", "8", "8"]}, {"date": "2022-01-12-23-00-00", "alternatives": ["2", "8", "8"]}, {"date": "2022-01-12-23-00-00", "alternatives": ["2", "8", "8"]}, {"date": "2022-01-12-23-00-00", "alternatives": ["2", "8", "8"]}]}, {"location": {"country_code": "es"}, "game_id": "273195", "values": [{"date": "2022-01-13-00-00-00", "alternatives": ["52", "62", "52"]}, {"date": "2022-01-12-18-00-00", "alternatives": ["39", "39", "30"]}, {"date": "2022-01-12-12-00-00", "alternatives": ["742", "42", "42"]}, {"date": "2022-01-12-12-00-00", "alternatives": ["742", "42", "42"]}, {"date": "2022-01-12-12-00-00", "alternatives": ["742", "42", "42"]}, {"date": "2022-01-12-12-00-00", "alternatives": ["742", "42", "42"]}, {"date": "2022-01-13-01-00-00", "alternatives": ["66", "66", "515"]}, {"date": "2022-01-13-01-00-00", "alternatives": ["66", "66", "515"]}]}, {"location": {"country_code": "es", "region": "Basque Country", "city": "Bilbao"}, "game_id": "273195", "values": [{"date": "2022-01-12-18-00-00", "alternatives": [3218, 3, 32, 32, 32]}, {"date": "2022-01-12-18-00-00", "alternatives": [3218, 3, 32, 32, 32]}, {"date": "2022-01-12-18-00-00", "alternatives": [3218, 3, 32, 32, 32]}]}, {"location": {"country_code": "es", "region": "Basque Country"}, "game_id": "273195", "values": [{"date": "2022-01-12-18-00-00", "alternatives": ["7", "4", "7"]}, {"date": "2022-01-12-18-00-00", "alternatives": ["7", "4", "7"]}, {"date": "2022-01-12-18-00-00", "alternatives": ["7", "4", "7"]}, {"date": "2022-01-12-18-00-00", "alternatives": ["7", "4", "7"]}, {"date": "2022-01-12-18-00-00", "alternatives": ["7", "4", "7"]}, {"date": "2022-01-12-18-00-00", "alternatives": ["7", "4", "7"]}, {"date": "2022-01-12-18-00-00", "alternatives": ["7", "4", "7"]}, {"date": "2022-01-12-18-00-00", "alternatives": ["7", "4", "7"]}]}, {"location": {"country_code": "ar"}, "game_id": "273195", "values": [{"date": "2022-01-12-21-00-00", "alternatives": [4, 43, 4, 4]}, {"date": "2022-01-12-21-00-00", "alternatives": [4, 43, 4, 4]}, {"date": "2022-01-12-17-00-00", "alternatives": ["7", "25", "25"]}]}, {"location": {"country_code": "us", "region": "Michigan", "city": "Detroit"}, "game_id": "273195", "values": [{"date": "2022-01-12-22-00-00", "alternatives": ["3315", "33", "33"]}, {"date": "2022-01-12-09-00-00", "alternatives": ["53111", "3", "3"]}, {"date": "2022-01-12-09-00-00", "alternatives": ["53111", "3", "3"]}, {"date": "2022-01-13-00-00-00", "alternatives": ["35", "35", "39"]}]}, {"location": {"country_code": "fi"}, "game_id": "273195", "values": [{"date": "2022-01-12-23-00-00", "alternatives": ["39", "39", "38"]}, {"date": "2022-01-12-23-00-00", "alternatives": ["39", "39", "38"]}, {"date": "2022-01-12-17-00-00", "alternatives": ["29", "29", "20"]}, {"date": "2022-01-12-17-00-00", "alternatives": ["29", "29", "20"]}, {"date": "2022-01-12-17-00-00", "alternatives": ["29", "29", "20"]}, {"date": "2022-01-12-17-00-00", "alternatives": ["29", "29", "20"]}, {"date": "2022-01-12-17-00-00", "alternatives": ["29", "29", "20"]}, {"date": "2022-01-12-17-00-00", "alternatives": ["29", "29", "20"]}, {"date": "2022-01-12-17-00-00", "alternatives": ["29", "29", "20"]}, {"date": "2022-01-13-00-00-00", "alternatives": ["39", "99", "39"]}, {"date": "2022-01-13-00-00-00", "alternatives": ["39", "99", "39"]}, {"date": "2022-01-13-00-00-00", "alternatives": ["39", "99", "39"]}, {"date": "2022-01-13-00-00-00", "alternatives": ["39", "99", "39"]}, {"date": "2022-01-13-00-00-00", "alternatives": ["39", "99", "39"]}, {"date": "2022-01-12-19-00-00", "alternatives": ["2", "12", "2"]}, {"date": "2022-01-12-19-00-00", "alternatives": ["2", "12", "2"]}]}, {"location": {"country_code": "fi", "region": "Uusimaa", "city": "Espoo"}, "game_id": "273195", "values": [{"date": "2022-01-13-00-00-00", "alternatives": ["2", "21", "2"]}, {"date": "2022-01-13-00-00-00", "alternatives": ["2", "21", "2"]}, {"date": "2022-01-13-00-00-00", "alternatives": ["2", "21", "2"]}, {"date": "2022-01-13-00-00-00", "alternatives": ["2", "21", "2"]}, {"date": "2022-01-13-00-00-00", "alternatives": ["2", "21", "2"]}]}, {"location": {"country_code": "fi", "region": "Uusimaa", "city": "Helsinki"}, "game_id": "273195", "values": [{"date": "2022-01-12-23-00-00", "alternatives": ["180", "18", "18"]}, {"date": "2022-01-12-23-00-00", "alternatives": ["180", "18", "18"]}, {"date": "2022-01-12-23-00-00", "alternatives": ["180", "18", "18"]}, {"date": "2022-01-12-23-00-00", "alternatives": ["180", "18", "18"]}, {"date": "2022-01-12-23-00-00", "alternatives": ["180", "18", "18"]}, {"date": "2022-01-12-23-00-00", "alternatives": ["180", "18", "18"]}, {"date": "2022-01-12-20-00-00", "alternatives": ["46", "4", "4"]}, {"date": "2022-01-12-20-00-00", "alternatives": ["46", "4", "4"]}, {"date": "2022-01-12-20-00-00", "alternatives": ["46", "4", "4"]}, {"date": "2022-01-12-20-00-00", "alternatives": ["46", "4", "4"]}, {"date": "2022-01-12-20-00-00", "alternatives": ["46", "4", "4"]}, {"date": "2022-01-12-20-00-00", "alternatives": ["46", "4", "4"]}]}, {"location": {"country_code": "us", "region": "Massachusetts"}, "game_id": "273195", "values": [{"date": "2022-01-12-18-00-00", "alternatives": ["9", "9", "50"]}, {"date": "2022-01-12-18-00-00", "alternatives": ["9", "9", "50"]}, {"date": "2022-01-12-18-00-00", "alternatives": ["9", "9", "50"]}, {"date": "2022-01-13-00-00-00", "alternatives": ["8", "58", "8"]}, {"date": "2022-01-13-00-00-00", "alternatives": ["8", "58", "8"]}, {"date": "2022-01-13-00-00-00", "alternatives": ["8", "58", "8"]}]}, {"location": {"country_code": "ru", "region": "Moscow", "city": "Zelenograd"}, "game_id": "273195", "values": [{"date": "2022-01-12-11-00-00", "alternatives": ["0", "2", "0"]}, {"date": "2022-01-12-11-00-00", "alternatives": ["0", "2", "0"]}, {"date": "2022-01-12-11-00-00", "alternatives": ["0", "2", "0"]}]}, {"location": {"country_code": "ar", "region": "Buenos Aires F.D.", "city": "Bahia Blanca"}, "game_id": "273195", "values": [{"date": "2022-01-13-00-00-00", "alternatives": ["39", "39", "30"]}]}, {"location": {"country_code": "tr", "region": "Ege Bolgesi", "city": "Izmir"}, "game_id": "273195", "values": [{"date": "2022-01-12-15-00-00", "alternatives": ["49", "49", "40"]}, {"date": "2022-01-12-15-00-00", "alternatives": ["49", "49", "40"]}]}, {"location": {"country_code": "us", "region": "Virginia"}, "game_id": "273195", "values": [{"date": "2022-01-12-11-00-00", "alternatives": ["53", "53", "93"]}, {"date": "2022-01-12-11-00-00", "alternatives": ["53", "53", "93"]}, {"date": "2022-01-12-11-00-00", "alternatives": ["53", "53", "93"]}, {"date": "2022-01-12-22-00-00", "alternatives": ["2", "2", "57"]}, {"date": "2022-01-12-22-00-00", "alternatives": ["2", "2", "57"]}, {"date": "2022-01-12-22-00-00", "alternatives": ["2", "2", "57"]}, {"date": "2022-01-12-22-00-00", "alternatives": ["2", "2", "57"]}, {"date": "2022-01-12-22-00-00", "alternatives": ["2", "2", "57"]}, {"date": "2022-01-12-23-00-00", "alternatives": ["49", "49", "40"]}, {"date": "2022-01-12-23-00-00", "alternatives": ["49", "49", "40"]}, {"date": "2022-01-12-23-00-00", "alternatives": ["49", "49", "40"]}, {"date": "2022-01-12-23-00-00", "alternatives": ["49", "49", "40"]}, {"date": "2022-01-12-23-00-00", "alternatives": ["49", "49", "40"]}, {"date": "2022-01-12-23-00-00", "alternatives": ["49", "49", "40"]}, {"date": "2022-01-12-23-00-00", "alternatives": ["49", "49", "40"]}, {"date": "2022-01-12-23-00-00", "alternatives": ["49", "49", "40"]}]}, {"location": {"country_code": "jp", "region": "Tokyo"}, "game_id": "273195", "values": [{"date": "2022-01-12-15-00-00", "alternatives": ["46", "4", "4"]}, {"date": "2022-01-12-15-00-00", "alternatives": ["46", "4", "4"]}, {"date": "2022-01-12-09-00-00", "alternatives": ["36", "36", "35"]}, {"date": "2022-01-12-09-00-00", "alternatives": ["36", "36", "35"]}, {"date": "2022-01-12-09-00-00", "alternatives": ["36", "36", "35"]}, {"date": "2022-01-12-15-00-00", "alternatives": ["35", "85", "35"]}, {"date": "2022-01-12-15-00-00", "alternatives": ["35", "85", "35"]}, {"date": "2022-01-12-14-00-00", "alternatives": ["3", "37", "3"]}, {"date": "2022-01-12-14-00-00", "alternatives": ["3", "37", "3"]}, {"date": "2022-01-12-14-00-00", "alternatives": ["3", "37", "3"]}, {"date": "2022-01-12-14-00-00", "alternatives": ["3", "37", "3"]}, {"date": "2022-01-12-14-00-00", "alternatives": ["3", "37", "3"]}, {"date": "2022-01-12-14-00-00", "alternatives": ["3", "37", "3"]}]}, {"location": {"country_code": "us", "region": "Alaska"}, "game_id": "273195", "values": [{"date": "2022-01-12-08-00-00", "alternatives": ["8", "8", "4"]}]}, {"location": {"country_code": "us", "region": "Alaska", "city": "Anchorage"}, "game_id": "273195", "values": [{"date": "2022-01-12-09-00-00", "alternatives": ["8", "8", "80"]}, {"date": "2022-01-12-09-00-00", "alternatives": ["8", "8", "80"]}, {"date": "2022-01-12-09-00-00", "alternatives": ["8", "8", "80"]}, {"date": "2022-01-12-09-00-00", "alternatives": ["8", "8", "80"]}, {"date": "2022-01-12-09-00-00", "alternatives": ["8", "8", "80"]}, {"date": "2022-01-12-09-00-00", "alternatives": ["8", "8", "80"]}]}, {"location": {"country_code": "us", "region": "Michigan"}, "game_id": "273195", "values": [{"date": "2022-01-12-19-00-00", "alternatives": ["47", "471", "47"]}, {"date": "2022-01-12-19-00-00", "alternatives": ["47", "471", "47"]}, {"date": "2022-01-12-19-00-00", "alternatives": ["47", "471", "47"]}]}, {"location": {"country_code": "us", "region": "Illinois", "city": "Chicago"}, "game_id": "273195", "values": [{"date": "2022-01-12-23-00-00", "alternatives": ["7", "42", "42"]}, {"date": "2022-01-12-23-00-00", "alternatives": ["7", "42", "42"]}, {"date": "2022-01-12-23-00-00", "alternatives": ["7", "42", "42"]}, {"date": "2022-01-12-23-00-00", "alternatives": ["7", "42", "42"]}, {"date": "2022-01-13-00-00-00", "alternatives": ["2811", "28", "28"]}, {"date": "2022-01-13-00-00-00", "alternatives": ["2811", "28", "28"]}, {"date": "2022-01-13-00-00-00", "alternatives": ["2811", "28", "28"]}]}, {"location": {"country_code": "hu"}, "game_id": "273195", "values": [{"date": "2022-01-12-19-00-00", "alternatives": ["9", "22", "22"]}, {"date": "2022-01-12-19-00-00", "alternatives": ["9", "22", "22"]}, {"date": "2022-01-12-19-00-00", "alternatives": ["9", "22", "22"]}, {"date": "2022-01-12-19-00-00", "alternatives": ["9", "22", "22"]}, {"date": "2022-01-12-17-00-00", "alternatives": ["3", "35", "3"]}, {"date": "2022-01-12-17-00-00", "alternatives": ["3", "35", "3"]}]}, {"location": {"country_code": "de", "region": "Bavaria"}, "game_id": "273195", "values": [{"date": "2022-01-12-22-00-00", "alternatives": ["25", "25", "29"]}, {"date": "2022-01-12-22-00-00", "alternatives": ["25", "25", "29"]}]}, {"location": {"country_code": "at"}, "game_id": "273195", "values": [{"date": "2022-01-12-19-00-00", "alternatives": ["25", "25", "29"]}, {"date": "2022-01-12-19-00-00", "alternatives": ["25", "25", "29"]}, {"date": "2022-01-12-19-00-00", "alternatives": ["25", "25", "29"]}, {"date": "2022-01-12-19-00-00", "alternatives": ["25", "25", "29"]}, {"date": "2022-01-13-00-00-00", "alternatives": ["2", "21", "2"]}, {"date": "2022-01-13-00-00-00", "alternatives": ["2", "21", "2"]}, {"date": "2022-01-13-00-00-00", "alternatives": ["2", "21", "2"]}, {"date": "2022-01-13-00-00-00", "alternatives": ["2", "21", "2"]}, {"date": "2022-01-13-00-00-00", "alternatives": ["2", "21", "2"]}, {"date": "2022-01-13-00-00-00", "alternatives": ["2", "21", "2"]}]}, {"location": {"country_code": "us", "region": "Arizona"}, "game_id": "273195", "values": [{"date": "2022-01-12-12-00-00", "alternatives": ["53", "53", "93"]}, {"date": "2022-01-12-12-00-00", "alternatives": ["53", "53", "93"]}, {"date": "2022-01-12-12-00-00", "alternatives": ["53", "53", "93"]}, {"date": "2022-01-12-12-00-00", "alternatives": ["53", "53", "93"]}, {"date": "2022-01-12-12-00-00", "alternatives": ["53", "53", "93"]}, {"date": "2022-01-12-12-00-00", "alternatives": ["53", "53", "93"]}, {"date": "2022-01-12-12-00-00", "alternatives": ["53", "53", "93"]}, {"date": "2022-01-12-18-00-00", "alternatives": ["6", "56", "6"]}, {"date": "2022-01-12-18-00-00", "alternatives": ["6", "56", "6"]}, {"date": "2022-01-12-18-00-00", "alternatives": ["6", "56", "6"]}, {"date": "2022-01-12-22-00-00", "alternatives": ["7", "57", "7"]}, {"date": "2022-01-12-22-00-00", "alternatives": ["7", "57", "7"]}, {"date": "2022-01-12-22-00-00", "alternatives": ["7", "57", "7"]}, {"date": "2022-01-12-22-00-00", "alternatives": ["7", "57", "7"]}, {"date": "2022-01-12-22-00-00", "alternatives": ["7", "57", "7"]}, {"date": "2022-01-12-22-00-00", "alternatives": ["7", "57", "7"]}, {"date": "2022-01-12-22-00-00", "alternatives": ["7", "57", "7"]}]}, {"location": {"country_code": "us", "region": "California", "city": "Chula Vista"}, "game_id": "273195", "values": [{"date": "2022-01-12-23-00-00", "alternatives": ["53", "53", "33"]}, {"date": "2022-01-12-23-00-00", "alternatives": ["53", "53", "33"]}]}, {"location": {"country_code": "es", "region": "Catalonia", "city": "l'Hospitalet de Llobregat"}, "game_id": "273195", "values": [{"date": "2022-01-12-22-00-00", "alternatives": ["3", "37", "3"]}]}, {"location": {"country_code": "pl"}, "game_id": "273195", "values": [{"date": "2022-01-13-00-00-00", "alternatives": ["21", "2", "2"]}, {"date": "2022-01-12-18-00-00", "alternatives": ["2", "2", "72"]}, {"date": "2022-01-12-20-00-00", "alternatives": ["2", "2", "21"]}]}, {"location": {"country_code": "pl", "region": "Masovian Voivodeship", "city": "Warsaw"}, "game_id": "273195", "values": [{"date": "2022-01-12-20-00-00", "alternatives": [1, 921, 21, 21, 21]}, {"date": "2022-01-12-20-00-00", "alternatives": [1, 921, 21, 21, 21]}, {"date": "2022-01-12-20-00-00", "alternatives": [1, 921, 21, 21, 21]}, {"date": "2022-01-12-20-00-00", "alternatives": [1, 921, 21, 21, 21]}]}, {"location": {"country_code": "be"}, "game_id": "273195", "values": [{"date": "2022-01-12-18-00-00", "alternatives": ["26", "26", "20"]}, {"date": "2022-01-12-18-00-00", "alternatives": ["26", "26", "20"]}, {"date": "2022-01-12-18-00-00", "alternatives": ["26", "26", "20"]}]}, {"location": {"country_code": "us", "region": "Nevada", "city": "Las Vegas"}, "game_id": "273195", "values": [{"date": "2022-01-12-08-00-00", "alternatives": ["6", "89", "6"]}, {"date": "2022-01-12-08-00-00", "alternatives": ["6", "89", "6"]}, {"date": "2022-01-12-08-00-00", "alternatives": ["6", "89", "6"]}, {"date": "2022-01-12-08-00-00", "alternatives": ["6", "89", "6"]}, {"date": "2022-01-12-08-00-00", "alternatives": ["6", "89", "6"]}, {"date": "2022-01-12-08-00-00", "alternatives": ["6", "89", "6"]}, {"date": "2022-01-12-08-00-00", "alternatives": ["6", "89", "6"]}, {"date": "2022-01-12-11-00-00", "alternatives": ["71", "7", "7"]}, {"date": "2022-01-12-11-00-00", "alternatives": ["71", "7", "7"]}, {"date": "2022-01-12-23-00-00", "alternatives": ["3", "3", "2"]}, {"date": "2022-01-12-23-00-00", "alternatives": ["3", "3", "2"]}]}, {"location": {"country_code": "cr"}, "game_id": "273195", "values": [{"date": "2022-01-12-08-00-00", "alternatives": ["85", "85", "35"]}, {"date": "2022-01-12-08-00-00", "alternatives": ["85", "85", "35"]}, {"date": "2022-01-12-08-00-00", "alternatives": ["85", "85", "35"]}, {"date": "2022-01-13-00-00-00", "alternatives": ["5", "5", "114"]}, {"date": "2022-01-13-00-00-00", "alternatives": ["5", "5", "114"]}]}, {"location": {"country_code": "gb", "region": "England", "city": "London"}, "game_id": "273195", "values": [{"date": "2022-01-12-17-00-00", "alternatives": ["16", "15135", "16"]}, {"date": "2022-01-12-17-00-00", "alternatives": ["16", "15135", "16"]}, {"date": "2022-01-12-17-00-00", "alternatives": ["16", "15135", "16"]}, {"date": "2022-01-12-17-00-00", "alternatives": ["16", "15135", "16"]}, {"date": "2022-01-12-18-00-00", "alternatives": ["1180", "118", "118"]}, {"date": "2022-01-12-18-00-00", "alternatives": ["1180", "118", "118"]}]}, {"location": {"country_code": "us", "region": "Georgia"}, "game_id": "273195", "values": [{"date": "2022-01-12-11-00-00", "alternatives": ["6", "30", "30"]}]}, {"location": {"country_code": "ua"}, "game_id": "273195", "values": [{"date": "2022-01-12-18-00-00", "alternatives": ["54", "5401", "54"]}, {"date": "2022-01-13-00-00-00", "alternatives": ["36", "3", "3"]}, {"date": "2022-01-13-00-00-00", "alternatives": ["36", "3", "3"]}, {"date": "2022-01-13-00-00-00", "alternatives": ["36", "3", "3"]}, {"date": "2022-01-13-00-00-00", "alternatives": ["36", "3", "3"]}, {"date": "2022-01-12-21-00-00", "alternatives": ["384", "38", "38"]}]}, {"location": {"country_code": "br", "region": "Minas Gerais"}, "game_id": "273195", "values": [{"date": "2022-01-12-18-00-00", "alternatives": ["18", "68", "18"]}, {"date": "2022-01-12-18-00-00", "alternatives": ["18", "68", "18"]}, {"date": "2022-01-12-18-00-00", "alternatives": ["18", "68", "18"]}, {"date": "2022-01-12-18-00-00", "alternatives": ["18", "68", "18"]}, {"date": "2022-01-12-18-00-00", "alternatives": ["18", "68", "18"]}, {"date": "2022-01-12-18-00-00", "alternatives": ["18", "68", "18"]}, {"date": "2022-01-12-18-00-00", "alternatives": ["18", "68", "18"]}, {"date": "2022-01-12-18-00-00", "alternatives": ["18", "68", "18"]}, {"date": "2022-01-12-18-00-00", "alternatives": ["18", "68", "18"]}, {"date": "2022-01-12-18-00-00", "alternatives": ["18", "68", "18"]}, {"date": "2022-01-12-18-00-00", "alternatives": ["18", "68", "18"]}, {"date": "2022-01-12-18-00-00", "alternatives": ["18", "68", "18"]}, {"date": "2022-01-12-18-00-00", "alternatives": ["18", "68", "18"]}]}, {"location": {"country_code": "fr", "region": "Occitanie", "city": "Toulouse"}, "game_id": "273195", "values": [{"date": "2022-01-12-21-00-00", "alternatives": ["22", "2209", "22"]}, {"date": "2022-01-12-21-00-00", "alternatives": ["22", "2209", "22"]}]}, {"location": {"country_code": "tr", "region": "Marmara Bolgesi", "city": "Istanbul"}, "game_id": "273195", "values": [{"date": "2022-01-12-20-00-00", "alternatives": ["8", "58", "8"]}, {"date": "2022-01-12-20-00-00", "alternatives": ["8", "58", "8"]}, {"date": "2022-01-12-19-00-00", "alternatives": [3805, 38, 3, 38, 38]}]}, {"location": {"country_code": "ru", "region": "Ivanovo Oblast", "city": "Ivanovo"}, "game_id": "273195", "values": [{"date": "2022-01-12-15-00-00", "alternatives": ["3", "33", "3"]}, {"date": "2022-01-12-15-00-00", "alternatives": ["3", "33", "3"]}]}, {"location": {"country_code": "ca", "region": "Ontario", "city": "Toronto"}, "game_id": "273195", "values": [{"date": "2022-01-12-20-00-00", "alternatives": ["481", "48", "48"]}, {"date": "2022-01-12-20-00-00", "alternatives": ["481", "48", "48"]}]}, {"location": {"country_code": "ru"}, "game_id": "273195", "values": [{"date": "2022-01-12-21-00-00", "alternatives": ["1", "1", "10"]}, {"date": "2022-01-12-17-00-00", "alternatives": ["22", "22", "722"]}, {"date": "2022-01-12-18-00-00", "alternatives": ["1", "15", "1"]}, {"date": "2022-01-12-18-00-00", "alternatives": ["1", "15", "1"]}, {"date": "2022-01-12-16-00-00", "alternatives": ["76", "8", "76"]}, {"date": "2022-01-12-16-00-00", "alternatives": ["76", "8", "76"]}]}, {"location": {"country_code": "my"}, "game_id": "273195", "values": [{"date": "2022-01-12-18-00-00", "alternatives": ["1", "1", "15"]}, {"date": "2022-01-12-18-00-00", "alternatives": ["1", "1", "15"]}, {"date": "2022-01-12-15-00-00", "alternatives": ["42", "42", "47"]}]}, {"location": {"country_code": "my", "region": "Kuala Lumpur"}, "game_id": "273195", "values": [{"date": "2022-01-12-18-00-00", "alternatives": ["51", "51", "9"]}]}, {"location": {"country_code": "se", "region": "Stockholm County", "city": "Stockholm"}, "game_id": "273195", "values": [{"date": "2022-01-12-23-00-00", "alternatives": ["37", "9", "37"]}, {"date": "2022-01-12-23-00-00", "alternatives": ["37", "9", "37"]}, {"date": "2022-01-12-23-00-00", "alternatives": ["37", "9", "37"]}, {"date": "2022-01-12-23-00-00", "alternatives": ["37", "9", "37"]}, {"date": "2022-01-12-23-00-00", "alternatives": ["37", "9", "37"]}]}, {"location": {"country_code": "us", "region": "Oklahoma", "city": "Tulsa"}, "game_id": "273195", "values": [{"date": "2022-01-12-09-00-00", "alternatives": ["28018", "28", "28"]}, {"date": "2022-01-12-09-00-00", "alternatives": ["28018", "28", "28"]}, {"date": "2022-01-12-09-00-00", "alternatives": ["28018", "28", "28"]}, {"date": "2022-01-12-09-00-00", "alternatives": ["28018", "28", "28"]}, {"date": "2022-01-12-09-00-00", "alternatives": ["28018", "28", "28"]}, {"date": "2022-01-12-09-00-00", "alternatives": ["28018", "28", "28"]}, {"date": "2022-01-12-09-00-00", "alternatives": ["28018", "28", "28"]}]}, {"location": {"country_code": "cl", "region": "Santiago Metropolitan", "city": "Santiago"}, "game_id": "273195", "values": [{"date": "2022-01-13-00-00-00", "alternatives": ["535", "3", "3"]}]}, {"location": {"country_code": "sk"}, "game_id": "273195", "values": [{"date": "2022-01-12-23-00-00", "alternatives": ["12", "2", "2"]}, {"date": "2022-01-12-23-00-00", "alternatives": ["12", "2", "2"]}, {"date": "2022-01-12-23-00-00", "alternatives": ["12", "2", "2"]}, {"date": "2022-01-12-23-00-00", "alternatives": ["12", "2", "2"]}, {"date": "2022-01-12-14-00-00", "alternatives": [35, 85, 3, 35, 35]}, {"date": "2022-01-12-14-00-00", "alternatives": [35, 85, 3, 35, 35]}, {"date": "2022-01-12-14-00-00", "alternatives": [35, 85, 3, 35, 35]}, {"date": "2022-01-12-14-00-00", "alternatives": [35, 85, 3, 35, 35]}, {"date": "2022-01-12-14-00-00", "alternatives": [35, 85, 3, 35, 35]}, {"date": "2022-01-12-14-00-00", "alternatives": [35, 85, 3, 35, 35]}, {"date": "2022-01-12-14-00-00", "alternatives": [35, 85, 3, 35, 35]}, {"date": "2022-01-12-14-00-00", "alternatives": [35, 85, 3, 35, 35]}]}, {"location": {"country_code": "br", "region": "Rio Grande do Sul", "city": "Porto Alegre"}, "game_id": "273195", "values": [{"date": "2022-01-13-00-00-00", "alternatives": ["9", "21", "21"]}]}, {"location": {"country_code": "pt"}, "game_id": "273195", "values": [{"date": "2022-01-13-00-00-00", "alternatives": ["39", "39", "30"]}, {"date": "2022-01-12-20-00-00", "alternatives": ["45", "9", "45"]}, {"date": "2022-01-12-20-00-00", "alternatives": ["45", "9", "45"]}]}, {"location": {"country_code": "tr", "region": "Marmara Bolgesi", "city": "Bursa"}, "game_id": "273195", "values": [{"date": "2022-01-12-15-00-00", "alternatives": ["2", "8", "8"]}, {"date": "2022-01-12-15-00-00", "alternatives": ["2", "8", "8"]}, {"date": "2022-01-12-15-00-00", "alternatives": ["2", "8", "8"]}, {"date": "2022-01-12-15-00-00", "alternatives": ["2", "8", "8"]}, {"date": "2022-01-12-15-00-00", "alternatives": ["2", "8", "8"]}]}, {"location": {"country_code": "br", "region": "State of Rio de Janeiro", "city": "Angra dos Reis"}, "game_id": "273195", "values": [{"date": "2022-01-13-00-00-00", "alternatives": ["8", "8", "38"]}, {"date": "2022-01-13-00-00-00", "alternatives": ["8", "8", "38"]}, {"date": "2022-01-13-00-00-00", "alternatives": ["6", "16", "6"]}, {"date": "2022-01-13-00-00-00", "alternatives": ["6", "16", "6"]}, {"date": "2022-01-13-00-00-00", "alternatives": ["6", "16", "6"]}, {"date": "2022-01-13-01-00-00", "alternatives": ["62", "6", "6"]}, {"date": "2022-01-13-01-00-00", "alternatives": ["62", "6", "6"]}, {"date": "2022-01-13-01-00-00", "alternatives": ["62", "6", "6"]}, {"date": "2022-01-13-01-00-00", "alternatives": ["62", "6", "6"]}, {"date": "2022-01-13-01-00-00", "alternatives": ["62", "6", "6"]}, {"date": "2022-01-13-01-00-00", "alternatives": ["62", "6", "6"]}]}, {"location": {"country_code": "es", "region": "Galicia"}, "game_id": "273195", "values": [{"date": "2022-01-12-19-00-00", "alternatives": ["49", "49", "48"]}]}, {"location": {"country_code": "es", "region": "Andalusia", "city": "Seville"}, "game_id": "273195", "values": [{"date": "2022-01-12-23-00-00", "alternatives": ["38", "38", "33"]}, {"date": "2022-01-12-17-00-00", "alternatives": ["365", "36", "36"]}, {"date": "2022-01-12-20-00-00", "alternatives": ["3", "37", "3"]}]}, {"location": {"country_code": "us", "region": "Minnesota"}, "game_id": "273195", "values": [{"date": "2022-01-12-08-00-00", "alternatives": ["1", "15", "1"]}, {"date": "2022-01-12-08-00-00", "alternatives": ["1", "15", "1"]}, {"date": "2022-01-12-08-00-00", "alternatives": ["1", "15", "1"]}, {"date": "2022-01-12-21-00-00", "alternatives": ["5", "58013", "5"]}, {"date": "2022-01-12-21-00-00", "alternatives": ["5", "58013", "5"]}]}, {"location": {"country_code": "fr", "region": "Ile-de-France Region"}, "game_id": "273195", "values": [{"date": "2022-01-13-01-00-00", "alternatives": ["12", "1205", "12"]}, {"date": "2022-01-12-17-00-00", "alternatives": ["1", "0", "1"]}, {"date": "2022-01-12-17-00-00", "alternatives": ["1", "0", "1"]}]}, {"location": {"country_code": "us", "region": "Nebraska"}, "game_id": "273195", "values": [{"date": "2022-01-13-00-00-00", "alternatives": [81, 8, 8, 80, 8]}]}, {"location": {"country_code": "us", "region": "Florida", "city": "Miami"}, "game_id": "273195", "values": [{"date": "2022-01-12-04-00-00", "alternatives": ["52", "5203", "52"]}, {"date": "2022-01-12-04-00-00", "alternatives": ["52", "5203", "52"]}]}, {"location": {"country_code": "fr", "region": "Ile-de-France Region", "city": "Paris"}, "game_id": "273195", "values": [{"date": "2022-01-12-19-00-00", "alternatives": ["16", "1", "1"]}, {"date": "2022-01-12-19-00-00", "alternatives": ["16", "1", "1"]}, {"date": "2022-01-12-19-00-00", "alternatives": ["16", "1", "1"]}, {"date": "2022-01-12-19-00-00", "alternatives": ["16", "1", "1"]}, {"date": "2022-01-12-19-00-00", "alternatives": ["16", "1", "1"]}, {"date": "2022-01-12-19-00-00", "alternatives": ["16", "1", "1"]}, {"date": "2022-01-12-19-00-00", "alternatives": ["16", "1", "1"]}]}, {"location": {"country_code": "fr", "region": "Aquitania-Limosino-Poitou-Charentes", "city": "Bordeaux"}, "game_id": "273195", "values": [{"date": "2022-01-12-19-00-00", "alternatives": ["1", "15", "1"]}, {"date": "2022-01-12-19-00-00", "alternatives": ["1", "15", "1"]}, {"date": "2022-01-12-19-00-00", "alternatives": ["1", "15", "1"]}, {"date": "2022-01-12-19-00-00", "alternatives": ["1", "15", "1"]}, {"date": "2022-01-12-19-00-00", "alternatives": ["1", "15", "1"]}, {"date": "2022-01-12-19-00-00", "alternatives": ["1", "15", "1"]}, {"date": "2022-01-12-19-00-00", "alternatives": ["1", "15", "1"]}, {"date": "2022-01-12-19-00-00", "alternatives": ["1", "15", "1"]}]}, {"location": {"country_code": "br", "region": "Rio Grande do Sul"}, "game_id": "273195", "values": [{"date": "2022-01-12-21-00-00", "alternatives": ["9", "27", "27"]}, {"date": "2022-01-12-21-00-00", "alternatives": ["9", "27", "27"]}, {"date": "2022-01-12-21-00-00", "alternatives": ["9", "27", "27"]}, {"date": "2022-01-12-21-00-00", "alternatives": ["9", "27", "27"]}, {"date": "2022-01-12-21-00-00", "alternatives": ["9", "27", "27"]}, {"date": "2022-01-12-21-00-00", "alternatives": ["9", "27", "27"]}, {"date": "2022-01-12-21-00-00", "alternatives": ["9", "27", "27"]}, {"date": "2022-01-12-21-00-00", "alternatives": ["9", "27", "27"]}, {"date": "2022-01-12-21-00-00", "alternatives": ["9", "27", "27"]}, {"date": "2022-01-12-21-00-00", "alternatives": ["9", "27", "27"]}, {"date": "2022-01-12-21-00-00", "alternatives": ["9", "27", "27"]}, {"date": "2022-01-12-21-00-00", "alternatives": ["9", "27", "27"]}, {"date": "2022-01-12-21-00-00", "alternatives": ["9", "27", "27"]}, {"date": "2022-01-12-21-00-00", "alternatives": ["9", "27", "27"]}, {"date": "2022-01-12-21-00-00", "alternatives": ["9", "27", "27"]}, {"date": "2022-01-12-21-00-00", "alternatives": ["9", "27", "27"]}, {"date": "2022-01-12-21-00-00", "alternatives": ["9", "27", "27"]}, {"date": "2022-01-12-21-00-00", "alternatives": ["9", "27", "27"]}, {"date": "2022-01-12-21-00-00", "alternatives": ["9", "27", "27"]}, {"date": "2022-01-12-21-00-00", "alternatives": ["9", "27", "27"]}, {"date": "2022-01-12-16-00-00", "alternatives": ["9", "23", "23"]}, {"date": "2022-01-12-16-00-00", "alternatives": ["9", "23", "23"]}]}, {"location": {"country_code": "us", "region": "Massachusetts", "city": "Boston"}, "game_id": "273195", "values": [{"date": "2022-01-12-23-00-00", "alternatives": ["54", "54", "94"]}, {"date": "2022-01-12-23-00-00", "alternatives": ["54", "54", "94"]}, {"date": "2022-01-12-23-00-00", "alternatives": ["54", "54", "94"]}, {"date": "2022-01-12-23-00-00", "alternatives": ["54", "54", "94"]}, {"date": "2022-01-12-23-00-00", "alternatives": ["54", "54", "94"]}, {"date": "2022-01-12-23-00-00", "alternatives": ["54", "54", "94"]}, {"date": "2022-01-12-23-00-00", "alternatives": ["54", "54", "94"]}, {"date": "2022-01-12-23-00-00", "alternatives": ["54", "54", "94"]}]}, {"location": {"country_code": "kw"}, "game_id": "273195", "values": [{"date": "2022-01-12-17-00-00", "alternatives": ["126", "126", "125"]}, {"date": "2022-01-12-17-00-00", "alternatives": ["126", "126", "125"]}]}, {"location": {"country_code": "hr", "region": "Zagreb"}, "game_id": "273195", "values": [{"date": "2022-01-12-20-00-00", "alternatives": ["35", "35", "39"]}, {"date": "2022-01-12-20-00-00", "alternatives": ["35", "35", "39"]}, {"date": "2022-01-12-20-00-00", "alternatives": ["35", "35", "39"]}, {"date": "2022-01-12-20-00-00", "alternatives": ["35", "35", "39"]}]}, {"location": {"country_code": "ar", "region": "Santa Fe Province", "city": "Rosario"}, "game_id": "273195", "values": [{"date": "2022-01-12-19-00-00", "alternatives": [68, 6, 68, 68]}]}, {"location": {"country_code": "ec", "region": "Guayas", "city": "Guayaquil"}, "game_id": "273195", "values": [{"date": "2022-01-12-19-00-00", "alternatives": ["7805", "78", "78"]}, {"date": "2022-01-12-19-00-00", "alternatives": ["7805", "78", "78"]}, {"date": "2022-01-12-23-00-00", "alternatives": ["8", "99", "99"]}]}, {"location": {"country_code": "us", "region": "Texas", "city": "Irving"}, "game_id": "273195", "values": [{"date": "2022-01-12-20-00-00", "alternatives": ["1", "5", "5"]}, {"date": "2022-01-12-20-00-00", "alternatives": ["1", "5", "5"]}, {"date": "2022-01-12-20-00-00", "alternatives": ["1", "5", "5"]}, {"date": "2022-01-12-20-00-00", "alternatives": ["1", "5", "5"]}]}, {"location": {"country_code": "us", "region": "New York", "city": "Albany"}, "game_id": "273195", "values": [{"date": "2022-01-12-18-00-00", "alternatives": ["6", "65705", "6"]}, {"date": "2022-01-12-18-00-00", "alternatives": ["6", "65705", "6"]}, {"date": "2022-01-12-18-00-00", "alternatives": ["6", "65705", "6"]}]}, {"location": {"country_code": "br", "region": "Ceara", "city": "Itapipoca"}, "game_id": "273195", "values": [{"date": "2022-01-12-20-00-00", "alternatives": ["1", "1", "14"]}, {"date": "2022-01-12-20-00-00", "alternatives": ["1", "1", "14"]}, {"date": "2022-01-12-20-00-00", "alternatives": ["1", "1", "14"]}, {"date": "2022-01-12-20-00-00", "alternatives": ["1", "1", "14"]}]}, {"location": {"country_code": "lt"}, "game_id": "273195", "values": [{"date": "2022-01-12-22-00-00", "alternatives": ["2", "27", "2"]}]}, {"location": {"country_code": "ca", "region": "Quebec"}, "game_id": "273195", "values": [{"date": "2022-01-12-23-00-00", "alternatives": ["35", "35", "39"]}, {"date": "2022-01-12-23-00-00", "alternatives": ["35", "35", "39"]}]}, {"location": {"country_code": "de", "region": "Lower Saxony"}, "game_id": "273195", "values": [{"date": "2022-01-12-18-00-00", "alternatives": [7, 1, 1, 1]}, {"date": "2022-01-12-20-00-00", "alternatives": ["1", "15", "1"]}, {"date": "2022-01-12-20-00-00", "alternatives": ["1", "15", "1"]}]}, {"location": {"country_code": "be", "region": "Liege Province", "city": "Liege"}, "game_id": "273195", "values": [{"date": "2022-01-12-06-00-00", "alternatives": ["2281", "2281", "223"]}, {"date": "2022-01-12-06-00-00", "alternatives": ["2281", "2281", "223"]}, {"date": "2022-01-12-06-00-00", "alternatives": ["2281", "2281", "223"]}, {"date": "2022-01-12-06-00-00", "alternatives": ["2281", "2281", "223"]}, {"date": "2022-01-12-06-00-00", "alternatives": ["2281", "2281", "223"]}, {"date": "2022-01-12-06-00-00", "alternatives": ["2281", "2281", "223"]}, {"date": "2022-01-12-06-00-00", "alternatives": ["2281", "2281", "223"]}, {"date": "2022-01-12-06-00-00", "alternatives": ["2281", "2281", "223"]}, {"date": "2022-01-12-06-00-00", "alternatives": ["2281", "2281", "223"]}]}, {"location": {"country_code": "ch", "region": "Canton of Zurich", "city": "Zurich"}, "game_id": "273195", "values": [{"date": "2022-01-12-21-00-00", "alternatives": ["26", "7", "26"]}, {"date": "2022-01-12-21-00-00", "alternatives": ["26", "7", "26"]}, {"date": "2022-01-12-21-00-00", "alternatives": ["26", "7", "26"]}, {"date": "2022-01-12-21-00-00", "alternatives": ["26", "7", "26"]}, {"date": "2022-01-12-21-00-00", "alternatives": ["26", "7", "26"]}]}, {"location": {"country_code": "us", "region": "Tennessee", "city": "Nashville"}, "game_id": "273195", "values": [{"date": "2022-01-12-23-00-00", "alternatives": ["370", "37", "37"]}, {"date": "2022-01-12-23-00-00", "alternatives": ["370", "37", "37"]}, {"date": "2022-01-12-23-00-00", "alternatives": ["370", "37", "37"]}, {"date": "2022-01-12-23-00-00", "alternatives": ["370", "37", "37"]}, {"date": "2022-01-13-00-00-00", "alternatives": ["4", "4", "45"]}, {"date": "2022-01-13-00-00-00", "alternatives": ["4", "4", "45"]}]}, {"location": {"country_code": "us", "region": "Rhode Island"}, "game_id": "273195", "values": [{"date": "2022-01-12-18-00-00", "alternatives": ["85", "8", "8"]}, {"date": "2022-01-12-18-00-00", "alternatives": ["85", "8", "8"]}, {"date": "2022-01-12-18-00-00", "alternatives": ["85", "8", "8"]}, {"date": "2022-01-12-18-00-00", "alternatives": ["85", "8", "8"]}]}, {"location": {"country_code": "us", "region": "Florida", "city": "Tampa"}, "game_id": "273195", "values": [{"date": "2022-01-12-18-00-00", "alternatives": ["6", "56", "6"]}, {"date": "2022-01-12-18-00-00", "alternatives": ["6", "56", "6"]}, {"date": "2022-01-12-18-00-00", "alternatives": ["6", "56", "6"]}, {"date": "2022-01-12-18-00-00", "alternatives": ["6", "56", "6"]}, {"date": "2022-01-12-18-00-00", "alternatives": ["6", "56", "6"]}, {"date": "2022-01-12-18-00-00", "alternatives": ["6", "56", "6"]}, {"date": "2022-01-12-18-00-00", "alternatives": ["6", "56", "6"]}]}, {"location": {"country_code": "za", "region": "Western Cape", "city": "Cape Town"}, "game_id": "273195", "values": [{"date": "2022-01-12-16-00-00", "alternatives": ["1531", "153", "153"]}, {"date": "2022-01-12-16-00-00", "alternatives": ["1531", "153", "153"]}, {"date": "2022-01-12-17-00-00", "alternatives": ["18", "181113", "18"]}, {"date": "2022-01-12-23-00-00", "alternatives": ["15", "15", "155"]}, {"date": "2022-01-12-23-00-00", "alternatives": ["15", "15", "155"]}, {"date": "2022-01-12-23-00-00", "alternatives": ["15", "15", "155"]}, {"date": "2022-01-12-23-00-00", "alternatives": ["15", "15", "155"]}, {"date": "2022-01-12-23-00-00", "alternatives": ["15", "15", "155"]}, {"date": "2022-01-12-23-00-00", "alternatives": ["15", "15", "155"]}, {"date": "2022-01-12-23-00-00", "alternatives": ["15", "15", "155"]}, {"date": "2022-01-12-23-00-00", "alternatives": ["15", "15", "155"]}, {"date": "2022-01-12-23-00-00", "alternatives": ["15", "15", "155"]}]}, {"location": {"country_code": "es", "region": "Valencia"}, "game_id": "273195", "values": [{"date": "2022-01-12-21-00-00", "alternatives": ["4", "4", "40"]}]}, {"location": {"country_code": "bg"}, "game_id": "273195", "values": [{"date": "2022-01-12-23-00-00", "alternatives": ["37", "937", "37"]}, {"date": "2022-01-12-23-00-00", "alternatives": ["37", "937", "37"]}]}, {"location": {"country_code": "br", "region": "Sao Paulo", "city": "Guarulhos"}, "game_id": "273195", "values": [{"date": "2022-01-12-23-00-00", "alternatives": ["59", "5", "5"]}]}, {"location": {"country_code": "it", "region": "Lazio", "city": "Rome"}, "game_id": "273195", "values": [{"date": "2022-01-12-13-00-00", "alternatives": ["27", "2700", "27"]}, {"date": "2022-01-12-13-00-00", "alternatives": ["27", "2700", "27"]}, {"date": "2022-01-12-13-00-00", "alternatives": ["27", "2700", "27"]}, {"date": "2022-01-12-22-00-00", "alternatives": ["2", "27", "2"]}]}, {"location": {"country_code": "us", "region": "Missouri", "city": "Joplin"}, "game_id": "273195", "values": [{"date": "2022-01-12-15-00-00", "alternatives": ["9", "9", "8"]}, {"date": "2022-01-12-15-00-00", "alternatives": ["9", "9", "8"]}]}, {"location": {"country_code": "br", "region": "State of Rio de Janeiro", "city": "Barra Mansa"}, "game_id": "273195", "values": [{"date": "2022-01-12-20-00-00", "alternatives": ["0", "0", "10732"]}, {"date": "2022-01-12-20-00-00", "alternatives": ["0", "0", "10732"]}, {"date": "2022-01-12-20-00-00", "alternatives": ["0", "0", "10732"]}, {"date": "2022-01-12-20-00-00", "alternatives": ["0", "0", "10732"]}, {"date": "2022-01-12-20-00-00", "alternatives": ["0", "0", "10732"]}, {"date": "2022-01-12-20-00-00", "alternatives": ["0", "0", "10732"]}, {"date": "2022-01-12-20-00-00", "alternatives": ["0", "0", "10732"]}, {"date": "2022-01-12-20-00-00", "alternatives": ["0", "0", "10732"]}]}, {"location": {"country_code": "es", "region": "Murcia", "city": "Lorca"}, "game_id": "273195", "values": [{"date": "2022-01-12-18-00-00", "alternatives": ["3308", "33", "33"]}]}, {"location": {"country_code": "es", "region": "Valencia", "city": "Orihuela"}, "game_id": "273195", "values": [{"date": "2022-01-12-23-00-00", "alternatives": [4, 45, 45, 45]}, {"date": "2022-01-12-23-00-00", "alternatives": [4, 45, 45, 45]}, {"date": "2022-01-12-23-00-00", "alternatives": [4, 45, 45, 45]}, {"date": "2022-01-12-23-00-00", "alternatives": [4, 45, 45, 45]}, {"date": "2022-01-12-23-00-00", "alternatives": [4, 45, 45, 45]}, {"date": "2022-01-12-23-00-00", "alternatives": [4, 45, 45, 45]}]}, {"location": {"country_code": "es", "region": "Valencia", "city": "Novelda"}, "game_id": "273195", "values": [{"date": "2022-01-12-20-00-00", "alternatives": [41, 4, 41, 41]}, {"date": "2022-01-12-20-00-00", "alternatives": [41, 4, 41, 41]}, {"date": "2022-01-12-20-00-00", "alternatives": [41, 4, 41, 41]}]}, {"location": {"country_code": "br", "region": "Sao Paulo", "city": "Santo Andre"}, "game_id": "273195", "values": [{"date": "2022-01-12-18-00-00", "alternatives": ["54", "4", "4"]}]}, {"location": {"country_code": "br", "region": "Santa Catarina"}, "game_id": "273195", "values": [{"date": "2022-01-13-00-00-00", "alternatives": ["26", "2", "2"]}, {"date": "2022-01-13-00-00-00", "alternatives": ["26", "2", "2"]}, {"date": "2022-01-13-00-00-00", "alternatives": ["26", "2", "2"]}, {"date": "2022-01-13-00-00-00", "alternatives": ["26", "2", "2"]}, {"date": "2022-01-13-00-00-00", "alternatives": ["26", "2", "2"]}, {"date": "2022-01-13-00-00-00", "alternatives": ["1", "17", "1"]}, {"date": "2022-01-13-00-00-00", "alternatives": ["1", "17", "1"]}, {"date": "2022-01-13-00-00-00", "alternatives": ["1", "17", "1"]}, {"date": "2022-01-13-00-00-00", "alternatives": ["1", "17", "1"]}, {"date": "2022-01-13-00-00-00", "alternatives": ["1", "17", "1"]}]}, {"location": {"country_code": "no", "region": "Skien"}, "game_id": "273195", "values": [{"date": "2022-01-12-16-00-00", "alternatives": ["24", "24", "28"]}, {"date": "2022-01-12-16-00-00", "alternatives": ["24", "24", "28"]}, {"date": "2022-01-12-16-00-00", "alternatives": ["24", "24", "28"]}]}, {"location": {"country_code": "ru", "region": "Krasnoyarsk Krai", "city": "Norilsk"}, "game_id": "273195", "values": [{"date": "2022-01-12-12-00-00", "alternatives": ["57", "9", "57"]}]}, {"location": {"country_code": "us", "region": "Ohio", "city": "Columbus"}, "game_id": "273195", "values": [{"date": "2022-01-12-21-00-00", "alternatives": ["2206", "22", "22"]}, {"date": "2022-01-12-21-00-00", "alternatives": ["2206", "22", "22"]}, {"date": "2022-01-12-21-00-00", "alternatives": ["2206", "22", "22"]}, {"date": "2022-01-12-21-00-00", "alternatives": ["2206", "22", "22"]}]}, {"location": {"country_code": "us", "region": "New Mexico"}, "game_id": "273195", "values": [{"date": "2022-01-12-22-00-00", "alternatives": ["7", "57", "7"]}, {"date": "2022-01-12-22-00-00", "alternatives": ["7", "57", "7"]}, {"date": "2022-01-12-22-00-00", "alternatives": ["7", "57", "7"]}, {"date": "2022-01-12-22-00-00", "alternatives": ["7", "57", "7"]}]}, {"location": {"country_code": "ae", "region": "Dubai", "city": "Dubai"}, "game_id": "273195", "values": [{"date": "2022-01-12-14-00-00", "alternatives": [83, 88, 43, 83, 83]}, {"date": "2022-01-12-14-00-00", "alternatives": [83, 88, 43, 83, 83]}, {"date": "2022-01-12-14-00-00", "alternatives": [83, 88, 43, 83, 83]}, {"date": "2022-01-12-14-00-00", "alternatives": [83, 88, 43, 83, 83]}, {"date": "2022-01-12-14-00-00", "alternatives": [83, 88, 43, 83, 83]}, {"date": "2022-01-12-14-00-00", "alternatives": [83, 88, 43, 83, 83]}, {"date": "2022-01-12-14-00-00", "alternatives": [83, 88, 43, 83, 83]}, {"date": "2022-01-12-14-00-00", "alternatives": [83, 88, 43, 83, 83]}, {"date": "2022-01-12-14-00-00", "alternatives": [83, 88, 43, 83, 83]}, {"date": "2022-01-12-14-00-00", "alternatives": [83, 88, 43, 83, 83]}]}, {"location": {"country_code": "br", "region": "Estado de Bahia"}, "game_id": "273195", "values": [{"date": "2022-01-13-00-00-00", "alternatives": ["6", "40", "40"]}, {"date": "2022-01-13-00-00-00", "alternatives": ["6", "40", "40"]}]}, {"location": {"country_code": "pt", "region": "Northern Mariana Islands", "city": "Porto"}, "game_id": "273195", "values": [{"date": "2022-01-12-23-00-00", "alternatives": ["39", "60", "39"]}, {"date": "2022-01-12-23-00-00", "alternatives": ["39", "60", "39"]}, {"date": "2022-01-12-23-00-00", "alternatives": ["39", "60", "39"]}]}, {"location": {"country_code": "es", "region": "Valencia", "city": "Gandia"}, "game_id": "273195", "values": [{"date": "2022-01-12-21-00-00", "alternatives": [5, 60, 0, 0, 0, 50]}, {"date": "2022-01-12-21-00-00", "alternatives": [5, 60, 0, 0, 0, 50]}, {"date": "2022-01-12-21-00-00", "alternatives": [5, 60, 0, 0, 0, 50]}, {"date": "2022-01-12-21-00-00", "alternatives": [5, 60, 0, 0, 0, 50]}, {"date": "2022-01-12-21-00-00", "alternatives": [5, 60, 0, 0, 0, 50]}]}, {"location": {"country_code": "gb", "region": "Wales"}, "game_id": "273195", "values": [{"date": "2022-01-12-19-00-00", "alternatives": ["738", "38", "38"]}, {"date": "2022-01-12-19-00-00", "alternatives": ["738", "38", "38"]}, {"date": "2022-01-12-19-00-00", "alternatives": ["738", "38", "38"]}]}, {"location": {"country_code": "ee"}, "game_id": "273195", "values": [{"date": "2022-01-12-22-00-00", "alternatives": ["27", "27005", "27"]}, {"date": "2022-01-12-22-00-00", "alternatives": ["27", "27005", "27"]}, {"date": "2022-01-12-22-00-00", "alternatives": ["27", "27005", "27"]}]}, {"location": {"country_code": "fr", "region": "Normandy", "city": "Rouen"}, "game_id": "273195", "values": [{"date": "2022-01-12-22-00-00", "alternatives": ["0", "12", "12"]}]}, {"location": {"country_code": "us", "region": "Idaho"}, "game_id": "273195", "values": [{"date": "2022-01-12-10-00-00", "alternatives": ["71", "1", "1"]}, {"date": "2022-01-12-10-00-00", "alternatives": ["71", "1", "1"]}, {"date": "2022-01-12-10-00-00", "alternatives": ["71", "1", "1"]}, {"date": "2022-01-12-10-00-00", "alternatives": ["71", "1", "1"]}, {"date": "2022-01-12-10-00-00", "alternatives": ["71", "1", "1"]}, {"date": "2022-01-12-10-00-00", "alternatives": ["71", "1", "1"]}, {"date": "2022-01-12-10-00-00", "alternatives": ["71", "1", "1"]}, {"date": "2022-01-12-10-00-00", "alternatives": ["71", "1", "1"]}, {"date": "2022-01-12-10-00-00", "alternatives": ["71", "1", "1"]}, {"date": "2022-01-12-10-00-00", "alternatives": ["71", "1", "1"]}, {"date": "2022-01-12-10-00-00", "alternatives": ["71", "1", "1"]}, {"date": "2022-01-12-10-00-00", "alternatives": ["71", "1", "1"]}, {"date": "2022-01-12-10-00-00", "alternatives": ["71", "1", "1"]}, {"date": "2022-01-12-10-00-00", "alternatives": ["71", "1", "1"]}, {"date": "2022-01-12-10-00-00", "alternatives": ["71", "1", "1"]}]}, {"location": {"country_code": "us", "region": "Washington", "city": "Vancouver"}, "game_id": "273195", "values": [{"date": "2022-01-12-09-00-00", "alternatives": ["8", "7", "7"]}, {"date": "2022-01-12-09-00-00", "alternatives": ["8", "7", "7"]}]}, {"location": {"country_code": "es", "region": "Andalusia", "city": "Marbella"}, "game_id": "273195", "values": [{"date": "2022-01-12-22-00-00", "alternatives": ["7", "2", "2"]}]}, {"location": {"country_code": "ir", "region": "Tehran Province", "city": "Tehran"}, "game_id": "273195", "values": [{"date": "2022-01-12-15-00-00", "alternatives": ["81", "82", "82"]}]}, {"location": {"country_code": "br", "region": "Sao Paulo", "city": "Sertaozinho"}, "game_id": "273195", "values": [{"date": "2022-01-13-00-00-00", "alternatives": ["8", "26", "26"]}, {"date": "2022-01-13-00-00-00", "alternatives": ["8", "26", "26"]}]}, {"location": {"country_code": "us", "region": "North Dakota"}, "game_id": "273195", "values": [{"date": "2022-01-13-01-00-00", "alternatives": ["31", "3", "3"]}]}, {"location": {"country_code": "us", "region": "Washington", "city": "Ocean Shores"}, "game_id": "273195", "values": [{"date": "2022-01-12-23-00-00", "alternatives": ["8", "8", "80"]}, {"date": "2022-01-12-23-00-00", "alternatives": ["8", "8", "80"]}, {"date": "2022-01-12-23-00-00", "alternatives": ["8", "8", "80"]}, {"date": "2022-01-12-23-00-00", "alternatives": ["8", "8", "80"]}]}, {"location": {"country_code": "is"}, "game_id": "273195", "values": [{"date": "2022-01-12-21-00-00", "alternatives": ["52", "52", "7"]}]}, {"location": {"country_code": "jo"}, "game_id": "273195", "values": [{"date": "2022-01-12-08-00-00", "alternatives": ["81", "8", "8"]}, {"date": "2022-01-12-08-00-00", "alternatives": ["81", "8", "8"]}, {"date": "2022-01-12-08-00-00", "alternatives": ["81", "8", "8"]}]}, {"location": {"country_code": "gb", "region": "England", "city": "Newcastle upon Tyne"}, "game_id": "273195", "values": [{"date": "2022-01-12-21-00-00", "alternatives": ["235", "23", "23"]}, {"date": "2022-01-12-20-00-00", "alternatives": ["30", "30", "1301"]}, {"date": "2022-01-12-20-00-00", "alternatives": ["30", "30", "1301"]}, {"date": "2022-01-12-20-00-00", "alternatives": ["30", "30", "1301"]}, {"date": "2022-01-12-20-00-00", "alternatives": ["30", "30", "1301"]}, {"date": "2022-01-12-20-00-00", "alternatives": ["30", "30", "1301"]}, {"date": "2022-01-12-20-00-00", "alternatives": ["30", "30", "1301"]}, {"date": "2022-01-12-20-00-00", "alternatives": ["30", "30", "1301"]}]}, {"location": {"country_code": "br", "region": "State of Rio de Janeiro", "city": "Araruama"}, "game_id": "273195", "values": [{"date": "2022-01-12-22-00-00", "alternatives": ["16", "1", "1"]}, {"date": "2022-01-12-22-00-00", "alternatives": ["16", "1", "1"]}, {"date": "2022-01-12-22-00-00", "alternatives": ["16", "1", "1"]}]}, {"location": {"country_code": "es", "region": "Castille and Leon", "city": "Valladolid"}, "game_id": "273195", "values": [{"date": "2022-01-13-00-00-00", "alternatives": ["544", "54", "54"]}, {"date": "2022-01-13-00-00-00", "alternatives": ["544", "54", "54"]}]}, {"location": {"country_code": "es", "region": "Extremadura"}, "game_id": "273195", "values": [{"date": "2022-01-12-19-00-00", "alternatives": ["44", "4", "4"]}, {"date": "2022-01-12-19-00-00", "alternatives": ["44", "4", "4"]}, {"date": "2022-01-12-19-00-00", "alternatives": ["44", "4", "4"]}, {"date": "2022-01-12-19-00-00", "alternatives": ["44", "4", "4"]}, {"date": "2022-01-12-19-00-00", "alternatives": ["44", "4", "4"]}, {"date": "2022-01-12-19-00-00", "alternatives": ["44", "4", "4"]}]}, {"location": {"country_code": "ar", "region": "Misiones Province", "city": "Posadas"}, "game_id": "273195", "values": [{"date": "2022-01-12-23-00-00", "alternatives": ["63", "9", "63"]}, {"date": "2022-01-12-23-00-00", "alternatives": ["63", "9", "63"]}, {"date": "2022-01-12-23-00-00", "alternatives": ["63", "9", "63"]}, {"date": "2022-01-12-23-00-00", "alternatives": ["63", "9", "63"]}, {"date": "2022-01-12-23-00-00", "alternatives": ["63", "9", "63"]}, {"date": "2022-01-12-23-00-00", "alternatives": ["63", "9", "63"]}, {"date": "2022-01-12-23-00-00", "alternatives": ["63", "9", "63"]}]}, {"location": {"country_code": "ro", "region": "Iasi County"}, "game_id": "273195", "values": [{"date": "2022-01-12-16-00-00", "alternatives": ["41", "941", "41"]}]}, {"location": {"country_code": "pl", "region": "West Pomeranian Voivodeship"}, "game_id": "273195", "values": [{"date": "2022-01-12-22-00-00", "alternatives": ["29", "29", "155"]}]}, {"location": {"country_code": "us", "region": "Missouri", "city": "Columbia"}, "game_id": "273195", "values": [{"date": "2022-01-12-23-00-00", "alternatives": ["20", "7", "20"]}, {"date": "2022-01-12-23-00-00", "alternatives": ["20", "7", "20"]}, {"date": "2022-01-12-23-00-00", "alternatives": ["20", "7", "20"]}, {"date": "2022-01-12-23-00-00", "alternatives": ["20", "7", "20"]}, {"date": "2022-01-12-23-00-00", "alternatives": ["20", "7", "20"]}, {"date": "2022-01-12-23-00-00", "alternatives": ["20", "7", "20"]}]}, {"location": {"country_code": "il"}, "game_id": "273195", "values": [{"date": "2022-01-12-23-00-00", "alternatives": ["50", "60", "50"]}, {"date": "2022-01-12-23-00-00", "alternatives": ["50", "60", "50"]}, {"date": "2022-01-12-23-00-00", "alternatives": ["50", "60", "50"]}, {"date": "2022-01-12-23-00-00", "alternatives": ["50", "60", "50"]}, {"date": "2022-01-12-23-00-00", "alternatives": ["50", "60", "50"]}, {"date": "2022-01-12-20-00-00", "alternatives": [2, 0, 24, 24, 24]}, {"date": "2022-01-12-20-00-00", "alternatives": [2, 0, 24, 24, 24]}, {"date": "2022-01-12-20-00-00", "alternatives": [2, 0, 24, 24, 24]}, {"date": "2022-01-12-20-00-00", "alternatives": [2, 0, 24, 24, 24]}]}, {"location": {"country_code": "us", "region": "Tennessee", "city": "Chattanooga"}, "game_id": "273195", "values": [{"date": "2022-01-12-19-00-00", "alternatives": ["32", "32", "59"]}, {"date": "2022-01-12-19-00-00", "alternatives": ["32", "32", "59"]}, {"date": "2022-01-12-19-00-00", "alternatives": ["32", "32", "59"]}]}, {"location": {"country_code": "ru", "region": "Ryazan Oblast", "city": "Ryazan"}, "game_id": "273195", "values": [{"date": "2022-01-12-19-00-00", "alternatives": ["1", "1", "10"]}]}, {"location": {"country_code": "br", "region": "Goias", "city": "Montividiu"}, "game_id": "273195", "values": [{"date": "2022-01-12-14-00-00", "alternatives": ["29", "6", "29"]}, {"date": "2022-01-12-14-00-00", "alternatives": ["29", "6", "29"]}, {"date": "2022-01-12-14-00-00", "alternatives": ["29", "6", "29"]}, {"date": "2022-01-12-14-00-00", "alternatives": ["29", "6", "29"]}, {"date": "2022-01-12-14-00-00", "alternatives": ["29", "6", "29"]}]}, {"location": {"country_code": "us", "region": "Florida", "city": "Saint Petersburg"}, "game_id": "273195", "values": [{"date": "2022-01-12-22-00-00", "alternatives": ["42", "42", "7"]}]}, {"location": {"country_code": "br", "region": "Santa Catarina", "city": "Timbo"}, "game_id": "273195", "values": [{"date": "2022-01-12-16-00-00", "alternatives": ["1961", "196", "196"]}, {"date": "2022-01-12-16-00-00", "alternatives": ["1961", "196", "196"]}, {"date": "2022-01-12-16-00-00", "alternatives": ["1961", "196", "196"]}, {"date": "2022-01-12-16-00-00", "alternatives": ["1961", "196", "196"]}]}, {"location": {"country_code": "ru", "region": "Smolensk Oblast", "city": "Smolensk"}, "game_id": "273195", "values": [{"date": "2022-01-12-19-00-00", "alternatives": ["3", "3", "13"]}]}, {"location": {"country_code": "br", "region": "Santa Catarina", "city": "Chapeco"}, "game_id": "273195", "values": [{"date": "2022-01-12-20-00-00", "alternatives": ["66", "66", "1575"]}, {"date": "2022-01-12-20-00-00", "alternatives": ["66", "66", "1575"]}]}, {"location": {"country_code": "gb", "region": "England", "city": "Stourbridge"}, "game_id": "273195", "values": [{"date": "2022-01-13-01-00-00", "alternatives": ["170", "179", "170"]}, {"date": "2022-01-13-01-00-00", "alternatives": ["170", "179", "170"]}, {"date": "2022-01-13-01-00-00", "alternatives": ["170", "179", "170"]}, {"date": "2022-01-13-01-00-00", "alternatives": ["170", "179", "170"]}, {"date": "2022-01-13-01-00-00", "alternatives": ["170", "179", "170"]}, {"date": "2022-01-13-01-00-00", "alternatives": ["170", "179", "170"]}, {"date": "2022-01-13-01-00-00", "alternatives": ["170", "179", "170"]}]}, {"location": {"country_code": "se", "region": "Skane County", "city": "Malmo"}, "game_id": "273195", "values": [{"date": "2022-01-12-18-00-00", "alternatives": ["1", "17", "1"]}, {"date": "2022-01-12-18-00-00", "alternatives": ["1", "17", "1"]}]}, {"location": {"country_code": "us", "region": "Arizona", "city": "Tucson"}, "game_id": "273195", "values": [{"date": "2022-01-12-08-00-00", "alternatives": ["66", "6", "6"]}, {"date": "2022-01-12-08-00-00", "alternatives": ["66", "6", "6"]}, {"date": "2022-01-12-08-00-00", "alternatives": ["66", "6", "6"]}, {"date": "2022-01-12-08-00-00", "alternatives": ["66", "6", "6"]}]}, {"location": {"country_code": "fr", "region": "Nord-Passo di Calais-Piccardia", "city": "Saint-Pol-sur-Ternoise"}, "game_id": "273195", "values": [{"date": "2022-01-13-00-00-00", "alternatives": ["3", "17", "17"]}, {"date": "2022-01-13-00-00-00", "alternatives": ["3", "17", "17"]}]}, {"location": {"country_code": "us", "region": "North Carolina", "city": "Wilmington"}, "game_id": "273195", "values": [{"date": "2022-01-12-11-00-00", "alternatives": ["6", "65", "6"]}, {"date": "2022-01-12-11-00-00", "alternatives": ["6", "65", "6"]}, {"date": "2022-01-12-11-00-00", "alternatives": ["6", "65", "6"]}, {"date": "2022-01-12-11-00-00", "alternatives": ["6", "65", "6"]}]}, {"location": {"country_code": "de", "region": "North Rhine-Westphalia", "city": "Preuisch Oldendorf"}, "game_id": "273195", "values": [{"date": "2022-01-12-23-00-00", "alternatives": ["23", "23", "22"]}]}, {"location": {"country_code": "ru", "region": "Tyumen Oblast", "city": "Tyumen"}, "game_id": "273195", "values": [{"date": "2022-01-12-15-00-00", "alternatives": ["166", "66", "66"]}, {"date": "2022-01-12-15-00-00", "alternatives": ["166", "66", "66"]}, {"date": "2022-01-12-15-00-00", "alternatives": ["166", "66", "66"]}]}, {"location": {"country_code": "us", "region": "Colorado", "city": "Aurora"}, "game_id": "273195", "values": [{"date": "2022-01-12-09-00-00", "alternatives": ["342", "42", "42"]}, {"date": "2022-01-12-09-00-00", "alternatives": ["342", "42", "42"]}, {"date": "2022-01-12-09-00-00", "alternatives": ["342", "42", "42"]}, {"date": "2022-01-12-09-00-00", "alternatives": ["342", "42", "42"]}, {"date": "2022-01-12-09-00-00", "alternatives": ["342", "42", "42"]}]}, {"location": {"country_code": "mx", "region": "Chihuahua", "city": "Ciudad Juarez"}, "game_id": "273195", "values": [{"date": "2022-01-12-20-00-00", "alternatives": ["6", "67", "6"]}]}, {"location": {"country_code": "br", "region": "Espirito Santo", "city": "Aracruz"}, "game_id": "273195", "values": [{"date": "2022-01-12-23-00-00", "alternatives": ["3", "3", "30"]}, {"date": "2022-01-12-23-00-00", "alternatives": ["3", "3", "30"]}]}, {"location": {"country_code": "tr", "region": "Guneydogu Anadolu Bolgesi", "city": "Gaziantep"}, "game_id": "273195", "values": [{"date": "2022-01-12-18-00-00", "alternatives": ["62", "62", "7"]}]}, {"location": {"country_code": "us", "region": "New Jersey", "city": "Burlington"}, "game_id": "273195", "values": [{"date": "2022-01-13-01-00-00", "alternatives": ["55", "65", "55"]}]}, {"location": {"country_code": "es", "region": "Castille-La Mancha"}, "game_id": "273195", "values": [{"date": "2022-01-13-00-00-00", "alternatives": ["6", "6", "62"]}, {"date": "2022-01-13-00-00-00", "alternatives": ["6", "6", "62"]}, {"date": "2022-01-13-00-00-00", "alternatives": ["6", "6", "62"]}]}, {"location": {"country_code": "co", "region": "Atlantico", "city": "Barranquilla"}, "game_id": "273195", "values": [{"date": "2022-01-13-00-00-00", "alternatives": ["186", "106", "106"]}, {"date": "2022-01-13-00-00-00", "alternatives": ["186", "106", "106"]}]}, {"location": {"country_code": "ee", "region": "Harju", "city": "Tallinn"}, "game_id": "273195", "values": [{"date": "2022-01-12-13-00-00", "alternatives": ["37", "37", "1"]}, {"date": "2022-01-12-13-00-00", "alternatives": ["37", "37", "1"]}, {"date": "2022-01-12-13-00-00", "alternatives": ["37", "37", "1"]}]}, {"location": {"country_code": "gb", "region": "England", "city": "Scarborough"}, "game_id": "273195", "values": [{"date": "2022-01-12-14-00-00", "alternatives": ["3918", "39", "39"]}, {"date": "2022-01-12-14-00-00", "alternatives": ["3918", "39", "39"]}, {"date": "2022-01-12-14-00-00", "alternatives": ["3918", "39", "39"]}]}, {"location": {"country_code": "ru", "region": "Kaliningrad Oblast", "city": "Kaliningrad"}, "game_id": "273195", "values": [{"date": "2022-01-12-11-00-00", "alternatives": ["9148", "48", "48"]}, {"date": "2022-01-12-11-00-00", "alternatives": ["9148", "48", "48"]}, {"date": "2022-01-12-11-00-00", "alternatives": ["9148", "48", "48"]}, {"date": "2022-01-12-11-00-00", "alternatives": ["9148", "48", "48"]}]}, {"location": {"country_code": "fr", "region": "Corsica", "city": "Ajaccio"}, "game_id": "273195", "values": [{"date": "2022-01-12-19-00-00", "alternatives": ["809", "18", "18"]}]}, {"location": {"country_code": "ar", "region": "Rio Negro Province"}, "game_id": "273195", "values": [{"date": "2022-01-12-23-00-00", "alternatives": ["1", "1", "5"]}, {"date": "2022-01-12-23-00-00", "alternatives": ["1", "1", "5"]}, {"date": "2022-01-12-23-00-00", "alternatives": ["1", "1", "5"]}, {"date": "2022-01-12-23-00-00", "alternatives": ["1", "1", "5"]}, {"date": "2022-01-12-23-00-00", "alternatives": ["1", "1", "5"]}, {"date": "2022-01-12-23-00-00", "alternatives": ["1", "1", "5"]}]}, {"location": {"country_code": "ar", "region": "Rio Negro Province", "city": "Viedma"}, "game_id": "273195", "values": [{"date": "2022-01-13-00-00-00", "alternatives": ["49", "0", "49"]}, {"date": "2022-01-13-00-00-00", "alternatives": ["49", "0", "49"]}, {"date": "2022-01-13-00-00-00", "alternatives": ["49", "0", "49"]}]}, {"location": {"country_code": "us", "region": "Washington", "city": "Duvall"}, "game_id": "273195", "values": [{"date": "2022-01-12-08-00-00", "alternatives": ["81", "8", "8"]}, {"date": "2022-01-12-08-00-00", "alternatives": ["81", "8", "8"]}, {"date": "2022-01-12-08-00-00", "alternatives": ["81", "8", "8"]}, {"date": "2022-01-12-08-00-00", "alternatives": ["81", "8", "8"]}, {"date": "2022-01-12-08-00-00", "alternatives": ["81", "8", "8"]}]}, {"location": {"country_code": "us", "region": "New Jersey", "city": "Princeton"}, "game_id": "273195", "values": [{"date": "2022-01-12-23-00-00", "alternatives": ["61", "6", "6"]}, {"date": "2022-01-12-23-00-00", "alternatives": ["61", "6", "6"]}, {"date": "2022-01-12-23-00-00", "alternatives": ["61", "6", "6"]}]}, {"location": {"country_code": "br", "region": "Sao Paulo"}, "game_id": "273195", "values": [{"date": "2022-01-12-15-00-00", "alternatives": ["2", "8", "2"]}]}, {"location": {"country_code": "pt", "region": "Northern Mariana Islands", "city": "Casais Novas"}, "game_id": "273195", "values": [{"date": "2022-01-12-20-00-00", "alternatives": ["4156", "4155", "4155"]}, {"date": "2022-01-12-20-00-00", "alternatives": ["4156", "4155", "4155"]}]}, {"location": {"country_code": "se", "region": "Vasternorrland County", "city": "Sundsvall"}, "game_id": "273195", "values": [{"date": "2022-01-12-23-00-00", "alternatives": ["29", "29", "20"]}, {"date": "2022-01-12-23-00-00", "alternatives": ["29", "29", "20"]}]}, {"location": {"country_code": "ae", "region": "Abu Dhabi Emirate", "city": "Abu Dhabi"}, "game_id": "273195", "values": [{"date": "2022-01-12-18-00-00", "alternatives": ["6", "6", "64"]}, {"date": "2022-01-12-18-00-00", "alternatives": ["6", "6", "64"]}, {"date": "2022-01-12-18-00-00", "alternatives": ["6", "6", "64"]}, {"date": "2022-01-12-18-00-00", "alternatives": ["6", "6", "64"]}, {"date": "2022-01-12-18-00-00", "alternatives": ["6", "6", "64"]}]}, {"location": {"country_code": "ca", "region": "British Columbia", "city": "Burnaby"}, "game_id": "273195", "values": [{"date": "2022-01-12-09-00-00", "alternatives": ["8", "58", "8"]}, {"date": "2022-01-12-09-00-00", "alternatives": ["8", "58", "8"]}, {"date": "2022-01-12-09-00-00", "alternatives": ["8", "58", "8"]}]}, {"location": {"country_code": "br", "region": "Parana", "city": "Sao Jeronimo da Serra"}, "game_id": "273195", "values": [{"date": "2022-01-12-08-00-00", "alternatives": ["9", "15", "15"]}, {"date": "2022-01-12-08-00-00", "alternatives": ["9", "15", "15"]}, {"date": "2022-01-12-08-00-00", "alternatives": ["9", "15", "15"]}, {"date": "2022-01-12-08-00-00", "alternatives": ["9", "15", "15"]}]}, {"location": {"country_code": "jp", "region": "Yokohama"}, "game_id": "273195", "values": [{"date": "2022-01-12-15-00-00", "alternatives": ["1", "1", "14"]}]}, {"location": {"country_code": "us", "region": "Washington", "city": "Olympia"}, "game_id": "273195", "values": [{"date": "2022-01-13-01-00-00", "alternatives": ["4", "54", "4"]}, {"date": "2022-01-13-01-00-00", "alternatives": ["4", "54", "4"]}, {"date": "2022-01-13-01-00-00", "alternatives": ["4", "54", "4"]}]}, {"location": {"country_code": "tr", "region": "Guneydogu Anadolu Bolgesi"}, "game_id": "273195", "values": [{"date": "2022-01-12-18-00-00", "alternatives": ["216", "216", "214"]}, {"date": "2022-01-12-18-00-00", "alternatives": ["216", "216", "214"]}, {"date": "2022-01-12-18-00-00", "alternatives": ["216", "216", "214"]}, {"date": "2022-01-12-18-00-00", "alternatives": ["216", "216", "214"]}, {"date": "2022-01-12-18-00-00", "alternatives": ["216", "216", "214"]}]}, {"location": {"country_code": "ru", "region": "Belgorod Oblast", "city": "Belgorod"}, "game_id": "273195", "values": [{"date": "2022-01-12-16-00-00", "alternatives": [77, 17, 77, 77]}]}, {"location": {"country_code": "de", "region": "Brandenburg", "city": "Birkenwerder"}, "game_id": "273195", "values": [{"date": "2022-01-12-20-00-00", "alternatives": ["288", "28", "28"]}, {"date": "2022-01-12-20-00-00", "alternatives": ["288", "28", "28"]}, {"date": "2022-01-12-20-00-00", "alternatives": ["288", "28", "28"]}]}, {"location": {"country_code": "jp", "region": "Nagasaki", "city": "Nagasaki"}, "game_id": "273195", "values": [{"date": "2022-01-12-14-00-00", "alternatives": ["61", "6", "6"]}]}, {"location": {"country_code": "gb", "region": "Scotland", "city": "Motherwell"}, "game_id": "273195", "values": [{"date": "2022-01-13-00-00-00", "alternatives": ["41", "41", "47"]}]}, {"location": {"country_code": "br", "region": "Santa Catarina", "city": "Indaial"}, "game_id": "273195", "values": [{"date": "2022-01-12-16-00-00", "alternatives": ["19", "19", "195"]}, {"date": "2022-01-12-16-00-00", "alternatives": ["19", "19", "195"]}, {"date": "2022-01-12-16-00-00", "alternatives": ["19", "19", "195"]}, {"date": "2022-01-12-16-00-00", "alternatives": ["19", "19", "195"]}]}, {"location": {"country_code": "hu", "region": "Vas", "city": "Kormend"}, "game_id": "273195", "values": [{"date": "2022-01-13-00-00-00", "alternatives": ["34", "34", "39"]}, {"date": "2022-01-13-00-00-00", "alternatives": ["34", "34", "39"]}, {"date": "2022-01-13-00-00-00", "alternatives": ["34", "34", "39"]}, {"date": "2022-01-13-00-00-00", "alternatives": ["34", "34", "39"]}, {"date": "2022-01-13-00-00-00", "alternatives": ["34", "34", "39"]}]}, {"location": {"country_code": "gb", "region": "England", "city": "Dawley"}, "game_id": "273195", "values": [{"date": "2022-01-13-00-00-00", "alternatives": [7, 19, 19, 19]}]}, {"location": {"country_code": "ua", "region": "Vinnytsia Oblast"}, "game_id": "273195", "values": [{"date": "2022-01-12-19-00-00", "alternatives": ["34", "34", "340"]}, {"date": "2022-01-12-19-00-00", "alternatives": ["34", "34", "340"]}, {"date": "2022-01-12-19-00-00", "alternatives": ["34", "34", "340"]}, {"date": "2022-01-12-19-00-00", "alternatives": ["34", "34", "340"]}]}, {"location": {"country_code": "de", "region": "Bavaria", "city": "Geiselhoring"}, "game_id": "273195", "values": [{"date": "2022-01-12-16-00-00", "alternatives": ["13", "13", "132"]}, {"date": "2022-01-12-16-00-00", "alternatives": ["13", "13", "132"]}]}, {"location": {"country_code": "ro", "region": "Harghita County", "city": "Lupeni"}, "game_id": "273195", "values": [{"date": "2022-01-12-21-00-00", "alternatives": ["43", "43", "42"]}]}, {"location": {"country_code": "us", "region": "New York", "city": "South Valley Stream"}, "game_id": "273195", "values": [{"date": "2022-01-12-10-00-00", "alternatives": ["2", "52", "2"]}, {"date": "2022-01-12-10-00-00", "alternatives": ["2", "52", "2"]}]}, {"location": {"country_code": "dz", "region": "Mila Province"}, "game_id": "273195", "values": [{"date": "2022-01-12-15-00-00", "alternatives": ["5", "550", "5"]}, {"date": "2022-01-12-15-00-00", "alternatives": ["5", "550", "5"]}]}, {"location": {"country_code": "de", "region": "North Rhine-Westphalia", "city": "Kempen"}, "game_id": "273195", "values": [{"date": "2022-01-13-01-00-00", "alternatives": ["19", "19", "18"]}, {"date": "2022-01-13-01-00-00", "alternatives": ["19", "19", "18"]}]}, {"location": {"country_code": "us", "region": "Tennessee", "city": "LaFollette"}, "game_id": "273195", "values": [{"date": "2022-01-13-00-00-00", "alternatives": ["12", "3", "12"]}]}, {"location": {"country_code": "dk", "region": "Capital Region", "city": "Risby"}, "game_id": "273195", "values": [{"date": "2022-01-12-21-00-00", "alternatives": ["2805", "28", "28"]}]}, {"location": {"country_code": "il", "region": "Southern District", "city": "Netivot"}, "game_id": "273195", "values": [{"date": "2022-01-12-13-00-00", "alternatives": ["39", "39", "30"]}]}, {"location": {"country_code": "br", "region": "Pernambuco", "city": "Floresta, Regiao Geografica Imediata de Serra Talhada, Regiao Geografica Intermediaria de Serra Talhada, Pernambuco, Regiao Nordeste, 56400-000, Brasil"}, "game_id": "273195", "values": [{"date": "2022-01-13-00-00-00", "alternatives": ["41", "41", "471"]}]}, {"location": {"country_code": "fr", "region": "Aquitania-Limosino-Poitou-Charentes", "city": "Aire-sur-l'Adour"}, "game_id": "273195", "values": [{"date": "2022-01-12-23-00-00", "alternatives": [34, 3, 34, 34]}, {"date": "2022-01-12-23-00-00", "alternatives": [34, 3, 34, 34]}]}], "last_updated": 1719917653.677795}