{"data": [{"location": {"country_code": "si"}, "game_id": "273195", "values": [{"date": "2022-01-07-23-00-00", "alternatives": ["19", "18", "18"]}, {"date": "2022-01-07-23-00-00", "alternatives": ["19", "18", "18"]}, {"date": "2022-01-07-23-00-00", "alternatives": ["19", "18", "18"]}, {"date": "2022-01-07-23-00-00", "alternatives": ["19", "18", "18"]}]}, {"location": {"country_code": "nz"}, "game_id": "273195", "values": [{"date": "2022-01-08-01-00-00", "alternatives": ["50", "50", "30"]}, {"date": "2022-01-08-01-00-00", "alternatives": ["50", "50", "30"]}]}, {"location": {"country_code": "us"}, "game_id": "273195", "values": [{"date": "2022-01-07-03-00-00", "alternatives": ["1", "4", "4"]}, {"date": "2022-01-07-03-00-00", "alternatives": ["1", "4", "4"]}, {"date": "2022-01-07-03-00-00", "alternatives": ["1", "4", "4"]}, {"date": "2022-01-07-03-00-00", "alternatives": ["1", "4", "4"]}, {"date": "2022-01-07-03-00-00", "alternatives": ["1", "4", "4"]}, {"date": "2022-01-07-03-00-00", "alternatives": ["1", "4", "4"]}, {"date": "2022-01-07-03-00-00", "alternatives": ["1", "4", "4"]}, {"date": "2022-01-07-03-00-00", "alternatives": ["1", "4", "4"]}, {"date": "2022-01-07-03-00-00", "alternatives": ["1", "4", "4"]}, {"date": "2022-01-07-03-00-00", "alternatives": ["1", "4", "4"]}]}, {"location": {"country_code": "us", "region": "Minnesota"}, "game_id": "273195", "values": [{"date": "2022-01-07-06-00-00", "alternatives": ["77", "177", "77"]}, {"date": "2022-01-07-06-00-00", "alternatives": ["77", "177", "77"]}, {"date": "2022-01-07-06-00-00", "alternatives": ["77", "177", "77"]}, {"date": "2022-01-07-06-00-00", "alternatives": ["77", "177", "77"]}, {"date": "2022-01-07-10-00-00", "alternatives": ["31", "31", "21"]}, {"date": "2022-01-07-18-00-00", "alternatives": ["21", "2", "2"]}, {"date": "2022-01-07-18-00-00", "alternatives": ["21", "2", "2"]}]}, {"location": {"country_code": "nz", "region": "Auckland", "city": "Auckland"}, "game_id": "273195", "values": [{"date": "2022-01-07-12-00-00", "alternatives": ["26", "20", "26"]}, {"date": "2022-01-07-12-00-00", "alternatives": ["26", "20", "26"]}, {"date": "2022-01-07-12-00-00", "alternatives": ["26", "20", "26"]}, {"date": "2022-01-07-12-00-00", "alternatives": ["26", "20", "26"]}, {"date": "2022-01-07-12-00-00", "alternatives": ["26", "20", "26"]}]}, {"location": {"country_code": "de", "region": "Berlin", "city": "Berlin"}, "game_id": "273195", "values": [{"date": "2022-01-08-00-00-00", "alternatives": ["29", "29", "20"]}, {"date": "2022-01-08-00-00-00", "alternatives": ["29", "29", "20"]}, {"date": "2022-01-08-00-00-00", "alternatives": ["29", "29", "20"]}, {"date": "2022-01-07-15-00-00", "alternatives": ["1", "1", "10"]}]}, {"location": {"country_code": "us", "region": "New York", "city": "Jamestown"}, "game_id": "273195", "values": [{"date": "2022-01-07-06-00-00", "alternatives": ["61", "6", "6"]}, {"date": "2022-01-07-06-00-00", "alternatives": ["61", "6", "6"]}, {"date": "2022-01-07-06-00-00", "alternatives": ["61", "6", "6"]}, {"date": "2022-01-07-06-00-00", "alternatives": ["61", "6", "6"]}]}, {"location": {"country_code": "gb"}, "game_id": "273195", "values": [{"date": "2022-01-07-19-00-00", "alternatives": ["29", "6", "29"]}, {"date": "2022-01-07-19-00-00", "alternatives": ["29", "6", "29"]}, {"date": "2022-01-07-19-00-00", "alternatives": ["29", "6", "29"]}, {"date": "2022-01-07-10-00-00", "alternatives": ["2315", "23", "23"]}]}, {"location": {"country_code": "gb", "region": "England", "city": "Southampton"}, "game_id": "273195", "values": [{"date": "2022-01-07-21-00-00", "alternatives": ["9705", "19", "19"]}, {"date": "2022-01-07-21-00-00", "alternatives": ["9705", "19", "19"]}, {"date": "2022-01-07-21-00-00", "alternatives": ["9705", "19", "19"]}, {"date": "2022-01-07-21-00-00", "alternatives": ["9705", "19", "19"]}]}, {"location": {"country_code": "th"}, "game_id": "273195", "values": [{"date": "2022-01-07-17-00-00", "alternatives": ["9", "9", "28"]}, {"date": "2022-01-07-17-00-00", "alternatives": ["9", "9", "28"]}, {"date": "2022-01-07-17-00-00", "alternatives": ["9", "9", "28"]}]}, {"location": {"country_code": "it"}, "game_id": "273195", "values": [{"date": "2022-01-07-18-00-00", "alternatives": ["25", "25", "22"]}, {"date": "2022-01-07-18-00-00", "alternatives": ["25", "25", "22"]}, {"date": "2022-01-07-18-00-00", "alternatives": ["25", "25", "22"]}, {"date": "2022-01-07-18-00-00", "alternatives": ["25", "25", "22"]}, {"date": "2022-01-07-18-00-00", "alternatives": ["25", "25", "22"]}]}, {"location": {"country_code": "jp"}, "game_id": "273195", "values": [{"date": "2022-01-07-19-00-00", "alternatives": ["3", "30", "3"]}]}, {"location": {"country_code": "br", "region": "State of Rio de Janeiro", "city": "Angra dos Reis"}, "game_id": "273195", "values": [{"date": "2022-01-07-15-00-00", "alternatives": ["87", "371", "87"]}, {"date": "2022-01-07-15-00-00", "alternatives": ["87", "371", "87"]}, {"date": "2022-01-07-15-00-00", "alternatives": ["87", "371", "87"]}, {"date": "2022-01-07-15-00-00", "alternatives": ["87", "371", "87"]}, {"date": "2022-01-07-15-00-00", "alternatives": ["87", "371", "87"]}, {"date": "2022-01-08-01-00-00", "alternatives": ["6", "16", "6"]}]}, {"location": {"country_code": "ca"}, "game_id": "273195", "values": [{"date": "2022-01-08-00-00-00", "alternatives": ["9", "20", "20"]}, {"date": "2022-01-08-00-00-00", "alternatives": ["9", "20", "20"]}, {"date": "2022-01-08-00-00-00", "alternatives": ["9", "20", "20"]}, {"date": "2022-01-08-00-00-00", "alternatives": ["9", "20", "20"]}]}, {"location": {"country_code": "de"}, "game_id": "273195", "values": [{"date": "2022-01-08-00-00-00", "alternatives": ["26", "26", "2611"]}, {"date": "2022-01-08-00-00-00", "alternatives": ["26", "26", "2611"]}, {"date": "2022-01-08-00-00-00", "alternatives": ["26", "26", "2611"]}, {"date": "2022-01-08-00-00-00", "alternatives": ["26", "26", "2611"]}, {"date": "2022-01-08-00-00-00", "alternatives": ["26", "26", "2611"]}, {"date": "2022-01-08-00-00-00", "alternatives": ["26", "26", "2611"]}, {"date": "2022-01-07-11-00-00", "alternatives": ["1", "2", "2"]}, {"date": "2022-01-07-11-00-00", "alternatives": ["1", "2", "2"]}, {"date": "2022-01-07-15-00-00", "alternatives": ["1", "2", "2"]}, {"date": "2022-01-07-15-00-00", "alternatives": ["1", "2", "2"]}, {"date": "2022-01-07-18-00-00", "alternatives": ["19", "19", "3"]}, {"date": "2022-01-07-18-00-00", "alternatives": ["19", "19", "3"]}, {"date": "2022-01-07-18-00-00", "alternatives": ["19", "19", "3"]}]}, {"location": {"country_code": "us", "region": "Indiana"}, "game_id": "273195", "values": [{"date": "2022-01-07-19-00-00", "alternatives": ["02", "02", "027"]}, {"date": "2022-01-07-19-00-00", "alternatives": ["02", "02", "027"]}]}, {"location": {"country_code": "gb", "region": "England"}, "game_id": "273195", "values": [{"date": "2022-01-07-23-00-00", "alternatives": ["1", "1", "11"]}, {"date": "2022-01-07-23-00-00", "alternatives": ["18", "18", "13"]}, {"date": "2022-01-07-23-00-00", "alternatives": ["18", "18", "13"]}, {"date": "2022-01-07-23-00-00", "alternatives": ["18", "18", "13"]}, {"date": "2022-01-07-23-00-00", "alternatives": ["18", "18", "13"]}, {"date": "2022-01-07-23-00-00", "alternatives": ["2", "2", "24"]}]}, {"location": {"country_code": "us", "region": "Texas"}, "game_id": "273195", "values": [{"date": "2022-01-07-04-00-00", "alternatives": ["2", "2", "22"]}, {"date": "2022-01-07-04-00-00", "alternatives": ["2", "2", "22"]}, {"date": "2022-01-07-04-00-00", "alternatives": ["2", "2", "22"]}, {"date": "2022-01-07-05-00-00", "alternatives": ["6", "66", "6"]}, {"date": "2022-01-07-07-00-00", "alternatives": ["288", "28", "28"]}, {"date": "2022-01-07-07-00-00", "alternatives": ["288", "28", "28"]}, {"date": "2022-01-07-07-00-00", "alternatives": ["288", "28", "28"]}, {"date": "2022-01-07-07-00-00", "alternatives": ["288", "28", "28"]}]}, {"location": {"country_code": "au", "region": "New South Wales", "city": "Sydney"}, "game_id": "273195", "values": [{"date": "2022-01-07-08-00-00", "alternatives": ["103", "103", "163"]}, {"date": "2022-01-07-08-00-00", "alternatives": ["103", "103", "163"]}]}, {"location": {"country_code": "us", "region": "Florida"}, "game_id": "273195", "values": [{"date": "2022-01-07-18-00-00", "alternatives": ["58", "58", "98"]}, {"date": "2022-01-07-18-00-00", "alternatives": ["58", "58", "98"]}, {"date": "2022-01-07-18-00-00", "alternatives": ["58", "58", "98"]}, {"date": "2022-01-07-18-00-00", "alternatives": ["58", "58", "98"]}, {"date": "2022-01-07-04-00-00", "alternatives": ["1", "51", "1"]}, {"date": "2022-01-07-04-00-00", "alternatives": ["1", "51", "1"]}, {"date": "2022-01-07-04-00-00", "alternatives": ["1", "51", "1"]}]}, {"location": {"country_code": "ph"}, "game_id": "273195", "values": [{"date": "2022-01-07-02-00-00", "alternatives": ["63", "3", "3"]}, {"date": "2022-01-07-02-00-00", "alternatives": ["63", "3", "3"]}, {"date": "2022-01-07-02-00-00", "alternatives": ["63", "3", "3"]}, {"date": "2022-01-07-02-00-00", "alternatives": ["63", "3", "3"]}]}, {"location": {"country_code": "fr"}, "game_id": "273195", "values": [{"date": "2022-01-07-23-00-00", "alternatives": ["2", "2", "24"]}, {"date": "2022-01-07-23-00-00", "alternatives": ["2", "2", "24"]}, {"date": "2022-01-07-23-00-00", "alternatives": ["2", "2", "24"]}]}, {"location": {"country_code": "br"}, "game_id": "273195", "values": [{"date": "2022-01-07-04-00-00", "alternatives": ["22", "22", "29"]}, {"date": "2022-01-07-04-00-00", "alternatives": ["22", "22", "29"]}, {"date": "2022-01-07-03-00-00", "alternatives": ["52", "52", "92"]}, {"date": "2022-01-07-03-00-00", "alternatives": ["52", "52", "92"]}]}, {"location": {"country_code": "us", "region": "New Jersey"}, "game_id": "273195", "values": [{"date": "2022-01-07-10-00-00", "alternatives": ["58", "58", "98"]}, {"date": "2022-01-07-10-00-00", "alternatives": ["58", "58", "98"]}, {"date": "2022-01-07-10-00-00", "alternatives": ["58", "58", "98"]}, {"date": "2022-01-07-10-00-00", "alternatives": ["58", "58", "98"]}, {"date": "2022-01-07-10-00-00", "alternatives": ["58", "58", "98"]}, {"date": "2022-01-07-10-00-00", "alternatives": ["58", "58", "98"]}, {"date": "2022-01-07-10-00-00", "alternatives": ["58", "58", "98"]}, {"date": "2022-01-07-10-00-00", "alternatives": ["58", "58", "98"]}]}, {"location": {"country_code": "mx", "region": "Mexico City"}, "game_id": "273195", "values": [{"date": "2022-01-07-10-00-00", "alternatives": ["139", "139", "138"]}, {"date": "2022-01-07-10-00-00", "alternatives": ["139", "139", "138"]}, {"date": "2022-01-07-10-00-00", "alternatives": ["139", "139", "138"]}, {"date": "2022-01-07-10-00-00", "alternatives": ["139", "139", "138"]}, {"date": "2022-01-07-10-00-00", "alternatives": ["139", "139", "138"]}]}, {"location": {"country_code": "us", "region": "California"}, "game_id": "273195", "values": [{"date": "2022-01-07-07-00-00", "alternatives": ["52", "79", "52"]}, {"date": "2022-01-07-07-00-00", "alternatives": ["52", "79", "52"]}, {"date": "2022-01-07-07-00-00", "alternatives": ["52", "79", "52"]}, {"date": "2022-01-07-07-00-00", "alternatives": ["52", "79", "52"]}, {"date": "2022-01-07-07-00-00", "alternatives": ["52", "79", "52"]}, {"date": "2022-01-07-07-00-00", "alternatives": ["19", "49", "49"]}, {"date": "2022-01-07-07-00-00", "alternatives": ["19", "49", "49"]}, {"date": "2022-01-07-07-00-00", "alternatives": ["19", "49", "49"]}, {"date": "2022-01-07-10-00-00", "alternatives": ["4", "541", "4"]}, {"date": "2022-01-07-10-00-00", "alternatives": ["4", "541", "4"]}, {"date": "2022-01-07-10-00-00", "alternatives": ["4", "541", "4"]}, {"date": "2022-01-07-10-00-00", "alternatives": ["4", "541", "4"]}, {"date": "2022-01-07-10-00-00", "alternatives": ["4", "541", "4"]}]}, {"location": {"country_code": "us", "region": "Idaho", "city": "Boise"}, "game_id": "273195", "values": [{"date": "2022-01-07-08-00-00", "alternatives": ["29", "79", "79"]}]}, {"location": {"country_code": "br", "region": "Sao Paulo", "city": "Apiai"}, "game_id": "273195", "values": [{"date": "2022-01-07-04-00-00", "alternatives": ["14", "4", "4"]}, {"date": "2022-01-07-03-00-00", "alternatives": ["8", "8", "83"]}, {"date": "2022-01-07-03-00-00", "alternatives": ["8", "8", "83"]}]}, {"location": {"country_code": "se"}, "game_id": "273195", "values": [{"date": "2022-01-07-02-00-00", "alternatives": ["2515", "25", "25"]}, {"date": "2022-01-08-00-00-00", "alternatives": ["19", "19009", "19"]}, {"date": "2022-01-08-00-00-00", "alternatives": ["19", "19009", "19"]}, {"date": "2022-01-08-00-00-00", "alternatives": ["19", "19009", "19"]}, {"date": "2022-01-07-23-00-00", "alternatives": ["74", "74010", "74"]}]}, {"location": {"country_code": "se", "region": "Norrbotten County", "city": "Pitea"}, "game_id": "273195", "values": [{"date": "2022-01-07-20-00-00", "alternatives": ["36", "3", "3"]}]}, {"location": {"country_code": "se", "region": "Halland County"}, "game_id": "273195", "values": [{"date": "2022-01-07-02-00-00", "alternatives": ["38", "38", "13"]}, {"date": "2022-01-07-02-00-00", "alternatives": ["38", "38", "13"]}]}, {"location": {"country_code": "no"}, "game_id": "273195", "values": [{"date": "2022-01-08-00-00-00", "alternatives": ["53", "53", "533"]}, {"date": "2022-01-08-00-00-00", "alternatives": ["53", "53", "533"]}, {"date": "2022-01-08-00-00-00", "alternatives": ["53", "53", "533"]}, {"date": "2022-01-08-00-00-00", "alternatives": ["53", "53", "533"]}, {"date": "2022-01-08-00-00-00", "alternatives": ["53", "53", "533"]}, {"date": "2022-01-07-13-00-00", "alternatives": ["29", "29", "5"]}]}, {"location": {"country_code": "us", "region": "California", "city": "East Los Angeles"}, "game_id": "273195", "values": [{"date": "2022-01-07-04-00-00", "alternatives": ["2", "52", "2"]}]}, {"location": {"country_code": "au"}, "game_id": "273195", "values": [{"date": "2022-01-07-14-00-00", "alternatives": ["28", "82", "28"]}, {"date": "2022-01-07-13-00-00", "alternatives": ["114", "11", "11"]}, {"date": "2022-01-07-13-00-00", "alternatives": ["114", "11", "11"]}, {"date": "2022-01-07-13-00-00", "alternatives": ["114", "11", "11"]}, {"date": "2022-01-07-13-00-00", "alternatives": ["114", "11", "11"]}, {"date": "2022-01-07-13-00-00", "alternatives": ["114", "11", "11"]}]}, {"location": {"country_code": "us", "region": "Texas", "city": "Austin"}, "game_id": "273195", "values": [{"date": "2022-01-07-04-00-00", "alternatives": ["39", "39", "30"]}]}, {"location": {"country_code": "ca", "region": "Ontario"}, "game_id": "273195", "values": [{"date": "2022-01-07-07-00-00", "alternatives": ["430", "43", "43"]}, {"date": "2022-01-07-07-00-00", "alternatives": ["430", "43", "43"]}, {"date": "2022-01-07-07-00-00", "alternatives": ["430", "43", "43"]}, {"date": "2022-01-07-07-00-00", "alternatives": ["430", "43", "43"]}, {"date": "2022-01-07-07-00-00", "alternatives": ["430", "43", "43"]}, {"date": "2022-01-07-07-00-00", "alternatives": ["430", "43", "43"]}, {"date": "2022-01-07-07-00-00", "alternatives": ["430", "43", "43"]}]}, {"location": {"country_code": "de", "region": "Saxony"}, "game_id": "273195", "values": [{"date": "2022-01-07-12-00-00", "alternatives": ["251", "251", "2591"]}, {"date": "2022-01-07-12-00-00", "alternatives": ["251", "251", "2591"]}, {"date": "2022-01-07-12-00-00", "alternatives": ["251", "251", "2591"]}, {"date": "2022-01-07-12-00-00", "alternatives": ["251", "251", "2591"]}, {"date": "2022-01-07-12-00-00", "alternatives": ["251", "251", "2591"]}, {"date": "2022-01-07-12-00-00", "alternatives": ["251", "251", "2591"]}]}, {"location": {"country_code": "us", "region": "California", "city": "San Francisco"}, "game_id": "273195", "values": [{"date": "2022-01-07-09-00-00", "alternatives": ["3", "63", "3"]}, {"date": "2022-01-07-09-00-00", "alternatives": ["3", "63", "3"]}, {"date": "2022-01-07-09-00-00", "alternatives": ["3", "63", "3"]}, {"date": "2022-01-07-09-00-00", "alternatives": ["3", "63", "3"]}, {"date": "2022-01-07-09-00-00", "alternatives": ["3", "63", "3"]}, {"date": "2022-01-07-09-00-00", "alternatives": ["3", "63", "3"]}, {"date": "2022-01-07-09-00-00", "alternatives": ["3", "63", "3"]}, {"date": "2022-01-07-09-00-00", "alternatives": ["3", "63", "3"]}]}, {"location": {"country_code": "es"}, "game_id": "273195", "values": [{"date": "2022-01-07-11-00-00", "alternatives": ["1", "1", "3"]}, {"date": "2022-01-07-11-00-00", "alternatives": ["1", "1", "3"]}, {"date": "2022-01-07-11-00-00", "alternatives": ["1", "1", "3"]}, {"date": "2022-01-07-11-00-00", "alternatives": ["1", "1", "3"]}]}, {"location": {"country_code": "ar", "region": "Buenos Aires"}, "game_id": "273195", "values": [{"date": "2022-01-07-03-00-00", "alternatives": ["4", "4", "44"]}, {"date": "2022-01-07-03-00-00", "alternatives": ["4", "4", "44"]}]}, {"location": {"country_code": "bo"}, "game_id": "273195", "values": [{"date": "2022-01-07-02-00-00", "alternatives": ["117", "117", "114"]}]}, {"location": {"country_code": "us", "region": "Michigan", "city": "Detroit"}, "game_id": "273195", "values": [{"date": "2022-01-07-06-00-00", "alternatives": ["5", "5", "55"]}, {"date": "2022-01-07-06-00-00", "alternatives": ["5", "5", "55"]}, {"date": "2022-01-07-06-00-00", "alternatives": ["5", "5", "55"]}]}, {"location": {"country_code": "fi"}, "game_id": "273195", "values": [{"date": "2022-01-07-23-00-00", "alternatives": ["2", "2", "253"]}, {"date": "2022-01-07-23-00-00", "alternatives": ["2", "2", "253"]}, {"date": "2022-01-07-23-00-00", "alternatives": ["2", "2", "253"]}, {"date": "2022-01-07-23-00-00", "alternatives": ["2", "2", "253"]}, {"date": "2022-01-07-23-00-00", "alternatives": ["2", "2", "253"]}, {"date": "2022-01-07-23-00-00", "alternatives": ["2", "2", "253"]}, {"date": "2022-01-07-23-00-00", "alternatives": ["2", "2", "253"]}]}, {"location": {"country_code": "us", "region": "Massachusetts"}, "game_id": "273195", "values": [{"date": "2022-01-07-03-00-00", "alternatives": ["54", "4", "4"]}, {"date": "2022-01-07-03-00-00", "alternatives": ["54", "4", "4"]}]}, {"location": {"country_code": "ca", "region": "Alberta"}, "game_id": "273195", "values": [{"date": "2022-01-07-11-00-00", "alternatives": ["73", "73", "773"]}, {"date": "2022-01-07-11-00-00", "alternatives": ["73", "73", "773"]}, {"date": "2022-01-07-11-00-00", "alternatives": ["73", "73", "773"]}, {"date": "2022-01-07-11-00-00", "alternatives": ["73", "73", "773"]}]}, {"location": {"country_code": "tr", "region": "Ege Bolgesi", "city": "Izmir"}, "game_id": "273195", "values": [{"date": "2022-01-07-13-00-00", "alternatives": ["49", "49", "40"]}]}, {"location": {"country_code": "us", "region": "Virginia"}, "game_id": "273195", "values": [{"date": "2022-01-07-11-00-00", "alternatives": ["94", "94", "84"]}, {"date": "2022-01-07-11-00-00", "alternatives": ["94", "94", "84"]}, {"date": "2022-01-07-21-00-00", "alternatives": ["9", "89", "9"]}, {"date": "2022-01-07-21-00-00", "alternatives": ["9", "89", "9"]}, {"date": "2022-01-07-21-00-00", "alternatives": ["9", "89", "9"]}, {"date": "2022-01-07-21-00-00", "alternatives": ["9", "89", "9"]}]}, {"location": {"country_code": "us", "region": "Texas", "city": "Houston"}, "game_id": "273195", "values": [{"date": "2022-01-07-07-00-00", "alternatives": ["41", "41", "47"]}, {"date": "2022-01-07-07-00-00", "alternatives": ["41", "41", "47"]}]}, {"location": {"country_code": "us", "region": "Alaska", "city": "Anchorage"}, "game_id": "273195", "values": [{"date": "2022-01-07-03-00-00", "alternatives": ["481", "88", "88"]}, {"date": "2022-01-07-03-00-00", "alternatives": ["481", "88", "88"]}]}, {"location": {"country_code": "us", "region": "Michigan"}, "game_id": "273195", "values": [{"date": "2022-01-07-06-00-00", "alternatives": ["36", "3", "3"]}, {"date": "2022-01-07-06-00-00", "alternatives": ["36", "3", "3"]}, {"date": "2022-01-07-20-00-00", "alternatives": ["49", "49", "40"]}, {"date": "2022-01-07-04-00-00", "alternatives": ["35", "35", "39"]}, {"date": "2022-01-07-04-00-00", "alternatives": ["35", "35", "39"]}, {"date": "2022-01-07-04-00-00", "alternatives": ["35", "35", "39"]}, {"date": "2022-01-07-04-00-00", "alternatives": ["35", "35", "39"]}, {"date": "2022-01-07-04-00-00", "alternatives": ["35", "35", "39"]}]}, {"location": {"country_code": "hu"}, "game_id": "273195", "values": [{"date": "2022-01-07-21-00-00", "alternatives": ["26", "20", "26"]}, {"date": "2022-01-07-21-00-00", "alternatives": ["26", "20", "26"]}, {"date": "2022-01-07-21-00-00", "alternatives": ["26", "20", "26"]}, {"date": "2022-01-07-21-00-00", "alternatives": ["26", "20", "26"]}, {"date": "2022-01-07-21-00-00", "alternatives": ["26", "20", "26"]}, {"date": "2022-01-07-20-00-00", "alternatives": ["29", "29", "20"]}, {"date": "2022-01-07-20-00-00", "alternatives": ["29", "29", "20"]}, {"date": "2022-01-07-20-00-00", "alternatives": ["29", "29", "20"]}]}, {"location": {"country_code": "us", "region": "Pennsylvania", "city": "Pittsburgh"}, "game_id": "273195", "values": [{"date": "2022-01-07-02-00-00", "alternatives": ["3", "38", "3"]}, {"date": "2022-01-07-02-00-00", "alternatives": ["3", "38", "3"]}, {"date": "2022-01-07-02-00-00", "alternatives": ["3", "38", "3"]}, {"date": "2022-01-07-02-00-00", "alternatives": ["3", "38", "3"]}]}, {"location": {"country_code": "de", "region": "Bavaria"}, "game_id": "273195", "values": [{"date": "2022-01-08-00-00-00", "alternatives": ["26", "20", "26"]}, {"date": "2022-01-08-00-00-00", "alternatives": ["26", "20", "26"]}]}, {"location": {"country_code": "co"}, "game_id": "273195", "values": [{"date": "2022-01-07-05-00-00", "alternatives": ["99", "99", "39"]}, {"date": "2022-01-07-05-00-00", "alternatives": ["99", "99", "39"]}, {"date": "2022-01-07-05-00-00", "alternatives": ["99", "99", "39"]}]}, {"location": {"country_code": "us", "region": "Arizona"}, "game_id": "273195", "values": [{"date": "2022-01-07-23-00-00", "alternatives": ["6", "56", "6"]}, {"date": "2022-01-07-23-00-00", "alternatives": ["6", "56", "6"]}, {"date": "2022-01-07-23-00-00", "alternatives": ["6", "56", "6"]}, {"date": "2022-01-07-23-00-00", "alternatives": ["6", "56", "6"]}, {"date": "2022-01-07-23-00-00", "alternatives": ["6", "56", "6"]}]}, {"location": {"country_code": "us", "region": "California", "city": "Chula Vista"}, "game_id": "273195", "values": [{"date": "2022-01-07-05-00-00", "alternatives": ["52", "52", "92"]}, {"date": "2022-01-07-05-00-00", "alternatives": ["52", "52", "92"]}, {"date": "2022-01-07-05-00-00", "alternatives": ["52", "52", "92"]}]}, {"location": {"country_code": "pl"}, "game_id": "273195", "values": [{"date": "2022-01-07-19-00-00", "alternatives": ["43", "4309", "43"]}, {"date": "2022-01-07-19-00-00", "alternatives": ["43", "4309", "43"]}]}, {"location": {"country_code": "us", "region": "Nevada", "city": "Las Vegas"}, "game_id": "273195", "values": [{"date": "2022-01-07-11-00-00", "alternatives": ["69", "69", "60"]}, {"date": "2022-01-07-11-00-00", "alternatives": ["69", "69", "60"]}, {"date": "2022-01-07-11-00-00", "alternatives": ["69", "69", "60"]}, {"date": "2022-01-07-11-00-00", "alternatives": ["69", "69", "60"]}, {"date": "2022-01-07-11-00-00", "alternatives": ["69", "69", "60"]}, {"date": "2022-01-07-11-00-00", "alternatives": ["69", "69", "60"]}]}, {"location": {"country_code": "gb", "region": "England", "city": "London"}, "game_id": "273195", "values": [{"date": "2022-01-08-00-00-00", "alternatives": ["20", "260", "260"]}]}, {"location": {"country_code": "ua"}, "game_id": "273195", "values": [{"date": "2022-01-08-00-00-00", "alternatives": ["38", "38", "28"]}, {"date": "2022-01-08-00-00-00", "alternatives": ["38", "38", "28"]}, {"date": "2022-01-08-00-00-00", "alternatives": ["38", "38", "28"]}, {"date": "2022-01-08-00-00-00", "alternatives": ["38", "38", "28"]}]}, {"location": {"country_code": "br", "region": "Minas Gerais"}, "game_id": "273195", "values": [{"date": "2022-01-07-21-00-00", "alternatives": ["4", "4", "14"]}, {"date": "2022-01-07-21-00-00", "alternatives": ["4", "4", "14"]}, {"date": "2022-01-07-02-00-00", "alternatives": ["18", "18", "13"]}]}, {"location": {"country_code": "fr", "region": "Occitanie", "city": "Toulouse"}, "game_id": "273195", "values": [{"date": "2022-01-07-19-00-00", "alternatives": ["8", "8", "18"]}]}, {"location": {"country_code": "ru", "region": "Ivanovo Oblast", "city": "Ivanovo"}, "game_id": "273195", "values": [{"date": "2022-01-07-12-00-00", "alternatives": ["9", "2", "9"]}, {"date": "2022-01-07-12-00-00", "alternatives": ["9", "2", "9"]}, {"date": "2022-01-07-12-00-00", "alternatives": ["9", "2", "9"]}]}, {"location": {"country_code": "ca", "region": "Ontario", "city": "Toronto"}, "game_id": "273195", "values": [{"date": "2022-01-07-23-00-00", "alternatives": ["41", "4", "4"]}]}, {"location": {"country_code": "ru"}, "game_id": "273195", "values": [{"date": "2022-01-07-15-00-00", "alternatives": ["0", "1", "1"]}, {"date": "2022-01-07-11-00-00", "alternatives": ["132", "132", "139"]}, {"date": "2022-01-07-11-00-00", "alternatives": ["132", "132", "139"]}, {"date": "2022-01-07-19-00-00", "alternatives": ["29", "29", "20"]}]}, {"location": {"country_code": "my"}, "game_id": "273195", "values": [{"date": "2022-01-07-15-00-00", "alternatives": ["36", "3", "3"]}]}, {"location": {"country_code": "se", "region": "Stockholm County", "city": "Stockholm"}, "game_id": "273195", "values": [{"date": "2022-01-07-02-00-00", "alternatives": ["42", "9", "42"]}, {"date": "2022-01-07-02-00-00", "alternatives": ["42", "9", "42"]}, {"date": "2022-01-07-02-00-00", "alternatives": ["42", "9", "42"]}, {"date": "2022-01-07-02-00-00", "alternatives": ["42", "9", "42"]}, {"date": "2022-01-07-02-00-00", "alternatives": ["42", "9", "42"]}]}, {"location": {"country_code": "au", "region": "Queensland"}, "game_id": "273195", "values": [{"date": "2022-01-07-16-00-00", "alternatives": ["39", "39", "30"]}, {"date": "2022-01-07-16-00-00", "alternatives": ["39", "39", "30"]}]}, {"location": {"country_code": "us", "region": "Illinois"}, "game_id": "273195", "values": [{"date": "2022-01-07-08-00-00", "alternatives": ["9", "2", "2"]}, {"date": "2022-01-07-08-00-00", "alternatives": ["9", "2", "2"]}, {"date": "2022-01-07-08-00-00", "alternatives": ["9", "2", "2"]}]}, {"location": {"country_code": "mx", "region": "Nuevo Leon", "city": "Monterrey"}, "game_id": "273195", "values": [{"date": "2022-01-07-07-00-00", "alternatives": ["7", "4", "7"]}, {"date": "2022-01-07-07-00-00", "alternatives": ["7", "4", "7"]}, {"date": "2022-01-07-07-00-00", "alternatives": ["7", "4", "7"]}, {"date": "2022-01-07-07-00-00", "alternatives": ["7", "4", "7"]}]}, {"location": {"country_code": "sk"}, "game_id": "273195", "values": [{"date": "2022-01-07-14-00-00", "alternatives": ["29", "29", "20"]}, {"date": "2022-01-07-14-00-00", "alternatives": ["29", "29", "20"]}, {"date": "2022-01-07-14-00-00", "alternatives": ["29", "29", "20"]}]}, {"location": {"country_code": "us", "region": "New Hampshire"}, "game_id": "273195", "values": [{"date": "2022-01-07-04-00-00", "alternatives": ["54", "54", "94"]}, {"date": "2022-01-07-04-00-00", "alternatives": ["54", "54", "94"]}, {"date": "2022-01-07-04-00-00", "alternatives": ["54", "54", "94"]}, {"date": "2022-01-07-04-00-00", "alternatives": ["54", "54", "94"]}, {"date": "2022-01-07-04-00-00", "alternatives": ["54", "54", "94"]}, {"date": "2022-01-07-04-00-00", "alternatives": ["54", "54", "94"]}, {"date": "2022-01-07-04-00-00", "alternatives": ["54", "54", "94"]}, {"date": "2022-01-07-04-00-00", "alternatives": ["54", "54", "94"]}, {"date": "2022-01-07-04-00-00", "alternatives": ["54", "54", "94"]}]}, {"location": {"country_code": "us", "region": "Tennessee"}, "game_id": "273195", "values": [{"date": "2022-01-07-08-00-00", "alternatives": ["6", "6", "5"]}, {"date": "2022-01-07-08-00-00", "alternatives": ["6", "6", "5"]}, {"date": "2022-01-07-08-00-00", "alternatives": ["6", "6", "5"]}, {"date": "2022-01-07-08-00-00", "alternatives": ["6", "6", "5"]}]}, {"location": {"country_code": "cn", "region": "Hong Kong"}, "game_id": "273195", "values": [{"date": "2022-01-07-18-00-00", "alternatives": ["41", "941", "41"]}, {"date": "2022-01-07-18-00-00", "alternatives": ["41", "941", "41"]}]}, {"location": {"country_code": "fr", "region": "Aquitania-Limosino-Poitou-Charentes", "city": "Bordeaux"}, "game_id": "273195", "values": [{"date": "2022-01-07-12-00-00", "alternatives": ["9", "9", "3"]}, {"date": "2022-01-07-12-00-00", "alternatives": ["9", "9", "3"]}]}, {"location": {"country_code": "br", "region": "Rio Grande do Sul"}, "game_id": "273195", "values": [{"date": "2022-01-07-23-00-00", "alternatives": ["39", "39", "0"]}, {"date": "2022-01-07-23-00-00", "alternatives": ["39", "39", "0"]}, {"date": "2022-01-07-23-00-00", "alternatives": ["39", "39", "0"]}, {"date": "2022-01-07-23-00-00", "alternatives": ["39", "39", "0"]}, {"date": "2022-01-07-23-00-00", "alternatives": ["39", "39", "0"]}, {"date": "2022-01-07-23-00-00", "alternatives": ["39", "39", "0"]}, {"date": "2022-01-07-23-00-00", "alternatives": ["39", "39", "0"]}, {"date": "2022-01-07-23-00-00", "alternatives": ["39", "39", "0"]}, {"date": "2022-01-07-23-00-00", "alternatives": ["39", "39", "0"]}, {"date": "2022-01-07-23-00-00", "alternatives": ["39", "39", "0"]}, {"date": "2022-01-07-23-00-00", "alternatives": ["39", "39", "0"]}, {"date": "2022-01-07-23-00-00", "alternatives": ["39", "39", "0"]}, {"date": "2022-01-07-23-00-00", "alternatives": ["39", "39", "0"]}, {"date": "2022-01-07-23-00-00", "alternatives": ["39", "39", "0"]}, {"date": "2022-01-07-23-00-00", "alternatives": ["39", "39", "0"]}, {"date": "2022-01-07-23-00-00", "alternatives": ["39", "39", "0"]}, {"date": "2022-01-07-23-00-00", "alternatives": ["39", "39", "0"]}, {"date": "2022-01-07-23-00-00", "alternatives": ["39", "39", "0"]}, {"date": "2022-01-07-23-00-00", "alternatives": ["39", "39", "0"]}, {"date": "2022-01-07-23-00-00", "alternatives": ["39", "39", "0"]}, {"date": "2022-01-07-23-00-00", "alternatives": ["39", "39", "0"]}, {"date": "2022-01-07-23-00-00", "alternatives": ["39", "39", "0"]}, {"date": "2022-01-07-23-00-00", "alternatives": ["39", "39", "0"]}, {"date": "2022-01-07-23-00-00", "alternatives": ["39", "39", "0"]}, {"date": "2022-01-07-12-00-00", "alternatives": ["9", "20", "20"]}, {"date": "2022-01-07-12-00-00", "alternatives": ["9", "20", "20"]}, {"date": "2022-01-07-12-00-00", "alternatives": ["9", "20", "20"]}, {"date": "2022-01-07-12-00-00", "alternatives": ["9", "20", "20"]}, {"date": "2022-01-07-12-00-00", "alternatives": ["9", "20", "20"]}, {"date": "2022-01-07-12-00-00", "alternatives": ["9", "20", "20"]}, {"date": "2022-01-07-12-00-00", "alternatives": ["9", "20", "20"]}, {"date": "2022-01-07-12-00-00", "alternatives": ["9", "20", "20"]}]}, {"location": {"country_code": "us", "region": "Alabama"}, "game_id": "273195", "values": [{"date": "2022-01-07-07-00-00", "alternatives": ["3", "63", "3"]}, {"date": "2022-01-07-05-00-00", "alternatives": ["4", "61", "4"]}]}, {"location": {"country_code": "no", "region": "Rogaland", "city": "Jattavagen"}, "game_id": "273195", "values": [{"date": "2022-01-08-01-00-00", "alternatives": ["460", "460", "36"]}, {"date": "2022-01-08-01-00-00", "alternatives": ["460", "460", "36"]}]}, {"location": {"country_code": "us", "region": "Washington", "city": "Seattle"}, "game_id": "273195", "values": [{"date": "2022-01-07-05-00-00", "alternatives": ["53", "53", "2"]}, {"date": "2022-01-07-05-00-00", "alternatives": ["53", "53", "2"]}, {"date": "2022-01-07-05-00-00", "alternatives": ["53", "53", "2"]}]}, {"location": {"country_code": "za", "region": "Western Cape", "city": "Cape Town"}, "game_id": "273195", "values": [{"date": "2022-01-07-19-00-00", "alternatives": ["1", "1", "183"]}, {"date": "2022-01-07-19-00-00", "alternatives": ["1", "1", "183"]}, {"date": "2022-01-07-19-00-00", "alternatives": ["1", "1", "183"]}]}, {"location": {"country_code": "bg"}, "game_id": "273195", "values": [{"date": "2022-01-07-15-00-00", "alternatives": ["38", "36", "36"]}, {"date": "2022-01-07-15-00-00", "alternatives": ["38", "36", "36"]}, {"date": "2022-01-07-15-00-00", "alternatives": ["38", "36", "36"]}]}, {"location": {"country_code": "us", "region": "Missouri", "city": "Joplin"}, "game_id": "273195", "values": [{"date": "2022-01-07-05-00-00", "alternatives": ["106", "10603", "106"]}]}, {"location": {"country_code": "br", "region": "State of Rio de Janeiro", "city": "Barra Mansa"}, "game_id": "273195", "values": [{"date": "2022-01-07-19-00-00", "alternatives": ["3", "35", "3"]}, {"date": "2022-01-07-19-00-00", "alternatives": ["3", "35", "3"]}, {"date": "2022-01-07-19-00-00", "alternatives": ["3", "35", "3"]}, {"date": "2022-01-07-19-00-00", "alternatives": ["3", "35", "3"]}, {"date": "2022-01-07-19-00-00", "alternatives": ["3", "35", "3"]}, {"date": "2022-01-07-19-00-00", "alternatives": ["3", "35", "3"]}, {"date": "2022-01-07-19-00-00", "alternatives": ["3", "35", "3"]}, {"date": "2022-01-07-19-00-00", "alternatives": ["3", "35", "3"]}, {"date": "2022-01-07-19-00-00", "alternatives": ["3", "35", "3"]}]}, {"location": {"country_code": "es", "region": "Valencia", "city": "Novelda"}, "game_id": "273195", "values": [{"date": "2022-01-07-20-00-00", "alternatives": ["41", "4", "4"]}, {"date": "2022-01-07-20-00-00", "alternatives": ["41", "4", "4"]}, {"date": "2022-01-07-20-00-00", "alternatives": ["41", "4", "4"]}]}, {"location": {"country_code": "jp", "region": "Ishikari", "city": "Sapporo"}, "game_id": "273195", "values": [{"date": "2022-01-07-14-00-00", "alternatives": ["53", "3", "3"]}, {"date": "2022-01-07-14-00-00", "alternatives": ["53", "3", "3"]}, {"date": "2022-01-07-14-00-00", "alternatives": ["53", "3", "3"]}, {"date": "2022-01-07-14-00-00", "alternatives": ["53", "3", "3"]}]}, {"location": {"country_code": "es", "region": "Valencia", "city": "Gandia"}, "game_id": "273195", "values": [{"date": "2022-01-08-01-00-00", "alternatives": ["52", "62003", "52"]}]}, {"location": {"country_code": "br", "region": "Parana", "city": "Umuarama"}, "game_id": "273195", "values": [{"date": "2022-01-07-06-00-00", "alternatives": ["2", "23", "2"]}]}, {"location": {"country_code": "us", "region": "New York"}, "game_id": "273195", "values": [{"date": "2022-01-07-06-00-00", "alternatives": ["380", "38", "38"]}]}, {"location": {"country_code": "us", "region": "Idaho"}, "game_id": "273195", "values": [{"date": "2022-01-07-05-00-00", "alternatives": ["8", "8", "88"]}]}, {"location": {"country_code": "us", "region": "Washington", "city": "Vancouver"}, "game_id": "273195", "values": [{"date": "2022-01-07-09-00-00", "alternatives": ["9", "9", "3"]}, {"date": "2022-01-07-09-00-00", "alternatives": ["9", "9", "3"]}]}, {"location": {"country_code": "be", "region": "Hainaut Province", "city": "Charleroi"}, "game_id": "273195", "values": [{"date": "2022-01-07-22-00-00", "alternatives": ["25", "25", "29"]}]}, {"location": {"country_code": "de", "region": "Schleswig-Holstein"}, "game_id": "273195", "values": [{"date": "2022-01-07-22-00-00", "alternatives": ["8", "18", "8"]}, {"date": "2022-01-07-22-00-00", "alternatives": ["8", "18", "8"]}, {"date": "2022-01-07-22-00-00", "alternatives": ["8", "18", "8"]}, {"date": "2022-01-07-19-00-00", "alternatives": ["26", "20", "26"]}, {"date": "2022-01-07-19-00-00", "alternatives": ["26", "20", "26"]}, {"date": "2022-01-07-19-00-00", "alternatives": ["26", "20", "26"]}]}, {"location": {"country_code": "es", "region": "Andalusia", "city": "Marbella"}, "game_id": "273195", "values": [{"date": "2022-01-07-23-00-00", "alternatives": ["39", "39", "30"]}, {"date": "2022-01-07-23-00-00", "alternatives": ["39", "39", "30"]}, {"date": "2022-01-07-23-00-00", "alternatives": ["39", "39", "30"]}, {"date": "2022-01-07-02-00-00", "alternatives": ["5", "5", "45"]}]}, {"location": {"country_code": "us", "region": "Washington", "city": "Ocean Shores"}, "game_id": "273195", "values": [{"date": "2022-01-07-22-00-00", "alternatives": ["7", "75", "7"]}, {"date": "2022-01-07-22-00-00", "alternatives": ["7", "75", "7"]}, {"date": "2022-01-07-22-00-00", "alternatives": ["7", "75", "7"]}, {"date": "2022-01-07-22-00-00", "alternatives": ["7", "75", "7"]}, {"date": "2022-01-07-22-00-00", "alternatives": ["7", "75", "7"]}]}, {"location": {"country_code": "jo"}, "game_id": "273195", "values": [{"date": "2022-01-08-00-00-00", "alternatives": ["81", "8", "8"]}, {"date": "2022-01-08-00-00-00", "alternatives": ["81", "8", "8"]}, {"date": "2022-01-08-00-00-00", "alternatives": ["81", "8", "8"]}, {"date": "2022-01-08-00-00-00", "alternatives": ["81", "8", "8"]}, {"date": "2022-01-08-00-00-00", "alternatives": ["81", "8", "8"]}, {"date": "2022-01-08-00-00-00", "alternatives": ["81", "8", "8"]}, {"date": "2022-01-08-00-00-00", "alternatives": ["81", "8", "8"]}]}, {"location": {"country_code": "gb", "region": "England", "city": "Newcastle upon Tyne"}, "game_id": "273195", "values": [{"date": "2022-01-07-20-00-00", "alternatives": ["131", "13", "13"]}, {"date": "2022-01-07-22-00-00", "alternatives": ["27", "27", "127"]}, {"date": "2022-01-07-22-00-00", "alternatives": ["27", "27", "127"]}, {"date": "2022-01-07-22-00-00", "alternatives": ["27", "27", "127"]}, {"date": "2022-01-07-22-00-00", "alternatives": ["27", "27", "127"]}, {"date": "2022-01-07-22-00-00", "alternatives": ["27", "27", "127"]}, {"date": "2022-01-07-22-00-00", "alternatives": ["27", "27", "127"]}, {"date": "2022-01-07-22-00-00", "alternatives": ["27", "27", "127"]}]}, {"location": {"country_code": "br", "region": "Sao Paulo", "city": "Assis"}, "game_id": "273195", "values": [{"date": "2022-01-07-02-00-00", "alternatives": ["3", "3", "13"]}, {"date": "2022-01-07-02-00-00", "alternatives": ["3", "3", "13"]}]}, {"location": {"country_code": "bg", "region": "Sofia-Capital", "city": "Sofia"}, "game_id": "273195", "values": [{"date": "2022-01-08-00-00-00", "alternatives": ["29", "29", "20"]}, {"date": "2022-01-08-00-00-00", "alternatives": ["29", "29", "20"]}, {"date": "2022-01-08-00-00-00", "alternatives": ["29", "29", "20"]}, {"date": "2022-01-08-00-00-00", "alternatives": ["29", "29", "20"]}, {"date": "2022-01-08-00-00-00", "alternatives": ["29", "29", "20"]}, {"date": "2022-01-08-00-00-00", "alternatives": ["29", "29", "20"]}]}, {"location": {"country_code": "us", "region": "Missouri", "city": "Columbia"}, "game_id": "273195", "values": [{"date": "2022-01-07-08-00-00", "alternatives": ["3", "3", "34"]}, {"date": "2022-01-07-08-00-00", "alternatives": ["3", "3", "34"]}, {"date": "2022-01-07-08-00-00", "alternatives": ["3", "3", "34"]}, {"date": "2022-01-07-08-00-00", "alternatives": ["3", "3", "34"]}, {"date": "2022-01-07-08-00-00", "alternatives": ["3", "3", "34"]}, {"date": "2022-01-07-08-00-00", "alternatives": ["3", "3", "34"]}, {"date": "2022-01-07-08-00-00", "alternatives": ["3", "3", "34"]}, {"date": "2022-01-07-08-00-00", "alternatives": ["3", "3", "34"]}, {"date": "2022-01-07-08-00-00", "alternatives": ["3", "3", "34"]}, {"date": "2022-01-07-08-00-00", "alternatives": ["3", "3", "34"]}, {"date": "2022-01-07-08-00-00", "alternatives": ["3", "3", "34"]}, {"date": "2022-01-07-08-00-00", "alternatives": ["3", "3", "34"]}, {"date": "2022-01-07-08-00-00", "alternatives": ["3", "3", "34"]}]}, {"location": {"country_code": "il"}, "game_id": "273195", "values": [{"date": "2022-01-07-18-00-00", "alternatives": ["53", "53", "52"]}, {"date": "2022-01-07-18-00-00", "alternatives": ["53", "53", "52"]}]}, {"location": {"country_code": "ru", "region": "Ryazan Oblast", "city": "Ryazan"}, "game_id": "273195", "values": [{"date": "2022-01-07-11-00-00", "alternatives": ["52", "52", "92"]}, {"date": "2022-01-07-11-00-00", "alternatives": ["52", "52", "92"]}, {"date": "2022-01-07-11-00-00", "alternatives": ["52", "52", "92"]}, {"date": "2022-01-07-11-00-00", "alternatives": ["52", "52", "92"]}, {"date": "2022-01-07-11-00-00", "alternatives": ["52", "52", "92"]}, {"date": "2022-01-07-11-00-00", "alternatives": ["52", "52", "92"]}]}, {"location": {"country_code": "us", "region": "Indiana", "city": "Muncie"}, "game_id": "273195", "values": [{"date": "2022-01-07-04-00-00", "alternatives": ["4", "42", "4"]}, {"date": "2022-01-07-04-00-00", "alternatives": ["4", "42", "4"]}]}, {"location": {"country_code": "us", "region": "Arizona", "city": "Tucson"}, "game_id": "273195", "values": [{"date": "2022-01-07-07-00-00", "alternatives": ["20", "2", "2"]}, {"date": "2022-01-07-07-00-00", "alternatives": ["20", "2", "2"]}, {"date": "2022-01-07-07-00-00", "alternatives": ["20", "2", "2"]}, {"date": "2022-01-07-07-00-00", "alternatives": ["20", "2", "2"]}, {"date": "2022-01-07-07-00-00", "alternatives": ["20", "2", "2"]}]}, {"location": {"country_code": "fr", "region": "Nord-Passo di Calais-Piccardia", "city": "Saint-Pol-sur-Ternoise"}, "game_id": "273195", "values": [{"date": "2022-01-07-02-00-00", "alternatives": ["19", "6", "19"]}, {"date": "2022-01-07-02-00-00", "alternatives": ["19", "6", "19"]}]}, {"location": {"country_code": "cl", "region": "Valparaiso", "city": "Quilpue"}, "game_id": "273195", "values": [{"date": "2022-01-08-01-00-00", "alternatives": ["81", "8", "8"]}]}, {"location": {"country_code": "us", "region": "Ohio", "city": "Toledo"}, "game_id": "273195", "values": [{"date": "2022-01-07-20-00-00", "alternatives": ["270", "23", "23"]}, {"date": "2022-01-07-20-00-00", "alternatives": ["270", "23", "23"]}, {"date": "2022-01-07-20-00-00", "alternatives": ["270", "23", "23"]}]}, {"location": {"country_code": "us", "region": "Michigan", "city": "Ann Arbor"}, "game_id": "273195", "values": [{"date": "2022-01-07-06-00-00", "alternatives": ["49", "49", "40"]}, {"date": "2022-01-07-06-00-00", "alternatives": ["49", "49", "40"]}, {"date": "2022-01-07-06-00-00", "alternatives": ["49", "49", "40"]}]}, {"location": {"country_code": "tr", "region": "Guneydogu Anadolu Bolgesi", "city": "Gaziantep"}, "game_id": "273195", "values": [{"date": "2022-01-07-14-00-00", "alternatives": ["84", "83", "84"]}]}, {"location": {"country_code": "us", "region": "New Jersey", "city": "Burlington"}, "game_id": "273195", "values": [{"date": "2022-01-07-02-00-00", "alternatives": ["55", "65", "55"]}]}, {"location": {"country_code": "ar", "region": "Rio Negro Province", "city": "Viedma"}, "game_id": "273195", "values": [{"date": "2022-01-07-06-00-00", "alternatives": ["47", "9", "47"]}]}, {"location": {"country_code": "se", "region": "Vasternorrland County", "city": "Sundsvall"}, "game_id": "273195", "values": [{"date": "2022-01-07-19-00-00", "alternatives": ["292", "232", "232"]}, {"date": "2022-01-07-19-00-00", "alternatives": ["292", "232", "232"]}]}, {"location": {"country_code": "ae", "region": "Abu Dhabi Emirate", "city": "Abu Dhabi"}, "game_id": "273195", "values": [{"date": "2022-01-07-19-00-00", "alternatives": ["136", "130", "130"]}]}, {"location": {"country_code": "br", "region": "Minas Gerais", "city": "Ouro Branco"}, "game_id": "273195", "values": [{"date": "2022-01-08-01-00-00", "alternatives": ["28", "2803", "28"]}]}, {"location": {"country_code": "ar", "region": "Buenos Aires", "city": "Quilmes"}, "game_id": "273195", "values": [{"date": "2022-01-07-23-00-00", "alternatives": ["3701", "37", "37"]}, {"date": "2022-01-07-23-00-00", "alternatives": ["3701", "37", "37"]}, {"date": "2022-01-07-23-00-00", "alternatives": ["3701", "37", "37"]}, {"date": "2022-01-07-23-00-00", "alternatives": ["3701", "37", "37"]}, {"date": "2022-01-07-23-00-00", "alternatives": ["3701", "37", "37"]}, {"date": "2022-01-07-23-00-00", "alternatives": ["3701", "37", "37"]}, {"date": "2022-01-07-23-00-00", "alternatives": ["3701", "37", "37"]}, {"date": "2022-01-07-23-00-00", "alternatives": ["3701", "37", "37"]}, {"date": "2022-01-07-23-00-00", "alternatives": ["3701", "37", "37"]}, {"date": "2022-01-07-23-00-00", "alternatives": ["3701", "37", "37"]}, {"date": "2022-01-07-23-00-00", "alternatives": ["3701", "37", "37"]}]}, {"location": {"country_code": "us", "region": "Pennsylvania", "city": "State College"}, "game_id": "273195", "values": [{"date": "2022-01-07-01-00-00", "alternatives": [0, 70, 70, 70]}, {"date": "2022-01-07-01-00-00", "alternatives": [0, 70, 70, 70]}]}, {"location": {"country_code": "br", "region": "Santa Catarina", "city": "Indaial"}, "game_id": "273195", "values": [{"date": "2022-01-07-17-00-00", "alternatives": ["282", "202", "202"]}, {"date": "2022-01-07-17-00-00", "alternatives": ["282", "202", "202"]}, {"date": "2022-01-07-17-00-00", "alternatives": ["282", "202", "202"]}, {"date": "2022-01-07-17-00-00", "alternatives": ["282", "202", "202"]}]}, {"location": {"country_code": "hu", "region": "Vas", "city": "Kormend"}, "game_id": "273195", "values": [{"date": "2022-01-07-17-00-00", "alternatives": ["31", "3", "3"]}, {"date": "2022-01-07-17-00-00", "alternatives": ["31", "3", "3"]}, {"date": "2022-01-07-17-00-00", "alternatives": ["31", "3", "3"]}, {"date": "2022-01-07-17-00-00", "alternatives": ["31", "3", "3"]}, {"date": "2022-01-07-17-00-00", "alternatives": ["31", "3", "3"]}]}, {"location": {"country_code": "us", "region": "New York", "city": "Malone"}, "game_id": "273195", "values": [{"date": "2022-01-07-23-00-00", "alternatives": ["4", "45", "4"]}, {"date": "2022-01-07-23-00-00", "alternatives": ["4", "45", "4"]}, {"date": "2022-01-07-23-00-00", "alternatives": ["4", "45", "4"]}, {"date": "2022-01-07-23-00-00", "alternatives": ["4", "45", "4"]}, {"date": "2022-01-07-23-00-00", "alternatives": ["4", "45", "4"]}, {"date": "2022-01-07-23-00-00", "alternatives": ["4", "45", "4"]}]}, {"location": {"country_code": "br", "region": "Para", "city": "Itaituba"}, "game_id": "273195", "values": [{"date": "2022-01-07-05-00-00", "alternatives": ["8", "58", "8"]}, {"date": "2022-01-07-05-00-00", "alternatives": ["8", "58", "8"]}]}, {"location": {"country_code": "us", "region": "Tennessee", "city": "LaFollette"}, "game_id": "273195", "values": [{"date": "2022-01-08-00-00-00", "alternatives": ["2", "2", "12"]}, {"date": "2022-01-08-00-00-00", "alternatives": ["2", "2", "12"]}]}, {"location": {"country_code": "us", "region": "Connecticut", "city": "Glastonbury"}, "game_id": "273195", "values": [{"date": "2022-01-07-07-00-00", "alternatives": ["99", "66", "99"]}, {"date": "2022-01-07-07-00-00", "alternatives": ["99", "66", "99"]}, {"date": "2022-01-07-07-00-00", "alternatives": ["99", "66", "99"]}, {"date": "2022-01-07-07-00-00", "alternatives": ["99", "66", "99"]}, {"date": "2022-01-07-07-00-00", "alternatives": ["99", "66", "99"]}]}, {"location": {"country_code": "br", "region": "Pernambuco", "city": "Floresta, Regiao Geografica Imediata de Serra Talhada, Regiao Geografica Intermediaria de Serra Talhada, Pernambuco, Regiao Nordeste, 56400-000, Brasil"}, "game_id": "273195", "values": [{"date": "2022-01-07-02-00-00", "alternatives": ["44", "9", "44"]}, {"date": "2022-01-07-02-00-00", "alternatives": ["44", "9", "44"]}]}], "last_updated": 1719917572.892531}