{"data": [{"location": {"country_code": "us"}, "game_id": "101342", "values": [{"date": "2023-08-27-00-00-00", "alternatives": [3165, 165, 165, 165, 165]}, {"date": "2023-08-27-00-00-00", "alternatives": [3165, 165, 165, 165, 165]}, {"date": "2023-08-27-00-00-00", "alternatives": [3165, 165, 165, 165, 165]}, {"date": "2023-08-27-00-00-00", "alternatives": [3165, 165, 165, 165, 165]}, {"date": "2023-08-27-00-00-00", "alternatives": [3165, 165, 165, 165, 165]}, {"date": "2023-08-27-00-00-00", "alternatives": [3165, 165, 165, 165, 165]}, {"date": "2023-08-27-00-00-00", "alternatives": [3165, 165, 165, 165, 165]}, {"date": "2023-08-27-00-00-00", "alternatives": [3165, 165, 165, 165, 165]}, {"date": "2023-08-27-00-00-00", "alternatives": [3165, 165, 165, 165, 165]}, {"date": "2023-08-27-00-00-00", "alternatives": [3165, 165, 165, 165, 165]}, {"date": "2023-08-27-00-00-00", "alternatives": [3165, 165, 165, 165, 165]}, {"date": "2023-08-27-00-00-00", "alternatives": [3165, 165, 165, 165, 165]}, {"date": "2023-08-26-05-00-00", "alternatives": [65, 5, 65, 65]}, {"date": "2023-08-26-05-00-00", "alternatives": [65, 5, 65, 65]}, {"date": "2023-08-26-05-00-00", "alternatives": [65, 5, 65, 65]}, {"date": "2023-08-26-05-00-00", "alternatives": [65, 5, 65, 65]}, {"date": "2023-08-26-19-00-00", "alternatives": [59, 65, 39, 59, 59, 59]}, {"date": "2023-08-26-19-00-00", "alternatives": [59, 65, 39, 59, 59, 59]}, {"date": "2023-08-26-19-00-00", "alternatives": [59, 65, 39, 59, 59, 59]}, {"date": "2023-08-26-19-00-00", "alternatives": [59, 65, 39, 59, 59, 59]}, {"date": "2023-08-26-19-00-00", "alternatives": [59, 65, 39, 59, 59, 59]}, {"date": "2023-08-26-19-00-00", "alternatives": [59, 65, 39, 59, 59, 59]}, {"date": "2023-08-26-19-00-00", "alternatives": [59, 65, 39, 59, 59, 59]}, {"date": "2023-08-26-19-00-00", "alternatives": [59, 65, 39, 59, 59, 59]}, {"date": "2023-08-26-19-00-00", "alternatives": [59, 65, 39, 59, 59, 59]}, {"date": "2023-08-26-19-00-00", "alternatives": [59, 65, 39, 59, 59, 59]}, {"date": "2023-08-26-19-00-00", "alternatives": [59, 65, 39, 59, 59, 59]}, {"date": "2023-08-26-19-00-00", "alternatives": [59, 65, 39, 59, 59, 59]}, {"date": "2023-08-26-19-00-00", "alternatives": [59, 65, 39, 59, 59, 59]}, {"date": "2023-08-26-19-00-00", "alternatives": [59, 65, 39, 59, 59, 59]}, {"date": "2023-08-27-01-00-00", "alternatives": [85, 83, 85, 85, 85]}, {"date": "2023-08-27-01-00-00", "alternatives": [85, 83, 85, 85, 85]}, {"date": "2023-08-27-01-00-00", "alternatives": [85, 83, 85, 85, 85]}, {"date": "2023-08-27-01-00-00", "alternatives": [85, 83, 85, 85, 85]}, {"date": "2023-08-27-01-00-00", "alternatives": [85, 83, 85, 85, 85]}, {"date": "2023-08-26-04-00-00", "alternatives": [42, 42, 42, 42]}, {"date": "2023-08-26-04-00-00", "alternatives": [42, 42, 42, 42]}, {"date": "2023-08-26-04-00-00", "alternatives": [42, 42, 42, 42]}, {"date": "2023-08-26-04-00-00", "alternatives": [42, 42, 42, 42]}, {"date": "2023-08-26-04-00-00", "alternatives": [42, 42, 42, 42]}, {"date": "2023-08-26-04-00-00", "alternatives": [42, 42, 42, 42]}, {"date": "2023-08-26-04-00-00", "alternatives": [42, 42, 42, 42]}, {"date": "2023-08-26-04-00-00", "alternatives": [42, 42, 42, 42]}, {"date": "2023-08-26-04-00-00", "alternatives": [42, 42, 42, 42]}, {"date": "2023-08-26-04-00-00", "alternatives": [42, 42, 42, 42]}, {"date": "2023-08-26-04-00-00", "alternatives": [42, 42, 42, 42]}, {"date": "2023-08-26-04-00-00", "alternatives": [42, 42, 42, 42]}, {"date": "2023-08-26-04-00-00", "alternatives": [42, 42, 42, 42]}, {"date": "2023-08-27-02-00-00", "alternatives": ["53", "53", "353"]}, {"date": "2023-08-27-02-00-00", "alternatives": ["53", "53", "353"]}, {"date": "2023-08-27-02-00-00", "alternatives": ["53", "53", "353"]}, {"date": "2023-08-27-02-00-00", "alternatives": ["53", "53", "353"]}, {"date": "2023-08-27-02-00-00", "alternatives": ["53", "53", "353"]}, {"date": "2023-08-27-02-00-00", "alternatives": ["53", "53", "353"]}, {"date": "2023-08-27-02-00-00", "alternatives": ["53", "53", "353"]}]}, {"location": {"country_code": "gb"}, "game_id": "101342", "values": [{"date": "2023-08-27-01-00-00", "alternatives": ["100", "100", "160"]}, {"date": "2023-08-27-01-00-00", "alternatives": ["100", "100", "160"]}, {"date": "2023-08-26-21-00-00", "alternatives": ["93", "98", "98"]}, {"date": "2023-08-26-20-00-00", "alternatives": [89, 68, 8, 89, 89]}, {"date": "2023-08-26-20-00-00", "alternatives": [89, 68, 8, 89, 89]}, {"date": "2023-08-26-20-00-00", "alternatives": [89, 68, 8, 89, 89]}, {"date": "2023-08-26-20-00-00", "alternatives": [89, 68, 8, 89, 89]}, {"date": "2023-08-26-20-00-00", "alternatives": [89, 68, 8, 89, 89]}, {"date": "2023-08-26-20-00-00", "alternatives": [89, 68, 8, 89, 89]}, {"date": "2023-08-26-20-00-00", "alternatives": [89, 68, 8, 89, 89]}, {"date": "2023-08-26-20-00-00", "alternatives": [89, 68, 8, 89, 89]}, {"date": "2023-08-26-20-00-00", "alternatives": [89, 68, 8, 89, 89]}, {"date": "2023-08-26-20-00-00", "alternatives": [89, 68, 8, 89, 89]}, {"date": "2023-08-26-20-00-00", "alternatives": [89, 68, 8, 89, 89]}, {"date": "2023-08-26-20-00-00", "alternatives": [89, 68, 8, 89, 89]}, {"date": "2023-08-26-20-00-00", "alternatives": [89, 68, 8, 89, 89]}, {"date": "2023-08-26-20-00-00", "alternatives": [89, 68, 8, 89, 89]}, {"date": "2023-08-26-20-00-00", "alternatives": [89, 68, 8, 89, 89]}, {"date": "2023-08-26-20-00-00", "alternatives": [89, 68, 8, 89, 89]}, {"date": "2023-08-26-20-00-00", "alternatives": [89, 68, 8, 89, 89]}, {"date": "2023-08-26-20-00-00", "alternatives": [89, 68, 8, 89, 89]}, {"date": "2023-08-26-20-00-00", "alternatives": [89, 68, 8, 89, 89]}]}, {"location": {"country_code": "nl"}, "game_id": "101342", "values": [{"date": "2023-08-26-12-00-00", "alternatives": ["36", "96", "96"]}, {"date": "2023-08-26-15-00-00", "alternatives": ["53", "53", "93"]}]}, {"location": {"country_code": "it"}, "game_id": "101342", "values": [{"date": "2023-08-26-15-00-00", "alternatives": [85, 83, 85, 85, 85]}, {"date": "2023-08-26-15-00-00", "alternatives": [85, 83, 85, 85, 85]}, {"date": "2023-08-26-15-00-00", "alternatives": [85, 83, 85, 85, 85]}, {"date": "2023-08-26-15-00-00", "alternatives": [85, 83, 85, 85, 85]}, {"date": "2023-08-26-15-00-00", "alternatives": [85, 83, 85, 85, 85]}, {"date": "2023-08-26-15-00-00", "alternatives": [85, 83, 85, 85, 85]}, {"date": "2023-08-26-15-00-00", "alternatives": [85, 83, 85, 85, 85]}, {"date": "2023-08-26-15-00-00", "alternatives": [85, 83, 85, 85, 85]}, {"date": "2023-08-26-15-00-00", "alternatives": [85, 83, 85, 85, 85]}, {"date": "2023-08-26-15-00-00", "alternatives": [85, 83, 85, 85, 85]}, {"date": "2023-08-26-15-00-00", "alternatives": [85, 83, 85, 85, 85]}, {"date": "2023-08-26-15-00-00", "alternatives": [85, 83, 85, 85, 85]}, {"date": "2023-08-26-15-00-00", "alternatives": [85, 83, 85, 85, 85]}, {"date": "2023-08-26-15-00-00", "alternatives": [85, 83, 85, 85, 85]}, {"date": "2023-08-26-15-00-00", "alternatives": [85, 83, 85, 85, 85]}, {"date": "2023-08-26-15-00-00", "alternatives": [85, 83, 85, 85, 85]}, {"date": "2023-08-26-15-00-00", "alternatives": [85, 83, 85, 85, 85]}]}, {"location": {"country_code": "ro"}, "game_id": "101342", "values": [{"date": "2023-08-26-22-00-00", "alternatives": ["90", "90", "6"]}, {"date": "2023-08-26-22-00-00", "alternatives": ["90", "90", "6"]}, {"date": "2023-08-26-22-00-00", "alternatives": ["90", "90", "6"]}, {"date": "2023-08-26-22-00-00", "alternatives": ["90", "90", "6"]}]}, {"location": {"country_code": "ca"}, "game_id": "101342", "values": [{"date": "2023-08-26-02-00-00", "alternatives": [80, 86, 80, 80]}, {"date": "2023-08-26-02-00-00", "alternatives": [80, 86, 80, 80]}, {"date": "2023-08-26-02-00-00", "alternatives": [80, 86, 80, 80]}, {"date": "2023-08-26-02-00-00", "alternatives": [80, 86, 80, 80]}, {"date": "2023-08-26-02-00-00", "alternatives": [80, 86, 80, 80]}, {"date": "2023-08-26-10-00-00", "alternatives": [97, 97, 97]}, {"date": "2023-08-26-10-00-00", "alternatives": [97, 97, 97]}, {"date": "2023-08-26-10-00-00", "alternatives": [97, 97, 97]}, {"date": "2023-08-26-10-00-00", "alternatives": [97, 97, 97]}, {"date": "2023-08-26-10-00-00", "alternatives": [97, 97, 97]}, {"date": "2023-08-26-10-00-00", "alternatives": [97, 97, 97]}, {"date": "2023-08-26-10-00-00", "alternatives": [97, 97, 97]}, {"date": "2023-08-27-01-00-00", "alternatives": [105, 106, 186, 6, 106, 106]}, {"date": "2023-08-27-01-00-00", "alternatives": [105, 106, 186, 6, 106, 106]}]}, {"location": {"country_code": "us", "region": "Texas", "city": "Houston"}, "game_id": "101342", "values": [{"date": "2023-08-27-02-00-00", "alternatives": ["58", "58", "38"]}, {"date": "2023-08-27-02-00-00", "alternatives": ["58", "58", "38"]}, {"date": "2023-08-27-02-00-00", "alternatives": ["58", "58", "38"]}]}, {"location": {"country_code": "de"}, "game_id": "101342", "values": [{"date": "2023-08-26-18-00-00", "alternatives": [79, 76, 79, 79]}, {"date": "2023-08-26-18-00-00", "alternatives": [79, 76, 79, 79]}, {"date": "2023-08-26-22-00-00", "alternatives": [75, 95, 75, 75, 75]}, {"date": "2023-08-26-22-00-00", "alternatives": [75, 95, 75, 75, 75]}, {"date": "2023-08-26-22-00-00", "alternatives": [75, 95, 75, 75, 75]}, {"date": "2023-08-26-22-00-00", "alternatives": [75, 95, 75, 75, 75]}, {"date": "2023-08-26-22-00-00", "alternatives": [75, 95, 75, 75, 75]}, {"date": "2023-08-26-22-00-00", "alternatives": [75, 95, 75, 75, 75]}, {"date": "2023-08-26-22-00-00", "alternatives": [75, 95, 75, 75, 75]}, {"date": "2023-08-26-22-00-00", "alternatives": [75, 95, 75, 75, 75]}, {"date": "2023-08-26-22-00-00", "alternatives": [75, 95, 75, 75, 75]}, {"date": "2023-08-26-22-00-00", "alternatives": [75, 95, 75, 75, 75]}, {"date": "2023-08-26-22-00-00", "alternatives": [75, 95, 75, 75, 75]}, {"date": "2023-08-26-22-00-00", "alternatives": [75, 95, 75, 75, 75]}, {"date": "2023-08-26-22-00-00", "alternatives": [75, 95, 75, 75, 75]}, {"date": "2023-08-26-22-00-00", "alternatives": [75, 95, 75, 75, 75]}, {"date": "2023-08-26-22-00-00", "alternatives": [75, 95, 75, 75, 75]}]}, {"location": {"country_code": "gb", "region": "Scotland", "city": "Glasgow"}, "game_id": "101342", "values": [{"date": "2023-08-26-17-00-00", "alternatives": ["85", "85", "8"]}, {"date": "2023-08-26-17-00-00", "alternatives": ["85", "85", "8"]}, {"date": "2023-08-26-17-00-00", "alternatives": ["85", "85", "8"]}, {"date": "2023-08-26-17-00-00", "alternatives": ["85", "85", "8"]}, {"date": "2023-08-26-17-00-00", "alternatives": ["85", "85", "8"]}]}, {"location": {"country_code": "fr"}, "game_id": "101342", "values": [{"date": "2023-08-27-01-00-00", "alternatives": [49, 49, 49, 49]}, {"date": "2023-08-27-01-00-00", "alternatives": [49, 49, 49, 49]}, {"date": "2023-08-26-20-00-00", "alternatives": [74, 4, 74, 74, 74]}, {"date": "2023-08-26-20-00-00", "alternatives": [74, 4, 74, 74, 74]}, {"date": "2023-08-26-20-00-00", "alternatives": [74, 4, 74, 74, 74]}, {"date": "2023-08-26-20-00-00", "alternatives": [74, 4, 74, 74, 74]}, {"date": "2023-08-26-20-00-00", "alternatives": [74, 4, 74, 74, 74]}, {"date": "2023-08-26-20-00-00", "alternatives": [74, 4, 74, 74, 74]}, {"date": "2023-08-26-20-00-00", "alternatives": [74, 4, 74, 74, 74]}, {"date": "2023-08-26-20-00-00", "alternatives": [74, 4, 74, 74, 74]}, {"date": "2023-08-26-20-00-00", "alternatives": [74, 4, 74, 74, 74]}, {"date": "2023-08-26-20-00-00", "alternatives": [74, 4, 74, 74, 74]}, {"date": "2023-08-26-20-00-00", "alternatives": [74, 4, 74, 74, 74]}, {"date": "2023-08-26-20-00-00", "alternatives": [74, 4, 74, 74, 74]}, {"date": "2023-08-26-20-00-00", "alternatives": [74, 4, 74, 74, 74]}, {"date": "2023-08-26-20-00-00", "alternatives": [74, 4, 74, 74, 74]}, {"date": "2023-08-26-20-00-00", "alternatives": [74, 4, 74, 74, 74]}, {"date": "2023-08-26-20-00-00", "alternatives": [74, 4, 74, 74, 74]}, {"date": "2023-08-26-20-00-00", "alternatives": [74, 4, 74, 74, 74]}, {"date": "2023-08-26-20-00-00", "alternatives": [74, 4, 74, 74, 74]}, {"date": "2023-08-26-20-00-00", "alternatives": [74, 4, 74, 74, 74]}, {"date": "2023-08-26-20-00-00", "alternatives": [74, 4, 74, 74, 74]}]}, {"location": {"country_code": "mx"}, "game_id": "101342", "values": [{"date": "2023-08-26-05-00-00", "alternatives": [7, 77, 77, 77]}, {"date": "2023-08-26-05-00-00", "alternatives": [7, 77, 77, 77]}, {"date": "2023-08-26-05-00-00", "alternatives": [7, 77, 77, 77]}, {"date": "2023-08-26-11-00-00", "alternatives": [5, 65, 6573, 65, 65]}, {"date": "2023-08-26-11-00-00", "alternatives": [5, 65, 6573, 65, 65]}, {"date": "2023-08-26-11-00-00", "alternatives": [5, 65, 6573, 65, 65]}, {"date": "2023-08-26-11-00-00", "alternatives": [5, 65, 6573, 65, 65]}, {"date": "2023-08-26-11-00-00", "alternatives": [5, 65, 6573, 65, 65]}, {"date": "2023-08-26-11-00-00", "alternatives": [5, 65, 6573, 65, 65]}]}, {"location": {"country_code": "br", "region": "Sao Paulo", "city": "Apiai"}, "game_id": "101342", "values": [{"date": "2023-08-26-23-00-00", "alternatives": [4, 46, 44, 46, 46]}, {"date": "2023-08-26-23-00-00", "alternatives": [4, 46, 44, 46, 46]}, {"date": "2023-08-26-23-00-00", "alternatives": [4, 46, 44, 46, 46]}, {"date": "2023-08-26-23-00-00", "alternatives": [4, 46, 44, 46, 46]}, {"date": "2023-08-26-23-00-00", "alternatives": [4, 46, 44, 46, 46]}, {"date": "2023-08-26-23-00-00", "alternatives": [4, 46, 44, 46, 46]}]}, {"location": {"country_code": "se"}, "game_id": "101342", "values": [{"date": "2023-08-27-00-00-00", "alternatives": ["225", "285", "285"]}, {"date": "2023-08-27-00-00-00", "alternatives": ["225", "285", "285"]}, {"date": "2023-08-27-00-00-00", "alternatives": ["225", "285", "285"]}, {"date": "2023-08-27-00-00-00", "alternatives": ["225", "285", "285"]}, {"date": "2023-08-27-01-00-00", "alternatives": [91, 6, 21, 91, 91]}, {"date": "2023-08-27-01-00-00", "alternatives": [91, 6, 21, 91, 91]}, {"date": "2023-08-26-14-00-00", "alternatives": [74, 4, 74, 74]}, {"date": "2023-08-26-14-00-00", "alternatives": [74, 4, 74, 74]}, {"date": "2023-08-26-14-00-00", "alternatives": [74, 4, 74, 74]}, {"date": "2023-08-26-14-00-00", "alternatives": [74, 4, 74, 74]}, {"date": "2023-08-26-14-00-00", "alternatives": [74, 4, 74, 74]}, {"date": "2023-08-26-14-00-00", "alternatives": [74, 4, 74, 74]}, {"date": "2023-08-26-14-00-00", "alternatives": [74, 4, 74, 74]}, {"date": "2023-08-26-14-00-00", "alternatives": [74, 4, 74, 74]}, {"date": "2023-08-26-14-00-00", "alternatives": [74, 4, 74, 74]}, {"date": "2023-08-26-14-00-00", "alternatives": [74, 4, 74, 74]}, {"date": "2023-08-26-14-00-00", "alternatives": [74, 4, 74, 74]}]}, {"location": {"country_code": "no"}, "game_id": "101342", "values": [{"date": "2023-08-27-02-00-00", "alternatives": ["180", "180", "186"]}, {"date": "2023-08-27-02-00-00", "alternatives": ["180", "180", "186"]}, {"date": "2023-08-27-02-00-00", "alternatives": ["180", "180", "186"]}, {"date": "2023-08-27-02-00-00", "alternatives": ["180", "180", "186"]}, {"date": "2023-08-27-02-00-00", "alternatives": ["180", "180", "186"]}, {"date": "2023-08-26-19-00-00", "alternatives": [80, 88, 80, 80]}, {"date": "2023-08-26-19-00-00", "alternatives": [80, 88, 80, 80]}, {"date": "2023-08-26-19-00-00", "alternatives": [80, 88, 80, 80]}, {"date": "2023-08-26-19-00-00", "alternatives": [80, 88, 80, 80]}, {"date": "2023-08-26-19-00-00", "alternatives": [80, 88, 80, 80]}, {"date": "2023-08-26-19-00-00", "alternatives": [80, 88, 80, 80]}, {"date": "2023-08-26-19-00-00", "alternatives": [80, 88, 80, 80]}, {"date": "2023-08-26-19-00-00", "alternatives": [80, 88, 80, 80]}, {"date": "2023-08-26-19-00-00", "alternatives": [80, 88, 80, 80]}, {"date": "2023-08-26-19-00-00", "alternatives": [80, 88, 80, 80]}]}, {"location": {"country_code": "au"}, "game_id": "101342", "values": [{"date": "2023-08-26-12-00-00", "alternatives": ["55", "55", "395"]}, {"date": "2023-08-26-12-00-00", "alternatives": ["55", "55", "395"]}, {"date": "2023-08-26-12-00-00", "alternatives": ["55", "55", "395"]}, {"date": "2023-08-26-13-00-00", "alternatives": [72, 2, 72, 72, 72]}, {"date": "2023-08-26-13-00-00", "alternatives": [72, 2, 72, 72, 72]}, {"date": "2023-08-26-13-00-00", "alternatives": [72, 2, 72, 72, 72]}, {"date": "2023-08-26-13-00-00", "alternatives": [72, 2, 72, 72, 72]}, {"date": "2023-08-26-13-00-00", "alternatives": [72, 2, 72, 72, 72]}, {"date": "2023-08-26-13-00-00", "alternatives": [72, 2, 72, 72, 72]}, {"date": "2023-08-26-13-00-00", "alternatives": [72, 2, 72, 72, 72]}, {"date": "2023-08-26-13-00-00", "alternatives": [72, 2, 72, 72, 72]}, {"date": "2023-08-26-13-00-00", "alternatives": [72, 2, 72, 72, 72]}, {"date": "2023-08-26-13-00-00", "alternatives": [72, 2, 72, 72, 72]}, {"date": "2023-08-26-13-00-00", "alternatives": [72, 2, 72, 72, 72]}]}, {"location": {"country_code": "ar"}, "game_id": "101342", "values": [{"date": "2023-08-26-04-00-00", "alternatives": [87, 8, 87, 87]}, {"date": "2023-08-26-04-00-00", "alternatives": [87, 8, 87, 87]}, {"date": "2023-08-26-04-00-00", "alternatives": [87, 8, 87, 87]}, {"date": "2023-08-26-04-00-00", "alternatives": [87, 8, 87, 87]}, {"date": "2023-08-26-04-00-00", "alternatives": [87, 8, 87, 87]}, {"date": "2023-08-26-04-00-00", "alternatives": [87, 8, 87, 87]}, {"date": "2023-08-26-04-00-00", "alternatives": [87, 8, 87, 87]}, {"date": "2023-08-26-04-00-00", "alternatives": [87, 8, 87, 87]}, {"date": "2023-08-26-04-00-00", "alternatives": [87, 8, 87, 87]}, {"date": "2023-08-26-04-00-00", "alternatives": [87, 8, 87, 87]}, {"date": "2023-08-26-04-00-00", "alternatives": [87, 8, 87, 87]}, {"date": "2023-08-26-04-00-00", "alternatives": [87, 8, 87, 87]}, {"date": "2023-08-26-04-00-00", "alternatives": [87, 8, 87, 87]}, {"date": "2023-08-26-04-00-00", "alternatives": [87, 8, 87, 87]}, {"date": "2023-08-26-04-00-00", "alternatives": [87, 8, 87, 87]}, {"date": "2023-08-26-04-00-00", "alternatives": [87, 8, 87, 87]}, {"date": "2023-08-26-04-00-00", "alternatives": [87, 8, 87, 87]}, {"date": "2023-08-26-04-00-00", "alternatives": [87, 8, 87, 87]}, {"date": "2023-08-26-04-00-00", "alternatives": [87, 8, 87, 87]}, {"date": "2023-08-26-04-00-00", "alternatives": [87, 8, 87, 87]}]}, {"location": {"country_code": "us", "region": "Hawaii"}, "game_id": "101342", "values": [{"date": "2023-08-26-06-00-00", "alternatives": [101, 161, 101, 101]}, {"date": "2023-08-26-06-00-00", "alternatives": [101, 161, 101, 101]}, {"date": "2023-08-26-06-00-00", "alternatives": [101, 161, 101, 101]}, {"date": "2023-08-26-06-00-00", "alternatives": [101, 161, 101, 101]}, {"date": "2023-08-26-06-00-00", "alternatives": [101, 161, 101, 101]}, {"date": "2023-08-26-06-00-00", "alternatives": [101, 161, 101, 101]}, {"date": "2023-08-26-06-00-00", "alternatives": [101, 161, 101, 101]}, {"date": "2023-08-26-06-00-00", "alternatives": [101, 161, 101, 101]}, {"date": "2023-08-26-06-00-00", "alternatives": [101, 161, 101, 101]}, {"date": "2023-08-26-06-00-00", "alternatives": [101, 161, 101, 101]}, {"date": "2023-08-26-06-00-00", "alternatives": [101, 161, 101, 101]}, {"date": "2023-08-26-06-00-00", "alternatives": [101, 161, 101, 101]}, {"date": "2023-08-26-06-00-00", "alternatives": [101, 161, 101, 101]}, {"date": "2023-08-26-06-00-00", "alternatives": [101, 161, 101, 101]}, {"date": "2023-08-26-06-00-00", "alternatives": [101, 161, 101, 101]}, {"date": "2023-08-26-06-00-00", "alternatives": [101, 161, 101, 101]}]}, {"location": {"country_code": "us", "region": "Missouri", "city": "Downtown Kansas City"}, "game_id": "101342", "values": [{"date": "2023-08-27-01-00-00", "alternatives": [95, 36, 56, 56, 56]}, {"date": "2023-08-27-01-00-00", "alternatives": [95, 36, 56, 56, 56]}, {"date": "2023-08-27-01-00-00", "alternatives": [95, 36, 56, 56, 56]}, {"date": "2023-08-27-01-00-00", "alternatives": [95, 36, 56, 56, 56]}, {"date": "2023-08-27-01-00-00", "alternatives": [95, 36, 56, 56, 56]}, {"date": "2023-08-27-01-00-00", "alternatives": [95, 36, 56, 56, 56]}, {"date": "2023-08-27-01-00-00", "alternatives": [95, 36, 56, 56, 56]}, {"date": "2023-08-27-01-00-00", "alternatives": [95, 36, 56, 56, 56]}, {"date": "2023-08-27-01-00-00", "alternatives": [95, 36, 56, 56, 56]}]}, {"location": {"country_code": "us", "region": "Michigan"}, "game_id": "101342", "values": [{"date": "2023-08-26-21-00-00", "alternatives": ["52", "52", "2"]}, {"date": "2023-08-26-21-00-00", "alternatives": ["52", "52", "2"]}, {"date": "2023-08-27-00-00-00", "alternatives": ["5", "57", "5"]}, {"date": "2023-08-26-08-00-00", "alternatives": ["57", "57", "37"]}, {"date": "2023-08-26-08-00-00", "alternatives": ["57", "57", "37"]}, {"date": "2023-08-26-08-00-00", "alternatives": ["57", "57", "37"]}, {"date": "2023-08-26-08-00-00", "alternatives": ["57", "57", "37"]}, {"date": "2023-08-26-08-00-00", "alternatives": ["57", "57", "37"]}, {"date": "2023-08-26-08-00-00", "alternatives": ["57", "57", "37"]}, {"date": "2023-08-26-08-00-00", "alternatives": ["57", "57", "37"]}]}, {"location": {"country_code": "at", "region": "Vienna"}, "game_id": "101342", "values": [{"date": "2023-08-26-17-00-00", "alternatives": [7, 61, 61, 61]}, {"date": "2023-08-26-17-00-00", "alternatives": [7, 61, 61, 61]}, {"date": "2023-08-26-17-00-00", "alternatives": [7, 61, 61, 61]}, {"date": "2023-08-26-17-00-00", "alternatives": [7, 61, 61, 61]}]}, {"location": {"country_code": "hu"}, "game_id": "101342", "values": [{"date": "2023-08-26-23-00-00", "alternatives": [66, 6, 13366, 66, 66]}, {"date": "2023-08-26-23-00-00", "alternatives": [66, 6, 13366, 66, 66]}, {"date": "2023-08-26-23-00-00", "alternatives": [66, 6, 13366, 66, 66]}, {"date": "2023-08-26-23-00-00", "alternatives": [66, 6, 13366, 66, 66]}, {"date": "2023-08-26-23-00-00", "alternatives": [66, 6, 13366, 66, 66]}, {"date": "2023-08-26-23-00-00", "alternatives": [66, 6, 13366, 66, 66]}, {"date": "2023-08-26-23-00-00", "alternatives": [66, 6, 13366, 66, 66]}, {"date": "2023-08-26-23-00-00", "alternatives": [66, 6, 13366, 66, 66]}, {"date": "2023-08-26-23-00-00", "alternatives": [66, 6, 13366, 66, 66]}, {"date": "2023-08-26-23-00-00", "alternatives": [66, 6, 13366, 66, 66]}, {"date": "2023-08-26-23-00-00", "alternatives": [66, 6, 13366, 66, 66]}, {"date": "2023-08-26-23-00-00", "alternatives": [66, 6, 13366, 66, 66]}, {"date": "2023-08-26-23-00-00", "alternatives": [66, 6, 13366, 66, 66]}]}, {"location": {"country_code": "at"}, "game_id": "101342", "values": [{"date": "2023-08-26-19-00-00", "alternatives": [108, 138, 168, 7108, 108, 108]}, {"date": "2023-08-26-19-00-00", "alternatives": [108, 138, 168, 7108, 108, 108]}, {"date": "2023-08-26-19-00-00", "alternatives": [108, 138, 168, 7108, 108, 108]}, {"date": "2023-08-26-19-00-00", "alternatives": [108, 138, 168, 7108, 108, 108]}]}, {"location": {"country_code": "pl"}, "game_id": "101342", "values": [{"date": "2023-08-27-02-00-00", "alternatives": ["75", "75", "795"]}, {"date": "2023-08-27-02-00-00", "alternatives": ["75", "75", "795"]}, {"date": "2023-08-27-02-00-00", "alternatives": ["75", "75", "795"]}, {"date": "2023-08-26-23-00-00", "alternatives": ["70", "70", "76"]}, {"date": "2023-08-26-23-00-00", "alternatives": ["70", "70", "76"]}, {"date": "2023-08-26-23-00-00", "alternatives": ["70", "70", "76"]}, {"date": "2023-08-26-18-00-00", "alternatives": ["80", "80", "89"]}]}, {"location": {"country_code": "be", "region": "Brussels Capital", "city": "Brussels"}, "game_id": "101342", "values": [{"date": "2023-08-27-00-00-00", "alternatives": ["71", "71", "1"]}, {"date": "2023-08-27-00-00-00", "alternatives": ["71", "71", "1"]}, {"date": "2023-08-27-00-00-00", "alternatives": ["71", "71", "1"]}, {"date": "2023-08-27-00-00-00", "alternatives": ["71", "71", "1"]}, {"date": "2023-08-27-00-00-00", "alternatives": ["71", "71", "1"]}, {"date": "2023-08-27-00-00-00", "alternatives": ["71", "71", "1"]}]}, {"location": {"country_code": "us", "region": "North Carolina"}, "game_id": "101342", "values": [{"date": "2023-08-26-15-00-00", "alternatives": [57, 37, 57, 57, 57]}, {"date": "2023-08-26-15-00-00", "alternatives": [57, 37, 57, 57, 57]}, {"date": "2023-08-26-15-00-00", "alternatives": [57, 37, 57, 57, 57]}, {"date": "2023-08-26-15-00-00", "alternatives": [57, 37, 57, 57, 57]}, {"date": "2023-08-26-15-00-00", "alternatives": [57, 37, 57, 57, 57]}, {"date": "2023-08-26-15-00-00", "alternatives": [57, 37, 57, 57, 57]}, {"date": "2023-08-26-15-00-00", "alternatives": [57, 37, 57, 57, 57]}, {"date": "2023-08-26-15-00-00", "alternatives": [57, 37, 57, 57, 57]}, {"date": "2023-08-26-15-00-00", "alternatives": [57, 37, 57, 57, 57]}, {"date": "2023-08-26-15-00-00", "alternatives": [57, 37, 57, 57, 57]}, {"date": "2023-08-26-15-00-00", "alternatives": [57, 37, 57, 57, 57]}, {"date": "2023-08-26-15-00-00", "alternatives": [57, 37, 57, 57, 57]}]}, {"location": {"country_code": "br", "region": "Pernambuco", "city": "Pombos"}, "game_id": "101342", "values": [{"date": "2023-08-26-03-00-00", "alternatives": ["77", "77", "7"]}, {"date": "2023-08-26-03-00-00", "alternatives": ["77", "77", "7"]}, {"date": "2023-08-26-03-00-00", "alternatives": ["77", "77", "7"]}]}, {"location": {"country_code": "us", "region": "Wisconsin"}, "game_id": "101342", "values": [{"date": "2023-08-26-03-00-00", "alternatives": [115, 1195, 115, 115]}, {"date": "2023-08-26-03-00-00", "alternatives": [115, 1195, 115, 115]}, {"date": "2023-08-26-03-00-00", "alternatives": [115, 1195, 115, 115]}, {"date": "2023-08-26-03-00-00", "alternatives": [115, 1195, 115, 115]}, {"date": "2023-08-26-03-00-00", "alternatives": [115, 1195, 115, 115]}, {"date": "2023-08-26-03-00-00", "alternatives": [115, 1195, 115, 115]}, {"date": "2023-08-26-03-00-00", "alternatives": [115, 1195, 115, 115]}, {"date": "2023-08-26-03-00-00", "alternatives": [115, 1195, 115, 115]}, {"date": "2023-08-26-03-00-00", "alternatives": [115, 1195, 115, 115]}, {"date": "2023-08-26-03-00-00", "alternatives": [115, 1195, 115, 115]}, {"date": "2023-08-26-03-00-00", "alternatives": [115, 1195, 115, 115]}, {"date": "2023-08-26-03-00-00", "alternatives": [115, 1195, 115, 115]}, {"date": "2023-08-26-03-00-00", "alternatives": [115, 1195, 115, 115]}, {"date": "2023-08-26-03-00-00", "alternatives": [115, 1195, 115, 115]}, {"date": "2023-08-26-03-00-00", "alternatives": [115, 1195, 115, 115]}, {"date": "2023-08-26-03-00-00", "alternatives": [115, 1195, 115, 115]}, {"date": "2023-08-26-03-00-00", "alternatives": [115, 1195, 115, 115]}]}, {"location": {"country_code": "us", "region": "Colorado"}, "game_id": "101342", "values": [{"date": "2023-08-27-02-00-00", "alternatives": ["53", "53", "33"]}, {"date": "2023-08-27-02-00-00", "alternatives": ["53", "53", "33"]}, {"date": "2023-08-27-02-00-00", "alternatives": ["53", "53", "33"]}]}, {"location": {"country_code": "br", "region": "State of Rio de Janeiro", "city": "Angra dos Reis"}, "game_id": "101342", "values": [{"date": "2023-08-26-14-00-00", "alternatives": [36, 86, 86, 86]}, {"date": "2023-08-26-14-00-00", "alternatives": [36, 86, 86, 86]}, {"date": "2023-08-26-14-00-00", "alternatives": [36, 86, 86, 86]}, {"date": "2023-08-26-14-00-00", "alternatives": [36, 86, 86, 86]}, {"date": "2023-08-26-14-00-00", "alternatives": [36, 86, 86, 86]}, {"date": "2023-08-26-14-00-00", "alternatives": [36, 86, 86, 86]}, {"date": "2023-08-26-14-00-00", "alternatives": [36, 86, 86, 86]}, {"date": "2023-08-26-14-00-00", "alternatives": [36, 86, 86, 86]}, {"date": "2023-08-26-14-00-00", "alternatives": [36, 86, 86, 86]}]}, {"location": {"country_code": "fr", "region": "Ile-de-France Region", "city": "Paris"}, "game_id": "101342", "values": [{"date": "2023-08-26-18-00-00", "alternatives": [70, 70, 70]}, {"date": "2023-08-26-18-00-00", "alternatives": [70, 70, 70]}, {"date": "2023-08-26-18-00-00", "alternatives": [70, 70, 70]}, {"date": "2023-08-26-18-00-00", "alternatives": [70, 70, 70]}, {"date": "2023-08-26-18-00-00", "alternatives": [70, 70, 70]}, {"date": "2023-08-26-18-00-00", "alternatives": [70, 70, 70]}, {"date": "2023-08-26-18-00-00", "alternatives": [70, 70, 70]}, {"date": "2023-08-26-18-00-00", "alternatives": [70, 70, 70]}, {"date": "2023-08-26-18-00-00", "alternatives": [70, 70, 70]}, {"date": "2023-08-26-18-00-00", "alternatives": [70, 70, 70]}, {"date": "2023-08-26-18-00-00", "alternatives": [70, 70, 70]}, {"date": "2023-08-26-18-00-00", "alternatives": [70, 70, 70]}, {"date": "2023-08-26-18-00-00", "alternatives": [70, 70, 70]}, {"date": "2023-08-26-18-00-00", "alternatives": [70, 70, 70]}, {"date": "2023-08-26-18-00-00", "alternatives": [70, 70, 70]}, {"date": "2023-08-26-18-00-00", "alternatives": [70, 70, 70]}, {"date": "2023-08-26-18-00-00", "alternatives": [70, 70, 70]}, {"date": "2023-08-26-18-00-00", "alternatives": [70, 70, 70]}, {"date": "2023-08-26-18-00-00", "alternatives": [70, 70, 70]}, {"date": "2023-08-26-18-00-00", "alternatives": [70, 70, 70]}, {"date": "2023-08-26-18-00-00", "alternatives": [70, 70, 70]}, {"date": "2023-08-26-18-00-00", "alternatives": [70, 70, 70]}]}, {"location": {"country_code": "us", "region": "State of Maine"}, "game_id": "101342", "values": [{"date": "2023-08-26-02-00-00", "alternatives": [60, 60, 60, 68]}, {"date": "2023-08-26-02-00-00", "alternatives": [60, 60, 60, 68]}, {"date": "2023-08-26-02-00-00", "alternatives": [60, 60, 60, 68]}, {"date": "2023-08-26-02-00-00", "alternatives": [60, 60, 60, 68]}, {"date": "2023-08-26-02-00-00", "alternatives": [60, 60, 60, 68]}, {"date": "2023-08-26-02-00-00", "alternatives": [60, 60, 60, 68]}, {"date": "2023-08-26-02-00-00", "alternatives": [60, 60, 60, 68]}]}, {"location": {"country_code": "us", "region": "Georgia", "city": "Atlanta"}, "game_id": "101342", "values": [{"date": "2023-08-27-00-00-00", "alternatives": [62, 62, 62, 62]}, {"date": "2023-08-27-00-00-00", "alternatives": [62, 62, 62, 62]}, {"date": "2023-08-27-00-00-00", "alternatives": [62, 62, 62, 62]}, {"date": "2023-08-27-00-00-00", "alternatives": [62, 62, 62, 62]}, {"date": "2023-08-27-00-00-00", "alternatives": [62, 62, 62, 62]}, {"date": "2023-08-27-00-00-00", "alternatives": [62, 62, 62, 62]}, {"date": "2023-08-27-00-00-00", "alternatives": [62, 62, 62, 62]}, {"date": "2023-08-27-00-00-00", "alternatives": [62, 62, 62, 62]}]}, {"location": {"country_code": "br", "region": "Federal District"}, "game_id": "101342", "values": [{"date": "2023-08-27-01-00-00", "alternatives": ["103", "133", "103"]}]}, {"location": {"country_code": "us", "region": "Washington", "city": "Seattle"}, "game_id": "101342", "values": [{"date": "2023-08-26-03-00-00", "alternatives": [6, 6693, 66, 66, 66]}, {"date": "2023-08-26-03-00-00", "alternatives": [6, 6693, 66, 66, 66]}, {"date": "2023-08-26-03-00-00", "alternatives": [6, 6693, 66, 66, 66]}]}, {"location": {"country_code": "us", "region": "Louisiana"}, "game_id": "101342", "values": [{"date": "2023-08-26-22-00-00", "alternatives": ["115", "115", "1135"]}, {"date": "2023-08-26-22-00-00", "alternatives": ["115", "115", "1135"]}, {"date": "2023-08-26-22-00-00", "alternatives": ["115", "115", "1135"]}, {"date": "2023-08-26-22-00-00", "alternatives": ["115", "115", "1135"]}, {"date": "2023-08-26-22-00-00", "alternatives": ["115", "115", "1135"]}]}, {"location": {"country_code": "tr", "region": "Ic Anadolu Bolgesi"}, "game_id": "101342", "values": [{"date": "2023-08-27-01-00-00", "alternatives": [117, 117, 117, 117]}, {"date": "2023-08-27-01-00-00", "alternatives": [117, 117, 117, 117]}, {"date": "2023-08-27-01-00-00", "alternatives": [117, 117, 117, 117]}, {"date": "2023-08-27-01-00-00", "alternatives": [117, 117, 117, 117]}, {"date": "2023-08-27-01-00-00", "alternatives": [117, 117, 117, 117]}, {"date": "2023-08-27-01-00-00", "alternatives": [117, 117, 117, 117]}, {"date": "2023-08-27-01-00-00", "alternatives": [117, 117, 117, 117]}, {"date": "2023-08-27-01-00-00", "alternatives": [117, 117, 117, 117]}, {"date": "2023-08-27-01-00-00", "alternatives": [117, 117, 117, 117]}, {"date": "2023-08-27-01-00-00", "alternatives": [117, 117, 117, 117]}, {"date": "2023-08-27-01-00-00", "alternatives": [117, 117, 117, 117]}]}, {"location": {"country_code": "fr", "region": "Normandy"}, "game_id": "101342", "values": [{"date": "2023-08-27-01-00-00", "alternatives": [59, 50, 58, 50, 50]}, {"date": "2023-08-27-01-00-00", "alternatives": [59, 50, 58, 50, 50]}, {"date": "2023-08-27-01-00-00", "alternatives": [59, 50, 58, 50, 50]}, {"date": "2023-08-27-01-00-00", "alternatives": [59, 50, 58, 50, 50]}, {"date": "2023-08-27-01-00-00", "alternatives": [59, 50, 58, 50, 50]}, {"date": "2023-08-27-01-00-00", "alternatives": [59, 50, 58, 50, 50]}, {"date": "2023-08-27-01-00-00", "alternatives": [59, 50, 58, 50, 50]}, {"date": "2023-08-27-01-00-00", "alternatives": [59, 50, 58, 50, 50]}]}, {"location": {"country_code": "us", "region": "Michigan", "city": "Kalamazoo"}, "game_id": "101342", "values": [{"date": "2023-08-26-05-00-00", "alternatives": [72, 72, 72]}, {"date": "2023-08-26-05-00-00", "alternatives": [72, 72, 72]}, {"date": "2023-08-26-05-00-00", "alternatives": [72, 72, 72]}, {"date": "2023-08-26-05-00-00", "alternatives": [72, 72, 72]}, {"date": "2023-08-26-05-00-00", "alternatives": [72, 72, 72]}, {"date": "2023-08-26-05-00-00", "alternatives": [72, 72, 72]}, {"date": "2023-08-26-05-00-00", "alternatives": [72, 72, 72]}, {"date": "2023-08-26-05-00-00", "alternatives": [72, 72, 72]}, {"date": "2023-08-26-05-00-00", "alternatives": [72, 72, 72]}, {"date": "2023-08-26-05-00-00", "alternatives": [72, 72, 72]}, {"date": "2023-08-26-05-00-00", "alternatives": [72, 72, 72]}, {"date": "2023-08-26-05-00-00", "alternatives": [72, 72, 72]}, {"date": "2023-08-26-05-00-00", "alternatives": [72, 72, 72]}, {"date": "2023-08-26-05-00-00", "alternatives": [72, 72, 72]}]}], "last_updated": 1719918476.551498}