{"data": [{"location": {"country_code": "us"}, "game_id": "314852", "values": [{"date": "2023-09-27-18-00-00", "latency": 89}, {"date": "2023-09-27-07-00-00", "latency": 120}, {"date": "2023-09-27-07-00-00", "latency": 120}, {"date": "2023-09-27-07-00-00", "latency": 120}, {"date": "2023-09-27-04-00-00", "latency": 161}, {"date": "2023-09-27-04-00-00", "latency": 161}, {"date": "2023-09-27-04-00-00", "latency": 161}, {"date": "2023-09-27-04-00-00", "latency": 161}, {"date": "2023-09-27-04-00-00", "latency": 161}]}, {"location": {"country_code": "pa"}, "game_id": "314852", "values": [{"date": "2023-09-27-23-00-00", "latency": 195}]}, {"location": {"country_code": "jp"}, "game_id": "314852", "values": [{"date": "2023-09-27-16-00-00", "latency": 145}, {"date": "2023-09-27-16-00-00", "latency": 145}, {"date": "2023-09-27-16-00-00", "latency": 145}]}, {"location": {"country_code": "de"}, "game_id": "314852", "values": [{"date": "2023-09-27-18-00-00", "latency": 158}, {"date": "2023-09-27-18-00-00", "latency": 158}, {"date": "2023-09-27-18-00-00", "latency": 158}]}, {"location": {"country_code": "tw"}, "game_id": "314852", "values": [{"date": "2023-09-27-08-00-00", "latency": 133}, {"date": "2023-09-27-08-00-00", "latency": 133}, {"date": "2023-09-27-08-00-00", "latency": 133}, {"date": "2023-09-27-08-00-00", "latency": 133}, {"date": "2023-09-27-08-00-00", "latency": 133}, {"date": "2023-09-27-08-00-00", "latency": 133}, {"date": "2023-09-27-08-00-00", "latency": 133}, {"date": "2023-09-27-04-00-00", "latency": 152}]}, {"location": {"country_code": "cl"}, "game_id": "314852", "values": [{"date": "2023-09-27-05-00-00", "latency": 32}]}, {"location": {"country_code": "ph"}, "game_id": "314852", "values": [{"date": "2023-09-27-07-00-00", "latency": 322}]}, {"location": {"country_code": "fr"}, "game_id": "314852", "values": [{"date": "2023-09-27-15-00-00", "latency": 134}]}, {"location": {"country_code": "mx"}, "game_id": "314852", "values": [{"date": "2023-09-27-03-00-00", "latency": 86}, {"date": "2023-09-27-04-00-00", "latency": 197}, {"date": "2023-09-27-03-00-00", "latency": 86}, {"date": "2023-09-27-03-00-00", "latency": 86}, {"date": "2023-09-27-03-00-00", "latency": 86}, {"date": "2023-09-27-03-00-00", "latency": 86}, {"date": "2023-09-27-03-00-00", "latency": 86}, {"date": "2023-09-27-03-00-00", "latency": 86}, {"date": "2023-09-27-03-00-00", "latency": 86}]}, {"location": {"country_code": "mx", "region": "Mexico City"}, "game_id": "314852", "values": [{"date": "2023-09-27-07-00-00", "latency": 183}, {"date": "2023-09-27-07-00-00", "latency": 183}]}, {"location": {"country_code": "us", "region": "California"}, "game_id": "314852", "values": [{"date": "2023-09-27-12-00-00", "latency": 177}, {"date": "2023-09-27-06-00-00", "latency": 117}]}, {"location": {"country_code": "br", "region": "Sao Paulo", "city": "Apiai"}, "game_id": "314852", "values": [{"date": "2023-09-27-04-00-00", "latency": 300}, {"date": "2023-09-27-04-00-00", "latency": 300}, {"date": "2023-09-27-04-00-00", "latency": 300}, {"date": "2023-09-27-04-00-00", "latency": 300}, {"date": "2023-09-27-04-00-00", "latency": 300}, {"date": "2023-09-27-04-00-00", "latency": 300}, {"date": "2023-09-27-04-00-00", "latency": 300}, {"date": "2023-09-27-04-00-00", "latency": 300}, {"date": "2023-09-27-04-00-00", "latency": 300}, {"date": "2023-09-27-04-00-00", "latency": 300}]}, {"location": {"country_code": "au"}, "game_id": "314852", "values": [{"date": "2023-09-27-18-00-00", "latency": 22}]}, {"location": {"country_code": "td"}, "game_id": "314852", "values": [{"date": "2023-09-27-11-00-00", "latency": 127}, {"date": "2023-09-27-11-00-00", "latency": 127}]}, {"location": {"country_code": "es"}, "game_id": "314852", "values": [{"date": "2023-09-27-20-00-00", "latency": 161}, {"date": "2023-09-27-20-00-00", "latency": 161}]}, {"location": {"country_code": "vn"}, "game_id": "314852", "values": [{"date": "2023-09-27-19-00-00", "latency": 165}, {"date": "2023-09-27-19-00-00", "latency": 165}, {"date": "2023-09-27-19-00-00", "latency": 165}, {"date": "2023-09-27-19-00-00", "latency": 165}]}, {"location": {"country_code": "us", "region": "North Carolina"}, "game_id": "314852", "values": [{"date": "2023-09-27-03-00-00", "latency": 350}]}, {"location": {"country_code": "sg"}, "game_id": "314852", "values": [{"date": "2023-09-27-05-00-00", "latency": 98}, {"date": "2023-09-27-04-00-00", "latency": 149}, {"date": "2023-09-27-21-00-00", "latency": 128}]}, {"location": {"country_code": "my"}, "game_id": "314852", "values": [{"date": "2023-09-27-21-00-00", "latency": 104}, {"date": "2023-09-27-03-00-00", "latency": 179}]}, {"location": {"country_code": "id"}, "game_id": "314852", "values": [{"date": "2023-09-27-05-00-00", "latency": 239}, {"date": "2023-09-27-15-00-00", "latency": 150}, {"date": "2023-09-27-15-00-00", "latency": 150}, {"date": "2023-09-27-15-00-00", "latency": 150}, {"date": "2023-09-27-15-00-00", "latency": 150}]}, {"location": {"country_code": "cl", "region": "Santiago Metropolitan", "city": "Santiago"}, "game_id": "314852", "values": [{"date": "2023-09-27-04-00-00", "latency": 224}]}, {"location": {"country_code": "cn", "region": "Hong Kong"}, "game_id": "314852", "values": [{"date": "2023-09-27-17-00-00", "latency": 628}, {"date": "2023-09-27-17-00-00", "latency": 628}, {"date": "2023-09-27-17-00-00", "latency": 628}, {"date": "2023-09-27-17-00-00", "latency": 628}]}, {"location": {"country_code": "dj"}, "game_id": "314852", "values": [{"date": "2023-09-27-13-00-00", "latency": 154}]}, {"location": {"country_code": "es", "region": "Valencia", "city": "Gandia"}, "game_id": "314852", "values": [{"date": "2023-09-27-05-00-00", "latency": 66}]}, {"location": {"country_code": "ru", "region": "Vladimir Oblast", "city": "Vladimir"}, "game_id": "314852", "values": [{"date": "2023-09-27-06-00-00", "latency": 659}]}, {"location": {"country_code": "fr", "region": "Provence-Alpes-Cote d'Azur Region", "city": "Nice"}, "game_id": "314852", "values": [{"date": "2023-09-27-02-00-00", "latency": 129}]}, {"location": {"country_code": "mx", "region": "Morelos", "city": "Cuernavaca"}, "game_id": "314852", "values": [{"date": "2023-09-27-03-00-00", "latency": 168}, {"date": "2023-09-27-03-00-00", "latency": 168}, {"date": "2023-09-27-03-00-00", "latency": 168}]}, {"location": {"country_code": "us", "region": "California", "city": "Apple Valley"}, "game_id": "314852", "values": [{"date": "2023-09-27-21-00-00", "latency": 346}]}, {"location": {"country_code": "jp", "region": "Kanagawa", "city": "Kawasaki"}, "game_id": "314852", "values": [{"date": "2023-09-27-18-00-00", "latency": 137}]}, {"location": {"country_code": "es", "region": "Canary Islands", "city": "Telde"}, "game_id": "314852", "values": [{"date": "2023-09-27-19-00-00", "latency": 165}, {"date": "2023-09-27-19-00-00", "latency": 165}, {"date": "2023-09-27-19-00-00", "latency": 165}, {"date": "2023-09-27-19-00-00", "latency": 165}]}, {"location": {"country_code": "br", "region": "Sao Paulo", "city": "Presidente Bernardes"}, "game_id": "314852", "values": [{"date": "2023-09-28-02-00-00", "latency": 144}, {"date": "2023-09-28-02-00-00", "latency": 144}, {"date": "2023-09-28-02-00-00", "latency": 144}]}], "last_updated": 1719927451.251044}