{"data": [{"location": {"country_code": "us", "region": "New York", "city": "Jamestown"}, "game_id": "135305", "values": [{"date": "2023-07-17-20-00-00", "latency": 3}]}, {"location": {"country_code": "th"}, "game_id": "135305", "values": [{"date": "2023-07-17-15-00-00", "latency": 12}, {"date": "2023-07-17-09-00-00", "latency": 16}, {"date": "2023-07-17-09-00-00", "latency": 16}]}, {"location": {"country_code": "gr"}, "game_id": "135305", "values": [{"date": "2023-07-17-19-00-00", "latency": 2}]}, {"location": {"country_code": "jp"}, "game_id": "135305", "values": [{"date": "2023-07-17-20-00-00", "latency": 8}, {"date": "2023-07-17-19-00-00", "latency": 37}, {"date": "2023-07-17-19-00-00", "latency": 37}, {"date": "2023-07-17-19-00-00", "latency": 37}, {"date": "2023-07-17-19-00-00", "latency": 37}, {"date": "2023-07-17-19-00-00", "latency": 37}, {"date": "2023-07-17-07-00-00", "latency": 0}, {"date": "2023-07-17-07-00-00", "latency": 5}, {"date": "2023-07-17-16-00-00", "latency": 1}]}, {"location": {"country_code": "ca"}, "game_id": "135305", "values": [{"date": "2023-07-17-02-00-00", "latency": 7}]}, {"location": {"country_code": "de"}, "game_id": "135305", "values": [{"date": "2023-07-17-19-00-00", "latency": 14}]}, {"location": {"country_code": "tw"}, "game_id": "135305", "values": [{"date": "2023-07-17-09-00-00", "latency": 28}, {"date": "2023-07-17-06-00-00", "latency": 18}, {"date": "2023-07-17-06-00-00", "latency": 18}, {"date": "2023-07-17-06-00-00", "latency": 18}, {"date": "2023-07-17-06-00-00", "latency": 18}]}, {"location": {"country_code": "cl"}, "game_id": "135305", "values": [{"date": "2023-07-17-23-00-00", "latency": 4}, {"date": "2023-07-17-18-00-00", "latency": 61}]}, {"location": {"country_code": "us", "region": "Texas"}, "game_id": "135305", "values": [{"date": "2023-07-17-03-00-00", "latency": 5}]}, {"location": {"country_code": "ph"}, "game_id": "135305", "values": [{"date": "2023-07-17-07-00-00", "latency": 4}, {"date": "2023-07-17-19-00-00", "latency": 297}, {"date": "2023-07-17-19-00-00", "latency": 297}, {"date": "2023-07-17-19-00-00", "latency": 297}, {"date": "2023-07-17-07-00-00", "latency": 60}, {"date": "2023-07-17-17-00-00", "latency": 6}, {"date": "2023-07-17-17-00-00", "latency": 6}, {"date": "2023-07-17-16-00-00", "latency": 12}, {"date": "2023-07-17-12-00-00", "latency": 80}, {"date": "2023-07-17-12-00-00", "latency": 80}, {"date": "2023-07-17-12-00-00", "latency": 80}]}, {"location": {"country_code": "fr"}, "game_id": "135305", "values": [{"date": "2023-07-17-22-00-00", "latency": 2}, {"date": "2023-07-17-03-00-00", "latency": 2}]}, {"location": {"country_code": "in"}, "game_id": "135305", "values": [{"date": "2023-07-17-22-00-00", "latency": 17}]}, {"location": {"country_code": "br"}, "game_id": "135305", "values": [{"date": "2023-07-18-00-00-00", "latency": 17}, {"date": "2023-07-18-02-00-00", "latency": 6}, {"date": "2023-07-18-02-00-00", "latency": 6}, {"date": "2023-07-18-02-00-00", "latency": 6}, {"date": "2023-07-18-00-00-00", "latency": 13}, {"date": "2023-07-18-01-00-00", "latency": 43}, {"date": "2023-07-18-01-00-00", "latency": 43}]}, {"location": {"country_code": "br", "region": "Pernambuco", "city": "Olinda"}, "game_id": "135305", "values": [{"date": "2023-07-17-15-00-00", "latency": 14}, {"date": "2023-07-17-15-00-00", "latency": 14}, {"date": "2023-07-17-15-00-00", "latency": 14}, {"date": "2023-07-17-15-00-00", "latency": 14}, {"date": "2023-07-17-15-00-00", "latency": 14}]}, {"location": {"country_code": "br", "region": "Sao Paulo", "city": "Apiai"}, "game_id": "135305", "values": [{"date": "2023-07-17-06-00-00", "latency": 0}, {"date": "2023-07-17-14-00-00", "latency": 9}, {"date": "2023-07-17-14-00-00", "latency": 9}, {"date": "2023-07-18-01-00-00", "latency": 24}, {"date": "2023-07-18-01-00-00", "latency": 24}]}, {"location": {"country_code": "ec"}, "game_id": "135305", "values": [{"date": "2023-07-17-23-00-00", "latency": 8}, {"date": "2023-07-17-07-00-00", "latency": 2}]}, {"location": {"country_code": "au"}, "game_id": "135305", "values": [{"date": "2023-07-17-08-00-00", "latency": 0}]}, {"location": {"country_code": "es"}, "game_id": "135305", "values": [{"date": "2023-07-17-13-00-00", "latency": 20}, {"date": "2023-07-17-13-00-00", "latency": 20}, {"date": "2023-07-17-13-00-00", "latency": 20}, {"date": "2023-07-17-13-00-00", "latency": 20}, {"date": "2023-07-17-16-00-00", "latency": 12}, {"date": "2023-07-17-17-00-00", "latency": 0}]}, {"location": {"country_code": "sa"}, "game_id": "135305", "values": [{"date": "2023-07-18-01-00-00", "latency": 37}]}, {"location": {"country_code": "ar"}, "game_id": "135305", "values": [{"date": "2023-07-18-00-00-00", "latency": 19}, {"date": "2023-07-18-00-00-00", "latency": 19}]}, {"location": {"country_code": "vn"}, "game_id": "135305", "values": [{"date": "2023-07-17-21-00-00", "latency": 5}, {"date": "2023-07-17-21-00-00", "latency": 5}]}, {"location": {"country_code": "pe", "region": "Lima region", "city": "Nuevo Lince"}, "game_id": "135305", "values": [{"date": "2023-07-17-07-00-00", "latency": 8}, {"date": "2023-07-17-07-00-00", "latency": 8}]}, {"location": {"country_code": "ve"}, "game_id": "135305", "values": [{"date": "2023-07-17-04-00-00", "latency": 9}]}, {"location": {"country_code": "ua"}, "game_id": "135305", "values": [{"date": "2023-07-17-16-00-00", "latency": 9}]}, {"location": {"country_code": "br", "region": "Rondonia"}, "game_id": "135305", "values": [{"date": "2023-07-17-06-00-00", "latency": 61}, {"date": "2023-07-17-06-00-00", "latency": 61}, {"date": "2023-07-17-06-00-00", "latency": 61}]}, {"location": {"country_code": "sg"}, "game_id": "135305", "values": [{"date": "2023-07-17-16-00-00", "latency": 86}]}, {"location": {"country_code": "fr", "region": "Occitanie", "city": "Toulouse"}, "game_id": "135305", "values": [{"date": "2023-07-17-03-00-00", "latency": 35}]}, {"location": {"country_code": "my"}, "game_id": "135305", "values": [{"date": "2023-07-17-15-00-00", "latency": 9}, {"date": "2023-07-17-15-00-00", "latency": 2}, {"date": "2023-07-17-19-00-00", "latency": 2}, {"date": "2023-07-17-10-00-00", "latency": 83}, {"date": "2023-07-17-17-00-00", "latency": 27}, {"date": "2023-07-17-16-00-00", "latency": 10}]}, {"location": {"country_code": "py"}, "game_id": "135305", "values": [{"date": "2023-07-17-03-00-00", "latency": 43}]}, {"location": {"country_code": "id"}, "game_id": "135305", "values": [{"date": "2023-07-17-16-00-00", "latency": 147}, {"date": "2023-07-17-17-00-00", "latency": 5}, {"date": "2023-07-17-17-00-00", "latency": 5}, {"date": "2023-07-17-17-00-00", "latency": 5}, {"date": "2023-07-17-17-00-00", "latency": 5}, {"date": "2023-07-17-17-00-00", "latency": 5}, {"date": "2023-07-17-17-00-00", "latency": 5}]}, {"location": {"country_code": "pt"}, "game_id": "135305", "values": [{"date": "2023-07-18-00-00-00", "latency": 5}, {"date": "2023-07-18-00-00-00", "latency": 5}, {"date": "2023-07-18-00-00-00", "latency": 5}, {"date": "2023-07-18-00-00-00", "latency": 5}]}, {"location": {"country_code": "br", "region": "State of Rio de Janeiro", "city": "Angra dos Reis"}, "game_id": "135305", "values": [{"date": "2023-07-18-00-00-00", "latency": 32}, {"date": "2023-07-17-03-00-00", "latency": 6}]}, {"location": {"country_code": "cn", "region": "Hong Kong"}, "game_id": "135305", "values": [{"date": "2023-07-17-12-00-00", "latency": 5}]}, {"location": {"country_code": "pe", "region": "Lima region", "city": "Lima"}, "game_id": "135305", "values": [{"date": "2023-07-17-04-00-00", "latency": 2}]}, {"location": {"country_code": "ar", "region": "Cordoba Province", "city": "Rio Cuarto"}, "game_id": "135305", "values": [{"date": "2023-07-18-01-00-00", "latency": 16}]}, {"location": {"country_code": "br", "region": "Santa Catarina"}, "game_id": "135305", "values": [{"date": "2023-07-17-15-00-00", "latency": 12}, {"date": "2023-07-17-15-00-00", "latency": 12}]}, {"location": {"country_code": "ru", "region": "Krasnoyarsk Krai", "city": "Norilsk"}, "game_id": "135305", "values": [{"date": "2023-07-17-15-00-00", "latency": 8}]}, {"location": {"country_code": "jp", "region": "Chiba"}, "game_id": "135305", "values": [{"date": "2023-07-17-10-00-00", "latency": 2}, {"date": "2023-07-17-10-00-00", "latency": 2}]}, {"location": {"country_code": "br", "region": "Para", "city": "Tailandia"}, "game_id": "135305", "values": [{"date": "2023-07-18-02-00-00", "latency": 79}]}, {"location": {"country_code": "mu"}, "game_id": "135305", "values": [{"date": "2023-07-17-16-00-00", "latency": 183}, {"date": "2023-07-17-16-00-00", "latency": 183}, {"date": "2023-07-17-16-00-00", "latency": 183}]}, {"location": {"country_code": "br", "region": "Espirito Santo", "city": "Vila Velha"}, "game_id": "135305", "values": [{"date": "2023-07-17-13-00-00", "latency": 28}, {"date": "2023-07-17-13-00-00", "latency": 28}]}, {"location": {"country_code": "jp", "region": "Kyoto"}, "game_id": "135305", "values": [{"date": "2023-07-17-14-00-00", "latency": 0}]}, {"location": {"country_code": "br", "region": "Sao Paulo", "city": "Mogi das Cruzes"}, "game_id": "135305", "values": [{"date": "2023-07-17-15-00-00", "latency": 45}, {"date": "2023-07-17-15-00-00", "latency": 45}, {"date": "2023-07-17-15-00-00", "latency": 45}, {"date": "2023-07-17-15-00-00", "latency": 45}]}, {"location": {"country_code": "fr", "region": "Provence-Alpes-Cote d'Azur Region"}, "game_id": "135305", "values": [{"date": "2023-07-18-00-00-00", "latency": 1}, {"date": "2023-07-18-00-00-00", "latency": 1}]}, {"location": {"country_code": "br", "region": "Sao Paulo", "city": "Ibiuna"}, "game_id": "135305", "values": [{"date": "2023-07-18-01-00-00", "latency": 12}]}, {"location": {"country_code": "br", "region": "Rio Grande do Sul", "city": "Gravatai"}, "game_id": "135305", "values": [{"date": "2023-07-18-02-00-00", "latency": 15}]}, {"location": {"country_code": "hu", "region": "Vas", "city": "Nick"}, "game_id": "135305", "values": [{"date": "2023-07-17-08-00-00", "latency": 41}, {"date": "2023-07-17-08-00-00", "latency": 41}, {"date": "2023-07-17-08-00-00", "latency": 41}]}], "last_updated": 1719919350.885385}