{"data": [{"location": {"country_code": "us"}, "game_id": "101342", "values": [{"date": "2023-09-22-03-00-00", "latency": 88}, {"date": "2023-09-22-03-00-00", "latency": 88}, {"date": "2023-09-22-03-00-00", "latency": 88}, {"date": "2023-09-22-03-00-00", "latency": 88}, {"date": "2023-09-22-03-00-00", "latency": 88}, {"date": "2023-09-22-03-00-00", "latency": 88}, {"date": "2023-09-22-20-00-00", "latency": 95}, {"date": "2023-09-22-20-00-00", "latency": 95}]}, {"location": {"country_code": "gb"}, "game_id": "101342", "values": [{"date": "2023-09-22-21-00-00", "latency": 6}, {"date": "2023-09-22-18-00-00", "latency": 51}, {"date": "2023-09-22-18-00-00", "latency": 51}, {"date": "2023-09-22-18-00-00", "latency": 51}]}, {"location": {"country_code": "ca"}, "game_id": "101342", "values": [{"date": "2023-09-22-05-00-00", "latency": 35}, {"date": "2023-09-22-05-00-00", "latency": 35}, {"date": "2023-09-22-05-00-00", "latency": 35}]}, {"location": {"country_code": "de"}, "game_id": "101342", "values": [{"date": "2023-09-22-22-00-00", "latency": 3}]}, {"location": {"country_code": "gb", "region": "England"}, "game_id": "101342", "values": [{"date": "2023-09-23-00-00-00", "latency": 58}, {"date": "2023-09-23-00-00-00", "latency": 58}, {"date": "2023-09-23-00-00-00", "latency": 58}, {"date": "2023-09-23-00-00-00", "latency": 58}]}, {"location": {"country_code": "us", "region": "Pennsylvania"}, "game_id": "101342", "values": [{"date": "2023-09-22-07-00-00", "latency": 101}, {"date": "2023-09-22-07-00-00", "latency": 101}]}, {"location": {"country_code": "us", "region": "North Carolina"}, "game_id": "101342", "values": [{"date": "2023-09-22-23-00-00", "latency": 94}, {"date": "2023-09-22-23-00-00", "latency": 94}, {"date": "2023-09-22-23-00-00", "latency": 94}, {"date": "2023-09-22-23-00-00", "latency": 94}, {"date": "2023-09-22-23-00-00", "latency": 94}]}, {"location": {"country_code": "us", "region": "Kentucky"}, "game_id": "101342", "values": [{"date": "2023-09-22-17-00-00", "latency": 71}]}, {"location": {"country_code": "us", "region": "Tennessee"}, "game_id": "101342", "values": [{"date": "2023-09-22-03-00-00", "latency": 118}, {"date": "2023-09-22-03-00-00", "latency": 118}]}, {"location": {"country_code": "br", "region": "Federal District"}, "game_id": "101342", "values": [{"date": "2023-09-22-04-00-00", "latency": 1}]}, {"location": {"country_code": "gb", "region": "England", "city": "Salford"}, "game_id": "101342", "values": [{"date": "2023-09-22-21-00-00", "latency": 51}]}], "last_updated": 1719919371.794797}