{"data": [{"location": {"country_code": "nz"}, "game_id": "747108", "values": [{"date": "2022-02-23-01-00-00", "latency": 172}, {"date": "2022-02-23-00-00-00", "latency": 172}]}, {"location": {"country_code": "us"}, "game_id": "747108", "values": [{"date": "2022-02-23-00-00-00", "latency": 47}, {"date": "2022-02-22-02-00-00", "latency": 94}, {"date": "2022-02-22-02-00-00", "latency": 94}, {"date": "2022-02-22-02-00-00", "latency": 94}, {"date": "2022-02-22-04-00-00", "latency": 47}, {"date": "2022-02-22-23-00-00", "latency": 63}, {"date": "2022-02-22-21-00-00", "latency": 47}, {"date": "2022-02-22-10-00-00", "latency": 47}, {"date": "2022-02-22-10-00-00", "latency": 47}, {"date": "2022-02-22-10-00-00", "latency": 47}, {"date": "2022-02-22-10-00-00", "latency": 47}, {"date": "2022-02-22-10-00-00", "latency": 47}, {"date": "2022-02-22-10-00-00", "latency": 47}, {"date": "2022-02-23-01-00-00", "latency": 63}, {"date": "2022-02-23-01-00-00", "latency": 63}, {"date": "2022-02-23-01-00-00", "latency": 63}, {"date": "2022-02-23-01-00-00", "latency": 63}, {"date": "2022-02-22-01-00-00", "latency": 63}, {"date": "2022-02-22-05-00-00", "latency": 47}, {"date": "2022-02-22-05-00-00", "latency": 47}, {"date": "2022-02-22-05-00-00", "latency": 47}, {"date": "2022-02-22-05-00-00", "latency": 47}]}, {"location": {"country_code": "de", "region": "Berlin", "city": "Berlin"}, "game_id": "747108", "values": [{"date": "2022-02-22-22-00-00", "latency": 47}, {"date": "2022-02-23-01-00-00", "latency": 78}, {"date": "2022-02-23-01-00-00", "latency": 78}, {"date": "2022-02-23-01-00-00", "latency": 78}, {"date": "2022-02-23-01-00-00", "latency": 78}, {"date": "2022-02-23-01-00-00", "latency": 78}, {"date": "2022-02-23-01-00-00", "latency": 78}, {"date": "2022-02-23-01-00-00", "latency": 78}, {"date": "2022-02-23-01-00-00", "latency": 78}, {"date": "2022-02-23-01-00-00", "latency": 78}, {"date": "2022-02-23-01-00-00", "latency": 78}, {"date": "2022-02-23-01-00-00", "latency": 78}, {"date": "2022-02-23-01-00-00", "latency": 78}, {"date": "2022-02-23-01-00-00", "latency": 78}, {"date": "2022-02-23-01-00-00", "latency": 78}, {"date": "2022-02-23-01-00-00", "latency": 78}, {"date": "2022-02-23-01-00-00", "latency": 78}, {"date": "2022-02-22-03-00-00", "latency": 31}, {"date": "2022-02-22-03-00-00", "latency": 31}, {"date": "2022-02-22-03-00-00", "latency": 31}, {"date": "2022-02-22-03-00-00", "latency": 31}, {"date": "2022-02-22-03-00-00", "latency": 31}, {"date": "2022-02-22-03-00-00", "latency": 31}, {"date": "2022-02-22-03-00-00", "latency": 31}, {"date": "2022-02-22-03-00-00", "latency": 31}, {"date": "2022-02-22-03-00-00", "latency": 31}, {"date": "2022-02-22-03-00-00", "latency": 31}]}, {"location": {"country_code": "us", "region": "New York", "city": "Jamestown"}, "game_id": "747108", "values": [{"date": "2022-02-22-07-00-00", "latency": 32}, {"date": "2022-02-22-07-00-00", "latency": 32}]}, {"location": {"country_code": "gb"}, "game_id": "747108", "values": [{"date": "2022-02-22-17-00-00", "latency": 62}, {"date": "2022-02-22-17-00-00", "latency": 62}, {"date": "2022-02-22-17-00-00", "latency": 62}, {"date": "2022-02-22-17-00-00", "latency": 62}, {"date": "2022-02-22-17-00-00", "latency": 62}, {"date": "2022-02-22-17-00-00", "latency": 62}, {"date": "2022-02-22-17-00-00", "latency": 62}, {"date": "2022-02-22-17-00-00", "latency": 62}, {"date": "2022-02-22-17-00-00", "latency": 62}, {"date": "2022-02-22-17-00-00", "latency": 62}, {"date": "2022-02-22-17-00-00", "latency": 62}, {"date": "2022-02-22-17-00-00", "latency": 62}, {"date": "2022-02-22-17-00-00", "latency": 62}, {"date": "2022-02-22-17-00-00", "latency": 62}, {"date": "2022-02-22-17-00-00", "latency": 62}, {"date": "2022-02-22-17-00-00", "latency": 62}, {"date": "2022-02-22-17-00-00", "latency": 62}, {"date": "2022-02-22-17-00-00", "latency": 62}, {"date": "2022-02-22-17-00-00", "latency": 62}, {"date": "2022-02-22-19-00-00", "latency": 63}, {"date": "2022-02-22-19-00-00", "latency": 63}, {"date": "2022-02-22-19-00-00", "latency": 63}, {"date": "2022-02-22-19-00-00", "latency": 63}, {"date": "2022-02-22-19-00-00", "latency": 63}, {"date": "2022-02-22-19-00-00", "latency": 63}, {"date": "2022-02-22-19-00-00", "latency": 63}, {"date": "2022-02-22-19-00-00", "latency": 63}, {"date": "2022-02-22-19-00-00", "latency": 63}, {"date": "2022-02-22-19-00-00", "latency": 63}, {"date": "2022-02-22-19-00-00", "latency": 63}, {"date": "2022-02-22-19-00-00", "latency": 63}, {"date": "2022-02-22-19-00-00", "latency": 63}, {"date": "2022-02-22-19-00-00", "latency": 63}, {"date": "2022-02-22-12-00-00", "latency": 32}, {"date": "2022-02-22-12-00-00", "latency": 32}, {"date": "2022-02-22-12-00-00", "latency": 32}, {"date": "2022-02-22-19-00-00", "latency": 98}, {"date": "2022-02-22-19-00-00", "latency": 98}, {"date": "2022-02-22-19-00-00", "latency": 98}, {"date": "2022-02-22-19-00-00", "latency": 98}]}, {"location": {"country_code": "th"}, "game_id": "747108", "values": [{"date": "2022-02-22-14-00-00", "latency": 250}, {"date": "2022-02-22-14-00-00", "latency": 250}, {"date": "2022-02-22-14-00-00", "latency": 250}, {"date": "2022-02-22-14-00-00", "latency": 250}]}, {"location": {"country_code": "gr"}, "game_id": "747108", "values": [{"date": "2022-02-22-13-00-00", "latency": 93}]}, {"location": {"country_code": "nl"}, "game_id": "747108", "values": [{"date": "2022-02-22-15-00-00", "latency": 32}, {"date": "2022-02-22-15-00-00", "latency": 32}, {"date": "2022-02-22-15-00-00", "latency": 32}]}, {"location": {"country_code": "cz"}, "game_id": "747108", "values": [{"date": "2022-02-22-19-00-00", "latency": 47}, {"date": "2022-02-22-19-00-00", "latency": 47}, {"date": "2022-02-22-19-00-00", "latency": 47}, {"date": "2022-02-22-19-00-00", "latency": 47}, {"date": "2022-02-22-19-00-00", "latency": 47}, {"date": "2022-02-22-19-00-00", "latency": 47}, {"date": "2022-02-22-13-00-00", "latency": 93}, {"date": "2022-02-22-13-00-00", "latency": 93}, {"date": "2022-02-22-13-00-00", "latency": 93}, {"date": "2022-02-22-13-00-00", "latency": 93}, {"date": "2022-02-22-10-00-00", "latency": 422}]}, {"location": {"country_code": "it"}, "game_id": "747108", "values": [{"date": "2022-02-22-13-00-00", "latency": 32}, {"date": "2022-02-22-13-00-00", "latency": 32}, {"date": "2022-02-22-13-00-00", "latency": 47}, {"date": "2022-02-22-13-00-00", "latency": 47}, {"date": "2022-02-22-13-00-00", "latency": 47}, {"date": "2022-02-22-02-00-00", "latency": 63}]}, {"location": {"country_code": "ro"}, "game_id": "747108", "values": [{"date": "2022-02-22-22-00-00", "latency": 311}, {"date": "2022-02-22-22-00-00", "latency": 311}, {"date": "2022-02-22-22-00-00", "latency": 311}, {"date": "2022-02-22-22-00-00", "latency": 311}]}, {"location": {"country_code": "za"}, "game_id": "747108", "values": [{"date": "2022-02-22-13-00-00", "latency": 203}, {"date": "2022-02-22-13-00-00", "latency": 203}]}, {"location": {"country_code": "jp"}, "game_id": "747108", "values": [{"date": "2022-02-22-04-00-00", "latency": 125}, {"date": "2022-02-22-04-00-00", "latency": 125}, {"date": "2022-02-22-04-00-00", "latency": 125}, {"date": "2022-02-22-04-00-00", "latency": 125}]}, {"location": {"country_code": "jp", "region": "Tokyo"}, "game_id": "747108", "values": [{"date": "2022-02-22-15-00-00", "latency": 172}, {"date": "2022-02-22-08-00-00", "latency": 78}]}, {"location": {"country_code": "ca"}, "game_id": "747108", "values": [{"date": "2022-02-22-09-00-00", "latency": 47}, {"date": "2022-02-22-04-00-00", "latency": 79}, {"date": "2022-02-22-04-00-00", "latency": 79}, {"date": "2022-02-22-04-00-00", "latency": 79}, {"date": "2022-02-22-04-00-00", "latency": 79}, {"date": "2022-02-22-04-00-00", "latency": 79}, {"date": "2022-02-22-04-00-00", "latency": 79}, {"date": "2022-02-22-04-00-00", "latency": 79}, {"date": "2022-02-22-04-00-00", "latency": 79}, {"date": "2022-02-22-06-00-00", "latency": 63}]}, {"location": {"country_code": "ca", "region": "Ontario", "city": "Toronto"}, "game_id": "747108", "values": [{"date": "2022-02-22-14-00-00", "latency": 78}, {"date": "2022-02-22-14-00-00", "latency": 78}, {"date": "2022-02-22-14-00-00", "latency": 78}, {"date": "2022-02-22-14-00-00", "latency": 78}, {"date": "2022-02-22-14-00-00", "latency": 78}, {"date": "2022-02-22-14-00-00", "latency": 78}, {"date": "2022-02-22-14-00-00", "latency": 78}, {"date": "2022-02-22-14-00-00", "latency": 78}, {"date": "2022-02-22-14-00-00", "latency": 78}]}, {"location": {"country_code": "de"}, "game_id": "747108", "values": [{"date": "2022-02-22-19-00-00", "latency": 837}, {"date": "2022-02-22-19-00-00", "latency": 32}, {"date": "2022-02-22-22-00-00", "latency": 63}, {"date": "2022-02-22-22-00-00", "latency": 32}, {"date": "2022-02-22-22-00-00", "latency": 32}]}, {"location": {"country_code": "de", "region": "North Rhine-Westphalia", "city": "Aachen"}, "game_id": "747108", "values": [{"date": "2022-02-23-00-00-00", "latency": 32}, {"date": "2022-02-23-00-00-00", "latency": 32}, {"date": "2022-02-23-00-00-00", "latency": 32}, {"date": "2022-02-23-00-00-00", "latency": 32}, {"date": "2022-02-23-00-00-00", "latency": 32}, {"date": "2022-02-23-00-00-00", "latency": 32}, {"date": "2022-02-23-00-00-00", "latency": 32}]}, {"location": {"country_code": "tw"}, "game_id": "747108", "values": [{"date": "2022-02-22-21-00-00", "latency": 100}, {"date": "2022-02-22-21-00-00", "latency": 100}]}, {"location": {"country_code": "gb", "region": "England"}, "game_id": "747108", "values": [{"date": "2022-02-22-05-00-00", "latency": 62}, {"date": "2022-02-22-05-00-00", "latency": 62}, {"date": "2022-02-22-05-00-00", "latency": 62}, {"date": "2022-02-22-05-00-00", "latency": 62}, {"date": "2022-02-22-05-00-00", "latency": 62}, {"date": "2022-02-22-05-00-00", "latency": 62}, {"date": "2022-02-22-02-00-00", "latency": 63}, {"date": "2022-02-22-15-00-00", "latency": 110}, {"date": "2022-02-22-15-00-00", "latency": 110}, {"date": "2022-02-22-15-00-00", "latency": 110}, {"date": "2022-02-22-15-00-00", "latency": 110}, {"date": "2022-02-22-15-00-00", "latency": 110}]}, {"location": {"country_code": "gb", "region": "Scotland"}, "game_id": "747108", "values": [{"date": "2022-02-22-03-00-00", "latency": 110}, {"date": "2022-02-22-03-00-00", "latency": 110}]}, {"location": {"country_code": "cl"}, "game_id": "747108", "values": [{"date": "2022-02-22-08-00-00", "latency": 620}, {"date": "2022-02-22-08-00-00", "latency": 620}, {"date": "2022-02-22-08-00-00", "latency": 620}, {"date": "2022-02-22-08-00-00", "latency": 620}]}, {"location": {"country_code": "au", "region": "New South Wales", "city": "Sydney"}, "game_id": "747108", "values": [{"date": "2022-02-22-12-00-00", "latency": 188}, {"date": "2022-02-22-12-00-00", "latency": 188}, {"date": "2022-02-22-12-00-00", "latency": 188}, {"date": "2022-02-22-12-00-00", "latency": 188}]}, {"location": {"country_code": "us", "region": "Florida"}, "game_id": "747108", "values": [{"date": "2022-02-22-20-00-00", "latency": 141}, {"date": "2022-02-22-20-00-00", "latency": 141}, {"date": "2022-02-23-00-00-00", "latency": 67}, {"date": "2022-02-23-00-00-00", "latency": 67}, {"date": "2022-02-22-19-00-00", "latency": 141}, {"date": "2022-02-22-19-00-00", "latency": 141}, {"date": "2022-02-22-19-00-00", "latency": 141}, {"date": "2022-02-22-19-00-00", "latency": 141}, {"date": "2022-02-22-19-00-00", "latency": 141}, {"date": "2022-02-22-19-00-00", "latency": 141}, {"date": "2022-02-22-19-00-00", "latency": 141}, {"date": "2022-02-22-19-00-00", "latency": 141}, {"date": "2022-02-22-19-00-00", "latency": 141}, {"date": "2022-02-23-01-00-00", "latency": 78}, {"date": "2022-02-23-01-00-00", "latency": 78}, {"date": "2022-02-23-01-00-00", "latency": 78}, {"date": "2022-02-23-01-00-00", "latency": 78}, {"date": "2022-02-23-01-00-00", "latency": 78}, {"date": "2022-02-23-01-00-00", "latency": 78}, {"date": "2022-02-23-01-00-00", "latency": 78}, {"date": "2022-02-23-01-00-00", "latency": 78}, {"date": "2022-02-23-01-00-00", "latency": 78}, {"date": "2022-02-23-01-00-00", "latency": 78}, {"date": "2022-02-23-01-00-00", "latency": 78}, {"date": "2022-02-23-01-00-00", "latency": 78}, {"date": "2022-02-23-01-00-00", "latency": 78}, {"date": "2022-02-23-01-00-00", "latency": 78}, {"date": "2022-02-23-01-00-00", "latency": 78}, {"date": "2022-02-23-01-00-00", "latency": 78}, {"date": "2022-02-23-01-00-00", "latency": 78}, {"date": "2022-02-23-01-00-00", "latency": 78}, {"date": "2022-02-23-01-00-00", "latency": 78}, {"date": "2022-02-23-01-00-00", "latency": 78}, {"date": "2022-02-23-01-00-00", "latency": 78}, {"date": "2022-02-23-01-00-00", "latency": 78}, {"date": "2022-02-23-01-00-00", "latency": 78}, {"date": "2022-02-23-01-00-00", "latency": 78}, {"date": "2022-02-23-01-00-00", "latency": 78}, {"date": "2022-02-23-01-00-00", "latency": 78}, {"date": "2022-02-23-01-00-00", "latency": 78}, {"date": "2022-02-23-01-00-00", "latency": 78}, {"date": "2022-02-23-01-00-00", "latency": 78}, {"date": "2022-02-23-01-00-00", "latency": 78}, {"date": "2022-02-23-01-00-00", "latency": 78}, {"date": "2022-02-23-01-00-00", "latency": 78}, {"date": "2022-02-23-01-00-00", "latency": 78}, {"date": "2022-02-22-03-00-00", "latency": 63}, {"date": "2022-02-22-03-00-00", "latency": 87}, {"date": "2022-02-22-02-00-00", "latency": 32}]}, {"location": {"country_code": "ph"}, "game_id": "747108", "values": [{"date": "2022-02-22-05-00-00", "latency": 203}]}, {"location": {"country_code": "fr"}, "game_id": "747108", "values": [{"date": "2022-02-23-01-00-00", "latency": 47}, {"date": "2022-02-23-01-00-00", "latency": 47}, {"date": "2022-02-23-01-00-00", "latency": 47}, {"date": "2022-02-23-01-00-00", "latency": 47}, {"date": "2022-02-23-01-00-00", "latency": 47}, {"date": "2022-02-23-01-00-00", "latency": 47}, {"date": "2022-02-23-01-00-00", "latency": 47}, {"date": "2022-02-23-01-00-00", "latency": 47}, {"date": "2022-02-23-01-00-00", "latency": 47}, {"date": "2022-02-23-01-00-00", "latency": 47}, {"date": "2022-02-23-01-00-00", "latency": 47}, {"date": "2022-02-23-01-00-00", "latency": 47}, {"date": "2022-02-23-01-00-00", "latency": 47}, {"date": "2022-02-23-01-00-00", "latency": 47}, {"date": "2022-02-23-01-00-00", "latency": 47}, {"date": "2022-02-23-01-00-00", "latency": 47}, {"date": "2022-02-23-01-00-00", "latency": 47}, {"date": "2022-02-23-01-00-00", "latency": 47}, {"date": "2022-02-23-01-00-00", "latency": 47}, {"date": "2022-02-23-01-00-00", "latency": 47}, {"date": "2022-02-23-01-00-00", "latency": 47}, {"date": "2022-02-23-01-00-00", "latency": 47}, {"date": "2022-02-23-01-00-00", "latency": 47}, {"date": "2022-02-23-01-00-00", "latency": 47}, {"date": "2022-02-23-01-00-00", "latency": 47}, {"date": "2022-02-23-01-00-00", "latency": 47}, {"date": "2022-02-23-01-00-00", "latency": 47}, {"date": "2022-02-23-01-00-00", "latency": 47}, {"date": "2022-02-23-01-00-00", "latency": 47}, {"date": "2022-02-23-01-00-00", "latency": 47}, {"date": "2022-02-23-01-00-00", "latency": 47}, {"date": "2022-02-23-01-00-00", "latency": 47}, {"date": "2022-02-23-01-00-00", "latency": 47}, {"date": "2022-02-23-01-00-00", "latency": 47}, {"date": "2022-02-23-01-00-00", "latency": 47}, {"date": "2022-02-23-01-00-00", "latency": 47}, {"date": "2022-02-23-01-00-00", "latency": 47}, {"date": "2022-02-23-01-00-00", "latency": 47}, {"date": "2022-02-23-01-00-00", "latency": 47}, {"date": "2022-02-22-21-00-00", "latency": 390}, {"date": "2022-02-22-15-00-00", "latency": 47}, {"date": "2022-02-22-15-00-00", "latency": 47}, {"date": "2022-02-22-15-00-00", "latency": 47}, {"date": "2022-02-22-15-00-00", "latency": 47}, {"date": "2022-02-22-15-00-00", "latency": 47}, {"date": "2022-02-22-15-00-00", "latency": 47}, {"date": "2022-02-23-00-00-00", "latency": 34}, {"date": "2022-02-23-00-00-00", "latency": 34}, {"date": "2022-02-23-00-00-00", "latency": 34}, {"date": "2022-02-23-00-00-00", "latency": 34}, {"date": "2022-02-23-00-00-00", "latency": 34}, {"date": "2022-02-23-00-00-00", "latency": 34}, {"date": "2022-02-23-00-00-00", "latency": 34}, {"date": "2022-02-23-00-00-00", "latency": 34}, {"date": "2022-02-23-00-00-00", "latency": 34}]}, {"location": {"country_code": "br", "region": "Minas Gerais", "city": "Betim"}, "game_id": "747108", "values": [{"date": "2022-02-22-15-00-00", "latency": 125}, {"date": "2022-02-22-15-00-00", "latency": 125}]}, {"location": {"country_code": "us", "region": "California"}, "game_id": "747108", "values": [{"date": "2022-02-22-21-00-00", "latency": 63}, {"date": "2022-02-22-12-00-00", "latency": 110}, {"date": "2022-02-22-12-00-00", "latency": 110}, {"date": "2022-02-22-12-00-00", "latency": 110}, {"date": "2022-02-23-00-00-00", "latency": 94}, {"date": "2022-02-23-00-00-00", "latency": 94}, {"date": "2022-02-23-00-00-00", "latency": 94}, {"date": "2022-02-23-00-00-00", "latency": 94}, {"date": "2022-02-23-00-00-00", "latency": 94}, {"date": "2022-02-23-00-00-00", "latency": 94}, {"date": "2022-02-23-00-00-00", "latency": 94}, {"date": "2022-02-23-00-00-00", "latency": 94}, {"date": "2022-02-23-00-00-00", "latency": 94}, {"date": "2022-02-23-00-00-00", "latency": 94}, {"date": "2022-02-22-23-00-00", "latency": 63}, {"date": "2022-02-22-23-00-00", "latency": 63}, {"date": "2022-02-22-11-00-00", "latency": 63}, {"date": "2022-02-23-00-00-00", "latency": 47}, {"date": "2022-02-22-04-00-00", "latency": 94}, {"date": "2022-02-22-04-00-00", "latency": 94}, {"date": "2022-02-22-04-00-00", "latency": 94}, {"date": "2022-02-23-01-00-00", "latency": 94}, {"date": "2022-02-23-01-00-00", "latency": 94}, {"date": "2022-02-23-01-00-00", "latency": 94}, {"date": "2022-02-23-01-00-00", "latency": 94}, {"date": "2022-02-23-01-00-00", "latency": 94}, {"date": "2022-02-23-01-00-00", "latency": 94}, {"date": "2022-02-23-01-00-00", "latency": 94}, {"date": "2022-02-23-01-00-00", "latency": 94}, {"date": "2022-02-23-01-00-00", "latency": 94}, {"date": "2022-02-23-01-00-00", "latency": 94}, {"date": "2022-02-23-01-00-00", "latency": 94}, {"date": "2022-02-23-01-00-00", "latency": 94}, {"date": "2022-02-23-01-00-00", "latency": 94}, {"date": "2022-02-23-01-00-00", "latency": 94}, {"date": "2022-02-23-01-00-00", "latency": 94}, {"date": "2022-02-23-01-00-00", "latency": 94}, {"date": "2022-02-23-01-00-00", "latency": 94}, {"date": "2022-02-23-01-00-00", "latency": 94}, {"date": "2022-02-23-01-00-00", "latency": 94}, {"date": "2022-02-23-00-00-00", "latency": 94}, {"date": "2022-02-23-00-00-00", "latency": 94}, {"date": "2022-02-23-00-00-00", "latency": 94}, {"date": "2022-02-23-00-00-00", "latency": 94}, {"date": "2022-02-23-00-00-00", "latency": 94}, {"date": "2022-02-23-00-00-00", "latency": 94}, {"date": "2022-02-23-00-00-00", "latency": 94}, {"date": "2022-02-23-00-00-00", "latency": 94}, {"date": "2022-02-23-00-00-00", "latency": 94}]}, {"location": {"country_code": "rs"}, "game_id": "747108", "values": [{"date": "2022-02-22-22-00-00", "latency": 47}, {"date": "2022-02-22-22-00-00", "latency": 47}, {"date": "2022-02-22-22-00-00", "latency": 47}, {"date": "2022-02-22-22-00-00", "latency": 47}]}, {"location": {"country_code": "br"}, "game_id": "747108", "values": [{"date": "2022-02-22-07-00-00", "latency": 47}, {"date": "2022-02-22-11-00-00", "latency": 62}, {"date": "2022-02-22-11-00-00", "latency": 62}, {"date": "2022-02-22-11-00-00", "latency": 62}, {"date": "2022-02-22-11-00-00", "latency": 32}, {"date": "2022-02-22-11-00-00", "latency": 32}, {"date": "2022-02-22-11-00-00", "latency": 32}, {"date": "2022-02-22-11-00-00", "latency": 32}, {"date": "2022-02-22-11-00-00", "latency": 32}, {"date": "2022-02-22-11-00-00", "latency": 32}, {"date": "2022-02-22-11-00-00", "latency": 32}, {"date": "2022-02-22-11-00-00", "latency": 32}, {"date": "2022-02-22-11-00-00", "latency": 32}, {"date": "2022-02-22-11-00-00", "latency": 32}, {"date": "2022-02-22-23-00-00", "latency": 32}, {"date": "2022-02-22-05-00-00", "latency": 78}, {"date": "2022-02-22-05-00-00", "latency": 78}, {"date": "2022-02-22-05-00-00", "latency": 78}, {"date": "2022-02-22-05-00-00", "latency": 78}, {"date": "2022-02-22-05-00-00", "latency": 78}, {"date": "2022-02-22-05-00-00", "latency": 78}, {"date": "2022-02-22-05-00-00", "latency": 78}, {"date": "2022-02-22-05-00-00", "latency": 78}, {"date": "2022-02-23-00-00-00", "latency": 32}, {"date": "2022-02-23-00-00-00", "latency": 32}, {"date": "2022-02-23-00-00-00", "latency": 32}, {"date": "2022-02-23-00-00-00", "latency": 32}, {"date": "2022-02-23-00-00-00", "latency": 32}, {"date": "2022-02-23-00-00-00", "latency": 32}, {"date": "2022-02-23-00-00-00", "latency": 32}, {"date": "2022-02-23-00-00-00", "latency": 32}]}, {"location": {"country_code": "br", "region": "Sao Paulo", "city": "Apiai"}, "game_id": "747108", "values": [{"date": "2022-02-22-18-00-00", "latency": 78}, {"date": "2022-02-22-18-00-00", "latency": 78}, {"date": "2022-02-22-05-00-00", "latency": 141}, {"date": "2022-02-22-16-00-00", "latency": 140}]}, {"location": {"country_code": "se"}, "game_id": "747108", "values": [{"date": "2022-02-22-15-00-00", "latency": 62}]}, {"location": {"country_code": "us", "region": "California", "city": "East Los Angeles"}, "game_id": "747108", "values": [{"date": "2022-02-22-16-00-00", "latency": 47}, {"date": "2022-02-22-16-00-00", "latency": 47}, {"date": "2022-02-22-16-00-00", "latency": 47}, {"date": "2022-02-22-09-00-00", "latency": 47}, {"date": "2022-02-22-09-00-00", "latency": 47}, {"date": "2022-02-22-09-00-00", "latency": 47}, {"date": "2022-02-22-09-00-00", "latency": 47}, {"date": "2022-02-22-09-00-00", "latency": 47}, {"date": "2022-02-22-09-00-00", "latency": 47}, {"date": "2022-02-22-09-00-00", "latency": 47}]}, {"location": {"country_code": "au"}, "game_id": "747108", "values": [{"date": "2022-02-22-15-00-00", "latency": 203}, {"date": "2022-02-22-14-00-00", "latency": 234}, {"date": "2022-02-22-14-00-00", "latency": 234}, {"date": "2022-02-22-14-00-00", "latency": 234}, {"date": "2022-02-22-14-00-00", "latency": 234}, {"date": "2022-02-22-14-00-00", "latency": 234}, {"date": "2022-02-22-17-00-00", "latency": 282}]}, {"location": {"country_code": "au", "region": "Victoria", "city": "Melbourne"}, "game_id": "747108", "values": [{"date": "2022-02-22-08-00-00", "latency": 315}, {"date": "2022-02-22-13-00-00", "latency": 219}, {"date": "2022-02-22-16-00-00", "latency": 187}, {"date": "2022-02-22-16-00-00", "latency": 187}, {"date": "2022-02-22-16-00-00", "latency": 187}, {"date": "2022-02-22-16-00-00", "latency": 187}, {"date": "2022-02-22-16-00-00", "latency": 187}, {"date": "2022-02-22-16-00-00", "latency": 187}]}, {"location": {"country_code": "au", "region": "Queensland", "city": "Gold Coast"}, "game_id": "747108", "values": [{"date": "2022-02-23-01-00-00", "latency": 219}, {"date": "2022-02-23-01-00-00", "latency": 219}]}, {"location": {"country_code": "fr", "region": "Alvernia-Rodano-Alpi"}, "game_id": "747108", "values": [{"date": "2022-02-23-00-00-00", "latency": 47}]}, {"location": {"country_code": "us", "region": "Texas", "city": "Austin"}, "game_id": "747108", "values": [{"date": "2022-02-23-00-00-00", "latency": 188}]}, {"location": {"country_code": "es", "region": "Madrid", "city": "Parla"}, "game_id": "747108", "values": [{"date": "2022-02-23-00-00-00", "latency": 63}, {"date": "2022-02-23-00-00-00", "latency": 63}, {"date": "2022-02-23-00-00-00", "latency": 63}, {"date": "2022-02-23-00-00-00", "latency": 63}, {"date": "2022-02-23-00-00-00", "latency": 63}, {"date": "2022-02-23-00-00-00", "latency": 63}, {"date": "2022-02-23-00-00-00", "latency": 63}]}, {"location": {"country_code": "tr"}, "game_id": "747108", "values": [{"date": "2022-02-22-14-00-00", "latency": 94}, {"date": "2022-02-22-14-00-00", "latency": 94}, {"date": "2022-02-22-14-00-00", "latency": 94}, {"date": "2022-02-22-14-00-00", "latency": 94}, {"date": "2022-02-22-14-00-00", "latency": 94}, {"date": "2022-02-22-14-00-00", "latency": 94}, {"date": "2022-02-22-02-00-00", "latency": 62}]}, {"location": {"country_code": "ca", "region": "Ontario"}, "game_id": "747108", "values": [{"date": "2022-02-22-22-00-00", "latency": 62}, {"date": "2022-02-22-22-00-00", "latency": 62}, {"date": "2022-02-22-22-00-00", "latency": 62}, {"date": "2022-02-22-22-00-00", "latency": 62}, {"date": "2022-02-22-05-00-00", "latency": 47}, {"date": "2022-02-22-05-00-00", "latency": 47}, {"date": "2022-02-22-05-00-00", "latency": 47}, {"date": "2022-02-22-05-00-00", "latency": 47}]}, {"location": {"country_code": "us", "region": "Pennsylvania", "city": "Philadelphia"}, "game_id": "747108", "values": [{"date": "2022-02-23-00-00-00", "latency": 32}, {"date": "2022-02-23-00-00-00", "latency": 32}, {"date": "2022-02-23-00-00-00", "latency": 32}, {"date": "2022-02-23-00-00-00", "latency": 32}, {"date": "2022-02-23-00-00-00", "latency": 32}, {"date": "2022-02-23-00-00-00", "latency": 32}]}, {"location": {"country_code": "es"}, "game_id": "747108", "values": [{"date": "2022-02-22-22-00-00", "latency": 78}, {"date": "2022-02-22-22-00-00", "latency": 78}, {"date": "2022-02-22-22-00-00", "latency": 78}, {"date": "2022-02-22-23-00-00", "latency": 47}, {"date": "2022-02-22-23-00-00", "latency": 47}, {"date": "2022-02-22-23-00-00", "latency": 47}, {"date": "2022-02-22-23-00-00", "latency": 47}, {"date": "2022-02-22-23-00-00", "latency": 47}, {"date": "2022-02-22-23-00-00", "latency": 47}, {"date": "2022-02-22-23-00-00", "latency": 47}, {"date": "2022-02-22-23-00-00", "latency": 47}, {"date": "2022-02-22-23-00-00", "latency": 47}, {"date": "2022-02-22-23-00-00", "latency": 47}]}, {"location": {"country_code": "es", "region": "Madrid"}, "game_id": "747108", "values": [{"date": "2022-02-22-18-00-00", "latency": 47}, {"date": "2022-02-22-18-00-00", "latency": 47}, {"date": "2022-02-22-18-00-00", "latency": 47}]}, {"location": {"country_code": "es", "region": "Catalonia", "city": "l'Hospitalet de Llobregat"}, "game_id": "747108", "values": [{"date": "2022-02-23-01-00-00", "latency": 63}, {"date": "2022-02-22-17-00-00", "latency": 63}, {"date": "2022-02-22-17-00-00", "latency": 63}]}, {"location": {"country_code": "bn"}, "game_id": "747108", "values": [{"date": "2022-02-22-14-00-00", "latency": 250}, {"date": "2022-02-22-14-00-00", "latency": 250}, {"date": "2022-02-22-14-00-00", "latency": 250}, {"date": "2022-02-22-14-00-00", "latency": 250}, {"date": "2022-02-22-14-00-00", "latency": 250}]}, {"location": {"country_code": "fi"}, "game_id": "747108", "values": [{"date": "2022-02-22-18-00-00", "latency": 62}, {"date": "2022-02-22-18-00-00", "latency": 62}, {"date": "2022-02-22-18-00-00", "latency": 62}, {"date": "2022-02-22-18-00-00", "latency": 62}, {"date": "2022-02-22-15-00-00", "latency": 63}, {"date": "2022-02-22-15-00-00", "latency": 63}, {"date": "2022-02-22-15-00-00", "latency": 63}, {"date": "2022-02-22-15-00-00", "latency": 63}, {"date": "2022-02-22-15-00-00", "latency": 63}]}, {"location": {"country_code": "ru", "region": "Moscow", "city": "Zelenograd"}, "game_id": "747108", "values": [{"date": "2022-02-22-16-00-00", "latency": 63}, {"date": "2022-02-22-16-00-00", "latency": 63}, {"date": "2022-02-22-16-00-00", "latency": 63}, {"date": "2022-02-22-16-00-00", "latency": 63}, {"date": "2022-02-22-16-00-00", "latency": 63}]}, {"location": {"country_code": "ar", "region": "Buenos Aires F.D.", "city": "Bahia Blanca"}, "game_id": "747108", "values": [{"date": "2022-02-22-03-00-00", "latency": 63}, {"date": "2022-02-22-03-00-00", "latency": 63}]}, {"location": {"country_code": "us", "region": "Virginia"}, "game_id": "747108", "values": [{"date": "2022-02-22-23-00-00", "latency": 32}]}, {"location": {"country_code": "us", "region": "California", "city": "Elk Grove"}, "game_id": "747108", "values": [{"date": "2022-02-22-06-00-00", "latency": 47}, {"date": "2022-02-22-06-00-00", "latency": 47}, {"date": "2022-02-22-06-00-00", "latency": 47}, {"date": "2022-02-22-06-00-00", "latency": 47}, {"date": "2022-02-22-06-00-00", "latency": 47}, {"date": "2022-02-22-06-00-00", "latency": 47}, {"date": "2022-02-22-06-00-00", "latency": 47}, {"date": "2022-02-22-06-00-00", "latency": 47}, {"date": "2022-02-22-06-00-00", "latency": 47}, {"date": "2022-02-22-06-00-00", "latency": 47}]}, {"location": {"country_code": "au", "region": "South Australia", "city": "Adelaide"}, "game_id": "747108", "values": [{"date": "2022-02-22-18-00-00", "latency": 219}, {"date": "2022-02-22-18-00-00", "latency": 219}, {"date": "2022-02-22-18-00-00", "latency": 219}, {"date": "2022-02-22-18-00-00", "latency": 219}, {"date": "2022-02-22-09-00-00", "latency": 625}, {"date": "2022-02-22-09-00-00", "latency": 625}, {"date": "2022-02-22-09-00-00", "latency": 625}]}, {"location": {"country_code": "us", "region": "Michigan"}, "game_id": "747108", "values": [{"date": "2022-02-22-13-00-00", "latency": 62}, {"date": "2022-02-22-13-00-00", "latency": 62}, {"date": "2022-02-22-13-00-00", "latency": 62}, {"date": "2022-02-22-13-00-00", "latency": 62}, {"date": "2022-02-22-11-00-00", "latency": 218}, {"date": "2022-02-22-11-00-00", "latency": 218}, {"date": "2022-02-22-11-00-00", "latency": 218}, {"date": "2022-02-22-11-00-00", "latency": 218}, {"date": "2022-02-22-11-00-00", "latency": 218}, {"date": "2022-02-22-11-00-00", "latency": 218}, {"date": "2022-02-22-11-00-00", "latency": 218}, {"date": "2022-02-22-11-00-00", "latency": 218}, {"date": "2022-02-22-11-00-00", "latency": 218}, {"date": "2022-02-22-11-00-00", "latency": 218}, {"date": "2022-02-22-11-00-00", "latency": 218}, {"date": "2022-02-22-11-00-00", "latency": 218}]}, {"location": {"country_code": "at"}, "game_id": "747108", "values": [{"date": "2022-02-23-00-00-00", "latency": 47}, {"date": "2022-02-23-00-00-00", "latency": 47}, {"date": "2022-02-23-00-00-00", "latency": 47}, {"date": "2022-02-23-00-00-00", "latency": 47}, {"date": "2022-02-23-00-00-00", "latency": 47}, {"date": "2022-02-23-00-00-00", "latency": 47}, {"date": "2022-02-23-00-00-00", "latency": 47}, {"date": "2022-02-22-15-00-00", "latency": 47}]}, {"location": {"country_code": "us", "region": "Arizona"}, "game_id": "747108", "values": [{"date": "2022-02-23-01-00-00", "latency": 94}, {"date": "2022-02-23-01-00-00", "latency": 94}, {"date": "2022-02-22-19-00-00", "latency": 94}, {"date": "2022-02-22-19-00-00", "latency": 94}, {"date": "2022-02-22-19-00-00", "latency": 94}, {"date": "2022-02-22-19-00-00", "latency": 94}]}, {"location": {"country_code": "us", "region": "Utah"}, "game_id": "747108", "values": [{"date": "2022-02-22-04-00-00", "latency": 63}, {"date": "2022-02-22-04-00-00", "latency": 63}, {"date": "2022-02-22-04-00-00", "latency": 63}, {"date": "2022-02-22-04-00-00", "latency": 63}, {"date": "2022-02-22-04-00-00", "latency": 63}]}, {"location": {"country_code": "us", "region": "California", "city": "Chula Vista"}, "game_id": "747108", "values": [{"date": "2022-02-22-05-00-00", "latency": 63}, {"date": "2022-02-23-00-00-00", "latency": 94}, {"date": "2022-02-23-00-00-00", "latency": 94}]}, {"location": {"country_code": "cn"}, "game_id": "747108", "values": [{"date": "2022-02-22-18-00-00", "latency": 32}, {"date": "2022-02-22-18-00-00", "latency": 32}]}, {"location": {"country_code": "es", "region": "Valencia", "city": "Novelda"}, "game_id": "747108", "values": [{"date": "2022-02-22-06-00-00", "latency": 47}, {"date": "2022-02-22-06-00-00", "latency": 47}, {"date": "2022-02-22-06-00-00", "latency": 47}, {"date": "2022-02-22-06-00-00", "latency": 47}, {"date": "2022-02-22-06-00-00", "latency": 47}, {"date": "2022-02-22-06-00-00", "latency": 47}, {"date": "2022-02-22-06-00-00", "latency": 47}]}, {"location": {"country_code": "be"}, "game_id": "747108", "values": [{"date": "2022-02-23-00-00-00", "latency": 32}, {"date": "2022-02-23-00-00-00", "latency": 32}, {"date": "2022-02-23-00-00-00", "latency": 32}, {"date": "2022-02-23-00-00-00", "latency": 32}]}, {"location": {"country_code": "us", "region": "Nevada", "city": "Las Vegas"}, "game_id": "747108", "values": [{"date": "2022-02-22-21-00-00", "latency": 78}, {"date": "2022-02-22-21-00-00", "latency": 78}, {"date": "2022-02-22-21-00-00", "latency": 78}, {"date": "2022-02-22-21-00-00", "latency": 78}, {"date": "2022-02-22-21-00-00", "latency": 78}]}, {"location": {"country_code": "cr"}, "game_id": "747108", "values": [{"date": "2022-02-22-06-00-00", "latency": 156}, {"date": "2022-02-22-06-00-00", "latency": 156}, {"date": "2022-02-22-06-00-00", "latency": 156}, {"date": "2022-02-22-06-00-00", "latency": 156}, {"date": "2022-02-22-06-00-00", "latency": 156}, {"date": "2022-02-22-06-00-00", "latency": 156}]}, {"location": {"country_code": "br", "region": "Minas Gerais"}, "game_id": "747108", "values": [{"date": "2022-02-23-01-00-00", "latency": 31}, {"date": "2022-02-23-01-00-00", "latency": 31}, {"date": "2022-02-23-01-00-00", "latency": 31}]}, {"location": {"country_code": "kr", "region": "Seoul"}, "game_id": "747108", "values": [{"date": "2022-02-22-13-00-00", "latency": 234}, {"date": "2022-02-22-13-00-00", "latency": 234}, {"date": "2022-02-22-13-00-00", "latency": 234}]}, {"location": {"country_code": "es", "region": "Canary Islands", "city": "Santa Cruz de Tenerife"}, "game_id": "747108", "values": [{"date": "2022-02-23-00-00-00", "latency": 78}, {"date": "2022-02-23-00-00-00", "latency": 78}, {"date": "2022-02-22-20-00-00", "latency": 63}, {"date": "2022-02-22-20-00-00", "latency": 63}, {"date": "2022-02-22-20-00-00", "latency": 63}, {"date": "2022-02-22-20-00-00", "latency": 63}]}, {"location": {"country_code": "tr", "region": "Marmara Bolgesi", "city": "Istanbul"}, "game_id": "747108", "values": [{"date": "2022-02-22-17-00-00", "latency": 78}, {"date": "2022-02-22-17-00-00", "latency": 78}, {"date": "2022-02-22-17-00-00", "latency": 78}, {"date": "2022-02-22-17-00-00", "latency": 78}, {"date": "2022-02-22-23-00-00", "latency": 63}, {"date": "2022-02-22-23-00-00", "latency": 63}, {"date": "2022-02-22-23-00-00", "latency": 63}, {"date": "2022-02-22-23-00-00", "latency": 63}, {"date": "2022-02-22-23-00-00", "latency": 63}, {"date": "2022-02-22-23-00-00", "latency": 63}, {"date": "2022-02-22-23-00-00", "latency": 63}, {"date": "2022-02-22-23-00-00", "latency": 63}]}, {"location": {"country_code": "us", "region": "District of Columbia", "city": "Washington"}, "game_id": "747108", "values": [{"date": "2022-02-23-00-00-00", "latency": 31}, {"date": "2022-02-23-00-00-00", "latency": 31}, {"date": "2022-02-23-00-00-00", "latency": 31}, {"date": "2022-02-23-00-00-00", "latency": 31}, {"date": "2022-02-23-00-00-00", "latency": 31}, {"date": "2022-02-23-00-00-00", "latency": 31}, {"date": "2022-02-23-00-00-00", "latency": 31}, {"date": "2022-02-23-00-00-00", "latency": 31}, {"date": "2022-02-23-00-00-00", "latency": 31}, {"date": "2022-02-23-00-00-00", "latency": 31}, {"date": "2022-02-23-00-00-00", "latency": 31}, {"date": "2022-02-23-00-00-00", "latency": 31}]}, {"location": {"country_code": "my", "region": "Sarawak", "city": "Kuching"}, "game_id": "747108", "values": [{"date": "2022-02-22-14-00-00", "latency": 313}, {"date": "2022-02-22-14-00-00", "latency": 313}, {"date": "2022-02-22-14-00-00", "latency": 313}, {"date": "2022-02-22-14-00-00", "latency": 313}, {"date": "2022-02-22-14-00-00", "latency": 313}]}, {"location": {"country_code": "br", "region": "Sergipe", "city": "Aracaju"}, "game_id": "747108", "values": [{"date": "2022-02-23-00-00-00", "latency": 63}]}, {"location": {"country_code": "se", "region": "Stockholm County", "city": "Stockholm"}, "game_id": "747108", "values": [{"date": "2022-02-22-18-00-00", "latency": 110}, {"date": "2022-02-22-18-00-00", "latency": 110}]}, {"location": {"country_code": "au", "region": "Queensland"}, "game_id": "747108", "values": [{"date": "2022-02-22-04-00-00", "latency": 219}]}, {"location": {"country_code": "us", "region": "Pennsylvania"}, "game_id": "747108", "values": [{"date": "2022-02-22-10-00-00", "latency": 32}, {"date": "2022-02-22-10-00-00", "latency": 32}]}, {"location": {"country_code": "cl", "region": "Santiago Metropolitan", "city": "Santiago"}, "game_id": "747108", "values": [{"date": "2022-02-23-00-00-00", "latency": 141}, {"date": "2022-02-23-00-00-00", "latency": 141}]}, {"location": {"country_code": "sk"}, "game_id": "747108", "values": [{"date": "2022-02-22-13-00-00", "latency": 47}]}, {"location": {"country_code": "pt"}, "game_id": "747108", "values": [{"date": "2022-02-23-01-00-00", "latency": 63}, {"date": "2022-02-23-01-00-00", "latency": 63}, {"date": "2022-02-23-01-00-00", "latency": 63}, {"date": "2022-02-23-01-00-00", "latency": 63}, {"date": "2022-02-22-18-00-00", "latency": 63}, {"date": "2022-02-22-23-00-00", "latency": 63}, {"date": "2022-02-22-23-00-00", "latency": 63}, {"date": "2022-02-22-23-00-00", "latency": 63}, {"date": "2022-02-22-23-00-00", "latency": 63}, {"date": "2022-02-23-01-00-00", "latency": 110}, {"date": "2022-02-23-01-00-00", "latency": 110}, {"date": "2022-02-23-01-00-00", "latency": 63}, {"date": "2022-02-23-01-00-00", "latency": 63}, {"date": "2022-02-22-14-00-00", "latency": 78}, {"date": "2022-02-22-14-00-00", "latency": 78}]}, {"location": {"country_code": "pt", "region": "Aveiro District", "city": "Gafanha da Nazare"}, "game_id": "747108", "values": [{"date": "2022-02-22-20-00-00", "latency": 63}]}, {"location": {"country_code": "br", "region": "State of Rio de Janeiro", "city": "Angra dos Reis"}, "game_id": "747108", "values": [{"date": "2022-02-22-02-00-00", "latency": 32}, {"date": "2022-02-22-02-00-00", "latency": 32}, {"date": "2022-02-23-01-00-00", "latency": 31}, {"date": "2022-02-23-01-00-00", "latency": 31}, {"date": "2022-02-23-01-00-00", "latency": 31}, {"date": "2022-02-23-01-00-00", "latency": 31}, {"date": "2022-02-23-01-00-00", "latency": 31}, {"date": "2022-02-23-01-00-00", "latency": 31}, {"date": "2022-02-22-20-00-00", "latency": 32}, {"date": "2022-02-22-20-00-00", "latency": 32}, {"date": "2022-02-22-20-00-00", "latency": 32}, {"date": "2022-02-22-20-00-00", "latency": 32}, {"date": "2022-02-22-20-00-00", "latency": 32}, {"date": "2022-02-22-20-00-00", "latency": 32}, {"date": "2022-02-22-20-00-00", "latency": 32}, {"date": "2022-02-22-20-00-00", "latency": 32}, {"date": "2022-02-22-19-00-00", "latency": 31}]}, {"location": {"country_code": "us", "region": "Minnesota"}, "game_id": "747108", "values": [{"date": "2022-02-22-04-00-00", "latency": 63}]}, {"location": {"country_code": "fr", "region": "Ile-de-France Region", "city": "Paris"}, "game_id": "747108", "values": [{"date": "2022-02-22-15-00-00", "latency": 32}, {"date": "2022-02-22-07-00-00", "latency": 32}]}, {"location": {"country_code": "ca", "region": "Quebec", "city": "Montreal"}, "game_id": "747108", "values": [{"date": "2022-02-22-22-00-00", "latency": 47}]}, {"location": {"country_code": "us", "region": "Maryland"}, "game_id": "747108", "values": [{"date": "2022-02-22-03-00-00", "latency": 63}, {"date": "2022-02-22-03-00-00", "latency": 63}, {"date": "2022-02-22-03-00-00", "latency": 63}, {"date": "2022-02-22-03-00-00", "latency": 63}]}, {"location": {"country_code": "us", "region": "South Dakota", "city": "Rapid City"}, "game_id": "747108", "values": [{"date": "2022-02-22-06-00-00", "latency": 94}, {"date": "2022-02-22-06-00-00", "latency": 94}, {"date": "2022-02-22-06-00-00", "latency": 94}, {"date": "2022-02-22-06-00-00", "latency": 94}, {"date": "2022-02-22-06-00-00", "latency": 94}, {"date": "2022-02-22-06-00-00", "latency": 94}]}, {"location": {"country_code": "gb", "region": "England", "city": "Liverpool"}, "game_id": "747108", "values": [{"date": "2022-02-22-18-00-00", "latency": 47}, {"date": "2022-02-22-18-00-00", "latency": 47}, {"date": "2022-02-22-18-00-00", "latency": 47}, {"date": "2022-02-22-18-00-00", "latency": 47}, {"date": "2022-02-22-18-00-00", "latency": 47}, {"date": "2022-02-22-18-00-00", "latency": 47}, {"date": "2022-02-22-18-00-00", "latency": 47}]}, {"location": {"country_code": "pt", "region": "Lisbon District", "city": "Amadora"}, "game_id": "747108", "values": [{"date": "2022-02-22-03-00-00", "latency": 63}, {"date": "2022-02-22-01-00-00", "latency": 63}, {"date": "2022-02-22-01-00-00", "latency": 63}, {"date": "2022-02-22-01-00-00", "latency": 63}]}, {"location": {"country_code": "ca", "region": "British Columbia", "city": "Richmond"}, "game_id": "747108", "values": [{"date": "2022-02-22-21-00-00", "latency": 94}, {"date": "2022-02-22-21-00-00", "latency": 94}, {"date": "2022-02-22-21-00-00", "latency": 94}, {"date": "2022-02-22-21-00-00", "latency": 94}, {"date": "2022-02-22-21-00-00", "latency": 94}, {"date": "2022-02-22-21-00-00", "latency": 94}, {"date": "2022-02-22-21-00-00", "latency": 94}, {"date": "2022-02-22-21-00-00", "latency": 94}, {"date": "2022-02-22-21-00-00", "latency": 94}, {"date": "2022-02-22-21-00-00", "latency": 94}, {"date": "2022-02-22-21-00-00", "latency": 94}, {"date": "2022-02-22-06-00-00", "latency": 32}, {"date": "2022-02-22-06-00-00", "latency": 32}, {"date": "2022-02-22-06-00-00", "latency": 32}, {"date": "2022-02-22-06-00-00", "latency": 32}, {"date": "2022-02-22-06-00-00", "latency": 32}, {"date": "2022-02-22-06-00-00", "latency": 32}, {"date": "2022-02-22-06-00-00", "latency": 32}, {"date": "2022-02-22-06-00-00", "latency": 32}, {"date": "2022-02-22-06-00-00", "latency": 32}, {"date": "2022-02-22-06-00-00", "latency": 32}]}, {"location": {"country_code": "ec", "region": "Guayas", "city": "Guayaquil"}, "game_id": "747108", "values": [{"date": "2022-02-22-07-00-00", "latency": 109}, {"date": "2022-02-22-07-00-00", "latency": 109}, {"date": "2022-02-22-07-00-00", "latency": 109}, {"date": "2022-02-22-07-00-00", "latency": 109}]}, {"location": {"country_code": "us", "region": "Texas", "city": "Irving"}, "game_id": "747108", "values": [{"date": "2022-02-22-05-00-00", "latency": 62}, {"date": "2022-02-22-05-00-00", "latency": 62}, {"date": "2022-02-22-05-00-00", "latency": 62}, {"date": "2022-02-22-05-00-00", "latency": 62}, {"date": "2022-02-22-05-00-00", "latency": 62}, {"date": "2022-02-22-05-00-00", "latency": 62}]}, {"location": {"country_code": "au", "region": "Queensland", "city": "Brisbane"}, "game_id": "747108", "values": [{"date": "2022-02-22-13-00-00", "latency": 219}]}, {"location": {"country_code": "no", "region": "Rogaland", "city": "Jattavagen"}, "game_id": "747108", "values": [{"date": "2022-02-22-05-00-00", "latency": 63}, {"date": "2022-02-22-05-00-00", "latency": 63}, {"date": "2022-02-22-05-00-00", "latency": 63}, {"date": "2022-02-22-05-00-00", "latency": 63}, {"date": "2022-02-22-05-00-00", "latency": 63}]}, {"location": {"country_code": "lv"}, "game_id": "747108", "values": [{"date": "2022-02-23-00-00-00", "latency": 78}]}, {"location": {"country_code": "ca", "region": "Quebec"}, "game_id": "747108", "values": [{"date": "2022-02-22-23-00-00", "latency": 32}, {"date": "2022-02-22-23-00-00", "latency": 32}]}, {"location": {"country_code": "ca", "region": "British Columbia"}, "game_id": "747108", "values": [{"date": "2022-02-22-06-00-00", "latency": 47}, {"date": "2022-02-22-06-00-00", "latency": 47}]}, {"location": {"country_code": "de", "region": "North Rhine-Westphalia", "city": "Cologne"}, "game_id": "747108", "values": [{"date": "2022-02-22-18-00-00", "latency": 32}, {"date": "2022-02-22-18-00-00", "latency": 32}, {"date": "2022-02-22-18-00-00", "latency": 32}, {"date": "2022-02-22-18-00-00", "latency": 32}, {"date": "2022-02-22-18-00-00", "latency": 32}]}, {"location": {"country_code": "fr", "region": "Nord-Passo di Calais-Piccardia", "city": "Lille"}, "game_id": "747108", "values": [{"date": "2022-02-22-15-00-00", "latency": 47}]}, {"location": {"country_code": "us", "region": "Washington", "city": "Seattle"}, "game_id": "747108", "values": [{"date": "2022-02-22-08-00-00", "latency": 94}, {"date": "2022-02-22-08-00-00", "latency": 94}, {"date": "2022-02-22-08-00-00", "latency": 94}, {"date": "2022-02-22-08-00-00", "latency": 94}, {"date": "2022-02-22-08-00-00", "latency": 94}, {"date": "2022-02-22-08-00-00", "latency": 94}, {"date": "2022-02-22-08-00-00", "latency": 94}, {"date": "2022-02-22-08-00-00", "latency": 94}, {"date": "2022-02-22-08-00-00", "latency": 94}]}, {"location": {"country_code": "us", "region": "Florida", "city": "Tampa"}, "game_id": "747108", "values": [{"date": "2022-02-22-08-00-00", "latency": 63}, {"date": "2022-02-22-08-00-00", "latency": 63}, {"date": "2022-02-22-08-00-00", "latency": 63}, {"date": "2022-02-22-08-00-00", "latency": 63}, {"date": "2022-02-22-08-00-00", "latency": 63}, {"date": "2022-02-22-08-00-00", "latency": 63}]}, {"location": {"country_code": "gb", "region": "England", "city": "Plymouth"}, "game_id": "747108", "values": [{"date": "2022-02-22-21-00-00", "latency": 47}, {"date": "2022-02-22-21-00-00", "latency": 47}, {"date": "2022-02-22-21-00-00", "latency": 47}]}, {"location": {"country_code": "it", "region": "Lazio", "city": "Rome"}, "game_id": "747108", "values": [{"date": "2022-02-23-01-00-00", "latency": 47}, {"date": "2022-02-23-01-00-00", "latency": 47}, {"date": "2022-02-23-01-00-00", "latency": 47}, {"date": "2022-02-23-01-00-00", "latency": 47}]}, {"location": {"country_code": "es", "region": "Balearic Islands", "city": "Palma"}, "game_id": "747108", "values": [{"date": "2022-02-22-13-00-00", "latency": 47}, {"date": "2022-02-22-13-00-00", "latency": 47}, {"date": "2022-02-22-13-00-00", "latency": 47}, {"date": "2022-02-22-13-00-00", "latency": 47}]}, {"location": {"country_code": "co", "region": "Magdalena", "city": "Santa Marta"}, "game_id": "747108", "values": [{"date": "2022-02-22-17-00-00", "latency": 110}, {"date": "2022-02-22-17-00-00", "latency": 110}]}, {"location": {"country_code": "de", "region": "North Rhine-Westphalia"}, "game_id": "747108", "values": [{"date": "2022-02-22-09-00-00", "latency": 63}, {"date": "2022-02-22-09-00-00", "latency": 63}, {"date": "2022-02-22-09-00-00", "latency": 63}, {"date": "2022-02-22-09-00-00", "latency": 63}, {"date": "2022-02-22-09-00-00", "latency": 63}, {"date": "2022-02-22-02-00-00", "latency": 32}]}, {"location": {"country_code": "br", "region": "Sao Paulo", "city": "Varzea Paulista"}, "game_id": "747108", "values": [{"date": "2022-02-22-23-00-00", "latency": 312}]}, {"location": {"country_code": "ro", "region": "Bucharest"}, "game_id": "747108", "values": [{"date": "2022-02-22-10-00-00", "latency": 47}, {"date": "2022-02-22-10-00-00", "latency": 47}, {"date": "2022-02-22-10-00-00", "latency": 47}, {"date": "2022-02-22-10-00-00", "latency": 47}]}, {"location": {"country_code": "us", "region": "Mississippi"}, "game_id": "747108", "values": [{"date": "2022-02-23-00-00-00", "latency": 63}, {"date": "2022-02-23-00-00-00", "latency": 63}]}, {"location": {"country_code": "ar", "region": "Buenos Aires", "city": "La Plata"}, "game_id": "747108", "values": [{"date": "2022-02-22-23-00-00", "latency": 63}, {"date": "2022-02-22-23-00-00", "latency": 63}]}, {"location": {"country_code": "ar", "region": "Buenos Aires"}, "game_id": "747108", "values": [{"date": "2022-02-22-04-00-00", "latency": 140}, {"date": "2022-02-22-04-00-00", "latency": 140}, {"date": "2022-02-22-04-00-00", "latency": 140}, {"date": "2022-02-22-04-00-00", "latency": 140}, {"date": "2022-02-22-04-00-00", "latency": 140}, {"date": "2022-02-22-04-00-00", "latency": 140}, {"date": "2022-02-22-04-00-00", "latency": 140}]}, {"location": {"country_code": "es", "region": "Principality of Asturias", "city": "Gijon"}, "game_id": "747108", "values": [{"date": "2022-02-22-19-00-00", "latency": 63}]}, {"location": {"country_code": "mt"}, "game_id": "747108", "values": [{"date": "2022-02-22-03-00-00", "latency": 63}]}, {"location": {"country_code": "br", "region": "Espirito Santo"}, "game_id": "747108", "values": [{"date": "2022-02-22-06-00-00", "latency": 47}, {"date": "2022-02-22-06-00-00", "latency": 47}, {"date": "2022-02-22-06-00-00", "latency": 47}, {"date": "2022-02-22-06-00-00", "latency": 47}, {"date": "2022-02-22-06-00-00", "latency": 47}, {"date": "2022-02-22-06-00-00", "latency": 47}, {"date": "2022-02-22-06-00-00", "latency": 47}, {"date": "2022-02-22-06-00-00", "latency": 47}, {"date": "2022-02-22-06-00-00", "latency": 47}, {"date": "2022-02-22-06-00-00", "latency": 47}, {"date": "2022-02-22-06-00-00", "latency": 47}, {"date": "2022-02-22-06-00-00", "latency": 47}]}, {"location": {"country_code": "es", "region": "Andalusia", "city": "Marbella"}, "game_id": "747108", "values": [{"date": "2022-02-23-01-00-00", "latency": 63}, {"date": "2022-02-23-01-00-00", "latency": 63}, {"date": "2022-02-23-01-00-00", "latency": 63}, {"date": "2022-02-23-01-00-00", "latency": 63}]}, {"location": {"country_code": "br", "region": "Sao Paulo", "city": "Sertaozinho"}, "game_id": "747108", "values": [{"date": "2022-02-22-23-00-00", "latency": 31}, {"date": "2022-02-22-23-00-00", "latency": 31}, {"date": "2022-02-22-23-00-00", "latency": 31}]}, {"location": {"country_code": "br", "region": "Espirito Santo", "city": "Vila Velha"}, "game_id": "747108", "values": [{"date": "2022-02-22-04-00-00", "latency": 47}, {"date": "2022-02-22-04-00-00", "latency": 47}]}, {"location": {"country_code": "fr", "region": "Aquitania-Limosino-Poitou-Charentes", "city": "Bordeaux"}, "game_id": "747108", "values": [{"date": "2022-02-23-00-00-00", "latency": 32}, {"date": "2022-02-23-00-00-00", "latency": 32}, {"date": "2022-02-23-00-00-00", "latency": 32}]}, {"location": {"country_code": "ar", "region": "Santa Fe Province"}, "game_id": "747108", "values": [{"date": "2022-02-22-03-00-00", "latency": 140}, {"date": "2022-02-22-03-00-00", "latency": 140}, {"date": "2022-02-22-03-00-00", "latency": 140}, {"date": "2022-02-22-03-00-00", "latency": 140}]}, {"location": {"country_code": "ar", "region": "Santa Fe Province", "city": "Villa Gobernador Galvez"}, "game_id": "747108", "values": [{"date": "2022-02-22-06-00-00", "latency": 62}, {"date": "2022-02-22-06-00-00", "latency": 62}, {"date": "2022-02-22-06-00-00", "latency": 62}]}, {"location": {"country_code": "my", "region": "Selangor"}, "game_id": "747108", "values": [{"date": "2022-02-22-15-00-00", "latency": 796}]}, {"location": {"country_code": "ma"}, "game_id": "747108", "values": [{"date": "2022-02-22-19-00-00", "latency": 63}]}, {"location": {"country_code": "br", "region": "Minas Gerais", "city": "Barbacena"}, "game_id": "747108", "values": [{"date": "2022-02-22-01-00-00", "latency": 47}]}, {"location": {"country_code": "us", "region": "Nevada", "city": "Reno"}, "game_id": "747108", "values": [{"date": "2022-02-22-06-00-00", "latency": 110}, {"date": "2022-02-22-06-00-00", "latency": 110}]}, {"location": {"country_code": "de", "region": "North Rhine-Westphalia", "city": "Dortmund"}, "game_id": "747108", "values": [{"date": "2022-02-22-18-00-00", "latency": 31}, {"date": "2022-02-22-18-00-00", "latency": 31}, {"date": "2022-02-22-18-00-00", "latency": 31}, {"date": "2022-02-22-18-00-00", "latency": 31}, {"date": "2022-02-22-18-00-00", "latency": 31}, {"date": "2022-02-22-18-00-00", "latency": 31}, {"date": "2022-02-22-18-00-00", "latency": 31}, {"date": "2022-02-22-18-00-00", "latency": 31}, {"date": "2022-02-22-18-00-00", "latency": 31}, {"date": "2022-02-22-18-00-00", "latency": 31}, {"date": "2022-02-22-18-00-00", "latency": 31}, {"date": "2022-02-22-18-00-00", "latency": 31}, {"date": "2022-02-22-18-00-00", "latency": 31}, {"date": "2022-02-22-18-00-00", "latency": 31}, {"date": "2022-02-22-18-00-00", "latency": 31}, {"date": "2022-02-22-18-00-00", "latency": 31}, {"date": "2022-02-22-18-00-00", "latency": 31}]}, {"location": {"country_code": "ar", "region": "Mendoza Province"}, "game_id": "747108", "values": [{"date": "2022-02-22-05-00-00", "latency": 188}]}, {"location": {"country_code": "br", "region": "State of Rio de Janeiro", "city": "Araruama"}, "game_id": "747108", "values": [{"date": "2022-02-22-16-00-00", "latency": 32}, {"date": "2022-02-22-16-00-00", "latency": 32}, {"date": "2022-02-22-16-00-00", "latency": 32}, {"date": "2022-02-22-16-00-00", "latency": 32}]}, {"location": {"country_code": "ec", "region": "Pichincha"}, "game_id": "747108", "values": [{"date": "2022-02-22-04-00-00", "latency": 125}, {"date": "2022-02-22-04-00-00", "latency": 125}, {"date": "2022-02-22-04-00-00", "latency": 125}]}, {"location": {"country_code": "br", "region": "Sao Paulo", "city": "Franca"}, "game_id": "747108", "values": [{"date": "2022-02-22-20-00-00", "latency": 32}, {"date": "2022-02-22-20-00-00", "latency": 32}]}, {"location": {"country_code": "ru", "region": "Leningradskaya Oblast'"}, "game_id": "747108", "values": [{"date": "2022-02-22-06-00-00", "latency": 125}, {"date": "2022-02-22-06-00-00", "latency": 125}, {"date": "2022-02-22-06-00-00", "latency": 125}, {"date": "2022-02-22-06-00-00", "latency": 125}, {"date": "2022-02-22-06-00-00", "latency": 125}, {"date": "2022-02-22-06-00-00", "latency": 125}, {"date": "2022-02-22-06-00-00", "latency": 125}, {"date": "2022-02-22-06-00-00", "latency": 125}, {"date": "2022-02-22-06-00-00", "latency": 125}, {"date": "2022-02-22-06-00-00", "latency": 125}, {"date": "2022-02-22-06-00-00", "latency": 125}, {"date": "2022-02-22-06-00-00", "latency": 125}, {"date": "2022-02-22-06-00-00", "latency": 125}, {"date": "2022-02-22-06-00-00", "latency": 125}, {"date": "2022-02-22-06-00-00", "latency": 125}, {"date": "2022-02-22-06-00-00", "latency": 125}, {"date": "2022-02-22-06-00-00", "latency": 125}, {"date": "2022-02-22-06-00-00", "latency": 125}, {"date": "2022-02-22-06-00-00", "latency": 125}, {"date": "2022-02-22-06-00-00", "latency": 125}]}, {"location": {"country_code": "br", "region": "Sao Paulo", "city": "Catanduva"}, "game_id": "747108", "values": [{"date": "2022-02-22-21-00-00", "latency": 32}, {"date": "2022-02-22-21-00-00", "latency": 32}, {"date": "2022-02-22-21-00-00", "latency": 32}, {"date": "2022-02-22-21-00-00", "latency": 32}]}, {"location": {"country_code": "us", "region": "Michigan", "city": "Ann Arbor"}, "game_id": "747108", "values": [{"date": "2022-02-23-00-00-00", "latency": 63}]}, {"location": {"country_code": "br", "region": "Mato Grosso"}, "game_id": "747108", "values": [{"date": "2022-02-22-23-00-00", "latency": 63}, {"date": "2022-02-22-23-00-00", "latency": 63}, {"date": "2022-02-22-23-00-00", "latency": 63}, {"date": "2022-02-22-23-00-00", "latency": 63}, {"date": "2022-02-22-23-00-00", "latency": 63}, {"date": "2022-02-22-23-00-00", "latency": 63}]}, {"location": {"country_code": "gb", "region": "England", "city": "Bradford"}, "game_id": "747108", "values": [{"date": "2022-02-22-20-00-00", "latency": 47}, {"date": "2022-02-22-20-00-00", "latency": 47}, {"date": "2022-02-22-20-00-00", "latency": 47}, {"date": "2022-02-22-20-00-00", "latency": 47}, {"date": "2022-02-22-20-00-00", "latency": 47}, {"date": "2022-02-22-20-00-00", "latency": 47}, {"date": "2022-02-22-20-00-00", "latency": 47}, {"date": "2022-02-22-20-00-00", "latency": 47}]}, {"location": {"country_code": "us", "region": "Utah", "city": "Park City"}, "game_id": "747108", "values": [{"date": "2022-02-22-07-00-00", "latency": 78}, {"date": "2022-02-22-07-00-00", "latency": 78}, {"date": "2022-02-22-07-00-00", "latency": 78}, {"date": "2022-02-22-07-00-00", "latency": 78}]}, {"location": {"country_code": "br", "region": "Sao Paulo", "city": "Monte Mor"}, "game_id": "747108", "values": [{"date": "2022-02-22-02-00-00", "latency": 32}]}, {"location": {"country_code": "us", "region": "Michigan", "city": "South Lyon"}, "game_id": "747108", "values": [{"date": "2022-02-22-03-00-00", "latency": 63}, {"date": "2022-02-22-03-00-00", "latency": 63}]}, {"location": {"country_code": "th", "region": "Nonthaburi", "city": "Pak Kret"}, "game_id": "747108", "values": [{"date": "2022-02-22-18-00-00", "latency": 219}, {"date": "2022-02-22-18-00-00", "latency": 219}, {"date": "2022-02-22-18-00-00", "latency": 219}, {"date": "2022-02-22-18-00-00", "latency": 219}, {"date": "2022-02-22-18-00-00", "latency": 219}, {"date": "2022-02-22-18-00-00", "latency": 219}, {"date": "2022-02-22-18-00-00", "latency": 219}, {"date": "2022-02-22-18-00-00", "latency": 219}, {"date": "2022-02-22-18-00-00", "latency": 219}, {"date": "2022-02-22-18-00-00", "latency": 219}, {"date": "2022-02-22-18-00-00", "latency": 219}, {"date": "2022-02-22-18-00-00", "latency": 219}]}, {"location": {"country_code": "br", "region": "Sao Paulo", "city": "Analandia"}, "game_id": "747108", "values": [{"date": "2022-02-22-23-00-00", "latency": 32}]}, {"location": {"country_code": "fr", "region": "Sent Martin de Miranas", "city": "Saint-Pierre"}, "game_id": "747108", "values": [{"date": "2022-02-22-07-00-00", "latency": 219}]}, {"location": {"country_code": "us", "region": "Arkansas", "city": "Newport"}, "game_id": "747108", "values": [{"date": "2022-02-22-16-00-00", "latency": 47}]}], "last_updated": 1719927589.887099}