{"data": [{"location": {"country_code": "us"}, "game_id": "747108", "values": [{"date": "2023-03-18-03-00-00", "latency": 93}, {"date": "2023-03-18-03-00-00", "latency": 93}, {"date": "2023-03-18-03-00-00", "latency": 93}, {"date": "2023-03-18-03-00-00", "latency": 93}, {"date": "2023-03-18-03-00-00", "latency": 93}, {"date": "2023-03-18-03-00-00", "latency": 93}, {"date": "2023-03-18-03-00-00", "latency": 93}, {"date": "2023-03-18-03-00-00", "latency": 93}, {"date": "2023-03-18-03-00-00", "latency": 93}]}, {"location": {"country_code": "gr"}, "game_id": "747108", "values": [{"date": "2023-03-18-13-00-00", "latency": 47}, {"date": "2023-03-18-13-00-00", "latency": 47}, {"date": "2023-03-18-13-00-00", "latency": 47}, {"date": "2023-03-18-13-00-00", "latency": 47}, {"date": "2023-03-18-13-00-00", "latency": 47}]}, {"location": {"country_code": "pa"}, "game_id": "747108", "values": [{"date": "2023-03-18-18-00-00", "latency": 93}, {"date": "2023-03-18-18-00-00", "latency": 93}, {"date": "2023-03-18-18-00-00", "latency": 93}, {"date": "2023-03-18-18-00-00", "latency": 93}, {"date": "2023-03-18-18-00-00", "latency": 93}, {"date": "2023-03-18-18-00-00", "latency": 93}, {"date": "2023-03-18-18-00-00", "latency": 93}, {"date": "2023-03-18-18-00-00", "latency": 93}, {"date": "2023-03-18-18-00-00", "latency": 93}, {"date": "2023-03-18-18-00-00", "latency": 93}, {"date": "2023-03-18-18-00-00", "latency": 93}, {"date": "2023-03-18-18-00-00", "latency": 93}, {"date": "2023-03-18-18-00-00", "latency": 93}, {"date": "2023-03-18-18-00-00", "latency": 93}, {"date": "2023-03-18-18-00-00", "latency": 93}, {"date": "2023-03-18-18-00-00", "latency": 93}]}, {"location": {"country_code": "jp"}, "game_id": "747108", "values": [{"date": "2023-03-18-08-00-00", "latency": 3}, {"date": "2023-03-18-08-00-00", "latency": 3}]}, {"location": {"country_code": "ca"}, "game_id": "747108", "values": [{"date": "2023-03-18-19-00-00", "latency": 15}, {"date": "2023-03-18-10-00-00", "latency": 46}, {"date": "2023-03-18-10-00-00", "latency": 46}, {"date": "2023-03-18-10-00-00", "latency": 46}, {"date": "2023-03-18-10-00-00", "latency": 46}, {"date": "2023-03-18-10-00-00", "latency": 46}, {"date": "2023-03-18-06-00-00", "latency": 3}]}, {"location": {"country_code": "ca", "region": "Ontario"}, "game_id": "747108", "values": [{"date": "2023-03-19-01-00-00", "latency": 15}, {"date": "2023-03-19-01-00-00", "latency": 15}, {"date": "2023-03-19-01-00-00", "latency": 15}, {"date": "2023-03-19-01-00-00", "latency": 15}, {"date": "2023-03-19-01-00-00", "latency": 15}, {"date": "2023-03-19-01-00-00", "latency": 15}]}, {"location": {"country_code": "de"}, "game_id": "747108", "values": [{"date": "2023-03-18-21-00-00", "latency": 6}, {"date": "2023-03-18-21-00-00", "latency": 6}]}, {"location": {"country_code": "au", "region": "New South Wales", "city": "Sydney"}, "game_id": "747108", "values": [{"date": "2023-03-18-13-00-00", "latency": 6}, {"date": "2023-03-18-13-00-00", "latency": 6}]}, {"location": {"country_code": "ph"}, "game_id": "747108", "values": [{"date": "2023-03-18-04-00-00", "latency": 18}, {"date": "2023-03-19-00-00-00", "latency": 140}, {"date": "2023-03-19-00-00-00", "latency": 140}, {"date": "2023-03-19-00-00-00", "latency": 140}, {"date": "2023-03-19-00-00-00", "latency": 140}]}, {"location": {"country_code": "fr"}, "game_id": "747108", "values": [{"date": "2023-03-18-04-00-00", "latency": 3}, {"date": "2023-03-18-04-00-00", "latency": 3}]}, {"location": {"country_code": "mx"}, "game_id": "747108", "values": [{"date": "2023-03-19-01-00-00", "latency": 2}, {"date": "2023-03-19-01-00-00", "latency": 2}, {"date": "2023-03-19-00-00-00", "latency": 109}, {"date": "2023-03-19-00-00-00", "latency": 109}, {"date": "2023-03-19-00-00-00", "latency": 109}, {"date": "2023-03-19-00-00-00", "latency": 109}, {"date": "2023-03-19-00-00-00", "latency": 109}, {"date": "2023-03-19-00-00-00", "latency": 109}, {"date": "2023-03-19-00-00-00", "latency": 109}, {"date": "2023-03-19-00-00-00", "latency": 109}, {"date": "2023-03-19-00-00-00", "latency": 109}]}, {"location": {"country_code": "in"}, "game_id": "747108", "values": [{"date": "2023-03-18-23-00-00", "latency": 72}]}, {"location": {"country_code": "br"}, "game_id": "747108", "values": [{"date": "2023-03-18-19-00-00", "latency": 16}, {"date": "2023-03-18-19-00-00", "latency": 16}, {"date": "2023-03-18-19-00-00", "latency": 16}, {"date": "2023-03-18-19-00-00", "latency": 16}, {"date": "2023-03-18-19-00-00", "latency": 16}, {"date": "2023-03-18-19-00-00", "latency": 16}, {"date": "2023-03-18-02-00-00", "latency": 15}, {"date": "2023-03-18-02-00-00", "latency": 15}, {"date": "2023-03-18-02-00-00", "latency": 15}, {"date": "2023-03-19-00-00-00", "latency": 7}]}, {"location": {"country_code": "br", "region": "Sao Paulo", "city": "Apiai"}, "game_id": "747108", "values": [{"date": "2023-03-18-01-00-00", "latency": 3}]}, {"location": {"country_code": "se"}, "game_id": "747108", "values": [{"date": "2023-03-18-16-00-00", "latency": 15}, {"date": "2023-03-18-16-00-00", "latency": 15}, {"date": "2023-03-18-16-00-00", "latency": 15}, {"date": "2023-03-18-16-00-00", "latency": 15}, {"date": "2023-03-18-16-00-00", "latency": 15}, {"date": "2023-03-18-16-00-00", "latency": 15}, {"date": "2023-03-18-16-00-00", "latency": 15}, {"date": "2023-03-18-16-00-00", "latency": 15}, {"date": "2023-03-18-16-00-00", "latency": 15}]}, {"location": {"country_code": "us", "region": "California", "city": "East Los Angeles"}, "game_id": "747108", "values": [{"date": "2023-03-18-09-00-00", "latency": 31}, {"date": "2023-03-18-09-00-00", "latency": 31}, {"date": "2023-03-18-09-00-00", "latency": 31}]}, {"location": {"country_code": "ec"}, "game_id": "747108", "values": [{"date": "2023-03-18-03-00-00", "latency": 94}, {"date": "2023-03-18-03-00-00", "latency": 94}, {"date": "2023-03-18-03-00-00", "latency": 94}, {"date": "2023-03-18-03-00-00", "latency": 94}]}, {"location": {"country_code": "us", "region": "Texas", "city": "Austin"}, "game_id": "747108", "values": [{"date": "2023-03-18-22-00-00", "latency": 4}]}, {"location": {"country_code": "tr"}, "game_id": "747108", "values": [{"date": "2023-03-18-16-00-00", "latency": 46}]}, {"location": {"country_code": "fi"}, "game_id": "747108", "values": [{"date": "2023-03-19-00-00-00", "latency": 31}, {"date": "2023-03-19-00-00-00", "latency": 31}, {"date": "2023-03-19-00-00-00", "latency": 31}, {"date": "2023-03-19-00-00-00", "latency": 31}, {"date": "2023-03-19-00-00-00", "latency": 31}, {"date": "2023-03-19-00-00-00", "latency": 31}, {"date": "2023-03-19-00-00-00", "latency": 31}, {"date": "2023-03-19-00-00-00", "latency": 31}, {"date": "2023-03-19-00-00-00", "latency": 31}, {"date": "2023-03-19-00-00-00", "latency": 31}, {"date": "2023-03-19-00-00-00", "latency": 31}]}, {"location": {"country_code": "us", "region": "Hawaii", "city": "Kapolei"}, "game_id": "747108", "values": [{"date": "2023-03-18-11-00-00", "latency": 78}, {"date": "2023-03-18-11-00-00", "latency": 78}, {"date": "2023-03-18-11-00-00", "latency": 78}, {"date": "2023-03-18-11-00-00", "latency": 78}]}, {"location": {"country_code": "ar", "region": "Buenos Aires"}, "game_id": "747108", "values": [{"date": "2023-03-18-02-00-00", "latency": 7}]}, {"location": {"country_code": "br", "region": "Estado de Bahia", "city": "Salvador"}, "game_id": "747108", "values": [{"date": "2023-03-18-19-00-00", "latency": 31}, {"date": "2023-03-18-19-00-00", "latency": 31}, {"date": "2023-03-18-19-00-00", "latency": 31}, {"date": "2023-03-18-19-00-00", "latency": 31}, {"date": "2023-03-18-19-00-00", "latency": 31}, {"date": "2023-03-18-19-00-00", "latency": 31}, {"date": "2023-03-18-19-00-00", "latency": 31}]}, {"location": {"country_code": "us", "region": "California", "city": "Chula Vista"}, "game_id": "747108", "values": [{"date": "2023-03-18-02-00-00", "latency": 62}, {"date": "2023-03-18-02-00-00", "latency": 62}, {"date": "2023-03-18-02-00-00", "latency": 62}, {"date": "2023-03-18-02-00-00", "latency": 62}, {"date": "2023-03-18-02-00-00", "latency": 62}]}, {"location": {"country_code": "es", "region": "Catalonia", "city": "l'Hospitalet de Llobregat"}, "game_id": "747108", "values": [{"date": "2023-03-18-22-00-00", "latency": 31}, {"date": "2023-03-18-22-00-00", "latency": 31}, {"date": "2023-03-18-22-00-00", "latency": 31}]}, {"location": {"country_code": "pl"}, "game_id": "747108", "values": [{"date": "2023-03-18-12-00-00", "latency": 3}, {"date": "2023-03-18-12-00-00", "latency": 3}, {"date": "2023-03-18-12-00-00", "latency": 3}]}, {"location": {"country_code": "sg"}, "game_id": "747108", "values": [{"date": "2023-03-18-15-00-00", "latency": 156}, {"date": "2023-03-18-15-00-00", "latency": 156}, {"date": "2023-03-18-15-00-00", "latency": 156}]}, {"location": {"country_code": "id"}, "game_id": "747108", "values": [{"date": "2023-03-19-01-00-00", "latency": 138}, {"date": "2023-03-19-01-00-00", "latency": 138}, {"date": "2023-03-19-01-00-00", "latency": 138}, {"date": "2023-03-19-01-00-00", "latency": 138}, {"date": "2023-03-19-01-00-00", "latency": 138}]}, {"location": {"country_code": "co", "region": "El Valle", "city": "Cali"}, "game_id": "747108", "values": [{"date": "2023-03-18-23-00-00", "latency": 31}]}, {"location": {"country_code": "pt"}, "game_id": "747108", "values": [{"date": "2023-03-18-01-00-00", "latency": 31}]}, {"location": {"country_code": "es", "region": "Galicia"}, "game_id": "747108", "values": [{"date": "2023-03-19-00-00-00", "latency": 31}, {"date": "2023-03-19-00-00-00", "latency": 31}, {"date": "2023-03-19-00-00-00", "latency": 31}, {"date": "2023-03-19-00-00-00", "latency": 31}]}, {"location": {"country_code": "kw"}, "game_id": "747108", "values": [{"date": "2023-03-18-20-00-00", "latency": 78}, {"date": "2023-03-18-20-00-00", "latency": 78}, {"date": "2023-03-18-20-00-00", "latency": 78}, {"date": "2023-03-18-20-00-00", "latency": 78}, {"date": "2023-03-18-20-00-00", "latency": 78}, {"date": "2023-03-18-20-00-00", "latency": 78}, {"date": "2023-03-18-20-00-00", "latency": 78}, {"date": "2023-03-18-20-00-00", "latency": 78}, {"date": "2023-03-18-20-00-00", "latency": 78}, {"date": "2023-03-18-20-00-00", "latency": 78}, {"date": "2023-03-18-20-00-00", "latency": 78}, {"date": "2023-03-18-20-00-00", "latency": 78}]}, {"location": {"country_code": "mx", "region": "Sonora"}, "game_id": "747108", "values": [{"date": "2023-03-19-01-00-00", "latency": 47}, {"date": "2023-03-19-01-00-00", "latency": 47}, {"date": "2023-03-19-01-00-00", "latency": 47}, {"date": "2023-03-19-01-00-00", "latency": 47}, {"date": "2023-03-19-01-00-00", "latency": 47}, {"date": "2023-03-19-01-00-00", "latency": 47}, {"date": "2023-03-19-01-00-00", "latency": 47}, {"date": "2023-03-19-01-00-00", "latency": 47}]}, {"location": {"country_code": "de", "region": "Bavaria", "city": "Munich"}, "game_id": "747108", "values": [{"date": "2023-03-18-22-00-00", "latency": 15}, {"date": "2023-03-18-22-00-00", "latency": 15}]}, {"location": {"country_code": "fr", "region": "Nord-Passo di Calais-Piccardia"}, "game_id": "747108", "values": [{"date": "2023-03-18-21-00-00", "latency": 16}, {"date": "2023-03-18-21-00-00", "latency": 16}, {"date": "2023-03-18-21-00-00", "latency": 16}, {"date": "2023-03-18-21-00-00", "latency": 16}, {"date": "2023-03-18-21-00-00", "latency": 16}, {"date": "2023-03-18-21-00-00", "latency": 16}]}, {"location": {"country_code": "br", "region": "Parana", "city": "Ponta Grossa"}, "game_id": "747108", "values": [{"date": "2023-03-18-06-00-00", "latency": 3}]}, {"location": {"country_code": "fr", "region": "Occitanie", "city": "Nimes"}, "game_id": "747108", "values": [{"date": "2023-03-19-01-00-00", "latency": 15}, {"date": "2023-03-19-01-00-00", "latency": 15}, {"date": "2023-03-19-01-00-00", "latency": 15}, {"date": "2023-03-19-01-00-00", "latency": 15}, {"date": "2023-03-19-01-00-00", "latency": 15}, {"date": "2023-03-19-01-00-00", "latency": 15}, {"date": "2023-03-19-01-00-00", "latency": 15}, {"date": "2023-03-19-01-00-00", "latency": 15}, {"date": "2023-03-19-01-00-00", "latency": 15}, {"date": "2023-03-19-01-00-00", "latency": 15}, {"date": "2023-03-19-01-00-00", "latency": 15}, {"date": "2023-03-19-01-00-00", "latency": 15}, {"date": "2023-03-19-01-00-00", "latency": 15}, {"date": "2023-03-19-01-00-00", "latency": 15}, {"date": "2023-03-19-01-00-00", "latency": 15}, {"date": "2023-03-19-01-00-00", "latency": 15}, {"date": "2023-03-19-01-00-00", "latency": 15}]}, {"location": {"country_code": "co", "region": "Bogota"}, "game_id": "747108", "values": [{"date": "2023-03-18-07-00-00", "latency": 8}, {"date": "2023-03-18-07-00-00", "latency": 8}, {"date": "2023-03-18-07-00-00", "latency": 8}, {"date": "2023-03-18-07-00-00", "latency": 8}, {"date": "2023-03-18-07-00-00", "latency": 8}, {"date": "2023-03-18-07-00-00", "latency": 8}, {"date": "2023-03-18-07-00-00", "latency": 8}, {"date": "2023-03-18-07-00-00", "latency": 8}, {"date": "2023-03-18-07-00-00", "latency": 8}, {"date": "2023-03-18-07-00-00", "latency": 8}, {"date": "2023-03-18-07-00-00", "latency": 8}, {"date": "2023-03-18-07-00-00", "latency": 8}, {"date": "2023-03-18-07-00-00", "latency": 8}, {"date": "2023-03-18-07-00-00", "latency": 8}, {"date": "2023-03-18-07-00-00", "latency": 8}, {"date": "2023-03-18-07-00-00", "latency": 8}, {"date": "2023-03-18-07-00-00", "latency": 8}, {"date": "2023-03-18-07-00-00", "latency": 8}, {"date": "2023-03-18-07-00-00", "latency": 8}, {"date": "2023-03-18-07-00-00", "latency": 8}, {"date": "2023-03-18-07-00-00", "latency": 8}, {"date": "2023-03-18-07-00-00", "latency": 8}, {"date": "2023-03-18-07-00-00", "latency": 8}, {"date": "2023-03-18-07-00-00", "latency": 8}, {"date": "2023-03-18-07-00-00", "latency": 8}, {"date": "2023-03-18-07-00-00", "latency": 8}, {"date": "2023-03-18-07-00-00", "latency": 8}, {"date": "2023-03-18-07-00-00", "latency": 8}, {"date": "2023-03-18-07-00-00", "latency": 8}, {"date": "2023-03-18-07-00-00", "latency": 8}, {"date": "2023-03-18-07-00-00", "latency": 8}, {"date": "2023-03-18-07-00-00", "latency": 8}, {"date": "2023-03-18-07-00-00", "latency": 8}, {"date": "2023-03-18-07-00-00", "latency": 8}]}, {"location": {"country_code": "es", "region": "Canary Islands", "city": "San Cristobal de La Laguna"}, "game_id": "747108", "values": [{"date": "2023-03-18-21-00-00", "latency": 47}, {"date": "2023-03-18-21-00-00", "latency": 47}]}, {"location": {"country_code": "es", "region": "Cantabria", "city": "Torres"}, "game_id": "747108", "values": [{"date": "2023-03-18-16-00-00", "latency": 31}, {"date": "2023-03-18-16-00-00", "latency": 31}, {"date": "2023-03-18-16-00-00", "latency": 31}, {"date": "2023-03-18-16-00-00", "latency": 31}]}], "last_updated": 1719919361.420064}