{"data": [{"location": {"country_code": "cu"}, "game_id": "295590", "values": [{"date": "2023-09-12-00-00-00", "latency": 57}, {"date": "2023-09-12-00-00-00", "latency": 57}, {"date": "2023-09-12-00-00-00", "latency": 57}, {"date": "2023-09-12-00-00-00", "latency": 57}, {"date": "2023-09-12-00-00-00", "latency": 106}, {"date": "2023-09-12-00-00-00", "latency": 106}, {"date": "2023-09-12-00-00-00", "latency": 106}, {"date": "2023-09-12-00-00-00", "latency": 106}]}, {"location": {"country_code": "us"}, "game_id": "295590", "values": [{"date": "2023-09-11-07-00-00", "latency": 39}, {"date": "2023-09-11-07-00-00", "latency": 39}, {"date": "2023-09-12-01-00-00", "latency": 104}, {"date": "2023-09-12-01-00-00", "latency": 104}, {"date": "2023-09-11-20-00-00", "latency": 92}, {"date": "2023-09-11-20-00-00", "latency": 92}, {"date": "2023-09-11-20-00-00", "latency": 92}, {"date": "2023-09-11-20-00-00", "latency": 92}, {"date": "2023-09-11-20-00-00", "latency": 92}, {"date": "2023-09-11-20-00-00", "latency": 92}, {"date": "2023-09-11-20-00-00", "latency": 92}, {"date": "2023-09-11-20-00-00", "latency": 92}, {"date": "2023-09-11-20-00-00", "latency": 92}, {"date": "2023-09-11-20-00-00", "latency": 92}, {"date": "2023-09-11-20-00-00", "latency": 92}, {"date": "2023-09-11-05-00-00", "latency": 522}, {"date": "2023-09-11-05-00-00", "latency": 522}]}, {"location": {"country_code": "us", "region": "Tennessee", "city": "Memphis"}, "game_id": "295590", "values": [{"date": "2023-09-11-09-00-00", "latency": 140}, {"date": "2023-09-11-09-00-00", "latency": 140}, {"date": "2023-09-11-09-00-00", "latency": 140}, {"date": "2023-09-11-09-00-00", "latency": 140}, {"date": "2023-09-11-09-00-00", "latency": 140}]}, {"location": {"country_code": "in", "region": "Tamil Nadu"}, "game_id": "295590", "values": [{"date": "2023-09-11-14-00-00", "latency": 95}, {"date": "2023-09-11-14-00-00", "latency": 95}, {"date": "2023-09-11-14-00-00", "latency": 95}, {"date": "2023-09-11-14-00-00", "latency": 95}, {"date": "2023-09-11-14-00-00", "latency": 95}]}, {"location": {"country_code": "de", "region": "Berlin", "city": "Berlin"}, "game_id": "295590", "values": [{"date": "2023-09-11-22-00-00", "latency": 79}, {"date": "2023-09-11-22-00-00", "latency": 79}, {"date": "2023-09-11-12-00-00", "latency": 48}]}, {"location": {"country_code": "eg"}, "game_id": "295590", "values": [{"date": "2023-09-11-02-00-00", "latency": 196}, {"date": "2023-09-11-02-00-00", "latency": 107}, {"date": "2023-09-11-02-00-00", "latency": 107}]}, {"location": {"country_code": "us", "region": "New York", "city": "Jamestown"}, "game_id": "295590", "values": [{"date": "2023-09-11-05-00-00", "latency": 55}, {"date": "2023-09-11-05-00-00", "latency": 55}, {"date": "2023-09-11-05-00-00", "latency": 55}]}, {"location": {"country_code": "gb"}, "game_id": "295590", "values": [{"date": "2023-09-11-03-00-00", "latency": 40}, {"date": "2023-09-11-18-00-00", "latency": 491}, {"date": "2023-09-11-18-00-00", "latency": 491}, {"date": "2023-09-11-17-00-00", "latency": 48}, {"date": "2023-09-11-06-00-00", "latency": 23}, {"date": "2023-09-11-06-00-00", "latency": 23}, {"date": "2023-09-11-06-00-00", "latency": 23}, {"date": "2023-09-11-06-00-00", "latency": 23}]}, {"location": {"country_code": "gb", "region": "England", "city": "Leicester"}, "game_id": "295590", "values": [{"date": "2023-09-11-18-00-00", "latency": 57}]}, {"location": {"country_code": "th"}, "game_id": "295590", "values": [{"date": "2023-09-11-19-00-00", "latency": 90}, {"date": "2023-09-11-19-00-00", "latency": 90}, {"date": "2023-09-11-11-00-00", "latency": 21}, {"date": "2023-09-11-11-00-00", "latency": 21}]}, {"location": {"country_code": "gr"}, "game_id": "295590", "values": [{"date": "2023-09-11-19-00-00", "latency": 103}, {"date": "2023-09-11-19-00-00", "latency": 103}, {"date": "2023-09-11-19-00-00", "latency": 103}, {"date": "2023-09-11-19-00-00", "latency": 103}, {"date": "2023-09-11-19-00-00", "latency": 103}, {"date": "2023-09-11-19-00-00", "latency": 103}, {"date": "2023-09-11-19-00-00", "latency": 103}, {"date": "2023-09-11-19-00-00", "latency": 103}, {"date": "2023-09-12-00-00-00", "latency": 117}, {"date": "2023-09-12-00-00-00", "latency": 117}, {"date": "2023-09-12-00-00-00", "latency": 117}, {"date": "2023-09-12-00-00-00", "latency": 117}, {"date": "2023-09-12-00-00-00", "latency": 117}, {"date": "2023-09-12-00-00-00", "latency": 117}, {"date": "2023-09-12-00-00-00", "latency": 117}]}, {"location": {"country_code": "cz"}, "game_id": "295590", "values": [{"date": "2023-09-12-02-00-00", "latency": 46}, {"date": "2023-09-12-02-00-00", "latency": 46}, {"date": "2023-09-11-21-00-00", "latency": 51}, {"date": "2023-09-11-21-00-00", "latency": 51}, {"date": "2023-09-11-21-00-00", "latency": 51}, {"date": "2023-09-11-21-00-00", "latency": 51}, {"date": "2023-09-11-21-00-00", "latency": 51}, {"date": "2023-09-11-21-00-00", "latency": 51}, {"date": "2023-09-11-21-00-00", "latency": 51}]}, {"location": {"country_code": "it"}, "game_id": "295590", "values": [{"date": "2023-09-11-21-00-00", "latency": 337}, {"date": "2023-09-11-21-00-00", "latency": 337}, {"date": "2023-09-12-00-00-00", "latency": 51}, {"date": "2023-09-12-00-00-00", "latency": 51}, {"date": "2023-09-12-00-00-00", "latency": 51}, {"date": "2023-09-11-12-00-00", "latency": 51}, {"date": "2023-09-11-12-00-00", "latency": 51}, {"date": "2023-09-11-12-00-00", "latency": 51}, {"date": "2023-09-11-12-00-00", "latency": 51}, {"date": "2023-09-11-12-00-00", "latency": 51}, {"date": "2023-09-11-12-00-00", "latency": 51}, {"date": "2023-09-11-12-00-00", "latency": 51}, {"date": "2023-09-11-12-00-00", "latency": 51}, {"date": "2023-09-11-12-00-00", "latency": 51}, {"date": "2023-09-11-12-00-00", "latency": 51}, {"date": "2023-09-11-12-00-00", "latency": 51}, {"date": "2023-09-11-12-00-00", "latency": 51}, {"date": "2023-09-11-12-00-00", "latency": 51}, {"date": "2023-09-11-05-00-00", "latency": 49}, {"date": "2023-09-11-05-00-00", "latency": 49}]}, {"location": {"country_code": "za"}, "game_id": "295590", "values": [{"date": "2023-09-11-17-00-00", "latency": 182}]}, {"location": {"country_code": "jp"}, "game_id": "295590", "values": [{"date": "2023-09-11-15-00-00", "latency": 17}, {"date": "2023-09-11-12-00-00", "latency": 106}, {"date": "2023-09-11-12-00-00", "latency": 106}, {"date": "2023-09-11-12-00-00", "latency": 106}, {"date": "2023-09-11-16-00-00", "latency": 185}, {"date": "2023-09-11-14-00-00", "latency": 46}]}, {"location": {"country_code": "ca"}, "game_id": "295590", "values": [{"date": "2023-09-11-07-00-00", "latency": 90}, {"date": "2023-09-11-23-00-00", "latency": 87}, {"date": "2023-09-11-23-00-00", "latency": 87}, {"date": "2023-09-12-02-00-00", "latency": 132}, {"date": "2023-09-12-02-00-00", "latency": 132}, {"date": "2023-09-12-02-00-00", "latency": 132}, {"date": "2023-09-12-02-00-00", "latency": 132}, {"date": "2023-09-12-02-00-00", "latency": 132}, {"date": "2023-09-12-02-00-00", "latency": 132}, {"date": "2023-09-11-21-00-00", "latency": 52}, {"date": "2023-09-11-21-00-00", "latency": 52}, {"date": "2023-09-11-21-00-00", "latency": 52}, {"date": "2023-09-11-21-00-00", "latency": 52}, {"date": "2023-09-11-06-00-00", "latency": 64}, {"date": "2023-09-11-06-00-00", "latency": 54}, {"date": "2023-09-11-06-00-00", "latency": 54}, {"date": "2023-09-11-06-00-00", "latency": 76}, {"date": "2023-09-11-18-00-00", "latency": 86}, {"date": "2023-09-11-18-00-00", "latency": 86}, {"date": "2023-09-11-18-00-00", "latency": 86}]}, {"location": {"country_code": "ch"}, "game_id": "295590", "values": [{"date": "2023-09-11-14-00-00", "latency": 92}, {"date": "2023-09-11-14-00-00", "latency": 92}, {"date": "2023-09-11-14-00-00", "latency": 92}, {"date": "2023-09-11-14-00-00", "latency": 92}, {"date": "2023-09-11-14-00-00", "latency": 92}, {"date": "2023-09-11-20-00-00", "latency": 45}]}, {"location": {"country_code": "de"}, "game_id": "295590", "values": [{"date": "2023-09-12-01-00-00", "latency": 36}, {"date": "2023-09-12-01-00-00", "latency": 36}, {"date": "2023-09-11-13-00-00", "latency": 46}, {"date": "2023-09-11-19-00-00", "latency": 34}, {"date": "2023-09-11-21-00-00", "latency": 62}, {"date": "2023-09-11-21-00-00", "latency": 62}, {"date": "2023-09-11-21-00-00", "latency": 62}, {"date": "2023-09-11-21-00-00", "latency": 62}, {"date": "2023-09-11-21-00-00", "latency": 62}, {"date": "2023-09-11-21-00-00", "latency": 62}, {"date": "2023-09-11-13-00-00", "latency": 111}, {"date": "2023-09-11-13-00-00", "latency": 111}, {"date": "2023-09-11-13-00-00", "latency": 111}, {"date": "2023-09-11-04-00-00", "latency": 220}, {"date": "2023-09-11-04-00-00", "latency": 220}, {"date": "2023-09-11-21-00-00", "latency": 43}, {"date": "2023-09-11-17-00-00", "latency": 45}]}, {"location": {"country_code": "tw"}, "game_id": "295590", "values": [{"date": "2023-09-11-16-00-00", "latency": 283}]}, {"location": {"country_code": "us", "region": "Indiana"}, "game_id": "295590", "values": [{"date": "2023-09-11-05-00-00", "latency": 320}]}, {"location": {"country_code": "gb", "region": "England"}, "game_id": "295590", "values": [{"date": "2023-09-11-19-00-00", "latency": 60}, {"date": "2023-09-11-19-00-00", "latency": 60}, {"date": "2023-09-11-21-00-00", "latency": 32}, {"date": "2023-09-11-21-00-00", "latency": 32}, {"date": "2023-09-11-21-00-00", "latency": 32}, {"date": "2023-09-11-21-00-00", "latency": 32}, {"date": "2023-09-11-21-00-00", "latency": 32}, {"date": "2023-09-11-21-00-00", "latency": 32}, {"date": "2023-09-11-21-00-00", "latency": 32}]}, {"location": {"country_code": "cl"}, "game_id": "295590", "values": [{"date": "2023-09-11-08-00-00", "latency": 43}, {"date": "2023-09-11-07-00-00", "latency": 89}, {"date": "2023-09-11-07-00-00", "latency": 89}, {"date": "2023-09-11-07-00-00", "latency": 89}, {"date": "2023-09-11-07-00-00", "latency": 89}, {"date": "2023-09-11-07-00-00", "latency": 89}, {"date": "2023-09-11-07-00-00", "latency": 89}, {"date": "2023-09-11-07-00-00", "latency": 89}, {"date": "2023-09-11-07-00-00", "latency": 89}]}, {"location": {"country_code": "us", "region": "Texas"}, "game_id": "295590", "values": [{"date": "2023-09-11-07-00-00", "latency": 57}, {"date": "2023-09-11-07-00-00", "latency": 57}]}, {"location": {"country_code": "ph"}, "game_id": "295590", "values": [{"date": "2023-09-12-02-00-00", "latency": 207}, {"date": "2023-09-11-06-00-00", "latency": 203}, {"date": "2023-09-11-06-00-00", "latency": 203}, {"date": "2023-09-11-06-00-00", "latency": 203}, {"date": "2023-09-11-06-00-00", "latency": 203}, {"date": "2023-09-11-06-00-00", "latency": 203}, {"date": "2023-09-11-06-00-00", "latency": 203}, {"date": "2023-09-11-06-00-00", "latency": 203}, {"date": "2023-09-11-06-00-00", "latency": 203}, {"date": "2023-09-11-06-00-00", "latency": 203}, {"date": "2023-09-11-06-00-00", "latency": 203}, {"date": "2023-09-11-06-00-00", "latency": 203}, {"date": "2023-09-11-06-00-00", "latency": 203}, {"date": "2023-09-11-06-00-00", "latency": 203}, {"date": "2023-09-11-06-00-00", "latency": 203}, {"date": "2023-09-11-06-00-00", "latency": 203}, {"date": "2023-09-11-06-00-00", "latency": 203}, {"date": "2023-09-11-06-00-00", "latency": 203}]}, {"location": {"country_code": "fr"}, "game_id": "295590", "values": [{"date": "2023-09-11-22-00-00", "latency": 54}, {"date": "2023-09-11-22-00-00", "latency": 54}, {"date": "2023-09-11-22-00-00", "latency": 54}, {"date": "2023-09-11-22-00-00", "latency": 54}, {"date": "2023-09-11-22-00-00", "latency": 54}, {"date": "2023-09-11-22-00-00", "latency": 54}, {"date": "2023-09-11-12-00-00", "latency": 24}, {"date": "2023-09-11-12-00-00", "latency": 24}, {"date": "2023-09-11-12-00-00", "latency": 24}, {"date": "2023-09-11-12-00-00", "latency": 24}, {"date": "2023-09-12-01-00-00", "latency": 63}, {"date": "2023-09-12-01-00-00", "latency": 63}, {"date": "2023-09-12-01-00-00", "latency": 63}, {"date": "2023-09-11-15-00-00", "latency": 42}, {"date": "2023-09-11-19-00-00", "latency": 50}]}, {"location": {"country_code": "fr", "region": "Alsazia-Champagne-Ardenne-Lorena", "city": "Mulhouse"}, "game_id": "295590", "values": [{"date": "2023-09-11-21-00-00", "latency": 41}, {"date": "2023-09-11-17-00-00", "latency": 56}]}, {"location": {"country_code": "br", "region": "Minas Gerais", "city": "Betim"}, "game_id": "295590", "values": [{"date": "2023-09-11-22-00-00", "latency": 32}, {"date": "2023-09-11-22-00-00", "latency": 32}, {"date": "2023-09-11-04-00-00", "latency": 194}, {"date": "2023-09-11-04-00-00", "latency": 194}, {"date": "2023-09-11-04-00-00", "latency": 194}]}, {"location": {"country_code": "fr", "region": "Occitanie", "city": "Montpellier"}, "game_id": "295590", "values": [{"date": "2023-09-11-15-00-00", "latency": 58}, {"date": "2023-09-11-15-00-00", "latency": 58}]}, {"location": {"country_code": "mx"}, "game_id": "295590", "values": [{"date": "2023-09-11-10-00-00", "latency": 79}, {"date": "2023-09-11-10-00-00", "latency": 79}, {"date": "2023-09-11-03-00-00", "latency": 104}, {"date": "2023-09-11-07-00-00", "latency": 88}, {"date": "2023-09-12-01-00-00", "latency": 87}, {"date": "2023-09-12-01-00-00", "latency": 87}, {"date": "2023-09-11-10-00-00", "latency": 92}, {"date": "2023-09-11-10-00-00", "latency": 92}, {"date": "2023-09-11-03-00-00", "latency": 79}, {"date": "2023-09-11-08-00-00", "latency": 238}, {"date": "2023-09-11-08-00-00", "latency": 238}, {"date": "2023-09-11-08-00-00", "latency": 238}, {"date": "2023-09-11-08-00-00", "latency": 73}, {"date": "2023-09-11-08-00-00", "latency": 73}, {"date": "2023-09-11-08-00-00", "latency": 73}]}, {"location": {"country_code": "mx", "region": "Mexico City"}, "game_id": "295590", "values": [{"date": "2023-09-11-06-00-00", "latency": 747}, {"date": "2023-09-11-05-00-00", "latency": 99}, {"date": "2023-09-11-05-00-00", "latency": 99}, {"date": "2023-09-11-05-00-00", "latency": 99}, {"date": "2023-09-11-05-00-00", "latency": 99}]}, {"location": {"country_code": "us", "region": "California"}, "game_id": "295590", "values": [{"date": "2023-09-11-19-00-00", "latency": 228}]}, {"location": {"country_code": "rs"}, "game_id": "295590", "values": [{"date": "2023-09-11-15-00-00", "latency": 43}, {"date": "2023-09-11-15-00-00", "latency": 43}, {"date": "2023-09-11-15-00-00", "latency": 43}]}, {"location": {"country_code": "br"}, "game_id": "295590", "values": [{"date": "2023-09-12-01-00-00", "latency": 87}, {"date": "2023-09-12-01-00-00", "latency": 87}, {"date": "2023-09-11-23-00-00", "latency": 79}, {"date": "2023-09-11-11-00-00", "latency": 128}, {"date": "2023-09-11-03-00-00", "latency": 231}, {"date": "2023-09-11-19-00-00", "latency": 100}]}, {"location": {"country_code": "br", "region": "Sao Paulo", "city": "Apiai"}, "game_id": "295590", "values": [{"date": "2023-09-11-03-00-00", "latency": 25}, {"date": "2023-09-11-03-00-00", "latency": 25}]}, {"location": {"country_code": "se"}, "game_id": "295590", "values": [{"date": "2023-09-12-00-00-00", "latency": 54}, {"date": "2023-09-11-21-00-00", "latency": 55}, {"date": "2023-09-11-21-00-00", "latency": 75}, {"date": "2023-09-11-21-00-00", "latency": 75}, {"date": "2023-09-11-21-00-00", "latency": 75}, {"date": "2023-09-11-21-00-00", "latency": 75}, {"date": "2023-09-11-21-00-00", "latency": 75}]}, {"location": {"country_code": "no"}, "game_id": "295590", "values": [{"date": "2023-09-11-22-00-00", "latency": 112}, {"date": "2023-09-12-00-00-00", "latency": 46}]}, {"location": {"country_code": "us", "region": "California", "city": "East Los Angeles"}, "game_id": "295590", "values": [{"date": "2023-09-11-02-00-00", "latency": 92}]}, {"location": {"country_code": "ca", "region": "British Columbia", "city": "Richmond"}, "game_id": "295590", "values": [{"date": "2023-09-11-08-00-00", "latency": 186}, {"date": "2023-09-11-08-00-00", "latency": 186}, {"date": "2023-09-11-08-00-00", "latency": 186}, {"date": "2023-09-11-08-00-00", "latency": 186}, {"date": "2023-09-11-08-00-00", "latency": 186}]}, {"location": {"country_code": "us", "region": "Ohio", "city": "Cincinnati"}, "game_id": "295590", "values": [{"date": "2023-09-11-09-00-00", "latency": 53}]}, {"location": {"country_code": "ec"}, "game_id": "295590", "values": [{"date": "2023-09-11-04-00-00", "latency": 130}, {"date": "2023-09-11-04-00-00", "latency": 130}, {"date": "2023-09-11-04-00-00", "latency": 130}, {"date": "2023-09-11-04-00-00", "latency": 130}, {"date": "2023-09-11-06-00-00", "latency": 84}, {"date": "2023-09-11-03-00-00", "latency": 133}, {"date": "2023-09-11-03-00-00", "latency": 133}, {"date": "2023-09-11-03-00-00", "latency": 133}, {"date": "2023-09-11-03-00-00", "latency": 133}]}, {"location": {"country_code": "au"}, "game_id": "295590", "values": [{"date": "2023-09-11-08-00-00", "latency": 63}, {"date": "2023-09-11-10-00-00", "latency": 70}, {"date": "2023-09-11-10-00-00", "latency": 70}, {"date": "2023-09-11-10-00-00", "latency": 70}, {"date": "2023-09-11-10-00-00", "latency": 70}, {"date": "2023-09-11-10-00-00", "latency": 70}]}, {"location": {"country_code": "au", "region": "Queensland", "city": "Brisbane"}, "game_id": "295590", "values": [{"date": "2023-09-11-05-00-00", "latency": 248}]}, {"location": {"country_code": "tr"}, "game_id": "295590", "values": [{"date": "2023-09-11-19-00-00", "latency": 104}, {"date": "2023-09-11-22-00-00", "latency": 90}, {"date": "2023-09-11-22-00-00", "latency": 90}, {"date": "2023-09-11-22-00-00", "latency": 90}, {"date": "2023-09-11-19-00-00", "latency": 97}, {"date": "2023-09-12-01-00-00", "latency": 78}, {"date": "2023-09-12-01-00-00", "latency": 78}, {"date": "2023-09-11-06-00-00", "latency": 101}, {"date": "2023-09-11-06-00-00", "latency": 101}, {"date": "2023-09-11-06-00-00", "latency": 101}, {"date": "2023-09-11-06-00-00", "latency": 101}, {"date": "2023-09-11-06-00-00", "latency": 101}, {"date": "2023-09-11-06-00-00", "latency": 101}, {"date": "2023-09-11-06-00-00", "latency": 101}, {"date": "2023-09-11-06-00-00", "latency": 101}, {"date": "2023-09-11-06-00-00", "latency": 101}, {"date": "2023-09-11-06-00-00", "latency": 101}, {"date": "2023-09-11-06-00-00", "latency": 101}, {"date": "2023-09-11-06-00-00", "latency": 101}, {"date": "2023-09-11-06-00-00", "latency": 101}, {"date": "2023-09-11-06-00-00", "latency": 101}, {"date": "2023-09-11-21-00-00", "latency": 64}, {"date": "2023-09-11-21-00-00", "latency": 45}, {"date": "2023-09-12-01-00-00", "latency": 144}, {"date": "2023-09-12-01-00-00", "latency": 144}, {"date": "2023-09-12-01-00-00", "latency": 144}, {"date": "2023-09-12-01-00-00", "latency": 144}]}, {"location": {"country_code": "us", "region": "Pennsylvania", "city": "Philadelphia"}, "game_id": "295590", "values": [{"date": "2023-09-11-03-00-00", "latency": 79}, {"date": "2023-09-11-03-00-00", "latency": 79}]}, {"location": {"country_code": "mx", "region": "San Luis Potosi"}, "game_id": "295590", "values": [{"date": "2023-09-12-01-00-00", "latency": 146}, {"date": "2023-09-12-01-00-00", "latency": 146}, {"date": "2023-09-12-01-00-00", "latency": 146}]}, {"location": {"country_code": "ar"}, "game_id": "295590", "values": [{"date": "2023-09-11-03-00-00", "latency": 75}, {"date": "2023-09-11-04-00-00", "latency": 73}, {"date": "2023-09-11-03-00-00", "latency": 80}, {"date": "2023-09-11-04-00-00", "latency": 83}, {"date": "2023-09-11-06-00-00", "latency": 108}, {"date": "2023-09-11-03-00-00", "latency": 87}, {"date": "2023-09-11-03-00-00", "latency": 87}, {"date": "2023-09-11-03-00-00", "latency": 87}, {"date": "2023-09-11-23-00-00", "latency": 345}, {"date": "2023-09-11-06-00-00", "latency": 132}, {"date": "2023-09-11-06-00-00", "latency": 131}, {"date": "2023-09-11-06-00-00", "latency": 133}, {"date": "2023-09-11-08-00-00", "latency": 311}, {"date": "2023-09-11-08-00-00", "latency": 311}, {"date": "2023-09-11-08-00-00", "latency": 311}, {"date": "2023-09-11-08-00-00", "latency": 311}, {"date": "2023-09-11-08-00-00", "latency": 311}, {"date": "2023-09-11-07-00-00", "latency": 64}, {"date": "2023-09-11-22-00-00", "latency": 109}, {"date": "2023-09-11-22-00-00", "latency": 109}, {"date": "2023-09-11-22-00-00", "latency": 109}, {"date": "2023-09-11-08-00-00", "latency": 80}, {"date": "2023-09-11-08-00-00", "latency": 80}]}, {"location": {"country_code": "ar", "region": "Buenos Aires"}, "game_id": "295590", "values": [{"date": "2023-09-11-06-00-00", "latency": 114}, {"date": "2023-09-11-06-00-00", "latency": 112}]}, {"location": {"country_code": "bo"}, "game_id": "295590", "values": [{"date": "2023-09-11-20-00-00", "latency": 119}]}, {"location": {"country_code": "fi"}, "game_id": "295590", "values": [{"date": "2023-09-11-21-00-00", "latency": 74}, {"date": "2023-09-11-19-00-00", "latency": 178}]}, {"location": {"country_code": "de", "region": "Free and Hanseatic City of Hamburg", "city": "Hamburg"}, "game_id": "295590", "values": [{"date": "2023-09-12-02-00-00", "latency": 66}, {"date": "2023-09-12-02-00-00", "latency": 66}, {"date": "2023-09-12-02-00-00", "latency": 66}]}, {"location": {"country_code": "ar", "region": "Buenos Aires F.D.", "city": "Bahia Blanca"}, "game_id": "295590", "values": [{"date": "2023-09-11-17-00-00", "latency": 67}, {"date": "2023-09-11-02-00-00", "latency": 67}, {"date": "2023-09-11-04-00-00", "latency": 215}, {"date": "2023-09-11-04-00-00", "latency": 215}, {"date": "2023-09-11-04-00-00", "latency": 215}]}, {"location": {"country_code": "hu"}, "game_id": "295590", "values": [{"date": "2023-09-11-19-00-00", "latency": 69}, {"date": "2023-09-11-19-00-00", "latency": 50}, {"date": "2023-09-11-19-00-00", "latency": 50}, {"date": "2023-09-11-19-00-00", "latency": 50}, {"date": "2023-09-12-00-00-00", "latency": 45}]}, {"location": {"country_code": "de", "region": "Bavaria"}, "game_id": "295590", "values": [{"date": "2023-09-11-22-00-00", "latency": 52}, {"date": "2023-09-11-22-00-00", "latency": 29}, {"date": "2023-09-11-22-00-00", "latency": 29}]}, {"location": {"country_code": "co"}, "game_id": "295590", "values": [{"date": "2023-09-11-03-00-00", "latency": 82}, {"date": "2023-09-11-04-00-00", "latency": 133}, {"date": "2023-09-11-04-00-00", "latency": 133}, {"date": "2023-09-11-04-00-00", "latency": 133}, {"date": "2023-09-11-04-00-00", "latency": 133}, {"date": "2023-09-11-04-00-00", "latency": 133}, {"date": "2023-09-11-04-00-00", "latency": 133}, {"date": "2023-09-11-07-00-00", "latency": 82}, {"date": "2023-09-11-04-00-00", "latency": 88}, {"date": "2023-09-11-04-00-00", "latency": 88}, {"date": "2023-09-11-04-00-00", "latency": 88}, {"date": "2023-09-11-04-00-00", "latency": 88}, {"date": "2023-09-11-04-00-00", "latency": 88}]}, {"location": {"country_code": "at"}, "game_id": "295590", "values": [{"date": "2023-09-11-15-00-00", "latency": 75}]}, {"location": {"country_code": "us", "region": "Arizona"}, "game_id": "295590", "values": [{"date": "2023-09-11-05-00-00", "latency": 94}]}, {"location": {"country_code": "ve"}, "game_id": "295590", "values": [{"date": "2023-09-11-05-00-00", "latency": 83}, {"date": "2023-09-11-05-00-00", "latency": 83}, {"date": "2023-09-11-05-00-00", "latency": 83}, {"date": "2023-09-11-05-00-00", "latency": 83}, {"date": "2023-09-11-05-00-00", "latency": 83}, {"date": "2023-09-11-05-00-00", "latency": 83}]}, {"location": {"country_code": "cn"}, "game_id": "295590", "values": [{"date": "2023-09-12-01-00-00", "latency": 144}, {"date": "2023-09-12-01-00-00", "latency": 144}, {"date": "2023-09-12-01-00-00", "latency": 144}, {"date": "2023-09-12-01-00-00", "latency": 144}, {"date": "2023-09-12-01-00-00", "latency": 144}, {"date": "2023-09-12-01-00-00", "latency": 144}, {"date": "2023-09-12-01-00-00", "latency": 144}, {"date": "2023-09-12-01-00-00", "latency": 144}, {"date": "2023-09-12-01-00-00", "latency": 144}, {"date": "2023-09-12-01-00-00", "latency": 144}, {"date": "2023-09-12-01-00-00", "latency": 144}, {"date": "2023-09-12-01-00-00", "latency": 144}, {"date": "2023-09-12-01-00-00", "latency": 144}, {"date": "2023-09-12-01-00-00", "latency": 144}, {"date": "2023-09-12-01-00-00", "latency": 144}, {"date": "2023-09-12-01-00-00", "latency": 144}, {"date": "2023-09-12-01-00-00", "latency": 144}, {"date": "2023-09-12-01-00-00", "latency": 144}, {"date": "2023-09-12-01-00-00", "latency": 144}, {"date": "2023-09-12-01-00-00", "latency": 144}, {"date": "2023-09-12-01-00-00", "latency": 144}, {"date": "2023-09-12-01-00-00", "latency": 144}, {"date": "2023-09-12-01-00-00", "latency": 144}, {"date": "2023-09-12-01-00-00", "latency": 144}, {"date": "2023-09-12-01-00-00", "latency": 144}, {"date": "2023-09-12-01-00-00", "latency": 144}]}, {"location": {"country_code": "es", "region": "Catalonia", "city": "l'Hospitalet de Llobregat"}, "game_id": "295590", "values": [{"date": "2023-09-11-11-00-00", "latency": 53}, {"date": "2023-09-11-11-00-00", "latency": 53}, {"date": "2023-09-11-11-00-00", "latency": 53}, {"date": "2023-09-11-11-00-00", "latency": 53}, {"date": "2023-09-11-11-00-00", "latency": 53}, {"date": "2023-09-11-11-00-00", "latency": 53}, {"date": "2023-09-11-13-00-00", "latency": 47}]}, {"location": {"country_code": "pl"}, "game_id": "295590", "values": [{"date": "2023-09-11-21-00-00", "latency": 128}, {"date": "2023-09-11-21-00-00", "latency": 128}, {"date": "2023-09-11-21-00-00", "latency": 128}, {"date": "2023-09-11-21-00-00", "latency": 128}, {"date": "2023-09-11-21-00-00", "latency": 128}, {"date": "2023-09-11-21-00-00", "latency": 128}, {"date": "2023-09-11-21-00-00", "latency": 128}, {"date": "2023-09-11-21-00-00", "latency": 128}, {"date": "2023-09-11-21-00-00", "latency": 128}, {"date": "2023-09-11-12-00-00", "latency": 67}, {"date": "2023-09-11-21-00-00", "latency": 133}, {"date": "2023-09-11-21-00-00", "latency": 133}, {"date": "2023-09-11-22-00-00", "latency": 56}]}, {"location": {"country_code": "us", "region": "North Carolina"}, "game_id": "295590", "values": [{"date": "2023-09-11-13-00-00", "latency": 66}, {"date": "2023-09-11-13-00-00", "latency": 66}, {"date": "2023-09-11-13-00-00", "latency": 66}]}, {"location": {"country_code": "cr"}, "game_id": "295590", "values": [{"date": "2023-09-11-04-00-00", "latency": 125}]}, {"location": {"country_code": "gb", "region": "England", "city": "London"}, "game_id": "295590", "values": [{"date": "2023-09-11-03-00-00", "latency": 134}, {"date": "2023-09-11-23-00-00", "latency": 45}, {"date": "2023-09-11-23-00-00", "latency": 45}]}, {"location": {"country_code": "ie"}, "game_id": "295590", "values": [{"date": "2023-09-11-05-00-00", "latency": 391}, {"date": "2023-09-11-05-00-00", "latency": 391}, {"date": "2023-09-11-05-00-00", "latency": 391}, {"date": "2023-09-11-05-00-00", "latency": 391}]}, {"location": {"country_code": "pe"}, "game_id": "295590", "values": [{"date": "2023-09-11-04-00-00", "latency": 126}, {"date": "2023-09-11-04-00-00", "latency": 126}]}, {"location": {"country_code": "es", "region": "Canary Islands", "city": "Santa Cruz de Tenerife"}, "game_id": "295590", "values": [{"date": "2023-09-11-04-00-00", "latency": 174}]}, {"location": {"country_code": "tr", "region": "Marmara Bolgesi", "city": "Istanbul"}, "game_id": "295590", "values": [{"date": "2023-09-11-20-00-00", "latency": 114}]}, {"location": {"country_code": "ca", "region": "Ontario", "city": "Toronto"}, "game_id": "295590", "values": [{"date": "2023-09-11-22-00-00", "latency": 125}, {"date": "2023-09-11-04-00-00", "latency": 53}, {"date": "2023-09-11-04-00-00", "latency": 53}, {"date": "2023-09-11-21-00-00", "latency": 47}, {"date": "2023-09-11-21-00-00", "latency": 47}, {"date": "2023-09-11-21-00-00", "latency": 47}]}, {"location": {"country_code": "do"}, "game_id": "295590", "values": [{"date": "2023-09-11-04-00-00", "latency": 189}, {"date": "2023-09-11-04-00-00", "latency": 189}]}, {"location": {"country_code": "my"}, "game_id": "295590", "values": [{"date": "2023-09-11-17-00-00", "latency": 35}, {"date": "2023-09-11-17-00-00", "latency": 35}, {"date": "2023-09-11-17-00-00", "latency": 35}]}, {"location": {"country_code": "us", "region": "Minnesota", "city": "Minneapolis"}, "game_id": "295590", "values": [{"date": "2023-09-12-01-00-00", "latency": 47}]}, {"location": {"country_code": "id"}, "game_id": "295590", "values": [{"date": "2023-09-11-21-00-00", "latency": 125}, {"date": "2023-09-11-21-00-00", "latency": 125}, {"date": "2023-09-11-21-00-00", "latency": 125}, {"date": "2023-09-11-21-00-00", "latency": 125}, {"date": "2023-09-11-21-00-00", "latency": 125}, {"date": "2023-09-11-21-00-00", "latency": 125}, {"date": "2023-09-11-21-00-00", "latency": 125}]}, {"location": {"country_code": "au", "region": "Queensland"}, "game_id": "295590", "values": [{"date": "2023-09-11-13-00-00", "latency": 34}]}, {"location": {"country_code": "us", "region": "Pennsylvania"}, "game_id": "295590", "values": [{"date": "2023-09-11-02-00-00", "latency": 50}, {"date": "2023-09-11-02-00-00", "latency": 50}, {"date": "2023-09-11-02-00-00", "latency": 50}, {"date": "2023-09-11-02-00-00", "latency": 50}, {"date": "2023-09-11-02-00-00", "latency": 50}, {"date": "2023-09-11-02-00-00", "latency": 50}, {"date": "2023-09-11-02-00-00", "latency": 50}, {"date": "2023-09-11-02-00-00", "latency": 50}]}, {"location": {"country_code": "cl", "region": "Santiago Metropolitan", "city": "Santiago"}, "game_id": "295590", "values": [{"date": "2023-09-11-04-00-00", "latency": 63}, {"date": "2023-09-11-23-00-00", "latency": 39}]}, {"location": {"country_code": "sk"}, "game_id": "295590", "values": [{"date": "2023-09-11-12-00-00", "latency": 36}]}, {"location": {"country_code": "pt"}, "game_id": "295590", "values": [{"date": "2023-09-12-01-00-00", "latency": 57}, {"date": "2023-09-11-20-00-00", "latency": 144}, {"date": "2023-09-11-23-00-00", "latency": 102}, {"date": "2023-09-11-22-00-00", "latency": 45}, {"date": "2023-09-11-22-00-00", "latency": 45}, {"date": "2023-09-11-22-00-00", "latency": 45}, {"date": "2023-09-11-22-00-00", "latency": 45}, {"date": "2023-09-11-22-00-00", "latency": 45}, {"date": "2023-09-11-22-00-00", "latency": 45}, {"date": "2023-09-11-23-00-00", "latency": 101}, {"date": "2023-09-11-23-00-00", "latency": 101}]}, {"location": {"country_code": "br", "region": "State of Rio de Janeiro", "city": "Angra dos Reis"}, "game_id": "295590", "values": [{"date": "2023-09-11-17-00-00", "latency": 130}, {"date": "2023-09-11-17-00-00", "latency": 130}, {"date": "2023-09-11-17-00-00", "latency": 130}]}, {"location": {"country_code": "uy", "region": "Montevideo Department", "city": "Montevideo"}, "game_id": "295590", "values": [{"date": "2023-09-11-23-00-00", "latency": 62}]}, {"location": {"country_code": "fr", "region": "Ile-de-France Region"}, "game_id": "295590", "values": [{"date": "2023-09-11-20-00-00", "latency": 44}, {"date": "2023-09-11-20-00-00", "latency": 44}]}, {"location": {"country_code": "uy"}, "game_id": "295590", "values": [{"date": "2023-09-11-08-00-00", "latency": 281}]}, {"location": {"country_code": "sv"}, "game_id": "295590", "values": [{"date": "2023-09-11-23-00-00", "latency": 79}, {"date": "2023-09-11-23-00-00", "latency": 79}, {"date": "2023-09-11-23-00-00", "latency": 79}, {"date": "2023-09-11-23-00-00", "latency": 79}]}, {"location": {"country_code": "fr", "region": "Ile-de-France Region", "city": "Paris"}, "game_id": "295590", "values": [{"date": "2023-09-11-19-00-00", "latency": 32}, {"date": "2023-09-11-19-00-00", "latency": 32}]}, {"location": {"country_code": "ca", "region": "Quebec", "city": "Montreal"}, "game_id": "295590", "values": [{"date": "2023-09-11-14-00-00", "latency": 55}]}, {"location": {"country_code": "us", "region": "Massachusetts", "city": "Boston"}, "game_id": "295590", "values": [{"date": "2023-09-11-21-00-00", "latency": 320}, {"date": "2023-09-12-01-00-00", "latency": 53}]}, {"location": {"country_code": "kw"}, "game_id": "295590", "values": [{"date": "2023-09-11-21-00-00", "latency": 175}]}, {"location": {"country_code": "pe", "region": "Lima region", "city": "Lima"}, "game_id": "295590", "values": [{"date": "2023-09-11-08-00-00", "latency": 225}, {"date": "2023-09-11-04-00-00", "latency": 64}, {"date": "2023-09-11-04-00-00", "latency": 64}]}, {"location": {"country_code": "us", "region": "Texas", "city": "Irving"}, "game_id": "295590", "values": [{"date": "2023-09-11-06-00-00", "latency": 61}]}, {"location": {"country_code": "br", "region": "Ceara", "city": "Itapipoca"}, "game_id": "295590", "values": [{"date": "2023-09-11-17-00-00", "latency": 144}, {"date": "2023-09-11-17-00-00", "latency": 144}, {"date": "2023-09-11-17-00-00", "latency": 144}, {"date": "2023-09-11-17-00-00", "latency": 144}, {"date": "2023-09-11-17-00-00", "latency": 144}, {"date": "2023-09-11-17-00-00", "latency": 144}, {"date": "2023-09-11-17-00-00", "latency": 144}, {"date": "2023-09-11-17-00-00", "latency": 144}, {"date": "2023-09-11-17-00-00", "latency": 144}, {"date": "2023-09-11-17-00-00", "latency": 144}, {"date": "2023-09-11-17-00-00", "latency": 144}, {"date": "2023-09-11-17-00-00", "latency": 144}]}, {"location": {"country_code": "ca", "region": "Ontario", "city": "Ottawa"}, "game_id": "295590", "values": [{"date": "2023-09-11-02-00-00", "latency": 53}]}, {"location": {"country_code": "lv"}, "game_id": "295590", "values": [{"date": "2023-09-11-18-00-00", "latency": 52}, {"date": "2023-09-11-18-00-00", "latency": 52}]}, {"location": {"country_code": "sy"}, "game_id": "295590", "values": [{"date": "2023-09-11-14-00-00", "latency": 99}, {"date": "2023-09-11-14-00-00", "latency": 99}, {"date": "2023-09-11-14-00-00", "latency": 99}, {"date": "2023-09-11-14-00-00", "latency": 99}]}, {"location": {"country_code": "br", "region": "State of Rio de Janeiro"}, "game_id": "295590", "values": [{"date": "2023-09-11-12-00-00", "latency": 35}, {"date": "2023-09-11-12-00-00", "latency": 35}, {"date": "2023-09-11-12-00-00", "latency": 35}]}, {"location": {"country_code": "ar", "region": "Pampas"}, "game_id": "295590", "values": [{"date": "2023-09-11-03-00-00", "latency": 76}]}, {"location": {"country_code": "us", "region": "Washington", "city": "Seattle"}, "game_id": "295590", "values": [{"date": "2023-09-11-09-00-00", "latency": 81}, {"date": "2023-09-11-09-00-00", "latency": 81}, {"date": "2023-09-11-08-00-00", "latency": 87}]}, {"location": {"country_code": "it", "region": "Lazio", "city": "Rome"}, "game_id": "295590", "values": [{"date": "2023-09-11-21-00-00", "latency": 54}]}, {"location": {"country_code": "es", "region": "Balearic Islands", "city": "Palma"}, "game_id": "295590", "values": [{"date": "2023-09-12-00-00-00", "latency": 185}, {"date": "2023-09-12-00-00-00", "latency": 185}, {"date": "2023-09-12-00-00-00", "latency": 185}]}, {"location": {"country_code": "es", "region": "Murcia", "city": "Lorca"}, "game_id": "295590", "values": [{"date": "2023-09-11-19-00-00", "latency": 152}, {"date": "2023-09-11-19-00-00", "latency": 152}, {"date": "2023-09-11-19-00-00", "latency": 152}, {"date": "2023-09-11-19-00-00", "latency": 152}, {"date": "2023-09-11-19-00-00", "latency": 152}, {"date": "2023-09-11-19-00-00", "latency": 152}, {"date": "2023-09-11-19-00-00", "latency": 152}, {"date": "2023-09-11-19-00-00", "latency": 152}, {"date": "2023-09-11-19-00-00", "latency": 152}, {"date": "2023-09-11-19-00-00", "latency": 152}, {"date": "2023-09-11-19-00-00", "latency": 152}, {"date": "2023-09-11-19-00-00", "latency": 152}, {"date": "2023-09-11-19-00-00", "latency": 152}, {"date": "2023-09-11-19-00-00", "latency": 152}, {"date": "2023-09-11-19-00-00", "latency": 152}, {"date": "2023-09-11-19-00-00", "latency": 152}, {"date": "2023-09-11-19-00-00", "latency": 152}, {"date": "2023-09-11-19-00-00", "latency": 152}, {"date": "2023-09-11-19-00-00", "latency": 152}, {"date": "2023-09-11-19-00-00", "latency": 152}, {"date": "2023-09-11-19-00-00", "latency": 152}, {"date": "2023-09-11-19-00-00", "latency": 152}, {"date": "2023-09-11-19-00-00", "latency": 152}, {"date": "2023-09-11-19-00-00", "latency": 152}, {"date": "2023-09-11-19-00-00", "latency": 152}, {"date": "2023-09-11-19-00-00", "latency": 152}, {"date": "2023-09-11-19-00-00", "latency": 152}, {"date": "2023-09-11-19-00-00", "latency": 152}, {"date": "2023-09-11-19-00-00", "latency": 152}, {"date": "2023-09-11-12-00-00", "latency": 64}]}, {"location": {"country_code": "dj"}, "game_id": "295590", "values": [{"date": "2023-09-11-06-00-00", "latency": 103}]}, {"location": {"country_code": "br", "region": "Sao Paulo", "city": "Santa Cruz das Palmeiras"}, "game_id": "295590", "values": [{"date": "2023-09-11-04-00-00", "latency": 31}, {"date": "2023-09-11-04-00-00", "latency": 31}]}, {"location": {"country_code": "ar", "region": "Buenos Aires", "city": "La Plata"}, "game_id": "295590", "values": [{"date": "2023-09-11-22-00-00", "latency": 248}, {"date": "2023-09-11-22-00-00", "latency": 248}]}, {"location": {"country_code": "jp", "region": "Chiba"}, "game_id": "295590", "values": [{"date": "2023-09-11-17-00-00", "latency": 28}]}, {"location": {"country_code": "pl", "region": "Masovian Voivodeship", "city": "Warsaw"}, "game_id": "295590", "values": [{"date": "2023-09-11-21-00-00", "latency": 170}, {"date": "2023-09-11-21-00-00", "latency": 170}, {"date": "2023-09-11-21-00-00", "latency": 170}]}, {"location": {"country_code": "fr", "region": "Brittany Region"}, "game_id": "295590", "values": [{"date": "2023-09-11-04-00-00", "latency": 154}, {"date": "2023-09-11-04-00-00", "latency": 154}, {"date": "2023-09-11-04-00-00", "latency": 154}, {"date": "2023-09-11-04-00-00", "latency": 154}, {"date": "2023-09-11-04-00-00", "latency": 154}, {"date": "2023-09-11-04-00-00", "latency": 154}, {"date": "2023-09-11-04-00-00", "latency": 154}]}, {"location": {"country_code": "mx", "region": "Baja California", "city": "Mexicali"}, "game_id": "295590", "values": [{"date": "2023-09-11-05-00-00", "latency": 168}, {"date": "2023-09-11-05-00-00", "latency": 168}, {"date": "2023-09-11-05-00-00", "latency": 168}, {"date": "2023-09-11-05-00-00", "latency": 168}, {"date": "2023-09-11-05-00-00", "latency": 168}, {"date": "2023-09-11-05-00-00", "latency": 168}, {"date": "2023-09-11-05-00-00", "latency": 168}, {"date": "2023-09-11-05-00-00", "latency": 168}, {"date": "2023-09-11-05-00-00", "latency": 168}, {"date": "2023-09-11-05-00-00", "latency": 168}, {"date": "2023-09-11-05-00-00", "latency": 168}, {"date": "2023-09-11-05-00-00", "latency": 168}, {"date": "2023-09-11-05-00-00", "latency": 168}, {"date": "2023-09-11-05-00-00", "latency": 168}]}, {"location": {"country_code": "de", "region": "Saxony-Anhalt", "city": "Magdeburg"}, "game_id": "295590", "values": [{"date": "2023-09-11-22-00-00", "latency": 54}]}, {"location": {"country_code": "tr", "region": "Akdeniz Bolgesi", "city": "Antalya"}, "game_id": "295590", "values": [{"date": "2023-09-11-22-00-00", "latency": 120}]}, {"location": {"country_code": "is"}, "game_id": "295590", "values": [{"date": "2023-09-11-18-00-00", "latency": 283}, {"date": "2023-09-11-18-00-00", "latency": 283}, {"date": "2023-09-11-18-00-00", "latency": 283}, {"date": "2023-09-11-18-00-00", "latency": 283}, {"date": "2023-09-11-18-00-00", "latency": 283}, {"date": "2023-09-11-18-00-00", "latency": 283}]}, {"location": {"country_code": "bh"}, "game_id": "295590", "values": [{"date": "2023-09-11-11-00-00", "latency": 144}]}, {"location": {"country_code": "ca", "region": "Saskatchewan"}, "game_id": "295590", "values": [{"date": "2023-09-11-03-00-00", "latency": 320}]}, {"location": {"country_code": "br", "region": "Estado de Bahia", "city": "Aramari"}, "game_id": "295590", "values": [{"date": "2023-09-11-02-00-00", "latency": 52}]}, {"location": {"country_code": "us", "region": "Ohio", "city": "Sardinia"}, "game_id": "295590", "values": [{"date": "2023-09-11-20-00-00", "latency": 44}]}, {"location": {"country_code": "at", "region": "Styria", "city": "Graz"}, "game_id": "295590", "values": [{"date": "2023-09-11-22-00-00", "latency": 82}, {"date": "2023-09-11-22-00-00", "latency": 82}, {"date": "2023-09-11-22-00-00", "latency": 82}, {"date": "2023-09-11-22-00-00", "latency": 82}, {"date": "2023-09-11-22-00-00", "latency": 82}, {"date": "2023-09-11-22-00-00", "latency": 82}]}, {"location": {"country_code": "us", "region": "California", "city": "Thousand Oaks"}, "game_id": "295590", "values": [{"date": "2023-09-11-22-00-00", "latency": 69}]}, {"location": {"country_code": "ar", "region": "Tierra del Fuego Province"}, "game_id": "295590", "values": [{"date": "2023-09-11-06-00-00", "latency": 157}]}, {"location": {"country_code": "pe", "region": "Tacna", "city": "Tacna"}, "game_id": "295590", "values": [{"date": "2023-09-12-02-00-00", "latency": 143}, {"date": "2023-09-12-02-00-00", "latency": 143}, {"date": "2023-09-12-02-00-00", "latency": 143}, {"date": "2023-09-12-02-00-00", "latency": 143}, {"date": "2023-09-12-02-00-00", "latency": 143}, {"date": "2023-09-12-02-00-00", "latency": 143}, {"date": "2023-09-12-02-00-00", "latency": 143}, {"date": "2023-09-12-02-00-00", "latency": 143}, {"date": "2023-09-12-02-00-00", "latency": 143}, {"date": "2023-09-12-02-00-00", "latency": 143}, {"date": "2023-09-12-02-00-00", "latency": 143}, {"date": "2023-09-12-02-00-00", "latency": 143}, {"date": "2023-09-12-02-00-00", "latency": 143}, {"date": "2023-09-12-02-00-00", "latency": 143}, {"date": "2023-09-12-02-00-00", "latency": 143}, {"date": "2023-09-12-02-00-00", "latency": 143}]}, {"location": {"country_code": "se", "region": "Blekinge County"}, "game_id": "295590", "values": [{"date": "2023-09-11-17-00-00", "latency": 330}]}, {"location": {"country_code": "sd"}, "game_id": "295590", "values": [{"date": "2023-09-11-23-00-00", "latency": 63}]}, {"location": {"country_code": "de", "region": "Lower Saxony", "city": "Schoningen"}, "game_id": "295590", "values": [{"date": "2023-09-12-01-00-00", "latency": 541}]}, {"location": {"country_code": "fr", "region": "Nord-Passo di Calais-Piccardia", "city": "Rumegies"}, "game_id": "295590", "values": [{"date": "2023-09-11-14-00-00", "latency": 268}]}], "last_updated": 1719927547.95333}