{"data": [{"location": {"country_code": "si"}, "game_id": "970338", "values": [{"date": "2024-01-24-14-00-00", "latency": "53"}, {"date": "2024-01-24-14-00-00", "latency": "53"}, {"date": "2024-01-24-14-00-00", "latency": "53"}, {"date": "2024-01-24-14-00-00", "latency": "53"}, {"date": "2024-01-24-14-00-00", "latency": "53"}, {"date": "2024-01-24-14-00-00", "latency": "53"}, {"date": "2024-01-24-14-00-00", "latency": "53"}, {"date": "2024-01-24-14-00-00", "latency": "53"}, {"date": "2024-01-24-14-00-00", "latency": "53"}, {"date": "2024-01-24-14-00-00", "latency": "53"}, {"date": "2024-01-24-14-00-00", "latency": "53"}, {"date": "2024-01-24-14-00-00", "latency": "53"}, {"date": "2024-01-24-14-00-00", "latency": "53"}, {"date": "2024-01-24-14-00-00", "latency": "53"}]}, {"location": {"country_code": "us"}, "game_id": "970338", "values": [{"date": "2024-01-24-04-00-00", "latency": "56"}, {"date": "2024-01-24-04-00-00", "latency": "56"}, {"date": "2024-01-24-04-00-00", "latency": "56"}, {"date": "2024-01-24-20-00-00", "latency": "165"}, {"date": "2024-01-24-20-00-00", "latency": "165"}, {"date": "2024-01-24-20-00-00", "latency": "165"}, {"date": "2024-01-24-20-00-00", "latency": "165"}, {"date": "2024-01-24-20-00-00", "latency": "165"}, {"date": "2024-01-24-20-00-00", "latency": "165"}, {"date": "2024-01-25-01-00-00", "latency": "95"}, {"date": "2024-01-25-01-00-00", "latency": "95"}, {"date": "2024-01-25-01-00-00", "latency": "95"}, {"date": "2024-01-25-01-00-00", "latency": "95"}, {"date": "2024-01-25-01-00-00", "latency": "95"}, {"date": "2024-01-24-15-00-00", "latency": "69"}, {"date": "2024-01-24-15-00-00", "latency": "69"}, {"date": "2024-01-24-15-00-00", "latency": "69"}, {"date": "2024-01-24-15-00-00", "latency": "69"}, {"date": "2024-01-24-15-00-00", "latency": "69"}, {"date": "2024-01-24-15-00-00", "latency": "69"}]}, {"location": {"country_code": "de", "region": "Berlin", "city": "Berlin"}, "game_id": "970338", "values": [{"date": "2024-01-24-12-00-00", "latency": "31"}, {"date": "2024-01-24-12-00-00", "latency": "31"}, {"date": "2024-01-24-12-00-00", "latency": "31"}, {"date": "2024-01-24-12-00-00", "latency": "31"}, {"date": "2024-01-24-12-00-00", "latency": "31"}, {"date": "2024-01-24-12-00-00", "latency": "31"}, {"date": "2024-01-24-12-00-00", "latency": "31"}, {"date": "2024-01-24-12-00-00", "latency": "31"}, {"date": "2024-01-24-12-00-00", "latency": "31"}, {"date": "2024-01-24-12-00-00", "latency": "31"}, {"date": "2024-01-24-12-00-00", "latency": "31"}, {"date": "2024-01-24-12-00-00", "latency": "31"}]}, {"location": {"country_code": "gb"}, "game_id": "970338", "values": [{"date": "2024-01-24-18-00-00", "latency": "44"}]}, {"location": {"country_code": "ch"}, "game_id": "970338", "values": [{"date": "2024-01-24-22-00-00", "latency": "68"}, {"date": "2024-01-24-22-00-00", "latency": "68"}, {"date": "2024-01-24-22-00-00", "latency": "68"}, {"date": "2024-01-24-22-00-00", "latency": "68"}, {"date": "2024-01-24-22-00-00", "latency": "68"}, {"date": "2024-01-24-22-00-00", "latency": "68"}, {"date": "2024-01-24-22-00-00", "latency": "68"}, {"date": "2024-01-24-22-00-00", "latency": "68"}, {"date": "2024-01-24-22-00-00", "latency": "68"}, {"date": "2024-01-24-22-00-00", "latency": "68"}, {"date": "2024-01-24-22-00-00", "latency": "68"}, {"date": "2024-01-24-22-00-00", "latency": "68"}, {"date": "2024-01-24-22-00-00", "latency": "68"}, {"date": "2024-01-24-22-00-00", "latency": "68"}]}, {"location": {"country_code": "de"}, "game_id": "970338", "values": [{"date": "2024-01-24-19-00-00", "latency": "39"}, {"date": "2024-01-24-19-00-00", "latency": "39"}]}, {"location": {"country_code": "us", "region": "Florida"}, "game_id": "970338", "values": [{"date": "2024-01-24-06-00-00", "latency": "47"}, {"date": "2024-01-24-06-00-00", "latency": "47"}]}, {"location": {"country_code": "fr"}, "game_id": "970338", "values": [{"date": "2024-01-24-21-00-00", "latency": "33"}, {"date": "2024-01-24-21-00-00", "latency": "33"}, {"date": "2024-01-24-21-00-00", "latency": "33"}, {"date": "2024-01-24-21-00-00", "latency": "33"}, {"date": "2024-01-24-15-00-00", "latency": "45"}, {"date": "2024-01-24-15-00-00", "latency": "45"}, {"date": "2024-01-24-15-00-00", "latency": "45"}, {"date": "2024-01-24-15-00-00", "latency": "45"}, {"date": "2024-01-24-15-00-00", "latency": "45"}, {"date": "2024-01-24-15-00-00", "latency": "45"}, {"date": "2024-01-24-15-00-00", "latency": "45"}, {"date": "2024-01-24-15-00-00", "latency": "45"}, {"date": "2024-01-24-15-00-00", "latency": "45"}, {"date": "2024-01-24-15-00-00", "latency": "45"}, {"date": "2024-01-24-18-00-00", "latency": "3"}, {"date": "2024-01-24-18-00-00", "latency": "3"}, {"date": "2024-01-24-18-00-00", "latency": "3"}, {"date": "2024-01-24-18-00-00", "latency": "3"}, {"date": "2024-01-24-18-00-00", "latency": "3"}, {"date": "2024-01-24-18-00-00", "latency": "3"}, {"date": "2024-01-24-18-00-00", "latency": "3"}, {"date": "2024-01-24-18-00-00", "latency": "3"}, {"date": "2024-01-24-18-00-00", "latency": "3"}, {"date": "2024-01-24-18-00-00", "latency": "3"}, {"date": "2024-01-24-18-00-00", "latency": "3"}]}, {"location": {"country_code": "mx"}, "game_id": "970338", "values": [{"date": "2024-01-24-02-00-00", "latency": "69"}, {"date": "2024-01-24-16-00-00", "latency": "92"}, {"date": "2024-01-24-16-00-00", "latency": "92"}, {"date": "2024-01-24-16-00-00", "latency": "92"}, {"date": "2024-01-24-16-00-00", "latency": "92"}, {"date": "2024-01-24-16-00-00", "latency": "92"}, {"date": "2024-01-24-16-00-00", "latency": "92"}, {"date": "2024-01-24-16-00-00", "latency": "92"}]}, {"location": {"country_code": "us", "region": "California"}, "game_id": "970338", "values": [{"date": "2024-01-24-14-00-00", "latency": "180"}, {"date": "2024-01-24-14-00-00", "latency": "180"}, {"date": "2024-01-24-14-00-00", "latency": "180"}, {"date": "2024-01-24-14-00-00", "latency": "180"}, {"date": "2024-01-24-14-00-00", "latency": "180"}, {"date": "2024-01-24-14-00-00", "latency": "180"}, {"date": "2024-01-24-14-00-00", "latency": "180"}, {"date": "2024-01-24-14-00-00", "latency": "180"}, {"date": "2024-01-24-14-00-00", "latency": "180"}, {"date": "2024-01-24-14-00-00", "latency": "180"}, {"date": "2024-01-24-14-00-00", "latency": "180"}, {"date": "2024-01-24-14-00-00", "latency": "180"}, {"date": "2024-01-24-14-00-00", "latency": "180"}, {"date": "2024-01-24-14-00-00", "latency": "180"}, {"date": "2024-01-24-14-00-00", "latency": "180"}, {"date": "2024-01-24-14-00-00", "latency": "180"}, {"date": "2024-01-24-14-00-00", "latency": "180"}, {"date": "2024-01-24-14-00-00", "latency": "180"}, {"date": "2024-01-24-14-00-00", "latency": "180"}, {"date": "2024-01-24-14-00-00", "latency": "180"}, {"date": "2024-01-24-14-00-00", "latency": "180"}]}, {"location": {"country_code": "br"}, "game_id": "970338", "values": [{"date": "2024-01-24-20-00-00", "latency": "96"}, {"date": "2024-01-24-20-00-00", "latency": "96"}, {"date": "2024-01-24-20-00-00", "latency": "96"}, {"date": "2024-01-24-20-00-00", "latency": "96"}, {"date": "2024-01-24-20-00-00", "latency": "96"}, {"date": "2024-01-24-20-00-00", "latency": "96"}]}, {"location": {"country_code": "us", "region": "Iowa"}, "game_id": "970338", "values": [{"date": "2024-01-24-10-00-00", "latency": "57"}, {"date": "2024-01-24-10-00-00", "latency": "57"}, {"date": "2024-01-24-10-00-00", "latency": "57"}]}, {"location": {"country_code": "es"}, "game_id": "970338", "values": [{"date": "2024-01-24-14-00-00", "latency": "42"}, {"date": "2024-01-24-14-00-00", "latency": "42"}, {"date": "2024-01-24-14-00-00", "latency": "42"}, {"date": "2024-01-24-14-00-00", "latency": "42"}, {"date": "2024-01-24-14-00-00", "latency": "42"}, {"date": "2024-01-24-14-00-00", "latency": "42"}, {"date": "2024-01-24-14-00-00", "latency": "42"}, {"date": "2024-01-25-01-00-00", "latency": "72"}, {"date": "2024-01-24-23-00-00", "latency": "60"}, {"date": "2024-01-24-23-00-00", "latency": "60"}, {"date": "2024-01-24-23-00-00", "latency": "60"}, {"date": "2024-01-24-23-00-00", "latency": "60"}]}, {"location": {"country_code": "fi"}, "game_id": "970338", "values": [{"date": "2024-01-24-17-00-00", "latency": "48"}, {"date": "2024-01-24-17-00-00", "latency": "48"}, {"date": "2024-01-24-17-00-00", "latency": "48"}, {"date": "2024-01-24-17-00-00", "latency": "48"}, {"date": "2024-01-24-17-00-00", "latency": "48"}, {"date": "2024-01-24-17-00-00", "latency": "48"}, {"date": "2024-01-24-17-00-00", "latency": "48"}, {"date": "2024-01-24-17-00-00", "latency": "48"}, {"date": "2024-01-24-17-00-00", "latency": "48"}, {"date": "2024-01-24-17-00-00", "latency": "48"}, {"date": "2024-01-24-17-00-00", "latency": "48"}, {"date": "2024-01-24-17-00-00", "latency": "48"}, {"date": "2024-01-24-17-00-00", "latency": "48"}]}, {"location": {"country_code": "au", "region": "South Australia", "city": "Adelaide"}, "game_id": "970338", "values": [{"date": "2024-01-24-08-00-00", "latency": "262"}, {"date": "2024-01-24-08-00-00", "latency": "262"}, {"date": "2024-01-24-08-00-00", "latency": "262"}, {"date": "2024-01-24-08-00-00", "latency": "262"}, {"date": "2024-01-24-08-00-00", "latency": "262"}, {"date": "2024-01-24-08-00-00", "latency": "262"}, {"date": "2024-01-24-08-00-00", "latency": "262"}]}, {"location": {"country_code": "us", "region": "Arizona", "city": "Phoenix"}, "game_id": "970338", "values": [{"date": "2024-01-24-20-00-00", "latency": "86"}, {"date": "2024-01-24-20-00-00", "latency": "86"}, {"date": "2024-01-24-20-00-00", "latency": "86"}, {"date": "2024-01-24-20-00-00", "latency": "86"}, {"date": "2024-01-24-20-00-00", "latency": "86"}, {"date": "2024-01-24-20-00-00", "latency": "86"}, {"date": "2024-01-24-20-00-00", "latency": "86"}, {"date": "2024-01-24-20-00-00", "latency": "86"}, {"date": "2024-01-24-20-00-00", "latency": "86"}, {"date": "2024-01-24-20-00-00", "latency": "86"}, {"date": "2024-01-24-20-00-00", "latency": "86"}, {"date": "2024-01-24-20-00-00", "latency": "86"}, {"date": "2024-01-24-20-00-00", "latency": "86"}]}, {"location": {"country_code": "pl"}, "game_id": "970338", "values": [{"date": "2024-01-24-18-00-00", "latency": "47"}, {"date": "2024-01-24-18-00-00", "latency": "47"}, {"date": "2024-01-24-21-00-00", "latency": "42"}, {"date": "2024-01-24-21-00-00", "latency": "42"}, {"date": "2024-01-24-21-00-00", "latency": "42"}, {"date": "2024-01-24-21-00-00", "latency": "42"}, {"date": "2024-01-24-21-00-00", "latency": "42"}, {"date": "2024-01-24-21-00-00", "latency": "42"}, {"date": "2024-01-24-21-00-00", "latency": "42"}, {"date": "2024-01-24-21-00-00", "latency": "42"}, {"date": "2024-01-24-21-00-00", "latency": "42"}, {"date": "2024-01-24-21-00-00", "latency": "42"}, {"date": "2024-01-24-21-00-00", "latency": "42"}, {"date": "2024-01-24-21-00-00", "latency": "42"}, {"date": "2024-01-24-21-00-00", "latency": "42"}, {"date": "2024-01-24-21-00-00", "latency": "42"}, {"date": "2024-01-24-21-00-00", "latency": "42"}]}, {"location": {"country_code": "us", "region": "Nevada", "city": "Las Vegas"}, "game_id": "970338", "values": [{"date": "2024-01-24-22-00-00", "latency": "79"}, {"date": "2024-01-24-22-00-00", "latency": "79"}, {"date": "2024-01-24-22-00-00", "latency": "79"}, {"date": "2024-01-24-22-00-00", "latency": "79"}, {"date": "2024-01-24-22-00-00", "latency": "79"}, {"date": "2024-01-24-22-00-00", "latency": "79"}]}, {"location": {"country_code": "ru"}, "game_id": "970338", "values": [{"date": "2024-01-24-23-00-00", "latency": "137"}, {"date": "2024-01-24-23-00-00", "latency": "137"}, {"date": "2024-01-24-23-00-00", "latency": "137"}, {"date": "2024-01-24-23-00-00", "latency": "137"}, {"date": "2024-01-24-23-00-00", "latency": "137"}, {"date": "2024-01-24-23-00-00", "latency": "137"}, {"date": "2024-01-24-23-00-00", "latency": "137"}, {"date": "2024-01-24-23-00-00", "latency": "137"}, {"date": "2024-01-24-23-00-00", "latency": "137"}, {"date": "2024-01-24-23-00-00", "latency": "137"}, {"date": "2024-01-24-23-00-00", "latency": "137"}]}, {"location": {"country_code": "pt"}, "game_id": "970338", "values": [{"date": "2024-01-25-00-00-00", "latency": "63"}, {"date": "2024-01-25-00-00-00", "latency": "63"}, {"date": "2024-01-25-00-00-00", "latency": "63"}, {"date": "2024-01-25-00-00-00", "latency": "63"}, {"date": "2024-01-25-00-00-00", "latency": "63"}, {"date": "2024-01-25-00-00-00", "latency": "63"}]}, {"location": {"country_code": "bg"}, "game_id": "970338", "values": [{"date": "2024-01-24-02-00-00", "latency": "133"}, {"date": "2024-01-24-02-00-00", "latency": "133"}, {"date": "2024-01-24-02-00-00", "latency": "133"}, {"date": "2024-01-24-02-00-00", "latency": "133"}]}, {"location": {"country_code": "gb", "region": "England", "city": "Birmingham"}, "game_id": "970338", "values": [{"date": "2024-01-24-22-00-00", "latency": "25"}]}, {"location": {"country_code": "dj"}, "game_id": "970338", "values": [{"date": "2024-01-24-18-00-00", "latency": "9"}, {"date": "2024-01-24-18-00-00", "latency": "9"}, {"date": "2024-01-24-18-00-00", "latency": "9"}, {"date": "2024-01-24-18-00-00", "latency": "9"}, {"date": "2024-01-24-18-00-00", "latency": "9"}]}, {"location": {"country_code": "ru", "region": "Moscow Oblast", "city": "Dolgoprudny"}, "game_id": "970338", "values": [{"date": "2024-01-25-01-00-00", "latency": "3"}]}, {"location": {"country_code": "af"}, "game_id": "970338", "values": [{"date": "2024-01-24-07-00-00", "latency": "93"}, {"date": "2024-01-24-07-00-00", "latency": "93"}]}, {"location": {"country_code": "es", "region": "Andalusia", "city": "Ayamonte"}, "game_id": "970338", "values": [{"date": "2024-01-24-20-00-00", "latency": "82"}, {"date": "2024-01-24-20-00-00", "latency": "82"}, {"date": "2024-01-24-20-00-00", "latency": "82"}]}, {"location": {"country_code": "cz", "region": "Olomoucky kraj", "city": "Olomouc"}, "game_id": "970338", "values": [{"date": "2024-01-24-23-00-00", "latency": "32"}, {"date": "2024-01-24-23-00-00", "latency": "32"}, {"date": "2024-01-24-23-00-00", "latency": "32"}, {"date": "2024-01-24-23-00-00", "latency": "32"}, {"date": "2024-01-24-23-00-00", "latency": "32"}, {"date": "2024-01-24-23-00-00", "latency": "32"}]}], "last_updated": 1719912536.988562}