{"data": [{"location": {"country_code": "nz"}, "game_id": "970338", "values": [{"date": "2023-08-20-09-00-00", "latency": "231"}, {"date": "2023-08-20-09-00-00", "latency": "231"}, {"date": "2023-08-20-09-00-00", "latency": "231"}, {"date": "2023-08-20-09-00-00", "latency": "231"}, {"date": "2023-08-20-09-00-00", "latency": "231"}]}, {"location": {"country_code": "us"}, "game_id": "970338", "values": [{"date": "2023-08-20-19-00-00", "latency": "84"}, {"date": "2023-08-20-23-00-00", "latency": "46"}, {"date": "2023-08-20-23-00-00", "latency": "46"}, {"date": "2023-08-20-17-00-00", "latency": "95"}, {"date": "2023-08-21-01-00-00", "latency": "98"}, {"date": "2023-08-21-01-00-00", "latency": "98"}]}, {"location": {"country_code": "it"}, "game_id": "970338", "values": [{"date": "2023-08-20-12-00-00", "latency": "50"}, {"date": "2023-08-20-12-00-00", "latency": "50"}, {"date": "2023-08-20-12-00-00", "latency": "50"}, {"date": "2023-08-20-12-00-00", "latency": "50"}]}, {"location": {"country_code": "ro"}, "game_id": "970338", "values": [{"date": "2023-08-20-23-00-00", "latency": "92"}]}, {"location": {"country_code": "ca"}, "game_id": "970338", "values": [{"date": "2023-08-20-23-00-00", "latency": "110"}, {"date": "2023-08-20-21-00-00", "latency": "61"}, {"date": "2023-08-20-21-00-00", "latency": "61"}, {"date": "2023-08-20-21-00-00", "latency": "61"}, {"date": "2023-08-20-21-00-00", "latency": "61"}, {"date": "2023-08-20-21-00-00", "latency": "61"}]}, {"location": {"country_code": "de"}, "game_id": "970338", "values": [{"date": "2023-08-20-18-00-00", "latency": "4"}, {"date": "2023-08-21-02-00-00", "latency": "104"}, {"date": "2023-08-20-18-00-00", "latency": "35"}, {"date": "2023-08-20-18-00-00", "latency": "35"}, {"date": "2023-08-20-18-00-00", "latency": "35"}, {"date": "2023-08-20-18-00-00", "latency": "35"}, {"date": "2023-08-20-14-00-00", "latency": "33"}, {"date": "2023-08-20-14-00-00", "latency": "33"}, {"date": "2023-08-20-22-00-00", "latency": "40"}, {"date": "2023-08-20-22-00-00", "latency": "40"}, {"date": "2023-08-20-22-00-00", "latency": "40"}, {"date": "2023-08-20-22-00-00", "latency": "40"}, {"date": "2023-08-20-22-00-00", "latency": "40"}, {"date": "2023-08-20-22-00-00", "latency": "40"}, {"date": "2023-08-20-22-00-00", "latency": "40"}, {"date": "2023-08-20-22-00-00", "latency": "40"}, {"date": "2023-08-20-22-00-00", "latency": "40"}, {"date": "2023-08-20-22-00-00", "latency": "40"}, {"date": "2023-08-20-22-00-00", "latency": "40"}, {"date": "2023-08-20-22-00-00", "latency": "40"}, {"date": "2023-08-20-22-00-00", "latency": "40"}, {"date": "2023-08-20-22-00-00", "latency": "40"}, {"date": "2023-08-20-22-00-00", "latency": "40"}]}, {"location": {"country_code": "cl"}, "game_id": "970338", "values": [{"date": "2023-08-20-10-00-00", "latency": "135"}, {"date": "2023-08-20-10-00-00", "latency": "135"}, {"date": "2023-08-20-10-00-00", "latency": "135"}, {"date": "2023-08-20-10-00-00", "latency": "135"}, {"date": "2023-08-20-10-00-00", "latency": "135"}, {"date": "2023-08-20-10-00-00", "latency": "135"}, {"date": "2023-08-20-10-00-00", "latency": "135"}, {"date": "2023-08-20-10-00-00", "latency": "135"}, {"date": "2023-08-20-10-00-00", "latency": "135"}, {"date": "2023-08-20-10-00-00", "latency": "135"}, {"date": "2023-08-20-10-00-00", "latency": "135"}, {"date": "2023-08-20-10-00-00", "latency": "135"}, {"date": "2023-08-20-10-00-00", "latency": "135"}, {"date": "2023-08-20-04-00-00", "latency": "153"}]}, {"location": {"country_code": "us", "region": "Texas"}, "game_id": "970338", "values": [{"date": "2023-08-20-12-00-00", "latency": "100"}]}, {"location": {"country_code": "us", "region": "Florida"}, "game_id": "970338", "values": [{"date": "2023-08-20-08-00-00", "latency": "57"}, {"date": "2023-08-20-08-00-00", "latency": "57"}, {"date": "2023-08-20-08-00-00", "latency": "57"}, {"date": "2023-08-20-08-00-00", "latency": "57"}, {"date": "2023-08-20-08-00-00", "latency": "57"}, {"date": "2023-08-20-08-00-00", "latency": "57"}, {"date": "2023-08-20-08-00-00", "latency": "57"}, {"date": "2023-08-20-08-00-00", "latency": "57"}]}, {"location": {"country_code": "fr"}, "game_id": "970338", "values": [{"date": "2023-08-20-02-00-00", "latency": "24"}, {"date": "2023-08-20-02-00-00", "latency": "24"}, {"date": "2023-08-20-02-00-00", "latency": "24"}, {"date": "2023-08-20-02-00-00", "latency": "24"}, {"date": "2023-08-20-02-00-00", "latency": "24"}, {"date": "2023-08-20-02-00-00", "latency": "24"}, {"date": "2023-08-20-02-00-00", "latency": "24"}, {"date": "2023-08-20-02-00-00", "latency": "24"}, {"date": "2023-08-20-02-00-00", "latency": "24"}, {"date": "2023-08-20-02-00-00", "latency": "24"}, {"date": "2023-08-20-02-00-00", "latency": "24"}, {"date": "2023-08-20-02-00-00", "latency": "24"}, {"date": "2023-08-20-02-00-00", "latency": "24"}, {"date": "2023-08-21-02-00-00", "latency": "57"}, {"date": "2023-08-21-02-00-00", "latency": "57"}, {"date": "2023-08-21-02-00-00", "latency": "57"}, {"date": "2023-08-21-02-00-00", "latency": "57"}, {"date": "2023-08-21-02-00-00", "latency": "57"}, {"date": "2023-08-20-16-00-00", "latency": "29"}, {"date": "2023-08-20-16-00-00", "latency": "29"}, {"date": "2023-08-20-16-00-00", "latency": "29"}, {"date": "2023-08-20-16-00-00", "latency": "29"}, {"date": "2023-08-20-16-00-00", "latency": "29"}, {"date": "2023-08-20-16-00-00", "latency": "29"}, {"date": "2023-08-20-16-00-00", "latency": "29"}, {"date": "2023-08-20-16-00-00", "latency": "29"}, {"date": "2023-08-20-16-00-00", "latency": "29"}, {"date": "2023-08-20-16-00-00", "latency": "29"}, {"date": "2023-08-20-16-00-00", "latency": "29"}, {"date": "2023-08-20-16-00-00", "latency": "29"}, {"date": "2023-08-20-16-00-00", "latency": "29"}, {"date": "2023-08-20-16-00-00", "latency": "29"}, {"date": "2023-08-20-16-00-00", "latency": "29"}, {"date": "2023-08-20-16-00-00", "latency": "29"}, {"date": "2023-08-20-16-00-00", "latency": "29"}, {"date": "2023-08-20-16-00-00", "latency": "29"}, {"date": "2023-08-20-16-00-00", "latency": "29"}, {"date": "2023-08-20-16-00-00", "latency": "29"}, {"date": "2023-08-20-16-00-00", "latency": "29"}, {"date": "2023-08-20-16-00-00", "latency": "29"}, {"date": "2023-08-20-16-00-00", "latency": "29"}, {"date": "2023-08-20-16-00-00", "latency": "29"}, {"date": "2023-08-20-16-00-00", "latency": "29"}, {"date": "2023-08-20-16-00-00", "latency": "29"}, {"date": "2023-08-20-16-00-00", "latency": "29"}, {"date": "2023-08-20-16-00-00", "latency": "29"}, {"date": "2023-08-20-16-00-00", "latency": "29"}, {"date": "2023-08-20-16-00-00", "latency": "29"}, {"date": "2023-08-20-16-00-00", "latency": "29"}, {"date": "2023-08-20-16-00-00", "latency": "29"}, {"date": "2023-08-20-16-00-00", "latency": "29"}, {"date": "2023-08-20-16-00-00", "latency": "29"}, {"date": "2023-08-20-23-00-00", "latency": "39"}, {"date": "2023-08-20-23-00-00", "latency": "39"}, {"date": "2023-08-20-23-00-00", "latency": "39"}, {"date": "2023-08-20-23-00-00", "latency": "39"}, {"date": "2023-08-20-23-00-00", "latency": "39"}, {"date": "2023-08-20-23-00-00", "latency": "39"}, {"date": "2023-08-20-23-00-00", "latency": "39"}, {"date": "2023-08-20-23-00-00", "latency": "39"}, {"date": "2023-08-20-21-00-00", "latency": "38"}, {"date": "2023-08-20-21-00-00", "latency": "38"}, {"date": "2023-08-20-21-00-00", "latency": "38"}, {"date": "2023-08-20-21-00-00", "latency": "38"}, {"date": "2023-08-20-21-00-00", "latency": "38"}, {"date": "2023-08-20-21-00-00", "latency": "38"}, {"date": "2023-08-20-21-00-00", "latency": "38"}, {"date": "2023-08-20-21-00-00", "latency": "38"}, {"date": "2023-08-20-21-00-00", "latency": "38"}, {"date": "2023-08-20-21-00-00", "latency": "38"}, {"date": "2023-08-20-21-00-00", "latency": "38"}, {"date": "2023-08-20-21-00-00", "latency": "38"}, {"date": "2023-08-20-21-00-00", "latency": "38"}, {"date": "2023-08-20-21-00-00", "latency": "38"}, {"date": "2023-08-20-21-00-00", "latency": "38"}, {"date": "2023-08-20-21-00-00", "latency": "38"}, {"date": "2023-08-20-21-00-00", "latency": "38"}, {"date": "2023-08-20-21-00-00", "latency": "38"}, {"date": "2023-08-20-21-00-00", "latency": "38"}, {"date": "2023-08-20-21-00-00", "latency": "38"}, {"date": "2023-08-20-21-00-00", "latency": "38"}, {"date": "2023-08-20-21-00-00", "latency": "38"}, {"date": "2023-08-20-21-00-00", "latency": "38"}, {"date": "2023-08-20-21-00-00", "latency": "38"}, {"date": "2023-08-20-21-00-00", "latency": "38"}, {"date": "2023-08-20-21-00-00", "latency": "38"}]}, {"location": {"country_code": "mx"}, "game_id": "970338", "values": [{"date": "2023-08-20-05-00-00", "latency": "78"}]}, {"location": {"country_code": "br"}, "game_id": "970338", "values": [{"date": "2023-08-20-23-00-00", "latency": "144"}, {"date": "2023-08-20-23-00-00", "latency": "144"}, {"date": "2023-08-20-23-00-00", "latency": "144"}, {"date": "2023-08-20-23-00-00", "latency": "144"}, {"date": "2023-08-20-23-00-00", "latency": "144"}, {"date": "2023-08-20-23-00-00", "latency": "144"}, {"date": "2023-08-20-23-00-00", "latency": "144"}, {"date": "2023-08-20-23-00-00", "latency": "144"}, {"date": "2023-08-20-23-00-00", "latency": "144"}, {"date": "2023-08-20-23-00-00", "latency": "144"}, {"date": "2023-08-20-23-00-00", "latency": "144"}, {"date": "2023-08-20-23-00-00", "latency": "144"}, {"date": "2023-08-20-23-00-00", "latency": "144"}, {"date": "2023-08-20-23-00-00", "latency": "144"}, {"date": "2023-08-20-23-00-00", "latency": "144"}, {"date": "2023-08-20-23-00-00", "latency": "144"}, {"date": "2023-08-20-23-00-00", "latency": "144"}, {"date": "2023-08-20-23-00-00", "latency": "144"}, {"date": "2023-08-20-18-00-00", "latency": "230"}, {"date": "2023-08-20-02-00-00", "latency": "220"}, {"date": "2023-08-21-01-00-00", "latency": "115"}, {"date": "2023-08-21-01-00-00", "latency": "115"}, {"date": "2023-08-21-01-00-00", "latency": "115"}, {"date": "2023-08-21-01-00-00", "latency": "115"}, {"date": "2023-08-21-01-00-00", "latency": "115"}, {"date": "2023-08-21-01-00-00", "latency": "115"}, {"date": "2023-08-21-01-00-00", "latency": "115"}, {"date": "2023-08-21-01-00-00", "latency": "115"}, {"date": "2023-08-21-01-00-00", "latency": "115"}, {"date": "2023-08-21-01-00-00", "latency": "115"}, {"date": "2023-08-21-01-00-00", "latency": "115"}, {"date": "2023-08-21-01-00-00", "latency": "115"}, {"date": "2023-08-21-01-00-00", "latency": "115"}, {"date": "2023-08-21-01-00-00", "latency": "115"}, {"date": "2023-08-21-01-00-00", "latency": "115"}, {"date": "2023-08-21-01-00-00", "latency": "115"}, {"date": "2023-08-21-01-00-00", "latency": "115"}, {"date": "2023-08-21-01-00-00", "latency": "115"}]}, {"location": {"country_code": "se"}, "game_id": "970338", "values": [{"date": "2023-08-20-23-00-00", "latency": "1"}, {"date": "2023-08-20-22-00-00", "latency": "3"}]}, {"location": {"country_code": "au"}, "game_id": "970338", "values": [{"date": "2023-08-20-13-00-00", "latency": "176"}]}, {"location": {"country_code": "td"}, "game_id": "970338", "values": [{"date": "2023-08-20-14-00-00", "latency": "152"}, {"date": "2023-08-20-14-00-00", "latency": "152"}]}, {"location": {"country_code": "de", "region": "Hesse"}, "game_id": "970338", "values": [{"date": "2023-08-20-09-00-00", "latency": "108"}, {"date": "2023-08-20-09-00-00", "latency": "108"}, {"date": "2023-08-20-09-00-00", "latency": "108"}, {"date": "2023-08-20-09-00-00", "latency": "108"}, {"date": "2023-08-20-09-00-00", "latency": "108"}, {"date": "2023-08-20-09-00-00", "latency": "108"}, {"date": "2023-08-20-09-00-00", "latency": "108"}, {"date": "2023-08-20-09-00-00", "latency": "108"}, {"date": "2023-08-20-09-00-00", "latency": "108"}, {"date": "2023-08-20-09-00-00", "latency": "108"}, {"date": "2023-08-20-09-00-00", "latency": "108"}, {"date": "2023-08-20-09-00-00", "latency": "108"}, {"date": "2023-08-20-09-00-00", "latency": "108"}, {"date": "2023-08-20-09-00-00", "latency": "108"}, {"date": "2023-08-20-09-00-00", "latency": "108"}, {"date": "2023-08-20-09-00-00", "latency": "108"}, {"date": "2023-08-20-09-00-00", "latency": "108"}]}, {"location": {"country_code": "ar"}, "game_id": "970338", "values": [{"date": "2023-08-20-22-00-00", "latency": "184"}, {"date": "2023-08-20-22-00-00", "latency": "184"}, {"date": "2023-08-20-22-00-00", "latency": "184"}, {"date": "2023-08-20-22-00-00", "latency": "184"}, {"date": "2023-08-20-22-00-00", "latency": "184"}, {"date": "2023-08-20-22-00-00", "latency": "184"}, {"date": "2023-08-20-22-00-00", "latency": "184"}, {"date": "2023-08-20-23-00-00", "latency": "0"}]}, {"location": {"country_code": "de", "region": "Bavaria"}, "game_id": "970338", "values": [{"date": "2023-08-20-17-00-00", "latency": "53"}, {"date": "2023-08-20-17-00-00", "latency": "53"}, {"date": "2023-08-20-17-00-00", "latency": "53"}, {"date": "2023-08-20-17-00-00", "latency": "53"}, {"date": "2023-08-20-17-00-00", "latency": "53"}, {"date": "2023-08-20-17-00-00", "latency": "53"}, {"date": "2023-08-20-17-00-00", "latency": "53"}, {"date": "2023-08-20-17-00-00", "latency": "53"}, {"date": "2023-08-20-17-00-00", "latency": "53"}, {"date": "2023-08-20-17-00-00", "latency": "53"}, {"date": "2023-08-20-17-00-00", "latency": "53"}, {"date": "2023-08-20-17-00-00", "latency": "53"}, {"date": "2023-08-20-17-00-00", "latency": "53"}, {"date": "2023-08-20-17-00-00", "latency": "53"}, {"date": "2023-08-20-17-00-00", "latency": "53"}]}, {"location": {"country_code": "pl"}, "game_id": "970338", "values": [{"date": "2023-08-21-00-00-00", "latency": "50"}, {"date": "2023-08-21-00-00-00", "latency": "50"}, {"date": "2023-08-21-00-00-00", "latency": "50"}, {"date": "2023-08-21-00-00-00", "latency": "50"}, {"date": "2023-08-21-00-00-00", "latency": "50"}, {"date": "2023-08-21-00-00-00", "latency": "50"}, {"date": "2023-08-21-00-00-00", "latency": "50"}, {"date": "2023-08-21-00-00-00", "latency": "50"}, {"date": "2023-08-21-00-00-00", "latency": "50"}, {"date": "2023-08-21-00-00-00", "latency": "50"}, {"date": "2023-08-21-00-00-00", "latency": "50"}, {"date": "2023-08-21-00-00-00", "latency": "50"}, {"date": "2023-08-21-00-00-00", "latency": "50"}, {"date": "2023-08-21-00-00-00", "latency": "50"}, {"date": "2023-08-21-00-00-00", "latency": "50"}, {"date": "2023-08-20-17-00-00", "latency": "50"}, {"date": "2023-08-20-17-00-00", "latency": "50"}, {"date": "2023-08-20-17-00-00", "latency": "50"}, {"date": "2023-08-20-17-00-00", "latency": "50"}, {"date": "2023-08-20-17-00-00", "latency": "50"}, {"date": "2023-08-20-17-00-00", "latency": "50"}, {"date": "2023-08-20-17-00-00", "latency": "50"}, {"date": "2023-08-20-17-00-00", "latency": "50"}, {"date": "2023-08-20-17-00-00", "latency": "50"}, {"date": "2023-08-20-17-00-00", "latency": "50"}, {"date": "2023-08-20-17-00-00", "latency": "50"}, {"date": "2023-08-20-17-00-00", "latency": "50"}, {"date": "2023-08-20-17-00-00", "latency": "50"}, {"date": "2023-08-20-17-00-00", "latency": "50"}, {"date": "2023-08-20-17-00-00", "latency": "50"}, {"date": "2023-08-20-17-00-00", "latency": "50"}, {"date": "2023-08-20-17-00-00", "latency": "50"}, {"date": "2023-08-20-17-00-00", "latency": "50"}]}, {"location": {"country_code": "us", "region": "Nevada", "city": "Las Vegas"}, "game_id": "970338", "values": [{"date": "2023-08-20-22-00-00", "latency": "8"}, {"date": "2023-08-20-22-00-00", "latency": "8"}, {"date": "2023-08-20-22-00-00", "latency": "8"}, {"date": "2023-08-20-22-00-00", "latency": "8"}, {"date": "2023-08-21-02-00-00", "latency": "172"}]}, {"location": {"country_code": "ie"}, "game_id": "970338", "values": [{"date": "2023-08-20-18-00-00", "latency": "46"}, {"date": "2023-08-20-18-00-00", "latency": "46"}, {"date": "2023-08-20-18-00-00", "latency": "46"}, {"date": "2023-08-20-18-00-00", "latency": "46"}, {"date": "2023-08-20-18-00-00", "latency": "46"}, {"date": "2023-08-20-18-00-00", "latency": "46"}, {"date": "2023-08-20-18-00-00", "latency": "46"}, {"date": "2023-08-20-18-00-00", "latency": "46"}, {"date": "2023-08-20-18-00-00", "latency": "46"}, {"date": "2023-08-20-18-00-00", "latency": "46"}, {"date": "2023-08-20-18-00-00", "latency": "46"}, {"date": "2023-08-20-18-00-00", "latency": "46"}, {"date": "2023-08-20-18-00-00", "latency": "46"}, {"date": "2023-08-20-18-00-00", "latency": "46"}, {"date": "2023-08-20-18-00-00", "latency": "46"}]}, {"location": {"country_code": "sk"}, "game_id": "970338", "values": [{"date": "2023-08-20-18-00-00", "latency": "38"}, {"date": "2023-08-20-18-00-00", "latency": "38"}, {"date": "2023-08-20-18-00-00", "latency": "38"}, {"date": "2023-08-20-18-00-00", "latency": "38"}, {"date": "2023-08-20-18-00-00", "latency": "38"}, {"date": "2023-08-20-18-00-00", "latency": "38"}, {"date": "2023-08-20-18-00-00", "latency": "38"}, {"date": "2023-08-20-18-00-00", "latency": "38"}, {"date": "2023-08-20-18-00-00", "latency": "38"}, {"date": "2023-08-20-18-00-00", "latency": "38"}, {"date": "2023-08-20-18-00-00", "latency": "38"}, {"date": "2023-08-20-18-00-00", "latency": "38"}, {"date": "2023-08-20-18-00-00", "latency": "38"}, {"date": "2023-08-20-18-00-00", "latency": "38"}]}, {"location": {"country_code": "pt"}, "game_id": "970338", "values": [{"date": "2023-08-20-23-00-00", "latency": "0"}, {"date": "2023-08-20-23-00-00", "latency": "0"}, {"date": "2023-08-20-23-00-00", "latency": "0"}]}, {"location": {"country_code": "us", "region": "Kentucky"}, "game_id": "970338", "values": [{"date": "2023-08-20-20-00-00", "latency": "28"}, {"date": "2023-08-20-20-00-00", "latency": "28"}, {"date": "2023-08-20-20-00-00", "latency": "28"}, {"date": "2023-08-20-20-00-00", "latency": "28"}, {"date": "2023-08-20-20-00-00", "latency": "28"}, {"date": "2023-08-20-20-00-00", "latency": "28"}, {"date": "2023-08-20-20-00-00", "latency": "28"}, {"date": "2023-08-20-20-00-00", "latency": "28"}, {"date": "2023-08-20-20-00-00", "latency": "28"}]}, {"location": {"country_code": "fr", "region": "Ile-de-France Region", "city": "Paris"}, "game_id": "970338", "values": [{"date": "2023-08-20-17-00-00", "latency": "50"}, {"date": "2023-08-20-17-00-00", "latency": "50"}, {"date": "2023-08-20-17-00-00", "latency": "50"}, {"date": "2023-08-20-17-00-00", "latency": "50"}]}, {"location": {"country_code": "by"}, "game_id": "970338", "values": [{"date": "2023-08-20-23-00-00", "latency": "34"}, {"date": "2023-08-20-23-00-00", "latency": "34"}, {"date": "2023-08-20-23-00-00", "latency": "34"}, {"date": "2023-08-20-23-00-00", "latency": "34"}, {"date": "2023-08-20-23-00-00", "latency": "34"}, {"date": "2023-08-20-23-00-00", "latency": "34"}, {"date": "2023-08-20-23-00-00", "latency": "34"}, {"date": "2023-08-20-23-00-00", "latency": "34"}, {"date": "2023-08-20-23-00-00", "latency": "34"}, {"date": "2023-08-20-23-00-00", "latency": "34"}, {"date": "2023-08-20-23-00-00", "latency": "34"}, {"date": "2023-08-20-23-00-00", "latency": "34"}, {"date": "2023-08-20-23-00-00", "latency": "34"}, {"date": "2023-08-20-23-00-00", "latency": "34"}, {"date": "2023-08-20-23-00-00", "latency": "34"}, {"date": "2023-08-20-23-00-00", "latency": "34"}, {"date": "2023-08-20-23-00-00", "latency": "34"}, {"date": "2023-08-20-23-00-00", "latency": "34"}, {"date": "2023-08-20-23-00-00", "latency": "34"}, {"date": "2023-08-20-23-00-00", "latency": "34"}, {"date": "2023-08-20-23-00-00", "latency": "34"}, {"date": "2023-08-20-23-00-00", "latency": "34"}, {"date": "2023-08-20-23-00-00", "latency": "34"}, {"date": "2023-08-20-23-00-00", "latency": "34"}, {"date": "2023-08-20-23-00-00", "latency": "34"}, {"date": "2023-08-20-23-00-00", "latency": "34"}, {"date": "2023-08-20-23-00-00", "latency": "34"}, {"date": "2023-08-20-23-00-00", "latency": "34"}, {"date": "2023-08-20-23-00-00", "latency": "34"}, {"date": "2023-08-20-23-00-00", "latency": "34"}, {"date": "2023-08-20-23-00-00", "latency": "34"}, {"date": "2023-08-20-23-00-00", "latency": "34"}, {"date": "2023-08-20-23-00-00", "latency": "34"}, {"date": "2023-08-20-23-00-00", "latency": "34"}, {"date": "2023-08-20-23-00-00", "latency": "34"}, {"date": "2023-08-20-23-00-00", "latency": "34"}, {"date": "2023-08-20-23-00-00", "latency": "34"}, {"date": "2023-08-20-23-00-00", "latency": "34"}, {"date": "2023-08-20-23-00-00", "latency": "34"}, {"date": "2023-08-20-23-00-00", "latency": "34"}, {"date": "2023-08-20-23-00-00", "latency": "34"}, {"date": "2023-08-20-23-00-00", "latency": "34"}, {"date": "2023-08-20-23-00-00", "latency": "34"}, {"date": "2023-08-20-23-00-00", "latency": "34"}, {"date": "2023-08-20-23-00-00", "latency": "34"}, {"date": "2023-08-20-23-00-00", "latency": "34"}, {"date": "2023-08-20-23-00-00", "latency": "34"}, {"date": "2023-08-20-23-00-00", "latency": "34"}, {"date": "2023-08-20-23-00-00", "latency": "34"}, {"date": "2023-08-20-23-00-00", "latency": "34"}, {"date": "2023-08-20-23-00-00", "latency": "34"}, {"date": "2023-08-20-23-00-00", "latency": "34"}, {"date": "2023-08-20-23-00-00", "latency": "34"}]}, {"location": {"country_code": "lt"}, "game_id": "970338", "values": [{"date": "2023-08-20-15-00-00", "latency": "54"}, {"date": "2023-08-20-15-00-00", "latency": "54"}, {"date": "2023-08-20-15-00-00", "latency": "54"}]}, {"location": {"country_code": "de", "region": "Baden-Wurttemberg"}, "game_id": "970338", "values": [{"date": "2023-08-20-16-00-00", "latency": "30"}, {"date": "2023-08-20-16-00-00", "latency": "30"}, {"date": "2023-08-20-16-00-00", "latency": "30"}, {"date": "2023-08-20-16-00-00", "latency": "30"}, {"date": "2023-08-20-16-00-00", "latency": "30"}, {"date": "2023-08-20-16-00-00", "latency": "30"}, {"date": "2023-08-20-16-00-00", "latency": "30"}, {"date": "2023-08-20-16-00-00", "latency": "30"}, {"date": "2023-08-20-16-00-00", "latency": "30"}, {"date": "2023-08-20-16-00-00", "latency": "30"}, {"date": "2023-08-20-16-00-00", "latency": "30"}, {"date": "2023-08-20-16-00-00", "latency": "30"}]}, {"location": {"country_code": "us", "region": "Wisconsin", "city": "Dakota"}, "game_id": "970338", "values": [{"date": "2023-08-21-02-00-00", "latency": "51"}, {"date": "2023-08-21-02-00-00", "latency": "51"}, {"date": "2023-08-21-02-00-00", "latency": "51"}, {"date": "2023-08-21-02-00-00", "latency": "51"}, {"date": "2023-08-21-02-00-00", "latency": "51"}, {"date": "2023-08-21-02-00-00", "latency": "51"}, {"date": "2023-08-21-02-00-00", "latency": "51"}]}, {"location": {"country_code": "ee"}, "game_id": "970338", "values": [{"date": "2023-08-21-01-00-00", "latency": "58"}, {"date": "2023-08-21-01-00-00", "latency": "58"}, {"date": "2023-08-21-01-00-00", "latency": "58"}, {"date": "2023-08-21-01-00-00", "latency": "58"}, {"date": "2023-08-21-01-00-00", "latency": "58"}, {"date": "2023-08-21-01-00-00", "latency": "58"}, {"date": "2023-08-21-01-00-00", "latency": "58"}, {"date": "2023-08-21-01-00-00", "latency": "58"}, {"date": "2023-08-21-01-00-00", "latency": "58"}, {"date": "2023-08-21-01-00-00", "latency": "58"}, {"date": "2023-08-21-01-00-00", "latency": "58"}, {"date": "2023-08-21-01-00-00", "latency": "58"}, {"date": "2023-08-21-01-00-00", "latency": "58"}, {"date": "2023-08-21-01-00-00", "latency": "58"}, {"date": "2023-08-21-01-00-00", "latency": "58"}, {"date": "2023-08-21-01-00-00", "latency": "58"}, {"date": "2023-08-21-01-00-00", "latency": "58"}, {"date": "2023-08-21-01-00-00", "latency": "58"}, {"date": "2023-08-21-01-00-00", "latency": "58"}, {"date": "2023-08-21-01-00-00", "latency": "58"}, {"date": "2023-08-21-01-00-00", "latency": "58"}, {"date": "2023-08-21-01-00-00", "latency": "58"}, {"date": "2023-08-21-01-00-00", "latency": "58"}, {"date": "2023-08-21-01-00-00", "latency": "58"}, {"date": "2023-08-21-01-00-00", "latency": "58"}, {"date": "2023-08-21-01-00-00", "latency": "58"}, {"date": "2023-08-21-01-00-00", "latency": "58"}, {"date": "2023-08-21-01-00-00", "latency": "58"}, {"date": "2023-08-21-01-00-00", "latency": "58"}, {"date": "2023-08-21-01-00-00", "latency": "58"}, {"date": "2023-08-21-01-00-00", "latency": "58"}, {"date": "2023-08-21-01-00-00", "latency": "58"}, {"date": "2023-08-21-01-00-00", "latency": "58"}, {"date": "2023-08-21-01-00-00", "latency": "58"}, {"date": "2023-08-21-01-00-00", "latency": "58"}, {"date": "2023-08-21-01-00-00", "latency": "58"}, {"date": "2023-08-21-01-00-00", "latency": "58"}, {"date": "2023-08-21-01-00-00", "latency": "58"}, {"date": "2023-08-21-01-00-00", "latency": "58"}, {"date": "2023-08-21-01-00-00", "latency": "58"}, {"date": "2023-08-21-01-00-00", "latency": "58"}, {"date": "2023-08-21-01-00-00", "latency": "58"}, {"date": "2023-08-21-01-00-00", "latency": "58"}, {"date": "2023-08-21-01-00-00", "latency": "58"}, {"date": "2023-08-21-01-00-00", "latency": "58"}, {"date": "2023-08-21-01-00-00", "latency": "58"}, {"date": "2023-08-21-01-00-00", "latency": "58"}, {"date": "2023-08-21-01-00-00", "latency": "58"}, {"date": "2023-08-21-01-00-00", "latency": "58"}, {"date": "2023-08-21-01-00-00", "latency": "58"}]}, {"location": {"country_code": "pl", "region": "Masovian Voivodeship", "city": "Warsaw"}, "game_id": "970338", "values": [{"date": "2023-08-20-18-00-00", "latency": "41"}, {"date": "2023-08-20-18-00-00", "latency": "41"}, {"date": "2023-08-20-18-00-00", "latency": "41"}, {"date": "2023-08-20-18-00-00", "latency": "41"}, {"date": "2023-08-20-18-00-00", "latency": "41"}, {"date": "2023-08-20-18-00-00", "latency": "41"}, {"date": "2023-08-20-18-00-00", "latency": "41"}, {"date": "2023-08-20-18-00-00", "latency": "41"}, {"date": "2023-08-20-18-00-00", "latency": "41"}, {"date": "2023-08-20-18-00-00", "latency": "41"}, {"date": "2023-08-20-18-00-00", "latency": "41"}]}, {"location": {"country_code": "br", "region": "Paraiba", "city": "Santa Rita"}, "game_id": "970338", "values": [{"date": "2023-08-20-23-00-00", "latency": "106"}, {"date": "2023-08-20-23-00-00", "latency": "106"}, {"date": "2023-08-20-23-00-00", "latency": "106"}, {"date": "2023-08-20-23-00-00", "latency": "106"}, {"date": "2023-08-20-23-00-00", "latency": "106"}, {"date": "2023-08-20-23-00-00", "latency": "106"}, {"date": "2023-08-20-23-00-00", "latency": "106"}, {"date": "2023-08-20-23-00-00", "latency": "106"}, {"date": "2023-08-20-23-00-00", "latency": "106"}, {"date": "2023-08-20-23-00-00", "latency": "106"}, {"date": "2023-08-20-23-00-00", "latency": "106"}, {"date": "2023-08-20-23-00-00", "latency": "106"}, {"date": "2023-08-20-23-00-00", "latency": "106"}, {"date": "2023-08-20-23-00-00", "latency": "106"}, {"date": "2023-08-20-23-00-00", "latency": "106"}]}, {"location": {"country_code": "es", "region": "Andalusia", "city": "Ayamonte"}, "game_id": "970338", "values": [{"date": "2023-08-20-10-00-00", "latency": "59"}, {"date": "2023-08-20-10-00-00", "latency": "59"}]}, {"location": {"country_code": "es", "region": "Madrid", "city": "Aranjuez"}, "game_id": "970338", "values": [{"date": "2023-08-20-20-00-00", "latency": "43"}, {"date": "2023-08-20-20-00-00", "latency": "43"}, {"date": "2023-08-20-20-00-00", "latency": "43"}, {"date": "2023-08-20-20-00-00", "latency": "43"}, {"date": "2023-08-20-20-00-00", "latency": "43"}]}, {"location": {"country_code": "us", "region": "California", "city": "Lancaster"}, "game_id": "970338", "values": [{"date": "2023-08-20-23-00-00", "latency": "91"}, {"date": "2023-08-20-23-00-00", "latency": "91"}, {"date": "2023-08-20-23-00-00", "latency": "91"}, {"date": "2023-08-20-23-00-00", "latency": "91"}, {"date": "2023-08-20-23-00-00", "latency": "91"}]}], "last_updated": 1719912538.099152}