{"data": [{"location": {"country_code": "nz"}, "game_id": "295590", "values": [{"date": "2021-10-08-11-00-00", "latency": 643}, {"date": "2021-10-08-16-00-00", "latency": 323}]}, {"location": {"country_code": "us"}, "game_id": "295590", "values": [{"date": "2021-10-08-23-00-00", "latency": 95}, {"date": "2021-10-08-23-00-00", "latency": 95}, {"date": "2021-10-08-16-00-00", "latency": 384}, {"date": "2021-10-08-18-00-00", "latency": 50}, {"date": "2021-10-09-02-00-00", "latency": 286}]}, {"location": {"country_code": "us", "region": "Virginia"}, "game_id": "295590", "values": [{"date": "2021-10-08-19-00-00", "latency": 42}, {"date": "2021-10-08-19-00-00", "latency": 42}, {"date": "2021-10-08-19-00-00", "latency": 42}, {"date": "2021-10-08-09-00-00", "latency": 363}, {"date": "2021-10-08-09-00-00", "latency": 363}]}, {"location": {"country_code": "us", "region": "New York", "city": "Jamestown"}, "game_id": "295590", "values": [{"date": "2021-10-08-07-00-00", "latency": 313}, {"date": "2021-10-08-20-00-00", "latency": 107}, {"date": "2021-10-08-20-00-00", "latency": 107}, {"date": "2021-10-08-20-00-00", "latency": 107}, {"date": "2021-10-08-20-00-00", "latency": 107}, {"date": "2021-10-08-20-00-00", "latency": 107}, {"date": "2021-10-08-20-00-00", "latency": 107}, {"date": "2021-10-08-20-00-00", "latency": 107}, {"date": "2021-10-08-20-00-00", "latency": 107}, {"date": "2021-10-08-20-00-00", "latency": 107}, {"date": "2021-10-08-20-00-00", "latency": 107}, {"date": "2021-10-08-20-00-00", "latency": 107}, {"date": "2021-10-08-20-00-00", "latency": 107}, {"date": "2021-10-08-20-00-00", "latency": 107}, {"date": "2021-10-08-20-00-00", "latency": 107}, {"date": "2021-10-08-20-00-00", "latency": 107}, {"date": "2021-10-08-20-00-00", "latency": 107}, {"date": "2021-10-08-20-00-00", "latency": 107}, {"date": "2021-10-08-20-00-00", "latency": 107}, {"date": "2021-10-08-20-00-00", "latency": 107}, {"date": "2021-10-08-20-00-00", "latency": 107}, {"date": "2021-10-08-20-00-00", "latency": 107}, {"date": "2021-10-08-20-00-00", "latency": 107}, {"date": "2021-10-08-20-00-00", "latency": 107}, {"date": "2021-10-08-20-00-00", "latency": 107}]}, {"location": {"country_code": "gb"}, "game_id": "295590", "values": [{"date": "2021-10-08-23-00-00", "latency": 63}, {"date": "2021-10-09-00-00-00", "latency": 45}, {"date": "2021-10-09-00-00-00", "latency": 45}, {"date": "2021-10-09-00-00-00", "latency": 45}, {"date": "2021-10-09-00-00-00", "latency": 46}, {"date": "2021-10-09-00-00-00", "latency": 46}]}, {"location": {"country_code": "gr"}, "game_id": "295590", "values": [{"date": "2021-10-08-20-00-00", "latency": 513}, {"date": "2021-10-09-00-00-00", "latency": 47}]}, {"location": {"country_code": "nl"}, "game_id": "295590", "values": [{"date": "2021-10-08-12-00-00", "latency": 113}]}, {"location": {"country_code": "nl", "region": "North Holland", "city": "Huizen"}, "game_id": "295590", "values": [{"date": "2021-10-08-10-00-00", "latency": 106}, {"date": "2021-10-08-10-00-00", "latency": 106}, {"date": "2021-10-08-10-00-00", "latency": 106}, {"date": "2021-10-08-10-00-00", "latency": 106}]}, {"location": {"country_code": "it"}, "game_id": "295590", "values": [{"date": "2021-10-08-13-00-00", "latency": 59}, {"date": "2021-10-08-16-00-00", "latency": 493}]}, {"location": {"country_code": "jp"}, "game_id": "295590", "values": [{"date": "2021-10-08-17-00-00", "latency": 323}, {"date": "2021-10-08-17-00-00", "latency": 323}]}, {"location": {"country_code": "ca"}, "game_id": "295590", "values": [{"date": "2021-10-08-04-00-00", "latency": 105}, {"date": "2021-10-08-09-00-00", "latency": 263}, {"date": "2021-10-08-07-00-00", "latency": 146}]}, {"location": {"country_code": "ch"}, "game_id": "295590", "values": [{"date": "2021-10-09-00-00-00", "latency": 86}, {"date": "2021-10-08-23-00-00", "latency": 213}]}, {"location": {"country_code": "de"}, "game_id": "295590", "values": [{"date": "2021-10-08-12-00-00", "latency": 140}, {"date": "2021-10-08-12-00-00", "latency": 140}, {"date": "2021-10-08-12-00-00", "latency": 140}, {"date": "2021-10-08-19-00-00", "latency": 57}, {"date": "2021-10-09-00-00-00", "latency": 423}, {"date": "2021-10-09-00-00-00", "latency": 46}, {"date": "2021-10-09-00-00-00", "latency": 46}, {"date": "2021-10-09-00-00-00", "latency": 46}, {"date": "2021-10-08-13-00-00", "latency": 41}]}, {"location": {"country_code": "br", "region": "Parana", "city": "Araucaria"}, "game_id": "295590", "values": [{"date": "2021-10-08-23-00-00", "latency": 93}, {"date": "2021-10-08-23-00-00", "latency": 93}]}, {"location": {"country_code": "gb", "region": "Scotland"}, "game_id": "295590", "values": [{"date": "2021-10-09-02-00-00", "latency": 51}, {"date": "2021-10-09-02-00-00", "latency": 51}]}, {"location": {"country_code": "cl"}, "game_id": "295590", "values": [{"date": "2021-10-08-21-00-00", "latency": 153}, {"date": "2021-10-08-21-00-00", "latency": 153}, {"date": "2021-10-08-21-00-00", "latency": 153}]}, {"location": {"country_code": "us", "region": "Texas"}, "game_id": "295590", "values": [{"date": "2021-10-08-07-00-00", "latency": 65}, {"date": "2021-10-08-06-00-00", "latency": 59}, {"date": "2021-10-08-06-00-00", "latency": 59}, {"date": "2021-10-08-06-00-00", "latency": 59}, {"date": "2021-10-08-06-00-00", "latency": 59}]}, {"location": {"country_code": "us", "region": "Florida"}, "game_id": "295590", "values": [{"date": "2021-10-08-05-00-00", "latency": 68}]}, {"location": {"country_code": "us", "region": "Kansas"}, "game_id": "295590", "values": [{"date": "2021-10-08-07-00-00", "latency": 163}]}, {"location": {"country_code": "fr"}, "game_id": "295590", "values": [{"date": "2021-10-08-18-00-00", "latency": 50}, {"date": "2021-10-09-00-00-00", "latency": 313}, {"date": "2021-10-09-00-00-00", "latency": 313}]}, {"location": {"country_code": "mx"}, "game_id": "295590", "values": [{"date": "2021-10-08-05-00-00", "latency": 106}, {"date": "2021-10-08-06-00-00", "latency": 69}, {"date": "2021-10-08-06-00-00", "latency": 69}, {"date": "2021-10-08-06-00-00", "latency": 69}, {"date": "2021-10-08-06-00-00", "latency": 69}]}, {"location": {"country_code": "us", "region": "Ohio"}, "game_id": "295590", "values": [{"date": "2021-10-08-06-00-00", "latency": 96}, {"date": "2021-10-09-02-00-00", "latency": 74}, {"date": "2021-10-09-02-00-00", "latency": 74}, {"date": "2021-10-09-02-00-00", "latency": 74}, {"date": "2021-10-09-02-00-00", "latency": 74}, {"date": "2021-10-09-02-00-00", "latency": 74}, {"date": "2021-10-09-02-00-00", "latency": 74}, {"date": "2021-10-09-02-00-00", "latency": 74}]}, {"location": {"country_code": "us", "region": "Iowa", "city": "Cincinnati"}, "game_id": "295590", "values": [{"date": "2021-10-09-01-00-00", "latency": 42}, {"date": "2021-10-09-01-00-00", "latency": 42}]}, {"location": {"country_code": "us", "region": "California"}, "game_id": "295590", "values": [{"date": "2021-10-08-05-00-00", "latency": 70}, {"date": "2021-10-08-11-00-00", "latency": 104}, {"date": "2021-10-09-00-00-00", "latency": 74}, {"date": "2021-10-08-21-00-00", "latency": 202}]}, {"location": {"country_code": "br"}, "game_id": "295590", "values": [{"date": "2021-10-08-03-00-00", "latency": 58}, {"date": "2021-10-08-03-00-00", "latency": 58}, {"date": "2021-10-08-03-00-00", "latency": 58}, {"date": "2021-10-08-03-00-00", "latency": 58}, {"date": "2021-10-08-14-00-00", "latency": 113}, {"date": "2021-10-08-05-00-00", "latency": 30}, {"date": "2021-10-09-01-00-00", "latency": 69}, {"date": "2021-10-09-01-00-00", "latency": 69}, {"date": "2021-10-09-01-00-00", "latency": 69}, {"date": "2021-10-08-03-00-00", "latency": 69}, {"date": "2021-10-08-03-00-00", "latency": 69}, {"date": "2021-10-08-03-00-00", "latency": 69}, {"date": "2021-10-08-06-00-00", "latency": 104}, {"date": "2021-10-08-06-00-00", "latency": 104}]}, {"location": {"country_code": "br", "region": "Sao Paulo", "city": "Apiai"}, "game_id": "295590", "values": [{"date": "2021-10-09-01-00-00", "latency": 143}, {"date": "2021-10-09-01-00-00", "latency": 113}, {"date": "2021-10-09-02-00-00", "latency": 123}, {"date": "2021-10-08-16-00-00", "latency": 29}, {"date": "2021-10-09-00-00-00", "latency": 113}]}, {"location": {"country_code": "cg", "region": "Kouilou Department"}, "game_id": "295590", "values": [{"date": "2021-10-08-23-00-00", "latency": 314}]}, {"location": {"country_code": "br", "region": "Sao Paulo", "city": "Piracicaba"}, "game_id": "295590", "values": [{"date": "2021-10-09-01-00-00", "latency": 103}]}, {"location": {"country_code": "se"}, "game_id": "295590", "values": [{"date": "2021-10-09-00-00-00", "latency": 195}, {"date": "2021-10-09-00-00-00", "latency": 195}, {"date": "2021-10-09-00-00-00", "latency": 195}, {"date": "2021-10-09-00-00-00", "latency": 195}, {"date": "2021-10-09-00-00-00", "latency": 195}, {"date": "2021-10-09-00-00-00", "latency": 195}, {"date": "2021-10-09-00-00-00", "latency": 195}]}, {"location": {"country_code": "no"}, "game_id": "295590", "values": [{"date": "2021-10-08-23-00-00", "latency": 84}, {"date": "2021-10-08-19-00-00", "latency": 44}]}, {"location": {"country_code": "us", "region": "California", "city": "East Los Angeles"}, "game_id": "295590", "values": [{"date": "2021-10-09-02-00-00", "latency": 79}]}, {"location": {"country_code": "us", "region": "Colorado", "city": "Denver"}, "game_id": "295590", "values": [{"date": "2021-10-08-07-00-00", "latency": 74}]}, {"location": {"country_code": "ec"}, "game_id": "295590", "values": [{"date": "2021-10-08-04-00-00", "latency": 82}]}, {"location": {"country_code": "au"}, "game_id": "295590", "values": [{"date": "2021-10-08-15-00-00", "latency": 34}, {"date": "2021-10-08-15-00-00", "latency": 34}, {"date": "2021-10-08-15-00-00", "latency": 34}, {"date": "2021-10-08-15-00-00", "latency": 34}, {"date": "2021-10-08-15-00-00", "latency": 34}, {"date": "2021-10-08-15-00-00", "latency": 34}, {"date": "2021-10-08-15-00-00", "latency": 34}, {"date": "2021-10-08-09-00-00", "latency": 125}, {"date": "2021-10-08-05-00-00", "latency": 38}, {"date": "2021-10-08-11-00-00", "latency": 29}]}, {"location": {"country_code": "au", "region": "Victoria", "city": "Melbourne"}, "game_id": "295590", "values": [{"date": "2021-10-08-10-00-00", "latency": 90}, {"date": "2021-10-08-10-00-00", "latency": 90}, {"date": "2021-10-08-13-00-00", "latency": 46}]}, {"location": {"country_code": "us", "region": "Texas", "city": "Austin"}, "game_id": "295590", "values": [{"date": "2021-10-08-03-00-00", "latency": 64}, {"date": "2021-10-08-03-00-00", "latency": 64}, {"date": "2021-10-08-03-00-00", "latency": 64}, {"date": "2021-10-08-03-00-00", "latency": 64}]}, {"location": {"country_code": "dk"}, "game_id": "295590", "values": [{"date": "2021-10-08-20-00-00", "latency": 64}, {"date": "2021-10-08-20-00-00", "latency": 64}, {"date": "2021-10-08-20-00-00", "latency": 64}, {"date": "2021-10-08-20-00-00", "latency": 64}, {"date": "2021-10-08-17-00-00", "latency": 72}, {"date": "2021-10-08-17-00-00", "latency": 72}, {"date": "2021-10-08-23-00-00", "latency": 333}, {"date": "2021-10-08-15-00-00", "latency": 40}, {"date": "2021-10-08-17-00-00", "latency": 174}, {"date": "2021-10-08-15-00-00", "latency": 243}, {"date": "2021-10-08-22-00-00", "latency": 213}, {"date": "2021-10-08-21-00-00", "latency": 313}]}, {"location": {"country_code": "tr"}, "game_id": "295590", "values": [{"date": "2021-10-08-19-00-00", "latency": 24}, {"date": "2021-10-08-19-00-00", "latency": 24}, {"date": "2021-10-08-19-00-00", "latency": 24}, {"date": "2021-10-08-19-00-00", "latency": 24}]}, {"location": {"country_code": "pl", "region": "Greater Poland Voivodeship"}, "game_id": "295590", "values": [{"date": "2021-10-09-01-00-00", "latency": 609}]}, {"location": {"country_code": "es"}, "game_id": "295590", "values": [{"date": "2021-10-09-00-00-00", "latency": 68}, {"date": "2021-10-08-20-00-00", "latency": 108}, {"date": "2021-10-08-20-00-00", "latency": 108}, {"date": "2021-10-08-20-00-00", "latency": 108}, {"date": "2021-10-08-20-00-00", "latency": 108}, {"date": "2021-10-08-16-00-00", "latency": 118}, {"date": "2021-10-08-16-00-00", "latency": 118}, {"date": "2021-10-08-16-00-00", "latency": 118}, {"date": "2021-10-08-16-00-00", "latency": 118}, {"date": "2021-10-08-16-00-00", "latency": 118}, {"date": "2021-10-08-16-00-00", "latency": 118}]}, {"location": {"country_code": "es", "region": "Murcia", "city": "Cartagena"}, "game_id": "295590", "values": [{"date": "2021-10-09-00-00-00", "latency": 66}, {"date": "2021-10-09-00-00-00", "latency": 66}, {"date": "2021-10-09-00-00-00", "latency": 66}, {"date": "2021-10-09-00-00-00", "latency": 66}]}, {"location": {"country_code": "ar"}, "game_id": "295590", "values": [{"date": "2021-10-08-05-00-00", "latency": 50}, {"date": "2021-10-08-21-00-00", "latency": 374}, {"date": "2021-10-08-21-00-00", "latency": 374}, {"date": "2021-10-08-21-00-00", "latency": 374}, {"date": "2021-10-08-18-00-00", "latency": 344}, {"date": "2021-10-08-07-00-00", "latency": 84}]}, {"location": {"country_code": "ar", "region": "Neuquen Province"}, "game_id": "295590", "values": [{"date": "2021-10-08-10-00-00", "latency": 62}]}, {"location": {"country_code": "ar", "region": "Buenos Aires F.D.", "city": "Bahia Blanca"}, "game_id": "295590", "values": [{"date": "2021-10-08-21-00-00", "latency": 283}, {"date": "2021-10-08-10-00-00", "latency": 363}, {"date": "2021-10-09-01-00-00", "latency": 414}, {"date": "2021-10-09-01-00-00", "latency": 414}]}, {"location": {"country_code": "fi"}, "game_id": "295590", "values": [{"date": "2021-10-09-02-00-00", "latency": 37}, {"date": "2021-10-09-02-00-00", "latency": 37}]}, {"location": {"country_code": "us", "region": "Missouri"}, "game_id": "295590", "values": [{"date": "2021-10-08-21-00-00", "latency": 74}]}, {"location": {"country_code": "jp", "region": "Tokyo"}, "game_id": "295590", "values": [{"date": "2021-10-08-19-00-00", "latency": 86}]}, {"location": {"country_code": "us", "region": "Texas", "city": "Houston"}, "game_id": "295590", "values": [{"date": "2021-10-08-20-00-00", "latency": 112}, {"date": "2021-10-08-20-00-00", "latency": 112}]}, {"location": {"country_code": "us", "region": "Michigan"}, "game_id": "295590", "values": [{"date": "2021-10-09-01-00-00", "latency": 273}]}, {"location": {"country_code": "us", "region": "Illinois", "city": "Chicago"}, "game_id": "295590", "values": [{"date": "2021-10-08-09-00-00", "latency": 32}]}, {"location": {"country_code": "de", "region": "Bavaria"}, "game_id": "295590", "values": [{"date": "2021-10-08-20-00-00", "latency": 49}]}, {"location": {"country_code": "co"}, "game_id": "295590", "values": [{"date": "2021-10-08-04-00-00", "latency": 125}, {"date": "2021-10-08-04-00-00", "latency": 125}]}, {"location": {"country_code": "mx", "region": "Veracruz"}, "game_id": "295590", "values": [{"date": "2021-10-08-16-00-00", "latency": 613}]}, {"location": {"country_code": "es", "region": "Aragon", "city": "Zaragoza"}, "game_id": "295590", "values": [{"date": "2021-10-08-16-00-00", "latency": 513}]}, {"location": {"country_code": "no", "region": "Oslo Fylke", "city": "Oslo"}, "game_id": "295590", "values": [{"date": "2021-10-09-01-00-00", "latency": 213}]}, {"location": {"country_code": "us", "region": "Nevada", "city": "Las Vegas"}, "game_id": "295590", "values": [{"date": "2021-10-08-05-00-00", "latency": 78}, {"date": "2021-10-08-05-00-00", "latency": 78}, {"date": "2021-10-08-05-00-00", "latency": 78}]}, {"location": {"country_code": "gb", "region": "England", "city": "London"}, "game_id": "295590", "values": [{"date": "2021-10-08-17-00-00", "latency": 365}, {"date": "2021-10-08-17-00-00", "latency": 365}, {"date": "2021-10-08-17-00-00", "latency": 365}, {"date": "2021-10-08-17-00-00", "latency": 365}, {"date": "2021-10-08-17-00-00", "latency": 365}, {"date": "2021-10-08-17-00-00", "latency": 365}, {"date": "2021-10-08-17-00-00", "latency": 365}, {"date": "2021-10-09-01-00-00", "latency": 35}, {"date": "2021-10-09-01-00-00", "latency": 35}, {"date": "2021-10-08-22-00-00", "latency": 135}, {"date": "2021-10-08-22-00-00", "latency": 135}, {"date": "2021-10-08-22-00-00", "latency": 135}, {"date": "2021-10-08-22-00-00", "latency": 135}]}, {"location": {"country_code": "pe"}, "game_id": "295590", "values": [{"date": "2021-10-08-07-00-00", "latency": 159}, {"date": "2021-10-08-07-00-00", "latency": 159}]}, {"location": {"country_code": "ua"}, "game_id": "295590", "values": [{"date": "2021-10-08-15-00-00", "latency": 614}]}, {"location": {"country_code": "br", "region": "Minas Gerais"}, "game_id": "295590", "values": [{"date": "2021-10-09-01-00-00", "latency": 83}]}, {"location": {"country_code": "tr", "region": "Marmara Bolgesi", "city": "Istanbul"}, "game_id": "295590", "values": [{"date": "2021-10-08-20-00-00", "latency": 54}, {"date": "2021-10-08-20-00-00", "latency": 54}]}, {"location": {"country_code": "ca", "region": "Ontario", "city": "Toronto"}, "game_id": "295590", "values": [{"date": "2021-10-08-06-00-00", "latency": 34}, {"date": "2021-10-08-06-00-00", "latency": 34}, {"date": "2021-10-08-06-00-00", "latency": 34}, {"date": "2021-10-09-01-00-00", "latency": 323}, {"date": "2021-10-08-03-00-00", "latency": 46}, {"date": "2021-10-08-03-00-00", "latency": 46}, {"date": "2021-10-08-22-00-00", "latency": 43}]}, {"location": {"country_code": "br", "region": "Santa Catarina", "city": "Palhoca"}, "game_id": "295590", "values": [{"date": "2021-10-09-02-00-00", "latency": 48}]}, {"location": {"country_code": "se", "region": "Stockholm County"}, "game_id": "295590", "values": [{"date": "2021-10-09-01-00-00", "latency": 71}]}, {"location": {"country_code": "mx", "region": "Nuevo Leon", "city": "Monterrey"}, "game_id": "295590", "values": [{"date": "2021-10-08-07-00-00", "latency": 77}, {"date": "2021-10-08-07-00-00", "latency": 77}]}, {"location": {"country_code": "sk"}, "game_id": "295590", "values": [{"date": "2021-10-08-12-00-00", "latency": 60}]}, {"location": {"country_code": "co", "region": "El Valle", "city": "Cali"}, "game_id": "295590", "values": [{"date": "2021-10-08-18-00-00", "latency": 144}]}, {"location": {"country_code": "br", "region": "Rio Grande do Sul", "city": "Porto Alegre"}, "game_id": "295590", "values": [{"date": "2021-10-09-00-00-00", "latency": 274}]}, {"location": {"country_code": "pt"}, "game_id": "295590", "values": [{"date": "2021-10-08-23-00-00", "latency": 413}, {"date": "2021-10-08-02-00-00", "latency": 53}, {"date": "2021-10-08-02-00-00", "latency": 53}]}, {"location": {"country_code": "us", "region": "Colorado"}, "game_id": "295590", "values": [{"date": "2021-10-08-06-00-00", "latency": 49}]}, {"location": {"country_code": "tr", "region": "Marmara Bolgesi", "city": "Bursa"}, "game_id": "295590", "values": [{"date": "2021-10-08-19-00-00", "latency": 116}, {"date": "2021-10-08-19-00-00", "latency": 116}]}, {"location": {"country_code": "br", "region": "State of Rio de Janeiro", "city": "Angra dos Reis"}, "game_id": "295590", "values": [{"date": "2021-10-09-01-00-00", "latency": 184}, {"date": "2021-10-09-01-00-00", "latency": 184}, {"date": "2021-10-08-03-00-00", "latency": 44}, {"date": "2021-10-08-04-00-00", "latency": 58}, {"date": "2021-10-08-06-00-00", "latency": 36}, {"date": "2021-10-09-02-00-00", "latency": 263}, {"date": "2021-10-08-18-00-00", "latency": 122}, {"date": "2021-10-08-02-00-00", "latency": 183}, {"date": "2021-10-08-02-00-00", "latency": 183}]}, {"location": {"country_code": "us", "region": "Minnesota"}, "game_id": "295590", "values": [{"date": "2021-10-08-17-00-00", "latency": 273}]}, {"location": {"country_code": "uy", "region": "Rivera Department", "city": "Rivera"}, "game_id": "295590", "values": [{"date": "2021-10-08-19-00-00", "latency": 543}]}, {"location": {"country_code": "ca", "region": "Quebec"}, "game_id": "295590", "values": [{"date": "2021-10-08-16-00-00", "latency": 59}, {"date": "2021-10-08-16-00-00", "latency": 59}, {"date": "2021-10-09-02-00-00", "latency": 166}]}, {"location": {"country_code": "br", "region": "Parana"}, "game_id": "295590", "values": [{"date": "2021-10-09-01-00-00", "latency": 39}]}, {"location": {"country_code": "ar", "region": "Buenos Aires", "city": "Mar del Plata"}, "game_id": "295590", "values": [{"date": "2021-10-08-21-00-00", "latency": 60}]}, {"location": {"country_code": "hr"}, "game_id": "295590", "values": [{"date": "2021-10-08-21-00-00", "latency": 66}]}, {"location": {"country_code": "pe", "region": "Lima region", "city": "Lima"}, "game_id": "295590", "values": [{"date": "2021-10-08-08-00-00", "latency": 177}]}, {"location": {"country_code": "br", "region": "Parana", "city": "Foz do Iguacu"}, "game_id": "295590", "values": [{"date": "2021-10-08-03-00-00", "latency": 57}, {"date": "2021-10-08-03-00-00", "latency": 57}]}, {"location": {"country_code": "ar", "region": "Santa Fe Province", "city": "Rosario"}, "game_id": "295590", "values": [{"date": "2021-10-09-01-00-00", "latency": 604}, {"date": "2021-10-09-01-00-00", "latency": 604}]}, {"location": {"country_code": "de", "region": "Lower Saxony", "city": "Hanover"}, "game_id": "295590", "values": [{"date": "2021-10-09-00-00-00", "latency": 97}, {"date": "2021-10-09-00-00-00", "latency": 97}, {"date": "2021-10-09-00-00-00", "latency": 97}]}, {"location": {"country_code": "us", "region": "Georgia", "city": "Atlanta"}, "game_id": "295590", "values": [{"date": "2021-10-08-07-00-00", "latency": 364}, {"date": "2021-10-08-07-00-00", "latency": 364}]}, {"location": {"country_code": "fr", "region": "Aquitania-Limosino-Poitou-Charentes", "city": "Limoges"}, "game_id": "295590", "values": [{"date": "2021-10-08-17-00-00", "latency": 273}]}, {"location": {"country_code": "fr", "region": "Alvernia-Rodano-Alpi", "city": "Lyon"}, "game_id": "295590", "values": [{"date": "2021-10-08-17-00-00", "latency": 163}]}, {"location": {"country_code": "es", "region": "Madrid"}, "game_id": "295590", "values": [{"date": "2021-10-08-21-00-00", "latency": 214}, {"date": "2021-10-08-21-00-00", "latency": 214}, {"date": "2021-10-08-21-00-00", "latency": 214}, {"date": "2021-10-08-21-00-00", "latency": 214}, {"date": "2021-10-08-21-00-00", "latency": 214}, {"date": "2021-10-08-21-00-00", "latency": 214}, {"date": "2021-10-08-21-00-00", "latency": 214}, {"date": "2021-10-08-21-00-00", "latency": 214}, {"date": "2021-10-08-21-00-00", "latency": 214}, {"date": "2021-10-08-21-00-00", "latency": 214}, {"date": "2021-10-08-21-00-00", "latency": 214}, {"date": "2021-10-08-21-00-00", "latency": 214}, {"date": "2021-10-08-21-00-00", "latency": 214}, {"date": "2021-10-08-21-00-00", "latency": 214}, {"date": "2021-10-08-21-00-00", "latency": 214}, {"date": "2021-10-08-21-00-00", "latency": 214}, {"date": "2021-10-08-21-00-00", "latency": 214}, {"date": "2021-10-08-21-00-00", "latency": 214}, {"date": "2021-10-08-21-00-00", "latency": 214}, {"date": "2021-10-08-21-00-00", "latency": 214}, {"date": "2021-10-08-21-00-00", "latency": 214}, {"date": "2021-10-08-21-00-00", "latency": 214}, {"date": "2021-10-08-21-00-00", "latency": 214}, {"date": "2021-10-08-21-00-00", "latency": 214}, {"date": "2021-10-08-21-00-00", "latency": 214}, {"date": "2021-10-08-21-00-00", "latency": 214}, {"date": "2021-10-08-21-00-00", "latency": 214}, {"date": "2021-10-08-21-00-00", "latency": 214}, {"date": "2021-10-08-21-00-00", "latency": 214}, {"date": "2021-10-08-21-00-00", "latency": 214}, {"date": "2021-10-08-21-00-00", "latency": 214}]}, {"location": {"country_code": "br", "region": "Sao Paulo", "city": "Jacarei"}, "game_id": "295590", "values": [{"date": "2021-10-08-03-00-00", "latency": 23}]}, {"location": {"country_code": "br", "region": "Minas Gerais", "city": "Ituiutaba"}, "game_id": "295590", "values": [{"date": "2021-10-08-09-00-00", "latency": 123}]}, {"location": {"country_code": "de", "region": "Bavaria", "city": "Munich"}, "game_id": "295590", "values": [{"date": "2021-10-08-22-00-00", "latency": 56}, {"date": "2021-10-08-22-00-00", "latency": 56}, {"date": "2021-10-08-22-00-00", "latency": 56}]}, {"location": {"country_code": "br", "region": "Sao Paulo", "city": "Botucatu"}, "game_id": "295590", "values": [{"date": "2021-10-08-20-00-00", "latency": 40}]}, {"location": {"country_code": "ro", "region": "Bucharest"}, "game_id": "295590", "values": [{"date": "2021-10-08-19-00-00", "latency": 384}]}, {"location": {"country_code": "gb", "region": "Wales"}, "game_id": "295590", "values": [{"date": "2021-10-08-16-00-00", "latency": 343}]}, {"location": {"country_code": "ee"}, "game_id": "295590", "values": [{"date": "2021-10-08-23-00-00", "latency": 333}]}, {"location": {"country_code": "tr", "region": "Marmara Bolgesi"}, "game_id": "295590", "values": [{"date": "2021-10-08-21-00-00", "latency": 70}]}, {"location": {"country_code": "br", "region": "Amazonas", "city": "Manaus"}, "game_id": "295590", "values": [{"date": "2021-10-08-23-00-00", "latency": 314}, {"date": "2021-10-08-23-00-00", "latency": 314}, {"date": "2021-10-08-23-00-00", "latency": 314}, {"date": "2021-10-08-23-00-00", "latency": 314}, {"date": "2021-10-08-23-00-00", "latency": 314}]}, {"location": {"country_code": "fr", "region": "Provence-Alpes-Cote d'Azur Region", "city": "Aix-en-Provence"}, "game_id": "295590", "values": [{"date": "2021-10-09-00-00-00", "latency": 53}]}, {"location": {"country_code": "ve", "region": "Distrito Federal", "city": "Caracas"}, "game_id": "295590", "values": [{"date": "2021-10-08-23-00-00", "latency": 41}]}, {"location": {"country_code": "nl", "region": "North Holland", "city": "Amsterdam"}, "game_id": "295590", "values": [{"date": "2021-10-08-23-00-00", "latency": 93}]}, {"location": {"country_code": "ar", "region": "Mendoza Province"}, "game_id": "295590", "values": [{"date": "2021-10-08-23-00-00", "latency": 124}]}, {"location": {"country_code": "br", "region": "Para", "city": "Tailandia"}, "game_id": "295590", "values": [{"date": "2021-10-08-10-00-00", "latency": 117}, {"date": "2021-10-08-10-00-00", "latency": 117}, {"date": "2021-10-08-10-00-00", "latency": 117}, {"date": "2021-10-08-10-00-00", "latency": 117}]}, {"location": {"country_code": "fr", "region": "Aquitania-Limosino-Poitou-Charentes", "city": "Bordeaux"}, "game_id": "295590", "values": [{"date": "2021-10-09-01-00-00", "latency": 244}]}, {"location": {"country_code": "it", "region": "Lombardy", "city": "Milan"}, "game_id": "295590", "values": [{"date": "2021-10-09-01-00-00", "latency": 273}]}, {"location": {"country_code": "ma"}, "game_id": "295590", "values": [{"date": "2021-10-08-14-00-00", "latency": 713}]}, {"location": {"country_code": "br", "region": "Sao Paulo", "city": "Sao Carlos"}, "game_id": "295590", "values": [{"date": "2021-10-08-21-00-00", "latency": 143}]}, {"location": {"country_code": "br", "region": "Santa Catarina", "city": "Brusque"}, "game_id": "295590", "values": [{"date": "2021-10-09-02-00-00", "latency": 45}]}, {"location": {"country_code": "us", "region": "Guam", "city": "Dededo"}, "game_id": "295590", "values": [{"date": "2021-10-08-13-00-00", "latency": 202}, {"date": "2021-10-08-13-00-00", "latency": 202}]}, {"location": {"country_code": "ar", "region": "Buenos Aires", "city": "San Andres"}, "game_id": "295590", "values": [{"date": "2021-10-08-23-00-00", "latency": 324}, {"date": "2021-10-08-23-00-00", "latency": 324}]}, {"location": {"country_code": "ph", "region": "National Capital Region", "city": "Muntinlupa"}, "game_id": "295590", "values": [{"date": "2021-10-08-17-00-00", "latency": 44}, {"date": "2021-10-08-16-00-00", "latency": 113}]}, {"location": {"country_code": "mx", "region": "Sinaloa", "city": "Culiacan"}, "game_id": "295590", "values": [{"date": "2021-10-08-10-00-00", "latency": 814}]}, {"location": {"country_code": "eg", "region": "Cairo Governorate", "city": "15 de Maio, , "}, "game_id": "295590", "values": [{"date": "2021-10-09-01-00-00", "latency": 84}, {"date": "2021-10-09-01-00-00", "latency": 84}, {"date": "2021-10-09-01-00-00", "latency": 84}, {"date": "2021-10-09-01-00-00", "latency": 84}]}, {"location": {"country_code": "mx", "region": "Tamaulipas", "city": "Ciudad Victoria"}, "game_id": "295590", "values": [{"date": "2021-10-08-23-00-00", "latency": 744}]}, {"location": {"country_code": "ca", "region": "Ontario", "city": "St. Catharines"}, "game_id": "295590", "values": [{"date": "2021-10-08-22-00-00", "latency": 42}]}, {"location": {"country_code": "gb", "region": "England", "city": "Redhill"}, "game_id": "295590", "values": [{"date": "2021-10-08-15-00-00", "latency": 31}]}, {"location": {"country_code": "us", "region": "North Carolina", "city": "Salisbury"}, "game_id": "295590", "values": [{"date": "2021-10-08-21-00-00", "latency": 126}]}, {"location": {"country_code": "br", "region": "Sao Paulo", "city": "Suzano"}, "game_id": "295590", "values": [{"date": "2021-10-09-01-00-00", "latency": 123}]}, {"location": {"country_code": "us", "region": "Ohio", "city": "Wheelersburg"}, "game_id": "295590", "values": [{"date": "2021-10-08-23-00-00", "latency": 44}]}, {"location": {"country_code": "es", "region": "Andalusia", "city": "Estepona"}, "game_id": "295590", "values": [{"date": "2021-10-08-17-00-00", "latency": 463}]}, {"location": {"country_code": "ar", "region": "Buenos Aires", "city": "Monte Grande"}, "game_id": "295590", "values": [{"date": "2021-10-08-07-00-00", "latency": 80}]}, {"location": {"country_code": "nl", "region": "Zeeland"}, "game_id": "295590", "values": [{"date": "2021-10-08-20-00-00", "latency": 47}]}, {"location": {"country_code": "es", "region": "Valencia", "city": "Denia"}, "game_id": "295590", "values": [{"date": "2021-10-08-17-00-00", "latency": 423}]}, {"location": {"country_code": "fr", "region": "Provence-Alpes-Cote d'Azur Region", "city": "Miramas"}, "game_id": "295590", "values": [{"date": "2021-10-09-00-00-00", "latency": 45}]}], "last_updated": 1719927556.057159}