{"data": [{"location": {"country_code": "cu"}, "game_id": "273195", "values": [{"date": "2024-02-23-21-00-00", "alternatives": ["9", "29", "9"]}]}, {"location": {"country_code": "nz"}, "game_id": "273195", "values": [{"date": "2024-02-23-10-00-00", "alternatives": ["30", "30", "0"]}, {"date": "2024-02-23-10-00-00", "alternatives": ["30", "30", "0"]}, {"date": "2024-02-23-10-00-00", "alternatives": ["30", "30", "0"]}]}, {"location": {"country_code": "us"}, "game_id": "273195", "values": [{"date": "2024-02-23-07-00-00", "alternatives": ["3", "35", "35"]}, {"date": "2024-02-23-07-00-00", "alternatives": ["3", "35", "35"]}, {"date": "2024-02-23-07-00-00", "alternatives": ["3", "35", "35"]}, {"date": "2024-02-23-07-00-00", "alternatives": ["3", "35", "35"]}, {"date": "2024-02-23-07-00-00", "alternatives": ["3", "35", "35"]}, {"date": "2024-02-23-18-00-00", "alternatives": ["7", "1175", "7"]}, {"date": "2024-02-23-19-00-00", "alternatives": ["9", "49", "49"]}, {"date": "2024-02-23-04-00-00", "alternatives": ["68", "68", "58"]}, {"date": "2024-02-23-04-00-00", "alternatives": ["68", "68", "58"]}, {"date": "2024-02-23-21-00-00", "alternatives": ["143", "149", "143"]}]}, {"location": {"country_code": "us", "region": "Minnesota"}, "game_id": "273195", "values": [{"date": "2024-02-23-09-00-00", "alternatives": ["18", "186", "186"]}, {"date": "2024-02-23-09-00-00", "alternatives": ["18", "186", "186"]}, {"date": "2024-02-23-09-00-00", "alternatives": ["18", "186", "186"]}, {"date": "2024-02-23-09-00-00", "alternatives": ["18", "186", "186"]}, {"date": "2024-02-23-08-00-00", "alternatives": ["35", "35", "358"]}, {"date": "2024-02-23-08-00-00", "alternatives": ["35", "35", "358"]}, {"date": "2024-02-23-08-00-00", "alternatives": ["35", "35", "358"]}, {"date": "2024-02-23-08-00-00", "alternatives": ["35", "35", "358"]}, {"date": "2024-02-23-08-00-00", "alternatives": ["35", "35", "358"]}, {"date": "2024-02-23-01-00-00", "alternatives": [29, 28, 29, 29]}, {"date": "2024-02-23-01-00-00", "alternatives": [29, 28, 29, 29]}, {"date": "2024-02-23-01-00-00", "alternatives": [29, 28, 29, 29]}, {"date": "2024-02-23-01-00-00", "alternatives": [29, 28, 29, 29]}, {"date": "2024-02-23-01-00-00", "alternatives": [29, 28, 29, 29]}, {"date": "2024-02-23-01-00-00", "alternatives": [29, 28, 29, 29]}, {"date": "2024-02-23-01-00-00", "alternatives": [29, 28, 29, 29]}, {"date": "2024-02-23-01-00-00", "alternatives": [29, 28, 29, 29]}, {"date": "2024-02-23-01-00-00", "alternatives": [29, 28, 29, 29]}]}, {"location": {"country_code": "us", "region": "Virginia"}, "game_id": "273195", "values": [{"date": "2024-02-23-22-00-00", "alternatives": ["73", "13", "73"]}, {"date": "2024-02-23-16-00-00", "alternatives": [91, 6, 3, 91, 91]}, {"date": "2024-02-23-16-00-00", "alternatives": [91, 6, 3, 91, 91]}, {"date": "2024-02-23-16-00-00", "alternatives": [91, 6, 3, 91, 91]}, {"date": "2024-02-23-16-00-00", "alternatives": [91, 6, 3, 91, 91]}, {"date": "2024-02-23-16-00-00", "alternatives": [91, 6, 3, 91, 91]}, {"date": "2024-02-23-16-00-00", "alternatives": [91, 6, 3, 91, 91]}, {"date": "2024-02-23-16-00-00", "alternatives": [91, 6, 3, 91, 91]}]}, {"location": {"country_code": "de", "region": "Berlin", "city": "Berlin"}, "game_id": "273195", "values": [{"date": "2024-02-23-02-00-00", "alternatives": [66, 66, 66]}, {"date": "2024-02-23-02-00-00", "alternatives": [66, 66, 66]}, {"date": "2024-02-23-02-00-00", "alternatives": [66, 66, 66]}, {"date": "2024-02-23-02-00-00", "alternatives": [66, 66, 66]}]}, {"location": {"country_code": "us", "region": "New York", "city": "Jamestown"}, "game_id": "273195", "values": [{"date": "2024-02-24-00-00-00", "alternatives": ["14", "14", "3"]}, {"date": "2024-02-23-03-00-00", "alternatives": [54, 4, 54, 54]}, {"date": "2024-02-23-03-00-00", "alternatives": [54, 4, 54, 54]}]}, {"location": {"country_code": "us", "region": "New York"}, "game_id": "273195", "values": [{"date": "2024-02-23-05-00-00", "alternatives": ["43", "3", "43"]}, {"date": "2024-02-23-05-00-00", "alternatives": ["43", "3", "43"]}]}, {"location": {"country_code": "gb"}, "game_id": "273195", "values": [{"date": "2024-02-24-00-00-00", "alternatives": ["16", "26", "26"]}, {"date": "2024-02-23-05-00-00", "alternatives": [4, 36, 36, 36]}, {"date": "2024-02-23-05-00-00", "alternatives": [4, 36, 36, 36]}, {"date": "2024-02-23-05-00-00", "alternatives": [4, 36, 36, 36]}]}, {"location": {"country_code": "th"}, "game_id": "273195", "values": [{"date": "2024-02-23-22-00-00", "alternatives": ["36", "36", "3"]}, {"date": "2024-02-23-22-00-00", "alternatives": ["36", "36", "3"]}, {"date": "2024-02-23-22-00-00", "alternatives": ["36", "36", "3"]}, {"date": "2024-02-23-22-00-00", "alternatives": ["36", "36", "3"]}, {"date": "2024-02-23-22-00-00", "alternatives": ["36", "36", "3"]}, {"date": "2024-02-23-22-00-00", "alternatives": ["36", "36", "3"]}]}, {"location": {"country_code": "gr"}, "game_id": "273195", "values": [{"date": "2024-02-24-00-00-00", "alternatives": [54, 64, 54, 54]}, {"date": "2024-02-24-00-00-00", "alternatives": [54, 64, 54, 54]}, {"date": "2024-02-24-00-00-00", "alternatives": [54, 64, 54, 54]}, {"date": "2024-02-24-00-00-00", "alternatives": [54, 64, 54, 54]}, {"date": "2024-02-24-00-00-00", "alternatives": [54, 64, 54, 54]}, {"date": "2024-02-24-00-00-00", "alternatives": [54, 64, 54, 54]}, {"date": "2024-02-23-23-00-00", "alternatives": ["3", "3", "4"]}, {"date": "2024-02-23-23-00-00", "alternatives": ["3", "3", "4"]}, {"date": "2024-02-23-23-00-00", "alternatives": ["3", "3", "4"]}, {"date": "2024-02-23-23-00-00", "alternatives": ["3", "3", "4"]}, {"date": "2024-02-23-19-00-00", "alternatives": ["48", "48", "43"]}, {"date": "2024-02-23-19-00-00", "alternatives": ["48", "48", "43"]}, {"date": "2024-02-23-19-00-00", "alternatives": ["48", "48", "43"]}, {"date": "2024-02-23-19-00-00", "alternatives": ["48", "48", "43"]}, {"date": "2024-02-23-19-00-00", "alternatives": ["48", "48", "43"]}, {"date": "2024-02-23-19-00-00", "alternatives": ["48", "48", "43"]}, {"date": "2024-02-23-19-00-00", "alternatives": ["48", "48", "43"]}, {"date": "2024-02-23-19-00-00", "alternatives": ["48", "48", "43"]}, {"date": "2024-02-23-19-00-00", "alternatives": ["48", "48", "43"]}]}, {"location": {"country_code": "sy"}, "game_id": "273195", "values": [{"date": "2024-02-23-09-00-00", "alternatives": ["165", "16", "16"]}, {"date": "2024-02-23-09-00-00", "alternatives": ["165", "16", "16"]}, {"date": "2024-02-23-09-00-00", "alternatives": ["165", "16", "16"]}, {"date": "2024-02-23-09-00-00", "alternatives": ["165", "16", "16"]}, {"date": "2024-02-23-09-00-00", "alternatives": ["165", "16", "16"]}, {"date": "2024-02-23-09-00-00", "alternatives": ["165", "16", "16"]}, {"date": "2024-02-23-09-00-00", "alternatives": ["165", "16", "16"]}, {"date": "2024-02-23-09-00-00", "alternatives": ["165", "16", "16"]}, {"date": "2024-02-23-09-00-00", "alternatives": ["165", "16", "16"]}, {"date": "2024-02-23-09-00-00", "alternatives": ["165", "16", "16"]}, {"date": "2024-02-23-09-00-00", "alternatives": ["165", "16", "16"]}]}, {"location": {"country_code": "mx", "region": "Guanajuato"}, "game_id": "273195", "values": [{"date": "2024-02-23-08-00-00", "alternatives": [6, 6, 6]}, {"date": "2024-02-23-08-00-00", "alternatives": [6, 6, 6]}, {"date": "2024-02-23-08-00-00", "alternatives": [6, 6, 6]}]}, {"location": {"country_code": "cz"}, "game_id": "273195", "values": [{"date": "2024-02-23-12-00-00", "alternatives": ["36", "3", "36"]}, {"date": "2024-02-23-12-00-00", "alternatives": ["36", "3", "36"]}, {"date": "2024-02-23-12-00-00", "alternatives": ["36", "3", "36"]}, {"date": "2024-02-23-12-00-00", "alternatives": ["36", "3", "36"]}, {"date": "2024-02-23-12-00-00", "alternatives": ["36", "3", "36"]}, {"date": "2024-02-23-12-00-00", "alternatives": ["36", "3", "36"]}, {"date": "2024-02-23-12-00-00", "alternatives": ["36", "3", "36"]}]}, {"location": {"country_code": "it"}, "game_id": "273195", "values": [{"date": "2024-02-23-17-00-00", "alternatives": ["30", "30", "3"]}, {"date": "2024-02-23-17-00-00", "alternatives": ["30", "30", "3"]}, {"date": "2024-02-23-17-00-00", "alternatives": ["30", "30", "3"]}, {"date": "2024-02-23-17-00-00", "alternatives": ["30", "30", "3"]}, {"date": "2024-02-23-17-00-00", "alternatives": ["30", "30", "3"]}, {"date": "2024-02-23-17-00-00", "alternatives": ["30", "30", "3"]}, {"date": "2024-02-23-17-00-00", "alternatives": ["30", "30", "3"]}, {"date": "2024-02-23-17-00-00", "alternatives": ["30", "30", "3"]}]}, {"location": {"country_code": "ro"}, "game_id": "273195", "values": [{"date": "2024-02-23-19-00-00", "alternatives": ["8", "8", "38"]}, {"date": "2024-02-23-19-00-00", "alternatives": ["8", "8", "38"]}]}, {"location": {"country_code": "jp"}, "game_id": "273195", "values": [{"date": "2024-02-23-09-00-00", "alternatives": ["1", "1", "15"]}, {"date": "2024-02-23-09-00-00", "alternatives": ["1", "1", "15"]}, {"date": "2024-02-23-09-00-00", "alternatives": ["1", "1", "15"]}, {"date": "2024-02-23-09-00-00", "alternatives": ["1", "1", "15"]}, {"date": "2024-02-23-09-00-00", "alternatives": ["1", "1", "15"]}, {"date": "2024-02-23-16-00-00", "alternatives": ["89", "89", "39"]}, {"date": "2024-02-23-16-00-00", "alternatives": ["89", "89", "39"]}, {"date": "2024-02-23-16-00-00", "alternatives": ["89", "89", "39"]}, {"date": "2024-02-23-16-00-00", "alternatives": ["89", "89", "39"]}, {"date": "2024-02-23-14-00-00", "alternatives": ["71", "71", "7"]}]}, {"location": {"country_code": "br", "region": "State of Rio de Janeiro", "city": "Angra dos Reis"}, "game_id": "273195", "values": [{"date": "2024-02-23-17-00-00", "alternatives": [80, 30, 80, 3, 80]}, {"date": "2024-02-23-17-00-00", "alternatives": [80, 30, 80, 3, 80]}, {"date": "2024-02-23-17-00-00", "alternatives": [80, 30, 80, 3, 80]}, {"date": "2024-02-23-17-00-00", "alternatives": [80, 30, 80, 3, 80]}, {"date": "2024-02-23-17-00-00", "alternatives": [80, 30, 80, 3, 80]}, {"date": "2024-02-23-17-00-00", "alternatives": [80, 30, 80, 3, 80]}, {"date": "2024-02-23-17-00-00", "alternatives": [80, 30, 80, 3, 80]}, {"date": "2024-02-23-17-00-00", "alternatives": [80, 30, 80, 3, 80]}, {"date": "2024-02-23-17-00-00", "alternatives": [80, 30, 80, 3, 80]}, {"date": "2024-02-23-04-00-00", "alternatives": [1, 5, 15, 15, 15]}, {"date": "2024-02-23-04-00-00", "alternatives": [1, 5, 15, 15, 15]}, {"date": "2024-02-23-04-00-00", "alternatives": [1, 5, 15, 15, 15]}, {"date": "2024-02-23-04-00-00", "alternatives": [1, 5, 15, 15, 15]}, {"date": "2024-02-23-04-00-00", "alternatives": [1, 5, 15, 15, 15]}, {"date": "2024-02-23-04-00-00", "alternatives": [1, 5, 15, 15, 15]}, {"date": "2024-02-23-04-00-00", "alternatives": [1, 5, 15, 15, 15]}, {"date": "2024-02-23-04-00-00", "alternatives": [1, 5, 15, 15, 15]}, {"date": "2024-02-23-04-00-00", "alternatives": [1, 2, 12, 12, 12]}, {"date": "2024-02-23-04-00-00", "alternatives": [1, 2, 12, 12, 12]}]}, {"location": {"country_code": "ca"}, "game_id": "273195", "values": [{"date": "2024-02-23-11-00-00", "alternatives": [70, 0, 0, 0]}, {"date": "2024-02-23-11-00-00", "alternatives": [70, 0, 0, 0]}, {"date": "2024-02-23-11-00-00", "alternatives": [70, 0, 0, 0]}, {"date": "2024-02-23-11-00-00", "alternatives": [70, 0, 0, 0]}, {"date": "2024-02-23-11-00-00", "alternatives": [70, 0, 0, 0]}, {"date": "2024-02-23-11-00-00", "alternatives": [70, 0, 0, 0]}, {"date": "2024-02-23-07-00-00", "alternatives": [70, 0, 10, 70, 70]}, {"date": "2024-02-23-07-00-00", "alternatives": [70, 0, 10, 70, 70]}, {"date": "2024-02-23-02-00-00", "alternatives": ["67", "6716", "67"]}, {"date": "2024-02-23-02-00-00", "alternatives": ["67", "6716", "67"]}, {"date": "2024-02-23-02-00-00", "alternatives": ["67", "6716", "67"]}, {"date": "2024-02-23-09-00-00", "alternatives": [55, 25, 55, 55]}, {"date": "2024-02-23-09-00-00", "alternatives": [55, 25, 55, 55]}, {"date": "2024-02-23-09-00-00", "alternatives": [55, 25, 55, 55]}, {"date": "2024-02-23-09-00-00", "alternatives": [55, 25, 55, 55]}, {"date": "2024-02-23-09-00-00", "alternatives": [55, 25, 55, 55]}, {"date": "2024-02-23-09-00-00", "alternatives": [55, 25, 55, 55]}, {"date": "2024-02-23-09-00-00", "alternatives": [55, 25, 55, 55]}, {"date": "2024-02-23-09-00-00", "alternatives": [55, 25, 55, 55]}]}, {"location": {"country_code": "ca", "region": "Ontario"}, "game_id": "273195", "values": [{"date": "2024-02-23-02-00-00", "alternatives": ["30", "30", "0"]}]}, {"location": {"country_code": "ca", "region": "Quebec", "city": "Montreal"}, "game_id": "273195", "values": [{"date": "2024-02-23-01-00-00", "alternatives": ["60", "6", "60"]}, {"date": "2024-02-23-03-00-00", "alternatives": ["37", "37", "3"]}, {"date": "2024-02-23-03-00-00", "alternatives": ["37", "37", "3"]}, {"date": "2024-02-23-03-00-00", "alternatives": ["37", "37", "3"]}, {"date": "2024-02-23-03-00-00", "alternatives": ["37", "37", "3"]}, {"date": "2024-02-23-03-00-00", "alternatives": ["37", "37", "3"]}]}, {"location": {"country_code": "ch"}, "game_id": "273195", "values": [{"date": "2024-02-23-23-00-00", "alternatives": ["47", "47", "3"]}]}, {"location": {"country_code": "de"}, "game_id": "273195", "values": [{"date": "2024-02-23-18-00-00", "alternatives": ["3", "53", "3"]}, {"date": "2024-02-23-18-00-00", "alternatives": ["3", "53", "3"]}, {"date": "2024-02-23-01-00-00", "alternatives": ["3", "13", "13"]}, {"date": "2024-02-23-01-00-00", "alternatives": [1, 159, 154, 154, 154]}, {"date": "2024-02-23-01-00-00", "alternatives": [1, 159, 154, 154, 154]}, {"date": "2024-02-23-01-00-00", "alternatives": [1, 159, 154, 154, 154]}, {"date": "2024-02-23-01-00-00", "alternatives": [1, 159, 154, 154, 154]}, {"date": "2024-02-23-01-00-00", "alternatives": [1, 159, 154, 154, 154]}, {"date": "2024-02-23-01-00-00", "alternatives": [1, 159, 154, 154, 154]}, {"date": "2024-02-23-01-00-00", "alternatives": [1, 159, 154, 154, 154]}, {"date": "2024-02-23-01-00-00", "alternatives": [1, 159, 154, 154, 154]}, {"date": "2024-02-23-01-00-00", "alternatives": [1, 159, 154, 154, 154]}, {"date": "2024-02-23-01-00-00", "alternatives": [1, 159, 154, 154, 154]}, {"date": "2024-02-23-01-00-00", "alternatives": [1, 159, 154, 154, 154]}, {"date": "2024-02-23-18-00-00", "alternatives": [9, 9, 9]}, {"date": "2024-02-23-18-00-00", "alternatives": [9, 9, 9]}, {"date": "2024-02-23-18-00-00", "alternatives": [9, 9, 9]}, {"date": "2024-02-23-18-00-00", "alternatives": [9, 9, 9]}, {"date": "2024-02-23-18-00-00", "alternatives": [9, 9, 9]}, {"date": "2024-02-23-18-00-00", "alternatives": [9, 9, 9]}, {"date": "2024-02-23-18-00-00", "alternatives": [9, 9, 9]}, {"date": "2024-02-23-18-00-00", "alternatives": [9, 9, 9]}, {"date": "2024-02-23-18-00-00", "alternatives": [9, 9, 9]}, {"date": "2024-02-23-23-00-00", "alternatives": ["2", "25", "25"]}, {"date": "2024-02-23-23-00-00", "alternatives": ["2", "21", "2"]}, {"date": "2024-02-23-23-00-00", "alternatives": ["2", "21", "2"]}, {"date": "2024-02-23-23-00-00", "alternatives": ["2", "21", "2"]}]}, {"location": {"country_code": "de", "region": "Baden-Wurttemberg", "city": "Hechingen"}, "game_id": "273195", "values": [{"date": "2024-02-23-16-00-00", "alternatives": [14, 149, 148, 149, 149]}, {"date": "2024-02-23-16-00-00", "alternatives": [14, 149, 148, 149, 149]}, {"date": "2024-02-23-16-00-00", "alternatives": [14, 149, 148, 149, 149]}, {"date": "2024-02-23-16-00-00", "alternatives": [14, 149, 148, 149, 149]}, {"date": "2024-02-23-16-00-00", "alternatives": [14, 149, 148, 149, 149]}, {"date": "2024-02-23-16-00-00", "alternatives": [14, 149, 148, 149, 149]}, {"date": "2024-02-23-16-00-00", "alternatives": [14, 149, 148, 149, 149]}, {"date": "2024-02-23-16-00-00", "alternatives": [14, 149, 148, 149, 149]}, {"date": "2024-02-23-16-00-00", "alternatives": [14, 149, 148, 149, 149]}, {"date": "2024-02-23-16-00-00", "alternatives": [14, 149, 148, 149, 149]}]}, {"location": {"country_code": "tw"}, "game_id": "273195", "values": [{"date": "2024-02-23-18-00-00", "alternatives": ["49", "9", "49"]}, {"date": "2024-02-23-18-00-00", "alternatives": ["49", "9", "49"]}, {"date": "2024-02-23-18-00-00", "alternatives": ["49", "9", "49"]}, {"date": "2024-02-23-18-00-00", "alternatives": ["49", "9", "49"]}, {"date": "2024-02-23-18-00-00", "alternatives": ["49", "9", "49"]}]}, {"location": {"country_code": "gb", "region": "England"}, "game_id": "273195", "values": [{"date": "2024-02-23-15-00-00", "alternatives": ["38", "38", "3"]}]}, {"location": {"country_code": "gb", "region": "Scotland"}, "game_id": "273195", "values": [{"date": "2024-02-23-13-00-00", "alternatives": [40, 4, 44, 40, 40]}, {"date": "2024-02-23-13-00-00", "alternatives": [40, 4, 44, 40, 40]}, {"date": "2024-02-23-13-00-00", "alternatives": [40, 4, 44, 40, 40]}, {"date": "2024-02-23-13-00-00", "alternatives": [40, 4, 44, 40, 40]}, {"date": "2024-02-23-13-00-00", "alternatives": [40, 4, 44, 40, 40]}, {"date": "2024-02-23-13-00-00", "alternatives": [40, 4, 44, 40, 40]}, {"date": "2024-02-23-13-00-00", "alternatives": [40, 4, 44, 40, 40]}, {"date": "2024-02-23-13-00-00", "alternatives": [40, 4, 44, 40, 40]}, {"date": "2024-02-23-13-00-00", "alternatives": [40, 4, 44, 40, 40]}, {"date": "2024-02-23-13-00-00", "alternatives": [40, 4, 44, 40, 40]}]}, {"location": {"country_code": "cl"}, "game_id": "273195", "values": [{"date": "2024-02-23-04-00-00", "alternatives": ["71", "7", "7"]}, {"date": "2024-02-23-04-00-00", "alternatives": ["71", "7", "7"]}, {"date": "2024-02-23-04-00-00", "alternatives": ["71", "7", "7"]}]}, {"location": {"country_code": "us", "region": "Texas"}, "game_id": "273195", "values": [{"date": "2024-02-24-00-00-00", "alternatives": ["3", "3", "4"]}, {"date": "2024-02-23-02-00-00", "alternatives": ["39", "39", "30"]}, {"date": "2024-02-23-02-00-00", "alternatives": ["39", "39", "30"]}, {"date": "2024-02-23-19-00-00", "alternatives": ["34", "34", "4"]}, {"date": "2024-02-23-19-00-00", "alternatives": ["34", "34", "4"]}, {"date": "2024-02-23-01-00-00", "alternatives": ["3", "38", "38"]}]}, {"location": {"country_code": "us", "region": "Texas", "city": "Irving"}, "game_id": "273195", "values": [{"date": "2024-02-23-07-00-00", "alternatives": [3, 35008, 35, 35, 35]}, {"date": "2024-02-23-07-00-00", "alternatives": [3, 35008, 35, 35, 35]}, {"date": "2024-02-23-07-00-00", "alternatives": [3, 35008, 35, 35, 35]}, {"date": "2024-02-23-07-00-00", "alternatives": [3, 35008, 35, 35, 35]}, {"date": "2024-02-23-07-00-00", "alternatives": [3, 35008, 35, 35, 35]}, {"date": "2024-02-23-07-00-00", "alternatives": [3, 35008, 35, 35, 35]}, {"date": "2024-02-23-07-00-00", "alternatives": [3, 35008, 35, 35, 35]}, {"date": "2024-02-23-07-00-00", "alternatives": [3, 35008, 35, 35, 35]}, {"date": "2024-02-23-07-00-00", "alternatives": [3, 35008, 35, 35, 35]}, {"date": "2024-02-23-07-00-00", "alternatives": [3, 35008, 35, 35, 35]}, {"date": "2024-02-23-07-00-00", "alternatives": [3, 35008, 35, 35, 35]}, {"date": "2024-02-23-07-00-00", "alternatives": [3, 35008, 35, 35, 35]}, {"date": "2024-02-23-07-00-00", "alternatives": [3, 35008, 35, 35, 35]}, {"date": "2024-02-23-07-00-00", "alternatives": [3, 35008, 35, 35, 35]}, {"date": "2024-02-23-07-00-00", "alternatives": [3, 35008, 35, 35, 35]}, {"date": "2024-02-23-07-00-00", "alternatives": [3, 35008, 35, 35, 35]}, {"date": "2024-02-23-07-00-00", "alternatives": [3, 35008, 35, 35, 35]}, {"date": "2024-02-23-20-00-00", "alternatives": ["7", "7", "27"]}, {"date": "2024-02-23-20-00-00", "alternatives": ["7", "7", "27"]}]}, {"location": {"country_code": "ph"}, "game_id": "273195", "values": [{"date": "2024-02-23-09-00-00", "alternatives": [32, 3201, 3, 32, 32]}, {"date": "2024-02-23-09-00-00", "alternatives": [32, 3201, 3, 32, 32]}, {"date": "2024-02-23-09-00-00", "alternatives": [32, 3201, 3, 32, 32]}, {"date": "2024-02-23-09-00-00", "alternatives": [32, 3201, 3, 32, 32]}, {"date": "2024-02-23-21-00-00", "alternatives": ["3", "3", "35"]}, {"date": "2024-02-23-21-00-00", "alternatives": ["3", "3", "35"]}, {"date": "2024-02-23-21-00-00", "alternatives": ["3", "3", "35"]}, {"date": "2024-02-23-21-00-00", "alternatives": ["3", "3", "35"]}, {"date": "2024-02-23-21-00-00", "alternatives": ["3", "3", "35"]}, {"date": "2024-02-23-21-00-00", "alternatives": ["3", "3", "35"]}, {"date": "2024-02-23-21-00-00", "alternatives": ["3", "3", "35"]}]}, {"location": {"country_code": "us", "region": "Michigan"}, "game_id": "273195", "values": [{"date": "2024-02-23-12-00-00", "alternatives": [321, 320, 32, 32, 32]}, {"date": "2024-02-23-12-00-00", "alternatives": [321, 320, 32, 32, 32]}, {"date": "2024-02-23-12-00-00", "alternatives": [321, 320, 32, 32, 32]}, {"date": "2024-02-23-12-00-00", "alternatives": [321, 320, 32, 32, 32]}, {"date": "2024-02-23-12-00-00", "alternatives": [321, 320, 32, 32, 32]}, {"date": "2024-02-23-12-00-00", "alternatives": [321, 320, 32, 32, 32]}, {"date": "2024-02-23-12-00-00", "alternatives": [321, 320, 32, 32, 32]}]}, {"location": {"country_code": "fr"}, "game_id": "273195", "values": [{"date": "2024-02-23-15-00-00", "alternatives": [16, 1, 16, 16]}, {"date": "2024-02-23-15-00-00", "alternatives": [16, 1, 16, 16]}, {"date": "2024-02-23-14-00-00", "alternatives": ["37", "37", "3"]}, {"date": "2024-02-23-14-00-00", "alternatives": ["37", "37", "3"]}, {"date": "2024-02-23-14-00-00", "alternatives": ["37", "37", "3"]}, {"date": "2024-02-23-23-00-00", "alternatives": ["14", "4", "14"]}, {"date": "2024-02-23-23-00-00", "alternatives": ["14", "4", "14"]}, {"date": "2024-02-23-23-00-00", "alternatives": ["14", "4", "14"]}]}, {"location": {"country_code": "us", "region": "New Jersey"}, "game_id": "273195", "values": [{"date": "2024-02-23-21-00-00", "alternatives": [13, 3, 43, 43, 43]}, {"date": "2024-02-23-21-00-00", "alternatives": [13, 3, 43, 43, 43]}, {"date": "2024-02-23-21-00-00", "alternatives": [13, 3, 43, 43, 43]}, {"date": "2024-02-23-21-00-00", "alternatives": [13, 3, 43, 43, 43]}, {"date": "2024-02-23-21-00-00", "alternatives": [13, 3, 43, 43, 43]}]}, {"location": {"country_code": "mx"}, "game_id": "273195", "values": [{"date": "2024-02-23-05-00-00", "alternatives": ["63", "63", "3"]}, {"date": "2024-02-23-05-00-00", "alternatives": ["63", "63", "3"]}]}, {"location": {"country_code": "in"}, "game_id": "273195", "values": [{"date": "2024-02-23-20-00-00", "alternatives": ["38", "138", "138"]}, {"date": "2024-02-23-20-00-00", "alternatives": ["38", "138", "138"]}]}, {"location": {"country_code": "us", "region": "California"}, "game_id": "273195", "values": [{"date": "2024-02-23-10-00-00", "alternatives": [132, 137, 13, 137, 137]}, {"date": "2024-02-23-10-00-00", "alternatives": [132, 137, 13, 137, 137]}, {"date": "2024-02-23-10-00-00", "alternatives": [132, 137, 13, 137, 137]}, {"date": "2024-02-23-06-00-00", "alternatives": ["56", "5", "56"]}, {"date": "2024-02-23-06-00-00", "alternatives": ["56", "5", "56"]}, {"date": "2024-02-23-06-00-00", "alternatives": ["56", "5", "56"]}, {"date": "2024-02-23-06-00-00", "alternatives": ["56", "5", "56"]}, {"date": "2024-02-23-06-00-00", "alternatives": ["56", "5", "56"]}]}, {"location": {"country_code": "br"}, "game_id": "273195", "values": [{"date": "2024-02-24-00-00-00", "alternatives": ["13", "3", "13"]}, {"date": "2024-02-24-00-00-00", "alternatives": ["13", "3", "13"]}, {"date": "2024-02-23-03-00-00", "alternatives": ["52", "52", "02"]}, {"date": "2024-02-23-02-00-00", "alternatives": ["8", "18", "18"]}, {"date": "2024-02-23-02-00-00", "alternatives": ["8", "18", "18"]}, {"date": "2024-02-23-02-00-00", "alternatives": ["8", "18", "18"]}, {"date": "2024-02-23-03-00-00", "alternatives": [5201, 52019, 52, 52, 52]}, {"date": "2024-02-23-03-00-00", "alternatives": [5201, 52019, 52, 52, 52]}, {"date": "2024-02-23-03-00-00", "alternatives": [5201, 52019, 52, 52, 52]}, {"date": "2024-02-23-03-00-00", "alternatives": [5201, 52019, 52, 52, 52]}, {"date": "2024-02-23-03-00-00", "alternatives": [5201, 52019, 52, 52, 52]}, {"date": "2024-02-23-03-00-00", "alternatives": [5201, 52019, 52, 52, 52]}, {"date": "2024-02-23-03-00-00", "alternatives": [5201, 52019, 52, 52, 52]}, {"date": "2024-02-23-03-00-00", "alternatives": [5201, 52019, 52, 52, 52]}]}, {"location": {"country_code": "br", "region": "Sao Paulo", "city": "Apiai"}, "game_id": "273195", "values": [{"date": "2024-02-23-02-00-00", "alternatives": ["8", "8", "838"]}, {"date": "2024-02-23-03-00-00", "alternatives": ["16", "6", "16"]}, {"date": "2024-02-23-03-00-00", "alternatives": ["16", "6", "16"]}, {"date": "2024-02-23-01-00-00", "alternatives": [15, 1, 15, 15]}, {"date": "2024-02-23-01-00-00", "alternatives": [15, 1, 15, 15]}, {"date": "2024-02-23-01-00-00", "alternatives": [15, 1, 15, 15]}, {"date": "2024-02-23-01-00-00", "alternatives": [15, 1, 15, 15]}, {"date": "2024-02-23-19-00-00", "alternatives": [6, 6, 6]}, {"date": "2024-02-23-19-00-00", "alternatives": [6, 6, 6]}, {"date": "2024-02-23-19-00-00", "alternatives": [6, 6, 6]}]}, {"location": {"country_code": "se"}, "game_id": "273195", "values": [{"date": "2024-02-23-23-00-00", "alternatives": ["2865", "28", "28"]}, {"date": "2024-02-23-23-00-00", "alternatives": ["2865", "28", "28"]}, {"date": "2024-02-23-23-00-00", "alternatives": ["2865", "28", "28"]}, {"date": "2024-02-23-23-00-00", "alternatives": ["2865", "28", "28"]}, {"date": "2024-02-23-23-00-00", "alternatives": ["2865", "28", "28"]}, {"date": "2024-02-23-23-00-00", "alternatives": ["2865", "28", "28"]}, {"date": "2024-02-23-23-00-00", "alternatives": ["2865", "28", "28"]}, {"date": "2024-02-23-22-00-00", "alternatives": ["103", "1030", "103"]}, {"date": "2024-02-23-22-00-00", "alternatives": ["103", "1030", "103"]}, {"date": "2024-02-23-22-00-00", "alternatives": ["103", "1030", "103"]}, {"date": "2024-02-23-22-00-00", "alternatives": ["103", "1030", "103"]}, {"date": "2024-02-23-15-00-00", "alternatives": ["36", "36", "3"]}, {"date": "2024-02-23-15-00-00", "alternatives": ["36", "36", "3"]}, {"date": "2024-02-23-15-00-00", "alternatives": ["36", "36", "3"]}, {"date": "2024-02-23-15-00-00", "alternatives": ["36", "36", "3"]}, {"date": "2024-02-23-15-00-00", "alternatives": ["36", "36", "3"]}, {"date": "2024-02-23-15-00-00", "alternatives": ["36", "36", "3"]}, {"date": "2024-02-23-15-00-00", "alternatives": ["36", "36", "3"]}, {"date": "2024-02-23-15-00-00", "alternatives": ["36", "36", "3"]}, {"date": "2024-02-23-15-00-00", "alternatives": ["36", "36", "3"]}, {"date": "2024-02-23-15-00-00", "alternatives": ["36", "36", "3"]}, {"date": "2024-02-23-15-00-00", "alternatives": ["36", "36", "3"]}, {"date": "2024-02-23-21-00-00", "alternatives": ["21", "21", "71"]}, {"date": "2024-02-23-21-00-00", "alternatives": ["21", "21", "71"]}, {"date": "2024-02-23-21-00-00", "alternatives": ["21", "21", "71"]}]}, {"location": {"country_code": "se", "region": "Halland County"}, "game_id": "273195", "values": [{"date": "2024-02-24-01-00-00", "alternatives": ["1180", "18", "18"]}, {"date": "2024-02-24-01-00-00", "alternatives": ["1180", "18", "18"]}, {"date": "2024-02-24-01-00-00", "alternatives": ["1180", "18", "18"]}]}, {"location": {"country_code": "us", "region": "Ohio", "city": "Cincinnati"}, "game_id": "273195", "values": [{"date": "2024-02-23-04-00-00", "alternatives": ["56", "56", "6"]}]}, {"location": {"country_code": "au"}, "game_id": "273195", "values": [{"date": "2024-02-23-10-00-00", "alternatives": [97, 57, 57, 57]}, {"date": "2024-02-23-10-00-00", "alternatives": [97, 57, 57, 57]}, {"date": "2024-02-23-10-00-00", "alternatives": [97, 57, 57, 57]}, {"date": "2024-02-23-10-00-00", "alternatives": [97, 57, 57, 57]}, {"date": "2024-02-23-10-00-00", "alternatives": [97, 57, 57, 57]}, {"date": "2024-02-23-10-00-00", "alternatives": [97, 57, 57, 57]}, {"date": "2024-02-23-10-00-00", "alternatives": [97, 57, 57, 57]}, {"date": "2024-02-23-10-00-00", "alternatives": [97, 57, 57, 57]}, {"date": "2024-02-23-10-00-00", "alternatives": [97, 57, 57, 57]}, {"date": "2024-02-23-10-00-00", "alternatives": [97, 57, 57, 57]}, {"date": "2024-02-23-10-00-00", "alternatives": [97, 57, 57, 57]}, {"date": "2024-02-23-10-00-00", "alternatives": [97, 57, 57, 57]}, {"date": "2024-02-23-10-00-00", "alternatives": [97, 57, 57, 57]}, {"date": "2024-02-23-10-00-00", "alternatives": [97, 57, 57, 57]}, {"date": "2024-02-23-10-00-00", "alternatives": [97, 57, 57, 57]}, {"date": "2024-02-23-11-00-00", "alternatives": [2, 24, 240, 24, 24]}, {"date": "2024-02-23-11-00-00", "alternatives": [2, 24, 240, 24, 24]}, {"date": "2024-02-23-11-00-00", "alternatives": [2, 24, 240, 24, 24]}, {"date": "2024-02-23-11-00-00", "alternatives": [2, 24, 240, 24, 24]}, {"date": "2024-02-23-11-00-00", "alternatives": [2, 24, 240, 24, 24]}, {"date": "2024-02-23-11-00-00", "alternatives": [2, 24, 240, 24, 24]}, {"date": "2024-02-23-11-00-00", "alternatives": [2, 24, 240, 24, 24]}, {"date": "2024-02-23-11-00-00", "alternatives": [2, 24, 240, 24, 24]}, {"date": "2024-02-23-11-00-00", "alternatives": [2, 24, 240, 24, 24]}, {"date": "2024-02-23-11-00-00", "alternatives": [2, 24, 240, 24, 24]}, {"date": "2024-02-23-11-00-00", "alternatives": [2, 24, 240, 24, 24]}, {"date": "2024-02-23-11-00-00", "alternatives": [2, 24, 240, 24, 24]}, {"date": "2024-02-23-14-00-00", "alternatives": ["70", "17", "17"]}]}, {"location": {"country_code": "us", "region": "Texas", "city": "Austin"}, "game_id": "273195", "values": [{"date": "2024-02-23-21-00-00", "alternatives": [2, 24, 24, 24]}, {"date": "2024-02-23-21-00-00", "alternatives": [2, 24, 24, 24]}, {"date": "2024-02-23-21-00-00", "alternatives": [2, 24, 24, 24]}, {"date": "2024-02-23-21-00-00", "alternatives": [2, 24, 24, 24]}, {"date": "2024-02-23-21-00-00", "alternatives": [2, 24, 24, 24]}]}, {"location": {"country_code": "tr"}, "game_id": "273195", "values": [{"date": "2024-02-23-09-00-00", "alternatives": ["41", "4", "41"]}, {"date": "2024-02-23-09-00-00", "alternatives": ["41", "4", "41"]}, {"date": "2024-02-23-09-00-00", "alternatives": ["41", "4", "41"]}, {"date": "2024-02-23-18-00-00", "alternatives": ["22", "22", "220"]}, {"date": "2024-02-23-18-00-00", "alternatives": ["22", "22", "220"]}]}, {"location": {"country_code": "kr"}, "game_id": "273195", "values": [{"date": "2024-02-23-16-00-00", "alternatives": [0, 10, 10, 10]}, {"date": "2024-02-23-16-00-00", "alternatives": [0, 10, 10, 10]}, {"date": "2024-02-23-16-00-00", "alternatives": [0, 10, 10, 10]}]}, {"location": {"country_code": "us", "region": "California", "city": "San Francisco"}, "game_id": "273195", "values": [{"date": "2024-02-23-09-00-00", "alternatives": [2, 42, 2, 2]}, {"date": "2024-02-23-09-00-00", "alternatives": [2, 42, 2, 2]}, {"date": "2024-02-23-09-00-00", "alternatives": [2, 42, 2, 2]}, {"date": "2024-02-23-09-00-00", "alternatives": [2, 42, 2, 2]}, {"date": "2024-02-23-09-00-00", "alternatives": [2, 42, 2, 2]}, {"date": "2024-02-23-09-00-00", "alternatives": [2, 42, 2, 2]}, {"date": "2024-02-23-09-00-00", "alternatives": [2, 42, 2, 2]}, {"date": "2024-02-23-09-00-00", "alternatives": [2, 42, 2, 2]}, {"date": "2024-02-23-09-00-00", "alternatives": [2, 42, 2, 2]}, {"date": "2024-02-23-09-00-00", "alternatives": [2, 42, 2, 2]}, {"date": "2024-02-23-09-00-00", "alternatives": [2, 42, 2, 2]}]}, {"location": {"country_code": "es"}, "game_id": "273195", "values": [{"date": "2024-02-23-19-00-00", "alternatives": [191, 19, 19, 19]}, {"date": "2024-02-23-19-00-00", "alternatives": [191, 19, 19, 19]}, {"date": "2024-02-23-19-00-00", "alternatives": [191, 19, 19, 19]}, {"date": "2024-02-23-19-00-00", "alternatives": [191, 19, 19, 19]}, {"date": "2024-02-23-19-00-00", "alternatives": [191, 19, 19, 19]}, {"date": "2024-02-23-19-00-00", "alternatives": [191, 19, 19, 19]}, {"date": "2024-02-23-08-00-00", "alternatives": ["3", "130", "130"]}]}, {"location": {"country_code": "sa"}, "game_id": "273195", "values": [{"date": "2024-02-23-16-00-00", "alternatives": [192, 92, 52, 92, 92]}, {"date": "2024-02-23-16-00-00", "alternatives": [192, 92, 52, 92, 92]}, {"date": "2024-02-23-16-00-00", "alternatives": [192, 92, 52, 92, 92]}, {"date": "2024-02-23-16-00-00", "alternatives": [192, 92, 52, 92, 92]}, {"date": "2024-02-23-16-00-00", "alternatives": [192, 92, 52, 92, 92]}]}, {"location": {"country_code": "ar"}, "game_id": "273195", "values": [{"date": "2024-02-24-00-00-00", "alternatives": ["5", "50", "50"]}, {"date": "2024-02-23-05-00-00", "alternatives": [36, 3, 36, 36]}, {"date": "2024-02-23-05-00-00", "alternatives": [36, 3, 36, 36]}, {"date": "2024-02-23-06-00-00", "alternatives": ["4", "4", "41"]}, {"date": "2024-02-23-06-00-00", "alternatives": ["4", "4", "41"]}, {"date": "2024-02-23-06-00-00", "alternatives": ["4", "4", "41"]}]}, {"location": {"country_code": "by", "region": "Minsk"}, "game_id": "273195", "values": [{"date": "2024-02-23-22-00-00", "alternatives": ["3", "3", "31"]}, {"date": "2024-02-23-22-00-00", "alternatives": ["3", "3", "31"]}, {"date": "2024-02-23-22-00-00", "alternatives": ["3", "3", "31"]}, {"date": "2024-02-23-22-00-00", "alternatives": ["3", "3", "31"]}, {"date": "2024-02-23-22-00-00", "alternatives": ["3", "3", "31"]}, {"date": "2024-02-23-22-00-00", "alternatives": ["3", "3", "31"]}, {"date": "2024-02-23-22-00-00", "alternatives": ["3", "3", "31"]}, {"date": "2024-02-23-22-00-00", "alternatives": ["3", "3", "31"]}, {"date": "2024-02-23-22-00-00", "alternatives": ["3", "3", "31"]}, {"date": "2024-02-23-22-00-00", "alternatives": ["3", "3", "31"]}, {"date": "2024-02-23-22-00-00", "alternatives": ["3", "3", "31"]}, {"date": "2024-02-23-22-00-00", "alternatives": ["3", "3", "31"]}]}, {"location": {"country_code": "jm"}, "game_id": "273195", "values": [{"date": "2024-02-23-16-00-00", "alternatives": [64, 64, 64]}, {"date": "2024-02-23-16-00-00", "alternatives": [64, 64, 64]}, {"date": "2024-02-23-16-00-00", "alternatives": [64, 64, 64]}, {"date": "2024-02-23-16-00-00", "alternatives": [64, 64, 64]}, {"date": "2024-02-23-16-00-00", "alternatives": [64, 64, 64]}, {"date": "2024-02-23-16-00-00", "alternatives": [64, 64, 64]}, {"date": "2024-02-23-16-00-00", "alternatives": [64, 64, 64]}]}, {"location": {"country_code": "fi"}, "game_id": "273195", "values": [{"date": "2024-02-23-15-00-00", "alternatives": ["34", "34", "3"]}, {"date": "2024-02-23-15-00-00", "alternatives": ["34", "34", "3"]}, {"date": "2024-02-23-15-00-00", "alternatives": ["34", "34", "3"]}]}, {"location": {"country_code": "de", "region": "Free and Hanseatic City of Hamburg", "city": "Hamburg"}, "game_id": "273195", "values": [{"date": "2024-02-23-20-00-00", "alternatives": ["26", "2609", "26"]}]}, {"location": {"country_code": "ru", "region": "Moscow", "city": "Zelenograd"}, "game_id": "273195", "values": [{"date": "2024-02-23-22-00-00", "alternatives": [12, 2, 13, 13, 13]}, {"date": "2024-02-23-22-00-00", "alternatives": [12, 2, 13, 13, 13]}, {"date": "2024-02-23-22-00-00", "alternatives": [12, 2, 13, 13, 13]}, {"date": "2024-02-23-01-00-00", "alternatives": ["38", "8", "38"]}]}, {"location": {"country_code": "ru"}, "game_id": "273195", "values": [{"date": "2024-02-23-21-00-00", "alternatives": ["4", "40", "40"]}, {"date": "2024-02-23-21-00-00", "alternatives": ["4", "40", "40"]}, {"date": "2024-02-23-21-00-00", "alternatives": ["4", "40", "40"]}, {"date": "2024-02-23-21-00-00", "alternatives": ["4", "40", "40"]}, {"date": "2024-02-23-21-00-00", "alternatives": ["4", "40", "40"]}, {"date": "2024-02-23-21-00-00", "alternatives": ["4", "40", "40"]}, {"date": "2024-02-23-12-00-00", "alternatives": [47, 67, 7, 7, 7]}, {"date": "2024-02-23-12-00-00", "alternatives": [47, 67, 7, 7, 7]}, {"date": "2024-02-23-12-00-00", "alternatives": [47, 67, 7, 7, 7]}, {"date": "2024-02-23-12-00-00", "alternatives": [47, 67, 7, 7, 7]}, {"date": "2024-02-23-12-00-00", "alternatives": [47, 67, 7, 7, 7]}, {"date": "2024-02-23-12-00-00", "alternatives": [47, 67, 7, 7, 7]}, {"date": "2024-02-23-12-00-00", "alternatives": [47, 67, 7, 7, 7]}, {"date": "2024-02-23-12-00-00", "alternatives": [47, 67, 7, 7, 7]}, {"date": "2024-02-23-12-00-00", "alternatives": [47, 67, 7, 7, 7]}, {"date": "2024-02-23-12-00-00", "alternatives": [47, 67, 7, 7, 7]}, {"date": "2024-02-23-12-00-00", "alternatives": [47, 67, 7, 7, 7]}, {"date": "2024-02-23-12-00-00", "alternatives": [47, 67, 7, 7, 7]}, {"date": "2024-02-23-12-00-00", "alternatives": [47, 67, 7, 7, 7]}, {"date": "2024-02-23-12-00-00", "alternatives": [47, 67, 7, 7, 7]}, {"date": "2024-02-23-12-00-00", "alternatives": [47, 67, 7, 7, 7]}, {"date": "2024-02-24-00-00-00", "alternatives": ["1", "8", "1"]}, {"date": "2024-02-24-00-00-00", "alternatives": ["1", "8", "1"]}, {"date": "2024-02-23-21-00-00", "alternatives": ["37", "32", "37"]}, {"date": "2024-02-23-21-00-00", "alternatives": ["37", "32", "37"]}, {"date": "2024-02-23-21-00-00", "alternatives": ["37", "32", "37"]}, {"date": "2024-02-23-21-00-00", "alternatives": ["37", "32", "37"]}, {"date": "2024-02-23-21-00-00", "alternatives": ["37", "32", "37"]}, {"date": "2024-02-23-21-00-00", "alternatives": ["37", "32", "37"]}]}, {"location": {"country_code": "us", "region": "Ohio", "city": "Cleveland"}, "game_id": "273195", "values": [{"date": "2024-02-23-09-00-00", "alternatives": ["46", "4", "4"]}, {"date": "2024-02-23-09-00-00", "alternatives": ["46", "4", "4"]}, {"date": "2024-02-23-09-00-00", "alternatives": ["46", "4", "4"]}]}, {"location": {"country_code": "us", "region": "Texas", "city": "Houston"}, "game_id": "273195", "values": [{"date": "2024-02-23-07-00-00", "alternatives": ["19", "1", "19"]}, {"date": "2024-02-23-07-00-00", "alternatives": ["19", "1", "19"]}, {"date": "2024-02-23-07-00-00", "alternatives": ["19", "1", "19"]}, {"date": "2024-02-23-07-00-00", "alternatives": ["19", "1", "19"]}, {"date": "2024-02-23-07-00-00", "alternatives": ["19", "1", "19"]}, {"date": "2024-02-23-07-00-00", "alternatives": ["19", "1", "19"]}, {"date": "2024-02-23-07-00-00", "alternatives": ["19", "1", "19"]}, {"date": "2024-02-23-07-00-00", "alternatives": ["19", "1", "19"]}]}, {"location": {"country_code": "us", "region": "Illinois", "city": "Chicago"}, "game_id": "273195", "values": [{"date": "2024-02-23-04-00-00", "alternatives": ["33", "30", "33"]}]}, {"location": {"country_code": "us", "region": "Pennsylvania", "city": "Pittsburgh"}, "game_id": "273195", "values": [{"date": "2024-02-23-04-00-00", "alternatives": ["3", "3", "35"]}]}, {"location": {"country_code": "at"}, "game_id": "273195", "values": [{"date": "2024-02-23-13-00-00", "alternatives": [2, 25, 25, 5, 25]}, {"date": "2024-02-23-13-00-00", "alternatives": [2, 25, 25, 5, 25]}, {"date": "2024-02-23-13-00-00", "alternatives": [2, 25, 25, 5, 25]}, {"date": "2024-02-23-13-00-00", "alternatives": [2, 25, 25, 5, 25]}, {"date": "2024-02-23-13-00-00", "alternatives": [2, 25, 25, 5, 25]}, {"date": "2024-02-23-13-00-00", "alternatives": [2, 25, 25, 5, 25]}, {"date": "2024-02-23-13-00-00", "alternatives": [2, 25, 25, 5, 25]}, {"date": "2024-02-23-13-00-00", "alternatives": [2, 25, 25, 5, 25]}, {"date": "2024-02-23-13-00-00", "alternatives": [2, 25, 25, 5, 25]}, {"date": "2024-02-23-13-00-00", "alternatives": [2, 25, 25, 5, 25]}, {"date": "2024-02-23-13-00-00", "alternatives": [2, 25, 25, 5, 25]}, {"date": "2024-02-23-13-00-00", "alternatives": [2, 25, 25, 5, 25]}, {"date": "2024-02-23-13-00-00", "alternatives": [2, 25, 25, 5, 25]}, {"date": "2024-02-23-13-00-00", "alternatives": [2, 25, 25, 5, 25]}, {"date": "2024-02-23-13-00-00", "alternatives": [2, 25, 25, 5, 25]}, {"date": "2024-02-23-13-00-00", "alternatives": [2, 25, 25, 5, 25]}, {"date": "2024-02-23-13-00-00", "alternatives": [2, 25, 25, 5, 25]}, {"date": "2024-02-23-13-00-00", "alternatives": [2, 25, 25, 5, 25]}, {"date": "2024-02-23-13-00-00", "alternatives": [2, 25, 25, 5, 25]}, {"date": "2024-02-23-13-00-00", "alternatives": [2, 25, 25, 5, 25]}, {"date": "2024-02-23-13-00-00", "alternatives": [2, 25, 25, 5, 25]}, {"date": "2024-02-23-13-00-00", "alternatives": [2, 25, 25, 5, 25]}, {"date": "2024-02-23-13-00-00", "alternatives": [2, 25, 25, 5, 25]}, {"date": "2024-02-23-13-00-00", "alternatives": [2, 25, 25, 5, 25]}, {"date": "2024-02-23-23-00-00", "alternatives": [19, 9, 19, 19]}, {"date": "2024-02-23-23-00-00", "alternatives": [19, 9, 19, 19]}, {"date": "2024-02-23-23-00-00", "alternatives": [19, 9, 19, 19]}, {"date": "2024-02-23-23-00-00", "alternatives": [19, 9, 19, 19]}, {"date": "2024-02-23-23-00-00", "alternatives": [19, 9, 19, 19]}, {"date": "2024-02-23-23-00-00", "alternatives": [19, 9, 19, 19]}, {"date": "2024-02-23-23-00-00", "alternatives": [19, 9, 19, 19]}, {"date": "2024-02-23-23-00-00", "alternatives": [19, 9, 19, 19]}, {"date": "2024-02-23-23-00-00", "alternatives": [19, 9, 19, 19]}, {"date": "2024-02-23-23-00-00", "alternatives": [19, 9, 19, 19]}, {"date": "2024-02-23-23-00-00", "alternatives": [19, 9, 19, 19]}, {"date": "2024-02-23-23-00-00", "alternatives": [19, 9, 19, 19]}, {"date": "2024-02-23-23-00-00", "alternatives": [19, 9, 19, 19]}, {"date": "2024-02-23-23-00-00", "alternatives": [19, 9, 19, 19]}, {"date": "2024-02-23-23-00-00", "alternatives": [19, 9, 19, 19]}, {"date": "2024-02-23-23-00-00", "alternatives": [19, 9, 19, 19]}]}, {"location": {"country_code": "us", "region": "California", "city": "Chula Vista"}, "game_id": "273195", "values": [{"date": "2024-02-24-00-00-00", "alternatives": ["47", "47", "7"]}, {"date": "2024-02-24-00-00-00", "alternatives": ["47", "47", "7"]}, {"date": "2024-02-24-00-00-00", "alternatives": ["47", "47", "7"]}]}, {"location": {"country_code": "us", "region": "Puerto Rico"}, "game_id": "273195", "values": [{"date": "2024-02-23-15-00-00", "alternatives": [69, 690, 8, 69, 69]}, {"date": "2024-02-23-15-00-00", "alternatives": [69, 690, 8, 69, 69]}, {"date": "2024-02-23-15-00-00", "alternatives": [69, 690, 8, 69, 69]}]}, {"location": {"country_code": "cr"}, "game_id": "273195", "values": [{"date": "2024-02-23-05-00-00", "alternatives": ["58", "8", "8"]}]}, {"location": {"country_code": "pe"}, "game_id": "273195", "values": [{"date": "2024-02-23-20-00-00", "alternatives": ["30", "30", "0"]}, {"date": "2024-02-23-08-00-00", "alternatives": [16, 162, 168, 168, 168]}, {"date": "2024-02-23-08-00-00", "alternatives": [16, 162, 168, 168, 168]}, {"date": "2024-02-23-08-00-00", "alternatives": [16, 162, 168, 168, 168]}, {"date": "2024-02-23-08-00-00", "alternatives": [16, 162, 168, 168, 168]}, {"date": "2024-02-23-08-00-00", "alternatives": [16, 162, 168, 168, 168]}, {"date": "2024-02-23-08-00-00", "alternatives": [16, 162, 168, 168, 168]}, {"date": "2024-02-23-08-00-00", "alternatives": [16, 162, 168, 168, 168]}, {"date": "2024-02-23-08-00-00", "alternatives": [16, 162, 168, 168, 168]}, {"date": "2024-02-23-17-00-00", "alternatives": [18, 185, 184, 184, 184]}, {"date": "2024-02-23-17-00-00", "alternatives": [18, 185, 184, 184, 184]}, {"date": "2024-02-23-17-00-00", "alternatives": [18, 185, 184, 184, 184]}, {"date": "2024-02-23-17-00-00", "alternatives": [18, 185, 184, 184, 184]}, {"date": "2024-02-23-17-00-00", "alternatives": [18, 185, 184, 184, 184]}, {"date": "2024-02-23-17-00-00", "alternatives": [18, 185, 184, 184, 184]}, {"date": "2024-02-23-17-00-00", "alternatives": [18, 185, 184, 184, 184]}, {"date": "2024-02-23-17-00-00", "alternatives": [18, 185, 184, 184, 184]}, {"date": "2024-02-23-17-00-00", "alternatives": [18, 185, 184, 184, 184]}, {"date": "2024-02-23-17-00-00", "alternatives": [18, 185, 184, 184, 184]}, {"date": "2024-02-23-17-00-00", "alternatives": [18, 185, 184, 184, 184]}, {"date": "2024-02-23-17-00-00", "alternatives": [18, 185, 184, 184, 184]}, {"date": "2024-02-23-17-00-00", "alternatives": [18, 185, 184, 184, 184]}, {"date": "2024-02-23-17-00-00", "alternatives": [18, 185, 184, 184, 184]}, {"date": "2024-02-24-00-00-00", "alternatives": ["3", "3", "183"]}, {"date": "2024-02-24-00-00-00", "alternatives": ["3", "3", "183"]}, {"date": "2024-02-24-00-00-00", "alternatives": ["3", "3", "183"]}]}, {"location": {"country_code": "ua"}, "game_id": "273195", "values": [{"date": "2024-02-23-02-00-00", "alternatives": [7608, 9, 76, 76, 76]}, {"date": "2024-02-23-01-00-00", "alternatives": ["35", "35", "3"]}, {"date": "2024-02-23-01-00-00", "alternatives": ["35", "35", "3"]}, {"date": "2024-02-23-22-00-00", "alternatives": ["34", "34", "3"]}, {"date": "2024-02-23-22-00-00", "alternatives": ["34", "34", "3"]}, {"date": "2024-02-23-18-00-00", "alternatives": ["3", "31", "3"]}, {"date": "2024-02-23-18-00-00", "alternatives": ["3", "31", "3"]}, {"date": "2024-02-23-18-00-00", "alternatives": ["3", "31", "3"]}, {"date": "2024-02-23-18-00-00", "alternatives": ["3", "31", "3"]}, {"date": "2024-02-23-18-00-00", "alternatives": ["3", "31", "3"]}, {"date": "2024-02-23-22-00-00", "alternatives": ["1", "15", "15"]}, {"date": "2024-02-23-22-00-00", "alternatives": ["1", "15", "15"]}, {"date": "2024-02-23-23-00-00", "alternatives": [29, 9, 29, 29]}, {"date": "2024-02-23-23-00-00", "alternatives": [29, 9, 29, 29]}, {"date": "2024-02-23-23-00-00", "alternatives": [29, 9, 29, 29]}, {"date": "2024-02-23-23-00-00", "alternatives": [29, 9, 29, 29]}, {"date": "2024-02-24-00-00-00", "alternatives": ["34", "34", "3"]}, {"date": "2024-02-24-00-00-00", "alternatives": ["34", "34", "3"]}]}, {"location": {"country_code": "ua", "region": "Poltava Oblast", "city": "Kremenchuk"}, "game_id": "273195", "values": [{"date": "2024-02-23-23-00-00", "alternatives": ["38", "38", "8"]}]}, {"location": {"country_code": "br", "region": "Minas Gerais"}, "game_id": "273195", "values": [{"date": "2024-02-23-02-00-00", "alternatives": ["490", "49", "49"]}]}, {"location": {"country_code": "kz"}, "game_id": "273195", "values": [{"date": "2024-02-23-17-00-00", "alternatives": ["67", "67", "6"]}]}, {"location": {"country_code": "ca", "region": "Ontario", "city": "Toronto"}, "game_id": "273195", "values": [{"date": "2024-02-24-00-00-00", "alternatives": [6, 46, 46, 46]}, {"date": "2024-02-24-00-00-00", "alternatives": [6, 46, 46, 46]}, {"date": "2024-02-24-00-00-00", "alternatives": [6, 46, 46, 46]}, {"date": "2024-02-24-00-00-00", "alternatives": [6, 46, 46, 46]}, {"date": "2024-02-24-00-00-00", "alternatives": [6, 46, 46, 46]}]}, {"location": {"country_code": "ba"}, "game_id": "273195", "values": [{"date": "2024-02-23-22-00-00", "alternatives": ["33018", "33018", "33"]}]}, {"location": {"country_code": "se", "region": "Stockholm County", "city": "Stockholm"}, "game_id": "273195", "values": [{"date": "2024-02-23-22-00-00", "alternatives": ["3", "35", "35"]}, {"date": "2024-02-23-22-00-00", "alternatives": ["3", "35", "35"]}, {"date": "2024-02-23-22-00-00", "alternatives": ["3", "35", "35"]}, {"date": "2024-02-23-22-00-00", "alternatives": ["3", "35", "35"]}]}, {"location": {"country_code": "cl", "region": "Santiago Metropolitan", "city": "Santiago"}, "game_id": "273195", "values": [{"date": "2024-02-23-02-00-00", "alternatives": ["53", "53", "93"]}, {"date": "2024-02-23-02-00-00", "alternatives": ["53", "53", "93"]}, {"date": "2024-02-23-02-00-00", "alternatives": ["53", "53", "93"]}, {"date": "2024-02-23-02-00-00", "alternatives": ["53", "53", "93"]}]}, {"location": {"country_code": "br", "region": "Rio Grande do Sul", "city": "Porto Alegre"}, "game_id": "273195", "values": [{"date": "2024-02-24-01-00-00", "alternatives": ["2", "20", "20"]}, {"date": "2024-02-24-01-00-00", "alternatives": ["2", "20", "20"]}, {"date": "2024-02-24-01-00-00", "alternatives": ["2", "20", "20"]}]}, {"location": {"country_code": "us", "region": "California", "city": "Irvine"}, "game_id": "273195", "values": [{"date": "2024-02-23-23-00-00", "alternatives": ["3", "4", "4"]}, {"date": "2024-02-23-23-00-00", "alternatives": ["3", "4", "4"]}]}, {"location": {"country_code": "de", "region": "Lower Saxony", "city": "Hanover"}, "game_id": "273195", "values": [{"date": "2024-02-23-12-00-00", "alternatives": ["3", "2", "2"]}]}, {"location": {"country_code": "br", "region": "Rio Grande do Sul"}, "game_id": "273195", "values": [{"date": "2024-02-23-15-00-00", "alternatives": [0, 20, 20, 20]}, {"date": "2024-02-23-15-00-00", "alternatives": [0, 20, 20, 20]}, {"date": "2024-02-23-15-00-00", "alternatives": [0, 20, 20, 20]}, {"date": "2024-02-23-15-00-00", "alternatives": [0, 20, 20, 20]}, {"date": "2024-02-23-15-00-00", "alternatives": [0, 20, 20, 20]}, {"date": "2024-02-23-15-00-00", "alternatives": [0, 20, 20, 20]}, {"date": "2024-02-23-15-00-00", "alternatives": [0, 20, 20, 20]}, {"date": "2024-02-23-15-00-00", "alternatives": [0, 20, 20, 20]}, {"date": "2024-02-23-15-00-00", "alternatives": [0, 20, 20, 20]}, {"date": "2024-02-23-15-00-00", "alternatives": [0, 20, 20, 20]}, {"date": "2024-02-23-15-00-00", "alternatives": [0, 20, 20, 20]}, {"date": "2024-02-23-15-00-00", "alternatives": [0, 20, 20, 20]}, {"date": "2024-02-23-15-00-00", "alternatives": [0, 20, 20, 20]}, {"date": "2024-02-23-15-00-00", "alternatives": [0, 20, 20, 20]}, {"date": "2024-02-23-15-00-00", "alternatives": [0, 20, 20, 20]}, {"date": "2024-02-23-15-00-00", "alternatives": [0, 20, 20, 20]}, {"date": "2024-02-23-15-00-00", "alternatives": [0, 20, 20, 20]}, {"date": "2024-02-23-15-00-00", "alternatives": [0, 20, 20, 20]}, {"date": "2024-02-23-15-00-00", "alternatives": [0, 20, 20, 20]}, {"date": "2024-02-23-15-00-00", "alternatives": [0, 20, 20, 20]}, {"date": "2024-02-23-15-00-00", "alternatives": [0, 20, 20, 20]}, {"date": "2024-02-23-15-00-00", "alternatives": [0, 20, 20, 20]}, {"date": "2024-02-23-15-00-00", "alternatives": [0, 20, 20, 20]}, {"date": "2024-02-23-15-00-00", "alternatives": [0, 20, 20, 20]}, {"date": "2024-02-23-15-00-00", "alternatives": [0, 20, 20, 20]}, {"date": "2024-02-23-15-00-00", "alternatives": [0, 20, 20, 20]}, {"date": "2024-02-23-15-00-00", "alternatives": [0, 20, 20, 20]}, {"date": "2024-02-23-15-00-00", "alternatives": [0, 20, 20, 20]}, {"date": "2024-02-23-15-00-00", "alternatives": [0, 20, 20, 20]}, {"date": "2024-02-23-15-00-00", "alternatives": [0, 20, 20, 20]}, {"date": "2024-02-23-15-00-00", "alternatives": [0, 20, 20, 20]}, {"date": "2024-02-23-15-00-00", "alternatives": [0, 20, 20, 20]}, {"date": "2024-02-23-15-00-00", "alternatives": [0, 20, 20, 20]}, {"date": "2024-02-23-15-00-00", "alternatives": [0, 20, 20, 20]}, {"date": "2024-02-23-15-00-00", "alternatives": [0, 20, 20, 20]}, {"date": "2024-02-23-15-00-00", "alternatives": [0, 20, 20, 20]}, {"date": "2024-02-23-15-00-00", "alternatives": [0, 20, 20, 20]}, {"date": "2024-02-23-15-00-00", "alternatives": [0, 20, 20, 20]}, {"date": "2024-02-23-15-00-00", "alternatives": [0, 20, 20, 20]}, {"date": "2024-02-23-15-00-00", "alternatives": [0, 20, 20, 20]}, {"date": "2024-02-23-15-00-00", "alternatives": [0, 20, 20, 20]}, {"date": "2024-02-23-15-00-00", "alternatives": [0, 20, 20, 20]}, {"date": "2024-02-23-15-00-00", "alternatives": [0, 20, 20, 20]}, {"date": "2024-02-23-15-00-00", "alternatives": [0, 20, 20, 20]}, {"date": "2024-02-23-15-00-00", "alternatives": [0, 20, 20, 20]}, {"date": "2024-02-23-15-00-00", "alternatives": [0, 20, 20, 20]}, {"date": "2024-02-23-15-00-00", "alternatives": [0, 20, 20, 20]}, {"date": "2024-02-23-15-00-00", "alternatives": [0, 20, 20, 20]}, {"date": "2024-02-23-15-00-00", "alternatives": [0, 20, 20, 20]}, {"date": "2024-02-23-15-00-00", "alternatives": [0, 20, 20, 20]}, {"date": "2024-02-23-15-00-00", "alternatives": [0, 20, 20, 20]}, {"date": "2024-02-23-15-00-00", "alternatives": [0, 20, 20, 20]}]}, {"location": {"country_code": "ca", "region": "Alberta", "city": "Edmonton"}, "game_id": "273195", "values": [{"date": "2024-02-23-04-00-00", "alternatives": [6, 169, 166, 169, 169]}]}, {"location": {"country_code": "us", "region": "Texas", "city": "El Paso"}, "game_id": "273195", "values": [{"date": "2024-02-23-06-00-00", "alternatives": [21972, 1972, 21872, 21872, 21872]}]}, {"location": {"country_code": "kz", "region": " ", "city": ""}, "game_id": "273195", "values": [{"date": "2024-02-23-20-00-00", "alternatives": [60, 0, 60, 60]}, {"date": "2024-02-23-20-00-00", "alternatives": [60, 0, 60, 60]}]}, {"location": {"country_code": "hr"}, "game_id": "273195", "values": [{"date": "2024-02-24-01-00-00", "alternatives": ["1", "21", "21"]}, {"date": "2024-02-24-01-00-00", "alternatives": ["1", "21", "21"]}, {"date": "2024-02-24-01-00-00", "alternatives": ["1", "21", "21"]}, {"date": "2024-02-24-01-00-00", "alternatives": ["1", "21", "21"]}, {"date": "2024-02-24-01-00-00", "alternatives": ["1", "21", "21"]}, {"date": "2024-02-24-01-00-00", "alternatives": ["1", "21", "21"]}, {"date": "2024-02-24-01-00-00", "alternatives": ["1", "21", "21"]}, {"date": "2024-02-24-01-00-00", "alternatives": ["1", "21", "21"]}, {"date": "2024-02-24-01-00-00", "alternatives": ["1", "21", "21"]}]}, {"location": {"country_code": "by"}, "game_id": "273195", "values": [{"date": "2024-02-23-14-00-00", "alternatives": ["89", "9", "89"]}, {"date": "2024-02-23-14-00-00", "alternatives": ["89", "9", "89"]}, {"date": "2024-02-23-14-00-00", "alternatives": ["89", "9", "89"]}, {"date": "2024-02-23-14-00-00", "alternatives": ["89", "9", "89"]}, {"date": "2024-02-23-14-00-00", "alternatives": ["89", "9", "89"]}]}, {"location": {"country_code": "de", "region": "North Rhine-Westphalia", "city": "Gutersloh"}, "game_id": "273195", "values": [{"date": "2024-02-23-19-00-00", "alternatives": ["8", "12", "12"]}]}, {"location": {"country_code": "us", "region": "Iowa", "city": "Davenport"}, "game_id": "273195", "values": [{"date": "2024-02-23-02-00-00", "alternatives": ["8", "8", "18"]}, {"date": "2024-02-23-02-00-00", "alternatives": ["8", "8", "18"]}, {"date": "2024-02-23-02-00-00", "alternatives": ["8", "8", "18"]}, {"date": "2024-02-23-02-00-00", "alternatives": ["8", "8", "18"]}, {"date": "2024-02-23-02-00-00", "alternatives": ["8", "8", "18"]}, {"date": "2024-02-23-02-00-00", "alternatives": ["8", "8", "18"]}]}, {"location": {"country_code": "ad"}, "game_id": "273195", "values": [{"date": "2024-02-23-21-00-00", "alternatives": ["0", "24", "24"]}, {"date": "2024-02-23-21-00-00", "alternatives": ["0", "24", "24"]}, {"date": "2024-02-23-21-00-00", "alternatives": ["0", "24", "24"]}, {"date": "2024-02-23-21-00-00", "alternatives": ["0", "24", "24"]}, {"date": "2024-02-23-21-00-00", "alternatives": ["0", "24", "24"]}, {"date": "2024-02-23-21-00-00", "alternatives": ["0", "24", "24"]}]}, {"location": {"country_code": "lv"}, "game_id": "273195", "values": [{"date": "2024-02-23-20-00-00", "alternatives": [6, 63, 63, 63]}, {"date": "2024-02-23-20-00-00", "alternatives": [6, 63, 63, 63]}, {"date": "2024-02-23-20-00-00", "alternatives": [6, 63, 63, 63]}, {"date": "2024-02-23-20-00-00", "alternatives": [6, 63, 63, 63]}, {"date": "2024-02-23-20-00-00", "alternatives": [6, 63, 63, 63]}, {"date": "2024-02-23-20-00-00", "alternatives": [6, 63, 63, 63]}, {"date": "2024-02-23-20-00-00", "alternatives": [6, 63, 63, 63]}, {"date": "2024-02-23-20-00-00", "alternatives": [6, 63, 63, 63]}]}, {"location": {"country_code": "ca", "region": "British Columbia"}, "game_id": "273195", "values": [{"date": "2024-02-23-04-00-00", "alternatives": ["1", "64", "64"]}, {"date": "2024-02-23-04-00-00", "alternatives": ["1", "64", "64"]}, {"date": "2024-02-23-04-00-00", "alternatives": ["1", "64", "64"]}]}, {"location": {"country_code": "fr", "region": "Provence-Alpes-Cote d'Azur Region", "city": "Marseille"}, "game_id": "273195", "values": [{"date": "2024-02-24-01-00-00", "alternatives": ["1", "17", "17"]}, {"date": "2024-02-24-01-00-00", "alternatives": ["1", "17", "17"]}, {"date": "2024-02-24-01-00-00", "alternatives": ["1", "17", "17"]}, {"date": "2024-02-24-01-00-00", "alternatives": ["1", "17", "17"]}]}, {"location": {"country_code": "br", "region": "Alagoas", "city": "Maceio"}, "game_id": "273195", "values": [{"date": "2024-02-24-00-00-00", "alternatives": ["63", "63", "6"]}, {"date": "2024-02-24-00-00-00", "alternatives": ["63", "63", "6"]}]}, {"location": {"country_code": "es", "region": "Madrid"}, "game_id": "273195", "values": [{"date": "2024-02-24-01-00-00", "alternatives": ["3", "39", "39"]}]}, {"location": {"country_code": "ye"}, "game_id": "273195", "values": [{"date": "2024-02-23-11-00-00", "alternatives": [287, 87, 8, 87, 87]}, {"date": "2024-02-23-11-00-00", "alternatives": [287, 87, 8, 87, 87]}]}, {"location": {"country_code": "rs", "region": "Central Serbia", "city": "Belgrade"}, "game_id": "273195", "values": [{"date": "2024-02-23-22-00-00", "alternatives": ["3", "35", "35"]}, {"date": "2024-02-23-22-00-00", "alternatives": ["3", "35", "35"]}, {"date": "2024-02-23-22-00-00", "alternatives": ["3", "35", "35"]}, {"date": "2024-02-23-22-00-00", "alternatives": ["3", "35", "35"]}, {"date": "2024-02-23-22-00-00", "alternatives": ["3", "35", "35"]}, {"date": "2024-02-23-22-00-00", "alternatives": ["3", "35", "35"]}, {"date": "2024-02-23-22-00-00", "alternatives": ["3", "35", "35"]}]}, {"location": {"country_code": "br", "region": "State of Rio de Janeiro", "city": "Barra Mansa"}, "game_id": "273195", "values": [{"date": "2024-02-23-21-00-00", "alternatives": ["4", "54", "54"]}, {"date": "2024-02-23-21-00-00", "alternatives": ["4", "54", "54"]}]}, {"location": {"country_code": "us", "region": "Ohio", "city": "Columbus"}, "game_id": "273195", "values": [{"date": "2024-02-23-04-00-00", "alternatives": ["7", "57", "57"]}, {"date": "2024-02-23-04-00-00", "alternatives": ["7", "57", "57"]}, {"date": "2024-02-23-04-00-00", "alternatives": ["7", "57", "57"]}, {"date": "2024-02-23-04-00-00", "alternatives": ["7", "57", "57"]}, {"date": "2024-02-23-04-00-00", "alternatives": ["7", "57", "57"]}]}, {"location": {"country_code": "us", "region": "Iowa", "city": "West Des Moines"}, "game_id": "273195", "values": [{"date": "2024-02-23-06-00-00", "alternatives": ["8", "58", "8"]}, {"date": "2024-02-23-06-00-00", "alternatives": ["8", "58", "8"]}, {"date": "2024-02-23-06-00-00", "alternatives": ["8", "58", "8"]}]}, {"location": {"country_code": "lb"}, "game_id": "273195", "values": [{"date": "2024-02-23-18-00-00", "alternatives": ["61", "61", "6"]}, {"date": "2024-02-23-18-00-00", "alternatives": ["61", "61", "6"]}, {"date": "2024-02-23-18-00-00", "alternatives": ["61", "61", "6"]}, {"date": "2024-02-23-18-00-00", "alternatives": ["61", "61", "6"]}, {"date": "2024-02-23-18-00-00", "alternatives": ["61", "61", "6"]}, {"date": "2024-02-23-18-00-00", "alternatives": ["61", "61", "6"]}, {"date": "2024-02-23-05-00-00", "alternatives": [7, 57, 7, 7]}, {"date": "2024-02-23-05-00-00", "alternatives": [7, 57, 7, 7]}, {"date": "2024-02-23-05-00-00", "alternatives": [7, 57, 7, 7]}, {"date": "2024-02-23-05-00-00", "alternatives": [7, 57, 7, 7]}]}, {"location": {"country_code": "az"}, "game_id": "273195", "values": [{"date": "2024-02-23-21-00-00", "alternatives": [7, 70, 70, 70]}, {"date": "2024-02-23-21-00-00", "alternatives": [7, 70, 70, 70]}, {"date": "2024-02-23-21-00-00", "alternatives": [7, 70, 70, 70]}, {"date": "2024-02-23-21-00-00", "alternatives": [7, 70, 70, 70]}, {"date": "2024-02-23-21-00-00", "alternatives": [7, 70, 70, 70]}, {"date": "2024-02-23-21-00-00", "alternatives": [7, 70, 70, 70]}, {"date": "2024-02-23-21-00-00", "alternatives": [7, 70, 70, 70]}]}, {"location": {"country_code": "ae", "region": "Dubai", "city": "Dubai"}, "game_id": "273195", "values": [{"date": "2024-02-24-00-00-00", "alternatives": ["106", "10", "106"]}, {"date": "2024-02-24-00-00-00", "alternatives": ["106", "10", "106"]}]}, {"location": {"country_code": "us", "region": "Mississippi"}, "game_id": "273195", "values": [{"date": "2024-02-23-16-00-00", "alternatives": ["57", "77", "57"]}, {"date": "2024-02-23-16-00-00", "alternatives": ["57", "77", "57"]}, {"date": "2024-02-23-16-00-00", "alternatives": ["57", "77", "57"]}, {"date": "2024-02-23-16-00-00", "alternatives": ["57", "77", "57"]}, {"date": "2024-02-23-16-00-00", "alternatives": ["57", "77", "57"]}]}, {"location": {"country_code": "pt", "region": "Northern Mariana Islands", "city": "Porto"}, "game_id": "273195", "values": [{"date": "2024-02-23-17-00-00", "alternatives": ["52", "52", "32"]}]}, {"location": {"country_code": "ca", "region": "New Brunswick"}, "game_id": "273195", "values": [{"date": "2024-02-23-04-00-00", "alternatives": ["82", "8", "82"]}, {"date": "2024-02-23-04-00-00", "alternatives": ["82", "8", "82"]}, {"date": "2024-02-23-04-00-00", "alternatives": ["82", "8", "82"]}, {"date": "2024-02-23-04-00-00", "alternatives": ["82", "8", "82"]}, {"date": "2024-02-23-04-00-00", "alternatives": ["82", "8", "82"]}, {"date": "2024-02-23-04-00-00", "alternatives": ["82", "8", "82"]}, {"date": "2024-02-23-04-00-00", "alternatives": ["82", "8", "82"]}]}, {"location": {"country_code": "us", "region": "Washington", "city": "Vancouver"}, "game_id": "273195", "values": [{"date": "2024-02-23-05-00-00", "alternatives": ["1", "103", "103"]}, {"date": "2024-02-23-05-00-00", "alternatives": ["1", "103", "103"]}, {"date": "2024-02-23-05-00-00", "alternatives": ["1", "103", "103"]}]}, {"location": {"country_code": "jp", "region": "Chiba"}, "game_id": "273195", "values": [{"date": "2024-02-23-07-00-00", "alternatives": [66, 6, 66, 66]}, {"date": "2024-02-23-07-00-00", "alternatives": [66, 6, 66, 66]}, {"date": "2024-02-23-07-00-00", "alternatives": [66, 6, 66, 66]}, {"date": "2024-02-23-07-00-00", "alternatives": [66, 6, 66, 66]}]}, {"location": {"country_code": "es", "region": "Andalusia", "city": "Marbella"}, "game_id": "273195", "values": [{"date": "2024-02-23-23-00-00", "alternatives": ["4", "40", "40"]}, {"date": "2024-02-23-23-00-00", "alternatives": ["4", "40", "40"]}, {"date": "2024-02-23-23-00-00", "alternatives": ["4", "40", "40"]}, {"date": "2024-02-23-23-00-00", "alternatives": ["4", "40", "40"]}]}, {"location": {"country_code": "fr", "region": "Aquitania-Limosino-Poitou-Charentes", "city": "Bordeaux"}, "game_id": "273195", "values": [{"date": "2024-02-24-00-00-00", "alternatives": ["18", "8", "18"]}, {"date": "2024-02-24-00-00-00", "alternatives": ["18", "8", "18"]}, {"date": "2024-02-24-00-00-00", "alternatives": ["18", "8", "18"]}, {"date": "2024-02-24-00-00-00", "alternatives": ["18", "8", "18"]}]}, {"location": {"country_code": "is"}, "game_id": "273195", "values": [{"date": "2024-02-23-10-00-00", "alternatives": ["57", "57", "97"]}]}, {"location": {"country_code": "jo"}, "game_id": "273195", "values": [{"date": "2024-02-23-23-00-00", "alternatives": [57, 5705, 5, 57, 57]}, {"date": "2024-02-23-23-00-00", "alternatives": [57, 5705, 5, 57, 57]}, {"date": "2024-02-23-23-00-00", "alternatives": [57, 5705, 5, 57, 57]}, {"date": "2024-02-23-23-00-00", "alternatives": [57, 5705, 5, 57, 57]}, {"date": "2024-02-23-23-00-00", "alternatives": [57, 5705, 5, 57, 57]}, {"date": "2024-02-23-23-00-00", "alternatives": [57, 5705, 5, 57, 57]}, {"date": "2024-02-23-23-00-00", "alternatives": [57, 5705, 5, 57, 57]}, {"date": "2024-02-23-23-00-00", "alternatives": [57, 5705, 5, 57, 57]}]}, {"location": {"country_code": "br", "region": "Santa Catarina", "city": "Balneario Camboriu"}, "game_id": "273195", "values": [{"date": "2024-02-23-19-00-00", "alternatives": ["41", "41", "4"]}, {"date": "2024-02-23-19-00-00", "alternatives": ["41", "41", "4"]}, {"date": "2024-02-23-19-00-00", "alternatives": ["41", "41", "4"]}, {"date": "2024-02-23-19-00-00", "alternatives": ["41", "41", "4"]}]}, {"location": {"country_code": "il"}, "game_id": "273195", "values": [{"date": "2024-02-23-18-00-00", "alternatives": ["7", "57", "57"]}, {"date": "2024-02-23-18-00-00", "alternatives": ["7", "57", "57"]}, {"date": "2024-02-23-18-00-00", "alternatives": ["7", "57", "57"]}]}, {"location": {"country_code": "us", "region": "Tennessee", "city": "Chattanooga"}, "game_id": "273195", "values": [{"date": "2024-02-23-05-00-00", "alternatives": ["3", "3", "35"]}, {"date": "2024-02-23-05-00-00", "alternatives": ["3", "3", "35"]}, {"date": "2024-02-23-05-00-00", "alternatives": ["3", "3", "35"]}, {"date": "2024-02-23-05-00-00", "alternatives": ["3", "3", "35"]}, {"date": "2024-02-23-05-00-00", "alternatives": ["3", "3", "35"]}]}, {"location": {"country_code": "br", "region": "State of Rio de Janeiro", "city": "Mangaratiba"}, "game_id": "273195", "values": [{"date": "2024-02-23-02-00-00", "alternatives": ["16", "1", "1"]}]}, {"location": {"country_code": "de", "region": "Bavaria", "city": "Augsburg"}, "game_id": "273195", "values": [{"date": "2024-02-23-18-00-00", "alternatives": [1, 15, 19, 15, 15]}, {"date": "2024-02-23-18-00-00", "alternatives": [1, 15, 19, 15, 15]}, {"date": "2024-02-23-18-00-00", "alternatives": [1, 15, 19, 15, 15]}, {"date": "2024-02-23-18-00-00", "alternatives": [1, 15, 19, 15, 15]}, {"date": "2024-02-23-18-00-00", "alternatives": [1, 15, 19, 15, 15]}, {"date": "2024-02-23-18-00-00", "alternatives": [1, 15, 19, 15, 15]}, {"date": "2024-02-24-00-00-00", "alternatives": ["12", "2", "12"]}, {"date": "2024-02-24-00-00-00", "alternatives": ["12", "2", "12"]}, {"date": "2024-02-24-00-00-00", "alternatives": ["12", "2", "12"]}, {"date": "2024-02-24-00-00-00", "alternatives": ["12", "2", "12"]}, {"date": "2024-02-24-00-00-00", "alternatives": ["12", "2", "12"]}, {"date": "2024-02-24-00-00-00", "alternatives": ["12", "2", "12"]}, {"date": "2024-02-24-00-00-00", "alternatives": ["12", "2", "12"]}, {"date": "2024-02-24-00-00-00", "alternatives": ["12", "2", "12"]}]}, {"location": {"country_code": "br", "region": "State of Rio de Janeiro", "city": "Belford Roxo"}, "game_id": "273195", "values": [{"date": "2024-02-23-02-00-00", "alternatives": ["3", "3", "33"]}, {"date": "2024-02-23-02-00-00", "alternatives": ["3", "3", "33"]}]}, {"location": {"country_code": "fr", "region": "Alvernia-Rodano-Alpi", "city": "Saint-Etienne"}, "game_id": "273195", "values": [{"date": "2024-02-23-11-00-00", "alternatives": ["198", "19", "19"]}]}, {"location": {"country_code": "br", "region": "Minas Gerais", "city": "Patos de Minas"}, "game_id": "273195", "values": [{"date": "2024-02-23-15-00-00", "alternatives": ["158", "153", "158"]}, {"date": "2024-02-23-15-00-00", "alternatives": ["158", "153", "158"]}, {"date": "2024-02-23-15-00-00", "alternatives": ["158", "153", "158"]}, {"date": "2024-02-23-15-00-00", "alternatives": ["158", "153", "158"]}, {"date": "2024-02-23-15-00-00", "alternatives": ["158", "153", "158"]}, {"date": "2024-02-23-15-00-00", "alternatives": ["158", "153", "158"]}, {"date": "2024-02-23-15-00-00", "alternatives": ["158", "153", "158"]}, {"date": "2024-02-23-15-00-00", "alternatives": ["158", "153", "158"]}, {"date": "2024-02-23-15-00-00", "alternatives": ["158", "153", "158"]}, {"date": "2024-02-23-15-00-00", "alternatives": ["158", "153", "158"]}, {"date": "2024-02-23-15-00-00", "alternatives": ["158", "153", "158"]}, {"date": "2024-02-23-15-00-00", "alternatives": ["158", "153", "158"]}, {"date": "2024-02-23-15-00-00", "alternatives": ["158", "153", "158"]}, {"date": "2024-02-23-15-00-00", "alternatives": ["158", "153", "158"]}, {"date": "2024-02-23-15-00-00", "alternatives": ["158", "153", "158"]}, {"date": "2024-02-23-15-00-00", "alternatives": ["158", "153", "158"]}, {"date": "2024-02-23-15-00-00", "alternatives": ["158", "153", "158"]}, {"date": "2024-02-23-15-00-00", "alternatives": ["158", "153", "158"]}, {"date": "2024-02-23-15-00-00", "alternatives": ["158", "153", "158"]}, {"date": "2024-02-23-15-00-00", "alternatives": ["158", "153", "158"]}]}, {"location": {"country_code": "lc"}, "game_id": "273195", "values": [{"date": "2024-02-23-09-00-00", "alternatives": [83, 63, 3, 83, 83]}, {"date": "2024-02-23-09-00-00", "alternatives": [83, 63, 3, 83, 83]}, {"date": "2024-02-23-09-00-00", "alternatives": [83, 63, 3, 83, 83]}]}, {"location": {"country_code": "gb", "region": "England", "city": "Darlington"}, "game_id": "273195", "values": [{"date": "2024-02-23-17-00-00", "alternatives": ["61", "61", "6"]}]}, {"location": {"country_code": "ar", "region": "Rio Negro Province"}, "game_id": "273195", "values": [{"date": "2024-02-23-07-00-00", "alternatives": ["47", "7", "47"]}]}, {"location": {"country_code": "br", "region": "Estado de Bahia", "city": "Eunapolis"}, "game_id": "273195", "values": [{"date": "2024-02-23-04-00-00", "alternatives": ["1815", "18", "18"]}, {"date": "2024-02-23-04-00-00", "alternatives": ["1815", "18", "18"]}, {"date": "2024-02-23-04-00-00", "alternatives": ["1815", "18", "18"]}, {"date": "2024-02-23-04-00-00", "alternatives": ["1815", "18", "18"]}]}, {"location": {"country_code": "ru", "region": "Novgorod Oblast", "city": "Pochinki"}, "game_id": "273195", "values": [{"date": "2024-02-23-06-00-00", "alternatives": ["6", "48", "48"]}, {"date": "2024-02-23-06-00-00", "alternatives": ["6", "48", "48"]}]}, {"location": {"country_code": "br", "region": "Parana", "city": "Sao Jeronimo da Serra"}, "game_id": "273195", "values": [{"date": "2024-02-24-01-00-00", "alternatives": ["1", "17", "17"]}]}, {"location": {"country_code": "cl", "region": "Valparaiso", "city": "Vina del Mar"}, "game_id": "273195", "values": [{"date": "2024-02-24-01-00-00", "alternatives": ["5", "59", "59"]}, {"date": "2024-02-24-01-00-00", "alternatives": ["5", "59", "59"]}, {"date": "2024-02-24-01-00-00", "alternatives": ["5", "59", "59"]}, {"date": "2024-02-24-01-00-00", "alternatives": ["5", "59", "59"]}]}, {"location": {"country_code": "us", "region": "Missouri", "city": "Manchester"}, "game_id": "273195", "values": [{"date": "2024-02-23-04-00-00", "alternatives": ["22", "22", "1"]}, {"date": "2024-02-23-04-00-00", "alternatives": ["22", "22", "1"]}, {"date": "2024-02-23-04-00-00", "alternatives": ["22", "22", "1"]}, {"date": "2024-02-23-04-00-00", "alternatives": ["22", "22", "1"]}, {"date": "2024-02-23-04-00-00", "alternatives": ["22", "22", "1"]}, {"date": "2024-02-23-04-00-00", "alternatives": ["22", "22", "1"]}]}, {"location": {"country_code": "ar", "region": "Buenos Aires", "city": "Quilmes"}, "game_id": "273195", "values": [{"date": "2024-02-24-01-00-00", "alternatives": ["42", "2", "42"]}]}, {"location": {"country_code": "br", "region": "Minas Gerais", "city": "Ibirite"}, "game_id": "273195", "values": [{"date": "2024-02-23-23-00-00", "alternatives": ["60", "0", "60"]}, {"date": "2024-02-23-23-00-00", "alternatives": ["60", "0", "60"]}]}, {"location": {"country_code": "ve", "region": "Carabobo"}, "game_id": "273195", "values": [{"date": "2024-02-23-03-00-00", "alternatives": [1, 108, 8, 108, 108]}, {"date": "2024-02-23-03-00-00", "alternatives": [1, 108, 8, 108, 108]}, {"date": "2024-02-23-03-00-00", "alternatives": [1, 108, 8, 108, 108]}, {"date": "2024-02-23-03-00-00", "alternatives": [1, 108, 8, 108, 108]}, {"date": "2024-02-23-03-00-00", "alternatives": [1, 108, 8, 108, 108]}, {"date": "2024-02-23-03-00-00", "alternatives": [1, 108, 8, 108, 108]}, {"date": "2024-02-23-03-00-00", "alternatives": [1, 108, 8, 108, 108]}, {"date": "2024-02-23-03-00-00", "alternatives": [1, 108, 8, 108, 108]}, {"date": "2024-02-23-03-00-00", "alternatives": [1, 108, 8, 108, 108]}]}, {"location": {"country_code": "us", "region": "Massachusetts", "city": "Framingham"}, "game_id": "273195", "values": [{"date": "2024-02-23-19-00-00", "alternatives": [2, 67018, 67, 67, 67]}, {"date": "2024-02-23-19-00-00", "alternatives": [2, 67018, 67, 67, 67]}, {"date": "2024-02-23-19-00-00", "alternatives": [2, 67018, 67, 67, 67]}, {"date": "2024-02-23-19-00-00", "alternatives": [2, 67018, 67, 67, 67]}, {"date": "2024-02-23-19-00-00", "alternatives": [2, 67018, 67, 67, 67]}, {"date": "2024-02-23-19-00-00", "alternatives": [2, 67018, 67, 67, 67]}, {"date": "2024-02-23-19-00-00", "alternatives": [2, 67018, 67, 67, 67]}]}, {"location": {"country_code": "fr", "region": "French Guiana"}, "game_id": "273195", "values": [{"date": "2024-02-23-16-00-00", "alternatives": [6, 61, 61, 61]}, {"date": "2024-02-23-16-00-00", "alternatives": [6, 61, 61, 61]}]}, {"location": {"country_code": "us", "region": "New York", "city": "Malone"}, "game_id": "273195", "values": [{"date": "2024-02-23-14-00-00", "alternatives": [0, 0, 0]}, {"date": "2024-02-23-14-00-00", "alternatives": [0, 0, 0]}, {"date": "2024-02-23-14-00-00", "alternatives": [0, 0, 0]}, {"date": "2024-02-23-14-00-00", "alternatives": [0, 0, 0]}, {"date": "2024-02-23-14-00-00", "alternatives": [0, 0, 0]}]}, {"location": {"country_code": "fi", "region": "South Karelia", "city": "Imatra"}, "game_id": "273195", "values": [{"date": "2024-02-23-21-00-00", "alternatives": ["84", "8", "84"]}]}, {"location": {"country_code": "tr", "region": "Marmara Bolgesi", "city": "Kartal"}, "game_id": "273195", "values": [{"date": "2024-02-23-18-00-00", "alternatives": ["4", "47", "47"]}, {"date": "2024-02-23-18-00-00", "alternatives": ["4", "47", "47"]}]}, {"location": {"country_code": "us", "region": "California", "city": "Pico Rivera"}, "game_id": "273195", "values": [{"date": "2024-02-23-08-00-00", "alternatives": ["3", "9", "3"]}, {"date": "2024-02-23-08-00-00", "alternatives": ["3", "9", "3"]}, {"date": "2024-02-23-08-00-00", "alternatives": ["3", "9", "3"]}, {"date": "2024-02-23-08-00-00", "alternatives": ["3", "9", "3"]}, {"date": "2024-02-23-08-00-00", "alternatives": ["3", "9", "3"]}, {"date": "2024-02-23-08-00-00", "alternatives": ["3", "9", "3"]}, {"date": "2024-02-23-08-00-00", "alternatives": ["3", "9", "3"]}, {"date": "2024-02-23-08-00-00", "alternatives": ["3", "9", "3"]}]}, {"location": {"country_code": "br", "region": "Espirito Santo", "city": "Ibatiba"}, "game_id": "273195", "values": [{"date": "2024-02-24-01-00-00", "alternatives": ["9", "19", "19"]}, {"date": "2024-02-24-01-00-00", "alternatives": ["9", "19", "19"]}, {"date": "2024-02-24-01-00-00", "alternatives": ["9", "19", "19"]}, {"date": "2024-02-24-01-00-00", "alternatives": ["9", "19", "19"]}]}], "last_updated": 1719917607.065669}