{"data": [{"location": {"country_code": "nz"}, "game_id": "273486", "values": [{"date": "2022-11-16-10-00-00", "latency": 53}]}, {"location": {"country_code": "us"}, "game_id": "273486", "values": [{"date": "2022-11-16-13-00-00", "latency": 0}]}, {"location": {"country_code": "gb", "region": "Wales", "city": "Swansea"}, "game_id": "273486", "values": [{"date": "2022-11-16-22-00-00", "latency": 0}, {"date": "2022-11-16-22-00-00", "latency": 0}, {"date": "2022-11-16-22-00-00", "latency": 0}, {"date": "2022-11-16-22-00-00", "latency": 0}, {"date": "2022-11-16-22-00-00", "latency": 0}, {"date": "2022-11-16-22-00-00", "latency": 0}, {"date": "2022-11-16-22-00-00", "latency": 0}, {"date": "2022-11-16-22-00-00", "latency": 0}, {"date": "2022-11-16-22-00-00", "latency": 0}, {"date": "2022-11-16-22-00-00", "latency": 0}, {"date": "2022-11-16-22-00-00", "latency": 0}, {"date": "2022-11-16-22-00-00", "latency": 0}, {"date": "2022-11-16-22-00-00", "latency": 0}, {"date": "2022-11-16-22-00-00", "latency": 0}, {"date": "2022-11-16-22-00-00", "latency": 0}, {"date": "2022-11-16-22-00-00", "latency": 0}, {"date": "2022-11-16-22-00-00", "latency": 0}, {"date": "2022-11-16-22-00-00", "latency": 0}, {"date": "2022-11-16-22-00-00", "latency": 0}, {"date": "2022-11-16-22-00-00", "latency": 0}, {"date": "2022-11-16-22-00-00", "latency": 0}, {"date": "2022-11-16-22-00-00", "latency": 0}, {"date": "2022-11-16-22-00-00", "latency": 0}, {"date": "2022-11-16-22-00-00", "latency": 0}, {"date": "2022-11-16-22-00-00", "latency": 0}]}, {"location": {"country_code": "it"}, "game_id": "273486", "values": [{"date": "2022-11-16-12-00-00", "latency": 1}, {"date": "2022-11-16-12-00-00", "latency": 1}]}, {"location": {"country_code": "ca", "region": "Quebec"}, "game_id": "273486", "values": [{"date": "2022-11-16-08-00-00", "latency": 0}, {"date": "2022-11-16-08-00-00", "latency": 0}, {"date": "2022-11-16-08-00-00", "latency": 0}, {"date": "2022-11-16-08-00-00", "latency": 0}, {"date": "2022-11-16-08-00-00", "latency": 0}]}, {"location": {"country_code": "gb", "region": "Scotland"}, "game_id": "273486", "values": [{"date": "2022-11-16-22-00-00", "latency": 0}, {"date": "2022-11-16-22-00-00", "latency": 0}, {"date": "2022-11-16-22-00-00", "latency": 0}, {"date": "2022-11-16-22-00-00", "latency": 0}, {"date": "2022-11-16-22-00-00", "latency": 0}, {"date": "2022-11-16-22-00-00", "latency": 0}, {"date": "2022-11-16-22-00-00", "latency": 0}, {"date": "2022-11-16-22-00-00", "latency": 0}, {"date": "2022-11-16-22-00-00", "latency": 0}, {"date": "2022-11-16-22-00-00", "latency": 0}, {"date": "2022-11-16-22-00-00", "latency": 0}, {"date": "2022-11-16-22-00-00", "latency": 0}, {"date": "2022-11-16-22-00-00", "latency": 0}, {"date": "2022-11-16-22-00-00", "latency": 0}, {"date": "2022-11-16-22-00-00", "latency": 0}, {"date": "2022-11-16-22-00-00", "latency": 0}]}, {"location": {"country_code": "mx"}, "game_id": "273486", "values": [{"date": "2022-11-16-04-00-00", "latency": 23}, {"date": "2022-11-16-04-00-00", "latency": 23}, {"date": "2022-11-16-04-00-00", "latency": 23}]}, {"location": {"country_code": "us", "region": "California", "city": "East Los Angeles"}, "game_id": "273486", "values": [{"date": "2022-11-16-07-00-00", "latency": 39}]}, {"location": {"country_code": "au"}, "game_id": "273486", "values": [{"date": "2022-11-16-11-00-00", "latency": 0}, {"date": "2022-11-16-11-00-00", "latency": 0}]}, {"location": {"country_code": "es"}, "game_id": "273486", "values": [{"date": "2022-11-17-01-00-00", "latency": 0}, {"date": "2022-11-17-01-00-00", "latency": 0}, {"date": "2022-11-17-01-00-00", "latency": 0}, {"date": "2022-11-17-01-00-00", "latency": 0}, {"date": "2022-11-17-01-00-00", "latency": 0}, {"date": "2022-11-17-01-00-00", "latency": 0}, {"date": "2022-11-17-01-00-00", "latency": 0}, {"date": "2022-11-17-01-00-00", "latency": 0}, {"date": "2022-11-17-01-00-00", "latency": 0}]}, {"location": {"country_code": "sa"}, "game_id": "273486", "values": [{"date": "2022-11-16-16-00-00", "latency": 78}, {"date": "2022-11-16-16-00-00", "latency": 78}, {"date": "2022-11-16-15-00-00", "latency": 25}, {"date": "2022-11-16-15-00-00", "latency": 25}, {"date": "2022-11-16-15-00-00", "latency": 25}]}, {"location": {"country_code": "us", "region": "Virginia"}, "game_id": "273486", "values": [{"date": "2022-11-16-01-00-00", "latency": 23}, {"date": "2022-11-16-01-00-00", "latency": 23}]}, {"location": {"country_code": "us", "region": "Texas", "city": "Houston"}, "game_id": "273486", "values": [{"date": "2022-11-16-04-00-00", "latency": 20}, {"date": "2022-11-16-04-00-00", "latency": 20}, {"date": "2022-11-16-07-00-00", "latency": 0}, {"date": "2022-11-16-07-00-00", "latency": 0}]}, {"location": {"country_code": "us", "region": "Alaska"}, "game_id": "273486", "values": [{"date": "2022-11-16-09-00-00", "latency": 52}, {"date": "2022-11-16-09-00-00", "latency": 52}, {"date": "2022-11-16-09-00-00", "latency": 52}, {"date": "2022-11-16-09-00-00", "latency": 52}, {"date": "2022-11-16-09-00-00", "latency": 52}, {"date": "2022-11-16-09-00-00", "latency": 52}, {"date": "2022-11-16-09-00-00", "latency": 52}, {"date": "2022-11-16-09-00-00", "latency": 52}, {"date": "2022-11-16-09-00-00", "latency": 52}, {"date": "2022-11-16-09-00-00", "latency": 52}]}, {"location": {"country_code": "mx", "region": "Sonora", "city": "Hermosillo"}, "game_id": "273486", "values": [{"date": "2022-11-16-21-00-00", "latency": 0}, {"date": "2022-11-16-21-00-00", "latency": 0}, {"date": "2022-11-16-21-00-00", "latency": 0}, {"date": "2022-11-16-21-00-00", "latency": 0}]}, {"location": {"country_code": "ar", "region": "Buenos Aires", "city": "Temperley"}, "game_id": "273486", "values": [{"date": "2022-11-16-08-00-00", "latency": 16}, {"date": "2022-11-16-08-00-00", "latency": 16}]}], "last_updated": 1719919353.468428}