{"data": [{"location": {"country_code": "us"}, "game_id": "135305", "values": [{"date": "2024-06-26-07-00-00", "latency": 7}, {"date": "2024-06-26-07-00-00", "latency": 7}, {"date": "2024-06-27-01-00-00", "latency": 171}, {"date": "2024-06-27-01-00-00", "latency": 171}, {"date": "2024-06-26-04-00-00", "latency": 82}, {"date": "2024-06-26-04-00-00", "latency": 82}, {"date": "2024-06-26-04-00-00", "latency": 82}, {"date": "2024-06-26-14-00-00", "latency": 4}]}, {"location": {"country_code": "nz", "region": "Auckland", "city": "Auckland"}, "game_id": "135305", "values": [{"date": "2024-06-26-11-00-00", "latency": 43}]}, {"location": {"country_code": "pa"}, "game_id": "135305", "values": [{"date": "2024-06-26-04-00-00", "latency": 2}]}, {"location": {"country_code": "it"}, "game_id": "135305", "values": [{"date": "2024-06-26-19-00-00", "latency": 11}]}, {"location": {"country_code": "ca"}, "game_id": "135305", "values": [{"date": "2024-06-26-17-00-00", "latency": 2}]}, {"location": {"country_code": "de"}, "game_id": "135305", "values": [{"date": "2024-06-26-18-00-00", "latency": 10}, {"date": "2024-06-26-18-00-00", "latency": 10}]}, {"location": {"country_code": "tw"}, "game_id": "135305", "values": [{"date": "2024-06-26-18-00-00", "latency": 58}, {"date": "2024-06-26-18-00-00", "latency": 58}, {"date": "2024-06-26-18-00-00", "latency": 58}]}, {"location": {"country_code": "cl"}, "game_id": "135305", "values": [{"date": "2024-06-26-05-00-00", "latency": 8}]}, {"location": {"country_code": "ph"}, "game_id": "135305", "values": [{"date": "2024-06-26-18-00-00", "latency": 7}, {"date": "2024-06-26-18-00-00", "latency": 7}, {"date": "2024-06-26-18-00-00", "latency": 7}, {"date": "2024-06-26-18-00-00", "latency": 7}, {"date": "2024-06-26-18-00-00", "latency": 7}, {"date": "2024-06-26-14-00-00", "latency": 98}, {"date": "2024-06-26-14-00-00", "latency": 98}, {"date": "2024-06-26-14-00-00", "latency": 98}, {"date": "2024-06-26-14-00-00", "latency": 98}, {"date": "2024-06-26-14-00-00", "latency": 98}, {"date": "2024-06-26-14-00-00", "latency": 1}, {"date": "2024-06-26-11-00-00", "latency": 9}, {"date": "2024-06-26-13-00-00", "latency": 75}, {"date": "2024-06-26-07-00-00", "latency": 3}]}, {"location": {"country_code": "mx"}, "game_id": "135305", "values": [{"date": "2024-06-26-03-00-00", "latency": 87}, {"date": "2024-06-26-03-00-00", "latency": 87}, {"date": "2024-06-26-02-00-00", "latency": 64}]}, {"location": {"country_code": "mx", "region": "Mexico City"}, "game_id": "135305", "values": [{"date": "2024-06-26-06-00-00", "latency": 0}, {"date": "2024-06-26-06-00-00", "latency": 0}, {"date": "2024-06-26-07-00-00", "latency": 1}]}, {"location": {"country_code": "in"}, "game_id": "135305", "values": [{"date": "2024-06-26-14-00-00", "latency": 153}, {"date": "2024-06-26-14-00-00", "latency": 153}, {"date": "2024-06-26-14-00-00", "latency": 153}]}, {"location": {"country_code": "us", "region": "California"}, "game_id": "135305", "values": [{"date": "2024-06-26-11-00-00", "latency": 1}]}, {"location": {"country_code": "br"}, "game_id": "135305", "values": [{"date": "2024-06-27-00-00-00", "latency": 43}, {"date": "2024-06-27-00-00-00", "latency": 43}, {"date": "2024-06-27-00-00-00", "latency": 43}, {"date": "2024-06-26-11-00-00", "latency": 4}, {"date": "2024-06-26-11-00-00", "latency": 4}, {"date": "2024-06-26-11-00-00", "latency": 4}, {"date": "2024-06-26-03-00-00", "latency": 90}, {"date": "2024-06-27-01-00-00", "latency": 9}]}, {"location": {"country_code": "au"}, "game_id": "135305", "values": [{"date": "2024-06-26-12-00-00", "latency": 3}]}, {"location": {"country_code": "kr"}, "game_id": "135305", "values": [{"date": "2024-06-26-07-00-00", "latency": 103}]}, {"location": {"country_code": "bo"}, "game_id": "135305", "values": [{"date": "2024-06-26-04-00-00", "latency": 25000}, {"date": "2024-06-26-04-00-00", "latency": 25000}, {"date": "2024-06-26-04-00-00", "latency": 25000}, {"date": "2024-06-26-04-00-00", "latency": 25000}, {"date": "2024-06-26-04-00-00", "latency": 25000}, {"date": "2024-06-26-04-00-00", "latency": 25000}, {"date": "2024-06-26-04-00-00", "latency": 25000}, {"date": "2024-06-26-04-00-00", "latency": 25000}, {"date": "2024-06-26-04-00-00", "latency": 25000}, {"date": "2024-06-26-04-00-00", "latency": 25000}]}, {"location": {"country_code": "co"}, "game_id": "135305", "values": [{"date": "2024-06-26-03-00-00", "latency": 7}]}, {"location": {"country_code": "br", "region": "Estado de Bahia", "city": "Salvador"}, "game_id": "135305", "values": [{"date": "2024-06-26-20-00-00", "latency": 98}, {"date": "2024-06-26-20-00-00", "latency": 98}, {"date": "2024-06-26-20-00-00", "latency": 98}, {"date": "2024-06-26-20-00-00", "latency": 98}, {"date": "2024-06-26-20-00-00", "latency": 98}, {"date": "2024-06-26-20-00-00", "latency": 98}]}, {"location": {"country_code": "cn"}, "game_id": "135305", "values": [{"date": "2024-06-26-03-00-00", "latency": 7}]}, {"location": {"country_code": "pe"}, "game_id": "135305", "values": [{"date": "2024-06-27-02-00-00", "latency": 14}]}, {"location": {"country_code": "my"}, "game_id": "135305", "values": [{"date": "2024-06-26-19-00-00", "latency": 8}]}, {"location": {"country_code": "id"}, "game_id": "135305", "values": [{"date": "2024-06-26-21-00-00", "latency": 4}, {"date": "2024-06-26-21-00-00", "latency": 4}]}, {"location": {"country_code": "mx", "region": "Nuevo Leon", "city": "Monterrey"}, "game_id": "135305", "values": [{"date": "2024-06-26-05-00-00", "latency": 52}]}, {"location": {"country_code": "br", "region": "State of Rio de Janeiro", "city": "Angra dos Reis"}, "game_id": "135305", "values": [{"date": "2024-06-26-19-00-00", "latency": 13}]}, {"location": {"country_code": "mx", "region": "Jalisco", "city": "Guadalajara"}, "game_id": "135305", "values": [{"date": "2024-06-26-09-00-00", "latency": 8}, {"date": "2024-06-26-09-00-00", "latency": 8}]}, {"location": {"country_code": "at", "region": "Upper Austria"}, "game_id": "135305", "values": [{"date": "2024-06-26-19-00-00", "latency": 1}, {"date": "2024-06-26-19-00-00", "latency": 1}]}, {"location": {"country_code": "ca", "region": "British Columbia", "city": "Richmond"}, "game_id": "135305", "values": [{"date": "2024-06-26-08-00-00", "latency": 78}, {"date": "2024-06-26-08-00-00", "latency": 78}]}, {"location": {"country_code": "br", "region": "Amazonas", "city": "Manaus"}, "game_id": "135305", "values": [{"date": "2024-06-26-05-00-00", "latency": 38}]}, {"location": {"country_code": "fr", "region": "Aquitania-Limosino-Poitou-Charentes", "city": "Bordeaux"}, "game_id": "135305", "values": [{"date": "2024-06-26-23-00-00", "latency": 10}]}, {"location": {"country_code": "br", "region": "Paraiba", "city": "Santa Rita"}, "game_id": "135305", "values": [{"date": "2024-06-26-20-00-00", "latency": 9}, {"date": "2024-06-26-20-00-00", "latency": 9}, {"date": "2024-06-26-20-00-00", "latency": 9}, {"date": "2024-06-26-20-00-00", "latency": 9}, {"date": "2024-06-26-20-00-00", "latency": 9}, {"date": "2024-06-26-20-00-00", "latency": 9}]}, {"location": {"country_code": "ru", "region": "Krasnodar Krai", "city": "Novorossiysk"}, "game_id": "135305", "values": [{"date": "2024-06-26-17-00-00", "latency": 9}]}, {"location": {"country_code": "br", "region": "Paraiba"}, "game_id": "135305", "values": [{"date": "2024-06-26-03-00-00", "latency": 9}, {"date": "2024-06-26-03-00-00", "latency": 9}]}], "last_updated": 1719919348.196632}