{"data": [{"location": {"country_code": "us"}, "game_id": "762836", "values": [{"date": "2024-03-01-09-00-00", "latency": 12}, {"date": "2024-03-01-09-00-00", "latency": 12}, {"date": "2024-03-01-09-00-00", "latency": 12}, {"date": "2024-03-01-09-00-00", "latency": 12}, {"date": "2024-03-01-09-00-00", "latency": 12}, {"date": "2024-03-01-09-00-00", "latency": 12}, {"date": "2024-03-01-08-00-00", "latency": 18}, {"date": "2024-03-01-08-00-00", "latency": 18}, {"date": "2024-03-01-08-00-00", "latency": 18}, {"date": "2024-03-01-08-00-00", "latency": 18}, {"date": "2024-03-01-01-00-00", "latency": 14}, {"date": "2024-03-01-02-00-00", "latency": 31}, {"date": "2024-03-01-02-00-00", "latency": 31}, {"date": "2024-03-01-02-00-00", "latency": 31}, {"date": "2024-03-01-02-00-00", "latency": 31}, {"date": "2024-03-01-02-00-00", "latency": 31}, {"date": "2024-03-01-04-00-00", "latency": 46}, {"date": "2024-03-01-04-00-00", "latency": 46}, {"date": "2024-03-01-04-00-00", "latency": 27}, {"date": "2024-03-01-04-00-00", "latency": 27}, {"date": "2024-03-01-04-00-00", "latency": 27}, {"date": "2024-03-01-04-00-00", "latency": 27}, {"date": "2024-03-01-04-00-00", "latency": 27}, {"date": "2024-03-01-04-00-00", "latency": 27}, {"date": "2024-03-01-04-00-00", "latency": 27}, {"date": "2024-03-01-04-00-00", "latency": 27}]}, {"location": {"country_code": "us", "region": "New York", "city": "Jamestown"}, "game_id": "762836", "values": [{"date": "2024-03-01-04-00-00", "latency": 48}, {"date": "2024-03-01-04-00-00", "latency": 48}]}, {"location": {"country_code": "gb"}, "game_id": "762836", "values": [{"date": "2024-03-01-18-00-00", "latency": 2}, {"date": "2024-03-01-18-00-00", "latency": 2}, {"date": "2024-03-01-18-00-00", "latency": 2}, {"date": "2024-03-01-23-00-00", "latency": 18}, {"date": "2024-03-01-23-00-00", "latency": 18}, {"date": "2024-03-01-23-00-00", "latency": 18}, {"date": "2024-03-01-23-00-00", "latency": 18}, {"date": "2024-03-01-23-00-00", "latency": 18}, {"date": "2024-03-01-23-00-00", "latency": 18}, {"date": "2024-03-01-23-00-00", "latency": 18}, {"date": "2024-03-01-23-00-00", "latency": 18}, {"date": "2024-03-01-20-00-00", "latency": 24}, {"date": "2024-03-01-20-00-00", "latency": 24}, {"date": "2024-03-01-20-00-00", "latency": 24}, {"date": "2024-03-01-01-00-00", "latency": 23}]}, {"location": {"country_code": "nl"}, "game_id": "762836", "values": [{"date": "2024-03-02-01-00-00", "latency": 13}, {"date": "2024-03-02-01-00-00", "latency": 13}]}, {"location": {"country_code": "cz"}, "game_id": "762836", "values": [{"date": "2024-03-02-00-00-00", "latency": 58}, {"date": "2024-03-02-00-00-00", "latency": 58}, {"date": "2024-03-02-00-00-00", "latency": 58}, {"date": "2024-03-02-00-00-00", "latency": 58}]}, {"location": {"country_code": "it"}, "game_id": "762836", "values": [{"date": "2024-03-01-18-00-00", "latency": 52}, {"date": "2024-03-01-18-00-00", "latency": 52}, {"date": "2024-03-01-18-00-00", "latency": 52}, {"date": "2024-03-01-18-00-00", "latency": 52}, {"date": "2024-03-01-18-00-00", "latency": 52}, {"date": "2024-03-01-18-00-00", "latency": 52}, {"date": "2024-03-01-18-00-00", "latency": 52}, {"date": "2024-03-01-18-00-00", "latency": 52}, {"date": "2024-03-01-18-00-00", "latency": 52}, {"date": "2024-03-01-18-00-00", "latency": 52}, {"date": "2024-03-01-18-00-00", "latency": 52}, {"date": "2024-03-01-18-00-00", "latency": 52}, {"date": "2024-03-01-18-00-00", "latency": 52}, {"date": "2024-03-01-18-00-00", "latency": 52}, {"date": "2024-03-01-18-00-00", "latency": 52}]}, {"location": {"country_code": "us", "region": "Alaska"}, "game_id": "762836", "values": [{"date": "2024-03-01-03-00-00", "latency": 29}]}, {"location": {"country_code": "ca"}, "game_id": "762836", "values": [{"date": "2024-03-02-01-00-00", "latency": 41}, {"date": "2024-03-02-01-00-00", "latency": 41}, {"date": "2024-03-02-01-00-00", "latency": 41}, {"date": "2024-03-02-00-00-00", "latency": 48}, {"date": "2024-03-02-00-00-00", "latency": 48}, {"date": "2024-03-02-00-00-00", "latency": 48}, {"date": "2024-03-02-00-00-00", "latency": 48}, {"date": "2024-03-02-00-00-00", "latency": 48}, {"date": "2024-03-01-07-00-00", "latency": 42}, {"date": "2024-03-01-07-00-00", "latency": 42}, {"date": "2024-03-01-07-00-00", "latency": 42}, {"date": "2024-03-01-07-00-00", "latency": 42}, {"date": "2024-03-01-07-00-00", "latency": 42}, {"date": "2024-03-01-07-00-00", "latency": 42}, {"date": "2024-03-01-07-00-00", "latency": 42}, {"date": "2024-03-01-07-00-00", "latency": 42}, {"date": "2024-03-01-07-00-00", "latency": 42}]}, {"location": {"country_code": "ca", "region": "Ontario", "city": "Kingston"}, "game_id": "762836", "values": [{"date": "2024-03-01-09-00-00", "latency": 31}, {"date": "2024-03-01-09-00-00", "latency": 31}, {"date": "2024-03-01-09-00-00", "latency": 31}, {"date": "2024-03-01-09-00-00", "latency": 31}, {"date": "2024-03-01-09-00-00", "latency": 31}, {"date": "2024-03-01-09-00-00", "latency": 31}, {"date": "2024-03-01-09-00-00", "latency": 31}, {"date": "2024-03-01-09-00-00", "latency": 31}, {"date": "2024-03-01-09-00-00", "latency": 31}, {"date": "2024-03-01-09-00-00", "latency": 31}, {"date": "2024-03-01-09-00-00", "latency": 31}, {"date": "2024-03-01-09-00-00", "latency": 31}, {"date": "2024-03-01-09-00-00", "latency": 31}, {"date": "2024-03-01-09-00-00", "latency": 31}, {"date": "2024-03-01-09-00-00", "latency": 31}, {"date": "2024-03-01-09-00-00", "latency": 31}, {"date": "2024-03-01-09-00-00", "latency": 31}, {"date": "2024-03-01-09-00-00", "latency": 31}]}, {"location": {"country_code": "de"}, "game_id": "762836", "values": [{"date": "2024-03-01-22-00-00", "latency": 2}, {"date": "2024-03-01-22-00-00", "latency": 2}, {"date": "2024-03-01-14-00-00", "latency": 13}, {"date": "2024-03-01-14-00-00", "latency": 13}]}, {"location": {"country_code": "tw"}, "game_id": "762836", "values": [{"date": "2024-03-01-19-00-00", "latency": 19}, {"date": "2024-03-01-19-00-00", "latency": 19}, {"date": "2024-03-01-19-00-00", "latency": 19}, {"date": "2024-03-01-19-00-00", "latency": 19}]}, {"location": {"country_code": "us", "region": "Indiana"}, "game_id": "762836", "values": [{"date": "2024-03-01-03-00-00", "latency": 67}, {"date": "2024-03-01-03-00-00", "latency": 67}, {"date": "2024-03-01-03-00-00", "latency": 67}, {"date": "2024-03-01-17-00-00", "latency": 47}, {"date": "2024-03-01-17-00-00", "latency": 47}, {"date": "2024-03-01-17-00-00", "latency": 47}, {"date": "2024-03-01-17-00-00", "latency": 47}, {"date": "2024-03-01-17-00-00", "latency": 47}, {"date": "2024-03-01-17-00-00", "latency": 47}, {"date": "2024-03-01-17-00-00", "latency": 47}, {"date": "2024-03-01-17-00-00", "latency": 47}, {"date": "2024-03-01-17-00-00", "latency": 47}, {"date": "2024-03-01-17-00-00", "latency": 47}, {"date": "2024-03-01-17-00-00", "latency": 47}, {"date": "2024-03-01-17-00-00", "latency": 47}, {"date": "2024-03-01-17-00-00", "latency": 47}, {"date": "2024-03-01-17-00-00", "latency": 47}, {"date": "2024-03-01-17-00-00", "latency": 47}, {"date": "2024-03-01-17-00-00", "latency": 47}, {"date": "2024-03-01-17-00-00", "latency": 47}, {"date": "2024-03-01-06-00-00", "latency": 41}, {"date": "2024-03-01-06-00-00", "latency": 41}, {"date": "2024-03-01-06-00-00", "latency": 41}, {"date": "2024-03-01-06-00-00", "latency": 41}, {"date": "2024-03-01-06-00-00", "latency": 41}, {"date": "2024-03-01-06-00-00", "latency": 41}, {"date": "2024-03-01-06-00-00", "latency": 41}, {"date": "2024-03-01-06-00-00", "latency": 41}, {"date": "2024-03-01-06-00-00", "latency": 41}, {"date": "2024-03-01-06-00-00", "latency": 41}, {"date": "2024-03-01-06-00-00", "latency": 41}, {"date": "2024-03-01-06-00-00", "latency": 41}, {"date": "2024-03-01-06-00-00", "latency": 41}, {"date": "2024-03-01-06-00-00", "latency": 41}, {"date": "2024-03-01-06-00-00", "latency": 41}, {"date": "2024-03-01-06-00-00", "latency": 41}, {"date": "2024-03-01-06-00-00", "latency": 41}, {"date": "2024-03-01-06-00-00", "latency": 41}, {"date": "2024-03-01-06-00-00", "latency": 41}, {"date": "2024-03-01-06-00-00", "latency": 41}, {"date": "2024-03-01-06-00-00", "latency": 41}, {"date": "2024-03-01-06-00-00", "latency": 41}, {"date": "2024-03-01-06-00-00", "latency": 41}, {"date": "2024-03-01-06-00-00", "latency": 41}, {"date": "2024-03-01-06-00-00", "latency": 41}, {"date": "2024-03-01-06-00-00", "latency": 41}]}, {"location": {"country_code": "gb", "region": "England"}, "game_id": "762836", "values": [{"date": "2024-03-01-15-00-00", "latency": 22}, {"date": "2024-03-01-15-00-00", "latency": 22}]}, {"location": {"country_code": "gb", "region": "Scotland"}, "game_id": "762836", "values": [{"date": "2024-03-01-18-00-00", "latency": 33}, {"date": "2024-03-01-18-00-00", "latency": 33}, {"date": "2024-03-01-18-00-00", "latency": 33}, {"date": "2024-03-01-18-00-00", "latency": 33}]}, {"location": {"country_code": "us", "region": "Texas"}, "game_id": "762836", "values": [{"date": "2024-03-01-11-00-00", "latency": 25}, {"date": "2024-03-01-11-00-00", "latency": 25}, {"date": "2024-03-01-11-00-00", "latency": 25}, {"date": "2024-03-01-11-00-00", "latency": 25}, {"date": "2024-03-01-04-00-00", "latency": 21}, {"date": "2024-03-01-04-00-00", "latency": 21}, {"date": "2024-03-01-04-00-00", "latency": 21}, {"date": "2024-03-01-04-00-00", "latency": 21}, {"date": "2024-03-01-01-00-00", "latency": 2}, {"date": "2024-03-01-01-00-00", "latency": 2}, {"date": "2024-03-01-08-00-00", "latency": 26}, {"date": "2024-03-01-08-00-00", "latency": 26}, {"date": "2024-03-01-08-00-00", "latency": 26}, {"date": "2024-03-01-08-00-00", "latency": 26}, {"date": "2024-03-01-08-00-00", "latency": 26}, {"date": "2024-03-01-08-00-00", "latency": 26}, {"date": "2024-03-01-08-00-00", "latency": 26}, {"date": "2024-03-01-08-00-00", "latency": 26}, {"date": "2024-03-01-08-00-00", "latency": 26}, {"date": "2024-03-01-08-00-00", "latency": 26}, {"date": "2024-03-01-08-00-00", "latency": 26}, {"date": "2024-03-01-08-00-00", "latency": 26}, {"date": "2024-03-01-08-00-00", "latency": 26}, {"date": "2024-03-01-08-00-00", "latency": 26}, {"date": "2024-03-01-08-00-00", "latency": 26}, {"date": "2024-03-01-08-00-00", "latency": 26}]}, {"location": {"country_code": "us", "region": "Florida"}, "game_id": "762836", "values": [{"date": "2024-03-02-01-00-00", "latency": 44}, {"date": "2024-03-02-01-00-00", "latency": 44}, {"date": "2024-03-02-01-00-00", "latency": 44}, {"date": "2024-03-02-01-00-00", "latency": 44}, {"date": "2024-03-02-01-00-00", "latency": 44}, {"date": "2024-03-02-01-00-00", "latency": 44}, {"date": "2024-03-02-01-00-00", "latency": 44}, {"date": "2024-03-01-03-00-00", "latency": 22}]}, {"location": {"country_code": "fr"}, "game_id": "762836", "values": [{"date": "2024-03-02-00-00-00", "latency": 34}, {"date": "2024-03-02-00-00-00", "latency": 34}, {"date": "2024-03-02-00-00-00", "latency": 34}, {"date": "2024-03-02-00-00-00", "latency": 34}, {"date": "2024-03-02-00-00-00", "latency": 34}, {"date": "2024-03-02-00-00-00", "latency": 34}, {"date": "2024-03-02-00-00-00", "latency": 34}, {"date": "2024-03-02-00-00-00", "latency": 34}, {"date": "2024-03-02-00-00-00", "latency": 34}, {"date": "2024-03-02-00-00-00", "latency": 34}, {"date": "2024-03-02-00-00-00", "latency": 20}, {"date": "2024-03-02-00-00-00", "latency": 20}, {"date": "2024-03-02-00-00-00", "latency": 20}, {"date": "2024-03-02-00-00-00", "latency": 20}, {"date": "2024-03-02-00-00-00", "latency": 20}, {"date": "2024-03-02-00-00-00", "latency": 20}, {"date": "2024-03-02-01-00-00", "latency": 28}, {"date": "2024-03-02-01-00-00", "latency": 28}, {"date": "2024-03-02-01-00-00", "latency": 28}, {"date": "2024-03-02-01-00-00", "latency": 28}, {"date": "2024-03-02-01-00-00", "latency": 28}, {"date": "2024-03-02-01-00-00", "latency": 28}, {"date": "2024-03-02-01-00-00", "latency": 28}, {"date": "2024-03-02-01-00-00", "latency": 28}, {"date": "2024-03-02-01-00-00", "latency": 28}, {"date": "2024-03-02-01-00-00", "latency": 28}, {"date": "2024-03-02-01-00-00", "latency": 28}, {"date": "2024-03-02-01-00-00", "latency": 28}]}, {"location": {"country_code": "mx"}, "game_id": "762836", "values": [{"date": "2024-03-01-07-00-00", "latency": 28}, {"date": "2024-03-01-07-00-00", "latency": 28}, {"date": "2024-03-01-07-00-00", "latency": 28}, {"date": "2024-03-01-07-00-00", "latency": 28}]}, {"location": {"country_code": "mx", "region": "Mexico City"}, "game_id": "762836", "values": [{"date": "2024-03-01-17-00-00", "latency": 39}, {"date": "2024-03-01-17-00-00", "latency": 39}, {"date": "2024-03-01-17-00-00", "latency": 39}, {"date": "2024-03-01-17-00-00", "latency": 39}, {"date": "2024-03-01-17-00-00", "latency": 39}]}, {"location": {"country_code": "us", "region": "Washington", "city": "Spokane"}, "game_id": "762836", "values": [{"date": "2024-03-01-23-00-00", "latency": 35}, {"date": "2024-03-01-23-00-00", "latency": 35}, {"date": "2024-03-01-23-00-00", "latency": 35}, {"date": "2024-03-01-23-00-00", "latency": 35}, {"date": "2024-03-01-23-00-00", "latency": 35}, {"date": "2024-03-01-23-00-00", "latency": 35}]}, {"location": {"country_code": "br"}, "game_id": "762836", "values": [{"date": "2024-03-01-05-00-00", "latency": 21}, {"date": "2024-03-01-05-00-00", "latency": 21}, {"date": "2024-03-01-05-00-00", "latency": 21}, {"date": "2024-03-01-05-00-00", "latency": 21}, {"date": "2024-03-01-05-00-00", "latency": 21}, {"date": "2024-03-01-05-00-00", "latency": 21}, {"date": "2024-03-01-05-00-00", "latency": 21}, {"date": "2024-03-01-05-00-00", "latency": 21}, {"date": "2024-03-01-05-00-00", "latency": 21}, {"date": "2024-03-01-05-00-00", "latency": 9}]}, {"location": {"country_code": "br", "region": "Sao Paulo", "city": "Apiai"}, "game_id": "762836", "values": [{"date": "2024-03-01-04-00-00", "latency": 9}, {"date": "2024-03-01-04-00-00", "latency": 9}, {"date": "2024-03-01-04-00-00", "latency": 9}, {"date": "2024-03-01-04-00-00", "latency": 9}, {"date": "2024-03-01-04-00-00", "latency": 9}, {"date": "2024-03-01-04-00-00", "latency": 9}, {"date": "2024-03-01-04-00-00", "latency": 9}, {"date": "2024-03-01-23-00-00", "latency": 17}, {"date": "2024-03-01-23-00-00", "latency": 17}, {"date": "2024-03-01-23-00-00", "latency": 17}, {"date": "2024-03-01-23-00-00", "latency": 17}, {"date": "2024-03-01-23-00-00", "latency": 17}, {"date": "2024-03-01-23-00-00", "latency": 17}, {"date": "2024-03-01-23-00-00", "latency": 17}, {"date": "2024-03-01-23-00-00", "latency": 17}, {"date": "2024-03-01-23-00-00", "latency": 17}, {"date": "2024-03-01-23-00-00", "latency": 17}, {"date": "2024-03-01-23-00-00", "latency": 17}, {"date": "2024-03-01-23-00-00", "latency": 17}, {"date": "2024-03-01-23-00-00", "latency": 17}]}, {"location": {"country_code": "br", "region": "Sao Paulo", "city": "Birigui"}, "game_id": "762836", "values": [{"date": "2024-03-01-04-00-00", "latency": 9}, {"date": "2024-03-01-04-00-00", "latency": 9}, {"date": "2024-03-01-04-00-00", "latency": 9}, {"date": "2024-03-01-04-00-00", "latency": 9}, {"date": "2024-03-01-04-00-00", "latency": 9}, {"date": "2024-03-01-04-00-00", "latency": 9}, {"date": "2024-03-01-04-00-00", "latency": 9}, {"date": "2024-03-01-04-00-00", "latency": 9}]}, {"location": {"country_code": "se"}, "game_id": "762836", "values": [{"date": "2024-03-01-21-00-00", "latency": 45}, {"date": "2024-03-01-21-00-00", "latency": 45}, {"date": "2024-03-01-21-00-00", "latency": 45}, {"date": "2024-03-01-21-00-00", "latency": 45}, {"date": "2024-03-01-21-00-00", "latency": 45}, {"date": "2024-03-01-21-00-00", "latency": 45}, {"date": "2024-03-01-21-00-00", "latency": 45}, {"date": "2024-03-01-21-00-00", "latency": 45}, {"date": "2024-03-01-21-00-00", "latency": 45}, {"date": "2024-03-01-21-00-00", "latency": 45}, {"date": "2024-03-01-21-00-00", "latency": 45}, {"date": "2024-03-01-21-00-00", "latency": 45}, {"date": "2024-03-01-21-00-00", "latency": 45}, {"date": "2024-03-01-21-00-00", "latency": 45}]}, {"location": {"country_code": "us", "region": "California", "city": "East Los Angeles"}, "game_id": "762836", "values": [{"date": "2024-03-01-06-00-00", "latency": 2}]}, {"location": {"country_code": "us", "region": "Maryland", "city": "Dundalk"}, "game_id": "762836", "values": [{"date": "2024-03-01-06-00-00", "latency": 55}, {"date": "2024-03-01-06-00-00", "latency": 55}]}, {"location": {"country_code": "tr"}, "game_id": "762836", "values": [{"date": "2024-03-01-21-00-00", "latency": 36}, {"date": "2024-03-01-21-00-00", "latency": 36}, {"date": "2024-03-01-21-00-00", "latency": 36}, {"date": "2024-03-01-21-00-00", "latency": 36}, {"date": "2024-03-01-21-00-00", "latency": 36}, {"date": "2024-03-01-21-00-00", "latency": 36}, {"date": "2024-03-01-21-00-00", "latency": 36}, {"date": "2024-03-01-21-00-00", "latency": 36}, {"date": "2024-03-01-21-00-00", "latency": 36}, {"date": "2024-03-01-21-00-00", "latency": 36}, {"date": "2024-03-01-21-00-00", "latency": 36}, {"date": "2024-03-01-21-00-00", "latency": 36}, {"date": "2024-03-01-21-00-00", "latency": 36}, {"date": "2024-03-01-21-00-00", "latency": 36}]}, {"location": {"country_code": "us", "region": "Pennsylvania", "city": "Philadelphia"}, "game_id": "762836", "values": [{"date": "2024-03-01-20-00-00", "latency": 9}, {"date": "2024-03-01-20-00-00", "latency": 9}, {"date": "2024-03-01-20-00-00", "latency": 9}, {"date": "2024-03-01-20-00-00", "latency": 9}, {"date": "2024-03-01-20-00-00", "latency": 9}, {"date": "2024-03-01-20-00-00", "latency": 9}, {"date": "2024-03-01-20-00-00", "latency": 9}, {"date": "2024-03-01-20-00-00", "latency": 9}, {"date": "2024-03-01-20-00-00", "latency": 9}, {"date": "2024-03-01-20-00-00", "latency": 9}, {"date": "2024-03-01-04-00-00", "latency": 17}]}, {"location": {"country_code": "bo"}, "game_id": "762836", "values": [{"date": "2024-03-01-11-00-00", "latency": 33}, {"date": "2024-03-01-11-00-00", "latency": 33}, {"date": "2024-03-01-11-00-00", "latency": 33}]}, {"location": {"country_code": "fi"}, "game_id": "762836", "values": [{"date": "2024-03-01-17-00-00", "latency": 50}, {"date": "2024-03-01-17-00-00", "latency": 50}, {"date": "2024-03-01-17-00-00", "latency": 50}, {"date": "2024-03-01-17-00-00", "latency": 50}, {"date": "2024-03-01-17-00-00", "latency": 50}]}, {"location": {"country_code": "fi", "region": "Central Finland Region", "city": "Jyvaskyla"}, "game_id": "762836", "values": [{"date": "2024-03-01-01-00-00", "latency": 33}]}, {"location": {"country_code": "us", "region": "Massachusetts"}, "game_id": "762836", "values": [{"date": "2024-03-01-06-00-00", "latency": 27}]}, {"location": {"country_code": "jp", "region": "Tokyo"}, "game_id": "762836", "values": [{"date": "2024-03-01-13-00-00", "latency": 24}, {"date": "2024-03-01-13-00-00", "latency": 24}, {"date": "2024-03-01-13-00-00", "latency": 24}, {"date": "2024-03-01-13-00-00", "latency": 24}]}, {"location": {"country_code": "us", "region": "Missouri", "city": "Downtown Kansas City"}, "game_id": "762836", "values": [{"date": "2024-03-01-02-00-00", "latency": 38}, {"date": "2024-03-01-02-00-00", "latency": 38}, {"date": "2024-03-01-02-00-00", "latency": 38}]}, {"location": {"country_code": "us", "region": "South Carolina"}, "game_id": "762836", "values": [{"date": "2024-03-02-00-00-00", "latency": 102}, {"date": "2024-03-02-00-00-00", "latency": 102}, {"date": "2024-03-02-00-00-00", "latency": 102}, {"date": "2024-03-02-00-00-00", "latency": 102}]}, {"location": {"country_code": "us", "region": "Michigan"}, "game_id": "762836", "values": [{"date": "2024-03-01-07-00-00", "latency": 33}, {"date": "2024-03-01-07-00-00", "latency": 33}, {"date": "2024-03-01-07-00-00", "latency": 33}, {"date": "2024-03-01-07-00-00", "latency": 33}, {"date": "2024-03-01-07-00-00", "latency": 33}, {"date": "2024-03-01-07-00-00", "latency": 33}, {"date": "2024-03-01-07-00-00", "latency": 33}, {"date": "2024-03-01-07-00-00", "latency": 33}, {"date": "2024-03-01-07-00-00", "latency": 33}, {"date": "2024-03-01-07-00-00", "latency": 33}, {"date": "2024-03-01-07-00-00", "latency": 33}, {"date": "2024-03-01-07-00-00", "latency": 33}, {"date": "2024-03-01-07-00-00", "latency": 33}, {"date": "2024-03-01-07-00-00", "latency": 33}, {"date": "2024-03-01-07-00-00", "latency": 33}]}, {"location": {"country_code": "us", "region": "Illinois", "city": "Chicago"}, "game_id": "762836", "values": [{"date": "2024-03-01-05-00-00", "latency": 55}, {"date": "2024-03-01-05-00-00", "latency": 55}, {"date": "2024-03-01-05-00-00", "latency": 55}, {"date": "2024-03-01-05-00-00", "latency": 55}, {"date": "2024-03-01-05-00-00", "latency": 55}, {"date": "2024-03-01-05-00-00", "latency": 55}]}, {"location": {"country_code": "co"}, "game_id": "762836", "values": [{"date": "2024-03-02-01-00-00", "latency": 91}, {"date": "2024-03-02-01-00-00", "latency": 91}, {"date": "2024-03-02-01-00-00", "latency": 91}, {"date": "2024-03-02-01-00-00", "latency": 91}, {"date": "2024-03-02-01-00-00", "latency": 91}, {"date": "2024-03-02-01-00-00", "latency": 91}, {"date": "2024-03-02-01-00-00", "latency": 91}, {"date": "2024-03-02-01-00-00", "latency": 82}, {"date": "2024-03-02-01-00-00", "latency": 82}, {"date": "2024-03-02-01-00-00", "latency": 82}]}, {"location": {"country_code": "at"}, "game_id": "762836", "values": [{"date": "2024-03-01-22-00-00", "latency": 41}, {"date": "2024-03-01-22-00-00", "latency": 41}]}, {"location": {"country_code": "us", "region": "Arizona"}, "game_id": "762836", "values": [{"date": "2024-03-01-09-00-00", "latency": 71}, {"date": "2024-03-01-09-00-00", "latency": 71}, {"date": "2024-03-01-09-00-00", "latency": 71}, {"date": "2024-03-01-09-00-00", "latency": 71}, {"date": "2024-03-01-09-00-00", "latency": 71}, {"date": "2024-03-01-09-00-00", "latency": 71}, {"date": "2024-03-01-09-00-00", "latency": 71}, {"date": "2024-03-01-09-00-00", "latency": 71}, {"date": "2024-03-01-09-00-00", "latency": 71}, {"date": "2024-03-01-09-00-00", "latency": 71}, {"date": "2024-03-01-09-00-00", "latency": 71}, {"date": "2024-03-01-09-00-00", "latency": 71}, {"date": "2024-03-01-09-00-00", "latency": 71}, {"date": "2024-03-01-09-00-00", "latency": 71}, {"date": "2024-03-01-09-00-00", "latency": 71}, {"date": "2024-03-01-09-00-00", "latency": 71}, {"date": "2024-03-01-09-00-00", "latency": 71}, {"date": "2024-03-01-09-00-00", "latency": 71}, {"date": "2024-03-01-09-00-00", "latency": 71}, {"date": "2024-03-01-09-00-00", "latency": 71}, {"date": "2024-03-01-09-00-00", "latency": 71}, {"date": "2024-03-01-09-00-00", "latency": 71}, {"date": "2024-03-01-09-00-00", "latency": 71}, {"date": "2024-03-01-09-00-00", "latency": 71}, {"date": "2024-03-01-09-00-00", "latency": 71}, {"date": "2024-03-01-09-00-00", "latency": 71}, {"date": "2024-03-01-09-00-00", "latency": 71}, {"date": "2024-03-01-09-00-00", "latency": 71}, {"date": "2024-03-01-09-00-00", "latency": 71}, {"date": "2024-03-01-09-00-00", "latency": 71}, {"date": "2024-03-01-09-00-00", "latency": 71}, {"date": "2024-03-01-09-00-00", "latency": 71}, {"date": "2024-03-01-09-00-00", "latency": 71}, {"date": "2024-03-01-09-00-00", "latency": 71}, {"date": "2024-03-01-09-00-00", "latency": 71}, {"date": "2024-03-01-09-00-00", "latency": 71}, {"date": "2024-03-01-09-00-00", "latency": 71}, {"date": "2024-03-01-09-00-00", "latency": 71}, {"date": "2024-03-01-09-00-00", "latency": 71}]}, {"location": {"country_code": "pl"}, "game_id": "762836", "values": [{"date": "2024-03-01-21-00-00", "latency": 39}, {"date": "2024-03-01-21-00-00", "latency": 39}, {"date": "2024-03-01-21-00-00", "latency": 39}, {"date": "2024-03-01-21-00-00", "latency": 39}, {"date": "2024-03-01-21-00-00", "latency": 39}, {"date": "2024-03-01-21-00-00", "latency": 39}, {"date": "2024-03-01-21-00-00", "latency": 39}, {"date": "2024-03-01-21-00-00", "latency": 39}, {"date": "2024-03-01-21-00-00", "latency": 39}, {"date": "2024-03-01-21-00-00", "latency": 39}, {"date": "2024-03-01-21-00-00", "latency": 39}, {"date": "2024-03-01-21-00-00", "latency": 39}, {"date": "2024-03-01-21-00-00", "latency": 39}, {"date": "2024-03-01-21-00-00", "latency": 39}, {"date": "2024-03-01-21-00-00", "latency": 39}, {"date": "2024-03-01-21-00-00", "latency": 39}, {"date": "2024-03-01-21-00-00", "latency": 39}, {"date": "2024-03-01-21-00-00", "latency": 39}]}, {"location": {"country_code": "gb", "region": "England", "city": "London"}, "game_id": "762836", "values": [{"date": "2024-03-01-18-00-00", "latency": 14}]}, {"location": {"country_code": "us", "region": "Georgia"}, "game_id": "762836", "values": [{"date": "2024-03-01-05-00-00", "latency": 92}, {"date": "2024-03-01-05-00-00", "latency": 92}]}, {"location": {"country_code": "ie"}, "game_id": "762836", "values": [{"date": "2024-03-02-01-00-00", "latency": 9}, {"date": "2024-03-02-01-00-00", "latency": 9}, {"date": "2024-03-02-01-00-00", "latency": 9}]}, {"location": {"country_code": "sg"}, "game_id": "762836", "values": [{"date": "2024-03-01-10-00-00", "latency": 9}, {"date": "2024-03-01-10-00-00", "latency": 9}, {"date": "2024-03-01-10-00-00", "latency": 9}, {"date": "2024-03-01-10-00-00", "latency": 9}]}, {"location": {"country_code": "us", "region": "District of Columbia", "city": "Washington"}, "game_id": "762836", "values": [{"date": "2024-03-02-01-00-00", "latency": 68}, {"date": "2024-03-02-01-00-00", "latency": 68}, {"date": "2024-03-02-01-00-00", "latency": 68}, {"date": "2024-03-02-01-00-00", "latency": 68}, {"date": "2024-03-02-01-00-00", "latency": 68}, {"date": "2024-03-01-22-00-00", "latency": 24}, {"date": "2024-03-01-22-00-00", "latency": 24}]}, {"location": {"country_code": "ru"}, "game_id": "762836", "values": [{"date": "2024-03-02-01-00-00", "latency": 30}, {"date": "2024-03-02-01-00-00", "latency": 30}, {"date": "2024-03-02-01-00-00", "latency": 30}, {"date": "2024-03-02-01-00-00", "latency": 30}, {"date": "2024-03-02-01-00-00", "latency": 30}, {"date": "2024-03-02-01-00-00", "latency": 30}, {"date": "2024-03-02-01-00-00", "latency": 30}, {"date": "2024-03-02-01-00-00", "latency": 30}, {"date": "2024-03-02-01-00-00", "latency": 30}, {"date": "2024-03-02-01-00-00", "latency": 30}, {"date": "2024-03-02-01-00-00", "latency": 30}, {"date": "2024-03-02-01-00-00", "latency": 30}, {"date": "2024-03-02-01-00-00", "latency": 30}, {"date": "2024-03-02-01-00-00", "latency": 30}, {"date": "2024-03-02-01-00-00", "latency": 30}, {"date": "2024-03-02-01-00-00", "latency": 30}, {"date": "2024-03-02-01-00-00", "latency": 30}, {"date": "2024-03-02-01-00-00", "latency": 30}, {"date": "2024-03-02-01-00-00", "latency": 30}, {"date": "2024-03-02-01-00-00", "latency": 30}, {"date": "2024-03-02-01-00-00", "latency": 30}, {"date": "2024-03-02-01-00-00", "latency": 30}, {"date": "2024-03-02-01-00-00", "latency": 30}]}, {"location": {"country_code": "id"}, "game_id": "762836", "values": [{"date": "2024-03-01-17-00-00", "latency": 29}, {"date": "2024-03-01-17-00-00", "latency": 29}, {"date": "2024-03-01-17-00-00", "latency": 29}, {"date": "2024-03-01-17-00-00", "latency": 29}, {"date": "2024-03-01-17-00-00", "latency": 29}, {"date": "2024-03-01-17-00-00", "latency": 29}, {"date": "2024-03-01-17-00-00", "latency": 29}, {"date": "2024-03-01-17-00-00", "latency": 29}, {"date": "2024-03-01-17-00-00", "latency": 29}, {"date": "2024-03-01-17-00-00", "latency": 29}]}, {"location": {"country_code": "au", "region": "Queensland"}, "game_id": "762836", "values": [{"date": "2024-03-01-22-00-00", "latency": 39}, {"date": "2024-03-01-22-00-00", "latency": 39}]}, {"location": {"country_code": "us", "region": "Wisconsin"}, "game_id": "762836", "values": [{"date": "2024-03-01-01-00-00", "latency": 34}]}, {"location": {"country_code": "br", "region": "Rio Grande do Sul", "city": "Porto Alegre"}, "game_id": "762836", "values": [{"date": "2024-03-01-02-00-00", "latency": 15}, {"date": "2024-03-01-02-00-00", "latency": 15}, {"date": "2024-03-01-02-00-00", "latency": 15}, {"date": "2024-03-01-02-00-00", "latency": 15}, {"date": "2024-03-01-02-00-00", "latency": 15}]}, {"location": {"country_code": "br", "region": "State of Rio de Janeiro", "city": "Angra dos Reis"}, "game_id": "762836", "values": [{"date": "2024-03-01-07-00-00", "latency": 10}, {"date": "2024-03-01-07-00-00", "latency": 10}, {"date": "2024-03-01-07-00-00", "latency": 10}, {"date": "2024-03-01-07-00-00", "latency": 10}, {"date": "2024-03-01-07-00-00", "latency": 10}, {"date": "2024-03-01-07-00-00", "latency": 10}, {"date": "2024-03-01-07-00-00", "latency": 10}, {"date": "2024-03-01-07-00-00", "latency": 10}, {"date": "2024-03-01-07-00-00", "latency": 10}]}, {"location": {"country_code": "fr", "region": "Aquitania-Limosino-Poitou-Charentes"}, "game_id": "762836", "values": [{"date": "2024-03-01-09-00-00", "latency": 37}, {"date": "2024-03-01-09-00-00", "latency": 37}, {"date": "2024-03-01-09-00-00", "latency": 37}, {"date": "2024-03-01-09-00-00", "latency": 37}, {"date": "2024-03-01-09-00-00", "latency": 37}, {"date": "2024-03-01-09-00-00", "latency": 37}, {"date": "2024-03-01-09-00-00", "latency": 37}, {"date": "2024-03-01-09-00-00", "latency": 37}, {"date": "2024-03-01-09-00-00", "latency": 37}, {"date": "2024-03-01-09-00-00", "latency": 37}, {"date": "2024-03-01-09-00-00", "latency": 37}, {"date": "2024-03-01-09-00-00", "latency": 37}, {"date": "2024-03-01-09-00-00", "latency": 37}, {"date": "2024-03-01-09-00-00", "latency": 37}, {"date": "2024-03-01-09-00-00", "latency": 37}, {"date": "2024-03-01-09-00-00", "latency": 37}, {"date": "2024-03-01-09-00-00", "latency": 37}, {"date": "2024-03-01-09-00-00", "latency": 37}, {"date": "2024-03-01-09-00-00", "latency": 37}, {"date": "2024-03-01-09-00-00", "latency": 37}, {"date": "2024-03-01-09-00-00", "latency": 37}, {"date": "2024-03-01-09-00-00", "latency": 37}]}, {"location": {"country_code": "fr", "region": "Ile-de-France Region"}, "game_id": "762836", "values": [{"date": "2024-03-01-23-00-00", "latency": 9}, {"date": "2024-03-01-23-00-00", "latency": 9}, {"date": "2024-03-01-23-00-00", "latency": 9}, {"date": "2024-03-01-23-00-00", "latency": 9}, {"date": "2024-03-01-23-00-00", "latency": 9}, {"date": "2024-03-01-23-00-00", "latency": 9}, {"date": "2024-03-01-23-00-00", "latency": 9}, {"date": "2024-03-01-23-00-00", "latency": 9}]}, {"location": {"country_code": "us", "region": "Nebraska"}, "game_id": "762836", "values": [{"date": "2024-03-01-08-00-00", "latency": 9}, {"date": "2024-03-01-08-00-00", "latency": 9}, {"date": "2024-03-01-08-00-00", "latency": 9}]}, {"location": {"country_code": "us", "region": "Florida", "city": "Miami"}, "game_id": "762836", "values": [{"date": "2024-03-01-01-00-00", "latency": 38}]}, {"location": {"country_code": "us", "region": "Idaho", "city": "Idaho Falls"}, "game_id": "762836", "values": [{"date": "2024-03-01-04-00-00", "latency": 43}, {"date": "2024-03-01-04-00-00", "latency": 43}, {"date": "2024-03-01-04-00-00", "latency": 43}, {"date": "2024-03-01-04-00-00", "latency": 43}, {"date": "2024-03-01-04-00-00", "latency": 43}, {"date": "2024-03-01-04-00-00", "latency": 43}, {"date": "2024-03-01-04-00-00", "latency": 43}, {"date": "2024-03-01-04-00-00", "latency": 43}, {"date": "2024-03-01-04-00-00", "latency": 43}, {"date": "2024-03-01-04-00-00", "latency": 43}, {"date": "2024-03-01-04-00-00", "latency": 43}]}, {"location": {"country_code": "us", "region": "Massachusetts", "city": "Boston"}, "game_id": "762836", "values": [{"date": "2024-03-01-07-00-00", "latency": 28}, {"date": "2024-03-01-07-00-00", "latency": 28}, {"date": "2024-03-01-07-00-00", "latency": 28}, {"date": "2024-03-01-07-00-00", "latency": 28}, {"date": "2024-03-01-07-00-00", "latency": 28}]}, {"location": {"country_code": "us", "region": "West Virginia"}, "game_id": "762836", "values": [{"date": "2024-03-01-04-00-00", "latency": 65}, {"date": "2024-03-01-04-00-00", "latency": 65}, {"date": "2024-03-01-04-00-00", "latency": 65}, {"date": "2024-03-01-04-00-00", "latency": 65}, {"date": "2024-03-01-04-00-00", "latency": 65}, {"date": "2024-03-01-04-00-00", "latency": 65}, {"date": "2024-03-01-04-00-00", "latency": 65}, {"date": "2024-03-01-04-00-00", "latency": 65}, {"date": "2024-03-01-04-00-00", "latency": 65}, {"date": "2024-03-01-04-00-00", "latency": 65}, {"date": "2024-03-01-04-00-00", "latency": 65}, {"date": "2024-03-01-04-00-00", "latency": 65}]}, {"location": {"country_code": "us", "region": "Colorado", "city": "Denver"}, "game_id": "762836", "values": [{"date": "2024-03-01-18-00-00", "latency": 39}, {"date": "2024-03-01-18-00-00", "latency": 39}]}, {"location": {"country_code": "de", "region": "Lower Saxony", "city": "Hanover"}, "game_id": "762836", "values": [{"date": "2024-03-01-10-00-00", "latency": 22}, {"date": "2024-03-01-10-00-00", "latency": 22}, {"date": "2024-03-01-10-00-00", "latency": 22}, {"date": "2024-03-01-10-00-00", "latency": 22}, {"date": "2024-03-01-10-00-00", "latency": 22}, {"date": "2024-03-01-10-00-00", "latency": 22}, {"date": "2024-03-01-10-00-00", "latency": 22}, {"date": "2024-03-01-10-00-00", "latency": 22}, {"date": "2024-03-01-10-00-00", "latency": 22}, {"date": "2024-03-01-10-00-00", "latency": 22}, {"date": "2024-03-01-10-00-00", "latency": 22}, {"date": "2024-03-01-10-00-00", "latency": 22}]}, {"location": {"country_code": "us", "region": "Tennessee", "city": "Memphis"}, "game_id": "762836", "values": [{"date": "2024-03-01-06-00-00", "latency": 51}, {"date": "2024-03-01-06-00-00", "latency": 51}, {"date": "2024-03-01-06-00-00", "latency": 51}, {"date": "2024-03-01-06-00-00", "latency": 51}]}, {"location": {"country_code": "us", "region": "Connecticut"}, "game_id": "762836", "values": [{"date": "2024-03-01-07-00-00", "latency": 31}, {"date": "2024-03-01-07-00-00", "latency": 31}, {"date": "2024-03-01-07-00-00", "latency": 31}, {"date": "2024-03-01-07-00-00", "latency": 31}, {"date": "2024-03-01-07-00-00", "latency": 31}, {"date": "2024-03-01-07-00-00", "latency": 31}, {"date": "2024-03-01-07-00-00", "latency": 31}, {"date": "2024-03-01-07-00-00", "latency": 31}, {"date": "2024-03-01-07-00-00", "latency": 31}, {"date": "2024-03-01-07-00-00", "latency": 31}, {"date": "2024-03-01-07-00-00", "latency": 31}, {"date": "2024-03-01-07-00-00", "latency": 31}, {"date": "2024-03-01-07-00-00", "latency": 14}, {"date": "2024-03-01-07-00-00", "latency": 14}]}, {"location": {"country_code": "us", "region": "Rhode Island"}, "game_id": "762836", "values": [{"date": "2024-03-01-07-00-00", "latency": 17}]}, {"location": {"country_code": "de", "region": "North Rhine-Westphalia"}, "game_id": "762836", "values": [{"date": "2024-03-01-23-00-00", "latency": 4}, {"date": "2024-03-01-23-00-00", "latency": 4}, {"date": "2024-03-01-23-00-00", "latency": 4}, {"date": "2024-03-01-23-00-00", "latency": 4}, {"date": "2024-03-01-23-00-00", "latency": 4}, {"date": "2024-03-01-23-00-00", "latency": 4}, {"date": "2024-03-01-23-00-00", "latency": 4}, {"date": "2024-03-01-23-00-00", "latency": 4}, {"date": "2024-03-01-23-00-00", "latency": 4}, {"date": "2024-03-01-23-00-00", "latency": 4}, {"date": "2024-03-01-23-00-00", "latency": 4}, {"date": "2024-03-01-23-00-00", "latency": 4}, {"date": "2024-03-01-23-00-00", "latency": 4}, {"date": "2024-03-01-23-00-00", "latency": 4}, {"date": "2024-03-01-23-00-00", "latency": 4}, {"date": "2024-03-01-23-00-00", "latency": 4}]}, {"location": {"country_code": "us", "region": "New Mexico", "city": "Albuquerque"}, "game_id": "762836", "values": [{"date": "2024-03-01-13-00-00", "latency": 9}, {"date": "2024-03-01-13-00-00", "latency": 9}, {"date": "2024-03-01-13-00-00", "latency": 9}, {"date": "2024-03-01-13-00-00", "latency": 9}]}, {"location": {"country_code": "fr", "region": "Centre-Val de Loire"}, "game_id": "762836", "values": [{"date": "2024-03-02-01-00-00", "latency": 17}, {"date": "2024-03-02-01-00-00", "latency": 17}, {"date": "2024-03-02-01-00-00", "latency": 17}, {"date": "2024-03-02-01-00-00", "latency": 17}, {"date": "2024-03-02-01-00-00", "latency": 17}, {"date": "2024-03-02-01-00-00", "latency": 17}, {"date": "2024-03-02-01-00-00", "latency": 17}, {"date": "2024-03-02-01-00-00", "latency": 17}, {"date": "2024-03-02-01-00-00", "latency": 17}, {"date": "2024-03-02-01-00-00", "latency": 17}, {"date": "2024-03-02-01-00-00", "latency": 17}]}, {"location": {"country_code": "dz"}, "game_id": "762836", "values": [{"date": "2024-03-01-23-00-00", "latency": 6}, {"date": "2024-03-01-23-00-00", "latency": 6}, {"date": "2024-03-01-23-00-00", "latency": 6}, {"date": "2024-03-01-23-00-00", "latency": 6}, {"date": "2024-03-01-23-00-00", "latency": 6}, {"date": "2024-03-01-23-00-00", "latency": 6}, {"date": "2024-03-01-23-00-00", "latency": 6}, {"date": "2024-03-01-23-00-00", "latency": 6}]}, {"location": {"country_code": "gb", "region": "Wales"}, "game_id": "762836", "values": [{"date": "2024-03-01-03-00-00", "latency": 34}, {"date": "2024-03-01-03-00-00", "latency": 34}, {"date": "2024-03-01-03-00-00", "latency": 34}, {"date": "2024-03-01-03-00-00", "latency": 34}, {"date": "2024-03-01-03-00-00", "latency": 34}, {"date": "2024-03-01-03-00-00", "latency": 34}]}, {"location": {"country_code": "bs"}, "game_id": "762836", "values": [{"date": "2024-03-01-08-00-00", "latency": 35}, {"date": "2024-03-01-08-00-00", "latency": 35}, {"date": "2024-03-01-08-00-00", "latency": 35}, {"date": "2024-03-01-08-00-00", "latency": 35}, {"date": "2024-03-01-08-00-00", "latency": 35}, {"date": "2024-03-01-08-00-00", "latency": 35}, {"date": "2024-03-01-08-00-00", "latency": 35}, {"date": "2024-03-01-08-00-00", "latency": 35}, {"date": "2024-03-01-08-00-00", "latency": 35}, {"date": "2024-03-01-08-00-00", "latency": 35}, {"date": "2024-03-01-08-00-00", "latency": 35}, {"date": "2024-03-01-08-00-00", "latency": 35}]}, {"location": {"country_code": "us", "region": "Delaware"}, "game_id": "762836", "values": [{"date": "2024-03-01-18-00-00", "latency": 62}]}, {"location": {"country_code": "es", "region": "Andalusia", "city": "Ayamonte"}, "game_id": "762836", "values": [{"date": "2024-03-01-01-00-00", "latency": 42}]}, {"location": {"country_code": "ch", "region": "Canton of Basel-City", "city": "Basel"}, "game_id": "762836", "values": [{"date": "2024-03-01-19-00-00", "latency": 103}, {"date": "2024-03-01-19-00-00", "latency": 103}, {"date": "2024-03-01-19-00-00", "latency": 103}, {"date": "2024-03-01-19-00-00", "latency": 103}, {"date": "2024-03-01-19-00-00", "latency": 103}]}, {"location": {"country_code": "de", "region": "Bavaria", "city": "Furth"}, "game_id": "762836", "values": [{"date": "2024-03-01-21-00-00", "latency": 95}, {"date": "2024-03-01-21-00-00", "latency": 95}, {"date": "2024-03-01-21-00-00", "latency": 95}, {"date": "2024-03-01-21-00-00", "latency": 95}]}, {"location": {"country_code": "us", "region": "Michigan", "city": "Westland"}, "game_id": "762836", "values": [{"date": "2024-03-01-04-00-00", "latency": 43}, {"date": "2024-03-01-04-00-00", "latency": 43}]}, {"location": {"country_code": "us", "region": "New Hampshire", "city": "Hopkinton"}, "game_id": "762836", "values": [{"date": "2024-03-01-04-00-00", "latency": 30}]}, {"location": {"country_code": "us", "region": "Wisconsin", "city": "Dakota"}, "game_id": "762836", "values": [{"date": "2024-03-01-04-00-00", "latency": 29}, {"date": "2024-03-01-04-00-00", "latency": 29}, {"date": "2024-03-01-04-00-00", "latency": 29}, {"date": "2024-03-01-04-00-00", "latency": 29}]}], "last_updated": 1719926555.646606}